{"specializari": {"FILOLOGIE": 5, "STIINTE SOCIALE": 1}, "limba_moderna": {"LIMBA FRANCEZA": 2, "LIMBA ENGLEZA": 4}, "limba_materna": {"LIMBA ROMANA": 6}, "promotie_anterioara": {"NU": 4, "DA": 2}, "materii": {"LIMBA ROMANA": {"medie": 6.15, "reusita": 66.66666666666666, "cnt": 6}, "GENERAL": {"medie": 6.687500000000001, "reusita": 50.0, "cnt": 6}, "ISTORIE": {"medie": 6.2875, "reusita": 50.0, "cnt": 6}, "PSIHOLOGIE": {"medie": "-", "reusita": 0.0, "cnt": 1}, "GEOGRAFIE": {"medie": 7.633333333333333, "reusita": 75.0, "cnt": 4}, "FILOSOFIE": {"medie": 7.6, "reusita": 100.0, "cnt": 1}}, "nume": "CENTRUL DE STUDII \"STEFAN CEL MARE SI SFANT - BUCOVINA\" CAMPULUNG MOLDOVENESC\tSuceava"}