{"specializari": {"COAFOR STILIST": 4, "TEHNICIAN IN GASTRONOMIE": 1}, "limba_moderna": {"LIMBA ENGLEZA": 5}, "limba_materna": {"LIMBA ROMANA": 5}, "promotie_anterioara": {"DA": 2, "NU": 3}, "materii": {"LIMBA ROMANA": {"medie": 5.26, "reusita": 60.0, "cnt": 5}, "GENERAL": {"medie": 4.38, "reusita": 0.0, "cnt": 5}, "LOGICA, ARGUMENTARE SI COMUNICARE": {"medie": 2.05, "reusita": 0.0, "cnt": 1}, "PSIHOLOGIE": {"medie": 5.1, "reusita": 100.0, "cnt": 1}, "GEOGRAFIE": {"medie": 4.616666666666666, "reusita": 33.33333333333333, "cnt": 3}, "MATEMATICA TEHN": {"medie": 3.6799999999999997, "reusita": 40.0, "cnt": 5}}, "nume": "CENTRUL SCOLAR PENTRU EDUCATIE INCLUZIVA \"ALBATROS\" CONSTANTA\tConstan\u021ba"}