{"specializari": {"STIINTE ALE NATURII": 6}, "limba_moderna": {"LIMBA FRANCEZA": 6}, "limba_materna": {"LIMBA ROMANA": 6}, "promotie_anterioara": {"NU": 6}, "materii": {"LIMBA ROMANA": {"medie": 2.35, "reusita": 0.0, "cnt": 6}, "GENERAL": {"medie": 2.213888888888889, "reusita": 0.0, "cnt": 6}, "MATEMATICA ST-NAT": {"medie": 1.0, "reusita": 0.0, "cnt": 6}, "BIOLOGIE VEGETALA SI ANIMALA": {"medie": 3.2916666666666665, "reusita": 0.0, "cnt": 6}}, "nume": "CENTRUL SCOLAR PENTRU EDUCATIE INCLUZIVA \"ELENA DOAMNA\" FOCSANI\tVrancea"}