{"specializari": {"INVATATOR - EDUCATOARE": 58, "FILOLOGIE": 39, "EDUCATOR-PUERICULTOR": 31, "STIINTE SOCIALE": 39, "MATEMATICA-INFORMATICA": 21, "STIINTE ALE NATURII": 25}, "limba_moderna": {"LIMBA FRANCEZA": 24, "LIMBA ENGLEZA": 189}, "limba_materna": {"LIMBA ROMANA": 213}, "promotie_anterioara": {"NU": 204, "DA": 9}, "materii": {"LIMBA ROMANA": {"medie": 7.425821596244129, "reusita": 98.59154929577466, "cnt": 213}, "MATEMATICA MATE-INFO": {"medie": 6.699999999999999, "reusita": 80.95238095238095, "cnt": 21}, "ANATOMIE SI FIZIOLOGIE UMANA, GENETICA SI ECOLOGIE UMANA": {"medie": 8.244736842105265, "reusita": 97.36842105263158, "cnt": 38}, "GENERAL": {"medie": 7.831367924528307, "reusita": 88.26291079812206, "cnt": 213}, "MATEMATICA ST-NAT": {"medie": 6.678000000000001, "reusita": 88.0, "cnt": 25}, "CHIMIE ORGANICA TEO NIVEL I/II": {"medie": 7.2, "reusita": 100.0, "cnt": 1}, "INFORMATICA MI C/C++": {"medie": 6.15, "reusita": 100.0, "cnt": 2}, "ISTORIE": {"medie": 7.651851851851853, "reusita": 98.1651376146789, "cnt": 109}, "LOGICA, ARGUMENTARE SI COMUNICARE": {"medie": 8.40720720720721, "reusita": 95.4954954954955, "cnt": 111}, "MATEMATICA PED": {"medie": 8.383620689655174, "reusita": 100.0, "cnt": 58}, "FIZICA TEO": {"medie": 6.460000000000001, "reusita": 60.0, "cnt": 5}, "PSIHOLOGIE": {"medie": 7.05, "reusita": 100.0, "cnt": 3}, "GEOGRAFIE": {"medie": 8.981730769230769, "reusita": 100.0, "cnt": 52}, "ECONOMIE": {"medie": 6.75, "reusita": 100.0, "cnt": 1}}, "nume": "COLEGIUL NATIONAL PEDAGOGIC \"STEFAN ODOBLEJA\"\tMehedin\u021bi"}