{"specializari": {"MATEMATICA-INFORMATICA": 147}, "limba_moderna": {"LIMBA ENGLEZA": 145, "LIMBA GERMANA MODERNA": 2}, "limba_materna": {"LIMBA ROMANA": 147}, "promotie_anterioara": {"NU": 147}, "materii": {"LIMBA ROMANA": {"medie": 8.320890410958905, "reusita": 99.31972789115646, "cnt": 147}, "MATEMATICA MATE-INFO": {"medie": 8.876712328767121, "reusita": 99.31972789115646, "cnt": 147}, "ANATOMIE SI FIZIOLOGIE UMANA, GENETICA SI ECOLOGIE UMANA": {"medie": 9.143055555555556, "reusita": 94.5945945945946, "cnt": 37}, "GENERAL": {"medie": 8.751826484018267, "reusita": 98.63945578231292, "cnt": 147}, "INFORMATICA MI C/C++": {"medie": 9.031818181818183, "reusita": 100.0, "cnt": 99}, "FIZICA TEO": {"medie": 9.013636363636364, "reusita": 100.0, "cnt": 11}}, "nume": "COLEGIUL NATIONAL DE INFORMATICA \"GR. MOISIL\" BRASOV\tBra\u0219ov"}