{"specializari": {"FILOLOGIE": 33, "LICEU CU PROGRAM SPORTIV": 21, "TEHNICIAN IN TURISM": 6, "TEHNICIAN IN ACTIVITATI DE COMERT": 2, "TEHNICIAN MECATRONIST": 4, "TEHNICIAN PROIECTANT CAD": 8, "TEHNICIAN MECANIC PENTRU INTRETINERE SI REPARATII": 3}, "limba_moderna": {"LIMBA ENGLEZA": 76, "LIMBA FRANCEZA": 1}, "limba_materna": {"LIMBA ROMANA": 77}, "promotie_anterioara": {"NU": 56, "DA": 21}, "materii": {"LIMBA ROMANA": {"medie": 5.496103896103896, "reusita": 81.81818181818183, "cnt": 77}, "GENERAL": {"medie": 6.090639269406392, "reusita": 53.246753246753244, "cnt": 77}, "ISTORIE": {"medie": 6.585849056603777, "reusita": 92.5925925925926, "cnt": 54}, "LOGICA, ARGUMENTARE SI COMUNICARE": {"medie": 7.144117647058823, "reusita": 82.35294117647058, "cnt": 17}, "SOCIOLOGIE": {"medie": 7.1075, "reusita": 95.0, "cnt": 20}, "GEOGRAFIE": {"medie": 6.5, "reusita": 88.0, "cnt": 25}, "BIOLOGIE VEGETALA SI ANIMALA": {"medie": 3.9681818181818187, "reusita": 25.0, "cnt": 12}, "MATEMATICA TEHN": {"medie": 5.71904761904762, "reusita": 78.26086956521739, "cnt": 23}, "FIZICA TEH": {"medie": 2.125, "reusita": 0.0, "cnt": 3}}, "nume": "COLEGIUL TEHNIC MECANIC \"GRIVITA\"\tBucure\u0219ti"}