{"specializari": {"TEHNICIAN IN ACTIVITATI DE COMERT": 29, "TEHNICIAN IN ACTIVITATI ECONOMICE": 93, "TEHNICIAN IN TURISM": 28, "TEHNICIAN IN GASTRONOMIE": 35, "TEHNICIAN IN ADMINISTRATIE": 23}, "limba_moderna": {"LIMBA ENGLEZA": 193, "LIMBA FRANCEZA": 14, "LIMBA GERMANA MODERNA": 1}, "limba_materna": {"LIMBA ROMANA": 208}, "promotie_anterioara": {"NU": 195, "DA": 13}, "materii": {"LIMBA ROMANA": {"medie": 6.966425120772944, "reusita": 97.59615384615384, "cnt": 208}, "GENERAL": {"medie": 7.625120772946858, "reusita": 92.3076923076923, "cnt": 208}, "LOGICA, ARGUMENTARE SI COMUNICARE": {"medie": 8.36410256410256, "reusita": 97.45222929936305, "cnt": 157}, "PSIHOLOGIE": {"medie": 7.766666666666666, "reusita": 100.0, "cnt": 3}, "GEOGRAFIE": {"medie": 8.201086956521738, "reusita": 100.0, "cnt": 46}, "MATEMATICA TEHN": {"medie": 7.6125603864734295, "reusita": 94.23076923076923, "cnt": 208}, "ECONOMIE": {"medie": 6.0, "reusita": 100.0, "cnt": 2}}, "nume": "COLEGIUL ECONOMIC \"MARIA TEIULEANU\" PITESTI\tArge\u0219"}