{"specializari": {"FILOLOGIE": 55, "STIINTE ALE NATURII": 48, "MATEMATICA-INFORMATICA": 39}, "limba_moderna": {"LIMBA ENGLEZA": 136, "LIMBA GERMANA MODERNA": 2, "LIMBA SPANIOLA": 4}, "limba_materna": {"LIMBA ROMANA": 142}, "promotie_anterioara": {"NU": 139, "DA": 3}, "materii": {"LIMBA ROMANA": {"medie": 7.695774647887329, "reusita": 100.0, "cnt": 142}, "MATEMATICA MATE-INFO": {"medie": 6.629487179487178, "reusita": 79.48717948717949, "cnt": 39}, "ANATOMIE SI FIZIOLOGIE UMANA, GENETICA SI ECOLOGIE UMANA": {"medie": 8.18909090909091, "reusita": 96.36363636363636, "cnt": 55}, "GENERAL": {"medie": 7.966079812206576, "reusita": 92.95774647887323, "cnt": 142}, "MATEMATICA ST-NAT": {"medie": 7.689583333333334, "reusita": 100.0, "cnt": 48}, "CHIMIE ORGANICA TEO NIVEL I/II": {"medie": 7.264285714285714, "reusita": 85.71428571428571, "cnt": 7}, "CHIMIE ANORGANICA TEO NIVEL I/II": {"medie": 7.625, "reusita": 100.0, "cnt": 2}, "INFORMATICA MI C/C++": {"medie": 7.697368421052632, "reusita": 89.47368421052632, "cnt": 19}, "ISTORIE": {"medie": 8.67, "reusita": 100.0, "cnt": 55}, "LOGICA, ARGUMENTARE SI COMUNICARE": {"medie": 8.976923076923077, "reusita": 100.0, "cnt": 26}, "FIZICA TEO": {"medie": 8.0, "reusita": 100.0, "cnt": 3}, "SOCIOLOGIE": {"medie": 9.4, "reusita": 100.0, "cnt": 9}, "PSIHOLOGIE": {"medie": 8.875, "reusita": 100.0, "cnt": 4}, "GEOGRAFIE": {"medie": 9.221875, "reusita": 100.0, "cnt": 16}, "INFORMATICA SN C/C++": {"medie": 8.45, "reusita": 100.0, "cnt": 1}}, "nume": "COLEGIUL NATIONAL \"ELENA GHIBA BIRTA\" ARAD\tArad"}