{"specializari": {"MATEMATICA-INFORMATICA": 26, "TEHNICIAN IN ACTIVITATI ECONOMICE": 30, "TEHNICIAN IN AUTOMATIZARI": 19, "TEHNICIAN IN TURISM": 30, "TEHNICIAN ECOLOG SI PROTECTIA CALITATII MEDIULUI": 21, "TEHNICIAN MECANIC PENTRU INTRETINERE SI REPARATII": 1, "TEHNICIAN IN ACTIVITATI DE COMERT": 1}, "limba_moderna": {"LIMBA ENGLEZA": 121, "LIMBA GERMANA MODERNA": 7}, "limba_materna": {"LIMBA ROMANA": 127, "LIMBA MAGHIARA": 1}, "promotie_anterioara": {"NU": 117, "DA": 11}, "materii": {"LIMBA ROMANA": {"medie": 7.2908000000000035, "reusita": 96.875, "cnt": 128}, "MATEMATICA MATE-INFO": {"medie": 9.390384615384617, "reusita": 100.0, "cnt": 26}, "ANATOMIE SI FIZIOLOGIE UMANA, GENETICA SI ECOLOGIE UMANA": {"medie": 7.7625, "reusita": 100.0, "cnt": 4}, "GENERAL": {"medie": 7.859375000000002, "reusita": 85.15625, "cnt": 128}, "CHIMIE ANORGANICA TEO NIVEL I/II": {"medie": 9.6, "reusita": 100.0, "cnt": 1}, "INFORMATICA MI C/C++": {"medie": 9.18478260869565, "reusita": 100.0, "cnt": 23}, "GEOGRAFIE": {"medie": 8.648245614035085, "reusita": 98.27586206896551, "cnt": 58}, "BIOLOGIE VEGETALA SI ANIMALA": {"medie": 6.368750000000001, "reusita": 82.85714285714286, "cnt": 35}, "MATEMATICA TEHN": {"medie": 7.913499999999996, "reusita": 97.05882352941177, "cnt": 102}, "LIMBA MAGHIARA (REAL)": {"medie": 5.7, "reusita": 100.0, "cnt": 1}, "ECONOMIE": {"medie": 7.75, "reusita": 100.0, "cnt": 3}, "FIZICA TEH": {"medie": 5.933333333333334, "reusita": 66.66666666666666, "cnt": 3}, "CHIMIE ANORGANICA TEH NIVEL I/II": {"medie": 5.0, "reusita": 100.0, "cnt": 1}}, "nume": "COLEGIUL \"SCOALA NATIONALA DE GAZ\" MEDIAS\tSibiu"}