{"specializari": {"FILOLOGIE": 54, "STIINTE SOCIALE": 28, "STIINTE ALE NATURII": 30, "MATEMATICA-INFORMATICA": 104}, "limba_moderna": {"LIMBA ENGLEZA": 185, "LIMBA FRANCEZA": 31}, "limba_materna": {"LIMBA ROMANA": 216}, "promotie_anterioara": {"NU": 216}, "materii": {"LIMBA ROMANA": {"medie": 8.25790697674418, "reusita": 99.53703703703704, "cnt": 216}, "MATEMATICA MATE-INFO": {"medie": 8.979326923076924, "reusita": 100.0, "cnt": 104}, "ANATOMIE SI FIZIOLOGIE UMANA, GENETICA SI ECOLOGIE UMANA": {"medie": 8.821538461538461, "reusita": 100.0, "cnt": 65}, "GENERAL": {"medie": 8.660930232558142, "reusita": 98.61111111111111, "cnt": 216}, "MATEMATICA ST-NAT": {"medie": 9.412068965517241, "reusita": 96.66666666666667, "cnt": 30}, "CHIMIE ORGANICA TEO NIVEL I/II": {"medie": 10.0, "reusita": 100.0, "cnt": 2}, "CHIMIE ANORGANICA TEO NIVEL I/II": {"medie": 9.85, "reusita": 100.0, "cnt": 1}, "INFORMATICA MI C/C++": {"medie": 8.837804878048779, "reusita": 100.0, "cnt": 41}, "ISTORIE": {"medie": 8.443902439024393, "reusita": 100.0, "cnt": 82}, "LOGICA, ARGUMENTARE SI COMUNICARE": {"medie": 9.025000000000002, "reusita": 97.14285714285714, "cnt": 70}, "FIZICA TEO": {"medie": 8.568750000000003, "reusita": 96.0, "cnt": 25}, "PSIHOLOGIE": {"medie": 9.1, "reusita": 100.0, "cnt": 1}, "GEOGRAFIE": {"medie": 9.41875, "reusita": 100.0, "cnt": 8}, "ECONOMIE": {"medie": 8.066666666666668, "reusita": 100.0, "cnt": 3}}, "nume": "COLEGIUL NATIONAL \"A.T.LAURIAN\" BOTOSANI\tBoto\u0219ani"}