{"specializari": {"STIINTE SOCIALE": 29, "MATEMATICA-INFORMATICA": 60, "STIINTE ALE NATURII": 87}, "limba_moderna": {"LIMBA ENGLEZA": 144, "LIMBA FRANCEZA": 28, "LIMBA GERMANA MODERNA": 4}, "limba_materna": {"LIMBA ROMANA": 176}, "promotie_anterioara": {"NU": 176}, "materii": {"LIMBA ROMANA": {"medie": 8.908806818181823, "reusita": 100.0, "cnt": 176}, "MATEMATICA MATE-INFO": {"medie": 9.2475, "reusita": 98.33333333333333, "cnt": 60}, "ANATOMIE SI FIZIOLOGIE UMANA, GENETICA SI ECOLOGIE UMANA": {"medie": 9.25, "reusita": 100.0, "cnt": 34}, "GENERAL": {"medie": 9.171875000000002, "reusita": 98.86363636363636, "cnt": 176}, "MATEMATICA ST-NAT": {"medie": 9.348850574712646, "reusita": 100.0, "cnt": 87}, "CHIMIE ORGANICA TEO NIVEL I/II": {"medie": 9.352777777777776, "reusita": 100.0, "cnt": 18}, "CHIMIE ANORGANICA TEO NIVEL I/II": {"medie": 8.484615384615385, "reusita": 92.3076923076923, "cnt": 13}, "INFORMATICA MI C/C++": {"medie": 9.459210526315792, "reusita": 100.0, "cnt": 38}, "ISTORIE": {"medie": 9.701724137931036, "reusita": 100.0, "cnt": 29}, "LOGICA, ARGUMENTARE SI COMUNICARE": {"medie": 9.554166666666665, "reusita": 100.0, "cnt": 24}, "FIZICA TEO": {"medie": 8.660714285714286, "reusita": 92.85714285714286, "cnt": 14}, "GEOGRAFIE": {"medie": 9.9, "reusita": 100.0, "cnt": 4}, "INFORMATICA SN C/C++": {"medie": 9.112499999999999, "reusita": 100.0, "cnt": 12}, "BIOLOGIE VEGETALA SI ANIMALA": {"medie": 9.069444444444445, "reusita": 100.0, "cnt": 18}, "ECONOMIE": {"medie": 9.9, "reusita": 100.0, "cnt": 1}}, "nume": "COLEGIUL NATIONAL \"ANDREI SAGUNA\" BRASOV\tBra\u0219ov"}