{"specializari": {"TEHNICIAN TRANSPORTURI": 16, "TEHNICIAN ELECTRICIAN/ELECTRONIST AUTO": 16, "TEHNICIAN MECATRONIST": 1}, "limba_moderna": {"LIMBA ENGLEZA": 33}, "limba_materna": {"LIMBA ROMANA": 33}, "promotie_anterioara": {"NU": 28, "DA": 5}, "materii": {"LIMBA ROMANA": {"medie": 4.867187500000001, "reusita": 51.515151515151516, "cnt": 33}, "GENERAL": {"medie": 4.420987654320989, "reusita": 15.151515151515152, "cnt": 33}, "BIOLOGIE VEGETALA SI ANIMALA": {"medie": 2.9475, "reusita": 9.523809523809524, "cnt": 21}, "MATEMATICA TEHN": {"medie": 3.92741935483871, "reusita": 42.42424242424242, "cnt": 33}, "CHIMIE ORGANICA TEH NIVEL I/II": {"medie": 5.45, "reusita": 100.0, "cnt": 1}, "FIZICA TEH": {"medie": 5.004545454545455, "reusita": 63.63636363636363, "cnt": 11}}, "nume": "COLEGIUL TEHNIC DE TRANSPORTURI, MUNICIPIUL PIATRA-NEAMT\tNeam\u021b"}