{"specializari": {"TEHNICIAN IN ACTIVITATI ECONOMICE": 21, "TEHNICIAN IN ADMINISTRATIE": 9, "TEHNICIAN VETERINAR": 8, "TEHNICIAN IN AGROTURISM": 1, "TEHNICIAN ANALIZE PRODUSE ALIMENTARE": 9, "TEHNICIAN ECOLOG SI PROTECTIA CALITATII MEDIULUI": 11, "TEHNICIAN IN INDUSTRIA ALIMENTARA": 24, "TEHNICIAN IN AGRICULTURA": 3, "TEHNICIAN HIDRO-METEOROLOG": 2}, "limba_moderna": {"LIMBA ENGLEZA": 86, "LIMBA FRANCEZA": 2}, "limba_materna": {"LIMBA ROMANA": 88}, "promotie_anterioara": {"NU": 59, "DA": 29}, "materii": {"LIMBA ROMANA": {"medie": 5.561728395061729, "reusita": 77.27272727272727, "cnt": 88}, "ANATOMIE SI FIZIOLOGIE UMANA, GENETICA SI ECOLOGIE UMANA": {"medie": 5.19591836734694, "reusita": 51.724137931034484, "cnt": 58}, "GENERAL": {"medie": 5.683333333333334, "reusita": 35.22727272727273, "cnt": 88}, "GEOGRAFIE": {"medie": 7.188333333333332, "reusita": 100.0, "cnt": 30}, "MATEMATICA TEHN": {"medie": 5.3070512820512805, "reusita": 67.04545454545455, "cnt": 88}}, "nume": "COLEGIUL AGRICOL \"TRAIAN SAVULESCU\" TIRGU MURES\tMure\u0219"}