{"specializari": {"STIINTE SOCIALE": 29, "STIINTE ALE NATURII": 60, "FILOLOGIE": 24, "MATEMATICA-INFORMATICA": 56}, "limba_moderna": {"LIMBA ENGLEZA": 157, "LIMBA GERMANA MODERNA": 12}, "limba_materna": {"LIMBA MAGHIARA": 169}, "promotie_anterioara": {"NU": 164, "DA": 5}, "materii": {"LIMBA ROMANA": {"medie": 6.818343195266276, "reusita": 97.0414201183432, "cnt": 169}, "MATEMATICA MATE-INFO": {"medie": 8.355357142857143, "reusita": 98.21428571428571, "cnt": 56}, "ANATOMIE SI FIZIOLOGIE UMANA, GENETICA SI ECOLOGIE UMANA": {"medie": 9.069166666666666, "reusita": 100.0, "cnt": 60}, "GENERAL": {"medie": 8.157544378698226, "reusita": 95.26627218934911, "cnt": 169}, "MATEMATICA ST-NAT": {"medie": 8.629999999999999, "reusita": 100.0, "cnt": 60}, "CHIMIE ORGANICA TEO NIVEL I/II": {"medie": 9.625, "reusita": 100.0, "cnt": 6}, "CHIMIE ANORGANICA TEO NIVEL I/II": {"medie": 8.402380952380954, "reusita": 95.23809523809523, "cnt": 21}, "INFORMATICA MI C/C++": {"medie": 8.347727272727274, "reusita": 95.45454545454545, "cnt": 22}, "ISTORIE": {"medie": 8.873584905660378, "reusita": 100.0, "cnt": 53}, "LOGICA, ARGUMENTARE SI COMUNICARE": {"medie": 8.990697674418607, "reusita": 100.0, "cnt": 43}, "FIZICA TEO": {"medie": 7.95, "reusita": 100.0, "cnt": 7}, "PSIHOLOGIE": {"medie": 8.5, "reusita": 100.0, "cnt": 1}, "GEOGRAFIE": {"medie": 8.5125, "reusita": 100.0, "cnt": 8}, "FILOSOFIE": {"medie": 9.0, "reusita": 100.0, "cnt": 1}, "LIMBA MAGHIARA (REAL)": {"medie": 8.318965517241379, "reusita": 100.0, "cnt": 116}, "LIMBA MAGHIARA (UMAN)": {"medie": 8.516037735849059, "reusita": 100.0, "cnt": 53}}, "nume": "COLEGIUL NATIONAL \"MARTON ARON\" MIERCUREA CIUC\tHarghita"}