{"specializari": {"ARHITECTURA, ARTE AMBIENTALE SI DESIGN": 88, "MATEMATICA-INFORMATICA": 18, "TEHNICIAN DESENATOR PENTRU CONSTRUCTII SI INSTALATII": 17}, "limba_moderna": {"LIMBA ENGLEZA": 123}, "limba_materna": {"LIMBA ROMANA": 123}, "promotie_anterioara": {"NU": 83, "DA": 40}, "materii": {"LIMBA ROMANA": {"medie": 6.167083333333332, "reusita": 91.869918699187, "cnt": 123}, "MATEMATICA MATE-INFO": {"medie": 5.75, "reusita": 83.33333333333334, "cnt": 18}, "ANATOMIE SI FIZIOLOGIE UMANA, GENETICA SI ECOLOGIE UMANA": {"medie": 4.633333333333334, "reusita": 50.0, "cnt": 6}, "GENERAL": {"medie": 6.163716814159292, "reusita": 45.52845528455284, "cnt": 123}, "CHIMIE ANORGANICA TEO NIVEL I/II": {"medie": 4.45, "reusita": 0.0, "cnt": 1}, "INFORMATICA MI C/C++": {"medie": 5.975, "reusita": 100.0, "cnt": 2}, "ISTORIE": {"medie": 5.957647058823529, "reusita": 80.68181818181817, "cnt": 88}, "LOGICA, ARGUMENTARE SI COMUNICARE": {"medie": 6.859259259259261, "reusita": 75.0, "cnt": 28}, "FIZICA TEO": {"medie": 7.35, "reusita": 100.0, "cnt": 2}, "PSIHOLOGIE": {"medie": 6.338461538461539, "reusita": 92.85714285714286, "cnt": 14}, "GEOGRAFIE": {"medie": 6.768292682926828, "reusita": 90.47619047619048, "cnt": 42}, "BIOLOGIE VEGETALA SI ANIMALA": {"medie": 5.763888888888889, "reusita": 56.52173913043478, "cnt": 23}, "MATEMATICA TEHN": {"medie": 5.628124999999999, "reusita": 76.47058823529412, "cnt": 17}, "FILOSOFIE": {"medie": 6.3375, "reusita": 100.0, "cnt": 4}, "CHIMIE ANORGANICA TEH NIVEL I/II": {"medie": 5.1, "reusita": 100.0, "cnt": 1}}, "nume": "COLEGIUL TEHNIC DE ARHITECTURA SI LUCRARI PUBLICE \"IOAN N. SOCOLESCU\"\tBucure\u0219ti"}