{"specializari": {"MATEMATICA-INFORMATICA": 112}, "limba_moderna": {"LIMBA ENGLEZA": 112}, "limba_materna": {"LIMBA ROMANA": 112}, "promotie_anterioara": {"NU": 112}, "materii": {"LIMBA ROMANA": {"medie": 8.680803571428571, "reusita": 100.0, "cnt": 112}, "MATEMATICA MATE-INFO": {"medie": 9.045535714285716, "reusita": 100.0, "cnt": 112}, "GENERAL": {"medie": 8.911607142857141, "reusita": 100.0, "cnt": 112}, "CHIMIE ORGANICA TEO NIVEL I/II": {"medie": 8.433333333333334, "reusita": 100.0, "cnt": 3}, "INFORMATICA MI C/C++": {"medie": 8.705263157894738, "reusita": 100.0, "cnt": 19}, "FIZICA TEO": {"medie": 9.313076923076922, "reusita": 100.0, "cnt": 65}, "BIOLOGIE VEGETALA SI ANIMALA": {"medie": 8.515999999999998, "reusita": 100.0, "cnt": 25}}, "nume": "COLEGIUL NATIONAL MILITAR \"MIHAI VITEAZUL\" ALBA IULIA\tAlba"}