{"specializari": {"MATEMATICA-INFORMATICA": 43, "STIINTE ALE NATURII": 67, "STIINTE SOCIALE": 34, "FILOLOGIE": 30}, "limba_moderna": {"LIMBA ENGLEZA": 168, "LIMBA FRANCEZA": 6}, "limba_materna": {"LIMBA ROMANA": 174}, "promotie_anterioara": {"NU": 171, "DA": 3}, "materii": {"LIMBA ROMANA": {"medie": 8.000867052023116, "reusita": 98.27586206896551, "cnt": 174}, "MATEMATICA MATE-INFO": {"medie": 9.026744186046512, "reusita": 100.0, "cnt": 43}, "ANATOMIE SI FIZIOLOGIE UMANA, GENETICA SI ECOLOGIE UMANA": {"medie": 8.886607142857146, "reusita": 100.0, "cnt": 56}, "GENERAL": {"medie": 8.503371868978798, "reusita": 97.12643678160919, "cnt": 174}, "MATEMATICA ST-NAT": {"medie": 8.83134328358209, "reusita": 98.50746268656717, "cnt": 67}, "CHIMIE ORGANICA TEO NIVEL I/II": {"medie": 9.393749999999999, "reusita": 100.0, "cnt": 16}, "CHIMIE ANORGANICA TEO NIVEL I/II": {"medie": 8.33, "reusita": 100.0, "cnt": 5}, "INFORMATICA MI C/C++": {"medie": 9.127777777777776, "reusita": 100.0, "cnt": 9}, "ISTORIE": {"medie": 7.981746031746029, "reusita": 96.875, "cnt": 64}, "LOGICA, ARGUMENTARE SI COMUNICARE": {"medie": 9.204761904761904, "reusita": 100.0, "cnt": 21}, "FIZICA TEO": {"medie": 9.16388888888889, "reusita": 100.0, "cnt": 18}, "SOCIOLOGIE": {"medie": 7.859999999999999, "reusita": 100.0, "cnt": 5}, "PSIHOLOGIE": {"medie": 7.8100000000000005, "reusita": 100.0, "cnt": 5}, "GEOGRAFIE": {"medie": 9.088709677419352, "reusita": 96.875, "cnt": 32}, "INFORMATICA SN C/C++": {"medie": 7.875, "reusita": 100.0, "cnt": 4}, "BIOLOGIE VEGETALA SI ANIMALA": {"medie": 8.3, "reusita": 100.0, "cnt": 2}, "ECONOMIE": {"medie": 8.2, "reusita": 100.0, "cnt": 1}}, "nume": "COLEGIUL NATIONAL \"GRIGORE MOISIL\" ONESTI\tBac\u0103u"}