{"specializari": {"TEHNICIAN IN TURISM": 30, "TEHNICIAN IN ACTIVITATI ECONOMICE": 18, "ORGANIZATOR BANQUETING": 7, "TEHNICIAN IN ACHIZITII SI CONTRACTARI": 7, "TEHNICIAN IN GASTRONOMIE": 3, "TEHNICIAN IN HOTELARIE": 1}, "limba_moderna": {"LIMBA ENGLEZA": 63, "LIMBA ITALIANA": 2, "LIMBA FRANCEZA": 1}, "limba_materna": {"LIMBA ROMANA": 66}, "promotie_anterioara": {"NU": 48, "DA": 18}, "materii": {"LIMBA ROMANA": {"medie": 6.078787878787878, "reusita": 81.81818181818183, "cnt": 66}, "GENERAL": {"medie": 6.258333333333333, "reusita": 56.060606060606055, "cnt": 66}, "LOGICA, ARGUMENTARE SI COMUNICARE": {"medie": 9.1, "reusita": 100.0, "cnt": 1}, "GEOGRAFIE": {"medie": 6.750781250000001, "reusita": 95.38461538461539, "cnt": 65}, "MATEMATICA TEHN": {"medie": 5.857812500000002, "reusita": 71.21212121212122, "cnt": 66}}, "nume": "COLEGIUL ECONOMIC \"HERMES\" PETROSANI\tHunedoara"}