{"specializari": {"TEHNICIAN IN INSTALATII ELECTRICE": 3, "COAFOR STILIST": 8, "TEHNICIAN ELECTROMECANIC": 7, "TEHNICIAN DESENATOR PENTRU CONSTRUCTII SI INSTALATII": 6, "TEHNICIAN ELECTRICIAN/ELECTRONIST AUTO": 5, "TEHNICIAN OPERATOR TEHNICA DE CALCUL": 1, "TEHNICIAN TRANSPORTURI": 2, "TEHNICIAN MECANIC PENTRU INTRETINERE SI REPARATII": 4, "TEHNICIAN IN CONSTRUCTII SI LUCRARI PUBLICE": 2, "TEHNICIAN IN INDUSTRIA TEXTILA": 1, "TEHNICIAN DESIGNER VESTIMENTAR": 3, "TEHNICIAN ECOLOG SI PROTECTIA CALITATII MEDIULUI": 2}, "limba_moderna": {"LIMBA ENGLEZA": 41, "LIMBA FRANCEZA": 3}, "limba_materna": {"LIMBA ROMANA": 44}, "promotie_anterioara": {"DA": 25, "NU": 19}, "materii": {"LIMBA ROMANA": {"medie": 5.064285714285713, "reusita": 59.09090909090909, "cnt": 44}, "GENERAL": {"medie": 4.798148148148148, "reusita": 15.909090909090908, "cnt": 44}, "GEOGRAFIE": {"medie": 7.779999999999999, "reusita": 62.5, "cnt": 8}, "BIOLOGIE VEGETALA SI ANIMALA": {"medie": 4.770588235294118, "reusita": 32.142857142857146, "cnt": 28}, "MATEMATICA TEHN": {"medie": 4.216176470588236, "reusita": 38.63636363636363, "cnt": 44}, "CHIMIE ORGANICA TEH NIVEL I/II": {"medie": 2.9000000000000004, "reusita": 0.0, "cnt": 2}, "FIZICA TEH": {"medie": 3.22, "reusita": 20.0, "cnt": 5}, "CHIMIE ANORGANICA TEH NIVEL I/II": {"medie": "-", "reusita": 0.0, "cnt": 1}}, "nume": "COLEGIUL TEHNIC RESITA\tCara\u0219-Severin"}