{"specializari": {"STIINTE ALE NATURII": 58, "MATEMATICA-INFORMATICA": 30, "FILOLOGIE": 30}, "limba_moderna": {"LIMBA ENGLEZA": 118}, "limba_materna": {"LIMBA GERMANA": 118}, "promotie_anterioara": {"NU": 118}, "materii": {"LIMBA ROMANA": {"medie": 8.556355932203392, "reusita": 100.0, "cnt": 118}, "MATEMATICA MATE-INFO": {"medie": 9.371666666666666, "reusita": 100.0, "cnt": 30}, "ANATOMIE SI FIZIOLOGIE UMANA, GENETICA SI ECOLOGIE UMANA": {"medie": 9.596875, "reusita": 100.0, "cnt": 16}, "GENERAL": {"medie": 8.9125, "reusita": 99.15254237288136, "cnt": 118}, "MATEMATICA ST-NAT": {"medie": 9.185344827586205, "reusita": 100.0, "cnt": 58}, "CHIMIE ORGANICA TEO NIVEL I/II": {"medie": 9.338888888888889, "reusita": 100.0, "cnt": 9}, "INFORMATICA MI C/C++": {"medie": 9.018181818181818, "reusita": 100.0, "cnt": 11}, "ISTORIE": {"medie": 8.768333333333334, "reusita": 100.0, "cnt": 30}, "LOGICA, ARGUMENTARE SI COMUNICARE": {"medie": 9.203846153846156, "reusita": 100.0, "cnt": 13}, "FIZICA TEO": {"medie": 8.886, "reusita": 100.0, "cnt": 25}, "GEOGRAFIE": {"medie": 8.799999999999999, "reusita": 94.11764705882352, "cnt": 17}, "INFORMATICA SN C/C++": {"medie": 9.625, "reusita": 100.0, "cnt": 2}, "BIOLOGIE VEGETALA SI ANIMALA": {"medie": 9.375999999999998, "reusita": 100.0, "cnt": 25}, "LIMBA GERMANA": {"medie": 8.798728813559322, "reusita": 100.0, "cnt": 118}}, "nume": "COLEGIUL NATIONAL \"SAMUEL VON BRUKENTHAL\" SIBIU\tSibiu"}