{"specializari": {"MATEMATICA-INFORMATICA": 95, "STIINTE SOCIALE": 36, "STIINTE ALE NATURII": 63, "LICEU CU PROGRAM SPORTIV": 38, "FILOLOGIE": 1}, "limba_moderna": {"LIMBA ENGLEZA": 232, "LIMBA FRANCEZA": 1}, "limba_materna": {"LIMBA ROMANA": 233}, "promotie_anterioara": {"NU": 229, "DA": 4}, "materii": {"LIMBA ROMANA": {"medie": 8.704077253218882, "reusita": 99.57081545064378, "cnt": 233}, "MATEMATICA MATE-INFO": {"medie": 9.434736842105266, "reusita": 100.0, "cnt": 95}, "ANATOMIE SI FIZIOLOGIE UMANA, GENETICA SI ECOLOGIE UMANA": {"medie": 8.94673913043478, "reusita": 100.0, "cnt": 46}, "GENERAL": {"medie": 8.891163793103445, "reusita": 96.99570815450643, "cnt": 233}, "MATEMATICA ST-NAT": {"medie": 9.05952380952381, "reusita": 100.0, "cnt": 63}, "CHIMIE ORGANICA TEO NIVEL I/II": {"medie": 9.221428571428572, "reusita": 100.0, "cnt": 7}, "INFORMATICA MI C/C++": {"medie": 9.415384615384614, "reusita": 100.0, "cnt": 52}, "ISTORIE": {"medie": 8.116000000000001, "reusita": 100.0, "cnt": 75}, "LOGICA, ARGUMENTARE SI COMUNICARE": {"medie": 8.902083333333332, "reusita": 100.0, "cnt": 24}, "FIZICA TEO": {"medie": 9.48804347826087, "reusita": 100.0, "cnt": 46}, "PSIHOLOGIE": {"medie": 8.35, "reusita": 100.0, "cnt": 1}, "GEOGRAFIE": {"medie": 8.404347826086953, "reusita": 97.87234042553192, "cnt": 47}, "INFORMATICA SN C/C++": {"medie": 9.375, "reusita": 100.0, "cnt": 2}, "BIOLOGIE VEGETALA SI ANIMALA": {"medie": 8.370000000000001, "reusita": 100.0, "cnt": 5}, "ECONOMIE": {"medie": 7.800000000000001, "reusita": 100.0, "cnt": 3}}, "nume": "COLEGIUL NATIONAL MIRCEA CEL BATRAN, MUN. RM. VALCEA\tV\u00e2lcea"}