{"specializari": {"TEHNICIAN OPERATOR TEHNICA DE CALCUL": 19, "TEHNICIAN ANALIZE PRODUSE ALIMENTARE": 38, "TEHNICIAN IN INDUSTRIA ALIMENTARA": 6, "STIINTE SOCIALE": 9, "TEHNICIAN DE TELECOMUNICATII": 17, "TEHNICIAN ECOLOG SI PROTECTIA CALITATII MEDIULUI": 38, "TEHNICIAN DESENATOR PENTRU CONSTRUCTII SI INSTALATII": 2, "TEHNICIAN PRELUCRARI PE MASINI CU COMANDA NUMERICA": 1}, "limba_moderna": {"LIMBA ENGLEZA": 127, "LIMBA FRANCEZA": 3}, "limba_materna": {"LIMBA ROMANA": 130}, "promotie_anterioara": {"NU": 100, "DA": 30}, "materii": {"LIMBA ROMANA": {"medie": 5.753225806451617, "reusita": 90.0, "cnt": 130}, "ANATOMIE SI FIZIOLOGIE UMANA, GENETICA SI ECOLOGIE UMANA": {"medie": 5.661194029850745, "reusita": 61.8421052631579, "cnt": 76}, "GENERAL": {"medie": 5.6669540229885085, "reusita": 33.07692307692307, "cnt": 130}, "ISTORIE": {"medie": 6.372222222222222, "reusita": 88.88888888888889, "cnt": 9}, "LOGICA, ARGUMENTARE SI COMUNICARE": {"medie": 5.2625, "reusita": 40.0, "cnt": 5}, "PSIHOLOGIE": {"medie": 6.575, "reusita": 100.0, "cnt": 2}, "GEOGRAFIE": {"medie": 6.125, "reusita": 100.0, "cnt": 2}, "BIOLOGIE VEGETALA SI ANIMALA": {"medie": 4.711538461538462, "reusita": 55.55555555555556, "cnt": 27}, "MATEMATICA TEHN": {"medie": 5.7202702702702695, "reusita": 71.07438016528926, "cnt": 121}, "CHIMIE ORGANICA TEH NIVEL I/II": {"medie": 3.55, "reusita": 0.0, "cnt": 1}, "FIZICA TEH": {"medie": 6.2124999999999995, "reusita": 75.0, "cnt": 12}, "CHIMIE ANORGANICA TEH NIVEL I/II": {"medie": 6.409999999999999, "reusita": 100.0, "cnt": 5}}, "nume": "COLEGIUL TEHNIC \"GHEORGHE CARTIANU\", MUNICIPIUL PIATRA-NEAMT\tNeam\u021b"}