{"specializari": {"MATEMATICA-INFORMATICA": 88, "FILOLOGIE": 30, "STIINTE SOCIALE": 31, "STIINTE ALE NATURII": 28}, "limba_moderna": {"LIMBA ENGLEZA": 172, "LIMBA FRANCEZA": 5}, "limba_materna": {"LIMBA ROMANA": 177}, "promotie_anterioara": {"NU": 176, "DA": 1}, "materii": {"LIMBA ROMANA": {"medie": 7.904237288135595, "reusita": 98.87005649717514, "cnt": 177}, "MATEMATICA MATE-INFO": {"medie": 8.443750000000001, "reusita": 98.86363636363636, "cnt": 88}, "ANATOMIE SI FIZIOLOGIE UMANA, GENETICA SI ECOLOGIE UMANA": {"medie": 8.475287356321838, "reusita": 98.85057471264368, "cnt": 87}, "GENERAL": {"medie": 8.305208333333333, "reusita": 97.17514124293785, "cnt": 177}, "MATEMATICA ST-NAT": {"medie": 8.157142857142857, "reusita": 100.0, "cnt": 28}, "CHIMIE ORGANICA TEO NIVEL I/II": {"medie": 9.712500000000002, "reusita": 100.0, "cnt": 4}, "INFORMATICA MI C/C++": {"medie": 9.10625, "reusita": 100.0, "cnt": 8}, "ISTORIE": {"medie": 8.05327868852459, "reusita": 100.0, "cnt": 61}, "LOGICA, ARGUMENTARE SI COMUNICARE": {"medie": 8.935294117647059, "reusita": 100.0, "cnt": 51}, "FIZICA TEO": {"medie": 8.877272727272727, "reusita": 100.0, "cnt": 11}, "GEOGRAFIE": {"medie": 8.774999999999999, "reusita": 100.0, "cnt": 10}, "BIOLOGIE VEGETALA SI ANIMALA": {"medie": 7.808333333333334, "reusita": 100.0, "cnt": 6}}, "nume": "COLEGIUL NATIONAL \"NICOLAE IORGA\", ORASUL VALENII DE MUNTE\tPrahova"}