{"specializari": {"ARTA ACTORULUI": 33, "ARHITECTURA, ARTE AMBIENTALE SI DESIGN": 29, "MUZICA": 28, "ARTE PLASTICE SI DECORATIVE": 25, "FILOLOGIE": 1}, "limba_moderna": {"LIMBA ENGLEZA": 116}, "limba_materna": {"LIMBA ROMANA": 116}, "promotie_anterioara": {"NU": 110, "DA": 6}, "materii": {"LIMBA ROMANA": {"medie": 6.553913043478261, "reusita": 92.24137931034483, "cnt": 116}, "GENERAL": {"medie": 6.875797101449277, "reusita": 72.41379310344827, "cnt": 116}, "ISTORIE": {"medie": 6.458695652173911, "reusita": 87.06896551724138, "cnt": 116}, "LOGICA, ARGUMENTARE SI COMUNICARE": {"medie": 7.014285714285714, "reusita": 71.42857142857143, "cnt": 7}, "PSIHOLOGIE": {"medie": 7.258823529411766, "reusita": 97.05882352941177, "cnt": 34}, "GEOGRAFIE": {"medie": 7.835135135135133, "reusita": 96.0, "cnt": 75}}, "nume": "COLEGIUL DE ARTE \"SABIN DRAGOI\" ARAD\tArad"}