{"specializari": {"TEHNICIAN IN ACTIVITATI ECONOMICE": 57, "MATEMATICA-INFORMATICA": 21, "STIINTE SOCIALE": 33, "FILOLOGIE": 34, "TEHNICIAN DESENATOR PENTRU CONSTRUCTII SI INSTALATII": 17, "TEHNICIAN MECATRONIST": 16, "TEHNICIAN TRANSPORTURI": 8, "TEHNICIAN IN INDUSTRIA TEXTILA": 1}, "limba_moderna": {"LIMBA ENGLEZA": 183, "LIMBA FRANCEZA": 4}, "limba_materna": {"LIMBA ROMANA": 187}, "promotie_anterioara": {"NU": 170, "DA": 17}, "materii": {"LIMBA ROMANA": {"medie": 7.074184782608695, "reusita": 96.79144385026738, "cnt": 187}, "MATEMATICA MATE-INFO": {"medie": 8.028571428571427, "reusita": 95.23809523809523, "cnt": 21}, "ANATOMIE SI FIZIOLOGIE UMANA, GENETICA SI ECOLOGIE UMANA": {"medie": 8.3, "reusita": 90.9090909090909, "cnt": 11}, "GENERAL": {"medie": 7.5667587476979765, "reusita": 82.35294117647058, "cnt": 187}, "INFORMATICA MI C/C++": {"medie": 8.600000000000001, "reusita": 100.0, "cnt": 10}, "ISTORIE": {"medie": 8.10530303030303, "reusita": 97.01492537313433, "cnt": 67}, "LOGICA, ARGUMENTARE SI COMUNICARE": {"medie": 8.731858407079644, "reusita": 96.52173913043478, "cnt": 115}, "PSIHOLOGIE": {"medie": 6.800000000000001, "reusita": 100.0, "cnt": 2}, "GEOGRAFIE": {"medie": 8.607142857142858, "reusita": 100.0, "cnt": 7}, "BIOLOGIE VEGETALA SI ANIMALA": {"medie": 5.75375, "reusita": 64.28571428571429, "cnt": 42}, "MATEMATICA TEHN": {"medie": 7.14030612244898, "reusita": 92.92929292929293, "cnt": 99}}, "nume": "COLEGIUL TEHNIC RADAUTI\tSuceava"}