{"specializari": {"STIINTE SOCIALE": 31, "STIINTE ALE NATURII": 57, "FILOLOGIE": 30, "MATEMATICA-INFORMATICA": 53}, "limba_moderna": {"LIMBA ENGLEZA": 170, "LIMBA FRANCEZA": 1}, "limba_materna": {"LIMBA ROMANA": 171}, "promotie_anterioara": {"NU": 170, "DA": 1}, "materii": {"LIMBA ROMANA": {"medie": 8.240058479532163, "reusita": 100.0, "cnt": 171}, "MATEMATICA MATE-INFO": {"medie": 9.26320754716981, "reusita": 100.0, "cnt": 53}, "ANATOMIE SI FIZIOLOGIE UMANA, GENETICA SI ECOLOGIE UMANA": {"medie": 8.738775510204082, "reusita": 100.0, "cnt": 49}, "GENERAL": {"medie": 8.807602339181281, "reusita": 100.0, "cnt": 171}, "MATEMATICA ST-NAT": {"medie": 9.061403508771932, "reusita": 100.0, "cnt": 57}, "CHIMIE ORGANICA TEO NIVEL I/II": {"medie": 9.094444444444443, "reusita": 100.0, "cnt": 18}, "INFORMATICA MI C/C++": {"medie": 9.426666666666668, "reusita": 100.0, "cnt": 15}, "ISTORIE": {"medie": 8.945081967213113, "reusita": 100.0, "cnt": 61}, "LOGICA, ARGUMENTARE SI COMUNICARE": {"medie": 9.654545454545454, "reusita": 100.0, "cnt": 11}, "FIZICA TEO": {"medie": 9.296000000000001, "reusita": 100.0, "cnt": 25}, "SOCIOLOGIE": {"medie": 9.5, "reusita": 100.0, "cnt": 3}, "PSIHOLOGIE": {"medie": 9.2125, "reusita": 100.0, "cnt": 4}, "GEOGRAFIE": {"medie": 9.342105263157896, "reusita": 100.0, "cnt": 38}, "BIOLOGIE VEGETALA SI ANIMALA": {"medie": 7.75, "reusita": 100.0, "cnt": 3}, "ECONOMIE": {"medie": 8.129999999999999, "reusita": 100.0, "cnt": 5}}, "nume": "COLEGIUL NATIONAL \"AL. I. CUZA\" FOCSANI\tVrancea"}