{"specializari": {"FILOLOGIE": 65, "MATEMATICA-INFORMATICA": 84, "STIINTE ALE NATURII": 26}, "limba_moderna": {"LIMBA ENGLEZA": 171, "LIMBA FRANCEZA": 4}, "limba_materna": {"LIMBA ROMANA": 175}, "promotie_anterioara": {"NU": 163, "DA": 12}, "materii": {"LIMBA ROMANA": {"medie": 7.358908045977017, "reusita": 89.71428571428571, "cnt": 175}, "MATEMATICA MATE-INFO": {"medie": 6.946385542168678, "reusita": 82.14285714285714, "cnt": 84}, "ANATOMIE SI FIZIOLOGIE UMANA, GENETICA SI ECOLOGIE UMANA": {"medie": 7.23835616438356, "reusita": 82.89473684210526, "cnt": 76}, "GENERAL": {"medie": 7.606311637080873, "reusita": 78.28571428571428, "cnt": 175}, "MATEMATICA ST-NAT": {"medie": 5.438461538461539, "reusita": 65.38461538461539, "cnt": 26}, "CHIMIE ORGANICA TEO NIVEL I/II": {"medie": 9.850000000000001, "reusita": 100.0, "cnt": 2}, "INFORMATICA MI C/C++": {"medie": 8.0775, "reusita": 95.23809523809523, "cnt": 21}, "ISTORIE": {"medie": 8.238095238095237, "reusita": 95.38461538461539, "cnt": 65}, "LOGICA, ARGUMENTARE SI COMUNICARE": {"medie": 9.416666666666666, "reusita": 100.0, "cnt": 12}, "FIZICA TEO": {"medie": 9.295, "reusita": 100.0, "cnt": 10}, "SOCIOLOGIE": {"medie": 8.783333333333333, "reusita": 75.0, "cnt": 4}, "PSIHOLOGIE": {"medie": 7.45, "reusita": 100.0, "cnt": 1}, "GEOGRAFIE": {"medie": 9.007608695652173, "reusita": 100.0, "cnt": 46}, "INFORMATICA SN C/C++": {"medie": 10.0, "reusita": 100.0, "cnt": 1}, "ECONOMIE": {"medie": 6.125, "reusita": 100.0, "cnt": 2}}, "nume": "COLEGIUL NATIONAL \"ANASTASESCU\" ROSIORI DE VEDE\tTeleorman"}