{"specializari": {"TEHNICIAN IN ACTIVITATI ECONOMICE": 56, "TEHNICIAN IN ACTIVITATI DE COMERT": 29, "ORGANIZATOR BANQUETING": 30, "TEHNICIAN IN TURISM": 35, "TEHNICIAN IN GASTRONOMIE": 21}, "limba_moderna": {"LIMBA ENGLEZA": 165, "LIMBA FRANCEZA": 5, "LIMBA RUSA": 1}, "limba_materna": {"LIMBA ROMANA": 171}, "promotie_anterioara": {"NU": 146, "DA": 25}, "materii": {"LIMBA ROMANA": {"medie": 6.005357142857141, "reusita": 80.7017543859649, "cnt": 171}, "GENERAL": {"medie": 6.501706827309241, "reusita": 66.66666666666666, "cnt": 171}, "LOGICA, ARGUMENTARE SI COMUNICARE": {"medie": 6.920476190476186, "reusita": 86.66666666666667, "cnt": 105}, "GEOGRAFIE": {"medie": 7.225781250000001, "reusita": 89.39393939393939, "cnt": 66}, "MATEMATICA TEHN": {"medie": 6.408083832335328, "reusita": 77.77777777777779, "cnt": 171}}, "nume": "COLEGIUL ECONOMIC MANGALIA\tConstan\u021ba"}