{"specializari": {"MATEMATICA-INFORMATICA": 118}, "limba_moderna": {"LIMBA ENGLEZA": 118}, "limba_materna": {"LIMBA ROMANA": 118}, "promotie_anterioara": {"NU": 118}, "materii": {"LIMBA ROMANA": {"medie": 8.730508474576272, "reusita": 100.0, "cnt": 118}, "MATEMATICA MATE-INFO": {"medie": 9.230508474576272, "reusita": 100.0, "cnt": 118}, "GENERAL": {"medie": 8.96949152542373, "reusita": 100.0, "cnt": 118}, "CHIMIE ORGANICA TEO NIVEL I/II": {"medie": 9.643749999999997, "reusita": 100.0, "cnt": 8}, "CHIMIE ANORGANICA TEO NIVEL I/II": {"medie": 8.725, "reusita": 100.0, "cnt": 2}, "INFORMATICA MI C/C++": {"medie": 8.575, "reusita": 100.0, "cnt": 40}, "FIZICA TEO": {"medie": 9.107499999999998, "reusita": 100.0, "cnt": 60}, "BIOLOGIE VEGETALA SI ANIMALA": {"medie": 8.96875, "reusita": 100.0, "cnt": 8}}, "nume": "COLEGIUL NATIONAL MILITAR \"DIMITRIE CANTEMIR\" BREAZA\tPrahova"}