{"specializari": {"STIINTE SOCIALE": 57, "FILOLOGIE": 29, "MATEMATICA-INFORMATICA": 32, "STIINTE ALE NATURII": 72}, "limba_moderna": {"LIMBA ENGLEZA": 182, "LIMBA FRANCEZA": 7, "LIMBA GERMANA MODERNA": 1}, "limba_materna": {"LIMBA ROMANA": 190}, "promotie_anterioara": {"NU": 168, "DA": 22}, "materii": {"LIMBA ROMANA": {"medie": 7.05186170212766, "reusita": 93.15789473684211, "cnt": 190}, "MATEMATICA MATE-INFO": {"medie": 7.711666666666667, "reusita": 87.5, "cnt": 32}, "ANATOMIE SI FIZIOLOGIE UMANA, GENETICA SI ECOLOGIE UMANA": {"medie": 8.262162162162161, "reusita": 97.2972972972973, "cnt": 74}, "GENERAL": {"medie": 7.601433691756275, "reusita": 79.47368421052632, "cnt": 190}, "MATEMATICA ST-NAT": {"medie": 7.282638888888891, "reusita": 86.11111111111111, "cnt": 72}, "CHIMIE ORGANICA TEO NIVEL I/II": {"medie": 9.3, "reusita": 100.0, "cnt": 1}, "CHIMIE ANORGANICA TEO NIVEL I/II": {"medie": 7.9375, "reusita": 100.0, "cnt": 4}, "INFORMATICA MI C/C++": {"medie": 8.342105263157896, "reusita": 100.0, "cnt": 19}, "ISTORIE": {"medie": 7.435119047619047, "reusita": 96.51162790697676, "cnt": 86}, "LOGICA, ARGUMENTARE SI COMUNICARE": {"medie": 9.130555555555555, "reusita": 100.0, "cnt": 18}, "FIZICA TEO": {"medie": 8.2, "reusita": 100.0, "cnt": 1}, "SOCIOLOGIE": {"medie": 7.699999999999999, "reusita": 100.0, "cnt": 4}, "PSIHOLOGIE": {"medie": 6.2, "reusita": 100.0, "cnt": 1}, "GEOGRAFIE": {"medie": 8.199999999999998, "reusita": 98.38709677419355, "cnt": 62}, "INFORMATICA SN C/C++": {"medie": 8.075, "reusita": 100.0, "cnt": 2}, "BIOLOGIE VEGETALA SI ANIMALA": {"medie": 7.35, "reusita": 100.0, "cnt": 2}, "FILOSOFIE": {"medie": 9.5, "reusita": 100.0, "cnt": 1}, "INFORMATICA MI PASCAL": {"medie": 5.0, "reusita": 100.0, "cnt": 1}}, "nume": "COLEGIUL \"NICOLAE TITULESCU\" BRASOV\tBra\u0219ov"}