{"specializari": {"STIINTE ALE NATURII": 61, "MATEMATICA-INFORMATICA": 94, "STIINTE SOCIALE": 57, "FILOLOGIE": 30}, "limba_moderna": {"LIMBA ENGLEZA": 231, "LIMBA FRANCEZA": 10, "LIMBA GERMANA MODERNA": 1}, "limba_materna": {"LIMBA ROMANA": 242}, "promotie_anterioara": {"NU": 242}, "materii": {"LIMBA ROMANA": {"medie": 8.983884297520662, "reusita": 100.0, "cnt": 242}, "MATEMATICA MATE-INFO": {"medie": 9.316489361702128, "reusita": 100.0, "cnt": 94}, "ANATOMIE SI FIZIOLOGIE UMANA, GENETICA SI ECOLOGIE UMANA": {"medie": 9.389999999999999, "reusita": 100.0, "cnt": 35}, "GENERAL": {"medie": 9.23002754820937, "reusita": 100.0, "cnt": 242}, "MATEMATICA ST-NAT": {"medie": 9.591803278688529, "reusita": 100.0, "cnt": 61}, "CHIMIE ORGANICA TEO NIVEL I/II": {"medie": 9.45344827586207, "reusita": 100.0, "cnt": 29}, "CHIMIE ANORGANICA TEO NIVEL I/II": {"medie": 9.65, "reusita": 100.0, "cnt": 4}, "INFORMATICA MI C/C++": {"medie": 8.920833333333334, "reusita": 100.0, "cnt": 36}, "ISTORIE": {"medie": 9.459195402298853, "reusita": 100.0, "cnt": 87}, "LOGICA, ARGUMENTARE SI COMUNICARE": {"medie": 9.461111111111112, "reusita": 100.0, "cnt": 18}, "FIZICA TEO": {"medie": 9.282926829268291, "reusita": 100.0, "cnt": 41}, "SOCIOLOGIE": {"medie": 9.38125, "reusita": 100.0, "cnt": 16}, "PSIHOLOGIE": {"medie": 9.75, "reusita": 100.0, "cnt": 11}, "GEOGRAFIE": {"medie": 9.620454545454546, "reusita": 100.0, "cnt": 22}, "INFORMATICA SN C/C++": {"medie": 9.8, "reusita": 100.0, "cnt": 1}, "BIOLOGIE VEGETALA SI ANIMALA": {"medie": 8.32777777777778, "reusita": 100.0, "cnt": 9}, "FILOSOFIE": {"medie": 9.55, "reusita": 100.0, "cnt": 2}, "ECONOMIE": {"medie": 8.71111111111111, "reusita": 100.0, "cnt": 18}}, "nume": "COLEGIUL NATIONAL \"SPIRU HARET\"\tBucure\u0219ti"}