{"specializari": {"MATEMATICA-INFORMATICA": 55, "FILOLOGIE": 32, "STIINTE ALE NATURII": 26}, "limba_moderna": {"LIMBA FRANCEZA": 7, "LIMBA ENGLEZA": 99, "LIMBA GERMANA MODERNA": 7}, "limba_materna": {"LIMBA ROMANA": 113}, "promotie_anterioara": {"NU": 108, "DA": 5}, "materii": {"LIMBA ROMANA": {"medie": 7.344690265486724, "reusita": 99.11504424778761, "cnt": 113}, "MATEMATICA MATE-INFO": {"medie": 8.226363636363637, "reusita": 96.36363636363636, "cnt": 55}, "ANATOMIE SI FIZIOLOGIE UMANA, GENETICA SI ECOLOGIE UMANA": {"medie": 7.872500000000004, "reusita": 98.33333333333333, "cnt": 60}, "GENERAL": {"medie": 7.765327380952385, "reusita": 84.95575221238938, "cnt": 113}, "MATEMATICA ST-NAT": {"medie": 6.874, "reusita": 80.76923076923077, "cnt": 26}, "INFORMATICA MI C/C++": {"medie": 8.566666666666666, "reusita": 100.0, "cnt": 15}, "ISTORIE": {"medie": 7.418749999999998, "reusita": 93.75, "cnt": 32}, "LOGICA, ARGUMENTARE SI COMUNICARE": {"medie": 8.504687500000001, "reusita": 93.75, "cnt": 32}, "FIZICA TEO": {"medie": 9.166666666666666, "reusita": 100.0, "cnt": 6}}, "nume": "COLEGIUL NATIONAL \"TRAIAN DODA\" CARANSEBES\tCara\u0219-Severin"}