{"specializari": {"MATEMATICA-INFORMATICA": 88, "STIINTE ALE NATURII": 55, "FILOLOGIE": 62}, "limba_moderna": {"LIMBA ENGLEZA": 203, "LIMBA FRANCEZA": 2}, "limba_materna": {"LIMBA ROMANA": 205}, "promotie_anterioara": {"NU": 205}, "materii": {"LIMBA ROMANA": {"medie": 8.470975609756096, "reusita": 100.0, "cnt": 205}, "MATEMATICA MATE-INFO": {"medie": 9.23295454545454, "reusita": 100.0, "cnt": 88}, "ANATOMIE SI FIZIOLOGIE UMANA, GENETICA SI ECOLOGIE UMANA": {"medie": 8.910000000000002, "reusita": 100.0, "cnt": 55}, "GENERAL": {"medie": 8.669430894308933, "reusita": 98.53658536585365, "cnt": 205}, "MATEMATICA ST-NAT": {"medie": 8.663636363636362, "reusita": 100.0, "cnt": 55}, "CHIMIE ORGANICA TEO NIVEL I/II": {"medie": 9.064285714285713, "reusita": 100.0, "cnt": 7}, "INFORMATICA MI C/C++": {"medie": 9.427586206896551, "reusita": 100.0, "cnt": 29}, "ISTORIE": {"medie": 7.633870967741934, "reusita": 98.38709677419355, "cnt": 62}, "LOGICA, ARGUMENTARE SI COMUNICARE": {"medie": 9.175862068965518, "reusita": 100.0, "cnt": 29}, "FIZICA TEO": {"medie": 8.783999999999999, "reusita": 98.0, "cnt": 50}, "SOCIOLOGIE": {"medie": 9.419999999999998, "reusita": 100.0, "cnt": 5}, "PSIHOLOGIE": {"medie": 8.95, "reusita": 100.0, "cnt": 2}, "GEOGRAFIE": {"medie": 8.398076923076923, "reusita": 100.0, "cnt": 26}, "INFORMATICA SN C/C++": {"medie": 8.65, "reusita": 100.0, "cnt": 2}}, "nume": "COLEGIUL NATIONAL \"DIMITRIE CANTEMIR\" ONESTI\tBac\u0103u"}