{"specializari": {"FILOLOGIE": 65, "MATEMATICA-INFORMATICA": 84, "STIINTE SOCIALE": 33, "STIINTE ALE NATURII": 65}, "limba_moderna": {"LIMBA ENGLEZA": 240, "LIMBA JAPONEZA": 3, "LIMBA FRANCEZA": 4}, "limba_materna": {"LIMBA ROMANA": 247}, "promotie_anterioara": {"NU": 247}, "materii": {"LIMBA ROMANA": {"medie": 8.758502024291497, "reusita": 100.0, "cnt": 247}, "MATEMATICA MATE-INFO": {"medie": 9.316666666666666, "reusita": 100.0, "cnt": 84}, "ANATOMIE SI FIZIOLOGIE UMANA, GENETICA SI ECOLOGIE UMANA": {"medie": 9.60857142857143, "reusita": 100.0, "cnt": 35}, "GENERAL": {"medie": 9.031241565452095, "reusita": 99.59514170040485, "cnt": 247}, "MATEMATICA ST-NAT": {"medie": 9.27923076923077, "reusita": 100.0, "cnt": 65}, "CHIMIE ORGANICA TEO NIVEL I/II": {"medie": 9.095652173913042, "reusita": 100.0, "cnt": 23}, "INFORMATICA MI C/C++": {"medie": 9.258823529411766, "reusita": 100.0, "cnt": 34}, "ISTORIE": {"medie": 8.944387755102042, "reusita": 100.0, "cnt": 98}, "LOGICA, ARGUMENTARE SI COMUNICARE": {"medie": 9.632758620689655, "reusita": 100.0, "cnt": 29}, "FIZICA TEO": {"medie": 8.955769230769231, "reusita": 100.0, "cnt": 52}, "SOCIOLOGIE": {"medie": 8.963414634146341, "reusita": 100.0, "cnt": 41}, "PSIHOLOGIE": {"medie": 8.81875, "reusita": 100.0, "cnt": 8}, "GEOGRAFIE": {"medie": 9.438461538461539, "reusita": 100.0, "cnt": 13}, "INFORMATICA SN C/C++": {"medie": 8.525, "reusita": 100.0, "cnt": 2}, "BIOLOGIE VEGETALA SI ANIMALA": {"medie": 9.366666666666665, "reusita": 100.0, "cnt": 3}, "ECONOMIE": {"medie": 7.892857142857143, "reusita": 100.0, "cnt": 7}}, "nume": "COLEGIUL NATIONAL \"ION CREANGA\"\tBucure\u0219ti"}