{"specializari": {"TEHNICIAN IN GASTRONOMIE": 19, "TEHNICIAN IN INDUSTRIA ALIMENTARA": 10, "TEHNICIAN ANALIZE PRODUSE ALIMENTARE": 4}, "limba_moderna": {"LIMBA ENGLEZA": 32, "LIMBA FRANCEZA": 1}, "limba_materna": {"LIMBA ROMANA": 33}, "promotie_anterioara": {"NU": 14, "DA": 19}, "materii": {"LIMBA ROMANA": {"medie": 6.075757575757578, "reusita": 87.87878787878788, "cnt": 33}, "ANATOMIE SI FIZIOLOGIE UMANA, GENETICA SI ECOLOGIE UMANA": {"medie": 5.115, "reusita": 60.0, "cnt": 10}, "GENERAL": {"medie": 6.401075268817206, "reusita": 57.57575757575758, "cnt": 33}, "LOGICA, ARGUMENTARE SI COMUNICARE": {"medie": 7.590000000000001, "reusita": 100.0, "cnt": 5}, "GEOGRAFIE": {"medie": 7.5249999999999995, "reusita": 92.85714285714286, "cnt": 14}, "BIOLOGIE VEGETALA SI ANIMALA": {"medie": 5.333333333333333, "reusita": 100.0, "cnt": 3}, "MATEMATICA TEHN": {"medie": 6.546774193548389, "reusita": 84.84848484848484, "cnt": 33}, "CHIMIE ORGANICA TEH NIVEL I/II": {"medie": 5.0, "reusita": 100.0, "cnt": 1}}, "nume": "COLEGIUL TEHNIC \"RALUCA RIPAN\" CLUJ-NAPOCA\tCluj"}