{"specializari": {"STIINTE ALE NATURII": 51, "FILOLOGIE": 26, "STIINTE SOCIALE": 62, "MATEMATICA-INFORMATICA": 58}, "limba_moderna": {"LIMBA ENGLEZA": 195, "LIMBA FRANCEZA": 2}, "limba_materna": {"LIMBA ROMANA": 197}, "promotie_anterioara": {"NU": 197}, "materii": {"LIMBA ROMANA": {"medie": 8.34517766497462, "reusita": 100.0, "cnt": 197}, "MATEMATICA MATE-INFO": {"medie": 9.097413793103449, "reusita": 100.0, "cnt": 58}, "ANATOMIE SI FIZIOLOGIE UMANA, GENETICA SI ECOLOGIE UMANA": {"medie": 8.788181818181817, "reusita": 100.0, "cnt": 55}, "GENERAL": {"medie": 8.7404399323181, "reusita": 98.98477157360406, "cnt": 197}, "MATEMATICA ST-NAT": {"medie": 9.488235294117647, "reusita": 100.0, "cnt": 51}, "CHIMIE ORGANICA TEO NIVEL I/II": {"medie": 9.643749999999999, "reusita": 100.0, "cnt": 8}, "INFORMATICA MI C/C++": {"medie": 8.226666666666667, "reusita": 100.0, "cnt": 15}, "ISTORIE": {"medie": 8.592613636363634, "reusita": 100.0, "cnt": 88}, "LOGICA, ARGUMENTARE SI COMUNICARE": {"medie": 8.75982142857143, "reusita": 98.21428571428571, "cnt": 56}, "FIZICA TEO": {"medie": 9.319354838709677, "reusita": 100.0, "cnt": 31}, "SOCIOLOGIE": {"medie": 9.68, "reusita": 100.0, "cnt": 5}, "PSIHOLOGIE": {"medie": 9.25, "reusita": 100.0, "cnt": 7}, "GEOGRAFIE": {"medie": 9.207142857142857, "reusita": 100.0, "cnt": 14}, "ECONOMIE": {"medie": 8.083333333333334, "reusita": 100.0, "cnt": 6}}, "nume": "COLEGIUL NATIONAL \"GH. ROSCA CODREANU\", MUN. BARLAD\tVaslui"}