{"specializari": {"FILOLOGIE": 29, "MATEMATICA-INFORMATICA": 91, "STIINTE ALE NATURII": 29, "STIINTE SOCIALE": 30}, "limba_moderna": {"LIMBA ENGLEZA": 178, "LIMBA FRANCEZA": 1}, "limba_materna": {"LIMBA ROMANA": 179}, "promotie_anterioara": {"NU": 178, "DA": 1}, "materii": {"LIMBA ROMANA": {"medie": 8.545251396648043, "reusita": 100.0, "cnt": 179}, "MATEMATICA MATE-INFO": {"medie": 9.052747252747247, "reusita": 100.0, "cnt": 91}, "ANATOMIE SI FIZIOLOGIE UMANA, GENETICA SI ECOLOGIE UMANA": {"medie": 9.485, "reusita": 100.0, "cnt": 20}, "GENERAL": {"medie": 8.957677902621723, "reusita": 99.4413407821229, "cnt": 179}, "MATEMATICA ST-NAT": {"medie": 9.398275862068967, "reusita": 100.0, "cnt": 29}, "CHIMIE ORGANICA TEO NIVEL I/II": {"medie": 9.066666666666665, "reusita": 100.0, "cnt": 6}, "INFORMATICA MI C/C++": {"medie": 8.911363636363635, "reusita": 100.0, "cnt": 44}, "ISTORIE": {"medie": 8.980508474576274, "reusita": 100.0, "cnt": 59}, "LOGICA, ARGUMENTARE SI COMUNICARE": {"medie": 9.365555555555556, "reusita": 100.0, "cnt": 45}, "FIZICA TEO": {"medie": 9.228125, "reusita": 100.0, "cnt": 48}, "SOCIOLOGIE": {"medie": 9.7875, "reusita": 100.0, "cnt": 4}, "PSIHOLOGIE": {"medie": 8.1, "reusita": 100.0, "cnt": 1}, "GEOGRAFIE": {"medie": 9.35, "reusita": 100.0, "cnt": 7}, "INFORMATICA SN C/C++": {"medie": 9.05, "reusita": 100.0, "cnt": 2}, "FILOSOFIE": {"medie": 9.2, "reusita": 100.0, "cnt": 1}, "ECONOMIE": {"medie": 6.8, "reusita": 100.0, "cnt": 1}}, "nume": "COLEGIUL NATIONAL \"MIHAIL KOGALNICEANU\", LOCALITATEA GALATI\tGala\u021bi"}