{"specializari": {"TEHNICIAN OPERATOR TEHNICA DE CALCUL": 14, "TEHNICIAN DESIGNER VESTIMENTAR": 9, "TEHNICIAN IN GASTRONOMIE": 21, "COAFOR STILIST": 16, "TEHNICIAN IN HOTELARIE": 16, "TEHNICIAN IN INDUSTRIA TEXTILA": 1, "TEHNICIAN POLIGRAF": 2}, "limba_moderna": {"LIMBA ENGLEZA": 71, "LIMBA FRANCEZA": 8}, "limba_materna": {"LIMBA ROMANA": 79}, "promotie_anterioara": {"NU": 48, "DA": 31}, "materii": {"LIMBA ROMANA": {"medie": 5.99736842105263, "reusita": 88.60759493670885, "cnt": 79}, "GENERAL": {"medie": 6.44705882352941, "reusita": 55.69620253164557, "cnt": 79}, "LOGICA, ARGUMENTARE SI COMUNICARE": {"medie": 5.4, "reusita": 60.0, "cnt": 5}, "GEOGRAFIE": {"medie": 7.1400000000000015, "reusita": 85.41666666666666, "cnt": 48}, "BIOLOGIE VEGETALA SI ANIMALA": {"medie": 6.161764705882354, "reusita": 73.68421052631578, "cnt": 19}, "MATEMATICA TEHN": {"medie": 6.484782608695653, "reusita": 70.88607594936708, "cnt": 79}, "FIZICA TEH": {"medie": 8.025, "reusita": 100.0, "cnt": 4}, "CHIMIE ANORGANICA TEH NIVEL I/II": {"medie": 3.966666666666667, "reusita": 33.33333333333333, "cnt": 3}}, "nume": "COLEGIUL TEHNIC \"IOAN C. STEFANESCU\", IASI\tIa\u0219i"}