{"specializari": {"TEHNICIAN IN TURISM": 29, "TEHNICIAN IN ACTIVITATI ECONOMICE": 50, "TEHNICIAN DE TELECOMUNICATII": 48, "TEHNICIAN IN AUTOMATIZARI": 22, "TEHNICIAN IN INSTALATII ELECTRICE": 27, "TEHNICIAN OPERATOR TEHNICA DE CALCUL": 23, "TEHNICIAN ELECTROMECANIC": 3, "TEHNICIAN ELECTROTEHNIST": 1, "TEHNICIAN IN ACTIVITATI DE COMERT": 1, "TEHNICIAN PROIECTANT CAD": 1}, "limba_moderna": {"LIMBA ENGLEZA": 203, "LIMBA GERMANA MODERNA": 1, "LIMBA FRANCEZA": 1}, "limba_materna": {"LIMBA ROMANA": 205}, "promotie_anterioara": {"NU": 171, "DA": 34}, "materii": {"LIMBA ROMANA": {"medie": 5.800995024875621, "reusita": 84.8780487804878, "cnt": 205}, "GENERAL": {"medie": 6.197482638888889, "reusita": 57.56097560975609, "cnt": 205}, "LOGICA, ARGUMENTARE SI COMUNICARE": {"medie": 9.45, "reusita": 100.0, "cnt": 2}, "PSIHOLOGIE": {"medie": 6.79090909090909, "reusita": 100.0, "cnt": 11}, "GEOGRAFIE": {"medie": 7.754615384615383, "reusita": 92.53731343283582, "cnt": 67}, "BIOLOGIE VEGETALA SI ANIMALA": {"medie": 5.316071428571429, "reusita": 59.48275862068966, "cnt": 116}, "MATEMATICA TEHN": {"medie": 6.454336734693877, "reusita": 82.92682926829268, "cnt": 205}, "FIZICA TEH": {"medie": 5.022222222222222, "reusita": 55.55555555555556, "cnt": 9}}, "nume": "COLEGIUL TEHNIC \"EMANUIL UNGUREANU\" TIMISOARA\tTimi\u0219"}