{"specializari": {"TEHNICIAN IN ACTIVITATI DE COMERT": 11, "TEHNICIAN IN ACTIVITATI ECONOMICE": 17, "TEHNICIAN IN TURISM": 23, "TEHNICIAN IN INDUSTRIA ALIMENTARA": 21, "TEHNICIAN IN ACHIZITII SI CONTRACTARI": 1, "TEHNICIAN IN MORARIT, PANIFICATIE SI PRODUSE FAINOASE": 1, "TEHNICIAN IN ADMINISTRATIE": 1}, "limba_moderna": {"LIMBA ENGLEZA": 71, "LIMBA FRANCEZA": 2, "LIMBA GERMANA MODERNA": 2}, "limba_materna": {"LIMBA ROMANA": 75}, "promotie_anterioara": {"DA": 19, "NU": 56}, "materii": {"LIMBA ROMANA": {"medie": 5.405000000000001, "reusita": 73.33333333333333, "cnt": 75}, "ANATOMIE SI FIZIOLOGIE UMANA, GENETICA SI ECOLOGIE UMANA": {"medie": 3.4236842105263166, "reusita": 15.0, "cnt": 20}, "GENERAL": {"medie": 5.525980392156863, "reusita": 38.666666666666664, "cnt": 75}, "PSIHOLOGIE": {"medie": 2.6, "reusita": 0.0, "cnt": 1}, "GEOGRAFIE": {"medie": 7.3833333333333355, "reusita": 88.23529411764706, "cnt": 51}, "BIOLOGIE VEGETALA SI ANIMALA": {"medie": 4.675, "reusita": 50.0, "cnt": 2}, "MATEMATICA TEHN": {"medie": 5.037142857142858, "reusita": 54.666666666666664, "cnt": 75}, "ECONOMIE": {"medie": 6.15, "reusita": 100.0, "cnt": 1}}, "nume": "COLEGIUL ECONOMIC AL BANATULUI MONTAN RESITA\tCara\u0219-Severin"}