{"specializari": {"GHID TURISM RELIGIOS": 31, "STIINTE ALE NATURII": 26}, "limba_moderna": {"LIMBA ENGLEZA": 57}, "limba_materna": {"LIMBA ROMANA": 57}, "promotie_anterioara": {"NU": 57}, "materii": {"LIMBA ROMANA": {"medie": 9.022807017543863, "reusita": 100.0, "cnt": 57}, "ANATOMIE SI FIZIOLOGIE UMANA, GENETICA SI ECOLOGIE UMANA": {"medie": 8.806666666666668, "reusita": 100.0, "cnt": 15}, "GENERAL": {"medie": 8.676315789473682, "reusita": 100.0, "cnt": 57}, "MATEMATICA ST-NAT": {"medie": 8.8, "reusita": 100.0, "cnt": 26}, "CHIMIE ORGANICA TEO NIVEL I/II": {"medie": 8.819999999999999, "reusita": 100.0, "cnt": 5}, "CHIMIE ANORGANICA TEO NIVEL I/II": {"medie": 7.15, "reusita": 100.0, "cnt": 1}, "ISTORIE": {"medie": 8.462903225806452, "reusita": 100.0, "cnt": 31}, "LOGICA, ARGUMENTARE SI COMUNICARE": {"medie": 9.108333333333333, "reusita": 100.0, "cnt": 6}, "FIZICA TEO": {"medie": 7.089999999999999, "reusita": 100.0, "cnt": 5}, "GEOGRAFIE": {"medie": 8.810000000000002, "reusita": 100.0, "cnt": 15}, "FILOSOFIE": {"medie": 7.260000000000001, "reusita": 100.0, "cnt": 10}}, "nume": "COLEGIUL ROMANO-CATOLIC \"SFANTUL IOSIF\"\tBucure\u0219ti"}