{"specializari": {"MATEMATICA-INFORMATICA": 148, "STIINTE ALE NATURII": 35}, "limba_moderna": {"LIMBA ENGLEZA": 179, "LIMBA FRANCEZA": 4}, "limba_materna": {"LIMBA ROMANA": 183}, "promotie_anterioara": {"NU": 181, "DA": 2}, "materii": {"LIMBA ROMANA": {"medie": 8.649726775956278, "reusita": 100.0, "cnt": 183}, "MATEMATICA MATE-INFO": {"medie": 8.977027027027026, "reusita": 99.32432432432432, "cnt": 148}, "ANATOMIE SI FIZIOLOGIE UMANA, GENETICA SI ECOLOGIE UMANA": {"medie": 9.079069767441863, "reusita": 100.0, "cnt": 43}, "GENERAL": {"medie": 8.851821493624778, "reusita": 98.36065573770492, "cnt": 183}, "MATEMATICA ST-NAT": {"medie": 9.02857142857143, "reusita": 100.0, "cnt": 35}, "CHIMIE ORGANICA TEO NIVEL I/II": {"medie": 8.997142857142856, "reusita": 100.0, "cnt": 35}, "INFORMATICA MI C/C++": {"medie": 8.957547169811319, "reusita": 100.0, "cnt": 53}, "FIZICA TEO": {"medie": 8.773809523809527, "reusita": 97.61904761904762, "cnt": 42}, "BIOLOGIE VEGETALA SI ANIMALA": {"medie": 8.36, "reusita": 100.0, "cnt": 10}}, "nume": "COLEGIUL NATIONAL \"CANTEMIR VODA\"\tBucure\u0219ti"}