{"specializari": {"INVATATOR - EDUCATOARE": 58, "MATEMATICA-INFORMATICA": 24, "FILOLOGIE": 24}, "limba_moderna": {"LIMBA ENGLEZA": 102, "LIMBA FRANCEZA": 4}, "limba_materna": {"LIMBA ROMANA": 106}, "promotie_anterioara": {"NU": 104, "DA": 2}, "materii": {"LIMBA ROMANA": {"medie": 7.413809523809525, "reusita": 98.11320754716981, "cnt": 106}, "MATEMATICA MATE-INFO": {"medie": 6.847916666666667, "reusita": 100.0, "cnt": 24}, "ANATOMIE SI FIZIOLOGIE UMANA, GENETICA SI ECOLOGIE UMANA": {"medie": 7.823529411764706, "reusita": 94.11764705882352, "cnt": 17}, "GENERAL": {"medie": 7.783174603174603, "reusita": 95.28301886792453, "cnt": 106}, "INFORMATICA MI C/C++": {"medie": 6.6125, "reusita": 100.0, "cnt": 4}, "ISTORIE": {"medie": 6.906250000000003, "reusita": 100.0, "cnt": 24}, "LOGICA, ARGUMENTARE SI COMUNICARE": {"medie": 8.587254901960785, "reusita": 100.0, "cnt": 51}, "MATEMATICA PED": {"medie": 8.256140350877196, "reusita": 98.27586206896551, "cnt": 58}, "FIZICA TEO": {"medie": 5.6499999999999995, "reusita": 66.66666666666666, "cnt": 3}, "PSIHOLOGIE": {"medie": 9.6, "reusita": 50.0, "cnt": 2}, "GEOGRAFIE": {"medie": 8.632142857142856, "reusita": 100.0, "cnt": 28}, "FILOSOFIE": {"medie": 6.9, "reusita": 100.0, "cnt": 1}}, "nume": "COLEGIUL NATIONAL PEDAGOGIC \"REGELE FERDINAND\" SIGHETU MARMATIEI\tMaramure\u0219"}