{"specializari": {"FILOLOGIE": 79, "MATEMATICA-INFORMATICA": 28, "STIINTE ALE NATURII": 24, "STIINTE SOCIALE": 30}, "limba_moderna": {"LIMBA FRANCEZA": 52, "LIMBA ENGLEZA": 109}, "limba_materna": {"LIMBA ROMANA": 161}, "promotie_anterioara": {"NU": 154, "DA": 7}, "materii": {"LIMBA ROMANA": {"medie": 7.117499999999997, "reusita": 95.03105590062113, "cnt": 161}, "MATEMATICA MATE-INFO": {"medie": 7.958928571428573, "reusita": 100.0, "cnt": 28}, "ANATOMIE SI FIZIOLOGIE UMANA, GENETICA SI ECOLOGIE UMANA": {"medie": 8.712499999999999, "reusita": 100.0, "cnt": 36}, "GENERAL": {"medie": 7.432594936708863, "reusita": 84.472049689441, "cnt": 161}, "MATEMATICA ST-NAT": {"medie": 7.265217391304348, "reusita": 87.5, "cnt": 24}, "CHIMIE ORGANICA TEO NIVEL I/II": {"medie": 5.05, "reusita": 100.0, "cnt": 1}, "INFORMATICA MI C/C++": {"medie": 8.454166666666666, "reusita": 100.0, "cnt": 12}, "ISTORIE": {"medie": 6.494444444444451, "reusita": 87.1559633027523, "cnt": 109}, "LOGICA, ARGUMENTARE SI COMUNICARE": {"medie": 7.566666666666666, "reusita": 100.0, "cnt": 6}, "FIZICA TEO": {"medie": 8.1, "reusita": 100.0, "cnt": 1}, "SOCIOLOGIE": {"medie": 6.625, "reusita": 60.0, "cnt": 5}, "PSIHOLOGIE": {"medie": 8.733333333333334, "reusita": 100.0, "cnt": 3}, "GEOGRAFIE": {"medie": 8.21010638297872, "reusita": 97.87234042553192, "cnt": 94}, "INFORMATICA SN C/C++": {"medie": 7.0, "reusita": 100.0, "cnt": 2}, "ECONOMIE": {"medie": 5.5, "reusita": 100.0, "cnt": 1}}, "nume": "COLEGIUL NATIONAL \"COSTACHE NEGRI\" TARGU OCNA\tBac\u0103u"}