{"specializari": {"MATEMATICA-INFORMATICA": 50, "STIINTE ALE NATURII": 67, "STIINTE SOCIALE": 59}, "limba_moderna": {"LIMBA ENGLEZA": 173, "LIMBA GERMANA MODERNA": 3}, "limba_materna": {"LIMBA ROMANA": 171, "LIMBA GERMANA": 5}, "promotie_anterioara": {"NU": 175, "DA": 1}, "materii": {"LIMBA ROMANA": {"medie": 8.982386363636373, "reusita": 99.43181818181817, "cnt": 176}, "MATEMATICA MATE-INFO": {"medie": 9.357000000000001, "reusita": 100.0, "cnt": 50}, "ANATOMIE SI FIZIOLOGIE UMANA, GENETICA SI ECOLOGIE UMANA": {"medie": 9.2375, "reusita": 98.33333333333333, "cnt": 60}, "GENERAL": {"medie": 9.080681818181816, "reusita": 97.72727272727273, "cnt": 176}, "MATEMATICA ST-NAT": {"medie": 9.24925373134328, "reusita": 98.50746268656717, "cnt": 67}, "CHIMIE ORGANICA TEO NIVEL I/II": {"medie": 9.544444444444444, "reusita": 100.0, "cnt": 9}, "INFORMATICA MI C/C++": {"medie": 8.849999999999998, "reusita": 100.0, "cnt": 15}, "ISTORIE": {"medie": 8.951694915254238, "reusita": 100.0, "cnt": 59}, "LOGICA, ARGUMENTARE SI COMUNICARE": {"medie": 9.08265306122449, "reusita": 100.0, "cnt": 49}, "FIZICA TEO": {"medie": 9.158, "reusita": 96.0, "cnt": 25}, "GEOGRAFIE": {"medie": 8.518749999999999, "reusita": 100.0, "cnt": 8}, "INFORMATICA SN C/C++": {"medie": 8.978571428571428, "reusita": 100.0, "cnt": 7}, "BIOLOGIE VEGETALA SI ANIMALA": {"medie": 4.1, "reusita": 0.0, "cnt": 1}, "LIMBA GERMANA": {"medie": 7.5, "reusita": 100.0, "cnt": 5}, "ECONOMIE": {"medie": 9.0, "reusita": 100.0, "cnt": 2}}, "nume": "COLEGIUL NATIONAL \"ALEXANDRU PAPIU ILARIAN\" TIRGU MURES\tMure\u0219"}