{"specializari": {"TEHNICIAN OPERATOR TEHNICA DE CALCUL": 55, "TEHNICIAN IN ADMINISTRATIE": 30, "ORGANIZATOR BANQUETING": 27, "TEHNICIAN MECATRONIST": 18, "TEHNICIAN MECANIC PENTRU INTRETINERE SI REPARATII": 1}, "limba_moderna": {"LIMBA ENGLEZA": 128, "LIMBA GERMANA MODERNA": 3}, "limba_materna": {"LIMBA ROMANA": 131}, "promotie_anterioara": {"NU": 110, "DA": 21}, "materii": {"LIMBA ROMANA": {"medie": 6.501162790697674, "reusita": 97.70992366412213, "cnt": 131}, "GENERAL": {"medie": 7.027248677248674, "reusita": 76.33587786259542, "cnt": 131}, "LOGICA, ARGUMENTARE SI COMUNICARE": {"medie": 8.77, "reusita": 100.0, "cnt": 10}, "PSIHOLOGIE": {"medie": 7.833333333333333, "reusita": 100.0, "cnt": 3}, "GEOGRAFIE": {"medie": 8.0, "reusita": 95.45454545454545, "cnt": 44}, "BIOLOGIE VEGETALA SI ANIMALA": {"medie": 6.096296296296297, "reusita": 75.86206896551724, "cnt": 58}, "MATEMATICA TEHN": {"medie": 7.311328125, "reusita": 93.89312977099237, "cnt": 131}, "FIZICA TEH": {"medie": 7.690625, "reusita": 93.75, "cnt": 16}}, "nume": "COLEGIUL TEHNIC \"HENRI COANDA\" TIMISOARA\tTimi\u0219"}