{"specializari": {"MUZICA": 60}, "limba_moderna": {"LIMBA ENGLEZA": 59, "LIMBA FRANCEZA": 1}, "limba_materna": {"LIMBA ROMANA": 45, "LIMBA MAGHIARA": 15}, "promotie_anterioara": {"NU": 60}, "materii": {"LIMBA ROMANA": {"medie": 7.283333333333332, "reusita": 98.33333333333333, "cnt": 60}, "GENERAL": {"medie": 7.832415254237288, "reusita": 93.33333333333333, "cnt": 60}, "ISTORIE": {"medie": 7.884745762711864, "reusita": 96.66666666666667, "cnt": 60}, "LOGICA, ARGUMENTARE SI COMUNICARE": {"medie": 8.175, "reusita": 100.0, "cnt": 4}, "PSIHOLOGIE": {"medie": 7.5, "reusita": 100.0, "cnt": 3}, "GEOGRAFIE": {"medie": 8.461956521739133, "reusita": 100.0, "cnt": 46}, "FILOSOFIE": {"medie": 7.449999999999998, "reusita": 100.0, "cnt": 7}, "LIMBA MAGHIARA (REAL)": {"medie": 7.980000000000001, "reusita": 93.33333333333333, "cnt": 15}}, "nume": "COLEGIUL DE MUZICA \"SIGISMUND TODUTA\" CLUJ-NAPOCA\tCluj"}