{"specializari": {"FILOLOGIE": 34, "MATEMATICA-INFORMATICA": 32, "STIINTE ALE NATURII": 31}, "limba_moderna": {"LIMBA ENGLEZA": 97}, "limba_materna": {"LIMBA ROMANA": 97}, "promotie_anterioara": {"NU": 95, "DA": 2}, "materii": {"LIMBA ROMANA": {"medie": 7.582989690721654, "reusita": 98.96907216494846, "cnt": 97}, "MATEMATICA MATE-INFO": {"medie": 8.340625, "reusita": 100.0, "cnt": 32}, "ANATOMIE SI FIZIOLOGIE UMANA, GENETICA SI ECOLOGIE UMANA": {"medie": 8.24375, "reusita": 95.83333333333334, "cnt": 48}, "GENERAL": {"medie": 7.96545138888889, "reusita": 86.5979381443299, "cnt": 97}, "MATEMATICA ST-NAT": {"medie": 7.395161290322581, "reusita": 87.09677419354838, "cnt": 31}, "CHIMIE ORGANICA TEO NIVEL I/II": {"medie": 9.2, "reusita": 100.0, "cnt": 1}, "INFORMATICA MI C/C++": {"medie": 9.291666666666666, "reusita": 100.0, "cnt": 6}, "ISTORIE": {"medie": 8.283333333333331, "reusita": 94.11764705882352, "cnt": 34}, "LOGICA, ARGUMENTARE SI COMUNICARE": {"medie": 8.034374999999999, "reusita": 93.75, "cnt": 32}, "FIZICA TEO": {"medie": 8.081249999999999, "reusita": 87.5, "cnt": 8}, "FILOSOFIE": {"medie": 9.25, "reusita": 100.0, "cnt": 2}}, "nume": "COLEGIUL NATIONAL \"TITU MAIORESCU\" AIUD\tAlba"}