{"specializari": {"TEHNICIAN IN TURISM": 57, "TEHNICIAN IN ACTIVITATI ECONOMICE": 57, "TEHNICIAN ECOLOG SI PROTECTIA CALITATII MEDIULUI": 25, "TEHNICIAN DESENATOR PENTRU CONSTRUCTII SI INSTALATII": 2, "TEHNICIAN OPERATOR TEHNICA DE CALCUL": 1, "MATEMATICA-INFORMATICA": 2, "TEHNICIAN PROIECTANT CAD": 1}, "limba_moderna": {"LIMBA ENGLEZA": 131, "LIMBA FRANCEZA": 14}, "limba_materna": {"LIMBA ROMANA": 145}, "promotie_anterioara": {"NU": 123, "DA": 22}, "materii": {"LIMBA ROMANA": {"medie": 5.893309859154927, "reusita": 86.89655172413792, "cnt": 145}, "MATEMATICA MATE-INFO": {"medie": 4.525, "reusita": 50.0, "cnt": 2}, "ANATOMIE SI FIZIOLOGIE UMANA, GENETICA SI ECOLOGIE UMANA": {"medie": 5.372727272727273, "reusita": 41.66666666666667, "cnt": 12}, "GENERAL": {"medie": 6.205395683453241, "reusita": 53.79310344827586, "cnt": 145}, "LOGICA, ARGUMENTARE SI COMUNICARE": {"medie": 4.2, "reusita": 0.0, "cnt": 1}, "PSIHOLOGIE": {"medie": 7.65, "reusita": 100.0, "cnt": 1}, "GEOGRAFIE": {"medie": 7.39234234234234, "reusita": 92.85714285714286, "cnt": 112}, "BIOLOGIE VEGETALA SI ANIMALA": {"medie": 4.970588235294119, "reusita": 52.63157894736842, "cnt": 19}, "MATEMATICA TEHN": {"medie": 5.706428571428571, "reusita": 67.83216783216784, "cnt": 143}}, "nume": "COLEGIUL TEHNIC \"ION MINCU\" FOCSANI\tVrancea"}