{"specializari": {"MATEMATICA-INFORMATICA": 118}, "limba_moderna": {"LIMBA ENGLEZA": 117, "LIMBA FRANCEZA": 1}, "limba_materna": {"LIMBA ROMANA": 118}, "promotie_anterioara": {"NU": 118}, "materii": {"LIMBA ROMANA": {"medie": 8.85466101694915, "reusita": 100.0, "cnt": 118}, "MATEMATICA MATE-INFO": {"medie": 9.162288135593217, "reusita": 100.0, "cnt": 118}, "GENERAL": {"medie": 8.972598870056498, "reusita": 99.15254237288136, "cnt": 118}, "CHIMIE ORGANICA TEO NIVEL I/II": {"medie": 9.469999999999999, "reusita": 100.0, "cnt": 5}, "INFORMATICA MI C/C++": {"medie": 8.82857142857143, "reusita": 100.0, "cnt": 35}, "FIZICA TEO": {"medie": 8.90326086956522, "reusita": 97.82608695652173, "cnt": 46}, "BIOLOGIE VEGETALA SI ANIMALA": {"medie": 8.887500000000001, "reusita": 100.0, "cnt": 32}}, "nume": "COLEGIUL NATIONAL MILITAR \"STEFAN CEL MARE\" CAMPULUNG MOLDOVENESC\tSuceava"}