{"specializari": {"MATEMATICA-INFORMATICA": 87, "FILOLOGIE": 34, "STIINTE ALE NATURII": 28}, "limba_moderna": {"LIMBA ENGLEZA": 145, "LIMBA FRANCEZA": 2, "LIMBA GERMANA MODERNA": 1, "LIMBA RUSA": 1}, "limba_materna": {"LIMBA ROMANA": 149}, "promotie_anterioara": {"NU": 149}, "materii": {"LIMBA ROMANA": {"medie": 9.14560810810811, "reusita": 99.32885906040269, "cnt": 149}, "MATEMATICA MATE-INFO": {"medie": 9.403448275862068, "reusita": 100.0, "cnt": 87}, "ANATOMIE SI FIZIOLOGIE UMANA, GENETICA SI ECOLOGIE UMANA": {"medie": 9.366176470588236, "reusita": 100.0, "cnt": 34}, "GENERAL": {"medie": 9.33130630630631, "reusita": 99.32885906040269, "cnt": 149}, "MATEMATICA ST-NAT": {"medie": 9.521428571428574, "reusita": 100.0, "cnt": 28}, "CHIMIE ORGANICA TEO NIVEL I/II": {"medie": 9.638235294117647, "reusita": 100.0, "cnt": 17}, "INFORMATICA MI C/C++": {"medie": 9.554411764705883, "reusita": 100.0, "cnt": 34}, "ISTORIE": {"medie": 9.113636363636365, "reusita": 97.05882352941177, "cnt": 34}, "LOGICA, ARGUMENTARE SI COMUNICARE": {"medie": 9.681249999999999, "reusita": 94.11764705882352, "cnt": 17}, "FIZICA TEO": {"medie": 9.27608695652174, "reusita": 100.0, "cnt": 23}, "PSIHOLOGIE": {"medie": 8.45, "reusita": 100.0, "cnt": 1}, "GEOGRAFIE": {"medie": 9.58125, "reusita": 100.0, "cnt": 16}, "INFORMATICA SN C/C++": {"medie": 9.6, "reusita": 100.0, "cnt": 4}, "BIOLOGIE VEGETALA SI ANIMALA": {"medie": 9.516666666666667, "reusita": 100.0, "cnt": 3}}, "nume": "COLEGIUL NATIONAL \"COSTACHE NEGRUZZI\", IASI\tIa\u0219i"}