{"specializari": {"MATEMATICA-INFORMATICA": 94, "STIINTE ALE NATURII": 33, "STIINTE SOCIALE": 33, "FILOLOGIE": 32}, "limba_moderna": {"LIMBA ENGLEZA": 184, "LIMBA FRANCEZA": 6, "LIMBA GERMANA MODERNA": 2}, "limba_materna": {"LIMBA ROMANA": 192}, "promotie_anterioara": {"NU": 192}, "materii": {"LIMBA ROMANA": {"medie": 8.735677083333336, "reusita": 100.0, "cnt": 192}, "MATEMATICA MATE-INFO": {"medie": 9.464361702127661, "reusita": 100.0, "cnt": 94}, "ANATOMIE SI FIZIOLOGIE UMANA, GENETICA SI ECOLOGIE UMANA": {"medie": 8.723333333333333, "reusita": 100.0, "cnt": 15}, "GENERAL": {"medie": 9.128559027777783, "reusita": 98.95833333333334, "cnt": 192}, "MATEMATICA ST-NAT": {"medie": 9.534848484848485, "reusita": 100.0, "cnt": 33}, "CHIMIE ORGANICA TEO NIVEL I/II": {"medie": 9.443333333333335, "reusita": 100.0, "cnt": 15}, "INFORMATICA MI C/C++": {"medie": 9.604166666666664, "reusita": 100.0, "cnt": 36}, "ISTORIE": {"medie": 9.105384615384617, "reusita": 100.0, "cnt": 65}, "LOGICA, ARGUMENTARE SI COMUNICARE": {"medie": 9.613043478260868, "reusita": 100.0, "cnt": 23}, "FIZICA TEO": {"medie": 9.360526315789473, "reusita": 100.0, "cnt": 57}, "SOCIOLOGIE": {"medie": 9.200000000000001, "reusita": 100.0, "cnt": 3}, "PSIHOLOGIE": {"medie": 8.95, "reusita": 100.0, "cnt": 1}, "GEOGRAFIE": {"medie": 9.089583333333334, "reusita": 100.0, "cnt": 24}, "BIOLOGIE VEGETALA SI ANIMALA": {"medie": 9.15, "reusita": 100.0, "cnt": 4}, "ECONOMIE": {"medie": 8.603571428571428, "reusita": 100.0, "cnt": 14}}, "nume": "COLEGIUL NATIONAL \"UNIREA\" FOCSANI\tVrancea"}