{"specializari": {"TEHNICIAN ELECTRICIAN/ELECTRONIST AUTO": 8, "TEHNICIAN TRANSPORTURI": 23, "TEHNICIAN MECATRONIST": 1}, "limba_moderna": {"LIMBA ENGLEZA": 31, "LIMBA FRANCEZA": 1}, "limba_materna": {"LIMBA ROMANA": 32}, "promotie_anterioara": {"NU": 21, "DA": 11}, "materii": {"LIMBA ROMANA": {"medie": 6.024193548387097, "reusita": 90.625, "cnt": 32}, "GENERAL": {"medie": 6.151149425287356, "reusita": 43.75, "cnt": 32}, "BIOLOGIE VEGETALA SI ANIMALA": {"medie": 6.123913043478262, "reusita": 62.5, "cnt": 24}, "MATEMATICA TEHN": {"medie": 6.520967741935483, "reusita": 90.625, "cnt": 32}, "FIZICA TEH": {"medie": 4.55, "reusita": 60.0, "cnt": 5}, "CHIMIE ANORGANICA TEH NIVEL I/II": {"medie": 5.366666666666667, "reusita": 66.66666666666666, "cnt": 3}}, "nume": "COLEGIUL TEHNIC AUTO \"TRAIAN VUIA\" FOCSANI\tVrancea"}