{"specializari": {"MATEMATICA-INFORMATICA": 150, "FILOLOGIE": 60, "STIINTE ALE NATURII": 57}, "limba_moderna": {"LIMBA ENGLEZA": 262, "LIMBA FRANCEZA": 5}, "limba_materna": {"LIMBA ROMANA": 267}, "promotie_anterioara": {"NU": 267}, "materii": {"LIMBA ROMANA": {"medie": 9.13707865168539, "reusita": 100.0, "cnt": 267}, "MATEMATICA MATE-INFO": {"medie": 9.446333333333337, "reusita": 100.0, "cnt": 150}, "ANATOMIE SI FIZIOLOGIE UMANA, GENETICA SI ECOLOGIE UMANA": {"medie": 9.111458333333335, "reusita": 100.0, "cnt": 48}, "GENERAL": {"medie": 9.305805243445686, "reusita": 100.0, "cnt": 267}, "MATEMATICA ST-NAT": {"medie": 9.60877192982456, "reusita": 100.0, "cnt": 57}, "CHIMIE ORGANICA TEO NIVEL I/II": {"medie": 9.58645833333333, "reusita": 100.0, "cnt": 48}, "CHIMIE ANORGANICA TEO NIVEL I/II": {"medie": 9.106250000000001, "reusita": 100.0, "cnt": 8}, "INFORMATICA MI C/C++": {"medie": 9.63095238095238, "reusita": 100.0, "cnt": 42}, "ISTORIE": {"medie": 9.175833333333337, "reusita": 100.0, "cnt": 60}, "LOGICA, ARGUMENTARE SI COMUNICARE": {"medie": 9.517307692307693, "reusita": 100.0, "cnt": 26}, "FIZICA TEO": {"medie": 9.321818181818182, "reusita": 100.0, "cnt": 55}, "SOCIOLOGIE": {"medie": 9.504999999999999, "reusita": 100.0, "cnt": 10}, "PSIHOLOGIE": {"medie": 8.45, "reusita": 100.0, "cnt": 5}, "GEOGRAFIE": {"medie": 9.625, "reusita": 100.0, "cnt": 8}, "BIOLOGIE VEGETALA SI ANIMALA": {"medie": 9.35, "reusita": 100.0, "cnt": 6}, "FILOSOFIE": {"medie": 8.425, "reusita": 100.0, "cnt": 2}, "ECONOMIE": {"medie": 8.544444444444444, "reusita": 100.0, "cnt": 9}}, "nume": "COLEGIUL NATIONAL \"GHEORGHE SINCAI\"\tBucure\u0219ti"}