{"specializari": {"TEHNICIAN IN GASTRONOMIE": 22, "TEHNICIAN IN TURISM": 11, "TEHNICIAN IN HOTELARIE": 2, "TEHNICIAN DESIGNER VESTIMENTAR": 5, "ORGANIZATOR BANQUETING": 4, "TEHNICIAN IN INDUSTRIA TEXTILA": 3}, "limba_moderna": {"LIMBA ENGLEZA": 38, "LIMBA FRANCEZA": 9}, "limba_materna": {"LIMBA ROMANA": 47}, "promotie_anterioara": {"NU": 27, "DA": 20}, "materii": {"LIMBA ROMANA": {"medie": 5.510227272727273, "reusita": 74.46808510638297, "cnt": 47}, "GENERAL": {"medie": 6.108333333333334, "reusita": 46.808510638297875, "cnt": 47}, "LOGICA, ARGUMENTARE SI COMUNICARE": {"medie": 8.6, "reusita": 100.0, "cnt": 1}, "PSIHOLOGIE": {"medie": 7.1, "reusita": 100.0, "cnt": 1}, "GEOGRAFIE": {"medie": 6.898437500000001, "reusita": 78.37837837837837, "cnt": 37}, "BIOLOGIE VEGETALA SI ANIMALA": {"medie": 5.074999999999999, "reusita": 75.0, "cnt": 4}, "MATEMATICA TEHN": {"medie": 5.453571428571429, "reusita": 65.95744680851064, "cnt": 47}, "FIZICA TEH": {"medie": 3.216666666666667, "reusita": 25.0, "cnt": 4}}, "nume": "COLEGIUL TEHNIC \"GHEORGHE ASACHI\" FOCSANI\tVrancea"}