{"specializari": {"MATEMATICA-INFORMATICA": 65, "FILOLOGIE": 61, "TEHNICIAN IN ACTIVITATI ECONOMICE": 27, "STIINTE ALE NATURII": 24}, "limba_moderna": {"LIMBA ENGLEZA": 175, "LIMBA FRANCEZA": 2}, "limba_materna": {"LIMBA ROMANA": 117, "LIMBA MAGHIARA": 60}, "promotie_anterioara": {"NU": 166, "DA": 11}, "materii": {"LIMBA ROMANA": {"medie": 7.3053672316384155, "reusita": 92.65536723163842, "cnt": 177}, "MATEMATICA MATE-INFO": {"medie": 8.247692307692304, "reusita": 98.46153846153847, "cnt": 65}, "ANATOMIE SI FIZIOLOGIE UMANA, GENETICA SI ECOLOGIE UMANA": {"medie": 8.58846153846154, "reusita": 100.0, "cnt": 26}, "GENERAL": {"medie": 8.080279356060606, "reusita": 90.96045197740112, "cnt": 177}, "MATEMATICA ST-NAT": {"medie": 8.460416666666665, "reusita": 100.0, "cnt": 24}, "INFORMATICA MI C/C++": {"medie": 7.887500000000001, "reusita": 100.0, "cnt": 8}, "ISTORIE": {"medie": 7.745081967213112, "reusita": 98.36065573770492, "cnt": 61}, "FIZICA TEO": {"medie": 8.683870967741937, "reusita": 100.0, "cnt": 31}, "SOCIOLOGIE": {"medie": 8.333333333333334, "reusita": 100.0, "cnt": 12}, "PSIHOLOGIE": {"medie": 9.25, "reusita": 100.0, "cnt": 1}, "GEOGRAFIE": {"medie": 8.625333333333336, "reusita": 100.0, "cnt": 75}, "BIOLOGIE VEGETALA SI ANIMALA": {"medie": 7.943478260869565, "reusita": 95.83333333333334, "cnt": 24}, "MATEMATICA TEHN": {"medie": 8.618518518518519, "reusita": 100.0, "cnt": 27}, "LIMBA MAGHIARA (REAL)": {"medie": 8.33636363636364, "reusita": 100.0, "cnt": 33}, "LIMBA MAGHIARA (UMAN)": {"medie": 8.103703703703703, "reusita": 100.0, "cnt": 27}}, "nume": "COLEGIUL NATIONAL \"SIMION BARNUTIU\" SIMLEU SILVANIEI\tS\u0103laj"}