{"specializari": {"FILOLOGIE": 60, "STIINTE ALE NATURII": 30, "MATEMATICA-INFORMATICA": 31}, "limba_moderna": {"LIMBA ENGLEZA": 112, "LIMBA GERMANA MODERNA": 3, "LIMBA FRANCEZA": 6}, "limba_materna": {"LIMBA ROMANA": 121}, "promotie_anterioara": {"NU": 120, "DA": 1}, "materii": {"LIMBA ROMANA": {"medie": 8.207851239669422, "reusita": 100.0, "cnt": 121}, "MATEMATICA MATE-INFO": {"medie": 9.093548387096773, "reusita": 100.0, "cnt": 31}, "ANATOMIE SI FIZIOLOGIE UMANA, GENETICA SI ECOLOGIE UMANA": {"medie": 9.171794871794875, "reusita": 100.0, "cnt": 39}, "GENERAL": {"medie": 8.723553719008263, "reusita": 100.0, "cnt": 121}, "MATEMATICA ST-NAT": {"medie": 8.973333333333334, "reusita": 100.0, "cnt": 30}, "CHIMIE ORGANICA TEO NIVEL I/II": {"medie": 10.0, "reusita": 100.0, "cnt": 1}, "INFORMATICA MI C/C++": {"medie": 9.428571428571429, "reusita": 100.0, "cnt": 21}, "ISTORIE": {"medie": 8.291666666666666, "reusita": 100.0, "cnt": 60}, "LOGICA, ARGUMENTARE SI COMUNICARE": {"medie": 9.428260869565216, "reusita": 100.0, "cnt": 46}, "SOCIOLOGIE": {"medie": 9.118181818181819, "reusita": 100.0, "cnt": 11}, "GEOGRAFIE": {"medie": 8.4, "reusita": 100.0, "cnt": 3}}, "nume": "COLEGIUL NATIONAL \"ONISIFOR GHIBU\" ORADEA\tBihor"}