{"specializari": {"FILOLOGIE": 32, "STIINTE SOCIALE": 29, "MATEMATICA-INFORMATICA": 33, "TEHNICIAN MECATRONIST": 24, "TEHNICIAN IN INSTALATII ELECTRICE": 25, "TEHNICIAN ELECTROMECANIC": 12, "TEHNICIAN MECANIC PENTRU INTRETINERE SI REPARATII": 7, "TEHNICIAN PRELUCRARI MECANICE": 3, "TEHNICIAN ECOLOG SI PROTECTIA CALITATII MEDIULUI": 9}, "limba_moderna": {"LIMBA ENGLEZA": 160, "LIMBA FRANCEZA": 5, "LIMBA SPANIOLA": 9}, "limba_materna": {"LIMBA ROMANA": 174}, "promotie_anterioara": {"NU": 131, "DA": 43}, "materii": {"LIMBA ROMANA": {"medie": 6.202339181286548, "reusita": 87.93103448275862, "cnt": 174}, "MATEMATICA MATE-INFO": {"medie": 6.7359374999999995, "reusita": 87.87878787878788, "cnt": 33}, "ANATOMIE SI FIZIOLOGIE UMANA, GENETICA SI ECOLOGIE UMANA": {"medie": 6.574074074074075, "reusita": 82.75862068965517, "cnt": 29}, "GENERAL": {"medie": 6.297690763052209, "reusita": 61.49425287356321, "cnt": 174}, "INFORMATICA MI C/C++": {"medie": 6.133333333333333, "reusita": 100.0, "cnt": 9}, "ISTORIE": {"medie": 6.975409836065573, "reusita": 91.80327868852459, "cnt": 61}, "LOGICA, ARGUMENTARE SI COMUNICARE": {"medie": 7.866666666666666, "reusita": 100.0, "cnt": 3}, "FIZICA TEO": {"medie": 5.725, "reusita": 100.0, "cnt": 2}, "SOCIOLOGIE": {"medie": 7.595454545454547, "reusita": 90.9090909090909, "cnt": 33}, "PSIHOLOGIE": {"medie": 8.461111111111112, "reusita": 100.0, "cnt": 9}, "GEOGRAFIE": {"medie": 9.015625000000002, "reusita": 100.0, "cnt": 16}, "BIOLOGIE VEGETALA SI ANIMALA": {"medie": 5.049242424242423, "reusita": 52.85714285714286, "cnt": 70}, "MATEMATICA TEHN": {"medie": 5.29407894736842, "reusita": 71.25, "cnt": 80}, "FIZICA TEH": {"medie": 3.15, "reusita": 50.0, "cnt": 2}, "CHIMIE ANORGANICA TEH NIVEL I/II": {"medie": 6.05, "reusita": 100.0, "cnt": 1}}, "nume": "COLEGIUL TEHNIC \"PETRU MAIOR\"\tBucure\u0219ti"}