{"specializari": {"INVATATOR - EDUCATOARE": 28, "STIINTE ALE NATURII": 30, "TEOLOGIE ORTODOXA": 29, "MATEMATICA-INFORMATICA": 30, "FILOLOGIE": 31}, "limba_moderna": {"LIMBA ENGLEZA": 147, "LIMBA FRANCEZA": 1}, "limba_materna": {"LIMBA ROMANA": 148}, "promotie_anterioara": {"NU": 143, "DA": 5}, "materii": {"LIMBA ROMANA": {"medie": 7.907432432432434, "reusita": 100.0, "cnt": 148}, "MATEMATICA MATE-INFO": {"medie": 9.061666666666667, "reusita": 100.0, "cnt": 30}, "ANATOMIE SI FIZIOLOGIE UMANA, GENETICA SI ECOLOGIE UMANA": {"medie": 9.580769230769235, "reusita": 100.0, "cnt": 39}, "GENERAL": {"medie": 8.494031531531531, "reusita": 92.56756756756756, "cnt": 148}, "MATEMATICA ST-NAT": {"medie": 9.491666666666665, "reusita": 100.0, "cnt": 30}, "CHIMIE ORGANICA TEO NIVEL I/II": {"medie": 10.0, "reusita": 100.0, "cnt": 2}, "INFORMATICA MI C/C++": {"medie": 8.642857142857142, "reusita": 100.0, "cnt": 7}, "ISTORIE": {"medie": 7.4350000000000005, "reusita": 88.33333333333333, "cnt": 60}, "LOGICA, ARGUMENTARE SI COMUNICARE": {"medie": 9.254545454545452, "reusita": 100.0, "cnt": 11}, "MATEMATICA PED": {"medie": 9.530357142857142, "reusita": 100.0, "cnt": 28}, "SOCIOLOGIE": {"medie": 8.85, "reusita": 100.0, "cnt": 2}, "PSIHOLOGIE": {"medie": 8.542857142857141, "reusita": 100.0, "cnt": 7}, "GEOGRAFIE": {"medie": 8.728030303030302, "reusita": 100.0, "cnt": 66}, "BIOLOGIE VEGETALA SI ANIMALA": {"medie": 8.950000000000001, "reusita": 100.0, "cnt": 12}, "FILOSOFIE": {"medie": 7.300000000000001, "reusita": 100.0, "cnt": 2}}, "nume": "COLEGIUL NATIONAL PEDAGOGIC \"CARMEN SYLVA\" TIMISOARA\tTimi\u0219"}