{"specializari": {"INVATATOR - EDUCATOARE": 53, "FILOLOGIE": 28, "STIINTE ALE NATURII": 29}, "limba_moderna": {"LIMBA ENGLEZA": 108, "LIMBA FRANCEZA": 2}, "limba_materna": {"LIMBA ROMANA": 110}, "promotie_anterioara": {"NU": 109, "DA": 1}, "materii": {"LIMBA ROMANA": {"medie": 7.690000000000004, "reusita": 98.18181818181819, "cnt": 110}, "ANATOMIE SI FIZIOLOGIE UMANA, GENETICA SI ECOLOGIE UMANA": {"medie": 7.378571428571429, "reusita": 100.0, "cnt": 7}, "GENERAL": {"medie": 8.233484848484851, "reusita": 96.36363636363636, "cnt": 110}, "MATEMATICA ST-NAT": {"medie": 7.839655172413793, "reusita": 100.0, "cnt": 29}, "CHIMIE ORGANICA TEO NIVEL I/II": {"medie": 9.275, "reusita": 100.0, "cnt": 2}, "ISTORIE": {"medie": 8.773214285714284, "reusita": 100.0, "cnt": 28}, "LOGICA, ARGUMENTARE SI COMUNICARE": {"medie": 8.833333333333334, "reusita": 100.0, "cnt": 9}, "MATEMATICA PED": {"medie": 9.040566037735848, "reusita": 100.0, "cnt": 53}, "FIZICA TEO": {"medie": 7.65, "reusita": 100.0, "cnt": 1}, "PSIHOLOGIE": {"medie": 8.021875, "reusita": 100.0, "cnt": 16}, "GEOGRAFIE": {"medie": 8.883035714285715, "reusita": 100.0, "cnt": 56}, "INFORMATICA SN C/C++": {"medie": 6.5875, "reusita": 75.0, "cnt": 4}, "BIOLOGIE VEGETALA SI ANIMALA": {"medie": 7.3, "reusita": 100.0, "cnt": 15}}, "nume": "COLEGIUL NATIONAL PEDAGOGIC \"DUMITRU PANAITESCU PERPESSICIUS\"\tBr\u0103ila"}