{"specializari": {"LICEU CU PROGRAM SPORTIV": 75, "MATEMATICA-INFORMATICA": 25, "TEHNICIAN IN INSTALATII ELECTRICE": 12, "TEHNICIAN TRANSPORTURI": 2}, "limba_moderna": {"LIMBA ENGLEZA": 112, "LIMBA FRANCEZA": 2}, "limba_materna": {"LIMBA ROMANA": 114}, "promotie_anterioara": {"NU": 93, "DA": 21}, "materii": {"LIMBA ROMANA": {"medie": 5.620720720720723, "reusita": 72.80701754385966, "cnt": 114}, "MATEMATICA MATE-INFO": {"medie": 2.0142857142857147, "reusita": 8.0, "cnt": 25}, "ANATOMIE SI FIZIOLOGIE UMANA, GENETICA SI ECOLOGIE UMANA": {"medie": 3.999999999999999, "reusita": 22.22222222222222, "cnt": 18}, "GENERAL": {"medie": 5.708496732026142, "reusita": 42.10526315789473, "cnt": 114}, "INFORMATICA MI C/C++": {"medie": 4.8, "reusita": 50.0, "cnt": 2}, "ISTORIE": {"medie": 6.006164383561646, "reusita": 85.33333333333334, "cnt": 75}, "LOGICA, ARGUMENTARE SI COMUNICARE": {"medie": 7.790625000000001, "reusita": 88.23529411764706, "cnt": 17}, "GEOGRAFIE": {"medie": 7.475000000000001, "reusita": 91.37931034482759, "cnt": 58}, "BIOLOGIE VEGETALA SI ANIMALA": {"medie": 3.585294117647059, "reusita": 22.22222222222222, "cnt": 18}, "MATEMATICA TEHN": {"medie": 3.2571428571428576, "reusita": 28.57142857142857, "cnt": 14}, "FIZICA TEH": {"medie": "-", "reusita": 0.0, "cnt": 1}}, "nume": "COLEGIUL TEHNIC FEROVIAR \"MIHAI I\"\tBucure\u0219ti"}