{"specializari": {"FILOLOGIE": 28, "MATEMATICA-INFORMATICA": 64, "INVATATOR - EDUCATOARE": 60, "STIINTE SOCIALE": 91}, "limba_moderna": {"LIMBA ENGLEZA": 241, "LIMBA FRANCEZA": 2}, "limba_materna": {"LIMBA ROMANA": 243}, "promotie_anterioara": {"NU": 242, "DA": 1}, "materii": {"LIMBA ROMANA": {"medie": 8.521399176954732, "reusita": 99.58847736625515, "cnt": 243}, "MATEMATICA MATE-INFO": {"medie": 8.71953125, "reusita": 100.0, "cnt": 64}, "ANATOMIE SI FIZIOLOGIE UMANA, GENETICA SI ECOLOGIE UMANA": {"medie": 7.913333333333332, "reusita": 100.0, "cnt": 15}, "GENERAL": {"medie": 8.757133058984905, "reusita": 99.58847736625515, "cnt": 243}, "CHIMIE ORGANICA TEO NIVEL I/II": {"medie": 8.816666666666666, "reusita": 100.0, "cnt": 3}, "INFORMATICA MI C/C++": {"medie": 9.22625, "reusita": 100.0, "cnt": 40}, "ISTORIE": {"medie": 8.50126050420168, "reusita": 100.0, "cnt": 119}, "LOGICA, ARGUMENTARE SI COMUNICARE": {"medie": 9.194, "reusita": 100.0, "cnt": 125}, "MATEMATICA PED": {"medie": 9.414166666666667, "reusita": 100.0, "cnt": 60}, "FIZICA TEO": {"medie": 7.116666666666666, "reusita": 100.0, "cnt": 6}, "SOCIOLOGIE": {"medie": 8.3, "reusita": 100.0, "cnt": 1}, "PSIHOLOGIE": {"medie": 8.756666666666664, "reusita": 100.0, "cnt": 15}, "GEOGRAFIE": {"medie": 9.034375000000002, "reusita": 100.0, "cnt": 32}, "FILOSOFIE": {"medie": 6.3, "reusita": 100.0, "cnt": 1}, "ECONOMIE": {"medie": 7.5, "reusita": 100.0, "cnt": 5}}, "nume": "COLEGIUL NATIONAL \"MIHAI EMINESCU\" SUCEAVA\tSuceava"}