{"specializari": {"INVATATOR - EDUCATOARE": 44, "MATEMATICA-INFORMATICA": 33, "STIINTE SOCIALE": 19, "EDUCATOR-PUERICULTOR": 13, "FILOLOGIE": 18}, "limba_moderna": {"LIMBA ENGLEZA": 127}, "limba_materna": {"LIMBA ROMANA": 127}, "promotie_anterioara": {"NU": 125, "DA": 2}, "materii": {"LIMBA ROMANA": {"medie": 8.455905511811023, "reusita": 100.0, "cnt": 127}, "MATEMATICA MATE-INFO": {"medie": 8.674242424242424, "reusita": 96.96969696969697, "cnt": 33}, "ANATOMIE SI FIZIOLOGIE UMANA, GENETICA SI ECOLOGIE UMANA": {"medie": 7.83, "reusita": 100.0, "cnt": 5}, "GENERAL": {"medie": 8.715485564304453, "reusita": 97.63779527559055, "cnt": 127}, "CHIMIE ORGANICA TEO NIVEL I/II": {"medie": 9.1, "reusita": 100.0, "cnt": 1}, "CHIMIE ANORGANICA TEO NIVEL I/II": {"medie": 6.983333333333333, "reusita": 100.0, "cnt": 3}, "INFORMATICA MI C/C++": {"medie": 8.536842105263156, "reusita": 100.0, "cnt": 19}, "ISTORIE": {"medie": 8.376, "reusita": 100.0, "cnt": 50}, "LOGICA, ARGUMENTARE SI COMUNICARE": {"medie": 8.700000000000001, "reusita": 100.0, "cnt": 3}, "MATEMATICA PED": {"medie": 9.462499999999999, "reusita": 100.0, "cnt": 44}, "FIZICA TEO": {"medie": 7.316666666666666, "reusita": 66.66666666666666, "cnt": 3}, "SOCIOLOGIE": {"medie": 8.1, "reusita": 100.0, "cnt": 1}, "PSIHOLOGIE": {"medie": 9.166666666666666, "reusita": 100.0, "cnt": 3}, "GEOGRAFIE": {"medie": 9.148837209302329, "reusita": 100.0, "cnt": 86}, "BIOLOGIE VEGETALA SI ANIMALA": {"medie": 7.550000000000001, "reusita": 100.0, "cnt": 2}, "ECONOMIE": {"medie": 8.35, "reusita": 100.0, "cnt": 1}}, "nume": "COLEGIUL NATIONAL PEDAGOGIC \"REGINA MARIA\" DEVA\tHunedoara"}