{"specializari": {"FILOLOGIE": 37, "STIINTE ALE NATURII": 28, "MATEMATICA-INFORMATICA": 76, "TEHNICIAN PROIECTANT CAD": 24, "TEHNICIAN IN AUTOMATIZARI": 49, "TEHNICIAN MECATRONIST": 47, "TEHNICIAN MECANIC PENTRU INTRETINERE SI REPARATII": 18, "TEHNICIAN DE TELECOMUNICATII": 2}, "limba_moderna": {"LIMBA ENGLEZA": 277, "LIMBA FRANCEZA": 4}, "limba_materna": {"LIMBA ROMANA": 281}, "promotie_anterioara": {"NU": 248, "DA": 33}, "materii": {"LIMBA ROMANA": {"medie": 6.953971119133576, "reusita": 97.15302491103202, "cnt": 281}, "MATEMATICA MATE-INFO": {"medie": 7.001333333333334, "reusita": 92.10526315789474, "cnt": 76}, "ANATOMIE SI FIZIOLOGIE UMANA, GENETICA SI ECOLOGIE UMANA": {"medie": 7.1899999999999995, "reusita": 95.0, "cnt": 20}, "GENERAL": {"medie": 7.188209876543205, "reusita": 78.29181494661923, "cnt": 281}, "MATEMATICA ST-NAT": {"medie": 8.064814814814817, "reusita": 96.42857142857143, "cnt": 28}, "CHIMIE ORGANICA TEO NIVEL I/II": {"medie": 7.409999999999999, "reusita": 100.0, "cnt": 5}, "CHIMIE ANORGANICA TEO NIVEL I/II": {"medie": 8.65, "reusita": 100.0, "cnt": 1}, "INFORMATICA MI C/C++": {"medie": 7.669565217391306, "reusita": 95.83333333333334, "cnt": 24}, "ISTORIE": {"medie": 8.283783783783786, "reusita": 91.8918918918919, "cnt": 37}, "LOGICA, ARGUMENTARE SI COMUNICARE": {"medie": 7.864999999999999, "reusita": 86.66666666666667, "cnt": 30}, "FIZICA TEO": {"medie": 7.153125, "reusita": 93.75, "cnt": 16}, "PSIHOLOGIE": {"medie": 8.5, "reusita": 100.0, "cnt": 2}, "GEOGRAFIE": {"medie": 8.2, "reusita": 100.0, "cnt": 5}, "INFORMATICA SN C/C++": {"medie": 7.749999999999999, "reusita": 100.0, "cnt": 4}, "BIOLOGIE VEGETALA SI ANIMALA": {"medie": 6.738607594936712, "reusita": 85.88957055214725, "cnt": 163}, "MATEMATICA TEHN": {"medie": 7.289849624060147, "reusita": 92.14285714285714, "cnt": 140}, "CHIMIE ORGANICA TEH NIVEL I/II": {"medie": 9.8, "reusita": 100.0, "cnt": 1}, "FIZICA TEH": {"medie": 6.49375, "reusita": 87.5, "cnt": 8}, "CHIMIE ANORGANICA TEH NIVEL I/II": {"medie": 7.725, "reusita": 100.0, "cnt": 2}}, "nume": "COLEGIUL \"SPIRU HARET\", MUNICIPIUL PLOIESTI\tPrahova"}