{"specializari": {"INVATATOR - EDUCATOARE": 55, "FILOLOGIE": 31, "STIINTE SOCIALE": 27, "STIINTE ALE NATURII": 1}, "limba_moderna": {"LIMBA FRANCEZA": 3, "LIMBA ENGLEZA": 111}, "limba_materna": {"LIMBA ROMANA": 114}, "promotie_anterioara": {"NU": 112, "DA": 2}, "materii": {"LIMBA ROMANA": {"medie": 7.7035087719298225, "reusita": 97.36842105263158, "cnt": 114}, "ANATOMIE SI FIZIOLOGIE UMANA, GENETICA SI ECOLOGIE UMANA": {"medie": 6.45, "reusita": 100.0, "cnt": 1}, "GENERAL": {"medie": 8.406047197640119, "reusita": 94.73684210526315, "cnt": 114}, "MATEMATICA ST-NAT": {"medie": 5.4, "reusita": 100.0, "cnt": 1}, "ISTORIE": {"medie": 8.275862068965518, "reusita": 98.27586206896551, "cnt": 58}, "LOGICA, ARGUMENTARE SI COMUNICARE": {"medie": 9.013392857142858, "reusita": 96.46017699115043, "cnt": 113}, "MATEMATICA PED": {"medie": 8.738181818181818, "reusita": 98.18181818181819, "cnt": 55}}, "nume": "COLEGIUL NATIONAL PEDAGOGIC \"CAROL I\" CAMPULUNG\tArge\u0219"}