{"specializari": {"TEHNICIAN IN ACTIVITATI DE COMERT": 45, "TEHNICIAN IN ACTIVITATI ECONOMICE": 91, "TEHNICIAN IN TURISM": 29, "TEHNICIAN IN GASTRONOMIE": 19, "ORGANIZATOR BANQUETING": 35, "TEHNICIAN IN INDUSTRIA ALIMENTARA": 19}, "limba_moderna": {"LIMBA ENGLEZA": 228, "LIMBA FRANCEZA": 8, "LIMBA RUSA": 2}, "limba_materna": {"LIMBA ROMANA": 238}, "promotie_anterioara": {"NU": 229, "DA": 9}, "materii": {"LIMBA ROMANA": {"medie": 7.08813559322034, "reusita": 97.05882352941177, "cnt": 238}, "ANATOMIE SI FIZIOLOGIE UMANA, GENETICA SI ECOLOGIE UMANA": {"medie": 7.577777777777777, "reusita": 94.44444444444444, "cnt": 18}, "GENERAL": {"medie": 7.6821067821067786, "reusita": 89.91596638655463, "cnt": 238}, "LOGICA, ARGUMENTARE SI COMUNICARE": {"medie": 8.118750000000002, "reusita": 92.0, "cnt": 25}, "PSIHOLOGIE": {"medie": 6.18125, "reusita": 100.0, "cnt": 8}, "GEOGRAFIE": {"medie": 8.28459459459459, "reusita": 98.38709677419355, "cnt": 186}, "BIOLOGIE VEGETALA SI ANIMALA": {"medie": 7.5, "reusita": 100.0, "cnt": 1}, "MATEMATICA TEHN": {"medie": 7.739316239316241, "reusita": 95.7983193277311, "cnt": 238}}, "nume": "COLEGIUL ECONOMIC \"VIRGIL MADGEARU\", IASI\tIa\u0219i"}