{"specializari": {"TEHNICIAN IN TURISM": 58, "TEHNICIAN IN ACTIVITATI ECONOMICE": 131, "ORGANIZATOR BANQUETING": 27, "TEHNICIAN IN GASTRONOMIE": 23, "TEHNICIAN IN ACTIVITATI DE COMERT": 20, "TEHNICIAN IN ADMINISTRATIE": 27}, "limba_moderna": {"LIMBA ENGLEZA": 280, "LIMBA FRANCEZA": 6}, "limba_materna": {"LIMBA ROMANA": 286}, "promotie_anterioara": {"NU": 256, "DA": 30}, "materii": {"LIMBA ROMANA": {"medie": 6.179858657243816, "reusita": 90.9090909090909, "cnt": 286}, "GENERAL": {"medie": 6.784306569343064, "reusita": 70.27972027972028, "cnt": 286}, "LOGICA, ARGUMENTARE SI COMUNICARE": {"medie": 8.26122448979592, "reusita": 94.0, "cnt": 50}, "GEOGRAFIE": {"medie": 7.38766233766234, "reusita": 94.44444444444444, "cnt": 234}, "MATEMATICA TEHN": {"medie": 6.541459074733096, "reusita": 84.61538461538461, "cnt": 286}, "ECONOMIE": {"medie": 6.725, "reusita": 100.0, "cnt": 2}}, "nume": "COLEGIUL ECONOMIC \"PARTENIE COSMA\" ORADEA\tBihor"}