{"specializari": {"MATEMATICA-INFORMATICA": 112, "STIINTE ALE NATURII": 60, "STIINTE SOCIALE": 31}, "limba_moderna": {"LIMBA ENGLEZA": 201, "LIMBA GERMANA MODERNA": 2}, "limba_materna": {"LIMBA ROMANA": 203}, "promotie_anterioara": {"NU": 203}, "materii": {"LIMBA ROMANA": {"medie": 8.639901477832508, "reusita": 100.0, "cnt": 203}, "MATEMATICA MATE-INFO": {"medie": 9.391517857142858, "reusita": 100.0, "cnt": 112}, "ANATOMIE SI FIZIOLOGIE UMANA, GENETICA SI ECOLOGIE UMANA": {"medie": 8.875903614457831, "reusita": 100.0, "cnt": 83}, "GENERAL": {"medie": 8.996715927750405, "reusita": 100.0, "cnt": 203}, "MATEMATICA ST-NAT": {"medie": 8.9375, "reusita": 100.0, "cnt": 60}, "CHIMIE ORGANICA TEO NIVEL I/II": {"medie": 9.133333333333335, "reusita": 100.0, "cnt": 21}, "INFORMATICA MI C/C++": {"medie": 9.382499999999997, "reusita": 100.0, "cnt": 60}, "ISTORIE": {"medie": 9.114516129032259, "reusita": 100.0, "cnt": 31}, "LOGICA, ARGUMENTARE SI COMUNICARE": {"medie": 9.378571428571425, "reusita": 100.0, "cnt": 28}, "FIZICA TEO": {"medie": 9.258333333333335, "reusita": 100.0, "cnt": 6}, "PSIHOLOGIE": {"medie": 8.1, "reusita": 100.0, "cnt": 1}, "GEOGRAFIE": {"medie": 9.25, "reusita": 100.0, "cnt": 2}, "BIOLOGIE VEGETALA SI ANIMALA": {"medie": 9.125, "reusita": 100.0, "cnt": 2}}, "nume": "COLEGIUL NATIONAL \"EMANUIL GOJDU\" ORADEA\tBihor"}