{"specializari": {"FILOLOGIE": 91, "INVATATOR - EDUCATOARE": 55, "MATEMATICA-INFORMATICA": 25}, "limba_moderna": {"LIMBA ENGLEZA": 165, "LIMBA FRANCEZA": 6}, "limba_materna": {"LIMBA ROMANA": 171}, "promotie_anterioara": {"NU": 163, "DA": 8}, "materii": {"LIMBA ROMANA": {"medie": 7.901169590643279, "reusita": 98.83040935672514, "cnt": 171}, "MATEMATICA MATE-INFO": {"medie": 7.246, "reusita": 88.0, "cnt": 25}, "ANATOMIE SI FIZIOLOGIE UMANA, GENETICA SI ECOLOGIE UMANA": {"medie": 7.668181818181818, "reusita": 95.45454545454545, "cnt": 22}, "GENERAL": {"medie": 7.93705882352941, "reusita": 90.64327485380117, "cnt": 171}, "ISTORIE": {"medie": 7.840659340659342, "reusita": 100.0, "cnt": 91}, "LOGICA, ARGUMENTARE SI COMUNICARE": {"medie": 8.360465116279068, "reusita": 93.02325581395348, "cnt": 43}, "MATEMATICA PED": {"medie": 7.969090909090908, "reusita": 90.9090909090909, "cnt": 55}, "FIZICA TEO": {"medie": 7.583333333333333, "reusita": 100.0, "cnt": 3}, "SOCIOLOGIE": {"medie": 7.358333333333333, "reusita": 100.0, "cnt": 6}, "PSIHOLOGIE": {"medie": 6.941666666666666, "reusita": 100.0, "cnt": 6}, "GEOGRAFIE": {"medie": 8.312352941176474, "reusita": 97.67441860465115, "cnt": 86}, "FILOSOFIE": {"medie": 8.7, "reusita": 100.0, "cnt": 1}, "ECONOMIE": {"medie": 5.999999999999999, "reusita": 100.0, "cnt": 4}}, "nume": "COLEGIUL NATIONAL PEDAGOGIC \"MIRCEA SCARLAT\" ALEXANDRIA\tTeleorman"}