{"specializari": {"ORGANIZATOR BANQUETING": 10, "TEHNICIAN IN GASTRONOMIE": 1}, "limba_moderna": {"LIMBA ENGLEZA": 11}, "limba_materna": {"LIMBA ROMANA": 11}, "promotie_anterioara": {"NU": 10, "DA": 1}, "materii": {"LIMBA ROMANA": {"medie": 6.381818181818182, "reusita": 90.9090909090909, "cnt": 11}, "GENERAL": {"medie": 6.831818181818182, "reusita": 63.63636363636363, "cnt": 11}, "GEOGRAFIE": {"medie": 8.404545454545454, "reusita": 100.0, "cnt": 11}, "MATEMATICA TEHN": {"medie": 5.70909090909091, "reusita": 72.72727272727273, "cnt": 11}}, "nume": "COLEGIUL ECONOMIC \"PINTEA VITEAZUL\" CAVNIC\tMaramure\u0219"}