{"specializari": {"MATEMATICA-INFORMATICA": 122, "STIINTE ALE NATURII": 60, "FILOLOGIE": 33}, "limba_moderna": {"LIMBA ENGLEZA": 215}, "limba_materna": {"LIMBA ROMANA": 215}, "promotie_anterioara": {"NU": 215}, "materii": {"LIMBA ROMANA": {"medie": 8.543255813953488, "reusita": 100.0, "cnt": 215}, "MATEMATICA MATE-INFO": {"medie": 9.048770491803277, "reusita": 100.0, "cnt": 122}, "ANATOMIE SI FIZIOLOGIE UMANA, GENETICA SI ECOLOGIE UMANA": {"medie": 8.731122448979592, "reusita": 100.0, "cnt": 98}, "GENERAL": {"medie": 8.810465116279074, "reusita": 100.0, "cnt": 215}, "MATEMATICA ST-NAT": {"medie": 9.103333333333337, "reusita": 100.0, "cnt": 60}, "CHIMIE ORGANICA TEO NIVEL I/II": {"medie": 9.5, "reusita": 100.0, "cnt": 2}, "INFORMATICA MI C/C++": {"medie": 9.2225, "reusita": 100.0, "cnt": 60}, "ISTORIE": {"medie": 8.474242424242426, "reusita": 100.0, "cnt": 33}, "LOGICA, ARGUMENTARE SI COMUNICARE": {"medie": 9.416666666666666, "reusita": 100.0, "cnt": 3}, "FIZICA TEO": {"medie": 8.726190476190476, "reusita": 100.0, "cnt": 21}, "SOCIOLOGIE": {"medie": 10.0, "reusita": 100.0, "cnt": 1}, "PSIHOLOGIE": {"medie": 8.275, "reusita": 100.0, "cnt": 4}, "GEOGRAFIE": {"medie": 9.229166666666666, "reusita": 100.0, "cnt": 24}, "INFORMATICA SN C/C++": {"medie": 5.95, "reusita": 100.0, "cnt": 1}, "ECONOMIE": {"medie": 6.1, "reusita": 100.0, "cnt": 1}}, "nume": "COLEGIUL NATIONAL \"ECATERINA TEODOROIU\" TG-JIU\tGorj"}