{"specializari": {"FILOLOGIE": 59, "STIINTE ALE NATURII": 27, "MATEMATICA-INFORMATICA": 108}, "limba_moderna": {"LIMBA ENGLEZA": 183, "LIMBA FRANCEZA": 11}, "limba_materna": {"LIMBA ROMANA": 194}, "promotie_anterioara": {"NU": 193, "DA": 1}, "materii": {"LIMBA ROMANA": {"medie": 8.67835051546392, "reusita": 100.0, "cnt": 194}, "MATEMATICA MATE-INFO": {"medie": 8.755092592592595, "reusita": 100.0, "cnt": 108}, "ANATOMIE SI FIZIOLOGIE UMANA, GENETICA SI ECOLOGIE UMANA": {"medie": 8.987272727272726, "reusita": 98.18181818181819, "cnt": 55}, "GENERAL": {"medie": 8.765364583333334, "reusita": 97.9381443298969, "cnt": 194}, "MATEMATICA ST-NAT": {"medie": 8.35925925925926, "reusita": 92.5925925925926, "cnt": 27}, "CHIMIE ORGANICA TEO NIVEL I/II": {"medie": 8.7875, "reusita": 100.0, "cnt": 12}, "CHIMIE ANORGANICA TEO NIVEL I/II": {"medie": 9.51, "reusita": 100.0, "cnt": 5}, "INFORMATICA MI C/C++": {"medie": 8.816666666666666, "reusita": 96.7741935483871, "cnt": 31}, "ISTORIE": {"medie": 9.054237288135592, "reusita": 100.0, "cnt": 59}, "LOGICA, ARGUMENTARE SI COMUNICARE": {"medie": 9.665217391304349, "reusita": 95.83333333333334, "cnt": 24}, "FIZICA TEO": {"medie": 7.976666666666666, "reusita": 100.0, "cnt": 30}, "SOCIOLOGIE": {"medie": 8.215, "reusita": 100.0, "cnt": 20}, "PSIHOLOGIE": {"medie": 9.266666666666667, "reusita": 100.0, "cnt": 3}, "GEOGRAFIE": {"medie": 9.107142857142856, "reusita": 100.0, "cnt": 7}, "BIOLOGIE VEGETALA SI ANIMALA": {"medie": 8.7, "reusita": 100.0, "cnt": 2}, "FILOSOFIE": {"medie": 8.45, "reusita": 100.0, "cnt": 1}, "ECONOMIE": {"medie": 7.737500000000001, "reusita": 100.0, "cnt": 4}}, "nume": "COLEGIUL NATIONAL \"MIHAI EMINESCU\"\tBucure\u0219ti"}