{"specializari": {"STIINTE ALE NATURII": 61, "MATEMATICA-INFORMATICA": 49, "FILOLOGIE": 59, "STIINTE SOCIALE": 31}, "limba_moderna": {"LIMBA ENGLEZA": 161, "LIMBA FRANCEZA": 39}, "limba_materna": {"LIMBA ROMANA": 200}, "promotie_anterioara": {"NU": 199, "DA": 1}, "materii": {"LIMBA ROMANA": {"medie": 8.407499999999992, "reusita": 99.5, "cnt": 200}, "MATEMATICA MATE-INFO": {"medie": 9.254081632653062, "reusita": 100.0, "cnt": 49}, "ANATOMIE SI FIZIOLOGIE UMANA, GENETICA SI ECOLOGIE UMANA": {"medie": 9.310869565217391, "reusita": 100.0, "cnt": 23}, "GENERAL": {"medie": 8.877166666666666, "reusita": 98.5, "cnt": 200}, "MATEMATICA ST-NAT": {"medie": 9.450819672131148, "reusita": 100.0, "cnt": 61}, "CHIMIE ORGANICA TEO NIVEL I/II": {"medie": 9.406666666666668, "reusita": 100.0, "cnt": 30}, "CHIMIE ANORGANICA TEO NIVEL I/II": {"medie": 9.8, "reusita": 100.0, "cnt": 2}, "INFORMATICA MI C/C++": {"medie": 8.67222222222222, "reusita": 100.0, "cnt": 18}, "ISTORIE": {"medie": 8.877222222222223, "reusita": 100.0, "cnt": 90}, "LOGICA, ARGUMENTARE SI COMUNICARE": {"medie": 9.137341772151899, "reusita": 100.0, "cnt": 79}, "FIZICA TEO": {"medie": 9.30862068965517, "reusita": 100.0, "cnt": 29}, "SOCIOLOGIE": {"medie": 9.7, "reusita": 100.0, "cnt": 1}, "PSIHOLOGIE": {"medie": 8.09, "reusita": 100.0, "cnt": 5}, "GEOGRAFIE": {"medie": 7.650000000000001, "reusita": 100.0, "cnt": 3}, "INFORMATICA SN C/C++": {"medie": 8.3, "reusita": 100.0, "cnt": 2}, "BIOLOGIE VEGETALA SI ANIMALA": {"medie": 7.849999999999999, "reusita": 100.0, "cnt": 6}, "ECONOMIE": {"medie": 7.625, "reusita": 100.0, "cnt": 2}}, "nume": "COLEGIUL NATIONAL \"ALEXANDRU IOAN CUZA\", MUNICIPIUL PLOIESTI\tPrahova"}