{"specializari": {"STIINTE ALE NATURII": 52, "FILOLOGIE": 36, "MATEMATICA-INFORMATICA": 32, "STIINTE SOCIALE": 35}, "limba_moderna": {"LIMBA ENGLEZA": 122, "LIMBA FRANCEZA": 33}, "limba_materna": {"LIMBA ROMANA": 155}, "promotie_anterioara": {"NU": 152, "DA": 3}, "materii": {"LIMBA ROMANA": {"medie": 7.541233766233767, "reusita": 98.06451612903226, "cnt": 155}, "MATEMATICA MATE-INFO": {"medie": 8.47741935483871, "reusita": 93.75, "cnt": 32}, "ANATOMIE SI FIZIOLOGIE UMANA, GENETICA SI ECOLOGIE UMANA": {"medie": 8.861475409836066, "reusita": 98.38709677419355, "cnt": 62}, "GENERAL": {"medie": 8.187254901960783, "reusita": 95.48387096774194, "cnt": 155}, "MATEMATICA ST-NAT": {"medie": 8.578846153846158, "reusita": 100.0, "cnt": 52}, "INFORMATICA MI C/C++": {"medie": 9.077272727272726, "reusita": 100.0, "cnt": 22}, "ISTORIE": {"medie": 8.019014084507042, "reusita": 100.0, "cnt": 71}, "LOGICA, ARGUMENTARE SI COMUNICARE": {"medie": 7.65, "reusita": 100.0, "cnt": 1}, "SOCIOLOGIE": {"medie": 7.55, "reusita": 100.0, "cnt": 1}, "PSIHOLOGIE": {"medie": 8.287500000000001, "reusita": 100.0, "cnt": 4}, "GEOGRAFIE": {"medie": 8.483846153846153, "reusita": 100.0, "cnt": 65}}, "nume": "COLEGIUL NATIONAL \"AVRAM IANCU\" CAMPENI\tAlba"}