{"specializari": {"TEHNICIAN IN ACTIVITATI ECONOMICE": 23, "TEHNICIAN PRELUCRARI MECANICE": 18, "TEHNICIAN ELECTROMECANIC": 3, "TEHNICIAN PROIECTANT CAD": 1, "STIINTE ALE NATURII": 4, "TEHNICIAN MECATRONIST": 1}, "limba_moderna": {"LIMBA ENGLEZA": 49, "LIMBA FRANCEZA": 1}, "limba_materna": {"LIMBA ROMANA": 50}, "promotie_anterioara": {"NU": 36, "DA": 14}, "materii": {"LIMBA ROMANA": {"medie": 5.716326530612246, "reusita": 74.0, "cnt": 50}, "GENERAL": {"medie": 6.036666666666666, "reusita": 50.0, "cnt": 50}, "MATEMATICA ST-NAT": {"medie": 1.0, "reusita": 0.0, "cnt": 4}, "LOGICA, ARGUMENTARE SI COMUNICARE": {"medie": 8.35, "reusita": 100.0, "cnt": 5}, "GEOGRAFIE": {"medie": 7.667647058823531, "reusita": 94.44444444444444, "cnt": 18}, "BIOLOGIE VEGETALA SI ANIMALA": {"medie": 4.678260869565218, "reusita": 48.0, "cnt": 25}, "MATEMATICA TEHN": {"medie": 6.4188888888888895, "reusita": 76.08695652173914, "cnt": 46}, "FIZICA TEH": {"medie": 5.425, "reusita": 50.0, "cnt": 2}}, "nume": "COLEGIUL TEHNIC \"ION D. LAZARESCU\" CUGIR\tAlba"}