{"specializari": {"TEHNICIAN IN ACTIVITATI ECONOMICE": 15, "TEHNICIAN IN HOTELARIE": 26, "TEHNICIAN IN TURISM": 17, "TEHNICIAN TRANSPORTURI": 20, "TEHNICIAN MECATRONIST": 17, "TEHNICIAN OPERATOR TEHNICA DE CALCUL": 1}, "limba_moderna": {"LIMBA ENGLEZA": 95, "LIMBA FRANCEZA": 1}, "limba_materna": {"LIMBA ROMANA": 96}, "promotie_anterioara": {"NU": 81, "DA": 15}, "materii": {"LIMBA ROMANA": {"medie": 5.819270833333333, "reusita": 89.58333333333334, "cnt": 96}, "GENERAL": {"medie": 5.913670411985019, "reusita": 50.0, "cnt": 96}, "LOGICA, ARGUMENTARE SI COMUNICARE": {"medie": 7.95, "reusita": 100.0, "cnt": 4}, "PSIHOLOGIE": {"medie": 6.236666666666666, "reusita": 86.66666666666667, "cnt": 15}, "GEOGRAFIE": {"medie": 7.130769230769231, "reusita": 94.87179487179486, "cnt": 39}, "BIOLOGIE VEGETALA SI ANIMALA": {"medie": 4.144736842105265, "reusita": 36.84210526315789, "cnt": 38}, "MATEMATICA TEHN": {"medie": 6.05393258426966, "reusita": 73.95833333333334, "cnt": 96}}, "nume": "COLEGIUL TEHNIC \"MIRON COSTIN\", MUNICIPIUL ROMAN\tNeam\u021b"}