{"specializari": {"STIINTE ALE NATURII": 32, "MATEMATICA-INFORMATICA": 172, "FILOLOGIE": 34}, "limba_moderna": {"LIMBA FRANCEZA": 10, "LIMBA ENGLEZA": 226, "LIMBA GERMANA MODERNA": 2}, "limba_materna": {"LIMBA ROMANA": 238}, "promotie_anterioara": {"NU": 238}, "materii": {"LIMBA ROMANA": {"medie": 9.287341772151901, "reusita": 99.57983193277312, "cnt": 238}, "MATEMATICA MATE-INFO": {"medie": 9.591228070175436, "reusita": 99.4186046511628, "cnt": 172}, "ANATOMIE SI FIZIOLOGIE UMANA, GENETICA SI ECOLOGIE UMANA": {"medie": 9.26875, "reusita": 100.0, "cnt": 16}, "GENERAL": {"medie": 9.470112517580864, "reusita": 99.57983193277312, "cnt": 238}, "MATEMATICA ST-NAT": {"medie": 9.726562500000002, "reusita": 100.0, "cnt": 32}, "CHIMIE ORGANICA TEO NIVEL I/II": {"medie": 9.759090909090906, "reusita": 100.0, "cnt": 55}, "CHIMIE ANORGANICA TEO NIVEL I/II": {"medie": 10.0, "reusita": 100.0, "cnt": 1}, "INFORMATICA MI C/C++": {"medie": 9.451063829787232, "reusita": 97.91666666666666, "cnt": 48}, "ISTORIE": {"medie": 9.516176470588235, "reusita": 100.0, "cnt": 34}, "LOGICA, ARGUMENTARE SI COMUNICARE": {"medie": 9.620000000000001, "reusita": 100.0, "cnt": 10}, "FIZICA TEO": {"medie": 9.496103896103897, "reusita": 100.0, "cnt": 77}, "SOCIOLOGIE": {"medie": 9.416666666666666, "reusita": 100.0, "cnt": 6}, "PSIHOLOGIE": {"medie": 10.0, "reusita": 100.0, "cnt": 3}, "GEOGRAFIE": {"medie": 9.66, "reusita": 100.0, "cnt": 5}, "BIOLOGIE VEGETALA SI ANIMALA": {"medie": 9.207142857142857, "reusita": 100.0, "cnt": 7}, "FILOSOFIE": {"medie": 10.0, "reusita": 100.0, "cnt": 1}, "ECONOMIE": {"medie": 9.038888888888888, "reusita": 100.0, "cnt": 9}}, "nume": "COLEGIUL NATIONAL \"SFANTUL SAVA\"\tBucure\u0219ti"}