{"specializari": {"TEHNICIAN IN ACTIVITATI ECONOMICE": 167, "TEHNICIAN IN TURISM": 58}, "limba_moderna": {"LIMBA SPANIOLA": 8, "LIMBA ENGLEZA": 212, "LIMBA CHINEZA": 4, "LIMBA FRANCEZA": 1}, "limba_materna": {"LIMBA ROMANA": 225}, "promotie_anterioara": {"NU": 219, "DA": 6}, "materii": {"LIMBA ROMANA": {"medie": 7.0455357142857125, "reusita": 98.22222222222223, "cnt": 225}, "GENERAL": {"medie": 7.871599402092676, "reusita": 94.66666666666667, "cnt": 225}, "LOGICA, ARGUMENTARE SI COMUNICARE": {"medie": 8.312500000000002, "reusita": 98.24561403508771, "cnt": 57}, "PSIHOLOGIE": {"medie": 7.715384615384614, "reusita": 100.0, "cnt": 13}, "GEOGRAFIE": {"medie": 8.737581699346402, "reusita": 100.0, "cnt": 153}, "MATEMATICA TEHN": {"medie": 8.017040358744397, "reusita": 97.77777777777777, "cnt": 225}, "ECONOMIE": {"medie": 6.6, "reusita": 100.0, "cnt": 2}}, "nume": "COLEGIUL ECONOMIC \"A.D.XENOPOL\"\tBucure\u0219ti"}