{"specializari": {"TEHNICIAN IN ACTIVITATI ECONOMICE": 9, "TEHNICIAN DESENATOR PENTRU CONSTRUCTII SI INSTALATII": 1, "TEHNICIAN OPERATOR TEHNICA DE CALCUL": 5}, "limba_moderna": {"LIMBA ENGLEZA": 15}, "limba_materna": {"LIMBA ROMANA": 15}, "promotie_anterioara": {"NU": 13, "DA": 2}, "materii": {"LIMBA ROMANA": {"medie": 5.121428571428572, "reusita": 80.0, "cnt": 15}, "GENERAL": {"medie": 6.019047619047619, "reusita": 46.666666666666664, "cnt": 15}, "GEOGRAFIE": {"medie": 7.627777777777778, "reusita": 100.0, "cnt": 9}, "BIOLOGIE VEGETALA SI ANIMALA": {"medie": 5.85, "reusita": 50.0, "cnt": 6}, "MATEMATICA TEHN": {"medie": 5.942857142857143, "reusita": 73.33333333333333, "cnt": 15}}, "nume": "COLEGIUL TEHNIC \"MEDIENSIS\" MEDIAS\tSibiu"}