{"specializari": {"TEHNICIAN IN ACTIVITATI ECONOMICE": 81, "TEHNICIAN IN ADMINISTRATIE": 27, "TEHNICIAN IN ACTIVITATI DE COMERT": 25, "TEHNICIAN IN TURISM": 29, "TEHNICIAN IN GASTRONOMIE": 29}, "limba_moderna": {"LIMBA ENGLEZA": 189, "LIMBA FRANCEZA": 2}, "limba_materna": {"LIMBA ROMANA": 191}, "promotie_anterioara": {"NU": 190, "DA": 1}, "materii": {"LIMBA ROMANA": {"medie": 6.637172774869112, "reusita": 96.33507853403141, "cnt": 191}, "GENERAL": {"medie": 7.360034904013961, "reusita": 86.38743455497382, "cnt": 191}, "LOGICA, ARGUMENTARE SI COMUNICARE": {"medie": 7.972900763358777, "reusita": 94.65648854961832, "cnt": 131}, "GEOGRAFIE": {"medie": 7.691666666666668, "reusita": 95.0, "cnt": 60}, "MATEMATICA TEHN": {"medie": 7.558376963350785, "reusita": 93.717277486911, "cnt": 191}}, "nume": "COLEGIUL ECONOMIC \"OCTAV ONICESCU\" BOTOSANI\tBoto\u0219ani"}