{"specializari": {"MATEMATICA-INFORMATICA": 116, "STIINTE ALE NATURII": 60, "STIINTE SOCIALE": 33}, "limba_moderna": {"LIMBA ENGLEZA": 200, "LIMBA FRANCEZA": 4, "LIMBA GERMANA MODERNA": 5}, "limba_materna": {"LIMBA ROMANA": 209}, "promotie_anterioara": {"NU": 208, "DA": 1}, "materii": {"LIMBA ROMANA": {"medie": 8.560526315789472, "reusita": 100.0, "cnt": 209}, "MATEMATICA MATE-INFO": {"medie": 8.93491379310345, "reusita": 100.0, "cnt": 116}, "ANATOMIE SI FIZIOLOGIE UMANA, GENETICA SI ECOLOGIE UMANA": {"medie": 9.15619047619048, "reusita": 99.04761904761905, "cnt": 105}, "GENERAL": {"medie": 8.845534290271132, "reusita": 99.04306220095694, "cnt": 209}, "MATEMATICA ST-NAT": {"medie": 8.918333333333331, "reusita": 100.0, "cnt": 60}, "CHIMIE ORGANICA TEO NIVEL I/II": {"medie": 9.505555555555555, "reusita": 100.0, "cnt": 9}, "CHIMIE ANORGANICA TEO NIVEL I/II": {"medie": 7.275, "reusita": 100.0, "cnt": 2}, "INFORMATICA MI C/C++": {"medie": 9.100961538461537, "reusita": 100.0, "cnt": 52}, "ISTORIE": {"medie": 8.915151515151514, "reusita": 100.0, "cnt": 33}, "LOGICA, ARGUMENTARE SI COMUNICARE": {"medie": 8.877083333333335, "reusita": 100.0, "cnt": 24}, "FIZICA TEO": {"medie": 8.775, "reusita": 100.0, "cnt": 6}, "SOCIOLOGIE": {"medie": 9.55, "reusita": 100.0, "cnt": 4}, "PSIHOLOGIE": {"medie": 7.1625, "reusita": 100.0, "cnt": 4}, "INFORMATICA SN C/C++": {"medie": 5.6, "reusita": 100.0, "cnt": 1}, "BIOLOGIE VEGETALA SI ANIMALA": {"medie": 9.15, "reusita": 100.0, "cnt": 1}, "FILOSOFIE": {"medie": 9.2, "reusita": 100.0, "cnt": 1}}, "nume": "COLEGIUL NATIONAL \"VASILE LUCACIU\" BAIA MARE\tMaramure\u0219"}