{"specializari": {"MATEMATICA-INFORMATICA": 47, "FILOLOGIE": 57, "STIINTE SOCIALE": 23, "STIINTE ALE NATURII": 1}, "limba_moderna": {"LIMBA ENGLEZA": 106, "LIMBA ITALIANA": 11, "LIMBA FRANCEZA": 11}, "limba_materna": {"LIMBA ROMANA": 128}, "promotie_anterioara": {"NU": 121, "DA": 7}, "materii": {"LIMBA ROMANA": {"medie": 7.802343749999999, "reusita": 99.21875, "cnt": 128}, "MATEMATICA MATE-INFO": {"medie": 7.376595744680847, "reusita": 93.61702127659575, "cnt": 47}, "ANATOMIE SI FIZIOLOGIE UMANA, GENETICA SI ECOLOGIE UMANA": {"medie": 8.502857142857145, "reusita": 97.14285714285714, "cnt": 35}, "GENERAL": {"medie": 7.992913385826772, "reusita": 92.96875, "cnt": 128}, "MATEMATICA ST-NAT": {"medie": 5.05, "reusita": 100.0, "cnt": 1}, "CHIMIE ORGANICA TEO NIVEL I/II": {"medie": 8.133333333333333, "reusita": 100.0, "cnt": 3}, "CHIMIE ANORGANICA TEO NIVEL I/II": {"medie": 7.75, "reusita": 100.0, "cnt": 5}, "INFORMATICA MI C/C++": {"medie": 9.4125, "reusita": 100.0, "cnt": 4}, "ISTORIE": {"medie": 7.862658227848104, "reusita": 98.75, "cnt": 80}, "LOGICA, ARGUMENTARE SI COMUNICARE": {"medie": 9.492857142857144, "reusita": 100.0, "cnt": 7}, "FIZICA TEO": {"medie": 9.2, "reusita": 100.0, "cnt": 1}, "SOCIOLOGIE": {"medie": 8.25, "reusita": 100.0, "cnt": 3}, "PSIHOLOGIE": {"medie": 4.975, "reusita": 50.0, "cnt": 2}, "GEOGRAFIE": {"medie": 8.48731343283582, "reusita": 98.50746268656717, "cnt": 67}, "ECONOMIE": {"medie": 8.3, "reusita": 100.0, "cnt": 1}}, "nume": "COLEGIUL NATIONAL \"NICOLAE TITULESCU\" PUCIOASA\tD\u00e2mbovi\u021ba"}