{"specializari": {"FILOLOGIE": 39, "MATEMATICA-INFORMATICA": 80, "STIINTE SOCIALE": 39, "STIINTE ALE NATURII": 25}, "limba_moderna": {"LIMBA ENGLEZA": 182, "LIMBA FRANCEZA": 1}, "limba_materna": {"LIMBA ROMANA": 183}, "promotie_anterioara": {"NU": 178, "DA": 5}, "materii": {"LIMBA ROMANA": {"medie": 8.224316939890707, "reusita": 99.4535519125683, "cnt": 183}, "MATEMATICA MATE-INFO": {"medie": 8.733749999999997, "reusita": 100.0, "cnt": 80}, "ANATOMIE SI FIZIOLOGIE UMANA, GENETICA SI ECOLOGIE UMANA": {"medie": 8.512962962962964, "reusita": 94.54545454545455, "cnt": 55}, "GENERAL": {"medie": 8.427747252747256, "reusita": 93.98907103825137, "cnt": 183}, "MATEMATICA ST-NAT": {"medie": 7.746, "reusita": 96.0, "cnt": 25}, "CHIMIE ORGANICA TEO NIVEL I/II": {"medie": 9.62857142857143, "reusita": 100.0, "cnt": 7}, "INFORMATICA MI C/C++": {"medie": 8.414285714285715, "reusita": 100.0, "cnt": 7}, "ISTORIE": {"medie": 7.947435897435901, "reusita": 96.15384615384616, "cnt": 78}, "LOGICA, ARGUMENTARE SI COMUNICARE": {"medie": 8.828260869565215, "reusita": 97.82608695652173, "cnt": 46}, "FIZICA TEO": {"medie": 9.122857142857145, "reusita": 100.0, "cnt": 35}, "SOCIOLOGIE": {"medie": 9.112499999999999, "reusita": 100.0, "cnt": 8}, "PSIHOLOGIE": {"medie": 8.45, "reusita": 100.0, "cnt": 2}, "GEOGRAFIE": {"medie": 8.486363636363636, "reusita": 100.0, "cnt": 22}, "BIOLOGIE VEGETALA SI ANIMALA": {"medie": 8.1, "reusita": 100.0, "cnt": 1}}, "nume": "COLEGIUL NATIONAL \"TRAIAN\"\tMehedin\u021bi"}