{"specializari": {"FILOLOGIE": 103, "MATEMATICA-INFORMATICA": 93}, "limba_moderna": {"LIMBA ENGLEZA": 196}, "limba_materna": {"LIMBA ROMANA": 196}, "promotie_anterioara": {"NU": 195, "DA": 1}, "materii": {"LIMBA ROMANA": {"medie": 8.806632653061222, "reusita": 98.9795918367347, "cnt": 196}, "MATEMATICA MATE-INFO": {"medie": 8.969892473118284, "reusita": 98.9247311827957, "cnt": 93}, "ANATOMIE SI FIZIOLOGIE UMANA, GENETICA SI ECOLOGIE UMANA": {"medie": 9.581250000000002, "reusita": 100.0, "cnt": 16}, "GENERAL": {"medie": 9.00416666666667, "reusita": 98.9795918367347, "cnt": 196}, "CHIMIE ORGANICA TEO NIVEL I/II": {"medie": 8.953846153846154, "reusita": 100.0, "cnt": 13}, "CHIMIE ANORGANICA TEO NIVEL I/II": {"medie": 10.0, "reusita": 100.0, "cnt": 1}, "INFORMATICA MI C/C++": {"medie": 9.267073170731708, "reusita": 100.0, "cnt": 41}, "ISTORIE": {"medie": 9.188834951456313, "reusita": 100.0, "cnt": 103}, "LOGICA, ARGUMENTARE SI COMUNICARE": {"medie": 9.241346153846152, "reusita": 100.0, "cnt": 52}, "FIZICA TEO": {"medie": 8.58095238095238, "reusita": 100.0, "cnt": 21}, "SOCIOLOGIE": {"medie": 9.092857142857142, "reusita": 100.0, "cnt": 21}, "PSIHOLOGIE": {"medie": 8.995833333333334, "reusita": 100.0, "cnt": 12}, "GEOGRAFIE": {"medie": 9.4125, "reusita": 100.0, "cnt": 4}, "BIOLOGIE VEGETALA SI ANIMALA": {"medie": 8.9, "reusita": 100.0, "cnt": 1}, "FILOSOFIE": {"medie": 8.15, "reusita": 100.0, "cnt": 2}, "ECONOMIE": {"medie": 8.795833333333333, "reusita": 100.0, "cnt": 12}}, "nume": "COLEGIUL NATIONAL BILINGV \"GEORGE COSBUC\"\tBucure\u0219ti"}