{"specializari": {"MATEMATICA-INFORMATICA": 143, "FILOLOGIE": 32, "STIINTE ALE NATURII": 61}, "limba_moderna": {"LIMBA ENGLEZA": 226, "LIMBA GERMANA MODERNA": 10}, "limba_materna": {"LIMBA ROMANA": 176, "LIMBA MAGHIARA": 60}, "promotie_anterioara": {"NU": 236}, "materii": {"LIMBA ROMANA": {"medie": 8.142796610169492, "reusita": 99.57627118644068, "cnt": 236}, "MATEMATICA MATE-INFO": {"medie": 8.862937062937068, "reusita": 99.3006993006993, "cnt": 143}, "ANATOMIE SI FIZIOLOGIE UMANA, GENETICA SI ECOLOGIE UMANA": {"medie": 8.983211678832117, "reusita": 99.27007299270073, "cnt": 137}, "GENERAL": {"medie": 8.72028601694915, "reusita": 98.72881355932203, "cnt": 236}, "MATEMATICA ST-NAT": {"medie": 8.41229508196721, "reusita": 100.0, "cnt": 61}, "CHIMIE ORGANICA TEO NIVEL I/II": {"medie": 9.65, "reusita": 100.0, "cnt": 1}, "CHIMIE ANORGANICA TEO NIVEL I/II": {"medie": 9.440000000000001, "reusita": 100.0, "cnt": 5}, "INFORMATICA MI C/C++": {"medie": 8.885416666666663, "reusita": 100.0, "cnt": 48}, "ISTORIE": {"medie": 9.56875, "reusita": 100.0, "cnt": 32}, "LOGICA, ARGUMENTARE SI COMUNICARE": {"medie": 9.2875, "reusita": 100.0, "cnt": 4}, "FIZICA TEO": {"medie": 9.215384615384615, "reusita": 100.0, "cnt": 13}, "SOCIOLOGIE": {"medie": 9.430000000000001, "reusita": 100.0, "cnt": 5}, "PSIHOLOGIE": {"medie": 9.540000000000001, "reusita": 100.0, "cnt": 5}, "GEOGRAFIE": {"medie": 9.6, "reusita": 100.0, "cnt": 18}, "LIMBA MAGHIARA (REAL)": {"medie": 9.129166666666663, "reusita": 100.0, "cnt": 60}}, "nume": "COLEGIUL NATIONAL \"SILVANIA\" ZALAU\tS\u0103laj"}