{"specializari": {"TEHNICIAN IN ACTIVITATI ECONOMICE": 50, "TEHNICIAN IN TURISM": 20, "TEHNICIAN ECOLOG SI PROTECTIA CALITATII MEDIULUI": 37, "MATEMATICA-INFORMATICA": 18, "TEHNICIAN PROIECTANT CAD": 16, "TEHNICIAN OPERATOR TEHNICA DE CALCUL": 28, "TEHNICIAN DESENATOR PENTRU CONSTRUCTII SI INSTALATII": 8}, "limba_moderna": {"LIMBA ENGLEZA": 172, "LIMBA FRANCEZA": 5}, "limba_materna": {"LIMBA ROMANA": 177}, "promotie_anterioara": {"NU": 150, "DA": 27}, "materii": {"LIMBA ROMANA": {"medie": 6.495170454545453, "reusita": 94.91525423728814, "cnt": 177}, "MATEMATICA MATE-INFO": {"medie": 6.599999999999999, "reusita": 100.0, "cnt": 18}, "ANATOMIE SI FIZIOLOGIE UMANA, GENETICA SI ECOLOGIE UMANA": {"medie": 7.054285714285715, "reusita": 91.66666666666666, "cnt": 36}, "GENERAL": {"medie": 6.784874759152214, "reusita": 73.44632768361582, "cnt": 177}, "CHIMIE ANORGANICA TEO NIVEL I/II": {"medie": 6.7875000000000005, "reusita": 100.0, "cnt": 12}, "INFORMATICA MI C/C++": {"medie": 7.4, "reusita": 100.0, "cnt": 2}, "LOGICA, ARGUMENTARE SI COMUNICARE": {"medie": 7.655434782608697, "reusita": 95.74468085106383, "cnt": 47}, "GEOGRAFIE": {"medie": 8.463043478260872, "reusita": 100.0, "cnt": 23}, "BIOLOGIE VEGETALA SI ANIMALA": {"medie": 4.956060606060605, "reusita": 55.88235294117647, "cnt": 34}, "MATEMATICA TEHN": {"medie": 6.996496815286618, "reusita": 90.56603773584906, "cnt": 159}, "CHIMIE ORGANICA TEH NIVEL I/II": {"medie": 8.116666666666665, "reusita": 100.0, "cnt": 3}, "FIZICA TEH": {"medie": 4.699999999999999, "reusita": 50.0, "cnt": 4}, "CHIMIE ANORGANICA TEH NIVEL I/II": {"medie": 5.8062499999999995, "reusita": 75.0, "cnt": 16}}, "nume": "COLEGIUL TEHNIC \"GHEORGHE ASACHI\" ONESTI\tBac\u0103u"}