{"specializari": {"STIINTE ALE NATURII": 16, "MATEMATICA-INFORMATICA": 12, "TEHNICIAN IN ACTIVITATI ECONOMICE": 15, "TEHNICIAN IN TURISM": 7}, "limba_moderna": {"LIMBA ENGLEZA": 50}, "limba_materna": {"LIMBA MAGHIARA": 50}, "promotie_anterioara": {"NU": 46, "DA": 4}, "materii": {"LIMBA ROMANA": {"medie": 6.515000000000002, "reusita": 88.0, "cnt": 50}, "MATEMATICA MATE-INFO": {"medie": 8.004166666666668, "reusita": 100.0, "cnt": 12}, "ANATOMIE SI FIZIOLOGIE UMANA, GENETICA SI ECOLOGIE UMANA": {"medie": 9.407142857142858, "reusita": 100.0, "cnt": 21}, "GENERAL": {"medie": 7.611749999999997, "reusita": 84.0, "cnt": 50}, "MATEMATICA ST-NAT": {"medie": 8.25625, "reusita": 100.0, "cnt": 16}, "CHIMIE ANORGANICA TEO NIVEL I/II": {"medie": 9.825, "reusita": 100.0, "cnt": 2}, "INFORMATICA MI C/C++": {"medie": 8.64, "reusita": 100.0, "cnt": 5}, "PSIHOLOGIE": {"medie": 6.2, "reusita": 100.0, "cnt": 1}, "GEOGRAFIE": {"medie": 8.266666666666666, "reusita": 100.0, "cnt": 21}, "MATEMATICA TEHN": {"medie": 6.5590909090909095, "reusita": 100.0, "cnt": 22}, "LIMBA MAGHIARA (REAL)": {"medie": 7.678999999999999, "reusita": 100.0, "cnt": 50}}, "nume": "COLEGIUL\"CSIKY GERGELY\" ARAD\tArad"}