{"specializari": {"TEHNICIAN IN AUTOMATIZARI": 32, "TEHNICIAN IN INSTALATII ELECTRICE": 22, "TEHNICIAN MECATRONIST": 1}, "limba_moderna": {"LIMBA ENGLEZA": 52, "LIMBA FRANCEZA": 3}, "limba_materna": {"LIMBA GERMANA": 10, "LIMBA ROMANA": 33, "LIMBA MAGHIARA": 12}, "promotie_anterioara": {"NU": 29, "DA": 26}, "materii": {"LIMBA ROMANA": {"medie": 5.900909090909091, "reusita": 94.54545454545455, "cnt": 55}, "GENERAL": {"medie": 5.928839869281047, "reusita": 43.63636363636363, "cnt": 55}, "BIOLOGIE VEGETALA SI ANIMALA": {"medie": 5.183695652173912, "reusita": 57.446808510638306, "cnt": 47}, "MATEMATICA TEHN": {"medie": 6.528846153846156, "reusita": 85.45454545454545, "cnt": 55}, "LIMBA MAGHIARA (REAL)": {"medie": 6.104166666666667, "reusita": 91.66666666666666, "cnt": 12}, "LIMBA GERMANA": {"medie": 6.43, "reusita": 100.0, "cnt": 10}, "FIZICA TEH": {"medie": 6.6625000000000005, "reusita": 100.0, "cnt": 4}, "CHIMIE ANORGANICA TEH NIVEL I/II": {"medie": 4.475, "reusita": 50.0, "cnt": 4}}, "nume": "COLEGIUL TEHNIC ENERGETIC \"REMUS RADULET\" BRASOV\tBra\u0219ov"}