{"specializari": {"TEHNICIAN IN GASTRONOMIE": 28, "TEHNICIAN IN TURISM": 24, "TEHNICIAN IN ACTIVITATI ECONOMICE": 63, "TEHNICIAN IN ADMINISTRATIE": 29, "ORGANIZATOR BANQUETING": 1, "TEHNICIAN IN ACTIVITATI DE COMERT": 3}, "limba_moderna": {"LIMBA ENGLEZA": 147, "LIMBA FRANCEZA": 1}, "limba_materna": {"LIMBA ROMANA": 148}, "promotie_anterioara": {"NU": 132, "DA": 16}, "materii": {"LIMBA ROMANA": {"medie": 6.311986301369864, "reusita": 95.27027027027027, "cnt": 148}, "GENERAL": {"medie": 6.8622685185185155, "reusita": 77.7027027027027, "cnt": 148}, "LOGICA, ARGUMENTARE SI COMUNICARE": {"medie": 7.403571428571429, "reusita": 100.0, "cnt": 14}, "PSIHOLOGIE": {"medie": 7.330769230769231, "reusita": 100.0, "cnt": 13}, "GEOGRAFIE": {"medie": 7.539915966386555, "reusita": 95.86776859504133, "cnt": 121}, "MATEMATICA TEHN": {"medie": 6.747931034482762, "reusita": 91.8918918918919, "cnt": 148}}, "nume": "COLEGIUL ECONOMIC ARAD\tArad"}