{"specializari": {"TEHNICIAN ANALIZE PRODUSE ALIMENTARE": 42, "TEHNICIAN ECOLOG SI PROTECTIA CALITATII MEDIULUI": 42, "TEHNICIAN CHIMIST DE LABORATOR": 6, "TEHNICIAN IN INSTALATII ELECTRICE": 3, "TEHNICIAN IN CHIMIE INDUSTRIALA": 1}, "limba_moderna": {"LIMBA ENGLEZA": 94}, "limba_materna": {"LIMBA ROMANA": 94}, "promotie_anterioara": {"NU": 70, "DA": 24}, "materii": {"LIMBA ROMANA": {"medie": 5.991847826086959, "reusita": 86.17021276595744, "cnt": 94}, "ANATOMIE SI FIZIOLOGIE UMANA, GENETICA SI ECOLOGIE UMANA": {"medie": 7.145180722891566, "reusita": 98.79518072289156, "cnt": 83}, "GENERAL": {"medie": 6.426373626373625, "reusita": 63.829787234042556, "cnt": 94}, "BIOLOGIE VEGETALA SI ANIMALA": {"medie": 5.3549999999999995, "reusita": 70.0, "cnt": 10}, "MATEMATICA TEHN": {"medie": 6.334782608695652, "reusita": 84.04255319148936, "cnt": 94}, "FIZICA TEH": {"medie": 2.25, "reusita": 0.0, "cnt": 1}}, "nume": "COLEGIUL TEHNIC \"GENERAL GHEORGHE MAGHERU\" TG-JIU\tGorj"}