{"specializari": {"STIINTE SOCIALE": 33, "STIINTE ALE NATURII": 34, "FILOLOGIE": 28, "MATEMATICA-INFORMATICA": 1}, "limba_moderna": {"LIMBA ENGLEZA": 96}, "limba_materna": {"LIMBA ROMANA": 89, "LIMBA GERMANA": 7}, "promotie_anterioara": {"NU": 86, "DA": 10}, "materii": {"LIMBA ROMANA": {"medie": 6.417894736842104, "reusita": 90.625, "cnt": 96}, "MATEMATICA MATE-INFO": {"medie": 1.0, "reusita": 0.0, "cnt": 1}, "ANATOMIE SI FIZIOLOGIE UMANA, GENETICA SI ECOLOGIE UMANA": {"medie": 8.086666666666666, "reusita": 93.33333333333333, "cnt": 15}, "GENERAL": {"medie": 7.071542553191487, "reusita": 77.08333333333334, "cnt": 96}, "MATEMATICA ST-NAT": {"medie": 6.217647058823531, "reusita": 79.41176470588235, "cnt": 34}, "CHIMIE ORGANICA TEO NIVEL I/II": {"medie": 7.7875, "reusita": 80.0, "cnt": 5}, "CHIMIE ANORGANICA TEO NIVEL I/II": {"medie": 4.5, "reusita": 50.0, "cnt": 2}, "INFORMATICA MI C/C++": {"medie": 5.15, "reusita": 100.0, "cnt": 1}, "ISTORIE": {"medie": 7.259016393442621, "reusita": 95.08196721311475, "cnt": 61}, "LOGICA, ARGUMENTARE SI COMUNICARE": {"medie": 8.065384615384614, "reusita": 92.3076923076923, "cnt": 13}, "FIZICA TEO": {"medie": 10.0, "reusita": 100.0, "cnt": 1}, "SOCIOLOGIE": {"medie": 8.25, "reusita": 100.0, "cnt": 1}, "GEOGRAFIE": {"medie": 8.486170212765954, "reusita": 100.0, "cnt": 47}, "INFORMATICA SN C/C++": {"medie": 9.6, "reusita": 100.0, "cnt": 1}, "BIOLOGIE VEGETALA SI ANIMALA": {"medie": 5.635, "reusita": 70.0, "cnt": 10}, "LIMBA GERMANA": {"medie": 6.014285714285714, "reusita": 71.42857142857143, "cnt": 7}}, "nume": "COLEGIUL NATIONAL \"DOAMNA STANCA\" FAGARAS\tBra\u0219ov"}