{"specializari": {"MATEMATICA-INFORMATICA": 115, "FILOLOGIE": 57, "STIINTE SOCIALE": 63, "STIINTE ALE NATURII": 62}, "limba_moderna": {"LIMBA ENGLEZA": 289, "LIMBA FRANCEZA": 8}, "limba_materna": {"LIMBA ROMANA": 297}, "promotie_anterioara": {"NU": 297}, "materii": {"LIMBA ROMANA": {"medie": 8.489730639730634, "reusita": 100.0, "cnt": 297}, "MATEMATICA MATE-INFO": {"medie": 9.316521739130435, "reusita": 100.0, "cnt": 115}, "ANATOMIE SI FIZIOLOGIE UMANA, GENETICA SI ECOLOGIE UMANA": {"medie": 8.314285714285713, "reusita": 100.0, "cnt": 7}, "GENERAL": {"medie": 9.08799102132436, "reusita": 99.66329966329967, "cnt": 297}, "MATEMATICA ST-NAT": {"medie": 9.43467741935484, "reusita": 100.0, "cnt": 62}, "CHIMIE ORGANICA TEO NIVEL I/II": {"medie": 9.236440677966103, "reusita": 100.0, "cnt": 59}, "INFORMATICA MI C/C++": {"medie": 9.43875, "reusita": 100.0, "cnt": 40}, "ISTORIE": {"medie": 9.669166666666667, "reusita": 100.0, "cnt": 120}, "LOGICA, ARGUMENTARE SI COMUNICARE": {"medie": 9.394886363636363, "reusita": 100.0, "cnt": 88}, "FIZICA TEO": {"medie": 9.147115384615383, "reusita": 100.0, "cnt": 52}, "PSIHOLOGIE": {"medie": 9.083333333333332, "reusita": 100.0, "cnt": 15}, "GEOGRAFIE": {"medie": 9.471428571428573, "reusita": 100.0, "cnt": 14}, "BIOLOGIE VEGETALA SI ANIMALA": {"medie": 9.476315789473684, "reusita": 100.0, "cnt": 19}, "ECONOMIE": {"medie": 9.1, "reusita": 100.0, "cnt": 3}}, "nume": "COLEGIUL NATIONAL \"B. P. HASDEU\" MUNICIPIUL BUZAU\tBuz\u0103u"}