{"specializari": {"MUZICA": 28, "ARTE PLASTICE SI DECORATIVE": 30, "ARHITECTURA, ARTE AMBIENTALE SI DESIGN": 25}, "limba_moderna": {"LIMBA ENGLEZA": 82, "LIMBA GERMANA MODERNA": 1}, "limba_materna": {"LIMBA ROMANA": 83}, "promotie_anterioara": {"NU": 80, "DA": 3}, "materii": {"LIMBA ROMANA": {"medie": 7.265853658536583, "reusita": 97.59036144578313, "cnt": 83}, "GENERAL": {"medie": 7.531910569105691, "reusita": 85.54216867469879, "cnt": 83}, "ISTORIE": {"medie": 7.548780487804878, "reusita": 92.7710843373494, "cnt": 83}, "LOGICA, ARGUMENTARE SI COMUNICARE": {"medie": 7.587499999999998, "reusita": 88.67924528301887, "cnt": 53}, "PSIHOLOGIE": {"medie": 9.1, "reusita": 100.0, "cnt": 1}, "GEOGRAFIE": {"medie": 8.613333333333333, "reusita": 100.0, "cnt": 15}, "FILOSOFIE": {"medie": 7.514285714285714, "reusita": 92.85714285714286, "cnt": 14}}, "nume": "COLEGIUL DE ARTE BAIA MARE\tMaramure\u0219"}