{"specializari": {"TEHNICIAN IN TURISM": 56, "TEHNICIAN IN ACTIVITATI ECONOMICE": 28, "TEHNICIAN IN ACTIVITATI DE COMERT": 26}, "limba_moderna": {"LIMBA ENGLEZA": 109, "LIMBA FRANCEZA": 1}, "limba_materna": {"LIMBA ROMANA": 110}, "promotie_anterioara": {"NU": 94, "DA": 16}, "materii": {"LIMBA ROMANA": {"medie": 6.198598130841122, "reusita": 87.27272727272727, "cnt": 110}, "GENERAL": {"medie": 6.545673076923071, "reusita": 60.0, "cnt": 110}, "LOGICA, ARGUMENTARE SI COMUNICARE": {"medie": 7.65, "reusita": 100.0, "cnt": 2}, "PSIHOLOGIE": {"medie": 6.3, "reusita": 100.0, "cnt": 1}, "GEOGRAFIE": {"medie": 7.326923076923077, "reusita": 95.32710280373831, "cnt": 107}, "MATEMATICA TEHN": {"medie": 6.05188679245283, "reusita": 76.36363636363637, "cnt": 110}}, "nume": "COLEGIUL ECONOMIC \"EMANUIL GOJDU\" HUNEDOARA\tHunedoara"}