{"specializari": {"STIINTE ALE NATURII": 57, "STIINTE SOCIALE": 68, "MATEMATICA-INFORMATICA": 114, "FILOLOGIE": 67}, "limba_moderna": {"LIMBA ENGLEZA": 298, "LIMBA FRANCEZA": 8}, "limba_materna": {"LIMBA ROMANA": 306}, "promotie_anterioara": {"NU": 305, "DA": 1}, "materii": {"LIMBA ROMANA": {"medie": 8.320491803278694, "reusita": 99.01960784313727, "cnt": 306}, "MATEMATICA MATE-INFO": {"medie": 8.749557522123894, "reusita": 98.24561403508771, "cnt": 114}, "ANATOMIE SI FIZIOLOGIE UMANA, GENETICA SI ECOLOGIE UMANA": {"medie": 9.134821428571431, "reusita": 98.21428571428571, "cnt": 56}, "GENERAL": {"medie": 8.658852459016398, "reusita": 97.38562091503267, "cnt": 306}, "MATEMATICA ST-NAT": {"medie": 8.98947368421053, "reusita": 100.0, "cnt": 57}, "CHIMIE ORGANICA TEO NIVEL I/II": {"medie": 9.45, "reusita": 100.0, "cnt": 9}, "INFORMATICA MI C/C++": {"medie": 9.016216216216218, "reusita": 100.0, "cnt": 37}, "ISTORIE": {"medie": 8.637777777777778, "reusita": 99.25925925925925, "cnt": 135}, "LOGICA, ARGUMENTARE SI COMUNICARE": {"medie": 9.246987951807231, "reusita": 98.79518072289156, "cnt": 83}, "FIZICA TEO": {"medie": 8.549038461538462, "reusita": 96.22641509433963, "cnt": 53}, "SOCIOLOGIE": {"medie": 8.317647058823528, "reusita": 100.0, "cnt": 17}, "PSIHOLOGIE": {"medie": 8.35, "reusita": 100.0, "cnt": 10}, "GEOGRAFIE": {"medie": 9.131818181818181, "reusita": 100.0, "cnt": 11}, "BIOLOGIE VEGETALA SI ANIMALA": {"medie": 8.612499999999999, "reusita": 93.75, "cnt": 16}, "FILOSOFIE": {"medie": 8.366666666666667, "reusita": 100.0, "cnt": 3}, "ECONOMIE": {"medie": 7.945454545454546, "reusita": 100.0, "cnt": 11}}, "nume": "COLEGIUL NATIONAL \"ZINCA GOLESCU\" PITESTI\tArge\u0219"}