{"specializari": {"MATEMATICA-INFORMATICA": 19, "FILOLOGIE": 17}, "limba_moderna": {"LIMBA ENGLEZA": 36}, "limba_materna": {"LIMBA ROMANA": 36}, "promotie_anterioara": {"NU": 36}, "materii": {"LIMBA ROMANA": {"medie": 8.429166666666669, "reusita": 100.0, "cnt": 36}, "MATEMATICA MATE-INFO": {"medie": 8.926315789473684, "reusita": 100.0, "cnt": 19}, "ANATOMIE SI FIZIOLOGIE UMANA, GENETICA SI ECOLOGIE UMANA": {"medie": 8.595454545454546, "reusita": 100.0, "cnt": 11}, "GENERAL": {"medie": 8.796759259259261, "reusita": 100.0, "cnt": 36}, "INFORMATICA MI C/C++": {"medie": 9.592857142857143, "reusita": 100.0, "cnt": 7}, "ISTORIE": {"medie": 9.017647058823531, "reusita": 100.0, "cnt": 17}, "LOGICA, ARGUMENTARE SI COMUNICARE": {"medie": 8.8, "reusita": 100.0, "cnt": 4}, "FIZICA TEO": {"medie": 8.9, "reusita": 100.0, "cnt": 1}, "SOCIOLOGIE": {"medie": 9.7, "reusita": 100.0, "cnt": 1}, "GEOGRAFIE": {"medie": 9.016666666666667, "reusita": 100.0, "cnt": 12}}, "nume": "COLEGIUL \"RICHARD WURMBRAND\", IASI\tIa\u0219i"}