{"specializari": {"MATEMATICA-INFORMATICA": 147, "STIINTE SOCIALE": 32, "FILOLOGIE": 114}, "limba_moderna": {"LIMBA GERMANA MODERNA": 36, "LIMBA ENGLEZA": 257}, "limba_materna": {"LIMBA ROMANA": 293}, "promotie_anterioara": {"NU": 292, "DA": 1}, "materii": {"LIMBA ROMANA": {"medie": 8.706143344709897, "reusita": 100.0, "cnt": 293}, "MATEMATICA MATE-INFO": {"medie": 8.782993197278909, "reusita": 100.0, "cnt": 147}, "ANATOMIE SI FIZIOLOGIE UMANA, GENETICA SI ECOLOGIE UMANA": {"medie": 9.064705882352941, "reusita": 100.0, "cnt": 34}, "GENERAL": {"medie": 8.880546075085329, "reusita": 98.97610921501706, "cnt": 293}, "CHIMIE ORGANICA TEO NIVEL I/II": {"medie": 9.483333333333333, "reusita": 100.0, "cnt": 12}, "CHIMIE ANORGANICA TEO NIVEL I/II": {"medie": 9.249999999999998, "reusita": 100.0, "cnt": 3}, "INFORMATICA MI C/C++": {"medie": 8.235344827586205, "reusita": 98.27586206896551, "cnt": 58}, "ISTORIE": {"medie": 9.192465753424653, "reusita": 100.0, "cnt": 146}, "LOGICA, ARGUMENTARE SI COMUNICARE": {"medie": 9.383333333333336, "reusita": 100.0, "cnt": 81}, "FIZICA TEO": {"medie": 8.725, "reusita": 100.0, "cnt": 38}, "SOCIOLOGIE": {"medie": 8.691176470588236, "reusita": 100.0, "cnt": 17}, "PSIHOLOGIE": {"medie": 9.133333333333333, "reusita": 100.0, "cnt": 9}, "GEOGRAFIE": {"medie": 9.319230769230769, "reusita": 100.0, "cnt": 26}, "BIOLOGIE VEGETALA SI ANIMALA": {"medie": 9.350000000000001, "reusita": 100.0, "cnt": 2}, "ECONOMIE": {"medie": 8.611538461538462, "reusita": 100.0, "cnt": 13}}, "nume": "COLEGIUL NATIONAL \"I.L.CARAGIALE\"\tBucure\u0219ti"}