{"specializari": {"TEHNICIAN IN ACTIVITATI ECONOMICE": 7, "COAFOR STILIST": 19, "TEHNICIAN IN GASTRONOMIE": 4, "ORGANIZATOR BANQUETING": 2}, "limba_moderna": {"LIMBA ENGLEZA": 32}, "limba_materna": {"LIMBA ROMANA": 32}, "promotie_anterioara": {"NU": 14, "DA": 18}, "materii": {"LIMBA ROMANA": {"medie": 4.9984375000000005, "reusita": 71.875, "cnt": 32}, "GENERAL": {"medie": 5.356111111111111, "reusita": 25.0, "cnt": 32}, "LOGICA, ARGUMENTARE SI COMUNICARE": {"medie": 4.2, "reusita": 33.33333333333333, "cnt": 3}, "PSIHOLOGIE": {"medie": 6.421428571428571, "reusita": 85.71428571428571, "cnt": 7}, "GEOGRAFIE": {"medie": 6.581818181818181, "reusita": 90.9090909090909, "cnt": 22}, "MATEMATICA TEHN": {"medie": 4.761666666666667, "reusita": 65.625, "cnt": 32}}, "nume": "COLEGIUL UCECOM \"SPIRU HARET\"\tBucure\u0219ti"}