{"specializari": {"FILOLOGIE": 128, "STIINTE SOCIALE": 31, "INVATATOR - EDUCATOARE": 54}, "limba_moderna": {"LIMBA ENGLEZA": 198, "LIMBA FRANCEZA": 9, "LIMBA SPANIOLA": 6}, "limba_materna": {"LIMBA ROMANA": 213}, "promotie_anterioara": {"NU": 209, "DA": 4}, "materii": {"LIMBA ROMANA": {"medie": 8.111267605633802, "reusita": 99.53051643192488, "cnt": 213}, "GENERAL": {"medie": 8.519483568075113, "reusita": 98.12206572769952, "cnt": 213}, "ISTORIE": {"medie": 8.627358490566046, "reusita": 100.0, "cnt": 159}, "LOGICA, ARGUMENTARE SI COMUNICARE": {"medie": 8.890909090909089, "reusita": 98.7012987012987, "cnt": 77}, "MATEMATICA PED": {"medie": 8.356481481481481, "reusita": 98.14814814814815, "cnt": 54}, "SOCIOLOGIE": {"medie": 8.866, "reusita": 100.0, "cnt": 25}, "PSIHOLOGIE": {"medie": 8.640000000000002, "reusita": 100.0, "cnt": 15}, "GEOGRAFIE": {"medie": 8.957142857142856, "reusita": 100.0, "cnt": 91}, "FILOSOFIE": {"medie": 8.0, "reusita": 100.0, "cnt": 1}, "ECONOMIE": {"medie": 8.575, "reusita": 100.0, "cnt": 4}}, "nume": "COLEGIUL NATIONAL PEDAGOGIC \"SPIRU HARET\" FOCSANI\tVrancea"}