{"specializari": {"STIINTE SOCIALE": 27, "TEHNICIAN ECOLOG SI PROTECTIA CALITATII MEDIULUI": 4}, "limba_moderna": {"LIMBA ENGLEZA": 31}, "limba_materna": {"LIMBA ROMANA": 31}, "promotie_anterioara": {"NU": 17, "DA": 14}, "materii": {"LIMBA ROMANA": {"medie": 5.066071428571428, "reusita": 58.06451612903226, "cnt": 31}, "ANATOMIE SI FIZIOLOGIE UMANA, GENETICA SI ECOLOGIE UMANA": {"medie": "-", "reusita": 0.0, "cnt": 1}, "GENERAL": {"medie": 5.903030303030302, "reusita": 29.03225806451613, "cnt": 31}, "ISTORIE": {"medie": 6.256249999999999, "reusita": 77.77777777777779, "cnt": 27}, "LOGICA, ARGUMENTARE SI COMUNICARE": {"medie": 6.475, "reusita": 75.0, "cnt": 4}, "SOCIOLOGIE": {"medie": 6.616666666666664, "reusita": 76.47058823529412, "cnt": 17}, "GEOGRAFIE": {"medie": 6.4799999999999995, "reusita": 83.33333333333334, "cnt": 6}, "BIOLOGIE VEGETALA SI ANIMALA": {"medie": 6.566666666666667, "reusita": 100.0, "cnt": 3}, "MATEMATICA TEHN": {"medie": 5.583333333333333, "reusita": 50.0, "cnt": 4}}, "nume": "COLEGIUL ECOLOGIC \"PROF.UNIV.DR. ALEXANDRU IONESCU\" PITESTI\tArge\u0219"}