{"specializari": {"TEHNICIAN IN ACTIVITATI ECONOMICE": 2, "TEHNICIAN VETERINAR": 10, "TEHNICIAN IN ACTIVITATI DE COMERT": 1, "TEHNICIAN IN TURISM": 11, "TEHNICIAN IN INDUSTRIA ALIMENTARA": 1, "TEHNICIAN ECOLOG SI PROTECTIA CALITATII MEDIULUI": 2, "TEHNICIAN TRANSPORTURI": 1}, "limba_moderna": {"LIMBA ENGLEZA": 28}, "limba_materna": {"LIMBA ROMANA": 28}, "promotie_anterioara": {"DA": 10, "NU": 18}, "materii": {"LIMBA ROMANA": {"medie": 6.0760000000000005, "reusita": 85.71428571428571, "cnt": 28}, "ANATOMIE SI FIZIOLOGIE UMANA, GENETICA SI ECOLOGIE UMANA": {"medie": 6.625, "reusita": 80.0, "cnt": 5}, "GENERAL": {"medie": 6.128000000000002, "reusita": 50.0, "cnt": 28}, "GEOGRAFIE": {"medie": 7.9875, "reusita": 100.0, "cnt": 8}, "BIOLOGIE VEGETALA SI ANIMALA": {"medie": 5.935714285714286, "reusita": 55.55555555555556, "cnt": 9}, "MATEMATICA TEHN": {"medie": 5.684000000000001, "reusita": 57.14285714285714, "cnt": 28}, "ECONOMIE": {"medie": 5.608333333333333, "reusita": 100.0, "cnt": 6}}, "nume": "COLEGIUL \"EMIL NEGRUTIU\" TURDA\tCluj"}