{"specializari": {"MATEMATICA-INFORMATICA": 27, "STIINTE ALE NATURII": 30, "STIINTE SOCIALE": 30}, "limba_moderna": {"LIMBA GERMANA MODERNA": 11, "LIMBA ENGLEZA": 76}, "limba_materna": {"LIMBA MAGHIARA": 87}, "promotie_anterioara": {"NU": 87}, "materii": {"LIMBA ROMANA": {"medie": 6.542528735632184, "reusita": 94.25287356321839, "cnt": 87}, "MATEMATICA MATE-INFO": {"medie": 8.622222222222222, "reusita": 100.0, "cnt": 27}, "ANATOMIE SI FIZIOLOGIE UMANA, GENETICA SI ECOLOGIE UMANA": {"medie": 9.32439024390244, "reusita": 100.0, "cnt": 41}, "GENERAL": {"medie": 8.074425287356322, "reusita": 94.25287356321839, "cnt": 87}, "MATEMATICA ST-NAT": {"medie": 9.06666666666667, "reusita": 100.0, "cnt": 30}, "INFORMATICA MI C/C++": {"medie": 8.804545454545455, "reusita": 100.0, "cnt": 11}, "ISTORIE": {"medie": 6.888333333333333, "reusita": 100.0, "cnt": 30}, "LOGICA, ARGUMENTARE SI COMUNICARE": {"medie": 7.98157894736842, "reusita": 100.0, "cnt": 19}, "FIZICA TEO": {"medie": 7.987500000000001, "reusita": 100.0, "cnt": 4}, "GEOGRAFIE": {"medie": 7.859090909090909, "reusita": 100.0, "cnt": 11}, "INFORMATICA SN C/C++": {"medie": 9.4, "reusita": 100.0, "cnt": 1}, "LIMBA MAGHIARA (REAL)": {"medie": 9.043859649122806, "reusita": 100.0, "cnt": 57}, "LIMBA MAGHIARA (UMAN)": {"medie": 8.504999999999999, "reusita": 100.0, "cnt": 30}}, "nume": "COLEGIUL NATIONAL \"SZEKELY MIKO\" SFANTU GHEORGHE\tCovasna"}