{"specializari": {"TEHNICIAN IN TURISM": 12, "ORGANIZATOR BANQUETING": 21, "TEHNICIAN MECATRONIST": 10, "LICEU CU PROGRAM SPORTIV": 19, "TEHNICIAN IN AUTOMATIZARI": 3, "TEHNICIAN MECANIC PENTRU INTRETINERE SI REPARATII": 3, "MATEMATICA-INFORMATICA": 6}, "limba_moderna": {"LIMBA ENGLEZA": 73, "LIMBA FRANCEZA": 1}, "limba_materna": {"LIMBA ROMANA": 74}, "promotie_anterioara": {"NU": 54, "DA": 20}, "materii": {"LIMBA ROMANA": {"medie": 5.2978571428571435, "reusita": 70.27027027027027, "cnt": 74}, "MATEMATICA MATE-INFO": {"medie": 2.5500000000000003, "reusita": 0.0, "cnt": 6}, "ANATOMIE SI FIZIOLOGIE UMANA, GENETICA SI ECOLOGIE UMANA": {"medie": "-", "reusita": 0.0, "cnt": 1}, "GENERAL": {"medie": 5.332051282051283, "reusita": 28.37837837837838, "cnt": 74}, "CHIMIE ORGANICA TEO NIVEL I/II": {"medie": 7.75, "reusita": 100.0, "cnt": 1}, "ISTORIE": {"medie": 4.226315789473685, "reusita": 36.84210526315789, "cnt": 19}, "LOGICA, ARGUMENTARE SI COMUNICARE": {"medie": 4.483333333333334, "reusita": 41.66666666666667, "cnt": 12}, "GEOGRAFIE": {"medie": 5.942307692307693, "reusita": 69.23076923076923, "cnt": 39}, "BIOLOGIE VEGETALA SI ANIMALA": {"medie": 4.3730769230769235, "reusita": 38.88888888888889, "cnt": 18}, "MATEMATICA TEHN": {"medie": 5.647872340425532, "reusita": 73.46938775510205, "cnt": 49}, "ECONOMIE": {"medie": 4.8, "reusita": 0.0, "cnt": 1}, "FIZICA TEH": {"medie": 8.85, "reusita": 100.0, "cnt": 1}, "CHIMIE ANORGANICA TEH NIVEL I/II": {"medie": 3.1, "reusita": 0.0, "cnt": 1}}, "nume": "COLEGIUL TEHNIC \"DINICU GOLESCU\"\tBucure\u0219ti"}