{"specializari": {"MATEMATICA-INFORMATICA": 25, "STIINTE ALE NATURII": 30, "INVATATOR - EDUCATOARE": 57, "FILOLOGIE": 32}, "limba_moderna": {"LIMBA ENGLEZA": 123, "LIMBA FRANCEZA": 5, "LIMBA SPANIOLA": 16}, "limba_materna": {"LIMBA ROMANA": 144}, "promotie_anterioara": {"NU": 144}, "materii": {"LIMBA ROMANA": {"medie": 8.384722222222221, "reusita": 100.0, "cnt": 144}, "MATEMATICA MATE-INFO": {"medie": 9.07, "reusita": 100.0, "cnt": 25}, "ANATOMIE SI FIZIOLOGIE UMANA, GENETICA SI ECOLOGIE UMANA": {"medie": 9.209999999999999, "reusita": 100.0, "cnt": 20}, "GENERAL": {"medie": 8.83368055555556, "reusita": 100.0, "cnt": 144}, "MATEMATICA ST-NAT": {"medie": 9.291666666666664, "reusita": 100.0, "cnt": 30}, "CHIMIE ORGANICA TEO NIVEL I/II": {"medie": 9.716666666666667, "reusita": 100.0, "cnt": 6}, "INFORMATICA MI C/C++": {"medie": 9.025, "reusita": 100.0, "cnt": 8}, "ISTORIE": {"medie": 7.643750000000001, "reusita": 100.0, "cnt": 32}, "LOGICA, ARGUMENTARE SI COMUNICARE": {"medie": 9.221686746987954, "reusita": 100.0, "cnt": 83}, "MATEMATICA PED": {"medie": 9.529824561403508, "reusita": 100.0, "cnt": 57}, "FIZICA TEO": {"medie": 8.770000000000001, "reusita": 100.0, "cnt": 15}, "GEOGRAFIE": {"medie": 9.208333333333334, "reusita": 100.0, "cnt": 6}, "INFORMATICA SN C/C++": {"medie": 8.0, "reusita": 100.0, "cnt": 4}, "BIOLOGIE VEGETALA SI ANIMALA": {"medie": 8.275, "reusita": 100.0, "cnt": 2}}, "nume": "COLEGIUL NATIONAL PEDAGOGIC \"REGINA MARIA\", MUNICIPIUL PLOIESTI\tPrahova"}