{"specializari": {"FILOLOGIE": 36, "STIINTE SOCIALE": 40, "STIINTE ALE NATURII": 31, "TEHNICIAN IN TURISM": 56, "MATEMATICA-INFORMATICA": 30, "TEHNICIAN IN AUTOMATIZARI": 14, "TEHNICIAN IN INSTALATII ELECTRICE": 12, "TEHNICIAN DESIGNER VESTIMENTAR": 26, "TEHNICIAN ELECTROMECANIC": 14, "TEHNICIAN TRANSPORTURI": 2, "TEHNICIAN OPERATOR TEHNICA DE CALCUL": 2, "TEHNICIAN IN INDUSTRIA TEXTILA": 2, "TEHNICIAN IN GASTRONOMIE": 1}, "limba_moderna": {"LIMBA ENGLEZA": 247, "LIMBA FRANCEZA": 19}, "limba_materna": {"LIMBA ROMANA": 266}, "promotie_anterioara": {"NU": 246, "DA": 20}, "materii": {"LIMBA ROMANA": {"medie": 6.4466037735849016, "reusita": 88.7218045112782, "cnt": 266}, "MATEMATICA MATE-INFO": {"medie": 7.201666666666668, "reusita": 96.66666666666667, "cnt": 30}, "ANATOMIE SI FIZIOLOGIE UMANA, GENETICA SI ECOLOGIE UMANA": {"medie": 7.30918367346939, "reusita": 93.87755102040816, "cnt": 49}, "GENERAL": {"medie": 6.700316856780732, "reusita": 71.05263157894737, "cnt": 266}, "MATEMATICA ST-NAT": {"medie": 7.201612903225805, "reusita": 93.54838709677419, "cnt": 31}, "CHIMIE ANORGANICA TEO NIVEL I/II": {"medie": 7.2625, "reusita": 75.0, "cnt": 4}, "INFORMATICA MI C/C++": {"medie": 6.491666666666667, "reusita": 100.0, "cnt": 6}, "ISTORIE": {"medie": 7.595394736842107, "reusita": 98.68421052631578, "cnt": 76}, "LOGICA, ARGUMENTARE SI COMUNICARE": {"medie": 8.137623762376236, "reusita": 96.07843137254902, "cnt": 102}, "FIZICA TEO": {"medie": 2.3, "reusita": 0.0, "cnt": 2}, "GEOGRAFIE": {"medie": 8.383333333333333, "reusita": 100.0, "cnt": 30}, "BIOLOGIE VEGETALA SI ANIMALA": {"medie": 4.726811594202897, "reusita": 52.85714285714286, "cnt": 70}, "MATEMATICA TEHN": {"medie": 5.726953125, "reusita": 68.9922480620155, "cnt": 129}, "FILOSOFIE": {"medie": 5.5, "reusita": 100.0, "cnt": 1}, "FIZICA TEH": {"medie": 5.0, "reusita": 100.0, "cnt": 1}, "CHIMIE ANORGANICA TEH NIVEL I/II": {"medie": 6.0, "reusita": 100.0, "cnt": 1}}, "nume": "COLEGIUL TEHNIC \"MIHAI BACESCU\" FALTICENI\tSuceava"}