{"specializari": {"TEHNICIAN IN ACTIVITATI ECONOMICE": 29, "TEHNICIAN OPERATOR PROCESARE TEXT IMAGINE": 19, "TEHNICIAN ANALIZE PRODUSE ALIMENTARE": 3, "TEHNICIAN IN TURISM": 11, "TEHNICIAN VETERINAR": 3}, "limba_moderna": {"LIMBA ENGLEZA": 65}, "limba_materna": {"LIMBA MAGHIARA": 65}, "promotie_anterioara": {"NU": 46, "DA": 19}, "materii": {"LIMBA ROMANA": {"medie": 3.653076923076923, "reusita": 32.30769230769231, "cnt": 65}, "ANATOMIE SI FIZIOLOGIE UMANA, GENETICA SI ECOLOGIE UMANA": {"medie": 6.925, "reusita": 83.33333333333334, "cnt": 6}, "GENERAL": {"medie": 5.709423076923075, "reusita": 27.692307692307693, "cnt": 65}, "GEOGRAFIE": {"medie": 6.852499999999999, "reusita": 92.5, "cnt": 40}, "BIOLOGIE VEGETALA SI ANIMALA": {"medie": 5.597368421052632, "reusita": 73.68421052631578, "cnt": 19}, "MATEMATICA TEHN": {"medie": 6.483846153846156, "reusita": 87.6923076923077, "cnt": 65}, "LIMBA MAGHIARA (REAL)": {"medie": 6.208461538461537, "reusita": 92.3076923076923, "cnt": 65}}, "nume": "COLEGIUL TEHNIC \"BATTHYANY IGNAC\" GHEORGHENI\tHarghita"}