{"specializari": {"MATEMATICA-INFORMATICA": 57, "STIINTE ALE NATURII": 27, "FILOLOGIE": 60, "STIINTE SOCIALE": 1}, "limba_moderna": {"LIMBA ENGLEZA": 125, "LIMBA FRANCEZA": 20}, "limba_materna": {"LIMBA ROMANA": 145}, "promotie_anterioara": {"NU": 141, "DA": 4}, "materii": {"LIMBA ROMANA": {"medie": 7.670689655172413, "reusita": 100.0, "cnt": 145}, "MATEMATICA MATE-INFO": {"medie": 8.192105263157895, "reusita": 98.24561403508771, "cnt": 57}, "ANATOMIE SI FIZIOLOGIE UMANA, GENETICA SI ECOLOGIE UMANA": {"medie": 8.912264150943397, "reusita": 100.0, "cnt": 53}, "GENERAL": {"medie": 8.29689655172414, "reusita": 97.93103448275862, "cnt": 145}, "MATEMATICA ST-NAT": {"medie": 8.205555555555557, "reusita": 100.0, "cnt": 27}, "CHIMIE ORGANICA TEO NIVEL I/II": {"medie": 9.262500000000001, "reusita": 100.0, "cnt": 4}, "INFORMATICA MI C/C++": {"medie": 8.433333333333335, "reusita": 100.0, "cnt": 6}, "ISTORIE": {"medie": 8.468032786885244, "reusita": 100.0, "cnt": 61}, "LOGICA, ARGUMENTARE SI COMUNICARE": {"medie": 9.15, "reusita": 100.0, "cnt": 40}, "FIZICA TEO": {"medie": 8.915789473684212, "reusita": 100.0, "cnt": 19}, "SOCIOLOGIE": {"medie": 8.200000000000001, "reusita": 100.0, "cnt": 7}, "PSIHOLOGIE": {"medie": 7.95, "reusita": 100.0, "cnt": 1}, "GEOGRAFIE": {"medie": 8.695, "reusita": 100.0, "cnt": 10}, "BIOLOGIE VEGETALA SI ANIMALA": {"medie": 9.65, "reusita": 100.0, "cnt": 2}, "FILOSOFIE": {"medie": 8.475, "reusita": 100.0, "cnt": 2}, "ECONOMIE": {"medie": 7.9, "reusita": 100.0, "cnt": 1}}, "nume": "COLEGIUL NATIONAL \"ALEXANDRU VLAHUTA\" MUNICIPIUL RAMNICU SARAT\tBuz\u0103u"}