{"specializari": {"INVATATOR - EDUCATOARE": 28, "FILOLOGIE": 23, "TEOLOGIE MUSULMANA": 6}, "limba_moderna": {"LIMBA ENGLEZA": 57}, "limba_materna": {"LIMBA ROMANA": 51, "LIMBA TURCA": 6}, "promotie_anterioara": {"NU": 46, "DA": 11}, "materii": {"LIMBA ROMANA": {"medie": 4.973584905660378, "reusita": 52.63157894736842, "cnt": 57}, "GENERAL": {"medie": 5.3161163522012576, "reusita": 33.33333333333333, "cnt": 57}, "ISTORIE": {"medie": 4.675000000000001, "reusita": 41.37931034482759, "cnt": 29}, "LOGICA, ARGUMENTARE SI COMUNICARE": {"medie": 5.743333333333333, "reusita": 56.25, "cnt": 16}, "MATEMATICA PED": {"medie": 5.055555555555555, "reusita": 60.71428571428571, "cnt": 28}, "PSIHOLOGIE": {"medie": 5.999999999999999, "reusita": 75.75757575757575, "cnt": 33}, "GEOGRAFIE": {"medie": 6.89375, "reusita": 100.0, "cnt": 8}, "LIMBA TURCA": {"medie": 5.45, "reusita": 66.66666666666666, "cnt": 6}}, "nume": "COLEGIUL NATIONAL \"KEMAL ATATURK\" MEDGIDIA\tConstan\u021ba"}