{"specializari": {"INVATATOR - EDUCATOARE": 91, "EDUCATOR-PUERICULTOR": 28, "TEOLOGIE ROMANO-CATOLICA": 25}, "limba_moderna": {"LIMBA FRANCEZA": 12, "LIMBA ENGLEZA": 132}, "limba_materna": {"LIMBA ROMANA": 144}, "promotie_anterioara": {"NU": 142, "DA": 2}, "materii": {"LIMBA ROMANA": {"medie": 8.03159722222222, "reusita": 98.61111111111111, "cnt": 144}, "GENERAL": {"medie": 8.372494172494175, "reusita": 93.75, "cnt": 144}, "ISTORIE": {"medie": 7.719811320754718, "reusita": 100.0, "cnt": 53}, "LOGICA, ARGUMENTARE SI COMUNICARE": {"medie": 8.860416666666667, "reusita": 97.91666666666666, "cnt": 48}, "MATEMATICA PED": {"medie": 8.818888888888889, "reusita": 96.7032967032967, "cnt": 91}, "GEOGRAFIE": {"medie": 8.525, "reusita": 98.95833333333334, "cnt": 96}}, "nume": "COLEGIUL PEDAGOGIC \"VASILE LUPU\", IASI\tIa\u0219i"}