{"specializari": {"MATEMATICA-INFORMATICA": 54, "STIINTE SOCIALE": 60, "FILOLOGIE": 30, "TEOLOGIE ORTODOXA": 11}, "limba_moderna": {"LIMBA ENGLEZA": 137, "LIMBA FRANCEZA": 18}, "limba_materna": {"LIMBA ROMANA": 155}, "promotie_anterioara": {"NU": 150, "DA": 5}, "materii": {"LIMBA ROMANA": {"medie": 7.047096774193551, "reusita": 94.83870967741936, "cnt": 155}, "MATEMATICA MATE-INFO": {"medie": 7.860185185185183, "reusita": 96.29629629629629, "cnt": 54}, "GENERAL": {"medie": 7.627922077922077, "reusita": 84.51612903225806, "cnt": 155}, "CHIMIE ORGANICA TEO NIVEL I/II": {"medie": 9.445833333333335, "reusita": 100.0, "cnt": 12}, "INFORMATICA MI C/C++": {"medie": 8.957142857142857, "reusita": 100.0, "cnt": 7}, "ISTORIE": {"medie": 7.216336633663363, "reusita": 92.07920792079209, "cnt": 101}, "LOGICA, ARGUMENTARE SI COMUNICARE": {"medie": 8.462658227848102, "reusita": 95.0, "cnt": 80}, "FIZICA TEO": {"medie": 8.1921875, "reusita": 93.75, "cnt": 32}, "PSIHOLOGIE": {"medie": 8.5, "reusita": 100.0, "cnt": 1}, "GEOGRAFIE": {"medie": 7.687500000000002, "reusita": 95.0, "cnt": 20}, "BIOLOGIE VEGETALA SI ANIMALA": {"medie": 6.183333333333334, "reusita": 100.0, "cnt": 3}}, "nume": "COLEGIUL NATIONAL \"UNIREA\" TURNU MAGURELE\tTeleorman"}