{"specializari": {"LICEU CU PROGRAM SPORTIV": 27, "TEHNICIAN METROLOG": 1, "TEHNICIAN MECANIC PENTRU INTRETINERE SI REPARATII": 1, "TEHNICIAN IN INSTALATII ELECTRICE": 1, "TEHNICIAN ELECTROMECANIC": 3, "INSTRUCTOR PENTRU ACTIVITATI EXTRASCOLARE": 1, "TEHNICIAN ELECTROTEHNIST": 1, "TEHNICIAN MECATRONIST": 1}, "limba_moderna": {"LIMBA ENGLEZA": 32, "LIMBA FRANCEZA": 4}, "limba_materna": {"LIMBA ROMANA": 36}, "promotie_anterioara": {"NU": 18, "DA": 18}, "materii": {"LIMBA ROMANA": {"medie": 5.416666666666666, "reusita": 80.55555555555556, "cnt": 36}, "GENERAL": {"medie": 5.638888888888889, "reusita": 33.33333333333333, "cnt": 36}, "ISTORIE": {"medie": 5.438461538461538, "reusita": 82.14285714285714, "cnt": 28}, "LOGICA, ARGUMENTARE SI COMUNICARE": {"medie": 6.581818181818182, "reusita": 72.72727272727273, "cnt": 11}, "GEOGRAFIE": {"medie": 6.493333333333334, "reusita": 82.35294117647058, "cnt": 17}, "BIOLOGIE VEGETALA SI ANIMALA": {"medie": 5.2375, "reusita": 50.0, "cnt": 6}, "MATEMATICA TEHN": {"medie": 4.628571428571428, "reusita": 50.0, "cnt": 8}, "CHIMIE ANORGANICA TEH NIVEL I/II": {"medie": 5.050000000000001, "reusita": 50.0, "cnt": 2}}, "nume": "COLEGIUL TEHNIC \"AUREL VLAICU\" BAIA MARE\tMaramure\u0219"}