{"specializari": {"STIINTE ALE NATURII": 73, "STIINTE SOCIALE": 59, "FILOLOGIE": 27, "MATEMATICA-INFORMATICA": 59}, "limba_moderna": {"LIMBA ENGLEZA": 217, "LIMBA GERMANA MODERNA": 1}, "limba_materna": {"LIMBA ROMANA": 204, "LIMBA GERMANA": 14}, "promotie_anterioara": {"NU": 217, "DA": 1}, "materii": {"LIMBA ROMANA": {"medie": 8.268119266055049, "reusita": 100.0, "cnt": 218}, "MATEMATICA MATE-INFO": {"medie": 8.922033898305086, "reusita": 98.30508474576271, "cnt": 59}, "ANATOMIE SI FIZIOLOGIE UMANA, GENETICA SI ECOLOGIE UMANA": {"medie": 8.825625, "reusita": 100.0, "cnt": 80}, "GENERAL": {"medie": 8.692698776758412, "reusita": 98.1651376146789, "cnt": 218}, "MATEMATICA ST-NAT": {"medie": 9.1472602739726, "reusita": 98.63013698630137, "cnt": 73}, "CHIMIE ORGANICA TEO NIVEL I/II": {"medie": 9.75, "reusita": 100.0, "cnt": 3}, "CHIMIE ANORGANICA TEO NIVEL I/II": {"medie": 8.85, "reusita": 100.0, "cnt": 1}, "INFORMATICA MI C/C++": {"medie": 8.732352941176472, "reusita": 100.0, "cnt": 34}, "ISTORIE": {"medie": 8.791860465116276, "reusita": 100.0, "cnt": 86}, "LOGICA, ARGUMENTARE SI COMUNICARE": {"medie": 9.425, "reusita": 100.0, "cnt": 12}, "FIZICA TEO": {"medie": 8.703846153846154, "reusita": 100.0, "cnt": 13}, "GEOGRAFIE": {"medie": 9.02364864864865, "reusita": 100.0, "cnt": 74}, "BIOLOGIE VEGETALA SI ANIMALA": {"medie": 8.95, "reusita": 100.0, "cnt": 1}, "LIMBA GERMANA": {"medie": 7.042857142857143, "reusita": 100.0, "cnt": 14}}, "nume": "COLEGIUL NATIONAL BANATEAN TIMISOARA\tTimi\u0219"}