{"specializari": {"TEHNICIAN IN ACTIVITATI ECONOMICE": 141, "TEHNICIAN IN ADMINISTRATIE": 24, "TEHNICIAN IN GASTRONOMIE": 15, "TEHNICIAN IN ACTIVITATI DE COMERT": 48, "TEHNICIAN IN TURISM": 71, "COAFOR STILIST": 1, "MATEMATICA-INFORMATICA": 1}, "limba_moderna": {"LIMBA ENGLEZA": 259, "LIMBA FRANCEZA": 42}, "limba_materna": {"LIMBA ROMANA": 301}, "promotie_anterioara": {"NU": 289, "DA": 12}, "materii": {"LIMBA ROMANA": {"medie": 6.972240802675583, "reusita": 97.00996677740864, "cnt": 301}, "MATEMATICA MATE-INFO": {"medie": 7.15, "reusita": 100.0, "cnt": 1}, "GENERAL": {"medie": 7.531141868512115, "reusita": 83.05647840531562, "cnt": 301}, "INFORMATICA MI C/C++": {"medie": 6.25, "reusita": 100.0, "cnt": 1}, "LOGICA, ARGUMENTARE SI COMUNICARE": {"medie": 7.853097345132745, "reusita": 93.91304347826087, "cnt": 115}, "PSIHOLOGIE": {"medie": 6.816666666666666, "reusita": 100.0, "cnt": 3}, "GEOGRAFIE": {"medie": 8.033149171270718, "reusita": 99.4475138121547, "cnt": 181}, "MATEMATICA TEHN": {"medie": 7.577133105802046, "reusita": 92.33333333333333, "cnt": 300}, "ECONOMIE": {"medie": 5.7, "reusita": 100.0, "cnt": 1}}, "nume": "COLEGIUL ECONOMIC \"DIMITRIE CANTEMIR\" SUCEAVA\tSuceava"}