{"specializari": {"MATEMATICA-INFORMATICA": 47, "STIINTE ALE NATURII": 29, "FILOLOGIE": 31, "STIINTE SOCIALE": 34}, "limba_moderna": {"LIMBA ENGLEZA": 133, "LIMBA FRANCEZA": 8}, "limba_materna": {"LIMBA ROMANA": 141}, "promotie_anterioara": {"NU": 136, "DA": 5}, "materii": {"LIMBA ROMANA": {"medie": 7.371071428571426, "reusita": 96.45390070921985, "cnt": 141}, "MATEMATICA MATE-INFO": {"medie": 7.840425531914892, "reusita": 97.87234042553192, "cnt": 47}, "ANATOMIE SI FIZIOLOGIE UMANA, GENETICA SI ECOLOGIE UMANA": {"medie": 8.462307692307693, "reusita": 100.0, "cnt": 65}, "GENERAL": {"medie": 7.792619047619049, "reusita": 88.65248226950354, "cnt": 141}, "MATEMATICA ST-NAT": {"medie": 7.639655172413793, "reusita": 89.65517241379311, "cnt": 29}, "INFORMATICA MI C/C++": {"medie": 8.15, "reusita": 100.0, "cnt": 10}, "ISTORIE": {"medie": 7.757812499999998, "reusita": 98.46153846153847, "cnt": 65}, "LOGICA, ARGUMENTARE SI COMUNICARE": {"medie": 8.500000000000002, "reusita": 100.0, "cnt": 11}, "SOCIOLOGIE": {"medie": 7.720588235294118, "reusita": 94.11764705882352, "cnt": 17}, "PSIHOLOGIE": {"medie": 7.425000000000001, "reusita": 100.0, "cnt": 2}, "GEOGRAFIE": {"medie": 8.104545454545455, "reusita": 94.11764705882352, "cnt": 34}, "INFORMATICA SN C/C++": {"medie": 7.1, "reusita": 100.0, "cnt": 1}, "FILOSOFIE": {"medie": 8.7, "reusita": 100.0, "cnt": 1}}, "nume": "COLEGIUL NATIONAL \"DRAGOS VODA\" CAMPULUNG MOLDOVENESC\tSuceava"}