{"specializari": {"STIINTE ALE NATURII": 77}, "limba_moderna": {"LIMBA ENGLEZA": 76, "LIMBA FRANCEZA": 1}, "limba_materna": {"LIMBA ROMANA": 77}, "promotie_anterioara": {"NU": 76, "DA": 1}, "materii": {"LIMBA ROMANA": {"medie": 7.500649350649349, "reusita": 98.7012987012987, "cnt": 77}, "ANATOMIE SI FIZIOLOGIE UMANA, GENETICA SI ECOLOGIE UMANA": {"medie": 8.906349206349207, "reusita": 100.0, "cnt": 63}, "GENERAL": {"medie": 8.43947368421053, "reusita": 97.40259740259741, "cnt": 77}, "MATEMATICA ST-NAT": {"medie": 8.921052631578942, "reusita": 98.7012987012987, "cnt": 77}, "CHIMIE ORGANICA TEO NIVEL I/II": {"medie": 8.86, "reusita": 100.0, "cnt": 5}, "FIZICA TEO": {"medie": 8.6375, "reusita": 100.0, "cnt": 4}, "INFORMATICA SN C/C++": {"medie": 8.512500000000001, "reusita": 100.0, "cnt": 4}, "BIOLOGIE VEGETALA SI ANIMALA": {"medie": "-", "reusita": 0.0, "cnt": 1}}, "nume": "COLEGIUL NATIONAL \"ANA ASLAN\"\tBr\u0103ila"}