{"specializari": {"MATEMATICA-INFORMATICA": 140, "STIINTE ALE NATURII": 30, "STIINTE SOCIALE": 31}, "limba_moderna": {"LIMBA ENGLEZA": 192, "LIMBA FRANCEZA": 1, "LIMBA GERMANA MODERNA": 7, "LIMBA ITALIANA": 1}, "limba_materna": {"LIMBA ROMANA": 201}, "promotie_anterioara": {"NU": 201}, "materii": {"LIMBA ROMANA": {"medie": 8.756965174129355, "reusita": 100.0, "cnt": 201}, "MATEMATICA MATE-INFO": {"medie": 9.154642857142854, "reusita": 100.0, "cnt": 140}, "ANATOMIE SI FIZIOLOGIE UMANA, GENETICA SI ECOLOGIE UMANA": {"medie": 8.9768115942029, "reusita": 100.0, "cnt": 69}, "GENERAL": {"medie": 8.983665008291863, "reusita": 99.50248756218906, "cnt": 201}, "MATEMATICA ST-NAT": {"medie": 9.34, "reusita": 100.0, "cnt": 30}, "CHIMIE ORGANICA TEO NIVEL I/II": {"medie": 9.792857142857143, "reusita": 100.0, "cnt": 14}, "CHIMIE ANORGANICA TEO NIVEL I/II": {"medie": 9.166666666666668, "reusita": 100.0, "cnt": 3}, "INFORMATICA MI C/C++": {"medie": 8.820833333333335, "reusita": 100.0, "cnt": 60}, "ISTORIE": {"medie": 9.338709677419354, "reusita": 100.0, "cnt": 31}, "LOGICA, ARGUMENTARE SI COMUNICARE": {"medie": 9.160526315789474, "reusita": 100.0, "cnt": 19}, "FIZICA TEO": {"medie": 9.533333333333335, "reusita": 100.0, "cnt": 9}, "SOCIOLOGIE": {"medie": 9.6, "reusita": 100.0, "cnt": 1}, "PSIHOLOGIE": {"medie": 8.7, "reusita": 100.0, "cnt": 7}, "GEOGRAFIE": {"medie": 8.625, "reusita": 100.0, "cnt": 2}, "BIOLOGIE VEGETALA SI ANIMALA": {"medie": 8.633333333333333, "reusita": 100.0, "cnt": 15}, "FILOSOFIE": {"medie": 9.2, "reusita": 100.0, "cnt": 1}, "ECONOMIE": {"medie": 6.1, "reusita": 100.0, "cnt": 1}}, "nume": "COLEGIUL NATIONAL \"GHEORGHE SINCAI\" BAIA MARE\tMaramure\u0219"}