{"specializari": {"TEHNICIAN IN TURISM": 42, "TEHNICIAN DESIGNER VESTIMENTAR": 5, "TEHNICIAN IN INDUSTRIA TEXTILA": 1}, "limba_moderna": {"LIMBA ENGLEZA": 48}, "limba_materna": {"LIMBA ROMANA": 48}, "promotie_anterioara": {"NU": 41, "DA": 7}, "materii": {"LIMBA ROMANA": {"medie": 5.659574468085105, "reusita": 83.33333333333334, "cnt": 48}, "GENERAL": {"medie": 6.7768115942029015, "reusita": 64.58333333333334, "cnt": 48}, "LOGICA, ARGUMENTARE SI COMUNICARE": {"medie": 8.7, "reusita": 100.0, "cnt": 1}, "GEOGRAFIE": {"medie": 8.350000000000001, "reusita": 100.0, "cnt": 41}, "BIOLOGIE VEGETALA SI ANIMALA": {"medie": 6.283333333333334, "reusita": 60.0, "cnt": 5}, "MATEMATICA TEHN": {"medie": 6.5521276595744675, "reusita": 81.25, "cnt": 48}, "FIZICA TEH": {"medie": 3.15, "reusita": 0.0, "cnt": 1}}, "nume": "COLEGIUL DE SERVICII IN TURISM \"NAPOCA\" CLUJ-NAPOCA\tCluj"}