{"specializari": {"MATEMATICA-INFORMATICA": 55, "STIINTE ALE NATURII": 30, "FILOLOGIE": 59}, "limba_moderna": {"LIMBA GERMANA MODERNA": 10, "LIMBA ENGLEZA": 126, "LIMBA FRANCEZA": 8}, "limba_materna": {"LIMBA ROMANA": 144}, "promotie_anterioara": {"NU": 144}, "materii": {"LIMBA ROMANA": {"medie": 8.533333333333333, "reusita": 100.0, "cnt": 144}, "MATEMATICA MATE-INFO": {"medie": 8.733636363636363, "reusita": 100.0, "cnt": 55}, "ANATOMIE SI FIZIOLOGIE UMANA, GENETICA SI ECOLOGIE UMANA": {"medie": 9.385714285714286, "reusita": 100.0, "cnt": 56}, "GENERAL": {"medie": 8.829166666666664, "reusita": 98.61111111111111, "cnt": 144}, "MATEMATICA ST-NAT": {"medie": 9.161666666666667, "reusita": 100.0, "cnt": 30}, "CHIMIE ORGANICA TEO NIVEL I/II": {"medie": 8.5, "reusita": 100.0, "cnt": 1}, "CHIMIE ANORGANICA TEO NIVEL I/II": {"medie": 8.5, "reusita": 100.0, "cnt": 1}, "INFORMATICA MI C/C++": {"medie": 7.761111111111112, "reusita": 100.0, "cnt": 18}, "ISTORIE": {"medie": 8.850847457627122, "reusita": 100.0, "cnt": 59}, "LOGICA, ARGUMENTARE SI COMUNICARE": {"medie": 9.279166666666667, "reusita": 100.0, "cnt": 48}, "FIZICA TEO": {"medie": 8.77142857142857, "reusita": 100.0, "cnt": 7}, "PSIHOLOGIE": {"medie": 8.6, "reusita": 100.0, "cnt": 2}, "GEOGRAFIE": {"medie": 9.572222222222223, "reusita": 100.0, "cnt": 9}, "INFORMATICA SN C/C++": {"medie": 7.775, "reusita": 100.0, "cnt": 2}}, "nume": "COLEGIUL NATIONAL \"VASILE ALECSANDRI\", IASI\tIa\u0219i"}