{"specializari": {"TEHNICIAN IN ACTIVITATI ECONOMICE": 119, "TEHNICIAN IN TURISM": 30, "TEHNICIAN IN GASTRONOMIE": 31, "ORGANIZATOR BANQUETING": 30}, "limba_moderna": {"LIMBA ENGLEZA": 208, "LIMBA ITALIANA": 1, "LIMBA FRANCEZA": 1}, "limba_materna": {"LIMBA ROMANA": 210}, "promotie_anterioara": {"NU": 204, "DA": 6}, "materii": {"LIMBA ROMANA": {"medie": 6.996650717703347, "reusita": 98.09523809523809, "cnt": 210}, "GENERAL": {"medie": 7.710446570972887, "reusita": 91.9047619047619, "cnt": 210}, "LOGICA, ARGUMENTARE SI COMUNICARE": {"medie": 9.7, "reusita": 100.0, "cnt": 2}, "GEOGRAFIE": {"medie": 8.270731707317074, "reusita": 98.05825242718447, "cnt": 206}, "MATEMATICA TEHN": {"medie": 7.852392344497607, "reusita": 97.14285714285714, "cnt": 210}, "ECONOMIE": {"medie": 8.05, "reusita": 100.0, "cnt": 2}}, "nume": "COLEGIUL ECONOMIC \"FRANCESCO SAVERIO NITTI\" TIMISOARA\tTimi\u0219"}