{"specializari": {"INVATATOR - EDUCATOARE": 55, "FILOLOGIE": 37, "MATEMATICA-INFORMATICA": 29}, "limba_moderna": {"LIMBA ENGLEZA": 121}, "limba_materna": {"LIMBA ROMANA": 121}, "promotie_anterioara": {"NU": 121}, "materii": {"LIMBA ROMANA": {"medie": 8.70206611570248, "reusita": 99.17355371900827, "cnt": 121}, "MATEMATICA MATE-INFO": {"medie": 9.632758620689655, "reusita": 100.0, "cnt": 29}, "ANATOMIE SI FIZIOLOGIE UMANA, GENETICA SI ECOLOGIE UMANA": {"medie": 8.95, "reusita": 100.0, "cnt": 4}, "GENERAL": {"medie": 9.196280991735538, "reusita": 99.17355371900827, "cnt": 121}, "INFORMATICA MI C/C++": {"medie": 9.725999999999999, "reusita": 100.0, "cnt": 25}, "ISTORIE": {"medie": 9.51081081081081, "reusita": 100.0, "cnt": 37}, "LOGICA, ARGUMENTARE SI COMUNICARE": {"medie": 9.512264150943402, "reusita": 100.0, "cnt": 53}, "MATEMATICA PED": {"medie": 9.105454545454547, "reusita": 100.0, "cnt": 55}, "SOCIOLOGIE": {"medie": 10.0, "reusita": 100.0, "cnt": 1}, "PSIHOLOGIE": {"medie": 9.1, "reusita": 100.0, "cnt": 4}, "GEOGRAFIE": {"medie": 9.522727272727273, "reusita": 100.0, "cnt": 33}, "ECONOMIE": {"medie": 9.5, "reusita": 100.0, "cnt": 1}}, "nume": "COLEGIUL NATIONAL \"PREPARANDIA-DIMITRIE TICHINDEAL\" ARAD\tArad"}