{"specializari": {"STIINTE ALE NATURII": 27, "MATEMATICA-INFORMATICA": 120, "FILOLOGIE": 33, "STIINTE SOCIALE": 30, "TEHNICIAN MECANIC PENTRU INTRETINERE SI REPARATII": 1}, "limba_moderna": {"LIMBA ENGLEZA": 204, "LIMBA FRANCEZA": 7}, "limba_materna": {"LIMBA ROMANA": 211}, "promotie_anterioara": {"NU": 210, "DA": 1}, "materii": {"LIMBA ROMANA": {"medie": 9.080094786729859, "reusita": 100.0, "cnt": 211}, "MATEMATICA MATE-INFO": {"medie": 9.316806722689073, "reusita": 99.16666666666667, "cnt": 120}, "ANATOMIE SI FIZIOLOGIE UMANA, GENETICA SI ECOLOGIE UMANA": {"medie": 9.483333333333333, "reusita": 100.0, "cnt": 33}, "GENERAL": {"medie": 9.254682539682545, "reusita": 99.0521327014218, "cnt": 211}, "MATEMATICA ST-NAT": {"medie": 9.714814814814815, "reusita": 100.0, "cnt": 27}, "CHIMIE ORGANICA TEO NIVEL I/II": {"medie": 9.636666666666667, "reusita": 100.0, "cnt": 30}, "INFORMATICA MI C/C++": {"medie": 9.303703703703704, "reusita": 100.0, "cnt": 54}, "ISTORIE": {"medie": 9.273809523809522, "reusita": 100.0, "cnt": 63}, "LOGICA, ARGUMENTARE SI COMUNICARE": {"medie": 9.415625000000002, "reusita": 100.0, "cnt": 48}, "FIZICA TEO": {"medie": 9.229310344827585, "reusita": 100.0, "cnt": 29}, "PSIHOLOGIE": {"medie": 9.624999999999998, "reusita": 100.0, "cnt": 8}, "GEOGRAFIE": {"medie": 9.8, "reusita": 100.0, "cnt": 2}, "BIOLOGIE VEGETALA SI ANIMALA": {"medie": 6.3, "reusita": 50.0, "cnt": 2}, "MATEMATICA TEHN": {"medie": 2.0, "reusita": 0.0, "cnt": 1}, "FILOSOFIE": {"medie": 9.9, "reusita": 100.0, "cnt": 1}, "ECONOMIE": {"medie": 7.5874999999999995, "reusita": 100.0, "cnt": 4}}, "nume": "COLEGIUL NATIONAL \"VASILE ALECSANDRI\", LOCALITATEA GALATI\tGala\u021bi"}