{"specializari": {"STIINTE ALE NATURII": 58, "FILOLOGIE": 51}, "limba_moderna": {"LIMBA ENGLEZA": 109}, "limba_materna": {"LIMBA GERMANA": 109}, "promotie_anterioara": {"NU": 109}, "materii": {"LIMBA ROMANA": {"medie": 8.586238532110091, "reusita": 100.0, "cnt": 109}, "ANATOMIE SI FIZIOLOGIE UMANA, GENETICA SI ECOLOGIE UMANA": {"medie": 9.478787878787877, "reusita": 100.0, "cnt": 33}, "GENERAL": {"medie": 8.884059633027523, "reusita": 100.0, "cnt": 109}, "MATEMATICA ST-NAT": {"medie": 9.467241379310344, "reusita": 100.0, "cnt": 58}, "CHIMIE ORGANICA TEO NIVEL I/II": {"medie": 9.742857142857144, "reusita": 100.0, "cnt": 7}, "CHIMIE ANORGANICA TEO NIVEL I/II": {"medie": 10.0, "reusita": 100.0, "cnt": 2}, "ISTORIE": {"medie": 8.780392156862742, "reusita": 100.0, "cnt": 51}, "LOGICA, ARGUMENTARE SI COMUNICARE": {"medie": 9.186486486486483, "reusita": 100.0, "cnt": 37}, "FIZICA TEO": {"medie": 9.280000000000001, "reusita": 100.0, "cnt": 10}, "PSIHOLOGIE": {"medie": 9.5, "reusita": 100.0, "cnt": 2}, "GEOGRAFIE": {"medie": 9.054166666666665, "reusita": 100.0, "cnt": 12}, "INFORMATICA SN C/C++": {"medie": 8.25, "reusita": 100.0, "cnt": 2}, "BIOLOGIE VEGETALA SI ANIMALA": {"medie": 9.675, "reusita": 100.0, "cnt": 4}, "LIMBA GERMANA": {"medie": 8.47798165137615, "reusita": 100.0, "cnt": 109}}, "nume": "COLEGIUL NATIONAL \"JOHANNES HONTERUS\" BRASOV\tBra\u0219ov"}