{"specializari": {"TEHNICIAN ANALIZE PRODUSE ALIMENTARE": 25, "TEHNICIAN IN ACTIVITATI ECONOMICE": 31, "TEHNICIAN PROIECTANT CAD": 9, "TEHNICIAN HORTICULTOR": 19, "TEHNICIAN ECOLOG SI PROTECTIA CALITATII MEDIULUI": 23, "TEHNICIAN IN AGRICULTURA": 9, "TEHNICIAN IN INDUSTRIA ALIMENTARA": 2, "TEHNICIAN MECANIC PENTRU INTRETINERE SI REPARATII": 1}, "limba_moderna": {"LIMBA ENGLEZA": 116, "LIMBA FRANCEZA": 3}, "limba_materna": {"LIMBA ROMANA": 119}, "promotie_anterioara": {"NU": 98, "DA": 21}, "materii": {"LIMBA ROMANA": {"medie": 5.480172413793106, "reusita": 73.10924369747899, "cnt": 119}, "ANATOMIE SI FIZIOLOGIE UMANA, GENETICA SI ECOLOGIE UMANA": {"medie": 5.1605633802816895, "reusita": 53.84615384615385, "cnt": 78}, "GENERAL": {"medie": 5.454848484848483, "reusita": 38.655462184873954, "cnt": 119}, "LOGICA, ARGUMENTARE SI COMUNICARE": {"medie": 5.924999999999999, "reusita": 70.0, "cnt": 20}, "GEOGRAFIE": {"medie": 7.413636363636362, "reusita": 100.0, "cnt": 11}, "BIOLOGIE VEGETALA SI ANIMALA": {"medie": 5.716666666666666, "reusita": 66.66666666666666, "cnt": 3}, "MATEMATICA TEHN": {"medie": 5.308407079646016, "reusita": 57.14285714285714, "cnt": 119}, "CHIMIE ANORGANICA TEH NIVEL I/II": {"medie": 3.7499999999999996, "reusita": 28.57142857142857, "cnt": 7}}, "nume": "COLEGIUL AGRICOL \"DIMITRIE CANTEMIR\", MUN. HUSI\tVaslui"}