{"specializari": {"TEHNICIAN IN AUTOMATIZARI": 24, "TEHNICIAN IN INSTALATII ELECTRICE": 24, "TEHNICIAN ENERGETICIAN": 1}, "limba_moderna": {"LIMBA ENGLEZA": 47, "LIMBA FRANCEZA": 2}, "limba_materna": {"LIMBA ROMANA": 49}, "promotie_anterioara": {"NU": 42, "DA": 7}, "materii": {"LIMBA ROMANA": {"medie": 6.258163265306123, "reusita": 93.87755102040816, "cnt": 49}, "GENERAL": {"medie": 6.54858156028369, "reusita": 61.224489795918366, "cnt": 49}, "BIOLOGIE VEGETALA SI ANIMALA": {"medie": 5.722368421052631, "reusita": 57.49999999999999, "cnt": 40}, "MATEMATICA TEHN": {"medie": 7.502083333333335, "reusita": 95.91836734693877, "cnt": 49}, "CHIMIE ORGANICA TEH NIVEL I/II": {"medie": 5.375, "reusita": 50.0, "cnt": 2}, "FIZICA TEH": {"medie": 6.75, "reusita": 75.0, "cnt": 4}, "CHIMIE ANORGANICA TEH NIVEL I/II": {"medie": 6.116666666666667, "reusita": 100.0, "cnt": 3}}, "nume": "COLEGIUL TEHNIC ENERGETIC CLUJ-NAPOCA\tCluj"}