{"specializari": {"MATEMATICA-INFORMATICA": 103, "STIINTE ALE NATURII": 88, "STIINTE SOCIALE": 31}, "limba_moderna": {"LIMBA ENGLEZA": 176, "LIMBA GERMANA MODERNA": 29, "LIMBA FRANCEZA": 17}, "limba_materna": {"LIMBA ROMANA": 222}, "promotie_anterioara": {"NU": 220, "DA": 2}, "materii": {"LIMBA ROMANA": {"medie": 8.678153153153152, "reusita": 100.0, "cnt": 222}, "MATEMATICA MATE-INFO": {"medie": 9.31359223300971, "reusita": 99.02912621359224, "cnt": 103}, "ANATOMIE SI FIZIOLOGIE UMANA, GENETICA SI ECOLOGIE UMANA": {"medie": 9.230337078651687, "reusita": 100.0, "cnt": 89}, "GENERAL": {"medie": 9.124849849849847, "reusita": 99.09909909909909, "cnt": 222}, "MATEMATICA ST-NAT": {"medie": 9.509659090909091, "reusita": 100.0, "cnt": 88}, "CHIMIE ORGANICA TEO NIVEL I/II": {"medie": 9.448148148148148, "reusita": 100.0, "cnt": 27}, "CHIMIE ANORGANICA TEO NIVEL I/II": {"medie": 9.9, "reusita": 100.0, "cnt": 1}, "INFORMATICA MI C/C++": {"medie": 9.370689655172415, "reusita": 100.0, "cnt": 29}, "ISTORIE": {"medie": 9.25483870967742, "reusita": 100.0, "cnt": 31}, "LOGICA, ARGUMENTARE SI COMUNICARE": {"medie": 9.450000000000001, "reusita": 100.0, "cnt": 21}, "FIZICA TEO": {"medie": 9.347619047619045, "reusita": 100.0, "cnt": 42}, "SOCIOLOGIE": {"medie": 9.8, "reusita": 100.0, "cnt": 2}, "GEOGRAFIE": {"medie": 9.341666666666667, "reusita": 100.0, "cnt": 6}, "INFORMATICA SN C/C++": {"medie": 8.625, "reusita": 100.0, "cnt": 2}, "BIOLOGIE VEGETALA SI ANIMALA": {"medie": 6.85, "reusita": 100.0, "cnt": 1}, "ECONOMIE": {"medie": 9.25, "reusita": 100.0, "cnt": 2}}, "nume": "COLEGIUL NATIONAL \"MIRCEA CEL BATRAN\" CONSTANTA\tConstan\u021ba"}