{"specializari": {"STIINTE ALE NATURII": 61, "MATEMATICA-INFORMATICA": 86, "STIINTE SOCIALE": 36}, "limba_moderna": {"LIMBA ENGLEZA": 175, "LIMBA GERMANA MODERNA": 7, "LIMBA FRANCEZA": 1}, "limba_materna": {"LIMBA ROMANA": 183}, "promotie_anterioara": {"NU": 183}, "materii": {"LIMBA ROMANA": {"medie": 8.846721311475402, "reusita": 100.0, "cnt": 183}, "MATEMATICA MATE-INFO": {"medie": 9.44186046511628, "reusita": 100.0, "cnt": 86}, "ANATOMIE SI FIZIOLOGIE UMANA, GENETICA SI ECOLOGIE UMANA": {"medie": 9.132203389830506, "reusita": 100.0, "cnt": 59}, "GENERAL": {"medie": 9.18989071038251, "reusita": 100.0, "cnt": 183}, "MATEMATICA ST-NAT": {"medie": 9.385245901639342, "reusita": 100.0, "cnt": 61}, "CHIMIE ORGANICA TEO NIVEL I/II": {"medie": 9.672916666666667, "reusita": 100.0, "cnt": 24}, "CHIMIE ANORGANICA TEO NIVEL I/II": {"medie": 10.0, "reusita": 100.0, "cnt": 2}, "INFORMATICA MI C/C++": {"medie": 9.664772727272727, "reusita": 100.0, "cnt": 44}, "ISTORIE": {"medie": 9.15138888888889, "reusita": 100.0, "cnt": 36}, "LOGICA, ARGUMENTARE SI COMUNICARE": {"medie": 9.31111111111111, "reusita": 100.0, "cnt": 27}, "FIZICA TEO": {"medie": 8.990625, "reusita": 100.0, "cnt": 16}, "GEOGRAFIE": {"medie": 9.899999999999999, "reusita": 100.0, "cnt": 4}, "BIOLOGIE VEGETALA SI ANIMALA": {"medie": 9.275, "reusita": 100.0, "cnt": 2}, "FILOSOFIE": {"medie": 9.0, "reusita": 100.0, "cnt": 2}, "ECONOMIE": {"medie": 8.25, "reusita": 100.0, "cnt": 3}}, "nume": "COLEGIUL NATIONAL \"STEFAN CEL MARE\" SUCEAVA\tSuceava"}