{"specializari": {"MATEMATICA-INFORMATICA": 179}, "limba_moderna": {"LIMBA ENGLEZA": 174, "LIMBA GERMANA MODERNA": 3, "LIMBA FRANCEZA": 2}, "limba_materna": {"LIMBA ROMANA": 179}, "promotie_anterioara": {"NU": 175, "DA": 4}, "materii": {"LIMBA ROMANA": {"medie": 8.285754189944136, "reusita": 99.4413407821229, "cnt": 179}, "MATEMATICA MATE-INFO": {"medie": 8.72877094972067, "reusita": 98.32402234636871, "cnt": 179}, "ANATOMIE SI FIZIOLOGIE UMANA, GENETICA SI ECOLOGIE UMANA": {"medie": 8.743333333333336, "reusita": 100.0, "cnt": 60}, "GENERAL": {"medie": 8.646182495344506, "reusita": 96.08938547486034, "cnt": 179}, "CHIMIE ORGANICA TEO NIVEL I/II": {"medie": 9.575, "reusita": 100.0, "cnt": 2}, "INFORMATICA MI C/C++": {"medie": 9.212499999999997, "reusita": 97.72727272727273, "cnt": 88}, "FIZICA TEO": {"medie": 8.377586206896552, "reusita": 100.0, "cnt": 29}}, "nume": "COLEGIUL NATIONAL DE INFORMATICA, MUNICIPIUL PIATRA-NEAMT\tNeam\u021b"}