{"specializari": {"STIINTE ALE NATURII": 99, "STIINTE SOCIALE": 44, "MATEMATICA-INFORMATICA": 38, "FILOLOGIE": 43}, "limba_moderna": {"LIMBA ENGLEZA": 223, "LIMBA FRANCEZA": 1}, "limba_materna": {"LIMBA ROMANA": 224}, "promotie_anterioara": {"NU": 223, "DA": 1}, "materii": {"LIMBA ROMANA": {"medie": 8.409821428571428, "reusita": 99.55357142857143, "cnt": 224}, "MATEMATICA MATE-INFO": {"medie": 8.703947368421051, "reusita": 100.0, "cnt": 38}, "ANATOMIE SI FIZIOLOGIE UMANA, GENETICA SI ECOLOGIE UMANA": {"medie": 8.5625, "reusita": 98.91304347826086, "cnt": 92}, "GENERAL": {"medie": 8.621205357142857, "reusita": 99.10714285714286, "cnt": 224}, "MATEMATICA ST-NAT": {"medie": 8.716666666666665, "reusita": 98.98989898989899, "cnt": 99}, "CHIMIE ORGANICA TEO NIVEL I/II": {"medie": 9.600000000000001, "reusita": 100.0, "cnt": 2}, "INFORMATICA MI C/C++": {"medie": 9.222727272727273, "reusita": 100.0, "cnt": 11}, "ISTORIE": {"medie": 8.450574712643675, "reusita": 100.0, "cnt": 87}, "LOGICA, ARGUMENTARE SI COMUNICARE": {"medie": 9.366129032258065, "reusita": 100.0, "cnt": 31}, "FIZICA TEO": {"medie": 8.998148148148148, "reusita": 100.0, "cnt": 27}, "SOCIOLOGIE": {"medie": 8.666666666666666, "reusita": 100.0, "cnt": 3}, "PSIHOLOGIE": {"medie": 8.25, "reusita": 100.0, "cnt": 2}, "GEOGRAFIE": {"medie": 8.882291666666665, "reusita": 100.0, "cnt": 48}, "INFORMATICA SN C/C++": {"medie": 9.430000000000001, "reusita": 100.0, "cnt": 5}, "ECONOMIE": {"medie": 7.683333333333334, "reusita": 100.0, "cnt": 3}}, "nume": "COLEGIUL NATIONAL ALEXANDRU LAHOVARI, MUN. RM. VALCEA\tV\u00e2lcea"}