{"specializari": {"TEHNICIAN ECOLOG SI PROTECTIA CALITATII MEDIULUI": 27, "TEHNICIAN CHIMIST DE LABORATOR": 23, "COAFOR STILIST": 1}, "limba_moderna": {"LIMBA ENGLEZA": 50, "LIMBA FRANCEZA": 1}, "limba_materna": {"LIMBA ROMANA": 51}, "promotie_anterioara": {"NU": 41, "DA": 10}, "materii": {"LIMBA ROMANA": {"medie": 6.452999999999999, "reusita": 94.11764705882352, "cnt": 51}, "ANATOMIE SI FIZIOLOGIE UMANA, GENETICA SI ECOLOGIE UMANA": {"medie": 8.292857142857143, "reusita": 100.0, "cnt": 7}, "GENERAL": {"medie": 7.247619047619047, "reusita": 84.31372549019608, "cnt": 51}, "GEOGRAFIE": {"medie": 5.0, "reusita": 100.0, "cnt": 1}, "BIOLOGIE VEGETALA SI ANIMALA": {"medie": 7.460937499999999, "reusita": 96.875, "cnt": 32}, "MATEMATICA TEHN": {"medie": 7.523000000000001, "reusita": 94.11764705882352, "cnt": 51}, "CHIMIE ORGANICA TEH NIVEL I/II": {"medie": 5.375, "reusita": 100.0, "cnt": 2}, "FIZICA TEH": {"medie": 9.1125, "reusita": 100.0, "cnt": 4}, "CHIMIE ANORGANICA TEH NIVEL I/II": {"medie": 7.6899999999999995, "reusita": 100.0, "cnt": 5}}, "nume": "COLEGIUL TEHNIC \"ANA ASLAN\" CLUJ-NAPOCA\tCluj"}