{"specializari": {"TEHNICIAN ECOLOG SI PROTECTIA CALITATII MEDIULUI": 4, "TEHNICIAN IN GASTRONOMIE": 2, "TEHNICIAN IN TURISM": 10, "FILOLOGIE": 12, "TEHNICIAN ANALIZE PRODUSE ALIMENTARE": 12, "TEHNICIAN IN INDUSTRIA ALIMENTARA": 1, "TEHNICIAN MECANIC PENTRU INTRETINERE SI REPARATII": 2, "TEHNICIAN ELECTROTEHNIST": 1, "TEHNICIAN MECATRONIST": 2, "TEHNICIAN PROIECTANT CAD": 1, "STIINTE ALE NATURII": 1}, "limba_moderna": {"LIMBA ENGLEZA": 42, "LIMBA FRANCEZA": 6}, "limba_materna": {"LIMBA ROMANA": 48}, "promotie_anterioara": {"NU": 28, "DA": 20}, "materii": {"LIMBA ROMANA": {"medie": 5.875531914893617, "reusita": 85.41666666666666, "cnt": 48}, "ANATOMIE SI FIZIOLOGIE UMANA, GENETICA SI ECOLOGIE UMANA": {"medie": 6.258333333333335, "reusita": 77.77777777777779, "cnt": 18}, "GENERAL": {"medie": 6.1470370370370375, "reusita": 52.083333333333336, "cnt": 48}, "MATEMATICA ST-NAT": {"medie": "-", "reusita": 0.0, "cnt": 1}, "ISTORIE": {"medie": 5.858333333333333, "reusita": 83.33333333333334, "cnt": 12}, "PSIHOLOGIE": {"medie": 5.949999999999999, "reusita": 100.0, "cnt": 2}, "GEOGRAFIE": {"medie": 7.276190476190475, "reusita": 95.45454545454545, "cnt": 22}, "BIOLOGIE VEGETALA SI ANIMALA": {"medie": 5.4, "reusita": 75.0, "cnt": 4}, "MATEMATICA TEHN": {"medie": 5.963235294117648, "reusita": 77.14285714285715, "cnt": 35}, "FIZICA TEH": {"medie": 2.5, "reusita": 0.0, "cnt": 2}}, "nume": "COLEGIUL TEHNIC \"COSTIN D. NENITESCU\"\tBr\u0103ila"}