{"specializari": {"MATEMATICA-INFORMATICA": 89}, "limba_moderna": {"LIMBA ENGLEZA": 89}, "limba_materna": {"LIMBA ROMANA": 89}, "promotie_anterioara": {"NU": 89}, "materii": {"LIMBA ROMANA": {"medie": 8.421348314606739, "reusita": 100.0, "cnt": 89}, "MATEMATICA MATE-INFO": {"medie": 8.252808988764043, "reusita": 100.0, "cnt": 89}, "GENERAL": {"medie": 8.335955056179774, "reusita": 98.87640449438202, "cnt": 89}, "INFORMATICA MI C/C++": {"medie": 8.21, "reusita": 100.0, "cnt": 15}, "FIZICA TEO": {"medie": 8.386666666666667, "reusita": 100.0, "cnt": 15}, "BIOLOGIE VEGETALA SI ANIMALA": {"medie": 8.351694915254239, "reusita": 98.30508474576271, "cnt": 59}}, "nume": "COLEGIUL NATIONAL MILITAR \"ALEXANDRU IOAN CUZA\" CONSTANTA\tConstan\u021ba"}