{"specializari": {"MATEMATICA-INFORMATICA": 52, "TEHNICIAN IN ACTIVITATI ECONOMICE": 56, "TEHNICIAN IN AUTOMATIZARI": 29, "TEHNICIAN DE TELECOMUNICATII": 18, "TEHNICIAN IN INSTALATII ELECTRICE": 14, "TEHNICIAN ELECTROTEHNIST": 1, "TEHNICIAN TRANSPORTURI": 3}, "limba_moderna": {"LIMBA ENGLEZA": 173}, "limba_materna": {"LIMBA ROMANA": 173}, "promotie_anterioara": {"NU": 151, "DA": 22}, "materii": {"LIMBA ROMANA": {"medie": 6.851156069364165, "reusita": 96.53179190751445, "cnt": 173}, "MATEMATICA MATE-INFO": {"medie": 8.16346153846154, "reusita": 100.0, "cnt": 52}, "ANATOMIE SI FIZIOLOGIE UMANA, GENETICA SI ECOLOGIE UMANA": {"medie": 9.008333333333333, "reusita": 100.0, "cnt": 12}, "GENERAL": {"medie": 7.500788954635108, "reusita": 80.92485549132948, "cnt": 173}, "CHIMIE ORGANICA TEO NIVEL I/II": {"medie": 9.9, "reusita": 100.0, "cnt": 1}, "INFORMATICA MI C/C++": {"medie": 8.62162162162162, "reusita": 100.0, "cnt": 37}, "LOGICA, ARGUMENTARE SI COMUNICARE": {"medie": 8.789583333333331, "reusita": 100.0, "cnt": 24}, "GEOGRAFIE": {"medie": 8.176562500000001, "reusita": 100.0, "cnt": 32}, "BIOLOGIE VEGETALA SI ANIMALA": {"medie": 6.15703125, "reusita": 81.53846153846153, "cnt": 65}, "MATEMATICA TEHN": {"medie": 7.823750000000002, "reusita": 98.34710743801654, "cnt": 121}, "FIZICA TEH": {"medie": 9.55, "reusita": 50.0, "cnt": 2}}, "nume": "COLEGIUL TEHNIC \"INFOEL\" BISTRITA\tBistri\u021ba-N\u0103s\u0103ud"}