{"specializari": {"TEHNICIAN IN ADMINISTRATIE": 27, "TEHNICIAN IN ACHIZITII SI CONTRACTARI": 47, "TEHNICIAN IN ACTIVITATI ECONOMICE": 54, "TEHNICIAN IN GASTRONOMIE": 32, "TEHNICIAN IN TURISM": 21, "ORGANIZATOR BANQUETING": 25}, "limba_moderna": {"LIMBA ENGLEZA": 204, "LIMBA FRANCEZA": 2}, "limba_materna": {"LIMBA ROMANA": 206}, "promotie_anterioara": {"NU": 203, "DA": 3}, "materii": {"LIMBA ROMANA": {"medie": 7.31951219512195, "reusita": 97.57281553398059, "cnt": 206}, "GENERAL": {"medie": 8.186747967479668, "reusita": 96.11650485436894, "cnt": 206}, "LOGICA, ARGUMENTARE SI COMUNICARE": {"medie": 8.15, "reusita": 100.0, "cnt": 2}, "PSIHOLOGIE": {"medie": 8.65, "reusita": 100.0, "cnt": 2}, "GEOGRAFIE": {"medie": 8.61868686868687, "reusita": 98.99497487437185, "cnt": 199}, "MATEMATICA TEHN": {"medie": 8.62951219512195, "reusita": 99.51456310679612, "cnt": 206}, "ECONOMIE": {"medie": 8.4, "reusita": 100.0, "cnt": 3}}, "nume": "COLEGIUL ECONOMIC \"MIHAIL KOGALNICEANU\" FOCSANI\tVrancea"}