{"specializari": {"TEHNICIAN IN ACTIVITATI ECONOMICE": 27, "TEHNICIAN IN GASTRONOMIE": 27, "COAFOR STILIST": 27}, "limba_moderna": {"LIMBA ENGLEZA": 79, "LIMBA FRANCEZA": 2}, "limba_materna": {"LIMBA ROMANA": 81}, "promotie_anterioara": {"NU": 69, "DA": 12}, "materii": {"LIMBA ROMANA": {"medie": 5.3487341772151895, "reusita": 76.5432098765432, "cnt": 81}, "GENERAL": {"medie": 5.716880341880342, "reusita": 41.9753086419753, "cnt": 81}, "GEOGRAFIE": {"medie": 6.835443037974682, "reusita": 85.18518518518519, "cnt": 81}, "MATEMATICA TEHN": {"medie": 4.929487179487181, "reusita": 53.086419753086425, "cnt": 81}}, "nume": "COLEGIUL TEHNIC \"ION HOLBAN\", IASI\tIa\u0219i"}