{"specializari": {"STIINTE ALE NATURII": 26, "MATEMATICA-INFORMATICA": 26, "STIINTE SOCIALE": 28, "FILOLOGIE": 31}, "limba_moderna": {"LIMBA ENGLEZA": 96, "LIMBA GERMANA MODERNA": 15}, "limba_materna": {"LIMBA GERMANA": 57, "LIMBA ROMANA": 54}, "promotie_anterioara": {"NU": 110, "DA": 1}, "materii": {"LIMBA ROMANA": {"medie": 8.37342342342342, "reusita": 100.0, "cnt": 111}, "MATEMATICA MATE-INFO": {"medie": 8.042307692307691, "reusita": 100.0, "cnt": 26}, "ANATOMIE SI FIZIOLOGIE UMANA, GENETICA SI ECOLOGIE UMANA": {"medie": 9.06521739130435, "reusita": 100.0, "cnt": 23}, "GENERAL": {"medie": 8.732319819819821, "reusita": 99.09909909909909, "cnt": 111}, "MATEMATICA ST-NAT": {"medie": 9.507692307692308, "reusita": 100.0, "cnt": 26}, "CHIMIE ORGANICA TEO NIVEL I/II": {"medie": 9.592857142857142, "reusita": 100.0, "cnt": 7}, "CHIMIE ANORGANICA TEO NIVEL I/II": {"medie": 6.9, "reusita": 100.0, "cnt": 1}, "INFORMATICA MI C/C++": {"medie": 8.8, "reusita": 100.0, "cnt": 9}, "ISTORIE": {"medie": 9.195762711864406, "reusita": 100.0, "cnt": 59}, "LOGICA, ARGUMENTARE SI COMUNICARE": {"medie": 9.106756756756758, "reusita": 100.0, "cnt": 37}, "FIZICA TEO": {"medie": 9.450000000000001, "reusita": 100.0, "cnt": 7}, "PSIHOLOGIE": {"medie": 9.3625, "reusita": 100.0, "cnt": 4}, "GEOGRAFIE": {"medie": 8.440624999999999, "reusita": 100.0, "cnt": 16}, "INFORMATICA SN C/C++": {"medie": 9.65, "reusita": 100.0, "cnt": 3}, "BIOLOGIE VEGETALA SI ANIMALA": {"medie": 8.1, "reusita": 100.0, "cnt": 2}, "FILOSOFIE": {"medie": 9.25, "reusita": 100.0, "cnt": 2}, "LIMBA GERMANA": {"medie": 8.353508771929825, "reusita": 100.0, "cnt": 57}}, "nume": "COLEGIUL NATIONAL \"GEORGE COSBUC\" CLUJ-NAPOCA\tCluj"}