{"specializari": {"STIINTE ALE NATURII": 29, "MATEMATICA-INFORMATICA": 91, "FILOLOGIE": 29, "STIINTE SOCIALE": 30}, "limba_moderna": {"LIMBA ENGLEZA": 178, "LIMBA FRANCEZA": 1}, "limba_materna": {"LIMBA ROMANA": 179}, "promotie_anterioara": {"NU": 177, "DA": 2}, "materii": {"LIMBA ROMANA": {"medie": 8.008100558659217, "reusita": 100.0, "cnt": 179}, "MATEMATICA MATE-INFO": {"medie": 8.648351648351642, "reusita": 98.9010989010989, "cnt": 91}, "ANATOMIE SI FIZIOLOGIE UMANA, GENETICA SI ECOLOGIE UMANA": {"medie": 8.828448275862073, "reusita": 100.0, "cnt": 58}, "GENERAL": {"medie": 8.423649906890123, "reusita": 93.85474860335195, "cnt": 179}, "MATEMATICA ST-NAT": {"medie": 8.629310344827585, "reusita": 100.0, "cnt": 29}, "CHIMIE ORGANICA TEO NIVEL I/II": {"medie": 9.45, "reusita": 100.0, "cnt": 5}, "INFORMATICA MI C/C++": {"medie": 8.877142857142855, "reusita": 97.14285714285714, "cnt": 35}, "ISTORIE": {"medie": 8.263559322033899, "reusita": 100.0, "cnt": 59}, "LOGICA, ARGUMENTARE SI COMUNICARE": {"medie": 9.486956521739133, "reusita": 100.0, "cnt": 23}, "FIZICA TEO": {"medie": 8.142857142857144, "reusita": 95.23809523809523, "cnt": 21}, "PSIHOLOGIE": {"medie": 9.7, "reusita": 100.0, "cnt": 1}, "GEOGRAFIE": {"medie": 8.266666666666666, "reusita": 100.0, "cnt": 33}, "INFORMATICA SN C/C++": {"medie": 7.15, "reusita": 100.0, "cnt": 1}, "FILOSOFIE": {"medie": 8.5, "reusita": 100.0, "cnt": 1}, "ECONOMIE": {"medie": 7.9, "reusita": 100.0, "cnt": 1}}, "nume": "COLEGIUL NATIONAL \"SPIRU HARET\", LOCALITATEA TECUCI\tGala\u021bi"}