{"specializari": {"TEHNICIAN IN HOTELARIE": 15, "TEHNICIAN IN GASTRONOMIE": 27, "STIINTE ALE NATURII": 30, "TEHNICIAN CHIMIST DE LABORATOR": 13, "TEHNICIAN IN INSTALATII ELECTRICE": 28, "TEHNICIAN PRELUCRARI PE MASINI CU COMANDA NUMERICA": 1, "TEHNICIAN IN CONSTRUCTII SI LUCRARI PUBLICE": 9, "TEHNICIAN MECANIC PENTRU INTRETINERE SI REPARATII": 27, "TEHNICIAN DESENATOR PENTRU CONSTRUCTII SI INSTALATII": 10, "TEHNICIAN INSTALATOR PENTRU CONSTRUCTII": 2, "TEHNICIAN ELECTROMECANIC": 6, "TEHNICIAN MECATRONIST": 1}, "limba_moderna": {"LIMBA ENGLEZA": 153, "LIMBA FRANCEZA": 16}, "limba_materna": {"LIMBA ROMANA": 169}, "promotie_anterioara": {"NU": 108, "DA": 61}, "materii": {"LIMBA ROMANA": {"medie": 5.678915662650601, "reusita": 76.92307692307693, "cnt": 169}, "ANATOMIE SI FIZIOLOGIE UMANA, GENETICA SI ECOLOGIE UMANA": {"medie": 7.078571428571429, "reusita": 93.33333333333333, "cnt": 15}, "GENERAL": {"medie": 5.745033112582783, "reusita": 44.37869822485207, "cnt": 169}, "MATEMATICA ST-NAT": {"medie": 6.536666666666666, "reusita": 76.66666666666667, "cnt": 30}, "LOGICA, ARGUMENTARE SI COMUNICARE": {"medie": 7.966666666666667, "reusita": 100.0, "cnt": 9}, "GEOGRAFIE": {"medie": 7.903124999999999, "reusita": 100.0, "cnt": 32}, "BIOLOGIE VEGETALA SI ANIMALA": {"medie": 4.501530612244897, "reusita": 49.51456310679612, "cnt": 103}, "MATEMATICA TEHN": {"medie": 5.480916030534353, "reusita": 64.02877697841727, "cnt": 139}, "ECONOMIE": {"medie": 6.2, "reusita": 100.0, "cnt": 1}, "FIZICA TEH": {"medie": 1.375, "reusita": 0.0, "cnt": 3}, "CHIMIE ANORGANICA TEH NIVEL I/II": {"medie": 6.0600000000000005, "reusita": 66.66666666666666, "cnt": 6}}, "nume": "COLEGIUL TEHNIC \"MIHAI BRAVU\"\tBucure\u0219ti"}