{"specializari": {"FILOLOGIE": 36, "MATEMATICA-INFORMATICA": 24, "STIINTE ALE NATURII": 37, "INVATATOR - EDUCATOARE": 30}, "limba_moderna": {"LIMBA ENGLEZA": 121, "LIMBA GERMANA MODERNA": 5, "LIMBA FRANCEZA": 1}, "limba_materna": {"LIMBA ROMANA": 127}, "promotie_anterioara": {"NU": 118, "DA": 9}, "materii": {"LIMBA ROMANA": {"medie": 7.327419354838709, "reusita": 96.06299212598425, "cnt": 127}, "MATEMATICA MATE-INFO": {"medie": 7.543749999999999, "reusita": 91.66666666666666, "cnt": 24}, "ANATOMIE SI FIZIOLOGIE UMANA, GENETICA SI ECOLOGIE UMANA": {"medie": 7.5674418604651175, "reusita": 91.11111111111111, "cnt": 45}, "GENERAL": {"medie": 7.596070460704611, "reusita": 77.95275590551181, "cnt": 127}, "MATEMATICA ST-NAT": {"medie": 5.347222222222222, "reusita": 54.054054054054056, "cnt": 37}, "INFORMATICA MI C/C++": {"medie": 7.225, "reusita": 90.0, "cnt": 10}, "ISTORIE": {"medie": 7.910000000000004, "reusita": 94.44444444444444, "cnt": 36}, "LOGICA, ARGUMENTARE SI COMUNICARE": {"medie": 8.724590163934423, "reusita": 98.38709677419355, "cnt": 62}, "MATEMATICA PED": {"medie": 8.75689655172414, "reusita": 96.66666666666667, "cnt": 30}, "FIZICA TEO": {"medie": 8.0125, "reusita": 100.0, "cnt": 4}, "PSIHOLOGIE": {"medie": 6.35, "reusita": 100.0, "cnt": 1}, "GEOGRAFIE": {"medie": 9.633333333333333, "reusita": 100.0, "cnt": 3}, "BIOLOGIE VEGETALA SI ANIMALA": {"medie": 5.45, "reusita": 50.0, "cnt": 2}}, "nume": "COLEGIUL NATIONAL \"C.D. LOGA\" CARANSEBES\tCara\u0219-Severin"}