{"specializari": {"MATEMATICA-INFORMATICA": 91, "STIINTE ALE NATURII": 52, "FILOLOGIE": 62, "STIINTE SOCIALE": 30}, "limba_moderna": {"LIMBA ENGLEZA": 229, "LIMBA FRANCEZA": 6}, "limba_materna": {"LIMBA ROMANA": 235}, "promotie_anterioara": {"NU": 235}, "materii": {"LIMBA ROMANA": {"medie": 8.684255319148939, "reusita": 99.57446808510639, "cnt": 235}, "MATEMATICA MATE-INFO": {"medie": 8.694505494505496, "reusita": 100.0, "cnt": 91}, "ANATOMIE SI FIZIOLOGIE UMANA, GENETICA SI ECOLOGIE UMANA": {"medie": 9.11846153846154, "reusita": 100.0, "cnt": 39}, "GENERAL": {"medie": 8.864992907801424, "reusita": 99.14893617021276, "cnt": 235}, "MATEMATICA ST-NAT": {"medie": 9.347115384615384, "reusita": 100.0, "cnt": 52}, "CHIMIE ORGANICA TEO NIVEL I/II": {"medie": 9.209756097560973, "reusita": 100.0, "cnt": 41}, "CHIMIE ANORGANICA TEO NIVEL I/II": {"medie": 8.7, "reusita": 100.0, "cnt": 1}, "INFORMATICA MI C/C++": {"medie": 9.008333333333335, "reusita": 100.0, "cnt": 36}, "ISTORIE": {"medie": 8.88641304347826, "reusita": 98.91304347826086, "cnt": 92}, "LOGICA, ARGUMENTARE SI COMUNICARE": {"medie": 9.375, "reusita": 100.0, "cnt": 2}, "FIZICA TEO": {"medie": 8.286, "reusita": 96.0, "cnt": 25}, "SOCIOLOGIE": {"medie": 9.85, "reusita": 100.0, "cnt": 2}, "PSIHOLOGIE": {"medie": 9.091666666666667, "reusita": 100.0, "cnt": 12}, "GEOGRAFIE": {"medie": 9.0027397260274, "reusita": 100.0, "cnt": 73}, "BIOLOGIE VEGETALA SI ANIMALA": {"medie": 9.5, "reusita": 100.0, "cnt": 1}, "FILOSOFIE": {"medie": 8.9, "reusita": 100.0, "cnt": 1}, "ECONOMIE": {"medie": 8.850000000000001, "reusita": 100.0, "cnt": 2}}, "nume": "COLEGIUL NATIONAL \"IENACHITA VACARESCU\" TARGOVISTE\tD\u00e2mbovi\u021ba"}