{"specializari": {"TEHNICIAN IN ACTIVITATI ECONOMICE": 31, "TEHNICIAN ECOLOG SI PROTECTIA CALITATII MEDIULUI": 49, "STIINTE ALE NATURII": 20, "TEHNICIAN IN ACHIZITII SI CONTRACTARI": 29, "TEHNICIAN DESENATOR PENTRU CONSTRUCTII SI INSTALATII": 24, "TEHNICIAN IN INDUSTRIA MATERIALELOR DE CONSTRUCTII": 1, "TEHNICIAN OPERATOR TEHNICA DE CALCUL": 1, "TEHNICIAN IN INSTALATII ELECTRICE": 2}, "limba_moderna": {"LIMBA ENGLEZA": 136, "LIMBA FRANCEZA": 21}, "limba_materna": {"LIMBA ROMANA": 157}, "promotie_anterioara": {"NU": 147, "DA": 10}, "materii": {"LIMBA ROMANA": {"medie": 6.55, "reusita": 93.63057324840764, "cnt": 157}, "ANATOMIE SI FIZIOLOGIE UMANA, GENETICA SI ECOLOGIE UMANA": {"medie": 7.673076923076923, "reusita": 92.42424242424242, "cnt": 66}, "GENERAL": {"medie": 6.9110752688172035, "reusita": 70.70063694267516, "cnt": 157}, "MATEMATICA ST-NAT": {"medie": 7.302631578947368, "reusita": 85.0, "cnt": 20}, "CHIMIE ORGANICA TEO NIVEL I/II": {"medie": 9.8, "reusita": 100.0, "cnt": 1}, "PSIHOLOGIE": {"medie": 5.825, "reusita": 50.0, "cnt": 2}, "GEOGRAFIE": {"medie": 8.264655172413793, "reusita": 98.27586206896551, "cnt": 58}, "BIOLOGIE VEGETALA SI ANIMALA": {"medie": 5.37962962962963, "reusita": 59.25925925925925, "cnt": 27}, "MATEMATICA TEHN": {"medie": 6.666423357664231, "reusita": 85.40145985401459, "cnt": 137}, "FIZICA TEH": {"medie": 4.025, "reusita": 50.0, "cnt": 2}, "CHIMIE ANORGANICA TEH NIVEL I/II": {"medie": 5.1, "reusita": 100.0, "cnt": 1}}, "nume": "COLEGIUL TEHNIC \"PETRU PONI\", MUNICIPIUL ROMAN\tNeam\u021b"}