{"specializari": {"STIINTE ALE NATURII": 147, "MATEMATICA-INFORMATICA": 24}, "limba_moderna": {"LIMBA ENGLEZA": 159, "LIMBA GERMANA MODERNA": 8, "LIMBA FRANCEZA": 4}, "limba_materna": {"LIMBA ROMANA": 171}, "promotie_anterioara": {"NU": 170, "DA": 1}, "materii": {"LIMBA ROMANA": {"medie": 8.62588235294118, "reusita": 99.41520467836257, "cnt": 171}, "MATEMATICA MATE-INFO": {"medie": 9.420833333333336, "reusita": 100.0, "cnt": 24}, "ANATOMIE SI FIZIOLOGIE UMANA, GENETICA SI ECOLOGIE UMANA": {"medie": 9.567857142857145, "reusita": 100.0, "cnt": 42}, "GENERAL": {"medie": 8.975490196078436, "reusita": 99.41520467836257, "cnt": 171}, "MATEMATICA ST-NAT": {"medie": 9.219178082191782, "reusita": 99.31972789115646, "cnt": 147}, "CHIMIE ORGANICA TEO NIVEL I/II": {"medie": 9.15, "reusita": 100.0, "cnt": 4}, "CHIMIE ANORGANICA TEO NIVEL I/II": {"medie": 9.5, "reusita": 100.0, "cnt": 1}, "INFORMATICA MI C/C++": {"medie": 9.2425, "reusita": 100.0, "cnt": 20}, "FIZICA TEO": {"medie": 8.983333333333333, "reusita": 100.0, "cnt": 24}, "INFORMATICA SN C/C++": {"medie": 8.665789473684208, "reusita": 100.0, "cnt": 19}, "BIOLOGIE VEGETALA SI ANIMALA": {"medie": 8.765833333333337, "reusita": 98.36065573770492, "cnt": 61}}, "nume": "COLEGIUL NATIONAL \"GHEORGHE LAZAR\" SIBIU\tSibiu"}