{"specializari": {"TEHNICIAN IN TURISM": 24, "TEHNICIAN IN GASTRONOMIE": 18, "TEHNICIAN IN ACTIVITATI ECONOMICE": 51, "TEHNICIAN ANALIZE PRODUSE ALIMENTARE": 21, "TEHNICIAN IN ADMINISTRATIE": 24, "TEHNICIAN IN ACTIVITATI DE COMERT": 21, "TEHNICIAN IN INDUSTRIA ALIMENTARA": 5}, "limba_moderna": {"LIMBA ENGLEZA": 161, "LIMBA FRANCEZA": 3}, "limba_materna": {"LIMBA ROMANA": 164}, "promotie_anterioara": {"NU": 142, "DA": 22}, "materii": {"LIMBA ROMANA": {"medie": 7.1978527607361995, "reusita": 96.95121951219512, "cnt": 164}, "ANATOMIE SI FIZIOLOGIE UMANA, GENETICA SI ECOLOGIE UMANA": {"medie": 6.532608695652173, "reusita": 79.16666666666666, "cnt": 24}, "GENERAL": {"medie": 7.326458333333337, "reusita": 79.26829268292683, "cnt": 164}, "LOGICA, ARGUMENTARE SI COMUNICARE": {"medie": 7.8571428571428585, "reusita": 85.71428571428571, "cnt": 7}, "GEOGRAFIE": {"medie": 7.904724409448819, "reusita": 96.12403100775194, "cnt": 129}, "MATEMATICA TEHN": {"medie": 7.014596273291923, "reusita": 89.02439024390245, "cnt": 164}, "ECONOMIE": {"medie": 7.45, "reusita": 100.0, "cnt": 2}, "CHIMIE ANORGANICA TEH NIVEL I/II": {"medie": 7.85, "reusita": 100.0, "cnt": 2}}, "nume": "COLEGIUL ECONOMIC, MUN. RM. VALCEA\tV\u00e2lcea"}