{"specializari": {"TEHNICIAN IN GASTRONOMIE": 31, "TEHNICIAN IN ACTIVITATI ECONOMICE": 85, "TEHNICIAN IN TURISM": 28, "TEHNICIAN IN ACTIVITATI DE COMERT": 27, "TEHNICIAN IN ADMINISTRATIE": 2}, "limba_moderna": {"LIMBA ENGLEZA": 170, "LIMBA FRANCEZA": 3}, "limba_materna": {"LIMBA ROMANA": 173}, "promotie_anterioara": {"NU": 166, "DA": 7}, "materii": {"LIMBA ROMANA": {"medie": 6.908670520231214, "reusita": 96.53179190751445, "cnt": 173}, "GENERAL": {"medie": 7.805263157894736, "reusita": 91.90751445086705, "cnt": 173}, "LOGICA, ARGUMENTARE SI COMUNICARE": {"medie": 8.409868421052634, "reusita": 97.36842105263158, "cnt": 76}, "PSIHOLOGIE": {"medie": 8.625, "reusita": 100.0, "cnt": 4}, "GEOGRAFIE": {"medie": 8.484065934065933, "reusita": 98.91304347826086, "cnt": 92}, "MATEMATICA TEHN": {"medie": 8.020639534883724, "reusita": 99.42196531791907, "cnt": 173}, "ECONOMIE": {"medie": 6.85, "reusita": 100.0, "cnt": 1}}, "nume": "COLEGIUL ECONOMIC \"GEORGE BARITIU\" SIBIU\tSibiu"}