{"specializari": {"STIINTE ALE NATURII": 31, "MATEMATICA-INFORMATICA": 113, "STIINTE SOCIALE": 31}, "limba_moderna": {"LIMBA ENGLEZA": 171, "LIMBA GERMANA MODERNA": 2, "LIMBA FRANCEZA": 2}, "limba_materna": {"LIMBA ROMANA": 175}, "promotie_anterioara": {"NU": 175}, "materii": {"LIMBA ROMANA": {"medie": 8.085428571428578, "reusita": 100.0, "cnt": 175}, "MATEMATICA MATE-INFO": {"medie": 8.587168141592917, "reusita": 99.11504424778761, "cnt": 113}, "ANATOMIE SI FIZIOLOGIE UMANA, GENETICA SI ECOLOGIE UMANA": {"medie": 8.846666666666666, "reusita": 100.0, "cnt": 30}, "GENERAL": {"medie": 8.554666666666666, "reusita": 98.28571428571429, "cnt": 175}, "MATEMATICA ST-NAT": {"medie": 8.737096774193548, "reusita": 100.0, "cnt": 31}, "CHIMIE ORGANICA TEO NIVEL I/II": {"medie": 9.367647058823529, "reusita": 100.0, "cnt": 17}, "INFORMATICA MI C/C++": {"medie": 8.923684210526316, "reusita": 100.0, "cnt": 38}, "ISTORIE": {"medie": 9.21774193548387, "reusita": 100.0, "cnt": 31}, "LOGICA, ARGUMENTARE SI COMUNICARE": {"medie": 8.94375, "reusita": 100.0, "cnt": 8}, "FIZICA TEO": {"medie": 8.96219512195122, "reusita": 97.5609756097561, "cnt": 41}, "SOCIOLOGIE": {"medie": 8.09, "reusita": 100.0, "cnt": 5}, "GEOGRAFIE": {"medie": 8.841176470588236, "reusita": 100.0, "cnt": 17}, "BIOLOGIE VEGETALA SI ANIMALA": {"medie": 8.116666666666667, "reusita": 100.0, "cnt": 18}, "FILOSOFIE": {"medie": 9.7, "reusita": 100.0, "cnt": 1}}, "nume": "COLEGIUL NATIONAL \"NICOLAE BALCESCU\"\tBr\u0103ila"}