{"specializari": {"INVATATOR - EDUCATOARE": 45, "FILOLOGIE": 31, "STIINTE ALE NATURII": 30, "MATEMATICA-INFORMATICA": 25}, "limba_moderna": {"LIMBA ENGLEZA": 123, "LIMBA SPANIOLA": 4, "LIMBA FRANCEZA": 3, "LIMBA GERMANA MODERNA": 1}, "limba_materna": {"LIMBA ROMANA": 114, "LIMBA MAGHIARA": 17}, "promotie_anterioara": {"NU": 127, "DA": 4}, "materii": {"LIMBA ROMANA": {"medie": 7.965648854961828, "reusita": 96.18320610687023, "cnt": 131}, "MATEMATICA MATE-INFO": {"medie": 8.558, "reusita": 100.0, "cnt": 25}, "ANATOMIE SI FIZIOLOGIE UMANA, GENETICA SI ECOLOGIE UMANA": {"medie": 8.735897435897435, "reusita": 100.0, "cnt": 39}, "GENERAL": {"medie": 8.392048346055983, "reusita": 93.89312977099237, "cnt": 131}, "MATEMATICA ST-NAT": {"medie": 8.523333333333333, "reusita": 100.0, "cnt": 30}, "CHIMIE ORGANICA TEO NIVEL I/II": {"medie": 8.9625, "reusita": 100.0, "cnt": 4}, "CHIMIE ANORGANICA TEO NIVEL I/II": {"medie": 7.15, "reusita": 100.0, "cnt": 1}, "INFORMATICA MI C/C++": {"medie": 8.554545454545455, "reusita": 100.0, "cnt": 11}, "ISTORIE": {"medie": 8.061290322580644, "reusita": 100.0, "cnt": 31}, "LOGICA, ARGUMENTARE SI COMUNICARE": {"medie": 8.742424242424242, "reusita": 96.96969696969697, "cnt": 33}, "MATEMATICA PED": {"medie": 8.546666666666665, "reusita": 100.0, "cnt": 45}, "PSIHOLOGIE": {"medie": 7.8125, "reusita": 100.0, "cnt": 4}, "GEOGRAFIE": {"medie": 8.978205128205127, "reusita": 100.0, "cnt": 39}, "LIMBA MAGHIARA (UMAN)": {"medie": 7.152941176470588, "reusita": 100.0, "cnt": 17}}, "nume": "COLEGIUL NATIONAL \"IOSIF VULCAN\" ORADEA\tBihor"}