{"specializari": {"MATEMATICA-INFORMATICA": 49, "FILOLOGIE": 67, "STIINTE ALE NATURII": 18, "STIINTE SOCIALE": 40}, "limba_moderna": {"LIMBA ENGLEZA": 155, "LIMBA FRANCEZA": 19}, "limba_materna": {"LIMBA ROMANA": 174}, "promotie_anterioara": {"NU": 149, "DA": 25}, "materii": {"LIMBA ROMANA": {"medie": 7.316184971098265, "reusita": 95.97701149425288, "cnt": 174}, "MATEMATICA MATE-INFO": {"medie": 7.767346938775513, "reusita": 93.87755102040816, "cnt": 49}, "ANATOMIE SI FIZIOLOGIE UMANA, GENETICA SI ECOLOGIE UMANA": {"medie": 7.587878787878788, "reusita": 96.96969696969697, "cnt": 33}, "GENERAL": {"medie": 7.329360465116277, "reusita": 75.28735632183908, "cnt": 174}, "MATEMATICA ST-NAT": {"medie": 5.658333333333335, "reusita": 66.66666666666666, "cnt": 18}, "CHIMIE ORGANICA TEO NIVEL I/II": {"medie": 9.090909090909092, "reusita": 100.0, "cnt": 11}, "CHIMIE ANORGANICA TEO NIVEL I/II": {"medie": 6.175, "reusita": 100.0, "cnt": 2}, "INFORMATICA MI C/C++": {"medie": 9.07, "reusita": 100.0, "cnt": 5}, "ISTORIE": {"medie": 6.847663551401866, "reusita": 95.32710280373831, "cnt": 107}, "LOGICA, ARGUMENTARE SI COMUNICARE": {"medie": 7.262195121951216, "reusita": 89.02439024390245, "cnt": 82}, "FIZICA TEO": {"medie": 8.606666666666664, "reusita": 100.0, "cnt": 15}, "SOCIOLOGIE": {"medie": 7.4, "reusita": 100.0, "cnt": 1}, "PSIHOLOGIE": {"medie": 9.1, "reusita": 100.0, "cnt": 1}, "GEOGRAFIE": {"medie": 7.6409090909090915, "reusita": 91.30434782608695, "cnt": 23}, "BIOLOGIE VEGETALA SI ANIMALA": {"medie": 5.0, "reusita": 100.0, "cnt": 1}}, "nume": "COLEGIUL NATIONAL \"ION LUCA CARAGIALE\" MORENI\tD\u00e2mbovi\u021ba"}