{"specializari": {"TEHNICIAN IN ACTIVITATI ECONOMICE": 28, "TEHNICIAN PROIECTANT CAD": 19, "COAFOR STILIST": 18, "TEHNICIAN IN INDUSTRIA ALIMENTARA": 4, "TEHNICIAN IN SILVICULTURA SI EXPLOATARI FORESTIERE": 19, "TEHNICIAN IN ACTIVITATI DE COMERT": 2, "TEHNICIAN IN GASTRONOMIE": 2, "TEHNICIAN IN PRELUCRAREA LEMNULUI": 1, "TEHNICIAN DESENATOR PENTRU CONSTRUCTII SI INSTALATII": 1}, "limba_moderna": {"LIMBA ENGLEZA": 93, "LIMBA FRANCEZA": 1}, "limba_materna": {"LIMBA ROMANA": 94}, "promotie_anterioara": {"NU": 68, "DA": 26}, "materii": {"LIMBA ROMANA": {"medie": 5.156741573033708, "reusita": 67.02127659574468, "cnt": 94}, "ANATOMIE SI FIZIOLOGIE UMANA, GENETICA SI ECOLOGIE UMANA": {"medie": 5.536363636363637, "reusita": 65.21739130434783, "cnt": 23}, "GENERAL": {"medie": 5.415310077519379, "reusita": 36.17021276595745, "cnt": 94}, "LOGICA, ARGUMENTARE SI COMUNICARE": {"medie": 8.158333333333333, "reusita": 94.44444444444444, "cnt": 18}, "PSIHOLOGIE": {"medie": 8.7, "reusita": 100.0, "cnt": 1}, "GEOGRAFIE": {"medie": 6.670000000000001, "reusita": 77.41935483870968, "cnt": 31}, "BIOLOGIE VEGETALA SI ANIMALA": {"medie": 4.815789473684211, "reusita": 47.61904761904761, "cnt": 21}, "MATEMATICA TEHN": {"medie": 4.710112359550562, "reusita": 55.319148936170215, "cnt": 94}}, "nume": "COLEGIUL TEHNIC \"IOAN CIORDAS\" BEIUS\tBihor"}