{"specializari": {"FILOLOGIE": 62, "MATEMATICA-INFORMATICA": 107, "STIINTE ALE NATURII": 30, "STIINTE SOCIALE": 32}, "limba_moderna": {"LIMBA FRANCEZA": 9, "LIMBA ENGLEZA": 222}, "limba_materna": {"LIMBA ROMANA": 231}, "promotie_anterioara": {"NU": 228, "DA": 3}, "materii": {"LIMBA ROMANA": {"medie": 8.34437229437229, "reusita": 100.0, "cnt": 231}, "MATEMATICA MATE-INFO": {"medie": 8.450467289719626, "reusita": 99.06542056074767, "cnt": 107}, "ANATOMIE SI FIZIOLOGIE UMANA, GENETICA SI ECOLOGIE UMANA": {"medie": 8.609473684210528, "reusita": 100.0, "cnt": 95}, "GENERAL": {"medie": 8.481457431457436, "reusita": 98.26839826839827, "cnt": 231}, "MATEMATICA ST-NAT": {"medie": 9.110000000000001, "reusita": 100.0, "cnt": 30}, "CHIMIE ORGANICA TEO NIVEL I/II": {"medie": 8.216666666666667, "reusita": 100.0, "cnt": 3}, "CHIMIE ANORGANICA TEO NIVEL I/II": {"medie": 8.125, "reusita": 100.0, "cnt": 2}, "INFORMATICA MI C/C++": {"medie": 8.889999999999999, "reusita": 100.0, "cnt": 25}, "ISTORIE": {"medie": 8.097340425531915, "reusita": 97.87234042553192, "cnt": 94}, "LOGICA, ARGUMENTARE SI COMUNICARE": {"medie": 8.92265625, "reusita": 98.4375, "cnt": 64}, "FIZICA TEO": {"medie": 7.9, "reusita": 100.0, "cnt": 4}, "SOCIOLOGIE": {"medie": 8.2875, "reusita": 100.0, "cnt": 4}, "PSIHOLOGIE": {"medie": 5.6, "reusita": 100.0, "cnt": 1}, "GEOGRAFIE": {"medie": 8.946000000000002, "reusita": 100.0, "cnt": 25}, "BIOLOGIE VEGETALA SI ANIMALA": {"medie": 8.168750000000001, "reusita": 100.0, "cnt": 8}}, "nume": "COLEGIUL NATIONAL \"NICU GANE\" FALTICENI\tSuceava"}