{"specializari": {"TEHNICIAN OPERATOR TEHNICA DE CALCUL": 30, "TEHNICIAN DE TELECOMUNICATII": 27, "TEHNICIAN IN ACTIVITATI DE POSTA": 28, "TEHNICIAN OPERATOR PROCESARE TEXT IMAGINE": 21, "TEHNICIAN IN AUTOMATIZARI": 3, "TEHNICIAN MECATRONIST": 1, "TEHNICIAN ELECTRONIST": 3}, "limba_moderna": {"LIMBA ENGLEZA": 113}, "limba_materna": {"LIMBA ROMANA": 113}, "promotie_anterioara": {"NU": 100, "DA": 13}, "materii": {"LIMBA ROMANA": {"medie": 6.923893805309733, "reusita": 96.46017699115043, "cnt": 113}, "GENERAL": {"medie": 7.543303571428567, "reusita": 82.30088495575221, "cnt": 113}, "LOGICA, ARGUMENTARE SI COMUNICARE": {"medie": 8.923076923076923, "reusita": 100.0, "cnt": 13}, "GEOGRAFIE": {"medie": 8.086666666666668, "reusita": 100.0, "cnt": 15}, "BIOLOGIE VEGETALA SI ANIMALA": {"medie": 7.420689655172413, "reusita": 84.7457627118644, "cnt": 59}, "MATEMATICA TEHN": {"medie": 7.928318584070798, "reusita": 95.57522123893806, "cnt": 113}, "FIZICA TEH": {"medie": 7.604, "reusita": 92.0, "cnt": 25}, "CHIMIE ANORGANICA TEH NIVEL I/II": {"medie": 9.8, "reusita": 100.0, "cnt": 1}}, "nume": "COLEGIUL TEHNIC DE COMUNICATII \"AUGUSTIN MAIOR\" CLUJ-NAPOCA\tCluj"}