{"specializari": {"MATEMATICA-INFORMATICA": 78, "FILOLOGIE": 31, "STIINTE ALE NATURII": 27}, "limba_moderna": {"LIMBA ENGLEZA": 117, "LIMBA GERMANA MODERNA": 14, "LIMBA FRANCEZA": 5}, "limba_materna": {"LIMBA ROMANA": 136}, "promotie_anterioara": {"NU": 135, "DA": 1}, "materii": {"LIMBA ROMANA": {"medie": 9.201102941176472, "reusita": 100.0, "cnt": 136}, "MATEMATICA MATE-INFO": {"medie": 9.567948717948717, "reusita": 100.0, "cnt": 78}, "ANATOMIE SI FIZIOLOGIE UMANA, GENETICA SI ECOLOGIE UMANA": {"medie": 9.352083333333335, "reusita": 100.0, "cnt": 48}, "GENERAL": {"medie": 9.409926470588236, "reusita": 100.0, "cnt": 136}, "MATEMATICA ST-NAT": {"medie": 9.53703703703704, "reusita": 100.0, "cnt": 27}, "CHIMIE ORGANICA TEO NIVEL I/II": {"medie": 9.754999999999999, "reusita": 100.0, "cnt": 10}, "INFORMATICA MI C/C++": {"medie": 9.266666666666666, "reusita": 100.0, "cnt": 9}, "ISTORIE": {"medie": 9.509677419354839, "reusita": 100.0, "cnt": 31}, "LOGICA, ARGUMENTARE SI COMUNICARE": {"medie": 9.715384615384616, "reusita": 100.0, "cnt": 13}, "FIZICA TEO": {"medie": 9.6125, "reusita": 100.0, "cnt": 32}, "PSIHOLOGIE": {"medie": 8.780000000000001, "reusita": 100.0, "cnt": 5}, "GEOGRAFIE": {"medie": 9.44090909090909, "reusita": 100.0, "cnt": 11}, "INFORMATICA SN C/C++": {"medie": 10.0, "reusita": 100.0, "cnt": 1}, "BIOLOGIE VEGETALA SI ANIMALA": {"medie": 9.87, "reusita": 100.0, "cnt": 5}, "FILOSOFIE": {"medie": 9.7, "reusita": 100.0, "cnt": 1}, "ECONOMIE": {"medie": 8.75, "reusita": 100.0, "cnt": 1}}, "nume": "COLEGIUL NATIONAL, IASI\tIa\u0219i"}