{"specializari": {"MATEMATICA-INFORMATICA": 90, "FILOLOGIE": 60, "STIINTE SOCIALE": 60, "STIINTE ALE NATURII": 58}, "limba_moderna": {"LIMBA FRANCEZA": 7, "LIMBA ENGLEZA": 261}, "limba_materna": {"LIMBA ROMANA": 268}, "promotie_anterioara": {"NU": 268}, "materii": {"LIMBA ROMANA": {"medie": 8.517350746268663, "reusita": 100.0, "cnt": 268}, "MATEMATICA MATE-INFO": {"medie": 9.409444444444444, "reusita": 100.0, "cnt": 90}, "ANATOMIE SI FIZIOLOGIE UMANA, GENETICA SI ECOLOGIE UMANA": {"medie": 9.378358208955227, "reusita": 100.0, "cnt": 67}, "GENERAL": {"medie": 8.995398009950247, "reusita": 98.88059701492537, "cnt": 268}, "MATEMATICA ST-NAT": {"medie": 8.929310344827588, "reusita": 100.0, "cnt": 58}, "CHIMIE ORGANICA TEO NIVEL I/II": {"medie": 9.216666666666667, "reusita": 100.0, "cnt": 9}, "CHIMIE ANORGANICA TEO NIVEL I/II": {"medie": 10.0, "reusita": 100.0, "cnt": 1}, "INFORMATICA MI C/C++": {"medie": 9.716393442622953, "reusita": 100.0, "cnt": 61}, "ISTORIE": {"medie": 9.182083333333335, "reusita": 100.0, "cnt": 120}, "LOGICA, ARGUMENTARE SI COMUNICARE": {"medie": 9.079411764705883, "reusita": 100.0, "cnt": 34}, "FIZICA TEO": {"medie": 8.738888888888889, "reusita": 100.0, "cnt": 9}, "SOCIOLOGIE": {"medie": 8.845, "reusita": 100.0, "cnt": 20}, "PSIHOLOGIE": {"medie": 10.0, "reusita": 100.0, "cnt": 2}, "GEOGRAFIE": {"medie": 9.019354838709678, "reusita": 100.0, "cnt": 62}, "INFORMATICA SN C/C++": {"medie": 9.1, "reusita": 100.0, "cnt": 1}, "FILOSOFIE": {"medie": 8.25, "reusita": 100.0, "cnt": 2}}, "nume": "COLEGIUL NATIONAL \"ROMAN VODA\", MUNICIPIUL ROMAN\tNeam\u021b"}