{"specializari": {"TEHNICIAN MECATRONIST": 14, "TEHNICIAN ELECTRICIAN/ELECTRONIST AUTO": 2, "TEHNICIAN IN HOTELARIE": 9, "TEHNICIAN DE TELECOMUNICATII": 4, "TEHNICIAN IN TURISM": 2, "TEHNICIAN IN INSTALATII ELECTRICE": 6, "ORGANIZATOR BANQUETING": 1, "TEHNICIAN ELECTROMECANIC": 1, "TEHNICIAN DESIGNER VESTIMENTAR": 5, "TEHNICIAN ELECTROTEHNIST": 2, "TEHNICIAN ELECTRONIST": 1, "TEHNICIAN PROIECTANT CAD": 1, "TEHNICIAN IN AUTOMATIZARI": 1}, "limba_moderna": {"LIMBA ENGLEZA": 47, "LIMBA FRANCEZA": 2}, "limba_materna": {"LIMBA ROMANA": 49}, "promotie_anterioara": {"NU": 20, "DA": 29}, "materii": {"LIMBA ROMANA": {"medie": 5.778888888888888, "reusita": 85.71428571428571, "cnt": 49}, "GENERAL": {"medie": 5.932882882882882, "reusita": 40.816326530612244, "cnt": 49}, "GEOGRAFIE": {"medie": 7.454545454545454, "reusita": 100.0, "cnt": 11}, "BIOLOGIE VEGETALA SI ANIMALA": {"medie": 6.138888888888888, "reusita": 60.86956521739131, "cnt": 23}, "MATEMATICA TEHN": {"medie": 5.302631578947369, "reusita": 55.10204081632652, "cnt": 49}, "ECONOMIE": {"medie": 6.5, "reusita": 100.0, "cnt": 1}, "CHIMIE ORGANICA TEH NIVEL I/II": {"medie": 5.8, "reusita": 100.0, "cnt": 1}, "FIZICA TEH": {"medie": 5.972727272727272, "reusita": 61.53846153846154, "cnt": 13}}, "nume": "COLEGIUL TEHNIC \"TRAIAN VUIA\" ORADEA\tBihor"}