{"specializari": {"FILOLOGIE": 33, "MATEMATICA-INFORMATICA": 125, "STIINTE ALE NATURII": 66, "STIINTE SOCIALE": 66}, "limba_moderna": {"LIMBA ENGLEZA": 277, "LIMBA FRANCEZA": 12, "LIMBA GERMANA MODERNA": 1}, "limba_materna": {"LIMBA ROMANA": 290}, "promotie_anterioara": {"NU": 289, "DA": 1}, "materii": {"LIMBA ROMANA": {"medie": 8.576896551724136, "reusita": 99.6551724137931, "cnt": 290}, "MATEMATICA MATE-INFO": {"medie": 9.230400000000003, "reusita": 100.0, "cnt": 125}, "ANATOMIE SI FIZIOLOGIE UMANA, GENETICA SI ECOLOGIE UMANA": {"medie": 9.208088235294117, "reusita": 100.0, "cnt": 68}, "GENERAL": {"medie": 9.005804597701148, "reusita": 98.9655172413793, "cnt": 290}, "MATEMATICA ST-NAT": {"medie": 9.348484848484851, "reusita": 100.0, "cnt": 66}, "CHIMIE ORGANICA TEO NIVEL I/II": {"medie": 9.29375, "reusita": 100.0, "cnt": 32}, "CHIMIE ANORGANICA TEO NIVEL I/II": {"medie": 9.6, "reusita": 100.0, "cnt": 2}, "INFORMATICA MI C/C++": {"medie": 9.34705882352941, "reusita": 100.0, "cnt": 51}, "ISTORIE": {"medie": 9.259595959595963, "reusita": 100.0, "cnt": 99}, "LOGICA, ARGUMENTARE SI COMUNICARE": {"medie": 9.148611111111112, "reusita": 100.0, "cnt": 36}, "FIZICA TEO": {"medie": 8.811764705882352, "reusita": 97.05882352941177, "cnt": 34}, "SOCIOLOGIE": {"medie": 9.259999999999998, "reusita": 100.0, "cnt": 35}, "PSIHOLOGIE": {"medie": 9.421428571428573, "reusita": 100.0, "cnt": 7}, "GEOGRAFIE": {"medie": 9.204166666666667, "reusita": 100.0, "cnt": 12}, "INFORMATICA SN C/C++": {"medie": 9.55, "reusita": 100.0, "cnt": 1}, "BIOLOGIE VEGETALA SI ANIMALA": {"medie": 9.45, "reusita": 100.0, "cnt": 3}, "ECONOMIE": {"medie": 8.16111111111111, "reusita": 100.0, "cnt": 9}}, "nume": "COLEGIUL NATIONAL \"MATEI BASARAB\"\tBucure\u0219ti"}