{"specializari": {"TEHNICIAN IN ACTIVITATI ECONOMICE": 128, "TEHNICIAN IN TURISM": 55}, "limba_moderna": {"LIMBA ENGLEZA": 182, "LIMBA FRANCEZA": 1}, "limba_materna": {"LIMBA ROMANA": 183}, "promotie_anterioara": {"NU": 181, "DA": 2}, "materii": {"LIMBA ROMANA": {"medie": 6.855555555555551, "reusita": 92.89617486338798, "cnt": 183}, "GENERAL": {"medie": 7.451675977653628, "reusita": 86.88524590163934, "cnt": 183}, "LOGICA, ARGUMENTARE SI COMUNICARE": {"medie": 7.866216216216216, "reusita": 85.0, "cnt": 40}, "PSIHOLOGIE": {"medie": 7.564705882352941, "reusita": 100.0, "cnt": 17}, "GEOGRAFIE": {"medie": 8.109821428571426, "reusita": 98.23008849557522, "cnt": 113}, "MATEMATICA TEHN": {"medie": 7.610833333333331, "reusita": 95.08196721311475, "cnt": 183}, "ECONOMIE": {"medie": 6.507692307692308, "reusita": 92.3076923076923, "cnt": 13}}, "nume": "COLEGIUL ECONOMIC \"COSTIN C. KIRITESCU\"\tBucure\u0219ti"}