{"specializari": {"TEHNICIAN IN ACTIVITATI ECONOMICE": 78, "TEHNICIAN IN HOTELARIE": 90, "TEHNICIAN IN ACTIVITATI DE COMERT": 58}, "limba_moderna": {"LIMBA ENGLEZA": 226}, "limba_materna": {"LIMBA ROMANA": 226}, "promotie_anterioara": {"NU": 207, "DA": 19}, "materii": {"LIMBA ROMANA": {"medie": 6.575675675675676, "reusita": 94.69026548672566, "cnt": 226}, "GENERAL": {"medie": 7.002803030303029, "reusita": 76.54867256637168, "cnt": 226}, "LOGICA, ARGUMENTARE SI COMUNICARE": {"medie": 7.8959459459459485, "reusita": 93.33333333333333, "cnt": 75}, "PSIHOLOGIE": {"medie": 7.749999999999998, "reusita": 100.0, "cnt": 5}, "GEOGRAFIE": {"medie": 7.225704225352114, "reusita": 91.72413793103448, "cnt": 145}, "MATEMATICA TEHN": {"medie": 6.92307692307692, "reusita": 88.05309734513274, "cnt": 226}, "ECONOMIE": {"medie": 5.25, "reusita": 100.0, "cnt": 1}}, "nume": "COLEGIUL ECONOMIC \"HERMES\"\tBucure\u0219ti"}