{"specializari": {"STIINTE ALE NATURII": 31, "TEHNICIAN IN ACTIVITATI ECONOMICE": 25, "TEHNICIAN IN TURISM": 33, "TEHNICIAN IN ADMINISTRATIE": 28, "TEHNICIAN ECOLOG SI PROTECTIA CALITATII MEDIULUI": 12, "TEHNICIAN MECANIC PENTRU INTRETINERE SI REPARATII": 7, "TEHNICIAN ANALIZE PRODUSE ALIMENTARE": 22, "TEHNICIAN OPERATOR TEHNICA DE CALCUL": 3, "TEHNICIAN IN GASTRONOMIE": 24, "TEHNICIAN IN SILVICULTURA SI EXPLOATARI FORESTIERE": 13, "TEHNICIAN AGROMONTAN": 7, "TEHNICIAN ELECTRICIAN/ELECTRONIST AUTO": 4, "TEHNICIAN DE TELECOMUNICATII": 16, "TEHNICIAN IN AGROTURISM": 1}, "limba_moderna": {"LIMBA ENGLEZA": 192, "LIMBA FRANCEZA": 34}, "limba_materna": {"LIMBA ROMANA": 226}, "promotie_anterioara": {"NU": 197, "DA": 29}, "materii": {"LIMBA ROMANA": {"medie": 5.809641255605382, "reusita": 80.53097345132744, "cnt": 226}, "ANATOMIE SI FIZIOLOGIE UMANA, GENETICA SI ECOLOGIE UMANA": {"medie": 5.716071428571431, "reusita": 70.93023255813954, "cnt": 86}, "GENERAL": {"medie": 5.6701515151515105, "reusita": 44.24778761061947, "cnt": 226}, "MATEMATICA ST-NAT": {"medie": 6.409677419354839, "reusita": 87.09677419354838, "cnt": 31}, "GEOGRAFIE": {"medie": 7.108715596330274, "reusita": 97.27272727272728, "cnt": 110}, "BIOLOGIE VEGETALA SI ANIMALA": {"medie": 2.9851851851851854, "reusita": 17.857142857142858, "cnt": 28}, "MATEMATICA TEHN": {"medie": 4.9134210526315805, "reusita": 55.38461538461539, "cnt": 195}, "FIZICA TEH": {"medie": 8.8, "reusita": 100.0, "cnt": 1}, "CHIMIE ANORGANICA TEH NIVEL I/II": {"medie": 5.0, "reusita": 100.0, "cnt": 1}}, "nume": "COLEGIUL TEHNIC \"ION CREANGA\", ORAS TARGU NEAMT\tNeam\u021b"}