{"specializari": {"STIINTE ALE NATURII": 28, "MATEMATICA-INFORMATICA": 54, "FILOLOGIE": 33}, "limba_moderna": {"LIMBA ENGLEZA": 111, "LIMBA FRANCEZA": 4}, "limba_materna": {"LIMBA ROMANA": 115}, "promotie_anterioara": {"NU": 115}, "materii": {"LIMBA ROMANA": {"medie": 8.23086956521739, "reusita": 100.0, "cnt": 115}, "MATEMATICA MATE-INFO": {"medie": 8.655555555555557, "reusita": 100.0, "cnt": 54}, "ANATOMIE SI FIZIOLOGIE UMANA, GENETICA SI ECOLOGIE UMANA": {"medie": 9.171666666666665, "reusita": 100.0, "cnt": 30}, "GENERAL": {"medie": 8.64144927536232, "reusita": 100.0, "cnt": 115}, "MATEMATICA ST-NAT": {"medie": 9.271428571428572, "reusita": 100.0, "cnt": 28}, "CHIMIE ORGANICA TEO NIVEL I/II": {"medie": 9.269444444444446, "reusita": 100.0, "cnt": 18}, "INFORMATICA MI C/C++": {"medie": 9.016666666666666, "reusita": 100.0, "cnt": 9}, "ISTORIE": {"medie": 8.498484848484848, "reusita": 100.0, "cnt": 33}, "LOGICA, ARGUMENTARE SI COMUNICARE": {"medie": 8.417391304347825, "reusita": 100.0, "cnt": 23}, "FIZICA TEO": {"medie": 8.776190476190477, "reusita": 100.0, "cnt": 21}, "PSIHOLOGIE": {"medie": 9.0625, "reusita": 100.0, "cnt": 4}, "GEOGRAFIE": {"medie": 9.058333333333332, "reusita": 100.0, "cnt": 6}, "BIOLOGIE VEGETALA SI ANIMALA": {"medie": 8.9125, "reusita": 100.0, "cnt": 4}}, "nume": "COLEGIUL NATIONAL \"MIHAI EMINESCU\" PETROSANI\tHunedoara"}