{"specializari": {"TEHNICIAN IN ACTIVITATI ECONOMICE": 71, "TEHNICIAN IN ADMINISTRATIE": 24, "TEHNICIAN IN HOTELARIE": 35, "TEHNICIAN IN ACTIVITATI DE COMERT": 30, "ORGANIZATOR BANQUETING": 27}, "limba_moderna": {"LIMBA ENGLEZA": 184, "LIMBA FRANCEZA": 3}, "limba_materna": {"LIMBA ROMANA": 187}, "promotie_anterioara": {"NU": 179, "DA": 8}, "materii": {"LIMBA ROMANA": {"medie": 6.883870967741936, "reusita": 96.79144385026738, "cnt": 187}, "GENERAL": {"medie": 7.665217391304345, "reusita": 90.37433155080214, "cnt": 187}, "GEOGRAFIE": {"medie": 8.669889502762434, "reusita": 99.45054945054946, "cnt": 182}, "MATEMATICA TEHN": {"medie": 7.480107526881718, "reusita": 93.58288770053476, "cnt": 187}, "ECONOMIE": {"medie": 6.110000000000001, "reusita": 100.0, "cnt": 5}}, "nume": "COLEGIUL ECONOMIC \"VIRGIL MADGEARU\" TG-JIU\tGorj"}