{"specializari": {"TEHNICIAN CHIMIST DE LABORATOR": 30, "COAFOR STILIST": 27, "TEHNICIAN IN INDUSTRIA PIELARIEI": 12, "TEHNICIAN DESIGNER VESTIMENTAR": 16, "TEHNICIAN IN INDUSTRIA STICLEI SI CERAMICII": 18, "TEHNICIAN IN INDUSTRIA TEXTILA": 1, "MATEMATICA-INFORMATICA": 1}, "limba_moderna": {"LIMBA ENGLEZA": 98, "LIMBA FRANCEZA": 7}, "limba_materna": {"LIMBA ROMANA": 105}, "promotie_anterioara": {"NU": 85, "DA": 20}, "materii": {"LIMBA ROMANA": {"medie": 5.498529411764707, "reusita": 73.33333333333333, "cnt": 105}, "MATEMATICA MATE-INFO": {"medie": 6.3, "reusita": 100.0, "cnt": 1}, "GENERAL": {"medie": 5.7896907216494835, "reusita": 38.095238095238095, "cnt": 105}, "LOGICA, ARGUMENTARE SI COMUNICARE": {"medie": 8.094444444444445, "reusita": 100.0, "cnt": 9}, "GEOGRAFIE": {"medie": 7.4624999999999995, "reusita": 83.33333333333334, "cnt": 18}, "BIOLOGIE VEGETALA SI ANIMALA": {"medie": 5.356716417910446, "reusita": 62.31884057971014, "cnt": 69}, "MATEMATICA TEHN": {"medie": 5.773979591836732, "reusita": 75.96153846153845, "cnt": 104}, "FIZICA TEH": {"medie": 5.225, "reusita": 71.42857142857143, "cnt": 7}, "CHIMIE ANORGANICA TEH NIVEL I/II": {"medie": 2.375, "reusita": 0.0, "cnt": 2}}, "nume": "COLEGIUL TEHNIC \"APULUM\" ALBA IULIA\tAlba"}