{"specializari": {"TEHNICIAN IN ACTIVITATI ECONOMICE": 14, "TEHNICIAN IN GASTRONOMIE": 12, "TEHNICIAN PROIECTANT CAD": 3, "TEHNICIAN IN INSTALATII ELECTRICE": 3, "TEHNICIAN IN INDUSTRIA ALIMENTARA": 2, "TEHNICIAN IN PRELUCRAREA LEMNULUI": 3, "TEHNICIAN ECOLOG SI PROTECTIA CALITATII MEDIULUI": 2}, "limba_moderna": {"LIMBA ENGLEZA": 39}, "limba_materna": {"LIMBA ROMANA": 39}, "promotie_anterioara": {"NU": 26, "DA": 13}, "materii": {"LIMBA ROMANA": {"medie": 5.917567567567567, "reusita": 87.17948717948718, "cnt": 39}, "ANATOMIE SI FIZIOLOGIE UMANA, GENETICA SI ECOLOGIE UMANA": {"medie": 7.45, "reusita": 66.66666666666666, "cnt": 3}, "GENERAL": {"medie": 6.560416666666668, "reusita": 58.97435897435898, "cnt": 39}, "LOGICA, ARGUMENTARE SI COMUNICARE": {"medie": 7.769565217391304, "reusita": 91.30434782608695, "cnt": 23}, "PSIHOLOGIE": {"medie": 5.7, "reusita": 100.0, "cnt": 1}, "GEOGRAFIE": {"medie": 8.15, "reusita": 100.0, "cnt": 2}, "BIOLOGIE VEGETALA SI ANIMALA": {"medie": 4.821428571428571, "reusita": 42.857142857142854, "cnt": 7}, "MATEMATICA TEHN": {"medie": 6.026470588235294, "reusita": 69.23076923076923, "cnt": 39}, "CHIMIE ANORGANICA TEH NIVEL I/II": {"medie": 8.0, "reusita": 33.33333333333333, "cnt": 3}}, "nume": "COLEGIUL TEHNIC \"SIMION MEHEDINTI\" CODLEA\tBra\u0219ov"}