{"specializari": {"TEHNICIAN IN GASTRONOMIE": 17, "ORGANIZATOR BANQUETING": 20, "STIINTE ALE NATURII": 24, "TEHNICIAN DE TELECOMUNICATII": 38, "TEHNICIAN IN ACTIVITATI DE POSTA": 48, "LICEU CU PROGRAM SPORTIV": 23, "TEHNICIAN ELECTRONIST": 2, "TEHNICIAN IN ACTIVITATI ECONOMICE": 1, "MATEMATICA-INFORMATICA": 3}, "limba_moderna": {"LIMBA ENGLEZA": 152, "LIMBA FRANCEZA": 23, "LIMBA GERMANA MODERNA": 1}, "limba_materna": {"LIMBA ROMANA": 176}, "promotie_anterioara": {"NU": 114, "DA": 62}, "materii": {"LIMBA ROMANA": {"medie": 5.397965116279069, "reusita": 74.43181818181817, "cnt": 176}, "MATEMATICA MATE-INFO": {"medie": 1.85, "reusita": 0.0, "cnt": 3}, "ANATOMIE SI FIZIOLOGIE UMANA, GENETICA SI ECOLOGIE UMANA": {"medie": 7.5, "reusita": 100.0, "cnt": 3}, "GENERAL": {"medie": 5.554012345679014, "reusita": 36.93181818181818, "cnt": 176}, "MATEMATICA ST-NAT": {"medie": 5.260869565217391, "reusita": 62.5, "cnt": 24}, "ISTORIE": {"medie": 5.719047619047619, "reusita": 78.26086956521739, "cnt": 23}, "LOGICA, ARGUMENTARE SI COMUNICARE": {"medie": 5.293749999999999, "reusita": 55.55555555555556, "cnt": 9}, "FIZICA TEO": {"medie": 4.875, "reusita": 50.0, "cnt": 4}, "PSIHOLOGIE": {"medie": 5.7565217391304335, "reusita": 73.91304347826086, "cnt": 23}, "GEOGRAFIE": {"medie": 6.8300000000000045, "reusita": 94.8051948051948, "cnt": 77}, "BIOLOGIE VEGETALA SI ANIMALA": {"medie": 5.098913043478261, "reusita": 57.14285714285714, "cnt": 49}, "MATEMATICA TEHN": {"medie": 5.306355932203391, "reusita": 65.07936507936508, "cnt": 126}, "CHIMIE ORGANICA TEH NIVEL I/II": {"medie": 8.95, "reusita": 100.0, "cnt": 1}, "FIZICA TEH": {"medie": 3.5833333333333335, "reusita": 33.33333333333333, "cnt": 9}, "CHIMIE ANORGANICA TEH NIVEL I/II": {"medie": 2.3, "reusita": 0.0, "cnt": 1}}, "nume": "COLEGIUL TEHNIC DE POSTA SI TELECOMUNICATII \"GHEORGHE AIRINEI\"\tBucure\u0219ti"}