{"specializari": {"TEHNICIAN IN ACTIVITATI ECONOMICE": 118, "TEHNICIAN IN HOTELARIE": 33, "ORGANIZATOR BANQUETING": 27, "TEHNICIAN IN ACHIZITII SI CONTRACTARI": 29, "TEHNICIAN IN ADMINISTRATIE": 24, "TEHNICIAN IN ACTIVITATI DE COMERT": 28, "TEHNICIAN IN GASTRONOMIE": 12}, "limba_moderna": {"LIMBA ENGLEZA": 262, "LIMBA FRANCEZA": 9}, "limba_materna": {"LIMBA ROMANA": 271}, "promotie_anterioara": {"NU": 261, "DA": 10}, "materii": {"LIMBA ROMANA": {"medie": 6.8194029850746265, "reusita": 91.14391143911439, "cnt": 271}, "GENERAL": {"medie": 7.3114068441064575, "reusita": 78.59778597785979, "cnt": 271}, "LOGICA, ARGUMENTARE SI COMUNICARE": {"medie": 8.14375, "reusita": 94.11764705882352, "cnt": 17}, "PSIHOLOGIE": {"medie": 6.6, "reusita": 100.0, "cnt": 1}, "GEOGRAFIE": {"medie": 8.036437246963567, "reusita": 94.39999999999999, "cnt": 250}, "MATEMATICA TEHN": {"medie": 7.052661596958173, "reusita": 85.97785977859779, "cnt": 271}, "ECONOMIE": {"medie": 7.483333333333333, "reusita": 100.0, "cnt": 3}}, "nume": "COLEGIUL ECONOMIC \"ION GHICA\" TARGOVISTE\tD\u00e2mbovi\u021ba"}