{"specializari": {"INVATATOR - EDUCATOARE": 28, "FILOLOGIE": 113, "MATEMATICA-INFORMATICA": 53, "STIINTE ALE NATURII": 31, "STIINTE SOCIALE": 36}, "limba_moderna": {"LIMBA ENGLEZA": 241, "LIMBA FRANCEZA": 20}, "limba_materna": {"LIMBA ROMANA": 261}, "promotie_anterioara": {"NU": 255, "DA": 6}, "materii": {"LIMBA ROMANA": {"medie": 7.533908045977016, "reusita": 98.46743295019157, "cnt": 261}, "MATEMATICA MATE-INFO": {"medie": 7.852830188679246, "reusita": 96.22641509433963, "cnt": 53}, "ANATOMIE SI FIZIOLOGIE UMANA, GENETICA SI ECOLOGIE UMANA": {"medie": 8.740425531914894, "reusita": 100.0, "cnt": 47}, "GENERAL": {"medie": 8.129999999999995, "reusita": 95.40229885057471, "cnt": 261}, "MATEMATICA ST-NAT": {"medie": 7.764516129032256, "reusita": 93.54838709677419, "cnt": 31}, "CHIMIE ORGANICA TEO NIVEL I/II": {"medie": 9.7, "reusita": 100.0, "cnt": 1}, "INFORMATICA MI C/C++": {"medie": 8.141379310344826, "reusita": 100.0, "cnt": 29}, "ISTORIE": {"medie": 8.00574324324324, "reusita": 99.32885906040269, "cnt": 149}, "LOGICA, ARGUMENTARE SI COMUNICARE": {"medie": 8.631250000000001, "reusita": 100.0, "cnt": 40}, "MATEMATICA PED": {"medie": 9.301785714285714, "reusita": 100.0, "cnt": 28}, "FIZICA TEO": {"medie": 7.816666666666666, "reusita": 100.0, "cnt": 6}, "SOCIOLOGIE": {"medie": 8.888095238095238, "reusita": 95.45454545454545, "cnt": 22}, "PSIHOLOGIE": {"medie": 9.087500000000002, "reusita": 100.0, "cnt": 8}, "GEOGRAFIE": {"medie": 8.971962616822424, "reusita": 100.0, "cnt": 107}, "INFORMATICA SN C/C++": {"medie": 9.8, "reusita": 100.0, "cnt": 1}}, "nume": "COLEGIUL NATIONAL \"SPIRU HARET\" TG-JIU\tGorj"}