{"specializari": {"STIINTE SOCIALE": 34, "TEHNICIAN IN HOTELARIE": 43, "MATEMATICA-INFORMATICA": 22, "TEHNICIAN ANALIZE PRODUSE ALIMENTARE": 6, "TEHNICIAN IN ACTIVITATI ECONOMICE": 4, "TEHNICIAN IN INDUSTRIA ALIMENTARA": 9, "TEHNICIAN ECOLOG SI PROTECTIA CALITATII MEDIULUI": 11, "TEHNICIAN IN CONSTRUCTII SI LUCRARI PUBLICE": 5, "TEHNICIAN IN SILVICULTURA SI EXPLOATARI FORESTIERE": 7, "TEHNICIAN IN AGROTURISM": 1, "TEHNICIAN HORTICULTOR": 5, "TEHNICIAN MECANIC PENTRU INTRETINERE SI REPARATII": 1, "TEHNICIAN IN AUTOMATIZARI": 2, "TEHNICIAN VETERINAR": 1}, "limba_moderna": {"LIMBA ENGLEZA": 128, "LIMBA FRANCEZA": 23}, "limba_materna": {"LIMBA ROMANA": 151}, "promotie_anterioara": {"NU": 132, "DA": 19}, "materii": {"LIMBA ROMANA": {"medie": 6.165333333333331, "reusita": 88.0794701986755, "cnt": 151}, "MATEMATICA MATE-INFO": {"medie": 5.947727272727271, "reusita": 95.45454545454545, "cnt": 22}, "ANATOMIE SI FIZIOLOGIE UMANA, GENETICA SI ECOLOGIE UMANA": {"medie": 6.632352941176469, "reusita": 82.35294117647058, "cnt": 51}, "GENERAL": {"medie": 6.434222222222224, "reusita": 58.94039735099338, "cnt": 151}, "INFORMATICA MI C/C++": {"medie": 6.8, "reusita": 100.0, "cnt": 1}, "ISTORIE": {"medie": 8.11470588235294, "reusita": 100.0, "cnt": 34}, "LOGICA, ARGUMENTARE SI COMUNICARE": {"medie": 8.090909090909088, "reusita": 100.0, "cnt": 44}, "GEOGRAFIE": {"medie": 7.488888888888888, "reusita": 89.1891891891892, "cnt": 37}, "BIOLOGIE VEGETALA SI ANIMALA": {"medie": 4.353846153846154, "reusita": 30.76923076923077, "cnt": 13}, "MATEMATICA TEHN": {"medie": 5.486702127659573, "reusita": 70.52631578947368, "cnt": 95}, "FIZICA TEH": {"medie": 3.8833333333333333, "reusita": 0.0, "cnt": 3}, "CHIMIE ANORGANICA TEH NIVEL I/II": {"medie": 4.6, "reusita": 50.0, "cnt": 2}}, "nume": "COLEGIUL \"VASILE LOVINESCU\" FALTICENI\tSuceava"}