{"specializari": {"TEHNICIAN IN ACTIVITATI ECONOMICE": 62, "MATEMATICA-INFORMATICA": 22, "STIINTE SOCIALE": 30, "STIINTE ALE NATURII": 31, "TEHNICIAN IN TURISM": 20, "TEHNICIAN IN HOTELARIE": 3, "TEHNICIAN IN ACTIVITATI DE COMERT": 1, "TEHNICIAN DESIGNER VESTIMENTAR": 1}, "limba_moderna": {"LIMBA ENGLEZA": 157, "LIMBA FRANCEZA": 10, "LIMBA ITALIANA": 3}, "limba_materna": {"LIMBA ROMANA": 170}, "promotie_anterioara": {"NU": 155, "DA": 15}, "materii": {"LIMBA ROMANA": {"medie": 6.57958579881657, "reusita": 95.29411764705881, "cnt": 170}, "MATEMATICA MATE-INFO": {"medie": 6.236363636363637, "reusita": 86.36363636363636, "cnt": 22}, "ANATOMIE SI FIZIOLOGIE UMANA, GENETICA SI ECOLOGIE UMANA": {"medie": 6.86388888888889, "reusita": 86.11111111111111, "cnt": 36}, "GENERAL": {"medie": 7.227083333333333, "reusita": 80.0, "cnt": 170}, "MATEMATICA ST-NAT": {"medie": 6.73709677419355, "reusita": 87.09677419354838, "cnt": 31}, "INFORMATICA MI C/C++": {"medie": 7.320588235294118, "reusita": 94.11764705882352, "cnt": 17}, "ISTORIE": {"medie": 8.0, "reusita": 100.0, "cnt": 30}, "LOGICA, ARGUMENTARE SI COMUNICARE": {"medie": 8.353333333333333, "reusita": 100.0, "cnt": 15}, "PSIHOLOGIE": {"medie": 9.6, "reusita": 100.0, "cnt": 1}, "GEOGRAFIE": {"medie": 8.369191919191922, "reusita": 99.0, "cnt": 100}, "INFORMATICA SN C/C++": {"medie": 4.9, "reusita": 0.0, "cnt": 1}, "MATEMATICA TEHN": {"medie": 7.231395348837208, "reusita": 93.10344827586206, "cnt": 87}}, "nume": "COLEGIUL ECONOMIC \"ANGHEL RUGINA\", MUN. VASLUI\tVaslui"}