{"specializari": {"TEHNICIAN IN ACTIVITATI ECONOMICE": 58, "TEHNICIAN IN ADMINISTRATIE": 30, "TEHNICIAN IN TURISM": 29, "TEHNICIAN IN ACTIVITATI DE COMERT": 30, "TEHNICIAN IN GASTRONOMIE": 29}, "limba_moderna": {"LIMBA ENGLEZA": 175, "LIMBA ITALIANA": 1}, "limba_materna": {"LIMBA ROMANA": 176}, "promotie_anterioara": {"NU": 171, "DA": 5}, "materii": {"LIMBA ROMANA": {"medie": 7.3179999999999925, "reusita": 97.72727272727273, "cnt": 176}, "GENERAL": {"medie": 7.877745664739876, "reusita": 93.75, "cnt": 176}, "LOGICA, ARGUMENTARE SI COMUNICARE": {"medie": 8.630357142857143, "reusita": 100.0, "cnt": 28}, "PSIHOLOGIE": {"medie": 6.6, "reusita": 100.0, "cnt": 1}, "GEOGRAFIE": {"medie": 8.074827586206899, "reusita": 98.63945578231292, "cnt": 147}, "MATEMATICA TEHN": {"medie": 8.060571428571427, "reusita": 96.02272727272727, "cnt": 176}}, "nume": "COLEGIUL ECONOMIC \"TRANSILVANIA\" TIRGU MURES\tMure\u0219"}