{"specializari": {"STIINTE SOCIALE": 36, "MATEMATICA-INFORMATICA": 111, "STIINTE ALE NATURII": 28}, "limba_moderna": {"LIMBA ENGLEZA": 175}, "limba_materna": {"LIMBA ROMANA": 175}, "promotie_anterioara": {"NU": 175}, "materii": {"LIMBA ROMANA": {"medie": 8.644285714285717, "reusita": 100.0, "cnt": 175}, "MATEMATICA MATE-INFO": {"medie": 8.91036036036036, "reusita": 100.0, "cnt": 111}, "ANATOMIE SI FIZIOLOGIE UMANA, GENETICA SI ECOLOGIE UMANA": {"medie": 8.937500000000004, "reusita": 100.0, "cnt": 68}, "GENERAL": {"medie": 8.883809523809518, "reusita": 100.0, "cnt": 175}, "MATEMATICA ST-NAT": {"medie": 8.921428571428569, "reusita": 100.0, "cnt": 28}, "CHIMIE ORGANICA TEO NIVEL I/II": {"medie": 9.425, "reusita": 100.0, "cnt": 8}, "CHIMIE ANORGANICA TEO NIVEL I/II": {"medie": 9.0, "reusita": 100.0, "cnt": 1}, "INFORMATICA MI C/C++": {"medie": 8.879487179487182, "reusita": 100.0, "cnt": 39}, "ISTORIE": {"medie": 9.447222222222223, "reusita": 100.0, "cnt": 36}, "LOGICA, ARGUMENTARE SI COMUNICARE": {"medie": 9.352272727272727, "reusita": 100.0, "cnt": 22}, "FIZICA TEO": {"medie": 8.820454545454547, "reusita": 100.0, "cnt": 22}, "PSIHOLOGIE": {"medie": 9.016666666666666, "reusita": 100.0, "cnt": 6}, "GEOGRAFIE": {"medie": 9.0875, "reusita": 100.0, "cnt": 4}, "INFORMATICA SN C/C++": {"medie": 9.0, "reusita": 100.0, "cnt": 1}, "FILOSOFIE": {"medie": 9.7, "reusita": 100.0, "cnt": 1}, "ECONOMIE": {"medie": 8.299999999999999, "reusita": 100.0, "cnt": 3}}, "nume": "COLEGIUL NATIONAL \"FERDINAND I\" BACAU\tBac\u0103u"}