{"specializari": {"TEHNICIAN ECOLOG SI PROTECTIA CALITATII MEDIULUI": 21, "TEHNICIAN IN AUTOMATIZARI": 21, "TEHNICIAN PRODUCTIE FILM SI TELEVIZIUNE": 20, "TEHNICIAN OPERATOR TEHNICA DE CALCUL": 1, "TEHNICIAN MECATRONIST": 23, "TEHNICIAN DESENATOR PENTRU CONSTRUCTII SI INSTALATII": 18, "STIINTE ALE NATURII": 2, "TEHNICIAN ELECTRONIST": 1, "TEHNICIAN IN INSTALATII ELECTRICE": 1, "TEHNICIAN MECANIC PENTRU INTRETINERE SI REPARATII": 1}, "limba_moderna": {"LIMBA ENGLEZA": 106, "LIMBA GERMANA MODERNA": 1, "LIMBA FRANCEZA": 2}, "limba_materna": {"LIMBA ROMANA": 109}, "promotie_anterioara": {"NU": 66, "DA": 43}, "materii": {"LIMBA ROMANA": {"medie": 5.964678899082568, "reusita": 85.3211009174312, "cnt": 109}, "ANATOMIE SI FIZIOLOGIE UMANA, GENETICA SI ECOLOGIE UMANA": {"medie": 6.799999999999999, "reusita": 88.23529411764706, "cnt": 17}, "GENERAL": {"medie": 5.934603174603172, "reusita": 44.95412844036697, "cnt": 109}, "MATEMATICA ST-NAT": {"medie": 4.35, "reusita": 50.0, "cnt": 2}, "BIOLOGIE VEGETALA SI ANIMALA": {"medie": 5.2574999999999985, "reusita": 65.06024096385542, "cnt": 83}, "MATEMATICA TEHN": {"medie": 6.2679245283018865, "reusita": 83.17757009345794, "cnt": 107}, "CHIMIE ORGANICA TEH NIVEL I/II": {"medie": 4.3, "reusita": 0.0, "cnt": 1}, "FIZICA TEH": {"medie": 2.9, "reusita": 0.0, "cnt": 1}, "CHIMIE ANORGANICA TEH NIVEL I/II": {"medie": 7.071428571428571, "reusita": 100.0, "cnt": 7}}, "nume": "COLEGIUL TEHNIC \"MIRCEA CRISTEA\" BRASOV\tBra\u0219ov"}