{"specializari": {"STIINTE ALE NATURII": 28, "TEHNICIAN IN INDUSTRIA PIELARIEI": 1, "TEHNICIAN IN ACTIVITATI DE COMERT": 26, "FILOLOGIE": 3, "TEHNICIAN OPERATOR TEHNICA DE CALCUL": 3}, "limba_moderna": {"LIMBA ENGLEZA": 55, "LIMBA GERMANA MODERNA": 5, "LIMBA FRANCEZA": 1}, "limba_materna": {"LIMBA ROMANA": 61}, "promotie_anterioara": {"NU": 52, "DA": 9}, "materii": {"LIMBA ROMANA": {"medie": 6.081147540983606, "reusita": 85.24590163934425, "cnt": 61}, "ANATOMIE SI FIZIOLOGIE UMANA, GENETICA SI ECOLOGIE UMANA": {"medie": 8.370588235294118, "reusita": 100.0, "cnt": 17}, "GENERAL": {"medie": 6.610109289617486, "reusita": 62.295081967213115, "cnt": 61}, "MATEMATICA ST-NAT": {"medie": 7.453571428571429, "reusita": 96.42857142857143, "cnt": 28}, "ISTORIE": {"medie": 5.016666666666667, "reusita": 66.66666666666666, "cnt": 3}, "FIZICA TEO": {"medie": 8.14090909090909, "reusita": 100.0, "cnt": 11}, "GEOGRAFIE": {"medie": 7.048275862068967, "reusita": 100.0, "cnt": 29}, "BIOLOGIE VEGETALA SI ANIMALA": {"medie": 6.666666666666667, "reusita": 100.0, "cnt": 3}, "MATEMATICA TEHN": {"medie": 4.998333333333333, "reusita": 73.33333333333333, "cnt": 30}, "FIZICA TEH": {"medie": 8.75, "reusita": 100.0, "cnt": 1}}, "nume": "COLEGIUL TEHNIC \"AUGUST TREBONIU LAURIAN\" AGNITA\tSibiu"}