{"specializari": {"MATEMATICA-INFORMATICA": 24, "TEHNICIAN ELECTRONIST": 18, "TEHNICIAN ELECTROMECANIC": 26, "TEHNICIAN IN AUTOMATIZARI": 23, "TEHNICIAN IN INSTALATII ELECTRICE": 15, "TEHNICIAN ELECTROTEHNIST": 3, "TEHNICIAN ENERGETICIAN": 1, "TEHNICIAN DE TELECOMUNICATII": 1}, "limba_moderna": {"LIMBA ENGLEZA": 109, "LIMBA GERMANA MODERNA": 2}, "limba_materna": {"LIMBA ROMANA": 111}, "promotie_anterioara": {"NU": 87, "DA": 24}, "materii": {"LIMBA ROMANA": {"medie": 6.005855855855855, "reusita": 90.990990990991, "cnt": 111}, "MATEMATICA MATE-INFO": {"medie": 7.850000000000001, "reusita": 95.83333333333334, "cnt": 24}, "ANATOMIE SI FIZIOLOGIE UMANA, GENETICA SI ECOLOGIE UMANA": {"medie": 8.1, "reusita": 100.0, "cnt": 1}, "GENERAL": {"medie": 6.496698113207549, "reusita": 63.06306306306306, "cnt": 111}, "INFORMATICA MI C/C++": {"medie": 8.361111111111112, "reusita": 100.0, "cnt": 9}, "BIOLOGIE VEGETALA SI ANIMALA": {"medie": 6.030769230769232, "reusita": 74.46808510638297, "cnt": 94}, "MATEMATICA TEHN": {"medie": 6.869999999999999, "reusita": 91.95402298850574, "cnt": 87}, "FIZICA TEH": {"medie": 7.489999999999999, "reusita": 83.33333333333334, "cnt": 6}, "CHIMIE ANORGANICA TEH NIVEL I/II": {"medie": 4.25, "reusita": 0.0, "cnt": 1}}, "nume": "COLEGIUL TEHNIC ENERGETIC SIBIU\tSibiu"}