{"specializari": {"TEHNICIAN IN ACTIVITATI ECONOMICE": 88, "TEHNICIAN IN TURISM": 56, "TEHNICIAN IN GASTRONOMIE": 62, "ORGANIZATOR BANQUETING": 73, "TEHNICIAN IN ACTIVITATI DE COMERT": 20, "TEHNICIAN IN ACHIZITII SI CONTRACTARI": 28}, "limba_moderna": {"LIMBA ENGLEZA": 317, "LIMBA FRANCEZA": 10}, "limba_materna": {"LIMBA ROMANA": 327}, "promotie_anterioara": {"NU": 265, "DA": 62}, "materii": {"LIMBA ROMANA": {"medie": 6.017791411042944, "reusita": 89.29663608562691, "cnt": 327}, "GENERAL": {"medie": 6.377515723270436, "reusita": 61.773700305810394, "cnt": 327}, "LOGICA, ARGUMENTARE SI COMUNICARE": {"medie": 7.154761904761903, "reusita": 85.71428571428571, "cnt": 42}, "PSIHOLOGIE": {"medie": 5.892857142857143, "reusita": 85.71428571428571, "cnt": 7}, "GEOGRAFIE": {"medie": 6.8847426470588236, "reusita": 87.72563176895306, "cnt": 277}, "MATEMATICA TEHN": {"medie": 6.146238244514107, "reusita": 82.87461773700305, "cnt": 327}, "ECONOMIE": {"medie": 5.6, "reusita": 100.0, "cnt": 1}}, "nume": "COLEGIUL ECONOMIC \"VIILOR\"\tBucure\u0219ti"}