{"specializari": {"TEHNICIAN ELECTROMECANIC": 3, "TEHNICIAN IN INDUSTRIA ALIMENTARA": 11, "TEHNICIAN ANALIZE PRODUSE ALIMENTARE": 30}, "limba_moderna": {"LIMBA ENGLEZA": 43, "LIMBA FRANCEZA": 1}, "limba_materna": {"LIMBA ROMANA": 44}, "promotie_anterioara": {"DA": 29, "NU": 15}, "materii": {"LIMBA ROMANA": {"medie": 5.563750000000001, "reusita": 81.81818181818183, "cnt": 44}, "ANATOMIE SI FIZIOLOGIE UMANA, GENETICA SI ECOLOGIE UMANA": {"medie": 5.45151515151515, "reusita": 67.64705882352942, "cnt": 34}, "GENERAL": {"medie": 5.572380952380951, "reusita": 36.36363636363637, "cnt": 44}, "BIOLOGIE VEGETALA SI ANIMALA": {"medie": 6.200000000000001, "reusita": 55.55555555555556, "cnt": 9}, "MATEMATICA TEHN": {"medie": 5.204054054054055, "reusita": 68.18181818181817, "cnt": 44}, "FIZICA TEH": {"medie": 9.7, "reusita": 100.0, "cnt": 1}}, "nume": "COLEGIUL TEHNIC DE INDUSTRIE ALIMENTARA \"DUMITRU MOTOC\"\tBucure\u0219ti"}