{"specializari": {"MATEMATICA-INFORMATICA": 91, "FILOLOGIE": 62, "STIINTE ALE NATURII": 29}, "limba_moderna": {"LIMBA ENGLEZA": 134, "LIMBA GERMANA MODERNA": 11, "LIMBA FRANCEZA": 26, "LIMBA RUSA": 11}, "limba_materna": {"LIMBA ROMANA": 182}, "promotie_anterioara": {"NU": 172, "DA": 10}, "materii": {"LIMBA ROMANA": {"medie": 8.139444444444447, "reusita": 98.35164835164835, "cnt": 182}, "MATEMATICA MATE-INFO": {"medie": 8.757142857142856, "reusita": 94.5054945054945, "cnt": 91}, "ANATOMIE SI FIZIOLOGIE UMANA, GENETICA SI ECOLOGIE UMANA": {"medie": 8.302777777777777, "reusita": 97.22222222222221, "cnt": 36}, "GENERAL": {"medie": 8.576685393258428, "reusita": 92.3076923076923, "cnt": 182}, "MATEMATICA ST-NAT": {"medie": 7.385185185185187, "reusita": 75.86206896551724, "cnt": 29}, "CHIMIE ORGANICA TEO NIVEL I/II": {"medie": 9.149999999999999, "reusita": 66.66666666666666, "cnt": 3}, "INFORMATICA MI C/C++": {"medie": 9.079411764705885, "reusita": 100.0, "cnt": 68}, "ISTORIE": {"medie": 8.710655737704919, "reusita": 98.38709677419355, "cnt": 62}, "LOGICA, ARGUMENTARE SI COMUNICARE": {"medie": 9.283620689655171, "reusita": 98.30508474576271, "cnt": 59}, "FIZICA TEO": {"medie": 8.669999999999998, "reusita": 100.0, "cnt": 10}, "GEOGRAFIE": {"medie": 9.866666666666665, "reusita": 100.0, "cnt": 3}, "BIOLOGIE VEGETALA SI ANIMALA": {"medie": 8.05, "reusita": 66.66666666666666, "cnt": 3}}, "nume": "COLEGIUL NATIONAL \"DINICU GOLESCU\" CAMPULUNG\tArge\u0219"}