{"specializari": {"INVATATOR - EDUCATOARE": 58, "STIINTE SOCIALE": 29, "EDUCATOR-PUERICULTOR": 26}, "limba_moderna": {"LIMBA ENGLEZA": 113}, "limba_materna": {"LIMBA ROMANA": 113}, "promotie_anterioara": {"NU": 113}, "materii": {"LIMBA ROMANA": {"medie": 8.418584070796456, "reusita": 100.0, "cnt": 113}, "GENERAL": {"medie": 8.656637168141593, "reusita": 99.11504424778761, "cnt": 113}, "ISTORIE": {"medie": 8.378181818181819, "reusita": 100.0, "cnt": 55}, "LOGICA, ARGUMENTARE SI COMUNICARE": {"medie": 8.667361111111111, "reusita": 98.61111111111111, "cnt": 72}, "MATEMATICA PED": {"medie": 9.159482758620687, "reusita": 100.0, "cnt": 58}, "PSIHOLOGIE": {"medie": 8.814285714285713, "reusita": 100.0, "cnt": 21}, "GEOGRAFIE": {"medie": 9.105000000000002, "reusita": 100.0, "cnt": 20}}, "nume": "COLEGIUL NATIONAL PEDAGOGIC \"GHEORGHE LAZAR\" CLUJ-NAPOCA\tCluj"}