{"specializari": {"STIINTE SOCIALE": 71, "STIINTE ALE NATURII": 101, "MATEMATICA-INFORMATICA": 35, "FILOLOGIE": 34}, "limba_moderna": {"LIMBA ENGLEZA": 239, "LIMBA FRANCEZA": 1, "LIMBA GERMANA MODERNA": 1}, "limba_materna": {"LIMBA ROMANA": 241}, "promotie_anterioara": {"NU": 237, "DA": 4}, "materii": {"LIMBA ROMANA": {"medie": 7.760208333333334, "reusita": 99.1701244813278, "cnt": 241}, "MATEMATICA MATE-INFO": {"medie": 8.191428571428572, "reusita": 100.0, "cnt": 35}, "ANATOMIE SI FIZIOLOGIE UMANA, GENETICA SI ECOLOGIE UMANA": {"medie": 8.512820512820515, "reusita": 100.0, "cnt": 78}, "GENERAL": {"medie": 8.235983263598326, "reusita": 95.850622406639, "cnt": 241}, "MATEMATICA ST-NAT": {"medie": 8.828712871287125, "reusita": 99.00990099009901, "cnt": 101}, "CHIMIE ORGANICA TEO NIVEL I/II": {"medie": 8.233333333333334, "reusita": 100.0, "cnt": 9}, "INFORMATICA MI C/C++": {"medie": 7.416666666666667, "reusita": 100.0, "cnt": 3}, "ISTORIE": {"medie": 8.280288461538461, "reusita": 98.09523809523809, "cnt": 105}, "LOGICA, ARGUMENTARE SI COMUNICARE": {"medie": 8.779999999999998, "reusita": 100.0, "cnt": 85}, "FIZICA TEO": {"medie": 7.327142857142862, "reusita": 94.28571428571428, "cnt": 35}, "SOCIOLOGIE": {"medie": 8.2, "reusita": 100.0, "cnt": 1}, "PSIHOLOGIE": {"medie": 8.5, "reusita": 100.0, "cnt": 5}, "GEOGRAFIE": {"medie": 9.242307692307692, "reusita": 92.85714285714286, "cnt": 14}, "INFORMATICA SN C/C++": {"medie": 7.135714285714284, "reusita": 100.0, "cnt": 7}, "BIOLOGIE VEGETALA SI ANIMALA": {"medie": 9.7, "reusita": 100.0, "cnt": 4}}, "nume": "COLEGIUL NATIONAL \"MIHAI EMINESCU\" CONSTANTA\tConstan\u021ba"}