{"specializari": {"TEHNICIAN IN GASTRONOMIE": 36, "TEHNICIAN IN MORARIT, PANIFICATIE SI PRODUSE FAINOASE": 9, "TEHNICIAN ANALIZE PRODUSE ALIMENTARE": 13, "TEHNICIAN IN PRELUCRAREA PRODUSELOR DE ORIGINE ANIMALA": 10, "TEHNICIAN IN INDUSTRIA ALIMENTARA": 10, "TEHNICIAN IN IND. ALIM. FERMENTATIVA SI IN PREL. LEGUMELOR SI FRUCTELOR": 3}, "limba_moderna": {"LIMBA ENGLEZA": 69, "LIMBA FRANCEZA": 12}, "limba_materna": {"LIMBA ROMANA": 81}, "promotie_anterioara": {"NU": 58, "DA": 23}, "materii": {"LIMBA ROMANA": {"medie": 6.246913580246915, "reusita": 98.76543209876543, "cnt": 81}, "ANATOMIE SI FIZIOLOGIE UMANA, GENETICA SI ECOLOGIE UMANA": {"medie": 6.257142857142857, "reusita": 86.04651162790698, "cnt": 43}, "GENERAL": {"medie": 6.664791666666669, "reusita": 72.8395061728395, "cnt": 81}, "LOGICA, ARGUMENTARE SI COMUNICARE": {"medie": 7.276666666666667, "reusita": 93.33333333333333, "cnt": 15}, "GEOGRAFIE": {"medie": 8.092857142857143, "reusita": 100.0, "cnt": 21}, "MATEMATICA TEHN": {"medie": 6.700000000000002, "reusita": 92.5925925925926, "cnt": 81}, "CHIMIE ANORGANICA TEH NIVEL I/II": {"medie": 6.45, "reusita": 100.0, "cnt": 2}}, "nume": "COLEGIUL DE INDUSTRIE ALIMENTARA \"ELENA DOAMNA\", LOCALITATEA GALATI\tGala\u021bi"}