{"specializari": {"TEHNICIAN IN ACTIVITATI ECONOMICE": 100, "TEHNICIAN IN GASTRONOMIE": 27, "TEHNICIAN IN TURISM": 25, "TEHNICIAN IN ADMINISTRATIE": 26, "TEHNICIAN IN HOTELARIE": 2}, "limba_moderna": {"LIMBA FRANCEZA": 20, "LIMBA ENGLEZA": 160}, "limba_materna": {"LIMBA ROMANA": 180}, "promotie_anterioara": {"NU": 176, "DA": 4}, "materii": {"LIMBA ROMANA": {"medie": 7.513333333333333, "reusita": 99.44444444444444, "cnt": 180}, "GENERAL": {"medie": 7.9596834264432, "reusita": 91.66666666666666, "cnt": 180}, "LOGICA, ARGUMENTARE SI COMUNICARE": {"medie": 8.403813559322034, "reusita": 96.63865546218487, "cnt": 119}, "GEOGRAFIE": {"medie": 8.493333333333332, "reusita": 100.0, "cnt": 60}, "MATEMATICA TEHN": {"medie": 7.90944444444444, "reusita": 97.77777777777777, "cnt": 180}, "ECONOMIE": {"medie": 7.0, "reusita": 100.0, "cnt": 1}}, "nume": "COLEGIUL ECONOMIC \"NICOLAE TITULESCU\" BAIA MARE\tMaramure\u0219"}