{"specializari": {"INVATATOR - EDUCATOARE": 18, "TEHNICIAN IN ACTIVITATI ECONOMICE": 16, "TEHNICIAN MECANIC PENTRU INTRETINERE SI REPARATII": 1, "TEHNICIAN IN AUTOMATIZARI": 6, "TEHNICIAN IN INSTALATII ELECTRICE": 3, "TEHNICIAN IN INDUSTRIA TEXTILA": 1, "TEHNICIAN IN PRELUCRAREA LEMNULUI": 1}, "limba_moderna": {"LIMBA ENGLEZA": 46}, "limba_materna": {"LIMBA ROMANA": 46}, "promotie_anterioara": {"NU": 39, "DA": 7}, "materii": {"LIMBA ROMANA": {"medie": 6.538043478260871, "reusita": 86.95652173913044, "cnt": 46}, "GENERAL": {"medie": 6.22717391304348, "reusita": 56.52173913043478, "cnt": 46}, "MATEMATICA PED": {"medie": 6.666666666666667, "reusita": 88.88888888888889, "cnt": 18}, "GEOGRAFIE": {"medie": 7.104411764705882, "reusita": 82.35294117647058, "cnt": 34}, "BIOLOGIE VEGETALA SI ANIMALA": {"medie": 5.2375, "reusita": 58.333333333333336, "cnt": 12}, "MATEMATICA TEHN": {"medie": 4.792857142857143, "reusita": 57.14285714285714, "cnt": 28}}, "nume": "COLEGIUL NATIONAL \"MIHAI EMINESCU\" TOPLITA\tHarghita"}