{"specializari": {"FILOLOGIE": 67, "STIINTE SOCIALE": 29, "STIINTE ALE NATURII": 28, "MATEMATICA-INFORMATICA": 24}, "limba_moderna": {"LIMBA ENGLEZA": 120, "LIMBA FRANCEZA": 18, "LIMBA SPANIOLA": 10}, "limba_materna": {"LIMBA ROMANA": 148}, "promotie_anterioara": {"NU": 147, "DA": 1}, "materii": {"LIMBA ROMANA": {"medie": 8.233445945945943, "reusita": 100.0, "cnt": 148}, "MATEMATICA MATE-INFO": {"medie": 8.752083333333335, "reusita": 100.0, "cnt": 24}, "ANATOMIE SI FIZIOLOGIE UMANA, GENETICA SI ECOLOGIE UMANA": {"medie": 9.203846153846156, "reusita": 100.0, "cnt": 26}, "GENERAL": {"medie": 8.582995495495496, "reusita": 97.97297297297297, "cnt": 148}, "MATEMATICA ST-NAT": {"medie": 8.66607142857143, "reusita": 100.0, "cnt": 28}, "CHIMIE ANORGANICA TEO NIVEL I/II": {"medie": 7.799999999999999, "reusita": 100.0, "cnt": 4}, "INFORMATICA MI C/C++": {"medie": 8.582142857142857, "reusita": 100.0, "cnt": 14}, "ISTORIE": {"medie": 8.655729166666665, "reusita": 96.875, "cnt": 96}, "LOGICA, ARGUMENTARE SI COMUNICARE": {"medie": 8.864673913043477, "reusita": 98.91304347826086, "cnt": 92}, "SOCIOLOGIE": {"medie": 8.7, "reusita": 100.0, "cnt": 1}, "GEOGRAFIE": {"medie": 7.175, "reusita": 100.0, "cnt": 2}, "INFORMATICA SN C/C++": {"medie": 8.825, "reusita": 100.0, "cnt": 2}, "BIOLOGIE VEGETALA SI ANIMALA": {"medie": 9.166666666666666, "reusita": 100.0, "cnt": 6}, "ECONOMIE": {"medie": 6.75, "reusita": 100.0, "cnt": 1}}, "nume": "COLEGIUL NATIONAL \"UNIREA\" BRASOV\tBra\u0219ov"}