{"specializari": {"STIINTE ALE NATURII": 94, "MATEMATICA-INFORMATICA": 83, "FILOLOGIE": 37}, "limba_moderna": {"LIMBA ENGLEZA": 204, "LIMBA FRANCEZA": 10}, "limba_materna": {"LIMBA ROMANA": 214}, "promotie_anterioara": {"NU": 202, "DA": 12}, "materii": {"LIMBA ROMANA": {"medie": 7.562028301886792, "reusita": 97.66355140186917, "cnt": 214}, "MATEMATICA MATE-INFO": {"medie": 7.885365853658538, "reusita": 95.18072289156626, "cnt": 83}, "ANATOMIE SI FIZIOLOGIE UMANA, GENETICA SI ECOLOGIE UMANA": {"medie": 8.694347826086958, "reusita": 98.29059829059828, "cnt": 117}, "GENERAL": {"medie": 8.039365079365075, "reusita": 92.5233644859813, "cnt": 214}, "MATEMATICA ST-NAT": {"medie": 7.8994680851063865, "reusita": 95.74468085106383, "cnt": 94}, "CHIMIE ORGANICA TEO NIVEL I/II": {"medie": 9.1, "reusita": 100.0, "cnt": 1}, "INFORMATICA MI C/C++": {"medie": 8.404629629629632, "reusita": 98.18181818181819, "cnt": 55}, "ISTORIE": {"medie": 7.725675675675676, "reusita": 100.0, "cnt": 37}, "LOGICA, ARGUMENTARE SI COMUNICARE": {"medie": 8.92826086956522, "reusita": 100.0, "cnt": 23}, "FIZICA TEO": {"medie": 9.200000000000001, "reusita": 100.0, "cnt": 3}, "GEOGRAFIE": {"medie": 8.060714285714285, "reusita": 100.0, "cnt": 14}, "INFORMATICA SN C/C++": {"medie": 9.8, "reusita": 100.0, "cnt": 1}}, "nume": "COLEGIUL NATIONAL DE INFORMATICA \"SPIRU HARET\" SUCEAVA\tSuceava"}