{"specializari": {"MATEMATICA-INFORMATICA": 118, "STIINTE ALE NATURII": 60, "STIINTE SOCIALE": 34, "FILOLOGIE": 34}, "limba_moderna": {"LIMBA ENGLEZA": 229, "LIMBA FRANCEZA": 15, "LIMBA SPANIOLA": 2}, "limba_materna": {"LIMBA ROMANA": 246}, "promotie_anterioara": {"NU": 240, "DA": 6}, "materii": {"LIMBA ROMANA": {"medie": 7.897154471544717, "reusita": 99.59349593495935, "cnt": 246}, "MATEMATICA MATE-INFO": {"medie": 8.261440677966103, "reusita": 100.0, "cnt": 118}, "ANATOMIE SI FIZIOLOGIE UMANA, GENETICA SI ECOLOGIE UMANA": {"medie": 8.916666666666666, "reusita": 100.0, "cnt": 63}, "GENERAL": {"medie": 8.272967479674795, "reusita": 98.3739837398374, "cnt": 246}, "MATEMATICA ST-NAT": {"medie": 8.527499999999998, "reusita": 100.0, "cnt": 60}, "CHIMIE ORGANICA TEO NIVEL I/II": {"medie": 9.404545454545454, "reusita": 100.0, "cnt": 11}, "CHIMIE ANORGANICA TEO NIVEL I/II": {"medie": 9.05, "reusita": 100.0, "cnt": 2}, "INFORMATICA MI C/C++": {"medie": 8.27058823529412, "reusita": 100.0, "cnt": 51}, "ISTORIE": {"medie": 8.024264705882352, "reusita": 98.52941176470588, "cnt": 68}, "LOGICA, ARGUMENTARE SI COMUNICARE": {"medie": 9.187000000000001, "reusita": 100.0, "cnt": 50}, "FIZICA TEO": {"medie": 7.914062499999998, "reusita": 100.0, "cnt": 32}, "SOCIOLOGIE": {"medie": 9.5, "reusita": 100.0, "cnt": 1}, "PSIHOLOGIE": {"medie": 9.61, "reusita": 100.0, "cnt": 5}, "GEOGRAFIE": {"medie": 8.765, "reusita": 100.0, "cnt": 10}, "INFORMATICA SN C/C++": {"medie": 6.941666666666667, "reusita": 100.0, "cnt": 6}, "BIOLOGIE VEGETALA SI ANIMALA": {"medie": 8.28076923076923, "reusita": 100.0, "cnt": 13}, "ECONOMIE": {"medie": 9.2, "reusita": 100.0, "cnt": 2}}, "nume": "COLEGIUL NATIONAL \"ALEXANDRU ODOBESCU\" PITESTI\tArge\u0219"}