{"specializari": {"MATEMATICA-INFORMATICA": 28, "FILOLOGIE": 43, "STIINTE ALE NATURII": 42, "LICEU CU PROGRAM SPORTIV": 27, "STIINTE SOCIALE": 1}, "limba_moderna": {"LIMBA ENGLEZA": 140, "LIMBA GERMANA MODERNA": 1}, "limba_materna": {"LIMBA ROMANA": 115, "LIMBA MAGHIARA": 26}, "promotie_anterioara": {"NU": 126, "DA": 15}, "materii": {"LIMBA ROMANA": {"medie": 7.048571428571431, "reusita": 93.61702127659575, "cnt": 141}, "MATEMATICA MATE-INFO": {"medie": 9.27857142857143, "reusita": 100.0, "cnt": 28}, "ANATOMIE SI FIZIOLOGIE UMANA, GENETICA SI ECOLOGIE UMANA": {"medie": 8.257142857142858, "reusita": 100.0, "cnt": 49}, "GENERAL": {"medie": 7.564251207729468, "reusita": 80.85106382978722, "cnt": 141}, "MATEMATICA ST-NAT": {"medie": 7.836585365853661, "reusita": 97.61904761904762, "cnt": 42}, "CHIMIE ORGANICA TEO NIVEL I/II": {"medie": 6.4, "reusita": 100.0, "cnt": 1}, "ISTORIE": {"medie": 6.688571428571427, "reusita": 84.50704225352112, "cnt": 71}, "LOGICA, ARGUMENTARE SI COMUNICARE": {"medie": 9.525, "reusita": 100.0, "cnt": 2}, "SOCIOLOGIE": {"medie": 8.350000000000001, "reusita": 100.0, "cnt": 2}, "PSIHOLOGIE": {"medie": 8.7, "reusita": 100.0, "cnt": 2}, "GEOGRAFIE": {"medie": 7.337301587301587, "reusita": 93.75, "cnt": 64}, "FILOSOFIE": {"medie": 5.0, "reusita": 100.0, "cnt": 1}, "LIMBA MAGHIARA (REAL)": {"medie": 7.7363636363636346, "reusita": 100.0, "cnt": 11}, "INFORMATICA MI PASCAL": {"medie": 9.075, "reusita": 100.0, "cnt": 20}, "LIMBA MAGHIARA (UMAN)": {"medie": 7.026666666666667, "reusita": 100.0, "cnt": 15}}, "nume": "COLEGIUL NATIONAL \"MIRCEA ELIADE\" SIGHISOARA\tMure\u0219"}