{"specializari": {"FILOLOGIE": 61, "MATEMATICA-INFORMATICA": 60, "STIINTE ALE NATURII": 32}, "limba_moderna": {"LIMBA ENGLEZA": 152, "LIMBA GERMANA MODERNA": 1}, "limba_materna": {"LIMBA ROMANA": 153}, "promotie_anterioara": {"NU": 146, "DA": 7}, "materii": {"LIMBA ROMANA": {"medie": 7.791503267973854, "reusita": 99.34640522875817, "cnt": 153}, "MATEMATICA MATE-INFO": {"medie": 7.490833333333331, "reusita": 96.66666666666667, "cnt": 60}, "ANATOMIE SI FIZIOLOGIE UMANA, GENETICA SI ECOLOGIE UMANA": {"medie": 8.038888888888888, "reusita": 94.44444444444444, "cnt": 36}, "GENERAL": {"medie": 8.203399122807017, "reusita": 96.07843137254902, "cnt": 153}, "MATEMATICA ST-NAT": {"medie": 8.55483870967742, "reusita": 96.875, "cnt": 32}, "CHIMIE ORGANICA TEO NIVEL I/II": {"medie": 9.100000000000001, "reusita": 100.0, "cnt": 20}, "INFORMATICA MI C/C++": {"medie": 8.534375, "reusita": 100.0, "cnt": 16}, "ISTORIE": {"medie": 8.638524590163938, "reusita": 100.0, "cnt": 61}, "LOGICA, ARGUMENTARE SI COMUNICARE": {"medie": 8.961538461538463, "reusita": 100.0, "cnt": 13}, "FIZICA TEO": {"medie": 8.4, "reusita": 100.0, "cnt": 16}, "SOCIOLOGIE": {"medie": 9.102083333333331, "reusita": 100.0, "cnt": 24}, "PSIHOLOGIE": {"medie": 8.35, "reusita": 100.0, "cnt": 2}, "GEOGRAFIE": {"medie": 8.79318181818182, "reusita": 100.0, "cnt": 22}, "BIOLOGIE VEGETALA SI ANIMALA": {"medie": 8.2625, "reusita": 100.0, "cnt": 4}}, "nume": "COLEGIUL NATIONAL \"VASILE GOLDIS\" ARAD\tArad"}