{"specializari": {"TEHNICIAN IN ACTIVITATI ECONOMICE": 20, "TEHNICIAN CHIMIST DE LABORATOR": 74, "TEHNICIAN ECOLOG SI PROTECTIA CALITATII MEDIULUI": 48, "TEHNICIAN OPERATOR TEHNICA DE CALCUL": 21, "TEHNICIAN MECATRONIST": 18, "TEHNICIAN ELECTROMECANIC": 30, "TEHNICIAN MECANIC PENTRU INTRETINERE SI REPARATII": 4, "TEHNICIAN ELECTRONIST": 1, "TEHNICIAN IN AUTOMATIZARI": 5, "TEHNICIAN IN CHIMIE INDUSTRIALA": 1}, "limba_moderna": {"LIMBA ENGLEZA": 185, "LIMBA FRANCEZA": 37}, "limba_materna": {"LIMBA ROMANA": 222}, "promotie_anterioara": {"NU": 177, "DA": 45}, "materii": {"LIMBA ROMANA": {"medie": 6.182648401826476, "reusita": 90.09009009009009, "cnt": 222}, "ANATOMIE SI FIZIOLOGIE UMANA, GENETICA SI ECOLOGIE UMANA": {"medie": 7.555714285714287, "reusita": 88.88888888888889, "cnt": 36}, "GENERAL": {"medie": 6.263875968992247, "reusita": 58.55855855855856, "cnt": 222}, "LOGICA, ARGUMENTARE SI COMUNICARE": {"medie": 7.489285714285714, "reusita": 92.85714285714286, "cnt": 14}, "GEOGRAFIE": {"medie": 8.6, "reusita": 100.0, "cnt": 5}, "BIOLOGIE VEGETALA SI ANIMALA": {"medie": 5.776712328767123, "reusita": 73.33333333333333, "cnt": 150}, "MATEMATICA TEHN": {"medie": 6.286405529953916, "reusita": 83.33333333333334, "cnt": 222}, "ECONOMIE": {"medie": 6.9, "reusita": 100.0, "cnt": 1}, "CHIMIE ORGANICA TEH NIVEL I/II": {"medie": 7.300000000000001, "reusita": 100.0, "cnt": 3}, "FIZICA TEH": {"medie": 7.140000000000001, "reusita": 80.0, "cnt": 5}, "CHIMIE ANORGANICA TEH NIVEL I/II": {"medie": 5.825, "reusita": 87.5, "cnt": 8}}, "nume": "COLEGIUL TEHNIC \"COSTIN D. NENITESCU\" PITESTI\tArge\u0219"}