{"specializari": {"MATEMATICA-INFORMATICA": 86, "STIINTE ALE NATURII": 31, "STIINTE SOCIALE": 35, "FILOLOGIE": 55}, "limba_moderna": {"LIMBA ENGLEZA": 183, "LIMBA FRANCEZA": 24}, "limba_materna": {"LIMBA ROMANA": 207}, "promotie_anterioara": {"NU": 207}, "materii": {"LIMBA ROMANA": {"medie": 8.439371980676325, "reusita": 99.03381642512076, "cnt": 207}, "MATEMATICA MATE-INFO": {"medie": 9.473837209302328, "reusita": 100.0, "cnt": 86}, "ANATOMIE SI FIZIOLOGIE UMANA, GENETICA SI ECOLOGIE UMANA": {"medie": 9.427586206896551, "reusita": 100.0, "cnt": 29}, "GENERAL": {"medie": 8.982367149758456, "reusita": 98.06763285024155, "cnt": 207}, "MATEMATICA ST-NAT": {"medie": 9.180645161290323, "reusita": 100.0, "cnt": 31}, "CHIMIE ORGANICA TEO NIVEL I/II": {"medie": 9.591666666666667, "reusita": 100.0, "cnt": 6}, "CHIMIE ANORGANICA TEO NIVEL I/II": {"medie": 8.55, "reusita": 100.0, "cnt": 1}, "INFORMATICA MI C/C++": {"medie": 9.289285714285715, "reusita": 100.0, "cnt": 42}, "ISTORIE": {"medie": 9.130555555555556, "reusita": 100.0, "cnt": 90}, "LOGICA, ARGUMENTARE SI COMUNICARE": {"medie": 9.261904761904765, "reusita": 100.0, "cnt": 63}, "FIZICA TEO": {"medie": 9.691666666666666, "reusita": 100.0, "cnt": 6}, "SOCIOLOGIE": {"medie": 8.325, "reusita": 100.0, "cnt": 2}, "PSIHOLOGIE": {"medie": 9.4, "reusita": 100.0, "cnt": 2}, "GEOGRAFIE": {"medie": 8.83695652173913, "reusita": 91.30434782608695, "cnt": 23}, "INFORMATICA SN C/C++": {"medie": 8.7, "reusita": 100.0, "cnt": 2}, "BIOLOGIE VEGETALA SI ANIMALA": {"medie": 9.116129032258064, "reusita": 100.0, "cnt": 31}}, "nume": "COLEGIUL NATIONAL \"HOREA CLOSCA SI CRISAN\" ALBA IULIA\tAlba"}