{"specializari": {"TEHNICIAN IN ACTIVITATI ECONOMICE": 25, "TEHNICIAN PROIECTANT CAD": 5, "TEHNICIAN OPERATOR TEHNICA DE CALCUL": 6, "TEHNICIAN ELECTRICIAN/ELECTRONIST AUTO": 1, "TEHNICIAN ELECTRONIST": 3, "TEHNICIAN IN ADMINISTRATIE": 1}, "limba_moderna": {"LIMBA ENGLEZA": 41}, "limba_materna": {"LIMBA ROMANA": 41}, "promotie_anterioara": {"NU": 26, "DA": 15}, "materii": {"LIMBA ROMANA": {"medie": 6.148749999999999, "reusita": 95.1219512195122, "cnt": 41}, "GENERAL": {"medie": 6.307456140350877, "reusita": 53.65853658536586, "cnt": 41}, "PSIHOLOGIE": {"medie": 6.437499999999998, "reusita": 100.0, "cnt": 16}, "GEOGRAFIE": {"medie": 7.238888888888888, "reusita": 90.0, "cnt": 10}, "BIOLOGIE VEGETALA SI ANIMALA": {"medie": 5.791666666666667, "reusita": 53.84615384615385, "cnt": 13}, "MATEMATICA TEHN": {"medie": 6.050000000000001, "reusita": 85.36585365853658, "cnt": 41}, "FIZICA TEH": {"medie": 8.425, "reusita": 100.0, "cnt": 2}}, "nume": "COLEGIUL TEHNIC TURDA\tCluj"}