{"specializari": {"MATEMATICA-INFORMATICA": 113, "FILOLOGIE": 36, "STIINTE ALE NATURII": 63}, "limba_moderna": {"LIMBA ENGLEZA": 208, "LIMBA FRANCEZA": 2, "LIMBA GERMANA MODERNA": 2}, "limba_materna": {"LIMBA ROMANA": 212}, "promotie_anterioara": {"NU": 211, "DA": 1}, "materii": {"LIMBA ROMANA": {"medie": 8.452830188679242, "reusita": 100.0, "cnt": 212}, "MATEMATICA MATE-INFO": {"medie": 8.619026548672565, "reusita": 100.0, "cnt": 113}, "ANATOMIE SI FIZIOLOGIE UMANA, GENETICA SI ECOLOGIE UMANA": {"medie": 8.977040816326529, "reusita": 100.0, "cnt": 98}, "GENERAL": {"medie": 8.661949685534594, "reusita": 100.0, "cnt": 212}, "MATEMATICA ST-NAT": {"medie": 8.598412698412698, "reusita": 100.0, "cnt": 63}, "CHIMIE ORGANICA TEO NIVEL I/II": {"medie": 9.4, "reusita": 100.0, "cnt": 15}, "INFORMATICA MI C/C++": {"medie": 9.030851063829788, "reusita": 100.0, "cnt": 47}, "ISTORIE": {"medie": 8.333333333333332, "reusita": 100.0, "cnt": 36}, "LOGICA, ARGUMENTARE SI COMUNICARE": {"medie": 7.866666666666667, "reusita": 100.0, "cnt": 3}, "FIZICA TEO": {"medie": 8.540625, "reusita": 100.0, "cnt": 16}, "SOCIOLOGIE": {"medie": 9.316666666666668, "reusita": 100.0, "cnt": 3}, "PSIHOLOGIE": {"medie": 9.05, "reusita": 100.0, "cnt": 2}, "GEOGRAFIE": {"medie": 9.005769230769234, "reusita": 100.0, "cnt": 26}, "ECONOMIE": {"medie": 7.85, "reusita": 100.0, "cnt": 2}}, "nume": "COLEGIUL NATIONAL \"TUDOR VLADIMIRESCU\" TG-JIU\tGorj"}