{"specializari": {"TEHNICIAN IN ACTIVITATI ECONOMICE": 21, "ORGANIZATOR BANQUETING": 20, "TEHNICIAN ANALIZE PRODUSE ALIMENTARE": 27, "TEHNICIAN ECOLOG SI PROTECTIA CALITATII MEDIULUI": 26, "TEHNICIAN IN AGRICULTURA ECOLOGICA": 16, "TEHNICIAN HORTICULTOR": 2}, "limba_moderna": {"LIMBA FRANCEZA": 13, "LIMBA ENGLEZA": 99}, "limba_materna": {"LIMBA ROMANA": 112}, "promotie_anterioara": {"NU": 97, "DA": 15}, "materii": {"LIMBA ROMANA": {"medie": 6.294954128440364, "reusita": 91.96428571428571, "cnt": 112}, "ANATOMIE SI FIZIOLOGIE UMANA, GENETICA SI ECOLOGIE UMANA": {"medie": 7.267164179104477, "reusita": 94.20289855072464, "cnt": 69}, "GENERAL": {"medie": 6.873584905660378, "reusita": 74.10714285714286, "cnt": 112}, "LOGICA, ARGUMENTARE SI COMUNICARE": {"medie": 6.175, "reusita": 50.0, "cnt": 2}, "PSIHOLOGIE": {"medie": 5.625, "reusita": 100.0, "cnt": 2}, "GEOGRAFIE": {"medie": 7.807142857142857, "reusita": 94.5945945945946, "cnt": 37}, "MATEMATICA TEHN": {"medie": 6.823853211009174, "reusita": 91.07142857142857, "cnt": 112}, "CHIMIE ANORGANICA TEH NIVEL I/II": {"medie": 5.25, "reusita": 50.0, "cnt": 2}}, "nume": "COLEGIUL AGRICOL SI DE INDUSTRIE ALIMENTARA \"VASILE ADAMACHI\", IASI\tIa\u0219i"}