{"specializari": {"COREGRAFIE": 14, "MUZICA": 33, "ARHITECTURA, ARTE AMBIENTALE SI DESIGN": 25, "ARTE PLASTICE SI DECORATIVE": 40}, "limba_moderna": {"LIMBA ENGLEZA": 112}, "limba_materna": {"LIMBA ROMANA": 112}, "promotie_anterioara": {"NU": 109, "DA": 3}, "materii": {"LIMBA ROMANA": {"medie": 7.384684684684685, "reusita": 93.75, "cnt": 112}, "GENERAL": {"medie": 7.646546546546546, "reusita": 87.5, "cnt": 112}, "ISTORIE": {"medie": 7.389189189189188, "reusita": 92.85714285714286, "cnt": 112}, "LOGICA, ARGUMENTARE SI COMUNICARE": {"medie": 8.043750000000001, "reusita": 90.2439024390244, "cnt": 41}, "PSIHOLOGIE": {"medie": 7.8, "reusita": 100.0, "cnt": 2}, "GEOGRAFIE": {"medie": 8.253676470588232, "reusita": 98.52941176470588, "cnt": 68}, "FILOSOFIE": {"medie": 7.8, "reusita": 100.0, "cnt": 1}}, "nume": "COLEGIUL NATIONAL DE ARTA \"GEORGE APOSTU\" BACAU\tBac\u0103u"}