{"specializari": {"MATEMATICA-INFORMATICA": 81, "STIINTE ALE NATURII": 29, "FILOLOGIE": 73, "STIINTE SOCIALE": 36}, "limba_moderna": {"LIMBA ENGLEZA": 216, "LIMBA GERMANA MODERNA": 1, "LIMBA FRANCEZA": 2}, "limba_materna": {"LIMBA ROMANA": 219}, "promotie_anterioara": {"NU": 216, "DA": 3}, "materii": {"LIMBA ROMANA": {"medie": 8.115753424657536, "reusita": 100.0, "cnt": 219}, "MATEMATICA MATE-INFO": {"medie": 8.184567901234564, "reusita": 98.76543209876543, "cnt": 81}, "ANATOMIE SI FIZIOLOGIE UMANA, GENETICA SI ECOLOGIE UMANA": {"medie": 8.51509433962264, "reusita": 100.0, "cnt": 53}, "GENERAL": {"medie": 8.242237442922375, "reusita": 95.8904109589041, "cnt": 219}, "MATEMATICA ST-NAT": {"medie": 8.567241379310344, "reusita": 100.0, "cnt": 29}, "CHIMIE ORGANICA TEO NIVEL I/II": {"medie": 9.1875, "reusita": 100.0, "cnt": 4}, "INFORMATICA MI C/C++": {"medie": 9.044444444444443, "reusita": 100.0, "cnt": 27}, "ISTORIE": {"medie": 7.656422018348625, "reusita": 98.1651376146789, "cnt": 109}, "LOGICA, ARGUMENTARE SI COMUNICARE": {"medie": 8.743333333333334, "reusita": 100.0, "cnt": 75}, "FIZICA TEO": {"medie": 8.047916666666667, "reusita": 95.83333333333334, "cnt": 24}, "SOCIOLOGIE": {"medie": 8.683333333333334, "reusita": 100.0, "cnt": 3}, "PSIHOLOGIE": {"medie": 8.41875, "reusita": 100.0, "cnt": 16}, "GEOGRAFIE": {"medie": 8.614999999999998, "reusita": 100.0, "cnt": 10}, "BIOLOGIE VEGETALA SI ANIMALA": {"medie": 8.825, "reusita": 100.0, "cnt": 2}, "ECONOMIE": {"medie": 9.23, "reusita": 100.0, "cnt": 5}}, "nume": "COLEGIUL NATIONAL \"RADU GRECEANU\" SLATINA\tOlt"}