{"specializari": {"MATEMATICA-INFORMATICA": 106, "FILOLOGIE": 94}, "limba_moderna": {"LIMBA ENGLEZA": 199, "LIMBA FRANCEZA": 1}, "limba_materna": {"LIMBA ROMANA": 200}, "promotie_anterioara": {"NU": 191, "DA": 9}, "materii": {"LIMBA ROMANA": {"medie": 7.745202020202022, "reusita": 98.5, "cnt": 200}, "MATEMATICA MATE-INFO": {"medie": 7.965714285714289, "reusita": 92.45283018867924, "cnt": 106}, "ANATOMIE SI FIZIOLOGIE UMANA, GENETICA SI ECOLOGIE UMANA": {"medie": 8.543846153846152, "reusita": 96.96969696969697, "cnt": 66}, "GENERAL": {"medie": 7.999663299663301, "reusita": 89.5, "cnt": 200}, "CHIMIE ORGANICA TEO NIVEL I/II": {"medie": 9.975, "reusita": 100.0, "cnt": 2}, "INFORMATICA MI C/C++": {"medie": 8.088888888888889, "reusita": 100.0, "cnt": 9}, "ISTORIE": {"medie": 7.61290322580645, "reusita": 92.5531914893617, "cnt": 94}, "LOGICA, ARGUMENTARE SI COMUNICARE": {"medie": 8.625, "reusita": 100.0, "cnt": 4}, "FIZICA TEO": {"medie": 8.535714285714288, "reusita": 96.42857142857143, "cnt": 28}, "SOCIOLOGIE": {"medie": 8.787499999999998, "reusita": 100.0, "cnt": 16}, "PSIHOLOGIE": {"medie": 8.3625, "reusita": 100.0, "cnt": 4}, "GEOGRAFIE": {"medie": 8.415789473684214, "reusita": 96.55172413793103, "cnt": 58}, "BIOLOGIE VEGETALA SI ANIMALA": {"medie": 7.55, "reusita": 100.0, "cnt": 1}, "FILOSOFIE": {"medie": 7.12, "reusita": 100.0, "cnt": 5}, "ECONOMIE": {"medie": 7.907142857142857, "reusita": 100.0, "cnt": 7}}, "nume": "COLEGIUL NATIONAL \"ALEXANDRU IOAN CUZA\" ALEXANDRIA\tTeleorman"}