{"specializari": {"TEHNICIAN IN TURISM": 17, "TEHNICIAN IN ACTIVITATI ECONOMICE": 18, "TEHNICIAN IN INSTALATII ELECTRICE": 12, "TEHNICIAN ECOLOG SI PROTECTIA CALITATII MEDIULUI": 13, "TEHNICIAN TRANSPORTURI": 1, "TEHNICIAN OPERATOR TEHNICA DE CALCUL": 3, "TEHNICIAN MECANIC PENTRU INTRETINERE SI REPARATII": 6, "TEHNICIAN DESIGNER VESTIMENTAR": 1}, "limba_moderna": {"LIMBA ENGLEZA": 71}, "limba_materna": {"LIMBA ROMANA": 71}, "promotie_anterioara": {"NU": 48, "DA": 23}, "materii": {"LIMBA ROMANA": {"medie": 5.790140845070422, "reusita": 80.28169014084507, "cnt": 71}, "ANATOMIE SI FIZIOLOGIE UMANA, GENETICA SI ECOLOGIE UMANA": {"medie": 6.0874999999999995, "reusita": 83.33333333333334, "cnt": 12}, "GENERAL": {"medie": 6.055970149253733, "reusita": 50.70422535211267, "cnt": 71}, "LOGICA, ARGUMENTARE SI COMUNICARE": {"medie": 6.846153846153846, "reusita": 92.3076923076923, "cnt": 13}, "GEOGRAFIE": {"medie": 6.854545454545454, "reusita": 90.9090909090909, "cnt": 22}, "BIOLOGIE VEGETALA SI ANIMALA": {"medie": 5.515, "reusita": 66.66666666666666, "cnt": 21}, "MATEMATICA TEHN": {"medie": 5.9415492957746485, "reusita": 78.87323943661971, "cnt": 71}, "CHIMIE ORGANICA TEH NIVEL I/II": {"medie": 5.8, "reusita": 100.0, "cnt": 1}, "FIZICA TEH": {"medie": 7.4, "reusita": 100.0, "cnt": 2}}, "nume": "COLEGIUL TEHNIC \"GRIGORE COBALCESCU\" MOINESTI\tBac\u0103u"}