{"specializari": {"FILOLOGIE": 70, "MATEMATICA-INFORMATICA": 105, "STIINTE ALE NATURII": 24}, "limba_moderna": {"LIMBA ENGLEZA": 199}, "limba_materna": {"LIMBA ROMANA": 199}, "promotie_anterioara": {"NU": 196, "DA": 3}, "materii": {"LIMBA ROMANA": {"medie": 7.7898989898989965, "reusita": 97.98994974874373, "cnt": 199}, "MATEMATICA MATE-INFO": {"medie": 8.478095238095234, "reusita": 99.04761904761905, "cnt": 105}, "ANATOMIE SI FIZIOLOGIE UMANA, GENETICA SI ECOLOGIE UMANA": {"medie": 8.431818181818182, "reusita": 100.0, "cnt": 11}, "GENERAL": {"medie": 8.163131313131318, "reusita": 95.47738693467338, "cnt": 199}, "MATEMATICA ST-NAT": {"medie": 7.839583333333334, "reusita": 95.83333333333334, "cnt": 24}, "CHIMIE ORGANICA TEO NIVEL I/II": {"medie": 9.596153846153847, "reusita": 100.0, "cnt": 13}, "INFORMATICA MI C/C++": {"medie": 8.089285714285714, "reusita": 92.85714285714286, "cnt": 14}, "ISTORIE": {"medie": 8.047826086956519, "reusita": 95.71428571428572, "cnt": 70}, "FIZICA TEO": {"medie": 8.737209302325583, "reusita": 97.67441860465115, "cnt": 43}, "SOCIOLOGIE": {"medie": 7.917142857142858, "reusita": 97.14285714285714, "cnt": 35}, "PSIHOLOGIE": {"medie": 9.475, "reusita": 100.0, "cnt": 6}, "GEOGRAFIE": {"medie": 9.139583333333334, "reusita": 96.0, "cnt": 25}, "BIOLOGIE VEGETALA SI ANIMALA": {"medie": 8.021875, "reusita": 95.83333333333334, "cnt": 48}, "ECONOMIE": {"medie": 7.012499999999999, "reusita": 100.0, "cnt": 4}}, "nume": "COLEGIUL NATIONAL \"BARBU STIRBEI\" CALARASI\tC\u0103l\u0103ra\u0219i"}