{"specializari": {"STIINTE ALE NATURII": 23, "FILOLOGIE": 31, "MATEMATICA-INFORMATICA": 25}, "limba_moderna": {"LIMBA ENGLEZA": 79}, "limba_materna": {"LIMBA ROMANA": 79}, "promotie_anterioara": {"NU": 65, "DA": 14}, "materii": {"LIMBA ROMANA": {"medie": 7.342405063291139, "reusita": 100.0, "cnt": 79}, "MATEMATICA MATE-INFO": {"medie": 6.808000000000002, "reusita": 96.0, "cnt": 25}, "ANATOMIE SI FIZIOLOGIE UMANA, GENETICA SI ECOLOGIE UMANA": {"medie": 7.603448275862067, "reusita": 96.55172413793103, "cnt": 29}, "GENERAL": {"medie": 7.397008547008547, "reusita": 91.13924050632912, "cnt": 79}, "MATEMATICA ST-NAT": {"medie": 6.6173913043478265, "reusita": 86.95652173913044, "cnt": 23}, "INFORMATICA MI C/C++": {"medie": 7.575000000000001, "reusita": 100.0, "cnt": 16}, "ISTORIE": {"medie": 7.322580645161289, "reusita": 100.0, "cnt": 31}, "LOGICA, ARGUMENTARE SI COMUNICARE": {"medie": 8.521428571428574, "reusita": 100.0, "cnt": 21}, "FIZICA TEO": {"medie": 9.0, "reusita": 100.0, "cnt": 1}, "GEOGRAFIE": {"medie": 7.765000000000001, "reusita": 100.0, "cnt": 10}, "BIOLOGIE VEGETALA SI ANIMALA": {"medie": 5.0, "reusita": 50.0, "cnt": 2}}, "nume": "COLEGIUL NATIONAL \"MIRCEA ELIADE\" RESITA\tCara\u0219-Severin"}