{"specializari": {"FILOLOGIE": 33, "MATEMATICA-INFORMATICA": 22, "TEHNICIAN ENERGETICIAN": 5, "TEHNICIAN IN HOTELARIE": 13, "TEHNICIAN ELECTROTEHNIST": 4, "TEHNICIAN IN INSTALATII ELECTRICE": 10, "TEHNICIAN MECANIC PENTRU INTRETINERE SI REPARATII": 6, "TEHNICIAN MECATRONIST": 1, "TEHNICIAN ELECTRONIST": 3, "TEHNICIAN ELECTROMECANIC": 3}, "limba_moderna": {"LIMBA ENGLEZA": 99, "LIMBA FRANCEZA": 1}, "limba_materna": {"LIMBA ROMANA": 100}, "promotie_anterioara": {"NU": 65, "DA": 35}, "materii": {"LIMBA ROMANA": {"medie": 5.934848484848483, "reusita": 88.0, "cnt": 100}, "MATEMATICA MATE-INFO": {"medie": 5.181818181818183, "reusita": 63.63636363636363, "cnt": 22}, "ANATOMIE SI FIZIOLOGIE UMANA, GENETICA SI ECOLOGIE UMANA": {"medie": 6.780000000000001, "reusita": 90.0, "cnt": 20}, "GENERAL": {"medie": 5.934201388888891, "reusita": 52.0, "cnt": 100}, "ISTORIE": {"medie": 6.757575757575757, "reusita": 96.96969696969697, "cnt": 33}, "LOGICA, ARGUMENTARE SI COMUNICARE": {"medie": 8.75, "reusita": 100.0, "cnt": 2}, "SOCIOLOGIE": {"medie": 7.526923076923077, "reusita": 85.71428571428571, "cnt": 14}, "GEOGRAFIE": {"medie": 7.089999999999999, "reusita": 96.66666666666667, "cnt": 30}, "BIOLOGIE VEGETALA SI ANIMALA": {"medie": 4.1453125, "reusita": 39.39393939393939, "cnt": 33}, "MATEMATICA TEHN": {"medie": 5.025581395348837, "reusita": 66.66666666666666, "cnt": 45}, "FIZICA TEH": {"medie": "-", "reusita": 0.0, "cnt": 1}}, "nume": "COLEGIUL TEHNIC ENERGETIC\tBucure\u0219ti"}