{"specializari": {"MATEMATICA-INFORMATICA": 30, "STIINTE SOCIALE": 28, "STIINTE ALE NATURII": 30, "FILOLOGIE": 26}, "limba_moderna": {"LIMBA FRANCEZA": 10, "LIMBA ENGLEZA": 104}, "limba_materna": {"LIMBA ROMANA": 114}, "promotie_anterioara": {"NU": 114}, "materii": {"LIMBA ROMANA": {"medie": 8.382894736842102, "reusita": 100.0, "cnt": 114}, "MATEMATICA MATE-INFO": {"medie": 9.15, "reusita": 100.0, "cnt": 30}, "ANATOMIE SI FIZIOLOGIE UMANA, GENETICA SI ECOLOGIE UMANA": {"medie": 9.561666666666667, "reusita": 100.0, "cnt": 30}, "GENERAL": {"medie": 8.857017543859648, "reusita": 100.0, "cnt": 114}, "MATEMATICA ST-NAT": {"medie": 9.278333333333336, "reusita": 100.0, "cnt": 30}, "CHIMIE ANORGANICA TEO NIVEL I/II": {"medie": 9.14375, "reusita": 100.0, "cnt": 8}, "INFORMATICA MI C/C++": {"medie": 9.139999999999997, "reusita": 100.0, "cnt": 15}, "ISTORIE": {"medie": 8.748148148148148, "reusita": 100.0, "cnt": 54}, "LOGICA, ARGUMENTARE SI COMUNICARE": {"medie": 8.845945945945946, "reusita": 100.0, "cnt": 37}, "FIZICA TEO": {"medie": 8.8625, "reusita": 100.0, "cnt": 4}, "SOCIOLOGIE": {"medie": 9.55, "reusita": 100.0, "cnt": 2}, "GEOGRAFIE": {"medie": 9.443333333333332, "reusita": 100.0, "cnt": 15}, "INFORMATICA SN C/C++": {"medie": 9.200000000000001, "reusita": 100.0, "cnt": 3}}, "nume": "COLEGIUL NATIONAL \"GARABET IBRAILEANU\", IASI\tIa\u0219i"}