{"specializari": {"FILOLOGIE": 36, "STIINTE ALE NATURII": 31, "MATEMATICA-INFORMATICA": 76, "STIINTE SOCIALE": 33}, "limba_moderna": {"LIMBA FRANCEZA": 5, "LIMBA ENGLEZA": 171}, "limba_materna": {"LIMBA ROMANA": 176}, "promotie_anterioara": {"NU": 173, "DA": 3}, "materii": {"LIMBA ROMANA": {"medie": 7.24741379310345, "reusita": 96.5909090909091, "cnt": 176}, "MATEMATICA MATE-INFO": {"medie": 7.434210526315788, "reusita": 98.68421052631578, "cnt": 76}, "ANATOMIE SI FIZIOLOGIE UMANA, GENETICA SI ECOLOGIE UMANA": {"medie": 7.561111111111111, "reusita": 90.0, "cnt": 10}, "GENERAL": {"medie": 7.785057471264369, "reusita": 92.61363636363636, "cnt": 176}, "MATEMATICA ST-NAT": {"medie": 8.188333333333333, "reusita": 96.7741935483871, "cnt": 31}, "CHIMIE ORGANICA TEO NIVEL I/II": {"medie": 8.863999999999999, "reusita": 100.0, "cnt": 25}, "INFORMATICA MI C/C++": {"medie": 7.050000000000001, "reusita": 100.0, "cnt": 4}, "ISTORIE": {"medie": 7.9220588235294125, "reusita": 98.55072463768117, "cnt": 69}, "LOGICA, ARGUMENTARE SI COMUNICARE": {"medie": 8.785714285714286, "reusita": 100.0, "cnt": 14}, "FIZICA TEO": {"medie": 8.487931034482761, "reusita": 100.0, "cnt": 29}, "PSIHOLOGIE": {"medie": 8.925, "reusita": 100.0, "cnt": 2}, "GEOGRAFIE": {"medie": 8.954081632653063, "reusita": 98.0, "cnt": 50}, "BIOLOGIE VEGETALA SI ANIMALA": {"medie": 7.3487179487179475, "reusita": 97.43589743589743, "cnt": 39}, "FILOSOFIE": {"medie": 7.733333333333333, "reusita": 100.0, "cnt": 3}}, "nume": "COLEGIUL NATIONAL \"GEORGE COSBUC\" MOTRU\tGorj"}