{"specializari": {"STIINTE SOCIALE": 31, "MATEMATICA-INFORMATICA": 27, "STIINTE ALE NATURII": 57}, "limba_moderna": {"LIMBA ENGLEZA": 115}, "limba_materna": {"LIMBA ROMANA": 115}, "promotie_anterioara": {"NU": 115}, "materii": {"LIMBA ROMANA": {"medie": 8.059130434782606, "reusita": 100.0, "cnt": 115}, "MATEMATICA MATE-INFO": {"medie": 9.6, "reusita": 100.0, "cnt": 27}, "ANATOMIE SI FIZIOLOGIE UMANA, GENETICA SI ECOLOGIE UMANA": {"medie": 9.347656250000004, "reusita": 100.0, "cnt": 64}, "GENERAL": {"medie": 8.840434782608696, "reusita": 100.0, "cnt": 115}, "MATEMATICA ST-NAT": {"medie": 8.946491228070178, "reusita": 100.0, "cnt": 57}, "INFORMATICA MI C/C++": {"medie": 9.48125, "reusita": 100.0, "cnt": 16}, "ISTORIE": {"medie": 9.096774193548388, "reusita": 100.0, "cnt": 31}, "LOGICA, ARGUMENTARE SI COMUNICARE": {"medie": 9.471428571428572, "reusita": 100.0, "cnt": 7}, "FIZICA TEO": {"medie": 9.75, "reusita": 100.0, "cnt": 4}, "SOCIOLOGIE": {"medie": 8.909090909090908, "reusita": 100.0, "cnt": 11}, "GEOGRAFIE": {"medie": 9.134615384615383, "reusita": 100.0, "cnt": 13}}, "nume": "COLEGIUL NATIONAL \"MIHAI VITEAZUL\" TURDA\tCluj"}