{"specializari": {"MATEMATICA-INFORMATICA": 57, "STIINTE SOCIALE": 30, "STIINTE ALE NATURII": 65, "FILOLOGIE": 30}, "limba_moderna": {"LIMBA ENGLEZA": 161, "LIMBA FRANCEZA": 21}, "limba_materna": {"LIMBA ROMANA": 182}, "promotie_anterioara": {"NU": 170, "DA": 12}, "materii": {"LIMBA ROMANA": {"medie": 7.243370165745858, "reusita": 97.8021978021978, "cnt": 182}, "MATEMATICA MATE-INFO": {"medie": 8.431578947368422, "reusita": 98.24561403508771, "cnt": 57}, "ANATOMIE SI FIZIOLOGIE UMANA, GENETICA SI ECOLOGIE UMANA": {"medie": 8.035789473684208, "reusita": 97.9381443298969, "cnt": 97}, "GENERAL": {"medie": 7.644074074074075, "reusita": 85.71428571428571, "cnt": 182}, "MATEMATICA ST-NAT": {"medie": 6.991406250000001, "reusita": 83.07692307692308, "cnt": 65}, "CHIMIE ORGANICA TEO NIVEL I/II": {"medie": 8.75, "reusita": 100.0, "cnt": 1}, "INFORMATICA MI C/C++": {"medie": 9.08, "reusita": 100.0, "cnt": 5}, "ISTORIE": {"medie": 7.076666666666667, "reusita": 91.66666666666666, "cnt": 60}, "LOGICA, ARGUMENTARE SI COMUNICARE": {"medie": 7.883333333333333, "reusita": 100.0, "cnt": 3}, "FIZICA TEO": {"medie": 8.397222222222222, "reusita": 94.44444444444444, "cnt": 18}, "SOCIOLOGIE": {"medie": 6.85, "reusita": 100.0, "cnt": 2}, "PSIHOLOGIE": {"medie": 8.133333333333333, "reusita": 100.0, "cnt": 9}, "GEOGRAFIE": {"medie": 8.404444444444444, "reusita": 97.77777777777777, "cnt": 45}, "INFORMATICA SN C/C++": {"medie": 9.35, "reusita": 100.0, "cnt": 1}, "FILOSOFIE": {"medie": 8.0, "reusita": 100.0, "cnt": 1}}, "nume": "COLEGIUL NATIONAL\"GRIGORE MOISIL\" URZICENI\tIalomi\u021ba"}