{"specializari": {"MATEMATICA-INFORMATICA": 59, "FILOLOGIE": 30, "STIINTE SOCIALE": 28, "STIINTE ALE NATURII": 60}, "limba_moderna": {"LIMBA ENGLEZA": 175, "LIMBA GERMANA MODERNA": 2}, "limba_materna": {"LIMBA ROMANA": 177}, "promotie_anterioara": {"NU": 173, "DA": 4}, "materii": {"LIMBA ROMANA": {"medie": 7.993785310734462, "reusita": 98.87005649717514, "cnt": 177}, "MATEMATICA MATE-INFO": {"medie": 9.158474576271189, "reusita": 98.30508474576271, "cnt": 59}, "ANATOMIE SI FIZIOLOGIE UMANA, GENETICA SI ECOLOGIE UMANA": {"medie": 9.202272727272728, "reusita": 100.0, "cnt": 22}, "GENERAL": {"medie": 8.647269303201501, "reusita": 97.74011299435028, "cnt": 177}, "MATEMATICA ST-NAT": {"medie": 8.626666666666667, "reusita": 98.33333333333333, "cnt": 60}, "CHIMIE ORGANICA TEO NIVEL I/II": {"medie": 9.6, "reusita": 100.0, "cnt": 5}, "CHIMIE ANORGANICA TEO NIVEL I/II": {"medie": 8.95, "reusita": 100.0, "cnt": 1}, "INFORMATICA MI C/C++": {"medie": 9.08, "reusita": 100.0, "cnt": 25}, "ISTORIE": {"medie": 9.280172413793103, "reusita": 100.0, "cnt": 58}, "LOGICA, ARGUMENTARE SI COMUNICARE": {"medie": 8.943023255813953, "reusita": 100.0, "cnt": 43}, "FIZICA TEO": {"medie": 7.9, "reusita": 100.0, "cnt": 2}, "GEOGRAFIE": {"medie": 9.056666666666667, "reusita": 100.0, "cnt": 15}, "BIOLOGIE VEGETALA SI ANIMALA": {"medie": 8.71875, "reusita": 100.0, "cnt": 64}}, "nume": "COLEGIUL NATIONAL \"LUCIAN BLAGA\" SEBES\tAlba"}