{"specializari": {"FILOLOGIE": 31, "MATEMATICA-INFORMATICA": 81, "STIINTE ALE NATURII": 27, "STIINTE SOCIALE": 30}, "limba_moderna": {"LIMBA ENGLEZA": 167, "LIMBA FRANCEZA": 1, "LIMBA RUSA": 1}, "limba_materna": {"LIMBA ROMANA": 169}, "promotie_anterioara": {"NU": 169}, "materii": {"LIMBA ROMANA": {"medie": 8.675595238095243, "reusita": 99.40828402366864, "cnt": 169}, "MATEMATICA MATE-INFO": {"medie": 9.39875, "reusita": 98.76543209876543, "cnt": 81}, "ANATOMIE SI FIZIOLOGIE UMANA, GENETICA SI ECOLOGIE UMANA": {"medie": 9.36875, "reusita": 100.0, "cnt": 8}, "GENERAL": {"medie": 9.096726190476188, "reusita": 99.40828402366864, "cnt": 169}, "MATEMATICA ST-NAT": {"medie": 9.412962962962963, "reusita": 100.0, "cnt": 27}, "CHIMIE ORGANICA TEO NIVEL I/II": {"medie": 9.391379310344828, "reusita": 100.0, "cnt": 29}, "INFORMATICA MI C/C++": {"medie": 9.047058823529412, "reusita": 94.44444444444444, "cnt": 18}, "ISTORIE": {"medie": 9.422131147540986, "reusita": 100.0, "cnt": 61}, "LOGICA, ARGUMENTARE SI COMUNICARE": {"medie": 9.058695652173913, "reusita": 100.0, "cnt": 23}, "FIZICA TEO": {"medie": 9.437500000000002, "reusita": 100.0, "cnt": 44}, "SOCIOLOGIE": {"medie": 8.9525, "reusita": 100.0, "cnt": 20}, "PSIHOLOGIE": {"medie": 9.425, "reusita": 100.0, "cnt": 2}, "GEOGRAFIE": {"medie": 9.3, "reusita": 100.0, "cnt": 15}, "INFORMATICA SN C/C++": {"medie": 10.0, "reusita": 100.0, "cnt": 2}, "BIOLOGIE VEGETALA SI ANIMALA": {"medie": 8.214285714285715, "reusita": 100.0, "cnt": 7}, "ECONOMIE": {"medie": 6.85, "reusita": 100.0, "cnt": 1}}, "nume": "COLEGIUL NATIONAL \"GHEORGHE MUNTEANU MURGOCI\"\tBr\u0103ila"}