{"specializari": {"INVATATOR - EDUCATOARE": 56, "FILOLOGIE": 31, "STIINTE SOCIALE": 31, "MATEMATICA-INFORMATICA": 27}, "limba_moderna": {"LIMBA ENGLEZA": 145}, "limba_materna": {"LIMBA ROMANA": 145}, "promotie_anterioara": {"NU": 145}, "materii": {"LIMBA ROMANA": {"medie": 7.658620689655169, "reusita": 100.0, "cnt": 145}, "MATEMATICA MATE-INFO": {"medie": 7.216666666666669, "reusita": 96.29629629629629, "cnt": 27}, "ANATOMIE SI FIZIOLOGIE UMANA, GENETICA SI ECOLOGIE UMANA": {"medie": 8.421428571428573, "reusita": 100.0, "cnt": 7}, "GENERAL": {"medie": 8.074827586206895, "reusita": 95.17241379310344, "cnt": 145}, "CHIMIE ORGANICA TEO NIVEL I/II": {"medie": 5.55, "reusita": 100.0, "cnt": 1}, "INFORMATICA MI C/C++": {"medie": 7.196875000000001, "reusita": 100.0, "cnt": 16}, "ISTORIE": {"medie": 8.598387096774196, "reusita": 100.0, "cnt": 62}, "LOGICA, ARGUMENTARE SI COMUNICARE": {"medie": 8.538953488372096, "reusita": 97.67441860465115, "cnt": 86}, "MATEMATICA PED": {"medie": 8.4875, "reusita": 100.0, "cnt": 56}, "FIZICA TEO": {"medie": 4.933333333333333, "reusita": 66.66666666666666, "cnt": 3}, "SOCIOLOGIE": {"medie": 10.0, "reusita": 100.0, "cnt": 1}, "PSIHOLOGIE": {"medie": 8.145, "reusita": 95.0, "cnt": 20}, "GEOGRAFIE": {"medie": 8.849999999999998, "reusita": 100.0, "cnt": 10}, "FILOSOFIE": {"medie": 8.6, "reusita": 100.0, "cnt": 1}}, "nume": "COLEGIUL NATIONAL PEDAGOGIC \"CONSTANTIN BRATESCU\" CONSTANTA\tConstan\u021ba"}