{"specializari": {"FILOLOGIE": 128, "STIINTE ALE NATURII": 95, "MATEMATICA-INFORMATICA": 53}, "limba_moderna": {"LIMBA ENGLEZA": 210, "LIMBA FRANCEZA": 26, "LIMBA GERMANA MODERNA": 26, "LIMBA SPANIOLA": 14}, "limba_materna": {"LIMBA ROMANA": 276}, "promotie_anterioara": {"NU": 275, "DA": 1}, "materii": {"LIMBA ROMANA": {"medie": 8.58677536231884, "reusita": 100.0, "cnt": 276}, "MATEMATICA MATE-INFO": {"medie": 9.30566037735849, "reusita": 100.0, "cnt": 53}, "ANATOMIE SI FIZIOLOGIE UMANA, GENETICA SI ECOLOGIE UMANA": {"medie": 9.304017857142858, "reusita": 100.0, "cnt": 112}, "GENERAL": {"medie": 8.958454106280195, "reusita": 98.91304347826086, "cnt": 276}, "MATEMATICA ST-NAT": {"medie": 9.262105263157892, "reusita": 100.0, "cnt": 95}, "CHIMIE ORGANICA TEO NIVEL I/II": {"medie": 10.0, "reusita": 100.0, "cnt": 1}, "INFORMATICA MI C/C++": {"medie": 8.966000000000001, "reusita": 100.0, "cnt": 25}, "ISTORIE": {"medie": 8.979296875000001, "reusita": 100.0, "cnt": 128}, "LOGICA, ARGUMENTARE SI COMUNICARE": {"medie": 9.099130434782607, "reusita": 98.26086956521739, "cnt": 115}, "FIZICA TEO": {"medie": 8.42142857142857, "reusita": 100.0, "cnt": 7}, "SOCIOLOGIE": {"medie": 9.15, "reusita": 100.0, "cnt": 1}, "PSIHOLOGIE": {"medie": 6.5, "reusita": 100.0, "cnt": 1}, "GEOGRAFIE": {"medie": 9.033333333333333, "reusita": 100.0, "cnt": 9}, "INFORMATICA SN C/C++": {"medie": 9.833333333333334, "reusita": 100.0, "cnt": 3}, "ECONOMIE": {"medie": 8.6, "reusita": 100.0, "cnt": 2}}, "nume": "COLEGIUL NATIONAL \"ELENA CUZA\" CRAIOVA\tDolj"}