{"specializari": {"MATEMATICA-INFORMATICA": 146, "FILOLOGIE": 89, "STIINTE ALE NATURII": 55}, "limba_moderna": {"LIMBA ENGLEZA": 261, "LIMBA FRANCEZA": 29}, "limba_materna": {"LIMBA ROMANA": 290}, "promotie_anterioara": {"NU": 287, "DA": 3}, "materii": {"LIMBA ROMANA": {"medie": 8.433103448275867, "reusita": 100.0, "cnt": 290}, "MATEMATICA MATE-INFO": {"medie": 8.983219178082194, "reusita": 100.0, "cnt": 146}, "ANATOMIE SI FIZIOLOGIE UMANA, GENETICA SI ECOLOGIE UMANA": {"medie": 7.89, "reusita": 100.0, "cnt": 25}, "GENERAL": {"medie": 8.751494252873561, "reusita": 98.9655172413793, "cnt": 290}, "MATEMATICA ST-NAT": {"medie": 8.751818181818182, "reusita": 98.18181818181819, "cnt": 55}, "CHIMIE ORGANICA TEO NIVEL I/II": {"medie": 9.446000000000002, "reusita": 100.0, "cnt": 50}, "CHIMIE ANORGANICA TEO NIVEL I/II": {"medie": 9.8, "reusita": 100.0, "cnt": 1}, "INFORMATICA MI C/C++": {"medie": 9.059259259259258, "reusita": 100.0, "cnt": 54}, "ISTORIE": {"medie": 8.860112359550563, "reusita": 100.0, "cnt": 89}, "LOGICA, ARGUMENTARE SI COMUNICARE": {"medie": 8.995945945945945, "reusita": 100.0, "cnt": 74}, "FIZICA TEO": {"medie": 8.772826086956519, "reusita": 97.82608695652173, "cnt": 46}, "PSIHOLOGIE": {"medie": 9.725, "reusita": 100.0, "cnt": 4}, "GEOGRAFIE": {"medie": 8.688888888888888, "reusita": 100.0, "cnt": 9}, "INFORMATICA SN C/C++": {"medie": 9.75, "reusita": 100.0, "cnt": 1}, "BIOLOGIE VEGETALA SI ANIMALA": {"medie": 8.572916666666666, "reusita": 100.0, "cnt": 24}, "ECONOMIE": {"medie": 8.175, "reusita": 100.0, "cnt": 2}}, "nume": "COLEGIUL NATIONAL \"ION LUCA CARAGIALE\", MUNICIPIUL PLOIESTI\tPrahova"}