{"specializari": {"STIINTE ALE NATURII": 35, "MATEMATICA-INFORMATICA": 243}, "limba_moderna": {"LIMBA GERMANA MODERNA": 4, "LIMBA ENGLEZA": 266, "LIMBA FRANCEZA": 8}, "limba_materna": {"LIMBA ROMANA": 278}, "promotie_anterioara": {"NU": 276, "DA": 2}, "materii": {"LIMBA ROMANA": {"medie": 8.888628158844766, "reusita": 99.64028776978418, "cnt": 278}, "MATEMATICA MATE-INFO": {"medie": 9.290909090909091, "reusita": 99.58847736625515, "cnt": 243}, "ANATOMIE SI FIZIOLOGIE UMANA, GENETICA SI ECOLOGIE UMANA": {"medie": 8.892857142857142, "reusita": 100.0, "cnt": 28}, "GENERAL": {"medie": 9.177135980746089, "reusita": 99.28057553956835, "cnt": 278}, "MATEMATICA ST-NAT": {"medie": 9.540000000000006, "reusita": 100.0, "cnt": 35}, "CHIMIE ORGANICA TEO NIVEL I/II": {"medie": 9.45402298850575, "reusita": 98.86363636363636, "cnt": 88}, "CHIMIE ANORGANICA TEO NIVEL I/II": {"medie": 9.85, "reusita": 100.0, "cnt": 2}, "INFORMATICA MI C/C++": {"medie": 9.34166666666667, "reusita": 100.0, "cnt": 66}, "FIZICA TEO": {"medie": 9.295054945054945, "reusita": 100.0, "cnt": 91}, "INFORMATICA SN C/C++": {"medie": 9.35, "reusita": 100.0, "cnt": 1}, "BIOLOGIE VEGETALA SI ANIMALA": {"medie": 9.4, "reusita": 100.0, "cnt": 2}}, "nume": "COLEGIUL NATIONAL \"MIHAI VITEAZUL\"\tBucure\u0219ti"}