{"specializari": {"FILOLOGIE": 29, "MATEMATICA-INFORMATICA": 25}, "limba_moderna": {"LIMBA ENGLEZA": 54}, "limba_materna": {"LIMBA GERMANA": 54}, "promotie_anterioara": {"NU": 54}, "materii": {"LIMBA ROMANA": {"medie": 7.901851851851853, "reusita": 98.14814814814815, "cnt": 54}, "MATEMATICA MATE-INFO": {"medie": 7.6, "reusita": 100.0, "cnt": 25}, "ANATOMIE SI FIZIOLOGIE UMANA, GENETICA SI ECOLOGIE UMANA": {"medie": 8.066666666666666, "reusita": 100.0, "cnt": 9}, "GENERAL": {"medie": 7.858796296296293, "reusita": 96.29629629629629, "cnt": 54}, "CHIMIE ORGANICA TEO NIVEL I/II": {"medie": 9.2, "reusita": 100.0, "cnt": 2}, "INFORMATICA MI C/C++": {"medie": 7.3500000000000005, "reusita": 100.0, "cnt": 6}, "ISTORIE": {"medie": 7.798275862068965, "reusita": 96.55172413793103, "cnt": 29}, "LOGICA, ARGUMENTARE SI COMUNICARE": {"medie": 7.9021739130434785, "reusita": 95.65217391304348, "cnt": 23}, "FIZICA TEO": {"medie": 7.75, "reusita": 100.0, "cnt": 8}, "SOCIOLOGIE": {"medie": 9.25, "reusita": 100.0, "cnt": 2}, "PSIHOLOGIE": {"medie": 7.55, "reusita": 100.0, "cnt": 1}, "GEOGRAFIE": {"medie": 8.9, "reusita": 100.0, "cnt": 1}, "LIMBA GERMANA": {"medie": 7.8833333333333355, "reusita": 100.0, "cnt": 54}, "ECONOMIE": {"medie": 7.575, "reusita": 100.0, "cnt": 2}}, "nume": "COLEGIUL GERMAN \"GOETHE\"\tBucure\u0219ti"}