{"specializari": {"TEOLOGIE REFORMATA": 32, "STIINTE ALE NATURII": 16, "MATEMATICA-INFORMATICA": 12}, "limba_moderna": {"LIMBA ENGLEZA": 60}, "limba_materna": {"LIMBA MAGHIARA": 60}, "promotie_anterioara": {"NU": 57, "DA": 3}, "materii": {"LIMBA ROMANA": {"medie": 5.609322033898305, "reusita": 78.33333333333333, "cnt": 60}, "MATEMATICA MATE-INFO": {"medie": 7.683333333333334, "reusita": 100.0, "cnt": 12}, "ANATOMIE SI FIZIOLOGIE UMANA, GENETICA SI ECOLOGIE UMANA": {"medie": 7.893478260869566, "reusita": 100.0, "cnt": 23}, "GENERAL": {"medie": 7.423093220338983, "reusita": 76.66666666666667, "cnt": 60}, "MATEMATICA ST-NAT": {"medie": 8.03125, "reusita": 100.0, "cnt": 16}, "INFORMATICA MI C/C++": {"medie": 8.6, "reusita": 100.0, "cnt": 5}, "ISTORIE": {"medie": 7.901562499999999, "reusita": 100.0, "cnt": 32}, "GEOGRAFIE": {"medie": 8.103125, "reusita": 100.0, "cnt": 32}, "LIMBA MAGHIARA (REAL)": {"medie": 8.036666666666667, "reusita": 100.0, "cnt": 60}}, "nume": "COLEGIUL REFORMAT \"BACZKAMADARASI KIS GERGELY\" ODORHEIU SECUIESC\tHarghita"}