{"specializari": {"TEHNICIAN ECOLOG SI PROTECTIA CALITATII MEDIULUI": 22, "TEHNICIAN DESENATOR PENTRU CONSTRUCTII SI INSTALATII": 20, "TEHNICIAN IN CONSTRUCTII SI LUCRARI PUBLICE": 7, "TEHNICIAN ELECTROTEHNIST": 1, "TEHNICIAN DESIGNER MOBILA SI AMENAJARI INTERIOARE": 1}, "limba_moderna": {"LIMBA ENGLEZA": 50, "LIMBA FRANCEZA": 1}, "limba_materna": {"LIMBA ROMANA": 51}, "promotie_anterioara": {"NU": 38, "DA": 13}, "materii": {"LIMBA ROMANA": {"medie": 5.5, "reusita": 88.23529411764706, "cnt": 51}, "ANATOMIE SI FIZIOLOGIE UMANA, GENETICA SI ECOLOGIE UMANA": {"medie": 5.775, "reusita": 75.0, "cnt": 4}, "GENERAL": {"medie": 5.785374149659866, "reusita": 52.94117647058824, "cnt": 51}, "BIOLOGIE VEGETALA SI ANIMALA": {"medie": 6.117857142857143, "reusita": 74.4186046511628, "cnt": 43}, "MATEMATICA TEHN": {"medie": 6.010999999999999, "reusita": 78.43137254901961, "cnt": 51}, "FIZICA TEH": {"medie": 3.0125, "reusita": 0.0, "cnt": 4}}, "nume": "COLEGIUL TEHNIC \"ANGHEL SALIGNY\" CLUJ-NAPOCA\tCluj"}