{"specializari": {"TEHNICIAN IN ACTIVITATI ECONOMICE": 49, "ORGANIZATOR BANQUETING": 29, "TEHNICIAN IN TURISM": 29, "TEHNICIAN IN ACTIVITATI DE COMERT": 21, "TEHNICIAN IN ACHIZITII SI CONTRACTARI": 1}, "limba_moderna": {"LIMBA ENGLEZA": 128, "LIMBA FRANCEZA": 1}, "limba_materna": {"LIMBA ROMANA": 129}, "promotie_anterioara": {"NU": 127, "DA": 2}, "materii": {"LIMBA ROMANA": {"medie": 7.0191406249999995, "reusita": 97.67441860465115, "cnt": 129}, "GENERAL": {"medie": 7.865755208333334, "reusita": 93.02325581395348, "cnt": 129}, "LOGICA, ARGUMENTARE SI COMUNICARE": {"medie": 8.44276315789474, "reusita": 97.36842105263158, "cnt": 76}, "PSIHOLOGIE": {"medie": 9.7, "reusita": 100.0, "cnt": 1}, "GEOGRAFIE": {"medie": 8.051960784313723, "reusita": 98.07692307692307, "cnt": 52}, "MATEMATICA TEHN": {"medie": 8.28125, "reusita": 97.67441860465115, "cnt": 129}}, "nume": "COLEGIUL ECONOMIC \"DIONISIE POP MARTIAN\" ALBA IULIA\tAlba"}