{"specializari": {"TEHNICIAN IN ACTIVITATI ECONOMICE": 54, "TEHNICIAN IN GASTRONOMIE": 20, "TEHNICIAN IN TURISM": 28, "TEHNICIAN IN ACTIVITATI DE COMERT": 19, "TEHNICIAN IN ADMINISTRATIE": 4}, "limba_moderna": {"LIMBA ENGLEZA": 111, "LIMBA FRANCEZA": 14}, "limba_materna": {"LIMBA ROMANA": 125}, "promotie_anterioara": {"NU": 101, "DA": 24}, "materii": {"LIMBA ROMANA": {"medie": 6.352439024390242, "reusita": 91.2, "cnt": 125}, "GENERAL": {"medie": 7.17583333333334, "reusita": 80.0, "cnt": 125}, "LOGICA, ARGUMENTARE SI COMUNICARE": {"medie": 8.549999999999999, "reusita": 97.05882352941177, "cnt": 34}, "GEOGRAFIE": {"medie": 7.501176470588232, "reusita": 91.95402298850574, "cnt": 87}, "MATEMATICA TEHN": {"medie": 7.366129032258063, "reusita": 95.19999999999999, "cnt": 125}, "ECONOMIE": {"medie": 6.625, "reusita": 100.0, "cnt": 4}}, "nume": "COLEGIUL ECONOMIC \"DELTA DUNARII\" TULCEA\tTulcea"}