{"specializari": {"TEHNICIAN IN ACTIVITATI DE COMERT": 41, "TEHNICIAN IN GASTRONOMIE": 15, "TEHNICIAN ECOLOG SI PROTECTIA CALITATII MEDIULUI": 24, "TEHNICIAN OPERATOR TEHNICA DE CALCUL": 28, "TEHNICIAN DESIGNER VESTIMENTAR": 19, "TEHNICIAN PROIECTANT CAD": 1, "TEHNICIAN IN INDUSTRIA TEXTILA": 4}, "limba_moderna": {"LIMBA ENGLEZA": 127, "LIMBA FRANCEZA": 5}, "limba_materna": {"LIMBA ROMANA": 132}, "promotie_anterioara": {"NU": 104, "DA": 28}, "materii": {"LIMBA ROMANA": {"medie": 5.8625, "reusita": 90.15151515151516, "cnt": 132}, "ANATOMIE SI FIZIOLOGIE UMANA, GENETICA SI ECOLOGIE UMANA": {"medie": 8.710869565217392, "reusita": 100.0, "cnt": 23}, "GENERAL": {"medie": 6.332152230971129, "reusita": 64.39393939393939, "cnt": 132}, "LOGICA, ARGUMENTARE SI COMUNICARE": {"medie": 7.171428571428573, "reusita": 92.85714285714286, "cnt": 28}, "PSIHOLOGIE": {"medie": 8.200000000000001, "reusita": 100.0, "cnt": 4}, "GEOGRAFIE": {"medie": 6.93695652173913, "reusita": 95.65217391304348, "cnt": 23}, "BIOLOGIE VEGETALA SI ANIMALA": {"medie": 5.604000000000001, "reusita": 66.66666666666666, "cnt": 51}, "MATEMATICA TEHN": {"medie": 6.155859374999997, "reusita": 81.81818181818183, "cnt": 132}, "ECONOMIE": {"medie": 6.7, "reusita": 100.0, "cnt": 1}, "FIZICA TEH": {"medie": 6.550000000000001, "reusita": 100.0, "cnt": 2}}, "nume": "COLEGIUL TEHNIC \"ARMAND CALINESCU\" PITESTI\tArge\u0219"}