{"specializari": {"MUZICA": 69}, "limba_moderna": {"LIMBA ENGLEZA": 68, "LIMBA FRANCEZA": 1}, "limba_materna": {"LIMBA ROMANA": 69}, "promotie_anterioara": {"NU": 62, "DA": 7}, "materii": {"LIMBA ROMANA": {"medie": 7.050746268656717, "reusita": 94.20289855072464, "cnt": 69}, "GENERAL": {"medie": 7.719154228855719, "reusita": 82.6086956521739, "cnt": 69}, "ISTORIE": {"medie": 7.673134328358209, "reusita": 94.20289855072464, "cnt": 69}, "LOGICA, ARGUMENTARE SI COMUNICARE": {"medie": 8.292592592592591, "reusita": 89.65517241379311, "cnt": 29}, "GEOGRAFIE": {"medie": 8.52875, "reusita": 100.0, "cnt": 40}}, "nume": "COLEGIUL NATIONAL DE MUZICA \"GEORGE ENESCU\"\tBucure\u0219ti"}