{"specializari": {"FILOLOGIE": 78, "MATEMATICA-INFORMATICA": 55, "STIINTE ALE NATURII": 32}, "limba_moderna": {"LIMBA ENGLEZA": 120, "LIMBA FRANCEZA": 33, "LIMBA GERMANA MODERNA": 11, "LIMBA RUSA": 1}, "limba_materna": {"LIMBA ROMANA": 165}, "promotie_anterioara": {"NU": 164, "DA": 1}, "materii": {"LIMBA ROMANA": {"medie": 8.856060606060609, "reusita": 100.0, "cnt": 165}, "MATEMATICA MATE-INFO": {"medie": 8.888181818181815, "reusita": 100.0, "cnt": 55}, "ANATOMIE SI FIZIOLOGIE UMANA, GENETICA SI ECOLOGIE UMANA": {"medie": 9.256603773584906, "reusita": 100.0, "cnt": 53}, "GENERAL": {"medie": 9.057474747474748, "reusita": 100.0, "cnt": 165}, "MATEMATICA ST-NAT": {"medie": 9.43125, "reusita": 100.0, "cnt": 32}, "CHIMIE ORGANICA TEO NIVEL I/II": {"medie": 9.774999999999999, "reusita": 100.0, "cnt": 2}, "CHIMIE ANORGANICA TEO NIVEL I/II": {"medie": 9.483333333333333, "reusita": 100.0, "cnt": 3}, "INFORMATICA MI C/C++": {"medie": 9.158823529411764, "reusita": 100.0, "cnt": 17}, "ISTORIE": {"medie": 9.063461538461539, "reusita": 100.0, "cnt": 78}, "LOGICA, ARGUMENTARE SI COMUNICARE": {"medie": 8.595454545454546, "reusita": 100.0, "cnt": 11}, "FIZICA TEO": {"medie": 8.81875, "reusita": 100.0, "cnt": 8}, "SOCIOLOGIE": {"medie": 9.15, "reusita": 100.0, "cnt": 1}, "PSIHOLOGIE": {"medie": 8.1, "reusita": 100.0, "cnt": 3}, "GEOGRAFIE": {"medie": 9.439682539682538, "reusita": 100.0, "cnt": 63}, "INFORMATICA SN C/C++": {"medie": 9.283333333333333, "reusita": 100.0, "cnt": 3}, "BIOLOGIE VEGETALA SI ANIMALA": {"medie": 9.2, "reusita": 100.0, "cnt": 1}}, "nume": "COLEGIUL NATIONAL \"MIHAI EMINESCU\", IASI\tIa\u0219i"}