{"specializari": {"MATEMATICA-INFORMATICA": 153, "FILOLOGIE": 64, "STIINTE ALE NATURII": 65, "STIINTE SOCIALE": 63}, "limba_moderna": {"LIMBA ENGLEZA": 340, "LIMBA FRANCEZA": 5}, "limba_materna": {"LIMBA ROMANA": 345}, "promotie_anterioara": {"NU": 345}, "materii": {"LIMBA ROMANA": {"medie": 8.665988372093018, "reusita": 99.71014492753623, "cnt": 345}, "MATEMATICA MATE-INFO": {"medie": 9.39411764705882, "reusita": 100.0, "cnt": 153}, "ANATOMIE SI FIZIOLOGIE UMANA, GENETICA SI ECOLOGIE UMANA": {"medie": 9.281372549019608, "reusita": 100.0, "cnt": 51}, "GENERAL": {"medie": 9.07790697674419, "reusita": 99.71014492753623, "cnt": 345}, "MATEMATICA ST-NAT": {"medie": 9.306923076923077, "reusita": 100.0, "cnt": 65}, "CHIMIE ORGANICA TEO NIVEL I/II": {"medie": 9.531249999999996, "reusita": 100.0, "cnt": 32}, "CHIMIE ANORGANICA TEO NIVEL I/II": {"medie": 8.8, "reusita": 100.0, "cnt": 1}, "INFORMATICA MI C/C++": {"medie": 9.303225806451612, "reusita": 100.0, "cnt": 62}, "ISTORIE": {"medie": 8.953571428571426, "reusita": 99.21259842519686, "cnt": 127}, "LOGICA, ARGUMENTARE SI COMUNICARE": {"medie": 9.341176470588238, "reusita": 99.02912621359224, "cnt": 103}, "FIZICA TEO": {"medie": 9.56171875, "reusita": 100.0, "cnt": 64}, "SOCIOLOGIE": {"medie": 8.333333333333334, "reusita": 100.0, "cnt": 3}, "PSIHOLOGIE": {"medie": 8.67142857142857, "reusita": 100.0, "cnt": 7}, "GEOGRAFIE": {"medie": 9.577777777777778, "reusita": 100.0, "cnt": 9}, "INFORMATICA SN C/C++": {"medie": 8.8625, "reusita": 100.0, "cnt": 4}, "BIOLOGIE VEGETALA SI ANIMALA": {"medie": 9.0875, "reusita": 100.0, "cnt": 4}, "ECONOMIE": {"medie": 8.9, "reusita": 100.0, "cnt": 5}}, "nume": "COLEGIUL NATIONAL \"ION C. BRATIANU\" PITESTI\tArge\u0219"}