{"specializari": {"STIINTE ALE NATURII": 56, "STIINTE SOCIALE": 32, "FILOLOGIE": 33, "LICEU CU PROGRAM SPORTIV": 29, "MATEMATICA-INFORMATICA": 31}, "limba_moderna": {"LIMBA ENGLEZA": 178, "LIMBA FRANCEZA": 3}, "limba_materna": {"LIMBA ROMANA": 181}, "promotie_anterioara": {"NU": 176, "DA": 5}, "materii": {"LIMBA ROMANA": {"medie": 7.5318435754189945, "reusita": 97.23756906077348, "cnt": 181}, "MATEMATICA MATE-INFO": {"medie": 8.261666666666665, "reusita": 96.7741935483871, "cnt": 31}, "ANATOMIE SI FIZIOLOGIE UMANA, GENETICA SI ECOLOGIE UMANA": {"medie": 7.960769230769228, "reusita": 96.96969696969697, "cnt": 66}, "GENERAL": {"medie": 7.919194756554317, "reusita": 91.16022099447514, "cnt": 181}, "MATEMATICA ST-NAT": {"medie": 8.282727272727271, "reusita": 96.42857142857143, "cnt": 56}, "INFORMATICA MI C/C++": {"medie": 6.971428571428571, "reusita": 100.0, "cnt": 7}, "ISTORIE": {"medie": 7.979032258064512, "reusita": 96.80851063829788, "cnt": 94}, "LOGICA, ARGUMENTARE SI COMUNICARE": {"medie": 8.284426229508194, "reusita": 96.7741935483871, "cnt": 62}, "FIZICA TEO": {"medie": 7.144444444444444, "reusita": 88.88888888888889, "cnt": 9}, "SOCIOLOGIE": {"medie": 9.4, "reusita": 100.0, "cnt": 1}, "PSIHOLOGIE": {"medie": 9.55, "reusita": 100.0, "cnt": 1}, "GEOGRAFIE": {"medie": 8.33965517241379, "reusita": 93.10344827586206, "cnt": 29}, "INFORMATICA SN C/C++": {"medie": 9.116666666666667, "reusita": 100.0, "cnt": 3}, "BIOLOGIE VEGETALA SI ANIMALA": {"medie": 9.15, "reusita": 100.0, "cnt": 2}, "ECONOMIE": {"medie": 5.7, "reusita": 100.0, "cnt": 1}}, "nume": "COLEGIUL NATIONAL \"NICOLAE TITULESCU\" CRAIOVA\tDolj"}