{"specializari": {"TEHNICIAN IN ACTIVITATI ECONOMICE": 82, "TEHNICIAN ECOLOG SI PROTECTIA CALITATII MEDIULUI": 43, "TEHNICIAN ANALIZE PRODUSE ALIMENTARE": 31, "TEHNICIAN HORTICULTOR": 19, "TEHNICIAN VETERINAR": 21, "TEHNICIAN IN AGRICULTURA": 2, "TEHNICIAN AGRONOM": 10, "TEHNICIAN VETERINAR PENTRU ANIMALE DE COMPANIE": 1}, "limba_moderna": {"LIMBA ENGLEZA": 206, "LIMBA FRANCEZA": 3}, "limba_materna": {"LIMBA ROMANA": 209}, "promotie_anterioara": {"NU": 166, "DA": 43}, "materii": {"LIMBA ROMANA": {"medie": 6.341826923076924, "reusita": 93.30143540669856, "cnt": 209}, "ANATOMIE SI FIZIOLOGIE UMANA, GENETICA SI ECOLOGIE UMANA": {"medie": 6.707964601769914, "reusita": 89.47368421052632, "cnt": 114}, "GENERAL": {"medie": 6.907296849087896, "reusita": 75.5980861244019, "cnt": 209}, "LOGICA, ARGUMENTARE SI COMUNICARE": {"medie": 7.55, "reusita": 100.0, "cnt": 3}, "GEOGRAFIE": {"medie": 8.53157894736842, "reusita": 97.43589743589743, "cnt": 78}, "MATEMATICA TEHN": {"medie": 6.892118226600983, "reusita": 88.99521531100478, "cnt": 209}, "ECONOMIE": {"medie": 5.5, "reusita": 100.0, "cnt": 1}, "CHIMIE ORGANICA TEH NIVEL I/II": {"medie": 6.307692307692307, "reusita": 84.61538461538461, "cnt": 13}}, "nume": "COLEGIUL NATIONAL DE AGRICULTURA SI ECONOMIE, LOCALITATEA TECUCI\tGala\u021bi"}