{"specializari": {"MATEMATICA-INFORMATICA": 55, "TEHNICIAN IN ACTIVITATI ECONOMICE": 81, "TEHNICIAN IN AUTOMATIZARI": 32, "TEHNICIAN IN INSTALATII ELECTRICE": 23, "TEHNICIAN ELECTROMECANIC": 29, "TEHNICIAN PRELUCRARI PE MASINI CU COMANDA NUMERICA": 22, "TEHNICIAN DE TELECOMUNICATII": 1, "TEHNICIAN TRANSPORTURI": 1, "TEHNICIAN MECATRONIST": 1}, "limba_moderna": {"LIMBA ENGLEZA": 242, "LIMBA GERMANA MODERNA": 1, "LIMBA FRANCEZA": 2}, "limba_materna": {"LIMBA ROMANA": 245}, "promotie_anterioara": {"NU": 220, "DA": 25}, "materii": {"LIMBA ROMANA": {"medie": 6.631404958677685, "reusita": 88.9795918367347, "cnt": 245}, "MATEMATICA MATE-INFO": {"medie": 7.583636363636363, "reusita": 94.54545454545455, "cnt": 55}, "ANATOMIE SI FIZIOLOGIE UMANA, GENETICA SI ECOLOGIE UMANA": {"medie": 8.556451612903228, "reusita": 100.0, "cnt": 31}, "GENERAL": {"medie": 6.697629009762897, "reusita": 64.48979591836735, "cnt": 245}, "CHIMIE ANORGANICA TEO NIVEL I/II": {"medie": 7.339999999999999, "reusita": 100.0, "cnt": 5}, "INFORMATICA MI C/C++": {"medie": 7.561111111111111, "reusita": 100.0, "cnt": 18}, "LOGICA, ARGUMENTARE SI COMUNICARE": {"medie": 8.61, "reusita": 100.0, "cnt": 5}, "FIZICA TEO": {"medie": 9.0, "reusita": 100.0, "cnt": 1}, "PSIHOLOGIE": {"medie": 8.2, "reusita": 100.0, "cnt": 1}, "GEOGRAFIE": {"medie": 7.970666666666666, "reusita": 98.66666666666667, "cnt": 75}, "BIOLOGIE VEGETALA SI ANIMALA": {"medie": 4.542168674698795, "reusita": 41.66666666666667, "cnt": 84}, "MATEMATICA TEHN": {"medie": 6.332010582010579, "reusita": 77.36842105263158, "cnt": 190}, "FIZICA TEH": {"medie": 6.484782608695652, "reusita": 82.6086956521739, "cnt": 23}, "CHIMIE ANORGANICA TEH NIVEL I/II": {"medie": 6.3, "reusita": 50.0, "cnt": 2}}, "nume": "COLEGIUL TEHNIC \"ALESANDRU PAPIU ILARIAN\" ZALAU\tS\u0103laj"}