{"specializari": {"MATEMATICA-INFORMATICA": 50, "STIINTE ALE NATURII": 49, "FILOLOGIE": 33}, "limba_moderna": {"LIMBA ENGLEZA": 132}, "limba_materna": {"LIMBA ROMANA": 114, "LIMBA MAGHIARA": 18}, "promotie_anterioara": {"NU": 131, "DA": 1}, "materii": {"LIMBA ROMANA": {"medie": 8.087878787878793, "reusita": 94.6969696969697, "cnt": 132}, "MATEMATICA MATE-INFO": {"medie": 8.329, "reusita": 100.0, "cnt": 50}, "ANATOMIE SI FIZIOLOGIE UMANA, GENETICA SI ECOLOGIE UMANA": {"medie": 8.957954545454546, "reusita": 100.0, "cnt": 44}, "GENERAL": {"medie": 8.414825581395348, "reusita": 90.9090909090909, "cnt": 132}, "MATEMATICA ST-NAT": {"medie": 7.841304347826085, "reusita": 83.6734693877551, "cnt": 49}, "CHIMIE ORGANICA TEO NIVEL I/II": {"medie": 9.023333333333335, "reusita": 100.0, "cnt": 15}, "CHIMIE ANORGANICA TEO NIVEL I/II": {"medie": 8.15, "reusita": 100.0, "cnt": 1}, "INFORMATICA MI C/C++": {"medie": 8.840909090909092, "reusita": 100.0, "cnt": 11}, "ISTORIE": {"medie": 8.389393939393939, "reusita": 100.0, "cnt": 33}, "LOGICA, ARGUMENTARE SI COMUNICARE": {"medie": 8.0875, "reusita": 100.0, "cnt": 12}, "FIZICA TEO": {"medie": 9.296875, "reusita": 100.0, "cnt": 16}, "PSIHOLOGIE": {"medie": 7.6, "reusita": 100.0, "cnt": 1}, "GEOGRAFIE": {"medie": 8.915000000000001, "reusita": 100.0, "cnt": 20}, "INFORMATICA SN C/C++": {"medie": 9.65, "reusita": 100.0, "cnt": 1}, "BIOLOGIE VEGETALA SI ANIMALA": {"medie": 7.377272727272728, "reusita": 100.0, "cnt": 11}, "LIMBA MAGHIARA (REAL)": {"medie": 7.077777777777779, "reusita": 100.0, "cnt": 18}}, "nume": "COLEGIUL NATIONAL \"ANDREI MURESANU\" DEJ\tCluj"}