{"specializari": {"TEHNICIAN IN ACTIVITATI ECONOMICE": 191, "TEHNICIAN IN ACHIZITII SI CONTRACTARI": 26, "TEHNICIAN IN ADMINISTRATIE": 28}, "limba_moderna": {"LIMBA RUSA": 2, "LIMBA ENGLEZA": 238, "LIMBA FRANCEZA": 5}, "limba_materna": {"LIMBA ROMANA": 245}, "promotie_anterioara": {"NU": 241, "DA": 4}, "materii": {"LIMBA ROMANA": {"medie": 7.165573770491803, "reusita": 98.77551020408163, "cnt": 245}, "GENERAL": {"medie": 8.046900826446278, "reusita": 95.51020408163265, "cnt": 245}, "LOGICA, ARGUMENTARE SI COMUNICARE": {"medie": 8.564150943396227, "reusita": 98.11320754716981, "cnt": 53}, "PSIHOLOGIE": {"medie": 7.428571428571429, "reusita": 100.0, "cnt": 7}, "GEOGRAFIE": {"medie": 8.45054347826087, "reusita": 98.91891891891892, "cnt": 185}, "MATEMATICA TEHN": {"medie": 8.503086419753089, "reusita": 98.36734693877551, "cnt": 245}}, "nume": "COLEGIUL ECONOMIC ADMINISTRATIV, IASI\tIa\u0219i"}