{"specializari": {"TEHNICIAN IN ACHIZITII SI CONTRACTARI": 23, "TEHNICIAN AGROMONTAN": 26, "TEHNICIAN VETERINAR": 34, "TEHNICIAN ECOLOG SI PROTECTIA CALITATII MEDIULUI": 27, "TEHNICIAN IN AGROTURISM": 30, "TEHNICIAN MECANIC PENTRU INTRETINERE SI REPARATII": 1, "TEHNICIAN TRANSPORTURI": 1}, "limba_moderna": {"LIMBA ENGLEZA": 140, "LIMBA GERMANA MODERNA": 1, "LIMBA FRANCEZA": 1}, "limba_materna": {"LIMBA ROMANA": 142}, "promotie_anterioara": {"NU": 111, "DA": 31}, "materii": {"LIMBA ROMANA": {"medie": 5.983812949640288, "reusita": 88.73239436619718, "cnt": 142}, "ANATOMIE SI FIZIOLOGIE UMANA, GENETICA SI ECOLOGIE UMANA": {"medie": 7.184939759036145, "reusita": 94.11764705882352, "cnt": 85}, "GENERAL": {"medie": 6.502130325814539, "reusita": 59.859154929577464, "cnt": 142}, "LOGICA, ARGUMENTARE SI COMUNICARE": {"medie": 7.9071428571428575, "reusita": 85.71428571428571, "cnt": 7}, "GEOGRAFIE": {"medie": 7.720833333333332, "reusita": 78.57142857142857, "cnt": 14}, "BIOLOGIE VEGETALA SI ANIMALA": {"medie": 5.822058823529411, "reusita": 82.35294117647058, "cnt": 34}, "MATEMATICA TEHN": {"medie": 6.433582089552238, "reusita": 83.80281690140845, "cnt": 142}, "ECONOMIE": {"medie": 6.775, "reusita": 100.0, "cnt": 2}}, "nume": "COLEGIUL AGRICOL \"DANIIL POPOVICI BARCIANU\" SIBIU\tSibiu"}