{"specializari": {"TEHNICIAN IN GASTRONOMIE": 20, "STIINTE SOCIALE": 31, "TEHNICIAN ELECTROMECANIC": 7, "TEHNICIAN IN INDUSTRIA ALIMENTARA": 16, "TEHNICIAN VETERINAR": 15, "TEHNICIAN ANALIZE PRODUSE ALIMENTARE": 15, "TEHNICIAN MECATRONIST": 5, "TEHNICIAN TRANSPORTURI": 7, "TEHNICIAN AGROMONTAN": 3, "TEHNICIAN ECOLOG SI PROTECTIA CALITATII MEDIULUI": 2, "TEHNICIAN IN AUTOMATIZARI": 1}, "limba_moderna": {"LIMBA ENGLEZA": 99, "LIMBA FRANCEZA": 23}, "limba_materna": {"LIMBA ROMANA": 122}, "promotie_anterioara": {"NU": 100, "DA": 22}, "materii": {"LIMBA ROMANA": {"medie": 5.519230769230773, "reusita": 68.85245901639344, "cnt": 122}, "ANATOMIE SI FIZIOLOGIE UMANA, GENETICA SI ECOLOGIE UMANA": {"medie": 4.722727272727272, "reusita": 47.22222222222222, "cnt": 36}, "GENERAL": {"medie": 5.665032679738563, "reusita": 35.24590163934426, "cnt": 122}, "ISTORIE": {"medie": 7.491379310344828, "reusita": 93.54838709677419, "cnt": 31}, "LOGICA, ARGUMENTARE SI COMUNICARE": {"medie": 8.012500000000001, "reusita": 100.0, "cnt": 4}, "SOCIOLOGIE": {"medie": 6.5, "reusita": 100.0, "cnt": 1}, "PSIHOLOGIE": {"medie": 7.7, "reusita": 100.0, "cnt": 1}, "GEOGRAFIE": {"medie": 7.161363636363635, "reusita": 88.88888888888889, "cnt": 45}, "BIOLOGIE VEGETALA SI ANIMALA": {"medie": 4.586842105263158, "reusita": 37.5, "cnt": 24}, "MATEMATICA TEHN": {"medie": 4.506410256410256, "reusita": 43.956043956043956, "cnt": 91}, "CHIMIE ORGANICA TEH NIVEL I/II": {"medie": 5.0, "reusita": 100.0, "cnt": 1}, "FIZICA TEH": {"medie": 5.0, "reusita": 100.0, "cnt": 1}, "CHIMIE ANORGANICA TEH NIVEL I/II": {"medie": 4.9071428571428575, "reusita": 55.55555555555556, "cnt": 9}}, "nume": "COLEGIUL TEHNIC \"VALERIU D. COTEA\" FOCSANI\tVrancea"}