{"specializari": {"STIINTE ALE NATURII": 125, "STIINTE SOCIALE": 31, "MATEMATICA-INFORMATICA": 28}, "limba_moderna": {"LIMBA ENGLEZA": 181, "LIMBA FRANCEZA": 1, "LIMBA GERMANA MODERNA": 2}, "limba_materna": {"LIMBA ROMANA": 184}, "promotie_anterioara": {"NU": 178, "DA": 6}, "materii": {"LIMBA ROMANA": {"medie": 8.151630434782605, "reusita": 100.0, "cnt": 184}, "MATEMATICA MATE-INFO": {"medie": 7.887500000000001, "reusita": 96.42857142857143, "cnt": 28}, "ANATOMIE SI FIZIOLOGIE UMANA, GENETICA SI ECOLOGIE UMANA": {"medie": 8.794262295081973, "reusita": 99.18032786885246, "cnt": 122}, "GENERAL": {"medie": 8.360326086956524, "reusita": 96.19565217391305, "cnt": 184}, "MATEMATICA ST-NAT": {"medie": 8.1484, "reusita": 97.6, "cnt": 125}, "CHIMIE ORGANICA TEO NIVEL I/II": {"medie": 8.42, "reusita": 80.0, "cnt": 5}, "CHIMIE ANORGANICA TEO NIVEL I/II": {"medie": 7.12, "reusita": 80.0, "cnt": 5}, "INFORMATICA MI C/C++": {"medie": 8.407142857142857, "reusita": 100.0, "cnt": 7}, "ISTORIE": {"medie": 9.035483870967743, "reusita": 100.0, "cnt": 31}, "LOGICA, ARGUMENTARE SI COMUNICARE": {"medie": 8.730952380952381, "reusita": 100.0, "cnt": 21}, "FIZICA TEO": {"medie": 8.033333333333333, "reusita": 100.0, "cnt": 6}, "SOCIOLOGIE": {"medie": 8.833333333333334, "reusita": 100.0, "cnt": 3}, "GEOGRAFIE": {"medie": 8.983333333333333, "reusita": 100.0, "cnt": 6}, "INFORMATICA SN C/C++": {"medie": 8.1, "reusita": 100.0, "cnt": 8}, "FILOSOFIE": {"medie": 9.3, "reusita": 100.0, "cnt": 1}}, "nume": "COLEGIUL DE STIINTE ALE NATURII \"EMIL RACOVITA\" BRASOV\tBra\u0219ov"}