{"specializari": {"STIINTE ALE NATURII": 31, "FILOLOGIE": 64, "MATEMATICA-INFORMATICA": 62}, "limba_moderna": {"LIMBA ENGLEZA": 134, "LIMBA FRANCEZA": 23}, "limba_materna": {"LIMBA ROMANA": 157}, "promotie_anterioara": {"NU": 155, "DA": 2}, "materii": {"LIMBA ROMANA": {"medie": 7.956369426751588, "reusita": 98.72611464968153, "cnt": 157}, "MATEMATICA MATE-INFO": {"medie": 8.53467741935484, "reusita": 98.38709677419355, "cnt": 62}, "ANATOMIE SI FIZIOLOGIE UMANA, GENETICA SI ECOLOGIE UMANA": {"medie": 9.31388888888889, "reusita": 100.0, "cnt": 36}, "GENERAL": {"medie": 8.42462845010615, "reusita": 98.08917197452229, "cnt": 157}, "MATEMATICA ST-NAT": {"medie": 9.325806451612904, "reusita": 100.0, "cnt": 31}, "CHIMIE ORGANICA TEO NIVEL I/II": {"medie": 9.3125, "reusita": 100.0, "cnt": 4}, "INFORMATICA MI C/C++": {"medie": 8.685294117647057, "reusita": 100.0, "cnt": 34}, "ISTORIE": {"medie": 8.05703125, "reusita": 100.0, "cnt": 64}, "LOGICA, ARGUMENTARE SI COMUNICARE": {"medie": 8.652325581395347, "reusita": 97.67441860465115, "cnt": 43}, "FIZICA TEO": {"medie": 8.55, "reusita": 100.0, "cnt": 16}, "PSIHOLOGIE": {"medie": 8.762500000000001, "reusita": 100.0, "cnt": 8}, "GEOGRAFIE": {"medie": 8.5875, "reusita": 100.0, "cnt": 12}, "INFORMATICA SN C/C++": {"medie": 9.566666666666666, "reusita": 100.0, "cnt": 3}, "ECONOMIE": {"medie": 6.4, "reusita": 100.0, "cnt": 1}}, "nume": "COLEGIUL NATIONAL \"ALEXANDRU IOAN CUZA\", LOCALITATEA GALATI\tGala\u021bi"}