{"specializari": {"INVATATOR - EDUCATOARE": 55, "STIINTE SOCIALE": 33, "FILOLOGIE": 67, "MATEMATICA-INFORMATICA": 1}, "limba_moderna": {"LIMBA ENGLEZA": 131, "LIMBA FRANCEZA": 24, "LIMBA SPANIOLA": 1}, "limba_materna": {"LIMBA ROMANA": 156}, "promotie_anterioara": {"NU": 155, "DA": 1}, "materii": {"LIMBA ROMANA": {"medie": 7.826774193548385, "reusita": 99.35897435897436, "cnt": 156}, "MATEMATICA MATE-INFO": {"medie": 5.15, "reusita": 100.0, "cnt": 1}, "GENERAL": {"medie": 8.430752688172038, "reusita": 98.71794871794873, "cnt": 156}, "INFORMATICA MI C/C++": {"medie": 5.7, "reusita": 100.0, "cnt": 1}, "ISTORIE": {"medie": 8.598484848484848, "reusita": 99.0, "cnt": 100}, "LOGICA, ARGUMENTARE SI COMUNICARE": {"medie": 8.962043795620437, "reusita": 99.27536231884058, "cnt": 138}, "MATEMATICA PED": {"medie": 8.466363636363637, "reusita": 100.0, "cnt": 55}, "PSIHOLOGIE": {"medie": 7.966666666666666, "reusita": 100.0, "cnt": 3}, "GEOGRAFIE": {"medie": 9.121428571428572, "reusita": 100.0, "cnt": 14}}, "nume": "COLEGIUL NATIONAL PEDAGOGIC \"SPIRU HARET\" MUNICIPIUL BUZAU\tBuz\u0103u"}