{"specializari": {"STIINTE ALE NATURII": 34, "MATEMATICA-INFORMATICA": 34, "TEHNICIAN IN AUTOMATIZARI": 19, "TEHNICIAN MECATRONIST": 14, "TEHNICIAN PROIECTANT CAD": 1, "TEHNICIAN TRANSPORTURI": 3, "TEHNICIAN MECANIC PENTRU INTRETINERE SI REPARATII": 6}, "limba_moderna": {"LIMBA ENGLEZA": 110, "LIMBA FRANCEZA": 1}, "limba_materna": {"LIMBA ROMANA": 111}, "promotie_anterioara": {"NU": 72, "DA": 39}, "materii": {"LIMBA ROMANA": {"medie": 5.317142857142858, "reusita": 71.17117117117117, "cnt": 111}, "MATEMATICA MATE-INFO": {"medie": 3.6921874999999997, "reusita": 35.294117647058826, "cnt": 34}, "ANATOMIE SI FIZIOLOGIE UMANA, GENETICA SI ECOLOGIE UMANA": {"medie": 5.975, "reusita": 75.0, "cnt": 60}, "GENERAL": {"medie": 4.736195286195286, "reusita": 17.117117117117118, "cnt": 111}, "MATEMATICA ST-NAT": {"medie": 4.318181818181818, "reusita": 50.0, "cnt": 34}, "CHIMIE ANORGANICA TEO NIVEL I/II": {"medie": 3.3499999999999996, "reusita": 0.0, "cnt": 4}, "BIOLOGIE VEGETALA SI ANIMALA": {"medie": 3.8092105263157903, "reusita": 31.70731707317073, "cnt": 41}, "MATEMATICA TEHN": {"medie": 3.4815789473684204, "reusita": 27.906976744186046, "cnt": 43}, "CHIMIE ORGANICA TEH NIVEL I/II": {"medie": 1.9, "reusita": 0.0, "cnt": 2}, "FIZICA TEH": {"medie": 3.033333333333333, "reusita": 25.0, "cnt": 4}}, "nume": "COLEGIUL TEHNIC \"DIMITRIE LEONIDA\"\tBucure\u0219ti"}