{"specializari": {"FILOLOGIE": 64, "STIINTE SOCIALE": 32, "MATEMATICA-INFORMATICA": 85, "STIINTE ALE NATURII": 29}, "limba_moderna": {"LIMBA ENGLEZA": 206, "LIMBA FRANCEZA": 2, "LIMBA ITALIANA": 2}, "limba_materna": {"LIMBA ROMANA": 210}, "promotie_anterioara": {"NU": 202, "DA": 8}, "materii": {"LIMBA ROMANA": {"medie": 7.805238095238096, "reusita": 98.57142857142858, "cnt": 210}, "MATEMATICA MATE-INFO": {"medie": 8.18705882352941, "reusita": 97.6470588235294, "cnt": 85}, "ANATOMIE SI FIZIOLOGIE UMANA, GENETICA SI ECOLOGIE UMANA": {"medie": 8.052586206896551, "reusita": 96.55172413793103, "cnt": 58}, "GENERAL": {"medie": 8.092380952380951, "reusita": 92.85714285714286, "cnt": 210}, "MATEMATICA ST-NAT": {"medie": 7.941379310344828, "reusita": 93.10344827586206, "cnt": 29}, "CHIMIE ORGANICA TEO NIVEL I/II": {"medie": 9.464705882352941, "reusita": 100.0, "cnt": 17}, "INFORMATICA MI C/C++": {"medie": 8.15, "reusita": 100.0, "cnt": 29}, "ISTORIE": {"medie": 7.9682291666666645, "reusita": 97.91666666666666, "cnt": 96}, "LOGICA, ARGUMENTARE SI COMUNICARE": {"medie": 8.64264705882353, "reusita": 97.05882352941177, "cnt": 34}, "FIZICA TEO": {"medie": 9.41111111111111, "reusita": 100.0, "cnt": 9}, "SOCIOLOGIE": {"medie": 6.55, "reusita": 100.0, "cnt": 1}, "PSIHOLOGIE": {"medie": 8.95, "reusita": 100.0, "cnt": 2}, "GEOGRAFIE": {"medie": 8.3364406779661, "reusita": 94.91525423728814, "cnt": 59}, "BIOLOGIE VEGETALA SI ANIMALA": {"medie": 8.8, "reusita": 100.0, "cnt": 1}}, "nume": "COLEGIUL NATIONAL \"DRAGOS VODA\" SIGHETU MARMATIEI\tMaramure\u0219"}