{"specializari": {"TEHNICIAN TRANSPORTURI": 1, "ORGANIZATOR BANQUETING": 5, "TEHNICIAN IN HOTELARIE": 10, "MATEMATICA-INFORMATICA": 15, "TEHNICIAN IN TURISM": 5, "TEHNICIAN PROIECTANT CAD": 4, "TEHNICIAN IN GASTRONOMIE": 3, "TEHNICIAN PRELUCRARI MECANICE": 4}, "limba_moderna": {"LIMBA ENGLEZA": 46, "LIMBA FRANCEZA": 1}, "limba_materna": {"LIMBA ROMANA": 47}, "promotie_anterioara": {"DA": 36, "NU": 11}, "materii": {"LIMBA ROMANA": {"medie": 5.466279069767442, "reusita": 78.72340425531915, "cnt": 47}, "MATEMATICA MATE-INFO": {"medie": 4.422727272727273, "reusita": 33.33333333333333, "cnt": 15}, "ANATOMIE SI FIZIOLOGIE UMANA, GENETICA SI ECOLOGIE UMANA": {"medie": 6.764285714285714, "reusita": 66.66666666666666, "cnt": 9}, "GENERAL": {"medie": 5.708536585365853, "reusita": 40.42553191489361, "cnt": 47}, "CHIMIE ORGANICA TEO NIVEL I/II": {"medie": "-", "reusita": 0.0, "cnt": 1}, "INFORMATICA MI C/C++": {"medie": 6.675000000000001, "reusita": 100.0, "cnt": 2}, "PSIHOLOGIE": {"medie": 7.45, "reusita": 100.0, "cnt": 1}, "GEOGRAFIE": {"medie": 7.045454545454546, "reusita": 95.45454545454545, "cnt": 22}, "BIOLOGIE VEGETALA SI ANIMALA": {"medie": 6.044444444444445, "reusita": 63.63636363636363, "cnt": 11}, "MATEMATICA TEHN": {"medie": 5.153225806451613, "reusita": 68.75, "cnt": 32}, "FIZICA TEH": {"medie": 2.35, "reusita": 0.0, "cnt": 1}}, "nume": "COLEGIUL TEHNOLOGIC \"GRIGORE CERCHEZ\"\tBucure\u0219ti"}