{"specializari": {"TEHNICIAN ANALIZE PRODUSE ALIMENTARE": 25, "TEHNICIAN IN TURISM": 30, "TEHNICIAN IN AUTOMATIZARI": 11, "TEHNICIAN IN INDUSTRIA ALIMENTARA": 11, "TEHNICIAN ECOLOG SI PROTECTIA CALITATII MEDIULUI": 11, "TEHNICIAN MECATRONIST": 5}, "limba_moderna": {"LIMBA ENGLEZA": 92, "LIMBA FRANCEZA": 1}, "limba_materna": {"LIMBA ROMANA": 93}, "promotie_anterioara": {"NU": 68, "DA": 25}, "materii": {"LIMBA ROMANA": {"medie": 6.361956521739132, "reusita": 95.6989247311828, "cnt": 93}, "ANATOMIE SI FIZIOLOGIE UMANA, GENETICA SI ECOLOGIE UMANA": {"medie": 6.833720930232559, "reusita": 86.95652173913044, "cnt": 46}, "GENERAL": {"medie": 6.758429118773945, "reusita": 67.74193548387096, "cnt": 93}, "LOGICA, ARGUMENTARE SI COMUNICARE": {"medie": 6.95, "reusita": 75.0, "cnt": 8}, "GEOGRAFIE": {"medie": 8.468181818181817, "reusita": 100.0, "cnt": 22}, "BIOLOGIE VEGETALA SI ANIMALA": {"medie": 4.575, "reusita": 28.57142857142857, "cnt": 7}, "MATEMATICA TEHN": {"medie": 6.6934782608695675, "reusita": 92.47311827956989, "cnt": 93}, "CHIMIE ORGANICA TEH NIVEL I/II": {"medie": 8.1, "reusita": 100.0, "cnt": 1}, "FIZICA TEH": {"medie": 6.638888888888889, "reusita": 88.88888888888889, "cnt": 9}}, "nume": "COLEGIUL TEHNIC DE INDUSTRIE ALIMENTARA SUCEAVA\tSuceava"}