{"specializari": {"TEHNICIAN ANALIZE PRODUSE ALIMENTARE": 11, "TEHNICIAN ECOLOG SI PROTECTIA CALITATII MEDIULUI": 14, "TEHNICIAN CHIMIST DE LABORATOR": 1, "TEHNICIAN IN SILVICULTURA SI EXPLOATARI FORESTIERE": 3, "TEHNICIAN IN INSTALATII ELECTRICE": 1}, "limba_moderna": {"LIMBA ENGLEZA": 22, "LIMBA FRANCEZA": 8}, "limba_materna": {"LIMBA ROMANA": 30}, "promotie_anterioara": {"NU": 18, "DA": 12}, "materii": {"LIMBA ROMANA": {"medie": 6.048275862068966, "reusita": 83.33333333333334, "cnt": 30}, "ANATOMIE SI FIZIOLOGIE UMANA, GENETICA SI ECOLOGIE UMANA": {"medie": 6.638461538461538, "reusita": 81.48148148148148, "cnt": 27}, "GENERAL": {"medie": 6.295238095238095, "reusita": 60.0, "cnt": 30}, "BIOLOGIE VEGETALA SI ANIMALA": {"medie": 5.883333333333334, "reusita": 66.66666666666666, "cnt": 3}, "MATEMATICA TEHN": {"medie": 6.267857142857144, "reusita": 80.0, "cnt": 30}}, "nume": "COLEGIUL TEHNIC \"CD NENITESCU\" BAIA MARE\tMaramure\u0219"}