{"specializari": {"TEHNICIAN IN HOTELARIE": 23, "COAFOR STILIST": 23, "TEHNICIAN DESIGNER VESTIMENTAR": 50, "TEHNICIAN IN INDUSTRIA TEXTILA": 10, "TEHNICIAN IN INDUSTRIA PIELARIEI": 1, "ORGANIZATOR BANQUETING": 1, "TEHNICIAN IN TURISM": 1}, "limba_moderna": {"LIMBA ENGLEZA": 103, "LIMBA FRANCEZA": 3, "LIMBA GERMANA MODERNA": 3}, "limba_materna": {"LIMBA ROMANA": 109}, "promotie_anterioara": {"NU": 81, "DA": 28}, "materii": {"LIMBA ROMANA": {"medie": 6.01298076923077, "reusita": 85.3211009174312, "cnt": 109}, "GENERAL": {"medie": 6.110294117647059, "reusita": 45.87155963302752, "cnt": 109}, "LOGICA, ARGUMENTARE SI COMUNICARE": {"medie": 7.025000000000001, "reusita": 91.66666666666666, "cnt": 12}, "PSIHOLOGIE": {"medie": 7.0, "reusita": 100.0, "cnt": 1}, "GEOGRAFIE": {"medie": 7.231818181818182, "reusita": 94.11764705882352, "cnt": 34}, "BIOLOGIE VEGETALA SI ANIMALA": {"medie": 4.7978260869565235, "reusita": 44.0, "cnt": 50}, "MATEMATICA TEHN": {"medie": 6.437500000000001, "reusita": 82.56880733944955, "cnt": 109}, "ECONOMIE": {"medie": 5.0, "reusita": 100.0, "cnt": 1}, "CHIMIE ORGANICA TEH NIVEL I/II": {"medie": 5.25, "reusita": 50.0, "cnt": 4}, "CHIMIE ANORGANICA TEH NIVEL I/II": {"medie": 5.191666666666667, "reusita": 28.57142857142857, "cnt": 7}}, "nume": "COLEGIUL TEHNIC \"MARIA BAIULESCU\" BRASOV\tBra\u0219ov"}