{"specializari": {"TEHNICIAN PROIECTANT CAD": 10, "TEHNICIAN IN ADMINISTRATIE": 15, "TEHNICIAN IN ACTIVITATI ECONOMICE": 8, "TEHNICIAN MECATRONIST": 3, "TEHNICIAN MECANIC PENTRU INTRETINERE SI REPARATII": 4}, "limba_moderna": {"LIMBA ENGLEZA": 40}, "limba_materna": {"LIMBA ROMANA": 40}, "promotie_anterioara": {"NU": 19, "DA": 21}, "materii": {"LIMBA ROMANA": {"medie": 5.2205128205128215, "reusita": 75.0, "cnt": 40}, "GENERAL": {"medie": 5.328703703703703, "reusita": 35.0, "cnt": 40}, "LOGICA, ARGUMENTARE SI COMUNICARE": {"medie": 7.9, "reusita": 100.0, "cnt": 1}, "GEOGRAFIE": {"medie": 6.4071428571428575, "reusita": 86.36363636363636, "cnt": 22}, "BIOLOGIE VEGETALA SI ANIMALA": {"medie": 4.35, "reusita": 25.0, "cnt": 12}, "MATEMATICA TEHN": {"medie": 4.699999999999999, "reusita": 62.5, "cnt": 40}, "FIZICA TEH": {"medie": 5.45, "reusita": 60.0, "cnt": 5}}, "nume": "COLEGIUL TEHNIC \"MIRCEA CEL BATRAN\"\tBucure\u0219ti"}