{"specializari": {"MUZICA": 55, "ARHITECTURA, ARTE AMBIENTALE SI DESIGN": 30, "COREGRAFIE": 14, "ARTE PLASTICE SI DECORATIVE": 59, "ARTA ACTORULUI": 15}, "limba_moderna": {"LIMBA ENGLEZA": 159, "LIMBA GERMANA MODERNA": 4, "LIMBA RUSA": 2, "LIMBA FRANCEZA": 2, "LIMBA ITALIANA": 6}, "limba_materna": {"LIMBA ROMANA": 173}, "promotie_anterioara": {"NU": 166, "DA": 7}, "materii": {"LIMBA ROMANA": {"medie": 7.371965317919074, "reusita": 97.10982658959537, "cnt": 173}, "GENERAL": {"medie": 7.54450867052023, "reusita": 87.28323699421965, "cnt": 173}, "ISTORIE": {"medie": 7.111560693641617, "reusita": 92.48554913294798, "cnt": 173}, "LOGICA, ARGUMENTARE SI COMUNICARE": {"medie": 8.664705882352937, "reusita": 98.82352941176471, "cnt": 85}, "PSIHOLOGIE": {"medie": 6.487499999999999, "reusita": 75.0, "cnt": 8}, "GEOGRAFIE": {"medie": 7.906338028169013, "reusita": 92.95774647887323, "cnt": 71}, "FILOSOFIE": {"medie": 6.688888888888888, "reusita": 100.0, "cnt": 9}}, "nume": "COLEGIUL NATIONAL DE ARTA \"OCTAV BANCILA\", IASI\tIa\u0219i"}