{"specializari": {"TEHNICIAN IN ACTIVITATI ECONOMICE": 58, "STIINTE ALE NATURII": 30, "TEHNICIAN IN SILVICULTURA SI EXPLOATARI FORESTIERE": 24, "TEHNICIAN DESIGNER MOBILA SI AMENAJARI INTERIOARE": 19}, "limba_moderna": {"LIMBA ENGLEZA": 123, "LIMBA FRANCEZA": 8}, "limba_materna": {"LIMBA ROMANA": 131}, "promotie_anterioara": {"NU": 106, "DA": 25}, "materii": {"LIMBA ROMANA": {"medie": 6.337499999999999, "reusita": 89.31297709923665, "cnt": 131}, "ANATOMIE SI FIZIOLOGIE UMANA, GENETICA SI ECOLOGIE UMANA": {"medie": 7.886458333333333, "reusita": 95.91836734693877, "cnt": 49}, "GENERAL": {"medie": 6.937532808398946, "reusita": 66.41221374045801, "cnt": 131}, "MATEMATICA ST-NAT": {"medie": 7.795, "reusita": 96.66666666666667, "cnt": 30}, "LOGICA, ARGUMENTARE SI COMUNICARE": {"medie": 7.865999999999999, "reusita": 96.0, "cnt": 50}, "FIZICA TEO": {"medie": 7.5, "reusita": 100.0, "cnt": 1}, "GEOGRAFIE": {"medie": 6.885714285714286, "reusita": 75.0, "cnt": 8}, "BIOLOGIE VEGETALA SI ANIMALA": {"medie": 5.097619047619047, "reusita": 56.52173913043478, "cnt": 23}, "MATEMATICA TEHN": {"medie": 6.806500000000001, "reusita": 88.11881188118812, "cnt": 101}}, "nume": "COLEGIUL TEHNIC FORESTIER, MUNICIPIUL CAMPINA\tPrahova"}