{"specializari": {"STIINTE ALE NATURII": 34, "INVATATOR - EDUCATOARE": 27, "MATEMATICA-INFORMATICA": 67, "STIINTE SOCIALE": 34}, "limba_moderna": {"LIMBA ENGLEZA": 157, "LIMBA FRANCEZA": 5}, "limba_materna": {"LIMBA ROMANA": 162}, "promotie_anterioara": {"NU": 162}, "materii": {"LIMBA ROMANA": {"medie": 9.248456790123456, "reusita": 100.0, "cnt": 162}, "MATEMATICA MATE-INFO": {"medie": 9.30671641791045, "reusita": 100.0, "cnt": 67}, "ANATOMIE SI FIZIOLOGIE UMANA, GENETICA SI ECOLOGIE UMANA": {"medie": 9.557894736842108, "reusita": 100.0, "cnt": 38}, "GENERAL": {"medie": 9.358641975308645, "reusita": 100.0, "cnt": 162}, "MATEMATICA ST-NAT": {"medie": 9.583823529411765, "reusita": 100.0, "cnt": 34}, "CHIMIE ORGANICA TEO NIVEL I/II": {"medie": 9.143333333333334, "reusita": 100.0, "cnt": 15}, "INFORMATICA MI C/C++": {"medie": 9.186666666666667, "reusita": 100.0, "cnt": 30}, "ISTORIE": {"medie": 9.317647058823527, "reusita": 100.0, "cnt": 34}, "LOGICA, ARGUMENTARE SI COMUNICARE": {"medie": 9.4675, "reusita": 100.0, "cnt": 40}, "MATEMATICA PED": {"medie": 9.83148148148148, "reusita": 100.0, "cnt": 27}, "FIZICA TEO": {"medie": 9.35294117647059, "reusita": 100.0, "cnt": 17}, "SOCIOLOGIE": {"medie": 9.575, "reusita": 100.0, "cnt": 2}, "PSIHOLOGIE": {"medie": 8.525, "reusita": 100.0, "cnt": 4}, "GEOGRAFIE": {"medie": 9.46923076923077, "reusita": 100.0, "cnt": 13}, "INFORMATICA SN C/C++": {"medie": 9.7, "reusita": 100.0, "cnt": 1}, "ECONOMIE": {"medie": 9.35, "reusita": 100.0, "cnt": 2}}, "nume": "COLEGIUL NATIONAL DE INFORMATICA MATEI BASARAB, MUN. RM. VALCEA\tV\u00e2lcea"}