{"specializari": {"FILOLOGIE": 34, "STIINTE ALE NATURII": 56, "MATEMATICA-INFORMATICA": 54, "STIINTE SOCIALE": 37, "TEHNICIAN IN GASTRONOMIE": 27, "TEHNICIAN IN ACTIVITATI ECONOMICE": 61, "TEHNICIAN IN AUTOMATIZARI": 18, "TEHNICIAN IN TURISM": 37, "TEHNICIAN TRANSPORTURI": 4, "TEHNICIAN DESIGNER VESTIMENTAR": 2, "TEHNICIAN IN HOTELARIE": 1, "TEHNICIAN IN ADMINISTRATIE": 1, "TEHNICIAN INSTALATOR PENTRU CONSTRUCTII": 1, "TEHNICIAN IN ACTIVITATI DE COMERT": 1}, "limba_moderna": {"LIMBA ENGLEZA": 274, "LIMBA FRANCEZA": 60}, "limba_materna": {"LIMBA ROMANA": 334}, "promotie_anterioara": {"NU": 285, "DA": 49}, "materii": {"LIMBA ROMANA": {"medie": 6.571987951807228, "reusita": 85.62874251497006, "cnt": 334}, "MATEMATICA MATE-INFO": {"medie": 8.765740740740743, "reusita": 100.0, "cnt": 54}, "ANATOMIE SI FIZIOLOGIE UMANA, GENETICA SI ECOLOGIE UMANA": {"medie": 8.523626373626369, "reusita": 98.9010989010989, "cnt": 91}, "GENERAL": {"medie": 6.80964102564102, "reusita": 64.67065868263472, "cnt": 334}, "MATEMATICA ST-NAT": {"medie": 8.363392857142857, "reusita": 94.64285714285714, "cnt": 56}, "CHIMIE ORGANICA TEO NIVEL I/II": {"medie": 9.5, "reusita": 100.0, "cnt": 5}, "CHIMIE ANORGANICA TEO NIVEL I/II": {"medie": 9.55, "reusita": 100.0, "cnt": 1}, "INFORMATICA MI C/C++": {"medie": 9.392857142857142, "reusita": 100.0, "cnt": 7}, "ISTORIE": {"medie": 6.786619718309859, "reusita": 94.36619718309859, "cnt": 71}, "LOGICA, ARGUMENTARE SI COMUNICARE": {"medie": 7.769999999999998, "reusita": 86.27450980392157, "cnt": 51}, "FIZICA TEO": {"medie": 8.241666666666667, "reusita": 100.0, "cnt": 6}, "GEOGRAFIE": {"medie": 6.3891608391608425, "reusita": 85.03401360544217, "cnt": 147}, "BIOLOGIE VEGETALA SI ANIMALA": {"medie": 4.7875000000000005, "reusita": 48.0, "cnt": 25}, "MATEMATICA TEHN": {"medie": 4.848993288590604, "reusita": 60.130718954248366, "cnt": 153}, "FILOSOFIE": {"medie": 10.0, "reusita": 100.0, "cnt": 1}}, "nume": "COLEGIUL \"ALEXANDRU CEL BUN\" GURA HUMORULUI\tSuceava"}