{"specializari": {"STIINTE SOCIALE": 34, "STIINTE ALE NATURII": 26, "INVATATOR - EDUCATOARE": 52, "FILOLOGIE": 35}, "limba_moderna": {"LIMBA ENGLEZA": 147}, "limba_materna": {"LIMBA ROMANA": 147}, "promotie_anterioara": {"NU": 146, "DA": 1}, "materii": {"LIMBA ROMANA": {"medie": 7.787074829931968, "reusita": 100.0, "cnt": 147}, "ANATOMIE SI FIZIOLOGIE UMANA, GENETICA SI ECOLOGIE UMANA": {"medie": 8.896875, "reusita": 100.0, "cnt": 16}, "GENERAL": {"medie": 8.32052154195011, "reusita": 98.63945578231292, "cnt": 147}, "MATEMATICA ST-NAT": {"medie": 8.648076923076921, "reusita": 100.0, "cnt": 26}, "CHIMIE ORGANICA TEO NIVEL I/II": {"medie": 9.216666666666667, "reusita": 100.0, "cnt": 3}, "ISTORIE": {"medie": 8.764492753623186, "reusita": 100.0, "cnt": 69}, "LOGICA, ARGUMENTARE SI COMUNICARE": {"medie": 8.603571428571431, "reusita": 98.9795918367347, "cnt": 98}, "MATEMATICA PED": {"medie": 8.379807692307692, "reusita": 100.0, "cnt": 52}, "FIZICA TEO": {"medie": 7.8, "reusita": 100.0, "cnt": 7}, "PSIHOLOGIE": {"medie": 7.95, "reusita": 100.0, "cnt": 4}, "GEOGRAFIE": {"medie": 8.407894736842104, "reusita": 100.0, "cnt": 19}}, "nume": "COLEGIUL NATIONAL \"GHEORGHE ASACHI\", MUNICIPIUL PIATRA-NEAMT\tNeam\u021b"}