{"specializari": {"LICEU CU PROGRAM SPORTIV": 57, "TEHNICIAN ECOLOG SI PROTECTIA CALITATII MEDIULUI": 24, "TEHNICIAN ELECTROTEHNIST": 12, "TEHNICIAN INSTALATOR PENTRU CONSTRUCTII": 8, "TEHNICIAN MECATRONIST": 1, "TEHNICIAN IN CONSTRUCTII SI LUCRARI PUBLICE": 4, "TEHNICIAN DESENATOR PENTRU CONSTRUCTII SI INSTALATII": 7, "TEHNICIAN MECANIC PENTRU INTRETINERE SI REPARATII": 2}, "limba_moderna": {"LIMBA ENGLEZA": 113, "LIMBA FRANCEZA": 2}, "limba_materna": {"LIMBA ROMANA": 115}, "promotie_anterioara": {"NU": 72, "DA": 43}, "materii": {"LIMBA ROMANA": {"medie": 5.592272727272726, "reusita": 72.17391304347827, "cnt": 115}, "ANATOMIE SI FIZIOLOGIE UMANA, GENETICA SI ECOLOGIE UMANA": {"medie": 6.788636363636363, "reusita": 86.36363636363636, "cnt": 22}, "GENERAL": {"medie": 5.904245283018868, "reusita": 43.47826086956522, "cnt": 115}, "ISTORIE": {"medie": 6.207017543859647, "reusita": 84.21052631578947, "cnt": 57}, "LOGICA, ARGUMENTARE SI COMUNICARE": {"medie": 6.918181818181818, "reusita": 81.81818181818183, "cnt": 11}, "PSIHOLOGIE": {"medie": 7.409999999999999, "reusita": 100.0, "cnt": 5}, "GEOGRAFIE": {"medie": 6.5341463414634156, "reusita": 80.48780487804879, "cnt": 41}, "BIOLOGIE VEGETALA SI ANIMALA": {"medie": 4.965217391304348, "reusita": 55.55555555555556, "cnt": 27}, "MATEMATICA TEHN": {"medie": 5.201923076923078, "reusita": 67.24137931034483, "cnt": 58}, "FIZICA TEH": {"medie": 5.392857142857143, "reusita": 62.5, "cnt": 8}, "CHIMIE ANORGANICA TEH NIVEL I/II": {"medie": 6.4, "reusita": 100.0, "cnt": 1}}, "nume": "COLEGIUL TEHNIC \"ANGHEL SALIGNY\"\tBucure\u0219ti"}