{"specializari": {"MATEMATICA-INFORMATICA": 28, "STIINTE ALE NATURII": 32, "STIINTE SOCIALE": 26, "FILOLOGIE": 32}, "limba_moderna": {"LIMBA ENGLEZA": 115, "LIMBA FRANCEZA": 2, "LIMBA GERMANA MODERNA": 1}, "limba_materna": {"LIMBA ROMANA": 118}, "promotie_anterioara": {"NU": 113, "DA": 5}, "materii": {"LIMBA ROMANA": {"medie": 7.762288135593219, "reusita": 99.15254237288136, "cnt": 118}, "MATEMATICA MATE-INFO": {"medie": 9.130357142857141, "reusita": 100.0, "cnt": 28}, "ANATOMIE SI FIZIOLOGIE UMANA, GENETICA SI ECOLOGIE UMANA": {"medie": 8.805208333333333, "reusita": 100.0, "cnt": 48}, "GENERAL": {"medie": 8.332763532763531, "reusita": 96.61016949152543, "cnt": 118}, "MATEMATICA ST-NAT": {"medie": 8.781249999999998, "reusita": 100.0, "cnt": 32}, "CHIMIE ORGANICA TEO NIVEL I/II": {"medie": 10.0, "reusita": 100.0, "cnt": 1}, "INFORMATICA MI C/C++": {"medie": 8.875, "reusita": 100.0, "cnt": 4}, "ISTORIE": {"medie": 8.239655172413794, "reusita": 98.27586206896551, "cnt": 58}, "LOGICA, ARGUMENTARE SI COMUNICARE": {"medie": 8.742105263157894, "reusita": 100.0, "cnt": 19}, "FIZICA TEO": {"medie": 9.27142857142857, "reusita": 100.0, "cnt": 7}, "SOCIOLOGIE": {"medie": 4.15, "reusita": 0.0, "cnt": 1}, "GEOGRAFIE": {"medie": 8.194444444444443, "reusita": 97.2972972972973, "cnt": 37}, "ECONOMIE": {"medie": 6.1, "reusita": 100.0, "cnt": 1}}, "nume": "COLEGIUL NATIONAL \"MIHAI VITEAZUL\" SFANTU GHEORGHE\tCovasna"}