{"specializari": {"STIINTE ALE NATURII": 73, "MATEMATICA-INFORMATICA": 55, "FILOLOGIE": 27}, "limba_moderna": {"LIMBA ENGLEZA": 144, "LIMBA GERMANA MODERNA": 4, "LIMBA FRANCEZA": 5, "LIMBA RUSA": 2}, "limba_materna": {"LIMBA ROMANA": 155}, "promotie_anterioara": {"NU": 142, "DA": 13}, "materii": {"LIMBA ROMANA": {"medie": 8.74220779220779, "reusita": 98.70967741935483, "cnt": 155}, "MATEMATICA MATE-INFO": {"medie": 9.69181818181818, "reusita": 100.0, "cnt": 55}, "ANATOMIE SI FIZIOLOGIE UMANA, GENETICA SI ECOLOGIE UMANA": {"medie": 8.91818181818182, "reusita": 89.70588235294117, "cnt": 68}, "GENERAL": {"medie": 9.097019867549667, "reusita": 92.90322580645162, "cnt": 155}, "MATEMATICA ST-NAT": {"medie": 8.796478873239437, "reusita": 90.41095890410958, "cnt": 73}, "CHIMIE ORGANICA TEO NIVEL I/II": {"medie": 9.623076923076923, "reusita": 100.0, "cnt": 13}, "CHIMIE ANORGANICA TEO NIVEL I/II": {"medie": 9.9, "reusita": 100.0, "cnt": 1}, "INFORMATICA MI C/C++": {"medie": 9.720967741935485, "reusita": 100.0, "cnt": 31}, "ISTORIE": {"medie": 9.038461538461537, "reusita": 96.29629629629629, "cnt": 27}, "LOGICA, ARGUMENTARE SI COMUNICARE": {"medie": 8.95, "reusita": 91.66666666666666, "cnt": 12}, "FIZICA TEO": {"medie": 9.320833333333335, "reusita": 100.0, "cnt": 12}, "GEOGRAFIE": {"medie": 9.467857142857143, "reusita": 100.0, "cnt": 14}, "INFORMATICA SN C/C++": {"medie": 9.8, "reusita": 100.0, "cnt": 1}, "BIOLOGIE VEGETALA SI ANIMALA": {"medie": 5.8, "reusita": 50.0, "cnt": 2}, "ECONOMIE": {"medie": 8.05, "reusita": 100.0, "cnt": 1}}, "nume": "COLEGIUL NATIONAL \"EMIL RACOVITA\", IASI\tIa\u0219i"}