{"specializari": {"MATEMATICA-INFORMATICA": 114}, "limba_moderna": {"LIMBA ENGLEZA": 114}, "limba_materna": {"LIMBA ROMANA": 114}, "promotie_anterioara": {"NU": 114}, "materii": {"LIMBA ROMANA": {"medie": 9.12982456140351, "reusita": 100.0, "cnt": 114}, "MATEMATICA MATE-INFO": {"medie": 9.228947368421053, "reusita": 100.0, "cnt": 114}, "GENERAL": {"medie": 9.155409356725151, "reusita": 100.0, "cnt": 114}, "CHIMIE ORGANICA TEO NIVEL I/II": {"medie": 9.866666666666667, "reusita": 100.0, "cnt": 3}, "INFORMATICA MI C/C++": {"medie": 9.108333333333333, "reusita": 100.0, "cnt": 24}, "FIZICA TEO": {"medie": 9.525, "reusita": 100.0, "cnt": 32}, "BIOLOGIE VEGETALA SI ANIMALA": {"medie": 8.822727272727274, "reusita": 100.0, "cnt": 55}}, "nume": "COLEGIUL NATIONAL MILITAR \"TUDOR VLADIMIRESCU\" CRAIOVA\tDolj"}