{"specializari": {"FILOLOGIE": 30, "STIINTE SOCIALE": 25, "MATEMATICA-INFORMATICA": 28, "STIINTE ALE NATURII": 46, "TEHNICIAN IN ACTIVITATI ECONOMICE": 31}, "limba_moderna": {"LIMBA FRANCEZA": 9, "LIMBA ENGLEZA": 151}, "limba_materna": {"LIMBA ROMANA": 160}, "promotie_anterioara": {"NU": 156, "DA": 4}, "materii": {"LIMBA ROMANA": {"medie": 7.461290322580645, "reusita": 95.625, "cnt": 160}, "MATEMATICA MATE-INFO": {"medie": 8.79107142857143, "reusita": 96.42857142857143, "cnt": 28}, "ANATOMIE SI FIZIOLOGIE UMANA, GENETICA SI ECOLOGIE UMANA": {"medie": 7.978787878787878, "reusita": 91.42857142857143, "cnt": 35}, "GENERAL": {"medie": 7.881827956989242, "reusita": 86.25, "cnt": 160}, "MATEMATICA ST-NAT": {"medie": 6.7714285714285705, "reusita": 71.73913043478261, "cnt": 46}, "CHIMIE ANORGANICA TEO NIVEL I/II": {"medie": 6.3, "reusita": 64.70588235294117, "cnt": 17}, "INFORMATICA MI C/C++": {"medie": 8.235, "reusita": 100.0, "cnt": 10}, "ISTORIE": {"medie": 8.112727272727275, "reusita": 96.36363636363636, "cnt": 55}, "LOGICA, ARGUMENTARE SI COMUNICARE": {"medie": 8.536029411764707, "reusita": 97.05882352941177, "cnt": 68}, "FIZICA TEO": {"medie": 7.872222222222222, "reusita": 88.88888888888889, "cnt": 9}, "SOCIOLOGIE": {"medie": 7.4, "reusita": 100.0, "cnt": 4}, "GEOGRAFIE": {"medie": 9.525000000000002, "reusita": 100.0, "cnt": 14}, "BIOLOGIE VEGETALA SI ANIMALA": {"medie": 8.083333333333334, "reusita": 100.0, "cnt": 3}, "MATEMATICA TEHN": {"medie": 8.52258064516129, "reusita": 100.0, "cnt": 31}}, "nume": "COLEGIUL NATIONAL \"STEFAN CEL MARE\", HARLAU\tIa\u0219i"}