{"specializari": {"TEHNICIAN OPERATOR PROCESARE TEXT IMAGINE": 10, "STIINTE ALE NATURII": 5, "TEHNICIAN OPERATOR TEHNICA DE CALCUL": 5, "TEHNICIAN IN INSTALATII ELECTRICE": 2, "TEHNICIAN MECANIC PENTRU INTRETINERE SI REPARATII": 1, "MATEMATICA-INFORMATICA": 1, "TEHNICIAN PROIECTANT CAD": 1, "TEHNICIAN TRANSPORTURI": 9, "TEHNICIAN ELECTRICIAN/ELECTRONIST AUTO": 2}, "limba_moderna": {"LIMBA ENGLEZA": 31, "LIMBA FRANCEZA": 5}, "limba_materna": {"LIMBA ROMANA": 36}, "promotie_anterioara": {"NU": 15, "DA": 21}, "materii": {"LIMBA ROMANA": {"medie": 5.845588235294118, "reusita": 86.11111111111111, "cnt": 36}, "MATEMATICA MATE-INFO": {"medie": 5.85, "reusita": 100.0, "cnt": 1}, "ANATOMIE SI FIZIOLOGIE UMANA, GENETICA SI ECOLOGIE UMANA": {"medie": 6.266666666666667, "reusita": 50.0, "cnt": 4}, "GENERAL": {"medie": 6.207471264367816, "reusita": 52.77777777777778, "cnt": 36}, "MATEMATICA ST-NAT": {"medie": 5.825, "reusita": 20.0, "cnt": 5}, "BIOLOGIE VEGETALA SI ANIMALA": {"medie": 6.13846153846154, "reusita": 66.66666666666666, "cnt": 30}, "MATEMATICA TEHN": {"medie": 6.3875, "reusita": 90.0, "cnt": 30}, "CHIMIE ANORGANICA TEH NIVEL I/II": {"medie": 5.075, "reusita": 50.0, "cnt": 2}}, "nume": "COLEGIUL TEHNIC DE TRANSPORTURI BRASOV\tBra\u0219ov"}