{"specializari": {"STIINTE SOCIALE": 74, "ORGANIZATOR BANQUETING": 21, "COAFOR STILIST": 22, "TEHNICIAN OPERATOR TEHNICA DE CALCUL": 22, "TEHNICIAN ELECTRICIAN/ELECTRONIST AUTO": 19, "TEHNICIAN IN ACTIVITATI ECONOMICE": 26, "TEHNICIAN INSTALATII DE BORD (AVION)": 27, "TEHNICIAN DE TELECOMUNICATII": 4, "MATEMATICA-INFORMATICA": 2, "TEHNICIAN IN ACTIVITATI DE POSTA": 1, "TEHNICIAN IN AUTOMATIZARI": 1}, "limba_moderna": {"LIMBA ENGLEZA": 208, "LIMBA FRANCEZA": 11}, "limba_materna": {"LIMBA ROMANA": 219}, "promotie_anterioara": {"NU": 196, "DA": 23}, "materii": {"LIMBA ROMANA": {"medie": 7.300228310502281, "reusita": 98.63013698630137, "cnt": 219}, "MATEMATICA MATE-INFO": {"medie": 4.05, "reusita": 50.0, "cnt": 2}, "ANATOMIE SI FIZIOLOGIE UMANA, GENETICA SI ECOLOGIE UMANA": {"medie": 5.075, "reusita": 100.0, "cnt": 2}, "GENERAL": {"medie": 7.600230414746546, "reusita": 88.58447488584474, "cnt": 219}, "ISTORIE": {"medie": 7.35810810810811, "reusita": 95.94594594594594, "cnt": 74}, "LOGICA, ARGUMENTARE SI COMUNICARE": {"medie": 7.2892857142857155, "reusita": 92.85714285714286, "cnt": 14}, "SOCIOLOGIE": {"medie": 6.5, "reusita": 100.0, "cnt": 5}, "PSIHOLOGIE": {"medie": 7.066666666666666, "reusita": 100.0, "cnt": 3}, "GEOGRAFIE": {"medie": 8.542213114754098, "reusita": 98.36065573770492, "cnt": 122}, "BIOLOGIE VEGETALA SI ANIMALA": {"medie": 6.575555555555554, "reusita": 93.33333333333333, "cnt": 45}, "MATEMATICA TEHN": {"medie": 7.796503496503497, "reusita": 98.6013986013986, "cnt": 143}, "FIZICA TEH": {"medie": 7.9147058823529415, "reusita": 94.11764705882352, "cnt": 17}, "CHIMIE ANORGANICA TEH NIVEL I/II": {"medie": 6.527272727272728, "reusita": 100.0, "cnt": 11}}, "nume": "COLEGIUL \"N.V. KARPEN\" BACAU\tBac\u0103u"}