{"specializari": {"FILOLOGIE": 62, "MATEMATICA-INFORMATICA": 49, "STIINTE ALE NATURII": 27, "STIINTE SOCIALE": 48}, "limba_moderna": {"LIMBA ENGLEZA": 181, "LIMBA FRANCEZA": 5}, "limba_materna": {"LIMBA ROMANA": 186}, "promotie_anterioara": {"NU": 172, "DA": 14}, "materii": {"LIMBA ROMANA": {"medie": 6.341081081081078, "reusita": 85.48387096774194, "cnt": 186}, "MATEMATICA MATE-INFO": {"medie": 8.598979591836736, "reusita": 97.95918367346938, "cnt": 49}, "ANATOMIE SI FIZIOLOGIE UMANA, GENETICA SI ECOLOGIE UMANA": {"medie": 8.65982142857143, "reusita": 100.0, "cnt": 56}, "GENERAL": {"medie": 7.081501831501832, "reusita": 69.35483870967742, "cnt": 186}, "MATEMATICA ST-NAT": {"medie": 6.037037037037038, "reusita": 66.66666666666666, "cnt": 27}, "CHIMIE ORGANICA TEO NIVEL I/II": {"medie": 9.0, "reusita": 100.0, "cnt": 1}, "CHIMIE ANORGANICA TEO NIVEL I/II": {"medie": 8.291666666666668, "reusita": 100.0, "cnt": 6}, "INFORMATICA MI C/C++": {"medie": 10.0, "reusita": 100.0, "cnt": 3}, "ISTORIE": {"medie": 6.23211009174312, "reusita": 79.0909090909091, "cnt": 110}, "FIZICA TEO": {"medie": 8.989999999999998, "reusita": 100.0, "cnt": 10}, "SOCIOLOGIE": {"medie": 5.225, "reusita": 100.0, "cnt": 2}, "PSIHOLOGIE": {"medie": 9.0, "reusita": 100.0, "cnt": 1}, "GEOGRAFIE": {"medie": 7.429716981132077, "reusita": 91.50943396226415, "cnt": 106}, "FILOSOFIE": {"medie": 6.3, "reusita": 100.0, "cnt": 1}}, "nume": "COLEGIUL NATIONAL \"EMIL BOTTA\" ADJUD\tVrancea"}