{"specializari": {"FILOLOGIE": 71, "STIINTE ALE NATURII": 37, "STIINTE SOCIALE": 37, "MATEMATICA-INFORMATICA": 100}, "limba_moderna": {"LIMBA ENGLEZA": 233, "LIMBA ITALIANA": 10, "LIMBA FRANCEZA": 2}, "limba_materna": {"LIMBA ROMANA": 245}, "promotie_anterioara": {"NU": 242, "DA": 3}, "materii": {"LIMBA ROMANA": {"medie": 7.918163265306121, "reusita": 99.18367346938776, "cnt": 245}, "MATEMATICA MATE-INFO": {"medie": 8.694500000000001, "reusita": 99.0, "cnt": 100}, "ANATOMIE SI FIZIOLOGIE UMANA, GENETICA SI ECOLOGIE UMANA": {"medie": 8.574999999999998, "reusita": 100.0, "cnt": 44}, "GENERAL": {"medie": 8.352993197278906, "reusita": 95.51020408163265, "cnt": 245}, "MATEMATICA ST-NAT": {"medie": 9.160810810810808, "reusita": 100.0, "cnt": 37}, "CHIMIE ORGANICA TEO NIVEL I/II": {"medie": 9.624999999999998, "reusita": 100.0, "cnt": 8}, "INFORMATICA MI C/C++": {"medie": 8.198214285714288, "reusita": 100.0, "cnt": 28}, "ISTORIE": {"medie": 8.453703703703708, "reusita": 99.07407407407408, "cnt": 108}, "LOGICA, ARGUMENTARE SI COMUNICARE": {"medie": 8.209722222222224, "reusita": 94.44444444444444, "cnt": 36}, "FIZICA TEO": {"medie": 8.15, "reusita": 96.29629629629629, "cnt": 54}, "SOCIOLOGIE": {"medie": 8.886111111111113, "reusita": 100.0, "cnt": 18}, "PSIHOLOGIE": {"medie": 8.964285714285715, "reusita": 100.0, "cnt": 21}, "GEOGRAFIE": {"medie": 8.771153846153846, "reusita": 100.0, "cnt": 26}, "INFORMATICA SN C/C++": {"medie": 7.7, "reusita": 100.0, "cnt": 1}, "BIOLOGIE VEGETALA SI ANIMALA": {"medie": 8.6, "reusita": 100.0, "cnt": 2}, "ECONOMIE": {"medie": 8.207142857142857, "reusita": 100.0, "cnt": 7}}, "nume": "COLEGIUL NATIONAL \"ION NECULCE\"\tBucure\u0219ti"}