{"specializari": {"STIINTE SOCIALE": 47, "STIINTE ALE NATURII": 74, "FILOLOGIE": 31, "TEHNICIAN IN ACTIVITATI ECONOMICE": 30, "MATEMATICA-INFORMATICA": 26}, "limba_moderna": {"LIMBA ENGLEZA": 205, "LIMBA FRANCEZA": 3}, "limba_materna": {"LIMBA ROMANA": 179, "LIMBA MAGHIARA": 29}, "promotie_anterioara": {"NU": 205, "DA": 3}, "materii": {"LIMBA ROMANA": {"medie": 8.22427884615385, "reusita": 99.51923076923077, "cnt": 208}, "MATEMATICA MATE-INFO": {"medie": 8.625, "reusita": 100.0, "cnt": 26}, "ANATOMIE SI FIZIOLOGIE UMANA, GENETICA SI ECOLOGIE UMANA": {"medie": 8.889333333333333, "reusita": 100.0, "cnt": 75}, "GENERAL": {"medie": 8.652463942307698, "reusita": 98.5576923076923, "cnt": 208}, "MATEMATICA ST-NAT": {"medie": 8.78986486486487, "reusita": 100.0, "cnt": 74}, "CHIMIE ORGANICA TEO NIVEL I/II": {"medie": 9.15, "reusita": 100.0, "cnt": 13}, "INFORMATICA MI C/C++": {"medie": 8.649999999999999, "reusita": 100.0, "cnt": 9}, "ISTORIE": {"medie": 8.364102564102563, "reusita": 100.0, "cnt": 78}, "LOGICA, ARGUMENTARE SI COMUNICARE": {"medie": 9.554347826086959, "reusita": 100.0, "cnt": 46}, "FIZICA TEO": {"medie": 6.833333333333333, "reusita": 100.0, "cnt": 3}, "SOCIOLOGIE": {"medie": 9.028571428571428, "reusita": 100.0, "cnt": 7}, "PSIHOLOGIE": {"medie": 5.8, "reusita": 100.0, "cnt": 1}, "GEOGRAFIE": {"medie": 8.88425925925926, "reusita": 100.0, "cnt": 54}, "MATEMATICA TEHN": {"medie": 9.135, "reusita": 100.0, "cnt": 30}, "LIMBA MAGHIARA (REAL)": {"medie": 8.823333333333332, "reusita": 100.0, "cnt": 15}, "LIMBA MAGHIARA (UMAN)": {"medie": 7.707142857142857, "reusita": 100.0, "cnt": 14}}, "nume": "COLEGIUL NATIONAL \"ANDREI MURESANU\" BISTRITA\tBistri\u021ba-N\u0103s\u0103ud"}