{"specializari": {"STIINTE SOCIALE": 35, "STIINTE ALE NATURII": 26, "MATEMATICA-INFORMATICA": 48}, "limba_moderna": {"LIMBA ENGLEZA": 109}, "limba_materna": {"LIMBA ROMANA": 109}, "promotie_anterioara": {"NU": 99, "DA": 10}, "materii": {"LIMBA ROMANA": {"medie": 7.3389908256880725, "reusita": 100.0, "cnt": 109}, "MATEMATICA MATE-INFO": {"medie": 6.284042553191492, "reusita": 81.25, "cnt": 48}, "ANATOMIE SI FIZIOLOGIE UMANA, GENETICA SI ECOLOGIE UMANA": {"medie": 7.827551020408161, "reusita": 91.83673469387756, "cnt": 49}, "GENERAL": {"medie": 7.607561728395059, "reusita": 81.65137614678899, "cnt": 109}, "MATEMATICA ST-NAT": {"medie": 8.561538461538463, "reusita": 100.0, "cnt": 26}, "CHIMIE ORGANICA TEO NIVEL I/II": {"medie": 7.9750000000000005, "reusita": 100.0, "cnt": 6}, "INFORMATICA MI C/C++": {"medie": 7.259375, "reusita": 87.5, "cnt": 16}, "ISTORIE": {"medie": 8.43714285714286, "reusita": 100.0, "cnt": 35}, "LOGICA, ARGUMENTARE SI COMUNICARE": {"medie": 8.346428571428573, "reusita": 100.0, "cnt": 14}, "FIZICA TEO": {"medie": 7.2, "reusita": 66.66666666666666, "cnt": 3}, "SOCIOLOGIE": {"medie": 7.877272727272728, "reusita": 90.9090909090909, "cnt": 11}, "GEOGRAFIE": {"medie": 9.095, "reusita": 100.0, "cnt": 10}}, "nume": "COLEGIUL NATIONAL DE INFORMATICA \"CARMEN SYLVA\" PETROSANI\tHunedoara"}