{"specializari": {"TEHNICIAN ANALIZE PRODUSE ALIMENTARE": 6, "TEHNICIAN AVIATIE": 29, "TEHNICIAN PRELUCRARI MECANICE": 10, "TEHNICIAN INSTALATII DE BORD (AVION)": 24, "TEHNICIAN PROIECTANT CAD": 18, "TEHNICIAN MECANIC PENTRU INTRETINERE SI REPARATII": 1, "TEHNICIAN MECATRONIST": 5}, "limba_moderna": {"LIMBA ENGLEZA": 88, "LIMBA FRANCEZA": 5}, "limba_materna": {"LIMBA ROMANA": 93}, "promotie_anterioara": {"NU": 52, "DA": 41}, "materii": {"LIMBA ROMANA": {"medie": 6.066129032258066, "reusita": 92.47311827956989, "cnt": 93}, "ANATOMIE SI FIZIOLOGIE UMANA, GENETICA SI ECOLOGIE UMANA": {"medie": 6.125, "reusita": 100.0, "cnt": 2}, "GENERAL": {"medie": 5.826779026217227, "reusita": 39.784946236559136, "cnt": 93}, "BIOLOGIE VEGETALA SI ANIMALA": {"medie": 5.093124999999999, "reusita": 60.24096385542169, "cnt": 83}, "MATEMATICA TEHN": {"medie": 6.113736263736264, "reusita": 82.79569892473118, "cnt": 93}, "CHIMIE ORGANICA TEH NIVEL I/II": {"medie": 4.4, "reusita": 0.0, "cnt": 1}, "FIZICA TEH": {"medie": 7.121428571428573, "reusita": 100.0, "cnt": 7}}, "nume": "COLEGIUL TEHNIC \"TRANSILVANIA\" BRASOV\tBra\u0219ov"}