{"specializari": {"FILOLOGIE": 32, "MATEMATICA-INFORMATICA": 119, "STIINTE SOCIALE": 32, "STIINTE ALE NATURII": 32}, "limba_moderna": {"LIMBA ENGLEZA": 212, "LIMBA FRANCEZA": 3}, "limba_materna": {"LIMBA ROMANA": 215}, "promotie_anterioara": {"NU": 196, "DA": 19}, "materii": {"LIMBA ROMANA": {"medie": 7.877102803738318, "reusita": 98.13953488372093, "cnt": 215}, "MATEMATICA MATE-INFO": {"medie": 7.208823529411764, "reusita": 90.75630252100841, "cnt": 119}, "ANATOMIE SI FIZIOLOGIE UMANA, GENETICA SI ECOLOGIE UMANA": {"medie": 9.283333333333331, "reusita": 100.0, "cnt": 12}, "GENERAL": {"medie": 7.769626168224298, "reusita": 85.5813953488372, "cnt": 215}, "MATEMATICA ST-NAT": {"medie": 5.383870967741936, "reusita": 62.5, "cnt": 32}, "CHIMIE ORGANICA TEO NIVEL I/II": {"medie": 8.5, "reusita": 100.0, "cnt": 3}, "CHIMIE ANORGANICA TEO NIVEL I/II": {"medie": 6.05, "reusita": 100.0, "cnt": 1}, "INFORMATICA MI C/C++": {"medie": 8.992857142857144, "reusita": 100.0, "cnt": 7}, "ISTORIE": {"medie": 8.366406249999999, "reusita": 100.0, "cnt": 64}, "LOGICA, ARGUMENTARE SI COMUNICARE": {"medie": 9.399999999999999, "reusita": 100.0, "cnt": 16}, "FIZICA TEO": {"medie": 8.399999999999999, "reusita": 100.0, "cnt": 9}, "PSIHOLOGIE": {"medie": 9.1, "reusita": 100.0, "cnt": 1}, "GEOGRAFIE": {"medie": 9.080851063829787, "reusita": 100.0, "cnt": 47}, "BIOLOGIE VEGETALA SI ANIMALA": {"medie": 7.410169491525428, "reusita": 94.11764705882352, "cnt": 119}}, "nume": "COLEGIUL NATIONAL \"VLADIMIR STREINU\" GAESTI\tD\u00e2mbovi\u021ba"}