{"specializari": {"INVATATOR - EDUCATOARE": 82, "FILOLOGIE": 59}, "limba_moderna": {"LIMBA ENGLEZA": 141}, "limba_materna": {"LIMBA GERMANA": 56, "LIMBA ROMANA": 85}, "promotie_anterioara": {"NU": 139, "DA": 2}, "materii": {"LIMBA ROMANA": {"medie": 7.026950354609932, "reusita": 96.45390070921985, "cnt": 141}, "GENERAL": {"medie": 7.726488095238093, "reusita": 90.78014184397163, "cnt": 141}, "ISTORIE": {"medie": 7.114406779661015, "reusita": 91.52542372881356, "cnt": 59}, "LOGICA, ARGUMENTARE SI COMUNICARE": {"medie": 8.335922330097086, "reusita": 96.15384615384616, "cnt": 104}, "MATEMATICA PED": {"medie": 8.433536585365854, "reusita": 100.0, "cnt": 82}, "SOCIOLOGIE": {"medie": 8.0, "reusita": 100.0, "cnt": 1}, "GEOGRAFIE": {"medie": 8.108823529411765, "reusita": 100.0, "cnt": 34}, "FILOSOFIE": {"medie": 6.875, "reusita": 100.0, "cnt": 2}, "LIMBA GERMANA": {"medie": 7.2928571428571445, "reusita": 98.21428571428571, "cnt": 56}}, "nume": "COLEGIUL NATIONAL PEDAGOGIC \"ANDREI SAGUNA\" SIBIU\tSibiu"}