{"specializari": {"FILOLOGIE": 29, "MATEMATICA-INFORMATICA": 33, "TEHNICIAN AVIATIE": 29, "TEHNICIAN IN INSTALATII ELECTRICE": 13, "TEHNICIAN INSTALATII DE BORD (AVION)": 18, "TEHNICIAN PROIECTANT CAD": 4, "TEHNICIAN MECANIC PENTRU INTRETINERE SI REPARATII": 1, "TEHNICIAN MECATRONIST": 2, "TEHNICIAN IN AUTOMATIZARI": 1}, "limba_moderna": {"LIMBA ENGLEZA": 116, "LIMBA FRANCEZA": 14}, "limba_materna": {"LIMBA ROMANA": 130}, "promotie_anterioara": {"NU": 84, "DA": 46}, "materii": {"LIMBA ROMANA": {"medie": 5.911023622047244, "reusita": 86.92307692307692, "cnt": 130}, "MATEMATICA MATE-INFO": {"medie": 5.13939393939394, "reusita": 72.72727272727273, "cnt": 33}, "ANATOMIE SI FIZIOLOGIE UMANA, GENETICA SI ECOLOGIE UMANA": {"medie": 6.80625, "reusita": 100.0, "cnt": 8}, "GENERAL": {"medie": 5.687704918032792, "reusita": 35.38461538461539, "cnt": 130}, "INFORMATICA MI C/C++": {"medie": 7.166666666666667, "reusita": 100.0, "cnt": 9}, "ISTORIE": {"medie": 6.510344827586206, "reusita": 93.10344827586206, "cnt": 29}, "LOGICA, ARGUMENTARE SI COMUNICARE": {"medie": 7.453571428571428, "reusita": 85.71428571428571, "cnt": 14}, "FIZICA TEO": {"medie": 6.45, "reusita": 100.0, "cnt": 1}, "GEOGRAFIE": {"medie": 7.182142857142858, "reusita": 93.33333333333333, "cnt": 15}, "BIOLOGIE VEGETALA SI ANIMALA": {"medie": 4.675735294117644, "reusita": 38.35616438356164, "cnt": 73}, "MATEMATICA TEHN": {"medie": 5.225, "reusita": 70.58823529411765, "cnt": 68}, "CHIMIE ORGANICA TEH NIVEL I/II": {"medie": 2.6, "reusita": 0.0, "cnt": 1}, "FIZICA TEH": {"medie": 4.642857142857143, "reusita": 50.0, "cnt": 8}, "CHIMIE ANORGANICA TEH NIVEL I/II": {"medie": 7.1, "reusita": 100.0, "cnt": 1}}, "nume": "COLEGIUL TEHNIC DE AERONAUTICA \"HENRI COANDA\"\tBucure\u0219ti"}