{"specializari": {"FILOLOGIE": 29, "TEHNICIAN IN ACTIVITATI ECONOMICE": 19, "MATEMATICA-INFORMATICA": 3, "TEHNICIAN ECOLOG SI PROTECTIA CALITATII MEDIULUI": 1, "TEHNICIAN IN ACTIVITATI DE COMERT": 1, "TEHNICIAN IN SILVICULTURA SI EXPLOATARI FORESTIERE": 5}, "limba_moderna": {"LIMBA ENGLEZA": 58}, "limba_materna": {"LIMBA ROMANA": 58}, "promotie_anterioara": {"NU": 48, "DA": 10}, "materii": {"LIMBA ROMANA": {"medie": 6.029464285714288, "reusita": 82.75862068965517, "cnt": 58}, "MATEMATICA MATE-INFO": {"medie": 5.0, "reusita": 100.0, "cnt": 3}, "ANATOMIE SI FIZIOLOGIE UMANA, GENETICA SI ECOLOGIE UMANA": {"medie": 5.864285714285715, "reusita": 71.42857142857143, "cnt": 7}, "GENERAL": {"medie": 6.527380952380953, "reusita": 58.620689655172406, "cnt": 58}, "ISTORIE": {"medie": 7.5379310344827575, "reusita": 100.0, "cnt": 29}, "GEOGRAFIE": {"medie": 7.245833333333333, "reusita": 85.71428571428571, "cnt": 49}, "BIOLOGIE VEGETALA SI ANIMALA": {"medie": 6.6, "reusita": 100.0, "cnt": 2}, "MATEMATICA TEHN": {"medie": 5.474, "reusita": 69.23076923076923, "cnt": 26}}, "nume": "COLEGIUL TEHNIC NR.1 VADU CRISULUI\tBihor"}