{"specializari": {"MATEMATICA-INFORMATICA": 47, "TEHNICIAN ELECTROMECANIC": 28, "TEHNICIAN IN AUTOMATIZARI": 27, "TEHNICIAN IN INSTALATII ELECTRICE": 22, "TEHNICIAN ELECTRONIST": 2, "TEHNICIAN CHIMIST DE LABORATOR": 1, "TEHNICIAN DE TELECOMUNICATII": 2, "TEHNICIAN OPERATOR TEHNICA DE CALCUL": 7, "TEHNICIAN TRANSPORTURI": 14, "TEHNICIAN PROIECTANT CAD": 2, "TEHNICIAN PRELUCRARI MECANICE": 1}, "limba_moderna": {"LIMBA ENGLEZA": 140, "LIMBA FRANCEZA": 13}, "limba_materna": {"LIMBA ROMANA": 153}, "promotie_anterioara": {"NU": 113, "DA": 40}, "materii": {"LIMBA ROMANA": {"medie": 5.438356164383562, "reusita": 68.62745098039215, "cnt": 153}, "MATEMATICA MATE-INFO": {"medie": 5.718085106382978, "reusita": 72.3404255319149, "cnt": 47}, "ANATOMIE SI FIZIOLOGIE UMANA, GENETICA SI ECOLOGIE UMANA": {"medie": 5.7250000000000005, "reusita": 57.14285714285714, "cnt": 14}, "GENERAL": {"medie": 5.117976190476189, "reusita": 27.450980392156865, "cnt": 153}, "CHIMIE ANORGANICA TEO NIVEL I/II": {"medie": 8.4, "reusita": 100.0, "cnt": 2}, "INFORMATICA MI C/C++": {"medie": 6.003333333333335, "reusita": 73.33333333333333, "cnt": 15}, "FIZICA TEO": {"medie": 4.8, "reusita": 50.0, "cnt": 2}, "BIOLOGIE VEGETALA SI ANIMALA": {"medie": 4.726262626262627, "reusita": 42.99065420560748, "cnt": 107}, "MATEMATICA TEHN": {"medie": 4.452999999999999, "reusita": 50.943396226415096, "cnt": 106}, "FIZICA TEH": {"medie": 2.3, "reusita": 0.0, "cnt": 6}, "CHIMIE ANORGANICA TEH NIVEL I/II": {"medie": 4.45, "reusita": 42.857142857142854, "cnt": 7}}, "nume": "COLEGIUL TEHNIC \"EDMOND NICOLAU\" FOCSANI\tVrancea"}