{"specializari": {"MATEMATICA-INFORMATICA": 54, "FILOLOGIE": 34, "STIINTE ALE NATURII": 26, "STIINTE SOCIALE": 1}, "limba_moderna": {"LIMBA ENGLEZA": 115}, "limba_materna": {"LIMBA ROMANA": 115}, "promotie_anterioara": {"NU": 110, "DA": 5}, "materii": {"LIMBA ROMANA": {"medie": 7.640869565217389, "reusita": 98.26086956521739, "cnt": 115}, "MATEMATICA MATE-INFO": {"medie": 7.821296296296297, "reusita": 98.14814814814815, "cnt": 54}, "ANATOMIE SI FIZIOLOGIE UMANA, GENETICA SI ECOLOGIE UMANA": {"medie": 8.846078431372549, "reusita": 100.0, "cnt": 51}, "GENERAL": {"medie": 8.163888888888888, "reusita": 95.65217391304348, "cnt": 115}, "MATEMATICA ST-NAT": {"medie": 8.125, "reusita": 96.15384615384616, "cnt": 26}, "CHIMIE ORGANICA TEO NIVEL I/II": {"medie": 9.037499999999998, "reusita": 100.0, "cnt": 8}, "CHIMIE ANORGANICA TEO NIVEL I/II": {"medie": 6.65, "reusita": 100.0, "cnt": 1}, "INFORMATICA MI C/C++": {"medie": 8.03, "reusita": 100.0, "cnt": 15}, "ISTORIE": {"medie": 8.46764705882353, "reusita": 94.28571428571428, "cnt": 35}, "LOGICA, ARGUMENTARE SI COMUNICARE": {"medie": 9.399999999999999, "reusita": 100.0, "cnt": 2}, "FIZICA TEO": {"medie": 9.2, "reusita": 100.0, "cnt": 1}, "SOCIOLOGIE": {"medie": 9.030555555555559, "reusita": 100.0, "cnt": 18}, "PSIHOLOGIE": {"medie": 9.200000000000001, "reusita": 100.0, "cnt": 3}, "GEOGRAFIE": {"medie": 8.804166666666665, "reusita": 100.0, "cnt": 12}, "BIOLOGIE VEGETALA SI ANIMALA": {"medie": 7.05, "reusita": 75.0, "cnt": 4}}, "nume": "COLEGIUL NATIONAL \"IANCU DE HUNEDOARA\" HUNEDOARA\tHunedoara"}