{"specializari": {"FILOLOGIE": 126, "STIINTE ALE NATURII": 34, "MATEMATICA-INFORMATICA": 97}, "limba_moderna": {"LIMBA ENGLEZA": 228, "LIMBA FRANCEZA": 5, "LIMBA SPANIOLA": 24}, "limba_materna": {"LIMBA ROMANA": 257}, "promotie_anterioara": {"NU": 256, "DA": 1}, "materii": {"LIMBA ROMANA": {"medie": 8.457976653696504, "reusita": 100.0, "cnt": 257}, "MATEMATICA MATE-INFO": {"medie": 8.876804123711342, "reusita": 98.96907216494846, "cnt": 97}, "ANATOMIE SI FIZIOLOGIE UMANA, GENETICA SI ECOLOGIE UMANA": {"medie": 8.77258064516129, "reusita": 100.0, "cnt": 31}, "GENERAL": {"medie": 8.72782101167315, "reusita": 97.27626459143968, "cnt": 257}, "MATEMATICA ST-NAT": {"medie": 9.36029411764706, "reusita": 100.0, "cnt": 34}, "CHIMIE ORGANICA TEO NIVEL I/II": {"medie": 9.280357142857143, "reusita": 100.0, "cnt": 28}, "INFORMATICA MI C/C++": {"medie": 9.017142857142858, "reusita": 100.0, "cnt": 35}, "ISTORIE": {"medie": 8.7265873015873, "reusita": 99.20634920634922, "cnt": 126}, "LOGICA, ARGUMENTARE SI COMUNICARE": {"medie": 9.163235294117648, "reusita": 100.0, "cnt": 34}, "FIZICA TEO": {"medie": 8.494594594594595, "reusita": 94.5945945945946, "cnt": 37}, "SOCIOLOGIE": {"medie": 8.331818181818182, "reusita": 100.0, "cnt": 33}, "PSIHOLOGIE": {"medie": 8.945833333333333, "reusita": 100.0, "cnt": 12}, "GEOGRAFIE": {"medie": 9.194594594594594, "reusita": 100.0, "cnt": 37}, "ECONOMIE": {"medie": 8.085, "reusita": 100.0, "cnt": 10}}, "nume": "COLEGIUL NATIONAL \"IULIA HASDEU\"\tBucure\u0219ti"}