{"specializari": {"FILOLOGIE": 28, "STIINTE ALE NATURII": 28, "TEHNICIAN IN ACTIVITATI ECONOMICE": 36, "MATEMATICA-INFORMATICA": 4, "TEHNICIAN ELECTROMECANIC": 3, "TEHNICIAN IN ACTIVITATI DE COMERT": 2, "TEHNICIAN MECANIC PENTRU INTRETINERE SI REPARATII": 1}, "limba_moderna": {"LIMBA ENGLEZA": 102}, "limba_materna": {"LIMBA ROMANA": 102}, "promotie_anterioara": {"NU": 81, "DA": 21}, "materii": {"LIMBA ROMANA": {"medie": 6.3626262626262635, "reusita": 85.29411764705883, "cnt": 102}, "MATEMATICA MATE-INFO": {"medie": 5.6125, "reusita": 75.0, "cnt": 4}, "ANATOMIE SI FIZIOLOGIE UMANA, GENETICA SI ECOLOGIE UMANA": {"medie": 7.228571428571429, "reusita": 86.66666666666667, "cnt": 30}, "GENERAL": {"medie": 6.548969072164948, "reusita": 61.76470588235294, "cnt": 102}, "MATEMATICA ST-NAT": {"medie": 6.1796296296296305, "reusita": 71.42857142857143, "cnt": 28}, "CHIMIE ORGANICA TEO NIVEL I/II": {"medie": 9.15, "reusita": 100.0, "cnt": 1}, "ISTORIE": {"medie": 6.657142857142857, "reusita": 92.85714285714286, "cnt": 28}, "LOGICA, ARGUMENTARE SI COMUNICARE": {"medie": 7.170454545454546, "reusita": 78.26086956521739, "cnt": 46}, "GEOGRAFIE": {"medie": 7.3825, "reusita": 90.0, "cnt": 20}, "BIOLOGIE VEGETALA SI ANIMALA": {"medie": 7.7124999999999995, "reusita": 80.0, "cnt": 5}, "MATEMATICA TEHN": {"medie": 5.376250000000001, "reusita": 59.523809523809526, "cnt": 42}}, "nume": "COLEGIUL TEHNIC \"CONSTANTIN BRANCUSI\" PETRILA\tHunedoara"}