{"specializari": {"MATEMATICA-INFORMATICA": 65, "INVATATOR - EDUCATOARE": 57, "STIINTE ALE NATURII": 67, "FILOLOGIE": 36}, "limba_moderna": {"LIMBA ENGLEZA": 221, "LIMBA FRANCEZA": 4}, "limba_materna": {"LIMBA ROMANA": 225}, "promotie_anterioara": {"NU": 222, "DA": 3}, "materii": {"LIMBA ROMANA": {"medie": 8.102666666666662, "reusita": 100.0, "cnt": 225}, "MATEMATICA MATE-INFO": {"medie": 9.04307692307692, "reusita": 100.0, "cnt": 65}, "ANATOMIE SI FIZIOLOGIE UMANA, GENETICA SI ECOLOGIE UMANA": {"medie": 8.93392857142857, "reusita": 98.80952380952381, "cnt": 84}, "GENERAL": {"medie": 8.69325925925926, "reusita": 97.33333333333334, "cnt": 225}, "MATEMATICA ST-NAT": {"medie": 8.894029850746266, "reusita": 100.0, "cnt": 67}, "CHIMIE ORGANICA TEO NIVEL I/II": {"medie": 8.95, "reusita": 100.0, "cnt": 2}, "INFORMATICA MI C/C++": {"medie": 8.623214285714287, "reusita": 100.0, "cnt": 28}, "ISTORIE": {"medie": 8.26666666666667, "reusita": 100.0, "cnt": 36}, "LOGICA, ARGUMENTARE SI COMUNICARE": {"medie": 8.929166666666667, "reusita": 97.22222222222221, "cnt": 36}, "MATEMATICA PED": {"medie": 9.674561403508768, "reusita": 100.0, "cnt": 57}, "FIZICA TEO": {"medie": 8.2625, "reusita": 91.66666666666666, "cnt": 12}, "GEOGRAFIE": {"medie": 9.408928571428572, "reusita": 100.0, "cnt": 56}, "INFORMATICA SN C/C++": {"medie": 8.5, "reusita": 100.0, "cnt": 1}, "BIOLOGIE VEGETALA SI ANIMALA": {"medie": 7.3, "reusita": 100.0, "cnt": 5}, "FILOSOFIE": {"medie": 9.8, "reusita": 100.0, "cnt": 1}}, "nume": "COLEGIUL NATIONAL PEDAGOGIC \"STEFAN VELOVAN\" CRAIOVA\tDolj"}