{"specializari": {"STIINTE SOCIALE": 32, "ARHITECTURA, ARTE AMBIENTALE SI DESIGN": 33, "STIINTE ALE NATURII": 29, "TEHNICIAN ECOLOG SI PROTECTIA CALITATII MEDIULUI": 32, "TEHNICIAN PROIECTANT CAD": 26, "TEHNICIAN DESENATOR PENTRU CONSTRUCTII SI INSTALATII": 68, "TEHNICIAN HIDRO-METEOROLOG": 19, "TEHNICIAN DESIGNER MOBILA SI AMENAJARI INTERIOARE": 23, "TEHNICIAN IN CONSTRUCTII SI LUCRARI PUBLICE": 1, "TEHNICIAN OPERATOR TEHNICA DE CALCUL": 3, "FILOLOGIE": 2, "TEHNICIAN INSTALATOR PENTRU CONSTRUCTII": 1, "TEHNICIAN ELECTRICIAN/ELECTRONIST AUTO": 4, "TEHNICIAN MECATRONIST": 1}, "limba_moderna": {"LIMBA ENGLEZA": 249, "LIMBA RUSA": 20, "LIMBA FRANCEZA": 4, "LIMBA SPANIOLA": 1}, "limba_materna": {"LIMBA ROMANA": 274}, "promotie_anterioara": {"NU": 218, "DA": 56}, "materii": {"LIMBA ROMANA": {"medie": 6.551838235294115, "reusita": 95.25547445255475, "cnt": 274}, "ANATOMIE SI FIZIOLOGIE UMANA, GENETICA SI ECOLOGIE UMANA": {"medie": 6.888679245283021, "reusita": 90.9090909090909, "cnt": 55}, "GENERAL": {"medie": 6.914072632944228, "reusita": 68.97810218978103, "cnt": 274}, "MATEMATICA ST-NAT": {"medie": 8.705172413793104, "reusita": 100.0, "cnt": 29}, "ISTORIE": {"medie": 7.099242424242423, "reusita": 98.50746268656717, "cnt": 67}, "LOGICA, ARGUMENTARE SI COMUNICARE": {"medie": 8.692499999999999, "reusita": 90.47619047619048, "cnt": 21}, "FIZICA TEO": {"medie": 7.704166666666667, "reusita": 100.0, "cnt": 12}, "GEOGRAFIE": {"medie": 8.149999999999999, "reusita": 97.82608695652173, "cnt": 46}, "BIOLOGIE VEGETALA SI ANIMALA": {"medie": 5.689690721649483, "reusita": 65.71428571428571, "cnt": 105}, "MATEMATICA TEHN": {"medie": 7.072543352601157, "reusita": 92.69662921348315, "cnt": 178}, "CHIMIE ORGANICA TEH NIVEL I/II": {"medie": 7.057142857142858, "reusita": 85.71428571428571, "cnt": 7}, "FIZICA TEH": {"medie": 6.717500000000001, "reusita": 95.0, "cnt": 20}, "CHIMIE ANORGANICA TEH NIVEL I/II": {"medie": 6.05, "reusita": 75.0, "cnt": 8}}, "nume": "COLEGIUL TEHNIC \"GHEORGHE ASACHI\", IASI\tIa\u0219i"}