{"specializari": {"STIINTE ALE NATURII": 90, "FILOLOGIE": 32, "MATEMATICA-INFORMATICA": 58}, "limba_moderna": {"LIMBA ENGLEZA": 177, "LIMBA GERMANA MODERNA": 1, "LIMBA FRANCEZA": 2}, "limba_materna": {"LIMBA ROMANA": 180}, "promotie_anterioara": {"NU": 178, "DA": 2}, "materii": {"LIMBA ROMANA": {"medie": 8.792222222222216, "reusita": 99.44444444444444, "cnt": 180}, "MATEMATICA MATE-INFO": {"medie": 8.835344827586209, "reusita": 100.0, "cnt": 58}, "ANATOMIE SI FIZIOLOGIE UMANA, GENETICA SI ECOLOGIE UMANA": {"medie": 9.082456140350878, "reusita": 100.0, "cnt": 57}, "GENERAL": {"medie": 8.981851851851854, "reusita": 98.33333333333333, "cnt": 180}, "MATEMATICA ST-NAT": {"medie": 9.12111111111111, "reusita": 100.0, "cnt": 90}, "CHIMIE ORGANICA TEO NIVEL I/II": {"medie": 9.016666666666667, "reusita": 100.0, "cnt": 24}, "CHIMIE ANORGANICA TEO NIVEL I/II": {"medie": 9.041666666666666, "reusita": 100.0, "cnt": 6}, "INFORMATICA MI C/C++": {"medie": 9.26060606060606, "reusita": 100.0, "cnt": 33}, "ISTORIE": {"medie": 9.0875, "reusita": 100.0, "cnt": 32}, "LOGICA, ARGUMENTARE SI COMUNICARE": {"medie": 8.012500000000001, "reusita": 100.0, "cnt": 4}, "FIZICA TEO": {"medie": 9.102272727272727, "reusita": 95.45454545454545, "cnt": 22}, "SOCIOLOGIE": {"medie": 9.73125, "reusita": 100.0, "cnt": 8}, "GEOGRAFIE": {"medie": 9.536842105263156, "reusita": 100.0, "cnt": 19}, "INFORMATICA SN C/C++": {"medie": 8.058333333333332, "reusita": 100.0, "cnt": 6}, "ECONOMIE": {"medie": 9.8, "reusita": 100.0, "cnt": 1}}, "nume": "COLEGIUL NATIONAL \"MOISE NICOARA\" ARAD\tArad"}