{"specializari": {"TEHNICIAN IN ACTIVITATI ECONOMICE": 77, "TEHNICIAN OPERATOR TEHNICA DE CALCUL": 23, "STIINTE ALE NATURII": 31, "TEHNICIAN IN ACTIVITATI DE COMERT": 25, "TEHNICIAN PROIECTANT CAD": 15, "TEHNICIAN IN ADMINISTRATIE": 14, "TEHNICIAN PRELUCRARI MECANICE": 11, "TEHNICIAN ELECTRICIAN/ELECTRONIST AUTO": 3, "TEHNICIAN DESIGNER MOBILA SI AMENAJARI INTERIOARE": 3, "TEHNICIAN IN INSTALATII ELECTRICE": 3, "MATEMATICA-INFORMATICA": 1}, "limba_moderna": {"LIMBA FRANCEZA": 48, "LIMBA ENGLEZA": 158}, "limba_materna": {"LIMBA ROMANA": 206}, "promotie_anterioara": {"NU": 183, "DA": 23}, "materii": {"LIMBA ROMANA": {"medie": 6.619902912621359, "reusita": 97.0873786407767, "cnt": 206}, "MATEMATICA MATE-INFO": {"medie": "-", "reusita": 0.0, "cnt": 1}, "ANATOMIE SI FIZIOLOGIE UMANA, GENETICA SI ECOLOGIE UMANA": {"medie": 8.085185185185184, "reusita": 96.42857142857143, "cnt": 28}, "GENERAL": {"medie": 7.054926108374386, "reusita": 79.6116504854369, "cnt": 206}, "MATEMATICA ST-NAT": {"medie": 7.3903225806451625, "reusita": 96.7741935483871, "cnt": 31}, "CHIMIE ANORGANICA TEO NIVEL I/II": {"medie": 7.987500000000001, "reusita": 100.0, "cnt": 4}, "LOGICA, ARGUMENTARE SI COMUNICARE": {"medie": 8.116417910447764, "reusita": 98.50746268656717, "cnt": 67}, "PSIHOLOGIE": {"medie": 5.35, "reusita": 100.0, "cnt": 1}, "GEOGRAFIE": {"medie": 8.702083333333334, "reusita": 100.0, "cnt": 48}, "BIOLOGIE VEGETALA SI ANIMALA": {"medie": 5.626470588235294, "reusita": 73.52941176470588, "cnt": 34}, "MATEMATICA TEHN": {"medie": 6.833236994219653, "reusita": 91.95402298850574, "cnt": 174}, "FIZICA TEH": {"medie": 5.0, "reusita": 66.66666666666666, "cnt": 3}, "CHIMIE ANORGANICA TEH NIVEL I/II": {"medie": 6.576190476190476, "reusita": 85.71428571428571, "cnt": 21}}, "nume": "COLEGIUL TEHNIC DE CAI FERATE \"UNIREA\", PASCANI\tIa\u0219i"}