{"specializari": {"STIINTE ALE NATURII": 89, "MATEMATICA-INFORMATICA": 55, "FILOLOGIE": 28}, "limba_moderna": {"LIMBA GERMANA MODERNA": 16, "LIMBA FRANCEZA": 12, "LIMBA ENGLEZA": 144}, "limba_materna": {"LIMBA ROMANA": 172}, "promotie_anterioara": {"NU": 172}, "materii": {"LIMBA ROMANA": {"medie": 8.931686046511631, "reusita": 100.0, "cnt": 172}, "MATEMATICA MATE-INFO": {"medie": 9.258181818181818, "reusita": 100.0, "cnt": 55}, "ANATOMIE SI FIZIOLOGIE UMANA, GENETICA SI ECOLOGIE UMANA": {"medie": 9.536486486486485, "reusita": 100.0, "cnt": 74}, "GENERAL": {"medie": 9.25009689922481, "reusita": 100.0, "cnt": 172}, "MATEMATICA ST-NAT": {"medie": 9.536516853932582, "reusita": 100.0, "cnt": 89}, "CHIMIE ORGANICA TEO NIVEL I/II": {"medie": 9.552941176470588, "reusita": 100.0, "cnt": 17}, "CHIMIE ANORGANICA TEO NIVEL I/II": {"medie": 9.4375, "reusita": 100.0, "cnt": 4}, "INFORMATICA MI C/C++": {"medie": 9.147142857142859, "reusita": 100.0, "cnt": 35}, "ISTORIE": {"medie": 9.155357142857143, "reusita": 100.0, "cnt": 28}, "LOGICA, ARGUMENTARE SI COMUNICARE": {"medie": 9.369047619047619, "reusita": 100.0, "cnt": 21}, "FIZICA TEO": {"medie": 9.516666666666667, "reusita": 100.0, "cnt": 9}, "GEOGRAFIE": {"medie": 9.549999999999999, "reusita": 100.0, "cnt": 7}, "INFORMATICA SN C/C++": {"medie": 9.283333333333333, "reusita": 100.0, "cnt": 3}, "BIOLOGIE VEGETALA SI ANIMALA": {"medie": 9.7, "reusita": 100.0, "cnt": 2}}, "nume": "COLEGIUL NATIONAL \"DR. IOAN MESOTA\" BRASOV\tBra\u0219ov"}