{"specializari": {"TEHNICIAN OPERATOR TEHNICA DE CALCUL": 6, "TEHNICIAN ELECTROTEHNIST": 2, "TEHNICIAN TRANSPORTURI": 3, "TEHNICIAN MECANIC PENTRU INTRETINERE SI REPARATII": 4, "TEHNICIAN IN INDUSTRIA ALIMENTARA": 1, "TEHNICIAN INSTALATOR PENTRU CONSTRUCTII": 1, "TEHNICIAN VETERINAR": 1, "TEHNICIAN IN INSTALATII ELECTRICE": 6, "TEHNICIAN IN CONSTRUCTII SI LUCRARI PUBLICE": 1, "TEHNICIAN ECOLOG SI PROTECTIA CALITATII MEDIULUI": 1, "MATEMATICA-INFORMATICA": 1}, "limba_moderna": {"LIMBA ENGLEZA": 24, "LIMBA FRANCEZA": 3}, "limba_materna": {"LIMBA ROMANA": 27}, "promotie_anterioara": {"DA": 18, "NU": 9}, "materii": {"LIMBA ROMANA": {"medie": 5.121739130434782, "reusita": 51.85185185185185, "cnt": 27}, "MATEMATICA MATE-INFO": {"medie": "-", "reusita": 0.0, "cnt": 1}, "ANATOMIE SI FIZIOLOGIE UMANA, GENETICA SI ECOLOGIE UMANA": {"medie": 2.7, "reusita": 0.0, "cnt": 1}, "GENERAL": {"medie": 4.694166666666666, "reusita": 11.11111111111111, "cnt": 27}, "BIOLOGIE VEGETALA SI ANIMALA": {"medie": 3.835714285714286, "reusita": 25.0, "cnt": 20}, "MATEMATICA TEHN": {"medie": 4.847619047619048, "reusita": 53.84615384615385, "cnt": 26}, "FIZICA TEH": {"medie": 5.38, "reusita": 33.33333333333333, "cnt": 6}}, "nume": "COLEGIUL TEHNIC \"VICEAMIRAL IOAN BALANESCU\" GIURGIU\tGiurgiu"}