{"specializari": {"TEHNICIAN IN ACTIVITATI ECONOMICE": 29, "TEHNICIAN IN GASTRONOMIE": 31, "TEHNICIAN PENTRU ANIMALE DE COMPANIE": 2, "TEHNICIAN VETERINAR": 25, "TEHNICIAN HORTICULTOR": 11, "TEHNICIAN IN AGRICULTURA": 1}, "limba_moderna": {"LIMBA ENGLEZA": 97, "LIMBA FRANCEZA": 1, "LIMBA RUSA": 1}, "limba_materna": {"LIMBA ROMANA": 99}, "promotie_anterioara": {"NU": 79, "DA": 20}, "materii": {"LIMBA ROMANA": {"medie": 5.3083333333333345, "reusita": 71.71717171717171, "cnt": 99}, "ANATOMIE SI FIZIOLOGIE UMANA, GENETICA SI ECOLOGIE UMANA": {"medie": 4.416666666666667, "reusita": 36.666666666666664, "cnt": 30}, "GENERAL": {"medie": 5.016845878136201, "reusita": 25.252525252525253, "cnt": 99}, "LOGICA, ARGUMENTARE SI COMUNICARE": {"medie": 6.107142857142856, "reusita": 85.71428571428571, "cnt": 7}, "PSIHOLOGIE": {"medie": 5.8, "reusita": 100.0, "cnt": 2}, "GEOGRAFIE": {"medie": 6.148979591836736, "reusita": 79.59183673469387, "cnt": 49}, "BIOLOGIE VEGETALA SI ANIMALA": {"medie": 4.044444444444444, "reusita": 33.33333333333333, "cnt": 9}, "MATEMATICA TEHN": {"medie": 4.16, "reusita": 44.44444444444444, "cnt": 99}, "ECONOMIE": {"medie": 4.3, "reusita": 0.0, "cnt": 2}}, "nume": "COLEGIUL TEHNOLOGIC \"VIACESLAV HARNAJ\"\tBucure\u0219ti"}