{"specializari": {"TEHNICIAN IN ACTIVITATI ECONOMICE": 44, "TEHNICIAN IN ADMINISTRATIE": 22, "TEHNICIAN IN TURISM": 24, "TEHNICIAN IN ACTIVITATI DE COMERT": 20, "TEHNICIAN IN GASTRONOMIE": 1, "MATEMATICA-INFORMATICA": 1}, "limba_moderna": {"LIMBA ENGLEZA": 109, "LIMBA RUSA": 3}, "limba_materna": {"LIMBA ROMANA": 112}, "promotie_anterioara": {"NU": 98, "DA": 14}, "materii": {"LIMBA ROMANA": {"medie": 6.486160714285712, "reusita": 98.21428571428571, "cnt": 112}, "MATEMATICA MATE-INFO": {"medie": 1.45, "reusita": 0.0, "cnt": 1}, "ANATOMIE SI FIZIOLOGIE UMANA, GENETICA SI ECOLOGIE UMANA": {"medie": "-", "reusita": 0.0, "cnt": 1}, "GENERAL": {"medie": 7.081515151515152, "reusita": 85.71428571428571, "cnt": 112}, "LOGICA, ARGUMENTARE SI COMUNICARE": {"medie": 7.117187500000001, "reusita": 96.875, "cnt": 32}, "GEOGRAFIE": {"medie": 7.920886075949365, "reusita": 100.0, "cnt": 79}, "MATEMATICA TEHN": {"medie": 7.061363636363636, "reusita": 94.5945945945946, "cnt": 111}}, "nume": "COLEGIUL ECONOMIC \"ION GHICA\"\tBr\u0103ila"}