{"specializari": {"MATEMATICA-INFORMATICA": 105, "STIINTE ALE NATURII": 66, "FILOLOGIE": 92}, "limba_moderna": {"LIMBA ENGLEZA": 221, "LIMBA FRANCEZA": 21, "LIMBA GERMANA MODERNA": 2, "LIMBA SPANIOLA": 19}, "limba_materna": {"LIMBA ROMANA": 263}, "promotie_anterioara": {"NU": 263}, "materii": {"LIMBA ROMANA": {"medie": 8.451145038167935, "reusita": 99.61977186311786, "cnt": 263}, "MATEMATICA MATE-INFO": {"medie": 9.19095238095238, "reusita": 100.0, "cnt": 105}, "ANATOMIE SI FIZIOLOGIE UMANA, GENETICA SI ECOLOGIE UMANA": {"medie": 9.25445544554455, "reusita": 100.0, "cnt": 101}, "GENERAL": {"medie": 8.891030534351142, "reusita": 98.47908745247148, "cnt": 263}, "MATEMATICA ST-NAT": {"medie": 9.268939393939393, "reusita": 100.0, "cnt": 66}, "CHIMIE ORGANICA TEO NIVEL I/II": {"medie": 9.48, "reusita": 100.0, "cnt": 5}, "INFORMATICA MI C/C++": {"medie": 9.250000000000004, "reusita": 100.0, "cnt": 52}, "ISTORIE": {"medie": 8.754945054945054, "reusita": 98.91304347826086, "cnt": 92}, "LOGICA, ARGUMENTARE SI COMUNICARE": {"medie": 9.102808988764043, "reusita": 98.88888888888889, "cnt": 90}, "FIZICA TEO": {"medie": 8.886363636363637, "reusita": 100.0, "cnt": 11}, "GEOGRAFIE": {"medie": 9.4, "reusita": 100.0, "cnt": 1}, "BIOLOGIE VEGETALA SI ANIMALA": {"medie": 6.975, "reusita": 50.0, "cnt": 2}, "ECONOMIE": {"medie": 6.3, "reusita": 100.0, "cnt": 1}}, "nume": "COLEGIUL NATIONAL \"CAROL I\" CRAIOVA\tDolj"}