{"specializari": {"TEHNICIAN IN ACTIVITATI ECONOMICE": 32, "TEHNICIAN IN ACTIVITATI DE COMERT": 25, "TEHNICIAN IN AUTOMATIZARI": 25, "TEHNICIAN IN ADMINISTRATIE": 1, "MATEMATICA-INFORMATICA": 1, "TEHNICIAN ELECTROTEHNIST": 9, "TEHNICIAN TRANSPORTURI": 1}, "limba_moderna": {"LIMBA ENGLEZA": 93, "LIMBA FRANCEZA": 1}, "limba_materna": {"LIMBA ROMANA": 94}, "promotie_anterioara": {"NU": 78, "DA": 16}, "materii": {"LIMBA ROMANA": {"medie": 5.618279569892476, "reusita": 78.72340425531915, "cnt": 94}, "MATEMATICA MATE-INFO": {"medie": 5.15, "reusita": 100.0, "cnt": 1}, "GENERAL": {"medie": 6.087545787545789, "reusita": 53.191489361702125, "cnt": 94}, "GEOGRAFIE": {"medie": 7.678070175438596, "reusita": 98.27586206896551, "cnt": 58}, "BIOLOGIE VEGETALA SI ANIMALA": {"medie": 4.8687499999999995, "reusita": 54.166666666666664, "cnt": 24}, "MATEMATICA TEHN": {"medie": 6.030978260869565, "reusita": 77.41935483870968, "cnt": 93}, "FIZICA TEH": {"medie": 4.345833333333334, "reusita": 41.66666666666667, "cnt": 12}}, "nume": "COLEGIUL TEHNIC \"IULIU MANIU\" SIMLEU SILVANIEI\tS\u0103laj"}