{"specializari": {"MATEMATICA-INFORMATICA": 17, "TEHNICIAN IN ACTIVITATI ECONOMICE": 22, "FILOLOGIE": 27, "TEHNICIAN IN AUTOMATIZARI": 17, "TEHNICIAN IN ACTIVITATI DE COMERT": 14, "TEHNICIAN PROIECTANT CAD": 1, "STIINTE ALE NATURII": 8, "TEHNICIAN ELECTROTEHNIST": 2}, "limba_moderna": {"LIMBA ENGLEZA": 108}, "limba_materna": {"LIMBA ROMANA": 108}, "promotie_anterioara": {"NU": 88, "DA": 20}, "materii": {"LIMBA ROMANA": {"medie": 6.632242990654206, "reusita": 95.37037037037037, "cnt": 108}, "MATEMATICA MATE-INFO": {"medie": 7.520588235294118, "reusita": 100.0, "cnt": 17}, "ANATOMIE SI FIZIOLOGIE UMANA, GENETICA SI ECOLOGIE UMANA": {"medie": 6.33125, "reusita": 62.5, "cnt": 8}, "GENERAL": {"medie": 6.933818770226538, "reusita": 68.51851851851852, "cnt": 108}, "MATEMATICA ST-NAT": {"medie": 4.75, "reusita": 62.5, "cnt": 8}, "ISTORIE": {"medie": 8.19814814814815, "reusita": 100.0, "cnt": 27}, "PSIHOLOGIE": {"medie": 9.025, "reusita": 100.0, "cnt": 2}, "GEOGRAFIE": {"medie": 7.713559322033896, "reusita": 93.44262295081968, "cnt": 61}, "BIOLOGIE VEGETALA SI ANIMALA": {"medie": 6.5805555555555575, "reusita": 72.97297297297297, "cnt": 37}, "MATEMATICA TEHN": {"medie": 6.141666666666665, "reusita": 71.42857142857143, "cnt": 56}}, "nume": "COLEGIUL TEHNIC \"ALEXANDRU ROMAN\" ALESD\tBihor"}