{"specializari": {"TEOLOGIE ROMANO-CATOLICA": 9, "STIINTE SOCIALE": 56, "MATEMATICA-INFORMATICA": 22}, "limba_moderna": {"LIMBA ENGLEZA": 86, "LIMBA FRANCEZA": 1}, "limba_materna": {"LIMBA ROMANA": 87}, "promotie_anterioara": {"NU": 82, "DA": 5}, "materii": {"LIMBA ROMANA": {"medie": 7.78103448275862, "reusita": 94.25287356321839, "cnt": 87}, "MATEMATICA MATE-INFO": {"medie": 7.243181818181819, "reusita": 90.9090909090909, "cnt": 22}, "GENERAL": {"medie": 7.95823754789272, "reusita": 89.65517241379311, "cnt": 87}, "CHIMIE ORGANICA TEO NIVEL I/II": {"medie": 9.149999999999999, "reusita": 100.0, "cnt": 2}, "CHIMIE ANORGANICA TEO NIVEL I/II": {"medie": 6.114285714285715, "reusita": 85.71428571428571, "cnt": 7}, "INFORMATICA MI C/C++": {"medie": 7.635714285714285, "reusita": 100.0, "cnt": 7}, "ISTORIE": {"medie": 7.976153846153848, "reusita": 96.92307692307692, "cnt": 65}, "LOGICA, ARGUMENTARE SI COMUNICARE": {"medie": 8.685365853658535, "reusita": 97.5609756097561, "cnt": 41}, "FIZICA TEO": {"medie": 9.5, "reusita": 100.0, "cnt": 1}, "SOCIOLOGIE": {"medie": 8.1, "reusita": 100.0, "cnt": 2}, "PSIHOLOGIE": {"medie": 9.15, "reusita": 100.0, "cnt": 2}, "GEOGRAFIE": {"medie": 8.752777777777778, "reusita": 94.44444444444444, "cnt": 18}, "BIOLOGIE VEGETALA SI ANIMALA": {"medie": 6.910000000000001, "reusita": 80.0, "cnt": 5}, "FILOSOFIE": {"medie": 8.0, "reusita": 100.0, "cnt": 1}, "ECONOMIE": {"medie": 7.6, "reusita": 100.0, "cnt": 1}}, "nume": "COLEGIUL NATIONAL CATOLIC \"SF. IOSIF\" BACAU\tBac\u0103u"}