{"specializari": {"TEHNICIAN IN ACTIVITATI ECONOMICE": 30, "FILOLOGIE": 32, "TEHNICIAN IN INDUSTRIA ALIMENTARA": 22, "TEHNICIAN ECOLOG SI PROTECTIA CALITATII MEDIULUI": 18, "TEHNICIAN IN TURISM": 21, "ORGANIZATOR BANQUETING": 50, "TEHNICIAN VETERINAR": 31, "TEHNICIAN ANALIZE PRODUSE ALIMENTARE": 14, "STIINTE ALE NATURII": 2, "STIINTE SOCIALE": 1}, "limba_moderna": {"LIMBA ENGLEZA": 212, "LIMBA FRANCEZA": 9}, "limba_materna": {"LIMBA ROMANA": 221}, "promotie_anterioara": {"NU": 199, "DA": 22}, "materii": {"LIMBA ROMANA": {"medie": 6.396028037383179, "reusita": 84.61538461538461, "cnt": 221}, "ANATOMIE SI FIZIOLOGIE UMANA, GENETICA SI ECOLOGIE UMANA": {"medie": 5.042857142857143, "reusita": 50.57471264367817, "cnt": 87}, "GENERAL": {"medie": 6.320550161812297, "reusita": 55.65610859728507, "cnt": 221}, "MATEMATICA ST-NAT": {"medie": 4.575, "reusita": 50.0, "cnt": 2}, "ISTORIE": {"medie": 6.989393939393938, "reusita": 100.0, "cnt": 33}, "LOGICA, ARGUMENTARE SI COMUNICARE": {"medie": 8.30119047619048, "reusita": 94.25287356321839, "cnt": 87}, "GEOGRAFIE": {"medie": 7.614444444444446, "reusita": 89.36170212765957, "cnt": 47}, "MATEMATICA TEHN": {"medie": 5.258571428571427, "reusita": 59.13978494623656, "cnt": 186}}, "nume": "COLEGIUL \"ANDRONIC MOTRESCU\" RADAUTI\tSuceava"}