{"specializari": {"MATEMATICA-INFORMATICA": 28, "STIINTE SOCIALE": 32, "FILOLOGIE": 31, "STIINTE ALE NATURII": 19}, "limba_moderna": {"LIMBA ENGLEZA": 110}, "limba_materna": {"LIMBA ROMANA": 110}, "promotie_anterioara": {"NU": 102, "DA": 8}, "materii": {"LIMBA ROMANA": {"medie": 7.059545454545451, "reusita": 92.72727272727272, "cnt": 110}, "MATEMATICA MATE-INFO": {"medie": 9.05, "reusita": 100.0, "cnt": 28}, "ANATOMIE SI FIZIOLOGIE UMANA, GENETICA SI ECOLOGIE UMANA": {"medie": 8.271052631578947, "reusita": 100.0, "cnt": 19}, "GENERAL": {"medie": 7.806363636363636, "reusita": 85.45454545454545, "cnt": 110}, "MATEMATICA ST-NAT": {"medie": 7.276315789473684, "reusita": 84.21052631578947, "cnt": 19}, "CHIMIE ORGANICA TEO NIVEL I/II": {"medie": 5.95, "reusita": 66.66666666666666, "cnt": 3}, "CHIMIE ANORGANICA TEO NIVEL I/II": {"medie": 7.3, "reusita": 100.0, "cnt": 1}, "INFORMATICA MI C/C++": {"medie": 9.110869565217392, "reusita": 100.0, "cnt": 23}, "ISTORIE": {"medie": 7.543650793650795, "reusita": 98.4126984126984, "cnt": 63}, "GEOGRAFIE": {"medie": 8.496031746031745, "reusita": 100.0, "cnt": 63}, "INFORMATICA SN C/C++": {"medie": 5.55, "reusita": 100.0, "cnt": 1}}, "nume": "COLEGIUL NATIONAL \"OCTAVIAN GOGA\" MIERCUREA CIUC\tHarghita"}