{"specializari": {"MATEMATICA-INFORMATICA": 16, "TEHNICIAN ELECTRICIAN/ELECTRONIST AUTO": 15, "TEHNICIAN PRELUCRARI PE MASINI CU COMANDA NUMERICA": 7, "TEHNICIAN ELECTROTEHNIST": 1, "TEHNICIAN PROIECTANT CAD": 1, "TEHNICIAN MECATRONIST": 1}, "limba_moderna": {"LIMBA FRANCEZA": 11, "LIMBA ENGLEZA": 30}, "limba_materna": {"LIMBA ROMANA": 41}, "promotie_anterioara": {"NU": 29, "DA": 12}, "materii": {"LIMBA ROMANA": {"medie": 6.076249999999999, "reusita": 85.36585365853658, "cnt": 41}, "MATEMATICA MATE-INFO": {"medie": 6.736666666666667, "reusita": 87.5, "cnt": 16}, "ANATOMIE SI FIZIOLOGIE UMANA, GENETICA SI ECOLOGIE UMANA": {"medie": 4.85, "reusita": 33.33333333333333, "cnt": 3}, "GENERAL": {"medie": 6.439814814814816, "reusita": 51.21951219512195, "cnt": 41}, "CHIMIE ANORGANICA TEO NIVEL I/II": {"medie": 8.275, "reusita": 100.0, "cnt": 8}, "INFORMATICA MI C/C++": {"medie": 4.2, "reusita": 0.0, "cnt": 1}, "BIOLOGIE VEGETALA SI ANIMALA": {"medie": 5.983333333333333, "reusita": 86.66666666666667, "cnt": 15}, "MATEMATICA TEHN": {"medie": 6.6090909090909085, "reusita": 76.0, "cnt": 25}, "FIZICA TEH": {"medie": 4.9375, "reusita": 55.55555555555556, "cnt": 9}, "CHIMIE ANORGANICA TEH NIVEL I/II": {"medie": 7.279999999999999, "reusita": 100.0, "cnt": 5}}, "nume": "COLEGIUL TEHNIC \"MIHAIL STURDZA\", IASI\tIa\u0219i"}