{"specializari": {"STIINTE SOCIALE": 31, "STIINTE ALE NATURII": 28, "MATEMATICA-INFORMATICA": 62, "FILOLOGIE": 30}, "limba_moderna": {"LIMBA RUSA": 2, "LIMBA ENGLEZA": 147, "LIMBA FRANCEZA": 2}, "limba_materna": {"LIMBA ROMANA": 151}, "promotie_anterioara": {"NU": 144, "DA": 7}, "materii": {"LIMBA ROMANA": {"medie": 8.186754966887417, "reusita": 98.67549668874173, "cnt": 151}, "MATEMATICA MATE-INFO": {"medie": 8.390983606557379, "reusita": 95.16129032258065, "cnt": 62}, "ANATOMIE SI FIZIOLOGIE UMANA, GENETICA SI ECOLOGIE UMANA": {"medie": 8.843333333333334, "reusita": 98.36065573770492, "cnt": 61}, "GENERAL": {"medie": 8.58944444444444, "reusita": 95.36423841059603, "cnt": 151}, "MATEMATICA ST-NAT": {"medie": 8.914285714285715, "reusita": 100.0, "cnt": 28}, "CHIMIE ORGANICA TEO NIVEL I/II": {"medie": 9.3, "reusita": 100.0, "cnt": 2}, "INFORMATICA MI C/C++": {"medie": 8.457142857142857, "reusita": 100.0, "cnt": 7}, "ISTORIE": {"medie": 9.09590163934426, "reusita": 100.0, "cnt": 61}, "LOGICA, ARGUMENTARE SI COMUNICARE": {"medie": 8.512244897959182, "reusita": 95.91836734693877, "cnt": 49}, "FIZICA TEO": {"medie": 9.17, "reusita": 100.0, "cnt": 20}, "SOCIOLOGIE": {"medie": 9.025, "reusita": 100.0, "cnt": 2}, "PSIHOLOGIE": {"medie": 9.6, "reusita": 100.0, "cnt": 1}, "GEOGRAFIE": {"medie": 9.15, "reusita": 100.0, "cnt": 6}, "ECONOMIE": {"medie": 8.833333333333334, "reusita": 100.0, "cnt": 3}}, "nume": "COLEGIUL DOBROGEAN \"SPIRU HARET\" TULCEA\tTulcea"}