{"specializari": {"INVATATOR - EDUCATOARE": 52, "FILOLOGIE": 36, "STIINTE SOCIALE": 38, "STIINTE ALE NATURII": 62, "MATEMATICA-INFORMATICA": 51}, "limba_moderna": {"LIMBA FRANCEZA": 7, "LIMBA ENGLEZA": 232}, "limba_materna": {"LIMBA ROMANA": 239}, "promotie_anterioara": {"NU": 234, "DA": 5}, "materii": {"LIMBA ROMANA": {"medie": 7.853347280334731, "reusita": 98.32635983263597, "cnt": 239}, "MATEMATICA MATE-INFO": {"medie": 7.526470588235296, "reusita": 94.11764705882352, "cnt": 51}, "ANATOMIE SI FIZIOLOGIE UMANA, GENETICA SI ECOLOGIE UMANA": {"medie": 8.342307692307692, "reusita": 98.07692307692307, "cnt": 52}, "GENERAL": {"medie": 8.105648535564855, "reusita": 89.5397489539749, "cnt": 239}, "MATEMATICA ST-NAT": {"medie": 7.833064516129033, "reusita": 93.54838709677419, "cnt": 62}, "CHIMIE ORGANICA TEO NIVEL I/II": {"medie": 8.95, "reusita": 100.0, "cnt": 1}, "CHIMIE ANORGANICA TEO NIVEL I/II": {"medie": 4.1, "reusita": 0.0, "cnt": 1}, "INFORMATICA MI C/C++": {"medie": 8.363636363636362, "reusita": 100.0, "cnt": 22}, "ISTORIE": {"medie": 8.02162162162162, "reusita": 98.64864864864865, "cnt": 74}, "LOGICA, ARGUMENTARE SI COMUNICARE": {"medie": 8.747752808988764, "reusita": 97.75280898876404, "cnt": 89}, "MATEMATICA PED": {"medie": 9.269230769230772, "reusita": 100.0, "cnt": 52}, "FIZICA TEO": {"medie": 6.94516129032258, "reusita": 80.64516129032258, "cnt": 31}, "GEOGRAFIE": {"medie": 8.849999999999998, "reusita": 100.0, "cnt": 37}, "INFORMATICA SN C/C++": {"medie": 6.258333333333334, "reusita": 83.33333333333334, "cnt": 6}}, "nume": "COLEGIUL NATIONAL PEDAGOGIC \"STEFAN CEL MARE\" BACAU\tBac\u0103u"}