{"specializari": {"STIINTE ALE NATURII": 33, "MATEMATICA-INFORMATICA": 160, "STIINTE SOCIALE": 33, "FILOLOGIE": 35}, "limba_moderna": {"LIMBA ENGLEZA": 254, "LIMBA GERMANA MODERNA": 4, "LIMBA FRANCEZA": 3}, "limba_materna": {"LIMBA ROMANA": 261}, "promotie_anterioara": {"NU": 261}, "materii": {"LIMBA ROMANA": {"medie": 8.908429118773945, "reusita": 100.0, "cnt": 261}, "MATEMATICA MATE-INFO": {"medie": 9.522812499999997, "reusita": 100.0, "cnt": 160}, "ANATOMIE SI FIZIOLOGIE UMANA, GENETICA SI ECOLOGIE UMANA": {"medie": 9.582051282051284, "reusita": 100.0, "cnt": 78}, "GENERAL": {"medie": 9.282056194125163, "reusita": 99.23371647509579, "cnt": 261}, "MATEMATICA ST-NAT": {"medie": 9.768181818181821, "reusita": 100.0, "cnt": 33}, "CHIMIE ORGANICA TEO NIVEL I/II": {"medie": 9.8625, "reusita": 100.0, "cnt": 4}, "INFORMATICA MI C/C++": {"medie": 9.623239436619716, "reusita": 100.0, "cnt": 71}, "ISTORIE": {"medie": 9.011764705882353, "reusita": 100.0, "cnt": 68}, "LOGICA, ARGUMENTARE SI COMUNICARE": {"medie": 9.299, "reusita": 100.0, "cnt": 50}, "FIZICA TEO": {"medie": 9.468750000000002, "reusita": 100.0, "cnt": 40}, "PSIHOLOGIE": {"medie": 9.85, "reusita": 100.0, "cnt": 2}, "GEOGRAFIE": {"medie": 9.489285714285714, "reusita": 100.0, "cnt": 14}, "ECONOMIE": {"medie": 8.8, "reusita": 100.0, "cnt": 2}}, "nume": "COLEGIUL NATIONAL \"FRATII BUZESTI\" CRAIOVA\tDolj"}