{"specializari": {"STIINTE ALE NATURII": 61, "MATEMATICA-INFORMATICA": 26, "STIINTE SOCIALE": 32, "FILOLOGIE": 30}, "limba_moderna": {"LIMBA ENGLEZA": 127, "LIMBA GERMANA MODERNA": 16, "LIMBA FRANCEZA": 6}, "limba_materna": {"LIMBA ROMANA": 149}, "promotie_anterioara": {"NU": 145, "DA": 4}, "materii": {"LIMBA ROMANA": {"medie": 8.779194630872482, "reusita": 100.0, "cnt": 149}, "MATEMATICA MATE-INFO": {"medie": 9.411538461538463, "reusita": 100.0, "cnt": 26}, "ANATOMIE SI FIZIOLOGIE UMANA, GENETICA SI ECOLOGIE UMANA": {"medie": 9.280909090909093, "reusita": 100.0, "cnt": 55}, "GENERAL": {"medie": 9.047747747747753, "reusita": 98.65771812080537, "cnt": 149}, "MATEMATICA ST-NAT": {"medie": 9.5172131147541, "reusita": 100.0, "cnt": 61}, "CHIMIE ORGANICA TEO NIVEL I/II": {"medie": 9.316666666666668, "reusita": 100.0, "cnt": 3}, "INFORMATICA MI C/C++": {"medie": 9.73095238095238, "reusita": 100.0, "cnt": 21}, "ISTORIE": {"medie": 8.658064516129032, "reusita": 100.0, "cnt": 62}, "LOGICA, ARGUMENTARE SI COMUNICARE": {"medie": 8.996000000000002, "reusita": 100.0, "cnt": 25}, "FIZICA TEO": {"medie": 9.7, "reusita": 100.0, "cnt": 4}, "SOCIOLOGIE": {"medie": 9.475, "reusita": 100.0, "cnt": 2}, "PSIHOLOGIE": {"medie": 9.085714285714285, "reusita": 100.0, "cnt": 7}, "GEOGRAFIE": {"medie": 8.64423076923077, "reusita": 100.0, "cnt": 26}, "INFORMATICA SN C/C++": {"medie": 9.325, "reusita": 100.0, "cnt": 2}, "BIOLOGIE VEGETALA SI ANIMALA": {"medie": 8.15, "reusita": 50.0, "cnt": 2}, "FILOSOFIE": {"medie": 9.725, "reusita": 100.0, "cnt": 2}}, "nume": "COLEGIUL NATIONAL \"UNIREA\" TIRGU MURES\tMure\u0219"}