{"specializari": {"TEHNICIAN IN ACTIVITATI ECONOMICE": 54, "TEHNICIAN IN TURISM": 23, "TEHNICIAN IN ACTIVITATI DE COMERT": 23, "TEHNICIAN IN ADMINISTRATIE": 43, "ORGANIZATOR BANQUETING": 23, "TEHNICIAN IN GASTRONOMIE": 1}, "limba_moderna": {"LIMBA ENGLEZA": 151, "LIMBA FRANCEZA": 16}, "limba_materna": {"LIMBA ROMANA": 167}, "promotie_anterioara": {"NU": 134, "DA": 33}, "materii": {"LIMBA ROMANA": {"medie": 5.725766871165645, "reusita": 82.63473053892216, "cnt": 167}, "GENERAL": {"medie": 6.206211180124224, "reusita": 52.09580838323353, "cnt": 167}, "LOGICA, ARGUMENTARE SI COMUNICARE": {"medie": 6.640697674418605, "reusita": 82.22222222222221, "cnt": 45}, "GEOGRAFIE": {"medie": 7.295299145299143, "reusita": 90.0, "cnt": 120}, "MATEMATICA TEHN": {"medie": 5.741049382716047, "reusita": 69.46107784431138, "cnt": 167}, "ECONOMIE": {"medie": 6.324999999999999, "reusita": 100.0, "cnt": 2}}, "nume": "COLEGIUL ECONOMIC \"GHEORGHE CHITU\" CRAIOVA\tDolj"}