{"specializari": {"TEHNICIAN IN ACTIVITATI ECONOMICE": 14, "TEHNICIAN VETERINAR": 13, "TEHNICIAN IN AGROTURISM": 9, "TEHNICIAN ANALIZE PRODUSE ALIMENTARE": 2, "TEHNICIAN AGROMONTAN": 3}, "limba_moderna": {"LIMBA ENGLEZA": 40, "LIMBA FRANCEZA": 1}, "limba_materna": {"LIMBA ROMANA": 41}, "promotie_anterioara": {"NU": 28, "DA": 13}, "materii": {"LIMBA ROMANA": {"medie": 5.472972972972974, "reusita": 68.29268292682927, "cnt": 41}, "ANATOMIE SI FIZIOLOGIE UMANA, GENETICA SI ECOLOGIE UMANA": {"medie": 5.622916666666668, "reusita": 57.692307692307686, "cnt": 26}, "GENERAL": {"medie": 5.650925925925928, "reusita": 41.46341463414634, "cnt": 41}, "LOGICA, ARGUMENTARE SI COMUNICARE": {"medie": 8.216666666666667, "reusita": 75.0, "cnt": 4}, "GEOGRAFIE": {"medie": 6.725, "reusita": 90.0, "cnt": 10}, "MATEMATICA TEHN": {"medie": 5.256578947368422, "reusita": 68.29268292682927, "cnt": 41}, "CHIMIE ANORGANICA TEH NIVEL I/II": {"medie": "-", "reusita": 0.0, "cnt": 1}}, "nume": "COLEGIUL PENTRU AGRICULTURA SI INDUSTRIE ALIMENTARA \"TARA BARSEI\" PREJMER\tBra\u0219ov"}