{"specializari": {"TEHNICIAN IN ACTIVITATI ECONOMICE": 59, "TEHNICIAN IN ACTIVITATI DE COMERT": 45, "TEHNICIAN IN ADMINISTRATIE": 27, "TEHNICIAN IN TURISM": 44, "TEHNICIAN IN GASTRONOMIE": 27}, "limba_moderna": {"LIMBA ENGLEZA": 199, "LIMBA FRANCEZA": 3}, "limba_materna": {"LIMBA ROMANA": 202}, "promotie_anterioara": {"NU": 193, "DA": 9}, "materii": {"LIMBA ROMANA": {"medie": 7.080099502487561, "reusita": 96.53465346534654, "cnt": 202}, "GENERAL": {"medie": 7.4069166666666675, "reusita": 84.65346534653465, "cnt": 202}, "LOGICA, ARGUMENTARE SI COMUNICARE": {"medie": 7.81941176470588, "reusita": 89.53488372093024, "cnt": 86}, "PSIHOLOGIE": {"medie": 5.8, "reusita": 100.0, "cnt": 1}, "GEOGRAFIE": {"medie": 7.803153153153154, "reusita": 94.64285714285714, "cnt": 112}, "MATEMATICA TEHN": {"medie": 7.361749999999998, "reusita": 93.06930693069307, "cnt": 202}, "ECONOMIE": {"medie": 6.233333333333334, "reusita": 100.0, "cnt": 3}}, "nume": "COLEGIUL COMERCIAL \"CAROL I\" CONSTANTA\tConstan\u021ba"}