{"specializari": {"MATEMATICA-INFORMATICA": 59, "STIINTE ALE NATURII": 29, "INVATATOR - EDUCATOARE": 27, "STIINTE SOCIALE": 31, "FILOLOGIE": 31}, "limba_moderna": {"LIMBA ENGLEZA": 174, "LIMBA FRANCEZA": 3}, "limba_materna": {"LIMBA ROMANA": 177}, "promotie_anterioara": {"NU": 174, "DA": 3}, "materii": {"LIMBA ROMANA": {"medie": 8.123728813559326, "reusita": 100.0, "cnt": 177}, "MATEMATICA MATE-INFO": {"medie": 8.332203389830509, "reusita": 96.61016949152543, "cnt": 59}, "ANATOMIE SI FIZIOLOGIE UMANA, GENETICA SI ECOLOGIE UMANA": {"medie": 8.286734693877552, "reusita": 97.95918367346938, "cnt": 49}, "GENERAL": {"medie": 8.523917137476461, "reusita": 97.17514124293785, "cnt": 177}, "MATEMATICA ST-NAT": {"medie": 8.893103448275863, "reusita": 100.0, "cnt": 29}, "CHIMIE ORGANICA TEO NIVEL I/II": {"medie": 9.9, "reusita": 100.0, "cnt": 3}, "INFORMATICA MI C/C++": {"medie": 9.124999999999998, "reusita": 100.0, "cnt": 34}, "ISTORIE": {"medie": 8.473387096774193, "reusita": 100.0, "cnt": 62}, "LOGICA, ARGUMENTARE SI COMUNICARE": {"medie": 9.46875, "reusita": 100.0, "cnt": 8}, "MATEMATICA PED": {"medie": 9.168518518518518, "reusita": 100.0, "cnt": 27}, "PSIHOLOGIE": {"medie": 9.700000000000001, "reusita": 100.0, "cnt": 3}, "GEOGRAFIE": {"medie": 8.968831168831173, "reusita": 100.0, "cnt": 77}, "BIOLOGIE VEGETALA SI ANIMALA": {"medie": 8.275, "reusita": 100.0, "cnt": 2}, "FILOSOFIE": {"medie": 7.9, "reusita": 100.0, "cnt": 1}}, "nume": "COLEGIUL NATIONAL \"IOAN SLAVICI\" SATU MARE\tSatu-Mare"}