{"specializari": {"STIINTE ALE NATURII": 30, "INVATATOR - EDUCATOARE": 27, "MATEMATICA-INFORMATICA": 49, "FILOLOGIE": 63}, "limba_moderna": {"LIMBA ENGLEZA": 162, "LIMBA FRANCEZA": 6, "LIMBA GERMANA MODERNA": 1}, "limba_materna": {"LIMBA ROMANA": 169}, "promotie_anterioara": {"NU": 169}, "materii": {"LIMBA ROMANA": {"medie": 7.95591715976331, "reusita": 99.40828402366864, "cnt": 169}, "MATEMATICA MATE-INFO": {"medie": 8.139795918367344, "reusita": 95.91836734693877, "cnt": 49}, "ANATOMIE SI FIZIOLOGIE UMANA, GENETICA SI ECOLOGIE UMANA": {"medie": 8.77265625, "reusita": 100.0, "cnt": 64}, "GENERAL": {"medie": 8.26794871794872, "reusita": 95.85798816568047, "cnt": 169}, "MATEMATICA ST-NAT": {"medie": 9.276666666666667, "reusita": 100.0, "cnt": 30}, "CHIMIE ORGANICA TEO NIVEL I/II": {"medie": 8.975, "reusita": 100.0, "cnt": 2}, "INFORMATICA MI C/C++": {"medie": 9.041666666666666, "reusita": 91.66666666666666, "cnt": 12}, "ISTORIE": {"medie": 8.078571428571427, "reusita": 98.4126984126984, "cnt": 63}, "LOGICA, ARGUMENTARE SI COMUNICARE": {"medie": 9.175, "reusita": 100.0, "cnt": 2}, "MATEMATICA PED": {"medie": 8.12962962962963, "reusita": 96.29629629629629, "cnt": 27}, "SOCIOLOGIE": {"medie": 8.034615384615385, "reusita": 100.0, "cnt": 13}, "PSIHOLOGIE": {"medie": 8.28, "reusita": 100.0, "cnt": 5}, "GEOGRAFIE": {"medie": 8.290579710144927, "reusita": 100.0, "cnt": 69}, "INFORMATICA SN C/C++": {"medie": 9.75, "reusita": 100.0, "cnt": 1}, "FILOSOFIE": {"medie": 7.8, "reusita": 100.0, "cnt": 1}}, "nume": "COLEGIUL NATIONAL \"GEORGE COSBUC\" NASAUD\tBistri\u021ba-N\u0103s\u0103ud"}