{"specializari": {"TEHNICIAN OPERATOR TEHNICA DE CALCUL": 10, "TEHNICIAN IN ACTIVITATI ECONOMICE": 21, "COAFOR STILIST": 17, "TEHNICIAN IN TURISM": 23, "TEHNICIAN IN GASTRONOMIE": 21, "TEHNICIAN MECANIC PENTRU INTRETINERE SI REPARATII": 3, "TEHNICIAN ANALIZE PRODUSE ALIMENTARE": 10, "TEHNICIAN ECOLOG SI PROTECTIA CALITATII MEDIULUI": 1, "TEHNICIAN IN ADMINISTRATIE": 1}, "limba_moderna": {"LIMBA ENGLEZA": 107}, "limba_materna": {"LIMBA ROMANA": 107}, "promotie_anterioara": {"NU": 69, "DA": 38}, "materii": {"LIMBA ROMANA": {"medie": 5.6313084112149525, "reusita": 88.78504672897196, "cnt": 107}, "ANATOMIE SI FIZIOLOGIE UMANA, GENETICA SI ECOLOGIE UMANA": {"medie": 5.115, "reusita": 63.63636363636363, "cnt": 11}, "GENERAL": {"medie": 5.747833333333338, "reusita": 31.775700934579437, "cnt": 107}, "LOGICA, ARGUMENTARE SI COMUNICARE": {"medie": 6.317187499999998, "reusita": 75.75757575757575, "cnt": 33}, "PSIHOLOGIE": {"medie": 8.2, "reusita": 100.0, "cnt": 1}, "GEOGRAFIE": {"medie": 6.447916666666667, "reusita": 87.75510204081633, "cnt": 49}, "BIOLOGIE VEGETALA SI ANIMALA": {"medie": 6.581818181818182, "reusita": 90.9090909090909, "cnt": 11}, "MATEMATICA TEHN": {"medie": 5.170754716981131, "reusita": 66.35514018691589, "cnt": 107}, "FIZICA TEH": {"medie": 6.0, "reusita": 50.0, "cnt": 2}}, "nume": "COLEGIUL TEHNIC \"MIHAI VITEAZUL\" ORADEA\tBihor"}