{"specializari": {"TEHNICIAN IN ACTIVITATI ECONOMICE": 24, "ORGANIZATOR BANQUETING": 21, "TEHNICIAN ELECTROMECANIC": 11, "TEHNICIAN ECOLOG SI PROTECTIA CALITATII MEDIULUI": 19, "TEHNICIAN PROIECTANT CAD": 2, "TEHNICIAN IN ACTIVITATI DE COMERT": 1, "TEHNICIAN IN TURISM": 2}, "limba_moderna": {"LIMBA ENGLEZA": 76, "LIMBA FRANCEZA": 4}, "limba_materna": {"LIMBA ROMANA": 80}, "promotie_anterioara": {"NU": 75, "DA": 5}, "materii": {"LIMBA ROMANA": {"medie": 5.570886075949367, "reusita": 72.5, "cnt": 80}, "ANATOMIE SI FIZIOLOGIE UMANA, GENETICA SI ECOLOGIE UMANA": {"medie": 6.889473684210526, "reusita": 94.73684210526315, "cnt": 19}, "GENERAL": {"medie": 5.741447368421054, "reusita": 38.75, "cnt": 80}, "LOGICA, ARGUMENTARE SI COMUNICARE": {"medie": 4.575, "reusita": 50.0, "cnt": 2}, "GEOGRAFIE": {"medie": 6.733695652173913, "reusita": 80.43478260869566, "cnt": 46}, "BIOLOGIE VEGETALA SI ANIMALA": {"medie": 2.75, "reusita": 0.0, "cnt": 3}, "MATEMATICA TEHN": {"medie": 4.9240506329113956, "reusita": 56.25, "cnt": 80}, "FIZICA TEH": {"medie": 5.795, "reusita": 60.0, "cnt": 10}}, "nume": "COLEGIUL TEHNIC \"PETRU MUSAT\" SUCEAVA\tSuceava"}