{"specializari": {"MATEMATICA-INFORMATICA": 57, "STIINTE ALE NATURII": 67, "STIINTE SOCIALE": 32, "FILOLOGIE": 59}, "limba_moderna": {"LIMBA ENGLEZA": 211, "LIMBA FRANCEZA": 2, "LIMBA GERMANA MODERNA": 2}, "limba_materna": {"LIMBA ROMANA": 206, "LIMBA GERMANA": 9}, "promotie_anterioara": {"NU": 214, "DA": 1}, "materii": {"LIMBA ROMANA": {"medie": 8.531627906976745, "reusita": 98.6046511627907, "cnt": 215}, "MATEMATICA MATE-INFO": {"medie": 9.457894736842103, "reusita": 100.0, "cnt": 57}, "ANATOMIE SI FIZIOLOGIE UMANA, GENETICA SI ECOLOGIE UMANA": {"medie": 9.346478873239436, "reusita": 100.0, "cnt": 71}, "GENERAL": {"medie": 8.849864341085272, "reusita": 97.67441860465115, "cnt": 215}, "MATEMATICA ST-NAT": {"medie": 9.349253731343284, "reusita": 100.0, "cnt": 67}, "CHIMIE ORGANICA TEO NIVEL I/II": {"medie": 9.45, "reusita": 100.0, "cnt": 5}, "CHIMIE ANORGANICA TEO NIVEL I/II": {"medie": 10.0, "reusita": 100.0, "cnt": 1}, "INFORMATICA MI C/C++": {"medie": 9.48625, "reusita": 100.0, "cnt": 40}, "ISTORIE": {"medie": 8.104945054945054, "reusita": 100.0, "cnt": 91}, "LOGICA, ARGUMENTARE SI COMUNICARE": {"medie": 8.99066666666667, "reusita": 98.66666666666667, "cnt": 75}, "FIZICA TEO": {"medie": 8.43, "reusita": 100.0, "cnt": 5}, "SOCIOLOGIE": {"medie": 9.25, "reusita": 100.0, "cnt": 4}, "GEOGRAFIE": {"medie": 8.00909090909091, "reusita": 100.0, "cnt": 11}, "INFORMATICA SN C/C++": {"medie": 9.45, "reusita": 100.0, "cnt": 2}, "FILOSOFIE": {"medie": 8.5, "reusita": 100.0, "cnt": 1}, "LIMBA GERMANA": {"medie": 8.583333333333334, "reusita": 100.0, "cnt": 9}}, "nume": "COLEGIUL NATIONAL \"LIVIU REBREANU\" BISTRITA\tBistri\u021ba-N\u0103s\u0103ud"}