{"specializari": {"TEHNICIAN IN TURISM": 13, "TEHNICIAN MECANIC PENTRU INTRETINERE SI REPARATII": 9, "TEHNICIAN IN ACTIVITATI ECONOMICE": 8, "TEHNICIAN ECOLOG SI PROTECTIA CALITATII MEDIULUI": 6, "TEHNICIAN IN INDUSTRIA ALIMENTARA": 4, "TEHNICIAN MECATRONIST": 7, "TEHNICIAN DESIGNER VESTIMENTAR": 1}, "limba_moderna": {"LIMBA ENGLEZA": 47, "LIMBA FRANCEZA": 1}, "limba_materna": {"LIMBA ROMANA": 48}, "promotie_anterioara": {"NU": 38, "DA": 10}, "materii": {"LIMBA ROMANA": {"medie": 5.568749999999999, "reusita": 75.0, "cnt": 48}, "ANATOMIE SI FIZIOLOGIE UMANA, GENETICA SI ECOLOGIE UMANA": {"medie": 4.250000000000001, "reusita": 50.0, "cnt": 6}, "GENERAL": {"medie": 5.498888888888888, "reusita": 39.58333333333333, "cnt": 48}, "GEOGRAFIE": {"medie": 7.8, "reusita": 90.0, "cnt": 20}, "BIOLOGIE VEGETALA SI ANIMALA": {"medie": 4.6305555555555555, "reusita": 45.0, "cnt": 20}, "MATEMATICA TEHN": {"medie": 4.995744680851063, "reusita": 60.416666666666664, "cnt": 48}, "ECONOMIE": {"medie": 6.3, "reusita": 100.0, "cnt": 1}, "FIZICA TEH": {"medie": 2.8, "reusita": 0.0, "cnt": 1}}, "nume": "COLEGIUL TEHNIC \"GHEORGHE BALS\" ADJUD\tVrancea"}