{"specializari": {"TEHNICIAN IN ACTIVITATI ECONOMICE": 65, "TEHNICIAN IN ACTIVITATI DE COMERT": 26, "TEHNICIAN IN ACHIZITII SI CONTRACTARI": 31, "TEHNICIAN IN GASTRONOMIE": 1, "TEHNICIAN IN TURISM": 1}, "limba_moderna": {"LIMBA ENGLEZA": 120, "LIMBA FRANCEZA": 3, "LIMBA GERMANA MODERNA": 1}, "limba_materna": {"LIMBA ROMANA": 123, "LIMBA MAGHIARA": 1}, "promotie_anterioara": {"NU": 112, "DA": 12}, "materii": {"LIMBA ROMANA": {"medie": 6.188934426229511, "reusita": 95.96774193548387, "cnt": 124}, "GENERAL": {"medie": 7.123736338797813, "reusita": 82.25806451612904, "cnt": 124}, "LOGICA, ARGUMENTARE SI COMUNICARE": {"medie": 7.05, "reusita": 100.0, "cnt": 1}, "PSIHOLOGIE": {"medie": 7.8, "reusita": 100.0, "cnt": 1}, "GEOGRAFIE": {"medie": 7.5611570247933875, "reusita": 95.08196721311475, "cnt": 122}, "MATEMATICA TEHN": {"medie": 7.580081300813007, "reusita": 95.96774193548387, "cnt": 124}, "LIMBA MAGHIARA (REAL)": {"medie": 6.7, "reusita": 100.0, "cnt": 1}}, "nume": "COLEGIUL ECONOMIC \"GHEORGHE DRAGOS\" SATU MARE\tSatu-Mare"}