{"specializari": {"TEHNICIAN IN ACHIZITII SI CONTRACTARI": 29, "ORGANIZATOR BANQUETING": 29, "TEHNICIAN IN ACTIVITATI ECONOMICE": 54, "TEHNICIAN IN TURISM": 31, "TEHNICIAN IN HOTELARIE": 39, "TEHNICIAN IN ACTIVITATI DE COMERT": 29, "TEHNICIAN IN ADMINISTRATIE": 17, "TEHNICIAN IN GASTRONOMIE": 6}, "limba_moderna": {"LIMBA FRANCEZA": 6, "LIMBA ENGLEZA": 227, "LIMBA GERMANA MODERNA": 1}, "limba_materna": {"LIMBA ROMANA": 234}, "promotie_anterioara": {"NU": 214, "DA": 20}, "materii": {"LIMBA ROMANA": {"medie": 6.801739130434783, "reusita": 92.3076923076923, "cnt": 234}, "GENERAL": {"medie": 7.3347345132743325, "reusita": 80.34188034188034, "cnt": 234}, "LOGICA, ARGUMENTARE SI COMUNICARE": {"medie": 7.739361702127658, "reusita": 85.71428571428571, "cnt": 49}, "PSIHOLOGIE": {"medie": 6.32, "reusita": 71.42857142857143, "cnt": 7}, "GEOGRAFIE": {"medie": 7.885714285714289, "reusita": 97.85714285714285, "cnt": 140}, "MATEMATICA TEHN": {"medie": 7.499122807017539, "reusita": 92.3076923076923, "cnt": 234}, "ECONOMIE": {"medie": 6.861842105263159, "reusita": 97.36842105263158, "cnt": 38}}, "nume": "COLEGIUL NATIONAL ECONOMIC \"ANDREI BARSEANU\" BRASOV\tBra\u0219ov"}