{"specializari": {"TEHNICIAN IN ACTIVITATI ECONOMICE": 60, "TEHNICIAN IN ACHIZITII SI CONTRACTARI": 31, "TEHNICIAN IN ACTIVITATI DE COMERT": 4, "ORGANIZATOR BANQUETING": 1}, "limba_moderna": {"LIMBA ENGLEZA": 90, "LIMBA FRANCEZA": 6}, "limba_materna": {"LIMBA ROMANA": 96}, "promotie_anterioara": {"NU": 90, "DA": 6}, "materii": {"LIMBA ROMANA": {"medie": 7.507291666666666, "reusita": 98.95833333333334, "cnt": 96}, "GENERAL": {"medie": 8.36597222222222, "reusita": 96.875, "cnt": 96}, "LOGICA, ARGUMENTARE SI COMUNICARE": {"medie": 8.968478260869565, "reusita": 97.82608695652173, "cnt": 46}, "PSIHOLOGIE": {"medie": 8.8, "reusita": 100.0, "cnt": 1}, "GEOGRAFIE": {"medie": 8.622448979591837, "reusita": 100.0, "cnt": 49}, "MATEMATICA TEHN": {"medie": 8.800520833333335, "reusita": 98.95833333333334, "cnt": 96}}, "nume": "COLEGIUL ECONOMIC \"IULIAN POP\" CLUJ-NAPOCA\tCluj"}