{"specializari": {"STIINTE SOCIALE": 62, "MATEMATICA-INFORMATICA": 113, "STIINTE ALE NATURII": 53}, "limba_moderna": {"LIMBA FRANCEZA": 27, "LIMBA ENGLEZA": 182, "LIMBA GERMANA MODERNA": 17, "LIMBA SPANIOLA": 2}, "limba_materna": {"LIMBA ROMANA": 228}, "promotie_anterioara": {"NU": 228}, "materii": {"LIMBA ROMANA": {"medie": 8.920394736842105, "reusita": 99.56140350877193, "cnt": 228}, "MATEMATICA MATE-INFO": {"medie": 9.277678571428575, "reusita": 99.11504424778761, "cnt": 113}, "ANATOMIE SI FIZIOLOGIE UMANA, GENETICA SI ECOLOGIE UMANA": {"medie": 9.419411764705883, "reusita": 98.83720930232558, "cnt": 86}, "GENERAL": {"medie": 9.14720998531571, "reusita": 99.56140350877193, "cnt": 228}, "MATEMATICA ST-NAT": {"medie": 8.97641509433962, "reusita": 100.0, "cnt": 53}, "CHIMIE ORGANICA TEO NIVEL I/II": {"medie": 8.540000000000001, "reusita": 100.0, "cnt": 5}, "INFORMATICA MI C/C++": {"medie": 9.641000000000002, "reusita": 100.0, "cnt": 50}, "ISTORIE": {"medie": 9.06209677419355, "reusita": 100.0, "cnt": 62}, "LOGICA, ARGUMENTARE SI COMUNICARE": {"medie": 9.240625, "reusita": 100.0, "cnt": 32}, "FIZICA TEO": {"medie": 9.370833333333335, "reusita": 100.0, "cnt": 24}, "SOCIOLOGIE": {"medie": 9.8, "reusita": 100.0, "cnt": 5}, "PSIHOLOGIE": {"medie": 8.9, "reusita": 100.0, "cnt": 2}, "GEOGRAFIE": {"medie": 8.91578947368421, "reusita": 100.0, "cnt": 19}, "INFORMATICA SN C/C++": {"medie": 8.6, "reusita": 100.0, "cnt": 1}, "FILOSOFIE": {"medie": 7.775, "reusita": 100.0, "cnt": 2}, "ECONOMIE": {"medie": 8.225, "reusita": 100.0, "cnt": 2}}, "nume": "COLEGIUL NATIONAL \"PETRU RARES\" SUCEAVA\tSuceava"}