{"specializari": {"STIINTE ALE NATURII": 16, "MATEMATICA-INFORMATICA": 17, "INVATATOR - EDUCATOARE": 29}, "limba_moderna": {"LIMBA ENGLEZA": 62}, "limba_materna": {"LIMBA MAGHIARA": 62}, "promotie_anterioara": {"NU": 62}, "materii": {"LIMBA ROMANA": {"medie": 6.679838709677419, "reusita": 96.7741935483871, "cnt": 62}, "MATEMATICA MATE-INFO": {"medie": 7.567647058823528, "reusita": 94.11764705882352, "cnt": 17}, "ANATOMIE SI FIZIOLOGIE UMANA, GENETICA SI ECOLOGIE UMANA": {"medie": 8.928125, "reusita": 100.0, "cnt": 16}, "GENERAL": {"medie": 7.7324596774193575, "reusita": 93.54838709677419, "cnt": 62}, "MATEMATICA ST-NAT": {"medie": 8.124999999999998, "reusita": 93.75, "cnt": 16}, "CHIMIE ORGANICA TEO NIVEL I/II": {"medie": 9.3, "reusita": 100.0, "cnt": 1}, "INFORMATICA MI C/C++": {"medie": 7.690625000000001, "reusita": 100.0, "cnt": 16}, "MATEMATICA PED": {"medie": 7.6689655172413795, "reusita": 100.0, "cnt": 29}, "PSIHOLOGIE": {"medie": 7.031250000000001, "reusita": 100.0, "cnt": 8}, "GEOGRAFIE": {"medie": 7.716666666666666, "reusita": 100.0, "cnt": 21}, "LIMBA MAGHIARA (REAL)": {"medie": 8.715151515151518, "reusita": 100.0, "cnt": 33}, "LIMBA MAGHIARA (UMAN)": {"medie": 8.322413793103449, "reusita": 100.0, "cnt": 29}}, "nume": "COLEGIUL NATIONAL \"BETHLEN GABOR\" AIUD\tAlba"}