{"specializari": {"COREGRAFIE": 14, "MUZICA": 22, "ARTE PLASTICE SI DECORATIVE": 34, "ARHITECTURA, ARTE AMBIENTALE SI DESIGN": 24, "ARTA ACTORULUI": 13}, "limba_moderna": {"LIMBA ENGLEZA": 107}, "limba_materna": {"LIMBA ROMANA": 107}, "promotie_anterioara": {"NU": 102, "DA": 5}, "materii": {"LIMBA ROMANA": {"medie": 7.159523809523811, "reusita": 94.39252336448598, "cnt": 107}, "GENERAL": {"medie": 7.377460317460318, "reusita": 85.04672897196261, "cnt": 107}, "ISTORIE": {"medie": 6.97285714285714, "reusita": 91.58878504672897, "cnt": 107}, "LOGICA, ARGUMENTARE SI COMUNICARE": {"medie": 7.797872340425532, "reusita": 87.5, "cnt": 48}, "PSIHOLOGIE": {"medie": 6.233333333333333, "reusita": 75.0, "cnt": 4}, "GEOGRAFIE": {"medie": 8.27547169811321, "reusita": 98.11320754716981, "cnt": 53}, "FILOSOFIE": {"medie": 8.7, "reusita": 100.0, "cnt": 1}, "ECONOMIE": {"medie": 7.5, "reusita": 100.0, "cnt": 1}}, "nume": "COLEGIUL NATIONAL DE ARTE \"REGINA MARIA\" CONSTANTA\tConstan\u021ba"}