{"specializari": {"LICEU CU PROGRAM SPORTIV": 22, "TEHNICIAN OPERATOR TEHNICA DE CALCUL": 15, "TEHNICIAN IN AUTOMATIZARI": 7, "TEHNICIAN ELECTRONIST": 1, "TEHNICIAN MECATRONIST": 10, "TEHNICIAN OPERATORI ROBOTI INDUSTRIALI": 1, "MATEMATICA-INFORMATICA": 3}, "limba_moderna": {"LIMBA ENGLEZA": 58, "LIMBA FRANCEZA": 1}, "limba_materna": {"LIMBA ROMANA": 59}, "promotie_anterioara": {"NU": 37, "DA": 22}, "materii": {"LIMBA ROMANA": {"medie": 5.038793103448275, "reusita": 69.49152542372882, "cnt": 59}, "MATEMATICA MATE-INFO": {"medie": 3.025, "reusita": 33.33333333333333, "cnt": 3}, "GENERAL": {"medie": 5.069135802469136, "reusita": 30.508474576271187, "cnt": 59}, "ISTORIE": {"medie": 5.254761904761906, "reusita": 63.63636363636363, "cnt": 22}, "LOGICA, ARGUMENTARE SI COMUNICARE": {"medie": 4.2, "reusita": 0.0, "cnt": 1}, "GEOGRAFIE": {"medie": 5.864999999999998, "reusita": 61.904761904761905, "cnt": 21}, "BIOLOGIE VEGETALA SI ANIMALA": {"medie": 4.8621212121212105, "reusita": 50.0, "cnt": 36}, "MATEMATICA TEHN": {"medie": 4.803030303030303, "reusita": 61.76470588235294, "cnt": 34}, "FIZICA TEH": {"medie": 6.2, "reusita": 100.0, "cnt": 1}}, "nume": "COLEGIUL TEHNIC \"EDMOND NICOLAU\"\tBucure\u0219ti"}