{"specializari": {"STIINTE SOCIALE": 69, "STIINTE ALE NATURII": 59, "MATEMATICA-INFORMATICA": 63, "FILOLOGIE": 32}, "limba_moderna": {"LIMBA ENGLEZA": 193, "LIMBA GERMANA MODERNA": 29, "LIMBA FRANCEZA": 1}, "limba_materna": {"LIMBA ROMANA": 223}, "promotie_anterioara": {"NU": 222, "DA": 1}, "materii": {"LIMBA ROMANA": {"medie": 8.186771300448429, "reusita": 100.0, "cnt": 223}, "MATEMATICA MATE-INFO": {"medie": 9.34126984126984, "reusita": 100.0, "cnt": 63}, "ANATOMIE SI FIZIOLOGIE UMANA, GENETICA SI ECOLOGIE UMANA": {"medie": 9.307246376811596, "reusita": 100.0, "cnt": 69}, "GENERAL": {"medie": 8.890807174887893, "reusita": 100.0, "cnt": 223}, "MATEMATICA ST-NAT": {"medie": 9.106779661016953, "reusita": 100.0, "cnt": 59}, "INFORMATICA MI C/C++": {"medie": 9.535714285714286, "reusita": 100.0, "cnt": 21}, "ISTORIE": {"medie": 9.16138613861386, "reusita": 100.0, "cnt": 101}, "LOGICA, ARGUMENTARE SI COMUNICARE": {"medie": 9.328947368421051, "reusita": 100.0, "cnt": 76}, "FIZICA TEO": {"medie": 9.232812500000001, "reusita": 100.0, "cnt": 32}, "PSIHOLOGIE": {"medie": 8.766666666666667, "reusita": 100.0, "cnt": 3}, "GEOGRAFIE": {"medie": 9.002380952380951, "reusita": 100.0, "cnt": 21}, "ECONOMIE": {"medie": 8.95, "reusita": 100.0, "cnt": 1}}, "nume": "COLEGIUL NATIONAL \"EUDOXIU HURMUZACHI\" RADAUTI\tSuceava"}