{"specializari": {"MATEMATICA-INFORMATICA": 116, "STIINTE ALE NATURII": 56, "FILOLOGIE": 61, "STIINTE SOCIALE": 31, "LICEU CU PROGRAM SPORTIV": 21}, "limba_moderna": {"LIMBA ENGLEZA": 266, "LIMBA FRANCEZA": 12, "LIMBA GERMANA MODERNA": 7}, "limba_materna": {"LIMBA ROMANA": 285}, "promotie_anterioara": {"NU": 285}, "materii": {"LIMBA ROMANA": {"medie": 8.420175438596491, "reusita": 99.29824561403508, "cnt": 285}, "MATEMATICA MATE-INFO": {"medie": 9.525862068965518, "reusita": 100.0, "cnt": 116}, "ANATOMIE SI FIZIOLOGIE UMANA, GENETICA SI ECOLOGIE UMANA": {"medie": 9.55, "reusita": 100.0, "cnt": 18}, "GENERAL": {"medie": 8.823742690058479, "reusita": 97.89473684210527, "cnt": 285}, "MATEMATICA ST-NAT": {"medie": 9.494642857142859, "reusita": 100.0, "cnt": 56}, "CHIMIE ORGANICA TEO NIVEL I/II": {"medie": 9.553571428571429, "reusita": 100.0, "cnt": 56}, "CHIMIE ANORGANICA TEO NIVEL I/II": {"medie": 10.0, "reusita": 100.0, "cnt": 1}, "INFORMATICA MI C/C++": {"medie": 9.545, "reusita": 100.0, "cnt": 40}, "ISTORIE": {"medie": 8.00619469026549, "reusita": 96.46017699115043, "cnt": 113}, "LOGICA, ARGUMENTARE SI COMUNICARE": {"medie": 8.849438202247194, "reusita": 98.87640449438202, "cnt": 89}, "FIZICA TEO": {"medie": 8.916666666666664, "reusita": 100.0, "cnt": 39}, "SOCIOLOGIE": {"medie": 9.3, "reusita": 100.0, "cnt": 1}, "PSIHOLOGIE": {"medie": 9.14, "reusita": 100.0, "cnt": 5}, "GEOGRAFIE": {"medie": 8.7625, "reusita": 100.0, "cnt": 4}, "INFORMATICA SN C/C++": {"medie": 9.9, "reusita": 100.0, "cnt": 1}, "BIOLOGIE VEGETALA SI ANIMALA": {"medie": 9.308823529411766, "reusita": 100.0, "cnt": 17}, "FILOSOFIE": {"medie": 7.7, "reusita": 100.0, "cnt": 1}, "ECONOMIE": {"medie": 7.93846153846154, "reusita": 100.0, "cnt": 13}}, "nume": "COLEGIUL NATIONAL \"MIHAI VITEAZUL\", MUNICIPIUL PLOIESTI\tPrahova"}