{"specializari": {"STIINTE ALE NATURII": 30, "STIINTE SOCIALE": 30, "INVATATOR - EDUCATOARE": 27, "FILOLOGIE": 26, "MATEMATICA-INFORMATICA": 58}, "limba_moderna": {"LIMBA ENGLEZA": 157, "LIMBA FRANCEZA": 14}, "limba_materna": {"LIMBA ROMANA": 171}, "promotie_anterioara": {"NU": 171}, "materii": {"LIMBA ROMANA": {"medie": 8.73654970760233, "reusita": 100.0, "cnt": 171}, "MATEMATICA MATE-INFO": {"medie": 9.259482758620688, "reusita": 100.0, "cnt": 58}, "ANATOMIE SI FIZIOLOGIE UMANA, GENETICA SI ECOLOGIE UMANA": {"medie": 9.51, "reusita": 100.0, "cnt": 20}, "GENERAL": {"medie": 9.102923976608185, "reusita": 99.41520467836257, "cnt": 171}, "MATEMATICA ST-NAT": {"medie": 9.531666666666666, "reusita": 100.0, "cnt": 30}, "CHIMIE ORGANICA TEO NIVEL I/II": {"medie": 9.59, "reusita": 100.0, "cnt": 10}, "INFORMATICA MI C/C++": {"medie": 8.635185185185186, "reusita": 96.29629629629629, "cnt": 27}, "ISTORIE": {"medie": 9.379464285714283, "reusita": 100.0, "cnt": 56}, "LOGICA, ARGUMENTARE SI COMUNICARE": {"medie": 9.255084745762714, "reusita": 100.0, "cnt": 59}, "MATEMATICA PED": {"medie": 9.590740740740742, "reusita": 100.0, "cnt": 27}, "FIZICA TEO": {"medie": 9.104000000000003, "reusita": 100.0, "cnt": 25}, "SOCIOLOGIE": {"medie": 10.0, "reusita": 100.0, "cnt": 1}, "PSIHOLOGIE": {"medie": 9.3, "reusita": 100.0, "cnt": 10}, "GEOGRAFIE": {"medie": 9.793750000000001, "reusita": 100.0, "cnt": 8}, "INFORMATICA SN C/C++": {"medie": 7.9, "reusita": 100.0, "cnt": 2}, "BIOLOGIE VEGETALA SI ANIMALA": {"medie": 9.575, "reusita": 100.0, "cnt": 4}, "FILOSOFIE": {"medie": 9.2, "reusita": 100.0, "cnt": 1}, "ECONOMIE": {"medie": 7.775, "reusita": 100.0, "cnt": 4}}, "nume": "COLEGIUL NATIONAL \"COSTACHE NEGRI\", LOCALITATEA GALATI\tGala\u021bi"}