{"specializari": {"TEHNICIAN IN TURISM": 49, "TEHNICIAN IN ACTIVITATI ECONOMICE": 87, "TEHNICIAN IN ACTIVITATI DE COMERT": 26, "TEHNICIAN IN GASTRONOMIE": 21, "TEHNICIAN IN ADMINISTRATIE": 29, "MATEMATICA-INFORMATICA": 22, "ORGANIZATOR BANQUETING": 43}, "limba_moderna": {"LIMBA ENGLEZA": 272, "LIMBA FRANCEZA": 5}, "limba_materna": {"LIMBA ROMANA": 277}, "promotie_anterioara": {"NU": 249, "DA": 28}, "materii": {"LIMBA ROMANA": {"medie": 6.177289377289377, "reusita": 90.61371841155234, "cnt": 277}, "MATEMATICA MATE-INFO": {"medie": 5.890476190476189, "reusita": 63.63636363636363, "cnt": 22}, "ANATOMIE SI FIZIOLOGIE UMANA, GENETICA SI ECOLOGIE UMANA": {"medie": 5.473076923076922, "reusita": 84.61538461538461, "cnt": 13}, "GENERAL": {"medie": 6.651452020202021, "reusita": 68.95306859205776, "cnt": 277}, "CHIMIE ORGANICA TEO NIVEL I/II": {"medie": 2.7, "reusita": 0.0, "cnt": 1}, "INFORMATICA MI C/C++": {"medie": 7.206250000000001, "reusita": 87.5, "cnt": 8}, "LOGICA, ARGUMENTARE SI COMUNICARE": {"medie": 7.386607142857144, "reusita": 91.37931034482759, "cnt": 58}, "PSIHOLOGIE": {"medie": 6.6, "reusita": 100.0, "cnt": 2}, "GEOGRAFIE": {"medie": 7.113802083333333, "reusita": 92.3076923076923, "cnt": 195}, "MATEMATICA TEHN": {"medie": 6.6502008032128535, "reusita": 87.05882352941177, "cnt": 255}}, "nume": "COLEGIUL ECONOMIC \"ION GHICA\" BACAU\tBac\u0103u"}