{"specializari": {"TEHNICIAN ELECTRICIAN/ELECTRONIST AUTO": 29, "TEHNICIAN OPERATOR TEHNICA DE CALCUL": 20, "TEHNICIAN ELECTROTEHNIST": 1, "TEHNICIAN OPERATORI ROBOTI INDUSTRIALI": 1, "TEHNICIAN TRANSPORTURI": 1, "TEHNICIAN MECANIC PENTRU INTRETINERE SI REPARATII": 1}, "limba_moderna": {"LIMBA ENGLEZA": 51, "LIMBA FRANCEZA": 2}, "limba_materna": {"LIMBA ROMANA": 47, "LIMBA MAGHIARA": 6}, "promotie_anterioara": {"NU": 35, "DA": 18}, "materii": {"LIMBA ROMANA": {"medie": 5.357843137254903, "reusita": 77.35849056603774, "cnt": 53}, "GENERAL": {"medie": 5.61640625, "reusita": 32.075471698113205, "cnt": 53}, "BIOLOGIE VEGETALA SI ANIMALA": {"medie": 5.913043478260868, "reusita": 63.26530612244898, "cnt": 49}, "MATEMATICA TEHN": {"medie": 5.65, "reusita": 75.47169811320755, "cnt": 53}, "LIMBA MAGHIARA (REAL)": {"medie": 5.816666666666667, "reusita": 83.33333333333334, "cnt": 6}, "CHIMIE ANORGANICA TEH NIVEL I/II": {"medie": 6.675, "reusita": 100.0, "cnt": 4}}, "nume": "COLEGIUL TEHNIC DE TRANSPORTURI \"TRANSILVANIA\" CLUJ-NAPOCA\tCluj"}