{"specializari": {"MATEMATICA-INFORMATICA": 126, "STIINTE ALE NATURII": 60, "FILOLOGIE": 84}, "limba_moderna": {"LIMBA ENGLEZA": 258, "LIMBA FRANCEZA": 12}, "limba_materna": {"LIMBA ROMANA": 270}, "promotie_anterioara": {"NU": 266, "DA": 4}, "materii": {"LIMBA ROMANA": {"medie": 8.127592592592586, "reusita": 100.0, "cnt": 270}, "MATEMATICA MATE-INFO": {"medie": 8.590079365079363, "reusita": 96.03174603174604, "cnt": 126}, "ANATOMIE SI FIZIOLOGIE UMANA, GENETICA SI ECOLOGIE UMANA": {"medie": 8.493181818181817, "reusita": 98.87640449438202, "cnt": 89}, "GENERAL": {"medie": 8.37131350681536, "reusita": 94.44444444444444, "cnt": 270}, "MATEMATICA ST-NAT": {"medie": 8.074166666666667, "reusita": 96.66666666666667, "cnt": 60}, "CHIMIE ORGANICA TEO NIVEL I/II": {"medie": 9.716666666666667, "reusita": 100.0, "cnt": 3}, "CHIMIE ANORGANICA TEO NIVEL I/II": {"medie": 9.35, "reusita": 100.0, "cnt": 1}, "INFORMATICA MI C/C++": {"medie": 8.856666666666666, "reusita": 100.0, "cnt": 15}, "ISTORIE": {"medie": 7.789880952380951, "reusita": 96.42857142857143, "cnt": 84}, "LOGICA, ARGUMENTARE SI COMUNICARE": {"medie": 9.097058823529412, "reusita": 98.52941176470588, "cnt": 68}, "FIZICA TEO": {"medie": 8.761904761904761, "reusita": 98.4126984126984, "cnt": 63}, "SOCIOLOGIE": {"medie": 8.45, "reusita": 100.0, "cnt": 1}, "GEOGRAFIE": {"medie": 8.507142857142856, "reusita": 100.0, "cnt": 14}, "INFORMATICA SN C/C++": {"medie": 5.8500000000000005, "reusita": 50.0, "cnt": 2}, "BIOLOGIE VEGETALA SI ANIMALA": {"medie": 8.726923076923077, "reusita": 100.0, "cnt": 13}, "ECONOMIE": {"medie": 9.15, "reusita": 100.0, "cnt": 1}}, "nume": "COLEGIUL NATIONAL \"ION MINULESCU\" SLATINA\tOlt"}