{"specializari": {"STIINTE SOCIALE": 70, "INVATATOR - EDUCATOARE": 85, "FILOLOGIE": 36, "INSTRUCTOR PENTRU ACTIVITATI EXTRASCOLARE": 30, "EDUCATOR-PUERICULTOR": 4}, "limba_moderna": {"LIMBA ENGLEZA": 206, "LIMBA GERMANA MODERNA": 15, "LIMBA FRANCEZA": 1, "LIMBA ITALIANA": 3}, "limba_materna": {"LIMBA ROMANA": 135, "LIMBA MAGHIARA": 90}, "promotie_anterioara": {"NU": 212, "DA": 13}, "materii": {"LIMBA ROMANA": {"medie": 6.3665909090909105, "reusita": 90.22222222222223, "cnt": 225}, "GENERAL": {"medie": 7.2337121212121165, "reusita": 80.88888888888889, "cnt": 225}, "ISTORIE": {"medie": 6.703214285714287, "reusita": 91.42857142857143, "cnt": 140}, "LOGICA, ARGUMENTARE SI COMUNICARE": {"medie": 8.165714285714284, "reusita": 94.28571428571428, "cnt": 35}, "MATEMATICA PED": {"medie": 8.310493827160498, "reusita": 95.29411764705881, "cnt": 85}, "SOCIOLOGIE": {"medie": 7.05, "reusita": 100.0, "cnt": 1}, "PSIHOLOGIE": {"medie": 7.529999999999999, "reusita": 83.33333333333334, "cnt": 6}, "GEOGRAFIE": {"medie": 7.827222222222222, "reusita": 97.26775956284153, "cnt": 183}, "LIMBA MAGHIARA (UMAN)": {"medie": 7.4983146067415705, "reusita": 98.88888888888889, "cnt": 90}}, "nume": "COLEGIUL NATIONAL PEDAGOGIC \"MIHAI EMINESCU\" TIRGU MURES\tMure\u0219"}