{"specializari": {"TEHNICIAN IN AUTOMATIZARI": 15, "FILOLOGIE": 9, "TEHNICIAN MECATRONIST": 14, "STIINTE SOCIALE": 3, "TEHNICIAN DESENATOR PENTRU CONSTRUCTII SI INSTALATII": 12, "TEHNICIAN ELECTRICIAN/ELECTRONIST AUTO": 3, "TEHNICIAN IN INSTALATII ELECTRICE": 12}, "limba_moderna": {"LIMBA ENGLEZA": 68}, "limba_materna": {"LIMBA ROMANA": 68}, "promotie_anterioara": {"NU": 58, "DA": 10}, "materii": {"LIMBA ROMANA": {"medie": 4.396825396825398, "reusita": 44.11764705882353, "cnt": 68}, "GENERAL": {"medie": 4.302259887005649, "reusita": 17.647058823529413, "cnt": 68}, "ISTORIE": {"medie": 5.136363636363637, "reusita": 66.66666666666666, "cnt": 12}, "LOGICA, ARGUMENTARE SI COMUNICARE": {"medie": 7.9, "reusita": 100.0, "cnt": 1}, "GEOGRAFIE": {"medie": 7.575, "reusita": 90.9090909090909, "cnt": 11}, "BIOLOGIE VEGETALA SI ANIMALA": {"medie": 3.8451219512195136, "reusita": 27.659574468085108, "cnt": 47}, "MATEMATICA TEHN": {"medie": 3.769791666666666, "reusita": 30.357142857142854, "cnt": 56}, "FIZICA TEH": {"medie": 3.207142857142857, "reusita": 14.285714285714285, "cnt": 7}, "CHIMIE ANORGANICA TEH NIVEL I/II": {"medie": 4.1, "reusita": 50.0, "cnt": 2}}, "nume": "COLEGIUL TEHNIC \"SAMUIL ISOPESCU\" SUCEAVA\tSuceava"}