{"specializari": {"FILOLOGIE": 25, "TEHNICIAN IN ACTIVITATI ECONOMICE": 11}, "limba_moderna": {"LIMBA ENGLEZA": 33, "LIMBA FRANCEZA": 3}, "limba_materna": {"LIMBA ROMANA": 36}, "promotie_anterioara": {"NU": 23, "DA": 13}, "materii": {"LIMBA ROMANA": {"medie": 5.4191176470588225, "reusita": 77.77777777777779, "cnt": 36}, "GENERAL": {"medie": 6.072395833333334, "reusita": 50.0, "cnt": 36}, "ISTORIE": {"medie": 5.835416666666667, "reusita": 72.0, "cnt": 25}, "SOCIOLOGIE": {"medie": 6.633333333333334, "reusita": 88.88888888888889, "cnt": 9}, "GEOGRAFIE": {"medie": 7.3260000000000005, "reusita": 85.18518518518519, "cnt": 27}, "MATEMATICA TEHN": {"medie": 5.2444444444444445, "reusita": 63.63636363636363, "cnt": 11}}, "nume": "COLEGIUL PARTICULAR \"VASILE GOLDIS\" ARAD\tArad"}