{"specializari": {"MATEMATICA-INFORMATICA": 50, "STIINTE ALE NATURII": 21, "FILOLOGIE": 35}, "limba_moderna": {"LIMBA ENGLEZA": 106}, "limba_materna": {"LIMBA ROMANA": 106}, "promotie_anterioara": {"NU": 105, "DA": 1}, "materii": {"LIMBA ROMANA": {"medie": 8.789150943396228, "reusita": 100.0, "cnt": 106}, "MATEMATICA MATE-INFO": {"medie": 9.284, "reusita": 100.0, "cnt": 50}, "ANATOMIE SI FIZIOLOGIE UMANA, GENETICA SI ECOLOGIE UMANA": {"medie": 9.36891891891892, "reusita": 100.0, "cnt": 37}, "GENERAL": {"medie": 9.052222222222222, "reusita": 98.11320754716981, "cnt": 106}, "MATEMATICA ST-NAT": {"medie": 9.176190476190477, "reusita": 100.0, "cnt": 21}, "CHIMIE ORGANICA TEO NIVEL I/II": {"medie": 10.0, "reusita": 100.0, "cnt": 1}, "INFORMATICA MI C/C++": {"medie": 9.222000000000001, "reusita": 100.0, "cnt": 25}, "ISTORIE": {"medie": 8.866176470588234, "reusita": 94.28571428571428, "cnt": 35}, "LOGICA, ARGUMENTARE SI COMUNICARE": {"medie": 9.224999999999998, "reusita": 100.0, "cnt": 20}, "FIZICA TEO": {"medie": 8.25, "reusita": 100.0, "cnt": 3}, "SOCIOLOGIE": {"medie": 7.6499999999999995, "reusita": 100.0, "cnt": 2}, "PSIHOLOGIE": {"medie": 8.8, "reusita": 100.0, "cnt": 2}, "GEOGRAFIE": {"medie": 8.834999999999999, "reusita": 100.0, "cnt": 10}, "BIOLOGIE VEGETALA SI ANIMALA": {"medie": 9.03, "reusita": 100.0, "cnt": 5}, "FILOSOFIE": {"medie": 10.0, "reusita": 100.0, "cnt": 1}}, "nume": "COLEGIUL NATIONAL \"TRAIAN LALESCU\" RESITA\tCara\u0219-Severin"}