{"specializari": {"MATEMATICA-INFORMATICA": 13, "TEHNICIAN IN TURISM": 4, "TEHNICIAN IN GASTRONOMIE": 2, "STIINTE ALE NATURII": 2}, "limba_moderna": {"LIMBA ENGLEZA": 15, "LIMBA FRANCEZA": 6}, "limba_materna": {"LIMBA ROMANA": 21}, "promotie_anterioara": {"NU": 13, "DA": 8}, "materii": {"LIMBA ROMANA": {"medie": 6.476190476190477, "reusita": 100.0, "cnt": 21}, "MATEMATICA MATE-INFO": {"medie": 6.25, "reusita": 84.61538461538461, "cnt": 13}, "ANATOMIE SI FIZIOLOGIE UMANA, GENETICA SI ECOLOGIE UMANA": {"medie": 7.064285714285715, "reusita": 92.85714285714286, "cnt": 14}, "GENERAL": {"medie": 6.429166666666667, "reusita": 66.66666666666666, "cnt": 21}, "MATEMATICA ST-NAT": {"medie": 6.025, "reusita": 100.0, "cnt": 2}, "INFORMATICA MI C/C++": {"medie": 7.35, "reusita": 100.0, "cnt": 1}, "GEOGRAFIE": {"medie": 6.74, "reusita": 80.0, "cnt": 5}, "MATEMATICA TEHN": {"medie": 4.539999999999999, "reusita": 33.33333333333333, "cnt": 6}, "ECONOMIE": {"medie": 7.85, "reusita": 100.0, "cnt": 1}}, "nume": "COLEGIUL \"ION KALINDERU\", ORASUL BUSTENI\tPrahova"}