{"specializari": {"STIINTE SOCIALE": 13, "TEHNICIAN IN SILVICULTURA SI EXPLOATARI FORESTIERE": 19, "STIINTE ALE NATURII": 6}, "limba_moderna": {"LIMBA ENGLEZA": 37, "LIMBA FRANCEZA": 1}, "limba_materna": {"LIMBA ROMANA": 38}, "promotie_anterioara": {"NU": 23, "DA": 15}, "materii": {"LIMBA ROMANA": {"medie": 4.962857142857144, "reusita": 60.526315789473685, "cnt": 38}, "ANATOMIE SI FIZIOLOGIE UMANA, GENETICA SI ECOLOGIE UMANA": {"medie": 5.890000000000001, "reusita": 80.0, "cnt": 5}, "GENERAL": {"medie": 5.273118279569892, "reusita": 26.31578947368421, "cnt": 38}, "MATEMATICA ST-NAT": {"medie": 1.5625, "reusita": 0.0, "cnt": 6}, "ISTORIE": {"medie": 5.499999999999999, "reusita": 69.23076923076923, "cnt": 13}, "GEOGRAFIE": {"medie": 6.581818181818182, "reusita": 76.92307692307693, "cnt": 13}, "BIOLOGIE VEGETALA SI ANIMALA": {"medie": 5.277777777777777, "reusita": 55.00000000000001, "cnt": 20}, "MATEMATICA TEHN": {"medie": 4.511111111111112, "reusita": 57.89473684210527, "cnt": 19}}, "nume": "COLEGIUL SILVIC \"THEODOR PIETRARU\" BRANESTI\tIlfov"}