{"specializari": {"STIINTE SOCIALE": 32, "MATEMATICA-INFORMATICA": 27, "FILOLOGIE": 32}, "limba_moderna": {"LIMBA ENGLEZA": 69, "LIMBA ITALIANA": 22}, "limba_materna": {"LIMBA ROMANA": 91}, "promotie_anterioara": {"NU": 88, "DA": 3}, "materii": {"LIMBA ROMANA": {"medie": 7.965384615384613, "reusita": 98.9010989010989, "cnt": 91}, "MATEMATICA MATE-INFO": {"medie": 9.009259259259258, "reusita": 100.0, "cnt": 27}, "ANATOMIE SI FIZIOLOGIE UMANA, GENETICA SI ECOLOGIE UMANA": {"medie": 8.5, "reusita": 100.0, "cnt": 10}, "GENERAL": {"medie": 8.514102564102567, "reusita": 97.8021978021978, "cnt": 91}, "CHIMIE ORGANICA TEO NIVEL I/II": {"medie": 9.65, "reusita": 100.0, "cnt": 1}, "INFORMATICA MI C/C++": {"medie": 9.120000000000001, "reusita": 100.0, "cnt": 15}, "ISTORIE": {"medie": 8.398437499999996, "reusita": 100.0, "cnt": 64}, "LOGICA, ARGUMENTARE SI COMUNICARE": {"medie": 9.11290322580645, "reusita": 100.0, "cnt": 31}, "FIZICA TEO": {"medie": 8.0, "reusita": 100.0, "cnt": 1}, "SOCIOLOGIE": {"medie": 8.35, "reusita": 100.0, "cnt": 1}, "PSIHOLOGIE": {"medie": 9.25, "reusita": 100.0, "cnt": 2}, "GEOGRAFIE": {"medie": 9.063793103448274, "reusita": 100.0, "cnt": 29}, "FILOSOFIE": {"medie": 7.1, "reusita": 100.0, "cnt": 1}}, "nume": "COLEGIUL NATIONAL \"GEORGE BARITIU\" CLUJ-NAPOCA\tCluj"}