{"specializari": {"STIINTE SOCIALE": 30, "MATEMATICA-INFORMATICA": 58, "STIINTE ALE NATURII": 59, "FILOLOGIE": 30}, "limba_moderna": {"LIMBA ENGLEZA": 173, "LIMBA GERMANA MODERNA": 2, "LIMBA FRANCEZA": 2}, "limba_materna": {"LIMBA ROMANA": 177}, "promotie_anterioara": {"NU": 177}, "materii": {"LIMBA ROMANA": {"medie": 8.605932203389829, "reusita": 99.43502824858757, "cnt": 177}, "MATEMATICA MATE-INFO": {"medie": 9.606896551724137, "reusita": 100.0, "cnt": 58}, "ANATOMIE SI FIZIOLOGIE UMANA, GENETICA SI ECOLOGIE UMANA": {"medie": 9.593750000000002, "reusita": 100.0, "cnt": 88}, "GENERAL": {"medie": 9.025517890772134, "reusita": 99.43502824858757, "cnt": 177}, "MATEMATICA ST-NAT": {"medie": 9.18813559322034, "reusita": 100.0, "cnt": 59}, "CHIMIE ANORGANICA TEO NIVEL I/II": {"medie": 9.8, "reusita": 100.0, "cnt": 2}, "INFORMATICA MI C/C++": {"medie": 9.535, "reusita": 100.0, "cnt": 20}, "ISTORIE": {"medie": 8.724166666666665, "reusita": 98.33333333333333, "cnt": 60}, "LOGICA, ARGUMENTARE SI COMUNICARE": {"medie": 9.088888888888889, "reusita": 100.0, "cnt": 9}, "FIZICA TEO": {"medie": 8.959999999999999, "reusita": 100.0, "cnt": 5}, "SOCIOLOGIE": {"medie": 8.117857142857142, "reusita": 100.0, "cnt": 14}, "PSIHOLOGIE": {"medie": 9.55, "reusita": 100.0, "cnt": 4}, "GEOGRAFIE": {"medie": 9.042187499999999, "reusita": 100.0, "cnt": 32}, "BIOLOGIE VEGETALA SI ANIMALA": {"medie": 7.75, "reusita": 100.0, "cnt": 2}, "ECONOMIE": {"medie": 8.7, "reusita": 100.0, "cnt": 1}}, "nume": "COLEGIUL NATIONAL \"CONSTANTIN DIACONOVICI LOGA\" TIMISOARA\tTimi\u0219"}