{"specializari": {"MATEMATICA-INFORMATICA": 111, "STIINTE ALE NATURII": 61, "STIINTE SOCIALE": 32, "FILOLOGIE": 28}, "limba_moderna": {"LIMBA ENGLEZA": 229, "LIMBA FRANCEZA": 3}, "limba_materna": {"LIMBA ROMANA": 232}, "promotie_anterioara": {"NU": 230, "DA": 2}, "materii": {"LIMBA ROMANA": {"medie": 8.644612068965518, "reusita": 100.0, "cnt": 232}, "MATEMATICA MATE-INFO": {"medie": 9.120270270270264, "reusita": 100.0, "cnt": 111}, "ANATOMIE SI FIZIOLOGIE UMANA, GENETICA SI ECOLOGIE UMANA": {"medie": 8.981249999999998, "reusita": 100.0, "cnt": 72}, "GENERAL": {"medie": 8.906421356421358, "reusita": 99.13793103448276, "cnt": 232}, "MATEMATICA ST-NAT": {"medie": 9.551639344262295, "reusita": 100.0, "cnt": 61}, "CHIMIE ORGANICA TEO NIVEL I/II": {"medie": 9.48, "reusita": 100.0, "cnt": 15}, "INFORMATICA MI C/C++": {"medie": 9.051111111111108, "reusita": 97.82608695652173, "cnt": 46}, "ISTORIE": {"medie": 8.095833333333333, "reusita": 100.0, "cnt": 60}, "LOGICA, ARGUMENTARE SI COMUNICARE": {"medie": 9.186734693877549, "reusita": 100.0, "cnt": 49}, "FIZICA TEO": {"medie": 9.214473684210526, "reusita": 100.0, "cnt": 38}, "PSIHOLOGIE": {"medie": 8.85, "reusita": 100.0, "cnt": 1}, "GEOGRAFIE": {"medie": 8.635, "reusita": 100.0, "cnt": 10}, "BIOLOGIE VEGETALA SI ANIMALA": {"medie": 8.25, "reusita": 100.0, "cnt": 1}}, "nume": "COLEGIUL NATIONAL \"MIHAI EMINESCU\" BOTOSANI\tBoto\u0219ani"}