{"specializari": {"STIINTE SOCIALE": 65, "STIINTE ALE NATURII": 65, "MATEMATICA-INFORMATICA": 57, "FILOLOGIE": 62}, "limba_moderna": {"LIMBA ENGLEZA": 249}, "limba_materna": {"LIMBA ROMANA": 249}, "promotie_anterioara": {"NU": 248, "DA": 1}, "materii": {"LIMBA ROMANA": {"medie": 8.450803212851405, "reusita": 99.59839357429718, "cnt": 249}, "MATEMATICA MATE-INFO": {"medie": 8.766666666666666, "reusita": 98.24561403508771, "cnt": 57}, "ANATOMIE SI FIZIOLOGIE UMANA, GENETICA SI ECOLOGIE UMANA": {"medie": 9.050833333333332, "reusita": 100.0, "cnt": 60}, "GENERAL": {"medie": 8.692943548387095, "reusita": 95.98393574297188, "cnt": 249}, "MATEMATICA ST-NAT": {"medie": 8.889230769230771, "reusita": 96.92307692307692, "cnt": 65}, "CHIMIE ORGANICA TEO NIVEL I/II": {"medie": 9.275, "reusita": 100.0, "cnt": 8}, "CHIMIE ANORGANICA TEO NIVEL I/II": {"medie": 5.8, "reusita": 75.0, "cnt": 4}, "INFORMATICA MI C/C++": {"medie": 9.228125, "reusita": 100.0, "cnt": 32}, "ISTORIE": {"medie": 8.809842519685038, "reusita": 99.21259842519686, "cnt": 127}, "LOGICA, ARGUMENTARE SI COMUNICARE": {"medie": 8.706132075471697, "reusita": 98.11320754716981, "cnt": 106}, "FIZICA TEO": {"medie": 8.215625, "reusita": 93.75, "cnt": 16}, "PSIHOLOGIE": {"medie": 9.16, "reusita": 100.0, "cnt": 10}, "GEOGRAFIE": {"medie": 8.739999999999998, "reusita": 100.0, "cnt": 10}, "INFORMATICA SN C/C++": {"medie": 7.75, "reusita": 100.0, "cnt": 2}, "FILOSOFIE": {"medie": 10.0, "reusita": 100.0, "cnt": 1}}, "nume": "COLEGIUL NATIONAL \"VASILE ALECSANDRI\" BACAU\tBac\u0103u"}