{"specializari": {"INVATATOR - EDUCATOARE": 32, "FILOLOGIE": 63, "MATEMATICA-INFORMATICA": 62}, "limba_moderna": {"LIMBA ENGLEZA": 155, "LIMBA FRANCEZA": 2}, "limba_materna": {"LIMBA ROMANA": 157}, "promotie_anterioara": {"NU": 157}, "materii": {"LIMBA ROMANA": {"medie": 8.161464968152865, "reusita": 99.36305732484077, "cnt": 157}, "MATEMATICA MATE-INFO": {"medie": 8.95322580645161, "reusita": 100.0, "cnt": 62}, "ANATOMIE SI FIZIOLOGIE UMANA, GENETICA SI ECOLOGIE UMANA": {"medie": 8.941666666666666, "reusita": 100.0, "cnt": 6}, "GENERAL": {"medie": 8.700743099787685, "reusita": 98.72611464968153, "cnt": 157}, "CHIMIE ORGANICA TEO NIVEL I/II": {"medie": 9.100000000000001, "reusita": 100.0, "cnt": 2}, "INFORMATICA MI C/C++": {"medie": 8.852380952380955, "reusita": 100.0, "cnt": 42}, "ISTORIE": {"medie": 9.049999999999997, "reusita": 100.0, "cnt": 63}, "LOGICA, ARGUMENTARE SI COMUNICARE": {"medie": 8.994117647058824, "reusita": 100.0, "cnt": 17}, "MATEMATICA PED": {"medie": 9.159374999999997, "reusita": 100.0, "cnt": 32}, "FIZICA TEO": {"medie": 7.700000000000001, "reusita": 100.0, "cnt": 7}, "SOCIOLOGIE": {"medie": 8.55, "reusita": 100.0, "cnt": 9}, "PSIHOLOGIE": {"medie": 8.404999999999998, "reusita": 100.0, "cnt": 10}, "GEOGRAFIE": {"medie": 9.410000000000004, "reusita": 100.0, "cnt": 55}, "BIOLOGIE VEGETALA SI ANIMALA": {"medie": 7.75, "reusita": 100.0, "cnt": 5}, "ECONOMIE": {"medie": 7.65, "reusita": 100.0, "cnt": 4}}, "nume": "COLEGIUL NATIONAL \"ELENA CUZA\"\tBucure\u0219ti"}