{"specializari": {"MATEMATICA-INFORMATICA": 56, "STIINTE ALE NATURII": 31}, "limba_moderna": {"LIMBA ENGLEZA": 87}, "limba_materna": {"LIMBA ROMANA": 87}, "promotie_anterioara": {"NU": 87}, "materii": {"LIMBA ROMANA": {"medie": 8.99597701149425, "reusita": 100.0, "cnt": 87}, "MATEMATICA MATE-INFO": {"medie": 9.641964285714284, "reusita": 100.0, "cnt": 56}, "ANATOMIE SI FIZIOLOGIE UMANA, GENETICA SI ECOLOGIE UMANA": {"medie": 9.620238095238095, "reusita": 100.0, "cnt": 42}, "GENERAL": {"medie": 9.385249042145595, "reusita": 100.0, "cnt": 87}, "MATEMATICA ST-NAT": {"medie": 9.514516129032259, "reusita": 100.0, "cnt": 31}, "CHIMIE ORGANICA TEO NIVEL I/II": {"medie": 9.65, "reusita": 100.0, "cnt": 3}, "CHIMIE ANORGANICA TEO NIVEL I/II": {"medie": 9.9, "reusita": 100.0, "cnt": 1}, "INFORMATICA MI C/C++": {"medie": 9.601851851851855, "reusita": 100.0, "cnt": 27}, "FIZICA TEO": {"medie": 9.323076923076924, "reusita": 100.0, "cnt": 13}, "INFORMATICA SN C/C++": {"medie": 8.65, "reusita": 100.0, "cnt": 1}}, "nume": "COLEGIUL NATIONAL \"EMIL RACOVITA\" CLUJ-NAPOCA\tCluj"}