{"specializari": {"LICEU CU PROGRAM SPORTIV": 21, "TEHNICIAN DESENATOR PENTRU CONSTRUCTII SI INSTALATII": 11, "TEHNICIAN IN INSTALATII ELECTRICE": 7, "TEHNICIAN PRELUCRARI PE MASINI CU COMANDA NUMERICA": 3, "TEHNICIAN MECATRONIST": 9, "TEHNICIAN IN CONSTRUCTII SI LUCRARI PUBLICE": 1}, "limba_moderna": {"LIMBA ENGLEZA": 47, "LIMBA FRANCEZA": 5}, "limba_materna": {"LIMBA ROMANA": 52}, "promotie_anterioara": {"NU": 37, "DA": 15}, "materii": {"LIMBA ROMANA": {"medie": 5.7799999999999985, "reusita": 84.61538461538461, "cnt": 52}, "GENERAL": {"medie": 5.990217391304347, "reusita": 44.230769230769226, "cnt": 52}, "ISTORIE": {"medie": 7.03095238095238, "reusita": 100.0, "cnt": 21}, "LOGICA, ARGUMENTARE SI COMUNICARE": {"medie": 8.3, "reusita": 100.0, "cnt": 1}, "GEOGRAFIE": {"medie": 8.212499999999999, "reusita": 100.0, "cnt": 20}, "BIOLOGIE VEGETALA SI ANIMALA": {"medie": 4.871999999999999, "reusita": 50.0, "cnt": 26}, "MATEMATICA TEHN": {"medie": 4.757407407407408, "reusita": 51.61290322580645, "cnt": 31}, "FIZICA TEH": {"medie": 4.762499999999999, "reusita": 40.0, "cnt": 5}}, "nume": "COLEGIUL TEHNIC \"ANGHEL SALIGNY\" BAIA MARE\tMaramure\u0219"}