{"specializari": {"MATEMATICA-INFORMATICA": 51, "STIINTE ALE NATURII": 63, "FILOLOGIE": 30}, "limba_moderna": {"LIMBA ENGLEZA": 129, "LIMBA GERMANA MODERNA": 4, "LIMBA FRANCEZA": 11}, "limba_materna": {"LIMBA ROMANA": 132, "LIMBA GERMANA": 12}, "promotie_anterioara": {"NU": 143, "DA": 1}, "materii": {"LIMBA ROMANA": {"medie": 8.278472222222224, "reusita": 99.30555555555556, "cnt": 144}, "MATEMATICA MATE-INFO": {"medie": 9.033333333333335, "reusita": 100.0, "cnt": 51}, "ANATOMIE SI FIZIOLOGIE UMANA, GENETICA SI ECOLOGIE UMANA": {"medie": 8.80483870967742, "reusita": 98.38709677419355, "cnt": 62}, "GENERAL": {"medie": 8.648408564814813, "reusita": 96.52777777777779, "cnt": 144}, "MATEMATICA ST-NAT": {"medie": 8.760317460317461, "reusita": 96.82539682539682, "cnt": 63}, "CHIMIE ORGANICA TEO NIVEL I/II": {"medie": 9.608333333333333, "reusita": 100.0, "cnt": 6}, "CHIMIE ANORGANICA TEO NIVEL I/II": {"medie": 8.35, "reusita": 100.0, "cnt": 1}, "INFORMATICA MI C/C++": {"medie": 9.005714285714285, "reusita": 100.0, "cnt": 35}, "ISTORIE": {"medie": 8.633333333333333, "reusita": 100.0, "cnt": 30}, "LOGICA, ARGUMENTARE SI COMUNICARE": {"medie": 9.5, "reusita": 100.0, "cnt": 2}, "FIZICA TEO": {"medie": 9.237499999999999, "reusita": 100.0, "cnt": 4}, "SOCIOLOGIE": {"medie": 9.025, "reusita": 100.0, "cnt": 6}, "PSIHOLOGIE": {"medie": 7.6, "reusita": 100.0, "cnt": 1}, "GEOGRAFIE": {"medie": 8.676470588235293, "reusita": 100.0, "cnt": 17}, "INFORMATICA SN C/C++": {"medie": 7.699999999999999, "reusita": 100.0, "cnt": 2}, "BIOLOGIE VEGETALA SI ANIMALA": {"medie": 8.375, "reusita": 100.0, "cnt": 4}, "FILOSOFIE": {"medie": 8.933333333333332, "reusita": 100.0, "cnt": 3}, "LIMBA GERMANA": {"medie": 8.1, "reusita": 100.0, "cnt": 12}, "ECONOMIE": {"medie": 7.4, "reusita": 100.0, "cnt": 1}}, "nume": "COLEGIUL NATIONAL \"DECEBAL\" DEVA\tHunedoara"}