{"specializari": {"FILOLOGIE": 63, "STIINTE ALE NATURII": 62, "STIINTE SOCIALE": 33, "MATEMATICA-INFORMATICA": 32}, "limba_moderna": {"LIMBA ENGLEZA": 187, "LIMBA FRANCEZA": 1, "LIMBA GERMANA MODERNA": 2}, "limba_materna": {"LIMBA ROMANA": 190}, "promotie_anterioara": {"NU": 188, "DA": 2}, "materii": {"LIMBA ROMANA": {"medie": 8.236052631578948, "reusita": 99.47368421052632, "cnt": 190}, "MATEMATICA MATE-INFO": {"medie": 9.168750000000001, "reusita": 96.875, "cnt": 32}, "ANATOMIE SI FIZIOLOGIE UMANA, GENETICA SI ECOLOGIE UMANA": {"medie": 9.588709677419356, "reusita": 100.0, "cnt": 31}, "GENERAL": {"medie": 8.758730158730156, "reusita": 97.36842105263158, "cnt": 190}, "MATEMATICA ST-NAT": {"medie": 9.31311475409836, "reusita": 98.38709677419355, "cnt": 62}, "CHIMIE ORGANICA TEO NIVEL I/II": {"medie": 8.5, "reusita": 100.0, "cnt": 3}, "CHIMIE ANORGANICA TEO NIVEL I/II": {"medie": 9.0, "reusita": 100.0, "cnt": 2}, "INFORMATICA MI C/C++": {"medie": 9.25, "reusita": 100.0, "cnt": 17}, "ISTORIE": {"medie": 8.584895833333334, "reusita": 97.91666666666666, "cnt": 96}, "LOGICA, ARGUMENTARE SI COMUNICARE": {"medie": 9.116216216216214, "reusita": 100.0, "cnt": 74}, "FIZICA TEO": {"medie": 9.18, "reusita": 100.0, "cnt": 5}, "PSIHOLOGIE": {"medie": 9.3, "reusita": 100.0, "cnt": 2}, "GEOGRAFIE": {"medie": 8.744444444444447, "reusita": 100.0, "cnt": 18}, "INFORMATICA SN C/C++": {"medie": 7.3, "reusita": 50.0, "cnt": 2}, "BIOLOGIE VEGETALA SI ANIMALA": {"medie": 8.948529411764707, "reusita": 100.0, "cnt": 34}, "FILOSOFIE": {"medie": 8.45, "reusita": 100.0, "cnt": 2}}, "nume": "COLEGIUL NATIONAL \"OCTAVIAN GOGA\" SIBIU\tSibiu"}