{"specializari": {"STIINTE ALE NATURII": 56, "MATEMATICA-INFORMATICA": 30, "FILOLOGIE": 58, "STIINTE SOCIALE": 31}, "limba_moderna": {"LIMBA ENGLEZA": 154, "LIMBA FRANCEZA": 17, "LIMBA RUSA": 4}, "limba_materna": {"LIMBA ROMANA": 175}, "promotie_anterioara": {"NU": 173, "DA": 2}, "materii": {"LIMBA ROMANA": {"medie": 8.181714285714289, "reusita": 100.0, "cnt": 175}, "MATEMATICA MATE-INFO": {"medie": 8.58, "reusita": 100.0, "cnt": 30}, "ANATOMIE SI FIZIOLOGIE UMANA, GENETICA SI ECOLOGIE UMANA": {"medie": 8.91339285714286, "reusita": 98.24561403508771, "cnt": 57}, "GENERAL": {"medie": 8.477681992337162, "reusita": 96.0, "cnt": 175}, "MATEMATICA ST-NAT": {"medie": 8.989999999999998, "reusita": 96.42857142857143, "cnt": 56}, "CHIMIE ORGANICA TEO NIVEL I/II": {"medie": 9.8, "reusita": 100.0, "cnt": 11}, "CHIMIE ANORGANICA TEO NIVEL I/II": {"medie": 4.55, "reusita": 0.0, "cnt": 1}, "INFORMATICA MI C/C++": {"medie": 9.455555555555554, "reusita": 100.0, "cnt": 9}, "ISTORIE": {"medie": 7.982584269662921, "reusita": 100.0, "cnt": 89}, "LOGICA, ARGUMENTARE SI COMUNICARE": {"medie": 8.545370370370371, "reusita": 100.0, "cnt": 54}, "FIZICA TEO": {"medie": 9.158333333333333, "reusita": 100.0, "cnt": 6}, "SOCIOLOGIE": {"medie": 8.850000000000001, "reusita": 100.0, "cnt": 5}, "PSIHOLOGIE": {"medie": 9.0125, "reusita": 100.0, "cnt": 4}, "GEOGRAFIE": {"medie": 8.673076923076923, "reusita": 100.0, "cnt": 26}, "INFORMATICA SN C/C++": {"medie": 9.375, "reusita": 100.0, "cnt": 2}}, "nume": "COLEGIUL NATIONAL \"MIHAIL SADOVEANU\", PASCANI\tIa\u0219i"}