{"specializari": {"FILOLOGIE": 30, "MATEMATICA-INFORMATICA": 57, "STIINTE SOCIALE": 32, "STIINTE ALE NATURII": 31, "TEHNICIAN IN ACTIVITATI ECONOMICE": 31, "TEHNICIAN ECOLOG SI PROTECTIA CALITATII MEDIULUI": 17, "TEHNICIAN MECANIC PENTRU INTRETINERE SI REPARATII": 10, "TEHNICIAN MECATRONIST": 2, "TEHNICIAN IN INDUSTRIA TEXTILA": 4, "TEHNICIAN IN PRELUCRAREA LEMNULUI": 2}, "limba_moderna": {"LIMBA ENGLEZA": 209, "LIMBA FRANCEZA": 7}, "limba_materna": {"LIMBA ROMANA": 216}, "promotie_anterioara": {"NU": 195, "DA": 21}, "materii": {"LIMBA ROMANA": {"medie": 7.316046511627908, "reusita": 93.98148148148148, "cnt": 216}, "MATEMATICA MATE-INFO": {"medie": 8.60438596491228, "reusita": 98.24561403508771, "cnt": 57}, "ANATOMIE SI FIZIOLOGIE UMANA, GENETICA SI ECOLOGIE UMANA": {"medie": 7.519841269841269, "reusita": 87.6923076923077, "cnt": 65}, "GENERAL": {"medie": 7.529186602870811, "reusita": 76.85185185185185, "cnt": 216}, "MATEMATICA ST-NAT": {"medie": 8.179032258064517, "reusita": 100.0, "cnt": 31}, "CHIMIE ORGANICA TEO NIVEL I/II": {"medie": 8.085714285714285, "reusita": 100.0, "cnt": 7}, "CHIMIE ANORGANICA TEO NIVEL I/II": {"medie": 7.5, "reusita": 100.0, "cnt": 1}, "INFORMATICA MI C/C++": {"medie": 8.775, "reusita": 100.0, "cnt": 14}, "ISTORIE": {"medie": 7.958064516129031, "reusita": 98.38709677419355, "cnt": 62}, "LOGICA, ARGUMENTARE SI COMUNICARE": {"medie": 8.310714285714285, "reusita": 100.0, "cnt": 14}, "FIZICA TEO": {"medie": 9.007142857142856, "reusita": 100.0, "cnt": 21}, "SOCIOLOGIE": {"medie": 8.527272727272726, "reusita": 91.66666666666666, "cnt": 12}, "PSIHOLOGIE": {"medie": 8.2, "reusita": 100.0, "cnt": 2}, "GEOGRAFIE": {"medie": 8.303076923076922, "reusita": 95.38461538461539, "cnt": 65}, "BIOLOGIE VEGETALA SI ANIMALA": {"medie": 4.204166666666667, "reusita": 42.857142857142854, "cnt": 14}, "MATEMATICA TEHN": {"medie": 4.805645161290324, "reusita": 56.060606060606055, "cnt": 66}, "CHIMIE ORGANICA TEH NIVEL I/II": {"medie": 5.05, "reusita": 100.0, "cnt": 1}}, "nume": "COLEGIUL TEHNIC \"DIMITRIE GHIKA\" COMANESTI\tBac\u0103u"}