{"specializari": {"MATEMATICA-INFORMATICA": 31, "TEHNICIAN IN ACTIVITATI ECONOMICE": 116, "TEHNICIAN IN ACHIZITII SI CONTRACTARI": 59, "TEHNICIAN IN TURISM": 29, "TEHNICIAN IN GASTRONOMIE": 3, "TEHNICIAN IN ACTIVITATI DE COMERT": 1}, "limba_moderna": {"LIMBA ENGLEZA": 236, "LIMBA FRANCEZA": 3}, "limba_materna": {"LIMBA ROMANA": 239}, "promotie_anterioara": {"NU": 230, "DA": 9}, "materii": {"LIMBA ROMANA": {"medie": 7.403781512605044, "reusita": 99.16317991631799, "cnt": 239}, "MATEMATICA MATE-INFO": {"medie": 8.587096774193547, "reusita": 96.7741935483871, "cnt": 31}, "ANATOMIE SI FIZIOLOGIE UMANA, GENETICA SI ECOLOGIE UMANA": {"medie": 6.75, "reusita": 100.0, "cnt": 3}, "GENERAL": {"medie": 8.038095238095234, "reusita": 95.39748953974896, "cnt": 239}, "CHIMIE ORGANICA TEO NIVEL I/II": {"medie": 10.0, "reusita": 100.0, "cnt": 1}, "INFORMATICA MI C/C++": {"medie": 8.375000000000002, "reusita": 100.0, "cnt": 6}, "LOGICA, ARGUMENTARE SI COMUNICARE": {"medie": 8.348285714285714, "reusita": 96.57142857142857, "cnt": 175}, "FIZICA TEO": {"medie": 8.407692307692308, "reusita": 100.0, "cnt": 13}, "PSIHOLOGIE": {"medie": 9.024999999999999, "reusita": 100.0, "cnt": 4}, "GEOGRAFIE": {"medie": 8.273809523809524, "reusita": 95.45454545454545, "cnt": 22}, "BIOLOGIE VEGETALA SI ANIMALA": {"medie": 7.99375, "reusita": 100.0, "cnt": 8}, "MATEMATICA TEHN": {"medie": 8.440096618357485, "reusita": 98.07692307692307, "cnt": 208}, "ECONOMIE": {"medie": 5.607142857142857, "reusita": 100.0, "cnt": 7}}, "nume": "COLEGIUL ECONOMIC \"VIRGIL MADGEARU\", MUNICIPIUL PLOIESTI\tPrahova"}