{"specializari": {"MATEMATICA-INFORMATICA": 60, "STIINTE ALE NATURII": 32, "FILOLOGIE": 66, "STIINTE SOCIALE": 33}, "limba_moderna": {"LIMBA ENGLEZA": 185, "LIMBA FRANCEZA": 4, "LIMBA GERMANA MODERNA": 2}, "limba_materna": {"LIMBA ROMANA": 191}, "promotie_anterioara": {"NU": 188, "DA": 3}, "materii": {"LIMBA ROMANA": {"medie": 8.563089005235607, "reusita": 100.0, "cnt": 191}, "MATEMATICA MATE-INFO": {"medie": 8.810833333333333, "reusita": 100.0, "cnt": 60}, "ANATOMIE SI FIZIOLOGIE UMANA, GENETICA SI ECOLOGIE UMANA": {"medie": 9.176612903225806, "reusita": 100.0, "cnt": 62}, "GENERAL": {"medie": 8.835514834205933, "reusita": 100.0, "cnt": 191}, "MATEMATICA ST-NAT": {"medie": 9.1765625, "reusita": 100.0, "cnt": 32}, "CHIMIE ORGANICA TEO NIVEL I/II": {"medie": 8.912500000000001, "reusita": 100.0, "cnt": 4}, "CHIMIE ANORGANICA TEO NIVEL I/II": {"medie": 9.4, "reusita": 100.0, "cnt": 1}, "INFORMATICA MI C/C++": {"medie": 8.716666666666667, "reusita": 100.0, "cnt": 18}, "ISTORIE": {"medie": 8.906060606060606, "reusita": 100.0, "cnt": 99}, "LOGICA, ARGUMENTARE SI COMUNICARE": {"medie": 9.080882352941178, "reusita": 100.0, "cnt": 68}, "FIZICA TEO": {"medie": 9.483333333333333, "reusita": 100.0, "cnt": 6}, "SOCIOLOGIE": {"medie": 9.25, "reusita": 100.0, "cnt": 2}, "PSIHOLOGIE": {"medie": 9.0, "reusita": 100.0, "cnt": 1}, "GEOGRAFIE": {"medie": 8.626785714285715, "reusita": 100.0, "cnt": 28}, "BIOLOGIE VEGETALA SI ANIMALA": {"medie": 8.85, "reusita": 100.0, "cnt": 1}}, "nume": "COLEGIUL NATIONAL \"CALISTRAT HOGAS\", MUNICIPIUL PIATRA-NEAMT\tNeam\u021b"}