{"specializari": {"TEHNICIAN IN TURISM": 9, "TEHNICIAN ECOLOG SI PROTECTIA CALITATII MEDIULUI": 1}, "limba_moderna": {"LIMBA ENGLEZA": 10}, "limba_materna": {"LIMBA ROMANA": 10}, "promotie_anterioara": {"DA": 2, "NU": 8}, "materii": {"LIMBA ROMANA": {"medie": 5.344444444444445, "reusita": 70.0, "cnt": 10}, "GENERAL": {"medie": 5.325, "reusita": 20.0, "cnt": 10}, "GEOGRAFIE": {"medie": 6.06875, "reusita": 77.77777777777779, "cnt": 9}, "BIOLOGIE VEGETALA SI ANIMALA": {"medie": "-", "reusita": 0.0, "cnt": 1}, "MATEMATICA TEHN": {"medie": 5.411111111111111, "reusita": 60.0, "cnt": 10}}, "nume": "COLEGIUL TEHNIC \"DR. ALEXANDRU BARBAT\" VICTORIA\tBra\u0219ov"}