{"specializari": {"TEHNICIAN IN AUTOMATIZARI": 49, "TEHNICIAN OPERATOR TEHNICA DE CALCUL": 59, "TEHNICIAN ELECTRONIST": 17, "TEHNICIAN DE TELECOMUNICATII": 27}, "limba_moderna": {"LIMBA ENGLEZA": 141, "LIMBA FRANCEZA": 11}, "limba_materna": {"LIMBA ROMANA": 152}, "promotie_anterioara": {"NU": 115, "DA": 37}, "materii": {"LIMBA ROMANA": {"medie": 6.2854304635761595, "reusita": 97.36842105263158, "cnt": 152}, "GENERAL": {"medie": 6.262100456621005, "reusita": 52.63157894736842, "cnt": 152}, "BIOLOGIE VEGETALA SI ANIMALA": {"medie": 6.025563909774437, "reusita": 76.64233576642336, "cnt": 137}, "MATEMATICA TEHN": {"medie": 6.411999999999999, "reusita": 86.18421052631578, "cnt": 152}, "FIZICA TEH": {"medie": 6.23, "reusita": 80.0, "cnt": 15}}, "nume": "COLEGIUL TEHNIC \"GEORGE BARITIU\" BAIA MARE\tMaramure\u0219"}