{"specializari": {"MATEMATICA-INFORMATICA": 40, "FILOLOGIE": 62, "STIINTE SOCIALE": 35, "STIINTE ALE NATURII": 27}, "limba_moderna": {"LIMBA FRANCEZA": 2, "LIMBA ENGLEZA": 162}, "limba_materna": {"LIMBA ROMANA": 164}, "promotie_anterioara": {"NU": 152, "DA": 12}, "materii": {"LIMBA ROMANA": {"medie": 6.651829268292686, "reusita": 93.29268292682927, "cnt": 164}, "MATEMATICA MATE-INFO": {"medie": 6.736250000000001, "reusita": 82.5, "cnt": 40}, "ANATOMIE SI FIZIOLOGIE UMANA, GENETICA SI ECOLOGIE UMANA": {"medie": 7.628333333333335, "reusita": 93.33333333333333, "cnt": 60}, "GENERAL": {"medie": 7.242433537832314, "reusita": 78.04878048780488, "cnt": 164}, "MATEMATICA ST-NAT": {"medie": 7.303703703703702, "reusita": 88.88888888888889, "cnt": 27}, "INFORMATICA MI C/C++": {"medie": 8.26, "reusita": 80.0, "cnt": 5}, "ISTORIE": {"medie": 7.334020618556701, "reusita": 95.87628865979381, "cnt": 97}, "LOGICA, ARGUMENTARE SI COMUNICARE": {"medie": 9.290384615384614, "reusita": 100.0, "cnt": 26}, "FIZICA TEO": {"medie": 8.8, "reusita": 100.0, "cnt": 1}, "SOCIOLOGIE": {"medie": 7.9, "reusita": 100.0, "cnt": 1}, "PSIHOLOGIE": {"medie": 8.683333333333332, "reusita": 100.0, "cnt": 3}, "GEOGRAFIE": {"medie": 7.406923076923076, "reusita": 93.93939393939394, "cnt": 66}, "INFORMATICA SN C/C++": {"medie": 8.75, "reusita": 100.0, "cnt": 1}, "FILOSOFIE": {"medie": 8.2, "reusita": 100.0, "cnt": 1}}, "nume": "COLEGIUL NATIONAL \"SAMUIL VULCAN\" BEIUS\tBihor"}