{"specializari": {"TEHNICIAN IN ACTIVITATI ECONOMICE": 62, "TEHNICIAN IN TURISM": 53, "TEHNICIAN IN ACHIZITII SI CONTRACTARI": 37, "TEHNICIAN IN ADMINISTRATIE": 27, "TEHNICIAN IN ACTIVITATI DE COMERT": 2}, "limba_moderna": {"LIMBA ENGLEZA": 179, "LIMBA FRANCEZA": 2}, "limba_materna": {"LIMBA ROMANA": 181}, "promotie_anterioara": {"NU": 145, "DA": 36}, "materii": {"LIMBA ROMANA": {"medie": 5.584722222222223, "reusita": 81.21546961325967, "cnt": 181}, "GENERAL": {"medie": 5.737546816479396, "reusita": 44.751381215469614, "cnt": 181}, "LOGICA, ARGUMENTARE SI COMUNICARE": {"medie": 6.50344827586207, "reusita": 81.03448275862068, "cnt": 58}, "GEOGRAFIE": {"medie": 6.94586776859504, "reusita": 88.6178861788618, "cnt": 123}, "MATEMATICA TEHN": {"medie": 4.8311797752809, "reusita": 58.011049723756905, "cnt": 181}}, "nume": "COLEGIUL NATIONAL ECONOMIC \"THEODOR COSTESCU\"\tMehedin\u021bi"}