{"specializari": {"STIINTE SOCIALE": 5, "ORGANIZATOR BANQUETING": 12, "TEHNICIAN IN INSTALATII ELECTRICE": 1}, "limba_moderna": {"LIMBA ENGLEZA": 15, "LIMBA FRANCEZA": 3}, "limba_materna": {"LIMBA ROMANA": 18}, "promotie_anterioara": {"DA": 3, "NU": 15}, "materii": {"LIMBA ROMANA": {"medie": 4.526470588235294, "reusita": 38.88888888888889, "cnt": 18}, "GENERAL": {"medie": 4.906666666666666, "reusita": 16.666666666666664, "cnt": 18}, "ISTORIE": {"medie": 4.91, "reusita": 80.0, "cnt": 5}, "GEOGRAFIE": {"medie": 6.241176470588235, "reusita": 82.35294117647058, "cnt": 17}, "MATEMATICA TEHN": {"medie": 3.741666666666667, "reusita": 23.076923076923077, "cnt": 13}, "CHIMIE ANORGANICA TEH NIVEL I/II": {"medie": "-", "reusita": 0.0, "cnt": 1}}, "nume": "COLEGIUL \"AUREL VIJOLI\" FAGARAS\tBra\u0219ov"}