{"specializari": {"ARHITECTURA, ARTE AMBIENTALE SI DESIGN": 27, "MUZICA": 19, "ARTE PLASTICE SI DECORATIVE": 25}, "limba_moderna": {"LIMBA ENGLEZA": 66, "LIMBA FRANCEZA": 5}, "limba_materna": {"LIMBA ROMANA": 71}, "promotie_anterioara": {"NU": 71}, "materii": {"LIMBA ROMANA": {"medie": 7.549295774647892, "reusita": 98.59154929577466, "cnt": 71}, "GENERAL": {"medie": 8.128403755868545, "reusita": 91.54929577464789, "cnt": 71}, "ISTORIE": {"medie": 8.100000000000003, "reusita": 95.77464788732394, "cnt": 71}, "LOGICA, ARGUMENTARE SI COMUNICARE": {"medie": 8.88859649122807, "reusita": 96.49122807017544, "cnt": 57}, "GEOGRAFIE": {"medie": 8.114285714285712, "reusita": 100.0, "cnt": 14}}, "nume": "COLEGIUL DE ARTA \"CARMEN SYLVA\", MUNICIPIUL PLOIESTI\tPrahova"}