{"specializari": {"ORGANIZATOR BANQUETING": 21, "TEHNICIAN IN ACTIVITATI ECONOMICE": 21, "TEHNICIAN MECANIC PENTRU INTRETINERE SI REPARATII": 9, "STIINTE SOCIALE": 20, "TEHNICIAN ELECTRICIAN/ELECTRONIST AUTO": 1, "FILOLOGIE": 2, "TEHNICIAN IN INSTALATII ELECTRICE": 11, "STIINTE ALE NATURII": 1}, "limba_moderna": {"LIMBA FRANCEZA": 19, "LIMBA ENGLEZA": 67}, "limba_materna": {"LIMBA ROMANA": 86}, "promotie_anterioara": {"NU": 69, "DA": 17}, "materii": {"LIMBA ROMANA": {"medie": 5.481764705882354, "reusita": 77.90697674418605, "cnt": 86}, "ANATOMIE SI FIZIOLOGIE UMANA, GENETICA SI ECOLOGIE UMANA": {"medie": 8.2, "reusita": 100.0, "cnt": 1}, "GENERAL": {"medie": 5.661522633744855, "reusita": 33.72093023255814, "cnt": 86}, "MATEMATICA ST-NAT": {"medie": 3.1, "reusita": 0.0, "cnt": 1}, "ISTORIE": {"medie": 5.2095238095238106, "reusita": 68.18181818181817, "cnt": 22}, "LOGICA, ARGUMENTARE SI COMUNICARE": {"medie": 7.446153846153845, "reusita": 100.0, "cnt": 13}, "SOCIOLOGIE": {"medie": 6.675, "reusita": 100.0, "cnt": 2}, "PSIHOLOGIE": {"medie": 6.15, "reusita": 100.0, "cnt": 1}, "GEOGRAFIE": {"medie": 7.043617021276593, "reusita": 89.58333333333334, "cnt": 48}, "BIOLOGIE VEGETALA SI ANIMALA": {"medie": 3.8125000000000004, "reusita": 15.789473684210526, "cnt": 19}, "MATEMATICA TEHN": {"medie": 5.108196721311475, "reusita": 58.730158730158735, "cnt": 63}, "FIZICA TEH": {"medie": 1.9749999999999999, "reusita": 0.0, "cnt": 2}}, "nume": "COLEGIUL TEHNIC \"ALEXANDRU IOAN CUZA\" SUCEAVA\tSuceava"}