{"specializari": {"MATEMATICA-INFORMATICA": 80, "FILOLOGIE": 74, "STIINTE SOCIALE": 41, "STIINTE ALE NATURII": 21}, "limba_moderna": {"LIMBA ENGLEZA": 211, "LIMBA FRANCEZA": 5}, "limba_materna": {"LIMBA ROMANA": 216}, "promotie_anterioara": {"NU": 206, "DA": 10}, "materii": {"LIMBA ROMANA": {"medie": 7.48581395348837, "reusita": 97.22222222222221, "cnt": 216}, "MATEMATICA MATE-INFO": {"medie": 8.213125000000002, "reusita": 93.75, "cnt": 80}, "ANATOMIE SI FIZIOLOGIE UMANA, GENETICA SI ECOLOGIE UMANA": {"medie": 7.581818181818181, "reusita": 100.0, "cnt": 22}, "GENERAL": {"medie": 7.939018691588787, "reusita": 87.5, "cnt": 216}, "MATEMATICA ST-NAT": {"medie": 6.916666666666665, "reusita": 76.19047619047619, "cnt": 21}, "CHIMIE ORGANICA TEO NIVEL I/II": {"medie": 8.633333333333333, "reusita": 100.0, "cnt": 12}, "INFORMATICA MI C/C++": {"medie": 6.55, "reusita": 100.0, "cnt": 1}, "ISTORIE": {"medie": 7.718859649122811, "reusita": 94.78260869565217, "cnt": 115}, "LOGICA, ARGUMENTARE SI COMUNICARE": {"medie": 8.183333333333334, "reusita": 100.0, "cnt": 6}, "FIZICA TEO": {"medie": 8.38951612903226, "reusita": 95.16129032258065, "cnt": 62}, "SOCIOLOGIE": {"medie": 9.012500000000001, "reusita": 100.0, "cnt": 12}, "PSIHOLOGIE": {"medie": 9.809999999999999, "reusita": 100.0, "cnt": 5}, "GEOGRAFIE": {"medie": 8.60120481927711, "reusita": 97.59036144578313, "cnt": 83}, "BIOLOGIE VEGETALA SI ANIMALA": {"medie": 7.6375, "reusita": 100.0, "cnt": 4}, "FILOSOFIE": {"medie": 4.6, "reusita": 0.0, "cnt": 1}, "ECONOMIE": {"medie": 8.812500000000002, "reusita": 100.0, "cnt": 8}}, "nume": "COLEGIUL NATIONAL \"ION MAIORESCU\" GIURGIU\tGiurgiu"}