{"specializari": {"MATEMATICA-INFORMATICA": 129, "STIINTE ALE NATURII": 32, "STIINTE SOCIALE": 34}, "limba_moderna": {"LIMBA ENGLEZA": 193, "LIMBA FRANCEZA": 1, "LIMBA GERMANA MODERNA": 1}, "limba_materna": {"LIMBA ROMANA": 195}, "promotie_anterioara": {"NU": 195}, "materii": {"LIMBA ROMANA": {"medie": 9.016923076923078, "reusita": 100.0, "cnt": 195}, "MATEMATICA MATE-INFO": {"medie": 9.365116279069767, "reusita": 100.0, "cnt": 129}, "ANATOMIE SI FIZIOLOGIE UMANA, GENETICA SI ECOLOGIE UMANA": {"medie": 9.22972972972973, "reusita": 100.0, "cnt": 37}, "GENERAL": {"medie": 9.234188034188037, "reusita": 100.0, "cnt": 195}, "MATEMATICA ST-NAT": {"medie": 9.271875, "reusita": 100.0, "cnt": 32}, "CHIMIE ORGANICA TEO NIVEL I/II": {"medie": 9.390789473684212, "reusita": 100.0, "cnt": 38}, "CHIMIE ANORGANICA TEO NIVEL I/II": {"medie": 10.0, "reusita": 100.0, "cnt": 1}, "INFORMATICA MI C/C++": {"medie": 9.570833333333333, "reusita": 100.0, "cnt": 48}, "ISTORIE": {"medie": 9.025000000000002, "reusita": 100.0, "cnt": 34}, "LOGICA, ARGUMENTARE SI COMUNICARE": {"medie": 9.557692307692308, "reusita": 100.0, "cnt": 26}, "FIZICA TEO": {"medie": 9.23243243243243, "reusita": 100.0, "cnt": 37}, "PSIHOLOGIE": {"medie": 9.7, "reusita": 100.0, "cnt": 4}, "GEOGRAFIE": {"medie": 9.8, "reusita": 100.0, "cnt": 1}, "ECONOMIE": {"medie": 8.533333333333333, "reusita": 100.0, "cnt": 3}}, "nume": "COLEGIUL NATIONAL \"GHEORGHE VRANCEANU\" BACAU\tBac\u0103u"}