{"specializari": {"TEHNICIAN ECOLOG SI PROTECTIA CALITATII MEDIULUI": 32, "TEHNICIAN IN AUTOMATIZARI": 61, "LICEU CU PROGRAM SPORTIV": 15, "TEHNICIAN MECATRONIST": 18, "TEHNICIAN OPERATOR TEHNICA DE CALCUL": 17, "TEHNICIAN IN INSTALATII ELECTRICE": 18, "TEHNICIAN ELECTROTEHNIST": 6, "TEHNICIAN MECANIC PENTRU INTRETINERE SI REPARATII": 7, "TEHNICIAN DESENATOR PENTRU CONSTRUCTII SI INSTALATII": 1, "TEHNICIAN IN ACTIVITATI ECONOMICE": 2, "TEHNICIAN IN ADMINISTRATIE": 1}, "limba_moderna": {"LIMBA ENGLEZA": 174, "LIMBA FRANCEZA": 4}, "limba_materna": {"LIMBA ROMANA": 178}, "promotie_anterioara": {"NU": 138, "DA": 40}, "materii": {"LIMBA ROMANA": {"medie": 7.350852272727275, "reusita": 97.19101123595506, "cnt": 178}, "ANATOMIE SI FIZIOLOGIE UMANA, GENETICA SI ECOLOGIE UMANA": {"medie": 8.204838709677418, "reusita": 96.7741935483871, "cnt": 31}, "GENERAL": {"medie": 7.3640655105973, "reusita": 79.7752808988764, "cnt": 178}, "ISTORIE": {"medie": 7.713333333333333, "reusita": 100.0, "cnt": 15}, "LOGICA, ARGUMENTARE SI COMUNICARE": {"medie": 8.3375, "reusita": 88.88888888888889, "cnt": 9}, "GEOGRAFIE": {"medie": 8.661111111111111, "reusita": 100.0, "cnt": 9}, "BIOLOGIE VEGETALA SI ANIMALA": {"medie": 6.2155913978494635, "reusita": 81.91489361702128, "cnt": 94}, "MATEMATICA TEHN": {"medie": 7.453086419753083, "reusita": 93.25153374233128, "cnt": 163}, "FIZICA TEH": {"medie": 8.198484848484851, "reusita": 94.11764705882352, "cnt": 34}, "CHIMIE ANORGANICA TEH NIVEL I/II": {"medie": 9.75, "reusita": 100.0, "cnt": 1}}, "nume": "COLEGIUL ENERGETIC, MUN. RM. VALCEA\tV\u00e2lcea"}