{"specializari": {"STIINTE SOCIALE": 68, "MATEMATICA-INFORMATICA": 58, "STIINTE ALE NATURII": 50}, "limba_moderna": {"LIMBA ENGLEZA": 159, "LIMBA FRANCEZA": 16, "LIMBA GERMANA MODERNA": 1}, "limba_materna": {"LIMBA ROMANA": 176}, "promotie_anterioara": {"NU": 175, "DA": 1}, "materii": {"LIMBA ROMANA": {"medie": 8.669428571428568, "reusita": 99.43181818181817, "cnt": 176}, "MATEMATICA MATE-INFO": {"medie": 9.483333333333334, "reusita": 98.27586206896551, "cnt": 58}, "ANATOMIE SI FIZIOLOGIE UMANA, GENETICA SI ECOLOGIE UMANA": {"medie": 9.511290322580644, "reusita": 96.875, "cnt": 32}, "GENERAL": {"medie": 9.105076628352492, "reusita": 98.29545454545455, "cnt": 176}, "MATEMATICA ST-NAT": {"medie": 9.531999999999998, "reusita": 100.0, "cnt": 50}, "CHIMIE ORGANICA TEO NIVEL I/II": {"medie": 9.324137931034484, "reusita": 100.0, "cnt": 29}, "INFORMATICA MI C/C++": {"medie": 9.884615384615385, "reusita": 100.0, "cnt": 13}, "ISTORIE": {"medie": 9.129411764705882, "reusita": 100.0, "cnt": 68}, "LOGICA, ARGUMENTARE SI COMUNICARE": {"medie": 8.807142857142855, "reusita": 100.0, "cnt": 56}, "FIZICA TEO": {"medie": 9.6390625, "reusita": 96.96969696969697, "cnt": 33}, "PSIHOLOGIE": {"medie": 10.0, "reusita": 100.0, "cnt": 1}, "GEOGRAFIE": {"medie": 9.454999999999998, "reusita": 100.0, "cnt": 10}, "INFORMATICA SN C/C++": {"medie": 7.1, "reusita": 100.0, "cnt": 1}, "FILOSOFIE": {"medie": 9.5, "reusita": 100.0, "cnt": 1}}, "nume": "COLEGIUL NATIONAL \"PETRU RARES\", MUNICIPIUL PIATRA-NEAMT\tNeam\u021b"}