{"specializari": {"TEHNICIAN DESIGNER VESTIMENTAR": 17, "STIINTE ALE NATURII": 14, "TEHNICIAN PRODUCTIE FILM SI TELEVIZIUNE": 11, "TEHNICIAN MULTIMEDIA": 14, "STIINTE SOCIALE": 6, "TEHNICIAN IN INDUSTRIA TEXTILA": 2, "MATEMATICA-INFORMATICA": 1, "TEHNICIAN PROIECTANT CAD": 1}, "limba_moderna": {"LIMBA ENGLEZA": 62, "LIMBA FRANCEZA": 4}, "limba_materna": {"LIMBA ROMANA": 66}, "promotie_anterioara": {"NU": 27, "DA": 39}, "materii": {"LIMBA ROMANA": {"medie": 5.560769230769233, "reusita": 80.3030303030303, "cnt": 66}, "MATEMATICA MATE-INFO": {"medie": 1.9, "reusita": 0.0, "cnt": 1}, "ANATOMIE SI FIZIOLOGIE UMANA, GENETICA SI ECOLOGIE UMANA": {"medie": 7.760714285714285, "reusita": 100.0, "cnt": 14}, "GENERAL": {"medie": 5.633333333333334, "reusita": 34.84848484848485, "cnt": 66}, "MATEMATICA ST-NAT": {"medie": 6.5178571428571415, "reusita": 85.71428571428571, "cnt": 14}, "ISTORIE": {"medie": 4.966666666666667, "reusita": 50.0, "cnt": 6}, "FIZICA TEO": {"medie": 3.35, "reusita": 50.0, "cnt": 2}, "SOCIOLOGIE": {"medie": 6.2, "reusita": 100.0, "cnt": 1}, "GEOGRAFIE": {"medie": 5.616666666666667, "reusita": 50.0, "cnt": 4}, "BIOLOGIE VEGETALA SI ANIMALA": {"medie": 5.282352941176471, "reusita": 66.66666666666666, "cnt": 36}, "MATEMATICA TEHN": {"medie": 5.4375, "reusita": 73.33333333333333, "cnt": 45}, "FILOSOFIE": {"medie": 2.7, "reusita": 0.0, "cnt": 1}, "CHIMIE ORGANICA TEH NIVEL I/II": {"medie": 5.883333333333333, "reusita": 66.66666666666666, "cnt": 3}, "FIZICA TEH": {"medie": 5.983333333333334, "reusita": 100.0, "cnt": 3}, "CHIMIE ANORGANICA TEH NIVEL I/II": {"medie": 3.425, "reusita": 0.0, "cnt": 2}}, "nume": "COLEGIUL TEHNIC \"GHEORGHE ASACHI\"\tBucure\u0219ti"}