{"specializari": {"ARHITECTURA, ARTE AMBIENTALE SI DESIGN": 33, "MUZICA": 26, "FILOLOGIE": 28, "ARTE PLASTICE SI DECORATIVE": 28, "CONSERVARE - RESTAURARE": 29}, "limba_moderna": {"LIMBA ENGLEZA": 140, "LIMBA FRANCEZA": 4}, "limba_materna": {"LIMBA ROMANA": 144}, "promotie_anterioara": {"NU": 139, "DA": 5}, "materii": {"LIMBA ROMANA": {"medie": 7.2979166666666675, "reusita": 100.0, "cnt": 144}, "GENERAL": {"medie": 7.52303240740741, "reusita": 86.80555555555556, "cnt": 144}, "ISTORIE": {"medie": 7.310416666666669, "reusita": 96.52777777777779, "cnt": 144}, "LOGICA, ARGUMENTARE SI COMUNICARE": {"medie": 7.644827586206895, "reusita": 93.10344827586206, "cnt": 58}, "SOCIOLOGIE": {"medie": 8.72857142857143, "reusita": 100.0, "cnt": 7}, "PSIHOLOGIE": {"medie": 8.066666666666666, "reusita": 100.0, "cnt": 6}, "GEOGRAFIE": {"medie": 8.143478260869562, "reusita": 97.10144927536231, "cnt": 69}, "FILOSOFIE": {"medie": 7.8875, "reusita": 100.0, "cnt": 4}}, "nume": "COLEGIUL DE ARTA \"CIPRIAN PORUMBESCU\" SUCEAVA\tSuceava"}