{"specializari": {"COAFOR STILIST": 25, "TEHNICIAN IN TURISM": 26, "TEHNICIAN DESIGNER VESTIMENTAR": 43, "TEHNICIAN IN INDUSTRIA TEXTILA": 2}, "limba_moderna": {"LIMBA ENGLEZA": 94, "LIMBA GERMANA MODERNA": 1, "LIMBA FRANCEZA": 1}, "limba_materna": {"LIMBA ROMANA": 96}, "promotie_anterioara": {"NU": 73, "DA": 23}, "materii": {"LIMBA ROMANA": {"medie": 5.944210526315789, "reusita": 87.5, "cnt": 96}, "GENERAL": {"medie": 6.567753623188406, "reusita": 65.625, "cnt": 96}, "LOGICA, ARGUMENTARE SI COMUNICARE": {"medie": 8.609375000000002, "reusita": 100.0, "cnt": 16}, "GEOGRAFIE": {"medie": 7.995714285714288, "reusita": 100.0, "cnt": 35}, "BIOLOGIE VEGETALA SI ANIMALA": {"medie": 5.691025641025641, "reusita": 61.904761904761905, "cnt": 42}, "MATEMATICA TEHN": {"medie": 6.552688172043015, "reusita": 86.45833333333334, "cnt": 96}, "CHIMIE ANORGANICA TEH NIVEL I/II": {"medie": 7.366666666666667, "reusita": 100.0, "cnt": 3}}, "nume": "COLEGIUL TEHNIC \"CIBINIUM\" SIBIU\tSibiu"}