{"specializari": {"FILOLOGIE": 66, "MATEMATICA-INFORMATICA": 85, "STIINTE SOCIALE": 39, "STIINTE ALE NATURII": 20}, "limba_moderna": {"LIMBA ENGLEZA": 207, "LIMBA FRANCEZA": 3}, "limba_materna": {"LIMBA ROMANA": 210}, "promotie_anterioara": {"NU": 207, "DA": 3}, "materii": {"LIMBA ROMANA": {"medie": 8.301428571428573, "reusita": 100.0, "cnt": 210}, "MATEMATICA MATE-INFO": {"medie": 8.822352941176472, "reusita": 97.6470588235294, "cnt": 85}, "ANATOMIE SI FIZIOLOGIE UMANA, GENETICA SI ECOLOGIE UMANA": {"medie": 9.254310344827589, "reusita": 100.0, "cnt": 58}, "GENERAL": {"medie": 8.712857142857143, "reusita": 98.09523809523809, "cnt": 210}, "MATEMATICA ST-NAT": {"medie": 8.334999999999999, "reusita": 100.0, "cnt": 20}, "CHIMIE ORGANICA TEO NIVEL I/II": {"medie": 9.018181818181818, "reusita": 100.0, "cnt": 11}, "CHIMIE ANORGANICA TEO NIVEL I/II": {"medie": 9.225000000000001, "reusita": 100.0, "cnt": 2}, "INFORMATICA MI C/C++": {"medie": 9.17, "reusita": 100.0, "cnt": 15}, "ISTORIE": {"medie": 8.693809523809525, "reusita": 99.04761904761905, "cnt": 105}, "LOGICA, ARGUMENTARE SI COMUNICARE": {"medie": 9.31078431372549, "reusita": 100.0, "cnt": 51}, "FIZICA TEO": {"medie": 9.03421052631579, "reusita": 100.0, "cnt": 19}, "SOCIOLOGIE": {"medie": 8.95, "reusita": 100.0, "cnt": 1}, "PSIHOLOGIE": {"medie": 8.2, "reusita": 100.0, "cnt": 5}, "GEOGRAFIE": {"medie": 8.914444444444444, "reusita": 97.77777777777777, "cnt": 45}, "ECONOMIE": {"medie": 8.933333333333332, "reusita": 100.0, "cnt": 3}}, "nume": "COLEGIUL NATIONAL \"GHEORGHE TITEICA\"\tMehedin\u021bi"}