{"specializari": {"MATEMATICA-INFORMATICA": 263}, "limba_moderna": {"LIMBA ENGLEZA": 248, "LIMBA FRANCEZA": 3, "LIMBA GERMANA MODERNA": 12}, "limba_materna": {"LIMBA ROMANA": 263}, "promotie_anterioara": {"NU": 262, "DA": 1}, "materii": {"LIMBA ROMANA": {"medie": 9.117870722433457, "reusita": 100.0, "cnt": 263}, "MATEMATICA MATE-INFO": {"medie": 9.554372623574151, "reusita": 99.61977186311786, "cnt": 263}, "ANATOMIE SI FIZIOLOGIE UMANA, GENETICA SI ECOLOGIE UMANA": {"medie": 9.282142857142858, "reusita": 100.0, "cnt": 28}, "GENERAL": {"medie": 9.345229007633582, "reusita": 99.23954372623575, "cnt": 263}, "CHIMIE ORGANICA TEO NIVEL I/II": {"medie": 9.608333333333333, "reusita": 100.0, "cnt": 18}, "CHIMIE ANORGANICA TEO NIVEL I/II": {"medie": 10.0, "reusita": 100.0, "cnt": 1}, "INFORMATICA MI C/C++": {"medie": 9.359139784946237, "reusita": 100.0, "cnt": 93}, "FIZICA TEO": {"medie": 9.319008264462814, "reusita": 98.36065573770492, "cnt": 122}, "BIOLOGIE VEGETALA SI ANIMALA": {"medie": 9.05, "reusita": 100.0, "cnt": 1}}, "nume": "COLEGIUL NATIONAL DE INFORMATICA \"TUDOR VIANU\"\tBucure\u0219ti"}