{"specializari": {"TEHNICIAN IN ACTIVITATI ECONOMICE": 29, "TEHNICIAN IN ACHIZITII SI CONTRACTARI": 22}, "limba_moderna": {"LIMBA ENGLEZA": 51}, "limba_materna": {"LIMBA ROMANA": 51}, "promotie_anterioara": {"NU": 49, "DA": 2}, "materii": {"LIMBA ROMANA": {"medie": 7.1882352941176455, "reusita": 100.0, "cnt": 51}, "GENERAL": {"medie": 7.742483660130718, "reusita": 94.11764705882352, "cnt": 51}, "LOGICA, ARGUMENTARE SI COMUNICARE": {"medie": 7.584210526315788, "reusita": 89.47368421052632, "cnt": 19}, "GEOGRAFIE": {"medie": 8.323437499999999, "reusita": 100.0, "cnt": 32}, "MATEMATICA TEHN": {"medie": 7.991176470588235, "reusita": 98.0392156862745, "cnt": 51}}, "nume": "COLEGIUL TEHNOLOGIC \"SPIRU HARET\", MUNICIPIUL PIATRA-NEAMT\tNeam\u021b"}