{"specializari": {"FILOLOGIE": 30, "STIINTE SOCIALE": 33, "STIINTE ALE NATURII": 28, "TEHNICIAN OPERATOR TEHNICA DE CALCUL": 29, "TEHNICIAN IN AUTOMATIZARI": 26, "MATEMATICA-INFORMATICA": 44, "TEHNICIAN ELECTRONIST": 22, "TEHNICIAN MECANIC PENTRU INTRETINERE SI REPARATII": 11, "TEHNICIAN IN INSTALATII ELECTRICE": 20, "TEHNICIAN PROIECTANT CAD": 16, "TEHNICIAN MECATRONIST": 3}, "limba_moderna": {"LIMBA ENGLEZA": 259, "LIMBA FRANCEZA": 3}, "limba_materna": {"LIMBA ROMANA": 262}, "promotie_anterioara": {"NU": 218, "DA": 44}, "materii": {"LIMBA ROMANA": {"medie": 6.1676923076923, "reusita": 88.16793893129771, "cnt": 262}, "MATEMATICA MATE-INFO": {"medie": 6.018181818181819, "reusita": 81.81818181818183, "cnt": 44}, "ANATOMIE SI FIZIOLOGIE UMANA, GENETICA SI ECOLOGIE UMANA": {"medie": 6.286206896551725, "reusita": 79.3103448275862, "cnt": 58}, "GENERAL": {"medie": 6.142430278884461, "reusita": 53.05343511450382, "cnt": 262}, "MATEMATICA ST-NAT": {"medie": 5.237037037037037, "reusita": 53.57142857142857, "cnt": 28}, "CHIMIE ANORGANICA TEO NIVEL I/II": {"medie": 6.833333333333333, "reusita": 66.66666666666666, "cnt": 3}, "INFORMATICA MI C/C++": {"medie": 6.636363636363637, "reusita": 100.0, "cnt": 11}, "ISTORIE": {"medie": 7.3111111111111144, "reusita": 96.82539682539682, "cnt": 63}, "LOGICA, ARGUMENTARE SI COMUNICARE": {"medie": 8.150000000000002, "reusita": 98.0, "cnt": 50}, "SOCIOLOGIE": {"medie": 8.375, "reusita": 100.0, "cnt": 2}, "PSIHOLOGIE": {"medie": 8.983333333333333, "reusita": 100.0, "cnt": 3}, "GEOGRAFIE": {"medie": 7.5062500000000005, "reusita": 100.0, "cnt": 8}, "BIOLOGIE VEGETALA SI ANIMALA": {"medie": 4.857943925233646, "reusita": 43.75, "cnt": 112}, "MATEMATICA TEHN": {"medie": 5.475, "reusita": 63.77952755905512, "cnt": 127}, "FIZICA TEH": {"medie": 6.075, "reusita": 69.23076923076923, "cnt": 13}, "CHIMIE ANORGANICA TEH NIVEL I/II": {"medie": 6.025, "reusita": 50.0, "cnt": 2}}, "nume": "COLEGIUL TEHNIC \"GHEORGHE ASACHI\" BOTOSANI\tBoto\u0219ani"}