{"specializari": {"FILOLOGIE": 63, "STIINTE ALE NATURII": 28, "MATEMATICA-INFORMATICA": 29, "TEHNICIAN MECATRONIST": 1}, "limba_moderna": {"LIMBA ENGLEZA": 120, "LIMBA FRANCEZA": 1}, "limba_materna": {"LIMBA ROMANA": 121}, "promotie_anterioara": {"NU": 110, "DA": 11}, "materii": {"LIMBA ROMANA": {"medie": 6.825000000000003, "reusita": 91.73553719008265, "cnt": 121}, "MATEMATICA MATE-INFO": {"medie": 7.625862068965517, "reusita": 93.10344827586206, "cnt": 29}, "ANATOMIE SI FIZIOLOGIE UMANA, GENETICA SI ECOLOGIE UMANA": {"medie": 8.60090909090909, "reusita": 98.21428571428571, "cnt": 56}, "GENERAL": {"medie": 7.385201149425288, "reusita": 77.68595041322314, "cnt": 121}, "MATEMATICA ST-NAT": {"medie": 7.5410714285714295, "reusita": 92.85714285714286, "cnt": 28}, "INFORMATICA MI C/C++": {"medie": 8.075, "reusita": 100.0, "cnt": 2}, "ISTORIE": {"medie": 6.773770491803278, "reusita": 87.3015873015873, "cnt": 63}, "SOCIOLOGIE": {"medie": 8.9, "reusita": 100.0, "cnt": 1}, "GEOGRAFIE": {"medie": 7.622413793103449, "reusita": 88.70967741935483, "cnt": 62}, "MATEMATICA TEHN": {"medie": "-", "reusita": 0.0, "cnt": 1}}, "nume": "COLEGIUL NATIONAL \"OCTAVIAN GOGA\" MARGHITA\tBihor"}