{"specializari": {"FILOLOGIE": 28, "TEOLOGIE ORTODOXA": 21, "STIINTE ALE NATURII": 28}, "limba_moderna": {"LIMBA ENGLEZA": 69, "LIMBA FRANCEZA": 8}, "limba_materna": {"LIMBA ROMANA": 77}, "promotie_anterioara": {"NU": 75, "DA": 2}, "materii": {"LIMBA ROMANA": {"medie": 7.573026315789474, "reusita": 98.7012987012987, "cnt": 77}, "ANATOMIE SI FIZIOLOGIE UMANA, GENETICA SI ECOLOGIE UMANA": {"medie": 9.302941176470586, "reusita": 100.0, "cnt": 17}, "GENERAL": {"medie": 8.145833333333329, "reusita": 92.20779220779221, "cnt": 77}, "MATEMATICA ST-NAT": {"medie": 8.983928571428573, "reusita": 100.0, "cnt": 28}, "CHIMIE ORGANICA TEO NIVEL I/II": {"medie": 6.1, "reusita": 100.0, "cnt": 1}, "ISTORIE": {"medie": 8.153125, "reusita": 97.95918367346938, "cnt": 49}, "LOGICA, ARGUMENTARE SI COMUNICARE": {"medie": 8.754999999999999, "reusita": 100.0, "cnt": 10}, "FIZICA TEO": {"medie": 9.6, "reusita": 100.0, "cnt": 3}, "SOCIOLOGIE": {"medie": 8.9, "reusita": 100.0, "cnt": 1}, "GEOGRAFIE": {"medie": 7.886486486486487, "reusita": 97.36842105263158, "cnt": 38}, "INFORMATICA SN C/C++": {"medie": 5.45, "reusita": 100.0, "cnt": 1}, "BIOLOGIE VEGETALA SI ANIMALA": {"medie": 8.674999999999999, "reusita": 100.0, "cnt": 6}}, "nume": "COLEGIUL ORTODOX MITROPOLITUL \"NICOLAE COLAN\" CLUJ-NAPOCA\tCluj"}