{"specializari": {"MATEMATICA-INFORMATICA": 98, "STIINTE ALE NATURII": 33, "STIINTE SOCIALE": 33, "FILOLOGIE": 31}, "limba_moderna": {"LIMBA ENGLEZA": 190, "LIMBA FRANCEZA": 3, "LIMBA GERMANA MODERNA": 2}, "limba_materna": {"LIMBA ROMANA": 195}, "promotie_anterioara": {"NU": 195}, "materii": {"LIMBA ROMANA": {"medie": 8.627179487179488, "reusita": 98.97435897435898, "cnt": 195}, "MATEMATICA MATE-INFO": {"medie": 9.381122448979593, "reusita": 98.9795918367347, "cnt": 98}, "ANATOMIE SI FIZIOLOGIE UMANA, GENETICA SI ECOLOGIE UMANA": {"medie": 8.848076923076922, "reusita": 100.0, "cnt": 26}, "GENERAL": {"medie": 8.973418803418802, "reusita": 96.92307692307692, "cnt": 195}, "MATEMATICA ST-NAT": {"medie": 9.209090909090909, "reusita": 100.0, "cnt": 33}, "CHIMIE ORGANICA TEO NIVEL I/II": {"medie": 9.475000000000001, "reusita": 100.0, "cnt": 24}, "INFORMATICA MI C/C++": {"medie": 9.55, "reusita": 100.0, "cnt": 46}, "ISTORIE": {"medie": 8.533593750000001, "reusita": 95.3125, "cnt": 64}, "LOGICA, ARGUMENTARE SI COMUNICARE": {"medie": 9.225, "reusita": 100.0, "cnt": 22}, "FIZICA TEO": {"medie": 9.261538461538459, "reusita": 100.0, "cnt": 26}, "SOCIOLOGIE": {"medie": 7.325, "reusita": 100.0, "cnt": 2}, "PSIHOLOGIE": {"medie": 9.34, "reusita": 100.0, "cnt": 5}, "GEOGRAFIE": {"medie": 9.01029411764706, "reusita": 100.0, "cnt": 34}, "INFORMATICA SN C/C++": {"medie": 9.45, "reusita": 100.0, "cnt": 1}, "BIOLOGIE VEGETALA SI ANIMALA": {"medie": 8.837499999999999, "reusita": 100.0, "cnt": 8}, "ECONOMIE": {"medie": 9.4, "reusita": 100.0, "cnt": 1}}, "nume": "COLEGIUL NATIONAL \"GRIGORE MOISIL\"\tBucure\u0219ti"}