{"specializari": {"MATEMATICA-INFORMATICA": 82, "STIINTE ALE NATURII": 60, "STIINTE SOCIALE": 26}, "limba_moderna": {"LIMBA ENGLEZA": 165, "LIMBA GERMANA MODERNA": 1, "LIMBA FRANCEZA": 2}, "limba_materna": {"LIMBA ROMANA": 168}, "promotie_anterioara": {"NU": 166, "DA": 2}, "materii": {"LIMBA ROMANA": {"medie": 8.027976190476192, "reusita": 100.0, "cnt": 168}, "MATEMATICA MATE-INFO": {"medie": 8.931707317073167, "reusita": 100.0, "cnt": 82}, "ANATOMIE SI FIZIOLOGIE UMANA, GENETICA SI ECOLOGIE UMANA": {"medie": 9.066346153846153, "reusita": 100.0, "cnt": 52}, "GENERAL": {"medie": 8.462896825396827, "reusita": 95.83333333333334, "cnt": 168}, "MATEMATICA ST-NAT": {"medie": 8.476666666666668, "reusita": 96.66666666666667, "cnt": 60}, "CHIMIE ORGANICA TEO NIVEL I/II": {"medie": 9.2625, "reusita": 100.0, "cnt": 4}, "INFORMATICA MI C/C++": {"medie": 8.940151515151513, "reusita": 100.0, "cnt": 66}, "ISTORIE": {"medie": 7.303846153846154, "reusita": 96.15384615384616, "cnt": 26}, "LOGICA, ARGUMENTARE SI COMUNICARE": {"medie": 9.016666666666667, "reusita": 100.0, "cnt": 3}, "FIZICA TEO": {"medie": 9.394444444444444, "reusita": 100.0, "cnt": 9}, "GEOGRAFIE": {"medie": 8.390476190476189, "reusita": 100.0, "cnt": 21}, "INFORMATICA SN C/C++": {"medie": 7.864999999999999, "reusita": 100.0, "cnt": 10}, "BIOLOGIE VEGETALA SI ANIMALA": {"medie": 8.1, "reusita": 100.0, "cnt": 1}, "ECONOMIE": {"medie": 6.3, "reusita": 100.0, "cnt": 2}}, "nume": "COLEGIUL NATIONAL \"MIHAI EMINESCU\" SATU MARE\tSatu-Mare"}