{"specializari": {"STIINTE SOCIALE": 60, "FILOLOGIE": 27, "MATEMATICA-INFORMATICA": 28}, "limba_moderna": {"LIMBA ENGLEZA": 115}, "limba_materna": {"LIMBA ROMANA": 115}, "promotie_anterioara": {"NU": 115}, "materii": {"LIMBA ROMANA": {"medie": 8.678695652173912, "reusita": 100.0, "cnt": 115}, "MATEMATICA MATE-INFO": {"medie": 9.108928571428573, "reusita": 100.0, "cnt": 28}, "ANATOMIE SI FIZIOLOGIE UMANA, GENETICA SI ECOLOGIE UMANA": {"medie": 9.41, "reusita": 100.0, "cnt": 10}, "GENERAL": {"medie": 9.144347826086953, "reusita": 100.0, "cnt": 115}, "CHIMIE ORGANICA TEO NIVEL I/II": {"medie": 9.524999999999999, "reusita": 100.0, "cnt": 2}, "INFORMATICA MI C/C++": {"medie": 9.41875, "reusita": 100.0, "cnt": 16}, "ISTORIE": {"medie": 9.622413793103446, "reusita": 100.0, "cnt": 87}, "LOGICA, ARGUMENTARE SI COMUNICARE": {"medie": 9.306666666666668, "reusita": 100.0, "cnt": 60}, "SOCIOLOGIE": {"medie": 10.0, "reusita": 100.0, "cnt": 1}, "PSIHOLOGIE": {"medie": 9.716666666666667, "reusita": 100.0, "cnt": 3}, "GEOGRAFIE": {"medie": 8.979411764705882, "reusita": 100.0, "cnt": 17}, "FILOSOFIE": {"medie": 9.766666666666666, "reusita": 100.0, "cnt": 3}, "ECONOMIE": {"medie": 7.066666666666666, "reusita": 100.0, "cnt": 3}}, "nume": "COLEGIUL NATIONAL \"GHEORGHE SINCAI\" CLUJ-NAPOCA\tCluj"}