{"specializari": {"FILOLOGIE": 64, "MATEMATICA-INFORMATICA": 26, "STIINTE ALE NATURII": 50, "STIINTE SOCIALE": 65}, "limba_moderna": {"LIMBA ENGLEZA": 200, "LIMBA FRANCEZA": 5}, "limba_materna": {"LIMBA ROMANA": 205}, "promotie_anterioara": {"NU": 195, "DA": 10}, "materii": {"LIMBA ROMANA": {"medie": 7.449752475247521, "reusita": 96.09756097560975, "cnt": 205}, "MATEMATICA MATE-INFO": {"medie": 8.444230769230769, "reusita": 96.15384615384616, "cnt": 26}, "ANATOMIE SI FIZIOLOGIE UMANA, GENETICA SI ECOLOGIE UMANA": {"medie": 8.25983606557377, "reusita": 95.08196721311475, "cnt": 61}, "GENERAL": {"medie": 7.6553067993366515, "reusita": 84.8780487804878, "cnt": 205}, "MATEMATICA ST-NAT": {"medie": 7.483000000000001, "reusita": 88.0, "cnt": 50}, "CHIMIE ORGANICA TEO NIVEL I/II": {"medie": 9.7, "reusita": 100.0, "cnt": 3}, "CHIMIE ANORGANICA TEO NIVEL I/II": {"medie": 9.45, "reusita": 100.0, "cnt": 2}, "INFORMATICA MI C/C++": {"medie": 8.835, "reusita": 100.0, "cnt": 10}, "ISTORIE": {"medie": 6.790400000000001, "reusita": 87.59689922480621, "cnt": 129}, "LOGICA, ARGUMENTARE SI COMUNICARE": {"medie": 8.135507246376813, "reusita": 91.66666666666666, "cnt": 72}, "GEOGRAFIE": {"medie": 8.511818181818182, "reusita": 98.21428571428571, "cnt": 56}, "FILOSOFIE": {"medie": 7.0, "reusita": 100.0, "cnt": 1}}, "nume": "COLEGIUL NATIONAL \"GRIGORE GHICA\" DOROHOI\tBoto\u0219ani"}