{"specializari": {"MATEMATICA-INFORMATICA": 25, "STIINTE ALE NATURII": 36, "TEHNICIAN MECANIC PENTRU INTRETINERE SI REPARATII": 55, "TEHNICIAN IN INSTALATII ELECTRICE": 40, "TEHNICIAN IN AGROTURISM": 18}, "limba_moderna": {"LIMBA ENGLEZA": 106, "LIMBA FRANCEZA": 67, "LIMBA RUSA": 1}, "limba_materna": {"LIMBA ROMANA": 174}, "promotie_anterioara": {"NU": 114, "DA": 60}, "materii": {"LIMBA ROMANA": {"medie": 5.623333333333332, "reusita": 67.24137931034483, "cnt": 174}, "MATEMATICA MATE-INFO": {"medie": 7.1400000000000015, "reusita": 100.0, "cnt": 25}, "ANATOMIE SI FIZIOLOGIE UMANA, GENETICA SI ECOLOGIE UMANA": {"medie": 8.318269230769234, "reusita": 96.22641509433963, "cnt": 53}, "GENERAL": {"medie": 5.872440087145973, "reusita": 44.252873563218394, "cnt": 174}, "MATEMATICA ST-NAT": {"medie": 7.545833333333334, "reusita": 94.44444444444444, "cnt": 36}, "INFORMATICA MI C/C++": {"medie": 8.1125, "reusita": 100.0, "cnt": 4}, "FIZICA TEO": {"medie": 10.0, "reusita": 100.0, "cnt": 1}, "BIOLOGIE VEGETALA SI ANIMALA": {"medie": 4.945876288659795, "reusita": 45.21739130434783, "cnt": 115}, "MATEMATICA TEHN": {"medie": 4.420098039215684, "reusita": 49.557522123893804, "cnt": 113}, "CHIMIE ANORGANICA TEH NIVEL I/II": {"medie": 5.5, "reusita": 100.0, "cnt": 1}}, "nume": "COLEGIUL TEHNOLOGIC \"CONSTANTIN BRANCOVEANU\"\tMehedin\u021bi"}