{"specializari": {"STIINTE ALE NATURII": 59, "MATEMATICA-INFORMATICA": 28, "TEHNICIAN ECOLOG SI PROTECTIA CALITATII MEDIULUI": 25}, "limba_moderna": {"LIMBA ENGLEZA": 112}, "limba_materna": {"LIMBA ROMANA": 112}, "promotie_anterioara": {"NU": 109, "DA": 3}, "materii": {"LIMBA ROMANA": {"medie": 7.896396396396395, "reusita": 98.21428571428571, "cnt": 112}, "MATEMATICA MATE-INFO": {"medie": 8.089285714285714, "reusita": 100.0, "cnt": 28}, "ANATOMIE SI FIZIOLOGIE UMANA, GENETICA SI ECOLOGIE UMANA": {"medie": 8.83817204301075, "reusita": 96.80851063829788, "cnt": 94}, "GENERAL": {"medie": 8.26141141141141, "reusita": 96.42857142857143, "cnt": 112}, "MATEMATICA ST-NAT": {"medie": 8.286206896551723, "reusita": 96.61016949152543, "cnt": 59}, "CHIMIE ORGANICA TEO NIVEL I/II": {"medie": 8.9, "reusita": 100.0, "cnt": 1}, "INFORMATICA MI C/C++": {"medie": 7.836666666666667, "reusita": 100.0, "cnt": 15}, "BIOLOGIE VEGETALA SI ANIMALA": {"medie": 7.975, "reusita": 100.0, "cnt": 2}, "MATEMATICA TEHN": {"medie": 8.124, "reusita": 96.0, "cnt": 25}}, "nume": "COLEGIUL DE STIINTE \"GRIGORE ANTIPA\" BRASOV\tBra\u0219ov"}