{"specializari": {"STIINTE ALE NATURII": 30, "MATEMATICA-INFORMATICA": 89, "FILOLOGIE": 29, "STIINTE SOCIALE": 58, "TEHNICIAN MECANIC PENTRU INTRETINERE SI REPARATII": 1}, "limba_moderna": {"LIMBA ENGLEZA": 198, "LIMBA FRANCEZA": 9}, "limba_materna": {"LIMBA ROMANA": 207}, "promotie_anterioara": {"NU": 206, "DA": 1}, "materii": {"LIMBA ROMANA": {"medie": 8.470873786407761, "reusita": 99.51690821256038, "cnt": 207}, "MATEMATICA MATE-INFO": {"medie": 9.023033707865169, "reusita": 100.0, "cnt": 89}, "ANATOMIE SI FIZIOLOGIE UMANA, GENETICA SI ECOLOGIE UMANA": {"medie": 8.75, "reusita": 100.0, "cnt": 8}, "GENERAL": {"medie": 8.76260162601626, "reusita": 98.06763285024155, "cnt": 207}, "MATEMATICA ST-NAT": {"medie": 9.265000000000002, "reusita": 100.0, "cnt": 30}, "CHIMIE ORGANICA TEO NIVEL I/II": {"medie": 9.036363636363633, "reusita": 100.0, "cnt": 22}, "CHIMIE ANORGANICA TEO NIVEL I/II": {"medie": 9.266666666666666, "reusita": 100.0, "cnt": 6}, "INFORMATICA MI C/C++": {"medie": 8.331249999999999, "reusita": 100.0, "cnt": 32}, "ISTORIE": {"medie": 8.650574712643676, "reusita": 100.0, "cnt": 87}, "LOGICA, ARGUMENTARE SI COMUNICARE": {"medie": 9.122727272727271, "reusita": 100.0, "cnt": 77}, "FIZICA TEO": {"medie": 8.720689655172414, "reusita": 96.55172413793103, "cnt": 29}, "PSIHOLOGIE": {"medie": 9.15, "reusita": 100.0, "cnt": 3}, "GEOGRAFIE": {"medie": 9.408333333333333, "reusita": 100.0, "cnt": 6}, "BIOLOGIE VEGETALA SI ANIMALA": {"medie": 8.636363636363637, "reusita": 95.65217391304348, "cnt": 23}, "MATEMATICA TEHN": {"medie": "-", "reusita": 0.0, "cnt": 1}, "ECONOMIE": {"medie": 7.3, "reusita": 100.0, "cnt": 1}}, "nume": "COLEGIUL NATIONAL \"NICHITA STANESCU\", MUNICIPIUL PLOIESTI\tPrahova"}