{"specializari": {"STIINTE ALE NATURII": 91, "MATEMATICA-INFORMATICA": 30}, "limba_moderna": {"LIMBA ENGLEZA": 121}, "limba_materna": {"LIMBA ROMANA": 121}, "promotie_anterioara": {"NU": 118, "DA": 3}, "materii": {"LIMBA ROMANA": {"medie": 7.680578512396694, "reusita": 99.17355371900827, "cnt": 121}, "MATEMATICA MATE-INFO": {"medie": 8.651666666666666, "reusita": 100.0, "cnt": 30}, "ANATOMIE SI FIZIOLOGIE UMANA, GENETICA SI ECOLOGIE UMANA": {"medie": 8.774175824175819, "reusita": 98.91304347826086, "cnt": 92}, "GENERAL": {"medie": 8.37513888888889, "reusita": 96.69421487603306, "cnt": 121}, "MATEMATICA ST-NAT": {"medie": 8.70824175824175, "reusita": 100.0, "cnt": 91}, "INFORMATICA MI C/C++": {"medie": 8.547222222222222, "reusita": 100.0, "cnt": 18}, "FIZICA TEO": {"medie": 8.610000000000001, "reusita": 100.0, "cnt": 10}, "BIOLOGIE VEGETALA SI ANIMALA": {"medie": 8.9, "reusita": 100.0, "cnt": 1}}, "nume": "COLEGIUL NATIONAL \"ANA ASLAN\" TIMISOARA\tTimi\u0219"}