{"specializari": {"STIINTE ALE NATURII": 20, "TEHNICIAN ECOLOG SI PROTECTIA CALITATII MEDIULUI": 20, "TEHNICIAN PROIECTANT CAD": 5, "TEHNICIAN MECATRONIST": 9, "TEHNICIAN METROLOG": 4, "TEHNICIAN TRANSPORTURI": 2, "TEHNICIAN PRELUCRARI MECANICE": 4, "TEHNICIAN ELECTROMECANIC": 2}, "limba_moderna": {"LIMBA ENGLEZA": 66}, "limba_materna": {"LIMBA ROMANA": 66}, "promotie_anterioara": {"NU": 42, "DA": 24}, "materii": {"LIMBA ROMANA": {"medie": 4.74923076923077, "reusita": 53.03030303030303, "cnt": 66}, "ANATOMIE SI FIZIOLOGIE UMANA, GENETICA SI ECOLOGIE UMANA": {"medie": 5.4925000000000015, "reusita": 65.0, "cnt": 40}, "GENERAL": {"medie": 4.663271604938273, "reusita": 15.151515151515152, "cnt": 66}, "MATEMATICA ST-NAT": {"medie": 3.525, "reusita": 35.0, "cnt": 20}, "BIOLOGIE VEGETALA SI ANIMALA": {"medie": 3.744736842105263, "reusita": 28.57142857142857, "cnt": 21}, "MATEMATICA TEHN": {"medie": 4.306521739130433, "reusita": 56.52173913043478, "cnt": 46}, "FIZICA TEH": {"medie": 2.7000000000000006, "reusita": 33.33333333333333, "cnt": 3}, "CHIMIE ANORGANICA TEH NIVEL I/II": {"medie": "-", "reusita": 0.0, "cnt": 2}}, "nume": "COLEGIUL TEHNIC \"CAROL I\"\tBucure\u0219ti"}