{"specializari": {"TEHNICIAN ELECTROMECANIC": 9, "TEHNICIAN IN GASTRONOMIE": 14, "TEHNICIAN ECOLOG SI PROTECTIA CALITATII MEDIULUI": 19, "TEHNICIAN MECATRONIST": 4, "TEHNICIAN IN ACTIVITATI ECONOMICE": 1, "TEHNICIAN IN ACTIVITATI DE COMERT": 1}, "limba_moderna": {"LIMBA ENGLEZA": 32, "LIMBA FRANCEZA": 16}, "limba_materna": {"LIMBA ROMANA": 48}, "promotie_anterioara": {"NU": 37, "DA": 11}, "materii": {"LIMBA ROMANA": {"medie": 6.276136363636365, "reusita": 81.25, "cnt": 48}, "ANATOMIE SI FIZIOLOGIE UMANA, GENETICA SI ECOLOGIE UMANA": {"medie": 6.740624999999999, "reusita": 87.5, "cnt": 16}, "GENERAL": {"medie": 5.99625, "reusita": 52.083333333333336, "cnt": 48}, "LOGICA, ARGUMENTARE SI COMUNICARE": {"medie": 5.67, "reusita": 42.857142857142854, "cnt": 7}, "GEOGRAFIE": {"medie": 7.261111111111112, "reusita": 100.0, "cnt": 9}, "BIOLOGIE VEGETALA SI ANIMALA": {"medie": 5.1923076923076925, "reusita": 53.333333333333336, "cnt": 15}, "MATEMATICA TEHN": {"medie": 5.32, "reusita": 66.66666666666666, "cnt": 48}, "CHIMIE ANORGANICA TEH NIVEL I/II": {"medie": 4.3, "reusita": 0.0, "cnt": 1}}, "nume": "COLEGIUL TEHNIC CAMPULUNG\tArge\u0219"}