{"specializari": {"FILOLOGIE": 63, "STIINTE ALE NATURII": 50, "MATEMATICA-INFORMATICA": 28, "STIINTE SOCIALE": 27}, "limba_moderna": {"LIMBA ENGLEZA": 159, "LIMBA FRANCEZA": 4, "LIMBA GERMANA MODERNA": 5}, "limba_materna": {"LIMBA ROMANA": 168}, "promotie_anterioara": {"NU": 161, "DA": 7}, "materii": {"LIMBA ROMANA": {"medie": 7.387202380952379, "reusita": 99.40476190476191, "cnt": 168}, "MATEMATICA MATE-INFO": {"medie": 7.639285714285713, "reusita": 96.42857142857143, "cnt": 28}, "ANATOMIE SI FIZIOLOGIE UMANA, GENETICA SI ECOLOGIE UMANA": {"medie": 8.417948717948718, "reusita": 100.0, "cnt": 39}, "GENERAL": {"medie": 7.6564484126984125, "reusita": 92.85714285714286, "cnt": 168}, "MATEMATICA ST-NAT": {"medie": 7.647, "reusita": 98.0, "cnt": 50}, "CHIMIE ORGANICA TEO NIVEL I/II": {"medie": 8.233333333333333, "reusita": 100.0, "cnt": 3}, "INFORMATICA MI C/C++": {"medie": 7.635714285714286, "reusita": 100.0, "cnt": 14}, "ISTORIE": {"medie": 7.606666666666666, "reusita": 95.55555555555556, "cnt": 90}, "LOGICA, ARGUMENTARE SI COMUNICARE": {"medie": 9.616666666666667, "reusita": 100.0, "cnt": 3}, "SOCIOLOGIE": {"medie": 7.6923076923076925, "reusita": 92.3076923076923, "cnt": 13}, "PSIHOLOGIE": {"medie": 8.16111111111111, "reusita": 100.0, "cnt": 9}, "GEOGRAFIE": {"medie": 7.790769230769232, "reusita": 100.0, "cnt": 65}, "BIOLOGIE VEGETALA SI ANIMALA": {"medie": 7.652272727272728, "reusita": 95.45454545454545, "cnt": 22}}, "nume": "COLEGIUL NATIONAL \"DOAMNA STANCA\" SATU MARE\tSatu-Mare"}