{"specializari": {"FILOLOGIE": 11, "TEHNICIAN IN ACTIVITATI ECONOMICE": 2, "ORGANIZATOR BANQUETING": 4, "TEHNICIAN IN INDUSTRIA ALIMENTARA": 5, "TEHNICIAN ECOLOG SI PROTECTIA CALITATII MEDIULUI": 5, "TEHNICIAN ANALIZE PRODUSE ALIMENTARE": 3, "MATEMATICA-INFORMATICA": 4, "TEHNICIAN IN TURISM": 5, "TEHNICIAN IN INDUSTRIA TEXTILA": 1}, "limba_moderna": {"LIMBA ENGLEZA": 32, "LIMBA FRANCEZA": 8}, "limba_materna": {"LIMBA ROMANA": 40}, "promotie_anterioara": {"NU": 28, "DA": 12}, "materii": {"LIMBA ROMANA": {"medie": 6.108750000000001, "reusita": 95.0, "cnt": 40}, "MATEMATICA MATE-INFO": {"medie": 5.525, "reusita": 100.0, "cnt": 4}, "ANATOMIE SI FIZIOLOGIE UMANA, GENETICA SI ECOLOGIE UMANA": {"medie": 7.13, "reusita": 93.33333333333333, "cnt": 15}, "GENERAL": {"medie": 6.539999999999999, "reusita": 67.5, "cnt": 40}, "INFORMATICA MI C/C++": {"medie": 5.4, "reusita": 100.0, "cnt": 1}, "ISTORIE": {"medie": 7.404545454545455, "reusita": 100.0, "cnt": 11}, "SOCIOLOGIE": {"medie": 7.05, "reusita": 100.0, "cnt": 2}, "GEOGRAFIE": {"medie": 8.0575, "reusita": 100.0, "cnt": 20}, "BIOLOGIE VEGETALA SI ANIMALA": {"medie": 7.875, "reusita": 100.0, "cnt": 2}, "MATEMATICA TEHN": {"medie": 5.3420000000000005, "reusita": 60.0, "cnt": 25}}, "nume": "COLEGIUL TEHNIC \"DANUBIANA\", MUNICIPIUL ROMAN\tNeam\u021b"}