{"specializari": {"MATEMATICA-INFORMATICA": 76, "STIINTE ALE NATURII": 26, "STIINTE SOCIALE": 41}, "limba_moderna": {"LIMBA FRANCEZA": 1, "LIMBA ENGLEZA": 142}, "limba_materna": {"LIMBA ROMANA": 143}, "promotie_anterioara": {"NU": 141, "DA": 2}, "materii": {"LIMBA ROMANA": {"medie": 7.6451048951048985, "reusita": 98.6013986013986, "cnt": 143}, "MATEMATICA MATE-INFO": {"medie": 8.10657894736842, "reusita": 97.36842105263158, "cnt": 76}, "ANATOMIE SI FIZIOLOGIE UMANA, GENETICA SI ECOLOGIE UMANA": {"medie": 8.464705882352941, "reusita": 100.0, "cnt": 17}, "GENERAL": {"medie": 8.178521126760565, "reusita": 94.4055944055944, "cnt": 143}, "MATEMATICA ST-NAT": {"medie": 8.65192307692308, "reusita": 100.0, "cnt": 26}, "CHIMIE ORGANICA TEO NIVEL I/II": {"medie": 8.129545454545456, "reusita": 100.0, "cnt": 22}, "INFORMATICA MI C/C++": {"medie": 8.230434782608697, "reusita": 100.0, "cnt": 23}, "ISTORIE": {"medie": 8.53170731707317, "reusita": 100.0, "cnt": 41}, "LOGICA, ARGUMENTARE SI COMUNICARE": {"medie": 9.148, "reusita": 100.0, "cnt": 25}, "FIZICA TEO": {"medie": 9.054166666666665, "reusita": 92.3076923076923, "cnt": 13}, "SOCIOLOGIE": {"medie": 9.275, "reusita": 100.0, "cnt": 2}, "PSIHOLOGIE": {"medie": 7.95, "reusita": 100.0, "cnt": 1}, "GEOGRAFIE": {"medie": 9.145833333333332, "reusita": 100.0, "cnt": 12}, "INFORMATICA SN C/C++": {"medie": 9.0, "reusita": 100.0, "cnt": 1}, "BIOLOGIE VEGETALA SI ANIMALA": {"medie": 8.05, "reusita": 100.0, "cnt": 26}, "ECONOMIE": {"medie": 7.5, "reusita": 100.0, "cnt": 1}}, "nume": "COLEGIUL NATIONAL \"RADU NEGRU\" FAGARAS\tBra\u0219ov"}