{"specializari": {"MATEMATICA-INFORMATICA": 36, "FILOLOGIE": 36, "STIINTE ALE NATURII": 9}, "limba_moderna": {"LIMBA ENGLEZA": 79, "LIMBA GERMANA MODERNA": 2}, "limba_materna": {"LIMBA GERMANA": 9, "LIMBA ROMANA": 72}, "promotie_anterioara": {"NU": 72, "DA": 9}, "materii": {"LIMBA ROMANA": {"medie": 7.208024691358023, "reusita": 97.53086419753086, "cnt": 81}, "MATEMATICA MATE-INFO": {"medie": 7.938888888888889, "reusita": 100.0, "cnt": 36}, "ANATOMIE SI FIZIOLOGIE UMANA, GENETICA SI ECOLOGIE UMANA": {"medie": 7.680952380952381, "reusita": 95.23809523809523, "cnt": 21}, "GENERAL": {"medie": 7.769290123456789, "reusita": 92.5925925925926, "cnt": 81}, "MATEMATICA ST-NAT": {"medie": 7.516666666666666, "reusita": 100.0, "cnt": 9}, "INFORMATICA MI C/C++": {"medie": 8.5125, "reusita": 100.0, "cnt": 20}, "ISTORIE": {"medie": 8.280555555555559, "reusita": 100.0, "cnt": 36}, "LOGICA, ARGUMENTARE SI COMUNICARE": {"medie": 7.783333333333334, "reusita": 100.0, "cnt": 6}, "FIZICA TEO": {"medie": 5.0, "reusita": 100.0, "cnt": 1}, "SOCIOLOGIE": {"medie": 6.625, "reusita": 100.0, "cnt": 4}, "PSIHOLOGIE": {"medie": 6.875, "reusita": 100.0, "cnt": 2}, "GEOGRAFIE": {"medie": 8.335416666666665, "reusita": 100.0, "cnt": 24}, "BIOLOGIE VEGETALA SI ANIMALA": {"medie": 7.45, "reusita": 100.0, "cnt": 3}, "LIMBA GERMANA": {"medie": 8.71111111111111, "reusita": 100.0, "cnt": 9}}, "nume": "COLEGIUL NATIONAL \"DIACONOVICI TIETZ\" RESITA\tCara\u0219-Severin"}