{"specializari": {"MATEMATICA-INFORMATICA": 111, "FILOLOGIE": 59}, "limba_moderna": {"LIMBA ENGLEZA": 169, "LIMBA FRANCEZA": 1}, "limba_materna": {"LIMBA ROMANA": 170}, "promotie_anterioara": {"NU": 168, "DA": 2}, "materii": {"LIMBA ROMANA": {"medie": 8.49058823529412, "reusita": 99.41176470588235, "cnt": 170}, "MATEMATICA MATE-INFO": {"medie": 8.849090909090906, "reusita": 98.1981981981982, "cnt": 111}, "ANATOMIE SI FIZIOLOGIE UMANA, GENETICA SI ECOLOGIE UMANA": {"medie": 9.051315789473684, "reusita": 100.0, "cnt": 38}, "GENERAL": {"medie": 8.766765285996051, "reusita": 97.6470588235294, "cnt": 170}, "CHIMIE ORGANICA TEO NIVEL I/II": {"medie": 9.237499999999999, "reusita": 100.0, "cnt": 8}, "CHIMIE ANORGANICA TEO NIVEL I/II": {"medie": 6.909999999999999, "reusita": 100.0, "cnt": 5}, "INFORMATICA MI C/C++": {"medie": 8.783870967741937, "reusita": 100.0, "cnt": 31}, "ISTORIE": {"medie": 8.83813559322034, "reusita": 98.30508474576271, "cnt": 59}, "LOGICA, ARGUMENTARE SI COMUNICARE": {"medie": 9.155555555555557, "reusita": 100.0, "cnt": 9}, "FIZICA TEO": {"medie": 9.328571428571427, "reusita": 96.55172413793103, "cnt": 29}, "SOCIOLOGIE": {"medie": 8.033333333333333, "reusita": 100.0, "cnt": 3}, "PSIHOLOGIE": {"medie": 6.816666666666666, "reusita": 100.0, "cnt": 3}, "GEOGRAFIE": {"medie": 9.018749999999999, "reusita": 100.0, "cnt": 40}, "ECONOMIE": {"medie": 8.9125, "reusita": 100.0, "cnt": 4}}, "nume": "COLEGIUL NATIONAL \"CONSTANTIN CARABELLA\" TARGOVISTE\tD\u00e2mbovi\u021ba"}