{"specializari": {"TEHNICIAN OPERATOR TEHNICA DE CALCUL": 15, "TEHNICIAN IN ACTIVITATI ECONOMICE": 19, "TEHNICIAN PROIECTANT CAD": 26, "TEHNICIAN DESIGNER VESTIMENTAR": 2, "TEHNICIAN ELECTROMECANIC": 3, "TEHNICIAN MECANIC PENTRU INTRETINERE SI REPARATII": 4, "LICEU CU PROGRAM SPORTIV": 1}, "limba_moderna": {"LIMBA ENGLEZA": 69, "LIMBA FRANCEZA": 1}, "limba_materna": {"LIMBA ROMANA": 70}, "promotie_anterioara": {"NU": 56, "DA": 14}, "materii": {"LIMBA ROMANA": {"medie": 5.976923076923077, "reusita": 77.14285714285715, "cnt": 70}, "GENERAL": {"medie": 6.2296875, "reusita": 54.285714285714285, "cnt": 70}, "ISTORIE": {"medie": 5.8, "reusita": 100.0, "cnt": 1}, "LOGICA, ARGUMENTARE SI COMUNICARE": {"medie": 7.394444444444446, "reusita": 88.88888888888889, "cnt": 9}, "PSIHOLOGIE": {"medie": 8.25, "reusita": 100.0, "cnt": 2}, "GEOGRAFIE": {"medie": 8.527777777777779, "reusita": 100.0, "cnt": 9}, "BIOLOGIE VEGETALA SI ANIMALA": {"medie": 5.686206896551723, "reusita": 54.54545454545454, "cnt": 33}, "MATEMATICA TEHN": {"medie": 6.1031249999999995, "reusita": 66.66666666666666, "cnt": 69}, "FIZICA TEH": {"medie": 5.940625, "reusita": 58.82352941176471, "cnt": 17}}, "nume": "COLEGIUL TEHNIC \"VICTOR UNGUREANU\" CAMPIA TURZII\tCluj"}