{"specializari": {"TEHNICIAN ECOLOG SI PROTECTIA CALITATII MEDIULUI": 14, "TEHNICIAN IN SILVICULTURA SI EXPLOATARI FORESTIERE": 14, "TEHNICIAN PROIECTANT PRODUSE FINITE DIN LEMN": 1, "TEHNICIAN MECANIC PENTRU INTRETINERE SI REPARATII": 5}, "limba_moderna": {"LIMBA ENGLEZA": 34}, "limba_materna": {"LIMBA ROMANA": 34}, "promotie_anterioara": {"NU": 27, "DA": 7}, "materii": {"LIMBA ROMANA": {"medie": 5.498529411764705, "reusita": 85.29411764705883, "cnt": 34}, "ANATOMIE SI FIZIOLOGIE UMANA, GENETICA SI ECOLOGIE UMANA": {"medie": 5.93695652173913, "reusita": 68.0, "cnt": 25}, "GENERAL": {"medie": 5.209895833333333, "reusita": 26.47058823529412, "cnt": 34}, "BIOLOGIE VEGETALA SI ANIMALA": {"medie": 3.8333333333333335, "reusita": 33.33333333333333, "cnt": 6}, "MATEMATICA TEHN": {"medie": 4.722058823529412, "reusita": 55.88235294117647, "cnt": 34}, "CHIMIE ANORGANICA TEH NIVEL I/II": {"medie": 4.366666666666666, "reusita": 33.33333333333333, "cnt": 3}}, "nume": "COLEGIUL TEHNIC FORESTIER, MUNICIPIUL PIATRA-NEAMT\tNeam\u021b"}