{"specializari": {"MATEMATICA-INFORMATICA": 57, "TEHNICIAN IN TURISM": 26, "TEHNICIAN ECOLOG SI PROTECTIA CALITATII MEDIULUI": 1, "TEHNICIAN IN PRELUCRAREA LEMNULUI": 2, "TEHNICIAN MECANIC PENTRU INTRETINERE SI REPARATII": 1}, "limba_moderna": {"LIMBA ENGLEZA": 85, "LIMBA FRANCEZA": 2}, "limba_materna": {"LIMBA ROMANA": 87}, "promotie_anterioara": {"NU": 74, "DA": 13}, "materii": {"LIMBA ROMANA": {"medie": 6.768023255813953, "reusita": 90.80459770114942, "cnt": 87}, "MATEMATICA MATE-INFO": {"medie": 7.633928571428575, "reusita": 91.22807017543859, "cnt": 57}, "ANATOMIE SI FIZIOLOGIE UMANA, GENETICA SI ECOLOGIE UMANA": {"medie": 7.595000000000001, "reusita": 90.0, "cnt": 10}, "GENERAL": {"medie": 7.07281746031746, "reusita": 73.5632183908046, "cnt": 87}, "CHIMIE ORGANICA TEO NIVEL I/II": {"medie": 7.8931818181818185, "reusita": 90.9090909090909, "cnt": 22}, "INFORMATICA MI C/C++": {"medie": 7.941666666666666, "reusita": 100.0, "cnt": 6}, "LOGICA, ARGUMENTARE SI COMUNICARE": {"medie": 7.65, "reusita": 100.0, "cnt": 2}, "FIZICA TEO": {"medie": 8.783333333333333, "reusita": 100.0, "cnt": 3}, "GEOGRAFIE": {"medie": 6.754347826086957, "reusita": 83.33333333333334, "cnt": 24}, "BIOLOGIE VEGETALA SI ANIMALA": {"medie": 7.363157894736842, "reusita": 94.73684210526315, "cnt": 19}, "MATEMATICA TEHN": {"medie": 5.574137931034483, "reusita": 63.33333333333333, "cnt": 30}, "CHIMIE ORGANICA TEH NIVEL I/II": {"medie": 6.2, "reusita": 100.0, "cnt": 1}}, "nume": "COLEGIUL \"FERDINAND I\", COMUNA MANECIU\tPrahova"}