{"specializari": {"TEHNICIAN IN ACTIVITATI ECONOMICE": 284, "TEHNICIAN IN TURISM": 33}, "limba_moderna": {"LIMBA ENGLEZA": 316, "LIMBA RUSA": 1}, "limba_materna": {"LIMBA ROMANA": 317}, "promotie_anterioara": {"NU": 315, "DA": 2}, "materii": {"LIMBA ROMANA": {"medie": 8.19952681388013, "reusita": 99.36908517350159, "cnt": 317}, "GENERAL": {"medie": 8.723650793650796, "reusita": 98.42271293375394, "cnt": 317}, "LOGICA, ARGUMENTARE SI COMUNICARE": {"medie": 8.938124999999998, "reusita": 100.0, "cnt": 80}, "PSIHOLOGIE": {"medie": 8.497222222222222, "reusita": 100.0, "cnt": 18}, "GEOGRAFIE": {"medie": 8.992583732057419, "reusita": 99.52380952380952, "cnt": 210}, "MATEMATICA TEHN": {"medie": 9.0126582278481, "reusita": 99.6845425867508, "cnt": 317}, "ECONOMIE": {"medie": 8.722222222222221, "reusita": 100.0, "cnt": 9}}, "nume": "COLEGIUL ECONOMIC \"V. MADGEARU\"\tBucure\u0219ti"}