{"specializari": {"MATEMATICA-INFORMATICA": 46, "STIINTE ALE NATURII": 53, "STIINTE SOCIALE": 60}, "limba_moderna": {"LIMBA GERMANA MODERNA": 15, "LIMBA ENGLEZA": 143, "LIMBA FRANCEZA": 1}, "limba_materna": {"LIMBA MAGHIARA": 159}, "promotie_anterioara": {"NU": 149, "DA": 10}, "materii": {"LIMBA ROMANA": {"medie": 5.898427672955976, "reusita": 84.90566037735849, "cnt": 159}, "MATEMATICA MATE-INFO": {"medie": 7.689130434782607, "reusita": 93.47826086956522, "cnt": 46}, "ANATOMIE SI FIZIOLOGIE UMANA, GENETICA SI ECOLOGIE UMANA": {"medie": 8.335937500000002, "reusita": 100.0, "cnt": 64}, "GENERAL": {"medie": 7.7248427672955975, "reusita": 83.64779874213836, "cnt": 159}, "MATEMATICA ST-NAT": {"medie": 8.217924528301888, "reusita": 100.0, "cnt": 53}, "CHIMIE ORGANICA TEO NIVEL I/II": {"medie": 9.183333333333334, "reusita": 100.0, "cnt": 3}, "INFORMATICA MI C/C++": {"medie": 9.9, "reusita": 100.0, "cnt": 7}, "ISTORIE": {"medie": 8.07416666666667, "reusita": 100.0, "cnt": 60}, "LOGICA, ARGUMENTARE SI COMUNICARE": {"medie": 8.450000000000001, "reusita": 100.0, "cnt": 17}, "FIZICA TEO": {"medie": 8.6, "reusita": 100.0, "cnt": 5}, "GEOGRAFIE": {"medie": 8.509302325581393, "reusita": 100.0, "cnt": 43}, "LIMBA MAGHIARA (REAL)": {"medie": 8.469696969696974, "reusita": 100.0, "cnt": 99}, "INFORMATICA MI PASCAL": {"medie": 8.920000000000003, "reusita": 100.0, "cnt": 20}, "LIMBA MAGHIARA (UMAN)": {"medie": 8.36083333333333, "reusita": 100.0, "cnt": 60}}, "nume": "COLEGIUL NATIONAL \"KOLCSEY FERENC\" SATU MARE\tSatu-Mare"}