{"specializari": {"FILOLOGIE": 101, "MATEMATICA-INFORMATICA": 25, "STIINTE ALE NATURII": 32}, "limba_moderna": {"LIMBA ENGLEZA": 152, "LIMBA FRANCEZA": 6}, "limba_materna": {"LIMBA ROMANA": 158}, "promotie_anterioara": {"NU": 145, "DA": 13}, "materii": {"LIMBA ROMANA": {"medie": 7.375477707006368, "reusita": 98.73417721518987, "cnt": 158}, "MATEMATICA MATE-INFO": {"medie": 8.68125, "reusita": 92.0, "cnt": 25}, "ANATOMIE SI FIZIOLOGIE UMANA, GENETICA SI ECOLOGIE UMANA": {"medie": 7.9625, "reusita": 95.0, "cnt": 40}, "GENERAL": {"medie": 7.8218279569892495, "reusita": 88.60759493670885, "cnt": 158}, "MATEMATICA ST-NAT": {"medie": 7.529032258064516, "reusita": 87.5, "cnt": 32}, "CHIMIE ORGANICA TEO NIVEL I/II": {"medie": 8.75, "reusita": 100.0, "cnt": 3}, "INFORMATICA MI C/C++": {"medie": 8.9125, "reusita": 100.0, "cnt": 8}, "ISTORIE": {"medie": 7.593999999999999, "reusita": 94.05940594059405, "cnt": 101}, "LOGICA, ARGUMENTARE SI COMUNICARE": {"medie": 8.5, "reusita": 100.0, "cnt": 8}, "FIZICA TEO": {"medie": 8.575, "reusita": 100.0, "cnt": 4}, "SOCIOLOGIE": {"medie": 9.166666666666666, "reusita": 100.0, "cnt": 6}, "PSIHOLOGIE": {"medie": 8.4, "reusita": 100.0, "cnt": 6}, "GEOGRAFIE": {"medie": 8.248125, "reusita": 98.75, "cnt": 80}, "INFORMATICA SN C/C++": {"medie": 8.6, "reusita": 100.0, "cnt": 1}, "BIOLOGIE VEGETALA SI ANIMALA": {"medie": 6.7, "reusita": 100.0, "cnt": 1}, "ECONOMIE": {"medie": "-", "reusita": 0.0, "cnt": 1}}, "nume": "COLEGIUL NATIONAL \"NEAGOE BASARAB\" OLTENITA\tC\u0103l\u0103ra\u0219i"}