{"specializari": {"TEHNICIAN IN ACTIVITATI ECONOMICE": 100, "ORGANIZATOR BANQUETING": 25, "TEHNICIAN IN ADMINISTRATIE": 54, "TEHNICIAN IN GASTRONOMIE": 23, "TEHNICIAN IN ACTIVITATI DE COMERT": 25, "TEHNICIAN IN TURISM": 23}, "limba_moderna": {"LIMBA ENGLEZA": 227, "LIMBA FRANCEZA": 23}, "limba_materna": {"LIMBA ROMANA": 250}, "promotie_anterioara": {"NU": 243, "DA": 7}, "materii": {"LIMBA ROMANA": {"medie": 7.2496, "reusita": 98.8, "cnt": 250}, "GENERAL": {"medie": 7.810040160642568, "reusita": 94.0, "cnt": 250}, "LOGICA, ARGUMENTARE SI COMUNICARE": {"medie": 8.172374429223746, "reusita": 94.97716894977168, "cnt": 219}, "GEOGRAFIE": {"medie": 8.650000000000002, "reusita": 100.0, "cnt": 30}, "MATEMATICA TEHN": {"medie": 7.914600000000002, "reusita": 98.0, "cnt": 250}, "ECONOMIE": {"medie": 6.9, "reusita": 100.0, "cnt": 1}}, "nume": "COLEGIUL ECONOMIC \"VIRGIL MADGEARU\", LOCALITATEA GALATI\tGala\u021bi"}