{"specializari": {"MATEMATICA-INFORMATICA": 15, "STIINTE SOCIALE": 12}, "limba_moderna": {"LIMBA ENGLEZA": 22, "LIMBA EBRAICA": 4, "LIMBA GERMANA MODERNA": 1}, "limba_materna": {"LIMBA ROMANA": 27}, "promotie_anterioara": {"NU": 27}, "materii": {"LIMBA ROMANA": {"medie": 8.755555555555553, "reusita": 100.0, "cnt": 27}, "MATEMATICA MATE-INFO": {"medie": 9.423333333333334, "reusita": 100.0, "cnt": 15}, "ANATOMIE SI FIZIOLOGIE UMANA, GENETICA SI ECOLOGIE UMANA": {"medie": 9.316666666666666, "reusita": 100.0, "cnt": 6}, "GENERAL": {"medie": 9.165432098765434, "reusita": 100.0, "cnt": 27}, "CHIMIE ORGANICA TEO NIVEL I/II": {"medie": 9.3, "reusita": 100.0, "cnt": 1}, "INFORMATICA MI C/C++": {"medie": 9.17, "reusita": 100.0, "cnt": 5}, "ISTORIE": {"medie": 9.345833333333333, "reusita": 100.0, "cnt": 12}, "LOGICA, ARGUMENTARE SI COMUNICARE": {"medie": 9.366666666666667, "reusita": 100.0, "cnt": 3}, "FIZICA TEO": {"medie": 9.799999999999999, "reusita": 100.0, "cnt": 3}, "SOCIOLOGIE": {"medie": 10.0, "reusita": 100.0, "cnt": 2}, "PSIHOLOGIE": {"medie": 9.05, "reusita": 100.0, "cnt": 2}, "GEOGRAFIE": {"medie": 9.1, "reusita": 100.0, "cnt": 1}, "FILOSOFIE": {"medie": 9.7, "reusita": 100.0, "cnt": 1}, "ECONOMIE": {"medie": 9.016666666666666, "reusita": 100.0, "cnt": 3}}, "nume": "COMPLEXUL EDUCATIONAL LAUDE-REUT\tBucure\u0219ti"}