{"specializari": {"FILOLOGIE": 67, "TEHNICIAN IN TURISM": 4}, "limba_moderna": {"LIMBA ENGLEZA": 71}, "limba_materna": {"LIMBA ROMANA": 71}, "promotie_anterioara": {"NU": 51, "DA": 20}, "materii": {"LIMBA ROMANA": {"medie": 5.850000000000001, "reusita": 87.32394366197182, "cnt": 71}, "GENERAL": {"medie": 6.796296296296298, "reusita": 67.6056338028169, "cnt": 71}, "ISTORIE": {"medie": 6.6846774193548395, "reusita": 88.05970149253731, "cnt": 67}, "LOGICA, ARGUMENTARE SI COMUNICARE": {"medie": 5.775, "reusita": 100.0, "cnt": 2}, "SOCIOLOGIE": {"medie": 9.3, "reusita": 100.0, "cnt": 1}, "PSIHOLOGIE": {"medie": 6.95, "reusita": 50.0, "cnt": 2}, "GEOGRAFIE": {"medie": 7.948412698412701, "reusita": 90.9090909090909, "cnt": 66}, "MATEMATICA TEHN": {"medie": 4.637500000000001, "reusita": 75.0, "cnt": 4}}, "nume": "COMPLEXUL SCOLAR \"CRONOS\"\tBucure\u0219ti"}