{"specializari": {"LICEU CU PROGRAM SPORTIV": 98, "STIINTE ALE NATURII": 16}, "limba_moderna": {"LIMBA ENGLEZA": 94, "LIMBA FRANCEZA": 20}, "limba_materna": {"LIMBA ROMANA": 114}, "promotie_anterioara": {"NU": 91, "DA": 23}, "materii": {"LIMBA ROMANA": {"medie": 5.28211009174312, "reusita": 59.64912280701754, "cnt": 114}, "ANATOMIE SI FIZIOLOGIE UMANA, GENETICA SI ECOLOGIE UMANA": {"medie": 6.176666666666667, "reusita": 93.33333333333333, "cnt": 15}, "GENERAL": {"medie": 5.481904761904763, "reusita": 33.33333333333333, "cnt": 114}, "MATEMATICA ST-NAT": {"medie": 4.653125, "reusita": 68.75, "cnt": 16}, "ISTORIE": {"medie": 4.805913978494622, "reusita": 47.95918367346938, "cnt": 98}, "PSIHOLOGIE": {"medie": 6.1361702127659585, "reusita": 71.42857142857143, "cnt": 49}, "GEOGRAFIE": {"medie": 6.4934782608695665, "reusita": 75.51020408163265, "cnt": 49}, "BIOLOGIE VEGETALA SI ANIMALA": {"medie": 7.85, "reusita": 100.0, "cnt": 1}}, "nume": "LICEUL CU PROGRAM SPORTIV TG-JIU\tGorj"}