{"specializari": {"LICEU CU PROGRAM SPORTIV": 86}, "limba_moderna": {"LIMBA ENGLEZA": 86}, "limba_materna": {"LIMBA ROMANA": 86}, "promotie_anterioara": {"NU": 77, "DA": 9}, "materii": {"LIMBA ROMANA": {"medie": 4.749404761904762, "reusita": 54.65116279069767, "cnt": 86}, "GENERAL": {"medie": 5.686842105263159, "reusita": 41.86046511627907, "cnt": 86}, "ISTORIE": {"medie": 5.316666666666667, "reusita": 63.95348837209303, "cnt": 86}, "LOGICA, ARGUMENTARE SI COMUNICARE": {"medie": 6.566176470588234, "reusita": 72.22222222222221, "cnt": 36}, "GEOGRAFIE": {"medie": 6.678999999999999, "reusita": 82.0, "cnt": 50}}, "nume": "LICEUL CU PROGRAM SPORTIV SLATINA\tOlt"}