{"specializari": {"ARTA ACTORULUI": 27, "ARTE PLASTICE SI DECORATIVE": 34, "ARHITECTURA, ARTE AMBIENTALE SI DESIGN": 22, "MUZICA": 18}, "limba_moderna": {"LIMBA ENGLEZA": 99, "LIMBA RUSA": 1, "LIMBA FRANCEZA": 1}, "limba_materna": {"LIMBA ROMANA": 101}, "promotie_anterioara": {"NU": 93, "DA": 8}, "materii": {"LIMBA ROMANA": {"medie": 7.038613861386136, "reusita": 98.01980198019803, "cnt": 101}, "GENERAL": {"medie": 7.161386138613863, "reusita": 79.20792079207921, "cnt": 101}, "ISTORIE": {"medie": 7.123267326732676, "reusita": 96.03960396039604, "cnt": 101}, "LOGICA, ARGUMENTARE SI COMUNICARE": {"medie": 7.373863636363638, "reusita": 95.45454545454545, "cnt": 44}, "PSIHOLOGIE": {"medie": 7.489999999999999, "reusita": 100.0, "cnt": 10}, "GEOGRAFIE": {"medie": 7.315555555555555, "reusita": 91.11111111111111, "cnt": 45}, "FILOSOFIE": {"medie": 5.5, "reusita": 100.0, "cnt": 2}}, "nume": "LICEUL DE ARTE \"HARICLEA DARCLEE\"\tBr\u0103ila"}