{"specializari": {"LICEU CU PROGRAM SPORTIV": 118, "TEHNICIAN IN TURISM": 28, "TEHNICIAN ECOLOG SI PROTECTIA CALITATII MEDIULUI": 32}, "limba_moderna": {"LIMBA ENGLEZA": 177, "LIMBA GERMANA MODERNA": 1}, "limba_materna": {"LIMBA ROMANA": 178}, "promotie_anterioara": {"NU": 141, "DA": 37}, "materii": {"LIMBA ROMANA": {"medie": 5.745689655172413, "reusita": 86.51685393258427, "cnt": 178}, "ANATOMIE SI FIZIOLOGIE UMANA, GENETICA SI ECOLOGIE UMANA": {"medie": 8.299999999999999, "reusita": 100.0, "cnt": 3}, "GENERAL": {"medie": 6.226413255360624, "reusita": 52.24719101123596, "cnt": 178}, "ISTORIE": {"medie": 5.698230088495576, "reusita": 83.05084745762711, "cnt": 118}, "LOGICA, ARGUMENTARE SI COMUNICARE": {"medie": 8.233333333333333, "reusita": 100.0, "cnt": 3}, "GEOGRAFIE": {"medie": 7.200714285714283, "reusita": 96.47887323943662, "cnt": 142}, "BIOLOGIE VEGETALA SI ANIMALA": {"medie": 5.831034482758621, "reusita": 72.41379310344827, "cnt": 29}, "MATEMATICA TEHN": {"medie": 6.345000000000001, "reusita": 85.0, "cnt": 60}, "FILOSOFIE": {"medie": 7.1, "reusita": 100.0, "cnt": 1}}, "nume": "LICEUL CU PROGRAM SPORTIV BISTRITA\tBistri\u021ba-N\u0103s\u0103ud"}