{"specializari": {"LICEU CU PROGRAM SPORTIV": 34}, "limba_moderna": {"LIMBA ENGLEZA": 34}, "limba_materna": {"LIMBA ROMANA": 34}, "promotie_anterioara": {"NU": 29, "DA": 5}, "materii": {"LIMBA ROMANA": {"medie": 4.910294117647059, "reusita": 67.64705882352942, "cnt": 34}, "GENERAL": {"medie": 5.738888888888892, "reusita": 47.05882352941176, "cnt": 34}, "ISTORIE": {"medie": 5.292424242424241, "reusita": 67.64705882352942, "cnt": 34}, "GEOGRAFIE": {"medie": 7.305357142857145, "reusita": 96.42857142857143, "cnt": 28}, "FILOSOFIE": {"medie": 4.758333333333334, "reusita": 50.0, "cnt": 6}}, "nume": "LICEUL CU PROGRAM SPORTIV \"HELMUT DUCKADAM\" CLINCENI\tIlfov"}