{"specializari": {"MATEMATICA-INFORMATICA": 30, "STIINTE ALE NATURII": 36, "FILOLOGIE": 42, "STIINTE SOCIALE": 34, "TEHNICIAN IN INSTALATII ELECTRICE": 26, "TEHNICIAN AGROMONTAN": 26, "TEHNICIAN MECATRONIST": 19, "TEHNICIAN MECANIC PENTRU INTRETINERE SI REPARATII": 6, "TEHNICIAN ELECTROTEHNIST": 18, "TEHNICIAN IN INDUSTRIA TEXTILA": 9, "TEHNICIAN ECOLOG SI PROTECTIA CALITATII MEDIULUI": 1}, "limba_moderna": {"LIMBA ENGLEZA": 241, "LIMBA FRANCEZA": 6}, "limba_materna": {"LIMBA ROMANA": 247}, "promotie_anterioara": {"NU": 215, "DA": 32}, "materii": {"LIMBA ROMANA": {"medie": 6.838912133891215, "reusita": 87.85425101214574, "cnt": 247}, "MATEMATICA MATE-INFO": {"medie": 9.100000000000001, "reusita": 100.0, "cnt": 30}, "ANATOMIE SI FIZIOLOGIE UMANA, GENETICA SI ECOLOGIE UMANA": {"medie": 7.7433333333333305, "reusita": 90.66666666666666, "cnt": 75}, "GENERAL": {"medie": 6.744755747126434, "reusita": 64.37246963562752, "cnt": 247}, "MATEMATICA ST-NAT": {"medie": 7.519444444444444, "reusita": 94.44444444444444, "cnt": 36}, "INFORMATICA MI C/C++": {"medie": 9.141666666666667, "reusita": 100.0, "cnt": 6}, "ISTORIE": {"medie": 7.429333333333334, "reusita": 97.36842105263158, "cnt": 76}, "LOGICA, ARGUMENTARE SI COMUNICARE": {"medie": 8.8625, "reusita": 100.0, "cnt": 4}, "FIZICA TEO": {"medie": 9.095454545454546, "reusita": 100.0, "cnt": 11}, "PSIHOLOGIE": {"medie": 8.8, "reusita": 100.0, "cnt": 1}, "GEOGRAFIE": {"medie": 8.307857142857141, "reusita": 98.59154929577466, "cnt": 71}, "INFORMATICA SN C/C++": {"medie": 3.55, "reusita": 0.0, "cnt": 1}, "BIOLOGIE VEGETALA SI ANIMALA": {"medie": 4.0507462686567175, "reusita": 33.33333333333333, "cnt": 78}, "MATEMATICA TEHN": {"medie": 3.9342105263157894, "reusita": 40.95238095238095, "cnt": 105}}, "nume": "LICEUL CONSTANTIN BRANCOVEANU, ORAS HOREZU\tV\u00e2lcea"}