{"specializari": {"MUZICA": 31, "ARTE PLASTICE SI DECORATIVE": 37}, "limba_moderna": {"LIMBA ENGLEZA": 68}, "limba_materna": {"LIMBA ROMANA": 68}, "promotie_anterioara": {"NU": 62, "DA": 6}, "materii": {"LIMBA ROMANA": {"medie": 7.0926470588235295, "reusita": 98.52941176470588, "cnt": 68}, "GENERAL": {"medie": 7.20392156862745, "reusita": 79.41176470588235, "cnt": 68}, "ISTORIE": {"medie": 6.759558823529416, "reusita": 95.58823529411765, "cnt": 68}, "LOGICA, ARGUMENTARE SI COMUNICARE": {"medie": 7.827777777777778, "reusita": 88.88888888888889, "cnt": 9}, "PSIHOLOGIE": {"medie": 7.641666666666667, "reusita": 100.0, "cnt": 6}, "GEOGRAFIE": {"medie": 7.761320754716981, "reusita": 94.33962264150944, "cnt": 53}}, "nume": "LICEUL DE ARTE VICTOR GIULEANU, MUN. RM. VALCEA\tV\u00e2lcea"}