{"specializari": {"LICEU CU PROGRAM SPORTIV": 56}, "limba_moderna": {"LIMBA ENGLEZA": 56}, "limba_materna": {"LIMBA ROMANA": 56}, "promotie_anterioara": {"NU": 54, "DA": 2}, "materii": {"LIMBA ROMANA": {"medie": 5.844545454545457, "reusita": 78.57142857142857, "cnt": 56}, "GENERAL": {"medie": 6.374242424242424, "reusita": 58.92857142857143, "cnt": 56}, "ISTORIE": {"medie": 6.678181818181819, "reusita": 85.71428571428571, "cnt": 56}, "LOGICA, ARGUMENTARE SI COMUNICARE": {"medie": 6.637142857142859, "reusita": 72.22222222222221, "cnt": 36}, "GEOGRAFIE": {"medie": 6.534999999999999, "reusita": 75.0, "cnt": 20}}, "nume": "LICEUL CU PROGRAM SPORTIV ALBA IULIA\tAlba"}