{"specializari": {"MATEMATICA-INFORMATICA": 44, "MUZICA": 14, "FILOLOGIE": 31, "ARTE PLASTICE SI DECORATIVE": 44}, "limba_moderna": {"LIMBA ENGLEZA": 133}, "limba_materna": {"LIMBA ROMANA": 133}, "promotie_anterioara": {"NU": 127, "DA": 6}, "materii": {"LIMBA ROMANA": {"medie": 6.90563909774436, "reusita": 94.73684210526315, "cnt": 133}, "MATEMATICA MATE-INFO": {"medie": 7.385227272727275, "reusita": 88.63636363636364, "cnt": 44}, "ANATOMIE SI FIZIOLOGIE UMANA, GENETICA SI ECOLOGIE UMANA": {"medie": 7.955263157894737, "reusita": 95.0, "cnt": 20}, "GENERAL": {"medie": 7.429615384615383, "reusita": 79.69924812030075, "cnt": 133}, "CHIMIE ORGANICA TEO NIVEL I/II": {"medie": 9.59, "reusita": 100.0, "cnt": 5}, "INFORMATICA MI C/C++": {"medie": 8.583333333333334, "reusita": 100.0, "cnt": 9}, "ISTORIE": {"medie": 6.847752808988767, "reusita": 89.8876404494382, "cnt": 89}, "LOGICA, ARGUMENTARE SI COMUNICARE": {"medie": 8.344444444444443, "reusita": 93.75, "cnt": 64}, "FIZICA TEO": {"medie": 8.855, "reusita": 100.0, "cnt": 10}, "PSIHOLOGIE": {"medie": 9.0, "reusita": 100.0, "cnt": 1}, "GEOGRAFIE": {"medie": 7.754347826086957, "reusita": 91.66666666666666, "cnt": 24}}, "nume": "LICEUL DE ARTE \"IONEL PERLEA\" SLOBOZIA\tIalomi\u021ba"}