{"specializari": {"LICEU CU PROGRAM SPORTIV": 166}, "limba_moderna": {"LIMBA ENGLEZA": 139, "LIMBA FRANCEZA": 27}, "limba_materna": {"LIMBA ROMANA": 166}, "promotie_anterioara": {"NU": 136, "DA": 30}, "materii": {"LIMBA ROMANA": {"medie": 5.501226993865033, "reusita": 77.10843373493977, "cnt": 166}, "GENERAL": {"medie": 6.064046121593291, "reusita": 54.81927710843374, "cnt": 166}, "ISTORIE": {"medie": 5.869753086419752, "reusita": 74.69879518072288, "cnt": 166}, "LOGICA, ARGUMENTARE SI COMUNICARE": {"medie": 6.724311926605505, "reusita": 78.18181818181819, "cnt": 110}, "GEOGRAFIE": {"medie": 6.6311320754717, "reusita": 78.57142857142857, "cnt": 56}}, "nume": "LICEUL CU PROGRAM SPORTIV \"VIITORUL\" PITESTI\tArge\u0219"}