{"specializari": {"ARTE PLASTICE SI DECORATIVE": 28, "ARHITECTURA, ARTE AMBIENTALE SI DESIGN": 27, "MUZICA": 23}, "limba_moderna": {"LIMBA ENGLEZA": 78}, "limba_materna": {"LIMBA ROMANA": 78}, "promotie_anterioara": {"NU": 77, "DA": 1}, "materii": {"LIMBA ROMANA": {"medie": 7.914102564102566, "reusita": 98.71794871794873, "cnt": 78}, "GENERAL": {"medie": 8.002564102564103, "reusita": 89.74358974358975, "cnt": 78}, "ISTORIE": {"medie": 7.783974358974358, "reusita": 97.43589743589743, "cnt": 78}, "LOGICA, ARGUMENTARE SI COMUNICARE": {"medie": 9.575, "reusita": 100.0, "cnt": 4}, "PSIHOLOGIE": {"medie": 8.028571428571428, "reusita": 85.71428571428571, "cnt": 7}, "GEOGRAFIE": {"medie": 8.272131147540986, "reusita": 96.72131147540983, "cnt": 61}, "FILOSOFIE": {"medie": 8.309999999999999, "reusita": 100.0, "cnt": 5}, "ECONOMIE": {"medie": 7.5, "reusita": 100.0, "cnt": 1}}, "nume": "LICEUL DE ARTE \"BALASA DOAMNA\" TARGOVISTE\tD\u00e2mbovi\u021ba"}