{"specializari": {"ARHITECTURA, ARTE AMBIENTALE SI DESIGN": 29, "ARTE PLASTICE SI DECORATIVE": 29}, "limba_moderna": {"LIMBA ENGLEZA": 52, "LIMBA ITALIANA": 6}, "limba_materna": {"LIMBA ROMANA": 58}, "promotie_anterioara": {"NU": 53, "DA": 5}, "materii": {"LIMBA ROMANA": {"medie": 6.391379310344828, "reusita": 87.93103448275862, "cnt": 58}, "GENERAL": {"medie": 6.799425287356324, "reusita": 62.06896551724138, "cnt": 58}, "ISTORIE": {"medie": 6.661206896551724, "reusita": 89.65517241379311, "cnt": 58}, "LOGICA, ARGUMENTARE SI COMUNICARE": {"medie": 8.066666666666668, "reusita": 88.88888888888889, "cnt": 9}, "PSIHOLOGIE": {"medie": 8.083333333333334, "reusita": 100.0, "cnt": 3}, "GEOGRAFIE": {"medie": 7.059090909090907, "reusita": 87.87878787878788, "cnt": 33}, "FILOSOFIE": {"medie": 7.403846153846154, "reusita": 92.3076923076923, "cnt": 13}}, "nume": "LICEUL DE ARTE \"CORNELIU BABA\" BISTRITA\tBistri\u021ba-N\u0103s\u0103ud"}