{"specializari": {"LICEU CU PROGRAM SPORTIV": 146, "STIINTE SOCIALE": 39, "STIINTE ALE NATURII": 32}, "limba_moderna": {"LIMBA ENGLEZA": 216, "LIMBA FRANCEZA": 1}, "limba_materna": {"LIMBA ROMANA": 217}, "promotie_anterioara": {"NU": 188, "DA": 29}, "materii": {"LIMBA ROMANA": {"medie": 5.544999999999999, "reusita": 77.41935483870968, "cnt": 217}, "ANATOMIE SI FIZIOLOGIE UMANA, GENETICA SI ECOLOGIE UMANA": {"medie": 6.659999999999999, "reusita": 80.95238095238095, "cnt": 21}, "GENERAL": {"medie": 6.24439024390244, "reusita": 52.995391705069125, "cnt": 217}, "MATEMATICA ST-NAT": {"medie": 6.1099999999999985, "reusita": 78.125, "cnt": 32}, "CHIMIE ORGANICA TEO NIVEL I/II": {"medie": 6.575, "reusita": 100.0, "cnt": 2}, "ISTORIE": {"medie": 5.897457627118648, "reusita": 70.27027027027027, "cnt": 185}, "LOGICA, ARGUMENTARE SI COMUNICARE": {"medie": 6.787142857142858, "reusita": 79.48717948717949, "cnt": 39}, "FIZICA TEO": {"medie": 5.95, "reusita": 100.0, "cnt": 1}, "SOCIOLOGIE": {"medie": 4.975, "reusita": 50.0, "cnt": 2}, "PSIHOLOGIE": {"medie": 7.2, "reusita": 100.0, "cnt": 1}, "GEOGRAFIE": {"medie": 7.383453237410069, "reusita": 90.9090909090909, "cnt": 143}, "BIOLOGIE VEGETALA SI ANIMALA": {"medie": 7.442857142857142, "reusita": 87.5, "cnt": 8}}, "nume": "LICEUL CU PROGRAM SPORTIV \"MIRCEA ELIADE\"\tBucure\u0219ti"}