{"specializari": {"FILOLOGIE": 36, "LICEU CU PROGRAM SPORTIV": 111}, "limba_moderna": {"LIMBA ENGLEZA": 139, "LIMBA FRANCEZA": 8}, "limba_materna": {"LIMBA ROMANA": 147}, "promotie_anterioara": {"NU": 131, "DA": 16}, "materii": {"LIMBA ROMANA": {"medie": 6.05460992907801, "reusita": 86.39455782312925, "cnt": 147}, "GENERAL": {"medie": 6.295133819951337, "reusita": 59.863945578231295, "cnt": 147}, "ISTORIE": {"medie": 5.824642857142858, "reusita": 76.19047619047619, "cnt": 147}, "LOGICA, ARGUMENTARE SI COMUNICARE": {"medie": 6.964556962025315, "reusita": 82.35294117647058, "cnt": 85}, "SOCIOLOGIE": {"medie": 5.1, "reusita": 100.0, "cnt": 1}, "PSIHOLOGIE": {"medie": 6.4, "reusita": 100.0, "cnt": 1}, "GEOGRAFIE": {"medie": 6.947457627118644, "reusita": 85.0, "cnt": 60}}, "nume": "LICEUL CU PROGRAM SPORTIV SUCEAVA\tSuceava"}