{"specializari": {"TEHNICIAN IN GASTRONOMIE": 7, "TEHNICIAN IN ACTIVITATI DE COMERT": 8, "TEHNICIAN IN AGROTURISM": 2, "TEHNICIAN IN INDUSTRIA ALIMENTARA": 3, "TEHNICIAN TRANSPORTURI": 3, "TEHNICIAN IN TURISM": 1, "TEHNICIAN IN AUTOMATIZARI": 1, "TEHNICIAN ANALIZE PRODUSE ALIMENTARE": 1, "TEHNICIAN MECANIC PENTRU INTRETINERE SI REPARATII": 1}, "limba_moderna": {"LIMBA ENGLEZA": 27}, "limba_materna": {"LIMBA ROMANA": 27}, "promotie_anterioara": {"NU": 16, "DA": 11}, "materii": {"LIMBA ROMANA": {"medie": 5.912962962962963, "reusita": 92.5925925925926, "cnt": 27}, "GENERAL": {"medie": 5.92530864197531, "reusita": 40.74074074074074, "cnt": 27}, "LOGICA, ARGUMENTARE SI COMUNICARE": {"medie": 7.08, "reusita": 80.0, "cnt": 5}, "GEOGRAFIE": {"medie": 7.627272727272726, "reusita": 100.0, "cnt": 11}, "BIOLOGIE VEGETALA SI ANIMALA": {"medie": 5.213636363636364, "reusita": 72.72727272727273, "cnt": 11}, "MATEMATICA TEHN": {"medie": 5.32037037037037, "reusita": 70.37037037037037, "cnt": 27}}, "nume": "LICEUL AGRICOL \"DR. C. ANGELESCU\" MUNICIPIUL BUZAU\tBuz\u0103u"}