{"specializari": {"LICEU CU PROGRAM SPORTIV": 55}, "limba_moderna": {"LIMBA ENGLEZA": 55}, "limba_materna": {"LIMBA ROMANA": 55}, "promotie_anterioara": {"NU": 43, "DA": 12}, "materii": {"LIMBA ROMANA": {"medie": 5.816037735849058, "reusita": 78.18181818181819, "cnt": 55}, "GENERAL": {"medie": 6.3879084967320265, "reusita": 58.18181818181818, "cnt": 55}, "ISTORIE": {"medie": 5.886111111111112, "reusita": 81.81818181818183, "cnt": 55}, "LOGICA, ARGUMENTARE SI COMUNICARE": {"medie": 7.635714285714286, "reusita": 87.5, "cnt": 8}, "PSIHOLOGIE": {"medie": 5.9, "reusita": 100.0, "cnt": 1}, "GEOGRAFIE": {"medie": 7.2886363636363605, "reusita": 91.30434782608695, "cnt": 46}}, "nume": "LICEUL CU PROGRAM SPORTIV BACAU\tBac\u0103u"}