{"specializari": {"LICEU CU PROGRAM SPORTIV": 25}, "limba_moderna": {"LIMBA ENGLEZA": 25}, "limba_materna": {"LIMBA ROMANA": 25}, "promotie_anterioara": {"NU": 21, "DA": 4}, "materii": {"LIMBA ROMANA": {"medie": 6.036000000000001, "reusita": 92.0, "cnt": 25}, "GENERAL": {"medie": 6.772666666666665, "reusita": 68.0, "cnt": 25}, "ISTORIE": {"medie": 7.422, "reusita": 100.0, "cnt": 25}, "LOGICA, ARGUMENTARE SI COMUNICARE": {"medie": 6.99090909090909, "reusita": 90.9090909090909, "cnt": 11}, "GEOGRAFIE": {"medie": 6.757142857142857, "reusita": 92.85714285714286, "cnt": 14}}, "nume": "LICEUL CU PROGRAM SPORTIV \" FLORIN FLESERIU\" SEBES\tAlba"}