{"specializari": {"LICEU CU PROGRAM SPORTIV": 72}, "limba_moderna": {"LIMBA ENGLEZA": 72}, "limba_materna": {"LIMBA ROMANA": 72}, "promotie_anterioara": {"NU": 55, "DA": 17}, "materii": {"LIMBA ROMANA": {"medie": 5.6164285714285755, "reusita": 81.94444444444444, "cnt": 72}, "GENERAL": {"medie": 6.2661764705882375, "reusita": 52.77777777777778, "cnt": 72}, "ISTORIE": {"medie": 5.936805555555555, "reusita": 88.88888888888889, "cnt": 72}, "LOGICA, ARGUMENTARE SI COMUNICARE": {"medie": 6.0, "reusita": 50.0, "cnt": 2}, "PSIHOLOGIE": {"medie": 6.766666666666666, "reusita": 100.0, "cnt": 3}, "GEOGRAFIE": {"medie": 7.189230769230765, "reusita": 91.04477611940298, "cnt": 67}}, "nume": "LICEUL CU PROGRAM SPORTIV \"BIHORUL\" ORADEA\tBihor"}