{"specializari": {"MATEMATICA-INFORMATICA": 27, "FILOLOGIE": 30, "TEHNICIAN IN GASTRONOMIE": 9, "TEHNICIAN ELECTROMECANIC": 22, "STIINTE ALE NATURII": 6, "TEHNICIAN MECANIC PENTRU INTRETINERE SI REPARATII": 2, "TEHNICIAN MECATRONIST": 4, "TEHNICIAN IN INSTALATII ELECTRICE": 1}, "limba_moderna": {"LIMBA ENGLEZA": 95, "LIMBA GERMANA MODERNA": 5, "LIMBA FRANCEZA": 1}, "limba_materna": {"LIMBA ROMANA": 101}, "promotie_anterioara": {"NU": 80, "DA": 21}, "materii": {"LIMBA ROMANA": {"medie": 7.237000000000002, "reusita": 98.01980198019803, "cnt": 101}, "MATEMATICA MATE-INFO": {"medie": 7.53888888888889, "reusita": 96.29629629629629, "cnt": 27}, "ANATOMIE SI FIZIOLOGIE UMANA, GENETICA SI ECOLOGIE UMANA": {"medie": 7.682608695652175, "reusita": 95.65217391304348, "cnt": 23}, "GENERAL": {"medie": 7.054421768707483, "reusita": 70.29702970297029, "cnt": 101}, "MATEMATICA ST-NAT": {"medie": 4.891666666666667, "reusita": 66.66666666666666, "cnt": 6}, "INFORMATICA MI C/C++": {"medie": 8.870000000000001, "reusita": 100.0, "cnt": 10}, "ISTORIE": {"medie": 7.015, "reusita": 100.0, "cnt": 30}, "LOGICA, ARGUMENTARE SI COMUNICARE": {"medie": 7.888235294117647, "reusita": 94.11764705882352, "cnt": 17}, "GEOGRAFIE": {"medie": 7.488636363636363, "reusita": 95.45454545454545, "cnt": 22}, "BIOLOGIE VEGETALA SI ANIMALA": {"medie": 5.566071428571426, "reusita": 68.96551724137932, "cnt": 29}, "MATEMATICA TEHN": {"medie": 5.968055555555557, "reusita": 84.21052631578947, "cnt": 38}}, "nume": "LICEUL BANATEAN OTELU ROSU\tCara\u0219-Severin"}