{"specializari": {"ARTE PLASTICE SI DECORATIVE": 79, "ARHITECTURA, ARTE AMBIENTALE SI DESIGN": 29}, "limba_moderna": {"LIMBA ENGLEZA": 106, "LIMBA FRANCEZA": 2}, "limba_materna": {"LIMBA ROMANA": 108}, "promotie_anterioara": {"NU": 95, "DA": 13}, "materii": {"LIMBA ROMANA": {"medie": 6.128240740740739, "reusita": 82.4074074074074, "cnt": 108}, "GENERAL": {"medie": 6.618224299065417, "reusita": 64.81481481481481, "cnt": 108}, "ISTORIE": {"medie": 6.699537037037037, "reusita": 92.5925925925926, "cnt": 108}, "LOGICA, ARGUMENTARE SI COMUNICARE": {"medie": 6.316666666666668, "reusita": 63.33333333333333, "cnt": 30}, "PSIHOLOGIE": {"medie": 7.711111111111112, "reusita": 100.0, "cnt": 18}, "GEOGRAFIE": {"medie": 7.332075471698111, "reusita": 98.11320754716981, "cnt": 53}, "FILOSOFIE": {"medie": 5.9, "reusita": 100.0, "cnt": 1}, "ECONOMIE": {"medie": 5.258333333333333, "reusita": 66.66666666666666, "cnt": 6}}, "nume": "LICEUL DE ARTE VIZUALE \"ROMULUS LADEA\" CLUJ-NAPOCA\tCluj"}