{"specializari": {"MUZICA": 15, "ARTE PLASTICE SI DECORATIVE": 29, "ARHITECTURA, ARTE AMBIENTALE SI DESIGN": 31, "ARTA ACTORULUI": 16}, "limba_moderna": {"LIMBA ENGLEZA": 86, "LIMBA FRANCEZA": 5}, "limba_materna": {"LIMBA ROMANA": 91}, "promotie_anterioara": {"NU": 86, "DA": 5}, "materii": {"LIMBA ROMANA": {"medie": 7.002222222222222, "reusita": 96.7032967032967, "cnt": 91}, "GENERAL": {"medie": 7.3759259259259276, "reusita": 82.41758241758241, "cnt": 91}, "ISTORIE": {"medie": 7.212777777777776, "reusita": 90.10989010989012, "cnt": 91}, "LOGICA, ARGUMENTARE SI COMUNICARE": {"medie": 8.084821428571429, "reusita": 94.73684210526315, "cnt": 57}, "PSIHOLOGIE": {"medie": 8.84, "reusita": 100.0, "cnt": 5}, "GEOGRAFIE": {"medie": 7.426785714285712, "reusita": 92.85714285714286, "cnt": 28}, "FILOSOFIE": {"medie": 7.25, "reusita": 100.0, "cnt": 1}}, "nume": "LICEUL DE ARTE \"MARGARETA STERIAN\" MUNICIPIUL BUZAU\tBuz\u0103u"}