{"specializari": {"ARTE PLASTICE SI DECORATIVE": 19, "MUZICA": 12}, "limba_moderna": {"LIMBA ENGLEZA": 31}, "limba_materna": {"LIMBA ROMANA": 31}, "promotie_anterioara": {"NU": 30, "DA": 1}, "materii": {"LIMBA ROMANA": {"medie": 7.985483870967742, "reusita": 100.0, "cnt": 31}, "GENERAL": {"medie": 7.939784946236559, "reusita": 90.32258064516128, "cnt": 31}, "ISTORIE": {"medie": 7.3661290322580655, "reusita": 93.54838709677419, "cnt": 31}, "LOGICA, ARGUMENTARE SI COMUNICARE": {"medie": 8.531249999999998, "reusita": 100.0, "cnt": 16}, "PSIHOLOGIE": {"medie": 9.35, "reusita": 100.0, "cnt": 2}, "GEOGRAFIE": {"medie": 8.253846153846153, "reusita": 100.0, "cnt": 13}}, "nume": "LICEUL DE ARTE \"I.ST.PAULIAN\"\tMehedin\u021bi"}