{"specializari": {"ARHITECTURA, ARTE AMBIENTALE SI DESIGN": 39, "MUZICA": 40, "ARTE PLASTICE SI DECORATIVE": 59}, "limba_moderna": {"LIMBA ENGLEZA": 138}, "limba_materna": {"LIMBA ROMANA": 89, "LIMBA MAGHIARA": 49}, "promotie_anterioara": {"NU": 132, "DA": 6}, "materii": {"LIMBA ROMANA": {"medie": 6.469202898550727, "reusita": 86.23188405797102, "cnt": 138}, "GENERAL": {"medie": 7.0741243961352644, "reusita": 73.18840579710145, "cnt": 138}, "ISTORIE": {"medie": 6.765579710144931, "reusita": 90.57971014492753, "cnt": 138}, "LOGICA, ARGUMENTARE SI COMUNICARE": {"medie": 8.070238095238093, "reusita": 90.47619047619048, "cnt": 42}, "PSIHOLOGIE": {"medie": 6.711111111111111, "reusita": 100.0, "cnt": 18}, "GEOGRAFIE": {"medie": 7.7948717948717965, "reusita": 96.15384615384616, "cnt": 78}, "LIMBA MAGHIARA (REAL)": {"medie": 7.417346938775511, "reusita": 93.87755102040816, "cnt": 49}}, "nume": "LICEUL DE ARTE ORADEA\tBihor"}