{"specializari": {"LICEU CU PROGRAM SPORTIV": 156, "TEHNICIAN IN SILVICULTURA SI EXPLOATARI FORESTIERE": 1, "MATEMATICA-INFORMATICA": 1}, "limba_moderna": {"LIMBA ENGLEZA": 156, "LIMBA FRANCEZA": 2}, "limba_materna": {"LIMBA ROMANA": 158}, "promotie_anterioara": {"NU": 137, "DA": 21}, "materii": {"LIMBA ROMANA": {"medie": 5.660526315789476, "reusita": 73.41772151898735, "cnt": 158}, "MATEMATICA MATE-INFO": {"medie": 3.4, "reusita": 0.0, "cnt": 1}, "ANATOMIE SI FIZIOLOGIE UMANA, GENETICA SI ECOLOGIE UMANA": {"medie": 7.5, "reusita": 100.0, "cnt": 1}, "GENERAL": {"medie": 6.11454138702461, "reusita": 50.63291139240506, "cnt": 158}, "ISTORIE": {"medie": 5.8549342105263165, "reusita": 73.71794871794873, "cnt": 156}, "LOGICA, ARGUMENTARE SI COMUNICARE": {"medie": 6.780000000000001, "reusita": 84.375, "cnt": 32}, "PSIHOLOGIE": {"medie": 9.3, "reusita": 100.0, "cnt": 1}, "GEOGRAFIE": {"medie": 6.8121848739495805, "reusita": 81.30081300813008, "cnt": 123}, "BIOLOGIE VEGETALA SI ANIMALA": {"medie": 3.7, "reusita": 0.0, "cnt": 1}, "MATEMATICA TEHN": {"medie": 1.0, "reusita": 0.0, "cnt": 1}}, "nume": "LICEUL CU PROGRAM SPORTIV \"NICOLAE ROTARU\" CONSTANTA\tConstan\u021ba"}