{"specializari": {"ARTE PLASTICE SI DECORATIVE": 27, "ARHITECTURA, ARTE AMBIENTALE SI DESIGN": 24, "MUZICA": 16}, "limba_moderna": {"LIMBA ENGLEZA": 65, "LIMBA FRANCEZA": 2}, "limba_materna": {"LIMBA MAGHIARA": 19, "LIMBA ROMANA": 48}, "promotie_anterioara": {"NU": 65, "DA": 2}, "materii": {"LIMBA ROMANA": {"medie": 5.943181818181819, "reusita": 80.59701492537313, "cnt": 67}, "GENERAL": {"medie": 6.920896464646463, "reusita": 67.16417910447761, "cnt": 67}, "ISTORIE": {"medie": 6.797761194029851, "reusita": 92.53731343283582, "cnt": 67}, "GEOGRAFIE": {"medie": 7.927272727272726, "reusita": 100.0, "cnt": 66}, "FILOSOFIE": {"medie": 7.3, "reusita": 100.0, "cnt": 1}, "LIMBA MAGHIARA (REAL)": {"medie": 6.915789473684209, "reusita": 100.0, "cnt": 19}}, "nume": "LICEUL DE ARTE \"AUREL POPP\" SATU MARE\tSatu-Mare"}