{"specializari": {"LICEU CU PROGRAM SPORTIV": 61}, "limba_moderna": {"LIMBA ENGLEZA": 61}, "limba_materna": {"LIMBA ROMANA": 61}, "promotie_anterioara": {"NU": 50, "DA": 11}, "materii": {"LIMBA ROMANA": {"medie": 5.748333333333334, "reusita": 83.60655737704919, "cnt": 61}, "GENERAL": {"medie": 6.164722222222222, "reusita": 52.459016393442624, "cnt": 61}, "ISTORIE": {"medie": 5.8450000000000015, "reusita": 81.9672131147541, "cnt": 61}, "LOGICA, ARGUMENTARE SI COMUNICARE": {"medie": 6.956666666666667, "reusita": 86.66666666666667, "cnt": 45}, "GEOGRAFIE": {"medie": 6.733333333333333, "reusita": 81.25, "cnt": 16}}, "nume": "LICEUL CU PROGRAM SPORTIV, MUN. VASLUI\tVaslui"}