{"specializari": {"LICEU CU PROGRAM SPORTIV": 33}, "limba_moderna": {"LIMBA ENGLEZA": 33}, "limba_materna": {"LIMBA ROMANA": 33}, "promotie_anterioara": {"NU": 27, "DA": 6}, "materii": {"LIMBA ROMANA": {"medie": 5.504545454545455, "reusita": 75.75757575757575, "cnt": 33}, "GENERAL": {"medie": 5.9505050505050505, "reusita": 48.484848484848484, "cnt": 33}, "ISTORIE": {"medie": 5.492424242424242, "reusita": 81.81818181818183, "cnt": 33}, "LOGICA, ARGUMENTARE SI COMUNICARE": {"medie": 7.074999999999999, "reusita": 100.0, "cnt": 2}, "GEOGRAFIE": {"medie": 6.840322580645159, "reusita": 90.32258064516128, "cnt": 31}}, "nume": "LICEUL CU PROGRAM SPORTIV \"AVRAM IANCU\" ZALAU\tS\u0103laj"}