{"specializari": {"ARHITECTURA, ARTE AMBIENTALE SI DESIGN": 10, "ARTE PLASTICE SI DECORATIVE": 16, "MUZICA": 11, "ARTA ACTORULUI": 11}, "limba_moderna": {"LIMBA ENGLEZA": 47, "LIMBA FRANCEZA": 1}, "limba_materna": {"LIMBA ROMANA": 48}, "promotie_anterioara": {"NU": 45, "DA": 3}, "materii": {"LIMBA ROMANA": {"medie": 6.897872340425533, "reusita": 93.75, "cnt": 48}, "GENERAL": {"medie": 6.913829787234044, "reusita": 70.83333333333334, "cnt": 48}, "ISTORIE": {"medie": 6.779787234042554, "reusita": 89.58333333333334, "cnt": 48}, "LOGICA, ARGUMENTARE SI COMUNICARE": {"medie": 6.571666666666666, "reusita": 80.0, "cnt": 30}, "PSIHOLOGIE": {"medie": 7.5, "reusita": 100.0, "cnt": 3}, "GEOGRAFIE": {"medie": 8.025, "reusita": 92.85714285714286, "cnt": 14}, "FILOSOFIE": {"medie": "-", "reusita": 0.0, "cnt": 1}}, "nume": "LICEUL DE ARTE \"GEORGE GEORGESCU\" TULCEA\tTulcea"}