{"specializari": {"LICEU CU PROGRAM SPORTIV": 83}, "limba_moderna": {"LIMBA ENGLEZA": 80, "LIMBA FRANCEZA": 3}, "limba_materna": {"LIMBA ROMANA": 83}, "promotie_anterioara": {"NU": 73, "DA": 10}, "materii": {"LIMBA ROMANA": {"medie": 6.310975609756097, "reusita": 91.56626506024097, "cnt": 83}, "GENERAL": {"medie": 6.780833333333331, "reusita": 71.08433734939759, "cnt": 83}, "ISTORIE": {"medie": 6.786144578313252, "reusita": 84.33734939759037, "cnt": 83}, "LOGICA, ARGUMENTARE SI COMUNICARE": {"medie": 5.88125, "reusita": 62.5, "cnt": 8}, "GEOGRAFIE": {"medie": 7.324999999999999, "reusita": 89.33333333333333, "cnt": 75}}, "nume": "LICEUL CU PROGRAM SPORTIV FOCSANI\tVrancea"}