{"specializari": {"LICEU CU PROGRAM SPORTIV": 46}, "limba_moderna": {"LIMBA FRANCEZA": 15, "LIMBA ENGLEZA": 31}, "limba_materna": {"LIMBA ROMANA": 46}, "promotie_anterioara": {"NU": 39, "DA": 7}, "materii": {"LIMBA ROMANA": {"medie": 5.528888888888888, "reusita": 73.91304347826086, "cnt": 46}, "GENERAL": {"medie": 5.77689393939394, "reusita": 43.47826086956522, "cnt": 46}, "ISTORIE": {"medie": 5.412222222222221, "reusita": 65.21739130434783, "cnt": 46}, "LOGICA, ARGUMENTARE SI COMUNICARE": {"medie": 6.258333333333334, "reusita": 65.9090909090909, "cnt": 44}, "GEOGRAFIE": {"medie": 7.65, "reusita": 100.0, "cnt": 2}}, "nume": "LICEUL CU PROGRAM SPORTIV CAMPULUNG\tArge\u0219"}