{"specializari": {"LICEU CU PROGRAM SPORTIV": 79, "STIINTE ALE NATURII": 1}, "limba_moderna": {"LIMBA ENGLEZA": 80}, "limba_materna": {"LIMBA ROMANA": 80}, "promotie_anterioara": {"NU": 64, "DA": 16}, "materii": {"LIMBA ROMANA": {"medie": 6.268749999999999, "reusita": 95.0, "cnt": 80}, "ANATOMIE SI FIZIOLOGIE UMANA, GENETICA SI ECOLOGIE UMANA": {"medie": 9.5, "reusita": 100.0, "cnt": 1}, "GENERAL": {"medie": 6.675213675213675, "reusita": 70.0, "cnt": 80}, "MATEMATICA ST-NAT": {"medie": 5.45, "reusita": 100.0, "cnt": 1}, "ISTORIE": {"medie": 6.082911392405064, "reusita": 82.27848101265823, "cnt": 79}, "LOGICA, ARGUMENTARE SI COMUNICARE": {"medie": 7.687313432835822, "reusita": 95.52238805970148, "cnt": 67}, "GEOGRAFIE": {"medie": 7.020833333333333, "reusita": 100.0, "cnt": 12}}, "nume": "LICEUL CU PROGRAM SPORTIV, LOCALITATEA GALATI\tGala\u021bi"}