{"specializari": {"COREGRAFIE": 6, "MUZICA": 21, "ARHITECTURA, ARTE AMBIENTALE SI DESIGN": 8, "ARTE PLASTICE SI DECORATIVE": 20}, "limba_moderna": {"LIMBA ENGLEZA": 51, "LIMBA FRANCEZA": 4}, "limba_materna": {"LIMBA ROMANA": 55}, "promotie_anterioara": {"NU": 52, "DA": 3}, "materii": {"LIMBA ROMANA": {"medie": 7.405454545454545, "reusita": 96.36363636363636, "cnt": 55}, "GENERAL": {"medie": 7.752121212121213, "reusita": 87.27272727272727, "cnt": 55}, "ISTORIE": {"medie": 7.662727272727276, "reusita": 98.18181818181819, "cnt": 55}, "LOGICA, ARGUMENTARE SI COMUNICARE": {"medie": 8.102857142857145, "reusita": 91.42857142857143, "cnt": 35}, "PSIHOLOGIE": {"medie": 8.95, "reusita": 100.0, "cnt": 2}, "GEOGRAFIE": {"medie": 8.302941176470588, "reusita": 94.11764705882352, "cnt": 17}, "ECONOMIE": {"medie": 7.7, "reusita": 100.0, "cnt": 1}}, "nume": "LICEUL DE ARTE \"DIMITRIE CUCLIN\", LOCALITATEA GALATI\tGala\u021bi"}