{"specializari": {"LICEU CU PROGRAM SPORTIV": 49}, "limba_moderna": {"LIMBA ENGLEZA": 49}, "limba_materna": {"LIMBA ROMANA": 49}, "promotie_anterioara": {"NU": 43, "DA": 6}, "materii": {"LIMBA ROMANA": {"medie": 5.723469387755103, "reusita": 73.46938775510205, "cnt": 49}, "GENERAL": {"medie": 6.395486111111112, "reusita": 61.224489795918366, "cnt": 49}, "ISTORIE": {"medie": 6.465624999999999, "reusita": 89.79591836734694, "cnt": 49}, "LOGICA, ARGUMENTARE SI COMUNICARE": {"medie": 6.958108108108109, "reusita": 83.78378378378379, "cnt": 37}, "GEOGRAFIE": {"medie": 6.818181818181818, "reusita": 75.0, "cnt": 12}}, "nume": "LICEUL CU PROGRAM SPORTIV BRASOV\tBra\u0219ov"}