{"specializari": {"LICEU CU PROGRAM SPORTIV": 105}, "limba_moderna": {"LIMBA ENGLEZA": 105}, "limba_materna": {"LIMBA ROMANA": 105}, "promotie_anterioara": {"NU": 98, "DA": 7}, "materii": {"LIMBA ROMANA": {"medie": 5.322815533980584, "reusita": 70.47619047619048, "cnt": 105}, "GENERAL": {"medie": 5.824257425742573, "reusita": 45.714285714285715, "cnt": 105}, "ISTORIE": {"medie": 5.346078431372549, "reusita": 65.71428571428571, "cnt": 105}, "LOGICA, ARGUMENTARE SI COMUNICARE": {"medie": 7.041836734693878, "reusita": 78.84615384615384, "cnt": 52}, "GEOGRAFIE": {"medie": 6.573076923076924, "reusita": 88.67924528301887, "cnt": 53}}, "nume": "LICEUL CU PROGRAM SPORTIV BOTOSANI\tBoto\u0219ani"}