{"specializari": {"TEHNICIAN IN AGRICULTURA": 11, "TEHNICIAN HIDRO-METEOROLOG": 2, "TEHNICIAN HORTICULTOR": 1}, "limba_moderna": {"LIMBA ENGLEZA": 14}, "limba_materna": {"LIMBA ROMANA": 14}, "promotie_anterioara": {"NU": 8, "DA": 6}, "materii": {"LIMBA ROMANA": {"medie": 5.8999999999999995, "reusita": 85.71428571428571, "cnt": 14}, "ANATOMIE SI FIZIOLOGIE UMANA, GENETICA SI ECOLOGIE UMANA": {"medie": 6.35, "reusita": 78.57142857142857, "cnt": 14}, "GENERAL": {"medie": 5.906410256410258, "reusita": 50.0, "cnt": 14}, "MATEMATICA TEHN": {"medie": 5.526923076923077, "reusita": 64.28571428571429, "cnt": 14}}, "nume": "LICEUL AGRICOL POARTA ALBA\tConstan\u021ba"}