{"specializari": {"LICEU CU PROGRAM SPORTIV": 41}, "limba_moderna": {"LIMBA ENGLEZA": 41}, "limba_materna": {"LIMBA ROMANA": 41}, "promotie_anterioara": {"NU": 34, "DA": 7}, "materii": {"LIMBA ROMANA": {"medie": 5.327499999999999, "reusita": 73.17073170731707, "cnt": 41}, "GENERAL": {"medie": 5.737499999999999, "reusita": 36.58536585365854, "cnt": 41}, "ISTORIE": {"medie": 5.141463414634148, "reusita": 65.85365853658537, "cnt": 41}, "GEOGRAFIE": {"medie": 6.737804878048779, "reusita": 90.2439024390244, "cnt": 41}}, "nume": "LICEUL CU PROGRAM SPORTIV SATU MARE\tSatu-Mare"}