{"specializari": {"ARHITECTURA, ARTE AMBIENTALE SI DESIGN": 95, "ARTE PLASTICE SI DECORATIVE": 28}, "limba_moderna": {"LIMBA ENGLEZA": 123}, "limba_materna": {"LIMBA ROMANA": 123}, "promotie_anterioara": {"NU": 108, "DA": 15}, "materii": {"LIMBA ROMANA": {"medie": 5.577966101694917, "reusita": 73.98373983739837, "cnt": 123}, "GENERAL": {"medie": 5.930199430199432, "reusita": 48.78048780487805, "cnt": 123}, "ISTORIE": {"medie": 5.467355371900829, "reusita": 67.47967479674797, "cnt": 123}, "LOGICA, ARGUMENTARE SI COMUNICARE": {"medie": 6.967441860465117, "reusita": 88.37209302325581, "cnt": 43}, "PSIHOLOGIE": {"medie": 5.1499999999999995, "reusita": 66.66666666666666, "cnt": 3}, "GEOGRAFIE": {"medie": 6.565714285714285, "reusita": 72.97297297297297, "cnt": 74}, "FILOSOFIE": {"medie": 6.925, "reusita": 100.0, "cnt": 2}, "ECONOMIE": {"medie": 5.3, "reusita": 100.0, "cnt": 1}}, "nume": "LICEUL DE ARTE PLASTICE TIMISOARA\tTimi\u0219"}