{"specializari": {"LICEU CU PROGRAM SPORTIV": 56}, "limba_moderna": {"LIMBA ENGLEZA": 56}, "limba_materna": {"LIMBA ROMANA": 56}, "promotie_anterioara": {"NU": 41, "DA": 15}, "materii": {"LIMBA ROMANA": {"medie": 5.54607843137255, "reusita": 75.0, "cnt": 56}, "GENERAL": {"medie": 5.9421768707483, "reusita": 32.142857142857146, "cnt": 56}, "ISTORIE": {"medie": 5.08235294117647, "reusita": 62.5, "cnt": 56}, "LOGICA, ARGUMENTARE SI COMUNICARE": {"medie": 8.45, "reusita": 50.0, "cnt": 2}, "GEOGRAFIE": {"medie": 7.157142857142855, "reusita": 87.03703703703704, "cnt": 54}}, "nume": "LICEUL CU PROGRAM SPORTIV ARAD\tArad"}