{"specializari": {"MUZICA": 31, "ARTE PLASTICE SI DECORATIVE": 34, "ARHITECTURA, ARTE AMBIENTALE SI DESIGN": 1}, "limba_moderna": {"LIMBA ENGLEZA": 61, "LIMBA FRANCEZA": 5}, "limba_materna": {"LIMBA ROMANA": 66}, "promotie_anterioara": {"NU": 58, "DA": 8}, "materii": {"LIMBA ROMANA": {"medie": 6.83030303030303, "reusita": 95.45454545454545, "cnt": 66}, "GENERAL": {"medie": 7.035606060606058, "reusita": 71.21212121212122, "cnt": 66}, "ISTORIE": {"medie": 6.578030303030303, "reusita": 93.93939393939394, "cnt": 66}, "LOGICA, ARGUMENTARE SI COMUNICARE": {"medie": 8.007954545454545, "reusita": 90.9090909090909, "cnt": 44}, "GEOGRAFIE": {"medie": 6.982499999999999, "reusita": 95.0, "cnt": 20}, "FILOSOFIE": {"medie": 8.05, "reusita": 100.0, "cnt": 2}}, "nume": "LICEUL DE ARTA \"STEFAN LUCHIAN\" BOTOSANI\tBoto\u0219ani"}