{"specializari": {"ARHITECTURA, ARTE AMBIENTALE SI DESIGN": 17, "ARTA ACTORULUI": 39, "MUZICA": 31, "ARTE PLASTICE SI DECORATIVE": 19}, "limba_moderna": {"LIMBA ENGLEZA": 97, "LIMBA FRANCEZA": 9}, "limba_materna": {"LIMBA ROMANA": 106}, "promotie_anterioara": {"NU": 91, "DA": 15}, "materii": {"LIMBA ROMANA": {"medie": 6.495145631067961, "reusita": 90.56603773584906, "cnt": 106}, "GENERAL": {"medie": 6.581067961165046, "reusita": 63.20754716981132, "cnt": 106}, "ISTORIE": {"medie": 6.229807692307693, "reusita": 87.73584905660378, "cnt": 106}, "LOGICA, ARGUMENTARE SI COMUNICARE": {"medie": 6.674444444444446, "reusita": 82.6086956521739, "cnt": 46}, "PSIHOLOGIE": {"medie": 5.266666666666667, "reusita": 83.33333333333334, "cnt": 6}, "GEOGRAFIE": {"medie": 7.460377358490568, "reusita": 90.74074074074075, "cnt": 54}}, "nume": "LICEUL DE ARTE \"CONSTANTIN BRAILOIU\" TG-JIU\tGorj"}