{"specializari": {"STIINTE ALE NATURII": 27, "TEHNICIAN IN ACTIVITATI ECONOMICE": 26, "STIINTE SOCIALE": 29}, "limba_moderna": {"LIMBA ENGLEZA": 82}, "limba_materna": {"LIMBA ROMANA": 82}, "promotie_anterioara": {"NU": 73, "DA": 9}, "materii": {"LIMBA ROMANA": {"medie": 5.769736842105264, "reusita": 78.04878048780488, "cnt": 82}, "ANATOMIE SI FIZIOLOGIE UMANA, GENETICA SI ECOLOGIE UMANA": {"medie": 6.454347826086957, "reusita": 69.56521739130434, "cnt": 23}, "GENERAL": {"medie": 6.049099099099098, "reusita": 48.78048780487805, "cnt": 82}, "MATEMATICA ST-NAT": {"medie": 5.869230769230768, "reusita": 55.55555555555556, "cnt": 27}, "CHIMIE ORGANICA TEO NIVEL I/II": {"medie": 6.35, "reusita": 33.33333333333333, "cnt": 3}, "ISTORIE": {"medie": 6.984482758620688, "reusita": 100.0, "cnt": 29}, "LOGICA, ARGUMENTARE SI COMUNICARE": {"medie": 6.269117647058826, "reusita": 57.89473684210527, "cnt": 38}, "FIZICA TEO": {"medie": 5.8, "reusita": 100.0, "cnt": 1}, "SOCIOLOGIE": {"medie": 8.775, "reusita": 100.0, "cnt": 4}, "PSIHOLOGIE": {"medie": 4.1, "reusita": 0.0, "cnt": 2}, "GEOGRAFIE": {"medie": 7.3999999999999995, "reusita": 81.81818181818183, "cnt": 11}, "MATEMATICA TEHN": {"medie": 3.6074999999999995, "reusita": 23.076923076923077, "cnt": 26}}, "nume": "LICEUL COBADIN\tConstan\u021ba"}