{"specializari": {"FILOLOGIE": 33, "MATEMATICA-INFORMATICA": 27, "TEHNICIAN IN ACTIVITATI ECONOMICE": 32, "STIINTE SOCIALE": 40, "STIINTE ALE NATURII": 27, "TEHNICIAN IN TURISM": 21, "TEHNICIAN TRANSPORTURI": 19, "TEHNICIAN MECATRONIST": 3, "TEHNICIAN IN ACTIVITATI DE COMERT": 9}, "limba_moderna": {"LIMBA ENGLEZA": 210, "LIMBA FRANCEZA": 1}, "limba_materna": {"LIMBA ROMANA": 211}, "promotie_anterioara": {"NU": 181, "DA": 30}, "materii": {"LIMBA ROMANA": {"medie": 5.867287234042554, "reusita": 69.66824644549763, "cnt": 211}, "MATEMATICA MATE-INFO": {"medie": 7.2629629629629635, "reusita": 81.48148148148148, "cnt": 27}, "ANATOMIE SI FIZIOLOGIE UMANA, GENETICA SI ECOLOGIE UMANA": {"medie": 7.716666666666665, "reusita": 62.5, "cnt": 8}, "GENERAL": {"medie": 6.163221601489757, "reusita": 48.34123222748815, "cnt": 211}, "MATEMATICA ST-NAT": {"medie": 2.9349999999999996, "reusita": 18.51851851851852, "cnt": 27}, "INFORMATICA MI C/C++": {"medie": 6.892857142857143, "reusita": 71.42857142857143, "cnt": 7}, "ISTORIE": {"medie": 5.968055555555555, "reusita": 91.78082191780823, "cnt": 73}, "LOGICA, ARGUMENTARE SI COMUNICARE": {"medie": 7.9499999999999975, "reusita": 100.0, "cnt": 7}, "FIZICA TEO": {"medie": 9.275, "reusita": 100.0, "cnt": 2}, "PSIHOLOGIE": {"medie": 7.809523809523809, "reusita": 95.23809523809523, "cnt": 21}, "GEOGRAFIE": {"medie": 7.294943820224722, "reusita": 79.20792079207921, "cnt": 101}, "BIOLOGIE VEGETALA SI ANIMALA": {"medie": 5.3100000000000005, "reusita": 60.37735849056604, "cnt": 53}, "MATEMATICA TEHN": {"medie": 5.3161764705882355, "reusita": 53.57142857142857, "cnt": 84}, "FILOSOFIE": {"medie": 5.25, "reusita": 100.0, "cnt": 1}, "ECONOMIE": {"medie": 5.3, "reusita": 80.0, "cnt": 5}, "FIZICA TEH": {"medie": 1.7875, "reusita": 0.0, "cnt": 6}}, "nume": "LICEUL BORSA\tMaramure\u0219"}