{"specializari": {"LICEU CU PROGRAM SPORTIV": 120}, "limba_moderna": {"LIMBA ENGLEZA": 118, "LIMBA FRANCEZA": 2}, "limba_materna": {"LIMBA ROMANA": 120}, "promotie_anterioara": {"NU": 106, "DA": 14}, "materii": {"LIMBA ROMANA": {"medie": 5.70991379310345, "reusita": 79.16666666666666, "cnt": 120}, "GENERAL": {"medie": 6.080994152046783, "reusita": 46.666666666666664, "cnt": 120}, "ISTORIE": {"medie": 5.740086206896552, "reusita": 70.83333333333334, "cnt": 120}, "LOGICA, ARGUMENTARE SI COMUNICARE": {"medie": 7.8076923076923075, "reusita": 92.85714285714286, "cnt": 14}, "GEOGRAFIE": {"medie": 6.648543689320386, "reusita": 81.13207547169812, "cnt": 106}}, "nume": "LICEUL CU PROGRAM SPORTIV, IASI\tIa\u0219i"}