{"specializari": {"LICEU CU PROGRAM SPORTIV": 141, "STIINTE SOCIALE": 31, "STIINTE ALE NATURII": 19, "MATEMATICA-INFORMATICA": 19, "FILOLOGIE": 3}, "limba_moderna": {"LIMBA ENGLEZA": 186, "LIMBA FRANCEZA": 27}, "limba_materna": {"LIMBA ROMANA": 213}, "promotie_anterioara": {"NU": 183, "DA": 30}, "materii": {"LIMBA ROMANA": {"medie": 5.526237623762377, "reusita": 77.93427230046949, "cnt": 213}, "MATEMATICA MATE-INFO": {"medie": 5.058333333333334, "reusita": 63.1578947368421, "cnt": 19}, "ANATOMIE SI FIZIOLOGIE UMANA, GENETICA SI ECOLOGIE UMANA": {"medie": 8.200000000000001, "reusita": 100.0, "cnt": 3}, "GENERAL": {"medie": 5.851190476190477, "reusita": 45.07042253521127, "cnt": 213}, "MATEMATICA ST-NAT": {"medie": 5.749999999999998, "reusita": 68.42105263157895, "cnt": 19}, "ISTORIE": {"medie": 5.422121212121214, "reusita": 65.71428571428571, "cnt": 175}, "LOGICA, ARGUMENTARE SI COMUNICARE": {"medie": 6.36898734177215, "reusita": 64.70588235294117, "cnt": 85}, "FIZICA TEO": {"medie": 7.3, "reusita": 100.0, "cnt": 1}, "PSIHOLOGIE": {"medie": 8.5, "reusita": 100.0, "cnt": 1}, "GEOGRAFIE": {"medie": 6.463414634146343, "reusita": 76.13636363636364, "cnt": 88}, "BIOLOGIE VEGETALA SI ANIMALA": {"medie": 6.593939393939395, "reusita": 82.35294117647058, "cnt": 34}, "ECONOMIE": {"medie": 8.8, "reusita": 100.0, "cnt": 1}}, "nume": "LICEUL CU PROGRAM SPORTIV \"IOLANDA BALAS SOTER\" MUNICIPIUL BUZAU\tBuz\u0103u"}