{"specializari": {"MUZICA": 40, "ARTA ACTORULUI": 8, "COREGRAFIE": 8}, "limba_moderna": {"LIMBA ENGLEZA": 56}, "limba_materna": {"LIMBA ROMANA": 56}, "promotie_anterioara": {"NU": 51, "DA": 5}, "materii": {"LIMBA ROMANA": {"medie": 6.638392857142857, "reusita": 96.42857142857143, "cnt": 56}, "GENERAL": {"medie": 7.00952380952381, "reusita": 76.78571428571429, "cnt": 56}, "ISTORIE": {"medie": 6.53125, "reusita": 87.5, "cnt": 56}, "LOGICA, ARGUMENTARE SI COMUNICARE": {"medie": 7.708333333333335, "reusita": 91.66666666666666, "cnt": 12}, "PSIHOLOGIE": {"medie": 5.1, "reusita": 100.0, "cnt": 1}, "GEOGRAFIE": {"medie": 7.92857142857143, "reusita": 97.61904761904762, "cnt": 42}, "FILOSOFIE": {"medie": 9.5, "reusita": 100.0, "cnt": 1}}, "nume": "LICEUL DE ARTA \"ION VIDU\" TIMISOARA\tTimi\u0219"}