{"specializari": {"ARHITECTURA, ARTE AMBIENTALE SI DESIGN": 29, "ARTE PLASTICE SI DECORATIVE": 33, "MUZICA": 29}, "limba_moderna": {"LIMBA ENGLEZA": 55, "LIMBA ITALIANA": 36}, "limba_materna": {"LIMBA ROMANA": 91}, "promotie_anterioara": {"NU": 91}, "materii": {"LIMBA ROMANA": {"medie": 6.782967032967035, "reusita": 87.91208791208791, "cnt": 91}, "GENERAL": {"medie": 7.2877289377289385, "reusita": 81.31868131868131, "cnt": 91}, "ISTORIE": {"medie": 7.126373626373628, "reusita": 91.20879120879121, "cnt": 91}, "LOGICA, ARGUMENTARE SI COMUNICARE": {"medie": 7.8597402597402635, "reusita": 92.20779220779221, "cnt": 77}, "PSIHOLOGIE": {"medie": 7.7, "reusita": 100.0, "cnt": 1}, "GEOGRAFIE": {"medie": 8.53076923076923, "reusita": 92.3076923076923, "cnt": 13}}, "nume": "LICEUL DE ARTE \"DINU LIPATTI\" PITESTI\tArge\u0219"}