{"specializari": {"ARHITECTURA, ARTE AMBIENTALE SI DESIGN": 23, "ARTE PLASTICE SI DECORATIVE": 35, "MUZICA": 31}, "limba_moderna": {"LIMBA ENGLEZA": 85, "LIMBA FRANCEZA": 2, "LIMBA ITALIANA": 2}, "limba_materna": {"LIMBA ROMANA": 89}, "promotie_anterioara": {"NU": 79, "DA": 10}, "materii": {"LIMBA ROMANA": {"medie": 6.202272727272727, "reusita": 84.26966292134831, "cnt": 89}, "GENERAL": {"medie": 6.485271317829456, "reusita": 62.92134831460674, "cnt": 89}, "ISTORIE": {"medie": 5.889204545454547, "reusita": 87.64044943820225, "cnt": 89}, "LOGICA, ARGUMENTARE SI COMUNICARE": {"medie": 7.630357142857144, "reusita": 82.75862068965517, "cnt": 29}, "PSIHOLOGIE": {"medie": 6.15, "reusita": 80.0, "cnt": 5}, "GEOGRAFIE": {"medie": 7.326999999999998, "reusita": 92.0, "cnt": 50}, "FILOSOFIE": {"medie": 5.5, "reusita": 50.0, "cnt": 4}, "ECONOMIE": {"medie": 5.3, "reusita": 100.0, "cnt": 1}}, "nume": "LICEUL DE ARTA \"GHEORGHE TATTARESCU\" FOCSANI\tVrancea"}