{"specializari": {"ARTE PLASTICE SI DECORATIVE": 30, "MUZICA": 18}, "limba_moderna": {"LIMBA ENGLEZA": 48}, "limba_materna": {"LIMBA ROMANA": 48}, "promotie_anterioara": {"NU": 47, "DA": 1}, "materii": {"LIMBA ROMANA": {"medie": 6.506249999999999, "reusita": 91.66666666666666, "cnt": 48}, "GENERAL": {"medie": 7.114236111111114, "reusita": 87.5, "cnt": 48}, "ISTORIE": {"medie": 6.677083333333335, "reusita": 95.83333333333334, "cnt": 48}, "LOGICA, ARGUMENTARE SI COMUNICARE": {"medie": 7.420000000000002, "reusita": 90.0, "cnt": 10}, "GEOGRAFIE": {"medie": 8.353947368421053, "reusita": 100.0, "cnt": 38}}, "nume": "LICEUL DE ARTA SIBIU\tSibiu"}