{"specializari": {"LICEU CU PROGRAM SPORTIV": 109}, "limba_moderna": {"LIMBA ENGLEZA": 109}, "limba_materna": {"LIMBA MAGHIARA": 60, "LIMBA ROMANA": 49}, "promotie_anterioara": {"NU": 88, "DA": 21}, "materii": {"LIMBA ROMANA": {"medie": 5.117619047619047, "reusita": 68.80733944954129, "cnt": 109}, "GENERAL": {"medie": 6.089419934640523, "reusita": 37.61467889908257, "cnt": 109}, "ISTORIE": {"medie": 6.0655660377358505, "reusita": 80.73394495412845, "cnt": 109}, "LOGICA, ARGUMENTARE SI COMUNICARE": {"medie": 8.1625, "reusita": 100.0, "cnt": 4}, "PSIHOLOGIE": {"medie": 5.175, "reusita": 50.0, "cnt": 2}, "GEOGRAFIE": {"medie": 6.795000000000001, "reusita": 92.23300970873787, "cnt": 103}, "LIMBA MAGHIARA (REAL)": {"medie": 6.627118644067798, "reusita": 95.0, "cnt": 60}}, "nume": "LICEUL CU PROGRAM SPORTIV \"SZASZ ADALBERT\" TIRGU MURES\tMure\u0219"}