{"specializari": {"TEHNICIAN IN ACTIVITATI ECONOMICE": 21, "TEHNICIAN ECOLOG SI PROTECTIA CALITATII MEDIULUI": 17, "TEHNICIAN VETERINAR": 17, "TEHNICIAN HORTICULTOR": 1, "TEHNICIAN ZOOTEHNIST": 1, "TEHNICIAN IN AGRICULTURA": 3, "TEHNICIAN IN AGROTURISM": 1}, "limba_moderna": {"LIMBA ENGLEZA": 61}, "limba_materna": {"LIMBA ROMANA": 61}, "promotie_anterioara": {"NU": 42, "DA": 19}, "materii": {"LIMBA ROMANA": {"medie": 4.686206896551725, "reusita": 42.62295081967213, "cnt": 61}, "GENERAL": {"medie": 4.729885057471264, "reusita": 24.59016393442623, "cnt": 61}, "GEOGRAFIE": {"medie": 6.647368421052632, "reusita": 85.71428571428571, "cnt": 21}, "BIOLOGIE VEGETALA SI ANIMALA": {"medie": 4.5307692307692315, "reusita": 35.0, "cnt": 40}, "MATEMATICA TEHN": {"medie": 4.279310344827585, "reusita": 40.98360655737705, "cnt": 61}}, "nume": "LICEUL AGRICOL \"SANDU ALDEA\" CALARASI\tC\u0103l\u0103ra\u0219i"}