{"specializari": {"TEHNICIAN ECOLOG SI PROTECTIA CALITATII MEDIULUI": 1, "TEHNICIAN TRANSPORTURI": 30, "TEHNICIAN DESIGNER VESTIMENTAR": 2, "TEHNICIAN MECATRONIST": 2, "TEHNICIAN ELECTRICIAN/ELECTRONIST AUTO": 1, "TEHNICIAN IN INDUSTRIA TEXTILA": 2}, "limba_moderna": {"LIMBA ENGLEZA": 38}, "limba_materna": {"LIMBA ROMANA": 38}, "promotie_anterioara": {"DA": 24, "NU": 14}, "materii": {"LIMBA ROMANA": {"medie": 4.352857142857143, "reusita": 42.10526315789473, "cnt": 38}, "GENERAL": {"medie": 3.9895833333333326, "reusita": 7.894736842105263, "cnt": 38}, "BIOLOGIE VEGETALA SI ANIMALA": {"medie": 4.20625, "reusita": 33.33333333333333, "cnt": 27}, "MATEMATICA TEHN": {"medie": 3.31, "reusita": 42.10526315789473, "cnt": 38}, "FIZICA TEH": {"medie": 3.822222222222222, "reusita": 45.45454545454545, "cnt": 11}}, "nume": "LICEUL AUTO \"TRAIAN VUIA\" TG-JIU\tGorj"}