{"specializari": {"LICEU CU PROGRAM SPORTIV": 55}, "limba_moderna": {"LIMBA ENGLEZA": 54, "LIMBA FRANCEZA": 1}, "limba_materna": {"LIMBA ROMANA": 55}, "promotie_anterioara": {"NU": 43, "DA": 12}, "materii": {"LIMBA ROMANA": {"medie": 5.965094339622643, "reusita": 87.27272727272727, "cnt": 55}, "GENERAL": {"medie": 6.654255319148936, "reusita": 54.54545454545454, "cnt": 55}, "ISTORIE": {"medie": 6.440196078431369, "reusita": 87.27272727272727, "cnt": 55}, "LOGICA, ARGUMENTARE SI COMUNICARE": {"medie": 7.667391304347824, "reusita": 87.5, "cnt": 24}, "GEOGRAFIE": {"medie": 6.594642857142858, "reusita": 80.64516129032258, "cnt": 31}}, "nume": "LICEUL CU PROGRAM SPORTIV BAIA MARE\tMaramure\u0219"}