{"specializari": {"STIINTE ALE NATURII": 20}, "limba_moderna": {"LIMBA ENGLEZA": 20}, "limba_materna": {"LIMBA ROMANA": 20}, "promotie_anterioara": {"NU": 20}, "materii": {"LIMBA ROMANA": {"medie": 8.235000000000001, "reusita": 100.0, "cnt": 20}, "ANATOMIE SI FIZIOLOGIE UMANA, GENETICA SI ECOLOGIE UMANA": {"medie": 8.997058823529413, "reusita": 100.0, "cnt": 17}, "GENERAL": {"medie": 8.703333333333331, "reusita": 100.0, "cnt": 20}, "MATEMATICA ST-NAT": {"medie": 8.790000000000003, "reusita": 100.0, "cnt": 20}, "CHIMIE ORGANICA TEO NIVEL I/II": {"medie": 9.55, "reusita": 100.0, "cnt": 1}, "INFORMATICA SN C/C++": {"medie": 9.600000000000001, "reusita": 100.0, "cnt": 2}}, "nume": "LICEUL CRESTIN \"LOGOS\" BISTRITA\tBistri\u021ba-N\u0103s\u0103ud"}