{"specializari": {"TEHNICIAN IN INDUSTRIA ALIMENTARA": 4, "TEHNICIAN ECOLOG SI PROTECTIA CALITATII MEDIULUI": 6}, "limba_moderna": {"LIMBA ENGLEZA": 9, "LIMBA FRANCEZA": 1}, "limba_materna": {"LIMBA ROMANA": 10}, "promotie_anterioara": {"DA": 4, "NU": 6}, "materii": {"LIMBA ROMANA": {"medie": 4.305555555555555, "reusita": 30.0, "cnt": 10}, "ANATOMIE SI FIZIOLOGIE UMANA, GENETICA SI ECOLOGIE UMANA": {"medie": 8.55, "reusita": 100.0, "cnt": 1}, "GENERAL": {"medie": 3.533333333333333, "reusita": 0.0, "cnt": 10}, "BIOLOGIE VEGETALA SI ANIMALA": {"medie": 3.125, "reusita": 11.11111111111111, "cnt": 9}, "MATEMATICA TEHN": {"medie": 2.3000000000000003, "reusita": 10.0, "cnt": 10}}, "nume": "LICEUL DE AGRICULTURA SI INDUSTRIE ALIMENTARA ODOBESTI\tVrancea"}