{"specializari": {"MUZICA": 13, "ARTE PLASTICE SI DECORATIVE": 10}, "limba_moderna": {"LIMBA ENGLEZA": 23}, "limba_materna": {"LIMBA ROMANA": 23}, "promotie_anterioara": {"NU": 21, "DA": 2}, "materii": {"LIMBA ROMANA": {"medie": 7.2586956521739125, "reusita": 100.0, "cnt": 23}, "GENERAL": {"medie": 7.475757575757577, "reusita": 86.95652173913044, "cnt": 23}, "ISTORIE": {"medie": 7.104347826086957, "reusita": 95.65217391304348, "cnt": 23}, "PSIHOLOGIE": {"medie": 7.43125, "reusita": 100.0, "cnt": 8}, "GEOGRAFIE": {"medie": 8.20357142857143, "reusita": 93.33333333333333, "cnt": 15}}, "nume": "LICEUL DE ARTA \"IOAN SIMA\" ZALAU\tS\u0103laj"}