{"specializari": {"LICEU CU PROGRAM SPORTIV": 142}, "limba_moderna": {"LIMBA ENGLEZA": 142}, "limba_materna": {"LIMBA ROMANA": 142}, "promotie_anterioara": {"NU": 131, "DA": 11}, "materii": {"LIMBA ROMANA": {"medie": 5.812773722627734, "reusita": 81.69014084507043, "cnt": 142}, "GENERAL": {"medie": 6.466172839506172, "reusita": 59.859154929577464, "cnt": 142}, "ISTORIE": {"medie": 6.314705882352941, "reusita": 83.09859154929578, "cnt": 142}, "LOGICA, ARGUMENTARE SI COMUNICARE": {"medie": 6.945312500000002, "reusita": 81.81818181818183, "cnt": 33}, "PSIHOLOGIE": {"medie": 6.927777777777778, "reusita": 70.0, "cnt": 10}, "GEOGRAFIE": {"medie": 7.308947368421051, "reusita": 91.91919191919192, "cnt": 99}}, "nume": "LICEUL CU PROGRAM SPORTIV CLUJ-NAPOCA\tCluj"}