{"specializari": {"TEHNICIAN IN TURISM": 3, "TEHNICIAN IN ACTIVITATI DE POSTA": 2}, "limba_moderna": {"LIMBA ENGLEZA": 4, "LIMBA FRANCEZA": 1}, "limba_materna": {"LIMBA ROMANA": 5}, "promotie_anterioara": {"DA": 3, "NU": 2}, "materii": {"LIMBA ROMANA": {"medie": 4.6000000000000005, "reusita": 40.0, "cnt": 5}, "GEOGRAFIE": {"medie": 7.209999999999999, "reusita": 80.0, "cnt": 5}, "GENERAL": {"medie": 5.833333333333333, "reusita": 40.0, "cnt": 5}, "MATEMATICA TEHN": {"medie": 6.11, "reusita": 80.0, "cnt": 5}}, "nume": "CENTRUL DE STUDII \"STEFAN CEL MARE SI SFANT - BUCOVINA\" CAMPULUNG MOLDOVENESC\tSuceava"}