{"specializari": {"STIINTE ALE NATURII": 8}, "limba_moderna": {"LIMBA FRANCEZA": 8}, "limba_materna": {"LIMBA ROMANA": 8}, "promotie_anterioara": {"NU": 8}, "materii": {"LIMBA ROMANA": {"medie": 2.5875, "reusita": 12.5, "cnt": 8}, "GENERAL": {"medie": 2.854166666666667, "reusita": 12.5, "cnt": 8}, "MATEMATICA ST-NAT": {"medie": 2.2625, "reusita": 12.5, "cnt": 8}, "BIOLOGIE VEGETALA SI ANIMALA": {"medie": 3.7125000000000004, "reusita": 12.5, "cnt": 8}}, "nume": "CENTRUL SCOLAR PENTRU EDUCATIE INCLUZIVA \"ELENA DOAMNA\" FOCSANI\tVrancea"}