{"specializari": {"TEHNICIAN DESIGNER VESTIMENTAR": 12, "TEHNICIAN IN CONSTRUCTII SI LUCRARI PUBLICE": 17, "TEHNICIAN MECANIC PENTRU INTRETINERE SI REPARATII": 13}, "limba_moderna": {"LIMBA ENGLEZA": 41, "LIMBA FRANCEZA": 1}, "limba_materna": {"LIMBA ROMANA": 42}, "promotie_anterioara": {"NU": 38, "DA": 4}, "materii": {"LIMBA ROMANA": {"medie": 4.776923076923077, "reusita": 21.428571428571427, "cnt": 42}, "GENERAL": {"medie": 4.1450000000000005, "reusita": 2.380952380952381, "cnt": 42}, "BIOLOGIE VEGETALA SI ANIMALA": {"medie": 4.005, "reusita": 7.142857142857142, "cnt": 42}, "MATEMATICA TEHN": {"medie": 3.725, "reusita": 9.523809523809524, "cnt": 42}}, "nume": "COELGIUL TEHNIC CARASAN\tCara\u0219-Severin"}