{"specializari": {"TEHNICIAN DESIGNER VESTIMENTAR": 43, "TEHNICIAN IN TURISM": 21, "COAFOR STILIST": 19, "TEHNICIAN IN INDUSTRIA TEXTILA": 1, "ORGANIZATOR BANQUETING": 2}, "limba_moderna": {"LIMBA ENGLEZA": 78, "LIMBA FRANCEZA": 7, "LIMBA GERMANA MODERNA": 1}, "limba_materna": {"LIMBA ROMANA": 86}, "promotie_anterioara": {"DA": 29, "NU": 57}, "materii": {"LIMBA ROMANA": {"medie": 6.326829268292684, "reusita": 89.53488372093024, "cnt": 86}, "GEOGRAFIE": {"medie": 6.8312500000000025, "reusita": 87.8048780487805, "cnt": 41}, "GENERAL": {"medie": 5.965384615384617, "reusita": 44.18604651162791, "cnt": 86}, "BIOLOGIE VEGETALA SI ANIMALA": {"medie": 4.325806451612903, "reusita": 41.66666666666667, "cnt": 36}, "MATEMATICA TEHN": {"medie": 5.88841463414634, "reusita": 80.23255813953489, "cnt": 86}, "ECONOMIE": {"medie": 3.0, "reusita": 0.0, "cnt": 1}, "CHIMIE ANORGANICA TEH NIVEL I/II": {"medie": 4.1125, "reusita": 37.5, "cnt": 8}}, "nume": "COLEGIUL TEHNIC \"MARIA BAIULESCU\" BRASOV\tBra\u0219ov"}