{"specializari": {"STIINTE ALE NATURII": 29, "FILOLOGIE": 57, "MATEMATICA-INFORMATICA": 49, "STIINTE SOCIALE": 31, "INVATATOR - EDUCATOARE": 2}, "limba_moderna": {"LIMBA ENGLEZA": 148, "LIMBA FRANCEZA": 18, "LIMBA GERMANA MODERNA": 2}, "limba_materna": {"LIMBA ROMANA": 168}, "promotie_anterioara": {"NU": 158, "DA": 10}, "materii": {"LIMBA ROMANA": {"medie": 7.310778443113769, "reusita": 95.23809523809523, "cnt": 168}, "ISTORIE": {"medie": 6.749431818181819, "reusita": 98.86363636363636, "cnt": 88}, "GEOGRAFIE": {"medie": 7.997000000000001, "reusita": 98.0, "cnt": 50}, "GENERAL": {"medie": 7.661345381526101, "reusita": 86.30952380952381, "cnt": 168}, "MATEMATICA ST-NAT": {"medie": 8.601724137931035, "reusita": 100.0, "cnt": 29}, "ANATOMIE SI FIZIOLOGIE UMANA, GENETICA SI ECOLOGIE UMANA": {"medie": 8.697222222222223, "reusita": 97.22222222222221, "cnt": 36}, "MATEMATICA MATE-INFO": {"medie": 7.609375, "reusita": 91.83673469387756, "cnt": 49}, "BIOLOGIE VEGETALA SI ANIMALA": {"medie": 9.775, "reusita": 100.0, "cnt": 6}, "CHIMIE ORGANICA TEO NIVEL I/II": {"medie": 7.5, "reusita": 100.0, "cnt": 1}, "SOCIOLOGIE": {"medie": 6.944444444444445, "reusita": 100.0, "cnt": 9}, "PSIHOLOGIE": {"medie": 8.4, "reusita": 100.0, "cnt": 1}, "LOGICA, ARGUMENTARE SI COMUNICARE": {"medie": 8.736206896551723, "reusita": 93.33333333333333, "cnt": 30}, "MATEMATICA PED": {"medie": 6.925, "reusita": 100.0, "cnt": 2}, "INFORMATICA MI PASCAL": {"medie": 8.152941176470586, "reusita": 97.14285714285714, "cnt": 35}}, "nume": "COLEGIUL NATIONAL \"INOCHENTIE MICU CLAIN\" BLAJ\tAlba"}