{"specializari": {"MATEMATICA-INFORMATICA": 31, "FILOLOGIE": 19, "STIINTE SOCIALE": 43}, "limba_moderna": {"LIMBA ENGLEZA": 74, "LIMBA ITALIANA": 18, "LIMBA FRANCEZA": 1}, "limba_materna": {"LIMBA ROMANA": 93}, "promotie_anterioara": {"NU": 92, "DA": 1}, "materii": {"LIMBA ROMANA": {"medie": 8.08695652173913, "reusita": 98.9247311827957, "cnt": 93}, "ISTORIE": {"medie": 8.499193548387096, "reusita": 100.0, "cnt": 62}, "GEOGRAFIE": {"medie": 8.906451612903227, "reusita": 100.0, "cnt": 31}, "GENERAL": {"medie": 8.581702898550725, "reusita": 98.9247311827957, "cnt": 93}, "ANATOMIE SI FIZIOLOGIE UMANA, GENETICA SI ECOLOGIE UMANA": {"medie": 9.35, "reusita": 100.0, "cnt": 2}, "MATEMATICA MATE-INFO": {"medie": 8.582258064516129, "reusita": 100.0, "cnt": 31}, "BIOLOGIE VEGETALA SI ANIMALA": {"medie": 9.25909090909091, "reusita": 100.0, "cnt": 11}, "FIZICA TEO": {"medie": 9.8, "reusita": 100.0, "cnt": 1}, "SOCIOLOGIE": {"medie": 9.233999999999998, "reusita": 100.0, "cnt": 25}, "LOGICA, ARGUMENTARE SI COMUNICARE": {"medie": 8.408333333333333, "reusita": 100.0, "cnt": 6}, "INFORMATICA MI C/C++": {"medie": 9.1, "reusita": 100.0, "cnt": 17}}, "nume": "COLEGIUL NATIONAL \"GEORGE BARITIU\" CLUJ-NAPOCA\tCluj"}