{"specializari": {"MATEMATICA-INFORMATICA": 55, "STIINTE ALE NATURII": 31, "FILOLOGIE": 54, "STIINTE SOCIALE": 35}, "limba_moderna": {"LIMBA ENGLEZA": 150, "LIMBA FRANCEZA": 25}, "limba_materna": {"LIMBA ROMANA": 175}, "promotie_anterioara": {"NU": 171, "DA": 4}, "materii": {"LIMBA ROMANA": {"medie": 7.63742857142857, "reusita": 96.0, "cnt": 175}, "ISTORIE": {"medie": 6.777528089887642, "reusita": 97.75280898876404, "cnt": 89}, "GEOGRAFIE": {"medie": 8.188636363636364, "reusita": 95.45454545454545, "cnt": 22}, "GENERAL": {"medie": 7.657047619047613, "reusita": 86.85714285714286, "cnt": 175}, "MATEMATICA ST-NAT": {"medie": 7.0677419354838715, "reusita": 90.32258064516128, "cnt": 31}, "ANATOMIE SI FIZIOLOGIE UMANA, GENETICA SI ECOLOGIE UMANA": {"medie": 8.682638888888885, "reusita": 98.61111111111111, "cnt": 72}, "MATEMATICA MATE-INFO": {"medie": 7.501818181818179, "reusita": 96.36363636363636, "cnt": 55}, "FIZICA TEO": {"medie": 7.0, "reusita": 100.0, "cnt": 2}, "CHIMIE ORGANICA TEO NIVEL I/II": {"medie": 9.675, "reusita": 100.0, "cnt": 2}, "SOCIOLOGIE": {"medie": 7.533333333333336, "reusita": 98.24561403508771, "cnt": 57}, "PSIHOLOGIE": {"medie": 9.583333333333334, "reusita": 100.0, "cnt": 6}, "LOGICA, ARGUMENTARE SI COMUNICARE": {"medie": 9.55, "reusita": 100.0, "cnt": 1}, "INFORMATICA MI C/C++": {"medie": 8.48125, "reusita": 100.0, "cnt": 8}, "ECONOMIE": {"medie": 9.116666666666667, "reusita": 100.0, "cnt": 3}, "CHIMIE ANORGANICA TEO NIVEL I/II": {"medie": 9.100000000000001, "reusita": 100.0, "cnt": 2}}, "nume": "COLEGIUL NATIONAL \"DRAGOS VODA\" CAMPULUNG MOLDOVENESC\tSuceava"}