{"specializari": {"STIINTE ALE NATURII": 72}, "limba_moderna": {"LIMBA ENGLEZA": 68, "LIMBA FRANCEZA": 4}, "limba_materna": {"LIMBA ROMANA": 72}, "promotie_anterioara": {"NU": 70, "DA": 2}, "materii": {"LIMBA ROMANA": {"medie": 6.849305555555555, "reusita": 98.61111111111111, "cnt": 72}, "GENERAL": {"medie": 7.8427230046948395, "reusita": 95.83333333333334, "cnt": 72}, "MATEMATICA ST-NAT": {"medie": 8.20211267605634, "reusita": 98.61111111111111, "cnt": 72}, "ANATOMIE SI FIZIOLOGIE UMANA, GENETICA SI ECOLOGIE UMANA": {"medie": 8.344444444444445, "reusita": 100.0, "cnt": 45}, "BIOLOGIE VEGETALA SI ANIMALA": {"medie": 8.025, "reusita": 100.0, "cnt": 2}, "FIZICA TEO": {"medie": 6.8375, "reusita": 100.0, "cnt": 4}, "CHIMIE ORGANICA TEO NIVEL I/II": {"medie": 8.961904761904762, "reusita": 100.0, "cnt": 21}}, "nume": "COLEGIUL NATIONAL \"ANA ASLAN\"\tBr\u0103ila"}