{"specializari": {"COAFOR STILIST": 6, "TEHNICIAN DESENATOR PENTRU CONSTRUCTII SI INSTALATII": 9, "TEHNICIAN IN ACTIVITATI ECONOMICE": 5, "TEHNICIAN IN ADMINISTRATIE": 4, "TEHNICIAN OPERATOR TEHNICA DE CALCUL": 13, "TEHNICIAN IN ACTIVITATI DE COMERT": 4, "TEHNICIAN DESIGNER VESTIMENTAR": 1}, "limba_moderna": {"LIMBA ENGLEZA": 41, "LIMBA FRANCEZA": 1}, "limba_materna": {"LIMBA ROMANA": 42}, "promotie_anterioara": {"NU": 22, "DA": 20}, "materii": {"LIMBA ROMANA": {"medie": 6.156097560975609, "reusita": 95.23809523809523, "cnt": 42}, "GEOGRAFIE": {"medie": 7.413157894736844, "reusita": 100.0, "cnt": 19}, "GENERAL": {"medie": 6.308943089430893, "reusita": 54.761904761904766, "cnt": 42}, "BIOLOGIE VEGETALA SI ANIMALA": {"medie": 5.864705882352941, "reusita": 82.35294117647058, "cnt": 17}, "MATEMATICA TEHN": {"medie": 6.035714285714285, "reusita": 83.33333333333334, "cnt": 42}, "CHIMIE ANORGANICA TEH NIVEL I/II": {"medie": 7.659999999999999, "reusita": 100.0, "cnt": 5}, "FIZICA TEH": {"medie": 9.5, "reusita": 100.0, "cnt": 1}}, "nume": "COLEGIUL TEHNIC \"MEDIENSIS\" MEDIAS\tSibiu"}