{"specializari": {"MATEMATICA-INFORMATICA": 102, "STIINTE SOCIALE": 32, "STIINTE ALE NATURII": 30, "FILOLOGIE": 1}, "limba_moderna": {"LIMBA ENGLEZA": 158, "LIMBA FRANCEZA": 7}, "limba_materna": {"LIMBA ROMANA": 165}, "promotie_anterioara": {"NU": 163, "DA": 2}, "materii": {"LIMBA ROMANA": {"medie": 8.239393939393942, "reusita": 100.0, "cnt": 165}, "ISTORIE": {"medie": 8.363636363636362, "reusita": 100.0, "cnt": 33}, "GEOGRAFIE": {"medie": 8.743478260869566, "reusita": 100.0, "cnt": 23}, "GENERAL": {"medie": 8.478282828282824, "reusita": 98.7878787878788, "cnt": 165}, "MATEMATICA ST-NAT": {"medie": 8.418333333333333, "reusita": 100.0, "cnt": 30}, "ANATOMIE SI FIZIOLOGIE UMANA, GENETICA SI ECOLOGIE UMANA": {"medie": 8.145454545454545, "reusita": 100.0, "cnt": 11}, "MATEMATICA MATE-INFO": {"medie": 8.756372549019607, "reusita": 100.0, "cnt": 102}, "BIOLOGIE VEGETALA SI ANIMALA": {"medie": 7.678571428571429, "reusita": 100.0, "cnt": 35}, "FIZICA TEO": {"medie": 8.605681818181816, "reusita": 100.0, "cnt": 44}, "CHIMIE ORGANICA TEO NIVEL I/II": {"medie": 9.234374999999998, "reusita": 100.0, "cnt": 32}, "SOCIOLOGIE": {"medie": 5.0, "reusita": 100.0, "cnt": 1}, "PSIHOLOGIE": {"medie": 9.55, "reusita": 100.0, "cnt": 2}, "LOGICA, ARGUMENTARE SI COMUNICARE": {"medie": 9.475, "reusita": 100.0, "cnt": 4}, "INFORMATICA MI C/C++": {"medie": 9.290000000000001, "reusita": 100.0, "cnt": 10}, "ECONOMIE": {"medie": 9.016666666666667, "reusita": 100.0, "cnt": 3}}, "nume": "COLEGIUL NATIONAL \"NICOLAE BALCESCU\"\tBr\u0103ila"}