{"specializari": {"TEHNICIAN TRANSPORTURI": 16, "TEHNICIAN IN AUTOMATIZARI": 7, "TEHNICIAN ELECTRICIAN/ELECTRONIST AUTO": 12, "TEHNICIAN ELECTROMECANIC": 1, "TEHNICIAN DESENATOR PENTRU CONSTRUCTII SI INSTALATII": 1}, "limba_moderna": {"LIMBA ENGLEZA": 37}, "limba_materna": {"LIMBA ROMANA": 33, "LIMBA MAGHIARA": 4}, "promotie_anterioara": {"DA": 14, "NU": 23}, "materii": {"LIMBA ROMANA": {"medie": 5.795714285714285, "reusita": 83.78378378378379, "cnt": 37}, "GENERAL": {"medie": 5.470052083333333, "reusita": 29.72972972972973, "cnt": 37}, "BIOLOGIE VEGETALA SI ANIMALA": {"medie": 3.961904761904762, "reusita": 30.434782608695656, "cnt": 23}, "MATEMATICA TEHN": {"medie": 6.012499999999999, "reusita": 86.48648648648648, "cnt": 37}, "LIMBA MAGHIARA (REAL)": {"medie": 6.925, "reusita": 100.0, "cnt": 4}, "CHIMIE ANORGANICA TEH NIVEL I/II": {"medie": 7.233333333333333, "reusita": 100.0, "cnt": 3}, "FIZICA TEH": {"medie": 4.575, "reusita": 45.45454545454545, "cnt": 11}}, "nume": "COLEGIUL TEHNIC DE TRANSPORTURI \"TRANSILVANIA\" CLUJ-NAPOCA\tCluj"}