{"specializari": {"TEHNICIAN ECOLOG SI PROTECTIA CALITATII MEDIULUI": 47, "TEHNICIAN VETERINAR": 26, "TEHNICIAN ANALIZE PRODUSE ALIMENTARE": 20, "TEHNICIAN HORTICULTOR": 21, "TEHNICIAN IN ACTIVITATI ECONOMICE": 75, "TEHNICIAN PENTRU ANIMALE DE COMPANIE": 3, "TEHNICIAN AGRONOM": 12, "TEHNICIAN IN AGRICULTURA": 2, "STIINTE ALE NATURII": 1}, "limba_moderna": {"LIMBA ENGLEZA": 200, "LIMBA FRANCEZA": 7}, "limba_materna": {"LIMBA ROMANA": 207}, "promotie_anterioara": {"NU": 148, "DA": 59}, "materii": {"LIMBA ROMANA": {"medie": 6.050735294117646, "reusita": 92.27053140096618, "cnt": 207}, "GEOGRAFIE": {"medie": 8.198666666666668, "reusita": 98.66666666666667, "cnt": 75}, "GENERAL": {"medie": 5.994066317626529, "reusita": 44.927536231884055, "cnt": 207}, "MATEMATICA ST-NAT": {"medie": 1.05, "reusita": 0.0, "cnt": 1}, "ANATOMIE SI FIZIOLOGIE UMANA, GENETICA SI ECOLOGIE UMANA": {"medie": 5.529910714285713, "reusita": 60.16949152542372, "cnt": 118}, "BIOLOGIE VEGETALA SI ANIMALA": {"medie": 4.771428571428571, "reusita": 28.57142857142857, "cnt": 7}, "MATEMATICA TEHN": {"medie": 5.278499999999997, "reusita": 67.47572815533981, "cnt": 206}, "CHIMIE ORGANICA TEH NIVEL I/II": {"medie": 5.735714285714286, "reusita": 57.14285714285714, "cnt": 7}}, "nume": "COLEGIUL NATIONAL DE AGRICULTURA SI ECONOMIE, LOCALITATEA TECUCI\tGala\u021bi"}