{"specializari": {"STIINTE ALE NATURII": 33, "STIINTE SOCIALE": 31, "MATEMATICA-INFORMATICA": 52, "FILOLOGIE": 24, "INVATATOR - EDUCATOARE": 26}, "limba_moderna": {"LIMBA ENGLEZA": 140, "LIMBA FRANCEZA": 26}, "limba_materna": {"LIMBA ROMANA": 166}, "promotie_anterioara": {"NU": 165, "DA": 1}, "materii": {"LIMBA ROMANA": {"medie": 8.574999999999996, "reusita": 100.0, "cnt": 166}, "ISTORIE": {"medie": 8.434545454545455, "reusita": 100.0, "cnt": 55}, "GEOGRAFIE": {"medie": 9.293939393939395, "reusita": 100.0, "cnt": 33}, "GENERAL": {"medie": 8.835441767068273, "reusita": 100.0, "cnt": 166}, "MATEMATICA ST-NAT": {"medie": 8.951515151515151, "reusita": 100.0, "cnt": 33}, "ANATOMIE SI FIZIOLOGIE UMANA, GENETICA SI ECOLOGIE UMANA": {"medie": 9.233333333333333, "reusita": 100.0, "cnt": 36}, "MATEMATICA MATE-INFO": {"medie": 9.055769230769233, "reusita": 100.0, "cnt": 52}, "BIOLOGIE VEGETALA SI ANIMALA": {"medie": 8.5, "reusita": 100.0, "cnt": 1}, "FIZICA TEO": {"medie": 8.919230769230769, "reusita": 100.0, "cnt": 13}, "CHIMIE ORGANICA TEO NIVEL I/II": {"medie": 9.054761904761905, "reusita": 100.0, "cnt": 21}, "PSIHOLOGIE": {"medie": 9.180000000000001, "reusita": 100.0, "cnt": 5}, "LOGICA, ARGUMENTARE SI COMUNICARE": {"medie": 9.212820512820516, "reusita": 100.0, "cnt": 39}, "INFORMATICA MI C/C++": {"medie": 8.414285714285715, "reusita": 100.0, "cnt": 14}, "ECONOMIE": {"medie": 9.024999999999999, "reusita": 100.0, "cnt": 4}, "MATEMATICA PED": {"medie": 8.984615384615383, "reusita": 100.0, "cnt": 26}}, "nume": "COLEGIUL NATIONAL \"COSTACHE NEGRI\", LOCALITATEA GALATI\tGala\u021bi"}