{"specializari": {"TEHNICIAN IN ACTIVITATI ECONOMICE": 87, "TEHNICIAN IN ACTIVITATI DE COMERT": 13, "TEHNICIAN IN TURISM": 15, "ORGANIZATOR BANQUETING": 19, "TEHNICIAN IN GASTRONOMIE": 20}, "limba_moderna": {"LIMBA ENGLEZA": 145, "LIMBA FRANCEZA": 8, "LIMBA GERMANA MODERNA": 1}, "limba_materna": {"LIMBA ROMANA": 154}, "promotie_anterioara": {"NU": 137, "DA": 17}, "materii": {"LIMBA ROMANA": {"medie": 6.511258278145694, "reusita": 87.66233766233766, "cnt": 154}, "GEOGRAFIE": {"medie": 7.684868421052631, "reusita": 97.36842105263158, "cnt": 76}, "GENERAL": {"medie": 7.345666666666665, "reusita": 79.22077922077922, "cnt": 154}, "MATEMATICA TEHN": {"medie": 7.436513157894738, "reusita": 92.85714285714286, "cnt": 154}, "LOGICA, ARGUMENTARE SI COMUNICARE": {"medie": 8.382089552238808, "reusita": 97.05882352941177, "cnt": 68}, "ECONOMIE": {"medie": 8.075, "reusita": 100.0, "cnt": 10}}, "nume": "COLEGIUL ECONOMIC \"PARTENIE COSMA\" ORADEA\tBihor"}