{"specializari": {"MATEMATICA-INFORMATICA": 137, "FILOLOGIE": 94, "STIINTE ALE NATURII": 67}, "limba_moderna": {"LIMBA ENGLEZA": 275, "LIMBA FRANCEZA": 23}, "limba_materna": {"LIMBA ROMANA": 298}, "promotie_anterioara": {"NU": 295, "DA": 3}, "materii": {"LIMBA ROMANA": {"medie": 8.679797979797984, "reusita": 99.66442953020133, "cnt": 298}, "ISTORIE": {"medie": 8.224468085106384, "reusita": 100.0, "cnt": 94}, "GEOGRAFIE": {"medie": 9.43888888888889, "reusita": 100.0, "cnt": 9}, "GENERAL": {"medie": 8.851295045045045, "reusita": 98.65771812080537, "cnt": 298}, "MATEMATICA ST-NAT": {"medie": 9.22272727272727, "reusita": 98.50746268656717, "cnt": 67}, "ANATOMIE SI FIZIOLOGIE UMANA, GENETICA SI ECOLOGIE UMANA": {"medie": 8.931818181818182, "reusita": 100.0, "cnt": 11}, "MATEMATICA MATE-INFO": {"medie": 9.0521897810219, "reusita": 99.27007299270073, "cnt": 137}, "BIOLOGIE VEGETALA SI ANIMALA": {"medie": 8.75, "reusita": 100.0, "cnt": 37}, "FIZICA TEO": {"medie": 8.728181818181817, "reusita": 98.18181818181819, "cnt": 55}, "CHIMIE ORGANICA TEO NIVEL I/II": {"medie": 9.421874999999998, "reusita": 100.0, "cnt": 64}, "SOCIOLOGIE": {"medie": 7.35, "reusita": 100.0, "cnt": 2}, "PSIHOLOGIE": {"medie": 8.875, "reusita": 100.0, "cnt": 6}, "LOGICA, ARGUMENTARE SI COMUNICARE": {"medie": 9.064383561643837, "reusita": 100.0, "cnt": 73}, "INFORMATICA MI C/C++": {"medie": 9.281818181818181, "reusita": 100.0, "cnt": 33}, "ECONOMIE": {"medie": 8.383333333333335, "reusita": 100.0, "cnt": 3}, "CHIMIE ANORGANICA TEO NIVEL I/II": {"medie": 7.4375, "reusita": 100.0, "cnt": 4}, "FILOSOFIE": {"medie": 8.0, "reusita": 100.0, "cnt": 1}}, "nume": "COLEGIUL NATIONAL \"ION LUCA CARAGIALE\", MUNICIPIUL PLOIESTI\tPrahova"}