{"specializari": {"MATEMATICA-INFORMATICA": 99, "STIINTE SOCIALE": 41, "STIINTE ALE NATURII": 56, "FILOLOGIE": 78}, "limba_moderna": {"LIMBA ENGLEZA": 248, "LIMBA FRANCEZA": 25, "LIMBA SPANIOLA": 1}, "limba_materna": {"LIMBA ROMANA": 274}, "promotie_anterioara": {"NU": 259, "DA": 15}, "materii": {"LIMBA ROMANA": {"medie": 8.044688644688643, "reusita": 99.27007299270073, "cnt": 274}, "ISTORIE": {"medie": 7.449152542372878, "reusita": 96.63865546218487, "cnt": 119}, "GEOGRAFIE": {"medie": 8.882727272727273, "reusita": 96.42857142857143, "cnt": 56}, "GENERAL": {"medie": 8.2049815498155, "reusita": 93.7956204379562, "cnt": 274}, "MATEMATICA ST-NAT": {"medie": 7.651785714285715, "reusita": 94.64285714285714, "cnt": 56}, "ANATOMIE SI FIZIOLOGIE UMANA, GENETICA SI ECOLOGIE UMANA": {"medie": 8.89722222222222, "reusita": 100.0, "cnt": 72}, "MATEMATICA MATE-INFO": {"medie": 8.51479591836735, "reusita": 93.93939393939394, "cnt": 99}, "BIOLOGIE VEGETALA SI ANIMALA": {"medie": 8.373076923076924, "reusita": 92.85714285714286, "cnt": 28}, "FIZICA TEO": {"medie": 8.412500000000001, "reusita": 100.0, "cnt": 36}, "CHIMIE ORGANICA TEO NIVEL I/II": {"medie": 9.8875, "reusita": 100.0, "cnt": 8}, "SOCIOLOGIE": {"medie": 7.6499999999999995, "reusita": 100.0, "cnt": 31}, "PSIHOLOGIE": {"medie": 8.0, "reusita": 100.0, "cnt": 1}, "LOGICA, ARGUMENTARE SI COMUNICARE": {"medie": 9.357142857142858, "reusita": 100.0, "cnt": 21}, "INFORMATICA MI C/C++": {"medie": 9.018181818181818, "reusita": 100.0, "cnt": 11}, "ECONOMIE": {"medie": 8.006250000000001, "reusita": 87.5, "cnt": 8}, "FILOSOFIE": {"medie": 8.774999999999999, "reusita": 100.0, "cnt": 2}}, "nume": "COLEGIUL NATIONAL \"RADU GRECEANU\" SLATINA\tOlt"}