{"specializari": {"STIINTE ALE NATURII": 33, "INVATATOR - EDUCATOARE": 36, "MATEMATICA-INFORMATICA": 7, "FILOLOGIE": 44}, "limba_moderna": {"LIMBA ENGLEZA": 99, "LIMBA SPANIOLA": 21}, "limba_materna": {"LIMBA ROMANA": 109, "LIMBA MAGHIARA": 11}, "promotie_anterioara": {"NU": 117, "DA": 3}, "materii": {"LIMBA ROMANA": {"medie": 7.323333333333334, "reusita": 93.33333333333333, "cnt": 120}, "ISTORIE": {"medie": 7.361363636363635, "reusita": 100.0, "cnt": 44}, "GEOGRAFIE": {"medie": 8.287499999999998, "reusita": 96.875, "cnt": 64}, "GENERAL": {"medie": 7.838888888888885, "reusita": 90.0, "cnt": 120}, "MATEMATICA ST-NAT": {"medie": 7.800000000000001, "reusita": 100.0, "cnt": 33}, "ANATOMIE SI FIZIOLOGIE UMANA, GENETICA SI ECOLOGIE UMANA": {"medie": 8.904166666666667, "reusita": 100.0, "cnt": 36}, "MATEMATICA MATE-INFO": {"medie": 8.414285714285715, "reusita": 100.0, "cnt": 7}, "CHIMIE ORGANICA TEO NIVEL I/II": {"medie": 9.9, "reusita": 100.0, "cnt": 2}, "SOCIOLOGIE": {"medie": 8.274999999999999, "reusita": 100.0, "cnt": 6}, "LIMBA MAGHIARA (UMAN)": {"medie": 6.35, "reusita": 90.9090909090909, "cnt": 11}, "PSIHOLOGIE": {"medie": 7.6, "reusita": 100.0, "cnt": 1}, "LOGICA, ARGUMENTARE SI COMUNICARE": {"medie": 8.744444444444445, "reusita": 100.0, "cnt": 9}, "INFORMATICA MI C/C++": {"medie": 9.725, "reusita": 100.0, "cnt": 2}, "MATEMATICA PED": {"medie": 7.558333333333334, "reusita": 88.88888888888889, "cnt": 36}}, "nume": "COLEGIUL NATIONAL \"IOSIF VULCAN\" ORADEA\tBihor"}