{"specializari": {"MATEMATICA-INFORMATICA": 55, "STIINTE ALE NATURII": 29}, "limba_moderna": {"LIMBA ENGLEZA": 84}, "limba_materna": {"LIMBA ROMANA": 84}, "promotie_anterioara": {"NU": 84}, "materii": {"LIMBA ROMANA": {"medie": 9.274404761904766, "reusita": 100.0, "cnt": 84}, "GENERAL": {"medie": 9.516666666666666, "reusita": 100.0, "cnt": 84}, "MATEMATICA ST-NAT": {"medie": 9.675862068965518, "reusita": 100.0, "cnt": 29}, "ANATOMIE SI FIZIOLOGIE UMANA, GENETICA SI ECOLOGIE UMANA": {"medie": 9.783750000000001, "reusita": 100.0, "cnt": 40}, "MATEMATICA MATE-INFO": {"medie": 9.610000000000003, "reusita": 100.0, "cnt": 55}, "BIOLOGIE VEGETALA SI ANIMALA": {"medie": 9.25, "reusita": 100.0, "cnt": 6}, "FIZICA TEO": {"medie": 9.555555555555555, "reusita": 100.0, "cnt": 9}, "CHIMIE ORGANICA TEO NIVEL I/II": {"medie": 9.737499999999999, "reusita": 100.0, "cnt": 8}, "INFORMATICA MI C/C++": {"medie": 9.488095238095237, "reusita": 100.0, "cnt": 21}}, "nume": "COLEGIUL NATIONAL \"EMIL RACOVITA\" CLUJ-NAPOCA\tCluj"}