{"specializari": {"STIINTE ALE NATURII": 64, "FILOLOGIE": 59, "STIINTE SOCIALE": 30, "MATEMATICA-INFORMATICA": 28}, "limba_moderna": {"LIMBA ENGLEZA": 166, "LIMBA FRANCEZA": 12, "LIMBA GERMANA MODERNA": 2, "LIMBA SPANIOLA": 1}, "limba_materna": {"LIMBA ROMANA": 180, "LIMBA MAGHIARA": 1}, "promotie_anterioara": {"NU": 179, "DA": 2}, "materii": {"LIMBA ROMANA": {"medie": 8.411325966850828, "reusita": 100.0, "cnt": 181}, "ISTORIE": {"medie": 9.121348314606745, "reusita": 100.0, "cnt": 89}, "GEOGRAFIE": {"medie": 9.497826086956522, "reusita": 100.0, "cnt": 23}, "GENERAL": {"medie": 8.880686003683243, "reusita": 99.4475138121547, "cnt": 181}, "MATEMATICA ST-NAT": {"medie": 8.902343750000002, "reusita": 100.0, "cnt": 64}, "ANATOMIE SI FIZIOLOGIE UMANA, GENETICA SI ECOLOGIE UMANA": {"medie": 9.346666666666666, "reusita": 100.0, "cnt": 15}, "MATEMATICA MATE-INFO": {"medie": 9.12857142857143, "reusita": 100.0, "cnt": 28}, "BIOLOGIE VEGETALA SI ANIMALA": {"medie": 9.023684210526318, "reusita": 100.0, "cnt": 57}, "CHIMIE ORGANICA TEO NIVEL I/II": {"medie": 8.61875, "reusita": 100.0, "cnt": 8}, "LIMBA MAGHIARA (REAL)": {"medie": 6.3, "reusita": 100.0, "cnt": 1}, "SOCIOLOGIE": {"medie": 9.8, "reusita": 100.0, "cnt": 1}, "LOGICA, ARGUMENTARE SI COMUNICARE": {"medie": 9.303124999999998, "reusita": 100.0, "cnt": 64}, "INFORMATICA MI C/C++": {"medie": 8.829166666666667, "reusita": 100.0, "cnt": 12}, "FILOSOFIE": {"medie": 9.6, "reusita": 100.0, "cnt": 1}}, "nume": "COLEGIUL NATIONAL \"OCTAVIAN GOGA\" SIBIU\tSibiu"}