{"specializari": {"TEHNICIAN IN ACTIVITATI ECONOMICE": 75, "TEHNICIAN IN ACHIZITII SI CONTRACTARI": 31, "TEHNICIAN IN HOTELARIE": 23, "ORGANIZATOR BANQUETING": 2, "TEHNICIAN IN GASTRONOMIE": 1, "TEHNICIAN IN ACTIVITATI DE COMERT": 1}, "limba_moderna": {"LIMBA ENGLEZA": 115, "LIMBA FRANCEZA": 18}, "limba_materna": {"LIMBA ROMANA": 133}, "promotie_anterioara": {"NU": 129, "DA": 4}, "materii": {"LIMBA ROMANA": {"medie": 7.965789473684211, "reusita": 100.0, "cnt": 133}, "GEOGRAFIE": {"medie": 8.305494505494506, "reusita": 98.9010989010989, "cnt": 91}, "GENERAL": {"medie": 8.205263157894734, "reusita": 95.48872180451127, "cnt": 133}, "MATEMATICA TEHN": {"medie": 8.27406015037594, "reusita": 99.24812030075188, "cnt": 133}, "LOGICA, ARGUMENTARE SI COMUNICARE": {"medie": 8.528571428571428, "reusita": 100.0, "cnt": 42}}, "nume": "COLEGIUL ECONOMIC \"IULIAN POP\" CLUJ-NAPOCA\tCluj"}