{"specializari": {"TEHNICIAN MECANIC PENTRU INTRETINERE SI REPARATII": 7, "TEHNICIAN ELECTROTEHNIST": 22, "TEHNICIAN IN AUTOMATIZARI": 32, "TEHNICIAN ELECTROMECANIC": 28, "STIINTE ALE NATURII": 32, "TEHNICIAN MECATRONIST": 14}, "limba_moderna": {"LIMBA ENGLEZA": 110, "LIMBA FRANCEZA": 25}, "limba_materna": {"LIMBA ROMANA": 135}, "promotie_anterioara": {"DA": 23, "NU": 112}, "materii": {"LIMBA ROMANA": {"medie": 6.065200000000002, "reusita": 71.11111111111111, "cnt": 135}, "GENERAL": {"medie": 5.445621468926554, "reusita": 33.33333333333333, "cnt": 135}, "MATEMATICA ST-NAT": {"medie": 7.287500000000001, "reusita": 90.625, "cnt": 32}, "ANATOMIE SI FIZIOLOGIE UMANA, GENETICA SI ECOLOGIE UMANA": {"medie": 8.196774193548388, "reusita": 100.0, "cnt": 31}, "BIOLOGIE VEGETALA SI ANIMALA": {"medie": 4.050000000000001, "reusita": 34.93975903614458, "cnt": 83}, "FIZICA TEO": {"medie": 8.7, "reusita": 100.0, "cnt": 1}, "MATEMATICA TEHN": {"medie": 4.039673913043478, "reusita": 44.66019417475729, "cnt": 103}, "CHIMIE ANORGANICA TEH NIVEL I/II": {"medie": 4.46470588235294, "reusita": 40.0, "cnt": 20}}, "nume": "COLEGIUL \"GHEORGHE TATARESCU\" ROVINARI\tGorj"}