{"specializari": {"MATEMATICA-INFORMATICA": 25, "FILOLOGIE": 33, "STIINTE SOCIALE": 32, "STIINTE ALE NATURII": 20}, "limba_moderna": {"LIMBA ENGLEZA": 110}, "limba_materna": {"LIMBA ROMANA": 110}, "promotie_anterioara": {"NU": 106, "DA": 4}, "materii": {"LIMBA ROMANA": {"medie": 7.3645454545454525, "reusita": 90.9090909090909, "cnt": 110}, "ISTORIE": {"medie": 7.149230769230769, "reusita": 93.84615384615384, "cnt": 65}, "GEOGRAFIE": {"medie": 7.541666666666665, "reusita": 100.0, "cnt": 6}, "GENERAL": {"medie": 7.755909090909087, "reusita": 84.54545454545455, "cnt": 110}, "MATEMATICA ST-NAT": {"medie": 7.732500000000002, "reusita": 95.0, "cnt": 20}, "ANATOMIE SI FIZIOLOGIE UMANA, GENETICA SI ECOLOGIE UMANA": {"medie": 8.719999999999999, "reusita": 96.66666666666667, "cnt": 30}, "MATEMATICA MATE-INFO": {"medie": 7.573999999999999, "reusita": 88.0, "cnt": 25}, "BIOLOGIE VEGETALA SI ANIMALA": {"medie": 8.2, "reusita": 100.0, "cnt": 1}, "FIZICA TEO": {"medie": 9.21, "reusita": 100.0, "cnt": 5}, "SOCIOLOGIE": {"medie": 8.8, "reusita": 100.0, "cnt": 2}, "PSIHOLOGIE": {"medie": 8.2, "reusita": 100.0, "cnt": 1}, "LOGICA, ARGUMENTARE SI COMUNICARE": {"medie": 8.459821428571427, "reusita": 100.0, "cnt": 56}, "CHIMIE ANORGANICA TEO NIVEL I/II": {"medie": 9.6, "reusita": 100.0, "cnt": 1}, "INFORMATICA MI PASCAL": {"medie": 8.8, "reusita": 100.0, "cnt": 8}}, "nume": "COLEGIUL NATIONAL \"TITU MAIORESCU\" AIUD\tAlba"}