{"specializari": {"TEHNICIAN IN ACTIVITATI DE COMERT": 20, "TEHNICIAN ECOLOG SI PROTECTIA CALITATII MEDIULUI": 21, "TEHNICIAN OPERATOR TEHNICA DE CALCUL": 13, "TEHNICIAN IN ACTIVITATI ECONOMICE": 26, "TEHNICIAN IN SILVICULTURA SI EXPLOATARI FORESTIERE": 2, "MATEMATICA-INFORMATICA": 34, "TEHNICIAN MECATRONIST": 1, "TEHNICIAN IN TURISM": 1, "TEHNICIAN IN CONSTRUCTII SI LUCRARI PUBLICE": 1, "TEHNICIAN MECANIC PENTRU INTRETINERE SI REPARATII": 3, "TEHNICIAN ELECTRICIAN/ELECTRONIST AUTO": 1, "TEHNICIAN IN INSTALATII ELECTRICE": 1, "TEHNICIAN IN CHIMIE INDUSTRIALA": 1, "TEHNICIAN IN INDUSTRIA ALIMENTARA": 1}, "limba_moderna": {"LIMBA ENGLEZA": 92, "LIMBA FRANCEZA": 34}, "limba_materna": {"LIMBA ROMANA": 126}, "promotie_anterioara": {"NU": 69, "DA": 57}, "materii": {"LIMBA ROMANA": {"medie": 4.46061946902655, "reusita": 45.23809523809524, "cnt": 126}, "GEOGRAFIE": {"medie": 6.252564102564103, "reusita": 65.95744680851064, "cnt": 47}, "GENERAL": {"medie": 4.848833333333335, "reusita": 13.492063492063492, "cnt": 126}, "ANATOMIE SI FIZIOLOGIE UMANA, GENETICA SI ECOLOGIE UMANA": {"medie": 4.1033333333333335, "reusita": 27.27272727272727, "cnt": 33}, "MATEMATICA MATE-INFO": {"medie": 3.5732142857142857, "reusita": 32.35294117647059, "cnt": 34}, "BIOLOGIE VEGETALA SI ANIMALA": {"medie": 5.3720588235294136, "reusita": 47.61904761904761, "cnt": 42}, "MATEMATICA TEHN": {"medie": 4.796249999999999, "reusita": 53.2608695652174, "cnt": 92}, "INFORMATICA MI C/C++": {"medie": 7.8, "reusita": 100.0, "cnt": 1}, "FIZICA TEH": {"medie": "-", "reusita": 0.0, "cnt": 2}, "CHIMIE ORGANICA TEH NIVEL I/II": {"medie": 5.15, "reusita": 100.0, "cnt": 1}}, "nume": "COLEGIUL TEHNIC NR.1 VADU CRISULUI\tBihor"}