{"specializari": {"FILOLOGIE": 64, "MATEMATICA-INFORMATICA": 25, "INVATATOR - EDUCATOARE": 28}, "limba_moderna": {"LIMBA ENGLEZA": 86, "LIMBA SPANIOLA": 24, "LIMBA GERMANA MODERNA": 5, "LIMBA FRANCEZA": 2}, "limba_materna": {"LIMBA ROMANA": 117}, "promotie_anterioara": {"NU": 116, "DA": 1}, "materii": {"LIMBA ROMANA": {"medie": 8.07179487179487, "reusita": 100.0, "cnt": 117}, "ISTORIE": {"medie": 7.753906249999998, "reusita": 98.4375, "cnt": 64}, "GEOGRAFIE": {"medie": 8.976666666666667, "reusita": 100.0, "cnt": 15}, "GENERAL": {"medie": 8.476923076923077, "reusita": 98.29059829059828, "cnt": 117}, "ANATOMIE SI FIZIOLOGIE UMANA, GENETICA SI ECOLOGIE UMANA": {"medie": 8.885714285714284, "reusita": 100.0, "cnt": 7}, "MATEMATICA MATE-INFO": {"medie": 8.95, "reusita": 100.0, "cnt": 25}, "FIZICA TEO": {"medie": 8.680000000000001, "reusita": 100.0, "cnt": 10}, "CHIMIE ORGANICA TEO NIVEL I/II": {"medie": 9.65, "reusita": 100.0, "cnt": 2}, "SOCIOLOGIE": {"medie": 8.875, "reusita": 100.0, "cnt": 2}, "PSIHOLOGIE": {"medie": 9.85, "reusita": 100.0, "cnt": 2}, "LOGICA, ARGUMENTARE SI COMUNICARE": {"medie": 9.175000000000002, "reusita": 100.0, "cnt": 72}, "INFORMATICA MI C/C++": {"medie": 8.825, "reusita": 100.0, "cnt": 6}, "MATEMATICA PED": {"medie": 8.83392857142857, "reusita": 100.0, "cnt": 28}, "FILOSOFIE": {"medie": 9.7, "reusita": 100.0, "cnt": 1}}, "nume": "COLEGIUL NATIONAL PEDAGOGIC \"REGINA MARIA\", MUNICIPIUL PLOIESTI\tPrahova"}