{"specializari": {"MATEMATICA-INFORMATICA": 25, "FILOLOGIE": 32, "STIINTE ALE NATURII": 64}, "limba_moderna": {"LIMBA ENGLEZA": 117, "LIMBA SPANIOLA": 4}, "limba_materna": {"LIMBA GERMANA": 121}, "promotie_anterioara": {"NU": 121}, "materii": {"LIMBA ROMANA": {"medie": 8.659090909090908, "reusita": 100.0, "cnt": 121}, "ISTORIE": {"medie": 9.215625000000001, "reusita": 100.0, "cnt": 32}, "GEOGRAFIE": {"medie": 9.221428571428573, "reusita": 100.0, "cnt": 14}, "GENERAL": {"medie": 9.019731404958678, "reusita": 99.17355371900827, "cnt": 121}, "MATEMATICA ST-NAT": {"medie": 9.0875, "reusita": 100.0, "cnt": 64}, "ANATOMIE SI FIZIOLOGIE UMANA, GENETICA SI ECOLOGIE UMANA": {"medie": 9.404687500000001, "reusita": 100.0, "cnt": 32}, "MATEMATICA MATE-INFO": {"medie": 9.181999999999999, "reusita": 100.0, "cnt": 25}, "BIOLOGIE VEGETALA SI ANIMALA": {"medie": 8.975000000000001, "reusita": 100.0, "cnt": 26}, "FIZICA TEO": {"medie": 8.654166666666667, "reusita": 100.0, "cnt": 12}, "CHIMIE ORGANICA TEO NIVEL I/II": {"medie": 9.233333333333333, "reusita": 100.0, "cnt": 3}, "INFORMATICA SN C/C++": {"medie": 7.8, "reusita": 100.0, "cnt": 1}, "LOGICA, ARGUMENTARE SI COMUNICARE": {"medie": 9.394117647058824, "reusita": 100.0, "cnt": 17}, "INFORMATICA MI C/C++": {"medie": 9.146666666666667, "reusita": 100.0, "cnt": 15}, "ECONOMIE": {"medie": 9.8, "reusita": 100.0, "cnt": 1}, "LIMBA GERMANA": {"medie": 9.1099173553719, "reusita": 100.0, "cnt": 121}}, "nume": "COLEGIUL NATIONAL \"SAMUEL VON BRUKENTHAL\" SIBIU\tSibiu"}