{"specializari": {"STIINTE SOCIALE": 5, "ORGANIZATOR BANQUETING": 2, "TEHNICIAN IN INSTALATII ELECTRICE": 1, "TEHNICIAN ECOLOG SI PROTECTIA CALITATII MEDIULUI": 1}, "limba_moderna": {"LIMBA ENGLEZA": 5, "LIMBA FRANCEZA": 4}, "limba_materna": {"LIMBA ROMANA": 9}, "promotie_anterioara": {"DA": 7, "NU": 2}, "materii": {"LIMBA ROMANA": {"medie": 5.80625, "reusita": 66.66666666666666, "cnt": 9}, "ISTORIE": {"medie": 5.4, "reusita": 100.0, "cnt": 5}, "GEOGRAFIE": {"medie": 7.235714285714286, "reusita": 100.0, "cnt": 7}, "GENERAL": {"medie": 6.0125, "reusita": 44.44444444444444, "cnt": 9}, "BIOLOGIE VEGETALA SI ANIMALA": {"medie": 6.2, "reusita": 50.0, "cnt": 2}, "MATEMATICA TEHN": {"medie": 5.4, "reusita": 75.0, "cnt": 4}}, "nume": "COLEGIUL \"AUREL VIJOLI\" FAGARAS\tBra\u0219ov"}