{"specializari": {"MATEMATICA-INFORMATICA": 23, "FILOLOGIE": 39, "STIINTE ALE NATURII": 8}, "limba_moderna": {"LIMBA ENGLEZA": 60, "LIMBA FRANCEZA": 8, "LIMBA GERMANA MODERNA": 2}, "limba_materna": {"LIMBA ROMANA": 64, "LIMBA GERMANA": 6}, "promotie_anterioara": {"NU": 61, "DA": 9}, "materii": {"LIMBA ROMANA": {"medie": 6.574637681159421, "reusita": 91.42857142857143, "cnt": 70}, "ISTORIE": {"medie": 5.648717948717948, "reusita": 94.87179487179486, "cnt": 39}, "GEOGRAFIE": {"medie": 7.210526315789473, "reusita": 92.10526315789474, "cnt": 38}, "GENERAL": {"medie": 6.674335748792272, "reusita": 70.0, "cnt": 70}, "MATEMATICA ST-NAT": {"medie": 6.7625, "reusita": 100.0, "cnt": 8}, "ANATOMIE SI FIZIOLOGIE UMANA, GENETICA SI ECOLOGIE UMANA": {"medie": 9.0625, "reusita": 100.0, "cnt": 4}, "MATEMATICA MATE-INFO": {"medie": 6.6695652173913045, "reusita": 86.95652173913044, "cnt": 23}, "BIOLOGIE VEGETALA SI ANIMALA": {"medie": 7.85625, "reusita": 100.0, "cnt": 8}, "SOCIOLOGIE": {"medie": 6.8, "reusita": 100.0, "cnt": 1}, "INFORMATICA MI C/C++": {"medie": 7.055263157894737, "reusita": 89.47368421052632, "cnt": 19}, "LIMBA GERMANA": {"medie": 7.470000000000001, "reusita": 83.33333333333334, "cnt": 6}}, "nume": "COLEGIUL NATIONAL \"DIACONOVICI TIETZ\" RESITA\tCara\u0219-Severin"}