{"specializari": {"FILOLOGIE": 57, "MATEMATICA-INFORMATICA": 133, "STIINTE ALE NATURII": 30}, "limba_moderna": {"LIMBA ENGLEZA": 209, "LIMBA FRANCEZA": 11}, "limba_materna": {"LIMBA ROMANA": 220}, "promotie_anterioara": {"NU": 219, "DA": 1}, "materii": {"LIMBA ROMANA": {"medie": 8.48590909090909, "reusita": 100.0, "cnt": 220}, "ISTORIE": {"medie": 8.737719298245615, "reusita": 100.0, "cnt": 57}, "GEOGRAFIE": {"medie": 9.283333333333333, "reusita": 100.0, "cnt": 9}, "GENERAL": {"medie": 8.820151515151512, "reusita": 99.0909090909091, "cnt": 220}, "MATEMATICA ST-NAT": {"medie": 9.1, "reusita": 100.0, "cnt": 30}, "ANATOMIE SI FIZIOLOGIE UMANA, GENETICA SI ECOLOGIE UMANA": {"medie": 9.205263157894738, "reusita": 100.0, "cnt": 19}, "MATEMATICA MATE-INFO": {"medie": 9.082706766917287, "reusita": 100.0, "cnt": 133}, "BIOLOGIE VEGETALA SI ANIMALA": {"medie": 8.951086956521738, "reusita": 100.0, "cnt": 46}, "FIZICA TEO": {"medie": 8.898333333333335, "reusita": 100.0, "cnt": 60}, "CHIMIE ORGANICA TEO NIVEL I/II": {"medie": 9.301785714285716, "reusita": 100.0, "cnt": 28}, "SOCIOLOGIE": {"medie": 7.1625, "reusita": 100.0, "cnt": 8}, "PSIHOLOGIE": {"medie": 9.30909090909091, "reusita": 100.0, "cnt": 11}, "LOGICA, ARGUMENTARE SI COMUNICARE": {"medie": 9.222222222222221, "reusita": 100.0, "cnt": 18}, "INFORMATICA MI C/C++": {"medie": 8.79, "reusita": 100.0, "cnt": 10}, "ECONOMIE": {"medie": 8.836363636363636, "reusita": 100.0, "cnt": 11}}, "nume": "COLEGIUL NATIONAL \"GHEORGHE SINCAI\"\tBucure\u0219ti"}