{"specializari": {"FILOLOGIE": 66, "MATEMATICA-INFORMATICA": 51, "TEHNICIAN IN ACTIVITATI ECONOMICE": 28, "STIINTE ALE NATURII": 31}, "limba_moderna": {"LIMBA ENGLEZA": 165, "LIMBA GERMANA MODERNA": 5, "LIMBA FRANCEZA": 6}, "limba_materna": {"LIMBA MAGHIARA": 63, "LIMBA ROMANA": 113}, "promotie_anterioara": {"NU": 162, "DA": 14}, "materii": {"LIMBA ROMANA": {"medie": 6.886285714285714, "reusita": 86.93181818181817, "cnt": 176}, "ISTORIE": {"medie": 7.368939393939393, "reusita": 98.48484848484848, "cnt": 66}, "GEOGRAFIE": {"medie": 8.767741935483873, "reusita": 100.0, "cnt": 62}, "GENERAL": {"medie": 7.7341428571428565, "reusita": 81.25, "cnt": 176}, "MATEMATICA ST-NAT": {"medie": 6.199999999999999, "reusita": 77.41935483870968, "cnt": 31}, "ANATOMIE SI FIZIOLOGIE UMANA, GENETICA SI ECOLOGIE UMANA": {"medie": 8.620588235294118, "reusita": 97.14285714285714, "cnt": 35}, "MATEMATICA MATE-INFO": {"medie": 7.696078431372551, "reusita": 98.0392156862745, "cnt": 51}, "BIOLOGIE VEGETALA SI ANIMALA": {"medie": 7.730952380952381, "reusita": 100.0, "cnt": 21}, "FIZICA TEO": {"medie": 8.354545454545455, "reusita": 100.0, "cnt": 11}, "MATEMATICA TEHN": {"medie": 8.526785714285715, "reusita": 100.0, "cnt": 28}, "LIMBA MAGHIARA (REAL)": {"medie": 8.382758620689655, "reusita": 100.0, "cnt": 29}, "SOCIOLOGIE": {"medie": 8.37777777777778, "reusita": 100.0, "cnt": 27}, "LIMBA MAGHIARA (UMAN)": {"medie": 8.595588235294116, "reusita": 100.0, "cnt": 34}, "PSIHOLOGIE": {"medie": 6.85, "reusita": 100.0, "cnt": 2}, "FILOSOFIE": {"medie": 5.783333333333334, "reusita": 100.0, "cnt": 3}, "INFORMATICA MI PASCAL": {"medie": 7.813333333333333, "reusita": 100.0, "cnt": 15}}, "nume": "COLEGIUL NATIONAL \"SIMION BARNUTIU\" SIMLEU SILVANIEI\tS\u0103laj"}