{"specializari": {"FILOLOGIE": 34, "STIINTE ALE NATURII": 55, "MATEMATICA-INFORMATICA": 48, "STIINTE SOCIALE": 34}, "limba_moderna": {"LIMBA ENGLEZA": 164, "LIMBA FRANCEZA": 7}, "limba_materna": {"LIMBA ROMANA": 171}, "promotie_anterioara": {"NU": 169, "DA": 2}, "materii": {"LIMBA ROMANA": {"medie": 8.412573099415203, "reusita": 99.41520467836257, "cnt": 171}, "ISTORIE": {"medie": 8.368382352941175, "reusita": 100.0, "cnt": 68}, "GEOGRAFIE": {"medie": 8.816037735849054, "reusita": 100.0, "cnt": 53}, "GENERAL": {"medie": 8.593274853801171, "reusita": 96.49122807017544, "cnt": 171}, "MATEMATICA ST-NAT": {"medie": 8.749999999999998, "reusita": 100.0, "cnt": 55}, "ANATOMIE SI FIZIOLOGIE UMANA, GENETICA SI ECOLOGIE UMANA": {"medie": 9.047872340425533, "reusita": 100.0, "cnt": 47}, "MATEMATICA MATE-INFO": {"medie": 8.546875, "reusita": 97.91666666666666, "cnt": 48}, "BIOLOGIE VEGETALA SI ANIMALA": {"medie": 9.375, "reusita": 100.0, "cnt": 2}, "FIZICA TEO": {"medie": 7.394736842105265, "reusita": 94.73684210526315, "cnt": 19}, "CHIMIE ORGANICA TEO NIVEL I/II": {"medie": 9.136956521739132, "reusita": 100.0, "cnt": 23}, "SOCIOLOGIE": {"medie": 9.433333333333332, "reusita": 100.0, "cnt": 3}, "INFORMATICA SN C/C++": {"medie": 9.4, "reusita": 100.0, "cnt": 1}, "PSIHOLOGIE": {"medie": 9.0, "reusita": 100.0, "cnt": 2}, "LOGICA, ARGUMENTARE SI COMUNICARE": {"medie": 9.53125, "reusita": 100.0, "cnt": 8}, "INFORMATICA MI C/C++": {"medie": 8.936363636363636, "reusita": 100.0, "cnt": 11}, "ECONOMIE": {"medie": 9.35, "reusita": 100.0, "cnt": 1}, "FILOSOFIE": {"medie": 7.75, "reusita": 100.0, "cnt": 1}}, "nume": "COLEGIUL NATIONAL \"GRIGORE MOISIL\" ONESTI\tBac\u0103u"}