{"specializari": {"MATEMATICA-INFORMATICA": 65, "FILOLOGIE": 36, "INVATATOR - EDUCATOARE": 28}, "limba_moderna": {"LIMBA ENGLEZA": 119, "LIMBA FRANCEZA": 10}, "limba_materna": {"LIMBA ROMANA": 129}, "promotie_anterioara": {"DA": 14, "NU": 115}, "materii": {"LIMBA ROMANA": {"medie": 7.541085271317831, "reusita": 99.2248062015504, "cnt": 129}, "ISTORIE": {"medie": 6.831944444444447, "reusita": 97.22222222222221, "cnt": 36}, "GEOGRAFIE": {"medie": 8.225, "reusita": 100.0, "cnt": 58}, "GENERAL": {"medie": 7.227604166666666, "reusita": 79.06976744186046, "cnt": 129}, "ANATOMIE SI FIZIOLOGIE UMANA, GENETICA SI ECOLOGIE UMANA": {"medie": 7.047499999999999, "reusita": 91.66666666666666, "cnt": 60}, "MATEMATICA MATE-INFO": {"medie": 5.693750000000001, "reusita": 76.92307692307693, "cnt": 65}, "CHIMIE ORGANICA TEO NIVEL I/II": {"medie": 7.3, "reusita": 100.0, "cnt": 1}, "PSIHOLOGIE": {"medie": 6.65, "reusita": 100.0, "cnt": 4}, "INFORMATICA MI C/C++": {"medie": 6.562500000000001, "reusita": 75.0, "cnt": 4}, "MATEMATICA PED": {"medie": 8.02142857142857, "reusita": 100.0, "cnt": 28}, "FILOSOFIE": {"medie": 8.899999999999999, "reusita": 100.0, "cnt": 2}}, "nume": "COLEGIUL NATIONAL PEDAGOGIC \"REGELE FERDINAND\" SIGHETU MARMATIEI\tMaramure\u0219"}