{"specializari": {"STIINTE SOCIALE": 39, "INVATATOR - EDUCATOARE": 77, "MATEMATICA-INFORMATICA": 24, "FILOLOGIE": 66, "STIINTE ALE NATURII": 39, "BIBLIOTECAR DOCUMENTARIST": 1}, "limba_moderna": {"LIMBA ENGLEZA": 209, "LIMBA FRANCEZA": 37}, "limba_materna": {"LIMBA ROMANA": 246}, "promotie_anterioara": {"NU": 221, "DA": 25}, "materii": {"LIMBA ROMANA": {"medie": 7.1938016528925655, "reusita": 95.1219512195122, "cnt": 246}, "ISTORIE": {"medie": 7.016019417475729, "reusita": 94.33962264150944, "cnt": 106}, "GEOGRAFIE": {"medie": 8.27843137254902, "reusita": 96.07843137254902, "cnt": 51}, "GENERAL": {"medie": 7.319917012448133, "reusita": 78.86178861788618, "cnt": 246}, "MATEMATICA ST-NAT": {"medie": 4.573076923076923, "reusita": 48.717948717948715, "cnt": 39}, "ANATOMIE SI FIZIOLOGIE UMANA, GENETICA SI ECOLOGIE UMANA": {"medie": 7.995918367346938, "reusita": 95.91836734693877, "cnt": 49}, "MATEMATICA MATE-INFO": {"medie": 6.156249999999999, "reusita": 91.66666666666666, "cnt": 24}, "FIZICA TEO": {"medie": 5.7, "reusita": 66.66666666666666, "cnt": 3}, "CHIMIE ORGANICA TEO NIVEL I/II": {"medie": 7.066666666666666, "reusita": 100.0, "cnt": 6}, "PSIHOLOGIE": {"medie": 7.4, "reusita": 100.0, "cnt": 1}, "LOGICA, ARGUMENTARE SI COMUNICARE": {"medie": 8.578225806451613, "reusita": 93.75, "cnt": 128}, "INFORMATICA MI C/C++": {"medie": 8.183333333333332, "reusita": 100.0, "cnt": 3}, "ECONOMIE": {"medie": 8.266666666666666, "reusita": 100.0, "cnt": 3}, "CHIMIE ANORGANICA TEO NIVEL I/II": {"medie": 8.0, "reusita": 100.0, "cnt": 2}, "MATEMATICA PED": {"medie": 6.68831168831169, "reusita": 90.9090909090909, "cnt": 77}}, "nume": "COLEGIUL NATIONAL PEDAGOGIC \"STEFAN ODOBLEJA\"\tMehedin\u021bi"}