{"specializari": {"TEHNICIAN TRANSPORTURI": 8, "ORGANIZATOR BANQUETING": 20, "TEHNICIAN IN TURISM": 1, "COAFOR STILIST": 8, "TEHNICIAN DESENATOR PENTRU CONSTRUCTII SI INSTALATII": 1}, "limba_moderna": {"LIMBA ENGLEZA": 38}, "limba_materna": {"LIMBA ROMANA": 38}, "promotie_anterioara": {"NU": 34, "DA": 4}, "materii": {"LIMBA ROMANA": {"medie": 6.1171428571428565, "reusita": 81.57894736842105, "cnt": 38}, "GEOGRAFIE": {"medie": 7.393103448275861, "reusita": 100.0, "cnt": 29}, "GENERAL": {"medie": 6.556862745098037, "reusita": 57.89473684210527, "cnt": 38}, "BIOLOGIE VEGETALA SI ANIMALA": {"medie": 5.008333333333334, "reusita": 33.33333333333333, "cnt": 9}, "MATEMATICA TEHN": {"medie": 6.26714285714286, "reusita": 68.42105263157895, "cnt": 38}}, "nume": "COLEGIUL TEHNIC \"DR. IOAN RATIU\" TURDA\tCluj"}