{"specializari": {"TEHNICIAN IN ACTIVITATI ECONOMICE": 18, "TEHNICIAN IN TURISM": 17, "TEHNICIAN OPERATOR PROCESARE TEXT IMAGINE": 24, "TEHNICIAN VETERINAR": 9, "TEHNICIAN ANALIZE PRODUSE ALIMENTARE": 12, "ORGANIZATOR BANQUETING": 8}, "limba_moderna": {"LIMBA ENGLEZA": 88}, "limba_materna": {"LIMBA MAGHIARA": 88}, "promotie_anterioara": {"DA": 19, "NU": 69}, "materii": {"LIMBA ROMANA": {"medie": 5.128571428571429, "reusita": 64.77272727272727, "cnt": 88}, "GEOGRAFIE": {"medie": 7.130263157894735, "reusita": 94.87179487179486, "cnt": 39}, "GENERAL": {"medie": 6.245030120481927, "reusita": 53.40909090909091, "cnt": 88}, "ANATOMIE SI FIZIOLOGIE UMANA, GENETICA SI ECOLOGIE UMANA": {"medie": 6.6324999999999985, "reusita": 95.0, "cnt": 20}, "BIOLOGIE VEGETALA SI ANIMALA": {"medie": 6.421999999999998, "reusita": 96.0, "cnt": 25}, "MATEMATICA TEHN": {"medie": 6.399425287356322, "reusita": 84.0909090909091, "cnt": 88}, "LIMBA MAGHIARA (REAL)": {"medie": 6.513372093023257, "reusita": 95.45454545454545, "cnt": 88}, "ECONOMIE": {"medie": 8.0625, "reusita": 100.0, "cnt": 4}}, "nume": "COLEGIUL TEHNIC \"BATTHYANY IGNAC\" GHEORGHENI\tHarghita"}