{"specializari": {"TEHNICIAN IN ACTIVITATI ECONOMICE": 57, "TEHNICIAN IN ADMINISTRATIE": 30, "TEHNICIAN IN ACHIZITII SI CONTRACTARI": 48, "TEHNICIAN IN TURISM": 24, "ORGANIZATOR BANQUETING": 21, "TEHNICIAN IN GASTRONOMIE": 22}, "limba_moderna": {"LIMBA FRANCEZA": 15, "LIMBA ENGLEZA": 187}, "limba_materna": {"LIMBA ROMANA": 202}, "promotie_anterioara": {"NU": 196, "DA": 6}, "materii": {"LIMBA ROMANA": {"medie": 7.739552238805969, "reusita": 98.51485148514851, "cnt": 202}, "GEOGRAFIE": {"medie": 8.805612244897961, "reusita": 98.98989898989899, "cnt": 198}, "GENERAL": {"medie": 8.30091666666667, "reusita": 96.03960396039604, "cnt": 202}, "MATEMATICA TEHN": {"medie": 8.342039800995023, "reusita": 98.51485148514851, "cnt": 202}, "PSIHOLOGIE": {"medie": 7.55, "reusita": 100.0, "cnt": 1}, "ECONOMIE": {"medie": 8.466666666666667, "reusita": 100.0, "cnt": 3}}, "nume": "COLEGIUL ECONOMIC \"MIHAIL KOGALNICEANU\" FOCSANI\tVrancea"}