{"specializari": {"TEHNICIAN ELECTRICIAN/ELECTRONIST AUTO": 15, "TEHNICIAN IN INSTALATII ELECTRICE": 2, "TEHNICIAN TRANSPORTURI": 16, "TEHNICIAN MECATRONIST": 8, "FILOLOGIE": 6, "STIINTE ALE NATURII": 1}, "limba_moderna": {"LIMBA ENGLEZA": 47, "LIMBA FRANCEZA": 1}, "limba_materna": {"LIMBA ROMANA": 48}, "promotie_anterioara": {"DA": 29, "NU": 19}, "materii": {"LIMBA ROMANA": {"medie": 5.045555555555556, "reusita": 66.66666666666666, "cnt": 48}, "ISTORIE": {"medie": 6.49, "reusita": 83.33333333333334, "cnt": 6}, "GENERAL": {"medie": 5.019841269841268, "reusita": 18.75, "cnt": 48}, "MATEMATICA ST-NAT": {"medie": 2.3, "reusita": 0.0, "cnt": 1}, "BIOLOGIE VEGETALA SI ANIMALA": {"medie": 4.472857142857142, "reusita": 43.24324324324324, "cnt": 37}, "MATEMATICA TEHN": {"medie": 5.216216216216216, "reusita": 68.29268292682927, "cnt": 41}, "SOCIOLOGIE": {"medie": 6.480000000000001, "reusita": 80.0, "cnt": 5}, "LOGICA, ARGUMENTARE SI COMUNICARE": {"medie": 8.3, "reusita": 100.0, "cnt": 1}, "FIZICA TEH": {"medie": 4.987500000000001, "reusita": 60.0, "cnt": 5}}, "nume": "COLEGIUL TEHNIC DE TRANSPORTURI, MUNICIPIUL PIATRA-NEAMT\tNeam\u021b"}