{"specializari": {"STIINTE ALE NATURII": 21, "MATEMATICA-INFORMATICA": 14, "FILOLOGIE": 25}, "limba_moderna": {"LIMBA ENGLEZA": 58, "LIMBA GERMANA MODERNA": 2}, "limba_materna": {"LIMBA ROMANA": 60}, "promotie_anterioara": {"NU": 45, "DA": 15}, "materii": {"LIMBA ROMANA": {"medie": 7.085087719298242, "reusita": 91.66666666666666, "cnt": 60}, "ISTORIE": {"medie": 6.782, "reusita": 96.0, "cnt": 25}, "GEOGRAFIE": {"medie": 8.080000000000002, "reusita": 100.0, "cnt": 10}, "GENERAL": {"medie": 6.978273809523808, "reusita": 70.0, "cnt": 60}, "MATEMATICA ST-NAT": {"medie": 5.757499999999999, "reusita": 71.42857142857143, "cnt": 21}, "ANATOMIE SI FIZIOLOGIE UMANA, GENETICA SI ECOLOGIE UMANA": {"medie": 7.4, "reusita": 100.0, "cnt": 5}, "MATEMATICA MATE-INFO": {"medie": 5.838461538461538, "reusita": 85.71428571428571, "cnt": 14}, "BIOLOGIE VEGETALA SI ANIMALA": {"medie": 6.67, "reusita": 78.26086956521739, "cnt": 23}, "CHIMIE ORGANICA TEO NIVEL I/II": {"medie": 8.65, "reusita": 100.0, "cnt": 2}, "PSIHOLOGIE": {"medie": 8.466666666666667, "reusita": 100.0, "cnt": 3}, "LOGICA, ARGUMENTARE SI COMUNICARE": {"medie": 8.3875, "reusita": 100.0, "cnt": 12}, "INFORMATICA MI C/C++": {"medie": 7.45, "reusita": 100.0, "cnt": 5}}, "nume": "COLEGIUL NATIONAL \"MIRCEA ELIADE\" RESITA\tCara\u0219-Severin"}