{"specializari": {"TEHNICIAN IN ACTIVITATI ECONOMICE": 67, "TEHNICIAN IN ACTIVITATI DE COMERT": 16, "TEHNICIAN IN GASTRONOMIE": 17, "TEHNICIAN IN TURISM": 20, "MATEMATICA-INFORMATICA": 15}, "limba_moderna": {"LIMBA ENGLEZA": 131, "LIMBA FRANCEZA": 4}, "limba_materna": {"LIMBA ROMANA": 135}, "promotie_anterioara": {"DA": 24, "NU": 111}, "materii": {"LIMBA ROMANA": {"medie": 6.312313432835822, "reusita": 94.07407407407408, "cnt": 135}, "GEOGRAFIE": {"medie": 7.842361111111111, "reusita": 98.63013698630137, "cnt": 73}, "GENERAL": {"medie": 6.511704834605601, "reusita": 62.22222222222222, "cnt": 135}, "ANATOMIE SI FIZIOLOGIE UMANA, GENETICA SI ECOLOGIE UMANA": {"medie": 7.65, "reusita": 100.0, "cnt": 1}, "MATEMATICA MATE-INFO": {"medie": 6.393333333333333, "reusita": 93.33333333333333, "cnt": 15}, "BIOLOGIE VEGETALA SI ANIMALA": {"medie": 5.2124999999999995, "reusita": 62.5, "cnt": 8}, "FIZICA TEO": {"medie": 5.45, "reusita": 100.0, "cnt": 1}, "MATEMATICA TEHN": {"medie": 6.408474576271189, "reusita": 83.33333333333334, "cnt": 120}, "PSIHOLOGIE": {"medie": 5.2214285714285715, "reusita": 62.7906976744186, "cnt": 43}, "ECONOMIE": {"medie": 5.525, "reusita": 50.0, "cnt": 4}, "INFORMATICA MI PASCAL": {"medie": 7.08, "reusita": 100.0, "cnt": 5}}, "nume": "COLEGIUL ECONOMIC CALARASI\tC\u0103l\u0103ra\u0219i"}