{"specializari": {"ORGANIZATOR BANQUETING": 11, "TEHNICIAN IN ACHIZITII SI CONTRACTARI": 28, "TEHNICIAN IN TURISM": 46, "TEHNICIAN IN ACTIVITATI DE COMERT": 1, "TEHNICIAN IN GASTRONOMIE": 6, "TEHNICIAN IN ACTIVITATI ECONOMICE": 44, "TEHNICIAN IN HOTELARIE": 3}, "limba_moderna": {"LIMBA ENGLEZA": 125, "LIMBA GERMANA MODERNA": 1, "LIMBA FRANCEZA": 11, "LIMBA ITALIANA": 2}, "limba_materna": {"LIMBA ROMANA": 139}, "promotie_anterioara": {"NU": 109, "DA": 30}, "materii": {"LIMBA ROMANA": {"medie": 6.694117647058825, "reusita": 94.24460431654677, "cnt": 139}, "GEOGRAFIE": {"medie": 7.100390624999999, "reusita": 88.7218045112782, "cnt": 133}, "GENERAL": {"medie": 6.492366412213737, "reusita": 57.55395683453237, "cnt": 139}, "MATEMATICA TEHN": {"medie": 5.732720588235294, "reusita": 71.94244604316546, "cnt": 139}, "ECONOMIE": {"medie": 3.5749999999999997, "reusita": 33.33333333333333, "cnt": 6}}, "nume": "COLEGIUL ECONOMIC \"HERMES\" PETROSANI\tHunedoara"}