{"specializari": {"MATEMATICA-INFORMATICA": 43, "STIINTE ALE NATURII": 86, "FILOLOGIE": 31}, "limba_moderna": {"LIMBA ENGLEZA": 150, "LIMBA FRANCEZA": 10}, "limba_materna": {"LIMBA ROMANA": 160}, "promotie_anterioara": {"NU": 159, "DA": 1}, "materii": {"LIMBA ROMANA": {"medie": 8.445, "reusita": 99.375, "cnt": 160}, "ISTORIE": {"medie": 8.654838709677419, "reusita": 100.0, "cnt": 31}, "GEOGRAFIE": {"medie": 9.302272727272728, "reusita": 100.0, "cnt": 22}, "GENERAL": {"medie": 8.794999999999998, "reusita": 98.125, "cnt": 160}, "MATEMATICA ST-NAT": {"medie": 9.111627906976743, "reusita": 100.0, "cnt": 86}, "ANATOMIE SI FIZIOLOGIE UMANA, GENETICA SI ECOLOGIE UMANA": {"medie": 9.008333333333333, "reusita": 100.0, "cnt": 60}, "MATEMATICA MATE-INFO": {"medie": 8.640697674418604, "reusita": 100.0, "cnt": 43}, "BIOLOGIE VEGETALA SI ANIMALA": {"medie": 7.8, "reusita": 100.0, "cnt": 1}, "FIZICA TEO": {"medie": 9.20625, "reusita": 100.0, "cnt": 16}, "CHIMIE ORGANICA TEO NIVEL I/II": {"medie": 9.092, "reusita": 100.0, "cnt": 25}, "SOCIOLOGIE": {"medie": 8.4125, "reusita": 100.0, "cnt": 8}, "INFORMATICA SN C/C++": {"medie": 8.95, "reusita": 100.0, "cnt": 1}, "PSIHOLOGIE": {"medie": 8.75, "reusita": 100.0, "cnt": 1}, "INFORMATICA MI C/C++": {"medie": 9.08695652173913, "reusita": 100.0, "cnt": 23}, "CHIMIE ANORGANICA TEO NIVEL I/II": {"medie": 8.466666666666667, "reusita": 100.0, "cnt": 3}}, "nume": "COLEGIUL NATIONAL \"MOISE NICOARA\" ARAD\tArad"}