{"specializari": {"TEHNICIAN MECATRONIST": 6, "TEHNICIAN IN AGROTURISM": 5, "TEHNICIAN VETERINAR": 15, "TEHNICIAN IN AUTOMATIZARI": 2, "TEHNICIAN AGROMONTAN": 3, "TEHNICIAN ANALIZE PRODUSE ALIMENTARE": 18, "TEHNICIAN IN INDUSTRIA ALIMENTARA": 20, "TEHNICIAN ECOLOG SI PROTECTIA CALITATII MEDIULUI": 24, "TEHNICIAN TRANSPORTURI": 13, "TEHNICIAN DESENATOR PENTRU CONSTRUCTII SI INSTALATII": 3, "TEHNICIAN HIDRO-METEOROLOG": 1, "TEHNICIAN MECANIC PENTRU INTRETINERE SI REPARATII": 2, "TEHNICIAN ELECTRONIST": 1, "TEHNICIAN ELECTROMECANIC": 1}, "limba_moderna": {"LIMBA ENGLEZA": 85, "LIMBA FRANCEZA": 29}, "limba_materna": {"LIMBA ROMANA": 114}, "promotie_anterioara": {"DA": 65, "NU": 49}, "materii": {"LIMBA ROMANA": {"medie": 5.530188679245282, "reusita": 76.31578947368422, "cnt": 114}, "GENERAL": {"medie": 5.096276595744682, "reusita": 19.298245614035086, "cnt": 114}, "ANATOMIE SI FIZIOLOGIE UMANA, GENETICA SI ECOLOGIE UMANA": {"medie": 4.685714285714285, "reusita": 50.0, "cnt": 8}, "BIOLOGIE VEGETALA SI ANIMALA": {"medie": 5.328205128205128, "reusita": 62.06896551724138, "cnt": 87}, "MATEMATICA TEHN": {"medie": 4.011057692307693, "reusita": 44.73684210526316, "cnt": 114}, "CHIMIE ANORGANICA TEH NIVEL I/II": {"medie": 6.4, "reusita": 90.9090909090909, "cnt": 11}, "FIZICA TEH": {"medie": 5.564285714285714, "reusita": 71.42857142857143, "cnt": 7}, "CHIMIE ORGANICA TEH NIVEL I/II": {"medie": 5.0, "reusita": 100.0, "cnt": 1}}, "nume": "COLEGIUL TEHNIC \"VALERIU D. COTEA\" FOCSANI\tVrancea"}