{"specializari": {"FILOLOGIE": 29, "STIINTE SOCIALE": 61, "MATEMATICA-INFORMATICA": 16, "STIINTE ALE NATURII": 39}, "limba_moderna": {"LIMBA ENGLEZA": 127, "LIMBA FRANCEZA": 18}, "limba_materna": {"LIMBA ROMANA": 145}, "promotie_anterioara": {"NU": 142, "DA": 3}, "materii": {"LIMBA ROMANA": {"medie": 7.367361111111112, "reusita": 98.62068965517241, "cnt": 145}, "ISTORIE": {"medie": 7.842696629213481, "reusita": 98.88888888888889, "cnt": 90}, "GEOGRAFIE": {"medie": 8.51408450704225, "reusita": 100.0, "cnt": 71}, "GENERAL": {"medie": 7.66759259259259, "reusita": 93.79310344827586, "cnt": 145}, "MATEMATICA ST-NAT": {"medie": 6.910256410256409, "reusita": 97.43589743589743, "cnt": 39}, "ANATOMIE SI FIZIOLOGIE UMANA, GENETICA SI ECOLOGIE UMANA": {"medie": 7.270967741935482, "reusita": 100.0, "cnt": 31}, "MATEMATICA MATE-INFO": {"medie": 6.681249999999999, "reusita": 93.75, "cnt": 16}, "BIOLOGIE VEGETALA SI ANIMALA": {"medie": 8.066666666666668, "reusita": 100.0, "cnt": 3}, "CHIMIE ORGANICA TEO NIVEL I/II": {"medie": 8.375, "reusita": 100.0, "cnt": 2}, "SOCIOLOGIE": {"medie": 6.9, "reusita": 100.0, "cnt": 1}, "INFORMATICA SN C/C++": {"medie": 5.883333333333333, "reusita": 100.0, "cnt": 3}, "LOGICA, ARGUMENTARE SI COMUNICARE": {"medie": 8.793750000000001, "reusita": 94.11764705882352, "cnt": 17}, "INFORMATICA MI C/C++": {"medie": 7.706250000000001, "reusita": 100.0, "cnt": 8}, "CHIMIE ANORGANICA TEO NIVEL I/II": {"medie": 8.981250000000001, "reusita": 100.0, "cnt": 8}, "FILOSOFIE": {"medie": 7.5, "reusita": 100.0, "cnt": 1}}, "nume": "COLEGIUL \"MIHAI EMINESCU\" BACAU\tBac\u0103u"}