{"specializari": {"STIINTE ALE NATURII": 55, "STIINTE SOCIALE": 39, "MATEMATICA-INFORMATICA": 48, "LICEU CU PROGRAM SPORTIV": 31, "FILOLOGIE": 56}, "limba_moderna": {"LIMBA FRANCEZA": 60, "LIMBA ENGLEZA": 169}, "limba_materna": {"LIMBA ROMANA": 229}, "promotie_anterioara": {"NU": 219, "DA": 10}, "materii": {"LIMBA ROMANA": {"medie": 7.191741071428574, "reusita": 95.63318777292577, "cnt": 229}, "ISTORIE": {"medie": 7.260655737704921, "reusita": 96.03174603174604, "cnt": 126}, "GEOGRAFIE": {"medie": 8.244594594594595, "reusita": 94.87179487179486, "cnt": 78}, "GENERAL": {"medie": 7.456006006006007, "reusita": 86.02620087336244, "cnt": 229}, "MATEMATICA ST-NAT": {"medie": 7.3054545454545465, "reusita": 96.36363636363636, "cnt": 55}, "ANATOMIE SI FIZIOLOGIE UMANA, GENETICA SI ECOLOGIE UMANA": {"medie": 7.599375, "reusita": 95.06172839506173, "cnt": 81}, "MATEMATICA MATE-INFO": {"medie": 7.211702127659574, "reusita": 89.58333333333334, "cnt": 48}, "BIOLOGIE VEGETALA SI ANIMALA": {"medie": 8.116666666666665, "reusita": 100.0, "cnt": 3}, "FIZICA TEO": {"medie": 6.214285714285714, "reusita": 100.0, "cnt": 7}, "CHIMIE ORGANICA TEO NIVEL I/II": {"medie": 5.2, "reusita": 50.0, "cnt": 4}, "INFORMATICA SN C/C++": {"medie": 7.95, "reusita": 100.0, "cnt": 4}, "PSIHOLOGIE": {"medie": 8.725, "reusita": 100.0, "cnt": 4}, "LOGICA, ARGUMENTARE SI COMUNICARE": {"medie": 8.032954545454542, "reusita": 90.9090909090909, "cnt": 44}, "INFORMATICA MI C/C++": {"medie": 7.875, "reusita": 100.0, "cnt": 4}}, "nume": "COLEGIUL NATIONAL \"NICOLAE TITULESCU\" CRAIOVA\tDolj"}