{"specializari": {"STIINTE ALE NATURII": 27, "MATEMATICA-INFORMATICA": 108, "STIINTE SOCIALE": 31, "FILOLOGIE": 31, "TEHNICIAN IN ACTIVITATI ECONOMICE": 1}, "limba_moderna": {"LIMBA ENGLEZA": 190, "LIMBA FRANCEZA": 8}, "limba_materna": {"LIMBA ROMANA": 198}, "promotie_anterioara": {"NU": 195, "DA": 3}, "materii": {"LIMBA ROMANA": {"medie": 8.06675126903553, "reusita": 99.4949494949495, "cnt": 198}, "ISTORIE": {"medie": 8.78032786885246, "reusita": 98.38709677419355, "cnt": 62}, "GEOGRAFIE": {"medie": 9.237499999999999, "reusita": 96.96969696969697, "cnt": 33}, "GENERAL": {"medie": 8.686548223350252, "reusita": 97.97979797979798, "cnt": 198}, "MATEMATICA ST-NAT": {"medie": 8.803703703703704, "reusita": 100.0, "cnt": 27}, "ANATOMIE SI FIZIOLOGIE UMANA, GENETICA SI ECOLOGIE UMANA": {"medie": 8.76086956521739, "reusita": 100.0, "cnt": 46}, "MATEMATICA MATE-INFO": {"medie": 9.037962962962961, "reusita": 100.0, "cnt": 108}, "BIOLOGIE VEGETALA SI ANIMALA": {"medie": 9.138888888888888, "reusita": 100.0, "cnt": 9}, "FIZICA TEO": {"medie": 8.96639344262295, "reusita": 100.0, "cnt": 61}, "MATEMATICA TEHN": {"medie": 6.65, "reusita": 100.0, "cnt": 1}, "CHIMIE ORGANICA TEO NIVEL I/II": {"medie": 9.373529411764707, "reusita": 100.0, "cnt": 17}, "SOCIOLOGIE": {"medie": 9.5, "reusita": 100.0, "cnt": 3}, "PSIHOLOGIE": {"medie": 9.3, "reusita": 100.0, "cnt": 2}, "LOGICA, ARGUMENTARE SI COMUNICARE": {"medie": 9.655000000000001, "reusita": 100.0, "cnt": 20}, "INFORMATICA MI C/C++": {"medie": 8.575, "reusita": 100.0, "cnt": 2}, "ECONOMIE": {"medie": 8.809999999999999, "reusita": 100.0, "cnt": 5}}, "nume": "COLEGIUL NATIONAL \"MIHAI VITEAZUL\" SLOBOZIA\tIalomi\u021ba"}