{"specializari": {"STIINTE ALE NATURII": 30, "STIINTE SOCIALE": 30, "MATEMATICA-INFORMATICA": 49}, "limba_moderna": {"LIMBA ENGLEZA": 97, "LIMBA GERMANA MODERNA": 11, "LIMBA FRANCEZA": 1}, "limba_materna": {"LIMBA MAGHIARA": 109}, "promotie_anterioara": {"NU": 108, "DA": 1}, "materii": {"LIMBA ROMANA": {"medie": 7.183027522935783, "reusita": 93.57798165137615, "cnt": 109}, "ISTORIE": {"medie": 6.973333333333334, "reusita": 93.33333333333333, "cnt": 30}, "GEOGRAFIE": {"medie": 7.6684210526315795, "reusita": 95.0, "cnt": 20}, "GENERAL": {"medie": 8.148481308411215, "reusita": 90.82568807339449, "cnt": 109}, "MATEMATICA ST-NAT": {"medie": 8.133333333333335, "reusita": 100.0, "cnt": 30}, "ANATOMIE SI FIZIOLOGIE UMANA, GENETICA SI ECOLOGIE UMANA": {"medie": 8.368518518518515, "reusita": 100.0, "cnt": 54}, "MATEMATICA MATE-INFO": {"medie": 8.61938775510204, "reusita": 100.0, "cnt": 49}, "BIOLOGIE VEGETALA SI ANIMALA": {"medie": 9.121428571428572, "reusita": 100.0, "cnt": 7}, "FIZICA TEO": {"medie": 7.75, "reusita": 100.0, "cnt": 4}, "CHIMIE ORGANICA TEO NIVEL I/II": {"medie": 9.185714285714287, "reusita": 100.0, "cnt": 7}, "LIMBA MAGHIARA (REAL)": {"medie": 9.327848101265824, "reusita": 100.0, "cnt": 79}, "LIMBA MAGHIARA (UMAN)": {"medie": 7.705172413793103, "reusita": 93.33333333333333, "cnt": 30}, "LOGICA, ARGUMENTARE SI COMUNICARE": {"medie": 8.43, "reusita": 100.0, "cnt": 10}, "INFORMATICA MI C/C++": {"medie": 7.790000000000001, "reusita": 100.0, "cnt": 5}, "CHIMIE ANORGANICA TEO NIVEL I/II": {"medie": 9.25, "reusita": 100.0, "cnt": 2}}, "nume": "COLEGIUL NATIONAL \"SZEKELY MIKO\" SFANTU GHEORGHE\tCovasna"}