{"specializari": {"STIINTE ALE NATURII": 19, "STIINTE SOCIALE": 28, "FILOLOGIE": 20, "MATEMATICA-INFORMATICA": 26, "INVATATOR - EDUCATOARE": 1}, "limba_moderna": {"LIMBA ENGLEZA": 92, "LIMBA GERMANA MODERNA": 1, "LIMBA FRANCEZA": 1}, "limba_materna": {"LIMBA ROMANA": 94}, "promotie_anterioara": {"NU": 91, "DA": 3}, "materii": {"LIMBA ROMANA": {"medie": 7.513297872340429, "reusita": 98.93617021276596, "cnt": 94}, "ISTORIE": {"medie": 8.519791666666668, "reusita": 100.0, "cnt": 48}, "GEOGRAFIE": {"medie": 8.191666666666668, "reusita": 97.22222222222221, "cnt": 36}, "GENERAL": {"medie": 8.177836879432624, "reusita": 96.80851063829788, "cnt": 94}, "MATEMATICA ST-NAT": {"medie": 7.665789473684209, "reusita": 94.73684210526315, "cnt": 19}, "ANATOMIE SI FIZIOLOGIE UMANA, GENETICA SI ECOLOGIE UMANA": {"medie": 8.748387096774193, "reusita": 100.0, "cnt": 31}, "MATEMATICA MATE-INFO": {"medie": 8.88653846153846, "reusita": 100.0, "cnt": 26}, "FIZICA TEO": {"medie": 8.583333333333334, "reusita": 100.0, "cnt": 9}, "CHIMIE ORGANICA TEO NIVEL I/II": {"medie": 9.225, "reusita": 100.0, "cnt": 2}, "SOCIOLOGIE": {"medie": 8.55, "reusita": 100.0, "cnt": 1}, "PSIHOLOGIE": {"medie": 8.75, "reusita": 100.0, "cnt": 2}, "LOGICA, ARGUMENTARE SI COMUNICARE": {"medie": 9.161111111111111, "reusita": 100.0, "cnt": 9}, "INFORMATICA MI C/C++": {"medie": 8.783333333333333, "reusita": 100.0, "cnt": 3}, "MATEMATICA PED": {"medie": 8.35, "reusita": 100.0, "cnt": 1}, "FILOSOFIE": {"medie": 9.25, "reusita": 100.0, "cnt": 1}}, "nume": "COLEGIUL NATIONAL \"MIHAI VITEAZUL\" SFANTU GHEORGHE\tCovasna"}