{"specializari": {"MATEMATICA-INFORMATICA": 38, "TEHNICIAN IN TURISM": 26, "ORGANIZATOR BANQUETING": 17, "FILOLOGIE": 36, "TEHNICIAN MECANIC PENTRU INTRETINERE SI REPARATII": 2, "TEHNICIAN IN GASTRONOMIE": 1}, "limba_moderna": {"LIMBA ENGLEZA": 103, "LIMBA FRANCEZA": 17}, "limba_materna": {"LIMBA ROMANA": 120}, "promotie_anterioara": {"NU": 110, "DA": 10}, "materii": {"LIMBA ROMANA": {"medie": 7.540336134453782, "reusita": 95.83333333333334, "cnt": 120}, "ISTORIE": {"medie": 7.640277777777777, "reusita": 100.0, "cnt": 36}, "GEOGRAFIE": {"medie": 7.559285714285712, "reusita": 90.14084507042254, "cnt": 71}, "GENERAL": {"medie": 7.458615819209039, "reusita": 77.5, "cnt": 120}, "ANATOMIE SI FIZIOLOGIE UMANA, GENETICA SI ECOLOGIE UMANA": {"medie": 8.625, "reusita": 100.0, "cnt": 2}, "MATEMATICA MATE-INFO": {"medie": 8.011842105263158, "reusita": 97.36842105263158, "cnt": 38}, "BIOLOGIE VEGETALA SI ANIMALA": {"medie": 7.656249999999999, "reusita": 87.5, "cnt": 8}, "FIZICA TEO": {"medie": 7.8076923076923075, "reusita": 100.0, "cnt": 13}, "MATEMATICA TEHN": {"medie": 6.062222222222222, "reusita": 73.91304347826086, "cnt": 46}, "CHIMIE ORGANICA TEO NIVEL I/II": {"medie": 8.466666666666669, "reusita": 100.0, "cnt": 12}, "SOCIOLOGIE": {"medie": 6.699999999999999, "reusita": 100.0, "cnt": 2}, "PSIHOLOGIE": {"medie": 6.625, "reusita": 100.0, "cnt": 2}, "LOGICA, ARGUMENTARE SI COMUNICARE": {"medie": 6.2, "reusita": 66.66666666666666, "cnt": 3}, "INFORMATICA MI C/C++": {"medie": 8.45, "reusita": 100.0, "cnt": 1}, "ECONOMIE": {"medie": 7.949999999999999, "reusita": 100.0, "cnt": 2}, "FIZICA TEH": {"medie": 5.25, "reusita": 100.0, "cnt": 1}, "CHIMIE ANORGANICA TEO NIVEL I/II": {"medie": 9.2, "reusita": 100.0, "cnt": 1}, "INFORMATICA MI PASCAL": {"medie": 6.975, "reusita": 100.0, "cnt": 2}}, "nume": "COLEGIUL \"MIHAIL CANTACUZINO\", ORASUL SINAIA\tPrahova"}