{"specializari": {"MATEMATICA-INFORMATICA": 50, "FILOLOGIE": 38, "STIINTE ALE NATURII": 20}, "limba_moderna": {"LIMBA ENGLEZA": 69, "LIMBA GERMANA MODERNA": 29, "LIMBA FRANCEZA": 10}, "limba_materna": {"LIMBA ROMANA": 108}, "promotie_anterioara": {"NU": 102, "DA": 6}, "materii": {"LIMBA ROMANA": {"medie": 7.299065420560746, "reusita": 93.51851851851852, "cnt": 108}, "ISTORIE": {"medie": 7.455263157894737, "reusita": 100.0, "cnt": 38}, "GEOGRAFIE": {"medie": 9.75, "reusita": 100.0, "cnt": 1}, "GENERAL": {"medie": 7.778193146417449, "reusita": 90.74074074074075, "cnt": 108}, "MATEMATICA ST-NAT": {"medie": 7.1899999999999995, "reusita": 100.0, "cnt": 20}, "ANATOMIE SI FIZIOLOGIE UMANA, GENETICA SI ECOLOGIE UMANA": {"medie": 7.741666666666666, "reusita": 100.0, "cnt": 12}, "MATEMATICA MATE-INFO": {"medie": 7.7459183673469365, "reusita": 94.0, "cnt": 50}, "BIOLOGIE VEGETALA SI ANIMALA": {"medie": 7.79166666666667, "reusita": 97.67441860465115, "cnt": 43}, "CHIMIE ORGANICA TEO NIVEL I/II": {"medie": 9.45, "reusita": 100.0, "cnt": 1}, "LOGICA, ARGUMENTARE SI COMUNICARE": {"medie": 9.312162162162162, "reusita": 100.0, "cnt": 37}, "INFORMATICA MI C/C++": {"medie": 8.946428571428571, "reusita": 100.0, "cnt": 14}}, "nume": "COLEGIUL NATIONAL \"TRAIAN DODA\" CARANSEBES\tCara\u0219-Severin"}