{"specializari": {"TEHNICIAN OPERATOR TEHNICA DE CALCUL": 20, "TEHNICIAN IN AUTOMATIZARI": 3, "TEHNICIAN ECOLOG SI PROTECTIA CALITATII MEDIULUI": 19, "TEHNICIAN TRANSPORTURI": 7, "TEHNICIAN MECATRONIST": 2, "TEHNICIAN ELECTROTEHNIST": 2, "MATEMATICA-INFORMATICA": 1, "TEHNICIAN MECANIC PENTRU INTRETINERE SI REPARATII": 4}, "limba_moderna": {"LIMBA FRANCEZA": 8, "LIMBA ENGLEZA": 50}, "limba_materna": {"LIMBA ROMANA": 58}, "promotie_anterioara": {"NU": 36, "DA": 22}, "materii": {"LIMBA ROMANA": {"medie": 4.767307692307692, "reusita": 55.172413793103445, "cnt": 58}, "GENERAL": {"medie": 4.370289855072465, "reusita": 12.068965517241379, "cnt": 58}, "ANATOMIE SI FIZIOLOGIE UMANA, GENETICA SI ECOLOGIE UMANA": {"medie": 5.575000000000002, "reusita": 47.368421052631575, "cnt": 19}, "MATEMATICA MATE-INFO": {"medie": 5.0, "reusita": 100.0, "cnt": 1}, "BIOLOGIE VEGETALA SI ANIMALA": {"medie": 3.757575757575758, "reusita": 21.62162162162162, "cnt": 37}, "MATEMATICA TEHN": {"medie": 3.7260000000000004, "reusita": 33.33333333333333, "cnt": 57}, "FIZICA TEH": {"medie": 2.5, "reusita": 0.0, "cnt": 2}}, "nume": "COLEGIUL TEHNIC \"HENRI COANDA\" TG-JIU\tGorj"}