{"specializari": {"ARTE PLASTICE SI DECORATIVE": 23, "MUZICA": 28, "ARHITECTURA, ARTE AMBIENTALE SI DESIGN": 31}, "limba_moderna": {"LIMBA ENGLEZA": 81, "LIMBA FRANCEZA": 1}, "limba_materna": {"LIMBA ROMANA": 82}, "promotie_anterioara": {"NU": 80, "DA": 2}, "materii": {"LIMBA ROMANA": {"medie": 7.856707317073175, "reusita": 100.0, "cnt": 82}, "ISTORIE": {"medie": 7.284756097560973, "reusita": 96.34146341463415, "cnt": 82}, "GEOGRAFIE": {"medie": 8.029999999999998, "reusita": 100.0, "cnt": 15}, "GENERAL": {"medie": 7.753048780487802, "reusita": 89.02439024390245, "cnt": 82}, "PSIHOLOGIE": {"medie": 5.1, "reusita": 50.0, "cnt": 2}, "LOGICA, ARGUMENTARE SI COMUNICARE": {"medie": 8.58780487804878, "reusita": 97.5609756097561, "cnt": 41}, "FILOSOFIE": {"medie": 7.620833333333333, "reusita": 100.0, "cnt": 24}}, "nume": "COLEGIUL DE ARTE BAIA MARE\tMaramure\u0219"}