{"specializari": {"MATEMATICA-INFORMATICA": 26, "STIINTE SOCIALE": 66, "FILOLOGIE": 24}, "limba_moderna": {"LIMBA ENGLEZA": 116}, "limba_materna": {"LIMBA ROMANA": 116}, "promotie_anterioara": {"NU": 116}, "materii": {"LIMBA ROMANA": {"medie": 8.299568965517242, "reusita": 100.0, "cnt": 116}, "ISTORIE": {"medie": 9.266111111111108, "reusita": 100.0, "cnt": 90}, "GEOGRAFIE": {"medie": 8.915624999999999, "reusita": 100.0, "cnt": 16}, "GENERAL": {"medie": 8.939224137931035, "reusita": 100.0, "cnt": 116}, "ANATOMIE SI FIZIOLOGIE UMANA, GENETICA SI ECOLOGIE UMANA": {"medie": 9.38, "reusita": 100.0, "cnt": 5}, "MATEMATICA MATE-INFO": {"medie": 8.948076923076922, "reusita": 100.0, "cnt": 26}, "BIOLOGIE VEGETALA SI ANIMALA": {"medie": 9.309999999999999, "reusita": 100.0, "cnt": 5}, "CHIMIE ORGANICA TEO NIVEL I/II": {"medie": 9.25, "reusita": 100.0, "cnt": 4}, "SOCIOLOGIE": {"medie": 9.125, "reusita": 100.0, "cnt": 4}, "PSIHOLOGIE": {"medie": 9.7, "reusita": 100.0, "cnt": 1}, "LOGICA, ARGUMENTARE SI COMUNICARE": {"medie": 9.505555555555556, "reusita": 100.0, "cnt": 63}, "INFORMATICA MI C/C++": {"medie": 9.018181818181818, "reusita": 100.0, "cnt": 11}, "ECONOMIE": {"medie": 8.85, "reusita": 100.0, "cnt": 2}, "CHIMIE ANORGANICA TEO NIVEL I/II": {"medie": 9.25, "reusita": 100.0, "cnt": 1}, "FILOSOFIE": {"medie": 9.3, "reusita": 100.0, "cnt": 4}}, "nume": "COLEGIUL NATIONAL \"GHEORGHE SINCAI\" CLUJ-NAPOCA\tCluj"}