{"specializari": {"TEHNICIAN DESENATOR PENTRU CONSTRUCTII SI INSTALATII": 23, "TEHNICIAN IN INSTALATII ELECTRICE": 17, "TEHNICIAN MECANIC PENTRU INTRETINERE SI REPARATII": 43, "TEHNICIAN ELECTROTEHNIST": 5, "TEHNICIAN IN ACTIVITATI ECONOMICE": 2, "STIINTE ALE NATURII": 17, "TEHNICIAN INSTALATOR PENTRU CONSTRUCTII": 2, "TEHNICIAN CHIMIST DE LABORATOR": 22, "TEHNICIAN ELECTROMECANIC": 6, "TEHNICIAN MECATRONIST": 4, "TEHNICIAN IN INDUSTRIA MATERIALELOR DE CONSTRUCTII": 1, "TEHNICIAN ECOLOG SI PROTECTIA CALITATII MEDIULUI": 1, "TEHNICIAN IN CONSTRUCTII SI LUCRARI PUBLICE": 3}, "limba_moderna": {"LIMBA ENGLEZA": 132, "LIMBA FRANCEZA": 14}, "limba_materna": {"LIMBA ROMANA": 146}, "promotie_anterioara": {"NU": 58, "DA": 88}, "materii": {"LIMBA ROMANA": {"medie": 4.999640287769784, "reusita": 65.06849315068493, "cnt": 146}, "GEOGRAFIE": {"medie": 5.1, "reusita": 100.0, "cnt": 2}, "GENERAL": {"medie": 4.654199475065618, "reusita": 17.123287671232877, "cnt": 146}, "MATEMATICA ST-NAT": {"medie": 3.825, "reusita": 52.94117647058824, "cnt": 17}, "ANATOMIE SI FIZIOLOGIE UMANA, GENETICA SI ECOLOGIE UMANA": {"medie": 4.840000000000001, "reusita": 40.0, "cnt": 5}, "BIOLOGIE VEGETALA SI ANIMALA": {"medie": 4.519801980198022, "reusita": 49.549549549549546, "cnt": 111}, "FIZICA TEO": {"medie": 3.65, "reusita": 0.0, "cnt": 1}, "MATEMATICA TEHN": {"medie": 4.505371900826445, "reusita": 56.58914728682171, "cnt": 129}, "CHIMIE ANORGANICA TEH NIVEL I/II": {"medie": 4.63, "reusita": 41.17647058823529, "cnt": 17}, "FIZICA TEH": {"medie": 4.393749999999999, "reusita": 55.55555555555556, "cnt": 9}, "CHIMIE ORGANICA TEH NIVEL I/II": {"medie": 2.3, "reusita": 0.0, "cnt": 1}}, "nume": "COLEGIUL TEHNIC \"MIHAI BRAVU\"\tBucure\u0219ti"}