{"specializari": {"FILOLOGIE": 23, "CONSERVARE - RESTAURARE": 9, "MUZICA": 28, "ARTE PLASTICE SI DECORATIVE": 23, "ARHITECTURA, ARTE AMBIENTALE SI DESIGN": 27}, "limba_moderna": {"LIMBA FRANCEZA": 8, "LIMBA ENGLEZA": 102}, "limba_materna": {"LIMBA ROMANA": 110}, "promotie_anterioara": {"NU": 109, "DA": 1}, "materii": {"LIMBA ROMANA": {"medie": 7.799545454545453, "reusita": 100.0, "cnt": 110}, "ISTORIE": {"medie": 6.753181818181818, "reusita": 100.0, "cnt": 110}, "GEOGRAFIE": {"medie": 8.080188679245282, "reusita": 98.11320754716981, "cnt": 53}, "GENERAL": {"medie": 7.545606060606063, "reusita": 92.72727272727272, "cnt": 110}, "PSIHOLOGIE": {"medie": 8.1375, "reusita": 100.0, "cnt": 4}, "LOGICA, ARGUMENTARE SI COMUNICARE": {"medie": 8.091346153846152, "reusita": 96.15384615384616, "cnt": 52}, "FILOSOFIE": {"medie": 7.7, "reusita": 100.0, "cnt": 1}}, "nume": "COLEGIUL DE ARTA \"CIPRIAN PORUMBESCU\" SUCEAVA\tSuceava"}