{"specializari": {"TEHNICIAN PROIECTANT CAD": 21, "TEHNICIAN PRELUCRARI LA CALD": 11, "MATEMATICA-INFORMATICA": 11, "TEHNICIAN MECATRONIST": 4, "TEHNICIAN MECANIC PENTRU INTRETINERE SI REPARATII": 1}, "limba_moderna": {"LIMBA ENGLEZA": 48}, "limba_materna": {"LIMBA ROMANA": 48}, "promotie_anterioara": {"NU": 30, "DA": 18}, "materii": {"LIMBA ROMANA": {"medie": 4.766071428571428, "reusita": 31.25, "cnt": 48}, "GENERAL": {"medie": 4.206521739130435, "reusita": 2.083333333333333, "cnt": 48}, "MATEMATICA MATE-INFO": {"medie": 1.575, "reusita": 0.0, "cnt": 11}, "BIOLOGIE VEGETALA SI ANIMALA": {"medie": 4.011363636363636, "reusita": 16.666666666666664, "cnt": 36}, "FIZICA TEO": {"medie": "-", "reusita": 0.0, "cnt": 2}, "MATEMATICA TEHN": {"medie": 3.3960000000000004, "reusita": 29.72972972972973, "cnt": 37}, "FIZICA TEH": {"medie": 3.5250000000000004, "reusita": 10.0, "cnt": 10}}, "nume": "COLEGIUL TEHNIC \"MIRON NICOLESCU\"\tBucure\u0219ti"}