{"specializari": {"TEHNICIAN ELECTRICIAN/ELECTRONIST AUTO": 20, "TEHNICIAN TRANSPORTURI": 43, "MATEMATICA-INFORMATICA": 27, "TEHNICIAN IN TURISM": 23, "TEHNICIAN ELECTROTEHNIST": 3, "TEHNICIAN IN HOTELARIE": 9, "TEHNICIAN OPERATOR TEHNICA DE CALCUL": 2}, "limba_moderna": {"LIMBA ENGLEZA": 124, "LIMBA FRANCEZA": 3}, "limba_materna": {"LIMBA ROMANA": 127}, "promotie_anterioara": {"DA": 89, "NU": 38}, "materii": {"LIMBA ROMANA": {"medie": 5.388235294117649, "reusita": 74.80314960629921, "cnt": 127}, "GEOGRAFIE": {"medie": 6.4, "reusita": 84.375, "cnt": 32}, "GENERAL": {"medie": 4.79107142857143, "reusita": 14.173228346456693, "cnt": 127}, "ANATOMIE SI FIZIOLOGIE UMANA, GENETICA SI ECOLOGIE UMANA": {"medie": 3.125, "reusita": 0.0, "cnt": 4}, "MATEMATICA MATE-INFO": {"medie": 3.397727272727272, "reusita": 37.03703703703704, "cnt": 27}, "BIOLOGIE VEGETALA SI ANIMALA": {"medie": 4.218548387096774, "reusita": 44.776119402985074, "cnt": 67}, "MATEMATICA TEHN": {"medie": 4.527083333333332, "reusita": 56.99999999999999, "cnt": 100}, "FIZICA TEH": {"medie": 3.247727272727273, "reusita": 34.78260869565217, "cnt": 23}, "CHIMIE ORGANICA TEH NIVEL I/II": {"medie": 3.75, "reusita": 0.0, "cnt": 1}}, "nume": "COLEGIUL TEHNIC \"IULIU MANIU\"\tBucure\u0219ti"}