{"specializari": {"MATEMATICA-INFORMATICA": 76, "STIINTE SOCIALE": 36, "STIINTE ALE NATURII": 34}, "limba_moderna": {"LIMBA ENGLEZA": 138, "LIMBA FRANCEZA": 8}, "limba_materna": {"LIMBA ROMANA": 146}, "promotie_anterioara": {"NU": 144, "DA": 2}, "materii": {"LIMBA ROMANA": {"medie": 7.989383561643835, "reusita": 99.31506849315068, "cnt": 146}, "ISTORIE": {"medie": 7.780555555555556, "reusita": 100.0, "cnt": 36}, "GEOGRAFIE": {"medie": 8.65, "reusita": 100.0, "cnt": 23}, "GENERAL": {"medie": 8.367351598173515, "reusita": 97.94520547945206, "cnt": 146}, "MATEMATICA ST-NAT": {"medie": 8.485294117647058, "reusita": 100.0, "cnt": 34}, "ANATOMIE SI FIZIOLOGIE UMANA, GENETICA SI ECOLOGIE UMANA": {"medie": 8.964814814814815, "reusita": 100.0, "cnt": 27}, "MATEMATICA MATE-INFO": {"medie": 8.6625, "reusita": 100.0, "cnt": 76}, "BIOLOGIE VEGETALA SI ANIMALA": {"medie": 8.015217391304347, "reusita": 100.0, "cnt": 23}, "FIZICA TEO": {"medie": 7.9, "reusita": 100.0, "cnt": 5}, "CHIMIE ORGANICA TEO NIVEL I/II": {"medie": 8.9175, "reusita": 100.0, "cnt": 20}, "SOCIOLOGIE": {"medie": 8.179166666666667, "reusita": 100.0, "cnt": 12}, "INFORMATICA MI C/C++": {"medie": 9.274137931034485, "reusita": 100.0, "cnt": 29}, "ECONOMIE": {"medie": 8.7, "reusita": 100.0, "cnt": 1}, "CHIMIE ANORGANICA TEO NIVEL I/II": {"medie": 8.749999999999998, "reusita": 100.0, "cnt": 6}}, "nume": "COLEGIUL NATIONAL \"RADU NEGRU\" FAGARAS\tBra\u0219ov"}