{"specializari": {"STIINTE SOCIALE": 28, "INVATATOR - EDUCATOARE": 37, "MATEMATICA-INFORMATICA": 19}, "limba_moderna": {"LIMBA ENGLEZA": 71, "LIMBA FRANCEZA": 13}, "limba_materna": {"LIMBA ROMANA": 84}, "promotie_anterioara": {"NU": 81, "DA": 3}, "materii": {"LIMBA ROMANA": {"medie": 8.620238095238093, "reusita": 100.0, "cnt": 84}, "ISTORIE": {"medie": 8.564285714285715, "reusita": 100.0, "cnt": 28}, "GEOGRAFIE": {"medie": 8.880555555555553, "reusita": 100.0, "cnt": 18}, "GENERAL": {"medie": 8.606349206349204, "reusita": 98.80952380952381, "cnt": 84}, "ANATOMIE SI FIZIOLOGIE UMANA, GENETICA SI ECOLOGIE UMANA": {"medie": 9.55, "reusita": 100.0, "cnt": 1}, "MATEMATICA MATE-INFO": {"medie": 8.239473684210527, "reusita": 100.0, "cnt": 19}, "BIOLOGIE VEGETALA SI ANIMALA": {"medie": 8.5125, "reusita": 100.0, "cnt": 4}, "CHIMIE ORGANICA TEO NIVEL I/II": {"medie": 8.45, "reusita": 100.0, "cnt": 1}, "PSIHOLOGIE": {"medie": 8.616666666666667, "reusita": 100.0, "cnt": 6}, "LOGICA, ARGUMENTARE SI COMUNICARE": {"medie": 8.967073170731709, "reusita": 100.0, "cnt": 41}, "INFORMATICA MI C/C++": {"medie": 9.157692307692308, "reusita": 100.0, "cnt": 13}, "MATEMATICA PED": {"medie": 8.055405405405404, "reusita": 100.0, "cnt": 37}}, "nume": "COLEGIUL NATIONAL PEDAGOGIC \"GHEORGHE LAZAR\" CLUJ-NAPOCA\tCluj"}