{"specializari": {"MATEMATICA-INFORMATICA": 29, "FILOLOGIE": 55, "STIINTE SOCIALE": 34, "STIINTE ALE NATURII": 36}, "limba_moderna": {"LIMBA ENGLEZA": 136, "LIMBA FRANCEZA": 18}, "limba_materna": {"LIMBA ROMANA": 154}, "promotie_anterioara": {"NU": 150, "DA": 4}, "materii": {"LIMBA ROMANA": {"medie": 8.081699346405225, "reusita": 99.35064935064936, "cnt": 154}, "ISTORIE": {"medie": 7.965168539325841, "reusita": 100.0, "cnt": 89}, "GEOGRAFIE": {"medie": 8.88942307692308, "reusita": 100.0, "cnt": 52}, "GENERAL": {"medie": 8.381154684095858, "reusita": 97.40259740259741, "cnt": 154}, "MATEMATICA ST-NAT": {"medie": 8.513888888888891, "reusita": 100.0, "cnt": 36}, "ANATOMIE SI FIZIOLOGIE UMANA, GENETICA SI ECOLOGIE UMANA": {"medie": 9.217647058823532, "reusita": 100.0, "cnt": 34}, "MATEMATICA MATE-INFO": {"medie": 8.443103448275862, "reusita": 100.0, "cnt": 29}, "FIZICA TEO": {"medie": 7.166666666666667, "reusita": 100.0, "cnt": 3}, "CHIMIE ORGANICA TEO NIVEL I/II": {"medie": 8.25, "reusita": 100.0, "cnt": 8}, "SOCIOLOGIE": {"medie": 7.935714285714285, "reusita": 100.0, "cnt": 7}, "INFORMATICA SN C/C++": {"medie": 8.6, "reusita": 100.0, "cnt": 5}, "PSIHOLOGIE": {"medie": 9.05, "reusita": 100.0, "cnt": 1}, "LOGICA, ARGUMENTARE SI COMUNICARE": {"medie": 8.84074074074074, "reusita": 100.0, "cnt": 27}, "INFORMATICA MI C/C++": {"medie": 9.315384615384614, "reusita": 100.0, "cnt": 13}, "ECONOMIE": {"medie": 9.3, "reusita": 100.0, "cnt": 2}, "CHIMIE ANORGANICA TEO NIVEL I/II": {"medie": 6.875, "reusita": 100.0, "cnt": 2}}, "nume": "COLEGIUL NATIONAL \"GARABET IBRAILEANU\", IASI\tIa\u0219i"}