{"specializari": {"MATEMATICA-INFORMATICA": 57, "FILOLOGIE": 67, "STIINTE ALE NATURII": 42, "STIINTE SOCIALE": 29}, "limba_moderna": {"LIMBA ENGLEZA": 148, "LIMBA SPANIOLA": 1, "LIMBA FRANCEZA": 46}, "limba_materna": {"LIMBA ROMANA": 195}, "promotie_anterioara": {"NU": 176, "DA": 19}, "materii": {"LIMBA ROMANA": {"medie": 6.979792746113985, "reusita": 97.43589743589743, "cnt": 195}, "ISTORIE": {"medie": 6.569791666666668, "reusita": 94.79166666666666, "cnt": 96}, "GEOGRAFIE": {"medie": 8.19518072289157, "reusita": 97.59036144578313, "cnt": 83}, "GENERAL": {"medie": 7.361226252158896, "reusita": 83.07692307692308, "cnt": 195}, "MATEMATICA ST-NAT": {"medie": 6.005952380952381, "reusita": 76.19047619047619, "cnt": 42}, "ANATOMIE SI FIZIOLOGIE UMANA, GENETICA SI ECOLOGIE UMANA": {"medie": 8.351694915254237, "reusita": 98.33333333333333, "cnt": 60}, "MATEMATICA MATE-INFO": {"medie": 7.726785714285714, "reusita": 85.96491228070175, "cnt": 57}, "FIZICA TEO": {"medie": 8.57142857142857, "reusita": 100.0, "cnt": 21}, "CHIMIE ORGANICA TEO NIVEL I/II": {"medie": 8.611111111111109, "reusita": 100.0, "cnt": 18}, "SOCIOLOGIE": {"medie": 8.549999999999999, "reusita": 100.0, "cnt": 3}, "PSIHOLOGIE": {"medie": 8.700000000000001, "reusita": 100.0, "cnt": 3}, "ECONOMIE": {"medie": 6.33, "reusita": 60.0, "cnt": 5}, "FILOSOFIE": {"medie": 7.725, "reusita": 100.0, "cnt": 2}}, "nume": "COLEGIUL NATIONAL \"ALEXANDRU VLAHUTA\" MUNICIPIUL RIMNICU SARAT\tBuz\u0103u"}