{"specializari": {"TEHNICIAN IN ACHIZITII SI CONTRACTARI": 31, "TEHNICIAN IN ACTIVITATI ECONOMICE": 63, "ORGANIZATOR BANQUETING": 17, "TEHNICIAN IN GASTRONOMIE": 23, "TEHNICIAN IN ADMINISTRATIE": 21, "TEHNICIAN IN HOTELARIE": 25, "TEHNICIAN IN ACTIVITATI DE COMERT": 22, "TEHNICIAN IN TURISM": 7}, "limba_moderna": {"LIMBA ENGLEZA": 200, "LIMBA GERMANA MODERNA": 2, "LIMBA FRANCEZA": 7}, "limba_materna": {"LIMBA ROMANA": 209}, "promotie_anterioara": {"NU": 176, "DA": 33}, "materii": {"LIMBA ROMANA": {"medie": 7.1295121951219445, "reusita": 97.60765550239235, "cnt": 209}, "GEOGRAFIE": {"medie": 7.982960893854749, "reusita": 97.25274725274726, "cnt": 182}, "GENERAL": {"medie": 7.575373134328359, "reusita": 87.5598086124402, "cnt": 209}, "MATEMATICA TEHN": {"medie": 7.551231527093595, "reusita": 92.82296650717703, "cnt": 209}, "PSIHOLOGIE": {"medie": 4.25, "reusita": 0.0, "cnt": 1}, "LOGICA, ARGUMENTARE SI COMUNICARE": {"medie": 9.0, "reusita": 100.0, "cnt": 2}, "ECONOMIE": {"medie": 7.516666666666667, "reusita": 95.83333333333334, "cnt": 24}}, "nume": "COLEGIUL NATIONAL ECONOMIC \"ANDREI BARSEANU\" BRASOV\tBra\u0219ov"}