{"specializari": {"TEHNICIAN IN ACTIVITATI DE COMERT": 27, "TEHNICIAN MECANIC PENTRU INTRETINERE SI REPARATII": 12, "TEHNICIAN ECOLOG SI PROTECTIA CALITATII MEDIULUI": 5, "MATEMATICA-INFORMATICA": 63, "TEHNICIAN IN TURISM": 3, "TEHNICIAN IN PRELUCRAREA LEMNULUI": 6, "TEHNICIAN IN INDUSTRIA TEXTILA": 4, "TEHNICIAN IN HOTELARIE": 1}, "limba_moderna": {"LIMBA ENGLEZA": 104, "LIMBA FRANCEZA": 17}, "limba_materna": {"LIMBA ROMANA": 121}, "promotie_anterioara": {"NU": 100, "DA": 21}, "materii": {"LIMBA ROMANA": {"medie": 6.763675213675213, "reusita": 85.9504132231405, "cnt": 121}, "GEOGRAFIE": {"medie": 7.565517241379312, "reusita": 96.55172413793103, "cnt": 29}, "GENERAL": {"medie": 6.928735632183908, "reusita": 65.28925619834712, "cnt": 121}, "ANATOMIE SI FIZIOLOGIE UMANA, GENETICA SI ECOLOGIE UMANA": {"medie": 7.449999999999998, "reusita": 81.81818181818183, "cnt": 11}, "MATEMATICA MATE-INFO": {"medie": 7.895161290322583, "reusita": 95.23809523809523, "cnt": 63}, "BIOLOGIE VEGETALA SI ANIMALA": {"medie": 4.41, "reusita": 44.44444444444444, "cnt": 27}, "FIZICA TEO": {"medie": 8.71875, "reusita": 100.0, "cnt": 8}, "MATEMATICA TEHN": {"medie": 5.094545454545456, "reusita": 53.44827586206896, "cnt": 58}, "CHIMIE ORGANICA TEO NIVEL I/II": {"medie": 9.203225806451615, "reusita": 100.0, "cnt": 31}, "ECONOMIE": {"medie": 5.45, "reusita": 100.0, "cnt": 2}, "CHIMIE ORGANICA TEH NIVEL I/II": {"medie": 6.687500000000001, "reusita": 100.0, "cnt": 4}, "INFORMATICA MI PASCAL": {"medie": 8.60625, "reusita": 88.88888888888889, "cnt": 9}}, "nume": "COLEGIUL \"FERDINAND I\", COMUNA MANECIU\tPrahova"}