{"specializari": {"TEHNICIAN IN INDUSTRIA ALIMENTARA": 2, "TEHNICIAN IN ACTIVITATI ECONOMICE": 13, "TEHNICIAN VETERINAR": 5, "TEHNICIAN IN ACTIVITATI DE COMERT": 3, "TEHNICIAN IN ADMINISTRATIE": 2}, "limba_moderna": {"LIMBA ENGLEZA": 25}, "limba_materna": {"LIMBA ROMANA": 25}, "promotie_anterioara": {"DA": 9, "NU": 16}, "materii": {"LIMBA ROMANA": {"medie": 5.304545454545456, "reusita": 72.0, "cnt": 25}, "GEOGRAFIE": {"medie": 6.8125, "reusita": 77.77777777777779, "cnt": 18}, "GENERAL": {"medie": 5.779365079365078, "reusita": 28.000000000000004, "cnt": 25}, "ANATOMIE SI FIZIOLOGIE UMANA, GENETICA SI ECOLOGIE UMANA": {"medie": 5.8, "reusita": 100.0, "cnt": 1}, "BIOLOGIE VEGETALA SI ANIMALA": {"medie": 5.7, "reusita": 83.33333333333334, "cnt": 6}, "MATEMATICA TEHN": {"medie": 5.199999999999999, "reusita": 56.00000000000001, "cnt": 25}}, "nume": "COLEGIUL \"EMIL NEGRUTIU\" TURDA\tCluj"}