{"specializari": {"TEHNICIAN IN ADMINISTRATIE": 24, "TEHNICIAN IN ACTIVITATI DE COMERT": 28, "TEHNICIAN IN ACTIVITATI ECONOMICE": 54, "TEHNICIAN IN GASTRONOMIE": 49, "TEHNICIAN IN TURISM": 26, "ORGANIZATOR BANQUETING": 1}, "limba_moderna": {"LIMBA ENGLEZA": 177, "LIMBA FRANCEZA": 4, "LIMBA GERMANA MODERNA": 1}, "limba_materna": {"LIMBA ROMANA": 182}, "promotie_anterioara": {"NU": 176, "DA": 6}, "materii": {"LIMBA ROMANA": {"medie": 7.3002777777777785, "reusita": 96.7032967032967, "cnt": 182}, "GEOGRAFIE": {"medie": 8.462784090909093, "reusita": 98.31460674157303, "cnt": 178}, "GENERAL": {"medie": 7.896203703703703, "reusita": 91.20879120879121, "cnt": 182}, "MATEMATICA TEHN": {"medie": 7.9791666666666705, "reusita": 96.15384615384616, "cnt": 182}, "ECONOMIE": {"medie": 6.05, "reusita": 100.0, "cnt": 4}}, "nume": "COLEGIUL ECONOMIC \"GEORGE BARITIU\" SIBIU\tSibiu"}