{"specializari": {"TEHNICIAN CHIMIST DE LABORATOR": 2, "TEHNICIAN MECATRONIST": 7, "TEHNICIAN IN ACTIVITATI DE COMERT": 1, "TEHNICIAN MECANIC PENTRU INTRETINERE SI REPARATII": 1, "MATEMATICA-INFORMATICA": 2, "TEHNICIAN IN TURISM": 1}, "limba_moderna": {"LIMBA ENGLEZA": 13, "LIMBA FRANCEZA": 1}, "limba_materna": {"LIMBA ROMANA": 14}, "promotie_anterioara": {"NU": 8, "DA": 6}, "materii": {"LIMBA ROMANA": {"medie": 5.285714285714286, "reusita": 71.42857142857143, "cnt": 14}, "GEOGRAFIE": {"medie": 6.199999999999999, "reusita": 100.0, "cnt": 2}, "GENERAL": {"medie": 5.087878787878788, "reusita": 14.285714285714285, "cnt": 14}, "MATEMATICA MATE-INFO": {"medie": 5.0, "reusita": 100.0, "cnt": 2}, "BIOLOGIE VEGETALA SI ANIMALA": {"medie": 4.681818181818182, "reusita": 41.66666666666667, "cnt": 12}, "MATEMATICA TEHN": {"medie": 4.17, "reusita": 50.0, "cnt": 12}}, "nume": "COLEGIUL TEHNIC \"DR. ALEXANDRU BARBAT\" VICTORIA\tBra\u0219ov"}