{"specializari": {"TEHNICIAN IN INDUSTRIA TEXTILA": 2, "COAFOR STILIST": 12, "TEHNICIAN IN TURISM": 6, "TEHNICIAN IN GASTRONOMIE": 4, "TEHNICIAN IN ACTIVITATI ECONOMICE": 3}, "limba_moderna": {"LIMBA ENGLEZA": 27}, "limba_materna": {"LIMBA ROMANA": 27}, "promotie_anterioara": {"DA": 4, "NU": 23}, "materii": {"LIMBA ROMANA": {"medie": 5.77962962962963, "reusita": 85.18518518518519, "cnt": 27}, "GEOGRAFIE": {"medie": 6.988, "reusita": 100.0, "cnt": 25}, "GENERAL": {"medie": 5.73827160493827, "reusita": 48.148148148148145, "cnt": 27}, "BIOLOGIE VEGETALA SI ANIMALA": {"medie": 2.775, "reusita": 0.0, "cnt": 2}, "MATEMATICA TEHN": {"medie": 4.7592592592592595, "reusita": 59.25925925925925, "cnt": 27}}, "nume": "COLEGIUL TEHNIC \"ION HOLBAN\", IASI\tIa\u0219i"}