{"specializari": {"STIINTE ALE NATURII": 64, "MATEMATICA-INFORMATICA": 104, "STIINTE SOCIALE": 30, "FILOLOGIE": 28}, "limba_moderna": {"LIMBA ENGLEZA": 200, "LIMBA FRANCEZA": 20, "LIMBA SPANIOLA": 6}, "limba_materna": {"LIMBA ROMANA": 226}, "promotie_anterioara": {"NU": 226}, "materii": {"LIMBA ROMANA": {"medie": 8.50995575221239, "reusita": 100.0, "cnt": 226}, "ISTORIE": {"medie": 8.473275862068968, "reusita": 100.0, "cnt": 58}, "GEOGRAFIE": {"medie": 8.846, "reusita": 100.0, "cnt": 25}, "GENERAL": {"medie": 8.888814814814813, "reusita": 99.5575221238938, "cnt": 226}, "MATEMATICA ST-NAT": {"medie": 9.151562500000002, "reusita": 100.0, "cnt": 64}, "ANATOMIE SI FIZIOLOGIE UMANA, GENETICA SI ECOLOGIE UMANA": {"medie": 9.345918367346938, "reusita": 100.0, "cnt": 49}, "MATEMATICA MATE-INFO": {"medie": 9.16165048543689, "reusita": 99.03846153846155, "cnt": 104}, "BIOLOGIE VEGETALA SI ANIMALA": {"medie": 9.1625, "reusita": 100.0, "cnt": 8}, "FIZICA TEO": {"medie": 9.048214285714284, "reusita": 100.0, "cnt": 56}, "CHIMIE ORGANICA TEO NIVEL I/II": {"medie": 9.348214285714286, "reusita": 100.0, "cnt": 28}, "PSIHOLOGIE": {"medie": 9.65, "reusita": 100.0, "cnt": 2}, "LOGICA, ARGUMENTARE SI COMUNICARE": {"medie": 9.37142857142857, "reusita": 100.0, "cnt": 28}, "INFORMATICA MI C/C++": {"medie": 9.151923076923076, "reusita": 100.0, "cnt": 26}, "ECONOMIE": {"medie": 8.25, "reusita": 100.0, "cnt": 2}, "CHIMIE ANORGANICA TEO NIVEL I/II": {"medie": 7.3, "reusita": 100.0, "cnt": 1}, "FILOSOFIE": {"medie": 9.0, "reusita": 100.0, "cnt": 1}}, "nume": "COLEGIUL NATIONAL \"MIHAI EMINESCU\" BOTOSANI\tBoto\u0219ani"}