{"specializari": {"STIINTE ALE NATURII": 115, "MATEMATICA-INFORMATICA": 26, "STIINTE SOCIALE": 32}, "limba_moderna": {"LIMBA ENGLEZA": 148, "LIMBA FRANCEZA": 16, "LIMBA GERMANA MODERNA": 9}, "limba_materna": {"LIMBA ROMANA": 173}, "promotie_anterioara": {"NU": 167, "DA": 6}, "materii": {"LIMBA ROMANA": {"medie": 8.03255813953488, "reusita": 99.42196531791907, "cnt": 173}, "ISTORIE": {"medie": 7.8, "reusita": 100.0, "cnt": 32}, "GEOGRAFIE": {"medie": 8.058333333333334, "reusita": 100.0, "cnt": 6}, "GENERAL": {"medie": 8.155329457364338, "reusita": 95.37572254335261, "cnt": 173}, "MATEMATICA ST-NAT": {"medie": 8.063043478260866, "reusita": 100.0, "cnt": 115}, "ANATOMIE SI FIZIOLOGIE UMANA, GENETICA SI ECOLOGIE UMANA": {"medie": 8.538356164383561, "reusita": 98.63013698630137, "cnt": 73}, "MATEMATICA MATE-INFO": {"medie": 7.525, "reusita": 96.15384615384616, "cnt": 26}, "BIOLOGIE VEGETALA SI ANIMALA": {"medie": 8.036842105263158, "reusita": 100.0, "cnt": 19}, "FIZICA TEO": {"medie": 8.021428571428572, "reusita": 100.0, "cnt": 7}, "CHIMIE ORGANICA TEO NIVEL I/II": {"medie": 9.046666666666669, "reusita": 100.0, "cnt": 15}, "LOGICA, ARGUMENTARE SI COMUNICARE": {"medie": 8.790384615384616, "reusita": 100.0, "cnt": 26}, "INFORMATICA MI C/C++": {"medie": 8.678571428571429, "reusita": 100.0, "cnt": 14}, "CHIMIE ANORGANICA TEO NIVEL I/II": {"medie": 7.580769230769231, "reusita": 100.0, "cnt": 13}}, "nume": "COLEGIUL DE STIINTE ALE NATURII \"EMIL RACOVITA\" BRASOV\tBra\u0219ov"}