{"specializari": {"FILOLOGIE": 64, "MATEMATICA-INFORMATICA": 52, "STIINTE ALE NATURII": 43}, "limba_moderna": {"LIMBA ENGLEZA": 147, "LIMBA FRANCEZA": 12}, "limba_materna": {"LIMBA ROMANA": 159}, "promotie_anterioara": {"NU": 156, "DA": 3}, "materii": {"LIMBA ROMANA": {"medie": 8.06509433962264, "reusita": 100.0, "cnt": 159}, "ISTORIE": {"medie": 8.293749999999998, "reusita": 100.0, "cnt": 64}, "GEOGRAFIE": {"medie": 8.68790322580645, "reusita": 98.38709677419355, "cnt": 62}, "GENERAL": {"medie": 8.386268343815514, "reusita": 96.22641509433963, "cnt": 159}, "MATEMATICA ST-NAT": {"medie": 7.802325581395346, "reusita": 90.69767441860465, "cnt": 43}, "ANATOMIE SI FIZIOLOGIE UMANA, GENETICA SI ECOLOGIE UMANA": {"medie": 9.201234567901235, "reusita": 100.0, "cnt": 81}, "MATEMATICA MATE-INFO": {"medie": 8.161538461538463, "reusita": 98.07692307692307, "cnt": 52}, "FIZICA TEO": {"medie": 8.9, "reusita": 100.0, "cnt": 3}, "CHIMIE ORGANICA TEO NIVEL I/II": {"medie": 9.9, "reusita": 100.0, "cnt": 5}, "INFORMATICA MI C/C++": {"medie": 8.241666666666665, "reusita": 100.0, "cnt": 6}, "FILOSOFIE": {"medie": 8.8, "reusita": 100.0, "cnt": 2}}, "nume": "COLEGIUL NATIONAL \"GEORGE COSBUC\" NASAUD\tBistri\u021ba-N\u0103s\u0103ud"}