{"specializari": {"STIINTE ALE NATURII": 112, "MATEMATICA-INFORMATICA": 35, "FILOLOGIE": 24, "STIINTE SOCIALE": 27}, "limba_moderna": {"LIMBA ENGLEZA": 188, "LIMBA FRANCEZA": 10}, "limba_materna": {"LIMBA ROMANA": 198}, "promotie_anterioara": {"NU": 198}, "materii": {"LIMBA ROMANA": {"medie": 8.68712121212121, "reusita": 100.0, "cnt": 198}, "ISTORIE": {"medie": 7.872549019607842, "reusita": 100.0, "cnt": 51}, "GEOGRAFIE": {"medie": 9.088235294117647, "reusita": 100.0, "cnt": 34}, "GENERAL": {"medie": 8.798989898989902, "reusita": 98.98989898989899, "cnt": 198}, "MATEMATICA ST-NAT": {"medie": 8.973214285714286, "reusita": 100.0, "cnt": 112}, "ANATOMIE SI FIZIOLOGIE UMANA, GENETICA SI ECOLOGIE UMANA": {"medie": 9.421428571428565, "reusita": 100.0, "cnt": 70}, "MATEMATICA MATE-INFO": {"medie": 8.514285714285712, "reusita": 94.28571428571428, "cnt": 35}, "FIZICA TEO": {"medie": 8.788679245283017, "reusita": 100.0, "cnt": 53}, "CHIMIE ORGANICA TEO NIVEL I/II": {"medie": 9.264285714285714, "reusita": 100.0, "cnt": 14}, "SOCIOLOGIE": {"medie": 8.975000000000001, "reusita": 100.0, "cnt": 10}, "PSIHOLOGIE": {"medie": 8.366666666666667, "reusita": 100.0, "cnt": 3}, "INFORMATICA MI C/C++": {"medie": 8.76, "reusita": 100.0, "cnt": 10}, "ECONOMIE": {"medie": 8.9, "reusita": 100.0, "cnt": 4}}, "nume": "COLEGIUL NATIONAL ALEXANDRU LAHOVARI, MUN. RM. VALCEA\tV\u00e2lcea"}