{"specializari": {"MATEMATICA-INFORMATICA": 26, "FILOLOGIE": 32, "INVATATOR - EDUCATOARE": 25, "STIINTE SOCIALE": 31}, "limba_moderna": {"LIMBA ENGLEZA": 111, "LIMBA FRANCEZA": 3}, "limba_materna": {"LIMBA ROMANA": 114}, "promotie_anterioara": {"DA": 5, "NU": 109}, "materii": {"LIMBA ROMANA": {"medie": 7.220353982300885, "reusita": 94.73684210526315, "cnt": 114}, "ISTORIE": {"medie": 6.934126984126986, "reusita": 100.0, "cnt": 63}, "GEOGRAFIE": {"medie": 8.338271604938274, "reusita": 97.5609756097561, "cnt": 82}, "GENERAL": {"medie": 7.605952380952383, "reusita": 87.71929824561403, "cnt": 114}, "ANATOMIE SI FIZIOLOGIE UMANA, GENETICA SI ECOLOGIE UMANA": {"medie": 9.6, "reusita": 100.0, "cnt": 1}, "MATEMATICA MATE-INFO": {"medie": 7.821153846153847, "reusita": 100.0, "cnt": 26}, "BIOLOGIE VEGETALA SI ANIMALA": {"medie": 7.466666666666666, "reusita": 83.33333333333334, "cnt": 6}, "FIZICA TEO": {"medie": 7.8, "reusita": 100.0, "cnt": 1}, "CHIMIE ORGANICA TEO NIVEL I/II": {"medie": 9.6875, "reusita": 100.0, "cnt": 4}, "SOCIOLOGIE": {"medie": 8.9, "reusita": 100.0, "cnt": 1}, "PSIHOLOGIE": {"medie": 7.775, "reusita": 100.0, "cnt": 2}, "LOGICA, ARGUMENTARE SI COMUNICARE": {"medie": 9.3, "reusita": 100.0, "cnt": 3}, "INFORMATICA MI C/C++": {"medie": 7.992307692307692, "reusita": 100.0, "cnt": 13}, "CHIMIE ANORGANICA TEO NIVEL I/II": {"medie": 5.0, "reusita": 100.0, "cnt": 1}, "MATEMATICA PED": {"medie": 7.364000000000001, "reusita": 92.0, "cnt": 25}}, "nume": "COLEGIUL NATIONAL PEDAGOGIC \"REGINA MARIA\" DEVA\tHunedoara"}