{"specializari": {"STIINTE ALE NATURII": 74, "FILOLOGIE": 32, "MATEMATICA-INFORMATICA": 67}, "limba_moderna": {"LIMBA ENGLEZA": 160, "LIMBA FRANCEZA": 13}, "limba_materna": {"LIMBA ROMANA": 173}, "promotie_anterioara": {"NU": 157, "DA": 16}, "materii": {"LIMBA ROMANA": {"medie": 8.292283950617282, "reusita": 87.28323699421965, "cnt": 173}, "ISTORIE": {"medie": 9.13125, "reusita": 100.0, "cnt": 32}, "GEOGRAFIE": {"medie": 9.25, "reusita": 100.0, "cnt": 23}, "GENERAL": {"medie": 8.426282051282056, "reusita": 76.878612716763, "cnt": 173}, "MATEMATICA ST-NAT": {"medie": 6.211666666666668, "reusita": 52.702702702702695, "cnt": 74}, "ANATOMIE SI FIZIOLOGIE UMANA, GENETICA SI ECOLOGIE UMANA": {"medie": 7.5183823529411775, "reusita": 64.19753086419753, "cnt": 81}, "MATEMATICA MATE-INFO": {"medie": 9.143283582089554, "reusita": 98.50746268656717, "cnt": 67}, "BIOLOGIE VEGETALA SI ANIMALA": {"medie": 9.399999999999999, "reusita": 100.0, "cnt": 9}, "FIZICA TEO": {"medie": 9.425, "reusita": 100.0, "cnt": 4}, "CHIMIE ORGANICA TEO NIVEL I/II": {"medie": 9.72857142857143, "reusita": 100.0, "cnt": 14}, "INFORMATICA SN C/C++": {"medie": 10.0, "reusita": 100.0, "cnt": 1}, "PSIHOLOGIE": {"medie": 9.5, "reusita": 100.0, "cnt": 2}, "LOGICA, ARGUMENTARE SI COMUNICARE": {"medie": 9.266666666666667, "reusita": 100.0, "cnt": 6}, "INFORMATICA MI C/C++": {"medie": 9.653448275862068, "reusita": 100.0, "cnt": 29}, "ECONOMIE": {"medie": 9.2, "reusita": 100.0, "cnt": 1}, "CHIMIE ANORGANICA TEO NIVEL I/II": {"medie": 9.25, "reusita": 100.0, "cnt": 2}, "INFORMATICA MI PASCAL": {"medie": 5.0, "reusita": 100.0, "cnt": 1}}, "nume": "COLEGIUL NATIONAL \"EMIL RACOVITA\", IASI\tIa\u0219i"}