{"specializari": {"MATEMATICA-INFORMATICA": 84, "STIINTE ALE NATURII": 26, "STIINTE SOCIALE": 29, "FILOLOGIE": 30}, "limba_moderna": {"LIMBA ENGLEZA": 155, "LIMBA FRANCEZA": 14}, "limba_materna": {"LIMBA ROMANA": 169}, "promotie_anterioara": {"NU": 168, "DA": 1}, "materii": {"LIMBA ROMANA": {"medie": 8.262500000000005, "reusita": 99.40828402366864, "cnt": 169}, "ISTORIE": {"medie": 8.027966101694918, "reusita": 100.0, "cnt": 59}, "GEOGRAFIE": {"medie": 8.799999999999999, "reusita": 100.0, "cnt": 34}, "GENERAL": {"medie": 8.654861111111108, "reusita": 98.81656804733728, "cnt": 169}, "MATEMATICA ST-NAT": {"medie": 8.982692307692307, "reusita": 100.0, "cnt": 26}, "ANATOMIE SI FIZIOLOGIE UMANA, GENETICA SI ECOLOGIE UMANA": {"medie": 9.38796296296296, "reusita": 100.0, "cnt": 54}, "MATEMATICA MATE-INFO": {"medie": 8.823809523809524, "reusita": 100.0, "cnt": 84}, "FIZICA TEO": {"medie": 9.234615384615385, "reusita": 100.0, "cnt": 13}, "CHIMIE ORGANICA TEO NIVEL I/II": {"medie": 9.1625, "reusita": 100.0, "cnt": 8}, "SOCIOLOGIE": {"medie": 9.85, "reusita": 100.0, "cnt": 2}, "PSIHOLOGIE": {"medie": 9.12, "reusita": 100.0, "cnt": 5}, "LOGICA, ARGUMENTARE SI COMUNICARE": {"medie": 8.72272727272727, "reusita": 100.0, "cnt": 11}, "INFORMATICA MI C/C++": {"medie": 9.251428571428573, "reusita": 100.0, "cnt": 35}, "ECONOMIE": {"medie": 8.580000000000002, "reusita": 100.0, "cnt": 5}, "FILOSOFIE": {"medie": 8.1, "reusita": 100.0, "cnt": 2}}, "nume": "COLEGIUL NATIONAL \"SPIRU HARET\", LOCALITATEA TECUCI\tGala\u021bi"}