{"specializari": {"STIINTE ALE NATURII": 28, "MATEMATICA-INFORMATICA": 38, "TEHNICIAN DESIGNER VESTIMENTAR": 12, "STIINTE SOCIALE": 32, "TEHNICIAN IN AUTOMATIZARI": 9, "TEHNICIAN IN GASTRONOMIE": 20, "FILOLOGIE": 28, "TEHNICIAN TRANSPORTURI": 8, "TEHNICIAN ELECTROMECANIC": 7, "TEHNICIAN IN TURISM": 26, "TEHNICIAN IN INDUSTRIA TEXTILA": 3, "TEHNICIAN OPERATOR TEHNICA DE CALCUL": 1}, "limba_moderna": {"LIMBA ENGLEZA": 190, "LIMBA FRANCEZA": 22}, "limba_materna": {"LIMBA ROMANA": 212}, "promotie_anterioara": {"NU": 187, "DA": 25}, "materii": {"LIMBA ROMANA": {"medie": 6.550241545893721, "reusita": 85.84905660377359, "cnt": 212}, "ISTORIE": {"medie": 6.992500000000003, "reusita": 98.33333333333333, "cnt": 60}, "GEOGRAFIE": {"medie": 7.601785714285716, "reusita": 96.55172413793103, "cnt": 29}, "GENERAL": {"medie": 6.5273983739837345, "reusita": 61.32075471698113, "cnt": 212}, "MATEMATICA ST-NAT": {"medie": 6.669642857142857, "reusita": 85.71428571428571, "cnt": 28}, "ANATOMIE SI FIZIOLOGIE UMANA, GENETICA SI ECOLOGIE UMANA": {"medie": 7.222826086956524, "reusita": 89.13043478260869, "cnt": 46}, "MATEMATICA MATE-INFO": {"medie": 6.794736842105261, "reusita": 86.8421052631579, "cnt": 38}, "BIOLOGIE VEGETALA SI ANIMALA": {"medie": 4.362162162162162, "reusita": 36.84210526315789, "cnt": 38}, "FIZICA TEO": {"medie": 5.0, "reusita": 100.0, "cnt": 1}, "MATEMATICA TEHN": {"medie": 4.585624999999999, "reusita": 50.0, "cnt": 86}, "LOGICA, ARGUMENTARE SI COMUNICARE": {"medie": 7.916, "reusita": 92.20779220779221, "cnt": 77}, "INFORMATICA MI C/C++": {"medie": 7.575, "reusita": 100.0, "cnt": 8}, "CHIMIE ANORGANICA TEH NIVEL I/II": {"medie": 6.0, "reusita": 100.0, "cnt": 1}, "FIZICA TEH": {"medie": 2.3, "reusita": 0.0, "cnt": 2}, "CHIMIE ANORGANICA TEO NIVEL I/II": {"medie": 8.100000000000001, "reusita": 100.0, "cnt": 10}}, "nume": "COLEGIUL TEHNIC \"MIHAI BACESCU\" FALTICENI\tSuceava"}