{"specializari": {"TEHNICIAN IN INSTALATII ELECTRICE": 10, "TEHNICIAN AGROMONTAN": 9, "TEHNICIAN IN TURISM": 36, "TEHNICIAN IN INDUSTRIA ALIMENTARA": 1, "TEHNICIAN OPERATOR TEHNICA DE CALCUL": 16, "TEHNICIAN ELECTRICIAN/ELECTRONIST AUTO": 9, "TEHNICIAN IN ADMINISTRATIE": 27, "TEHNICIAN ECOLOG SI PROTECTIA CALITATII MEDIULUI": 40, "TEHNICIAN MECANIC PENTRU INTRETINERE SI REPARATII": 27, "TEHNICIAN IN ACTIVITATI ECONOMICE": 29, "TEHNICIAN ANALIZE PRODUSE ALIMENTARE": 3, "TEHNICIAN IN GASTRONOMIE": 15, "TEHNICIAN IN SILVICULTURA SI EXPLOATARI FORESTIERE": 25, "TEHNICIAN IN AGRICULTURA": 4, "TEHNICIAN IN AUTOMATIZARI": 3, "STIINTE ALE NATURII": 4, "TEHNICIAN IN CONSTRUCTII SI LUCRARI PUBLICE": 1, "TEHNICIAN IN INDUSTRIA TEXTILA": 2}, "limba_moderna": {"LIMBA ENGLEZA": 180, "LIMBA FRANCEZA": 81}, "limba_materna": {"LIMBA ROMANA": 261}, "promotie_anterioara": {"NU": 217, "DA": 44}, "materii": {"LIMBA ROMANA": {"medie": 5.512695312500001, "reusita": 70.11494252873564, "cnt": 261}, "GEOGRAFIE": {"medie": 6.7872448979591855, "reusita": 87.87878787878788, "cnt": 99}, "GENERAL": {"medie": 5.22936507936508, "reusita": 32.56704980842912, "cnt": 261}, "MATEMATICA ST-NAT": {"medie": 4.45, "reusita": 75.0, "cnt": 4}, "ANATOMIE SI FIZIOLOGIE UMANA, GENETICA SI ECOLOGIE UMANA": {"medie": 5.121951219512195, "reusita": 62.65060240963856, "cnt": 83}, "BIOLOGIE VEGETALA SI ANIMALA": {"medie": 3.7030000000000003, "reusita": 26.785714285714285, "cnt": 56}, "MATEMATICA TEHN": {"medie": 4.618849206349204, "reusita": 54.474708171206224, "cnt": 257}, "ECONOMIE": {"medie": 3.7875000000000005, "reusita": 37.5, "cnt": 8}, "CHIMIE ANORGANICA TEH NIVEL I/II": {"medie": 5.716666666666668, "reusita": 83.33333333333334, "cnt": 6}, "FIZICA TEH": {"medie": 6.300000000000001, "reusita": 87.5, "cnt": 8}, "CHIMIE ORGANICA TEH NIVEL I/II": {"medie": 6.15, "reusita": 100.0, "cnt": 1}}, "nume": "COLEGIUL TEHNIC \"ION CREANGA\", ORAS TARGU NEAMT\tNeam\u021b"}