{"specializari": {"MATEMATICA-INFORMATICA": 40, "STIINTE SOCIALE": 36, "FILOLOGIE": 67, "STIINTE ALE NATURII": 33}, "limba_moderna": {"LIMBA ENGLEZA": 151, "LIMBA FRANCEZA": 25}, "limba_materna": {"LIMBA ROMANA": 176}, "promotie_anterioara": {"DA": 38, "NU": 138}, "materii": {"LIMBA ROMANA": {"medie": 6.638793103448274, "reusita": 90.3409090909091, "cnt": 176}, "ISTORIE": {"medie": 6.672330097087376, "reusita": 94.1747572815534, "cnt": 103}, "GEOGRAFIE": {"medie": 7.2124999999999995, "reusita": 91.66666666666666, "cnt": 24}, "GENERAL": {"medie": 6.870498084291185, "reusita": 69.31818181818183, "cnt": 176}, "MATEMATICA ST-NAT": {"medie": 3.490624999999999, "reusita": 36.36363636363637, "cnt": 33}, "ANATOMIE SI FIZIOLOGIE UMANA, GENETICA SI ECOLOGIE UMANA": {"medie": 6.091666666666666, "reusita": 70.0, "cnt": 30}, "MATEMATICA MATE-INFO": {"medie": 8.19, "reusita": 100.0, "cnt": 40}, "BIOLOGIE VEGETALA SI ANIMALA": {"medie": 5.2299999999999995, "reusita": 66.66666666666666, "cnt": 6}, "FIZICA TEO": {"medie": 8.4, "reusita": 100.0, "cnt": 12}, "CHIMIE ORGANICA TEO NIVEL I/II": {"medie": 7.908333333333334, "reusita": 100.0, "cnt": 6}, "SOCIOLOGIE": {"medie": 7.783333333333334, "reusita": 100.0, "cnt": 3}, "LOGICA, ARGUMENTARE SI COMUNICARE": {"medie": 8.259210526315787, "reusita": 97.36842105263158, "cnt": 76}, "INFORMATICA MI C/C++": {"medie": 9.8, "reusita": 100.0, "cnt": 1}, "CHIMIE ANORGANICA TEO NIVEL I/II": {"medie": 6.991666666666667, "reusita": 83.33333333333334, "cnt": 18}}, "nume": "COLEGIUL NATIONAL \"ION LUCA CARAGIALE\" MORENI\tD\u00e2mbovi\u021ba"}