{"specializari": {"TEHNICIAN OPERATOR TEHNICA DE CALCUL": 9, "TEHNICIAN ELECTRONIST": 5, "TEHNICIAN IN AUTOMATIZARI": 13, "MATEMATICA-INFORMATICA": 22, "TEHNICIAN MECATRONIST": 6}, "limba_moderna": {"LIMBA ENGLEZA": 55}, "limba_materna": {"LIMBA ROMANA": 55}, "promotie_anterioara": {"NU": 18, "DA": 37}, "materii": {"LIMBA ROMANA": {"medie": 5.348076923076922, "reusita": 72.72727272727273, "cnt": 55}, "GENERAL": {"medie": 4.696969696969696, "reusita": 12.727272727272727, "cnt": 55}, "ANATOMIE SI FIZIOLOGIE UMANA, GENETICA SI ECOLOGIE UMANA": {"medie": 2.0, "reusita": 0.0, "cnt": 1}, "MATEMATICA MATE-INFO": {"medie": 3.5285714285714285, "reusita": 36.36363636363637, "cnt": 22}, "BIOLOGIE VEGETALA SI ANIMALA": {"medie": 4.9581395348837205, "reusita": 57.446808510638306, "cnt": 47}, "MATEMATICA TEHN": {"medie": 3.748333333333334, "reusita": 42.42424242424242, "cnt": 33}, "CHIMIE ANORGANICA TEH NIVEL I/II": {"medie": 5.3875, "reusita": 75.0, "cnt": 4}, "FIZICA TEH": {"medie": 1.6, "reusita": 0.0, "cnt": 3}}, "nume": "COLEGIUL TEHNIC \"EDMOND NICOLAU\"\tBucure\u0219ti"}