{"specializari": {"TEHNICIAN VETERINAR": 16, "TEHNICIAN TRANSPORTURI": 4, "TEHNICIAN IN ACTIVITATI ECONOMICE": 2, "TEHNICIAN OPERATOR TEHNICA DE CALCUL": 1, "TEHNICIAN ECOLOG SI PROTECTIA CALITATII MEDIULUI": 2, "TEHNICIAN AGRONOM": 2, "TEHNICIAN IN ACTIVITATI DE COMERT": 1}, "limba_moderna": {"LIMBA ENGLEZA": 28}, "limba_materna": {"LIMBA ROMANA": 28}, "promotie_anterioara": {"NU": 15, "DA": 13}, "materii": {"LIMBA ROMANA": {"medie": 4.074999999999999, "reusita": 39.285714285714285, "cnt": 28}, "GEOGRAFIE": {"medie": 5.966666666666666, "reusita": 66.66666666666666, "cnt": 3}, "GENERAL": {"medie": 4.077333333333334, "reusita": 21.428571428571427, "cnt": 28}, "ANATOMIE SI FIZIOLOGIE UMANA, GENETICA SI ECOLOGIE UMANA": {"medie": 4.218181818181818, "reusita": 36.36363636363637, "cnt": 11}, "BIOLOGIE VEGETALA SI ANIMALA": {"medie": 3.9722222222222223, "reusita": 36.36363636363637, "cnt": 11}, "MATEMATICA TEHN": {"medie": 3.569230769230769, "reusita": 46.42857142857143, "cnt": 28}, "FIZICA TEH": {"medie": 4.1000000000000005, "reusita": 33.33333333333333, "cnt": 3}}, "nume": "COLEGIUL NATIONAL AGRICOL \"CAROL I\" SLATINA\tOlt"}