{"specializari": {"TEHNICIAN ECOLOG SI PROTECTIA CALITATII MEDIULUI": 19, "TEHNICIAN MECANIC PENTRU INTRETINERE SI REPARATII": 9, "TEHNICIAN PROIECTANT PRODUSE FINITE DIN LEMN": 4, "TEHNICIAN IN SILVICULTURA SI EXPLOATARI FORESTIERE": 36, "TEHNICIAN IN INSTALATII ELECTRICE": 1}, "limba_moderna": {"LIMBA ENGLEZA": 69}, "limba_materna": {"LIMBA ROMANA": 69}, "promotie_anterioara": {"NU": 57, "DA": 12}, "materii": {"LIMBA ROMANA": {"medie": 5.7600000000000025, "reusita": 78.26086956521739, "cnt": 69}, "GENERAL": {"medie": 5.673544973544975, "reusita": 36.231884057971016, "cnt": 69}, "ANATOMIE SI FIZIOLOGIE UMANA, GENETICA SI ECOLOGIE UMANA": {"medie": 7.052884615384618, "reusita": 90.74074074074075, "cnt": 54}, "BIOLOGIE VEGETALA SI ANIMALA": {"medie": 3.6500000000000004, "reusita": 18.181818181818183, "cnt": 11}, "MATEMATICA TEHN": {"medie": 4.580468749999999, "reusita": 47.82608695652174, "cnt": 69}, "CHIMIE ANORGANICA TEH NIVEL I/II": {"medie": 6.35, "reusita": 100.0, "cnt": 1}, "FIZICA TEH": {"medie": 6.325, "reusita": 50.0, "cnt": 2}, "CHIMIE ORGANICA TEH NIVEL I/II": {"medie": 5.8, "reusita": 100.0, "cnt": 1}}, "nume": "COLEGIUL TEHNIC FORESTIER, MUNICIPIUL PIATRA-NEAMT\tNeam\u021b"}