{"specializari": {"TEHNICIAN MECANIC PENTRU INTRETINERE SI REPARATII": 6, "LICEU CU PROGRAM SPORTIV": 22, "TEHNICIAN PROIECTANT CAD": 8, "TEHNICIAN MECATRONIST": 6, "TEHNICIAN PRELUCRARI MECANICE": 2}, "limba_moderna": {"LIMBA FRANCEZA": 3, "LIMBA ENGLEZA": 41}, "limba_materna": {"LIMBA ROMANA": 44}, "promotie_anterioara": {"DA": 24, "NU": 20}, "materii": {"LIMBA ROMANA": {"medie": 4.9511627906976745, "reusita": 68.18181818181817, "cnt": 44}, "ISTORIE": {"medie": 5.861363636363637, "reusita": 86.36363636363636, "cnt": 22}, "GEOGRAFIE": {"medie": 6.443181818181818, "reusita": 81.81818181818183, "cnt": 22}, "GENERAL": {"medie": 5.138095238095238, "reusita": 22.727272727272727, "cnt": 44}, "BIOLOGIE VEGETALA SI ANIMALA": {"medie": 4.111538461538462, "reusita": 35.714285714285715, "cnt": 14}, "MATEMATICA TEHN": {"medie": 4.166666666666667, "reusita": 45.45454545454545, "cnt": 22}, "CHIMIE ANORGANICA TEH NIVEL I/II": {"medie": 4.391666666666667, "reusita": 42.857142857142854, "cnt": 7}, "FIZICA TEH": {"medie": 2.95, "reusita": 0.0, "cnt": 1}}, "nume": "COLEGIUL TEHNIC MECANIC \"GRIVITA\"\tBucure\u0219ti"}