{"specializari": {"TEHNICIAN IN ACTIVITATI ECONOMICE": 83, "TEHNICIAN IN ACTIVITATI DE COMERT": 58, "TEHNICIAN IN ADMINISTRATIE": 22, "TEHNICIAN IN GASTRONOMIE": 28, "TEHNICIAN IN TURISM": 28, "FILOLOGIE": 3}, "limba_moderna": {"LIMBA ENGLEZA": 183, "LIMBA FRANCEZA": 33, "LIMBA GERMANA MODERNA": 6}, "limba_materna": {"LIMBA ROMANA": 222}, "promotie_anterioara": {"NU": 209, "DA": 13}, "materii": {"LIMBA ROMANA": {"medie": 7.208675799086759, "reusita": 97.74774774774775, "cnt": 222}, "ISTORIE": {"medie": 4.699999999999999, "reusita": 66.66666666666666, "cnt": 3}, "GEOGRAFIE": {"medie": 8.401293103448273, "reusita": 98.29059829059828, "cnt": 117}, "GENERAL": {"medie": 7.783257229832568, "reusita": 86.48648648648648, "cnt": 222}, "MATEMATICA TEHN": {"medie": 7.7539351851851865, "reusita": 94.52054794520548, "cnt": 219}, "PSIHOLOGIE": {"medie": 8.266666666666666, "reusita": 100.0, "cnt": 3}, "LOGICA, ARGUMENTARE SI COMUNICARE": {"medie": 8.762987012987015, "reusita": 93.67088607594937, "cnt": 79}, "ECONOMIE": {"medie": 7.471739130434783, "reusita": 95.65217391304348, "cnt": 23}}, "nume": "COLEGIUL ECONOMIC \"MARIA TEIULEANU\" PITESTI\tArge\u0219"}