{"specializari": {"STIINTE SOCIALE": 51, "STIINTE ALE NATURII": 20, "FILOLOGIE": 53, "MATEMATICA-INFORMATICA": 51}, "limba_moderna": {"LIMBA ENGLEZA": 157, "LIMBA FRANCEZA": 18}, "limba_materna": {"LIMBA ROMANA": 175}, "promotie_anterioara": {"NU": 162, "DA": 13}, "materii": {"LIMBA ROMANA": {"medie": 6.082058823529409, "reusita": 74.85714285714286, "cnt": 175}, "ISTORIE": {"medie": 6.413366336633665, "reusita": 85.57692307692307, "cnt": 104}, "GEOGRAFIE": {"medie": 6.785148514851485, "reusita": 84.61538461538461, "cnt": 104}, "GENERAL": {"medie": 6.538823529411761, "reusita": 57.714285714285715, "cnt": 175}, "MATEMATICA ST-NAT": {"medie": 4.7075, "reusita": 60.0, "cnt": 20}, "ANATOMIE SI FIZIOLOGIE UMANA, GENETICA SI ECOLOGIE UMANA": {"medie": 7.785384615384616, "reusita": 88.05970149253731, "cnt": 67}, "MATEMATICA MATE-INFO": {"medie": 6.748979591836736, "reusita": 84.31372549019608, "cnt": 51}, "BIOLOGIE VEGETALA SI ANIMALA": {"medie": 9.525, "reusita": 100.0, "cnt": 2}, "CHIMIE ORGANICA TEO NIVEL I/II": {"medie": 8.75, "reusita": 100.0, "cnt": 1}, "INFORMATICA MI C/C++": {"medie": 9.1, "reusita": 100.0, "cnt": 1}}, "nume": "COLEGIUL NATIONAL \"SAMUIL VULCAN\" BEIUS\tBihor"}