{"specializari": {"STIINTE ALE NATURII": 44, "STIINTE SOCIALE": 28, "TEOLOGIE GRECO-CATOLICA": 4, "FILOLOGIE": 56, "MATEMATICA-INFORMATICA": 20}, "limba_moderna": {"LIMBA ENGLEZA": 125, "LIMBA FRANCEZA": 19, "LIMBA GERMANA MODERNA": 7, "LIMBA ITALIANA": 1}, "limba_materna": {"LIMBA ROMANA": 152}, "promotie_anterioara": {"NU": 143, "DA": 9}, "materii": {"LIMBA ROMANA": {"medie": 7.566776315789475, "reusita": 97.36842105263158, "cnt": 152}, "ISTORIE": {"medie": 7.067045454545454, "reusita": 100.0, "cnt": 88}, "GEOGRAFIE": {"medie": 7.641071428571425, "reusita": 96.47058823529412, "cnt": 85}, "GENERAL": {"medie": 7.556888888888887, "reusita": 83.55263157894737, "cnt": 152}, "MATEMATICA ST-NAT": {"medie": 7.809090909090909, "reusita": 97.72727272727273, "cnt": 44}, "ANATOMIE SI FIZIOLOGIE UMANA, GENETICA SI ECOLOGIE UMANA": {"medie": 8.825675675675674, "reusita": 100.0, "cnt": 37}, "MATEMATICA MATE-INFO": {"medie": 6.3175, "reusita": 80.0, "cnt": 20}, "BIOLOGIE VEGETALA SI ANIMALA": {"medie": 8.178571428571429, "reusita": 85.71428571428571, "cnt": 7}, "FIZICA TEO": {"medie": 5.75, "reusita": 100.0, "cnt": 1}, "CHIMIE ORGANICA TEO NIVEL I/II": {"medie": 10.0, "reusita": 100.0, "cnt": 1}, "PSIHOLOGIE": {"medie": 9.1, "reusita": 100.0, "cnt": 1}, "INFORMATICA MI C/C++": {"medie": 6.300000000000001, "reusita": 100.0, "cnt": 18}, "ECONOMIE": {"medie": 4.4, "reusita": 0.0, "cnt": 1}, "FILOSOFIE": {"medie": 9.7, "reusita": 100.0, "cnt": 1}}, "nume": "COLEGIUL NATIONAL \"DOAMNA STANCA\" SATU MARE\tSatu-Mare"}