{"specializari": {"MATEMATICA-INFORMATICA": 73, "STIINTE ALE NATURII": 61, "FILOLOGIE": 33, "STIINTE SOCIALE": 27}, "limba_moderna": {"LIMBA ENGLEZA": 181, "LIMBA FRANCEZA": 12, "LIMBA GERMANA MODERNA": 1}, "limba_materna": {"LIMBA ROMANA": 194}, "promotie_anterioara": {"NU": 194}, "materii": {"LIMBA ROMANA": {"medie": 8.009536082474225, "reusita": 99.48453608247422, "cnt": 194}, "ISTORIE": {"medie": 7.968333333333334, "reusita": 100.0, "cnt": 60}, "GEOGRAFIE": {"medie": 8.95, "reusita": 100.0, "cnt": 48}, "GENERAL": {"medie": 8.487371134020616, "reusita": 98.96907216494846, "cnt": 194}, "MATEMATICA ST-NAT": {"medie": 8.306557377049181, "reusita": 98.36065573770492, "cnt": 61}, "ANATOMIE SI FIZIOLOGIE UMANA, GENETICA SI ECOLOGIE UMANA": {"medie": 9.105084745762715, "reusita": 98.30508474576271, "cnt": 59}, "MATEMATICA MATE-INFO": {"medie": 8.89109589041096, "reusita": 100.0, "cnt": 73}, "BIOLOGIE VEGETALA SI ANIMALA": {"medie": 9.261111111111111, "reusita": 100.0, "cnt": 18}, "FIZICA TEO": {"medie": 8.53, "reusita": 100.0, "cnt": 5}, "CHIMIE ORGANICA TEO NIVEL I/II": {"medie": 9.149999999999999, "reusita": 100.0, "cnt": 4}, "INFORMATICA SN C/C++": {"medie": 9.45, "reusita": 100.0, "cnt": 2}, "PSIHOLOGIE": {"medie": 9.466666666666667, "reusita": 100.0, "cnt": 3}, "LOGICA, ARGUMENTARE SI COMUNICARE": {"medie": 8.55, "reusita": 100.0, "cnt": 8}, "INFORMATICA MI C/C++": {"medie": 8.983720930232558, "reusita": 100.0, "cnt": 43}, "ECONOMIE": {"medie": 9.1, "reusita": 100.0, "cnt": 1}, "CHIMIE ANORGANICA TEO NIVEL I/II": {"medie": 9.366666666666665, "reusita": 100.0, "cnt": 3}}, "nume": "COLEGIUL NATIONAL \"MIHAI EMINESCU\" SATU MARE\tSatu-Mare"}