{"specializari": {"TEOLOGIE REFORMATA": 31, "STIINTE ALE NATURII": 27, "MATEMATICA-INFORMATICA": 2}, "limba_moderna": {"LIMBA ENGLEZA": 60}, "limba_materna": {"LIMBA MAGHIARA": 60}, "promotie_anterioara": {"NU": 56, "DA": 4}, "materii": {"LIMBA ROMANA": {"medie": 6.590833333333334, "reusita": 91.66666666666666, "cnt": 60}, "ISTORIE": {"medie": 7.577419354838711, "reusita": 100.0, "cnt": 31}, "GEOGRAFIE": {"medie": 8.669354838709678, "reusita": 100.0, "cnt": 31}, "GENERAL": {"medie": 7.752500000000001, "reusita": 90.0, "cnt": 60}, "MATEMATICA ST-NAT": {"medie": 8.164814814814815, "reusita": 100.0, "cnt": 27}, "ANATOMIE SI FIZIOLOGIE UMANA, GENETICA SI ECOLOGIE UMANA": {"medie": 8.37, "reusita": 100.0, "cnt": 15}, "MATEMATICA MATE-INFO": {"medie": 5.3, "reusita": 100.0, "cnt": 2}, "BIOLOGIE VEGETALA SI ANIMALA": {"medie": 8.17, "reusita": 100.0, "cnt": 5}, "FIZICA TEO": {"medie": 7.225, "reusita": 100.0, "cnt": 2}, "CHIMIE ORGANICA TEO NIVEL I/II": {"medie": 9.2, "reusita": 100.0, "cnt": 2}, "LIMBA MAGHIARA (REAL)": {"medie": 8.208333333333334, "reusita": 100.0, "cnt": 60}, "INFORMATICA SN PASCAL": {"medie": 7.74, "reusita": 100.0, "cnt": 5}}, "nume": "COLEGIUL REFORMAT \"BACZKAMADARASI KIS GERGELY\" ODORHEIU SECUIESC\tHarghita"}