{"specializari": {"MATEMATICA-INFORMATICA": 103, "FILOLOGIE": 33, "STIINTE ALE NATURII": 34, "STIINTE SOCIALE": 34}, "limba_moderna": {"LIMBA ENGLEZA": 186, "LIMBA FRANCEZA": 16, "LIMBA GERMANA MODERNA": 1, "LIMBA ITALIANA": 1}, "limba_materna": {"LIMBA ROMANA": 204}, "promotie_anterioara": {"NU": 204}, "materii": {"LIMBA ROMANA": {"medie": 8.619852941176468, "reusita": 100.0, "cnt": 204}, "ISTORIE": {"medie": 8.689552238805971, "reusita": 100.0, "cnt": 67}, "GEOGRAFIE": {"medie": 9.496590909090909, "reusita": 100.0, "cnt": 44}, "GENERAL": {"medie": 8.96805555555556, "reusita": 100.0, "cnt": 204}, "MATEMATICA ST-NAT": {"medie": 9.225, "reusita": 100.0, "cnt": 34}, "ANATOMIE SI FIZIOLOGIE UMANA, GENETICA SI ECOLOGIE UMANA": {"medie": 9.113636363636362, "reusita": 100.0, "cnt": 11}, "MATEMATICA MATE-INFO": {"medie": 9.04611650485437, "reusita": 100.0, "cnt": 103}, "BIOLOGIE VEGETALA SI ANIMALA": {"medie": 8.703125, "reusita": 100.0, "cnt": 16}, "FIZICA TEO": {"medie": 9.4172131147541, "reusita": 100.0, "cnt": 61}, "CHIMIE ORGANICA TEO NIVEL I/II": {"medie": 9.689285714285715, "reusita": 100.0, "cnt": 28}, "SOCIOLOGIE": {"medie": 8.939285714285713, "reusita": 100.0, "cnt": 14}, "PSIHOLOGIE": {"medie": 9.733333333333333, "reusita": 100.0, "cnt": 3}, "INFORMATICA MI C/C++": {"medie": 9.14047619047619, "reusita": 100.0, "cnt": 21}, "ECONOMIE": {"medie": 8.833333333333334, "reusita": 100.0, "cnt": 6}}, "nume": "COLEGIUL NATIONAL \"UNIREA\" FOCSANI\tVrancea"}