{"specializari": {"TEHNICIAN IN ACTIVITATI ECONOMICE": 129, "TEHNICIAN IN TURISM": 31}, "limba_moderna": {"LIMBA FRANCEZA": 23, "LIMBA ENGLEZA": 137}, "limba_materna": {"LIMBA ROMANA": 160}, "promotie_anterioara": {"NU": 155, "DA": 5}, "materii": {"LIMBA ROMANA": {"medie": 6.364062499999999, "reusita": 96.25, "cnt": 160}, "GEOGRAFIE": {"medie": 7.841489361702128, "reusita": 99.29078014184397, "cnt": 141}, "GENERAL": {"medie": 7.112604166666669, "reusita": 90.625, "cnt": 160}, "MATEMATICA TEHN": {"medie": 7.2815625000000015, "reusita": 98.75, "cnt": 160}, "ECONOMIE": {"medie": 6.58421052631579, "reusita": 94.73684210526315, "cnt": 19}}, "nume": "COLEGIUL ECONOMIC \"COSTIN C. KIRITESCU\"\tBucure\u0219ti"}