{"specializari": {"ORGANIZATOR BANQUETING": 9, "TEHNICIAN IN TURISM": 10, "TEHNICIAN DESIGNER VESTIMENTAR": 8, "TEHNICIAN IN HOTELARIE": 1, "TEHNICIAN IN GASTRONOMIE": 28, "TEHNICIAN IN INDUSTRIA TEXTILA": 1}, "limba_moderna": {"LIMBA ENGLEZA": 53, "LIMBA FRANCEZA": 4}, "limba_materna": {"LIMBA ROMANA": 57}, "promotie_anterioara": {"DA": 19, "NU": 38}, "materii": {"LIMBA ROMANA": {"medie": 5.325438596491227, "reusita": 75.43859649122807, "cnt": 57}, "GEOGRAFIE": {"medie": 6.345744680851065, "reusita": 89.36170212765957, "cnt": 47}, "GENERAL": {"medie": 5.321913580246916, "reusita": 35.08771929824561, "cnt": 57}, "BIOLOGIE VEGETALA SI ANIMALA": {"medie": 4.6, "reusita": 50.0, "cnt": 4}, "MATEMATICA TEHN": {"medie": 4.4263157894736835, "reusita": 56.14035087719298, "cnt": 57}, "ECONOMIE": {"medie": 2.6, "reusita": 0.0, "cnt": 1}, "FIZICA TEH": {"medie": 5.916666666666667, "reusita": 60.0, "cnt": 5}}, "nume": "COLEGIUL TEHNIC \"GHEORGHE ASACHI\" FOCSANI\tVrancea"}