{"specializari": {"STIINTE ALE NATURII": 26, "FILOLOGIE": 58, "MATEMATICA-INFORMATICA": 21}, "limba_moderna": {"LIMBA ENGLEZA": 99, "LIMBA FRANCEZA": 6}, "limba_materna": {"LIMBA ROMANA": 105}, "promotie_anterioara": {"NU": 101, "DA": 4}, "materii": {"LIMBA ROMANA": {"medie": 7.107692307692305, "reusita": 85.71428571428571, "cnt": 105}, "ISTORIE": {"medie": 6.892105263157895, "reusita": 84.48275862068965, "cnt": 58}, "GEOGRAFIE": {"medie": 6.992592592592594, "reusita": 81.81818181818183, "cnt": 55}, "GENERAL": {"medie": 7.095352564102568, "reusita": 68.57142857142857, "cnt": 105}, "MATEMATICA ST-NAT": {"medie": 5.603846153846154, "reusita": 57.692307692307686, "cnt": 26}, "ANATOMIE SI FIZIOLOGIE UMANA, GENETICA SI ECOLOGIE UMANA": {"medie": 8.2625, "reusita": 93.75, "cnt": 16}, "MATEMATICA MATE-INFO": {"medie": 7.407142857142857, "reusita": 90.47619047619048, "cnt": 21}, "BIOLOGIE VEGETALA SI ANIMALA": {"medie": 7.577499999999998, "reusita": 90.0, "cnt": 20}, "INFORMATICA SN C/C++": {"medie": 9.6, "reusita": 100.0, "cnt": 1}, "PSIHOLOGIE": {"medie": 9.200000000000001, "reusita": 100.0, "cnt": 3}, "INFORMATICA MI C/C++": {"medie": 8.19, "reusita": 90.0, "cnt": 10}}, "nume": "COLEGIUL NATIONAL \"AVRAM IANCU\" STEI\tBihor"}