{"specializari": {"TEHNICIAN IN ACTIVITATI ECONOMICE": 125, "TEHNICIAN IN ACTIVITATI DE COMERT": 7, "TEHNICIAN IN HOTELARIE": 45}, "limba_moderna": {"LIMBA ENGLEZA": 167, "LIMBA FRANCEZA": 1, "LIMBA SPANIOLA": 9}, "limba_materna": {"LIMBA ROMANA": 177}, "promotie_anterioara": {"NU": 144, "DA": 33}, "materii": {"LIMBA ROMANA": {"medie": 6.267052023121386, "reusita": 91.52542372881356, "cnt": 177}, "GEOGRAFIE": {"medie": 7.143478260869566, "reusita": 92.81437125748504, "cnt": 167}, "GENERAL": {"medie": 6.4115461847389525, "reusita": 55.367231638418076, "cnt": 177}, "MATEMATICA TEHN": {"medie": 5.89382352941177, "reusita": 72.88135593220339, "cnt": 177}, "PSIHOLOGIE": {"medie": 4.8500000000000005, "reusita": 66.66666666666666, "cnt": 3}, "LOGICA, ARGUMENTARE SI COMUNICARE": {"medie": 6.233333333333333, "reusita": 66.66666666666666, "cnt": 3}, "ECONOMIE": {"medie": 3.8875, "reusita": 25.0, "cnt": 4}}, "nume": "COLEGIUL ECONOMIC \"HERMES\"\tBucure\u0219ti"}