{"specializari": {"TEHNICIAN MECATRONIST": 2, "TEHNICIAN ECOLOG SI PROTECTIA CALITATII MEDIULUI": 4, "TEHNICIAN TRANSPORTURI": 25, "TEHNICIAN IN INDUSTRIA TEXTILA": 2, "TEHNICIAN IN SILVICULTURA SI EXPLOATARI FORESTIERE": 4, "TEHNICIAN OPERATOR TEHNICA DE CALCUL": 1, "TEHNICIAN DESIGNER VESTIMENTAR": 1}, "limba_moderna": {"LIMBA ENGLEZA": 38, "LIMBA FRANCEZA": 1}, "limba_materna": {"LIMBA ROMANA": 39}, "promotie_anterioara": {"DA": 27, "NU": 12}, "materii": {"LIMBA ROMANA": {"medie": 5.302702702702704, "reusita": 71.7948717948718, "cnt": 39}, "GENERAL": {"medie": 4.502857142857144, "reusita": 15.384615384615385, "cnt": 39}, "ANATOMIE SI FIZIOLOGIE UMANA, GENETICA SI ECOLOGIE UMANA": {"medie": 5.0, "reusita": 25.0, "cnt": 8}, "BIOLOGIE VEGETALA SI ANIMALA": {"medie": 3.9428571428571426, "reusita": 34.78260869565217, "cnt": 23}, "MATEMATICA TEHN": {"medie": 4.194594594594596, "reusita": 53.84615384615385, "cnt": 39}, "CHIMIE ANORGANICA TEH NIVEL I/II": {"medie": 5.55, "reusita": 100.0, "cnt": 1}, "FIZICA TEH": {"medie": 2.0, "reusita": 0.0, "cnt": 7}}, "nume": "COLEGIUL AUTO \"TRAIAN VUIA\" TG-JIU\tGorj"}