{"specializari": {"MATEMATICA-INFORMATICA": 115, "STIINTE SOCIALE": 23, "STIINTE ALE NATURII": 32, "FILOLOGIE": 28}, "limba_moderna": {"LIMBA ENGLEZA": 162, "LIMBA FRANCEZA": 34, "LIMBA GERMANA MODERNA": 2}, "limba_materna": {"LIMBA ROMANA": 198}, "promotie_anterioara": {"NU": 198}, "materii": {"LIMBA ROMANA": {"medie": 9.24545454545454, "reusita": 100.0, "cnt": 198}, "ISTORIE": {"medie": 8.851960784313727, "reusita": 100.0, "cnt": 51}, "GEOGRAFIE": {"medie": 9.751851851851852, "reusita": 100.0, "cnt": 27}, "GENERAL": {"medie": 9.35799663299663, "reusita": 100.0, "cnt": 198}, "MATEMATICA ST-NAT": {"medie": 9.484375000000002, "reusita": 100.0, "cnt": 32}, "ANATOMIE SI FIZIOLOGIE UMANA, GENETICA SI ECOLOGIE UMANA": {"medie": 9.59705882352941, "reusita": 100.0, "cnt": 17}, "MATEMATICA MATE-INFO": {"medie": 9.432173913043474, "reusita": 100.0, "cnt": 115}, "FIZICA TEO": {"medie": 9.48472222222222, "reusita": 100.0, "cnt": 36}, "CHIMIE ORGANICA TEO NIVEL I/II": {"medie": 9.502678571428573, "reusita": 100.0, "cnt": 56}, "INFORMATICA SN C/C++": {"medie": 7.0, "reusita": 100.0, "cnt": 1}, "PSIHOLOGIE": {"medie": 9.75, "reusita": 100.0, "cnt": 2}, "LOGICA, ARGUMENTARE SI COMUNICARE": {"medie": 9.296428571428573, "reusita": 100.0, "cnt": 14}, "INFORMATICA MI C/C++": {"medie": 9.644444444444446, "reusita": 100.0, "cnt": 36}, "ECONOMIE": {"medie": 9.514285714285716, "reusita": 100.0, "cnt": 7}, "CHIMIE ANORGANICA TEO NIVEL I/II": {"medie": 9.5, "reusita": 100.0, "cnt": 1}, "FILOSOFIE": {"medie": 8.4, "reusita": 100.0, "cnt": 1}}, "nume": "COLEGIUL NATIONAL \"VASILE ALECSANDRI\", LOCALITATEA GALATI\tGala\u021bi"}