{"specializari": {"FILOLOGIE": 105, "MATEMATICA-INFORMATICA": 60, "STIINTE SOCIALE": 1}, "limba_moderna": {"LIMBA ENGLEZA": 141, "LIMBA FRANCEZA": 25}, "limba_materna": {"LIMBA ROMANA": 166}, "promotie_anterioara": {"NU": 156, "DA": 10}, "materii": {"LIMBA ROMANA": {"medie": 7.320303030303027, "reusita": 94.57831325301204, "cnt": 166}, "ISTORIE": {"medie": 7.366190476190479, "reusita": 90.56603773584906, "cnt": 106}, "GEOGRAFIE": {"medie": 7.688068181818181, "reusita": 89.8876404494382, "cnt": 89}, "GENERAL": {"medie": 7.403030303030307, "reusita": 76.50602409638554, "cnt": 166}, "ANATOMIE SI FIZIOLOGIE UMANA, GENETICA SI ECOLOGIE UMANA": {"medie": 7.1625000000000005, "reusita": 94.44444444444444, "cnt": 36}, "MATEMATICA MATE-INFO": {"medie": 7.000833333333334, "reusita": 81.66666666666667, "cnt": 60}, "FIZICA TEO": {"medie": 7.32, "reusita": 90.0, "cnt": 10}, "CHIMIE ORGANICA TEO NIVEL I/II": {"medie": 9.1, "reusita": 100.0, "cnt": 5}, "SOCIOLOGIE": {"medie": 6.675000000000001, "reusita": 62.5, "cnt": 8}, "PSIHOLOGIE": {"medie": 9.05, "reusita": 100.0, "cnt": 2}, "LOGICA, ARGUMENTARE SI COMUNICARE": {"medie": 8.8, "reusita": 100.0, "cnt": 2}, "INFORMATICA MI C/C++": {"medie": 8.674999999999999, "reusita": 100.0, "cnt": 8}, "ECONOMIE": {"medie": 9.25, "reusita": 100.0, "cnt": 4}, "FILOSOFIE": {"medie": 6.2, "reusita": 100.0, "cnt": 1}, "INFORMATICA MI PASCAL": {"medie": 8.35, "reusita": 100.0, "cnt": 1}}, "nume": "COLEGIUL NATIONAL \"NEAGOE BASARAB\" OLTENITA\tC\u0103l\u0103ra\u0219i"}