{"specializari": {"TEHNICIAN MECATRONIST": 8, "TEHNICIAN IN AUTOMATIZARI": 11, "TEHNICIAN IN CONSTRUCTII SI LUCRARI PUBLICE": 1, "TEHNICIAN IN INSTALATII ELECTRICE": 2, "STIINTE SOCIALE": 11, "TEHNICIAN DESENATOR PENTRU CONSTRUCTII SI INSTALATII": 2, "STIINTE ALE NATURII": 2, "TEHNICIAN ELECTRICIAN/ELECTRONIST AUTO": 1}, "limba_moderna": {"LIMBA ENGLEZA": 37, "LIMBA FRANCEZA": 1}, "limba_materna": {"LIMBA ROMANA": 38}, "promotie_anterioara": {"NU": 25, "DA": 13}, "materii": {"LIMBA ROMANA": {"medie": 5.164473684210526, "reusita": 76.31578947368422, "cnt": 38}, "ISTORIE": {"medie": 5.54090909090909, "reusita": 90.9090909090909, "cnt": 11}, "GEOGRAFIE": {"medie": 6.633333333333333, "reusita": 100.0, "cnt": 9}, "GENERAL": {"medie": 5.272380952380951, "reusita": 39.473684210526315, "cnt": 38}, "MATEMATICA ST-NAT": {"medie": 5.6, "reusita": 100.0, "cnt": 2}, "BIOLOGIE VEGETALA SI ANIMALA": {"medie": 4.506, "reusita": 42.30769230769231, "cnt": 26}, "MATEMATICA TEHN": {"medie": 4.728260869565218, "reusita": 60.0, "cnt": 25}, "SOCIOLOGIE": {"medie": 7.95, "reusita": 100.0, "cnt": 1}, "LOGICA, ARGUMENTARE SI COMUNICARE": {"medie": 7.75, "reusita": 100.0, "cnt": 1}, "FIZICA TEH": {"medie": 8.55, "reusita": 100.0, "cnt": 1}}, "nume": "COLEGIUL TEHNIC \"SAMUIL ISOPESCU\" SUCEAVA\tSuceava"}