{"specializari": {"FILOLOGIE": 137, "MATEMATICA-INFORMATICA": 119}, "limba_moderna": {"LIMBA ENGLEZA": 223, "LIMBA FRANCEZA": 4, "LIMBA GERMANA MODERNA": 29}, "limba_materna": {"LIMBA ROMANA": 256}, "promotie_anterioara": {"NU": 251, "DA": 5}, "materii": {"LIMBA ROMANA": {"medie": 8.1318359375, "reusita": 99.609375, "cnt": 256}, "ISTORIE": {"medie": 8.456934306569345, "reusita": 100.0, "cnt": 137}, "GEOGRAFIE": {"medie": 9.152564102564103, "reusita": 100.0, "cnt": 39}, "GENERAL": {"medie": 8.225325520833335, "reusita": 96.09375, "cnt": 256}, "ANATOMIE SI FIZIOLOGIE UMANA, GENETICA SI ECOLOGIE UMANA": {"medie": 8.023333333333333, "reusita": 100.0, "cnt": 15}, "MATEMATICA MATE-INFO": {"medie": 8.00840336134454, "reusita": 95.7983193277311, "cnt": 119}, "BIOLOGIE VEGETALA SI ANIMALA": {"medie": 7.565000000000002, "reusita": 100.0, "cnt": 20}, "FIZICA TEO": {"medie": 7.554166666666666, "reusita": 95.83333333333334, "cnt": 24}, "CHIMIE ORGANICA TEO NIVEL I/II": {"medie": 8.775, "reusita": 100.0, "cnt": 12}, "SOCIOLOGIE": {"medie": 8.244117647058825, "reusita": 100.0, "cnt": 34}, "PSIHOLOGIE": {"medie": 7.458333333333333, "reusita": 100.0, "cnt": 6}, "LOGICA, ARGUMENTARE SI COMUNICARE": {"medie": 9.027272727272727, "reusita": 100.0, "cnt": 33}, "INFORMATICA MI C/C++": {"medie": 8.234090909090911, "reusita": 97.72727272727273, "cnt": 44}, "ECONOMIE": {"medie": 7.800000000000001, "reusita": 100.0, "cnt": 18}, "CHIMIE ANORGANICA TEO NIVEL I/II": {"medie": 8.4875, "reusita": 100.0, "cnt": 4}, "FILOSOFIE": {"medie": 6.985714285714286, "reusita": 100.0, "cnt": 7}}, "nume": "COLEGIUL NATIONAL \"I.L.CARAGIALE\"\tBucure\u0219ti"}