{"specializari": {"TEHNICIAN IN ACTIVITATI ECONOMICE": 62, "ORGANIZATOR BANQUETING": 24, "TEHNICIAN IN ACTIVITATI DE COMERT": 57, "TEHNICIAN IN TURISM": 20, "TEHNICIAN IN ACHIZITII SI CONTRACTARI": 21, "TEHNICIAN IN GASTRONOMIE": 2}, "limba_moderna": {"LIMBA ENGLEZA": 166, "LIMBA FRANCEZA": 13, "LIMBA GERMANA MODERNA": 7}, "limba_materna": {"LIMBA ROMANA": 162, "LIMBA MAGHIARA": 24}, "promotie_anterioara": {"NU": 160, "DA": 26}, "materii": {"LIMBA ROMANA": {"medie": 5.987499999999999, "reusita": 89.78494623655914, "cnt": 186}, "GEOGRAFIE": {"medie": 6.871551724137929, "reusita": 94.35028248587571, "cnt": 177}, "GENERAL": {"medie": 6.429190207156309, "reusita": 61.29032258064516, "cnt": 186}, "MATEMATICA TEHN": {"medie": 6.347252747252746, "reusita": 85.48387096774194, "cnt": 186}, "LIMBA MAGHIARA (REAL)": {"medie": 6.534782608695651, "reusita": 95.83333333333334, "cnt": 24}, "ECONOMIE": {"medie": 5.8, "reusita": 77.77777777777779, "cnt": 9}}, "nume": "COLEGIUL ECONOMIC \"GHEORGHE DRAGOS\" SATU MARE\tSatu-Mare"}