{"specializari": {"MATEMATICA-INFORMATICA": 138, "FILOLOGIE": 115}, "limba_moderna": {"LIMBA ENGLEZA": 231, "LIMBA SPANIOLA": 18, "LIMBA FRANCEZA": 4}, "limba_materna": {"LIMBA ROMANA": 253}, "promotie_anterioara": {"NU": 250, "DA": 3}, "materii": {"LIMBA ROMANA": {"medie": 8.439130434782605, "reusita": 99.60474308300395, "cnt": 253}, "ISTORIE": {"medie": 8.25304347826087, "reusita": 100.0, "cnt": 115}, "GEOGRAFIE": {"medie": 8.824418604651166, "reusita": 100.0, "cnt": 43}, "GENERAL": {"medie": 8.5459815546772, "reusita": 97.62845849802372, "cnt": 253}, "ANATOMIE SI FIZIOLOGIE UMANA, GENETICA SI ECOLOGIE UMANA": {"medie": 9.115, "reusita": 100.0, "cnt": 40}, "MATEMATICA MATE-INFO": {"medie": 8.68550724637681, "reusita": 100.0, "cnt": 138}, "BIOLOGIE VEGETALA SI ANIMALA": {"medie": 9.021052631578948, "reusita": 100.0, "cnt": 19}, "FIZICA TEO": {"medie": 8.585, "reusita": 98.33333333333333, "cnt": 60}, "CHIMIE ORGANICA TEO NIVEL I/II": {"medie": 8.883333333333333, "reusita": 100.0, "cnt": 6}, "SOCIOLOGIE": {"medie": 7.880303030303031, "reusita": 93.93939393939394, "cnt": 33}, "PSIHOLOGIE": {"medie": 8.729166666666666, "reusita": 100.0, "cnt": 12}, "LOGICA, ARGUMENTARE SI COMUNICARE": {"medie": 8.754545454545454, "reusita": 100.0, "cnt": 11}, "INFORMATICA MI C/C++": {"medie": 8.829166666666667, "reusita": 100.0, "cnt": 12}, "ECONOMIE": {"medie": 9.09375, "reusita": 100.0, "cnt": 16}, "CHIMIE ANORGANICA TEO NIVEL I/II": {"medie": 7.2, "reusita": 100.0, "cnt": 1}}, "nume": "COLEGIUL NATIONAL \"IULIA HASDEU\"\tBucure\u0219ti"}