{"specializari": {"MATEMATICA-INFORMATICA": 143, "FILOLOGIE": 32}, "limba_moderna": {"LIMBA ENGLEZA": 175}, "limba_materna": {"LIMBA ROMANA": 175}, "promotie_anterioara": {"NU": 175}, "materii": {"LIMBA ROMANA": {"medie": 8.323714285714281, "reusita": 100.0, "cnt": 175}, "ISTORIE": {"medie": 8.370312499999999, "reusita": 100.0, "cnt": 32}, "GEOGRAFIE": {"medie": 9.45, "reusita": 100.0, "cnt": 12}, "GENERAL": {"medie": 8.625383141762446, "reusita": 96.57142857142857, "cnt": 175}, "ANATOMIE SI FIZIOLOGIE UMANA, GENETICA SI ECOLOGIE UMANA": {"medie": 8.982142857142858, "reusita": 100.0, "cnt": 14}, "MATEMATICA MATE-INFO": {"medie": 8.691608391608387, "reusita": 97.9020979020979, "cnt": 143}, "BIOLOGIE VEGETALA SI ANIMALA": {"medie": 8.638888888888888, "reusita": 92.85714285714286, "cnt": 28}, "FIZICA TEO": {"medie": 8.751562500000002, "reusita": 100.0, "cnt": 32}, "CHIMIE ORGANICA TEO NIVEL I/II": {"medie": 9.197058823529414, "reusita": 100.0, "cnt": 17}, "SOCIOLOGIE": {"medie": 8.15, "reusita": 100.0, "cnt": 1}, "PSIHOLOGIE": {"medie": 9.325, "reusita": 100.0, "cnt": 4}, "LOGICA, ARGUMENTARE SI COMUNICARE": {"medie": 9.450000000000001, "reusita": 100.0, "cnt": 13}, "INFORMATICA MI C/C++": {"medie": 8.667857142857141, "reusita": 100.0, "cnt": 28}, "ECONOMIE": {"medie": 8.100000000000001, "reusita": 100.0, "cnt": 2}, "CHIMIE ANORGANICA TEO NIVEL I/II": {"medie": 8.742857142857142, "reusita": 100.0, "cnt": 7}, "INFORMATICA MI PASCAL": {"medie": 9.047058823529412, "reusita": 100.0, "cnt": 17}}, "nume": "COLEGIUL NATIONAL \"GRIGORE MOISIL\"\tBucure\u0219ti"}