{"specializari": {"STIINTE ALE NATURII": 59, "FILOLOGIE": 63, "STIINTE SOCIALE": 92, "MATEMATICA-INFORMATICA": 77}, "limba_moderna": {"LIMBA ENGLEZA": 287, "LIMBA FRANCEZA": 4}, "limba_materna": {"LIMBA ROMANA": 291}, "promotie_anterioara": {"NU": 290, "DA": 1}, "materii": {"LIMBA ROMANA": {"medie": 8.389862542955326, "reusita": 100.0, "cnt": 291}, "ISTORIE": {"medie": 8.962258064516128, "reusita": 100.0, "cnt": 155}, "GEOGRAFIE": {"medie": 9.217924528301888, "reusita": 100.0, "cnt": 53}, "GENERAL": {"medie": 8.785910652920958, "reusita": 100.0, "cnt": 291}, "MATEMATICA ST-NAT": {"medie": 8.968644067796612, "reusita": 100.0, "cnt": 59}, "ANATOMIE SI FIZIOLOGIE UMANA, GENETICA SI ECOLOGIE UMANA": {"medie": 9.568292682926831, "reusita": 100.0, "cnt": 41}, "MATEMATICA MATE-INFO": {"medie": 8.709740259740256, "reusita": 100.0, "cnt": 77}, "FIZICA TEO": {"medie": 8.810416666666669, "reusita": 100.0, "cnt": 24}, "CHIMIE ORGANICA TEO NIVEL I/II": {"medie": 9.011666666666665, "reusita": 100.0, "cnt": 30}, "SOCIOLOGIE": {"medie": 9.35, "reusita": 100.0, "cnt": 1}, "INFORMATICA SN C/C++": {"medie": 10.0, "reusita": 100.0, "cnt": 1}, "PSIHOLOGIE": {"medie": 9.49, "reusita": 100.0, "cnt": 5}, "LOGICA, ARGUMENTARE SI COMUNICARE": {"medie": 9.2203488372093, "reusita": 100.0, "cnt": 86}, "INFORMATICA MI C/C++": {"medie": 8.137878787878789, "reusita": 100.0, "cnt": 33}, "ECONOMIE": {"medie": 8.678571428571429, "reusita": 100.0, "cnt": 7}, "CHIMIE ANORGANICA TEO NIVEL I/II": {"medie": 8.950000000000001, "reusita": 100.0, "cnt": 7}, "FILOSOFIE": {"medie": 8.450000000000001, "reusita": 100.0, "cnt": 3}}, "nume": "COLEGIUL NATIONAL \"VASILE ALECSANDRI\" BACAU\tBac\u0103u"}