{"specializari": {"TEHNICIAN OPERATOR TEHNICA DE CALCUL": 11, "TEHNICIAN ECOLOG SI PROTECTIA CALITATII MEDIULUI": 41, "TEHNICIAN IN CHIMIE INDUSTRIALA": 11, "TEHNICIAN ANALIZE PRODUSE ALIMENTARE": 23, "TEHNICIAN IN INSTALATII ELECTRICE": 3, "TEHNICIAN PRELUCRARI MECANICE": 1, "TEHNICIAN IN INDUSTRIA TEXTILA": 1}, "limba_moderna": {"LIMBA ENGLEZA": 73, "LIMBA FRANCEZA": 18}, "limba_materna": {"LIMBA ROMANA": 91}, "promotie_anterioara": {"NU": 70, "DA": 21}, "materii": {"LIMBA ROMANA": {"medie": 6.44065934065934, "reusita": 94.5054945054945, "cnt": 91}, "GENERAL": {"medie": 6.190262172284645, "reusita": 57.14285714285714, "cnt": 91}, "ANATOMIE SI FIZIOLOGIE UMANA, GENETICA SI ECOLOGIE UMANA": {"medie": 6.469047619047619, "reusita": 85.71428571428571, "cnt": 63}, "BIOLOGIE VEGETALA SI ANIMALA": {"medie": 5.3291666666666675, "reusita": 62.5, "cnt": 24}, "MATEMATICA TEHN": {"medie": 5.955617977528091, "reusita": 74.72527472527473, "cnt": 91}, "FIZICA TEH": {"medie": 5.6000000000000005, "reusita": 66.66666666666666, "cnt": 3}, "CHIMIE ORGANICA TEH NIVEL I/II": {"medie": 8.7, "reusita": 100.0, "cnt": 1}}, "nume": "COLEGIUL TEHNIC \"G-RAL GHEORGHE MAGHERU\" TG-JIU\tGorj"}