{"specializari": {"STIINTE ALE NATURII": 8, "FILOLOGIE": 109, "MATEMATICA-INFORMATICA": 63, "STIINTE SOCIALE": 35}, "limba_moderna": {"LIMBA ENGLEZA": 210, "LIMBA FRANCEZA": 3, "LIMBA GERMANA MODERNA": 2}, "limba_materna": {"LIMBA ROMANA": 215}, "promotie_anterioara": {"NU": 204, "DA": 11}, "materii": {"LIMBA ROMANA": {"medie": 7.277906976744186, "reusita": 91.16279069767442, "cnt": 215}, "ISTORIE": {"medie": 6.753472222222223, "reusita": 97.22222222222221, "cnt": 144}, "GEOGRAFIE": {"medie": 8.063186813186814, "reusita": 95.6043956043956, "cnt": 91}, "GENERAL": {"medie": 7.471472868217056, "reusita": 83.25581395348837, "cnt": 215}, "MATEMATICA ST-NAT": {"medie": 6.3812500000000005, "reusita": 75.0, "cnt": 8}, "ANATOMIE SI FIZIOLOGIE UMANA, GENETICA SI ECOLOGIE UMANA": {"medie": 7.4142857142857155, "reusita": 100.0, "cnt": 7}, "MATEMATICA MATE-INFO": {"medie": 8.188095238095237, "reusita": 98.4126984126984, "cnt": 63}, "BIOLOGIE VEGETALA SI ANIMALA": {"medie": 6.5375, "reusita": 100.0, "cnt": 4}, "FIZICA TEO": {"medie": 8.523469387755101, "reusita": 100.0, "cnt": 49}, "CHIMIE ORGANICA TEO NIVEL I/II": {"medie": 7.972222222222222, "reusita": 88.88888888888889, "cnt": 9}, "SOCIOLOGIE": {"medie": 7.348684210526316, "reusita": 100.0, "cnt": 38}, "PSIHOLOGIE": {"medie": 8.383333333333335, "reusita": 100.0, "cnt": 3}, "LOGICA, ARGUMENTARE SI COMUNICARE": {"medie": 7.2, "reusita": 100.0, "cnt": 2}, "INFORMATICA MI C/C++": {"medie": 4.2, "reusita": 50.0, "cnt": 2}, "ECONOMIE": {"medie": 8.655, "reusita": 100.0, "cnt": 10}}, "nume": "COLEGIUL NATIONAL \"ION MAIORESCU\" GIURGIU\tGiurgiu"}