{"specializari": {"TEHNICIAN MECANIC PENTRU INTRETINERE SI REPARATII": 1, "TEHNICIAN TRANSPORTURI": 7, "FILOLOGIE": 20, "STIINTE ALE NATURII": 22, "TEHNICIAN IN ACTIVITATI ECONOMICE": 5, "TEHNICIAN ELECTRICIAN/ELECTRONIST AUTO": 2, "TEHNICIAN IN INSTALATII ELECTRICE": 11, "STIINTE SOCIALE": 17, "MATEMATICA-INFORMATICA": 3, "TEHNICIAN ELECTROTEHNIST": 2, "TEHNICIAN MECATRONIST": 1}, "limba_moderna": {"LIMBA ENGLEZA": 70, "LIMBA FRANCEZA": 21}, "limba_materna": {"LIMBA ROMANA": 91}, "promotie_anterioara": {"DA": 22, "NU": 69}, "materii": {"LIMBA ROMANA": {"medie": 5.898125, "reusita": 75.82417582417582, "cnt": 91}, "ISTORIE": {"medie": 6.587878787878788, "reusita": 89.1891891891892, "cnt": 37}, "GEOGRAFIE": {"medie": 7.763333333333334, "reusita": 82.85714285714286, "cnt": 35}, "GENERAL": {"medie": 5.616458333333333, "reusita": 39.56043956043956, "cnt": 91}, "MATEMATICA ST-NAT": {"medie": 4.1274999999999995, "reusita": 36.36363636363637, "cnt": 22}, "ANATOMIE SI FIZIOLOGIE UMANA, GENETICA SI ECOLOGIE UMANA": {"medie": 5.433333333333334, "reusita": 66.66666666666666, "cnt": 18}, "MATEMATICA MATE-INFO": {"medie": 2.0666666666666664, "reusita": 0.0, "cnt": 3}, "BIOLOGIE VEGETALA SI ANIMALA": {"medie": 4.074, "reusita": 32.142857142857146, "cnt": 28}, "FIZICA TEO": {"medie": 6.05, "reusita": 100.0, "cnt": 1}, "MATEMATICA TEHN": {"medie": 4.014814814814814, "reusita": 41.37931034482759, "cnt": 29}, "LOGICA, ARGUMENTARE SI COMUNICARE": {"medie": 6.75, "reusita": 71.42857142857143, "cnt": 7}, "FIZICA TEH": {"medie": 4.6, "reusita": 50.0, "cnt": 2}}, "nume": "COLEGIUL TEHNIC \"ALEXANDRU IOAN CUZA\" SUCEAVA\tSuceava"}