{"specializari": {"STIINTE ALE NATURII": 56, "FILOLOGIE": 93, "MATEMATICA-INFORMATICA": 85}, "limba_moderna": {"LIMBA ENGLEZA": 183, "LIMBA FRANCEZA": 36, "LIMBA JAPONEZA": 14, "LIMBA GERMANA MODERNA": 1}, "limba_materna": {"LIMBA ROMANA": 234}, "promotie_anterioara": {"NU": 231, "DA": 3}, "materii": {"LIMBA ROMANA": {"medie": 8.395512820512819, "reusita": 100.0, "cnt": 234}, "ISTORIE": {"medie": 8.227956989247309, "reusita": 100.0, "cnt": 93}, "GEOGRAFIE": {"medie": 9.556521739130437, "reusita": 100.0, "cnt": 23}, "GENERAL": {"medie": 8.607122507122506, "reusita": 98.71794871794873, "cnt": 234}, "MATEMATICA ST-NAT": {"medie": 8.745535714285712, "reusita": 100.0, "cnt": 56}, "ANATOMIE SI FIZIOLOGIE UMANA, GENETICA SI ECOLOGIE UMANA": {"medie": 9.160909090909092, "reusita": 100.0, "cnt": 55}, "MATEMATICA MATE-INFO": {"medie": 8.869411764705884, "reusita": 100.0, "cnt": 85}, "BIOLOGIE VEGETALA SI ANIMALA": {"medie": 7.2125, "reusita": 100.0, "cnt": 4}, "FIZICA TEO": {"medie": 8.903409090909093, "reusita": 100.0, "cnt": 44}, "CHIMIE ORGANICA TEO NIVEL I/II": {"medie": 9.00909090909091, "reusita": 100.0, "cnt": 22}, "SOCIOLOGIE": {"medie": 8.096808510638299, "reusita": 100.0, "cnt": 47}, "PSIHOLOGIE": {"medie": 8.668750000000001, "reusita": 100.0, "cnt": 8}, "LOGICA, ARGUMENTARE SI COMUNICARE": {"medie": 9.059999999999999, "reusita": 100.0, "cnt": 5}, "INFORMATICA MI C/C++": {"medie": 8.74, "reusita": 100.0, "cnt": 15}, "ECONOMIE": {"medie": 9.05, "reusita": 100.0, "cnt": 10}, "CHIMIE ANORGANICA TEO NIVEL I/II": {"medie": 9.55, "reusita": 100.0, "cnt": 1}}, "nume": "COLEGIUL NATIONAL \"ION CREANGA\"\tBucure\u0219ti"}