{"specializari": {"TEHNICIAN MECANIC PENTRU INTRETINERE SI REPARATII": 4, "TEHNICIAN ECOLOG SI PROTECTIA CALITATII MEDIULUI": 16, "TEHNICIAN MECATRONIST": 11, "TEHNICIAN IN AUTOMATIZARI": 7, "TEHNICIAN DESIGNER VESTIMENTAR": 2, "TEHNICIAN IN INDUSTRIA TEXTILA": 1, "TEHNICIAN IN ACTIVITATI ECONOMICE": 24, "TEHNICIAN IN TURISM": 3, "TEHNICIAN IN INDUSTRIA ALIMENTARA": 9, "TEHNICIAN IN ACTIVITATI DE COMERT": 3, "TEHNICIAN OPERATOR PROCESARE TEXT IMAGINE": 1}, "limba_moderna": {"LIMBA FRANCEZA": 8, "LIMBA ENGLEZA": 73}, "limba_materna": {"LIMBA ROMANA": 81}, "promotie_anterioara": {"DA": 38, "NU": 43}, "materii": {"LIMBA ROMANA": {"medie": 5.947435897435899, "reusita": 82.71604938271605, "cnt": 81}, "GEOGRAFIE": {"medie": 7.408928571428572, "reusita": 89.65517241379311, "cnt": 29}, "GENERAL": {"medie": 5.919634703196346, "reusita": 37.03703703703704, "cnt": 81}, "ANATOMIE SI FIZIOLOGIE UMANA, GENETICA SI ECOLOGIE UMANA": {"medie": 4.775, "reusita": 33.33333333333333, "cnt": 3}, "BIOLOGIE VEGETALA SI ANIMALA": {"medie": 5.2555555555555555, "reusita": 70.27027027027027, "cnt": 37}, "MATEMATICA TEHN": {"medie": 5.5284810126582276, "reusita": 70.37037037037037, "cnt": 81}, "PSIHOLOGIE": {"medie": 8.05, "reusita": 100.0, "cnt": 1}, "CHIMIE ANORGANICA TEH NIVEL I/II": {"medie": 6.13, "reusita": 83.33333333333334, "cnt": 6}, "FIZICA TEH": {"medie": 5.47, "reusita": 60.0, "cnt": 5}}, "nume": "COLEGIUL TEHNIC \"GHEORGHE BALS\" ADJUD\tVrancea"}