{"specializari": {"STIINTE ALE NATURII": 54, "FILOLOGIE": 73, "MATEMATICA-INFORMATICA": 60}, "limba_moderna": {"LIMBA ENGLEZA": 176, "LIMBA FRANCEZA": 11}, "limba_materna": {"LIMBA ROMANA": 187}, "promotie_anterioara": {"NU": 185, "DA": 2}, "materii": {"LIMBA ROMANA": {"medie": 8.55374331550802, "reusita": 100.0, "cnt": 187}, "ISTORIE": {"medie": 8.2, "reusita": 100.0, "cnt": 73}, "GEOGRAFIE": {"medie": 8.61388888888889, "reusita": 100.0, "cnt": 54}, "GENERAL": {"medie": 8.540196078431368, "reusita": 97.86096256684492, "cnt": 187}, "MATEMATICA ST-NAT": {"medie": 8.147222222222224, "reusita": 98.14814814814815, "cnt": 54}, "ANATOMIE SI FIZIOLOGIE UMANA, GENETICA SI ECOLOGIE UMANA": {"medie": 8.717307692307692, "reusita": 96.15384615384616, "cnt": 52}, "MATEMATICA MATE-INFO": {"medie": 8.740833333333335, "reusita": 100.0, "cnt": 60}, "FIZICA TEO": {"medie": 8.969642857142857, "reusita": 100.0, "cnt": 28}, "CHIMIE ORGANICA TEO NIVEL I/II": {"medie": 7.7555555555555555, "reusita": 100.0, "cnt": 9}, "SOCIOLOGIE": {"medie": 8.690909090909091, "reusita": 100.0, "cnt": 11}, "LOGICA, ARGUMENTARE SI COMUNICARE": {"medie": 9.19375, "reusita": 100.0, "cnt": 8}, "INFORMATICA MI C/C++": {"medie": 8.747916666666669, "reusita": 100.0, "cnt": 24}, "CHIMIE ANORGANICA TEO NIVEL I/II": {"medie": 10.0, "reusita": 100.0, "cnt": 1}}, "nume": "COLEGIUL NATIONAL \"DIMITRIE CANTEMIR\" ONESTI\tBac\u0103u"}