{"specializari": {"TEHNICIAN IN AUTOMATIZARI": 19, "MATEMATICA-INFORMATICA": 18, "STIINTE ALE NATURII": 30, "TEHNICIAN ELECTRONIST": 7, "TEHNICIAN PROIECTANT CAD": 20, "TEHNICIAN IN TURISM": 5, "TEHNICIAN IN ACTIVITATI ECONOMICE": 30, "FILOLOGIE": 29, "TEHNICIAN IN ACTIVITATI DE COMERT": 21, "TEHNICIAN TRANSPORTURI": 3, "TEHNICIAN ELECTROTEHNIST": 8, "TEHNICIAN ANALIZE PRODUSE ALIMENTARE": 3, "TEHNICIAN MECANIC PENTRU INTRETINERE SI REPARATII": 1, "TEHNICIAN DESIGNER VESTIMENTAR": 1}, "limba_moderna": {"LIMBA ENGLEZA": 189, "LIMBA FRANCEZA": 6}, "limba_materna": {"LIMBA ROMANA": 195}, "promotie_anterioara": {"NU": 157, "DA": 38}, "materii": {"LIMBA ROMANA": {"medie": 6.016927083333331, "reusita": 78.97435897435898, "cnt": 195}, "ISTORIE": {"medie": 5.874137931034482, "reusita": 72.41379310344827, "cnt": 29}, "GEOGRAFIE": {"medie": 7.442682926829269, "reusita": 92.7710843373494, "cnt": 83}, "GENERAL": {"medie": 5.913153153153151, "reusita": 45.64102564102564, "cnt": 195}, "MATEMATICA ST-NAT": {"medie": 6.394999999999999, "reusita": 83.33333333333334, "cnt": 30}, "ANATOMIE SI FIZIOLOGIE UMANA, GENETICA SI ECOLOGIE UMANA": {"medie": 8.28, "reusita": 90.32258064516128, "cnt": 31}, "MATEMATICA MATE-INFO": {"medie": 6.622222222222222, "reusita": 77.77777777777779, "cnt": 18}, "BIOLOGIE VEGETALA SI ANIMALA": {"medie": 3.914705882352941, "reusita": 28.767123287671232, "cnt": 73}, "MATEMATICA TEHN": {"medie": 4.713043478260871, "reusita": 54.23728813559322, "cnt": 118}, "CHIMIE ORGANICA TEO NIVEL I/II": {"medie": 9.475, "reusita": 100.0, "cnt": 2}, "INFORMATICA SN C/C++": {"medie": 9.1, "reusita": 100.0, "cnt": 1}, "LOGICA, ARGUMENTARE SI COMUNICARE": {"medie": 8.15, "reusita": 100.0, "cnt": 1}, "INFORMATICA MI C/C++": {"medie": 9.5, "reusita": 100.0, "cnt": 1}, "FIZICA TEH": {"medie": "-", "reusita": 0.0, "cnt": 1}, "CHIMIE ANORGANICA TEO NIVEL I/II": {"medie": 7.3, "reusita": 100.0, "cnt": 1}, "FILOSOFIE": {"medie": 6.65, "reusita": 100.0, "cnt": 1}}, "nume": "COLEGIUL TEHNIC \"ALEXANDRU ROMAN\" ALESD\tBihor"}