{"specializari": {"MATEMATICA-INFORMATICA": 109, "STIINTE SOCIALE": 37, "STIINTE ALE NATURII": 68}, "limba_moderna": {"LIMBA ENGLEZA": 189, "LIMBA SPANIOLA": 8, "LIMBA GERMANA MODERNA": 12, "LIMBA FRANCEZA": 5}, "limba_materna": {"LIMBA ROMANA": 214}, "promotie_anterioara": {"NU": 214}, "materii": {"LIMBA ROMANA": {"medie": 8.634112149532708, "reusita": 100.0, "cnt": 214}, "ISTORIE": {"medie": 7.7351351351351365, "reusita": 100.0, "cnt": 37}, "GEOGRAFIE": {"medie": 8.911538461538463, "reusita": 100.0, "cnt": 13}, "GENERAL": {"medie": 8.764018691588788, "reusita": 99.06542056074767, "cnt": 214}, "MATEMATICA ST-NAT": {"medie": 8.546323529411763, "reusita": 100.0, "cnt": 68}, "ANATOMIE SI FIZIOLOGIE UMANA, GENETICA SI ECOLOGIE UMANA": {"medie": 9.160989010989008, "reusita": 100.0, "cnt": 91}, "MATEMATICA MATE-INFO": {"medie": 8.830275229357797, "reusita": 100.0, "cnt": 109}, "BIOLOGIE VEGETALA SI ANIMALA": {"medie": 8.999999999999998, "reusita": 100.0, "cnt": 3}, "FIZICA TEO": {"medie": 8.580769230769231, "reusita": 100.0, "cnt": 13}, "CHIMIE ORGANICA TEO NIVEL I/II": {"medie": 9.276, "reusita": 100.0, "cnt": 25}, "PSIHOLOGIE": {"medie": 9.6, "reusita": 100.0, "cnt": 3}, "LOGICA, ARGUMENTARE SI COMUNICARE": {"medie": 8.93, "reusita": 100.0, "cnt": 20}, "INFORMATICA MI C/C++": {"medie": 9.307499999999997, "reusita": 100.0, "cnt": 40}, "ECONOMIE": {"medie": 9.4, "reusita": 100.0, "cnt": 1}, "CHIMIE ANORGANICA TEO NIVEL I/II": {"medie": 7.980000000000001, "reusita": 100.0, "cnt": 5}}, "nume": "COLEGIUL NATIONAL \"STEFAN CEL MARE\" SUCEAVA\tSuceava"}