{"specializari": {"MATEMATICA-INFORMATICA": 48, "TEHNICIAN IN ACTIVITATI ECONOMICE": 85, "TEHNICIAN MECATRONIST": 20, "TEHNICIAN IN AUTOMATIZARI": 24, "TEHNICIAN ELECTROMECANIC": 23, "TEHNICIAN TRANSPORTURI": 6, "TEHNICIAN DE TELECOMUNICATII": 28}, "limba_moderna": {"LIMBA ENGLEZA": 229, "LIMBA FRANCEZA": 5}, "limba_materna": {"LIMBA ROMANA": 234}, "promotie_anterioara": {"NU": 220, "DA": 14}, "materii": {"LIMBA ROMANA": {"medie": 6.903433476394846, "reusita": 92.73504273504274, "cnt": 234}, "GEOGRAFIE": {"medie": 8.506547619047618, "reusita": 96.47058823529412, "cnt": 85}, "GENERAL": {"medie": 6.922681159420287, "reusita": 72.64957264957265, "cnt": 234}, "ANATOMIE SI FIZIOLOGIE UMANA, GENETICA SI ECOLOGIE UMANA": {"medie": 7.445454545454544, "reusita": 100.0, "cnt": 22}, "MATEMATICA MATE-INFO": {"medie": 7.342708333333334, "reusita": 100.0, "cnt": 48}, "BIOLOGIE VEGETALA SI ANIMALA": {"medie": 5.997619047619048, "reusita": 66.27906976744185, "cnt": 86}, "FIZICA TEO": {"medie": 6.583333333333333, "reusita": 88.88888888888889, "cnt": 9}, "MATEMATICA TEHN": {"medie": 6.34071038251366, "reusita": 82.25806451612904, "cnt": 186}, "CHIMIE ANORGANICA TEH NIVEL I/II": {"medie": 5.85, "reusita": 85.71428571428571, "cnt": 7}, "FIZICA TEH": {"medie": 7.562500000000001, "reusita": 91.66666666666666, "cnt": 12}, "INFORMATICA MI PASCAL": {"medie": 8.173076923076923, "reusita": 100.0, "cnt": 13}}, "nume": "COLEGIUL TEHNIC \"ALESANDRU PAPIU ILARIAN\" ZALAU\tS\u0103laj"}