{"specializari": {"TEHNICIAN IN TURISM": 27, "ORGANIZATOR BANQUETING": 57, "TEHNICIAN IN ACTIVITATI DE COMERT": 49, "TEHNICIAN IN GASTRONOMIE": 55, "TEHNICIAN IN ACTIVITATI ECONOMICE": 65, "TEHNICIAN IN ADMINISTRATIE": 29}, "limba_moderna": {"LIMBA ENGLEZA": 256, "LIMBA FRANCEZA": 26}, "limba_materna": {"LIMBA ROMANA": 282}, "promotie_anterioara": {"NU": 226, "DA": 56}, "materii": {"LIMBA ROMANA": {"medie": 6.3463503649635005, "reusita": 87.94326241134752, "cnt": 282}, "GEOGRAFIE": {"medie": 7.18346774193548, "reusita": 90.94488188976378, "cnt": 254}, "GENERAL": {"medie": 6.4261815920398035, "reusita": 55.673758865248224, "cnt": 282}, "MATEMATICA TEHN": {"medie": 5.755719557195572, "reusita": 71.63120567375887, "cnt": 282}, "PSIHOLOGIE": {"medie": 6.7, "reusita": 100.0, "cnt": 1}, "LOGICA, ARGUMENTARE SI COMUNICARE": {"medie": 6.552499999999999, "reusita": 69.56521739130434, "cnt": 23}, "ECONOMIE": {"medie": 6.0625, "reusita": 50.0, "cnt": 4}}, "nume": "COLEGIUL ECONOMIC \"GHEORGHE CHITU\" CRAIOVA\tDolj"}