{"specializari": {"STIINTE SOCIALE": 31, "FILOLOGIE": 33, "MATEMATICA-INFORMATICA": 54, "STIINTE ALE NATURII": 57}, "limba_moderna": {"LIMBA FRANCEZA": 32, "LIMBA ENGLEZA": 143}, "limba_materna": {"LIMBA ROMANA": 175}, "promotie_anterioara": {"NU": 171, "DA": 4}, "materii": {"LIMBA ROMANA": {"medie": 7.939080459770116, "reusita": 99.42857142857143, "cnt": 175}, "ISTORIE": {"medie": 7.439843750000001, "reusita": 98.4375, "cnt": 64}, "GEOGRAFIE": {"medie": 8.546875, "reusita": 100.0, "cnt": 16}, "GENERAL": {"medie": 8.338984674329504, "reusita": 97.71428571428571, "cnt": 175}, "MATEMATICA ST-NAT": {"medie": 7.812499999999999, "reusita": 96.49122807017544, "cnt": 57}, "ANATOMIE SI FIZIOLOGIE UMANA, GENETICA SI ECOLOGIE UMANA": {"medie": 9.394047619047623, "reusita": 100.0, "cnt": 84}, "MATEMATICA MATE-INFO": {"medie": 8.714814814814817, "reusita": 100.0, "cnt": 54}, "FIZICA TEO": {"medie": 7.81, "reusita": 95.0, "cnt": 20}, "CHIMIE ORGANICA TEO NIVEL I/II": {"medie": 9.6875, "reusita": 100.0, "cnt": 4}, "LOGICA, ARGUMENTARE SI COMUNICARE": {"medie": 9.32978723404255, "reusita": 100.0, "cnt": 47}, "INFORMATICA MI C/C++": {"medie": 9.425, "reusita": 100.0, "cnt": 2}, "ECONOMIE": {"medie": 5.1, "reusita": 100.0, "cnt": 1}, "CHIMIE ANORGANICA TEO NIVEL I/II": {"medie": 9.9, "reusita": 100.0, "cnt": 1}}, "nume": "COLEGIUL NATIONAL \"NICOLAE IORGA\", ORASUL VALENII DE MUNTE\tPrahova"}