{"specializari": {"MATEMATICA-INFORMATICA": 9, "TEHNICIAN ANALIZE PRODUSE ALIMENTARE": 17, "TEHNICIAN IN TURISM": 21, "TEHNICIAN IN GASTRONOMIE": 31, "TEHNICIAN OPERATOR TEHNICA DE CALCUL": 20, "TEHNICIAN IN ACTIVITATI ECONOMICE": 21, "TEHNICIAN IN ADMINISTRATIE": 17, "COAFOR STILIST": 10, "TEHNICIAN MECANIC PENTRU INTRETINERE SI REPARATII": 2, "TEHNICIAN ECOLOG SI PROTECTIA CALITATII MEDIULUI": 2}, "limba_moderna": {"LIMBA ENGLEZA": 148, "LIMBA FRANCEZA": 1, "LIMBA GERMANA MODERNA": 1}, "limba_materna": {"LIMBA ROMANA": 147, "LIMBA MAGHIARA": 3}, "promotie_anterioara": {"NU": 104, "DA": 46}, "materii": {"LIMBA ROMANA": {"medie": 5.192857142857143, "reusita": 70.66666666666667, "cnt": 150}, "GEOGRAFIE": {"medie": 6.248148148148149, "reusita": 78.82352941176471, "cnt": 85}, "GENERAL": {"medie": 5.351441102756894, "reusita": 28.666666666666668, "cnt": 150}, "ANATOMIE SI FIZIOLOGIE UMANA, GENETICA SI ECOLOGIE UMANA": {"medie": 5.7025, "reusita": 71.42857142857143, "cnt": 21}, "MATEMATICA MATE-INFO": {"medie": 3.4444444444444446, "reusita": 22.22222222222222, "cnt": 9}, "BIOLOGIE VEGETALA SI ANIMALA": {"medie": 4.830952380952381, "reusita": 52.0, "cnt": 25}, "MATEMATICA TEHN": {"medie": 4.8038461538461545, "reusita": 55.319148936170215, "cnt": 141}, "LIMBA MAGHIARA (REAL)": {"medie": 6.583333333333333, "reusita": 100.0, "cnt": 3}, "LOGICA, ARGUMENTARE SI COMUNICARE": {"medie": 7.883333333333334, "reusita": 100.0, "cnt": 15}, "INFORMATICA MI C/C++": {"medie": 6.25, "reusita": 66.66666666666666, "cnt": 3}, "CHIMIE ORGANICA TEH NIVEL I/II": {"medie": 7.3, "reusita": 100.0, "cnt": 1}}, "nume": "COLEGIUL TEHNIC \"MIHAI VITEAZUL\" ORADEA\tBihor"}