{"specializari": {"INVATATOR - EDUCATOARE": 28, "STIINTE ALE NATURII": 32, "FILOLOGIE": 39, "MATEMATICA-INFORMATICA": 23, "BIBLIOTECAR DOCUMENTARIST": 1}, "limba_moderna": {"LIMBA ENGLEZA": 117, "LIMBA GERMANA MODERNA": 2, "LIMBA FRANCEZA": 4}, "limba_materna": {"LIMBA ROMANA": 122, "LIMBA GERMANA": 1}, "promotie_anterioara": {"NU": 117, "DA": 6}, "materii": {"LIMBA ROMANA": {"medie": 6.854471544715447, "reusita": 93.4959349593496, "cnt": 123}, "ISTORIE": {"medie": 7.356249999999998, "reusita": 100.0, "cnt": 40}, "GEOGRAFIE": {"medie": 9.308333333333332, "reusita": 100.0, "cnt": 6}, "GENERAL": {"medie": 7.312364498644987, "reusita": 74.79674796747967, "cnt": 123}, "MATEMATICA ST-NAT": {"medie": 6.082812500000001, "reusita": 68.75, "cnt": 32}, "ANATOMIE SI FIZIOLOGIE UMANA, GENETICA SI ECOLOGIE UMANA": {"medie": 7.579687499999999, "reusita": 93.75, "cnt": 32}, "MATEMATICA MATE-INFO": {"medie": 6.1499999999999995, "reusita": 73.91304347826086, "cnt": 23}, "BIOLOGIE VEGETALA SI ANIMALA": {"medie": 6.318181818181818, "reusita": 81.81818181818183, "cnt": 11}, "CHIMIE ORGANICA TEO NIVEL I/II": {"medie": 7.35, "reusita": 100.0, "cnt": 1}, "INFORMATICA SN C/C++": {"medie": 8.933333333333334, "reusita": 100.0, "cnt": 3}, "PSIHOLOGIE": {"medie": 7.0, "reusita": 100.0, "cnt": 1}, "LOGICA, ARGUMENTARE SI COMUNICARE": {"medie": 8.990163934426231, "reusita": 100.0, "cnt": 61}, "INFORMATICA MI C/C++": {"medie": 8.1125, "reusita": 100.0, "cnt": 8}, "LIMBA GERMANA": {"medie": 2.7, "reusita": 0.0, "cnt": 1}, "MATEMATICA PED": {"medie": 7.3446428571428575, "reusita": 89.28571428571429, "cnt": 28}}, "nume": "COLEGIUL NATIONAL \"C.D. LOGA\" CARANSEBES\tCara\u0219-Severin"}