{"specializari": {"MATEMATICA-INFORMATICA": 52, "FILOLOGIE": 36, "STIINTE ALE NATURII": 24}, "limba_moderna": {"LIMBA ENGLEZA": 106, "LIMBA FRANCEZA": 5, "LIMBA GERMANA MODERNA": 1}, "limba_materna": {"LIMBA ROMANA": 112}, "promotie_anterioara": {"NU": 106, "DA": 6}, "materii": {"LIMBA ROMANA": {"medie": 8.286036036036041, "reusita": 99.10714285714286, "cnt": 112}, "ISTORIE": {"medie": 7.573529411764706, "reusita": 94.44444444444444, "cnt": 36}, "GEOGRAFIE": {"medie": 8.489062499999998, "reusita": 100.0, "cnt": 32}, "GENERAL": {"medie": 8.563333333333336, "reusita": 95.53571428571429, "cnt": 112}, "MATEMATICA ST-NAT": {"medie": 9.035416666666666, "reusita": 100.0, "cnt": 24}, "ANATOMIE SI FIZIOLOGIE UMANA, GENETICA SI ECOLOGIE UMANA": {"medie": 9.608823529411765, "reusita": 100.0, "cnt": 17}, "MATEMATICA MATE-INFO": {"medie": 8.941346153846155, "reusita": 100.0, "cnt": 52}, "BIOLOGIE VEGETALA SI ANIMALA": {"medie": 8.453846153846154, "reusita": 100.0, "cnt": 26}, "FIZICA TEO": {"medie": 8.0625, "reusita": 100.0, "cnt": 4}, "CHIMIE ORGANICA TEO NIVEL I/II": {"medie": 9.431249999999999, "reusita": 100.0, "cnt": 8}, "LOGICA, ARGUMENTARE SI COMUNICARE": {"medie": 9.7, "reusita": 100.0, "cnt": 4}, "INFORMATICA MI C/C++": {"medie": 8.957142857142856, "reusita": 100.0, "cnt": 21}}, "nume": "COLEGIUL NATIONAL \"TRAIAN LALESCU\" RESITA\tCara\u0219-Severin"}