{"specializari": {"TEHNICIAN IN TURISM": 20, "TEHNICIAN DESIGNER VESTIMENTAR": 12, "TEHNICIAN IN INDUSTRIA TEXTILA": 3}, "limba_moderna": {"LIMBA ENGLEZA": 30, "LIMBA FRANCEZA": 5}, "limba_materna": {"LIMBA ROMANA": 35}, "promotie_anterioara": {"NU": 24, "DA": 11}, "materii": {"LIMBA ROMANA": {"medie": 6.4, "reusita": 100.0, "cnt": 35}, "GEOGRAFIE": {"medie": 7.984999999999999, "reusita": 100.0, "cnt": 20}, "GENERAL": {"medie": 6.514285714285713, "reusita": 68.57142857142857, "cnt": 35}, "BIOLOGIE VEGETALA SI ANIMALA": {"medie": 4.604166666666667, "reusita": 41.66666666666667, "cnt": 12}, "MATEMATICA TEHN": {"medie": 6.568571428571431, "reusita": 88.57142857142857, "cnt": 35}, "FIZICA TEH": {"medie": 5.35, "reusita": 100.0, "cnt": 2}, "CHIMIE ORGANICA TEH NIVEL I/II": {"medie": 4.45, "reusita": 0.0, "cnt": 1}}, "nume": "COLEGIUL DE SERVICII IN TURISM \"NAPOCA\" CLUJ-NAPOCA\tCluj"}