{"specializari": {"TEHNICIAN ECOLOG SI PROTECTIA CALITATII MEDIULUI": 20, "TEHNICIAN TRANSPORTURI": 22, "TEHNICIAN ELECTROMECANIC": 7, "TEHNICIAN MECATRONIST": 6, "TEHNICIAN PROIECTANT CAD": 39, "TEHNICIAN OPERATOR TEHNICA DE CALCUL": 9, "TEHNICIAN ELECTROTEHNIST": 3, "TEHNICIAN IN INSTALATII ELECTRICE": 5, "TEHNICIAN PRELUCRARI MECANICE": 7, "TEHNICIAN METROLOG": 5, "MATEMATICA-INFORMATICA": 1}, "limba_moderna": {"LIMBA FRANCEZA": 3, "LIMBA ENGLEZA": 121}, "limba_materna": {"LIMBA ROMANA": 124}, "promotie_anterioara": {"DA": 57, "NU": 67}, "materii": {"LIMBA ROMANA": {"medie": 5.090594059405943, "reusita": 56.451612903225815, "cnt": 124}, "GENERAL": {"medie": 4.293589743589744, "reusita": 8.064516129032258, "cnt": 124}, "ANATOMIE SI FIZIOLOGIE UMANA, GENETICA SI ECOLOGIE UMANA": {"medie": 4.76875, "reusita": 50.0, "cnt": 16}, "MATEMATICA MATE-INFO": {"medie": 1.75, "reusita": 0.0, "cnt": 1}, "BIOLOGIE VEGETALA SI ANIMALA": {"medie": 4.046491228070176, "reusita": 24.675324675324674, "cnt": 77}, "MATEMATICA TEHN": {"medie": 3.600000000000001, "reusita": 36.58536585365854, "cnt": 123}, "CHIMIE ANORGANICA TEH NIVEL I/II": {"medie": 3.375000000000001, "reusita": 18.75, "cnt": 16}, "FIZICA TEH": {"medie": 3.8333333333333335, "reusita": 33.33333333333333, "cnt": 15}}, "nume": "COLEGIUL TEHNIC \"CAROL I\"\tBucure\u0219ti"}