{"specializari": {"TEHNICIAN IN ACHIZITII SI CONTRACTARI": 126, "TEHNICIAN IN ACTIVITATI ECONOMICE": 113, "TEHNICIAN IN ADMINISTRATIE": 29}, "limba_moderna": {"LIMBA ENGLEZA": 232, "LIMBA FRANCEZA": 33, "LIMBA RUSA": 3}, "limba_materna": {"LIMBA ROMANA": 268}, "promotie_anterioara": {"NU": 256, "DA": 12}, "materii": {"LIMBA ROMANA": {"medie": 7.026425855513309, "reusita": 97.38805970149254, "cnt": 268}, "GEOGRAFIE": {"medie": 7.930816326530615, "reusita": 98.39357429718876, "cnt": 249}, "GENERAL": {"medie": 7.499358974358976, "reusita": 86.94029850746269, "cnt": 268}, "MATEMATICA TEHN": {"medie": 7.514423076923076, "reusita": 91.04477611940298, "cnt": 268}, "PSIHOLOGIE": {"medie": 5.566666666666666, "reusita": 100.0, "cnt": 3}, "LOGICA, ARGUMENTARE SI COMUNICARE": {"medie": 8.02, "reusita": 87.5, "cnt": 16}}, "nume": "COLEGIUL ECONOMIC ADMINISTRATIV, IASI\tIa\u0219i"}