{"specializari": {"TEHNICIAN IN GASTRONOMIE": 25, "COAFOR STILIST": 13, "TEHNICIAN PROIECTANT CAD": 4, "TEHNICIAN OPERATOR TEHNICA DE CALCUL": 10, "TEHNICIAN DESIGNER VESTIMENTAR": 12, "TEHNICIAN IN INDUSTRIA TEXTILA": 2, "TEHNICIAN OPERATOR PROCESARE TEXT IMAGINE": 2, "TEHNICIAN POLIGRAF": 2}, "limba_moderna": {"LIMBA ENGLEZA": 54, "LIMBA FRANCEZA": 16}, "limba_materna": {"LIMBA ROMANA": 70}, "promotie_anterioara": {"DA": 32, "NU": 38}, "materii": {"LIMBA ROMANA": {"medie": 5.659848484848485, "reusita": 81.42857142857143, "cnt": 70}, "GEOGRAFIE": {"medie": 7.082608695652173, "reusita": 83.33333333333334, "cnt": 24}, "GENERAL": {"medie": 5.713742690058481, "reusita": 34.285714285714285, "cnt": 70}, "ANATOMIE SI FIZIOLOGIE UMANA, GENETICA SI ECOLOGIE UMANA": {"medie": 6.2, "reusita": 100.0, "cnt": 1}, "BIOLOGIE VEGETALA SI ANIMALA": {"medie": 4.2625, "reusita": 29.166666666666668, "cnt": 24}, "MATEMATICA TEHN": {"medie": 5.301639344262295, "reusita": 57.14285714285714, "cnt": 70}, "LOGICA, ARGUMENTARE SI COMUNICARE": {"medie": 6.9624999999999995, "reusita": 84.61538461538461, "cnt": 13}, "ECONOMIE": {"medie": "-", "reusita": 0.0, "cnt": 1}, "CHIMIE ANORGANICA TEH NIVEL I/II": {"medie": 5.275, "reusita": 100.0, "cnt": 2}, "FIZICA TEH": {"medie": 3.9375, "reusita": 25.0, "cnt": 4}, "CHIMIE ORGANICA TEH NIVEL I/II": {"medie": "-", "reusita": 0.0, "cnt": 1}}, "nume": "COLEGIUL TEHNIC \"IOAN C. STEFANESCU\", IASI\tIa\u0219i"}