{"specializari": {"STIINTE SOCIALE": 32, "INVATATOR - EDUCATOARE": 20, "FILOLOGIE": 23}, "limba_moderna": {"LIMBA ENGLEZA": 74, "LIMBA FRANCEZA": 1}, "limba_materna": {"LIMBA ROMANA": 75}, "promotie_anterioara": {"NU": 73, "DA": 2}, "materii": {"LIMBA ROMANA": {"medie": 7.317333333333331, "reusita": 97.33333333333334, "cnt": 75}, "ISTORIE": {"medie": 7.621818181818182, "reusita": 98.18181818181819, "cnt": 55}, "GEOGRAFIE": {"medie": 8.28732394366197, "reusita": 98.59154929577466, "cnt": 71}, "GENERAL": {"medie": 7.770045045045048, "reusita": 88.0, "cnt": 75}, "SOCIOLOGIE": {"medie": 9.1, "reusita": 100.0, "cnt": 2}, "PSIHOLOGIE": {"medie": 7.4, "reusita": 100.0, "cnt": 1}, "ECONOMIE": {"medie": 8.35, "reusita": 100.0, "cnt": 1}, "MATEMATICA PED": {"medie": 7.702500000000001, "reusita": 100.0, "cnt": 20}}, "nume": "COLEGIUL NATIONAL \"CONSTANTIN CANTACUZINO\" TARGOVISTE\tD\u00e2mbovi\u021ba"}