{"specializari": {"TEHNICIAN ECOLOG SI PROTECTIA CALITATII MEDIULUI": 8, "STIINTE SOCIALE": 5}, "limba_moderna": {"LIMBA ENGLEZA": 13}, "limba_materna": {"LIMBA ROMANA": 13}, "promotie_anterioara": {"DA": 10, "NU": 3}, "materii": {"LIMBA ROMANA": {"medie": 5.529999999999999, "reusita": 69.23076923076923, "cnt": 13}, "ISTORIE": {"medie": 7.733333333333334, "reusita": 60.0, "cnt": 5}, "GEOGRAFIE": {"medie": 7.766666666666667, "reusita": 75.0, "cnt": 4}, "GENERAL": {"medie": 5.635185185185184, "reusita": 30.76923076923077, "cnt": 13}, "BIOLOGIE VEGETALA SI ANIMALA": {"medie": 5.5, "reusita": 62.5, "cnt": 8}, "MATEMATICA TEHN": {"medie": 3.6375, "reusita": 50.0, "cnt": 8}, "SOCIOLOGIE": {"medie": 5.4, "reusita": 100.0, "cnt": 1}}, "nume": "COLEGIUL ECOLOGIC \"PROF.UNIV.DR. ALEXANDRU IONESCU\" PITESTI\tArge\u0219"}