{"specializari": {"STIINTE ALE NATURII": 31, "FILOLOGIE": 36, "INVATATOR - EDUCATOARE": 27, "STIINTE SOCIALE": 36, "MATEMATICA-INFORMATICA": 1}, "limba_moderna": {"LIMBA ENGLEZA": 84, "LIMBA FRANCEZA": 43, "LIMBA GERMANA MODERNA": 4}, "limba_materna": {"LIMBA ROMANA": 131}, "promotie_anterioara": {"NU": 115, "DA": 16}, "materii": {"LIMBA ROMANA": {"medie": 6.722440944881887, "reusita": 93.12977099236642, "cnt": 131}, "ISTORIE": {"medie": 7.0612676056338035, "reusita": 98.61111111111111, "cnt": 72}, "GEOGRAFIE": {"medie": 7.675, "reusita": 100.0, "cnt": 2}, "GENERAL": {"medie": 7.405774278215224, "reusita": 77.86259541984732, "cnt": 131}, "MATEMATICA ST-NAT": {"medie": 5.866666666666666, "reusita": 61.29032258064516, "cnt": 31}, "ANATOMIE SI FIZIOLOGIE UMANA, GENETICA SI ECOLOGIE UMANA": {"medie": 6.516666666666667, "reusita": 83.33333333333334, "cnt": 6}, "MATEMATICA MATE-INFO": {"medie": 3.7, "reusita": 0.0, "cnt": 1}, "BIOLOGIE VEGETALA SI ANIMALA": {"medie": 7.315789473684211, "reusita": 95.0, "cnt": 20}, "FIZICA TEO": {"medie": 5.6, "reusita": 50.0, "cnt": 2}, "CHIMIE ORGANICA TEO NIVEL I/II": {"medie": 5.45, "reusita": 100.0, "cnt": 1}, "SOCIOLOGIE": {"medie": 4.825, "reusita": 50.0, "cnt": 2}, "INFORMATICA SN C/C++": {"medie": 9.9, "reusita": 100.0, "cnt": 1}, "LOGICA, ARGUMENTARE SI COMUNICARE": {"medie": 9.289893617021278, "reusita": 98.94736842105263, "cnt": 95}, "CHIMIE ANORGANICA TEO NIVEL I/II": {"medie": 5.775, "reusita": 100.0, "cnt": 2}, "MATEMATICA PED": {"medie": 7.1499999999999995, "reusita": 81.48148148148148, "cnt": 27}}, "nume": "COLEGIUL NATIONAL PEDAGOGIC \"CAROL I\" CAMPULUNG\tArge\u0219"}