{"specializari": {"TEHNICIAN ELECTROMECANIC": 9, "TEHNICIAN ECOLOG SI PROTECTIA CALITATII MEDIULUI": 17, "TEHNICIAN ELECTROTEHNIST": 1, "TEHNICIAN IN TURISM": 3, "TEHNICIAN MECATRONIST": 10, "TEHNICIAN TRANSPORTURI": 4, "TEHNICIAN ELECTRONIST": 2, "TEHNICIAN IN INDUSTRIA TEXTILA": 6, "TEHNICIAN IN GASTRONOMIE": 19, "TEHNICIAN PROIECTANT CAD": 2, "TEHNICIAN IN PRELUCRAREA LEMNULUI": 1, "TEHNICIAN OPERATOR TEHNICA DE CALCUL": 1, "TEHNICIAN MECANIC PENTRU INTRETINERE SI REPARATII": 1, "TEHNICIAN DESIGNER MOBILA SI AMENAJARI INTERIOARE": 3, "TEHNICIAN IN ACTIVITATI DE COMERT": 2, "TEHNICIAN INSTALATOR PENTRU CONSTRUCTII": 1}, "limba_moderna": {"LIMBA ENGLEZA": 63, "LIMBA FRANCEZA": 17, "LIMBA GERMANA MODERNA": 2}, "limba_materna": {"LIMBA ROMANA": 82}, "promotie_anterioara": {"DA": 32, "NU": 50}, "materii": {"LIMBA ROMANA": {"medie": 6.618518518518519, "reusita": 93.90243902439023, "cnt": 82}, "GEOGRAFIE": {"medie": 7.4107142857142865, "reusita": 100.0, "cnt": 14}, "GENERAL": {"medie": 6.49232456140351, "reusita": 60.97560975609756, "cnt": 82}, "ANATOMIE SI FIZIOLOGIE UMANA, GENETICA SI ECOLOGIE UMANA": {"medie": 5.0, "reusita": 100.0, "cnt": 1}, "BIOLOGIE VEGETALA SI ANIMALA": {"medie": 6.637037037037037, "reusita": 68.75, "cnt": 32}, "MATEMATICA TEHN": {"medie": 5.832716049382719, "reusita": 84.14634146341463, "cnt": 82}, "LOGICA, ARGUMENTARE SI COMUNICARE": {"medie": 8.735000000000001, "reusita": 100.0, "cnt": 10}, "CHIMIE ANORGANICA TEH NIVEL I/II": {"medie": 6.281818181818181, "reusita": 77.27272727272727, "cnt": 22}, "FIZICA TEH": {"medie": 6.075, "reusita": 33.33333333333333, "cnt": 3}}, "nume": "COLEGIUL TEHNIC CAMPULUNG\tArge\u0219"}