{"specializari": {"STIINTE ALE NATURII": 152, "MATEMATICA-INFORMATICA": 29}, "limba_moderna": {"LIMBA ENGLEZA": 155, "LIMBA FRANCEZA": 18, "LIMBA GERMANA MODERNA": 8}, "limba_materna": {"LIMBA ROMANA": 181}, "promotie_anterioara": {"NU": 181}, "materii": {"LIMBA ROMANA": {"medie": 8.401104972375688, "reusita": 100.0, "cnt": 181}, "GENERAL": {"medie": 8.729834254143649, "reusita": 98.89502762430939, "cnt": 181}, "MATEMATICA ST-NAT": {"medie": 8.75592105263158, "reusita": 100.0, "cnt": 152}, "ANATOMIE SI FIZIOLOGIE UMANA, GENETICA SI ECOLOGIE UMANA": {"medie": 9.197619047619046, "reusita": 100.0, "cnt": 42}, "MATEMATICA MATE-INFO": {"medie": 8.987931034482758, "reusita": 100.0, "cnt": 29}, "BIOLOGIE VEGETALA SI ANIMALA": {"medie": 8.89230769230769, "reusita": 98.71794871794873, "cnt": 78}, "FIZICA TEO": {"medie": 8.966666666666667, "reusita": 94.44444444444444, "cnt": 18}, "CHIMIE ORGANICA TEO NIVEL I/II": {"medie": 8.891666666666667, "reusita": 100.0, "cnt": 6}, "INFORMATICA SN C/C++": {"medie": 8.803846153846154, "reusita": 100.0, "cnt": 13}, "INFORMATICA MI C/C++": {"medie": 9.089130434782607, "reusita": 100.0, "cnt": 23}, "CHIMIE ANORGANICA TEO NIVEL I/II": {"medie": 10.0, "reusita": 100.0, "cnt": 1}}, "nume": "COLEGIUL NATIONAL \"GHEORGHE LAZAR\" SIBIU\tSibiu"}