{"specializari": {"TEHNICIAN IN TURISM": 44, "TEHNICIAN PROIECTANT CAD": 12, "TEHNICIAN TRANSPORTURI": 14, "MATEMATICA-INFORMATICA": 25, "TEHNICIAN IN HOTELARIE": 2, "TEHNICIAN MECATRONIST": 1, "STIINTE ALE NATURII": 1, "TEHNICIAN IN INSTALATII ELECTRICE": 1}, "limba_moderna": {"LIMBA ENGLEZA": 91, "LIMBA FRANCEZA": 9}, "limba_materna": {"LIMBA ROMANA": 100}, "promotie_anterioara": {"DA": 60, "NU": 40}, "materii": {"LIMBA ROMANA": {"medie": 5.28265306122449, "reusita": 75.0, "cnt": 100}, "GEOGRAFIE": {"medie": 7.023333333333333, "reusita": 89.13043478260869, "cnt": 46}, "GENERAL": {"medie": 5.229649122807018, "reusita": 25.0, "cnt": 100}, "MATEMATICA ST-NAT": {"medie": 1.0, "reusita": 0.0, "cnt": 1}, "ANATOMIE SI FIZIOLOGIE UMANA, GENETICA SI ECOLOGIE UMANA": {"medie": 6.535714285714286, "reusita": 85.71428571428571, "cnt": 14}, "MATEMATICA MATE-INFO": {"medie": 4.397916666666666, "reusita": 68.0, "cnt": 25}, "BIOLOGIE VEGETALA SI ANIMALA": {"medie": 5.091935483870968, "reusita": 70.96774193548387, "cnt": 31}, "MATEMATICA TEHN": {"medie": 4.194285714285715, "reusita": 48.64864864864865, "cnt": 74}, "CHIMIE ANORGANICA TEH NIVEL I/II": {"medie": 4.4625, "reusita": 20.0, "cnt": 5}, "FIZICA TEH": {"medie": 1.6, "reusita": 0.0, "cnt": 4}}, "nume": "COLEGIUL TEHNOLOGIC \"GRIGORE CERCHEZ\"\tBucure\u0219ti"}