{"specializari": {"ORGANIZATOR BANQUETING": 8, "COAFOR STILIST": 39, "TEHNICIAN OPERATOR TEHNICA DE CALCUL": 3, "TEHNICIAN MECANIC PENTRU INTRETINERE SI REPARATII": 6, "TEHNICIAN IN ACTIVITATI ECONOMICE": 32, "TEHNICIAN MECATRONIST": 5, "TEHNICIAN IN GASTRONOMIE": 7}, "limba_moderna": {"LIMBA ENGLEZA": 100}, "limba_materna": {"LIMBA ROMANA": 100}, "promotie_anterioara": {"DA": 63, "NU": 37}, "materii": {"LIMBA ROMANA": {"medie": 4.8641304347826075, "reusita": 57.99999999999999, "cnt": 100}, "GEOGRAFIE": {"medie": 6.1136986301369864, "reusita": 75.0, "cnt": 80}, "GENERAL": {"medie": 5.004166666666668, "reusita": 19.0, "cnt": 100}, "BIOLOGIE VEGETALA SI ANIMALA": {"medie": 4.741666666666666, "reusita": 50.0, "cnt": 6}, "MATEMATICA TEHN": {"medie": 4.324712643678161, "reusita": 50.0, "cnt": 100}, "PSIHOLOGIE": {"medie": 5.55, "reusita": 66.66666666666666, "cnt": 3}, "LOGICA, ARGUMENTARE SI COMUNICARE": {"medie": 7.05, "reusita": 100.0, "cnt": 2}, "ECONOMIE": {"medie": 7.55, "reusita": 100.0, "cnt": 1}, "FIZICA TEH": {"medie": 3.892857142857143, "reusita": 50.0, "cnt": 8}}, "nume": "COLEGIUL UCECOM \"SPIRU HARET\"\tBucure\u0219ti"}