{"specializari": {"TEHNICIAN ANALIZE PRODUSE ALIMENTARE": 59, "TEHNICIAN ELECTROMECANIC": 20, "TEHNICIAN IN INDUSTRIA ALIMENTARA": 36}, "limba_moderna": {"LIMBA ENGLEZA": 113, "LIMBA FRANCEZA": 2}, "limba_materna": {"LIMBA ROMANA": 115}, "promotie_anterioara": {"NU": 46, "DA": 69}, "materii": {"LIMBA ROMANA": {"medie": 5.410909090909091, "reusita": 80.8695652173913, "cnt": 115}, "GENERAL": {"medie": 5.050520833333333, "reusita": 18.26086956521739, "cnt": 115}, "ANATOMIE SI FIZIOLOGIE UMANA, GENETICA SI ECOLOGIE UMANA": {"medie": 5.34, "reusita": 62.903225806451616, "cnt": 62}, "BIOLOGIE VEGETALA SI ANIMALA": {"medie": 4.853846153846155, "reusita": 46.93877551020408, "cnt": 49}, "MATEMATICA TEHN": {"medie": 4.463809523809524, "reusita": 48.69565217391305, "cnt": 115}, "CHIMIE ANORGANICA TEH NIVEL I/II": {"medie": 8.95, "reusita": 50.0, "cnt": 2}, "FIZICA TEH": {"medie": 4.975, "reusita": 50.0, "cnt": 2}}, "nume": "COLEGIUL TEHNIC DE INDUSTRIE ALIMENTARA \"DUMITRU MOTOC\"\tBucure\u0219ti"}