{"specializari": {"TEHNICIAN ANALIZE PRODUSE ALIMENTARE": 7, "TEHNICIAN IN INDUSTRIA ALIMENTARA": 12, "TEHNICIAN IN ACTIVITATI ECONOMICE": 13, "ORGANIZATOR BANQUETING": 10, "TEHNICIAN ECOLOG SI PROTECTIA CALITATII MEDIULUI": 13, "TEHNICIAN MECANIC PENTRU INTRETINERE SI REPARATII": 3, "TEHNICIAN OPERATOR TEHNICA DE CALCUL": 1, "TEHNICIAN MECATRONIST": 1, "TEHNICIAN IN TURISM": 1, "MATEMATICA-INFORMATICA": 1}, "limba_moderna": {"LIMBA ENGLEZA": 52, "LIMBA FRANCEZA": 10}, "limba_materna": {"LIMBA ROMANA": 62}, "promotie_anterioara": {"NU": 44, "DA": 18}, "materii": {"LIMBA ROMANA": {"medie": 5.8152542372881335, "reusita": 77.41935483870968, "cnt": 62}, "GEOGRAFIE": {"medie": 7.983333333333333, "reusita": 100.0, "cnt": 24}, "GENERAL": {"medie": 6.134210526315791, "reusita": 46.774193548387096, "cnt": 62}, "ANATOMIE SI FIZIOLOGIE UMANA, GENETICA SI ECOLOGIE UMANA": {"medie": 6.6049999999999995, "reusita": 84.375, "cnt": 32}, "MATEMATICA MATE-INFO": {"medie": 5.9, "reusita": 100.0, "cnt": 1}, "BIOLOGIE VEGETALA SI ANIMALA": {"medie": 7.025, "reusita": 100.0, "cnt": 2}, "FIZICA TEO": {"medie": 7.9, "reusita": 100.0, "cnt": 1}, "MATEMATICA TEHN": {"medie": 5.440350877192981, "reusita": 62.295081967213115, "cnt": 61}, "FIZICA TEH": {"medie": 5.333333333333333, "reusita": 66.66666666666666, "cnt": 3}}, "nume": "COLEGIUL TEHNIC \"DANUBIANA\", MUNICIPIUL ROMAN\tNeam\u021b"}