{"specializari": {"MATEMATICA-INFORMATICA": 58, "STIINTE ALE NATURII": 55, "FILOLOGIE": 92, "STIINTE SOCIALE": 41}, "limba_moderna": {"LIMBA ENGLEZA": 216, "LIMBA FRANCEZA": 30}, "limba_materna": {"LIMBA ROMANA": 246}, "promotie_anterioara": {"NU": 232, "DA": 14}, "materii": {"LIMBA ROMANA": {"medie": 7.914959016393443, "reusita": 97.15447154471545, "cnt": 246}, "ISTORIE": {"medie": 7.254166666666666, "reusita": 99.24812030075188, "cnt": 133}, "GEOGRAFIE": {"medie": 8.196938775510205, "reusita": 100.0, "cnt": 49}, "GENERAL": {"medie": 7.8894628099173545, "reusita": 87.8048780487805, "cnt": 246}, "MATEMATICA ST-NAT": {"medie": 7.249056603773584, "reusita": 90.9090909090909, "cnt": 55}, "ANATOMIE SI FIZIOLOGIE UMANA, GENETICA SI ECOLOGIE UMANA": {"medie": 8.717910447761193, "reusita": 98.52941176470588, "cnt": 68}, "MATEMATICA MATE-INFO": {"medie": 8.556896551724137, "reusita": 98.27586206896551, "cnt": 58}, "FIZICA TEO": {"medie": 8.942857142857143, "reusita": 100.0, "cnt": 35}, "CHIMIE ORGANICA TEO NIVEL I/II": {"medie": 9.607142857142858, "reusita": 100.0, "cnt": 7}, "SOCIOLOGIE": {"medie": 6.657812499999999, "reusita": 89.23076923076924, "cnt": 65}, "PSIHOLOGIE": {"medie": 8.114285714285712, "reusita": 100.0, "cnt": 7}, "LOGICA, ARGUMENTARE SI COMUNICARE": {"medie": 9.33, "reusita": 100.0, "cnt": 10}, "INFORMATICA MI C/C++": {"medie": 9.733333333333333, "reusita": 100.0, "cnt": 3}, "ECONOMIE": {"medie": 8.875, "reusita": 100.0, "cnt": 2}}, "nume": "COLEGIUL NATIONAL \"GIB MIHAESCU\" DRAGASANI\tV\u00e2lcea"}