{"specializari": {"STIINTE ALE NATURII": 56, "MATEMATICA-INFORMATICA": 127, "FILOLOGIE": 91}, "limba_moderna": {"LIMBA ENGLEZA": 223, "LIMBA FRANCEZA": 38, "LIMBA SPANIOLA": 13}, "limba_materna": {"LIMBA ROMANA": 274}, "promotie_anterioara": {"NU": 274}, "materii": {"LIMBA ROMANA": {"medie": 8.585583941605844, "reusita": 100.0, "cnt": 274}, "ISTORIE": {"medie": 8.548351648351646, "reusita": 100.0, "cnt": 91}, "GEOGRAFIE": {"medie": 10.0, "reusita": 100.0, "cnt": 1}, "GENERAL": {"medie": 8.840024330900244, "reusita": 98.90510948905109, "cnt": 274}, "MATEMATICA ST-NAT": {"medie": 8.897321428571427, "reusita": 100.0, "cnt": 56}, "ANATOMIE SI FIZIOLOGIE UMANA, GENETICA SI ECOLOGIE UMANA": {"medie": 8.994144144144144, "reusita": 100.0, "cnt": 111}, "MATEMATICA MATE-INFO": {"medie": 8.921653543307087, "reusita": 99.21259842519686, "cnt": 127}, "BIOLOGIE VEGETALA SI ANIMALA": {"medie": 7.959999999999999, "reusita": 100.0, "cnt": 5}, "FIZICA TEO": {"medie": 8.726315789473684, "reusita": 100.0, "cnt": 19}, "CHIMIE ORGANICA TEO NIVEL I/II": {"medie": 9.192857142857141, "reusita": 100.0, "cnt": 7}, "PSIHOLOGIE": {"medie": 9.2, "reusita": 100.0, "cnt": 5}, "LOGICA, ARGUMENTARE SI COMUNICARE": {"medie": 9.425974025974025, "reusita": 100.0, "cnt": 77}, "INFORMATICA MI C/C++": {"medie": 9.514634146341466, "reusita": 100.0, "cnt": 41}, "ECONOMIE": {"medie": 8.492857142857144, "reusita": 100.0, "cnt": 7}, "FILOSOFIE": {"medie": 5.2, "reusita": 100.0, "cnt": 1}}, "nume": "COLEGIUL NATIONAL \"CAROL I\" CRAIOVA\tDolj"}