{"specializari": {"TEHNICIAN MECANIC PENTRU INTRETINERE SI REPARATII": 78, "STIINTE ALE NATURII": 13, "TEHNICIAN IN INSTALATII ELECTRICE": 44, "TEHNICIAN IN AGROTURISM": 15, "MATEMATICA-INFORMATICA": 31, "TEHNICIAN ANALIZE PRODUSE ALIMENTARE": 1, "TEHNICIAN DESIGNER MOBILA SI AMENAJARI INTERIOARE": 1}, "limba_moderna": {"LIMBA ENGLEZA": 90, "LIMBA FRANCEZA": 93}, "limba_materna": {"LIMBA ROMANA": 183}, "promotie_anterioara": {"NU": 135, "DA": 48}, "materii": {"LIMBA ROMANA": {"medie": 5.936538461538462, "reusita": 63.934426229508205, "cnt": 183}, "GENERAL": {"medie": 5.325108225108224, "reusita": 34.97267759562842, "cnt": 183}, "MATEMATICA ST-NAT": {"medie": 2.35, "reusita": 7.6923076923076925, "cnt": 13}, "ANATOMIE SI FIZIOLOGIE UMANA, GENETICA SI ECOLOGIE UMANA": {"medie": 8.446428571428573, "reusita": 96.42857142857143, "cnt": 28}, "MATEMATICA MATE-INFO": {"medie": 6.901666666666667, "reusita": 87.09677419354838, "cnt": 31}, "BIOLOGIE VEGETALA SI ANIMALA": {"medie": 4.6652, "reusita": 39.59731543624161, "cnt": 149}, "FIZICA TEO": {"medie": 9.600000000000001, "reusita": 100.0, "cnt": 2}, "MATEMATICA TEHN": {"medie": 4.155599999999999, "reusita": 44.60431654676259, "cnt": 139}, "CHIMIE ANORGANICA TEH NIVEL I/II": {"medie": 5.65, "reusita": 100.0, "cnt": 2}, "FIZICA TEH": {"medie": 1.6, "reusita": 0.0, "cnt": 2}}, "nume": "COLEGIUL TEHNOLOGIC \"CONSTANTIN BRANCOVEANU\"\tMehedin\u021bi"}