{"specializari": {"FILOLOGIE": 63, "STIINTE SOCIALE": 36, "MATEMATICA-INFORMATICA": 73, "STIINTE ALE NATURII": 36}, "limba_moderna": {"LIMBA FRANCEZA": 28, "LIMBA ENGLEZA": 180}, "limba_materna": {"LIMBA ROMANA": 208}, "promotie_anterioara": {"NU": 205, "DA": 3}, "materii": {"LIMBA ROMANA": {"medie": 8.175961538461541, "reusita": 99.51923076923077, "cnt": 208}, "ISTORIE": {"medie": 8.618686868686865, "reusita": 98.98989898989899, "cnt": 99}, "GEOGRAFIE": {"medie": 9.245081967213116, "reusita": 100.0, "cnt": 61}, "GENERAL": {"medie": 8.639967637540456, "reusita": 96.15384615384616, "cnt": 208}, "MATEMATICA ST-NAT": {"medie": 8.579166666666666, "reusita": 97.22222222222221, "cnt": 36}, "ANATOMIE SI FIZIOLOGIE UMANA, GENETICA SI ECOLOGIE UMANA": {"medie": 9.368181818181817, "reusita": 100.0, "cnt": 11}, "MATEMATICA MATE-INFO": {"medie": 8.805555555555555, "reusita": 97.26027397260275, "cnt": 73}, "BIOLOGIE VEGETALA SI ANIMALA": {"medie": 8.316129032258063, "reusita": 93.75, "cnt": 32}, "FIZICA TEO": {"medie": 9.375, "reusita": 100.0, "cnt": 6}, "CHIMIE ORGANICA TEO NIVEL I/II": {"medie": 8.932608695652176, "reusita": 100.0, "cnt": 23}, "SOCIOLOGIE": {"medie": 8.64375, "reusita": 88.88888888888889, "cnt": 9}, "PSIHOLOGIE": {"medie": 7.95, "reusita": 100.0, "cnt": 1}, "LOGICA, ARGUMENTARE SI COMUNICARE": {"medie": 8.910714285714285, "reusita": 96.42857142857143, "cnt": 28}, "CHIMIE ANORGANICA TEO NIVEL I/II": {"medie": 9.1625, "reusita": 100.0, "cnt": 8}, "INFORMATICA MI PASCAL": {"medie": 9.408620689655171, "reusita": 100.0, "cnt": 29}}, "nume": "COLEGIUL NATIONAL \"HOREA CLOSCA SI CRISAN\" ALBA IULIA\tAlba"}