{"specializari": {"STIINTE SOCIALE": 71, "STIINTE ALE NATURII": 55, "MATEMATICA-INFORMATICA": 46, "FILOLOGIE": 61}, "limba_moderna": {"LIMBA ENGLEZA": 185, "LIMBA FRANCEZA": 45, "LIMBA SPANIOLA": 3}, "limba_materna": {"LIMBA ROMANA": 233}, "promotie_anterioara": {"NU": 225, "DA": 8}, "materii": {"LIMBA ROMANA": {"medie": 7.473144104803494, "reusita": 93.99141630901288, "cnt": 233}, "ISTORIE": {"medie": 7.617578125000003, "reusita": 95.45454545454545, "cnt": 132}, "GEOGRAFIE": {"medie": 7.760714285714286, "reusita": 87.5, "cnt": 16}, "GENERAL": {"medie": 8.172125181950502, "reusita": 91.84549356223177, "cnt": 233}, "MATEMATICA ST-NAT": {"medie": 8.625454545454547, "reusita": 100.0, "cnt": 55}, "ANATOMIE SI FIZIOLOGIE UMANA, GENETICA SI ECOLOGIE UMANA": {"medie": 8.980985915492953, "reusita": 100.0, "cnt": 71}, "MATEMATICA MATE-INFO": {"medie": 9.066304347826087, "reusita": 100.0, "cnt": 46}, "BIOLOGIE VEGETALA SI ANIMALA": {"medie": 8.95, "reusita": 100.0, "cnt": 1}, "FIZICA TEO": {"medie": 8.3, "reusita": 100.0, "cnt": 5}, "CHIMIE ORGANICA TEO NIVEL I/II": {"medie": 8.8875, "reusita": 100.0, "cnt": 4}, "INFORMATICA SN C/C++": {"medie": 7.6, "reusita": 100.0, "cnt": 2}, "LOGICA, ARGUMENTARE SI COMUNICARE": {"medie": 8.92280701754386, "reusita": 97.41379310344827, "cnt": 116}, "INFORMATICA MI C/C++": {"medie": 9.538888888888888, "reusita": 100.0, "cnt": 18}}, "nume": "COLEGIUL NATIONAL \"CUZA VODA\", MUN. HUSI\tVaslui"}