{"specializari": {"STIINTE SOCIALE": 32, "STIINTE ALE NATURII": 100, "MATEMATICA-INFORMATICA": 91, "FILOLOGIE": 131}, "limba_moderna": {"LIMBA ENGLEZA": 327, "LIMBA FRANCEZA": 19, "LIMBA GERMANA MODERNA": 8}, "limba_materna": {"LIMBA ROMANA": 255, "LIMBA MAGHIARA": 99}, "promotie_anterioara": {"NU": 346, "DA": 8}, "materii": {"LIMBA ROMANA": {"medie": 7.75396600566573, "reusita": 98.87005649717514, "cnt": 354}, "ISTORIE": {"medie": 8.034876543209876, "reusita": 98.77300613496932, "cnt": 163}, "GEOGRAFIE": {"medie": 8.986111111111112, "reusita": 97.26027397260275, "cnt": 73}, "GENERAL": {"medie": 8.138597733711041, "reusita": 95.76271186440678, "cnt": 354}, "MATEMATICA ST-NAT": {"medie": 8.039000000000001, "reusita": 98.0, "cnt": 100}, "ANATOMIE SI FIZIOLOGIE UMANA, GENETICA SI ECOLOGIE UMANA": {"medie": 9.005154639175256, "reusita": 100.0, "cnt": 97}, "MATEMATICA MATE-INFO": {"medie": 7.497802197802196, "reusita": 95.6043956043956, "cnt": 91}, "BIOLOGIE VEGETALA SI ANIMALA": {"medie": 8.830000000000002, "reusita": 100.0, "cnt": 5}, "FIZICA TEO": {"medie": 7.9125, "reusita": 100.0, "cnt": 4}, "CHIMIE ORGANICA TEO NIVEL I/II": {"medie": 8.53846153846154, "reusita": 100.0, "cnt": 13}, "LIMBA MAGHIARA (REAL)": {"medie": 7.480714285714287, "reusita": 98.57142857142858, "cnt": 70}, "SOCIOLOGIE": {"medie": 9.0875, "reusita": 100.0, "cnt": 4}, "LIMBA MAGHIARA (UMAN)": {"medie": 8.250000000000002, "reusita": 96.55172413793103, "cnt": 29}, "PSIHOLOGIE": {"medie": 6.96590909090909, "reusita": 95.45454545454545, "cnt": 22}, "LOGICA, ARGUMENTARE SI COMUNICARE": {"medie": 9.297619047619047, "reusita": 98.4126984126984, "cnt": 63}, "INFORMATICA MI C/C++": {"medie": 7.920000000000003, "reusita": 95.71428571428572, "cnt": 70}, "CHIMIE ANORGANICA TEO NIVEL I/II": {"medie": 5.8, "reusita": 100.0, "cnt": 1}, "FILOSOFIE": {"medie": 10.0, "reusita": 100.0, "cnt": 1}, "INFORMATICA MI PASCAL": {"medie": 6.15, "reusita": 100.0, "cnt": 1}}, "nume": "COLEGIUL NATIONAL \"MIHAI EMINESCU\" ORADEA\tBihor"}