{"specializari": {"STIINTE ALE NATURII": 24, "LICEU CU PROGRAM SPORTIV": 17, "MATEMATICA-INFORMATICA": 44, "FILOLOGIE": 61}, "limba_moderna": {"LIMBA ENGLEZA": 135, "LIMBA GERMANA MODERNA": 10, "LIMBA ITALIANA": 1}, "limba_materna": {"LIMBA ROMANA": 96, "LIMBA MAGHIARA": 50}, "promotie_anterioara": {"NU": 136, "DA": 10}, "materii": {"LIMBA ROMANA": {"medie": 7.407241379310343, "reusita": 93.83561643835617, "cnt": 146}, "ISTORIE": {"medie": 6.5337662337662366, "reusita": 92.3076923076923, "cnt": 78}, "GEOGRAFIE": {"medie": 7.905000000000002, "reusita": 96.72131147540983, "cnt": 61}, "GENERAL": {"medie": 7.535387731481478, "reusita": 75.34246575342466, "cnt": 146}, "MATEMATICA ST-NAT": {"medie": 7.335416666666666, "reusita": 91.66666666666666, "cnt": 24}, "ANATOMIE SI FIZIOLOGIE UMANA, GENETICA SI ECOLOGIE UMANA": {"medie": 9.104545454545454, "reusita": 100.0, "cnt": 33}, "MATEMATICA MATE-INFO": {"medie": 7.931818181818182, "reusita": 93.18181818181817, "cnt": 44}, "BIOLOGIE VEGETALA SI ANIMALA": {"medie": 7.513888888888889, "reusita": 100.0, "cnt": 18}, "FIZICA TEO": {"medie": 8.8, "reusita": 100.0, "cnt": 1}, "LIMBA MAGHIARA (REAL)": {"medie": 7.623529411764705, "reusita": 100.0, "cnt": 17}, "LIMBA MAGHIARA (UMAN)": {"medie": 6.365625000000001, "reusita": 96.96969696969697, "cnt": 33}, "PSIHOLOGIE": {"medie": 4.739285714285715, "reusita": 40.0, "cnt": 15}, "ECONOMIE": {"medie": 8.8, "reusita": 100.0, "cnt": 2}, "INFORMATICA MI PASCAL": {"medie": 9.099999999999998, "reusita": 100.0, "cnt": 16}}, "nume": "COLEGIUL NATIONAL \"MIRCEA ELIADE\" SIGHISOARA\tMure\u0219"}