{"specializari": {"ARHITECTURA, ARTE AMBIENTALE SI DESIGN": 27, "ARTE PLASTICE SI DECORATIVE": 55, "MUZICA": 46, "COREGRAFIE": 19, "ARTA ACTORULUI": 20}, "limba_moderna": {"LIMBA ENGLEZA": 156, "LIMBA ITALIANA": 10, "LIMBA FRANCEZA": 1}, "limba_materna": {"LIMBA ROMANA": 167}, "promotie_anterioara": {"NU": 145, "DA": 22}, "materii": {"LIMBA ROMANA": {"medie": 6.8283132530120465, "reusita": 93.41317365269461, "cnt": 167}, "ISTORIE": {"medie": 6.838484848484848, "reusita": 94.61077844311377, "cnt": 167}, "GEOGRAFIE": {"medie": 7.496598639455776, "reusita": 90.66666666666666, "cnt": 150}, "GENERAL": {"medie": 7.160191082802548, "reusita": 74.8502994011976, "cnt": 167}, "PSIHOLOGIE": {"medie": 7.109999999999999, "reusita": 100.0, "cnt": 5}, "LOGICA, ARGUMENTARE SI COMUNICARE": {"medie": 8.616666666666667, "reusita": 90.0, "cnt": 10}, "FILOSOFIE": {"medie": 7.6, "reusita": 100.0, "cnt": 2}}, "nume": "COLEGIUL NATIONAL DE ARTA \"OCTAV BANCILA\", IASI\tIa\u0219i"}