{"specializari": {"TEHNICIAN IN ACTIVITATI ECONOMICE": 29, "TEHNICIAN IN ACTIVITATI DE COMERT": 18, "ORGANIZATOR BANQUETING": 2, "TEHNICIAN IN INDUSTRIA TEXTILA": 1, "TEHNICIAN IN TURISM": 50}, "limba_moderna": {"LIMBA ENGLEZA": 100}, "limba_materna": {"LIMBA ROMANA": 100}, "promotie_anterioara": {"NU": 81, "DA": 19}, "materii": {"LIMBA ROMANA": {"medie": 7.374731182795698, "reusita": 92.0, "cnt": 100}, "GEOGRAFIE": {"medie": 7.317553191489361, "reusita": 87.87878787878788, "cnt": 99}, "GENERAL": {"medie": 6.904761904761905, "reusita": 62.0, "cnt": 100}, "MATEMATICA TEHN": {"medie": 5.934042553191489, "reusita": 73.0, "cnt": 100}, "CHIMIE ANORGANICA TEH NIVEL I/II": {"medie": "-", "reusita": 0.0, "cnt": 1}}, "nume": "COLEGIUL ECONOMIC \"EMANUIL GOJDU\" HUNEDOARA\tHunedoara"}