{"specializari": {"MATEMATICA-INFORMATICA": 187, "STIINTE ALE NATURII": 33, "FILOLOGIE": 36}, "limba_moderna": {"LIMBA ENGLEZA": 247, "LIMBA GERMANA MODERNA": 3, "LIMBA FRANCEZA": 6}, "limba_materna": {"LIMBA ROMANA": 256}, "promotie_anterioara": {"NU": 256}, "materii": {"LIMBA ROMANA": {"medie": 9.135546875000001, "reusita": 100.0, "cnt": 256}, "ISTORIE": {"medie": 9.309722222222224, "reusita": 100.0, "cnt": 36}, "GEOGRAFIE": {"medie": 9.225, "reusita": 100.0, "cnt": 8}, "GENERAL": {"medie": 9.325130208333327, "reusita": 99.609375, "cnt": 256}, "MATEMATICA ST-NAT": {"medie": 9.362121212121213, "reusita": 100.0, "cnt": 33}, "ANATOMIE SI FIZIOLOGIE UMANA, GENETICA SI ECOLOGIE UMANA": {"medie": 9.509523809523811, "reusita": 100.0, "cnt": 21}, "MATEMATICA MATE-INFO": {"medie": 9.427540106951874, "reusita": 100.0, "cnt": 187}, "BIOLOGIE VEGETALA SI ANIMALA": {"medie": 9.369444444444447, "reusita": 100.0, "cnt": 18}, "FIZICA TEO": {"medie": 9.475694444444446, "reusita": 98.61111111111111, "cnt": 72}, "CHIMIE ORGANICA TEO NIVEL I/II": {"medie": 9.623943661971829, "reusita": 100.0, "cnt": 71}, "SOCIOLOGIE": {"medie": 9.264999999999999, "reusita": 100.0, "cnt": 10}, "PSIHOLOGIE": {"medie": 8.883333333333333, "reusita": 100.0, "cnt": 3}, "LOGICA, ARGUMENTARE SI COMUNICARE": {"medie": 10.0, "reusita": 100.0, "cnt": 1}, "INFORMATICA MI C/C++": {"medie": 9.424999999999999, "reusita": 100.0, "cnt": 30}, "ECONOMIE": {"medie": 8.482142857142858, "reusita": 100.0, "cnt": 14}, "CHIMIE ANORGANICA TEO NIVEL I/II": {"medie": 9.681249999999999, "reusita": 100.0, "cnt": 8}}, "nume": "COLEGIUL NATIONAL \"SFANTUL SAVA\"\tBucure\u0219ti"}