{"specializari": {"COAFOR STILIST": 8, "TEHNICIAN IN CHIMIE INDUSTRIALA": 16, "TEHNICIAN ECOLOG SI PROTECTIA CALITATII MEDIULUI": 27, "TEHNICIAN CHIMIST DE LABORATOR": 4}, "limba_moderna": {"LIMBA ENGLEZA": 36, "LIMBA FRANCEZA": 19}, "limba_materna": {"LIMBA ROMANA": 55}, "promotie_anterioara": {"DA": 17, "NU": 38}, "materii": {"LIMBA ROMANA": {"medie": 5.920909090909093, "reusita": 96.36363636363636, "cnt": 55}, "GEOGRAFIE": {"medie": 6.3625, "reusita": 100.0, "cnt": 4}, "GENERAL": {"medie": 6.127891156462587, "reusita": 49.09090909090909, "cnt": 55}, "ANATOMIE SI FIZIOLOGIE UMANA, GENETICA SI ECOLOGIE UMANA": {"medie": 3.725, "reusita": 50.0, "cnt": 2}, "BIOLOGIE VEGETALA SI ANIMALA": {"medie": 6.047619047619048, "reusita": 70.83333333333334, "cnt": 24}, "MATEMATICA TEHN": {"medie": 6.064423076923076, "reusita": 83.63636363636363, "cnt": 55}, "LOGICA, ARGUMENTARE SI COMUNICARE": {"medie": 6.7625, "reusita": 75.0, "cnt": 4}, "CHIMIE ANORGANICA TEH NIVEL I/II": {"medie": 6.907499999999999, "reusita": 90.47619047619048, "cnt": 21}}, "nume": "COLEGIUL TEHNIC \"ANA ASLAN\" CLUJ-NAPOCA\tCluj"}