{"specializari": {"MATEMATICA-INFORMATICA": 55, "FILOLOGIE": 29, "STIINTE ALE NATURII": 87, "TEHNICIAN MECANIC PENTRU INTRETINERE SI REPARATII": 1}, "limba_moderna": {"LIMBA ENGLEZA": 127, "LIMBA SPANIOLA": 2, "LIMBA GERMANA MODERNA": 17, "LIMBA FRANCEZA": 26}, "limba_materna": {"LIMBA ROMANA": 172}, "promotie_anterioara": {"NU": 171, "DA": 1}, "materii": {"LIMBA ROMANA": {"medie": 8.916081871345026, "reusita": 99.4186046511628, "cnt": 172}, "ISTORIE": {"medie": 9.10344827586207, "reusita": 100.0, "cnt": 29}, "GEOGRAFIE": {"medie": 9.579166666666667, "reusita": 100.0, "cnt": 12}, "GENERAL": {"medie": 9.074561403508774, "reusita": 99.4186046511628, "cnt": 172}, "MATEMATICA ST-NAT": {"medie": 9.138505747126436, "reusita": 100.0, "cnt": 87}, "ANATOMIE SI FIZIOLOGIE UMANA, GENETICA SI ECOLOGIE UMANA": {"medie": 9.2625, "reusita": 100.0, "cnt": 20}, "MATEMATICA MATE-INFO": {"medie": 8.796363636363635, "reusita": 100.0, "cnt": 55}, "BIOLOGIE VEGETALA SI ANIMALA": {"medie": 8.889215686274511, "reusita": 100.0, "cnt": 51}, "FIZICA TEO": {"medie": 8.88125, "reusita": 100.0, "cnt": 8}, "MATEMATICA TEHN": {"medie": 7.0, "reusita": 100.0, "cnt": 1}, "CHIMIE ORGANICA TEO NIVEL I/II": {"medie": 9.575000000000001, "reusita": 100.0, "cnt": 24}, "SOCIOLOGIE": {"medie": 9.55, "reusita": 100.0, "cnt": 2}, "INFORMATICA SN C/C++": {"medie": 9.3, "reusita": 100.0, "cnt": 4}, "PSIHOLOGIE": {"medie": 9.9, "reusita": 100.0, "cnt": 2}, "LOGICA, ARGUMENTARE SI COMUNICARE": {"medie": 9.592307692307692, "reusita": 100.0, "cnt": 13}, "INFORMATICA MI C/C++": {"medie": 9.500000000000002, "reusita": 100.0, "cnt": 26}, "CHIMIE ANORGANICA TEO NIVEL I/II": {"medie": 9.285, "reusita": 100.0, "cnt": 10}}, "nume": "COLEGIUL NATIONAL \"DR. IOAN MESOTA\" BRASOV\tBra\u0219ov"}