{"specializari": {"STIINTE ALE NATURII": 23, "STIINTE SOCIALE": 35, "FILOLOGIE": 29, "MATEMATICA-INFORMATICA": 4}, "limba_moderna": {"LIMBA ENGLEZA": 67, "LIMBA FRANCEZA": 24}, "limba_materna": {"LIMBA ROMANA": 91}, "promotie_anterioara": {"NU": 81, "DA": 10}, "materii": {"LIMBA ROMANA": {"medie": 6.923295454545454, "reusita": 86.81318681318682, "cnt": 91}, "ISTORIE": {"medie": 6.8126984126984125, "reusita": 92.1875, "cnt": 64}, "GEOGRAFIE": {"medie": 8.645454545454545, "reusita": 98.21428571428571, "cnt": 56}, "GENERAL": {"medie": 6.962643678160919, "reusita": 63.73626373626373, "cnt": 91}, "MATEMATICA ST-NAT": {"medie": 3.838636363636364, "reusita": 34.78260869565217, "cnt": 23}, "ANATOMIE SI FIZIOLOGIE UMANA, GENETICA SI ECOLOGIE UMANA": {"medie": 6.422916666666668, "reusita": 76.92307692307693, "cnt": 26}, "MATEMATICA MATE-INFO": {"medie": 4.1, "reusita": 50.0, "cnt": 4}, "BIOLOGIE VEGETALA SI ANIMALA": {"medie": 9.8, "reusita": 100.0, "cnt": 1}, "SOCIOLOGIE": {"medie": 6.25, "reusita": 100.0, "cnt": 2}, "LOGICA, ARGUMENTARE SI COMUNICARE": {"medie": 8.291666666666666, "reusita": 100.0, "cnt": 6}}, "nume": "COLEGIUL NATIONAL \"TUDOR ARGHEZI\" TG-CARBUNESTI\tGorj"}