{"specializari": {"STIINTE SOCIALE": 62, "MATEMATICA-INFORMATICA": 38, "FILOLOGIE": 30, "STIINTE ALE NATURII": 59}, "limba_moderna": {"LIMBA ENGLEZA": 170, "LIMBA FRANCEZA": 19}, "limba_materna": {"LIMBA ROMANA": 189}, "promotie_anterioara": {"NU": 185, "DA": 4}, "materii": {"LIMBA ROMANA": {"medie": 8.145744680851065, "reusita": 99.47089947089947, "cnt": 189}, "ISTORIE": {"medie": 8.246195652173913, "reusita": 100.0, "cnt": 92}, "GEOGRAFIE": {"medie": 9.231132075471699, "reusita": 100.0, "cnt": 53}, "GENERAL": {"medie": 8.632446808510636, "reusita": 97.35449735449735, "cnt": 189}, "MATEMATICA ST-NAT": {"medie": 9.191525423728814, "reusita": 100.0, "cnt": 59}, "ANATOMIE SI FIZIOLOGIE UMANA, GENETICA SI ECOLOGIE UMANA": {"medie": 9.107692307692307, "reusita": 100.0, "cnt": 52}, "MATEMATICA MATE-INFO": {"medie": 8.626315789473685, "reusita": 97.36842105263158, "cnt": 38}, "BIOLOGIE VEGETALA SI ANIMALA": {"medie": 6.45, "reusita": 100.0, "cnt": 1}, "FIZICA TEO": {"medie": 9.024999999999999, "reusita": 100.0, "cnt": 26}, "CHIMIE ORGANICA TEO NIVEL I/II": {"medie": 9.676666666666668, "reusita": 100.0, "cnt": 15}, "SOCIOLOGIE": {"medie": 8.885, "reusita": 100.0, "cnt": 10}, "INFORMATICA SN C/C++": {"medie": 9.4, "reusita": 100.0, "cnt": 1}, "PSIHOLOGIE": {"medie": 8.616666666666667, "reusita": 100.0, "cnt": 3}, "LOGICA, ARGUMENTARE SI COMUNICARE": {"medie": 8.883333333333331, "reusita": 100.0, "cnt": 21}, "INFORMATICA MI C/C++": {"medie": 9.325, "reusita": 100.0, "cnt": 2}, "ECONOMIE": {"medie": 9.125, "reusita": 100.0, "cnt": 4}, "FILOSOFIE": {"medie": 5.1, "reusita": 100.0, "cnt": 1}}, "nume": "COLEGIUL NATIONAL \"GH. ROSCA CODREANU\", MUN. BARLAD\tVaslui"}