{"specializari": {"TEHNICIAN IN ADMINISTRATIE": 14, "TEHNICIAN OPERATOR TEHNICA DE CALCUL": 3, "TEHNICIAN ELECTRONIST": 4, "TEHNICIAN MECATRONIST": 3, "TEHNICIAN IN ACTIVITATI ECONOMICE": 2, "TEHNICIAN IN INDUSTRIA STICLEI SI CERAMICII": 1, "TEHNICIAN TRANSPORTURI": 3, "TEHNICIAN ELECTRICIAN/ELECTRONIST AUTO": 1, "TEHNICIAN DESIGNER VESTIMENTAR": 3, "TEHNICIAN CHIMIST DE LABORATOR": 1, "TEHNICIAN ELECTROTEHNIST": 1}, "limba_moderna": {"LIMBA ENGLEZA": 36}, "limba_materna": {"LIMBA ROMANA": 36}, "promotie_anterioara": {"NU": 18, "DA": 18}, "materii": {"LIMBA ROMANA": {"medie": 6.1924242424242415, "reusita": 86.11111111111111, "cnt": 36}, "GEOGRAFIE": {"medie": 8.178125000000001, "reusita": 93.75, "cnt": 16}, "GENERAL": {"medie": 6.940860215053763, "reusita": 61.111111111111114, "cnt": 36}, "BIOLOGIE VEGETALA SI ANIMALA": {"medie": 6.527272727272726, "reusita": 78.57142857142857, "cnt": 14}, "MATEMATICA TEHN": {"medie": 6.688235294117648, "reusita": 86.11111111111111, "cnt": 36}, "CHIMIE ANORGANICA TEH NIVEL I/II": {"medie": 7.7875, "reusita": 100.0, "cnt": 4}, "FIZICA TEH": {"medie": 3.95, "reusita": 50.0, "cnt": 2}}, "nume": "COLEGIUL TEHNIC TURDA\tCluj"}