{"specializari": {"MATEMATICA-INFORMATICA": 58, "STIINTE ALE NATURII": 58, "STIINTE SOCIALE": 77}, "limba_moderna": {"LIMBA ENGLEZA": 187, "LIMBA FRANCEZA": 5, "LIMBA GERMANA MODERNA": 1}, "limba_materna": {"LIMBA ROMANA": 179, "LIMBA GERMANA": 14}, "promotie_anterioara": {"NU": 193}, "materii": {"LIMBA ROMANA": {"medie": 8.708808290155442, "reusita": 99.48186528497409, "cnt": 193}, "ISTORIE": {"medie": 7.632467532467536, "reusita": 98.7012987012987, "cnt": 77}, "GEOGRAFIE": {"medie": 8.335294117647058, "reusita": 100.0, "cnt": 17}, "GENERAL": {"medie": 8.815803108808288, "reusita": 98.96373056994818, "cnt": 193}, "MATEMATICA ST-NAT": {"medie": 9.11551724137931, "reusita": 100.0, "cnt": 58}, "ANATOMIE SI FIZIOLOGIE UMANA, GENETICA SI ECOLOGIE UMANA": {"medie": 9.421999999999999, "reusita": 100.0, "cnt": 50}, "MATEMATICA MATE-INFO": {"medie": 9.636206896551723, "reusita": 100.0, "cnt": 58}, "BIOLOGIE VEGETALA SI ANIMALA": {"medie": 9.01, "reusita": 100.0, "cnt": 5}, "FIZICA TEO": {"medie": 9.313333333333333, "reusita": 100.0, "cnt": 15}, "CHIMIE ORGANICA TEO NIVEL I/II": {"medie": 9.290624999999999, "reusita": 100.0, "cnt": 16}, "SOCIOLOGIE": {"medie": 8.104761904761903, "reusita": 100.0, "cnt": 21}, "PSIHOLOGIE": {"medie": 9.5, "reusita": 100.0, "cnt": 1}, "LOGICA, ARGUMENTARE SI COMUNICARE": {"medie": 9.381428571428572, "reusita": 100.0, "cnt": 35}, "INFORMATICA MI C/C++": {"medie": 8.958333333333334, "reusita": 100.0, "cnt": 18}, "ECONOMIE": {"medie": 8.95, "reusita": 100.0, "cnt": 2}, "LIMBA GERMANA": {"medie": 7.621428571428571, "reusita": 100.0, "cnt": 14}, "FILOSOFIE": {"medie": 9.9, "reusita": 100.0, "cnt": 1}, "INFORMATICA MI PASCAL": {"medie": 9.141666666666666, "reusita": 100.0, "cnt": 12}}, "nume": "COLEGIUL NATIONAL \"ALEXANDRU PAPIU ILARIAN\" TIRGU MURES\tMure\u0219"}