{"specializari": {"MATEMATICA-INFORMATICA": 108, "FILOLOGIE": 68, "STIINTE ALE NATURII": 61}, "limba_moderna": {"LIMBA ENGLEZA": 204, "LIMBA FRANCEZA": 30, "LIMBA GERMANA MODERNA": 1, "LIMBA ITALIANA": 2}, "limba_materna": {"LIMBA ROMANA": 237}, "promotie_anterioara": {"NU": 231, "DA": 6}, "materii": {"LIMBA ROMANA": {"medie": 8.651483050847459, "reusita": 99.57805907172997, "cnt": 237}, "ISTORIE": {"medie": 8.010294117647062, "reusita": 100.0, "cnt": 68}, "GEOGRAFIE": {"medie": 8.927380952380954, "reusita": 100.0, "cnt": 42}, "GENERAL": {"medie": 8.681355932203388, "reusita": 98.31223628691983, "cnt": 237}, "MATEMATICA ST-NAT": {"medie": 7.978688524590166, "reusita": 98.36065573770492, "cnt": 61}, "ANATOMIE SI FIZIOLOGIE UMANA, GENETICA SI ECOLOGIE UMANA": {"medie": 9.099999999999998, "reusita": 100.0, "cnt": 79}, "MATEMATICA MATE-INFO": {"medie": 8.923148148148146, "reusita": 100.0, "cnt": 108}, "BIOLOGIE VEGETALA SI ANIMALA": {"medie": 7.6899999999999995, "reusita": 100.0, "cnt": 5}, "FIZICA TEO": {"medie": 8.783333333333333, "reusita": 100.0, "cnt": 24}, "CHIMIE ORGANICA TEO NIVEL I/II": {"medie": 8.718749999999998, "reusita": 100.0, "cnt": 16}, "SOCIOLOGIE": {"medie": 7.319230769230771, "reusita": 92.3076923076923, "cnt": 13}, "PSIHOLOGIE": {"medie": 8.65, "reusita": 100.0, "cnt": 3}, "INFORMATICA MI C/C++": {"medie": 9.44318181818182, "reusita": 100.0, "cnt": 44}, "ECONOMIE": {"medie": 9.194999999999999, "reusita": 100.0, "cnt": 10}, "CHIMIE ANORGANICA TEO NIVEL I/II": {"medie": 10.0, "reusita": 100.0, "cnt": 1}}, "nume": "COLEGIUL NATIONAL \"TUDOR VLADIMIRESCU\" TG-JIU\tGorj"}