{"specializari": {"MATEMATICA-INFORMATICA": 109, "FILOLOGIE": 35, "STIINTE SOCIALE": 35, "STIINTE ALE NATURII": 29}, "limba_moderna": {"LIMBA ENGLEZA": 161, "LIMBA FRANCEZA": 41, "LIMBA GERMANA MODERNA": 6}, "limba_materna": {"LIMBA ROMANA": 208}, "promotie_anterioara": {"NU": 204, "DA": 4}, "materii": {"LIMBA ROMANA": {"medie": 7.795192307692305, "reusita": 99.03846153846155, "cnt": 208}, "ISTORIE": {"medie": 6.779285714285716, "reusita": 98.57142857142858, "cnt": 70}, "GEOGRAFIE": {"medie": 9.172999999999998, "reusita": 100.0, "cnt": 50}, "GENERAL": {"medie": 8.174235104669892, "reusita": 96.63461538461539, "cnt": 208}, "MATEMATICA ST-NAT": {"medie": 8.175862068965518, "reusita": 100.0, "cnt": 29}, "ANATOMIE SI FIZIOLOGIE UMANA, GENETICA SI ECOLOGIE UMANA": {"medie": 9.004545454545454, "reusita": 100.0, "cnt": 11}, "MATEMATICA MATE-INFO": {"medie": 8.54907407407407, "reusita": 99.08256880733946, "cnt": 109}, "BIOLOGIE VEGETALA SI ANIMALA": {"medie": 8.57, "reusita": 100.0, "cnt": 35}, "FIZICA TEO": {"medie": 8.486363636363636, "reusita": 100.0, "cnt": 55}, "CHIMIE ORGANICA TEO NIVEL I/II": {"medie": 9.271153846153846, "reusita": 100.0, "cnt": 26}, "SOCIOLOGIE": {"medie": 8.866666666666665, "reusita": 100.0, "cnt": 3}, "PSIHOLOGIE": {"medie": 8.075, "reusita": 75.0, "cnt": 4}, "LOGICA, ARGUMENTARE SI COMUNICARE": {"medie": 9.5875, "reusita": 100.0, "cnt": 4}, "INFORMATICA MI C/C++": {"medie": 8.604545454545454, "reusita": 100.0, "cnt": 11}, "ECONOMIE": {"medie": 9.16875, "reusita": 100.0, "cnt": 8}, "FILOSOFIE": {"medie": 5.0, "reusita": 100.0, "cnt": 1}}, "nume": "COLEGIUL NATIONAL \"VLAICU VODA\" CURTEA DE ARGES\tArge\u0219"}