{"specializari": {"TEHNICIAN IN INDUSTRIA MATERIALELOR DE CONSTRUCTII": 3, "TEHNICIAN IN INDUSTRIA STICLEI SI CERAMICII": 26, "TEHNICIAN DESIGNER VESTIMENTAR": 22, "TEHNICIAN CHIMIST DE LABORATOR": 24, "TEHNICIAN IN INDUSTRIA PIELARIEI": 15, "COAFOR STILIST": 30, "TEHNICIAN IN INDUSTRIA TEXTILA": 8, "MATEMATICA-INFORMATICA": 1}, "limba_moderna": {"LIMBA ENGLEZA": 127, "LIMBA FRANCEZA": 2}, "limba_materna": {"LIMBA ROMANA": 129}, "promotie_anterioara": {"NU": 104, "DA": 25}, "materii": {"LIMBA ROMANA": {"medie": 5.657692307692308, "reusita": 75.96899224806202, "cnt": 129}, "GEOGRAFIE": {"medie": 7.345454545454545, "reusita": 88.0, "cnt": 25}, "GENERAL": {"medie": 5.592575757575761, "reusita": 34.883720930232556, "cnt": 129}, "MATEMATICA MATE-INFO": {"medie": 5.2, "reusita": 100.0, "cnt": 1}, "BIOLOGIE VEGETALA SI ANIMALA": {"medie": 4.8132911392405076, "reusita": 48.31460674157304, "cnt": 89}, "MATEMATICA TEHN": {"medie": 5.335714285714286, "reusita": 59.375, "cnt": 128}, "LOGICA, ARGUMENTARE SI COMUNICARE": {"medie": 8.54, "reusita": 100.0, "cnt": 5}, "CHIMIE ANORGANICA TEH NIVEL I/II": {"medie": 3.875, "reusita": 33.33333333333333, "cnt": 3}, "FIZICA TEH": {"medie": 7.325, "reusita": 80.0, "cnt": 5}, "CHIMIE ORGANICA TEH NIVEL I/II": {"medie": 7.175, "reusita": 100.0, "cnt": 2}}, "nume": "COLEGIUL TEHNIC \"APULUM\" ALBA IULIA\tAlba"}