{"specializari": {"TEHNICIAN DESENATOR PENTRU CONSTRUCTII SI INSTALATII": 13, "TEHNICIAN IN TURISM": 19, "TEHNICIAN IN HOTELARIE": 23, "TEHNICIAN TRANSPORTURI": 37, "TEHNICIAN IN ACTIVITATI ECONOMICE": 36, "TEHNICIAN MECATRONIST": 9, "TEHNICIAN IN CONSTRUCTII SI LUCRARI PUBLICE": 2, "TEHNICIAN OPERATOR TEHNICA DE CALCUL": 2, "TEHNICIAN IN AUTOMATIZARI": 1, "TEHNICIAN IN INDUSTRIA ALIMENTARA": 1}, "limba_moderna": {"LIMBA ENGLEZA": 139, "LIMBA FRANCEZA": 4}, "limba_materna": {"LIMBA ROMANA": 143}, "promotie_anterioara": {"NU": 116, "DA": 27}, "materii": {"LIMBA ROMANA": {"medie": 6.097499999999999, "reusita": 89.5104895104895, "cnt": 143}, "GEOGRAFIE": {"medie": 7.489726027397261, "reusita": 97.2972972972973, "cnt": 74}, "GENERAL": {"medie": 6.131763285024157, "reusita": 51.74825174825175, "cnt": 143}, "BIOLOGIE VEGETALA SI ANIMALA": {"medie": 4.660833333333332, "reusita": 48.38709677419355, "cnt": 62}, "MATEMATICA TEHN": {"medie": 6.137500000000001, "reusita": 79.72027972027972, "cnt": 143}, "LOGICA, ARGUMENTARE SI COMUNICARE": {"medie": 5.1000000000000005, "reusita": 33.33333333333333, "cnt": 3}, "ECONOMIE": {"medie": 3.1, "reusita": 0.0, "cnt": 1}, "CHIMIE ANORGANICA TEH NIVEL I/II": {"medie": 6.45, "reusita": 100.0, "cnt": 2}, "FIZICA TEH": {"medie": 2.5, "reusita": 0.0, "cnt": 1}}, "nume": "COLEGIUL TEHNIC \"MIRON COSTIN\", MUNICIPIUL ROMAN\tNeam\u021b"}