{"specializari": {"STIINTE ALE NATURII": 30, "TEHNICIAN IN INDUSTRIA PIELARIEI": 12, "TEHNICIAN CHIMIST DE LABORATOR": 10, "TEHNICIAN ECOLOG SI PROTECTIA CALITATII MEDIULUI": 17, "TEHNICIAN DESIGNER VESTIMENTAR": 14, "TEHNICIAN IN CHIMIE INDUSTRIALA": 2}, "limba_moderna": {"LIMBA FRANCEZA": 9, "LIMBA ENGLEZA": 76}, "limba_materna": {"LIMBA ROMANA": 85}, "promotie_anterioara": {"NU": 30, "DA": 55}, "materii": {"LIMBA ROMANA": {"medie": 5.539634146341464, "reusita": 78.82352941176471, "cnt": 85}, "GENERAL": {"medie": 5.025641025641025, "reusita": 21.176470588235293, "cnt": 85}, "MATEMATICA ST-NAT": {"medie": 4.667241379310345, "reusita": 50.0, "cnt": 30}, "ANATOMIE SI FIZIOLOGIE UMANA, GENETICA SI ECOLOGIE UMANA": {"medie": 5.476, "reusita": 52.0, "cnt": 25}, "BIOLOGIE VEGETALA SI ANIMALA": {"medie": 4.90204081632653, "reusita": 50.0, "cnt": 54}, "FIZICA TEO": {"medie": 4.675, "reusita": 50.0, "cnt": 2}, "MATEMATICA TEHN": {"medie": 4.431372549019608, "reusita": 60.0, "cnt": 55}, "FIZICA TEH": {"medie": 2.4000000000000004, "reusita": 0.0, "cnt": 2}, "CHIMIE ORGANICA TEH NIVEL I/II": {"medie": 5.125, "reusita": 100.0, "cnt": 2}}, "nume": "COLEGIUL TEHNIC \"PETRU RARES\"\tBucure\u0219ti"}