{"specializari": {"FILOLOGIE": 30, "STIINTE SOCIALE": 62, "STIINTE ALE NATURII": 30, "MATEMATICA-INFORMATICA": 57}, "limba_moderna": {"LIMBA ENGLEZA": 159, "LIMBA FRANCEZA": 20}, "limba_materna": {"LIMBA ROMANA": 179}, "promotie_anterioara": {"NU": 178, "DA": 1}, "materii": {"LIMBA ROMANA": {"medie": 8.628089887640451, "reusita": 99.4413407821229, "cnt": 179}, "ISTORIE": {"medie": 8.40760869565217, "reusita": 100.0, "cnt": 92}, "GENERAL": {"medie": 8.836235955056177, "reusita": 99.4413407821229, "cnt": 179}, "MATEMATICA ST-NAT": {"medie": 9.045, "reusita": 100.0, "cnt": 30}, "ANATOMIE SI FIZIOLOGIE UMANA, GENETICA SI ECOLOGIE UMANA": {"medie": 8.999999999999998, "reusita": 100.0, "cnt": 17}, "MATEMATICA MATE-INFO": {"medie": 9.01578947368421, "reusita": 100.0, "cnt": 57}, "BIOLOGIE VEGETALA SI ANIMALA": {"medie": 8.78888888888889, "reusita": 100.0, "cnt": 9}, "FIZICA TEO": {"medie": 9.128947368421052, "reusita": 100.0, "cnt": 19}, "CHIMIE ORGANICA TEO NIVEL I/II": {"medie": 9.55625, "reusita": 100.0, "cnt": 16}, "PSIHOLOGIE": {"medie": 9.5, "reusita": 100.0, "cnt": 2}, "LOGICA, ARGUMENTARE SI COMUNICARE": {"medie": 9.13977272727273, "reusita": 100.0, "cnt": 88}, "INFORMATICA MI C/C++": {"medie": 9.2375, "reusita": 100.0, "cnt": 16}, "ECONOMIE": {"medie": 9.05, "reusita": 100.0, "cnt": 2}, "INFORMATICA MI PASCAL": {"medie": 9.635, "reusita": 100.0, "cnt": 10}}, "nume": "COLEGIUL NATIONAL \"NICOLAE GRIGORESCU\", MUNICIPIUL CAMPINA\tPrahova"}