{"specializari": {"MATEMATICA-INFORMATICA": 105, "STIINTE ALE NATURII": 67, "FILOLOGIE": 35, "STIINTE SOCIALE": 34}, "limba_moderna": {"LIMBA ENGLEZA": 233, "LIMBA FRANCEZA": 7, "LIMBA GERMANA MODERNA": 1}, "limba_materna": {"LIMBA ROMANA": 241}, "promotie_anterioara": {"NU": 237, "DA": 4}, "materii": {"LIMBA ROMANA": {"medie": 8.457883817427387, "reusita": 100.0, "cnt": 241}, "ISTORIE": {"medie": 8.50869565217391, "reusita": 100.0, "cnt": 69}, "GEOGRAFIE": {"medie": 9.3, "reusita": 100.0, "cnt": 8}, "GENERAL": {"medie": 8.56224066390041, "reusita": 99.5850622406639, "cnt": 241}, "MATEMATICA ST-NAT": {"medie": 8.772388059701493, "reusita": 100.0, "cnt": 67}, "ANATOMIE SI FIZIOLOGIE UMANA, GENETICA SI ECOLOGIE UMANA": {"medie": 8.843939393939396, "reusita": 100.0, "cnt": 99}, "MATEMATICA MATE-INFO": {"medie": 8.163333333333334, "reusita": 99.04761904761905, "cnt": 105}, "BIOLOGIE VEGETALA SI ANIMALA": {"medie": 8.412500000000001, "reusita": 100.0, "cnt": 4}, "FIZICA TEO": {"medie": 8.371428571428572, "reusita": 100.0, "cnt": 21}, "CHIMIE ORGANICA TEO NIVEL I/II": {"medie": 9.016129032258064, "reusita": 100.0, "cnt": 31}, "SOCIOLOGIE": {"medie": 8.855681818181816, "reusita": 100.0, "cnt": 44}, "PSIHOLOGIE": {"medie": 8.383333333333333, "reusita": 100.0, "cnt": 3}, "LOGICA, ARGUMENTARE SI COMUNICARE": {"medie": 9.1875, "reusita": 100.0, "cnt": 8}, "INFORMATICA MI C/C++": {"medie": 8.844444444444443, "reusita": 100.0, "cnt": 9}, "ECONOMIE": {"medie": 8.200000000000001, "reusita": 100.0, "cnt": 6}, "CHIMIE ANORGANICA TEO NIVEL I/II": {"medie": 9.4, "reusita": 100.0, "cnt": 1}, "INFORMATICA MI PASCAL": {"medie": 7.821428571428572, "reusita": 100.0, "cnt": 7}}, "nume": "COLEGIUL NATIONAL \"MATEI BASARAB\"\tBucure\u0219ti"}