{"specializari": {"MATEMATICA-INFORMATICA": 30, "TEHNICIAN POLIGRAF": 60, "TEHNICIAN OPERATOR PROCESARE TEXT IMAGINE": 31, "TEHNICIAN PRODUCTIE FILM SI TELEVIZIUNE": 68, "TEHNICIAN MECATRONIST": 3, "LICEU CU PROGRAM SPORTIV": 31, "TEHNICIAN ELECTROTEHNIST": 1}, "limba_moderna": {"LIMBA ENGLEZA": 224}, "limba_materna": {"LIMBA ROMANA": 224}, "promotie_anterioara": {"NU": 132, "DA": 92}, "materii": {"LIMBA ROMANA": {"medie": 5.505607476635515, "reusita": 76.78571428571429, "cnt": 224}, "ISTORIE": {"medie": 4.933333333333334, "reusita": 64.51612903225806, "cnt": 31}, "GEOGRAFIE": {"medie": 5.696551724137931, "reusita": 70.0, "cnt": 30}, "GENERAL": {"medie": 5.126260162601627, "reusita": 22.767857142857142, "cnt": 224}, "ANATOMIE SI FIZIOLOGIE UMANA, GENETICA SI ECOLOGIE UMANA": {"medie": 4.55, "reusita": 50.0, "cnt": 2}, "MATEMATICA MATE-INFO": {"medie": 4.039655172413793, "reusita": 46.666666666666664, "cnt": 30}, "BIOLOGIE VEGETALA SI ANIMALA": {"medie": 4.503666666666667, "reusita": 44.303797468354425, "cnt": 158}, "FIZICA TEO": {"medie": 7.0, "reusita": 100.0, "cnt": 2}, "MATEMATICA TEHN": {"medie": 5.018627450980392, "reusita": 61.34969325153374, "cnt": 163}, "LOGICA, ARGUMENTARE SI COMUNICARE": {"medie": 6.3, "reusita": 100.0, "cnt": 1}, "INFORMATICA MI C/C++": {"medie": 5.7, "reusita": 100.0, "cnt": 3}, "CHIMIE ANORGANICA TEH NIVEL I/II": {"medie": 6.15625, "reusita": 100.0, "cnt": 8}, "FIZICA TEH": {"medie": 6.92, "reusita": 81.81818181818183, "cnt": 11}, "CHIMIE ANORGANICA TEO NIVEL I/II": {"medie": 5.08125, "reusita": 62.5, "cnt": 8}, "CHIMIE ORGANICA TEH NIVEL I/II": {"medie": 5.0, "reusita": 100.0, "cnt": 1}}, "nume": "COLEGIUL TEHNIC \"MEDIA\"\tBucure\u0219ti"}