{"specializari": {"MATEMATICA-INFORMATICA": 60, "TEOLOGIE ORTODOXA": 19, "FILOLOGIE": 28, "INVATATOR - EDUCATOARE": 26}, "limba_moderna": {"LIMBA ENGLEZA": 132, "LIMBA GERMANA MODERNA": 1}, "limba_materna": {"LIMBA ROMANA": 133}, "promotie_anterioara": {"NU": 127, "DA": 6}, "materii": {"LIMBA ROMANA": {"medie": 7.571804511278196, "reusita": 98.49624060150376, "cnt": 133}, "ISTORIE": {"medie": 7.400000000000002, "reusita": 95.74468085106383, "cnt": 47}, "GEOGRAFIE": {"medie": 7.934000000000001, "reusita": 94.0, "cnt": 50}, "GENERAL": {"medie": 7.99911616161616, "reusita": 90.97744360902256, "cnt": 133}, "ANATOMIE SI FIZIOLOGIE UMANA, GENETICA SI ECOLOGIE UMANA": {"medie": 9.695454545454545, "reusita": 100.0, "cnt": 11}, "MATEMATICA MATE-INFO": {"medie": 8.234166666666665, "reusita": 96.66666666666667, "cnt": 60}, "BIOLOGIE VEGETALA SI ANIMALA": {"medie": 8.747058823529413, "reusita": 100.0, "cnt": 34}, "FIZICA TEO": {"medie": 6.05, "reusita": 100.0, "cnt": 1}, "SOCIOLOGIE": {"medie": 8.625, "reusita": 100.0, "cnt": 16}, "PSIHOLOGIE": {"medie": 7.233333333333334, "reusita": 100.0, "cnt": 3}, "LOGICA, ARGUMENTARE SI COMUNICARE": {"medie": 10.0, "reusita": 100.0, "cnt": 1}, "INFORMATICA MI C/C++": {"medie": 8.964285714285714, "reusita": 100.0, "cnt": 14}, "MATEMATICA PED": {"medie": 7.940384615384614, "reusita": 92.3076923076923, "cnt": 26}, "FILOSOFIE": {"medie": 9.133333333333333, "reusita": 100.0, "cnt": 3}}, "nume": "COLEGIUL NATIONAL PEDAGOGIC \"CARMEN SYLVA\" TIMISOARA\tTimi\u0219"}