{"specializari": {"MATEMATICA-INFORMATICA": 51, "STIINTE SOCIALE": 29, "FILOLOGIE": 33, "STIINTE ALE NATURII": 1}, "limba_moderna": {"LIMBA ENGLEZA": 113, "LIMBA FRANCEZA": 1}, "limba_materna": {"LIMBA ROMANA": 113, "LIMBA MAGHIARA": 1}, "promotie_anterioara": {"NU": 98, "DA": 16}, "materii": {"LIMBA ROMANA": {"medie": 7.0982300884955745, "reusita": 92.10526315789474, "cnt": 114}, "ISTORIE": {"medie": 6.570491803278689, "reusita": 93.54838709677419, "cnt": 62}, "GEOGRAFIE": {"medie": 7.6585365853658525, "reusita": 92.85714285714286, "cnt": 42}, "GENERAL": {"medie": 7.1226190476190485, "reusita": 73.68421052631578, "cnt": 114}, "MATEMATICA ST-NAT": {"medie": 5.25, "reusita": 100.0, "cnt": 1}, "ANATOMIE SI FIZIOLOGIE UMANA, GENETICA SI ECOLOGIE UMANA": {"medie": 7.015384615384615, "reusita": 88.46153846153845, "cnt": 26}, "MATEMATICA MATE-INFO": {"medie": 6.65, "reusita": 76.47058823529412, "cnt": 51}, "BIOLOGIE VEGETALA SI ANIMALA": {"medie": 7.3625, "reusita": 83.33333333333334, "cnt": 12}, "FIZICA TEO": {"medie": 8.05, "reusita": 100.0, "cnt": 1}, "CHIMIE ORGANICA TEO NIVEL I/II": {"medie": 9.8, "reusita": 100.0, "cnt": 1}, "LIMBA MAGHIARA (REAL)": {"medie": 7.5, "reusita": 100.0, "cnt": 1}, "LOGICA, ARGUMENTARE SI COMUNICARE": {"medie": 9.194999999999999, "reusita": 100.0, "cnt": 20}, "INFORMATICA MI C/C++": {"medie": 6.595454545454545, "reusita": 81.81818181818183, "cnt": 11}, "INFORMATICA MI PASCAL": {"medie": 6.0, "reusita": 100.0, "cnt": 1}}, "nume": "COLEGIUL NATIONAL \"TEODOR NES\" SALONTA\tBihor"}