{"specializari": {"TEHNICIAN IN ACTIVITATI ECONOMICE": 117, "TEHNICIAN IN TURISM": 24, "TEHNICIAN IN ACTIVITATI DE COMERT": 56, "TEHNICIAN IN ADMINISTRATIE": 72, "ORGANIZATOR BANQUETING": 28}, "limba_moderna": {"LIMBA ENGLEZA": 269, "LIMBA FRANCEZA": 28}, "limba_materna": {"LIMBA ROMANA": 297}, "promotie_anterioara": {"NU": 287, "DA": 10}, "materii": {"LIMBA ROMANA": {"medie": 7.328885135135133, "reusita": 98.65319865319864, "cnt": 297}, "GEOGRAFIE": {"medie": 8.435714285714285, "reusita": 99.15966386554622, "cnt": 119}, "GENERAL": {"medie": 7.998986486486483, "reusita": 94.61279461279462, "cnt": 297}, "MATEMATICA TEHN": {"medie": 8.266722972972982, "reusita": 98.65319865319864, "cnt": 297}, "LOGICA, ARGUMENTARE SI COMUNICARE": {"medie": 8.400872093023263, "reusita": 95.95375722543352, "cnt": 173}, "ECONOMIE": {"medie": 7.6, "reusita": 100.0, "cnt": 5}}, "nume": "COLEGIUL ECONOMIC \"VIRGIL MADGEARU\", LOCALITATEA GALATI\tGala\u021bi"}