{"specializari": {"TEHNICIAN ANALIZE PRODUSE ALIMENTARE": 25, "TEHNICIAN IN INDUSTRIA ALIMENTARA": 3, "TEHNICIAN IN ACTIVITATI ECONOMICE": 25, "TEHNICIAN ECOLOG SI PROTECTIA CALITATII MEDIULUI": 25, "TEHNICIAN VETERINAR": 26, "TEHNICIAN IN AGROTURISM": 15, "TEHNICIAN IN ADMINISTRATIE": 23, "TEHNICIAN IN AGRICULTURA": 6, "TEHNICIAN HIDRO-METEOROLOG": 2, "TEHNICIAN IN TURISM": 1}, "limba_moderna": {"LIMBA ENGLEZA": 147, "LIMBA FRANCEZA": 4}, "limba_materna": {"LIMBA ROMANA": 151}, "promotie_anterioara": {"NU": 129, "DA": 22}, "materii": {"LIMBA ROMANA": {"medie": 5.694217687074832, "reusita": 78.1456953642384, "cnt": 151}, "GEOGRAFIE": {"medie": 7.806382978723401, "reusita": 97.91666666666666, "cnt": 48}, "GENERAL": {"medie": 5.333568075117375, "reusita": 39.0728476821192, "cnt": 151}, "ANATOMIE SI FIZIOLOGIE UMANA, GENETICA SI ECOLOGIE UMANA": {"medie": 4.687113402061855, "reusita": 42.15686274509804, "cnt": 102}, "MATEMATICA TEHN": {"medie": 4.603472222222225, "reusita": 53.64238410596026, "cnt": 151}, "PSIHOLOGIE": {"medie": 6.5, "reusita": 100.0, "cnt": 1}}, "nume": "COLEGIUL AGRICOL \"TRAIAN SAVULESCU\" TIRGU MURES\tMure\u0219"}