{"specializari": {"STIINTE ALE NATURII": 61, "FILOLOGIE": 73, "STIINTE SOCIALE": 37, "MATEMATICA-INFORMATICA": 91}, "limba_moderna": {"LIMBA ENGLEZA": 239, "LIMBA FRANCEZA": 21, "LIMBA SPANIOLA": 2}, "limba_materna": {"LIMBA ROMANA": 262}, "promotie_anterioara": {"NU": 256, "DA": 6}, "materii": {"LIMBA ROMANA": {"medie": 8.419999999999998, "reusita": 99.23664122137404, "cnt": 262}, "ISTORIE": {"medie": 8.433486238532112, "reusita": 99.0909090909091, "cnt": 110}, "GEOGRAFIE": {"medie": 8.92666666666667, "reusita": 100.0, "cnt": 30}, "GENERAL": {"medie": 8.679294871794866, "reusita": 98.85496183206108, "cnt": 262}, "MATEMATICA ST-NAT": {"medie": 9.09754098360656, "reusita": 100.0, "cnt": 61}, "ANATOMIE SI FIZIOLOGIE UMANA, GENETICA SI ECOLOGIE UMANA": {"medie": 9.628947368421052, "reusita": 100.0, "cnt": 19}, "MATEMATICA MATE-INFO": {"medie": 8.860439560439564, "reusita": 100.0, "cnt": 91}, "BIOLOGIE VEGETALA SI ANIMALA": {"medie": 8.65104166666667, "reusita": 100.0, "cnt": 48}, "FIZICA TEO": {"medie": 8.92625, "reusita": 100.0, "cnt": 40}, "CHIMIE ORGANICA TEO NIVEL I/II": {"medie": 9.23, "reusita": 100.0, "cnt": 25}, "SOCIOLOGIE": {"medie": 8.708620689655174, "reusita": 100.0, "cnt": 29}, "INFORMATICA SN C/C++": {"medie": 9.75, "reusita": 100.0, "cnt": 1}, "PSIHOLOGIE": {"medie": 8.569999999999999, "reusita": 100.0, "cnt": 5}, "LOGICA, ARGUMENTARE SI COMUNICARE": {"medie": 8.95227272727273, "reusita": 95.45454545454545, "cnt": 22}, "INFORMATICA MI C/C++": {"medie": 8.639473684210525, "reusita": 100.0, "cnt": 19}, "ECONOMIE": {"medie": 8.176190476190476, "reusita": 100.0, "cnt": 21}, "FILOSOFIE": {"medie": 8.0, "reusita": 100.0, "cnt": 3}}, "nume": "COLEGIUL NATIONAL \"SPIRU HARET\"\tBucure\u0219ti"}