{"specializari": {"STIINTE ALE NATURII": 75, "FILOLOGIE": 56, "MATEMATICA-INFORMATICA": 72, "STIINTE SOCIALE": 28}, "limba_moderna": {"LIMBA ENGLEZA": 186, "LIMBA FRANCEZA": 26, "LIMBA GERMANA MODERNA": 9, "LIMBA SPANIOLA": 10}, "limba_materna": {"LIMBA GERMANA": 16, "LIMBA ROMANA": 215}, "promotie_anterioara": {"NU": 226, "DA": 5}, "materii": {"LIMBA ROMANA": {"medie": 8.459740259740265, "reusita": 99.13419913419914, "cnt": 231}, "ISTORIE": {"medie": 7.853571428571426, "reusita": 100.0, "cnt": 84}, "GEOGRAFIE": {"medie": 8.77, "reusita": 100.0, "cnt": 70}, "GENERAL": {"medie": 8.535930735930735, "reusita": 97.40259740259741, "cnt": 231}, "MATEMATICA ST-NAT": {"medie": 8.731333333333328, "reusita": 100.0, "cnt": 75}, "ANATOMIE SI FIZIOLOGIE UMANA, GENETICA SI ECOLOGIE UMANA": {"medie": 9.057746478873238, "reusita": 100.0, "cnt": 71}, "MATEMATICA MATE-INFO": {"medie": 8.478472222222221, "reusita": 100.0, "cnt": 72}, "BIOLOGIE VEGETALA SI ANIMALA": {"medie": 6.200000000000001, "reusita": 75.0, "cnt": 4}, "FIZICA TEO": {"medie": 9.191666666666666, "reusita": 100.0, "cnt": 6}, "CHIMIE ORGANICA TEO NIVEL I/II": {"medie": 9.600000000000001, "reusita": 100.0, "cnt": 4}, "SOCIOLOGIE": {"medie": 7.95, "reusita": 100.0, "cnt": 8}, "INFORMATICA SN C/C++": {"medie": 9.666666666666666, "reusita": 100.0, "cnt": 3}, "PSIHOLOGIE": {"medie": 6.625, "reusita": 50.0, "cnt": 2}, "LOGICA, ARGUMENTARE SI COMUNICARE": {"medie": 8.6, "reusita": 100.0, "cnt": 1}, "INFORMATICA MI C/C++": {"medie": 9.198648648648648, "reusita": 100.0, "cnt": 37}, "ECONOMIE": {"medie": 8.75, "reusita": 100.0, "cnt": 2}, "LIMBA GERMANA": {"medie": 8.025, "reusita": 100.0, "cnt": 16}, "CHIMIE ANORGANICA TEO NIVEL I/II": {"medie": 8.604761904761906, "reusita": 100.0, "cnt": 21}, "FILOSOFIE": {"medie": 10.0, "reusita": 100.0, "cnt": 1}, "INFORMATICA MI PASCAL": {"medie": 8.5, "reusita": 100.0, "cnt": 1}}, "nume": "COLEGIUL NATIONAL \"DECEBAL\" DEVA\tHunedoara"}