{"specializari": {"TEHNICIAN IN ACTIVITATI DE COMERT": 32, "TEHNICIAN IN TURISM": 29, "TEHNICIAN IN ACTIVITATI ECONOMICE": 60, "TEHNICIAN IN GASTRONOMIE": 34, "TEHNICIAN IN ADMINISTRATIE": 30}, "limba_moderna": {"LIMBA ENGLEZA": 184, "LIMBA ITALIANA": 1}, "limba_materna": {"LIMBA ROMANA": 185}, "promotie_anterioara": {"NU": 175, "DA": 10}, "materii": {"LIMBA ROMANA": {"medie": 8.08288043478261, "reusita": 99.45945945945947, "cnt": 185}, "GEOGRAFIE": {"medie": 8.47896174863388, "reusita": 99.45652173913044, "cnt": 184}, "GENERAL": {"medie": 8.106884057971012, "reusita": 93.51351351351352, "cnt": 185}, "MATEMATICA TEHN": {"medie": 7.751086956521738, "reusita": 96.21621621621622, "cnt": 185}, "ECONOMIE": {"medie": 9.9, "reusita": 100.0, "cnt": 1}}, "nume": "COLEGIUL ECONOMIC \"TRANSILVANIA\" TIRGU MURES\tMure\u0219"}