{"specializari": {"TEHNICIAN IN ACHIZITII SI CONTRACTARI": 50}, "limba_moderna": {"LIMBA ENGLEZA": 48, "LIMBA FRANCEZA": 2}, "limba_materna": {"LIMBA ROMANA": 50}, "promotie_anterioara": {"NU": 49, "DA": 1}, "materii": {"LIMBA ROMANA": {"medie": 7.1339999999999995, "reusita": 100.0, "cnt": 50}, "GEOGRAFIE": {"medie": 8.144444444444444, "reusita": 100.0, "cnt": 9}, "GENERAL": {"medie": 7.822666666666666, "reusita": 90.0, "cnt": 50}, "MATEMATICA TEHN": {"medie": 7.601000000000002, "reusita": 94.0, "cnt": 50}, "LOGICA, ARGUMENTARE SI COMUNICARE": {"medie": 8.862195121951217, "reusita": 100.0, "cnt": 41}}, "nume": "COLEGIUL TEHNOLOGIC \"SPIRU HARET\", MUNICIPIUL PIATRA-NEAMT\tNeam\u021b"}