{"specializari": {"MATEMATICA-INFORMATICA": 78, "STIINTE ALE NATURII": 34, "STIINTE SOCIALE": 34, "FILOLOGIE": 33}, "limba_moderna": {"LIMBA ENGLEZA": 166, "LIMBA FRANCEZA": 12, "LIMBA GERMANA MODERNA": 1}, "limba_materna": {"LIMBA ROMANA": 179}, "promotie_anterioara": {"NU": 178, "DA": 1}, "materii": {"LIMBA ROMANA": {"medie": 8.663687150837987, "reusita": 100.0, "cnt": 179}, "ISTORIE": {"medie": 8.872388059701493, "reusita": 100.0, "cnt": 67}, "GEOGRAFIE": {"medie": 9.257692307692306, "reusita": 100.0, "cnt": 13}, "GENERAL": {"medie": 9.054003724394786, "reusita": 100.0, "cnt": 179}, "MATEMATICA ST-NAT": {"medie": 9.166176470588235, "reusita": 100.0, "cnt": 34}, "ANATOMIE SI FIZIOLOGIE UMANA, GENETICA SI ECOLOGIE UMANA": {"medie": 9.364705882352938, "reusita": 100.0, "cnt": 34}, "MATEMATICA MATE-INFO": {"medie": 9.441666666666666, "reusita": 100.0, "cnt": 78}, "FIZICA TEO": {"medie": 9.429310344827586, "reusita": 100.0, "cnt": 29}, "CHIMIE ORGANICA TEO NIVEL I/II": {"medie": 9.38478260869565, "reusita": 100.0, "cnt": 23}, "SOCIOLOGIE": {"medie": 9.4, "reusita": 100.0, "cnt": 1}, "INFORMATICA SN C/C++": {"medie": 9.0, "reusita": 100.0, "cnt": 1}, "PSIHOLOGIE": {"medie": 9.85, "reusita": 100.0, "cnt": 2}, "LOGICA, ARGUMENTARE SI COMUNICARE": {"medie": 9.283333333333333, "reusita": 100.0, "cnt": 48}, "INFORMATICA MI C/C++": {"medie": 9.212000000000002, "reusita": 100.0, "cnt": 25}, "ECONOMIE": {"medie": 8.866666666666667, "reusita": 100.0, "cnt": 3}}, "nume": "COLEGIUL NATIONAL \"PETRU RARES\", MUNICIPIUL PIATRA-NEAMT\tNeam\u021b"}