{"specializari": {"ARTE PLASTICE SI DECORATIVE": 33, "MUZICA": 31, "ARHITECTURA, ARTE AMBIENTALE SI DESIGN": 27, "COREGRAFIE": 17}, "limba_moderna": {"LIMBA ENGLEZA": 100, "LIMBA FRANCEZA": 6, "LIMBA ITALIANA": 2}, "limba_materna": {"LIMBA ROMANA": 108}, "promotie_anterioara": {"NU": 98, "DA": 10}, "materii": {"LIMBA ROMANA": {"medie": 7.729245283018867, "reusita": 92.5925925925926, "cnt": 108}, "ISTORIE": {"medie": 6.507619047619047, "reusita": 93.51851851851852, "cnt": 108}, "GEOGRAFIE": {"medie": 8.031958762886603, "reusita": 92.92929292929293, "cnt": 99}, "GENERAL": {"medie": 7.437777777777778, "reusita": 79.62962962962963, "cnt": 108}, "PSIHOLOGIE": {"medie": 5.9, "reusita": 100.0, "cnt": 1}, "LOGICA, ARGUMENTARE SI COMUNICARE": {"medie": 8.125, "reusita": 100.0, "cnt": 8}}, "nume": "COLEGIUL NATIONAL DE ARTE \"REGINA MARIA\" CONSTANTA\tConstan\u021ba"}