{"specializari": {"STIINTE SOCIALE": 43, "MATEMATICA-INFORMATICA": 102, "FILOLOGIE": 34, "STIINTE ALE NATURII": 21}, "limba_moderna": {"LIMBA ENGLEZA": 181, "LIMBA SPANIOLA": 3, "LIMBA FRANCEZA": 16}, "limba_materna": {"LIMBA ROMANA": 200}, "promotie_anterioara": {"NU": 189, "DA": 11}, "materii": {"LIMBA ROMANA": {"medie": 7.931250000000002, "reusita": 97.5, "cnt": 200}, "ISTORIE": {"medie": 7.276623376623378, "reusita": 97.40259740259741, "cnt": 77}, "GEOGRAFIE": {"medie": 8.396153846153844, "reusita": 100.0, "cnt": 39}, "GENERAL": {"medie": 8.014625850340135, "reusita": 87.5, "cnt": 200}, "MATEMATICA ST-NAT": {"medie": 6.140476190476191, "reusita": 80.95238095238095, "cnt": 21}, "ANATOMIE SI FIZIOLOGIE UMANA, GENETICA SI ECOLOGIE UMANA": {"medie": 7.572826086956521, "reusita": 89.36170212765957, "cnt": 47}, "MATEMATICA MATE-INFO": {"medie": 7.979901960784312, "reusita": 92.15686274509804, "cnt": 102}, "FIZICA TEO": {"medie": 9.184042553191487, "reusita": 97.87234042553192, "cnt": 47}, "CHIMIE ORGANICA TEO NIVEL I/II": {"medie": 8.583333333333334, "reusita": 95.23809523809523, "cnt": 21}, "SOCIOLOGIE": {"medie": 7.0125, "reusita": 100.0, "cnt": 8}, "LOGICA, ARGUMENTARE SI COMUNICARE": {"medie": 9.652272727272727, "reusita": 100.0, "cnt": 22}, "INFORMATICA MI C/C++": {"medie": 7.925000000000001, "reusita": 100.0, "cnt": 8}, "ECONOMIE": {"medie": 8.471428571428572, "reusita": 100.0, "cnt": 7}, "FILOSOFIE": {"medie": 5.1, "reusita": 100.0, "cnt": 1}}, "nume": "COLEGIUL NATIONAL \"TRAIAN\"\tMehedin\u021bi"}