{"specializari": {"TEHNICIAN OPERATOR TEHNICA DE CALCUL": 25, "TEHNICIAN IN ACTIVITATI ECONOMICE": 32, "TEHNICIAN MECANIC PENTRU INTRETINERE SI REPARATII": 12, "TEHNICIAN DESIGNER VESTIMENTAR": 7, "TEHNICIAN IN INSTALATII ELECTRICE": 4, "TEHNICIAN PROIECTANT CAD": 16, "TEHNICIAN ELECTROTEHNIST": 18, "TEHNICIAN IN CONSTRUCTII SI LUCRARI PUBLICE": 12, "TEHNICIAN INSTALATOR PENTRU CONSTRUCTII": 1}, "limba_moderna": {"LIMBA ENGLEZA": 120, "LIMBA FRANCEZA": 7}, "limba_materna": {"LIMBA ROMANA": 127}, "promotie_anterioara": {"NU": 101, "DA": 26}, "materii": {"LIMBA ROMANA": {"medie": 6.2619834710743785, "reusita": 81.88976377952756, "cnt": 127}, "GEOGRAFIE": {"medie": 8.148333333333335, "reusita": 100.0, "cnt": 30}, "GENERAL": {"medie": 6.279022988505746, "reusita": 49.60629921259843, "cnt": 127}, "BIOLOGIE VEGETALA SI ANIMALA": {"medie": 4.623076923076922, "reusita": 41.37931034482759, "cnt": 58}, "MATEMATICA TEHN": {"medie": 6.28666666666667, "reusita": 71.65354330708661, "cnt": 127}, "LOGICA, ARGUMENTARE SI COMUNICARE": {"medie": 9.05, "reusita": 100.0, "cnt": 2}, "CHIMIE ANORGANICA TEH NIVEL I/II": {"medie": 4.35, "reusita": 60.0, "cnt": 5}, "FIZICA TEH": {"medie": 6.23, "reusita": 78.125, "cnt": 32}}, "nume": "COLEGIUL TEHNIC \"VICTOR UNGUREANU\" CAMPIA TURZII\tCluj"}