{"specializari": {"TEHNICIAN CHIMIST DE LABORATOR": 47, "TEHNICIAN IN AUTOMATIZARI": 28, "TEHNICIAN ECOLOG SI PROTECTIA CALITATII MEDIULUI": 60, "TEHNICIAN ELECTROMECANIC": 13, "TEHNICIAN MECANIC PENTRU INTRETINERE SI REPARATII": 23, "TEHNICIAN ELECTROTEHNIST": 1, "TEHNICIAN DE TELECOMUNICATII": 2, "TEHNICIAN OPERATOR TEHNICA DE CALCUL": 16, "TEHNICIAN MECATRONIST": 8, "TEHNICIAN IN CHIMIE INDUSTRIALA": 6, "TEHNICIAN TRANSPORTURI": 4, "TEHNICIAN ELECTRONIST": 1, "TEHNICIAN IN INSTALATII ELECTRICE": 1}, "limba_moderna": {"LIMBA ENGLEZA": 155, "LIMBA FRANCEZA": 55}, "limba_materna": {"LIMBA ROMANA": 210}, "promotie_anterioara": {"NU": 145, "DA": 65}, "materii": {"LIMBA ROMANA": {"medie": 5.899268292682924, "reusita": 86.66666666666667, "cnt": 210}, "GENERAL": {"medie": 5.926395939086292, "reusita": 48.095238095238095, "cnt": 210}, "ANATOMIE SI FIZIOLOGIE UMANA, GENETICA SI ECOLOGIE UMANA": {"medie": 7.151041666666668, "reusita": 87.5, "cnt": 48}, "BIOLOGIE VEGETALA SI ANIMALA": {"medie": 5.8356, "reusita": 65.89147286821705, "cnt": 129}, "MATEMATICA TEHN": {"medie": 5.579024390243901, "reusita": 70.47619047619048, "cnt": 210}, "CHIMIE ANORGANICA TEH NIVEL I/II": {"medie": 6.4399999999999995, "reusita": 76.47058823529412, "cnt": 17}, "FIZICA TEH": {"medie": 5.318181818181819, "reusita": 50.0, "cnt": 12}, "CHIMIE ORGANICA TEH NIVEL I/II": {"medie": 6.65, "reusita": 75.0, "cnt": 4}}, "nume": "COLEGIUL TEHNIC \"COSTIN D. NENITESCU\" PITESTI\tArge\u0219"}