{"specializari": {"TEHNICIAN IN INSTALATII ELECTRICE": 21, "TEHNICIAN IN AUTOMATIZARI": 18, "TEHNICIAN ELECTROTEHNIST": 6, "TEHNICIAN ENERGETICIAN": 6}, "limba_moderna": {"LIMBA ENGLEZA": 51}, "limba_materna": {"LIMBA ROMANA": 51}, "promotie_anterioara": {"NU": 30, "DA": 21}, "materii": {"LIMBA ROMANA": {"medie": 6.534313725490197, "reusita": 94.11764705882352, "cnt": 51}, "GENERAL": {"medie": 5.8704081632653065, "reusita": 47.05882352941176, "cnt": 51}, "BIOLOGIE VEGETALA SI ANIMALA": {"medie": 5.305714285714284, "reusita": 69.44444444444444, "cnt": 36}, "MATEMATICA TEHN": {"medie": 5.717647058823531, "reusita": 80.3921568627451, "cnt": 51}, "CHIMIE ANORGANICA TEH NIVEL I/II": {"medie": 4.966666666666666, "reusita": 66.66666666666666, "cnt": 3}, "FIZICA TEH": {"medie": 5.5227272727272725, "reusita": 66.66666666666666, "cnt": 12}}, "nume": "COLEGIUL TEHNIC ENERGETIC CLUJ-NAPOCA\tCluj"}