{"specializari": {"FILOLOGIE": 65, "MATEMATICA-INFORMATICA": 26, "STIINTE ALE NATURII": 39}, "limba_moderna": {"LIMBA ENGLEZA": 112, "LIMBA GERMANA MODERNA": 12, "LIMBA FRANCEZA": 6}, "limba_materna": {"LIMBA ROMANA": 130}, "promotie_anterioara": {"NU": 113, "DA": 17}, "materii": {"LIMBA ROMANA": {"medie": 6.912790697674417, "reusita": 94.61538461538461, "cnt": 130}, "ISTORIE": {"medie": 7.0746153846153845, "reusita": 96.92307692307692, "cnt": 65}, "GEOGRAFIE": {"medie": 8.350000000000001, "reusita": 100.0, "cnt": 13}, "GENERAL": {"medie": 7.129328165374674, "reusita": 73.07692307692307, "cnt": 130}, "MATEMATICA ST-NAT": {"medie": 6.310526315789472, "reusita": 84.61538461538461, "cnt": 39}, "ANATOMIE SI FIZIOLOGIE UMANA, GENETICA SI ECOLOGIE UMANA": {"medie": 7.392307692307693, "reusita": 90.56603773584906, "cnt": 53}, "MATEMATICA MATE-INFO": {"medie": 5.9692307692307685, "reusita": 73.07692307692307, "cnt": 26}, "BIOLOGIE VEGETALA SI ANIMALA": {"medie": 4.3, "reusita": 0.0, "cnt": 1}, "FIZICA TEO": {"medie": 3.35, "reusita": 0.0, "cnt": 1}, "SOCIOLOGIE": {"medie": 6.85, "reusita": 100.0, "cnt": 2}, "LOGICA, ARGUMENTARE SI COMUNICARE": {"medie": 8.64333333333333, "reusita": 97.77777777777777, "cnt": 45}, "INFORMATICA MI C/C++": {"medie": 7.499999999999998, "reusita": 100.0, "cnt": 10}, "FILOSOFIE": {"medie": 6.839999999999999, "reusita": 100.0, "cnt": 5}}, "nume": "COLEGIUL NATIONAL \"ONISIFOR GHIBU\" ORADEA\tBihor"}