{"specializari": {"TEHNICIAN MECATRONIST": 34, "ORGANIZATOR BANQUETING": 23, "TEHNICIAN OPERATOR TEHNICA DE CALCUL": 33, "TEHNICIAN MECANIC PENTRU INTRETINERE SI REPARATII": 4, "TEHNICIAN IN ADMINISTRATIE": 26}, "limba_moderna": {"LIMBA ENGLEZA": 119, "LIMBA GERMANA MODERNA": 1}, "limba_materna": {"LIMBA ROMANA": 120}, "promotie_anterioara": {"NU": 91, "DA": 29}, "materii": {"LIMBA ROMANA": {"medie": 6.013559322033897, "reusita": 87.5, "cnt": 120}, "GEOGRAFIE": {"medie": 7.06, "reusita": 97.77777777777777, "cnt": 45}, "GENERAL": {"medie": 5.985057471264368, "reusita": 47.5, "cnt": 120}, "BIOLOGIE VEGETALA SI ANIMALA": {"medie": 4.785714285714286, "reusita": 48.4375, "cnt": 64}, "MATEMATICA TEHN": {"medie": 6.033760683760682, "reusita": 76.66666666666667, "cnt": 120}, "PSIHOLOGIE": {"medie": 5.8500000000000005, "reusita": 66.66666666666666, "cnt": 3}, "LOGICA, ARGUMENTARE SI COMUNICARE": {"medie": "-", "reusita": 0.0, "cnt": 1}, "FIZICA TEH": {"medie": 7.207142857142857, "reusita": 100.0, "cnt": 7}}, "nume": "COLEGIUL TEHNIC \"HENRI COANDA\" TIMISOARA\tTimi\u0219"}