{"specializari": {"TEHNICIAN IN ACTIVITATI ECONOMICE": 261, "TEHNICIAN IN TURISM": 58}, "limba_moderna": {"LIMBA ENGLEZA": 302, "LIMBA RUSA": 4, "LIMBA FRANCEZA": 13}, "limba_materna": {"LIMBA ROMANA": 319}, "promotie_anterioara": {"NU": 316, "DA": 3}, "materii": {"LIMBA ROMANA": {"medie": 8.093217665615143, "reusita": 99.37304075235109, "cnt": 319}, "GEOGRAFIE": {"medie": 8.876760563380277, "reusita": 99.3006993006993, "cnt": 286}, "GENERAL": {"medie": 8.61919032597265, "reusita": 97.80564263322884, "cnt": 319}, "MATEMATICA TEHN": {"medie": 8.940220820189277, "reusita": 99.05956112852664, "cnt": 319}, "LOGICA, ARGUMENTARE SI COMUNICARE": {"medie": 8.866666666666667, "reusita": 100.0, "cnt": 3}, "ECONOMIE": {"medie": 8.321666666666667, "reusita": 100.0, "cnt": 30}}, "nume": "COLEGIUL ECONOMIC \"V. MADGEARU\"\tBucure\u0219ti"}