{"specializari": {"LICEU CU PROGRAM SPORTIV": 79, "TEHNICIAN DESENATOR PENTRU CONSTRUCTII SI INSTALATII": 24, "TEHNICIAN MECATRONIST": 13, "TEHNICIAN ELECTROTEHNIST": 4, "TEHNICIAN MECANIC PENTRU INTRETINERE SI REPARATII": 13, "TEHNICIAN IN CONSTRUCTII SI LUCRARI PUBLICE": 14, "TEHNICIAN INSTALATOR PENTRU CONSTRUCTII": 3, "MATEMATICA-INFORMATICA": 1}, "limba_moderna": {"LIMBA ENGLEZA": 148, "LIMBA FRANCEZA": 3}, "limba_materna": {"LIMBA ROMANA": 151}, "promotie_anterioara": {"DA": 107, "NU": 44}, "materii": {"LIMBA ROMANA": {"medie": 5.446551724137931, "reusita": 77.48344370860927, "cnt": 151}, "ISTORIE": {"medie": 5.9537974683544315, "reusita": 92.40506329113924, "cnt": 79}, "GEOGRAFIE": {"medie": 6.870769230769231, "reusita": 90.9090909090909, "cnt": 66}, "GENERAL": {"medie": 5.587160493827158, "reusita": 35.76158940397351, "cnt": 151}, "MATEMATICA MATE-INFO": {"medie": 5.25, "reusita": 100.0, "cnt": 1}, "BIOLOGIE VEGETALA SI ANIMALA": {"medie": 4.6499999999999995, "reusita": 48.214285714285715, "cnt": 56}, "MATEMATICA TEHN": {"medie": 4.643650793650792, "reusita": 60.56338028169014, "cnt": 71}, "PSIHOLOGIE": {"medie": 4.233333333333333, "reusita": 33.33333333333333, "cnt": 3}, "LOGICA, ARGUMENTARE SI COMUNICARE": {"medie": 6.45, "reusita": 66.66666666666666, "cnt": 3}, "ECONOMIE": {"medie": 6.889999999999999, "reusita": 80.0, "cnt": 5}, "CHIMIE ANORGANICA TEH NIVEL I/II": {"medie": 5.0, "reusita": 100.0, "cnt": 1}, "FIZICA TEH": {"medie": 3.8349999999999995, "reusita": 28.57142857142857, "cnt": 14}, "CHIMIE ORGANICA TEH NIVEL I/II": {"medie": "-", "reusita": 0.0, "cnt": 1}, "FILOSOFIE": {"medie": 5.6, "reusita": 50.0, "cnt": 2}}, "nume": "COLEGIUL TEHNIC \"ANGHEL SALIGNY\"\tBucure\u0219ti"}