{"specializari": {"TEHNICIAN ECOLOG SI PROTECTIA CALITATII MEDIULUI": 68, "TEHNICIAN ANALIZE PRODUSE ALIMENTARE": 54, "TEHNICIAN CHIMIST DE LABORATOR": 17, "TEHNICIAN DESENATOR PENTRU CONSTRUCTII SI INSTALATII": 18, "TEHNICIAN DE TELECOMUNICATII": 27, "TEHNICIAN DESIGNER VESTIMENTAR": 22, "TEHNICIAN MECATRONIST": 13, "TEHNICIAN IN INDUSTRIA ALIMENTARA": 15, "TEHNICIAN OPERATOR TEHNICA DE CALCUL": 17, "TEHNICIAN IN GASTRONOMIE": 5, "STIINTE ALE NATURII": 1, "STIINTE SOCIALE": 1, "TEHNICIAN ELECTROTEHNIST": 1, "TEHNICIAN IN CHIMIE INDUSTRIALA": 1}, "limba_moderna": {"LIMBA ENGLEZA": 236, "LIMBA FRANCEZA": 24}, "limba_materna": {"LIMBA ROMANA": 260}, "promotie_anterioara": {"NU": 215, "DA": 45}, "materii": {"LIMBA ROMANA": {"medie": 5.2718061674008805, "reusita": 59.61538461538461, "cnt": 260}, "ISTORIE": {"medie": "-", "reusita": 0.0, "cnt": 1}, "GEOGRAFIE": {"medie": 6.470000000000001, "reusita": 66.66666666666666, "cnt": 6}, "GENERAL": {"medie": 4.9487421383647785, "reusita": 25.769230769230766, "cnt": 260}, "MATEMATICA ST-NAT": {"medie": 5.0, "reusita": 100.0, "cnt": 1}, "ANATOMIE SI FIZIOLOGIE UMANA, GENETICA SI ECOLOGIE UMANA": {"medie": 5.3088785046728955, "reusita": 47.107438016528924, "cnt": 121}, "BIOLOGIE VEGETALA SI ANIMALA": {"medie": 4.018316831683168, "reusita": 30.89430894308943, "cnt": 123}, "MATEMATICA TEHN": {"medie": 4.631963470319636, "reusita": 47.286821705426355, "cnt": 258}, "CHIMIE ANORGANICA TEH NIVEL I/II": {"medie": 4.525, "reusita": 0.0, "cnt": 2}, "FIZICA TEH": {"medie": 2.3333333333333335, "reusita": 0.0, "cnt": 3}, "CHIMIE ORGANICA TEH NIVEL I/II": {"medie": 5.79, "reusita": 60.0, "cnt": 5}}, "nume": "COLEGIUL TEHNIC \"GHEORGHE CARTIANU\", MUNICIPIUL PIATRA-NEAMT\tNeam\u021b"}