{"specializari": {"MATEMATICA-INFORMATICA": 31, "TEHNICIAN IN ACTIVITATI ECONOMICE": 86, "TEHNICIAN IN ACTIVITATI DE COMERT": 29, "COAFOR STILIST": 24, "TEHNICIAN IN TURISM": 40, "TEHNICIAN IN GASTRONOMIE": 32, "TEHNICIAN IN ADMINISTRATIE": 25}, "limba_moderna": {"LIMBA ENGLEZA": 227, "LIMBA FRANCEZA": 37, "LIMBA GERMANA MODERNA": 3}, "limba_materna": {"LIMBA ROMANA": 267}, "promotie_anterioara": {"NU": 259, "DA": 8}, "materii": {"LIMBA ROMANA": {"medie": 7.465094339622636, "reusita": 98.87640449438202, "cnt": 267}, "GEOGRAFIE": {"medie": 8.337857142857139, "reusita": 97.87234042553192, "cnt": 141}, "GENERAL": {"medie": 7.584743589743585, "reusita": 84.26966292134831, "cnt": 267}, "ANATOMIE SI FIZIOLOGIE UMANA, GENETICA SI ECOLOGIE UMANA": {"medie": 8.503846153846153, "reusita": 92.85714285714286, "cnt": 14}, "MATEMATICA MATE-INFO": {"medie": 7.030000000000001, "reusita": 93.54838709677419, "cnt": 31}, "BIOLOGIE VEGETALA SI ANIMALA": {"medie": 8.9, "reusita": 100.0, "cnt": 1}, "MATEMATICA TEHN": {"medie": 7.052370689655172, "reusita": 87.28813559322035, "cnt": 236}, "LOGICA, ARGUMENTARE SI COMUNICARE": {"medie": 8.031250000000002, "reusita": 97.75280898876404, "cnt": 89}, "INFORMATICA MI C/C++": {"medie": 7.571875, "reusita": 100.0, "cnt": 16}, "ECONOMIE": {"medie": 7.0666666666666655, "reusita": 100.0, "cnt": 6}}, "nume": "COLEGIUL ECONOMIC \"DIMITRIE CANTEMIR\" SUCEAVA\tSuceava"}