{"specializari": {"MATEMATICA-INFORMATICA": 108, "STIINTE SOCIALE": 34, "STIINTE ALE NATURII": 97, "FILOLOGIE": 31}, "limba_moderna": {"LIMBA ENGLEZA": 215, "LIMBA SPANIOLA": 10, "LIMBA FRANCEZA": 44, "LIMBA GERMANA MODERNA": 1}, "limba_materna": {"LIMBA ROMANA": 270}, "promotie_anterioara": {"NU": 267, "DA": 3}, "materii": {"LIMBA ROMANA": {"medie": 7.647222222222226, "reusita": 99.62962962962963, "cnt": 270}, "ISTORIE": {"medie": 7.242307692307693, "reusita": 95.38461538461539, "cnt": 65}, "GEOGRAFIE": {"medie": 8.815217391304346, "reusita": 100.0, "cnt": 23}, "GENERAL": {"medie": 8.05401234567901, "reusita": 94.44444444444444, "cnt": 270}, "MATEMATICA ST-NAT": {"medie": 8.196907216494845, "reusita": 100.0, "cnt": 97}, "ANATOMIE SI FIZIOLOGIE UMANA, GENETICA SI ECOLOGIE UMANA": {"medie": 9.295505617977526, "reusita": 100.0, "cnt": 89}, "MATEMATICA MATE-INFO": {"medie": 7.76712962962963, "reusita": 97.22222222222221, "cnt": 108}, "BIOLOGIE VEGETALA SI ANIMALA": {"medie": 9.10277777777778, "reusita": 100.0, "cnt": 18}, "FIZICA TEO": {"medie": 7.544871794871795, "reusita": 97.43589743589743, "cnt": 39}, "CHIMIE ORGANICA TEO NIVEL I/II": {"medie": 9.195, "reusita": 100.0, "cnt": 10}, "SOCIOLOGIE": {"medie": 7.866666666666667, "reusita": 100.0, "cnt": 6}, "INFORMATICA SN C/C++": {"medie": 8.7, "reusita": 100.0, "cnt": 5}, "PSIHOLOGIE": {"medie": 8.725, "reusita": 100.0, "cnt": 2}, "LOGICA, ARGUMENTARE SI COMUNICARE": {"medie": 9.206451612903225, "reusita": 100.0, "cnt": 31}, "INFORMATICA MI C/C++": {"medie": 8.01022727272727, "reusita": 97.72727272727273, "cnt": 44}, "ECONOMIE": {"medie": 9.4, "reusita": 100.0, "cnt": 3}}, "nume": "COLEGIUL NATIONAL \"ALEXANDRU ODOBESCU\" PITESTI\tArge\u0219"}