{"specializari": {"STIINTE ALE NATURII": 33, "STIINTE SOCIALE": 31, "FILOLOGIE": 58, "MATEMATICA-INFORMATICA": 41, "INVATATOR - EDUCATOARE": 18}, "limba_moderna": {"LIMBA ENGLEZA": 179, "LIMBA GERMANA MODERNA": 2}, "limba_materna": {"LIMBA ROMANA": 181}, "promotie_anterioara": {"NU": 173, "DA": 8}, "materii": {"LIMBA ROMANA": {"medie": 7.014640883977902, "reusita": 97.79005524861878, "cnt": 181}, "ISTORIE": {"medie": 7.047752808988764, "reusita": 98.87640449438202, "cnt": 89}, "GEOGRAFIE": {"medie": 8.194859813084111, "reusita": 99.06542056074767, "cnt": 107}, "GENERAL": {"medie": 7.512265917602999, "reusita": 90.05524861878453, "cnt": 181}, "MATEMATICA ST-NAT": {"medie": 7.471212121212122, "reusita": 96.96969696969697, "cnt": 33}, "ANATOMIE SI FIZIOLOGIE UMANA, GENETICA SI ECOLOGIE UMANA": {"medie": 8.283962264150945, "reusita": 100.0, "cnt": 53}, "MATEMATICA MATE-INFO": {"medie": 7.512195121951221, "reusita": 97.5609756097561, "cnt": 41}, "BIOLOGIE VEGETALA SI ANIMALA": {"medie": "-", "reusita": 0.0, "cnt": 2}, "CHIMIE ORGANICA TEO NIVEL I/II": {"medie": 9.4, "reusita": 100.0, "cnt": 1}, "INFORMATICA MI C/C++": {"medie": 8.507142857142856, "reusita": 100.0, "cnt": 7}, "MATEMATICA PED": {"medie": 7.46388888888889, "reusita": 100.0, "cnt": 18}, "INFORMATICA MI PASCAL": {"medie": 7.968181818181819, "reusita": 100.0, "cnt": 11}}, "nume": "COLEGIUL NATIONAL \"IOAN SLAVICI\" SATU MARE\tSatu-Mare"}