{"specializari": {"TEHNICIAN IN ACTIVITATI ECONOMICE": 57, "ORGANIZATOR BANQUETING": 35, "TEHNICIAN IN ACTIVITATI DE COMERT": 26, "TEHNICIAN IN TURISM": 25, "TEHNICIAN IN GASTRONOMIE": 32, "TEHNICIAN IN ACHIZITII SI CONTRACTARI": 1}, "limba_moderna": {"LIMBA ENGLEZA": 151, "LIMBA FRANCEZA": 25}, "limba_materna": {"LIMBA ROMANA": 176}, "promotie_anterioara": {"NU": 168, "DA": 8}, "materii": {"LIMBA ROMANA": {"medie": 7.181609195402297, "reusita": 96.5909090909091, "cnt": 176}, "GEOGRAFIE": {"medie": 8.535135135135137, "reusita": 98.66666666666667, "cnt": 150}, "GENERAL": {"medie": 7.915125240847784, "reusita": 90.9090909090909, "cnt": 176}, "MATEMATICA TEHN": {"medie": 8.056034482758612, "reusita": 94.31818181818183, "cnt": 176}, "LOGICA, ARGUMENTARE SI COMUNICARE": {"medie": 7.9375, "reusita": 84.0, "cnt": 25}, "ECONOMIE": {"medie": 10.0, "reusita": 100.0, "cnt": 1}}, "nume": "COLEGIUL ECONOMIC \"DIONISIE POP MARTIAN\" ALBA IULIA\tAlba"}