{"specializari": {"TEHNICIAN IN CONSTRUCTII SI LUCRARI PUBLICE": 1, "TEHNICIAN IN ACTIVITATI ECONOMICE": 53, "TEHNICIAN IN AUTOMATIZARI": 23, "MATEMATICA-INFORMATICA": 48, "STIINTE ALE NATURII": 59, "STIINTE SOCIALE": 56, "TEHNICIAN IN TURISM": 24, "TEHNICIAN TRANSPORTURI": 26, "FILOLOGIE": 32, "LICEU CU PROGRAM SPORTIV": 3, "TEHNICIAN IN ADMINISTRATIE": 1, "TEHNICIAN IN GASTRONOMIE": 27, "TEHNICIAN DESIGNER VESTIMENTAR": 11, "TEHNICIAN INSTALATOR PENTRU CONSTRUCTII": 2, "TEHNICIAN IN ACTIVITATI DE COMERT": 1}, "limba_moderna": {"LIMBA ENGLEZA": 286, "LIMBA FRANCEZA": 81}, "limba_materna": {"LIMBA ROMANA": 367}, "promotie_anterioara": {"DA": 43, "NU": 324}, "materii": {"LIMBA ROMANA": {"medie": 6.763857142857141, "reusita": 84.74114441416893, "cnt": 367}, "ISTORIE": {"medie": 6.7017857142857125, "reusita": 83.51648351648352, "cnt": 91}, "GEOGRAFIE": {"medie": 6.72272727272727, "reusita": 86.27450980392157, "cnt": 153}, "GENERAL": {"medie": 6.853901734104047, "reusita": 64.30517711171662, "cnt": 367}, "MATEMATICA ST-NAT": {"medie": 7.317796610169491, "reusita": 94.91525423728814, "cnt": 59}, "ANATOMIE SI FIZIOLOGIE UMANA, GENETICA SI ECOLOGIE UMANA": {"medie": 9.16263736263736, "reusita": 100.0, "cnt": 91}, "MATEMATICA MATE-INFO": {"medie": 8.357291666666667, "reusita": 95.83333333333334, "cnt": 48}, "BIOLOGIE VEGETALA SI ANIMALA": {"medie": 4.418269230769231, "reusita": 37.704918032786885, "cnt": 61}, "FIZICA TEO": {"medie": 8.833333333333334, "reusita": 100.0, "cnt": 6}, "MATEMATICA TEHN": {"medie": 5.2188679245283005, "reusita": 70.41420118343196, "cnt": 169}, "CHIMIE ORGANICA TEO NIVEL I/II": {"medie": 8.5, "reusita": 100.0, "cnt": 1}, "PSIHOLOGIE": {"medie": 10.0, "reusita": 100.0, "cnt": 1}, "LOGICA, ARGUMENTARE SI COMUNICARE": {"medie": 9.057142857142859, "reusita": 100.0, "cnt": 42}, "INFORMATICA MI C/C++": {"medie": 9.007142857142856, "reusita": 100.0, "cnt": 7}, "ECONOMIE": {"medie": 7.35, "reusita": 100.0, "cnt": 1}, "FIZICA TEH": {"medie": 4.8, "reusita": 50.0, "cnt": 2}, "CHIMIE ANORGANICA TEO NIVEL I/II": {"medie": 7.5, "reusita": 100.0, "cnt": 2}}, "nume": "COLEGIUL \"ALEXANDRU CEL BUN\" GURA HUMORULUI\tSuceava"}