{"specializari": {"MATEMATICA-INFORMATICA": 92, "STIINTE ALE NATURII": 32, "FILOLOGIE": 68, "STIINTE SOCIALE": 35, "LICEU CU PROGRAM SPORTIV": 1}, "limba_moderna": {"LIMBA ENGLEZA": 197, "LIMBA FRANCEZA": 31}, "limba_materna": {"LIMBA ROMANA": 228}, "promotie_anterioara": {"NU": 226, "DA": 2}, "materii": {"LIMBA ROMANA": {"medie": 7.5830396475770865, "reusita": 97.36842105263158, "cnt": 228}, "ISTORIE": {"medie": 7.76923076923077, "reusita": 99.03846153846155, "cnt": 104}, "GEOGRAFIE": {"medie": 8.335135135135134, "reusita": 97.2972972972973, "cnt": 74}, "GENERAL": {"medie": 7.901917404129798, "reusita": 89.47368421052632, "cnt": 228}, "MATEMATICA ST-NAT": {"medie": 8.335937499999998, "reusita": 96.875, "cnt": 32}, "ANATOMIE SI FIZIOLOGIE UMANA, GENETICA SI ECOLOGIE UMANA": {"medie": 8.358904109589037, "reusita": 94.66666666666667, "cnt": 75}, "MATEMATICA MATE-INFO": {"medie": 7.791111111111111, "reusita": 93.47826086956522, "cnt": 92}, "BIOLOGIE VEGETALA SI ANIMALA": {"medie": 9.0, "reusita": 100.0, "cnt": 1}, "FIZICA TEO": {"medie": 7.849999999999998, "reusita": 95.83333333333334, "cnt": 24}, "CHIMIE ORGANICA TEO NIVEL I/II": {"medie": 8.434615384615388, "reusita": 100.0, "cnt": 13}, "SOCIOLOGIE": {"medie": 7.914, "reusita": 100.0, "cnt": 25}, "PSIHOLOGIE": {"medie": 8.55, "reusita": 100.0, "cnt": 4}, "INFORMATICA MI C/C++": {"medie": 8.17, "reusita": 100.0, "cnt": 10}, "CHIMIE ANORGANICA TEO NIVEL I/II": {"medie": 9.2, "reusita": 100.0, "cnt": 1}, "FILOSOFIE": {"medie": 9.4, "reusita": 100.0, "cnt": 1}}, "nume": "COLEGIUL NATIONAL \"STEFAN CEL MARE\", ORAS TARGU NEAMT\tNeam\u021b"}