{"specializari": {"STIINTE ALE NATURII": 87, "STIINTE SOCIALE": 31, "MATEMATICA-INFORMATICA": 57}, "limba_moderna": {"LIMBA FRANCEZA": 27, "LIMBA ENGLEZA": 146, "LIMBA GERMANA MODERNA": 2}, "limba_materna": {"LIMBA ROMANA": 175}, "promotie_anterioara": {"NU": 175}, "materii": {"LIMBA ROMANA": {"medie": 9.215428571428573, "reusita": 100.0, "cnt": 175}, "ISTORIE": {"medie": 9.425806451612903, "reusita": 100.0, "cnt": 31}, "GEOGRAFIE": {"medie": 9.704545454545455, "reusita": 100.0, "cnt": 11}, "GENERAL": {"medie": 9.315142857142863, "reusita": 100.0, "cnt": 175}, "MATEMATICA ST-NAT": {"medie": 9.35919540229885, "reusita": 100.0, "cnt": 87}, "ANATOMIE SI FIZIOLOGIE UMANA, GENETICA SI ECOLOGIE UMANA": {"medie": 9.68, "reusita": 100.0, "cnt": 10}, "MATEMATICA MATE-INFO": {"medie": 9.273684210526314, "reusita": 100.0, "cnt": 57}, "BIOLOGIE VEGETALA SI ANIMALA": {"medie": 8.963157894736842, "reusita": 100.0, "cnt": 19}, "FIZICA TEO": {"medie": 9.344999999999999, "reusita": 100.0, "cnt": 10}, "CHIMIE ORGANICA TEO NIVEL I/II": {"medie": 9.544117647058824, "reusita": 100.0, "cnt": 34}, "INFORMATICA SN C/C++": {"medie": 9.866666666666667, "reusita": 100.0, "cnt": 3}, "PSIHOLOGIE": {"medie": 9.7, "reusita": 100.0, "cnt": 1}, "LOGICA, ARGUMENTARE SI COMUNICARE": {"medie": 9.306249999999999, "reusita": 100.0, "cnt": 16}, "INFORMATICA MI C/C++": {"medie": 9.411224489795918, "reusita": 100.0, "cnt": 49}, "ECONOMIE": {"medie": 9.2, "reusita": 100.0, "cnt": 1}, "CHIMIE ANORGANICA TEO NIVEL I/II": {"medie": 9.299999999999999, "reusita": 100.0, "cnt": 19}, "FILOSOFIE": {"medie": 7.825, "reusita": 100.0, "cnt": 2}}, "nume": "COLEGIUL NATIONAL \"ANDREI SAGUNA\" BRASOV\tBra\u0219ov"}