{"specializari": {"TEHNICIAN IN TURISM": 23, "TEHNICIAN IN ACTIVITATI ECONOMICE": 47, "TEHNICIAN ANALIZE PRODUSE ALIMENTARE": 27, "TEHNICIAN VETERINAR": 12, "ORGANIZATOR BANQUETING": 35, "TEHNICIAN ECOLOG SI PROTECTIA CALITATII MEDIULUI": 15, "TEHNICIAN IN INDUSTRIA ALIMENTARA": 20}, "limba_moderna": {"LIMBA FRANCEZA": 45, "LIMBA ENGLEZA": 134}, "limba_materna": {"LIMBA ROMANA": 179}, "promotie_anterioara": {"NU": 158, "DA": 21}, "materii": {"LIMBA ROMANA": {"medie": 6.175588235294116, "reusita": 82.12290502793296, "cnt": 179}, "GEOGRAFIE": {"medie": 7.66883116883117, "reusita": 98.71794871794873, "cnt": 78}, "GENERAL": {"medie": 5.934253578732106, "reusita": 43.01675977653631, "cnt": 179}, "ANATOMIE SI FIZIOLOGIE UMANA, GENETICA SI ECOLOGIE UMANA": {"medie": 4.75925925925926, "reusita": 40.0, "cnt": 60}, "BIOLOGIE VEGETALA SI ANIMALA": {"medie": 6.016666666666667, "reusita": 69.23076923076923, "cnt": 13}, "MATEMATICA TEHN": {"medie": 4.958875739644969, "reusita": 57.54189944134078, "cnt": 179}, "LOGICA, ARGUMENTARE SI COMUNICARE": {"medie": 7.522, "reusita": 77.77777777777779, "cnt": 27}, "CHIMIE ORGANICA TEH NIVEL I/II": {"medie": "-", "reusita": 0.0, "cnt": 1}}, "nume": "COLEGIUL \"ANDRONIC MOTRESCU\" RADAUTI\tSuceava"}