{"specializari": {"TEHNICIAN IN TURISM": 27, "TEHNICIAN IN ACTIVITATI ECONOMICE": 104, "MATEMATICA-INFORMATICA": 15, "TEHNICIAN IN ADMINISTRATIE": 1}, "limba_moderna": {"LIMBA ENGLEZA": 129, "LIMBA SPANIOLA": 4, "LIMBA ITALIANA": 7, "LIMBA FRANCEZA": 7}, "limba_materna": {"LIMBA ROMANA": 147}, "promotie_anterioara": {"NU": 136, "DA": 11}, "materii": {"LIMBA ROMANA": {"medie": 7.06678082191781, "reusita": 95.91836734693877, "cnt": 147}, "GEOGRAFIE": {"medie": 8.11752136752137, "reusita": 98.29059829059828, "cnt": 117}, "GENERAL": {"medie": 7.561771561771565, "reusita": 85.71428571428571, "cnt": 147}, "ANATOMIE SI FIZIOLOGIE UMANA, GENETICA SI ECOLOGIE UMANA": {"medie": 6.6, "reusita": 100.0, "cnt": 1}, "MATEMATICA MATE-INFO": {"medie": 7.726666666666668, "reusita": 93.33333333333333, "cnt": 15}, "BIOLOGIE VEGETALA SI ANIMALA": {"medie": 7.325, "reusita": 100.0, "cnt": 4}, "MATEMATICA TEHN": {"medie": 7.3981060606060565, "reusita": 94.6969696969697, "cnt": 132}, "CHIMIE ORGANICA TEO NIVEL I/II": {"medie": 8.7, "reusita": 100.0, "cnt": 1}, "LOGICA, ARGUMENTARE SI COMUNICARE": {"medie": 8.173076923076923, "reusita": 80.0, "cnt": 15}, "INFORMATICA MI C/C++": {"medie": 8.9375, "reusita": 100.0, "cnt": 4}, "CHIMIE ANORGANICA TEO NIVEL I/II": {"medie": 7.42, "reusita": 100.0, "cnt": 5}}, "nume": "COLEGIUL ECONOMIC \"ANGHEL RUGINA\", MUN. VASLUI\tVaslui"}