{"specializari": {"COAFOR STILIST": 16, "TEHNICIAN DESIGNER VESTIMENTAR": 33, "TEHNICIAN IN TURISM": 18, "TEHNICIAN IN INDUSTRIA TEXTILA": 12}, "limba_moderna": {"LIMBA ENGLEZA": 73, "LIMBA GERMANA MODERNA": 6}, "limba_materna": {"LIMBA ROMANA": 79}, "promotie_anterioara": {"NU": 64, "DA": 15}, "materii": {"LIMBA ROMANA": {"medie": 5.761688311688311, "reusita": 82.27848101265823, "cnt": 79}, "GEOGRAFIE": {"medie": 8.144, "reusita": 92.5925925925926, "cnt": 27}, "GENERAL": {"medie": 5.891095890410962, "reusita": 46.835443037974684, "cnt": 79}, "BIOLOGIE VEGETALA SI ANIMALA": {"medie": 4.756097560975609, "reusita": 51.11111111111111, "cnt": 45}, "MATEMATICA TEHN": {"medie": 5.509090909090908, "reusita": 72.15189873417721, "cnt": 79}, "LOGICA, ARGUMENTARE SI COMUNICARE": {"medie": 8.157142857142858, "reusita": 100.0, "cnt": 7}}, "nume": "COLEGIUL TEHNIC \"CIBINIUM\" SIBIU\tSibiu"}