{"specializari": {"TEHNICIAN PROIECTANT CAD": 18, "TEHNICIAN HORTICULTOR": 23, "TEHNICIAN MECANIC PENTRU INTRETINERE SI REPARATII": 7, "TEHNICIAN IN ACTIVITATI ECONOMICE": 44, "TEHNICIAN ANALIZE PRODUSE ALIMENTARE": 25, "TEHNICIAN IN ACTIVITATI DE COMERT": 2, "TEHNICIAN IN INDUSTRIA ALIMENTARA": 1}, "limba_moderna": {"LIMBA FRANCEZA": 19, "LIMBA ENGLEZA": 101}, "limba_materna": {"LIMBA ROMANA": 120}, "promotie_anterioara": {"NU": 91, "DA": 29}, "materii": {"LIMBA ROMANA": {"medie": 5.9973913043478255, "reusita": 87.5, "cnt": 120}, "GEOGRAFIE": {"medie": 7.4026315789473704, "reusita": 100.0, "cnt": 19}, "GENERAL": {"medie": 6.276548672566375, "reusita": 53.333333333333336, "cnt": 120}, "ANATOMIE SI FIZIOLOGIE UMANA, GENETICA SI ECOLOGIE UMANA": {"medie": 6.3306818181818185, "reusita": 84.78260869565217, "cnt": 46}, "BIOLOGIE VEGETALA SI ANIMALA": {"medie": 4.9789473684210535, "reusita": 57.89473684210527, "cnt": 19}, "MATEMATICA TEHN": {"medie": 6.193162393162393, "reusita": 80.0, "cnt": 120}, "LOGICA, ARGUMENTARE SI COMUNICARE": {"medie": 7.457999999999999, "reusita": 81.48148148148148, "cnt": 27}, "CHIMIE ANORGANICA TEH NIVEL I/II": {"medie": 6.083333333333333, "reusita": 88.88888888888889, "cnt": 9}}, "nume": "COLEGIUL AGRICOL \"DIMITRIE CANTEMIR\", MUN. HUSI\tVaslui"}