{"specializari": {"TEHNICIAN TRANSPORTURI": 6, "TEHNICIAN IN TURISM": 21, "TEHNICIAN IN ACTIVITATI DE COMERT": 9, "TEHNICIAN ECOLOG SI PROTECTIA CALITATII MEDIULUI": 7, "TEHNICIAN IN ACTIVITATI ECONOMICE": 13, "TEHNICIAN ELECTROMECANIC": 9, "TEHNICIAN IN PRELUCRAREA LEMNULUI": 1}, "limba_moderna": {"LIMBA ENGLEZA": 56, "LIMBA FRANCEZA": 10}, "limba_materna": {"LIMBA ROMANA": 66}, "promotie_anterioara": {"DA": 6, "NU": 60}, "materii": {"LIMBA ROMANA": {"medie": 5.04920634920635, "reusita": 68.18181818181817, "cnt": 66}, "GEOGRAFIE": {"medie": 6.2958333333333325, "reusita": 79.48717948717949, "cnt": 39}, "GENERAL": {"medie": 4.688709677419356, "reusita": 16.666666666666664, "cnt": 66}, "ANATOMIE SI FIZIOLOGIE UMANA, GENETICA SI ECOLOGIE UMANA": {"medie": 4.55, "reusita": 50.0, "cnt": 6}, "BIOLOGIE VEGETALA SI ANIMALA": {"medie": 3.994444444444444, "reusita": 22.22222222222222, "cnt": 9}, "MATEMATICA TEHN": {"medie": 3.545967741935484, "reusita": 36.36363636363637, "cnt": 66}, "LOGICA, ARGUMENTARE SI COMUNICARE": {"medie": 5.616666666666667, "reusita": 100.0, "cnt": 3}, "ECONOMIE": {"medie": 7.65, "reusita": 100.0, "cnt": 1}, "FIZICA TEH": {"medie": 3.9562500000000003, "reusita": 37.5, "cnt": 8}}, "nume": "COLEGIUL TEHNIC \"PETRU MUSAT\" SUCEAVA\tSuceava"}