{"specializari": {"TEHNICIAN ANALIZE PRODUSE ALIMENTARE": 42, "TEHNICIAN IN INDUSTRIA ALIMENTARA": 22, "TEHNICIAN ECOLOG SI PROTECTIA CALITATII MEDIULUI": 17, "TEHNICIAN IN TURISM": 22, "TEHNICIAN IN AUTOMATIZARI": 10, "TEHNICIAN MECATRONIST": 9, "TEHNICIAN MECANIC PENTRU INTRETINERE SI REPARATII": 1}, "limba_moderna": {"LIMBA ENGLEZA": 116, "LIMBA FRANCEZA": 7}, "limba_materna": {"LIMBA ROMANA": 123}, "promotie_anterioara": {"NU": 97, "DA": 26}, "materii": {"LIMBA ROMANA": {"medie": 6.2595041322314025, "reusita": 90.2439024390244, "cnt": 123}, "GEOGRAFIE": {"medie": 8.077272727272728, "reusita": 100.0, "cnt": 22}, "GENERAL": {"medie": 5.9085545722713855, "reusita": 41.46341463414634, "cnt": 123}, "ANATOMIE SI FIZIOLOGIE UMANA, GENETICA SI ECOLOGIE UMANA": {"medie": 5.7651315789473685, "reusita": 76.25, "cnt": 80}, "BIOLOGIE VEGETALA SI ANIMALA": {"medie": 4.24090909090909, "reusita": 30.76923076923077, "cnt": 13}, "MATEMATICA TEHN": {"medie": 5.417391304347826, "reusita": 64.22764227642277, "cnt": 123}, "FIZICA TEH": {"medie": 4.8999999999999995, "reusita": 62.5, "cnt": 8}}, "nume": "COLEGIUL TEHNIC DE INDUSTRIE ALIMENTARA SUCEAVA\tSuceava"}