{"specializari": {"MATEMATICA-INFORMATICA": 105, "FILOLOGIE": 24}, "limba_moderna": {"LIMBA ENGLEZA": 116, "LIMBA GERMANA MODERNA": 3, "LIMBA FRANCEZA": 10}, "limba_materna": {"LIMBA ROMANA": 129}, "promotie_anterioara": {"NU": 129}, "materii": {"LIMBA ROMANA": {"medie": 9.074031007751934, "reusita": 100.0, "cnt": 129}, "ISTORIE": {"medie": 9.514583333333333, "reusita": 100.0, "cnt": 24}, "GEOGRAFIE": {"medie": 9.545454545454545, "reusita": 100.0, "cnt": 22}, "GENERAL": {"medie": 9.346589147286817, "reusita": 100.0, "cnt": 129}, "ANATOMIE SI FIZIOLOGIE UMANA, GENETICA SI ECOLOGIE UMANA": {"medie": 9.454761904761906, "reusita": 100.0, "cnt": 42}, "MATEMATICA MATE-INFO": {"medie": 9.455047619047615, "reusita": 100.0, "cnt": 105}, "FIZICA TEO": {"medie": 9.305, "reusita": 100.0, "cnt": 20}, "CHIMIE ORGANICA TEO NIVEL I/II": {"medie": 9.575, "reusita": 100.0, "cnt": 10}, "LOGICA, ARGUMENTARE SI COMUNICARE": {"medie": 9.5, "reusita": 100.0, "cnt": 2}, "INFORMATICA MI C/C++": {"medie": 9.62121212121212, "reusita": 100.0, "cnt": 33}}, "nume": "COLEGIUL NATIONAL, IASI\tIa\u0219i"}