{"specializari": {"TEHNICIAN DESENATOR PENTRU CONSTRUCTII SI INSTALATII": 29, "TEHNICIAN MECATRONIST": 16, "TEHNICIAN IN INSTALATII ELECTRICE": 9, "LICEU CU PROGRAM SPORTIV": 32, "TEHNICIAN ELECTRICIAN/ELECTRONIST AUTO": 6, "TEHNICIAN MECANIC PENTRU INTRETINERE SI REPARATII": 1, "TEHNICIAN IN CONSTRUCTII SI LUCRARI PUBLICE": 1}, "limba_moderna": {"LIMBA ENGLEZA": 90, "LIMBA FRANCEZA": 4}, "limba_materna": {"LIMBA ROMANA": 94}, "promotie_anterioara": {"NU": 62, "DA": 32}, "materii": {"LIMBA ROMANA": {"medie": 6.106896551724137, "reusita": 85.1063829787234, "cnt": 94}, "ISTORIE": {"medie": 6.7734375, "reusita": 100.0, "cnt": 32}, "GEOGRAFIE": {"medie": 8.14516129032258, "reusita": 100.0, "cnt": 31}, "GENERAL": {"medie": 6.207539682539683, "reusita": 54.25531914893617, "cnt": 94}, "BIOLOGIE VEGETALA SI ANIMALA": {"medie": 5.461363636363637, "reusita": 58.490566037735846, "cnt": 53}, "MATEMATICA TEHN": {"medie": 5.532692307692309, "reusita": 64.51612903225806, "cnt": 62}, "PSIHOLOGIE": {"medie": 8.4, "reusita": 100.0, "cnt": 1}, "CHIMIE ANORGANICA TEH NIVEL I/II": {"medie": 2.5, "reusita": 0.0, "cnt": 1}, "FIZICA TEH": {"medie": 5.918749999999999, "reusita": 62.5, "cnt": 8}}, "nume": "COLEGIUL TEHNIC \"ANGHEL SALIGNY\" BAIA MARE\tMaramure\u0219"}