{"specializari": {"MATEMATICA-INFORMATICA": 83, "FILOLOGIE": 62}, "limba_moderna": {"LIMBA ENGLEZA": 130, "LIMBA FRANCEZA": 15}, "limba_materna": {"LIMBA ROMANA": 145}, "promotie_anterioara": {"NU": 141, "DA": 4}, "materii": {"LIMBA ROMANA": {"medie": 7.6082758620689654, "reusita": 99.3103448275862, "cnt": 145}, "ISTORIE": {"medie": 8.168548387096775, "reusita": 100.0, "cnt": 62}, "GEOGRAFIE": {"medie": 9.016129032258064, "reusita": 100.0, "cnt": 62}, "GENERAL": {"medie": 7.963218390804598, "reusita": 91.0344827586207, "cnt": 145}, "ANATOMIE SI FIZIOLOGIE UMANA, GENETICA SI ECOLOGIE UMANA": {"medie": 7.954545454545454, "reusita": 93.93939393939394, "cnt": 33}, "MATEMATICA MATE-INFO": {"medie": 7.812650602409637, "reusita": 92.7710843373494, "cnt": 83}, "BIOLOGIE VEGETALA SI ANIMALA": {"medie": 7.529999999999999, "reusita": 100.0, "cnt": 5}, "FIZICA TEO": {"medie": 8.280434782608696, "reusita": 100.0, "cnt": 23}, "CHIMIE ORGANICA TEO NIVEL I/II": {"medie": 7.916666666666667, "reusita": 100.0, "cnt": 3}, "INFORMATICA MI C/C++": {"medie": 6.976315789473685, "reusita": 94.73684210526315, "cnt": 19}}, "nume": "COLEGIUL NATIONAL \"CONSTANTIN CARABELLA\" TARGOVISTE\tD\u00e2mbovi\u021ba"}