{"specializari": {"TEHNICIAN IN ACTIVITATI ECONOMICE": 21, "TEHNICIAN OPERATOR TEHNICA DE CALCUL": 20, "TEHNICIAN PROIECTANT CAD": 4, "TEHNICIAN ELECTROMECANIC": 11, "TEHNICIAN MECATRONIST": 1}, "limba_moderna": {"LIMBA ENGLEZA": 56, "LIMBA FRANCEZA": 1}, "limba_materna": {"LIMBA ROMANA": 57}, "promotie_anterioara": {"NU": 48, "DA": 9}, "materii": {"LIMBA ROMANA": {"medie": 5.950000000000001, "reusita": 75.43859649122807, "cnt": 57}, "GEOGRAFIE": {"medie": 8.380000000000003, "reusita": 90.47619047619048, "cnt": 21}, "GENERAL": {"medie": 6.181944444444447, "reusita": 45.614035087719294, "cnt": 57}, "BIOLOGIE VEGETALA SI ANIMALA": {"medie": 4.058064516129031, "reusita": 38.88888888888889, "cnt": 36}, "MATEMATICA TEHN": {"medie": 6.465686274509805, "reusita": 73.68421052631578, "cnt": 57}}, "nume": "COLEGIUL TEHNIC \"ION D. LAZARESCU\" CUGIR\tAlba"}