{"specializari": {"TEHNICIAN IN ACHIZITII SI CONTRACTARI": 26, "TEHNICIAN IN ACTIVITATI ECONOMICE": 40, "TEHNICIAN PROIECTANT CAD": 39, "MATEMATICA-INFORMATICA": 7, "STIINTE ALE NATURII": 26, "TEHNICIAN OPERATOR TEHNICA DE CALCUL": 6, "TEHNICIAN IN ACTIVITATI DE COMERT": 1, "TEHNICIAN ELECTROMECANIC": 2, "TEHNICIAN TRANSPORTURI": 11, "TEHNICIAN MECATRONIST": 1, "TEHNICIAN ELECTRICIAN/ELECTRONIST AUTO": 1}, "limba_moderna": {"LIMBA ENGLEZA": 105, "LIMBA FRANCEZA": 55}, "limba_materna": {"LIMBA ROMANA": 160}, "promotie_anterioara": {"NU": 125, "DA": 35}, "materii": {"LIMBA ROMANA": {"medie": 6.360759493670889, "reusita": 92.5, "cnt": 160}, "GEOGRAFIE": {"medie": 7.400000000000001, "reusita": 92.85714285714286, "cnt": 42}, "GENERAL": {"medie": 6.328035320088298, "reusita": 55.00000000000001, "cnt": 160}, "MATEMATICA ST-NAT": {"medie": 5.676923076923075, "reusita": 73.07692307692307, "cnt": 26}, "ANATOMIE SI FIZIOLOGIE UMANA, GENETICA SI ECOLOGIE UMANA": {"medie": 7.261999999999998, "reusita": 100.0, "cnt": 25}, "MATEMATICA MATE-INFO": {"medie": 4.785714285714286, "reusita": 57.14285714285714, "cnt": 7}, "BIOLOGIE VEGETALA SI ANIMALA": {"medie": 5.785849056603774, "reusita": 69.0909090909091, "cnt": 55}, "MATEMATICA TEHN": {"medie": 5.98991935483871, "reusita": 81.10236220472441, "cnt": 127}, "LOGICA, ARGUMENTARE SI COMUNICARE": {"medie": 7.270000000000001, "reusita": 96.0, "cnt": 25}, "CHIMIE ANORGANICA TEH NIVEL I/II": {"medie": 7.116666666666667, "reusita": 100.0, "cnt": 6}, "FIZICA TEH": {"medie": 4.2, "reusita": 0.0, "cnt": 1}, "CHIMIE ANORGANICA TEO NIVEL I/II": {"medie": 6.208333333333333, "reusita": 83.33333333333334, "cnt": 6}}, "nume": "COLEGIUL TEHNIC DE CAI FERATE \"UNIREA\", PASCANI\tIa\u0219i"}