{"specializari": {"TEHNICIAN IN TURISM": 78, "TEHNICIAN IN GASTRONOMIE": 96, "ORGANIZATOR BANQUETING": 71, "TEHNICIAN IN ACTIVITATI ECONOMICE": 79, "TEHNICIAN IN ACTIVITATI DE COMERT": 50, "TEHNICIAN IN ACHIZITII SI CONTRACTARI": 28}, "limba_moderna": {"LIMBA ENGLEZA": 367, "LIMBA FRANCEZA": 35}, "limba_materna": {"LIMBA ROMANA": 402}, "promotie_anterioara": {"NU": 329, "DA": 73}, "materii": {"LIMBA ROMANA": {"medie": 5.84817232375979, "reusita": 82.58706467661692, "cnt": 402}, "GEOGRAFIE": {"medie": 6.734126984126984, "reusita": 87.27735368956743, "cnt": 393}, "GENERAL": {"medie": 6.1012216404886646, "reusita": 53.482587064676615, "cnt": 402}, "MATEMATICA TEHN": {"medie": 5.709244791666669, "reusita": 69.40298507462687, "cnt": 402}, "LOGICA, ARGUMENTARE SI COMUNICARE": {"medie": 8.75, "reusita": 100.0, "cnt": 2}, "ECONOMIE": {"medie": 5.907142857142857, "reusita": 71.42857142857143, "cnt": 7}}, "nume": "COLEGIUL ECONOMIC \"VIILOR\"\tBucure\u0219ti"}