{"specializari": {"TEHNICIAN IN ACTIVITATI ECONOMICE": 88, "TEHNICIAN IN ACHIZITII SI CONTRACTARI": 30, "TEHNICIAN IN TURISM": 62, "TEHNICIAN IN ADMINISTRATIE": 27, "TEHNICIAN IN GASTRONOMIE": 5}, "limba_moderna": {"LIMBA ENGLEZA": 206, "LIMBA FRANCEZA": 6}, "limba_materna": {"LIMBA ROMANA": 212}, "promotie_anterioara": {"NU": 181, "DA": 31}, "materii": {"LIMBA ROMANA": {"medie": 6.590238095238098, "reusita": 94.33962264150944, "cnt": 212}, "GEOGRAFIE": {"medie": 7.597342995169086, "reusita": 96.65071770334929, "cnt": 209}, "GENERAL": {"medie": 6.917954911433169, "reusita": 75.94339622641509, "cnt": 212}, "MATEMATICA TEHN": {"medie": 6.567548076923083, "reusita": 85.84905660377359, "cnt": 212}, "PSIHOLOGIE": {"medie": 5.616666666666667, "reusita": 100.0, "cnt": 3}}, "nume": "COLEGIUL ECONOMIC ARAD\tArad"}