{"specializari": {"STIINTE ALE NATURII": 60, "MATEMATICA-INFORMATICA": 25}, "limba_moderna": {"LIMBA ENGLEZA": 85}, "limba_materna": {"LIMBA ROMANA": 85}, "promotie_anterioara": {"NU": 81, "DA": 4}, "materii": {"LIMBA ROMANA": {"medie": 8.08882352941176, "reusita": 98.82352941176471, "cnt": 85}, "GENERAL": {"medie": 8.037647058823529, "reusita": 92.94117647058823, "cnt": 85}, "MATEMATICA ST-NAT": {"medie": 8.0125, "reusita": 100.0, "cnt": 60}, "ANATOMIE SI FIZIOLOGIE UMANA, GENETICA SI ECOLOGIE UMANA": {"medie": 8.487499999999999, "reusita": 98.75, "cnt": 80}, "MATEMATICA MATE-INFO": {"medie": 6.940000000000001, "reusita": 92.0, "cnt": 25}, "BIOLOGIE VEGETALA SI ANIMALA": {"medie": 5.833333333333333, "reusita": 66.66666666666666, "cnt": 3}, "INFORMATICA MI C/C++": {"medie": 6.0, "reusita": 100.0, "cnt": 1}, "CHIMIE ANORGANICA TEO NIVEL I/II": {"medie": 5.3, "reusita": 100.0, "cnt": 1}}, "nume": "COLEGIUL DE STIINTE \"GRIGORE ANTIPA\" BRASOV\tBra\u0219ov"}