{"specializari": {"INVATATOR - EDUCATOARE": 49, "STIINTE ALE NATURII": 22, "MATEMATICA-INFORMATICA": 12, "STIINTE SOCIALE": 1, "FILOLOGIE": 30}, "limba_moderna": {"LIMBA ENGLEZA": 101, "LIMBA FRANCEZA": 13}, "limba_materna": {"LIMBA ROMANA": 114}, "promotie_anterioara": {"NU": 113, "DA": 1}, "materii": {"LIMBA ROMANA": {"medie": 7.355701754385965, "reusita": 100.0, "cnt": 114}, "ISTORIE": {"medie": 7.3419354838709685, "reusita": 100.0, "cnt": 31}, "GEOGRAFIE": {"medie": 8.325806451612904, "reusita": 100.0, "cnt": 62}, "GENERAL": {"medie": 7.4983918128654965, "reusita": 88.59649122807018, "cnt": 114}, "MATEMATICA ST-NAT": {"medie": 6.031818181818181, "reusita": 81.81818181818183, "cnt": 22}, "ANATOMIE SI FIZIOLOGIE UMANA, GENETICA SI ECOLOGIE UMANA": {"medie": 7.858333333333333, "reusita": 100.0, "cnt": 6}, "MATEMATICA MATE-INFO": {"medie": 7.029166666666666, "reusita": 100.0, "cnt": 12}, "BIOLOGIE VEGETALA SI ANIMALA": {"medie": 7.017500000000001, "reusita": 100.0, "cnt": 20}, "FIZICA TEO": {"medie": 6.7, "reusita": 100.0, "cnt": 1}, "CHIMIE ORGANICA TEO NIVEL I/II": {"medie": 8.55, "reusita": 100.0, "cnt": 4}, "PSIHOLOGIE": {"medie": 8.392307692307693, "reusita": 100.0, "cnt": 13}, "LOGICA, ARGUMENTARE SI COMUNICARE": {"medie": 8.05, "reusita": 100.0, "cnt": 2}, "INFORMATICA MI C/C++": {"medie": 9.7, "reusita": 100.0, "cnt": 1}, "CHIMIE ANORGANICA TEO NIVEL I/II": {"medie": 5.5, "reusita": 100.0, "cnt": 2}, "MATEMATICA PED": {"medie": 7.503061224489798, "reusita": 95.91836734693877, "cnt": 49}, "FILOSOFIE": {"medie": 7.7, "reusita": 100.0, "cnt": 3}}, "nume": "COLEGIUL NATIONAL PEDAGOGIC \"DUMITRU PANAITESCU PERPESSICIUS\"\tBr\u0103ila"}