{"specializari": {"TEHNICIAN ECOLOG SI PROTECTIA CALITATII MEDIULUI": 7, "TEHNICIAN IN ACHIZITII SI CONTRACTARI": 2, "TEHNICIAN IN AGRICULTURA ECOLOGICA": 16, "TEHNICIAN IN SILVICULTURA SI EXPLOATARI FORESTIERE": 1, "TEHNICIAN ANALIZE PRODUSE ALIMENTARE": 19, "TEHNICIAN IN ACTIVITATI ECONOMICE": 18}, "limba_moderna": {"LIMBA ENGLEZA": 31, "LIMBA FRANCEZA": 32}, "limba_materna": {"LIMBA ROMANA": 63}, "promotie_anterioara": {"DA": 19, "NU": 44}, "materii": {"LIMBA ROMANA": {"medie": 5.298333333333334, "reusita": 68.25396825396825, "cnt": 63}, "GEOGRAFIE": {"medie": 6.688888888888887, "reusita": 80.0, "cnt": 20}, "GENERAL": {"medie": 5.586494252873563, "reusita": 25.396825396825395, "cnt": 63}, "ANATOMIE SI FIZIOLOGIE UMANA, GENETICA SI ECOLOGIE UMANA": {"medie": 6.315384615384615, "reusita": 84.61538461538461, "cnt": 39}, "BIOLOGIE VEGETALA SI ANIMALA": {"medie": 6.35, "reusita": 100.0, "cnt": 1}, "MATEMATICA TEHN": {"medie": 4.9295081967213115, "reusita": 50.79365079365079, "cnt": 63}, "CHIMIE ANORGANICA TEH NIVEL I/II": {"medie": 7.383333333333333, "reusita": 100.0, "cnt": 3}}, "nume": "COLEGIUL AGRICOL SI DE INDUSTRIE ALIMENTARA \"VASILE ADAMACHI\", IASI\tIa\u0219i"}