{"specializari": {"TEHNICIAN MECANIC PENTRU INTRETINERE SI REPARATII": 13, "LICEU CU PROGRAM SPORTIV": 21, "TEHNICIAN MECATRONIST": 5, "TEHNICIAN IN AUTOMATIZARI": 15, "TEHNICIAN TRANSPORTURI": 3, "MATEMATICA-INFORMATICA": 5, "TEHNICIAN IN INSTALATII ELECTRICE": 1}, "limba_moderna": {"LIMBA ENGLEZA": 60, "LIMBA FRANCEZA": 3}, "limba_materna": {"LIMBA ROMANA": 63}, "promotie_anterioara": {"NU": 31, "DA": 32}, "materii": {"LIMBA ROMANA": {"medie": 5.879838709677419, "reusita": 85.71428571428571, "cnt": 63}, "ISTORIE": {"medie": 5.77, "reusita": 95.23809523809523, "cnt": 21}, "GEOGRAFIE": {"medie": 6.616666666666666, "reusita": 80.95238095238095, "cnt": 21}, "GENERAL": {"medie": 5.761206896551726, "reusita": 34.92063492063492, "cnt": 63}, "MATEMATICA MATE-INFO": {"medie": 5.0600000000000005, "reusita": 80.0, "cnt": 5}, "BIOLOGIE VEGETALA SI ANIMALA": {"medie": 4.930434782608695, "reusita": 48.0, "cnt": 25}, "MATEMATICA TEHN": {"medie": 5.561111111111111, "reusita": 81.08108108108108, "cnt": 37}, "CHIMIE ANORGANICA TEH NIVEL I/II": {"medie": 5.215624999999999, "reusita": 47.05882352941176, "cnt": 17}}, "nume": "COLEGIUL TEHNIC \"DINICU GOLESCU\"\tBucure\u0219ti"}