{"specializari": {"MATEMATICA-INFORMATICA": 45, "TEHNICIAN TRANSPORTURI": 16, "TEHNICIAN IN INDUSTRIA TEXTILA": 9, "TEHNICIAN IN ACTIVITATI ECONOMICE": 70, "TEHNICIAN DESENATOR PENTRU CONSTRUCTII SI INSTALATII": 14, "TEHNICIAN IN INSTALATII ELECTRICE": 12, "FILOLOGIE": 36, "TEHNICIAN MECATRONIST": 13, "STIINTE ALE NATURII": 22}, "limba_moderna": {"LIMBA ENGLEZA": 206, "LIMBA FRANCEZA": 27, "LIMBA RUSA": 3, "LIMBA GERMANA MODERNA": 1}, "limba_materna": {"LIMBA ROMANA": 237}, "promotie_anterioara": {"DA": 28, "NU": 209}, "materii": {"LIMBA ROMANA": {"medie": 6.928969957081546, "reusita": 91.13924050632912, "cnt": 237}, "ISTORIE": {"medie": 8.216666666666669, "reusita": 100.0, "cnt": 36}, "GEOGRAFIE": {"medie": 7.924999999999998, "reusita": 95.91836734693877, "cnt": 49}, "GENERAL": {"medie": 6.916666666666666, "reusita": 68.77637130801688, "cnt": 237}, "MATEMATICA ST-NAT": {"medie": 6.827272727272725, "reusita": 95.45454545454545, "cnt": 22}, "ANATOMIE SI FIZIOLOGIE UMANA, GENETICA SI ECOLOGIE UMANA": {"medie": 8.486538461538462, "reusita": 100.0, "cnt": 52}, "MATEMATICA MATE-INFO": {"medie": 6.054444444444446, "reusita": 77.77777777777779, "cnt": 45}, "BIOLOGIE VEGETALA SI ANIMALA": {"medie": 4.601694915254237, "reusita": 45.16129032258064, "cnt": 62}, "FIZICA TEO": {"medie": 9.8, "reusita": 100.0, "cnt": 1}, "MATEMATICA TEHN": {"medie": 6.17364341085271, "reusita": 78.35820895522389, "cnt": 134}, "LOGICA, ARGUMENTARE SI COMUNICARE": {"medie": 8.06388888888889, "reusita": 91.22807017543859, "cnt": 57}, "INFORMATICA MI C/C++": {"medie": 8.215, "reusita": 100.0, "cnt": 10}, "FIZICA TEH": {"medie": 7.7299999999999995, "reusita": 100.0, "cnt": 5}, "CHIMIE ORGANICA TEH NIVEL I/II": {"medie": 5.1, "reusita": 100.0, "cnt": 1}}, "nume": "COLEGIUL TEHNIC RADAUTI\tSuceava"}