{"specializari": {"STIINTE ALE NATURII": 40, "TEHNICIAN MECATRONIST": 43, "MATEMATICA-INFORMATICA": 69, "TEHNICIAN MECANIC PENTRU INTRETINERE SI REPARATII": 31, "TEHNICIAN IN AUTOMATIZARI": 33, "TEHNICIAN DE TELECOMUNICATII": 19}, "limba_moderna": {"LIMBA ENGLEZA": 210, "LIMBA FRANCEZA": 25}, "limba_materna": {"LIMBA ROMANA": 235}, "promotie_anterioara": {"NU": 192, "DA": 43}, "materii": {"LIMBA ROMANA": {"medie": 7.041845493562232, "reusita": 97.44680851063829, "cnt": 235}, "GENERAL": {"medie": 6.8628755364806855, "reusita": 70.63829787234043, "cnt": 235}, "MATEMATICA ST-NAT": {"medie": 7.817500000000003, "reusita": 100.0, "cnt": 40}, "ANATOMIE SI FIZIOLOGIE UMANA, GENETICA SI ECOLOGIE UMANA": {"medie": 8.203846153846154, "reusita": 100.0, "cnt": 13}, "MATEMATICA MATE-INFO": {"medie": 7.072463768115943, "reusita": 97.10144927536231, "cnt": 69}, "BIOLOGIE VEGETALA SI ANIMALA": {"medie": 6.286896551724138, "reusita": 75.34246575342466, "cnt": 146}, "FIZICA TEO": {"medie": 6.227777777777777, "reusita": 72.22222222222221, "cnt": 18}, "MATEMATICA TEHN": {"medie": 6.484400000000005, "reusita": 84.12698412698413, "cnt": 126}, "CHIMIE ORGANICA TEO NIVEL I/II": {"medie": 8.295, "reusita": 100.0, "cnt": 10}, "INFORMATICA MI C/C++": {"medie": 8.216666666666667, "reusita": 100.0, "cnt": 6}, "CHIMIE ANORGANICA TEH NIVEL I/II": {"medie": 5.0, "reusita": 100.0, "cnt": 1}, "FIZICA TEH": {"medie": 7.326923076923077, "reusita": 96.15384615384616, "cnt": 26}, "CHIMIE ANORGANICA TEO NIVEL I/II": {"medie": 7.85, "reusita": 100.0, "cnt": 1}, "CHIMIE ORGANICA TEH NIVEL I/II": {"medie": 5.106249999999999, "reusita": 50.0, "cnt": 8}, "INFORMATICA MI PASCAL": {"medie": 8.191666666666668, "reusita": 100.0, "cnt": 6}}, "nume": "COLEGIUL \"SPIRU HARET\", MUNICIPIUL PLOIESTI\tPrahova"}