{"specializari": {"TEHNICIAN IN ACTIVITATI DE COMERT": 25, "TEHNICIAN IN ACTIVITATI ECONOMICE": 67, "TEHNICIAN IN TURISM": 19, "TEHNICIAN IN GASTRONOMIE": 29}, "limba_moderna": {"LIMBA ENGLEZA": 130, "LIMBA RUSA": 1, "LIMBA FRANCEZA": 9}, "limba_materna": {"LIMBA ROMANA": 140}, "promotie_anterioara": {"NU": 115, "DA": 25}, "materii": {"LIMBA ROMANA": {"medie": 6.379779411764706, "reusita": 92.14285714285714, "cnt": 140}, "GEOGRAFIE": {"medie": 7.697478991596641, "reusita": 94.35483870967742, "cnt": 124}, "GENERAL": {"medie": 6.626515151515151, "reusita": 64.28571428571429, "cnt": 140}, "MATEMATICA TEHN": {"medie": 5.884814814814814, "reusita": 75.0, "cnt": 140}, "ECONOMIE": {"medie": 6.309375, "reusita": 87.5, "cnt": 16}}, "nume": "COLEGIUL ECONOMIC \"ION GHICA\"\tBr\u0103ila"}