{"specializari": {"TEHNICIAN IN ACTIVITATI ECONOMICE": 31, "STIINTE ALE NATURII": 61, "TEHNICIAN DESIGNER MOBILA SI AMENAJARI INTERIOARE": 35, "TEHNICIAN IN SILVICULTURA SI EXPLOATARI FORESTIERE": 16, "TEHNICIAN IN PRELUCRAREA LEMNULUI": 2}, "limba_moderna": {"LIMBA ENGLEZA": 129, "LIMBA FRANCEZA": 16}, "limba_materna": {"LIMBA ROMANA": 145}, "promotie_anterioara": {"NU": 122, "DA": 23}, "materii": {"LIMBA ROMANA": {"medie": 6.827112676056335, "reusita": 94.48275862068965, "cnt": 145}, "GEOGRAFIE": {"medie": 8.55, "reusita": 100.0, "cnt": 2}, "GENERAL": {"medie": 7.057276995305164, "reusita": 73.79310344827587, "cnt": 145}, "MATEMATICA ST-NAT": {"medie": 7.191803278688523, "reusita": 98.36065573770492, "cnt": 61}, "ANATOMIE SI FIZIOLOGIE UMANA, GENETICA SI ECOLOGIE UMANA": {"medie": 8.050862068965518, "reusita": 96.61016949152543, "cnt": 59}, "BIOLOGIE VEGETALA SI ANIMALA": {"medie": 5.650980392156864, "reusita": 63.46153846153846, "cnt": 52}, "MATEMATICA TEHN": {"medie": 6.829268292682926, "reusita": 86.90476190476191, "cnt": 84}, "CHIMIE ORGANICA TEO NIVEL I/II": {"medie": 9.55, "reusita": 100.0, "cnt": 1}, "LOGICA, ARGUMENTARE SI COMUNICARE": {"medie": 8.896551724137929, "reusita": 100.0, "cnt": 29}, "CHIMIE ANORGANICA TEH NIVEL I/II": {"medie": 2.85, "reusita": 0.0, "cnt": 1}, "FIZICA TEH": {"medie": 5.15, "reusita": 100.0, "cnt": 1}}, "nume": "COLEGIUL TEHNIC FORESTIER, MUNICIPIUL CAMPINA\tPrahova"}