{"specializari": {"MUZICA": 37, "ARTA ACTORULUI": 28, "ARTE PLASTICE SI DECORATIVE": 27, "ARHITECTURA, ARTE AMBIENTALE SI DESIGN": 30}, "limba_moderna": {"LIMBA ENGLEZA": 121, "LIMBA FRANCEZA": 1}, "limba_materna": {"LIMBA ROMANA": 122}, "promotie_anterioara": {"DA": 13, "NU": 109}, "materii": {"LIMBA ROMANA": {"medie": 6.744117647058822, "reusita": 92.62295081967213, "cnt": 122}, "ISTORIE": {"medie": 6.644628099173552, "reusita": 93.44262295081968, "cnt": 122}, "GEOGRAFIE": {"medie": 7.699159663865545, "reusita": 95.86776859504133, "cnt": 121}, "GENERAL": {"medie": 7.045903954802258, "reusita": 78.68852459016394, "cnt": 122}, "FILOSOFIE": {"medie": 5.25, "reusita": 100.0, "cnt": 1}}, "nume": "COLEGIUL DE ARTE \"SABIN DRAGOI\" ARAD\tArad"}