{"specializari": {"MATEMATICA-INFORMATICA": 158}, "limba_moderna": {"LIMBA ENGLEZA": 157, "LIMBA FRANCEZA": 1}, "limba_materna": {"LIMBA ROMANA": 158}, "promotie_anterioara": {"NU": 155, "DA": 3}, "materii": {"LIMBA ROMANA": {"medie": 7.727531645569622, "reusita": 100.0, "cnt": 158}, "GENERAL": {"medie": 8.041033755274261, "reusita": 93.0379746835443, "cnt": 158}, "ANATOMIE SI FIZIOLOGIE UMANA, GENETICA SI ECOLOGIE UMANA": {"medie": 7.954255319148938, "reusita": 100.0, "cnt": 47}, "MATEMATICA MATE-INFO": {"medie": 8.082278481012667, "reusita": 98.10126582278481, "cnt": 158}, "FIZICA TEO": {"medie": 7.8999999999999995, "reusita": 100.0, "cnt": 14}, "CHIMIE ORGANICA TEO NIVEL I/II": {"medie": 8.968181818181819, "reusita": 100.0, "cnt": 11}, "INFORMATICA MI C/C++": {"medie": 8.481176470588235, "reusita": 98.82352941176471, "cnt": 85}, "CHIMIE ANORGANICA TEO NIVEL I/II": {"medie": 9.5, "reusita": 100.0, "cnt": 1}}, "nume": "COLEGIUL NATIONAL DE INFORMATICA, MUNICIPIUL PIATRA-NEAMT\tNeam\u021b"}