{"specializari": {"TEHNICIAN ECOLOG SI PROTECTIA CALITATII MEDIULUI": 38, "FILOLOGIE": 31, "TEHNICIAN IN INSTALATII ELECTRICE": 34, "MATEMATICA-INFORMATICA": 7, "TEHNICIAN MECATRONIST": 43, "TEHNICIAN PRELUCRARI MECANICE": 29, "TEHNICIAN ELECTROTEHNIST": 8, "TEHNICIAN MECANIC PENTRU INTRETINERE SI REPARATII": 2}, "limba_moderna": {"LIMBA ENGLEZA": 171, "LIMBA FRANCEZA": 21}, "limba_materna": {"LIMBA ROMANA": 192}, "promotie_anterioara": {"NU": 129, "DA": 63}, "materii": {"LIMBA ROMANA": {"medie": 5.536033519553073, "reusita": 73.4375, "cnt": 192}, "ISTORIE": {"medie": 6.75, "reusita": 96.7741935483871, "cnt": 31}, "GEOGRAFIE": {"medie": 7.865384615384615, "reusita": 92.3076923076923, "cnt": 13}, "GENERAL": {"medie": 5.259215686274512, "reusita": 32.8125, "cnt": 192}, "ANATOMIE SI FIZIOLOGIE UMANA, GENETICA SI ECOLOGIE UMANA": {"medie": 4.99, "reusita": 42.857142857142854, "cnt": 14}, "MATEMATICA MATE-INFO": {"medie": 4.885714285714286, "reusita": 71.42857142857143, "cnt": 7}, "BIOLOGIE VEGETALA SI ANIMALA": {"medie": 4.469298245614035, "reusita": 41.732283464566926, "cnt": 127}, "MATEMATICA TEHN": {"medie": 4.561888111888111, "reusita": 51.94805194805194, "cnt": 154}, "SOCIOLOGIE": {"medie": 6.3625, "reusita": 81.25, "cnt": 16}, "PSIHOLOGIE": {"medie": 7.8, "reusita": 100.0, "cnt": 1}, "LOGICA, ARGUMENTARE SI COMUNICARE": {"medie": 8.45, "reusita": 100.0, "cnt": 1}, "INFORMATICA MI C/C++": {"medie": 7.0, "reusita": 100.0, "cnt": 1}, "CHIMIE ANORGANICA TEH NIVEL I/II": {"medie": 6.171428571428572, "reusita": 71.42857142857143, "cnt": 7}, "FIZICA TEH": {"medie": 4.138888888888889, "reusita": 36.36363636363637, "cnt": 11}, "CHIMIE ORGANICA TEH NIVEL I/II": {"medie": 5.0, "reusita": 100.0, "cnt": 1}}, "nume": "COLEGIUL TEHNIC \"PETRU MAIOR\"\tBucure\u0219ti"}