{"specializari": {"FILOLOGIE": 13, "MATEMATICA-INFORMATICA": 15}, "limba_moderna": {"LIMBA ENGLEZA": 28}, "limba_materna": {"LIMBA ROMANA": 28}, "promotie_anterioara": {"NU": 28}, "materii": {"LIMBA ROMANA": {"medie": 8.583928571428569, "reusita": 100.0, "cnt": 28}, "ISTORIE": {"medie": 8.211538461538462, "reusita": 100.0, "cnt": 13}, "GEOGRAFIE": {"medie": 8.427272727272726, "reusita": 100.0, "cnt": 11}, "GENERAL": {"medie": 8.772619047619049, "reusita": 100.0, "cnt": 28}, "ANATOMIE SI FIZIOLOGIE UMANA, GENETICA SI ECOLOGIE UMANA": {"medie": 9.328571428571426, "reusita": 100.0, "cnt": 7}, "MATEMATICA MATE-INFO": {"medie": 9.493333333333334, "reusita": 100.0, "cnt": 15}, "FIZICA TEO": {"medie": 8.866666666666667, "reusita": 100.0, "cnt": 3}, "CHIMIE ORGANICA TEO NIVEL I/II": {"medie": 10.0, "reusita": 100.0, "cnt": 1}, "PSIHOLOGIE": {"medie": 7.875, "reusita": 100.0, "cnt": 2}, "INFORMATICA MI C/C++": {"medie": 9.2625, "reusita": 100.0, "cnt": 4}}, "nume": "COLEGIUL \"RICHARD WURMBRAND\", IASI\tIa\u0219i"}