{"specializari": {"TEHNICIAN ECOLOG SI PROTECTIA CALITATII MEDIULUI": 16, "TEHNICIAN IN ACTIVITATI ECONOMICE": 24, "TEHNICIAN OPERATOR TEHNICA DE CALCUL": 33, "TEHNICIAN TRANSPORTURI": 11, "TEHNICIAN DESIGNER VESTIMENTAR": 12, "TEHNICIAN IN INSTALATII ELECTRICE": 13, "TEHNICIAN IN TURISM": 20, "TEHNICIAN MECATRONIST": 2, "TEHNICIAN MECANIC PENTRU INTRETINERE SI REPARATII": 3, "TEHNICIAN IN INDUSTRIA TEXTILA": 1}, "limba_moderna": {"LIMBA ENGLEZA": 126, "LIMBA FRANCEZA": 9}, "limba_materna": {"LIMBA ROMANA": 135}, "promotie_anterioara": {"NU": 99, "DA": 36}, "materii": {"LIMBA ROMANA": {"medie": 5.882824427480914, "reusita": 78.51851851851852, "cnt": 135}, "GEOGRAFIE": {"medie": 8.00263157894737, "reusita": 97.36842105263158, "cnt": 38}, "GENERAL": {"medie": 6.293121693121693, "reusita": 51.11111111111111, "cnt": 135}, "ANATOMIE SI FIZIOLOGIE UMANA, GENETICA SI ECOLOGIE UMANA": {"medie": 7.699999999999999, "reusita": 100.0, "cnt": 15}, "BIOLOGIE VEGETALA SI ANIMALA": {"medie": 4.87127659574468, "reusita": 50.0, "cnt": 50}, "MATEMATICA TEHN": {"medie": 6.403906250000004, "reusita": 80.0, "cnt": 135}, "LOGICA, ARGUMENTARE SI COMUNICARE": {"medie": 9.283333333333333, "reusita": 100.0, "cnt": 6}, "CHIMIE ANORGANICA TEH NIVEL I/II": {"medie": 5.8875, "reusita": 80.0, "cnt": 5}, "FIZICA TEH": {"medie": 5.8025, "reusita": 61.904761904761905, "cnt": 21}}, "nume": "COLEGIUL TEHNIC \"GRIGORE COBALCESCU\" MOINESTI\tBac\u0103u"}