{"specializari": {"STIINTE SOCIALE": 32, "STIINTE ALE NATURII": 46, "FILOLOGIE": 30, "MATEMATICA-INFORMATICA": 33, "TEHNICIAN IN ACTIVITATI ECONOMICE": 32}, "limba_moderna": {"LIMBA ENGLEZA": 160, "LIMBA FRANCEZA": 13}, "limba_materna": {"LIMBA ROMANA": 173}, "promotie_anterioara": {"NU": 166, "DA": 7}, "materii": {"LIMBA ROMANA": {"medie": 7.573988439306361, "reusita": 97.10982658959537, "cnt": 173}, "ISTORIE": {"medie": 7.449193548387099, "reusita": 100.0, "cnt": 62}, "GEOGRAFIE": {"medie": 8.71607142857143, "reusita": 96.42857142857143, "cnt": 56}, "GENERAL": {"medie": 7.848934108527133, "reusita": 89.01734104046243, "cnt": 173}, "MATEMATICA ST-NAT": {"medie": 7.143478260869569, "reusita": 100.0, "cnt": 46}, "ANATOMIE SI FIZIOLOGIE UMANA, GENETICA SI ECOLOGIE UMANA": {"medie": 7.310526315789474, "reusita": 84.21052631578947, "cnt": 38}, "MATEMATICA MATE-INFO": {"medie": 8.243749999999999, "reusita": 96.96969696969697, "cnt": 33}, "BIOLOGIE VEGETALA SI ANIMALA": {"medie": 6.8, "reusita": 100.0, "cnt": 2}, "FIZICA TEO": {"medie": 8.319999999999999, "reusita": 100.0, "cnt": 20}, "MATEMATICA TEHN": {"medie": 8.828125, "reusita": 100.0, "cnt": 32}, "CHIMIE ORGANICA TEO NIVEL I/II": {"medie": 9.0, "reusita": 100.0, "cnt": 1}, "LOGICA, ARGUMENTARE SI COMUNICARE": {"medie": 8.431578947368424, "reusita": 100.0, "cnt": 38}, "INFORMATICA MI C/C++": {"medie": 7.549999999999999, "reusita": 100.0, "cnt": 7}, "CHIMIE ANORGANICA TEO NIVEL I/II": {"medie": 7.731818181818181, "reusita": 100.0, "cnt": 11}}, "nume": "COLEGIUL NATIONAL \"STEFAN CEL MARE\", HARLAU\tIa\u0219i"}