{"specializari": {"TEHNICIAN OPERATOR TEHNICA DE CALCUL": 4, "TEHNICIAN PROIECTANT CAD": 12, "COAFOR STILIST": 4, "TEHNICIAN PRELUCRARI MECANICE": 3, "TEHNICIAN ANALIZE PRODUSE ALIMENTARE": 9, "TEHNICIAN MECANIC PENTRU INTRETINERE SI REPARATII": 2, "TEHNICIAN TRANSPORTURI": 5, "TEHNICIAN MECATRONIST": 6, "TEHNICIAN AVIATIE": 5, "TEHNICIAN ELECTROMECANIC": 1}, "limba_moderna": {"LIMBA ENGLEZA": 46, "LIMBA FRANCEZA": 5}, "limba_materna": {"LIMBA ROMANA": 51}, "promotie_anterioara": {"DA": 38, "NU": 13}, "materii": {"LIMBA ROMANA": {"medie": 5.761, "reusita": 82.35294117647058, "cnt": 51}, "GEOGRAFIE": {"medie": 5.575, "reusita": 75.0, "cnt": 4}, "GENERAL": {"medie": 5.124814814814815, "reusita": 15.686274509803921, "cnt": 51}, "ANATOMIE SI FIZIOLOGIE UMANA, GENETICA SI ECOLOGIE UMANA": {"medie": 3.558333333333333, "reusita": 16.666666666666664, "cnt": 6}, "BIOLOGIE VEGETALA SI ANIMALA": {"medie": 4.564285714285715, "reusita": 36.84210526315789, "cnt": 38}, "MATEMATICA TEHN": {"medie": 5.141836734693876, "reusita": 72.54901960784314, "cnt": 51}, "CHIMIE ANORGANICA TEH NIVEL I/II": {"medie": 2.9, "reusita": 0.0, "cnt": 2}, "FIZICA TEH": {"medie": 5.75, "reusita": 100.0, "cnt": 1}}, "nume": "COLEGIUL TEHNIC \"TRANSILVANIA\" BRASOV\tBra\u0219ov"}