{"specializari": {"TEHNICIAN IN AGROTURISM": 9, "TEHNICIAN VETERINAR": 8, "TEHNICIAN IN ACTIVITATI DE COMERT": 3, "TEHNICIAN IN ACTIVITATI ECONOMICE": 3, "TEHNICIAN PENTRU ANIMALE DE COMPANIE": 1, "TEHNICIAN ANALIZE PRODUSE ALIMENTARE": 1}, "limba_moderna": {"LIMBA ENGLEZA": 21, "LIMBA FRANCEZA": 4}, "limba_materna": {"LIMBA ROMANA": 25}, "promotie_anterioara": {"DA": 15, "NU": 10}, "materii": {"LIMBA ROMANA": {"medie": 5.678260869565217, "reusita": 76.0, "cnt": 25}, "GEOGRAFIE": {"medie": 5.841666666666666, "reusita": 83.33333333333334, "cnt": 6}, "GENERAL": {"medie": 5.50144927536232, "reusita": 32.0, "cnt": 25}, "ANATOMIE SI FIZIOLOGIE UMANA, GENETICA SI ECOLOGIE UMANA": {"medie": 5.958823529411764, "reusita": 83.33333333333334, "cnt": 18}, "BIOLOGIE VEGETALA SI ANIMALA": {"medie": 1.9, "reusita": 0.0, "cnt": 1}, "MATEMATICA TEHN": {"medie": 5.1125, "reusita": 80.0, "cnt": 25}}, "nume": "COLEGIUL PENTRU AGRICULTURA SI INDUSTRIE ALIMENTARA \"TARA BARSEI\" PREJMER\tBra\u0219ov"}