{"specializari": {"TEHNICIAN IN ACTIVITATI DE COMERT": 22, "TEHNICIAN IN AGROTURISM": 18, "TEHNICIAN ECOLOG SI PROTECTIA CALITATII MEDIULUI": 19, "TEHNICIAN VETERINAR": 17, "TEHNICIAN AGROMONTAN": 9, "TEHNICIAN MECANIC PENTRU INTRETINERE SI REPARATII": 6, "TEHNICIAN IN AGRICULTURA": 2, "TEHNICIAN IN ACHIZITII SI CONTRACTARI": 3, "TEHNICIAN TRANSPORTURI": 1, "TEHNICIAN HORTICULTOR": 1}, "limba_moderna": {"LIMBA ENGLEZA": 80, "LIMBA FRANCEZA": 18}, "limba_materna": {"LIMBA ROMANA": 98}, "promotie_anterioara": {"NU": 68, "DA": 30}, "materii": {"LIMBA ROMANA": {"medie": 6.405319148936173, "reusita": 91.83673469387756, "cnt": 98}, "GEOGRAFIE": {"medie": 7.928571428571427, "reusita": 95.45454545454545, "cnt": 22}, "GENERAL": {"medie": 6.520071684587814, "reusita": 62.244897959183675, "cnt": 98}, "ANATOMIE SI FIZIOLOGIE UMANA, GENETICA SI ECOLOGIE UMANA": {"medie": 7.516666666666667, "reusita": 100.0, "cnt": 3}, "BIOLOGIE VEGETALA SI ANIMALA": {"medie": 6.542647058823531, "reusita": 85.71428571428571, "cnt": 70}, "MATEMATICA TEHN": {"medie": 6.203684210526318, "reusita": 87.75510204081633, "cnt": 98}, "ECONOMIE": {"medie": 6.8, "reusita": 100.0, "cnt": 3}}, "nume": "COLEGIUL AGRICOL \"DANIIL POPOVICI BARCIANU\" SIBIU\tSibiu"}