{"specializari": {"TEHNICIAN IN TURISM": 55, "TEHNICIAN IN GASTRONOMIE": 29, "TEHNICIAN IN ACTIVITATI ECONOMICE": 76, "TEHNICIAN IN ACTIVITATI DE COMERT": 77, "LICEU CU PROGRAM SPORTIV": 1}, "limba_moderna": {"LIMBA ENGLEZA": 215, "LIMBA FRANCEZA": 23}, "limba_materna": {"LIMBA ROMANA": 238}, "promotie_anterioara": {"NU": 213, "DA": 25}, "materii": {"LIMBA ROMANA": {"medie": 6.8838235294117665, "reusita": 95.37815126050421, "cnt": 238}, "ISTORIE": {"medie": 5.0, "reusita": 100.0, "cnt": 1}, "GEOGRAFIE": {"medie": 7.8891534391534375, "reusita": 97.91666666666666, "cnt": 192}, "GENERAL": {"medie": 7.138105413105415, "reusita": 73.52941176470588, "cnt": 238}, "MATEMATICA TEHN": {"medie": 6.613034188034183, "reusita": 81.85654008438819, "cnt": 237}, "PSIHOLOGIE": {"medie": 5.7299999999999995, "reusita": 60.0, "cnt": 5}, "LOGICA, ARGUMENTARE SI COMUNICARE": {"medie": 8.09871794871795, "reusita": 90.0, "cnt": 40}, "ECONOMIE": {"medie": 2.9, "reusita": 0.0, "cnt": 1}}, "nume": "COLEGIUL COMERCIAL \"CAROL I\" CONSTANTA\tConstan\u021ba"}