{"specializari": {"FILOLOGIE": 33, "STIINTE ALE NATURII": 53, "STIINTE SOCIALE": 39, "MATEMATICA-INFORMATICA": 42}, "limba_moderna": {"LIMBA ENGLEZA": 113, "LIMBA FRANCEZA": 54}, "limba_materna": {"LIMBA ROMANA": 167}, "promotie_anterioara": {"NU": 161, "DA": 6}, "materii": {"LIMBA ROMANA": {"medie": 7.393674698795179, "reusita": 96.40718562874252, "cnt": 167}, "ISTORIE": {"medie": 7.843661971830984, "reusita": 97.22222222222221, "cnt": 72}, "GEOGRAFIE": {"medie": 8.29, "reusita": 98.57142857142858, "cnt": 70}, "GENERAL": {"medie": 7.965142276422768, "reusita": 89.22155688622755, "cnt": 167}, "MATEMATICA ST-NAT": {"medie": 8.422641509433962, "reusita": 100.0, "cnt": 53}, "ANATOMIE SI FIZIOLOGIE UMANA, GENETICA SI ECOLOGIE UMANA": {"medie": 8.81923076923077, "reusita": 98.46153846153847, "cnt": 65}, "MATEMATICA MATE-INFO": {"medie": 7.276829268292683, "reusita": 83.33333333333334, "cnt": 42}, "BIOLOGIE VEGETALA SI ANIMALA": {"medie": 8.6, "reusita": 100.0, "cnt": 1}, "SOCIOLOGIE": {"medie": 8.15, "reusita": 100.0, "cnt": 2}, "CHIMIE ANORGANICA TEO NIVEL I/II": {"medie": 9.35, "reusita": 100.0, "cnt": 1}, "INFORMATICA SN PASCAL": {"medie": 5.5, "reusita": 100.0, "cnt": 1}, "INFORMATICA MI PASCAL": {"medie": 8.590740740740742, "reusita": 100.0, "cnt": 27}}, "nume": "COLEGIUL NATIONAL \"AVRAM IANCU\" CAMPENI\tAlba"}