{"specializari": {"TEHNICIAN IN ACTIVITATI ECONOMICE": 127, "TEHNICIAN IN ADMINISTRATIE": 27, "TEHNICIAN IN HOTELARIE": 32, "TEHNICIAN IN ACHIZITII SI CONTRACTARI": 17, "ORGANIZATOR BANQUETING": 30, "TEHNICIAN IN GASTRONOMIE": 1}, "limba_moderna": {"LIMBA ENGLEZA": 193, "LIMBA FRANCEZA": 41}, "limba_materna": {"LIMBA ROMANA": 234}, "promotie_anterioara": {"NU": 225, "DA": 9}, "materii": {"LIMBA ROMANA": {"medie": 7.771767241379312, "reusita": 97.86324786324786, "cnt": 234}, "GEOGRAFIE": {"medie": 8.426515151515154, "reusita": 100.0, "cnt": 66}, "GENERAL": {"medie": 7.811280931586613, "reusita": 86.32478632478633, "cnt": 234}, "MATEMATICA TEHN": {"medie": 7.366810344827589, "reusita": 89.31623931623932, "cnt": 234}, "LOGICA, ARGUMENTARE SI COMUNICARE": {"medie": 8.178437500000003, "reusita": 93.82716049382715, "cnt": 162}, "ECONOMIE": {"medie": 6.8999999999999995, "reusita": 100.0, "cnt": 6}}, "nume": "COLEGIUL ECONOMIC \"NICOLAE TITULESCU\" BAIA MARE\tMaramure\u0219"}