{"specializari": {"FILOLOGIE": 60, "INVATATOR - EDUCATOARE": 32, "MATEMATICA-INFORMATICA": 55}, "limba_moderna": {"LIMBA ENGLEZA": 142, "LIMBA SPANIOLA": 3, "LIMBA FRANCEZA": 2}, "limba_materna": {"LIMBA ROMANA": 147}, "promotie_anterioara": {"NU": 146, "DA": 1}, "materii": {"LIMBA ROMANA": {"medie": 8.124829931972785, "reusita": 100.0, "cnt": 147}, "ISTORIE": {"medie": 8.0725, "reusita": 98.33333333333333, "cnt": 60}, "GEOGRAFIE": {"medie": 9.132608695652172, "reusita": 100.0, "cnt": 69}, "GENERAL": {"medie": 8.304535147392288, "reusita": 96.5986394557823, "cnt": 147}, "ANATOMIE SI FIZIOLOGIE UMANA, GENETICA SI ECOLOGIE UMANA": {"medie": 8.080000000000002, "reusita": 100.0, "cnt": 5}, "MATEMATICA MATE-INFO": {"medie": 7.760909090909089, "reusita": 98.18181818181819, "cnt": 55}, "BIOLOGIE VEGETALA SI ANIMALA": {"medie": 8.187499999999998, "reusita": 100.0, "cnt": 20}, "FIZICA TEO": {"medie": 9.0, "reusita": 100.0, "cnt": 9}, "CHIMIE ORGANICA TEO NIVEL I/II": {"medie": 10.0, "reusita": 100.0, "cnt": 1}, "SOCIOLOGIE": {"medie": 7.75, "reusita": 100.0, "cnt": 8}, "PSIHOLOGIE": {"medie": 8.52, "reusita": 100.0, "cnt": 5}, "LOGICA, ARGUMENTARE SI COMUNICARE": {"medie": 8.850000000000001, "reusita": 87.5, "cnt": 8}, "INFORMATICA MI C/C++": {"medie": 8.571052631578949, "reusita": 100.0, "cnt": 19}, "ECONOMIE": {"medie": 7.15, "reusita": 100.0, "cnt": 1}, "CHIMIE ANORGANICA TEO NIVEL I/II": {"medie": 8.1, "reusita": 100.0, "cnt": 1}, "MATEMATICA PED": {"medie": 8.479687499999997, "reusita": 100.0, "cnt": 32}, "FILOSOFIE": {"medie": 6.6, "reusita": 100.0, "cnt": 1}}, "nume": "COLEGIUL NATIONAL \"ELENA CUZA\"\tBucure\u0219ti"}