{"specializari": {"MATEMATICA-INFORMATICA": 52, "FILOLOGIE": 31, "STIINTE SOCIALE": 29, "TEHNICIAN MECANIC PENTRU INTRETINERE SI REPARATII": 10, "TEHNICIAN IN PRELUCRAREA LEMNULUI": 7, "STIINTE ALE NATURII": 34, "TEHNICIAN IN INDUSTRIA TEXTILA": 7, "TEHNICIAN IN ACTIVITATI ECONOMICE": 25, "TEHNICIAN ECOLOG SI PROTECTIA CALITATII MEDIULUI": 29, "TEHNICIAN OPERATOR TEHNICA DE CALCUL": 5}, "limba_moderna": {"LIMBA ENGLEZA": 212, "LIMBA FRANCEZA": 17}, "limba_materna": {"LIMBA ROMANA": 229}, "promotie_anterioara": {"NU": 200, "DA": 29}, "materii": {"LIMBA ROMANA": {"medie": 7.356828193832599, "reusita": 95.63318777292577, "cnt": 229}, "ISTORIE": {"medie": 8.022500000000003, "reusita": 98.33333333333333, "cnt": 60}, "GEOGRAFIE": {"medie": 7.899206349206348, "reusita": 98.4126984126984, "cnt": 63}, "GENERAL": {"medie": 7.382132132132134, "reusita": 75.9825327510917, "cnt": 229}, "MATEMATICA ST-NAT": {"medie": 7.635294117647061, "reusita": 94.11764705882352, "cnt": 34}, "ANATOMIE SI FIZIOLOGIE UMANA, GENETICA SI ECOLOGIE UMANA": {"medie": 7.980921052631575, "reusita": 93.5064935064935, "cnt": 77}, "MATEMATICA MATE-INFO": {"medie": 8.208653846153844, "reusita": 98.07692307692307, "cnt": 52}, "BIOLOGIE VEGETALA SI ANIMALA": {"medie": 4.517857142857142, "reusita": 38.70967741935484, "cnt": 31}, "FIZICA TEO": {"medie": 8.338888888888889, "reusita": 100.0, "cnt": 18}, "MATEMATICA TEHN": {"medie": 5.433333333333334, "reusita": 62.65060240963856, "cnt": 83}, "CHIMIE ORGANICA TEO NIVEL I/II": {"medie": 9.257142857142856, "reusita": 100.0, "cnt": 7}, "SOCIOLOGIE": {"medie": 8.6775, "reusita": 100.0, "cnt": 20}, "PSIHOLOGIE": {"medie": 7.425, "reusita": 100.0, "cnt": 2}, "INFORMATICA MI C/C++": {"medie": 8.925, "reusita": 100.0, "cnt": 4}, "CHIMIE ANORGANICA TEH NIVEL I/II": {"medie": 6.416666666666667, "reusita": 100.0, "cnt": 3}, "FIZICA TEH": {"medie": 4.333333333333333, "reusita": 66.66666666666666, "cnt": 3}, "CHIMIE ORGANICA TEH NIVEL I/II": {"medie": 2.6, "reusita": 0.0, "cnt": 1}}, "nume": "COLEGIUL TEHNIC \"DIMITRIE GHIKA\" COMANESTI\tBac\u0103u"}