{"specializari": {"MATEMATICA-INFORMATICA": 53, "FILOLOGIE": 66, "STIINTE ALE NATURII": 31}, "limba_moderna": {"LIMBA ENGLEZA": 138, "LIMBA FRANCEZA": 12}, "limba_materna": {"LIMBA ROMANA": 150}, "promotie_anterioara": {"NU": 150}, "materii": {"LIMBA ROMANA": {"medie": 8.629333333333328, "reusita": 100.0, "cnt": 150}, "ISTORIE": {"medie": 8.243939393939392, "reusita": 100.0, "cnt": 66}, "GEOGRAFIE": {"medie": 9.235, "reusita": 100.0, "cnt": 40}, "GENERAL": {"medie": 8.731111111111106, "reusita": 99.33333333333333, "cnt": 150}, "MATEMATICA ST-NAT": {"medie": 9.0758064516129, "reusita": 100.0, "cnt": 31}, "ANATOMIE SI FIZIOLOGIE UMANA, GENETICA SI ECOLOGIE UMANA": {"medie": 9.216666666666665, "reusita": 100.0, "cnt": 36}, "MATEMATICA MATE-INFO": {"medie": 8.631132075471696, "reusita": 100.0, "cnt": 53}, "BIOLOGIE VEGETALA SI ANIMALA": {"medie": 8.4, "reusita": 100.0, "cnt": 1}, "FIZICA TEO": {"medie": 9.0, "reusita": 100.0, "cnt": 14}, "CHIMIE ORGANICA TEO NIVEL I/II": {"medie": 9.02, "reusita": 100.0, "cnt": 15}, "SOCIOLOGIE": {"medie": 6.95, "reusita": 100.0, "cnt": 2}, "PSIHOLOGIE": {"medie": 8.549999999999999, "reusita": 100.0, "cnt": 3}, "LOGICA, ARGUMENTARE SI COMUNICARE": {"medie": 8.646875, "reusita": 100.0, "cnt": 16}, "INFORMATICA MI C/C++": {"medie": 9.5, "reusita": 100.0, "cnt": 1}, "ECONOMIE": {"medie": 8.325, "reusita": 100.0, "cnt": 4}, "FILOSOFIE": {"medie": 9.6, "reusita": 100.0, "cnt": 1}, "INFORMATICA MI PASCAL": {"medie": 8.852941176470587, "reusita": 100.0, "cnt": 17}}, "nume": "COLEGIUL NATIONAL \"MIHAI EMINESCU\" PETROSANI\tHunedoara"}