{"specializari": {"TEHNICIAN ELECTROTEHNIST": 5, "TEHNICIAN TRANSPORTURI": 15, "TEHNICIAN DE TELECOMUNICATII": 1, "TEHNICIAN MECATRONIST": 14, "TEHNICIAN IN INSTALATII ELECTRICE": 12, "TEHNICIAN INSTALATOR PENTRU CONSTRUCTII": 1, "TEHNICIAN ELECTROMECANIC": 1, "TEHNICIAN MECANIC PENTRU INTRETINERE SI REPARATII": 1, "TEHNICIAN OPERATOR TEHNICA DE CALCUL": 2}, "limba_moderna": {"LIMBA ENGLEZA": 51, "LIMBA FRANCEZA": 1}, "limba_materna": {"LIMBA ROMANA": 52}, "promotie_anterioara": {"NU": 39, "DA": 13}, "materii": {"LIMBA ROMANA": {"medie": 4.284090909090907, "reusita": 25.0, "cnt": 52}, "GENERAL": {"medie": 3.5488888888888885, "reusita": 1.9230769230769231, "cnt": 52}, "BIOLOGIE VEGETALA SI ANIMALA": {"medie": 3.606666666666667, "reusita": 11.627906976744185, "cnt": 43}, "MATEMATICA TEHN": {"medie": 2.5388888888888888, "reusita": 9.615384615384617, "cnt": 52}, "CHIMIE ANORGANICA TEH NIVEL I/II": {"medie": "-", "reusita": 0.0, "cnt": 2}, "FIZICA TEH": {"medie": 3.1333333333333333, "reusita": 14.285714285714285, "cnt": 7}}, "nume": "COLEGIUL TEHNIC \"VICEAMIRAL IOAN BALANESCU\" GIURGIU\tGiurgiu"}