{"specializari": {"TEHNICIAN IN ACTIVITATI ECONOMICE": 133, "TEHNICIAN IN TURISM": 28, "TEHNICIAN IN ACTIVITATI DE COMERT": 33, "ORGANIZATOR BANQUETING": 36, "TEHNICIAN IN GASTRONOMIE": 2, "TEHNICIAN IN HOTELARIE": 2}, "limba_moderna": {"LIMBA ENGLEZA": 213, "LIMBA FRANCEZA": 21}, "limba_materna": {"LIMBA ROMANA": 234}, "promotie_anterioara": {"NU": 209, "DA": 25}, "materii": {"LIMBA ROMANA": {"medie": 7.239055793991412, "reusita": 98.29059829059828, "cnt": 234}, "GEOGRAFIE": {"medie": 8.053695652173918, "reusita": 96.15384615384616, "cnt": 234}, "GENERAL": {"medie": 7.443013100436676, "reusita": 82.90598290598291, "cnt": 234}, "MATEMATICA TEHN": {"medie": 6.955217391304351, "reusita": 89.31623931623932, "cnt": 234}}, "nume": "COLEGIUL ECONOMIC \"VIRGIL MADGEARU\" TG-JIU\tGorj"}