{"specializari": {"TEHNICIAN PROIECTANT CAD": 14, "TEHNICIAN MECATRONIST": 15, "MATEMATICA-INFORMATICA": 15, "TEHNICIAN TRANSPORTURI": 9, "TEHNICIAN IN AUTOMATIZARI": 18, "STIINTE ALE NATURII": 1, "TEHNICIAN MECANIC PENTRU INTRETINERE SI REPARATII": 8, "TEHNICIAN ELECTROTEHNIST": 3}, "limba_moderna": {"LIMBA ENGLEZA": 82, "LIMBA FRANCEZA": 1}, "limba_materna": {"LIMBA ROMANA": 83}, "promotie_anterioara": {"DA": 63, "NU": 20}, "materii": {"LIMBA ROMANA": {"medie": 5.328124999999998, "reusita": 72.28915662650603, "cnt": 83}, "GENERAL": {"medie": 4.948222222222222, "reusita": 21.686746987951807, "cnt": 83}, "MATEMATICA ST-NAT": {"medie": 6.85, "reusita": 100.0, "cnt": 1}, "ANATOMIE SI FIZIOLOGIE UMANA, GENETICA SI ECOLOGIE UMANA": {"medie": 5.176923076923076, "reusita": 69.23076923076923, "cnt": 13}, "MATEMATICA MATE-INFO": {"medie": 4.460714285714285, "reusita": 46.666666666666664, "cnt": 15}, "BIOLOGIE VEGETALA SI ANIMALA": {"medie": 4.598214285714286, "reusita": 50.847457627118644, "cnt": 59}, "MATEMATICA TEHN": {"medie": 4.857377049180327, "reusita": 58.2089552238806, "cnt": 67}, "INFORMATICA MI C/C++": {"medie": 5.0, "reusita": 100.0, "cnt": 1}, "CHIMIE ANORGANICA TEH NIVEL I/II": {"medie": 4.425000000000001, "reusita": 50.0, "cnt": 4}, "FIZICA TEH": {"medie": 4.633333333333334, "reusita": 40.0, "cnt": 5}, "CHIMIE ORGANICA TEH NIVEL I/II": {"medie": 2.8, "reusita": 0.0, "cnt": 1}}, "nume": "COLEGIUL TEHNIC \"DIMITRIE LEONIDA\"\tBucure\u0219ti"}