{"specializari": {"STIINTE SOCIALE": 47, "MATEMATICA-INFORMATICA": 33, "TEOLOGIE ROMANO-CATOLICA": 14}, "limba_moderna": {"LIMBA ENGLEZA": 84, "LIMBA FRANCEZA": 10}, "limba_materna": {"LIMBA ROMANA": 94}, "promotie_anterioara": {"NU": 92, "DA": 2}, "materii": {"LIMBA ROMANA": {"medie": 7.623936170212764, "reusita": 98.93617021276596, "cnt": 94}, "ISTORIE": {"medie": 7.781967213114756, "reusita": 100.0, "cnt": 61}, "GEOGRAFIE": {"medie": 8.455263157894736, "reusita": 100.0, "cnt": 19}, "GENERAL": {"medie": 7.913652482269503, "reusita": 94.68085106382979, "cnt": 94}, "ANATOMIE SI FIZIOLOGIE UMANA, GENETICA SI ECOLOGIE UMANA": {"medie": 9.9, "reusita": 100.0, "cnt": 1}, "MATEMATICA MATE-INFO": {"medie": 7.145454545454545, "reusita": 90.9090909090909, "cnt": 33}, "BIOLOGIE VEGETALA SI ANIMALA": {"medie": 8.150000000000002, "reusita": 100.0, "cnt": 16}, "LOGICA, ARGUMENTARE SI COMUNICARE": {"medie": 9.004761904761901, "reusita": 100.0, "cnt": 42}, "INFORMATICA MI C/C++": {"medie": 7.950000000000001, "reusita": 100.0, "cnt": 15}, "CHIMIE ANORGANICA TEO NIVEL I/II": {"medie": 6.1, "reusita": 100.0, "cnt": 1}}, "nume": "COLEGIUL NATIONAL CATOLIC \"SF.IOSIF\" BACAU\tBac\u0103u"}