{"specializari": {"TEHNICIAN IN AUTOMATIZARI": 29, "TEHNICIAN ELECTRONIST": 13, "TEHNICIAN IN ACTIVITATI ECONOMICE": 27, "MATEMATICA-INFORMATICA": 26, "TEHNICIAN ECOLOG SI PROTECTIA CALITATII MEDIULUI": 3, "TEHNICIAN IN TURISM": 27, "TEHNICIAN MECANIC PENTRU INTRETINERE SI REPARATII": 2, "TEHNICIAN IN ACTIVITATI DE COMERT": 1}, "limba_moderna": {"LIMBA ENGLEZA": 126, "LIMBA GERMANA MODERNA": 2}, "limba_materna": {"LIMBA ROMANA": 127, "LIMBA MAGHIARA": 1}, "promotie_anterioara": {"NU": 115, "DA": 13}, "materii": {"LIMBA ROMANA": {"medie": 7.509126984126984, "reusita": 98.4375, "cnt": 128}, "GEOGRAFIE": {"medie": 9.064150943396227, "reusita": 100.0, "cnt": 53}, "GENERAL": {"medie": 8.0164, "reusita": 88.28125, "cnt": 128}, "ANATOMIE SI FIZIOLOGIE UMANA, GENETICA SI ECOLOGIE UMANA": {"medie": 6.800000000000001, "reusita": 100.0, "cnt": 2}, "MATEMATICA MATE-INFO": {"medie": 9.317307692307693, "reusita": 100.0, "cnt": 26}, "BIOLOGIE VEGETALA SI ANIMALA": {"medie": 6.209999999999998, "reusita": 90.32258064516128, "cnt": 31}, "FIZICA TEO": {"medie": 7.975, "reusita": 100.0, "cnt": 2}, "MATEMATICA TEHN": {"medie": 8.09343434343434, "reusita": 95.09803921568627, "cnt": 102}, "CHIMIE ORGANICA TEO NIVEL I/II": {"medie": 9.1, "reusita": 100.0, "cnt": 1}, "LIMBA MAGHIARA (REAL)": {"medie": 6.2, "reusita": 100.0, "cnt": 1}, "INFORMATICA MI C/C++": {"medie": 9.167391304347827, "reusita": 100.0, "cnt": 23}, "ECONOMIE": {"medie": 7.2, "reusita": 100.0, "cnt": 2}, "FIZICA TEH": {"medie": 7.565384615384615, "reusita": 92.85714285714286, "cnt": 14}}, "nume": "COLEGIUL \"SCOALA NATIONALA DE GAZ\" MEDIAS\tSibiu"}