{"specializari": {"TEHNICIAN IN INDUSTRIA ALIMENTARA": 7, "TEHNICIAN IN ACTIVITATI ECONOMICE": 8, "TEHNICIAN ECOLOG SI PROTECTIA CALITATII MEDIULUI": 14, "TEHNICIAN MECANIC PENTRU INTRETINERE SI REPARATII": 3, "TEHNICIAN ELECTROTEHNIST": 2, "TEHNICIAN IN CONSTRUCTII SI LUCRARI PUBLICE": 1, "TEHNICIAN IN INSTALATII ELECTRICE": 4, "TEHNICIAN OPERATOR TEHNICA DE CALCUL": 1, "TEHNICIAN IN GASTRONOMIE": 1, "TEHNICIAN IN PRELUCRAREA LEMNULUI": 1}, "limba_moderna": {"LIMBA ENGLEZA": 37, "LIMBA FRANCEZA": 3, "LIMBA GERMANA MODERNA": 2}, "limba_materna": {"LIMBA ROMANA": 42}, "promotie_anterioara": {"NU": 20, "DA": 22}, "materii": {"LIMBA ROMANA": {"medie": 5.845121951219512, "reusita": 80.95238095238095, "cnt": 42}, "GEOGRAFIE": {"medie": 6.225, "reusita": 66.66666666666666, "cnt": 3}, "GENERAL": {"medie": 5.578947368421053, "reusita": 26.190476190476193, "cnt": 42}, "ANATOMIE SI FIZIOLOGIE UMANA, GENETICA SI ECOLOGIE UMANA": {"medie": 5.033333333333334, "reusita": 40.0, "cnt": 5}, "BIOLOGIE VEGETALA SI ANIMALA": {"medie": 5.025, "reusita": 60.0, "cnt": 10}, "MATEMATICA TEHN": {"medie": 5.20375, "reusita": 69.04761904761905, "cnt": 42}, "LOGICA, ARGUMENTARE SI COMUNICARE": {"medie": 6.916666666666667, "reusita": 83.33333333333334, "cnt": 6}, "CHIMIE ANORGANICA TEH NIVEL I/II": {"medie": 5.909999999999999, "reusita": 81.25, "cnt": 16}, "CHIMIE ORGANICA TEH NIVEL I/II": {"medie": 4.15, "reusita": 0.0, "cnt": 2}}, "nume": "COLEGIUL TEHNIC \"SIMION MEHEDINTI\" CODLEA\tBra\u0219ov"}