{"specializari": {"TEHNICIAN ELECTRICIAN/ELECTRONIST AUTO": 14, "TEHNICIAN MECATRONIST": 2, "TEHNICIAN MECANIC PENTRU INTRETINERE SI REPARATII": 1, "TEHNICIAN TRANSPORTURI": 1, "TEHNICIAN IN AUTOMATIZARI": 19, "TEHNICIAN PROIECTANT CAD": 4, "TEHNICIAN OPERATOR TEHNICA DE CALCUL": 1, "TEHNICIAN PRELUCRARI PE MASINI CU COMANDA NUMERICA": 4, "MATEMATICA-INFORMATICA": 1}, "limba_moderna": {"LIMBA ENGLEZA": 40, "LIMBA FRANCEZA": 7}, "limba_materna": {"LIMBA ROMANA": 47}, "promotie_anterioara": {"DA": 22, "NU": 25}, "materii": {"LIMBA ROMANA": {"medie": 5.900000000000001, "reusita": 80.85106382978722, "cnt": 47}, "GENERAL": {"medie": 5.889316239316239, "reusita": 31.914893617021278, "cnt": 47}, "ANATOMIE SI FIZIOLOGIE UMANA, GENETICA SI ECOLOGIE UMANA": {"medie": 7.55, "reusita": 100.0, "cnt": 1}, "MATEMATICA MATE-INFO": {"medie": 5.1, "reusita": 100.0, "cnt": 1}, "BIOLOGIE VEGETALA SI ANIMALA": {"medie": 5.441666666666667, "reusita": 57.14285714285714, "cnt": 21}, "MATEMATICA TEHN": {"medie": 5.916279069767442, "reusita": 69.56521739130434, "cnt": 46}, "CHIMIE ANORGANICA TEH NIVEL I/II": {"medie": 6.708333333333333, "reusita": 83.33333333333334, "cnt": 6}, "FIZICA TEH": {"medie": 6.169999999999998, "reusita": 64.70588235294117, "cnt": 17}, "CHIMIE ORGANICA TEH NIVEL I/II": {"medie": 5.6, "reusita": 50.0, "cnt": 2}}, "nume": "COLEGIUL TEHNIC \"MIHAIL STURDZA\", IASI\tIa\u0219i"}