{"specializari": {"TEHNICIAN IN ACTIVITATI ECONOMICE": 13, "TEHNICIAN IN INSTALATII ELECTRICE": 12, "TEHNICIAN DE TELECOMUNICATII": 5, "TEHNICIAN IN TURISM": 12, "TEHNICIAN OPERATOR TEHNICA DE CALCUL": 2, "TEHNICIAN IN HOTELARIE": 17, "TEHNICIAN ELECTRONIST": 9, "TEHNICIAN ELECTROTEHNIST": 2, "TEHNICIAN TRANSPORTURI": 9, "MATEMATICA-INFORMATICA": 4, "TEHNICIAN MECATRONIST": 7}, "limba_moderna": {"LIMBA ENGLEZA": 84, "LIMBA FRANCEZA": 8}, "limba_materna": {"LIMBA ROMANA": 89, "LIMBA MAGHIARA": 3}, "promotie_anterioara": {"NU": 43, "DA": 49}, "materii": {"LIMBA ROMANA": {"medie": 5.261666666666667, "reusita": 76.08695652173914, "cnt": 92}, "GEOGRAFIE": {"medie": 6.66125, "reusita": 85.71428571428571, "cnt": 42}, "GENERAL": {"medie": 5.306101190476191, "reusita": 23.91304347826087, "cnt": 92}, "MATEMATICA MATE-INFO": {"medie": 2.4, "reusita": 25.0, "cnt": 4}, "BIOLOGIE VEGETALA SI ANIMALA": {"medie": 4.197058823529412, "reusita": 38.88888888888889, "cnt": 36}, "MATEMATICA TEHN": {"medie": 5.252976190476191, "reusita": 72.72727272727273, "cnt": 88}, "LIMBA MAGHIARA (REAL)": {"medie": 6.066666666666666, "reusita": 66.66666666666666, "cnt": 3}, "INFORMATICA MI C/C++": {"medie": 1.9, "reusita": 0.0, "cnt": 2}, "FIZICA TEH": {"medie": 4.36, "reusita": 60.0, "cnt": 5}, "CHIMIE ANORGANICA TEO NIVEL I/II": {"medie": 6.6, "reusita": 100.0, "cnt": 1}, "CHIMIE ORGANICA TEH NIVEL I/II": {"medie": 6.539999999999999, "reusita": 66.66666666666666, "cnt": 6}}, "nume": "COLEGIUL TEHNIC \"TRAIAN VUIA\" ORADEA\tBihor"}