{"specializari": {"MATEMATICA-INFORMATICA": 15, "TEHNICIAN IN TURISM": 16, "STIINTE ALE NATURII": 3, "TEHNICIAN IN ACTIVITATI DE COMERT": 10, "ORGANIZATOR BANQUETING": 1, "FILOLOGIE": 1, "TEHNICIAN IN GASTRONOMIE": 2}, "limba_moderna": {"LIMBA ENGLEZA": 43, "LIMBA FRANCEZA": 5}, "limba_materna": {"LIMBA ROMANA": 48}, "promotie_anterioara": {"NU": 38, "DA": 10}, "materii": {"LIMBA ROMANA": {"medie": 6.732291666666666, "reusita": 91.66666666666666, "cnt": 48}, "ISTORIE": {"medie": 6.2, "reusita": 100.0, "cnt": 1}, "GEOGRAFIE": {"medie": 6.0388888888888905, "reusita": 78.57142857142857, "cnt": 28}, "GENERAL": {"medie": 6.420289855072462, "reusita": 54.166666666666664, "cnt": 48}, "MATEMATICA ST-NAT": {"medie": 2.0, "reusita": 0.0, "cnt": 3}, "ANATOMIE SI FIZIOLOGIE UMANA, GENETICA SI ECOLOGIE UMANA": {"medie": 8.33125, "reusita": 87.5, "cnt": 8}, "MATEMATICA MATE-INFO": {"medie": 8.033333333333335, "reusita": 93.33333333333333, "cnt": 15}, "BIOLOGIE VEGETALA SI ANIMALA": {"medie": 6.2, "reusita": 100.0, "cnt": 3}, "FIZICA TEO": {"medie": 7.725, "reusita": 100.0, "cnt": 2}, "MATEMATICA TEHN": {"medie": 4.520689655172413, "reusita": 51.724137931034484, "cnt": 29}, "CHIMIE ORGANICA TEO NIVEL I/II": {"medie": 9.35, "reusita": 100.0, "cnt": 1}, "LOGICA, ARGUMENTARE SI COMUNICARE": {"medie": 8.175, "reusita": 100.0, "cnt": 2}, "INFORMATICA MI PASCAL": {"medie": 8.787500000000001, "reusita": 100.0, "cnt": 4}}, "nume": "COLEGIUL \"ION KALINDERU\", ORASUL BUSTENI\tPrahova"}