{"specializari": {"MUZICA": 29, "ARTE PLASTICE SI DECORATIVE": 30, "ARHITECTURA, ARTE AMBIENTALE SI DESIGN": 19}, "limba_moderna": {"LIMBA ENGLEZA": 78}, "limba_materna": {"LIMBA ROMANA": 78}, "promotie_anterioara": {"NU": 75, "DA": 3}, "materii": {"LIMBA ROMANA": {"medie": 7.421153846153845, "reusita": 97.43589743589743, "cnt": 78}, "ISTORIE": {"medie": 7.6974358974358985, "reusita": 97.43589743589743, "cnt": 78}, "GEOGRAFIE": {"medie": 8.188333333333333, "reusita": 98.33333333333333, "cnt": 60}, "GENERAL": {"medie": 7.7927350427350435, "reusita": 89.74358974358975, "cnt": 78}, "PSIHOLOGIE": {"medie": 8.25, "reusita": 100.0, "cnt": 1}, "LOGICA, ARGUMENTARE SI COMUNICARE": {"medie": 8.511764705882353, "reusita": 100.0, "cnt": 17}}, "nume": "COLEGIUL NATIONAL DE ARTA \"GEORGE APOSTU\" BACAU\tBac\u0103u"}