{"specializari": {"MATEMATICA-INFORMATICA": 171, "FILOLOGIE": 30}, "limba_moderna": {"LIMBA ENGLEZA": 194, "LIMBA GERMANA MODERNA": 2, "LIMBA FRANCEZA": 5}, "limba_materna": {"LIMBA ROMANA": 201}, "promotie_anterioara": {"NU": 200, "DA": 1}, "materii": {"LIMBA ROMANA": {"medie": 8.8965, "reusita": 99.50248756218906, "cnt": 201}, "ISTORIE": {"medie": 9.153333333333332, "reusita": 100.0, "cnt": 30}, "GEOGRAFIE": {"medie": 9.575000000000001, "reusita": 100.0, "cnt": 6}, "GENERAL": {"medie": 9.003916666666669, "reusita": 99.00497512437812, "cnt": 201}, "ANATOMIE SI FIZIOLOGIE UMANA, GENETICA SI ECOLOGIE UMANA": {"medie": 9.234375, "reusita": 96.96969696969697, "cnt": 33}, "MATEMATICA MATE-INFO": {"medie": 8.960882352941171, "reusita": 98.83040935672514, "cnt": 171}, "BIOLOGIE VEGETALA SI ANIMALA": {"medie": 9.8, "reusita": 100.0, "cnt": 1}, "FIZICA TEO": {"medie": 8.848305084745762, "reusita": 100.0, "cnt": 59}, "CHIMIE ORGANICA TEO NIVEL I/II": {"medie": 9.350000000000001, "reusita": 100.0, "cnt": 24}, "SOCIOLOGIE": {"medie": 9.45, "reusita": 100.0, "cnt": 1}, "LOGICA, ARGUMENTARE SI COMUNICARE": {"medie": 9.254545454545456, "reusita": 100.0, "cnt": 22}, "INFORMATICA MI C/C++": {"medie": 9.178, "reusita": 100.0, "cnt": 50}, "ECONOMIE": {"medie": 8.45, "reusita": 100.0, "cnt": 1}, "CHIMIE ANORGANICA TEO NIVEL I/II": {"medie": 8.875, "reusita": 100.0, "cnt": 4}}, "nume": "COLEGIUL NATIONAL \"GHEORGHE VRANCEANU\" BACAU\tBac\u0103u"}