{"specializari": {"FILOLOGIE": 72, "STIINTE ALE NATURII": 33, "MATEMATICA-INFORMATICA": 89, "STIINTE SOCIALE": 1}, "limba_moderna": {"LIMBA ITALIANA": 23, "LIMBA ENGLEZA": 163, "LIMBA FRANCEZA": 9}, "limba_materna": {"LIMBA ROMANA": 195}, "promotie_anterioara": {"NU": 188, "DA": 7}, "materii": {"LIMBA ROMANA": {"medie": 7.492010309278355, "reusita": 98.46153846153847, "cnt": 195}, "ISTORIE": {"medie": 7.315753424657535, "reusita": 98.63013698630137, "cnt": 73}, "GEOGRAFIE": {"medie": 8.810526315789472, "reusita": 100.0, "cnt": 19}, "GENERAL": {"medie": 7.637199312714778, "reusita": 87.6923076923077, "cnt": 195}, "MATEMATICA ST-NAT": {"medie": 7.634848484848484, "reusita": 93.93939393939394, "cnt": 33}, "ANATOMIE SI FIZIOLOGIE UMANA, GENETICA SI ECOLOGIE UMANA": {"medie": 8.09021739130435, "reusita": 95.65217391304348, "cnt": 46}, "MATEMATICA MATE-INFO": {"medie": 7.252247191011237, "reusita": 92.13483146067416, "cnt": 89}, "BIOLOGIE VEGETALA SI ANIMALA": {"medie": 6.583333333333333, "reusita": 100.0, "cnt": 3}, "FIZICA TEO": {"medie": 8.046428571428573, "reusita": 92.85714285714286, "cnt": 14}, "CHIMIE ORGANICA TEO NIVEL I/II": {"medie": 8.682500000000001, "reusita": 100.0, "cnt": 20}, "SOCIOLOGIE": {"medie": 7.973529411764707, "reusita": 100.0, "cnt": 17}, "INFORMATICA SN C/C++": {"medie": 5.175, "reusita": 100.0, "cnt": 2}, "PSIHOLOGIE": {"medie": 7.683333333333333, "reusita": 100.0, "cnt": 3}, "LOGICA, ARGUMENTARE SI COMUNICARE": {"medie": 8.7015625, "reusita": 93.75, "cnt": 32}, "INFORMATICA MI C/C++": {"medie": 7.116666666666668, "reusita": 97.22222222222221, "cnt": 36}, "ECONOMIE": {"medie": 6.8, "reusita": 100.0, "cnt": 1}, "CHIMIE ANORGANICA TEO NIVEL I/II": {"medie": 5.45, "reusita": 100.0, "cnt": 1}, "FILOSOFIE": {"medie": 9.5, "reusita": 100.0, "cnt": 1}}, "nume": "COLEGIUL NATIONAL \"ION NECULCE\"\tBucure\u0219ti"}