{"specializari": {"STIINTE ALE NATURII": 93, "MATEMATICA-INFORMATICA": 28}, "limba_moderna": {"LIMBA ENGLEZA": 118, "LIMBA FRANCEZA": 3}, "limba_materna": {"LIMBA ROMANA": 121}, "promotie_anterioara": {"NU": 114, "DA": 7}, "materii": {"LIMBA ROMANA": {"medie": 7.138016528925621, "reusita": 98.34710743801654, "cnt": 121}, "GENERAL": {"medie": 7.607713498622594, "reusita": 86.77685950413223, "cnt": 121}, "MATEMATICA ST-NAT": {"medie": 7.456989247311831, "reusita": 93.54838709677419, "cnt": 93}, "ANATOMIE SI FIZIOLOGIE UMANA, GENETICA SI ECOLOGIE UMANA": {"medie": 8.10242718446602, "reusita": 100.0, "cnt": 103}, "MATEMATICA MATE-INFO": {"medie": 7.916071428571429, "reusita": 96.42857142857143, "cnt": 28}, "BIOLOGIE VEGETALA SI ANIMALA": {"medie": 9.030000000000001, "reusita": 100.0, "cnt": 5}, "CHIMIE ORGANICA TEO NIVEL I/II": {"medie": 7.4, "reusita": 100.0, "cnt": 1}, "INFORMATICA MI C/C++": {"medie": 7.970833333333332, "reusita": 91.66666666666666, "cnt": 12}}, "nume": "COLEGIUL NATIONAL \"ANA ASLAN\" TIMISOARA\tTimi\u0219"}