{"specializari": {"FILOLOGIE": 34, "STIINTE SOCIALE": 64, "STIINTE ALE NATURII": 34, "MATEMATICA-INFORMATICA": 88}, "limba_moderna": {"LIMBA ENGLEZA": 190, "LIMBA FRANCEZA": 30}, "limba_materna": {"LIMBA ROMANA": 220}, "promotie_anterioara": {"NU": 215, "DA": 5}, "materii": {"LIMBA ROMANA": {"medie": 8.172727272727274, "reusita": 99.54545454545455, "cnt": 220}, "ISTORIE": {"medie": 8.383505154639174, "reusita": 98.9795918367347, "cnt": 98}, "GEOGRAFIE": {"medie": 9.549999999999999, "reusita": 100.0, "cnt": 3}, "GENERAL": {"medie": 8.448630136986306, "reusita": 95.45454545454545, "cnt": 220}, "MATEMATICA ST-NAT": {"medie": 8.299999999999997, "reusita": 97.05882352941177, "cnt": 34}, "ANATOMIE SI FIZIOLOGIE UMANA, GENETICA SI ECOLOGIE UMANA": {"medie": 8.863333333333333, "reusita": 100.0, "cnt": 15}, "MATEMATICA MATE-INFO": {"medie": 8.571022727272727, "reusita": 100.0, "cnt": 88}, "BIOLOGIE VEGETALA SI ANIMALA": {"medie": 7.703333333333333, "reusita": 100.0, "cnt": 15}, "FIZICA TEO": {"medie": 8.259677419354839, "reusita": 96.7741935483871, "cnt": 31}, "CHIMIE ORGANICA TEO NIVEL I/II": {"medie": 8.945454545454545, "reusita": 100.0, "cnt": 11}, "SOCIOLOGIE": {"medie": 5.5, "reusita": 100.0, "cnt": 1}, "PSIHOLOGIE": {"medie": 9.4, "reusita": 100.0, "cnt": 1}, "LOGICA, ARGUMENTARE SI COMUNICARE": {"medie": 9.175555555555558, "reusita": 98.9010989010989, "cnt": 91}, "INFORMATICA MI C/C++": {"medie": 8.529629629629628, "reusita": 96.29629629629629, "cnt": 27}, "ECONOMIE": {"medie": 7.35, "reusita": 100.0, "cnt": 2}, "CHIMIE ANORGANICA TEO NIVEL I/II": {"medie": 8.118181818181817, "reusita": 95.45454545454545, "cnt": 22}, "INFORMATICA SN PASCAL": {"medie": 10.0, "reusita": 100.0, "cnt": 1}}, "nume": "COLEGIUL NATIONAL \"NICHITA STANESCU\", MUNICIPIUL PLOIESTI\tPrahova"}