{"specializari": {"MATEMATICA-INFORMATICA": 97, "FILOLOGIE": 66, "STIINTE ALE NATURII": 36, "STIINTE SOCIALE": 30}, "limba_moderna": {"LIMBA ENGLEZA": 210, "LIMBA SPANIOLA": 5, "LIMBA FRANCEZA": 14}, "limba_materna": {"LIMBA ROMANA": 229}, "promotie_anterioara": {"NU": 219, "DA": 10}, "materii": {"LIMBA ROMANA": {"medie": 8.148253275109175, "reusita": 98.68995633187772, "cnt": 229}, "ISTORIE": {"medie": 7.613020833333336, "reusita": 98.95833333333334, "cnt": 96}, "GEOGRAFIE": {"medie": 8.844155844155845, "reusita": 98.7012987012987, "cnt": 77}, "GENERAL": {"medie": 8.189956331877728, "reusita": 93.88646288209607, "cnt": 229}, "MATEMATICA ST-NAT": {"medie": 7.330555555555558, "reusita": 94.44444444444444, "cnt": 36}, "ANATOMIE SI FIZIOLOGIE UMANA, GENETICA SI ECOLOGIE UMANA": {"medie": 8.379347826086954, "reusita": 95.65217391304348, "cnt": 92}, "MATEMATICA MATE-INFO": {"medie": 8.195876288659791, "reusita": 97.9381443298969, "cnt": 97}, "BIOLOGIE VEGETALA SI ANIMALA": {"medie": 9.3, "reusita": 100.0, "cnt": 1}, "FIZICA TEO": {"medie": 9.223809523809521, "reusita": 100.0, "cnt": 21}, "CHIMIE ORGANICA TEO NIVEL I/II": {"medie": 8.22, "reusita": 100.0, "cnt": 5}, "SOCIOLOGIE": {"medie": 4.0, "reusita": 50.0, "cnt": 2}, "PSIHOLOGIE": {"medie": 9.25, "reusita": 100.0, "cnt": 2}, "LOGICA, ARGUMENTARE SI COMUNICARE": {"medie": 8.79, "reusita": 100.0, "cnt": 10}, "INFORMATICA MI C/C++": {"medie": 8.65, "reusita": 100.0, "cnt": 14}, "ECONOMIE": {"medie": 7.859999999999999, "reusita": 100.0, "cnt": 5}}, "nume": "COLEGIUL NATIONAL \"GHEORGHE TITEICA\"\tMehedin\u021bi"}