{"specializari": {"TEHNICIAN IN ACTIVITATI ECONOMICE": 151, "TEHNICIAN IN HOTELARIE": 24, "ORGANIZATOR BANQUETING": 28, "TEHNICIAN IN ACHIZITII SI CONTRACTARI": 30, "TEHNICIAN IN ACTIVITATI DE COMERT": 25, "TEHNICIAN IN ADMINISTRATIE": 22, "TEHNICIAN IN GASTRONOMIE": 3, "MATEMATICA-INFORMATICA": 1}, "limba_moderna": {"LIMBA FRANCEZA": 29, "LIMBA ENGLEZA": 255}, "limba_materna": {"LIMBA ROMANA": 284}, "promotie_anterioara": {"NU": 270, "DA": 14}, "materii": {"LIMBA ROMANA": {"medie": 6.891155234657043, "reusita": 94.01408450704226, "cnt": 284}, "GEOGRAFIE": {"medie": 8.124999999999996, "reusita": 94.5054945054945, "cnt": 273}, "GENERAL": {"medie": 7.485968137254901, "reusita": 80.28169014084507, "cnt": 284}, "ANATOMIE SI FIZIOLOGIE UMANA, GENETICA SI ECOLOGIE UMANA": {"medie": 6.15, "reusita": 100.0, "cnt": 1}, "MATEMATICA MATE-INFO": {"medie": "-", "reusita": 0.0, "cnt": 1}, "MATEMATICA TEHN": {"medie": 7.353454545454545, "reusita": 86.92579505300353, "cnt": 283}, "LOGICA, ARGUMENTARE SI COMUNICARE": {"medie": 8.064285714285715, "reusita": 87.5, "cnt": 8}, "ECONOMIE": {"medie": 7.35, "reusita": 100.0, "cnt": 2}}, "nume": "COLEGIUL ECONOMIC \"ION GHICA\" TARGOVISTE\tD\u00e2mbovi\u021ba"}