{"specializari": {"MATEMATICA-INFORMATICA": 15, "TEOLOGIE ROMANO-CATOLICA": 21}, "limba_moderna": {"LIMBA ENGLEZA": 36}, "limba_materna": {"LIMBA ROMANA": 36}, "promotie_anterioara": {"NU": 35, "DA": 1}, "materii": {"LIMBA ROMANA": {"medie": 8.069444444444445, "reusita": 100.0, "cnt": 36}, "ISTORIE": {"medie": 8.197619047619046, "reusita": 100.0, "cnt": 21}, "GEOGRAFIE": {"medie": 7.897499999999999, "reusita": 100.0, "cnt": 20}, "GENERAL": {"medie": 7.91574074074074, "reusita": 88.88888888888889, "cnt": 36}, "MATEMATICA MATE-INFO": {"medie": 7.9433333333333325, "reusita": 100.0, "cnt": 15}, "FIZICA TEO": {"medie": 6.890000000000001, "reusita": 80.0, "cnt": 5}, "CHIMIE ORGANICA TEO NIVEL I/II": {"medie": 9.625, "reusita": 100.0, "cnt": 2}, "PSIHOLOGIE": {"medie": 8.7, "reusita": 100.0, "cnt": 1}, "INFORMATICA MI C/C++": {"medie": 5.2, "reusita": 60.0, "cnt": 5}, "CHIMIE ANORGANICA TEO NIVEL I/II": {"medie": 8.916666666666666, "reusita": 100.0, "cnt": 3}}, "nume": "COLEGIUL ROMANO-CATOLIC \"SFANTUL IOSIF\"\tBucure\u0219ti"}