{"specializari": {"MATEMATICA-INFORMATICA": 46, "FILOLOGIE": 91, "STIINTE ALE NATURII": 58, "STIINTE SOCIALE": 30}, "limba_moderna": {"LIMBA ENGLEZA": 167, "LIMBA FRANCEZA": 56, "LIMBA ITALIANA": 2}, "limba_materna": {"LIMBA ROMANA": 225}, "promotie_anterioara": {"NU": 223, "DA": 2}, "materii": {"LIMBA ROMANA": {"medie": 8.72142857142857, "reusita": 99.55555555555556, "cnt": 225}, "ISTORIE": {"medie": 8.012396694214877, "reusita": 100.0, "cnt": 121}, "GEOGRAFIE": {"medie": 8.95933333333333, "reusita": 100.0, "cnt": 75}, "GENERAL": {"medie": 8.4999255952381, "reusita": 98.22222222222223, "cnt": 225}, "MATEMATICA ST-NAT": {"medie": 7.40877192982456, "reusita": 98.27586206896551, "cnt": 58}, "ANATOMIE SI FIZIOLOGIE UMANA, GENETICA SI ECOLOGIE UMANA": {"medie": 8.714615384615383, "reusita": 98.46153846153847, "cnt": 65}, "MATEMATICA MATE-INFO": {"medie": 8.359782608695653, "reusita": 100.0, "cnt": 46}, "BIOLOGIE VEGETALA SI ANIMALA": {"medie": 9.11, "reusita": 100.0, "cnt": 5}, "FIZICA TEO": {"medie": 8.775, "reusita": 100.0, "cnt": 4}, "CHIMIE ORGANICA TEO NIVEL I/II": {"medie": 7.519999999999999, "reusita": 100.0, "cnt": 5}, "SOCIOLOGIE": {"medie": 8.601785714285716, "reusita": 100.0, "cnt": 28}, "INFORMATICA SN C/C++": {"medie": 8.3, "reusita": 100.0, "cnt": 1}, "PSIHOLOGIE": {"medie": 9.6, "reusita": 100.0, "cnt": 1}, "LOGICA, ARGUMENTARE SI COMUNICARE": {"medie": 9.85625, "reusita": 100.0, "cnt": 8}, "INFORMATICA MI C/C++": {"medie": 9.136956521739132, "reusita": 100.0, "cnt": 23}, "ECONOMIE": {"medie": 8.507142857142856, "reusita": 100.0, "cnt": 7}, "CHIMIE ANORGANICA TEO NIVEL I/II": {"medie": 9.65, "reusita": 100.0, "cnt": 1}, "FILOSOFIE": {"medie": 7.3, "reusita": 100.0, "cnt": 2}}, "nume": "COLEGIUL NATIONAL \"SPIRU HARET\" TG-JIU\tGorj"}