{"specializari": {"MATEMATICA-INFORMATICA": 7, "TEHNICIAN ECOLOG SI PROTECTIA CALITATII MEDIULUI": 13, "TEHNICIAN OPERATOR TEHNICA DE CALCUL": 26, "TEHNICIAN IN ACTIVITATI ECONOMICE": 28, "FILOLOGIE": 20}, "limba_moderna": {"LIMBA ENGLEZA": 62, "LIMBA FRANCEZA": 32}, "limba_materna": {"LIMBA ROMANA": 94}, "promotie_anterioara": {"DA": 25, "NU": 69}, "materii": {"LIMBA ROMANA": {"medie": 6.035000000000002, "reusita": 79.7872340425532, "cnt": 94}, "ISTORIE": {"medie": 6.85, "reusita": 100.0, "cnt": 20}, "GEOGRAFIE": {"medie": 8.197560975609756, "reusita": 100.0, "cnt": 41}, "GENERAL": {"medie": 5.967248062015502, "reusita": 45.744680851063826, "cnt": 94}, "ANATOMIE SI FIZIOLOGIE UMANA, GENETICA SI ECOLOGIE UMANA": {"medie": 5.227777777777778, "reusita": 65.0, "cnt": 20}, "MATEMATICA MATE-INFO": {"medie": 4.607142857142857, "reusita": 57.14285714285714, "cnt": 7}, "BIOLOGIE VEGETALA SI ANIMALA": {"medie": 3.65, "reusita": 26.923076923076923, "cnt": 26}, "MATEMATICA TEHN": {"medie": 4.841803278688524, "reusita": 53.73134328358209, "cnt": 67}, "PSIHOLOGIE": {"medie": 3.0, "reusita": 0.0, "cnt": 1}, "LOGICA, ARGUMENTARE SI COMUNICARE": {"medie": 7.466666666666666, "reusita": 100.0, "cnt": 3}, "FILOSOFIE": {"medie": 5.95, "reusita": 100.0, "cnt": 3}}, "nume": "COLEGIUL TEHNIC MATASARI\tGorj"}