{"specializari": {"TEHNICIAN IN INDUSTRIA TEXTILA": 8, "FILOLOGIE": 29, "TEHNICIAN OPERATOR TEHNICA DE CALCUL": 23, "MATEMATICA-INFORMATICA": 3, "TEHNICIAN IN ACTIVITATI DE COMERT": 1, "TEHNICIAN DESIGNER VESTIMENTAR": 3, "TEHNICIAN IN INDUSTRIA PIELARIEI": 1}, "limba_moderna": {"LIMBA ENGLEZA": 61, "LIMBA FRANCEZA": 5, "LIMBA GERMANA MODERNA": 2}, "limba_materna": {"LIMBA ROMANA": 68}, "promotie_anterioara": {"DA": 15, "NU": 53}, "materii": {"LIMBA ROMANA": {"medie": 6.790909090909094, "reusita": 89.70588235294117, "cnt": 68}, "ISTORIE": {"medie": 8.125, "reusita": 93.10344827586206, "cnt": 29}, "GEOGRAFIE": {"medie": 8.443103448275862, "reusita": 96.66666666666667, "cnt": 30}, "GENERAL": {"medie": 7.065897435897434, "reusita": 66.17647058823529, "cnt": 68}, "ANATOMIE SI FIZIOLOGIE UMANA, GENETICA SI ECOLOGIE UMANA": {"medie": 7.7, "reusita": 100.0, "cnt": 1}, "MATEMATICA MATE-INFO": {"medie": 4.133333333333334, "reusita": 66.66666666666666, "cnt": 3}, "BIOLOGIE VEGETALA SI ANIMALA": {"medie": 5.663461538461538, "reusita": 59.25925925925925, "cnt": 27}, "MATEMATICA TEHN": {"medie": 6.59264705882353, "reusita": 80.55555555555556, "cnt": 36}, "FIZICA TEH": {"medie": 7.694444444444445, "reusita": 100.0, "cnt": 9}, "CHIMIE ORGANICA TEH NIVEL I/II": {"medie": 6.35, "reusita": 100.0, "cnt": 1}}, "nume": "COLEGIUL TEHNIC \"AUGUST TREBONIU LAURIAN\" AGNITA\tSibiu"}