{"specializari": {"FILOLOGIE": 98, "MATEMATICA-INFORMATICA": 58, "INVATATOR - EDUCATOARE": 52}, "limba_moderna": {"LIMBA ENGLEZA": 181, "LIMBA FRANCEZA": 25, "LIMBA SPANIOLA": 2}, "limba_materna": {"LIMBA ROMANA": 208}, "promotie_anterioara": {"NU": 195, "DA": 13}, "materii": {"LIMBA ROMANA": {"medie": 7.125240384615381, "reusita": 96.63461538461539, "cnt": 208}, "ISTORIE": {"medie": 7.719587628865978, "reusita": 97.95918367346938, "cnt": 98}, "GEOGRAFIE": {"medie": 8.245620437956203, "reusita": 96.37681159420289, "cnt": 138}, "GENERAL": {"medie": 7.411245954692555, "reusita": 82.21153846153845, "cnt": 208}, "ANATOMIE SI FIZIOLOGIE UMANA, GENETICA SI ECOLOGIE UMANA": {"medie": 9.666666666666666, "reusita": 100.0, "cnt": 6}, "MATEMATICA MATE-INFO": {"medie": 6.79051724137931, "reusita": 87.93103448275862, "cnt": 58}, "BIOLOGIE VEGETALA SI ANIMALA": {"medie": 7.639189189189189, "reusita": 91.8918918918919, "cnt": 37}, "FIZICA TEO": {"medie": 7.483333333333333, "reusita": 100.0, "cnt": 12}, "CHIMIE ORGANICA TEO NIVEL I/II": {"medie": 8.6, "reusita": 100.0, "cnt": 1}, "PSIHOLOGIE": {"medie": 7.83125, "reusita": 100.0, "cnt": 8}, "INFORMATICA MI C/C++": {"medie": 7.35, "reusita": 100.0, "cnt": 1}, "ECONOMIE": {"medie": 8.8, "reusita": 100.0, "cnt": 2}, "MATEMATICA PED": {"medie": 5.677884615384615, "reusita": 69.23076923076923, "cnt": 52}, "FILOSOFIE": {"medie": 9.35, "reusita": 100.0, "cnt": 2}, "INFORMATICA MI PASCAL": {"medie": 7.25, "reusita": 100.0, "cnt": 1}}, "nume": "COLEGIUL NATIONAL PEDAGOGIC \"MIRCEA SCARLAT\" ALEXANDRIA\tTeleorman"}