{"specializari": {"MATEMATICA-INFORMATICA": 97, "FILOLOGIE": 27, "STIINTE ALE NATURII": 57, "STIINTE SOCIALE": 32}, "limba_moderna": {"LIMBA ENGLEZA": 211, "LIMBA GERMANA MODERNA": 1, "LIMBA FRANCEZA": 1}, "limba_materna": {"LIMBA ROMANA": 213}, "promotie_anterioara": {"NU": 213}, "materii": {"LIMBA ROMANA": {"medie": 8.434507042253523, "reusita": 100.0, "cnt": 213}, "ISTORIE": {"medie": 8.174576271186439, "reusita": 100.0, "cnt": 59}, "GEOGRAFIE": {"medie": 9.341666666666667, "reusita": 100.0, "cnt": 6}, "GENERAL": {"medie": 8.663145539906104, "reusita": 98.59154929577466, "cnt": 213}, "MATEMATICA ST-NAT": {"medie": 8.553508771929824, "reusita": 98.24561403508771, "cnt": 57}, "ANATOMIE SI FIZIOLOGIE UMANA, GENETICA SI ECOLOGIE UMANA": {"medie": 9.184444444444443, "reusita": 100.0, "cnt": 90}, "MATEMATICA MATE-INFO": {"medie": 8.860309278350515, "reusita": 98.96907216494846, "cnt": 97}, "BIOLOGIE VEGETALA SI ANIMALA": {"medie": 8.78181818181818, "reusita": 100.0, "cnt": 22}, "FIZICA TEO": {"medie": 9.2, "reusita": 100.0, "cnt": 1}, "CHIMIE ORGANICA TEO NIVEL I/II": {"medie": 10.0, "reusita": 100.0, "cnt": 1}, "SOCIOLOGIE": {"medie": 8.757000000000001, "reusita": 100.0, "cnt": 50}, "INFORMATICA MI C/C++": {"medie": 8.6875, "reusita": 100.0, "cnt": 40}, "ECONOMIE": {"medie": 9.833333333333334, "reusita": 100.0, "cnt": 3}}, "nume": "COLEGIUL NATIONAL \"CONSTANTIN DIACONOVICI LOGA\" TIMISOARA\tTimi\u0219"}