{"specializari": {"FILOLOGIE": 57, "INVATATOR - EDUCATOARE": 71}, "limba_moderna": {"LIMBA FRANCEZA": 3, "LIMBA ENGLEZA": 123, "LIMBA SPANIOLA": 2}, "limba_materna": {"LIMBA GERMANA": 54, "LIMBA ROMANA": 74}, "promotie_anterioara": {"NU": 126, "DA": 2}, "materii": {"LIMBA ROMANA": {"medie": 6.633203125000001, "reusita": 96.875, "cnt": 128}, "ISTORIE": {"medie": 8.403508771929824, "reusita": 98.24561403508771, "cnt": 57}, "GEOGRAFIE": {"medie": 8.186170212765957, "reusita": 97.87234042553192, "cnt": 47}, "GENERAL": {"medie": 7.646095800524939, "reusita": 89.84375, "cnt": 128}, "LOGICA, ARGUMENTARE SI COMUNICARE": {"medie": 8.538750000000002, "reusita": 95.06172839506173, "cnt": 81}, "LIMBA GERMANA": {"medie": 7.514814814814815, "reusita": 96.29629629629629, "cnt": 54}, "MATEMATICA PED": {"medie": 7.428169014084512, "reusita": 94.36619718309859, "cnt": 71}}, "nume": "COLEGIUL NATIONAL PEDAGOGIC \"ANDREI SAGUNA\" SIBIU\tSibiu"}