{"specializari": {"STIINTE ALE NATURII": 6, "TEHNICIAN IN AUTOMATIZARI": 19, "TEHNICIAN ECOLOG SI PROTECTIA CALITATII MEDIULUI": 47, "TEHNICIAN DE TELECOMUNICATII": 6, "TEHNICIAN MECATRONIST": 7, "TEHNICIAN MECANIC PENTRU INTRETINERE SI REPARATII": 11, "TEHNICIAN ELECTROTEHNIST": 6, "TEHNICIAN IN INDUSTRIA MATERIALELOR DE CONSTRUCTII": 4, "TEHNICIAN IN INDUSTRIA TEXTILA": 3, "TEHNICIAN OPERATOR TEHNICA DE CALCUL": 6, "TEHNICIAN PROIECTANT CAD": 1}, "limba_moderna": {"LIMBA ENGLEZA": 76, "LIMBA FRANCEZA": 40}, "limba_materna": {"LIMBA ROMANA": 116}, "promotie_anterioara": {"NU": 58, "DA": 58}, "materii": {"LIMBA ROMANA": {"medie": 5.658252427184466, "reusita": 70.6896551724138, "cnt": 116}, "GENERAL": {"medie": 4.7996491228070175, "reusita": 16.379310344827587, "cnt": 116}, "MATEMATICA ST-NAT": {"medie": 1.6400000000000001, "reusita": 0.0, "cnt": 6}, "ANATOMIE SI FIZIOLOGIE UMANA, GENETICA SI ECOLOGIE UMANA": {"medie": 6.244736842105262, "reusita": 78.94736842105263, "cnt": 19}, "BIOLOGIE VEGETALA SI ANIMALA": {"medie": 3.9619999999999997, "reusita": 34.090909090909086, "cnt": 88}, "MATEMATICA TEHN": {"medie": 4.022277227722773, "reusita": 46.36363636363636, "cnt": 110}, "FIZICA TEH": {"medie": 3.4875000000000003, "reusita": 0.0, "cnt": 4}, "CHIMIE ORGANICA TEH NIVEL I/II": {"medie": 5.08, "reusita": 60.0, "cnt": 5}}, "nume": "COLEGIUL TEHNIC NR 2 TG-JIU\tGorj"}