{"specializari": {"TEHNICIAN TRANSPORTURI": 22, "TEHNICIAN IN AUTOMATIZARI": 17, "TEHNICIAN PROIECTANT CAD": 16, "TEHNICIAN OPERATOR TEHNICA DE CALCUL": 24, "TEHNICIAN DE TELECOMUNICATII": 27, "MATEMATICA-INFORMATICA": 31, "TEHNICIAN ELECTROMECANIC": 22, "TEHNICIAN IN INSTALATII ELECTRICE": 14, "TEHNICIAN ELECTRONIST": 20, "TEHNICIAN MECATRONIST": 1, "STIINTE ALE NATURII": 1, "TEHNICIAN PRELUCRARI MECANICE": 1}, "limba_moderna": {"LIMBA ENGLEZA": 166, "LIMBA FRANCEZA": 30}, "limba_materna": {"LIMBA ROMANA": 196}, "promotie_anterioara": {"DA": 48, "NU": 148}, "materii": {"LIMBA ROMANA": {"medie": 5.473055555555553, "reusita": 72.44897959183673, "cnt": 196}, "GENERAL": {"medie": 5.096686159844055, "reusita": 27.040816326530614, "cnt": 196}, "MATEMATICA ST-NAT": {"medie": "-", "reusita": 0.0, "cnt": 1}, "MATEMATICA MATE-INFO": {"medie": 5.506451612903224, "reusita": 77.41935483870968, "cnt": 31}, "BIOLOGIE VEGETALA SI ANIMALA": {"medie": 4.267021276595745, "reusita": 35.03184713375796, "cnt": 157}, "FIZICA TEO": {"medie": 7.475, "reusita": 75.0, "cnt": 4}, "MATEMATICA TEHN": {"medie": 5.092715231788077, "reusita": 62.19512195121951, "cnt": 164}, "INFORMATICA MI C/C++": {"medie": 6.6000000000000005, "reusita": 83.33333333333334, "cnt": 12}, "CHIMIE ANORGANICA TEH NIVEL I/II": {"medie": 5.509090909090909, "reusita": 66.66666666666666, "cnt": 12}, "FIZICA TEH": {"medie": 6.8, "reusita": 81.81818181818183, "cnt": 11}}, "nume": "COLEGIUL TEHNIC \"EDMOND NICOLAU\" FOCSANI\tVrancea"}