{"specializari": {"MATEMATICA-INFORMATICA": 124, "STIINTE SOCIALE": 32, "STIINTE ALE NATURII": 29}, "limba_moderna": {"LIMBA ENGLEZA": 168, "LIMBA FRANCEZA": 13, "LIMBA ITALIANA": 2, "LIMBA GERMANA MODERNA": 2}, "limba_materna": {"LIMBA ROMANA": 185}, "promotie_anterioara": {"NU": 185}, "materii": {"LIMBA ROMANA": {"medie": 9.060270270270268, "reusita": 100.0, "cnt": 185}, "ISTORIE": {"medie": 8.804687500000002, "reusita": 100.0, "cnt": 32}, "GEOGRAFIE": {"medie": 9.292307692307693, "reusita": 100.0, "cnt": 13}, "GENERAL": {"medie": 9.154774774774777, "reusita": 100.0, "cnt": 185}, "MATEMATICA ST-NAT": {"medie": 9.060344827586206, "reusita": 100.0, "cnt": 29}, "ANATOMIE SI FIZIOLOGIE UMANA, GENETICA SI ECOLOGIE UMANA": {"medie": 9.3015625, "reusita": 100.0, "cnt": 64}, "MATEMATICA MATE-INFO": {"medie": 9.11088709677419, "reusita": 100.0, "cnt": 124}, "BIOLOGIE VEGETALA SI ANIMALA": {"medie": 9.05, "reusita": 100.0, "cnt": 2}, "FIZICA TEO": {"medie": 8.764285714285714, "reusita": 100.0, "cnt": 7}, "CHIMIE ORGANICA TEO NIVEL I/II": {"medie": 9.695238095238096, "reusita": 100.0, "cnt": 21}, "PSIHOLOGIE": {"medie": 8.95, "reusita": 100.0, "cnt": 2}, "LOGICA, ARGUMENTARE SI COMUNICARE": {"medie": 9.225, "reusita": 100.0, "cnt": 16}, "INFORMATICA MI C/C++": {"medie": 9.3469696969697, "reusita": 100.0, "cnt": 33}, "ECONOMIE": {"medie": 8.4, "reusita": 100.0, "cnt": 1}, "CHIMIE ANORGANICA TEO NIVEL I/II": {"medie": 9.85, "reusita": 100.0, "cnt": 3}, "INFORMATICA MI PASCAL": {"medie": 9.541304347826086, "reusita": 100.0, "cnt": 23}}, "nume": "COLEGIUL NATIONAL \"GHEORGHE SINCAI\" BAIA MARE\tMaramure\u0219"}