{"specializari": {"TEHNICIAN IN AUTOMATIZARI": 1, "MATEMATICA-INFORMATICA": 44, "STIINTE SOCIALE": 67, "FILOLOGIE": 32, "STIINTE ALE NATURII": 37, "TEHNICIAN PRELUCRARI MECANICE": 2, "TEHNICIAN MECATRONIST": 1}, "limba_moderna": {"LIMBA ENGLEZA": 171, "LIMBA FRANCEZA": 13}, "limba_materna": {"LIMBA ROMANA": 184}, "promotie_anterioara": {"DA": 42, "NU": 142}, "materii": {"LIMBA ROMANA": {"medie": 6.4588397790055225, "reusita": 91.84782608695652, "cnt": 184}, "ISTORIE": {"medie": 6.65154639175258, "reusita": 95.95959595959596, "cnt": 99}, "GEOGRAFIE": {"medie": 7.814666666666667, "reusita": 94.8051948051948, "cnt": 77}, "GENERAL": {"medie": 6.7340866290018875, "reusita": 67.93478260869566, "cnt": 184}, "MATEMATICA ST-NAT": {"medie": 6.604285714285714, "reusita": 86.48648648648648, "cnt": 37}, "ANATOMIE SI FIZIOLOGIE UMANA, GENETICA SI ECOLOGIE UMANA": {"medie": 7.298333333333333, "reusita": 83.87096774193549, "cnt": 31}, "MATEMATICA MATE-INFO": {"medie": 5.5204545454545455, "reusita": 72.72727272727273, "cnt": 44}, "BIOLOGIE VEGETALA SI ANIMALA": {"medie": 6.176190476190476, "reusita": 79.16666666666666, "cnt": 24}, "FIZICA TEO": {"medie": 5.1, "reusita": 100.0, "cnt": 1}, "MATEMATICA TEHN": {"medie": 5.15, "reusita": 100.0, "cnt": 4}, "LOGICA, ARGUMENTARE SI COMUNICARE": {"medie": 8.05681818181818, "reusita": 95.45454545454545, "cnt": 22}, "INFORMATICA MI C/C++": {"medie": 6.8950000000000005, "reusita": 100.0, "cnt": 10}, "FIZICA TEH": {"medie": 1.3, "reusita": 0.0, "cnt": 1}, "CHIMIE ANORGANICA TEO NIVEL I/II": {"medie": 7.138235294117647, "reusita": 100.0, "cnt": 17}, "CHIMIE ORGANICA TEH NIVEL I/II": {"medie": 2.5, "reusita": 0.0, "cnt": 1}}, "nume": "COLEGIUL \"NICOLAE TITULESCU\" BRASOV\tBra\u0219ov"}