{"specializari": {"TEHNICIAN ECOLOG SI PROTECTIA CALITATII MEDIULUI": 31, "TEHNICIAN OPERATOR TEHNICA DE CALCUL": 2, "TEHNICIAN IN PRELUCRAREA LEMNULUI": 1, "STIINTE ALE NATURII": 3, "TEHNICIAN IN CONSTRUCTII SI LUCRARI PUBLICE": 1, "TEHNICIAN MECATRONIST": 5, "TEHNICIAN DESENATOR PENTRU CONSTRUCTII SI INSTALATII": 10, "TEHNICIAN MECANIC PENTRU INTRETINERE SI REPARATII": 1, "TEHNICIAN PROIECTANT CAD": 6, "TEHNICIAN DE TELECOMUNICATII": 14, "ARHITECTURA, ARTE AMBIENTALE SI DESIGN": 7, "TEHNICIAN IN INSTALATII ELECTRICE": 3, "TEHNICIAN INSTALATOR PENTRU CONSTRUCTII": 2, "TEHNICIAN IN AUTOMATIZARI": 5, "TEHNICIAN PRELUCRARI PE MASINI CU COMANDA NUMERICA": 1, "TEHNICIAN PRELUCRARI MECANICE": 1}, "limba_moderna": {"LIMBA ENGLEZA": 93}, "limba_materna": {"LIMBA ROMANA": 93}, "promotie_anterioara": {"NU": 38, "DA": 55}, "materii": {"LIMBA ROMANA": {"medie": 6.064835164835165, "reusita": 90.32258064516128, "cnt": 93}, "ISTORIE": {"medie": 6.178571428571429, "reusita": 85.71428571428571, "cnt": 7}, "GEOGRAFIE": {"medie": 7.283333333333334, "reusita": 100.0, "cnt": 6}, "GENERAL": {"medie": 5.806201550387596, "reusita": 40.86021505376344, "cnt": 93}, "MATEMATICA ST-NAT": {"medie": 5.65, "reusita": 66.66666666666666, "cnt": 3}, "ANATOMIE SI FIZIOLOGIE UMANA, GENETICA SI ECOLOGIE UMANA": {"medie": 3.9625000000000004, "reusita": 25.0, "cnt": 4}, "BIOLOGIE VEGETALA SI ANIMALA": {"medie": 4.887209302325582, "reusita": 46.808510638297875, "cnt": 47}, "MATEMATICA TEHN": {"medie": 5.706962025316456, "reusita": 80.72289156626506, "cnt": 83}, "LOGICA, ARGUMENTARE SI COMUNICARE": {"medie": 9.7, "reusita": 100.0, "cnt": 1}, "CHIMIE ANORGANICA TEH NIVEL I/II": {"medie": 6.187499999999999, "reusita": 81.25, "cnt": 32}, "FIZICA TEH": {"medie": 2.05, "reusita": 0.0, "cnt": 1}, "CHIMIE ORGANICA TEH NIVEL I/II": {"medie": 3.1, "reusita": 0.0, "cnt": 2}}, "nume": "COLEGIUL TEHNIC \"MIRCEA CRISTEA\" BRASOV\tBra\u0219ov"}