{"specializari": {"STIINTE ALE NATURII": 49, "MATEMATICA-INFORMATICA": 108, "FILOLOGIE": 17, "STIINTE SOCIALE": 70}, "limba_moderna": {"LIMBA ENGLEZA": 192, "LIMBA GERMANA MODERNA": 23, "LIMBA FRANCEZA": 16, "LIMBA SPANIOLA": 13}, "limba_materna": {"LIMBA ROMANA": 244}, "promotie_anterioara": {"NU": 244}, "materii": {"LIMBA ROMANA": {"medie": 8.457201646090528, "reusita": 99.18032786885246, "cnt": 244}, "ISTORIE": {"medie": 8.471176470588231, "reusita": 97.70114942528735, "cnt": 87}, "GEOGRAFIE": {"medie": 9.379032258064518, "reusita": 96.875, "cnt": 32}, "GENERAL": {"medie": 8.732920110192834, "reusita": 98.36065573770492, "cnt": 244}, "MATEMATICA ST-NAT": {"medie": 8.307142857142857, "reusita": 100.0, "cnt": 49}, "ANATOMIE SI FIZIOLOGIE UMANA, GENETICA SI ECOLOGIE UMANA": {"medie": 9.362804878048776, "reusita": 100.0, "cnt": 82}, "MATEMATICA MATE-INFO": {"medie": 9.023611111111112, "reusita": 100.0, "cnt": 108}, "BIOLOGIE VEGETALA SI ANIMALA": {"medie": 7.525000000000001, "reusita": 100.0, "cnt": 6}, "FIZICA TEO": {"medie": 8.035714285714286, "reusita": 100.0, "cnt": 14}, "CHIMIE ORGANICA TEO NIVEL I/II": {"medie": 9.329166666666664, "reusita": 100.0, "cnt": 12}, "PSIHOLOGIE": {"medie": 9.55, "reusita": 100.0, "cnt": 2}, "LOGICA, ARGUMENTARE SI COMUNICARE": {"medie": 8.695121951219512, "reusita": 100.0, "cnt": 41}, "INFORMATICA MI C/C++": {"medie": 9.281250000000004, "reusita": 100.0, "cnt": 40}, "ECONOMIE": {"medie": 8.466666666666667, "reusita": 100.0, "cnt": 12}, "CHIMIE ANORGANICA TEO NIVEL I/II": {"medie": 8.6, "reusita": 100.0, "cnt": 3}}, "nume": "COLEGIUL NATIONAL \"PETRU RARES\" SUCEAVA\tSuceava"}