{"specializari": {"TEHNICIAN IN ADMINISTRATIE": 37, "TEHNICIAN MECATRONIST": 10, "TEHNICIAN PROIECTANT CAD": 14, "TEHNICIAN MECANIC PENTRU INTRETINERE SI REPARATII": 6, "TEHNICIAN IN CONSTRUCTII SI LUCRARI PUBLICE": 7, "TEHNICIAN DESENATOR PENTRU CONSTRUCTII SI INSTALATII": 2}, "limba_moderna": {"LIMBA ENGLEZA": 72, "LIMBA FRANCEZA": 4}, "limba_materna": {"LIMBA ROMANA": 76}, "promotie_anterioara": {"NU": 45, "DA": 31}, "materii": {"LIMBA ROMANA": {"medie": 5.530281690140845, "reusita": 80.26315789473685, "cnt": 76}, "GEOGRAFIE": {"medie": 6.541666666666666, "reusita": 86.66666666666667, "cnt": 30}, "GENERAL": {"medie": 4.958717948717951, "reusita": 13.157894736842104, "cnt": 76}, "BIOLOGIE VEGETALA SI ANIMALA": {"medie": 4.338888888888888, "reusita": 34.78260869565217, "cnt": 23}, "MATEMATICA TEHN": {"medie": 4.096428571428571, "reusita": 46.05263157894737, "cnt": 76}, "ECONOMIE": {"medie": 3.3000000000000003, "reusita": 0.0, "cnt": 7}, "CHIMIE ANORGANICA TEH NIVEL I/II": {"medie": 4.8, "reusita": 50.0, "cnt": 4}, "FIZICA TEH": {"medie": 5.44375, "reusita": 58.333333333333336, "cnt": 12}}, "nume": "COLEGIUL TEHNIC \"MIRCEA CEL BATRAN\"\tBucure\u0219ti"}