{"specializari": {"TEHNICIAN IN GASTRONOMIE": 24, "TEHNICIAN IN ACTIVITATI ECONOMICE": 138, "TEHNICIAN IN ADMINISTRATIE": 17, "TEHNICIAN IN ACTIVITATI DE COMERT": 43, "TEHNICIAN IN TURISM": 1}, "limba_moderna": {"LIMBA ENGLEZA": 200, "LIMBA FRANCEZA": 23}, "limba_materna": {"LIMBA ROMANA": 223}, "promotie_anterioara": {"NU": 214, "DA": 9}, "materii": {"LIMBA ROMANA": {"medie": 6.626351351351353, "reusita": 95.51569506726457, "cnt": 223}, "GEOGRAFIE": {"medie": 8.609345794392521, "reusita": 99.53488372093024, "cnt": 215}, "GENERAL": {"medie": 7.7092760180995485, "reusita": 88.34080717488789, "cnt": 223}, "MATEMATICA TEHN": {"medie": 7.929729729729729, "reusita": 96.8609865470852, "cnt": 223}, "LOGICA, ARGUMENTARE SI COMUNICARE": {"medie": 8.8, "reusita": 100.0, "cnt": 2}, "ECONOMIE": {"medie": 6.14, "reusita": 50.0, "cnt": 6}}, "nume": "COLEGIUL ECONOMIC MUNICIPIUL BUZAU\tBuz\u0103u"}