{"specializari": {"FILOLOGIE": 84, "STIINTE SOCIALE": 33, "MATEMATICA-INFORMATICA": 127, "STIINTE ALE NATURII": 31, "LICEU CU PROGRAM SPORTIV": 16}, "limba_moderna": {"LIMBA ENGLEZA": 265, "LIMBA FRANCEZA": 18, "LIMBA SPANIOLA": 8}, "limba_materna": {"LIMBA ROMANA": 291}, "promotie_anterioara": {"NU": 286, "DA": 5}, "materii": {"LIMBA ROMANA": {"medie": 8.498275862068962, "reusita": 99.65635738831615, "cnt": 291}, "ISTORIE": {"medie": 8.45225563909774, "reusita": 100.0, "cnt": 133}, "GEOGRAFIE": {"medie": 8.575000000000001, "reusita": 100.0, "cnt": 16}, "GENERAL": {"medie": 8.81126436781609, "reusita": 98.28178694158075, "cnt": 291}, "MATEMATICA ST-NAT": {"medie": 8.78709677419355, "reusita": 100.0, "cnt": 31}, "ANATOMIE SI FIZIOLOGIE UMANA, GENETICA SI ECOLOGIE UMANA": {"medie": 8.4125, "reusita": 100.0, "cnt": 8}, "MATEMATICA MATE-INFO": {"medie": 9.068897637795276, "reusita": 99.21259842519686, "cnt": 127}, "BIOLOGIE VEGETALA SI ANIMALA": {"medie": 8.997142857142856, "reusita": 100.0, "cnt": 35}, "FIZICA TEO": {"medie": 8.967796610169492, "reusita": 98.30508474576271, "cnt": 59}, "CHIMIE ORGANICA TEO NIVEL I/II": {"medie": 9.274193548387098, "reusita": 100.0, "cnt": 31}, "PSIHOLOGIE": {"medie": 9.066666666666668, "reusita": 100.0, "cnt": 3}, "LOGICA, ARGUMENTARE SI COMUNICARE": {"medie": 9.367307692307694, "reusita": 98.09523809523809, "cnt": 105}, "INFORMATICA MI C/C++": {"medie": 9.465909090909092, "reusita": 100.0, "cnt": 22}, "ECONOMIE": {"medie": 9.511111111111111, "reusita": 100.0, "cnt": 9}, "INFORMATICA MI PASCAL": {"medie": 8.916666666666666, "reusita": 100.0, "cnt": 3}}, "nume": "COLEGIUL NATIONAL \"MIHAI VITEAZUL\", MUNICIPIUL PLOIESTI\tPrahova"}