{"specializari": {"TEHNICIAN DESENATOR PENTRU CONSTRUCTII SI INSTALATII": 30, "ARHITECTURA, ARTE AMBIENTALE SI DESIGN": 55, "MATEMATICA-INFORMATICA": 10}, "limba_moderna": {"LIMBA ENGLEZA": 95}, "limba_materna": {"LIMBA ROMANA": 95}, "promotie_anterioara": {"DA": 40, "NU": 55}, "materii": {"LIMBA ROMANA": {"medie": 6.354736842105265, "reusita": 94.73684210526315, "cnt": 95}, "ISTORIE": {"medie": 5.809433962264151, "reusita": 87.27272727272727, "cnt": 55}, "GEOGRAFIE": {"medie": 7.691891891891894, "reusita": 97.36842105263158, "cnt": 38}, "GENERAL": {"medie": 6.325095785440611, "reusita": 54.736842105263165, "cnt": 95}, "MATEMATICA MATE-INFO": {"medie": 5.040000000000001, "reusita": 70.0, "cnt": 10}, "BIOLOGIE VEGETALA SI ANIMALA": {"medie": 5.595161290322582, "reusita": 67.64705882352942, "cnt": 34}, "MATEMATICA TEHN": {"medie": 6.194642857142857, "reusita": 90.0, "cnt": 30}, "PSIHOLOGIE": {"medie": 5.0, "reusita": 100.0, "cnt": 1}, "LOGICA, ARGUMENTARE SI COMUNICARE": {"medie": 6.453333333333333, "reusita": 86.66666666666667, "cnt": 15}, "CHIMIE ANORGANICA TEH NIVEL I/II": {"medie": 5.75, "reusita": 100.0, "cnt": 1}, "FIZICA TEH": {"medie": 5.2875000000000005, "reusita": 25.0, "cnt": 4}, "CHIMIE ORGANICA TEH NIVEL I/II": {"medie": 7.0, "reusita": 100.0, "cnt": 1}, "FILOSOFIE": {"medie": 9.25, "reusita": 100.0, "cnt": 1}}, "nume": "COLEGIUL TEHNIC DE ARHITECTURA SI LUCRARI PUBLICE \"IOAN N. SOCOLESCU\"\tBucure\u0219ti"}