{"specializari": {"MATEMATICA-INFORMATICA": 58, "STIINTE SOCIALE": 30, "FILOLOGIE": 58, "STIINTE ALE NATURII": 75}, "limba_moderna": {"LIMBA ENGLEZA": 191, "LIMBA FRANCEZA": 29, "LIMBA GERMANA MODERNA": 1}, "limba_materna": {"LIMBA ROMANA": 206, "LIMBA GERMANA": 15}, "promotie_anterioara": {"NU": 220, "DA": 1}, "materii": {"LIMBA ROMANA": {"medie": 8.316136363636364, "reusita": 99.5475113122172, "cnt": 221}, "ISTORIE": {"medie": 8.377586206896554, "reusita": 98.86363636363636, "cnt": 88}, "GEOGRAFIE": {"medie": 8.22090909090909, "reusita": 100.0, "cnt": 55}, "GENERAL": {"medie": 8.573106060606063, "reusita": 95.47511312217195, "cnt": 221}, "MATEMATICA ST-NAT": {"medie": 8.028666666666664, "reusita": 93.33333333333333, "cnt": 75}, "ANATOMIE SI FIZIOLOGIE UMANA, GENETICA SI ECOLOGIE UMANA": {"medie": 9.368589743589743, "reusita": 100.0, "cnt": 78}, "MATEMATICA MATE-INFO": {"medie": 8.712068965517242, "reusita": 100.0, "cnt": 58}, "FIZICA TEO": {"medie": 8.933333333333334, "reusita": 100.0, "cnt": 3}, "CHIMIE ORGANICA TEO NIVEL I/II": {"medie": 9.475000000000001, "reusita": 100.0, "cnt": 6}, "SOCIOLOGIE": {"medie": 9.5, "reusita": 100.0, "cnt": 10}, "INFORMATICA SN C/C++": {"medie": 9.783333333333333, "reusita": 100.0, "cnt": 6}, "PSIHOLOGIE": {"medie": 8.930000000000001, "reusita": 100.0, "cnt": 5}, "LOGICA, ARGUMENTARE SI COMUNICARE": {"medie": 9.057142857142857, "reusita": 100.0, "cnt": 14}, "INFORMATICA MI C/C++": {"medie": 9.36375, "reusita": 100.0, "cnt": 40}, "LIMBA GERMANA": {"medie": 8.013333333333334, "reusita": 100.0, "cnt": 15}, "FILOSOFIE": {"medie": 8.266666666666666, "reusita": 75.0, "cnt": 4}}, "nume": "COLEGIUL NATIONAL \"LIVIU REBREANU\" BISTRITA\tBistri\u021ba-N\u0103s\u0103ud"}