{"specializari": {"MATEMATICA-INFORMATICA": 75, "FILOLOGIE": 60, "STIINTE ALE NATURII": 26}, "limba_moderna": {"LIMBA ENGLEZA": 155, "LIMBA FRANCEZA": 2, "LIMBA SPANIOLA": 4}, "limba_materna": {"LIMBA ROMANA": 161}, "promotie_anterioara": {"NU": 157, "DA": 4}, "materii": {"LIMBA ROMANA": {"medie": 7.819254658385094, "reusita": 99.37888198757764, "cnt": 161}, "ISTORIE": {"medie": 8.493333333333336, "reusita": 100.0, "cnt": 60}, "GEOGRAFIE": {"medie": 9.387499999999996, "reusita": 100.0, "cnt": 36}, "GENERAL": {"medie": 8.077846790890266, "reusita": 89.44099378881988, "cnt": 161}, "MATEMATICA ST-NAT": {"medie": 8.369230769230768, "reusita": 100.0, "cnt": 26}, "ANATOMIE SI FIZIOLOGIE UMANA, GENETICA SI ECOLOGIE UMANA": {"medie": 8.215740740740742, "reusita": 98.14814814814815, "cnt": 54}, "MATEMATICA MATE-INFO": {"medie": 7.046666666666667, "reusita": 82.66666666666667, "cnt": 75}, "BIOLOGIE VEGETALA SI ANIMALA": {"medie": 7.75, "reusita": 100.0, "cnt": 1}, "FIZICA TEO": {"medie": 7.7375, "reusita": 100.0, "cnt": 4}, "CHIMIE ORGANICA TEO NIVEL I/II": {"medie": 9.366666666666665, "reusita": 100.0, "cnt": 6}, "SOCIOLOGIE": {"medie": 9.40625, "reusita": 100.0, "cnt": 8}, "PSIHOLOGIE": {"medie": 7.65, "reusita": 100.0, "cnt": 2}, "LOGICA, ARGUMENTARE SI COMUNICARE": {"medie": 9.476923076923077, "reusita": 100.0, "cnt": 13}, "INFORMATICA MI C/C++": {"medie": 7.976388888888888, "reusita": 94.44444444444444, "cnt": 36}, "FILOSOFIE": {"medie": 9.6, "reusita": 100.0, "cnt": 1}}, "nume": "COLEGIUL NATIONAL \"ELENA GHIBA BIRTA\" ARAD\tArad"}