{"specializari": {"TEHNICIAN MECATRONIST": 38, "MATEMATICA-INFORMATICA": 22, "FILOLOGIE": 31, "TEHNICIAN MECANIC PENTRU INTRETINERE SI REPARATII": 2}, "limba_moderna": {"LIMBA ENGLEZA": 53, "LIMBA FRANCEZA": 40}, "limba_materna": {"LIMBA ROMANA": 93}, "promotie_anterioara": {"DA": 28, "NU": 65}, "materii": {"LIMBA ROMANA": {"medie": 6.558888888888888, "reusita": 83.87096774193549, "cnt": 93}, "ISTORIE": {"medie": 7.603225806451613, "reusita": 100.0, "cnt": 31}, "GEOGRAFIE": {"medie": 7.995, "reusita": 100.0, "cnt": 30}, "GENERAL": {"medie": 6.237403100775192, "reusita": 51.61290322580645, "cnt": 93}, "ANATOMIE SI FIZIOLOGIE UMANA, GENETICA SI ECOLOGIE UMANA": {"medie": 7.192857142857143, "reusita": 90.47619047619048, "cnt": 21}, "MATEMATICA MATE-INFO": {"medie": 5.5613636363636365, "reusita": 81.81818181818183, "cnt": 22}, "BIOLOGIE VEGETALA SI ANIMALA": {"medie": 3.942857142857143, "reusita": 31.57894736842105, "cnt": 38}, "MATEMATICA TEHN": {"medie": 3.7864864864864862, "reusita": 45.0, "cnt": 40}, "INFORMATICA MI C/C++": {"medie": 8.65, "reusita": 100.0, "cnt": 1}, "FIZICA TEH": {"medie": 5.574999999999999, "reusita": 100.0, "cnt": 2}, "FILOSOFIE": {"medie": 5.5, "reusita": 100.0, "cnt": 1}}, "nume": "COLEGIUL \"MIHAI VITEAZUL\" BUMBESTI-JIU\tGorj"}