{"specializari": {"TEHNICIAN IN ACTIVITATI ECONOMICE": 15, "TEHNICIAN IN TURISM": 15, "TEHNICIAN IN ACTIVITATI DE COMERT": 2, "TEHNICIAN ANALIZE PRODUSE ALIMENTARE": 9, "TEHNICIAN IN ACHIZITII SI CONTRACTARI": 1, "ORGANIZATOR BANQUETING": 2, "TEHNICIAN IN INDUSTRIA ALIMENTARA": 3, "TEHNICIAN IN GASTRONOMIE": 7, "TEHNICIAN IN HOTELARIE": 3}, "limba_moderna": {"LIMBA ENGLEZA": 48, "LIMBA FRANCEZA": 5, "LIMBA GERMANA MODERNA": 4}, "limba_materna": {"LIMBA ROMANA": 57}, "promotie_anterioara": {"NU": 31, "DA": 26}, "materii": {"LIMBA ROMANA": {"medie": 6.120175438596489, "reusita": 96.49122807017544, "cnt": 57}, "GEOGRAFIE": {"medie": 6.917073170731708, "reusita": 84.0909090909091, "cnt": 44}, "GENERAL": {"medie": 6.30801282051282, "reusita": 59.64912280701754, "cnt": 57}, "BIOLOGIE VEGETALA SI ANIMALA": {"medie": 5.654545454545455, "reusita": 66.66666666666666, "cnt": 12}, "MATEMATICA TEHN": {"medie": 5.816071428571429, "reusita": 75.43859649122807, "cnt": 57}, "LOGICA, ARGUMENTARE SI COMUNICARE": {"medie": 9.1, "reusita": 100.0, "cnt": 1}}, "nume": "COLEGIUL ECONOMIC AL BANATULUI MONTAN RESITA\tCara\u0219-Severin"}