{"specializari": {"MATEMATICA-INFORMATICA": 147, "STIINTE ALE NATURII": 29}, "limba_moderna": {"LIMBA ENGLEZA": 173, "LIMBA FRANCEZA": 3}, "limba_materna": {"LIMBA ROMANA": 176}, "promotie_anterioara": {"NU": 175, "DA": 1}, "materii": {"LIMBA ROMANA": {"medie": 8.438920454545453, "reusita": 100.0, "cnt": 176}, "GENERAL": {"medie": 8.629545454545452, "reusita": 97.72727272727273, "cnt": 176}, "MATEMATICA ST-NAT": {"medie": 8.837931034482757, "reusita": 100.0, "cnt": 29}, "ANATOMIE SI FIZIOLOGIE UMANA, GENETICA SI ECOLOGIE UMANA": {"medie": 8.781632653061227, "reusita": 100.0, "cnt": 98}, "MATEMATICA MATE-INFO": {"medie": 8.398979591836731, "reusita": 99.31972789115646, "cnt": 147}, "FIZICA TEO": {"medie": 9.296428571428573, "reusita": 100.0, "cnt": 14}, "CHIMIE ORGANICA TEO NIVEL I/II": {"medie": 9.410714285714288, "reusita": 100.0, "cnt": 28}, "INFORMATICA MI C/C++": {"medie": 9.054166666666667, "reusita": 100.0, "cnt": 36}}, "nume": "COLEGIUL NATIONAL \"EMANUIL GOJDU\" ORADEA\tBihor"}