{"specializari": {"TEHNICIAN ELECTROMECANIC": 8, "TEHNICIAN ELECTROTEHNIST": 4, "TEHNICIAN OPERATOR TEHNICA DE CALCUL": 7, "TEHNICIAN PROIECTANT CAD": 4, "INVATATOR - EDUCATOARE": 3, "LICEU CU PROGRAM SPORTIV": 9, "TEHNICIAN METROLOG": 3, "TEHNICIAN IN INSTALATII ELECTRICE": 1, "MATEMATICA-INFORMATICA": 1, "TEHNICIAN MECANIC PENTRU INTRETINERE SI REPARATII": 1}, "limba_moderna": {"LIMBA FRANCEZA": 2, "LIMBA ENGLEZA": 39}, "limba_materna": {"LIMBA ROMANA": 41}, "promotie_anterioara": {"NU": 17, "DA": 24}, "materii": {"LIMBA ROMANA": {"medie": 6.006097560975609, "reusita": 90.2439024390244, "cnt": 41}, "ISTORIE": {"medie": 5.711111111111111, "reusita": 100.0, "cnt": 9}, "GEOGRAFIE": {"medie": 6.538888888888888, "reusita": 77.77777777777779, "cnt": 9}, "GENERAL": {"medie": 5.788738738738737, "reusita": 26.82926829268293, "cnt": 41}, "ANATOMIE SI FIZIOLOGIE UMANA, GENETICA SI ECOLOGIE UMANA": {"medie": 5.55, "reusita": 100.0, "cnt": 1}, "MATEMATICA MATE-INFO": {"medie": 5.5, "reusita": 100.0, "cnt": 1}, "BIOLOGIE VEGETALA SI ANIMALA": {"medie": 6.280952380952381, "reusita": 58.333333333333336, "cnt": 24}, "MATEMATICA TEHN": {"medie": 4.694230769230769, "reusita": 57.14285714285714, "cnt": 28}, "LOGICA, ARGUMENTARE SI COMUNICARE": {"medie": 8.95, "reusita": 100.0, "cnt": 2}, "CHIMIE ANORGANICA TEH NIVEL I/II": {"medie": 5.75, "reusita": 100.0, "cnt": 2}, "FIZICA TEH": {"medie": 5.225, "reusita": 100.0, "cnt": 2}, "MATEMATICA PED": {"medie": 5.266666666666667, "reusita": 100.0, "cnt": 3}, "FILOSOFIE": {"medie": 5.8, "reusita": 100.0, "cnt": 1}}, "nume": "COLEGIUL TEHNIC \"AUREL VLAICU\" BAIA MARE\tMaramure\u0219"}