{"specializari": {"STIINTE ALE NATURII": 68, "MATEMATICA-INFORMATICA": 54, "FILOLOGIE": 145}, "limba_moderna": {"LIMBA FRANCEZA": 48, "LIMBA ENGLEZA": 174, "LIMBA SPANIOLA": 25, "LIMBA GERMANA MODERNA": 20}, "limba_materna": {"LIMBA ROMANA": 267}, "promotie_anterioara": {"NU": 266, "DA": 1}, "materii": {"LIMBA ROMANA": {"medie": 8.172368421052633, "reusita": 99.25093632958801, "cnt": 267}, "ISTORIE": {"medie": 8.45694444444444, "reusita": 99.3103448275862, "cnt": 145}, "GEOGRAFIE": {"medie": 9.153846153846153, "reusita": 100.0, "cnt": 13}, "GENERAL": {"medie": 8.608679245283014, "reusita": 98.87640449438202, "cnt": 267}, "MATEMATICA ST-NAT": {"medie": 8.596323529411766, "reusita": 100.0, "cnt": 68}, "ANATOMIE SI FIZIOLOGIE UMANA, GENETICA SI ECOLOGIE UMANA": {"medie": 9.170547945205481, "reusita": 100.0, "cnt": 73}, "MATEMATICA MATE-INFO": {"medie": 8.666666666666666, "reusita": 100.0, "cnt": 54}, "BIOLOGIE VEGETALA SI ANIMALA": {"medie": 9.183333333333334, "reusita": 100.0, "cnt": 6}, "FIZICA TEO": {"medie": 7.4799999999999995, "reusita": 90.0, "cnt": 10}, "CHIMIE ORGANICA TEO NIVEL I/II": {"medie": 8.9, "reusita": 100.0, "cnt": 2}, "SOCIOLOGIE": {"medie": 8.6, "reusita": 100.0, "cnt": 2}, "PSIHOLOGIE": {"medie": 8.7, "reusita": 100.0, "cnt": 1}, "LOGICA, ARGUMENTARE SI COMUNICARE": {"medie": 9.314462809917355, "reusita": 99.18032786885246, "cnt": 122}, "INFORMATICA MI C/C++": {"medie": 8.635483870967741, "reusita": 100.0, "cnt": 31}, "ECONOMIE": {"medie": 8.533333333333333, "reusita": 100.0, "cnt": 6}, "FILOSOFIE": {"medie": "-", "reusita": 0.0, "cnt": 1}}, "nume": "COLEGIUL NATIONAL \"ELENA CUZA\" CRAIOVA\tDolj"}