{"specializari": {"TEHNICIAN DE TELECOMUNICATII": 41, "TEHNICIAN OPERATOR TEHNICA DE CALCUL": 41, "TEHNICIAN ELECTRONIST": 13, "TEHNICIAN IN AUTOMATIZARI": 14}, "limba_moderna": {"LIMBA ENGLEZA": 98, "LIMBA FRANCEZA": 11}, "limba_materna": {"LIMBA ROMANA": 109}, "promotie_anterioara": {"DA": 20, "NU": 89}, "materii": {"LIMBA ROMANA": {"medie": 6.668055555555558, "reusita": 93.57798165137615, "cnt": 109}, "GENERAL": {"medie": 6.593809523809525, "reusita": 63.30275229357798, "cnt": 109}, "BIOLOGIE VEGETALA SI ANIMALA": {"medie": 6.097916666666667, "reusita": 75.51020408163265, "cnt": 98}, "MATEMATICA TEHN": {"medie": 6.689622641509431, "reusita": 85.3211009174312, "cnt": 109}, "FIZICA TEH": {"medie": 8.768181818181818, "reusita": 100.0, "cnt": 11}}, "nume": "COLEGIUL TEHNIC \"GEORGE BARITIU\" BAIA MARE\tMaramure\u0219"}