{"specializari": {"TEHNICIAN DESIGNER VESTIMENTAR": 1, "TEHNICIAN IN TURISM": 1, "COAFOR STILIST": 6, "ORGANIZATOR BANQUETING": 1, "TEHNICIAN IN INDUSTRIA TEXTILA": 1, "TEHNICIAN MECANIC PENTRU INTRETINERE SI REPARATII": 1, "TEHNICIAN PROIECTANT CAD": 2, "TEHNICIAN IN ACTIVITATI ECONOMICE": 3, "TEHNICIAN IN PRELUCRAREA LEMNULUI": 1, "TEHNICIAN DESIGNER MOBILA SI AMENAJARI INTERIOARE": 1}, "limba_moderna": {"LIMBA ENGLEZA": 17, "LIMBA SPANIOLA": 1}, "limba_materna": {"LIMBA ROMANA": 13, "LIMBA MAGHIARA": 5}, "promotie_anterioara": {"DA": 11, "NU": 7}, "materii": {"LIMBA ROMANA": {"medie": 4.5735294117647065, "reusita": 55.55555555555556, "cnt": 18}, "GEOGRAFIE": {"medie": 4.92, "reusita": 54.54545454545454, "cnt": 11}, "GENERAL": {"medie": 4.4624999999999995, "reusita": 5.555555555555555, "cnt": 18}, "BIOLOGIE VEGETALA SI ANIMALA": {"medie": 5.025, "reusita": 75.0, "cnt": 4}, "MATEMATICA TEHN": {"medie": 3.878125, "reusita": 44.44444444444444, "cnt": 18}, "LIMBA MAGHIARA (REAL)": {"medie": 5.074999999999999, "reusita": 40.0, "cnt": 5}, "FIZICA TEH": {"medie": 3.383333333333333, "reusita": 33.33333333333333, "cnt": 3}}, "nume": "COLEGIUL TEHNIC \"ANDREI SAGUNA\" ORADEA\tBihor"}