{"specializari": {"MATEMATICA-INFORMATICA": 40, "FILOLOGIE": 39, "STIINTE SOCIALE": 40, "STIINTE ALE NATURII": 67}, "limba_moderna": {"LIMBA ENGLEZA": 185, "LIMBA FRANCEZA": 1}, "limba_materna": {"LIMBA ROMANA": 186}, "promotie_anterioara": {"NU": 175, "DA": 11}, "materii": {"LIMBA ROMANA": {"medie": 7.699999999999996, "reusita": 96.7741935483871, "cnt": 186}, "ISTORIE": {"medie": 7.813291139240505, "reusita": 98.73417721518987, "cnt": 79}, "GEOGRAFIE": {"medie": 8.310227272727273, "reusita": 100.0, "cnt": 44}, "GENERAL": {"medie": 7.747207207207204, "reusita": 85.48387096774194, "cnt": 186}, "MATEMATICA ST-NAT": {"medie": 7.044776119402988, "reusita": 86.56716417910447, "cnt": 67}, "ANATOMIE SI FIZIOLOGIE UMANA, GENETICA SI ECOLOGIE UMANA": {"medie": 8.879411764705882, "reusita": 100.0, "cnt": 34}, "MATEMATICA MATE-INFO": {"medie": 7.315384615384616, "reusita": 85.0, "cnt": 40}, "BIOLOGIE VEGETALA SI ANIMALA": {"medie": 7.607407407407407, "reusita": 96.29629629629629, "cnt": 27}, "FIZICA TEO": {"medie": 9.25, "reusita": 100.0, "cnt": 3}, "CHIMIE ORGANICA TEO NIVEL I/II": {"medie": 8.494736842105263, "reusita": 100.0, "cnt": 19}, "SOCIOLOGIE": {"medie": 7.81, "reusita": 100.0, "cnt": 30}, "INFORMATICA SN C/C++": {"medie": 7.2299999999999995, "reusita": 100.0, "cnt": 5}, "PSIHOLOGIE": {"medie": 8.475, "reusita": 100.0, "cnt": 2}, "INFORMATICA MI C/C++": {"medie": 8.607142857142858, "reusita": 100.0, "cnt": 7}, "ECONOMIE": {"medie": 9.6, "reusita": 100.0, "cnt": 1}, "CHIMIE ANORGANICA TEO NIVEL I/II": {"medie": 5.4125000000000005, "reusita": 41.66666666666667, "cnt": 12}, "FILOSOFIE": {"medie": 9.149999999999999, "reusita": 100.0, "cnt": 2}}, "nume": "COLEGIUL NATIONAL \"IANCU DE HUNEDOARA\" HUNEDOARA\tHunedoara"}