{"specializari": {"FILOLOGIE": 63, "MATEMATICA-INFORMATICA": 76, "STIINTE ALE NATURII": 62, "STIINTE SOCIALE": 31}, "limba_moderna": {"LIMBA ENGLEZA": 222, "LIMBA FRANCEZA": 10}, "limba_materna": {"LIMBA ROMANA": 232}, "promotie_anterioara": {"NU": 228, "DA": 4}, "materii": {"LIMBA ROMANA": {"medie": 8.247413793103453, "reusita": 99.56896551724138, "cnt": 232}, "ISTORIE": {"medie": 8.478191489361704, "reusita": 100.0, "cnt": 94}, "GEOGRAFIE": {"medie": 8.928571428571429, "reusita": 100.0, "cnt": 77}, "GENERAL": {"medie": 8.552453102453102, "reusita": 96.98275862068965, "cnt": 232}, "MATEMATICA ST-NAT": {"medie": 8.462903225806453, "reusita": 96.7741935483871, "cnt": 62}, "ANATOMIE SI FIZIOLOGIE UMANA, GENETICA SI ECOLOGIE UMANA": {"medie": 8.556363636363637, "reusita": 98.18181818181819, "cnt": 55}, "MATEMATICA MATE-INFO": {"medie": 8.84342105263158, "reusita": 98.68421052631578, "cnt": 76}, "BIOLOGIE VEGETALA SI ANIMALA": {"medie": 7.8687499999999995, "reusita": 87.5, "cnt": 8}, "FIZICA TEO": {"medie": 8.85, "reusita": 100.0, "cnt": 38}, "CHIMIE ORGANICA TEO NIVEL I/II": {"medie": 9.032142857142855, "reusita": 100.0, "cnt": 28}, "SOCIOLOGIE": {"medie": 7.075, "reusita": 100.0, "cnt": 2}, "PSIHOLOGIE": {"medie": 9.309999999999999, "reusita": 100.0, "cnt": 5}, "INFORMATICA MI C/C++": {"medie": 8.843750000000002, "reusita": 100.0, "cnt": 8}, "ECONOMIE": {"medie": 9.35, "reusita": 100.0, "cnt": 10}, "CHIMIE ANORGANICA TEO NIVEL I/II": {"medie": 9.95, "reusita": 100.0, "cnt": 1}}, "nume": "COLEGIUL NATIONAL \"IENACHITA VACARESCU\" TARGOVISTE\tD\u00e2mbovi\u021ba"}