{"specializari": {"FILOLOGIE": 64, "STIINTE ALE NATURII": 32, "MATEMATICA-INFORMATICA": 42}, "limba_moderna": {"LIMBA ENGLEZA": 135, "LIMBA GERMANA MODERNA": 3}, "limba_materna": {"LIMBA ROMANA": 138}, "promotie_anterioara": {"NU": 133, "DA": 5}, "materii": {"LIMBA ROMANA": {"medie": 7.747445255474451, "reusita": 99.27536231884058, "cnt": 138}, "ISTORIE": {"medie": 7.028125000000003, "reusita": 100.0, "cnt": 64}, "GEOGRAFIE": {"medie": 8.658510638297875, "reusita": 100.0, "cnt": 47}, "GENERAL": {"medie": 7.78479318734793, "reusita": 93.47826086956522, "cnt": 138}, "MATEMATICA ST-NAT": {"medie": 7.378125, "reusita": 96.875, "cnt": 32}, "ANATOMIE SI FIZIOLOGIE UMANA, GENETICA SI ECOLOGIE UMANA": {"medie": 8.26764705882353, "reusita": 100.0, "cnt": 17}, "MATEMATICA MATE-INFO": {"medie": 7.589024390243903, "reusita": 95.23809523809523, "cnt": 42}, "BIOLOGIE VEGETALA SI ANIMALA": {"medie": 7.204545454545454, "reusita": 81.81818181818183, "cnt": 11}, "FIZICA TEO": {"medie": 8.259090909090908, "reusita": 100.0, "cnt": 11}, "CHIMIE ORGANICA TEO NIVEL I/II": {"medie": 8.867391304347825, "reusita": 100.0, "cnt": 23}, "SOCIOLOGIE": {"medie": 8.15, "reusita": 100.0, "cnt": 6}, "INFORMATICA SN C/C++": {"medie": 8.5, "reusita": 100.0, "cnt": 1}, "PSIHOLOGIE": {"medie": 7.93, "reusita": 100.0, "cnt": 5}, "LOGICA, ARGUMENTARE SI COMUNICARE": {"medie": 8.7, "reusita": 100.0, "cnt": 1}, "INFORMATICA MI C/C++": {"medie": 7.922727272727273, "reusita": 100.0, "cnt": 11}, "FILOSOFIE": {"medie": 6.9, "reusita": 100.0, "cnt": 5}}, "nume": "COLEGIUL NATIONAL \"VASILE GOLDIS\" ARAD\tArad"}