{"specializari": {"TEHNICIAN TRANSPORTURI": 16, "STIINTE ALE NATURII": 3, "TEHNICIAN OPERATOR TEHNICA DE CALCUL": 8, "TEHNICIAN PROIECTANT CAD": 5, "TEHNICIAN IN INSTALATII ELECTRICE": 2, "TEHNICIAN ELECTRICIAN/ELECTRONIST AUTO": 6, "TEHNICIAN DE TELECOMUNICATII": 2, "TEHNICIAN ELECTROTEHNIST": 2, "TEHNICIAN ELECTROMECANIC": 2, "TEHNICIAN MECANIC PENTRU INTRETINERE SI REPARATII": 1, "TEHNICIAN OPERATOR PROCESARE TEXT IMAGINE": 2, "TEHNICIAN ELECTRONIST": 1}, "limba_moderna": {"LIMBA ENGLEZA": 35, "LIMBA FRANCEZA": 15}, "limba_materna": {"LIMBA ROMANA": 50}, "promotie_anterioara": {"DA": 32, "NU": 18}, "materii": {"LIMBA ROMANA": {"medie": 6.613000000000002, "reusita": 100.0, "cnt": 50}, "GENERAL": {"medie": 6.097826086956521, "reusita": 46.0, "cnt": 50}, "MATEMATICA ST-NAT": {"medie": 4.25, "reusita": 33.33333333333333, "cnt": 3}, "ANATOMIE SI FIZIOLOGIE UMANA, GENETICA SI ECOLOGIE UMANA": {"medie": 7.800000000000001, "reusita": 100.0, "cnt": 2}, "BIOLOGIE VEGETALA SI ANIMALA": {"medie": 5.356410256410255, "reusita": 57.14285714285714, "cnt": 42}, "MATEMATICA TEHN": {"medie": 5.949999999999998, "reusita": 80.85106382978722, "cnt": 47}, "CHIMIE ANORGANICA TEH NIVEL I/II": {"medie": 6.825, "reusita": 100.0, "cnt": 6}}, "nume": "COLEGIUL TEHNIC DE TRANSPORTURI BRASOV\tBra\u0219ov"}