{"specializari": {"TEHNICIAN IN SILVICULTURA SI EXPLOATARI FORESTIERE": 31, "TEHNICIAN IN ACTIVITATI ECONOMICE": 47, "TEHNICIAN PROIECTANT CAD": 30, "MATEMATICA-INFORMATICA": 2, "TEHNICIAN IN INDUSTRIA ALIMENTARA": 4, "TEHNICIAN IN GASTRONOMIE": 8, "TEHNICIAN IN INDUSTRIA TEXTILA": 1, "TEHNICIAN IN PRELUCRAREA LEMNULUI": 3, "TEHNICIAN IN INSTALATII ELECTRICE": 4, "TEHNICIAN DESENATOR PENTRU CONSTRUCTII SI INSTALATII": 2, "TEHNICIAN DESIGNER MOBILA SI AMENAJARI INTERIOARE": 1}, "limba_moderna": {"LIMBA ENGLEZA": 126, "LIMBA FRANCEZA": 7}, "limba_materna": {"LIMBA ROMANA": 133}, "promotie_anterioara": {"NU": 106, "DA": 27}, "materii": {"LIMBA ROMANA": {"medie": 5.267741935483873, "reusita": 62.40601503759399, "cnt": 133}, "GEOGRAFIE": {"medie": 7.8855769230769255, "reusita": 92.5925925925926, "cnt": 54}, "GENERAL": {"medie": 5.251239669421488, "reusita": 32.33082706766917, "cnt": 133}, "ANATOMIE SI FIZIOLOGIE UMANA, GENETICA SI ECOLOGIE UMANA": {"medie": 4.792857142857143, "reusita": 50.0, "cnt": 38}, "MATEMATICA MATE-INFO": {"medie": 5.324999999999999, "reusita": 100.0, "cnt": 2}, "BIOLOGIE VEGETALA SI ANIMALA": {"medie": 3.6214285714285714, "reusita": 20.51282051282051, "cnt": 39}, "MATEMATICA TEHN": {"medie": 4.6427419354838735, "reusita": 51.14503816793893, "cnt": 131}, "LOGICA, ARGUMENTARE SI COMUNICARE": {"medie": 9.4, "reusita": 100.0, "cnt": 1}, "CHIMIE ORGANICA TEH NIVEL I/II": {"medie": 2.6, "reusita": 0.0, "cnt": 1}}, "nume": "COLEGIUL TEHNIC \"IOAN CIORDAS\" BEIUS\tBihor"}