{"specializari": {"MATEMATICA-INFORMATICA": 108}, "limba_moderna": {"LIMBA ENGLEZA": 108}, "limba_materna": {"LIMBA ROMANA": 108}, "promotie_anterioara": {"NU": 108}, "materii": {"LIMBA ROMANA": {"medie": 8.722685185185187, "reusita": 100.0, "cnt": 108}, "GENERAL": {"medie": 8.726697530864197, "reusita": 100.0, "cnt": 108}, "MATEMATICA MATE-INFO": {"medie": 9.073148148148144, "reusita": 100.0, "cnt": 108}, "BIOLOGIE VEGETALA SI ANIMALA": {"medie": 7.953125000000001, "reusita": 100.0, "cnt": 48}, "FIZICA TEO": {"medie": 8.693877551020407, "reusita": 100.0, "cnt": 49}, "CHIMIE ORGANICA TEO NIVEL I/II": {"medie": 9.775, "reusita": 100.0, "cnt": 2}, "INFORMATICA MI C/C++": {"medie": 8.566666666666666, "reusita": 100.0, "cnt": 3}, "CHIMIE ANORGANICA TEO NIVEL I/II": {"medie": 8.75, "reusita": 100.0, "cnt": 6}}, "nume": "COLEGIUL NATIONAL MILITAR \"STEFAN CEL MARE\" CAMPULUNG MOLDOVENESC\tSuceava"}