{"specializari": {"ORGANIZATOR BANQUETING": 13, "COAFOR STILIST": 13, "TEHNICIAN OPERATOR TEHNICA DE CALCUL": 23, "TEHNICIAN IN ACTIVITATI ECONOMICE": 15, "STIINTE SOCIALE": 24, "TEHNICIAN DE TELECOMUNICATII": 1, "TEHNICIAN ELECTRICIAN/ELECTRONIST AUTO": 19, "MATEMATICA-INFORMATICA": 2}, "limba_moderna": {"LIMBA ENGLEZA": 103, "LIMBA FRANCEZA": 7}, "limba_materna": {"LIMBA ROMANA": 110}, "promotie_anterioara": {"NU": 91, "DA": 19}, "materii": {"LIMBA ROMANA": {"medie": 6.828440366972479, "reusita": 98.18181818181819, "cnt": 110}, "ISTORIE": {"medie": 8.117391304347825, "reusita": 95.83333333333334, "cnt": 24}, "GEOGRAFIE": {"medie": 8.23888888888889, "reusita": 98.18181818181819, "cnt": 55}, "GENERAL": {"medie": 7.349591194968554, "reusita": 86.36363636363636, "cnt": 110}, "MATEMATICA MATE-INFO": {"medie": 6.0, "reusita": 100.0, "cnt": 2}, "BIOLOGIE VEGETALA SI ANIMALA": {"medie": 6.603225806451613, "reusita": 90.32258064516128, "cnt": 31}, "MATEMATICA TEHN": {"medie": 7.378915662650605, "reusita": 95.23809523809523, "cnt": 84}, "LOGICA, ARGUMENTARE SI COMUNICARE": {"medie": 7.312499999999999, "reusita": 77.77777777777779, "cnt": 9}, "ECONOMIE": {"medie": 8.85, "reusita": 100.0, "cnt": 1}, "CHIMIE ANORGANICA TEH NIVEL I/II": {"medie": 7.417, "reusita": 100.0, "cnt": 10}, "FIZICA TEH": {"medie": 6.3, "reusita": 100.0, "cnt": 2}, "CHIMIE ANORGANICA TEO NIVEL I/II": {"medie": 6.025, "reusita": 100.0, "cnt": 2}}, "nume": "COLEGIUL N.V. KARPEN\" BACAU\tBac\u0103u"}