{"specializari": {"FILOLOGIE": 61, "MATEMATICA-INFORMATICA": 51, "STIINTE SOCIALE": 34, "STIINTE ALE NATURII": 31}, "limba_moderna": {"LIMBA ENGLEZA": 167, "LIMBA FRANCEZA": 6, "LIMBA GERMANA MODERNA": 4}, "limba_materna": {"LIMBA ROMANA": 177}, "promotie_anterioara": {"NU": 177}, "materii": {"LIMBA ROMANA": {"medie": 8.477118644067799, "reusita": 100.0, "cnt": 177}, "ISTORIE": {"medie": 8.906842105263156, "reusita": 100.0, "cnt": 95}, "GEOGRAFIE": {"medie": 9.092592592592593, "reusita": 100.0, "cnt": 54}, "GENERAL": {"medie": 8.886534839924668, "reusita": 100.0, "cnt": 177}, "MATEMATICA ST-NAT": {"medie": 8.725806451612904, "reusita": 100.0, "cnt": 31}, "ANATOMIE SI FIZIOLOGIE UMANA, GENETICA SI ECOLOGIE UMANA": {"medie": 9.397619047619049, "reusita": 100.0, "cnt": 42}, "MATEMATICA MATE-INFO": {"medie": 9.155882352941177, "reusita": 100.0, "cnt": 51}, "BIOLOGIE VEGETALA SI ANIMALA": {"medie": 8.6, "reusita": 100.0, "cnt": 1}, "FIZICA TEO": {"medie": 9.110000000000001, "reusita": 100.0, "cnt": 25}, "CHIMIE ORGANICA TEO NIVEL I/II": {"medie": 9.316666666666665, "reusita": 100.0, "cnt": 6}, "SOCIOLOGIE": {"medie": 9.254545454545452, "reusita": 100.0, "cnt": 11}, "PSIHOLOGIE": {"medie": 9.366666666666667, "reusita": 100.0, "cnt": 6}, "LOGICA, ARGUMENTARE SI COMUNICARE": {"medie": 9.3775, "reusita": 100.0, "cnt": 20}, "INFORMATICA MI C/C++": {"medie": 9.212499999999999, "reusita": 100.0, "cnt": 8}, "ECONOMIE": {"medie": 9.375, "reusita": 100.0, "cnt": 4}}, "nume": "COLEGIUL NATIONAL \"CALISTRAT HOGAS\", MUNICIPIUL PIATRA-NEAMT\tNeam\u021b"}