{"specializari": {"TEHNICIAN IN ACTIVITATI ECONOMICE": 59, "TEHNICIAN IN TURISM": 31, "TEHNICIAN IN GASTRONOMIE": 29, "TEHNICIAN IN ADMINISTRATIE": 32, "TEHNICIAN ANALIZE PRODUSE ALIMENTARE": 29, "TEHNICIAN IN ACTIVITATI DE COMERT": 61}, "limba_moderna": {"LIMBA ENGLEZA": 186, "LIMBA FRANCEZA": 55}, "limba_materna": {"LIMBA ROMANA": 241}, "promotie_anterioara": {"NU": 230, "DA": 11}, "materii": {"LIMBA ROMANA": {"medie": 6.771249999999999, "reusita": 95.4356846473029, "cnt": 241}, "GEOGRAFIE": {"medie": 8.257711442786073, "reusita": 98.52216748768473, "cnt": 203}, "GENERAL": {"medie": 7.211297071129703, "reusita": 83.81742738589212, "cnt": 241}, "ANATOMIE SI FIZIOLOGIE UMANA, GENETICA SI ECOLOGIE UMANA": {"medie": 7.11111111111111, "reusita": 96.29629629629629, "cnt": 27}, "MATEMATICA TEHN": {"medie": 6.751666666666663, "reusita": 92.11618257261411, "cnt": 241}, "PSIHOLOGIE": {"medie": 5.449999999999999, "reusita": 100.0, "cnt": 2}, "ECONOMIE": {"medie": 7.492857142857143, "reusita": 100.0, "cnt": 7}, "CHIMIE ANORGANICA TEH NIVEL I/II": {"medie": 5.3, "reusita": 100.0, "cnt": 1}, "CHIMIE ORGANICA TEH NIVEL I/II": {"medie": 7.25, "reusita": 100.0, "cnt": 1}}, "nume": "COLEGIUL ECONOMIC, MUN. RM. VALCEA\tV\u00e2lcea"}