{"specializari": {"MATEMATICA-INFORMATICA": 21, "INVATATOR - EDUCATOARE": 29, "INSTRUCTOR PENTRU ACTIVITATI EXTRASCOLARE": 26, "FILOLOGIE": 36, "STIINTE SOCIALE": 36}, "limba_moderna": {"LIMBA ENGLEZA": 109, "LIMBA FRANCEZA": 26, "LIMBA SPANIOLA": 13}, "limba_materna": {"LIMBA ROMANA": 148}, "promotie_anterioara": {"NU": 146, "DA": 2}, "materii": {"LIMBA ROMANA": {"medie": 6.392567567567565, "reusita": 91.21621621621621, "cnt": 148}, "ISTORIE": {"medie": 7.111734693877551, "reusita": 96.93877551020408, "cnt": 98}, "GEOGRAFIE": {"medie": 8.240000000000002, "reusita": 98.46153846153847, "cnt": 65}, "GENERAL": {"medie": 7.347184684684687, "reusita": 83.1081081081081, "cnt": 148}, "MATEMATICA MATE-INFO": {"medie": 7.595238095238095, "reusita": 100.0, "cnt": 21}, "BIOLOGIE VEGETALA SI ANIMALA": {"medie": 8.466666666666667, "reusita": 100.0, "cnt": 9}, "FIZICA TEO": {"medie": 8.34, "reusita": 100.0, "cnt": 5}, "CHIMIE ORGANICA TEO NIVEL I/II": {"medie": 8.950000000000001, "reusita": 100.0, "cnt": 3}, "SOCIOLOGIE": {"medie": 8.125, "reusita": 100.0, "cnt": 12}, "PSIHOLOGIE": {"medie": 8.43125, "reusita": 100.0, "cnt": 8}, "LOGICA, ARGUMENTARE SI COMUNICARE": {"medie": 9.015789473684208, "reusita": 100.0, "cnt": 38}, "INFORMATICA MI C/C++": {"medie": 7.433333333333333, "reusita": 100.0, "cnt": 3}, "ECONOMIE": {"medie": 5.6, "reusita": 50.0, "cnt": 2}, "CHIMIE ANORGANICA TEO NIVEL I/II": {"medie": 9.55, "reusita": 100.0, "cnt": 1}, "MATEMATICA PED": {"medie": 7.2603448275862075, "reusita": 89.65517241379311, "cnt": 29}, "FILOSOFIE": {"medie": 9.05, "reusita": 100.0, "cnt": 2}}, "nume": "COLEGIUL NATIONAL PEDAGOGIC \"SPIRU HARET\" MUNICIPIUL BUZAU\tBuz\u0103u"}