{"specializari": {"STIINTE SOCIALE": 36, "MATEMATICA-INFORMATICA": 111, "FILOLOGIE": 34}, "limba_moderna": {"LIMBA SPANIOLA": 6, "LIMBA ENGLEZA": 158, "LIMBA FRANCEZA": 17}, "limba_materna": {"LIMBA ROMANA": 181}, "promotie_anterioara": {"NU": 179, "DA": 2}, "materii": {"LIMBA ROMANA": {"medie": 8.081666666666669, "reusita": 98.34254143646409, "cnt": 181}, "ISTORIE": {"medie": 8.53357142857143, "reusita": 100.0, "cnt": 70}, "GEOGRAFIE": {"medie": 8.677272727272726, "reusita": 100.0, "cnt": 11}, "GENERAL": {"medie": 8.227094972067038, "reusita": 95.58011049723757, "cnt": 181}, "ANATOMIE SI FIZIOLOGIE UMANA, GENETICA SI ECOLOGIE UMANA": {"medie": 8.382812500000002, "reusita": 100.0, "cnt": 32}, "MATEMATICA MATE-INFO": {"medie": 7.866666666666665, "reusita": 100.0, "cnt": 111}, "BIOLOGIE VEGETALA SI ANIMALA": {"medie": 8.42, "reusita": 100.0, "cnt": 15}, "FIZICA TEO": {"medie": 8.016666666666667, "reusita": 100.0, "cnt": 6}, "CHIMIE ORGANICA TEO NIVEL I/II": {"medie": 7.566666666666667, "reusita": 100.0, "cnt": 6}, "SOCIOLOGIE": {"medie": 9.4625, "reusita": 100.0, "cnt": 4}, "PSIHOLOGIE": {"medie": 9.5, "reusita": 100.0, "cnt": 1}, "LOGICA, ARGUMENTARE SI COMUNICARE": {"medie": 8.829347826086954, "reusita": 93.47826086956522, "cnt": 46}, "INFORMATICA MI C/C++": {"medie": 8.127000000000002, "reusita": 98.0, "cnt": 50}, "ECONOMIE": {"medie": 8.178571428571429, "reusita": 100.0, "cnt": 7}, "CHIMIE ANORGANICA TEO NIVEL I/II": {"medie": 6.800000000000001, "reusita": 100.0, "cnt": 2}, "FILOSOFIE": {"medie": 9.1, "reusita": 100.0, "cnt": 1}}, "nume": "COLEGIUL NATIONAL \"FERDINAND I\" BACAU\tBac\u0103u"}