{"specializari": {"MATEMATICA-INFORMATICA": 25, "STIINTE ALE NATURII": 31, "FILOLOGIE": 95}, "limba_moderna": {"LIMBA ENGLEZA": 151}, "limba_materna": {"LIMBA ROMANA": 151}, "promotie_anterioara": {"NU": 136, "DA": 15}, "materii": {"LIMBA ROMANA": {"medie": 6.602054794520547, "reusita": 85.43046357615894, "cnt": 151}, "ISTORIE": {"medie": 6.340425531914892, "reusita": 86.31578947368422, "cnt": 95}, "GEOGRAFIE": {"medie": 7.341666666666667, "reusita": 89.13043478260869, "cnt": 92}, "GENERAL": {"medie": 6.74703196347032, "reusita": 66.88741721854305, "cnt": 151}, "MATEMATICA ST-NAT": {"medie": 5.7209677419354845, "reusita": 74.19354838709677, "cnt": 31}, "ANATOMIE SI FIZIOLOGIE UMANA, GENETICA SI ECOLOGIE UMANA": {"medie": 7.385416666666667, "reusita": 87.5, "cnt": 48}, "MATEMATICA MATE-INFO": {"medie": 6.86, "reusita": 88.0, "cnt": 25}, "FIZICA TEO": {"medie": 4.7, "reusita": 0.0, "cnt": 1}, "CHIMIE ORGANICA TEO NIVEL I/II": {"medie": 6.7, "reusita": 100.0, "cnt": 1}, "LOGICA, ARGUMENTARE SI COMUNICARE": {"medie": 9.316666666666666, "reusita": 100.0, "cnt": 3}, "INFORMATICA MI C/C++": {"medie": 6.958333333333333, "reusita": 100.0, "cnt": 6}}, "nume": "COLEGIUL NATIONAL \"OCTAVIAN GOGA\" MARGHITA\tBihor"}