{"specializari": {"TEHNICIAN IN ACTIVITATI DE POSTA": 18, "ORGANIZATOR BANQUETING": 26, "TEHNICIAN DE TELECOMUNICATII": 63, "TEHNICIAN ELECTRONIST": 8, "MATEMATICA-INFORMATICA": 35, "TEHNICIAN IN GASTRONOMIE": 4}, "limba_moderna": {"LIMBA ENGLEZA": 141, "LIMBA FRANCEZA": 13}, "limba_materna": {"LIMBA ROMANA": 154}, "promotie_anterioara": {"NU": 83, "DA": 71}, "materii": {"LIMBA ROMANA": {"medie": 5.678187919463087, "reusita": 83.11688311688312, "cnt": 154}, "GEOGRAFIE": {"medie": 6.509999999999999, "reusita": 84.78260869565217, "cnt": 46}, "GENERAL": {"medie": 5.359154929577463, "reusita": 31.818181818181817, "cnt": 154}, "MATEMATICA MATE-INFO": {"medie": 4.555882352941175, "reusita": 51.42857142857142, "cnt": 35}, "BIOLOGIE VEGETALA SI ANIMALA": {"medie": 4.383544303797468, "reusita": 37.64705882352941, "cnt": 85}, "FIZICA TEO": {"medie": 6.1, "reusita": 100.0, "cnt": 1}, "MATEMATICA TEHN": {"medie": 5.370085470085472, "reusita": 69.74789915966386, "cnt": 119}, "PSIHOLOGIE": {"medie": 7.55, "reusita": 100.0, "cnt": 1}, "INFORMATICA MI C/C++": {"medie": 6.909999999999999, "reusita": 80.0, "cnt": 5}, "ECONOMIE": {"medie": 5.25, "reusita": 100.0, "cnt": 1}, "FIZICA TEH": {"medie": 4.863636363636363, "reusita": 58.333333333333336, "cnt": 12}, "CHIMIE ANORGANICA TEO NIVEL I/II": {"medie": 5.2, "reusita": 100.0, "cnt": 1}, "CHIMIE ORGANICA TEH NIVEL I/II": {"medie": 4.7, "reusita": 0.0, "cnt": 1}, "INFORMATICA MI PASCAL": {"medie": 6.55, "reusita": 100.0, "cnt": 1}}, "nume": "COLEGIUL TEHNIC DE POSTA SI TELECOMUNICATII \"GHEORGHE AIRINEI\"\tBucure\u0219ti"}