{"specializari": {"MATEMATICA-INFORMATICA": 24, "TEHNICIAN ELECTROMECANIC": 10, "TEHNICIAN MECATRONIST": 12, "TEHNICIAN ELECTROTEHNIST": 10, "TEHNICIAN IN INSTALATII ELECTRICE": 7, "TEHNICIAN MECANIC PENTRU INTRETINERE SI REPARATII": 8, "TEHNICIAN ELECTRONIST": 5}, "limba_moderna": {"LIMBA ENGLEZA": 74, "LIMBA FRANCEZA": 2}, "limba_materna": {"LIMBA ROMANA": 76}, "promotie_anterioara": {"NU": 23, "DA": 53}, "materii": {"LIMBA ROMANA": {"medie": 5.36554054054054, "reusita": 80.26315789473685, "cnt": 76}, "GENERAL": {"medie": 5.178703703703706, "reusita": 26.31578947368421, "cnt": 76}, "ANATOMIE SI FIZIOLOGIE UMANA, GENETICA SI ECOLOGIE UMANA": {"medie": 6.595238095238095, "reusita": 90.47619047619048, "cnt": 21}, "MATEMATICA MATE-INFO": {"medie": 5.000000000000001, "reusita": 58.333333333333336, "cnt": 24}, "BIOLOGIE VEGETALA SI ANIMALA": {"medie": 4.839000000000001, "reusita": 46.15384615384615, "cnt": 52}, "MATEMATICA TEHN": {"medie": 4.742000000000001, "reusita": 61.53846153846154, "cnt": 52}, "FIZICA TEH": {"medie": 2.5, "reusita": 0.0, "cnt": 1}, "CHIMIE ANORGANICA TEO NIVEL I/II": {"medie": 5.0, "reusita": 100.0, "cnt": 1}, "CHIMIE ORGANICA TEH NIVEL I/II": {"medie": 5.0, "reusita": 100.0, "cnt": 1}}, "nume": "COLEGIUL TEHNIC ENERGETIC\tBucure\u0219ti"}