{"specializari": {"MATEMATICA-INFORMATICA": 247}, "limba_moderna": {"LIMBA ENGLEZA": 242, "LIMBA FRANCEZA": 5}, "limba_materna": {"LIMBA ROMANA": 247}, "promotie_anterioara": {"NU": 246, "DA": 1}, "materii": {"LIMBA ROMANA": {"medie": 8.83987854251012, "reusita": 100.0, "cnt": 247}, "GENERAL": {"medie": 9.08724696356275, "reusita": 99.59514170040485, "cnt": 247}, "ANATOMIE SI FIZIOLOGIE UMANA, GENETICA SI ECOLOGIE UMANA": {"medie": 9.3375, "reusita": 100.0, "cnt": 20}, "MATEMATICA MATE-INFO": {"medie": 9.262145748987852, "reusita": 100.0, "cnt": 247}, "BIOLOGIE VEGETALA SI ANIMALA": {"medie": 8.568181818181818, "reusita": 100.0, "cnt": 11}, "FIZICA TEO": {"medie": 9.081651376146793, "reusita": 100.0, "cnt": 109}, "CHIMIE ORGANICA TEO NIVEL I/II": {"medie": 9.2125, "reusita": 100.0, "cnt": 24}, "INFORMATICA MI C/C++": {"medie": 9.273125000000002, "reusita": 100.0, "cnt": 80}, "CHIMIE ANORGANICA TEO NIVEL I/II": {"medie": 9.533333333333333, "reusita": 100.0, "cnt": 3}}, "nume": "COLEGIUL NATIONAL DE INFORMATICA \"TUDOR VIANU\"\tBucure\u0219ti"}