{"specializari": {"MATEMATICA-INFORMATICA": 98}, "limba_moderna": {"LIMBA ENGLEZA": 96, "LIMBA FRANCEZA": 2}, "limba_materna": {"LIMBA ROMANA": 98}, "promotie_anterioara": {"NU": 98}, "materii": {"LIMBA ROMANA": {"medie": 8.547448979591836, "reusita": 100.0, "cnt": 98}, "GENERAL": {"medie": 8.79625850340136, "reusita": 100.0, "cnt": 98}, "MATEMATICA MATE-INFO": {"medie": 9.312244897959182, "reusita": 100.0, "cnt": 98}, "BIOLOGIE VEGETALA SI ANIMALA": {"medie": 8.822916666666666, "reusita": 100.0, "cnt": 24}, "FIZICA TEO": {"medie": 8.453521126760563, "reusita": 100.0, "cnt": 71}, "CHIMIE ORGANICA TEO NIVEL I/II": {"medie": 9.2, "reusita": 100.0, "cnt": 1}, "INFORMATICA MI C/C++": {"medie": 6.95, "reusita": 100.0, "cnt": 1}, "CHIMIE ANORGANICA TEO NIVEL I/II": {"medie": 7.75, "reusita": 100.0, "cnt": 1}}, "nume": "COLEGIUL NATIONAL MILITAR \"MIHAI VITEAZUL\" ALBA IULIA\tAlba"}