{"specializari": {"TEHNICIAN MECANIC PENTRU INTRETINERE SI REPARATII": 51, "TEHNICIAN IN ACTIVITATI ECONOMICE": 26, "MATEMATICA-INFORMATICA": 19, "TEHNICIAN IN INSTALATII ELECTRICE": 31, "TEHNICIAN OPERATOR TEHNICA DE CALCUL": 23, "TEHNICIAN IN INDUSTRIA TEXTILA": 14, "TEHNICIAN IN INDUSTRIA ALIMENTARA": 40, "TEHNICIAN DESENATOR PENTRU CONSTRUCTII SI INSTALATII": 20, "TEHNICIAN ELECTROTEHNIST": 4, "TEHNICIAN ECOLOG SI PROTECTIA CALITATII MEDIULUI": 31, "TEHNICIAN IN AUTOMATIZARI": 30, "TEHNICIAN IN ADMINISTRATIE": 25, "TEHNICIAN ELECTROMECANIC": 1}, "limba_moderna": {"LIMBA ENGLEZA": 275, "LIMBA FRANCEZA": 40}, "limba_materna": {"LIMBA ROMANA": 315}, "promotie_anterioara": {"DA": 79, "NU": 236}, "materii": {"LIMBA ROMANA": {"medie": 5.948979591836736, "reusita": 76.19047619047619, "cnt": 315}, "GEOGRAFIE": {"medie": 7.993999999999999, "reusita": 94.11764705882352, "cnt": 51}, "GENERAL": {"medie": 5.619600938967136, "reusita": 34.285714285714285, "cnt": 315}, "ANATOMIE SI FIZIOLOGIE UMANA, GENETICA SI ECOLOGIE UMANA": {"medie": 5.950000000000001, "reusita": 74.50980392156863, "cnt": 51}, "MATEMATICA MATE-INFO": {"medie": 3.2166666666666663, "reusita": 15.789473684210526, "cnt": 19}, "BIOLOGIE VEGETALA SI ANIMALA": {"medie": 4.485593220338982, "reusita": 37.696335078534034, "cnt": 191}, "FIZICA TEO": {"medie": 5.7, "reusita": 25.0, "cnt": 4}, "MATEMATICA TEHN": {"medie": 5.410247349823322, "reusita": 65.2027027027027, "cnt": 296}, "FIZICA TEH": {"medie": 6.416666666666667, "reusita": 71.42857142857143, "cnt": 7}, "CHIMIE ORGANICA TEH NIVEL I/II": {"medie": 6.0636363636363635, "reusita": 72.72727272727273, "cnt": 11}}, "nume": "COLEGIUL TEHNIC MOTRU\tGorj"}