{"specializari": {"MATEMATICA-INFORMATICA": 104, "STIINTE ALE NATURII": 29, "STIINTE SOCIALE": 35, "FILOLOGIE": 33}, "limba_moderna": {"LIMBA ENGLEZA": 186, "LIMBA FRANCEZA": 14, "LIMBA GERMANA MODERNA": 1}, "limba_materna": {"LIMBA ROMANA": 201}, "promotie_anterioara": {"NU": 184, "DA": 17}, "materii": {"LIMBA ROMANA": {"medie": 7.490298507462692, "reusita": 98.50746268656717, "cnt": 201}, "ISTORIE": {"medie": 7.323529411764706, "reusita": 100.0, "cnt": 68}, "GEOGRAFIE": {"medie": 8.988805970149256, "reusita": 100.0, "cnt": 67}, "GENERAL": {"medie": 7.588723051409618, "reusita": 83.08457711442786, "cnt": 201}, "MATEMATICA ST-NAT": {"medie": 5.468965517241379, "reusita": 72.41379310344827, "cnt": 29}, "ANATOMIE SI FIZIOLOGIE UMANA, GENETICA SI ECOLOGIE UMANA": {"medie": 8.0, "reusita": 91.66666666666666, "cnt": 24}, "MATEMATICA MATE-INFO": {"medie": 7.448557692307691, "reusita": 90.38461538461539, "cnt": 104}, "BIOLOGIE VEGETALA SI ANIMALA": {"medie": 7.539999999999998, "reusita": 95.78947368421052, "cnt": 95}, "FIZICA TEO": {"medie": 8.722222222222221, "reusita": 100.0, "cnt": 9}, "CHIMIE ORGANICA TEO NIVEL I/II": {"medie": 8.15, "reusita": 100.0, "cnt": 1}, "INFORMATICA MI C/C++": {"medie": 8.2875, "reusita": 100.0, "cnt": 4}, "ECONOMIE": {"medie": 8.85, "reusita": 100.0, "cnt": 1}}, "nume": "COLEGIUL NATIONAL \"VLADIMIR STREINU\" GAESTI\tD\u00e2mbovi\u021ba"}