{"specializari": {"MATEMATICA-INFORMATICA": 70, "STIINTE SOCIALE": 30, "FILOLOGIE": 28}, "limba_moderna": {"LIMBA ENGLEZA": 119, "LIMBA FRANCEZA": 9}, "limba_materna": {"LIMBA ROMANA": 128}, "promotie_anterioara": {"NU": 118, "DA": 10}, "materii": {"LIMBA ROMANA": {"medie": 7.267600000000002, "reusita": 93.75, "cnt": 128}, "ISTORIE": {"medie": 6.824561403508773, "reusita": 98.27586206896551, "cnt": 58}, "GEOGRAFIE": {"medie": 8.472222222222223, "reusita": 100.0, "cnt": 9}, "GENERAL": {"medie": 7.75067750677507, "reusita": 84.375, "cnt": 128}, "MATEMATICA MATE-INFO": {"medie": 7.940441176470591, "reusita": 88.57142857142857, "cnt": 70}, "BIOLOGIE VEGETALA SI ANIMALA": {"medie": 7.401785714285715, "reusita": 92.85714285714286, "cnt": 28}, "FIZICA TEO": {"medie": 8.910000000000002, "reusita": 100.0, "cnt": 25}, "CHIMIE ORGANICA TEO NIVEL I/II": {"medie": 9.525, "reusita": 93.33333333333333, "cnt": 15}, "PSIHOLOGIE": {"medie": 10.0, "reusita": 100.0, "cnt": 1}, "LOGICA, ARGUMENTARE SI COMUNICARE": {"medie": 8.393181818181816, "reusita": 95.65217391304348, "cnt": 46}, "INFORMATICA MI C/C++": {"medie": 8.95, "reusita": 100.0, "cnt": 1}, "ECONOMIE": {"medie": 9.75, "reusita": 100.0, "cnt": 2}, "INFORMATICA MI PASCAL": {"medie": 8.9, "reusita": 100.0, "cnt": 1}}, "nume": "COLEGIUL NATIONAL \"UNIREA\" TURNU MAGURELE\tTeleorman"}