{"specializari": {"MATEMATICA-INFORMATICA": 59, "STIINTE ALE NATURII": 40, "FILOLOGIE": 70, "STIINTE SOCIALE": 37}, "limba_moderna": {"LIMBA ENGLEZA": 174, "LIMBA FRANCEZA": 32}, "limba_materna": {"LIMBA ROMANA": 206}, "promotie_anterioara": {"NU": 179, "DA": 27}, "materii": {"LIMBA ROMANA": {"medie": 6.9660891089108885, "reusita": 90.29126213592234, "cnt": 206}, "ISTORIE": {"medie": 6.780288461538461, "reusita": 93.45794392523365, "cnt": 107}, "GEOGRAFIE": {"medie": 7.671500000000001, "reusita": 96.07843137254902, "cnt": 102}, "GENERAL": {"medie": 7.225773195876289, "reusita": 70.87378640776699, "cnt": 206}, "MATEMATICA ST-NAT": {"medie": 4.154054054054054, "reusita": 47.5, "cnt": 40}, "ANATOMIE SI FIZIOLOGIE UMANA, GENETICA SI ECOLOGIE UMANA": {"medie": 7.388000000000002, "reusita": 84.90566037735849, "cnt": 53}, "MATEMATICA MATE-INFO": {"medie": 8.161016949152545, "reusita": 98.30508474576271, "cnt": 59}, "BIOLOGIE VEGETALA SI ANIMALA": {"medie": 3.675, "reusita": 0.0, "cnt": 2}, "FIZICA TEO": {"medie": 9.135714285714286, "reusita": 100.0, "cnt": 7}, "CHIMIE ORGANICA TEO NIVEL I/II": {"medie": 9.549999999999999, "reusita": 100.0, "cnt": 3}, "SOCIOLOGIE": {"medie": 9.7, "reusita": 100.0, "cnt": 1}, "INFORMATICA MI C/C++": {"medie": 9.712499999999999, "reusita": 100.0, "cnt": 8}, "ECONOMIE": {"medie": 5.625, "reusita": 50.0, "cnt": 2}, "CHIMIE ANORGANICA TEO NIVEL I/II": {"medie": 8.392307692307694, "reusita": 96.15384615384616, "cnt": 26}, "FILOSOFIE": {"medie": 6.5, "reusita": 50.0, "cnt": 2}}, "nume": "COLEGIUL NATIONAL \"EMIL BOTTA\" ADJUD\tVrancea"}