{"specializari": {"TEHNICIAN ELECTROMECANIC": 20, "TEHNICIAN IN AUTOMATIZARI": 23, "TEHNICIAN IN INSTALATII ELECTRICE": 22, "TEHNICIAN DE TELECOMUNICATII": 19, "TEHNICIAN ELECTROTEHNIST": 30, "TEHNICIAN ENERGETICIAN": 4}, "limba_moderna": {"LIMBA ENGLEZA": 114, "LIMBA GERMANA MODERNA": 4}, "limba_materna": {"LIMBA ROMANA": 118}, "promotie_anterioara": {"NU": 94, "DA": 24}, "materii": {"LIMBA ROMANA": {"medie": 5.232870370370372, "reusita": 73.72881355932203, "cnt": 118}, "GENERAL": {"medie": 5.08753894080997, "reusita": 26.27118644067797, "cnt": 118}, "BIOLOGIE VEGETALA SI ANIMALA": {"medie": 4.690384615384615, "reusita": 45.535714285714285, "cnt": 112}, "MATEMATICA TEHN": {"medie": 5.241203703703705, "reusita": 57.6271186440678, "cnt": 118}, "FIZICA TEH": {"medie": 5.12, "reusita": 33.33333333333333, "cnt": 6}}, "nume": "COLEGIUL TEHNIC ENERGETIC SIBIU\tSibiu"}