{"specializari": {"MATEMATICA-INFORMATICA": 109, "STIINTE ALE NATURII": 30, "STIINTE SOCIALE": 30, "FILOLOGIE": 30}, "limba_moderna": {"LIMBA ENGLEZA": 189, "LIMBA FRANCEZA": 9, "LIMBA GERMANA MODERNA": 1}, "limba_materna": {"LIMBA ROMANA": 199}, "promotie_anterioara": {"NU": 199}, "materii": {"LIMBA ROMANA": {"medie": 8.576767676767675, "reusita": 99.49748743718592, "cnt": 199}, "ISTORIE": {"medie": 8.068644067796612, "reusita": 98.33333333333333, "cnt": 60}, "GEOGRAFIE": {"medie": 9.424999999999999, "reusita": 100.0, "cnt": 14}, "GENERAL": {"medie": 8.750420875420879, "reusita": 99.49748743718592, "cnt": 199}, "MATEMATICA ST-NAT": {"medie": 9.136666666666667, "reusita": 100.0, "cnt": 30}, "ANATOMIE SI FIZIOLOGIE UMANA, GENETICA SI ECOLOGIE UMANA": {"medie": 8.846428571428572, "reusita": 100.0, "cnt": 42}, "MATEMATICA MATE-INFO": {"medie": 9.12155963302752, "reusita": 100.0, "cnt": 109}, "FIZICA TEO": {"medie": 8.52560975609756, "reusita": 100.0, "cnt": 41}, "CHIMIE ORGANICA TEO NIVEL I/II": {"medie": 9.041304347826086, "reusita": 100.0, "cnt": 23}, "SOCIOLOGIE": {"medie": 9.166666666666666, "reusita": 100.0, "cnt": 3}, "INFORMATICA SN C/C++": {"medie": 8.3, "reusita": 100.0, "cnt": 2}, "PSIHOLOGIE": {"medie": 8.85, "reusita": 100.0, "cnt": 3}, "LOGICA, ARGUMENTARE SI COMUNICARE": {"medie": 9.147222222222222, "reusita": 97.2972972972973, "cnt": 37}, "INFORMATICA MI C/C++": {"medie": 8.726666666666667, "reusita": 100.0, "cnt": 30}, "ECONOMIE": {"medie": 8.399999999999999, "reusita": 100.0, "cnt": 2}, "CHIMIE ANORGANICA TEO NIVEL I/II": {"medie": 6.2, "reusita": 100.0, "cnt": 1}, "FILOSOFIE": {"medie": 9.4, "reusita": 100.0, "cnt": 1}}, "nume": "COLEGIUL NATIONAL \"MIHAIL KOGALNICEANU\", LOCALITATEA GALATI\tGala\u021bi"}