{"specializari": {"TEHNICIAN IN TURISM": 23, "MATEMATICA-INFORMATICA": 9, "TEHNICIAN DE TELECOMUNICATII": 4, "TEHNICIAN ECOLOG SI PROTECTIA CALITATII MEDIULUI": 16, "TEHNICIAN DESENATOR PENTRU CONSTRUCTII SI INSTALATII": 7, "TEHNICIAN OPERATOR TEHNICA DE CALCUL": 20, "TEHNICIAN MECATRONIST": 4, "TEHNICIAN IN ACTIVITATI ECONOMICE": 26, "TEHNICIAN PROIECTANT CAD": 2}, "limba_moderna": {"LIMBA ENGLEZA": 103, "LIMBA FRANCEZA": 8}, "limba_materna": {"LIMBA ROMANA": 111}, "promotie_anterioara": {"DA": 36, "NU": 75}, "materii": {"LIMBA ROMANA": {"medie": 6.144392523364488, "reusita": 90.09009009009009, "cnt": 111}, "GEOGRAFIE": {"medie": 7.5054347826086945, "reusita": 91.83673469387756, "cnt": 49}, "GENERAL": {"medie": 5.909764309764311, "reusita": 43.24324324324324, "cnt": 111}, "ANATOMIE SI FIZIOLOGIE UMANA, GENETICA SI ECOLOGIE UMANA": {"medie": 5.3999999999999995, "reusita": 66.66666666666666, "cnt": 3}, "MATEMATICA MATE-INFO": {"medie": 3.778571428571428, "reusita": 44.44444444444444, "cnt": 9}, "BIOLOGIE VEGETALA SI ANIMALA": {"medie": 4.774509803921568, "reusita": 54.54545454545454, "cnt": 55}, "MATEMATICA TEHN": {"medie": 5.408673469387754, "reusita": 72.54901960784314, "cnt": 102}, "INFORMATICA MI C/C++": {"medie": 5.15, "reusita": 100.0, "cnt": 1}, "FIZICA TEH": {"medie": 4.3500000000000005, "reusita": 33.33333333333333, "cnt": 3}}, "nume": "COLEGIUL TEHNIC \"ION MINCU\" FOCSANI\tVrancea"}