{"specializari": {"MUZICA": 59, "ARTA ACTORULUI": 35}, "limba_moderna": {"LIMBA ENGLEZA": 93, "LIMBA FRANCEZA": 1}, "limba_materna": {"LIMBA ROMANA": 94}, "promotie_anterioara": {"NU": 78, "DA": 16}, "materii": {"LIMBA ROMANA": {"medie": 6.21451612903226, "reusita": 87.2340425531915, "cnt": 94}, "ISTORIE": {"medie": 6.675543478260873, "reusita": 88.29787234042553, "cnt": 94}, "GEOGRAFIE": {"medie": 8.032142857142857, "reusita": 93.10344827586206, "cnt": 58}, "GENERAL": {"medie": 6.920370370370374, "reusita": 75.53191489361703, "cnt": 94}, "PSIHOLOGIE": {"medie": "-", "reusita": 0.0, "cnt": 1}, "LOGICA, ARGUMENTARE SI COMUNICARE": {"medie": 7.28030303030303, "reusita": 84.84848484848484, "cnt": 33}, "ECONOMIE": {"medie": 9.2, "reusita": 100.0, "cnt": 1}, "FILOSOFIE": {"medie": 5.9, "reusita": 100.0, "cnt": 1}}, "nume": "COLEGIUL NATIONAL DE ARTE \"DINU LIPATTI\"\tBucure\u0219ti"}