{"specializari": {"FILOLOGIE": 35, "INVATATOR - EDUCATOARE": 32, "MATEMATICA-INFORMATICA": 23, "STIINTE SOCIALE": 36}, "limba_moderna": {"LIMBA ENGLEZA": 123, "LIMBA FRANCEZA": 2, "LIMBA GERMANA MODERNA": 1}, "limba_materna": {"LIMBA ROMANA": 126}, "promotie_anterioara": {"NU": 125, "DA": 1}, "materii": {"LIMBA ROMANA": {"medie": 8.085199999999999, "reusita": 98.4126984126984, "cnt": 126}, "ISTORIE": {"medie": 8.39214285714286, "reusita": 98.59154929577466, "cnt": 71}, "GEOGRAFIE": {"medie": 9.038, "reusita": 100.0, "cnt": 25}, "GENERAL": {"medie": 8.409333333333334, "reusita": 97.61904761904762, "cnt": 126}, "ANATOMIE SI FIZIOLOGIE UMANA, GENETICA SI ECOLOGIE UMANA": {"medie": 9.716666666666667, "reusita": 100.0, "cnt": 3}, "MATEMATICA MATE-INFO": {"medie": 7.921739130434782, "reusita": 100.0, "cnt": 23}, "FIZICA TEO": {"medie": 9.25, "reusita": 100.0, "cnt": 1}, "SOCIOLOGIE": {"medie": 8.349999999999998, "reusita": 97.5, "cnt": 40}, "PSIHOLOGIE": {"medie": 8.675, "reusita": 100.0, "cnt": 8}, "LOGICA, ARGUMENTARE SI COMUNICARE": {"medie": 8.917857142857143, "reusita": 100.0, "cnt": 28}, "INFORMATICA MI C/C++": {"medie": 9.277777777777779, "reusita": 100.0, "cnt": 18}, "ECONOMIE": {"medie": 9.6, "reusita": 100.0, "cnt": 1}, "CHIMIE ANORGANICA TEO NIVEL I/II": {"medie": 7.95, "reusita": 100.0, "cnt": 1}, "MATEMATICA PED": {"medie": 8.439062499999999, "reusita": 100.0, "cnt": 32}, "FILOSOFIE": {"medie": 9.5, "reusita": 100.0, "cnt": 1}}, "nume": "COLEGIUL NATIONAL \"PREPARANDIA-DIMITRIE TICHINDEAL\" ARAD\tArad"}