{"specializari": {"STIINTE ALE NATURII": 56, "STIINTE SOCIALE": 34, "MATEMATICA-INFORMATICA": 26}, "limba_moderna": {"LIMBA ENGLEZA": 116}, "limba_materna": {"LIMBA ROMANA": 116}, "promotie_anterioara": {"NU": 116}, "materii": {"LIMBA ROMANA": {"medie": 8.251724137931031, "reusita": 100.0, "cnt": 116}, "ISTORIE": {"medie": 9.369117647058825, "reusita": 100.0, "cnt": 34}, "GEOGRAFIE": {"medie": 8.986666666666666, "reusita": 100.0, "cnt": 15}, "GENERAL": {"medie": 8.914367816091954, "reusita": 100.0, "cnt": 116}, "MATEMATICA ST-NAT": {"medie": 8.895535714285716, "reusita": 100.0, "cnt": 56}, "ANATOMIE SI FIZIOLOGIE UMANA, GENETICA SI ECOLOGIE UMANA": {"medie": 9.419767441860468, "reusita": 100.0, "cnt": 43}, "MATEMATICA MATE-INFO": {"medie": 9.66923076923077, "reusita": 100.0, "cnt": 26}, "FIZICA TEO": {"medie": 7.0249999999999995, "reusita": 100.0, "cnt": 4}, "CHIMIE ORGANICA TEO NIVEL I/II": {"medie": 8.575, "reusita": 100.0, "cnt": 2}, "SOCIOLOGIE": {"medie": 9.45, "reusita": 100.0, "cnt": 4}, "INFORMATICA SN C/C++": {"medie": 9.683333333333334, "reusita": 100.0, "cnt": 3}, "LOGICA, ARGUMENTARE SI COMUNICARE": {"medie": 9.232142857142858, "reusita": 100.0, "cnt": 14}, "INFORMATICA MI C/C++": {"medie": 9.573913043478262, "reusita": 100.0, "cnt": 23}, "ECONOMIE": {"medie": 9.8, "reusita": 100.0, "cnt": 1}, "CHIMIE ANORGANICA TEO NIVEL I/II": {"medie": 9.385714285714284, "reusita": 100.0, "cnt": 7}}, "nume": "COLEGIUL NATIONAL \"MIHAI VITEAZUL\" TURDA\tCluj"}