{"specializari": {"MATEMATICA-INFORMATICA": 178, "STIINTE ALE NATURII": 60, "FILOLOGIE": 33}, "limba_moderna": {"LIMBA ENGLEZA": 257, "LIMBA GERMANA MODERNA": 13, "LIMBA FRANCEZA": 1}, "limba_materna": {"LIMBA ROMANA": 211, "LIMBA MAGHIARA": 60}, "promotie_anterioara": {"NU": 269, "DA": 2}, "materii": {"LIMBA ROMANA": {"medie": 8.161992619926195, "reusita": 99.2619926199262, "cnt": 271}, "ISTORIE": {"medie": 8.877272727272725, "reusita": 96.96969696969697, "cnt": 33}, "GEOGRAFIE": {"medie": 9.138888888888891, "reusita": 100.0, "cnt": 18}, "GENERAL": {"medie": 8.673785362853621, "reusita": 98.1549815498155, "cnt": 271}, "MATEMATICA ST-NAT": {"medie": 8.480000000000002, "reusita": 100.0, "cnt": 60}, "ANATOMIE SI FIZIOLOGIE UMANA, GENETICA SI ECOLOGIE UMANA": {"medie": 9.252482269503544, "reusita": 99.29078014184397, "cnt": 141}, "MATEMATICA MATE-INFO": {"medie": 8.603089887640449, "reusita": 98.87640449438202, "cnt": 178}, "BIOLOGIE VEGETALA SI ANIMALA": {"medie": 9.0, "reusita": 100.0, "cnt": 1}, "FIZICA TEO": {"medie": 8.56, "reusita": 100.0, "cnt": 15}, "CHIMIE ORGANICA TEO NIVEL I/II": {"medie": 8.541666666666668, "reusita": 100.0, "cnt": 12}, "LIMBA MAGHIARA (REAL)": {"medie": 8.863333333333335, "reusita": 100.0, "cnt": 60}, "SOCIOLOGIE": {"medie": 9.566666666666666, "reusita": 100.0, "cnt": 3}, "PSIHOLOGIE": {"medie": 9.308333333333332, "reusita": 100.0, "cnt": 6}, "LOGICA, ARGUMENTARE SI COMUNICARE": {"medie": 9.6, "reusita": 100.0, "cnt": 1}, "INFORMATICA MI C/C++": {"medie": 9.35, "reusita": 100.0, "cnt": 9}, "ECONOMIE": {"medie": 9.55, "reusita": 100.0, "cnt": 2}, "CHIMIE ANORGANICA TEO NIVEL I/II": {"medie": 8.5, "reusita": 100.0, "cnt": 3}, "FILOSOFIE": {"medie": 8.383333333333333, "reusita": 100.0, "cnt": 3}, "INFORMATICA MI PASCAL": {"medie": 9.213157894736842, "reusita": 100.0, "cnt": 57}}, "nume": "COLEGIUL NATIONAL \"SILVANIA\" ZALAU\tS\u0103laj"}