{"specializari": {"TEHNICIAN HORTICULTOR": 13, "TEHNICIAN VETERINAR": 26, "TEHNICIAN IN AGRICULTURA": 2, "TEHNICIAN PENTRU ANIMALE DE COMPANIE": 17, "TEHNICIAN ECOLOG SI PROTECTIA CALITATII MEDIULUI": 11, "TEHNICIAN IN ACTIVITATI ECONOMICE": 21}, "limba_moderna": {"LIMBA ENGLEZA": 90}, "limba_materna": {"LIMBA ROMANA": 90}, "promotie_anterioara": {"DA": 36, "NU": 54}, "materii": {"LIMBA ROMANA": {"medie": 5.402325581395348, "reusita": 73.33333333333333, "cnt": 90}, "GEOGRAFIE": {"medie": 5.8921052631578945, "reusita": 76.19047619047619, "cnt": 21}, "GENERAL": {"medie": 5.131359649122807, "reusita": 30.0, "cnt": 90}, "ANATOMIE SI FIZIOLOGIE UMANA, GENETICA SI ECOLOGIE UMANA": {"medie": 5.114999999999999, "reusita": 60.0, "cnt": 30}, "BIOLOGIE VEGETALA SI ANIMALA": {"medie": 4.470000000000001, "reusita": 38.46153846153847, "cnt": 39}, "MATEMATICA TEHN": {"medie": 4.673125, "reusita": 51.11111111111111, "cnt": 90}}, "nume": "COLEGIUL TEHNOLOGIC \"VIACESLAV HARNAJ\"\tBucure\u0219ti"}