{"specializari": {"TEHNICIAN IN ACTIVITATI DE POSTA": 19, "TEHNICIAN DE TELECOMUNICATII": 41, "TEHNICIAN OPERATOR TEHNICA DE CALCUL": 27, "TEHNICIAN ELECTRONIST": 23, "MATEMATICA-INFORMATICA": 1}, "limba_moderna": {"LIMBA FRANCEZA": 7, "LIMBA ENGLEZA": 104}, "limba_materna": {"LIMBA ROMANA": 111}, "promotie_anterioara": {"NU": 94, "DA": 17}, "materii": {"LIMBA ROMANA": {"medie": 7.071363636363639, "reusita": 96.3963963963964, "cnt": 111}, "GEOGRAFIE": {"medie": 8.35625, "reusita": 100.0, "cnt": 8}, "GENERAL": {"medie": 7.4185534591194955, "reusita": 79.27927927927928, "cnt": 111}, "MATEMATICA MATE-INFO": {"medie": 8.3, "reusita": 100.0, "cnt": 1}, "BIOLOGIE VEGETALA SI ANIMALA": {"medie": 6.8210000000000015, "reusita": 86.27450980392157, "cnt": 51}, "MATEMATICA TEHN": {"medie": 7.69672897196262, "reusita": 94.54545454545455, "cnt": 110}, "LOGICA, ARGUMENTARE SI COMUNICARE": {"medie": 7.963636363636363, "reusita": 81.81818181818183, "cnt": 11}, "CHIMIE ANORGANICA TEH NIVEL I/II": {"medie": 7.9206896551724135, "reusita": 90.625, "cnt": 32}, "FIZICA TEH": {"medie": 6.383333333333333, "reusita": 71.42857142857143, "cnt": 7}, "CHIMIE ANORGANICA TEO NIVEL I/II": {"medie": 7.15, "reusita": 100.0, "cnt": 1}, "CHIMIE ORGANICA TEH NIVEL I/II": {"medie": 6.75, "reusita": 100.0, "cnt": 1}}, "nume": "COLEGIUL TEHNIC DE COMUNICATII \"AUGUSTIN MAIOR\" CLUJ-NAPOCA\tCluj"}