{"specializari": {"INVATATOR - EDUCATOARE": 25, "STIINTE ALE NATURII": 32, "MATEMATICA-INFORMATICA": 56, "FILOLOGIE": 28, "STIINTE SOCIALE": 34}, "limba_moderna": {"LIMBA ENGLEZA": 163, "LIMBA FRANCEZA": 12}, "limba_materna": {"LIMBA ROMANA": 175}, "promotie_anterioara": {"NU": 174, "DA": 1}, "materii": {"LIMBA ROMANA": {"medie": 8.657142857142855, "reusita": 100.0, "cnt": 175}, "ISTORIE": {"medie": 7.30725806451613, "reusita": 100.0, "cnt": 62}, "GEOGRAFIE": {"medie": 8.820312500000002, "reusita": 100.0, "cnt": 32}, "GENERAL": {"medie": 8.564095238095232, "reusita": 98.28571428571429, "cnt": 175}, "MATEMATICA ST-NAT": {"medie": 9.220312499999999, "reusita": 96.875, "cnt": 32}, "ANATOMIE SI FIZIOLOGIE UMANA, GENETICA SI ECOLOGIE UMANA": {"medie": 9.008928571428571, "reusita": 100.0, "cnt": 28}, "MATEMATICA MATE-INFO": {"medie": 8.523214285714287, "reusita": 100.0, "cnt": 56}, "BIOLOGIE VEGETALA SI ANIMALA": {"medie": 6.660000000000001, "reusita": 80.0, "cnt": 5}, "FIZICA TEO": {"medie": 9.191379310344828, "reusita": 100.0, "cnt": 29}, "CHIMIE ORGANICA TEO NIVEL I/II": {"medie": 9.376470588235295, "reusita": 100.0, "cnt": 17}, "SOCIOLOGIE": {"medie": 7.611764705882352, "reusita": 100.0, "cnt": 34}, "PSIHOLOGIE": {"medie": 8.516666666666667, "reusita": 100.0, "cnt": 6}, "LOGICA, ARGUMENTARE SI COMUNICARE": {"medie": 9.73333333333333, "reusita": 100.0, "cnt": 15}, "INFORMATICA MI C/C++": {"medie": 9.242857142857144, "reusita": 100.0, "cnt": 7}, "CHIMIE ANORGANICA TEO NIVEL I/II": {"medie": 9.2, "reusita": 100.0, "cnt": 2}, "MATEMATICA PED": {"medie": 8.919999999999998, "reusita": 100.0, "cnt": 25}}, "nume": "COLEGIUL NATIONAL DE INFORMATICA MATEI BASARAB, MUN. RM. VALCEA\tV\u00e2lcea"}