{"specializari": {"FILOLOGIE": 59, "MATEMATICA-INFORMATICA": 53, "STIINTE ALE NATURII": 29}, "limba_moderna": {"LIMBA FRANCEZA": 27, "LIMBA ENGLEZA": 114}, "limba_materna": {"LIMBA ROMANA": 141}, "promotie_anterioara": {"NU": 141}, "materii": {"LIMBA ROMANA": {"medie": 8.01241134751773, "reusita": 99.29078014184397, "cnt": 141}, "ISTORIE": {"medie": 7.746610169491524, "reusita": 100.0, "cnt": 59}, "GEOGRAFIE": {"medie": 8.73, "reusita": 100.0, "cnt": 5}, "GENERAL": {"medie": 8.352955082742316, "reusita": 99.29078014184397, "cnt": 141}, "MATEMATICA ST-NAT": {"medie": 9.215517241379308, "reusita": 100.0, "cnt": 29}, "ANATOMIE SI FIZIOLOGIE UMANA, GENETICA SI ECOLOGIE UMANA": {"medie": 8.898148148148147, "reusita": 100.0, "cnt": 27}, "MATEMATICA MATE-INFO": {"medie": 8.234905660377358, "reusita": 98.11320754716981, "cnt": 53}, "FIZICA TEO": {"medie": 8.925, "reusita": 100.0, "cnt": 14}, "CHIMIE ORGANICA TEO NIVEL I/II": {"medie": 9.236363636363636, "reusita": 100.0, "cnt": 11}, "PSIHOLOGIE": {"medie": 9.0, "reusita": 100.0, "cnt": 1}, "LOGICA, ARGUMENTARE SI COMUNICARE": {"medie": 8.857547169811319, "reusita": 100.0, "cnt": 53}, "INFORMATICA MI C/C++": {"medie": 8.463333333333333, "reusita": 100.0, "cnt": 30}}, "nume": "COLEGIUL NATIONAL \"ALEXANDRU IOAN CUZA\", LOCALITATEA GALATI\tGala\u021bi"}