{"specializari": {"TEHNICIAN ECOLOG SI PROTECTIA CALITATII MEDIULUI": 12, "MATEMATICA-INFORMATICA": 8, "TEHNICIAN IN CONSTRUCTII SI LUCRARI PUBLICE": 5, "TEHNICIAN VETERINAR": 12, "TEHNICIAN IN HOTELARIE": 27, "TEHNICIAN OPERATOR TEHNICA DE CALCUL": 2, "TEHNICIAN IN ADMINISTRATIE": 20, "TEHNICIAN IN SILVICULTURA SI EXPLOATARI FORESTIERE": 10, "TEHNICIAN IN ACTIVITATI ECONOMICE": 18, "TEHNICIAN ANALIZE PRODUSE ALIMENTARE": 12, "TEHNICIAN MECANIC PENTRU INTRETINERE SI REPARATII": 10, "COAFOR STILIST": 1, "TEHNICIAN HORTICULTOR": 1, "TEHNICIAN IN AUTOMATIZARI": 1}, "limba_moderna": {"LIMBA ENGLEZA": 112, "LIMBA FRANCEZA": 27}, "limba_materna": {"LIMBA ROMANA": 139}, "promotie_anterioara": {"DA": 37, "NU": 102}, "materii": {"LIMBA ROMANA": {"medie": 6.173076923076923, "reusita": 81.29496402877699, "cnt": 139}, "GEOGRAFIE": {"medie": 7.626612903225807, "reusita": 90.76923076923077, "cnt": 65}, "GENERAL": {"medie": 5.958656330749353, "reusita": 48.201438848920866, "cnt": 139}, "ANATOMIE SI FIZIOLOGIE UMANA, GENETICA SI ECOLOGIE UMANA": {"medie": 4.696666666666667, "reusita": 50.0, "cnt": 16}, "MATEMATICA MATE-INFO": {"medie": 4.49, "reusita": 50.0, "cnt": 8}, "BIOLOGIE VEGETALA SI ANIMALA": {"medie": 5.441176470588236, "reusita": 64.15094339622641, "cnt": 53}, "MATEMATICA TEHN": {"medie": 5.199999999999999, "reusita": 67.93893129770993, "cnt": 131}, "LOGICA, ARGUMENTARE SI COMUNICARE": {"medie": 9.7, "reusita": 100.0, "cnt": 1}, "CHIMIE ANORGANICA TEH NIVEL I/II": {"medie": 6.949999999999999, "reusita": 100.0, "cnt": 2}, "FIZICA TEH": {"medie": 2.2, "reusita": 0.0, "cnt": 2}}, "nume": "COLEGIUL \"VASILE LOVINESCU\" FALTICENI\tSuceava"}