{"specializari": {"STIINTE ALE NATURII": 29, "MATEMATICA-INFORMATICA": 88, "FILOLOGIE": 31}, "limba_moderna": {"LIMBA ENGLEZA": 145, "LIMBA GERMANA MODERNA": 2, "LIMBA FRANCEZA": 1}, "limba_materna": {"LIMBA ROMANA": 148}, "promotie_anterioara": {"NU": 148}, "materii": {"LIMBA ROMANA": {"medie": 8.635810810810812, "reusita": 100.0, "cnt": 148}, "ISTORIE": {"medie": 8.425806451612905, "reusita": 100.0, "cnt": 31}, "GEOGRAFIE": {"medie": 8.984210526315788, "reusita": 100.0, "cnt": 19}, "GENERAL": {"medie": 9.007252252252252, "reusita": 100.0, "cnt": 148}, "MATEMATICA ST-NAT": {"medie": 9.322413793103449, "reusita": 100.0, "cnt": 29}, "ANATOMIE SI FIZIOLOGIE UMANA, GENETICA SI ECOLOGIE UMANA": {"medie": 9.488235294117647, "reusita": 100.0, "cnt": 51}, "MATEMATICA MATE-INFO": {"medie": 9.211363636363636, "reusita": 100.0, "cnt": 88}, "BIOLOGIE VEGETALA SI ANIMALA": {"medie": 8.424999999999999, "reusita": 100.0, "cnt": 6}, "FIZICA TEO": {"medie": 9.286153846153848, "reusita": 100.0, "cnt": 13}, "CHIMIE ORGANICA TEO NIVEL I/II": {"medie": 9.654545454545454, "reusita": 100.0, "cnt": 11}, "INFORMATICA SN C/C++": {"medie": 9.433333333333334, "reusita": 100.0, "cnt": 3}, "LOGICA, ARGUMENTARE SI COMUNICARE": {"medie": 8.966666666666669, "reusita": 100.0, "cnt": 12}, "INFORMATICA MI C/C++": {"medie": 9.424242424242426, "reusita": 100.0, "cnt": 33}}, "nume": "COLEGIUL NATIONAL \"COSTACHE NEGRUZZI\", IASI\tIa\u0219i"}