{"specializari": {"STIINTE ALE NATURII": 66, "MATEMATICA-INFORMATICA": 142, "STIINTE SOCIALE": 67, "FILOLOGIE": 31}, "limba_moderna": {"LIMBA ENGLEZA": 286, "LIMBA GERMANA MODERNA": 3, "LIMBA FRANCEZA": 17}, "limba_materna": {"LIMBA ROMANA": 306}, "promotie_anterioara": {"NU": 305, "DA": 1}, "materii": {"LIMBA ROMANA": {"medie": 9.0421568627451, "reusita": 100.0, "cnt": 306}, "ISTORIE": {"medie": 9.329591836734695, "reusita": 100.0, "cnt": 98}, "GEOGRAFIE": {"medie": 9.697222222222221, "reusita": 100.0, "cnt": 18}, "GENERAL": {"medie": 9.250435729847489, "reusita": 99.67320261437908, "cnt": 306}, "MATEMATICA ST-NAT": {"medie": 9.300757575757576, "reusita": 100.0, "cnt": 66}, "ANATOMIE SI FIZIOLOGIE UMANA, GENETICA SI ECOLOGIE UMANA": {"medie": 9.654166666666667, "reusita": 100.0, "cnt": 24}, "MATEMATICA MATE-INFO": {"medie": 9.313380281690142, "reusita": 100.0, "cnt": 142}, "BIOLOGIE VEGETALA SI ANIMALA": {"medie": 8.636363636363638, "reusita": 100.0, "cnt": 11}, "FIZICA TEO": {"medie": 9.213888888888889, "reusita": 98.14814814814815, "cnt": 54}, "CHIMIE ORGANICA TEO NIVEL I/II": {"medie": 9.52142857142857, "reusita": 100.0, "cnt": 63}, "SOCIOLOGIE": {"medie": 8.125, "reusita": 100.0, "cnt": 4}, "INFORMATICA SN C/C++": {"medie": 9.35, "reusita": 100.0, "cnt": 2}, "PSIHOLOGIE": {"medie": 9.28, "reusita": 100.0, "cnt": 5}, "LOGICA, ARGUMENTARE SI COMUNICARE": {"medie": 9.488888888888889, "reusita": 100.0, "cnt": 54}, "INFORMATICA MI C/C++": {"medie": 9.399999999999999, "reusita": 100.0, "cnt": 41}, "ECONOMIE": {"medie": 9.561764705882354, "reusita": 100.0, "cnt": 17}, "CHIMIE ANORGANICA TEO NIVEL I/II": {"medie": 9.225, "reusita": 100.0, "cnt": 6}, "INFORMATICA SN PASCAL": {"medie": 8.2, "reusita": 100.0, "cnt": 1}, "INFORMATICA MI PASCAL": {"medie": 9.033333333333333, "reusita": 100.0, "cnt": 6}}, "nume": "COLEGIUL NATIONAL \"GHEORGHE LAZAR\"\tBucure\u0219ti"}