{"specializari": {"STIINTE SOCIALE": 37, "FILOLOGIE": 91, "MATEMATICA-INFORMATICA": 26}, "limba_moderna": {"LIMBA ENGLEZA": 102, "LIMBA SPANIOLA": 29, "LIMBA FRANCEZA": 23}, "limba_materna": {"LIMBA ROMANA": 154}, "promotie_anterioara": {"NU": 153, "DA": 1}, "materii": {"LIMBA ROMANA": {"medie": 8.112337662337666, "reusita": 99.35064935064936, "cnt": 154}, "ISTORIE": {"medie": 7.9371093749999995, "reusita": 100.0, "cnt": 128}, "GEOGRAFIE": {"medie": 8.502380952380951, "reusita": 97.61904761904762, "cnt": 42}, "GENERAL": {"medie": 8.298809523809522, "reusita": 97.40259740259741, "cnt": 154}, "ANATOMIE SI FIZIOLOGIE UMANA, GENETICA SI ECOLOGIE UMANA": {"medie": 8.512500000000001, "reusita": 100.0, "cnt": 8}, "MATEMATICA MATE-INFO": {"medie": 7.886538461538461, "reusita": 100.0, "cnt": 26}, "SOCIOLOGIE": {"medie": 8.425, "reusita": 100.0, "cnt": 4}, "PSIHOLOGIE": {"medie": 8.807142857142857, "reusita": 100.0, "cnt": 7}, "LOGICA, ARGUMENTARE SI COMUNICARE": {"medie": 9.1513698630137, "reusita": 100.0, "cnt": 73}, "INFORMATICA MI C/C++": {"medie": 8.835294117647058, "reusita": 100.0, "cnt": 17}, "ECONOMIE": {"medie": 9.0, "reusita": 100.0, "cnt": 1}, "CHIMIE ANORGANICA TEO NIVEL I/II": {"medie": 7.95, "reusita": 100.0, "cnt": 1}, "FILOSOFIE": {"medie": 8.0, "reusita": 100.0, "cnt": 1}}, "nume": "COLEGIUL NATIONAL \"UNIREA\" BRASOV\tBra\u0219ov"}