{"specializari": {"TEHNICIAN IN ACHIZITII SI CONTRACTARI": 64, "TEHNICIAN IN ACTIVITATI DE COMERT": 28, "TEHNICIAN IN ACTIVITATI ECONOMICE": 88, "TEHNICIAN IN TURISM": 36, "TEHNICIAN IN GASTRONOMIE": 28, "MATEMATICA-INFORMATICA": 28, "ORGANIZATOR BANQUETING": 1}, "limba_moderna": {"LIMBA ENGLEZA": 258, "LIMBA FRANCEZA": 15}, "limba_materna": {"LIMBA ROMANA": 273}, "promotie_anterioara": {"NU": 259, "DA": 14}, "materii": {"LIMBA ROMANA": {"medie": 7.31721611721612, "reusita": 97.43589743589743, "cnt": 273}, "GEOGRAFIE": {"medie": 8.36320754716981, "reusita": 94.44444444444444, "cnt": 54}, "GENERAL": {"medie": 8.007249070631975, "reusita": 91.57509157509158, "cnt": 273}, "ANATOMIE SI FIZIOLOGIE UMANA, GENETICA SI ECOLOGIE UMANA": {"medie": 8.975, "reusita": 100.0, "cnt": 2}, "MATEMATICA MATE-INFO": {"medie": 7.714285714285715, "reusita": 92.85714285714286, "cnt": 28}, "BIOLOGIE VEGETALA SI ANIMALA": {"medie": 6.382142857142858, "reusita": 85.71428571428571, "cnt": 14}, "FIZICA TEO": {"medie": 8.071428571428571, "reusita": 100.0, "cnt": 7}, "MATEMATICA TEHN": {"medie": 8.24173553719008, "reusita": 95.10204081632652, "cnt": 245}, "PSIHOLOGIE": {"medie": 7.8, "reusita": 100.0, "cnt": 1}, "LOGICA, ARGUMENTARE SI COMUNICARE": {"medie": 8.69266304347826, "reusita": 98.91304347826086, "cnt": 184}, "INFORMATICA MI C/C++": {"medie": 8.39, "reusita": 100.0, "cnt": 5}, "ECONOMIE": {"medie": 7.383333333333333, "reusita": 83.33333333333334, "cnt": 6}}, "nume": "COLEGIUL ECONOMIC \"VIRGIL MADGEARU\", MUNICIPIUL PLOIESTI\tPrahova"}