{"specializari": {"STIINTE ALE NATURII": 59, "MATEMATICA-INFORMATICA": 58, "STIINTE SOCIALE": 30, "FILOLOGIE": 29}, "limba_moderna": {"LIMBA ENGLEZA": 163, "LIMBA GERMANA MODERNA": 13}, "limba_materna": {"LIMBA MAGHIARA": 176}, "promotie_anterioara": {"NU": 171, "DA": 5}, "materii": {"LIMBA ROMANA": {"medie": 6.7934285714285725, "reusita": 94.31818181818183, "cnt": 176}, "ISTORIE": {"medie": 8.294736842105264, "reusita": 96.61016949152543, "cnt": 59}, "GEOGRAFIE": {"medie": 8.876470588235296, "reusita": 100.0, "cnt": 17}, "GENERAL": {"medie": 8.00826149425287, "reusita": 93.18181818181817, "cnt": 176}, "MATEMATICA ST-NAT": {"medie": 8.744067796610167, "reusita": 100.0, "cnt": 59}, "ANATOMIE SI FIZIOLOGIE UMANA, GENETICA SI ECOLOGIE UMANA": {"medie": 9.403703703703705, "reusita": 100.0, "cnt": 27}, "MATEMATICA MATE-INFO": {"medie": 8.123275862068963, "reusita": 100.0, "cnt": 58}, "BIOLOGIE VEGETALA SI ANIMALA": {"medie": 9.266666666666666, "reusita": 100.0, "cnt": 3}, "FIZICA TEO": {"medie": 7.6, "reusita": 100.0, "cnt": 1}, "CHIMIE ORGANICA TEO NIVEL I/II": {"medie": 8.945945945945947, "reusita": 100.0, "cnt": 37}, "LIMBA MAGHIARA (REAL)": {"medie": 8.238461538461541, "reusita": 100.0, "cnt": 117}, "SOCIOLOGIE": {"medie": 8.85, "reusita": 100.0, "cnt": 2}, "LIMBA MAGHIARA (UMAN)": {"medie": 7.310344827586211, "reusita": 98.30508474576271, "cnt": 59}, "INFORMATICA SN C/C++": {"medie": 9.55, "reusita": 100.0, "cnt": 2}, "PSIHOLOGIE": {"medie": 7.725, "reusita": 100.0, "cnt": 2}, "LOGICA, ARGUMENTARE SI COMUNICARE": {"medie": 8.763888888888891, "reusita": 97.2972972972973, "cnt": 37}, "INFORMATICA MI C/C++": {"medie": 8.684782608695656, "reusita": 100.0, "cnt": 46}, "CHIMIE ANORGANICA TEO NIVEL I/II": {"medie": 7.1, "reusita": 100.0, "cnt": 1}, "FILOSOFIE": {"medie": 8.3, "reusita": 100.0, "cnt": 1}}, "nume": "COLEGIUL NATIONAL \"MARTON ARON\" MIERCUREA CIUC\tHarghita"}