{"specializari": {"INVATATOR - EDUCATOARE": 17, "STIINTE ALE NATURII": 24, "TEHNICIAN IN TURISM": 19, "MATEMATICA-INFORMATICA": 2, "TEHNICIAN IN AUTOMATIZARI": 1}, "limba_moderna": {"LIMBA ENGLEZA": 63}, "limba_materna": {"LIMBA MAGHIARA": 63}, "promotie_anterioara": {"NU": 57, "DA": 6}, "materii": {"LIMBA ROMANA": {"medie": 6.620634920634923, "reusita": 82.53968253968253, "cnt": 63}, "GEOGRAFIE": {"medie": 7.164285714285715, "reusita": 94.28571428571428, "cnt": 35}, "GENERAL": {"medie": 7.011706349206349, "reusita": 66.66666666666666, "cnt": 63}, "MATEMATICA ST-NAT": {"medie": 7.258333333333334, "reusita": 100.0, "cnt": 24}, "ANATOMIE SI FIZIOLOGIE UMANA, GENETICA SI ECOLOGIE UMANA": {"medie": 7.945652173913042, "reusita": 95.65217391304348, "cnt": 23}, "MATEMATICA MATE-INFO": {"medie": 5.425, "reusita": 100.0, "cnt": 2}, "MATEMATICA TEHN": {"medie": 6.644999999999999, "reusita": 100.0, "cnt": 20}, "CHIMIE ORGANICA TEO NIVEL I/II": {"medie": 7.016666666666667, "reusita": 66.66666666666666, "cnt": 3}, "LIMBA MAGHIARA (REAL)": {"medie": 7.13586956521739, "reusita": 97.82608695652173, "cnt": 46}, "LIMBA MAGHIARA (UMAN)": {"medie": 7.364705882352942, "reusita": 100.0, "cnt": 17}, "PSIHOLOGIE": {"medie": 6.85, "reusita": 100.0, "cnt": 1}, "MATEMATICA PED": {"medie": 6.511764705882353, "reusita": 82.35294117647058, "cnt": 17}, "INFORMATICA MI PASCAL": {"medie": 6.35, "reusita": 100.0, "cnt": 1}}, "nume": "COLEGIUL NATIONAL \"BETHLEN GABOR\" AIUD\tAlba"}