{"specializari": {"TEHNICIAN IN ACTIVITATI ECONOMICE": 183, "TEHNICIAN IN TURISM": 64}, "limba_moderna": {"LIMBA ENGLEZA": 241, "LIMBA FRANCEZA": 5, "LIMBA SPANIOLA": 1}, "limba_materna": {"LIMBA ROMANA": 247}, "promotie_anterioara": {"NU": 233, "DA": 14}, "materii": {"LIMBA ROMANA": {"medie": 6.804508196721311, "reusita": 95.95141700404858, "cnt": 247}, "GEOGRAFIE": {"medie": 8.245365853658539, "reusita": 99.02912621359224, "cnt": 206}, "GENERAL": {"medie": 7.432304526748968, "reusita": 87.85425101214574, "cnt": 247}, "MATEMATICA TEHN": {"medie": 7.499795918367351, "reusita": 94.73684210526315, "cnt": 247}, "PSIHOLOGIE": {"medie": 6.349999999999999, "reusita": 66.66666666666666, "cnt": 3}, "LOGICA, ARGUMENTARE SI COMUNICARE": {"medie": 8.200000000000001, "reusita": 100.0, "cnt": 3}, "ECONOMIE": {"medie": 6.427142857142856, "reusita": 85.71428571428571, "cnt": 35}}, "nume": "COLEGIUL ECONOMIC \"A.D.XENOPOL\"\tBucure\u0219ti"}