{"specializari": {"FILOLOGIE": 29, "MATEMATICA-INFORMATICA": 19, "STIINTE ALE NATURII": 20, "STIINTE SOCIALE": 35}, "limba_moderna": {"LIMBA ENGLEZA": 101, "LIMBA FRANCEZA": 2}, "limba_materna": {"LIMBA ROMANA": 103}, "promotie_anterioara": {"NU": 90, "DA": 13}, "materii": {"LIMBA ROMANA": {"medie": 6.974752475247523, "reusita": 88.3495145631068, "cnt": 103}, "ISTORIE": {"medie": 7.541935483870969, "reusita": 95.3125, "cnt": 64}, "GEOGRAFIE": {"medie": 7.901694915254235, "reusita": 95.08196721311475, "cnt": 61}, "GENERAL": {"medie": 7.643729372937295, "reusita": 80.58252427184466, "cnt": 103}, "MATEMATICA ST-NAT": {"medie": 7.867499999999998, "reusita": 100.0, "cnt": 20}, "ANATOMIE SI FIZIOLOGIE UMANA, GENETICA SI ECOLOGIE UMANA": {"medie": 8.68, "reusita": 100.0, "cnt": 15}, "MATEMATICA MATE-INFO": {"medie": 8.660526315789474, "reusita": 100.0, "cnt": 19}, "CHIMIE ORGANICA TEO NIVEL I/II": {"medie": 8.493749999999999, "reusita": 100.0, "cnt": 8}, "SOCIOLOGIE": {"medie": 7.5, "reusita": 100.0, "cnt": 1}, "PSIHOLOGIE": {"medie": 5.1, "reusita": 100.0, "cnt": 1}, "LOGICA, ARGUMENTARE SI COMUNICARE": {"medie": 9.1, "reusita": 100.0, "cnt": 1}, "INFORMATICA MI C/C++": {"medie": 8.633333333333333, "reusita": 100.0, "cnt": 15}, "INFORMATICA MI PASCAL": {"medie": 6.55, "reusita": 100.0, "cnt": 1}}, "nume": "COLEGIUL NATIONAL \"OCTAVIAN GOGA\" MIERCUREA CIUC\tHarghita"}