{"specializari": {"TEHNICIAN DESIGNER VESTIMENTAR": 49, "TEHNICIAN ECOLOG SI PROTECTIA CALITATII MEDIULUI": 5, "TEHNICIAN IN ACTIVITATI DE COMERT": 57, "TEHNICIAN OPERATOR TEHNICA DE CALCUL": 30, "TEHNICIAN IN ACTIVITATI ECONOMICE": 1}, "limba_moderna": {"LIMBA ENGLEZA": 124, "LIMBA FRANCEZA": 18}, "limba_materna": {"LIMBA ROMANA": 142}, "promotie_anterioara": {"DA": 36, "NU": 106}, "materii": {"LIMBA ROMANA": {"medie": 6.027941176470587, "reusita": 87.32394366197182, "cnt": 142}, "GEOGRAFIE": {"medie": 7.074999999999999, "reusita": 83.78378378378379, "cnt": 37}, "GENERAL": {"medie": 5.8178117048346065, "reusita": 45.774647887323944, "cnt": 142}, "ANATOMIE SI FIZIOLOGIE UMANA, GENETICA SI ECOLOGIE UMANA": {"medie": 7.5, "reusita": 100.0, "cnt": 2}, "BIOLOGIE VEGETALA SI ANIMALA": {"medie": 5.187837837837838, "reusita": 55.69620253164557, "cnt": 79}, "MATEMATICA TEHN": {"medie": 5.225000000000002, "reusita": 63.38028169014085, "cnt": 142}, "PSIHOLOGIE": {"medie": 3.7, "reusita": 0.0, "cnt": 1}, "LOGICA, ARGUMENTARE SI COMUNICARE": {"medie": 7.502777777777776, "reusita": 83.33333333333334, "cnt": 18}, "ECONOMIE": {"medie": 5.5, "reusita": 50.0, "cnt": 2}, "FIZICA TEH": {"medie": 8.799999999999999, "reusita": 100.0, "cnt": 3}}, "nume": "COLEGIUL TEHNIC \"ARMAND CALINESCU\" PITESTI\tArge\u0219"}