{"specializari": {"FILOLOGIE": 20, "STIINTE SOCIALE": 28, "MATEMATICA-INFORMATICA": 28}, "limba_moderna": {"LIMBA ENGLEZA": 76}, "limba_materna": {"LIMBA GERMANA": 76}, "promotie_anterioara": {"NU": 75, "DA": 1}, "materii": {"LIMBA ROMANA": {"medie": 8.294736842105266, "reusita": 100.0, "cnt": 76}, "ISTORIE": {"medie": 8.128124999999999, "reusita": 97.91666666666666, "cnt": 48}, "GEOGRAFIE": {"medie": 9.166666666666666, "reusita": 100.0, "cnt": 6}, "GENERAL": {"medie": 8.447039473684212, "reusita": 97.36842105263158, "cnt": 76}, "ANATOMIE SI FIZIOLOGIE UMANA, GENETICA SI ECOLOGIE UMANA": {"medie": 9.225000000000001, "reusita": 100.0, "cnt": 2}, "MATEMATICA MATE-INFO": {"medie": 8.680357142857146, "reusita": 100.0, "cnt": 28}, "BIOLOGIE VEGETALA SI ANIMALA": {"medie": 8.52, "reusita": 100.0, "cnt": 10}, "FIZICA TEO": {"medie": 8.691666666666666, "reusita": 100.0, "cnt": 6}, "CHIMIE ORGANICA TEO NIVEL I/II": {"medie": 9.506250000000001, "reusita": 100.0, "cnt": 8}, "SOCIOLOGIE": {"medie": 8.215625, "reusita": 93.75, "cnt": 16}, "PSIHOLOGIE": {"medie": 9.3, "reusita": 100.0, "cnt": 1}, "LOGICA, ARGUMENTARE SI COMUNICARE": {"medie": 8.445000000000002, "reusita": 100.0, "cnt": 20}, "INFORMATICA MI C/C++": {"medie": 9.25, "reusita": 100.0, "cnt": 2}, "ECONOMIE": {"medie": 8.5, "reusita": 100.0, "cnt": 4}, "LIMBA GERMANA": {"medie": 8.527631578947368, "reusita": 100.0, "cnt": 76}, "FILOSOFIE": {"medie": 7.2, "reusita": 100.0, "cnt": 1}}, "nume": "COLEGIUL GERMAN \"GOETHE\"\tBucure\u0219ti"}