{"specializari": {"MATEMATICA-INFORMATICA": 187, "FILOLOGIE": 58, "STIINTE ALE NATURII": 35, "STIINTE SOCIALE": 34}, "limba_moderna": {"LIMBA ENGLEZA": 274, "LIMBA FRANCEZA": 26, "LIMBA SPANIOLA": 6, "LIMBA GERMANA MODERNA": 8}, "limba_materna": {"LIMBA ROMANA": 314}, "promotie_anterioara": {"NU": 312, "DA": 2}, "materii": {"LIMBA ROMANA": {"medie": 8.119108280254776, "reusita": 100.0, "cnt": 314}, "ISTORIE": {"medie": 8.033152173913047, "reusita": 100.0, "cnt": 92}, "GEOGRAFIE": {"medie": 8.84, "reusita": 100.0, "cnt": 5}, "GENERAL": {"medie": 8.626751592356689, "reusita": 98.40764331210191, "cnt": 314}, "MATEMATICA ST-NAT": {"medie": 9.167142857142856, "reusita": 100.0, "cnt": 35}, "ANATOMIE SI FIZIOLOGIE UMANA, GENETICA SI ECOLOGIE UMANA": {"medie": 9.475000000000003, "reusita": 100.0, "cnt": 64}, "MATEMATICA MATE-INFO": {"medie": 8.903208556149723, "reusita": 100.0, "cnt": 187}, "BIOLOGIE VEGETALA SI ANIMALA": {"medie": 8.600000000000001, "reusita": 96.0, "cnt": 25}, "FIZICA TEO": {"medie": 8.778985507246377, "reusita": 100.0, "cnt": 69}, "CHIMIE ORGANICA TEO NIVEL I/II": {"medie": 9.629999999999999, "reusita": 100.0, "cnt": 15}, "SOCIOLOGIE": {"medie": 8.444444444444445, "reusita": 100.0, "cnt": 36}, "PSIHOLOGIE": {"medie": 9.775, "reusita": 100.0, "cnt": 4}, "LOGICA, ARGUMENTARE SI COMUNICARE": {"medie": 9.481666666666667, "reusita": 96.66666666666667, "cnt": 30}, "INFORMATICA MI C/C++": {"medie": 9.307142857142857, "reusita": 100.0, "cnt": 49}, "ECONOMIE": {"medie": 8.988235294117645, "reusita": 100.0, "cnt": 17}}, "nume": "COLEGIUL NATIONAL \"ION C. BRATIANU\" PITESTI\tArge\u0219"}