{"specializari": {"INVATATOR - EDUCATOARE": 79, "INSTRUCTOR PENTRU ACTIVITATI EXTRASCOLARE": 20, "STIINTE SOCIALE": 37, "FILOLOGIE": 1}, "limba_moderna": {"LIMBA ENGLEZA": 134, "LIMBA GERMANA MODERNA": 2, "LIMBA FRANCEZA": 1}, "limba_materna": {"LIMBA ROMANA": 87, "LIMBA MAGHIARA": 50}, "promotie_anterioara": {"NU": 127, "DA": 10}, "materii": {"LIMBA ROMANA": {"medie": 6.786029411764707, "reusita": 94.8905109489051, "cnt": 137}, "ISTORIE": {"medie": 7.032758620689655, "reusita": 98.27586206896551, "cnt": 58}, "GEOGRAFIE": {"medie": 7.912601626016258, "reusita": 97.58064516129032, "cnt": 124}, "GENERAL": {"medie": 7.157901234567899, "reusita": 81.75182481751825, "cnt": 137}, "LIMBA MAGHIARA (UMAN)": {"medie": 6.939583333333332, "reusita": 94.0, "cnt": 50}, "PSIHOLOGIE": {"medie": 5.3625, "reusita": 100.0, "cnt": 4}, "LOGICA, ARGUMENTARE SI COMUNICARE": {"medie": 7.59375, "reusita": 87.5, "cnt": 8}, "MATEMATICA PED": {"medie": 6.662179487179487, "reusita": 89.87341772151899, "cnt": 79}, "FILOSOFIE": {"medie": 7.7, "reusita": 100.0, "cnt": 1}}, "nume": "COLEGIUL NATIONAL PEDAGOGIC \"MIHAI EMINESCU\" TIRGU MURES\tMure\u0219"}