{"specializari": {"MATEMATICA-INFORMATICA": 92, "STIINTE ALE NATURII": 34, "FILOLOGIE": 70, "STIINTE SOCIALE": 39}, "limba_moderna": {"LIMBA ENGLEZA": 173, "LIMBA FRANCEZA": 50, "LIMBA RUSA": 11, "LIMBA ITALIANA": 1}, "limba_materna": {"LIMBA ROMANA": 235}, "promotie_anterioara": {"NU": 223, "DA": 12}, "materii": {"LIMBA ROMANA": {"medie": 7.987179487179486, "reusita": 98.29787234042553, "cnt": 235}, "ISTORIE": {"medie": 7.91666666666667, "reusita": 98.1651376146789, "cnt": 109}, "GEOGRAFIE": {"medie": 8.752857142857142, "reusita": 98.11320754716981, "cnt": 106}, "GENERAL": {"medie": 8.186324786324784, "reusita": 91.06382978723404, "cnt": 235}, "MATEMATICA ST-NAT": {"medie": 8.02941176470588, "reusita": 91.17647058823529, "cnt": 34}, "ANATOMIE SI FIZIOLOGIE UMANA, GENETICA SI ECOLOGIE UMANA": {"medie": 7.986764705882353, "reusita": 97.05882352941177, "cnt": 34}, "MATEMATICA MATE-INFO": {"medie": 7.870108695652172, "reusita": 92.3913043478261, "cnt": 92}, "FIZICA TEO": {"medie": 5.225, "reusita": 100.0, "cnt": 2}, "CHIMIE ORGANICA TEO NIVEL I/II": {"medie": 9.437777777777777, "reusita": 100.0, "cnt": 45}, "PSIHOLOGIE": {"medie": 8.0, "reusita": 100.0, "cnt": 2}, "INFORMATICA MI C/C++": {"medie": 8.261627906976745, "reusita": 97.67441860465115, "cnt": 43}, "ECONOMIE": {"medie": 9.1, "reusita": 100.0, "cnt": 1}, "CHIMIE ANORGANICA TEO NIVEL I/II": {"medie": 9.825, "reusita": 100.0, "cnt": 2}}, "nume": "COLEGIUL NATIONAL \"DRAGOS VODA\" SIGHETU MARMATIEI\tMaramure\u0219"}