{"specializari": {"STIINTE ALE NATURII": 61, "FILOLOGIE": 62, "MATEMATICA-INFORMATICA": 55, "STIINTE SOCIALE": 31}, "limba_moderna": {"LIMBA FRANCEZA": 50, "LIMBA ENGLEZA": 159}, "limba_materna": {"LIMBA ROMANA": 209}, "promotie_anterioara": {"NU": 208, "DA": 1}, "materii": {"LIMBA ROMANA": {"medie": 8.660336538461534, "reusita": 99.52153110047847, "cnt": 209}, "ISTORIE": {"medie": 8.651630434782609, "reusita": 98.9247311827957, "cnt": 93}, "GEOGRAFIE": {"medie": 8.75, "reusita": 100.0, "cnt": 2}, "GENERAL": {"medie": 8.921474358974358, "reusita": 99.52153110047847, "cnt": 209}, "MATEMATICA ST-NAT": {"medie": 8.750819672131147, "reusita": 100.0, "cnt": 61}, "ANATOMIE SI FIZIOLOGIE UMANA, GENETICA SI ECOLOGIE UMANA": {"medie": 9.26, "reusita": 100.0, "cnt": 10}, "MATEMATICA MATE-INFO": {"medie": 9.192727272727273, "reusita": 100.0, "cnt": 55}, "BIOLOGIE VEGETALA SI ANIMALA": {"medie": 8.514705882352942, "reusita": 100.0, "cnt": 17}, "FIZICA TEO": {"medie": 9.358064516129032, "reusita": 100.0, "cnt": 31}, "CHIMIE ORGANICA TEO NIVEL I/II": {"medie": 9.323863636363637, "reusita": 100.0, "cnt": 44}, "SOCIOLOGIE": {"medie": 9.75, "reusita": 100.0, "cnt": 4}, "INFORMATICA SN C/C++": {"medie": 9.3, "reusita": 100.0, "cnt": 1}, "LOGICA, ARGUMENTARE SI COMUNICARE": {"medie": 9.360493827160496, "reusita": 98.78048780487805, "cnt": 82}, "INFORMATICA MI C/C++": {"medie": 9.423076923076923, "reusita": 100.0, "cnt": 13}, "ECONOMIE": {"medie": 9.219999999999999, "reusita": 100.0, "cnt": 5}}, "nume": "COLEGIUL NATIONAL \"ALEXANDRU IOAN CUZA\", MUNICIPIUL PLOIESTI\tPrahova"}