{"specializari": {"TEHNICIAN PROIECTANT CAD": 21, "TEHNICIAN AVIATIE": 31, "TEHNICIAN MECATRONIST": 9, "TEHNICIAN INSTALATII DE BORD (AVION)": 25, "TEHNICIAN MECANIC PENTRU INTRETINERE SI REPARATII": 3, "MATEMATICA-INFORMATICA": 18, "TEHNICIAN IN INSTALATII ELECTRICE": 3}, "limba_moderna": {"LIMBA ENGLEZA": 104, "LIMBA FRANCEZA": 6}, "limba_materna": {"LIMBA ROMANA": 110}, "promotie_anterioara": {"DA": 84, "NU": 26}, "materii": {"LIMBA ROMANA": {"medie": 5.470183486238534, "reusita": 82.72727272727273, "cnt": 110}, "GENERAL": {"medie": 5.1636963696369635, "reusita": 20.909090909090907, "cnt": 110}, "ANATOMIE SI FIZIOLOGIE UMANA, GENETICA SI ECOLOGIE UMANA": {"medie": 6.220000000000001, "reusita": 66.66666666666666, "cnt": 6}, "MATEMATICA MATE-INFO": {"medie": 5.1, "reusita": 72.22222222222221, "cnt": 18}, "BIOLOGIE VEGETALA SI ANIMALA": {"medie": 4.498765432098765, "reusita": 42.857142857142854, "cnt": 84}, "FIZICA TEO": {"medie": 6.7, "reusita": 100.0, "cnt": 1}, "MATEMATICA TEHN": {"medie": 5.284482758620689, "reusita": 66.30434782608695, "cnt": 92}, "INFORMATICA MI C/C++": {"medie": 6.1875, "reusita": 100.0, "cnt": 4}, "CHIMIE ANORGANICA TEH NIVEL I/II": {"medie": 6.5, "reusita": 50.0, "cnt": 2}, "FIZICA TEH": {"medie": 4.921428571428572, "reusita": 40.0, "cnt": 10}, "CHIMIE ORGANICA TEH NIVEL I/II": {"medie": 5.6000000000000005, "reusita": 100.0, "cnt": 3}}, "nume": "COLEGIUL TEHNIC DE AERONAUTICA \"HENRI COANDA\"\tBucure\u0219ti"}