{"specializari": {"MATEMATICA-INFORMATICA": 139, "FILOLOGIE": 39, "STIINTE ALE NATURII": 19}, "limba_moderna": {"LIMBA ENGLEZA": 189, "LIMBA FRANCEZA": 8}, "limba_materna": {"LIMBA ROMANA": 197}, "promotie_anterioara": {"NU": 171, "DA": 26}, "materii": {"LIMBA ROMANA": {"medie": 7.161167512690357, "reusita": 97.46192893401016, "cnt": 197}, "ISTORIE": {"medie": 7.910526315789473, "reusita": 97.43589743589743, "cnt": 39}, "GEOGRAFIE": {"medie": 8.3375, "reusita": 93.10344827586206, "cnt": 29}, "GENERAL": {"medie": 7.389862542955322, "reusita": 79.69543147208121, "cnt": 197}, "MATEMATICA ST-NAT": {"medie": 5.721052631578948, "reusita": 73.68421052631578, "cnt": 19}, "ANATOMIE SI FIZIOLOGIE UMANA, GENETICA SI ECOLOGIE UMANA": {"medie": 8.58125, "reusita": 100.0, "cnt": 40}, "MATEMATICA MATE-INFO": {"medie": 6.958333333333332, "reusita": 84.17266187050359, "cnt": 139}, "BIOLOGIE VEGETALA SI ANIMALA": {"medie": 7.25157894736842, "reusita": 89.58333333333334, "cnt": 96}, "FIZICA TEO": {"medie": 8.50294117647059, "reusita": 100.0, "cnt": 17}, "CHIMIE ORGANICA TEO NIVEL I/II": {"medie": 9.425, "reusita": 100.0, "cnt": 2}, "PSIHOLOGIE": {"medie": 9.25, "reusita": 100.0, "cnt": 2}, "LOGICA, ARGUMENTARE SI COMUNICARE": {"medie": 7.7, "reusita": 100.0, "cnt": 1}, "INFORMATICA MI C/C++": {"medie": 6.3, "reusita": 100.0, "cnt": 1}, "ECONOMIE": {"medie": 9.014285714285714, "reusita": 100.0, "cnt": 7}, "INFORMATICA MI PASCAL": {"medie": 9.625, "reusita": 100.0, "cnt": 2}}, "nume": "COLEGIUL NATIONAL \"ALEXANDRU IOAN CUZA\" ALEXANDRIA\tTeleorman"}