{"specializari": {"MATEMATICA-INFORMATICA": 132, "STIINTE ALE NATURII": 35, "FILOLOGIE": 34, "STIINTE SOCIALE": 37}, "limba_moderna": {"LIMBA ENGLEZA": 210, "LIMBA GERMANA MODERNA": 10, "LIMBA FRANCEZA": 18}, "limba_materna": {"LIMBA ROMANA": 238}, "promotie_anterioara": {"NU": 237, "DA": 1}, "materii": {"LIMBA ROMANA": {"medie": 8.809033613445381, "reusita": 100.0, "cnt": 238}, "ISTORIE": {"medie": 9.126056338028166, "reusita": 100.0, "cnt": 71}, "GEOGRAFIE": {"medie": 9.646666666666667, "reusita": 100.0, "cnt": 15}, "GENERAL": {"medie": 9.129971988795523, "reusita": 99.57983193277312, "cnt": 238}, "MATEMATICA ST-NAT": {"medie": 9.557142857142855, "reusita": 100.0, "cnt": 35}, "ANATOMIE SI FIZIOLOGIE UMANA, GENETICA SI ECOLOGIE UMANA": {"medie": 9.269718309859153, "reusita": 100.0, "cnt": 71}, "MATEMATICA MATE-INFO": {"medie": 9.180681818181816, "reusita": 100.0, "cnt": 132}, "BIOLOGIE VEGETALA SI ANIMALA": {"medie": 9.9, "reusita": 100.0, "cnt": 1}, "FIZICA TEO": {"medie": 9.13265306122449, "reusita": 100.0, "cnt": 49}, "CHIMIE ORGANICA TEO NIVEL I/II": {"medie": 9.586666666666668, "reusita": 100.0, "cnt": 15}, "PSIHOLOGIE": {"medie": 9.75, "reusita": 100.0, "cnt": 2}, "LOGICA, ARGUMENTARE SI COMUNICARE": {"medie": 9.305102040816328, "reusita": 100.0, "cnt": 49}, "INFORMATICA MI C/C++": {"medie": 9.719354838709675, "reusita": 100.0, "cnt": 31}, "ECONOMIE": {"medie": 9.43, "reusita": 100.0, "cnt": 5}}, "nume": "COLEGIUL NATIONAL \"FRATII BUZESTI\" CRAIOVA\tDolj"}