{"specializari": {"MATEMATICA-INFORMATICA": 87, "FILOLOGIE": 94}, "limba_moderna": {"LIMBA ENGLEZA": 179, "LIMBA FRANCEZA": 2}, "limba_materna": {"LIMBA ROMANA": 181}, "promotie_anterioara": {"NU": 181}, "materii": {"LIMBA ROMANA": {"medie": 8.60220994475138, "reusita": 100.0, "cnt": 181}, "ISTORIE": {"medie": 8.66329787234042, "reusita": 98.93617021276596, "cnt": 94}, "GEOGRAFIE": {"medie": 9.36111111111111, "reusita": 100.0, "cnt": 18}, "GENERAL": {"medie": 8.851473296500922, "reusita": 98.34254143646409, "cnt": 181}, "ANATOMIE SI FIZIOLOGIE UMANA, GENETICA SI ECOLOGIE UMANA": {"medie": 9.041666666666666, "reusita": 94.44444444444444, "cnt": 18}, "MATEMATICA MATE-INFO": {"medie": 9.045977011494251, "reusita": 100.0, "cnt": 87}, "BIOLOGIE VEGETALA SI ANIMALA": {"medie": 9.25, "reusita": 100.0, "cnt": 1}, "FIZICA TEO": {"medie": 8.77608695652174, "reusita": 100.0, "cnt": 23}, "CHIMIE ORGANICA TEO NIVEL I/II": {"medie": 9.219999999999999, "reusita": 100.0, "cnt": 5}, "SOCIOLOGIE": {"medie": 8.971739130434784, "reusita": 100.0, "cnt": 23}, "PSIHOLOGIE": {"medie": 8.93, "reusita": 100.0, "cnt": 10}, "LOGICA, ARGUMENTARE SI COMUNICARE": {"medie": 8.989583333333334, "reusita": 100.0, "cnt": 24}, "INFORMATICA MI C/C++": {"medie": 9.458749999999997, "reusita": 100.0, "cnt": 40}, "ECONOMIE": {"medie": 9.009374999999999, "reusita": 100.0, "cnt": 16}, "FILOSOFIE": {"medie": 8.55, "reusita": 100.0, "cnt": 3}}, "nume": "COLEGIUL NATIONAL BILINGV \"GEORGE COSBUC\"\tBucure\u0219ti"}