{"specializari": {"TEHNICIAN ANALIZE PRODUSE ALIMENTARE": 24, "TEHNICIAN IN IND. ALIM. FERMENTATIVA SI IN PREL. LEGUMELOR SI FRUCTELOR": 6, "TEHNICIAN IN MORARIT, PANIFICATIE SI PRODUSE FAINOASE": 24, "TEHNICIAN IN GASTRONOMIE": 45, "TEHNICIAN IN INDUSTRIA ALIMENTARA": 15, "TEHNICIAN IN PRELUCRAREA PRODUSELOR DE ORIGINE ANIMALA": 14}, "limba_moderna": {"LIMBA ENGLEZA": 101, "LIMBA FRANCEZA": 27}, "limba_materna": {"LIMBA ROMANA": 128}, "promotie_anterioara": {"NU": 71, "DA": 57}, "materii": {"LIMBA ROMANA": {"medie": 6.244921874999998, "reusita": 92.1875, "cnt": 128}, "GEOGRAFIE": {"medie": 8.20434782608696, "reusita": 95.65217391304348, "cnt": 23}, "GENERAL": {"medie": 6.676693766937664, "reusita": 67.1875, "cnt": 128}, "ANATOMIE SI FIZIOLOGIE UMANA, GENETICA SI ECOLOGIE UMANA": {"medie": 5.777205882352942, "reusita": 78.26086956521739, "cnt": 69}, "BIOLOGIE VEGETALA SI ANIMALA": {"medie": 7.283333333333334, "reusita": 100.0, "cnt": 3}, "MATEMATICA TEHN": {"medie": 6.996031746031748, "reusita": 94.53125, "cnt": 128}, "LOGICA, ARGUMENTARE SI COMUNICARE": {"medie": 8.292857142857143, "reusita": 100.0, "cnt": 21}, "ECONOMIE": {"medie": 4.2, "reusita": 0.0, "cnt": 1}, "CHIMIE ANORGANICA TEH NIVEL I/II": {"medie": 4.6, "reusita": 50.0, "cnt": 2}, "CHIMIE ORGANICA TEH NIVEL I/II": {"medie": 6.661111111111111, "reusita": 77.77777777777779, "cnt": 9}}, "nume": "COLEGIUL DE INDUSTRIE ALIMENTARA \"ELENA DOAMNA\", LOCALITATEA GALATI\tGala\u021bi"}