{"specializari": {"MATEMATICA-INFORMATICA": 54, "FILOLOGIE": 33, "STIINTE ALE NATURII": 42}, "limba_moderna": {"LIMBA ENGLEZA": 125, "LIMBA FRANCEZA": 4}, "limba_materna": {"LIMBA ROMANA": 115, "LIMBA MAGHIARA": 14}, "promotie_anterioara": {"NU": 122, "DA": 7}, "materii": {"LIMBA ROMANA": {"medie": 8.423643410852707, "reusita": 98.44961240310077, "cnt": 129}, "ISTORIE": {"medie": 8.336363636363636, "reusita": 100.0, "cnt": 33}, "GEOGRAFIE": {"medie": 8.75, "reusita": 100.0, "cnt": 27}, "GENERAL": {"medie": 8.490762273901806, "reusita": 95.34883720930233, "cnt": 129}, "MATEMATICA ST-NAT": {"medie": 8.414285714285711, "reusita": 97.61904761904762, "cnt": 42}, "ANATOMIE SI FIZIOLOGIE UMANA, GENETICA SI ECOLOGIE UMANA": {"medie": 8.963333333333333, "reusita": 96.66666666666667, "cnt": 30}, "MATEMATICA MATE-INFO": {"medie": 8.207407407407405, "reusita": 98.14814814814815, "cnt": 54}, "BIOLOGIE VEGETALA SI ANIMALA": {"medie": 7.029999999999999, "reusita": 80.0, "cnt": 5}, "FIZICA TEO": {"medie": 8.815000000000001, "reusita": 100.0, "cnt": 10}, "CHIMIE ORGANICA TEO NIVEL I/II": {"medie": 8.696551724137931, "reusita": 100.0, "cnt": 29}, "LIMBA MAGHIARA (REAL)": {"medie": 7.828571428571429, "reusita": 100.0, "cnt": 14}, "PSIHOLOGIE": {"medie": 8.95, "reusita": 100.0, "cnt": 4}, "LOGICA, ARGUMENTARE SI COMUNICARE": {"medie": 8.95, "reusita": 100.0, "cnt": 2}, "INFORMATICA MI C/C++": {"medie": 8.266666666666666, "reusita": 100.0, "cnt": 18}, "CHIMIE ANORGANICA TEO NIVEL I/II": {"medie": 9.6875, "reusita": 100.0, "cnt": 4}}, "nume": "COLEGIUL NATIONAL \"ANDREI MURESANU\" DEJ\tCluj"}