{"specializari": {"TEHNICIAN ANALIZE PRODUSE ALIMENTARE": 7, "TEHNICIAN IN INDUSTRIA ALIMENTARA": 11, "TEHNICIAN IN GASTRONOMIE": 4}, "limba_moderna": {"LIMBA ENGLEZA": 22}, "limba_materna": {"LIMBA ROMANA": 22}, "promotie_anterioara": {"DA": 10, "NU": 12}, "materii": {"LIMBA ROMANA": {"medie": 5.6475, "reusita": 72.72727272727273, "cnt": 22}, "GEOGRAFIE": {"medie": 6.825, "reusita": 100.0, "cnt": 4}, "GENERAL": {"medie": 5.557407407407407, "reusita": 27.27272727272727, "cnt": 22}, "ANATOMIE SI FIZIOLOGIE UMANA, GENETICA SI ECOLOGIE UMANA": {"medie": 4.8812500000000005, "reusita": 30.0, "cnt": 10}, "BIOLOGIE VEGETALA SI ANIMALA": {"medie": 5.866666666666666, "reusita": 50.0, "cnt": 4}, "MATEMATICA TEHN": {"medie": 5.0475, "reusita": 54.54545454545454, "cnt": 22}, "CHIMIE ANORGANICA TEH NIVEL I/II": {"medie": 4.975, "reusita": 50.0, "cnt": 4}}, "nume": "COLEGIUL TEHNIC \"RALUCA RIPAN\" CLUJ-NAPOCA\tCluj"}