{"specializari": {"FILOLOGIE": 32, "TEHNICIAN MECANIC PENTRU INTRETINERE SI REPARATII": 6, "STIINTE ALE NATURII": 20, "TEHNICIAN OPERATOR TEHNICA DE CALCUL": 15, "TEHNICIAN PROIECTANT CAD": 13, "TEHNICIAN ELECTRONIST": 15, "TEHNICIAN IN INSTALATII ELECTRICE": 12, "MATEMATICA-INFORMATICA": 23, "TEHNICIAN IN AUTOMATIZARI": 10, "STIINTE SOCIALE": 31, "TEHNICIAN MECATRONIST": 3}, "limba_moderna": {"LIMBA FRANCEZA": 9, "LIMBA ENGLEZA": 171}, "limba_materna": {"LIMBA ROMANA": 180}, "promotie_anterioara": {"NU": 146, "DA": 34}, "materii": {"LIMBA ROMANA": {"medie": 6.07784090909091, "reusita": 90.55555555555556, "cnt": 180}, "ISTORIE": {"medie": 6.053968253968254, "reusita": 96.82539682539682, "cnt": 63}, "GEOGRAFIE": {"medie": 8.118333333333334, "reusita": 100.0, "cnt": 30}, "GENERAL": {"medie": 6.166957364341083, "reusita": 53.888888888888886, "cnt": 180}, "MATEMATICA ST-NAT": {"medie": 5.507894736842106, "reusita": 75.0, "cnt": 20}, "ANATOMIE SI FIZIOLOGIE UMANA, GENETICA SI ECOLOGIE UMANA": {"medie": 6.948717948717947, "reusita": 90.0, "cnt": 40}, "MATEMATICA MATE-INFO": {"medie": 5.228260869565217, "reusita": 78.26086956521739, "cnt": 23}, "BIOLOGIE VEGETALA SI ANIMALA": {"medie": 4.497619047619045, "reusita": 48.484848484848484, "cnt": 66}, "MATEMATICA TEHN": {"medie": 6.178169014084507, "reusita": 85.13513513513513, "cnt": 74}, "PSIHOLOGIE": {"medie": 9.0, "reusita": 100.0, "cnt": 1}, "LOGICA, ARGUMENTARE SI COMUNICARE": {"medie": 8.521875, "reusita": 100.0, "cnt": 32}, "INFORMATICA MI C/C++": {"medie": 5.8, "reusita": 100.0, "cnt": 3}, "FIZICA TEH": {"medie": 4.721428571428571, "reusita": 50.0, "cnt": 8}}, "nume": "COLEGIUL TEHNIC \"GHEORGHE ASACHI\" BOTOSANI\tBoto\u0219ani"}