{"specializari": {"FILOLOGIE": 118, "MATEMATICA-INFORMATICA": 76, "STIINTE ALE NATURII": 58, "STIINTE SOCIALE": 34}, "limba_moderna": {"LIMBA ENGLEZA": 228, "LIMBA FRANCEZA": 51, "LIMBA GERMANA MODERNA": 7}, "limba_materna": {"LIMBA ROMANA": 286}, "promotie_anterioara": {"NU": 280, "DA": 6}, "materii": {"LIMBA ROMANA": {"medie": 7.184965034965037, "reusita": 98.95104895104895, "cnt": 286}, "ISTORIE": {"medie": 8.080132450331126, "reusita": 99.3421052631579, "cnt": 152}, "GEOGRAFIE": {"medie": 8.875280898876403, "reusita": 98.88888888888889, "cnt": 90}, "GENERAL": {"medie": 7.935438596491229, "reusita": 95.45454545454545, "cnt": 286}, "MATEMATICA ST-NAT": {"medie": 7.738793103448279, "reusita": 94.82758620689656, "cnt": 58}, "ANATOMIE SI FIZIOLOGIE UMANA, GENETICA SI ECOLOGIE UMANA": {"medie": 8.152439024390247, "reusita": 100.0, "cnt": 41}, "MATEMATICA MATE-INFO": {"medie": 8.265131578947363, "reusita": 97.36842105263158, "cnt": 76}, "BIOLOGIE VEGETALA SI ANIMALA": {"medie": 7.738333333333332, "reusita": 93.33333333333333, "cnt": 30}, "FIZICA TEO": {"medie": 7.751470588235295, "reusita": 100.0, "cnt": 34}, "CHIMIE ORGANICA TEO NIVEL I/II": {"medie": 8.458333333333334, "reusita": 100.0, "cnt": 24}, "SOCIOLOGIE": {"medie": 9.494444444444447, "reusita": 100.0, "cnt": 18}, "PSIHOLOGIE": {"medie": 8.1, "reusita": 100.0, "cnt": 2}, "LOGICA, ARGUMENTARE SI COMUNICARE": {"medie": 9.321875, "reusita": 100.0, "cnt": 32}, "INFORMATICA MI C/C++": {"medie": 9.18, "reusita": 100.0, "cnt": 5}, "ECONOMIE": {"medie": 7.975, "reusita": 100.0, "cnt": 10}}, "nume": "COLEGIUL NATIONAL \"MIHAI EMINESCU\" MUNICIPIUL BUZAU\tBuz\u0103u"}