{"specializari": {"FILOLOGIE": 12, "INVATATOR - EDUCATOARE": 13, "MATEMATICA-INFORMATICA": 3, "TEOLOGIE MUSULMANA": 2}, "limba_moderna": {"LIMBA ENGLEZA": 30}, "limba_materna": {"LIMBA ROMANA": 28, "LIMBA TURCA": 2}, "promotie_anterioara": {"NU": 22, "DA": 8}, "materii": {"LIMBA ROMANA": {"medie": 5.214814814814814, "reusita": 60.0, "cnt": 30}, "ISTORIE": {"medie": 5.546153846153847, "reusita": 85.71428571428571, "cnt": 14}, "GEOGRAFIE": {"medie": 6.6000000000000005, "reusita": 81.25, "cnt": 16}, "GENERAL": {"medie": 4.951512345679013, "reusita": 23.333333333333332, "cnt": 30}, "ANATOMIE SI FIZIOLOGIE UMANA, GENETICA SI ECOLOGIE UMANA": {"medie": 5.55, "reusita": 100.0, "cnt": 1}, "MATEMATICA MATE-INFO": {"medie": 3.3200000000000003, "reusita": 33.33333333333333, "cnt": 3}, "BIOLOGIE VEGETALA SI ANIMALA": {"medie": 2.925, "reusita": 0.0, "cnt": 2}, "PSIHOLOGIE": {"medie": 4.125000000000001, "reusita": 27.27272727272727, "cnt": 11}, "MATEMATICA PED": {"medie": 4.033333333333333, "reusita": 38.46153846153847, "cnt": 13}, "LIMBA TURCA": {"medie": 1.075, "reusita": 0.0, "cnt": 2}}, "nume": "COLEGIUL NATIONAL \"KEMAL ATATURK\" MEDGIDIA\tConstan\u021ba"}