{"specializari": {"STIINTE ALE NATURII": 28, "MATEMATICA-INFORMATICA": 101}, "limba_moderna": {"LIMBA ENGLEZA": 127, "LIMBA FRANCEZA": 2}, "limba_materna": {"LIMBA ROMANA": 129}, "promotie_anterioara": {"NU": 114, "DA": 15}, "materii": {"LIMBA ROMANA": {"medie": 7.780468750000002, "reusita": 98.44961240310077, "cnt": 129}, "GENERAL": {"medie": 7.388713910761153, "reusita": 75.96899224806202, "cnt": 129}, "MATEMATICA ST-NAT": {"medie": 6.689285714285714, "reusita": 82.14285714285714, "cnt": 28}, "ANATOMIE SI FIZIOLOGIE UMANA, GENETICA SI ECOLOGIE UMANA": {"medie": 7.9494382022471894, "reusita": 95.55555555555556, "cnt": 90}, "MATEMATICA MATE-INFO": {"medie": 6.552525252525257, "reusita": 90.0990099009901, "cnt": 101}, "BIOLOGIE VEGETALA SI ANIMALA": {"medie": 6.6, "reusita": 100.0, "cnt": 1}, "FIZICA TEO": {"medie": 7.920000000000002, "reusita": 100.0, "cnt": 5}, "CHIMIE ORGANICA TEO NIVEL I/II": {"medie": 7.441666666666666, "reusita": 100.0, "cnt": 6}, "INFORMATICA MI C/C++": {"medie": 7.638235294117647, "reusita": 100.0, "cnt": 17}, "CHIMIE ANORGANICA TEO NIVEL I/II": {"medie": 9.65, "reusita": 100.0, "cnt": 1}, "INFORMATICA MI PASCAL": {"medie": 6.372222222222223, "reusita": 88.88888888888889, "cnt": 9}}, "nume": "COLEGIUL NATIONAL DE INFORMATICA \"CARMEN SYLVA\" PETROSANI\tHunedoara"}