{"specializari": {"TEHNICIAN IN ACTIVITATI ECONOMICE": 98, "TEHNICIAN IN ADMINISTRATIE": 15, "TEHNICIAN IN TURISM": 91, "TEHNICIAN IN ACHIZITII SI CONTRACTARI": 41, "TEHNICIAN IN ACTIVITATI DE COMERT": 2, "TEHNICIAN IN GASTRONOMIE": 1}, "limba_moderna": {"LIMBA ENGLEZA": 229, "LIMBA FRANCEZA": 19}, "limba_materna": {"LIMBA ROMANA": 248}, "promotie_anterioara": {"NU": 197, "DA": 51}, "materii": {"LIMBA ROMANA": {"medie": 6.032916666666663, "reusita": 82.66129032258065, "cnt": 248}, "GEOGRAFIE": {"medie": 6.57421524663677, "reusita": 81.38528138528139, "cnt": 231}, "GENERAL": {"medie": 5.575393419170245, "reusita": 33.87096774193548, "cnt": 248}, "MATEMATICA TEHN": {"medie": 4.194725738396624, "reusita": 44.75806451612903, "cnt": 248}, "LOGICA, ARGUMENTARE SI COMUNICARE": {"medie": 8.7, "reusita": 100.0, "cnt": 1}, "ECONOMIE": {"medie": 4.220000000000001, "reusita": 25.0, "cnt": 16}}, "nume": "COLEGIUL NATIONAL ECONOMIC \"THEODOR COSTESCU\"\tMehedin\u021bi"}