{"specializari": {"STIINTE ALE NATURII": 68, "MATEMATICA-INFORMATICA": 103, "STIINTE SOCIALE": 64, "FILOLOGIE": 63}, "limba_moderna": {"LIMBA FRANCEZA": 36, "LIMBA ENGLEZA": 260, "LIMBA GERMANA MODERNA": 2}, "limba_materna": {"LIMBA ROMANA": 298}, "promotie_anterioara": {"NU": 298}, "materii": {"LIMBA ROMANA": {"medie": 8.204697986577184, "reusita": 100.0, "cnt": 298}, "ISTORIE": {"medie": 9.283070866141735, "reusita": 100.0, "cnt": 127}, "GEOGRAFIE": {"medie": 9.287078651685391, "reusita": 100.0, "cnt": 89}, "GENERAL": {"medie": 8.895469798657727, "reusita": 100.0, "cnt": 298}, "MATEMATICA ST-NAT": {"medie": 9.127205882352937, "reusita": 100.0, "cnt": 68}, "MATEMATICA MATE-INFO": {"medie": 9.168932038834955, "reusita": 100.0, "cnt": 103}, "BIOLOGIE VEGETALA SI ANIMALA": {"medie": 8.954545454545455, "reusita": 100.0, "cnt": 11}, "FIZICA TEO": {"medie": 9.440517241379311, "reusita": 100.0, "cnt": 58}, "CHIMIE ORGANICA TEO NIVEL I/II": {"medie": 9.275000000000006, "reusita": 100.0, "cnt": 78}, "SOCIOLOGIE": {"medie": 9.7, "reusita": 100.0, "cnt": 3}, "PSIHOLOGIE": {"medie": 9.504999999999999, "reusita": 100.0, "cnt": 10}, "LOGICA, ARGUMENTARE SI COMUNICARE": {"medie": 9.657142857142857, "reusita": 100.0, "cnt": 7}, "INFORMATICA MI C/C++": {"medie": 8.841304347826087, "reusita": 100.0, "cnt": 23}, "ECONOMIE": {"medie": 8.964285714285714, "reusita": 100.0, "cnt": 14}, "CHIMIE ANORGANICA TEO NIVEL I/II": {"medie": 10.0, "reusita": 100.0, "cnt": 1}, "FILOSOFIE": {"medie": 9.225, "reusita": 100.0, "cnt": 4}}, "nume": "COLEGIUL NATIONAL \"B. P. HASDEU\" MUNICIPIUL BUZAU\tBuz\u0103u"}