{"specializari": {"FILOLOGIE": 70, "TEHNICIAN TRANSPORTURI": 46, "MATEMATICA-INFORMATICA": 21, "TEHNICIAN IN INDUSTRIA TEXTILA": 23, "STIINTE ALE NATURII": 41, "TEHNICIAN MECATRONIST": 1, "LICEU CU PROGRAM SPORTIV": 1}, "limba_moderna": {"LIMBA ENGLEZA": 187, "LIMBA FRANCEZA": 16}, "limba_materna": {"LIMBA UCRAINEANA": 27, "LIMBA ROMANA": 176}, "promotie_anterioara": {"NU": 180, "DA": 23}, "materii": {"LIMBA ROMANA": {"medie": 6.431891891891892, "reusita": 79.80295566502463, "cnt": 203}, "ISTORIE": {"medie": 5.609090909090909, "reusita": 78.87323943661971, "cnt": 71}, "GEOGRAFIE": {"medie": 5.869999999999999, "reusita": 100.0, "cnt": 5}, "GENERAL": {"medie": 6.209369244935539, "reusita": 52.21674876847291, "cnt": 203}, "MATEMATICA ST-NAT": {"medie": 6.7087499999999975, "reusita": 87.8048780487805, "cnt": 41}, "ANATOMIE SI FIZIOLOGIE UMANA, GENETICA SI ECOLOGIE UMANA": {"medie": 7.24583333333333, "reusita": 84.0, "cnt": 50}, "MATEMATICA MATE-INFO": {"medie": 7.6763157894736835, "reusita": 90.47619047619048, "cnt": 21}, "BIOLOGIE VEGETALA SI ANIMALA": {"medie": 4.5346153846153845, "reusita": 36.92307692307693, "cnt": 65}, "FIZICA TEO": {"medie": 9.725000000000001, "reusita": 100.0, "cnt": 2}, "MATEMATICA TEHN": {"medie": 4.48859649122807, "reusita": 45.714285714285715, "cnt": 70}, "CHIMIE ORGANICA TEO NIVEL I/II": {"medie": 9.35, "reusita": 100.0, "cnt": 6}, "LOGICA, ARGUMENTARE SI COMUNICARE": {"medie": 6.812295081967214, "reusita": 83.33333333333334, "cnt": 66}, "INFORMATICA MI C/C++": {"medie": 8.350000000000001, "reusita": 100.0, "cnt": 2}, "CHIMIE ANORGANICA TEH NIVEL I/II": {"medie": 2.6, "reusita": 0.0, "cnt": 1}, "FIZICA TEH": {"medie": 5.2625, "reusita": 50.0, "cnt": 4}, "CHIMIE ANORGANICA TEO NIVEL I/II": {"medie": 9.3, "reusita": 100.0, "cnt": 1}, "CHIMIE ORGANICA TEH NIVEL I/II": {"medie": 2.5, "reusita": 0.0, "cnt": 1}, "LIMBA UCRAINEANA": {"medie": 6.640909090909091, "reusita": 77.77777777777779, "cnt": 27}}, "nume": "COLEGIUL TEHNIC \"LATCU VODA\" SIRET\tSuceava"}