{"specializari": {"MATEMATICA-INFORMATICA": 77, "FILOLOGIE": 29, "LICEU CU PROGRAM SPORTIV": 30, "STIINTE ALE NATURII": 55, "STIINTE SOCIALE": 39}, "limba_moderna": {"LIMBA ENGLEZA": 215, "LIMBA FRANCEZA": 13, "LIMBA GERMANA MODERNA": 2}, "limba_materna": {"LIMBA ROMANA": 230}, "promotie_anterioara": {"NU": 226, "DA": 4}, "materii": {"LIMBA ROMANA": {"medie": 8.671397379912666, "reusita": 99.1304347826087, "cnt": 230}, "ISTORIE": {"medie": 7.382291666666666, "reusita": 96.93877551020408, "cnt": 98}, "GEOGRAFIE": {"medie": 8.820394736842106, "reusita": 98.7012987012987, "cnt": 77}, "GENERAL": {"medie": 8.607383040935671, "reusita": 96.52173913043478, "cnt": 230}, "MATEMATICA ST-NAT": {"medie": 8.81909090909091, "reusita": 100.0, "cnt": 55}, "ANATOMIE SI FIZIOLOGIE UMANA, GENETICA SI ECOLOGIE UMANA": {"medie": 8.69090909090909, "reusita": 100.0, "cnt": 33}, "MATEMATICA MATE-INFO": {"medie": 8.859740259740256, "reusita": 100.0, "cnt": 77}, "BIOLOGIE VEGETALA SI ANIMALA": {"medie": 8.966666666666667, "reusita": 100.0, "cnt": 9}, "FIZICA TEO": {"medie": 8.478571428571428, "reusita": 100.0, "cnt": 35}, "CHIMIE ORGANICA TEO NIVEL I/II": {"medie": 9.86875, "reusita": 100.0, "cnt": 8}, "SOCIOLOGIE": {"medie": 8.055555555555555, "reusita": 100.0, "cnt": 9}, "PSIHOLOGIE": {"medie": 8.450000000000001, "reusita": 100.0, "cnt": 6}, "LOGICA, ARGUMENTARE SI COMUNICARE": {"medie": 9.85, "reusita": 100.0, "cnt": 2}, "INFORMATICA MI C/C++": {"medie": 9.505319148936168, "reusita": 100.0, "cnt": 47}, "ECONOMIE": {"medie": 8.616666666666665, "reusita": 100.0, "cnt": 3}, "FILOSOFIE": {"medie": 7.9, "reusita": 100.0, "cnt": 1}}, "nume": "COLEGIUL NATIONAL MIRCEA CEL BATRAN, MUN. RM. VALCEA\tV\u00e2lcea"}