{"specializari": {"TEHNICIAN IN HOTELARIE": 14, "ORGANIZATOR BANQUETING": 10, "TEHNICIAN IN TURISM": 2}, "limba_moderna": {"LIMBA ENGLEZA": 25, "LIMBA FRANCEZA": 1}, "limba_materna": {"LIMBA ROMANA": 26}, "promotie_anterioara": {"NU": 21, "DA": 5}, "materii": {"LIMBA ROMANA": {"medie": 6.53, "reusita": 96.15384615384616, "cnt": 26}, "GEOGRAFIE": {"medie": 7.847826086956521, "reusita": 95.83333333333334, "cnt": 24}, "GENERAL": {"medie": 6.5673611111111105, "reusita": 57.692307692307686, "cnt": 26}, "MATEMATICA TEHN": {"medie": 5.479166666666668, "reusita": 57.692307692307686, "cnt": 26}, "ECONOMIE": {"medie": 4.875, "reusita": 50.0, "cnt": 2}}, "nume": "COLEGIUL ECONOMIC \"PINTEA VITEAZUL\" CAVNIC\tMaramure\u0219"}