{"specializari": {"ARHITECTURA, ARTE AMBIENTALE SI DESIGN": 56, "TEHNICIAN DE TELECOMUNICATII": 82, "TEHNICIAN DESENATOR PENTRU CONSTRUCTII SI INSTALATII": 22, "TEHNICIAN OPERATOR TEHNICA DE CALCUL": 15, "TEHNICIAN DESIGNER MOBILA SI AMENAJARI INTERIOARE": 12, "TEHNICIAN IN PRELUCRAREA LEMNULUI": 2, "TEHNICIAN ELECTRONIST": 1}, "limba_moderna": {"LIMBA ENGLEZA": 186, "LIMBA GERMANA MODERNA": 2, "LIMBA FRANCEZA": 2}, "limba_materna": {"LIMBA ROMANA": 190}, "promotie_anterioara": {"NU": 137, "DA": 53}, "materii": {"LIMBA ROMANA": {"medie": 5.646132596685083, "reusita": 71.57894736842105, "cnt": 190}, "ISTORIE": {"medie": 5.840384615384616, "reusita": 76.78571428571429, "cnt": 56}, "GEOGRAFIE": {"medie": 7.971212121212122, "reusita": 94.11764705882352, "cnt": 34}, "GENERAL": {"medie": 5.391617357001969, "reusita": 36.84210526315789, "cnt": 190}, "BIOLOGIE VEGETALA SI ANIMALA": {"medie": 4.521238938053098, "reusita": 41.40625, "cnt": 128}, "MATEMATICA TEHN": {"medie": 4.9552000000000005, "reusita": 57.46268656716418, "cnt": 134}, "PSIHOLOGIE": {"medie": 5.095, "reusita": 54.54545454545454, "cnt": 22}, "FIZICA TEH": {"medie": 5.458333333333333, "reusita": 66.66666666666666, "cnt": 6}}, "nume": "COLEGIUL TEHNIC \"ION MINCU\" MUN.TIMISOARA\tTimi\u0219"}