{"specializari": {"STIINTE ALE NATURII": 107, "MATEMATICA-INFORMATICA": 80, "STIINTE SOCIALE": 34}, "limba_moderna": {"LIMBA FRANCEZA": 27, "LIMBA ENGLEZA": 161, "LIMBA GERMANA MODERNA": 33}, "limba_materna": {"LIMBA ROMANA": 221}, "promotie_anterioara": {"NU": 219, "DA": 2}, "materii": {"LIMBA ROMANA": {"medie": 9.137782805429865, "reusita": 100.0, "cnt": 221}, "ISTORIE": {"medie": 8.435294117647059, "reusita": 100.0, "cnt": 34}, "GEOGRAFIE": {"medie": 9.65, "reusita": 100.0, "cnt": 2}, "GENERAL": {"medie": 9.163030303030311, "reusita": 98.19004524886877, "cnt": 221}, "MATEMATICA ST-NAT": {"medie": 9.237850467289723, "reusita": 100.0, "cnt": 107}, "ANATOMIE SI FIZIOLOGIE UMANA, GENETICA SI ECOLOGIE UMANA": {"medie": 9.42708333333333, "reusita": 98.63013698630137, "cnt": 73}, "MATEMATICA MATE-INFO": {"medie": 9.105624999999998, "reusita": 98.75, "cnt": 80}, "BIOLOGIE VEGETALA SI ANIMALA": {"medie": 8.868749999999999, "reusita": 93.75, "cnt": 16}, "FIZICA TEO": {"medie": 8.975000000000001, "reusita": 100.0, "cnt": 44}, "CHIMIE ORGANICA TEO NIVEL I/II": {"medie": 9.483928571428569, "reusita": 100.0, "cnt": 28}, "PSIHOLOGIE": {"medie": 8.100000000000001, "reusita": 100.0, "cnt": 2}, "LOGICA, ARGUMENTARE SI COMUNICARE": {"medie": 9.48214285714286, "reusita": 100.0, "cnt": 28}, "INFORMATICA MI C/C++": {"medie": 9.248000000000003, "reusita": 100.0, "cnt": 25}, "ECONOMIE": {"medie": 9.5, "reusita": 100.0, "cnt": 2}, "CHIMIE ANORGANICA TEO NIVEL I/II": {"medie": 9.6, "reusita": 100.0, "cnt": 1}}, "nume": "COLEGIUL NATIONAL \"MIRCEA CEL BATRAN\" CONSTANTA\tConstan\u021ba"}