{"specializari": {"TEHNICIAN IN AUTOMATIZARI": 29, "TEHNICIAN MECATRONIST": 7, "TEHNICIAN ELECTRONIST": 1, "TEHNICIAN ELECTROTEHNIST": 5, "TEHNICIAN IN INSTALATII ELECTRICE": 11, "TEHNICIAN OPERATOR TEHNICA DE CALCUL": 1}, "limba_moderna": {"LIMBA ENGLEZA": 51, "LIMBA FRANCEZA": 3}, "limba_materna": {"LIMBA ROMANA": 45, "LIMBA MAGHIARA": 9}, "promotie_anterioara": {"NU": 23, "DA": 31}, "materii": {"LIMBA ROMANA": {"medie": 6.127358490566037, "reusita": 96.29629629629629, "cnt": 54}, "GENERAL": {"medie": 5.70725, "reusita": 38.88888888888889, "cnt": 54}, "BIOLOGIE VEGETALA SI ANIMALA": {"medie": 4.925675675675675, "reusita": 51.28205128205128, "cnt": 39}, "MATEMATICA TEHN": {"medie": 5.878301886792453, "reusita": 83.33333333333334, "cnt": 54}, "LIMBA MAGHIARA (REAL)": {"medie": 6.427777777777777, "reusita": 100.0, "cnt": 9}, "CHIMIE ANORGANICA TEH NIVEL I/II": {"medie": 5.311111111111112, "reusita": 60.0, "cnt": 10}, "FIZICA TEH": {"medie": 5.25, "reusita": 40.0, "cnt": 5}}, "nume": "COLEGIUL TEHNIC ENERGETIC \"REMUS RADULET\" BRASOV\tBra\u0219ov"}