{"specializari": {"MUZICA": 52}, "limba_moderna": {"LIMBA ENGLEZA": 48, "LIMBA FRANCEZA": 4}, "limba_materna": {"LIMBA ROMANA": 40, "LIMBA MAGHIARA": 12}, "promotie_anterioara": {"NU": 52}, "materii": {"LIMBA ROMANA": {"medie": 8.075, "reusita": 100.0, "cnt": 52}, "ISTORIE": {"medie": 8.359615384615388, "reusita": 100.0, "cnt": 52}, "GEOGRAFIE": {"medie": 8.491346153846154, "reusita": 100.0, "cnt": 52}, "GENERAL": {"medie": 8.295272435897436, "reusita": 100.0, "cnt": 52}, "LIMBA MAGHIARA (REAL)": {"medie": 8.591666666666667, "reusita": 100.0, "cnt": 12}}, "nume": "COLEGIUL DE MUZICA \"SIGISMUND TODUTA\" CLUJ-NAPOCA\tCluj"}