{"specializari": {"STIINTE SOCIALE": 31, "FILOLOGIE": 22, "MATEMATICA-INFORMATICA": 25, "STIINTE ALE NATURII": 28}, "limba_moderna": {"LIMBA FRANCEZA": 3, "LIMBA ENGLEZA": 87, "LIMBA GERMANA MODERNA": 16}, "limba_materna": {"LIMBA ROMANA": 56, "LIMBA GERMANA": 50}, "promotie_anterioara": {"NU": 106}, "materii": {"LIMBA ROMANA": {"medie": 8.145238095238094, "reusita": 99.05660377358491, "cnt": 106}, "ISTORIE": {"medie": 8.164423076923075, "reusita": 98.11320754716981, "cnt": 53}, "GEOGRAFIE": {"medie": 8.971052631578948, "reusita": 100.0, "cnt": 19}, "GENERAL": {"medie": 8.427539682539683, "reusita": 96.22641509433963, "cnt": 106}, "MATEMATICA ST-NAT": {"medie": 8.97142857142857, "reusita": 100.0, "cnt": 28}, "ANATOMIE SI FIZIOLOGIE UMANA, GENETICA SI ECOLOGIE UMANA": {"medie": 8.579166666666666, "reusita": 100.0, "cnt": 12}, "MATEMATICA MATE-INFO": {"medie": 8.422000000000002, "reusita": 96.0, "cnt": 25}, "BIOLOGIE VEGETALA SI ANIMALA": {"medie": 7.7250000000000005, "reusita": 100.0, "cnt": 6}, "FIZICA TEO": {"medie": 8.06875, "reusita": 100.0, "cnt": 8}, "CHIMIE ORGANICA TEO NIVEL I/II": {"medie": 9.3875, "reusita": 100.0, "cnt": 8}, "INFORMATICA SN C/C++": {"medie": 9.7375, "reusita": 100.0, "cnt": 4}, "LOGICA, ARGUMENTARE SI COMUNICARE": {"medie": 8.925000000000002, "reusita": 93.93939393939394, "cnt": 33}, "INFORMATICA MI C/C++": {"medie": 8.988888888888889, "reusita": 100.0, "cnt": 9}, "LIMBA GERMANA": {"medie": 7.930612244897957, "reusita": 98.0, "cnt": 50}, "CHIMIE ANORGANICA TEO NIVEL I/II": {"medie": 9.200000000000001, "reusita": 100.0, "cnt": 6}, "FILOSOFIE": {"medie": 9.2, "reusita": 100.0, "cnt": 1}}, "nume": "COLEGIUL NATIONAL \"GEORGE COSBUC\" CLUJ-NAPOCA\tCluj"}