{"specializari": {"COAFOR STILIST": 9, "TEHNICIAN MECANIC PENTRU INTRETINERE SI REPARATII": 2, "TEHNICIAN IN INSTALATII ELECTRICE": 10, "TEHNICIAN ELECTROMECANIC": 5, "TEHNICIAN ELECTROTEHNIST": 3, "TEHNICIAN OPERATOR TEHNICA DE CALCUL": 2, "TEHNICIAN DE TELECOMUNICATII": 1, "TEHNICIAN MECATRONIST": 2, "TEHNICIAN PRELUCRARI MECANICE": 1}, "limba_moderna": {"LIMBA ENGLEZA": 29, "LIMBA FRANCEZA": 2, "LIMBA GERMANA MODERNA": 4}, "limba_materna": {"LIMBA ROMANA": 35}, "promotie_anterioara": {"DA": 30, "NU": 5}, "materii": {"LIMBA ROMANA": {"medie": 5.669696969696969, "reusita": 80.0, "cnt": 35}, "GEOGRAFIE": {"medie": 5.987500000000001, "reusita": 77.77777777777779, "cnt": 9}, "GENERAL": {"medie": 5.362643678160918, "reusita": 25.71428571428571, "cnt": 35}, "BIOLOGIE VEGETALA SI ANIMALA": {"medie": 4.91190476190476, "reusita": 54.54545454545454, "cnt": 22}, "MATEMATICA TEHN": {"medie": 5.0919354838709685, "reusita": 54.285714285714285, "cnt": 35}, "CHIMIE ANORGANICA TEH NIVEL I/II": {"medie": 4.075, "reusita": 33.33333333333333, "cnt": 3}, "FIZICA TEH": {"medie": 5.3, "reusita": 100.0, "cnt": 1}}, "nume": "COLEGIUL TEHNIC RESITA\tCara\u0219-Severin"}