{"specializari": {"ORGANIZATOR BANQUETING": 32, "TEHNICIAN IN ACTIVITATI DE COMERT": 51, "TEHNICIAN IN ACTIVITATI ECONOMICE": 51, "TEHNICIAN IN TURISM": 28, "TEHNICIAN IN GASTRONOMIE": 31}, "limba_moderna": {"LIMBA ENGLEZA": 191, "LIMBA FRANCEZA": 2}, "limba_materna": {"LIMBA ROMANA": 193}, "promotie_anterioara": {"NU": 161, "DA": 32}, "materii": {"LIMBA ROMANA": {"medie": 5.668, "reusita": 69.94818652849742, "cnt": 193}, "GEOGRAFIE": {"medie": 5.561666666666667, "reusita": 53.246753246753244, "cnt": 77}, "GENERAL": {"medie": 5.8095698924731165, "reusita": 39.37823834196891, "cnt": 193}, "MATEMATICA TEHN": {"medie": 4.919705882352937, "reusita": 48.704663212435236, "cnt": 193}, "LOGICA, ARGUMENTARE SI COMUNICARE": {"medie": 6.7032110091743125, "reusita": 73.04347826086956, "cnt": 115}, "ECONOMIE": {"medie": 2.8, "reusita": 0.0, "cnt": 1}}, "nume": "COLEGIUL ECONOMIC MANGALIA\tConstan\u021ba"}