{"specializari": {"TEHNICIAN ANALIZE PRODUSE ALIMENTARE": 7, "TEHNICIAN ECOLOG SI PROTECTIA CALITATII MEDIULUI": 28, "TEHNICIAN IN CHIMIE INDUSTRIALA": 1, "TEHNICIAN IN SILVICULTURA SI EXPLOATARI FORESTIERE": 9, "TEHNICIAN CHIMIST DE LABORATOR": 2, "TEHNICIAN IN INSTALATII ELECTRICE": 2}, "limba_moderna": {"LIMBA FRANCEZA": 28, "LIMBA ENGLEZA": 21}, "limba_materna": {"LIMBA ROMANA": 49}, "promotie_anterioara": {"NU": 33, "DA": 16}, "materii": {"LIMBA ROMANA": {"medie": 6.059183673469389, "reusita": 97.95918367346938, "cnt": 49}, "GENERAL": {"medie": 5.608156028368796, "reusita": 34.69387755102041, "cnt": 49}, "ANATOMIE SI FIZIOLOGIE UMANA, GENETICA SI ECOLOGIE UMANA": {"medie": 5.6986842105263165, "reusita": 74.35897435897436, "cnt": 39}, "BIOLOGIE VEGETALA SI ANIMALA": {"medie": 6.272222222222222, "reusita": 100.0, "cnt": 9}, "MATEMATICA TEHN": {"medie": 4.911458333333334, "reusita": 59.183673469387756, "cnt": 49}, "CHIMIE ANORGANICA TEH NIVEL I/II": {"medie": 5.0, "reusita": 100.0, "cnt": 1}}, "nume": "COLEGIUL TEHNIC \"CD NENITESCU\" BAIA MARE\tMaramure\u0219"}