{"specializari": {"TEHNICIAN PROIECTANT CAD": 18, "TEHNICIAN OPERATOR TEHNICA DE CALCUL": 21, "TEHNICIAN IN INSTALATII ELECTRICE": 13, "TEHNICIAN IN CONSTRUCTII SI LUCRARI PUBLICE": 7, "TEHNICIAN ECOLOG SI PROTECTIA CALITATII MEDIULUI": 40, "MATEMATICA-INFORMATICA": 18, "TEHNICIAN IN ACTIVITATI ECONOMICE": 52, "TEHNICIAN INSTALATOR PENTRU CONSTRUCTII": 6, "TEHNICIAN DESENATOR PENTRU CONSTRUCTII SI INSTALATII": 4, "TEHNICIAN MECANIC PENTRU INTRETINERE SI REPARATII": 1}, "limba_moderna": {"LIMBA ENGLEZA": 179, "LIMBA FRANCEZA": 1}, "limba_materna": {"LIMBA ROMANA": 180}, "promotie_anterioara": {"NU": 156, "DA": 24}, "materii": {"LIMBA ROMANA": {"medie": 6.434745762711865, "reusita": 88.33333333333333, "cnt": 180}, "GEOGRAFIE": {"medie": 7.816666666666668, "reusita": 98.0392156862745, "cnt": 51}, "GENERAL": {"medie": 6.531321839080458, "reusita": 61.111111111111114, "cnt": 180}, "ANATOMIE SI FIZIOLOGIE UMANA, GENETICA SI ECOLOGIE UMANA": {"medie": 7.688888888888887, "reusita": 100.0, "cnt": 9}, "MATEMATICA MATE-INFO": {"medie": 5.977777777777777, "reusita": 88.88888888888889, "cnt": 18}, "BIOLOGIE VEGETALA SI ANIMALA": {"medie": 5.011111111111112, "reusita": 44.73684210526316, "cnt": 38}, "FIZICA TEO": {"medie": 6.183333333333333, "reusita": 66.66666666666666, "cnt": 3}, "MATEMATICA TEHN": {"medie": 6.292721518987343, "reusita": 73.4567901234568, "cnt": 162}, "LOGICA, ARGUMENTARE SI COMUNICARE": {"medie": 8.45, "reusita": 100.0, "cnt": 1}, "INFORMATICA MI C/C++": {"medie": 6.544444444444444, "reusita": 77.77777777777779, "cnt": 9}, "CHIMIE ANORGANICA TEH NIVEL I/II": {"medie": 6.696666666666668, "reusita": 86.66666666666667, "cnt": 30}, "FIZICA TEH": {"medie": 7.341666666666666, "reusita": 100.0, "cnt": 6}, "CHIMIE ANORGANICA TEO NIVEL I/II": {"medie": 7.4125, "reusita": 100.0, "cnt": 4}, "CHIMIE ORGANICA TEH NIVEL I/II": {"medie": 6.8051724137931044, "reusita": 82.75862068965517, "cnt": 29}}, "nume": "COLEGIUL TEHNIC \"GHEORGHE ASACHI\" ONESTI\tBac\u0103u"}