{"specializari": {"MATEMATICA-INFORMATICA": 288}, "limba_moderna": {"LIMBA ENGLEZA": 266, "LIMBA SPANIOLA": 5, "LIMBA FRANCEZA": 9, "LIMBA GERMANA MODERNA": 8}, "limba_materna": {"LIMBA ROMANA": 288}, "promotie_anterioara": {"NU": 288}, "materii": {"LIMBA ROMANA": {"medie": 8.922569444444447, "reusita": 100.0, "cnt": 288}, "GENERAL": {"medie": 9.22870370370371, "reusita": 100.0, "cnt": 288}, "ANATOMIE SI FIZIOLOGIE UMANA, GENETICA SI ECOLOGIE UMANA": {"medie": 9.528260869565218, "reusita": 100.0, "cnt": 23}, "MATEMATICA MATE-INFO": {"medie": 9.332812499999998, "reusita": 100.0, "cnt": 288}, "BIOLOGIE VEGETALA SI ANIMALA": {"medie": 9.408928571428572, "reusita": 100.0, "cnt": 28}, "FIZICA TEO": {"medie": 9.421052631578945, "reusita": 100.0, "cnt": 133}, "CHIMIE ORGANICA TEO NIVEL I/II": {"medie": 9.53934426229508, "reusita": 100.0, "cnt": 61}, "INFORMATICA MI C/C++": {"medie": 9.35, "reusita": 100.0, "cnt": 34}, "CHIMIE ANORGANICA TEO NIVEL I/II": {"medie": 8.96111111111111, "reusita": 100.0, "cnt": 9}}, "nume": "COLEGIUL NATIONAL \"MIHAI VITEAZUL\"\tBucure\u0219ti"}