{"specializari": {"TEHNICIAN DESIGNER MOBILA SI AMENAJARI INTERIOARE": 8, "TEHNICIAN DESENATOR PENTRU CONSTRUCTII SI INSTALATII": 46, "TEHNICIAN PROIECTANT CAD": 17, "TEHNICIAN OPERATOR TEHNICA DE CALCUL": 4, "TEHNICIAN ELECTRICIAN/ELECTRONIST AUTO": 10, "STIINTE ALE NATURII": 17, "ARHITECTURA, ARTE AMBIENTALE SI DESIGN": 24, "TEHNICIAN ECOLOG SI PROTECTIA CALITATII MEDIULUI": 18, "TEHNICIAN HIDRO-METEOROLOG": 12, "FILOLOGIE": 31}, "limba_moderna": {"LIMBA ENGLEZA": 176, "LIMBA RUSA": 5, "LIMBA FRANCEZA": 6}, "limba_materna": {"LIMBA ROMANA": 187}, "promotie_anterioara": {"NU": 138, "DA": 49}, "materii": {"LIMBA ROMANA": {"medie": 6.271774193548387, "reusita": 93.04812834224599, "cnt": 187}, "ISTORIE": {"medie": 6.79363636363636, "reusita": 98.18181818181819, "cnt": 55}, "GEOGRAFIE": {"medie": 7.70408163265306, "reusita": 95.91836734693877, "cnt": 49}, "GENERAL": {"medie": 6.5439138576779, "reusita": 62.56684491978609, "cnt": 187}, "MATEMATICA ST-NAT": {"medie": 8.161764705882355, "reusita": 100.0, "cnt": 17}, "ANATOMIE SI FIZIOLOGIE UMANA, GENETICA SI ECOLOGIE UMANA": {"medie": 6.7250000000000005, "reusita": 87.5, "cnt": 24}, "BIOLOGIE VEGETALA SI ANIMALA": {"medie": 4.866666666666667, "reusita": 53.333333333333336, "cnt": 45}, "FIZICA TEO": {"medie": 8.5375, "reusita": 100.0, "cnt": 4}, "MATEMATICA TEHN": {"medie": 6.638636363636366, "reusita": 84.34782608695653, "cnt": 115}, "CHIMIE ORGANICA TEO NIVEL I/II": {"medie": 5.858333333333334, "reusita": 83.33333333333334, "cnt": 6}, "SOCIOLOGIE": {"medie": 9.2, "reusita": 100.0, "cnt": 1}, "LOGICA, ARGUMENTARE SI COMUNICARE": {"medie": 8.166666666666666, "reusita": 100.0, "cnt": 3}, "CHIMIE ANORGANICA TEH NIVEL I/II": {"medie": 6.744444444444444, "reusita": 88.88888888888889, "cnt": 9}, "FIZICA TEH": {"medie": 6.3187500000000005, "reusita": 76.0, "cnt": 25}, "CHIMIE ORGANICA TEH NIVEL I/II": {"medie": 5.438888888888889, "reusita": 57.89473684210527, "cnt": 19}, "FILOSOFIE": {"medie": 8.2, "reusita": 100.0, "cnt": 2}}, "nume": "COLEGIUL TEHNIC \"GHEORGHE ASACHI\", IASI\tIa\u0219i"}