{"specializari": {"TEHNICIAN IN GASTRONOMIE": 53, "TEHNICIAN IN ACTIVITATI ECONOMICE": 56, "TEHNICIAN IN TURISM": 25, "TEHNICIAN IN ACTIVITATI DE COMERT": 14, "TEHNICIAN IN ADMINISTRATIE": 23}, "limba_moderna": {"LIMBA FRANCEZA": 15, "LIMBA ENGLEZA": 153, "LIMBA RUSA": 3}, "limba_materna": {"LIMBA ROMANA": 171}, "promotie_anterioara": {"NU": 149, "DA": 22}, "materii": {"LIMBA ROMANA": {"medie": 6.521301775147927, "reusita": 94.15204678362574, "cnt": 171}, "GEOGRAFIE": {"medie": 7.1259740259740205, "reusita": 92.99363057324841, "cnt": 157}, "GENERAL": {"medie": 6.768063872255491, "reusita": 71.9298245614035, "cnt": 171}, "MATEMATICA TEHN": {"medie": 6.624260355029586, "reusita": 90.64327485380117, "cnt": 171}, "LOGICA, ARGUMENTARE SI COMUNICARE": {"medie": 5.0, "reusita": 100.0, "cnt": 1}, "ECONOMIE": {"medie": 7.450000000000001, "reusita": 100.0, "cnt": 13}}, "nume": "COLEGIUL ECONOMIC \"DELTA DUNARII\" TULCEA\tTulcea"}