{"specializari": {"TEHNICIAN DESENATOR PENTRU CONSTRUCTII SI INSTALATII": 16, "TEHNICIAN ELECTROTEHNIST": 5, "TEHNICIAN INSTALATOR PENTRU CONSTRUCTII": 2, "TEHNICIAN ECOLOG SI PROTECTIA CALITATII MEDIULUI": 2, "TEHNICIAN IN SILVICULTURA SI EXPLOATARI FORESTIERE": 9, "TEHNICIAN IN CONSTRUCTII SI LUCRARI PUBLICE": 1, "TEHNICIAN DESIGNER MOBILA SI AMENAJARI INTERIOARE": 1, "TEHNICIAN IN CHIMIE INDUSTRIALA": 1}, "limba_moderna": {"LIMBA ENGLEZA": 35, "LIMBA FRANCEZA": 2}, "limba_materna": {"LIMBA ROMANA": 37}, "promotie_anterioara": {"NU": 19, "DA": 18}, "materii": {"LIMBA ROMANA": {"medie": 5.708333333333333, "reusita": 83.78378378378379, "cnt": 37}, "GENERAL": {"medie": 5.321078431372549, "reusita": 37.83783783783784, "cnt": 37}, "ANATOMIE SI FIZIOLOGIE UMANA, GENETICA SI ECOLOGIE UMANA": {"medie": 6.2, "reusita": 100.0, "cnt": 1}, "BIOLOGIE VEGETALA SI ANIMALA": {"medie": 5.027272727272727, "reusita": 65.21739130434783, "cnt": 23}, "MATEMATICA TEHN": {"medie": 5.163888888888889, "reusita": 59.45945945945946, "cnt": 37}, "CHIMIE ANORGANICA TEH NIVEL I/II": {"medie": 4.5928571428571425, "reusita": 42.857142857142854, "cnt": 7}, "FIZICA TEH": {"medie": 5.040000000000001, "reusita": 60.0, "cnt": 5}, "CHIMIE ORGANICA TEH NIVEL I/II": {"medie": "-", "reusita": 0.0, "cnt": 1}}, "nume": "COLEGIUL TEHNIC \"ANGHEL SALIGNY\" CLUJ-NAPOCA\tCluj"}