{"specializari": {"TEHNICIAN IN ADMINISTRATIE": 22, "TEHNICIAN IN ACTIVITATI ECONOMICE": 114, "MATEMATICA-INFORMATICA": 26, "TEHNICIAN IN TURISM": 44, "ORGANIZATOR BANQUETING": 37, "TEHNICIAN IN GASTRONOMIE": 44, "TEHNICIAN IN ACTIVITATI DE COMERT": 24}, "limba_moderna": {"LIMBA FRANCEZA": 25, "LIMBA ENGLEZA": 285, "LIMBA GERMANA MODERNA": 1}, "limba_materna": {"LIMBA ROMANA": 311}, "promotie_anterioara": {"NU": 280, "DA": 31}, "materii": {"LIMBA ROMANA": {"medie": 6.686569579288019, "reusita": 93.2475884244373, "cnt": 311}, "GEOGRAFIE": {"medie": 7.646987951807233, "reusita": 95.65217391304348, "cnt": 253}, "GENERAL": {"medie": 7.049664429530201, "reusita": 75.88424437299035, "cnt": 311}, "ANATOMIE SI FIZIOLOGIE UMANA, GENETICA SI ECOLOGIE UMANA": {"medie": 7.7, "reusita": 100.0, "cnt": 1}, "MATEMATICA MATE-INFO": {"medie": 6.151923076923078, "reusita": 88.46153846153845, "cnt": 26}, "BIOLOGIE VEGETALA SI ANIMALA": {"medie": 7.2125, "reusita": 100.0, "cnt": 4}, "FIZICA TEO": {"medie": 5.95, "reusita": 100.0, "cnt": 1}, "MATEMATICA TEHN": {"medie": 6.754804270462632, "reusita": 87.36842105263159, "cnt": 285}, "PSIHOLOGIE": {"medie": 9.075, "reusita": 100.0, "cnt": 2}, "LOGICA, ARGUMENTARE SI COMUNICARE": {"medie": 8.174074074074074, "reusita": 85.18518518518519, "cnt": 27}, "INFORMATICA MI C/C++": {"medie": 8.1, "reusita": 100.0, "cnt": 7}, "ECONOMIE": {"medie": 7.033333333333334, "reusita": 100.0, "cnt": 3}, "CHIMIE ANORGANICA TEO NIVEL I/II": {"medie": 6.473076923076923, "reusita": 84.61538461538461, "cnt": 13}}, "nume": "COLEGIUL ECONOMIC \"ION GHICA\" BACAU\tBac\u0103u"}