{"specializari": {"MATEMATICA-INFORMATICA": 143}, "limba_moderna": {"LIMBA ENGLEZA": 142, "LIMBA GERMANA MODERNA": 1}, "limba_materna": {"LIMBA ROMANA": 143}, "promotie_anterioara": {"NU": 143}, "materii": {"LIMBA ROMANA": {"medie": 8.62867132867133, "reusita": 100.0, "cnt": 143}, "GENERAL": {"medie": 8.843006993006991, "reusita": 98.6013986013986, "cnt": 143}, "ANATOMIE SI FIZIOLOGIE UMANA, GENETICA SI ECOLOGIE UMANA": {"medie": 8.669047619047618, "reusita": 90.47619047619048, "cnt": 21}, "MATEMATICA MATE-INFO": {"medie": 8.796153846153846, "reusita": 99.3006993006993, "cnt": 143}, "BIOLOGIE VEGETALA SI ANIMALA": {"medie": 8.603125000000002, "reusita": 100.0, "cnt": 16}, "FIZICA TEO": {"medie": 6.35, "reusita": 100.0, "cnt": 1}, "CHIMIE ORGANICA TEO NIVEL I/II": {"medie": 9.525, "reusita": 100.0, "cnt": 4}, "INFORMATICA MI C/C++": {"medie": 9.303061224489797, "reusita": 100.0, "cnt": 98}, "CHIMIE ANORGANICA TEO NIVEL I/II": {"medie": 8.683333333333334, "reusita": 100.0, "cnt": 3}}, "nume": "COLEGIUL NATIONAL DE INFORMATICA \"GR. MOISIL\" BRASOV\tBra\u0219ov"}