{"specializari": {"TEHNICIAN IN TURISM": 29, "TEHNICIAN DESENATOR PENTRU CONSTRUCTII SI INSTALATII": 24, "TEHNICIAN OPERATOR TEHNICA DE CALCUL": 10, "TEHNICIAN ECOLOG SI PROTECTIA CALITATII MEDIULUI": 22, "TEHNICIAN INSTALATOR PENTRU CONSTRUCTII": 1, "TEHNICIAN MECATRONIST": 2, "TEHNICIAN MECANIC PENTRU INTRETINERE SI REPARATII": 1}, "limba_moderna": {"LIMBA FRANCEZA": 42, "LIMBA ENGLEZA": 47}, "limba_materna": {"LIMBA ROMANA": 89}, "promotie_anterioara": {"NU": 57, "DA": 32}, "materii": {"LIMBA ROMANA": {"medie": 5.119879518072288, "reusita": 59.55056179775281, "cnt": 89}, "GEOGRAFIE": {"medie": 6.57962962962963, "reusita": 82.75862068965517, "cnt": 29}, "GENERAL": {"medie": 4.740506329113924, "reusita": 14.606741573033707, "cnt": 89}, "ANATOMIE SI FIZIOLOGIE UMANA, GENETICA SI ECOLOGIE UMANA": {"medie": 5.036666666666667, "reusita": 47.05882352941176, "cnt": 17}, "BIOLOGIE VEGETALA SI ANIMALA": {"medie": 4.000000000000001, "reusita": 33.33333333333333, "cnt": 42}, "MATEMATICA TEHN": {"medie": 3.8975308641975306, "reusita": 35.95505617977528, "cnt": 89}, "FIZICA TEH": {"medie": 3.6, "reusita": 0.0, "cnt": 1}}, "nume": "COLEGIUL TEHNIC \"ION MINCU\" TG-JIU\tGorj"}