{"specializari": {"MATEMATICA-INFORMATICA": 40, "TEHNICIAN IN ACTIVITATI ECONOMICE": 58, "TEHNICIAN IN AUTOMATIZARI": 24, "TEHNICIAN IN INSTALATII ELECTRICE": 17, "TEHNICIAN TRANSPORTURI": 17, "TEHNICIAN DE TELECOMUNICATII": 28, "TEHNICIAN ELECTROTEHNIST": 1}, "limba_moderna": {"LIMBA ENGLEZA": 176, "LIMBA ITALIANA": 4, "LIMBA FRANCEZA": 5}, "limba_materna": {"LIMBA ROMANA": 185}, "promotie_anterioara": {"NU": 169, "DA": 16}, "materii": {"LIMBA ROMANA": {"medie": 6.838611111111105, "reusita": 91.35135135135135, "cnt": 185}, "GEOGRAFIE": {"medie": 8.42155172413793, "reusita": 100.0, "cnt": 58}, "GENERAL": {"medie": 7.127247191011234, "reusita": 75.67567567567568, "cnt": 185}, "MATEMATICA MATE-INFO": {"medie": 7.171249999999999, "reusita": 92.5, "cnt": 40}, "BIOLOGIE VEGETALA SI ANIMALA": {"medie": 6.583544303797469, "reusita": 78.04878048780488, "cnt": 82}, "MATEMATICA TEHN": {"medie": 6.923426573426572, "reusita": 87.58620689655172, "cnt": 145}, "CHIMIE ORGANICA TEO NIVEL I/II": {"medie": 6.841666666666666, "reusita": 100.0, "cnt": 6}, "INFORMATICA MI C/C++": {"medie": 7.99090909090909, "reusita": 100.0, "cnt": 22}, "CHIMIE ANORGANICA TEH NIVEL I/II": {"medie": 6.599999999999999, "reusita": 66.66666666666666, "cnt": 3}, "FIZICA TEH": {"medie": 9.35, "reusita": 50.0, "cnt": 2}, "CHIMIE ORGANICA TEH NIVEL I/II": {"medie": 8.572727272727274, "reusita": 91.66666666666666, "cnt": 12}}, "nume": "COLEGIUL TEHNIC \"INFOEL\" BISTRITA\tBistri\u021ba-N\u0103s\u0103ud"}