{"specializari": {"TEHNICIAN IN ACTIVITATI ECONOMICE": 128, "TEHNICIAN IN GASTRONOMIE": 24, "ORGANIZATOR BANQUETING": 27, "TEHNICIAN IN TURISM": 38}, "limba_moderna": {"LIMBA ENGLEZA": 196, "LIMBA FRANCEZA": 13, "LIMBA ITALIANA": 8}, "limba_materna": {"LIMBA ROMANA": 217}, "promotie_anterioara": {"NU": 196, "DA": 21}, "materii": {"LIMBA ROMANA": {"medie": 6.621327014218014, "reusita": 91.70506912442397, "cnt": 217}, "GEOGRAFIE": {"medie": 7.645833333333336, "reusita": 90.65420560747664, "cnt": 214}, "GENERAL": {"medie": 7.062601626016263, "reusita": 76.036866359447, "cnt": 217}, "MATEMATICA TEHN": {"medie": 6.781279620853078, "reusita": 84.33179723502305, "cnt": 217}, "ECONOMIE": {"medie": 4.75, "reusita": 33.33333333333333, "cnt": 3}}, "nume": "COLEGIUL ECONOMIC \"FRANCESCO SAVERIO NITTI\" TIMISOARA\tTimi\u0219"}