{"specializari": {"TEHNICIAN IN INSTALATII ELECTRICE": 7, "LICEU CU PROGRAM SPORTIV": 42, "TEHNICIAN IN AUTOMATIZARI": 10, "TEHNICIAN TRANSPORTURI": 26, "MATEMATICA-INFORMATICA": 13, "TEHNICIAN ELECTROTEHNIST": 2}, "limba_moderna": {"LIMBA ENGLEZA": 98, "LIMBA FRANCEZA": 2}, "limba_materna": {"LIMBA ROMANA": 100}, "promotie_anterioara": {"NU": 53, "DA": 47}, "materii": {"LIMBA ROMANA": {"medie": 5.688043478260871, "reusita": 73.0, "cnt": 100}, "ISTORIE": {"medie": 6.25952380952381, "reusita": 92.85714285714286, "cnt": 42}, "GEOGRAFIE": {"medie": 7.097222222222224, "reusita": 94.44444444444444, "cnt": 36}, "GENERAL": {"medie": 5.430284552845529, "reusita": 33.0, "cnt": 100}, "ANATOMIE SI FIZIOLOGIE UMANA, GENETICA SI ECOLOGIE UMANA": {"medie": 4.11, "reusita": 33.33333333333333, "cnt": 6}, "MATEMATICA MATE-INFO": {"medie": 4.191666666666667, "reusita": 38.46153846153847, "cnt": 13}, "BIOLOGIE VEGETALA SI ANIMALA": {"medie": 3.9866666666666664, "reusita": 25.0, "cnt": 40}, "MATEMATICA TEHN": {"medie": 3.9648648648648646, "reusita": 37.77777777777778, "cnt": 45}, "LOGICA, ARGUMENTARE SI COMUNICARE": {"medie": 7.683333333333333, "reusita": 100.0, "cnt": 6}, "CHIMIE ANORGANICA TEH NIVEL I/II": {"medie": 3.4, "reusita": 0.0, "cnt": 3}, "FIZICA TEH": {"medie": 3.56, "reusita": 25.0, "cnt": 8}, "CHIMIE ORGANICA TEH NIVEL I/II": {"medie": 2.4, "reusita": 0.0, "cnt": 1}}, "nume": "COLEGIUL TEHNIC FEROVIAR \"MIHAI I\"\tBucure\u0219ti"}