{"specializari": {"TEHNICIAN IN ACTIVITATI ECONOMICE": 26, "TEHNICIAN ECOLOG SI PROTECTIA CALITATII MEDIULUI": 58, "TEHNICIAN ELECTROTEHNIST": 2, "TEHNICIAN ELECTROMECANIC": 13, "TEHNICIAN OPERATOR TEHNICA DE CALCUL": 28, "TEHNICIAN IN CONSTRUCTII SI LUCRARI PUBLICE": 10, "TEHNICIAN IN INSTALATII ELECTRICE": 12, "TEHNICIAN MECANIC PENTRU INTRETINERE SI REPARATII": 10, "TEHNICIAN ELECTRONIST": 1, "TEHNICIAN IN INDUSTRIA MATERIALELOR DE CONSTRUCTII": 1}, "limba_moderna": {"LIMBA ENGLEZA": 146, "LIMBA FRANCEZA": 15}, "limba_materna": {"LIMBA ROMANA": 161}, "promotie_anterioara": {"NU": 145, "DA": 16}, "materii": {"LIMBA ROMANA": {"medie": 6.430817610062895, "reusita": 90.6832298136646, "cnt": 161}, "GEOGRAFIE": {"medie": 8.682142857142857, "reusita": 100.0, "cnt": 14}, "GENERAL": {"medie": 6.515064102564099, "reusita": 60.24844720496895, "cnt": 161}, "ANATOMIE SI FIZIOLOGIE UMANA, GENETICA SI ECOLOGIE UMANA": {"medie": 7.876999999999999, "reusita": 94.0, "cnt": 50}, "BIOLOGIE VEGETALA SI ANIMALA": {"medie": 4.895070422535212, "reusita": 52.054794520547944, "cnt": 73}, "MATEMATICA TEHN": {"medie": 6.541139240506328, "reusita": 78.26086956521739, "cnt": 161}, "PSIHOLOGIE": {"medie": 8.2, "reusita": 100.0, "cnt": 2}, "LOGICA, ARGUMENTARE SI COMUNICARE": {"medie": 7.5, "reusita": 100.0, "cnt": 5}, "ECONOMIE": {"medie": 8.35, "reusita": 100.0, "cnt": 5}, "CHIMIE ANORGANICA TEH NIVEL I/II": {"medie": 7.575, "reusita": 100.0, "cnt": 2}, "FIZICA TEH": {"medie": 3.9499999999999997, "reusita": 20.0, "cnt": 5}, "CHIMIE ORGANICA TEH NIVEL I/II": {"medie": 8.02, "reusita": 100.0, "cnt": 5}}, "nume": "COLEGIUL TEHNIC \"PETRU PONI\", MUNICIPIUL ROMAN\tNeam\u021b"}