{"specializari": {"TEHNICIAN OPERATOR TEHNICA DE CALCUL": 5, "TEHNICIAN DESIGNER VESTIMENTAR": 27, "TEHNICIAN IN INDUSTRIA TEXTILA": 6, "MATEMATICA-INFORMATICA": 17, "TEHNICIAN PROIECTANT CAD": 5}, "limba_moderna": {"LIMBA ENGLEZA": 54, "LIMBA FRANCEZA": 6}, "limba_materna": {"LIMBA ROMANA": 60}, "promotie_anterioara": {"NU": 21, "DA": 39}, "materii": {"LIMBA ROMANA": {"medie": 5.559166666666668, "reusita": 83.33333333333334, "cnt": 60}, "GENERAL": {"medie": 5.119090909090909, "reusita": 23.333333333333332, "cnt": 60}, "ANATOMIE SI FIZIOLOGIE UMANA, GENETICA SI ECOLOGIE UMANA": {"medie": 6.4, "reusita": 80.0, "cnt": 5}, "MATEMATICA MATE-INFO": {"medie": 4.9156249999999995, "reusita": 70.58823529411765, "cnt": 17}, "BIOLOGIE VEGETALA SI ANIMALA": {"medie": 4.65609756097561, "reusita": 48.837209302325576, "cnt": 43}, "FIZICA TEO": {"medie": 6.375, "reusita": 100.0, "cnt": 2}, "MATEMATICA TEHN": {"medie": 4.485, "reusita": 51.162790697674424, "cnt": 43}, "CHIMIE ANORGANICA TEH NIVEL I/II": {"medie": 4.375, "reusita": 50.0, "cnt": 2}, "FIZICA TEH": {"medie": 5.77, "reusita": 100.0, "cnt": 5}, "CHIMIE ANORGANICA TEO NIVEL I/II": {"medie": 6.1, "reusita": 100.0, "cnt": 2}, "CHIMIE ORGANICA TEH NIVEL I/II": {"medie": 7.0, "reusita": 100.0, "cnt": 1}}, "nume": "COLEGIUL TEHNIC \"GHEORGHE ASACHI\"\tBucure\u0219ti"}