{"specializari": {"STIINTE SOCIALE": 47, "FILOLOGIE": 32, "MATEMATICA-INFORMATICA": 16}, "limba_moderna": {"LIMBA FRANCEZA": 7, "LIMBA ENGLEZA": 88}, "limba_materna": {"LIMBA ROMANA": 85, "LIMBA GERMANA": 10}, "promotie_anterioara": {"NU": 88, "DA": 7}, "materii": {"LIMBA ROMANA": {"medie": 6.666847826086958, "reusita": 89.47368421052632, "cnt": 95}, "ISTORIE": {"medie": 6.610526315789474, "reusita": 93.67088607594937, "cnt": 79}, "GEOGRAFIE": {"medie": 8.234666666666664, "reusita": 94.9367088607595, "cnt": 79}, "GENERAL": {"medie": 7.059203296703298, "reusita": 80.0, "cnt": 95}, "ANATOMIE SI FIZIOLOGIE UMANA, GENETICA SI ECOLOGIE UMANA": {"medie": 9.3, "reusita": 100.0, "cnt": 1}, "MATEMATICA MATE-INFO": {"medie": 6.05, "reusita": 75.0, "cnt": 16}, "BIOLOGIE VEGETALA SI ANIMALA": {"medie": 6.5200000000000005, "reusita": 80.0, "cnt": 5}, "INFORMATICA MI C/C++": {"medie": 7.1949999999999985, "reusita": 100.0, "cnt": 10}, "LIMBA GERMANA": {"medie": 7.133333333333332, "reusita": 90.0, "cnt": 10}}, "nume": "COLEGIUL NATIONAL \"DOAMNA STANCA\" FAGARAS\tBra\u0219ov"}