{"specializari": {"STIINTE ALE NATURII": 56, "MATEMATICA-INFORMATICA": 83, "STIINTE SOCIALE": 63, "FILOLOGIE": 64}, "limba_moderna": {"LIMBA ENGLEZA": 239, "LIMBA FRANCEZA": 27}, "limba_materna": {"LIMBA ROMANA": 266}, "promotie_anterioara": {"NU": 259, "DA": 7}, "materii": {"LIMBA ROMANA": {"medie": 8.100751879699246, "reusita": 99.62406015037594, "cnt": 266}, "ISTORIE": {"medie": 8.48214285714286, "reusita": 99.21259842519686, "cnt": 127}, "GEOGRAFIE": {"medie": 8.865000000000004, "reusita": 100.0, "cnt": 110}, "GENERAL": {"medie": 8.632012578616353, "reusita": 98.49624060150376, "cnt": 266}, "MATEMATICA ST-NAT": {"medie": 8.715178571428572, "reusita": 100.0, "cnt": 56}, "ANATOMIE SI FIZIOLOGIE UMANA, GENETICA SI ECOLOGIE UMANA": {"medie": 9.360975609756098, "reusita": 100.0, "cnt": 41}, "MATEMATICA MATE-INFO": {"medie": 9.032530120481924, "reusita": 100.0, "cnt": 83}, "BIOLOGIE VEGETALA SI ANIMALA": {"medie": 9.9, "reusita": 100.0, "cnt": 1}, "FIZICA TEO": {"medie": 8.649999999999999, "reusita": 100.0, "cnt": 2}, "CHIMIE ORGANICA TEO NIVEL I/II": {"medie": 9.054347826086957, "reusita": 100.0, "cnt": 23}, "SOCIOLOGIE": {"medie": 7.966666666666666, "reusita": 100.0, "cnt": 3}, "INFORMATICA SN C/C++": {"medie": 9.733333333333334, "reusita": 100.0, "cnt": 3}, "PSIHOLOGIE": {"medie": 8.25, "reusita": 100.0, "cnt": 2}, "LOGICA, ARGUMENTARE SI COMUNICARE": {"medie": 9.266666666666667, "reusita": 100.0, "cnt": 6}, "INFORMATICA MI C/C++": {"medie": 9.257971014492753, "reusita": 100.0, "cnt": 69}, "ECONOMIE": {"medie": 8.25, "reusita": 100.0, "cnt": 1}, "FILOSOFIE": {"medie": 9.350000000000001, "reusita": 80.0, "cnt": 5}}, "nume": "COLEGIUL NATIONAL \"ROMAN VODA\", MUNICIPIUL ROMAN\tNeam\u021b"}