{"specializari": {"STIINTE ALE NATURII": 34, "MATEMATICA-INFORMATICA": 133, "FILOLOGIE": 64}, "limba_moderna": {"LIMBA ENGLEZA": 207, "LIMBA FRANCEZA": 22, "LIMBA GERMANA MODERNA": 2}, "limba_materna": {"LIMBA ROMANA": 231}, "promotie_anterioara": {"NU": 229, "DA": 2}, "materii": {"LIMBA ROMANA": {"medie": 8.44630434782609, "reusita": 99.13419913419914, "cnt": 231}, "ISTORIE": {"medie": 8.499206349206347, "reusita": 98.4375, "cnt": 64}, "GEOGRAFIE": {"medie": 9.102380952380953, "reusita": 100.0, "cnt": 21}, "GENERAL": {"medie": 8.69927536231884, "reusita": 98.26839826839827, "cnt": 231}, "MATEMATICA ST-NAT": {"medie": 8.851470588235294, "reusita": 100.0, "cnt": 34}, "ANATOMIE SI FIZIOLOGIE UMANA, GENETICA SI ECOLOGIE UMANA": {"medie": 8.945977011494255, "reusita": 100.0, "cnt": 87}, "MATEMATICA MATE-INFO": {"medie": 8.781203007518798, "reusita": 99.24812030075188, "cnt": 133}, "BIOLOGIE VEGETALA SI ANIMALA": {"medie": 9.125, "reusita": 100.0, "cnt": 4}, "FIZICA TEO": {"medie": 9.0625, "reusita": 100.0, "cnt": 8}, "CHIMIE ORGANICA TEO NIVEL I/II": {"medie": 8.71875, "reusita": 100.0, "cnt": 16}, "PSIHOLOGIE": {"medie": 7.15, "reusita": 80.0, "cnt": 5}, "LOGICA, ARGUMENTARE SI COMUNICARE": {"medie": 8.878947368421054, "reusita": 100.0, "cnt": 38}, "INFORMATICA MI C/C++": {"medie": 8.992499999999998, "reusita": 100.0, "cnt": 40}, "CHIMIE ANORGANICA TEO NIVEL I/II": {"medie": 9.35, "reusita": 100.0, "cnt": 2}, "INFORMATICA MI PASCAL": {"medie": 9.32, "reusita": 100.0, "cnt": 10}}, "nume": "COLEGIUL NATIONAL \"VASILE LUCACIU\" BAIA MARE\tMaramure\u0219"}