{"specializari": {"STIINTE ALE NATURII": 32, "MATEMATICA-INFORMATICA": 85, "FILOLOGIE": 30, "STIINTE SOCIALE": 31}, "limba_moderna": {"LIMBA ENGLEZA": 176, "LIMBA FRANCEZA": 2}, "limba_materna": {"LIMBA ROMANA": 178}, "promotie_anterioara": {"NU": 178}, "materii": {"LIMBA ROMANA": {"medie": 8.816292134831466, "reusita": 100.0, "cnt": 178}, "ISTORIE": {"medie": 9.166393442622953, "reusita": 100.0, "cnt": 61}, "GEOGRAFIE": {"medie": 9.387931034482758, "reusita": 100.0, "cnt": 29}, "GENERAL": {"medie": 9.029400749063669, "reusita": 100.0, "cnt": 178}, "MATEMATICA ST-NAT": {"medie": 8.689062500000002, "reusita": 100.0, "cnt": 32}, "ANATOMIE SI FIZIOLOGIE UMANA, GENETICA SI ECOLOGIE UMANA": {"medie": 9.15, "reusita": 100.0, "cnt": 4}, "MATEMATICA MATE-INFO": {"medie": 9.195882352941178, "reusita": 100.0, "cnt": 85}, "BIOLOGIE VEGETALA SI ANIMALA": {"medie": 9.245238095238093, "reusita": 100.0, "cnt": 21}, "FIZICA TEO": {"medie": 8.932291666666666, "reusita": 100.0, "cnt": 48}, "CHIMIE ORGANICA TEO NIVEL I/II": {"medie": 9.04516129032258, "reusita": 100.0, "cnt": 31}, "SOCIOLOGIE": {"medie": 9.172727272727274, "reusita": 100.0, "cnt": 11}, "PSIHOLOGIE": {"medie": 9.799999999999999, "reusita": 100.0, "cnt": 3}, "LOGICA, ARGUMENTARE SI COMUNICARE": {"medie": 9.413636363636364, "reusita": 100.0, "cnt": 11}, "INFORMATICA MI C/C++": {"medie": 9.792307692307693, "reusita": 100.0, "cnt": 13}, "ECONOMIE": {"medie": 8.491666666666667, "reusita": 100.0, "cnt": 6}, "FILOSOFIE": {"medie": 9.3, "reusita": 100.0, "cnt": 1}}, "nume": "COLEGIUL NATIONAL \"GHEORGHE MUNTEANU MURGOCI\"\tBr\u0103ila"}