{"specializari": {"TEHNICIAN IN ACTIVITATI ECONOMICE": 22, "MATEMATICA-INFORMATICA": 17, "STIINTE ALE NATURII": 24, "TEHNICIAN IN ACTIVITATI DE COMERT": 20, "TEHNICIAN MECANIC PENTRU INTRETINERE SI REPARATII": 9, "TEHNICIAN OPERATOR TEHNICA DE CALCUL": 5, "FILOLOGIE": 14, "TEHNICIAN ELECTROMECANIC": 9, "STIINTE SOCIALE": 23}, "limba_moderna": {"LIMBA ENGLEZA": 138, "LIMBA ITALIANA": 5}, "limba_materna": {"LIMBA ROMANA": 143}, "promotie_anterioara": {"NU": 107, "DA": 36}, "materii": {"LIMBA ROMANA": {"medie": 6.776595744680851, "reusita": 97.2027972027972, "cnt": 143}, "ISTORIE": {"medie": 6.170833333333332, "reusita": 91.8918918918919, "cnt": 37}, "GEOGRAFIE": {"medie": 7.635714285714285, "reusita": 90.0, "cnt": 30}, "GENERAL": {"medie": 6.505314009661836, "reusita": 58.04195804195804, "cnt": 143}, "MATEMATICA ST-NAT": {"medie": 5.995833333333333, "reusita": 75.0, "cnt": 24}, "ANATOMIE SI FIZIOLOGIE UMANA, GENETICA SI ECOLOGIE UMANA": {"medie": 7.792647058823531, "reusita": 94.11764705882352, "cnt": 34}, "MATEMATICA MATE-INFO": {"medie": 5.988235294117648, "reusita": 94.11764705882352, "cnt": 17}, "BIOLOGIE VEGETALA SI ANIMALA": {"medie": 4.7043478260869565, "reusita": 52.17391304347826, "cnt": 23}, "MATEMATICA TEHN": {"medie": 4.859523809523811, "reusita": 55.38461538461539, "cnt": 65}, "CHIMIE ORGANICA TEO NIVEL I/II": {"medie": 9.8, "reusita": 100.0, "cnt": 1}, "LOGICA, ARGUMENTARE SI COMUNICARE": {"medie": 7.508510638297872, "reusita": 87.75510204081633, "cnt": 49}, "CHIMIE ANORGANICA TEO NIVEL I/II": {"medie": 6.175, "reusita": 100.0, "cnt": 6}}, "nume": "COLEGIUL TEHNIC \"CONSTANTIN BRANCUSI\" PETRILA\tHunedoara"}