{"specializari": {"TEHNICIAN IN SILVICULTURA SI EXPLOATARI FORESTIERE": 50, "MATEMATICA-INFORMATICA": 10, "STIINTE ALE NATURII": 22}, "limba_moderna": {"LIMBA ENGLEZA": 75, "LIMBA FRANCEZA": 7}, "limba_materna": {"LIMBA ROMANA": 82}, "promotie_anterioara": {"NU": 55, "DA": 27}, "materii": {"LIMBA ROMANA": {"medie": 4.8562499999999975, "reusita": 50.0, "cnt": 82}, "GENERAL": {"medie": 4.2428921568627445, "reusita": 14.634146341463413, "cnt": 82}, "MATEMATICA ST-NAT": {"medie": 1.8266666666666669, "reusita": 9.090909090909092, "cnt": 22}, "ANATOMIE SI FIZIOLOGIE UMANA, GENETICA SI ECOLOGIE UMANA": {"medie": 6.15, "reusita": 100.0, "cnt": 1}, "MATEMATICA MATE-INFO": {"medie": 1.7399999999999998, "reusita": 10.0, "cnt": 10}, "BIOLOGIE VEGETALA SI ANIMALA": {"medie": 4.712142857142857, "reusita": 41.9753086419753, "cnt": 81}, "MATEMATICA TEHN": {"medie": 3.7925531914893607, "reusita": 46.0, "cnt": 50}}, "nume": "COLEGIUL SILVIC \"THEODOR PIETRARU\" BRANESTI\tIlfov"}