{"specializari": {"TEHNICIAN ECOLOG SI PROTECTIA CALITATII MEDIULUI": 9, "TEHNICIAN MECATRONIST": 4, "TEHNICIAN IN INSTALATII ELECTRICE": 2, "MATEMATICA-INFORMATICA": 1, "TEHNICIAN IN GASTRONOMIE": 8, "TEHNICIAN IN INDUSTRIA ALIMENTARA": 3, "TEHNICIAN MECANIC PENTRU INTRETINERE SI REPARATII": 4, "FILOLOGIE": 1, "TEHNICIAN OPERATOR TEHNICA DE CALCUL": 2, "TEHNICIAN ANALIZE PRODUSE ALIMENTARE": 1, "TEHNICIAN IN CHIMIE INDUSTRIALA": 1, "TEHNICIAN ELECTROTEHNIST": 1, "TEHNICIAN ELECTROMECANIC": 1}, "limba_moderna": {"LIMBA ENGLEZA": 31, "LIMBA FRANCEZA": 6, "LIMBA RUSA": 1}, "limba_materna": {"LIMBA ROMANA": 38}, "promotie_anterioara": {"NU": 15, "DA": 23}, "materii": {"LIMBA ROMANA": {"medie": 5.608108108108108, "reusita": 76.31578947368422, "cnt": 38}, "ISTORIE": {"medie": "-", "reusita": 0.0, "cnt": 1}, "GEOGRAFIE": {"medie": 6.86875, "reusita": 88.88888888888889, "cnt": 9}, "GENERAL": {"medie": 5.1722222222222225, "reusita": 26.31578947368421, "cnt": 38}, "ANATOMIE SI FIZIOLOGIE UMANA, GENETICA SI ECOLOGIE UMANA": {"medie": 4.2272727272727275, "reusita": 41.66666666666667, "cnt": 12}, "MATEMATICA MATE-INFO": {"medie": 5.1, "reusita": 100.0, "cnt": 1}, "BIOLOGIE VEGETALA SI ANIMALA": {"medie": 4.10625, "reusita": 44.44444444444444, "cnt": 9}, "MATEMATICA TEHN": {"medie": 4.828787878787879, "reusita": 58.333333333333336, "cnt": 36}, "FIZICA TEH": {"medie": 4.7250000000000005, "reusita": 50.0, "cnt": 6}, "CHIMIE ORGANICA TEH NIVEL I/II": {"medie": 2.4, "reusita": 0.0, "cnt": 2}}, "nume": "COLEGIUL TEHNIC \"COSTIN D. NENITESCU\"\tBr\u0103ila"}