{"specializari": {"INVATATOR - EDUCATOARE": 29, "FILOLOGIE": 102, "STIINTE SOCIALE": 27}, "limba_moderna": {"LIMBA ENGLEZA": 104, "LIMBA SPANIOLA": 27, "LIMBA FRANCEZA": 27}, "limba_materna": {"LIMBA ROMANA": 158}, "promotie_anterioara": {"NU": 154, "DA": 4}, "materii": {"LIMBA ROMANA": {"medie": 7.664012738853501, "reusita": 98.10126582278481, "cnt": 158}, "ISTORIE": {"medie": 7.875590551181101, "reusita": 98.44961240310077, "cnt": 129}, "GEOGRAFIE": {"medie": 8.675213675213676, "reusita": 100.0, "cnt": 117}, "GENERAL": {"medie": 7.915277777777778, "reusita": 92.40506329113924, "cnt": 158}, "SOCIOLOGIE": {"medie": 7.493103448275861, "reusita": 90.32258064516128, "cnt": 31}, "PSIHOLOGIE": {"medie": 6.640000000000001, "reusita": 100.0, "cnt": 5}, "LOGICA, ARGUMENTARE SI COMUNICARE": {"medie": 9.7, "reusita": 100.0, "cnt": 1}, "ECONOMIE": {"medie": 6.65, "reusita": 100.0, "cnt": 2}, "MATEMATICA PED": {"medie": 7.0775862068965525, "reusita": 82.75862068965517, "cnt": 29}, "FILOSOFIE": {"medie": 6.3, "reusita": 100.0, "cnt": 2}}, "nume": "COLEGIUL NATIONAL PEDAGOGIC \"SPIRU HARET\" FOCSANI\tVrancea"}