{"specializari": {"ARTE PLASTICE SI DECORATIVE": 28, "ARHITECTURA, ARTE AMBIENTALE SI DESIGN": 25, "MUZICA": 23}, "limba_moderna": {"LIMBA ENGLEZA": 76}, "limba_materna": {"LIMBA ROMANA": 76}, "promotie_anterioara": {"NU": 75, "DA": 1}, "materii": {"LIMBA ROMANA": {"medie": 7.963815789473681, "reusita": 100.0, "cnt": 76}, "ISTORIE": {"medie": 7.411842105263156, "reusita": 98.68421052631578, "cnt": 76}, "GEOGRAFIE": {"medie": 8.132499999999999, "reusita": 95.0, "cnt": 20}, "GENERAL": {"medie": 8.010964912280704, "reusita": 94.73684210526315, "cnt": 76}, "LOGICA, ARGUMENTARE SI COMUNICARE": {"medie": 8.844642857142857, "reusita": 98.21428571428571, "cnt": 56}}, "nume": "COLEGIUL DE ARTA \"CARMEN SYLVA\", MUNICIPIUL PLOIESTI\tPrahova"}