{"specializari": {"FILOLOGIE": 33, "STIINTE SOCIALE": 58, "STIINTE ALE NATURII": 56, "MATEMATICA-INFORMATICA": 27}, "limba_moderna": {"LIMBA FRANCEZA": 7, "LIMBA ENGLEZA": 166, "LIMBA GERMANA MODERNA": 1}, "limba_materna": {"LIMBA ROMANA": 121, "LIMBA MAGHIARA": 53}, "promotie_anterioara": {"NU": 174}, "materii": {"LIMBA ROMANA": {"medie": 8.437643678160915, "reusita": 99.42528735632183, "cnt": 174}, "ISTORIE": {"medie": 8.325824175824176, "reusita": 100.0, "cnt": 91}, "GEOGRAFIE": {"medie": 8.737735849056602, "reusita": 100.0, "cnt": 53}, "GENERAL": {"medie": 8.734441233140652, "reusita": 98.27586206896551, "cnt": 174}, "MATEMATICA ST-NAT": {"medie": 8.718181818181817, "reusita": 98.21428571428571, "cnt": 56}, "ANATOMIE SI FIZIOLOGIE UMANA, GENETICA SI ECOLOGIE UMANA": {"medie": 9.344117647058823, "reusita": 98.07692307692307, "cnt": 52}, "MATEMATICA MATE-INFO": {"medie": 9.379629629629632, "reusita": 100.0, "cnt": 27}, "BIOLOGIE VEGETALA SI ANIMALA": {"medie": 8.600000000000001, "reusita": 100.0, "cnt": 4}, "FIZICA TEO": {"medie": 9.766666666666667, "reusita": 100.0, "cnt": 3}, "CHIMIE ORGANICA TEO NIVEL I/II": {"medie": 9.133333333333333, "reusita": 100.0, "cnt": 6}, "LIMBA MAGHIARA (REAL)": {"medie": 8.34655172413793, "reusita": 100.0, "cnt": 29}, "SOCIOLOGIE": {"medie": 8.296875, "reusita": 100.0, "cnt": 16}, "LIMBA MAGHIARA (UMAN)": {"medie": 8.143749999999999, "reusita": 100.0, "cnt": 24}, "INFORMATICA SN C/C++": {"medie": 9.9, "reusita": 100.0, "cnt": 1}, "PSIHOLOGIE": {"medie": 9.4, "reusita": 100.0, "cnt": 1}, "LOGICA, ARGUMENTARE SI COMUNICARE": {"medie": 8.85, "reusita": 94.73684210526315, "cnt": 19}, "INFORMATICA MI C/C++": {"medie": 9.503124999999999, "reusita": 100.0, "cnt": 16}, "CHIMIE ANORGANICA TEO NIVEL I/II": {"medie": 9.35, "reusita": 100.0, "cnt": 1}, "FILOSOFIE": {"medie": 9.149999999999999, "reusita": 100.0, "cnt": 2}}, "nume": "COLEGIUL NATIONAL \"UNIREA\" TIRGU MURES\tMure\u0219"}