{"specializari": {"MATEMATICA-INFORMATICA": 153, "STIINTE SOCIALE": 36}, "limba_moderna": {"LIMBA ENGLEZA": 188, "LIMBA GERMANA MODERNA": 1}, "limba_materna": {"LIMBA ROMANA": 189}, "promotie_anterioara": {"NU": 186, "DA": 3}, "materii": {"LIMBA ROMANA": {"medie": 8.196296296296289, "reusita": 100.0, "cnt": 189}, "ISTORIE": {"medie": 7.941666666666666, "reusita": 100.0, "cnt": 36}, "GEOGRAFIE": {"medie": 9.025000000000002, "reusita": 100.0, "cnt": 10}, "GENERAL": {"medie": 8.48827160493827, "reusita": 97.88359788359789, "cnt": 189}, "ANATOMIE SI FIZIOLOGIE UMANA, GENETICA SI ECOLOGIE UMANA": {"medie": 8.78095238095238, "reusita": 100.0, "cnt": 21}, "MATEMATICA MATE-INFO": {"medie": 8.828104575163396, "reusita": 100.0, "cnt": 153}, "BIOLOGIE VEGETALA SI ANIMALA": {"medie": 7.747058823529411, "reusita": 100.0, "cnt": 17}, "FIZICA TEO": {"medie": 8.289393939393937, "reusita": 100.0, "cnt": 33}, "CHIMIE ORGANICA TEO NIVEL I/II": {"medie": 9.029166666666667, "reusita": 100.0, "cnt": 12}, "SOCIOLOGIE": {"medie": 8.042857142857144, "reusita": 100.0, "cnt": 14}, "PSIHOLOGIE": {"medie": 6.9, "reusita": 100.0, "cnt": 2}, "LOGICA, ARGUMENTARE SI COMUNICARE": {"medie": 8.889999999999999, "reusita": 100.0, "cnt": 5}, "INFORMATICA MI C/C++": {"medie": 8.956617647058826, "reusita": 100.0, "cnt": 68}, "ECONOMIE": {"medie": 7.7375, "reusita": 100.0, "cnt": 4}, "CHIMIE ANORGANICA TEO NIVEL I/II": {"medie": 9.725, "reusita": 100.0, "cnt": 2}, "FILOSOFIE": {"medie": 8.6, "reusita": 100.0, "cnt": 1}}, "nume": "COLEGIUL NATIONAL \"CANTEMIR VODA\"\tBucure\u0219ti"}