{"specializari": {"STIINTE ALE NATURII": 59, "FILOLOGIE": 59, "MATEMATICA-INFORMATICA": 56, "STIINTE SOCIALE": 28}, "limba_moderna": {"LIMBA ENGLEZA": 193, "LIMBA FRANCEZA": 4, "LIMBA GERMANA MODERNA": 5}, "limba_materna": {"LIMBA ROMANA": 202}, "promotie_anterioara": {"NU": 201, "DA": 1}, "materii": {"LIMBA ROMANA": {"medie": 7.394059405940593, "reusita": 94.55445544554455, "cnt": 202}, "ISTORIE": {"medie": 7.063218390804598, "reusita": 95.40229885057471, "cnt": 87}, "GEOGRAFIE": {"medie": 8.801724137931032, "reusita": 100.0, "cnt": 87}, "GENERAL": {"medie": 8.11105610561056, "reusita": 92.57425742574257, "cnt": 202}, "MATEMATICA ST-NAT": {"medie": 8.68305084745763, "reusita": 100.0, "cnt": 59}, "ANATOMIE SI FIZIOLOGIE UMANA, GENETICA SI ECOLOGIE UMANA": {"medie": 9.471153846153847, "reusita": 100.0, "cnt": 26}, "MATEMATICA MATE-INFO": {"medie": 8.89375, "reusita": 98.21428571428571, "cnt": 56}, "BIOLOGIE VEGETALA SI ANIMALA": {"medie": 8.93225806451613, "reusita": 100.0, "cnt": 62}, "FIZICA TEO": {"medie": 8.308333333333334, "reusita": 100.0, "cnt": 6}, "CHIMIE ORGANICA TEO NIVEL I/II": {"medie": 8.25, "reusita": 100.0, "cnt": 1}, "INFORMATICA MI C/C++": {"medie": 8.415624999999999, "reusita": 100.0, "cnt": 16}, "CHIMIE ANORGANICA TEO NIVEL I/II": {"medie": 9.433333333333334, "reusita": 100.0, "cnt": 3}, "INFORMATICA SN PASCAL": {"medie": 10.0, "reusita": 100.0, "cnt": 1}}, "nume": "COLEGIUL NATIONAL \"LUCIAN BLAGA\" SEBES\tAlba"}