{"specializari": {"FILOLOGIE": 140, "STIINTE SOCIALE": 64, "EDUCATOR-PUERICULTOR": 28}, "limba_moderna": {"LIMBA ENGLEZA": 174, "LIMBA SPANIOLA": 19, "LIMBA FRANCEZA": 28, "LIMBA GERMANA MODERNA": 6, "LIMBA ITALIANA": 5}, "limba_materna": {"LIMBA ROMANA": 232}, "promotie_anterioara": {"NU": 225, "DA": 7}, "materii": {"LIMBA ROMANA": {"medie": 7.693260869565219, "reusita": 98.27586206896551, "cnt": 232}, "ISTORIE": {"medie": 7.868181818181823, "reusita": 99.13793103448276, "cnt": 232}, "GEOGRAFIE": {"medie": 8.334848484848486, "reusita": 98.48484848484848, "cnt": 66}, "GENERAL": {"medie": 8.057318840579708, "reusita": 95.25862068965517, "cnt": 232}, "SOCIOLOGIE": {"medie": 8.2375, "reusita": 100.0, "cnt": 16}, "PSIHOLOGIE": {"medie": 7.385, "reusita": 100.0, "cnt": 10}, "LOGICA, ARGUMENTARE SI COMUNICARE": {"medie": 8.885144927536237, "reusita": 98.56115107913669, "cnt": 139}, "ECONOMIE": {"medie": 8.45, "reusita": 100.0, "cnt": 1}}, "nume": "COLEGIUL NATIONAL \"MIHAI EMINESCU\" BAIA MARE\tMaramure\u0219"}