{"specializari": {"TEHNICIAN MECANIC PENTRU INTRETINERE SI REPARATII": 17, "TEHNICIAN IN INDUSTRIA TEXTILA": 9, "TEHNICIAN IN AUTOMATIZARI": 19, "TEHNICIAN IN ACTIVITATI ECONOMICE": 30, "INVATATOR - EDUCATOARE": 4, "TEHNICIAN INSTALATOR PENTRU CONSTRUCTII": 3, "TEHNICIAN IN INSTALATII ELECTRICE": 2, "FILOLOGIE": 1}, "limba_moderna": {"LIMBA ENGLEZA": 83, "LIMBA FRANCEZA": 2}, "limba_materna": {"LIMBA ROMANA": 85}, "promotie_anterioara": {"NU": 66, "DA": 19}, "materii": {"LIMBA ROMANA": {"medie": 6.12962962962963, "reusita": 81.17647058823529, "cnt": 85}, "ISTORIE": {"medie": 5.45, "reusita": 100.0, "cnt": 1}, "GEOGRAFIE": {"medie": 7.98142857142857, "reusita": 97.14285714285714, "cnt": 35}, "GENERAL": {"medie": 5.985897435897436, "reusita": 42.35294117647059, "cnt": 85}, "BIOLOGIE VEGETALA SI ANIMALA": {"medie": 4.7524390243902435, "reusita": 45.65217391304348, "cnt": 46}, "MATEMATICA TEHN": {"medie": 5.51038961038961, "reusita": 72.5, "cnt": 80}, "FIZICA TEH": {"medie": 6.866666666666667, "reusita": 100.0, "cnt": 3}, "CHIMIE ORGANICA TEH NIVEL I/II": {"medie": 5.6, "reusita": 100.0, "cnt": 1}, "MATEMATICA PED": {"medie": 4.1625, "reusita": 50.0, "cnt": 4}}, "nume": "COLEGIUL NATIONAL \"MIHAI EMINESCU\" TOPLITA\tHarghita"}