{"specializari": {"STIINTE SOCIALE": 45, "STIINTE ALE NATURII": 74, "FILOLOGIE": 33, "MATEMATICA-INFORMATICA": 24, "TEHNICIAN IN ACTIVITATI ECONOMICE": 27}, "limba_moderna": {"LIMBA ENGLEZA": 185, "LIMBA FRANCEZA": 16, "LIMBA GERMANA MODERNA": 2}, "limba_materna": {"LIMBA ROMANA": 174, "LIMBA MAGHIARA": 29}, "promotie_anterioara": {"NU": 195, "DA": 8}, "materii": {"LIMBA ROMANA": {"medie": 8.166417910447763, "reusita": 95.07389162561576, "cnt": 203}, "ISTORIE": {"medie": 8.501973684210524, "reusita": 97.43589743589743, "cnt": 78}, "GEOGRAFIE": {"medie": 8.485915492957748, "reusita": 100.0, "cnt": 71}, "GENERAL": {"medie": 8.532872696817423, "reusita": 90.64039408866995, "cnt": 203}, "MATEMATICA ST-NAT": {"medie": 8.681081081081079, "reusita": 100.0, "cnt": 74}, "ANATOMIE SI FIZIOLOGIE UMANA, GENETICA SI ECOLOGIE UMANA": {"medie": 9.233962264150943, "reusita": 100.0, "cnt": 53}, "MATEMATICA MATE-INFO": {"medie": 7.133333333333334, "reusita": 95.83333333333334, "cnt": 24}, "BIOLOGIE VEGETALA SI ANIMALA": {"medie": 8.6625, "reusita": 100.0, "cnt": 4}, "FIZICA TEO": {"medie": 7.975, "reusita": 100.0, "cnt": 2}, "MATEMATICA TEHN": {"medie": 9.32962962962963, "reusita": 100.0, "cnt": 27}, "CHIMIE ORGANICA TEO NIVEL I/II": {"medie": 9.456521739130434, "reusita": 100.0, "cnt": 23}, "LIMBA MAGHIARA (REAL)": {"medie": 8.159090909090908, "reusita": 100.0, "cnt": 11}, "LIMBA MAGHIARA (UMAN)": {"medie": 6.055555555555556, "reusita": 88.88888888888889, "cnt": 18}, "INFORMATICA SN C/C++": {"medie": 8.4, "reusita": 100.0, "cnt": 2}, "LOGICA, ARGUMENTARE SI COMUNICARE": {"medie": 9.28, "reusita": 90.625, "cnt": 32}, "INFORMATICA MI C/C++": {"medie": 7.88, "reusita": 90.9090909090909, "cnt": 11}, "CHIMIE ANORGANICA TEO NIVEL I/II": {"medie": 8.816666666666668, "reusita": 100.0, "cnt": 3}, "FILOSOFIE": {"medie": 8.6, "reusita": 100.0, "cnt": 2}}, "nume": "COLEGIUL NATIONAL \"ANDREI MURESANU\" BISTRITA\tBistri\u021ba-N\u0103s\u0103ud"}