{"specializari": {"MATEMATICA-INFORMATICA": 69, "STIINTE ALE NATURII": 31, "FILOLOGIE": 28, "STIINTE SOCIALE": 30}, "limba_moderna": {"LIMBA ENGLEZA": 158}, "limba_materna": {"LIMBA ROMANA": 158}, "promotie_anterioara": {"NU": 151, "DA": 7}, "materii": {"LIMBA ROMANA": {"medie": 7.983227848101265, "reusita": 98.73417721518987, "cnt": 158}, "ISTORIE": {"medie": 7.363793103448274, "reusita": 100.0, "cnt": 58}, "GEOGRAFIE": {"medie": 8.48125, "reusita": 100.0, "cnt": 8}, "GENERAL": {"medie": 8.045085470085473, "reusita": 92.40506329113924, "cnt": 158}, "MATEMATICA ST-NAT": {"medie": 7.903225806451613, "reusita": 100.0, "cnt": 31}, "ANATOMIE SI FIZIOLOGIE UMANA, GENETICA SI ECOLOGIE UMANA": {"medie": 8.743076923076922, "reusita": 97.01492537313433, "cnt": 67}, "MATEMATICA MATE-INFO": {"medie": 7.599253731343284, "reusita": 89.85507246376811, "cnt": 69}, "FIZICA TEO": {"medie": 7.6499999999999995, "reusita": 90.9090909090909, "cnt": 22}, "CHIMIE ORGANICA TEO NIVEL I/II": {"medie": 9.450000000000001, "reusita": 100.0, "cnt": 7}, "SOCIOLOGIE": {"medie": 9.183333333333334, "reusita": 100.0, "cnt": 3}, "PSIHOLOGIE": {"medie": 9.4, "reusita": 100.0, "cnt": 1}, "LOGICA, ARGUMENTARE SI COMUNICARE": {"medie": 8.525581395348837, "reusita": 100.0, "cnt": 43}, "INFORMATICA MI C/C++": {"medie": 8.7875, "reusita": 100.0, "cnt": 4}, "ECONOMIE": {"medie": 7.6, "reusita": 100.0, "cnt": 1}, "FILOSOFIE": {"medie": 9.1, "reusita": 100.0, "cnt": 2}}, "nume": "COLEGIUL DOBROGEAN \"SPIRU HARET\" TULCEA\tTulcea"}