{"specializari": {"MATEMATICA-INFORMATICA": 110}, "limba_moderna": {"LIMBA ENGLEZA": 110}, "limba_materna": {"LIMBA ROMANA": 110}, "promotie_anterioara": {"NU": 110}, "materii": {"LIMBA ROMANA": {"medie": 8.674545454545456, "reusita": 100.0, "cnt": 110}, "GENERAL": {"medie": 8.851515151515152, "reusita": 100.0, "cnt": 110}, "MATEMATICA MATE-INFO": {"medie": 9.155454545454546, "reusita": 100.0, "cnt": 110}, "BIOLOGIE VEGETALA SI ANIMALA": {"medie": 8.158064516129032, "reusita": 100.0, "cnt": 31}, "FIZICA TEO": {"medie": 8.926056338028165, "reusita": 100.0, "cnt": 71}, "CHIMIE ORGANICA TEO NIVEL I/II": {"medie": 9.4, "reusita": 100.0, "cnt": 4}, "INFORMATICA MI C/C++": {"medie": 9.283333333333333, "reusita": 100.0, "cnt": 3}, "CHIMIE ANORGANICA TEO NIVEL I/II": {"medie": 7.6, "reusita": 100.0, "cnt": 1}}, "nume": "COLEGIUL NATIONAL MILITAR \"DIMITRIE CANTEMIR\" BREAZA\tPrahova"}