{"specializari": {"FILOLOGIE": 79, "MATEMATICA-INFORMATICA": 47, "STIINTE ALE NATURII": 32}, "limba_moderna": {"LIMBA FRANCEZA": 46, "LIMBA ENGLEZA": 100, "LIMBA GERMANA MODERNA": 11, "LIMBA RUSA": 1}, "limba_materna": {"LIMBA ROMANA": 158}, "promotie_anterioara": {"NU": 158}, "materii": {"LIMBA ROMANA": {"medie": 8.894620253164556, "reusita": 100.0, "cnt": 158}, "ISTORIE": {"medie": 9.119620253164555, "reusita": 100.0, "cnt": 79}, "GEOGRAFIE": {"medie": 9.455000000000002, "reusita": 100.0, "cnt": 50}, "GENERAL": {"medie": 9.037658227848096, "reusita": 100.0, "cnt": 158}, "MATEMATICA ST-NAT": {"medie": 9.296875000000002, "reusita": 100.0, "cnt": 32}, "ANATOMIE SI FIZIOLOGIE UMANA, GENETICA SI ECOLOGIE UMANA": {"medie": 9.266279069767442, "reusita": 100.0, "cnt": 43}, "MATEMATICA MATE-INFO": {"medie": 8.858510638297872, "reusita": 100.0, "cnt": 47}, "BIOLOGIE VEGETALA SI ANIMALA": {"medie": 8.816666666666668, "reusita": 100.0, "cnt": 3}, "FIZICA TEO": {"medie": 8.422727272727274, "reusita": 100.0, "cnt": 11}, "CHIMIE ORGANICA TEO NIVEL I/II": {"medie": 8.85, "reusita": 100.0, "cnt": 2}, "SOCIOLOGIE": {"medie": 8.5, "reusita": 100.0, "cnt": 1}, "PSIHOLOGIE": {"medie": 8.399999999999999, "reusita": 100.0, "cnt": 2}, "LOGICA, ARGUMENTARE SI COMUNICARE": {"medie": 8.845238095238098, "reusita": 100.0, "cnt": 21}, "INFORMATICA MI C/C++": {"medie": 8.85, "reusita": 100.0, "cnt": 19}, "ECONOMIE": {"medie": 9.433333333333334, "reusita": 100.0, "cnt": 3}, "CHIMIE ANORGANICA TEO NIVEL I/II": {"medie": 9.3, "reusita": 100.0, "cnt": 1}, "FILOSOFIE": {"medie": 9.7, "reusita": 100.0, "cnt": 2}}, "nume": "COLEGIUL NATIONAL \"MIHAI EMINESCU\", IASI\tIa\u0219i"}