{"specializari": {"MATEMATICA-INFORMATICA": 49, "STIINTE SOCIALE": 106, "STIINTE ALE NATURII": 58, "FILOLOGIE": 32}, "limba_moderna": {"LIMBA ENGLEZA": 215, "LIMBA GERMANA MODERNA": 15, "LIMBA FRANCEZA": 14, "LIMBA RUSA": 1}, "limba_materna": {"LIMBA ROMANA": 245}, "promotie_anterioara": {"NU": 239, "DA": 6}, "materii": {"LIMBA ROMANA": {"medie": 8.111065573770496, "reusita": 98.77551020408163, "cnt": 245}, "ISTORIE": {"medie": 8.04264705882353, "reusita": 98.55072463768117, "cnt": 138}, "GEOGRAFIE": {"medie": 8.245, "reusita": 90.0, "cnt": 10}, "GENERAL": {"medie": 8.493141289437593, "reusita": 95.10204081632652, "cnt": 245}, "MATEMATICA ST-NAT": {"medie": 8.72155172413793, "reusita": 100.0, "cnt": 58}, "ANATOMIE SI FIZIOLOGIE UMANA, GENETICA SI ECOLOGIE UMANA": {"medie": 9.392537313432836, "reusita": 100.0, "cnt": 67}, "MATEMATICA MATE-INFO": {"medie": 8.754081632653062, "reusita": 97.95918367346938, "cnt": 49}, "FIZICA TEO": {"medie": 8.485000000000001, "reusita": 100.0, "cnt": 10}, "CHIMIE ORGANICA TEO NIVEL I/II": {"medie": 7.658333333333334, "reusita": 100.0, "cnt": 6}, "PSIHOLOGIE": {"medie": 9.1, "reusita": 100.0, "cnt": 1}, "LOGICA, ARGUMENTARE SI COMUNICARE": {"medie": 8.9056, "reusita": 98.4126984126984, "cnt": 126}, "INFORMATICA MI C/C++": {"medie": 9.397727272727272, "reusita": 100.0, "cnt": 22}, "ECONOMIE": {"medie": 8.85, "reusita": 100.0, "cnt": 1}, "CHIMIE ANORGANICA TEO NIVEL I/II": {"medie": 8.825, "reusita": 100.0, "cnt": 2}}, "nume": "COLEGIUL NATIONAL \"EUDOXIU HURMUZACHI\" RADAUTI\tSuceava"}