{"specializari": {"FILOLOGIE": 6}, "limba_moderna": {"LIMBA FRANCEZA": 1, "LIMBA ENGLEZA": 5}, "limba_materna": {"LIMBA ROMANA": 6}, "promotie_anterioara": {"DA": 6}, "materii": {"LIMBA ROMANA": {"medie": 5.516666666666667, "reusita": 100.0, "cnt": 6}, "ISTORIE": {"medie": 6.283333333333334, "reusita": 100.0, "cnt": 6}, "GEOGRAFIE": {"medie": 7.230000000000001, "reusita": 83.33333333333334, "cnt": 6}, "GENERAL": {"medie": 6.463333333333334, "reusita": 66.66666666666666, "cnt": 6}}, "nume": "COLEGIUL PARTICULAR \"DIMITRIE CANTEMIR\" GALATI\tGala\u021bi"}