{"specializari": {"TEHNICIAN ELECTRONIST": 3, "TEHNICIAN OPERATOR TEHNICA DE CALCUL": 8, "TEHNICIAN OPERATOR PROCESARE TEXT IMAGINE": 17, "TEHNICIAN IN AUTOMATIZARI": 2, "TEHNICIAN MECATRONIST": 1}, "limba_moderna": {"LIMBA ENGLEZA": 23, "LIMBA FRANCEZA": 8}, "limba_materna": {"LIMBA ROMANA": 29, "LIMBA MAGHIARA": 2}, "promotie_anterioara": {"DA": 17, "NU": 14}, "materii": {"LIMBA ROMANA": {"medie": 6.091379310344827, "reusita": 93.54838709677419, "cnt": 31}, "GENERAL": {"medie": 5.514880952380952, "reusita": 29.03225806451613, "cnt": 31}, "BIOLOGIE VEGETALA SI ANIMALA": {"medie": 5.364, "reusita": 55.55555555555556, "cnt": 27}, "MATEMATICA TEHN": {"medie": 5.387931034482762, "reusita": 67.74193548387096, "cnt": 31}, "LIMBA MAGHIARA (REAL)": {"medie": 5.9, "reusita": 100.0, "cnt": 2}, "CHIMIE ANORGANICA TEH NIVEL I/II": {"medie": 5.3, "reusita": 100.0, "cnt": 1}, "FIZICA TEH": {"medie": 4.65, "reusita": 50.0, "cnt": 2}, "CHIMIE ORGANICA TEH NIVEL I/II": {"medie": 2.5, "reusita": 0.0, "cnt": 1}}, "nume": "COLEGIUL TEHNIC \"EDMOND NICOLAU\" CLUJ-NAPOCA\tCluj"}