{"specializari": {"LICEU CU PROGRAM SPORTIV": 13, "TEHNICIAN IN AUTOMATIZARI": 30, "TEHNICIAN IN INSTALATII ELECTRICE": 24, "TEHNICIAN ELECTROTEHNIST": 21, "TEHNICIAN MECANIC PENTRU INTRETINERE SI REPARATII": 4, "TEHNICIAN OPERATOR TEHNICA DE CALCUL": 27, "MATEMATICA-INFORMATICA": 12, "TEHNICIAN ECOLOG SI PROTECTIA CALITATII MEDIULUI": 29, "TEHNICIAN MECATRONIST": 14}, "limba_moderna": {"LIMBA ENGLEZA": 168, "LIMBA FRANCEZA": 6}, "limba_materna": {"LIMBA ROMANA": 174}, "promotie_anterioara": {"NU": 154, "DA": 20}, "materii": {"LIMBA ROMANA": {"medie": 7.011560693641618, "reusita": 97.70114942528735, "cnt": 174}, "ISTORIE": {"medie": 5.792307692307693, "reusita": 92.3076923076923, "cnt": 13}, "GEOGRAFIE": {"medie": 7.38, "reusita": 100.0, "cnt": 10}, "GENERAL": {"medie": 7.10057803468208, "reusita": 75.86206896551724, "cnt": 174}, "ANATOMIE SI FIZIOLOGIE UMANA, GENETICA SI ECOLOGIE UMANA": {"medie": 9.045454545454545, "reusita": 100.0, "cnt": 22}, "MATEMATICA MATE-INFO": {"medie": 7.575, "reusita": 100.0, "cnt": 12}, "BIOLOGIE VEGETALA SI ANIMALA": {"medie": 5.9021978021978, "reusita": 80.21978021978022, "cnt": 91}, "FIZICA TEO": {"medie": 5.0, "reusita": 100.0, "cnt": 1}, "MATEMATICA TEHN": {"medie": 7.441275167785234, "reusita": 91.94630872483222, "cnt": 149}, "LOGICA, ARGUMENTARE SI COMUNICARE": {"medie": 6.1000000000000005, "reusita": 33.33333333333333, "cnt": 3}, "CHIMIE ANORGANICA TEH NIVEL I/II": {"medie": 8.016666666666667, "reusita": 100.0, "cnt": 9}, "FIZICA TEH": {"medie": 7.7125, "reusita": 96.875, "cnt": 32}, "CHIMIE ORGANICA TEH NIVEL I/II": {"medie": 9.875, "reusita": 100.0, "cnt": 2}, "INFORMATICA MI PASCAL": {"medie": 9.125, "reusita": 100.0, "cnt": 4}}, "nume": "COLEGIUL ENERGETIC, MUN. RM. VALCEA\tV\u00e2lcea"}