{"specializari": {"TEHNICIAN IN AUTOMATIZARI": 36, "TEHNICIAN IN ACTIVITATI ECONOMICE": 64, "TEHNICIAN IN INSTALATII ELECTRICE": 17, "TEHNICIAN PROIECTANT CAD": 16, "TEHNICIAN IN TURISM": 34, "TEHNICIAN ELECTROTEHNIST": 7, "TEHNICIAN IN ACTIVITATI DE COMERT": 2}, "limba_moderna": {"LIMBA ENGLEZA": 169, "LIMBA FRANCEZA": 5, "LIMBA GERMANA MODERNA": 2}, "limba_materna": {"LIMBA ROMANA": 176}, "promotie_anterioara": {"NU": 135, "DA": 41}, "materii": {"LIMBA ROMANA": {"medie": 5.724260355029585, "reusita": 83.52272727272727, "cnt": 176}, "GEOGRAFIE": {"medie": 7.053260869565216, "reusita": 89.36170212765957, "cnt": 94}, "GENERAL": {"medie": 5.616132478632475, "reusita": 36.93181818181818, "cnt": 176}, "BIOLOGIE VEGETALA SI ANIMALA": {"medie": 3.7956896551724144, "reusita": 24.285714285714285, "cnt": 70}, "MATEMATICA TEHN": {"medie": 5.154242424242424, "reusita": 61.36363636363637, "cnt": 176}, "PSIHOLOGIE": {"medie": 6.675, "reusita": 100.0, "cnt": 2}, "ECONOMIE": {"medie": 4.9, "reusita": 50.0, "cnt": 4}, "CHIMIE ANORGANICA TEH NIVEL I/II": {"medie": 5.383333333333334, "reusita": 33.33333333333333, "cnt": 6}}, "nume": "COLEGIUL TEHNIC \"EMANUIL UNGUREANU\" TIMISOARA\tTimi\u0219"}