{"specializari": {"MUZICA": 51}, "limba_moderna": {"LIMBA ENGLEZA": 51}, "limba_materna": {"LIMBA ROMANA": 51}, "promotie_anterioara": {"NU": 47, "DA": 4}, "materii": {"LIMBA ROMANA": {"medie": 6.766000000000002, "reusita": 92.15686274509804, "cnt": 51}, "ISTORIE": {"medie": 7.235, "reusita": 94.11764705882352, "cnt": 51}, "GEOGRAFIE": {"medie": 8.326923076923077, "reusita": 97.5, "cnt": 40}, "GENERAL": {"medie": 7.407, "reusita": 84.31372549019608, "cnt": 51}, "PSIHOLOGIE": {"medie": 6.666666666666667, "reusita": 100.0, "cnt": 3}, "LOGICA, ARGUMENTARE SI COMUNICARE": {"medie": 8.28125, "reusita": 87.5, "cnt": 8}}, "nume": "COLEGIUL NATIONAL DE MUZICA \"GEORGE ENESCU\"\tBucure\u0219ti"}