{"specializari": {"FILOLOGIE": 53, "TEHNICIAN IN TURISM": 31}, "limba_moderna": {"LIMBA ENGLEZA": 80, "LIMBA FRANCEZA": 4}, "limba_materna": {"LIMBA ROMANA": 84}, "promotie_anterioara": {"NU": 42, "DA": 42}, "materii": {"LIMBA ROMANA": {"medie": 5.2851851851851865, "reusita": 73.80952380952381, "cnt": 84}, "ISTORIE": {"medie": 6.236274509803921, "reusita": 92.45283018867924, "cnt": 53}, "GEOGRAFIE": {"medie": 6.925624999999998, "reusita": 91.56626506024097, "cnt": 83}, "GENERAL": {"medie": 6.03377192982456, "reusita": 46.42857142857143, "cnt": 84}, "MATEMATICA TEHN": {"medie": 5.151666666666666, "reusita": 70.96774193548387, "cnt": 31}, "SOCIOLOGIE": {"medie": 7.5, "reusita": 100.0, "cnt": 1}}, "nume": "COMPLEXUL SCOLAR \"CRONOS\"\tBucure\u0219ti"}