{"specializari": {"MATEMATICA-INFORMATICA": 5, "STIINTE SOCIALE": 8}, "limba_moderna": {"LIMBA ENGLEZA": 12, "LIMBA EBRAICA": 1}, "limba_materna": {"LIMBA ROMANA": 13}, "promotie_anterioara": {"NU": 13}, "materii": {"LIMBA ROMANA": {"medie": 8.919230769230767, "reusita": 100.0, "cnt": 13}, "ISTORIE": {"medie": 8.55625, "reusita": 100.0, "cnt": 8}, "GEOGRAFIE": {"medie": 9.183333333333332, "reusita": 100.0, "cnt": 3}, "GENERAL": {"medie": 9.088461538461539, "reusita": 100.0, "cnt": 13}, "MATEMATICA MATE-INFO": {"medie": 9.709999999999999, "reusita": 100.0, "cnt": 5}, "CHIMIE ORGANICA TEO NIVEL I/II": {"medie": 9.7, "reusita": 100.0, "cnt": 2}, "SOCIOLOGIE": {"medie": 8.983333333333333, "reusita": 100.0, "cnt": 3}, "INFORMATICA MI C/C++": {"medie": 9.333333333333334, "reusita": 100.0, "cnt": 3}, "ECONOMIE": {"medie": 9.8, "reusita": 100.0, "cnt": 2}}, "nume": "COMPLEXUL EDUCATIONAL LAUDE-REUT\tBucure\u0219ti"}