{"specializari": {"TEHNICIAN MECANIC PENTRU INTRETINERE SI REPARATII": 2, "TEHNICIAN IN INDUSTRIA TEXTILA": 2}, "limba_moderna": {"LIMBA ENGLEZA": 4}, "limba_materna": {"LIMBA ROMANA": 4}, "promotie_anterioara": {"DA": 4}, "materii": {"LIMBA ROMANA": {"medie": 6.375, "reusita": 100.0, "cnt": 4}, "GENERAL": {"medie": 6.154166666666667, "reusita": 50.0, "cnt": 4}, "BIOLOGIE VEGETALA SI ANIMALA": {"medie": 6.466666666666668, "reusita": 66.66666666666666, "cnt": 3}, "MATEMATICA TEHN": {"medie": 6.362500000000001, "reusita": 100.0, "cnt": 4}, "CHIMIE ORGANICA TEH NIVEL I/II": {"medie": 3.5, "reusita": 0.0, "cnt": 1}}, "nume": "GRUP SCOLAR DE ARTE SI MESERII \"SPIRU HARET\" IASI\tIa\u0219i"}