{"specializari": {"LICEU CU PROGRAM SPORTIV": 59}, "limba_moderna": {"LIMBA FRANCEZA": 30, "LIMBA ENGLEZA": 29}, "limba_materna": {"LIMBA ROMANA": 59}, "promotie_anterioara": {"NU": 47, "DA": 12}, "materii": {"LIMBA ROMANA": {"medie": 5.59375, "reusita": 77.96610169491525, "cnt": 59}, "ISTORIE": {"medie": 5.711607142857145, "reusita": 84.7457627118644, "cnt": 59}, "GEOGRAFIE": {"medie": 6.669642857142855, "reusita": 86.20689655172413, "cnt": 58}, "GENERAL": {"medie": 5.998181818181818, "reusita": 44.06779661016949, "cnt": 59}, "PSIHOLOGIE": {"medie": 7.5, "reusita": 100.0, "cnt": 1}}, "nume": "LICEUL CU PROGRAM SPORTIV, MUNICIPIUL ROMAN\tNeam\u021b"}