{"specializari": {"LICEU CU PROGRAM SPORTIV": 115}, "limba_moderna": {"LIMBA ENGLEZA": 111, "LIMBA FRANCEZA": 4}, "limba_materna": {"LIMBA ROMANA": 115}, "promotie_anterioara": {"NU": 93, "DA": 22}, "materii": {"LIMBA ROMANA": {"medie": 5.732547169811323, "reusita": 76.52173913043478, "cnt": 115}, "ISTORIE": {"medie": 6.044444444444446, "reusita": 87.82608695652175, "cnt": 115}, "GEOGRAFIE": {"medie": 7.195145631067961, "reusita": 88.9908256880734, "cnt": 109}, "GENERAL": {"medie": 6.345307443365696, "reusita": 55.65217391304348, "cnt": 115}, "LOGICA, ARGUMENTARE SI COMUNICARE": {"medie": 7.333333333333335, "reusita": 83.33333333333334, "cnt": 6}}, "nume": "LICEUL CU PROGRAM SPORTIV, IASI\tIa\u0219i"}