{"specializari": {"LICEU CU PROGRAM SPORTIV": 52}, "limba_moderna": {"LIMBA ENGLEZA": 52}, "limba_materna": {"LIMBA ROMANA": 52}, "promotie_anterioara": {"NU": 42, "DA": 10}, "materii": {"LIMBA ROMANA": {"medie": 5.9, "reusita": 76.92307692307693, "cnt": 52}, "ISTORIE": {"medie": 5.634000000000001, "reusita": 86.53846153846155, "cnt": 52}, "GEOGRAFIE": {"medie": 6.977272727272725, "reusita": 82.6086956521739, "cnt": 46}, "GENERAL": {"medie": 6.188095238095237, "reusita": 57.692307692307686, "cnt": 52}, "LOGICA, ARGUMENTARE SI COMUNICARE": {"medie": 7.19, "reusita": 100.0, "cnt": 5}, "FILOSOFIE": {"medie": "-", "reusita": 0.0, "cnt": 1}}, "nume": "LICEUL CU PROGRAM SPORTIV SLATINA\tOlt"}