{"specializari": {"TEHNICIAN IN ACTIVITATI DE COMERT": 7, "TEHNICIAN ECOLOG SI PROTECTIA CALITATII MEDIULUI": 14, "TEHNICIAN MECATRONIST": 4, "TEHNICIAN IN INDUSTRIA ALIMENTARA": 19, "TEHNICIAN TRANSPORTURI": 7, "TEHNICIAN IN TURISM": 1, "TEHNICIAN IN AGRICULTURA ECOLOGICA": 8}, "limba_moderna": {"LIMBA ENGLEZA": 39, "LIMBA FRANCEZA": 21}, "limba_materna": {"LIMBA ROMANA": 60}, "promotie_anterioara": {"DA": 28, "NU": 32}, "materii": {"LIMBA ROMANA": {"medie": 5.761206896551725, "reusita": 81.66666666666667, "cnt": 60}, "GEOGRAFIE": {"medie": 5.835714285714286, "reusita": 85.71428571428571, "cnt": 7}, "GENERAL": {"medie": 5.414327485380119, "reusita": 35.0, "cnt": 60}, "ANATOMIE SI FIZIOLOGIE UMANA, GENETICA SI ECOLOGIE UMANA": {"medie": 8.85, "reusita": 100.0, "cnt": 1}, "BIOLOGIE VEGETALA SI ANIMALA": {"medie": 5.713541666666665, "reusita": 75.51020408163265, "cnt": 49}, "MATEMATICA TEHN": {"medie": 4.691379310344829, "reusita": 60.0, "cnt": 60}, "LOGICA, ARGUMENTARE SI COMUNICARE": {"medie": 9.2, "reusita": 100.0, "cnt": 1}, "FIZICA TEH": {"medie": 3.4749999999999996, "reusita": 50.0, "cnt": 2}}, "nume": "LICEUL AGRICOL \"DR. C. ANGELESCU\" MUNICIPIUL BUZAU\tBuz\u0103u"}