{"specializari": {"LICEU CU PROGRAM SPORTIV": 48}, "limba_moderna": {"LIMBA ENGLEZA": 48}, "limba_materna": {"LIMBA ROMANA": 48}, "promotie_anterioara": {"NU": 44, "DA": 4}, "materii": {"LIMBA ROMANA": {"medie": 6.3062499999999995, "reusita": 91.66666666666666, "cnt": 48}, "ISTORIE": {"medie": 6.434375, "reusita": 91.66666666666666, "cnt": 48}, "GEOGRAFIE": {"medie": 7.302173913043481, "reusita": 87.5, "cnt": 24}, "GENERAL": {"medie": 6.921631205673759, "reusita": 75.0, "cnt": 48}, "PSIHOLOGIE": {"medie": 8.5, "reusita": 100.0, "cnt": 1}, "LOGICA, ARGUMENTARE SI COMUNICARE": {"medie": 8.669565217391304, "reusita": 100.0, "cnt": 23}}, "nume": "LICEUL CU PROGRAM SPORTIV ALBA IULIA\tAlba"}