{"specializari": {"LICEU CU PROGRAM SPORTIV": 124, "TEHNICIAN ECOLOG SI PROTECTIA CALITATII MEDIULUI": 18, "TEHNICIAN IN TURISM": 29}, "limba_moderna": {"LIMBA ENGLEZA": 166, "LIMBA GERMANA MODERNA": 1, "LIMBA FRANCEZA": 4}, "limba_materna": {"LIMBA ROMANA": 171}, "promotie_anterioara": {"DA": 33, "NU": 138}, "materii": {"LIMBA ROMANA": {"medie": 6.0048192771084326, "reusita": 83.62573099415205, "cnt": 171}, "ISTORIE": {"medie": 6.2409836065573785, "reusita": 95.96774193548387, "cnt": 124}, "GEOGRAFIE": {"medie": 7.0929054054054035, "reusita": 88.81578947368422, "cnt": 152}, "GENERAL": {"medie": 6.464570230607966, "reusita": 60.23391812865497, "cnt": 171}, "BIOLOGIE VEGETALA SI ANIMALA": {"medie": 6.78529411764706, "reusita": 94.44444444444444, "cnt": 18}, "MATEMATICA TEHN": {"medie": 6.165217391304347, "reusita": 80.85106382978722, "cnt": 47}, "FILOSOFIE": {"medie": 5.2, "reusita": 100.0, "cnt": 1}}, "nume": "LICEUL CU PROGRAM SPORTIV BISTRITA\tBistri\u021ba-N\u0103s\u0103ud"}