{"specializari": {"TEHNICIAN ELECTROMECANIC": 28, "FILOLOGIE": 34, "STIINTE ALE NATURII": 27, "MATEMATICA-INFORMATICA": 24, "TEHNICIAN IN GASTRONOMIE": 16, "TEHNICIAN MECATRONIST": 10, "TEHNICIAN IN INSTALATII ELECTRICE": 1, "TEHNICIAN INSTALATOR PENTRU CONSTRUCTII": 2, "TEHNICIAN MECANIC PENTRU INTRETINERE SI REPARATII": 1}, "limba_moderna": {"LIMBA ENGLEZA": 134, "LIMBA GERMANA MODERNA": 3, "LIMBA FRANCEZA": 6}, "limba_materna": {"LIMBA ROMANA": 143}, "promotie_anterioara": {"NU": 119, "DA": 24}, "materii": {"LIMBA ROMANA": {"medie": 6.569841269841269, "reusita": 78.32167832167832, "cnt": 143}, "ISTORIE": {"medie": 6.695588235294117, "reusita": 100.0, "cnt": 34}, "GEOGRAFIE": {"medie": 6.239473684210527, "reusita": 70.0, "cnt": 20}, "GENERAL": {"medie": 6.499731182795701, "reusita": 52.44755244755245, "cnt": 143}, "MATEMATICA ST-NAT": {"medie": 5.592857142857145, "reusita": 51.85185185185185, "cnt": 27}, "ANATOMIE SI FIZIOLOGIE UMANA, GENETICA SI ECOLOGIE UMANA": {"medie": 8.425675675675677, "reusita": 83.72093023255815, "cnt": 43}, "MATEMATICA MATE-INFO": {"medie": 8.062499999999998, "reusita": 100.0, "cnt": 24}, "BIOLOGIE VEGETALA SI ANIMALA": {"medie": 4.293333333333334, "reusita": 34.146341463414636, "cnt": 41}, "MATEMATICA TEHN": {"medie": 4.26304347826087, "reusita": 39.6551724137931, "cnt": 58}, "LOGICA, ARGUMENTARE SI COMUNICARE": {"medie": 8.273333333333333, "reusita": 100.0, "cnt": 30}, "INFORMATICA MI C/C++": {"medie": 8.52142857142857, "reusita": 100.0, "cnt": 7}, "FIZICA TEH": {"medie": 5.574999999999999, "reusita": 100.0, "cnt": 2}}, "nume": "LICEUL BANATEAN OTELU ROSU\tCara\u0219-Severin"}