{"specializari": {"TEHNICIAN IN AGRICULTURA": 33, "TEHNICIAN IN ACTIVITATI ECONOMICE": 16, "TEHNICIAN ECOLOG SI PROTECTIA CALITATII MEDIULUI": 14, "TEHNICIAN HIDRO-METEOROLOG": 5}, "limba_moderna": {"LIMBA ENGLEZA": 68}, "limba_materna": {"LIMBA ROMANA": 68}, "promotie_anterioara": {"DA": 20, "NU": 48}, "materii": {"LIMBA ROMANA": {"medie": 4.427884615384614, "reusita": 35.294117647058826, "cnt": 68}, "GEOGRAFIE": {"medie": 5.913333333333333, "reusita": 73.33333333333333, "cnt": 15}, "GENERAL": {"medie": 4.2063492063492065, "reusita": 13.23529411764706, "cnt": 68}, "ANATOMIE SI FIZIOLOGIE UMANA, GENETICA SI ECOLOGIE UMANA": {"medie": 4.95, "reusita": 37.5, "cnt": 8}, "BIOLOGIE VEGETALA SI ANIMALA": {"medie": 3.5624999999999996, "reusita": 18.181818181818183, "cnt": 44}, "MATEMATICA TEHN": {"medie": 3.9683673469387766, "reusita": 35.294117647058826, "cnt": 68}, "ECONOMIE": {"medie": 2.5, "reusita": 0.0, "cnt": 1}}, "nume": "LICEUL AGRICOL POARTA ALBA\tConstan\u021ba"}