{"specializari": {"LICEU CU PROGRAM SPORTIV": 84}, "limba_moderna": {"LIMBA ENGLEZA": 79, "LIMBA FRANCEZA": 5}, "limba_materna": {"LIMBA ROMANA": 84}, "promotie_anterioara": {"NU": 67, "DA": 17}, "materii": {"LIMBA ROMANA": {"medie": 5.606024096385543, "reusita": 78.57142857142857, "cnt": 84}, "ISTORIE": {"medie": 5.243373493975902, "reusita": 76.19047619047619, "cnt": 84}, "GEOGRAFIE": {"medie": 6.981967213114752, "reusita": 86.88524590163934, "cnt": 61}, "GENERAL": {"medie": 5.924497991967872, "reusita": 53.57142857142857, "cnt": 84}, "LOGICA, ARGUMENTARE SI COMUNICARE": {"medie": 6.838095238095238, "reusita": 77.27272727272727, "cnt": 22}, "FILOSOFIE": {"medie": 5.2, "reusita": 100.0, "cnt": 1}}, "nume": "LICEUL CU PROGRAM SPORTIV BOTOSANI\tBoto\u0219ani"}