{"specializari": {"LICEU CU PROGRAM SPORTIV": 74, "FILOLOGIE": 27}, "limba_moderna": {"LIMBA ENGLEZA": 101}, "limba_materna": {"LIMBA ROMANA": 101}, "promotie_anterioara": {"DA": 17, "NU": 84}, "materii": {"LIMBA ROMANA": {"medie": 5.730500000000001, "reusita": 82.17821782178217, "cnt": 101}, "ISTORIE": {"medie": 5.6225, "reusita": 88.11881188118812, "cnt": 101}, "GEOGRAFIE": {"medie": 6.926804123711341, "reusita": 92.85714285714286, "cnt": 98}, "GENERAL": {"medie": 6.070333333333334, "reusita": 50.495049504950494, "cnt": 101}, "PSIHOLOGIE": {"medie": 6.4, "reusita": 100.0, "cnt": 1}, "LOGICA, ARGUMENTARE SI COMUNICARE": {"medie": 3.75, "reusita": 50.0, "cnt": 2}}, "nume": "LICEUL CU PROGRAM SPORTIV\tBr\u0103ila"}