{"specializari": {"TEHNICIAN IN ACTIVITATI ECONOMICE": 30, "TEHNICIAN MECATRONIST": 23, "TEHNICIAN IN ACTIVITATI DE COMERT": 33, "TEHNICIAN TRANSPORTURI": 27, "MATEMATICA-INFORMATICA": 40, "FILOLOGIE": 31, "STIINTE ALE NATURII": 37, "TEHNICIAN IN TURISM": 25, "STIINTE SOCIALE": 27, "TEHNICIAN IN GASTRONOMIE": 2, "TEHNICIAN ELECTROTEHNIST": 1}, "limba_moderna": {"LIMBA ENGLEZA": 274, "LIMBA FRANCEZA": 2}, "limba_materna": {"LIMBA ROMANA": 276}, "promotie_anterioara": {"NU": 222, "DA": 54}, "materii": {"LIMBA ROMANA": {"medie": 5.486764705882354, "reusita": 56.15942028985508, "cnt": 276}, "ISTORIE": {"medie": 6.24818181818182, "reusita": 87.93103448275862, "cnt": 58}, "GEOGRAFIE": {"medie": 6.401923076923075, "reusita": 70.27027027027027, "cnt": 148}, "GENERAL": {"medie": 5.466450216450213, "reusita": 29.347826086956523, "cnt": 276}, "MATEMATICA ST-NAT": {"medie": 4.2796875, "reusita": 40.54054054054054, "cnt": 37}, "ANATOMIE SI FIZIOLOGIE UMANA, GENETICA SI ECOLOGIE UMANA": {"medie": 8.638888888888891, "reusita": 100.0, "cnt": 9}, "MATEMATICA MATE-INFO": {"medie": 5.688461538461539, "reusita": 60.0, "cnt": 40}, "BIOLOGIE VEGETALA SI ANIMALA": {"medie": 5.1528735632183915, "reusita": 48.113207547169814, "cnt": 106}, "MATEMATICA TEHN": {"medie": 4.081858407079648, "reusita": 37.5886524822695, "cnt": 141}, "INFORMATICA MI C/C++": {"medie": 9.05, "reusita": 100.0, "cnt": 2}, "FIZICA TEH": {"medie": 4.694444444444445, "reusita": 70.0, "cnt": 10}, "INFORMATICA MI PASCAL": {"medie": 8.95, "reusita": 100.0, "cnt": 1}}, "nume": "LICEUL BORSA\tMaramure\u0219"}