{"specializari": {"LICEU CU PROGRAM SPORTIV": 67}, "limba_moderna": {"LIMBA ENGLEZA": 67}, "limba_materna": {"LIMBA ROMANA": 67}, "promotie_anterioara": {"NU": 55, "DA": 12}, "materii": {"LIMBA ROMANA": {"medie": 5.973846153846154, "reusita": 82.08955223880598, "cnt": 67}, "ISTORIE": {"medie": 5.575384615384616, "reusita": 85.07462686567165, "cnt": 67}, "GEOGRAFIE": {"medie": 6.998000000000001, "reusita": 92.3076923076923, "cnt": 26}, "GENERAL": {"medie": 6.1707692307692295, "reusita": 59.70149253731343, "cnt": 67}, "LOGICA, ARGUMENTARE SI COMUNICARE": {"medie": 6.941250000000001, "reusita": 75.60975609756098, "cnt": 41}}, "nume": "LICEUL CU PROGRAM SPORTIV, MUN. VASLUI\tVaslui"}