{"specializari": {"LICEU CU PROGRAM SPORTIV": 59}, "limba_moderna": {"LIMBA ENGLEZA": 59}, "limba_materna": {"LIMBA ROMANA": 59}, "promotie_anterioara": {"NU": 44, "DA": 15}, "materii": {"LIMBA ROMANA": {"medie": 6.334210526315789, "reusita": 91.52542372881356, "cnt": 59}, "ISTORIE": {"medie": 5.633898305084744, "reusita": 93.22033898305084, "cnt": 59}, "GEOGRAFIE": {"medie": 7.235964912280701, "reusita": 96.55172413793103, "cnt": 58}, "GENERAL": {"medie": 6.417857142857138, "reusita": 71.1864406779661, "cnt": 59}, "LOGICA, ARGUMENTARE SI COMUNICARE": {"medie": 8.7, "reusita": 100.0, "cnt": 1}}, "nume": "LICEUL CU PROGRAM SPORTIV BRASOV\tBra\u0219ov"}