{"specializari": {"LICEU CU PROGRAM SPORTIV": 65}, "limba_moderna": {"LIMBA FRANCEZA": 17, "LIMBA ENGLEZA": 48}, "limba_materna": {"LIMBA ROMANA": 65}, "promotie_anterioara": {"NU": 51, "DA": 14}, "materii": {"LIMBA ROMANA": {"medie": 5.7196428571428575, "reusita": 69.23076923076923, "cnt": 65}, "ISTORIE": {"medie": 6.018750000000002, "reusita": 80.0, "cnt": 65}, "GEOGRAFIE": {"medie": 6.408510638297872, "reusita": 73.21428571428571, "cnt": 56}, "GENERAL": {"medie": 6.111011904761902, "reusita": 49.23076923076923, "cnt": 65}, "PSIHOLOGIE": {"medie": 5.475, "reusita": 50.0, "cnt": 2}, "LOGICA, ARGUMENTARE SI COMUNICARE": {"medie": 8.475, "reusita": 100.0, "cnt": 6}, "FILOSOFIE": {"medie": 6.3, "reusita": 100.0, "cnt": 1}}, "nume": "LICEUL CU PROGRAM SPORTIV BAIA MARE\tMaramure\u0219"}