{"specializari": {"STIINTE ALE NATURII": 9}, "limba_moderna": {"LIMBA ENGLEZA": 9}, "limba_materna": {"LIMBA ROMANA": 9}, "promotie_anterioara": {"NU": 9}, "materii": {"LIMBA ROMANA": {"medie": 8.005555555555553, "reusita": 100.0, "cnt": 9}, "GENERAL": {"medie": 8.00925925925926, "reusita": 100.0, "cnt": 9}, "MATEMATICA ST-NAT": {"medie": 7.48888888888889, "reusita": 100.0, "cnt": 9}, "ANATOMIE SI FIZIOLOGIE UMANA, GENETICA SI ECOLOGIE UMANA": {"medie": 8.533333333333335, "reusita": 100.0, "cnt": 9}}, "nume": "LICEUL CRESTIN \"LOGOS\" BISTRITA\tBistri\u021ba-N\u0103s\u0103ud"}