{"specializari": {"FILOLOGIE": 39, "LICEU CU PROGRAM SPORTIV": 96}, "limba_moderna": {"LIMBA FRANCEZA": 8, "LIMBA ENGLEZA": 127}, "limba_materna": {"LIMBA ROMANA": 135}, "promotie_anterioara": {"NU": 107, "DA": 28}, "materii": {"LIMBA ROMANA": {"medie": 5.973228346456695, "reusita": 80.0, "cnt": 135}, "ISTORIE": {"medie": 5.7171875, "reusita": 84.44444444444444, "cnt": 135}, "GEOGRAFIE": {"medie": 6.729761904761905, "reusita": 77.08333333333334, "cnt": 48}, "GENERAL": {"medie": 6.0511019283746545, "reusita": 47.40740740740741, "cnt": 135}, "SOCIOLOGIE": {"medie": 5.0, "reusita": 100.0, "cnt": 1}, "PSIHOLOGIE": {"medie": 5.0, "reusita": 100.0, "cnt": 1}, "LOGICA, ARGUMENTARE SI COMUNICARE": {"medie": 6.161538461538463, "reusita": 62.35294117647059, "cnt": 85}}, "nume": "LICEUL CU PROGRAM SPORTIV SUCEAVA\tSuceava"}