{"specializari": {"MATEMATICA-INFORMATICA": 22, "TEHNICIAN IN ACTIVITATI ECONOMICE": 25, "STIINTE SOCIALE": 33, "TEHNICIAN IN AGRICULTURA": 1, "TEHNICIAN MECANIC PENTRU INTRETINERE SI REPARATII": 7}, "limba_moderna": {"LIMBA ENGLEZA": 88}, "limba_materna": {"LIMBA ROMANA": 88}, "promotie_anterioara": {"DA": 25, "NU": 63}, "materii": {"LIMBA ROMANA": {"medie": 5.609411764705883, "reusita": 69.31818181818183, "cnt": 88}, "ISTORIE": {"medie": 4.703030303030304, "reusita": 51.515151515151516, "cnt": 33}, "GEOGRAFIE": {"medie": 4.9558823529411775, "reusita": 50.0, "cnt": 36}, "GENERAL": {"medie": 5.257478632478632, "reusita": 29.545454545454547, "cnt": 88}, "ANATOMIE SI FIZIOLOGIE UMANA, GENETICA SI ECOLOGIE UMANA": {"medie": 6.725, "reusita": 80.0, "cnt": 20}, "MATEMATICA MATE-INFO": {"medie": 5.906818181818182, "reusita": 68.18181818181817, "cnt": 22}, "BIOLOGIE VEGETALA SI ANIMALA": {"medie": 3.8666666666666663, "reusita": 30.0, "cnt": 10}, "MATEMATICA TEHN": {"medie": 2.9299999999999997, "reusita": 27.27272727272727, "cnt": 33}, "LOGICA, ARGUMENTARE SI COMUNICARE": {"medie": 5.7894736842105265, "reusita": 50.0, "cnt": 20}, "ECONOMIE": {"medie": "-", "reusita": 0.0, "cnt": 1}, "FILOSOFIE": {"medie": "-", "reusita": 0.0, "cnt": 1}}, "nume": "LICEUL COBADIN\tConstan\u021ba"}