{"specializari": {"LICEU CU PROGRAM SPORTIV": 62, "FILOLOGIE": 1}, "limba_moderna": {"LIMBA ENGLEZA": 47, "LIMBA FRANCEZA": 16}, "limba_materna": {"LIMBA ROMANA": 63}, "promotie_anterioara": {"NU": 48, "DA": 15}, "materii": {"LIMBA ROMANA": {"medie": 5.827419354838709, "reusita": 79.36507936507937, "cnt": 63}, "ISTORIE": {"medie": 5.728225806451613, "reusita": 85.71428571428571, "cnt": 63}, "GEOGRAFIE": {"medie": 7.248000000000001, "reusita": 88.46153846153845, "cnt": 26}, "GENERAL": {"medie": 6.586206896551723, "reusita": 61.904761904761905, "cnt": 63}, "LOGICA, ARGUMENTARE SI COMUNICARE": {"medie": 8.489705882352938, "reusita": 89.1891891891892, "cnt": 37}}, "nume": "LICEUL CU PROGRAM SPORTIV CAMPULUNG\tArge\u0219"}