{"specializari": {"STIINTE SOCIALE": 39, "MATEMATICA-INFORMATICA": 29, "TEHNICIAN ELECTROTEHNIST": 17, "TEHNICIAN MECANIC PENTRU INTRETINERE SI REPARATII": 17, "FILOLOGIE": 37, "STIINTE ALE NATURII": 51, "TEHNICIAN ECOLOG SI PROTECTIA CALITATII MEDIULUI": 27, "TEHNICIAN IN INSTALATII ELECTRICE": 26, "TEHNICIAN MECATRONIST": 26, "TEHNICIAN IN INDUSTRIA TEXTILA": 19, "TEHNICIAN IN CONSTRUCTII SI LUCRARI PUBLICE": 13, "TEHNICIAN AGROMONTAN": 6}, "limba_moderna": {"LIMBA ENGLEZA": 281, "LIMBA FRANCEZA": 26}, "limba_materna": {"LIMBA ROMANA": 307}, "promotie_anterioara": {"NU": 271, "DA": 36}, "materii": {"LIMBA ROMANA": {"medie": 7.07585616438356, "reusita": 83.38762214983714, "cnt": 307}, "ISTORIE": {"medie": 7.581333333333332, "reusita": 98.68421052631578, "cnt": 76}, "GEOGRAFIE": {"medie": 8.473571428571429, "reusita": 98.59154929577466, "cnt": 71}, "GENERAL": {"medie": 6.567446043165465, "reusita": 56.02605863192183, "cnt": 307}, "MATEMATICA ST-NAT": {"medie": 6.11219512195122, "reusita": 62.745098039215684, "cnt": 51}, "ANATOMIE SI FIZIOLOGIE UMANA, GENETICA SI ECOLOGIE UMANA": {"medie": 7.354929577464789, "reusita": 73.75, "cnt": 80}, "MATEMATICA MATE-INFO": {"medie": 9.1, "reusita": 96.55172413793103, "cnt": 29}, "BIOLOGIE VEGETALA SI ANIMALA": {"medie": 4.004999999999999, "reusita": 33.9622641509434, "cnt": 106}, "FIZICA TEO": {"medie": 8.582608695652175, "reusita": 100.0, "cnt": 23}, "MATEMATICA TEHN": {"medie": 4.13472222222222, "reusita": 44.370860927152314, "cnt": 151}, "CHIMIE ORGANICA TEO NIVEL I/II": {"medie": 9.4, "reusita": 100.0, "cnt": 3}, "SOCIOLOGIE": {"medie": 7.780000000000001, "reusita": 100.0, "cnt": 5}, "INFORMATICA MI C/C++": {"medie": 10.0, "reusita": 100.0, "cnt": 1}, "CHIMIE ANORGANICA TEH NIVEL I/II": {"medie": 4.209090909090908, "reusita": 33.33333333333333, "cnt": 12}, "FIZICA TEH": {"medie": 5.566666666666666, "reusita": 66.66666666666666, "cnt": 3}, "CHIMIE ORGANICA TEH NIVEL I/II": {"medie": 2.2, "reusita": 0.0, "cnt": 1}, "INFORMATICA MI PASCAL": {"medie": 9.525, "reusita": 100.0, "cnt": 2}}, "nume": "LICEUL CONSTANTIN BRANCOVEANU, ORAS HOREZU\tV\u00e2lcea"}