{"specializari": {"LICEU CU PROGRAM SPORTIV": 83}, "limba_moderna": {"LIMBA ENGLEZA": 81, "LIMBA FRANCEZA": 2}, "limba_materna": {"LIMBA ROMANA": 83}, "promotie_anterioara": {"NU": 69, "DA": 14}, "materii": {"LIMBA ROMANA": {"medie": 5.337820512820514, "reusita": 77.10843373493977, "cnt": 83}, "ISTORIE": {"medie": 5.438961038961038, "reusita": 84.33734939759037, "cnt": 83}, "GEOGRAFIE": {"medie": 6.85818181818182, "reusita": 86.58536585365853, "cnt": 82}, "GENERAL": {"medie": 5.880432900432902, "reusita": 42.168674698795186, "cnt": 83}, "FILOSOFIE": {"medie": 8.1, "reusita": 100.0, "cnt": 1}}, "nume": "LICEUL CU PROGRAM SPORTIV ARAD\tArad"}