{"specializari": {"LICEU CU PROGRAM SPORTIV": 65}, "limba_moderna": {"LIMBA ENGLEZA": 62, "LIMBA FRANCEZA": 3}, "limba_materna": {"LIMBA ROMANA": 65}, "promotie_anterioara": {"DA": 24, "NU": 41}, "materii": {"LIMBA ROMANA": {"medie": 5.926612903225808, "reusita": 87.6923076923077, "cnt": 65}, "ISTORIE": {"medie": 6.223846153846154, "reusita": 93.84615384615384, "cnt": 65}, "GEOGRAFIE": {"medie": 7.071311475409835, "reusita": 93.65079365079364, "cnt": 63}, "GENERAL": {"medie": 6.449999999999998, "reusita": 58.46153846153847, "cnt": 65}, "LOGICA, ARGUMENTARE SI COMUNICARE": {"medie": 7.65, "reusita": 100.0, "cnt": 2}}, "nume": "LICEUL CU PROGRAM SPORTIV BACAU\tBac\u0103u"}