{"specializari": {"LICEU CU PROGRAM SPORTIV": 93}, "limba_moderna": {"LIMBA ENGLEZA": 92, "LIMBA FRANCEZA": 1}, "limba_materna": {"LIMBA ROMANA": 93}, "promotie_anterioara": {"DA": 15, "NU": 78}, "materii": {"LIMBA ROMANA": {"medie": 5.505357142857143, "reusita": 69.89247311827957, "cnt": 93}, "ISTORIE": {"medie": 5.764457831325302, "reusita": 78.49462365591397, "cnt": 93}, "GEOGRAFIE": {"medie": 7.096875000000001, "reusita": 80.76923076923077, "cnt": 52}, "GENERAL": {"medie": 6.02798353909465, "reusita": 48.38709677419355, "cnt": 93}, "LOGICA, ARGUMENTARE SI COMUNICARE": {"medie": 6.407142857142856, "reusita": 58.536585365853654, "cnt": 41}}, "nume": "LICEUL CU PROGRAM SPORTIV, MUNICIPIUL PIATRA-NEAMT\tNeam\u021b"}