{"specializari": {"TEHNICIAN IN INSTALATII ELECTRICE": 2632, "STIINTE ALE NATURII": 20368, "STIINTE SOCIALE": 11672, "MATEMATICA-INFORMATICA": 32518, "TEHNICIAN IN ACTIVITATI ECONOMICE": 12219, "FILOLOGIE": 23678, "LICEU CU PROGRAM SPORTIV": 4493, "INVATATOR - EDUCATOARE": 2133, "TEHNICIAN IN AUTOMATIZARI": 1919, "TEHNICIAN MECATRONIST": 2818, "TEHNICIAN TRANSPORTURI": 2460, "TEHNICIAN VETERINAR": 664, "TEHNICIAN MECANIC PENTRU INTRETINERE SI REPARATII": 3332, "TEHNICIAN ECOLOG SI PROTECTIA CALITATII MEDIULUI": 3957, "TEHNICIAN IN ACHIZITII SI CONTRACTARI": 771, "ARTE PLASTICE SI DECORATIVE": 1389, "TEHNICIAN DESENATOR PENTRU CONSTRUCTII SI INSTALATII": 1114, "TEHNICIAN IN GASTRONOMIE": 2749, "TEHNICIAN IN TURISM": 5226, "TEHNICIAN PROIECTANT CAD": 1462, "TEHNICIAN DESIGNER VESTIMENTAR": 1025, "TEHNICIAN OPERATOR TEHNICA DE CALCUL": 3124, "MUZICA": 1229, "TEHNICIAN ELECTROTEHNIST": 1028, "TEHNICIAN IN INDUSTRIA TEXTILA": 911, "TEHNICIAN IN AGROTURISM": 266, "TEHNICIAN IN INDUSTRIA ALIMENTARA": 1095, "TEHNICIAN IN ADMINISTRATIE": 1424, "TEHNICIAN HORTICULTOR": 172, "TEHNICIAN IN SILVICULTURA SI EXPLOATARI FORESTIERE": 882, "TEHNICIAN DESIGNER MOBILA SI AMENAJARI INTERIOARE": 403, "TEHNICIAN IN ACTIVITATI DE COMERT": 2733, "TEHNICIAN ANALIZE PRODUSE ALIMENTARE": 1454, "TEHNICIAN ELECTROMECANIC": 1184, "ARHITECTURA, ARTE AMBIENTALE SI DESIGN": 919, "TEHNICIAN OPERATOR PROCESARE TEXT IMAGINE": 314, "TEOLOGIE ROMANO-CATOLICA": 523, "TEHNICIAN IN CONSTRUCTII SI LUCRARI PUBLICE": 543, "TEHNICIAN IN INDUSTRIA PIELARIEI": 88, "TEHNICIAN DE TELECOMUNICATII": 998, "TEHNICIAN ELECTRICIAN/ELECTRONIST AUTO": 828, "TEHNICIAN HIDRO-METEOROLOG": 120, "ARTA ACTORULUI": 223, "TEHNICIAN IN HOTELARIE": 570, "TEOLOGIE GRECO-CATOLICA": 145, "TEHNICIAN ELECTRONIST": 390, "TEHNICIAN INSTALATOR PENTRU CONSTRUCTII": 317, "ORGANIZATOR BANQUETING": 1112, "TEOLOGIE ORTODOXA": 1005, "TEHNICIAN IN PRELUCRAREA LEMNULUI": 432, "COREGRAFIE": 89, "TEOLOGIE REFORMATA": 233, "TEHNICIAN IN ACTIVITATI DE POSTA": 144, "TEHNICIAN AGRONOM": 235, "TEHNICIAN ENERGETICIAN": 107, "TEHNICIAN IN AGRICULTURA": 557, "COAFOR STILIST": 918, "TEHNICIAN PRELUCRARI MECANICE": 293, "CONSERVARE - RESTAURARE": 24, "TEHNICIAN AGROMONTAN": 166, "TEHNICIAN IN AGRICULTURA ECOLOGICA": 139, "TEHNICIAN CHIMIST DE LABORATOR": 518, "TEHNICIAN IN CHIMIE INDUSTRIALA": 169, "MUZICA BISERICEASCA": 21, "TEHNICIAN PENTRU ANIMALE DE COMPANIE": 43, "TEHNICIAN OPERATORI ROBOTI INDUSTRIALI": 26, "TEHNICIAN PROIECTANT PRODUSE FINITE DIN LEMN": 144, "TEHNICIAN ZOOTEHNIST": 68, "INSTRUCTOR PENTRU ACTIVITATI EXTRASCOLARE": 11, "TEOLOGIE BAPTISTA": 199, "TEOLOGIE PENTICOSTALA": 186, "TEHNICIAN VETERINAR PENTRU ANIMALE DE COMPANIE": 13, "TEHNICIAN PRELUCRARI LA CALD": 89, "TEHNICIAN PRELUCRARI PE MASINI CU COMANDA NUMERICA": 41, "PATRIMONIU CULTURAL": 169, "TEHNICIAN IN INDUSTRIA MATERIALELOR DE CONSTRUCTII": 43, "TEHNICIAN IN IND. ALIM. FERMENTATIVA SI IN PREL. LEGUMELOR SI FRUCTELOR": 42, "TEHNICIAN IN MORARIT, PANIFICATIE SI PRODUSE FAINOASE": 129, "TEHNICIAN METROLOG": 120, "TEHNICIAN IN PRELUCRAREA PRODUSELOR DE ORIGINE ANIMALA": 108, "TEHNICIAN MULTIMEDIA": 13, "TEHNICIAN IN INDUSTRIA STICLEI SI CERAMICII": 34, "TEHNICIAN OPERATOR TELEMATICA": 61, "GHID TURISM RELIGIOS": 18, "BIBLIOTECAR DOCUMENTARIST": 1, "TEHNICIAN POLIGRAF": 91, "TEHNICIAN PENTRU TEHNICI ARTISTICE - PATRIMONIU": 16, "TEOLOGIE UNITARIANA": 53, "TEOLOGIE ADVENTISTA": 133, "TEOLOGIE MUSULMANA": 12, "TEHNICIAN CONSTRUCTII NAVALE": 1, "INSTRUCTOR ANIMATOR": 1, "TEHNICIAN AVIATIE": 24, "TEHNICIAN INSTALATII DE BORD (AVION)": 29, "TEHNICIAN PRODUCTIE FILM SI TELEVIZIUNE": 57}, "limba_moderna": {"LIMBA ENGLEZA": 147508, "LIMBA FRANCEZA": 17938, "LIMBA SPANIOLA": 915, "LIMBA RUSA": 146, "LIMBA GERMANA MODERNA": 1638, "LIMBA ITALIANA": 430, "LIMBA TURCA MODERNA": 1, "LIMBA PORTUGHEZA": 30, "LIMBA EBRAICA": 2, "LIMBA JAPONEZA": 11}, "limba_materna": {"LIMBA ROMANA": 160196, "LIMBA UCRAINEANA": 67, "LIMBA GERMANA": 882, "LIMBA MAGHIARA": 7342, "LIMBA SARBA": 27, "LIMBA TURCA": 12, "LIMBA CROATA": 14, "LIMBA SLOVACA": 50, "LIMBA ITALIANA": 29}, "promotie_anterioara": {"NU": 143758, "DA": 24861}, "materii": {"LIMBA ROMANA": {"medie": 6.821673433482259, "reusita": 85.66116511187944, "cnt": 168619}, "MATEMATICA TEHN": {"medie": 5.65463752147001, "reusita": 63.46769510252096, "cnt": 67157}, "BIOLOGIE VEGETALA SI ANIMALA": {"medie": 5.358313110302188, "reusita": 54.306332688385716, "cnt": 38246}, "GENERAL": {"medie": 6.880097116296172, "reusita": 64.20747365362148, "cnt": 168619}, "MATEMATICA ST-NAT": {"medie": 6.8387313658340245, "reusita": 80.97014925373134, "cnt": 20368}, "CHIMIE ORGANICA TEO NIVEL I/II": {"medie": 8.23782942022042, "reusita": 97.2972972972973, "cnt": 4181}, "INFORMATICA SN C/C++": {"medie": 8.050370370370366, "reusita": 91.85185185185185, "cnt": 135}, "ISTORIE": {"medie": 7.022587936952126, "reusita": 94.09155505792171, "cnt": 46442}, "LOGICA, ARGUMENTARE SI COMUNICARE": {"medie": 8.47243637461004, "reusita": 96.13006183921803, "cnt": 10026}, "MATEMATICA MATE-INFO": {"medie": 7.733667051086157, "reusita": 89.85823672314646, "cnt": 32519}, "INFORMATICA MI C/C++": {"medie": 8.231568007981377, "reusita": 97.4954387128877, "cnt": 6029}, "GEOGRAFIE": {"medie": 7.364823879868907, "reusita": 90.25943155964549, "cnt": 58898}, "ANATOMIE SI FIZIOLOGIE UMANA, GENETICA SI ECOLOGIE UMANA": {"medie": 7.481997008487505, "reusita": 87.22922510222702, "cnt": 29591}, "FIZICA TEO": {"medie": 8.534572037180473, "reusita": 97.10088906068806, "cnt": 5174}, "MATEMATICA PED": {"medie": 7.376655660377359, "reusita": 90.15471167369901, "cnt": 2133}, "FIZICA TEH": {"medie": 4.602273443656439, "reusita": 42.0063694267516, "cnt": 3140}, "SOCIOLOGIE": {"medie": 7.862086625695052, "reusita": 94.60713250217454, "cnt": 3449}, "LIMBA UCRAINEANA": {"medie": 6.844067796610171, "reusita": 76.11940298507463, "cnt": 67}, "CHIMIE ANORGANICA TEO NIVEL I/II": {"medie": 7.340074274139101, "reusita": 93.97590361445783, "cnt": 1494}, "LIMBA GERMANA": {"medie": 7.691742596810935, "reusita": 95.91836734693877, "cnt": 882}, "PSIHOLOGIE": {"medie": 6.636086956521744, "reusita": 81.68456755228944, "cnt": 1769}, "ECONOMIE": {"medie": 7.814189643577657, "reusita": 89.85411140583554, "cnt": 1508}, "LIMBA MAGHIARA (REAL)": {"medie": 7.373827138217262, "reusita": 93.19692200069954, "cnt": 5718}, "LIMBA SARBA": {"medie": 7.175925925925926, "reusita": 96.29629629629629, "cnt": 27}, "CHIMIE ANORGANICA TEH NIVEL I/II": {"medie": 5.243722168441427, "reusita": 59.592379264510406, "cnt": 2257}, "INFORMATICA MI PASCAL": {"medie": 8.00141903171953, "reusita": 96.18257261410788, "cnt": 1205}, "CHIMIE ORGANICA TEH NIVEL I/II": {"medie": 5.520256024096387, "reusita": 62.447257383966246, "cnt": 711}, "LIMBA MAGHIARA (UMAN)": {"medie": 7.354365325077395, "reusita": 96.92118226600985, "cnt": 1624}, "FILOSOFIE": {"medie": 7.180784061696666, "reusita": 91.02402022756006, "cnt": 791}, "INFORMATICA SN PASCAL": {"medie": 7.9, "reusita": 93.33333333333333, "cnt": 15}, "LIMBA TURCA": {"medie": 4.69, "reusita": 50.0, "cnt": 12}, "LIMBA CROATA": {"medie": 8.90357142857143, "reusita": 100.0, "cnt": 14}, "LIMBA SLOVACA": {"medie": 7.977659574468085, "reusita": 92.0, "cnt": 50}, "LIMBA ITALIANA": {"medie": 6.889285714285715, "reusita": 96.55172413793103, "cnt": 29}}, "nume": "Rom\u00e2nia"}