{"specializari": {"MATEMATICA-INFORMATICA": 456, "FILOLOGIE": 341, "STIINTE ALE NATURII": 310, "MUZICA": 31, "STIINTE SOCIALE": 125, "ARHITECTURA, ARTE AMBIENTALE SI DESIGN": 13, "TEHNICIAN IN ACTIVITATI ECONOMICE": 184, "INVATATOR - EDUCATOARE": 63, "ARTE PLASTICE SI DECORATIVE": 20, "TEOLOGIE ORTODOXA": 19, "TEHNICIAN IN TURISM": 33, "TEHNICIAN IN ACTIVITATI DE COMERT": 34, "TEHNICIAN IN GASTRONOMIE": 32, "LICEU CU PROGRAM SPORTIV": 91, "TEHNICIAN IN ACHIZITII SI CONTRACTARI": 23, "COAFOR STILIST": 15, "TEOLOGIE ROMANO-CATOLICA": 15, "EDUCATOR-PUERICULTOR": 9, "TEHNICIAN ECOLOG SI PROTECTIA CALITATII MEDIULUI": 35, "TEHNICIAN IN INDUSTRIA STICLEI SI CERAMICII": 15, "TEHNICIAN CHIMIST DE LABORATOR": 23, "TEHNICIAN OPERATOR TEHNICA DE CALCUL": 49, "TEOLOGIE GRECO-CATOLICA": 24, "TEHNICIAN HORTICULTOR": 40, "TEHNICIAN DESIGNER VESTIMENTAR": 39, "TEHNICIAN MECATRONIST": 21, "TEHNICIAN ELECTROMECANIC": 4, "TEHNICIAN PRELUCRARI MECANICE": 8, "TEHNICIAN IN INDUSTRIA TEXTILA": 7, "TEHNICIAN MECANIC PENTRU INTRETINERE SI REPARATII": 39, "TEHNICIAN PROIECTANT CAD": 28, "TEHNICIAN DESENATOR PENTRU CONSTRUCTII SI INSTALATII": 9, "TEHNICIAN IN ADMINISTRATIE": 19, "TEHNICIAN IN AUTOMATIZARI": 6, "TEHNICIAN IN SILVICULTURA SI EXPLOATARI FORESTIERE": 7, "TEHNICIAN IN INDUSTRIA ALIMENTARA": 4, "TEHNICIAN VETERINAR": 5, "TEHNICIAN IN INSTALATII ELECTRICE": 12, "TEHNICIAN DE TELECOMUNICATII": 11, "TEHNICIAN ELECTROTEHNIST": 2, "TEHNICIAN IN MORARIT, PANIFICATIE SI PRODUSE FAINOASE": 1, "TEHNICIAN IN INDUSTRIA PIELARIEI": 9, "TEHNICIAN TRANSPORTURI": 4, "ORGANIZATOR BANQUETING": 1, "TEHNICIAN IN CONSTRUCTII SI LUCRARI PUBLICE": 1, "TEHNICIAN IN AGROTURISM": 1, "TEHNICIAN IN AGRICULTURA": 1, "TEHNICIAN IN PRELUCRAREA LEMNULUI": 3, "TEHNICIAN ANALIZE PRODUSE ALIMENTARE": 3}, "limba_moderna": {"LIMBA ENGLEZA": 2134, "LIMBA FRANCEZA": 94, "LIMBA GERMANA MODERNA": 17}, "limba_materna": {"LIMBA ROMANA": 2160, "LIMBA GERMANA": 14, "LIMBA MAGHIARA": 71}, "promotie_anterioara": {"NU": 1998, "DA": 247}, "materii": {"LIMBA ROMANA": {"medie": 7.297136363636365, "reusita": 92.60579064587974, "cnt": 2245}, "MATEMATICA MATE-INFO": {"medie": 8.540000000000006, "reusita": 98.02631578947368, "cnt": 456}, "INFORMATICA MI C/C++": {"medie": 8.523684210526323, "reusita": 99.56140350877193, "cnt": 228}, "GENERAL": {"medie": 7.549055658341045, "reusita": 77.99554565701558, "cnt": 2245}, "ISTORIE": {"medie": 7.398308823529419, "reusita": 94.76744186046511, "cnt": 688}, "LOGICA, ARGUMENTARE SI COMUNICARE": {"medie": 8.425, "reusita": 94.80812641083521, "cnt": 443}, "GEOGRAFIE": {"medie": 8.049648506151149, "reusita": 95.54794520547945, "cnt": 584}, "FIZICA TEO": {"medie": 9.302380952380952, "reusita": 100.0, "cnt": 84}, "CHIMIE ORGANICA TEO NIVEL I/II": {"medie": 9.28709677419355, "reusita": 100.0, "cnt": 31}, "MATEMATICA ST-NAT": {"medie": 7.857467532467532, "reusita": 94.19354838709677, "cnt": 310}, "PSIHOLOGIE": {"medie": 8.085, "reusita": 100.0, "cnt": 20}, "SOCIOLOGIE": {"medie": 7.403846153846154, "reusita": 97.43589743589743, "cnt": 39}, "ANATOMIE SI FIZIOLOGIE UMANA, GENETICA SI ECOLOGIE UMANA": {"medie": 7.967215568862269, "reusita": 94.67455621301775, "cnt": 338}, "CHIMIE ANORGANICA TEO NIVEL I/II": {"medie": 7.520833333333335, "reusita": 100.0, "cnt": 12}, "BIOLOGIE VEGETALA SI ANIMALA": {"medie": 6.308222811671083, "reusita": 63.507109004739334, "cnt": 422}, "MATEMATICA PED": {"medie": 7.216666666666668, "reusita": 87.3015873015873, "cnt": 63}, "INFORMATICA SN C/C++": {"medie": 7.235714285714286, "reusita": 100.0, "cnt": 7}, "FILOSOFIE": {"medie": 10.0, "reusita": 100.0, "cnt": 2}, "LIMBA GERMANA": {"medie": 7.2285714285714295, "reusita": 100.0, "cnt": 14}, "ECONOMIE": {"medie": 5.575, "reusita": 100.0, "cnt": 4}, "MATEMATICA TEHN": {"medie": 6.412647058823532, "reusita": 78.57142857142857, "cnt": 728}, "FIZICA TEH": {"medie": 4.656666666666667, "reusita": 44.44444444444444, "cnt": 18}, "LIMBA MAGHIARA (REAL)": {"medie": 8.171111111111111, "reusita": 100.0, "cnt": 45}, "CHIMIE ORGANICA TEH NIVEL I/II": {"medie": "-", "reusita": 0.0, "cnt": 1}, "CHIMIE ANORGANICA TEH NIVEL I/II": {"medie": 4.308333333333333, "reusita": 33.33333333333333, "cnt": 12}, "LIMBA MAGHIARA (UMAN)": {"medie": 8.13846153846154, "reusita": 100.0, "cnt": 26}}, "nume": "Alba"}