{"specializari": {"MATEMATICA-INFORMATICA": 456, "STIINTE ALE NATURII": 310, "FILOLOGIE": 341, "MUZICA": 31, "STIINTE SOCIALE": 125, "ARHITECTURA, ARTE AMBIENTALE SI DESIGN": 13, "TEHNICIAN IN ACTIVITATI ECONOMICE": 184, "INVATATOR - EDUCATOARE": 63, "ARTE PLASTICE SI DECORATIVE": 20, "TEOLOGIE ORTODOXA": 19, "TEHNICIAN IN TURISM": 33, "TEHNICIAN IN ACTIVITATI DE COMERT": 34, "TEHNICIAN IN GASTRONOMIE": 32, "LICEU CU PROGRAM SPORTIV": 91, "TEHNICIAN IN ACHIZITII SI CONTRACTARI": 23, "COAFOR STILIST": 15, "TEOLOGIE ROMANO-CATOLICA": 15, "EDUCATOR-PUERICULTOR": 9, "TEHNICIAN ECOLOG SI PROTECTIA CALITATII MEDIULUI": 35, "TEHNICIAN IN INDUSTRIA STICLEI SI CERAMICII": 15, "TEHNICIAN CHIMIST DE LABORATOR": 23, "TEHNICIAN OPERATOR TEHNICA DE CALCUL": 49, "TEOLOGIE GRECO-CATOLICA": 24, "TEHNICIAN HORTICULTOR": 40, "TEHNICIAN DESIGNER VESTIMENTAR": 39, "TEHNICIAN MECATRONIST": 21, "TEHNICIAN ELECTROMECANIC": 4, "TEHNICIAN PRELUCRARI MECANICE": 8, "TEHNICIAN IN INDUSTRIA TEXTILA": 7, "TEHNICIAN MECANIC PENTRU INTRETINERE SI REPARATII": 39, "TEHNICIAN PROIECTANT CAD": 28, "TEHNICIAN DESENATOR PENTRU CONSTRUCTII SI INSTALATII": 9, "TEHNICIAN IN ADMINISTRATIE": 19, "TEHNICIAN IN AUTOMATIZARI": 6, "TEHNICIAN IN SILVICULTURA SI EXPLOATARI FORESTIERE": 7, "TEHNICIAN IN INDUSTRIA ALIMENTARA": 4, "TEHNICIAN VETERINAR": 5, "TEHNICIAN IN INSTALATII ELECTRICE": 12, "TEHNICIAN DE TELECOMUNICATII": 11, "TEHNICIAN IN MORARIT, PANIFICATIE SI PRODUSE FAINOASE": 1, "TEHNICIAN IN INDUSTRIA PIELARIEI": 9, "TEHNICIAN ELECTROTEHNIST": 2, "TEHNICIAN TRANSPORTURI": 4, "ORGANIZATOR BANQUETING": 1, "TEHNICIAN IN AGROTURISM": 1, "TEHNICIAN IN CONSTRUCTII SI LUCRARI PUBLICE": 1, "TEHNICIAN IN AGRICULTURA": 1, "TEHNICIAN IN PRELUCRAREA LEMNULUI": 3, "TEHNICIAN ANALIZE PRODUSE ALIMENTARE": 3}, "limba_moderna": {"LIMBA ENGLEZA": 2134, "LIMBA FRANCEZA": 94, "LIMBA GERMANA MODERNA": 17}, "limba_materna": {"LIMBA ROMANA": 2160, "LIMBA GERMANA": 14, "LIMBA MAGHIARA": 71}, "promotie_anterioara": {"NU": 1998, "DA": 247}, "materii": {"LIMBA ROMANA": {"medie": 7.207250000000006, "reusita": 90.77951002227171, "cnt": 2245}, "MATEMATICA MATE-INFO": {"medie": 8.542637362637366, "reusita": 98.24561403508771, "cnt": 456}, "INFORMATICA MI C/C++": {"medie": 8.492543859649127, "reusita": 99.56140350877193, "cnt": 228}, "GENERAL": {"medie": 7.5123419673142156, "reusita": 76.30289532293986, "cnt": 2245}, "ISTORIE": {"medie": 7.350441176470598, "reusita": 93.8953488372093, "cnt": 688}, "LOGICA, ARGUMENTARE SI COMUNICARE": {"medie": 8.436704545454544, "reusita": 95.25959367945825, "cnt": 443}, "CHIMIE ORGANICA TEO NIVEL I/II": {"medie": 9.306451612903228, "reusita": 100.0, "cnt": 31}, "MATEMATICA ST-NAT": {"medie": 7.857142857142854, "reusita": 94.19354838709677, "cnt": 310}, "FIZICA TEO": {"medie": 9.29761904761905, "reusita": 100.0, "cnt": 84}, "GEOGRAFIE": {"medie": 8.053778558875223, "reusita": 95.71917808219177, "cnt": 584}, "PSIHOLOGIE": {"medie": 8.0225, "reusita": 100.0, "cnt": 20}, "ANATOMIE SI FIZIOLOGIE UMANA, GENETICA SI ECOLOGIE UMANA": {"medie": 7.967365269461074, "reusita": 94.37869822485207, "cnt": 338}, "CHIMIE ANORGANICA TEO NIVEL I/II": {"medie": 7.520833333333335, "reusita": 100.0, "cnt": 12}, "BIOLOGIE VEGETALA SI ANIMALA": {"medie": 6.274535809018569, "reusita": 62.796208530805686, "cnt": 422}, "SOCIOLOGIE": {"medie": 7.324358974358972, "reusita": 100.0, "cnt": 39}, "INFORMATICA SN C/C++": {"medie": 7.142857142857143, "reusita": 100.0, "cnt": 7}, "MATEMATICA PED": {"medie": 7.251587301587302, "reusita": 87.3015873015873, "cnt": 63}, "FILOSOFIE": {"medie": 10.0, "reusita": 100.0, "cnt": 2}, "LIMBA GERMANA": {"medie": 7.2285714285714295, "reusita": 100.0, "cnt": 14}, "MATEMATICA TEHN": {"medie": 6.418014705882356, "reusita": 78.02197802197803, "cnt": 728}, "FIZICA TEH": {"medie": 4.636666666666668, "reusita": 44.44444444444444, "cnt": 18}, "LIMBA MAGHIARA (REAL)": {"medie": 8.176666666666668, "reusita": 100.0, "cnt": 45}, "ECONOMIE": {"medie": 5.575, "reusita": 100.0, "cnt": 4}, "CHIMIE ANORGANICA TEH NIVEL I/II": {"medie": 4.3, "reusita": 33.33333333333333, "cnt": 12}, "LIMBA MAGHIARA (UMAN)": {"medie": 8.080769230769233, "reusita": 100.0, "cnt": 26}, "CHIMIE ORGANICA TEH NIVEL I/II": {"medie": "-", "reusita": 0.0, "cnt": 1}}, "nume": "Alba"}