{"specializari": {"FILOLOGIE": 562, "STIINTE ALE NATURII": 353, "MATEMATICA-INFORMATICA": 464, "TEOLOGIE BAPTISTA": 29, "INVATATOR - EDUCATOARE": 50, "MUZICA": 34, "STIINTE SOCIALE": 48, "ARTE PLASTICE SI DECORATIVE": 34, "TEHNICIAN IN ACTIVITATI ECONOMICE": 288, "LICEU CU PROGRAM SPORTIV": 78, "TEOLOGIE ORTODOXA": 28, "TEHNICIAN ECOLOG SI PROTECTIA CALITATII MEDIULUI": 69, "ARHITECTURA, ARTE AMBIENTALE SI DESIGN": 33, "TEHNICIAN IN TURISM": 88, "TEHNICIAN OPERATOR TEHNICA DE CALCUL": 26, "ARTA ACTORULUI": 32, "TEOLOGIE PENTICOSTALA": 27, "TEHNICIAN VETERINAR": 30, "TEHNICIAN IN ACHIZITII SI CONTRACTARI": 28, "TEHNICIAN PROIECTANT CAD": 20, "TEHNICIAN DESENATOR PENTRU CONSTRUCTII SI INSTALATII": 20, "COAFOR STILIST": 31, "TEHNICIAN MECATRONIST": 58, "TEHNICIAN IN ADMINISTRATIE": 35, "TEHNICIAN IN PRELUCRAREA PRODUSELOR DE ORIGINE ANIMALA": 17, "TEHNICIAN IN INDUSTRIA ALIMENTARA": 21, "TEHNICIAN IN AUTOMATIZARI": 23, "TEHNICIAN ANALIZE PRODUSE ALIMENTARE": 24, "TEHNICIAN ELECTROTEHNIST": 8, "TEHNICIAN TRANSPORTURI": 9, "TEHNICIAN ELECTROMECANIC": 4, "TEHNICIAN HIDRO-METEOROLOG": 2, "TEHNICIAN IN GASTRONOMIE": 8, "TEHNICIAN IN ACTIVITATI DE COMERT": 7, "TEHNICIAN DESIGNER VESTIMENTAR": 4, "TEHNICIAN MECANIC PENTRU INTRETINERE SI REPARATII": 24, "TEHNICIAN IN INSTALATII ELECTRICE": 15, "TEHNICIAN ELECTRICIAN/ELECTRONIST AUTO": 13, "TEHNICIAN IN AGRICULTURA ECOLOGICA": 5, "TEHNICIAN ZOOTEHNIST": 5, "TEHNICIAN DESIGNER MOBILA SI AMENAJARI INTERIOARE": 39, "TEHNICIAN IN INDUSTRIA TEXTILA": 5, "TEHNICIAN DE TELECOMUNICATII": 8, "TEHNICIAN PRELUCRARI MECANICE": 3, "TEHNICIAN IN SILVICULTURA SI EXPLOATARI FORESTIERE": 9, "TEHNICIAN IN PRELUCRAREA LEMNULUI": 12, "TEHNICIAN IN CONSTRUCTII SI LUCRARI PUBLICE": 5, "TEHNICIAN ELECTRONIST": 1, "TEHNICIAN IN AGRICULTURA": 34}, "limba_moderna": {"LIMBA ENGLEZA": 2723, "LIMBA SPANIOLA": 2, "LIMBA FRANCEZA": 34, "LIMBA GERMANA MODERNA": 9, "LIMBA RUSA": 2}, "limba_materna": {"LIMBA ROMANA": 2671, "LIMBA GERMANA": 38, "LIMBA SLOVACA": 12, "LIMBA MAGHIARA": 49}, "promotie_anterioara": {"NU": 2314, "DA": 456}, "materii": {"LIMBA ROMANA": {"medie": 6.75550149700599, "reusita": 87.32851985559566, "cnt": 2770}, "MATEMATICA MATE-INFO": {"medie": 7.117647058823528, "reusita": 89.4396551724138, "cnt": 464}, "INFORMATICA MI C/C++": {"medie": 7.9575539568345315, "reusita": 97.12230215827337, "cnt": 139}, "GENERAL": {"medie": 6.868558653846149, "reusita": 66.67870036101084, "cnt": 2770}, "ISTORIE": {"medie": 7.10298087739033, "reusita": 91.60220994475138, "cnt": 905}, "LOGICA, ARGUMENTARE SI COMUNICARE": {"medie": 8.460928961748635, "reusita": 93.51351351351352, "cnt": 185}, "GEOGRAFIE": {"medie": 7.4590508806262354, "reusita": 92.92543021032505, "cnt": 1046}, "FIZICA TEO": {"medie": 8.613750000000003, "reusita": 100.0, "cnt": 80}, "CHIMIE ORGANICA TEO NIVEL I/II": {"medie": 9.014062500000001, "reusita": 100.0, "cnt": 64}, "MATEMATICA ST-NAT": {"medie": 7.2211428571428575, "reusita": 86.96883852691218, "cnt": 353}, "PSIHOLOGIE": {"medie": 7.614864864864863, "reusita": 99.09909909909909, "cnt": 111}, "SOCIOLOGIE": {"medie": 7.545555555555557, "reusita": 96.7032967032967, "cnt": 91}, "ANATOMIE SI FIZIOLOGIE UMANA, GENETICA SI ECOLOGIE UMANA": {"medie": 7.098024054982815, "reusita": 89.07563025210085, "cnt": 595}, "CHIMIE ANORGANICA TEO NIVEL I/II": {"medie": 8.376190476190478, "reusita": 100.0, "cnt": 21}, "BIOLOGIE VEGETALA SI ANIMALA": {"medie": 4.637889610389612, "reusita": 35.128205128205124, "cnt": 390}, "MATEMATICA PED": {"medie": 8.966999999999999, "reusita": 100.0, "cnt": 50}, "INFORMATICA SN C/C++": {"medie": 8.668750000000001, "reusita": 100.0, "cnt": 8}, "FILOSOFIE": {"medie": 9.4, "reusita": 100.0, "cnt": 4}, "LIMBA GERMANA": {"medie": 7.1000000000000005, "reusita": 92.10526315789474, "cnt": 38}, "ECONOMIE": {"medie": 6.666666666666667, "reusita": 100.0, "cnt": 3}, "MATEMATICA TEHN": {"medie": 5.221091113610785, "reusita": 60.82164328657315, "cnt": 998}, "FIZICA TEH": {"medie": 6.056666666666667, "reusita": 57.89473684210527, "cnt": 19}, "LIMBA MAGHIARA (REAL)": {"medie": 7.598958333333333, "reusita": 100.0, "cnt": 48}, "CHIMIE ORGANICA TEH NIVEL I/II": {"medie": 4.575, "reusita": 75.0, "cnt": 4}, "CHIMIE ANORGANICA TEH NIVEL I/II": {"medie": 5.095000000000001, "reusita": 60.0, "cnt": 10}, "LIMBA MAGHIARA (UMAN)": {"medie": 5.5, "reusita": 100.0, "cnt": 1}, "LIMBA SLOVACA": {"medie": 8.495833333333334, "reusita": 100.0, "cnt": 12}}, "nume": "Arad"}