{"specializari": {"STIINTE ALE NATURII": 353, "FILOLOGIE": 562, "MATEMATICA-INFORMATICA": 464, "TEOLOGIE BAPTISTA": 29, "INVATATOR - EDUCATOARE": 50, "MUZICA": 34, "ARTE PLASTICE SI DECORATIVE": 34, "STIINTE SOCIALE": 48, "LICEU CU PROGRAM SPORTIV": 78, "TEHNICIAN IN ACTIVITATI ECONOMICE": 288, "TEOLOGIE ORTODOXA": 28, "TEHNICIAN ECOLOG SI PROTECTIA CALITATII MEDIULUI": 69, "ARHITECTURA, ARTE AMBIENTALE SI DESIGN": 33, "TEHNICIAN IN TURISM": 88, "TEHNICIAN OPERATOR TEHNICA DE CALCUL": 26, "ARTA ACTORULUI": 32, "TEOLOGIE PENTICOSTALA": 27, "TEHNICIAN VETERINAR": 30, "TEHNICIAN PROIECTANT CAD": 20, "TEHNICIAN IN ACHIZITII SI CONTRACTARI": 28, "TEHNICIAN DESENATOR PENTRU CONSTRUCTII SI INSTALATII": 20, "COAFOR STILIST": 31, "TEHNICIAN MECATRONIST": 58, "TEHNICIAN IN ADMINISTRATIE": 35, "TEHNICIAN IN PRELUCRAREA PRODUSELOR DE ORIGINE ANIMALA": 17, "TEHNICIAN IN INDUSTRIA ALIMENTARA": 21, "TEHNICIAN IN AUTOMATIZARI": 23, "TEHNICIAN ANALIZE PRODUSE ALIMENTARE": 24, "TEHNICIAN ELECTROTEHNIST": 8, "TEHNICIAN TRANSPORTURI": 9, "TEHNICIAN ELECTROMECANIC": 4, "TEHNICIAN HIDRO-METEOROLOG": 2, "TEHNICIAN IN GASTRONOMIE": 8, "TEHNICIAN IN ACTIVITATI DE COMERT": 7, "TEHNICIAN DESIGNER VESTIMENTAR": 4, "TEHNICIAN MECANIC PENTRU INTRETINERE SI REPARATII": 24, "TEHNICIAN IN INSTALATII ELECTRICE": 15, "TEHNICIAN ZOOTEHNIST": 5, "TEHNICIAN IN AGRICULTURA ECOLOGICA": 5, "TEHNICIAN ELECTRICIAN/ELECTRONIST AUTO": 13, "TEHNICIAN DESIGNER MOBILA SI AMENAJARI INTERIOARE": 39, "TEHNICIAN IN INDUSTRIA TEXTILA": 5, "TEHNICIAN DE TELECOMUNICATII": 8, "TEHNICIAN PRELUCRARI MECANICE": 3, "TEHNICIAN IN SILVICULTURA SI EXPLOATARI FORESTIERE": 9, "TEHNICIAN IN PRELUCRAREA LEMNULUI": 12, "TEHNICIAN IN CONSTRUCTII SI LUCRARI PUBLICE": 5, "TEHNICIAN ELECTRONIST": 1, "TEHNICIAN IN AGRICULTURA": 34}, "limba_moderna": {"LIMBA ENGLEZA": 2723, "LIMBA SPANIOLA": 2, "LIMBA FRANCEZA": 34, "LIMBA GERMANA MODERNA": 9, "LIMBA RUSA": 2}, "limba_materna": {"LIMBA ROMANA": 2671, "LIMBA GERMANA": 38, "LIMBA MAGHIARA": 49, "LIMBA SLOVACA": 12}, "promotie_anterioara": {"NU": 2314, "DA": 456}, "materii": {"LIMBA ROMANA": {"medie": 6.68270958083832, "reusita": 86.42599277978339, "cnt": 2770}, "MATEMATICA MATE-INFO": {"medie": 7.059368191721136, "reusita": 87.28448275862068, "cnt": 464}, "INFORMATICA MI C/C++": {"medie": 7.965467625899278, "reusita": 97.12230215827337, "cnt": 139}, "GENERAL": {"medie": 6.828899999999993, "reusita": 64.22382671480145, "cnt": 2770}, "ISTORIE": {"medie": 7.04645669291339, "reusita": 90.93922651933701, "cnt": 905}, "LOGICA, ARGUMENTARE SI COMUNICARE": {"medie": 8.442076502732242, "reusita": 93.51351351351352, "cnt": 185}, "CHIMIE ORGANICA TEO NIVEL I/II": {"medie": 9.017187500000004, "reusita": 100.0, "cnt": 64}, "MATEMATICA ST-NAT": {"medie": 7.219142857142858, "reusita": 86.68555240793201, "cnt": 353}, "FIZICA TEO": {"medie": 8.61625, "reusita": 100.0, "cnt": 80}, "GEOGRAFIE": {"medie": 7.465410958904118, "reusita": 92.92543021032505, "cnt": 1046}, "PSIHOLOGIE": {"medie": 7.570270270270266, "reusita": 99.09909909909909, "cnt": 111}, "ANATOMIE SI FIZIOLOGIE UMANA, GENETICA SI ECOLOGIE UMANA": {"medie": 7.101460481099655, "reusita": 89.07563025210085, "cnt": 595}, "CHIMIE ANORGANICA TEO NIVEL I/II": {"medie": 8.376190476190478, "reusita": 100.0, "cnt": 21}, "BIOLOGIE VEGETALA SI ANIMALA": {"medie": 4.580259740259741, "reusita": 34.35897435897436, "cnt": 390}, "SOCIOLOGIE": {"medie": 7.561666666666667, "reusita": 97.8021978021978, "cnt": 91}, "INFORMATICA SN C/C++": {"medie": 8.668750000000001, "reusita": 100.0, "cnt": 8}, "MATEMATICA PED": {"medie": 8.953999999999999, "reusita": 100.0, "cnt": 50}, "FILOSOFIE": {"medie": 9.3, "reusita": 100.0, "cnt": 4}, "LIMBA GERMANA": {"medie": 6.943421052631578, "reusita": 86.8421052631579, "cnt": 38}, "MATEMATICA TEHN": {"medie": 5.200731158605162, "reusita": 59.519038076152306, "cnt": 998}, "FIZICA TEH": {"medie": 6.013333333333333, "reusita": 52.63157894736842, "cnt": 19}, "LIMBA MAGHIARA (REAL)": {"medie": 7.582291666666667, "reusita": 100.0, "cnt": 48}, "ECONOMIE": {"medie": 6.666666666666667, "reusita": 100.0, "cnt": 3}, "CHIMIE ANORGANICA TEH NIVEL I/II": {"medie": 5.0200000000000005, "reusita": 60.0, "cnt": 10}, "LIMBA MAGHIARA (UMAN)": {"medie": 5.5, "reusita": 100.0, "cnt": 1}, "CHIMIE ORGANICA TEH NIVEL I/II": {"medie": 4.575, "reusita": 75.0, "cnt": 4}, "LIMBA SLOVACA": {"medie": 8.370833333333334, "reusita": 100.0, "cnt": 12}}, "nume": "Arad"}