{"specializari": {"FILOLOGIE": 596, "MATEMATICA-INFORMATICA": 834, "STIINTE SOCIALE": 389, "STIINTE ALE NATURII": 519, "INVATATOR - EDUCATOARE": 58, "LICEU CU PROGRAM SPORTIV": 258, "ARHITECTURA, ARTE AMBIENTALE SI DESIGN": 33, "TEOLOGIE ORTODOXA": 44, "TEHNICIAN IN ACTIVITATI ECONOMICE": 171, "ARTE PLASTICE SI DECORATIVE": 34, "MUZICA": 29, "TEHNICIAN CHIMIST DE LABORATOR": 58, "TEHNICIAN IN TURISM": 72, "ARTA ACTORULUI": 30, "TEHNICIAN ELECTRICIAN/ELECTRONIST AUTO": 34, "TEHNICIAN IN ACTIVITATI DE COMERT": 115, "TEHNICIAN ECOLOG SI PROTECTIA CALITATII MEDIULUI": 126, "TEHNICIAN OPERATOR TEHNICA DE CALCUL": 64, "TEHNICIAN PROIECTANT CAD": 32, "TEHNICIAN DESIGNER VESTIMENTAR": 15, "TEHNICIAN IN INSTALATII ELECTRICE": 61, "TEHNICIAN IN GASTRONOMIE": 48, "TEHNICIAN IN AUTOMATIZARI": 73, "TEHNICIAN DESIGNER MOBILA SI AMENAJARI INTERIOARE": 44, "TEHNICIAN MECANIC PENTRU INTRETINERE SI REPARATII": 68, "TEOLOGIE PENTICOSTALA": 20, "TEHNICIAN TRANSPORTURI": 91, "TEHNICIAN ELECTROMECANIC": 45, "TEHNICIAN PRELUCRARI MECANICE": 27, "TEHNICIAN IN SILVICULTURA SI EXPLOATARI FORESTIERE": 6, "TEHNICIAN ELECTROTEHNIST": 37, "PATRIMONIU CULTURAL": 17, "TEHNICIAN HIDRO-METEOROLOG": 26, "TEHNICIAN DESENATOR PENTRU CONSTRUCTII SI INSTALATII": 17, "TEHNICIAN MECATRONIST": 33, "TEHNICIAN IN CONSTRUCTII SI LUCRARI PUBLICE": 9, "TEHNICIAN PROIECTANT PRODUSE FINITE DIN LEMN": 8, "TEHNICIAN ANALIZE PRODUSE ALIMENTARE": 13, "COAFOR STILIST": 1, "TEHNICIAN DE TELECOMUNICATII": 3, "TEHNICIAN PRELUCRARI PE MASINI CU COMANDA NUMERICA": 8, "TEHNICIAN IN IND. ALIM. FERMENTATIVA SI IN PREL. LEGUMELOR SI FRUCTELOR": 2, "TEHNICIAN ELECTRONIST": 1, "TEHNICIAN VETERINAR": 4, "TEHNICIAN OPERATOR PROCESARE TEXT IMAGINE": 2, "TEHNICIAN IN CHIMIE INDUSTRIALA": 1, "TEHNICIAN IN INDUSTRIA ALIMENTARA": 4, "TEHNICIAN IN PRELUCRAREA LEMNULUI": 9, "TEHNICIAN IN ADMINISTRATIE": 1, "TEHNICIAN IN INDUSTRIA TEXTILA": 2, "TEHNICIAN IN AGROTURISM": 1, "TEHNICIAN PRELUCRARI LA CALD": 1}, "limba_moderna": {"LIMBA ENGLEZA": 3797, "LIMBA FRANCEZA": 337, "LIMBA GERMANA MODERNA": 12, "LIMBA ITALIANA": 39, "LIMBA RUSA": 9}, "limba_materna": {"LIMBA ROMANA": 4194}, "promotie_anterioara": {"NU": 3660, "DA": 534}, "materii": {"LIMBA ROMANA": {"medie": 7.003419323436336, "reusita": 91.53552694325226, "cnt": 4194}, "MATEMATICA MATE-INFO": {"medie": 7.8981234866828025, "reusita": 93.16546762589928, "cnt": 834}, "INFORMATICA MI C/C++": {"medie": 8.410694444444443, "reusita": 97.5, "cnt": 360}, "GENERAL": {"medie": 7.299006758984499, "reusita": 75.63185503099666, "cnt": 4194}, "ISTORIE": {"medie": 7.265942536790471, "reusita": 90.75862068965517, "cnt": 1450}, "LOGICA, ARGUMENTARE SI COMUNICARE": {"medie": 8.242793880837349, "reusita": 92.27707006369427, "cnt": 1256}, "GEOGRAFIE": {"medie": 7.774428274428275, "reusita": 94.5010183299389, "cnt": 491}, "FIZICA TEO": {"medie": 8.423000000000004, "reusita": 97.5, "cnt": 200}, "CHIMIE ORGANICA TEO NIVEL I/II": {"medie": 9.35565217391304, "reusita": 100.0, "cnt": 115}, "MATEMATICA ST-NAT": {"medie": 7.500873786407764, "reusita": 89.78805394990366, "cnt": 519}, "PSIHOLOGIE": {"medie": 8.049418604651159, "reusita": 97.70114942528735, "cnt": 87}, "SOCIOLOGIE": {"medie": 7.884027777777779, "reusita": 93.24324324324324, "cnt": 74}, "ANATOMIE SI FIZIOLOGIE UMANA, GENETICA SI ECOLOGIE UMANA": {"medie": 7.8934027777777755, "reusita": 91.23711340206185, "cnt": 582}, "CHIMIE ANORGANICA TEO NIVEL I/II": {"medie": 7.6, "reusita": 100.0, "cnt": 4}, "BIOLOGIE VEGETALA SI ANIMALA": {"medie": 6.076431980906926, "reusita": 68.96551724137932, "cnt": 899}, "MATEMATICA PED": {"medie": 8.507758620689657, "reusita": 98.27586206896551, "cnt": 58}, "INFORMATICA SN C/C++": {"medie": 8.605, "reusita": 100.0, "cnt": 10}, "ECONOMIE": {"medie": 7.987500000000001, "reusita": 100.0, "cnt": 8}, "MATEMATICA TEHN": {"medie": 6.281887550200812, "reusita": 77.11927981995498, "cnt": 1333}, "FIZICA TEH": {"medie": 5.815384615384616, "reusita": 57.30337078651685, "cnt": 89}, "CHIMIE ORGANICA TEH NIVEL I/II": {"medie": 6.14, "reusita": 80.0, "cnt": 5}, "CHIMIE ANORGANICA TEH NIVEL I/II": {"medie": 4.720000000000001, "reusita": 42.857142857142854, "cnt": 14}}, "nume": "Arge\u0219"}