{"specializari": {"FILOLOGIE": 596, "MATEMATICA-INFORMATICA": 834, "STIINTE SOCIALE": 389, "STIINTE ALE NATURII": 519, "INVATATOR - EDUCATOARE": 58, "LICEU CU PROGRAM SPORTIV": 258, "TEOLOGIE ORTODOXA": 44, "TEHNICIAN IN ACTIVITATI ECONOMICE": 171, "ARTE PLASTICE SI DECORATIVE": 34, "ARHITECTURA, ARTE AMBIENTALE SI DESIGN": 33, "MUZICA": 29, "TEHNICIAN CHIMIST DE LABORATOR": 58, "TEHNICIAN IN TURISM": 72, "ARTA ACTORULUI": 30, "TEHNICIAN ELECTRICIAN/ELECTRONIST AUTO": 34, "TEHNICIAN IN ACTIVITATI DE COMERT": 115, "TEHNICIAN ECOLOG SI PROTECTIA CALITATII MEDIULUI": 126, "TEHNICIAN OPERATOR TEHNICA DE CALCUL": 64, "TEHNICIAN PROIECTANT CAD": 32, "TEHNICIAN DESIGNER VESTIMENTAR": 15, "TEHNICIAN IN INSTALATII ELECTRICE": 61, "TEHNICIAN IN GASTRONOMIE": 48, "TEHNICIAN IN AUTOMATIZARI": 73, "TEHNICIAN DESIGNER MOBILA SI AMENAJARI INTERIOARE": 44, "TEHNICIAN MECANIC PENTRU INTRETINERE SI REPARATII": 68, "TEHNICIAN TRANSPORTURI": 91, "TEHNICIAN ELECTROMECANIC": 45, "TEHNICIAN PRELUCRARI MECANICE": 27, "TEOLOGIE PENTICOSTALA": 20, "TEHNICIAN IN SILVICULTURA SI EXPLOATARI FORESTIERE": 6, "TEHNICIAN ELECTROTEHNIST": 37, "PATRIMONIU CULTURAL": 17, "TEHNICIAN HIDRO-METEOROLOG": 26, "TEHNICIAN DESENATOR PENTRU CONSTRUCTII SI INSTALATII": 17, "TEHNICIAN MECATRONIST": 33, "TEHNICIAN IN CONSTRUCTII SI LUCRARI PUBLICE": 9, "TEHNICIAN PROIECTANT PRODUSE FINITE DIN LEMN": 8, "TEHNICIAN ANALIZE PRODUSE ALIMENTARE": 13, "COAFOR STILIST": 1, "TEHNICIAN DE TELECOMUNICATII": 3, "TEHNICIAN PRELUCRARI PE MASINI CU COMANDA NUMERICA": 8, "TEHNICIAN IN IND. ALIM. FERMENTATIVA SI IN PREL. LEGUMELOR SI FRUCTELOR": 2, "TEHNICIAN OPERATOR PROCESARE TEXT IMAGINE": 2, "TEHNICIAN ELECTRONIST": 1, "TEHNICIAN VETERINAR": 4, "TEHNICIAN IN CHIMIE INDUSTRIALA": 1, "TEHNICIAN IN INDUSTRIA ALIMENTARA": 4, "TEHNICIAN IN PRELUCRAREA LEMNULUI": 9, "TEHNICIAN IN ADMINISTRATIE": 1, "TEHNICIAN IN INDUSTRIA TEXTILA": 2, "TEHNICIAN IN AGROTURISM": 1, "TEHNICIAN PRELUCRARI LA CALD": 1}, "limba_moderna": {"LIMBA ENGLEZA": 3797, "LIMBA FRANCEZA": 337, "LIMBA GERMANA MODERNA": 12, "LIMBA ITALIANA": 39, "LIMBA RUSA": 9}, "limba_materna": {"LIMBA ROMANA": 4194}, "promotie_anterioara": {"NU": 3660, "DA": 534}, "materii": {"LIMBA ROMANA": {"medie": 6.900389389145748, "reusita": 89.79494515975203, "cnt": 4194}, "MATEMATICA MATE-INFO": {"medie": 7.873184019370455, "reusita": 92.68585131894484, "cnt": 834}, "INFORMATICA MI C/C++": {"medie": 8.38638888888889, "reusita": 96.38888888888889, "cnt": 360}, "GENERAL": {"medie": 7.240071711177034, "reusita": 72.55603242727706, "cnt": 4194}, "ISTORIE": {"medie": 7.152452697967761, "reusita": 88.48275862068965, "cnt": 1450}, "LOGICA, ARGUMENTARE SI COMUNICARE": {"medie": 8.21445249597423, "reusita": 91.87898089171973, "cnt": 1256}, "CHIMIE ORGANICA TEO NIVEL I/II": {"medie": 9.330434782608696, "reusita": 99.1304347826087, "cnt": 115}, "MATEMATICA ST-NAT": {"medie": 7.480970873786405, "reusita": 89.21001926782274, "cnt": 519}, "FIZICA TEO": {"medie": 8.399750000000004, "reusita": 97.0, "cnt": 200}, "GEOGRAFIE": {"medie": 7.777754677754682, "reusita": 94.29735234215886, "cnt": 491}, "PSIHOLOGIE": {"medie": 8.023255813953485, "reusita": 97.70114942528735, "cnt": 87}, "ANATOMIE SI FIZIOLOGIE UMANA, GENETICA SI ECOLOGIE UMANA": {"medie": 7.870572916666656, "reusita": 91.23711340206185, "cnt": 582}, "CHIMIE ANORGANICA TEO NIVEL I/II": {"medie": 7.6, "reusita": 100.0, "cnt": 4}, "BIOLOGIE VEGETALA SI ANIMALA": {"medie": 6.071062052505973, "reusita": 68.85428253615127, "cnt": 899}, "SOCIOLOGIE": {"medie": 7.881944444444445, "reusita": 93.24324324324324, "cnt": 74}, "INFORMATICA SN C/C++": {"medie": 8.605, "reusita": 100.0, "cnt": 10}, "MATEMATICA PED": {"medie": 8.424137931034485, "reusita": 96.55172413793103, "cnt": 58}, "MATEMATICA TEHN": {"medie": 6.265220883534145, "reusita": 76.36909227306826, "cnt": 1333}, "FIZICA TEH": {"medie": 5.742307692307691, "reusita": 56.17977528089888, "cnt": 89}, "ECONOMIE": {"medie": 7.987500000000001, "reusita": 100.0, "cnt": 8}, "CHIMIE ANORGANICA TEH NIVEL I/II": {"medie": 4.715, "reusita": 42.857142857142854, "cnt": 14}, "CHIMIE ORGANICA TEH NIVEL I/II": {"medie": 6.1, "reusita": 80.0, "cnt": 5}}, "nume": "Arge\u0219"}