{"specializari": {"MATEMATICA-INFORMATICA": 722, "STIINTE SOCIALE": 635, "FILOLOGIE": 560, "STIINTE ALE NATURII": 502, "INVATATOR - EDUCATOARE": 55, "COREGRAFIE": 5, "TEOLOGIE ROMANO-CATOLICA": 58, "TEHNICIAN IN ACTIVITATI ECONOMICE": 314, "ARHITECTURA, ARTE AMBIENTALE SI DESIGN": 31, "ARTE PLASTICE SI DECORATIVE": 30, "TEHNICIAN ELECTRICIAN/ELECTRONIST AUTO": 26, "ORGANIZATOR BANQUETING": 50, "TEHNICIAN OPERATOR TEHNICA DE CALCUL": 49, "COAFOR STILIST": 27, "TEHNICIAN IN TURISM": 120, "MUZICA": 43, "TEHNICIAN ECOLOG SI PROTECTIA CALITATII MEDIULUI": 83, "TEHNICIAN IN GASTRONOMIE": 73, "LICEU CU PROGRAM SPORTIV": 108, "TEHNICIAN DE TELECOMUNICATII": 25, "TEHNICIAN IN AGROTURISM": 3, "TEHNICIAN IN ADMINISTRATIE": 22, "TEHNICIAN ANALIZE PRODUSE ALIMENTARE": 7, "TEHNICIAN MECANIC PENTRU INTRETINERE SI REPARATII": 22, "TEHNICIAN IN ACTIVITATI DE COMERT": 36, "TEHNICIAN PROIECTANT CAD": 18, "TEHNICIAN IN INSTALATII ELECTRICE": 18, "TEHNICIAN MECATRONIST": 9, "TEHNICIAN DESIGNER VESTIMENTAR": 2, "TEHNICIAN PRELUCRARI MECANICE": 1, "TEHNICIAN TRANSPORTURI": 11, "TEHNICIAN IN INDUSTRIA TEXTILA": 5, "TEHNICIAN IN INDUSTRIA ALIMENTARA": 14, "TEHNICIAN VETERINAR": 10, "TEHNICIAN ELECTROMECANIC": 5, "TEHNICIAN IN PRELUCRAREA LEMNULUI": 3, "TEHNICIAN AVIATIE": 1, "TEHNICIAN DESENATOR PENTRU CONSTRUCTII SI INSTALATII": 5, "TEHNICIAN IN AGRICULTURA": 1, "TEHNICIAN CHIMIST DE LABORATOR": 1, "TEHNICIAN IN CONSTRUCTII SI LUCRARI PUBLICE": 1}, "limba_moderna": {"LIMBA ENGLEZA": 3577, "LIMBA GERMANA MODERNA": 8, "LIMBA FRANCEZA": 117, "LIMBA SPANIOLA": 6, "LIMBA ITALIANA": 2, "LIMBA RUSA": 1}, "limba_materna": {"LIMBA ROMANA": 3711}, "promotie_anterioara": {"NU": 3376, "DA": 335}, "materii": {"LIMBA ROMANA": {"medie": 7.330410549211496, "reusita": 96.14659121530585, "cnt": 3711}, "MATEMATICA MATE-INFO": {"medie": 8.252631578947376, "reusita": 96.81440443213296, "cnt": 722}, "INFORMATICA MI C/C++": {"medie": 8.11087719298245, "reusita": 93.33333333333333, "cnt": 285}, "GENERAL": {"medie": 7.530633480014661, "reusita": 80.27485852869847, "cnt": 3711}, "ISTORIE": {"medie": 7.449622252747236, "reusita": 93.12925170068027, "cnt": 1470}, "LOGICA, ARGUMENTARE SI COMUNICARE": {"medie": 8.270058139534889, "reusita": 93.2183908045977, "cnt": 870}, "GEOGRAFIE": {"medie": 7.671508620689651, "reusita": 95.32710280373831, "cnt": 1177}, "FIZICA TEO": {"medie": 8.582439024390249, "reusita": 96.11650485436894, "cnt": 206}, "CHIMIE ORGANICA TEO NIVEL I/II": {"medie": 8.786324786324787, "reusita": 97.43589743589743, "cnt": 117}, "MATEMATICA ST-NAT": {"medie": 8.045573440643869, "reusita": 95.4183266932271, "cnt": 502}, "PSIHOLOGIE": {"medie": 7.996938775510204, "reusita": 96.0, "cnt": 50}, "SOCIOLOGIE": {"medie": 6.914754098360656, "reusita": 91.80327868852459, "cnt": 61}, "ANATOMIE SI FIZIOLOGIE UMANA, GENETICA SI ECOLOGIE UMANA": {"medie": 7.57654723127036, "reusita": 90.83601286173634, "cnt": 622}, "CHIMIE ANORGANICA TEO NIVEL I/II": {"medie": 7.674193548387096, "reusita": 93.75, "cnt": 32}, "BIOLOGIE VEGETALA SI ANIMALA": {"medie": 5.526023391812866, "reusita": 63.78378378378379, "cnt": 185}, "MATEMATICA PED": {"medie": 8.774545454545454, "reusita": 98.18181818181819, "cnt": 55}, "INFORMATICA SN C/C++": {"medie": 7.098148148148147, "reusita": 88.88888888888889, "cnt": 27}, "FILOSOFIE": {"medie": 8.35, "reusita": 100.0, "cnt": 3}, "ECONOMIE": {"medie": 5.933333333333334, "reusita": 50.0, "cnt": 6}, "MATEMATICA TEHN": {"medie": 6.311331901181522, "reusita": 80.66528066528068, "cnt": 962}, "FIZICA TEH": {"medie": 7.7475, "reusita": 90.2439024390244, "cnt": 41}, "CHIMIE ORGANICA TEH NIVEL I/II": {"medie": 6.25, "reusita": 100.0, "cnt": 2}, "CHIMIE ANORGANICA TEH NIVEL I/II": {"medie": 5.822222222222222, "reusita": 81.48148148148148, "cnt": 27}}, "nume": "Bac\u0103u"}