{"specializari": {"STIINTE SOCIALE": 635, "MATEMATICA-INFORMATICA": 722, "FILOLOGIE": 560, "STIINTE ALE NATURII": 502, "INVATATOR - EDUCATOARE": 55, "COREGRAFIE": 5, "TEOLOGIE ROMANO-CATOLICA": 58, "TEHNICIAN IN ACTIVITATI ECONOMICE": 314, "ARTE PLASTICE SI DECORATIVE": 30, "TEHNICIAN ELECTRICIAN/ELECTRONIST AUTO": 26, "ORGANIZATOR BANQUETING": 50, "ARHITECTURA, ARTE AMBIENTALE SI DESIGN": 31, "TEHNICIAN OPERATOR TEHNICA DE CALCUL": 49, "COAFOR STILIST": 27, "TEHNICIAN IN TURISM": 120, "MUZICA": 43, "TEHNICIAN ECOLOG SI PROTECTIA CALITATII MEDIULUI": 83, "TEHNICIAN IN GASTRONOMIE": 73, "LICEU CU PROGRAM SPORTIV": 108, "TEHNICIAN DE TELECOMUNICATII": 25, "TEHNICIAN IN AGROTURISM": 3, "TEHNICIAN IN ADMINISTRATIE": 22, "TEHNICIAN ANALIZE PRODUSE ALIMENTARE": 7, "TEHNICIAN MECANIC PENTRU INTRETINERE SI REPARATII": 22, "TEHNICIAN IN ACTIVITATI DE COMERT": 36, "TEHNICIAN PROIECTANT CAD": 18, "TEHNICIAN IN INSTALATII ELECTRICE": 18, "TEHNICIAN DESIGNER VESTIMENTAR": 2, "TEHNICIAN PRELUCRARI MECANICE": 1, "TEHNICIAN TRANSPORTURI": 11, "TEHNICIAN IN INDUSTRIA TEXTILA": 5, "TEHNICIAN VETERINAR": 10, "TEHNICIAN ELECTROMECANIC": 5, "TEHNICIAN IN INDUSTRIA ALIMENTARA": 14, "TEHNICIAN IN PRELUCRAREA LEMNULUI": 3, "TEHNICIAN AVIATIE": 1, "TEHNICIAN DESENATOR PENTRU CONSTRUCTII SI INSTALATII": 5, "TEHNICIAN IN AGRICULTURA": 1, "TEHNICIAN MECATRONIST": 9, "TEHNICIAN CHIMIST DE LABORATOR": 1, "TEHNICIAN IN CONSTRUCTII SI LUCRARI PUBLICE": 1}, "limba_moderna": {"LIMBA ENGLEZA": 3577, "LIMBA GERMANA MODERNA": 8, "LIMBA FRANCEZA": 117, "LIMBA SPANIOLA": 6, "LIMBA ITALIANA": 2, "LIMBA RUSA": 1}, "limba_materna": {"LIMBA ROMANA": 3711}, "promotie_anterioara": {"NU": 3376, "DA": 335}, "materii": {"LIMBA ROMANA": {"medie": 7.255600870038037, "reusita": 94.69145782807868, "cnt": 3711}, "MATEMATICA MATE-INFO": {"medie": 8.260387811634356, "reusita": 96.53739612188366, "cnt": 722}, "INFORMATICA MI C/C++": {"medie": 8.049473684210522, "reusita": 92.63157894736842, "cnt": 285}, "GENERAL": {"medie": 7.489668133479997, "reusita": 77.8496362166532, "cnt": 3711}, "ISTORIE": {"medie": 7.336160714285695, "reusita": 90.81632653061224, "cnt": 1470}, "LOGICA, ARGUMENTARE SI COMUNICARE": {"medie": 8.295988372093028, "reusita": 93.2183908045977, "cnt": 870}, "CHIMIE ORGANICA TEO NIVEL I/II": {"medie": 8.782051282051283, "reusita": 97.43589743589743, "cnt": 117}, "MATEMATICA ST-NAT": {"medie": 8.03108651911469, "reusita": 94.62151394422311, "cnt": 502}, "FIZICA TEO": {"medie": 8.578536585365857, "reusita": 96.11650485436894, "cnt": 206}, "GEOGRAFIE": {"medie": 7.673318965517242, "reusita": 95.41206457094307, "cnt": 1177}, "PSIHOLOGIE": {"medie": 8.026530612244898, "reusita": 98.0, "cnt": 50}, "ANATOMIE SI FIZIOLOGIE UMANA, GENETICA SI ECOLOGIE UMANA": {"medie": 7.584039087947881, "reusita": 90.35369774919614, "cnt": 622}, "CHIMIE ANORGANICA TEO NIVEL I/II": {"medie": 7.593548387096774, "reusita": 90.625, "cnt": 32}, "BIOLOGIE VEGETALA SI ANIMALA": {"medie": 5.51111111111111, "reusita": 60.54054054054055, "cnt": 185}, "SOCIOLOGIE": {"medie": 6.758196721311476, "reusita": 86.88524590163934, "cnt": 61}, "INFORMATICA SN C/C++": {"medie": 7.0703703703703695, "reusita": 85.18518518518519, "cnt": 27}, "MATEMATICA PED": {"medie": 8.789999999999997, "reusita": 98.18181818181819, "cnt": 55}, "FILOSOFIE": {"medie": 8.316666666666668, "reusita": 100.0, "cnt": 3}, "MATEMATICA TEHN": {"medie": 6.30875402792696, "reusita": 79.31392931392931, "cnt": 962}, "FIZICA TEH": {"medie": 7.75, "reusita": 90.2439024390244, "cnt": 41}, "ECONOMIE": {"medie": 6.083333333333335, "reusita": 66.66666666666666, "cnt": 6}, "CHIMIE ANORGANICA TEH NIVEL I/II": {"medie": 5.777777777777778, "reusita": 74.07407407407408, "cnt": 27}, "CHIMIE ORGANICA TEH NIVEL I/II": {"medie": 6.25, "reusita": 100.0, "cnt": 2}}, "nume": "Bac\u0103u"}