{"specializari": {"MATEMATICA-INFORMATICA": 724, "STIINTE ALE NATURII": 547, "FILOLOGIE": 755, "INVATATOR - EDUCATOARE": 77, "STIINTE SOCIALE": 188, "TEOLOGIE BAPTISTA": 30, "TEOLOGIE PENTICOSTALA": 30, "TEOLOGIE GRECO-CATOLICA": 26, "TEHNICIAN IN ACTIVITATI ECONOMICE": 319, "MUZICA": 41, "ARTE PLASTICE SI DECORATIVE": 54, "TEOLOGIE ORTODOXA": 26, "ARHITECTURA, ARTE AMBIENTALE SI DESIGN": 41, "TEHNICIAN ELECTROTEHNIST": 37, "TEOLOGIE REFORMATA": 16, "LICEU CU PROGRAM SPORTIV": 88, "TEHNICIAN IN TURISM": 76, "TEHNICIAN IN ACTIVITATI DE COMERT": 40, "TEHNICIAN IN INDUSTRIA ALIMENTARA": 20, "TEHNICIAN IN GASTRONOMIE": 49, "TEHNICIAN MECATRONIST": 48, "TEHNICIAN ANALIZE PRODUSE ALIMENTARE": 21, "TEHNICIAN IN ADMINISTRATIE": 19, "TEHNICIAN OPERATOR TEHNICA DE CALCUL": 37, "ORGANIZATOR BANQUETING": 26, "GHID TURISM RELIGIOS": 18, "TEHNICIAN IN SILVICULTURA SI EXPLOATARI FORESTIERE": 36, "TEHNICIAN IN INSTALATII ELECTRICE": 14, "TEHNICIAN IN HOTELARIE": 9, "TEHNICIAN TRANSPORTURI": 17, "TEHNICIAN PRELUCRARI PE MASINI CU COMANDA NUMERICA": 14, "TEHNICIAN IN AUTOMATIZARI": 12, "TEHNICIAN DESENATOR PENTRU CONSTRUCTII SI INSTALATII": 11, "TEHNICIAN ELECTROMECANIC": 2, "TEHNICIAN IN AGRICULTURA": 6, "TEHNICIAN VETERINAR": 24, "TEHNICIAN PROIECTANT CAD": 9, "TEHNICIAN MECANIC PENTRU INTRETINERE SI REPARATII": 4, "TEHNICIAN DE TELECOMUNICATII": 4, "COAFOR STILIST": 5, "TEHNICIAN OPERATOR PROCESARE TEXT IMAGINE": 1, "TEHNICIAN IN AGRICULTURA ECOLOGICA": 1, "TEOLOGIE ROMANO-CATOLICA": 3, "TEHNICIAN IN CONSTRUCTII SI LUCRARI PUBLICE": 5, "TEHNICIAN ECOLOG SI PROTECTIA CALITATII MEDIULUI": 1, "TEHNICIAN ELECTRONIST": 4, "TEHNICIAN IN ACTIVITATI DE POSTA": 1, "TEHNICIAN DESIGNER VESTIMENTAR": 1}, "limba_moderna": {"LIMBA ENGLEZA": 3408, "LIMBA FRANCEZA": 56, "LIMBA GERMANA MODERNA": 55, "LIMBA ITALIANA": 4, "LIMBA SPANIOLA": 14}, "limba_materna": {"LIMBA ROMANA": 2988, "LIMBA GERMANA": 16, "LIMBA MAGHIARA": 521, "LIMBA SLOVACA": 12}, "promotie_anterioara": {"NU": 3144, "DA": 393}, "materii": {"LIMBA ROMANA": {"medie": 6.934313163177491, "reusita": 88.09725756290642, "cnt": 3537}, "MATEMATICA MATE-INFO": {"medie": 7.6019471488178, "reusita": 92.26519337016575, "cnt": 724}, "INFORMATICA MI C/C++": {"medie": 8.094957983193279, "reusita": 97.47899159663865, "cnt": 238}, "GENERAL": {"medie": 7.29668610301263, "reusita": 74.18716426350014, "cnt": 3537}, "ISTORIE": {"medie": 7.4488158899923675, "reusita": 94.45288753799392, "cnt": 1316}, "LOGICA, ARGUMENTARE SI COMUNICARE": {"medie": 8.644221698113206, "reusita": 96.02803738317756, "cnt": 428}, "GEOGRAFIE": {"medie": 7.623453017570652, "reusita": 95.34184823441022, "cnt": 1331}, "FIZICA TEO": {"medie": 8.228571428571428, "reusita": 93.87755102040816, "cnt": 49}, "CHIMIE ORGANICA TEO NIVEL I/II": {"medie": 8.801515151515149, "reusita": 96.96969696969697, "cnt": 33}, "MATEMATICA ST-NAT": {"medie": 7.355347091932461, "reusita": 87.0201096892139, "cnt": 547}, "PSIHOLOGIE": {"medie": 7.881981981981975, "reusita": 98.1981981981982, "cnt": 111}, "SOCIOLOGIE": {"medie": 8.660416666666665, "reusita": 100.0, "cnt": 48}, "ANATOMIE SI FIZIOLOGIE UMANA, GENETICA SI ECOLOGIE UMANA": {"medie": 7.765140845070416, "reusita": 91.36904761904762, "cnt": 1008}, "CHIMIE ANORGANICA TEO NIVEL I/II": {"medie": 8.275, "reusita": 85.71428571428571, "cnt": 7}, "BIOLOGIE VEGETALA SI ANIMALA": {"medie": 5.2388601036269415, "reusita": 50.92592592592593, "cnt": 216}, "MATEMATICA PED": {"medie": 8.421428571428573, "reusita": 97.40259740259741, "cnt": 77}, "INFORMATICA SN C/C++": {"medie": 7.380000000000001, "reusita": 93.33333333333333, "cnt": 15}, "FILOSOFIE": {"medie": 8.983333333333333, "reusita": 100.0, "cnt": 6}, "LIMBA GERMANA": {"medie": 6.853125, "reusita": 100.0, "cnt": 16}, "ECONOMIE": {"medie": 5.911538461538461, "reusita": 92.3076923076923, "cnt": 13}, "MATEMATICA TEHN": {"medie": 5.573264311814855, "reusita": 70.33218785796106, "cnt": 873}, "FIZICA TEH": {"medie": 6.236666666666665, "reusita": 71.875, "cnt": 32}, "LIMBA MAGHIARA (REAL)": {"medie": 7.65142118863048, "reusita": 98.20971867007673, "cnt": 391}, "CHIMIE ORGANICA TEH NIVEL I/II": {"medie": "-", "reusita": 0.0, "cnt": 1}, "LIMBA MAGHIARA (UMAN)": {"medie": 7.622692307692309, "reusita": 100.0, "cnt": 130}, "LIMBA SLOVACA": {"medie": 8.455000000000002, "reusita": 83.33333333333334, "cnt": 12}, "INFORMATICA MI PASCAL": {"medie": 8.3, "reusita": 100.0, "cnt": 1}}, "nume": "Bihor"}