{"specializari": {"MATEMATICA-INFORMATICA": 724, "STIINTE ALE NATURII": 547, "FILOLOGIE": 755, "INVATATOR - EDUCATOARE": 77, "STIINTE SOCIALE": 188, "TEOLOGIE PENTICOSTALA": 30, "TEOLOGIE BAPTISTA": 30, "TEHNICIAN IN ACTIVITATI ECONOMICE": 319, "TEOLOGIE GRECO-CATOLICA": 26, "ARTE PLASTICE SI DECORATIVE": 54, "MUZICA": 41, "TEOLOGIE ORTODOXA": 26, "TEOLOGIE REFORMATA": 16, "ARHITECTURA, ARTE AMBIENTALE SI DESIGN": 41, "TEHNICIAN ELECTROTEHNIST": 37, "LICEU CU PROGRAM SPORTIV": 88, "TEHNICIAN IN TURISM": 76, "TEHNICIAN IN ACTIVITATI DE COMERT": 40, "TEHNICIAN IN INDUSTRIA ALIMENTARA": 20, "TEHNICIAN IN GASTRONOMIE": 49, "TEHNICIAN MECATRONIST": 48, "TEHNICIAN ANALIZE PRODUSE ALIMENTARE": 21, "TEHNICIAN IN ADMINISTRATIE": 19, "TEHNICIAN OPERATOR TEHNICA DE CALCUL": 37, "ORGANIZATOR BANQUETING": 26, "GHID TURISM RELIGIOS": 18, "TEHNICIAN IN SILVICULTURA SI EXPLOATARI FORESTIERE": 36, "TEHNICIAN IN INSTALATII ELECTRICE": 14, "TEHNICIAN IN HOTELARIE": 9, "TEHNICIAN TRANSPORTURI": 17, "TEHNICIAN PRELUCRARI PE MASINI CU COMANDA NUMERICA": 14, "TEHNICIAN IN AUTOMATIZARI": 12, "TEHNICIAN DESENATOR PENTRU CONSTRUCTII SI INSTALATII": 11, "TEHNICIAN ELECTROMECANIC": 2, "TEHNICIAN IN AGRICULTURA": 6, "TEHNICIAN VETERINAR": 24, "TEHNICIAN PROIECTANT CAD": 9, "TEHNICIAN MECANIC PENTRU INTRETINERE SI REPARATII": 4, "COAFOR STILIST": 5, "TEHNICIAN DE TELECOMUNICATII": 4, "TEHNICIAN OPERATOR PROCESARE TEXT IMAGINE": 1, "TEHNICIAN IN AGRICULTURA ECOLOGICA": 1, "TEOLOGIE ROMANO-CATOLICA": 3, "TEHNICIAN IN CONSTRUCTII SI LUCRARI PUBLICE": 5, "TEHNICIAN ECOLOG SI PROTECTIA CALITATII MEDIULUI": 1, "TEHNICIAN ELECTRONIST": 4, "TEHNICIAN IN ACTIVITATI DE POSTA": 1, "TEHNICIAN DESIGNER VESTIMENTAR": 1}, "limba_moderna": {"LIMBA ENGLEZA": 3408, "LIMBA FRANCEZA": 56, "LIMBA GERMANA MODERNA": 55, "LIMBA ITALIANA": 4, "LIMBA SPANIOLA": 14}, "limba_materna": {"LIMBA ROMANA": 2988, "LIMBA GERMANA": 16, "LIMBA MAGHIARA": 521, "LIMBA SLOVACA": 12}, "promotie_anterioara": {"NU": 3144, "DA": 393}, "materii": {"LIMBA ROMANA": {"medie": 6.918009750501834, "reusita": 87.50353406841957, "cnt": 3537}, "MATEMATICA MATE-INFO": {"medie": 7.614394993045897, "reusita": 92.12707182320442, "cnt": 724}, "INFORMATICA MI C/C++": {"medie": 8.101470588235294, "reusita": 97.47899159663865, "cnt": 238}, "GENERAL": {"medie": 7.290043731778414, "reusita": 72.88662708510036, "cnt": 3537}, "ISTORIE": {"medie": 7.432734912146686, "reusita": 93.61702127659575, "cnt": 1316}, "LOGICA, ARGUMENTARE SI COMUNICARE": {"medie": 8.64634433962264, "reusita": 96.26168224299066, "cnt": 428}, "CHIMIE ORGANICA TEO NIVEL I/II": {"medie": 8.796969696969695, "reusita": 96.96969696969697, "cnt": 33}, "MATEMATICA ST-NAT": {"medie": 7.344746716697937, "reusita": 86.654478976234, "cnt": 547}, "FIZICA TEO": {"medie": 8.210204081632654, "reusita": 93.87755102040816, "cnt": 49}, "GEOGRAFIE": {"medie": 7.622459893048116, "reusita": 95.56724267468068, "cnt": 1331}, "PSIHOLOGIE": {"medie": 7.920720720720716, "reusita": 99.09909909909909, "cnt": 111}, "ANATOMIE SI FIZIOLOGIE UMANA, GENETICA SI ECOLOGIE UMANA": {"medie": 7.766851106639831, "reusita": 91.46825396825396, "cnt": 1008}, "CHIMIE ANORGANICA TEO NIVEL I/II": {"medie": 8.275, "reusita": 85.71428571428571, "cnt": 7}, "BIOLOGIE VEGETALA SI ANIMALA": {"medie": 5.2124352331606225, "reusita": 49.53703703703704, "cnt": 216}, "SOCIOLOGIE": {"medie": 8.66145833333333, "reusita": 100.0, "cnt": 48}, "INFORMATICA SN C/C++": {"medie": 7.3866666666666685, "reusita": 93.33333333333333, "cnt": 15}, "MATEMATICA PED": {"medie": 8.431168831168831, "reusita": 97.40259740259741, "cnt": 77}, "FILOSOFIE": {"medie": 8.983333333333333, "reusita": 100.0, "cnt": 6}, "LIMBA GERMANA": {"medie": 6.853125, "reusita": 100.0, "cnt": 16}, "MATEMATICA TEHN": {"medie": 5.577649208282579, "reusita": 70.10309278350515, "cnt": 873}, "FIZICA TEH": {"medie": 6.266666666666666, "reusita": 71.875, "cnt": 32}, "LIMBA MAGHIARA (REAL)": {"medie": 7.643410852713175, "reusita": 98.20971867007673, "cnt": 391}, "ECONOMIE": {"medie": 5.961538461538462, "reusita": 92.3076923076923, "cnt": 13}, "LIMBA MAGHIARA (UMAN)": {"medie": 7.626153846153847, "reusita": 100.0, "cnt": 130}, "CHIMIE ORGANICA TEH NIVEL I/II": {"medie": "-", "reusita": 0.0, "cnt": 1}, "INFORMATICA MI PASCAL": {"medie": 8.3, "reusita": 100.0, "cnt": 1}, "LIMBA SLOVACA": {"medie": 8.455000000000002, "reusita": 83.33333333333334, "cnt": 12}}, "nume": "Bihor"}