{"specializari": {"STIINTE ALE NATURII": 390, "INVATATOR - EDUCATOARE": 58, "FILOLOGIE": 237, "STIINTE SOCIALE": 115, "MATEMATICA-INFORMATICA": 246, "TEHNICIAN IN ACTIVITATI ECONOMICE": 272, "ARHITECTURA, ARTE AMBIENTALE SI DESIGN": 29, "ARTE PLASTICE SI DECORATIVE": 32, "TEHNICIAN IN TURISM": 54, "TEHNICIAN MECANIC PENTRU INTRETINERE SI REPARATII": 17, "LICEU CU PROGRAM SPORTIV": 111, "MUZICA": 26, "TEHNICIAN IN AUTOMATIZARI": 19, "TEHNICIAN ECOLOG SI PROTECTIA CALITATII MEDIULUI": 69, "COAFOR STILIST": 20, "TEHNICIAN IN SILVICULTURA SI EXPLOATARI FORESTIERE": 40, "TEHNICIAN PRELUCRARI PE MASINI CU COMANDA NUMERICA": 19, "TEHNICIAN IN INSTALATII ELECTRICE": 28, "TEHNICIAN DE TELECOMUNICATII": 23, "TEHNICIAN HORTICULTOR": 10, "TEHNICIAN IN GASTRONOMIE": 3, "TEHNICIAN DESENATOR PENTRU CONSTRUCTII SI INSTALATII": 1, "TEHNICIAN AGROMONTAN": 2, "TEHNICIAN IN PRELUCRAREA LEMNULUI": 10, "TEHNICIAN VETERINAR": 9, "TEHNICIAN IN ACHIZITII SI CONTRACTARI": 5, "TEHNICIAN TRANSPORTURI": 2, "TEHNICIAN IN AGRICULTURA": 1, "TEHNICIAN MECATRONIST": 1, "TEHNICIAN ANALIZE PRODUSE ALIMENTARE": 2, "TEHNICIAN IN INDUSTRIA TEXTILA": 3, "TEHNICIAN IN INDUSTRIA ALIMENTARA": 1, "TEHNICIAN OPERATOR TEHNICA DE CALCUL": 1, "ORGANIZATOR BANQUETING": 1}, "limba_moderna": {"LIMBA FRANCEZA": 53, "LIMBA ENGLEZA": 1794, "LIMBA GERMANA MODERNA": 6, "LIMBA ITALIANA": 4}, "limba_materna": {"LIMBA ROMANA": 1815, "LIMBA GERMANA": 15, "LIMBA MAGHIARA": 27}, "promotie_anterioara": {"NU": 1621, "DA": 236}, "materii": {"LIMBA ROMANA": {"medie": 7.117259299781191, "reusita": 91.70705438879914, "cnt": 1857}, "MATEMATICA MATE-INFO": {"medie": 8.081707317073173, "reusita": 98.3739837398374, "cnt": 246}, "INFORMATICA MI C/C++": {"medie": 8.636574074074074, "reusita": 96.29629629629629, "cnt": 108}, "GENERAL": {"medie": 7.219102599557536, "reusita": 72.91330102315563, "cnt": 1857}, "ISTORIE": {"medie": 7.2972477064220085, "reusita": 94.18181818181817, "cnt": 550}, "LOGICA, ARGUMENTARE SI COMUNICARE": {"medie": 8.276562499999999, "reusita": 94.375, "cnt": 160}, "CHIMIE ORGANICA TEO NIVEL I/II": {"medie": 9.499999999999998, "reusita": 96.7741935483871, "cnt": 31}, "MATEMATICA ST-NAT": {"medie": 7.579427083333332, "reusita": 92.3076923076923, "cnt": 390}, "FIZICA TEO": {"medie": 8.065625, "reusita": 93.75, "cnt": 16}, "GEOGRAFIE": {"medie": 7.5883088235294105, "reusita": 94.50867052023122, "cnt": 692}, "PSIHOLOGIE": {"medie": 8.593333333333334, "reusita": 93.75, "cnt": 16}, "ANATOMIE SI FIZIOLOGIE UMANA, GENETICA SI ECOLOGIE UMANA": {"medie": 7.179561403508769, "reusita": 88.44827586206897, "cnt": 580}, "CHIMIE ANORGANICA TEO NIVEL I/II": {"medie": 7.099999999999999, "reusita": 100.0, "cnt": 3}, "BIOLOGIE VEGETALA SI ANIMALA": {"medie": 5.990601503759402, "reusita": 74.46808510638297, "cnt": 141}, "SOCIOLOGIE": {"medie": 7.584666666666665, "reusita": 92.0, "cnt": 75}, "INFORMATICA SN C/C++": {"medie": 9.666666666666666, "reusita": 100.0, "cnt": 3}, "MATEMATICA PED": {"medie": 7.971929824561404, "reusita": 94.82758620689656, "cnt": 58}, "FILOSOFIE": {"medie": 8.24, "reusita": 100.0, "cnt": 15}, "LIMBA GERMANA": {"medie": 8.273333333333333, "reusita": 100.0, "cnt": 15}, "MATEMATICA TEHN": {"medie": 5.726023890784982, "reusita": 70.63621533442088, "cnt": 613}, "FIZICA TEH": {"medie": 4.2562500000000005, "reusita": 50.0, "cnt": 8}, "LIMBA MAGHIARA (REAL)": {"medie": 7.923076923076923, "reusita": 100.0, "cnt": 13}, "ECONOMIE": {"medie": 7.13, "reusita": 100.0, "cnt": 5}, "CHIMIE ANORGANICA TEH NIVEL I/II": {"medie": 4.475, "reusita": 50.0, "cnt": 2}, "LIMBA MAGHIARA (UMAN)": {"medie": 6.792857142857144, "reusita": 100.0, "cnt": 14}, "CHIMIE ORGANICA TEH NIVEL I/II": {"medie": 5.8, "reusita": 50.0, "cnt": 2}}, "nume": "Bistri\u021ba-N\u0103s\u0103ud"}