{"specializari": {"STIINTE ALE NATURII": 390, "INVATATOR - EDUCATOARE": 58, "FILOLOGIE": 237, "STIINTE SOCIALE": 115, "MATEMATICA-INFORMATICA": 246, "ARHITECTURA, ARTE AMBIENTALE SI DESIGN": 29, "ARTE PLASTICE SI DECORATIVE": 32, "TEHNICIAN IN ACTIVITATI ECONOMICE": 272, "TEHNICIAN IN TURISM": 54, "TEHNICIAN MECANIC PENTRU INTRETINERE SI REPARATII": 17, "LICEU CU PROGRAM SPORTIV": 111, "MUZICA": 26, "TEHNICIAN IN AUTOMATIZARI": 19, "TEHNICIAN ECOLOG SI PROTECTIA CALITATII MEDIULUI": 69, "COAFOR STILIST": 20, "TEHNICIAN IN SILVICULTURA SI EXPLOATARI FORESTIERE": 40, "TEHNICIAN PRELUCRARI PE MASINI CU COMANDA NUMERICA": 19, "TEHNICIAN IN INSTALATII ELECTRICE": 28, "TEHNICIAN DE TELECOMUNICATII": 23, "TEHNICIAN HORTICULTOR": 10, "TEHNICIAN IN GASTRONOMIE": 3, "TEHNICIAN DESENATOR PENTRU CONSTRUCTII SI INSTALATII": 1, "TEHNICIAN AGROMONTAN": 2, "TEHNICIAN IN PRELUCRAREA LEMNULUI": 10, "TEHNICIAN VETERINAR": 9, "TEHNICIAN IN ACHIZITII SI CONTRACTARI": 5, "TEHNICIAN IN AGRICULTURA": 1, "TEHNICIAN TRANSPORTURI": 2, "TEHNICIAN MECATRONIST": 1, "TEHNICIAN ANALIZE PRODUSE ALIMENTARE": 2, "TEHNICIAN IN INDUSTRIA TEXTILA": 3, "TEHNICIAN IN INDUSTRIA ALIMENTARA": 1, "TEHNICIAN OPERATOR TEHNICA DE CALCUL": 1, "ORGANIZATOR BANQUETING": 1}, "limba_moderna": {"LIMBA FRANCEZA": 53, "LIMBA ENGLEZA": 1794, "LIMBA GERMANA MODERNA": 6, "LIMBA ITALIANA": 4}, "limba_materna": {"LIMBA ROMANA": 1815, "LIMBA GERMANA": 15, "LIMBA MAGHIARA": 27}, "promotie_anterioara": {"NU": 1621, "DA": 236}, "materii": {"LIMBA ROMANA": {"medie": 7.169009846827139, "reusita": 92.29940764674205, "cnt": 1857}, "MATEMATICA MATE-INFO": {"medie": 8.108739837398378, "reusita": 98.3739837398374, "cnt": 246}, "INFORMATICA MI C/C++": {"medie": 8.63703703703704, "reusita": 96.29629629629629, "cnt": 108}, "GENERAL": {"medie": 7.260294524336296, "reusita": 75.82121701669358, "cnt": 1857}, "ISTORIE": {"medie": 7.326330275229347, "reusita": 94.72727272727272, "cnt": 550}, "LOGICA, ARGUMENTARE SI COMUNICARE": {"medie": 8.312499999999996, "reusita": 94.375, "cnt": 160}, "GEOGRAFIE": {"medie": 7.610073529411762, "reusita": 94.65317919075144, "cnt": 692}, "FIZICA TEO": {"medie": 8.043750000000001, "reusita": 93.75, "cnt": 16}, "CHIMIE ORGANICA TEO NIVEL I/II": {"medie": 9.486666666666666, "reusita": 96.7741935483871, "cnt": 31}, "MATEMATICA ST-NAT": {"medie": 7.601041666666666, "reusita": 93.84615384615384, "cnt": 390}, "PSIHOLOGIE": {"medie": 8.593333333333334, "reusita": 93.75, "cnt": 16}, "SOCIOLOGIE": {"medie": 7.609333333333333, "reusita": 94.66666666666667, "cnt": 75}, "ANATOMIE SI FIZIOLOGIE UMANA, GENETICA SI ECOLOGIE UMANA": {"medie": 7.300789473684212, "reusita": 89.82758620689654, "cnt": 580}, "CHIMIE ANORGANICA TEO NIVEL I/II": {"medie": 7.099999999999999, "reusita": 100.0, "cnt": 3}, "BIOLOGIE VEGETALA SI ANIMALA": {"medie": 5.992857142857145, "reusita": 74.46808510638297, "cnt": 141}, "MATEMATICA PED": {"medie": 7.9710526315789485, "reusita": 96.55172413793103, "cnt": 58}, "INFORMATICA SN C/C++": {"medie": 9.666666666666666, "reusita": 100.0, "cnt": 3}, "FILOSOFIE": {"medie": 8.24, "reusita": 100.0, "cnt": 15}, "LIMBA GERMANA": {"medie": 8.196666666666667, "reusita": 100.0, "cnt": 15}, "ECONOMIE": {"medie": 7.13, "reusita": 100.0, "cnt": 5}, "MATEMATICA TEHN": {"medie": 5.743259385665528, "reusita": 72.26753670473083, "cnt": 613}, "FIZICA TEH": {"medie": 4.2562500000000005, "reusita": 50.0, "cnt": 8}, "LIMBA MAGHIARA (REAL)": {"medie": 7.923076923076923, "reusita": 100.0, "cnt": 13}, "CHIMIE ORGANICA TEH NIVEL I/II": {"medie": 5.775, "reusita": 50.0, "cnt": 2}, "CHIMIE ANORGANICA TEH NIVEL I/II": {"medie": 4.475, "reusita": 50.0, "cnt": 2}, "LIMBA MAGHIARA (UMAN)": {"medie": 6.792857142857144, "reusita": 100.0, "cnt": 14}}, "nume": "Bistri\u021ba-N\u0103s\u0103ud"}