{"specializari": {"MATEMATICA-INFORMATICA": 418, "STIINTE ALE NATURII": 589, "MUZICA": 34, "STIINTE SOCIALE": 341, "FILOLOGIE": 376, "PATRIMONIU CULTURAL": 28, "TEHNICIAN IN ACTIVITATI ECONOMICE": 107, "ARTE PLASTICE SI DECORATIVE": 31, "INVATATOR - EDUCATOARE": 55, "TEHNICIAN IN TURISM": 29, "TEHNICIAN ECOLOG SI PROTECTIA CALITATII MEDIULUI": 72, "TEHNICIAN IN GASTRONOMIE": 81, "TEHNICIAN IN ACTIVITATI DE COMERT": 34, "TEHNICIAN IN ADMINISTRATIE": 21, "TEOLOGIE ORTODOXA": 35, "TEHNICIAN IN MORARIT, PANIFICATIE SI PRODUSE FAINOASE": 17, "LICEU CU PROGRAM SPORTIV": 115, "TEHNICIAN IN AUTOMATIZARI": 27, "TEHNICIAN IN INDUSTRIA ALIMENTARA": 50, "TEHNICIAN MECATRONIST": 21, "TEHNICIAN MECANIC PENTRU INTRETINERE SI REPARATII": 72, "TEHNICIAN IN INSTALATII ELECTRICE": 33, "TEHNICIAN OPERATOR TEHNICA DE CALCUL": 30, "TEHNICIAN IN AGRICULTURA": 51, "COAFOR STILIST": 11, "TEHNICIAN IN INDUSTRIA TEXTILA": 50, "TEHNICIAN DESIGNER VESTIMENTAR": 14, "TEHNICIAN PROIECTANT CAD": 14, "TEHNICIAN HORTICULTOR": 9, "TEHNICIAN ELECTRONIST": 5, "TEHNICIAN AGRONOM": 1, "TEHNICIAN VETERINAR": 11, "TEHNICIAN ELECTROMECANIC": 2, "TEHNICIAN IN PRELUCRAREA LEMNULUI": 1}, "limba_moderna": {"LIMBA ENGLEZA": 2628, "LIMBA FRANCEZA": 155, "LIMBA SPANIOLA": 2}, "limba_materna": {"LIMBA ROMANA": 2785}, "promotie_anterioara": {"NU": 2541, "DA": 244}, "materii": {"LIMBA ROMANA": {"medie": 7.018866886688651, "reusita": 90.01795332136446, "cnt": 2785}, "MATEMATICA MATE-INFO": {"medie": 7.838221153846153, "reusita": 90.9090909090909, "cnt": 418}, "INFORMATICA MI C/C++": {"medie": 7.855029585798817, "reusita": 94.67455621301775, "cnt": 169}, "GENERAL": {"medie": 7.034224201930219, "reusita": 67.3249551166966, "cnt": 2785}, "ISTORIE": {"medie": 6.959163135593227, "reusita": 87.8125, "cnt": 960}, "LOGICA, ARGUMENTARE SI COMUNICARE": {"medie": 8.036155913978495, "reusita": 92.80958721704394, "cnt": 751}, "CHIMIE ORGANICA TEO NIVEL I/II": {"medie": 9.354999999999999, "reusita": 100.0, "cnt": 40}, "MATEMATICA ST-NAT": {"medie": 6.928167808219174, "reusita": 82.51273344651952, "cnt": 589}, "FIZICA TEO": {"medie": 8.607432432432432, "reusita": 95.94594594594594, "cnt": 74}, "GEOGRAFIE": {"medie": 7.654716981132084, "reusita": 92.43353783231085, "cnt": 489}, "PSIHOLOGIE": {"medie": 8.047619047619046, "reusita": 100.0, "cnt": 21}, "ANATOMIE SI FIZIOLOGIE UMANA, GENETICA SI ECOLOGIE UMANA": {"medie": 6.8716, "reusita": 82.20244716351502, "cnt": 899}, "CHIMIE ANORGANICA TEO NIVEL I/II": {"medie": 7.855263157894737, "reusita": 94.73684210526315, "cnt": 19}, "BIOLOGIE VEGETALA SI ANIMALA": {"medie": 4.569419642857145, "reusita": 42.68774703557312, "cnt": 253}, "SOCIOLOGIE": {"medie": 7.04, "reusita": 80.76923076923077, "cnt": 26}, "INFORMATICA SN C/C++": {"medie": 8.408333333333333, "reusita": 100.0, "cnt": 12}, "MATEMATICA PED": {"medie": 9.068181818181817, "reusita": 100.0, "cnt": 55}, "FILOSOFIE": {"medie": 8.128571428571428, "reusita": 100.0, "cnt": 7}, "MATEMATICA TEHN": {"medie": 5.419605077574049, "reusita": 60.550458715596335, "cnt": 763}, "FIZICA TEH": {"medie": 6.349999999999999, "reusita": 50.0, "cnt": 14}, "ECONOMIE": {"medie": 7.2, "reusita": 100.0, "cnt": 4}, "CHIMIE ANORGANICA TEH NIVEL I/II": {"medie": 4.741666666666666, "reusita": 42.857142857142854, "cnt": 7}}, "nume": "Boto\u0219ani"}