{"specializari": {"FILOLOGIE": 376, "MATEMATICA-INFORMATICA": 418, "STIINTE ALE NATURII": 589, "MUZICA": 34, "STIINTE SOCIALE": 341, "PATRIMONIU CULTURAL": 28, "TEHNICIAN IN ACTIVITATI ECONOMICE": 107, "ARTE PLASTICE SI DECORATIVE": 31, "INVATATOR - EDUCATOARE": 55, "TEHNICIAN IN TURISM": 29, "TEHNICIAN ECOLOG SI PROTECTIA CALITATII MEDIULUI": 72, "TEHNICIAN IN GASTRONOMIE": 81, "TEOLOGIE ORTODOXA": 35, "TEHNICIAN IN ACTIVITATI DE COMERT": 34, "TEHNICIAN IN ADMINISTRATIE": 21, "TEHNICIAN IN MORARIT, PANIFICATIE SI PRODUSE FAINOASE": 17, "LICEU CU PROGRAM SPORTIV": 115, "TEHNICIAN IN AUTOMATIZARI": 27, "TEHNICIAN IN INDUSTRIA ALIMENTARA": 50, "TEHNICIAN MECATRONIST": 21, "TEHNICIAN MECANIC PENTRU INTRETINERE SI REPARATII": 72, "TEHNICIAN IN INSTALATII ELECTRICE": 33, "TEHNICIAN OPERATOR TEHNICA DE CALCUL": 30, "TEHNICIAN IN AGRICULTURA": 51, "COAFOR STILIST": 11, "TEHNICIAN IN INDUSTRIA TEXTILA": 50, "TEHNICIAN DESIGNER VESTIMENTAR": 14, "TEHNICIAN PROIECTANT CAD": 14, "TEHNICIAN HORTICULTOR": 9, "TEHNICIAN ELECTRONIST": 5, "TEHNICIAN AGRONOM": 1, "TEHNICIAN VETERINAR": 11, "TEHNICIAN ELECTROMECANIC": 2, "TEHNICIAN IN PRELUCRAREA LEMNULUI": 1}, "limba_moderna": {"LIMBA ENGLEZA": 2628, "LIMBA FRANCEZA": 155, "LIMBA SPANIOLA": 2}, "limba_materna": {"LIMBA ROMANA": 2785}, "promotie_anterioara": {"NU": 2541, "DA": 244}, "materii": {"LIMBA ROMANA": {"medie": 7.054968830216345, "reusita": 90.80789946140035, "cnt": 2785}, "MATEMATICA MATE-INFO": {"medie": 7.83894230769231, "reusita": 90.9090909090909, "cnt": 418}, "INFORMATICA MI C/C++": {"medie": 7.823964497041417, "reusita": 94.67455621301775, "cnt": 169}, "GENERAL": {"medie": 7.057640435535755, "reusita": 68.9048473967684, "cnt": 2785}, "ISTORIE": {"medie": 7.02473516949153, "reusita": 90.10416666666666, "cnt": 960}, "LOGICA, ARGUMENTARE SI COMUNICARE": {"medie": 8.047580645161291, "reusita": 92.54327563249002, "cnt": 751}, "GEOGRAFIE": {"medie": 7.6448637316561925, "reusita": 92.02453987730061, "cnt": 489}, "FIZICA TEO": {"medie": 8.610135135135135, "reusita": 97.2972972972973, "cnt": 74}, "CHIMIE ORGANICA TEO NIVEL I/II": {"medie": 9.3775, "reusita": 100.0, "cnt": 40}, "MATEMATICA ST-NAT": {"medie": 6.920719178082192, "reusita": 82.85229202037353, "cnt": 589}, "PSIHOLOGIE": {"medie": 8.047619047619046, "reusita": 100.0, "cnt": 21}, "SOCIOLOGIE": {"medie": 7.047999999999999, "reusita": 80.76923076923077, "cnt": 26}, "ANATOMIE SI FIZIOLOGIE UMANA, GENETICA SI ECOLOGIE UMANA": {"medie": 6.901314285714281, "reusita": 82.42491657397107, "cnt": 899}, "CHIMIE ANORGANICA TEO NIVEL I/II": {"medie": 7.8657894736842096, "reusita": 94.73684210526315, "cnt": 19}, "BIOLOGIE VEGETALA SI ANIMALA": {"medie": 4.600446428571431, "reusita": 41.50197628458498, "cnt": 253}, "MATEMATICA PED": {"medie": 9.07909090909091, "reusita": 100.0, "cnt": 55}, "INFORMATICA SN C/C++": {"medie": 8.408333333333333, "reusita": 100.0, "cnt": 12}, "FILOSOFIE": {"medie": 7.842857142857142, "reusita": 85.71428571428571, "cnt": 7}, "ECONOMIE": {"medie": 7.2, "reusita": 100.0, "cnt": 4}, "MATEMATICA TEHN": {"medie": 5.42228490832158, "reusita": 61.07470511140236, "cnt": 763}, "FIZICA TEH": {"medie": 6.308333333333333, "reusita": 57.14285714285714, "cnt": 14}, "CHIMIE ANORGANICA TEH NIVEL I/II": {"medie": 4.7749999999999995, "reusita": 42.857142857142854, "cnt": 7}}, "nume": "Boto\u0219ani"}