{"specializari": {"MATEMATICA-INFORMATICA": 330, "FILOLOGIE": 237, "STIINTE ALE NATURII": 268, "STIINTE SOCIALE": 155, "INVATATOR - EDUCATOARE": 48, "LICEU CU PROGRAM SPORTIV": 89, "ARTE PLASTICE SI DECORATIVE": 34, "ARHITECTURA, ARTE AMBIENTALE SI DESIGN": 30, "ARTA ACTORULUI": 28, "TEHNICIAN IN ACTIVITATI ECONOMICE": 85, "TEHNICIAN IN HOTELARIE": 21, "MUZICA": 17, "TEHNICIAN PROIECTANT CAD": 9, "TEHNICIAN IN GASTRONOMIE": 59, "TEHNICIAN IN ACTIVITATI DE COMERT": 44, "TEHNICIAN ANALIZE PRODUSE ALIMENTARE": 27, "TEHNICIAN ECOLOG SI PROTECTIA CALITATII MEDIULUI": 24, "TEHNICIAN ELECTRICIAN/ELECTRONIST AUTO": 18, "TEHNICIAN VETERINAR": 11, "TEHNICIAN OPERATOR TEHNICA DE CALCUL": 17, "TEHNICIAN MECATRONIST": 14, "TEHNICIAN IN INSTALATII ELECTRICE": 20, "TEHNICIAN DESIGNER MOBILA SI AMENAJARI INTERIOARE": 8, "TEHNICIAN TRANSPORTURI": 14, "TEHNICIAN IN INDUSTRIA PIELARIEI": 2, "TEHNICIAN IN PRELUCRAREA LEMNULUI": 5, "TEHNICIAN IN INDUSTRIA ALIMENTARA": 11, "TEHNICIAN DESIGNER VESTIMENTAR": 3, "TEHNICIAN MECANIC PENTRU INTRETINERE SI REPARATII": 5, "COAFOR STILIST": 1, "TEHNICIAN ELECTROMECANIC": 3, "TEHNICIAN IN TURISM": 4, "TEHNICIAN IN AUTOMATIZARI": 1, "TEHNICIAN IN ADMINISTRATIE": 1, "TEHNICIAN DE TELECOMUNICATII": 2, "TEHNICIAN AGRONOM": 1, "TEHNICIAN IN CONSTRUCTII SI LUCRARI PUBLICE": 2, "TEHNICIAN ELECTROTEHNIST": 1}, "limba_moderna": {"LIMBA ENGLEZA": 1574, "LIMBA FRANCEZA": 67, "LIMBA GERMANA MODERNA": 3, "LIMBA RUSA": 5}, "limba_materna": {"LIMBA ROMANA": 1649}, "promotie_anterioara": {"NU": 1464, "DA": 185}, "materii": {"LIMBA ROMANA": {"medie": 7.43627149877148, "reusita": 95.81564584596725, "cnt": 1649}, "MATEMATICA MATE-INFO": {"medie": 8.405504587155962, "reusita": 96.96969696969697, "cnt": 330}, "INFORMATICA MI C/C++": {"medie": 8.174015748031495, "reusita": 97.63779527559055, "cnt": 127}, "GENERAL": {"medie": 7.595558322955583, "reusita": 82.4742268041237, "cnt": 1649}, "ISTORIE": {"medie": 7.445477815699666, "reusita": 95.25423728813558, "cnt": 590}, "LOGICA, ARGUMENTARE SI COMUNICARE": {"medie": 8.237723214285714, "reusita": 97.78761061946902, "cnt": 226}, "GEOGRAFIE": {"medie": 7.6315298507462614, "reusita": 95.76427255985267, "cnt": 543}, "FIZICA TEO": {"medie": 8.692307692307692, "reusita": 98.71794871794873, "cnt": 78}, "CHIMIE ORGANICA TEO NIVEL I/II": {"medie": 9.295652173913044, "reusita": 100.0, "cnt": 69}, "MATEMATICA ST-NAT": {"medie": 8.186415094339617, "reusita": 96.26865671641791, "cnt": 268}, "PSIHOLOGIE": {"medie": 8.138333333333334, "reusita": 100.0, "cnt": 30}, "SOCIOLOGIE": {"medie": 7.65909090909091, "reusita": 97.72727272727273, "cnt": 44}, "ANATOMIE SI FIZIOLOGIE UMANA, GENETICA SI ECOLOGIE UMANA": {"medie": 7.789705882352939, "reusita": 88.52459016393442, "cnt": 244}, "CHIMIE ANORGANICA TEO NIVEL I/II": {"medie": 9.4, "reusita": 100.0, "cnt": 1}, "BIOLOGIE VEGETALA SI ANIMALA": {"medie": 6.393829787234038, "reusita": 72.98387096774194, "cnt": 248}, "MATEMATICA PED": {"medie": 9.108333333333336, "reusita": 100.0, "cnt": 48}, "INFORMATICA SN C/C++": {"medie": 8.643749999999999, "reusita": 100.0, "cnt": 8}, "FILOSOFIE": {"medie": 8.330000000000002, "reusita": 100.0, "cnt": 5}, "ECONOMIE": {"medie": 7.010000000000001, "reusita": 100.0, "cnt": 5}, "MATEMATICA TEHN": {"medie": 6.417352185089974, "reusita": 83.29297820823246, "cnt": 413}, "FIZICA TEH": {"medie": 4.94375, "reusita": 55.55555555555556, "cnt": 9}, "CHIMIE ORGANICA TEH NIVEL I/II": {"medie": 3.1, "reusita": 0.0, "cnt": 1}, "CHIMIE ANORGANICA TEH NIVEL I/II": {"medie": 6.781818181818182, "reusita": 100.0, "cnt": 11}}, "nume": "Br\u0103ila"}