{"specializari": {"STIINTE ALE NATURII": 268, "STIINTE SOCIALE": 155, "MATEMATICA-INFORMATICA": 330, "FILOLOGIE": 237, "INVATATOR - EDUCATOARE": 48, "LICEU CU PROGRAM SPORTIV": 89, "ARTE PLASTICE SI DECORATIVE": 34, "ARHITECTURA, ARTE AMBIENTALE SI DESIGN": 30, "TEHNICIAN IN ACTIVITATI ECONOMICE": 85, "TEHNICIAN IN HOTELARIE": 21, "ARTA ACTORULUI": 28, "MUZICA": 17, "TEHNICIAN PROIECTANT CAD": 9, "TEHNICIAN IN GASTRONOMIE": 59, "TEHNICIAN IN ACTIVITATI DE COMERT": 44, "TEHNICIAN ANALIZE PRODUSE ALIMENTARE": 27, "TEHNICIAN ECOLOG SI PROTECTIA CALITATII MEDIULUI": 24, "TEHNICIAN ELECTRICIAN/ELECTRONIST AUTO": 18, "TEHNICIAN VETERINAR": 11, "TEHNICIAN OPERATOR TEHNICA DE CALCUL": 17, "TEHNICIAN MECATRONIST": 14, "TEHNICIAN IN INSTALATII ELECTRICE": 20, "TEHNICIAN DESIGNER MOBILA SI AMENAJARI INTERIOARE": 8, "TEHNICIAN TRANSPORTURI": 14, "TEHNICIAN IN INDUSTRIA PIELARIEI": 2, "TEHNICIAN IN PRELUCRAREA LEMNULUI": 5, "TEHNICIAN IN INDUSTRIA ALIMENTARA": 11, "TEHNICIAN DESIGNER VESTIMENTAR": 3, "TEHNICIAN MECANIC PENTRU INTRETINERE SI REPARATII": 5, "COAFOR STILIST": 1, "TEHNICIAN ELECTROMECANIC": 3, "TEHNICIAN IN TURISM": 4, "TEHNICIAN IN ADMINISTRATIE": 1, "TEHNICIAN IN AUTOMATIZARI": 1, "TEHNICIAN DE TELECOMUNICATII": 2, "TEHNICIAN AGRONOM": 1, "TEHNICIAN IN CONSTRUCTII SI LUCRARI PUBLICE": 2, "TEHNICIAN ELECTROTEHNIST": 1}, "limba_moderna": {"LIMBA ENGLEZA": 1574, "LIMBA FRANCEZA": 67, "LIMBA GERMANA MODERNA": 3, "LIMBA RUSA": 5}, "limba_materna": {"LIMBA ROMANA": 1649}, "promotie_anterioara": {"NU": 1464, "DA": 185}, "materii": {"LIMBA ROMANA": {"medie": 7.4014742014741906, "reusita": 95.14857489387506, "cnt": 1649}, "MATEMATICA MATE-INFO": {"medie": 8.373700305810393, "reusita": 96.06060606060606, "cnt": 330}, "INFORMATICA MI C/C++": {"medie": 8.115748031496063, "reusita": 96.8503937007874, "cnt": 127}, "GENERAL": {"medie": 7.565078870900788, "reusita": 80.2910855063675, "cnt": 1649}, "ISTORIE": {"medie": 7.375853242320827, "reusita": 94.0677966101695, "cnt": 590}, "LOGICA, ARGUMENTARE SI COMUNICARE": {"medie": 8.165401785714286, "reusita": 96.46017699115043, "cnt": 226}, "CHIMIE ORGANICA TEO NIVEL I/II": {"medie": 9.302173913043479, "reusita": 100.0, "cnt": 69}, "MATEMATICA ST-NAT": {"medie": 8.186981132075466, "reusita": 96.26865671641791, "cnt": 268}, "FIZICA TEO": {"medie": 8.683974358974357, "reusita": 98.71794871794873, "cnt": 78}, "GEOGRAFIE": {"medie": 7.634141791044768, "reusita": 96.13259668508287, "cnt": 543}, "PSIHOLOGIE": {"medie": 8.113333333333333, "reusita": 100.0, "cnt": 30}, "ANATOMIE SI FIZIOLOGIE UMANA, GENETICA SI ECOLOGIE UMANA": {"medie": 7.774579831932771, "reusita": 88.52459016393442, "cnt": 244}, "CHIMIE ANORGANICA TEO NIVEL I/II": {"medie": 9.4, "reusita": 100.0, "cnt": 1}, "BIOLOGIE VEGETALA SI ANIMALA": {"medie": 6.388723404255315, "reusita": 74.19354838709677, "cnt": 248}, "SOCIOLOGIE": {"medie": 7.642045454545457, "reusita": 97.72727272727273, "cnt": 44}, "INFORMATICA SN C/C++": {"medie": 8.618749999999999, "reusita": 100.0, "cnt": 8}, "MATEMATICA PED": {"medie": 9.109375000000002, "reusita": 100.0, "cnt": 48}, "FILOSOFIE": {"medie": 8.260000000000002, "reusita": 100.0, "cnt": 5}, "MATEMATICA TEHN": {"medie": 6.3960154241645215, "reusita": 81.59806295399515, "cnt": 413}, "FIZICA TEH": {"medie": 4.9437500000000005, "reusita": 55.55555555555556, "cnt": 9}, "ECONOMIE": {"medie": 6.56, "reusita": 80.0, "cnt": 5}, "CHIMIE ANORGANICA TEH NIVEL I/II": {"medie": 6.781818181818182, "reusita": 100.0, "cnt": 11}, "CHIMIE ORGANICA TEH NIVEL I/II": {"medie": 3.1, "reusita": 0.0, "cnt": 1}}, "nume": "Br\u0103ila"}