{"specializari": {"MATEMATICA-INFORMATICA": 535, "STIINTE SOCIALE": 260, "STIINTE ALE NATURII": 771, "FILOLOGIE": 342, "LICEU CU PROGRAM SPORTIV": 33, "ARHITECTURA, ARTE AMBIENTALE SI DESIGN": 33, "MUZICA": 31, "TEHNICIAN IN ACTIVITATI ECONOMICE": 206, "INVATATOR - EDUCATOARE": 47, "EDUCATOR-PUERICULTOR": 28, "ARTE PLASTICE SI DECORATIVE": 31, "TEHNICIAN IN ACHIZITII SI CONTRACTARI": 25, "TEOLOGIE ORTODOXA": 55, "TEHNICIAN ECOLOG SI PROTECTIA CALITATII MEDIULUI": 68, "TEHNICIAN IN GASTRONOMIE": 39, "TEHNICIAN IN ADMINISTRATIE": 31, "TEHNICIAN DESIGNER VESTIMENTAR": 48, "COAFOR STILIST": 24, "TEHNICIAN IN AUTOMATIZARI": 70, "TEHNICIAN IN TURISM": 42, "TEHNICIAN MECATRONIST": 73, "TEHNICIAN IN ACTIVITATI DE COMERT": 35, "TEHNICIAN PRODUCTIE FILM SI TELEVIZIUNE": 33, "TEHNICIAN IN HOTELARIE": 23, "TEHNICIAN IN SILVICULTURA SI EXPLOATARI FORESTIERE": 56, "TEHNICIAN PROIECTANT CAD": 31, "TEHNICIAN DESIGNER MOBILA SI AMENAJARI INTERIOARE": 27, "TEHNICIAN AVIATIE": 46, "TEHNICIAN IN INSTALATII ELECTRICE": 27, "TEHNICIAN INSTALATII DE BORD (AVION)": 21, "TEHNICIAN AGROMONTAN": 2, "TEHNICIAN ANALIZE PRODUSE ALIMENTARE": 25, "TEHNICIAN PRELUCRARI MECANICE": 15, "TEHNICIAN ELECTROTEHNIST": 2, "TEHNICIAN VETERINAR": 19, "TEHNICIAN MECANIC PENTRU INTRETINERE SI REPARATII": 20, "TEHNICIAN PRELUCRARI PE MASINI CU COMANDA NUMERICA": 6, "TEHNICIAN DESENATOR PENTRU CONSTRUCTII SI INSTALATII": 9, "TEHNICIAN INSTALATOR PENTRU CONSTRUCTII": 2, "ORGANIZATOR BANQUETING": 12, "TEHNICIAN IN INDUSTRIA TEXTILA": 3, "TEHNICIAN ELECTRICIAN/ELECTRONIST AUTO": 3, "TEHNICIAN TRANSPORTURI": 6, "TEHNICIAN IN INDUSTRIA ALIMENTARA": 6, "TEHNICIAN CHIMIST DE LABORATOR": 2, "TEHNICIAN DE TELECOMUNICATII": 1, "TEHNICIAN IN AGROTURISM": 2, "TEHNICIAN OPERATOR TEHNICA DE CALCUL": 3, "TEHNICIAN IN AGRICULTURA": 1, "TEHNICIAN OPERATOR PROCESARE TEXT IMAGINE": 3, "TEHNICIAN ELECTRONIST": 1, "TEHNICIAN ELECTROMECANIC": 1, "TEHNICIAN IN PRELUCRAREA LEMNULUI": 5, "TEHNICIAN IN INDUSTRIA PIELARIEI": 1}, "limba_moderna": {"LIMBA ENGLEZA": 2946, "LIMBA FRANCEZA": 165, "LIMBA GERMANA MODERNA": 106, "LIMBA SPANIOLA": 24}, "limba_materna": {"LIMBA ROMANA": 2975, "LIMBA GERMANA": 142, "LIMBA MAGHIARA": 124}, "promotie_anterioara": {"NU": 2849, "DA": 392}, "materii": {"LIMBA ROMANA": {"medie": 7.196996576408322, "reusita": 94.63128663992595, "cnt": 3241}, "MATEMATICA MATE-INFO": {"medie": 8.293632958801497, "reusita": 98.3177570093458, "cnt": 535}, "INFORMATICA MI C/C++": {"medie": 8.5011583011583, "reusita": 98.84615384615385, "cnt": 260}, "GENERAL": {"medie": 7.437423547400606, "reusita": 78.9262573279852, "cnt": 3241}, "ISTORIE": {"medie": 7.471980074719808, "reusita": 94.58794587945879, "cnt": 813}, "LOGICA, ARGUMENTARE SI COMUNICARE": {"medie": 8.458016032064124, "reusita": 96.81274900398407, "cnt": 502}, "GEOGRAFIE": {"medie": 7.475879765395899, "reusita": 94.21965317919076, "cnt": 692}, "FIZICA TEO": {"medie": 8.861805555555557, "reusita": 97.22222222222221, "cnt": 72}, "CHIMIE ORGANICA TEO NIVEL I/II": {"medie": 8.94765625, "reusita": 98.46153846153847, "cnt": 65}, "MATEMATICA ST-NAT": {"medie": 8.109921671018279, "reusita": 95.20103761348896, "cnt": 771}, "PSIHOLOGIE": {"medie": 7.401851851851852, "reusita": 100.0, "cnt": 27}, "SOCIOLOGIE": {"medie": 7.8193548387096765, "reusita": 100.0, "cnt": 31}, "ANATOMIE SI FIZIOLOGIE UMANA, GENETICA SI ECOLOGIE UMANA": {"medie": 7.72639211136891, "reusita": 90.4707233065442, "cnt": 871}, "CHIMIE ANORGANICA TEO NIVEL I/II": {"medie": 8.161904761904761, "reusita": 95.23809523809523, "cnt": 63}, "BIOLOGIE VEGETALA SI ANIMALA": {"medie": 6.09331275720165, "reusita": 69.80392156862744, "cnt": 510}, "MATEMATICA PED": {"medie": 7.209574468085107, "reusita": 85.1063829787234, "cnt": 47}, "INFORMATICA SN C/C++": {"medie": 8.278571428571427, "reusita": 97.14285714285714, "cnt": 35}, "FILOSOFIE": {"medie": 7.799999999999999, "reusita": 85.71428571428571, "cnt": 7}, "LIMBA GERMANA": {"medie": 7.305985915492955, "reusita": 97.1830985915493, "cnt": 142}, "ECONOMIE": {"medie": 6.372368421052633, "reusita": 89.47368421052632, "cnt": 38}, "MATEMATICA TEHN": {"medie": 6.446061479346791, "reusita": 83.53488372093022, "cnt": 1075}, "FIZICA TEH": {"medie": 5.810714285714286, "reusita": 54.83870967741935, "cnt": 31}, "LIMBA MAGHIARA (REAL)": {"medie": 7.657547169811322, "reusita": 96.29629629629629, "cnt": 108}, "CHIMIE ORGANICA TEH NIVEL I/II": {"medie": 3.875, "reusita": 40.0, "cnt": 5}, "CHIMIE ANORGANICA TEH NIVEL I/II": {"medie": 6.337931034482758, "reusita": 78.125, "cnt": 32}, "LIMBA MAGHIARA (UMAN)": {"medie": 8.059375000000001, "reusita": 100.0, "cnt": 16}}, "nume": "Bra\u0219ov"}