{"specializari": {"MATEMATICA-INFORMATICA": 535, "STIINTE SOCIALE": 260, "STIINTE ALE NATURII": 771, "FILOLOGIE": 342, "LICEU CU PROGRAM SPORTIV": 33, "ARHITECTURA, ARTE AMBIENTALE SI DESIGN": 33, "MUZICA": 31, "TEHNICIAN IN ACTIVITATI ECONOMICE": 206, "INVATATOR - EDUCATOARE": 47, "ARTE PLASTICE SI DECORATIVE": 31, "TEHNICIAN IN ACHIZITII SI CONTRACTARI": 25, "TEHNICIAN ECOLOG SI PROTECTIA CALITATII MEDIULUI": 68, "TEOLOGIE ORTODOXA": 55, "EDUCATOR-PUERICULTOR": 28, "TEHNICIAN IN GASTRONOMIE": 39, "TEHNICIAN IN ADMINISTRATIE": 31, "TEHNICIAN DESIGNER VESTIMENTAR": 48, "COAFOR STILIST": 24, "TEHNICIAN IN AUTOMATIZARI": 70, "TEHNICIAN IN TURISM": 42, "TEHNICIAN MECATRONIST": 73, "TEHNICIAN IN ACTIVITATI DE COMERT": 35, "TEHNICIAN PRODUCTIE FILM SI TELEVIZIUNE": 33, "TEHNICIAN IN HOTELARIE": 23, "TEHNICIAN IN SILVICULTURA SI EXPLOATARI FORESTIERE": 56, "TEHNICIAN AVIATIE": 46, "TEHNICIAN PROIECTANT CAD": 31, "TEHNICIAN DESIGNER MOBILA SI AMENAJARI INTERIOARE": 27, "TEHNICIAN IN INSTALATII ELECTRICE": 27, "TEHNICIAN INSTALATII DE BORD (AVION)": 21, "TEHNICIAN AGROMONTAN": 2, "TEHNICIAN ANALIZE PRODUSE ALIMENTARE": 25, "TEHNICIAN PRELUCRARI MECANICE": 15, "TEHNICIAN ELECTROTEHNIST": 2, "TEHNICIAN VETERINAR": 19, "TEHNICIAN MECANIC PENTRU INTRETINERE SI REPARATII": 20, "TEHNICIAN PRELUCRARI PE MASINI CU COMANDA NUMERICA": 6, "TEHNICIAN DESENATOR PENTRU CONSTRUCTII SI INSTALATII": 9, "TEHNICIAN INSTALATOR PENTRU CONSTRUCTII": 2, "ORGANIZATOR BANQUETING": 12, "TEHNICIAN IN INDUSTRIA TEXTILA": 3, "TEHNICIAN ELECTRICIAN/ELECTRONIST AUTO": 3, "TEHNICIAN CHIMIST DE LABORATOR": 2, "TEHNICIAN TRANSPORTURI": 6, "TEHNICIAN DE TELECOMUNICATII": 1, "TEHNICIAN IN INDUSTRIA ALIMENTARA": 6, "TEHNICIAN IN AGROTURISM": 2, "TEHNICIAN OPERATOR TEHNICA DE CALCUL": 3, "TEHNICIAN IN AGRICULTURA": 1, "TEHNICIAN OPERATOR PROCESARE TEXT IMAGINE": 3, "TEHNICIAN ELECTRONIST": 1, "TEHNICIAN ELECTROMECANIC": 1, "TEHNICIAN IN PRELUCRAREA LEMNULUI": 5, "TEHNICIAN IN INDUSTRIA PIELARIEI": 1}, "limba_moderna": {"LIMBA ENGLEZA": 2946, "LIMBA FRANCEZA": 165, "LIMBA GERMANA MODERNA": 106, "LIMBA SPANIOLA": 24}, "limba_materna": {"LIMBA ROMANA": 2975, "LIMBA GERMANA": 142, "LIMBA MAGHIARA": 124}, "promotie_anterioara": {"NU": 2849, "DA": 392}, "materii": {"LIMBA ROMANA": {"medie": 7.149953314659173, "reusita": 94.04504782474545, "cnt": 3241}, "MATEMATICA MATE-INFO": {"medie": 8.287734082397003, "reusita": 98.3177570093458, "cnt": 535}, "INFORMATICA MI C/C++": {"medie": 8.466988416988414, "reusita": 98.07692307692307, "cnt": 260}, "GENERAL": {"medie": 7.415192976906051, "reusita": 77.01326751002777, "cnt": 3241}, "ISTORIE": {"medie": 7.407907845579079, "reusita": 91.5129151291513, "cnt": 813}, "LOGICA, ARGUMENTARE SI COMUNICARE": {"medie": 8.44699398797595, "reusita": 96.41434262948208, "cnt": 502}, "CHIMIE ORGANICA TEO NIVEL I/II": {"medie": 8.94765625, "reusita": 98.46153846153847, "cnt": 65}, "MATEMATICA ST-NAT": {"medie": 8.119125326370762, "reusita": 95.20103761348896, "cnt": 771}, "FIZICA TEO": {"medie": 8.867361111111114, "reusita": 97.22222222222221, "cnt": 72}, "GEOGRAFIE": {"medie": 7.4257331378299245, "reusita": 92.91907514450867, "cnt": 692}, "PSIHOLOGIE": {"medie": 7.455555555555555, "reusita": 100.0, "cnt": 27}, "ANATOMIE SI FIZIOLOGIE UMANA, GENETICA SI ECOLOGIE UMANA": {"medie": 7.762064965197218, "reusita": 91.96326061997704, "cnt": 871}, "CHIMIE ANORGANICA TEO NIVEL I/II": {"medie": 8.176190476190476, "reusita": 95.23809523809523, "cnt": 63}, "BIOLOGIE VEGETALA SI ANIMALA": {"medie": 6.093930041152264, "reusita": 70.3921568627451, "cnt": 510}, "SOCIOLOGIE": {"medie": 7.74032258064516, "reusita": 100.0, "cnt": 31}, "INFORMATICA SN C/C++": {"medie": 8.204285714285714, "reusita": 94.28571428571428, "cnt": 35}, "MATEMATICA PED": {"medie": 7.243617021276595, "reusita": 85.1063829787234, "cnt": 47}, "FILOSOFIE": {"medie": 7.871428571428571, "reusita": 85.71428571428571, "cnt": 7}, "LIMBA GERMANA": {"medie": 7.3320422535211245, "reusita": 97.1830985915493, "cnt": 142}, "MATEMATICA TEHN": {"medie": 6.449183477425556, "reusita": 83.06976744186046, "cnt": 1075}, "FIZICA TEH": {"medie": 5.850000000000001, "reusita": 54.83870967741935, "cnt": 31}, "LIMBA MAGHIARA (REAL)": {"medie": 7.6259433962264165, "reusita": 95.37037037037037, "cnt": 108}, "ECONOMIE": {"medie": 6.31842105263158, "reusita": 84.21052631578947, "cnt": 38}, "CHIMIE ANORGANICA TEH NIVEL I/II": {"medie": 6.343103448275862, "reusita": 78.125, "cnt": 32}, "LIMBA MAGHIARA (UMAN)": {"medie": 8.03125, "reusita": 100.0, "cnt": 16}, "CHIMIE ORGANICA TEH NIVEL I/II": {"medie": 3.875, "reusita": 40.0, "cnt": 5}}, "nume": "Bra\u0219ov"}