{"specializari": {"MATEMATICA-INFORMATICA": 4160, "FILOLOGIE": 3093, "STIINTE SOCIALE": 1514, "STIINTE ALE NATURII": 1966, "TEHNICIAN IN ACTIVITATI ECONOMICE": 1276, "MUZICA": 131, "ARTE PLASTICE SI DECORATIVE": 245, "TEHNICIAN IN TURISM": 403, "TEOLOGIE ADVENTISTA": 63, "INVATATOR - EDUCATOARE": 78, "COREGRAFIE": 18, "TEHNICIAN IN ADMINISTRATIE": 78, "TEOLOGIE ORTODOXA": 43, "LICEU CU PROGRAM SPORTIV": 770, "TEOLOGIE PENTICOSTALA": 29, "ARTA ACTORULUI": 30, "TEHNICIAN IN ACHIZITII SI CONTRACTARI": 71, "ARHITECTURA, ARTE AMBIENTALE SI DESIGN": 111, "TEHNICIAN MECATRONIST": 139, "GHID TURISM RELIGIOS": 55, "TEHNICIAN IN GASTRONOMIE": 206, "TEOLOGIE BAPTISTA": 23, "TEHNICIAN IN HOTELARIE": 174, "TEHNICIAN ECOLOG SI PROTECTIA CALITATII MEDIULUI": 141, "TEHNICIAN IN ACTIVITATI DE COMERT": 95, "TEHNICIAN IN INSTALATII ELECTRICE": 122, "TEHNICIAN IN INDUSTRIA TEXTILA": 2, "TEHNICIAN IN AUTOMATIZARI": 34, "TEHNICIAN IN ACTIVITATI DE POSTA": 64, "TEHNICIAN MULTIMEDIA": 18, "COAFOR STILIST": 65, "ORGANIZATOR BANQUETING": 144, "TEHNICIAN ELECTROMECANIC": 55, "PATRIMONIU CULTURAL": 24, "TEHNICIAN PRODUCTIE FILM SI TELEVIZIUNE": 75, "TEHNICIAN DESIGNER VESTIMENTAR": 38, "TEHNICIAN IN INDUSTRIA ALIMENTARA": 42, "TEHNICIAN TRANSPORTURI": 124, "TEHNICIAN PROIECTANT CAD": 54, "TEHNICIAN CHIMIST DE LABORATOR": 33, "TEHNICIAN ANALIZE PRODUSE ALIMENTARE": 60, "TEHNICIAN INSTALATOR PENTRU CONSTRUCTII": 12, "TEHNICIAN HORTICULTOR": 19, "TEHNICIAN ELECTROTEHNIST": 38, "TEHNICIAN DESENATOR PENTRU CONSTRUCTII SI INSTALATII": 63, "TEHNICIAN VETERINAR": 29, "TEHNICIAN INSTALATII DE BORD (AVION)": 20, "TEHNICIAN DE TELECOMUNICATII": 33, "TEHNICIAN MECANIC PENTRU INTRETINERE SI REPARATII": 138, "TEHNICIAN ELECTRICIAN/ELECTRONIST AUTO": 51, "TEHNICIAN AVIATIE": 27, "TEHNICIAN OPERATOR PROCESARE TEXT IMAGINE": 37, "TEHNICIAN OPERATOR TEHNICA DE CALCUL": 41, "TEHNICIAN METROLOG": 70, "TEHNICIAN IN PRELUCRAREA LEMNULUI": 7, "TEHNICIAN IN AGRICULTURA ECOLOGICA": 1, "TEHNICIAN IN CONSTRUCTII SI LUCRARI PUBLICE": 12, "TEHNICIAN ENERGETICIAN": 24, "TEHNICIAN PRELUCRARI MECANICE": 33, "TEHNICIAN POLIGRAF": 19, "TEHNICIAN IN INDUSTRIA PIELARIEI": 2, "TEHNICIAN DESIGNER MOBILA SI AMENAJARI INTERIOARE": 13, "TEHNICIAN ELECTRONIST": 7, "TEHNICIAN PENTRU ANIMALE DE COMPANIE": 1, "TEHNICIAN IN CHIMIE INDUSTRIALA": 1, "TEHNICIAN IN AGRICULTURA": 14, "TEHNICIAN PRELUCRARI LA CALD": 1}, "limba_moderna": {"LIMBA ENGLEZA": 15972, "LIMBA FRANCEZA": 368, "LIMBA GERMANA MODERNA": 103, "LIMBA JAPONEZA": 7, "LIMBA SPANIOLA": 69, "LIMBA EBRAICA": 1, "LIMBA ITALIANA": 47, "LIMBA PORTUGHEZA": 5, "LIMBA CHINEZA": 3, "LIMBA RUSA": 4}, "limba_materna": {"LIMBA ROMANA": 16479, "LIMBA GERMANA": 61, "LIMBA ITALIANA": 26, "LIMBA MAGHIARA": 13}, "promotie_anterioara": {"NU": 14585, "DA": 1994}, "materii": {"LIMBA ROMANA": {"medie": 7.1101394751330975, "reusita": 92.05018396766994, "cnt": 16579}, "MATEMATICA MATE-INFO": {"medie": 8.021250302883464, "reusita": 94.85576923076923, "cnt": 4160}, "INFORMATICA MI C/C++": {"medie": 8.309447348767732, "reusita": 96.79582712369597, "cnt": 1342}, "GENERAL": {"medie": 7.376686618988451, "reusita": 76.40388443211292, "cnt": 16579}, "ISTORIE": {"medie": 7.569656709027861, "reusita": 92.82810213042771, "cnt": 6149}, "LOGICA, ARGUMENTARE SI COMUNICARE": {"medie": 8.160379282218608, "reusita": 92.49394673123487, "cnt": 2478}, "GEOGRAFIE": {"medie": 7.689309551208269, "reusita": 93.2776900518836, "cnt": 4433}, "FIZICA TEO": {"medie": 8.66469838572642, "reusita": 97.79847586790855, "cnt": 1181}, "CHIMIE ORGANICA TEO NIVEL I/II": {"medie": 9.268976897689766, "reusita": 98.84868421052632, "cnt": 608}, "MATEMATICA ST-NAT": {"medie": 7.715607235142111, "reusita": 91.25127161749745, "cnt": 1966}, "PSIHOLOGIE": {"medie": 7.743868739205534, "reusita": 97.10391822827938, "cnt": 587}, "SOCIOLOGIE": {"medie": 7.265457115928377, "reusita": 92.10770659238626, "cnt": 1077}, "ANATOMIE SI FIZIOLOGIE UMANA, GENETICA SI ECOLOGIE UMANA": {"medie": 7.32828540225701, "reusita": 90.55655296229801, "cnt": 2785}, "CHIMIE ANORGANICA TEO NIVEL I/II": {"medie": 8.055769230769231, "reusita": 92.3076923076923, "cnt": 52}, "BIOLOGIE VEGETALA SI ANIMALA": {"medie": 4.945827679782897, "reusita": 46.93118412895226, "cnt": 1613}, "MATEMATICA PED": {"medie": 8.94423076923077, "reusita": 100.0, "cnt": 78}, "INFORMATICA SN C/C++": {"medie": 8.475925925925925, "reusita": 96.36363636363636, "cnt": 55}, "FILOSOFIE": {"medie": 8.226999999999999, "reusita": 94.33962264150944, "cnt": 53}, "LIMBA GERMANA": {"medie": 7.818032786885245, "reusita": 100.0, "cnt": 61}, "ECONOMIE": {"medie": 7.094857142857139, "reusita": 92.0, "cnt": 175}, "MATEMATICA TEHN": {"medie": 6.130615039840634, "reusita": 74.18362517747279, "cnt": 4226}, "FIZICA TEH": {"medie": 5.035185185185185, "reusita": 47.87234042553192, "cnt": 94}, "LIMBA MAGHIARA (REAL)": {"medie": 7.073076923076924, "reusita": 100.0, "cnt": 13}, "CHIMIE ORGANICA TEH NIVEL I/II": {"medie": 3.56875, "reusita": 18.181818181818183, "cnt": 11}, "CHIMIE ANORGANICA TEH NIVEL I/II": {"medie": 5.0360000000000005, "reusita": 50.0, "cnt": 32}, "INFORMATICA MI PASCAL": {"medie": 7.8, "reusita": 66.66666666666666, "cnt": 3}, "LIMBA ITALIANA": {"medie": 6.380769230769232, "reusita": 69.23076923076923, "cnt": 26}}, "nume": "Bucure\u0219ti"}