{"specializari": {"MATEMATICA-INFORMATICA": 4160, "FILOLOGIE": 3093, "STIINTE SOCIALE": 1514, "STIINTE ALE NATURII": 1966, "ARTE PLASTICE SI DECORATIVE": 245, "TEHNICIAN IN TURISM": 403, "TEOLOGIE ADVENTISTA": 63, "INVATATOR - EDUCATOARE": 78, "TEHNICIAN IN ACTIVITATI ECONOMICE": 1276, "COREGRAFIE": 18, "MUZICA": 131, "TEHNICIAN IN ADMINISTRATIE": 78, "TEOLOGIE ORTODOXA": 43, "LICEU CU PROGRAM SPORTIV": 770, "TEOLOGIE PENTICOSTALA": 29, "ARTA ACTORULUI": 30, "TEHNICIAN IN ACHIZITII SI CONTRACTARI": 71, "ARHITECTURA, ARTE AMBIENTALE SI DESIGN": 111, "TEHNICIAN MECATRONIST": 139, "GHID TURISM RELIGIOS": 55, "TEHNICIAN IN HOTELARIE": 174, "TEHNICIAN ECOLOG SI PROTECTIA CALITATII MEDIULUI": 141, "TEHNICIAN IN GASTRONOMIE": 206, "TEHNICIAN IN INSTALATII ELECTRICE": 122, "TEHNICIAN IN INDUSTRIA TEXTILA": 2, "TEHNICIAN IN AUTOMATIZARI": 34, "TEHNICIAN IN ACTIVITATI DE POSTA": 64, "TEOLOGIE BAPTISTA": 23, "TEHNICIAN MULTIMEDIA": 18, "COAFOR STILIST": 65, "TEHNICIAN ELECTROMECANIC": 55, "PATRIMONIU CULTURAL": 24, "TEHNICIAN IN ACTIVITATI DE COMERT": 95, "TEHNICIAN PRODUCTIE FILM SI TELEVIZIUNE": 75, "TEHNICIAN DESIGNER VESTIMENTAR": 38, "TEHNICIAN IN INDUSTRIA ALIMENTARA": 42, "ORGANIZATOR BANQUETING": 144, "TEHNICIAN TRANSPORTURI": 124, "TEHNICIAN PROIECTANT CAD": 54, "TEHNICIAN CHIMIST DE LABORATOR": 33, "TEHNICIAN INSTALATOR PENTRU CONSTRUCTII": 12, "TEHNICIAN HORTICULTOR": 19, "TEHNICIAN DESENATOR PENTRU CONSTRUCTII SI INSTALATII": 63, "TEHNICIAN ELECTROTEHNIST": 38, "TEHNICIAN VETERINAR": 29, "TEHNICIAN ANALIZE PRODUSE ALIMENTARE": 60, "TEHNICIAN INSTALATII DE BORD (AVION)": 20, "TEHNICIAN DE TELECOMUNICATII": 33, "TEHNICIAN MECANIC PENTRU INTRETINERE SI REPARATII": 138, "TEHNICIAN ELECTRICIAN/ELECTRONIST AUTO": 51, "TEHNICIAN AVIATIE": 27, "TEHNICIAN OPERATOR PROCESARE TEXT IMAGINE": 37, "TEHNICIAN OPERATOR TEHNICA DE CALCUL": 41, "TEHNICIAN METROLOG": 70, "TEHNICIAN IN PRELUCRAREA LEMNULUI": 7, "TEHNICIAN IN CONSTRUCTII SI LUCRARI PUBLICE": 12, "TEHNICIAN IN AGRICULTURA ECOLOGICA": 1, "TEHNICIAN ENERGETICIAN": 24, "TEHNICIAN PRELUCRARI MECANICE": 33, "TEHNICIAN POLIGRAF": 19, "TEHNICIAN DESIGNER MOBILA SI AMENAJARI INTERIOARE": 13, "TEHNICIAN IN INDUSTRIA PIELARIEI": 2, "TEHNICIAN ELECTRONIST": 7, "TEHNICIAN PENTRU ANIMALE DE COMPANIE": 1, "TEHNICIAN IN CHIMIE INDUSTRIALA": 1, "TEHNICIAN IN AGRICULTURA": 14, "TEHNICIAN PRELUCRARI LA CALD": 1}, "limba_moderna": {"LIMBA ENGLEZA": 15972, "LIMBA GERMANA MODERNA": 103, "LIMBA FRANCEZA": 368, "LIMBA JAPONEZA": 7, "LIMBA SPANIOLA": 69, "LIMBA EBRAICA": 1, "LIMBA ITALIANA": 47, "LIMBA PORTUGHEZA": 5, "LIMBA CHINEZA": 3, "LIMBA RUSA": 4}, "limba_materna": {"LIMBA ROMANA": 16479, "LIMBA GERMANA": 61, "LIMBA ITALIANA": 26, "LIMBA MAGHIARA": 13}, "promotie_anterioara": {"NU": 14585, "DA": 1994}, "materii": {"LIMBA ROMANA": {"medie": 7.008472502599914, "reusita": 90.28288799083177, "cnt": 16579}, "MATEMATICA MATE-INFO": {"medie": 8.002895565786307, "reusita": 94.4951923076923, "cnt": 4160}, "INFORMATICA MI C/C++": {"medie": 8.258588498879748, "reusita": 96.05067064083458, "cnt": 1342}, "GENERAL": {"medie": 7.323619921227206, "reusita": 74.19627239278606, "cnt": 16579}, "ISTORIE": {"medie": 7.522809044396741, "reusita": 91.42950073182632, "cnt": 6149}, "LOGICA, ARGUMENTARE SI COMUNICARE": {"medie": 8.117842577487778, "reusita": 92.21146085552864, "cnt": 2478}, "CHIMIE ORGANICA TEO NIVEL I/II": {"medie": 9.26493399339934, "reusita": 98.84868421052632, "cnt": 608}, "MATEMATICA ST-NAT": {"medie": 7.700852713178292, "reusita": 90.74262461851475, "cnt": 1966}, "FIZICA TEO": {"medie": 8.659218351741712, "reusita": 97.62912785774766, "cnt": 1181}, "GEOGRAFIE": {"medie": 7.6864211737629295, "reusita": 93.30024813895783, "cnt": 4433}, "PSIHOLOGIE": {"medie": 7.701986183074268, "reusita": 96.25212947189097, "cnt": 587}, "ANATOMIE SI FIZIOLOGIE UMANA, GENETICA SI ECOLOGIE UMANA": {"medie": 7.256661812886801, "reusita": 90.3770197486535, "cnt": 2785}, "CHIMIE ANORGANICA TEO NIVEL I/II": {"medie": 8.023076923076923, "reusita": 90.38461538461539, "cnt": 52}, "BIOLOGIE VEGETALA SI ANIMALA": {"medie": 4.938975576662137, "reusita": 46.187228766274025, "cnt": 1613}, "SOCIOLOGIE": {"medie": 7.240622054665424, "reusita": 91.73630454967501, "cnt": 1077}, "INFORMATICA SN C/C++": {"medie": 8.370370370370368, "reusita": 94.54545454545455, "cnt": 55}, "MATEMATICA PED": {"medie": 8.945512820512821, "reusita": 100.0, "cnt": 78}, "FILOSOFIE": {"medie": 8.251, "reusita": 94.33962264150944, "cnt": 53}, "LIMBA GERMANA": {"medie": 7.77950819672131, "reusita": 98.36065573770492, "cnt": 61}, "MATEMATICA TEHN": {"medie": 6.115936254980074, "reusita": 73.52106010411737, "cnt": 4226}, "FIZICA TEH": {"medie": 5.02962962962963, "reusita": 45.744680851063826, "cnt": 94}, "LIMBA MAGHIARA (REAL)": {"medie": 7.073076923076924, "reusita": 100.0, "cnt": 13}, "ECONOMIE": {"medie": 7.075714285714282, "reusita": 90.85714285714286, "cnt": 175}, "CHIMIE ANORGANICA TEH NIVEL I/II": {"medie": 5.0440000000000005, "reusita": 50.0, "cnt": 32}, "CHIMIE ORGANICA TEH NIVEL I/II": {"medie": 3.6187500000000004, "reusita": 18.181818181818183, "cnt": 11}, "INFORMATICA MI PASCAL": {"medie": 7.25, "reusita": 66.66666666666666, "cnt": 3}, "LIMBA ITALIANA": {"medie": 6.3442307692307685, "reusita": 73.07692307692307, "cnt": 26}}, "nume": "Bucure\u0219ti"}