{"specializari": {"STIINTE ALE NATURII": 247, "MATEMATICA-INFORMATICA": 494, "STIINTE SOCIALE": 218, "ARHITECTURA, ARTE AMBIENTALE SI DESIGN": 29, "FILOLOGIE": 568, "INVATATOR - EDUCATOARE": 59, "ARTE PLASTICE SI DECORATIVE": 31, "EDUCATOR-PUERICULTOR": 30, "TEOLOGIE ORTODOXA": 23, "ARTA ACTORULUI": 29, "MUZICA": 24, "TEHNICIAN IN ACTIVITATI ECONOMICE": 155, "TEHNICIAN IN TURISM": 21, "COAFOR STILIST": 11, "TEHNICIAN IN ACTIVITATI DE COMERT": 79, "TEHNICIAN IN GASTRONOMIE": 58, "TEHNICIAN IN ADMINISTRATIE": 27, "LICEU CU PROGRAM SPORTIV": 193, "TEHNICIAN OPERATOR TELEMATICA": 21, "TEHNICIAN METROLOG": 7, "TEHNICIAN VETERINAR": 25, "TEHNICIAN ECOLOG SI PROTECTIA CALITATII MEDIULUI": 29, "TEHNICIAN OPERATOR TEHNICA DE CALCUL": 15, "TEHNICIAN DE TELECOMUNICATII": 11, "TEHNICIAN IN ACTIVITATI DE POSTA": 12, "TEHNICIAN OPERATOR PROCESARE TEXT IMAGINE": 25, "TEHNICIAN ELECTRICIAN/ELECTRONIST AUTO": 9, "TEHNICIAN TRANSPORTURI": 13, "TEHNICIAN ELECTROTEHNIST": 22, "TEHNICIAN IN AGROTURISM": 6, "TEHNICIAN MECATRONIST": 6, "TEHNICIAN ANALIZE PRODUSE ALIMENTARE": 18, "TEHNICIAN IN AUTOMATIZARI": 11, "TEHNICIAN IN INDUSTRIA ALIMENTARA": 7, "TEHNICIAN CHIMIST DE LABORATOR": 2, "TEHNICIAN MECANIC PENTRU INTRETINERE SI REPARATII": 5, "TEHNICIAN IN INSTALATII ELECTRICE": 5, "TEHNICIAN HORTICULTOR": 1, "ORGANIZATOR BANQUETING": 2, "TEHNICIAN IN AGRICULTURA": 2, "TEHNICIAN ELECTROMECANIC": 4, "TEHNICIAN PRELUCRARI MECANICE": 4, "TEHNICIAN DESENATOR PENTRU CONSTRUCTII SI INSTALATII": 1}, "limba_moderna": {"LIMBA ENGLEZA": 2360, "LIMBA FRANCEZA": 178, "LIMBA GERMANA MODERNA": 1, "LIMBA SPANIOLA": 20}, "limba_materna": {"LIMBA ROMANA": 2559}, "promotie_anterioara": {"NU": 2338, "DA": 221}, "materii": {"LIMBA ROMANA": {"medie": 7.0473372781064905, "reusita": 92.02813599062134, "cnt": 2559}, "MATEMATICA MATE-INFO": {"medie": 7.931568228105906, "reusita": 95.34412955465586, "cnt": 494}, "INFORMATICA MI C/C++": {"medie": 8.142767295597487, "reusita": 97.48427672955975, "cnt": 159}, "GENERAL": {"medie": 7.312996150272138, "reusita": 75.61547479484173, "cnt": 2559}, "ISTORIE": {"medie": 7.275812115891137, "reusita": 88.82096069868996, "cnt": 1145}, "LOGICA, ARGUMENTARE SI COMUNICARE": {"medie": 8.483608360836092, "reusita": 94.11764705882352, "cnt": 918}, "GEOGRAFIE": {"medie": 7.298236331569661, "reusita": 92.50871080139372, "cnt": 574}, "FIZICA TEO": {"medie": 8.375999999999994, "reusita": 98.29545454545455, "cnt": 176}, "CHIMIE ORGANICA TEO NIVEL I/II": {"medie": 9.212121212121215, "reusita": 100.0, "cnt": 99}, "MATEMATICA ST-NAT": {"medie": 7.537346938775513, "reusita": 91.09311740890689, "cnt": 247}, "PSIHOLOGIE": {"medie": 7.851960784313728, "reusita": 92.15686274509804, "cnt": 51}, "SOCIOLOGIE": {"medie": 8.028947368421052, "reusita": 100.0, "cnt": 19}, "ANATOMIE SI FIZIOLOGIE UMANA, GENETICA SI ECOLOGIE UMANA": {"medie": 6.926851851851852, "reusita": 83.56164383561644, "cnt": 219}, "CHIMIE ANORGANICA TEO NIVEL I/II": {"medie": 7.625, "reusita": 100.0, "cnt": 2}, "BIOLOGIE VEGETALA SI ANIMALA": {"medie": 5.754208754208757, "reusita": 63.75404530744336, "cnt": 309}, "MATEMATICA PED": {"medie": 8.597457627118644, "reusita": 96.61016949152543, "cnt": 59}, "INFORMATICA SN C/C++": {"medie": 9.4, "reusita": 100.0, "cnt": 1}, "FILOSOFIE": {"medie": 8.275, "reusita": 100.0, "cnt": 2}, "ECONOMIE": {"medie": 7.19, "reusita": 80.0, "cnt": 5}, "MATEMATICA TEHN": {"medie": 5.880220713073003, "reusita": 72.14983713355049, "cnt": 614}, "FIZICA TEH": {"medie": 4.596875000000001, "reusita": 35.294117647058826, "cnt": 17}, "CHIMIE ORGANICA TEH NIVEL I/II": {"medie": 9.3, "reusita": 100.0, "cnt": 1}, "CHIMIE ANORGANICA TEH NIVEL I/II": {"medie": 3.4357142857142855, "reusita": 14.285714285714285, "cnt": 7}}, "nume": "Buz\u0103u"}