{"specializari": {"STIINTE ALE NATURII": 247, "STIINTE SOCIALE": 218, "ARHITECTURA, ARTE AMBIENTALE SI DESIGN": 29, "FILOLOGIE": 568, "MATEMATICA-INFORMATICA": 494, "INVATATOR - EDUCATOARE": 59, "ARTE PLASTICE SI DECORATIVE": 31, "EDUCATOR-PUERICULTOR": 30, "TEOLOGIE ORTODOXA": 23, "ARTA ACTORULUI": 29, "MUZICA": 24, "TEHNICIAN IN ACTIVITATI ECONOMICE": 155, "TEHNICIAN IN TURISM": 21, "TEHNICIAN IN ACTIVITATI DE COMERT": 79, "COAFOR STILIST": 11, "TEHNICIAN IN GASTRONOMIE": 58, "TEHNICIAN IN ADMINISTRATIE": 27, "LICEU CU PROGRAM SPORTIV": 193, "TEHNICIAN OPERATOR TELEMATICA": 21, "TEHNICIAN METROLOG": 7, "TEHNICIAN VETERINAR": 25, "TEHNICIAN ECOLOG SI PROTECTIA CALITATII MEDIULUI": 29, "TEHNICIAN OPERATOR TEHNICA DE CALCUL": 15, "TEHNICIAN DE TELECOMUNICATII": 11, "TEHNICIAN IN ACTIVITATI DE POSTA": 12, "TEHNICIAN OPERATOR PROCESARE TEXT IMAGINE": 25, "TEHNICIAN ELECTRICIAN/ELECTRONIST AUTO": 9, "TEHNICIAN ELECTROTEHNIST": 22, "TEHNICIAN TRANSPORTURI": 13, "TEHNICIAN IN AGROTURISM": 6, "TEHNICIAN MECATRONIST": 6, "TEHNICIAN ANALIZE PRODUSE ALIMENTARE": 18, "TEHNICIAN IN AUTOMATIZARI": 11, "TEHNICIAN IN INDUSTRIA ALIMENTARA": 7, "TEHNICIAN CHIMIST DE LABORATOR": 2, "TEHNICIAN IN INSTALATII ELECTRICE": 5, "TEHNICIAN MECANIC PENTRU INTRETINERE SI REPARATII": 5, "TEHNICIAN HORTICULTOR": 1, "ORGANIZATOR BANQUETING": 2, "TEHNICIAN IN AGRICULTURA": 2, "TEHNICIAN ELECTROMECANIC": 4, "TEHNICIAN PRELUCRARI MECANICE": 4, "TEHNICIAN DESENATOR PENTRU CONSTRUCTII SI INSTALATII": 1}, "limba_moderna": {"LIMBA ENGLEZA": 2360, "LIMBA FRANCEZA": 178, "LIMBA GERMANA MODERNA": 1, "LIMBA SPANIOLA": 20}, "limba_materna": {"LIMBA ROMANA": 2559}, "promotie_anterioara": {"NU": 2338, "DA": 221}, "materii": {"LIMBA ROMANA": {"medie": 7.000788954635093, "reusita": 90.62133645955451, "cnt": 2559}, "MATEMATICA MATE-INFO": {"medie": 7.901221995926682, "reusita": 94.12955465587044, "cnt": 494}, "INFORMATICA MI C/C++": {"medie": 8.118238993710698, "reusita": 96.85534591194968, "cnt": 159}, "GENERAL": {"medie": 7.286791450949158, "reusita": 72.95818679171552, "cnt": 2559}, "ISTORIE": {"medie": 7.2510096575943805, "reusita": 86.46288209606988, "cnt": 1145}, "LOGICA, ARGUMENTARE SI COMUNICARE": {"medie": 8.488888888888898, "reusita": 94.33551198257081, "cnt": 918}, "CHIMIE ORGANICA TEO NIVEL I/II": {"medie": 9.13787878787879, "reusita": 98.98989898989899, "cnt": 99}, "MATEMATICA ST-NAT": {"medie": 7.53591836734694, "reusita": 90.2834008097166, "cnt": 247}, "FIZICA TEO": {"medie": 8.359714285714283, "reusita": 98.29545454545455, "cnt": 176}, "GEOGRAFIE": {"medie": 7.287918871252197, "reusita": 91.98606271777004, "cnt": 574}, "PSIHOLOGIE": {"medie": 7.806862745098041, "reusita": 92.15686274509804, "cnt": 51}, "ANATOMIE SI FIZIOLOGIE UMANA, GENETICA SI ECOLOGIE UMANA": {"medie": 6.9060185185185174, "reusita": 83.56164383561644, "cnt": 219}, "CHIMIE ANORGANICA TEO NIVEL I/II": {"medie": 7.625, "reusita": 100.0, "cnt": 2}, "BIOLOGIE VEGETALA SI ANIMALA": {"medie": 5.715319865319869, "reusita": 60.517799352750814, "cnt": 309}, "SOCIOLOGIE": {"medie": 8.013157894736844, "reusita": 100.0, "cnt": 19}, "INFORMATICA SN C/C++": {"medie": 9.4, "reusita": 100.0, "cnt": 1}, "MATEMATICA PED": {"medie": 8.607627118644066, "reusita": 94.91525423728814, "cnt": 59}, "FILOSOFIE": {"medie": 8.275, "reusita": 100.0, "cnt": 2}, "MATEMATICA TEHN": {"medie": 5.8752971137521195, "reusita": 71.00977198697068, "cnt": 614}, "FIZICA TEH": {"medie": 4.6031249999999995, "reusita": 35.294117647058826, "cnt": 17}, "ECONOMIE": {"medie": 7.19, "reusita": 80.0, "cnt": 5}, "CHIMIE ANORGANICA TEH NIVEL I/II": {"medie": 3.364285714285714, "reusita": 14.285714285714285, "cnt": 7}, "CHIMIE ORGANICA TEH NIVEL I/II": {"medie": 9.3, "reusita": 100.0, "cnt": 1}}, "nume": "Buz\u0103u"}