{"specializari": {"MATEMATICA-INFORMATICA": 251, "FILOLOGIE": 382, "STIINTE ALE NATURII": 178, "STIINTE SOCIALE": 67, "INVATATOR - EDUCATOARE": 43, "TEHNICIAN IN ACTIVITATI ECONOMICE": 152, "TEHNICIAN IN ADMINISTRATIE": 7, "TEHNICIAN IN INDUSTRIA TEXTILA": 27, "MUZICA": 5, "COAFOR STILIST": 14, "LICEU CU PROGRAM SPORTIV": 24, "TEHNICIAN IN AUTOMATIZARI": 30, "TEHNICIAN IN GASTRONOMIE": 17, "TEHNICIAN OPERATOR PROCESARE TEXT IMAGINE": 28, "TEHNICIAN IN ACTIVITATI DE COMERT": 3, "TEHNICIAN IN AGRICULTURA": 28, "TEHNICIAN IN TURISM": 16, "ARTE PLASTICE SI DECORATIVE": 7, "TEHNICIAN TRANSPORTURI": 7, "TEHNICIAN DE TELECOMUNICATII": 3, "TEHNICIAN ECOLOG SI PROTECTIA CALITATII MEDIULUI": 27, "TEHNICIAN DESENATOR PENTRU CONSTRUCTII SI INSTALATII": 3, "TEHNICIAN VETERINAR": 23, "TEHNICIAN MECANIC PENTRU INTRETINERE SI REPARATII": 28, "TEHNICIAN MECATRONIST": 1, "TEHNICIAN IN MORARIT, PANIFICATIE SI PRODUSE FAINOASE": 1, "TEHNICIAN IN SILVICULTURA SI EXPLOATARI FORESTIERE": 2, "TEHNICIAN IN INSTALATII ELECTRICE": 1, "TEHNICIAN IN INDUSTRIA ALIMENTARA": 2, "TEHNICIAN HORTICULTOR": 1, "TEHNICIAN ELECTROMECANIC": 2, "TEHNICIAN PRELUCRARI LA CALD": 1, "TEHNICIAN IN AGROTURISM": 1}, "limba_moderna": {"LIMBA ENGLEZA": 1358, "LIMBA FRANCEZA": 24}, "limba_materna": {"LIMBA ROMANA": 1382}, "promotie_anterioara": {"NU": 1144, "DA": 238}, "materii": {"LIMBA ROMANA": {"medie": 6.088797610156832, "reusita": 73.87843704775688, "cnt": 1382}, "MATEMATICA MATE-INFO": {"medie": 7.263265306122444, "reusita": 82.07171314741036, "cnt": 251}, "INFORMATICA MI C/C++": {"medie": 7.499999999999999, "reusita": 87.2340425531915, "cnt": 47}, "GENERAL": {"medie": 6.401123021949972, "reusita": 53.40086830680174, "cnt": 1382}, "ISTORIE": {"medie": 6.726819126819133, "reusita": 81.64948453608247, "cnt": 485}, "LOGICA, ARGUMENTARE SI COMUNICARE": {"medie": 8.196511627906977, "reusita": 100.0, "cnt": 43}, "CHIMIE ORGANICA TEO NIVEL I/II": {"medie": 9.458749999999998, "reusita": 100.0, "cnt": 40}, "MATEMATICA ST-NAT": {"medie": 6.132954545454546, "reusita": 71.91011235955057, "cnt": 178}, "FIZICA TEO": {"medie": 8.267187499999999, "reusita": 98.4375, "cnt": 64}, "GEOGRAFIE": {"medie": 7.412920168067224, "reusita": 91.73553719008265, "cnt": 484}, "PSIHOLOGIE": {"medie": 6.3549504950495015, "reusita": 81.55339805825243, "cnt": 103}, "ANATOMIE SI FIZIOLOGIE UMANA, GENETICA SI ECOLOGIE UMANA": {"medie": 6.109322033898303, "reusita": 75.0, "cnt": 180}, "CHIMIE ANORGANICA TEO NIVEL I/II": {"medie": 4.45, "reusita": 50.0, "cnt": 4}, "BIOLOGIE VEGETALA SI ANIMALA": {"medie": 5.150778210116735, "reusita": 46.62162162162162, "cnt": 296}, "SOCIOLOGIE": {"medie": 7.567676767676769, "reusita": 96.0, "cnt": 100}, "INFORMATICA SN C/C++": {"medie": 8.433333333333332, "reusita": 100.0, "cnt": 3}, "MATEMATICA PED": {"medie": 6.847619047619046, "reusita": 81.3953488372093, "cnt": 43}, "FILOSOFIE": {"medie": 6.800000000000001, "reusita": 100.0, "cnt": 2}, "MATEMATICA TEHN": {"medie": 4.687002652519895, "reusita": 46.11764705882353, "cnt": 425}, "FIZICA TEH": {"medie": 4.191666666666667, "reusita": 37.5, "cnt": 8}, "ECONOMIE": {"medie": 8.86, "reusita": 100.0, "cnt": 5}, "CHIMIE ANORGANICA TEH NIVEL I/II": {"medie": 4.25, "reusita": 50.0, "cnt": 2}, "INFORMATICA MI PASCAL": {"medie": "-", "reusita": 0.0, "cnt": 1}}, "nume": "C\u0103l\u0103ra\u0219i"}