{"specializari": {"MATEMATICA-INFORMATICA": 251, "STIINTE ALE NATURII": 178, "FILOLOGIE": 382, "STIINTE SOCIALE": 67, "INVATATOR - EDUCATOARE": 43, "TEHNICIAN IN ACTIVITATI ECONOMICE": 152, "TEHNICIAN IN ADMINISTRATIE": 7, "TEHNICIAN IN INDUSTRIA TEXTILA": 27, "MUZICA": 5, "COAFOR STILIST": 14, "LICEU CU PROGRAM SPORTIV": 24, "TEHNICIAN IN AUTOMATIZARI": 30, "TEHNICIAN IN GASTRONOMIE": 17, "TEHNICIAN OPERATOR PROCESARE TEXT IMAGINE": 28, "TEHNICIAN IN ACTIVITATI DE COMERT": 3, "TEHNICIAN IN AGRICULTURA": 28, "TEHNICIAN IN TURISM": 16, "ARTE PLASTICE SI DECORATIVE": 7, "TEHNICIAN TRANSPORTURI": 7, "TEHNICIAN ECOLOG SI PROTECTIA CALITATII MEDIULUI": 27, "TEHNICIAN MECANIC PENTRU INTRETINERE SI REPARATII": 28, "TEHNICIAN DESENATOR PENTRU CONSTRUCTII SI INSTALATII": 3, "TEHNICIAN DE TELECOMUNICATII": 3, "TEHNICIAN MECATRONIST": 1, "TEHNICIAN VETERINAR": 23, "TEHNICIAN IN MORARIT, PANIFICATIE SI PRODUSE FAINOASE": 1, "TEHNICIAN IN SILVICULTURA SI EXPLOATARI FORESTIERE": 2, "TEHNICIAN IN INSTALATII ELECTRICE": 1, "TEHNICIAN IN INDUSTRIA ALIMENTARA": 2, "TEHNICIAN HORTICULTOR": 1, "TEHNICIAN ELECTROMECANIC": 2, "TEHNICIAN PRELUCRARI LA CALD": 1, "TEHNICIAN IN AGROTURISM": 1}, "limba_moderna": {"LIMBA ENGLEZA": 1358, "LIMBA FRANCEZA": 24}, "limba_materna": {"LIMBA ROMANA": 1382}, "promotie_anterioara": {"NU": 1144, "DA": 238}, "materii": {"LIMBA ROMANA": {"medie": 6.168185212845407, "reusita": 78.29232995658467, "cnt": 1382}, "MATEMATICA MATE-INFO": {"medie": 7.2867346938775475, "reusita": 82.86852589641434, "cnt": 251}, "INFORMATICA MI C/C++": {"medie": 7.552127659574467, "reusita": 87.2340425531915, "cnt": 47}, "GENERAL": {"medie": 6.443095967330269, "reusita": 57.3082489146165, "cnt": 1382}, "ISTORIE": {"medie": 6.7613305613305705, "reusita": 81.85567010309278, "cnt": 485}, "LOGICA, ARGUMENTARE SI COMUNICARE": {"medie": 8.219767441860466, "reusita": 100.0, "cnt": 43}, "GEOGRAFIE": {"medie": 7.414600840336131, "reusita": 91.52892561983471, "cnt": 484}, "FIZICA TEO": {"medie": 8.253124999999999, "reusita": 96.875, "cnt": 64}, "CHIMIE ORGANICA TEO NIVEL I/II": {"medie": 9.46875, "reusita": 100.0, "cnt": 40}, "MATEMATICA ST-NAT": {"medie": 6.145454545454544, "reusita": 74.71910112359551, "cnt": 178}, "PSIHOLOGIE": {"medie": 6.353960396039602, "reusita": 81.55339805825243, "cnt": 103}, "SOCIOLOGIE": {"medie": 7.597979797979802, "reusita": 97.0, "cnt": 100}, "ANATOMIE SI FIZIOLOGIE UMANA, GENETICA SI ECOLOGIE UMANA": {"medie": 6.200847457627117, "reusita": 77.22222222222223, "cnt": 180}, "CHIMIE ANORGANICA TEO NIVEL I/II": {"medie": 4.45, "reusita": 50.0, "cnt": 4}, "BIOLOGIE VEGETALA SI ANIMALA": {"medie": 5.179571984435802, "reusita": 48.64864864864865, "cnt": 296}, "MATEMATICA PED": {"medie": 6.859523809523807, "reusita": 81.3953488372093, "cnt": 43}, "INFORMATICA SN C/C++": {"medie": 8.6, "reusita": 100.0, "cnt": 3}, "FILOSOFIE": {"medie": 7.324999999999999, "reusita": 100.0, "cnt": 2}, "ECONOMIE": {"medie": 8.86, "reusita": 100.0, "cnt": 5}, "MATEMATICA TEHN": {"medie": 4.6919098143236075, "reusita": 48.470588235294116, "cnt": 425}, "FIZICA TEH": {"medie": 4.191666666666666, "reusita": 37.5, "cnt": 8}, "CHIMIE ANORGANICA TEH NIVEL I/II": {"medie": 4.25, "reusita": 50.0, "cnt": 2}, "INFORMATICA MI PASCAL": {"medie": "-", "reusita": 0.0, "cnt": 1}}, "nume": "C\u0103l\u0103ra\u0219i"}