{"specializari": {"MATEMATICA-INFORMATICA": 333, "INVATATOR - EDUCATOARE": 28, "FILOLOGIE": 348, "STIINTE ALE NATURII": 237, "LICEU CU PROGRAM SPORTIV": 20, "TEOLOGIE BAPTISTA": 17, "TEHNICIAN IN ACTIVITATI ECONOMICE": 60, "MUZICA": 14, "STIINTE SOCIALE": 36, "TEHNICIAN OPERATOR TEHNICA DE CALCUL": 59, "ARTE PLASTICE SI DECORATIVE": 16, "TEOLOGIE ORTODOXA": 25, "TEHNICIAN ECOLOG SI PROTECTIA CALITATII MEDIULUI": 86, "TEHNICIAN ELECTROMECANIC": 66, "TEHNICIAN IN GASTRONOMIE": 26, "TEHNICIAN MECATRONIST": 18, "TEHNICIAN IN SILVICULTURA SI EXPLOATARI FORESTIERE": 40, "TEHNICIAN MECANIC PENTRU INTRETINERE SI REPARATII": 80, "TEHNICIAN INSTALATOR PENTRU CONSTRUCTII": 6, "TEHNICIAN PROIECTANT PRODUSE FINITE DIN LEMN": 5, "TEHNICIAN IN INSTALATII ELECTRICE": 7, "TEHNICIAN DESIGNER MOBILA SI AMENAJARI INTERIOARE": 23, "TEHNICIAN PROIECTANT CAD": 13, "TEHNICIAN IN ACTIVITATI DE COMERT": 18, "TEHNICIAN ELECTROTEHNIST": 4, "TEHNICIAN IN ADMINISTRATIE": 1, "TEHNICIAN AGRONOM": 11, "TEHNICIAN ELECTRONIST": 3, "TEHNICIAN ELECTRICIAN/ELECTRONIST AUTO": 9, "TEHNICIAN IN TURISM": 16, "TEHNICIAN IN HOTELARIE": 20, "TEHNICIAN TRANSPORTURI": 21, "TEHNICIAN IN MORARIT, PANIFICATIE SI PRODUSE FAINOASE": 1, "ORGANIZATOR BANQUETING": 3, "TEHNICIAN DESIGNER VESTIMENTAR": 4, "TEHNICIAN IN AGRICULTURA": 4, "TEHNICIAN IN INDUSTRIA ALIMENTARA": 4, "TEHNICIAN DESENATOR PENTRU CONSTRUCTII SI INSTALATII": 2, "TEHNICIAN IN INDUSTRIA TEXTILA": 1, "TEHNICIAN AVIATIE": 4, "TEHNICIAN IN CONSTRUCTII SI LUCRARI PUBLICE": 2, "TEHNICIAN PRELUCRARI MECANICE": 1, "TEHNICIAN IN PRELUCRAREA LEMNULUI": 3, "TEHNICIAN IN ACHIZITII SI CONTRACTARI": 1}, "limba_moderna": {"LIMBA FRANCEZA": 95, "LIMBA ENGLEZA": 1554, "LIMBA GERMANA MODERNA": 47}, "limba_materna": {"LIMBA ROMANA": 1687, "LIMBA GERMANA": 2, "LIMBA CROATA": 7}, "promotie_anterioara": {"NU": 1295, "DA": 401}, "materii": {"LIMBA ROMANA": {"medie": 6.527117572692803, "reusita": 81.36792452830188, "cnt": 1696}, "MATEMATICA MATE-INFO": {"medie": 6.835846153846148, "reusita": 80.48048048048048, "cnt": 333}, "INFORMATICA MI C/C++": {"medie": 8.026829268292687, "reusita": 98.78048780487805, "cnt": 82}, "GENERAL": {"medie": 6.736341222879675, "reusita": 59.31603773584906, "cnt": 1696}, "ISTORIE": {"medie": 7.123554603854398, "reusita": 93.27731092436974, "cnt": 476}, "LOGICA, ARGUMENTARE SI COMUNICARE": {"medie": 8.573857868020305, "reusita": 96.0, "cnt": 200}, "CHIMIE ORGANICA TEO NIVEL I/II": {"medie": 8.927272727272726, "reusita": 100.0, "cnt": 11}, "MATEMATICA ST-NAT": {"medie": 6.660560344827582, "reusita": 84.38818565400844, "cnt": 237}, "FIZICA TEO": {"medie": 7.797916666666669, "reusita": 100.0, "cnt": 24}, "GEOGRAFIE": {"medie": 7.517513368983956, "reusita": 92.72727272727272, "cnt": 385}, "PSIHOLOGIE": {"medie": 5.983333333333335, "reusita": 70.96774193548387, "cnt": 31}, "ANATOMIE SI FIZIOLOGIE UMANA, GENETICA SI ECOLOGIE UMANA": {"medie": 7.379007633587781, "reusita": 89.90825688073394, "cnt": 545}, "BIOLOGIE VEGETALA SI ANIMALA": {"medie": 5.678435114503816, "reusita": 52.14899713467048, "cnt": 349}, "SOCIOLOGIE": {"medie": 6.081666666666669, "reusita": 83.87096774193549, "cnt": 31}, "MATEMATICA PED": {"medie": 7.303571428571429, "reusita": 89.28571428571429, "cnt": 28}, "FILOSOFIE": {"medie": 7.5, "reusita": 100.0, "cnt": 2}, "LIMBA GERMANA": {"medie": 8.3, "reusita": 100.0, "cnt": 2}, "MATEMATICA TEHN": {"medie": 4.89645030425963, "reusita": 53.054662379421224, "cnt": 622}, "FIZICA TEH": {"medie": 4.5375, "reusita": 22.58064516129032, "cnt": 31}, "CHIMIE ANORGANICA TEH NIVEL I/II": {"medie": 2.35, "reusita": 0.0, "cnt": 2}, "CHIMIE ORGANICA TEH NIVEL I/II": {"medie": 2.2333333333333334, "reusita": 0.0, "cnt": 3}, "LIMBA CROATA": {"medie": 8.0, "reusita": 100.0, "cnt": 7}}, "nume": "Cara\u0219-Severin"}