{"specializari": {"MATEMATICA-INFORMATICA": 333, "INVATATOR - EDUCATOARE": 28, "FILOLOGIE": 348, "STIINTE ALE NATURII": 237, "LICEU CU PROGRAM SPORTIV": 20, "TEOLOGIE BAPTISTA": 17, "TEHNICIAN IN ACTIVITATI ECONOMICE": 60, "TEHNICIAN OPERATOR TEHNICA DE CALCUL": 59, "MUZICA": 14, "STIINTE SOCIALE": 36, "ARTE PLASTICE SI DECORATIVE": 16, "TEOLOGIE ORTODOXA": 25, "TEHNICIAN ECOLOG SI PROTECTIA CALITATII MEDIULUI": 86, "TEHNICIAN ELECTROMECANIC": 66, "TEHNICIAN IN GASTRONOMIE": 26, "TEHNICIAN MECATRONIST": 18, "TEHNICIAN IN SILVICULTURA SI EXPLOATARI FORESTIERE": 40, "TEHNICIAN MECANIC PENTRU INTRETINERE SI REPARATII": 80, "TEHNICIAN INSTALATOR PENTRU CONSTRUCTII": 6, "TEHNICIAN PROIECTANT PRODUSE FINITE DIN LEMN": 5, "TEHNICIAN IN INSTALATII ELECTRICE": 7, "TEHNICIAN DESIGNER MOBILA SI AMENAJARI INTERIOARE": 23, "TEHNICIAN PROIECTANT CAD": 13, "TEHNICIAN IN ACTIVITATI DE COMERT": 18, "TEHNICIAN ELECTROTEHNIST": 4, "TEHNICIAN IN ADMINISTRATIE": 1, "TEHNICIAN ELECTRONIST": 3, "TEHNICIAN AGRONOM": 11, "TEHNICIAN ELECTRICIAN/ELECTRONIST AUTO": 9, "TEHNICIAN IN TURISM": 16, "TEHNICIAN IN HOTELARIE": 20, "TEHNICIAN TRANSPORTURI": 21, "TEHNICIAN IN MORARIT, PANIFICATIE SI PRODUSE FAINOASE": 1, "ORGANIZATOR BANQUETING": 3, "TEHNICIAN DESIGNER VESTIMENTAR": 4, "TEHNICIAN IN AGRICULTURA": 4, "TEHNICIAN IN INDUSTRIA ALIMENTARA": 4, "TEHNICIAN DESENATOR PENTRU CONSTRUCTII SI INSTALATII": 2, "TEHNICIAN IN INDUSTRIA TEXTILA": 1, "TEHNICIAN AVIATIE": 4, "TEHNICIAN IN CONSTRUCTII SI LUCRARI PUBLICE": 2, "TEHNICIAN PRELUCRARI MECANICE": 1, "TEHNICIAN IN PRELUCRAREA LEMNULUI": 3, "TEHNICIAN IN ACHIZITII SI CONTRACTARI": 1}, "limba_moderna": {"LIMBA ENGLEZA": 1554, "LIMBA FRANCEZA": 95, "LIMBA GERMANA MODERNA": 47}, "limba_materna": {"LIMBA ROMANA": 1687, "LIMBA GERMANA": 2, "LIMBA CROATA": 7}, "promotie_anterioara": {"NU": 1295, "DA": 401}, "materii": {"LIMBA ROMANA": {"medie": 6.585145385587871, "reusita": 82.25235849056604, "cnt": 1696}, "MATEMATICA MATE-INFO": {"medie": 6.823076923076922, "reusita": 80.48048048048048, "cnt": 333}, "INFORMATICA MI C/C++": {"medie": 8.050609756097563, "reusita": 98.78048780487805, "cnt": 82}, "GENERAL": {"medie": 6.7565937979399475, "reusita": 60.67216981132076, "cnt": 1696}, "ISTORIE": {"medie": 7.14089935760172, "reusita": 93.27731092436974, "cnt": 476}, "LOGICA, ARGUMENTARE SI COMUNICARE": {"medie": 8.564467005076143, "reusita": 96.0, "cnt": 200}, "GEOGRAFIE": {"medie": 7.527941176470587, "reusita": 92.72727272727272, "cnt": 385}, "FIZICA TEO": {"medie": 7.804166666666668, "reusita": 100.0, "cnt": 24}, "CHIMIE ORGANICA TEO NIVEL I/II": {"medie": 8.927272727272728, "reusita": 100.0, "cnt": 11}, "MATEMATICA ST-NAT": {"medie": 6.669181034482756, "reusita": 84.38818565400844, "cnt": 237}, "PSIHOLOGIE": {"medie": 5.953333333333334, "reusita": 74.19354838709677, "cnt": 31}, "SOCIOLOGIE": {"medie": 6.093333333333335, "reusita": 83.87096774193549, "cnt": 31}, "ANATOMIE SI FIZIOLOGIE UMANA, GENETICA SI ECOLOGIE UMANA": {"medie": 7.361927480916025, "reusita": 89.72477064220183, "cnt": 545}, "BIOLOGIE VEGETALA SI ANIMALA": {"medie": 5.65057251908397, "reusita": 50.71633237822349, "cnt": 349}, "MATEMATICA PED": {"medie": 7.310714285714285, "reusita": 89.28571428571429, "cnt": 28}, "FILOSOFIE": {"medie": 7.75, "reusita": 100.0, "cnt": 2}, "LIMBA GERMANA": {"medie": 8.3, "reusita": 100.0, "cnt": 2}, "MATEMATICA TEHN": {"medie": 4.9097363083164245, "reusita": 52.89389067524116, "cnt": 622}, "FIZICA TEH": {"medie": 4.5375, "reusita": 22.58064516129032, "cnt": 31}, "CHIMIE ORGANICA TEH NIVEL I/II": {"medie": 2.2333333333333334, "reusita": 0.0, "cnt": 3}, "CHIMIE ANORGANICA TEH NIVEL I/II": {"medie": 2.35, "reusita": 0.0, "cnt": 2}, "LIMBA CROATA": {"medie": 8.071428571428571, "reusita": 100.0, "cnt": 7}}, "nume": "Cara\u0219-Severin"}