{"specializari": {"MATEMATICA-INFORMATICA": 755, "STIINTE ALE NATURII": 772, "STIINTE SOCIALE": 464, "TEOLOGIE ORTODOXA": 23, "FILOLOGIE": 505, "COREGRAFIE": 30, "INVATATOR - EDUCATOARE": 83, "LICEU CU PROGRAM SPORTIV": 229, "TEOLOGIE BAPTISTA": 27, "TEOLOGIE UNITARIANA": 27, "TEHNICIAN IN ACTIVITATI ECONOMICE": 260, "TEHNICIAN CHIMIST DE LABORATOR": 27, "MUZICA": 66, "TEHNICIAN IN TURISM": 115, "TEHNICIAN OPERATOR TEHNICA DE CALCUL": 88, "ARHITECTURA, ARTE AMBIENTALE SI DESIGN": 32, "TEOLOGIE ADVENTISTA": 33, "ARTE PLASTICE SI DECORATIVE": 76, "TEHNICIAN IN GASTRONOMIE": 57, "TEHNICIAN VETERINAR": 11, "TEHNICIAN IN AUTOMATIZARI": 28, "TEHNICIAN IN ACTIVITATI DE POSTA": 28, "TEHNICIAN DE TELECOMUNICATII": 26, "TEHNICIAN OPERATOR PROCESARE TEXT IMAGINE": 52, "TEOLOGIE GRECO-CATOLICA": 25, "TEHNICIAN ECOLOG SI PROTECTIA CALITATII MEDIULUI": 47, "TEHNICIAN PROIECTANT CAD": 54, "TEOLOGIE REFORMATA": 36, "ARTA ACTORULUI": 24, "TEHNICIAN ELECTRICIAN/ELECTRONIST AUTO": 40, "COAFOR STILIST": 28, "TEHNICIAN TRANSPORTURI": 52, "TEHNICIAN IN INSTALATII ELECTRICE": 36, "TEHNICIAN MECATRONIST": 18, "ORGANIZATOR BANQUETING": 23, "TEHNICIAN IN INDUSTRIA ALIMENTARA": 18, "TEHNICIAN MECANIC PENTRU INTRETINERE SI REPARATII": 18, "TEHNICIAN IN CONSTRUCTII SI LUCRARI PUBLICE": 4, "TEHNICIAN ELECTRONIST": 7, "TEHNICIAN ELECTROMECANIC": 4, "TEHNICIAN ELECTROTEHNIST": 8, "TEHNICIAN IN ADMINISTRATIE": 3, "TEHNICIAN DESENATOR PENTRU CONSTRUCTII SI INSTALATII": 8, "TEHNICIAN IN ACTIVITATI DE COMERT": 5, "TEHNICIAN ANALIZE PRODUSE ALIMENTARE": 3, "TEHNICIAN OPERATORI ROBOTI INDUSTRIALI": 1, "TEHNICIAN IN PRELUCRAREA LEMNULUI": 1, "TEHNICIAN IN INDUSTRIA TEXTILA": 2, "TEHNICIAN DESIGNER VESTIMENTAR": 4, "TEHNICIAN ENERGETICIAN": 2, "TEHNICIAN DESIGNER MOBILA SI AMENAJARI INTERIOARE": 1, "TEHNICIAN IN AGRICULTURA": 2, "TEHNICIAN PRELUCRARI PE MASINI CU COMANDA NUMERICA": 1, "TEHNICIAN INSTALATOR PENTRU CONSTRUCTII": 1}, "limba_moderna": {"LIMBA ENGLEZA": 3990, "LIMBA FRANCEZA": 148, "LIMBA SPANIOLA": 23, "LIMBA GERMANA MODERNA": 99, "LIMBA ITALIANA": 24, "LIMBA PORTUGHEZA": 6}, "limba_materna": {"LIMBA ROMANA": 3767, "LIMBA MAGHIARA": 465, "LIMBA GERMANA": 58}, "promotie_anterioara": {"NU": 3889, "DA": 401}, "materii": {"LIMBA ROMANA": {"medie": 7.301856203007515, "reusita": 94.12587412587412, "cnt": 4290}, "MATEMATICA MATE-INFO": {"medie": 8.734993359893764, "reusita": 99.0728476821192, "cnt": 755}, "INFORMATICA MI C/C++": {"medie": 8.884085213032575, "reusita": 99.25, "cnt": 400}, "GENERAL": {"medie": 7.690022425974434, "reusita": 82.54079254079254, "cnt": 4290}, "ISTORIE": {"medie": 7.639526813880145, "reusita": 95.4915466499687, "cnt": 1597}, "LOGICA, ARGUMENTARE SI COMUNICARE": {"medie": 8.337112171837713, "reusita": 93.86068476977569, "cnt": 847}, "GEOGRAFIE": {"medie": 7.632863247863259, "reusita": 95.53119730185497, "cnt": 1186}, "FIZICA TEO": {"medie": 8.722340425531911, "reusita": 98.6013986013986, "cnt": 143}, "CHIMIE ORGANICA TEO NIVEL I/II": {"medie": 9.355785123966943, "reusita": 100.0, "cnt": 121}, "MATEMATICA ST-NAT": {"medie": 8.370259740259739, "reusita": 96.50259067357513, "cnt": 772}, "PSIHOLOGIE": {"medie": 7.611538461538465, "reusita": 92.47311827956989, "cnt": 93}, "SOCIOLOGIE": {"medie": 8.352631578947369, "reusita": 100.0, "cnt": 38}, "ANATOMIE SI FIZIOLOGIE UMANA, GENETICA SI ECOLOGIE UMANA": {"medie": 8.144204685573362, "reusita": 97.41379310344827, "cnt": 812}, "CHIMIE ANORGANICA TEO NIVEL I/II": {"medie": 8.322499999999998, "reusita": 100.0, "cnt": 40}, "BIOLOGIE VEGETALA SI ANIMALA": {"medie": 6.116873449131516, "reusita": 68.67749419953596, "cnt": 431}, "MATEMATICA PED": {"medie": 8.669879518072287, "reusita": 98.79518072289156, "cnt": 83}, "INFORMATICA SN C/C++": {"medie": 8.623684210526314, "reusita": 94.73684210526315, "cnt": 19}, "FILOSOFIE": {"medie": 8.339393939393942, "reusita": 100.0, "cnt": 33}, "LIMBA GERMANA": {"medie": 7.93947368421053, "reusita": 98.27586206896551, "cnt": 58}, "ECONOMIE": {"medie": 5.175, "reusita": 100.0, "cnt": 2}, "MATEMATICA TEHN": {"medie": 6.657950191570888, "reusita": 83.56417359187442, "cnt": 1083}, "FIZICA TEH": {"medie": 6.463125000000001, "reusita": 71.08433734939759, "cnt": 83}, "LIMBA MAGHIARA (REAL)": {"medie": 7.875000000000003, "reusita": 97.70992366412213, "cnt": 393}, "CHIMIE ORGANICA TEH NIVEL I/II": {"medie": 8.207142857142859, "reusita": 100.0, "cnt": 7}, "CHIMIE ANORGANICA TEH NIVEL I/II": {"medie": 6.91857142857143, "reusita": 88.57142857142857, "cnt": 35}, "LIMBA MAGHIARA (UMAN)": {"medie": 7.440972222222225, "reusita": 95.83333333333334, "cnt": 72}}, "nume": "Cluj"}