{"specializari": {"MATEMATICA-INFORMATICA": 755, "STIINTE SOCIALE": 464, "TEOLOGIE ORTODOXA": 23, "STIINTE ALE NATURII": 772, "FILOLOGIE": 505, "COREGRAFIE": 30, "INVATATOR - EDUCATOARE": 83, "LICEU CU PROGRAM SPORTIV": 229, "TEOLOGIE UNITARIANA": 27, "TEHNICIAN IN ACTIVITATI ECONOMICE": 260, "TEHNICIAN CHIMIST DE LABORATOR": 27, "TEOLOGIE BAPTISTA": 27, "MUZICA": 66, "TEHNICIAN IN TURISM": 115, "TEHNICIAN OPERATOR TEHNICA DE CALCUL": 88, "ARHITECTURA, ARTE AMBIENTALE SI DESIGN": 32, "TEOLOGIE ADVENTISTA": 33, "ARTE PLASTICE SI DECORATIVE": 76, "TEHNICIAN IN GASTRONOMIE": 57, "TEHNICIAN VETERINAR": 11, "TEHNICIAN IN AUTOMATIZARI": 28, "TEHNICIAN IN ACTIVITATI DE POSTA": 28, "TEHNICIAN DE TELECOMUNICATII": 26, "TEHNICIAN OPERATOR PROCESARE TEXT IMAGINE": 52, "TEOLOGIE GRECO-CATOLICA": 25, "TEHNICIAN ECOLOG SI PROTECTIA CALITATII MEDIULUI": 47, "TEHNICIAN PROIECTANT CAD": 54, "TEOLOGIE REFORMATA": 36, "TEHNICIAN ELECTRICIAN/ELECTRONIST AUTO": 40, "COAFOR STILIST": 28, "ARTA ACTORULUI": 24, "TEHNICIAN TRANSPORTURI": 52, "TEHNICIAN IN INSTALATII ELECTRICE": 36, "TEHNICIAN MECATRONIST": 18, "ORGANIZATOR BANQUETING": 23, "TEHNICIAN IN INDUSTRIA ALIMENTARA": 18, "TEHNICIAN MECANIC PENTRU INTRETINERE SI REPARATII": 18, "TEHNICIAN IN CONSTRUCTII SI LUCRARI PUBLICE": 4, "TEHNICIAN ELECTRONIST": 7, "TEHNICIAN ELECTROMECANIC": 4, "TEHNICIAN ELECTROTEHNIST": 8, "TEHNICIAN IN ADMINISTRATIE": 3, "TEHNICIAN DESENATOR PENTRU CONSTRUCTII SI INSTALATII": 8, "TEHNICIAN IN ACTIVITATI DE COMERT": 5, "TEHNICIAN ANALIZE PRODUSE ALIMENTARE": 3, "TEHNICIAN OPERATORI ROBOTI INDUSTRIALI": 1, "TEHNICIAN IN PRELUCRAREA LEMNULUI": 1, "TEHNICIAN IN INDUSTRIA TEXTILA": 2, "TEHNICIAN DESIGNER VESTIMENTAR": 4, "TEHNICIAN ENERGETICIAN": 2, "TEHNICIAN IN AGRICULTURA": 2, "TEHNICIAN DESIGNER MOBILA SI AMENAJARI INTERIOARE": 1, "TEHNICIAN PRELUCRARI PE MASINI CU COMANDA NUMERICA": 1, "TEHNICIAN INSTALATOR PENTRU CONSTRUCTII": 1}, "limba_moderna": {"LIMBA ENGLEZA": 3990, "LIMBA FRANCEZA": 148, "LIMBA SPANIOLA": 23, "LIMBA GERMANA MODERNA": 99, "LIMBA ITALIANA": 24, "LIMBA PORTUGHEZA": 6}, "limba_materna": {"LIMBA ROMANA": 3767, "LIMBA MAGHIARA": 465, "LIMBA GERMANA": 58}, "promotie_anterioara": {"NU": 3889, "DA": 401}, "materii": {"LIMBA ROMANA": {"medie": 7.278042763157884, "reusita": 93.40326340326341, "cnt": 4290}, "MATEMATICA MATE-INFO": {"medie": 8.70989375830013, "reusita": 99.0728476821192, "cnt": 755}, "INFORMATICA MI C/C++": {"medie": 8.878571428571426, "reusita": 99.25, "cnt": 400}, "GENERAL": {"medie": 7.671502143367482, "reusita": 81.1888111888112, "cnt": 4290}, "ISTORIE": {"medie": 7.627634069400651, "reusita": 95.17845961177207, "cnt": 1597}, "LOGICA, ARGUMENTARE SI COMUNICARE": {"medie": 8.329415274463008, "reusita": 94.09681227863047, "cnt": 847}, "CHIMIE ORGANICA TEO NIVEL I/II": {"medie": 9.354545454545452, "reusita": 100.0, "cnt": 121}, "MATEMATICA ST-NAT": {"medie": 8.367597402597402, "reusita": 96.50259067357513, "cnt": 772}, "FIZICA TEO": {"medie": 8.70815602836879, "reusita": 97.9020979020979, "cnt": 143}, "GEOGRAFIE": {"medie": 7.61568376068377, "reusita": 94.8566610455312, "cnt": 1186}, "PSIHOLOGIE": {"medie": 7.644505494505496, "reusita": 93.54838709677419, "cnt": 93}, "ANATOMIE SI FIZIOLOGIE UMANA, GENETICA SI ECOLOGIE UMANA": {"medie": 8.130209617755845, "reusita": 97.9064039408867, "cnt": 812}, "CHIMIE ANORGANICA TEO NIVEL I/II": {"medie": 8.323749999999999, "reusita": 100.0, "cnt": 40}, "BIOLOGIE VEGETALA SI ANIMALA": {"medie": 6.114392059553348, "reusita": 67.74941995359629, "cnt": 431}, "SOCIOLOGIE": {"medie": 8.34736842105263, "reusita": 100.0, "cnt": 38}, "INFORMATICA SN C/C++": {"medie": 8.586842105263159, "reusita": 94.73684210526315, "cnt": 19}, "MATEMATICA PED": {"medie": 8.662650602409638, "reusita": 98.79518072289156, "cnt": 83}, "FILOSOFIE": {"medie": 8.33030303030303, "reusita": 100.0, "cnt": 33}, "LIMBA GERMANA": {"medie": 7.8728070175438605, "reusita": 98.27586206896551, "cnt": 58}, "MATEMATICA TEHN": {"medie": 6.641666666666673, "reusita": 82.54847645429363, "cnt": 1083}, "FIZICA TEH": {"medie": 6.472500000000001, "reusita": 71.08433734939759, "cnt": 83}, "LIMBA MAGHIARA (REAL)": {"medie": 7.767051282051285, "reusita": 96.43765903307889, "cnt": 393}, "ECONOMIE": {"medie": 5.175, "reusita": 100.0, "cnt": 2}, "CHIMIE ANORGANICA TEH NIVEL I/II": {"medie": 6.917142857142859, "reusita": 88.57142857142857, "cnt": 35}, "LIMBA MAGHIARA (UMAN)": {"medie": 7.3125000000000036, "reusita": 90.27777777777779, "cnt": 72}, "CHIMIE ORGANICA TEH NIVEL I/II": {"medie": 8.207142857142859, "reusita": 100.0, "cnt": 7}}, "nume": "Cluj"}