{"specializari": {"STIINTE ALE NATURII": 830, "MATEMATICA-INFORMATICA": 676, "ARHITECTURA, ARTE AMBIENTALE SI DESIGN": 32, "STIINTE SOCIALE": 467, "FILOLOGIE": 543, "TEHNICIAN ECOLOG SI PROTECTIA CALITATII MEDIULUI": 108, "INVATATOR - EDUCATOARE": 70, "TEHNICIAN ANALIZE PRODUSE ALIMENTARE": 50, "TEHNICIAN IN ACTIVITATI DE POSTA": 26, "ARTE PLASTICE SI DECORATIVE": 29, "MUZICA": 24, "TEHNICIAN IN TURISM": 182, "TEHNICIAN IN INSTALATII ELECTRICE": 137, "TEHNICIAN IN ACTIVITATI ECONOMICE": 218, "EDUCATOR-PUERICULTOR": 15, "LICEU CU PROGRAM SPORTIV": 201, "TEHNICIAN OPERATOR TEHNICA DE CALCUL": 73, "ARTA ACTORULUI": 15, "TEHNICIAN IN ACTIVITATI DE COMERT": 96, "COREGRAFIE": 10, "TEHNICIAN IN ADMINISTRATIE": 61, "TEHNICIAN DESENATOR PENTRU CONSTRUCTII SI INSTALATII": 23, "TEHNICIAN IN AUTOMATIZARI": 105, "TEOLOGIE ORTODOXA": 24, "TEHNICIAN CHIMIST DE LABORATOR": 58, "TEHNICIAN IN GASTRONOMIE": 155, "TEHNICIAN DE TELECOMUNICATII": 63, "TEHNICIAN MECANIC PENTRU INTRETINERE SI REPARATII": 67, "TEHNICIAN ENERGETICIAN": 45, "COAFOR STILIST": 61, "TEHNICIAN VETERINAR": 21, "TEHNICIAN IN HOTELARIE": 29, "TEHNICIAN PROIECTANT CAD": 67, "TEHNICIAN IN CHIMIE INDUSTRIALA": 32, "TEHNICIAN TRANSPORTURI": 32, "TEHNICIAN ELECTROMECANIC": 57, "TEHNICIAN ELECTRICIAN/ELECTRONIST AUTO": 20, "TEHNICIAN MECATRONIST": 39, "ORGANIZATOR BANQUETING": 14, "TEOLOGIE MUSULMANA": 10, "TEHNICIAN ELECTROTEHNIST": 10, "TEHNICIAN IN CONSTRUCTII SI LUCRARI PUBLICE": 3, "TEHNICIAN IN AGRICULTURA": 16, "TEHNICIAN HIDRO-METEOROLOG": 2, "TEHNICIAN ELECTRONIST": 4, "TEHNICIAN IN INDUSTRIA ALIMENTARA": 9, "TEHNICIAN AGRONOM": 7, "TEHNICIAN PRELUCRARI MECANICE": 3, "TEHNICIAN IN SILVICULTURA SI EXPLOATARI FORESTIERE": 1, "TEHNICIAN PROIECTANT PRODUSE FINITE DIN LEMN": 1, "TEHNICIAN IN INDUSTRIA TEXTILA": 9, "TEHNICIAN PRELUCRARI LA CALD": 5, "TEHNICIAN IN INDUSTRIA MATERIALELOR DE CONSTRUCTII": 1, "TEHNICIAN IN MORARIT, PANIFICATIE SI PRODUSE FAINOASE": 3, "TEHNICIAN IN PRELUCRAREA PRODUSELOR DE ORIGINE ANIMALA": 1, "TEHNICIAN IN PRELUCRAREA LEMNULUI": 1, "TEHNICIAN INSTALATOR PENTRU CONSTRUCTII": 1, "TEHNICIAN PENTRU ANIMALE DE COMPANIE": 1}, "limba_moderna": {"LIMBA GERMANA MODERNA": 47, "LIMBA ENGLEZA": 4681, "LIMBA FRANCEZA": 104, "LIMBA SPANIOLA": 22, "LIMBA ITALIANA": 9}, "limba_materna": {"LIMBA ROMANA": 4853, "LIMBA TURCA": 10}, "promotie_anterioara": {"NU": 4266, "DA": 597}, "materii": {"LIMBA ROMANA": {"medie": 6.9287523749208235, "reusita": 89.40982932346289, "cnt": 4863}, "MATEMATICA MATE-INFO": {"medie": 8.421001494768321, "reusita": 96.00591715976331, "cnt": 676}, "INFORMATICA MI C/C++": {"medie": 8.236254980079682, "reusita": 97.21115537848605, "cnt": 251}, "GENERAL": {"medie": 7.240124792613423, "reusita": 72.73288093769278, "cnt": 4863}, "ISTORIE": {"medie": 7.344324925816033, "reusita": 90.21897810218978, "cnt": 1370}, "LOGICA, ARGUMENTARE SI COMUNICARE": {"medie": 8.008175473579263, "reusita": 90.45764362220059, "cnt": 1027}, "GEOGRAFIE": {"medie": 7.4774109014675, "reusita": 89.38938938938938, "cnt": 999}, "FIZICA TEO": {"medie": 8.478113879003562, "reusita": 98.57651245551602, "cnt": 281}, "CHIMIE ORGANICA TEO NIVEL I/II": {"medie": 9.26483516483517, "reusita": 100.0, "cnt": 91}, "MATEMATICA ST-NAT": {"medie": 8.254156479217604, "reusita": 93.61445783132531, "cnt": 830}, "PSIHOLOGIE": {"medie": 7.061180124223605, "reusita": 87.27272727272727, "cnt": 165}, "SOCIOLOGIE": {"medie": 7.6380952380952385, "reusita": 92.1875, "cnt": 64}, "ANATOMIE SI FIZIOLOGIE UMANA, GENETICA SI ECOLOGIE UMANA": {"medie": 7.617579408543272, "reusita": 88.3843717001056, "cnt": 947}, "CHIMIE ANORGANICA TEO NIVEL I/II": {"medie": 8.276000000000003, "reusita": 96.15384615384616, "cnt": 26}, "BIOLOGIE VEGETALA SI ANIMALA": {"medie": 5.607352941176472, "reusita": 59.183673469387756, "cnt": 784}, "MATEMATICA PED": {"medie": 7.64, "reusita": 84.28571428571429, "cnt": 70}, "INFORMATICA SN C/C++": {"medie": 7.462195121951219, "reusita": 97.5609756097561, "cnt": 41}, "FILOSOFIE": {"medie": 9.036363636363635, "reusita": 100.0, "cnt": 11}, "ECONOMIE": {"medie": 8.303125, "reusita": 100.0, "cnt": 16}, "MATEMATICA TEHN": {"medie": 6.250364758698083, "reusita": 75.16953573291602, "cnt": 1917}, "FIZICA TEH": {"medie": 6.237168141592919, "reusita": 72.1311475409836, "cnt": 122}, "CHIMIE ORGANICA TEH NIVEL I/II": {"medie": 5.833333333333333, "reusita": 66.66666666666666, "cnt": 9}, "CHIMIE ANORGANICA TEH NIVEL I/II": {"medie": 5.875, "reusita": 72.41379310344827, "cnt": 29}, "LIMBA TURCA": {"medie": 5.400000000000001, "reusita": 50.0, "cnt": 10}}, "nume": "Constan\u021ba"}