{"specializari": {"MATEMATICA-INFORMATICA": 676, "STIINTE ALE NATURII": 830, "ARHITECTURA, ARTE AMBIENTALE SI DESIGN": 32, "STIINTE SOCIALE": 467, "FILOLOGIE": 543, "TEHNICIAN ECOLOG SI PROTECTIA CALITATII MEDIULUI": 108, "INVATATOR - EDUCATOARE": 70, "TEHNICIAN ANALIZE PRODUSE ALIMENTARE": 50, "MUZICA": 24, "ARTE PLASTICE SI DECORATIVE": 29, "TEHNICIAN IN TURISM": 182, "TEHNICIAN IN INSTALATII ELECTRICE": 137, "TEHNICIAN IN ACTIVITATI DE POSTA": 26, "EDUCATOR-PUERICULTOR": 15, "TEHNICIAN IN ACTIVITATI ECONOMICE": 218, "TEHNICIAN DESENATOR PENTRU CONSTRUCTII SI INSTALATII": 23, "LICEU CU PROGRAM SPORTIV": 201, "TEHNICIAN OPERATOR TEHNICA DE CALCUL": 73, "ARTA ACTORULUI": 15, "COREGRAFIE": 10, "TEHNICIAN IN ACTIVITATI DE COMERT": 96, "TEHNICIAN IN ADMINISTRATIE": 61, "TEOLOGIE ORTODOXA": 24, "TEHNICIAN CHIMIST DE LABORATOR": 58, "TEHNICIAN IN GASTRONOMIE": 155, "TEHNICIAN IN AUTOMATIZARI": 105, "TEHNICIAN DE TELECOMUNICATII": 63, "TEHNICIAN ENERGETICIAN": 45, "COAFOR STILIST": 61, "TEHNICIAN MECANIC PENTRU INTRETINERE SI REPARATII": 67, "TEHNICIAN VETERINAR": 21, "TEHNICIAN IN HOTELARIE": 29, "TEHNICIAN PROIECTANT CAD": 67, "TEHNICIAN IN CHIMIE INDUSTRIALA": 32, "TEHNICIAN TRANSPORTURI": 32, "TEHNICIAN ELECTROMECANIC": 57, "TEHNICIAN ELECTRICIAN/ELECTRONIST AUTO": 20, "TEHNICIAN MECATRONIST": 39, "ORGANIZATOR BANQUETING": 14, "TEOLOGIE MUSULMANA": 10, "TEHNICIAN ELECTROTEHNIST": 10, "TEHNICIAN IN CONSTRUCTII SI LUCRARI PUBLICE": 3, "TEHNICIAN IN AGRICULTURA": 16, "TEHNICIAN HIDRO-METEOROLOG": 2, "TEHNICIAN ELECTRONIST": 4, "TEHNICIAN IN INDUSTRIA ALIMENTARA": 9, "TEHNICIAN AGRONOM": 7, "TEHNICIAN IN INDUSTRIA MATERIALELOR DE CONSTRUCTII": 1, "TEHNICIAN PRELUCRARI MECANICE": 3, "TEHNICIAN IN SILVICULTURA SI EXPLOATARI FORESTIERE": 1, "TEHNICIAN PROIECTANT PRODUSE FINITE DIN LEMN": 1, "TEHNICIAN IN INDUSTRIA TEXTILA": 9, "TEHNICIAN PRELUCRARI LA CALD": 5, "TEHNICIAN IN MORARIT, PANIFICATIE SI PRODUSE FAINOASE": 3, "TEHNICIAN IN PRELUCRAREA PRODUSELOR DE ORIGINE ANIMALA": 1, "TEHNICIAN IN PRELUCRAREA LEMNULUI": 1, "TEHNICIAN INSTALATOR PENTRU CONSTRUCTII": 1, "TEHNICIAN PENTRU ANIMALE DE COMPANIE": 1}, "limba_moderna": {"LIMBA ENGLEZA": 4681, "LIMBA GERMANA MODERNA": 47, "LIMBA FRANCEZA": 104, "LIMBA SPANIOLA": 22, "LIMBA ITALIANA": 9}, "limba_materna": {"LIMBA ROMANA": 4853, "LIMBA TURCA": 10}, "promotie_anterioara": {"NU": 4266, "DA": 597}, "materii": {"LIMBA ROMANA": {"medie": 6.86478784040531, "reusita": 88.19658646925767, "cnt": 4863}, "MATEMATICA MATE-INFO": {"medie": 8.398878923766828, "reusita": 95.85798816568047, "cnt": 676}, "INFORMATICA MI C/C++": {"medie": 8.233266932270919, "reusita": 96.81274900398407, "cnt": 251}, "GENERAL": {"medie": 7.210589338527, "reusita": 71.33456713962575, "cnt": 4863}, "ISTORIE": {"medie": 7.347477744807131, "reusita": 90.21897810218978, "cnt": 1370}, "LOGICA, ARGUMENTARE SI COMUNICARE": {"medie": 7.99227318045862, "reusita": 90.16553067185978, "cnt": 1027}, "CHIMIE ORGANICA TEO NIVEL I/II": {"medie": 9.244505494505496, "reusita": 100.0, "cnt": 91}, "MATEMATICA ST-NAT": {"medie": 8.267359413202932, "reusita": 93.855421686747, "cnt": 830}, "FIZICA TEO": {"medie": 8.458540925266904, "reusita": 98.22064056939502, "cnt": 281}, "GEOGRAFIE": {"medie": 7.4762054507337465, "reusita": 89.38938938938938, "cnt": 999}, "PSIHOLOGIE": {"medie": 6.981366459627332, "reusita": 85.45454545454545, "cnt": 165}, "ANATOMIE SI FIZIOLOGIE UMANA, GENETICA SI ECOLOGIE UMANA": {"medie": 7.570153340635274, "reusita": 86.6948257655755, "cnt": 947}, "CHIMIE ANORGANICA TEO NIVEL I/II": {"medie": 8.228, "reusita": 96.15384615384616, "cnt": 26}, "BIOLOGIE VEGETALA SI ANIMALA": {"medie": 5.587044817927174, "reusita": 57.525510204081634, "cnt": 784}, "SOCIOLOGIE": {"medie": 7.594444444444445, "reusita": 92.1875, "cnt": 64}, "INFORMATICA SN C/C++": {"medie": 7.401219512195122, "reusita": 97.5609756097561, "cnt": 41}, "MATEMATICA PED": {"medie": 7.610714285714282, "reusita": 84.28571428571429, "cnt": 70}, "FILOSOFIE": {"medie": 8.972727272727273, "reusita": 100.0, "cnt": 11}, "MATEMATICA TEHN": {"medie": 6.251655443322106, "reusita": 74.75221700573813, "cnt": 1917}, "FIZICA TEH": {"medie": 6.224336283185841, "reusita": 71.31147540983606, "cnt": 122}, "ECONOMIE": {"medie": 8.1875, "reusita": 93.75, "cnt": 16}, "CHIMIE ANORGANICA TEH NIVEL I/II": {"medie": 5.853846153846154, "reusita": 72.41379310344827, "cnt": 29}, "CHIMIE ORGANICA TEH NIVEL I/II": {"medie": 5.833333333333334, "reusita": 55.55555555555556, "cnt": 9}, "LIMBA TURCA": {"medie": 5.400000000000001, "reusita": 50.0, "cnt": 10}}, "nume": "Constan\u021ba"}