{"specializari": {"STIINTE ALE NATURII": 249, "MATEMATICA-INFORMATICA": 137, "FILOLOGIE": 183, "STIINTE SOCIALE": 121, "MUZICA": 34, "INVATATOR - EDUCATOARE": 34, "ARTA ACTORULUI": 5, "TEOLOGIE REFORMATA": 67, "TEHNICIAN IN TURISM": 29, "TEHNICIAN OPERATOR TEHNICA DE CALCUL": 56, "EDUCATOR-PUERICULTOR": 6, "ARTE PLASTICE SI DECORATIVE": 35, "TEHNICIAN IN ACTIVITATI DE COMERT": 17, "TEOLOGIE ROMANO-CATOLICA": 27, "TEHNICIAN ECOLOG SI PROTECTIA CALITATII MEDIULUI": 22, "TEHNICIAN PRELUCRARI PE MASINI CU COMANDA NUMERICA": 16, "ORGANIZATOR BANQUETING": 22, "TEHNICIAN TRANSPORTURI": 8, "TEHNICIAN DESIGNER VESTIMENTAR": 1, "TEHNICIAN IN SILVICULTURA SI EXPLOATARI FORESTIERE": 24, "TEHNICIAN ELECTRONIST": 2, "TEHNICIAN IN ACHIZITII SI CONTRACTARI": 4, "TEHNICIAN VETERINAR": 26, "TEHNICIAN IN AUTOMATIZARI": 22, "TEHNICIAN ELECTRICIAN/ELECTRONIST AUTO": 1, "TEHNICIAN IN ACTIVITATI ECONOMICE": 40, "TEHNICIAN ELECTROTEHNIST": 1, "TEHNICIAN MECATRONIST": 1, "TEHNICIAN IN AGRICULTURA": 1, "TEHNICIAN PROIECTANT CAD": 3, "TEHNICIAN DESIGNER MOBILA SI AMENAJARI INTERIOARE": 1, "TEHNICIAN IN GASTRONOMIE": 2, "TEHNICIAN IN PRELUCRAREA LEMNULUI": 1}, "limba_moderna": {"LIMBA ENGLEZA": 1037, "LIMBA GERMANA MODERNA": 160, "LIMBA FRANCEZA": 1}, "limba_materna": {"LIMBA ROMANA": 343, "LIMBA MAGHIARA": 855}, "promotie_anterioara": {"NU": 1041, "DA": 157}, "materii": {"LIMBA ROMANA": {"medie": 5.7604255319148985, "reusita": 74.29048414023373, "cnt": 1198}, "MATEMATICA MATE-INFO": {"medie": 8.229411764705885, "reusita": 98.54014598540147, "cnt": 137}, "INFORMATICA MI C/C++": {"medie": 8.525714285714285, "reusita": 100.0, "cnt": 35}, "GENERAL": {"medie": 6.992977930639153, "reusita": 65.9432387312187, "cnt": 1198}, "ISTORIE": {"medie": 7.295263157894737, "reusita": 97.48953974895397, "cnt": 478}, "LOGICA, ARGUMENTARE SI COMUNICARE": {"medie": 8.443750000000001, "reusita": 100.0, "cnt": 48}, "GEOGRAFIE": {"medie": 7.462301587301592, "reusita": 94.77756286266924, "cnt": 517}, "FIZICA TEO": {"medie": 8.340625000000001, "reusita": 100.0, "cnt": 32}, "CHIMIE ORGANICA TEO NIVEL I/II": {"medie": 7.861538461538462, "reusita": 92.3076923076923, "cnt": 13}, "MATEMATICA ST-NAT": {"medie": 8.317741935483868, "reusita": 98.39357429718876, "cnt": 249}, "PSIHOLOGIE": {"medie": 7.558000000000002, "reusita": 96.0, "cnt": 25}, "SOCIOLOGIE": {"medie": 8.227500000000003, "reusita": 100.0, "cnt": 20}, "ANATOMIE SI FIZIOLOGIE UMANA, GENETICA SI ECOLOGIE UMANA": {"medie": 7.816320474777448, "reusita": 95.56213017751479, "cnt": 338}, "CHIMIE ANORGANICA TEO NIVEL I/II": {"medie": 7.768181818181816, "reusita": 100.0, "cnt": 22}, "BIOLOGIE VEGETALA SI ANIMALA": {"medie": 4.684782608695653, "reusita": 45.36082474226804, "cnt": 97}, "MATEMATICA PED": {"medie": 7.760294117647059, "reusita": 97.05882352941177, "cnt": 34}, "INFORMATICA SN C/C++": {"medie": 8.457142857142857, "reusita": 100.0, "cnt": 7}, "FILOSOFIE": {"medie": 8.221428571428572, "reusita": 100.0, "cnt": 14}, "ECONOMIE": {"medie": 6.9, "reusita": 100.0, "cnt": 2}, "MATEMATICA TEHN": {"medie": 5.373665480427042, "reusita": 65.66666666666666, "cnt": 300}, "FIZICA TEH": {"medie": 6.529999999999999, "reusita": 50.0, "cnt": 6}, "LIMBA MAGHIARA (REAL)": {"medie": 7.543079315707614, "reusita": 97.07241910631741, "cnt": 649}, "CHIMIE ORGANICA TEH NIVEL I/II": {"medie": 5.59, "reusita": 60.0, "cnt": 5}, "CHIMIE ANORGANICA TEH NIVEL I/II": {"medie": 5.2058823529411775, "reusita": 70.58823529411765, "cnt": 17}, "LIMBA MAGHIARA (UMAN)": {"medie": 7.823774509803923, "reusita": 99.02912621359224, "cnt": 206}}, "nume": "Covasna"}