{"specializari": {"STIINTE ALE NATURII": 249, "FILOLOGIE": 183, "MATEMATICA-INFORMATICA": 137, "MUZICA": 34, "STIINTE SOCIALE": 121, "INVATATOR - EDUCATOARE": 34, "ARTA ACTORULUI": 5, "TEOLOGIE REFORMATA": 67, "TEHNICIAN IN TURISM": 29, "TEHNICIAN OPERATOR TEHNICA DE CALCUL": 56, "EDUCATOR-PUERICULTOR": 6, "ARTE PLASTICE SI DECORATIVE": 35, "TEHNICIAN IN ACTIVITATI DE COMERT": 17, "TEOLOGIE ROMANO-CATOLICA": 27, "TEHNICIAN ECOLOG SI PROTECTIA CALITATII MEDIULUI": 22, "TEHNICIAN PRELUCRARI PE MASINI CU COMANDA NUMERICA": 16, "ORGANIZATOR BANQUETING": 22, "TEHNICIAN DESIGNER VESTIMENTAR": 1, "TEHNICIAN IN SILVICULTURA SI EXPLOATARI FORESTIERE": 24, "TEHNICIAN ELECTRONIST": 2, "TEHNICIAN IN ACHIZITII SI CONTRACTARI": 4, "TEHNICIAN VETERINAR": 26, "TEHNICIAN ELECTRICIAN/ELECTRONIST AUTO": 1, "TEHNICIAN IN ACTIVITATI ECONOMICE": 40, "TEHNICIAN ELECTROTEHNIST": 1, "TEHNICIAN MECATRONIST": 1, "TEHNICIAN TRANSPORTURI": 8, "TEHNICIAN IN AUTOMATIZARI": 22, "TEHNICIAN IN AGRICULTURA": 1, "TEHNICIAN PROIECTANT CAD": 3, "TEHNICIAN DESIGNER MOBILA SI AMENAJARI INTERIOARE": 1, "TEHNICIAN IN GASTRONOMIE": 2, "TEHNICIAN IN PRELUCRAREA LEMNULUI": 1}, "limba_moderna": {"LIMBA ENGLEZA": 1037, "LIMBA GERMANA MODERNA": 160, "LIMBA FRANCEZA": 1}, "limba_materna": {"LIMBA ROMANA": 343, "LIMBA MAGHIARA": 855}, "promotie_anterioara": {"NU": 1041, "DA": 157}, "materii": {"LIMBA ROMANA": {"medie": 5.73974468085107, "reusita": 72.20367278797997, "cnt": 1198}, "MATEMATICA MATE-INFO": {"medie": 8.22058823529412, "reusita": 98.54014598540147, "cnt": 137}, "INFORMATICA MI C/C++": {"medie": 8.528571428571427, "reusita": 100.0, "cnt": 35}, "GENERAL": {"medie": 6.976232444826592, "reusita": 63.52253756260434, "cnt": 1198}, "ISTORIE": {"medie": 7.2778947368421045, "reusita": 96.86192468619247, "cnt": 478}, "LOGICA, ARGUMENTARE SI COMUNICARE": {"medie": 8.438541666666667, "reusita": 100.0, "cnt": 48}, "CHIMIE ORGANICA TEO NIVEL I/II": {"medie": 7.861538461538462, "reusita": 92.3076923076923, "cnt": 13}, "MATEMATICA ST-NAT": {"medie": 8.316935483870964, "reusita": 97.99196787148594, "cnt": 249}, "FIZICA TEO": {"medie": 8.340625000000001, "reusita": 100.0, "cnt": 32}, "GEOGRAFIE": {"medie": 7.463095238095244, "reusita": 94.58413926499033, "cnt": 517}, "PSIHOLOGIE": {"medie": 7.604000000000003, "reusita": 100.0, "cnt": 25}, "ANATOMIE SI FIZIOLOGIE UMANA, GENETICA SI ECOLOGIE UMANA": {"medie": 7.7838278931750775, "reusita": 94.0828402366864, "cnt": 338}, "CHIMIE ANORGANICA TEO NIVEL I/II": {"medie": 7.768181818181816, "reusita": 100.0, "cnt": 22}, "BIOLOGIE VEGETALA SI ANIMALA": {"medie": 4.6173913043478265, "reusita": 39.175257731958766, "cnt": 97}, "SOCIOLOGIE": {"medie": 8.227500000000003, "reusita": 100.0, "cnt": 20}, "INFORMATICA SN C/C++": {"medie": 8.457142857142857, "reusita": 100.0, "cnt": 7}, "MATEMATICA PED": {"medie": 7.757352941176471, "reusita": 97.05882352941177, "cnt": 34}, "FILOSOFIE": {"medie": 8.221428571428572, "reusita": 100.0, "cnt": 14}, "MATEMATICA TEHN": {"medie": 5.362989323843415, "reusita": 63.33333333333333, "cnt": 300}, "FIZICA TEH": {"medie": 6.530000000000001, "reusita": 50.0, "cnt": 6}, "LIMBA MAGHIARA (REAL)": {"medie": 7.52721617418351, "reusita": 96.76425269645608, "cnt": 649}, "ECONOMIE": {"medie": 6.9, "reusita": 100.0, "cnt": 2}, "CHIMIE ANORGANICA TEH NIVEL I/II": {"medie": 5.155882352941176, "reusita": 58.82352941176471, "cnt": 17}, "LIMBA MAGHIARA (UMAN)": {"medie": 7.789215686274508, "reusita": 97.57281553398059, "cnt": 206}, "CHIMIE ORGANICA TEH NIVEL I/II": {"medie": 5.58, "reusita": 60.0, "cnt": 5}}, "nume": "Covasna"}