{"specializari": {"FILOLOGIE": 628, "MATEMATICA-INFORMATICA": 692, "STIINTE ALE NATURII": 367, "TEHNICIAN IN ACTIVITATI ECONOMICE": 159, "STIINTE SOCIALE": 240, "INVATATOR - EDUCATOARE": 51, "TEOLOGIE ORTODOXA": 15, "ARTE PLASTICE SI DECORATIVE": 29, "ARHITECTURA, ARTE AMBIENTALE SI DESIGN": 23, "TEHNICIAN IN ADMINISTRATIE": 29, "MUZICA": 25, "TEHNICIAN IN TURISM": 30, "TEHNICIAN IN ACHIZITII SI CONTRACTARI": 45, "TEHNICIAN IN ACTIVITATI DE COMERT": 44, "TEHNICIAN IN GASTRONOMIE": 55, "TEHNICIAN OPERATOR PROCESARE TEXT IMAGINE": 42, "TEHNICIAN OPERATOR TEHNICA DE CALCUL": 51, "LICEU CU PROGRAM SPORTIV": 142, "TEHNICIAN ECOLOG SI PROTECTIA CALITATII MEDIULUI": 90, "TEHNICIAN TRANSPORTURI": 11, "TEHNICIAN IN HOTELARIE": 2, "TEHNICIAN INSTALATOR PENTRU CONSTRUCTII": 5, "TEHNICIAN MULTIMEDIA": 14, "TEHNICIAN HORTICULTOR": 1, "TEHNICIAN IN INSTALATII ELECTRICE": 36, "TEHNICIAN ELECTROMECANIC": 30, "TEHNICIAN MECATRONIST": 31, "TEHNICIAN IN INDUSTRIA ALIMENTARA": 13, "TEHNICIAN ELECTROTEHNIST": 3, "TEHNICIAN MECANIC PENTRU INTRETINERE SI REPARATII": 28, "TEHNICIAN CHIMIST DE LABORATOR": 1, "ORGANIZATOR BANQUETING": 5, "TEHNICIAN IN AUTOMATIZARI": 14, "TEHNICIAN PROIECTANT CAD": 22, "TEHNICIAN ELECTRICIAN/ELECTRONIST AUTO": 18, "TEHNICIAN DESIGNER MOBILA SI AMENAJARI INTERIOARE": 4, "TEHNICIAN VETERINAR": 2, "TEHNICIAN IN INDUSTRIA TEXTILA": 1, "TEHNICIAN METROLOG": 1, "COAFOR STILIST": 1, "TEHNICIAN ANALIZE PRODUSE ALIMENTARE": 1, "TEHNICIAN IN SILVICULTURA SI EXPLOATARI FORESTIERE": 2, "TEHNICIAN DE TELECOMUNICATII": 1}, "limba_moderna": {"LIMBA ENGLEZA": 2807, "LIMBA FRANCEZA": 189, "LIMBA GERMANA MODERNA": 1, "LIMBA ITALIANA": 7}, "limba_materna": {"LIMBA ROMANA": 3004}, "promotie_anterioara": {"NU": 2592, "DA": 412}, "materii": {"LIMBA ROMANA": {"medie": 6.592098092643037, "reusita": 84.4207723035952, "cnt": 3004}, "MATEMATICA MATE-INFO": {"medie": 7.079545454545456, "reusita": 83.8150289017341, "cnt": 692}, "INFORMATICA MI C/C++": {"medie": 8.122761194029847, "reusita": 96.29629629629629, "cnt": 135}, "GENERAL": {"medie": 6.824271450133507, "reusita": 65.61251664447404, "cnt": 3004}, "ISTORIE": {"medie": 7.048068077276925, "reusita": 88.2940108892922, "cnt": 1102}, "LOGICA, ARGUMENTARE SI COMUNICARE": {"medie": 8.074852071005916, "reusita": 91.32947976878613, "cnt": 173}, "GEOGRAFIE": {"medie": 7.826597582037978, "reusita": 92.6333615580017, "cnt": 1181}, "FIZICA TEO": {"medie": 8.804205607476634, "reusita": 100.0, "cnt": 107}, "CHIMIE ORGANICA TEO NIVEL I/II": {"medie": 9.35, "reusita": 100.0, "cnt": 78}, "MATEMATICA ST-NAT": {"medie": 6.032913165266103, "reusita": 70.29972752043598, "cnt": 367}, "PSIHOLOGIE": {"medie": 7.996951219512198, "reusita": 95.18072289156626, "cnt": 83}, "SOCIOLOGIE": {"medie": 6.2862745098039206, "reusita": 74.07407407407408, "cnt": 54}, "ANATOMIE SI FIZIOLOGIE UMANA, GENETICA SI ECOLOGIE UMANA": {"medie": 6.684370257966619, "reusita": 81.73784977908689, "cnt": 679}, "CHIMIE ANORGANICA TEO NIVEL I/II": {"medie": 7.889999999999999, "reusita": 100.0, "cnt": 10}, "BIOLOGIE VEGETALA SI ANIMALA": {"medie": 4.9981389578163835, "reusita": 48.64253393665158, "cnt": 442}, "MATEMATICA PED": {"medie": 8.730392156862747, "reusita": 100.0, "cnt": 51}, "INFORMATICA SN C/C++": {"medie": 7.907142857142858, "reusita": 85.71428571428571, "cnt": 7}, "FILOSOFIE": {"medie": 6.036666666666667, "reusita": 66.66666666666666, "cnt": 15}, "ECONOMIE": {"medie": 6.823529411764705, "reusita": 88.23529411764706, "cnt": 17}, "MATEMATICA TEHN": {"medie": 5.417980636237903, "reusita": 61.489898989899, "cnt": 792}, "FIZICA TEH": {"medie": 3.9681818181818183, "reusita": 28.57142857142857, "cnt": 14}, "CHIMIE ORGANICA TEH NIVEL I/II": {"medie": 4.3, "reusita": 0.0, "cnt": 1}, "CHIMIE ANORGANICA TEH NIVEL I/II": {"medie": 3.275, "reusita": 12.5, "cnt": 8}}, "nume": "D\u00e2mbovi\u021ba"}