{"specializari": {"FILOLOGIE": 628, "TEHNICIAN IN ACTIVITATI ECONOMICE": 159, "STIINTE ALE NATURII": 367, "MATEMATICA-INFORMATICA": 692, "INVATATOR - EDUCATOARE": 51, "STIINTE SOCIALE": 240, "ARTE PLASTICE SI DECORATIVE": 29, "ARHITECTURA, ARTE AMBIENTALE SI DESIGN": 23, "TEHNICIAN IN ADMINISTRATIE": 29, "TEOLOGIE ORTODOXA": 15, "MUZICA": 25, "TEHNICIAN IN TURISM": 30, "TEHNICIAN IN ACHIZITII SI CONTRACTARI": 45, "TEHNICIAN IN ACTIVITATI DE COMERT": 44, "TEHNICIAN IN GASTRONOMIE": 55, "TEHNICIAN OPERATOR PROCESARE TEXT IMAGINE": 42, "TEHNICIAN OPERATOR TEHNICA DE CALCUL": 51, "LICEU CU PROGRAM SPORTIV": 142, "TEHNICIAN ECOLOG SI PROTECTIA CALITATII MEDIULUI": 90, "TEHNICIAN TRANSPORTURI": 11, "TEHNICIAN INSTALATOR PENTRU CONSTRUCTII": 5, "TEHNICIAN MULTIMEDIA": 14, "TEHNICIAN HORTICULTOR": 1, "TEHNICIAN IN INSTALATII ELECTRICE": 36, "TEHNICIAN ELECTROMECANIC": 30, "TEHNICIAN MECATRONIST": 31, "TEHNICIAN IN INDUSTRIA ALIMENTARA": 13, "TEHNICIAN ELECTROTEHNIST": 3, "TEHNICIAN MECANIC PENTRU INTRETINERE SI REPARATII": 28, "TEHNICIAN CHIMIST DE LABORATOR": 1, "ORGANIZATOR BANQUETING": 5, "TEHNICIAN IN AUTOMATIZARI": 14, "TEHNICIAN PROIECTANT CAD": 22, "TEHNICIAN DESIGNER MOBILA SI AMENAJARI INTERIOARE": 4, "TEHNICIAN ELECTRICIAN/ELECTRONIST AUTO": 18, "TEHNICIAN VETERINAR": 2, "TEHNICIAN IN INDUSTRIA TEXTILA": 1, "TEHNICIAN METROLOG": 1, "TEHNICIAN IN HOTELARIE": 2, "COAFOR STILIST": 1, "TEHNICIAN ANALIZE PRODUSE ALIMENTARE": 1, "TEHNICIAN IN SILVICULTURA SI EXPLOATARI FORESTIERE": 2, "TEHNICIAN DE TELECOMUNICATII": 1}, "limba_moderna": {"LIMBA ENGLEZA": 2807, "LIMBA FRANCEZA": 189, "LIMBA GERMANA MODERNA": 1, "LIMBA ITALIANA": 7}, "limba_materna": {"LIMBA ROMANA": 3004}, "promotie_anterioara": {"NU": 2592, "DA": 412}, "materii": {"LIMBA ROMANA": {"medie": 6.489696866484999, "reusita": 80.89214380825565, "cnt": 3004}, "MATEMATICA MATE-INFO": {"medie": 7.031378299120238, "reusita": 82.36994219653178, "cnt": 692}, "INFORMATICA MI C/C++": {"medie": 8.077985074626866, "reusita": 95.55555555555556, "cnt": 135}, "GENERAL": {"medie": 6.760687333101128, "reusita": 61.45139813581891, "cnt": 3004}, "ISTORIE": {"medie": 6.9172493100276045, "reusita": 81.85117967332124, "cnt": 1102}, "LOGICA, ARGUMENTARE SI COMUNICARE": {"medie": 8.038757396449702, "reusita": 90.7514450867052, "cnt": 173}, "CHIMIE ORGANICA TEO NIVEL I/II": {"medie": 9.351923076923077, "reusita": 100.0, "cnt": 78}, "MATEMATICA ST-NAT": {"medie": 6.0459383753501355, "reusita": 70.29972752043598, "cnt": 367}, "FIZICA TEO": {"medie": 8.796728971962615, "reusita": 99.06542056074767, "cnt": 107}, "GEOGRAFIE": {"medie": 7.824827288428315, "reusita": 92.46401354784082, "cnt": 1181}, "PSIHOLOGIE": {"medie": 7.924390243902443, "reusita": 95.18072289156626, "cnt": 83}, "ANATOMIE SI FIZIOLOGIE UMANA, GENETICA SI ECOLOGIE UMANA": {"medie": 6.62534142640364, "reusita": 79.08689248895435, "cnt": 679}, "CHIMIE ANORGANICA TEO NIVEL I/II": {"medie": 7.914999999999999, "reusita": 100.0, "cnt": 10}, "BIOLOGIE VEGETALA SI ANIMALA": {"medie": 4.9893300248139045, "reusita": 47.511312217194565, "cnt": 442}, "SOCIOLOGIE": {"medie": 6.197058823529412, "reusita": 72.22222222222221, "cnt": 54}, "INFORMATICA SN C/C++": {"medie": 7.907142857142858, "reusita": 85.71428571428571, "cnt": 7}, "MATEMATICA PED": {"medie": 8.73529411764706, "reusita": 100.0, "cnt": 51}, "FILOSOFIE": {"medie": 6.036666666666666, "reusita": 66.66666666666666, "cnt": 15}, "MATEMATICA TEHN": {"medie": 5.40352697095436, "reusita": 60.73232323232324, "cnt": 792}, "FIZICA TEH": {"medie": 4.013636363636364, "reusita": 28.57142857142857, "cnt": 14}, "ECONOMIE": {"medie": 6.835294117647058, "reusita": 88.23529411764706, "cnt": 17}, "CHIMIE ANORGANICA TEH NIVEL I/II": {"medie": 3.275, "reusita": 12.5, "cnt": 8}, "CHIMIE ORGANICA TEH NIVEL I/II": {"medie": 4.65, "reusita": 0.0, "cnt": 1}}, "nume": "D\u00e2mbovi\u021ba"}