{"specializari": {"STIINTE ALE NATURII": 625, "MATEMATICA-INFORMATICA": 812, "INVATATOR - EDUCATOARE": 56, "FILOLOGIE": 786, "STIINTE SOCIALE": 201, "MUZICA": 37, "ARHITECTURA, ARTE AMBIENTALE SI DESIGN": 27, "TEOLOGIE ADVENTISTA": 30, "LICEU CU PROGRAM SPORTIV": 220, "TEOLOGIE ORTODOXA": 15, "ORGANIZATOR BANQUETING": 21, "ARTE PLASTICE SI DECORATIVE": 33, "TEHNICIAN IN ACTIVITATI ECONOMICE": 152, "TEHNICIAN DESIGNER VESTIMENTAR": 23, "TEHNICIAN OPERATOR TEHNICA DE CALCUL": 77, "TEHNICIAN IN TURISM": 110, "TEHNICIAN IN AUTOMATIZARI": 25, "TEHNICIAN IN ADMINISTRATIE": 61, "TEHNICIAN MECATRONIST": 52, "TEHNICIAN IN ACTIVITATI DE COMERT": 79, "COAFOR STILIST": 45, "TEHNICIAN ELECTROTEHNIST": 43, "TEHNICIAN ELECTRICIAN/ELECTRONIST AUTO": 88, "TEHNICIAN MECANIC PENTRU INTRETINERE SI REPARATII": 96, "TEHNICIAN PROIECTANT CAD": 54, "TEHNICIAN IN AGRICULTURA": 16, "TEHNICIAN IN GASTRONOMIE": 15, "TEHNICIAN TRANSPORTURI": 58, "TEHNICIAN INSTALATII DE BORD (AVION)": 22, "TEHNICIAN DE TELECOMUNICATII": 29, "TEHNICIAN IN PRELUCRAREA LEMNULUI": 1, "TEHNICIAN ANALIZE PRODUSE ALIMENTARE": 15, "TEHNICIAN IN CONSTRUCTII SI LUCRARI PUBLICE": 2, "TEHNICIAN IN INSTALATII ELECTRICE": 43, "TEHNICIAN ECOLOG SI PROTECTIA CALITATII MEDIULUI": 31, "TEHNICIAN VETERINAR": 4, "TEHNICIAN IN AGRICULTURA ECOLOGICA": 3, "TEHNICIAN IN INDUSTRIA ALIMENTARA": 5, "TEHNICIAN DESENATOR PENTRU CONSTRUCTII SI INSTALATII": 34, "TEHNICIAN IN MORARIT, PANIFICATIE SI PRODUSE FAINOASE": 7, "TEHNICIAN ELECTROMECANIC": 10, "TEHNICIAN HIDRO-METEOROLOG": 1, "TEHNICIAN OPERATOR TELEMATICA": 1, "TEHNICIAN AGRONOM": 2, "TEHNICIAN HORTICULTOR": 1, "TEHNICIAN IN INDUSTRIA TEXTILA": 1, "TEHNICIAN METROLOG": 1, "TEHNICIAN IN SILVICULTURA SI EXPLOATARI FORESTIERE": 1, "TEHNICIAN OPERATORI ROBOTI INDUSTRIALI": 3, "TEHNICIAN IN ACHIZITII SI CONTRACTARI": 1, "TEHNICIAN VETERINAR PENTRU ANIMALE DE COMPANIE": 1}, "limba_moderna": {"LIMBA ENGLEZA": 3726, "LIMBA GERMANA MODERNA": 15, "LIMBA FRANCEZA": 325, "LIMBA SPANIOLA": 10}, "limba_materna": {"LIMBA ROMANA": 4076}, "promotie_anterioara": {"NU": 3477, "DA": 599}, "materii": {"LIMBA ROMANA": {"medie": 6.705253807106559, "reusita": 84.5927379784102, "cnt": 4076}, "MATEMATICA MATE-INFO": {"medie": 7.651560549313353, "reusita": 88.54679802955665, "cnt": 812}, "INFORMATICA MI C/C++": {"medie": 8.415579710144932, "reusita": 98.55595667870037, "cnt": 277}, "GENERAL": {"medie": 6.9420111053270785, "reusita": 66.78115799803729, "cnt": 4076}, "ISTORIE": {"medie": 7.212659654395208, "reusita": 90.28910303928836, "cnt": 1349}, "LOGICA, ARGUMENTARE SI COMUNICARE": {"medie": 8.192412818096127, "reusita": 90.49394221808015, "cnt": 1073}, "GEOGRAFIE": {"medie": 7.376933333333335, "reusita": 88.47150259067358, "cnt": 772}, "FIZICA TEO": {"medie": 8.942460317460316, "reusita": 96.875, "cnt": 128}, "CHIMIE ORGANICA TEO NIVEL I/II": {"medie": 8.751851851851852, "reusita": 100.0, "cnt": 27}, "MATEMATICA ST-NAT": {"medie": 7.274151857835222, "reusita": 87.36, "cnt": 625}, "PSIHOLOGIE": {"medie": 7.491666666666666, "reusita": 89.47368421052632, "cnt": 19}, "SOCIOLOGIE": {"medie": 8.627777777777776, "reusita": 100.0, "cnt": 18}, "ANATOMIE SI FIZIOLOGIE UMANA, GENETICA SI ECOLOGIE UMANA": {"medie": 7.330425963488842, "reusita": 86.47581441263573, "cnt": 1013}, "CHIMIE ANORGANICA TEO NIVEL I/II": {"medie": 8.825, "reusita": 100.0, "cnt": 2}, "BIOLOGIE VEGETALA SI ANIMALA": {"medie": 4.690892857142851, "reusita": 42.0, "cnt": 650}, "MATEMATICA PED": {"medie": 9.211607142857144, "reusita": 100.0, "cnt": 56}, "INFORMATICA SN C/C++": {"medie": 8.476923076923075, "reusita": 100.0, "cnt": 13}, "FILOSOFIE": {"medie": 5.05, "reusita": 100.0, "cnt": 2}, "ECONOMIE": {"medie": 6.38, "reusita": 80.0, "cnt": 5}, "MATEMATICA TEHN": {"medie": 4.826175115207385, "reusita": 54.05186385737439, "cnt": 1234}, "FIZICA TEH": {"medie": 5.883000000000001, "reusita": 64.0, "cnt": 50}, "CHIMIE ORGANICA TEH NIVEL I/II": {"medie": 3.5750000000000006, "reusita": 12.0, "cnt": 25}, "CHIMIE ANORGANICA TEH NIVEL I/II": {"medie": 5.0, "reusita": 100.0, "cnt": 1}, "INFORMATICA MI PASCAL": {"medie": 5.35, "reusita": 100.0, "cnt": 1}}, "nume": "Dolj"}