{"specializari": {"STIINTE ALE NATURII": 625, "MATEMATICA-INFORMATICA": 812, "INVATATOR - EDUCATOARE": 56, "FILOLOGIE": 786, "STIINTE SOCIALE": 201, "MUZICA": 37, "ARHITECTURA, ARTE AMBIENTALE SI DESIGN": 27, "TEOLOGIE ADVENTISTA": 30, "TEOLOGIE ORTODOXA": 15, "LICEU CU PROGRAM SPORTIV": 220, "ORGANIZATOR BANQUETING": 21, "TEHNICIAN IN ACTIVITATI ECONOMICE": 152, "ARTE PLASTICE SI DECORATIVE": 33, "TEHNICIAN OPERATOR TEHNICA DE CALCUL": 77, "TEHNICIAN DESIGNER VESTIMENTAR": 23, "TEHNICIAN IN TURISM": 110, "TEHNICIAN IN AUTOMATIZARI": 25, "TEHNICIAN IN ADMINISTRATIE": 61, "TEHNICIAN MECATRONIST": 52, "TEHNICIAN IN ACTIVITATI DE COMERT": 79, "COAFOR STILIST": 45, "TEHNICIAN ELECTROTEHNIST": 43, "TEHNICIAN ELECTRICIAN/ELECTRONIST AUTO": 88, "TEHNICIAN MECANIC PENTRU INTRETINERE SI REPARATII": 96, "TEHNICIAN IN AGRICULTURA": 16, "TEHNICIAN IN GASTRONOMIE": 15, "TEHNICIAN PROIECTANT CAD": 54, "TEHNICIAN TRANSPORTURI": 58, "TEHNICIAN INSTALATII DE BORD (AVION)": 22, "TEHNICIAN DE TELECOMUNICATII": 29, "TEHNICIAN IN PRELUCRAREA LEMNULUI": 1, "TEHNICIAN ANALIZE PRODUSE ALIMENTARE": 15, "TEHNICIAN IN CONSTRUCTII SI LUCRARI PUBLICE": 2, "TEHNICIAN IN INSTALATII ELECTRICE": 43, "TEHNICIAN ECOLOG SI PROTECTIA CALITATII MEDIULUI": 31, "TEHNICIAN VETERINAR": 4, "TEHNICIAN IN AGRICULTURA ECOLOGICA": 3, "TEHNICIAN DESENATOR PENTRU CONSTRUCTII SI INSTALATII": 34, "TEHNICIAN IN MORARIT, PANIFICATIE SI PRODUSE FAINOASE": 7, "TEHNICIAN ELECTROMECANIC": 10, "TEHNICIAN IN INDUSTRIA ALIMENTARA": 5, "TEHNICIAN HIDRO-METEOROLOG": 1, "TEHNICIAN OPERATOR TELEMATICA": 1, "TEHNICIAN AGRONOM": 2, "TEHNICIAN HORTICULTOR": 1, "TEHNICIAN IN INDUSTRIA TEXTILA": 1, "TEHNICIAN METROLOG": 1, "TEHNICIAN IN SILVICULTURA SI EXPLOATARI FORESTIERE": 1, "TEHNICIAN OPERATORI ROBOTI INDUSTRIALI": 3, "TEHNICIAN IN ACHIZITII SI CONTRACTARI": 1, "TEHNICIAN VETERINAR PENTRU ANIMALE DE COMPANIE": 1}, "limba_moderna": {"LIMBA ENGLEZA": 3726, "LIMBA GERMANA MODERNA": 15, "LIMBA FRANCEZA": 325, "LIMBA SPANIOLA": 10}, "limba_materna": {"LIMBA ROMANA": 4076}, "promotie_anterioara": {"NU": 3477, "DA": 599}, "materii": {"LIMBA ROMANA": {"medie": 6.560469543147187, "reusita": 81.08439646712463, "cnt": 4076}, "MATEMATICA MATE-INFO": {"medie": 7.624531835205996, "reusita": 87.5615763546798, "cnt": 812}, "INFORMATICA MI C/C++": {"medie": 8.348913043478264, "reusita": 98.19494584837545, "cnt": 277}, "GENERAL": {"medie": 6.8740039909769, "reusita": 63.910696761530915, "cnt": 4076}, "ISTORIE": {"medie": 7.091547708489877, "reusita": 87.84284655300222, "cnt": 1349}, "LOGICA, ARGUMENTARE SI COMUNICARE": {"medie": 8.197643732327993, "reusita": 90.49394221808015, "cnt": 1073}, "CHIMIE ORGANICA TEO NIVEL I/II": {"medie": 8.744444444444444, "reusita": 100.0, "cnt": 27}, "MATEMATICA ST-NAT": {"medie": 7.262520193861078, "reusita": 86.88, "cnt": 625}, "FIZICA TEO": {"medie": 8.943650793650791, "reusita": 96.875, "cnt": 128}, "GEOGRAFIE": {"medie": 7.365133333333335, "reusita": 88.08290155440415, "cnt": 772}, "PSIHOLOGIE": {"medie": 7.330555555555555, "reusita": 89.47368421052632, "cnt": 19}, "ANATOMIE SI FIZIOLOGIE UMANA, GENETICA SI ECOLOGIE UMANA": {"medie": 7.339401622718045, "reusita": 86.57453109575518, "cnt": 1013}, "CHIMIE ANORGANICA TEO NIVEL I/II": {"medie": 8.825, "reusita": 100.0, "cnt": 2}, "BIOLOGIE VEGETALA SI ANIMALA": {"medie": 4.693839285714279, "reusita": 42.0, "cnt": 650}, "SOCIOLOGIE": {"medie": 8.583333333333336, "reusita": 100.0, "cnt": 18}, "INFORMATICA SN C/C++": {"medie": 8.47307692307692, "reusita": 100.0, "cnt": 13}, "MATEMATICA PED": {"medie": 9.189285714285715, "reusita": 100.0, "cnt": 56}, "FILOSOFIE": {"medie": 5.05, "reusita": 100.0, "cnt": 2}, "MATEMATICA TEHN": {"medie": 4.813179723502313, "reusita": 53.24149108589952, "cnt": 1234}, "FIZICA TEH": {"medie": 5.89175, "reusita": 64.0, "cnt": 50}, "ECONOMIE": {"medie": 6.51, "reusita": 80.0, "cnt": 5}, "CHIMIE ANORGANICA TEH NIVEL I/II": {"medie": 5.0, "reusita": 100.0, "cnt": 1}, "CHIMIE ORGANICA TEH NIVEL I/II": {"medie": 3.575, "reusita": 12.0, "cnt": 25}, "INFORMATICA MI PASCAL": {"medie": 5.35, "reusita": 100.0, "cnt": 1}}, "nume": "Dolj"}