{"specializari": {"MATEMATICA-INFORMATICA": 642, "STIINTE ALE NATURII": 479, "FILOLOGIE": 553, "STIINTE SOCIALE": 232, "INVATATOR - EDUCATOARE": 30, "ARHITECTURA, ARTE AMBIENTALE SI DESIGN": 9, "TEHNICIAN IN ACTIVITATI ECONOMICE": 162, "TEHNICIAN IN TURISM": 92, "LICEU CU PROGRAM SPORTIV": 78, "ARTE PLASTICE SI DECORATIVE": 24, "TEHNICIAN IN ACTIVITATI DE COMERT": 116, "ORGANIZATOR BANQUETING": 59, "ARTA ACTORULUI": 12, "TEHNICIAN IN ADMINISTRATIE": 55, "MUZICA": 14, "TEHNICIAN IN GASTRONOMIE": 82, "TEHNICIAN ECOLOG SI PROTECTIA CALITATII MEDIULUI": 68, "TEHNICIAN PENTRU TEHNICI ARTISTICE - PATRIMONIU": 19, "TEHNICIAN MULTIMEDIA": 20, "TEHNICIAN ANALIZE PRODUSE ALIMENTARE": 36, "TEHNICIAN PROIECTANT CAD": 26, "TEHNICIAN VETERINAR": 34, "TEHNICIAN ELECTRICIAN/ELECTRONIST AUTO": 27, "TEHNICIAN DESIGNER VESTIMENTAR": 54, "TEHNICIAN IN INDUSTRIA ALIMENTARA": 29, "TEHNICIAN IN INSTALATII ELECTRICE": 15, "TEHNICIAN OPERATOR TEHNICA DE CALCUL": 43, "TEHNICIAN OPERATORI ROBOTI INDUSTRIALI": 15, "TEOLOGIE ORTODOXA": 15, "COAFOR STILIST": 4, "TEHNICIAN AGRONOM": 21, "TEHNICIAN IN MORARIT, PANIFICATIE SI PRODUSE FAINOASE": 12, "TEHNICIAN IN AGRICULTURA ECOLOGICA": 11, "TEHNICIAN MECATRONIST": 8, "TEHNICIAN HORTICULTOR": 28, "TEHNICIAN IN ACHIZITII SI CONTRACTARI": 16, "TEHNICIAN PRELUCRARI PE MASINI CU COMANDA NUMERICA": 1, "TEHNICIAN IN AUTOMATIZARI": 6, "TEHNICIAN MECANIC PENTRU INTRETINERE SI REPARATII": 29, "TEHNICIAN ELECTROMECANIC": 12, "TEHNICIAN PENTRU ANIMALE DE COMPANIE": 2, "TEHNICIAN IN HOTELARIE": 6, "TEHNICIAN TRANSPORTURI": 10, "TEHNICIAN ELECTROTEHNIST": 7, "TEHNICIAN PRELUCRARI LA CALD": 1, "TEHNICIAN IN INDUSTRIA TEXTILA": 5, "TEHNICIAN IN PRELUCRAREA PRODUSELOR DE ORIGINE ANIMALA": 5, "TEHNICIAN IN IND. ALIM. FERMENTATIVA SI IN PREL. LEGUMELOR SI FRUCTELOR": 1, "TEHNICIAN CONSTRUCTII NAVALE": 1, "TEHNICIAN DESENATOR PENTRU CONSTRUCTII SI INSTALATII": 5, "TEHNICIAN IN AGRICULTURA": 2, "TEHNICIAN IN CONSTRUCTII SI LUCRARI PUBLICE": 3, "PATRIMONIU CULTURAL": 1}, "limba_moderna": {"LIMBA ENGLEZA": 3074, "LIMBA FRANCEZA": 154, "LIMBA GERMANA MODERNA": 8, "LIMBA RUSA": 1}, "limba_materna": {"LIMBA ROMANA": 3237}, "promotie_anterioara": {"NU": 2862, "DA": 375}, "materii": {"LIMBA ROMANA": {"medie": 7.10726643598615, "reusita": 92.52394192153228, "cnt": 3237}, "MATEMATICA MATE-INFO": {"medie": 8.290157480314962, "reusita": 96.57320872274143, "cnt": 642}, "INFORMATICA MI C/C++": {"medie": 8.367343173431726, "reusita": 97.05882352941177, "cnt": 272}, "GENERAL": {"medie": 7.44844387207555, "reusita": 78.25146740809392, "cnt": 3237}, "ISTORIE": {"medie": 7.626988335100753, "reusita": 94.14838035527691, "cnt": 957}, "LOGICA, ARGUMENTARE SI COMUNICARE": {"medie": 8.05150214592276, "reusita": 92.5420168067227, "cnt": 952}, "GEOGRAFIE": {"medie": 7.791636690647494, "reusita": 92.88194444444444, "cnt": 576}, "FIZICA TEO": {"medie": 8.86114457831325, "reusita": 98.22485207100591, "cnt": 169}, "CHIMIE ORGANICA TEO NIVEL I/II": {"medie": 9.106565656565659, "reusita": 98.0, "cnt": 100}, "MATEMATICA ST-NAT": {"medie": 8.011392405063296, "reusita": 94.98956158663883, "cnt": 479}, "PSIHOLOGIE": {"medie": 8.4, "reusita": 100.0, "cnt": 28}, "SOCIOLOGIE": {"medie": 7.7777777777777795, "reusita": 100.0, "cnt": 9}, "ANATOMIE SI FIZIOLOGIE UMANA, GENETICA SI ECOLOGIE UMANA": {"medie": 7.147523427041505, "reusita": 86.84895833333334, "cnt": 768}, "CHIMIE ANORGANICA TEO NIVEL I/II": {"medie": 8.257142857142856, "reusita": 100.0, "cnt": 7}, "BIOLOGIE VEGETALA SI ANIMALA": {"medie": 5.319469026548672, "reusita": 60.483870967741936, "cnt": 248}, "MATEMATICA PED": {"medie": 9.332758620689654, "reusita": 96.66666666666667, "cnt": 30}, "INFORMATICA SN C/C++": {"medie": 7.649999999999999, "reusita": 94.73684210526315, "cnt": 19}, "FILOSOFIE": {"medie": 7.331250000000001, "reusita": 87.5, "cnt": 8}, "ECONOMIE": {"medie": 7.741666666666666, "reusita": 83.33333333333334, "cnt": 6}, "MATEMATICA TEHN": {"medie": 6.57544600938968, "reusita": 81.75376439326838, "cnt": 1129}, "FIZICA TEH": {"medie": 4.975757575757576, "reusita": 57.89473684210527, "cnt": 38}, "CHIMIE ORGANICA TEH NIVEL I/II": {"medie": 6.25263157894737, "reusita": 89.47368421052632, "cnt": 19}, "CHIMIE ANORGANICA TEH NIVEL I/II": {"medie": 6.494117647058822, "reusita": 77.77777777777779, "cnt": 18}}, "nume": "Gala\u021bi"}