{"specializari": {"MATEMATICA-INFORMATICA": 642, "STIINTE ALE NATURII": 479, "FILOLOGIE": 553, "STIINTE SOCIALE": 232, "ARHITECTURA, ARTE AMBIENTALE SI DESIGN": 9, "TEHNICIAN IN ACTIVITATI ECONOMICE": 162, "TEHNICIAN IN TURISM": 92, "INVATATOR - EDUCATOARE": 30, "LICEU CU PROGRAM SPORTIV": 78, "ARTE PLASTICE SI DECORATIVE": 24, "ARTA ACTORULUI": 12, "TEHNICIAN IN ACTIVITATI DE COMERT": 116, "TEHNICIAN IN ADMINISTRATIE": 55, "MUZICA": 14, "TEHNICIAN IN GASTRONOMIE": 82, "TEHNICIAN ECOLOG SI PROTECTIA CALITATII MEDIULUI": 68, "ORGANIZATOR BANQUETING": 59, "TEHNICIAN MULTIMEDIA": 20, "TEHNICIAN ANALIZE PRODUSE ALIMENTARE": 36, "TEHNICIAN PROIECTANT CAD": 26, "TEHNICIAN VETERINAR": 34, "TEHNICIAN PENTRU TEHNICI ARTISTICE - PATRIMONIU": 19, "TEHNICIAN ELECTRICIAN/ELECTRONIST AUTO": 27, "TEHNICIAN DESIGNER VESTIMENTAR": 54, "TEHNICIAN IN INSTALATII ELECTRICE": 15, "TEHNICIAN IN INDUSTRIA ALIMENTARA": 29, "TEHNICIAN OPERATOR TEHNICA DE CALCUL": 43, "TEHNICIAN OPERATORI ROBOTI INDUSTRIALI": 15, "TEOLOGIE ORTODOXA": 15, "COAFOR STILIST": 4, "TEHNICIAN AGRONOM": 21, "TEHNICIAN IN MORARIT, PANIFICATIE SI PRODUSE FAINOASE": 12, "TEHNICIAN MECATRONIST": 8, "TEHNICIAN IN AGRICULTURA ECOLOGICA": 11, "TEHNICIAN HORTICULTOR": 28, "TEHNICIAN IN ACHIZITII SI CONTRACTARI": 16, "TEHNICIAN PRELUCRARI PE MASINI CU COMANDA NUMERICA": 1, "TEHNICIAN IN AUTOMATIZARI": 6, "TEHNICIAN MECANIC PENTRU INTRETINERE SI REPARATII": 29, "TEHNICIAN ELECTROMECANIC": 12, "TEHNICIAN PENTRU ANIMALE DE COMPANIE": 2, "TEHNICIAN IN HOTELARIE": 6, "TEHNICIAN ELECTROTEHNIST": 7, "TEHNICIAN PRELUCRARI LA CALD": 1, "TEHNICIAN IN INDUSTRIA TEXTILA": 5, "TEHNICIAN TRANSPORTURI": 10, "TEHNICIAN IN PRELUCRAREA PRODUSELOR DE ORIGINE ANIMALA": 5, "TEHNICIAN IN IND. ALIM. FERMENTATIVA SI IN PREL. LEGUMELOR SI FRUCTELOR": 1, "TEHNICIAN CONSTRUCTII NAVALE": 1, "TEHNICIAN DESENATOR PENTRU CONSTRUCTII SI INSTALATII": 5, "TEHNICIAN IN AGRICULTURA": 2, "TEHNICIAN IN CONSTRUCTII SI LUCRARI PUBLICE": 3, "PATRIMONIU CULTURAL": 1}, "limba_moderna": {"LIMBA ENGLEZA": 3074, "LIMBA FRANCEZA": 154, "LIMBA GERMANA MODERNA": 8, "LIMBA RUSA": 1}, "limba_materna": {"LIMBA ROMANA": 3237}, "promotie_anterioara": {"NU": 2862, "DA": 375}, "materii": {"LIMBA ROMANA": {"medie": 7.001006605850897, "reusita": 89.74358974358975, "cnt": 3237}, "MATEMATICA MATE-INFO": {"medie": 8.280551181102357, "reusita": 96.57320872274143, "cnt": 642}, "INFORMATICA MI C/C++": {"medie": 8.326014760147595, "reusita": 95.95588235294117, "cnt": 272}, "GENERAL": {"medie": 7.388677827860068, "reusita": 75.65647204201422, "cnt": 3237}, "ISTORIE": {"medie": 7.614156945917297, "reusita": 94.14838035527691, "cnt": 957}, "LOGICA, ARGUMENTARE SI COMUNICARE": {"medie": 7.995064377682408, "reusita": 92.43697478991596, "cnt": 952}, "CHIMIE ORGANICA TEO NIVEL I/II": {"medie": 9.111616161616162, "reusita": 98.0, "cnt": 100}, "MATEMATICA ST-NAT": {"medie": 7.9828059071730015, "reusita": 94.1544885177453, "cnt": 479}, "FIZICA TEO": {"medie": 8.859939759036141, "reusita": 98.22485207100591, "cnt": 169}, "GEOGRAFIE": {"medie": 7.789838129496415, "reusita": 93.05555555555556, "cnt": 576}, "PSIHOLOGIE": {"medie": 8.239285714285716, "reusita": 100.0, "cnt": 28}, "ANATOMIE SI FIZIOLOGIE UMANA, GENETICA SI ECOLOGIE UMANA": {"medie": 7.039558232931727, "reusita": 85.80729166666666, "cnt": 768}, "CHIMIE ANORGANICA TEO NIVEL I/II": {"medie": 8.257142857142856, "reusita": 100.0, "cnt": 7}, "BIOLOGIE VEGETALA SI ANIMALA": {"medie": 5.199778761061945, "reusita": 53.62903225806451, "cnt": 248}, "SOCIOLOGIE": {"medie": 7.683333333333334, "reusita": 100.0, "cnt": 9}, "INFORMATICA SN C/C++": {"medie": 7.589473684210525, "reusita": 94.73684210526315, "cnt": 19}, "MATEMATICA PED": {"medie": 9.325862068965517, "reusita": 96.66666666666667, "cnt": 30}, "FILOSOFIE": {"medie": 7.325000000000001, "reusita": 87.5, "cnt": 8}, "MATEMATICA TEHN": {"medie": 6.564131455399071, "reusita": 80.8680248007086, "cnt": 1129}, "FIZICA TEH": {"medie": 4.975757575757576, "reusita": 57.89473684210527, "cnt": 38}, "ECONOMIE": {"medie": 7.733333333333333, "reusita": 83.33333333333334, "cnt": 6}, "CHIMIE ANORGANICA TEH NIVEL I/II": {"medie": 6.482352941176471, "reusita": 77.77777777777779, "cnt": 18}, "CHIMIE ORGANICA TEH NIVEL I/II": {"medie": 6.255263157894738, "reusita": 89.47368421052632, "cnt": 19}}, "nume": "Gala\u021bi"}