{"specializari": {"MATEMATICA-INFORMATICA": 113, "STIINTE ALE NATURII": 91, "TEHNICIAN IN ACTIVITATI ECONOMICE": 178, "FILOLOGIE": 355, "TEHNICIAN IN SILVICULTURA SI EXPLOATARI FORESTIERE": 12, "STIINTE SOCIALE": 250, "INVATATOR - EDUCATOARE": 33, "TEHNICIAN IN AGRICULTURA": 7, "TEHNICIAN IN ACTIVITATI DE COMERT": 24, "TEHNICIAN MECANIC PENTRU INTRETINERE SI REPARATII": 12, "TEOLOGIE ORTODOXA": 8, "TEHNICIAN IN INSTALATII ELECTRICE": 11, "TEHNICIAN MECATRONIST": 8, "TEHNICIAN OPERATOR TEHNICA DE CALCUL": 2, "TEHNICIAN IN TURISM": 5, "TEHNICIAN IN ADMINISTRATIE": 6, "TEHNICIAN IN INDUSTRIA TEXTILA": 3, "TEHNICIAN IN GASTRONOMIE": 13, "TEHNICIAN AGRONOM": 2, "TEHNICIAN VETERINAR": 3, "TEHNICIAN ECOLOG SI PROTECTIA CALITATII MEDIULUI": 12, "TEHNICIAN TRANSPORTURI": 3, "TEHNICIAN IN CONSTRUCTII SI LUCRARI PUBLICE": 2, "TEHNICIAN ELECTROMECANIC": 2, "TEHNICIAN ANALIZE PRODUSE ALIMENTARE": 1, "TEHNICIAN CHIMIST DE LABORATOR": 1, "TEHNICIAN ELECTROTEHNIST": 1}, "limba_moderna": {"LIMBA ENGLEZA": 1114, "LIMBA FRANCEZA": 38, "LIMBA GERMANA MODERNA": 5, "LIMBA RUSA": 1}, "limba_materna": {"LIMBA ROMANA": 1158}, "promotie_anterioara": {"NU": 937, "DA": 221}, "materii": {"LIMBA ROMANA": {"medie": 6.331802120141349, "reusita": 83.16062176165802, "cnt": 1158}, "MATEMATICA MATE-INFO": {"medie": 7.462385321100914, "reusita": 86.72566371681415, "cnt": 113}, "INFORMATICA MI C/C++": {"medie": 7.141666666666667, "reusita": 100.0, "cnt": 6}, "GENERAL": {"medie": 6.501291400790032, "reusita": 55.008635578583764, "cnt": 1158}, "ISTORIE": {"medie": 6.1603852596314885, "reusita": 75.04078303425776, "cnt": 613}, "LOGICA, ARGUMENTARE SI COMUNICARE": {"medie": 8.16605839416058, "reusita": 94.8905109489051, "cnt": 137}, "CHIMIE ORGANICA TEO NIVEL I/II": {"medie": 9.076315789473684, "reusita": 100.0, "cnt": 19}, "MATEMATICA ST-NAT": {"medie": 5.987356321839082, "reusita": 72.52747252747253, "cnt": 91}, "FIZICA TEO": {"medie": 8.044827586206896, "reusita": 94.82758620689656, "cnt": 58}, "GEOGRAFIE": {"medie": 7.180068143100517, "reusita": 86.27450980392157, "cnt": 612}, "PSIHOLOGIE": {"medie": 7.235714285714285, "reusita": 85.71428571428571, "cnt": 21}, "ANATOMIE SI FIZIOLOGIE UMANA, GENETICA SI ECOLOGIE UMANA": {"medie": 5.814423076923081, "reusita": 71.29629629629629, "cnt": 108}, "CHIMIE ANORGANICA TEO NIVEL I/II": {"medie": 7.466666666666668, "reusita": 100.0, "cnt": 3}, "BIOLOGIE VEGETALA SI ANIMALA": {"medie": 5.568354430379745, "reusita": 64.70588235294117, "cnt": 85}, "SOCIOLOGIE": {"medie": 5.714583333333336, "reusita": 69.38775510204081, "cnt": 98}, "MATEMATICA PED": {"medie": 7.527272727272727, "reusita": 90.9090909090909, "cnt": 33}, "FILOSOFIE": {"medie": 5.2, "reusita": 100.0, "cnt": 1}, "MATEMATICA TEHN": {"medie": 5.237676056338027, "reusita": 62.01298701298701, "cnt": 308}, "FIZICA TEH": {"medie": 1.5, "reusita": 0.0, "cnt": 6}, "ECONOMIE": {"medie": 6.333333333333333, "reusita": 66.66666666666666, "cnt": 3}, "CHIMIE ORGANICA TEH NIVEL I/II": {"medie": "-", "reusita": 0.0, "cnt": 1}}, "nume": "Giurgiu"}