{"specializari": {"MATEMATICA-INFORMATICA": 113, "STIINTE ALE NATURII": 91, "TEHNICIAN IN ACTIVITATI ECONOMICE": 178, "FILOLOGIE": 355, "TEHNICIAN IN SILVICULTURA SI EXPLOATARI FORESTIERE": 12, "STIINTE SOCIALE": 250, "INVATATOR - EDUCATOARE": 33, "TEHNICIAN IN AGRICULTURA": 7, "TEHNICIAN IN ACTIVITATI DE COMERT": 24, "TEHNICIAN MECANIC PENTRU INTRETINERE SI REPARATII": 12, "TEOLOGIE ORTODOXA": 8, "TEHNICIAN IN INSTALATII ELECTRICE": 11, "TEHNICIAN MECATRONIST": 8, "TEHNICIAN IN INDUSTRIA TEXTILA": 3, "TEHNICIAN OPERATOR TEHNICA DE CALCUL": 2, "TEHNICIAN IN TURISM": 5, "TEHNICIAN IN GASTRONOMIE": 13, "TEHNICIAN IN ADMINISTRATIE": 6, "TEHNICIAN VETERINAR": 3, "TEHNICIAN AGRONOM": 2, "TEHNICIAN ECOLOG SI PROTECTIA CALITATII MEDIULUI": 12, "TEHNICIAN TRANSPORTURI": 3, "TEHNICIAN IN CONSTRUCTII SI LUCRARI PUBLICE": 2, "TEHNICIAN ELECTROMECANIC": 2, "TEHNICIAN ANALIZE PRODUSE ALIMENTARE": 1, "TEHNICIAN CHIMIST DE LABORATOR": 1, "TEHNICIAN ELECTROTEHNIST": 1}, "limba_moderna": {"LIMBA ENGLEZA": 1114, "LIMBA GERMANA MODERNA": 5, "LIMBA FRANCEZA": 38, "LIMBA RUSA": 1}, "limba_materna": {"LIMBA ROMANA": 1158}, "promotie_anterioara": {"NU": 937, "DA": 221}, "materii": {"LIMBA ROMANA": {"medie": 6.371113074204954, "reusita": 85.40587219343696, "cnt": 1158}, "MATEMATICA MATE-INFO": {"medie": 7.477981651376147, "reusita": 86.72566371681415, "cnt": 113}, "INFORMATICA MI C/C++": {"medie": 7.141666666666667, "reusita": 100.0, "cnt": 6}, "GENERAL": {"medie": 6.539532057125491, "reusita": 58.03108808290155, "cnt": 1158}, "ISTORIE": {"medie": 6.246733668341703, "reusita": 78.46655791190864, "cnt": 613}, "LOGICA, ARGUMENTARE SI COMUNICARE": {"medie": 8.151824817518241, "reusita": 95.62043795620438, "cnt": 137}, "GEOGRAFIE": {"medie": 7.200511073253842, "reusita": 86.76470588235294, "cnt": 612}, "FIZICA TEO": {"medie": 8.032758620689654, "reusita": 94.82758620689656, "cnt": 58}, "CHIMIE ORGANICA TEO NIVEL I/II": {"medie": 9.11578947368421, "reusita": 100.0, "cnt": 19}, "MATEMATICA ST-NAT": {"medie": 5.9718390804597705, "reusita": 72.52747252747253, "cnt": 91}, "PSIHOLOGIE": {"medie": 7.302380952380952, "reusita": 90.47619047619048, "cnt": 21}, "SOCIOLOGIE": {"medie": 5.783854166666669, "reusita": 70.40816326530613, "cnt": 98}, "ANATOMIE SI FIZIOLOGIE UMANA, GENETICA SI ECOLOGIE UMANA": {"medie": 5.827403846153848, "reusita": 74.07407407407408, "cnt": 108}, "CHIMIE ANORGANICA TEO NIVEL I/II": {"medie": 7.466666666666668, "reusita": 100.0, "cnt": 3}, "BIOLOGIE VEGETALA SI ANIMALA": {"medie": 5.587341772151897, "reusita": 64.70588235294117, "cnt": 85}, "MATEMATICA PED": {"medie": 7.510606060606062, "reusita": 90.9090909090909, "cnt": 33}, "FILOSOFIE": {"medie": 5.2, "reusita": 100.0, "cnt": 1}, "ECONOMIE": {"medie": 6.416666666666667, "reusita": 66.66666666666666, "cnt": 3}, "MATEMATICA TEHN": {"medie": 5.272183098591549, "reusita": 62.98701298701299, "cnt": 308}, "FIZICA TEH": {"medie": 1.5, "reusita": 0.0, "cnt": 6}, "CHIMIE ORGANICA TEH NIVEL I/II": {"medie": "-", "reusita": 0.0, "cnt": 1}}, "nume": "Giurgiu"}