{"specializari": {"FILOLOGIE": 461, "MATEMATICA-INFORMATICA": 485, "TEHNICIAN OPERATOR TEHNICA DE CALCUL": 80, "STIINTE ALE NATURII": 312, "INVATATOR - EDUCATOARE": 30, "STIINTE SOCIALE": 103, "TEHNICIAN IN ACTIVITATI ECONOMICE": 165, "MUZICA": 31, "LICEU CU PROGRAM SPORTIV": 96, "GHID TURISM RELIGIOS": 21, "ARTA ACTORULUI": 37, "ARTE PLASTICE SI DECORATIVE": 17, "TEHNICIAN IN INSTALATII ELECTRICE": 51, "ARHITECTURA, ARTE AMBIENTALE SI DESIGN": 16, "MUZICA BISERICEASCA": 15, "TEHNICIAN ECOLOG SI PROTECTIA CALITATII MEDIULUI": 117, "TEHNICIAN MECATRONIST": 89, "TEHNICIAN IN ADMINISTRATIE": 51, "TEHNICIAN IN AUTOMATIZARI": 78, "TEHNICIAN IN HOTELARIE": 21, "TEHNICIAN IN TURISM": 95, "TEHNICIAN ANALIZE PRODUSE ALIMENTARE": 53, "TEHNICIAN INSTALATOR PENTRU CONSTRUCTII": 28, "TEHNICIAN MECANIC PENTRU INTRETINERE SI REPARATII": 150, "TEHNICIAN PENTRU TEHNICI ARTISTICE - PATRIMONIU": 33, "TEHNICIAN TRANSPORTURI": 36, "TEHNICIAN ELECTROMECANIC": 110, "TEHNICIAN IN CONSTRUCTII SI LUCRARI PUBLICE": 3, "TEHNICIAN AGROMONTAN": 14, "TEHNICIAN IN INDUSTRIA TEXTILA": 26, "TEHNICIAN VETERINAR": 14, "ORGANIZATOR BANQUETING": 5, "TEHNICIAN IN ACTIVITATI DE COMERT": 4, "TEHNICIAN ELECTRICIAN/ELECTRONIST AUTO": 19, "TEHNICIAN IN INDUSTRIA ALIMENTARA": 6, "TEHNICIAN ELECTROTEHNIST": 8, "TEHNICIAN DESENATOR PENTRU CONSTRUCTII SI INSTALATII": 7, "PATRIMONIU CULTURAL": 1, "TEHNICIAN DE TELECOMUNICATII": 8, "TEHNICIAN CHIMIST DE LABORATOR": 2, "TEHNICIAN PRELUCRARI MECANICE": 1, "TEHNICIAN IN INDUSTRIA MATERIALELOR DE CONSTRUCTII": 1, "TEHNICIAN IN AGRICULTURA": 4, "TEHNICIAN IN CHIMIE INDUSTRIALA": 2, "TEHNICIAN METROLOG": 1, "TEHNICIAN OPERATOR TELEMATICA": 3}, "limba_moderna": {"LIMBA ENGLEZA": 2647, "LIMBA FRANCEZA": 259, "LIMBA GERMANA MODERNA": 4}, "limba_materna": {"LIMBA ROMANA": 2910}, "promotie_anterioara": {"NU": 2225, "DA": 685}, "materii": {"LIMBA ROMANA": {"medie": 6.297178130511454, "reusita": 79.93127147766323, "cnt": 2910}, "MATEMATICA MATE-INFO": {"medie": 7.304564315352701, "reusita": 87.62886597938144, "cnt": 485}, "INFORMATICA MI C/C++": {"medie": 8.802671755725191, "reusita": 100.0, "cnt": 131}, "GENERAL": {"medie": 6.599298308744171, "reusita": 58.075601374570454, "cnt": 2910}, "ISTORIE": {"medie": 7.010558252427186, "reusita": 89.53068592057761, "cnt": 831}, "LOGICA, ARGUMENTARE SI COMUNICARE": {"medie": 8.113805970149254, "reusita": 91.85185185185185, "cnt": 135}, "CHIMIE ORGANICA TEO NIVEL I/II": {"medie": 9.351538461538464, "reusita": 100.0, "cnt": 65}, "MATEMATICA ST-NAT": {"medie": 6.646655518394653, "reusita": 74.67948717948718, "cnt": 312}, "FIZICA TEO": {"medie": 8.610126582278477, "reusita": 98.73417721518987, "cnt": 79}, "GEOGRAFIE": {"medie": 7.8339248434238025, "reusita": 94.62254395036194, "cnt": 967}, "PSIHOLOGIE": {"medie": 7.257692307692308, "reusita": 95.45454545454545, "cnt": 66}, "ANATOMIE SI FIZIOLOGIE UMANA, GENETICA SI ECOLOGIE UMANA": {"medie": 6.64892026578073, "reusita": 81.35048231511254, "cnt": 622}, "CHIMIE ANORGANICA TEO NIVEL I/II": {"medie": 7.012499999999999, "reusita": 100.0, "cnt": 4}, "BIOLOGIE VEGETALA SI ANIMALA": {"medie": 5.424505327245048, "reusita": 62.5, "cnt": 712}, "SOCIOLOGIE": {"medie": 8.758620689655173, "reusita": 100.0, "cnt": 29}, "INFORMATICA SN C/C++": {"medie": 8.4, "reusita": 100.0, "cnt": 2}, "MATEMATICA PED": {"medie": 9.081666666666667, "reusita": 100.0, "cnt": 30}, "FILOSOFIE": {"medie": 10.0, "reusita": 100.0, "cnt": 1}, "MATEMATICA TEHN": {"medie": 5.364243448858837, "reusita": 66.21405750798722, "cnt": 1252}, "FIZICA TEH": {"medie": 5.032307692307692, "reusita": 48.10126582278481, "cnt": 79}, "ECONOMIE": {"medie": 4.3, "reusita": 25.0, "cnt": 4}, "CHIMIE ANORGANICA TEH NIVEL I/II": {"medie": 6.816666666666666, "reusita": 100.0, "cnt": 6}, "CHIMIE ORGANICA TEH NIVEL I/II": {"medie": 6.4, "reusita": 87.5, "cnt": 8}}, "nume": "Gorj"}