{"specializari": {"MATEMATICA-INFORMATICA": 485, "FILOLOGIE": 461, "TEHNICIAN OPERATOR TEHNICA DE CALCUL": 80, "STIINTE ALE NATURII": 312, "INVATATOR - EDUCATOARE": 30, "STIINTE SOCIALE": 103, "MUZICA": 31, "TEHNICIAN IN ACTIVITATI ECONOMICE": 165, "ARTA ACTORULUI": 37, "ARTE PLASTICE SI DECORATIVE": 17, "LICEU CU PROGRAM SPORTIV": 96, "GHID TURISM RELIGIOS": 21, "TEHNICIAN IN INSTALATII ELECTRICE": 51, "TEHNICIAN MECATRONIST": 89, "ARHITECTURA, ARTE AMBIENTALE SI DESIGN": 16, "MUZICA BISERICEASCA": 15, "TEHNICIAN ECOLOG SI PROTECTIA CALITATII MEDIULUI": 117, "TEHNICIAN IN HOTELARIE": 21, "TEHNICIAN IN ADMINISTRATIE": 51, "TEHNICIAN IN TURISM": 95, "TEHNICIAN IN AUTOMATIZARI": 78, "TEHNICIAN ANALIZE PRODUSE ALIMENTARE": 53, "TEHNICIAN INSTALATOR PENTRU CONSTRUCTII": 28, "TEHNICIAN MECANIC PENTRU INTRETINERE SI REPARATII": 150, "TEHNICIAN PENTRU TEHNICI ARTISTICE - PATRIMONIU": 33, "TEHNICIAN TRANSPORTURI": 36, "TEHNICIAN ELECTROMECANIC": 110, "TEHNICIAN IN CONSTRUCTII SI LUCRARI PUBLICE": 3, "TEHNICIAN AGROMONTAN": 14, "TEHNICIAN IN INDUSTRIA TEXTILA": 26, "ORGANIZATOR BANQUETING": 5, "TEHNICIAN ELECTRICIAN/ELECTRONIST AUTO": 19, "TEHNICIAN VETERINAR": 14, "TEHNICIAN IN ACTIVITATI DE COMERT": 4, "TEHNICIAN IN INDUSTRIA ALIMENTARA": 6, "TEHNICIAN ELECTROTEHNIST": 8, "TEHNICIAN DESENATOR PENTRU CONSTRUCTII SI INSTALATII": 7, "TEHNICIAN DE TELECOMUNICATII": 8, "PATRIMONIU CULTURAL": 1, "TEHNICIAN CHIMIST DE LABORATOR": 2, "TEHNICIAN PRELUCRARI MECANICE": 1, "TEHNICIAN IN INDUSTRIA MATERIALELOR DE CONSTRUCTII": 1, "TEHNICIAN IN AGRICULTURA": 4, "TEHNICIAN IN CHIMIE INDUSTRIALA": 2, "TEHNICIAN METROLOG": 1, "TEHNICIAN OPERATOR TELEMATICA": 3}, "limba_moderna": {"LIMBA ENGLEZA": 2647, "LIMBA FRANCEZA": 259, "LIMBA GERMANA MODERNA": 4}, "limba_materna": {"LIMBA ROMANA": 2910}, "promotie_anterioara": {"NU": 2225, "DA": 685}, "materii": {"LIMBA ROMANA": {"medie": 6.384567901234559, "reusita": 82.92096219931273, "cnt": 2910}, "MATEMATICA MATE-INFO": {"medie": 7.332261410788386, "reusita": 89.07216494845362, "cnt": 485}, "INFORMATICA MI C/C++": {"medie": 8.812213740458017, "reusita": 100.0, "cnt": 131}, "GENERAL": {"medie": 6.63904881851986, "reusita": 61.202749140893474, "cnt": 2910}, "ISTORIE": {"medie": 7.024817961165053, "reusita": 90.1323706377858, "cnt": 831}, "LOGICA, ARGUMENTARE SI COMUNICARE": {"medie": 8.11044776119403, "reusita": 91.85185185185185, "cnt": 135}, "GEOGRAFIE": {"medie": 7.841701461377873, "reusita": 94.62254395036194, "cnt": 967}, "FIZICA TEO": {"medie": 8.623417721518987, "reusita": 98.73417721518987, "cnt": 79}, "CHIMIE ORGANICA TEO NIVEL I/II": {"medie": 9.36076923076923, "reusita": 100.0, "cnt": 65}, "MATEMATICA ST-NAT": {"medie": 6.670234113712377, "reusita": 75.64102564102564, "cnt": 312}, "PSIHOLOGIE": {"medie": 7.266923076923075, "reusita": 95.45454545454545, "cnt": 66}, "SOCIOLOGIE": {"medie": 8.756896551724138, "reusita": 100.0, "cnt": 29}, "ANATOMIE SI FIZIOLOGIE UMANA, GENETICA SI ECOLOGIE UMANA": {"medie": 6.6687707641196035, "reusita": 81.67202572347267, "cnt": 622}, "CHIMIE ANORGANICA TEO NIVEL I/II": {"medie": 7.012499999999999, "reusita": 100.0, "cnt": 4}, "BIOLOGIE VEGETALA SI ANIMALA": {"medie": 5.4334094368340855, "reusita": 61.93820224719101, "cnt": 712}, "MATEMATICA PED": {"medie": 9.123333333333333, "reusita": 100.0, "cnt": 30}, "INFORMATICA SN C/C++": {"medie": 8.4, "reusita": 100.0, "cnt": 2}, "FILOSOFIE": {"medie": 10.0, "reusita": 100.0, "cnt": 1}, "ECONOMIE": {"medie": 4.166666666666667, "reusita": 25.0, "cnt": 4}, "MATEMATICA TEHN": {"medie": 5.38364327979713, "reusita": 67.33226837060703, "cnt": 1252}, "FIZICA TEH": {"medie": 5.031538461538461, "reusita": 49.36708860759494, "cnt": 79}, "CHIMIE ORGANICA TEH NIVEL I/II": {"medie": 6.4, "reusita": 87.5, "cnt": 8}, "CHIMIE ANORGANICA TEH NIVEL I/II": {"medie": 6.816666666666666, "reusita": 100.0, "cnt": 6}}, "nume": "Gorj"}