{"specializari": {"STIINTE ALE NATURII": 377, "MATEMATICA-INFORMATICA": 244, "FILOLOGIE": 230, "TEOLOGIE REFORMATA": 30, "INVATATOR - EDUCATOARE": 67, "STIINTE SOCIALE": 167, "INSTRUCTOR PENTRU ACTIVITATI EXTRASCOLARE": 18, "TEOLOGIE UNITARIANA": 21, "MUZICA": 53, "ARHITECTURA, ARTE AMBIENTALE SI DESIGN": 27, "TEHNICIAN IN ACTIVITATI ECONOMICE": 118, "TEOLOGIE ROMANO-CATOLICA": 77, "TEHNICIAN IN TURISM": 158, "ARTE PLASTICE SI DECORATIVE": 63, "TEHNICIAN IN ACTIVITATI DE COMERT": 58, "LICEU CU PROGRAM SPORTIV": 23, "TEHNICIAN OPERATOR PROCESARE TEXT IMAGINE": 28, "TEHNICIAN ECOLOG SI PROTECTIA CALITATII MEDIULUI": 47, "TEHNICIAN IN ACHIZITII SI CONTRACTARI": 16, "TEHNICIAN POLIGRAF": 9, "TEHNICIAN IN SILVICULTURA SI EXPLOATARI FORESTIERE": 37, "TEHNICIAN IN INDUSTRIA ALIMENTARA": 30, "TEHNICIAN TRANSPORTURI": 31, "TEHNICIAN PRELUCRARI PE MASINI CU COMANDA NUMERICA": 12, "TEHNICIAN VETERINAR": 44, "TEHNICIAN MECANIC PENTRU INTRETINERE SI REPARATII": 11, "TEHNICIAN DESENATOR PENTRU CONSTRUCTII SI INSTALATII": 15, "TEHNICIAN OPERATOR TEHNICA DE CALCUL": 8, "TEHNICIAN IN ADMINISTRATIE": 12, "TEHNICIAN MECATRONIST": 18, "COAFOR STILIST": 5, "TEHNICIAN ELECTRICIAN/ELECTRONIST AUTO": 5, "TEHNICIAN IN INSTALATII ELECTRICE": 16, "TEHNICIAN ANALIZE PRODUSE ALIMENTARE": 10, "ORGANIZATOR BANQUETING": 2, "TEHNICIAN AGROMONTAN": 9, "TEHNICIAN IN INDUSTRIA TEXTILA": 2, "TEHNICIAN DESIGNER MOBILA SI AMENAJARI INTERIOARE": 5, "TEHNICIAN IN GASTRONOMIE": 4, "TEHNICIAN PROIECTANT PRODUSE FINITE DIN LEMN": 1, "TEHNICIAN IN CONSTRUCTII SI LUCRARI PUBLICE": 10, "TEHNICIAN IN AGROTURISM": 1}, "limba_moderna": {"LIMBA ENGLEZA": 2042, "LIMBA GERMANA MODERNA": 67, "LIMBA FRANCEZA": 10}, "limba_materna": {"LIMBA ROMANA": 467, "LIMBA MAGHIARA": 1652}, "promotie_anterioara": {"NU": 1832, "DA": 287}, "materii": {"LIMBA ROMANA": {"medie": 5.527764423076927, "reusita": 65.738555922605, "cnt": 2119}, "MATEMATICA MATE-INFO": {"medie": 7.265432098765431, "reusita": 92.21311475409836, "cnt": 244}, "INFORMATICA MI C/C++": {"medie": 7.982777777777782, "reusita": 97.77777777777777, "cnt": 90}, "GENERAL": {"medie": 6.72990992082728, "reusita": 56.81925436526664, "cnt": 2119}, "ISTORIE": {"medie": 6.60369318181819, "reusita": 86.45980253878702, "cnt": 709}, "LOGICA, ARGUMENTARE SI COMUNICARE": {"medie": 8.383673469387755, "reusita": 100.0, "cnt": 49}, "CHIMIE ORGANICA TEO NIVEL I/II": {"medie": 7.927272727272726, "reusita": 100.0, "cnt": 11}, "MATEMATICA ST-NAT": {"medie": 7.353648648648647, "reusita": 87.26790450928382, "cnt": 377}, "FIZICA TEO": {"medie": 7.995945945945946, "reusita": 89.1891891891892, "cnt": 37}, "GEOGRAFIE": {"medie": 7.607878475798146, "reusita": 95.1219512195122, "cnt": 984}, "PSIHOLOGIE": {"medie": 7.136206896551726, "reusita": 98.27586206896551, "cnt": 58}, "ANATOMIE SI FIZIOLOGIE UMANA, GENETICA SI ECOLOGIE UMANA": {"medie": 7.459673913043487, "reusita": 90.04329004329004, "cnt": 462}, "CHIMIE ANORGANICA TEO NIVEL I/II": {"medie": 8.476315789473682, "reusita": 94.73684210526315, "cnt": 19}, "BIOLOGIE VEGETALA SI ANIMALA": {"medie": 5.630634920634921, "reusita": 64.74164133738601, "cnt": 329}, "SOCIOLOGIE": {"medie": 7.011458333333334, "reusita": 93.75, "cnt": 48}, "INFORMATICA SN C/C++": {"medie": 8.879999999999999, "reusita": 100.0, "cnt": 10}, "MATEMATICA PED": {"medie": 7.500757575757578, "reusita": 85.07462686567165, "cnt": 67}, "FILOSOFIE": {"medie": 8.13, "reusita": 100.0, "cnt": 10}, "MATEMATICA TEHN": {"medie": 5.625608011444929, "reusita": 68.42105263157895, "cnt": 722}, "FIZICA TEH": {"medie": 6.291666666666667, "reusita": 66.66666666666666, "cnt": 6}, "LIMBA MAGHIARA (REAL)": {"medie": 7.650180635838156, "reusita": 97.28958630527818, "cnt": 1402}, "CHIMIE ANORGANICA TEH NIVEL I/II": {"medie": 6.8, "reusita": 100.0, "cnt": 2}, "LIMBA MAGHIARA (UMAN)": {"medie": 8.183132530120476, "reusita": 99.6, "cnt": 250}, "INFORMATICA MI PASCAL": {"medie": 8.325, "reusita": 100.0, "cnt": 2}, "INFORMATICA SN PASCAL": {"medie": 5.75, "reusita": 50.0, "cnt": 2}}, "nume": "Harghita"}