{"specializari": {"STIINTE ALE NATURII": 377, "MATEMATICA-INFORMATICA": 244, "FILOLOGIE": 230, "TEOLOGIE REFORMATA": 30, "INVATATOR - EDUCATOARE": 67, "STIINTE SOCIALE": 167, "INSTRUCTOR PENTRU ACTIVITATI EXTRASCOLARE": 18, "TEOLOGIE UNITARIANA": 21, "MUZICA": 53, "ARHITECTURA, ARTE AMBIENTALE SI DESIGN": 27, "TEHNICIAN IN ACTIVITATI ECONOMICE": 118, "TEOLOGIE ROMANO-CATOLICA": 77, "TEHNICIAN IN TURISM": 158, "ARTE PLASTICE SI DECORATIVE": 63, "TEHNICIAN IN ACTIVITATI DE COMERT": 58, "LICEU CU PROGRAM SPORTIV": 23, "TEHNICIAN OPERATOR PROCESARE TEXT IMAGINE": 28, "TEHNICIAN ECOLOG SI PROTECTIA CALITATII MEDIULUI": 47, "TEHNICIAN IN ACHIZITII SI CONTRACTARI": 16, "TEHNICIAN IN SILVICULTURA SI EXPLOATARI FORESTIERE": 37, "TEHNICIAN POLIGRAF": 9, "TEHNICIAN PRELUCRARI PE MASINI CU COMANDA NUMERICA": 12, "TEHNICIAN IN INDUSTRIA ALIMENTARA": 30, "TEHNICIAN TRANSPORTURI": 31, "TEHNICIAN VETERINAR": 44, "TEHNICIAN MECANIC PENTRU INTRETINERE SI REPARATII": 11, "TEHNICIAN DESENATOR PENTRU CONSTRUCTII SI INSTALATII": 15, "TEHNICIAN IN CONSTRUCTII SI LUCRARI PUBLICE": 10, "TEHNICIAN OPERATOR TEHNICA DE CALCUL": 8, "TEHNICIAN IN ADMINISTRATIE": 12, "TEHNICIAN MECATRONIST": 18, "COAFOR STILIST": 5, "TEHNICIAN ELECTRICIAN/ELECTRONIST AUTO": 5, "TEHNICIAN IN INSTALATII ELECTRICE": 16, "TEHNICIAN ANALIZE PRODUSE ALIMENTARE": 10, "ORGANIZATOR BANQUETING": 2, "TEHNICIAN AGROMONTAN": 9, "TEHNICIAN IN INDUSTRIA TEXTILA": 2, "TEHNICIAN DESIGNER MOBILA SI AMENAJARI INTERIOARE": 5, "TEHNICIAN PROIECTANT PRODUSE FINITE DIN LEMN": 1, "TEHNICIAN IN GASTRONOMIE": 4, "TEHNICIAN IN AGROTURISM": 1}, "limba_moderna": {"LIMBA ENGLEZA": 2042, "LIMBA GERMANA MODERNA": 67, "LIMBA FRANCEZA": 10}, "limba_materna": {"LIMBA ROMANA": 467, "LIMBA MAGHIARA": 1652}, "promotie_anterioara": {"NU": 1832, "DA": 287}, "materii": {"LIMBA ROMANA": {"medie": 5.543725961538459, "reusita": 68.71165644171779, "cnt": 2119}, "MATEMATICA MATE-INFO": {"medie": 7.280658436213989, "reusita": 94.26229508196722, "cnt": 244}, "INFORMATICA MI C/C++": {"medie": 7.976111111111115, "reusita": 97.77777777777777, "cnt": 90}, "GENERAL": {"medie": 6.751928825335282, "reusita": 60.35865974516281, "cnt": 2119}, "ISTORIE": {"medie": 6.665767045454557, "reusita": 90.12693935119887, "cnt": 709}, "LOGICA, ARGUMENTARE SI COMUNICARE": {"medie": 8.381632653061224, "reusita": 100.0, "cnt": 49}, "GEOGRAFIE": {"medie": 7.612409886714724, "reusita": 95.630081300813, "cnt": 984}, "FIZICA TEO": {"medie": 8.045945945945947, "reusita": 91.8918918918919, "cnt": 37}, "CHIMIE ORGANICA TEO NIVEL I/II": {"medie": 7.927272727272726, "reusita": 100.0, "cnt": 11}, "MATEMATICA ST-NAT": {"medie": 7.376486486486487, "reusita": 89.12466843501326, "cnt": 377}, "PSIHOLOGIE": {"medie": 7.170689655172415, "reusita": 98.27586206896551, "cnt": 58}, "SOCIOLOGIE": {"medie": 7.028125000000002, "reusita": 93.75, "cnt": 48}, "ANATOMIE SI FIZIOLOGIE UMANA, GENETICA SI ECOLOGIE UMANA": {"medie": 7.501956521739139, "reusita": 90.6926406926407, "cnt": 462}, "CHIMIE ANORGANICA TEO NIVEL I/II": {"medie": 8.502631578947367, "reusita": 100.0, "cnt": 19}, "BIOLOGIE VEGETALA SI ANIMALA": {"medie": 5.665238095238094, "reusita": 68.9969604863222, "cnt": 329}, "MATEMATICA PED": {"medie": 7.528787878787881, "reusita": 89.55223880597015, "cnt": 67}, "INFORMATICA SN C/C++": {"medie": 8.915000000000001, "reusita": 100.0, "cnt": 10}, "FILOSOFIE": {"medie": 8.13, "reusita": 100.0, "cnt": 10}, "MATEMATICA TEHN": {"medie": 5.629542203147359, "reusita": 70.77562326869807, "cnt": 722}, "FIZICA TEH": {"medie": 6.175, "reusita": 66.66666666666666, "cnt": 6}, "LIMBA MAGHIARA (REAL)": {"medie": 7.668750000000007, "reusita": 97.36091298145506, "cnt": 1402}, "CHIMIE ANORGANICA TEH NIVEL I/II": {"medie": 6.8, "reusita": 100.0, "cnt": 2}, "LIMBA MAGHIARA (UMAN)": {"medie": 8.219678714859432, "reusita": 99.6, "cnt": 250}, "INFORMATICA MI PASCAL": {"medie": 8.325, "reusita": 100.0, "cnt": 2}, "INFORMATICA SN PASCAL": {"medie": 5.925000000000001, "reusita": 50.0, "cnt": 2}}, "nume": "Harghita"}