{"specializari": {"FILOLOGIE": 405, "STIINTE ALE NATURII": 471, "MATEMATICA-INFORMATICA": 391, "INVATATOR - EDUCATOARE": 29, "EDUCATOR-PUERICULTOR": 25, "TEOLOGIE ORTODOXA": 10, "STIINTE SOCIALE": 113, "ARHITECTURA, ARTE AMBIENTALE SI DESIGN": 31, "ARTE PLASTICE SI DECORATIVE": 29, "MUZICA": 34, "TEHNICIAN IN ACTIVITATI ECONOMICE": 130, "TEHNICIAN IN TURISM": 206, "TEHNICIAN DE TELECOMUNICATII": 25, "LICEU CU PROGRAM SPORTIV": 77, "TEHNICIAN MULTIMEDIA": 28, "TEHNICIAN IN INDUSTRIA ALIMENTARA": 21, "TEHNICIAN TRANSPORTURI": 58, "TEHNICIAN IN ACTIVITATI DE COMERT": 25, "TEHNICIAN PROIECTANT CAD": 48, "TEHNICIAN IN GASTRONOMIE": 15, "TEHNICIAN OPERATOR TEHNICA DE CALCUL": 13, "TEHNICIAN MECATRONIST": 10, "TEHNICIAN MECANIC PENTRU INTRETINERE SI REPARATII": 29, "TEHNICIAN ECOLOG SI PROTECTIA CALITATII MEDIULUI": 21, "TEHNICIAN PRELUCRARI MECANICE": 32, "TEHNICIAN DESENATOR PENTRU CONSTRUCTII SI INSTALATII": 5, "TEHNICIAN ELECTROMECANIC": 21, "TEHNICIAN IN CONSTRUCTII SI LUCRARI PUBLICE": 2, "TEHNICIAN IN ACHIZITII SI CONTRACTARI": 5, "TEHNICIAN IN INSTALATII ELECTRICE": 24, "TEHNICIAN IN AUTOMATIZARI": 3, "ORGANIZATOR BANQUETING": 4, "COAFOR STILIST": 2, "TEHNICIAN IN SILVICULTURA SI EXPLOATARI FORESTIERE": 4, "TEHNICIAN IN PRELUCRAREA LEMNULUI": 2, "TEHNICIAN ELECTROTEHNIST": 2, "TEHNICIAN IN AGRICULTURA": 1, "TEHNICIAN OPERATOR PROCESARE TEXT IMAGINE": 2, "TEHNICIAN IN AGROTURISM": 1, "TEHNICIAN ELECTRICIAN/ELECTRONIST AUTO": 1, "TEHNICIAN IN INDUSTRIA TEXTILA": 3, "TEHNICIAN PRELUCRARI LA CALD": 2, "TEHNICIAN ELECTRONIST": 1}, "limba_moderna": {"LIMBA ENGLEZA": 2267, "LIMBA FRANCEZA": 72, "LIMBA ITALIANA": 15, "LIMBA GERMANA MODERNA": 7}, "limba_materna": {"LIMBA ROMANA": 2330, "LIMBA GERMANA": 14, "LIMBA MAGHIARA": 17}, "promotie_anterioara": {"NU": 2010, "DA": 351}, "materii": {"LIMBA ROMANA": {"medie": 7.061511423550085, "reusita": 89.1994917407878, "cnt": 2361}, "MATEMATICA MATE-INFO": {"medie": 7.6334615384615345, "reusita": 92.58312020460357, "cnt": 391}, "INFORMATICA MI C/C++": {"medie": 8.074829931972785, "reusita": 95.91836734693877, "cnt": 147}, "GENERAL": {"medie": 7.159533929903055, "reusita": 69.9703515459551, "cnt": 2361}, "ISTORIE": {"medie": 7.505244755244758, "reusita": 94.47513812154696, "cnt": 724}, "LOGICA, ARGUMENTARE SI COMUNICARE": {"medie": 7.987155963302752, "reusita": 98.1651376146789, "cnt": 109}, "CHIMIE ORGANICA TEO NIVEL I/II": {"medie": 9.181967213114756, "reusita": 100.0, "cnt": 61}, "MATEMATICA ST-NAT": {"medie": 7.265250544662315, "reusita": 85.98726114649682, "cnt": 471}, "FIZICA TEO": {"medie": 8.533333333333331, "reusita": 97.61904761904762, "cnt": 42}, "GEOGRAFIE": {"medie": 7.7755787037036965, "reusita": 96.0272417707151, "cnt": 881}, "PSIHOLOGIE": {"medie": 6.92265625, "reusita": 89.0625, "cnt": 64}, "ANATOMIE SI FIZIOLOGIE UMANA, GENETICA SI ECOLOGIE UMANA": {"medie": 7.351129943502822, "reusita": 92.98892988929889, "cnt": 542}, "CHIMIE ANORGANICA TEO NIVEL I/II": {"medie": 8.213636363636365, "reusita": 95.45454545454545, "cnt": 22}, "BIOLOGIE VEGETALA SI ANIMALA": {"medie": 5.32614840989399, "reusita": 51.54320987654321, "cnt": 324}, "SOCIOLOGIE": {"medie": 8.094366197183097, "reusita": 94.52054794520548, "cnt": 73}, "INFORMATICA SN C/C++": {"medie": 8.08, "reusita": 90.0, "cnt": 10}, "MATEMATICA PED": {"medie": 9.28965517241379, "reusita": 100.0, "cnt": 29}, "FILOSOFIE": {"medie": 8.25, "reusita": 100.0, "cnt": 4}, "LIMBA GERMANA": {"medie": 7.910714285714286, "reusita": 100.0, "cnt": 14}, "MATEMATICA TEHN": {"medie": 5.6534795763993975, "reusita": 63.53887399463807, "cnt": 746}, "FIZICA TEH": {"medie": 4.888000000000001, "reusita": 37.142857142857146, "cnt": 35}, "LIMBA MAGHIARA (REAL)": {"medie": 7.0, "reusita": 85.71428571428571, "cnt": 7}, "ECONOMIE": {"medie": 5.6722222222222225, "reusita": 88.88888888888889, "cnt": 9}, "CHIMIE ANORGANICA TEH NIVEL I/II": {"medie": 4.306521739130434, "reusita": 22.857142857142858, "cnt": 35}, "LIMBA MAGHIARA (UMAN)": {"medie": 5.6611111111111105, "reusita": 60.0, "cnt": 10}, "CHIMIE ORGANICA TEH NIVEL I/II": {"medie": 3.35, "reusita": 0.0, "cnt": 3}}, "nume": "Hunedoara"}