{"specializari": {"MATEMATICA-INFORMATICA": 391, "STIINTE ALE NATURII": 471, "FILOLOGIE": 405, "INVATATOR - EDUCATOARE": 29, "EDUCATOR-PUERICULTOR": 25, "TEOLOGIE ORTODOXA": 10, "STIINTE SOCIALE": 113, "ARHITECTURA, ARTE AMBIENTALE SI DESIGN": 31, "ARTE PLASTICE SI DECORATIVE": 29, "MUZICA": 34, "TEHNICIAN IN TURISM": 206, "TEHNICIAN IN ACTIVITATI ECONOMICE": 130, "TEHNICIAN DE TELECOMUNICATII": 25, "LICEU CU PROGRAM SPORTIV": 77, "TEHNICIAN MULTIMEDIA": 28, "TEHNICIAN IN INDUSTRIA ALIMENTARA": 21, "TEHNICIAN TRANSPORTURI": 58, "TEHNICIAN PROIECTANT CAD": 48, "TEHNICIAN IN ACTIVITATI DE COMERT": 25, "TEHNICIAN OPERATOR TEHNICA DE CALCUL": 13, "TEHNICIAN IN GASTRONOMIE": 15, "TEHNICIAN MECATRONIST": 10, "TEHNICIAN MECANIC PENTRU INTRETINERE SI REPARATII": 29, "TEHNICIAN ECOLOG SI PROTECTIA CALITATII MEDIULUI": 21, "TEHNICIAN PRELUCRARI MECANICE": 32, "TEHNICIAN DESENATOR PENTRU CONSTRUCTII SI INSTALATII": 5, "TEHNICIAN ELECTROMECANIC": 21, "TEHNICIAN IN CONSTRUCTII SI LUCRARI PUBLICE": 2, "TEHNICIAN IN ACHIZITII SI CONTRACTARI": 5, "TEHNICIAN IN INSTALATII ELECTRICE": 24, "TEHNICIAN IN AUTOMATIZARI": 3, "ORGANIZATOR BANQUETING": 4, "COAFOR STILIST": 2, "TEHNICIAN IN SILVICULTURA SI EXPLOATARI FORESTIERE": 4, "TEHNICIAN IN PRELUCRAREA LEMNULUI": 2, "TEHNICIAN ELECTROTEHNIST": 2, "TEHNICIAN IN AGRICULTURA": 1, "TEHNICIAN OPERATOR PROCESARE TEXT IMAGINE": 2, "TEHNICIAN IN AGROTURISM": 1, "TEHNICIAN ELECTRICIAN/ELECTRONIST AUTO": 1, "TEHNICIAN IN INDUSTRIA TEXTILA": 3, "TEHNICIAN PRELUCRARI LA CALD": 2, "TEHNICIAN ELECTRONIST": 1}, "limba_moderna": {"LIMBA ENGLEZA": 2267, "LIMBA FRANCEZA": 72, "LIMBA GERMANA MODERNA": 7, "LIMBA ITALIANA": 15}, "limba_materna": {"LIMBA ROMANA": 2330, "LIMBA GERMANA": 14, "LIMBA MAGHIARA": 17}, "promotie_anterioara": {"NU": 2010, "DA": 351}, "materii": {"LIMBA ROMANA": {"medie": 7.142025483304045, "reusita": 90.76662431173231, "cnt": 2361}, "MATEMATICA MATE-INFO": {"medie": 7.651153846153844, "reusita": 93.35038363171356, "cnt": 391}, "INFORMATICA MI C/C++": {"medie": 8.091836734693869, "reusita": 95.91836734693877, "cnt": 147}, "GENERAL": {"medie": 7.207222222222219, "reusita": 71.91867852604828, "cnt": 2361}, "ISTORIE": {"medie": 7.5143356643356665, "reusita": 95.44198895027624, "cnt": 724}, "LOGICA, ARGUMENTARE SI COMUNICARE": {"medie": 8.079816513761468, "reusita": 97.24770642201835, "cnt": 109}, "GEOGRAFIE": {"medie": 7.764120370370366, "reusita": 95.45970488081726, "cnt": 881}, "FIZICA TEO": {"medie": 8.551190476190476, "reusita": 100.0, "cnt": 42}, "CHIMIE ORGANICA TEO NIVEL I/II": {"medie": 9.169672131147541, "reusita": 100.0, "cnt": 61}, "MATEMATICA ST-NAT": {"medie": 7.274400871459702, "reusita": 87.47346072186836, "cnt": 471}, "PSIHOLOGIE": {"medie": 7.0234375, "reusita": 90.625, "cnt": 64}, "SOCIOLOGIE": {"medie": 8.093661971830986, "reusita": 94.52054794520548, "cnt": 73}, "ANATOMIE SI FIZIOLOGIE UMANA, GENETICA SI ECOLOGIE UMANA": {"medie": 7.527966101694907, "reusita": 93.35793357933579, "cnt": 542}, "CHIMIE ANORGANICA TEO NIVEL I/II": {"medie": 8.213636363636363, "reusita": 95.45454545454545, "cnt": 22}, "BIOLOGIE VEGETALA SI ANIMALA": {"medie": 5.3439929328621885, "reusita": 51.85185185185185, "cnt": 324}, "MATEMATICA PED": {"medie": 9.287931034482757, "reusita": 100.0, "cnt": 29}, "INFORMATICA SN C/C++": {"medie": 8.075, "reusita": 90.0, "cnt": 10}, "FILOSOFIE": {"medie": 8.25, "reusita": 100.0, "cnt": 4}, "LIMBA GERMANA": {"medie": 7.8428571428571425, "reusita": 100.0, "cnt": 14}, "ECONOMIE": {"medie": 5.7555555555555555, "reusita": 88.88888888888889, "cnt": 9}, "MATEMATICA TEHN": {"medie": 5.668305597579427, "reusita": 64.74530831099196, "cnt": 746}, "FIZICA TEH": {"medie": 4.926000000000001, "reusita": 40.0, "cnt": 35}, "LIMBA MAGHIARA (REAL)": {"medie": 7.0, "reusita": 85.71428571428571, "cnt": 7}, "CHIMIE ORGANICA TEH NIVEL I/II": {"medie": 3.35, "reusita": 0.0, "cnt": 3}, "CHIMIE ANORGANICA TEH NIVEL I/II": {"medie": 4.352173913043479, "reusita": 28.57142857142857, "cnt": 35}, "LIMBA MAGHIARA (UMAN)": {"medie": 5.827777777777777, "reusita": 70.0, "cnt": 10}}, "nume": "Hunedoara"}