{"specializari": {"MATEMATICA-INFORMATICA": 364, "FILOLOGIE": 228, "STIINTE ALE NATURII": 290, "STIINTE SOCIALE": 120, "ARHITECTURA, ARTE AMBIENTALE SI DESIGN": 28, "MUZICA": 15, "INVATATOR - EDUCATOARE": 56, "TEOLOGIE ORTODOXA": 23, "ARTE PLASTICE SI DECORATIVE": 13, "TEHNICIAN IN ACTIVITATI ECONOMICE": 118, "TEHNICIAN ELECTROMECANIC": 27, "TEHNICIAN MECATRONIST": 63, "TEHNICIAN IN GASTRONOMIE": 47, "TEHNICIAN IN TURISM": 21, "TEHNICIAN IN ACHIZITII SI CONTRACTARI": 16, "LICEU CU PROGRAM SPORTIV": 25, "TEHNICIAN ECOLOG SI PROTECTIA CALITATII MEDIULUI": 19, "TEHNICIAN OPERATOR TEHNICA DE CALCUL": 27, "TEHNICIAN ELECTRICIAN/ELECTRONIST AUTO": 15, "TEHNICIAN DESENATOR PENTRU CONSTRUCTII SI INSTALATII": 7, "TEHNICIAN CHIMIST DE LABORATOR": 3, "COAFOR STILIST": 6, "TEHNICIAN MECANIC PENTRU INTRETINERE SI REPARATII": 9, "TEHNICIAN IN INDUSTRIA ALIMENTARA": 3, "TEHNICIAN IN INDUSTRIA ALIMENTARA EXTRACTIVA": 3, "TEHNICIAN ANALIZE PRODUSE ALIMENTARE": 25, "TEHNICIAN DESIGNER VESTIMENTAR": 3, "TEHNICIAN IN INSTALATII ELECTRICE": 15, "TEHNICIAN IN INDUSTRIA TEXTILA": 1, "TEHNICIAN VETERINAR": 1, "TEHNICIAN ELECTROTEHNIST": 1}, "limba_moderna": {"LIMBA ENGLEZA": 1533, "LIMBA FRANCEZA": 59}, "limba_materna": {"LIMBA ROMANA": 1592}, "promotie_anterioara": {"NU": 1407, "DA": 185}, "materii": {"LIMBA ROMANA": {"medie": 6.538648468708392, "reusita": 81.46984924623115, "cnt": 1592}, "MATEMATICA MATE-INFO": {"medie": 7.738547486033519, "reusita": 90.10989010989012, "cnt": 364}, "INFORMATICA MI C/C++": {"medie": 7.872727272727274, "reusita": 98.18181818181819, "cnt": 55}, "GENERAL": {"medie": 6.83257162346522, "reusita": 63.505025125628144, "cnt": 1592}, "ISTORIE": {"medie": 7.5737020316027115, "reusita": 89.82300884955751, "cnt": 452}, "LOGICA, ARGUMENTARE SI COMUNICARE": {"medie": 7.444576271186443, "reusita": 86.37873754152824, "cnt": 301}, "GEOGRAFIE": {"medie": 7.449285714285716, "reusita": 90.05524861878453, "cnt": 362}, "FIZICA TEO": {"medie": 8.1825, "reusita": 96.25, "cnt": 80}, "CHIMIE ORGANICA TEO NIVEL I/II": {"medie": 8.907692307692308, "reusita": 100.0, "cnt": 13}, "MATEMATICA ST-NAT": {"medie": 6.522244897959188, "reusita": 70.0, "cnt": 290}, "PSIHOLOGIE": {"medie": 7.280232558139535, "reusita": 95.45454545454545, "cnt": 44}, "SOCIOLOGIE": {"medie": 6.910000000000001, "reusita": 100.0, "cnt": 5}, "ANATOMIE SI FIZIOLOGIE UMANA, GENETICA SI ECOLOGIE UMANA": {"medie": 7.162899786780378, "reusita": 83.23586744639377, "cnt": 513}, "CHIMIE ANORGANICA TEO NIVEL I/II": {"medie": 7.76, "reusita": 100.0, "cnt": 5}, "BIOLOGIE VEGETALA SI ANIMALA": {"medie": 4.199324324324325, "reusita": 29.83425414364641, "cnt": 181}, "MATEMATICA PED": {"medie": 8.029464285714285, "reusita": 96.42857142857143, "cnt": 56}, "INFORMATICA SN C/C++": {"medie": 8.0125, "reusita": 100.0, "cnt": 4}, "FILOSOFIE": {"medie": 7.983333333333332, "reusita": 100.0, "cnt": 3}, "ECONOMIE": {"medie": 8.35, "reusita": 100.0, "cnt": 1}, "MATEMATICA TEHN": {"medie": 4.944015957446808, "reusita": 53.02325581395348, "cnt": 430}, "FIZICA TEH": {"medie": 3.6625, "reusita": 17.647058823529413, "cnt": 17}, "CHIMIE ANORGANICA TEH NIVEL I/II": {"medie": 3.75, "reusita": 50.0, "cnt": 2}, "INFORMATICA MI PASCAL": {"medie": 4.825, "reusita": 50.0, "cnt": 6}}, "nume": "Ialomi\u021ba"}