{"specializari": {"MATEMATICA-INFORMATICA": 364, "FILOLOGIE": 228, "STIINTE ALE NATURII": 290, "STIINTE SOCIALE": 120, "ARHITECTURA, ARTE AMBIENTALE SI DESIGN": 28, "MUZICA": 15, "INVATATOR - EDUCATOARE": 56, "TEOLOGIE ORTODOXA": 23, "ARTE PLASTICE SI DECORATIVE": 13, "TEHNICIAN IN ACTIVITATI ECONOMICE": 118, "TEHNICIAN ELECTROMECANIC": 27, "TEHNICIAN MECATRONIST": 63, "TEHNICIAN IN GASTRONOMIE": 47, "TEHNICIAN IN TURISM": 21, "TEHNICIAN IN ACHIZITII SI CONTRACTARI": 16, "LICEU CU PROGRAM SPORTIV": 25, "TEHNICIAN ECOLOG SI PROTECTIA CALITATII MEDIULUI": 19, "TEHNICIAN OPERATOR TEHNICA DE CALCUL": 27, "TEHNICIAN DESENATOR PENTRU CONSTRUCTII SI INSTALATII": 7, "TEHNICIAN CHIMIST DE LABORATOR": 3, "COAFOR STILIST": 6, "TEHNICIAN MECANIC PENTRU INTRETINERE SI REPARATII": 9, "TEHNICIAN IN INDUSTRIA ALIMENTARA EXTRACTIVA": 3, "TEHNICIAN IN INDUSTRIA ALIMENTARA": 3, "TEHNICIAN ANALIZE PRODUSE ALIMENTARE": 25, "TEHNICIAN DESIGNER VESTIMENTAR": 3, "TEHNICIAN ELECTRICIAN/ELECTRONIST AUTO": 15, "TEHNICIAN IN INSTALATII ELECTRICE": 15, "TEHNICIAN IN INDUSTRIA TEXTILA": 1, "TEHNICIAN VETERINAR": 1, "TEHNICIAN ELECTROTEHNIST": 1}, "limba_moderna": {"LIMBA ENGLEZA": 1533, "LIMBA FRANCEZA": 59}, "limba_materna": {"LIMBA ROMANA": 1592}, "promotie_anterioara": {"NU": 1407, "DA": 185}, "materii": {"LIMBA ROMANA": {"medie": 6.444573901464724, "reusita": 77.4497487437186, "cnt": 1592}, "MATEMATICA MATE-INFO": {"medie": 7.740223463687153, "reusita": 89.28571428571429, "cnt": 364}, "INFORMATICA MI C/C++": {"medie": 7.862727272727276, "reusita": 98.18181818181819, "cnt": 55}, "GENERAL": {"medie": 6.7937926330150225, "reusita": 60.74120603015075, "cnt": 1592}, "ISTORIE": {"medie": 7.566139954853274, "reusita": 89.15929203539822, "cnt": 452}, "LOGICA, ARGUMENTARE SI COMUNICARE": {"medie": 7.361864406779666, "reusita": 86.37873754152824, "cnt": 301}, "CHIMIE ORGANICA TEO NIVEL I/II": {"medie": 8.938461538461539, "reusita": 100.0, "cnt": 13}, "MATEMATICA ST-NAT": {"medie": 6.527959183673474, "reusita": 70.0, "cnt": 290}, "FIZICA TEO": {"medie": 8.174375000000001, "reusita": 96.25, "cnt": 80}, "GEOGRAFIE": {"medie": 7.44542857142858, "reusita": 89.77900552486187, "cnt": 362}, "PSIHOLOGIE": {"medie": 7.256976744186045, "reusita": 95.45454545454545, "cnt": 44}, "ANATOMIE SI FIZIOLOGIE UMANA, GENETICA SI ECOLOGIE UMANA": {"medie": 7.162153518123661, "reusita": 83.04093567251462, "cnt": 513}, "CHIMIE ANORGANICA TEO NIVEL I/II": {"medie": 7.739999999999999, "reusita": 100.0, "cnt": 5}, "BIOLOGIE VEGETALA SI ANIMALA": {"medie": 4.203040540540542, "reusita": 30.386740331491712, "cnt": 181}, "SOCIOLOGIE": {"medie": 6.7700000000000005, "reusita": 100.0, "cnt": 5}, "INFORMATICA SN C/C++": {"medie": 8.0125, "reusita": 100.0, "cnt": 4}, "MATEMATICA PED": {"medie": 8.025, "reusita": 96.42857142857143, "cnt": 56}, "FILOSOFIE": {"medie": 7.983333333333332, "reusita": 100.0, "cnt": 3}, "MATEMATICA TEHN": {"medie": 4.946276595744683, "reusita": 51.627906976744185, "cnt": 430}, "FIZICA TEH": {"medie": 3.6875, "reusita": 17.647058823529413, "cnt": 17}, "ECONOMIE": {"medie": 8.35, "reusita": 100.0, "cnt": 1}, "CHIMIE ANORGANICA TEH NIVEL I/II": {"medie": 3.75, "reusita": 50.0, "cnt": 2}, "INFORMATICA MI PASCAL": {"medie": 4.85, "reusita": 50.0, "cnt": 6}}, "nume": "Ialomi\u021ba"}