{"specializari": {"MATEMATICA-INFORMATICA": 865, "STIINTE ALE NATURII": 739, "FILOLOGIE": 665, "INVATATOR - EDUCATOARE": 89, "TEOLOGIE ROMANO-CATOLICA": 30, "STIINTE SOCIALE": 324, "TEOLOGIE ORTODOXA": 53, "MUZICA": 50, "TEHNICIAN IN ACTIVITATI ECONOMICE": 490, "ARTE PLASTICE SI DECORATIVE": 67, "ARTA ACTORULUI": 17, "LICEU CU PROGRAM SPORTIV": 113, "TEHNICIAN IN ACTIVITATI DE COMERT": 118, "TEHNICIAN IN TURISM": 75, "TEHNICIAN IN INSTALATII ELECTRICE": 46, "TEHNICIAN IN ACHIZITII SI CONTRACTARI": 57, "TEHNICIAN IN ADMINISTRATIE": 60, "ORGANIZATOR BANQUETING": 113, "COREGRAFIE": 17, "PATRIMONIU CULTURAL": 32, "ARHITECTURA, ARTE AMBIENTALE SI DESIGN": 61, "TEHNICIAN PROIECTANT CAD": 83, "TEHNICIAN ECOLOG SI PROTECTIA CALITATII MEDIULUI": 76, "TEHNICIAN IN AGRICULTURA ECOLOGICA": 28, "TEHNICIAN IN GASTRONOMIE": 149, "EDUCATOR-PUERICULTOR": 25, "TEHNICIAN OPERATOR TEHNICA DE CALCUL": 139, "TEHNICIAN IN INDUSTRIA ALIMENTARA": 30, "TEHNICIAN ELECTRICIAN/ELECTRONIST AUTO": 25, "TEHNICIAN AVIATIE": 5, "TEHNICIAN ANALIZE PRODUSE ALIMENTARE": 54, "TEHNICIAN INSTALATII DE BORD (AVION)": 7, "TEHNICIAN PRELUCRARI MECANICE": 26, "COAFOR STILIST": 63, "TEHNICIAN DESENATOR PENTRU CONSTRUCTII SI INSTALATII": 119, "TEHNICIAN VETERINAR": 46, "TEHNICIAN DESIGNER MOBILA SI AMENAJARI INTERIOARE": 45, "TEHNICIAN OPERATOR PROCESARE TEXT IMAGINE": 52, "TEHNICIAN TRANSPORTURI": 22, "TEHNICIAN PRELUCRARI PE MASINI CU COMANDA NUMERICA": 14, "TEHNICIAN MECANIC PENTRU INTRETINERE SI REPARATII": 25, "TEHNICIAN ELECTROMECANIC": 46, "TEHNICIAN MECATRONIST": 50, "TEHNICIAN IN AUTOMATIZARI": 16, "TEHNICIAN IN AGRICULTURA": 15, "TEHNICIAN ELECTRONIST": 1, "TEHNICIAN IN CONSTRUCTII SI LUCRARI PUBLICE": 5, "TEHNICIAN DE TELECOMUNICATII": 3, "TEHNICIAN IN PRELUCRAREA LEMNULUI": 7, "TEHNICIAN DESIGNER VESTIMENTAR": 24, "TEHNICIAN IN HOTELARIE": 3, "TEHNICIAN METROLOG": 1, "TEHNICIAN ELECTROTEHNIST": 1, "TEHNICIAN IN CHIMIE INDUSTRIALA": 5, "TEHNICIAN MULTIMEDIA": 1, "TEHNICIAN IN INDUSTRIA TEXTILA": 4, "TEHNICIAN INSTALATOR PENTRU CONSTRUCTII": 2, "TEHNICIAN IN MORARIT, PANIFICATIE SI PRODUSE FAINOASE": 1, "TEHNICIAN CHIMIST DE LABORATOR": 4, "TEHNICIAN POLIGRAF": 2}, "limba_moderna": {"LIMBA ENGLEZA": 4873, "LIMBA GERMANA MODERNA": 29, "LIMBA FRANCEZA": 372, "LIMBA RUSA": 28, "LIMBA SPANIOLA": 3}, "limba_materna": {"LIMBA ROMANA": 5305}, "promotie_anterioara": {"NU": 4811, "DA": 494}, "materii": {"LIMBA ROMANA": {"medie": 7.1511945718654175, "reusita": 93.9679547596607, "cnt": 5305}, "MATEMATICA MATE-INFO": {"medie": 8.445365005793747, "reusita": 96.99421965317919, "cnt": 865}, "INFORMATICA MI C/C++": {"medie": 8.594022988505753, "reusita": 98.85057471264368, "cnt": 435}, "GENERAL": {"medie": 7.518487965838504, "reusita": 78.51083883129122, "cnt": 5305}, "ISTORIE": {"medie": 7.918698060941834, "reusita": 96.69876203576341, "cnt": 1454}, "LOGICA, ARGUMENTARE SI COMUNICARE": {"medie": 8.617031463748296, "reusita": 96.33152173913044, "cnt": 736}, "CHIMIE ORGANICA TEO NIVEL I/II": {"medie": 9.315677966101694, "reusita": 100.0, "cnt": 118}, "MATEMATICA ST-NAT": {"medie": 7.995355191256824, "reusita": 92.82814614343707, "cnt": 739}, "FIZICA TEO": {"medie": 8.91071428571429, "reusita": 96.7741935483871, "cnt": 155}, "GEOGRAFIE": {"medie": 8.05986225895317, "reusita": 97.37991266375546, "cnt": 1832}, "PSIHOLOGIE": {"medie": 7.697457627118645, "reusita": 96.61016949152543, "cnt": 59}, "ANATOMIE SI FIZIOLOGIE UMANA, GENETICA SI ECOLOGIE UMANA": {"medie": 7.614160659114312, "reusita": 88.59737638748739, "cnt": 991}, "CHIMIE ANORGANICA TEO NIVEL I/II": {"medie": 8.169827586206896, "reusita": 100.0, "cnt": 58}, "BIOLOGIE VEGETALA SI ANIMALA": {"medie": 5.277946127946119, "reusita": 55.85023400936038, "cnt": 641}, "SOCIOLOGIE": {"medie": 8.47, "reusita": 95.23809523809523, "cnt": 21}, "INFORMATICA SN C/C++": {"medie": 8.603125, "reusita": 96.875, "cnt": 32}, "MATEMATICA PED": {"medie": 8.480898876404497, "reusita": 96.62921348314607, "cnt": 89}, "FILOSOFIE": {"medie": 8.459999999999999, "reusita": 90.0, "cnt": 10}, "MATEMATICA TEHN": {"medie": 6.760371442354089, "reusita": 84.15199258572753, "cnt": 2158}, "FIZICA TEH": {"medie": 6.174747474747477, "reusita": 70.9090909090909, "cnt": 110}, "ECONOMIE": {"medie": 7.220833333333334, "reusita": 92.3076923076923, "cnt": 13}, "CHIMIE ANORGANICA TEH NIVEL I/II": {"medie": 5.54662162162162, "reusita": 68.35443037974683, "cnt": 79}, "CHIMIE ORGANICA TEH NIVEL I/II": {"medie": 4.3277777777777775, "reusita": 28.57142857142857, "cnt": 14}, "INFORMATICA MI PASCAL": {"medie": 5.5, "reusita": 100.0, "cnt": 1}}, "nume": "Ia\u0219i"}