{"specializari": {"MATEMATICA-INFORMATICA": 865, "FILOLOGIE": 665, "STIINTE ALE NATURII": 739, "INVATATOR - EDUCATOARE": 89, "STIINTE SOCIALE": 324, "TEOLOGIE ROMANO-CATOLICA": 30, "MUZICA": 50, "TEHNICIAN IN ACTIVITATI ECONOMICE": 490, "TEOLOGIE ORTODOXA": 53, "LICEU CU PROGRAM SPORTIV": 113, "ARTE PLASTICE SI DECORATIVE": 67, "ARTA ACTORULUI": 17, "TEHNICIAN IN ACTIVITATI DE COMERT": 118, "TEHNICIAN IN TURISM": 75, "TEHNICIAN IN INSTALATII ELECTRICE": 46, "ARHITECTURA, ARTE AMBIENTALE SI DESIGN": 61, "TEHNICIAN IN ACHIZITII SI CONTRACTARI": 57, "TEHNICIAN IN ADMINISTRATIE": 60, "ORGANIZATOR BANQUETING": 113, "COREGRAFIE": 17, "PATRIMONIU CULTURAL": 32, "TEHNICIAN ECOLOG SI PROTECTIA CALITATII MEDIULUI": 76, "TEHNICIAN PROIECTANT CAD": 83, "TEHNICIAN IN AGRICULTURA ECOLOGICA": 28, "TEHNICIAN IN GASTRONOMIE": 149, "EDUCATOR-PUERICULTOR": 25, "TEHNICIAN OPERATOR TEHNICA DE CALCUL": 139, "TEHNICIAN IN INDUSTRIA ALIMENTARA": 30, "TEHNICIAN ELECTRICIAN/ELECTRONIST AUTO": 25, "TEHNICIAN AVIATIE": 5, "TEHNICIAN ANALIZE PRODUSE ALIMENTARE": 54, "TEHNICIAN INSTALATII DE BORD (AVION)": 7, "TEHNICIAN PRELUCRARI MECANICE": 26, "COAFOR STILIST": 63, "TEHNICIAN DESENATOR PENTRU CONSTRUCTII SI INSTALATII": 119, "TEHNICIAN VETERINAR": 46, "TEHNICIAN DESIGNER MOBILA SI AMENAJARI INTERIOARE": 45, "TEHNICIAN OPERATOR PROCESARE TEXT IMAGINE": 52, "TEHNICIAN TRANSPORTURI": 22, "TEHNICIAN PRELUCRARI PE MASINI CU COMANDA NUMERICA": 14, "TEHNICIAN MECANIC PENTRU INTRETINERE SI REPARATII": 25, "TEHNICIAN ELECTROMECANIC": 46, "TEHNICIAN MECATRONIST": 50, "TEHNICIAN IN AUTOMATIZARI": 16, "TEHNICIAN IN AGRICULTURA": 15, "TEHNICIAN ELECTRONIST": 1, "TEHNICIAN IN CONSTRUCTII SI LUCRARI PUBLICE": 5, "TEHNICIAN DE TELECOMUNICATII": 3, "TEHNICIAN IN PRELUCRAREA LEMNULUI": 7, "TEHNICIAN DESIGNER VESTIMENTAR": 24, "TEHNICIAN IN HOTELARIE": 3, "TEHNICIAN METROLOG": 1, "TEHNICIAN ELECTROTEHNIST": 1, "TEHNICIAN IN CHIMIE INDUSTRIALA": 5, "TEHNICIAN MULTIMEDIA": 1, "TEHNICIAN IN INDUSTRIA TEXTILA": 4, "TEHNICIAN INSTALATOR PENTRU CONSTRUCTII": 2, "TEHNICIAN IN MORARIT, PANIFICATIE SI PRODUSE FAINOASE": 1, "TEHNICIAN CHIMIST DE LABORATOR": 4, "TEHNICIAN POLIGRAF": 2}, "limba_moderna": {"LIMBA ENGLEZA": 4873, "LIMBA GERMANA MODERNA": 29, "LIMBA FRANCEZA": 372, "LIMBA RUSA": 28, "LIMBA SPANIOLA": 3}, "limba_materna": {"LIMBA ROMANA": 5305}, "promotie_anterioara": {"NU": 4811, "DA": 494}, "materii": {"LIMBA ROMANA": {"medie": 7.24305237003059, "reusita": 95.11781338360038, "cnt": 5305}, "MATEMATICA MATE-INFO": {"medie": 8.528621089223636, "reusita": 97.10982658959537, "cnt": 865}, "INFORMATICA MI C/C++": {"medie": 8.663218390804595, "reusita": 98.85057471264368, "cnt": 435}, "GENERAL": {"medie": 7.55831715838508, "reusita": 79.84919886899152, "cnt": 5305}, "ISTORIE": {"medie": 7.954709141274242, "reusita": 96.62998624484182, "cnt": 1454}, "LOGICA, ARGUMENTARE SI COMUNICARE": {"medie": 8.60916552667579, "reusita": 96.33152173913044, "cnt": 736}, "GEOGRAFIE": {"medie": 8.066088154269975, "reusita": 97.54366812227074, "cnt": 1832}, "FIZICA TEO": {"medie": 8.91428571428572, "reusita": 96.7741935483871, "cnt": 155}, "CHIMIE ORGANICA TEO NIVEL I/II": {"medie": 9.318220338983046, "reusita": 100.0, "cnt": 118}, "MATEMATICA ST-NAT": {"medie": 8.003620218579226, "reusita": 93.09878213802436, "cnt": 739}, "PSIHOLOGIE": {"medie": 7.722033898305084, "reusita": 98.30508474576271, "cnt": 59}, "SOCIOLOGIE": {"medie": 8.47, "reusita": 95.23809523809523, "cnt": 21}, "ANATOMIE SI FIZIOLOGIE UMANA, GENETICA SI ECOLOGIE UMANA": {"medie": 7.585839340885686, "reusita": 87.89101917255297, "cnt": 991}, "CHIMIE ANORGANICA TEO NIVEL I/II": {"medie": 8.169827586206896, "reusita": 100.0, "cnt": 58}, "BIOLOGIE VEGETALA SI ANIMALA": {"medie": 5.250505050505037, "reusita": 55.53822152886115, "cnt": 641}, "MATEMATICA PED": {"medie": 8.541011235955061, "reusita": 97.75280898876404, "cnt": 89}, "INFORMATICA SN C/C++": {"medie": 8.6671875, "reusita": 96.875, "cnt": 32}, "FILOSOFIE": {"medie": 8.4, "reusita": 90.0, "cnt": 10}, "ECONOMIE": {"medie": 7.291666666666668, "reusita": 92.3076923076923, "cnt": 13}, "MATEMATICA TEHN": {"medie": 6.760636758321283, "reusita": 84.29101019462465, "cnt": 2158}, "FIZICA TEH": {"medie": 6.187373737373739, "reusita": 70.9090909090909, "cnt": 110}, "CHIMIE ORGANICA TEH NIVEL I/II": {"medie": 4.327777777777778, "reusita": 28.57142857142857, "cnt": 14}, "CHIMIE ANORGANICA TEH NIVEL I/II": {"medie": 5.55608108108108, "reusita": 69.62025316455697, "cnt": 79}, "INFORMATICA MI PASCAL": {"medie": 5.5, "reusita": 100.0, "cnt": 1}}, "nume": "Ia\u0219i"}