{"specializari": {"MATEMATICA-INFORMATICA": 107, "FILOLOGIE": 326, "STIINTE ALE NATURII": 219, "TEHNICIAN IN ACTIVITATI ECONOMICE": 97, "TEHNICIAN IN TURISM": 26, "STIINTE SOCIALE": 59, "TEHNICIAN PENTRU TEHNICI ARTISTICE - PATRIMONIU": 21, "INVATATOR - EDUCATOARE": 20, "TEHNICIAN IN AGRICULTURA": 20, "LICEU CU PROGRAM SPORTIV": 101, "TEHNICIAN IN SILVICULTURA SI EXPLOATARI FORESTIERE": 27, "TEHNICIAN VETERINAR": 17, "TEHNICIAN MECANIC PENTRU INTRETINERE SI REPARATII": 38, "TEHNICIAN DESENATOR PENTRU CONSTRUCTII SI INSTALATII": 5, "TEHNICIAN ELECTROTEHNIST": 18, "TEHNICIAN ECOLOG SI PROTECTIA CALITATII MEDIULUI": 1, "TEHNICIAN IN AGROTURISM": 6, "TEHNICIAN IN GASTRONOMIE": 31, "TEHNICIAN IN AGRICULTURA ECOLOGICA": 3, "TEHNICIAN IN HOTELARIE": 1, "TEHNICIAN ELECTROMECANIC": 6, "TEHNICIAN IN AUTOMATIZARI": 1, "TEHNICIAN INSTALATOR PENTRU CONSTRUCTII": 3, "TEHNICIAN IN INSTALATII ELECTRICE": 7, "TEHNICIAN POLIGRAF": 1, "TEHNICIAN IN CONSTRUCTII SI LUCRARI PUBLICE": 2, "COAFOR STILIST": 1, "TEHNICIAN ELECTRICIAN/ELECTRONIST AUTO": 4, "TEHNICIAN OPERATOR TEHNICA DE CALCUL": 20, "TEHNICIAN TRANSPORTURI": 3, "TEHNICIAN IN ACTIVITATI DE COMERT": 2, "TEHNICIAN DESIGNER MOBILA SI AMENAJARI INTERIOARE": 1, "ARTE PLASTICE SI DECORATIVE": 1, "TEHNICIAN MECATRONIST": 1, "TEHNICIAN AGRONOM": 3}, "limba_moderna": {"LIMBA ENGLEZA": 1168, "LIMBA FRANCEZA": 12, "LIMBA SPANIOLA": 19}, "limba_materna": {"LIMBA ROMANA": 1192, "LIMBA GERMANA": 7}, "promotie_anterioara": {"NU": 893, "DA": 306}, "materii": {"LIMBA ROMANA": {"medie": 5.887305025996536, "reusita": 81.15095913261051, "cnt": 1199}, "MATEMATICA MATE-INFO": {"medie": 7.051428571428575, "reusita": 88.78504672897196, "cnt": 107}, "INFORMATICA MI C/C++": {"medie": 7.273076923076924, "reusita": 92.3076923076923, "cnt": 13}, "GENERAL": {"medie": 6.025742655875296, "reusita": 44.78732276897415, "cnt": 1199}, "ISTORIE": {"medie": 5.870541082164328, "reusita": 72.63779527559055, "cnt": 508}, "LOGICA, ARGUMENTARE SI COMUNICARE": {"medie": 6.497619047619047, "reusita": 79.06976744186046, "cnt": 43}, "CHIMIE ORGANICA TEO NIVEL I/II": {"medie": 7.50625, "reusita": 75.0, "cnt": 16}, "MATEMATICA ST-NAT": {"medie": 5.329381443298967, "reusita": 58.44748858447488, "cnt": 219}, "FIZICA TEO": {"medie": 7.118181818181818, "reusita": 81.81818181818183, "cnt": 11}, "GEOGRAFIE": {"medie": 6.891037735849055, "reusita": 87.13235294117648, "cnt": 544}, "PSIHOLOGIE": {"medie": 6.971052631578945, "reusita": 89.47368421052632, "cnt": 19}, "ANATOMIE SI FIZIOLOGIE UMANA, GENETICA SI ECOLOGIE UMANA": {"medie": 6.463317757009344, "reusita": 76.85589519650655, "cnt": 229}, "CHIMIE ANORGANICA TEO NIVEL I/II": {"medie": 7.026923076923075, "reusita": 84.61538461538461, "cnt": 13}, "BIOLOGIE VEGETALA SI ANIMALA": {"medie": 4.844827586206899, "reusita": 49.122807017543856, "cnt": 228}, "SOCIOLOGIE": {"medie": 7.259154929577468, "reusita": 84.72222222222221, "cnt": 72}, "MATEMATICA PED": {"medie": 6.936842105263159, "reusita": 80.0, "cnt": 20}, "FILOSOFIE": {"medie": 5.8500000000000005, "reusita": 66.66666666666666, "cnt": 3}, "LIMBA GERMANA": {"medie": 9.4, "reusita": 100.0, "cnt": 7}, "MATEMATICA TEHN": {"medie": 5.007697160883278, "reusita": 60.28985507246377, "cnt": 345}, "FIZICA TEH": {"medie": 5.0, "reusita": 100.0, "cnt": 1}, "ECONOMIE": {"medie": 2.77, "reusita": 0.0, "cnt": 5}, "CHIMIE ORGANICA TEH NIVEL I/II": {"medie": 5.25, "reusita": 50.0, "cnt": 2}}, "nume": "Ilfov"}