{"specializari": {"MATEMATICA-INFORMATICA": 107, "FILOLOGIE": 326, "STIINTE ALE NATURII": 219, "TEHNICIAN IN ACTIVITATI ECONOMICE": 97, "TEHNICIAN IN TURISM": 26, "STIINTE SOCIALE": 59, "TEHNICIAN PENTRU TEHNICI ARTISTICE - PATRIMONIU": 21, "INVATATOR - EDUCATOARE": 20, "TEHNICIAN IN AGRICULTURA": 20, "LICEU CU PROGRAM SPORTIV": 101, "TEHNICIAN IN SILVICULTURA SI EXPLOATARI FORESTIERE": 27, "TEHNICIAN VETERINAR": 17, "TEHNICIAN MECANIC PENTRU INTRETINERE SI REPARATII": 38, "TEHNICIAN DESENATOR PENTRU CONSTRUCTII SI INSTALATII": 5, "TEHNICIAN ELECTROTEHNIST": 18, "TEHNICIAN ECOLOG SI PROTECTIA CALITATII MEDIULUI": 1, "TEHNICIAN IN AGROTURISM": 6, "TEHNICIAN IN GASTRONOMIE": 31, "TEHNICIAN IN AGRICULTURA ECOLOGICA": 3, "TEHNICIAN IN HOTELARIE": 1, "TEHNICIAN ELECTROMECANIC": 6, "TEHNICIAN IN AUTOMATIZARI": 1, "TEHNICIAN INSTALATOR PENTRU CONSTRUCTII": 3, "TEHNICIAN IN INSTALATII ELECTRICE": 7, "TEHNICIAN POLIGRAF": 1, "TEHNICIAN IN CONSTRUCTII SI LUCRARI PUBLICE": 2, "COAFOR STILIST": 1, "TEHNICIAN ELECTRICIAN/ELECTRONIST AUTO": 4, "TEHNICIAN OPERATOR TEHNICA DE CALCUL": 20, "TEHNICIAN TRANSPORTURI": 3, "TEHNICIAN IN ACTIVITATI DE COMERT": 2, "TEHNICIAN DESIGNER MOBILA SI AMENAJARI INTERIOARE": 1, "ARTE PLASTICE SI DECORATIVE": 1, "TEHNICIAN MECATRONIST": 1, "TEHNICIAN AGRONOM": 3}, "limba_moderna": {"LIMBA ENGLEZA": 1168, "LIMBA FRANCEZA": 12, "LIMBA SPANIOLA": 19}, "limba_materna": {"LIMBA ROMANA": 1192, "LIMBA GERMANA": 7}, "promotie_anterioara": {"NU": 893, "DA": 306}, "materii": {"LIMBA ROMANA": {"medie": 5.878119584055468, "reusita": 81.0675562969141, "cnt": 1199}, "MATEMATICA MATE-INFO": {"medie": 7.085238095238097, "reusita": 90.65420560747664, "cnt": 107}, "INFORMATICA MI C/C++": {"medie": 7.296153846153846, "reusita": 92.3076923076923, "cnt": 13}, "GENERAL": {"medie": 6.044552607913669, "reusita": 48.123436196830696, "cnt": 1199}, "ISTORIE": {"medie": 5.967635270541079, "reusita": 79.7244094488189, "cnt": 508}, "LOGICA, ARGUMENTARE SI COMUNICARE": {"medie": 6.589285714285713, "reusita": 79.06976744186046, "cnt": 43}, "GEOGRAFIE": {"medie": 6.903207547169811, "reusita": 87.68382352941177, "cnt": 544}, "FIZICA TEO": {"medie": 7.195454545454544, "reusita": 81.81818181818183, "cnt": 11}, "CHIMIE ORGANICA TEO NIVEL I/II": {"medie": 7.51875, "reusita": 75.0, "cnt": 16}, "MATEMATICA ST-NAT": {"medie": 5.349226804123709, "reusita": 58.44748858447488, "cnt": 219}, "PSIHOLOGIE": {"medie": 6.918421052631579, "reusita": 89.47368421052632, "cnt": 19}, "SOCIOLOGIE": {"medie": 7.235915492957748, "reusita": 84.72222222222221, "cnt": 72}, "ANATOMIE SI FIZIOLOGIE UMANA, GENETICA SI ECOLOGIE UMANA": {"medie": 6.496028037383178, "reusita": 77.72925764192141, "cnt": 229}, "CHIMIE ANORGANICA TEO NIVEL I/II": {"medie": 7.065384615384615, "reusita": 84.61538461538461, "cnt": 13}, "BIOLOGIE VEGETALA SI ANIMALA": {"medie": 4.843349753694582, "reusita": 49.56140350877193, "cnt": 228}, "MATEMATICA PED": {"medie": 6.947368421052632, "reusita": 80.0, "cnt": 20}, "FILOSOFIE": {"medie": 5.8500000000000005, "reusita": 66.66666666666666, "cnt": 3}, "LIMBA GERMANA": {"medie": 9.528571428571428, "reusita": 100.0, "cnt": 7}, "ECONOMIE": {"medie": 2.95, "reusita": 0.0, "cnt": 5}, "MATEMATICA TEHN": {"medie": 5.0116403785488925, "reusita": 60.86956521739131, "cnt": 345}, "FIZICA TEH": {"medie": 5.0, "reusita": 100.0, "cnt": 1}, "CHIMIE ORGANICA TEH NIVEL I/II": {"medie": 5.0, "reusita": 50.0, "cnt": 2}}, "nume": "Ilfov"}