{"specializari": {"FILOLOGIE": 612, "MATEMATICA-INFORMATICA": 525, "STIINTE SOCIALE": 261, "MUZICA": 25, "TEOLOGIE PENTICOSTALA": 25, "STIINTE ALE NATURII": 487, "TEHNICIAN IN ACTIVITATI ECONOMICE": 283, "ARHITECTURA, ARTE AMBIENTALE SI DESIGN": 33, "TEOLOGIE ORTODOXA": 55, "TEHNICIAN IN TURISM": 139, "LICEU CU PROGRAM SPORTIV": 156, "INVATATOR - EDUCATOARE": 80, "ARTE PLASTICE SI DECORATIVE": 28, "ORGANIZATOR BANQUETING": 28, "TEHNICIAN MECATRONIST": 53, "EDUCATOR-PUERICULTOR": 31, "TEHNICIAN IN ADMINISTRATIE": 30, "TEHNICIAN OPERATOR TEHNICA DE CALCUL": 58, "TEHNICIAN IN AUTOMATIZARI": 53, "TEHNICIAN IN ACTIVITATI DE COMERT": 55, "TEHNICIAN ELECTROMECANIC": 29, "TEHNICIAN IN INSTALATII ELECTRICE": 26, "TEHNICIAN PROIECTANT CAD": 3, "TEHNICIAN VETERINAR": 5, "TEHNICIAN AGRONOM": 9, "TEHNICIAN DESIGNER VESTIMENTAR": 41, "TEHNICIAN DE TELECOMUNICATII": 19, "TEHNICIAN MECANIC PENTRU INTRETINERE SI REPARATII": 39, "TEHNICIAN ELECTRONIST": 7, "TEHNICIAN ANALIZE PRODUSE ALIMENTARE": 12, "TEHNICIAN PRELUCRARI PE MASINI CU COMANDA NUMERICA": 14, "TEHNICIAN DESENATOR PENTRU CONSTRUCTII SI INSTALATII": 15, "TEHNICIAN IN GASTRONOMIE": 17, "TEHNICIAN ECOLOG SI PROTECTIA CALITATII MEDIULUI": 33, "TEHNICIAN TRANSPORTURI": 29, "TEHNICIAN IN INDUSTRIA TEXTILA": 5, "TEHNICIAN IN SILVICULTURA SI EXPLOATARI FORESTIERE": 20, "TEHNICIAN HORTICULTOR": 6, "TEHNICIAN ELECTRICIAN/ELECTRONIST AUTO": 8, "TEHNICIAN DESIGNER MOBILA SI AMENAJARI INTERIOARE": 17, "TEHNICIAN ELECTROTEHNIST": 3, "TEHNICIAN POLIGRAF": 1, "TEHNICIAN CHIMIST DE LABORATOR": 4, "INSTRUCTOR PENTRU ACTIVITATI EXTRASCOLARE": 1, "TEHNICIAN IN HOTELARIE": 3, "TEHNICIAN IN AGRICULTURA": 1}, "limba_moderna": {"LIMBA ENGLEZA": 3083, "LIMBA FRANCEZA": 214, "LIMBA GERMANA MODERNA": 24, "LIMBA ITALIANA": 13, "LIMBA RUSA": 42, "LIMBA SPANIOLA": 8}, "limba_materna": {"LIMBA ROMANA": 3287, "LIMBA MAGHIARA": 54, "LIMBA UCRAINEANA": 43}, "promotie_anterioara": {"NU": 2911, "DA": 473}, "materii": {"LIMBA ROMANA": {"medie": 6.676431181485961, "reusita": 87.05673758865248, "cnt": 3384}, "MATEMATICA MATE-INFO": {"medie": 7.6341346153846095, "reusita": 92.19047619047619, "cnt": 525}, "INFORMATICA MI C/C++": {"medie": 7.898128342245983, "reusita": 91.48936170212765, "cnt": 188}, "GENERAL": {"medie": 6.9293855583024495, "reusita": 67.19858156028369, "cnt": 3384}, "ISTORIE": {"medie": 7.42835820895525, "reusita": 92.8280358598207, "cnt": 1227}, "LOGICA, ARGUMENTARE SI COMUNICARE": {"medie": 7.94368852459018, "reusita": 92.18241042345277, "cnt": 614}, "GEOGRAFIE": {"medie": 7.437976406533582, "reusita": 91.62257495590829, "cnt": 1134}, "FIZICA TEO": {"medie": 8.32142857142857, "reusita": 95.23809523809523, "cnt": 42}, "CHIMIE ORGANICA TEO NIVEL I/II": {"medie": 9.318750000000003, "reusita": 98.24561403508771, "cnt": 57}, "MATEMATICA ST-NAT": {"medie": 6.384493670886082, "reusita": 73.92197125256673, "cnt": 487}, "PSIHOLOGIE": {"medie": 7.289130434782609, "reusita": 93.47826086956522, "cnt": 46}, "SOCIOLOGIE": {"medie": 7.1210526315789435, "reusita": 89.74358974358975, "cnt": 39}, "ANATOMIE SI FIZIOLOGIE UMANA, GENETICA SI ECOLOGIE UMANA": {"medie": 6.910373443983417, "reusita": 84.93894165535957, "cnt": 737}, "CHIMIE ANORGANICA TEO NIVEL I/II": {"medie": 7.783333333333332, "reusita": 83.33333333333334, "cnt": 6}, "BIOLOGIE VEGETALA SI ANIMALA": {"medie": 4.890608465608465, "reusita": 46.96261682242991, "cnt": 428}, "MATEMATICA PED": {"medie": 6.631410256410256, "reusita": 73.75, "cnt": 80}, "INFORMATICA SN C/C++": {"medie": 7.714999999999999, "reusita": 100.0, "cnt": 10}, "FILOSOFIE": {"medie": 7.815625000000001, "reusita": 100.0, "cnt": 16}, "ECONOMIE": {"medie": 6.179166666666666, "reusita": 69.23076923076923, "cnt": 13}, "MATEMATICA TEHN": {"medie": 5.912691914022521, "reusita": 70.61032863849765, "cnt": 1065}, "FIZICA TEH": {"medie": 6.358571428571429, "reusita": 64.28571428571429, "cnt": 42}, "LIMBA MAGHIARA (REAL)": {"medie": 8.859210526315788, "reusita": 97.43589743589743, "cnt": 39}, "CHIMIE ANORGANICA TEH NIVEL I/II": {"medie": 3.538888888888889, "reusita": 16.666666666666664, "cnt": 12}, "LIMBA MAGHIARA (UMAN)": {"medie": 6.846666666666667, "reusita": 93.33333333333333, "cnt": 15}, "LIMBA UCRAINEANA": {"medie": 8.02, "reusita": 93.02325581395348, "cnt": 43}}, "nume": "Maramure\u0219"}