{"specializari": {"MATEMATICA-INFORMATICA": 525, "STIINTE SOCIALE": 261, "FILOLOGIE": 612, "MUZICA": 25, "TEHNICIAN IN ACTIVITATI ECONOMICE": 283, "ARHITECTURA, ARTE AMBIENTALE SI DESIGN": 33, "TEOLOGIE PENTICOSTALA": 25, "STIINTE ALE NATURII": 487, "TEOLOGIE ORTODOXA": 55, "LICEU CU PROGRAM SPORTIV": 156, "INVATATOR - EDUCATOARE": 80, "ARTE PLASTICE SI DECORATIVE": 28, "ORGANIZATOR BANQUETING": 28, "TEHNICIAN MECATRONIST": 53, "TEHNICIAN IN TURISM": 139, "EDUCATOR-PUERICULTOR": 31, "TEHNICIAN IN ADMINISTRATIE": 30, "TEHNICIAN OPERATOR TEHNICA DE CALCUL": 58, "TEHNICIAN IN AUTOMATIZARI": 53, "TEHNICIAN IN ACTIVITATI DE COMERT": 55, "TEHNICIAN ELECTROMECANIC": 29, "TEHNICIAN PROIECTANT CAD": 3, "TEHNICIAN IN INSTALATII ELECTRICE": 26, "TEHNICIAN VETERINAR": 5, "TEHNICIAN AGRONOM": 9, "TEHNICIAN DESIGNER VESTIMENTAR": 41, "TEHNICIAN DE TELECOMUNICATII": 19, "TEHNICIAN MECANIC PENTRU INTRETINERE SI REPARATII": 39, "TEHNICIAN ELECTRONIST": 7, "TEHNICIAN ANALIZE PRODUSE ALIMENTARE": 12, "TEHNICIAN PRELUCRARI PE MASINI CU COMANDA NUMERICA": 14, "TEHNICIAN DESENATOR PENTRU CONSTRUCTII SI INSTALATII": 15, "TEHNICIAN IN GASTRONOMIE": 17, "TEHNICIAN ECOLOG SI PROTECTIA CALITATII MEDIULUI": 33, "TEHNICIAN TRANSPORTURI": 29, "TEHNICIAN IN INDUSTRIA TEXTILA": 5, "TEHNICIAN HORTICULTOR": 6, "TEHNICIAN IN SILVICULTURA SI EXPLOATARI FORESTIERE": 20, "TEHNICIAN ELECTRICIAN/ELECTRONIST AUTO": 8, "TEHNICIAN DESIGNER MOBILA SI AMENAJARI INTERIOARE": 17, "TEHNICIAN ELECTROTEHNIST": 3, "INSTRUCTOR PENTRU ACTIVITATI EXTRASCOLARE": 1, "TEHNICIAN POLIGRAF": 1, "TEHNICIAN CHIMIST DE LABORATOR": 4, "TEHNICIAN IN HOTELARIE": 3, "TEHNICIAN IN AGRICULTURA": 1}, "limba_moderna": {"LIMBA ENGLEZA": 3083, "LIMBA FRANCEZA": 214, "LIMBA GERMANA MODERNA": 24, "LIMBA ITALIANA": 13, "LIMBA RUSA": 42, "LIMBA SPANIOLA": 8}, "limba_materna": {"LIMBA ROMANA": 3287, "LIMBA MAGHIARA": 54, "LIMBA UCRAINEANA": 43}, "promotie_anterioara": {"NU": 2911, "DA": 473}, "materii": {"LIMBA ROMANA": {"medie": 6.611114494518835, "reusita": 85.69739952718676, "cnt": 3384}, "MATEMATICA MATE-INFO": {"medie": 7.604519230769226, "reusita": 91.61904761904762, "cnt": 525}, "INFORMATICA MI C/C++": {"medie": 7.865508021390369, "reusita": 90.95744680851064, "cnt": 188}, "GENERAL": {"medie": 6.8917606613102915, "reusita": 65.24822695035462, "cnt": 3384}, "ISTORIE": {"medie": 7.434867330016601, "reusita": 92.8280358598207, "cnt": 1227}, "LOGICA, ARGUMENTARE SI COMUNICARE": {"medie": 7.88393442622952, "reusita": 91.85667752442997, "cnt": 614}, "CHIMIE ORGANICA TEO NIVEL I/II": {"medie": 9.319642857142862, "reusita": 98.24561403508771, "cnt": 57}, "MATEMATICA ST-NAT": {"medie": 6.37784810126583, "reusita": 73.71663244353182, "cnt": 487}, "FIZICA TEO": {"medie": 8.285714285714283, "reusita": 95.23809523809523, "cnt": 42}, "GEOGRAFIE": {"medie": 7.446007259528132, "reusita": 91.71075837742504, "cnt": 1134}, "PSIHOLOGIE": {"medie": 7.259782608695653, "reusita": 93.47826086956522, "cnt": 46}, "ANATOMIE SI FIZIOLOGIE UMANA, GENETICA SI ECOLOGIE UMANA": {"medie": 6.81313969571232, "reusita": 83.71777476255087, "cnt": 737}, "CHIMIE ANORGANICA TEO NIVEL I/II": {"medie": 7.783333333333332, "reusita": 83.33333333333334, "cnt": 6}, "BIOLOGIE VEGETALA SI ANIMALA": {"medie": 4.892724867724867, "reusita": 46.96261682242991, "cnt": 428}, "SOCIOLOGIE": {"medie": 7.0749999999999975, "reusita": 87.17948717948718, "cnt": 39}, "INFORMATICA SN C/C++": {"medie": 7.615, "reusita": 100.0, "cnt": 10}, "MATEMATICA PED": {"medie": 6.608333333333334, "reusita": 73.75, "cnt": 80}, "FILOSOFIE": {"medie": 7.7875000000000005, "reusita": 100.0, "cnt": 16}, "MATEMATICA TEHN": {"medie": 5.882446264073701, "reusita": 69.38967136150235, "cnt": 1065}, "FIZICA TEH": {"medie": 6.3171428571428585, "reusita": 64.28571428571429, "cnt": 42}, "LIMBA MAGHIARA (REAL)": {"medie": 8.848684210526315, "reusita": 97.43589743589743, "cnt": 39}, "ECONOMIE": {"medie": 6.179166666666666, "reusita": 69.23076923076923, "cnt": 13}, "CHIMIE ANORGANICA TEH NIVEL I/II": {"medie": 3.488888888888889, "reusita": 16.666666666666664, "cnt": 12}, "LIMBA MAGHIARA (UMAN)": {"medie": 6.846666666666667, "reusita": 93.33333333333333, "cnt": 15}, "LIMBA UCRAINEANA": {"medie": 8.040000000000001, "reusita": 93.02325581395348, "cnt": 43}}, "nume": "Maramure\u0219"}