{"specializari": {"FILOLOGIE": 212, "MATEMATICA-INFORMATICA": 356, "INVATATOR - EDUCATOARE": 57, "ARTE PLASTICE SI DECORATIVE": 21, "EDUCATOR-PUERICULTOR": 31, "STIINTE SOCIALE": 192, "STIINTE ALE NATURII": 235, "LICEU CU PROGRAM SPORTIV": 93, "TEHNICIAN IN ACTIVITATI ECONOMICE": 58, "TEHNICIAN IN ACHIZITII SI CONTRACTARI": 21, "TEHNICIAN IN TURISM": 45, "TEHNICIAN ECOLOG SI PROTECTIA CALITATII MEDIULUI": 59, "TEHNICIAN TRANSPORTURI": 38, "TEHNICIAN IN INSTALATII ELECTRICE": 78, "COAFOR STILIST": 16, "TEHNICIAN IN GASTRONOMIE": 36, "MUZICA": 15, "TEHNICIAN IN ADMINISTRATIE": 17, "TEHNICIAN MECANIC PENTRU INTRETINERE SI REPARATII": 115, "TEHNICIAN MECATRONIST": 9, "TEHNICIAN DESIGNER MOBILA SI AMENAJARI INTERIOARE": 18, "TEHNICIAN OPERATOR TEHNICA DE CALCUL": 28, "TEHNICIAN DE TELECOMUNICATII": 9, "TEHNICIAN ELECTRICIAN/ELECTRONIST AUTO": 5, "TEHNICIAN IN ACTIVITATI DE COMERT": 2, "TEHNICIAN IN AGRICULTURA": 2, "TEHNICIAN IN AGROTURISM": 5, "TEHNICIAN IN INDUSTRIA ALIMENTARA": 17, "TEHNICIAN ELECTRONIST": 17, "TEHNICIAN PRELUCRARI LA CALD": 1, "TEHNICIAN IN CHIMIE INDUSTRIALA": 1, "TEHNICIAN VETERINAR": 3, "TEHNICIAN AGROMONTAN": 1, "TEHNICIAN PRELUCRARI MECANICE": 2, "TEHNICIAN IN CONSTRUCTII SI LUCRARI PUBLICE": 1, "TEHNICIAN DESENATOR PENTRU CONSTRUCTII SI INSTALATII": 1, "TEHNICIAN IN AUTOMATIZARI": 1, "TEHNICIAN IN HOTELARIE": 1}, "limba_moderna": {"LIMBA ENGLEZA": 1688, "LIMBA FRANCEZA": 123, "LIMBA GERMANA MODERNA": 7, "LIMBA RUSA": 1}, "limba_materna": {"LIMBA ROMANA": 1819}, "promotie_anterioara": {"NU": 1476, "DA": 343}, "materii": {"LIMBA ROMANA": {"medie": 6.257424867413083, "reusita": 74.10665200659703, "cnt": 1819}, "MATEMATICA MATE-INFO": {"medie": 6.5919075144508685, "reusita": 79.21348314606742, "cnt": 356}, "INFORMATICA MI C/C++": {"medie": 8.617948717948718, "reusita": 100.0, "cnt": 39}, "GENERAL": {"medie": 6.436740106079156, "reusita": 54.590434304562955, "cnt": 1819}, "ISTORIE": {"medie": 7.190825688073395, "reusita": 90.0709219858156, "cnt": 564}, "LOGICA, ARGUMENTARE SI COMUNICARE": {"medie": 8.081597222222229, "reusita": 92.54237288135593, "cnt": 295}, "CHIMIE ORGANICA TEO NIVEL I/II": {"medie": 9.106666666666667, "reusita": 100.0, "cnt": 30}, "MATEMATICA ST-NAT": {"medie": 5.487559808612439, "reusita": 59.57446808510638, "cnt": 235}, "FIZICA TEO": {"medie": 8.34830508474576, "reusita": 98.30508474576271, "cnt": 59}, "GEOGRAFIE": {"medie": 7.470210526315792, "reusita": 90.68825910931174, "cnt": 494}, "PSIHOLOGIE": {"medie": 7.916666666666667, "reusita": 100.0, "cnt": 12}, "ANATOMIE SI FIZIOLOGIE UMANA, GENETICA SI ECOLOGIE UMANA": {"medie": 6.504020100502513, "reusita": 73.21016166281755, "cnt": 433}, "CHIMIE ANORGANICA TEO NIVEL I/II": {"medie": 6.325, "reusita": 100.0, "cnt": 2}, "BIOLOGIE VEGETALA SI ANIMALA": {"medie": 4.565064102564099, "reusita": 34.5959595959596, "cnt": 396}, "SOCIOLOGIE": {"medie": 7.478125, "reusita": 93.75, "cnt": 16}, "MATEMATICA PED": {"medie": 8.023684210526318, "reusita": 96.49122807017544, "cnt": 57}, "MATEMATICA TEHN": {"medie": 4.420118343195264, "reusita": 46.787479406919275, "cnt": 607}, "FIZICA TEH": {"medie": 5.231818181818182, "reusita": 50.0, "cnt": 30}, "CHIMIE ANORGANICA TEH NIVEL I/II": {"medie": 7.249999999999999, "reusita": 83.33333333333334, "cnt": 12}, "CHIMIE ORGANICA TEH NIVEL I/II": {"medie": 1.7, "reusita": 0.0, "cnt": 1}}, "nume": "Mehedin\u021bi"}