{"specializari": {"MATEMATICA-INFORMATICA": 356, "FILOLOGIE": 212, "INVATATOR - EDUCATOARE": 57, "ARTE PLASTICE SI DECORATIVE": 21, "EDUCATOR-PUERICULTOR": 31, "STIINTE SOCIALE": 192, "STIINTE ALE NATURII": 235, "LICEU CU PROGRAM SPORTIV": 93, "TEHNICIAN IN ACTIVITATI ECONOMICE": 58, "TEHNICIAN IN ACHIZITII SI CONTRACTARI": 21, "TEHNICIAN ECOLOG SI PROTECTIA CALITATII MEDIULUI": 59, "TEHNICIAN IN TURISM": 45, "TEHNICIAN TRANSPORTURI": 38, "TEHNICIAN IN INSTALATII ELECTRICE": 78, "COAFOR STILIST": 16, "TEHNICIAN IN GASTRONOMIE": 36, "MUZICA": 15, "TEHNICIAN IN ADMINISTRATIE": 17, "TEHNICIAN MECANIC PENTRU INTRETINERE SI REPARATII": 115, "TEHNICIAN MECATRONIST": 9, "TEHNICIAN DESIGNER MOBILA SI AMENAJARI INTERIOARE": 18, "TEHNICIAN OPERATOR TEHNICA DE CALCUL": 28, "TEHNICIAN DE TELECOMUNICATII": 9, "TEHNICIAN ELECTRICIAN/ELECTRONIST AUTO": 5, "TEHNICIAN IN ACTIVITATI DE COMERT": 2, "TEHNICIAN IN AGRICULTURA": 2, "TEHNICIAN IN AGROTURISM": 5, "TEHNICIAN IN INDUSTRIA ALIMENTARA": 17, "TEHNICIAN ELECTRONIST": 17, "TEHNICIAN PRELUCRARI LA CALD": 1, "TEHNICIAN IN CHIMIE INDUSTRIALA": 1, "TEHNICIAN VETERINAR": 3, "TEHNICIAN AGROMONTAN": 1, "TEHNICIAN PRELUCRARI MECANICE": 2, "TEHNICIAN IN CONSTRUCTII SI LUCRARI PUBLICE": 1, "TEHNICIAN DESENATOR PENTRU CONSTRUCTII SI INSTALATII": 1, "TEHNICIAN IN AUTOMATIZARI": 1, "TEHNICIAN IN HOTELARIE": 1}, "limba_moderna": {"LIMBA ENGLEZA": 1688, "LIMBA FRANCEZA": 123, "LIMBA GERMANA MODERNA": 7, "LIMBA RUSA": 1}, "limba_materna": {"LIMBA ROMANA": 1819}, "promotie_anterioara": {"NU": 1476, "DA": 343}, "materii": {"LIMBA ROMANA": {"medie": 6.285474366529169, "reusita": 74.71137987905443, "cnt": 1819}, "MATEMATICA MATE-INFO": {"medie": 6.650433526011563, "reusita": 80.0561797752809, "cnt": 356}, "INFORMATICA MI C/C++": {"medie": 8.615384615384613, "reusita": 100.0, "cnt": 39}, "GENERAL": {"medie": 6.45756833945328, "reusita": 55.79989004947774, "cnt": 1819}, "ISTORIE": {"medie": 7.2377064220183485, "reusita": 91.31205673758865, "cnt": 564}, "LOGICA, ARGUMENTARE SI COMUNICARE": {"medie": 8.066319444444447, "reusita": 91.18644067796609, "cnt": 295}, "GEOGRAFIE": {"medie": 7.472105263157896, "reusita": 90.68825910931174, "cnt": 494}, "FIZICA TEO": {"medie": 8.369491525423728, "reusita": 98.30508474576271, "cnt": 59}, "CHIMIE ORGANICA TEO NIVEL I/II": {"medie": 9.118333333333336, "reusita": 100.0, "cnt": 30}, "MATEMATICA ST-NAT": {"medie": 5.535885167464112, "reusita": 61.27659574468085, "cnt": 235}, "PSIHOLOGIE": {"medie": 7.883333333333333, "reusita": 100.0, "cnt": 12}, "SOCIOLOGIE": {"medie": 7.403125, "reusita": 93.75, "cnt": 16}, "ANATOMIE SI FIZIOLOGIE UMANA, GENETICA SI ECOLOGIE UMANA": {"medie": 6.509170854271358, "reusita": 73.44110854503464, "cnt": 433}, "CHIMIE ANORGANICA TEO NIVEL I/II": {"medie": 6.300000000000001, "reusita": 100.0, "cnt": 2}, "BIOLOGIE VEGETALA SI ANIMALA": {"medie": 4.564903846153843, "reusita": 34.84848484848485, "cnt": 396}, "MATEMATICA PED": {"medie": 8.057894736842108, "reusita": 96.49122807017544, "cnt": 57}, "MATEMATICA TEHN": {"medie": 4.417357001972386, "reusita": 47.1169686985173, "cnt": 607}, "FIZICA TEH": {"medie": 5.238636363636364, "reusita": 50.0, "cnt": 30}, "CHIMIE ORGANICA TEH NIVEL I/II": {"medie": 1.7, "reusita": 0.0, "cnt": 1}, "CHIMIE ANORGANICA TEH NIVEL I/II": {"medie": 7.2124999999999995, "reusita": 83.33333333333334, "cnt": 12}}, "nume": "Mehedin\u021bi"}