{"specializari": {"STIINTE ALE NATURII": 639, "STIINTE SOCIALE": 417, "MATEMATICA-INFORMATICA": 339, "FILOLOGIE": 379, "TEHNICIAN IN ACTIVITATI ECONOMICE": 160, "INVATATOR - EDUCATOARE": 90, "ARHITECTURA, ARTE AMBIENTALE SI DESIGN": 17, "ARTA ACTORULUI": 28, "TEHNICIAN IN ACTIVITATI DE COMERT": 82, "TEHNICIAN ECOLOG SI PROTECTIA CALITATII MEDIULUI": 41, "TEOLOGIE REFORMATA": 32, "TEHNICIAN IN ADMINISTRATIE": 96, "ARTE PLASTICE SI DECORATIVE": 51, "TEHNICIAN IN AUTOMATIZARI": 56, "MUZICA": 39, "LICEU CU PROGRAM SPORTIV": 150, "TEHNICIAN IN INSTALATII ELECTRICE": 60, "TEHNICIAN IN TURISM": 102, "INSTRUCTOR PENTRU ACTIVITATI EXTRASCOLARE": 27, "TEHNICIAN IN HOTELARIE": 87, "TEHNICIAN IN GASTRONOMIE": 49, "TEOLOGIE ROMANO-CATOLICA": 27, "TEHNICIAN TRANSPORTURI": 45, "TEHNICIAN DESIGNER VESTIMENTAR": 1, "ORGANIZATOR BANQUETING": 61, "TEHNICIAN IN PRELUCRAREA LEMNULUI": 22, "TEHNICIAN OPERATOR TEHNICA DE CALCUL": 39, "TEHNICIAN IN INDUSTRIA ALIMENTARA": 32, "TEHNICIAN IN AGROTURISM": 7, "TEHNICIAN DESIGNER MOBILA SI AMENAJARI INTERIOARE": 14, "TEHNICIAN VETERINAR": 8, "TEHNICIAN IN SILVICULTURA SI EXPLOATARI FORESTIERE": 19, "TEHNICIAN MECATRONIST": 29, "TEHNICIAN ELECTRICIAN/ELECTRONIST AUTO": 40, "TEHNICIAN DESENATOR PENTRU CONSTRUCTII SI INSTALATII": 6, "TEHNICIAN MECANIC PENTRU INTRETINERE SI REPARATII": 13, "TEHNICIAN ANALIZE PRODUSE ALIMENTARE": 20, "TEHNICIAN PROIECTANT CAD": 12, "EDUCATOR-PUERICULTOR": 3, "TEHNICIAN IN INDUSTRIA TEXTILA": 7, "COAFOR STILIST": 8, "TEHNICIAN ELECTROMECANIC": 16, "TEHNICIAN IN AGRICULTURA": 2, "TEHNICIAN DE TELECOMUNICATII": 1, "TEHNICIAN PROIECTANT PRODUSE FINITE DIN LEMN": 2, "TEHNICIAN HIDRO-METEOROLOG": 1, "TEHNICIAN CHIMIST DE LABORATOR": 1, "TEHNICIAN OPERATOR PROCESARE TEXT IMAGINE": 1, "TEHNICIAN ELECTROTEHNIST": 1}, "limba_moderna": {"LIMBA ENGLEZA": 3243, "LIMBA FRANCEZA": 49, "LIMBA GERMANA MODERNA": 85, "LIMBA ITALIANA": 2}, "limba_materna": {"LIMBA ROMANA": 2256, "LIMBA MAGHIARA": 1068, "LIMBA GERMANA": 55}, "promotie_anterioara": {"NU": 2939, "DA": 440}, "materii": {"LIMBA ROMANA": {"medie": 6.201641071966249, "reusita": 79.9940810890796, "cnt": 3379}, "MATEMATICA MATE-INFO": {"medie": 7.952485207100592, "reusita": 96.16519174041298, "cnt": 339}, "INFORMATICA MI C/C++": {"medie": 8.149557522123894, "reusita": 97.34513274336283, "cnt": 113}, "GENERAL": {"medie": 6.902557269395235, "reusita": 64.45693992305415, "cnt": 3379}, "ISTORIE": {"medie": 6.999397590361457, "reusita": 92.22222222222223, "cnt": 1170}, "LOGICA, ARGUMENTARE SI COMUNICARE": {"medie": 8.371014492753616, "reusita": 94.94584837545126, "cnt": 277}, "CHIMIE ORGANICA TEO NIVEL I/II": {"medie": 8.664444444444447, "reusita": 100.0, "cnt": 45}, "MATEMATICA ST-NAT": {"medie": 7.638357256778311, "reusita": 87.16744913928012, "cnt": 639}, "FIZICA TEO": {"medie": 8.424375000000003, "reusita": 98.75, "cnt": 80}, "GEOGRAFIE": {"medie": 7.479845222072668, "reusita": 94.01197604790418, "cnt": 1503}, "PSIHOLOGIE": {"medie": 7.7641891891891905, "reusita": 100.0, "cnt": 74}, "ANATOMIE SI FIZIOLOGIE UMANA, GENETICA SI ECOLOGIE UMANA": {"medie": 7.562863070539419, "reusita": 89.78494623655914, "cnt": 744}, "CHIMIE ANORGANICA TEO NIVEL I/II": {"medie": 8.450000000000001, "reusita": 100.0, "cnt": 3}, "BIOLOGIE VEGETALA SI ANIMALA": {"medie": 4.780640243902443, "reusita": 44.81792717086835, "cnt": 357}, "SOCIOLOGIE": {"medie": 7.462820512820513, "reusita": 97.43589743589743, "cnt": 39}, "INFORMATICA SN C/C++": {"medie": 8.159615384615384, "reusita": 96.15384615384616, "cnt": 26}, "MATEMATICA PED": {"medie": 8.307222222222224, "reusita": 98.88888888888889, "cnt": 90}, "FILOSOFIE": {"medie": 7.033333333333334, "reusita": 88.88888888888889, "cnt": 9}, "LIMBA GERMANA": {"medie": 6.806363636363637, "reusita": 92.72727272727272, "cnt": 55}, "MATEMATICA TEHN": {"medie": 5.755714285714297, "reusita": 71.07800175284838, "cnt": 1141}, "FIZICA TEH": {"medie": 6.26230769230769, "reusita": 73.52941176470588, "cnt": 68}, "LIMBA MAGHIARA (REAL)": {"medie": 7.477770448548818, "reusita": 97.63779527559055, "cnt": 762}, "ECONOMIE": {"medie": 5.7, "reusita": 100.0, "cnt": 3}, "CHIMIE ANORGANICA TEH NIVEL I/II": {"medie": 5.736363636363636, "reusita": 90.9090909090909, "cnt": 11}, "LIMBA MAGHIARA (UMAN)": {"medie": 7.837788778877889, "reusita": 97.38562091503267, "cnt": 306}, "CHIMIE ORGANICA TEH NIVEL I/II": {"medie": 6.9375, "reusita": 80.0, "cnt": 5}, "INFORMATICA MI PASCAL": {"medie": 8.55909090909091, "reusita": 100.0, "cnt": 22}}, "nume": "Mure\u0219"}