{"specializari": {"STIINTE ALE NATURII": 639, "MATEMATICA-INFORMATICA": 339, "ARHITECTURA, ARTE AMBIENTALE SI DESIGN": 17, "STIINTE SOCIALE": 417, "TEHNICIAN ECOLOG SI PROTECTIA CALITATII MEDIULUI": 41, "FILOLOGIE": 379, "TEHNICIAN IN ACTIVITATI DE COMERT": 82, "TEHNICIAN IN ACTIVITATI ECONOMICE": 160, "INVATATOR - EDUCATOARE": 90, "ARTA ACTORULUI": 28, "TEOLOGIE REFORMATA": 32, "ARTE PLASTICE SI DECORATIVE": 51, "TEHNICIAN IN ADMINISTRATIE": 96, "MUZICA": 39, "TEHNICIAN IN AUTOMATIZARI": 56, "LICEU CU PROGRAM SPORTIV": 150, "TEHNICIAN IN INSTALATII ELECTRICE": 60, "TEHNICIAN IN TURISM": 102, "INSTRUCTOR PENTRU ACTIVITATI EXTRASCOLARE": 27, "TEHNICIAN IN HOTELARIE": 87, "TEHNICIAN IN GASTRONOMIE": 49, "TEOLOGIE ROMANO-CATOLICA": 27, "TEHNICIAN TRANSPORTURI": 45, "TEHNICIAN DESIGNER VESTIMENTAR": 1, "ORGANIZATOR BANQUETING": 61, "TEHNICIAN IN PRELUCRAREA LEMNULUI": 22, "TEHNICIAN OPERATOR TEHNICA DE CALCUL": 39, "TEHNICIAN IN INDUSTRIA ALIMENTARA": 32, "TEHNICIAN IN AGROTURISM": 7, "TEHNICIAN DESIGNER MOBILA SI AMENAJARI INTERIOARE": 14, "TEHNICIAN VETERINAR": 8, "TEHNICIAN IN SILVICULTURA SI EXPLOATARI FORESTIERE": 19, "TEHNICIAN MECATRONIST": 29, "TEHNICIAN ELECTRICIAN/ELECTRONIST AUTO": 40, "TEHNICIAN DESENATOR PENTRU CONSTRUCTII SI INSTALATII": 6, "TEHNICIAN MECANIC PENTRU INTRETINERE SI REPARATII": 13, "TEHNICIAN ANALIZE PRODUSE ALIMENTARE": 20, "TEHNICIAN PROIECTANT CAD": 12, "EDUCATOR-PUERICULTOR": 3, "TEHNICIAN IN INDUSTRIA TEXTILA": 7, "COAFOR STILIST": 8, "TEHNICIAN ELECTROMECANIC": 16, "TEHNICIAN IN AGRICULTURA": 2, "TEHNICIAN DE TELECOMUNICATII": 1, "TEHNICIAN PROIECTANT PRODUSE FINITE DIN LEMN": 2, "TEHNICIAN CHIMIST DE LABORATOR": 1, "TEHNICIAN OPERATOR PROCESARE TEXT IMAGINE": 1, "TEHNICIAN HIDRO-METEOROLOG": 1, "TEHNICIAN ELECTROTEHNIST": 1}, "limba_moderna": {"LIMBA ENGLEZA": 3243, "LIMBA GERMANA MODERNA": 85, "LIMBA FRANCEZA": 49, "LIMBA ITALIANA": 2}, "limba_materna": {"LIMBA ROMANA": 2256, "LIMBA MAGHIARA": 1068, "LIMBA GERMANA": 55}, "promotie_anterioara": {"NU": 2939, "DA": 440}, "materii": {"LIMBA ROMANA": {"medie": 6.215371875940943, "reusita": 80.8227286179343, "cnt": 3379}, "MATEMATICA MATE-INFO": {"medie": 7.976301775147927, "reusita": 96.7551622418879, "cnt": 339}, "INFORMATICA MI C/C++": {"medie": 8.166814159292036, "reusita": 97.34513274336283, "cnt": 113}, "GENERAL": {"medie": 6.916441916106704, "reusita": 66.26220775377331, "cnt": 3379}, "ISTORIE": {"medie": 7.008347676419971, "reusita": 92.64957264957265, "cnt": 1170}, "LOGICA, ARGUMENTARE SI COMUNICARE": {"medie": 8.354710144927532, "reusita": 94.94584837545126, "cnt": 277}, "GEOGRAFIE": {"medie": 7.510464333781959, "reusita": 94.6773120425815, "cnt": 1503}, "FIZICA TEO": {"medie": 8.443125000000002, "reusita": 98.75, "cnt": 80}, "CHIMIE ORGANICA TEO NIVEL I/II": {"medie": 8.681111111111111, "reusita": 100.0, "cnt": 45}, "MATEMATICA ST-NAT": {"medie": 7.656220095693784, "reusita": 88.26291079812206, "cnt": 639}, "PSIHOLOGIE": {"medie": 7.740540540540541, "reusita": 100.0, "cnt": 74}, "SOCIOLOGIE": {"medie": 7.457692307692308, "reusita": 97.43589743589743, "cnt": 39}, "ANATOMIE SI FIZIOLOGIE UMANA, GENETICA SI ECOLOGIE UMANA": {"medie": 7.551590594744121, "reusita": 90.32258064516128, "cnt": 744}, "CHIMIE ANORGANICA TEO NIVEL I/II": {"medie": 8.450000000000001, "reusita": 100.0, "cnt": 3}, "BIOLOGIE VEGETALA SI ANIMALA": {"medie": 4.728506097560974, "reusita": 44.25770308123249, "cnt": 357}, "MATEMATICA PED": {"medie": 8.30277777777778, "reusita": 98.88888888888889, "cnt": 90}, "INFORMATICA SN C/C++": {"medie": 8.159615384615384, "reusita": 96.15384615384616, "cnt": 26}, "FILOSOFIE": {"medie": 7.033333333333334, "reusita": 88.88888888888889, "cnt": 9}, "LIMBA GERMANA": {"medie": 6.887272727272727, "reusita": 94.54545454545455, "cnt": 55}, "ECONOMIE": {"medie": 5.7, "reusita": 100.0, "cnt": 3}, "MATEMATICA TEHN": {"medie": 5.766912442396328, "reusita": 71.86678352322524, "cnt": 1141}, "FIZICA TEH": {"medie": 6.260769230769228, "reusita": 76.47058823529412, "cnt": 68}, "LIMBA MAGHIARA (REAL)": {"medie": 7.511741424802118, "reusita": 98.03149606299213, "cnt": 762}, "CHIMIE ORGANICA TEH NIVEL I/II": {"medie": 6.9375, "reusita": 80.0, "cnt": 5}, "CHIMIE ANORGANICA TEH NIVEL I/II": {"medie": 5.736363636363636, "reusita": 90.9090909090909, "cnt": 11}, "LIMBA MAGHIARA (UMAN)": {"medie": 7.884323432343235, "reusita": 97.7124183006536, "cnt": 306}, "INFORMATICA MI PASCAL": {"medie": 8.595454545454546, "reusita": 100.0, "cnt": 22}}, "nume": "Mure\u0219"}