{"specializari": {"STIINTE ALE NATURII": 366, "MATEMATICA-INFORMATICA": 572, "FILOLOGIE": 329, "STIINTE SOCIALE": 313, "INVATATOR - EDUCATOARE": 106, "TEHNICIAN IN TURISM": 150, "MUZICA": 34, "LICEU CU PROGRAM SPORTIV": 185, "TEHNICIAN OPERATOR TEHNICA DE CALCUL": 151, "TEHNICIAN IN ACTIVITATI ECONOMICE": 218, "TEHNICIAN IN INSTALATII ELECTRICE": 34, "ARTE PLASTICE SI DECORATIVE": 33, "TEOLOGIE ROMANO-CATOLICA": 8, "PATRIMONIU CULTURAL": 15, "TEHNICIAN IN GASTRONOMIE": 40, "TEHNICIAN DESENATOR PENTRU CONSTRUCTII SI INSTALATII": 24, "TEOLOGIE ORTODOXA": 64, "TEHNICIAN IN ACHIZITII SI CONTRACTARI": 32, "TEHNICIAN IN ADMINISTRATIE": 28, "TEHNICIAN ECOLOG SI PROTECTIA CALITATII MEDIULUI": 142, "GHID TURISM RELIGIOS": 33, "TEHNICIAN IN INDUSTRIA ALIMENTARA": 8, "TEHNICIAN MECANIC PENTRU INTRETINERE SI REPARATII": 34, "TEHNICIAN PRELUCRARI MECANICE": 28, "TEHNICIAN ANALIZE PRODUSE ALIMENTARE": 28, "TEHNICIAN ELECTRICIAN/ELECTRONIST AUTO": 17, "TEHNICIAN IN SILVICULTURA SI EXPLOATARI FORESTIERE": 59, "TEHNICIAN TRANSPORTURI": 33, "ORGANIZATOR BANQUETING": 10, "TEHNICIAN IN ACTIVITATI DE COMERT": 2, "TEHNICIAN DESIGNER VESTIMENTAR": 16, "COAFOR STILIST": 1, "TEHNICIAN MECATRONIST": 8, "TEHNICIAN IN INDUSTRIA TEXTILA": 5, "TEHNICIAN IN AGROTURISM": 4, "TEHNICIAN ELECTROTEHNIST": 2, "TEHNICIAN IN PRELUCRAREA LEMNULUI": 11, "TEHNICIAN IN AUTOMATIZARI": 3, "TEHNICIAN DE TELECOMUNICATII": 4, "TEHNICIAN IN INDUSTRIA MATERIALELOR DE CONSTRUCTII": 1, "TEHNICIAN IN AGRICULTURA": 13, "TEHNICIAN AGRONOM": 3, "TEHNICIAN IN HOTELARIE": 2, "TEHNICIAN VETERINAR": 7, "TEHNICIAN IN CONSTRUCTII SI LUCRARI PUBLICE": 1}, "limba_moderna": {"LIMBA ENGLEZA": 2989, "LIMBA FRANCEZA": 186, "LIMBA GERMANA MODERNA": 2}, "limba_materna": {"LIMBA ROMANA": 3177}, "promotie_anterioara": {"NU": 2909, "DA": 268}, "materii": {"LIMBA ROMANA": {"medie": 7.013758389261744, "reusita": 92.38275102297764, "cnt": 3177}, "MATEMATICA MATE-INFO": {"medie": 8.297373029772327, "reusita": 97.37762237762237, "cnt": 572}, "INFORMATICA MI C/C++": {"medie": 8.60322580645161, "reusita": 98.61751152073732, "cnt": 217}, "GENERAL": {"medie": 7.3321127673363256, "reusita": 75.82625118035882, "cnt": 3177}, "ISTORIE": {"medie": 7.618013972055902, "reusita": 92.40631163708086, "cnt": 1014}, "LOGICA, ARGUMENTARE SI COMUNICARE": {"medie": 8.320662768031198, "reusita": 93.03675048355899, "cnt": 517}, "GEOGRAFIE": {"medie": 7.644686503719444, "reusita": 95.50209205020921, "cnt": 956}, "FIZICA TEO": {"medie": 8.319444444444443, "reusita": 96.82539682539682, "cnt": 126}, "CHIMIE ORGANICA TEO NIVEL I/II": {"medie": 9.260144927536235, "reusita": 100.0, "cnt": 69}, "MATEMATICA ST-NAT": {"medie": 7.944380403458217, "reusita": 90.7103825136612, "cnt": 366}, "PSIHOLOGIE": {"medie": 7.953333333333333, "reusita": 100.0, "cnt": 45}, "SOCIOLOGIE": {"medie": 7.83636363636364, "reusita": 96.15384615384616, "cnt": 78}, "ANATOMIE SI FIZIOLOGIE UMANA, GENETICA SI ECOLOGIE UMANA": {"medie": 7.118475274725283, "reusita": 82.71767810026385, "cnt": 758}, "CHIMIE ANORGANICA TEO NIVEL I/II": {"medie": 8.2, "reusita": 100.0, "cnt": 2}, "BIOLOGIE VEGETALA SI ANIMALA": {"medie": 5.653985507246374, "reusita": 61.07382550335571, "cnt": 298}, "MATEMATICA PED": {"medie": 8.078301886792449, "reusita": 96.22641509433963, "cnt": 106}, "INFORMATICA SN C/C++": {"medie": 8.464285714285715, "reusita": 100.0, "cnt": 7}, "FILOSOFIE": {"medie": 8.616666666666667, "reusita": 100.0, "cnt": 3}, "ECONOMIE": {"medie": 7.925, "reusita": 100.0, "cnt": 4}, "MATEMATICA TEHN": {"medie": 6.31347222222222, "reusita": 78.55227882037534, "cnt": 1119}, "FIZICA TEH": {"medie": 7.213076923076925, "reusita": 85.29411764705883, "cnt": 68}, "CHIMIE ORGANICA TEH NIVEL I/II": {"medie": 8.149999999999999, "reusita": 80.0, "cnt": 5}, "CHIMIE ANORGANICA TEH NIVEL I/II": {"medie": 6.280434782608695, "reusita": 79.16666666666666, "cnt": 24}}, "nume": "Neam\u021b"}