{"specializari": {"STIINTE ALE NATURII": 366, "MATEMATICA-INFORMATICA": 572, "FILOLOGIE": 329, "STIINTE SOCIALE": 313, "INVATATOR - EDUCATOARE": 106, "TEHNICIAN IN TURISM": 150, "MUZICA": 34, "LICEU CU PROGRAM SPORTIV": 185, "TEHNICIAN OPERATOR TEHNICA DE CALCUL": 151, "TEHNICIAN IN ACTIVITATI ECONOMICE": 218, "ARTE PLASTICE SI DECORATIVE": 33, "TEHNICIAN IN INSTALATII ELECTRICE": 34, "TEOLOGIE ROMANO-CATOLICA": 8, "PATRIMONIU CULTURAL": 15, "TEHNICIAN IN GASTRONOMIE": 40, "TEOLOGIE ORTODOXA": 64, "TEHNICIAN IN ACHIZITII SI CONTRACTARI": 32, "TEHNICIAN IN ADMINISTRATIE": 28, "TEHNICIAN DESENATOR PENTRU CONSTRUCTII SI INSTALATII": 24, "TEHNICIAN ECOLOG SI PROTECTIA CALITATII MEDIULUI": 142, "TEHNICIAN IN INDUSTRIA ALIMENTARA": 8, "TEHNICIAN MECANIC PENTRU INTRETINERE SI REPARATII": 34, "GHID TURISM RELIGIOS": 33, "TEHNICIAN PRELUCRARI MECANICE": 28, "TEHNICIAN ANALIZE PRODUSE ALIMENTARE": 28, "TEHNICIAN ELECTRICIAN/ELECTRONIST AUTO": 17, "TEHNICIAN IN SILVICULTURA SI EXPLOATARI FORESTIERE": 59, "TEHNICIAN TRANSPORTURI": 33, "ORGANIZATOR BANQUETING": 10, "TEHNICIAN IN ACTIVITATI DE COMERT": 2, "TEHNICIAN DESIGNER VESTIMENTAR": 16, "COAFOR STILIST": 1, "TEHNICIAN MECATRONIST": 8, "TEHNICIAN IN INDUSTRIA TEXTILA": 5, "TEHNICIAN IN AGROTURISM": 4, "TEHNICIAN ELECTROTEHNIST": 2, "TEHNICIAN IN PRELUCRAREA LEMNULUI": 11, "TEHNICIAN IN AUTOMATIZARI": 3, "TEHNICIAN IN INDUSTRIA MATERIALELOR DE CONSTRUCTII": 1, "TEHNICIAN DE TELECOMUNICATII": 4, "TEHNICIAN AGRONOM": 3, "TEHNICIAN IN HOTELARIE": 2, "TEHNICIAN IN AGRICULTURA": 13, "TEHNICIAN VETERINAR": 7, "TEHNICIAN IN CONSTRUCTII SI LUCRARI PUBLICE": 1}, "limba_moderna": {"LIMBA ENGLEZA": 2989, "LIMBA FRANCEZA": 186, "LIMBA GERMANA MODERNA": 2}, "limba_materna": {"LIMBA ROMANA": 3177}, "promotie_anterioara": {"NU": 2909, "DA": 268}, "materii": {"LIMBA ROMANA": {"medie": 6.943576222435271, "reusita": 91.06074913440352, "cnt": 3177}, "MATEMATICA MATE-INFO": {"medie": 8.255078809106827, "reusita": 97.2027972027972, "cnt": 572}, "INFORMATICA MI C/C++": {"medie": 8.576267281105991, "reusita": 98.15668202764977, "cnt": 217}, "GENERAL": {"medie": 7.296419313026565, "reusita": 73.90620081838212, "cnt": 3177}, "ISTORIE": {"medie": 7.615718562874257, "reusita": 92.1104536489152, "cnt": 1014}, "LOGICA, ARGUMENTARE SI COMUNICARE": {"medie": 8.31315789473685, "reusita": 93.23017408123792, "cnt": 517}, "CHIMIE ORGANICA TEO NIVEL I/II": {"medie": 9.243478260869566, "reusita": 100.0, "cnt": 69}, "MATEMATICA ST-NAT": {"medie": 7.96556195965418, "reusita": 90.98360655737704, "cnt": 366}, "FIZICA TEO": {"medie": 8.317460317460316, "reusita": 96.03174603174604, "cnt": 126}, "GEOGRAFIE": {"medie": 7.642454835281613, "reusita": 95.81589958158996, "cnt": 956}, "PSIHOLOGIE": {"medie": 7.9322222222222205, "reusita": 100.0, "cnt": 45}, "ANATOMIE SI FIZIOLOGIE UMANA, GENETICA SI ECOLOGIE UMANA": {"medie": 7.030975274725278, "reusita": 80.60686015831135, "cnt": 758}, "CHIMIE ANORGANICA TEO NIVEL I/II": {"medie": 8.2, "reusita": 100.0, "cnt": 2}, "BIOLOGIE VEGETALA SI ANIMALA": {"medie": 5.641666666666663, "reusita": 59.73154362416108, "cnt": 298}, "SOCIOLOGIE": {"medie": 7.8188311688311725, "reusita": 96.15384615384616, "cnt": 78}, "INFORMATICA SN C/C++": {"medie": 8.464285714285715, "reusita": 100.0, "cnt": 7}, "MATEMATICA PED": {"medie": 8.08584905660377, "reusita": 96.22641509433963, "cnt": 106}, "FILOSOFIE": {"medie": 8.616666666666667, "reusita": 100.0, "cnt": 3}, "MATEMATICA TEHN": {"medie": 6.305925925925922, "reusita": 78.28418230563003, "cnt": 1119}, "FIZICA TEH": {"medie": 7.175384615384616, "reusita": 79.41176470588235, "cnt": 68}, "ECONOMIE": {"medie": 7.925, "reusita": 100.0, "cnt": 4}, "CHIMIE ANORGANICA TEH NIVEL I/II": {"medie": 6.280434782608695, "reusita": 79.16666666666666, "cnt": 24}, "CHIMIE ORGANICA TEH NIVEL I/II": {"medie": 8.149999999999999, "reusita": 80.0, "cnt": 5}}, "nume": "Neam\u021b"}