{"specializari": {"MATEMATICA-INFORMATICA": 448, "STIINTE ALE NATURII": 247, "FILOLOGIE": 641, "TEHNICIAN IN ACTIVITATI ECONOMICE": 151, "INVATATOR - EDUCATOARE": 52, "STIINTE SOCIALE": 198, "TEHNICIAN IN AGRICULTURA": 56, "LICEU CU PROGRAM SPORTIV": 98, "TEHNICIAN IN INDUSTRIA ALIMENTARA": 50, "TEHNICIAN IN GASTRONOMIE": 49, "COAFOR STILIST": 36, "TEHNICIAN IN HOTELARIE": 27, "ARTE PLASTICE SI DECORATIVE": 28, "TEHNICIAN IN ADMINISTRATIE": 25, "TEHNICIAN MECATRONIST": 21, "TEHNICIAN IN ACHIZITII SI CONTRACTARI": 25, "TEHNICIAN ELECTRICIAN/ELECTRONIST AUTO": 23, "TEHNICIAN IN INDUSTRIA TEXTILA": 8, "TEHNICIAN IN ACTIVITATI DE COMERT": 53, "TEHNICIAN IN INSTALATII ELECTRICE": 23, "TEHNICIAN ECOLOG SI PROTECTIA CALITATII MEDIULUI": 25, "TEHNICIAN ELECTROTEHNIST": 5, "TEHNICIAN IN CONSTRUCTII SI LUCRARI PUBLICE": 2, "TEHNICIAN IN AUTOMATIZARI": 39, "TEHNICIAN OPERATOR TEHNICA DE CALCUL": 5, "TEHNICIAN VETERINAR": 7, "TEHNICIAN MECANIC PENTRU INTRETINERE SI REPARATII": 55, "TEHNICIAN IN AGRICULTURA ECOLOGICA": 3, "TEHNICIAN AGRONOM": 2, "TEHNICIAN DESIGNER VESTIMENTAR": 2, "TEHNICIAN TRANSPORTURI": 12, "TEHNICIAN PROIECTANT CAD": 2, "TEHNICIAN VETERINAR PENTRU ANIMALE DE COMPANIE": 1, "TEHNICIAN ANALIZE PRODUSE ALIMENTARE": 3, "ORGANIZATOR BANQUETING": 1, "TEHNICIAN IN AGROTURISM": 1, "TEHNICIAN PRELUCRARI LA CALD": 1}, "limba_moderna": {"LIMBA ENGLEZA": 2316, "LIMBA FRANCEZA": 106, "LIMBA GERMANA MODERNA": 3}, "limba_materna": {"LIMBA ROMANA": 2425}, "promotie_anterioara": {"NU": 2088, "DA": 337}, "materii": {"LIMBA ROMANA": {"medie": 6.838393626184336, "reusita": 83.62886597938144, "cnt": 2425}, "MATEMATICA MATE-INFO": {"medie": 7.447727272727269, "reusita": 87.27678571428571, "cnt": 448}, "INFORMATICA MI C/C++": {"medie": 7.505128205128203, "reusita": 89.87341772151899, "cnt": 79}, "GENERAL": {"medie": 6.884673736927389, "reusita": 62.76288659793814, "cnt": 2425}, "ISTORIE": {"medie": 6.880858960763535, "reusita": 87.25388601036269, "cnt": 965}, "LOGICA, ARGUMENTARE SI COMUNICARE": {"medie": 7.991648106904232, "reusita": 89.587852494577, "cnt": 461}, "CHIMIE ORGANICA TEO NIVEL I/II": {"medie": 9.107692307692307, "reusita": 92.3076923076923, "cnt": 13}, "MATEMATICA ST-NAT": {"medie": 7.030894308943089, "reusita": 79.75708502024291, "cnt": 247}, "FIZICA TEO": {"medie": 8.577734375000002, "reusita": 96.09375, "cnt": 128}, "GEOGRAFIE": {"medie": 7.357071339173976, "reusita": 87.10059171597632, "cnt": 845}, "PSIHOLOGIE": {"medie": 8.323809523809524, "reusita": 100.0, "cnt": 21}, "ANATOMIE SI FIZIOLOGIE UMANA, GENETICA SI ECOLOGIE UMANA": {"medie": 7.258718861209955, "reusita": 84.4331641285956, "cnt": 591}, "CHIMIE ANORGANICA TEO NIVEL I/II": {"medie": 8.9, "reusita": 100.0, "cnt": 1}, "BIOLOGIE VEGETALA SI ANIMALA": {"medie": 4.1521857923497265, "reusita": 32.25806451612903, "cnt": 217}, "SOCIOLOGIE": {"medie": 6.757446808510638, "reusita": 87.75510204081633, "cnt": 49}, "INFORMATICA SN C/C++": {"medie": 8.200000000000001, "reusita": 100.0, "cnt": 4}, "MATEMATICA PED": {"medie": 8.344230769230773, "reusita": 100.0, "cnt": 52}, "FILOSOFIE": {"medie": 6.266666666666667, "reusita": 66.66666666666666, "cnt": 3}, "MATEMATICA TEHN": {"medie": 4.647697368421052, "reusita": 46.00280504908836, "cnt": 713}, "FIZICA TEH": {"medie": 4.558333333333334, "reusita": 50.0, "cnt": 8}, "ECONOMIE": {"medie": 7.37, "reusita": 100.0, "cnt": 5}}, "nume": "Olt"}