{"specializari": {"FILOLOGIE": 641, "MATEMATICA-INFORMATICA": 448, "STIINTE ALE NATURII": 247, "TEHNICIAN IN ACTIVITATI ECONOMICE": 151, "INVATATOR - EDUCATOARE": 52, "STIINTE SOCIALE": 198, "TEHNICIAN IN AGRICULTURA": 56, "LICEU CU PROGRAM SPORTIV": 98, "TEHNICIAN IN INDUSTRIA ALIMENTARA": 50, "TEHNICIAN IN GASTRONOMIE": 49, "COAFOR STILIST": 36, "ARTE PLASTICE SI DECORATIVE": 28, "TEHNICIAN IN HOTELARIE": 27, "TEHNICIAN IN ADMINISTRATIE": 25, "TEHNICIAN MECATRONIST": 21, "TEHNICIAN IN ACHIZITII SI CONTRACTARI": 25, "TEHNICIAN ELECTRICIAN/ELECTRONIST AUTO": 23, "TEHNICIAN IN INDUSTRIA TEXTILA": 8, "TEHNICIAN IN ACTIVITATI DE COMERT": 53, "TEHNICIAN IN INSTALATII ELECTRICE": 23, "TEHNICIAN ECOLOG SI PROTECTIA CALITATII MEDIULUI": 25, "TEHNICIAN ELECTROTEHNIST": 5, "TEHNICIAN IN CONSTRUCTII SI LUCRARI PUBLICE": 2, "TEHNICIAN IN AUTOMATIZARI": 39, "TEHNICIAN OPERATOR TEHNICA DE CALCUL": 5, "TEHNICIAN VETERINAR": 7, "TEHNICIAN MECANIC PENTRU INTRETINERE SI REPARATII": 55, "TEHNICIAN IN AGRICULTURA ECOLOGICA": 3, "TEHNICIAN AGRONOM": 2, "TEHNICIAN DESIGNER VESTIMENTAR": 2, "TEHNICIAN TRANSPORTURI": 12, "TEHNICIAN VETERINAR PENTRU ANIMALE DE COMPANIE": 1, "TEHNICIAN ANALIZE PRODUSE ALIMENTARE": 3, "TEHNICIAN PROIECTANT CAD": 2, "ORGANIZATOR BANQUETING": 1, "TEHNICIAN IN AGROTURISM": 1, "TEHNICIAN PRELUCRARI LA CALD": 1}, "limba_moderna": {"LIMBA ENGLEZA": 2316, "LIMBA FRANCEZA": 106, "LIMBA GERMANA MODERNA": 3}, "limba_materna": {"LIMBA ROMANA": 2425}, "promotie_anterioara": {"NU": 2088, "DA": 337}, "materii": {"LIMBA ROMANA": {"medie": 6.888910422049971, "reusita": 84.8659793814433, "cnt": 2425}, "MATEMATICA MATE-INFO": {"medie": 7.473068181818179, "reusita": 89.95535714285714, "cnt": 448}, "INFORMATICA MI C/C++": {"medie": 7.546153846153845, "reusita": 91.13924050632912, "cnt": 79}, "GENERAL": {"medie": 6.914376196788924, "reusita": 64.78350515463917, "cnt": 2425}, "ISTORIE": {"medie": 6.892364793213168, "reusita": 87.97927461139896, "cnt": 965}, "LOGICA, ARGUMENTARE SI COMUNICARE": {"medie": 8.043429844097997, "reusita": 90.45553145336225, "cnt": 461}, "GEOGRAFIE": {"medie": 7.360513141426793, "reusita": 87.45562130177514, "cnt": 845}, "FIZICA TEO": {"medie": 8.579296875, "reusita": 96.875, "cnt": 128}, "CHIMIE ORGANICA TEO NIVEL I/II": {"medie": 9.138461538461538, "reusita": 92.3076923076923, "cnt": 13}, "MATEMATICA ST-NAT": {"medie": 7.0361788617886205, "reusita": 81.37651821862349, "cnt": 247}, "PSIHOLOGIE": {"medie": 8.323809523809524, "reusita": 100.0, "cnt": 21}, "SOCIOLOGIE": {"medie": 6.851063829787233, "reusita": 87.75510204081633, "cnt": 49}, "ANATOMIE SI FIZIOLOGIE UMANA, GENETICA SI ECOLOGIE UMANA": {"medie": 7.296085409252659, "reusita": 83.75634517766497, "cnt": 591}, "CHIMIE ANORGANICA TEO NIVEL I/II": {"medie": 8.9, "reusita": 100.0, "cnt": 1}, "BIOLOGIE VEGETALA SI ANIMALA": {"medie": 4.166120218579236, "reusita": 32.71889400921659, "cnt": 217}, "MATEMATICA PED": {"medie": 8.353846153846156, "reusita": 100.0, "cnt": 52}, "INFORMATICA SN C/C++": {"medie": 8.200000000000001, "reusita": 100.0, "cnt": 4}, "FILOSOFIE": {"medie": 6.383333333333333, "reusita": 66.66666666666666, "cnt": 3}, "ECONOMIE": {"medie": 7.56, "reusita": 100.0, "cnt": 5}, "MATEMATICA TEHN": {"medie": 4.651809210526316, "reusita": 47.82608695652174, "cnt": 713}, "FIZICA TEH": {"medie": 4.558333333333334, "reusita": 50.0, "cnt": 8}}, "nume": "Olt"}