{"specializari": {"FILOLOGIE": 727, "STIINTE ALE NATURII": 536, "MATEMATICA-INFORMATICA": 1151, "STIINTE SOCIALE": 262, "INVATATOR - EDUCATOARE": 61, "ARHITECTURA, ARTE AMBIENTALE SI DESIGN": 27, "TEHNICIAN IN TURISM": 242, "EDUCATOR-PUERICULTOR": 27, "MUZICA": 30, "TEHNICIAN IN ACTIVITATI ECONOMICE": 428, "ARTE PLASTICE SI DECORATIVE": 31, "LICEU CU PROGRAM SPORTIV": 75, "TEHNICIAN IN ACTIVITATI DE COMERT": 147, "TEHNICIAN ECOLOG SI PROTECTIA CALITATII MEDIULUI": 142, "TEHNICIAN IN ACHIZITII SI CONTRACTARI": 56, "TEHNICIAN DESENATOR PENTRU CONSTRUCTII SI INSTALATII": 27, "TEHNICIAN ELECTRONIST": 76, "ORGANIZATOR BANQUETING": 33, "TEHNICIAN IN AUTOMATIZARI": 67, "TEHNICIAN IN INDUSTRIA ALIMENTARA": 81, "TEHNICIAN IN ADMINISTRATIE": 35, "TEHNICIAN MECANIC PENTRU INTRETINERE SI REPARATII": 123, "TEHNICIAN IN GASTRONOMIE": 91, "TEHNICIAN DE TELECOMUNICATII": 27, "TEHNICIAN IN SILVICULTURA SI EXPLOATARI FORESTIERE": 35, "TEHNICIAN IN INSTALATII ELECTRICE": 67, "COAFOR STILIST": 61, "TEHNICIAN IN IND. ALIM. FERMENTATIVA SI IN PREL. LEGUMELOR SI FRUCTELOR": 16, "TEHNICIAN MECATRONIST": 72, "TEHNICIAN VETERINAR": 11, "TEHNICIAN ELECTROTEHNIST": 91, "TEHNICIAN PROIECTANT CAD": 40, "TEHNICIAN TRANSPORTURI": 39, "TEHNICIAN DESIGNER MOBILA SI AMENAJARI INTERIOARE": 69, "TEHNICIAN INSTALATOR PENTRU CONSTRUCTII": 40, "TEHNICIAN ANALIZE PRODUSE ALIMENTARE": 35, "TEHNICIAN ELECTROMECANIC": 32, "TEHNICIAN IN PRELUCRAREA LEMNULUI": 14, "TEHNICIAN ELECTRICIAN/ELECTRONIST AUTO": 20, "TEHNICIAN IN AGRICULTURA": 1, "TEHNICIAN IN INDUSTRIA TEXTILA": 55, "TEHNICIAN ENERGETICIAN": 40, "TEHNICIAN IN CHIMIE INDUSTRIALA": 53, "TEHNICIAN IN CONSTRUCTII SI LUCRARI PUBLICE": 10, "TEHNICIAN IN AGROTURISM": 1, "TEHNICIAN IN AGRICULTURA ECOLOGICA": 1, "TEHNICIAN PENTRU ANIMALE DE COMPANIE": 1, "TEHNICIAN PROIECTANT PRODUSE FINITE DIN LEMN": 2, "TEHNICIAN HIDRO-METEOROLOG": 2, "TEHNICIAN CHIMIST DE LABORATOR": 5, "TEHNICIAN PRELUCRARI LA CALD": 2, "TEHNICIAN AGROMONTAN": 3, "TEHNICIAN PRELUCRARI MECANICE": 2, "TEHNICIAN IN INDUSTRIA MATERIALELOR DE CONSTRUCTII": 1}, "limba_moderna": {"LIMBA FRANCEZA": 288, "LIMBA ENGLEZA": 4985, "LIMBA GERMANA MODERNA": 35, "LIMBA SPANIOLA": 14, "LIMBA ITALIANA": 1}, "limba_materna": {"LIMBA ROMANA": 5323}, "promotie_anterioara": {"NU": 4696, "DA": 627}, "materii": {"LIMBA ROMANA": {"medie": 7.434319923371652, "reusita": 94.02592523013338, "cnt": 5323}, "MATEMATICA MATE-INFO": {"medie": 7.863100436681225, "reusita": 93.04952215464813, "cnt": 1151}, "INFORMATICA MI C/C++": {"medie": 8.431339031339032, "reusita": 99.14529914529915, "cnt": 351}, "GENERAL": {"medie": 7.43949705100779, "reusita": 75.54010896111215, "cnt": 5323}, "ISTORIE": {"medie": 7.887564322469987, "reusita": 94.91094147582697, "cnt": 1179}, "LOGICA, ARGUMENTARE SI COMUNICARE": {"medie": 8.326324289405685, "reusita": 92.66113592852585, "cnt": 1567}, "GEOGRAFIE": {"medie": 7.829999999999994, "reusita": 95.34482758620689, "cnt": 580}, "FIZICA TEO": {"medie": 8.619999999999996, "reusita": 98.09523809523809, "cnt": 315}, "CHIMIE ORGANICA TEO NIVEL I/II": {"medie": 9.163913043478255, "reusita": 99.56521739130434, "cnt": 230}, "MATEMATICA ST-NAT": {"medie": 8.146415094339622, "reusita": 94.21641791044776, "cnt": 536}, "PSIHOLOGIE": {"medie": 8.197142857142856, "reusita": 97.1830985915493, "cnt": 71}, "SOCIOLOGIE": {"medie": 8.006024096385541, "reusita": 95.34883720930233, "cnt": 86}, "ANATOMIE SI FIZIOLOGIE UMANA, GENETICA SI ECOLOGIE UMANA": {"medie": 7.214851485148516, "reusita": 87.279843444227, "cnt": 511}, "CHIMIE ANORGANICA TEO NIVEL I/II": {"medie": 8.561224489795922, "reusita": 97.95918367346938, "cnt": 49}, "BIOLOGIE VEGETALA SI ANIMALA": {"medie": 5.830622188905544, "reusita": 63.82085374387684, "cnt": 1429}, "MATEMATICA PED": {"medie": 9.21803278688525, "reusita": 98.36065573770492, "cnt": 61}, "INFORMATICA SN C/C++": {"medie": 8.5, "reusita": 100.0, "cnt": 25}, "FILOSOFIE": {"medie": 7.2749999999999995, "reusita": 100.0, "cnt": 4}, "ECONOMIE": {"medie": 7.108000000000001, "reusita": 96.0, "cnt": 25}, "MATEMATICA TEHN": {"medie": 6.4175427069645155, "reusita": 79.3823038397329, "cnt": 2396}, "FIZICA TEH": {"medie": 6.056666666666668, "reusita": 61.224489795918366, "cnt": 49}, "CHIMIE ORGANICA TEH NIVEL I/II": {"medie": 4.479166666666667, "reusita": 50.0, "cnt": 12}, "CHIMIE ANORGANICA TEH NIVEL I/II": {"medie": 5.182352941176471, "reusita": 72.22222222222221, "cnt": 18}, "INFORMATICA MI PASCAL": {"medie": 5.25, "reusita": 100.0, "cnt": 1}}, "nume": "Prahova"}