{"specializari": {"FILOLOGIE": 727, "STIINTE ALE NATURII": 536, "MATEMATICA-INFORMATICA": 1151, "STIINTE SOCIALE": 262, "INVATATOR - EDUCATOARE": 61, "ARHITECTURA, ARTE AMBIENTALE SI DESIGN": 27, "TEHNICIAN IN TURISM": 242, "EDUCATOR-PUERICULTOR": 27, "MUZICA": 30, "TEHNICIAN IN ACTIVITATI ECONOMICE": 428, "ARTE PLASTICE SI DECORATIVE": 31, "LICEU CU PROGRAM SPORTIV": 75, "TEHNICIAN IN ACTIVITATI DE COMERT": 147, "TEHNICIAN ECOLOG SI PROTECTIA CALITATII MEDIULUI": 142, "TEHNICIAN IN ACHIZITII SI CONTRACTARI": 56, "TEHNICIAN DESENATOR PENTRU CONSTRUCTII SI INSTALATII": 27, "TEHNICIAN ELECTRONIST": 76, "ORGANIZATOR BANQUETING": 33, "TEHNICIAN IN AUTOMATIZARI": 67, "TEHNICIAN IN INDUSTRIA ALIMENTARA": 81, "TEHNICIAN IN ADMINISTRATIE": 35, "TEHNICIAN MECANIC PENTRU INTRETINERE SI REPARATII": 123, "TEHNICIAN IN GASTRONOMIE": 91, "TEHNICIAN DE TELECOMUNICATII": 27, "TEHNICIAN IN SILVICULTURA SI EXPLOATARI FORESTIERE": 35, "TEHNICIAN IN INSTALATII ELECTRICE": 67, "COAFOR STILIST": 61, "TEHNICIAN IN IND. ALIM. FERMENTATIVA SI IN PREL. LEGUMELOR SI FRUCTELOR": 16, "TEHNICIAN MECATRONIST": 72, "TEHNICIAN VETERINAR": 11, "TEHNICIAN ELECTROTEHNIST": 91, "TEHNICIAN PROIECTANT CAD": 40, "TEHNICIAN TRANSPORTURI": 39, "TEHNICIAN DESIGNER MOBILA SI AMENAJARI INTERIOARE": 69, "TEHNICIAN INSTALATOR PENTRU CONSTRUCTII": 40, "TEHNICIAN ANALIZE PRODUSE ALIMENTARE": 35, "TEHNICIAN ELECTROMECANIC": 32, "TEHNICIAN IN PRELUCRAREA LEMNULUI": 14, "TEHNICIAN ELECTRICIAN/ELECTRONIST AUTO": 20, "TEHNICIAN IN AGRICULTURA": 1, "TEHNICIAN IN INDUSTRIA TEXTILA": 55, "TEHNICIAN ENERGETICIAN": 40, "TEHNICIAN IN CHIMIE INDUSTRIALA": 53, "TEHNICIAN IN CONSTRUCTII SI LUCRARI PUBLICE": 10, "TEHNICIAN IN AGROTURISM": 1, "TEHNICIAN IN AGRICULTURA ECOLOGICA": 1, "TEHNICIAN PENTRU ANIMALE DE COMPANIE": 1, "TEHNICIAN PROIECTANT PRODUSE FINITE DIN LEMN": 2, "TEHNICIAN HIDRO-METEOROLOG": 2, "TEHNICIAN CHIMIST DE LABORATOR": 5, "TEHNICIAN PRELUCRARI LA CALD": 2, "TEHNICIAN AGROMONTAN": 3, "TEHNICIAN PRELUCRARI MECANICE": 2, "TEHNICIAN IN INDUSTRIA MATERIALELOR DE CONSTRUCTII": 1}, "limba_moderna": {"LIMBA FRANCEZA": 288, "LIMBA ENGLEZA": 4985, "LIMBA GERMANA MODERNA": 35, "LIMBA SPANIOLA": 14, "LIMBA ITALIANA": 1}, "limba_materna": {"LIMBA ROMANA": 5323}, "promotie_anterioara": {"NU": 4696, "DA": 627}, "materii": {"LIMBA ROMANA": {"medie": 7.443295019157084, "reusita": 94.32650760849145, "cnt": 5323}, "MATEMATICA MATE-INFO": {"medie": 7.850698689956334, "reusita": 92.96264118158123, "cnt": 1151}, "INFORMATICA MI C/C++": {"medie": 8.417378917378915, "reusita": 98.57549857549857, "cnt": 351}, "GENERAL": {"medie": 7.437413312593111, "reusita": 74.90137140710125, "cnt": 5323}, "ISTORIE": {"medie": 7.884305317324187, "reusita": 95.50466497031383, "cnt": 1179}, "LOGICA, ARGUMENTARE SI COMUNICARE": {"medie": 8.312435400516799, "reusita": 92.59731971920868, "cnt": 1567}, "CHIMIE ORGANICA TEO NIVEL I/II": {"medie": 9.159347826086949, "reusita": 99.56521739130434, "cnt": 230}, "MATEMATICA ST-NAT": {"medie": 8.138962264150942, "reusita": 94.40298507462687, "cnt": 536}, "FIZICA TEO": {"medie": 8.630158730158724, "reusita": 98.09523809523809, "cnt": 315}, "GEOGRAFIE": {"medie": 7.834649122807014, "reusita": 95.51724137931035, "cnt": 580}, "PSIHOLOGIE": {"medie": 8.217142857142855, "reusita": 98.59154929577466, "cnt": 71}, "ANATOMIE SI FIZIOLOGIE UMANA, GENETICA SI ECOLOGIE UMANA": {"medie": 7.170792079207922, "reusita": 86.88845401174167, "cnt": 511}, "CHIMIE ANORGANICA TEO NIVEL I/II": {"medie": 8.5530612244898, "reusita": 97.95918367346938, "cnt": 49}, "BIOLOGIE VEGETALA SI ANIMALA": {"medie": 5.827211394302849, "reusita": 64.10076976906927, "cnt": 1429}, "SOCIOLOGIE": {"medie": 7.99759036144578, "reusita": 95.34883720930233, "cnt": 86}, "INFORMATICA SN C/C++": {"medie": 8.462, "reusita": 100.0, "cnt": 25}, "MATEMATICA PED": {"medie": 9.211475409836067, "reusita": 98.36065573770492, "cnt": 61}, "FILOSOFIE": {"medie": 7.2749999999999995, "reusita": 100.0, "cnt": 4}, "MATEMATICA TEHN": {"medie": 6.415002190100742, "reusita": 79.04841402337229, "cnt": 2396}, "FIZICA TEH": {"medie": 6.051111111111111, "reusita": 61.224489795918366, "cnt": 49}, "ECONOMIE": {"medie": 7.132000000000002, "reusita": 96.0, "cnt": 25}, "CHIMIE ANORGANICA TEH NIVEL I/II": {"medie": 5.185294117647059, "reusita": 72.22222222222221, "cnt": 18}, "CHIMIE ORGANICA TEH NIVEL I/II": {"medie": 4.4624999999999995, "reusita": 50.0, "cnt": 12}, "INFORMATICA MI PASCAL": {"medie": 5.25, "reusita": 100.0, "cnt": 1}}, "nume": "Prahova"}