{"specializari": {"MATEMATICA-INFORMATICA": 324, "STIINTE ALE NATURII": 211, "FILOLOGIE": 308, "INVATATOR - EDUCATOARE": 46, "LICEU CU PROGRAM SPORTIV": 26, "STIINTE SOCIALE": 32, "TEHNICIAN IN ACTIVITATI ECONOMICE": 162, "TEHNICIAN ELECTROMECANIC": 51, "TEOLOGIE ORTODOXA": 18, "MUZICA": 14, "TEHNICIAN IN ACTIVITATI DE COMERT": 21, "TEOLOGIE REFORMATA": 28, "TEHNICIAN IN AUTOMATIZARI": 58, "TEHNICIAN IN INSTALATII ELECTRICE": 47, "ORGANIZATOR BANQUETING": 39, "TEHNICIAN OPERATOR TEHNICA DE CALCUL": 31, "ARTE PLASTICE SI DECORATIVE": 11, "TEHNICIAN PRELUCRARI PE MASINI CU COMANDA NUMERICA": 20, "TEHNICIAN DESENATOR PENTRU CONSTRUCTII SI INSTALATII": 16, "TEHNICIAN MECATRONIST": 3, "TEHNICIAN IN ADMINISTRATIE": 11, "TEHNICIAN MECANIC PENTRU INTRETINERE SI REPARATII": 36, "TEHNICIAN ECOLOG SI PROTECTIA CALITATII MEDIULUI": 4, "TEHNICIAN TRANSPORTURI": 3, "TEHNICIAN IN CHIMIE INDUSTRIALA": 1, "TEHNICIAN ELECTROTEHNIST": 1, "TEHNICIAN VETERINAR": 2, "TEHNICIAN IN INDUSTRIA TEXTILA": 1, "TEHNICIAN IN GASTRONOMIE": 4, "TEHNICIAN IN TURISM": 1, "TEHNICIAN MULTIMEDIA": 2, "TEHNICIAN IN CONSTRUCTII SI LUCRARI PUBLICE": 1}, "limba_moderna": {"LIMBA FRANCEZA": 48, "LIMBA ENGLEZA": 1458, "LIMBA GERMANA MODERNA": 27}, "limba_materna": {"LIMBA ROMANA": 1259, "LIMBA MAGHIARA": 274}, "promotie_anterioara": {"NU": 1350, "DA": 183}, "materii": {"LIMBA ROMANA": {"medie": 6.550775978407552, "reusita": 83.17025440313111, "cnt": 1533}, "MATEMATICA MATE-INFO": {"medie": 7.8316199376947, "reusita": 90.74074074074075, "cnt": 324}, "INFORMATICA MI C/C++": {"medie": 8.486144578313253, "reusita": 100.0, "cnt": 83}, "GENERAL": {"medie": 6.942202913512273, "reusita": 65.42726679712982, "cnt": 1533}, "ISTORIE": {"medie": 7.363532110091748, "reusita": 92.67734553775743, "cnt": 437}, "LOGICA, ARGUMENTARE SI COMUNICARE": {"medie": 8.679999999999998, "reusita": 90.2439024390244, "cnt": 41}, "GEOGRAFIE": {"medie": 7.684466911764713, "reusita": 92.23826714801444, "cnt": 554}, "FIZICA TEO": {"medie": 8.478571428571428, "reusita": 100.0, "cnt": 35}, "CHIMIE ORGANICA TEO NIVEL I/II": {"medie": 8.97272727272727, "reusita": 100.0, "cnt": 11}, "MATEMATICA ST-NAT": {"medie": 6.111025641025641, "reusita": 63.98104265402843, "cnt": 211}, "PSIHOLOGIE": {"medie": 7.586363636363638, "reusita": 100.0, "cnt": 44}, "SOCIOLOGIE": {"medie": 7.598148148148149, "reusita": 95.06172839506173, "cnt": 81}, "ANATOMIE SI FIZIOLOGIE UMANA, GENETICA SI ECOLOGIE UMANA": {"medie": 7.996126760563376, "reusita": 93.19727891156462, "cnt": 294}, "CHIMIE ANORGANICA TEO NIVEL I/II": {"medie": 6.508333333333333, "reusita": 100.0, "cnt": 6}, "BIOLOGIE VEGETALA SI ANIMALA": {"medie": 5.384615384615381, "reusita": 52.13414634146341, "cnt": 328}, "MATEMATICA PED": {"medie": 8.297826086956519, "reusita": 100.0, "cnt": 46}, "FILOSOFIE": {"medie": 7.4, "reusita": 100.0, "cnt": 1}, "MATEMATICA TEHN": {"medie": 5.49807692307692, "reusita": 63.10679611650486, "cnt": 515}, "FIZICA TEH": {"medie": 5.901086956521738, "reusita": 67.3913043478261, "cnt": 46}, "LIMBA MAGHIARA (REAL)": {"medie": 7.859947643979057, "reusita": 97.9381443298969, "cnt": 194}, "CHIMIE ANORGANICA TEH NIVEL I/II": {"medie": 6.3, "reusita": 100.0, "cnt": 7}, "LIMBA MAGHIARA (UMAN)": {"medie": 7.451898734177213, "reusita": 96.25, "cnt": 80}, "INFORMATICA MI PASCAL": {"medie": 6.4, "reusita": 100.0, "cnt": 2}}, "nume": "S\u0103laj"}