{"specializari": {"MATEMATICA-INFORMATICA": 324, "STIINTE ALE NATURII": 211, "FILOLOGIE": 308, "INVATATOR - EDUCATOARE": 46, "LICEU CU PROGRAM SPORTIV": 26, "TEHNICIAN IN ACTIVITATI ECONOMICE": 162, "TEHNICIAN ELECTROMECANIC": 51, "STIINTE SOCIALE": 32, "MUZICA": 14, "TEOLOGIE ORTODOXA": 18, "TEHNICIAN IN ACTIVITATI DE COMERT": 21, "TEHNICIAN IN AUTOMATIZARI": 58, "TEHNICIAN IN INSTALATII ELECTRICE": 47, "TEOLOGIE REFORMATA": 28, "ORGANIZATOR BANQUETING": 39, "TEHNICIAN OPERATOR TEHNICA DE CALCUL": 31, "ARTE PLASTICE SI DECORATIVE": 11, "TEHNICIAN PRELUCRARI PE MASINI CU COMANDA NUMERICA": 20, "TEHNICIAN DESENATOR PENTRU CONSTRUCTII SI INSTALATII": 16, "TEHNICIAN MECATRONIST": 3, "TEHNICIAN IN ADMINISTRATIE": 11, "TEHNICIAN MECANIC PENTRU INTRETINERE SI REPARATII": 36, "TEHNICIAN ECOLOG SI PROTECTIA CALITATII MEDIULUI": 4, "TEHNICIAN TRANSPORTURI": 3, "TEHNICIAN ELECTROTEHNIST": 1, "TEHNICIAN IN CHIMIE INDUSTRIALA": 1, "TEHNICIAN VETERINAR": 2, "TEHNICIAN IN INDUSTRIA TEXTILA": 1, "TEHNICIAN IN GASTRONOMIE": 4, "TEHNICIAN IN TURISM": 1, "TEHNICIAN MULTIMEDIA": 2, "TEHNICIAN IN CONSTRUCTII SI LUCRARI PUBLICE": 1}, "limba_moderna": {"LIMBA FRANCEZA": 48, "LIMBA ENGLEZA": 1458, "LIMBA GERMANA MODERNA": 27}, "limba_materna": {"LIMBA ROMANA": 1259, "LIMBA MAGHIARA": 274}, "promotie_anterioara": {"NU": 1350, "DA": 183}, "materii": {"LIMBA ROMANA": {"medie": 6.446794871794863, "reusita": 79.12589693411611, "cnt": 1533}, "MATEMATICA MATE-INFO": {"medie": 7.812772585669784, "reusita": 90.12345679012346, "cnt": 324}, "INFORMATICA MI C/C++": {"medie": 8.48433734939759, "reusita": 100.0, "cnt": 83}, "GENERAL": {"medie": 6.904123652213814, "reusita": 62.55707762557078, "cnt": 1533}, "ISTORIE": {"medie": 7.344954128440372, "reusita": 91.76201372997713, "cnt": 437}, "LOGICA, ARGUMENTARE SI COMUNICARE": {"medie": 8.65125, "reusita": 90.2439024390244, "cnt": 41}, "CHIMIE ORGANICA TEO NIVEL I/II": {"medie": 8.97272727272727, "reusita": 100.0, "cnt": 11}, "MATEMATICA ST-NAT": {"medie": 6.115384615384615, "reusita": 64.45497630331754, "cnt": 211}, "FIZICA TEO": {"medie": 8.448571428571428, "reusita": 100.0, "cnt": 35}, "GEOGRAFIE": {"medie": 7.689522058823538, "reusita": 92.23826714801444, "cnt": 554}, "PSIHOLOGIE": {"medie": 7.58409090909091, "reusita": 100.0, "cnt": 44}, "ANATOMIE SI FIZIOLOGIE UMANA, GENETICA SI ECOLOGIE UMANA": {"medie": 7.980281690140844, "reusita": 93.5374149659864, "cnt": 294}, "CHIMIE ANORGANICA TEO NIVEL I/II": {"medie": 6.508333333333333, "reusita": 100.0, "cnt": 6}, "BIOLOGIE VEGETALA SI ANIMALA": {"medie": 5.377447552447548, "reusita": 51.21951219512195, "cnt": 328}, "SOCIOLOGIE": {"medie": 7.589506172839507, "reusita": 95.06172839506173, "cnt": 81}, "MATEMATICA PED": {"medie": 8.293478260869563, "reusita": 100.0, "cnt": 46}, "FILOSOFIE": {"medie": 7.4, "reusita": 100.0, "cnt": 1}, "MATEMATICA TEHN": {"medie": 5.486752136752134, "reusita": 62.71844660194175, "cnt": 515}, "FIZICA TEH": {"medie": 5.928260869565217, "reusita": 67.3913043478261, "cnt": 46}, "LIMBA MAGHIARA (REAL)": {"medie": 7.852879581151829, "reusita": 97.9381443298969, "cnt": 194}, "CHIMIE ANORGANICA TEH NIVEL I/II": {"medie": 6.3, "reusita": 100.0, "cnt": 7}, "LIMBA MAGHIARA (UMAN)": {"medie": 7.451265822784807, "reusita": 96.25, "cnt": 80}, "INFORMATICA MI PASCAL": {"medie": 6.4, "reusita": 100.0, "cnt": 2}}, "nume": "S\u0103laj"}