{"specializari": {"MATEMATICA-INFORMATICA": 343, "FILOLOGIE": 266, "STIINTE ALE NATURII": 303, "INVATATOR - EDUCATOARE": 28, "STIINTE SOCIALE": 189, "TEHNICIAN IN ACTIVITATI DE COMERT": 22, "GHID TURISM RELIGIOS": 23, "TEHNICIAN ECOLOG SI PROTECTIA CALITATII MEDIULUI": 50, "MUZICA": 23, "ARHITECTURA, ARTE AMBIENTALE SI DESIGN": 22, "TEHNICIAN MECATRONIST": 40, "TEHNICIAN IN ACTIVITATI ECONOMICE": 136, "TEHNICIAN OPERATOR TEHNICA DE CALCUL": 29, "ARTE PLASTICE SI DECORATIVE": 20, "TEOLOGIE REFORMATA": 28, "LICEU CU PROGRAM SPORTIV": 56, "TEHNICIAN ELECTRONIST": 32, "TEHNICIAN AGRONOM": 9, "TEHNICIAN IN TURISM": 40, "TEHNICIAN IN ACHIZITII SI CONTRACTARI": 29, "TEHNICIAN DESIGNER VESTIMENTAR": 24, "TEOLOGIE ROMANO-CATOLICA": 29, "TEHNICIAN IN INDUSTRIA ALIMENTARA": 22, "EDUCATOR-PUERICULTOR": 14, "TEHNICIAN IN GASTRONOMIE": 18, "TEOLOGIE ORTODOXA": 20, "COAFOR STILIST": 16, "TEHNICIAN IN PRELUCRAREA LEMNULUI": 9, "TEHNICIAN DE TELECOMUNICATII": 3, "TEHNICIAN IN SILVICULTURA SI EXPLOATARI FORESTIERE": 2, "TEHNICIAN ELECTRICIAN/ELECTRONIST AUTO": 6, "TEHNICIAN ANALIZE PRODUSE ALIMENTARE": 6, "TEHNICIAN OPERATOR PROCESARE TEXT IMAGINE": 2, "TEHNICIAN IN AUTOMATIZARI": 1, "TEHNICIAN TRANSPORTURI": 8, "TEHNICIAN DESENATOR PENTRU CONSTRUCTII SI INSTALATII": 1, "TEHNICIAN MECANIC PENTRU INTRETINERE SI REPARATII": 2, "TEHNICIAN IN ADMINISTRATIE": 1, "TEHNICIAN IN INDUSTRIA TEXTILA": 1, "TEHNICIAN IN AGRICULTURA ECOLOGICA": 1, "TEHNICIAN IN CONSTRUCTII SI LUCRARI PUBLICE": 1, "TEHNICIAN AGROMONTAN": 1}, "limba_moderna": {"LIMBA ENGLEZA": 1787, "LIMBA ITALIANA": 1, "LIMBA GERMANA MODERNA": 58, "LIMBA FRANCEZA": 29, "LIMBA SPANIOLA": 1}, "limba_materna": {"LIMBA ROMANA": 1410, "LIMBA MAGHIARA": 417, "LIMBA GERMANA": 49}, "promotie_anterioara": {"NU": 1658, "DA": 218}, "materii": {"LIMBA ROMANA": {"medie": 6.708487991266366, "reusita": 87.26012793176973, "cnt": 1876}, "MATEMATICA MATE-INFO": {"medie": 8.009970674486809, "reusita": 97.667638483965, "cnt": 343}, "INFORMATICA MI C/C++": {"medie": 8.0521875, "reusita": 96.875, "cnt": 160}, "GENERAL": {"medie": 7.1830916206261435, "reusita": 72.60127931769723, "cnt": 1876}, "ISTORIE": {"medie": 7.30892857142858, "reusita": 92.31884057971016, "cnt": 690}, "LOGICA, ARGUMENTARE SI COMUNICARE": {"medie": 8.489516129032259, "reusita": 96.7741935483871, "cnt": 62}, "GEOGRAFIE": {"medie": 7.642278953922799, "reusita": 95.26123936816525, "cnt": 823}, "FIZICA TEO": {"medie": 7.5600000000000005, "reusita": 100.0, "cnt": 20}, "CHIMIE ORGANICA TEO NIVEL I/II": {"medie": 8.990000000000002, "reusita": 100.0, "cnt": 45}, "MATEMATICA ST-NAT": {"medie": 7.603020134228194, "reusita": 94.71947194719472, "cnt": 303}, "PSIHOLOGIE": {"medie": 7.862499999999997, "reusita": 100.0, "cnt": 56}, "SOCIOLOGIE": {"medie": 6.170588235294118, "reusita": 44.0, "cnt": 25}, "ANATOMIE SI FIZIOLOGIE UMANA, GENETICA SI ECOLOGIE UMANA": {"medie": 8.005773955773954, "reusita": 96.12590799031477, "cnt": 413}, "CHIMIE ANORGANICA TEO NIVEL I/II": {"medie": 7.325, "reusita": 100.0, "cnt": 4}, "BIOLOGIE VEGETALA SI ANIMALA": {"medie": 5.647643979057592, "reusita": 58.767772511848335, "cnt": 211}, "MATEMATICA PED": {"medie": 8.594642857142857, "reusita": 100.0, "cnt": 28}, "INFORMATICA SN C/C++": {"medie": 6.875, "reusita": 100.0, "cnt": 2}, "FILOSOFIE": {"medie": 7.941666666666666, "reusita": 100.0, "cnt": 12}, "LIMBA GERMANA": {"medie": 7.3081632653061215, "reusita": 100.0, "cnt": 49}, "ECONOMIE": {"medie": 6.75, "reusita": 100.0, "cnt": 2}, "MATEMATICA TEHN": {"medie": 5.675925925925926, "reusita": 70.3125, "cnt": 512}, "FIZICA TEH": {"medie": 4.935, "reusita": 45.45454545454545, "cnt": 11}, "LIMBA MAGHIARA (REAL)": {"medie": 7.791168091168092, "reusita": 98.30508474576271, "cnt": 354}, "CHIMIE ANORGANICA TEH NIVEL I/II": {"medie": 5.819999999999999, "reusita": 60.0, "cnt": 5}, "LIMBA MAGHIARA (UMAN)": {"medie": 7.686507936507937, "reusita": 100.0, "cnt": 63}, "INFORMATICA MI PASCAL": {"medie": 7.929166666666667, "reusita": 95.83333333333334, "cnt": 24}, "INFORMATICA SN PASCAL": {"medie": 7.2, "reusita": 100.0, "cnt": 1}}, "nume": "Satu-Mare"}