{"specializari": {"MATEMATICA-INFORMATICA": 343, "FILOLOGIE": 266, "STIINTE ALE NATURII": 303, "INVATATOR - EDUCATOARE": 28, "STIINTE SOCIALE": 189, "TEHNICIAN IN ACTIVITATI DE COMERT": 22, "GHID TURISM RELIGIOS": 23, "MUZICA": 23, "TEHNICIAN ECOLOG SI PROTECTIA CALITATII MEDIULUI": 50, "ARHITECTURA, ARTE AMBIENTALE SI DESIGN": 22, "TEHNICIAN MECATRONIST": 40, "TEHNICIAN IN ACTIVITATI ECONOMICE": 136, "TEHNICIAN OPERATOR TEHNICA DE CALCUL": 29, "ARTE PLASTICE SI DECORATIVE": 20, "TEOLOGIE REFORMATA": 28, "LICEU CU PROGRAM SPORTIV": 56, "TEHNICIAN ELECTRONIST": 32, "TEHNICIAN AGRONOM": 9, "TEHNICIAN IN TURISM": 40, "TEHNICIAN IN ACHIZITII SI CONTRACTARI": 29, "TEHNICIAN DESIGNER VESTIMENTAR": 24, "TEOLOGIE ROMANO-CATOLICA": 29, "TEHNICIAN IN INDUSTRIA ALIMENTARA": 22, "EDUCATOR-PUERICULTOR": 14, "TEHNICIAN IN GASTRONOMIE": 18, "TEOLOGIE ORTODOXA": 20, "COAFOR STILIST": 16, "TEHNICIAN IN PRELUCRAREA LEMNULUI": 9, "TEHNICIAN DE TELECOMUNICATII": 3, "TEHNICIAN IN SILVICULTURA SI EXPLOATARI FORESTIERE": 2, "TEHNICIAN ELECTRICIAN/ELECTRONIST AUTO": 6, "TEHNICIAN ANALIZE PRODUSE ALIMENTARE": 6, "TEHNICIAN IN AUTOMATIZARI": 1, "TEHNICIAN OPERATOR PROCESARE TEXT IMAGINE": 2, "TEHNICIAN TRANSPORTURI": 8, "TEHNICIAN DESENATOR PENTRU CONSTRUCTII SI INSTALATII": 1, "TEHNICIAN MECANIC PENTRU INTRETINERE SI REPARATII": 2, "TEHNICIAN IN ADMINISTRATIE": 1, "TEHNICIAN IN INDUSTRIA TEXTILA": 1, "TEHNICIAN IN AGRICULTURA ECOLOGICA": 1, "TEHNICIAN IN CONSTRUCTII SI LUCRARI PUBLICE": 1, "TEHNICIAN AGROMONTAN": 1}, "limba_moderna": {"LIMBA ENGLEZA": 1787, "LIMBA ITALIANA": 1, "LIMBA GERMANA MODERNA": 58, "LIMBA FRANCEZA": 29, "LIMBA SPANIOLA": 1}, "limba_materna": {"LIMBA ROMANA": 1410, "LIMBA MAGHIARA": 417, "LIMBA GERMANA": 49}, "promotie_anterioara": {"NU": 1658, "DA": 218}, "materii": {"LIMBA ROMANA": {"medie": 6.702701965065495, "reusita": 87.04690831556503, "cnt": 1876}, "MATEMATICA MATE-INFO": {"medie": 8.007184750733142, "reusita": 97.37609329446065, "cnt": 343}, "INFORMATICA MI C/C++": {"medie": 8.0240625, "reusita": 96.25, "cnt": 160}, "GENERAL": {"medie": 7.1766666666666605, "reusita": 71.37526652452026, "cnt": 1876}, "ISTORIE": {"medie": 7.293526785714293, "reusita": 91.88405797101449, "cnt": 690}, "LOGICA, ARGUMENTARE SI COMUNICARE": {"medie": 8.483064516129032, "reusita": 95.16129032258065, "cnt": 62}, "CHIMIE ORGANICA TEO NIVEL I/II": {"medie": 8.993333333333334, "reusita": 100.0, "cnt": 45}, "MATEMATICA ST-NAT": {"medie": 7.593959731543632, "reusita": 94.38943894389439, "cnt": 303}, "FIZICA TEO": {"medie": 7.532500000000001, "reusita": 100.0, "cnt": 20}, "GEOGRAFIE": {"medie": 7.646699875467005, "reusita": 95.26123936816525, "cnt": 823}, "PSIHOLOGIE": {"medie": 7.86785714285714, "reusita": 100.0, "cnt": 56}, "ANATOMIE SI FIZIOLOGIE UMANA, GENETICA SI ECOLOGIE UMANA": {"medie": 8.003194103194105, "reusita": 96.12590799031477, "cnt": 413}, "CHIMIE ANORGANICA TEO NIVEL I/II": {"medie": 7.325, "reusita": 100.0, "cnt": 4}, "BIOLOGIE VEGETALA SI ANIMALA": {"medie": 5.653403141361258, "reusita": 58.29383886255924, "cnt": 211}, "SOCIOLOGIE": {"medie": 6.185294117647058, "reusita": 44.0, "cnt": 25}, "INFORMATICA SN C/C++": {"medie": 6.875, "reusita": 100.0, "cnt": 2}, "MATEMATICA PED": {"medie": 8.591071428571428, "reusita": 100.0, "cnt": 28}, "FILOSOFIE": {"medie": 7.941666666666666, "reusita": 100.0, "cnt": 12}, "LIMBA GERMANA": {"medie": 7.256122448979591, "reusita": 95.91836734693877, "cnt": 49}, "MATEMATICA TEHN": {"medie": 5.6577160493827146, "reusita": 69.3359375, "cnt": 512}, "FIZICA TEH": {"medie": 4.935, "reusita": 45.45454545454545, "cnt": 11}, "LIMBA MAGHIARA (REAL)": {"medie": 7.8004273504273485, "reusita": 98.30508474576271, "cnt": 354}, "ECONOMIE": {"medie": 6.75, "reusita": 100.0, "cnt": 2}, "CHIMIE ANORGANICA TEH NIVEL I/II": {"medie": 5.819999999999999, "reusita": 60.0, "cnt": 5}, "LIMBA MAGHIARA (UMAN)": {"medie": 7.678571428571429, "reusita": 100.0, "cnt": 63}, "INFORMATICA MI PASCAL": {"medie": 7.9312499999999995, "reusita": 95.83333333333334, "cnt": 24}, "INFORMATICA SN PASCAL": {"medie": 7.2, "reusita": 100.0, "cnt": 1}}, "nume": "Satu-Mare"}