{"specializari": {"MATEMATICA-INFORMATICA": 222, "FILOLOGIE": 442, "STIINTE ALE NATURII": 415, "TEHNICIAN IN ACTIVITATI ECONOMICE": 194, "STIINTE SOCIALE": 146, "TEHNICIAN OPERATOR TEHNICA DE CALCUL": 61, "TEHNICIAN IN ACTIVITATI DE COMERT": 52, "INVATATOR - EDUCATOARE": 86, "TEOLOGIE BAPTISTA": 25, "TEHNICIAN IN TURISM": 99, "MUZICA": 23, "LICEU CU PROGRAM SPORTIV": 47, "EDUCATOR-PUERICULTOR": 27, "ARTE PLASTICE SI DECORATIVE": 29, "TEHNICIAN IN GASTRONOMIE": 28, "COAFOR STILIST": 29, "TEHNICIAN IN ACHIZITII SI CONTRACTARI": 30, "TEHNICIAN ECOLOG SI PROTECTIA CALITATII MEDIULUI": 24, "TEHNICIAN IN AGROTURISM": 34, "TEHNICIAN ELECTROMECANIC": 38, "TEHNICIAN DESIGNER VESTIMENTAR": 28, "TEHNICIAN IN INSTALATII ELECTRICE": 26, "TEOLOGIE ORTODOXA": 32, "TEHNICIAN MECANIC PENTRU INTRETINERE SI REPARATII": 36, "TEHNICIAN ELECTRONIST": 23, "TEHNICIAN VETERINAR": 36, "TEHNICIAN IN INDUSTRIA ALIMENTARA": 25, "TEHNICIAN DESIGNER MOBILA SI AMENAJARI INTERIOARE": 19, "TEHNICIAN IN AUTOMATIZARI": 53, "TEHNICIAN DESENATOR PENTRU CONSTRUCTII SI INSTALATII": 12, "TEHNICIAN OPERATOR PROCESARE TEXT IMAGINE": 21, "TEHNICIAN PROIECTANT CAD": 26, "TEHNICIAN ANALIZE PRODUSE ALIMENTARE": 17, "TEHNICIAN IN SILVICULTURA SI EXPLOATARI FORESTIERE": 23, "TEHNICIAN IN ACTIVITATI DE POSTA": 2, "TEHNICIAN DE TELECOMUNICATII": 1, "TEHNICIAN IN PRELUCRAREA PRODUSELOR DE ORIGINE ANIMALA": 1, "TEHNICIAN MECATRONIST": 16, "TEHNICIAN IN ADMINISTRATIE": 1, "TEHNICIAN TRANSPORTURI": 8, "TEHNICIAN AGROMONTAN": 7, "TEHNICIAN ELECTROTEHNIST": 4, "TEHNICIAN IN MORARIT, PANIFICATIE SI PRODUSE FAINOASE": 2, "ORGANIZATOR BANQUETING": 1, "TEHNICIAN PRELUCRARI LA CALD": 8, "TEHNICIAN IN INDUSTRIA TEXTILA": 2, "TEHNICIAN ELECTRICIAN/ELECTRONIST AUTO": 2, "TEHNICIAN IN INDUSTRIA PIELARIEI": 1, "TEHNICIAN IN PRELUCRAREA LEMNULUI": 3}, "limba_moderna": {"LIMBA ENGLEZA": 2406, "LIMBA GERMANA MODERNA": 45, "LIMBA FRANCEZA": 24, "LIMBA SPANIOLA": 12}, "limba_materna": {"LIMBA ROMANA": 2222, "LIMBA GERMANA": 265}, "promotie_anterioara": {"NU": 2223, "DA": 264}, "materii": {"LIMBA ROMANA": {"medie": 7.006791136643398, "reusita": 90.26940088459992, "cnt": 2487}, "MATEMATICA MATE-INFO": {"medie": 8.362272727272723, "reusita": 97.74774774774775, "cnt": 222}, "INFORMATICA MI C/C++": {"medie": 8.476744186046506, "reusita": 100.0, "cnt": 129}, "GENERAL": {"medie": 7.388144924496639, "reusita": 74.26618415761962, "cnt": 2487}, "ISTORIE": {"medie": 7.062582781456953, "reusita": 89.10505836575877, "cnt": 771}, "LOGICA, ARGUMENTARE SI COMUNICARE": {"medie": 8.37254004576659, "reusita": 95.48532731376976, "cnt": 443}, "CHIMIE ORGANICA TEO NIVEL I/II": {"medie": 8.9625, "reusita": 100.0, "cnt": 28}, "MATEMATICA ST-NAT": {"medie": 8.904106280193234, "reusita": 99.27710843373494, "cnt": 415}, "FIZICA TEO": {"medie": 8.36358024691358, "reusita": 97.53086419753086, "cnt": 81}, "GEOGRAFIE": {"medie": 7.8686107470511235, "reusita": 94.51530612244898, "cnt": 784}, "PSIHOLOGIE": {"medie": 7.652173913043477, "reusita": 100.0, "cnt": 23}, "ANATOMIE SI FIZIOLOGIE UMANA, GENETICA SI ECOLOGIE UMANA": {"medie": 7.754180064308686, "reusita": 88.40125391849529, "cnt": 319}, "CHIMIE ANORGANICA TEO NIVEL I/II": {"medie": 7.5875, "reusita": 75.0, "cnt": 4}, "BIOLOGIE VEGETALA SI ANIMALA": {"medie": 6.5452127659574435, "reusita": 71.0, "cnt": 500}, "SOCIOLOGIE": {"medie": 7.3966666666666665, "reusita": 90.0, "cnt": 30}, "INFORMATICA SN C/C++": {"medie": 8.14741379310345, "reusita": 98.27586206896551, "cnt": 58}, "MATEMATICA PED": {"medie": 8.040697674418603, "reusita": 96.51162790697676, "cnt": 86}, "FILOSOFIE": {"medie": 7.67, "reusita": 100.0, "cnt": 5}, "LIMBA GERMANA": {"medie": 7.833962264150942, "reusita": 97.73584905660377, "cnt": 265}, "MATEMATICA TEHN": {"medie": 6.682371794871791, "reusita": 81.97381671701913, "cnt": 993}, "FIZICA TEH": {"medie": 5.967000000000001, "reusita": 55.172413793103445, "cnt": 58}, "ECONOMIE": {"medie": 6.0125, "reusita": 87.5, "cnt": 8}, "CHIMIE ANORGANICA TEH NIVEL I/II": {"medie": 3.8499999999999996, "reusita": 17.647058823529413, "cnt": 17}}, "nume": "Sibiu"}