{"specializari": {"MATEMATICA-INFORMATICA": 222, "FILOLOGIE": 442, "STIINTE ALE NATURII": 415, "TEHNICIAN IN ACTIVITATI ECONOMICE": 194, "STIINTE SOCIALE": 146, "TEHNICIAN OPERATOR TEHNICA DE CALCUL": 61, "TEHNICIAN IN ACTIVITATI DE COMERT": 52, "INVATATOR - EDUCATOARE": 86, "TEOLOGIE BAPTISTA": 25, "EDUCATOR-PUERICULTOR": 27, "TEHNICIAN IN TURISM": 99, "MUZICA": 23, "LICEU CU PROGRAM SPORTIV": 47, "ARTE PLASTICE SI DECORATIVE": 29, "TEHNICIAN IN GASTRONOMIE": 28, "TEHNICIAN ECOLOG SI PROTECTIA CALITATII MEDIULUI": 24, "COAFOR STILIST": 29, "TEHNICIAN IN AGROTURISM": 34, "TEHNICIAN IN ACHIZITII SI CONTRACTARI": 30, "TEHNICIAN ELECTROMECANIC": 38, "TEHNICIAN DESIGNER VESTIMENTAR": 28, "TEHNICIAN IN INSTALATII ELECTRICE": 26, "TEOLOGIE ORTODOXA": 32, "TEHNICIAN ELECTRONIST": 23, "TEHNICIAN MECANIC PENTRU INTRETINERE SI REPARATII": 36, "TEHNICIAN VETERINAR": 36, "TEHNICIAN IN INDUSTRIA ALIMENTARA": 25, "TEHNICIAN DESIGNER MOBILA SI AMENAJARI INTERIOARE": 19, "TEHNICIAN IN AUTOMATIZARI": 53, "TEHNICIAN DESENATOR PENTRU CONSTRUCTII SI INSTALATII": 12, "TEHNICIAN OPERATOR PROCESARE TEXT IMAGINE": 21, "TEHNICIAN PROIECTANT CAD": 26, "TEHNICIAN ANALIZE PRODUSE ALIMENTARE": 17, "TEHNICIAN IN SILVICULTURA SI EXPLOATARI FORESTIERE": 23, "TEHNICIAN IN ACTIVITATI DE POSTA": 2, "TEHNICIAN DE TELECOMUNICATII": 1, "TEHNICIAN IN PRELUCRAREA PRODUSELOR DE ORIGINE ANIMALA": 1, "TEHNICIAN AGROMONTAN": 7, "TEHNICIAN MECATRONIST": 16, "TEHNICIAN IN ADMINISTRATIE": 1, "TEHNICIAN TRANSPORTURI": 8, "TEHNICIAN ELECTROTEHNIST": 4, "TEHNICIAN IN MORARIT, PANIFICATIE SI PRODUSE FAINOASE": 2, "ORGANIZATOR BANQUETING": 1, "TEHNICIAN PRELUCRARI LA CALD": 8, "TEHNICIAN IN INDUSTRIA TEXTILA": 2, "TEHNICIAN ELECTRICIAN/ELECTRONIST AUTO": 2, "TEHNICIAN IN INDUSTRIA PIELARIEI": 1, "TEHNICIAN IN PRELUCRAREA LEMNULUI": 3}, "limba_moderna": {"LIMBA ENGLEZA": 2406, "LIMBA GERMANA MODERNA": 45, "LIMBA FRANCEZA": 24, "LIMBA SPANIOLA": 12}, "limba_materna": {"LIMBA ROMANA": 2222, "LIMBA GERMANA": 265}, "promotie_anterioara": {"NU": 2223, "DA": 264}, "materii": {"LIMBA ROMANA": {"medie": 7.045978662289683, "reusita": 91.47567350221149, "cnt": 2487}, "MATEMATICA MATE-INFO": {"medie": 8.35795454545454, "reusita": 97.74774774774775, "cnt": 222}, "INFORMATICA MI C/C++": {"medie": 8.479069767441857, "reusita": 100.0, "cnt": 129}, "GENERAL": {"medie": 7.4069491051454115, "reusita": 76.23642943305187, "cnt": 2487}, "ISTORIE": {"medie": 7.076026490066231, "reusita": 90.27237354085604, "cnt": 771}, "LOGICA, ARGUMENTARE SI COMUNICARE": {"medie": 8.384324942791762, "reusita": 95.71106094808127, "cnt": 443}, "GEOGRAFIE": {"medie": 7.863237221494113, "reusita": 94.51530612244898, "cnt": 784}, "FIZICA TEO": {"medie": 8.37037037037037, "reusita": 98.76543209876543, "cnt": 81}, "CHIMIE ORGANICA TEO NIVEL I/II": {"medie": 8.964285714285714, "reusita": 100.0, "cnt": 28}, "MATEMATICA ST-NAT": {"medie": 8.903864734299512, "reusita": 99.27710843373494, "cnt": 415}, "PSIHOLOGIE": {"medie": 7.676086956521738, "reusita": 100.0, "cnt": 23}, "SOCIOLOGIE": {"medie": 7.546666666666666, "reusita": 93.33333333333333, "cnt": 30}, "ANATOMIE SI FIZIOLOGIE UMANA, GENETICA SI ECOLOGIE UMANA": {"medie": 7.771543408360133, "reusita": 89.0282131661442, "cnt": 319}, "CHIMIE ANORGANICA TEO NIVEL I/II": {"medie": 7.5625, "reusita": 75.0, "cnt": 4}, "BIOLOGIE VEGETALA SI ANIMALA": {"medie": 6.5574468085106385, "reusita": 72.6, "cnt": 500}, "MATEMATICA PED": {"medie": 8.076744186046511, "reusita": 97.67441860465115, "cnt": 86}, "INFORMATICA SN C/C++": {"medie": 8.165517241379312, "reusita": 98.27586206896551, "cnt": 58}, "FILOSOFIE": {"medie": 7.67, "reusita": 100.0, "cnt": 5}, "LIMBA GERMANA": {"medie": 7.8537735849056585, "reusita": 97.35849056603773, "cnt": 265}, "ECONOMIE": {"medie": 5.8687499999999995, "reusita": 87.5, "cnt": 8}, "MATEMATICA TEHN": {"medie": 6.6933226495726466, "reusita": 82.77945619335347, "cnt": 993}, "FIZICA TEH": {"medie": 5.976000000000002, "reusita": 58.620689655172406, "cnt": 58}, "CHIMIE ANORGANICA TEH NIVEL I/II": {"medie": 3.772727272727272, "reusita": 17.647058823529413, "cnt": 17}}, "nume": "Sibiu"}