{"specializari": {"MATEMATICA-INFORMATICA": 1006, "STIINTE ALE NATURII": 646, "STIINTE SOCIALE": 717, "FILOLOGIE": 724, "INVATATOR - EDUCATOARE": 57, "TEHNICIAN IN TURISM": 318, "TEHNICIAN IN ACTIVITATI ECONOMICE": 370, "TEOLOGIE ORTODOXA": 33, "ARTE PLASTICE SI DECORATIVE": 38, "TEHNICIAN IN ACTIVITATI DE COMERT": 71, "LICEU CU PROGRAM SPORTIV": 130, "ARHITECTURA, ARTE AMBIENTALE SI DESIGN": 28, "MUZICA": 39, "CONSERVARE - RESTAURARE": 30, "TEHNICIAN IN GASTRONOMIE": 91, "TEHNICIAN IN SILVICULTURA SI EXPLOATARI FORESTIERE": 99, "TEHNICIAN TRANSPORTURI": 46, "TEHNICIAN IN ADMINISTRATIE": 34, "TEHNICIAN ECOLOG SI PROTECTIA CALITATII MEDIULUI": 118, "TEHNICIAN DESENATOR PENTRU CONSTRUCTII SI INSTALATII": 28, "TEHNICIAN IN HOTELARIE": 42, "ORGANIZATOR BANQUETING": 54, "TEHNICIAN MECATRONIST": 37, "TEHNICIAN IN INDUSTRIA TEXTILA": 26, "TEHNICIAN IN INDUSTRIA ALIMENTARA": 40, "TEHNICIAN DESIGNER VESTIMENTAR": 31, "TEHNICIAN ELECTRICIAN/ELECTRONIST AUTO": 41, "TEHNICIAN ANALIZE PRODUSE ALIMENTARE": 43, "TEHNICIAN IN AGROTURISM": 14, "TEHNICIAN VETERINAR": 19, "TEHNICIAN OPERATOR TEHNICA DE CALCUL": 39, "TEHNICIAN MECANIC PENTRU INTRETINERE SI REPARATII": 59, "TEHNICIAN IN INSTALATII ELECTRICE": 13, "TEHNICIAN IN PRELUCRAREA LEMNULUI": 23, "TEHNICIAN IN AUTOMATIZARI": 30, "TEHNICIAN IN CONSTRUCTII SI LUCRARI PUBLICE": 16, "COAFOR STILIST": 1, "TEHNICIAN ELECTROMECANIC": 2, "TEHNICIAN HORTICULTOR": 4, "TEHNICIAN IN INDUSTRIA PIELARIEI": 8, "TEHNICIAN IN ACTIVITATI DE POSTA": 2, "TEHNICIAN AGRONOM": 1, "TEHNICIAN PROIECTANT CAD": 1}, "limba_moderna": {"LIMBA ENGLEZA": 4720, "LIMBA GERMANA MODERNA": 50, "LIMBA FRANCEZA": 397, "LIMBA SPANIOLA": 1, "LIMBA RUSA": 1}, "limba_materna": {"LIMBA ROMANA": 5143, "LIMBA UCRAINEANA": 26}, "promotie_anterioara": {"NU": 4696, "DA": 473}, "materii": {"LIMBA ROMANA": {"medie": 7.095614899487587, "reusita": 91.58444573418456, "cnt": 5169}, "MATEMATICA MATE-INFO": {"medie": 7.875903614457836, "reusita": 93.53876739562624, "cnt": 1006}, "INFORMATICA MI C/C++": {"medie": 8.613609467455625, "reusita": 97.05882352941177, "cnt": 340}, "GENERAL": {"medie": 7.21355437754216, "reusita": 72.6833043141807, "cnt": 5169}, "ISTORIE": {"medie": 7.575646298472386, "reusita": 93.9620471535365, "cnt": 1739}, "LOGICA, ARGUMENTARE SI COMUNICARE": {"medie": 7.647093479968572, "reusita": 90.47987616099071, "cnt": 1292}, "CHIMIE ORGANICA TEO NIVEL I/II": {"medie": 9.339864864864866, "reusita": 100.0, "cnt": 74}, "MATEMATICA ST-NAT": {"medie": 7.620015576323991, "reusita": 91.79566563467493, "cnt": 646}, "FIZICA TEO": {"medie": 8.53083333333333, "reusita": 99.17355371900827, "cnt": 121}, "GEOGRAFIE": {"medie": 7.633371559633016, "reusita": 93.45724907063196, "cnt": 1345}, "PSIHOLOGIE": {"medie": 7.334090909090907, "reusita": 95.45454545454545, "cnt": 66}, "ANATOMIE SI FIZIOLOGIE UMANA, GENETICA SI ECOLOGIE UMANA": {"medie": 7.280986445783126, "reusita": 88.49294729027469, "cnt": 1347}, "CHIMIE ANORGANICA TEO NIVEL I/II": {"medie": 8.040000000000001, "reusita": 100.0, "cnt": 15}, "BIOLOGIE VEGETALA SI ANIMALA": {"medie": 4.740977443609022, "reusita": 40.96109839816934, "cnt": 437}, "SOCIOLOGIE": {"medie": 7.420000000000001, "reusita": 98.33333333333333, "cnt": 60}, "INFORMATICA SN C/C++": {"medie": 7.916666666666667, "reusita": 100.0, "cnt": 9}, "MATEMATICA PED": {"medie": 9.483333333333333, "reusita": 100.0, "cnt": 57}, "FILOSOFIE": {"medie": 8.64, "reusita": 100.0, "cnt": 10}, "MATEMATICA TEHN": {"medie": 5.7732394366197255, "reusita": 69.61069145845438, "cnt": 1721}, "FIZICA TEH": {"medie": 4.419642857142857, "reusita": 41.935483870967744, "cnt": 31}, "ECONOMIE": {"medie": 6.2749999999999995, "reusita": 66.66666666666666, "cnt": 6}, "CHIMIE ANORGANICA TEH NIVEL I/II": {"medie": 4.819999999999999, "reusita": 66.66666666666666, "cnt": 15}, "CHIMIE ORGANICA TEH NIVEL I/II": {"medie": 3.3, "reusita": 0.0, "cnt": 1}, "LIMBA UCRAINEANA": {"medie": 7.34, "reusita": 96.15384615384616, "cnt": 26}}, "nume": "Suceava"}