{"specializari": {"STIINTE SOCIALE": 717, "STIINTE ALE NATURII": 646, "MATEMATICA-INFORMATICA": 1006, "FILOLOGIE": 724, "INVATATOR - EDUCATOARE": 57, "TEHNICIAN IN TURISM": 318, "TEHNICIAN IN ACTIVITATI ECONOMICE": 370, "TEOLOGIE ORTODOXA": 33, "ARTE PLASTICE SI DECORATIVE": 38, "TEHNICIAN IN ACTIVITATI DE COMERT": 71, "LICEU CU PROGRAM SPORTIV": 130, "ARHITECTURA, ARTE AMBIENTALE SI DESIGN": 28, "MUZICA": 39, "CONSERVARE - RESTAURARE": 30, "TEHNICIAN IN ADMINISTRATIE": 34, "TEHNICIAN IN SILVICULTURA SI EXPLOATARI FORESTIERE": 99, "TEHNICIAN IN GASTRONOMIE": 91, "TEHNICIAN TRANSPORTURI": 46, "TEHNICIAN ECOLOG SI PROTECTIA CALITATII MEDIULUI": 118, "TEHNICIAN DESENATOR PENTRU CONSTRUCTII SI INSTALATII": 28, "TEHNICIAN IN HOTELARIE": 42, "ORGANIZATOR BANQUETING": 54, "TEHNICIAN MECATRONIST": 37, "TEHNICIAN IN INDUSTRIA TEXTILA": 26, "TEHNICIAN IN INDUSTRIA ALIMENTARA": 40, "TEHNICIAN DESIGNER VESTIMENTAR": 31, "TEHNICIAN ELECTRICIAN/ELECTRONIST AUTO": 41, "TEHNICIAN ANALIZE PRODUSE ALIMENTARE": 43, "TEHNICIAN IN AGROTURISM": 14, "TEHNICIAN VETERINAR": 19, "TEHNICIAN OPERATOR TEHNICA DE CALCUL": 39, "TEHNICIAN IN INSTALATII ELECTRICE": 13, "TEHNICIAN MECANIC PENTRU INTRETINERE SI REPARATII": 59, "TEHNICIAN IN PRELUCRAREA LEMNULUI": 23, "TEHNICIAN IN AUTOMATIZARI": 30, "TEHNICIAN IN CONSTRUCTII SI LUCRARI PUBLICE": 16, "COAFOR STILIST": 1, "TEHNICIAN ELECTROMECANIC": 2, "TEHNICIAN HORTICULTOR": 4, "TEHNICIAN IN INDUSTRIA PIELARIEI": 8, "TEHNICIAN IN ACTIVITATI DE POSTA": 2, "TEHNICIAN AGRONOM": 1, "TEHNICIAN PROIECTANT CAD": 1}, "limba_moderna": {"LIMBA ENGLEZA": 4720, "LIMBA GERMANA MODERNA": 50, "LIMBA FRANCEZA": 397, "LIMBA SPANIOLA": 1, "LIMBA RUSA": 1}, "limba_materna": {"LIMBA ROMANA": 5143, "LIMBA UCRAINEANA": 26}, "promotie_anterioara": {"NU": 4696, "DA": 473}, "materii": {"LIMBA ROMANA": {"medie": 7.160287741426904, "reusita": 92.41632810988585, "cnt": 5169}, "MATEMATICA MATE-INFO": {"medie": 7.905622489959838, "reusita": 93.53876739562624, "cnt": 1006}, "INFORMATICA MI C/C++": {"medie": 8.621597633136098, "reusita": 97.05882352941177, "cnt": 340}, "GENERAL": {"medie": 7.259989497899577, "reusita": 74.90810601663765, "cnt": 5169}, "ISTORIE": {"medie": 7.572532314923628, "reusita": 93.78953421506613, "cnt": 1739}, "LOGICA, ARGUMENTARE SI COMUNICARE": {"medie": 7.770502749410828, "reusita": 91.09907120743034, "cnt": 1292}, "GEOGRAFIE": {"medie": 7.6339831804281175, "reusita": 93.38289962825279, "cnt": 1345}, "FIZICA TEO": {"medie": 8.568333333333328, "reusita": 99.17355371900827, "cnt": 121}, "CHIMIE ORGANICA TEO NIVEL I/II": {"medie": 9.338513513513515, "reusita": 100.0, "cnt": 74}, "MATEMATICA ST-NAT": {"medie": 7.646261682242997, "reusita": 92.87925696594426, "cnt": 646}, "PSIHOLOGIE": {"medie": 7.403030303030303, "reusita": 95.45454545454545, "cnt": 66}, "SOCIOLOGIE": {"medie": 7.559166666666668, "reusita": 98.33333333333333, "cnt": 60}, "ANATOMIE SI FIZIOLOGIE UMANA, GENETICA SI ECOLOGIE UMANA": {"medie": 7.353200301204823, "reusita": 89.75501113585747, "cnt": 1347}, "CHIMIE ANORGANICA TEO NIVEL I/II": {"medie": 8.043333333333335, "reusita": 100.0, "cnt": 15}, "BIOLOGIE VEGETALA SI ANIMALA": {"medie": 4.820927318295739, "reusita": 43.7070938215103, "cnt": 437}, "MATEMATICA PED": {"medie": 9.519298245614033, "reusita": 100.0, "cnt": 57}, "INFORMATICA SN C/C++": {"medie": 7.916666666666667, "reusita": 100.0, "cnt": 9}, "FILOSOFIE": {"medie": 8.7, "reusita": 100.0, "cnt": 10}, "ECONOMIE": {"medie": 6.316666666666666, "reusita": 66.66666666666666, "cnt": 6}, "MATEMATICA TEHN": {"medie": 5.787936313533384, "reusita": 70.19174898314932, "cnt": 1721}, "FIZICA TEH": {"medie": 4.423214285714286, "reusita": 41.935483870967744, "cnt": 31}, "CHIMIE ORGANICA TEH NIVEL I/II": {"medie": 3.3, "reusita": 0.0, "cnt": 1}, "CHIMIE ANORGANICA TEH NIVEL I/II": {"medie": 4.819999999999999, "reusita": 66.66666666666666, "cnt": 15}, "LIMBA UCRAINEANA": {"medie": 7.339999999999999, "reusita": 96.15384615384616, "cnt": 26}}, "nume": "Suceava"}