{"specializari": {"FILOLOGIE": 642, "MATEMATICA-INFORMATICA": 486, "STIINTE SOCIALE": 169, "INVATATOR - EDUCATOARE": 60, "STIINTE ALE NATURII": 161, "TEHNICIAN IN TURISM": 35, "TEHNICIAN IN ACTIVITATI ECONOMICE": 109, "LICEU CU PROGRAM SPORTIV": 44, "TEHNICIAN IN GASTRONOMIE": 32, "TEHNICIAN ECOLOG SI PROTECTIA CALITATII MEDIULUI": 56, "TEHNICIAN MECANIC PENTRU INTRETINERE SI REPARATII": 31, "TEHNICIAN IN INDUSTRIA ALIMENTARA": 14, "TEHNICIAN TRANSPORTURI": 6, "TEHNICIAN IN ACTIVITATI DE COMERT": 16, "TEHNICIAN IN INSTALATII ELECTRICE": 16, "TEOLOGIE ORTODOXA": 2, "TEHNICIAN ENERGETICIAN": 1, "TEHNICIAN ELECTROMECANIC": 16, "TEHNICIAN VETERINAR": 11, "TEHNICIAN PROIECTANT CAD": 1, "TEHNICIAN IN AGRICULTURA": 4, "TEHNICIAN MECATRONIST": 16, "TEHNICIAN ELECTROTEHNIST": 3, "TEHNICIAN IN INDUSTRIA TEXTILA": 4, "TEHNICIAN IN AGRICULTURA ECOLOGICA": 1, "TEHNICIAN PRELUCRARI MECANICE": 1, "TEHNICIAN IN ACHIZITII SI CONTRACTARI": 1, "TEHNICIAN ANALIZE PRODUSE ALIMENTARE": 3, "TEHNICIAN IN ADMINISTRATIE": 1, "TEHNICIAN IN CONSTRUCTII SI LUCRARI PUBLICE": 1}, "limba_moderna": {"LIMBA ENGLEZA": 1880, "LIMBA FRANCEZA": 62, "LIMBA RUSA": 1}, "limba_materna": {"LIMBA ROMANA": 1943}, "promotie_anterioara": {"NU": 1588, "DA": 355}, "materii": {"LIMBA ROMANA": {"medie": 6.342982456140347, "reusita": 79.51621204323212, "cnt": 1943}, "MATEMATICA MATE-INFO": {"medie": 6.235699152542376, "reusita": 75.1028806584362, "cnt": 486}, "INFORMATICA MI C/C++": {"medie": 7.1261363636363635, "reusita": 91.11111111111111, "cnt": 45}, "GENERAL": {"medie": 6.438401398086831, "reusita": 57.59135357694287, "cnt": 1943}, "ISTORIE": {"medie": 6.674107142857149, "reusita": 88.2147024504084, "cnt": 857}, "LOGICA, ARGUMENTARE SI COMUNICARE": {"medie": 7.913763066202086, "reusita": 90.41095890410958, "cnt": 292}, "GEOGRAFIE": {"medie": 7.236135693215337, "reusita": 85.049365303244, "cnt": 709}, "FIZICA TEO": {"medie": 8.70151515151515, "reusita": 97.01492537313433, "cnt": 67}, "CHIMIE ORGANICA TEO NIVEL I/II": {"medie": 9.521052631578948, "reusita": 100.0, "cnt": 19}, "MATEMATICA ST-NAT": {"medie": 4.362847222222221, "reusita": 44.099378881987576, "cnt": 161}, "PSIHOLOGIE": {"medie": 7.840476190476192, "reusita": 90.9090909090909, "cnt": 22}, "SOCIOLOGIE": {"medie": 6.024657534246576, "reusita": 72.36842105263158, "cnt": 76}, "ANATOMIE SI FIZIOLOGIE UMANA, GENETICA SI ECOLOGIE UMANA": {"medie": 6.2390269151138655, "reusita": 72.72727272727273, "cnt": 506}, "BIOLOGIE VEGETALA SI ANIMALA": {"medie": 4.519155844155842, "reusita": 42.62295081967213, "cnt": 183}, "MATEMATICA PED": {"medie": 7.491525423728816, "reusita": 88.33333333333333, "cnt": 60}, "INFORMATICA SN C/C++": {"medie": 5.4, "reusita": 100.0, "cnt": 1}, "FILOSOFIE": {"medie": 7.1949999999999985, "reusita": 90.0, "cnt": 10}, "ECONOMIE": {"medie": 7.35, "reusita": 100.0, "cnt": 2}, "MATEMATICA TEHN": {"medie": 4.085889570552145, "reusita": 43.007915567282325, "cnt": 379}, "FIZICA TEH": {"medie": 3.625, "reusita": 20.0, "cnt": 5}, "CHIMIE ANORGANICA TEH NIVEL I/II": {"medie": 3.75, "reusita": 20.0, "cnt": 5}, "INFORMATICA MI PASCAL": {"medie": "-", "reusita": 0.0, "cnt": 1}}, "nume": "Teleorman"}