{"specializari": {"FILOLOGIE": 642, "MATEMATICA-INFORMATICA": 486, "STIINTE SOCIALE": 169, "INVATATOR - EDUCATOARE": 60, "STIINTE ALE NATURII": 161, "TEHNICIAN IN TURISM": 35, "TEHNICIAN IN ACTIVITATI ECONOMICE": 109, "LICEU CU PROGRAM SPORTIV": 44, "TEHNICIAN ECOLOG SI PROTECTIA CALITATII MEDIULUI": 56, "TEHNICIAN IN GASTRONOMIE": 32, "TEHNICIAN MECANIC PENTRU INTRETINERE SI REPARATII": 31, "TEHNICIAN IN INDUSTRIA ALIMENTARA": 14, "TEHNICIAN TRANSPORTURI": 6, "TEHNICIAN IN ACTIVITATI DE COMERT": 16, "TEHNICIAN IN INSTALATII ELECTRICE": 16, "TEOLOGIE ORTODOXA": 2, "TEHNICIAN ENERGETICIAN": 1, "TEHNICIAN ELECTROMECANIC": 16, "TEHNICIAN VETERINAR": 11, "TEHNICIAN PROIECTANT CAD": 1, "TEHNICIAN IN AGRICULTURA": 4, "TEHNICIAN MECATRONIST": 16, "TEHNICIAN ELECTROTEHNIST": 3, "TEHNICIAN IN INDUSTRIA TEXTILA": 4, "TEHNICIAN IN AGRICULTURA ECOLOGICA": 1, "TEHNICIAN PRELUCRARI MECANICE": 1, "TEHNICIAN IN ACHIZITII SI CONTRACTARI": 1, "TEHNICIAN ANALIZE PRODUSE ALIMENTARE": 3, "TEHNICIAN IN ADMINISTRATIE": 1, "TEHNICIAN IN CONSTRUCTII SI LUCRARI PUBLICE": 1}, "limba_moderna": {"LIMBA ENGLEZA": 1880, "LIMBA FRANCEZA": 62, "LIMBA RUSA": 1}, "limba_materna": {"LIMBA ROMANA": 1943}, "promotie_anterioara": {"NU": 1588, "DA": 355}, "materii": {"LIMBA ROMANA": {"medie": 6.289207868155241, "reusita": 78.07514153371076, "cnt": 1943}, "MATEMATICA MATE-INFO": {"medie": 6.17383474576272, "reusita": 70.78189300411523, "cnt": 486}, "INFORMATICA MI C/C++": {"medie": 7.030681818181818, "reusita": 91.11111111111111, "cnt": 45}, "GENERAL": {"medie": 6.406153421633556, "reusita": 55.172413793103445, "cnt": 1943}, "ISTORIE": {"medie": 6.6305357142857195, "reusita": 85.53092182030339, "cnt": 857}, "LOGICA, ARGUMENTARE SI COMUNICARE": {"medie": 7.922473867595812, "reusita": 90.41095890410958, "cnt": 292}, "CHIMIE ORGANICA TEO NIVEL I/II": {"medie": 9.423684210526316, "reusita": 100.0, "cnt": 19}, "MATEMATICA ST-NAT": {"medie": 4.346180555555554, "reusita": 43.47826086956522, "cnt": 161}, "FIZICA TEO": {"medie": 8.728787878787877, "reusita": 97.01492537313433, "cnt": 67}, "GEOGRAFIE": {"medie": 7.234144542772863, "reusita": 85.1904090267983, "cnt": 709}, "PSIHOLOGIE": {"medie": 7.840476190476192, "reusita": 90.9090909090909, "cnt": 22}, "ANATOMIE SI FIZIOLOGIE UMANA, GENETICA SI ECOLOGIE UMANA": {"medie": 6.230952380952377, "reusita": 71.54150197628458, "cnt": 506}, "BIOLOGIE VEGETALA SI ANIMALA": {"medie": 4.52207792207792, "reusita": 42.07650273224044, "cnt": 183}, "SOCIOLOGIE": {"medie": 6.098630136986301, "reusita": 72.36842105263158, "cnt": 76}, "INFORMATICA SN C/C++": {"medie": 5.0, "reusita": 100.0, "cnt": 1}, "MATEMATICA PED": {"medie": 7.438983050847462, "reusita": 86.66666666666667, "cnt": 60}, "FILOSOFIE": {"medie": 7.125, "reusita": 90.0, "cnt": 10}, "MATEMATICA TEHN": {"medie": 4.08113496932515, "reusita": 42.74406332453825, "cnt": 379}, "FIZICA TEH": {"medie": 3.625, "reusita": 20.0, "cnt": 5}, "ECONOMIE": {"medie": 7.35, "reusita": 100.0, "cnt": 2}, "CHIMIE ANORGANICA TEH NIVEL I/II": {"medie": 3.75, "reusita": 20.0, "cnt": 5}, "INFORMATICA MI PASCAL": {"medie": "-", "reusita": 0.0, "cnt": 1}}, "nume": "Teleorman"}