{"specializari": {"MATEMATICA-INFORMATICA": 749, "STIINTE SOCIALE": 304, "STIINTE ALE NATURII": 611, "INVATATOR - EDUCATOARE": 28, "FILOLOGIE": 664, "MUZICA": 50, "LICEU CU PROGRAM SPORTIV": 131, "ARTA ACTORULUI": 15, "ARHITECTURA, ARTE AMBIENTALE SI DESIGN": 103, "COREGRAFIE": 8, "TEHNICIAN IN ACTIVITATI ECONOMICE": 461, "TEHNICIAN IN ADMINISTRATIE": 100, "ORGANIZATOR BANQUETING": 67, "ARTE PLASTICE SI DECORATIVE": 33, "TEOLOGIE ORTODOXA": 25, "TEHNICIAN OPERATOR TEHNICA DE CALCUL": 63, "TEHNICIAN IN TURISM": 92, "TEOLOGIE BAPTISTA": 32, "TEOLOGIE ROMANO-CATOLICA": 34, "TEHNICIAN DE TELECOMUNICATII": 61, "TEHNICIAN IN INSTALATII ELECTRICE": 83, "TEHNICIAN ANALIZE PRODUSE ALIMENTARE": 76, "TEOLOGIE PENTICOSTALA": 19, "TEHNICIAN MECATRONIST": 65, "TEHNICIAN TRANSPORTURI": 32, "TEHNICIAN IN AGRICULTURA": 3, "TEHNICIAN ECOLOG SI PROTECTIA CALITATII MEDIULUI": 35, "TEHNICIAN IN AUTOMATIZARI": 43, "TEHNICIAN IN GASTRONOMIE": 27, "TEHNICIAN DESENATOR PENTRU CONSTRUCTII SI INSTALATII": 47, "TEHNICIAN IN SILVICULTURA SI EXPLOATARI FORESTIERE": 20, "TEHNICIAN OPERATORI ROBOTI INDUSTRIALI": 30, "TEHNICIAN AGRONOM": 4, "COAFOR STILIST": 11, "TEHNICIAN IN INDUSTRIA TEXTILA": 13, "TEHNICIAN OPERATOR PROCESARE TEXT IMAGINE": 37, "TEHNICIAN ELECTROTEHNIST": 9, "TEHNICIAN PROIECTANT CAD": 4, "TEHNICIAN ELECTROMECANIC": 10, "TEHNICIAN MECANIC PENTRU INTRETINERE SI REPARATII": 30, "TEHNICIAN DESIGNER VESTIMENTAR": 8, "TEHNICIAN IN INDUSTRIA ALIMENTARA": 2, "TEHNICIAN IN CHIMIE INDUSTRIALA": 5, "TEHNICIAN IN ACTIVITATI DE COMERT": 4, "TEHNICIAN IN INDUSTRIA PIELARIEI": 4, "TEHNICIAN VETERINAR": 4, "TEHNICIAN ENERGETICIAN": 2, "TEHNICIAN IN CONSTRUCTII SI LUCRARI PUBLICE": 2, "TEHNICIAN CHIMIST DE LABORATOR": 2, "TEHNICIAN IN PRELUCRAREA LEMNULUI": 1, "TEHNICIAN METROLOG": 1, "TEHNICIAN ELECTRONIST": 1, "TEHNICIAN DESIGNER MOBILA SI AMENAJARI INTERIOARE": 1}, "limba_moderna": {"LIMBA ENGLEZA": 4076, "LIMBA FRANCEZA": 119, "LIMBA GERMANA MODERNA": 23, "LIMBA SPANIOLA": 29, "LIMBA ITALIANA": 19}, "limba_materna": {"LIMBA ROMANA": 4074, "LIMBA GERMANA": 95, "LIMBA MAGHIARA": 48, "LIMBA SARBA": 22, "LIMBA UCRAINEANA": 27}, "promotie_anterioara": {"NU": 3561, "DA": 705}, "materii": {"LIMBA ROMANA": {"medie": 6.8799373040751775, "reusita": 88.56071261134552, "cnt": 4266}, "MATEMATICA MATE-INFO": {"medie": 7.9311994609164405, "reusita": 92.25634178905207, "cnt": 749}, "INFORMATICA MI C/C++": {"medie": 8.553720930232558, "reusita": 98.6046511627907, "cnt": 215}, "GENERAL": {"medie": 7.137768683862458, "reusita": 69.22175339896859, "cnt": 4266}, "ISTORIE": {"medie": 7.204509379509383, "reusita": 90.19746121297602, "cnt": 1418}, "LOGICA, ARGUMENTARE SI COMUNICARE": {"medie": 8.170574162679424, "reusita": 89.81481481481481, "cnt": 216}, "CHIMIE ORGANICA TEO NIVEL I/II": {"medie": 8.445833333333335, "reusita": 95.83333333333334, "cnt": 24}, "MATEMATICA ST-NAT": {"medie": 7.318905472636826, "reusita": 84.94271685761048, "cnt": 611}, "FIZICA TEO": {"medie": 8.52230769230769, "reusita": 100.0, "cnt": 65}, "GEOGRAFIE": {"medie": 7.643914569923924, "reusita": 91.11731843575419, "cnt": 1790}, "PSIHOLOGIE": {"medie": 7.190579710144929, "reusita": 94.28571428571428, "cnt": 70}, "ANATOMIE SI FIZIOLOGIE UMANA, GENETICA SI ECOLOGIE UMANA": {"medie": 7.629541015624998, "reusita": 89.63531669865642, "cnt": 1042}, "CHIMIE ANORGANICA TEO NIVEL I/II": {"medie": 7.585714285714287, "reusita": 92.85714285714286, "cnt": 14}, "BIOLOGIE VEGETALA SI ANIMALA": {"medie": 5.4381508078994605, "reusita": 57.450331125827816, "cnt": 604}, "SOCIOLOGIE": {"medie": 7.640000000000003, "reusita": 94.5945945945946, "cnt": 111}, "INFORMATICA SN C/C++": {"medie": 7.757142857142857, "reusita": 100.0, "cnt": 21}, "MATEMATICA PED": {"medie": 9.35357142857143, "reusita": 100.0, "cnt": 28}, "FILOSOFIE": {"medie": 8.383333333333333, "reusita": 100.0, "cnt": 9}, "LIMBA GERMANA": {"medie": 7.667553191489363, "reusita": 90.52631578947368, "cnt": 95}, "MATEMATICA TEHN": {"medie": 6.020586025544709, "reusita": 70.47945205479452, "cnt": 1460}, "FIZICA TEH": {"medie": 5.786363636363637, "reusita": 59.25925925925925, "cnt": 54}, "LIMBA MAGHIARA (REAL)": {"medie": 7.242857142857141, "reusita": 92.85714285714286, "cnt": 28}, "ECONOMIE": {"medie": 6.616666666666666, "reusita": 91.66666666666666, "cnt": 12}, "CHIMIE ANORGANICA TEH NIVEL I/II": {"medie": 4.15, "reusita": 42.857142857142854, "cnt": 7}, "LIMBA MAGHIARA (UMAN)": {"medie": 6.9375, "reusita": 100.0, "cnt": 20}, "CHIMIE ORGANICA TEH NIVEL I/II": {"medie": 4.949999999999999, "reusita": 33.33333333333333, "cnt": 3}, "INFORMATICA MI PASCAL": {"medie": 8.116666666666667, "reusita": 100.0, "cnt": 9}, "LIMBA SARBA": {"medie": 8.004545454545454, "reusita": 95.45454545454545, "cnt": 22}, "LIMBA UCRAINEANA": {"medie": 9.014814814814812, "reusita": 100.0, "cnt": 27}}, "nume": "Timi\u0219"}