{"specializari": {"MATEMATICA-INFORMATICA": 749, "STIINTE ALE NATURII": 611, "STIINTE SOCIALE": 304, "INVATATOR - EDUCATOARE": 28, "FILOLOGIE": 664, "TEHNICIAN IN ACTIVITATI ECONOMICE": 461, "MUZICA": 50, "LICEU CU PROGRAM SPORTIV": 131, "ARHITECTURA, ARTE AMBIENTALE SI DESIGN": 103, "ARTA ACTORULUI": 15, "COREGRAFIE": 8, "ORGANIZATOR BANQUETING": 67, "TEHNICIAN IN ADMINISTRATIE": 100, "ARTE PLASTICE SI DECORATIVE": 33, "TEOLOGIE ORTODOXA": 25, "TEHNICIAN OPERATOR TEHNICA DE CALCUL": 63, "TEHNICIAN IN TURISM": 92, "TEOLOGIE BAPTISTA": 32, "TEHNICIAN DE TELECOMUNICATII": 61, "TEOLOGIE ROMANO-CATOLICA": 34, "TEHNICIAN IN INSTALATII ELECTRICE": 83, "TEHNICIAN ANALIZE PRODUSE ALIMENTARE": 76, "TEOLOGIE PENTICOSTALA": 19, "TEHNICIAN MECATRONIST": 65, "TEHNICIAN TRANSPORTURI": 32, "TEHNICIAN ECOLOG SI PROTECTIA CALITATII MEDIULUI": 35, "TEHNICIAN IN AGRICULTURA": 3, "TEHNICIAN IN AUTOMATIZARI": 43, "TEHNICIAN IN GASTRONOMIE": 27, "TEHNICIAN DESENATOR PENTRU CONSTRUCTII SI INSTALATII": 47, "TEHNICIAN IN SILVICULTURA SI EXPLOATARI FORESTIERE": 20, "TEHNICIAN OPERATORI ROBOTI INDUSTRIALI": 30, "TEHNICIAN AGRONOM": 4, "COAFOR STILIST": 11, "TEHNICIAN IN INDUSTRIA TEXTILA": 13, "TEHNICIAN OPERATOR PROCESARE TEXT IMAGINE": 37, "TEHNICIAN ELECTROTEHNIST": 9, "TEHNICIAN PROIECTANT CAD": 4, "TEHNICIAN ELECTROMECANIC": 10, "TEHNICIAN MECANIC PENTRU INTRETINERE SI REPARATII": 30, "TEHNICIAN DESIGNER VESTIMENTAR": 8, "TEHNICIAN IN INDUSTRIA ALIMENTARA": 2, "TEHNICIAN IN CHIMIE INDUSTRIALA": 5, "TEHNICIAN IN ACTIVITATI DE COMERT": 4, "TEHNICIAN IN INDUSTRIA PIELARIEI": 4, "TEHNICIAN VETERINAR": 4, "TEHNICIAN ENERGETICIAN": 2, "TEHNICIAN IN CONSTRUCTII SI LUCRARI PUBLICE": 2, "TEHNICIAN CHIMIST DE LABORATOR": 2, "TEHNICIAN IN PRELUCRAREA LEMNULUI": 1, "TEHNICIAN METROLOG": 1, "TEHNICIAN ELECTRONIST": 1, "TEHNICIAN DESIGNER MOBILA SI AMENAJARI INTERIOARE": 1}, "limba_moderna": {"LIMBA ENGLEZA": 4076, "LIMBA FRANCEZA": 119, "LIMBA GERMANA MODERNA": 23, "LIMBA SPANIOLA": 29, "LIMBA ITALIANA": 19}, "limba_materna": {"LIMBA ROMANA": 4074, "LIMBA GERMANA": 95, "LIMBA MAGHIARA": 48, "LIMBA SARBA": 22, "LIMBA UCRAINEANA": 27}, "promotie_anterioara": {"NU": 3561, "DA": 705}, "materii": {"LIMBA ROMANA": {"medie": 6.936725343621841, "reusita": 89.87341772151899, "cnt": 4266}, "MATEMATICA MATE-INFO": {"medie": 7.940835579514825, "reusita": 92.5233644859813, "cnt": 749}, "INFORMATICA MI C/C++": {"medie": 8.539302325581396, "reusita": 98.6046511627907, "cnt": 215}, "GENERAL": {"medie": 7.164514095568775, "reusita": 71.47210501640882, "cnt": 4266}, "ISTORIE": {"medie": 7.261291486291484, "reusita": 92.17207334273625, "cnt": 1418}, "LOGICA, ARGUMENTARE SI COMUNICARE": {"medie": 8.1377990430622, "reusita": 89.35185185185185, "cnt": 216}, "GEOGRAFIE": {"medie": 7.664803978935041, "reusita": 91.50837988826815, "cnt": 1790}, "FIZICA TEO": {"medie": 8.532307692307691, "reusita": 100.0, "cnt": 65}, "CHIMIE ORGANICA TEO NIVEL I/II": {"medie": 8.456250000000002, "reusita": 95.83333333333334, "cnt": 24}, "MATEMATICA ST-NAT": {"medie": 7.304726368159211, "reusita": 84.61538461538461, "cnt": 611}, "PSIHOLOGIE": {"medie": 7.157971014492755, "reusita": 92.85714285714286, "cnt": 70}, "SOCIOLOGIE": {"medie": 7.707727272727276, "reusita": 94.5945945945946, "cnt": 111}, "ANATOMIE SI FIZIOLOGIE UMANA, GENETICA SI ECOLOGIE UMANA": {"medie": 7.620654296874999, "reusita": 89.25143953934742, "cnt": 1042}, "CHIMIE ANORGANICA TEO NIVEL I/II": {"medie": 7.567857142857143, "reusita": 92.85714285714286, "cnt": 14}, "BIOLOGIE VEGETALA SI ANIMALA": {"medie": 5.420466786355474, "reusita": 57.284768211920536, "cnt": 604}, "MATEMATICA PED": {"medie": 9.360714285714286, "reusita": 100.0, "cnt": 28}, "INFORMATICA SN C/C++": {"medie": 7.757142857142857, "reusita": 100.0, "cnt": 21}, "FILOSOFIE": {"medie": 8.383333333333333, "reusita": 100.0, "cnt": 9}, "LIMBA GERMANA": {"medie": 7.652127659574469, "reusita": 90.52631578947368, "cnt": 95}, "ECONOMIE": {"medie": 6.608333333333332, "reusita": 91.66666666666666, "cnt": 12}, "MATEMATICA TEHN": {"medie": 6.020435762584528, "reusita": 71.0958904109589, "cnt": 1460}, "FIZICA TEH": {"medie": 5.76590909090909, "reusita": 59.25925925925925, "cnt": 54}, "LIMBA MAGHIARA (REAL)": {"medie": 7.337499999999999, "reusita": 96.42857142857143, "cnt": 28}, "CHIMIE ORGANICA TEH NIVEL I/II": {"medie": 4.925, "reusita": 33.33333333333333, "cnt": 3}, "CHIMIE ANORGANICA TEH NIVEL I/II": {"medie": 4.15, "reusita": 42.857142857142854, "cnt": 7}, "LIMBA MAGHIARA (UMAN)": {"medie": 6.9375, "reusita": 100.0, "cnt": 20}, "INFORMATICA MI PASCAL": {"medie": 8.172222222222224, "reusita": 100.0, "cnt": 9}, "LIMBA SARBA": {"medie": 8.004545454545454, "reusita": 95.45454545454545, "cnt": 22}, "LIMBA UCRAINEANA": {"medie": 9.014814814814812, "reusita": 100.0, "cnt": 27}}, "nume": "Timi\u0219"}