{"specializari": {"STIINTE SOCIALE": 161, "FILOLOGIE": 131, "STIINTE ALE NATURII": 125, "MATEMATICA-INFORMATICA": 162, "INVATATOR - EDUCATOARE": 28, "ARHITECTURA, ARTE AMBIENTALE SI DESIGN": 14, "TEHNICIAN IN ACTIVITATI ECONOMICE": 60, "TEHNICIAN IN ACTIVITATI DE COMERT": 32, "TEHNICIAN IN INDUSTRIA ALIMENTARA": 40, "LICEU CU PROGRAM SPORTIV": 52, "TEHNICIAN IN TURISM": 35, "MUZICA": 14, "TEHNICIAN MECANIC PENTRU INTRETINERE SI REPARATII": 13, "TEHNICIAN ECOLOG SI PROTECTIA CALITATII MEDIULUI": 64, "TEHNICIAN IN AUTOMATIZARI": 20, "ARTA ACTORULUI": 11, "TEHNICIAN ELECTROMECANIC": 27, "TEOLOGIE ORTODOXA": 11, "ARTE PLASTICE SI DECORATIVE": 18, "TEHNICIAN ANALIZE PRODUSE ALIMENTARE": 23, "TEHNICIAN IN CONSTRUCTII SI LUCRARI PUBLICE": 11, "TEHNICIAN MECATRONIST": 15, "TEHNICIAN IN GASTRONOMIE": 31, "TEHNICIAN IN INDUSTRIA TEXTILA": 9, "TEHNICIAN PROIECTANT CAD": 13, "TEHNICIAN INSTALATOR PENTRU CONSTRUCTII": 6, "TEHNICIAN VETERINAR": 9, "TEHNICIAN IN AGRICULTURA": 1, "TEHNICIAN IN ADMINISTRATIE": 1, "TEHNICIAN IN INSTALATII ELECTRICE": 2, "TEHNICIAN ELECTRONIST": 1, "TEHNICIAN ELECTROTEHNIST": 1, "TEHNICIAN DE TELECOMUNICATII": 1, "TEHNICIAN IN AGROTURISM": 2}, "limba_moderna": {"LIMBA ENGLEZA": 1116, "LIMBA FRANCEZA": 24, "LIMBA RUSA": 4}, "limba_materna": {"LIMBA ROMANA": 1144}, "promotie_anterioara": {"NU": 960, "DA": 184}, "materii": {"LIMBA ROMANA": {"medie": 6.720526315789486, "reusita": 86.53846153846155, "cnt": 1144}, "MATEMATICA MATE-INFO": {"medie": 6.925477707006368, "reusita": 78.39506172839506, "cnt": 162}, "INFORMATICA MI C/C++": {"medie": 8.63421052631579, "reusita": 100.0, "cnt": 19}, "GENERAL": {"medie": 6.9557225258044975, "reusita": 66.25874125874127, "cnt": 1144}, "ISTORIE": {"medie": 6.9206097560975595, "reusita": 87.86407766990291, "cnt": 412}, "LOGICA, ARGUMENTARE SI COMUNICARE": {"medie": 8.431206896551725, "reusita": 94.17808219178082, "cnt": 292}, "GEOGRAFIE": {"medie": 7.262289562289558, "reusita": 90.33333333333333, "cnt": 300}, "FIZICA TEO": {"medie": 9.038095238095238, "reusita": 97.67441860465115, "cnt": 43}, "CHIMIE ORGANICA TEO NIVEL I/II": {"medie": 8.945000000000002, "reusita": 100.0, "cnt": 10}, "MATEMATICA ST-NAT": {"medie": 8.58801652892562, "reusita": 94.39999999999999, "cnt": 125}, "PSIHOLOGIE": {"medie": 8.583333333333334, "reusita": 100.0, "cnt": 3}, "ANATOMIE SI FIZIOLOGIE UMANA, GENETICA SI ECOLOGIE UMANA": {"medie": 7.108876811594206, "reusita": 84.24657534246576, "cnt": 292}, "CHIMIE ANORGANICA TEO NIVEL I/II": {"medie": 8.123333333333331, "reusita": 96.66666666666667, "cnt": 30}, "BIOLOGIE VEGETALA SI ANIMALA": {"medie": 5.175581395348838, "reusita": 50.70422535211267, "cnt": 142}, "MATEMATICA PED": {"medie": 8.173214285714284, "reusita": 100.0, "cnt": 28}, "ECONOMIE": {"medie": 7.3, "reusita": 75.0, "cnt": 4}, "MATEMATICA TEHN": {"medie": 5.552678571428571, "reusita": 65.70743405275779, "cnt": 417}, "FIZICA TEH": {"medie": 6.314285714285715, "reusita": 57.14285714285714, "cnt": 7}, "CHIMIE ORGANICA TEH NIVEL I/II": {"medie": 4.05, "reusita": 0.0, "cnt": 1}, "CHIMIE ANORGANICA TEH NIVEL I/II": {"medie": 5.9, "reusita": 100.0, "cnt": 1}}, "nume": "Tulcea"}