{"specializari": {"STIINTE SOCIALE": 161, "FILOLOGIE": 131, "STIINTE ALE NATURII": 125, "MATEMATICA-INFORMATICA": 162, "INVATATOR - EDUCATOARE": 28, "ARHITECTURA, ARTE AMBIENTALE SI DESIGN": 14, "TEHNICIAN IN ACTIVITATI ECONOMICE": 60, "MUZICA": 14, "TEHNICIAN IN ACTIVITATI DE COMERT": 32, "TEHNICIAN IN INDUSTRIA ALIMENTARA": 40, "LICEU CU PROGRAM SPORTIV": 52, "TEHNICIAN IN TURISM": 35, "TEHNICIAN MECANIC PENTRU INTRETINERE SI REPARATII": 13, "TEHNICIAN ECOLOG SI PROTECTIA CALITATII MEDIULUI": 64, "TEHNICIAN IN AUTOMATIZARI": 20, "ARTA ACTORULUI": 11, "TEHNICIAN ELECTROMECANIC": 27, "TEOLOGIE ORTODOXA": 11, "ARTE PLASTICE SI DECORATIVE": 18, "TEHNICIAN ANALIZE PRODUSE ALIMENTARE": 23, "TEHNICIAN IN CONSTRUCTII SI LUCRARI PUBLICE": 11, "TEHNICIAN MECATRONIST": 15, "TEHNICIAN IN GASTRONOMIE": 31, "TEHNICIAN IN INDUSTRIA TEXTILA": 9, "TEHNICIAN PROIECTANT CAD": 13, "TEHNICIAN INSTALATOR PENTRU CONSTRUCTII": 6, "TEHNICIAN VETERINAR": 9, "TEHNICIAN IN AGRICULTURA": 1, "TEHNICIAN IN ADMINISTRATIE": 1, "TEHNICIAN IN INSTALATII ELECTRICE": 2, "TEHNICIAN ELECTRONIST": 1, "TEHNICIAN ELECTROTEHNIST": 1, "TEHNICIAN DE TELECOMUNICATII": 1, "TEHNICIAN IN AGROTURISM": 2}, "limba_moderna": {"LIMBA ENGLEZA": 1116, "LIMBA RUSA": 4, "LIMBA FRANCEZA": 24}, "limba_materna": {"LIMBA ROMANA": 1144}, "promotie_anterioara": {"NU": 960, "DA": 184}, "materii": {"LIMBA ROMANA": {"medie": 6.679223907225696, "reusita": 84.79020979020979, "cnt": 1144}, "MATEMATICA MATE-INFO": {"medie": 6.888535031847132, "reusita": 78.39506172839506, "cnt": 162}, "INFORMATICA MI C/C++": {"medie": 8.492105263157896, "reusita": 100.0, "cnt": 19}, "GENERAL": {"medie": 6.928855494839106, "reusita": 64.5104895104895, "cnt": 1144}, "ISTORIE": {"medie": 6.8770731707317045, "reusita": 85.43689320388349, "cnt": 412}, "LOGICA, ARGUMENTARE SI COMUNICARE": {"medie": 8.431379310344827, "reusita": 93.83561643835617, "cnt": 292}, "CHIMIE ORGANICA TEO NIVEL I/II": {"medie": 8.88, "reusita": 100.0, "cnt": 10}, "MATEMATICA ST-NAT": {"medie": 8.572314049586774, "reusita": 93.60000000000001, "cnt": 125}, "FIZICA TEO": {"medie": 9.03809523809524, "reusita": 97.67441860465115, "cnt": 43}, "GEOGRAFIE": {"medie": 7.26565656565656, "reusita": 90.33333333333333, "cnt": 300}, "PSIHOLOGIE": {"medie": 8.583333333333334, "reusita": 100.0, "cnt": 3}, "ANATOMIE SI FIZIOLOGIE UMANA, GENETICA SI ECOLOGIE UMANA": {"medie": 7.062318840579712, "reusita": 83.9041095890411, "cnt": 292}, "CHIMIE ANORGANICA TEO NIVEL I/II": {"medie": 8.108333333333333, "reusita": 96.66666666666667, "cnt": 30}, "BIOLOGIE VEGETALA SI ANIMALA": {"medie": 5.205426356589148, "reusita": 52.816901408450704, "cnt": 142}, "MATEMATICA PED": {"medie": 8.173214285714286, "reusita": 100.0, "cnt": 28}, "MATEMATICA TEHN": {"medie": 5.543239795918367, "reusita": 64.98800959232614, "cnt": 417}, "FIZICA TEH": {"medie": 6.257142857142857, "reusita": 57.14285714285714, "cnt": 7}, "ECONOMIE": {"medie": 7.3, "reusita": 75.0, "cnt": 4}, "CHIMIE ANORGANICA TEH NIVEL I/II": {"medie": 5.3, "reusita": 100.0, "cnt": 1}, "CHIMIE ORGANICA TEH NIVEL I/II": {"medie": 4.05, "reusita": 0.0, "cnt": 1}}, "nume": "Tulcea"}