{"specializari": {"MATEMATICA-INFORMATICA": 348, "STIINTE SOCIALE": 209, "STIINTE ALE NATURII": 580, "INVATATOR - EDUCATOARE": 53, "FILOLOGIE": 269, "TEHNICIAN ECOLOG SI PROTECTIA CALITATII MEDIULUI": 74, "ARTE PLASTICE SI DECORATIVE": 35, "TEHNICIAN IN AUTOMATIZARI": 43, "TEOLOGIE ORTODOXA": 17, "MUZICA": 34, "TEHNICIAN DE TELECOMUNICATII": 24, "LICEU CU PROGRAM SPORTIV": 77, "TEHNICIAN IN TURISM": 47, "TEHNICIAN IN ACTIVITATI ECONOMICE": 125, "TEHNICIAN IN ACTIVITATI DE COMERT": 24, "TEHNICIAN ANALIZE PRODUSE ALIMENTARE": 49, "TEHNICIAN OPERATOR TEHNICA DE CALCUL": 33, "TEHNICIAN IN GASTRONOMIE": 27, "TEHNICIAN IN ADMINISTRATIE": 55, "TEHNICIAN IN INSTALATII ELECTRICE": 70, "TEHNICIAN IN SILVICULTURA SI EXPLOATARI FORESTIERE": 22, "TEHNICIAN TRANSPORTURI": 32, "TEHNICIAN MECANIC PENTRU INTRETINERE SI REPARATII": 52, "TEHNICIAN DESIGNER MOBILA SI AMENAJARI INTERIOARE": 12, "TEHNICIAN DESIGNER VESTIMENTAR": 1, "TEHNICIAN PROIECTANT CAD": 17, "TEHNICIAN MECATRONIST": 14, "TEHNICIAN ELECTROTEHNIST": 23, "TEHNICIAN AGROMONTAN": 3, "TEHNICIAN IN CONSTRUCTII SI LUCRARI PUBLICE": 2, "TEHNICIAN IN AGRICULTURA": 1, "TEHNICIAN ELECTRONIST": 1, "TEHNICIAN ELECTROMECANIC": 3, "TEHNICIAN ELECTRICIAN/ELECTRONIST AUTO": 2, "TEHNICIAN IN INDUSTRIA ALIMENTARA": 4, "TEHNICIAN IN INDUSTRIA TEXTILA": 10, "TEHNICIAN CHIMIST DE LABORATOR": 1, "TEHNICIAN VETERINAR": 5, "TEHNICIAN IN PRELUCRAREA LEMNULUI": 1, "TEHNICIAN INSTALATOR PENTRU CONSTRUCTII": 1, "ORGANIZATOR BANQUETING": 1, "TEHNICIAN HIDRO-METEOROLOG": 1}, "limba_moderna": {"LIMBA ENGLEZA": 2201, "LIMBA FRANCEZA": 173, "LIMBA GERMANA MODERNA": 28}, "limba_materna": {"LIMBA ROMANA": 2402}, "promotie_anterioara": {"NU": 2073, "DA": 329}, "materii": {"LIMBA ROMANA": {"medie": 7.401280409731109, "reusita": 91.04912572855953, "cnt": 2402}, "MATEMATICA MATE-INFO": {"medie": 8.11090116279069, "reusita": 89.9425287356322, "cnt": 348}, "INFORMATICA MI C/C++": {"medie": 8.81188524590164, "reusita": 96.72131147540983, "cnt": 122}, "GENERAL": {"medie": 7.2982295748077295, "reusita": 71.60699417152372, "cnt": 2402}, "ISTORIE": {"medie": 7.527488151658779, "reusita": 94.85179407176287, "cnt": 641}, "LOGICA, ARGUMENTARE SI COMUNICARE": {"medie": 8.55046296296297, "reusita": 94.00921658986175, "cnt": 217}, "CHIMIE ORGANICA TEO NIVEL I/II": {"medie": 9.648611111111114, "reusita": 100.0, "cnt": 36}, "MATEMATICA ST-NAT": {"medie": 7.127758318739051, "reusita": 81.89655172413794, "cnt": 580}, "FIZICA TEO": {"medie": 8.950892857142856, "reusita": 100.0, "cnt": 112}, "GEOGRAFIE": {"medie": 7.581050955414021, "reusita": 94.36619718309859, "cnt": 639}, "PSIHOLOGIE": {"medie": 8.265624999999998, "reusita": 100.0, "cnt": 32}, "ANATOMIE SI FIZIOLOGIE UMANA, GENETICA SI ECOLOGIE UMANA": {"medie": 7.267952127659578, "reusita": 85.52971576227391, "cnt": 774}, "BIOLOGIE VEGETALA SI ANIMALA": {"medie": 4.898591549295774, "reusita": 51.73501577287066, "cnt": 317}, "SOCIOLOGIE": {"medie": 7.857142857142857, "reusita": 100.0, "cnt": 70}, "INFORMATICA SN C/C++": {"medie": 7.719999999999999, "reusita": 83.33333333333334, "cnt": 6}, "MATEMATICA PED": {"medie": 9.40188679245283, "reusita": 100.0, "cnt": 53}, "FILOSOFIE": {"medie": 8.0, "reusita": 100.0, "cnt": 1}, "MATEMATICA TEHN": {"medie": 5.614207650273226, "reusita": 66.92307692307692, "cnt": 780}, "FIZICA TEH": {"medie": 7.304464285714286, "reusita": 84.48275862068965, "cnt": 58}, "ECONOMIE": {"medie": 7.425, "reusita": 92.85714285714286, "cnt": 14}, "CHIMIE ANORGANICA TEH NIVEL I/II": {"medie": 7.65, "reusita": 100.0, "cnt": 1}, "CHIMIE ORGANICA TEH NIVEL I/II": {"medie": 2.2, "reusita": 0.0, "cnt": 2}, "INFORMATICA SN PASCAL": {"medie": 8.95, "reusita": 100.0, "cnt": 1}}, "nume": "V\u00e2lcea"}