{"specializari": {"INVATATOR - EDUCATOARE": 53, "MATEMATICA-INFORMATICA": 348, "STIINTE SOCIALE": 209, "STIINTE ALE NATURII": 580, "FILOLOGIE": 269, "TEHNICIAN ECOLOG SI PROTECTIA CALITATII MEDIULUI": 74, "ARTE PLASTICE SI DECORATIVE": 35, "TEHNICIAN IN AUTOMATIZARI": 43, "LICEU CU PROGRAM SPORTIV": 77, "TEOLOGIE ORTODOXA": 17, "MUZICA": 34, "TEHNICIAN DE TELECOMUNICATII": 24, "TEHNICIAN IN TURISM": 47, "TEHNICIAN IN ACTIVITATI ECONOMICE": 125, "TEHNICIAN IN ACTIVITATI DE COMERT": 24, "TEHNICIAN ANALIZE PRODUSE ALIMENTARE": 49, "TEHNICIAN OPERATOR TEHNICA DE CALCUL": 33, "TEHNICIAN IN GASTRONOMIE": 27, "TEHNICIAN IN ADMINISTRATIE": 55, "TEHNICIAN IN INSTALATII ELECTRICE": 70, "TEHNICIAN TRANSPORTURI": 32, "TEHNICIAN IN SILVICULTURA SI EXPLOATARI FORESTIERE": 22, "TEHNICIAN MECANIC PENTRU INTRETINERE SI REPARATII": 52, "TEHNICIAN DESIGNER MOBILA SI AMENAJARI INTERIOARE": 12, "TEHNICIAN DESIGNER VESTIMENTAR": 1, "TEHNICIAN PROIECTANT CAD": 17, "TEHNICIAN MECATRONIST": 14, "TEHNICIAN ELECTROTEHNIST": 23, "TEHNICIAN AGROMONTAN": 3, "TEHNICIAN IN CONSTRUCTII SI LUCRARI PUBLICE": 2, "TEHNICIAN IN AGRICULTURA": 1, "TEHNICIAN ELECTRONIST": 1, "TEHNICIAN ELECTROMECANIC": 3, "TEHNICIAN ELECTRICIAN/ELECTRONIST AUTO": 2, "TEHNICIAN IN INDUSTRIA ALIMENTARA": 4, "TEHNICIAN IN INDUSTRIA TEXTILA": 10, "TEHNICIAN CHIMIST DE LABORATOR": 1, "TEHNICIAN VETERINAR": 5, "TEHNICIAN IN PRELUCRAREA LEMNULUI": 1, "TEHNICIAN INSTALATOR PENTRU CONSTRUCTII": 1, "ORGANIZATOR BANQUETING": 1, "TEHNICIAN HIDRO-METEOROLOG": 1}, "limba_moderna": {"LIMBA ENGLEZA": 2201, "LIMBA FRANCEZA": 173, "LIMBA GERMANA MODERNA": 28}, "limba_materna": {"LIMBA ROMANA": 2402}, "promotie_anterioara": {"NU": 2073, "DA": 329}, "materii": {"LIMBA ROMANA": {"medie": 7.35463081519419, "reusita": 90.466278101582, "cnt": 2402}, "MATEMATICA MATE-INFO": {"medie": 8.106395348837202, "reusita": 89.9425287356322, "cnt": 348}, "INFORMATICA MI C/C++": {"medie": 8.827049180327869, "reusita": 97.54098360655738, "cnt": 122}, "GENERAL": {"medie": 7.292838484980411, "reusita": 72.39800166527893, "cnt": 2402}, "ISTORIE": {"medie": 7.5171406003159635, "reusita": 94.38377535101404, "cnt": 641}, "LOGICA, ARGUMENTARE SI COMUNICARE": {"medie": 8.576851851851856, "reusita": 94.00921658986175, "cnt": 217}, "GEOGRAFIE": {"medie": 7.580254777070066, "reusita": 94.20970266040689, "cnt": 639}, "FIZICA TEO": {"medie": 8.94955357142857, "reusita": 100.0, "cnt": 112}, "CHIMIE ORGANICA TEO NIVEL I/II": {"medie": 9.634722222222225, "reusita": 100.0, "cnt": 36}, "MATEMATICA ST-NAT": {"medie": 7.140630472854639, "reusita": 82.93103448275862, "cnt": 580}, "PSIHOLOGIE": {"medie": 8.276562499999997, "reusita": 100.0, "cnt": 32}, "SOCIOLOGIE": {"medie": 7.879285714285714, "reusita": 100.0, "cnt": 70}, "ANATOMIE SI FIZIOLOGIE UMANA, GENETICA SI ECOLOGIE UMANA": {"medie": 7.325664893617018, "reusita": 85.91731266149871, "cnt": 774}, "BIOLOGIE VEGETALA SI ANIMALA": {"medie": 4.933802816901407, "reusita": 52.36593059936908, "cnt": 317}, "MATEMATICA PED": {"medie": 9.41981132075472, "reusita": 100.0, "cnt": 53}, "INFORMATICA SN C/C++": {"medie": 7.719999999999999, "reusita": 83.33333333333334, "cnt": 6}, "FILOSOFIE": {"medie": 8.0, "reusita": 100.0, "cnt": 1}, "ECONOMIE": {"medie": 7.353571428571429, "reusita": 85.71428571428571, "cnt": 14}, "MATEMATICA TEHN": {"medie": 5.630327868852461, "reusita": 67.43589743589745, "cnt": 780}, "FIZICA TEH": {"medie": 7.294642857142857, "reusita": 84.48275862068965, "cnt": 58}, "CHIMIE ORGANICA TEH NIVEL I/II": {"medie": 2.2, "reusita": 0.0, "cnt": 2}, "CHIMIE ANORGANICA TEH NIVEL I/II": {"medie": 7.65, "reusita": 100.0, "cnt": 1}, "INFORMATICA SN PASCAL": {"medie": 8.95, "reusita": 100.0, "cnt": 1}}, "nume": "V\u00e2lcea"}