{"specializari": {"STIINTE ALE NATURII": 416, "FILOLOGIE": 343, "MATEMATICA-INFORMATICA": 258, "STIINTE SOCIALE": 524, "INVATATOR - EDUCATOARE": 53, "TEHNICIAN IN ACTIVITATI ECONOMICE": 176, "TEHNICIAN IN HOTELARIE": 37, "MUZICA": 17, "INSTRUCTOR PENTRU ACTIVITATI EXTRASCOLARE": 21, "ARTE PLASTICE SI DECORATIVE": 28, "TEOLOGIE ORTODOXA": 16, "LICEU CU PROGRAM SPORTIV": 83, "TEHNICIAN IN ADMINISTRATIE": 24, "TEHNICIAN IN TURISM": 63, "COAFOR STILIST": 33, "TEHNICIAN IN INDUSTRIA ALIMENTARA": 39, "TEHNICIAN ECOLOG SI PROTECTIA CALITATII MEDIULUI": 69, "TEHNICIAN ANALIZE PRODUSE ALIMENTARE": 61, "TEHNICIAN IN CONSTRUCTII SI LUCRARI PUBLICE": 8, "TEHNICIAN IN AGRICULTURA": 32, "TEHNICIAN OPERATOR TEHNICA DE CALCUL": 34, "TEHNICIAN IN GASTRONOMIE": 16, "TEHNICIAN MECATRONIST": 22, "TEHNICIAN IN INDUSTRIA TEXTILA": 3, "TEHNICIAN IN ACTIVITATI DE COMERT": 20, "TEHNICIAN ELECTRONIST": 2, "TEHNICIAN PROIECTANT CAD": 26, "ORGANIZATOR BANQUETING": 15, "TEHNICIAN HORTICULTOR": 7, "TEHNICIAN OPERATOR PROCESARE TEXT IMAGINE": 16, "TEHNICIAN PRELUCRARI PE MASINI CU COMANDA NUMERICA": 4, "TEHNICIAN VETERINAR": 4, "TEHNICIAN DESENATOR PENTRU CONSTRUCTII SI INSTALATII": 1, "TEHNICIAN MECANIC PENTRU INTRETINERE SI REPARATII": 11, "TEHNICIAN DESIGNER VESTIMENTAR": 7, "TEHNICIAN ELECTRICIAN/ELECTRONIST AUTO": 3, "TEHNICIAN TRANSPORTURI": 2, "TEHNICIAN PRELUCRARI MECANICE": 1, "TEHNICIAN IN AUTOMATIZARI": 1}, "limba_moderna": {"LIMBA ENGLEZA": 2342, "LIMBA FRANCEZA": 137, "LIMBA GERMANA MODERNA": 3, "LIMBA SPANIOLA": 4, "LIMBA ITALIANA": 10}, "limba_materna": {"LIMBA ROMANA": 2496}, "promotie_anterioara": {"NU": 2265, "DA": 231}, "materii": {"LIMBA ROMANA": {"medie": 6.691427399507797, "reusita": 87.5, "cnt": 2496}, "MATEMATICA MATE-INFO": {"medie": 7.612401574803147, "reusita": 88.75968992248062, "cnt": 258}, "INFORMATICA MI C/C++": {"medie": 8.175999999999998, "reusita": 92.80000000000001, "cnt": 125}, "GENERAL": {"medie": 6.984568929612647, "reusita": 68.22916666666666, "cnt": 2496}, "ISTORIE": {"medie": 7.367821782178256, "reusita": 93.6046511627907, "cnt": 1032}, "LOGICA, ARGUMENTARE SI COMUNICARE": {"medie": 8.196709006928405, "reusita": 91.46757679180887, "cnt": 879}, "GEOGRAFIE": {"medie": 7.224857142857143, "reusita": 88.96925858951175, "cnt": 553}, "FIZICA TEO": {"medie": 8.546000000000003, "reusita": 96.0, "cnt": 75}, "CHIMIE ORGANICA TEO NIVEL I/II": {"medie": 9.133766233766238, "reusita": 98.7012987012987, "cnt": 77}, "MATEMATICA ST-NAT": {"medie": 7.645641646489108, "reusita": 88.46153846153845, "cnt": 416}, "PSIHOLOGIE": {"medie": 7.953703703703706, "reusita": 92.85714285714286, "cnt": 28}, "SOCIOLOGIE": {"medie": 8.785714285714286, "reusita": 100.0, "cnt": 7}, "ANATOMIE SI FIZIOLOGIE UMANA, GENETICA SI ECOLOGIE UMANA": {"medie": 6.579048582995952, "reusita": 77.66990291262135, "cnt": 515}, "CHIMIE ANORGANICA TEO NIVEL I/II": {"medie": 7.572500000000001, "reusita": 95.0, "cnt": 20}, "BIOLOGIE VEGETALA SI ANIMALA": {"medie": 4.502760736196319, "reusita": 39.325842696629216, "cnt": 178}, "MATEMATICA PED": {"medie": 7.475961538461538, "reusita": 92.45283018867924, "cnt": 53}, "INFORMATICA SN C/C++": {"medie": 7.26923076923077, "reusita": 92.3076923076923, "cnt": 13}, "ECONOMIE": {"medie": 6.625, "reusita": 100.0, "cnt": 2}, "MATEMATICA TEHN": {"medie": 5.178020378457059, "reusita": 59.2944369063772, "cnt": 737}, "FIZICA TEH": {"medie": 2.827272727272727, "reusita": 16.666666666666664, "cnt": 12}, "CHIMIE ORGANICA TEH NIVEL I/II": {"medie": 5.0, "reusita": 100.0, "cnt": 1}, "CHIMIE ANORGANICA TEH NIVEL I/II": {"medie": 4.895, "reusita": 40.0, "cnt": 10}, "INFORMATICA MI PASCAL": {"medie": 9.2, "reusita": 100.0, "cnt": 1}}, "nume": "Vaslui"}