{"specializari": {"STIINTE ALE NATURII": 416, "MATEMATICA-INFORMATICA": 258, "STIINTE SOCIALE": 524, "FILOLOGIE": 343, "INVATATOR - EDUCATOARE": 53, "TEHNICIAN IN ACTIVITATI ECONOMICE": 176, "TEHNICIAN IN HOTELARIE": 37, "MUZICA": 17, "INSTRUCTOR PENTRU ACTIVITATI EXTRASCOLARE": 21, "ARTE PLASTICE SI DECORATIVE": 28, "TEOLOGIE ORTODOXA": 16, "TEHNICIAN IN ADMINISTRATIE": 24, "LICEU CU PROGRAM SPORTIV": 83, "TEHNICIAN IN TURISM": 63, "COAFOR STILIST": 33, "TEHNICIAN IN INDUSTRIA ALIMENTARA": 39, "TEHNICIAN ECOLOG SI PROTECTIA CALITATII MEDIULUI": 69, "TEHNICIAN ANALIZE PRODUSE ALIMENTARE": 61, "TEHNICIAN IN CONSTRUCTII SI LUCRARI PUBLICE": 8, "TEHNICIAN IN AGRICULTURA": 32, "TEHNICIAN OPERATOR TEHNICA DE CALCUL": 34, "TEHNICIAN IN GASTRONOMIE": 16, "TEHNICIAN MECATRONIST": 22, "TEHNICIAN IN INDUSTRIA TEXTILA": 3, "TEHNICIAN IN ACTIVITATI DE COMERT": 20, "TEHNICIAN ELECTRONIST": 2, "TEHNICIAN PROIECTANT CAD": 26, "ORGANIZATOR BANQUETING": 15, "TEHNICIAN HORTICULTOR": 7, "TEHNICIAN OPERATOR PROCESARE TEXT IMAGINE": 16, "TEHNICIAN PRELUCRARI PE MASINI CU COMANDA NUMERICA": 4, "TEHNICIAN VETERINAR": 4, "TEHNICIAN DESIGNER VESTIMENTAR": 7, "TEHNICIAN DESENATOR PENTRU CONSTRUCTII SI INSTALATII": 1, "TEHNICIAN MECANIC PENTRU INTRETINERE SI REPARATII": 11, "TEHNICIAN ELECTRICIAN/ELECTRONIST AUTO": 3, "TEHNICIAN TRANSPORTURI": 2, "TEHNICIAN PRELUCRARI MECANICE": 1, "TEHNICIAN IN AUTOMATIZARI": 1}, "limba_moderna": {"LIMBA ENGLEZA": 2342, "LIMBA FRANCEZA": 137, "LIMBA GERMANA MODERNA": 3, "LIMBA SPANIOLA": 4, "LIMBA ITALIANA": 10}, "limba_materna": {"LIMBA ROMANA": 2496}, "promotie_anterioara": {"NU": 2265, "DA": 231}, "materii": {"LIMBA ROMANA": {"medie": 6.584823625922892, "reusita": 84.85576923076923, "cnt": 2496}, "MATEMATICA MATE-INFO": {"medie": 7.564173228346454, "reusita": 88.75968992248062, "cnt": 258}, "INFORMATICA MI C/C++": {"medie": 8.1472, "reusita": 92.0, "cnt": 125}, "GENERAL": {"medie": 6.938844925725393, "reusita": 65.90544871794873, "cnt": 2496}, "ISTORIE": {"medie": 7.350643564356474, "reusita": 93.12015503875969, "cnt": 1032}, "LOGICA, ARGUMENTARE SI COMUNICARE": {"medie": 8.204849884526553, "reusita": 91.69510807736063, "cnt": 879}, "CHIMIE ORGANICA TEO NIVEL I/II": {"medie": 9.061688311688314, "reusita": 98.7012987012987, "cnt": 77}, "MATEMATICA ST-NAT": {"medie": 7.6331719128329345, "reusita": 88.46153846153845, "cnt": 416}, "FIZICA TEO": {"medie": 8.533333333333335, "reusita": 94.66666666666667, "cnt": 75}, "GEOGRAFIE": {"medie": 7.2134285714285715, "reusita": 88.42676311030742, "cnt": 553}, "PSIHOLOGIE": {"medie": 7.961111111111113, "reusita": 92.85714285714286, "cnt": 28}, "ANATOMIE SI FIZIOLOGIE UMANA, GENETICA SI ECOLOGIE UMANA": {"medie": 6.539979757085022, "reusita": 76.69902912621359, "cnt": 515}, "CHIMIE ANORGANICA TEO NIVEL I/II": {"medie": 7.5175, "reusita": 95.0, "cnt": 20}, "BIOLOGIE VEGETALA SI ANIMALA": {"medie": 4.535276073619634, "reusita": 40.44943820224719, "cnt": 178}, "SOCIOLOGIE": {"medie": 8.785714285714286, "reusita": 100.0, "cnt": 7}, "INFORMATICA SN C/C++": {"medie": 7.088461538461539, "reusita": 84.61538461538461, "cnt": 13}, "MATEMATICA PED": {"medie": 7.45096153846154, "reusita": 92.45283018867924, "cnt": 53}, "MATEMATICA TEHN": {"medie": 5.165938864628821, "reusita": 58.34464043419268, "cnt": 737}, "FIZICA TEH": {"medie": 2.827272727272727, "reusita": 16.666666666666664, "cnt": 12}, "ECONOMIE": {"medie": 6.4, "reusita": 100.0, "cnt": 2}, "CHIMIE ANORGANICA TEH NIVEL I/II": {"medie": 4.8549999999999995, "reusita": 40.0, "cnt": 10}, "CHIMIE ORGANICA TEH NIVEL I/II": {"medie": 5.0, "reusita": 100.0, "cnt": 1}, "INFORMATICA MI PASCAL": {"medie": 9.2, "reusita": 100.0, "cnt": 1}}, "nume": "Vaslui"}