{"specializari": {"FILOLOGIE": 425, "STIINTE SOCIALE": 245, "STIINTE ALE NATURII": 162, "MATEMATICA-INFORMATICA": 312, "INVATATOR - EDUCATOARE": 60, "TEHNICIAN IN ACTIVITATI ECONOMICE": 140, "TEHNICIAN IN ADMINISTRATIE": 30, "TEHNICIAN IN GASTRONOMIE": 76, "ARTE PLASTICE SI DECORATIVE": 32, "TEHNICIAN IN ACHIZITII SI CONTRACTARI": 51, "ARHITECTURA, ARTE AMBIENTALE SI DESIGN": 33, "LICEU CU PROGRAM SPORTIV": 78, "TEHNICIAN OPERATOR TEHNICA DE CALCUL": 29, "MUZICA": 31, "ORGANIZATOR BANQUETING": 30, "TEHNICIAN IN TURISM": 105, "ARTA ACTORULUI": 22, "TEHNICIAN ELECTRICIAN/ELECTRONIST AUTO": 14, "TEHNICIAN ECOLOG SI PROTECTIA CALITATII MEDIULUI": 36, "TEHNICIAN IN HOTELARIE": 14, "TEHNICIAN TRANSPORTURI": 33, "TEHNICIAN HORTICULTOR": 13, "TEHNICIAN ANALIZE PRODUSE ALIMENTARE": 31, "TEHNICIAN PROIECTANT CAD": 3, "TEHNICIAN MECATRONIST": 38, "TEHNICIAN VETERINAR": 25, "TEHNICIAN IN AUTOMATIZARI": 7, "TEHNICIAN DESIGNER MOBILA SI AMENAJARI INTERIOARE": 9, "TEHNICIAN IN INDUSTRIA ALIMENTARA": 10, "TEHNICIAN DESIGNER VESTIMENTAR": 7, "COAFOR STILIST": 16, "TEHNICIAN ELECTROMECANIC": 28, "TEHNICIAN IN INDUSTRIA TEXTILA": 3, "TEHNICIAN IN INSTALATII ELECTRICE": 4, "TEHNICIAN IN SILVICULTURA SI EXPLOATARI FORESTIERE": 2, "TEHNICIAN MECANIC PENTRU INTRETINERE SI REPARATII": 5, "TEHNICIAN AGROMONTAN": 8, "TEHNICIAN PRELUCRARI MECANICE": 3, "TEHNICIAN IN ACTIVITATI DE COMERT": 7, "TEHNICIAN DE TELECOMUNICATII": 1, "TEHNICIAN DESENATOR PENTRU CONSTRUCTII SI INSTALATII": 2, "TEHNICIAN IN CONSTRUCTII SI LUCRARI PUBLICE": 1, "TEHNICIAN IN AGROTURISM": 1}, "limba_moderna": {"LIMBA ENGLEZA": 2073, "LIMBA GERMANA MODERNA": 5, "LIMBA FRANCEZA": 103, "LIMBA ITALIANA": 1}, "limba_materna": {"LIMBA ROMANA": 2182}, "promotie_anterioara": {"NU": 1924, "DA": 258}, "materii": {"LIMBA ROMANA": {"medie": 6.986590485074624, "reusita": 89.45921173235564, "cnt": 2182}, "MATEMATICA MATE-INFO": {"medie": 8.158520900321545, "reusita": 93.58974358974359, "cnt": 312}, "INFORMATICA MI C/C++": {"medie": 8.358860759493668, "reusita": 91.13924050632912, "cnt": 79}, "GENERAL": {"medie": 7.280994431185349, "reusita": 72.6397800183318, "cnt": 2182}, "ISTORIE": {"medie": 7.50093457943927, "reusita": 92.8406466512702, "cnt": 866}, "LOGICA, ARGUMENTARE SI COMUNICARE": {"medie": 8.63056603773585, "reusita": 97.36842105263158, "cnt": 266}, "GEOGRAFIE": {"medie": 7.885187007874018, "reusita": 94.69623915139826, "cnt": 1037}, "FIZICA TEO": {"medie": 9.282407407407407, "reusita": 98.14814814814815, "cnt": 108}, "CHIMIE ORGANICA TEO NIVEL I/II": {"medie": 9.38936170212766, "reusita": 100.0, "cnt": 47}, "MATEMATICA ST-NAT": {"medie": 7.9660256410256425, "reusita": 91.9753086419753, "cnt": 162}, "PSIHOLOGIE": {"medie": 7.30701754385965, "reusita": 89.47368421052632, "cnt": 57}, "SOCIOLOGIE": {"medie": 8.045238095238094, "reusita": 100.0, "cnt": 21}, "ANATOMIE SI FIZIOLOGIE UMANA, GENETICA SI ECOLOGIE UMANA": {"medie": 6.934630350194553, "reusita": 79.47761194029852, "cnt": 268}, "CHIMIE ANORGANICA TEO NIVEL I/II": {"medie": 9.2375, "reusita": 100.0, "cnt": 4}, "BIOLOGIE VEGETALA SI ANIMALA": {"medie": 4.9867117117117115, "reusita": 44.48979591836735, "cnt": 245}, "MATEMATICA PED": {"medie": 8.798333333333336, "reusita": 100.0, "cnt": 60}, "INFORMATICA SN C/C++": {"medie": 6.5375000000000005, "reusita": 75.0, "cnt": 4}, "FILOSOFIE": {"medie": 7.675, "reusita": 100.0, "cnt": 8}, "ECONOMIE": {"medie": 5.8, "reusita": 66.66666666666666, "cnt": 6}, "MATEMATICA TEHN": {"medie": 5.925170998632012, "reusita": 67.26342710997443, "cnt": 782}, "FIZICA TEH": {"medie": 4.111538461538462, "reusita": 42.857142857142854, "cnt": 14}, "CHIMIE ORGANICA TEH NIVEL I/II": {"medie": 5.0, "reusita": 100.0, "cnt": 1}, "CHIMIE ANORGANICA TEH NIVEL I/II": {"medie": 4.578571428571428, "reusita": 29.411764705882355, "cnt": 17}}, "nume": "Vrancea"}