{"specializari": {"STIINTE SOCIALE": 245, "STIINTE ALE NATURII": 162, "MATEMATICA-INFORMATICA": 312, "INVATATOR - EDUCATOARE": 60, "FILOLOGIE": 425, "TEHNICIAN IN ACTIVITATI ECONOMICE": 140, "TEHNICIAN IN ADMINISTRATIE": 30, "TEHNICIAN IN GASTRONOMIE": 76, "ARTE PLASTICE SI DECORATIVE": 32, "TEHNICIAN IN ACHIZITII SI CONTRACTARI": 51, "ARHITECTURA, ARTE AMBIENTALE SI DESIGN": 33, "LICEU CU PROGRAM SPORTIV": 78, "TEHNICIAN OPERATOR TEHNICA DE CALCUL": 29, "MUZICA": 31, "ORGANIZATOR BANQUETING": 30, "TEHNICIAN IN TURISM": 105, "ARTA ACTORULUI": 22, "TEHNICIAN ELECTRICIAN/ELECTRONIST AUTO": 14, "TEHNICIAN ECOLOG SI PROTECTIA CALITATII MEDIULUI": 36, "TEHNICIAN IN HOTELARIE": 14, "TEHNICIAN TRANSPORTURI": 33, "TEHNICIAN HORTICULTOR": 13, "TEHNICIAN ANALIZE PRODUSE ALIMENTARE": 31, "TEHNICIAN PROIECTANT CAD": 3, "TEHNICIAN MECATRONIST": 38, "TEHNICIAN VETERINAR": 25, "TEHNICIAN DESIGNER MOBILA SI AMENAJARI INTERIOARE": 9, "TEHNICIAN IN INDUSTRIA ALIMENTARA": 10, "TEHNICIAN DESIGNER VESTIMENTAR": 7, "COAFOR STILIST": 16, "TEHNICIAN ELECTROMECANIC": 28, "TEHNICIAN IN AUTOMATIZARI": 7, "TEHNICIAN IN INSTALATII ELECTRICE": 4, "TEHNICIAN MECANIC PENTRU INTRETINERE SI REPARATII": 5, "TEHNICIAN IN SILVICULTURA SI EXPLOATARI FORESTIERE": 2, "TEHNICIAN AGROMONTAN": 8, "TEHNICIAN PRELUCRARI MECANICE": 3, "TEHNICIAN IN ACTIVITATI DE COMERT": 7, "TEHNICIAN DE TELECOMUNICATII": 1, "TEHNICIAN DESENATOR PENTRU CONSTRUCTII SI INSTALATII": 2, "TEHNICIAN IN INDUSTRIA TEXTILA": 3, "TEHNICIAN IN CONSTRUCTII SI LUCRARI PUBLICE": 1, "TEHNICIAN IN AGROTURISM": 1}, "limba_moderna": {"LIMBA ENGLEZA": 2073, "LIMBA GERMANA MODERNA": 5, "LIMBA FRANCEZA": 103, "LIMBA ITALIANA": 1}, "limba_materna": {"LIMBA ROMANA": 2182}, "promotie_anterioara": {"NU": 1924, "DA": 258}, "materii": {"LIMBA ROMANA": {"medie": 6.957159514925369, "reusita": 88.81759853345554, "cnt": 2182}, "MATEMATICA MATE-INFO": {"medie": 8.132315112540194, "reusita": 92.3076923076923, "cnt": 312}, "INFORMATICA MI C/C++": {"medie": 8.404430379746836, "reusita": 92.40506329113924, "cnt": 79}, "GENERAL": {"medie": 7.259586316626868, "reusita": 71.12740604949587, "cnt": 2182}, "ISTORIE": {"medie": 7.444742990654217, "reusita": 90.64665127020785, "cnt": 866}, "LOGICA, ARGUMENTARE SI COMUNICARE": {"medie": 8.612641509433963, "reusita": 96.61654135338345, "cnt": 266}, "CHIMIE ORGANICA TEO NIVEL I/II": {"medie": 9.38191489361702, "reusita": 100.0, "cnt": 47}, "MATEMATICA ST-NAT": {"medie": 7.954807692307693, "reusita": 91.35802469135803, "cnt": 162}, "FIZICA TEO": {"medie": 9.278703703703703, "reusita": 98.14814814814815, "cnt": 108}, "GEOGRAFIE": {"medie": 7.877263779527559, "reusita": 94.50337512054003, "cnt": 1037}, "PSIHOLOGIE": {"medie": 7.271052631578949, "reusita": 87.71929824561403, "cnt": 57}, "ANATOMIE SI FIZIOLOGIE UMANA, GENETICA SI ECOLOGIE UMANA": {"medie": 6.93832684824903, "reusita": 79.47761194029852, "cnt": 268}, "CHIMIE ANORGANICA TEO NIVEL I/II": {"medie": 9.237499999999999, "reusita": 100.0, "cnt": 4}, "BIOLOGIE VEGETALA SI ANIMALA": {"medie": 4.975675675675675, "reusita": 44.48979591836735, "cnt": 245}, "SOCIOLOGIE": {"medie": 8.045238095238094, "reusita": 100.0, "cnt": 21}, "INFORMATICA SN C/C++": {"medie": 6.6000000000000005, "reusita": 75.0, "cnt": 4}, "MATEMATICA PED": {"medie": 8.785, "reusita": 100.0, "cnt": 60}, "FILOSOFIE": {"medie": 7.674999999999999, "reusita": 87.5, "cnt": 8}, "MATEMATICA TEHN": {"medie": 5.922640218878254, "reusita": 66.75191815856778, "cnt": 782}, "FIZICA TEH": {"medie": 4.126923076923078, "reusita": 42.857142857142854, "cnt": 14}, "ECONOMIE": {"medie": 5.8999999999999995, "reusita": 66.66666666666666, "cnt": 6}, "CHIMIE ANORGANICA TEH NIVEL I/II": {"medie": 4.6000000000000005, "reusita": 29.411764705882355, "cnt": 17}, "CHIMIE ORGANICA TEH NIVEL I/II": {"medie": 5.0, "reusita": 100.0, "cnt": 1}}, "nume": "Vrancea"}