{"specializari": {"TEHNICIAN OPERATOR TEHNICA DE CALCUL": 2158, "MATEMATICA-INFORMATICA": 25518, "INVATATOR - EDUCATOARE": 1912, "TEHNICIAN PROIECTANT CAD": 794, "LICEU CU PROGRAM SPORTIV": 3809, "FILOLOGIE": 22093, "STIINTE ALE NATURII": 18784, "TEHNICIAN IN ACTIVITATI ECONOMICE": 9576, "STIINTE SOCIALE": 11101, "TEHNICIAN MULTIMEDIA": 12, "TEHNICIAN ECOLOG SI PROTECTIA CALITATII MEDIULUI": 2745, "TEHNICIAN AGRONOM": 128, "TEHNICIAN IN ADMINISTRATIE": 1249, "TEHNICIAN IN TURISM": 3887, "TEHNICIAN IN AUTOMATIZARI": 1218, "TEHNICIAN INSTALATOR PENTRU CONSTRUCTII": 194, "TEHNICIAN IN ACHIZITII SI CONTRACTARI": 710, "TEHNICIAN ELECTRONIST": 249, "TEHNICIAN IN INSTALATII ELECTRICE": 1641, "TEHNICIAN IN SILVICULTURA SI EXPLOATARI FORESTIERE": 715, "TEHNICIAN HORTICULTOR": 98, "TEHNICIAN IN ACTIVITATI DE COMERT": 2187, "TEHNICIAN ELECTROTEHNIST": 533, "TEHNICIAN IN GASTRONOMIE": 2248, "ARTE PLASTICE SI DECORATIVE": 1249, "TEHNICIAN MECANIC PENTRU INTRETINERE SI REPARATII": 1888, "TEHNICIAN ELECTROMECANIC": 877, "TEHNICIAN IN MORARIT, PANIFICATIE SI PRODUSE FAINOASE": 72, "COAFOR STILIST": 781, "TEHNICIAN CHIMIST DE LABORATOR": 285, "TEHNICIAN MECATRONIST": 1553, "TEHNICIAN DE TELECOMUNICATII": 550, "TEHNICIAN IN AGRICULTURA ECOLOGICA": 131, "TEOLOGIE ORTODOXA": 810, "TEHNICIAN PRELUCRARI PE MASINI CU COMANDA NUMERICA": 68, "ARHITECTURA, ARTE AMBIENTALE SI DESIGN": 801, "ORGANIZATOR BANQUETING": 927, "TEHNICIAN ANALIZE PRODUSE ALIMENTARE": 959, "TEHNICIAN HIDRO-METEOROLOG": 43, "TEHNICIAN IN INDUSTRIA TEXTILA": 533, "TEHNICIAN DESIGNER VESTIMENTAR": 636, "TEHNICIAN ELECTRICIAN/ELECTRONIST AUTO": 546, "TEHNICIAN IN AGROTURISM": 182, "TEHNICIAN IN INDUSTRIA ALIMENTARA": 779, "MUZICA": 1095, "TEHNICIAN TRANSPORTURI": 1256, "TEHNICIAN DESENATOR PENTRU CONSTRUCTII SI INSTALATII": 551, "TEHNICIAN OPERATOR PROCESARE TEXT IMAGINE": 208, "ARTA ACTORULUI": 219, "TEOLOGIE REFORMATA": 218, "TEHNICIAN IN PRELUCRAREA LEMNULUI": 236, "TEHNICIAN PROIECTANT PRODUSE FINITE DIN LEMN": 57, "TEHNICIAN PRELUCRARI MECANICE": 203, "TEHNICIAN IN CONSTRUCTII SI LUCRARI PUBLICE": 254, "TEHNICIAN IN AGRICULTURA": 277, "TEHNICIAN VETERINAR": 528, "TEHNICIAN IN PRELUCRAREA PRODUSELOR DE ORIGINE ANIMALA": 73, "TEHNICIAN AGROMONTAN": 113, "TEHNICIAN IN CHIMIE INDUSTRIALA": 95, "TEHNICIAN PRELUCRARI LA CALD": 54, "TEHNICIAN DESIGNER MOBILA SI AMENAJARI INTERIOARE": 243, "TEOLOGIE ROMANO-CATOLICA": 361, "TEHNICIAN IN HOTELARIE": 442, "TEHNICIAN IN ACTIVITATI DE POSTA": 121, "TEOLOGIE PENTICOSTALA": 144, "TEOLOGIE GRECO-CATOLICA": 86, "PATRIMONIU CULTURAL": 153, "TEHNICIAN METROLOG": 53, "TEHNICIAN ZOOTEHNIST": 40, "TEHNICIAN IN INDUSTRIA PIELARIEI": 40, "TEHNICIAN POLIGRAF": 65, "COREGRAFIE": 98, "INSTRUCTOR PENTRU ACTIVITATI EXTRASCOLARE": 51, "TEOLOGIE UNITARIANA": 45, "TEHNICIAN PRODUCTIE FILM SI TELEVIZIUNE": 56, "TEOLOGIE BAPTISTA": 171, "TEHNICIAN IN INDUSTRIA STICLEI SI CERAMICII": 13, "TEHNICIAN INSTALATII DE BORD (AVION)": 15, "EDUCATOR-PUERICULTOR": 85, "TEHNICIAN AVIATIE": 33, "TEOLOGIE ADVENTISTA": 107, "TEHNICIAN PENTRU ANIMALE DE COMPANIE": 24, "TEHNICIAN IN INDUSTRIA MATERIALELOR DE CONSTRUCTII": 10, "TEHNICIAN ENERGETICIAN": 55, "TEHNICIAN IN IND. ALIM. FERMENTATIVA SI IN PREL. LEGUMELOR SI FRUCTELOR": 35, "TEHNICIAN OPERATOR TELEMATICA": 32, "TEHNICIAN CONSTRUCTII NAVALE": 6, "MUZICA BISERICEASCA": 1, "TEHNICIAN VETERINAR PENTRU ANIMALE DE COMPANIE": 4, "CONSERVARE - RESTAURARE": 1, "TEHNICIAN PENTRU TEHNICI ARTISTICE - PATRIMONIU": 22, "BIBLIOTECAR DOCUMENTARIST": 2, "TEOLOGIE MUSULMANA": 3, "GHID TURISM RELIGIOS": 19, "TEHNICIAN OPERATORI ROBOTI INDUSTRIALI": 15, "PEDAGOG SCOLAR": 1}, "limba_moderna": {"LIMBA ENGLEZA": 121471, "LIMBA FRANCEZA": 11505, "LIMBA GERMANA MODERNA": 1300, "LIMBA SPANIOLA": 546, "LIMBA RUSA": 119, "LIMBA ITALIANA": 349, "LIMBA EBRAICA": 2, "LIMBA PORTUGHEZA": 17, "LIMBA JAPONEZA": 9}, "limba_materna": {"LIMBA ROMANA": 128141, "LIMBA MAGHIARA": 6266, "LIMBA GERMANA": 769, "LIMBA SLOVACA": 42, "LIMBA UCRAINEANA": 43, "LIMBA CROATA": 6, "LIMBA SARBA": 25, "LIMBA ITALIANA": 23, "LIMBA TURCA": 3}, "promotie_anterioara": {"NU": 115828, "DA": 19490}, "materii": {"LIMBA ROMANA": {"medie": 6.87506157588503, "reusita": 86.66548426669031, "cnt": 135318}, "MATEMATICA TEHN": {"medie": 5.6803797645739795, "reusita": 65.56871373411852, "cnt": 46359}, "BIOLOGIE VEGETALA SI ANIMALA": {"medie": 5.235923786407816, "reusita": 52.27844805138443, "cnt": 23042}, "GENERAL": {"medie": 7.124707671802922, "reusita": 69.15783561684329, "cnt": 135318}, "MATEMATICA MATE-INFO": {"medie": 7.946736842105214, "reusita": 90.65757504506622, "cnt": 25518}, "INFORMATICA MI C/C++": {"medie": 8.405878220140533, "reusita": 97.16731517509729, "cnt": 6425}, "INFORMATICA MI PASCAL": {"medie": 8.375000000000002, "reusita": 96.87906371911573, "cnt": 769}, "MATEMATICA PED": {"medie": 8.195205479452056, "reusita": 93.67154811715481, "cnt": 1912}, "GEOGRAFIE": {"medie": 7.64797447293434, "reusita": 91.20859682483527, "cnt": 45226}, "FIZICA TEH": {"medie": 5.121585596967782, "reusita": 50.678978815860944, "cnt": 1841}, "ANATOMIE SI FIZIOLOGIE UMANA, GENETICA SI ECOLOGIE UMANA": {"medie": 7.727387847338464, "reusita": 89.13804330131858, "cnt": 24572}, "CHIMIE ANORGANICA TEH NIVEL I/II": {"medie": 4.854028436018962, "reusita": 49.441100601891655, "cnt": 1163}, "ISTORIE": {"medie": 7.323687703689501, "reusita": 93.62966428822085, "cnt": 42745}, "FIZICA TEO": {"medie": 8.41509476612763, "reusita": 97.31462231462231, "cnt": 5772}, "MATEMATICA ST-NAT": {"medie": 7.614595580230801, "reusita": 85.44505962521295, "cnt": 18784}, "LOGICA, ARGUMENTARE SI COMUNICARE": {"medie": 8.141218803644623, "reusita": 93.62505697727421, "cnt": 15357}, "SOCIOLOGIE": {"medie": 7.8044651782738965, "reusita": 93.85070700427491, "cnt": 3041}, "PSIHOLOGIE": {"medie": 7.766050583657589, "reusita": 94.27116486314449, "cnt": 1571}, "ECONOMIE": {"medie": 7.462326388888887, "reusita": 91.3304721030043, "cnt": 1165}, "LIMBA MAGHIARA (REAL)": {"medie": 7.2995555555555445, "reusita": 92.86595394736842, "cnt": 4864}, "CHIMIE ORGANICA TEO NIVEL I/II": {"medie": 8.770077450104235, "reusita": 98.89946460440214, "cnt": 3362}, "CHIMIE ANORGANICA TEO NIVEL I/II": {"medie": 7.627228786251344, "reusita": 93.20594479830149, "cnt": 942}, "FILOSOFIE": {"medie": 7.465450121654492, "reusita": 91.05882352941177, "cnt": 425}, "LIMBA MAGHIARA (UMAN)": {"medie": 7.585211773151471, "reusita": 97.78887303851641, "cnt": 1402}, "LIMBA GERMANA": {"medie": 7.975000000000011, "reusita": 97.26918075422627, "cnt": 769}, "INFORMATICA SN C/C++": {"medie": 8.353977272727274, "reusita": 98.49056603773585, "cnt": 265}, "LIMBA SLOVACA": {"medie": 7.335897435897435, "reusita": 88.09523809523809, "cnt": 42}, "CHIMIE ORGANICA TEH NIVEL I/II": {"medie": 4.9791277258567, "reusita": 52.67605633802817, "cnt": 355}, "INFORMATICA SN PASCAL": {"medie": 8.02, "reusita": 96.0, "cnt": 25}, "LIMBA UCRAINEANA": {"medie": 6.7905, "reusita": 88.37209302325581, "cnt": 43}, "LIMBA CROATA": {"medie": 8.541666666666666, "reusita": 100.0, "cnt": 6}, "LIMBA SARBA": {"medie": 8.43, "reusita": 100.0, "cnt": 25}, "LIMBA ITALIANA": {"medie": 6.679545454545454, "reusita": 73.91304347826086, "cnt": 23}, "LIMBA TURCA": {"medie": 4.2, "reusita": 33.33333333333333, "cnt": 3}}, "nume": "Rom\u00e2nia"}