{"specializari": {"TEHNICIAN PROIECTANT CAD": 713, "TEHNICIAN MECATRONIST": 1593, "TEHNICIAN DESIGNER MOBILA SI AMENAJARI INTERIOARE": 258, "TEHNICIAN IN SILVICULTURA SI EXPLOATARI FORESTIERE": 651, "TEHNICIAN IN INDUSTRIA TEXTILA": 463, "TEHNICIAN ELECTROTEHNIST": 456, "TEHNICIAN IN GASTRONOMIE": 2136, "TEHNICIAN IN AUTOMATIZARI": 1136, "TEHNICIAN PRELUCRARI MECANICE": 171, "TEHNICIAN MECANIC PENTRU INTRETINERE SI REPARATII": 1658, "COAFOR STILIST": 832, "ORGANIZATOR BANQUETING": 945, "TEHNICIAN IN PRELUCRAREA LEMNULUI": 188, "INVATATOR - EDUCATOARE": 2220, "TEHNICIAN IN INDUSTRIA PIELARIEI": 35, "TEHNICIAN IN TURISM": 4018, "STIINTE ALE NATURII": 19906, "MATEMATICA-INFORMATICA": 25318, "TEHNICIAN TRANSPORTURI": 1091, "TEHNICIAN IN INSTALATII ELECTRICE": 1829, "TEHNICIAN ANALIZE PRODUSE ALIMENTARE": 997, "TEHNICIAN DESENATOR PENTRU CONSTRUCTII SI INSTALATII": 530, "LICEU CU PROGRAM SPORTIV": 4458, "TEHNICIAN PRELUCRARI LA CALD": 29, "TEHNICIAN PRELUCRARI PE MASINI CU COMANDA NUMERICA": 135, "STIINTE SOCIALE": 11415, "TEHNICIAN IN ACTIVITATI DE COMERT": 2017, "TEHNICIAN IN ACTIVITATI ECONOMICE": 9568, "MUZICA": 1150, "TEHNICIAN ELECTROMECANIC": 815, "TEHNICIAN ELECTRONIST": 200, "TEHNICIAN ECOLOG SI PROTECTIA CALITATII MEDIULUI": 2793, "FILOLOGIE": 21501, "TEHNICIAN VETERINAR": 588, "TEHNICIAN IN MORARIT, PANIFICATIE SI PRODUSE FAINOASE": 40, "TEHNICIAN IN AGROTURISM": 184, "TEOLOGIE ORTODOXA": 782, "TEHNICIAN CHIMIST DE LABORATOR": 372, "TEHNICIAN OPERATOR TEHNICA DE CALCUL": 2137, "TEHNICIAN INSTALATOR PENTRU CONSTRUCTII": 103, "TEHNICIAN IN ACHIZITII SI CONTRACTARI": 692, "TEHNICIAN DESIGNER VESTIMENTAR": 580, "TEOLOGIE ROMANO-CATOLICA": 341, "TEHNICIAN DE TELECOMUNICATII": 610, "TEHNICIAN HORTICULTOR": 149, "ARTE PLASTICE SI DECORATIVE": 1395, "TEHNICIAN IN INDUSTRIA STICLEI SI CERAMICII": 27, "TEHNICIAN IN AGRICULTURA": 259, "TEHNICIAN IN INDUSTRIA ALIMENTARA": 611, "TEOLOGIE GRECO-CATOLICA": 93, "ARHITECTURA, ARTE AMBIENTALE SI DESIGN": 845, "TEHNICIAN IN ADMINISTRATIE": 1111, "TEHNICIAN PROIECTANT PRODUSE FINITE DIN LEMN": 29, "TEHNICIAN ELECTRICIAN/ELECTRONIST AUTO": 558, "TEHNICIAN IN CONSTRUCTII SI LUCRARI PUBLICE": 189, "TEHNICIAN HIDRO-METEOROLOG": 57, "TEHNICIAN IN AGRICULTURA ECOLOGICA": 63, "TEOLOGIE PENTICOSTALA": 152, "TEHNICIAN IN IND. ALIM. FERMENTATIVA SI IN PREL. LEGUMELOR SI FRUCTELOR": 33, "PATRIMONIU CULTURAL": 185, "TEHNICIAN OPERATOR PROCESARE TEXT IMAGINE": 258, "TEHNICIAN IN CHIMIE INDUSTRIALA": 58, "TEHNICIAN AGROMONTAN": 98, "TEHNICIAN ZOOTEHNIST": 20, "TEHNICIAN IN PRELUCRAREA PRODUSELOR DE ORIGINE ANIMALA": 46, "ARTA ACTORULUI": 259, "TEOLOGIE BAPTISTA": 174, "TEHNICIAN IN HOTELARIE": 394, "TEHNICIAN INSTALATII DE BORD (AVION)": 41, "TEHNICIAN AVIATIE": 38, "TEHNICIAN METROLOG": 62, "TEHNICIAN POLIGRAF": 33, "TEHNICIAN PRODUCTIE FILM SI TELEVIZIUNE": 75, "TEOLOGIE ADVENTISTA": 102, "TEHNICIAN PENTRU ANIMALE DE COMPANIE": 14, "TEHNICIAN IN ACTIVITATI DE POSTA": 136, "COREGRAFIE": 78, "GHID TURISM RELIGIOS": 65, "TEHNICIAN OPERATORI ROBOTI INDUSTRIALI": 30, "TEHNICIAN MULTIMEDIA": 18, "TEHNICIAN AGRONOM": 106, "TEOLOGIE REFORMATA": 237, "TEHNICIAN OPERATOR TELEMATICA": 78, "EDUCATOR-PUERICULTOR": 81, "TEHNICIAN ENERGETICIAN": 41, "TEOLOGIE UNITARIANA": 43, "TEOLOGIE MUSULMANA": 6, "TEHNICIAN IN INDUSTRIA MATERIALELOR DE CONSTRUCTII": 3, "TEHNICIAN CONSTRUCTII NAVALE": 2, "INSTRUCTOR PENTRU ACTIVITATI EXTRASCOLARE": 27, "TEHNICIAN PENTRU TEHNICI ARTISTICE - PATRIMONIU": 31, "TEHNICIAN VETERINAR PENTRU ANIMALE DE COMPANIE": 2}, "limba_moderna": {"LIMBA ENGLEZA": 124132, "LIMBA FRANCEZA": 9830, "LIMBA GERMANA MODERNA": 1352, "LIMBA RUSA": 134, "LIMBA SPANIOLA": 387, "LIMBA ITALIANA": 226, "LIMBA PORTUGHEZA": 18, "LIMBA JAPONEZA": 5, "LIMBA CHINEZA": 4, "LIMBA TURCA MODERNA": 3}, "limba_materna": {"LIMBA ROMANA": 129045, "LIMBA MAGHIARA": 6021, "LIMBA GERMANA": 838, "LIMBA SLOVACA": 27, "LIMBA ITALIANA": 31, "LIMBA SARBA": 23, "LIMBA CROATA": 11, "LIMBA TURCA": 6, "LIMBA UCRAINEANA": 89}, "promotie_anterioara": {"DA": 19777, "NU": 116314}, "materii": {"LIMBA ROMANA": {"medie": 6.939656222604875, "reusita": 86.82719650821876, "cnt": 136091}, "MATEMATICA TEHN": {"medie": 4.8087649335352785, "reusita": 53.97429374156582, "cnt": 45203}, "BIOLOGIE VEGETALA SI ANIMALA": {"medie": 5.314832374959361, "reusita": 53.8087362583909, "cnt": 20558}, "GENERAL": {"medie": 7.006764246002031, "reusita": 65.5561352330426, "cnt": 136091}, "GEOGRAFIE": {"medie": 7.498640802643053, "reusita": 89.88679422909459, "cnt": 42489}, "ANATOMIE SI FIZIOLOGIE UMANA, GENETICA SI ECOLOGIE UMANA": {"medie": 7.479546856555339, "reusita": 88.41738872843072, "cnt": 27006}, "LIMBA MAGHIARA (REAL)": {"medie": 7.4737695993031315, "reusita": 95.2685421994885, "cnt": 4692}, "FIZICA TEH": {"medie": 5.930941020543416, "reusita": 61.78128523111612, "cnt": 1774}, "MATEMATICA PED": {"medie": 8.056713381555149, "reusita": 95.72072072072072, "cnt": 2220}, "MATEMATICA ST-NAT": {"medie": 7.01218724364235, "reusita": 82.30595327807083, "cnt": 19905}, "MATEMATICA MATE-INFO": {"medie": 7.914865243122171, "reusita": 91.67390789161861, "cnt": 25318}, "ISTORIE": {"medie": 7.022872726421466, "reusita": 90.85510415467833, "cnt": 43445}, "CHIMIE ANORGANICA TEH NIVEL I/II": {"medie": 5.749759326113125, "reusita": 68.35164835164835, "cnt": 910}, "CHIMIE ORGANICA TEH NIVEL I/II": {"medie": 5.3500000000000005, "reusita": 59.756097560975604, "cnt": 246}, "LOGICA, ARGUMENTARE SI COMUNICARE": {"medie": 8.258014114014781, "reusita": 93.4377208720709, "cnt": 18393}, "SOCIOLOGIE": {"medie": 7.5809540269616305, "reusita": 95.20081688223281, "cnt": 2938}, "FIZICA TEO": {"medie": 8.7355056689342, "reusita": 98.3705491852746, "cnt": 6628}, "INFORMATICA MI C/C++": {"medie": 8.305806163465839, "reusita": 97.68339768339769, "cnt": 6734}, "CHIMIE ANORGANICA TEO NIVEL I/II": {"medie": 7.953143534994066, "reusita": 95.76470588235294, "cnt": 850}, "CHIMIE ORGANICA TEO NIVEL I/II": {"medie": 8.753335411471317, "reusita": 98.66210329807093, "cnt": 3214}, "FILOSOFIE": {"medie": 7.5711670480549165, "reusita": 92.51700680272108, "cnt": 441}, "PSIHOLOGIE": {"medie": 7.876518485915496, "reusita": 94.9240780911063, "cnt": 2305}, "LIMBA GERMANA": {"medie": 7.840119760479047, "reusita": 98.32935560859188, "cnt": 838}, "INFORMATICA MI PASCAL": {"medie": 8.012157534246569, "reusita": 97.63513513513513, "cnt": 296}, "LIMBA MAGHIARA (UMAN)": {"medie": 7.419076457229372, "reusita": 97.81790820165538, "cnt": 1329}, "INFORMATICA SN C/C++": {"medie": 8.130924855491333, "reusita": 97.71428571428571, "cnt": 350}, "ECONOMIE": {"medie": 8.189851222104153, "reusita": 95.9915611814346, "cnt": 948}, "LIMBA SLOVACA": {"medie": 8.094444444444443, "reusita": 100.0, "cnt": 27}, "LIMBA ITALIANA": {"medie": 8.358064516129033, "reusita": 93.54838709677419, "cnt": 31}, "INFORMATICA SN PASCAL": {"medie": 8.14090909090909, "reusita": 100.0, "cnt": 11}, "LIMBA SARBA": {"medie": 7.868181818181818, "reusita": 91.30434782608695, "cnt": 23}, "LIMBA CROATA": {"medie": 8.363636363636362, "reusita": 100.0, "cnt": 11}, "LIMBA TURCA": {"medie": 8.041666666666666, "reusita": 100.0, "cnt": 6}, "LIMBA UCRAINEANA": {"medie": 7.033908045977012, "reusita": 93.25842696629213, "cnt": 89}}, "nume": "Rom\u00e2nia"}