{"specializari": {"FILOLOGIE": 2, "STIINTE SOCIALE": 1}, "limba_moderna": {"LIMBA ENGLEZA": 3}, "limba_materna": {"LIMBA ROMANA": 3}, "promotie_anterioara": {"DA": 2, "NU": 1}, "materii": {"LIMBA ROMANA": {"medie": 4.666666666666667, "reusita": 66.66666666666666, "cnt": 3}, "GENERAL": {"medie": 5.8388888888888895, "reusita": 66.66666666666666, "cnt": 3}, "GEOGRAFIE": {"medie": 7.266666666666667, "reusita": 100.0, "cnt": 3}, "ISTORIE": {"medie": 5.583333333333333, "reusita": 66.66666666666666, "cnt": 3}}, "nume": "CENTRUL DE STUDII \"STEFAN CEL MARE SI SFANT\" BUCOVINA CIMPULUNG MOLDOVENESC\tSuceava"}