{"specializari": {"STIINTE ALE NATURII": 11}, "limba_moderna": {"LIMBA FRANCEZA": 11}, "limba_materna": {"LIMBA ROMANA": 11}, "promotie_anterioara": {"NU": 11}, "materii": {"LIMBA ROMANA": {"medie": 3.436363636363636, "reusita": 9.090909090909092, "cnt": 11}, "BIOLOGIE VEGETALA SI ANIMALA": {"medie": 2.568181818181818, "reusita": 0.0, "cnt": 11}, "GENERAL": {"medie": 2.356060606060606, "reusita": 0.0, "cnt": 11}, "MATEMATICA ST-NAT": {"medie": 1.0636363636363637, "reusita": 0.0, "cnt": 11}}, "nume": "CENTRUL SCOLAR PENTRU EDUCATIE INCLUZIVA \"ELENA DOAMNA\" FOCSANI\tVrancea"}