{"specializari": {"COAFOR STILIST": 5}, "limba_moderna": {"LIMBA ENGLEZA": 5}, "limba_materna": {"LIMBA ROMANA": 5}, "promotie_anterioara": {"DA": 2, "NU": 3}, "materii": {"LIMBA ROMANA": {"medie": 5.45, "reusita": 40.0, "cnt": 5}, "MATEMATICA TEHN": {"medie": 4.529999999999999, "reusita": 20.0, "cnt": 5}, "GENERAL": {"medie": 5.210000000000001, "reusita": 20.0, "cnt": 5}, "GEOGRAFIE": {"medie": 5.1000000000000005, "reusita": 66.66666666666666, "cnt": 3}, "LOGICA, ARGUMENTARE SI COMUNICARE": {"medie": 6.475, "reusita": 100.0, "cnt": 2}}, "nume": "CENTRUL SCOLAR DE EDUCATIE INCLUZIVA \"ALBATROS\" CONSTANTA\tConstan\u021ba"}