{"specializari": {"MATEMATICA-INFORMATICA": 125, "STIINTE ALE NATURII": 57, "FILOLOGIE": 68, "STIINTE SOCIALE": 68}, "limba_moderna": {"LIMBA ENGLEZA": 293, "LIMBA FRANCEZA": 24, "LIMBA GERMANA MODERNA": 1}, "limba_materna": {"LIMBA ROMANA": 318}, "promotie_anterioara": {"DA": 2, "NU": 316}, "materii": {"LIMBA ROMANA": {"medie": 9.01572327044025, "reusita": 100.0, "cnt": 318}, "BIOLOGIE VEGETALA SI ANIMALA": {"medie": 9.661111111111111, "reusita": 100.0, "cnt": 9}, "GENERAL": {"medie": 8.948218029350107, "reusita": 99.05660377358491, "cnt": 318}, "GEOGRAFIE": {"medie": 9.352941176470589, "reusita": 100.0, "cnt": 17}, "ANATOMIE SI FIZIOLOGIE UMANA, GENETICA SI ECOLOGIE UMANA": {"medie": 9.580188679245282, "reusita": 100.0, "cnt": 53}, "MATEMATICA ST-NAT": {"medie": 8.746491228070175, "reusita": 100.0, "cnt": 57}, "MATEMATICA MATE-INFO": {"medie": 8.8468, "reusita": 100.0, "cnt": 125}, "ISTORIE": {"medie": 8.788970588235296, "reusita": 98.52941176470588, "cnt": 136}, "LOGICA, ARGUMENTARE SI COMUNICARE": {"medie": 9.26190476190476, "reusita": 100.0, "cnt": 42}, "SOCIOLOGIE": {"medie": 7.993518518518518, "reusita": 100.0, "cnt": 54}, "FIZICA TEO": {"medie": 9.13581081081081, "reusita": 100.0, "cnt": 74}, "INFORMATICA MI C/C++": {"medie": 8.707692307692309, "reusita": 100.0, "cnt": 26}, "CHIMIE ORGANICA TEO NIVEL I/II": {"medie": 9.34, "reusita": 100.0, "cnt": 20}, "FILOSOFIE": {"medie": 8.15, "reusita": 100.0, "cnt": 4}, "PSIHOLOGIE": {"medie": 8.992857142857144, "reusita": 100.0, "cnt": 7}, "ECONOMIE": {"medie": 9.229166666666666, "reusita": 100.0, "cnt": 12}}, "nume": "COLEGIUL NATIONAL \"ZINCA GOLESCU\" PITESTI\tArge\u0219"}