{"specializari": {"TEHNICIAN OPERATOR TEHNICA DE CALCUL": 1, "TEHNICIAN IN PRELUCRAREA LEMNULUI": 4, "TEHNICIAN MECANIC PENTRU INTRETINERE SI REPARATII": 5, "TEHNICIAN ECOLOG SI PROTECTIA CALITATII MEDIULUI": 5, "MATEMATICA-INFORMATICA": 58, "STIINTE SOCIALE": 32, "STIINTE ALE NATURII": 30, "TEHNICIAN MECATRONIST": 12, "TEHNICIAN IN INDUSTRIA TEXTILA": 15, "FILOLOGIE": 30, "TEHNICIAN IN ACTIVITATI ECONOMICE": 26}, "limba_moderna": {"LIMBA ENGLEZA": 214, "LIMBA FRANCEZA": 4}, "limba_materna": {"LIMBA ROMANA": 218}, "promotie_anterioara": {"DA": 26, "NU": 192}, "materii": {"LIMBA ROMANA": {"medie": 7.406308411214959, "reusita": 91.74311926605505, "cnt": 218}, "MATEMATICA TEHN": {"medie": 4.2907692307692304, "reusita": 47.05882352941176, "cnt": 68}, "BIOLOGIE VEGETALA SI ANIMALA": {"medie": 3.806666666666667, "reusita": 32.35294117647059, "cnt": 34}, "GENERAL": {"medie": 6.993333333333334, "reusita": 72.93577981651376, "cnt": 218}, "GEOGRAFIE": {"medie": 7.2351063829787226, "reusita": 93.61702127659575, "cnt": 47}, "ANATOMIE SI FIZIOLOGIE UMANA, GENETICA SI ECOLOGIE UMANA": {"medie": 7.7328125000000005, "reusita": 96.92307692307692, "cnt": 65}, "FIZICA TEH": {"medie": 6.85, "reusita": 100.0, "cnt": 1}, "MATEMATICA ST-NAT": {"medie": 6.962068965517242, "reusita": 83.33333333333334, "cnt": 30}, "MATEMATICA MATE-INFO": {"medie": 8.062068965517241, "reusita": 100.0, "cnt": 58}, "ISTORIE": {"medie": 6.9790322580645165, "reusita": 98.38709677419355, "cnt": 62}, "CHIMIE ANORGANICA TEH NIVEL I/II": {"medie": 2.5, "reusita": 0.0, "cnt": 1}, "CHIMIE ORGANICA TEH NIVEL I/II": {"medie": 2.5, "reusita": 0.0, "cnt": 2}, "SOCIOLOGIE": {"medie": 7.042500000000001, "reusita": 100.0, "cnt": 40}, "FIZICA TEO": {"medie": 8.279411764705882, "reusita": 100.0, "cnt": 17}, "INFORMATICA MI C/C++": {"medie": 8.042857142857143, "reusita": 100.0, "cnt": 7}, "CHIMIE ORGANICA TEO NIVEL I/II": {"medie": 9.066666666666668, "reusita": 100.0, "cnt": 3}, "PSIHOLOGIE": {"medie": 9.35, "reusita": 100.0, "cnt": 1}}, "nume": "COLEGIUL TEHNIC \"DIMITRIE GHIKA\" COMANESTI\tBac\u0103u"}