{"specializari": {"MATEMATICA-INFORMATICA": 32, "STIINTE ALE NATURII": 65, "FILOLOGIE": 24}, "limba_moderna": {"LIMBA ENGLEZA": 119, "LIMBA SPANIOLA": 2}, "limba_materna": {"LIMBA GERMANA": 121}, "promotie_anterioara": {"NU": 121}, "materii": {"LIMBA ROMANA": {"medie": 8.961983471074378, "reusita": 100.0, "cnt": 121}, "BIOLOGIE VEGETALA SI ANIMALA": {"medie": 9.457692307692309, "reusita": 100.0, "cnt": 13}, "GENERAL": {"medie": 8.834400826446279, "reusita": 100.0, "cnt": 121}, "GEOGRAFIE": {"medie": 8.164285714285713, "reusita": 100.0, "cnt": 7}, "ANATOMIE SI FIZIOLOGIE UMANA, GENETICA SI ECOLOGIE UMANA": {"medie": 9.183333333333334, "reusita": 100.0, "cnt": 18}, "MATEMATICA ST-NAT": {"medie": 8.927692307692308, "reusita": 100.0, "cnt": 65}, "MATEMATICA MATE-INFO": {"medie": 9.085937499999998, "reusita": 100.0, "cnt": 32}, "ISTORIE": {"medie": 8.439583333333333, "reusita": 100.0, "cnt": 24}, "LOGICA, ARGUMENTARE SI COMUNICARE": {"medie": 8.919999999999998, "reusita": 100.0, "cnt": 15}, "FIZICA TEO": {"medie": 9.075000000000001, "reusita": 100.0, "cnt": 24}, "INFORMATICA MI C/C++": {"medie": 9.201785714285714, "reusita": 100.0, "cnt": 28}, "CHIMIE ORGANICA TEO NIVEL I/II": {"medie": 8.85, "reusita": 100.0, "cnt": 7}, "PSIHOLOGIE": {"medie": 9.075, "reusita": 100.0, "cnt": 2}, "LIMBA GERMANA": {"medie": 8.469834710743804, "reusita": 100.0, "cnt": 121}, "INFORMATICA SN C/C++": {"medie": 8.321428571428571, "reusita": 100.0, "cnt": 7}}, "nume": "COLEGIUL NATIONAL \"SAMUEL VON BRUKENTHAL\" SIBIU\tSibiu"}