{"specializari": {"STIINTE ALE NATURII": 93, "MATEMATICA-INFORMATICA": 32}, "limba_moderna": {"LIMBA ENGLEZA": 119, "LIMBA GERMANA MODERNA": 1, "LIMBA FRANCEZA": 5}, "limba_materna": {"LIMBA ROMANA": 125}, "promotie_anterioara": {"DA": 5, "NU": 120}, "materii": {"LIMBA ROMANA": {"medie": 8.100000000000001, "reusita": 100.0, "cnt": 125}, "BIOLOGIE VEGETALA SI ANIMALA": {"medie": 7.7, "reusita": 100.0, "cnt": 1}, "GENERAL": {"medie": 8.303999999999998, "reusita": 96.8, "cnt": 125}, "ANATOMIE SI FIZIOLOGIE UMANA, GENETICA SI ECOLOGIE UMANA": {"medie": 8.85462962962963, "reusita": 100.0, "cnt": 108}, "MATEMATICA ST-NAT": {"medie": 7.919354838709679, "reusita": 97.84946236559139, "cnt": 93}, "MATEMATICA MATE-INFO": {"medie": 8.500000000000002, "reusita": 100.0, "cnt": 32}, "FIZICA TEO": {"medie": 8.319999999999999, "reusita": 100.0, "cnt": 5}, "INFORMATICA MI C/C++": {"medie": 7.945454545454546, "reusita": 100.0, "cnt": 11}}, "nume": "COLEGIUL NATIONAL \"ANA ASLAN\" TIMISOARA\tTimi\u0219"}