{"specializari": {"TEHNICIAN IN ACHIZITII SI CONTRACTARI": 56, "ORGANIZATOR BANQUETING": 23, "TEHNICIAN IN ACTIVITATI ECONOMICE": 50, "TEHNICIAN IN GASTRONOMIE": 27, "TEHNICIAN IN TURISM": 25, "TEHNICIAN IN ADMINISTRATIE": 29}, "limba_moderna": {"LIMBA ENGLEZA": 202, "LIMBA FRANCEZA": 8}, "limba_materna": {"LIMBA ROMANA": 210}, "promotie_anterioara": {"DA": 9, "NU": 201}, "materii": {"LIMBA ROMANA": {"medie": 7.994471153846151, "reusita": 99.04761904761905, "cnt": 210}, "MATEMATICA TEHN": {"medie": 7.9052884615384595, "reusita": 97.14285714285714, "cnt": 210}, "GENERAL": {"medie": 8.199038461538459, "reusita": 95.23809523809523, "cnt": 210}, "GEOGRAFIE": {"medie": 8.729499999999996, "reusita": 98.51485148514851, "cnt": 202}, "LOGICA, ARGUMENTARE SI COMUNICARE": {"medie": 6.9, "reusita": 75.0, "cnt": 4}, "PSIHOLOGIE": {"medie": 8.775, "reusita": 100.0, "cnt": 2}, "ECONOMIE": {"medie": 9.0, "reusita": 100.0, "cnt": 2}}, "nume": "COLEGIUL ECONOMIC \"MIHAIL KOGALNICEANU\" FOCSANI\tVrancea"}