{"specializari": {"FILOLOGIE": 56, "STIINTE ALE NATURII": 54, "MATEMATICA-INFORMATICA": 27, "STIINTE SOCIALE": 23}, "limba_moderna": {"LIMBA ENGLEZA": 136, "LIMBA FRANCEZA": 11, "LIMBA GERMANA MODERNA": 12, "LIMBA ITALIANA": 1}, "limba_materna": {"LIMBA ROMANA": 160}, "promotie_anterioara": {"DA": 11, "NU": 149}, "materii": {"LIMBA ROMANA": {"medie": 7.747499999999997, "reusita": 98.75, "cnt": 160}, "BIOLOGIE VEGETALA SI ANIMALA": {"medie": 6.9772727272727275, "reusita": 81.81818181818183, "cnt": 11}, "GENERAL": {"medie": 7.65364583333334, "reusita": 88.125, "cnt": 160}, "GEOGRAFIE": {"medie": 7.545614035087718, "reusita": 100.0, "cnt": 57}, "ANATOMIE SI FIZIOLOGIE UMANA, GENETICA SI ECOLOGIE UMANA": {"medie": 7.702702702702704, "reusita": 100.0, "cnt": 37}, "MATEMATICA ST-NAT": {"medie": 7.935185185185186, "reusita": 94.44444444444444, "cnt": 54}, "MATEMATICA MATE-INFO": {"medie": 6.835185185185186, "reusita": 88.88888888888889, "cnt": 27}, "ISTORIE": {"medie": 8.243670886075952, "reusita": 100.0, "cnt": 79}, "SOCIOLOGIE": {"medie": 6.9, "reusita": 100.0, "cnt": 5}, "INFORMATICA MI C/C++": {"medie": 6.155555555555555, "reusita": 94.44444444444444, "cnt": 18}, "CHIMIE ANORGANICA TEO NIVEL I/II": {"medie": 6.0, "reusita": 100.0, "cnt": 1}, "CHIMIE ORGANICA TEO NIVEL I/II": {"medie": 7.48888888888889, "reusita": 77.77777777777779, "cnt": 9}, "PSIHOLOGIE": {"medie": 7.25625, "reusita": 100.0, "cnt": 16}, "INFORMATICA SN C/C++": {"medie": 7.369999999999999, "reusita": 100.0, "cnt": 5}, "ECONOMIE": {"medie": 6.35, "reusita": 100.0, "cnt": 1}}, "nume": "COLEGIUL NATIONAL \"DOAMNA STANCA\" SATU MARE\tSatu-Mare"}