{"specializari": {"MATEMATICA-INFORMATICA": 115, "STIINTE ALE NATURII": 60, "STIINTE SOCIALE": 30}, "limba_moderna": {"LIMBA ENGLEZA": 195, "LIMBA FRANCEZA": 6, "LIMBA GERMANA MODERNA": 4}, "limba_materna": {"LIMBA ROMANA": 205}, "promotie_anterioara": {"DA": 3, "NU": 202}, "materii": {"LIMBA ROMANA": {"medie": 9.107073170731711, "reusita": 100.0, "cnt": 205}, "BIOLOGIE VEGETALA SI ANIMALA": {"medie": 9.3, "reusita": 100.0, "cnt": 1}, "GENERAL": {"medie": 9.010569105691058, "reusita": 98.53658536585365, "cnt": 205}, "GEOGRAFIE": {"medie": 8.15, "reusita": 100.0, "cnt": 6}, "ANATOMIE SI FIZIOLOGIE UMANA, GENETICA SI ECOLOGIE UMANA": {"medie": 9.082075471698113, "reusita": 100.0, "cnt": 106}, "MATEMATICA ST-NAT": {"medie": 8.8975, "reusita": 98.33333333333333, "cnt": 60}, "MATEMATICA MATE-INFO": {"medie": 8.960434782608694, "reusita": 99.1304347826087, "cnt": 115}, "ISTORIE": {"medie": 8.921666666666669, "reusita": 100.0, "cnt": 30}, "LOGICA, ARGUMENTARE SI COMUNICARE": {"medie": 9.716666666666665, "reusita": 100.0, "cnt": 15}, "SOCIOLOGIE": {"medie": 9.174999999999999, "reusita": 100.0, "cnt": 4}, "FIZICA TEO": {"medie": 8.670833333333333, "reusita": 100.0, "cnt": 12}, "INFORMATICA MI C/C++": {"medie": 8.75394736842105, "reusita": 100.0, "cnt": 38}, "CHIMIE ANORGANICA TEO NIVEL I/II": {"medie": 5.0, "reusita": 100.0, "cnt": 1}, "CHIMIE ORGANICA TEO NIVEL I/II": {"medie": 9.146875, "reusita": 100.0, "cnt": 16}, "PSIHOLOGIE": {"medie": 8.57, "reusita": 100.0, "cnt": 5}, "INFORMATICA SN C/C++": {"medie": 8.35, "reusita": 100.0, "cnt": 1}}, "nume": "COLEGIUL NATIONAL \"EMANUIL GOJDU\" ORADEA\tBihor"}