{"specializari": {"TEHNICIAN IN AGRICULTURA": 7, "TEHNICIAN IN ACTIVITATI ECONOMICE": 30, "TEHNICIAN ECOLOG SI PROTECTIA CALITATII MEDIULUI": 15, "TEHNICIAN VETERINAR": 22, "TEHNICIAN PENTRU ANIMALE DE COMPANIE": 2, "TEHNICIAN HORTICULTOR": 22, "TEHNICIAN IN GASTRONOMIE": 25}, "limba_moderna": {"LIMBA ENGLEZA": 123}, "limba_materna": {"LIMBA ROMANA": 123}, "promotie_anterioara": {"DA": 35, "NU": 88}, "materii": {"LIMBA ROMANA": {"medie": 4.954954954954956, "reusita": 54.47154471544715, "cnt": 123}, "MATEMATICA TEHN": {"medie": 2.8527272727272743, "reusita": 19.51219512195122, "cnt": 123}, "BIOLOGIE VEGETALA SI ANIMALA": {"medie": 3.5, "reusita": 15.384615384615385, "cnt": 13}, "GENERAL": {"medie": 4.201401869158881, "reusita": 6.504065040650407, "cnt": 123}, "GEOGRAFIE": {"medie": 4.853061224489796, "reusita": 52.72727272727272, "cnt": 55}, "ANATOMIE SI FIZIOLOGIE UMANA, GENETICA SI ECOLOGIE UMANA": {"medie": 4.943137254901959, "reusita": 54.54545454545454, "cnt": 55}}, "nume": "COLEGIUL TEHNOLOGIC \"VIACESLAV HARNAJ\"\tBucure\u0219ti"}