{"specializari": {"MATEMATICA-INFORMATICA": 13}, "limba_moderna": {"LIMBA ENGLEZA": 13}, "limba_materna": {"LIMBA ROMANA": 13}, "promotie_anterioara": {"NU": 13}, "materii": {"LIMBA ROMANA": {"medie": 8.757692307692308, "reusita": 100.0, "cnt": 13}, "GENERAL": {"medie": 8.807692307692307, "reusita": 100.0, "cnt": 13}, "ANATOMIE SI FIZIOLOGIE UMANA, GENETICA SI ECOLOGIE UMANA": {"medie": 8.225, "reusita": 100.0, "cnt": 10}, "MATEMATICA MATE-INFO": {"medie": 9.253846153846153, "reusita": 100.0, "cnt": 13}, "FIZICA TEO": {"medie": 7.4, "reusita": 100.0, "cnt": 1}, "INFORMATICA MI C/C++": {"medie": 9.7, "reusita": 100.0, "cnt": 1}, "CHIMIE ORGANICA TEO NIVEL I/II": {"medie": 10.0, "reusita": 100.0, "cnt": 1}}, "nume": "COLEGIUL \"RICHARD WURMBRAND\", IASI\tIa\u0219i"}