{"specializari": {"TEHNICIAN IN AUTOMATIZARI": 12, "TEHNICIAN MECATRONIST": 11, "TEHNICIAN ECOLOG SI PROTECTIA CALITATII MEDIULUI": 22, "TEHNICIAN IN INDUSTRIA ALIMENTARA": 40, "TEHNICIAN IN TURISM": 21, "TEHNICIAN ANALIZE PRODUSE ALIMENTARE": 21}, "limba_moderna": {"LIMBA ENGLEZA": 126, "LIMBA FRANCEZA": 1}, "limba_materna": {"LIMBA ROMANA": 127}, "promotie_anterioara": {"DA": 24, "NU": 103}, "materii": {"LIMBA ROMANA": {"medie": 6.314566929133859, "reusita": 92.1259842519685, "cnt": 127}, "MATEMATICA TEHN": {"medie": 4.457142857142857, "reusita": 46.45669291338583, "cnt": 127}, "BIOLOGIE VEGETALA SI ANIMALA": {"medie": 4.794736842105263, "reusita": 50.0, "cnt": 20}, "GENERAL": {"medie": 5.534274193548388, "reusita": 31.496062992125985, "cnt": 127}, "GEOGRAFIE": {"medie": 7.473529411764705, "reusita": 100.0, "cnt": 17}, "ANATOMIE SI FIZIOLOGIE UMANA, GENETICA SI ECOLOGIE UMANA": {"medie": 5.501234567901235, "reusita": 73.17073170731707, "cnt": 82}, "FIZICA TEH": {"medie": 6.4, "reusita": 66.66666666666666, "cnt": 3}, "CHIMIE ORGANICA TEH NIVEL I/II": {"medie": 7.0, "reusita": 100.0, "cnt": 1}, "LOGICA, ARGUMENTARE SI COMUNICARE": {"medie": 8.175, "reusita": 100.0, "cnt": 4}}, "nume": "COLEGIUL TEHNIC DE INDUSTRIE ALIMENTARA SUCEAVA\tSuceava"}