{"specializari": {"TEHNICIAN ELECTRONIST": 3, "TEHNICIAN TRANSPORTURI": 17, "TEHNICIAN IN INSTALATII ELECTRICE": 25, "TEHNICIAN DE TELECOMUNICATII": 25, "TEHNICIAN OPERATOR TEHNICA DE CALCUL": 27, "TEHNICIAN ELECTROMECANIC": 23, "TEHNICIAN PROIECTANT CAD": 9, "TEHNICIAN IN AUTOMATIZARI": 2, "TEHNICIAN MECATRONIST": 2, "MATEMATICA-INFORMATICA": 44}, "limba_moderna": {"LIMBA ENGLEZA": 157, "LIMBA FRANCEZA": 20}, "limba_materna": {"LIMBA ROMANA": 177}, "promotie_anterioara": {"DA": 52, "NU": 125}, "materii": {"LIMBA ROMANA": {"medie": 6.27457142857143, "reusita": 85.87570621468926, "cnt": 177}, "MATEMATICA TEHN": {"medie": 4.473076923076923, "reusita": 48.1203007518797, "cnt": 133}, "BIOLOGIE VEGETALA SI ANIMALA": {"medie": 5.011240310077518, "reusita": 51.85185185185185, "cnt": 135}, "GENERAL": {"medie": 5.514003944773173, "reusita": 33.89830508474576, "cnt": 177}, "ANATOMIE SI FIZIOLOGIE UMANA, GENETICA SI ECOLOGIE UMANA": {"medie": 7.064285714285715, "reusita": 85.71428571428571, "cnt": 7}, "FIZICA TEH": {"medie": 6.583333333333333, "reusita": 100.0, "cnt": 6}, "MATEMATICA MATE-INFO": {"medie": 5.634090909090909, "reusita": 72.72727272727273, "cnt": 44}, "CHIMIE ANORGANICA TEH NIVEL I/II": {"medie": 5.55, "reusita": 80.0, "cnt": 10}, "FIZICA TEO": {"medie": 7.455555555555557, "reusita": 88.88888888888889, "cnt": 9}, "INFORMATICA MI C/C++": {"medie": 7.4071428571428575, "reusita": 100.0, "cnt": 7}, "CHIMIE ANORGANICA TEO NIVEL I/II": {"medie": 5.566666666666667, "reusita": 66.66666666666666, "cnt": 3}}, "nume": "COLEGIUL TEHNIC \"EDMOND NICOLAU\" FOCSANI\tVrancea"}