{"specializari": {"MATEMATICA-INFORMATICA": 53, "STIINTE ALE NATURII": 85, "STIINTE SOCIALE": 30}, "limba_moderna": {"LIMBA ENGLEZA": 142, "LIMBA FRANCEZA": 26}, "limba_materna": {"LIMBA ROMANA": 168}, "promotie_anterioara": {"NU": 168}, "materii": {"LIMBA ROMANA": {"medie": 9.384821428571424, "reusita": 100.0, "cnt": 168}, "BIOLOGIE VEGETALA SI ANIMALA": {"medie": 8.805000000000001, "reusita": 100.0, "cnt": 20}, "GENERAL": {"medie": 9.340178571428572, "reusita": 100.0, "cnt": 168}, "GEOGRAFIE": {"medie": 9.6, "reusita": 100.0, "cnt": 3}, "ANATOMIE SI FIZIOLOGIE UMANA, GENETICA SI ECOLOGIE UMANA": {"medie": 9.19047619047619, "reusita": 100.0, "cnt": 21}, "MATEMATICA ST-NAT": {"medie": 9.149411764705881, "reusita": 100.0, "cnt": 85}, "MATEMATICA MATE-INFO": {"medie": 9.395283018867925, "reusita": 100.0, "cnt": 53}, "ISTORIE": {"medie": 9.643333333333329, "reusita": 100.0, "cnt": 30}, "LOGICA, ARGUMENTARE SI COMUNICARE": {"medie": 9.536842105263158, "reusita": 100.0, "cnt": 19}, "SOCIOLOGIE": {"medie": 8.9, "reusita": 100.0, "cnt": 1}, "FIZICA TEO": {"medie": 9.466666666666665, "reusita": 100.0, "cnt": 9}, "INFORMATICA MI C/C++": {"medie": 9.214705882352943, "reusita": 100.0, "cnt": 34}, "CHIMIE ANORGANICA TEO NIVEL I/II": {"medie": 9.360526315789473, "reusita": 100.0, "cnt": 19}, "CHIMIE ORGANICA TEO NIVEL I/II": {"medie": 9.5328125, "reusita": 100.0, "cnt": 32}, "PSIHOLOGIE": {"medie": 9.774999999999999, "reusita": 100.0, "cnt": 4}, "INFORMATICA SN C/C++": {"medie": 9.366666666666667, "reusita": 100.0, "cnt": 3}, "ECONOMIE": {"medie": 9.75, "reusita": 100.0, "cnt": 3}}, "nume": "COLEGIUL NATIONAL \"ANDREI SAGUNA\" BRASOV\tBra\u0219ov"}