{"specializari": {"TEHNICIAN DESENATOR PENTRU CONSTRUCTII SI INSTALATII": 17, "TEHNICIAN MECANIC PENTRU INTRETINERE SI REPARATII": 31, "TEHNICIAN IN INSTALATII ELECTRICE": 9, "STIINTE ALE NATURII": 33, "TEHNICIAN CHIMIST DE LABORATOR": 18, "TEHNICIAN IN GASTRONOMIE": 21, "TEHNICIAN IN HOTELARIE": 2, "TEHNICIAN IN CHIMIE INDUSTRIALA": 1, "TEHNICIAN INSTALATOR PENTRU CONSTRUCTII": 6}, "limba_moderna": {"LIMBA ENGLEZA": 132, "LIMBA FRANCEZA": 6}, "limba_materna": {"LIMBA ROMANA": 138}, "promotie_anterioara": {"DA": 62, "NU": 76}, "materii": {"LIMBA ROMANA": {"medie": 5.785401459854017, "reusita": 84.78260869565217, "cnt": 138}, "MATEMATICA TEHN": {"medie": 4.244329896907218, "reusita": 49.523809523809526, "cnt": 105}, "BIOLOGIE VEGETALA SI ANIMALA": {"medie": 4.697692307692308, "reusita": 44.44444444444444, "cnt": 72}, "GENERAL": {"medie": 5.34100529100529, "reusita": 31.15942028985507, "cnt": 138}, "GEOGRAFIE": {"medie": 7.163043478260869, "reusita": 95.65217391304348, "cnt": 23}, "ANATOMIE SI FIZIOLOGIE UMANA, GENETICA SI ECOLOGIE UMANA": {"medie": 6.586206896551723, "reusita": 93.10344827586206, "cnt": 29}, "FIZICA TEH": {"medie": 5.366666666666667, "reusita": 66.66666666666666, "cnt": 6}, "MATEMATICA ST-NAT": {"medie": 5.75, "reusita": 81.81818181818183, "cnt": 33}, "CHIMIE ANORGANICA TEH NIVEL I/II": {"medie": 4.5600000000000005, "reusita": 50.0, "cnt": 6}, "CHIMIE ORGANICA TEH NIVEL I/II": {"medie": 1.8, "reusita": 0.0, "cnt": 1}, "FIZICA TEO": {"medie": 5.3, "reusita": 100.0, "cnt": 1}}, "nume": "COLEGIUL TEHNIC \"MIHAI BRAVU\"\tBucure\u0219ti"}