{"specializari": {"TEHNICIAN IN CONSTRUCTII SI LUCRARI PUBLICE": 5, "LICEU CU PROGRAM SPORTIV": 61, "TEHNICIAN DESENATOR PENTRU CONSTRUCTII SI INSTALATII": 11, "TEHNICIAN MECANIC PENTRU INTRETINERE SI REPARATII": 9, "TEHNICIAN INSTALATOR PENTRU CONSTRUCTII": 12, "TEHNICIAN MECATRONIST": 2, "TEHNICIAN ELECTROTEHNIST": 4, "TEHNICIAN ECOLOG SI PROTECTIA CALITATII MEDIULUI": 7}, "limba_moderna": {"LIMBA ENGLEZA": 108, "LIMBA FRANCEZA": 3}, "limba_materna": {"LIMBA ROMANA": 111}, "promotie_anterioara": {"DA": 58, "NU": 53}, "materii": {"LIMBA ROMANA": {"medie": 5.6192660550458715, "reusita": 80.18018018018019, "cnt": 111}, "MATEMATICA TEHN": {"medie": 4.610638297872341, "reusita": 46.0, "cnt": 50}, "BIOLOGIE VEGETALA SI ANIMALA": {"medie": 4.156666666666668, "reusita": 37.5, "cnt": 32}, "GENERAL": {"medie": 5.602201257861635, "reusita": 33.33333333333333, "cnt": 111}, "GEOGRAFIE": {"medie": 6.5139999999999985, "reusita": 78.43137254901961, "cnt": 51}, "ANATOMIE SI FIZIOLOGIE UMANA, GENETICA SI ECOLOGIE UMANA": {"medie": 6.699999999999999, "reusita": 100.0, "cnt": 2}, "FIZICA TEH": {"medie": 5.326923076923077, "reusita": 53.84615384615385, "cnt": 13}, "ISTORIE": {"medie": 6.0500000000000025, "reusita": 90.1639344262295, "cnt": 61}, "CHIMIE ANORGANICA TEH NIVEL I/II": {"medie": 6.050000000000001, "reusita": 50.0, "cnt": 2}, "CHIMIE ORGANICA TEH NIVEL I/II": {"medie": 2.6, "reusita": 0.0, "cnt": 1}, "LOGICA, ARGUMENTARE SI COMUNICARE": {"medie": 7.3500000000000005, "reusita": 85.71428571428571, "cnt": 7}, "PSIHOLOGIE": {"medie": 6.575, "reusita": 100.0, "cnt": 2}, "ECONOMIE": {"medie": 6.5, "reusita": 100.0, "cnt": 1}}, "nume": "COLEGIUL TEHNIC \"ANGHEL SALIGNY\"\tBucure\u0219ti"}