{"specializari": {"STIINTE ALE NATURII": 31, "MATEMATICA-INFORMATICA": 81, "STIINTE SOCIALE": 29, "FILOLOGIE": 30}, "limba_moderna": {"LIMBA ENGLEZA": 164, "LIMBA FRANCEZA": 7}, "limba_materna": {"LIMBA ROMANA": 171}, "promotie_anterioara": {"DA": 1, "NU": 170}, "materii": {"LIMBA ROMANA": {"medie": 8.571052631578944, "reusita": 99.41520467836257, "cnt": 171}, "GENERAL": {"medie": 8.63362573099415, "reusita": 97.07602339181285, "cnt": 171}, "GEOGRAFIE": {"medie": 9.051315789473684, "reusita": 100.0, "cnt": 38}, "ANATOMIE SI FIZIOLOGIE UMANA, GENETICA SI ECOLOGIE UMANA": {"medie": 9.11875, "reusita": 100.0, "cnt": 56}, "MATEMATICA ST-NAT": {"medie": 8.490322580645163, "reusita": 100.0, "cnt": 31}, "MATEMATICA MATE-INFO": {"medie": 8.466666666666667, "reusita": 98.76543209876543, "cnt": 81}, "ISTORIE": {"medie": 8.038983050847458, "reusita": 96.61016949152543, "cnt": 59}, "LOGICA, ARGUMENTARE SI COMUNICARE": {"medie": 8.575000000000001, "reusita": 100.0, "cnt": 8}, "SOCIOLOGIE": {"medie": 8.85, "reusita": 100.0, "cnt": 2}, "FIZICA TEO": {"medie": 9.374999999999998, "reusita": 100.0, "cnt": 16}, "INFORMATICA MI C/C++": {"medie": 9.016666666666664, "reusita": 100.0, "cnt": 30}, "CHIMIE ORGANICA TEO NIVEL I/II": {"medie": 8.830000000000002, "reusita": 100.0, "cnt": 10}, "FILOSOFIE": {"medie": 9.7, "reusita": 100.0, "cnt": 1}, "PSIHOLOGIE": {"medie": 8.620000000000001, "reusita": 100.0, "cnt": 5}, "ECONOMIE": {"medie": 7.5200000000000005, "reusita": 100.0, "cnt": 5}}, "nume": "COLEGIUL NATIONAL \"SPIRU HARET\", LOCALITATEA TECUCI\tGala\u021bi"}