{"specializari": {"TEHNICIAN PRELUCRARI MECANICE": 8, "TEHNICIAN MECATRONIST": 16, "TEHNICIAN MECANIC PENTRU INTRETINERE SI REPARATII": 12, "TEHNICIAN ECOLOG SI PROTECTIA CALITATII MEDIULUI": 22, "FILOLOGIE": 33, "TEHNICIAN IN INSTALATII ELECTRICE": 22, "MATEMATICA-INFORMATICA": 27, "STIINTE ALE NATURII": 11, "STIINTE SOCIALE": 2}, "limba_moderna": {"LIMBA ENGLEZA": 147, "LIMBA FRANCEZA": 6}, "limba_materna": {"LIMBA ROMANA": 153}, "promotie_anterioara": {"DA": 49, "NU": 104}, "materii": {"LIMBA ROMANA": {"medie": 6.118456375838926, "reusita": 86.27450980392157, "cnt": 153}, "MATEMATICA TEHN": {"medie": 4.306081081081081, "reusita": 48.75, "cnt": 80}, "BIOLOGIE VEGETALA SI ANIMALA": {"medie": 4.95, "reusita": 54.83870967741935, "cnt": 62}, "GENERAL": {"medie": 5.77890442890443, "reusita": 45.09803921568628, "cnt": 153}, "GEOGRAFIE": {"medie": 8.483333333333334, "reusita": 75.0, "cnt": 4}, "ANATOMIE SI FIZIOLOGIE UMANA, GENETICA SI ECOLOGIE UMANA": {"medie": 5.9597826086956545, "reusita": 82.6086956521739, "cnt": 46}, "FIZICA TEH": {"medie": 2.5625, "reusita": 0.0, "cnt": 4}, "MATEMATICA ST-NAT": {"medie": 4.331818181818182, "reusita": 63.63636363636363, "cnt": 11}, "MATEMATICA MATE-INFO": {"medie": 6.464814814814814, "reusita": 92.5925925925926, "cnt": 27}, "ISTORIE": {"medie": 6.32205882352941, "reusita": 91.42857142857143, "cnt": 35}, "SOCIOLOGIE": {"medie": 7.799999999999999, "reusita": 93.10344827586206, "cnt": 29}, "FIZICA TEO": {"medie": 8.05, "reusita": 100.0, "cnt": 1}, "INFORMATICA MI C/C++": {"medie": 4.98, "reusita": 60.0, "cnt": 5}, "FILOSOFIE": {"medie": 8.125, "reusita": 100.0, "cnt": 2}}, "nume": "COLEGIUL TEHNIC \"PETRU MAIOR\"\tBucure\u0219ti"}