{"specializari": {"TEHNICIAN TRANSPORTURI": 2, "MATEMATICA-INFORMATICA": 7, "TEHNICIAN MECATRONIST": 6, "TEHNICIAN MECANIC PENTRU INTRETINERE SI REPARATII": 1, "TEHNICIAN IN INSTALATII ELECTRICE": 1, "TEHNICIAN IN AUTOMATIZARI": 9, "LICEU CU PROGRAM SPORTIV": 35, "ORGANIZATOR BANQUETING": 17}, "limba_moderna": {"LIMBA ENGLEZA": 77, "LIMBA FRANCEZA": 1}, "limba_materna": {"LIMBA ROMANA": 78}, "promotie_anterioara": {"DA": 24, "NU": 54}, "materii": {"LIMBA ROMANA": {"medie": 5.9, "reusita": 83.33333333333334, "cnt": 78}, "MATEMATICA TEHN": {"medie": 4.286111111111111, "reusita": 52.77777777777778, "cnt": 36}, "BIOLOGIE VEGETALA SI ANIMALA": {"medie": 4.497368421052631, "reusita": 47.61904761904761, "cnt": 21}, "GENERAL": {"medie": 5.707077625570777, "reusita": 38.46153846153847, "cnt": 78}, "GEOGRAFIE": {"medie": 7.0120000000000005, "reusita": 94.0, "cnt": 50}, "ANATOMIE SI FIZIOLOGIE UMANA, GENETICA SI ECOLOGIE UMANA": {"medie": 6.5, "reusita": 66.66666666666666, "cnt": 3}, "FIZICA TEH": {"medie": 3.3, "reusita": 0.0, "cnt": 1}, "MATEMATICA MATE-INFO": {"medie": 3.0, "reusita": 14.285714285714285, "cnt": 7}, "ISTORIE": {"medie": 5.7371428571428575, "reusita": 91.42857142857143, "cnt": 35}, "CHIMIE ANORGANICA TEH NIVEL I/II": {"medie": 5.05, "reusita": 100.0, "cnt": 1}, "LOGICA, ARGUMENTARE SI COMUNICARE": {"medie": 4.775, "reusita": 50.0, "cnt": 2}}, "nume": "COLEGIUL TEHNIC \"DINICU GOLESCU\"\tBucure\u0219ti"}