{"specializari": {"TEHNICIAN IN ADMINISTRATIE": 2, "TEHNICIAN TRANSPORTURI": 1, "TEHNICIAN CHIMIST DE LABORATOR": 1, "TEHNICIAN PROIECTANT CAD": 3, "TEHNICIAN MECATRONIST": 2, "TEHNICIAN OPERATOR TEHNICA DE CALCUL": 1, "TEHNICIAN IN ACTIVITATI ECONOMICE": 19, "TEHNICIAN ELECTRONIST": 8}, "limba_moderna": {"LIMBA ENGLEZA": 36, "LIMBA FRANCEZA": 1}, "limba_materna": {"LIMBA ROMANA": 37}, "promotie_anterioara": {"DA": 8, "NU": 29}, "materii": {"LIMBA ROMANA": {"medie": 6.2918918918918925, "reusita": 83.78378378378379, "cnt": 37}, "MATEMATICA TEHN": {"medie": 5.967142857142858, "reusita": 78.37837837837837, "cnt": 37}, "BIOLOGIE VEGETALA SI ANIMALA": {"medie": 6.788888888888888, "reusita": 88.88888888888889, "cnt": 9}, "GENERAL": {"medie": 6.594444444444446, "reusita": 62.16216216216216, "cnt": 37}, "GEOGRAFIE": {"medie": 7.2423076923076914, "reusita": 92.85714285714286, "cnt": 14}, "FIZICA TEH": {"medie": 7.574999999999999, "reusita": 100.0, "cnt": 6}, "CHIMIE ORGANICA TEH NIVEL I/II": {"medie": "-", "reusita": 0.0, "cnt": 1}, "LOGICA, ARGUMENTARE SI COMUNICARE": {"medie": 7.183333333333334, "reusita": 66.66666666666666, "cnt": 6}, "PSIHOLOGIE": {"medie": 8.0, "reusita": 100.0, "cnt": 1}}, "nume": "COLEGIUL TEHNIC TURDA\tCluj"}