{"specializari": {"TEHNICIAN MECANIC PENTRU INTRETINERE SI REPARATII": 2, "TEHNICIAN MECATRONIST": 19, "TEHNICIAN OPERATOR TEHNICA DE CALCUL": 38, "TEHNICIAN IN ADMINISTRATIE": 27, "ORGANIZATOR BANQUETING": 22}, "limba_moderna": {"LIMBA ENGLEZA": 105, "LIMBA GERMANA MODERNA": 1, "LIMBA FRANCEZA": 2}, "limba_materna": {"LIMBA ROMANA": 108}, "promotie_anterioara": {"DA": 32, "NU": 76}, "materii": {"LIMBA ROMANA": {"medie": 6.382075471698114, "reusita": 90.74074074074075, "cnt": 108}, "MATEMATICA TEHN": {"medie": 5.927830188679243, "reusita": 79.62962962962963, "cnt": 108}, "BIOLOGIE VEGETALA SI ANIMALA": {"medie": 5.570454545454546, "reusita": 64.44444444444444, "cnt": 45}, "GENERAL": {"medie": 6.3403846153846155, "reusita": 60.18518518518518, "cnt": 108}, "GEOGRAFIE": {"medie": 7.474489795918372, "reusita": 91.83673469387756, "cnt": 49}, "FIZICA TEH": {"medie": 7.092307692307693, "reusita": 100.0, "cnt": 13}, "CHIMIE ANORGANICA TEH NIVEL I/II": {"medie": 6.85, "reusita": 100.0, "cnt": 1}}, "nume": "COLEGIUL TEHNIC \"HENRI COANDA\" TIMISOARA\tTimi\u0219"}