{"specializari": {"STIINTE SOCIALE": 29, "MATEMATICA-INFORMATICA": 99, "STIINTE ALE NATURII": 24, "FILOLOGIE": 52}, "limba_moderna": {"LIMBA ENGLEZA": 176, "LIMBA FRANCEZA": 28}, "limba_materna": {"LIMBA ROMANA": 204}, "promotie_anterioara": {"DA": 1, "NU": 203}, "materii": {"LIMBA ROMANA": {"medie": 8.65147058823529, "reusita": 100.0, "cnt": 204}, "GENERAL": {"medie": 8.652777777777777, "reusita": 98.52941176470588, "cnt": 204}, "GEOGRAFIE": {"medie": 8.78888888888889, "reusita": 100.0, "cnt": 9}, "ANATOMIE SI FIZIOLOGIE UMANA, GENETICA SI ECOLOGIE UMANA": {"medie": 8.925806451612901, "reusita": 100.0, "cnt": 62}, "MATEMATICA ST-NAT": {"medie": 8.764583333333333, "reusita": 100.0, "cnt": 24}, "MATEMATICA MATE-INFO": {"medie": 8.970707070707071, "reusita": 100.0, "cnt": 99}, "ISTORIE": {"medie": 7.84814814814815, "reusita": 97.53086419753086, "cnt": 81}, "LOGICA, ARGUMENTARE SI COMUNICARE": {"medie": 9.08507462686567, "reusita": 98.50746268656717, "cnt": 67}, "FIZICA TEO": {"medie": 8.834000000000001, "reusita": 100.0, "cnt": 25}, "INFORMATICA MI C/C++": {"medie": 7.9878787878787865, "reusita": 100.0, "cnt": 33}, "CHIMIE ANORGANICA TEO NIVEL I/II": {"medie": 9.1, "reusita": 100.0, "cnt": 1}, "CHIMIE ORGANICA TEO NIVEL I/II": {"medie": 9.15, "reusita": 100.0, "cnt": 2}, "PSIHOLOGIE": {"medie": 8.6, "reusita": 100.0, "cnt": 3}, "ECONOMIE": {"medie": 8.8, "reusita": 100.0, "cnt": 2}}, "nume": "COLEGIUL NATIONAL \"A.T.LAURIAN\" BOTOSANI\tBoto\u0219ani"}