{"specializari": {"TEHNICIAN IN AUTOMATIZARI": 26, "TEHNICIAN ECOLOG SI PROTECTIA CALITATII MEDIULUI": 19, "TEHNICIAN IN TURISM": 24, "TEHNICIAN INSTALATOR PENTRU CONSTRUCTII": 1, "TEHNICIAN IN ACTIVITATI ECONOMICE": 29, "MATEMATICA-INFORMATICA": 27}, "limba_moderna": {"LIMBA ENGLEZA": 126}, "limba_materna": {"LIMBA MAGHIARA": 1, "LIMBA ROMANA": 125}, "promotie_anterioara": {"DA": 14, "NU": 112}, "materii": {"LIMBA ROMANA": {"medie": 7.813599999999999, "reusita": 96.03174603174604, "cnt": 126}, "MATEMATICA TEHN": {"medie": 7.365979381443301, "reusita": 96.96969696969697, "cnt": 99}, "BIOLOGIE VEGETALA SI ANIMALA": {"medie": 6.585000000000001, "reusita": 80.95238095238095, "cnt": 21}, "GENERAL": {"medie": 8.028726287262872, "reusita": 90.47619047619048, "cnt": 126}, "GEOGRAFIE": {"medie": 9.409803921568628, "reusita": 96.22641509433963, "cnt": 53}, "ANATOMIE SI FIZIOLOGIE UMANA, GENETICA SI ECOLOGIE UMANA": {"medie": 8.73, "reusita": 100.0, "cnt": 5}, "LIMBA MAGHIARA (REAL)": {"medie": 5.55, "reusita": 100.0, "cnt": 1}, "FIZICA TEH": {"medie": 7.65625, "reusita": 100.0, "cnt": 16}, "MATEMATICA MATE-INFO": {"medie": 9.387037037037036, "reusita": 100.0, "cnt": 27}, "CHIMIE ANORGANICA TEH NIVEL I/II": {"medie": 6.218750000000001, "reusita": 87.5, "cnt": 8}, "CHIMIE ORGANICA TEH NIVEL I/II": {"medie": 6.875, "reusita": 100.0, "cnt": 2}, "FIZICA TEO": {"medie": 8.8, "reusita": 100.0, "cnt": 2}, "INFORMATICA MI C/C++": {"medie": 9.178947368421053, "reusita": 100.0, "cnt": 19}}, "nume": "COLEGIUL \"SCOALA NATIONALA DE GAZ\" MEDIAS\tSibiu"}