{"specializari": {"TEHNICIAN IN HOTELARIE": 3, "TEHNICIAN IN ACTIVITATI DE COMERT": 27, "TEHNICIAN IN ACTIVITATI ECONOMICE": 102, "TEHNICIAN IN TURISM": 27, "ORGANIZATOR BANQUETING": 24, "TEHNICIAN IN GASTRONOMIE": 1}, "limba_moderna": {"LIMBA ENGLEZA": 166, "LIMBA FRANCEZA": 18}, "limba_materna": {"LIMBA ROMANA": 184}, "promotie_anterioara": {"DA": 20, "NU": 164}, "materii": {"LIMBA ROMANA": {"medie": 7.6646408839779, "reusita": 97.28260869565217, "cnt": 184}, "MATEMATICA TEHN": {"medie": 6.379281767955798, "reusita": 86.95652173913044, "cnt": 184}, "GENERAL": {"medie": 7.32808988764045, "reusita": 81.52173913043478, "cnt": 184}, "GEOGRAFIE": {"medie": 7.910000000000001, "reusita": 97.81420765027322, "cnt": 183}, "ECONOMIE": {"medie": 9.45, "reusita": 100.0, "cnt": 1}}, "nume": "COLEGIUL ECONOMIC \"VIRGIL MADGEARU\" TG-JIU\tGorj"}