{"specializari": {"TEHNICIAN IN ACTIVITATI ECONOMICE": 69, "TEHNICIAN IN TURISM": 31, "TEHNICIAN IN GASTRONOMIE": 33, "TEHNICIAN IN ACTIVITATI DE COMERT": 33, "TEHNICIAN IN ADMINISTRATIE": 28}, "limba_moderna": {"LIMBA FRANCEZA": 1, "LIMBA ENGLEZA": 193}, "limba_materna": {"LIMBA ROMANA": 194}, "promotie_anterioara": {"DA": 20, "NU": 174}, "materii": {"LIMBA ROMANA": {"medie": 6.673947368421048, "reusita": 95.36082474226805, "cnt": 194}, "MATEMATICA TEHN": {"medie": 5.653421052631577, "reusita": 75.77319587628865, "cnt": 194}, "GENERAL": {"medie": 6.64280701754386, "reusita": 67.0103092783505, "cnt": 194}, "GEOGRAFIE": {"medie": 7.609189189189193, "reusita": 95.23809523809523, "cnt": 189}, "PSIHOLOGIE": {"medie": 8.0, "reusita": 100.0, "cnt": 2}, "ECONOMIE": {"medie": 6.833333333333333, "reusita": 100.0, "cnt": 3}}, "nume": "COLEGIUL ECONOMIC ARAD\tArad"}