{"specializari": {"FILOLOGIE": 55, "STIINTE ALE NATURII": 55}, "limba_moderna": {"LIMBA ENGLEZA": 110}, "limba_materna": {"LIMBA GERMANA": 110}, "promotie_anterioara": {"DA": 2, "NU": 108}, "materii": {"LIMBA ROMANA": {"medie": 8.271363636363635, "reusita": 100.0, "cnt": 110}, "GENERAL": {"medie": 8.31306818181818, "reusita": 98.18181818181819, "cnt": 110}, "GEOGRAFIE": {"medie": 8.426666666666666, "reusita": 100.0, "cnt": 15}, "ANATOMIE SI FIZIOLOGIE UMANA, GENETICA SI ECOLOGIE UMANA": {"medie": 8.940740740740742, "reusita": 100.0, "cnt": 27}, "MATEMATICA ST-NAT": {"medie": 8.682727272727272, "reusita": 100.0, "cnt": 55}, "ISTORIE": {"medie": 7.698181818181821, "reusita": 100.0, "cnt": 55}, "LOGICA, ARGUMENTARE SI COMUNICARE": {"medie": 8.783333333333333, "reusita": 100.0, "cnt": 39}, "FIZICA TEO": {"medie": 8.22, "reusita": 100.0, "cnt": 10}, "CHIMIE ANORGANICA TEO NIVEL I/II": {"medie": 8.866666666666665, "reusita": 100.0, "cnt": 3}, "CHIMIE ORGANICA TEO NIVEL I/II": {"medie": 9.333333333333334, "reusita": 100.0, "cnt": 3}, "PSIHOLOGIE": {"medie": 9.1, "reusita": 100.0, "cnt": 1}, "LIMBA GERMANA": {"medie": 8.10090909090909, "reusita": 99.0909090909091, "cnt": 110}, "INFORMATICA SN C/C++": {"medie": 8.3, "reusita": 100.0, "cnt": 12}}, "nume": "COLEGIUL NATIONAL \"JOHANNES HONTERUS\" BRASOV\tBra\u0219ov"}