{"specializari": {"MATEMATICA-INFORMATICA": 96, "FILOLOGIE": 71, "STIINTE SOCIALE": 36, "STIINTE ALE NATURII": 29}, "limba_moderna": {"LIMBA ENGLEZA": 177, "LIMBA FRANCEZA": 43, "LIMBA ITALIANA": 4, "LIMBA RUSA": 6, "LIMBA GERMANA MODERNA": 2}, "limba_materna": {"LIMBA ROMANA": 232}, "promotie_anterioara": {"DA": 15, "NU": 217}, "materii": {"LIMBA ROMANA": {"medie": 8.252155172413794, "reusita": 99.56896551724138, "cnt": 232}, "GENERAL": {"medie": 7.955072463768114, "reusita": 88.79310344827587, "cnt": 232}, "GEOGRAFIE": {"medie": 8.227777777777776, "reusita": 95.1219512195122, "cnt": 82}, "ANATOMIE SI FIZIOLOGIE UMANA, GENETICA SI ECOLOGIE UMANA": {"medie": 7.816249999999998, "reusita": 95.0, "cnt": 40}, "MATEMATICA ST-NAT": {"medie": 8.163793103448276, "reusita": 100.0, "cnt": 29}, "MATEMATICA MATE-INFO": {"medie": 7.606770833333333, "reusita": 95.83333333333334, "cnt": 96}, "ISTORIE": {"medie": 7.3749999999999964, "reusita": 95.32710280373831, "cnt": 107}, "LOGICA, ARGUMENTARE SI COMUNICARE": {"medie": 8.026190476190475, "reusita": 95.23809523809523, "cnt": 21}, "FIZICA TEO": {"medie": 7.2, "reusita": 100.0, "cnt": 1}, "INFORMATICA MI C/C++": {"medie": 7.1375, "reusita": 89.58333333333334, "cnt": 48}, "CHIMIE ANORGANICA TEO NIVEL I/II": {"medie": 8.325, "reusita": 100.0, "cnt": 2}, "CHIMIE ORGANICA TEO NIVEL I/II": {"medie": 8.779411764705884, "reusita": 100.0, "cnt": 34}, "PSIHOLOGIE": {"medie": 8.837499999999999, "reusita": 100.0, "cnt": 4}}, "nume": "COLEGIUL NATIONAL \"DRAGOS VODA\" SIGHETU MARMATIEI\tMaramure\u0219"}