{"specializari": {"MATEMATICA-INFORMATICA": 30, "STIINTE ALE NATURII": 30, "FILOLOGIE": 43, "INVATATOR - EDUCATOARE": 25}, "limba_moderna": {"LIMBA FRANCEZA": 9, "LIMBA ENGLEZA": 101, "LIMBA GERMANA MODERNA": 18}, "limba_materna": {"LIMBA GERMANA": 1, "LIMBA ROMANA": 127}, "promotie_anterioara": {"DA": 15, "NU": 113}, "materii": {"LIMBA ROMANA": {"medie": 7.933858267716536, "reusita": 96.875, "cnt": 128}, "BIOLOGIE VEGETALA SI ANIMALA": {"medie": 5.66, "reusita": 60.0, "cnt": 5}, "GENERAL": {"medie": 7.785548941798942, "reusita": 84.375, "cnt": 128}, "ANATOMIE SI FIZIOLOGIE UMANA, GENETICA SI ECOLOGIE UMANA": {"medie": 7.647727272727272, "reusita": 95.55555555555556, "cnt": 45}, "MATEMATICA PED": {"medie": 8.076000000000002, "reusita": 100.0, "cnt": 25}, "MATEMATICA ST-NAT": {"medie": 5.029310344827587, "reusita": 60.0, "cnt": 30}, "MATEMATICA MATE-INFO": {"medie": 7.655172413793103, "reusita": 93.33333333333333, "cnt": 30}, "ISTORIE": {"medie": 7.626744186046513, "reusita": 100.0, "cnt": 43}, "LOGICA, ARGUMENTARE SI COMUNICARE": {"medie": 8.896268656716419, "reusita": 98.50746268656717, "cnt": 67}, "SOCIOLOGIE": {"medie": 8.95, "reusita": 100.0, "cnt": 1}, "INFORMATICA MI C/C++": {"medie": 8.06875, "reusita": 100.0, "cnt": 8}, "CHIMIE ORGANICA TEO NIVEL I/II": {"medie": 9.5, "reusita": 100.0, "cnt": 1}, "LIMBA GERMANA": {"medie": 3.0, "reusita": 0.0, "cnt": 1}, "INFORMATICA SN C/C++": {"medie": 5.05, "reusita": 100.0, "cnt": 1}}, "nume": "COLEGIUL NATIONAL \"C.D. LOGA\" CARANSEBES\tCara\u0219-Severin"}