{"specializari": {"TEHNICIAN DESENATOR PENTRU CONSTRUCTII SI INSTALATII": 23, "TEHNICIAN MECANIC PENTRU INTRETINERE SI REPARATII": 77, "TEHNICIAN IN INDUSTRIA ALIMENTARA": 6, "TEHNICIAN ELECTROTEHNIST": 2, "TEHNICIAN ECOLOG SI PROTECTIA CALITATII MEDIULUI": 27, "TEHNICIAN IN AUTOMATIZARI": 16, "TEHNICIAN IN INSTALATII ELECTRICE": 32, "TEHNICIAN OPERATOR TEHNICA DE CALCUL": 37, "MATEMATICA-INFORMATICA": 18, "TEHNICIAN IN INDUSTRIA TEXTILA": 17, "TEHNICIAN ELECTROMECANIC": 1}, "limba_moderna": {"LIMBA ENGLEZA": 203, "LIMBA FRANCEZA": 53}, "limba_materna": {"LIMBA ROMANA": 256}, "promotie_anterioara": {"DA": 85, "NU": 171}, "materii": {"LIMBA ROMANA": {"medie": 5.7355648535564825, "reusita": 71.875, "cnt": 256}, "MATEMATICA TEHN": {"medie": 5.235874439461883, "reusita": 62.60504201680672, "cnt": 238}, "BIOLOGIE VEGETALA SI ANIMALA": {"medie": 5.762921348314609, "reusita": 69.79166666666666, "cnt": 192}, "GENERAL": {"medie": 5.714870689655177, "reusita": 36.328125, "cnt": 256}, "ANATOMIE SI FIZIOLOGIE UMANA, GENETICA SI ECOLOGIE UMANA": {"medie": 7.121875000000002, "reusita": 96.875, "cnt": 32}, "FIZICA TEH": {"medie": 8.053571428571429, "reusita": 93.33333333333333, "cnt": 15}, "MATEMATICA MATE-INFO": {"medie": 5.014705882352941, "reusita": 61.111111111111114, "cnt": 18}, "CHIMIE ORGANICA TEH NIVEL I/II": {"medie": 6.355555555555555, "reusita": 72.72727272727273, "cnt": 11}, "FIZICA TEO": {"medie": 4.975, "reusita": 75.0, "cnt": 4}, "CHIMIE ORGANICA TEO NIVEL I/II": {"medie": 7.0, "reusita": 100.0, "cnt": 2}}, "nume": "COLEGIUL TEHNIC MOTRU\tGorj"}