{"specializari": {"TEHNICIAN MECANIC PENTRU INTRETINERE SI REPARATII": 14, "TEHNICIAN IN ADMINISTRATIE": 24, "TEHNICIAN DESENATOR PENTRU CONSTRUCTII SI INSTALATII": 2, "TEHNICIAN PROIECTANT CAD": 2, "TEHNICIAN TRANSPORTURI": 4, "TEHNICIAN IN ACTIVITATI ECONOMICE": 9}, "limba_moderna": {"LIMBA ENGLEZA": 54, "LIMBA FRANCEZA": 1}, "limba_materna": {"LIMBA ROMANA": 55}, "promotie_anterioara": {"DA": 25, "NU": 30}, "materii": {"LIMBA ROMANA": {"medie": 5.858999999999997, "reusita": 72.72727272727273, "cnt": 55}, "MATEMATICA TEHN": {"medie": 4.047727272727273, "reusita": 40.0, "cnt": 55}, "BIOLOGIE VEGETALA SI ANIMALA": {"medie": 4.5375, "reusita": 31.57894736842105, "cnt": 19}, "GENERAL": {"medie": 5.571544715447155, "reusita": 27.27272727272727, "cnt": 55}, "GEOGRAFIE": {"medie": 7.194642857142855, "reusita": 93.33333333333333, "cnt": 30}, "FIZICA TEH": {"medie": 6.9, "reusita": 100.0, "cnt": 1}, "CHIMIE ANORGANICA TEH NIVEL I/II": {"medie": 6.15, "reusita": 100.0, "cnt": 2}, "PSIHOLOGIE": {"medie": 7.7, "reusita": 100.0, "cnt": 1}, "ECONOMIE": {"medie": 4.55, "reusita": 50.0, "cnt": 2}}, "nume": "COLEGIUL TEHNIC \"MIRCEA CEL BATRAN\"\tBucure\u0219ti"}