{"specializari": {"MATEMATICA-INFORMATICA": 58, "STIINTE ALE NATURII": 59, "STIINTE SOCIALE": 64}, "limba_moderna": {"LIMBA ENGLEZA": 162, "LIMBA FRANCEZA": 18, "LIMBA GERMANA MODERNA": 1}, "limba_materna": {"LIMBA ROMANA": 181}, "promotie_anterioara": {"NU": 181}, "materii": {"LIMBA ROMANA": {"medie": 8.851381215469608, "reusita": 100.0, "cnt": 181}, "GENERAL": {"medie": 9.004788213627993, "reusita": 100.0, "cnt": 181}, "GEOGRAFIE": {"medie": 8.818750000000001, "reusita": 100.0, "cnt": 8}, "ANATOMIE SI FIZIOLOGIE UMANA, GENETICA SI ECOLOGIE UMANA": {"medie": 9.033333333333333, "reusita": 100.0, "cnt": 42}, "MATEMATICA ST-NAT": {"medie": 8.790677966101695, "reusita": 100.0, "cnt": 59}, "MATEMATICA MATE-INFO": {"medie": 9.403448275862072, "reusita": 100.0, "cnt": 58}, "ISTORIE": {"medie": 8.81015625, "reusita": 100.0, "cnt": 64}, "LOGICA, ARGUMENTARE SI COMUNICARE": {"medie": 9.066666666666665, "reusita": 100.0, "cnt": 48}, "SOCIOLOGIE": {"medie": 10.0, "reusita": 100.0, "cnt": 1}, "FIZICA TEO": {"medie": 9.251612903225807, "reusita": 100.0, "cnt": 31}, "INFORMATICA MI C/C++": {"medie": 9.42, "reusita": 100.0, "cnt": 15}, "CHIMIE ANORGANICA TEO NIVEL I/II": {"medie": 9.7, "reusita": 100.0, "cnt": 1}, "CHIMIE ORGANICA TEO NIVEL I/II": {"medie": 9.342592592592592, "reusita": 100.0, "cnt": 27}, "FILOSOFIE": {"medie": 8.899999999999999, "reusita": 100.0, "cnt": 2}, "PSIHOLOGIE": {"medie": 10.0, "reusita": 100.0, "cnt": 2}, "INFORMATICA SN C/C++": {"medie": 9.2, "reusita": 100.0, "cnt": 1}, "ECONOMIE": {"medie": 9.133333333333333, "reusita": 100.0, "cnt": 3}}, "nume": "COLEGIUL NATIONAL \"PETRU RARES\", MUNICIPIUL PIATRA-NEAMT\tNeam\u021b"}