{"specializari": {"MUZICA": 23, "ARTE PLASTICE SI DECORATIVE": 24, "ARHITECTURA, ARTE AMBIENTALE SI DESIGN": 31}, "limba_moderna": {"LIMBA ENGLEZA": 78}, "limba_materna": {"LIMBA ROMANA": 78}, "promotie_anterioara": {"DA": 1, "NU": 77}, "materii": {"LIMBA ROMANA": {"medie": 7.820512820512819, "reusita": 98.71794871794873, "cnt": 78}, "GENERAL": {"medie": 8.119871794871797, "reusita": 93.58974358974359, "cnt": 78}, "GEOGRAFIE": {"medie": 8.559375000000001, "reusita": 93.75, "cnt": 16}, "ISTORIE": {"medie": 7.5673076923076925, "reusita": 97.43589743589743, "cnt": 78}, "LOGICA, ARGUMENTARE SI COMUNICARE": {"medie": 9.083898305084745, "reusita": 100.0, "cnt": 59}, "FILOSOFIE": {"medie": 9.5, "reusita": 100.0, "cnt": 1}, "PSIHOLOGIE": {"medie": 8.7, "reusita": 100.0, "cnt": 2}}, "nume": "COLEGIUL DE ARTA \"CARMEN SYLVA\", MUNICIPIUL PLOIESTI\tPrahova"}