{"specializari": {"MATEMATICA-INFORMATICA": 84, "STIINTE SOCIALE": 63, "STIINTE ALE NATURII": 23}, "limba_moderna": {"LIMBA ENGLEZA": 166, "LIMBA SPANIOLA": 4}, "limba_materna": {"LIMBA ROMANA": 170}, "promotie_anterioara": {"NU": 170}, "materii": {"LIMBA ROMANA": {"medie": 8.534821428571426, "reusita": 98.82352941176471, "cnt": 170}, "BIOLOGIE VEGETALA SI ANIMALA": {"medie": 9.575, "reusita": 100.0, "cnt": 4}, "GENERAL": {"medie": 8.638622754491017, "reusita": 97.6470588235294, "cnt": 170}, "GEOGRAFIE": {"medie": 9.14, "reusita": 100.0, "cnt": 10}, "ANATOMIE SI FIZIOLOGIE UMANA, GENETICA SI ECOLOGIE UMANA": {"medie": 9.12413793103448, "reusita": 100.0, "cnt": 29}, "MATEMATICA ST-NAT": {"medie": 8.032608695652172, "reusita": 100.0, "cnt": 23}, "MATEMATICA MATE-INFO": {"medie": 8.566071428571426, "reusita": 100.0, "cnt": 84}, "ISTORIE": {"medie": 8.77666666666667, "reusita": 95.23809523809523, "cnt": 63}, "LOGICA, ARGUMENTARE SI COMUNICARE": {"medie": 9.306976744186047, "reusita": 95.55555555555556, "cnt": 45}, "FIZICA TEO": {"medie": 8.56153846153846, "reusita": 100.0, "cnt": 13}, "INFORMATICA MI C/C++": {"medie": 8.068518518518514, "reusita": 98.14814814814815, "cnt": 54}, "CHIMIE ANORGANICA TEO NIVEL I/II": {"medie": 9.125, "reusita": 100.0, "cnt": 2}, "CHIMIE ORGANICA TEO NIVEL I/II": {"medie": 9.05, "reusita": 100.0, "cnt": 5}, "PSIHOLOGIE": {"medie": 9.225, "reusita": 100.0, "cnt": 8}}, "nume": "COLEGIUL NATIONAL \"FERDINAND I\" BACAU\tBac\u0103u"}