{"specializari": {"MATEMATICA-INFORMATICA": 116, "STIINTE ALE NATURII": 31, "STIINTE SOCIALE": 31, "FILOLOGIE": 31}, "limba_moderna": {"LIMBA ENGLEZA": 204, "LIMBA FRANCEZA": 3, "LIMBA GERMANA MODERNA": 2}, "limba_materna": {"LIMBA ROMANA": 209}, "promotie_anterioara": {"NU": 209}, "materii": {"LIMBA ROMANA": {"medie": 9.116985645933017, "reusita": 100.0, "cnt": 209}, "BIOLOGIE VEGETALA SI ANIMALA": {"medie": 9.9, "reusita": 100.0, "cnt": 1}, "GENERAL": {"medie": 9.149999999999999, "reusita": 100.0, "cnt": 209}, "GEOGRAFIE": {"medie": 9.65, "reusita": 100.0, "cnt": 3}, "ANATOMIE SI FIZIOLOGIE UMANA, GENETICA SI ECOLOGIE UMANA": {"medie": 9.380645161290325, "reusita": 100.0, "cnt": 31}, "MATEMATICA ST-NAT": {"medie": 9.120967741935484, "reusita": 100.0, "cnt": 31}, "MATEMATICA MATE-INFO": {"medie": 9.018965517241377, "reusita": 100.0, "cnt": 116}, "ISTORIE": {"medie": 8.945161290322583, "reusita": 100.0, "cnt": 62}, "LOGICA, ARGUMENTARE SI COMUNICARE": {"medie": 9.621951219512194, "reusita": 100.0, "cnt": 41}, "SOCIOLOGIE": {"medie": 9.566666666666666, "reusita": 100.0, "cnt": 3}, "FIZICA TEO": {"medie": 9.20392156862745, "reusita": 100.0, "cnt": 51}, "INFORMATICA MI C/C++": {"medie": 9.060227272727271, "reusita": 100.0, "cnt": 44}, "CHIMIE ORGANICA TEO NIVEL I/II": {"medie": 9.345, "reusita": 100.0, "cnt": 20}, "FILOSOFIE": {"medie": 9.2, "reusita": 100.0, "cnt": 1}, "PSIHOLOGIE": {"medie": 9.607142857142858, "reusita": 100.0, "cnt": 7}, "ECONOMIE": {"medie": 9.114285714285716, "reusita": 100.0, "cnt": 7}}, "nume": "COLEGIUL NATIONAL \"GHEORGHE VRANCEANU\" BACAU\tBac\u0103u"}