{"specializari": {"MATEMATICA-INFORMATICA": 87, "FILOLOGIE": 96}, "limba_moderna": {"LIMBA ENGLEZA": 183}, "limba_materna": {"LIMBA ROMANA": 183}, "promotie_anterioara": {"NU": 183}, "materii": {"LIMBA ROMANA": {"medie": 8.969398907103825, "reusita": 100.0, "cnt": 183}, "BIOLOGIE VEGETALA SI ANIMALA": {"medie": 9.5, "reusita": 100.0, "cnt": 2}, "GENERAL": {"medie": 9.020856102003645, "reusita": 99.4535519125683, "cnt": 183}, "GEOGRAFIE": {"medie": 9.494117647058824, "reusita": 100.0, "cnt": 17}, "ANATOMIE SI FIZIOLOGIE UMANA, GENETICA SI ECOLOGIE UMANA": {"medie": 9.197826086956523, "reusita": 100.0, "cnt": 23}, "MATEMATICA MATE-INFO": {"medie": 9.098850574712646, "reusita": 100.0, "cnt": 87}, "ISTORIE": {"medie": 8.599999999999996, "reusita": 100.0, "cnt": 96}, "LOGICA, ARGUMENTARE SI COMUNICARE": {"medie": 9.407843137254904, "reusita": 100.0, "cnt": 51}, "SOCIOLOGIE": {"medie": 9.091666666666667, "reusita": 100.0, "cnt": 6}, "FIZICA TEO": {"medie": 9.089583333333334, "reusita": 100.0, "cnt": 24}, "INFORMATICA MI C/C++": {"medie": 8.986363636363638, "reusita": 96.96969696969697, "cnt": 33}, "CHIMIE ORGANICA TEO NIVEL I/II": {"medie": 9.63, "reusita": 100.0, "cnt": 5}, "FILOSOFIE": {"medie": 9.75, "reusita": 100.0, "cnt": 2}, "PSIHOLOGIE": {"medie": 9.49, "reusita": 100.0, "cnt": 10}, "ECONOMIE": {"medie": 9.030000000000001, "reusita": 100.0, "cnt": 10}}, "nume": "COLEGIUL NATIONAL BILINGV \"GEORGE COSBUC\"\tBucure\u0219ti"}