{"specializari": {"STIINTE SOCIALE": 64, "MATEMATICA-INFORMATICA": 55, "STIINTE ALE NATURII": 56, "FILOLOGIE": 31}, "limba_moderna": {"LIMBA ENGLEZA": 191, "LIMBA FRANCEZA": 15}, "limba_materna": {"LIMBA ROMANA": 206}, "promotie_anterioara": {"DA": 1, "NU": 205}, "materii": {"LIMBA ROMANA": {"medie": 8.311650485436896, "reusita": 99.02912621359224, "cnt": 206}, "GENERAL": {"medie": 8.72144012944984, "reusita": 98.54368932038835, "cnt": 206}, "GEOGRAFIE": {"medie": 9.120588235294116, "reusita": 100.0, "cnt": 34}, "ANATOMIE SI FIZIOLOGIE UMANA, GENETICA SI ECOLOGIE UMANA": {"medie": 8.876851851851852, "reusita": 100.0, "cnt": 54}, "MATEMATICA ST-NAT": {"medie": 9.21964285714286, "reusita": 100.0, "cnt": 56}, "MATEMATICA MATE-INFO": {"medie": 9.10181818181818, "reusita": 100.0, "cnt": 55}, "ISTORIE": {"medie": 8.572631578947371, "reusita": 100.0, "cnt": 95}, "LOGICA, ARGUMENTARE SI COMUNICARE": {"medie": 8.602380952380953, "reusita": 100.0, "cnt": 42}, "SOCIOLOGIE": {"medie": 8.403846153846153, "reusita": 100.0, "cnt": 13}, "FIZICA TEO": {"medie": 9.379069767441862, "reusita": 100.0, "cnt": 43}, "INFORMATICA MI C/C++": {"medie": 9.049999999999999, "reusita": 100.0, "cnt": 4}, "CHIMIE ORGANICA TEO NIVEL I/II": {"medie": 9.115, "reusita": 100.0, "cnt": 10}, "FILOSOFIE": {"medie": 10.0, "reusita": 100.0, "cnt": 1}, "PSIHOLOGIE": {"medie": 8.95, "reusita": 100.0, "cnt": 2}, "ECONOMIE": {"medie": 9.266666666666667, "reusita": 100.0, "cnt": 3}}, "nume": "COLEGIUL NATIONAL \"GH. ROSCA CODREANU\", MUN. BARLAD\tVaslui"}