{"specializari": {"TEHNICIAN IN ACTIVITATI DE COMERT": 49, "TEHNICIAN IN TURISM": 31, "TEHNICIAN IN ADMINISTRATIE": 48, "TEHNICIAN IN ACTIVITATI ECONOMICE": 118, "ORGANIZATOR BANQUETING": 27, "TEHNICIAN IN GASTRONOMIE": 23}, "limba_moderna": {"LIMBA ENGLEZA": 267, "LIMBA FRANCEZA": 29}, "limba_materna": {"LIMBA ROMANA": 296}, "promotie_anterioara": {"DA": 12, "NU": 284}, "materii": {"LIMBA ROMANA": {"medie": 7.366554054054048, "reusita": 98.98648648648648, "cnt": 296}, "MATEMATICA TEHN": {"medie": 6.620136518771331, "reusita": 90.2027027027027, "cnt": 296}, "GENERAL": {"medie": 7.262428407789233, "reusita": 82.0945945945946, "cnt": 296}, "GEOGRAFIE": {"medie": 8.146511627906975, "reusita": 100.0, "cnt": 43}, "LOGICA, ARGUMENTARE SI COMUNICARE": {"medie": 7.681653225806457, "reusita": 95.98393574297188, "cnt": 249}, "PSIHOLOGIE": {"medie": 8.333333333333334, "reusita": 100.0, "cnt": 3}, "ECONOMIE": {"medie": 6.35, "reusita": 100.0, "cnt": 1}}, "nume": "COLEGIUL ECONOMIC \"VIRGIL MADGEARU\", LOCALITATEA GALATI\tGala\u021bi"}