{"specializari": {"FILOLOGIE": 125, "MATEMATICA-INFORMATICA": 98, "STIINTE ALE NATURII": 31}, "limba_moderna": {"LIMBA ENGLEZA": 227, "LIMBA FRANCEZA": 6, "LIMBA SPANIOLA": 20, "LIMBA GERMANA MODERNA": 1}, "limba_materna": {"LIMBA ROMANA": 254}, "promotie_anterioara": {"DA": 2, "NU": 252}, "materii": {"LIMBA ROMANA": {"medie": 8.343700787401573, "reusita": 100.0, "cnt": 254}, "BIOLOGIE VEGETALA SI ANIMALA": {"medie": 9.5, "reusita": 100.0, "cnt": 2}, "GENERAL": {"medie": 8.527821522309711, "reusita": 98.81889763779527, "cnt": 254}, "GEOGRAFIE": {"medie": 8.925, "reusita": 100.0, "cnt": 26}, "ANATOMIE SI FIZIOLOGIE UMANA, GENETICA SI ECOLOGIE UMANA": {"medie": 8.520689655172415, "reusita": 100.0, "cnt": 29}, "MATEMATICA ST-NAT": {"medie": 8.133870967741936, "reusita": 96.7741935483871, "cnt": 31}, "MATEMATICA MATE-INFO": {"medie": 8.83928571428571, "reusita": 100.0, "cnt": 98}, "ISTORIE": {"medie": 8.352400000000005, "reusita": 99.2, "cnt": 125}, "LOGICA, ARGUMENTARE SI COMUNICARE": {"medie": 9.051851851851852, "reusita": 100.0, "cnt": 27}, "SOCIOLOGIE": {"medie": 8.11607142857143, "reusita": 100.0, "cnt": 28}, "FIZICA TEO": {"medie": 8.987, "reusita": 100.0, "cnt": 50}, "INFORMATICA MI C/C++": {"medie": 8.122413793103448, "reusita": 100.0, "cnt": 29}, "CHIMIE ANORGANICA TEO NIVEL I/II": {"medie": 8.833333333333334, "reusita": 100.0, "cnt": 3}, "CHIMIE ORGANICA TEO NIVEL I/II": {"medie": 8.346153846153845, "reusita": 100.0, "cnt": 13}, "PSIHOLOGIE": {"medie": 8.971739130434784, "reusita": 100.0, "cnt": 23}, "INFORMATICA SN C/C++": {"medie": 9.516666666666666, "reusita": 100.0, "cnt": 3}, "ECONOMIE": {"medie": 9.135714285714286, "reusita": 100.0, "cnt": 21}}, "nume": "COLEGIUL NATIONAL \"IULIA HASDEU\"\tBucure\u0219ti"}