{"specializari": {"MATEMATICA-INFORMATICA": 17, "TEHNICIAN TRANSPORTURI": 5, "TEHNICIAN IN INSTALATII ELECTRICE": 8, "TEHNICIAN IN AUTOMATIZARI": 1, "LICEU CU PROGRAM SPORTIV": 63}, "limba_moderna": {"LIMBA ENGLEZA": 94}, "limba_materna": {"LIMBA ROMANA": 94}, "promotie_anterioara": {"DA": 37, "NU": 57}, "materii": {"LIMBA ROMANA": {"medie": 5.607865168539328, "reusita": 76.59574468085107, "cnt": 94}, "MATEMATICA TEHN": {"medie": 4.029166666666668, "reusita": 50.0, "cnt": 14}, "BIOLOGIE VEGETALA SI ANIMALA": {"medie": 4.661538461538461, "reusita": 41.17647058823529, "cnt": 17}, "GENERAL": {"medie": 5.863786008230455, "reusita": 40.42553191489361, "cnt": 94}, "GEOGRAFIE": {"medie": 7.186538461538461, "reusita": 92.45283018867924, "cnt": 53}, "ANATOMIE SI FIZIOLOGIE UMANA, GENETICA SI ECOLOGIE UMANA": {"medie": 4.718181818181818, "reusita": 54.54545454545454, "cnt": 11}, "FIZICA TEH": {"medie": 2.5, "reusita": 0.0, "cnt": 2}, "MATEMATICA MATE-INFO": {"medie": 3.603571428571429, "reusita": 29.411764705882355, "cnt": 17}, "ISTORIE": {"medie": 6.014999999999999, "reusita": 90.47619047619048, "cnt": 63}, "LOGICA, ARGUMENTARE SI COMUNICARE": {"medie": 6.083333333333332, "reusita": 70.0, "cnt": 10}, "INFORMATICA MI C/C++": {"medie": "-", "reusita": 0.0, "cnt": 1}}, "nume": "COLEGIUL TEHNIC FEROVIAR \"MIHAI I\"\tBucure\u0219ti"}