{"specializari": {"STIINTE ALE NATURII": 171, "MATEMATICA-INFORMATICA": 30}, "limba_moderna": {"LIMBA ENGLEZA": 191, "LIMBA GERMANA MODERNA": 8, "LIMBA FRANCEZA": 2}, "limba_materna": {"LIMBA ROMANA": 201}, "promotie_anterioara": {"NU": 201}, "materii": {"LIMBA ROMANA": {"medie": 8.693034825870647, "reusita": 99.50248756218906, "cnt": 201}, "BIOLOGIE VEGETALA SI ANIMALA": {"medie": 9.264788732394363, "reusita": 98.59154929577466, "cnt": 71}, "GENERAL": {"medie": 8.786152570480928, "reusita": 99.50248756218906, "cnt": 201}, "ANATOMIE SI FIZIOLOGIE UMANA, GENETICA SI ECOLOGIE UMANA": {"medie": 8.944897959183676, "reusita": 100.0, "cnt": 49}, "MATEMATICA ST-NAT": {"medie": 8.49941520467836, "reusita": 99.41520467836257, "cnt": 171}, "MATEMATICA MATE-INFO": {"medie": 9.405000000000001, "reusita": 100.0, "cnt": 30}, "FIZICA TEO": {"medie": 8.64, "reusita": 100.0, "cnt": 5}, "INFORMATICA MI C/C++": {"medie": 9.244642857142859, "reusita": 100.0, "cnt": 28}, "CHIMIE ANORGANICA TEO NIVEL I/II": {"medie": 7.987500000000001, "reusita": 100.0, "cnt": 4}, "CHIMIE ORGANICA TEO NIVEL I/II": {"medie": 8.633333333333333, "reusita": 100.0, "cnt": 9}, "INFORMATICA SN C/C++": {"medie": 8.782857142857143, "reusita": 100.0, "cnt": 35}}, "nume": "COLEGIUL NATIONAL \"GHEORGHE LAZAR\" SIBIU\tSibiu"}