{"specializari": {"MATEMATICA-INFORMATICA": 12, "STIINTE ALE NATURII": 14, "TEOLOGIE REFORMATA": 27}, "limba_moderna": {"LIMBA ENGLEZA": 53}, "limba_materna": {"LIMBA MAGHIARA": 53}, "promotie_anterioara": {"DA": 2, "NU": 51}, "materii": {"LIMBA ROMANA": {"medie": 5.774528301886793, "reusita": 81.13207547169812, "cnt": 53}, "BIOLOGIE VEGETALA SI ANIMALA": {"medie": 6.925, "reusita": 100.0, "cnt": 4}, "GENERAL": {"medie": 7.517216981132077, "reusita": 81.13207547169812, "cnt": 53}, "GEOGRAFIE": {"medie": 8.679629629629629, "reusita": 100.0, "cnt": 27}, "ANATOMIE SI FIZIOLOGIE UMANA, GENETICA SI ECOLOGIE UMANA": {"medie": 7.800000000000001, "reusita": 100.0, "cnt": 13}, "LIMBA MAGHIARA (REAL)": {"medie": 8.430188679245282, "reusita": 100.0, "cnt": 53}, "MATEMATICA ST-NAT": {"medie": 7.846428571428571, "reusita": 92.85714285714286, "cnt": 14}, "MATEMATICA MATE-INFO": {"medie": 7.554166666666667, "reusita": 100.0, "cnt": 12}, "ISTORIE": {"medie": 7.737037037037037, "reusita": 100.0, "cnt": 27}, "FIZICA TEO": {"medie": 7.3, "reusita": 100.0, "cnt": 1}, "CHIMIE ORGANICA TEO NIVEL I/II": {"medie": 8.375, "reusita": 100.0, "cnt": 2}, "INFORMATICA MI PASCAL": {"medie": 7.08, "reusita": 100.0, "cnt": 5}, "INFORMATICA SN PASCAL": {"medie": 8.5, "reusita": 100.0, "cnt": 1}}, "nume": "COLEGIUL REFORMAT \"BACZKAMADARASI KIS GERGELY\" ODORHEIU SECUIESC\tHarghita"}