{"specializari": {"STIINTE SOCIALE": 72, "MATEMATICA-INFORMATICA": 61, "STIINTE ALE NATURII": 74, "FILOLOGIE": 31}, "limba_moderna": {"LIMBA ENGLEZA": 200, "LIMBA GERMANA MODERNA": 30, "LIMBA FRANCEZA": 8}, "limba_materna": {"LIMBA ROMANA": 238}, "promotie_anterioara": {"DA": 2, "NU": 236}, "materii": {"LIMBA ROMANA": {"medie": 8.486764705882354, "reusita": 100.0, "cnt": 238}, "GENERAL": {"medie": 8.577170868347341, "reusita": 96.21848739495799, "cnt": 238}, "GEOGRAFIE": {"medie": 8.65, "reusita": 100.0, "cnt": 8}, "ANATOMIE SI FIZIOLOGIE UMANA, GENETICA SI ECOLOGIE UMANA": {"medie": 8.714935064935062, "reusita": 98.7012987012987, "cnt": 77}, "MATEMATICA ST-NAT": {"medie": 7.920270270270272, "reusita": 91.8918918918919, "cnt": 74}, "MATEMATICA MATE-INFO": {"medie": 8.9827868852459, "reusita": 100.0, "cnt": 61}, "ISTORIE": {"medie": 8.286407766990296, "reusita": 99.02912621359224, "cnt": 103}, "LOGICA, ARGUMENTARE SI COMUNICARE": {"medie": 8.979670329670329, "reusita": 98.9010989010989, "cnt": 91}, "SOCIOLOGIE": {"medie": 9.0, "reusita": 100.0, "cnt": 1}, "FIZICA TEO": {"medie": 9.35, "reusita": 100.0, "cnt": 21}, "INFORMATICA MI C/C++": {"medie": 8.850000000000001, "reusita": 100.0, "cnt": 27}, "CHIMIE ANORGANICA TEO NIVEL I/II": {"medie": 8.75, "reusita": 100.0, "cnt": 1}, "CHIMIE ORGANICA TEO NIVEL I/II": {"medie": 8.899999999999999, "reusita": 100.0, "cnt": 9}, "FILOSOFIE": {"medie": 8.05, "reusita": 100.0, "cnt": 1}, "PSIHOLOGIE": {"medie": 9.05, "reusita": 100.0, "cnt": 2}}, "nume": "COLEGIUL NATIONAL \"EUDOXIU HURMUZACHI\" RADAUTI\tSuceava"}