{"specializari": {"TEHNICIAN MECATRONIST": 3, "TEHNICIAN IN INSTALATII ELECTRICE": 1, "TEHNICIAN ANALIZE PRODUSE ALIMENTARE": 1, "TEHNICIAN ECOLOG SI PROTECTIA CALITATII MEDIULUI": 9, "TEHNICIAN ELECTROTEHNIST": 2, "STIINTE ALE NATURII": 1, "TEHNICIAN IN TURISM": 1, "TEHNICIAN MECANIC PENTRU INTRETINERE SI REPARATII": 2, "TEHNICIAN IN INDUSTRIA ALIMENTARA": 2, "TEHNICIAN PROIECTANT CAD": 2, "FILOLOGIE": 6, "TEHNICIAN IN GASTRONOMIE": 8}, "limba_moderna": {"LIMBA ENGLEZA": 35, "LIMBA FRANCEZA": 2, "LIMBA RUSA": 1}, "limba_materna": {"LIMBA ROMANA": 38}, "promotie_anterioara": {"DA": 27, "NU": 11}, "materii": {"LIMBA ROMANA": {"medie": 5.522222222222222, "reusita": 68.42105263157895, "cnt": 38}, "MATEMATICA TEHN": {"medie": 4.269642857142857, "reusita": 48.38709677419355, "cnt": 31}, "BIOLOGIE VEGETALA SI ANIMALA": {"medie": 4.1375, "reusita": 20.0, "cnt": 10}, "GENERAL": {"medie": 5.453645833333332, "reusita": 26.31578947368421, "cnt": 38}, "GEOGRAFIE": {"medie": 7.161538461538461, "reusita": 85.71428571428571, "cnt": 14}, "ANATOMIE SI FIZIOLOGIE UMANA, GENETICA SI ECOLOGIE UMANA": {"medie": 5.518181818181817, "reusita": 63.63636363636363, "cnt": 11}, "FIZICA TEH": {"medie": 3.125, "reusita": 0.0, "cnt": 2}, "MATEMATICA ST-NAT": {"medie": 6.2, "reusita": 100.0, "cnt": 1}, "ISTORIE": {"medie": 7.175, "reusita": 100.0, "cnt": 6}, "LOGICA, ARGUMENTARE SI COMUNICARE": {"medie": 2.5, "reusita": 0.0, "cnt": 1}}, "nume": "COLEGIUL TEHNIC \"COSTIN D. NENITESCU\"\tBr\u0103ila"}