{"specializari": {"MATEMATICA-INFORMATICA": 32, "FILOLOGIE": 63, "STIINTE ALE NATURII": 31}, "limba_moderna": {"LIMBA ENGLEZA": 107, "LIMBA FRANCEZA": 15, "LIMBA GERMANA MODERNA": 4}, "limba_materna": {"LIMBA ROMANA": 126}, "promotie_anterioara": {"DA": 5, "NU": 121}, "materii": {"LIMBA ROMANA": {"medie": 8.331349206349206, "reusita": 99.20634920634922, "cnt": 126}, "GENERAL": {"medie": 8.220899470899468, "reusita": 92.85714285714286, "cnt": 126}, "GEOGRAFIE": {"medie": 7.685714285714285, "reusita": 100.0, "cnt": 7}, "ANATOMIE SI FIZIOLOGIE UMANA, GENETICA SI ECOLOGIE UMANA": {"medie": 8.571951219512194, "reusita": 100.0, "cnt": 41}, "MATEMATICA ST-NAT": {"medie": 6.825806451612902, "reusita": 90.32258064516128, "cnt": 31}, "MATEMATICA MATE-INFO": {"medie": 7.496875000000001, "reusita": 90.625, "cnt": 32}, "ISTORIE": {"medie": 8.126984126984127, "reusita": 100.0, "cnt": 63}, "LOGICA, ARGUMENTARE SI COMUNICARE": {"medie": 9.083018867924528, "reusita": 100.0, "cnt": 53}, "SOCIOLOGIE": {"medie": 8.4, "reusita": 100.0, "cnt": 3}, "FIZICA TEO": {"medie": 7.05, "reusita": 100.0, "cnt": 3}, "INFORMATICA MI C/C++": {"medie": 8.382352941176471, "reusita": 100.0, "cnt": 17}, "CHIMIE ANORGANICA TEO NIVEL I/II": {"medie": 9.55, "reusita": 100.0, "cnt": 1}, "CHIMIE ORGANICA TEO NIVEL I/II": {"medie": 9.2, "reusita": 100.0, "cnt": 1}}, "nume": "COLEGIUL NATIONAL \"ONISIFOR GHIBU\" ORADEA\tBihor"}