{"specializari": {"TEHNICIAN IN ACTIVITATI ECONOMICE": 15, "FILOLOGIE": 20}, "limba_moderna": {"LIMBA ENGLEZA": 35}, "limba_materna": {"LIMBA ROMANA": 35}, "promotie_anterioara": {"DA": 22, "NU": 13}, "materii": {"LIMBA ROMANA": {"medie": 5.328125, "reusita": 74.28571428571429, "cnt": 35}, "MATEMATICA TEHN": {"medie": 4.266666666666667, "reusita": 53.333333333333336, "cnt": 15}, "GENERAL": {"medie": 6.036206896551725, "reusita": 40.0, "cnt": 35}, "GEOGRAFIE": {"medie": 7.235416666666667, "reusita": 88.46153846153845, "cnt": 26}, "ISTORIE": {"medie": 6.288888888888888, "reusita": 85.0, "cnt": 20}, "SOCIOLOGIE": {"medie": 7.042857142857143, "reusita": 100.0, "cnt": 7}, "FILOSOFIE": {"medie": 5.725, "reusita": 100.0, "cnt": 2}}, "nume": "COLEGIUL PARTICULAR \"VASILE GOLDIS\" ARAD\tArad"}