{"specializari": {"INVATATOR - EDUCATOARE": 84, "INSTRUCTOR PENTRU ACTIVITATI EXTRASCOLARE": 6, "EDUCATOR-PUERICULTOR": 28, "STIINTE SOCIALE": 62}, "limba_moderna": {"LIMBA ENGLEZA": 166, "LIMBA FRANCEZA": 1, "LIMBA GERMANA MODERNA": 13}, "limba_materna": {"LIMBA ROMANA": 92, "LIMBA MAGHIARA": 88}, "promotie_anterioara": {"DA": 13, "NU": 167}, "materii": {"LIMBA ROMANA": {"medie": 6.357777777777776, "reusita": 83.88888888888889, "cnt": 180}, "GENERAL": {"medie": 7.324004629629629, "reusita": 78.33333333333333, "cnt": 180}, "GEOGRAFIE": {"medie": 7.65, "reusita": 97.97297297297297, "cnt": 148}, "MATEMATICA PED": {"medie": 8.042261904761903, "reusita": 100.0, "cnt": 84}, "ISTORIE": {"medie": 6.763020833333335, "reusita": 100.0, "cnt": 96}, "LOGICA, ARGUMENTARE SI COMUNICARE": {"medie": 8.390740740740743, "reusita": 100.0, "cnt": 27}, "PSIHOLOGIE": {"medie": 8.45, "reusita": 100.0, "cnt": 5}, "LIMBA MAGHIARA (UMAN)": {"medie": 7.965909090909093, "reusita": 100.0, "cnt": 88}}, "nume": "COLEGIUL NATIONAL PEDAGOGIC \"MIHAI EMINESCU\" TIRGU MURES\tMure\u0219"}