{"specializari": {"TEHNICIAN TRANSPORTURI": 35, "TEHNICIAN IN INDUSTRIA TEXTILA": 5, "TEHNICIAN DESIGNER VESTIMENTAR": 1, "TEHNICIAN ECOLOG SI PROTECTIA CALITATII MEDIULUI": 1, "TEHNICIAN ELECTRICIAN/ELECTRONIST AUTO": 7, "TEHNICIAN IN TURISM": 9, "TEHNICIAN ANALIZE PRODUSE ALIMENTARE": 1, "TEHNICIAN IN SILVICULTURA SI EXPLOATARI FORESTIERE": 1}, "limba_moderna": {"LIMBA ENGLEZA": 58, "LIMBA FRANCEZA": 2}, "limba_materna": {"LIMBA ROMANA": 60}, "promotie_anterioara": {"DA": 26, "NU": 34}, "materii": {"LIMBA ROMANA": {"medie": 4.561111111111111, "reusita": 43.333333333333336, "cnt": 60}, "MATEMATICA TEHN": {"medie": 3.986538461538461, "reusita": 36.666666666666664, "cnt": 60}, "BIOLOGIE VEGETALA SI ANIMALA": {"medie": 3.667857142857142, "reusita": 29.03225806451613, "cnt": 31}, "GENERAL": {"medie": 4.332666666666667, "reusita": 5.0, "cnt": 60}, "GEOGRAFIE": {"medie": 6.85, "reusita": 71.42857142857143, "cnt": 7}, "ANATOMIE SI FIZIOLOGIE UMANA, GENETICA SI ECOLOGIE UMANA": {"medie": 3.4, "reusita": 50.0, "cnt": 2}, "FIZICA TEH": {"medie": 4.117857142857143, "reusita": 29.411764705882355, "cnt": 17}, "CHIMIE ANORGANICA TEH NIVEL I/II": {"medie": 5.5, "reusita": 100.0, "cnt": 1}, "LOGICA, ARGUMENTARE SI COMUNICARE": {"medie": 5.199999999999999, "reusita": 50.0, "cnt": 2}}, "nume": "COLEGIUL AUTO \"TRAIAN VUIA\" TG-JIU\tGorj"}