{"specializari": {"MATEMATICA-INFORMATICA": 94, "STIINTE ALE NATURII": 34, "FILOLOGIE": 34}, "limba_moderna": {"LIMBA ENGLEZA": 155, "LIMBA GERMANA MODERNA": 3, "LIMBA RUSA": 2, "LIMBA FRANCEZA": 2}, "limba_materna": {"LIMBA ROMANA": 162}, "promotie_anterioara": {"NU": 162}, "materii": {"LIMBA ROMANA": {"medie": 9.030124223602485, "reusita": 99.38271604938271, "cnt": 162}, "BIOLOGIE VEGETALA SI ANIMALA": {"medie": 9.675, "reusita": 100.0, "cnt": 2}, "GENERAL": {"medie": 9.11532091097308, "reusita": 98.76543209876543, "cnt": 162}, "GEOGRAFIE": {"medie": 9.047058823529413, "reusita": 100.0, "cnt": 17}, "ANATOMIE SI FIZIOLOGIE UMANA, GENETICA SI ECOLOGIE UMANA": {"medie": 9.079032258064517, "reusita": 100.0, "cnt": 62}, "MATEMATICA ST-NAT": {"medie": 9.25735294117647, "reusita": 100.0, "cnt": 34}, "MATEMATICA MATE-INFO": {"medie": 9.241935483870963, "reusita": 98.93617021276596, "cnt": 94}, "ISTORIE": {"medie": 8.511764705882356, "reusita": 100.0, "cnt": 34}, "LOGICA, ARGUMENTARE SI COMUNICARE": {"medie": 9.543750000000001, "reusita": 100.0, "cnt": 16}, "FIZICA TEO": {"medie": 9.415625, "reusita": 100.0, "cnt": 16}, "INFORMATICA MI C/C++": {"medie": 9.235294117647058, "reusita": 97.14285714285714, "cnt": 35}, "CHIMIE ANORGANICA TEO NIVEL I/II": {"medie": 9.9, "reusita": 100.0, "cnt": 1}, "CHIMIE ORGANICA TEO NIVEL I/II": {"medie": 9.84375, "reusita": 100.0, "cnt": 8}, "FILOSOFIE": {"medie": 9.45, "reusita": 100.0, "cnt": 1}, "INFORMATICA SN C/C++": {"medie": 8.425, "reusita": 100.0, "cnt": 4}}, "nume": "COLEGIUL NATIONAL \"COSTACHE NEGRUZZI\", IASI\tIa\u0219i"}