{"specializari": {"MATEMATICA-INFORMATICA": 82, "FILOLOGIE": 121, "STIINTE ALE NATURII": 60, "STIINTE SOCIALE": 30}, "limba_moderna": {"LIMBA ENGLEZA": 283, "LIMBA GERMANA MODERNA": 9, "LIMBA FRANCEZA": 1}, "limba_materna": {"LIMBA MAGHIARA": 84, "LIMBA ROMANA": 209}, "promotie_anterioara": {"DA": 9, "NU": 284}, "materii": {"LIMBA ROMANA": {"medie": 8.067747440273036, "reusita": 98.29351535836177, "cnt": 293}, "BIOLOGIE VEGETALA SI ANIMALA": {"medie": 9.05, "reusita": 100.0, "cnt": 1}, "GENERAL": {"medie": 8.351617983963342, "reusita": 91.46757679180887, "cnt": 293}, "GEOGRAFIE": {"medie": 8.818571428571428, "reusita": 98.57142857142858, "cnt": 70}, "ANATOMIE SI FIZIOLOGIE UMANA, GENETICA SI ECOLOGIE UMANA": {"medie": 8.806962025316455, "reusita": 100.0, "cnt": 79}, "LIMBA MAGHIARA (REAL)": {"medie": 7.352830188679245, "reusita": 100.0, "cnt": 53}, "MATEMATICA ST-NAT": {"medie": 8.003333333333332, "reusita": 96.66666666666667, "cnt": 60}, "MATEMATICA MATE-INFO": {"medie": 7.499382716049382, "reusita": 92.6829268292683, "cnt": 82}, "ISTORIE": {"medie": 8.658609271523183, "reusita": 100.0, "cnt": 151}, "LOGICA, ARGUMENTARE SI COMUNICARE": {"medie": 9.378125, "reusita": 98.46153846153847, "cnt": 65}, "SOCIOLOGIE": {"medie": 7.909090909090909, "reusita": 100.0, "cnt": 11}, "FIZICA TEO": {"medie": 6.87, "reusita": 80.0, "cnt": 5}, "INFORMATICA MI C/C++": {"medie": 7.983673469387756, "reusita": 97.95918367346938, "cnt": 49}, "CHIMIE ORGANICA TEO NIVEL I/II": {"medie": 8.928571428571429, "reusita": 100.0, "cnt": 7}, "FILOSOFIE": {"medie": 9.3, "reusita": 100.0, "cnt": 1}, "PSIHOLOGIE": {"medie": 8.4125, "reusita": 100.0, "cnt": 4}, "LIMBA MAGHIARA (UMAN)": {"medie": 7.017741935483871, "reusita": 96.7741935483871, "cnt": 31}, "INFORMATICA SN C/C++": {"medie": 8.4, "reusita": 100.0, "cnt": 1}}, "nume": "COLEGIUL NATIONAL \"MIHAI EMINESCU\" ORADEA\tBihor"}