{"specializari": {"FILOLOGIE": 29, "MATEMATICA-INFORMATICA": 52, "STIINTE SOCIALE": 27, "TEHNICIAN IN ACTIVITATI ECONOMICE": 1}, "limba_moderna": {"LIMBA ENGLEZA": 108, "LIMBA FRANCEZA": 1}, "limba_materna": {"LIMBA ROMANA": 109}, "promotie_anterioara": {"DA": 15, "NU": 94}, "materii": {"LIMBA ROMANA": {"medie": 7.821495327102807, "reusita": 98.1651376146789, "cnt": 109}, "MATEMATICA TEHN": {"medie": 1.2, "reusita": 0.0, "cnt": 1}, "GENERAL": {"medie": 7.227987421383649, "reusita": 72.47706422018348, "cnt": 109}, "GEOGRAFIE": {"medie": 7.490000000000001, "reusita": 100.0, "cnt": 35}, "ANATOMIE SI FIZIOLOGIE UMANA, GENETICA SI ECOLOGIE UMANA": {"medie": 7.1760416666666655, "reusita": 80.0, "cnt": 50}, "MATEMATICA MATE-INFO": {"medie": 5.7989999999999995, "reusita": 65.38461538461539, "cnt": 52}, "ISTORIE": {"medie": 6.620535714285714, "reusita": 96.42857142857143, "cnt": 56}, "LOGICA, ARGUMENTARE SI COMUNICARE": {"medie": 8.919444444444444, "reusita": 94.44444444444444, "cnt": 18}, "INFORMATICA MI C/C++": {"medie": 9.350000000000001, "reusita": 100.0, "cnt": 2}, "PSIHOLOGIE": {"medie": 8.1375, "reusita": 100.0, "cnt": 4}}, "nume": "COLEGIUL NATIONAL \"TEODOR NES\" SALONTA\tBihor"}