{"specializari": {"TEHNICIAN OPERATOR PROCESARE TEXT IMAGINE": 26, "TEHNICIAN ELECTROMECANIC": 1, "TEHNICIAN IN AUTOMATIZARI": 1, "TEHNICIAN MECATRONIST": 1}, "limba_moderna": {"LIMBA FRANCEZA": 1, "LIMBA ENGLEZA": 28}, "limba_materna": {"LIMBA ROMANA": 28, "LIMBA MAGHIARA": 1}, "promotie_anterioara": {"DA": 13, "NU": 16}, "materii": {"LIMBA ROMANA": {"medie": 6.003448275862069, "reusita": 93.10344827586206, "cnt": 29}, "MATEMATICA TEHN": {"medie": 5.113793103448276, "reusita": 75.86206896551724, "cnt": 29}, "BIOLOGIE VEGETALA SI ANIMALA": {"medie": 7.486956521739131, "reusita": 100.0, "cnt": 23}, "GENERAL": {"medie": 6.033908045977011, "reusita": 62.06896551724138, "cnt": 29}, "LIMBA MAGHIARA (REAL)": {"medie": 5.0, "reusita": 100.0, "cnt": 1}, "FIZICA TEH": {"medie": 5.216666666666666, "reusita": 66.66666666666666, "cnt": 6}}, "nume": "COLEGIUL TEHNIC \"EDMOND NICOLAU\" CLUJ-NAPOCA\tCluj"}