{"specializari": {"STIINTE ALE NATURII": 79, "MATEMATICA-INFORMATICA": 58, "FILOLOGIE": 49, "STIINTE SOCIALE": 30}, "limba_moderna": {"LIMBA ENGLEZA": 193, "LIMBA FRANCEZA": 19, "LIMBA GERMANA MODERNA": 4}, "limba_materna": {"LIMBA GERMANA": 20, "LIMBA ROMANA": 196}, "promotie_anterioara": {"DA": 2, "NU": 214}, "materii": {"LIMBA ROMANA": {"medie": 8.755555555555551, "reusita": 99.53703703703704, "cnt": 216}, "GENERAL": {"medie": 8.82833719135802, "reusita": 99.53703703703704, "cnt": 216}, "GEOGRAFIE": {"medie": 8.588461538461537, "reusita": 100.0, "cnt": 39}, "ANATOMIE SI FIZIOLOGIE UMANA, GENETICA SI ECOLOGIE UMANA": {"medie": 9.532352941176473, "reusita": 100.0, "cnt": 68}, "MATEMATICA ST-NAT": {"medie": 8.644936708860762, "reusita": 100.0, "cnt": 79}, "MATEMATICA MATE-INFO": {"medie": 9.245689655172416, "reusita": 100.0, "cnt": 58}, "ISTORIE": {"medie": 8.360126582278482, "reusita": 100.0, "cnt": 79}, "LOGICA, ARGUMENTARE SI COMUNICARE": {"medie": 9.269354838709678, "reusita": 100.0, "cnt": 31}, "SOCIOLOGIE": {"medie": 8.3, "reusita": 100.0, "cnt": 1}, "FIZICA TEO": {"medie": 9.075, "reusita": 100.0, "cnt": 2}, "INFORMATICA MI C/C++": {"medie": 9.087499999999997, "reusita": 100.0, "cnt": 40}, "CHIMIE ANORGANICA TEO NIVEL I/II": {"medie": 8.1, "reusita": 100.0, "cnt": 2}, "CHIMIE ORGANICA TEO NIVEL I/II": {"medie": 8.7875, "reusita": 100.0, "cnt": 20}, "FILOSOFIE": {"medie": 8.4, "reusita": 100.0, "cnt": 1}, "PSIHOLOGIE": {"medie": 7.3428571428571425, "reusita": 100.0, "cnt": 7}, "LIMBA GERMANA": {"medie": 8.239999999999998, "reusita": 100.0, "cnt": 20}, "INFORMATICA SN C/C++": {"medie": 7.970000000000001, "reusita": 100.0, "cnt": 5}}, "nume": "COLEGIUL NATIONAL \"LIVIU REBREANU\" BISTRITA\tBistri\u021ba-N\u0103s\u0103ud"}