{"specializari": {"MATEMATICA-INFORMATICA": 55, "STIINTE SOCIALE": 64, "TEOLOGIE ROMANO-CATOLICA": 11}, "limba_moderna": {"LIMBA ENGLEZA": 130}, "limba_materna": {"LIMBA ROMANA": 130}, "promotie_anterioara": {"DA": 8, "NU": 122}, "materii": {"LIMBA ROMANA": {"medie": 7.673076923076924, "reusita": 98.46153846153847, "cnt": 130}, "BIOLOGIE VEGETALA SI ANIMALA": {"medie": 8.033333333333333, "reusita": 100.0, "cnt": 18}, "GENERAL": {"medie": 7.7232051282051275, "reusita": 84.61538461538461, "cnt": 130}, "GEOGRAFIE": {"medie": 8.221428571428572, "reusita": 100.0, "cnt": 14}, "ANATOMIE SI FIZIOLOGIE UMANA, GENETICA SI ECOLOGIE UMANA": {"medie": 4.5, "reusita": 0.0, "cnt": 1}, "MATEMATICA MATE-INFO": {"medie": 6.356363636363639, "reusita": 78.18181818181819, "cnt": 55}, "ISTORIE": {"medie": 7.961999999999998, "reusita": 97.33333333333334, "cnt": 75}, "LOGICA, ARGUMENTARE SI COMUNICARE": {"medie": 9.116346153846155, "reusita": 100.0, "cnt": 52}, "SOCIOLOGIE": {"medie": 9.200000000000001, "reusita": 100.0, "cnt": 3}, "FIZICA TEO": {"medie": 8.733333333333334, "reusita": 100.0, "cnt": 3}, "INFORMATICA MI C/C++": {"medie": 7.071875, "reusita": 93.75, "cnt": 16}, "CHIMIE ANORGANICA TEO NIVEL I/II": {"medie": 6.2406250000000005, "reusita": 87.5, "cnt": 16}, "CHIMIE ORGANICA TEO NIVEL I/II": {"medie": 6.6, "reusita": 100.0, "cnt": 1}, "FILOSOFIE": {"medie": 9.2, "reusita": 100.0, "cnt": 1}, "PSIHOLOGIE": {"medie": 9.3125, "reusita": 100.0, "cnt": 4}, "ECONOMIE": {"medie": 9.7, "reusita": 100.0, "cnt": 1}}, "nume": "COLEGIUL NATIONAL CATOLIC \"SF.IOSIF\" BACAU\tBac\u0103u"}