{"specializari": {"MATEMATICA-INFORMATICA": 86, "STIINTE SOCIALE": 28, "FILOLOGIE": 61, "STIINTE ALE NATURII": 32}, "limba_moderna": {"LIMBA ENGLEZA": 200, "LIMBA FRANCEZA": 7}, "limba_materna": {"LIMBA ROMANA": 207}, "promotie_anterioara": {"DA": 1, "NU": 206}, "materii": {"LIMBA ROMANA": {"medie": 8.59565217391304, "reusita": 99.51690821256038, "cnt": 207}, "BIOLOGIE VEGETALA SI ANIMALA": {"medie": 9.1, "reusita": 100.0, "cnt": 2}, "GENERAL": {"medie": 8.738486312399361, "reusita": 97.10144927536231, "cnt": 207}, "GEOGRAFIE": {"medie": 8.917164179104477, "reusita": 98.50746268656717, "cnt": 67}, "ANATOMIE SI FIZIOLOGIE UMANA, GENETICA SI ECOLOGIE UMANA": {"medie": 8.319354838709677, "reusita": 96.7741935483871, "cnt": 31}, "MATEMATICA ST-NAT": {"medie": 8.821874999999999, "reusita": 100.0, "cnt": 32}, "MATEMATICA MATE-INFO": {"medie": 8.834883720930232, "reusita": 97.67441860465115, "cnt": 86}, "ISTORIE": {"medie": 8.664044943820224, "reusita": 100.0, "cnt": 89}, "SOCIOLOGIE": {"medie": 9.7, "reusita": 100.0, "cnt": 1}, "FIZICA TEO": {"medie": 9.307142857142859, "reusita": 100.0, "cnt": 42}, "INFORMATICA MI C/C++": {"medie": 8.116666666666665, "reusita": 100.0, "cnt": 24}, "CHIMIE ORGANICA TEO NIVEL I/II": {"medie": 8.963157894736842, "reusita": 100.0, "cnt": 19}, "FILOSOFIE": {"medie": 8.9, "reusita": 100.0, "cnt": 2}, "PSIHOLOGIE": {"medie": 9.350000000000001, "reusita": 100.0, "cnt": 11}, "ECONOMIE": {"medie": 9.275, "reusita": 100.0, "cnt": 8}}, "nume": "COLEGIUL NATIONAL \"IENACHITA VACARESCU\" TARGOVISTE\tD\u00e2mbovi\u021ba"}