{"specializari": {"TEHNICIAN IN ACTIVITATI ECONOMICE": 61, "MATEMATICA-INFORMATICA": 23, "TEHNICIAN IN TURISM": 5, "STIINTE ALE NATURII": 22, "STIINTE SOCIALE": 35, "TEHNICIAN IN ACTIVITATI DE COMERT": 9, "TEHNICIAN IN HOTELARIE": 16, "TEHNICIAN IN ADMINISTRATIE": 10}, "limba_moderna": {"LIMBA ENGLEZA": 163, "LIMBA SPANIOLA": 2, "LIMBA ITALIANA": 4, "LIMBA FRANCEZA": 12}, "limba_materna": {"LIMBA ROMANA": 181}, "promotie_anterioara": {"DA": 20, "NU": 161}, "materii": {"LIMBA ROMANA": {"medie": 6.576111111111109, "reusita": 95.58011049723757, "cnt": 181}, "MATEMATICA TEHN": {"medie": 5.2825000000000015, "reusita": 65.34653465346535, "cnt": 101}, "BIOLOGIE VEGETALA SI ANIMALA": {"medie": 4.8, "reusita": 0.0, "cnt": 1}, "GENERAL": {"medie": 6.743032015065911, "reusita": 68.50828729281768, "cnt": 181}, "GEOGRAFIE": {"medie": 7.695689655172413, "reusita": 98.29059829059828, "cnt": 117}, "ANATOMIE SI FIZIOLOGIE UMANA, GENETICA SI ECOLOGIE UMANA": {"medie": 6.835714285714287, "reusita": 93.10344827586206, "cnt": 29}, "MATEMATICA ST-NAT": {"medie": 6.5613636363636365, "reusita": 90.9090909090909, "cnt": 22}, "MATEMATICA MATE-INFO": {"medie": 6.671739130434782, "reusita": 91.30434782608695, "cnt": 23}, "ISTORIE": {"medie": 7.157142857142857, "reusita": 100.0, "cnt": 35}, "LOGICA, ARGUMENTARE SI COMUNICARE": {"medie": 8.510526315789475, "reusita": 100.0, "cnt": 19}, "FIZICA TEO": {"medie": 9.0, "reusita": 100.0, "cnt": 1}, "INFORMATICA MI C/C++": {"medie": 7.392857142857143, "reusita": 100.0, "cnt": 7}, "CHIMIE ANORGANICA TEO NIVEL I/II": {"medie": 7.6875, "reusita": 100.0, "cnt": 4}, "CHIMIE ORGANICA TEO NIVEL I/II": {"medie": 7.583333333333333, "reusita": 100.0, "cnt": 3}}, "nume": "COLEGIUL ECONOMIC \"ANGHEL RUGINA\", MUN. VASLUI\tVaslui"}