{"specializari": {"TEHNICIAN PROIECTANT CAD": 14, "TEHNICIAN PRELUCRARI MECANICE": 6, "TEHNICIAN TRANSPORTURI": 10, "TEHNICIAN ELECTROMECANIC": 3, "TEHNICIAN IN INSTALATII ELECTRICE": 3, "TEHNICIAN METROLOG": 2, "TEHNICIAN ECOLOG SI PROTECTIA CALITATII MEDIULUI": 16, "TEHNICIAN OPERATOR TEHNICA DE CALCUL": 1, "TEHNICIAN ELECTROTEHNIST": 2}, "limba_moderna": {"LIMBA ENGLEZA": 51, "LIMBA FRANCEZA": 6}, "limba_materna": {"LIMBA ROMANA": 57}, "promotie_anterioara": {"DA": 39, "NU": 18}, "materii": {"LIMBA ROMANA": {"medie": 5.161111111111113, "reusita": 70.17543859649122, "cnt": 57}, "MATEMATICA TEHN": {"medie": 3.616981132075472, "reusita": 38.59649122807017, "cnt": 57}, "BIOLOGIE VEGETALA SI ANIMALA": {"medie": 4.309259259259259, "reusita": 32.25806451612903, "cnt": 31}, "GENERAL": {"medie": 4.431333333333332, "reusita": 7.017543859649122, "cnt": 57}, "ANATOMIE SI FIZIOLOGIE UMANA, GENETICA SI ECOLOGIE UMANA": {"medie": 5.616666666666666, "reusita": 80.0, "cnt": 15}, "FIZICA TEH": {"medie": 4.76, "reusita": 66.66666666666666, "cnt": 6}, "CHIMIE ANORGANICA TEH NIVEL I/II": {"medie": 2.8000000000000003, "reusita": 0.0, "cnt": 4}, "CHIMIE ORGANICA TEH NIVEL I/II": {"medie": 2.65, "reusita": 0.0, "cnt": 1}}, "nume": "COLEGIUL TEHNIC \"CAROL I\"\tBucure\u0219ti"}