{"specializari": {"TEHNICIAN IN INSTALATII ELECTRICE": 12, "TEHNICIAN IN ACTIVITATI ECONOMICE": 18, "TEHNICIAN INSTALATOR PENTRU CONSTRUCTII": 1, "TEHNICIAN IN PRELUCRAREA LEMNULUI": 1, "INVATATOR - EDUCATOARE": 25, "TEHNICIAN IN AUTOMATIZARI": 3, "TEHNICIAN MECANIC PENTRU INTRETINERE SI REPARATII": 1}, "limba_moderna": {"LIMBA ENGLEZA": 61}, "limba_materna": {"LIMBA ROMANA": 61}, "promotie_anterioara": {"DA": 17, "NU": 44}, "materii": {"LIMBA ROMANA": {"medie": 5.593442622950821, "reusita": 75.40983606557377, "cnt": 61}, "MATEMATICA TEHN": {"medie": 4.048611111111111, "reusita": 41.66666666666667, "cnt": 36}, "BIOLOGIE VEGETALA SI ANIMALA": {"medie": 4.370000000000001, "reusita": 40.0, "cnt": 15}, "GENERAL": {"medie": 5.535555555555555, "reusita": 40.98360655737705, "cnt": 61}, "GEOGRAFIE": {"medie": 6.688372093023256, "reusita": 93.02325581395348, "cnt": 43}, "FIZICA TEH": {"medie": 3.4250000000000003, "reusita": 33.33333333333333, "cnt": 3}, "MATEMATICA PED": {"medie": 6.414, "reusita": 84.0, "cnt": 25}}, "nume": "COLEGIUL NATIONAL \"MIHAI EMINESCU\" TOPLITA\tHarghita"}