{"specializari": {"MATEMATICA-INFORMATICA": 112, "STIINTE ALE NATURII": 28, "STIINTE SOCIALE": 26, "FILOLOGIE": 30}, "limba_moderna": {"LIMBA FRANCEZA": 4, "LIMBA ENGLEZA": 192}, "limba_materna": {"LIMBA ROMANA": 196}, "promotie_anterioara": {"DA": 2, "NU": 194}, "materii": {"LIMBA ROMANA": {"medie": 9.009183673469384, "reusita": 100.0, "cnt": 196}, "GENERAL": {"medie": 9.005187074829927, "reusita": 98.9795918367347, "cnt": 196}, "GEOGRAFIE": {"medie": 9.041666666666666, "reusita": 100.0, "cnt": 6}, "ANATOMIE SI FIZIOLOGIE UMANA, GENETICA SI ECOLOGIE UMANA": {"medie": 8.961320754716983, "reusita": 100.0, "cnt": 53}, "MATEMATICA ST-NAT": {"medie": 8.775, "reusita": 100.0, "cnt": 28}, "MATEMATICA MATE-INFO": {"medie": 9.358482142857143, "reusita": 100.0, "cnt": 112}, "ISTORIE": {"medie": 8.227678571428573, "reusita": 100.0, "cnt": 56}, "LOGICA, ARGUMENTARE SI COMUNICARE": {"medie": 9.249999999999996, "reusita": 100.0, "cnt": 42}, "SOCIOLOGIE": {"medie": 8.3875, "reusita": 100.0, "cnt": 4}, "FIZICA TEO": {"medie": 9.062244897959184, "reusita": 100.0, "cnt": 49}, "INFORMATICA MI C/C++": {"medie": 8.876666666666667, "reusita": 100.0, "cnt": 15}, "CHIMIE ANORGANICA TEO NIVEL I/II": {"medie": 10.0, "reusita": 100.0, "cnt": 1}, "CHIMIE ORGANICA TEO NIVEL I/II": {"medie": 9.157142857142858, "reusita": 100.0, "cnt": 21}, "PSIHOLOGIE": {"medie": 9.1, "reusita": 100.0, "cnt": 1}, "INFORMATICA SN C/C++": {"medie": 7.95, "reusita": 100.0, "cnt": 1}, "ECONOMIE": {"medie": 8.95, "reusita": 100.0, "cnt": 3}}, "nume": "COLEGIUL NATIONAL \"MIHAI VITEAZUL\" SLOBOZIA\tIalomi\u021ba"}