{"specializari": {"MATEMATICA-INFORMATICA": 59, "FILOLOGIE": 93, "STIINTE ALE NATURII": 65}, "limba_moderna": {"LIMBA ENGLEZA": 209, "LIMBA FRANCEZA": 8}, "limba_materna": {"LIMBA ROMANA": 217}, "promotie_anterioara": {"DA": 9, "NU": 208}, "materii": {"LIMBA ROMANA": {"medie": 8.021889400921658, "reusita": 98.61751152073732, "cnt": 217}, "GENERAL": {"medie": 8.138940809968844, "reusita": 92.62672811059907, "cnt": 217}, "GEOGRAFIE": {"medie": 8.707142857142856, "reusita": 96.7032967032967, "cnt": 91}, "ANATOMIE SI FIZIOLOGIE UMANA, GENETICA SI ECOLOGIE UMANA": {"medie": 8.754301075268817, "reusita": 98.93617021276596, "cnt": 94}, "MATEMATICA ST-NAT": {"medie": 7.760769230769229, "reusita": 95.38461538461539, "cnt": 65}, "MATEMATICA MATE-INFO": {"medie": 7.362068965517244, "reusita": 96.61016949152543, "cnt": 59}, "ISTORIE": {"medie": 7.617934782608694, "reusita": 95.6989247311828, "cnt": 93}, "SOCIOLOGIE": {"medie": 7.55, "reusita": 100.0, "cnt": 1}, "FIZICA TEO": {"medie": 8.690000000000001, "reusita": 100.0, "cnt": 10}, "INFORMATICA MI C/C++": {"medie": 8.90263157894737, "reusita": 100.0, "cnt": 19}, "CHIMIE ORGANICA TEO NIVEL I/II": {"medie": 9.1, "reusita": 100.0, "cnt": 1}, "PSIHOLOGIE": {"medie": 8.2, "reusita": 100.0, "cnt": 1}}, "nume": "COLEGIUL NATIONAL \"CALISTRAT HOGAS\", LOCALITATEA TECUCI\tGala\u021bi"}