{"specializari": {"TEHNICIAN CHIMIST DE LABORATOR": 3, "TEHNICIAN ECOLOG SI PROTECTIA CALITATII MEDIULUI": 9, "TEHNICIAN DESIGNER VESTIMENTAR": 1, "STIINTE ALE NATURII": 11}, "limba_moderna": {"LIMBA ENGLEZA": 21, "LIMBA FRANCEZA": 3}, "limba_materna": {"LIMBA ROMANA": 24}, "promotie_anterioara": {"DA": 17, "NU": 7}, "materii": {"LIMBA ROMANA": {"medie": 5.710869565217393, "reusita": 87.5, "cnt": 24}, "MATEMATICA TEHN": {"medie": 4.58, "reusita": 38.46153846153847, "cnt": 13}, "BIOLOGIE VEGETALA SI ANIMALA": {"medie": 4.8500000000000005, "reusita": 37.5, "cnt": 8}, "GENERAL": {"medie": 5.489814814814815, "reusita": 29.166666666666668, "cnt": 24}, "ANATOMIE SI FIZIOLOGIE UMANA, GENETICA SI ECOLOGIE UMANA": {"medie": 5.220833333333332, "reusita": 53.333333333333336, "cnt": 15}, "MATEMATICA ST-NAT": {"medie": 5.305555555555555, "reusita": 54.54545454545454, "cnt": 11}, "FIZICA TEO": {"medie": 10.0, "reusita": 100.0, "cnt": 1}}, "nume": "COLEGIUL TEHNIC \"PETRU RARES\"\tBucure\u0219ti"}