{"specializari": {"MATEMATICA-INFORMATICA": 127, "STIINTE ALE NATURII": 67, "FILOLOGIE": 60, "STIINTE SOCIALE": 64}, "limba_moderna": {"LIMBA ENGLEZA": 305, "LIMBA FRANCEZA": 13}, "limba_materna": {"LIMBA ROMANA": 318}, "promotie_anterioara": {"NU": 318}, "materii": {"LIMBA ROMANA": {"medie": 8.796698113207542, "reusita": 100.0, "cnt": 318}, "BIOLOGIE VEGETALA SI ANIMALA": {"medie": 8.546153846153846, "reusita": 100.0, "cnt": 13}, "GENERAL": {"medie": 9.057599580712782, "reusita": 100.0, "cnt": 318}, "GEOGRAFIE": {"medie": 9.116666666666669, "reusita": 100.0, "cnt": 45}, "ANATOMIE SI FIZIOLOGIE UMANA, GENETICA SI ECOLOGIE UMANA": {"medie": 8.0375, "reusita": 100.0, "cnt": 4}, "MATEMATICA ST-NAT": {"medie": 8.80970149253731, "reusita": 100.0, "cnt": 67}, "MATEMATICA MATE-INFO": {"medie": 9.25, "reusita": 100.0, "cnt": 127}, "ISTORIE": {"medie": 9.319758064516131, "reusita": 100.0, "cnt": 124}, "LOGICA, ARGUMENTARE SI COMUNICARE": {"medie": 9.37051282051282, "reusita": 100.0, "cnt": 39}, "SOCIOLOGIE": {"medie": 9.322222222222223, "reusita": 100.0, "cnt": 9}, "FIZICA TEO": {"medie": 9.367532467532467, "reusita": 100.0, "cnt": 77}, "INFORMATICA MI C/C++": {"medie": 9.282, "reusita": 100.0, "cnt": 25}, "CHIMIE ORGANICA TEO NIVEL I/II": {"medie": 9.085333333333333, "reusita": 100.0, "cnt": 75}, "FILOSOFIE": {"medie": 10.0, "reusita": 100.0, "cnt": 1}, "PSIHOLOGIE": {"medie": 9.85, "reusita": 100.0, "cnt": 8}, "ECONOMIE": {"medie": 8.934090909090909, "reusita": 100.0, "cnt": 22}}, "nume": "COLEGIUL NATIONAL \"B. P. HASDEU\" MUNICIPIUL BUZAU\tBuz\u0103u"}