{"specializari": {"INVATATOR - EDUCATOARE": 117, "TEOLOGIE ROMANO-CATOLICA": 26}, "limba_moderna": {"LIMBA FRANCEZA": 18, "LIMBA ENGLEZA": 125}, "limba_materna": {"LIMBA ROMANA": 143}, "promotie_anterioara": {"DA": 2, "NU": 141}, "materii": {"LIMBA ROMANA": {"medie": 7.937412587412584, "reusita": 99.3006993006993, "cnt": 143}, "GENERAL": {"medie": 8.377816901408446, "reusita": 95.8041958041958, "cnt": 143}, "GEOGRAFIE": {"medie": 8.815957446808511, "reusita": 96.84210526315789, "cnt": 95}, "MATEMATICA PED": {"medie": 8.326068376068376, "reusita": 97.43589743589743, "cnt": 117}, "ISTORIE": {"medie": 8.621153846153847, "reusita": 100.0, "cnt": 26}, "LOGICA, ARGUMENTARE SI COMUNICARE": {"medie": 8.696875, "reusita": 100.0, "cnt": 48}}, "nume": "COLEGIUL PEDAGOGIC \"VASILE LUPU\", IASI\tIa\u0219i"}