{"specializari": {"MATEMATICA-INFORMATICA": 59, "STIINTE SOCIALE": 36, "FILOLOGIE": 64, "STIINTE ALE NATURII": 31}, "limba_moderna": {"LIMBA ENGLEZA": 177, "LIMBA GERMANA MODERNA": 1, "LIMBA FRANCEZA": 12}, "limba_materna": {"LIMBA ROMANA": 190}, "promotie_anterioara": {"DA": 1, "NU": 189}, "materii": {"LIMBA ROMANA": {"medie": 8.739736842105266, "reusita": 100.0, "cnt": 190}, "GENERAL": {"medie": 8.906754385964913, "reusita": 99.47368421052632, "cnt": 190}, "GEOGRAFIE": {"medie": 9.063157894736845, "reusita": 100.0, "cnt": 19}, "ANATOMIE SI FIZIOLOGIE UMANA, GENETICA SI ECOLOGIE UMANA": {"medie": 9.328999999999999, "reusita": 98.0, "cnt": 50}, "MATEMATICA ST-NAT": {"medie": 9.122580645161293, "reusita": 100.0, "cnt": 31}, "MATEMATICA MATE-INFO": {"medie": 9.018644067796611, "reusita": 100.0, "cnt": 59}, "ISTORIE": {"medie": 8.579, "reusita": 100.0, "cnt": 100}, "LOGICA, ARGUMENTARE SI COMUNICARE": {"medie": 9.290298507462685, "reusita": 100.0, "cnt": 67}, "SOCIOLOGIE": {"medie": 8.5625, "reusita": 100.0, "cnt": 4}, "FIZICA TEO": {"medie": 8.825, "reusita": 100.0, "cnt": 22}, "INFORMATICA MI C/C++": {"medie": 8.77142857142857, "reusita": 100.0, "cnt": 7}, "CHIMIE ANORGANICA TEO NIVEL I/II": {"medie": 9.6, "reusita": 100.0, "cnt": 1}, "CHIMIE ORGANICA TEO NIVEL I/II": {"medie": 9.064999999999998, "reusita": 100.0, "cnt": 10}, "FILOSOFIE": {"medie": 9.3, "reusita": 100.0, "cnt": 1}, "PSIHOLOGIE": {"medie": 9.13125, "reusita": 100.0, "cnt": 8}, "ECONOMIE": {"medie": 10.0, "reusita": 100.0, "cnt": 1}}, "nume": "COLEGIUL NATIONAL \"CALISTRAT HOGAS\", MUNICIPIUL PIATRA-NEAMT\tNeam\u021b"}