{"specializari": {"STIINTE SOCIALE": 38, "MATEMATICA-INFORMATICA": 88, "STIINTE ALE NATURII": 25, "FILOLOGIE": 37}, "limba_moderna": {"LIMBA ENGLEZA": 168, "LIMBA FRANCEZA": 19, "LIMBA SPANIOLA": 1}, "limba_materna": {"LIMBA ROMANA": 188}, "promotie_anterioara": {"DA": 7, "NU": 181}, "materii": {"LIMBA ROMANA": {"medie": 7.905851063829786, "reusita": 98.93617021276596, "cnt": 188}, "GENERAL": {"medie": 8.052852049910875, "reusita": 87.2340425531915, "cnt": 188}, "GEOGRAFIE": {"medie": 8.586363636363636, "reusita": 100.0, "cnt": 22}, "ANATOMIE SI FIZIOLOGIE UMANA, GENETICA SI ECOLOGIE UMANA": {"medie": 7.7408333333333355, "reusita": 93.33333333333333, "cnt": 60}, "MATEMATICA ST-NAT": {"medie": 5.311999999999999, "reusita": 60.0, "cnt": 25}, "MATEMATICA MATE-INFO": {"medie": 8.585795454545455, "reusita": 98.86363636363636, "cnt": 88}, "ISTORIE": {"medie": 7.581756756756756, "reusita": 98.66666666666667, "cnt": 75}, "LOGICA, ARGUMENTARE SI COMUNICARE": {"medie": 8.763333333333335, "reusita": 97.77777777777777, "cnt": 45}, "SOCIOLOGIE": {"medie": 9.2, "reusita": 50.0, "cnt": 2}, "FIZICA TEO": {"medie": 9.086111111111114, "reusita": 100.0, "cnt": 36}, "INFORMATICA MI C/C++": {"medie": 8.644444444444444, "reusita": 100.0, "cnt": 9}, "CHIMIE ORGANICA TEO NIVEL I/II": {"medie": 8.84375, "reusita": 100.0, "cnt": 8}, "ECONOMIE": {"medie": 8.516666666666667, "reusita": 100.0, "cnt": 6}}, "nume": "COLEGIUL NATIONAL \"TRAIAN\"\tMehedin\u021bi"}