{"specializari": {"MATEMATICA-INFORMATICA": 32, "STIINTE ALE NATURII": 24, "FILOLOGIE": 25}, "limba_moderna": {"LIMBA ENGLEZA": 78, "LIMBA GERMANA MODERNA": 2, "LIMBA FRANCEZA": 1}, "limba_materna": {"LIMBA ROMANA": 69, "LIMBA GERMANA": 12}, "promotie_anterioara": {"DA": 12, "NU": 69}, "materii": {"LIMBA ROMANA": {"medie": 7.168354430379748, "reusita": 97.53086419753086, "cnt": 81}, "BIOLOGIE VEGETALA SI ANIMALA": {"medie": 8.059375, "reusita": 100.0, "cnt": 16}, "GENERAL": {"medie": 7.415584415584416, "reusita": 82.71604938271605, "cnt": 81}, "GEOGRAFIE": {"medie": 7.807894736842105, "reusita": 89.47368421052632, "cnt": 19}, "ANATOMIE SI FIZIOLOGIE UMANA, GENETICA SI ECOLOGIE UMANA": {"medie": 8.158823529411764, "reusita": 94.44444444444444, "cnt": 18}, "MATEMATICA ST-NAT": {"medie": 8.068750000000003, "reusita": 100.0, "cnt": 24}, "MATEMATICA MATE-INFO": {"medie": 6.793333333333334, "reusita": 90.625, "cnt": 32}, "ISTORIE": {"medie": 7.691999999999999, "reusita": 100.0, "cnt": 25}, "LOGICA, ARGUMENTARE SI COMUNICARE": {"medie": 6.3, "reusita": 100.0, "cnt": 1}, "SOCIOLOGIE": {"medie": 7.05, "reusita": 100.0, "cnt": 4}, "INFORMATICA MI C/C++": {"medie": 6.397058823529413, "reusita": 78.94736842105263, "cnt": 19}, "CHIMIE ORGANICA TEO NIVEL I/II": {"medie": 8.933333333333332, "reusita": 100.0, "cnt": 3}, "FILOSOFIE": {"medie": 5.9, "reusita": 100.0, "cnt": 1}, "LIMBA GERMANA": {"medie": 7.3875, "reusita": 100.0, "cnt": 12}}, "nume": "COLEGIUL NATIONAL \"DIACONOVICI TIETZ\" RESITA\tCara\u0219-Severin"}