{"specializari": {"MATEMATICA-INFORMATICA": 3, "TEHNICIAN IN AUTOMATIZARI": 8, "TEHNICIAN MECATRONIST": 15, "TEHNICIAN OPERATOR TEHNICA DE CALCUL": 15, "TEHNICIAN ELECTRONIST": 2, "LICEU CU PROGRAM SPORTIV": 2, "TEHNICIAN OPERATORI ROBOTI INDUSTRIALI": 1}, "limba_moderna": {"LIMBA ENGLEZA": 45, "LIMBA FRANCEZA": 1}, "limba_materna": {"LIMBA ROMANA": 46}, "promotie_anterioara": {"DA": 25, "NU": 21}, "materii": {"LIMBA ROMANA": {"medie": 4.609302325581394, "reusita": 50.0, "cnt": 46}, "MATEMATICA TEHN": {"medie": 3.3337837837837836, "reusita": 34.146341463414636, "cnt": 41}, "BIOLOGIE VEGETALA SI ANIMALA": {"medie": 4.158571428571428, "reusita": 34.146341463414636, "cnt": 41}, "GENERAL": {"medie": 4.155982905982907, "reusita": 8.695652173913043, "cnt": 46}, "GEOGRAFIE": {"medie": 6.7, "reusita": 100.0, "cnt": 2}, "FIZICA TEH": {"medie": 5.95, "reusita": 100.0, "cnt": 2}, "MATEMATICA MATE-INFO": {"medie": 5.116666666666666, "reusita": 100.0, "cnt": 3}, "ISTORIE": {"medie": 3.15, "reusita": 0.0, "cnt": 2}, "CHIMIE ANORGANICA TEH NIVEL I/II": {"medie": 3.15, "reusita": 0.0, "cnt": 1}}, "nume": "COLEGIUL TEHNIC \"EDMOND NICOLAU\"\tBucure\u0219ti"}