{"specializari": {"TEHNICIAN IN GASTRONOMIE": 3, "TEHNICIAN IN ACTIVITATI DE COMERT": 1, "TEHNICIAN IN TURISM": 8, "FILOLOGIE": 18, "MATEMATICA-INFORMATICA": 14, "TEHNICIAN IN HOTELARIE": 1}, "limba_moderna": {"LIMBA ENGLEZA": 40, "LIMBA FRANCEZA": 5}, "limba_materna": {"LIMBA ROMANA": 45}, "promotie_anterioara": {"DA": 9, "NU": 36}, "materii": {"LIMBA ROMANA": {"medie": 6.4625, "reusita": 95.55555555555556, "cnt": 45}, "MATEMATICA TEHN": {"medie": 4.084615384615384, "reusita": 46.15384615384615, "cnt": 13}, "GENERAL": {"medie": 6.28217054263566, "reusita": 55.55555555555556, "cnt": 45}, "GEOGRAFIE": {"medie": 6.628333333333334, "reusita": 87.09677419354838, "cnt": 31}, "ANATOMIE SI FIZIOLOGIE UMANA, GENETICA SI ECOLOGIE UMANA": {"medie": 7.516666666666667, "reusita": 100.0, "cnt": 3}, "MATEMATICA MATE-INFO": {"medie": 6.3500000000000005, "reusita": 85.71428571428571, "cnt": 14}, "ISTORIE": {"medie": 6.147058823529412, "reusita": 72.22222222222221, "cnt": 18}, "FIZICA TEO": {"medie": 6.533333333333334, "reusita": 100.0, "cnt": 3}, "CHIMIE ANORGANICA TEO NIVEL I/II": {"medie": 3.8, "reusita": 0.0, "cnt": 1}, "CHIMIE ORGANICA TEO NIVEL I/II": {"medie": 9.125, "reusita": 100.0, "cnt": 2}, "INFORMATICA MI PASCAL": {"medie": 6.790000000000001, "reusita": 80.0, "cnt": 5}}, "nume": "COLEGIUL \"ION KALINDERU\", ORASUL BUSTENI\tPrahova"}