{"specializari": {"TEHNICIAN IN ACTIVITATI DE COMERT": 3, "TEHNICIAN IN GASTRONOMIE": 2, "MATEMATICA-INFORMATICA": 25, "TEHNICIAN IN ACHIZITII SI CONTRACTARI": 55, "ORGANIZATOR BANQUETING": 25, "TEHNICIAN IN ACTIVITATI ECONOMICE": 117, "TEHNICIAN IN TURISM": 29}, "limba_moderna": {"LIMBA ENGLEZA": 243, "LIMBA FRANCEZA": 13}, "limba_materna": {"LIMBA ROMANA": 256}, "promotie_anterioara": {"DA": 6, "NU": 250}, "materii": {"LIMBA ROMANA": {"medie": 7.866274509803918, "reusita": 99.609375, "cnt": 256}, "MATEMATICA TEHN": {"medie": 7.46478260869565, "reusita": 96.96969696969697, "cnt": 231}, "BIOLOGIE VEGETALA SI ANIMALA": {"medie": 7.825, "reusita": 100.0, "cnt": 8}, "GENERAL": {"medie": 7.980522875816991, "reusita": 95.703125, "cnt": 256}, "GEOGRAFIE": {"medie": 8.258, "reusita": 100.0, "cnt": 25}, "MATEMATICA MATE-INFO": {"medie": 8.44, "reusita": 100.0, "cnt": 25}, "LOGICA, ARGUMENTARE SI COMUNICARE": {"medie": 8.682812499999994, "reusita": 98.44559585492227, "cnt": 193}, "FIZICA TEO": {"medie": 8.346875, "reusita": 100.0, "cnt": 16}, "CHIMIE ANORGANICA TEO NIVEL I/II": {"medie": 8.7, "reusita": 100.0, "cnt": 1}, "PSIHOLOGIE": {"medie": 9.8, "reusita": 100.0, "cnt": 1}, "ECONOMIE": {"medie": 6.924999999999998, "reusita": 100.0, "cnt": 12}}, "nume": "COLEGIUL ECONOMIC \"VIRGIL MADGEARU\", MUNICIPIUL PLOIESTI\tPrahova"}