{"specializari": {"MATEMATICA-INFORMATICA": 24, "TEHNICIAN PROIECTANT CAD": 3, "TEHNICIAN MECATRONIST": 7, "STIINTE ALE NATURII": 16, "TEHNICIAN TRANSPORTURI": 8, "TEHNICIAN IN AUTOMATIZARI": 1, "TEHNICIAN MECANIC PENTRU INTRETINERE SI REPARATII": 3, "TEHNICIAN PRELUCRARI MECANICE": 1}, "limba_moderna": {"LIMBA ENGLEZA": 62, "LIMBA FRANCEZA": 1}, "limba_materna": {"LIMBA ROMANA": 63}, "promotie_anterioara": {"DA": 33, "NU": 30}, "materii": {"LIMBA ROMANA": {"medie": 5.5729508196721325, "reusita": 79.36507936507937, "cnt": 63}, "MATEMATICA TEHN": {"medie": 3.271428571428571, "reusita": 34.78260869565217, "cnt": 23}, "BIOLOGIE VEGETALA SI ANIMALA": {"medie": 4.222222222222222, "reusita": 32.35294117647059, "cnt": 34}, "GENERAL": {"medie": 4.660119047619047, "reusita": 14.285714285714285, "cnt": 63}, "ANATOMIE SI FIZIOLOGIE UMANA, GENETICA SI ECOLOGIE UMANA": {"medie": 4.6375, "reusita": 54.166666666666664, "cnt": 24}, "FIZICA TEH": {"medie": 4.699999999999999, "reusita": 50.0, "cnt": 2}, "MATEMATICA ST-NAT": {"medie": 4.221875, "reusita": 31.25, "cnt": 16}, "MATEMATICA MATE-INFO": {"medie": 3.6891304347826086, "reusita": 41.66666666666667, "cnt": 24}, "CHIMIE ANORGANICA TEH NIVEL I/II": {"medie": 6.2, "reusita": 100.0, "cnt": 1}, "FIZICA TEO": {"medie": 2.95, "reusita": 0.0, "cnt": 1}, "CHIMIE ORGANICA TEO NIVEL I/II": {"medie": 8.35, "reusita": 100.0, "cnt": 1}}, "nume": "COLEGIUL TEHNIC \"DIMITRIE LEONIDA\"\tBucure\u0219ti"}