{"specializari": {"TEHNICIAN ECOLOG SI PROTECTIA CALITATII MEDIULUI": 15, "TEHNICIAN IN SILVICULTURA SI EXPLOATARI FORESTIERE": 23, "TEHNICIAN PROIECTANT PRODUSE FINITE DIN LEMN": 2, "TEHNICIAN MECANIC PENTRU INTRETINERE SI REPARATII": 11}, "limba_moderna": {"LIMBA ENGLEZA": 51}, "limba_materna": {"LIMBA ROMANA": 51}, "promotie_anterioara": {"DA": 13, "NU": 38}, "materii": {"LIMBA ROMANA": {"medie": 5.55, "reusita": 76.47058823529412, "cnt": 51}, "MATEMATICA TEHN": {"medie": 3.9173913043478246, "reusita": 39.21568627450981, "cnt": 51}, "BIOLOGIE VEGETALA SI ANIMALA": {"medie": 2.75, "reusita": 0.0, "cnt": 3}, "GENERAL": {"medie": 5.151136363636363, "reusita": 23.52941176470588, "cnt": 51}, "ANATOMIE SI FIZIOLOGIE UMANA, GENETICA SI ECOLOGIE UMANA": {"medie": 6.167187499999999, "reusita": 66.66666666666666, "cnt": 36}, "FIZICA TEH": {"medie": 4.666666666666667, "reusita": 33.33333333333333, "cnt": 3}, "CHIMIE ANORGANICA TEH NIVEL I/II": {"medie": 6.238888888888888, "reusita": 88.88888888888889, "cnt": 9}}, "nume": "COLEGIUL TEHNIC FORESTIER, MUNICIPIUL PIATRA-NEAMT\tNeam\u021b"}