{"specializari": {"MATEMATICA-INFORMATICA": 111}, "limba_moderna": {"LIMBA ENGLEZA": 111}, "limba_materna": {"LIMBA ROMANA": 111}, "promotie_anterioara": {"NU": 111}, "materii": {"LIMBA ROMANA": {"medie": 8.227027027027026, "reusita": 100.0, "cnt": 111}, "BIOLOGIE VEGETALA SI ANIMALA": {"medie": 9.292857142857141, "reusita": 100.0, "cnt": 21}, "GENERAL": {"medie": 8.926876876876879, "reusita": 100.0, "cnt": 111}, "MATEMATICA MATE-INFO": {"medie": 9.452702702702705, "reusita": 100.0, "cnt": 111}, "FIZICA TEO": {"medie": 9.057407407407405, "reusita": 100.0, "cnt": 81}, "INFORMATICA MI C/C++": {"medie": 8.73, "reusita": 100.0, "cnt": 5}, "CHIMIE ORGANICA TEO NIVEL I/II": {"medie": 9.4375, "reusita": 100.0, "cnt": 4}}, "nume": "COLEGIUL NATIONAL MILITAR \"DIMITRIE CANTEMIR\" BREAZA\tPrahova"}