{"specializari": {"INVATATOR - EDUCATOARE": 61, "EDUCATOR-PUERICULTOR": 1, "STIINTE SOCIALE": 57}, "limba_moderna": {"LIMBA FRANCEZA": 39, "LIMBA ENGLEZA": 80}, "limba_materna": {"LIMBA ROMANA": 119}, "promotie_anterioara": {"DA": 2, "NU": 117}, "materii": {"LIMBA ROMANA": {"medie": 8.40294117647059, "reusita": 99.15966386554622, "cnt": 119}, "GENERAL": {"medie": 8.610644257703083, "reusita": 99.15966386554622, "cnt": 119}, "GEOGRAFIE": {"medie": 8.813157894736843, "reusita": 100.0, "cnt": 57}, "MATEMATICA PED": {"medie": 8.67950819672131, "reusita": 100.0, "cnt": 61}, "ISTORIE": {"medie": 8.33362068965517, "reusita": 100.0, "cnt": 58}, "LOGICA, ARGUMENTARE SI COMUNICARE": {"medie": 8.951960784313727, "reusita": 100.0, "cnt": 51}, "PSIHOLOGIE": {"medie": 9.304545454545455, "reusita": 100.0, "cnt": 11}}, "nume": "COLEGIUL NATIONAL PEDAGOGIC \"GHEORGHE LAZAR\" CLUJ-NAPOCA\tCluj"}