{"specializari": {"FILOLOGIE": 136, "MATEMATICA-INFORMATICA": 66, "STIINTE ALE NATURII": 69}, "limba_moderna": {"LIMBA ENGLEZA": 214, "LIMBA FRANCEZA": 33, "LIMBA GERMANA MODERNA": 13, "LIMBA SPANIOLA": 11}, "limba_materna": {"LIMBA ROMANA": 271}, "promotie_anterioara": {"DA": 2, "NU": 269}, "materii": {"LIMBA ROMANA": {"medie": 7.97453874538745, "reusita": 99.63099630996311, "cnt": 271}, "BIOLOGIE VEGETALA SI ANIMALA": {"medie": 7.8, "reusita": 100.0, "cnt": 1}, "GENERAL": {"medie": 8.483271832718328, "reusita": 99.2619926199262, "cnt": 271}, "GEOGRAFIE": {"medie": 8.925, "reusita": 100.0, "cnt": 4}, "ANATOMIE SI FIZIOLOGIE UMANA, GENETICA SI ECOLOGIE UMANA": {"medie": 8.693750000000003, "reusita": 100.0, "cnt": 88}, "MATEMATICA ST-NAT": {"medie": 8.921014492753626, "reusita": 100.0, "cnt": 69}, "MATEMATICA MATE-INFO": {"medie": 8.856818181818184, "reusita": 100.0, "cnt": 66}, "ISTORIE": {"medie": 8.23970588235294, "reusita": 99.26470588235294, "cnt": 136}, "LOGICA, ARGUMENTARE SI COMUNICARE": {"medie": 9.13181818181818, "reusita": 99.0909090909091, "cnt": 110}, "SOCIOLOGIE": {"medie": 8.9, "reusita": 100.0, "cnt": 2}, "FIZICA TEO": {"medie": 8.62307692307692, "reusita": 100.0, "cnt": 13}, "INFORMATICA MI C/C++": {"medie": 9.042307692307691, "reusita": 100.0, "cnt": 26}, "CHIMIE ORGANICA TEO NIVEL I/II": {"medie": 8.642857142857142, "reusita": 100.0, "cnt": 7}, "FILOSOFIE": {"medie": 7.0, "reusita": 100.0, "cnt": 1}, "PSIHOLOGIE": {"medie": 9.13888888888889, "reusita": 100.0, "cnt": 9}, "ECONOMIE": {"medie": 8.73, "reusita": 100.0, "cnt": 10}}, "nume": "COLEGIUL NATIONAL \"ELENA CUZA\" CRAIOVA\tDolj"}