{"specializari": {"TEHNICIAN IN ACTIVITATI ECONOMICE": 44, "TEHNICIAN IN ACTIVITATI DE COMERT": 9, "TEHNICIAN IN TURISM": 41, "TEHNICIAN IN INDUSTRIA PIELARIEI": 1, "ORGANIZATOR BANQUETING": 1}, "limba_moderna": {"LIMBA ENGLEZA": 95, "LIMBA FRANCEZA": 1}, "limba_materna": {"LIMBA ROMANA": 96}, "promotie_anterioara": {"DA": 23, "NU": 73}, "materii": {"LIMBA ROMANA": {"medie": 6.77421052631579, "reusita": 91.66666666666666, "cnt": 96}, "MATEMATICA TEHN": {"medie": 5.423655913978495, "reusita": 68.75, "cnt": 96}, "GENERAL": {"medie": 6.429213483146067, "reusita": 52.083333333333336, "cnt": 96}, "GEOGRAFIE": {"medie": 6.86768292682927, "reusita": 86.04651162790698, "cnt": 86}, "CHIMIE ANORGANICA TEH NIVEL I/II": {"medie": "-", "reusita": 0.0, "cnt": 1}, "PSIHOLOGIE": {"medie": 7.5, "reusita": 100.0, "cnt": 4}, "ECONOMIE": {"medie": 7.05, "reusita": 100.0, "cnt": 5}}, "nume": "COLEGIUL ECONOMIC \"EMANUIL GOJDU\" HUNEDOARA\tHunedoara"}