{"specializari": {"TEHNICIAN IN INDUSTRIA ALIMENTARA": 30, "TEHNICIAN ANALIZE PRODUSE ALIMENTARE": 38, "TEHNICIAN ELECTROMECANIC": 8}, "limba_moderna": {"LIMBA FRANCEZA": 3, "LIMBA ENGLEZA": 73}, "limba_materna": {"LIMBA ROMANA": 76}, "promotie_anterioara": {"DA": 51, "NU": 25}, "materii": {"LIMBA ROMANA": {"medie": 5.404861111111112, "reusita": 80.26315789473685, "cnt": 76}, "MATEMATICA TEHN": {"medie": 4.138970588235295, "reusita": 46.05263157894737, "cnt": 76}, "BIOLOGIE VEGETALA SI ANIMALA": {"medie": 4.978, "reusita": 46.666666666666664, "cnt": 30}, "GENERAL": {"medie": 4.98611111111111, "reusita": 22.36842105263158, "cnt": 76}, "ANATOMIE SI FIZIOLOGIE UMANA, GENETICA SI ECOLOGIE UMANA": {"medie": 5.625555555555555, "reusita": 66.66666666666666, "cnt": 45}, "CHIMIE ORGANICA TEH NIVEL I/II": {"medie": 2.05, "reusita": 0.0, "cnt": 1}}, "nume": "COLEGIUL TEHNIC DE INDUSTRIE ALIMENTARA \"DUMITRU MOTOC\"\tBucure\u0219ti"}