{"specializari": {"ARHITECTURA, ARTE AMBIENTALE SI DESIGN": 91, "TEHNICIAN DESENATOR PENTRU CONSTRUCTII SI INSTALATII": 14, "MATEMATICA-INFORMATICA": 13}, "limba_moderna": {"LIMBA ENGLEZA": 117, "LIMBA FRANCEZA": 1}, "limba_materna": {"LIMBA ROMANA": 118}, "promotie_anterioara": {"DA": 41, "NU": 77}, "materii": {"LIMBA ROMANA": {"medie": 6.219396551724138, "reusita": 93.22033898305084, "cnt": 118}, "MATEMATICA TEHN": {"medie": 5.191666666666666, "reusita": 50.0, "cnt": 14}, "BIOLOGIE VEGETALA SI ANIMALA": {"medie": 5.5325, "reusita": 59.09090909090909, "cnt": 22}, "GENERAL": {"medie": 6.423547400611622, "reusita": 55.932203389830505, "cnt": 118}, "GEOGRAFIE": {"medie": 7.131818181818184, "reusita": 89.47368421052632, "cnt": 57}, "MATEMATICA MATE-INFO": {"medie": 5.973076923076921, "reusita": 92.3076923076923, "cnt": 13}, "ISTORIE": {"medie": 6.176436781609196, "reusita": 89.01098901098901, "cnt": 91}, "LOGICA, ARGUMENTARE SI COMUNICARE": {"medie": 7.274074074074075, "reusita": 78.57142857142857, "cnt": 28}, "FIZICA TEO": {"medie": 7.375, "reusita": 100.0, "cnt": 2}, "CHIMIE ANORGANICA TEO NIVEL I/II": {"medie": 7.85, "reusita": 100.0, "cnt": 1}, "CHIMIE ORGANICA TEO NIVEL I/II": {"medie": 5.0, "reusita": 100.0, "cnt": 1}, "PSIHOLOGIE": {"medie": 8.225, "reusita": 80.0, "cnt": 5}, "INFORMATICA MI PASCAL": {"medie": 7.1, "reusita": 100.0, "cnt": 1}, "ECONOMIE": {"medie": 6.5, "reusita": 100.0, "cnt": 1}}, "nume": "COLEGIUL TEHNIC DE ARHITECTURA SI LUCRARI PUBLICE \"IOAN N. SOCOLESCU\"\tBucure\u0219ti"}