{"specializari": {"TEHNICIAN IN GASTRONOMIE": 15, "TEHNICIAN IN TURISM": 5, "TEHNICIAN IN ACTIVITATI DE COMERT": 10, "TEHNICIAN IN INDUSTRIA ALIMENTARA": 3, "TEHNICIAN IN ACTIVITATI ECONOMICE": 23, "TEHNICIAN VETERINAR": 1, "ORGANIZATOR BANQUETING": 2, "TEHNICIAN IN ACHIZITII SI CONTRACTARI": 1}, "limba_moderna": {"LIMBA ENGLEZA": 59, "LIMBA FRANCEZA": 1}, "limba_materna": {"LIMBA ROMANA": 60}, "promotie_anterioara": {"DA": 21, "NU": 39}, "materii": {"LIMBA ROMANA": {"medie": 5.599152542372883, "reusita": 80.0, "cnt": 60}, "MATEMATICA TEHN": {"medie": 5.202678571428572, "reusita": 65.0, "cnt": 60}, "BIOLOGIE VEGETALA SI ANIMALA": {"medie": 4.25, "reusita": 66.66666666666666, "cnt": 3}, "GENERAL": {"medie": 6.003086419753085, "reusita": 43.333333333333336, "cnt": 60}, "GEOGRAFIE": {"medie": 7.129807692307692, "reusita": 85.71428571428571, "cnt": 56}, "ANATOMIE SI FIZIOLOGIE UMANA, GENETICA SI ECOLOGIE UMANA": {"medie": 5.4, "reusita": 100.0, "cnt": 1}}, "nume": "COLEGIUL ECONOMIC AL BANATULUI MONTAN RESITA\tCara\u0219-Severin"}