{"specializari": {"FILOLOGIE": 28, "STIINTE SOCIALE": 27, "MATEMATICA-INFORMATICA": 25, "INVATATOR - EDUCATOARE": 55}, "limba_moderna": {"LIMBA ENGLEZA": 134, "LIMBA GERMANA MODERNA": 1}, "limba_materna": {"LIMBA ROMANA": 135}, "promotie_anterioara": {"DA": 2, "NU": 133}, "materii": {"LIMBA ROMANA": {"medie": 7.852592592592593, "reusita": 99.25925925925925, "cnt": 135}, "BIOLOGIE VEGETALA SI ANIMALA": {"medie": 5.25, "reusita": 100.0, "cnt": 1}, "GENERAL": {"medie": 8.212469135802474, "reusita": 97.03703703703704, "cnt": 135}, "GEOGRAFIE": {"medie": 9.275, "reusita": 100.0, "cnt": 4}, "ANATOMIE SI FIZIOLOGIE UMANA, GENETICA SI ECOLOGIE UMANA": {"medie": 8.85, "reusita": 100.0, "cnt": 7}, "MATEMATICA PED": {"medie": 7.9436363636363625, "reusita": 98.18181818181819, "cnt": 55}, "MATEMATICA MATE-INFO": {"medie": 8.086000000000002, "reusita": 100.0, "cnt": 25}, "ISTORIE": {"medie": 8.202727272727273, "reusita": 98.18181818181819, "cnt": 55}, "LOGICA, ARGUMENTARE SI COMUNICARE": {"medie": 8.840104166666665, "reusita": 96.875, "cnt": 96}, "FIZICA TEO": {"medie": 8.094444444444443, "reusita": 100.0, "cnt": 9}, "INFORMATICA MI C/C++": {"medie": 8.414285714285715, "reusita": 100.0, "cnt": 7}, "CHIMIE ORGANICA TEO NIVEL I/II": {"medie": 8.4, "reusita": 100.0, "cnt": 1}, "FILOSOFIE": {"medie": 8.8, "reusita": 100.0, "cnt": 1}, "PSIHOLOGIE": {"medie": 7.725000000000001, "reusita": 100.0, "cnt": 6}, "ECONOMIE": {"medie": 9.166666666666666, "reusita": 100.0, "cnt": 3}}, "nume": "COLEGIUL NATIONAL PEDAGOGIC \"CONSTANTIN BRATESCU\" CONSTANTA\tConstan\u021ba"}