{"specializari": {"TEHNICIAN IN GASTRONOMIE": 83, "ORGANIZATOR BANQUETING": 86, "TEHNICIAN IN ACTIVITATI DE COMERT": 57, "TEHNICIAN IN ACTIVITATI ECONOMICE": 66, "TEHNICIAN IN TURISM": 57, "TEHNICIAN IN ACHIZITII SI CONTRACTARI": 25}, "limba_moderna": {"LIMBA ENGLEZA": 342, "LIMBA FRANCEZA": 31, "LIMBA RUSA": 1}, "limba_materna": {"LIMBA ROMANA": 374}, "promotie_anterioara": {"DA": 100, "NU": 274}, "materii": {"LIMBA ROMANA": {"medie": 5.77125340599455, "reusita": 86.89839572192514, "cnt": 374}, "MATEMATICA TEHN": {"medie": 5.0839285714285705, "reusita": 66.0427807486631, "cnt": 374}, "GENERAL": {"medie": 5.84315391879131, "reusita": 44.11764705882353, "cnt": 374}, "GEOGRAFIE": {"medie": 6.550684931506846, "reusita": 82.29508196721311, "cnt": 305}, "LOGICA, ARGUMENTARE SI COMUNICARE": {"medie": 6.8245901639344275, "reusita": 86.88524590163934, "cnt": 61}, "PSIHOLOGIE": {"medie": 6.53125, "reusita": 100.0, "cnt": 8}}, "nume": "COLEGIUL ECONOMIC \"VIILOR\"\tBucure\u0219ti"}