{"specializari": {"TEHNICIAN IN ACTIVITATI DE COMERT": 6, "TEHNICIAN ELECTROMECANIC": 5, "STIINTE ALE NATURII": 33, "TEHNICIAN OPERATOR TEHNICA DE CALCUL": 2, "TEHNICIAN MECANIC PENTRU INTRETINERE SI REPARATII": 4, "TEHNICIAN IN ACTIVITATI ECONOMICE": 20, "MATEMATICA-INFORMATICA": 13, "STIINTE SOCIALE": 2, "FILOLOGIE": 23}, "limba_moderna": {"LIMBA ENGLEZA": 108}, "limba_materna": {"LIMBA ROMANA": 108}, "promotie_anterioara": {"DA": 33, "NU": 75}, "materii": {"LIMBA ROMANA": {"medie": 6.640186915887848, "reusita": 91.66666666666666, "cnt": 108}, "MATEMATICA TEHN": {"medie": 4.120833333333334, "reusita": 45.94594594594595, "cnt": 37}, "BIOLOGIE VEGETALA SI ANIMALA": {"medie": 4.5055555555555555, "reusita": 40.0, "cnt": 10}, "GENERAL": {"medie": 6.326699029126213, "reusita": 52.77777777777778, "cnt": 108}, "GEOGRAFIE": {"medie": 7.442857142857141, "reusita": 100.0, "cnt": 28}, "ANATOMIE SI FIZIOLOGIE UMANA, GENETICA SI ECOLOGIE UMANA": {"medie": 7.161250000000001, "reusita": 90.47619047619048, "cnt": 42}, "FIZICA TEH": {"medie": 3.1, "reusita": 0.0, "cnt": 1}, "MATEMATICA ST-NAT": {"medie": 5.390909090909091, "reusita": 60.60606060606061, "cnt": 33}, "MATEMATICA MATE-INFO": {"medie": 5.684615384615385, "reusita": 76.92307692307693, "cnt": 13}, "ISTORIE": {"medie": 6.364583333333333, "reusita": 92.0, "cnt": 25}, "LOGICA, ARGUMENTARE SI COMUNICARE": {"medie": 7.179545454545454, "reusita": 86.95652173913044, "cnt": 23}, "CHIMIE ANORGANICA TEO NIVEL I/II": {"medie": 6.5, "reusita": 100.0, "cnt": 1}, "CHIMIE ORGANICA TEO NIVEL I/II": {"medie": 8.933333333333332, "reusita": 100.0, "cnt": 3}}, "nume": "COLEGIUL TEHNIC \"CONSTANTIN BRANCUSI\" PETRILA\tHunedoara"}