{"specializari": {"FILOLOGIE": 115, "INVATATOR - EDUCATOARE": 51, "STIINTE SOCIALE": 30}, "limba_moderna": {"LIMBA SPANIOLA": 8, "LIMBA ENGLEZA": 167, "LIMBA FRANCEZA": 21}, "limba_materna": {"LIMBA ROMANA": 196}, "promotie_anterioara": {"DA": 1, "NU": 195}, "materii": {"LIMBA ROMANA": {"medie": 8.259999999999998, "reusita": 99.48979591836735, "cnt": 196}, "GENERAL": {"medie": 8.325213675213673, "reusita": 97.44897959183673, "cnt": 196}, "GEOGRAFIE": {"medie": 8.901119402985072, "reusita": 99.25925925925925, "cnt": 135}, "MATEMATICA PED": {"medie": 8.151960784313724, "reusita": 100.0, "cnt": 51}, "ISTORIE": {"medie": 8.038888888888884, "reusita": 99.3103448275862, "cnt": 145}, "LOGICA, ARGUMENTARE SI COMUNICARE": {"medie": 8.487499999999999, "reusita": 91.66666666666666, "cnt": 12}, "SOCIOLOGIE": {"medie": 8.005714285714284, "reusita": 100.0, "cnt": 35}, "PSIHOLOGIE": {"medie": 7.880000000000001, "reusita": 100.0, "cnt": 10}, "ECONOMIE": {"medie": 8.149999999999999, "reusita": 100.0, "cnt": 4}}, "nume": "COLEGIUL NATIONAL PEDAGOGIC \"SPIRU HARET\" FOCSANI\tVrancea"}