{"specializari": {"FILOLOGIE": 56, "MATEMATICA-INFORMATICA": 85, "STIINTE ALE NATURII": 36, "STIINTE SOCIALE": 29}, "limba_moderna": {"LIMBA ENGLEZA": 184, "LIMBA FRANCEZA": 22}, "limba_materna": {"LIMBA ROMANA": 206}, "promotie_anterioara": {"DA": 1, "NU": 205}, "materii": {"LIMBA ROMANA": {"medie": 8.832281553398055, "reusita": 99.51456310679612, "cnt": 206}, "BIOLOGIE VEGETALA SI ANIMALA": {"medie": 9.378, "reusita": 100.0, "cnt": 25}, "GENERAL": {"medie": 8.770792880258897, "reusita": 98.54368932038835, "cnt": 206}, "GEOGRAFIE": {"medie": 8.940540540540539, "reusita": 100.0, "cnt": 37}, "ANATOMIE SI FIZIOLOGIE UMANA, GENETICA SI ECOLOGIE UMANA": {"medie": 8.76875, "reusita": 100.0, "cnt": 32}, "MATEMATICA ST-NAT": {"medie": 8.616666666666665, "reusita": 100.0, "cnt": 36}, "MATEMATICA MATE-INFO": {"medie": 8.994705882352937, "reusita": 98.82352941176471, "cnt": 85}, "ISTORIE": {"medie": 8.042352941176468, "reusita": 100.0, "cnt": 85}, "LOGICA, ARGUMENTARE SI COMUNICARE": {"medie": 9.180208333333331, "reusita": 100.0, "cnt": 48}, "FIZICA TEO": {"medie": 8.783333333333333, "reusita": 100.0, "cnt": 6}, "INFORMATICA MI C/C++": {"medie": 8.587777777777776, "reusita": 100.0, "cnt": 45}, "CHIMIE ANORGANICA TEO NIVEL I/II": {"medie": 8.25, "reusita": 100.0, "cnt": 1}, "CHIMIE ORGANICA TEO NIVEL I/II": {"medie": 9.054166666666667, "reusita": 100.0, "cnt": 12}}, "nume": "COLEGIUL NATIONAL \"HOREA CLOSCA SI CRISAN\" ALBA IULIA\tAlba"}