{"specializari": {"MATEMATICA-INFORMATICA": 83, "STIINTE ALE NATURII": 60, "FILOLOGIE": 27, "STIINTE SOCIALE": 24}, "limba_moderna": {"LIMBA ENGLEZA": 191, "LIMBA FRANCEZA": 3}, "limba_materna": {"LIMBA ROMANA": 194}, "promotie_anterioara": {"NU": 194}, "materii": {"LIMBA ROMANA": {"medie": 8.867525773195881, "reusita": 100.0, "cnt": 194}, "BIOLOGIE VEGETALA SI ANIMALA": {"medie": 8.941666666666665, "reusita": 100.0, "cnt": 18}, "GENERAL": {"medie": 8.996027633851469, "reusita": 99.48453608247422, "cnt": 194}, "GEOGRAFIE": {"medie": 9.24705882352941, "reusita": 94.44444444444444, "cnt": 18}, "ANATOMIE SI FIZIOLOGIE UMANA, GENETICA SI ECOLOGIE UMANA": {"medie": 8.866666666666667, "reusita": 100.0, "cnt": 9}, "MATEMATICA ST-NAT": {"medie": 9.082500000000003, "reusita": 100.0, "cnt": 60}, "MATEMATICA MATE-INFO": {"medie": 9.21867469879518, "reusita": 100.0, "cnt": 83}, "ISTORIE": {"medie": 8.465, "reusita": 98.0392156862745, "cnt": 51}, "LOGICA, ARGUMENTARE SI COMUNICARE": {"medie": 8.575, "reusita": 100.0, "cnt": 14}, "SOCIOLOGIE": {"medie": 9.433333333333334, "reusita": 100.0, "cnt": 6}, "FIZICA TEO": {"medie": 9.35576923076923, "reusita": 100.0, "cnt": 52}, "INFORMATICA MI C/C++": {"medie": 9.176470588235293, "reusita": 100.0, "cnt": 17}, "CHIMIE ORGANICA TEO NIVEL I/II": {"medie": 9.228723404255321, "reusita": 100.0, "cnt": 47}, "FILOSOFIE": {"medie": 8.15, "reusita": 100.0, "cnt": 2}, "PSIHOLOGIE": {"medie": 9.216666666666667, "reusita": 100.0, "cnt": 6}, "ECONOMIE": {"medie": 8.15, "reusita": 100.0, "cnt": 5}}, "nume": "COLEGIUL NATIONAL \"GHEORGHE MUNTEANU MURGOCI\"\tBr\u0103ila"}