{"specializari": {"MATEMATICA-INFORMATICA": 135, "STIINTE ALE NATURII": 60, "FILOLOGIE": 28}, "limba_moderna": {"LIMBA ENGLEZA": 206, "LIMBA GERMANA MODERNA": 5, "LIMBA FRANCEZA": 12}, "limba_materna": {"LIMBA ROMANA": 223}, "promotie_anterioara": {"NU": 223}, "materii": {"LIMBA ROMANA": {"medie": 8.673423423423422, "reusita": 99.10313901345292, "cnt": 223}, "GENERAL": {"medie": 8.646471471471472, "reusita": 98.20627802690582, "cnt": 223}, "GEOGRAFIE": {"medie": 9.022727272727273, "reusita": 100.0, "cnt": 11}, "ANATOMIE SI FIZIOLOGIE UMANA, GENETICA SI ECOLOGIE UMANA": {"medie": 8.69607843137255, "reusita": 99.02912621359224, "cnt": 103}, "MATEMATICA ST-NAT": {"medie": 8.235833333333336, "reusita": 98.33333333333333, "cnt": 60}, "MATEMATICA MATE-INFO": {"medie": 8.779477611940301, "reusita": 98.51851851851852, "cnt": 135}, "ISTORIE": {"medie": 8.344642857142857, "reusita": 100.0, "cnt": 28}, "LOGICA, ARGUMENTARE SI COMUNICARE": {"medie": 8.996875, "reusita": 100.0, "cnt": 16}, "FIZICA TEO": {"medie": 8.936363636363636, "reusita": 100.0, "cnt": 11}, "INFORMATICA MI C/C++": {"medie": 8.36641791044776, "reusita": 98.50746268656717, "cnt": 67}, "CHIMIE ORGANICA TEO NIVEL I/II": {"medie": 9.382142857142856, "reusita": 100.0, "cnt": 14}, "PSIHOLOGIE": {"medie": 8.4, "reusita": 100.0, "cnt": 1}}, "nume": "COLEGIUL NATIONAL \"VASILE LUCACIU\" BAIA MARE\tMaramure\u0219"}