{"specializari": {"TEHNICIAN IN ACTIVITATI DE COMERT": 21, "TEHNICIAN IN GASTRONOMIE": 19, "TEHNICIAN IN ACTIVITATI ECONOMICE": 75, "TEHNICIAN IN TURISM": 14, "MATEMATICA-INFORMATICA": 1}, "limba_moderna": {"LIMBA ENGLEZA": 124, "LIMBA FRANCEZA": 1, "LIMBA RUSA": 5}, "limba_materna": {"LIMBA ROMANA": 130}, "promotie_anterioara": {"DA": 39, "NU": 91}, "materii": {"LIMBA ROMANA": {"medie": 6.017578124999999, "reusita": 91.53846153846153, "cnt": 130}, "MATEMATICA TEHN": {"medie": 4.920564516129034, "reusita": 62.01550387596899, "cnt": 129}, "GENERAL": {"medie": 5.988934426229509, "reusita": 44.61538461538462, "cnt": 130}, "GEOGRAFIE": {"medie": 7.060344827586207, "reusita": 92.5, "cnt": 120}, "ANATOMIE SI FIZIOLOGIE UMANA, GENETICA SI ECOLOGIE UMANA": {"medie": "-", "reusita": 0.0, "cnt": 1}, "MATEMATICA MATE-INFO": {"medie": 3.3, "reusita": 0.0, "cnt": 1}, "LOGICA, ARGUMENTARE SI COMUNICARE": {"medie": 7.4, "reusita": 100.0, "cnt": 2}, "ECONOMIE": {"medie": 6.483333333333333, "reusita": 85.71428571428571, "cnt": 7}}, "nume": "COLEGIUL ECONOMIC \"ION GHICA\"\tBr\u0103ila"}