{"specializari": {"STIINTE SOCIALE": 27, "MATEMATICA-INFORMATICA": 19, "FILOLOGIE": 25, "STIINTE ALE NATURII": 12}, "limba_moderna": {"LIMBA ENGLEZA": 83}, "limba_materna": {"LIMBA ROMANA": 71, "LIMBA GERMANA": 12}, "promotie_anterioara": {"DA": 11, "NU": 72}, "materii": {"LIMBA ROMANA": {"medie": 6.2371951219512205, "reusita": 91.56626506024097, "cnt": 83}, "BIOLOGIE VEGETALA SI ANIMALA": {"medie": 6.916666666666668, "reusita": 94.44444444444444, "cnt": 18}, "GENERAL": {"medie": 6.6276748971193395, "reusita": 73.49397590361446, "cnt": 83}, "GEOGRAFIE": {"medie": 7.6240000000000006, "reusita": 96.07843137254902, "cnt": 51}, "ANATOMIE SI FIZIOLOGIE UMANA, GENETICA SI ECOLOGIE UMANA": {"medie": 8.6, "reusita": 100.0, "cnt": 1}, "MATEMATICA ST-NAT": {"medie": 7.3875, "reusita": 83.33333333333334, "cnt": 12}, "MATEMATICA MATE-INFO": {"medie": 6.208333333333333, "reusita": 89.47368421052632, "cnt": 19}, "ISTORIE": {"medie": 5.934313725490195, "reusita": 94.23076923076923, "cnt": 52}, "SOCIOLOGIE": {"medie": 5.7, "reusita": 100.0, "cnt": 1}, "FIZICA TEO": {"medie": 8.083333333333334, "reusita": 100.0, "cnt": 3}, "INFORMATICA MI C/C++": {"medie": 7.0, "reusita": 100.0, "cnt": 2}, "CHIMIE ANORGANICA TEO NIVEL I/II": {"medie": 7.95, "reusita": 100.0, "cnt": 4}, "CHIMIE ORGANICA TEO NIVEL I/II": {"medie": 9.075, "reusita": 100.0, "cnt": 2}, "LIMBA GERMANA": {"medie": 6.716666666666668, "reusita": 100.0, "cnt": 12}, "INFORMATICA SN C/C++": {"medie": 7.75, "reusita": 100.0, "cnt": 1}}, "nume": "COLEGIUL NATIONAL \"DOAMNA STANCA\" FAGARAS\tBra\u0219ov"}