{"specializari": {"TEHNICIAN MECATRONIST": 2, "TEHNICIAN PROIECTANT CAD": 12, "TEHNICIAN PRELUCRARI MECANICE": 3, "TEHNICIAN OPERATOR TEHNICA DE CALCUL": 6, "STIINTE ALE NATURII": 1, "TEHNICIAN IN ACTIVITATI ECONOMICE": 26}, "limba_moderna": {"LIMBA FRANCEZA": 19, "LIMBA ENGLEZA": 31}, "limba_materna": {"LIMBA ROMANA": 50}, "promotie_anterioara": {"DA": 14, "NU": 36}, "materii": {"LIMBA ROMANA": {"medie": 6.065306122448979, "reusita": 88.0, "cnt": 50}, "MATEMATICA TEHN": {"medie": 5.374468085106383, "reusita": 69.38775510204081, "cnt": 49}, "BIOLOGIE VEGETALA SI ANIMALA": {"medie": 5.515, "reusita": 56.52173913043478, "cnt": 23}, "GENERAL": {"medie": 6.038888888888888, "reusita": 48.0, "cnt": 50}, "GEOGRAFIE": {"medie": 7.254166666666666, "reusita": 83.33333333333334, "cnt": 12}, "MATEMATICA ST-NAT": {"medie": "-", "reusita": 0.0, "cnt": 1}, "CHIMIE ORGANICA TEH NIVEL I/II": {"medie": 5.3, "reusita": 100.0, "cnt": 1}, "LOGICA, ARGUMENTARE SI COMUNICARE": {"medie": 7.439285714285714, "reusita": 85.71428571428571, "cnt": 14}}, "nume": "COLEGIUL TEHNIC \"ION D. LAZARESCU\" CUGIR\tAlba"}