{"specializari": {"TEHNICIAN IN ACTIVITATI DE COMERT": 34, "TEHNICIAN IN ACTIVITATI ECONOMICE": 117, "TEHNICIAN IN ADMINISTRATIE": 30, "TEHNICIAN IN HOTELARIE": 1, "TEHNICIAN IN ACHIZITII SI CONTRACTARI": 31, "ORGANIZATOR BANQUETING": 1, "TEHNICIAN IN TURISM": 27, "TEHNICIAN IN GASTRONOMIE": 24}, "limba_moderna": {"LIMBA ENGLEZA": 257, "LIMBA FRANCEZA": 8}, "limba_materna": {"LIMBA ROMANA": 265}, "promotie_anterioara": {"DA": 13, "NU": 252}, "materii": {"LIMBA ROMANA": {"medie": 7.04433962264151, "reusita": 92.45283018867924, "cnt": 265}, "MATEMATICA TEHN": {"medie": 6.667234848484849, "reusita": 84.52830188679246, "cnt": 265}, "GENERAL": {"medie": 7.360329531051964, "reusita": 77.73584905660378, "cnt": 265}, "GEOGRAFIE": {"medie": 8.3302, "reusita": 96.8, "cnt": 250}, "LOGICA, ARGUMENTARE SI COMUNICARE": {"medie": 8.233333333333333, "reusita": 100.0, "cnt": 9}, "ECONOMIE": {"medie": 8.133333333333335, "reusita": 100.0, "cnt": 6}}, "nume": "COLEGIUL ECONOMIC \"ION GHICA\" TARGOVISTE\tD\u00e2mbovi\u021ba"}