{"specializari": {"MATEMATICA-INFORMATICA": 163, "FILOLOGIE": 27, "STIINTE SOCIALE": 28, "STIINTE ALE NATURII": 35}, "limba_moderna": {"LIMBA ENGLEZA": 234, "LIMBA FRANCEZA": 13, "LIMBA GERMANA MODERNA": 6}, "limba_materna": {"LIMBA ROMANA": 253}, "promotie_anterioara": {"NU": 253}, "materii": {"LIMBA ROMANA": {"medie": 8.886956521739132, "reusita": 100.0, "cnt": 253}, "GENERAL": {"medie": 9.10223978919631, "reusita": 100.0, "cnt": 253}, "GEOGRAFIE": {"medie": 9.677272727272728, "reusita": 100.0, "cnt": 11}, "ANATOMIE SI FIZIOLOGIE UMANA, GENETICA SI ECOLOGIE UMANA": {"medie": 8.987894736842103, "reusita": 100.0, "cnt": 95}, "MATEMATICA ST-NAT": {"medie": 9.225714285714288, "reusita": 100.0, "cnt": 35}, "MATEMATICA MATE-INFO": {"medie": 9.244171779141105, "reusita": 100.0, "cnt": 163}, "ISTORIE": {"medie": 8.822727272727272, "reusita": 100.0, "cnt": 55}, "LOGICA, ARGUMENTARE SI COMUNICARE": {"medie": 9.397142857142857, "reusita": 100.0, "cnt": 35}, "FIZICA TEO": {"medie": 9.452307692307691, "reusita": 100.0, "cnt": 65}, "INFORMATICA MI C/C++": {"medie": 9.348529411764707, "reusita": 100.0, "cnt": 34}, "CHIMIE ORGANICA TEO NIVEL I/II": {"medie": 9.5125, "reusita": 100.0, "cnt": 4}, "PSIHOLOGIE": {"medie": 9.6, "reusita": 100.0, "cnt": 3}, "ECONOMIE": {"medie": 9.491666666666665, "reusita": 100.0, "cnt": 6}}, "nume": "COLEGIUL NATIONAL \"FRATII BUZESTI\" CRAIOVA\tDolj"}