{"specializari": {"STIINTE ALE NATURII": 2, "INVATATOR - EDUCATOARE": 57, "FILOLOGIE": 33, "STIINTE SOCIALE": 33}, "limba_moderna": {"LIMBA ENGLEZA": 117, "LIMBA FRANCEZA": 8}, "limba_materna": {"LIMBA ROMANA": 125}, "promotie_anterioara": {"DA": 2, "NU": 123}, "materii": {"LIMBA ROMANA": {"medie": 8.335080645161293, "reusita": 99.2, "cnt": 125}, "BIOLOGIE VEGETALA SI ANIMALA": {"medie": 6.1, "reusita": 100.0, "cnt": 1}, "GENERAL": {"medie": 8.582123655913977, "reusita": 97.6, "cnt": 125}, "GEOGRAFIE": {"medie": 8.1, "reusita": 100.0, "cnt": 1}, "ANATOMIE SI FIZIOLOGIE UMANA, GENETICA SI ECOLOGIE UMANA": {"medie": 6.45, "reusita": 100.0, "cnt": 1}, "MATEMATICA PED": {"medie": 8.35982142857143, "reusita": 98.24561403508771, "cnt": 57}, "MATEMATICA ST-NAT": {"medie": 4.6, "reusita": 50.0, "cnt": 2}, "ISTORIE": {"medie": 8.313636363636364, "reusita": 100.0, "cnt": 66}, "LOGICA, ARGUMENTARE SI COMUNICARE": {"medie": 9.192561983471077, "reusita": 99.18032786885246, "cnt": 122}}, "nume": "COLEGIUL NATIONAL PEDAGOGIC \"CAROL I\" CAMPULUNG\tArge\u0219"}