{"specializari": {"TEHNICIAN MECATRONIST": 2, "TEHNICIAN MECANIC PENTRU INTRETINERE SI REPARATII": 3, "TEHNICIAN PROIECTANT CAD": 8, "TEHNICIAN IN INSTALATII ELECTRICE": 2, "LICEU CU PROGRAM SPORTIV": 15, "TEHNICIAN IN ACTIVITATI DE COMERT": 7}, "limba_moderna": {"LIMBA ENGLEZA": 37}, "limba_materna": {"LIMBA ROMANA": 37}, "promotie_anterioara": {"DA": 18, "NU": 19}, "materii": {"LIMBA ROMANA": {"medie": 5.057142857142857, "reusita": 72.97297297297297, "cnt": 37}, "MATEMATICA TEHN": {"medie": 4.089473684210526, "reusita": 45.45454545454545, "cnt": 22}, "BIOLOGIE VEGETALA SI ANIMALA": {"medie": 4.375, "reusita": 44.44444444444444, "cnt": 9}, "GENERAL": {"medie": 4.955376344086022, "reusita": 18.91891891891892, "cnt": 37}, "GEOGRAFIE": {"medie": 5.317857142857142, "reusita": 62.5, "cnt": 16}, "FIZICA TEH": {"medie": 2.8, "reusita": 0.0, "cnt": 3}, "ISTORIE": {"medie": 6.129999999999999, "reusita": 86.66666666666667, "cnt": 15}, "CHIMIE ANORGANICA TEH NIVEL I/II": {"medie": 4.033333333333333, "reusita": 33.33333333333333, "cnt": 3}, "LOGICA, ARGUMENTARE SI COMUNICARE": {"medie": 6.574999999999999, "reusita": 83.33333333333334, "cnt": 6}}, "nume": "COLEGIUL TEHNIC MECANIC \"GRIVITA\"\tBucure\u0219ti"}