{"specializari": {"STIINTE ALE NATURII": 32, "STIINTE SOCIALE": 1, "MATEMATICA-INFORMATICA": 30, "FILOLOGIE": 30}, "limba_moderna": {"LIMBA ENGLEZA": 88, "LIMBA FRANCEZA": 5}, "limba_materna": {"LIMBA ROMANA": 93}, "promotie_anterioara": {"DA": 4, "NU": 89}, "materii": {"LIMBA ROMANA": {"medie": 8.1005376344086, "reusita": 98.9247311827957, "cnt": 93}, "GENERAL": {"medie": 8.02463768115942, "reusita": 89.24731182795699, "cnt": 93}, "GEOGRAFIE": {"medie": 8.1, "reusita": 100.0, "cnt": 1}, "ANATOMIE SI FIZIOLOGIE UMANA, GENETICA SI ECOLOGIE UMANA": {"medie": 7.954411764705882, "reusita": 97.14285714285714, "cnt": 35}, "MATEMATICA ST-NAT": {"medie": 6.4171875, "reusita": 90.625, "cnt": 32}, "MATEMATICA MATE-INFO": {"medie": 9.080000000000002, "reusita": 100.0, "cnt": 30}, "ISTORIE": {"medie": 7.275806451612903, "reusita": 90.32258064516128, "cnt": 31}, "LOGICA, ARGUMENTARE SI COMUNICARE": {"medie": 8.375925925925927, "reusita": 100.0, "cnt": 27}, "FIZICA TEO": {"medie": 9.566666666666666, "reusita": 100.0, "cnt": 6}, "INFORMATICA MI C/C++": {"medie": 8.514705882352942, "reusita": 100.0, "cnt": 17}, "CHIMIE ANORGANICA TEO NIVEL I/II": {"medie": 8.1, "reusita": 100.0, "cnt": 1}, "CHIMIE ORGANICA TEO NIVEL I/II": {"medie": 9.616666666666667, "reusita": 100.0, "cnt": 3}, "PSIHOLOGIE": {"medie": 7.733333333333333, "reusita": 100.0, "cnt": 3}}, "nume": "COLEGIUL NATIONAL \"TITU MAIORESCU\" AIUD\tAlba"}