{"specializari": {"TEHNICIAN DESENATOR PENTRU CONSTRUCTII SI INSTALATII": 12, "TEHNICIAN MECATRONIST": 19, "LICEU CU PROGRAM SPORTIV": 29, "TEHNICIAN ELECTRICIAN/ELECTRONIST AUTO": 1, "TEHNICIAN MECANIC PENTRU INTRETINERE SI REPARATII": 1, "TEHNICIAN IN INSTALATII ELECTRICE": 5, "TEHNICIAN IN CONSTRUCTII SI LUCRARI PUBLICE": 1, "TEHNICIAN PRELUCRARI PE MASINI CU COMANDA NUMERICA": 6}, "limba_moderna": {"LIMBA ENGLEZA": 68, "LIMBA FRANCEZA": 6}, "limba_materna": {"LIMBA ROMANA": 74}, "promotie_anterioara": {"DA": 29, "NU": 45}, "materii": {"LIMBA ROMANA": {"medie": 6.081944444444445, "reusita": 85.13513513513513, "cnt": 74}, "MATEMATICA TEHN": {"medie": 4.728571428571429, "reusita": 55.55555555555556, "cnt": 45}, "BIOLOGIE VEGETALA SI ANIMALA": {"medie": 4.831944444444444, "reusita": 52.63157894736842, "cnt": 38}, "GENERAL": {"medie": 5.963725490196077, "reusita": 45.94594594594595, "cnt": 74}, "GEOGRAFIE": {"medie": 7.738, "reusita": 100.0, "cnt": 25}, "ANATOMIE SI FIZIOLOGIE UMANA, GENETICA SI ECOLOGIE UMANA": {"medie": 4.883333333333333, "reusita": 33.33333333333333, "cnt": 3}, "FIZICA TEH": {"medie": 5.95, "reusita": 100.0, "cnt": 2}, "ISTORIE": {"medie": 6.717241379310345, "reusita": 100.0, "cnt": 29}, "CHIMIE ANORGANICA TEH NIVEL I/II": {"medie": 6.5, "reusita": 50.0, "cnt": 2}, "LOGICA, ARGUMENTARE SI COMUNICARE": {"medie": 8.2, "reusita": 100.0, "cnt": 4}}, "nume": "COLEGIUL TEHNIC \"ANGHEL SALIGNY\" BAIA MARE\tMaramure\u0219"}