{"specializari": {"FILOLOGIE": 106, "STIINTE SOCIALE": 35, "MATEMATICA-INFORMATICA": 61, "STIINTE ALE NATURII": 31, "INVATATOR - EDUCATOARE": 25}, "limba_moderna": {"LIMBA FRANCEZA": 30, "LIMBA ENGLEZA": 228}, "limba_materna": {"LIMBA ROMANA": 258}, "promotie_anterioara": {"DA": 3, "NU": 255}, "materii": {"LIMBA ROMANA": {"medie": 8.269573643410855, "reusita": 99.6124031007752, "cnt": 258}, "GENERAL": {"medie": 8.240245478036174, "reusita": 96.89922480620154, "cnt": 258}, "GEOGRAFIE": {"medie": 8.56263157894737, "reusita": 98.94736842105263, "cnt": 95}, "ANATOMIE SI FIZIOLOGIE UMANA, GENETICA SI ECOLOGIE UMANA": {"medie": 8.253448275862068, "reusita": 100.0, "cnt": 58}, "MATEMATICA PED": {"medie": 9.262000000000002, "reusita": 100.0, "cnt": 25}, "MATEMATICA ST-NAT": {"medie": 8.801612903225807, "reusita": 100.0, "cnt": 31}, "MATEMATICA MATE-INFO": {"medie": 8.23360655737705, "reusita": 100.0, "cnt": 61}, "ISTORIE": {"medie": 7.580141843971632, "reusita": 99.29078014184397, "cnt": 141}, "LOGICA, ARGUMENTARE SI COMUNICARE": {"medie": 9.581578947368422, "reusita": 100.0, "cnt": 19}, "SOCIOLOGIE": {"medie": 7.436666666666668, "reusita": 100.0, "cnt": 45}, "FIZICA TEO": {"medie": 8.680000000000001, "reusita": 100.0, "cnt": 5}, "INFORMATICA MI C/C++": {"medie": 8.646153846153844, "reusita": 100.0, "cnt": 26}, "CHIMIE ORGANICA TEO NIVEL I/II": {"medie": 9.299999999999999, "reusita": 100.0, "cnt": 3}, "FILOSOFIE": {"medie": 9.0, "reusita": 100.0, "cnt": 1}, "PSIHOLOGIE": {"medie": 8.733333333333333, "reusita": 100.0, "cnt": 3}, "ECONOMIE": {"medie": 9.6, "reusita": 100.0, "cnt": 3}}, "nume": "COLEGIUL NATIONAL \"SPIRU HARET\" TG-JIU\tGorj"}