{"specializari": {"TEHNICIAN ANALIZE PRODUSE ALIMENTARE": 1, "TEHNICIAN IN GASTRONOMIE": 27, "TEHNICIAN IN INDUSTRIA ALIMENTARA": 10}, "limba_moderna": {"LIMBA ENGLEZA": 37, "LIMBA FRANCEZA": 1}, "limba_materna": {"LIMBA ROMANA": 38}, "promotie_anterioara": {"DA": 9, "NU": 29}, "materii": {"LIMBA ROMANA": {"medie": 5.840540540540541, "reusita": 86.8421052631579, "cnt": 38}, "MATEMATICA TEHN": {"medie": 5.59264705882353, "reusita": 76.31578947368422, "cnt": 38}, "BIOLOGIE VEGETALA SI ANIMALA": {"medie": 4.575, "reusita": 75.0, "cnt": 4}, "GENERAL": {"medie": 5.853030303030302, "reusita": 39.473684210526315, "cnt": 38}, "GEOGRAFIE": {"medie": 6.919999999999999, "reusita": 93.33333333333333, "cnt": 15}, "ANATOMIE SI FIZIOLOGIE UMANA, GENETICA SI ECOLOGIE UMANA": {"medie": 6.909999999999999, "reusita": 83.33333333333334, "cnt": 6}, "CHIMIE ANORGANICA TEH NIVEL I/II": {"medie": 7.05, "reusita": 100.0, "cnt": 1}, "LOGICA, ARGUMENTARE SI COMUNICARE": {"medie": 5.418181818181818, "reusita": 58.333333333333336, "cnt": 12}}, "nume": "COLEGIUL TEHNIC \"RALUCA RIPAN\" CLUJ-NAPOCA\tCluj"}