{"specializari": {"STIINTE ALE NATURII": 32, "STIINTE SOCIALE": 31, "FILOLOGIE": 33, "INVATATOR - EDUCATOARE": 29, "MATEMATICA-INFORMATICA": 62}, "limba_moderna": {"LIMBA ENGLEZA": 168, "LIMBA FRANCEZA": 19}, "limba_materna": {"LIMBA ROMANA": 187}, "promotie_anterioara": {"DA": 1, "NU": 186}, "materii": {"LIMBA ROMANA": {"medie": 8.835294117647054, "reusita": 100.0, "cnt": 187}, "BIOLOGIE VEGETALA SI ANIMALA": {"medie": 8.3, "reusita": 100.0, "cnt": 1}, "GENERAL": {"medie": 8.885115864527632, "reusita": 98.93048128342245, "cnt": 187}, "GEOGRAFIE": {"medie": 9.184615384615386, "reusita": 100.0, "cnt": 13}, "ANATOMIE SI FIZIOLOGIE UMANA, GENETICA SI ECOLOGIE UMANA": {"medie": 8.563333333333333, "reusita": 100.0, "cnt": 30}, "MATEMATICA PED": {"medie": 9.332758620689654, "reusita": 100.0, "cnt": 29}, "MATEMATICA ST-NAT": {"medie": 8.99375, "reusita": 96.875, "cnt": 32}, "MATEMATICA MATE-INFO": {"medie": 8.995967741935486, "reusita": 100.0, "cnt": 62}, "ISTORIE": {"medie": 8.2109375, "reusita": 98.4375, "cnt": 64}, "LOGICA, ARGUMENTARE SI COMUNICARE": {"medie": 9.069298245614037, "reusita": 98.24561403508771, "cnt": 57}, "SOCIOLOGIE": {"medie": 7.35, "reusita": 100.0, "cnt": 2}, "FIZICA TEO": {"medie": 9.408928571428572, "reusita": 100.0, "cnt": 28}, "INFORMATICA MI C/C++": {"medie": 8.643749999999999, "reusita": 100.0, "cnt": 16}, "CHIMIE ORGANICA TEO NIVEL I/II": {"medie": 9.686842105263157, "reusita": 100.0, "cnt": 19}, "PSIHOLOGIE": {"medie": 8.742857142857144, "reusita": 100.0, "cnt": 14}, "ECONOMIE": {"medie": 9.457142857142857, "reusita": 100.0, "cnt": 7}}, "nume": "COLEGIUL NATIONAL DE INFORMATICA MATEI BASARAB, MUN. RM. VALCEA\tV\u00e2lcea"}