{"specializari": {"FILOLOGIE": 34, "STIINTE SOCIALE": 37, "INVATATOR - EDUCATOARE": 28, "MATEMATICA-INFORMATICA": 32}, "limba_moderna": {"LIMBA ENGLEZA": 130, "LIMBA GERMANA MODERNA": 1}, "limba_materna": {"LIMBA ROMANA": 131}, "promotie_anterioara": {"DA": 2, "NU": 129}, "materii": {"LIMBA ROMANA": {"medie": 8.341221374045801, "reusita": 98.47328244274809, "cnt": 131}, "GENERAL": {"medie": 8.641348600508909, "reusita": 98.47328244274809, "cnt": 131}, "GEOGRAFIE": {"medie": 8.950000000000001, "reusita": 100.0, "cnt": 17}, "ANATOMIE SI FIZIOLOGIE UMANA, GENETICA SI ECOLOGIE UMANA": {"medie": 8.9375, "reusita": 100.0, "cnt": 8}, "MATEMATICA PED": {"medie": 8.823214285714284, "reusita": 100.0, "cnt": 28}, "MATEMATICA MATE-INFO": {"medie": 8.342187499999998, "reusita": 100.0, "cnt": 32}, "ISTORIE": {"medie": 8.747183098591554, "reusita": 100.0, "cnt": 71}, "LOGICA, ARGUMENTARE SI COMUNICARE": {"medie": 9.249253731343282, "reusita": 100.0, "cnt": 67}, "SOCIOLOGIE": {"medie": 8.304166666666665, "reusita": 100.0, "cnt": 12}, "FIZICA TEO": {"medie": 8.175, "reusita": 100.0, "cnt": 2}, "INFORMATICA MI C/C++": {"medie": 8.219999999999999, "reusita": 100.0, "cnt": 20}, "CHIMIE ANORGANICA TEO NIVEL I/II": {"medie": 8.55, "reusita": 100.0, "cnt": 2}, "PSIHOLOGIE": {"medie": 9.15, "reusita": 100.0, "cnt": 3}}, "nume": "COLEGIUL NATIONAL \"PREPARANDIA-DIMITRIE TICHINDEAL\" ARAD\tArad"}