{"specializari": {"TEHNICIAN IN TURISM": 9, "TEHNICIAN MECATRONIST": 1, "MATEMATICA-INFORMATICA": 1, "TEHNICIAN ECOLOG SI PROTECTIA CALITATII MEDIULUI": 4, "TEHNICIAN IN CHIMIE INDUSTRIALA": 2}, "limba_moderna": {"LIMBA ENGLEZA": 17}, "limba_materna": {"LIMBA ROMANA": 17}, "promotie_anterioara": {"DA": 13, "NU": 4}, "materii": {"LIMBA ROMANA": {"medie": 5.20625, "reusita": 76.47058823529412, "cnt": 17}, "MATEMATICA TEHN": {"medie": 3.683333333333333, "reusita": 43.75, "cnt": 16}, "BIOLOGIE VEGETALA SI ANIMALA": {"medie": 4.235714285714286, "reusita": 42.857142857142854, "cnt": 7}, "GENERAL": {"medie": 4.761111111111111, "reusita": 17.647058823529413, "cnt": 17}, "GEOGRAFIE": {"medie": 6.633333333333334, "reusita": 100.0, "cnt": 9}, "MATEMATICA MATE-INFO": {"medie": 5.1, "reusita": 100.0, "cnt": 1}, "CHIMIE ORGANICA TEH NIVEL I/II": {"medie": 2.0, "reusita": 0.0, "cnt": 1}}, "nume": "COLEGIUL TEHNIC \"DR. ALEXANDRU BARBAT\" VICTORIA\tBra\u0219ov"}