{"specializari": {"TEHNICIAN IN AGROTURISM": 9, "TEHNICIAN ZOOTEHNIST": 2, "TEHNICIAN VETERINAR": 9, "TEHNICIAN IN ACTIVITATI DE COMERT": 4, "TEHNICIAN AGROMONTAN": 3, "TEHNICIAN IN INDUSTRIA ALIMENTARA": 1}, "limba_moderna": {"LIMBA ENGLEZA": 23, "LIMBA FRANCEZA": 5}, "limba_materna": {"LIMBA ROMANA": 28}, "promotie_anterioara": {"DA": 19, "NU": 9}, "materii": {"LIMBA ROMANA": {"medie": 5.338000000000001, "reusita": 67.85714285714286, "cnt": 28}, "MATEMATICA TEHN": {"medie": 3.693749999999999, "reusita": 42.857142857142854, "cnt": 28}, "BIOLOGIE VEGETALA SI ANIMALA": {"medie": 6.875, "reusita": 100.0, "cnt": 2}, "GENERAL": {"medie": 4.776666666666667, "reusita": 14.285714285714285, "cnt": 28}, "GEOGRAFIE": {"medie": 5.583333333333333, "reusita": 25.0, "cnt": 4}, "ANATOMIE SI FIZIOLOGIE UMANA, GENETICA SI ECOLOGIE UMANA": {"medie": 4.833333333333332, "reusita": 45.0, "cnt": 20}, "CHIMIE ANORGANICA TEH NIVEL I/II": {"medie": 4.65, "reusita": 50.0, "cnt": 2}}, "nume": "COLEGIUL PENTRU AGRICULTURA SI INDUSTRIE ALIMENTARA \"TARA BARSEI\" PREJMER\tBra\u0219ov"}