{"specializari": {"MATEMATICA-INFORMATICA": 30, "STIINTE SOCIALE": 27, "STIINTE ALE NATURII": 21, "FILOLOGIE": 27}, "limba_moderna": {"LIMBA ENGLEZA": 103, "LIMBA FRANCEZA": 2}, "limba_materna": {"LIMBA ROMANA": 105}, "promotie_anterioara": {"DA": 4, "NU": 101}, "materii": {"LIMBA ROMANA": {"medie": 7.192380952380954, "reusita": 91.42857142857143, "cnt": 105}, "GENERAL": {"medie": 7.439841269841273, "reusita": 81.9047619047619, "cnt": 105}, "GEOGRAFIE": {"medie": 8.334615384615383, "reusita": 98.07692307692307, "cnt": 52}, "ANATOMIE SI FIZIOLOGIE UMANA, GENETICA SI ECOLOGIE UMANA": {"medie": 8.34814814814815, "reusita": 100.0, "cnt": 27}, "MATEMATICA ST-NAT": {"medie": 6.0547619047619055, "reusita": 76.19047619047619, "cnt": 21}, "MATEMATICA MATE-INFO": {"medie": 8.513333333333332, "reusita": 96.66666666666667, "cnt": 30}, "ISTORIE": {"medie": 6.312037037037038, "reusita": 87.03703703703704, "cnt": 54}, "LOGICA, ARGUMENTARE SI COMUNICARE": {"medie": 9.7, "reusita": 100.0, "cnt": 2}, "INFORMATICA MI C/C++": {"medie": 8.088888888888889, "reusita": 100.0, "cnt": 18}, "CHIMIE ORGANICA TEO NIVEL I/II": {"medie": 7.1, "reusita": 80.0, "cnt": 5}, "INFORMATICA MI PASCAL": {"medie": 5.65, "reusita": 100.0, "cnt": 1}}, "nume": "COLEGIUL NATIONAL \"OCTAVIAN GOGA\" MIERCUREA CIUC\tHarghita"}