{"specializari": {"TEHNICIAN IN ACTIVITATI DE COMERT": 28, "TEHNICIAN IN GASTRONOMIE": 29, "TEHNICIAN IN ACTIVITATI ECONOMICE": 82, "TEHNICIAN IN ACHIZITII SI CONTRACTARI": 27, "ORGANIZATOR BANQUETING": 2, "TEHNICIAN IN TURISM": 25}, "limba_moderna": {"LIMBA ENGLEZA": 190, "LIMBA GERMANA MODERNA": 3}, "limba_materna": {"LIMBA ROMANA": 167, "LIMBA MAGHIARA": 26}, "promotie_anterioara": {"DA": 30, "NU": 163}, "materii": {"LIMBA ROMANA": {"medie": 5.750523560209422, "reusita": 85.49222797927462, "cnt": 193}, "MATEMATICA TEHN": {"medie": 5.553421052631581, "reusita": 70.98445595854922, "cnt": 193}, "GENERAL": {"medie": 5.964188596491231, "reusita": 46.1139896373057, "cnt": 193}, "GEOGRAFIE": {"medie": 6.467027027027025, "reusita": 82.79569892473118, "cnt": 186}, "LIMBA MAGHIARA (REAL)": {"medie": 5.851923076923077, "reusita": 84.61538461538461, "cnt": 26}, "LOGICA, ARGUMENTARE SI COMUNICARE": {"medie": 8.1, "reusita": 100.0, "cnt": 2}, "PSIHOLOGIE": {"medie": 6.68, "reusita": 100.0, "cnt": 5}}, "nume": "COLEGIUL ECONOMIC \"GHEORGHE DRAGOS\" SATU MARE\tSatu-Mare"}