{"specializari": {"TEHNICIAN IN ACTIVITATI ECONOMICE": 23, "TEHNICIAN IN GASTRONOMIE": 15, "COAFOR STILIST": 18}, "limba_moderna": {"LIMBA ENGLEZA": 47, "LIMBA FRANCEZA": 9}, "limba_materna": {"LIMBA ROMANA": 56}, "promotie_anterioara": {"DA": 11, "NU": 45}, "materii": {"LIMBA ROMANA": {"medie": 5.701818181818181, "reusita": 75.0, "cnt": 56}, "MATEMATICA TEHN": {"medie": 4.529464285714286, "reusita": 42.857142857142854, "cnt": 56}, "GENERAL": {"medie": 5.830246913580246, "reusita": 33.92857142857143, "cnt": 56}, "GEOGRAFIE": {"medie": 7.250000000000001, "reusita": 94.54545454545455, "cnt": 55}, "LOGICA, ARGUMENTARE SI COMUNICARE": {"medie": 5.0, "reusita": 100.0, "cnt": 1}}, "nume": "COLEGIUL TEHNIC \"ION HOLBAN\", IASI\tIa\u0219i"}