{"specializari": {"MATEMATICA-INFORMATICA": 95, "STIINTE SOCIALE": 33, "STIINTE ALE NATURII": 60}, "limba_moderna": {"LIMBA ENGLEZA": 174, "LIMBA SPANIOLA": 1, "LIMBA FRANCEZA": 7, "LIMBA GERMANA MODERNA": 6}, "limba_materna": {"LIMBA ROMANA": 188}, "promotie_anterioara": {"NU": 188}, "materii": {"LIMBA ROMANA": {"medie": 8.921010638297876, "reusita": 99.46808510638297, "cnt": 188}, "BIOLOGIE VEGETALA SI ANIMALA": {"medie": 8.8, "reusita": 100.0, "cnt": 1}, "GENERAL": {"medie": 8.951152482269503, "reusita": 97.87234042553192, "cnt": 188}, "GEOGRAFIE": {"medie": 9.0875, "reusita": 100.0, "cnt": 8}, "ANATOMIE SI FIZIOLOGIE UMANA, GENETICA SI ECOLOGIE UMANA": {"medie": 8.773076923076921, "reusita": 100.0, "cnt": 65}, "MATEMATICA ST-NAT": {"medie": 8.903333333333332, "reusita": 100.0, "cnt": 60}, "MATEMATICA MATE-INFO": {"medie": 9.336315789473685, "reusita": 100.0, "cnt": 95}, "ISTORIE": {"medie": 8.27878787878788, "reusita": 100.0, "cnt": 33}, "LOGICA, ARGUMENTARE SI COMUNICARE": {"medie": 8.502631578947367, "reusita": 94.73684210526315, "cnt": 19}, "SOCIOLOGIE": {"medie": 8.7, "reusita": 100.0, "cnt": 1}, "FIZICA TEO": {"medie": 8.930555555555557, "reusita": 100.0, "cnt": 18}, "INFORMATICA MI C/C++": {"medie": 9.246739130434781, "reusita": 100.0, "cnt": 46}, "CHIMIE ANORGANICA TEO NIVEL I/II": {"medie": 8.55, "reusita": 100.0, "cnt": 1}, "CHIMIE ORGANICA TEO NIVEL I/II": {"medie": 9.066666666666665, "reusita": 95.83333333333334, "cnt": 24}, "FILOSOFIE": {"medie": 8.85, "reusita": 100.0, "cnt": 2}, "PSIHOLOGIE": {"medie": 9.5, "reusita": 100.0, "cnt": 2}, "ECONOMIE": {"medie": 6.0, "reusita": 100.0, "cnt": 1}}, "nume": "COLEGIUL NATIONAL \"STEFAN CEL MARE\" SUCEAVA\tSuceava"}