{"specializari": {"TEHNICIAN DE TELECOMUNICATII": 58, "MATEMATICA-INFORMATICA": 3, "TEHNICIAN IN TURISM": 32, "TEHNICIAN IN INSTALATII ELECTRICE": 26, "TEHNICIAN IN AUTOMATIZARI": 32, "TEHNICIAN IN ACTIVITATI DE COMERT": 3, "TEHNICIAN IN ACTIVITATI ECONOMICE": 59, "TEHNICIAN PROIECTANT CAD": 6, "TEHNICIAN IN INDUSTRIA PIELARIEI": 1, "TEHNICIAN OPERATOR TEHNICA DE CALCUL": 14, "TEHNICIAN ELECTROMECANIC": 14}, "limba_moderna": {"LIMBA ENGLEZA": 242, "LIMBA FRANCEZA": 4, "LIMBA GERMANA MODERNA": 2}, "limba_materna": {"LIMBA ROMANA": 248}, "promotie_anterioara": {"DA": 74, "NU": 174}, "materii": {"LIMBA ROMANA": {"medie": 5.6479508196721335, "reusita": 81.04838709677419, "cnt": 248}, "MATEMATICA TEHN": {"medie": 4.725319148936169, "reusita": 54.285714285714285, "cnt": 245}, "BIOLOGIE VEGETALA SI ANIMALA": {"medie": 4.6647058823529415, "reusita": 47.22222222222222, "cnt": 144}, "GENERAL": {"medie": 5.406926406926408, "reusita": 33.46774193548387, "cnt": 248}, "GEOGRAFIE": {"medie": 7.7150602409638545, "reusita": 96.51162790697676, "cnt": 86}, "ANATOMIE SI FIZIOLOGIE UMANA, GENETICA SI ECOLOGIE UMANA": {"medie": 5.8, "reusita": 50.0, "cnt": 2}, "FIZICA TEH": {"medie": 5.616666666666666, "reusita": 66.66666666666666, "cnt": 3}, "MATEMATICA MATE-INFO": {"medie": 2.85, "reusita": 33.33333333333333, "cnt": 3}, "CHIMIE ANORGANICA TEH NIVEL I/II": {"medie": 5.625, "reusita": 40.0, "cnt": 5}, "LOGICA, ARGUMENTARE SI COMUNICARE": {"medie": 9.1, "reusita": 100.0, "cnt": 1}, "PSIHOLOGIE": {"medie": 6.3500000000000005, "reusita": 100.0, "cnt": 6}, "ECONOMIE": {"medie": 7.6, "reusita": 100.0, "cnt": 1}}, "nume": "COLEGIUL TEHNIC \"EMANUIL UNGUREANU\" TIMISOARA\tTimi\u0219"}