{"specializari": {"TEHNICIAN PRELUCRARI MECANICE": 10, "TEHNICIAN PROIECTANT CAD": 3, "TEHNICIAN OPERATOR TEHNICA DE CALCUL": 1, "TEHNICIAN TRANSPORTURI": 1, "TEHNICIAN AVIATIE": 18, "TEHNICIAN MECATRONIST": 10, "COAFOR STILIST": 1, "TEHNICIAN ANALIZE PRODUSE ALIMENTARE": 5}, "limba_moderna": {"LIMBA FRANCEZA": 3, "LIMBA ENGLEZA": 46}, "limba_materna": {"LIMBA ROMANA": 49}, "promotie_anterioara": {"DA": 33, "NU": 16}, "materii": {"LIMBA ROMANA": {"medie": 5.762765957446808, "reusita": 91.83673469387756, "cnt": 49}, "MATEMATICA TEHN": {"medie": 4.583720930232559, "reusita": 44.89795918367347, "cnt": 49}, "BIOLOGIE VEGETALA SI ANIMALA": {"medie": 4.71, "reusita": 50.0, "cnt": 42}, "GENERAL": {"medie": 5.034210526315789, "reusita": 14.285714285714285, "cnt": 49}, "GEOGRAFIE": {"medie": 6.8, "reusita": 100.0, "cnt": 1}, "ANATOMIE SI FIZIOLOGIE UMANA, GENETICA SI ECOLOGIE UMANA": {"medie": 5.6125, "reusita": 100.0, "cnt": 4}, "FIZICA TEH": {"medie": 3.4, "reusita": 0.0, "cnt": 2}}, "nume": "COLEGIUL TEHNIC \"TRANSILVANIA\" BRASOV\tBra\u0219ov"}