{"specializari": {"TEHNICIAN MECATRONIST": 23, "TEHNICIAN ELECTROMECANIC": 32, "TEHNICIAN IN AUTOMATIZARI": 30, "TEHNICIAN TRANSPORTURI": 1, "TEHNICIAN IN ACTIVITATI ECONOMICE": 64, "TEHNICIAN PRELUCRARI PE MASINI CU COMANDA NUMERICA": 20, "TEHNICIAN DE TELECOMUNICATII": 5, "MATEMATICA-INFORMATICA": 53, "TEHNICIAN IN INSTALATII ELECTRICE": 24}, "limba_moderna": {"LIMBA ENGLEZA": 246, "LIMBA FRANCEZA": 5, "LIMBA GERMANA MODERNA": 1}, "limba_materna": {"LIMBA ROMANA": 252}, "promotie_anterioara": {"DA": 29, "NU": 223}, "materii": {"LIMBA ROMANA": {"medie": 7.280200000000001, "reusita": 95.23809523809523, "cnt": 252}, "MATEMATICA TEHN": {"medie": 5.736410256410259, "reusita": 71.85929648241206, "cnt": 199}, "BIOLOGIE VEGETALA SI ANIMALA": {"medie": 5.84090909090909, "reusita": 68.31683168316832, "cnt": 101}, "GENERAL": {"medie": 6.783401084010845, "reusita": 64.28571428571429, "cnt": 252}, "GEOGRAFIE": {"medie": 7.95725806451613, "reusita": 98.38709677419355, "cnt": 62}, "ANATOMIE SI FIZIOLOGIE UMANA, GENETICA SI ECOLOGIE UMANA": {"medie": 8.102272727272727, "reusita": 100.0, "cnt": 22}, "FIZICA TEH": {"medie": 7.109259259259259, "reusita": 96.29629629629629, "cnt": 27}, "MATEMATICA MATE-INFO": {"medie": 7.413461538461537, "reusita": 92.45283018867924, "cnt": 53}, "CHIMIE ANORGANICA TEH NIVEL I/II": {"medie": 6.485714285714287, "reusita": 85.71428571428571, "cnt": 7}, "FIZICA TEO": {"medie": 7.345454545454545, "reusita": 91.66666666666666, "cnt": 12}, "INFORMATICA MI C/C++": {"medie": 7.626470588235295, "reusita": 94.11764705882352, "cnt": 17}, "CHIMIE ANORGANICA TEO NIVEL I/II": {"medie": 7.375, "reusita": 100.0, "cnt": 2}, "PSIHOLOGIE": {"medie": 9.1, "reusita": 100.0, "cnt": 2}}, "nume": "COLEGIUL TEHNIC \"ALESANDRU PAPIU ILARIAN\" ZALAU\tS\u0103laj"}