{"specializari": {"TEHNICIAN DE TELECOMUNICATII": 39, "TEHNICIAN OPERATOR TEHNICA DE CALCUL": 29, "TEHNICIAN ELECTRONIST": 3, "TEHNICIAN OPERATOR PROCESARE TEXT IMAGINE": 10, "TEHNICIAN ELECTRICIAN/ELECTRONIST AUTO": 1, "TEHNICIAN MECATRONIST": 2, "TEHNICIAN IN ACTIVITATI DE POSTA": 27, "TEHNICIAN ELECTROMECANIC": 1}, "limba_moderna": {"LIMBA ENGLEZA": 111, "LIMBA FRANCEZA": 1}, "limba_materna": {"LIMBA ROMANA": 112}, "promotie_anterioara": {"DA": 19, "NU": 93}, "materii": {"LIMBA ROMANA": {"medie": 6.737946428571429, "reusita": 93.75, "cnt": 112}, "MATEMATICA TEHN": {"medie": 6.8959090909090905, "reusita": 86.60714285714286, "cnt": 112}, "BIOLOGIE VEGETALA SI ANIMALA": {"medie": 5.951190476190477, "reusita": 74.4186046511628, "cnt": 43}, "GENERAL": {"medie": 6.948470948012234, "reusita": 68.75, "cnt": 112}, "GEOGRAFIE": {"medie": 7.913636363636366, "reusita": 100.0, "cnt": 22}, "FIZICA TEH": {"medie": 7.644117647058825, "reusita": 94.11764705882352, "cnt": 34}, "CHIMIE ANORGANICA TEH NIVEL I/II": {"medie": 7.0625, "reusita": 100.0, "cnt": 8}, "LOGICA, ARGUMENTARE SI COMUNICARE": {"medie": 9.18, "reusita": 100.0, "cnt": 5}}, "nume": "COLEGIUL TEHNIC DE COMUNICATII \"AUGUSTIN MAIOR\" CLUJ-NAPOCA\tCluj"}