{"specializari": {"STIINTE ALE NATURII": 98, "MATEMATICA-INFORMATICA": 88}, "limba_moderna": {"LIMBA ENGLEZA": 145, "LIMBA GERMANA MODERNA": 21, "LIMBA FRANCEZA": 20}, "limba_materna": {"LIMBA ROMANA": 186}, "promotie_anterioara": {"DA": 1, "NU": 185}, "materii": {"LIMBA ROMANA": {"medie": 9.148118279569893, "reusita": 100.0, "cnt": 186}, "BIOLOGIE VEGETALA SI ANIMALA": {"medie": 10.0, "reusita": 100.0, "cnt": 1}, "GENERAL": {"medie": 9.222759856630825, "reusita": 99.46236559139786, "cnt": 186}, "ANATOMIE SI FIZIOLOGIE UMANA, GENETICA SI ECOLOGIE UMANA": {"medie": 9.003763440860213, "reusita": 100.0, "cnt": 93}, "MATEMATICA ST-NAT": {"medie": 9.164795918367346, "reusita": 98.9795918367347, "cnt": 98}, "MATEMATICA MATE-INFO": {"medie": 9.438068181818185, "reusita": 100.0, "cnt": 88}, "FIZICA TEO": {"medie": 9.465909090909088, "reusita": 100.0, "cnt": 44}, "INFORMATICA MI C/C++": {"medie": 9.239473684210527, "reusita": 100.0, "cnt": 19}, "CHIMIE ANORGANICA TEO NIVEL I/II": {"medie": 9.8, "reusita": 100.0, "cnt": 1}, "CHIMIE ORGANICA TEO NIVEL I/II": {"medie": 9.501923076923076, "reusita": 100.0, "cnt": 26}, "INFORMATICA SN C/C++": {"medie": 9.9, "reusita": 100.0, "cnt": 2}}, "nume": "COLEGIUL NATIONAL \"MIRCEA CEL BATRAN\" CONSTANTA\tConstan\u021ba"}