{"specializari": {"TEHNICIAN IN ACTIVITATI ECONOMICE": 52, "TEHNICIAN OPERATOR TEHNICA DE CALCUL": 6, "TEHNICIAN MECATRONIST": 1, "MATEMATICA-INFORMATICA": 2, "TEHNICIAN ECOLOG SI PROTECTIA CALITATII MEDIULUI": 22, "TEHNICIAN IN TURISM": 55, "TEHNICIAN DE TELECOMUNICATII": 4}, "limba_moderna": {"LIMBA FRANCEZA": 11, "LIMBA ENGLEZA": 131}, "limba_materna": {"LIMBA ROMANA": 142}, "promotie_anterioara": {"DA": 31, "NU": 111}, "materii": {"LIMBA ROMANA": {"medie": 6.066187050359713, "reusita": 90.14084507042254, "cnt": 142}, "MATEMATICA TEHN": {"medie": 4.8779411764705864, "reusita": 61.42857142857143, "cnt": 140}, "BIOLOGIE VEGETALA SI ANIMALA": {"medie": 4.235294117647058, "reusita": 27.77777777777778, "cnt": 18}, "GENERAL": {"medie": 5.8620437956204405, "reusita": 42.25352112676056, "cnt": 142}, "GEOGRAFIE": {"medie": 7.288235294117648, "reusita": 94.23076923076923, "cnt": 104}, "ANATOMIE SI FIZIOLOGIE UMANA, GENETICA SI ECOLOGIE UMANA": {"medie": 5.082142857142856, "reusita": 46.666666666666664, "cnt": 15}, "FIZICA TEH": {"medie": 5.35, "reusita": 100.0, "cnt": 1}, "MATEMATICA MATE-INFO": {"medie": 5.1, "reusita": 100.0, "cnt": 2}, "INFORMATICA MI C/C++": {"medie": 5.0, "reusita": 100.0, "cnt": 1}, "PSIHOLOGIE": {"medie": 6.516666666666667, "reusita": 66.66666666666666, "cnt": 3}}, "nume": "COLEGIUL TEHNIC \"ION MINCU\" FOCSANI\tVrancea"}