{"specializari": {"STIINTE ALE NATURII": 89, "MATEMATICA-INFORMATICA": 52, "FILOLOGIE": 31}, "limba_moderna": {"LIMBA ENGLEZA": 166, "LIMBA FRANCEZA": 5, "LIMBA GERMANA MODERNA": 1}, "limba_materna": {"LIMBA ROMANA": 172}, "promotie_anterioara": {"NU": 172}, "materii": {"LIMBA ROMANA": {"medie": 9.050581395348832, "reusita": 100.0, "cnt": 172}, "BIOLOGIE VEGETALA SI ANIMALA": {"medie": 8.3, "reusita": 100.0, "cnt": 1}, "GENERAL": {"medie": 9.059496124031002, "reusita": 99.4186046511628, "cnt": 172}, "GEOGRAFIE": {"medie": 8.935714285714287, "reusita": 100.0, "cnt": 14}, "ANATOMIE SI FIZIOLOGIE UMANA, GENETICA SI ECOLOGIE UMANA": {"medie": 9.093877551020409, "reusita": 100.0, "cnt": 49}, "MATEMATICA ST-NAT": {"medie": 9.28202247191011, "reusita": 100.0, "cnt": 89}, "MATEMATICA MATE-INFO": {"medie": 8.89423076923077, "reusita": 100.0, "cnt": 52}, "ISTORIE": {"medie": 8.917741935483873, "reusita": 100.0, "cnt": 31}, "LOGICA, ARGUMENTARE SI COMUNICARE": {"medie": 9.511111111111113, "reusita": 100.0, "cnt": 9}, "SOCIOLOGIE": {"medie": 7.56, "reusita": 100.0, "cnt": 5}, "FIZICA TEO": {"medie": 9.415, "reusita": 100.0, "cnt": 30}, "INFORMATICA MI C/C++": {"medie": 8.635937499999999, "reusita": 100.0, "cnt": 32}, "CHIMIE ANORGANICA TEO NIVEL I/II": {"medie": 9.6625, "reusita": 100.0, "cnt": 4}, "CHIMIE ORGANICA TEO NIVEL I/II": {"medie": 8.91842105263158, "reusita": 100.0, "cnt": 19}, "FILOSOFIE": {"medie": 8.9, "reusita": 100.0, "cnt": 1}, "PSIHOLOGIE": {"medie": 8.6, "reusita": 100.0, "cnt": 1}, "INFORMATICA SN C/C++": {"medie": 9.641666666666667, "reusita": 100.0, "cnt": 6}, "ECONOMIE": {"medie": 8.3, "reusita": 100.0, "cnt": 1}}, "nume": "COLEGIUL NATIONAL \"MOISE NICOARA\" ARAD\tArad"}