{"specializari": {"TEHNICIAN IN ACTIVITATI ECONOMICE": 228, "TEHNICIAN IN ADMINISTRATIE": 28, "TEHNICIAN IN ACHIZITII SI CONTRACTARI": 25}, "limba_moderna": {"LIMBA ENGLEZA": 257, "LIMBA FRANCEZA": 21, "LIMBA RUSA": 3}, "limba_materna": {"LIMBA ROMANA": 281}, "promotie_anterioara": {"DA": 6, "NU": 275}, "materii": {"LIMBA ROMANA": {"medie": 7.203790613718409, "reusita": 94.66192170818505, "cnt": 281}, "MATEMATICA TEHN": {"medie": 6.542086330935253, "reusita": 88.61209964412812, "cnt": 281}, "GENERAL": {"medie": 7.288217338217338, "reusita": 82.20640569395017, "cnt": 281}, "GEOGRAFIE": {"medie": 8.039473684210526, "reusita": 97.70114942528735, "cnt": 174}, "LOGICA, ARGUMENTARE SI COMUNICARE": {"medie": 8.176886792452828, "reusita": 98.11320754716981, "cnt": 106}, "ECONOMIE": {"medie": 6.5, "reusita": 100.0, "cnt": 1}}, "nume": "COLEGIUL ECONOMIC ADMINISTRATIV, IASI\tIa\u0219i"}