{"specializari": {"TEHNICIAN IN TURISM": 56, "TEHNICIAN IN ACTIVITATI ECONOMICE": 169}, "limba_moderna": {"LIMBA ENGLEZA": 195, "LIMBA FRANCEZA": 8, "LIMBA SPANIOLA": 15, "LIMBA CHINEZA": 4, "LIMBA TURCA MODERNA": 3}, "limba_materna": {"LIMBA ROMANA": 225}, "promotie_anterioara": {"DA": 8, "NU": 217}, "materii": {"LIMBA ROMANA": {"medie": 7.134666666666666, "reusita": 98.22222222222223, "cnt": 225}, "MATEMATICA TEHN": {"medie": 6.710267857142854, "reusita": 89.77777777777777, "cnt": 225}, "GENERAL": {"medie": 7.450297619047622, "reusita": 85.33333333333334, "cnt": 225}, "GEOGRAFIE": {"medie": 8.6, "reusita": 99.4535519125683, "cnt": 183}, "LOGICA, ARGUMENTARE SI COMUNICARE": {"medie": 8.461111111111109, "reusita": 100.0, "cnt": 18}, "PSIHOLOGIE": {"medie": 8.399999999999999, "reusita": 100.0, "cnt": 9}, "ECONOMIE": {"medie": 7.220000000000001, "reusita": 93.33333333333333, "cnt": 15}}, "nume": "COLEGIUL ECONOMIC \"A.D.XENOPOL\"\tBucure\u0219ti"}