{"specializari": {"STIINTE ALE NATURII": 90, "FILOLOGIE": 62, "STIINTE SOCIALE": 30, "MATEMATICA-INFORMATICA": 33}, "limba_moderna": {"LIMBA ENGLEZA": 203, "LIMBA FRANCEZA": 3, "LIMBA GERMANA MODERNA": 9}, "limba_materna": {"LIMBA MAGHIARA": 1, "LIMBA ROMANA": 214}, "promotie_anterioara": {"DA": 2, "NU": 213}, "materii": {"LIMBA ROMANA": {"medie": 8.805348837209296, "reusita": 100.0, "cnt": 215}, "BIOLOGIE VEGETALA SI ANIMALA": {"medie": 9.277777777777779, "reusita": 100.0, "cnt": 36}, "GENERAL": {"medie": 8.922984496124025, "reusita": 99.06976744186046, "cnt": 215}, "GEOGRAFIE": {"medie": 8.588888888888889, "reusita": 100.0, "cnt": 9}, "ANATOMIE SI FIZIOLOGIE UMANA, GENETICA SI ECOLOGIE UMANA": {"medie": 8.926923076923075, "reusita": 100.0, "cnt": 39}, "LIMBA MAGHIARA (REAL)": {"medie": 5.2, "reusita": 100.0, "cnt": 1}, "MATEMATICA ST-NAT": {"medie": 8.894444444444446, "reusita": 98.88888888888889, "cnt": 90}, "MATEMATICA MATE-INFO": {"medie": 9.168181818181818, "reusita": 100.0, "cnt": 33}, "ISTORIE": {"medie": 8.807608695652174, "reusita": 100.0, "cnt": 92}, "LOGICA, ARGUMENTARE SI COMUNICARE": {"medie": 9.168518518518518, "reusita": 100.0, "cnt": 81}, "FIZICA TEO": {"medie": 9.172727272727272, "reusita": 100.0, "cnt": 11}, "INFORMATICA MI C/C++": {"medie": 8.881818181818181, "reusita": 100.0, "cnt": 22}, "CHIMIE ORGANICA TEO NIVEL I/II": {"medie": 9.086363636363636, "reusita": 100.0, "cnt": 11}, "FILOSOFIE": {"medie": 9.2, "reusita": 100.0, "cnt": 2}, "INFORMATICA SN C/C++": {"medie": 8.15, "reusita": 100.0, "cnt": 4}}, "nume": "COLEGIUL NATIONAL \"OCTAVIAN GOGA\" SIBIU\tSibiu"}