{"specializari": {"TEHNICIAN MECANIC PENTRU INTRETINERE SI REPARATII": 18, "STIINTE ALE NATURII": 39, "TEHNICIAN IN CONSTRUCTII SI LUCRARI PUBLICE": 1, "TEHNICIAN IN SILVICULTURA SI EXPLOATARI FORESTIERE": 17, "TEHNICIAN ANALIZE PRODUSE ALIMENTARE": 15, "TEHNICIAN ECOLOG SI PROTECTIA CALITATII MEDIULUI": 54, "TEHNICIAN IN ADMINISTRATIE": 24, "TEHNICIAN IN TURISM": 58, "TEHNICIAN ELECTRICIAN/ELECTRONIST AUTO": 1, "TEHNICIAN IN ACTIVITATI ECONOMICE": 27, "TEHNICIAN IN GASTRONOMIE": 1, "TEHNICIAN OPERATOR TEHNICA DE CALCUL": 5, "TEHNICIAN AGROMONTAN": 5, "TEHNICIAN IN INSTALATII ELECTRICE": 13, "TEHNICIAN IN AUTOMATIZARI": 20, "TEHNICIAN IN AGRICULTURA": 1}, "limba_moderna": {"LIMBA ENGLEZA": 240, "LIMBA FRANCEZA": 59}, "limba_materna": {"LIMBA ROMANA": 299}, "promotie_anterioara": {"DA": 57, "NU": 242}, "materii": {"LIMBA ROMANA": {"medie": 5.905308219178079, "reusita": 77.92642140468227, "cnt": 299}, "MATEMATICA TEHN": {"medie": 4.070916334661352, "reusita": 43.07692307692308, "cnt": 260}, "BIOLOGIE VEGETALA SI ANIMALA": {"medie": 4.1080000000000005, "reusita": 32.69230769230769, "cnt": 52}, "GENERAL": {"medie": 5.436608187134503, "reusita": 30.76923076923077, "cnt": 299}, "GEOGRAFIE": {"medie": 7.042788461538461, "reusita": 91.50943396226415, "cnt": 106}, "ANATOMIE SI FIZIOLOGIE UMANA, GENETICA SI ECOLOGIE UMANA": {"medie": 6.195161290322581, "reusita": 77.34375, "cnt": 128}, "FIZICA TEH": {"medie": 4.814285714285714, "reusita": 71.42857142857143, "cnt": 7}, "MATEMATICA ST-NAT": {"medie": 5.652702702702705, "reusita": 69.23076923076923, "cnt": 39}, "CHIMIE ANORGANICA TEH NIVEL I/II": {"medie": 5.0, "reusita": 100.0, "cnt": 1}, "CHIMIE ANORGANICA TEO NIVEL I/II": {"medie": 6.55, "reusita": 100.0, "cnt": 1}, "ECONOMIE": {"medie": 4.4, "reusita": 50.0, "cnt": 4}}, "nume": "COLEGIUL TEHNIC \"ION CREANGA\", ORAS TARGU NEAMT\tNeam\u021b"}