{"specializari": {"FILOLOGIE": 60, "MATEMATICA-INFORMATICA": 58, "STIINTE ALE NATURII": 59, "STIINTE SOCIALE": 31}, "limba_moderna": {"LIMBA FRANCEZA": 55, "LIMBA ENGLEZA": 153}, "limba_materna": {"LIMBA ROMANA": 208}, "promotie_anterioara": {"DA": 1, "NU": 207}, "materii": {"LIMBA ROMANA": {"medie": 8.592307692307694, "reusita": 100.0, "cnt": 208}, "BIOLOGIE VEGETALA SI ANIMALA": {"medie": 9.5, "reusita": 100.0, "cnt": 5}, "GENERAL": {"medie": 8.95897435897436, "reusita": 99.51923076923077, "cnt": 208}, "GEOGRAFIE": {"medie": 9.2, "reusita": 100.0, "cnt": 1}, "ANATOMIE SI FIZIOLOGIE UMANA, GENETICA SI ECOLOGIE UMANA": {"medie": 8.4, "reusita": 100.0, "cnt": 7}, "MATEMATICA ST-NAT": {"medie": 9.16271186440678, "reusita": 100.0, "cnt": 59}, "MATEMATICA MATE-INFO": {"medie": 9.517241379310347, "reusita": 100.0, "cnt": 58}, "ISTORIE": {"medie": 8.656043956043957, "reusita": 100.0, "cnt": 91}, "LOGICA, ARGUMENTARE SI COMUNICARE": {"medie": 9.292968749999996, "reusita": 98.4375, "cnt": 64}, "SOCIOLOGIE": {"medie": 8.933333333333332, "reusita": 100.0, "cnt": 3}, "FIZICA TEO": {"medie": 9.345454545454546, "reusita": 100.0, "cnt": 33}, "INFORMATICA MI C/C++": {"medie": 9.075925925925926, "reusita": 100.0, "cnt": 27}, "CHIMIE ANORGANICA TEO NIVEL I/II": {"medie": 9.15, "reusita": 100.0, "cnt": 1}, "CHIMIE ORGANICA TEO NIVEL I/II": {"medie": 9.352325581395348, "reusita": 100.0, "cnt": 43}, "PSIHOLOGIE": {"medie": 9.389999999999999, "reusita": 100.0, "cnt": 10}, "INFORMATICA SN C/C++": {"medie": 8.4, "reusita": 100.0, "cnt": 1}, "ECONOMIE": {"medie": 9.13846153846154, "reusita": 100.0, "cnt": 13}}, "nume": "COLEGIUL NATIONAL \"ALEXANDRU IOAN CUZA\", MUNICIPIUL PLOIESTI\tPrahova"}