{"specializari": {"STIINTE ALE NATURII": 95, "MATEMATICA-INFORMATICA": 85, "STIINTE SOCIALE": 66, "FILOLOGIE": 28}, "limba_moderna": {"LIMBA ENGLEZA": 260, "LIMBA FRANCEZA": 14}, "limba_materna": {"LIMBA ROMANA": 274}, "promotie_anterioara": {"DA": 1, "NU": 273}, "materii": {"LIMBA ROMANA": {"medie": 9.14671532846715, "reusita": 100.0, "cnt": 274}, "BIOLOGIE VEGETALA SI ANIMALA": {"medie": 9.5125, "reusita": 100.0, "cnt": 4}, "GENERAL": {"medie": 9.276581508515822, "reusita": 99.63503649635037, "cnt": 274}, "GEOGRAFIE": {"medie": 9.643333333333334, "reusita": 100.0, "cnt": 15}, "ANATOMIE SI FIZIOLOGIE UMANA, GENETICA SI ECOLOGIE UMANA": {"medie": 9.32857142857143, "reusita": 100.0, "cnt": 21}, "MATEMATICA ST-NAT": {"medie": 9.173684210526313, "reusita": 100.0, "cnt": 95}, "MATEMATICA MATE-INFO": {"medie": 9.421764705882355, "reusita": 100.0, "cnt": 85}, "ISTORIE": {"medie": 9.115425531914894, "reusita": 100.0, "cnt": 94}, "LOGICA, ARGUMENTARE SI COMUNICARE": {"medie": 9.629999999999999, "reusita": 100.0, "cnt": 40}, "FIZICA TEO": {"medie": 9.391666666666666, "reusita": 100.0, "cnt": 54}, "INFORMATICA MI C/C++": {"medie": 9.487499999999999, "reusita": 100.0, "cnt": 12}, "CHIMIE ANORGANICA TEO NIVEL I/II": {"medie": 10.0, "reusita": 100.0, "cnt": 1}, "CHIMIE ORGANICA TEO NIVEL I/II": {"medie": 9.392441860465114, "reusita": 100.0, "cnt": 86}, "FILOSOFIE": {"medie": 9.6, "reusita": 100.0, "cnt": 1}, "PSIHOLOGIE": {"medie": 9.556249999999999, "reusita": 100.0, "cnt": 8}, "INFORMATICA SN C/C++": {"medie": 9.649999999999999, "reusita": 100.0, "cnt": 2}, "ECONOMIE": {"medie": 9.401666666666666, "reusita": 100.0, "cnt": 30}}, "nume": "COLEGIUL NATIONAL \"GHEORGHE LAZAR\"\tBucure\u0219ti"}