{"specializari": {"TEHNICIAN IN TURISM": 21, "ORGANIZATOR BANQUETING": 6, "TEHNICIAN IN ACHIZITII SI CONTRACTARI": 24, "TEHNICIAN IN ACTIVITATI ECONOMICE": 33, "TEHNICIAN IN ACTIVITATI DE COMERT": 3, "TEHNICIAN IN GASTRONOMIE": 18, "TEHNICIAN IN HOTELARIE": 23}, "limba_moderna": {"LIMBA ENGLEZA": 125, "LIMBA ITALIANA": 1, "LIMBA FRANCEZA": 2}, "limba_materna": {"LIMBA ROMANA": 128}, "promotie_anterioara": {"DA": 46, "NU": 82}, "materii": {"LIMBA ROMANA": {"medie": 5.875793650793652, "reusita": 83.59375, "cnt": 128}, "MATEMATICA TEHN": {"medie": 4.570168067226889, "reusita": 55.46875, "cnt": 128}, "GENERAL": {"medie": 5.692105263157894, "reusita": 33.59375, "cnt": 128}, "GEOGRAFIE": {"medie": 6.547826086956526, "reusita": 85.24590163934425, "cnt": 122}, "ECONOMIE": {"medie": 5.466666666666666, "reusita": 66.66666666666666, "cnt": 6}}, "nume": "COLEGIUL ECONOMIC \"HERMES\" PETROSANI\tHunedoara"}