{"specializari": {"TEHNICIAN MECANIC PENTRU INTRETINERE SI REPARATII": 3, "TEHNICIAN MECATRONIST": 8, "TEHNICIAN IN INDUSTRIA TEXTILA": 1, "TEHNICIAN IN ACTIVITATI ECONOMICE": 19, "TEHNICIAN ECOLOG SI PROTECTIA CALITATII MEDIULUI": 9, "TEHNICIAN IN INDUSTRIA ALIMENTARA": 3, "TEHNICIAN IN TURISM": 16, "TEHNICIAN IN AUTOMATIZARI": 7, "TEHNICIAN IN SILVICULTURA SI EXPLOATARI FORESTIERE": 1}, "limba_moderna": {"LIMBA FRANCEZA": 5, "LIMBA ENGLEZA": 62}, "limba_materna": {"LIMBA ROMANA": 67}, "promotie_anterioara": {"DA": 22, "NU": 45}, "materii": {"LIMBA ROMANA": {"medie": 5.881451612903225, "reusita": 76.11940298507463, "cnt": 67}, "MATEMATICA TEHN": {"medie": 4.484426229508198, "reusita": 46.26865671641791, "cnt": 67}, "BIOLOGIE VEGETALA SI ANIMALA": {"medie": 6.2375, "reusita": 78.57142857142857, "cnt": 14}, "GENERAL": {"medie": 5.682777777777778, "reusita": 29.850746268656714, "cnt": 67}, "GEOGRAFIE": {"medie": 6.910714285714286, "reusita": 80.0, "cnt": 30}, "ANATOMIE SI FIZIOLOGIE UMANA, GENETICA SI ECOLOGIE UMANA": {"medie": 4.79375, "reusita": 50.0, "cnt": 8}, "FIZICA TEH": {"medie": 7.6000000000000005, "reusita": 87.5, "cnt": 8}, "CHIMIE ANORGANICA TEH NIVEL I/II": {"medie": 5.35, "reusita": 100.0, "cnt": 2}, "PSIHOLOGIE": {"medie": 6.566666666666666, "reusita": 100.0, "cnt": 3}, "ECONOMIE": {"medie": 6.925000000000001, "reusita": 100.0, "cnt": 2}}, "nume": "COLEGIUL TEHNIC \"GHEORGHE BALS\" ADJUD\tVrancea"}