{"specializari": {"MATEMATICA-INFORMATICA": 11, "TEHNICIAN IN ACTIVITATI DE COMERT": 3, "TEHNICIAN IN ACTIVITATI ECONOMICE": 87, "TEHNICIAN IN TURISM": 19, "TEHNICIAN IN GASTRONOMIE": 9}, "limba_moderna": {"LIMBA ENGLEZA": 128, "LIMBA FRANCEZA": 1}, "limba_materna": {"LIMBA ROMANA": 129}, "promotie_anterioara": {"DA": 31, "NU": 98}, "materii": {"LIMBA ROMANA": {"medie": 6.1287401574803155, "reusita": 92.24806201550388, "cnt": 129}, "MATEMATICA TEHN": {"medie": 5.267105263157895, "reusita": 62.71186440677966, "cnt": 118}, "BIOLOGIE VEGETALA SI ANIMALA": {"medie": 6.88125, "reusita": 88.88888888888889, "cnt": 9}, "GENERAL": {"medie": 6.090771349862258, "reusita": 46.51162790697674, "cnt": 129}, "GEOGRAFIE": {"medie": 7.284666666666667, "reusita": 93.5064935064935, "cnt": 77}, "MATEMATICA MATE-INFO": {"medie": 5.654545454545453, "reusita": 72.72727272727273, "cnt": 11}, "FIZICA TEO": {"medie": 7.8, "reusita": 100.0, "cnt": 1}, "INFORMATICA MI C/C++": {"medie": 6.65, "reusita": 100.0, "cnt": 1}, "PSIHOLOGIE": {"medie": 5.521212121212121, "reusita": 64.70588235294117, "cnt": 34}, "ECONOMIE": {"medie": 6.664285714285714, "reusita": 100.0, "cnt": 7}}, "nume": "COLEGIUL ECONOMIC CALARASI\tC\u0103l\u0103ra\u0219i"}