{"specializari": {"FILOLOGIE": 82, "MATEMATICA-INFORMATICA": 58}, "limba_moderna": {"LIMBA ENGLEZA": 108, "LIMBA GERMANA MODERNA": 7, "LIMBA FRANCEZA": 25}, "limba_materna": {"LIMBA ROMANA": 140}, "promotie_anterioara": {"NU": 140}, "materii": {"LIMBA ROMANA": {"medie": 8.39642857142857, "reusita": 100.0, "cnt": 140}, "GENERAL": {"medie": 8.480357142857144, "reusita": 98.57142857142858, "cnt": 140}, "GEOGRAFIE": {"medie": 9.316666666666668, "reusita": 100.0, "cnt": 9}, "ANATOMIE SI FIZIOLOGIE UMANA, GENETICA SI ECOLOGIE UMANA": {"medie": 9.406666666666666, "reusita": 100.0, "cnt": 15}, "MATEMATICA MATE-INFO": {"medie": 8.162068965517244, "reusita": 96.55172413793103, "cnt": 58}, "ISTORIE": {"medie": 8.289634146341463, "reusita": 100.0, "cnt": 82}, "LOGICA, ARGUMENTARE SI COMUNICARE": {"medie": 8.747692307692308, "reusita": 100.0, "cnt": 65}, "FIZICA TEO": {"medie": 8.813333333333333, "reusita": 100.0, "cnt": 15}, "INFORMATICA MI C/C++": {"medie": 8.581999999999999, "reusita": 100.0, "cnt": 25}, "CHIMIE ORGANICA TEO NIVEL I/II": {"medie": 7.983333333333333, "reusita": 100.0, "cnt": 3}, "PSIHOLOGIE": {"medie": 8.714285714285714, "reusita": 100.0, "cnt": 7}, "ECONOMIE": {"medie": 7.85, "reusita": 100.0, "cnt": 1}}, "nume": "COLEGIUL NATIONAL \"ALEXANDRU IOAN CUZA\", LOCALITATEA GALATI\tGala\u021bi"}