{"specializari": {"STIINTE SOCIALE": 5, "MATEMATICA-INFORMATICA": 59, "FILOLOGIE": 27, "STIINTE ALE NATURII": 29, "INVATATOR - EDUCATOARE": 28}, "limba_moderna": {"LIMBA FRANCEZA": 18, "LIMBA ENGLEZA": 128, "LIMBA GERMANA MODERNA": 2}, "limba_materna": {"LIMBA ROMANA": 148}, "promotie_anterioara": {"DA": 7, "NU": 141}, "materii": {"LIMBA ROMANA": {"medie": 7.857823129251703, "reusita": 97.2972972972973, "cnt": 148}, "BIOLOGIE VEGETALA SI ANIMALA": {"medie": 6.658333333333334, "reusita": 100.0, "cnt": 6}, "GENERAL": {"medie": 7.727551020408163, "reusita": 87.16216216216216, "cnt": 148}, "GEOGRAFIE": {"medie": 6.984, "reusita": 92.3076923076923, "cnt": 26}, "ANATOMIE SI FIZIOLOGIE UMANA, GENETICA SI ECOLOGIE UMANA": {"medie": 8.752586206896554, "reusita": 100.0, "cnt": 58}, "MATEMATICA PED": {"medie": 6.95, "reusita": 89.28571428571429, "cnt": 28}, "MATEMATICA ST-NAT": {"medie": 8.415517241379312, "reusita": 100.0, "cnt": 29}, "MATEMATICA MATE-INFO": {"medie": 7.84322033898305, "reusita": 98.30508474576271, "cnt": 59}, "ISTORIE": {"medie": 5.725806451612903, "reusita": 87.5, "cnt": 32}, "LOGICA, ARGUMENTARE SI COMUNICARE": {"medie": 7.179687500000001, "reusita": 84.375, "cnt": 32}, "SOCIOLOGIE": {"medie": 6.65, "reusita": 100.0, "cnt": 1}, "FIZICA TEO": {"medie": 9.4, "reusita": 100.0, "cnt": 1}, "INFORMATICA MI C/C++": {"medie": 8.796153846153846, "reusita": 100.0, "cnt": 13}, "PSIHOLOGIE": {"medie": 7.6, "reusita": 100.0, "cnt": 1}, "INFORMATICA MI PASCAL": {"medie": 8.390000000000002, "reusita": 100.0, "cnt": 10}}, "nume": "COLEGIUL NATIONAL \"INOCHENTIE MICU CLAIN\" BLAJ\tAlba"}