{"specializari": {"STIINTE ALE NATURII": 35, "MATEMATICA-INFORMATICA": 75, "STIINTE SOCIALE": 33, "FILOLOGIE": 35}, "limba_moderna": {"LIMBA ENGLEZA": 153, "LIMBA FRANCEZA": 25}, "limba_materna": {"LIMBA ROMANA": 178}, "promotie_anterioara": {"DA": 11, "NU": 167}, "materii": {"LIMBA ROMANA": {"medie": 8.019943820224718, "reusita": 98.31460674157303, "cnt": 178}, "BIOLOGIE VEGETALA SI ANIMALA": {"medie": 7.478409090909091, "reusita": 97.72727272727273, "cnt": 44}, "GENERAL": {"medie": 8.087878787878784, "reusita": 91.57303370786516, "cnt": 178}, "GEOGRAFIE": {"medie": 9.162037037037036, "reusita": 100.0, "cnt": 54}, "ANATOMIE SI FIZIOLOGIE UMANA, GENETICA SI ECOLOGIE UMANA": {"medie": 8.09, "reusita": 100.0, "cnt": 5}, "MATEMATICA ST-NAT": {"medie": 8.581428571428571, "reusita": 100.0, "cnt": 35}, "MATEMATICA MATE-INFO": {"medie": 7.266216216216216, "reusita": 89.33333333333333, "cnt": 75}, "ISTORIE": {"medie": 7.347761194029851, "reusita": 98.52941176470588, "cnt": 68}, "LOGICA, ARGUMENTARE SI COMUNICARE": {"medie": 9.070833333333331, "reusita": 100.0, "cnt": 12}, "FIZICA TEO": {"medie": 8.926388888888889, "reusita": 100.0, "cnt": 36}, "INFORMATICA MI C/C++": {"medie": 9.8, "reusita": 100.0, "cnt": 1}, "CHIMIE ORGANICA TEO NIVEL I/II": {"medie": 8.929166666666667, "reusita": 100.0, "cnt": 24}, "FILOSOFIE": {"medie": 10.0, "reusita": 100.0, "cnt": 1}, "ECONOMIE": {"medie": 8.8, "reusita": 100.0, "cnt": 1}}, "nume": "COLEGIUL NATIONAL \"GEORGE COSBUC\" MOTRU\tGorj"}