{"specializari": {"INSTRUCTOR PENTRU ACTIVITATI EXTRASCOLARE": 1, "MATEMATICA-INFORMATICA": 63, "INVATATOR - EDUCATOARE": 57, "FILOLOGIE": 120}, "limba_moderna": {"LIMBA FRANCEZA": 26, "LIMBA ENGLEZA": 215}, "limba_materna": {"LIMBA ROMANA": 241}, "promotie_anterioara": {"DA": 13, "NU": 228}, "materii": {"LIMBA ROMANA": {"medie": 8.153112033195017, "reusita": 98.3402489626556, "cnt": 241}, "BIOLOGIE VEGETALA SI ANIMALA": {"medie": 7.0, "reusita": 100.0, "cnt": 8}, "GENERAL": {"medie": 8.14647302904564, "reusita": 93.3609958506224, "cnt": 241}, "GEOGRAFIE": {"medie": 8.723225806451616, "reusita": 100.0, "cnt": 155}, "ANATOMIE SI FIZIOLOGIE UMANA, GENETICA SI ECOLOGIE UMANA": {"medie": 8.375, "reusita": 97.36842105263158, "cnt": 38}, "MATEMATICA PED": {"medie": 8.20526315789474, "reusita": 100.0, "cnt": 57}, "MATEMATICA MATE-INFO": {"medie": 7.0809523809523816, "reusita": 85.71428571428571, "cnt": 63}, "ISTORIE": {"medie": 7.712396694214877, "reusita": 100.0, "cnt": 121}, "LOGICA, ARGUMENTARE SI COMUNICARE": {"medie": 8.558333333333332, "reusita": 100.0, "cnt": 6}, "SOCIOLOGIE": {"medie": 7.375, "reusita": 100.0, "cnt": 2}, "FIZICA TEO": {"medie": 9.007142857142856, "reusita": 100.0, "cnt": 14}, "INFORMATICA MI C/C++": {"medie": 9.799999999999999, "reusita": 100.0, "cnt": 3}, "PSIHOLOGIE": {"medie": 8.505555555555555, "reusita": 100.0, "cnt": 9}, "ECONOMIE": {"medie": 8.916666666666666, "reusita": 100.0, "cnt": 6}}, "nume": "COLEGIUL NATIONAL PEDAGOGIC \"MIRCEA SCARLAT\" ALEXANDRIA\tTeleorman"}