{"specializari": {"MATEMATICA-INFORMATICA": 127, "STIINTE ALE NATURII": 40, "STIINTE SOCIALE": 29, "FILOLOGIE": 30}, "limba_moderna": {"LIMBA ENGLEZA": 189, "LIMBA FRANCEZA": 37}, "limba_materna": {"LIMBA ROMANA": 226}, "promotie_anterioara": {"DA": 25, "NU": 201}, "materii": {"LIMBA ROMANA": {"medie": 7.567999999999999, "reusita": 98.67256637168141, "cnt": 226}, "BIOLOGIE VEGETALA SI ANIMALA": {"medie": 7.456910569105694, "reusita": 92.80000000000001, "cnt": 125}, "GENERAL": {"medie": 7.6268768768768735, "reusita": 83.6283185840708, "cnt": 226}, "GEOGRAFIE": {"medie": 9.041379310344826, "reusita": 100.0, "cnt": 58}, "ANATOMIE SI FIZIOLOGIE UMANA, GENETICA SI ECOLOGIE UMANA": {"medie": 8.056818181818182, "reusita": 100.0, "cnt": 22}, "MATEMATICA ST-NAT": {"medie": 5.394736842105263, "reusita": 60.0, "cnt": 40}, "MATEMATICA MATE-INFO": {"medie": 7.5352, "reusita": 94.48818897637796, "cnt": 127}, "ISTORIE": {"medie": 7.69322033898305, "reusita": 98.30508474576271, "cnt": 59}, "FIZICA TEO": {"medie": 9.078125, "reusita": 100.0, "cnt": 16}, "INFORMATICA MI C/C++": {"medie": 8.525, "reusita": 100.0, "cnt": 4}, "ECONOMIE": {"medie": 8.8, "reusita": 100.0, "cnt": 1}}, "nume": "COLEGIUL NATIONAL \"VLADIMIR STREINU\" GAESTI\tD\u00e2mbovi\u021ba"}