{"specializari": {"TEHNICIAN IN GASTRONOMIE": 34, "ORGANIZATOR BANQUETING": 25, "TEHNICIAN IN TURISM": 37, "TEHNICIAN IN ACTIVITATI ECONOMICE": 126, "TEHNICIAN IN ACTIVITATI DE COMERT": 30, "TEHNICIAN IN ADMINISTRATIE": 4}, "limba_moderna": {"LIMBA ENGLEZA": 246, "LIMBA FRANCEZA": 8, "LIMBA GERMANA MODERNA": 2}, "limba_materna": {"LIMBA ROMANA": 256}, "promotie_anterioara": {"DA": 31, "NU": 225}, "materii": {"LIMBA ROMANA": {"medie": 6.739843749999996, "reusita": 97.65625, "cnt": 256}, "MATEMATICA TEHN": {"medie": 5.7850980392156846, "reusita": 79.6875, "cnt": 256}, "GENERAL": {"medie": 6.666993464052288, "reusita": 66.40625, "cnt": 256}, "GEOGRAFIE": {"medie": 7.322142857142856, "reusita": 92.89099526066352, "cnt": 211}, "LOGICA, ARGUMENTARE SI COMUNICARE": {"medie": 8.169767441860465, "reusita": 95.34883720930233, "cnt": 43}, "ECONOMIE": {"medie": 9.075, "reusita": 100.0, "cnt": 2}}, "nume": "COLEGIUL ECONOMIC \"PARTENIE COSMA\" ORADEA\tBihor"}