{"specializari": {"FILOLOGIE": 36, "MATEMATICA-INFORMATICA": 58, "STIINTE ALE NATURII": 29}, "limba_moderna": {"LIMBA ENGLEZA": 118, "LIMBA GERMANA MODERNA": 5}, "limba_materna": {"LIMBA ROMANA": 123}, "promotie_anterioara": {"DA": 3, "NU": 120}, "materii": {"LIMBA ROMANA": {"medie": 8.45894308943089, "reusita": 100.0, "cnt": 123}, "BIOLOGIE VEGETALA SI ANIMALA": {"medie": 9.0225, "reusita": 100.0, "cnt": 20}, "GENERAL": {"medie": 8.703252032520327, "reusita": 100.0, "cnt": 123}, "GEOGRAFIE": {"medie": 8.760714285714284, "reusita": 100.0, "cnt": 14}, "ANATOMIE SI FIZIOLOGIE UMANA, GENETICA SI ECOLOGIE UMANA": {"medie": 9.080000000000002, "reusita": 100.0, "cnt": 25}, "MATEMATICA ST-NAT": {"medie": 8.675862068965516, "reusita": 100.0, "cnt": 29}, "MATEMATICA MATE-INFO": {"medie": 8.942241379310342, "reusita": 100.0, "cnt": 58}, "ISTORIE": {"medie": 8.187500000000002, "reusita": 100.0, "cnt": 36}, "LOGICA, ARGUMENTARE SI COMUNICARE": {"medie": 9.171874999999998, "reusita": 100.0, "cnt": 16}, "SOCIOLOGIE": {"medie": 8.75, "reusita": 100.0, "cnt": 2}, "FIZICA TEO": {"medie": 9.00909090909091, "reusita": 100.0, "cnt": 11}, "INFORMATICA MI C/C++": {"medie": 8.9, "reusita": 100.0, "cnt": 28}, "CHIMIE ORGANICA TEO NIVEL I/II": {"medie": 8.799999999999999, "reusita": 100.0, "cnt": 3}, "FILOSOFIE": {"medie": 9.8, "reusita": 100.0, "cnt": 1}, "PSIHOLOGIE": {"medie": 9.066666666666668, "reusita": 100.0, "cnt": 3}}, "nume": "COLEGIUL NATIONAL \"TRAIAN LALESCU\" RESITA\tCara\u0219-Severin"}