{"specializari": {"FILOLOGIE": 62, "INVATATOR - EDUCATOARE": 28, "MATEMATICA-INFORMATICA": 62, "STIINTE ALE NATURII": 31, "STIINTE SOCIALE": 29}, "limba_moderna": {"LIMBA ENGLEZA": 207, "LIMBA GERMANA MODERNA": 3, "LIMBA SPANIOLA": 1, "LIMBA FRANCEZA": 1}, "limba_materna": {"LIMBA ROMANA": 212}, "promotie_anterioara": {"DA": 6, "NU": 206}, "materii": {"LIMBA ROMANA": {"medie": 7.710613207547174, "reusita": 100.0, "cnt": 212}, "BIOLOGIE VEGETALA SI ANIMALA": {"medie": 8.366666666666667, "reusita": 100.0, "cnt": 3}, "GENERAL": {"medie": 8.04110576923077, "reusita": 95.75471698113208, "cnt": 212}, "GEOGRAFIE": {"medie": 8.406896551724138, "reusita": 98.29059829059828, "cnt": 117}, "ANATOMIE SI FIZIOLOGIE UMANA, GENETICA SI ECOLOGIE UMANA": {"medie": 8.183333333333335, "reusita": 100.0, "cnt": 48}, "MATEMATICA PED": {"medie": 7.819642857142858, "reusita": 100.0, "cnt": 28}, "MATEMATICA ST-NAT": {"medie": 8.098387096774195, "reusita": 96.7741935483871, "cnt": 31}, "MATEMATICA MATE-INFO": {"medie": 8.162500000000001, "reusita": 95.16129032258065, "cnt": 62}, "ISTORIE": {"medie": 7.963736263736264, "reusita": 100.0, "cnt": 91}, "LOGICA, ARGUMENTARE SI COMUNICARE": {"medie": 8.0, "reusita": 100.0, "cnt": 1}, "INFORMATICA MI C/C++": {"medie": 8.186904761904762, "reusita": 100.0, "cnt": 42}, "PSIHOLOGIE": {"medie": 9.35, "reusita": 100.0, "cnt": 1}}, "nume": "COLEGIUL NATIONAL \"IOAN SLAVICI\" SATU MARE\tSatu-Mare"}