{"specializari": {"MATEMATICA-INFORMATICA": 61, "STIINTE SOCIALE": 61, "STIINTE ALE NATURII": 75}, "limba_moderna": {"LIMBA ENGLEZA": 182, "LIMBA FRANCEZA": 1, "LIMBA GERMANA MODERNA": 14}, "limba_materna": {"LIMBA ROMANA": 184, "LIMBA GERMANA": 13}, "promotie_anterioara": {"DA": 2, "NU": 195}, "materii": {"LIMBA ROMANA": {"medie": 8.75612244897959, "reusita": 99.49238578680203, "cnt": 197}, "BIOLOGIE VEGETALA SI ANIMALA": {"medie": 8.9175, "reusita": 100.0, "cnt": 4}, "GENERAL": {"medie": 8.974672619047613, "reusita": 98.98477157360406, "cnt": 197}, "GEOGRAFIE": {"medie": 9.475000000000001, "reusita": 100.0, "cnt": 2}, "ANATOMIE SI FIZIOLOGIE UMANA, GENETICA SI ECOLOGIE UMANA": {"medie": 9.055147058823527, "reusita": 100.0, "cnt": 68}, "MATEMATICA ST-NAT": {"medie": 9.250666666666667, "reusita": 100.0, "cnt": 75}, "MATEMATICA MATE-INFO": {"medie": 9.308196721311477, "reusita": 100.0, "cnt": 61}, "ISTORIE": {"medie": 8.453278688524588, "reusita": 100.0, "cnt": 61}, "LOGICA, ARGUMENTARE SI COMUNICARE": {"medie": 9.304237288135596, "reusita": 100.0, "cnt": 59}, "FIZICA TEO": {"medie": 9.239285714285714, "reusita": 100.0, "cnt": 28}, "INFORMATICA MI C/C++": {"medie": 8.890476190476189, "reusita": 100.0, "cnt": 21}, "CHIMIE ANORGANICA TEO NIVEL I/II": {"medie": 8.775, "reusita": 100.0, "cnt": 2}, "CHIMIE ORGANICA TEO NIVEL I/II": {"medie": 8.608333333333333, "reusita": 100.0, "cnt": 12}, "LIMBA GERMANA": {"medie": 8.246153846153845, "reusita": 100.0, "cnt": 13}, "INFORMATICA SN C/C++": {"medie": 9.55, "reusita": 100.0, "cnt": 1}}, "nume": "COLEGIUL NATIONAL \"ALEXANDRU PAPIU ILARIAN\" TIRGU MURES\tMure\u0219"}