{"specializari": {"TEHNICIAN IN ACTIVITATI ECONOMICE": 1, "TEHNICIAN IN ADMINISTRATIE": 21, "TEHNICIAN IN TURISM": 21}, "limba_moderna": {"LIMBA ENGLEZA": 43}, "limba_materna": {"LIMBA ROMANA": 43}, "promotie_anterioara": {"DA": 1, "NU": 42}, "materii": {"LIMBA ROMANA": {"medie": 7.231395348837209, "reusita": 95.34883720930233, "cnt": 43}, "MATEMATICA TEHN": {"medie": 7.053488372093024, "reusita": 95.34883720930233, "cnt": 43}, "GENERAL": {"medie": 7.394961240310079, "reusita": 81.3953488372093, "cnt": 43}, "GEOGRAFIE": {"medie": 7.966666666666668, "reusita": 100.0, "cnt": 33}, "LOGICA, ARGUMENTARE SI COMUNICARE": {"medie": 7.68, "reusita": 80.0, "cnt": 10}}, "nume": "COLEGIUL TEHNOLOGIC \"SPIRU HARET\", MUNICIPIUL PIATRA-NEAMT\tNeam\u021b"}