{"specializari": {"MATEMATICA-INFORMATICA": 100}, "limba_moderna": {"LIMBA ENGLEZA": 97, "LIMBA FRANCEZA": 3}, "limba_materna": {"LIMBA ROMANA": 100}, "promotie_anterioara": {"NU": 100}, "materii": {"LIMBA ROMANA": {"medie": 8.9925, "reusita": 100.0, "cnt": 100}, "BIOLOGIE VEGETALA SI ANIMALA": {"medie": 8.818965517241379, "reusita": 100.0, "cnt": 29}, "GENERAL": {"medie": 9.188833333333339, "reusita": 100.0, "cnt": 100}, "MATEMATICA MATE-INFO": {"medie": 9.439, "reusita": 100.0, "cnt": 100}, "FIZICA TEO": {"medie": 9.261428571428572, "reusita": 100.0, "cnt": 70}, "CHIMIE ORGANICA TEO NIVEL I/II": {"medie": 9.45, "reusita": 100.0, "cnt": 1}}, "nume": "COLEGIUL NATIONAL MILITAR \"MIHAI VITEAZUL\" ALBA IULIA\tAlba"}