{"specializari": {"TEHNICIAN IN INSTALATII ELECTRICE": 31, "TEHNICIAN ELECTROTEHNIST": 2, "TEHNICIAN ENERGETICIAN": 3, "TEHNICIAN IN AUTOMATIZARI": 26}, "limba_moderna": {"LIMBA ENGLEZA": 62}, "limba_materna": {"LIMBA ROMANA": 62}, "promotie_anterioara": {"DA": 18, "NU": 44}, "materii": {"LIMBA ROMANA": {"medie": 6.025409836065575, "reusita": 95.16129032258065, "cnt": 62}, "MATEMATICA TEHN": {"medie": 5.71186440677966, "reusita": 77.41935483870968, "cnt": 62}, "BIOLOGIE VEGETALA SI ANIMALA": {"medie": 6.499999999999998, "reusita": 79.48717948717949, "cnt": 39}, "GENERAL": {"medie": 6.097660818713449, "reusita": 53.2258064516129, "cnt": 62}, "FIZICA TEH": {"medie": 6.304545454545454, "reusita": 91.66666666666666, "cnt": 12}, "CHIMIE ANORGANICA TEH NIVEL I/II": {"medie": 6.627272727272728, "reusita": 90.9090909090909, "cnt": 11}}, "nume": "COLEGIUL TEHNIC ENERGETIC CLUJ-NAPOCA\tCluj"}