{"specializari": {"FILOLOGIE": 74, "MATEMATICA-INFORMATICA": 31, "STIINTE ALE NATURII": 27}, "limba_moderna": {"LIMBA ENGLEZA": 132}, "limba_materna": {"LIMBA ROMANA": 132}, "promotie_anterioara": {"DA": 21, "NU": 111}, "materii": {"LIMBA ROMANA": {"medie": 7.074621212121212, "reusita": 96.21212121212122, "cnt": 132}, "GENERAL": {"medie": 7.179770992366412, "reusita": 76.51515151515152, "cnt": 132}, "GEOGRAFIE": {"medie": 7.616901408450704, "reusita": 98.59154929577466, "cnt": 71}, "ANATOMIE SI FIZIOLOGIE UMANA, GENETICA SI ECOLOGIE UMANA": {"medie": 7.77037037037037, "reusita": 96.36363636363636, "cnt": 55}, "MATEMATICA ST-NAT": {"medie": 6.0, "reusita": 66.66666666666666, "cnt": 27}, "MATEMATICA MATE-INFO": {"medie": 7.998333333333332, "reusita": 96.7741935483871, "cnt": 31}, "ISTORIE": {"medie": 6.476351351351352, "reusita": 91.8918918918919, "cnt": 74}, "LOGICA, ARGUMENTARE SI COMUNICARE": {"medie": 9.4, "reusita": 100.0, "cnt": 2}, "FIZICA TEO": {"medie": 9.0, "reusita": 100.0, "cnt": 1}, "INFORMATICA MI C/C++": {"medie": 9.15, "reusita": 100.0, "cnt": 1}, "CHIMIE ORGANICA TEO NIVEL I/II": {"medie": 7.1, "reusita": 100.0, "cnt": 1}, "PSIHOLOGIE": {"medie": 7.4, "reusita": 100.0, "cnt": 1}}, "nume": "COLEGIUL NATIONAL \"OCTAVIAN GOGA\" MARGHITA\tBihor"}