{"specializari": {"MATEMATICA-INFORMATICA": 3, "INVATATOR - EDUCATOARE": 19, "FILOLOGIE": 7, "TEOLOGIE MUSULMANA": 6}, "limba_moderna": {"LIMBA ENGLEZA": 35}, "limba_materna": {"LIMBA ROMANA": 29, "LIMBA TURCA": 6}, "promotie_anterioara": {"DA": 14, "NU": 21}, "materii": {"LIMBA ROMANA": {"medie": 5.4557142857142855, "reusita": 80.0, "cnt": 35}, "GENERAL": {"medie": 5.797738095238093, "reusita": 40.0, "cnt": 35}, "GEOGRAFIE": {"medie": 6.825, "reusita": 100.0, "cnt": 6}, "ANATOMIE SI FIZIOLOGIE UMANA, GENETICA SI ECOLOGIE UMANA": {"medie": 5.8, "reusita": 66.66666666666666, "cnt": 3}, "MATEMATICA PED": {"medie": 5.471052631578948, "reusita": 63.1578947368421, "cnt": 19}, "MATEMATICA MATE-INFO": {"medie": 1.2833333333333334, "reusita": 0.0, "cnt": 3}, "ISTORIE": {"medie": 4.880769230769231, "reusita": 76.92307692307693, "cnt": 13}, "LOGICA, ARGUMENTARE SI COMUNICARE": {"medie": 7.49, "reusita": 100.0, "cnt": 5}, "PSIHOLOGIE": {"medie": 6.485714285714284, "reusita": 76.19047619047619, "cnt": 21}, "LIMBA TURCA": {"medie": 8.041666666666666, "reusita": 100.0, "cnt": 6}}, "nume": "COLEGIUL NATIONAL \"KEMAL ATATURK\" MEDGIDIA\tConstan\u021ba"}