{"specializari": {"TEHNICIAN DE TELECOMUNICATII": 59, "ORGANIZATOR BANQUETING": 25, "MATEMATICA-INFORMATICA": 7, "TEHNICIAN ELECTRONIST": 4, "TEHNICIAN IN ACTIVITATI DE POSTA": 32, "LICEU CU PROGRAM SPORTIV": 17, "STIINTE ALE NATURII": 20, "TEHNICIAN IN GASTRONOMIE": 2}, "limba_moderna": {"LIMBA ENGLEZA": 143, "LIMBA FRANCEZA": 23}, "limba_materna": {"LIMBA ROMANA": 166}, "promotie_anterioara": {"DA": 76, "NU": 90}, "materii": {"LIMBA ROMANA": {"medie": 5.981288343558283, "reusita": 84.33734939759037, "cnt": 166}, "MATEMATICA TEHN": {"medie": 4.528318584070798, "reusita": 51.63934426229508, "cnt": 122}, "BIOLOGIE VEGETALA SI ANIMALA": {"medie": 4.685915492957748, "reusita": 46.835443037974684, "cnt": 79}, "GENERAL": {"medie": 5.5445190156599535, "reusita": 34.93975903614458, "cnt": 166}, "GEOGRAFIE": {"medie": 6.744354838709678, "reusita": 85.9375, "cnt": 64}, "ANATOMIE SI FIZIOLOGIE UMANA, GENETICA SI ECOLOGIE UMANA": {"medie": 7.366666666666667, "reusita": 100.0, "cnt": 3}, "FIZICA TEH": {"medie": 4.0, "reusita": 20.0, "cnt": 5}, "MATEMATICA ST-NAT": {"medie": 5.43157894736842, "reusita": 65.0, "cnt": 20}, "MATEMATICA MATE-INFO": {"medie": 4.783333333333333, "reusita": 57.14285714285714, "cnt": 7}, "ISTORIE": {"medie": 5.775000000000001, "reusita": 82.35294117647058, "cnt": 17}, "LOGICA, ARGUMENTARE SI COMUNICARE": {"medie": 6.789999999999999, "reusita": 80.0, "cnt": 5}, "FIZICA TEO": {"medie": 3.25, "reusita": 0.0, "cnt": 1}, "CHIMIE ANORGANICA TEO NIVEL I/II": {"medie": 7.35, "reusita": 100.0, "cnt": 2}, "PSIHOLOGIE": {"medie": 6.749999999999999, "reusita": 100.0, "cnt": 7}}, "nume": "COLEGIUL TEHNIC DE POSTA SI TELECOMUNICATII \"GHEORGHE AIRINEI\"\tBucure\u0219ti"}