{"specializari": {"STIINTE SOCIALE": 1, "STIINTE ALE NATURII": 23, "MATEMATICA-INFORMATICA": 28, "FILOLOGIE": 29}, "limba_moderna": {"LIMBA ENGLEZA": 80, "LIMBA FRANCEZA": 1}, "limba_materna": {"LIMBA GERMANA": 81}, "promotie_anterioara": {"DA": 1, "NU": 80}, "materii": {"LIMBA ROMANA": {"medie": 8.887037037037038, "reusita": 100.0, "cnt": 81}, "BIOLOGIE VEGETALA SI ANIMALA": {"medie": 8.05, "reusita": 100.0, "cnt": 2}, "GENERAL": {"medie": 8.70336419753086, "reusita": 98.76543209876543, "cnt": 81}, "ANATOMIE SI FIZIOLOGIE UMANA, GENETICA SI ECOLOGIE UMANA": {"medie": 8.583333333333334, "reusita": 100.0, "cnt": 3}, "MATEMATICA ST-NAT": {"medie": 8.691304347826087, "reusita": 100.0, "cnt": 23}, "MATEMATICA MATE-INFO": {"medie": 8.905357142857143, "reusita": 96.42857142857143, "cnt": 28}, "ISTORIE": {"medie": 8.655, "reusita": 100.0, "cnt": 30}, "LOGICA, ARGUMENTARE SI COMUNICARE": {"medie": 8.9, "reusita": 100.0, "cnt": 24}, "SOCIOLOGIE": {"medie": 8.8, "reusita": 100.0, "cnt": 1}, "FIZICA TEO": {"medie": 8.853103448275862, "reusita": 96.55172413793103, "cnt": 29}, "INFORMATICA MI C/C++": {"medie": 9.525, "reusita": 100.0, "cnt": 4}, "CHIMIE ORGANICA TEO NIVEL I/II": {"medie": 9.323076923076924, "reusita": 100.0, "cnt": 13}, "PSIHOLOGIE": {"medie": 9.075, "reusita": 100.0, "cnt": 2}, "LIMBA GERMANA": {"medie": 8.224691358024693, "reusita": 100.0, "cnt": 81}, "ECONOMIE": {"medie": 8.833333333333334, "reusita": 100.0, "cnt": 3}}, "nume": "COLEGIUL GERMAN \"GOETHE\"\tBucure\u0219ti"}