{"specializari": {"STIINTE SOCIALE": 37, "INVATATOR - EDUCATOARE": 54, "STIINTE ALE NATURII": 32, "FILOLOGIE": 43, "INSTRUCTOR PENTRU ACTIVITATI EXTRASCOLARE": 1}, "limba_moderna": {"LIMBA ENGLEZA": 159, "LIMBA FRANCEZA": 8}, "limba_materna": {"LIMBA ROMANA": 167}, "promotie_anterioara": {"DA": 12, "NU": 155}, "materii": {"LIMBA ROMANA": {"medie": 8.129192546583848, "reusita": 96.40718562874252, "cnt": 167}, "GENERAL": {"medie": 8.340372670807458, "reusita": 93.41317365269461, "cnt": 167}, "GEOGRAFIE": {"medie": 7.911764705882355, "reusita": 100.0, "cnt": 17}, "ANATOMIE SI FIZIOLOGIE UMANA, GENETICA SI ECOLOGIE UMANA": {"medie": 9.248148148148147, "reusita": 100.0, "cnt": 27}, "MATEMATICA PED": {"medie": 8.208333333333336, "reusita": 98.14814814814815, "cnt": 54}, "MATEMATICA ST-NAT": {"medie": 7.906250000000001, "reusita": 100.0, "cnt": 32}, "ISTORIE": {"medie": 8.046666666666667, "reusita": 91.35802469135803, "cnt": 81}, "LOGICA, ARGUMENTARE SI COMUNICARE": {"medie": 8.820408163265308, "reusita": 100.0, "cnt": 98}, "SOCIOLOGIE": {"medie": 8.5, "reusita": 14.285714285714285, "cnt": 7}, "CHIMIE ORGANICA TEO NIVEL I/II": {"medie": 8.73, "reusita": 100.0, "cnt": 5}, "FILOSOFIE": {"medie": 10.0, "reusita": 100.0, "cnt": 1}, "PSIHOLOGIE": {"medie": 9.091666666666667, "reusita": 100.0, "cnt": 12}}, "nume": "COLEGIUL NATIONAL \"GHEORGHE ASACHI\", MUNICIPIUL PIATRA-NEAMT\tNeam\u021b"}