{"specializari": {"MATEMATICA-INFORMATICA": 54, "STIINTE ALE NATURII": 33, "FILOLOGIE": 61, "STIINTE SOCIALE": 91}, "limba_moderna": {"LIMBA FRANCEZA": 24, "LIMBA ENGLEZA": 215}, "limba_materna": {"LIMBA ROMANA": 239}, "promotie_anterioara": {"DA": 22, "NU": 217}, "materii": {"LIMBA ROMANA": {"medie": 7.031856540084388, "reusita": 92.05020920502092, "cnt": 239}, "GENERAL": {"medie": 7.4882768361581915, "reusita": 79.9163179916318, "cnt": 239}, "GEOGRAFIE": {"medie": 8.074642857142857, "reusita": 97.9020979020979, "cnt": 143}, "ANATOMIE SI FIZIOLOGIE UMANA, GENETICA SI ECOLOGIE UMANA": {"medie": 8.083333333333334, "reusita": 98.24561403508771, "cnt": 57}, "MATEMATICA ST-NAT": {"medie": 6.784848484848486, "reusita": 84.84848484848484, "cnt": 33}, "MATEMATICA MATE-INFO": {"medie": 9.223148148148146, "reusita": 98.14814814814815, "cnt": 54}, "ISTORIE": {"medie": 6.538255033557048, "reusita": 82.89473684210526, "cnt": 152}, "LOGICA, ARGUMENTARE SI COMUNICARE": {"medie": 9.666666666666666, "reusita": 100.0, "cnt": 3}, "FIZICA TEO": {"medie": 8.965, "reusita": 100.0, "cnt": 10}, "INFORMATICA MI C/C++": {"medie": 9.33888888888889, "reusita": 100.0, "cnt": 9}, "CHIMIE ANORGANICA TEO NIVEL I/II": {"medie": 9.114999999999998, "reusita": 100.0, "cnt": 10}, "CHIMIE ORGANICA TEO NIVEL I/II": {"medie": 10.0, "reusita": 100.0, "cnt": 1}, "FILOSOFIE": {"medie": 9.0, "reusita": 100.0, "cnt": 1}, "PSIHOLOGIE": {"medie": 7.1899999999999995, "reusita": 100.0, "cnt": 5}}, "nume": "COLEGIUL NATIONAL \"EMIL BOTTA\" ADJUD\tVrancea"}