{"specializari": {"TEHNICIAN IN GASTRONOMIE": 28, "TEHNICIAN DESIGNER VESTIMENTAR": 13, "TEHNICIAN POLIGRAF": 3, "COAFOR STILIST": 34, "TEHNICIAN OPERATOR TEHNICA DE CALCUL": 3, "TEHNICIAN IN INDUSTRIA TEXTILA": 2, "TEHNICIAN PROIECTANT CAD": 6, "TEHNICIAN IN HOTELARIE": 14, "TEHNICIAN OPERATOR PROCESARE TEXT IMAGINE": 1}, "limba_moderna": {"LIMBA ENGLEZA": 97, "LIMBA FRANCEZA": 7}, "limba_materna": {"LIMBA ROMANA": 104}, "promotie_anterioara": {"DA": 28, "NU": 76}, "materii": {"LIMBA ROMANA": {"medie": 5.347058823529411, "reusita": 68.26923076923077, "cnt": 104}, "MATEMATICA TEHN": {"medie": 4.792187500000001, "reusita": 47.11538461538461, "cnt": 104}, "BIOLOGIE VEGETALA SI ANIMALA": {"medie": 4.986111111111111, "reusita": 61.111111111111114, "cnt": 18}, "GENERAL": {"medie": 5.415425531914895, "reusita": 23.076923076923077, "cnt": 104}, "GEOGRAFIE": {"medie": 6.491666666666667, "reusita": 83.72093023255815, "cnt": 43}, "FIZICA TEH": {"medie": 4.55, "reusita": 25.0, "cnt": 4}, "CHIMIE ANORGANICA TEH NIVEL I/II": {"medie": 6.2299999999999995, "reusita": 66.66666666666666, "cnt": 6}, "LOGICA, ARGUMENTARE SI COMUNICARE": {"medie": 6.300000000000001, "reusita": 77.77777777777779, "cnt": 27}, "ECONOMIE": {"medie": 6.08, "reusita": 83.33333333333334, "cnt": 6}}, "nume": "COLEGIUL TEHNIC \"IOAN C. STEFANESCU\", IASI\tIa\u0219i"}