{"specializari": {"LICEU CU PROGRAM SPORTIV": 24, "FILOLOGIE": 60, "MATEMATICA-INFORMATICA": 114, "STIINTE SOCIALE": 29, "STIINTE ALE NATURII": 58}, "limba_moderna": {"LIMBA ENGLEZA": 264, "LIMBA FRANCEZA": 18, "LIMBA GERMANA MODERNA": 3}, "limba_materna": {"LIMBA ROMANA": 285}, "promotie_anterioara": {"DA": 2, "NU": 283}, "materii": {"LIMBA ROMANA": {"medie": 8.642456140350879, "reusita": 99.64912280701755, "cnt": 285}, "BIOLOGIE VEGETALA SI ANIMALA": {"medie": 8.77608695652174, "reusita": 100.0, "cnt": 23}, "GENERAL": {"medie": 8.910211267605632, "reusita": 98.94736842105263, "cnt": 285}, "GEOGRAFIE": {"medie": 8.433333333333332, "reusita": 100.0, "cnt": 6}, "ANATOMIE SI FIZIOLOGIE UMANA, GENETICA SI ECOLOGIE UMANA": {"medie": 9.512500000000001, "reusita": 100.0, "cnt": 8}, "MATEMATICA ST-NAT": {"medie": 8.701724137931038, "reusita": 98.27586206896551, "cnt": 58}, "MATEMATICA MATE-INFO": {"medie": 9.517543859649123, "reusita": 100.0, "cnt": 114}, "ISTORIE": {"medie": 8.204910714285711, "reusita": 99.11504424778761, "cnt": 113}, "LOGICA, ARGUMENTARE SI COMUNICARE": {"medie": 9.434239130434781, "reusita": 98.9247311827957, "cnt": 93}, "SOCIOLOGIE": {"medie": 9.575, "reusita": 100.0, "cnt": 2}, "FIZICA TEO": {"medie": 9.233035714285714, "reusita": 100.0, "cnt": 56}, "INFORMATICA MI C/C++": {"medie": 9.471153846153845, "reusita": 100.0, "cnt": 26}, "CHIMIE ANORGANICA TEO NIVEL I/II": {"medie": 9.658333333333333, "reusita": 100.0, "cnt": 6}, "CHIMIE ORGANICA TEO NIVEL I/II": {"medie": 8.913, "reusita": 100.0, "cnt": 50}, "PSIHOLOGIE": {"medie": 9.75, "reusita": 100.0, "cnt": 2}, "INFORMATICA SN C/C++": {"medie": 9.483333333333333, "reusita": 100.0, "cnt": 3}, "ECONOMIE": {"medie": 9.025, "reusita": 100.0, "cnt": 10}}, "nume": "COLEGIUL NATIONAL \"MIHAI VITEAZUL\", MUNICIPIUL PLOIESTI\tPrahova"}