{"specializari": {"TEHNICIAN IN INDUSTRIA MATERIALELOR DE CONSTRUCTII": 1, "TEHNICIAN ECOLOG SI PROTECTIA CALITATII MEDIULUI": 48, "TEHNICIAN IN ACTIVITATI ECONOMICE": 31, "TEHNICIAN ELECTROMECANIC": 1, "TEHNICIAN IN ACHIZITII SI CONTRACTARI": 27, "TEHNICIAN IN INSTALATII ELECTRICE": 26, "TEHNICIAN IN CONSTRUCTII SI LUCRARI PUBLICE": 2, "TEHNICIAN MECANIC PENTRU INTRETINERE SI REPARATII": 2, "TEHNICIAN OPERATOR TEHNICA DE CALCUL": 24, "TEHNICIAN DESENATOR PENTRU CONSTRUCTII SI INSTALATII": 18}, "limba_moderna": {"LIMBA ENGLEZA": 175, "LIMBA FRANCEZA": 5}, "limba_materna": {"LIMBA ROMANA": 180}, "promotie_anterioara": {"DA": 23, "NU": 157}, "materii": {"LIMBA ROMANA": {"medie": 6.359269662921347, "reusita": 89.44444444444444, "cnt": 180}, "MATEMATICA TEHN": {"medie": 5.413999999999998, "reusita": 67.22222222222223, "cnt": 180}, "BIOLOGIE VEGETALA SI ANIMALA": {"medie": 5.78695652173913, "reusita": 74.28571428571429, "cnt": 70}, "GENERAL": {"medie": 6.220190476190479, "reusita": 53.333333333333336, "cnt": 180}, "GEOGRAFIE": {"medie": 7.731632653061224, "reusita": 100.0, "cnt": 49}, "ANATOMIE SI FIZIOLOGIE UMANA, GENETICA SI ECOLOGIE UMANA": {"medie": 7.551136363636363, "reusita": 95.65217391304348, "cnt": 46}, "FIZICA TEH": {"medie": 6.716666666666666, "reusita": 100.0, "cnt": 3}, "CHIMIE ANORGANICA TEH NIVEL I/II": {"medie": 5.85, "reusita": 100.0, "cnt": 1}, "CHIMIE ORGANICA TEH NIVEL I/II": {"medie": 7.9, "reusita": 100.0, "cnt": 2}, "PSIHOLOGIE": {"medie": 7.04375, "reusita": 100.0, "cnt": 8}, "ECONOMIE": {"medie": 8.6, "reusita": 100.0, "cnt": 1}}, "nume": "COLEGIUL TEHNIC \"PETRU PONI\", MUNICIPIUL ROMAN\tNeam\u021b"}