{"specializari": {"MATEMATICA-INFORMATICA": 61, "STIINTE ALE NATURII": 59, "FILOLOGIE": 58, "STIINTE SOCIALE": 30}, "limba_moderna": {"LIMBA ENGLEZA": 192, "LIMBA GERMANA MODERNA": 15, "LIMBA FRANCEZA": 1}, "limba_materna": {"LIMBA ROMANA": 208}, "promotie_anterioara": {"DA": 3, "NU": 205}, "materii": {"LIMBA ROMANA": {"medie": 8.29855769230769, "reusita": 99.51923076923077, "cnt": 208}, "BIOLOGIE VEGETALA SI ANIMALA": {"medie": 8.681481481481482, "reusita": 100.0, "cnt": 81}, "GENERAL": {"medie": 8.365064102564101, "reusita": 94.71153846153845, "cnt": 208}, "GEOGRAFIE": {"medie": 8.825961538461538, "reusita": 98.07692307692307, "cnt": 52}, "ANATOMIE SI FIZIOLOGIE UMANA, GENETICA SI ECOLOGIE UMANA": {"medie": 9.221874999999999, "reusita": 100.0, "cnt": 16}, "MATEMATICA ST-NAT": {"medie": 8.464406779661015, "reusita": 96.61016949152543, "cnt": 59}, "MATEMATICA MATE-INFO": {"medie": 8.576229508196723, "reusita": 95.08196721311475, "cnt": 61}, "ISTORIE": {"medie": 7.513636363636363, "reusita": 97.72727272727273, "cnt": 88}, "LOGICA, ARGUMENTARE SI COMUNICARE": {"medie": 8.72777777777778, "reusita": 100.0, "cnt": 36}, "INFORMATICA MI C/C++": {"medie": 8.089473684210526, "reusita": 100.0, "cnt": 19}, "CHIMIE ORGANICA TEO NIVEL I/II": {"medie": 8.45, "reusita": 100.0, "cnt": 2}, "INFORMATICA SN C/C++": {"medie": 7.725, "reusita": 100.0, "cnt": 2}}, "nume": "COLEGIUL NATIONAL \"LUCIAN BLAGA\" SEBES\tAlba"}