{"specializari": {"MATEMATICA-INFORMATICA": 25, "STIINTE ALE NATURII": 53, "STIINTE SOCIALE": 30}, "limba_moderna": {"LIMBA ENGLEZA": 108}, "limba_materna": {"LIMBA ROMANA": 108}, "promotie_anterioara": {"NU": 108}, "materii": {"LIMBA ROMANA": {"medie": 8.330555555555557, "reusita": 100.0, "cnt": 108}, "GENERAL": {"medie": 8.809259259259258, "reusita": 98.14814814814815, "cnt": 108}, "GEOGRAFIE": {"medie": 7.420833333333334, "reusita": 91.66666666666666, "cnt": 12}, "ANATOMIE SI FIZIOLOGIE UMANA, GENETICA SI ECOLOGIE UMANA": {"medie": 9.51808510638298, "reusita": 100.0, "cnt": 47}, "MATEMATICA ST-NAT": {"medie": 8.416037735849054, "reusita": 100.0, "cnt": 53}, "MATEMATICA MATE-INFO": {"medie": 9.302, "reusita": 100.0, "cnt": 25}, "ISTORIE": {"medie": 9.354999999999999, "reusita": 100.0, "cnt": 30}, "LOGICA, ARGUMENTARE SI COMUNICARE": {"medie": 9.82, "reusita": 100.0, "cnt": 10}, "SOCIOLOGIE": {"medie": 9.55625, "reusita": 100.0, "cnt": 8}, "FIZICA TEO": {"medie": 9.1, "reusita": 100.0, "cnt": 1}, "INFORMATICA MI C/C++": {"medie": 9.12608695652174, "reusita": 100.0, "cnt": 23}, "CHIMIE ANORGANICA TEO NIVEL I/II": {"medie": 9.7, "reusita": 100.0, "cnt": 5}, "CHIMIE ORGANICA TEO NIVEL I/II": {"medie": 8.35, "reusita": 100.0, "cnt": 2}}, "nume": "COLEGIUL NATIONAL \"MIHAI VITEAZUL\" TURDA\tCluj"}