{"specializari": {"MATEMATICA-INFORMATICA": 52, "FILOLOGIE": 65, "INVATATOR - EDUCATOARE": 29, "STIINTE ALE NATURII": 25}, "limba_moderna": {"LIMBA ENGLEZA": 151, "LIMBA FRANCEZA": 19, "LIMBA GERMANA MODERNA": 1}, "limba_materna": {"LIMBA ROMANA": 171}, "promotie_anterioara": {"DA": 3, "NU": 168}, "materii": {"LIMBA ROMANA": {"medie": 8.223976608187135, "reusita": 97.6608187134503, "cnt": 171}, "GENERAL": {"medie": 8.153137254901962, "reusita": 90.64327485380117, "cnt": 171}, "GEOGRAFIE": {"medie": 8.548734177215186, "reusita": 98.73417721518987, "cnt": 79}, "ANATOMIE SI FIZIOLOGIE UMANA, GENETICA SI ECOLOGIE UMANA": {"medie": 8.404918032786886, "reusita": 100.0, "cnt": 61}, "MATEMATICA PED": {"medie": 8.089655172413796, "reusita": 100.0, "cnt": 29}, "MATEMATICA ST-NAT": {"medie": 7.979999999999998, "reusita": 96.0, "cnt": 25}, "MATEMATICA MATE-INFO": {"medie": 7.2519230769230765, "reusita": 90.38461538461539, "cnt": 52}, "ISTORIE": {"medie": 8.015625, "reusita": 98.46153846153847, "cnt": 65}, "LOGICA, ARGUMENTARE SI COMUNICARE": {"medie": 7.9625, "reusita": 100.0, "cnt": 4}, "SOCIOLOGIE": {"medie": 7.9, "reusita": 100.0, "cnt": 4}, "FIZICA TEO": {"medie": 8.8, "reusita": 100.0, "cnt": 4}, "INFORMATICA MI C/C++": {"medie": 7.7749999999999995, "reusita": 83.33333333333334, "cnt": 6}, "CHIMIE ANORGANICA TEO NIVEL I/II": {"medie": 8.9, "reusita": 100.0, "cnt": 1}, "CHIMIE ORGANICA TEO NIVEL I/II": {"medie": 8.8, "reusita": 100.0, "cnt": 4}, "FILOSOFIE": {"medie": 8.4, "reusita": 100.0, "cnt": 1}, "PSIHOLOGIE": {"medie": 7.710000000000001, "reusita": 100.0, "cnt": 5}, "INFORMATICA MI PASCAL": {"medie": 6.3, "reusita": 100.0, "cnt": 1}, "ECONOMIE": {"medie": 8.1, "reusita": 100.0, "cnt": 1}}, "nume": "COLEGIUL NATIONAL \"GEORGE COSBUC\" NASAUD\tBistri\u021ba-N\u0103s\u0103ud"}