{"specializari": {"TEHNICIAN VETERINAR": 13, "TEHNICIAN IN INDUSTRIA ALIMENTARA": 28, "TEHNICIAN ANALIZE PRODUSE ALIMENTARE": 20, "ORGANIZATOR BANQUETING": 18, "TEHNICIAN IN TURISM": 46, "STIINTE ALE NATURII": 17, "STIINTE SOCIALE": 31, "FILOLOGIE": 32, "TEHNICIAN ECOLOG SI PROTECTIA CALITATII MEDIULUI": 11, "TEHNICIAN IN ACTIVITATI ECONOMICE": 21}, "limba_moderna": {"LIMBA ENGLEZA": 216, "LIMBA FRANCEZA": 21}, "limba_materna": {"LIMBA ROMANA": 237}, "promotie_anterioara": {"DA": 28, "NU": 209}, "materii": {"LIMBA ROMANA": {"medie": 6.3083700440528645, "reusita": 80.16877637130801, "cnt": 237}, "MATEMATICA TEHN": {"medie": 3.6219594594594615, "reusita": 36.30573248407643, "cnt": 157}, "BIOLOGIE VEGETALA SI ANIMALA": {"medie": 4.550000000000001, "reusita": 40.0, "cnt": 5}, "GENERAL": {"medie": 5.928082191780816, "reusita": 44.72573839662447, "cnt": 237}, "GEOGRAFIE": {"medie": 7.313684210526314, "reusita": 88.54166666666666, "cnt": 96}, "ANATOMIE SI FIZIOLOGIE UMANA, GENETICA SI ECOLOGIE UMANA": {"medie": 5.333552631578947, "reusita": 53.57142857142857, "cnt": 84}, "MATEMATICA ST-NAT": {"medie": 4.994117647058823, "reusita": 70.58823529411765, "cnt": 17}, "ISTORIE": {"medie": 6.38790322580645, "reusita": 92.06349206349206, "cnt": 63}, "LOGICA, ARGUMENTARE SI COMUNICARE": {"medie": 8.65, "reusita": 94.11764705882352, "cnt": 51}, "PSIHOLOGIE": {"medie": 8.0, "reusita": 100.0, "cnt": 1}}, "nume": "COLEGIUL \"ANDRONIC MOTRESCU\" RADAUTI\tSuceava"}