{"specializari": {"MATEMATICA-INFORMATICA": 1, "TEHNICIAN IN INSTALATII ELECTRICE": 2, "TEHNICIAN IN SILVICULTURA SI EXPLOATARI FORESTIERE": 25, "TEHNICIAN IN ACTIVITATI ECONOMICE": 32, "TEHNICIAN IN GASTRONOMIE": 2, "TEHNICIAN IN ACTIVITATI DE COMERT": 27, "TEHNICIAN PROIECTANT CAD": 17, "TEHNICIAN DESENATOR PENTRU CONSTRUCTII SI INSTALATII": 3, "TEHNICIAN ANALIZE PRODUSE ALIMENTARE": 5, "TEHNICIAN IN INDUSTRIA ALIMENTARA": 24, "TEHNICIAN DESIGNER MOBILA SI AMENAJARI INTERIOARE": 7}, "limba_moderna": {"LIMBA ENGLEZA": 145}, "limba_materna": {"LIMBA ROMANA": 145}, "promotie_anterioara": {"DA": 26, "NU": 119}, "materii": {"LIMBA ROMANA": {"medie": 5.376041666666667, "reusita": 67.58620689655173, "cnt": 145}, "MATEMATICA TEHN": {"medie": 3.614685314685313, "reusita": 36.80555555555556, "cnt": 144}, "BIOLOGIE VEGETALA SI ANIMALA": {"medie": 4.267857142857144, "reusita": 44.827586206896555, "cnt": 29}, "GENERAL": {"medie": 4.902797202797202, "reusita": 24.137931034482758, "cnt": 145}, "GEOGRAFIE": {"medie": 6.709183673469386, "reusita": 86.0, "cnt": 50}, "ANATOMIE SI FIZIOLOGIE UMANA, GENETICA SI ECOLOGIE UMANA": {"medie": 4.964545454545454, "reusita": 50.90909090909091, "cnt": 55}, "MATEMATICA MATE-INFO": {"medie": 6.85, "reusita": 100.0, "cnt": 1}, "LOGICA, ARGUMENTARE SI COMUNICARE": {"medie": 8.563636363636364, "reusita": 90.9090909090909, "cnt": 11}}, "nume": "COLEGIUL TEHNIC \"IOAN CIORDAS\" BEIUS\tBihor"}