{"specializari": {"TEHNICIAN IN TURISM": 31, "TEHNICIAN OPERATOR TEHNICA DE CALCUL": 32, "TEHNICIAN IN ADMINISTRATIE": 3, "TEHNICIAN IN GASTRONOMIE": 24, "TEHNICIAN ANALIZE PRODUSE ALIMENTARE": 25, "MATEMATICA-INFORMATICA": 1, "TEHNICIAN ECOLOG SI PROTECTIA CALITATII MEDIULUI": 1, "COAFOR STILIST": 31, "TEHNICIAN IN ACTIVITATI ECONOMICE": 26, "TEHNICIAN MECANIC PENTRU INTRETINERE SI REPARATII": 2}, "limba_moderna": {"LIMBA ENGLEZA": 176}, "limba_materna": {"LIMBA ROMANA": 176}, "promotie_anterioara": {"DA": 49, "NU": 127}, "materii": {"LIMBA ROMANA": {"medie": 5.972965116279069, "reusita": 83.52272727272727, "cnt": 176}, "MATEMATICA TEHN": {"medie": 4.419230769230771, "reusita": 47.42857142857143, "cnt": 175}, "BIOLOGIE VEGETALA SI ANIMALA": {"medie": 5.033333333333334, "reusita": 58.06451612903226, "cnt": 31}, "GENERAL": {"medie": 5.706808943089434, "reusita": 33.52272727272727, "cnt": 176}, "GEOGRAFIE": {"medie": 6.687878787878791, "reusita": 86.95652173913044, "cnt": 69}, "ANATOMIE SI FIZIOLOGIE UMANA, GENETICA SI ECOLOGIE UMANA": {"medie": 6.116666666666667, "reusita": 92.5925925925926, "cnt": 27}, "FIZICA TEH": {"medie": 6.05, "reusita": 66.66666666666666, "cnt": 3}, "MATEMATICA MATE-INFO": {"medie": "-", "reusita": 0.0, "cnt": 1}, "LOGICA, ARGUMENTARE SI COMUNICARE": {"medie": 7.859999999999998, "reusita": 95.55555555555556, "cnt": 45}, "PSIHOLOGIE": {"medie": 7.85, "reusita": 100.0, "cnt": 1}}, "nume": "COLEGIUL TEHNIC \"MIHAI VITEAZUL\" ORADEA\tBihor"}