{"specializari": {"MATEMATICA-INFORMATICA": 59, "STIINTE ALE NATURII": 74, "STIINTE SOCIALE": 59, "FILOLOGIE": 30}, "limba_moderna": {"LIMBA ENGLEZA": 218, "LIMBA GERMANA MODERNA": 4}, "limba_materna": {"LIMBA ROMANA": 206, "LIMBA GERMANA": 16}, "promotie_anterioara": {"NU": 222}, "materii": {"LIMBA ROMANA": {"medie": 8.479279279279279, "reusita": 100.0, "cnt": 222}, "BIOLOGIE VEGETALA SI ANIMALA": {"medie": 8.175, "reusita": 100.0, "cnt": 2}, "GENERAL": {"medie": 8.705874624624625, "reusita": 98.64864864864865, "cnt": 222}, "GEOGRAFIE": {"medie": 9.026027397260274, "reusita": 100.0, "cnt": 73}, "ANATOMIE SI FIZIOLOGIE UMANA, GENETICA SI ECOLOGIE UMANA": {"medie": 8.733950617283949, "reusita": 100.0, "cnt": 81}, "MATEMATICA ST-NAT": {"medie": 8.687162162162162, "reusita": 100.0, "cnt": 74}, "MATEMATICA MATE-INFO": {"medie": 8.938135593220338, "reusita": 100.0, "cnt": 59}, "ISTORIE": {"medie": 8.760112359550563, "reusita": 100.0, "cnt": 89}, "LOGICA, ARGUMENTARE SI COMUNICARE": {"medie": 8.875, "reusita": 100.0, "cnt": 8}, "SOCIOLOGIE": {"medie": 8.385714285714284, "reusita": 100.0, "cnt": 7}, "FIZICA TEO": {"medie": 9.166666666666666, "reusita": 100.0, "cnt": 15}, "INFORMATICA MI C/C++": {"medie": 8.936206896551724, "reusita": 100.0, "cnt": 29}, "CHIMIE ORGANICA TEO NIVEL I/II": {"medie": 9.319999999999999, "reusita": 100.0, "cnt": 5}, "PSIHOLOGIE": {"medie": 9.3, "reusita": 100.0, "cnt": 1}, "LIMBA GERMANA": {"medie": 8.015625, "reusita": 100.0, "cnt": 16}, "INFORMATICA SN C/C++": {"medie": 7.0, "reusita": 100.0, "cnt": 1}}, "nume": "COLEGIUL NATIONAL BANATEAN TIMISOARA\tTimi\u0219"}