{"specializari": {"FILOLOGIE": 26, "MATEMATICA-INFORMATICA": 35, "STIINTE SOCIALE": 63, "STIINTE ALE NATURII": 55}, "limba_moderna": {"LIMBA ENGLEZA": 159, "LIMBA GERMANA MODERNA": 19, "LIMBA FRANCEZA": 1}, "limba_materna": {"LIMBA ROMANA": 150, "LIMBA MAGHIARA": 29}, "promotie_anterioara": {"DA": 1, "NU": 178}, "materii": {"LIMBA ROMANA": {"medie": 8.540223463687152, "reusita": 98.32402234636871, "cnt": 179}, "BIOLOGIE VEGETALA SI ANIMALA": {"medie": 8.721428571428572, "reusita": 100.0, "cnt": 7}, "GENERAL": {"medie": 8.848929236499066, "reusita": 97.76536312849163, "cnt": 179}, "GEOGRAFIE": {"medie": 8.462790697674421, "reusita": 100.0, "cnt": 43}, "ANATOMIE SI FIZIOLOGIE UMANA, GENETICA SI ECOLOGIE UMANA": {"medie": 9.377631578947371, "reusita": 100.0, "cnt": 38}, "MATEMATICA ST-NAT": {"medie": 9.113636363636365, "reusita": 100.0, "cnt": 55}, "MATEMATICA MATE-INFO": {"medie": 9.567142857142857, "reusita": 100.0, "cnt": 35}, "ISTORIE": {"medie": 8.3061797752809, "reusita": 100.0, "cnt": 89}, "LOGICA, ARGUMENTARE SI COMUNICARE": {"medie": 9.463333333333333, "reusita": 100.0, "cnt": 30}, "SOCIOLOGIE": {"medie": 9.275, "reusita": 100.0, "cnt": 10}, "FIZICA TEO": {"medie": 9.607692307692307, "reusita": 100.0, "cnt": 13}, "INFORMATICA MI C/C++": {"medie": 9.619047619047619, "reusita": 100.0, "cnt": 21}, "CHIMIE ORGANICA TEO NIVEL I/II": {"medie": 9.177777777777779, "reusita": 100.0, "cnt": 9}, "FILOSOFIE": {"medie": 9.675, "reusita": 100.0, "cnt": 2}, "PSIHOLOGIE": {"medie": 9.7125, "reusita": 100.0, "cnt": 4}, "LIMBA MAGHIARA (UMAN)": {"medie": 7.810344827586207, "reusita": 100.0, "cnt": 29}, "INFORMATICA SN C/C++": {"medie": 7.825, "reusita": 100.0, "cnt": 2}}, "nume": "COLEGIUL NATIONAL \"UNIREA\" TIRGU MURES\tMure\u0219"}