{"specializari": {"TEHNICIAN IN HOTELARIE": 4, "TEHNICIAN IN TURISM": 20}, "limba_moderna": {"LIMBA ENGLEZA": 21, "LIMBA FRANCEZA": 3}, "limba_materna": {"LIMBA ROMANA": 24}, "promotie_anterioara": {"DA": 5, "NU": 19}, "materii": {"LIMBA ROMANA": {"medie": 5.960416666666667, "reusita": 87.5, "cnt": 24}, "MATEMATICA TEHN": {"medie": 4.002083333333333, "reusita": 37.5, "cnt": 24}, "GENERAL": {"medie": 5.788194444444444, "reusita": 37.5, "cnt": 24}, "GEOGRAFIE": {"medie": 7.402083333333331, "reusita": 100.0, "cnt": 24}}, "nume": "COLEGIUL ECONOMIC \"PINTEA VITEAZUL\" CAVNIC\tMaramure\u0219"}