{"specializari": {"FILOLOGIE": 65, "MATEMATICA-INFORMATICA": 50, "STIINTE ALE NATURII": 24, "TEHNICIAN IN ACTIVITATI ECONOMICE": 26}, "limba_moderna": {"LIMBA ENGLEZA": 162, "LIMBA FRANCEZA": 3}, "limba_materna": {"LIMBA MAGHIARA": 57, "LIMBA ROMANA": 108}, "promotie_anterioara": {"DA": 6, "NU": 159}, "materii": {"LIMBA ROMANA": {"medie": 7.28658536585366, "reusita": 92.72727272727272, "cnt": 165}, "MATEMATICA TEHN": {"medie": 7.271153846153846, "reusita": 96.15384615384616, "cnt": 26}, "BIOLOGIE VEGETALA SI ANIMALA": {"medie": 7.776315789473684, "reusita": 100.0, "cnt": 19}, "GENERAL": {"medie": 7.8151676829268295, "reusita": 90.30303030303031, "cnt": 165}, "GEOGRAFIE": {"medie": 8.677419354838708, "reusita": 100.0, "cnt": 62}, "ANATOMIE SI FIZIOLOGIE UMANA, GENETICA SI ECOLOGIE UMANA": {"medie": 8.246874999999998, "reusita": 100.0, "cnt": 32}, "LIMBA MAGHIARA (REAL)": {"medie": 8.57391304347826, "reusita": 100.0, "cnt": 23}, "MATEMATICA ST-NAT": {"medie": 7.358333333333333, "reusita": 95.83333333333334, "cnt": 24}, "MATEMATICA MATE-INFO": {"medie": 8.173, "reusita": 98.0, "cnt": 50}, "ISTORIE": {"medie": 7.356153846153846, "reusita": 100.0, "cnt": 65}, "LOGICA, ARGUMENTARE SI COMUNICARE": {"medie": 10.0, "reusita": 100.0, "cnt": 1}, "SOCIOLOGIE": {"medie": 7.769230769230767, "reusita": 100.0, "cnt": 26}, "FIZICA TEO": {"medie": 8.934375, "reusita": 100.0, "cnt": 16}, "INFORMATICA MI C/C++": {"medie": 7.378571428571428, "reusita": 100.0, "cnt": 7}, "PSIHOLOGIE": {"medie": 9.55, "reusita": 100.0, "cnt": 2}, "LIMBA MAGHIARA (UMAN)": {"medie": 7.488235294117646, "reusita": 100.0, "cnt": 34}}, "nume": "COLEGIUL NATIONAL \"SIMION BARNUTIU\" SIMLEU SILVANIEI\tS\u0103laj"}