{"specializari": {"TEHNICIAN IN INDUSTRIA ALIMENTARA": 27, "TEHNICIAN IN GASTRONOMIE": 48, "TEHNICIAN IN PRELUCRAREA PRODUSELOR DE ORIGINE ANIMALA": 13, "TEHNICIAN ANALIZE PRODUSE ALIMENTARE": 39, "TEHNICIAN IN MORARIT, PANIFICATIE SI PRODUSE FAINOASE": 5, "TEHNICIAN IN IND. ALIM. FERMENTATIVA SI IN PREL. LEGUMELOR SI FRUCTELOR": 9, "TEHNICIAN PRELUCRARI MECANICE": 1}, "limba_moderna": {"LIMBA ENGLEZA": 115, "LIMBA FRANCEZA": 27}, "limba_materna": {"LIMBA ROMANA": 142}, "promotie_anterioara": {"DA": 49, "NU": 93}, "materii": {"LIMBA ROMANA": {"medie": 6.377500000000004, "reusita": 89.43661971830986, "cnt": 142}, "MATEMATICA TEHN": {"medie": 5.743014705882353, "reusita": 82.3943661971831, "cnt": 142}, "BIOLOGIE VEGETALA SI ANIMALA": {"medie": 3.1333333333333333, "reusita": 0.0, "cnt": 3}, "GENERAL": {"medie": 6.381704260651629, "reusita": 55.633802816901415, "cnt": 142}, "GEOGRAFIE": {"medie": 7.985897435897436, "reusita": 97.5, "cnt": 40}, "ANATOMIE SI FIZIOLOGIE UMANA, GENETICA SI ECOLOGIE UMANA": {"medie": 6.519512195121953, "reusita": 84.0909090909091, "cnt": 88}, "CHIMIE ANORGANICA TEH NIVEL I/II": {"medie": 7.65, "reusita": 100.0, "cnt": 2}, "CHIMIE ORGANICA TEH NIVEL I/II": {"medie": 3.9, "reusita": 0.0, "cnt": 1}, "LOGICA, ARGUMENTARE SI COMUNICARE": {"medie": 7.693749999999999, "reusita": 100.0, "cnt": 8}}, "nume": "COLEGIUL DE INDUSTRIE ALIMENTARA \"ELENA DOAMNA\", LOCALITATEA GALATI\tGala\u021bi"}