{"specializari": {"TEHNICIAN IN HOTELARIE": 57, "TEHNICIAN IN ACTIVITATI ECONOMICE": 91, "TEHNICIAN IN ACTIVITATI DE COMERT": 55}, "limba_moderna": {"LIMBA ENGLEZA": 203}, "limba_materna": {"LIMBA ROMANA": 203}, "promotie_anterioara": {"DA": 25, "NU": 178}, "materii": {"LIMBA ROMANA": {"medie": 6.744527363184081, "reusita": 94.58128078817734, "cnt": 203}, "MATEMATICA TEHN": {"medie": 6.008749999999995, "reusita": 83.74384236453201, "cnt": 203}, "GENERAL": {"medie": 6.774280879864634, "reusita": 69.45812807881774, "cnt": 203}, "GEOGRAFIE": {"medie": 7.321283783783782, "reusita": 93.42105263157895, "cnt": 152}, "LOGICA, ARGUMENTARE SI COMUNICARE": {"medie": 8.154878048780487, "reusita": 97.61904761904762, "cnt": 42}, "PSIHOLOGIE": {"medie": 7.071428571428572, "reusita": 100.0, "cnt": 7}, "ECONOMIE": {"medie": 6.425, "reusita": 100.0, "cnt": 2}}, "nume": "COLEGIUL ECONOMIC \"HERMES\"\tBucure\u0219ti"}