{"specializari": {"COAFOR STILIST": 36, "TEHNICIAN IN INDUSTRIA PIELARIEI": 5, "TEHNICIAN IN INDUSTRIA TEXTILA": 1, "TEHNICIAN CHIMIST DE LABORATOR": 25, "STIINTE ALE NATURII": 3, "TEHNICIAN DESIGNER VESTIMENTAR": 26, "TEHNICIAN IN INDUSTRIA STICLEI SI CERAMICII": 26}, "limba_moderna": {"LIMBA ENGLEZA": 122}, "limba_materna": {"LIMBA ROMANA": 122}, "promotie_anterioara": {"DA": 26, "NU": 96}, "materii": {"LIMBA ROMANA": {"medie": 5.573008849557522, "reusita": 64.75409836065575, "cnt": 122}, "MATEMATICA TEHN": {"medie": 4.495, "reusita": 45.378151260504204, "cnt": 119}, "BIOLOGIE VEGETALA SI ANIMALA": {"medie": 4.916666666666665, "reusita": 45.56962025316456, "cnt": 79}, "GENERAL": {"medie": 5.26261261261261, "reusita": 31.147540983606557, "cnt": 122}, "GEOGRAFIE": {"medie": 7.1840909090909095, "reusita": 81.81818181818183, "cnt": 22}, "FIZICA TEH": {"medie": 1.9, "reusita": 0.0, "cnt": 2}, "MATEMATICA ST-NAT": {"medie": 3.1999999999999997, "reusita": 33.33333333333333, "cnt": 3}, "CHIMIE ANORGANICA TEH NIVEL I/II": {"medie": 5.4750000000000005, "reusita": 50.0, "cnt": 4}, "CHIMIE ORGANICA TEH NIVEL I/II": {"medie": 2.2, "reusita": 0.0, "cnt": 1}, "LOGICA, ARGUMENTARE SI COMUNICARE": {"medie": 9.030000000000001, "reusita": 100.0, "cnt": 10}, "PSIHOLOGIE": {"medie": 6.525, "reusita": 75.0, "cnt": 4}}, "nume": "COLEGIUL TEHNIC \"APULUM\" ALBA IULIA\tAlba"}