{"specializari": {"MATEMATICA-INFORMATICA": 55, "STIINTE ALE NATURII": 51, "FILOLOGIE": 29, "STIINTE SOCIALE": 56}, "limba_moderna": {"LIMBA ENGLEZA": 186, "LIMBA FRANCEZA": 5}, "limba_materna": {"LIMBA ROMANA": 191}, "promotie_anterioara": {"NU": 191}, "materii": {"LIMBA ROMANA": {"medie": 8.65890052356021, "reusita": 99.47643979057592, "cnt": 191}, "BIOLOGIE VEGETALA SI ANIMALA": {"medie": 8.049999999999999, "reusita": 100.0, "cnt": 6}, "GENERAL": {"medie": 8.714048865619544, "reusita": 99.47643979057592, "cnt": 191}, "GEOGRAFIE": {"medie": 9.431666666666665, "reusita": 100.0, "cnt": 60}, "ANATOMIE SI FIZIOLOGIE UMANA, GENETICA SI ECOLOGIE UMANA": {"medie": 8.929411764705884, "reusita": 100.0, "cnt": 34}, "MATEMATICA ST-NAT": {"medie": 8.627450980392156, "reusita": 100.0, "cnt": 51}, "MATEMATICA MATE-INFO": {"medie": 8.659090909090908, "reusita": 100.0, "cnt": 55}, "ISTORIE": {"medie": 8.436470588235292, "reusita": 100.0, "cnt": 85}, "LOGICA, ARGUMENTARE SI COMUNICARE": {"medie": 9.850000000000001, "reusita": 100.0, "cnt": 2}, "SOCIOLOGIE": {"medie": 8.425, "reusita": 100.0, "cnt": 10}, "FIZICA TEO": {"medie": 8.753333333333334, "reusita": 100.0, "cnt": 30}, "INFORMATICA MI C/C++": {"medie": 7.816666666666667, "reusita": 100.0, "cnt": 12}, "CHIMIE ANORGANICA TEO NIVEL I/II": {"medie": 9.016666666666667, "reusita": 100.0, "cnt": 3}, "CHIMIE ORGANICA TEO NIVEL I/II": {"medie": 8.828947368421053, "reusita": 100.0, "cnt": 19}, "PSIHOLOGIE": {"medie": 9.325, "reusita": 100.0, "cnt": 2}, "INFORMATICA SN C/C++": {"medie": 9.05, "reusita": 100.0, "cnt": 2}, "ECONOMIE": {"medie": 8.750000000000002, "reusita": 100.0, "cnt": 11}}, "nume": "COLEGIUL NATIONAL \"AL. I. CUZA\" FOCSANI\tVrancea"}