{"specializari": {"MUZICA": 64}, "limba_moderna": {"LIMBA ENGLEZA": 62, "LIMBA FRANCEZA": 2}, "limba_materna": {"LIMBA ROMANA": 64}, "promotie_anterioara": {"DA": 2, "NU": 62}, "materii": {"LIMBA ROMANA": {"medie": 6.385245901639344, "reusita": 84.375, "cnt": 64}, "GENERAL": {"medie": 7.151092896174866, "reusita": 76.5625, "cnt": 64}, "GEOGRAFIE": {"medie": 8.229, "reusita": 98.0, "cnt": 50}, "ISTORIE": {"medie": 7.04016393442623, "reusita": 90.625, "cnt": 64}, "LOGICA, ARGUMENTARE SI COMUNICARE": {"medie": 6.772222222222222, "reusita": 58.333333333333336, "cnt": 12}, "PSIHOLOGIE": {"medie": 8.65, "reusita": 100.0, "cnt": 2}}, "nume": "COLEGIUL NATIONAL DE MUZICA \"GEORGE ENESCU\"\tBucure\u0219ti"}