{"specializari": {"MATEMATICA-INFORMATICA": 36, "STIINTE SOCIALE": 39, "STIINTE ALE NATURII": 99, "FILOLOGIE": 36}, "limba_moderna": {"LIMBA ENGLEZA": 206, "LIMBA FRANCEZA": 4}, "limba_materna": {"LIMBA ROMANA": 210}, "promotie_anterioara": {"DA": 2, "NU": 208}, "materii": {"LIMBA ROMANA": {"medie": 7.793809523809529, "reusita": 100.0, "cnt": 210}, "BIOLOGIE VEGETALA SI ANIMALA": {"medie": 7.800000000000001, "reusita": 100.0, "cnt": 2}, "GENERAL": {"medie": 8.04134920634921, "reusita": 96.19047619047619, "cnt": 210}, "GEOGRAFIE": {"medie": 8.54903846153846, "reusita": 100.0, "cnt": 52}, "ANATOMIE SI FIZIOLOGIE UMANA, GENETICA SI ECOLOGIE UMANA": {"medie": 8.374712643678162, "reusita": 98.85057471264368, "cnt": 87}, "MATEMATICA ST-NAT": {"medie": 8.014141414141413, "reusita": 95.95959595959596, "cnt": 99}, "MATEMATICA MATE-INFO": {"medie": 8.612500000000002, "reusita": 100.0, "cnt": 36}, "ISTORIE": {"medie": 7.208, "reusita": 100.0, "cnt": 75}, "LOGICA, ARGUMENTARE SI COMUNICARE": {"medie": 7.0, "reusita": 100.0, "cnt": 1}, "SOCIOLOGIE": {"medie": 7.871428571428573, "reusita": 100.0, "cnt": 7}, "FIZICA TEO": {"medie": 9.001851851851852, "reusita": 100.0, "cnt": 27}, "INFORMATICA MI C/C++": {"medie": 8.836363636363636, "reusita": 100.0, "cnt": 11}, "CHIMIE ORGANICA TEO NIVEL I/II": {"medie": 9.164285714285715, "reusita": 100.0, "cnt": 7}, "PSIHOLOGIE": {"medie": 7.954999999999998, "reusita": 100.0, "cnt": 10}, "INFORMATICA SN C/C++": {"medie": 8.7, "reusita": 100.0, "cnt": 1}, "ECONOMIE": {"medie": 8.36, "reusita": 100.0, "cnt": 5}}, "nume": "COLEGIUL NATIONAL ALEXANDRU LAHOVARI, MUN. RM. VALCEA\tV\u00e2lcea"}