{"specializari": {"MATEMATICA-INFORMATICA": 30, "STIINTE SOCIALE": 31, "FILOLOGIE": 30}, "limba_moderna": {"LIMBA ENGLEZA": 65, "LIMBA ITALIANA": 26}, "limba_materna": {"LIMBA ROMANA": 91}, "promotie_anterioara": {"NU": 91}, "materii": {"LIMBA ROMANA": {"medie": 8.224175824175823, "reusita": 100.0, "cnt": 91}, "GENERAL": {"medie": 8.439194139194141, "reusita": 98.9010989010989, "cnt": 91}, "GEOGRAFIE": {"medie": 8.887878787878789, "reusita": 100.0, "cnt": 33}, "ANATOMIE SI FIZIOLOGIE UMANA, GENETICA SI ECOLOGIE UMANA": {"medie": 8.5, "reusita": 100.0, "cnt": 2}, "MATEMATICA MATE-INFO": {"medie": 8.443333333333332, "reusita": 100.0, "cnt": 30}, "ISTORIE": {"medie": 8.34672131147541, "reusita": 98.36065573770492, "cnt": 61}, "LOGICA, ARGUMENTARE SI COMUNICARE": {"medie": 8.817499999999999, "reusita": 100.0, "cnt": 20}, "SOCIOLOGIE": {"medie": 9.379999999999999, "reusita": 100.0, "cnt": 5}, "INFORMATICA MI C/C++": {"medie": 8.348214285714285, "reusita": 100.0, "cnt": 28}, "PSIHOLOGIE": {"medie": 8.325, "reusita": 100.0, "cnt": 2}, "ECONOMIE": {"medie": 9.1, "reusita": 100.0, "cnt": 1}}, "nume": "COLEGIUL NATIONAL \"GEORGE BARITIU\" CLUJ-NAPOCA\tCluj"}