{"specializari": {"STIINTE ALE NATURII": 28, "MATEMATICA-INFORMATICA": 60, "FILOLOGIE": 54}, "limba_moderna": {"LIMBA ENGLEZA": 142}, "limba_materna": {"LIMBA ROMANA": 142}, "promotie_anterioara": {"DA": 4, "NU": 138}, "materii": {"LIMBA ROMANA": {"medie": 8.01725352112676, "reusita": 99.29577464788733, "cnt": 142}, "BIOLOGIE VEGETALA SI ANIMALA": {"medie": 7.7375, "reusita": 100.0, "cnt": 4}, "GENERAL": {"medie": 7.926241134751771, "reusita": 92.95774647887323, "cnt": 142}, "GEOGRAFIE": {"medie": 9.215625, "reusita": 100.0, "cnt": 16}, "ANATOMIE SI FIZIOLOGIE UMANA, GENETICA SI ECOLOGIE UMANA": {"medie": 7.545652173913045, "reusita": 100.0, "cnt": 23}, "MATEMATICA ST-NAT": {"medie": 7.198214285714286, "reusita": 85.71428571428571, "cnt": 28}, "MATEMATICA MATE-INFO": {"medie": 7.798305084745763, "reusita": 98.33333333333333, "cnt": 60}, "ISTORIE": {"medie": 7.938888888888886, "reusita": 98.14814814814815, "cnt": 54}, "LOGICA, ARGUMENTARE SI COMUNICARE": {"medie": 8.627777777777776, "reusita": 100.0, "cnt": 18}, "SOCIOLOGIE": {"medie": 7.463888888888889, "reusita": 100.0, "cnt": 18}, "FIZICA TEO": {"medie": 8.37857142857143, "reusita": 100.0, "cnt": 7}, "INFORMATICA MI C/C++": {"medie": 8.119354838709675, "reusita": 96.875, "cnt": 32}, "CHIMIE ORGANICA TEO NIVEL I/II": {"medie": 7.457142857142858, "reusita": 100.0, "cnt": 21}, "PSIHOLOGIE": {"medie": 9.25, "reusita": 100.0, "cnt": 2}, "INFORMATICA SN C/C++": {"medie": 5.2, "reusita": 100.0, "cnt": 1}}, "nume": "COLEGIUL NATIONAL \"VASILE GOLDIS\" ARAD\tArad"}