{"specializari": {"TEHNICIAN IN ADMINISTRATIE": 26, "TEHNICIAN IN ACTIVITATI ECONOMICE": 80, "TEHNICIAN IN TURISM": 27, "TEHNICIAN IN GASTRONOMIE": 29, "TEHNICIAN IN ACTIVITATI DE COMERT": 29}, "limba_moderna": {"LIMBA ENGLEZA": 170, "LIMBA FRANCEZA": 21}, "limba_materna": {"LIMBA ROMANA": 191}, "promotie_anterioara": {"DA": 6, "NU": 185}, "materii": {"LIMBA ROMANA": {"medie": 7.626701570680626, "reusita": 98.95287958115183, "cnt": 191}, "MATEMATICA TEHN": {"medie": 7.231578947368421, "reusita": 95.81151832460732, "cnt": 191}, "GENERAL": {"medie": 7.728571428571429, "reusita": 91.09947643979058, "cnt": 191}, "GEOGRAFIE": {"medie": 8.159374999999999, "reusita": 93.87755102040816, "cnt": 49}, "LOGICA, ARGUMENTARE SI COMUNICARE": {"medie": 8.331690140845069, "reusita": 99.29577464788733, "cnt": 142}}, "nume": "COLEGIUL ECONOMIC \"OCTAV ONICESCU\" BOTOSANI\tBoto\u0219ani"}