{"specializari": {"MATEMATICA-INFORMATICA": 5, "TEHNICIAN POLIGRAF": 28, "TEHNICIAN PRODUCTIE FILM SI TELEVIZIUNE": 65, "TEHNICIAN MECATRONIST": 1, "LICEU CU PROGRAM SPORTIV": 35, "TEHNICIAN OPERATOR PROCESARE TEXT IMAGINE": 18, "STIINTE ALE NATURII": 23}, "limba_moderna": {"LIMBA ENGLEZA": 175}, "limba_materna": {"LIMBA ROMANA": 175}, "promotie_anterioara": {"DA": 71, "NU": 104}, "materii": {"LIMBA ROMANA": {"medie": 5.740882352941175, "reusita": 83.42857142857143, "cnt": 175}, "MATEMATICA TEHN": {"medie": 4.247115384615386, "reusita": 48.214285714285715, "cnt": 112}, "BIOLOGIE VEGETALA SI ANIMALA": {"medie": 4.688725490196079, "reusita": 48.598130841121495, "cnt": 107}, "GENERAL": {"medie": 5.30292207792208, "reusita": 24.571428571428573, "cnt": 175}, "GEOGRAFIE": {"medie": 6.75, "reusita": 86.66666666666667, "cnt": 30}, "ANATOMIE SI FIZIOLOGIE UMANA, GENETICA SI ECOLOGIE UMANA": {"medie": 6.38125, "reusita": 70.0, "cnt": 10}, "FIZICA TEH": {"medie": 5.3999999999999995, "reusita": 66.66666666666666, "cnt": 6}, "MATEMATICA ST-NAT": {"medie": 5.375000000000001, "reusita": 69.56521739130434, "cnt": 23}, "MATEMATICA MATE-INFO": {"medie": 4.27, "reusita": 60.0, "cnt": 5}, "ISTORIE": {"medie": 5.665151515151514, "reusita": 80.0, "cnt": 35}, "CHIMIE ANORGANICA TEH NIVEL I/II": {"medie": 5.500000000000001, "reusita": 66.66666666666666, "cnt": 6}, "CHIMIE ORGANICA TEH NIVEL I/II": {"medie": 4.75, "reusita": 66.66666666666666, "cnt": 3}, "LOGICA, ARGUMENTARE SI COMUNICARE": {"medie": 6.175, "reusita": 40.0, "cnt": 5}, "CHIMIE ANORGANICA TEO NIVEL I/II": {"medie": 6.5249999999999995, "reusita": 100.0, "cnt": 8}}, "nume": "COLEGIUL TEHNIC \"MEDIA\"\tBucure\u0219ti"}