{"specializari": {"TEHNICIAN IN GASTRONOMIE": 1, "TEHNICIAN IN ACTIVITATI DE COMERT": 3, "TEHNICIAN IN ACTIVITATI ECONOMICE": 33, "TEHNICIAN IN ACHIZITII SI CONTRACTARI": 33, "TEHNICIAN IN TURISM": 27, "ORGANIZATOR BANQUETING": 1}, "limba_moderna": {"LIMBA ENGLEZA": 84, "LIMBA FRANCEZA": 14}, "limba_materna": {"LIMBA ROMANA": 98}, "promotie_anterioara": {"DA": 9, "NU": 89}, "materii": {"LIMBA ROMANA": {"medie": 8.044897959183674, "reusita": 100.0, "cnt": 98}, "MATEMATICA TEHN": {"medie": 7.791326530612246, "reusita": 95.91836734693877, "cnt": 98}, "GENERAL": {"medie": 8.088831615120272, "reusita": 92.85714285714286, "cnt": 98}, "GEOGRAFIE": {"medie": 8.325352112676056, "reusita": 98.61111111111111, "cnt": 72}, "LOGICA, ARGUMENTARE SI COMUNICARE": {"medie": 8.540384615384617, "reusita": 100.0, "cnt": 26}}, "nume": "COLEGIUL ECONOMIC \"IULIAN POP\" CLUJ-NAPOCA\tCluj"}