{"specializari": {"TEHNICIAN IN GASTRONOMIE": 26, "TEHNICIAN IN ACTIVITATI DE COMERT": 31, "TEHNICIAN IN ACTIVITATI ECONOMICE": 113, "TEHNICIAN IN ADMINISTRATIE": 30, "TEHNICIAN IN TURISM": 1}, "limba_moderna": {"LIMBA ENGLEZA": 165, "LIMBA FRANCEZA": 30, "LIMBA GERMANA MODERNA": 6}, "limba_materna": {"LIMBA ROMANA": 201}, "promotie_anterioara": {"DA": 11, "NU": 190}, "materii": {"LIMBA ROMANA": {"medie": 7.657960199004976, "reusita": 98.00995024875621, "cnt": 201}, "MATEMATICA TEHN": {"medie": 6.858249999999999, "reusita": 92.03980099502488, "cnt": 201}, "GENERAL": {"medie": 7.744083333333335, "reusita": 88.05970149253731, "cnt": 201}, "GEOGRAFIE": {"medie": 8.735, "reusita": 100.0, "cnt": 20}, "LOGICA, ARGUMENTARE SI COMUNICARE": {"medie": 8.669999999999993, "reusita": 98.23529411764706, "cnt": 170}, "PSIHOLOGIE": {"medie": 8.98125, "reusita": 100.0, "cnt": 8}, "ECONOMIE": {"medie": 7.133333333333333, "reusita": 100.0, "cnt": 3}}, "nume": "COLEGIUL ECONOMIC \"MARIA TEIULEANU\" PITESTI\tArge\u0219"}