{"specializari": {"STIINTE ALE NATURII": 35, "MATEMATICA-INFORMATICA": 143, "MUZICA": 1, "FILOLOGIE": 66}, "limba_moderna": {"LIMBA ENGLEZA": 236, "LIMBA FRANCEZA": 9}, "limba_materna": {"LIMBA ROMANA": 245}, "promotie_anterioara": {"DA": 35, "NU": 210}, "materii": {"LIMBA ROMANA": {"medie": 7.613374485596708, "reusita": 96.73469387755102, "cnt": 245}, "BIOLOGIE VEGETALA SI ANIMALA": {"medie": 6.550000000000001, "reusita": 50.0, "cnt": 2}, "GENERAL": {"medie": 7.23801652892562, "reusita": 68.9795918367347, "cnt": 245}, "GEOGRAFIE": {"medie": 8.948148148148148, "reusita": 98.18181818181819, "cnt": 55}, "ANATOMIE SI FIZIOLOGIE UMANA, GENETICA SI ECOLOGIE UMANA": {"medie": 6.609701492537313, "reusita": 85.18518518518519, "cnt": 135}, "MATEMATICA ST-NAT": {"medie": 4.805714285714286, "reusita": 60.0, "cnt": 35}, "MATEMATICA MATE-INFO": {"medie": 6.118794326241132, "reusita": 71.32867132867133, "cnt": 143}, "ISTORIE": {"medie": 8.455303030303028, "reusita": 95.52238805970148, "cnt": 67}, "LOGICA, ARGUMENTARE SI COMUNICARE": {"medie": 10.0, "reusita": 100.0, "cnt": 1}, "SOCIOLOGIE": {"medie": 7.1, "reusita": 100.0, "cnt": 4}, "FIZICA TEO": {"medie": 8.370833333333332, "reusita": 100.0, "cnt": 24}, "INFORMATICA MI C/C++": {"medie": 8.888461538461538, "reusita": 100.0, "cnt": 13}, "CHIMIE ANORGANICA TEO NIVEL I/II": {"medie": 9.0, "reusita": 100.0, "cnt": 1}, "CHIMIE ORGANICA TEO NIVEL I/II": {"medie": 7.125, "reusita": 100.0, "cnt": 2}, "PSIHOLOGIE": {"medie": 6.6, "reusita": 100.0, "cnt": 1}, "INFORMATICA SN C/C++": {"medie": 5.95, "reusita": 100.0, "cnt": 1}, "ECONOMIE": {"medie": 9.450000000000001, "reusita": 100.0, "cnt": 6}}, "nume": "COLEGIUL NATIONAL \"ANASTASESCU\" ROSIORI DE VEDE\tTeleorman"}