{"specializari": {"TEHNICIAN DESIGNER MOBILA SI AMENAJARI INTERIOARE": 1, "TEHNICIAN IN ACTIVITATI ECONOMICE": 2, "TEHNICIAN IN INSTALATII ELECTRICE": 1, "ORGANIZATOR BANQUETING": 11, "TEHNICIAN ELECTROMECANIC": 8, "TEHNICIAN ECOLOG SI PROTECTIA CALITATII MEDIULUI": 7, "TEHNICIAN IN TURISM": 19}, "limba_moderna": {"LIMBA FRANCEZA": 13, "LIMBA ENGLEZA": 36}, "limba_materna": {"LIMBA ROMANA": 49}, "promotie_anterioara": {"DA": 4, "NU": 45}, "materii": {"LIMBA ROMANA": {"medie": 5.654166666666669, "reusita": 79.59183673469387, "cnt": 49}, "MATEMATICA TEHN": {"medie": 3.1877777777777774, "reusita": 18.367346938775512, "cnt": 49}, "BIOLOGIE VEGETALA SI ANIMALA": {"medie": 4.8875, "reusita": 62.5, "cnt": 8}, "GENERAL": {"medie": 4.945555555555555, "reusita": 16.3265306122449, "cnt": 49}, "GEOGRAFIE": {"medie": 6.556521739130435, "reusita": 83.33333333333334, "cnt": 24}, "FIZICA TEH": {"medie": 5.555555555555555, "reusita": 55.55555555555556, "cnt": 9}, "LOGICA, ARGUMENTARE SI COMUNICARE": {"medie": 6.08125, "reusita": 62.5, "cnt": 8}}, "nume": "COLEGIUL TEHNIC \"PETRU MUSAT\" SUCEAVA\tSuceava"}