{"specializari": {"FILOLOGIE": 35, "MATEMATICA-INFORMATICA": 126, "STIINTE ALE NATURII": 33}, "limba_moderna": {"LIMBA ENGLEZA": 192, "LIMBA GERMANA MODERNA": 1, "LIMBA FRANCEZA": 1}, "limba_materna": {"LIMBA ROMANA": 194}, "promotie_anterioara": {"DA": 1, "NU": 193}, "materii": {"LIMBA ROMANA": {"medie": 8.687113402061856, "reusita": 100.0, "cnt": 194}, "BIOLOGIE VEGETALA SI ANIMALA": {"medie": 7.8, "reusita": 100.0, "cnt": 1}, "GENERAL": {"medie": 8.79149484536083, "reusita": 99.48453608247422, "cnt": 194}, "GEOGRAFIE": {"medie": 9.03, "reusita": 100.0, "cnt": 10}, "ANATOMIE SI FIZIOLOGIE UMANA, GENETICA SI ECOLOGIE UMANA": {"medie": 8.594642857142858, "reusita": 100.0, "cnt": 28}, "MATEMATICA ST-NAT": {"medie": 8.372727272727273, "reusita": 100.0, "cnt": 33}, "MATEMATICA MATE-INFO": {"medie": 8.903174603174609, "reusita": 100.0, "cnt": 126}, "ISTORIE": {"medie": 8.294285714285715, "reusita": 100.0, "cnt": 35}, "LOGICA, ARGUMENTARE SI COMUNICARE": {"medie": 8.868421052631579, "reusita": 94.73684210526315, "cnt": 19}, "SOCIOLOGIE": {"medie": 9.4, "reusita": 100.0, "cnt": 3}, "FIZICA TEO": {"medie": 9.074657534246576, "reusita": 100.0, "cnt": 73}, "INFORMATICA MI C/C++": {"medie": 9.033870967741937, "reusita": 100.0, "cnt": 31}, "CHIMIE ANORGANICA TEO NIVEL I/II": {"medie": 8.5, "reusita": 100.0, "cnt": 1}, "CHIMIE ORGANICA TEO NIVEL I/II": {"medie": 9.311999999999998, "reusita": 100.0, "cnt": 25}, "PSIHOLOGIE": {"medie": 7.1, "reusita": 100.0, "cnt": 1}, "ECONOMIE": {"medie": 8.3, "reusita": 100.0, "cnt": 2}}, "nume": "COLEGIUL NATIONAL \"GRIGORE MOISIL\"\tBucure\u0219ti"}