{"specializari": {"TEHNICIAN TRANSPORTURI": 2, "TEHNICIAN IN AUTOMATIZARI": 6, "TEHNICIAN PRELUCRARI PE MASINI CU COMANDA NUMERICA": 10, "MATEMATICA-INFORMATICA": 17, "TEHNICIAN MECANIC PENTRU INTRETINERE SI REPARATII": 1, "TEHNICIAN ELECTRICIAN/ELECTRONIST AUTO": 14}, "limba_moderna": {"LIMBA ENGLEZA": 44, "LIMBA FRANCEZA": 3, "LIMBA RUSA": 3}, "limba_materna": {"LIMBA ROMANA": 50}, "promotie_anterioara": {"DA": 13, "NU": 37}, "materii": {"LIMBA ROMANA": {"medie": 6.3846938775510225, "reusita": 76.0, "cnt": 50}, "MATEMATICA TEHN": {"medie": 4.403448275862068, "reusita": 42.42424242424242, "cnt": 33}, "BIOLOGIE VEGETALA SI ANIMALA": {"medie": 5.160526315789474, "reusita": 61.904761904761905, "cnt": 21}, "GENERAL": {"medie": 6.036742424242425, "reusita": 38.0, "cnt": 50}, "FIZICA TEH": {"medie": 4.815, "reusita": 50.0, "cnt": 10}, "MATEMATICA MATE-INFO": {"medie": 7.511764705882354, "reusita": 88.23529411764706, "cnt": 17}, "CHIMIE ANORGANICA TEH NIVEL I/II": {"medie": 6.408333333333334, "reusita": 100.0, "cnt": 6}, "CHIMIE ORGANICA TEH NIVEL I/II": {"medie": 5.35, "reusita": 100.0, "cnt": 2}, "CHIMIE ANORGANICA TEO NIVEL I/II": {"medie": 7.7272727272727275, "reusita": 100.0, "cnt": 11}}, "nume": "COLEGIUL TEHNIC \"MIHAIL STURDZA\", IASI\tIa\u0219i"}