{"specializari": {"MATEMATICA-INFORMATICA": 81, "STIINTE ALE NATURII": 27, "STIINTE SOCIALE": 30, "FILOLOGIE": 30}, "limba_moderna": {"LIMBA ENGLEZA": 163, "LIMBA FRANCEZA": 5}, "limba_materna": {"LIMBA ROMANA": 168}, "promotie_anterioara": {"DA": 5, "NU": 163}, "materii": {"LIMBA ROMANA": {"medie": 8.196130952380953, "reusita": 100.0, "cnt": 168}, "GENERAL": {"medie": 8.21365461847389, "reusita": 95.23809523809523, "cnt": 168}, "GEOGRAFIE": {"medie": 8.7375, "reusita": 100.0, "cnt": 4}, "ANATOMIE SI FIZIOLOGIE UMANA, GENETICA SI ECOLOGIE UMANA": {"medie": 8.534615384615387, "reusita": 97.43589743589743, "cnt": 78}, "MATEMATICA ST-NAT": {"medie": 8.43148148148148, "reusita": 100.0, "cnt": 27}, "MATEMATICA MATE-INFO": {"medie": 8.293037974683546, "reusita": 97.53086419753086, "cnt": 81}, "ISTORIE": {"medie": 7.151666666666669, "reusita": 95.0, "cnt": 60}, "LOGICA, ARGUMENTARE SI COMUNICARE": {"medie": 8.486666666666666, "reusita": 100.0, "cnt": 45}, "SOCIOLOGIE": {"medie": 8.200000000000001, "reusita": 100.0, "cnt": 6}, "FIZICA TEO": {"medie": 8.645652173913044, "reusita": 100.0, "cnt": 23}, "INFORMATICA MI C/C++": {"medie": 7.42, "reusita": 83.33333333333334, "cnt": 6}, "CHIMIE ORGANICA TEO NIVEL I/II": {"medie": 6.45, "reusita": 100.0, "cnt": 1}, "PSIHOLOGIE": {"medie": 8.533333333333333, "reusita": 100.0, "cnt": 3}, "ECONOMIE": {"medie": 9.399999999999999, "reusita": 100.0, "cnt": 2}}, "nume": "COLEGIUL DOBROGEAN \"SPIRU HARET\" TULCEA\tTulcea"}