{"specializari": {"STIINTE ALE NATURII": 30, "MATEMATICA-INFORMATICA": 112, "STIINTE SOCIALE": 34, "FILOLOGIE": 31}, "limba_moderna": {"LIMBA FRANCEZA": 26, "LIMBA ENGLEZA": 179, "LIMBA GERMANA MODERNA": 2}, "limba_materna": {"LIMBA ROMANA": 207}, "promotie_anterioara": {"DA": 1, "NU": 206}, "materii": {"LIMBA ROMANA": {"medie": 8.459661835748788, "reusita": 100.0, "cnt": 207}, "BIOLOGIE VEGETALA SI ANIMALA": {"medie": 8.620689655172416, "reusita": 100.0, "cnt": 29}, "GENERAL": {"medie": 8.378904991948467, "reusita": 96.61835748792271, "cnt": 207}, "GEOGRAFIE": {"medie": 8.884042553191492, "reusita": 100.0, "cnt": 47}, "ANATOMIE SI FIZIOLOGIE UMANA, GENETICA SI ECOLOGIE UMANA": {"medie": 8.341666666666667, "reusita": 100.0, "cnt": 12}, "MATEMATICA ST-NAT": {"medie": 7.8133333333333335, "reusita": 96.66666666666667, "cnt": 30}, "MATEMATICA MATE-INFO": {"medie": 8.450892857142854, "reusita": 99.10714285714286, "cnt": 112}, "ISTORIE": {"medie": 7.577692307692306, "reusita": 100.0, "cnt": 65}, "LOGICA, ARGUMENTARE SI COMUNICARE": {"medie": 9.875, "reusita": 100.0, "cnt": 2}, "FIZICA TEO": {"medie": 8.7, "reusita": 100.0, "cnt": 58}, "INFORMATICA MI C/C++": {"medie": 7.640624999999999, "reusita": 81.25, "cnt": 16}, "CHIMIE ORGANICA TEO NIVEL I/II": {"medie": 8.799999999999999, "reusita": 100.0, "cnt": 27}, "FILOSOFIE": {"medie": 5.3, "reusita": 100.0, "cnt": 1}, "PSIHOLOGIE": {"medie": 8.864285714285714, "reusita": 100.0, "cnt": 7}, "ECONOMIE": {"medie": 7.4375, "reusita": 100.0, "cnt": 8}}, "nume": "COLEGIUL NATIONAL \"VLAICU VODA\" CURTEA DE ARGES\tArge\u0219"}