{"specializari": {"TEHNICIAN DESIGNER VESTIMENTAR": 3, "TEHNICIAN IN TURISM": 43, "TEHNICIAN IN INDUSTRIA TEXTILA": 5, "TEHNICIAN IN INDUSTRIA PIELARIEI": 1}, "limba_moderna": {"LIMBA ENGLEZA": 48, "LIMBA RUSA": 1, "LIMBA FRANCEZA": 3}, "limba_materna": {"LIMBA ROMANA": 52}, "promotie_anterioara": {"DA": 19, "NU": 33}, "materii": {"LIMBA ROMANA": {"medie": 5.819230769230769, "reusita": 92.3076923076923, "cnt": 52}, "MATEMATICA TEHN": {"medie": 5.224000000000001, "reusita": 67.3076923076923, "cnt": 52}, "BIOLOGIE VEGETALA SI ANIMALA": {"medie": 6.6000000000000005, "reusita": 50.0, "cnt": 6}, "GENERAL": {"medie": 6.121428571428571, "reusita": 50.0, "cnt": 52}, "GEOGRAFIE": {"medie": 7.442857142857142, "reusita": 97.61904761904762, "cnt": 42}, "ANATOMIE SI FIZIOLOGIE UMANA, GENETICA SI ECOLOGIE UMANA": {"medie": 5.0, "reusita": 100.0, "cnt": 1}, "FIZICA TEH": {"medie": 5.0, "reusita": 100.0, "cnt": 2}, "LOGICA, ARGUMENTARE SI COMUNICARE": {"medie": 8.95, "reusita": 100.0, "cnt": 1}}, "nume": "COLEGIUL DE SERVICII IN TURISM \"NAPOCA\" CLUJ-NAPOCA\tCluj"}