{"specializari": {"MATEMATICA-INFORMATICA": 159}, "limba_moderna": {"LIMBA ENGLEZA": 153, "LIMBA FRANCEZA": 3, "LIMBA GERMANA MODERNA": 3}, "limba_materna": {"LIMBA ROMANA": 159}, "promotie_anterioara": {"DA": 1, "NU": 158}, "materii": {"LIMBA ROMANA": {"medie": 8.50786163522013, "reusita": 100.0, "cnt": 159}, "BIOLOGIE VEGETALA SI ANIMALA": {"medie": 3.5, "reusita": 0.0, "cnt": 1}, "GENERAL": {"medie": 8.559014675052413, "reusita": 99.37106918238993, "cnt": 159}, "ANATOMIE SI FIZIOLOGIE UMANA, GENETICA SI ECOLOGIE UMANA": {"medie": 8.552777777777779, "reusita": 100.0, "cnt": 36}, "MATEMATICA MATE-INFO": {"medie": 8.610062893081762, "reusita": 100.0, "cnt": 159}, "FIZICA TEO": {"medie": 8.86, "reusita": 100.0, "cnt": 5}, "INFORMATICA MI C/C++": {"medie": 8.593103448275865, "reusita": 100.0, "cnt": 116}, "CHIMIE ORGANICA TEO NIVEL I/II": {"medie": 8.4, "reusita": 100.0, "cnt": 1}}, "nume": "COLEGIUL NATIONAL DE INFORMATICA \"GR. MOISIL\" BRASOV\tBra\u0219ov"}