{"specializari": {"TEHNICIAN IN PRELUCRAREA LEMNULUI": 1, "TEHNICIAN IN TURISM": 31, "TEHNICIAN IN INDUSTRIA TEXTILA": 1, "MATEMATICA-INFORMATICA": 55, "TEHNICIAN IN ACTIVITATI DE COMERT": 2, "TEHNICIAN MECANIC PENTRU INTRETINERE SI REPARATII": 2, "TEHNICIAN ECOLOG SI PROTECTIA CALITATII MEDIULUI": 1}, "limba_moderna": {"LIMBA ENGLEZA": 89, "LIMBA FRANCEZA": 4}, "limba_materna": {"LIMBA ROMANA": 93}, "promotie_anterioara": {"DA": 21, "NU": 72}, "materii": {"LIMBA ROMANA": {"medie": 5.9428571428571475, "reusita": 81.72043010752688, "cnt": 93}, "MATEMATICA TEHN": {"medie": 4.431578947368421, "reusita": 57.89473684210527, "cnt": 38}, "BIOLOGIE VEGETALA SI ANIMALA": {"medie": 5.725, "reusita": 100.0, "cnt": 4}, "GENERAL": {"medie": 6.068315018315019, "reusita": 56.98924731182796, "cnt": 93}, "GEOGRAFIE": {"medie": 6.929687500000001, "reusita": 96.875, "cnt": 32}, "ANATOMIE SI FIZIOLOGIE UMANA, GENETICA SI ECOLOGIE UMANA": {"medie": 6.352500000000001, "reusita": 80.95238095238095, "cnt": 21}, "MATEMATICA MATE-INFO": {"medie": 6.492592592592593, "reusita": 89.0909090909091, "cnt": 55}, "CHIMIE ORGANICA TEH NIVEL I/II": {"medie": 2.225, "reusita": 0.0, "cnt": 2}, "LOGICA, ARGUMENTARE SI COMUNICARE": {"medie": 5.0, "reusita": 100.0, "cnt": 1}, "FIZICA TEO": {"medie": 6.54375, "reusita": 100.0, "cnt": 8}, "INFORMATICA MI C/C++": {"medie": 6.299999999999999, "reusita": 100.0, "cnt": 7}, "CHIMIE ORGANICA TEO NIVEL I/II": {"medie": 7.294444444444443, "reusita": 100.0, "cnt": 18}}, "nume": "COLEGIUL \"FERDINAND I\", COMUNA MANECIU\tPrahova"}