{"specializari": {"STIINTE ALE NATURII": 63, "MATEMATICA-INFORMATICA": 25, "TEHNICIAN ECOLOG SI PROTECTIA CALITATII MEDIULUI": 33}, "limba_moderna": {"LIMBA ENGLEZA": 119, "LIMBA FRANCEZA": 2}, "limba_materna": {"LIMBA ROMANA": 121}, "promotie_anterioara": {"DA": 2, "NU": 119}, "materii": {"LIMBA ROMANA": {"medie": 8.251239669421489, "reusita": 100.0, "cnt": 121}, "MATEMATICA TEHN": {"medie": 7.265151515151515, "reusita": 96.96969696969697, "cnt": 33}, "BIOLOGIE VEGETALA SI ANIMALA": {"medie": 8.049999999999999, "reusita": 75.0, "cnt": 4}, "GENERAL": {"medie": 8.006388888888889, "reusita": 94.21487603305785, "cnt": 121}, "ANATOMIE SI FIZIOLOGIE UMANA, GENETICA SI ECOLOGIE UMANA": {"medie": 8.248453608247427, "reusita": 98.96907216494846, "cnt": 97}, "MATEMATICA ST-NAT": {"medie": 7.444354838709678, "reusita": 90.47619047619048, "cnt": 63}, "MATEMATICA MATE-INFO": {"medie": 8.495999999999999, "reusita": 100.0, "cnt": 25}, "FIZICA TEO": {"medie": 9.3, "reusita": 100.0, "cnt": 1}, "INFORMATICA MI C/C++": {"medie": 7.303571428571429, "reusita": 100.0, "cnt": 14}, "CHIMIE ANORGANICA TEO NIVEL I/II": {"medie": 8.4, "reusita": 100.0, "cnt": 3}, "CHIMIE ORGANICA TEO NIVEL I/II": {"medie": 9.05, "reusita": 100.0, "cnt": 1}, "INFORMATICA SN C/C++": {"medie": 9.25, "reusita": 100.0, "cnt": 1}}, "nume": "COLEGIUL DE STIINTE \"GRIGORE ANTIPA\" BRASOV\tBra\u0219ov"}