{"specializari": {"TEHNICIAN INSTALATII DE BORD (AVION)": 31, "TEHNICIAN AVIATIE": 20, "TEHNICIAN PROIECTANT CAD": 6, "TEHNICIAN IN INSTALATII ELECTRICE": 9, "MATEMATICA-INFORMATICA": 17, "TEHNICIAN MECATRONIST": 10, "TEHNICIAN PRELUCRARI MECANICE": 1, "FILOLOGIE": 26, "TEHNICIAN IN AUTOMATIZARI": 1}, "limba_moderna": {"LIMBA ENGLEZA": 104, "LIMBA FRANCEZA": 17}, "limba_materna": {"LIMBA ROMANA": 121}, "promotie_anterioara": {"DA": 54, "NU": 67}, "materii": {"LIMBA ROMANA": {"medie": 5.813025210084031, "reusita": 86.77685950413223, "cnt": 121}, "MATEMATICA TEHN": {"medie": 4.40138888888889, "reusita": 47.43589743589743, "cnt": 78}, "BIOLOGIE VEGETALA SI ANIMALA": {"medie": 4.517105263157893, "reusita": 45.56962025316456, "cnt": 79}, "GENERAL": {"medie": 5.315029761904763, "reusita": 20.66115702479339, "cnt": 121}, "GEOGRAFIE": {"medie": 6.781578947368421, "reusita": 100.0, "cnt": 19}, "ANATOMIE SI FIZIOLOGIE UMANA, GENETICA SI ECOLOGIE UMANA": {"medie": 4.525, "reusita": 50.0, "cnt": 2}, "FIZICA TEH": {"medie": 5.425, "reusita": 66.66666666666666, "cnt": 6}, "MATEMATICA MATE-INFO": {"medie": 5.114705882352941, "reusita": 76.47058823529412, "cnt": 17}, "ISTORIE": {"medie": 5.909615384615386, "reusita": 88.46153846153845, "cnt": 26}, "CHIMIE ORGANICA TEH NIVEL I/II": {"medie": 5.0, "reusita": 100.0, "cnt": 1}, "LOGICA, ARGUMENTARE SI COMUNICARE": {"medie": 6.533333333333334, "reusita": 100.0, "cnt": 6}, "INFORMATICA MI C/C++": {"medie": 5.564285714285715, "reusita": 85.71428571428571, "cnt": 7}, "PSIHOLOGIE": {"medie": 7.8, "reusita": 100.0, "cnt": 1}}, "nume": "COLEGIUL TEHNIC DE AERONAUTICA \"HENRI COANDA\"\tBucure\u0219ti"}