{"specializari": {"FILOLOGIE": 163, "EDUCATOR-PUERICULTOR": 26, "STIINTE SOCIALE": 34}, "limba_moderna": {"LIMBA ENGLEZA": 186, "LIMBA FRANCEZA": 24, "LIMBA SPANIOLA": 11, "LIMBA GERMANA MODERNA": 2}, "limba_materna": {"LIMBA ROMANA": 223}, "promotie_anterioara": {"DA": 5, "NU": 218}, "materii": {"LIMBA ROMANA": {"medie": 7.764414414414417, "reusita": 99.10313901345292, "cnt": 223}, "GENERAL": {"medie": 7.798873873873872, "reusita": 91.4798206278027, "cnt": 223}, "GEOGRAFIE": {"medie": 8.07463768115942, "reusita": 100.0, "cnt": 69}, "ISTORIE": {"medie": 7.376576576576573, "reusita": 96.41255605381166, "cnt": 223}, "LOGICA, ARGUMENTARE SI COMUNICARE": {"medie": 8.389552238805974, "reusita": 97.03703703703704, "cnt": 135}, "SOCIOLOGIE": {"medie": 7.031250000000001, "reusita": 100.0, "cnt": 8}, "PSIHOLOGIE": {"medie": 8.65, "reusita": 100.0, "cnt": 11}}, "nume": "COLEGIUL NATIONAL \"MIHAI EMINESCU\" BAIA MARE\tMaramure\u0219"}