{"specializari": {"TEHNICIAN ECOLOG SI PROTECTIA CALITATII MEDIULUI": 5, "STIINTE SOCIALE": 21}, "limba_moderna": {"LIMBA ENGLEZA": 26}, "limba_materna": {"LIMBA ROMANA": 26}, "promotie_anterioara": {"DA": 13, "NU": 13}, "materii": {"LIMBA ROMANA": {"medie": 5.24, "reusita": 61.53846153846154, "cnt": 26}, "MATEMATICA TEHN": {"medie": 4.433333333333334, "reusita": 40.0, "cnt": 5}, "BIOLOGIE VEGETALA SI ANIMALA": {"medie": 7.5375000000000005, "reusita": 80.0, "cnt": 5}, "GENERAL": {"medie": 5.9377192982456135, "reusita": 50.0, "cnt": 26}, "GEOGRAFIE": {"medie": 6.0875, "reusita": 75.0, "cnt": 4}, "ISTORIE": {"medie": 6.044444444444444, "reusita": 76.19047619047619, "cnt": 21}, "LOGICA, ARGUMENTARE SI COMUNICARE": {"medie": 7.0, "reusita": 66.66666666666666, "cnt": 3}, "SOCIOLOGIE": {"medie": 6.179166666666666, "reusita": 64.28571428571429, "cnt": 14}}, "nume": "COLEGIUL ECOLOGIC \"PROF.UNIV.DR. ALEXANDRU IONESCU\" PITESTI\tArge\u0219"}