{"specializari": {"TEHNICIAN ELECTROTEHNIST": 3, "TEHNICIAN IN HOTELARIE": 15, "TEHNICIAN TRANSPORTURI": 28, "MATEMATICA-INFORMATICA": 9, "TEHNICIAN IN TURISM": 25, "TEHNICIAN ELECTRICIAN/ELECTRONIST AUTO": 5, "LICEU CU PROGRAM SPORTIV": 17}, "limba_moderna": {"LIMBA ENGLEZA": 101, "LIMBA FRANCEZA": 1}, "limba_materna": {"LIMBA ROMANA": 102}, "promotie_anterioara": {"DA": 53, "NU": 49}, "materii": {"LIMBA ROMANA": {"medie": 5.641414141414141, "reusita": 80.3921568627451, "cnt": 102}, "MATEMATICA TEHN": {"medie": 4.125694444444444, "reusita": 42.10526315789473, "cnt": 76}, "BIOLOGIE VEGETALA SI ANIMALA": {"medie": 5.11206896551724, "reusita": 51.61290322580645, "cnt": 31}, "GENERAL": {"medie": 5.3581521739130435, "reusita": 22.54901960784314, "cnt": 102}, "GEOGRAFIE": {"medie": 6.72272727272727, "reusita": 85.96491228070175, "cnt": 57}, "ANATOMIE SI FIZIOLOGIE UMANA, GENETICA SI ECOLOGIE UMANA": {"medie": 5.05, "reusita": 100.0, "cnt": 1}, "FIZICA TEH": {"medie": 4.570833333333334, "reusita": 53.84615384615385, "cnt": 13}, "MATEMATICA MATE-INFO": {"medie": 4.511111111111112, "reusita": 66.66666666666666, "cnt": 9}, "ISTORIE": {"medie": 5.35, "reusita": 82.35294117647058, "cnt": 17}}, "nume": "COLEGIUL TEHNIC \"IULIU MANIU\"\tBucure\u0219ti"}