{"specializari": {"STIINTE ALE NATURII": 66, "MATEMATICA-INFORMATICA": 108, "FILOLOGIE": 67}, "limba_moderna": {"LIMBA FRANCEZA": 16, "LIMBA ENGLEZA": 224, "LIMBA ITALIANA": 1}, "limba_materna": {"LIMBA ROMANA": 241}, "promotie_anterioara": {"DA": 3, "NU": 238}, "materii": {"LIMBA ROMANA": {"medie": 8.85829875518672, "reusita": 100.0, "cnt": 241}, "BIOLOGIE VEGETALA SI ANIMALA": {"medie": 7.821428571428571, "reusita": 100.0, "cnt": 7}, "GENERAL": {"medie": 8.865698478561542, "reusita": 98.3402489626556, "cnt": 241}, "GEOGRAFIE": {"medie": 8.586956521739133, "reusita": 100.0, "cnt": 46}, "ANATOMIE SI FIZIOLOGIE UMANA, GENETICA SI ECOLOGIE UMANA": {"medie": 9.260759493670882, "reusita": 100.0, "cnt": 79}, "MATEMATICA ST-NAT": {"medie": 8.382575757575758, "reusita": 96.96969696969697, "cnt": 66}, "MATEMATICA MATE-INFO": {"medie": 9.23425925925926, "reusita": 100.0, "cnt": 108}, "ISTORIE": {"medie": 7.964179104477614, "reusita": 98.50746268656717, "cnt": 67}, "LOGICA, ARGUMENTARE SI COMUNICARE": {"medie": 9.916666666666666, "reusita": 100.0, "cnt": 3}, "SOCIOLOGIE": {"medie": 7.4, "reusita": 100.0, "cnt": 5}, "FIZICA TEO": {"medie": 9.26, "reusita": 96.66666666666667, "cnt": 30}, "INFORMATICA MI C/C++": {"medie": 9.7, "reusita": 100.0, "cnt": 35}, "CHIMIE ORGANICA TEO NIVEL I/II": {"medie": 9.189130434782609, "reusita": 100.0, "cnt": 23}, "FILOSOFIE": {"medie": 9.0, "reusita": 100.0, "cnt": 1}, "PSIHOLOGIE": {"medie": 8.722222222222221, "reusita": 100.0, "cnt": 9}, "ECONOMIE": {"medie": 8.883333333333333, "reusita": 100.0, "cnt": 3}}, "nume": "COLEGIUL NATIONAL \"TUDOR VLADIMIRESCU\" TG-JIU\tGorj"}