{"specializari": {"FILOLOGIE": 29, "MATEMATICA-INFORMATICA": 89, "STIINTE ALE NATURII": 60, "STIINTE SOCIALE": 30}, "limba_moderna": {"LIMBA ENGLEZA": 206, "LIMBA FRANCEZA": 1, "LIMBA GERMANA MODERNA": 1}, "limba_materna": {"LIMBA ROMANA": 208}, "promotie_anterioara": {"DA": 1, "NU": 207}, "materii": {"LIMBA ROMANA": {"medie": 8.47283653846154, "reusita": 100.0, "cnt": 208}, "BIOLOGIE VEGETALA SI ANIMALA": {"medie": 9.360000000000001, "reusita": 100.0, "cnt": 15}, "GENERAL": {"medie": 8.718589743589739, "reusita": 98.5576923076923, "cnt": 208}, "GEOGRAFIE": {"medie": 9.475, "reusita": 100.0, "cnt": 4}, "ANATOMIE SI FIZIOLOGIE UMANA, GENETICA SI ECOLOGIE UMANA": {"medie": 9.220555555555556, "reusita": 100.0, "cnt": 90}, "MATEMATICA ST-NAT": {"medie": 9.030833333333334, "reusita": 100.0, "cnt": 60}, "MATEMATICA MATE-INFO": {"medie": 9.314044943820225, "reusita": 100.0, "cnt": 89}, "ISTORIE": {"medie": 7.866101694915256, "reusita": 98.30508474576271, "cnt": 59}, "LOGICA, ARGUMENTARE SI COMUNICARE": {"medie": 9.05, "reusita": 100.0, "cnt": 4}, "SOCIOLOGIE": {"medie": 8.079411764705883, "reusita": 100.0, "cnt": 51}, "FIZICA TEO": {"medie": 9.3125, "reusita": 100.0, "cnt": 4}, "INFORMATICA MI C/C++": {"medie": 8.705128205128208, "reusita": 100.0, "cnt": 39}, "CHIMIE ORGANICA TEO NIVEL I/II": {"medie": 10.0, "reusita": 100.0, "cnt": 1}}, "nume": "COLEGIUL NATIONAL \"CONSTANTIN DIACONOVICI LOGA\" TIMISOARA\tTimi\u0219"}