{"specializari": {"STIINTE ALE NATURII": 101, "STIINTE SOCIALE": 31, "MATEMATICA-INFORMATICA": 21, "FILOLOGIE": 30}, "limba_moderna": {"LIMBA ENGLEZA": 182, "LIMBA FRANCEZA": 1}, "limba_materna": {"LIMBA ROMANA": 183}, "promotie_anterioara": {"DA": 15, "NU": 168}, "materii": {"LIMBA ROMANA": {"medie": 7.246153846153846, "reusita": 98.90710382513662, "cnt": 183}, "BIOLOGIE VEGETALA SI ANIMALA": {"medie": 7.441666666666666, "reusita": 100.0, "cnt": 6}, "GENERAL": {"medie": 7.47992633517495, "reusita": 89.07103825136612, "cnt": 183}, "GEOGRAFIE": {"medie": 8.392307692307693, "reusita": 100.0, "cnt": 26}, "ANATOMIE SI FIZIOLOGIE UMANA, GENETICA SI ECOLOGIE UMANA": {"medie": 7.5900000000000025, "reusita": 100.0, "cnt": 85}, "MATEMATICA ST-NAT": {"medie": 7.1519999999999975, "reusita": 95.04950495049505, "cnt": 101}, "MATEMATICA MATE-INFO": {"medie": 8.595238095238095, "reusita": 100.0, "cnt": 21}, "ISTORIE": {"medie": 7.244166666666667, "reusita": 93.44262295081968, "cnt": 61}, "LOGICA, ARGUMENTARE SI COMUNICARE": {"medie": 8.758000000000001, "reusita": 100.0, "cnt": 25}, "SOCIOLOGIE": {"medie": 6.964285714285714, "reusita": 87.5, "cnt": 8}, "FIZICA TEO": {"medie": 6.881818181818182, "reusita": 100.0, "cnt": 11}, "INFORMATICA MI C/C++": {"medie": 8.4, "reusita": 100.0, "cnt": 3}, "CHIMIE ANORGANICA TEO NIVEL I/II": {"medie": 7.694444444444445, "reusita": 100.0, "cnt": 9}, "CHIMIE ORGANICA TEO NIVEL I/II": {"medie": 7.793749999999999, "reusita": 100.0, "cnt": 8}, "ECONOMIE": {"medie": 7.825, "reusita": 100.0, "cnt": 2}}, "nume": "COLEGIUL NATIONAL \"VICTOR BABES\"\tBucure\u0219ti"}