{"specializari": {"FILOLOGIE": 29, "STIINTE SOCIALE": 59, "MATEMATICA-INFORMATICA": 23}, "limba_moderna": {"LIMBA ENGLEZA": 111}, "limba_materna": {"LIMBA ROMANA": 111}, "promotie_anterioara": {"NU": 111}, "materii": {"LIMBA ROMANA": {"medie": 9.025675675675677, "reusita": 100.0, "cnt": 111}, "BIOLOGIE VEGETALA SI ANIMALA": {"medie": 9.9, "reusita": 100.0, "cnt": 3}, "GENERAL": {"medie": 9.175757575757576, "reusita": 99.09909909909909, "cnt": 111}, "GEOGRAFIE": {"medie": 8.344444444444445, "reusita": 100.0, "cnt": 9}, "ANATOMIE SI FIZIOLOGIE UMANA, GENETICA SI ECOLOGIE UMANA": {"medie": 9.450000000000001, "reusita": 100.0, "cnt": 11}, "MATEMATICA MATE-INFO": {"medie": 9.041304347826088, "reusita": 100.0, "cnt": 23}, "ISTORIE": {"medie": 9.200574712643679, "reusita": 98.86363636363636, "cnt": 88}, "LOGICA, ARGUMENTARE SI COMUNICARE": {"medie": 9.41875, "reusita": 100.0, "cnt": 64}, "SOCIOLOGIE": {"medie": 10.0, "reusita": 100.0, "cnt": 2}, "INFORMATICA MI C/C++": {"medie": 8.8, "reusita": 100.0, "cnt": 7}, "CHIMIE ANORGANICA TEO NIVEL I/II": {"medie": 9.25, "reusita": 100.0, "cnt": 1}, "CHIMIE ORGANICA TEO NIVEL I/II": {"medie": 9.6, "reusita": 100.0, "cnt": 1}, "FILOSOFIE": {"medie": 9.559999999999999, "reusita": 100.0, "cnt": 5}, "PSIHOLOGIE": {"medie": 9.462500000000002, "reusita": 100.0, "cnt": 8}}, "nume": "COLEGIUL NATIONAL \"GHEORGHE SINCAI\" CLUJ-NAPOCA\tCluj"}