{"specializari": {"TEHNICIAN OPERATOR TEHNICA DE CALCUL": 1, "TEHNICIAN PROIECTANT CAD": 20, "TEHNICIAN DESIGNER MOBILA SI AMENAJARI INTERIOARE": 17, "TEHNICIAN DESENATOR PENTRU CONSTRUCTII SI INSTALATII": 36, "STIINTE ALE NATURII": 30, "TEHNICIAN ECOLOG SI PROTECTIA CALITATII MEDIULUI": 22, "TEHNICIAN IN CONSTRUCTII SI LUCRARI PUBLICE": 2, "ARHITECTURA, ARTE AMBIENTALE SI DESIGN": 30, "MATEMATICA-INFORMATICA": 2, "TEHNICIAN TRANSPORTURI": 1, "FILOLOGIE": 26, "TEHNICIAN HIDRO-METEOROLOG": 14}, "limba_moderna": {"LIMBA ENGLEZA": 169, "LIMBA FRANCEZA": 12, "LIMBA RUSA": 20}, "limba_materna": {"LIMBA ROMANA": 201}, "promotie_anterioara": {"DA": 45, "NU": 156}, "materii": {"LIMBA ROMANA": {"medie": 6.404249999999999, "reusita": 88.55721393034825, "cnt": 201}, "MATEMATICA TEHN": {"medie": 5.9576576576576565, "reusita": 69.91150442477876, "cnt": 113}, "BIOLOGIE VEGETALA SI ANIMALA": {"medie": 5.351063829787235, "reusita": 54.166666666666664, "cnt": 48}, "GENERAL": {"medie": 6.3846286701209, "reusita": 57.2139303482587, "cnt": 201}, "GEOGRAFIE": {"medie": 7.589062499999999, "reusita": 90.625, "cnt": 32}, "ANATOMIE SI FIZIOLOGIE UMANA, GENETICA SI ECOLOGIE UMANA": {"medie": 6.506862745098037, "reusita": 92.15686274509804, "cnt": 51}, "FIZICA TEH": {"medie": 6.432499999999999, "reusita": 60.86956521739131, "cnt": 23}, "MATEMATICA ST-NAT": {"medie": 6.495, "reusita": 90.0, "cnt": 30}, "MATEMATICA MATE-INFO": {"medie": 3.1750000000000003, "reusita": 0.0, "cnt": 2}, "ISTORIE": {"medie": 6.277678571428574, "reusita": 89.28571428571429, "cnt": 56}, "CHIMIE ANORGANICA TEH NIVEL I/II": {"medie": 5.3, "reusita": 50.0, "cnt": 2}, "CHIMIE ORGANICA TEH NIVEL I/II": {"medie": 6.032142857142857, "reusita": 78.57142857142857, "cnt": 14}, "LOGICA, ARGUMENTARE SI COMUNICARE": {"medie": 8.223809523809523, "reusita": 100.0, "cnt": 21}, "FIZICA TEO": {"medie": 7.4, "reusita": 80.0, "cnt": 5}, "INFORMATICA MI C/C++": {"medie": 6.05, "reusita": 100.0, "cnt": 1}, "CHIMIE ANORGANICA TEO NIVEL I/II": {"medie": 6.4, "reusita": 100.0, "cnt": 1}, "PSIHOLOGIE": {"medie": 7.1, "reusita": 100.0, "cnt": 1}, "ECONOMIE": {"medie": 6.975, "reusita": 100.0, "cnt": 2}}, "nume": "COLEGIUL TEHNIC \"GHEORGHE ASACHI\", IASI\tIa\u0219i"}