{"specializari": {"MATEMATICA-INFORMATICA": 55, "FILOLOGIE": 80, "STIINTE ALE NATURII": 31}, "limba_moderna": {"LIMBA ENGLEZA": 110, "LIMBA FRANCEZA": 41, "LIMBA GERMANA MODERNA": 13, "LIMBA RUSA": 2}, "limba_materna": {"LIMBA ROMANA": 166}, "promotie_anterioara": {"NU": 166}, "materii": {"LIMBA ROMANA": {"medie": 9.00030120481928, "reusita": 100.0, "cnt": 166}, "BIOLOGIE VEGETALA SI ANIMALA": {"medie": 8.7, "reusita": 100.0, "cnt": 1}, "GENERAL": {"medie": 8.98534136546185, "reusita": 100.0, "cnt": 166}, "GEOGRAFIE": {"medie": 9.386440677966101, "reusita": 100.0, "cnt": 59}, "ANATOMIE SI FIZIOLOGIE UMANA, GENETICA SI ECOLOGIE UMANA": {"medie": 8.898076923076925, "reusita": 100.0, "cnt": 52}, "MATEMATICA ST-NAT": {"medie": 8.975806451612906, "reusita": 100.0, "cnt": 31}, "MATEMATICA MATE-INFO": {"medie": 9.151818181818184, "reusita": 100.0, "cnt": 55}, "ISTORIE": {"medie": 8.643125000000001, "reusita": 100.0, "cnt": 80}, "LOGICA, ARGUMENTARE SI COMUNICARE": {"medie": 9.064285714285713, "reusita": 100.0, "cnt": 14}, "SOCIOLOGIE": {"medie": 8.4, "reusita": 100.0, "cnt": 1}, "FIZICA TEO": {"medie": 8.916666666666668, "reusita": 100.0, "cnt": 3}, "INFORMATICA MI C/C++": {"medie": 9.07608695652174, "reusita": 100.0, "cnt": 23}, "CHIMIE ORGANICA TEO NIVEL I/II": {"medie": 9.483333333333334, "reusita": 100.0, "cnt": 3}, "PSIHOLOGIE": {"medie": 8.424999999999999, "reusita": 100.0, "cnt": 6}, "INFORMATICA SN C/C++": {"medie": 8.15, "reusita": 100.0, "cnt": 4}}, "nume": "COLEGIUL NATIONAL \"MIHAI EMINESCU\", IASI\tIa\u0219i"}