{"specializari": {"STIINTE ALE NATURII": 87}, "limba_moderna": {"LIMBA ENGLEZA": 74, "LIMBA FRANCEZA": 13}, "limba_materna": {"LIMBA ROMANA": 87}, "promotie_anterioara": {"DA": 2, "NU": 85}, "materii": {"LIMBA ROMANA": {"medie": 7.121839080459773, "reusita": 98.85057471264368, "cnt": 87}, "BIOLOGIE VEGETALA SI ANIMALA": {"medie": 7.333333333333333, "reusita": 100.0, "cnt": 3}, "GENERAL": {"medie": 7.683524904214559, "reusita": 91.95402298850574, "cnt": 87}, "ANATOMIE SI FIZIOLOGIE UMANA, GENETICA SI ECOLOGIE UMANA": {"medie": 8.250793650793652, "reusita": 100.0, "cnt": 63}, "MATEMATICA ST-NAT": {"medie": 7.7856321839080485, "reusita": 96.55172413793103, "cnt": 87}, "FIZICA TEO": {"medie": 8.1125, "reusita": 100.0, "cnt": 8}, "CHIMIE ORGANICA TEO NIVEL I/II": {"medie": 7.826923076923077, "reusita": 100.0, "cnt": 13}}, "nume": "COLEGIUL NATIONAL \"ANA ASLAN\"\tBr\u0103ila"}