{"specializari": {"STIINTE SOCIALE": 31, "INVATATOR - EDUCATOARE": 55, "FILOLOGIE": 29}, "limba_moderna": {"LIMBA ENGLEZA": 100, "LIMBA FRANCEZA": 15}, "limba_materna": {"LIMBA ROMANA": 115}, "promotie_anterioara": {"DA": 1, "NU": 114}, "materii": {"LIMBA ROMANA": {"medie": 8.190434782608698, "reusita": 100.0, "cnt": 115}, "GENERAL": {"medie": 8.681140350877193, "reusita": 98.26086956521739, "cnt": 115}, "GEOGRAFIE": {"medie": 9.099541284403669, "reusita": 99.0909090909091, "cnt": 110}, "MATEMATICA PED": {"medie": 8.707272727272727, "reusita": 100.0, "cnt": 55}, "ISTORIE": {"medie": 8.721666666666666, "reusita": 100.0, "cnt": 60}, "PSIHOLOGIE": {"medie": 8.966666666666667, "reusita": 100.0, "cnt": 3}, "ECONOMIE": {"medie": 8.7, "reusita": 100.0, "cnt": 2}}, "nume": "COLEGIUL NATIONAL \"CONSTANTIN CANTACUZINO\" TARGOVISTE\tD\u00e2mbovi\u021ba"}