{"specializari": {"TEHNICIAN DESIGNER MOBILA SI AMENAJARI INTERIOARE": 29, "TEHNICIAN IN PRELUCRAREA LEMNULUI": 1, "STIINTE ALE NATURII": 59, "TEHNICIAN IN SILVICULTURA SI EXPLOATARI FORESTIERE": 25, "TEHNICIAN IN ACTIVITATI ECONOMICE": 62}, "limba_moderna": {"LIMBA FRANCEZA": 8, "LIMBA ENGLEZA": 168}, "limba_materna": {"LIMBA ROMANA": 176}, "promotie_anterioara": {"DA": 31, "NU": 145}, "materii": {"LIMBA ROMANA": {"medie": 6.579428571428575, "reusita": 92.04545454545455, "cnt": 176}, "MATEMATICA TEHN": {"medie": 6.195614035087723, "reusita": 79.48717948717949, "cnt": 117}, "BIOLOGIE VEGETALA SI ANIMALA": {"medie": 5.480882352941176, "reusita": 69.44444444444444, "cnt": 36}, "GENERAL": {"medie": 6.739313725490193, "reusita": 63.63636363636363, "cnt": 176}, "ANATOMIE SI FIZIOLOGIE UMANA, GENETICA SI ECOLOGIE UMANA": {"medie": 7.3187500000000005, "reusita": 91.8918918918919, "cnt": 74}, "FIZICA TEH": {"medie": 3.5, "reusita": 0.0, "cnt": 1}, "MATEMATICA ST-NAT": {"medie": 6.189830508474577, "reusita": 86.4406779661017, "cnt": 59}, "LOGICA, ARGUMENTARE SI COMUNICARE": {"medie": 8.628688524590164, "reusita": 98.38709677419355, "cnt": 62}, "FIZICA TEO": {"medie": 6.3, "reusita": 100.0, "cnt": 1}, "CHIMIE ANORGANICA TEO NIVEL I/II": {"medie": 6.5, "reusita": 100.0, "cnt": 1}, "CHIMIE ORGANICA TEO NIVEL I/II": {"medie": 9.65, "reusita": 100.0, "cnt": 1}}, "nume": "COLEGIUL TEHNIC FORESTIER, MUNICIPIUL CAMPINA\tPrahova"}