{"specializari": {"TEOLOGIE ROMANO-CATOLICA": 1, "STIINTE ALE NATURII": 23, "GHID TURISM RELIGIOS": 27}, "limba_moderna": {"LIMBA ENGLEZA": 51}, "limba_materna": {"LIMBA ROMANA": 51}, "promotie_anterioara": {"DA": 1, "NU": 50}, "materii": {"LIMBA ROMANA": {"medie": 7.920588235294116, "reusita": 100.0, "cnt": 51}, "BIOLOGIE VEGETALA SI ANIMALA": {"medie": 7.950000000000001, "reusita": 100.0, "cnt": 8}, "GENERAL": {"medie": 8.100326797385621, "reusita": 98.0392156862745, "cnt": 51}, "GEOGRAFIE": {"medie": 7.91388888888889, "reusita": 100.0, "cnt": 18}, "ANATOMIE SI FIZIOLOGIE UMANA, GENETICA SI ECOLOGIE UMANA": {"medie": 8.014285714285716, "reusita": 100.0, "cnt": 7}, "MATEMATICA ST-NAT": {"medie": 8.228260869565217, "reusita": 100.0, "cnt": 23}, "ISTORIE": {"medie": 8.376785714285713, "reusita": 100.0, "cnt": 28}, "LOGICA, ARGUMENTARE SI COMUNICARE": {"medie": 8.238888888888889, "reusita": 100.0, "cnt": 9}, "FIZICA TEO": {"medie": 7.779999999999999, "reusita": 100.0, "cnt": 5}, "CHIMIE ANORGANICA TEO NIVEL I/II": {"medie": 9.15, "reusita": 100.0, "cnt": 1}, "CHIMIE ORGANICA TEO NIVEL I/II": {"medie": 8.875, "reusita": 100.0, "cnt": 2}, "PSIHOLOGIE": {"medie": 9.5, "reusita": 100.0, "cnt": 1}}, "nume": "COLEGIUL ROMANO-CATOLIC \"SFANTUL IOSIF\"\tBucure\u0219ti"}