{"specializari": {"TEHNICIAN MECATRONIST": 8, "TEHNICIAN IN INSTALATII ELECTRICE": 19, "MATEMATICA-INFORMATICA": 27, "TEHNICIAN MECANIC PENTRU INTRETINERE SI REPARATII": 4, "TEHNICIAN ELECTRONIST": 7, "TEHNICIAN ELECTROMECANIC": 20, "TEHNICIAN ELECTROTEHNIST": 7}, "limba_moderna": {"LIMBA ENGLEZA": 91, "LIMBA FRANCEZA": 1}, "limba_materna": {"LIMBA ROMANA": 92}, "promotie_anterioara": {"DA": 46, "NU": 46}, "materii": {"LIMBA ROMANA": {"medie": 5.217777777777778, "reusita": 76.08695652173914, "cnt": 92}, "MATEMATICA TEHN": {"medie": 4.558620689655174, "reusita": 50.76923076923077, "cnt": 65}, "BIOLOGIE VEGETALA SI ANIMALA": {"medie": 4.3741071428571425, "reusita": 37.28813559322034, "cnt": 59}, "GENERAL": {"medie": 5.047154471544716, "reusita": 19.565217391304348, "cnt": 92}, "ANATOMIE SI FIZIOLOGIE UMANA, GENETICA SI ECOLOGIE UMANA": {"medie": 6.1891304347826095, "reusita": 82.6086956521739, "cnt": 23}, "FIZICA TEH": {"medie": 4.233333333333333, "reusita": 50.0, "cnt": 4}, "MATEMATICA MATE-INFO": {"medie": 5.251923076923077, "reusita": 62.96296296296296, "cnt": 27}, "CHIMIE ANORGANICA TEH NIVEL I/II": {"medie": 4.216666666666667, "reusita": 33.33333333333333, "cnt": 3}, "CHIMIE ANORGANICA TEO NIVEL I/II": {"medie": 7.025, "reusita": 100.0, "cnt": 2}, "CHIMIE ORGANICA TEO NIVEL I/II": {"medie": 7.15, "reusita": 100.0, "cnt": 1}}, "nume": "COLEGIUL TEHNIC ENERGETIC\tBucure\u0219ti"}