{"specializari": {"MATEMATICA-INFORMATICA": 182, "STIINTE ALE NATURII": 60, "FILOLOGIE": 25}, "limba_moderna": {"LIMBA ENGLEZA": 255, "LIMBA FRANCEZA": 9, "LIMBA GERMANA MODERNA": 3}, "limba_materna": {"LIMBA ROMANA": 267}, "promotie_anterioara": {"DA": 1, "NU": 266}, "materii": {"LIMBA ROMANA": {"medie": 9.183146067415732, "reusita": 100.0, "cnt": 267}, "BIOLOGIE VEGETALA SI ANIMALA": {"medie": 8.835294117647058, "reusita": 100.0, "cnt": 17}, "GENERAL": {"medie": 9.341448189762794, "reusita": 99.25093632958801, "cnt": 267}, "GEOGRAFIE": {"medie": 9.79375, "reusita": 100.0, "cnt": 8}, "ANATOMIE SI FIZIOLOGIE UMANA, GENETICA SI ECOLOGIE UMANA": {"medie": 9.16607142857143, "reusita": 100.0, "cnt": 28}, "MATEMATICA ST-NAT": {"medie": 9.491666666666667, "reusita": 100.0, "cnt": 60}, "MATEMATICA MATE-INFO": {"medie": 9.43324175824176, "reusita": 100.0, "cnt": 182}, "ISTORIE": {"medie": 8.996, "reusita": 100.0, "cnt": 25}, "LOGICA, ARGUMENTARE SI COMUNICARE": {"medie": 10.0, "reusita": 100.0, "cnt": 1}, "SOCIOLOGIE": {"medie": 9.8, "reusita": 100.0, "cnt": 2}, "FIZICA TEO": {"medie": 9.588505747126437, "reusita": 100.0, "cnt": 87}, "INFORMATICA MI C/C++": {"medie": 9.228000000000002, "reusita": 100.0, "cnt": 25}, "CHIMIE ANORGANICA TEO NIVEL I/II": {"medie": 9.833333333333334, "reusita": 100.0, "cnt": 3}, "CHIMIE ORGANICA TEO NIVEL I/II": {"medie": 9.52125, "reusita": 100.0, "cnt": 80}, "PSIHOLOGIE": {"medie": 9.75, "reusita": 100.0, "cnt": 1}, "INFORMATICA SN C/C++": {"medie": 9.775, "reusita": 100.0, "cnt": 2}, "ECONOMIE": {"medie": 9.165384615384616, "reusita": 100.0, "cnt": 13}}, "nume": "COLEGIUL NATIONAL \"SFANTUL SAVA\"\tBucure\u0219ti"}