{"specializari": {"STIINTE ALE NATURII": 63, "FILOLOGIE": 70, "STIINTE SOCIALE": 31, "MATEMATICA-INFORMATICA": 53}, "limba_moderna": {"LIMBA ENGLEZA": 196, "LIMBA FRANCEZA": 21}, "limba_materna": {"LIMBA ROMANA": 217}, "promotie_anterioara": {"DA": 14, "NU": 203}, "materii": {"LIMBA ROMANA": {"medie": 7.849302325581394, "reusita": 96.7741935483871, "cnt": 217}, "BIOLOGIE VEGETALA SI ANIMALA": {"medie": 9.2, "reusita": 100.0, "cnt": 1}, "GENERAL": {"medie": 7.887519379844959, "reusita": 90.78341013824884, "cnt": 217}, "GEOGRAFIE": {"medie": 8.03970588235294, "reusita": 100.0, "cnt": 34}, "ANATOMIE SI FIZIOLOGIE UMANA, GENETICA SI ECOLOGIE UMANA": {"medie": 7.4208333333333325, "reusita": 97.22222222222221, "cnt": 72}, "MATEMATICA ST-NAT": {"medie": 7.470634920634918, "reusita": 93.65079365079364, "cnt": 63}, "MATEMATICA MATE-INFO": {"medie": 8.632075471698116, "reusita": 100.0, "cnt": 53}, "ISTORIE": {"medie": 7.438000000000001, "reusita": 97.02970297029702, "cnt": 101}, "LOGICA, ARGUMENTARE SI COMUNICARE": {"medie": 8.946153846153846, "reusita": 100.0, "cnt": 13}, "SOCIOLOGIE": {"medie": 8.052127659574467, "reusita": 97.91666666666666, "cnt": 48}, "FIZICA TEO": {"medie": 8.893999999999998, "reusita": 100.0, "cnt": 25}, "INFORMATICA MI C/C++": {"medie": 8.625, "reusita": 100.0, "cnt": 12}, "CHIMIE ORGANICA TEO NIVEL I/II": {"medie": 8.58, "reusita": 100.0, "cnt": 5}, "PSIHOLOGIE": {"medie": 7.683333333333333, "reusita": 100.0, "cnt": 3}, "INFORMATICA SN C/C++": {"medie": 8.2, "reusita": 100.0, "cnt": 1}, "ECONOMIE": {"medie": 9.533333333333333, "reusita": 100.0, "cnt": 3}}, "nume": "COLEGIUL NATIONAL \"GIB MIHAESCU\" DRAGASANI\tV\u00e2lcea"}