{"specializari": {"TEHNICIAN ELECTRICIAN/ELECTRONIST AUTO": 16, "TEHNICIAN TRANSPORTURI": 34}, "limba_moderna": {"LIMBA ENGLEZA": 49, "LIMBA FRANCEZA": 1}, "limba_materna": {"LIMBA ROMANA": 50}, "promotie_anterioara": {"DA": 28, "NU": 22}, "materii": {"LIMBA ROMANA": {"medie": 5.646739130434782, "reusita": 78.0, "cnt": 50}, "MATEMATICA TEHN": {"medie": 4.652222222222222, "reusita": 54.0, "cnt": 50}, "BIOLOGIE VEGETALA SI ANIMALA": {"medie": 4.667307692307692, "reusita": 41.935483870967744, "cnt": 31}, "GENERAL": {"medie": 5.272083333333332, "reusita": 20.0, "cnt": 50}, "FIZICA TEH": {"medie": 6.638461538461538, "reusita": 92.3076923076923, "cnt": 13}, "CHIMIE ANORGANICA TEH NIVEL I/II": {"medie": 5.15, "reusita": 66.66666666666666, "cnt": 6}}, "nume": "COLEGIUL TEHNIC AUTO \"TRAIAN VUIA\" FOCSANI\tVrancea"}