{"specializari": {"TEHNICIAN IN AUTOMATIZARI": 23, "TEHNICIAN ELECTROTEHNIST": 16, "TEHNICIAN ELECTROMECANIC": 24, "TEHNICIAN ELECTRONIST": 20, "TEHNICIAN IN INSTALATII ELECTRICE": 12, "MATEMATICA-INFORMATICA": 19}, "limba_moderna": {"LIMBA ENGLEZA": 108, "LIMBA GERMANA MODERNA": 6}, "limba_materna": {"LIMBA ROMANA": 114}, "promotie_anterioara": {"DA": 27, "NU": 87}, "materii": {"LIMBA ROMANA": {"medie": 6.013063063063065, "reusita": 80.7017543859649, "cnt": 114}, "MATEMATICA TEHN": {"medie": 4.116129032258064, "reusita": 38.94736842105263, "cnt": 95}, "BIOLOGIE VEGETALA SI ANIMALA": {"medie": 5.854494382022473, "reusita": 68.88888888888889, "cnt": 90}, "GENERAL": {"medie": 5.595061728395064, "reusita": 36.84210526315789, "cnt": 114}, "FIZICA TEH": {"medie": 6.744444444444444, "reusita": 100.0, "cnt": 9}, "MATEMATICA MATE-INFO": {"medie": 7.53421052631579, "reusita": 94.73684210526315, "cnt": 19}, "CHIMIE ANORGANICA TEH NIVEL I/II": {"medie": 3.1333333333333333, "reusita": 0.0, "cnt": 5}, "INFORMATICA MI C/C++": {"medie": 6.135, "reusita": 90.0, "cnt": 10}}, "nume": "COLEGIUL TEHNIC ENERGETIC SIBIU\tSibiu"}