{"specializari": {"FILOLOGIE": 26, "MATEMATICA-INFORMATICA": 62, "STIINTE ALE NATURII": 77}, "limba_moderna": {"LIMBA ENGLEZA": 134, "LIMBA GERMANA MODERNA": 10, "LIMBA FRANCEZA": 21}, "limba_materna": {"LIMBA ROMANA": 165}, "promotie_anterioara": {"NU": 165}, "materii": {"LIMBA ROMANA": {"medie": 9.051515151515153, "reusita": 100.0, "cnt": 165}, "BIOLOGIE VEGETALA SI ANIMALA": {"medie": 9.05, "reusita": 100.0, "cnt": 1}, "GENERAL": {"medie": 8.882727272727282, "reusita": 100.0, "cnt": 165}, "GEOGRAFIE": {"medie": 8.525, "reusita": 100.0, "cnt": 4}, "ANATOMIE SI FIZIOLOGIE UMANA, GENETICA SI ECOLOGIE UMANA": {"medie": 8.983076923076922, "reusita": 100.0, "cnt": 65}, "MATEMATICA ST-NAT": {"medie": 8.700000000000003, "reusita": 100.0, "cnt": 77}, "MATEMATICA MATE-INFO": {"medie": 8.590322580645159, "reusita": 100.0, "cnt": 62}, "ISTORIE": {"medie": 9.22307692307692, "reusita": 100.0, "cnt": 26}, "LOGICA, ARGUMENTARE SI COMUNICARE": {"medie": 9.627272727272723, "reusita": 100.0, "cnt": 22}, "FIZICA TEO": {"medie": 8.73125, "reusita": 100.0, "cnt": 8}, "INFORMATICA MI C/C++": {"medie": 8.363333333333333, "reusita": 100.0, "cnt": 30}, "CHIMIE ANORGANICA TEO NIVEL I/II": {"medie": 8.25, "reusita": 100.0, "cnt": 6}, "CHIMIE ORGANICA TEO NIVEL I/II": {"medie": 9.059999999999999, "reusita": 100.0, "cnt": 20}, "INFORMATICA SN C/C++": {"medie": 7.872222222222224, "reusita": 100.0, "cnt": 9}}, "nume": "COLEGIUL NATIONAL \"DR. IOAN MESOTA\" BRASOV\tBra\u0219ov"}