{"specializari": {"MUZICA": 31, "ARTE PLASTICE SI DECORATIVE": 31, "ARHITECTURA, ARTE AMBIENTALE SI DESIGN": 26, "COREGRAFIE": 2}, "limba_moderna": {"LIMBA ENGLEZA": 90}, "limba_materna": {"LIMBA ROMANA": 90}, "promotie_anterioara": {"DA": 6, "NU": 84}, "materii": {"LIMBA ROMANA": {"medie": 7.687640449438201, "reusita": 94.44444444444444, "cnt": 90}, "GENERAL": {"medie": 7.730871212121213, "reusita": 83.33333333333334, "cnt": 90}, "GEOGRAFIE": {"medie": 8.124561403508771, "reusita": 96.55172413793103, "cnt": 58}, "ISTORIE": {"medie": 7.193258426966295, "reusita": 95.55555555555556, "cnt": 90}, "LOGICA, ARGUMENTARE SI COMUNICARE": {"medie": 8.545, "reusita": 93.54838709677419, "cnt": 31}, "PSIHOLOGIE": {"medie": 9.7, "reusita": 100.0, "cnt": 1}}, "nume": "COLEGIUL NATIONAL DE ARTA \"GEORGE APOSTU\" BACAU\tBac\u0103u"}