{"specializari": {"MATEMATICA-INFORMATICA": 177}, "limba_moderna": {"LIMBA ENGLEZA": 174, "LIMBA FRANCEZA": 1, "LIMBA GERMANA MODERNA": 2}, "limba_materna": {"LIMBA ROMANA": 177}, "promotie_anterioara": {"DA": 3, "NU": 174}, "materii": {"LIMBA ROMANA": {"medie": 8.128125, "reusita": 98.87005649717514, "cnt": 177}, "BIOLOGIE VEGETALA SI ANIMALA": {"medie": 6.3, "reusita": 100.0, "cnt": 1}, "GENERAL": {"medie": 8.244952380952377, "reusita": 92.65536723163842, "cnt": 177}, "ANATOMIE SI FIZIOLOGIE UMANA, GENETICA SI ECOLOGIE UMANA": {"medie": 8.175892857142859, "reusita": 91.22807017543859, "cnt": 57}, "MATEMATICA MATE-INFO": {"medie": 8.353714285714286, "reusita": 96.045197740113, "cnt": 177}, "FIZICA TEO": {"medie": 8.10967741935484, "reusita": 93.75, "cnt": 32}, "INFORMATICA MI C/C++": {"medie": 8.357738095238096, "reusita": 98.80952380952381, "cnt": 84}, "CHIMIE ORGANICA TEO NIVEL I/II": {"medie": 8.683333333333334, "reusita": 100.0, "cnt": 3}}, "nume": "COLEGIUL NATIONAL DE INFORMATICA, MUNICIPIUL PIATRA-NEAMT\tNeam\u021b"}