{"specializari": {"TEHNICIAN TRANSPORTURI": 2, "TEHNICIAN IN INSTALATII ELECTRICE": 15, "TEHNICIAN IN TURISM": 20, "TEHNICIAN OPERATOR TEHNICA DE CALCUL": 18, "TEHNICIAN MECANIC PENTRU INTRETINERE SI REPARATII": 1, "TEHNICIAN ECOLOG SI PROTECTIA CALITATII MEDIULUI": 18, "TEHNICIAN MECATRONIST": 1, "TEHNICIAN DESIGNER VESTIMENTAR": 2, "TEHNICIAN IN ACTIVITATI ECONOMICE": 17}, "limba_moderna": {"LIMBA ENGLEZA": 93, "LIMBA FRANCEZA": 1}, "limba_materna": {"LIMBA ROMANA": 94}, "promotie_anterioara": {"DA": 25, "NU": 69}, "materii": {"LIMBA ROMANA": {"medie": 6.10869565217391, "reusita": 84.04255319148936, "cnt": 94}, "MATEMATICA TEHN": {"medie": 5.73388888888889, "reusita": 74.46808510638297, "cnt": 94}, "BIOLOGIE VEGETALA SI ANIMALA": {"medie": 4.828124999999999, "reusita": 55.88235294117647, "cnt": 34}, "GENERAL": {"medie": 6.154166666666665, "reusita": 52.12765957446809, "cnt": 94}, "GEOGRAFIE": {"medie": 7.503846153846155, "reusita": 96.15384615384616, "cnt": 26}, "ANATOMIE SI FIZIOLOGIE UMANA, GENETICA SI ECOLOGIE UMANA": {"medie": 6.488235294117648, "reusita": 94.11764705882352, "cnt": 17}, "FIZICA TEH": {"medie": 6.683333333333333, "reusita": 83.33333333333334, "cnt": 6}, "LOGICA, ARGUMENTARE SI COMUNICARE": {"medie": 8.931818181818182, "reusita": 100.0, "cnt": 11}}, "nume": "COLEGIUL TEHNIC \"GRIGORE COBALCESCU\" MOINESTI\tBac\u0103u"}