{"specializari": {"MATEMATICA-INFORMATICA": 18, "FILOLOGIE": 32, "STIINTE ALE NATURII": 52, "STIINTE SOCIALE": 58}, "limba_moderna": {"LIMBA ENGLEZA": 148, "LIMBA FRANCEZA": 12}, "limba_materna": {"LIMBA ROMANA": 160}, "promotie_anterioara": {"DA": 4, "NU": 156}, "materii": {"LIMBA ROMANA": {"medie": 8.239375, "reusita": 99.375, "cnt": 160}, "BIOLOGIE VEGETALA SI ANIMALA": {"medie": 6.1899999999999995, "reusita": 80.0, "cnt": 5}, "GENERAL": {"medie": 8.155833333333337, "reusita": 93.75, "cnt": 160}, "GEOGRAFIE": {"medie": 9.156000000000002, "reusita": 100.0, "cnt": 25}, "ANATOMIE SI FIZIOLOGIE UMANA, GENETICA SI ECOLOGIE UMANA": {"medie": 7.250000000000001, "reusita": 100.0, "cnt": 47}, "MATEMATICA ST-NAT": {"medie": 7.612499999999999, "reusita": 98.07692307692307, "cnt": 52}, "MATEMATICA MATE-INFO": {"medie": 7.697222222222223, "reusita": 100.0, "cnt": 18}, "ISTORIE": {"medie": 8.341111111111115, "reusita": 98.88888888888889, "cnt": 90}, "LOGICA, ARGUMENTARE SI COMUNICARE": {"medie": 8.832456140350878, "reusita": 100.0, "cnt": 57}, "SOCIOLOGIE": {"medie": 8.65, "reusita": 100.0, "cnt": 3}, "FIZICA TEO": {"medie": 4.0, "reusita": 0.0, "cnt": 2}, "INFORMATICA MI C/C++": {"medie": 7.17857142857143, "reusita": 100.0, "cnt": 7}, "CHIMIE ANORGANICA TEO NIVEL I/II": {"medie": 9.008333333333333, "reusita": 100.0, "cnt": 6}, "CHIMIE ORGANICA TEO NIVEL I/II": {"medie": 8.200000000000001, "reusita": 100.0, "cnt": 3}, "PSIHOLOGIE": {"medie": 8.899999999999999, "reusita": 100.0, "cnt": 5}}, "nume": "COLEGIUL \"MIHAI EMINESCU\" BACAU\tBac\u0103u"}