{"specializari": {"TEHNICIAN TRANSPORTURI": 11, "TEHNICIAN ELECTRICIAN/ELECTRONIST AUTO": 10, "TEHNICIAN MECATRONIST": 2, "TEHNICIAN IN INSTALATII ELECTRICE": 1, "MATEMATICA-INFORMATICA": 1}, "limba_moderna": {"LIMBA ENGLEZA": 24, "LIMBA FRANCEZA": 1}, "limba_materna": {"LIMBA ROMANA": 25}, "promotie_anterioara": {"DA": 10, "NU": 15}, "materii": {"LIMBA ROMANA": {"medie": 5.333333333333333, "reusita": 76.0, "cnt": 25}, "MATEMATICA TEHN": {"medie": 5.458695652173914, "reusita": 70.83333333333334, "cnt": 24}, "BIOLOGIE VEGETALA SI ANIMALA": {"medie": 4.6875, "reusita": 52.38095238095239, "cnt": 21}, "GENERAL": {"medie": 5.223611111111111, "reusita": 36.0, "cnt": 25}, "ANATOMIE SI FIZIOLOGIE UMANA, GENETICA SI ECOLOGIE UMANA": {"medie": 5.0, "reusita": 100.0, "cnt": 1}, "FIZICA TEH": {"medie": 6.566666666666666, "reusita": 66.66666666666666, "cnt": 3}, "MATEMATICA MATE-INFO": {"medie": 4.1, "reusita": 0.0, "cnt": 1}}, "nume": "COLEGIUL TEHNIC DE TRANSPORTURI, MUNICIPIUL PIATRA-NEAMT\tNeam\u021b"}