{"specializari": {"FILOLOGIE": 25, "STIINTE SOCIALE": 30, "MATEMATICA-INFORMATICA": 26, "STIINTE ALE NATURII": 26}, "limba_moderna": {"LIMBA ENGLEZA": 88, "LIMBA GERMANA MODERNA": 19}, "limba_materna": {"LIMBA GERMANA": 51, "LIMBA ROMANA": 56}, "promotie_anterioara": {"DA": 1, "NU": 106}, "materii": {"LIMBA ROMANA": {"medie": 8.639719626168223, "reusita": 100.0, "cnt": 107}, "BIOLOGIE VEGETALA SI ANIMALA": {"medie": 9.225, "reusita": 100.0, "cnt": 2}, "GENERAL": {"medie": 8.814408099688478, "reusita": 100.0, "cnt": 107}, "GEOGRAFIE": {"medie": 9.16842105263158, "reusita": 100.0, "cnt": 19}, "ANATOMIE SI FIZIOLOGIE UMANA, GENETICA SI ECOLOGIE UMANA": {"medie": 9.146153846153846, "reusita": 100.0, "cnt": 13}, "MATEMATICA ST-NAT": {"medie": 8.901923076923076, "reusita": 100.0, "cnt": 26}, "MATEMATICA MATE-INFO": {"medie": 8.726923076923079, "reusita": 100.0, "cnt": 26}, "ISTORIE": {"medie": 8.866363636363635, "reusita": 100.0, "cnt": 55}, "LOGICA, ARGUMENTARE SI COMUNICARE": {"medie": 9.1390625, "reusita": 100.0, "cnt": 32}, "FIZICA TEO": {"medie": 9.033333333333333, "reusita": 100.0, "cnt": 9}, "INFORMATICA MI C/C++": {"medie": 8.271875, "reusita": 100.0, "cnt": 16}, "CHIMIE ANORGANICA TEO NIVEL I/II": {"medie": 9.7, "reusita": 100.0, "cnt": 1}, "CHIMIE ORGANICA TEO NIVEL I/II": {"medie": 9.413636363636364, "reusita": 100.0, "cnt": 11}, "FILOSOFIE": {"medie": 7.6, "reusita": 100.0, "cnt": 1}, "PSIHOLOGIE": {"medie": 8.25, "reusita": 100.0, "cnt": 1}, "LIMBA GERMANA": {"medie": 8.749999999999998, "reusita": 100.0, "cnt": 51}, "ECONOMIE": {"medie": 8.55, "reusita": 100.0, "cnt": 2}}, "nume": "COLEGIUL NATIONAL \"GEORGE COSBUC\" CLUJ-NAPOCA\tCluj"}