{"specializari": {"MATEMATICA-INFORMATICA": 89, "STIINTE ALE NATURII": 57, "FILOLOGIE": 34}, "limba_moderna": {"LIMBA ENGLEZA": 124, "LIMBA RUSA": 2, "LIMBA FRANCEZA": 48, "LIMBA GERMANA MODERNA": 6}, "limba_materna": {"LIMBA ROMANA": 180}, "promotie_anterioara": {"DA": 11, "NU": 169}, "materii": {"LIMBA ROMANA": {"medie": 8.50027777777778, "reusita": 98.88888888888889, "cnt": 180}, "BIOLOGIE VEGETALA SI ANIMALA": {"medie": 6.663888888888889, "reusita": 77.77777777777779, "cnt": 18}, "GENERAL": {"medie": 8.33188888888889, "reusita": 88.88888888888889, "cnt": 180}, "ANATOMIE SI FIZIOLOGIE UMANA, GENETICA SI ECOLOGIE UMANA": {"medie": 8.078571428571427, "reusita": 92.85714285714286, "cnt": 14}, "MATEMATICA ST-NAT": {"medie": 7.556140350877189, "reusita": 91.22807017543859, "cnt": 57}, "MATEMATICA MATE-INFO": {"medie": 7.978089887640446, "reusita": 91.01123595505618, "cnt": 89}, "ISTORIE": {"medie": 8.96470588235294, "reusita": 100.0, "cnt": 34}, "LOGICA, ARGUMENTARE SI COMUNICARE": {"medie": 9.489705882352942, "reusita": 100.0, "cnt": 34}, "FIZICA TEO": {"medie": 8.414999999999997, "reusita": 92.85714285714286, "cnt": 28}, "INFORMATICA MI C/C++": {"medie": 8.569, "reusita": 100.0, "cnt": 50}, "CHIMIE ANORGANICA TEO NIVEL I/II": {"medie": 7.81, "reusita": 100.0, "cnt": 5}, "CHIMIE ORGANICA TEO NIVEL I/II": {"medie": 8.482758620689657, "reusita": 96.55172413793103, "cnt": 29}, "INFORMATICA SN C/C++": {"medie": 9.4, "reusita": 100.0, "cnt": 2}}, "nume": "COLEGIUL NATIONAL \"DINICU GOLESCU\" CAMPULUNG\tArge\u0219"}