{"specializari": {"MATEMATICA-INFORMATICA": 20, "STIINTE SOCIALE": 29, "FILOLOGIE": 31, "STIINTE ALE NATURII": 22}, "limba_moderna": {"LIMBA ENGLEZA": 84, "LIMBA FRANCEZA": 18}, "limba_materna": {"LIMBA ROMANA": 102}, "promotie_anterioara": {"DA": 11, "NU": 91}, "materii": {"LIMBA ROMANA": {"medie": 7.084, "reusita": 94.11764705882352, "cnt": 102}, "GENERAL": {"medie": 7.313745704467354, "reusita": 79.41176470588235, "cnt": 102}, "GEOGRAFIE": {"medie": 8.731, "reusita": 98.0392156862745, "cnt": 51}, "ANATOMIE SI FIZIOLOGIE UMANA, GENETICA SI ECOLOGIE UMANA": {"medie": 7.763513513513513, "reusita": 85.0, "cnt": 40}, "MATEMATICA ST-NAT": {"medie": 7.621428571428571, "reusita": 95.45454545454545, "cnt": 22}, "MATEMATICA MATE-INFO": {"medie": 4.394444444444444, "reusita": 55.00000000000001, "cnt": 20}, "ISTORIE": {"medie": 6.7025423728813545, "reusita": 96.66666666666667, "cnt": 60}, "LOGICA, ARGUMENTARE SI COMUNICARE": {"medie": 9.149999999999999, "reusita": 100.0, "cnt": 9}, "FIZICA TEO": {"medie": 7.5, "reusita": 100.0, "cnt": 1}, "INFORMATICA MI C/C++": {"medie": 7.0, "reusita": 100.0, "cnt": 1}}, "nume": "COLEGIUL NATIONAL \"TUDOR ARGHEZI\" TG-CARBUNESTI\tGorj"}