{"specializari": {"MATEMATICA-INFORMATICA": 26, "STIINTE ALE NATURII": 52, "FILOLOGIE": 24, "STIINTE SOCIALE": 54}, "limba_moderna": {"LIMBA FRANCEZA": 52, "LIMBA ENGLEZA": 104}, "limba_materna": {"LIMBA ROMANA": 156}, "promotie_anterioara": {"NU": 156}, "materii": {"LIMBA ROMANA": {"medie": 8.658653846153847, "reusita": 100.0, "cnt": 156}, "GENERAL": {"medie": 8.721827956989246, "reusita": 99.35897435897436, "cnt": 156}, "GEOGRAFIE": {"medie": 8.962857142857146, "reusita": 100.0, "cnt": 35}, "ANATOMIE SI FIZIOLOGIE UMANA, GENETICA SI ECOLOGIE UMANA": {"medie": 9.126923076923074, "reusita": 98.11320754716981, "cnt": 53}, "MATEMATICA ST-NAT": {"medie": 8.62980769230769, "reusita": 100.0, "cnt": 52}, "MATEMATICA MATE-INFO": {"medie": 8.799999999999999, "reusita": 100.0, "cnt": 26}, "ISTORIE": {"medie": 8.271794871794867, "reusita": 100.0, "cnt": 78}, "LOGICA, ARGUMENTARE SI COMUNICARE": {"medie": 9.136956521739132, "reusita": 100.0, "cnt": 23}, "SOCIOLOGIE": {"medie": 8.456666666666667, "reusita": 100.0, "cnt": 15}, "FIZICA TEO": {"medie": 8.85, "reusita": 100.0, "cnt": 1}, "INFORMATICA MI C/C++": {"medie": 8.983333333333333, "reusita": 100.0, "cnt": 6}, "CHIMIE ANORGANICA TEO NIVEL I/II": {"medie": 8.772222222222224, "reusita": 100.0, "cnt": 9}, "CHIMIE ORGANICA TEO NIVEL I/II": {"medie": 9.5, "reusita": 100.0, "cnt": 4}, "PSIHOLOGIE": {"medie": 9.5, "reusita": 100.0, "cnt": 2}, "INFORMATICA SN C/C++": {"medie": 9.080000000000002, "reusita": 100.0, "cnt": 5}, "ECONOMIE": {"medie": 8.833333333333334, "reusita": 100.0, "cnt": 3}}, "nume": "COLEGIUL NATIONAL \"GARABET IBRAILEANU\", IASI\tIa\u0219i"}