{"specializari": {"TEHNICIAN IN INDUSTRIA ALIMENTARA": 13, "TEHNICIAN ANALIZE PRODUSE ALIMENTARE": 13, "TEHNICIAN ECOLOG SI PROTECTIA CALITATII MEDIULUI": 12, "TEHNICIAN VETERINAR": 16, "TEHNICIAN MECATRONIST": 2, "TEHNICIAN TRANSPORTURI": 18, "TEHNICIAN MECANIC PENTRU INTRETINERE SI REPARATII": 3, "TEHNICIAN DESENATOR PENTRU CONSTRUCTII SI INSTALATII": 1, "TEHNICIAN AGROMONTAN": 2, "STIINTE SOCIALE": 23, "TEHNICIAN IN GASTRONOMIE": 21, "TEHNICIAN ELECTROMECANIC": 4, "TEHNICIAN IN AUTOMATIZARI": 1}, "limba_moderna": {"LIMBA ENGLEZA": 89, "LIMBA FRANCEZA": 40}, "limba_materna": {"LIMBA ROMANA": 129}, "promotie_anterioara": {"DA": 50, "NU": 79}, "materii": {"LIMBA ROMANA": {"medie": 5.867599999999999, "reusita": 79.84496124031007, "cnt": 129}, "MATEMATICA TEHN": {"medie": 3.1052631578947363, "reusita": 25.471698113207548, "cnt": 106}, "BIOLOGIE VEGETALA SI ANIMALA": {"medie": 4.392727272727273, "reusita": 40.32258064516129, "cnt": 62}, "GENERAL": {"medie": 5.1668209876543205, "reusita": 24.031007751937985, "cnt": 129}, "GEOGRAFIE": {"medie": 6.741463414634146, "reusita": 80.95238095238095, "cnt": 42}, "ANATOMIE SI FIZIOLOGIE UMANA, GENETICA SI ECOLOGIE UMANA": {"medie": 5.514999999999999, "reusita": 58.333333333333336, "cnt": 12}, "FIZICA TEH": {"medie": 3.1, "reusita": 0.0, "cnt": 1}, "ISTORIE": {"medie": 6.965217391304349, "reusita": 100.0, "cnt": 23}, "CHIMIE ANORGANICA TEH NIVEL I/II": {"medie": 5.1625, "reusita": 62.5, "cnt": 8}, "CHIMIE ORGANICA TEH NIVEL I/II": {"medie": 5.0, "reusita": 50.0, "cnt": 2}, "SOCIOLOGIE": {"medie": 9.0, "reusita": 100.0, "cnt": 1}, "PSIHOLOGIE": {"medie": 7.55, "reusita": 100.0, "cnt": 1}}, "nume": "COLEGIUL TEHNIC \"VALERIU D. COTEA\" FOCSANI\tVrancea"}