{"specializari": {"MATEMATICA-INFORMATICA": 52, "STIINTE ALE NATURII": 46, "FILOLOGIE": 64, "STIINTE SOCIALE": 29}, "limba_moderna": {"LIMBA ENGLEZA": 155, "LIMBA FRANCEZA": 36}, "limba_materna": {"LIMBA ROMANA": 191}, "promotie_anterioara": {"DA": 2, "NU": 189}, "materii": {"LIMBA ROMANA": {"medie": 7.908947368421058, "reusita": 98.95287958115183, "cnt": 191}, "GENERAL": {"medie": 7.992543859649121, "reusita": 90.57591623036649, "cnt": 191}, "GEOGRAFIE": {"medie": 7.993421052631579, "reusita": 100.0, "cnt": 38}, "ANATOMIE SI FIZIOLOGIE UMANA, GENETICA SI ECOLOGIE UMANA": {"medie": 8.132786885245903, "reusita": 95.16129032258065, "cnt": 62}, "MATEMATICA ST-NAT": {"medie": 7.153333333333335, "reusita": 89.13043478260869, "cnt": 46}, "MATEMATICA MATE-INFO": {"medie": 8.164423076923075, "reusita": 98.07692307692307, "cnt": 52}, "ISTORIE": {"medie": 7.753763440860218, "reusita": 96.7741935483871, "cnt": 93}, "LOGICA, ARGUMENTARE SI COMUNICARE": {"medie": 9.146969696969698, "reusita": 100.0, "cnt": 33}, "SOCIOLOGIE": {"medie": 7.291666666666668, "reusita": 100.0, "cnt": 12}, "FIZICA TEO": {"medie": 8.521875000000001, "reusita": 93.75, "cnt": 16}, "INFORMATICA MI C/C++": {"medie": 9.125, "reusita": 100.0, "cnt": 2}, "CHIMIE ORGANICA TEO NIVEL I/II": {"medie": 8.747222222222224, "reusita": 100.0, "cnt": 18}, "FILOSOFIE": {"medie": 7.6499999999999995, "reusita": 100.0, "cnt": 4}, "PSIHOLOGIE": {"medie": 8.6, "reusita": 100.0, "cnt": 2}, "ECONOMIE": {"medie": 9.1125, "reusita": 100.0, "cnt": 4}}, "nume": "COLEGIUL NATIONAL \"ALEXANDRU VLAHUTA\" MUNICIPIUL RIMNICU SARAT\tBuz\u0103u"}