{"specializari": {"MATEMATICA-INFORMATICA": 168, "STIINTE ALE NATURII": 63, "FILOLOGIE": 61, "STIINTE SOCIALE": 34}, "limba_moderna": {"LIMBA SPANIOLA": 1, "LIMBA ENGLEZA": 310, "LIMBA FRANCEZA": 12, "LIMBA GERMANA MODERNA": 3}, "limba_materna": {"LIMBA ROMANA": 326}, "promotie_anterioara": {"DA": 2, "NU": 324}, "materii": {"LIMBA ROMANA": {"medie": 9.110122699386514, "reusita": 100.0, "cnt": 326}, "BIOLOGIE VEGETALA SI ANIMALA": {"medie": 8.914285714285715, "reusita": 87.5, "cnt": 8}, "GENERAL": {"medie": 9.07938461538462, "reusita": 99.38650306748467, "cnt": 326}, "GEOGRAFIE": {"medie": 9.200000000000001, "reusita": 100.0, "cnt": 7}, "ANATOMIE SI FIZIOLOGIE UMANA, GENETICA SI ECOLOGIE UMANA": {"medie": 9.123188405797107, "reusita": 100.0, "cnt": 69}, "MATEMATICA ST-NAT": {"medie": 8.853174603174601, "reusita": 100.0, "cnt": 63}, "MATEMATICA MATE-INFO": {"medie": 8.98363095238095, "reusita": 99.40476190476191, "cnt": 168}, "ISTORIE": {"medie": 9.022105263157895, "reusita": 100.0, "cnt": 95}, "LOGICA, ARGUMENTARE SI COMUNICARE": {"medie": 9.14722222222222, "reusita": 100.0, "cnt": 54}, "SOCIOLOGIE": {"medie": 8.822727272727274, "reusita": 100.0, "cnt": 11}, "FIZICA TEO": {"medie": 9.1475, "reusita": 100.0, "cnt": 100}, "INFORMATICA MI C/C++": {"medie": 9.289285714285715, "reusita": 100.0, "cnt": 28}, "CHIMIE ORGANICA TEO NIVEL I/II": {"medie": 9.347916666666668, "reusita": 100.0, "cnt": 24}, "PSIHOLOGIE": {"medie": 9.680000000000001, "reusita": 100.0, "cnt": 5}, "INFORMATICA SN C/C++": {"medie": 7.7, "reusita": 100.0, "cnt": 2}, "ECONOMIE": {"medie": 8.805555555555554, "reusita": 100.0, "cnt": 18}}, "nume": "COLEGIUL NATIONAL \"ION C. BRATIANU\" PITESTI\tArge\u0219"}