{"specializari": {"LICEU CU PROGRAM SPORTIV": 65, "FILOLOGIE": 38, "MATEMATICA-INFORMATICA": 26}, "limba_moderna": {"LIMBA ENGLEZA": 129}, "limba_materna": {"LIMBA ROMANA": 129}, "promotie_anterioara": {"DA": 20, "NU": 109}, "materii": {"LIMBA ROMANA": {"medie": 6.759302325581393, "reusita": 95.34883720930233, "cnt": 129}, "GENERAL": {"medie": 7.138411458333337, "reusita": 81.3953488372093, "cnt": 129}, "GEOGRAFIE": {"medie": 8.092857142857143, "reusita": 97.40259740259741, "cnt": 77}, "ANATOMIE SI FIZIOLOGIE UMANA, GENETICA SI ECOLOGIE UMANA": {"medie": 7.629166666666667, "reusita": 100.0, "cnt": 12}, "MATEMATICA MATE-INFO": {"medie": 7.417307692307693, "reusita": 96.15384615384616, "cnt": 26}, "ISTORIE": {"medie": 6.356372549019609, "reusita": 85.43689320388349, "cnt": 103}, "LOGICA, ARGUMENTARE SI COMUNICARE": {"medie": 8.714285714285714, "reusita": 100.0, "cnt": 21}, "SOCIOLOGIE": {"medie": 6.433333333333334, "reusita": 100.0, "cnt": 3}, "FIZICA TEO": {"medie": 7.972222222222222, "reusita": 100.0, "cnt": 9}, "INFORMATICA MI C/C++": {"medie": 6.45, "reusita": 100.0, "cnt": 5}, "FILOSOFIE": {"medie": 8.9, "reusita": 100.0, "cnt": 1}, "PSIHOLOGIE": {"medie": 8.8, "reusita": 100.0, "cnt": 1}}, "nume": "COLEGIUL NATIONAL \"EMIL RACOVITA\"\tBucure\u0219ti"}