{"specializari": {"MATEMATICA-INFORMATICA": 34, "LICEU CU PROGRAM SPORTIV": 43, "FILOLOGIE": 56, "STIINTE ALE NATURII": 15}, "limba_moderna": {"LIMBA ENGLEZA": 146, "LIMBA FRANCEZA": 1, "LIMBA GERMANA MODERNA": 1}, "limba_materna": {"LIMBA ROMANA": 148}, "promotie_anterioara": {"DA": 26, "NU": 122}, "materii": {"LIMBA ROMANA": {"medie": 6.782094594594592, "reusita": 93.91891891891892, "cnt": 148}, "BIOLOGIE VEGETALA SI ANIMALA": {"medie": 6.2, "reusita": 81.81818181818183, "cnt": 11}, "GENERAL": {"medie": 6.759931506849314, "reusita": 70.27027027027027, "cnt": 148}, "GEOGRAFIE": {"medie": 7.2829999999999995, "reusita": 92.15686274509804, "cnt": 51}, "ANATOMIE SI FIZIOLOGIE UMANA, GENETICA SI ECOLOGIE UMANA": {"medie": 6.139473684210526, "reusita": 89.47368421052632, "cnt": 19}, "MATEMATICA ST-NAT": {"medie": 7.213333333333334, "reusita": 93.33333333333333, "cnt": 15}, "MATEMATICA MATE-INFO": {"medie": 6.035294117647059, "reusita": 82.35294117647058, "cnt": 34}, "ISTORIE": {"medie": 6.415816326530614, "reusita": 89.8989898989899, "cnt": 99}, "LOGICA, ARGUMENTARE SI COMUNICARE": {"medie": 7.445833333333333, "reusita": 87.5, "cnt": 24}, "SOCIOLOGIE": {"medie": 7.1925, "reusita": 100.0, "cnt": 20}, "FIZICA TEO": {"medie": 7.425, "reusita": 100.0, "cnt": 6}, "INFORMATICA MI C/C++": {"medie": 6.1722222222222225, "reusita": 88.88888888888889, "cnt": 9}, "CHIMIE ANORGANICA TEO NIVEL I/II": {"medie": 9.65, "reusita": 100.0, "cnt": 1}, "CHIMIE ORGANICA TEO NIVEL I/II": {"medie": 8.4, "reusita": 100.0, "cnt": 1}, "PSIHOLOGIE": {"medie": 9.162500000000001, "reusita": 100.0, "cnt": 4}, "INFORMATICA SN C/C++": {"medie": 5.425, "reusita": 50.0, "cnt": 2}}, "nume": "COLEGIUL NATIONAL \"AUREL VLAICU\"\tBucure\u0219ti"}