{"specializari": {"STIINTE ALE NATURII": 62, "MATEMATICA-INFORMATICA": 145, "FILOLOGIE": 31}, "limba_moderna": {"LIMBA FRANCEZA": 13, "LIMBA ENGLEZA": 225}, "limba_materna": {"LIMBA ROMANA": 238}, "promotie_anterioara": {"NU": 238}, "materii": {"LIMBA ROMANA": {"medie": 8.860504201680675, "reusita": 100.0, "cnt": 238}, "GENERAL": {"medie": 8.889495798319325, "reusita": 98.73949579831933, "cnt": 238}, "GEOGRAFIE": {"medie": 9.021739130434783, "reusita": 100.0, "cnt": 23}, "ANATOMIE SI FIZIOLOGIE UMANA, GENETICA SI ECOLOGIE UMANA": {"medie": 8.86909090909091, "reusita": 99.0909090909091, "cnt": 110}, "MATEMATICA ST-NAT": {"medie": 8.77741935483871, "reusita": 100.0, "cnt": 62}, "MATEMATICA MATE-INFO": {"medie": 8.95793103448276, "reusita": 98.62068965517241, "cnt": 145}, "ISTORIE": {"medie": 8.374193548387096, "reusita": 100.0, "cnt": 31}, "SOCIOLOGIE": {"medie": 7.816666666666667, "reusita": 100.0, "cnt": 3}, "FIZICA TEO": {"medie": 9.482500000000002, "reusita": 100.0, "cnt": 40}, "INFORMATICA MI C/C++": {"medie": 8.852631578947367, "reusita": 100.0, "cnt": 57}, "FILOSOFIE": {"medie": 7.5, "reusita": 100.0, "cnt": 1}, "PSIHOLOGIE": {"medie": 9.8, "reusita": 100.0, "cnt": 2}, "ECONOMIE": {"medie": 9.025, "reusita": 100.0, "cnt": 2}}, "nume": "COLEGIUL NATIONAL \"ECATERINA TEODOROIU\" TG-JIU\tGorj"}