{"specializari": {"MATEMATICA-INFORMATICA": 84, "STIINTE ALE NATURII": 32, "STIINTE SOCIALE": 57, "FILOLOGIE": 26}, "limba_moderna": {"LIMBA ENGLEZA": 193, "LIMBA FRANCEZA": 6}, "limba_materna": {"LIMBA ROMANA": 199}, "promotie_anterioara": {"DA": 2, "NU": 197}, "materii": {"LIMBA ROMANA": {"medie": 8.536180904522611, "reusita": 100.0, "cnt": 199}, "BIOLOGIE VEGETALA SI ANIMALA": {"medie": 8.383333333333333, "reusita": 100.0, "cnt": 9}, "GENERAL": {"medie": 8.614824120603016, "reusita": 100.0, "cnt": 199}, "GEOGRAFIE": {"medie": 8.8125, "reusita": 100.0, "cnt": 8}, "ANATOMIE SI FIZIOLOGIE UMANA, GENETICA SI ECOLOGIE UMANA": {"medie": 7.871428571428572, "reusita": 100.0, "cnt": 7}, "MATEMATICA ST-NAT": {"medie": 8.542187499999997, "reusita": 100.0, "cnt": 32}, "MATEMATICA MATE-INFO": {"medie": 8.704166666666666, "reusita": 100.0, "cnt": 84}, "ISTORIE": {"medie": 8.000602409638553, "reusita": 100.0, "cnt": 83}, "LOGICA, ARGUMENTARE SI COMUNICARE": {"medie": 9.403174603174605, "reusita": 100.0, "cnt": 63}, "FIZICA TEO": {"medie": 8.409999999999998, "reusita": 100.0, "cnt": 25}, "INFORMATICA MI C/C++": {"medie": 8.947500000000002, "reusita": 100.0, "cnt": 40}, "CHIMIE ANORGANICA TEO NIVEL I/II": {"medie": 9.01923076923077, "reusita": 100.0, "cnt": 13}, "CHIMIE ORGANICA TEO NIVEL I/II": {"medie": 8.7425, "reusita": 100.0, "cnt": 20}, "PSIHOLOGIE": {"medie": 9.31, "reusita": 100.0, "cnt": 5}, "INFORMATICA SN C/C++": {"medie": 7.875, "reusita": 100.0, "cnt": 2}, "ECONOMIE": {"medie": 8.542857142857143, "reusita": 100.0, "cnt": 7}}, "nume": "COLEGIUL NATIONAL \"NICHITA STANESCU\", MUNICIPIUL PLOIESTI\tPrahova"}