{"specializari": {"COAFOR STILIST": 30, "TEHNICIAN DESIGNER VESTIMENTAR": 33, "ORGANIZATOR BANQUETING": 1, "TEHNICIAN IN TURISM": 35, "TEHNICIAN IN INDUSTRIA TEXTILA": 6, "TEHNICIAN IN INDUSTRIA PIELARIEI": 1}, "limba_moderna": {"LIMBA ENGLEZA": 101, "LIMBA FRANCEZA": 4, "LIMBA GERMANA MODERNA": 1}, "limba_materna": {"LIMBA ROMANA": 106}, "promotie_anterioara": {"DA": 31, "NU": 75}, "materii": {"LIMBA ROMANA": {"medie": 6.0971153846153845, "reusita": 93.39622641509435, "cnt": 106}, "MATEMATICA TEHN": {"medie": 4.80049504950495, "reusita": 59.43396226415094, "cnt": 106}, "BIOLOGIE VEGETALA SI ANIMALA": {"medie": 4.911666666666666, "reusita": 48.57142857142857, "cnt": 35}, "GENERAL": {"medie": 5.697192982456141, "reusita": 33.0188679245283, "cnt": 106}, "GEOGRAFIE": {"medie": 6.584444444444444, "reusita": 83.6734693877551, "cnt": 49}, "CHIMIE ANORGANICA TEH NIVEL I/II": {"medie": 3.900000000000001, "reusita": 40.0, "cnt": 5}, "LOGICA, ARGUMENTARE SI COMUNICARE": {"medie": 7.371428571428573, "reusita": 73.33333333333333, "cnt": 15}, "PSIHOLOGIE": {"medie": 7.6, "reusita": 100.0, "cnt": 1}, "ECONOMIE": {"medie": 8.1, "reusita": 100.0, "cnt": 1}}, "nume": "COLEGIUL TEHNIC \"MARIA BAIULESCU\" BRASOV\tBra\u0219ov"}