{"specializari": {"TEHNICIAN IN INSTALATII ELECTRICE": 3, "TEHNICIAN IN ACTIVITATI DE COMERT": 18, "TEHNICIAN OPERATOR TEHNICA DE CALCUL": 32, "TEHNICIAN PROIECTANT CAD": 2, "TEHNICIAN IN ACTIVITATI ECONOMICE": 23, "TEHNICIAN IN ACHIZITII SI CONTRACTARI": 19, "MATEMATICA-INFORMATICA": 1, "STIINTE ALE NATURII": 55, "TEHNICIAN IN ADMINISTRATIE": 2, "TEHNICIAN ELECTRICIAN/ELECTRONIST AUTO": 10, "TEHNICIAN PRELUCRARI MECANICE": 6, "TEHNICIAN TRANSPORTURI": 1}, "limba_moderna": {"LIMBA ENGLEZA": 143, "LIMBA FRANCEZA": 29}, "limba_materna": {"LIMBA ROMANA": 172}, "promotie_anterioara": {"DA": 33, "NU": 139}, "materii": {"LIMBA ROMANA": {"medie": 6.873823529411768, "reusita": 94.76744186046511, "cnt": 172}, "MATEMATICA TEHN": {"medie": 5.705357142857144, "reusita": 71.55172413793103, "cnt": 116}, "BIOLOGIE VEGETALA SI ANIMALA": {"medie": 5.305714285714287, "reusita": 66.66666666666666, "cnt": 36}, "GENERAL": {"medie": 6.550808080808081, "reusita": 58.139534883720934, "cnt": 172}, "GEOGRAFIE": {"medie": 7.808749999999999, "reusita": 97.5609756097561, "cnt": 41}, "ANATOMIE SI FIZIOLOGIE UMANA, GENETICA SI ECOLOGIE UMANA": {"medie": 6.4597826086956545, "reusita": 78.72340425531915, "cnt": 47}, "FIZICA TEH": {"medie": 5.233333333333333, "reusita": 66.66666666666666, "cnt": 3}, "MATEMATICA ST-NAT": {"medie": 6.2564814814814795, "reusita": 78.18181818181819, "cnt": 55}, "MATEMATICA MATE-INFO": {"medie": "-", "reusita": 0.0, "cnt": 1}, "CHIMIE ANORGANICA TEH NIVEL I/II": {"medie": 6.819999999999999, "reusita": 87.5, "cnt": 16}, "LOGICA, ARGUMENTARE SI COMUNICARE": {"medie": 7.816666666666666, "reusita": 100.0, "cnt": 18}, "FIZICA TEO": {"medie": 6.9, "reusita": 100.0, "cnt": 1}, "CHIMIE ANORGANICA TEO NIVEL I/II": {"medie": 8.12857142857143, "reusita": 100.0, "cnt": 7}, "PSIHOLOGIE": {"medie": 7.75, "reusita": 100.0, "cnt": 3}}, "nume": "COLEGIUL TEHNIC DE CAI FERATE \"UNIREA\", PASCANI\tIa\u0219i"}