{"specializari": {"MATEMATICA-INFORMATICA": 94, "STIINTE ALE NATURII": 23, "STIINTE SOCIALE": 31}, "limba_moderna": {"LIMBA ENGLEZA": 148}, "limba_materna": {"LIMBA ROMANA": 148}, "promotie_anterioara": {"DA": 22, "NU": 126}, "materii": {"LIMBA ROMANA": {"medie": 7.263945578231294, "reusita": 96.62162162162163, "cnt": 148}, "GENERAL": {"medie": 7.216986301369862, "reusita": 74.32432432432432, "cnt": 148}, "GEOGRAFIE": {"medie": 8.864285714285716, "reusita": 100.0, "cnt": 21}, "ANATOMIE SI FIZIOLOGIE UMANA, GENETICA SI ECOLOGIE UMANA": {"medie": 7.25311475409836, "reusita": 91.93548387096774, "cnt": 62}, "MATEMATICA ST-NAT": {"medie": 7.145652173913044, "reusita": 91.30434782608695, "cnt": 23}, "MATEMATICA MATE-INFO": {"medie": 6.396195652173911, "reusita": 84.04255319148936, "cnt": 94}, "ISTORIE": {"medie": 8.093548387096774, "reusita": 100.0, "cnt": 31}, "LOGICA, ARGUMENTARE SI COMUNICARE": {"medie": 9.125, "reusita": 100.0, "cnt": 2}, "SOCIOLOGIE": {"medie": 7.9875, "reusita": 87.5, "cnt": 8}, "FIZICA TEO": {"medie": 8.590000000000002, "reusita": 100.0, "cnt": 10}, "INFORMATICA MI C/C++": {"medie": 6.6802325581395365, "reusita": 95.34883720930233, "cnt": 43}, "CHIMIE ORGANICA TEO NIVEL I/II": {"medie": 7.6, "reusita": 100.0, "cnt": 2}}, "nume": "COLEGIUL NATIONAL DE INFORMATICA \"CARMEN SYLVA\" PETROSANI\tHunedoara"}