{"specializari": {"INVATATOR - EDUCATOARE": 58, "FILOLOGIE": 35, "MATEMATICA-INFORMATICA": 32, "STIINTE SOCIALE": 36}, "limba_moderna": {"LIMBA ENGLEZA": 159, "LIMBA FRANCEZA": 2}, "limba_materna": {"LIMBA ROMANA": 161}, "promotie_anterioara": {"DA": 2, "NU": 159}, "materii": {"LIMBA ROMANA": {"medie": 8.42577639751553, "reusita": 100.0, "cnt": 161}, "GENERAL": {"medie": 8.522670807453416, "reusita": 98.75776397515527, "cnt": 161}, "GEOGRAFIE": {"medie": 8.863636363636365, "reusita": 100.0, "cnt": 110}, "ANATOMIE SI FIZIOLOGIE UMANA, GENETICA SI ECOLOGIE UMANA": {"medie": 8.600000000000001, "reusita": 100.0, "cnt": 2}, "MATEMATICA PED": {"medie": 8.481896551724136, "reusita": 100.0, "cnt": 58}, "MATEMATICA MATE-INFO": {"medie": 8.028125, "reusita": 100.0, "cnt": 32}, "ISTORIE": {"medie": 8.795070422535211, "reusita": 100.0, "cnt": 71}, "LOGICA, ARGUMENTARE SI COMUNICARE": {"medie": 8.26, "reusita": 80.0, "cnt": 5}, "SOCIOLOGIE": {"medie": 9.950000000000001, "reusita": 100.0, "cnt": 6}, "INFORMATICA MI C/C++": {"medie": 7.269565217391302, "reusita": 100.0, "cnt": 23}, "CHIMIE ANORGANICA TEO NIVEL I/II": {"medie": 8.721428571428572, "reusita": 100.0, "cnt": 7}, "PSIHOLOGIE": {"medie": 8.592857142857143, "reusita": 100.0, "cnt": 7}, "ECONOMIE": {"medie": 5.0, "reusita": 100.0, "cnt": 1}}, "nume": "COLEGIUL NATIONAL PEDAGOGIC \"REGINA MARIA\" DEVA\tHunedoara"}