{"specializari": {"TEHNICIAN DE TELECOMUNICATII": 25, "TEHNICIAN IN AUTOMATIZARI": 25, "TEHNICIAN ELECTRONIST": 25, "TEHNICIAN OPERATOR TEHNICA DE CALCUL": 47, "MATEMATICA-INFORMATICA": 1}, "limba_moderna": {"LIMBA ENGLEZA": 112, "LIMBA FRANCEZA": 11}, "limba_materna": {"LIMBA ROMANA": 123}, "promotie_anterioara": {"DA": 34, "NU": 89}, "materii": {"LIMBA ROMANA": {"medie": 6.407723577235771, "reusita": 95.1219512195122, "cnt": 123}, "MATEMATICA TEHN": {"medie": 5.274369747899158, "reusita": 64.75409836065575, "cnt": 122}, "BIOLOGIE VEGETALA SI ANIMALA": {"medie": 5.207000000000001, "reusita": 64.07766990291263, "cnt": 103}, "GENERAL": {"medie": 5.7399425287356305, "reusita": 35.77235772357724, "cnt": 123}, "ANATOMIE SI FIZIOLOGIE UMANA, GENETICA SI ECOLOGIE UMANA": {"medie": 7.7, "reusita": 100.0, "cnt": 1}, "FIZICA TEH": {"medie": 6.4526315789473685, "reusita": 78.94736842105263, "cnt": 19}, "MATEMATICA MATE-INFO": {"medie": 4.25, "reusita": 0.0, "cnt": 1}}, "nume": "COLEGIUL TEHNIC \"GEORGE BARITIU\" BAIA MARE\tMaramure\u0219"}