{"specializari": {"TEHNICIAN IN ACTIVITATI ECONOMICE": 12, "MATEMATICA-INFORMATICA": 3, "TEHNICIAN IN TURISM": 9, "TEHNICIAN IN INDUSTRIA TEXTILA": 6, "TEHNICIAN ANALIZE PRODUSE ALIMENTARE": 7, "TEHNICIAN ECOLOG SI PROTECTIA CALITATII MEDIULUI": 7, "ORGANIZATOR BANQUETING": 1}, "limba_moderna": {"LIMBA ENGLEZA": 38, "LIMBA FRANCEZA": 7}, "limba_materna": {"LIMBA ROMANA": 45}, "promotie_anterioara": {"DA": 9, "NU": 36}, "materii": {"LIMBA ROMANA": {"medie": 5.203333333333333, "reusita": 68.88888888888889, "cnt": 45}, "MATEMATICA TEHN": {"medie": 4.301219512195122, "reusita": 38.095238095238095, "cnt": 42}, "GENERAL": {"medie": 5.372348484848484, "reusita": 22.22222222222222, "cnt": 45}, "GEOGRAFIE": {"medie": 7.570454545454547, "reusita": 100.0, "cnt": 22}, "ANATOMIE SI FIZIOLOGIE UMANA, GENETICA SI ECOLOGIE UMANA": {"medie": 6.796428571428573, "reusita": 92.85714285714286, "cnt": 14}, "FIZICA TEH": {"medie": 3.0700000000000003, "reusita": 16.666666666666664, "cnt": 6}, "MATEMATICA MATE-INFO": {"medie": 5.599999999999999, "reusita": 66.66666666666666, "cnt": 3}, "FIZICA TEO": {"medie": 1.6, "reusita": 0.0, "cnt": 1}, "INFORMATICA MI C/C++": {"medie": 4.449999999999999, "reusita": 50.0, "cnt": 2}}, "nume": "COLEGIUL TEHNIC \"DANUBIANA\", MUNICIPIUL ROMAN\tNeam\u021b"}