{"specializari": {"STIINTE SOCIALE": 1, "MATEMATICA-INFORMATICA": 80, "STIINTE ALE NATURII": 70, "FILOLOGIE": 30}, "limba_moderna": {"LIMBA ENGLEZA": 146, "LIMBA FRANCEZA": 24, "LIMBA GERMANA MODERNA": 11}, "limba_materna": {"LIMBA ROMANA": 163, "LIMBA GERMANA": 18}, "promotie_anterioara": {"DA": 1, "NU": 180}, "materii": {"LIMBA ROMANA": {"medie": 8.974033149171268, "reusita": 100.0, "cnt": 181}, "BIOLOGIE VEGETALA SI ANIMALA": {"medie": 8.7, "reusita": 100.0, "cnt": 1}, "GENERAL": {"medie": 8.767978821362805, "reusita": 97.23756906077348, "cnt": 181}, "GEOGRAFIE": {"medie": 8.921874999999998, "reusita": 100.0, "cnt": 16}, "ANATOMIE SI FIZIOLOGIE UMANA, GENETICA SI ECOLOGIE UMANA": {"medie": 8.728676470588239, "reusita": 100.0, "cnt": 68}, "MATEMATICA ST-NAT": {"medie": 8.275714285714285, "reusita": 97.14285714285714, "cnt": 70}, "MATEMATICA MATE-INFO": {"medie": 8.92, "reusita": 100.0, "cnt": 80}, "ISTORIE": {"medie": 8.748387096774195, "reusita": 100.0, "cnt": 31}, "LOGICA, ARGUMENTARE SI COMUNICARE": {"medie": 8.933333333333335, "reusita": 100.0, "cnt": 3}, "SOCIOLOGIE": {"medie": 8.821428571428571, "reusita": 100.0, "cnt": 7}, "FIZICA TEO": {"medie": 9.146875, "reusita": 100.0, "cnt": 16}, "INFORMATICA MI C/C++": {"medie": 8.647777777777778, "reusita": 100.0, "cnt": 45}, "CHIMIE ANORGANICA TEO NIVEL I/II": {"medie": 8.76, "reusita": 100.0, "cnt": 5}, "CHIMIE ORGANICA TEO NIVEL I/II": {"medie": 8.528571428571428, "reusita": 100.0, "cnt": 7}, "PSIHOLOGIE": {"medie": 9.233333333333334, "reusita": 100.0, "cnt": 3}, "LIMBA GERMANA": {"medie": 7.094444444444444, "reusita": 88.88888888888889, "cnt": 18}, "INFORMATICA SN C/C++": {"medie": 8.35625, "reusita": 100.0, "cnt": 8}, "ECONOMIE": {"medie": 9.9, "reusita": 100.0, "cnt": 2}}, "nume": "COLEGIUL NATIONAL \"DECEBAL\" DEVA\tHunedoara"}