{"specializari": {"TEHNICIAN IN INSTALATII ELECTRICE": 14, "TEHNICIAN IN AUTOMATIZARI": 21, "TEHNICIAN MECATRONIST": 7, "TEHNICIAN ECOLOG SI PROTECTIA CALITATII MEDIULUI": 1, "TEHNICIAN ELECTRONIST": 1, "TEHNICIAN ELECTROTEHNIST": 3}, "limba_moderna": {"LIMBA ENGLEZA": 46, "LIMBA FRANCEZA": 1}, "limba_materna": {"LIMBA ROMANA": 34, "LIMBA MAGHIARA": 7, "LIMBA GERMANA": 6}, "promotie_anterioara": {"DA": 22, "NU": 25}, "materii": {"LIMBA ROMANA": {"medie": 5.8204545454545435, "reusita": 85.1063829787234, "cnt": 47}, "MATEMATICA TEHN": {"medie": 5.688888888888889, "reusita": 76.59574468085107, "cnt": 47}, "BIOLOGIE VEGETALA SI ANIMALA": {"medie": 5.366666666666668, "reusita": 59.375, "cnt": 32}, "GENERAL": {"medie": 5.866666666666669, "reusita": 44.680851063829785, "cnt": 47}, "LIMBA MAGHIARA (REAL)": {"medie": 6.971428571428571, "reusita": 100.0, "cnt": 7}, "FIZICA TEH": {"medie": 7.533333333333332, "reusita": 85.71428571428571, "cnt": 7}, "CHIMIE ANORGANICA TEH NIVEL I/II": {"medie": 5.95, "reusita": 100.0, "cnt": 7}, "CHIMIE ORGANICA TEH NIVEL I/II": {"medie": 5.35, "reusita": 100.0, "cnt": 1}, "LIMBA GERMANA": {"medie": 6.2250000000000005, "reusita": 100.0, "cnt": 6}}, "nume": "COLEGIUL TEHNIC ENERGETIC \"REMUS RADULET\" BRASOV\tBra\u0219ov"}