{"specializari": {"FILOLOGIE": 30, "MATEMATICA-INFORMATICA": 89, "LICEU CU PROGRAM SPORTIV": 38, "STIINTE SOCIALE": 34, "STIINTE ALE NATURII": 52}, "limba_moderna": {"LIMBA ENGLEZA": 239, "LIMBA FRANCEZA": 2, "LIMBA GERMANA MODERNA": 2}, "limba_materna": {"LIMBA ROMANA": 243}, "promotie_anterioara": {"DA": 7, "NU": 236}, "materii": {"LIMBA ROMANA": {"medie": 7.932644628099171, "reusita": 95.88477366255144, "cnt": 243}, "BIOLOGIE VEGETALA SI ANIMALA": {"medie": 8.566666666666666, "reusita": 100.0, "cnt": 9}, "GENERAL": {"medie": 8.207123098201937, "reusita": 91.76954732510289, "cnt": 243}, "GEOGRAFIE": {"medie": 8.165243902439018, "reusita": 100.0, "cnt": 82}, "ANATOMIE SI FIZIOLOGIE UMANA, GENETICA SI ECOLOGIE UMANA": {"medie": 8.991666666666669, "reusita": 100.0, "cnt": 48}, "MATEMATICA ST-NAT": {"medie": 8.70096153846154, "reusita": 100.0, "cnt": 52}, "MATEMATICA MATE-INFO": {"medie": 9.094318181818183, "reusita": 98.87640449438202, "cnt": 89}, "ISTORIE": {"medie": 6.732673267326735, "reusita": 95.09803921568627, "cnt": 102}, "LOGICA, ARGUMENTARE SI COMUNICARE": {"medie": 7.1499999999999995, "reusita": 83.33333333333334, "cnt": 6}, "SOCIOLOGIE": {"medie": 7.972222222222224, "reusita": 100.0, "cnt": 9}, "FIZICA TEO": {"medie": 9.326530612244895, "reusita": 100.0, "cnt": 49}, "INFORMATICA MI C/C++": {"medie": 8.977272727272725, "reusita": 97.05882352941177, "cnt": 34}, "CHIMIE ORGANICA TEO NIVEL I/II": {"medie": 9.5, "reusita": 100.0, "cnt": 1}, "PSIHOLOGIE": {"medie": 6.816666666666667, "reusita": 100.0, "cnt": 3}, "ECONOMIE": {"medie": 8.125, "reusita": 100.0, "cnt": 2}}, "nume": "COLEGIUL NATIONAL MIRCEA CEL BATRAN, MUN. RM. VALCEA\tV\u00e2lcea"}