{"specializari": {"MATEMATICA-INFORMATICA": 109, "STIINTE ALE NATURII": 35}, "limba_moderna": {"LIMBA ENGLEZA": 141, "LIMBA FRANCEZA": 2, "LIMBA GERMANA MODERNA": 1}, "limba_materna": {"LIMBA ROMANA": 144}, "promotie_anterioara": {"NU": 144}, "materii": {"LIMBA ROMANA": {"medie": 8.562847222222217, "reusita": 99.30555555555556, "cnt": 144}, "BIOLOGIE VEGETALA SI ANIMALA": {"medie": 8.76, "reusita": 100.0, "cnt": 15}, "GENERAL": {"medie": 8.716898148148148, "reusita": 97.91666666666666, "cnt": 144}, "ANATOMIE SI FIZIOLOGIE UMANA, GENETICA SI ECOLOGIE UMANA": {"medie": 8.415909090909095, "reusita": 100.0, "cnt": 22}, "MATEMATICA ST-NAT": {"medie": 8.592857142857143, "reusita": 97.14285714285714, "cnt": 35}, "MATEMATICA MATE-INFO": {"medie": 8.851834862385319, "reusita": 100.0, "cnt": 109}, "FIZICA TEO": {"medie": 9.120408163265306, "reusita": 100.0, "cnt": 49}, "INFORMATICA MI C/C++": {"medie": 8.68, "reusita": 100.0, "cnt": 35}, "CHIMIE ORGANICA TEO NIVEL I/II": {"medie": 8.686956521739129, "reusita": 100.0, "cnt": 23}}, "nume": "COLEGIUL NATIONAL \"CANTEMIR VODA\"\tBucure\u0219ti"}