{"specializari": {"FILOLOGIE": 31, "STIINTE ALE NATURII": 64, "MATEMATICA-INFORMATICA": 60, "STIINTE SOCIALE": 30}, "limba_moderna": {"LIMBA ENGLEZA": 171, "LIMBA FRANCEZA": 14}, "limba_materna": {"LIMBA ROMANA": 185}, "promotie_anterioara": {"DA": 9, "NU": 176}, "materii": {"LIMBA ROMANA": {"medie": 7.851092896174857, "reusita": 98.91891891891892, "cnt": 185}, "BIOLOGIE VEGETALA SI ANIMALA": {"medie": 8.7, "reusita": 100.0, "cnt": 1}, "GENERAL": {"medie": 7.884806629834247, "reusita": 85.94594594594595, "cnt": 185}, "GEOGRAFIE": {"medie": 8.544642857142858, "reusita": 98.24561403508771, "cnt": 57}, "ANATOMIE SI FIZIOLOGIE UMANA, GENETICA SI ECOLOGIE UMANA": {"medie": 8.181052631578945, "reusita": 95.87628865979381, "cnt": 97}, "MATEMATICA ST-NAT": {"medie": 6.904761904761904, "reusita": 85.9375, "cnt": 64}, "MATEMATICA MATE-INFO": {"medie": 7.8228813559322035, "reusita": 86.66666666666667, "cnt": 60}, "ISTORIE": {"medie": 7.547499999999999, "reusita": 93.44262295081968, "cnt": 61}, "FIZICA TEO": {"medie": 8.23913043478261, "reusita": 95.65217391304348, "cnt": 23}, "INFORMATICA MI C/C++": {"medie": 7.616666666666667, "reusita": 100.0, "cnt": 3}, "PSIHOLOGIE": {"medie": 9.25, "reusita": 100.0, "cnt": 2}, "ECONOMIE": {"medie": 9.8, "reusita": 100.0, "cnt": 2}}, "nume": "COLEGIUL NATIONAL\"GRIGORE MOISIL\" URZICENI\tIalomi\u021ba"}