{"specializari": {"TEHNICIAN ECOLOG SI PROTECTIA CALITATII MEDIULUI": 11, "TEHNICIAN IN INSTALATII ELECTRICE": 2, "TEHNICIAN MECANIC PENTRU INTRETINERE SI REPARATII": 2, "TEHNICIAN OPERATOR TEHNICA DE CALCUL": 1, "TEHNICIAN ANALIZE PRODUSE ALIMENTARE": 1, "TEHNICIAN IN ACTIVITATI ECONOMICE": 19, "TEHNICIAN IN GASTRONOMIE": 2, "TEHNICIAN IN INDUSTRIA ALIMENTARA": 1, "STIINTE ALE NATURII": 2}, "limba_moderna": {"LIMBA ENGLEZA": 40, "LIMBA GERMANA MODERNA": 1}, "limba_materna": {"LIMBA ROMANA": 41}, "promotie_anterioara": {"DA": 16, "NU": 25}, "materii": {"LIMBA ROMANA": {"medie": 5.624390243902439, "reusita": 85.36585365853658, "cnt": 41}, "MATEMATICA TEHN": {"medie": 5.206944444444445, "reusita": 64.1025641025641, "cnt": 39}, "BIOLOGIE VEGETALA SI ANIMALA": {"medie": 4.026923076923077, "reusita": 21.428571428571427, "cnt": 14}, "GENERAL": {"medie": 5.64298245614035, "reusita": 29.268292682926827, "cnt": 41}, "GEOGRAFIE": {"medie": 6.725, "reusita": 100.0, "cnt": 2}, "ANATOMIE SI FIZIOLOGIE UMANA, GENETICA SI ECOLOGIE UMANA": {"medie": 5.4125, "reusita": 75.0, "cnt": 4}, "MATEMATICA ST-NAT": {"medie": 2.1, "reusita": 0.0, "cnt": 2}, "CHIMIE ANORGANICA TEH NIVEL I/II": {"medie": 5.475, "reusita": 100.0, "cnt": 2}, "LOGICA, ARGUMENTARE SI COMUNICARE": {"medie": 7.865789473684211, "reusita": 100.0, "cnt": 19}}, "nume": "COLEGIUL TEHNIC \"SIMION MEHEDINTI\" CODLEA\tBra\u0219ov"}