{"specializari": {"TEHNICIAN TRANSPORTURI": 16, "TEHNICIAN OPERATOR PROCESARE TEXT IMAGINE": 3, "TEHNICIAN ELECTROTEHNIST": 2, "TEHNICIAN OPERATOR TEHNICA DE CALCUL": 3, "TEHNICIAN MECANIC PENTRU INTRETINERE SI REPARATII": 2, "TEHNICIAN PROIECTANT CAD": 5, "STIINTE ALE NATURII": 4, "TEHNICIAN ELECTROMECANIC": 1, "TEHNICIAN ELECTRICIAN/ELECTRONIST AUTO": 11, "TEHNICIAN IN AUTOMATIZARI": 1}, "limba_moderna": {"LIMBA ENGLEZA": 41, "LIMBA FRANCEZA": 7}, "limba_materna": {"LIMBA ROMANA": 48}, "promotie_anterioara": {"DA": 23, "NU": 25}, "materii": {"LIMBA ROMANA": {"medie": 5.346808510638297, "reusita": 77.08333333333334, "cnt": 48}, "MATEMATICA TEHN": {"medie": 4.7560975609756095, "reusita": 59.09090909090909, "cnt": 44}, "BIOLOGIE VEGETALA SI ANIMALA": {"medie": 5.211538461538462, "reusita": 51.21951219512195, "cnt": 41}, "GENERAL": {"medie": 5.16910569105691, "reusita": 29.166666666666668, "cnt": 48}, "ANATOMIE SI FIZIOLOGIE UMANA, GENETICA SI ECOLOGIE UMANA": {"medie": 6.433333333333334, "reusita": 50.0, "cnt": 4}, "FIZICA TEH": {"medie": 2.5, "reusita": 0.0, "cnt": 1}, "MATEMATICA ST-NAT": {"medie": 6.0, "reusita": 75.0, "cnt": 4}, "CHIMIE ANORGANICA TEH NIVEL I/II": {"medie": 6.15, "reusita": 100.0, "cnt": 2}}, "nume": "COLEGIUL TEHNIC DE TRANSPORTURI BRASOV\tBra\u0219ov"}