{"specializari": {"TEHNICIAN MECATRONIST": 1, "LICEU CU PROGRAM SPORTIV": 44, "TEHNICIAN METROLOG": 1, "TEHNICIAN PROIECTANT CAD": 6, "TEHNICIAN ELECTROMECANIC": 2, "INSTRUCTOR PENTRU ACTIVITATI EXTRASCOLARE": 3, "TEHNICIAN ELECTROTEHNIST": 1, "TEHNICIAN OPERATOR TEHNICA DE CALCUL": 1, "TEHNICIAN MECANIC PENTRU INTRETINERE SI REPARATII": 2}, "limba_moderna": {"LIMBA ENGLEZA": 58, "LIMBA FRANCEZA": 3}, "limba_materna": {"LIMBA ROMANA": 61}, "promotie_anterioara": {"DA": 26, "NU": 35}, "materii": {"LIMBA ROMANA": {"medie": 5.6822033898305095, "reusita": 80.32786885245902, "cnt": 61}, "MATEMATICA TEHN": {"medie": 3.9384615384615382, "reusita": 35.714285714285715, "cnt": 14}, "BIOLOGIE VEGETALA SI ANIMALA": {"medie": 5.3, "reusita": 40.0, "cnt": 10}, "GENERAL": {"medie": 5.633333333333332, "reusita": 34.42622950819672, "cnt": 61}, "GEOGRAFIE": {"medie": 6.555263157894736, "reusita": 78.94736842105263, "cnt": 19}, "ANATOMIE SI FIZIOLOGIE UMANA, GENETICA SI ECOLOGIE UMANA": {"medie": 6.85, "reusita": 100.0, "cnt": 1}, "FIZICA TEH": {"medie": 5.0, "reusita": 100.0, "cnt": 1}, "ISTORIE": {"medie": 5.364444444444444, "reusita": 63.829787234042556, "cnt": 47}, "CHIMIE ANORGANICA TEH NIVEL I/II": {"medie": 3.35, "reusita": 50.0, "cnt": 2}, "LOGICA, ARGUMENTARE SI COMUNICARE": {"medie": 6.3442307692307685, "reusita": 75.0, "cnt": 28}}, "nume": "COLEGIUL TEHNIC \"AUREL VLAICU\" BAIA MARE\tMaramure\u0219"}