{"specializari": {"TEHNICIAN IN ACTIVITATI DE COMERT": 19, "MATEMATICA-INFORMATICA": 1, "TEHNICIAN IN ACTIVITATI ECONOMICE": 57, "TEHNICIAN IN ADMINISTRATIE": 14, "TEHNICIAN ANALIZE PRODUSE ALIMENTARE": 25, "TEHNICIAN IN GASTRONOMIE": 34, "TEHNICIAN IN INDUSTRIA ALIMENTARA": 32, "TEHNICIAN IN TURISM": 26}, "limba_moderna": {"LIMBA ENGLEZA": 199, "LIMBA FRANCEZA": 9}, "limba_materna": {"LIMBA ROMANA": 208}, "promotie_anterioara": {"DA": 21, "NU": 187}, "materii": {"LIMBA ROMANA": {"medie": 6.458737864077672, "reusita": 88.46153846153845, "cnt": 208}, "MATEMATICA TEHN": {"medie": 5.762009803921572, "reusita": 75.84541062801932, "cnt": 207}, "BIOLOGIE VEGETALA SI ANIMALA": {"medie": 5.8, "reusita": 100.0, "cnt": 1}, "GENERAL": {"medie": 6.3404411764705895, "reusita": 55.769230769230774, "cnt": 208}, "GEOGRAFIE": {"medie": 7.034469696969695, "reusita": 89.39393939393939, "cnt": 132}, "ANATOMIE SI FIZIOLOGIE UMANA, GENETICA SI ECOLOGIE UMANA": {"medie": 6.306363636363635, "reusita": 89.28571428571429, "cnt": 56}, "MATEMATICA MATE-INFO": {"medie": 5.7, "reusita": 100.0, "cnt": 1}, "CHIMIE ORGANICA TEH NIVEL I/II": {"medie": 8.0, "reusita": 100.0, "cnt": 1}, "LOGICA, ARGUMENTARE SI COMUNICARE": {"medie": 8.15, "reusita": 100.0, "cnt": 1}, "PSIHOLOGIE": {"medie": 6.2875, "reusita": 75.0, "cnt": 4}, "ECONOMIE": {"medie": 7.019230769230769, "reusita": 100.0, "cnt": 13}}, "nume": "COLEGIUL ECONOMIC, MUN. RM. VALCEA\tV\u00e2lcea"}