{"specializari": {"TEHNICIAN IN CONSTRUCTII SI LUCRARI PUBLICE": 2, "TEHNICIAN IN ACTIVITATI ECONOMICE": 28, "TEHNICIAN DESIGNER VESTIMENTAR": 2, "TEHNICIAN PROIECTANT CAD": 20, "TEHNICIAN MECANIC PENTRU INTRETINERE SI REPARATII": 5, "TEHNICIAN OPERATOR TEHNICA DE CALCUL": 32, "TEHNICIAN ELECTROTEHNIST": 5, "LICEU CU PROGRAM SPORTIV": 2, "TEHNICIAN ELECTROMECANIC": 9, "MATEMATICA-INFORMATICA": 1}, "limba_moderna": {"LIMBA FRANCEZA": 4, "LIMBA ENGLEZA": 102}, "limba_materna": {"LIMBA ROMANA": 106}, "promotie_anterioara": {"DA": 28, "NU": 78}, "materii": {"LIMBA ROMANA": {"medie": 6.42095238095238, "reusita": 91.50943396226415, "cnt": 106}, "MATEMATICA TEHN": {"medie": 5.428921568627452, "reusita": 68.93203883495146, "cnt": 103}, "BIOLOGIE VEGETALA SI ANIMALA": {"medie": 5.125, "reusita": 54.90196078431373, "cnt": 51}, "GENERAL": {"medie": 5.969771241830066, "reusita": 48.113207547169814, "cnt": 106}, "GEOGRAFIE": {"medie": 7.7423076923076914, "reusita": 100.0, "cnt": 13}, "FIZICA TEH": {"medie": 5.267391304347825, "reusita": 78.26086956521739, "cnt": 23}, "MATEMATICA MATE-INFO": {"medie": "-", "reusita": 0.0, "cnt": 1}, "ISTORIE": {"medie": 6.199999999999999, "reusita": 100.0, "cnt": 2}, "CHIMIE ANORGANICA TEH NIVEL I/II": {"medie": 5.675, "reusita": 100.0, "cnt": 2}, "LOGICA, ARGUMENTARE SI COMUNICARE": {"medie": 7.7406250000000005, "reusita": 100.0, "cnt": 16}, "PSIHOLOGIE": {"medie": 9.3, "reusita": 100.0, "cnt": 1}}, "nume": "COLEGIUL TEHNIC \"VICTOR UNGUREANU\" CAMPIA TURZII\tCluj"}