{"specializari": {"TEHNICIAN IN ACTIVITATI DE COMERT": 2, "TEHNICIAN IN ACTIVITATI ECONOMICE": 55, "TEHNICIAN IN ACHIZITII SI CONTRACTARI": 40, "TEHNICIAN IN TURISM": 81, "TEHNICIAN IN GASTRONOMIE": 1, "TEHNICIAN IN ADMINISTRATIE": 35}, "limba_moderna": {"LIMBA ENGLEZA": 169, "LIMBA FRANCEZA": 45}, "limba_materna": {"LIMBA ROMANA": 214}, "promotie_anterioara": {"DA": 75, "NU": 139}, "materii": {"LIMBA ROMANA": {"medie": 5.423095238095238, "reusita": 71.02803738317756, "cnt": 214}, "MATEMATICA TEHN": {"medie": 4.091584158415838, "reusita": 42.99065420560748, "cnt": 214}, "GENERAL": {"medie": 5.413316582914569, "reusita": 26.635514018691588, "cnt": 214}, "GEOGRAFIE": {"medie": 6.539869281045751, "reusita": 84.61538461538461, "cnt": 156}, "LOGICA, ARGUMENTARE SI COMUNICARE": {"medie": 6.859433962264152, "reusita": 78.94736842105263, "cnt": 57}, "ECONOMIE": {"medie": 5.0, "reusita": 100.0, "cnt": 1}}, "nume": "COLEGIUL NATIONAL ECONOMIC \"THEODOR COSTESCU\"\tMehedin\u021bi"}