{"specializari": {"INVATATOR - EDUCATOARE": 55, "MATEMATICA-INFORMATICA": 49, "STIINTE ALE NATURII": 57, "STIINTE SOCIALE": 34, "FILOLOGIE": 32}, "limba_moderna": {"LIMBA ENGLEZA": 225, "LIMBA FRANCEZA": 2}, "limba_materna": {"LIMBA ROMANA": 227}, "promotie_anterioara": {"DA": 7, "NU": 220}, "materii": {"LIMBA ROMANA": {"medie": 7.918061674008808, "reusita": 99.55947136563876, "cnt": 227}, "BIOLOGIE VEGETALA SI ANIMALA": {"medie": 7.225, "reusita": 100.0, "cnt": 2}, "GENERAL": {"medie": 7.960939794419971, "reusita": 92.07048458149781, "cnt": 227}, "GEOGRAFIE": {"medie": 7.719696969696971, "reusita": 96.96969696969697, "cnt": 33}, "ANATOMIE SI FIZIOLOGIE UMANA, GENETICA SI ECOLOGIE UMANA": {"medie": 8.053636363636363, "reusita": 98.18181818181819, "cnt": 55}, "MATEMATICA PED": {"medie": 8.291818181818181, "reusita": 98.18181818181819, "cnt": 55}, "MATEMATICA ST-NAT": {"medie": 7.458771929824563, "reusita": 96.49122807017544, "cnt": 57}, "MATEMATICA MATE-INFO": {"medie": 7.657142857142858, "reusita": 93.87755102040816, "cnt": 49}, "ISTORIE": {"medie": 7.769696969696967, "reusita": 96.96969696969697, "cnt": 66}, "LOGICA, ARGUMENTARE SI COMUNICARE": {"medie": 9.109259259259257, "reusita": 100.0, "cnt": 81}, "SOCIOLOGIE": {"medie": 8.0875, "reusita": 100.0, "cnt": 4}, "FIZICA TEO": {"medie": 7.778571428571429, "reusita": 100.0, "cnt": 7}, "INFORMATICA MI C/C++": {"medie": 6.534615384615386, "reusita": 96.15384615384616, "cnt": 26}, "CHIMIE ANORGANICA TEO NIVEL I/II": {"medie": 7.483333333333333, "reusita": 100.0, "cnt": 3}, "CHIMIE ORGANICA TEO NIVEL I/II": {"medie": 7.7, "reusita": 100.0, "cnt": 7}, "PSIHOLOGIE": {"medie": 8.466666666666667, "reusita": 100.0, "cnt": 3}, "INFORMATICA SN C/C++": {"medie": 7.7250000000000005, "reusita": 100.0, "cnt": 6}}, "nume": "COLEGIUL NATIONAL PEDAGOGIC \"STEFAN CEL MARE\" BACAU\tBac\u0103u"}