{"specializari": {"TEHNICIAN IN INSTALATII ELECTRICE": 22, "TEHNICIAN MECANIC PENTRU INTRETINERE SI REPARATII": 1, "TEHNICIAN MECATRONIST": 10, "TEHNICIAN OPERATOR TEHNICA DE CALCUL": 51, "TEHNICIAN IN AUTOMATIZARI": 30, "MATEMATICA-INFORMATICA": 3, "LICEU CU PROGRAM SPORTIV": 13, "TEHNICIAN ECOLOG SI PROTECTIA CALITATII MEDIULUI": 26, "TEHNICIAN IN AGROTURISM": 1, "TEHNICIAN ELECTROTEHNIST": 7}, "limba_moderna": {"LIMBA ENGLEZA": 161, "LIMBA FRANCEZA": 3}, "limba_materna": {"LIMBA ROMANA": 164}, "promotie_anterioara": {"DA": 17, "NU": 147}, "materii": {"LIMBA ROMANA": {"medie": 6.717378048780488, "reusita": 95.1219512195122, "cnt": 164}, "MATEMATICA TEHN": {"medie": 7.253378378378375, "reusita": 89.86486486486487, "cnt": 148}, "BIOLOGIE VEGETALA SI ANIMALA": {"medie": 6.357558139534885, "reusita": 82.75862068965517, "cnt": 87}, "GENERAL": {"medie": 7.05010224948875, "reusita": 78.04878048780488, "cnt": 164}, "GEOGRAFIE": {"medie": 8.75, "reusita": 100.0, "cnt": 4}, "ANATOMIE SI FIZIOLOGIE UMANA, GENETICA SI ECOLOGIE UMANA": {"medie": 8.132, "reusita": 100.0, "cnt": 25}, "FIZICA TEH": {"medie": 8.434848484848482, "reusita": 96.96969696969697, "cnt": 33}, "MATEMATICA MATE-INFO": {"medie": 5.016666666666667, "reusita": 100.0, "cnt": 3}, "ISTORIE": {"medie": 6.784615384615384, "reusita": 100.0, "cnt": 13}, "CHIMIE ANORGANICA TEH NIVEL I/II": {"medie": 7.8375, "reusita": 100.0, "cnt": 4}, "CHIMIE ORGANICA TEH NIVEL I/II": {"medie": 8.9, "reusita": 100.0, "cnt": 1}, "LOGICA, ARGUMENTARE SI COMUNICARE": {"medie": 8.244444444444444, "reusita": 88.88888888888889, "cnt": 9}, "INFORMATICA MI C/C++": {"medie": 2.3, "reusita": 0.0, "cnt": 1}}, "nume": "COLEGIUL ENERGETIC, MUN. RM. VALCEA\tV\u00e2lcea"}