{"specializari": {"MATEMATICA-INFORMATICA": 109, "FILOLOGIE": 58, "STIINTE ALE NATURII": 28}, "limba_moderna": {"LIMBA ENGLEZA": 172, "LIMBA FRANCEZA": 23}, "limba_materna": {"LIMBA ROMANA": 195}, "promotie_anterioara": {"DA": 1, "NU": 194}, "materii": {"LIMBA ROMANA": {"medie": 8.203076923076924, "reusita": 100.0, "cnt": 195}, "BIOLOGIE VEGETALA SI ANIMALA": {"medie": 8.975, "reusita": 100.0, "cnt": 2}, "GENERAL": {"medie": 8.35333333333334, "reusita": 98.46153846153847, "cnt": 195}, "GEOGRAFIE": {"medie": 9.138636363636364, "reusita": 100.0, "cnt": 22}, "ANATOMIE SI FIZIOLOGIE UMANA, GENETICA SI ECOLOGIE UMANA": {"medie": 8.474074074074073, "reusita": 100.0, "cnt": 54}, "MATEMATICA ST-NAT": {"medie": 8.160714285714286, "reusita": 96.42857142857143, "cnt": 28}, "MATEMATICA MATE-INFO": {"medie": 8.24862385321101, "reusita": 100.0, "cnt": 109}, "ISTORIE": {"medie": 8.555172413793104, "reusita": 100.0, "cnt": 58}, "LOGICA, ARGUMENTARE SI COMUNICARE": {"medie": 8.873333333333333, "reusita": 100.0, "cnt": 30}, "FIZICA TEO": {"medie": 8.199074074074074, "reusita": 98.14814814814815, "cnt": 54}, "INFORMATICA MI C/C++": {"medie": 8.233333333333333, "reusita": 100.0, "cnt": 18}, "CHIMIE ANORGANICA TEO NIVEL I/II": {"medie": 7.675, "reusita": 100.0, "cnt": 2}, "CHIMIE ORGANICA TEO NIVEL I/II": {"medie": 8.942857142857145, "reusita": 100.0, "cnt": 7}, "PSIHOLOGIE": {"medie": 9.275, "reusita": 100.0, "cnt": 2}, "ECONOMIE": {"medie": 8.262500000000001, "reusita": 100.0, "cnt": 4}}, "nume": "COLEGIUL NATIONAL \"MIHAI EMINESCU\"\tBucure\u0219ti"}