{"specializari": {"STIINTE SOCIALE": 41, "MATEMATICA-INFORMATICA": 54, "FILOLOGIE": 68, "STIINTE ALE NATURII": 30}, "limba_moderna": {"LIMBA ENGLEZA": 172, "LIMBA FRANCEZA": 21}, "limba_materna": {"LIMBA ROMANA": 193}, "promotie_anterioara": {"DA": 26, "NU": 167}, "materii": {"LIMBA ROMANA": {"medie": 7.41484375, "reusita": 96.37305699481865, "cnt": 193}, "BIOLOGIE VEGETALA SI ANIMALA": {"medie": 6.433333333333334, "reusita": 100.0, "cnt": 3}, "GENERAL": {"medie": 7.497905759162306, "reusita": 82.38341968911918, "cnt": 193}, "GEOGRAFIE": {"medie": 7.397727272727272, "reusita": 93.18181818181817, "cnt": 88}, "ANATOMIE SI FIZIOLOGIE UMANA, GENETICA SI ECOLOGIE UMANA": {"medie": 8.19, "reusita": 100.0, "cnt": 75}, "MATEMATICA ST-NAT": {"medie": 6.536666666666666, "reusita": 83.33333333333334, "cnt": 30}, "MATEMATICA MATE-INFO": {"medie": 7.161111111111112, "reusita": 96.29629629629629, "cnt": 54}, "ISTORIE": {"medie": 7.304166666666666, "reusita": 94.4954128440367, "cnt": 109}, "LOGICA, ARGUMENTARE SI COMUNICARE": {"medie": 9.485714285714284, "reusita": 100.0, "cnt": 14}, "SOCIOLOGIE": {"medie": 8.65, "reusita": 100.0, "cnt": 1}, "INFORMATICA MI C/C++": {"medie": 7.9799999999999995, "reusita": 100.0, "cnt": 5}, "FILOSOFIE": {"medie": 8.15, "reusita": 100.0, "cnt": 4}, "PSIHOLOGIE": {"medie": 8.075, "reusita": 100.0, "cnt": 2}, "INFORMATICA SN C/C++": {"medie": 9.4, "reusita": 100.0, "cnt": 1}}, "nume": "COLEGIUL NATIONAL \"SAMUIL VULCAN\" BEIUS\tBihor"}