{"specializari": {"STIINTE ALE NATURII": 21, "TEHNICIAN MECANIC PENTRU INTRETINERE SI REPARATII": 14, "FILOLOGIE": 23, "TEHNICIAN IN INSTALATII ELECTRICE": 10, "TEHNICIAN MECATRONIST": 1, "STIINTE SOCIALE": 32, "TEHNICIAN IN ACTIVITATI ECONOMICE": 15}, "limba_moderna": {"LIMBA ENGLEZA": 107, "LIMBA FRANCEZA": 9}, "limba_materna": {"LIMBA ROMANA": 116}, "promotie_anterioara": {"DA": 21, "NU": 95}, "materii": {"LIMBA ROMANA": {"medie": 6.380555555555555, "reusita": 81.03448275862068, "cnt": 116}, "MATEMATICA TEHN": {"medie": 3.6411764705882352, "reusita": 25.0, "cnt": 40}, "BIOLOGIE VEGETALA SI ANIMALA": {"medie": 3.727499999999999, "reusita": 21.73913043478261, "cnt": 23}, "GENERAL": {"medie": 5.973557692307693, "reusita": 40.51724137931034, "cnt": 116}, "GEOGRAFIE": {"medie": 7.378333333333334, "reusita": 90.47619047619048, "cnt": 63}, "ANATOMIE SI FIZIOLOGIE UMANA, GENETICA SI ECOLOGIE UMANA": {"medie": 6.0125, "reusita": 68.42105263157895, "cnt": 19}, "FIZICA TEH": {"medie": 9.5, "reusita": 100.0, "cnt": 2}, "MATEMATICA ST-NAT": {"medie": 4.941666666666666, "reusita": 61.904761904761905, "cnt": 21}, "ISTORIE": {"medie": 5.783333333333333, "reusita": 80.0, "cnt": 55}, "LOGICA, ARGUMENTARE SI COMUNICARE": {"medie": 5.383333333333333, "reusita": 50.0, "cnt": 6}, "FIZICA TEO": {"medie": 7.45, "reusita": 100.0, "cnt": 2}, "PSIHOLOGIE": {"medie": 9.0, "reusita": 100.0, "cnt": 1}}, "nume": "COLEGIUL TEHNIC \"ALEXANDRU IOAN CUZA\" SUCEAVA\tSuceava"}