{"specializari": {"STIINTE ALE NATURII": 55, "MATEMATICA-INFORMATICA": 47, "FILOLOGIE": 60}, "limba_moderna": {"LIMBA ENGLEZA": 154, "LIMBA FRANCEZA": 4, "LIMBA SPANIOLA": 4}, "limba_materna": {"LIMBA ROMANA": 162}, "promotie_anterioara": {"DA": 2, "NU": 160}, "materii": {"LIMBA ROMANA": {"medie": 8.214197530864194, "reusita": 100.0, "cnt": 162}, "GENERAL": {"medie": 8.017386831275726, "reusita": 96.29629629629629, "cnt": 162}, "GEOGRAFIE": {"medie": 8.759375000000002, "reusita": 100.0, "cnt": 32}, "ANATOMIE SI FIZIOLOGIE UMANA, GENETICA SI ECOLOGIE UMANA": {"medie": 8.241860465116282, "reusita": 100.0, "cnt": 43}, "MATEMATICA ST-NAT": {"medie": 7.670000000000002, "reusita": 98.18181818181819, "cnt": 55}, "MATEMATICA MATE-INFO": {"medie": 7.75531914893617, "reusita": 100.0, "cnt": 47}, "ISTORIE": {"medie": 7.709166666666669, "reusita": 100.0, "cnt": 60}, "LOGICA, ARGUMENTARE SI COMUNICARE": {"medie": 8.692105263157897, "reusita": 100.0, "cnt": 19}, "SOCIOLOGIE": {"medie": 9.125, "reusita": 100.0, "cnt": 6}, "FIZICA TEO": {"medie": 7.56, "reusita": 100.0, "cnt": 5}, "INFORMATICA MI C/C++": {"medie": 7.020689655172416, "reusita": 100.0, "cnt": 29}, "CHIMIE ANORGANICA TEO NIVEL I/II": {"medie": 6.875, "reusita": 100.0, "cnt": 2}, "CHIMIE ORGANICA TEO NIVEL I/II": {"medie": 8.272499999999999, "reusita": 100.0, "cnt": 20}, "PSIHOLOGIE": {"medie": 7.650000000000001, "reusita": 100.0, "cnt": 3}, "INFORMATICA SN C/C++": {"medie": 6.233333333333333, "reusita": 100.0, "cnt": 3}}, "nume": "COLEGIUL NATIONAL \"ELENA GHIBA BIRTA\" ARAD\tArad"}