{"specializari": {"MATEMATICA-INFORMATICA": 17, "FILOLOGIE": 1, "TEHNICIAN IN TURISM": 12, "TEHNICIAN IN ACTIVITATI ECONOMICE": 26, "STIINTE ALE NATURII": 15}, "limba_moderna": {"LIMBA ENGLEZA": 71}, "limba_materna": {"LIMBA MAGHIARA": 71}, "promotie_anterioara": {"DA": 10, "NU": 61}, "materii": {"LIMBA ROMANA": {"medie": 5.644117647058826, "reusita": 76.05633802816901, "cnt": 71}, "MATEMATICA TEHN": {"medie": 4.787837837837838, "reusita": 57.89473684210527, "cnt": 38}, "BIOLOGIE VEGETALA SI ANIMALA": {"medie": 7.15, "reusita": 100.0, "cnt": 1}, "GENERAL": {"medie": 6.58219696969697, "reusita": 53.52112676056338, "cnt": 71}, "GEOGRAFIE": {"medie": 7.1014285714285705, "reusita": 89.1891891891892, "cnt": 37}, "ANATOMIE SI FIZIOLOGIE UMANA, GENETICA SI ECOLOGIE UMANA": {"medie": 8.028947368421052, "reusita": 100.0, "cnt": 19}, "LIMBA MAGHIARA (REAL)": {"medie": 7.254347826086956, "reusita": 94.28571428571428, "cnt": 70}, "MATEMATICA ST-NAT": {"medie": 6.536666666666665, "reusita": 86.66666666666667, "cnt": 15}, "MATEMATICA MATE-INFO": {"medie": 7.09375, "reusita": 94.11764705882352, "cnt": 17}, "ISTORIE": {"medie": 5.1, "reusita": 100.0, "cnt": 1}, "FIZICA TEO": {"medie": 7.8, "reusita": 100.0, "cnt": 1}, "INFORMATICA MI C/C++": {"medie": 7.790000000000001, "reusita": 80.0, "cnt": 5}, "CHIMIE ANORGANICA TEO NIVEL I/II": {"medie": 8.683333333333334, "reusita": 100.0, "cnt": 6}, "PSIHOLOGIE": {"medie": 6.7, "reusita": 50.0, "cnt": 2}, "LIMBA MAGHIARA (UMAN)": {"medie": 5.0, "reusita": 100.0, "cnt": 1}}, "nume": "COLEGIUL\"CSIKY GERGELY\" ARAD\tArad"}