{"specializari": {"TEHNICIAN IN CONSTRUCTII SI LUCRARI PUBLICE": 1, "TEHNICIAN IN INSTALATII ELECTRICE": 4, "TEHNICIAN DE TELECOMUNICATII": 1, "TEHNICIAN MECATRONIST": 3, "TEHNICIAN DESIGNER VESTIMENTAR": 3, "TEHNICIAN OPERATOR TEHNICA DE CALCUL": 5, "TEHNICIAN TRANSPORTURI": 1, "TEHNICIAN ELECTROMECANIC": 14, "TEHNICIAN MECANIC PENTRU INTRETINERE SI REPARATII": 2, "TEHNICIAN PRELUCRARI MECANICE": 2, "COAFOR STILIST": 1, "TEHNICIAN METROLOG": 1}, "limba_moderna": {"LIMBA FRANCEZA": 8, "LIMBA ENGLEZA": 29, "LIMBA GERMANA MODERNA": 1}, "limba_materna": {"LIMBA ROMANA": 38}, "promotie_anterioara": {"DA": 20, "NU": 18}, "materii": {"LIMBA ROMANA": {"medie": 5.723529411764706, "reusita": 78.94736842105263, "cnt": 38}, "MATEMATICA TEHN": {"medie": 4.055882352941176, "reusita": 50.0, "cnt": 38}, "BIOLOGIE VEGETALA SI ANIMALA": {"medie": 5.336538461538461, "reusita": 54.83870967741935, "cnt": 31}, "GENERAL": {"medie": 5.055376344086022, "reusita": 21.052631578947366, "cnt": 38}, "GEOGRAFIE": {"medie": 5.0, "reusita": 100.0, "cnt": 1}, "FIZICA TEH": {"medie": 3.1, "reusita": 0.0, "cnt": 3}, "CHIMIE ANORGANICA TEH NIVEL I/II": {"medie": 4.375, "reusita": 50.0, "cnt": 2}, "CHIMIE ORGANICA TEH NIVEL I/II": {"medie": 2.0, "reusita": 0.0, "cnt": 1}}, "nume": "COLEGIUL TEHNIC RESITA\tCara\u0219-Severin"}