{"specializari": {"INVATATOR - EDUCATOARE": 33, "MATEMATICA-INFORMATICA": 65, "FILOLOGIE": 56}, "limba_moderna": {"LIMBA ENGLEZA": 152, "LIMBA SPANIOLA": 2}, "limba_materna": {"LIMBA ROMANA": 154}, "promotie_anterioara": {"DA": 5, "NU": 149}, "materii": {"LIMBA ROMANA": {"medie": 8.420261437908495, "reusita": 98.05194805194806, "cnt": 154}, "BIOLOGIE VEGETALA SI ANIMALA": {"medie": 8.585714285714285, "reusita": 100.0, "cnt": 7}, "GENERAL": {"medie": 8.53169934640523, "reusita": 95.45454545454545, "cnt": 154}, "GEOGRAFIE": {"medie": 9.203389830508472, "reusita": 100.0, "cnt": 59}, "ANATOMIE SI FIZIOLOGIE UMANA, GENETICA SI ECOLOGIE UMANA": {"medie": 8.216666666666667, "reusita": 100.0, "cnt": 3}, "MATEMATICA PED": {"medie": 8.460606060606063, "reusita": 100.0, "cnt": 33}, "MATEMATICA MATE-INFO": {"medie": 8.50769230769231, "reusita": 96.92307692307692, "cnt": 65}, "ISTORIE": {"medie": 8.155357142857143, "reusita": 100.0, "cnt": 56}, "LOGICA, ARGUMENTARE SI COMUNICARE": {"medie": 8.02, "reusita": 80.0, "cnt": 5}, "SOCIOLOGIE": {"medie": 8.64285714285714, "reusita": 100.0, "cnt": 7}, "FIZICA TEO": {"medie": 9.226923076923075, "reusita": 100.0, "cnt": 13}, "INFORMATICA MI C/C++": {"medie": 8.186363636363637, "reusita": 93.93939393939394, "cnt": 33}, "CHIMIE ANORGANICA TEO NIVEL I/II": {"medie": 7.8999999999999995, "reusita": 100.0, "cnt": 6}, "CHIMIE ORGANICA TEO NIVEL I/II": {"medie": 8.233333333333334, "reusita": 100.0, "cnt": 3}, "PSIHOLOGIE": {"medie": 8.775, "reusita": 100.0, "cnt": 14}, "ECONOMIE": {"medie": 9.175, "reusita": 100.0, "cnt": 4}}, "nume": "COLEGIUL NATIONAL \"ELENA CUZA\"\tBucure\u0219ti"}