{"specializari": {"TEHNICIAN IN TURISM": 35, "TEHNICIAN IN ADMINISTRATIE": 22, "TEHNICIAN IN ACTIVITATI ECONOMICE": 61, "TEHNICIAN IN GASTRONOMIE": 44, "TEHNICIAN IN ACTIVITATI DE COMERT": 26}, "limba_moderna": {"LIMBA ENGLEZA": 178, "LIMBA FRANCEZA": 10}, "limba_materna": {"LIMBA ROMANA": 188}, "promotie_anterioara": {"DA": 26, "NU": 162}, "materii": {"LIMBA ROMANA": {"medie": 6.594385026737971, "reusita": 96.27659574468085, "cnt": 188}, "MATEMATICA TEHN": {"medie": 5.458196721311476, "reusita": 70.2127659574468, "cnt": 188}, "GENERAL": {"medie": 6.438888888888887, "reusita": 56.38297872340425, "cnt": 188}, "GEOGRAFIE": {"medie": 7.182089552238806, "reusita": 87.05035971223022, "cnt": 139}, "LOGICA, ARGUMENTARE SI COMUNICARE": {"medie": 7.219318181818182, "reusita": 88.63636363636364, "cnt": 44}, "ECONOMIE": {"medie": 8.040000000000001, "reusita": 100.0, "cnt": 5}}, "nume": "COLEGIUL ECONOMIC \"DELTA DUNARII\" TULCEA\tTulcea"}