{"specializari": {"STIINTE ALE NATURII": 32, "MATEMATICA-INFORMATICA": 130, "STIINTE SOCIALE": 35}, "limba_moderna": {"LIMBA ENGLEZA": 177, "LIMBA FRANCEZA": 3, "LIMBA GERMANA MODERNA": 17}, "limba_materna": {"LIMBA ROMANA": 197}, "promotie_anterioara": {"NU": 197}, "materii": {"LIMBA ROMANA": {"medie": 9.151015228426392, "reusita": 100.0, "cnt": 197}, "GENERAL": {"medie": 9.120727580372252, "reusita": 99.49238578680203, "cnt": 197}, "GEOGRAFIE": {"medie": 8.75, "reusita": 100.0, "cnt": 3}, "ANATOMIE SI FIZIOLOGIE UMANA, GENETICA SI ECOLOGIE UMANA": {"medie": 8.846428571428573, "reusita": 100.0, "cnt": 70}, "MATEMATICA ST-NAT": {"medie": 9.228125, "reusita": 100.0, "cnt": 32}, "MATEMATICA MATE-INFO": {"medie": 9.25, "reusita": 100.0, "cnt": 130}, "ISTORIE": {"medie": 8.588571428571427, "reusita": 97.14285714285714, "cnt": 35}, "LOGICA, ARGUMENTARE SI COMUNICARE": {"medie": 9.247826086956522, "reusita": 100.0, "cnt": 23}, "SOCIOLOGIE": {"medie": 9.283333333333333, "reusita": 100.0, "cnt": 3}, "FIZICA TEO": {"medie": 9.65625, "reusita": 100.0, "cnt": 8}, "INFORMATICA MI C/C++": {"medie": 9.106779661016946, "reusita": 100.0, "cnt": 59}, "CHIMIE ANORGANICA TEO NIVEL I/II": {"medie": 9.233333333333334, "reusita": 100.0, "cnt": 3}, "CHIMIE ORGANICA TEO NIVEL I/II": {"medie": 9.23409090909091, "reusita": 100.0, "cnt": 22}, "FILOSOFIE": {"medie": 9.9, "reusita": 100.0, "cnt": 2}, "PSIHOLOGIE": {"medie": 9.4875, "reusita": 100.0, "cnt": 4}}, "nume": "COLEGIUL NATIONAL \"GHEORGHE SINCAI\" BAIA MARE\tMaramure\u0219"}