{"specializari": {"MATEMATICA-INFORMATICA": 263, "STIINTE ALE NATURII": 35}, "limba_moderna": {"LIMBA ENGLEZA": 285, "LIMBA FRANCEZA": 9, "LIMBA SPANIOLA": 1, "LIMBA GERMANA MODERNA": 3}, "limba_materna": {"LIMBA ROMANA": 298}, "promotie_anterioara": {"NU": 297, "DA": 1}, "materii": {"LIMBA ROMANA": {"medie": 9.078691275167781, "reusita": 100.0, "cnt": 298}, "BIOLOGIE VEGETALA SI ANIMALA": {"medie": 8.773684210526318, "reusita": 100.0, "cnt": 19}, "GENERAL": {"medie": 9.240156599552574, "reusita": 100.0, "cnt": 298}, "ANATOMIE SI FIZIOLOGIE UMANA, GENETICA SI ECOLOGIE UMANA": {"medie": 9.23125, "reusita": 100.0, "cnt": 16}, "MATEMATICA ST-NAT": {"medie": 9.355714285714285, "reusita": 100.0, "cnt": 35}, "MATEMATICA MATE-INFO": {"medie": 9.333650190114072, "reusita": 100.0, "cnt": 263}, "FIZICA TEO": {"medie": 9.387500000000006, "reusita": 100.0, "cnt": 140}, "INFORMATICA MI C/C++": {"medie": 9.083783783783783, "reusita": 100.0, "cnt": 37}, "CHIMIE ANORGANICA TEO NIVEL I/II": {"medie": 8.75, "reusita": 100.0, "cnt": 2}, "CHIMIE ORGANICA TEO NIVEL I/II": {"medie": 9.41428571428571, "reusita": 100.0, "cnt": 84}}, "nume": "COLEGIUL NATIONAL \"MIHAI VITEAZUL\"\tBucure\u0219ti"}