{"specializari": {"TEHNICIAN MECANIC PENTRU INTRETINERE SI REPARATII": 27, "TEHNICIAN MECATRONIST": 37, "TEHNICIAN DE TELECOMUNICATII": 36, "TEHNICIAN IN AUTOMATIZARI": 31, "MATEMATICA-INFORMATICA": 93, "FILOLOGIE": 30, "STIINTE ALE NATURII": 54, "TEHNICIAN PROIECTANT CAD": 28}, "limba_moderna": {"LIMBA ENGLEZA": 323, "LIMBA FRANCEZA": 13}, "limba_materna": {"LIMBA ROMANA": 336}, "promotie_anterioara": {"DA": 48, "NU": 288}, "materii": {"LIMBA ROMANA": {"medie": 7.112951807228915, "reusita": 96.72619047619048, "cnt": 336}, "MATEMATICA TEHN": {"medie": 5.528571428571426, "reusita": 71.0691823899371, "cnt": 159}, "BIOLOGIE VEGETALA SI ANIMALA": {"medie": 6.716480446927376, "reusita": 83.78378378378379, "cnt": 185}, "GENERAL": {"medie": 6.952887537993921, "reusita": 70.83333333333334, "cnt": 336}, "GEOGRAFIE": {"medie": 9.4, "reusita": 100.0, "cnt": 1}, "ANATOMIE SI FIZIOLOGIE UMANA, GENETICA SI ECOLOGIE UMANA": {"medie": 8.587499999999999, "reusita": 100.0, "cnt": 8}, "FIZICA TEH": {"medie": 7.172222222222223, "reusita": 88.88888888888889, "cnt": 18}, "MATEMATICA ST-NAT": {"medie": 7.0388888888888905, "reusita": 90.74074074074075, "cnt": 54}, "MATEMATICA MATE-INFO": {"medie": 7.324193548387098, "reusita": 98.9247311827957, "cnt": 93}, "ISTORIE": {"medie": 8.366666666666667, "reusita": 100.0, "cnt": 30}, "CHIMIE ANORGANICA TEH NIVEL I/II": {"medie": 3.9499999999999993, "reusita": 33.33333333333333, "cnt": 3}, "CHIMIE ORGANICA TEH NIVEL I/II": {"medie": 7.862500000000001, "reusita": 100.0, "cnt": 4}, "LOGICA, ARGUMENTARE SI COMUNICARE": {"medie": 9.05, "reusita": 96.15384615384616, "cnt": 26}, "FIZICA TEO": {"medie": 7.56756756756757, "reusita": 91.8918918918919, "cnt": 37}, "INFORMATICA MI C/C++": {"medie": 7.2524999999999995, "reusita": 100.0, "cnt": 20}, "CHIMIE ANORGANICA TEO NIVEL I/II": {"medie": 6.900000000000001, "reusita": 100.0, "cnt": 3}, "CHIMIE ORGANICA TEO NIVEL I/II": {"medie": 7.597619047619048, "reusita": 100.0, "cnt": 21}, "PSIHOLOGIE": {"medie": 9.200000000000001, "reusita": 100.0, "cnt": 3}, "INFORMATICA MI PASCAL": {"medie": 6.721428571428571, "reusita": 100.0, "cnt": 7}}, "nume": "COLEGIUL \"SPIRU HARET\", MUNICIPIUL PLOIESTI\tPrahova"}