{"specializari": {"FILOLOGIE": 56, "STIINTE SOCIALE": 65, "STIINTE ALE NATURII": 61, "MATEMATICA-INFORMATICA": 56}, "limba_moderna": {"LIMBA ENGLEZA": 231, "LIMBA FRANCEZA": 4, "LIMBA GERMANA MODERNA": 3}, "limba_materna": {"LIMBA ROMANA": 238}, "promotie_anterioara": {"NU": 238}, "materii": {"LIMBA ROMANA": {"medie": 8.716386554621847, "reusita": 100.0, "cnt": 238}, "BIOLOGIE VEGETALA SI ANIMALA": {"medie": 8.825, "reusita": 100.0, "cnt": 2}, "GENERAL": {"medie": 8.734033613445378, "reusita": 99.15966386554622, "cnt": 238}, "GEOGRAFIE": {"medie": 9.1421875, "reusita": 100.0, "cnt": 32}, "ANATOMIE SI FIZIOLOGIE UMANA, GENETICA SI ECOLOGIE UMANA": {"medie": 9.043220338983051, "reusita": 100.0, "cnt": 59}, "MATEMATICA ST-NAT": {"medie": 8.52622950819672, "reusita": 100.0, "cnt": 61}, "MATEMATICA MATE-INFO": {"medie": 8.511607142857141, "reusita": 98.21428571428571, "cnt": 56}, "ISTORIE": {"medie": 8.59256198347108, "reusita": 100.0, "cnt": 121}, "LOGICA, ARGUMENTARE SI COMUNICARE": {"medie": 9.364925373134326, "reusita": 100.0, "cnt": 67}, "SOCIOLOGIE": {"medie": 8.273333333333333, "reusita": 100.0, "cnt": 15}, "FIZICA TEO": {"medie": 8.66304347826087, "reusita": 100.0, "cnt": 23}, "INFORMATICA MI C/C++": {"medie": 7.797826086956523, "reusita": 100.0, "cnt": 23}, "CHIMIE ANORGANICA TEO NIVEL I/II": {"medie": 9.85, "reusita": 100.0, "cnt": 1}, "CHIMIE ORGANICA TEO NIVEL I/II": {"medie": 8.75, "reusita": 100.0, "cnt": 7}, "PSIHOLOGIE": {"medie": 9.45, "reusita": 100.0, "cnt": 6}, "INFORMATICA SN C/C++": {"medie": 7.300000000000001, "reusita": 100.0, "cnt": 2}, "ECONOMIE": {"medie": 8.85, "reusita": 100.0, "cnt": 1}}, "nume": "COLEGIUL NATIONAL \"VASILE ALECSANDRI\" BACAU\tBac\u0103u"}