{"specializari": {"STIINTE ALE NATURII": 65, "MATEMATICA-INFORMATICA": 29, "TEHNICIAN IN ACTIVITATI ECONOMICE": 29, "FILOLOGIE": 30, "STIINTE SOCIALE": 30}, "limba_moderna": {"LIMBA ENGLEZA": 181, "LIMBA FRANCEZA": 2}, "limba_materna": {"LIMBA ROMANA": 183}, "promotie_anterioara": {"DA": 9, "NU": 174}, "materii": {"LIMBA ROMANA": {"medie": 7.607923497267754, "reusita": 97.26775956284153, "cnt": 183}, "MATEMATICA TEHN": {"medie": 7.891379310344828, "reusita": 96.55172413793103, "cnt": 29}, "BIOLOGIE VEGETALA SI ANIMALA": {"medie": 7.283333333333334, "reusita": 100.0, "cnt": 3}, "GENERAL": {"medie": 7.5549450549450565, "reusita": 84.15300546448088, "cnt": 183}, "GEOGRAFIE": {"medie": 9.134615384615385, "reusita": 100.0, "cnt": 26}, "ANATOMIE SI FIZIOLOGIE UMANA, GENETICA SI ECOLOGIE UMANA": {"medie": 6.980000000000001, "reusita": 88.23529411764706, "cnt": 51}, "MATEMATICA ST-NAT": {"medie": 6.330000000000002, "reusita": 81.53846153846153, "cnt": 65}, "MATEMATICA MATE-INFO": {"medie": 7.868965517241379, "reusita": 96.55172413793103, "cnt": 29}, "ISTORIE": {"medie": 6.719166666666666, "reusita": 98.33333333333333, "cnt": 60}, "LOGICA, ARGUMENTARE SI COMUNICARE": {"medie": 8.969354838709682, "reusita": 100.0, "cnt": 62}, "FIZICA TEO": {"medie": 7.335714285714286, "reusita": 92.85714285714286, "cnt": 14}, "INFORMATICA MI C/C++": {"medie": 8.079411764705883, "reusita": 100.0, "cnt": 17}, "CHIMIE ANORGANICA TEO NIVEL I/II": {"medie": 6.49375, "reusita": 100.0, "cnt": 8}, "CHIMIE ORGANICA TEO NIVEL I/II": {"medie": 9.2, "reusita": 100.0, "cnt": 1}, "PSIHOLOGIE": {"medie": 7.2, "reusita": 100.0, "cnt": 1}}, "nume": "COLEGIUL NATIONAL \"STEFAN CEL MARE\", HARLAU\tIa\u0219i"}