{"specializari": {"TEHNICIAN IN ACTIVITATI ECONOMICE": 61, "TEHNICIAN IN GASTRONOMIE": 4, "TEHNICIAN IN ACTIVITATI DE COMERT": 29, "TEHNICIAN IN TURISM": 60, "TEHNICIAN IN ADMINISTRATIE": 24}, "limba_moderna": {"LIMBA ENGLEZA": 174, "LIMBA ITALIANA": 4}, "limba_materna": {"LIMBA ROMANA": 178}, "promotie_anterioara": {"DA": 9, "NU": 169}, "materii": {"LIMBA ROMANA": {"medie": 7.530898876404495, "reusita": 97.19101123595506, "cnt": 178}, "MATEMATICA TEHN": {"medie": 7.057303370786516, "reusita": 92.13483146067416, "cnt": 178}, "GENERAL": {"medie": 7.63436329588015, "reusita": 86.51685393258427, "cnt": 178}, "GEOGRAFIE": {"medie": 8.29433962264151, "reusita": 98.74213836477988, "cnt": 159}, "LOGICA, ARGUMENTARE SI COMUNICARE": {"medie": 8.723529411764705, "reusita": 100.0, "cnt": 17}, "PSIHOLOGIE": {"medie": 6.475, "reusita": 100.0, "cnt": 2}}, "nume": "COLEGIUL ECONOMIC \"TRANSILVANIA\" TIRGU MURES\tMure\u0219"}