{"specializari": {"STIINTE ALE NATURII": 56, "FILOLOGIE": 64, "MATEMATICA-INFORMATICA": 84}, "limba_moderna": {"LIMBA ENGLEZA": 201, "LIMBA FRANCEZA": 3}, "limba_materna": {"LIMBA ROMANA": 204}, "promotie_anterioara": {"DA": 4, "NU": 200}, "materii": {"LIMBA ROMANA": {"medie": 8.655882352941175, "reusita": 99.50980392156863, "cnt": 204}, "GENERAL": {"medie": 8.5093137254902, "reusita": 97.05882352941177, "cnt": 204}, "GEOGRAFIE": {"medie": 7.948863636363637, "reusita": 97.72727272727273, "cnt": 44}, "ANATOMIE SI FIZIOLOGIE UMANA, GENETICA SI ECOLOGIE UMANA": {"medie": 8.770000000000001, "reusita": 100.0, "cnt": 50}, "MATEMATICA ST-NAT": {"medie": 8.184821428571428, "reusita": 100.0, "cnt": 56}, "MATEMATICA MATE-INFO": {"medie": 8.887500000000001, "reusita": 100.0, "cnt": 84}, "ISTORIE": {"medie": 7.739843750000001, "reusita": 96.875, "cnt": 64}, "LOGICA, ARGUMENTARE SI COMUNICARE": {"medie": 9.107894736842105, "reusita": 100.0, "cnt": 19}, "FIZICA TEO": {"medie": 9.06, "reusita": 100.0, "cnt": 50}, "INFORMATICA MI C/C++": {"medie": 7.721153846153848, "reusita": 100.0, "cnt": 26}, "CHIMIE ORGANICA TEO NIVEL I/II": {"medie": 8.357142857142858, "reusita": 100.0, "cnt": 14}, "FILOSOFIE": {"medie": 9.6, "reusita": 100.0, "cnt": 1}}, "nume": "COLEGIUL NATIONAL \"DIMITRIE CANTEMIR\" ONESTI\tBac\u0103u"}