{"specializari": {"TEHNICIAN IN AUTOMATIZARI": 2, "TEHNICIAN MECATRONIST": 6, "FILOLOGIE": 9, "STIINTE SOCIALE": 16, "TEHNICIAN ELECTRICIAN/ELECTRONIST AUTO": 8}, "limba_moderna": {"LIMBA ENGLEZA": 35, "LIMBA FRANCEZA": 6}, "limba_materna": {"LIMBA ROMANA": 41}, "promotie_anterioara": {"DA": 8, "NU": 33}, "materii": {"LIMBA ROMANA": {"medie": 6.217500000000001, "reusita": 85.36585365853658, "cnt": 41}, "MATEMATICA TEHN": {"medie": 4.666666666666667, "reusita": 62.5, "cnt": 16}, "BIOLOGIE VEGETALA SI ANIMALA": {"medie": 5.116666666666665, "reusita": 43.75, "cnt": 16}, "GENERAL": {"medie": 5.878632478632477, "reusita": 43.90243902439025, "cnt": 41}, "GEOGRAFIE": {"medie": 7.623809523809525, "reusita": 86.36363636363636, "cnt": 22}, "ISTORIE": {"medie": 4.8, "reusita": 60.0, "cnt": 25}, "LOGICA, ARGUMENTARE SI COMUNICARE": {"medie": 7.25, "reusita": 100.0, "cnt": 2}, "PSIHOLOGIE": {"medie": 7.4, "reusita": 100.0, "cnt": 1}}, "nume": "COLEGIUL TEHNIC \"SAMUIL ISOPESCU\" SUCEAVA\tSuceava"}