{"specializari": {"FILOLOGIE": 31, "MATEMATICA-INFORMATICA": 121, "STIINTE ALE NATURII": 54, "STIINTE SOCIALE": 33}, "limba_moderna": {"LIMBA ENGLEZA": 232, "LIMBA FRANCEZA": 7}, "limba_materna": {"LIMBA ROMANA": 239}, "promotie_anterioara": {"DA": 1, "NU": 238}, "materii": {"LIMBA ROMANA": {"medie": 8.752719665271966, "reusita": 100.0, "cnt": 239}, "BIOLOGIE VEGETALA SI ANIMALA": {"medie": 7.1, "reusita": 100.0, "cnt": 1}, "GENERAL": {"medie": 8.957252440725245, "reusita": 100.0, "cnt": 239}, "GEOGRAFIE": {"medie": 8.619444444444445, "reusita": 100.0, "cnt": 18}, "ANATOMIE SI FIZIOLOGIE UMANA, GENETICA SI ECOLOGIE UMANA": {"medie": 9.19214285714286, "reusita": 100.0, "cnt": 70}, "MATEMATICA ST-NAT": {"medie": 9.24074074074074, "reusita": 100.0, "cnt": 54}, "MATEMATICA MATE-INFO": {"medie": 9.401239669421491, "reusita": 100.0, "cnt": 121}, "ISTORIE": {"medie": 8.18515625, "reusita": 100.0, "cnt": 64}, "LOGICA, ARGUMENTARE SI COMUNICARE": {"medie": 9.295238095238096, "reusita": 100.0, "cnt": 42}, "FIZICA TEO": {"medie": 8.919512195121952, "reusita": 100.0, "cnt": 41}, "INFORMATICA MI C/C++": {"medie": 9.07837837837838, "reusita": 100.0, "cnt": 37}, "CHIMIE ANORGANICA TEO NIVEL I/II": {"medie": 9.1, "reusita": 100.0, "cnt": 1}, "CHIMIE ORGANICA TEO NIVEL I/II": {"medie": 9.236956521739131, "reusita": 100.0, "cnt": 23}, "PSIHOLOGIE": {"medie": 9.05, "reusita": 100.0, "cnt": 2}, "INFORMATICA SN C/C++": {"medie": 8.3, "reusita": 100.0, "cnt": 2}, "ECONOMIE": {"medie": 8.05, "reusita": 100.0, "cnt": 2}}, "nume": "COLEGIUL NATIONAL \"MIHAI EMINESCU\" BOTOSANI\tBoto\u0219ani"}