{"specializari": {"FILOLOGIE": 29, "MATEMATICA-INFORMATICA": 144, "STIINTE ALE NATURII": 60}, "limba_moderna": {"LIMBA ENGLEZA": 222, "LIMBA FRANCEZA": 11}, "limba_materna": {"LIMBA ROMANA": 233}, "promotie_anterioara": {"NU": 233}, "materii": {"LIMBA ROMANA": {"medie": 9.063090128755361, "reusita": 100.0, "cnt": 233}, "BIOLOGIE VEGETALA SI ANIMALA": {"medie": 9.18148148148148, "reusita": 100.0, "cnt": 27}, "GENERAL": {"medie": 9.111158798283261, "reusita": 98.71244635193133, "cnt": 233}, "GEOGRAFIE": {"medie": 9.137500000000001, "reusita": 100.0, "cnt": 12}, "ANATOMIE SI FIZIOLOGIE UMANA, GENETICA SI ECOLOGIE UMANA": {"medie": 8.704166666666667, "reusita": 100.0, "cnt": 24}, "MATEMATICA ST-NAT": {"medie": 9.160833333333333, "reusita": 100.0, "cnt": 60}, "MATEMATICA MATE-INFO": {"medie": 9.269791666666665, "reusita": 100.0, "cnt": 144}, "ISTORIE": {"medie": 8.913793103448276, "reusita": 100.0, "cnt": 29}, "LOGICA, ARGUMENTARE SI COMUNICARE": {"medie": 9.41, "reusita": 100.0, "cnt": 5}, "SOCIOLOGIE": {"medie": 8.675, "reusita": 100.0, "cnt": 4}, "FIZICA TEO": {"medie": 9.25820895522388, "reusita": 100.0, "cnt": 67}, "INFORMATICA MI C/C++": {"medie": 8.802777777777777, "reusita": 97.22222222222221, "cnt": 36}, "CHIMIE ANORGANICA TEO NIVEL I/II": {"medie": 9.6, "reusita": 100.0, "cnt": 3}, "CHIMIE ORGANICA TEO NIVEL I/II": {"medie": 9.08191489361702, "reusita": 100.0, "cnt": 47}, "PSIHOLOGIE": {"medie": 9.55, "reusita": 100.0, "cnt": 4}, "ECONOMIE": {"medie": 8.6875, "reusita": 100.0, "cnt": 4}}, "nume": "COLEGIUL NATIONAL \"GHEORGHE SINCAI\"\tBucure\u0219ti"}