{"specializari": {"STIINTE ALE NATURII": 29, "FILOLOGIE": 62, "STIINTE SOCIALE": 32, "MATEMATICA-INFORMATICA": 81}, "limba_moderna": {"LIMBA ENGLEZA": 167, "LIMBA FRANCEZA": 37}, "limba_materna": {"LIMBA ROMANA": 204}, "promotie_anterioara": {"DA": 3, "NU": 201}, "materii": {"LIMBA ROMANA": {"medie": 7.578078817733992, "reusita": 99.50980392156863, "cnt": 204}, "BIOLOGIE VEGETALA SI ANIMALA": {"medie": 6.716666666666666, "reusita": 66.66666666666666, "cnt": 3}, "GENERAL": {"medie": 7.96042692939245, "reusita": 97.54901960784314, "cnt": 204}, "GEOGRAFIE": {"medie": 8.1975, "reusita": 95.23809523809523, "cnt": 21}, "ANATOMIE SI FIZIOLOGIE UMANA, GENETICA SI ECOLOGIE UMANA": {"medie": 8.320000000000004, "reusita": 98.66666666666667, "cnt": 75}, "MATEMATICA ST-NAT": {"medie": 7.277586206896554, "reusita": 96.55172413793103, "cnt": 29}, "MATEMATICA MATE-INFO": {"medie": 8.136419753086422, "reusita": 100.0, "cnt": 81}, "ISTORIE": {"medie": 7.267204301075269, "reusita": 98.93617021276596, "cnt": 94}, "LOGICA, ARGUMENTARE SI COMUNICARE": {"medie": 9.274657534246577, "reusita": 100.0, "cnt": 73}, "FIZICA TEO": {"medie": 8.249999999999998, "reusita": 100.0, "cnt": 18}, "INFORMATICA MI C/C++": {"medie": 8.97, "reusita": 100.0, "cnt": 5}, "CHIMIE ORGANICA TEO NIVEL I/II": {"medie": 9.455555555555557, "reusita": 100.0, "cnt": 9}}, "nume": "COLEGIUL NATIONAL \"NICOLAE IORGA\", ORASUL VALENII DE MUNTE\tPrahova"}