{"specializari": {"TEHNICIAN TRANSPORTURI": 12, "MATEMATICA-INFORMATICA": 25, "TEHNICIAN IN ACTIVITATI DE COMERT": 26, "TEHNICIAN IN AUTOMATIZARI": 28, "TEHNICIAN IN ACTIVITATI ECONOMICE": 30}, "limba_moderna": {"LIMBA ENGLEZA": 71, "LIMBA FRANCEZA": 50}, "limba_materna": {"LIMBA ROMANA": 121}, "promotie_anterioara": {"DA": 35, "NU": 86}, "materii": {"LIMBA ROMANA": {"medie": 5.702500000000003, "reusita": 79.33884297520662, "cnt": 121}, "MATEMATICA TEHN": {"medie": 4.402631578947367, "reusita": 52.083333333333336, "cnt": 96}, "BIOLOGIE VEGETALA SI ANIMALA": {"medie": 4.154166666666667, "reusita": 44.73684210526316, "cnt": 38}, "GENERAL": {"medie": 5.30128205128205, "reusita": 32.231404958677686, "cnt": 121}, "GEOGRAFIE": {"medie": 6.989999999999998, "reusita": 90.9090909090909, "cnt": 55}, "ANATOMIE SI FIZIOLOGIE UMANA, GENETICA SI ECOLOGIE UMANA": {"medie": 5.614285714285714, "reusita": 85.71428571428571, "cnt": 7}, "FIZICA TEH": {"medie": 6.5625, "reusita": 91.66666666666666, "cnt": 12}, "MATEMATICA MATE-INFO": {"medie": 3.9062499999999996, "reusita": 36.0, "cnt": 25}, "LOGICA, ARGUMENTARE SI COMUNICARE": {"medie": 5.5, "reusita": 100.0, "cnt": 1}, "FIZICA TEO": {"medie": 5.35, "reusita": 100.0, "cnt": 1}, "INFORMATICA MI C/C++": {"medie": 5.26, "reusita": 60.0, "cnt": 5}, "INFORMATICA MI PASCAL": {"medie": 5.05, "reusita": 100.0, "cnt": 2}}, "nume": "COLEGIUL TEHNIC \"IULIU MANIU\" SIMLEU SILVANIEI\tS\u0103laj"}