{"specializari": {"STIINTE SOCIALE": 38, "STIINTE ALE NATURII": 50, "FILOLOGIE": 40, "MATEMATICA-INFORMATICA": 47}, "limba_moderna": {"LIMBA ENGLEZA": 175}, "limba_materna": {"LIMBA ROMANA": 175}, "promotie_anterioara": {"DA": 7, "NU": 168}, "materii": {"LIMBA ROMANA": {"medie": 7.951142857142854, "reusita": 98.85714285714286, "cnt": 175}, "BIOLOGIE VEGETALA SI ANIMALA": {"medie": 8.985714285714286, "reusita": 100.0, "cnt": 7}, "GENERAL": {"medie": 7.901187739463594, "reusita": 89.71428571428571, "cnt": 175}, "GEOGRAFIE": {"medie": 8.544999999999998, "reusita": 100.0, "cnt": 30}, "ANATOMIE SI FIZIOLOGIE UMANA, GENETICA SI ECOLOGIE UMANA": {"medie": 7.848666666666668, "reusita": 96.72131147540983, "cnt": 61}, "MATEMATICA ST-NAT": {"medie": 7.7799999999999985, "reusita": 100.0, "cnt": 50}, "MATEMATICA MATE-INFO": {"medie": 7.094565217391303, "reusita": 89.36170212765957, "cnt": 47}, "ISTORIE": {"medie": 7.799358974358972, "reusita": 97.43589743589743, "cnt": 78}, "LOGICA, ARGUMENTARE SI COMUNICARE": {"medie": 9.475000000000001, "reusita": 100.0, "cnt": 2}, "SOCIOLOGIE": {"medie": 8.089285714285717, "reusita": 100.0, "cnt": 42}, "FIZICA TEO": {"medie": 6.6, "reusita": 100.0, "cnt": 1}, "INFORMATICA MI C/C++": {"medie": 7.497368421052633, "reusita": 84.21052631578947, "cnt": 19}, "CHIMIE ANORGANICA TEO NIVEL I/II": {"medie": 9.0, "reusita": 100.0, "cnt": 1}, "CHIMIE ORGANICA TEO NIVEL I/II": {"medie": 8.978571428571428, "reusita": 100.0, "cnt": 7}, "FILOSOFIE": {"medie": 9.85, "reusita": 100.0, "cnt": 2}, "PSIHOLOGIE": {"medie": 9.2, "reusita": 100.0, "cnt": 2}, "INFORMATICA SN C/C++": {"medie": 8.1, "reusita": 100.0, "cnt": 1}}, "nume": "COLEGIUL NATIONAL \"IANCU DE HUNEDOARA\" HUNEDOARA\tHunedoara"}