{"specializari": {"ORGANIZATOR BANQUETING": 8, "TEHNICIAN IN TURISM": 30, "TEHNICIAN IN ACTIVITATI DE COMERT": 13, "TEHNICIAN IN HOTELARIE": 3, "TEHNICIAN IN GASTRONOMIE": 21, "TEHNICIAN IN ACTIVITATI ECONOMICE": 75, "TEHNICIAN IN ACHIZITII SI CONTRACTARI": 29, "TEHNICIAN IN ADMINISTRATIE": 21}, "limba_moderna": {"LIMBA FRANCEZA": 5, "LIMBA ENGLEZA": 193, "LIMBA GERMANA MODERNA": 2}, "limba_materna": {"LIMBA ROMANA": 200}, "promotie_anterioara": {"DA": 34, "NU": 166}, "materii": {"LIMBA ROMANA": {"medie": 6.765999999999999, "reusita": 97.5, "cnt": 200}, "MATEMATICA TEHN": {"medie": 6.273, "reusita": 90.5, "cnt": 200}, "GENERAL": {"medie": 6.884589614740368, "reusita": 81.5, "cnt": 200}, "GEOGRAFIE": {"medie": 7.423287671232873, "reusita": 98.63945578231292, "cnt": 147}, "LOGICA, ARGUMENTARE SI COMUNICARE": {"medie": 8.087500000000002, "reusita": 96.42857142857143, "cnt": 28}, "PSIHOLOGIE": {"medie": 7.95, "reusita": 100.0, "cnt": 3}, "ECONOMIE": {"medie": 7.947727272727274, "reusita": 100.0, "cnt": 22}}, "nume": "COLEGIUL NATIONAL ECONOMIC \"ANDREI BARSEANU\" BRASOV\tBra\u0219ov"}