{"specializari": {"TEHNICIAN IN INSTALATII ELECTRICE": 11, "TEHNICIAN IN SILVICULTURA SI EXPLOATARI FORESTIERE": 11, "TEHNICIAN ECOLOG SI PROTECTIA CALITATII MEDIULUI": 25, "TEHNICIAN ANALIZE PRODUSE ALIMENTARE": 19, "TEHNICIAN IN CHIMIE INDUSTRIALA": 1}, "limba_moderna": {"LIMBA ENGLEZA": 36, "LIMBA FRANCEZA": 31}, "limba_materna": {"LIMBA ROMANA": 67}, "promotie_anterioara": {"DA": 21, "NU": 46}, "materii": {"LIMBA ROMANA": {"medie": 5.313076923076926, "reusita": 70.1492537313433, "cnt": 67}, "MATEMATICA TEHN": {"medie": 3.7663934426229506, "reusita": 35.82089552238806, "cnt": 67}, "BIOLOGIE VEGETALA SI ANIMALA": {"medie": 3.4899999999999998, "reusita": 16.666666666666664, "cnt": 12}, "GENERAL": {"medie": 4.652298850574715, "reusita": 17.91044776119403, "cnt": 67}, "ANATOMIE SI FIZIOLOGIE UMANA, GENETICA SI ECOLOGIE UMANA": {"medie": 5.0360000000000005, "reusita": 53.70370370370371, "cnt": 54}, "FIZICA TEH": {"medie": 5.15, "reusita": 100.0, "cnt": 1}}, "nume": "COLEGIUL TEHNIC \"C.D. NENITESCU\" BAIA MARE\tMaramure\u0219"}