{"specializari": {"TEHNICIAN IN TURISM": 25, "TEHNICIAN ECOLOG SI PROTECTIA CALITATII MEDIULUI": 10, "TEHNICIAN DESENATOR PENTRU CONSTRUCTII SI INSTALATII": 1, "TEHNICIAN PROIECTANT CAD": 2, "TEHNICIAN OPERATOR TEHNICA DE CALCUL": 13, "TEHNICIAN DE TELECOMUNICATII": 2}, "limba_moderna": {"LIMBA ENGLEZA": 34, "LIMBA FRANCEZA": 19}, "limba_materna": {"LIMBA ROMANA": 53}, "promotie_anterioara": {"DA": 18, "NU": 35}, "materii": {"LIMBA ROMANA": {"medie": 4.678431372549021, "reusita": 58.490566037735846, "cnt": 53}, "MATEMATICA TEHN": {"medie": 3.588775510204081, "reusita": 33.9622641509434, "cnt": 53}, "BIOLOGIE VEGETALA SI ANIMALA": {"medie": 3.888888888888889, "reusita": 40.0, "cnt": 20}, "GENERAL": {"medie": 4.738257575757576, "reusita": 11.320754716981133, "cnt": 53}, "GEOGRAFIE": {"medie": 6.485416666666668, "reusita": 92.0, "cnt": 25}, "ANATOMIE SI FIZIOLOGIE UMANA, GENETICA SI ECOLOGIE UMANA": {"medie": 5.608333333333333, "reusita": 85.71428571428571, "cnt": 7}, "FIZICA TEH": {"medie": 8.5, "reusita": 100.0, "cnt": 1}}, "nume": "COLEGIUL TEHNIC \"ION MINCU\" TG-JIU\tGorj"}