{"specializari": {"ARTE PLASTICE SI DECORATIVE": 31, "FILOLOGIE": 29, "MUZICA": 25, "ARHITECTURA, ARTE AMBIENTALE SI DESIGN": 28}, "limba_moderna": {"LIMBA ENGLEZA": 135, "LIMBA FRANCEZA": 3}, "limba_materna": {"LIMBA ROMANA": 138}, "promotie_anterioara": {"DA": 6, "NU": 132}, "materii": {"LIMBA ROMANA": {"medie": 7.655839416058397, "reusita": 96.37681159420289, "cnt": 138}, "GENERAL": {"medie": 7.277250608272507, "reusita": 81.15942028985508, "cnt": 138}, "GEOGRAFIE": {"medie": 7.922413793103448, "reusita": 94.82758620689656, "cnt": 58}, "ISTORIE": {"medie": 6.499637681159421, "reusita": 86.23188405797102, "cnt": 138}, "LOGICA, ARGUMENTARE SI COMUNICARE": {"medie": 7.385416666666665, "reusita": 93.05555555555556, "cnt": 72}, "SOCIOLOGIE": {"medie": 8.4, "reusita": 100.0, "cnt": 1}, "FILOSOFIE": {"medie": 6.925, "reusita": 100.0, "cnt": 4}, "PSIHOLOGIE": {"medie": 8.933333333333332, "reusita": 100.0, "cnt": 3}}, "nume": "COLEGIUL DE ARTA \"CIPRIAN PORUMBESCU\" SUCEAVA\tSuceava"}