{"specializari": {"TEHNICIAN ECOLOG SI PROTECTIA CALITATII MEDIULUI": 46, "TEHNICIAN OPERATOR TEHNICA DE CALCUL": 21, "TEHNICIAN IN CONSTRUCTII SI LUCRARI PUBLICE": 11, "TEHNICIAN PROIECTANT CAD": 12, "MATEMATICA-INFORMATICA": 25, "TEHNICIAN DESENATOR PENTRU CONSTRUCTII SI INSTALATII": 14, "TEHNICIAN IN ACTIVITATI ECONOMICE": 58, "TEHNICIAN ELECTROTEHNIST": 1}, "limba_moderna": {"LIMBA ENGLEZA": 187, "LIMBA FRANCEZA": 1}, "limba_materna": {"LIMBA ROMANA": 188}, "promotie_anterioara": {"DA": 25, "NU": 163}, "materii": {"LIMBA ROMANA": {"medie": 6.3513440860215065, "reusita": 89.8936170212766, "cnt": 188}, "MATEMATICA TEHN": {"medie": 5.6799363057324825, "reusita": 76.68711656441718, "cnt": 163}, "BIOLOGIE VEGETALA SI ANIMALA": {"medie": 5.172916666666667, "reusita": 60.0, "cnt": 25}, "GENERAL": {"medie": 6.378957169459965, "reusita": 57.446808510638306, "cnt": 188}, "GEOGRAFIE": {"medie": 8.14090909090909, "reusita": 100.0, "cnt": 22}, "ANATOMIE SI FIZIOLOGIE UMANA, GENETICA SI ECOLOGIE UMANA": {"medie": 7.5193548387096785, "reusita": 93.75, "cnt": 32}, "FIZICA TEH": {"medie": 7.241666666666666, "reusita": 88.88888888888889, "cnt": 18}, "MATEMATICA MATE-INFO": {"medie": 6.462000000000001, "reusita": 84.0, "cnt": 25}, "CHIMIE ANORGANICA TEH NIVEL I/II": {"medie": 5.866666666666667, "reusita": 81.81818181818183, "cnt": 22}, "CHIMIE ORGANICA TEH NIVEL I/II": {"medie": 7.0125, "reusita": 100.0, "cnt": 8}, "LOGICA, ARGUMENTARE SI COMUNICARE": {"medie": 7.62, "reusita": 97.22222222222221, "cnt": 36}, "FIZICA TEO": {"medie": 5.2, "reusita": 100.0, "cnt": 2}, "INFORMATICA MI C/C++": {"medie": 6.682142857142858, "reusita": 85.71428571428571, "cnt": 14}, "CHIMIE ORGANICA TEO NIVEL I/II": {"medie": 5.538888888888889, "reusita": 77.77777777777779, "cnt": 9}}, "nume": "COLEGIUL TEHNIC \"GHEORGHE ASACHI\" ONESTI\tBac\u0103u"}