{"specializari": {"MATEMATICA-INFORMATICA": 114}, "limba_moderna": {"LIMBA ENGLEZA": 114}, "limba_materna": {"LIMBA ROMANA": 114}, "promotie_anterioara": {"NU": 114}, "materii": {"LIMBA ROMANA": {"medie": 8.581578947368422, "reusita": 100.0, "cnt": 114}, "BIOLOGIE VEGETALA SI ANIMALA": {"medie": 8.046739130434785, "reusita": 97.82608695652173, "cnt": 46}, "GENERAL": {"medie": 8.71842105263158, "reusita": 98.24561403508771, "cnt": 114}, "MATEMATICA MATE-INFO": {"medie": 8.970614035087719, "reusita": 100.0, "cnt": 114}, "FIZICA TEO": {"medie": 9.111, "reusita": 100.0, "cnt": 50}, "INFORMATICA MI C/C++": {"medie": 7.9944444444444445, "reusita": 100.0, "cnt": 9}, "CHIMIE ANORGANICA TEO NIVEL I/II": {"medie": 8.725000000000001, "reusita": 100.0, "cnt": 2}, "CHIMIE ORGANICA TEO NIVEL I/II": {"medie": 9.37857142857143, "reusita": 100.0, "cnt": 7}}, "nume": "COLEGIUL NATIONAL MILITAR \"STEFAN CEL MARE\" CAMPULUNG MOLDOVENESC\tSuceava"}