{"specializari": {"TEOLOGIE ORTODOXA": 16, "INVATATOR - EDUCATOARE": 26, "STIINTE ALE NATURII": 31, "FILOLOGIE": 28, "MATEMATICA-INFORMATICA": 31}, "limba_moderna": {"LIMBA ENGLEZA": 132}, "limba_materna": {"LIMBA ROMANA": 132}, "promotie_anterioara": {"DA": 1, "NU": 131}, "materii": {"LIMBA ROMANA": {"medie": 8.457575757575759, "reusita": 97.72727272727273, "cnt": 132}, "BIOLOGIE VEGETALA SI ANIMALA": {"medie": 9.21875, "reusita": 100.0, "cnt": 8}, "GENERAL": {"medie": 8.698346055979643, "reusita": 94.6969696969697, "cnt": 132}, "GEOGRAFIE": {"medie": 8.678070175438595, "reusita": 98.27586206896551, "cnt": 58}, "ANATOMIE SI FIZIOLOGIE UMANA, GENETICA SI ECOLOGIE UMANA": {"medie": 9.210000000000003, "reusita": 100.0, "cnt": 40}, "MATEMATICA PED": {"medie": 9.161538461538463, "reusita": 100.0, "cnt": 26}, "MATEMATICA ST-NAT": {"medie": 8.358064516129033, "reusita": 96.7741935483871, "cnt": 31}, "MATEMATICA MATE-INFO": {"medie": 8.943548387096772, "reusita": 100.0, "cnt": 31}, "ISTORIE": {"medie": 8.087209302325585, "reusita": 90.9090909090909, "cnt": 44}, "LOGICA, ARGUMENTARE SI COMUNICARE": {"medie": 9.6, "reusita": 100.0, "cnt": 3}, "SOCIOLOGIE": {"medie": 9.5, "reusita": 100.0, "cnt": 1}, "INFORMATICA MI C/C++": {"medie": 9.204166666666667, "reusita": 100.0, "cnt": 12}, "CHIMIE ANORGANICA TEO NIVEL I/II": {"medie": 10.0, "reusita": 100.0, "cnt": 1}, "CHIMIE ORGANICA TEO NIVEL I/II": {"medie": 9.7, "reusita": 100.0, "cnt": 1}, "FILOSOFIE": {"medie": 9.9, "reusita": 100.0, "cnt": 1}, "PSIHOLOGIE": {"medie": 9.37142857142857, "reusita": 100.0, "cnt": 7}}, "nume": "COLEGIUL NATIONAL PEDAGOGIC \"CARMEN SYLVA\" TIMISOARA\tTimi\u0219"}