{"specializari": {"TEHNICIAN MECANIC PENTRU INTRETINERE SI REPARATII": 2, "TEHNICIAN MECATRONIST": 4, "TEHNICIAN ELECTROMECANIC": 22, "STIINTE ALE NATURII": 35, "TEHNICIAN IN AUTOMATIZARI": 26, "TEHNICIAN ELECTROTEHNIST": 1}, "limba_moderna": {"LIMBA ENGLEZA": 80, "LIMBA FRANCEZA": 10}, "limba_materna": {"LIMBA ROMANA": 90}, "promotie_anterioara": {"DA": 35, "NU": 55}, "materii": {"LIMBA ROMANA": {"medie": 6.092045454545457, "reusita": 84.44444444444444, "cnt": 90}, "MATEMATICA TEHN": {"medie": 3.7278846153846152, "reusita": 41.81818181818181, "cnt": 55}, "BIOLOGIE VEGETALA SI ANIMALA": {"medie": 3.4918367346938752, "reusita": 25.0, "cnt": 52}, "GENERAL": {"medie": 5.248015873015874, "reusita": 31.11111111111111, "cnt": 90}, "ANATOMIE SI FIZIOLOGIE UMANA, GENETICA SI ECOLOGIE UMANA": {"medie": 7.586363636363636, "reusita": 96.96969696969697, "cnt": 33}, "FIZICA TEH": {"medie": 5.116666666666666, "reusita": 33.33333333333333, "cnt": 3}, "MATEMATICA ST-NAT": {"medie": 5.666666666666668, "reusita": 74.28571428571429, "cnt": 35}, "CHIMIE ANORGANICA TEO NIVEL I/II": {"medie": 7.3, "reusita": 100.0, "cnt": 2}}, "nume": "COLEGIUL \"GHEORGHE TATARESCU\" ROVINARI\tGorj"}