{"specializari": {"TEHNICIAN IN ACTIVITATI ECONOMICE": 34, "TEHNICIAN IN ACTIVITATI DE COMERT": 2, "TEHNICIAN MECATRONIST": 24, "TEHNICIAN ELECTRONIST": 12, "FILOLOGIE": 33, "STIINTE ALE NATURII": 25, "MATEMATICA-INFORMATICA": 27}, "limba_moderna": {"LIMBA ENGLEZA": 146, "LIMBA FRANCEZA": 11}, "limba_materna": {"LIMBA ROMANA": 157}, "promotie_anterioara": {"DA": 21, "NU": 136}, "materii": {"LIMBA ROMANA": {"medie": 6.711437908496731, "reusita": 87.26114649681529, "cnt": 157}, "MATEMATICA TEHN": {"medie": 4.533076923076924, "reusita": 52.77777777777778, "cnt": 72}, "BIOLOGIE VEGETALA SI ANIMALA": {"medie": 3.779310344827586, "reusita": 20.588235294117645, "cnt": 34}, "GENERAL": {"medie": 6.734797297297299, "reusita": 65.60509554140127, "cnt": 157}, "GEOGRAFIE": {"medie": 7.844531250000001, "reusita": 96.875, "cnt": 64}, "ANATOMIE SI FIZIOLOGIE UMANA, GENETICA SI ECOLOGIE UMANA": {"medie": 8.080000000000002, "reusita": 100.0, "cnt": 25}, "FIZICA TEH": {"medie": 4.85, "reusita": 50.0, "cnt": 2}, "MATEMATICA ST-NAT": {"medie": 6.747916666666669, "reusita": 88.0, "cnt": 25}, "MATEMATICA MATE-INFO": {"medie": 8.242592592592592, "reusita": 100.0, "cnt": 27}, "ISTORIE": {"medie": 7.651515151515151, "reusita": 100.0, "cnt": 33}, "SOCIOLOGIE": {"medie": 5.0, "reusita": 100.0, "cnt": 1}, "FIZICA TEO": {"medie": 8.445, "reusita": 100.0, "cnt": 20}, "INFORMATICA MI C/C++": {"medie": 7.4, "reusita": 100.0, "cnt": 4}, "CHIMIE ANORGANICA TEO NIVEL I/II": {"medie": 6.25, "reusita": 100.0, "cnt": 1}, "CHIMIE ORGANICA TEO NIVEL I/II": {"medie": 6.725, "reusita": 100.0, "cnt": 2}, "PSIHOLOGIE": {"medie": 8.112499999999999, "reusita": 100.0, "cnt": 4}}, "nume": "COLEGIUL \"MIHAI VITEAZUL\" INEU\tArad"}