{"specializari": {"TEHNICIAN IN ACTIVITATI ECONOMICE": 279, "TEHNICIAN IN TURISM": 34}, "limba_moderna": {"LIMBA ENGLEZA": 304, "LIMBA FRANCEZA": 4, "LIMBA RUSA": 4, "LIMBA ITALIANA": 1}, "limba_materna": {"LIMBA ROMANA": 313}, "promotie_anterioara": {"DA": 3, "NU": 310}, "materii": {"LIMBA ROMANA": {"medie": 8.276837060702867, "reusita": 100.0, "cnt": 313}, "MATEMATICA TEHN": {"medie": 8.093130990415338, "reusita": 98.40255591054313, "cnt": 313}, "GENERAL": {"medie": 8.394355697550587, "reusita": 97.76357827476039, "cnt": 313}, "GEOGRAFIE": {"medie": 8.885447761194024, "reusita": 99.6268656716418, "cnt": 268}, "LOGICA, ARGUMENTARE SI COMUNICARE": {"medie": 8.036666666666669, "reusita": 93.33333333333333, "cnt": 15}, "PSIHOLOGIE": {"medie": 8.3875, "reusita": 100.0, "cnt": 8}, "ECONOMIE": {"medie": 8.615909090909092, "reusita": 100.0, "cnt": 22}}, "nume": "COLEGIUL ECONOMIC \"V. MADGEARU\"\tBucure\u0219ti"}