{"specializari": {"TEHNICIAN AGROMONTAN": 25, "TEHNICIAN IN AGROTURISM": 25, "TEHNICIAN IN ACHIZITII SI CONTRACTARI": 28, "TEHNICIAN VETERINAR": 30, "TEHNICIAN IN ACTIVITATI DE COMERT": 1, "TEHNICIAN ECOLOG SI PROTECTIA CALITATII MEDIULUI": 1, "TEHNICIAN MECANIC PENTRU INTRETINERE SI REPARATII": 19, "TEHNICIAN HORTICULTOR": 1}, "limba_moderna": {"LIMBA ENGLEZA": 123, "LIMBA FRANCEZA": 4, "LIMBA GERMANA MODERNA": 3}, "limba_materna": {"LIMBA ROMANA": 130}, "promotie_anterioara": {"DA": 27, "NU": 103}, "materii": {"LIMBA ROMANA": {"medie": 6.26259842519685, "reusita": 87.6923076923077, "cnt": 130}, "MATEMATICA TEHN": {"medie": 5.1484126984127, "reusita": 65.38461538461539, "cnt": 130}, "BIOLOGIE VEGETALA SI ANIMALA": {"medie": 6.684375000000002, "reusita": 83.0, "cnt": 100}, "GENERAL": {"medie": 6.1286666666666685, "reusita": 50.0, "cnt": 130}, "GEOGRAFIE": {"medie": 7.956250000000001, "reusita": 100.0, "cnt": 24}, "ANATOMIE SI FIZIOLOGIE UMANA, GENETICA SI ECOLOGIE UMANA": {"medie": 5.3, "reusita": 100.0, "cnt": 1}, "LOGICA, ARGUMENTARE SI COMUNICARE": {"medie": 7.4, "reusita": 100.0, "cnt": 2}, "ECONOMIE": {"medie": 8.333333333333334, "reusita": 100.0, "cnt": 3}}, "nume": "COLEGIUL AGRICOL \"DANIIL POPOVICI BARCIANU\" SIBIU\tSibiu"}