{"specializari": {"STIINTE SOCIALE": 60, "EDUCATOR-PUERICULTOR": 1, "INVATATOR - EDUCATOARE": 82, "FILOLOGIE": 55}, "limba_moderna": {"LIMBA SPANIOLA": 1, "LIMBA ENGLEZA": 165, "LIMBA FRANCEZA": 32}, "limba_materna": {"LIMBA ROMANA": 198}, "promotie_anterioara": {"DA": 2, "NU": 196}, "materii": {"LIMBA ROMANA": {"medie": 8.256060606060606, "reusita": 100.0, "cnt": 198}, "GENERAL": {"medie": 8.584175084175083, "reusita": 98.98989898989899, "cnt": 198}, "GEOGRAFIE": {"medie": 9.184375000000003, "reusita": 100.0, "cnt": 48}, "MATEMATICA PED": {"medie": 8.551829268292686, "reusita": 100.0, "cnt": 82}, "ISTORIE": {"medie": 8.381034482758619, "reusita": 100.0, "cnt": 116}, "LOGICA, ARGUMENTARE SI COMUNICARE": {"medie": 9.042380952380952, "reusita": 99.04761904761905, "cnt": 105}, "SOCIOLOGIE": {"medie": 8.838157894736844, "reusita": 100.0, "cnt": 38}, "PSIHOLOGIE": {"medie": 9.34, "reusita": 100.0, "cnt": 5}, "ECONOMIE": {"medie": 9.0, "reusita": 100.0, "cnt": 2}}, "nume": "COLEGIUL NATIONAL PEDAGOGIC \"SPIRU HARET\" MUNICIPIUL BUZAU\tBuz\u0103u"}