{"specializari": {"MATEMATICA-INFORMATICA": 24, "STIINTE ALE NATURII": 30, "INVATATOR - EDUCATOARE": 49, "FILOLOGIE": 30}, "limba_moderna": {"LIMBA ENGLEZA": 119, "LIMBA SPANIOLA": 11, "LIMBA FRANCEZA": 2, "LIMBA GERMANA MODERNA": 1}, "limba_materna": {"LIMBA ROMANA": 112, "LIMBA MAGHIARA": 21}, "promotie_anterioara": {"DA": 4, "NU": 129}, "materii": {"LIMBA ROMANA": {"medie": 8.407894736842104, "reusita": 97.74436090225564, "cnt": 133}, "GENERAL": {"medie": 8.31823717948718, "reusita": 93.23308270676691, "cnt": 133}, "GEOGRAFIE": {"medie": 8.26627906976744, "reusita": 100.0, "cnt": 43}, "ANATOMIE SI FIZIOLOGIE UMANA, GENETICA SI ECOLOGIE UMANA": {"medie": 8.558974358974357, "reusita": 100.0, "cnt": 39}, "MATEMATICA PED": {"medie": 8.054081632653062, "reusita": 100.0, "cnt": 49}, "MATEMATICA ST-NAT": {"medie": 7.494827586206897, "reusita": 90.0, "cnt": 30}, "MATEMATICA MATE-INFO": {"medie": 7.9624999999999995, "reusita": 95.83333333333334, "cnt": 24}, "ISTORIE": {"medie": 7.8, "reusita": 96.66666666666667, "cnt": 30}, "LOGICA, ARGUMENTARE SI COMUNICARE": {"medie": 9.346153846153847, "reusita": 100.0, "cnt": 26}, "SOCIOLOGIE": {"medie": 8.975000000000001, "reusita": 100.0, "cnt": 8}, "FIZICA TEO": {"medie": 4.8, "reusita": 50.0, "cnt": 2}, "INFORMATICA MI C/C++": {"medie": 8.855555555555556, "reusita": 100.0, "cnt": 9}, "CHIMIE ORGANICA TEO NIVEL I/II": {"medie": 8.137500000000001, "reusita": 100.0, "cnt": 4}, "PSIHOLOGIE": {"medie": 8.425, "reusita": 100.0, "cnt": 2}, "LIMBA MAGHIARA (UMAN)": {"medie": 7.207142857142857, "reusita": 100.0, "cnt": 21}}, "nume": "COLEGIUL NATIONAL \"IOSIF VULCAN\" ORADEA\tBihor"}