{"specializari": {"STIINTE SOCIALE": 42, "STIINTE ALE NATURII": 75, "MATEMATICA-INFORMATICA": 28, "FILOLOGIE": 32, "TEHNICIAN IN ACTIVITATI ECONOMICE": 27}, "limba_moderna": {"LIMBA ENGLEZA": 190, "LIMBA FRANCEZA": 13, "LIMBA GERMANA MODERNA": 1}, "limba_materna": {"LIMBA MAGHIARA": 24, "LIMBA ROMANA": 180}, "promotie_anterioara": {"DA": 4, "NU": 200}, "materii": {"LIMBA ROMANA": {"medie": 8.502941176470582, "reusita": 99.01960784313727, "cnt": 204}, "MATEMATICA TEHN": {"medie": 8.137037037037036, "reusita": 100.0, "cnt": 27}, "GENERAL": {"medie": 8.502955665024631, "reusita": 96.07843137254902, "cnt": 204}, "GEOGRAFIE": {"medie": 9.23918918918919, "reusita": 100.0, "cnt": 37}, "ANATOMIE SI FIZIOLOGIE UMANA, GENETICA SI ECOLOGIE UMANA": {"medie": 8.792622950819673, "reusita": 100.0, "cnt": 61}, "LIMBA MAGHIARA (REAL)": {"medie": 8.615384615384615, "reusita": 100.0, "cnt": 13}, "MATEMATICA ST-NAT": {"medie": 8.204666666666668, "reusita": 100.0, "cnt": 75}, "MATEMATICA MATE-INFO": {"medie": 8.000000000000002, "reusita": 100.0, "cnt": 28}, "ISTORIE": {"medie": 7.837671232876714, "reusita": 94.5945945945946, "cnt": 74}, "LOGICA, ARGUMENTARE SI COMUNICARE": {"medie": 8.908870967741938, "reusita": 100.0, "cnt": 62}, "SOCIOLOGIE": {"medie": 6.975, "reusita": 100.0, "cnt": 2}, "FIZICA TEO": {"medie": 8.366666666666667, "reusita": 100.0, "cnt": 9}, "INFORMATICA MI C/C++": {"medie": 8.965, "reusita": 100.0, "cnt": 10}, "CHIMIE ANORGANICA TEO NIVEL I/II": {"medie": 9.4, "reusita": 100.0, "cnt": 2}, "CHIMIE ORGANICA TEO NIVEL I/II": {"medie": 8.93421052631579, "reusita": 100.0, "cnt": 19}, "LIMBA MAGHIARA (UMAN)": {"medie": 7.234999999999999, "reusita": 90.9090909090909, "cnt": 11}, "INFORMATICA SN C/C++": {"medie": 9.575, "reusita": 100.0, "cnt": 2}}, "nume": "COLEGIUL NATIONAL \"ANDREI MURESANU\" BISTRITA\tBistri\u021ba-N\u0103s\u0103ud"}