{"specializari": {"FILOLOGIE": 25, "STIINTE ALE NATURII": 58, "STIINTE SOCIALE": 61, "MATEMATICA-INFORMATICA": 115}, "limba_moderna": {"LIMBA FRANCEZA": 26, "LIMBA ENGLEZA": 207, "LIMBA GERMANA MODERNA": 23, "LIMBA SPANIOLA": 3}, "limba_materna": {"LIMBA ROMANA": 259}, "promotie_anterioara": {"NU": 259}, "materii": {"LIMBA ROMANA": {"medie": 8.972007722007723, "reusita": 100.0, "cnt": 259}, "BIOLOGIE VEGETALA SI ANIMALA": {"medie": 9.0, "reusita": 100.0, "cnt": 2}, "GENERAL": {"medie": 8.991055341055342, "reusita": 98.45559845559846, "cnt": 259}, "GEOGRAFIE": {"medie": 9.23787878787879, "reusita": 100.0, "cnt": 33}, "ANATOMIE SI FIZIOLOGIE UMANA, GENETICA SI ECOLOGIE UMANA": {"medie": 8.862087912087913, "reusita": 98.9010989010989, "cnt": 91}, "MATEMATICA ST-NAT": {"medie": 8.899999999999997, "reusita": 100.0, "cnt": 58}, "MATEMATICA MATE-INFO": {"medie": 9.080869565217391, "reusita": 100.0, "cnt": 115}, "ISTORIE": {"medie": 8.880232558139536, "reusita": 100.0, "cnt": 86}, "LOGICA, ARGUMENTARE SI COMUNICARE": {"medie": 9.112903225806454, "reusita": 100.0, "cnt": 31}, "SOCIOLOGIE": {"medie": 8.61875, "reusita": 100.0, "cnt": 8}, "FIZICA TEO": {"medie": 9.423214285714284, "reusita": 100.0, "cnt": 28}, "INFORMATICA MI C/C++": {"medie": 8.903658536585366, "reusita": 97.5609756097561, "cnt": 41}, "CHIMIE ORGANICA TEO NIVEL I/II": {"medie": 8.709999999999999, "reusita": 90.0, "cnt": 10}, "FILOSOFIE": {"medie": 9.483333333333333, "reusita": 100.0, "cnt": 3}, "PSIHOLOGIE": {"medie": 9.575, "reusita": 100.0, "cnt": 8}, "INFORMATICA SN C/C++": {"medie": 10.0, "reusita": 100.0, "cnt": 1}, "ECONOMIE": {"medie": 8.766666666666667, "reusita": 100.0, "cnt": 3}}, "nume": "COLEGIUL NATIONAL \"PETRU RARES\" SUCEAVA\tSuceava"}