{"specializari": {"TEHNICIAN IN ACTIVITATI ECONOMICE": 108, "TEHNICIAN IN GASTRONOMIE": 16, "ORGANIZATOR BANQUETING": 22, "MATEMATICA-INFORMATICA": 22, "TEHNICIAN IN ACTIVITATI DE COMERT": 39, "TEHNICIAN IN ADMINISTRATIE": 24, "TEHNICIAN IN TURISM": 45}, "limba_moderna": {"LIMBA ENGLEZA": 250, "LIMBA FRANCEZA": 26}, "limba_materna": {"LIMBA ROMANA": 276}, "promotie_anterioara": {"DA": 33, "NU": 243}, "materii": {"LIMBA ROMANA": {"medie": 6.5739926739926675, "reusita": 92.7536231884058, "cnt": 276}, "MATEMATICA TEHN": {"medie": 5.601807228915659, "reusita": 73.62204724409449, "cnt": 254}, "GENERAL": {"medie": 6.566234567901238, "reusita": 63.40579710144928, "cnt": 276}, "GEOGRAFIE": {"medie": 7.351256281407033, "reusita": 96.0, "cnt": 200}, "ANATOMIE SI FIZIOLOGIE UMANA, GENETICA SI ECOLOGIE UMANA": {"medie": 7.685, "reusita": 100.0, "cnt": 10}, "MATEMATICA MATE-INFO": {"medie": 6.318181818181818, "reusita": 86.36363636363636, "cnt": 22}, "LOGICA, ARGUMENTARE SI COMUNICARE": {"medie": 8.248936170212767, "reusita": 90.0, "cnt": 50}, "FIZICA TEO": {"medie": 2.05, "reusita": 0.0, "cnt": 1}, "INFORMATICA MI C/C++": {"medie": 6.309090909090909, "reusita": 90.9090909090909, "cnt": 11}, "PSIHOLOGIE": {"medie": 7.316666666666666, "reusita": 100.0, "cnt": 3}, "ECONOMIE": {"medie": 5.2, "reusita": 100.0, "cnt": 1}}, "nume": "COLEGIUL ECONOMIC \"ION GHICA\" BACAU\tBac\u0103u"}