{"specializari": {"MATEMATICA-INFORMATICA": 32}, "limba_moderna": {"LIMBA ENGLEZA": 32}, "limba_materna": {"LIMBA ROMANA": 32}, "promotie_anterioara": {"NU": 32}, "materii": {"LIMBA ROMANA": {"medie": 8.8484375, "reusita": 100.0, "cnt": 32}, "BIOLOGIE VEGETALA SI ANIMALA": {"medie": 9.183333333333332, "reusita": 100.0, "cnt": 6}, "GENERAL": {"medie": 9.022395833333333, "reusita": 100.0, "cnt": 32}, "MATEMATICA MATE-INFO": {"medie": 9.3578125, "reusita": 100.0, "cnt": 32}, "FIZICA TEO": {"medie": 8.860869565217392, "reusita": 100.0, "cnt": 23}, "INFORMATICA MI C/C++": {"medie": 8.4, "reusita": 100.0, "cnt": 2}, "CHIMIE ORGANICA TEO NIVEL I/II": {"medie": 7.85, "reusita": 100.0, "cnt": 1}}, "nume": "COLEGIUL NATIONAL MILITAR \"TUDOR VLADIMIRESCU\" CRAIOVA\tDolj"}