{"specializari": {"COAFOR STILIST": 22, "TEHNICIAN ELECTRICIAN/ELECTRONIST AUTO": 2, "ORGANIZATOR BANQUETING": 27, "STIINTE SOCIALE": 70, "MATEMATICA-INFORMATICA": 2, "TEHNICIAN IN ACTIVITATI ECONOMICE": 30, "TEHNICIAN OPERATOR TEHNICA DE CALCUL": 28, "TEHNICIAN IN AUTOMATIZARI": 1, "TEHNICIAN DE TELECOMUNICATII": 21}, "limba_moderna": {"LIMBA ENGLEZA": 195, "LIMBA FRANCEZA": 8}, "limba_materna": {"LIMBA ROMANA": 203}, "promotie_anterioara": {"DA": 17, "NU": 186}, "materii": {"LIMBA ROMANA": {"medie": 7.038916256157633, "reusita": 96.55172413793103, "cnt": 203}, "MATEMATICA TEHN": {"medie": 6.28358778625954, "reusita": 88.54961832061069, "cnt": 131}, "BIOLOGIE VEGETALA SI ANIMALA": {"medie": 6.382812500000001, "reusita": 90.625, "cnt": 32}, "GENERAL": {"medie": 7.030952380952385, "reusita": 79.3103448275862, "cnt": 203}, "GEOGRAFIE": {"medie": 7.956967213114753, "reusita": 100.0, "cnt": 122}, "ANATOMIE SI FIZIOLOGIE UMANA, GENETICA SI ECOLOGIE UMANA": {"medie": 7.45, "reusita": 100.0, "cnt": 1}, "FIZICA TEH": {"medie": 8.538888888888888, "reusita": 100.0, "cnt": 9}, "MATEMATICA MATE-INFO": {"medie": 3.475, "reusita": 50.0, "cnt": 2}, "ISTORIE": {"medie": 6.86357142857143, "reusita": 97.14285714285714, "cnt": 70}, "CHIMIE ANORGANICA TEH NIVEL I/II": {"medie": 5.220833333333334, "reusita": 58.333333333333336, "cnt": 12}, "LOGICA, ARGUMENTARE SI COMUNICARE": {"medie": 8.228571428571426, "reusita": 95.23809523809523, "cnt": 21}, "SOCIOLOGIE": {"medie": 8.25, "reusita": 100.0, "cnt": 2}, "PSIHOLOGIE": {"medie": 7.7875, "reusita": 100.0, "cnt": 4}}, "nume": "COLEGIUL TEHNIC DE COMUNICATII \"N.VASILESCU-KARPEN\" BACAU\tBac\u0103u"}