{"specializari": {"MATEMATICA-INFORMATICA": 168, "STIINTE ALE NATURII": 65, "FILOLOGIE": 36}, "limba_moderna": {"LIMBA ENGLEZA": 244, "LIMBA GERMANA MODERNA": 23, "LIMBA FRANCEZA": 2}, "limba_materna": {"LIMBA ROMANA": 210, "LIMBA MAGHIARA": 59}, "promotie_anterioara": {"DA": 2, "NU": 267}, "materii": {"LIMBA ROMANA": {"medie": 8.609107806691451, "reusita": 98.88475836431226, "cnt": 269}, "GENERAL": {"medie": 8.745709417596045, "reusita": 98.51301115241635, "cnt": 269}, "GEOGRAFIE": {"medie": 9.157894736842106, "reusita": 100.0, "cnt": 19}, "ANATOMIE SI FIZIOLOGIE UMANA, GENETICA SI ECOLOGIE UMANA": {"medie": 8.665068493150683, "reusita": 100.0, "cnt": 146}, "LIMBA MAGHIARA (REAL)": {"medie": 8.831355932203389, "reusita": 100.0, "cnt": 59}, "MATEMATICA ST-NAT": {"medie": 8.284615384615382, "reusita": 100.0, "cnt": 65}, "MATEMATICA MATE-INFO": {"medie": 8.774702380952379, "reusita": 100.0, "cnt": 168}, "ISTORIE": {"medie": 9.184722222222225, "reusita": 100.0, "cnt": 36}, "LOGICA, ARGUMENTARE SI COMUNICARE": {"medie": 9.9, "reusita": 100.0, "cnt": 6}, "SOCIOLOGIE": {"medie": 8.933333333333334, "reusita": 100.0, "cnt": 3}, "FIZICA TEO": {"medie": 8.350000000000001, "reusita": 100.0, "cnt": 13}, "INFORMATICA MI C/C++": {"medie": 8.935606060606057, "reusita": 98.48484848484848, "cnt": 66}, "CHIMIE ANORGANICA TEO NIVEL I/II": {"medie": 9.4, "reusita": 100.0, "cnt": 1}, "CHIMIE ORGANICA TEO NIVEL I/II": {"medie": 9.25, "reusita": 100.0, "cnt": 7}, "PSIHOLOGIE": {"medie": 9.325, "reusita": 100.0, "cnt": 8}}, "nume": "COLEGIUL NATIONAL \"SILVANIA\" ZALAU\tS\u0103laj"}