{"specializari": {"TEHNICIAN IN ACTIVITATI ECONOMICE": 23, "TEHNICIAN OPERATOR TEHNICA DE CALCUL": 6, "TEHNICIAN ECOLOG SI PROTECTIA CALITATII MEDIULUI": 3, "TEHNICIAN MECANIC PENTRU INTRETINERE SI REPARATII": 11, "TEHNICIAN IN INDUSTRIA ALIMENTARA": 1, "FILOLOGIE": 27, "MATEMATICA-INFORMATICA": 17}, "limba_moderna": {"LIMBA FRANCEZA": 18, "LIMBA ENGLEZA": 70}, "limba_materna": {"LIMBA ROMANA": 88}, "promotie_anterioara": {"DA": 28, "NU": 60}, "materii": {"LIMBA ROMANA": {"medie": 6.366666666666666, "reusita": 86.36363636363636, "cnt": 88}, "MATEMATICA TEHN": {"medie": 3.627631578947369, "reusita": 27.27272727272727, "cnt": 44}, "BIOLOGIE VEGETALA SI ANIMALA": {"medie": 5.054999999999999, "reusita": 52.0, "cnt": 25}, "GENERAL": {"medie": 6.074050632911392, "reusita": 42.04545454545455, "cnt": 88}, "GEOGRAFIE": {"medie": 7.675000000000002, "reusita": 97.82608695652173, "cnt": 46}, "ANATOMIE SI FIZIOLOGIE UMANA, GENETICA SI ECOLOGIE UMANA": {"medie": 5.85, "reusita": 62.5, "cnt": 8}, "FIZICA TEH": {"medie": 2.95, "reusita": 0.0, "cnt": 2}, "MATEMATICA MATE-INFO": {"medie": 4.078125000000001, "reusita": 35.294117647058826, "cnt": 17}, "ISTORIE": {"medie": 7.596296296296296, "reusita": 100.0, "cnt": 27}, "LOGICA, ARGUMENTARE SI COMUNICARE": {"medie": 7.9, "reusita": 100.0, "cnt": 4}, "FIZICA TEO": {"medie": 5.05, "reusita": 100.0, "cnt": 1}, "INFORMATICA MI C/C++": {"medie": 2.2, "reusita": 0.0, "cnt": 2}}, "nume": "COLEGIUL TEHNIC MATASARI\tGorj"}