{"specializari": {"MATEMATICA-INFORMATICA": 59, "STIINTE ALE NATURII": 34, "FILOLOGIE": 78}, "limba_moderna": {"LIMBA ENGLEZA": 159, "LIMBA FRANCEZA": 12}, "limba_materna": {"LIMBA ROMANA": 171}, "promotie_anterioara": {"DA": 14, "NU": 157}, "materii": {"LIMBA ROMANA": {"medie": 7.535672514619885, "reusita": 95.90643274853801, "cnt": 171}, "BIOLOGIE VEGETALA SI ANIMALA": {"medie": 5.4, "reusita": 100.0, "cnt": 1}, "GENERAL": {"medie": 7.48402777777778, "reusita": 83.04093567251462, "cnt": 171}, "GEOGRAFIE": {"medie": 7.4013333333333335, "reusita": 85.52631578947368, "cnt": 76}, "ANATOMIE SI FIZIOLOGIE UMANA, GENETICA SI ECOLOGIE UMANA": {"medie": 7.610294117647057, "reusita": 95.58823529411765, "cnt": 68}, "MATEMATICA ST-NAT": {"medie": 6.616666666666667, "reusita": 85.29411764705883, "cnt": 34}, "MATEMATICA MATE-INFO": {"medie": 7.7939655172413795, "reusita": 91.52542372881356, "cnt": 59}, "ISTORIE": {"medie": 6.9512820512820515, "reusita": 85.8974358974359, "cnt": 78}, "FIZICA TEO": {"medie": 8.525, "reusita": 100.0, "cnt": 16}, "INFORMATICA MI C/C++": {"medie": 9.25, "reusita": 100.0, "cnt": 4}, "CHIMIE ANORGANICA TEO NIVEL I/II": {"medie": 7.55, "reusita": 100.0, "cnt": 1}, "CHIMIE ORGANICA TEO NIVEL I/II": {"medie": 8.866666666666665, "reusita": 100.0, "cnt": 3}, "PSIHOLOGIE": {"medie": 7.125, "reusita": 100.0, "cnt": 2}}, "nume": "COLEGIUL NATIONAL \"NEAGOE BASARAB\" OLTENITA\tC\u0103l\u0103ra\u0219i"}