{"specializari": {"STIINTE SOCIALE": 59, "STIINTE ALE NATURII": 31, "MATEMATICA-INFORMATICA": 62, "FILOLOGIE": 28}, "limba_moderna": {"LIMBA ENGLEZA": 159, "LIMBA FRANCEZA": 20, "LIMBA GERMANA MODERNA": 1}, "limba_materna": {"LIMBA ROMANA": 180}, "promotie_anterioara": {"NU": 180}, "materii": {"LIMBA ROMANA": {"medie": 8.685833333333337, "reusita": 99.44444444444444, "cnt": 180}, "BIOLOGIE VEGETALA SI ANIMALA": {"medie": 8.083333333333334, "reusita": 100.0, "cnt": 3}, "GENERAL": {"medie": 8.764537037037035, "reusita": 98.88888888888889, "cnt": 180}, "GEOGRAFIE": {"medie": 9.356250000000001, "reusita": 100.0, "cnt": 8}, "ANATOMIE SI FIZIOLOGIE UMANA, GENETICA SI ECOLOGIE UMANA": {"medie": 8.837499999999999, "reusita": 100.0, "cnt": 8}, "MATEMATICA ST-NAT": {"medie": 9.006451612903225, "reusita": 100.0, "cnt": 31}, "MATEMATICA MATE-INFO": {"medie": 9.116129032258069, "reusita": 100.0, "cnt": 62}, "ISTORIE": {"medie": 8.127586206896558, "reusita": 100.0, "cnt": 87}, "LOGICA, ARGUMENTARE SI COMUNICARE": {"medie": 9.056410256410254, "reusita": 100.0, "cnt": 78}, "FIZICA TEO": {"medie": 8.989285714285712, "reusita": 100.0, "cnt": 28}, "INFORMATICA MI C/C++": {"medie": 9.042857142857143, "reusita": 100.0, "cnt": 28}, "CHIMIE ANORGANICA TEO NIVEL I/II": {"medie": 9.075, "reusita": 100.0, "cnt": 2}, "CHIMIE ORGANICA TEO NIVEL I/II": {"medie": 8.697727272727274, "reusita": 95.45454545454545, "cnt": 22}, "INFORMATICA SN C/C++": {"medie": 8.5, "reusita": 100.0, "cnt": 1}, "ECONOMIE": {"medie": 10.0, "reusita": 100.0, "cnt": 1}, "INFORMATICA SN PASCAL": {"medie": 8.8, "reusita": 100.0, "cnt": 1}}, "nume": "COLEGIUL NATIONAL \"NICOLAE GRIGORESCU\", MUNICIPIUL CAMPINA\tPrahova"}