{"specializari": {"MATEMATICA-INFORMATICA": 59, "STIINTE ALE NATURII": 80, "FILOLOGIE": 28, "STIINTE SOCIALE": 25}, "limba_moderna": {"LIMBA ENGLEZA": 184, "LIMBA FRANCEZA": 8}, "limba_materna": {"LIMBA ROMANA": 192}, "promotie_anterioara": {"NU": 192}, "materii": {"LIMBA ROMANA": {"medie": 8.449479166666666, "reusita": 98.95833333333334, "cnt": 192}, "BIOLOGIE VEGETALA SI ANIMALA": {"medie": 8.55, "reusita": 100.0, "cnt": 1}, "GENERAL": {"medie": 8.464930555555554, "reusita": 95.83333333333334, "cnt": 192}, "GEOGRAFIE": {"medie": 7.77375, "reusita": 97.5, "cnt": 40}, "ANATOMIE SI FIZIOLOGIE UMANA, GENETICA SI ECOLOGIE UMANA": {"medie": 8.54583333333333, "reusita": 100.0, "cnt": 72}, "MATEMATICA ST-NAT": {"medie": 8.527500000000003, "reusita": 100.0, "cnt": 80}, "MATEMATICA MATE-INFO": {"medie": 9.202542372881355, "reusita": 100.0, "cnt": 59}, "ISTORIE": {"medie": 7.307547169811322, "reusita": 100.0, "cnt": 53}, "LOGICA, ARGUMENTARE SI COMUNICARE": {"medie": 8.845454545454546, "reusita": 100.0, "cnt": 11}, "FIZICA TEO": {"medie": 9.64, "reusita": 100.0, "cnt": 5}, "INFORMATICA MI C/C++": {"medie": 9.132051282051282, "reusita": 100.0, "cnt": 39}, "CHIMIE ANORGANICA TEO NIVEL I/II": {"medie": 8.192857142857145, "reusita": 100.0, "cnt": 7}, "CHIMIE ORGANICA TEO NIVEL I/II": {"medie": 8.675, "reusita": 100.0, "cnt": 8}, "PSIHOLOGIE": {"medie": 9.5, "reusita": 100.0, "cnt": 1}, "INFORMATICA SN C/C++": {"medie": 8.935714285714287, "reusita": 100.0, "cnt": 7}, "ECONOMIE": {"medie": 5.8, "reusita": 100.0, "cnt": 1}}, "nume": "COLEGIUL NATIONAL \"MIHAI EMINESCU\" SATU MARE\tSatu-Mare"}