{"specializari": {"MATEMATICA-INFORMATICA": 86, "FILOLOGIE": 120, "STIINTE SOCIALE": 35, "STIINTE ALE NATURII": 51}, "limba_moderna": {"LIMBA ENGLEZA": 243, "LIMBA FRANCEZA": 47, "LIMBA GERMANA MODERNA": 2}, "limba_materna": {"LIMBA ROMANA": 292}, "promotie_anterioara": {"DA": 1, "NU": 291}, "materii": {"LIMBA ROMANA": {"medie": 8.18510273972602, "reusita": 98.97260273972603, "cnt": 292}, "BIOLOGIE VEGETALA SI ANIMALA": {"medie": 8.188888888888888, "reusita": 100.0, "cnt": 9}, "GENERAL": {"medie": 8.418321917808214, "reusita": 97.26027397260275, "cnt": 292}, "GEOGRAFIE": {"medie": 8.831249999999999, "reusita": 100.0, "cnt": 40}, "ANATOMIE SI FIZIOLOGIE UMANA, GENETICA SI ECOLOGIE UMANA": {"medie": 8.02638888888889, "reusita": 100.0, "cnt": 36}, "MATEMATICA ST-NAT": {"medie": 8.157843137254899, "reusita": 100.0, "cnt": 51}, "MATEMATICA MATE-INFO": {"medie": 8.409883720930232, "reusita": 100.0, "cnt": 86}, "ISTORIE": {"medie": 8.583870967741932, "reusita": 98.70967741935483, "cnt": 155}, "LOGICA, ARGUMENTARE SI COMUNICARE": {"medie": 9.178488372093023, "reusita": 100.0, "cnt": 86}, "SOCIOLOGIE": {"medie": 7.434615384615384, "reusita": 92.3076923076923, "cnt": 13}, "FIZICA TEO": {"medie": 8.33469387755102, "reusita": 100.0, "cnt": 49}, "INFORMATICA MI C/C++": {"medie": 8.45263157894737, "reusita": 100.0, "cnt": 19}, "CHIMIE ANORGANICA TEO NIVEL I/II": {"medie": 8.110000000000001, "reusita": 100.0, "cnt": 5}, "CHIMIE ORGANICA TEO NIVEL I/II": {"medie": 8.907894736842104, "reusita": 100.0, "cnt": 19}, "PSIHOLOGIE": {"medie": 9.100000000000001, "reusita": 100.0, "cnt": 8}, "ECONOMIE": {"medie": 7.637500000000001, "reusita": 100.0, "cnt": 8}}, "nume": "COLEGIUL NATIONAL \"MIHAI EMINESCU\" MUNICIPIUL BUZAU\tBuz\u0103u"}