{"specializari": {"MUZICA": 21, "ARTE PLASTICE SI DECORATIVE": 25, "ARHITECTURA, ARTE AMBIENTALE SI DESIGN": 29}, "limba_moderna": {"LIMBA ENGLEZA": 72, "LIMBA FRANCEZA": 3}, "limba_materna": {"LIMBA ROMANA": 75}, "promotie_anterioara": {"DA": 2, "NU": 73}, "materii": {"LIMBA ROMANA": {"medie": 7.675675675675677, "reusita": 96.0, "cnt": 75}, "GENERAL": {"medie": 7.391441441441442, "reusita": 76.0, "cnt": 75}, "GEOGRAFIE": {"medie": 7.30625, "reusita": 87.5, "cnt": 8}, "ISTORIE": {"medie": 7.094594594594595, "reusita": 90.66666666666666, "cnt": 75}, "LOGICA, ARGUMENTARE SI COMUNICARE": {"medie": 7.909375, "reusita": 93.75, "cnt": 48}, "FILOSOFIE": {"medie": 5.955882352941176, "reusita": 55.55555555555556, "cnt": 18}, "ECONOMIE": {"medie": 8.55, "reusita": 100.0, "cnt": 1}}, "nume": "COLEGIUL DE ARTE BAIA MARE\tMaramure\u0219"}