{"specializari": {"TEHNICIAN OPERATOR TEHNICA DE CALCUL": 2, "TEHNICIAN MECATRONIST": 19, "TEHNICIAN DESENATOR PENTRU CONSTRUCTII SI INSTALATII": 3, "TEHNICIAN INSTALATOR PENTRU CONSTRUCTII": 1, "TEHNICIAN IN INSTALATII ELECTRICE": 1, "ARHITECTURA, ARTE AMBIENTALE SI DESIGN": 17, "TEHNICIAN ECOLOG SI PROTECTIA CALITATII MEDIULUI": 21, "TEHNICIAN MECANIC PENTRU INTRETINERE SI REPARATII": 2, "TEHNICIAN IN AUTOMATIZARI": 24, "STIINTE ALE NATURII": 3, "TEHNICIAN ELECTRONIST": 1, "TEHNICIAN PRODUCTIE FILM SI TELEVIZIUNE": 10, "TEHNICIAN PRELUCRARI MECANICE": 1, "TEHNICIAN IN CONSTRUCTII SI LUCRARI PUBLICE": 1}, "limba_moderna": {"LIMBA ENGLEZA": 99, "LIMBA FRANCEZA": 6, "LIMBA GERMANA MODERNA": 1}, "limba_materna": {"LIMBA ROMANA": 106}, "promotie_anterioara": {"DA": 49, "NU": 57}, "materii": {"LIMBA ROMANA": {"medie": 5.845754716981136, "reusita": 88.67924528301887, "cnt": 106}, "MATEMATICA TEHN": {"medie": 5.298795180722893, "reusita": 68.6046511627907, "cnt": 86}, "BIOLOGIE VEGETALA SI ANIMALA": {"medie": 4.770192307692307, "reusita": 52.83018867924528, "cnt": 53}, "GENERAL": {"medie": 5.616996699669967, "reusita": 39.62264150943396, "cnt": 106}, "GEOGRAFIE": {"medie": 5.85, "reusita": 76.47058823529412, "cnt": 17}, "ANATOMIE SI FIZIOLOGIE UMANA, GENETICA SI ECOLOGIE UMANA": {"medie": 5.6937500000000005, "reusita": 87.5, "cnt": 8}, "MATEMATICA ST-NAT": {"medie": 4.233333333333333, "reusita": 66.66666666666666, "cnt": 3}, "ISTORIE": {"medie": 5.741176470588235, "reusita": 100.0, "cnt": 17}, "CHIMIE ANORGANICA TEH NIVEL I/II": {"medie": 7.134615384615383, "reusita": 89.28571428571429, "cnt": 28}}, "nume": "COLEGIUL TEHNIC \"MIRCEA CRISTEA\" BRASOV\tBra\u0219ov"}