{"specializari": {"FILOLOGIE": 30, "STIINTE SOCIALE": 30, "STIINTE ALE NATURII": 31, "MATEMATICA-INFORMATICA": 86}, "limba_moderna": {"LIMBA ENGLEZA": 147, "LIMBA FRANCEZA": 30}, "limba_materna": {"LIMBA ROMANA": 177}, "promotie_anterioara": {"DA": 1, "NU": 176}, "materii": {"LIMBA ROMANA": {"medie": 8.77627118644068, "reusita": 100.0, "cnt": 177}, "GENERAL": {"medie": 8.874105461393597, "reusita": 100.0, "cnt": 177}, "GEOGRAFIE": {"medie": 9.792857142857144, "reusita": 100.0, "cnt": 7}, "ANATOMIE SI FIZIOLOGIE UMANA, GENETICA SI ECOLOGIE UMANA": {"medie": 8.454838709677418, "reusita": 100.0, "cnt": 31}, "MATEMATICA ST-NAT": {"medie": 9.07258064516129, "reusita": 100.0, "cnt": 31}, "MATEMATICA MATE-INFO": {"medie": 9.077325581395348, "reusita": 100.0, "cnt": 86}, "ISTORIE": {"medie": 8.648333333333333, "reusita": 100.0, "cnt": 60}, "LOGICA, ARGUMENTARE SI COMUNICARE": {"medie": 8.853000000000003, "reusita": 100.0, "cnt": 50}, "FIZICA TEO": {"medie": 9.156944444444443, "reusita": 100.0, "cnt": 36}, "INFORMATICA MI C/C++": {"medie": 9.081428571428573, "reusita": 100.0, "cnt": 35}, "CHIMIE ORGANICA TEO NIVEL I/II": {"medie": 8.63, "reusita": 100.0, "cnt": 15}, "PSIHOLOGIE": {"medie": 9.45, "reusita": 100.0, "cnt": 2}, "ECONOMIE": {"medie": 8.8, "reusita": 100.0, "cnt": 1}}, "nume": "COLEGIUL NATIONAL \"MIHAIL KOGALNICEANU\", LOCALITATEA GALATI\tGala\u021bi"}