{"specializari": {"ORGANIZATOR BANQUETING": 1, "TEHNICIAN IN ACTIVITATI ECONOMICE": 116, "TEHNICIAN IN ACTIVITATI DE COMERT": 1, "TEHNICIAN IN GASTRONOMIE": 1, "TEHNICIAN IN ADMINISTRATIE": 29, "TEHNICIAN IN TURISM": 30, "TEHNICIAN IN ACHIZITII SI CONTRACTARI": 26}, "limba_moderna": {"LIMBA ENGLEZA": 182, "LIMBA FRANCEZA": 21, "LIMBA GERMANA MODERNA": 1}, "limba_materna": {"LIMBA ROMANA": 204}, "promotie_anterioara": {"DA": 6, "NU": 198}, "materii": {"LIMBA ROMANA": {"medie": 7.78848039215686, "reusita": 99.01960784313727, "cnt": 204}, "MATEMATICA TEHN": {"medie": 6.7720588235294095, "reusita": 92.15686274509804, "cnt": 204}, "GENERAL": {"medie": 7.572359735973599, "reusita": 87.74509803921569, "cnt": 204}, "GEOGRAFIE": {"medie": 8.167857142857141, "reusita": 98.59154929577466, "cnt": 71}, "LOGICA, ARGUMENTARE SI COMUNICARE": {"medie": 8.137786259541986, "reusita": 96.96969696969697, "cnt": 132}, "PSIHOLOGIE": {"medie": 8.95, "reusita": 100.0, "cnt": 1}}, "nume": "COLEGIUL ECONOMIC \"NICOLAE TITULESCU\" BAIA MARE\tMaramure\u0219"}