{"specializari": {"MUZICA": 58}, "limba_moderna": {"LIMBA ENGLEZA": 49, "LIMBA FRANCEZA": 9}, "limba_materna": {"LIMBA ROMANA": 38, "LIMBA MAGHIARA": 20}, "promotie_anterioara": {"DA": 2, "NU": 56}, "materii": {"LIMBA ROMANA": {"medie": 7.789655172413793, "reusita": 100.0, "cnt": 58}, "GENERAL": {"medie": 7.558333333333335, "reusita": 87.93103448275862, "cnt": 58}, "GEOGRAFIE": {"medie": 7.464000000000001, "reusita": 96.0, "cnt": 50}, "LIMBA MAGHIARA (REAL)": {"medie": 7.6225, "reusita": 100.0, "cnt": 20}, "ISTORIE": {"medie": 7.173275862068964, "reusita": 98.27586206896551, "cnt": 58}, "LOGICA, ARGUMENTARE SI COMUNICARE": {"medie": 8.833333333333334, "reusita": 100.0, "cnt": 3}, "FILOSOFIE": {"medie": 8.725, "reusita": 100.0, "cnt": 4}, "PSIHOLOGIE": {"medie": 6.3, "reusita": 100.0, "cnt": 1}}, "nume": "COLEGIUL DE MUZICA \"SIGISMUND TODUTA\" CLUJ-NAPOCA\tCluj"}