{"specializari": {"TEHNICIAN OPERATOR TEHNICA DE CALCUL": 11, "TEHNICIAN IN AUTOMATIZARI": 5, "TEHNICIAN ECOLOG SI PROTECTIA CALITATII MEDIULUI": 24, "TEHNICIAN TRANSPORTURI": 12, "TEHNICIAN MECATRONIST": 1, "TEHNICIAN MECANIC PENTRU INTRETINERE SI REPARATII": 5, "STIINTE ALE NATURII": 1, "MATEMATICA-INFORMATICA": 1}, "limba_moderna": {"LIMBA ENGLEZA": 53, "LIMBA FRANCEZA": 7}, "limba_materna": {"LIMBA ROMANA": 60}, "promotie_anterioara": {"DA": 25, "NU": 35}, "materii": {"LIMBA ROMANA": {"medie": 5.358181818181817, "reusita": 65.0, "cnt": 60}, "MATEMATICA TEHN": {"medie": 3.650943396226415, "reusita": 29.310344827586203, "cnt": 58}, "BIOLOGIE VEGETALA SI ANIMALA": {"medie": 4.9796875, "reusita": 58.82352941176471, "cnt": 34}, "GENERAL": {"medie": 4.878525641025641, "reusita": 10.0, "cnt": 60}, "ANATOMIE SI FIZIOLOGIE UMANA, GENETICA SI ECOLOGIE UMANA": {"medie": 6.5552631578947365, "reusita": 76.19047619047619, "cnt": 21}, "FIZICA TEH": {"medie": 6.3, "reusita": 40.0, "cnt": 5}, "MATEMATICA ST-NAT": {"medie": 4.1, "reusita": 0.0, "cnt": 1}, "MATEMATICA MATE-INFO": {"medie": 5.0, "reusita": 100.0, "cnt": 1}}, "nume": "COLEGIUL TEHNIC \"HENRI COANDA\" TG-JIU\tGorj"}