{"specializari": {"TEHNICIAN IN ADMINISTRATIE": 1, "TEHNICIAN OPERATOR TEHNICA DE CALCUL": 8, "TEHNICIAN DESENATOR PENTRU CONSTRUCTII SI INSTALATII": 1, "COAFOR STILIST": 5, "TEHNICIAN IN ACTIVITATI ECONOMICE": 9, "TEHNICIAN ECOLOG SI PROTECTIA CALITATII MEDIULUI": 3, "TEHNICIAN IN ACTIVITATI DE COMERT": 1, "STIINTE ALE NATURII": 1, "TEHNICIAN IN INDUSTRIA TEXTILA": 1}, "limba_moderna": {"LIMBA ENGLEZA": 30}, "limba_materna": {"LIMBA ROMANA": 30}, "promotie_anterioara": {"DA": 15, "NU": 15}, "materii": {"LIMBA ROMANA": {"medie": 5.4732142857142865, "reusita": 80.0, "cnt": 30}, "MATEMATICA TEHN": {"medie": 5.10576923076923, "reusita": 65.51724137931035, "cnt": 29}, "BIOLOGIE VEGETALA SI ANIMALA": {"medie": 5.192857142857142, "reusita": 62.5, "cnt": 8}, "GENERAL": {"medie": 5.606944444444445, "reusita": 33.33333333333333, "cnt": 30}, "GEOGRAFIE": {"medie": 7.0125, "reusita": 93.75, "cnt": 16}, "ANATOMIE SI FIZIOLOGIE UMANA, GENETICA SI ECOLOGIE UMANA": {"medie": 4.55, "reusita": 33.33333333333333, "cnt": 3}, "FIZICA TEH": {"medie": 5.0, "reusita": 100.0, "cnt": 1}, "MATEMATICA ST-NAT": {"medie": 5.35, "reusita": 100.0, "cnt": 1}, "CHIMIE ANORGANICA TEH NIVEL I/II": {"medie": 5.375, "reusita": 50.0, "cnt": 2}}, "nume": "COLEGIUL TEHNIC \"MEDIENSIS\" MEDIAS\tSibiu"}