{"specializari": {"MATEMATICA-INFORMATICA": 102, "FILOLOGIE": 40, "STIINTE ALE NATURII": 33, "STIINTE SOCIALE": 73}, "limba_moderna": {"LIMBA ENGLEZA": 233, "LIMBA ITALIANA": 7, "LIMBA FRANCEZA": 3, "LIMBA GERMANA MODERNA": 5}, "limba_materna": {"LIMBA ROMANA": 248}, "promotie_anterioara": {"DA": 13, "NU": 235}, "materii": {"LIMBA ROMANA": {"medie": 7.875806451612901, "reusita": 99.19354838709677, "cnt": 248}, "GENERAL": {"medie": 8.167258064516135, "reusita": 94.75806451612904, "cnt": 248}, "GEOGRAFIE": {"medie": 8.668888888888889, "reusita": 97.77777777777777, "cnt": 45}, "ANATOMIE SI FIZIOLOGIE UMANA, GENETICA SI ECOLOGIE UMANA": {"medie": 8.111428571428572, "reusita": 97.14285714285714, "cnt": 35}, "MATEMATICA ST-NAT": {"medie": 7.953030303030303, "reusita": 100.0, "cnt": 33}, "MATEMATICA MATE-INFO": {"medie": 8.590196078431372, "reusita": 99.01960784313727, "cnt": 102}, "ISTORIE": {"medie": 7.773451327433629, "reusita": 99.11504424778761, "cnt": 113}, "LOGICA, ARGUMENTARE SI COMUNICARE": {"medie": 8.553030303030303, "reusita": 100.0, "cnt": 33}, "SOCIOLOGIE": {"medie": 8.406250000000002, "reusita": 100.0, "cnt": 16}, "FIZICA TEO": {"medie": 8.837966101694915, "reusita": 100.0, "cnt": 59}, "INFORMATICA MI C/C++": {"medie": 7.766071428571429, "reusita": 96.42857142857143, "cnt": 28}, "CHIMIE ANORGANICA TEO NIVEL I/II": {"medie": 7.125, "reusita": 100.0, "cnt": 2}, "CHIMIE ORGANICA TEO NIVEL I/II": {"medie": 8.34090909090909, "reusita": 100.0, "cnt": 11}, "FILOSOFIE": {"medie": 9.200000000000001, "reusita": 100.0, "cnt": 3}, "PSIHOLOGIE": {"medie": 9.138888888888888, "reusita": 100.0, "cnt": 9}, "ECONOMIE": {"medie": 8.671428571428573, "reusita": 100.0, "cnt": 7}}, "nume": "COLEGIUL NATIONAL \"ION NECULCE\"\tBucure\u0219ti"}