{"specializari": {"TEHNICIAN IN SILVICULTURA SI EXPLOATARI FORESTIERE": 40, "STIINTE ALE NATURII": 5, "MATEMATICA-INFORMATICA": 1}, "limba_moderna": {"LIMBA ENGLEZA": 44, "LIMBA FRANCEZA": 2}, "limba_materna": {"LIMBA ROMANA": 46}, "promotie_anterioara": {"DA": 19, "NU": 27}, "materii": {"LIMBA ROMANA": {"medie": 4.704444444444444, "reusita": 50.0, "cnt": 46}, "MATEMATICA TEHN": {"medie": 3.0710526315789473, "reusita": 25.0, "cnt": 40}, "BIOLOGIE VEGETALA SI ANIMALA": {"medie": 4.690909090909091, "reusita": 52.17391304347826, "cnt": 46}, "GENERAL": {"medie": 4.177272727272728, "reusita": 15.217391304347828, "cnt": 46}, "MATEMATICA ST-NAT": {"medie": 2.67, "reusita": 40.0, "cnt": 5}, "MATEMATICA MATE-INFO": {"medie": 5.0, "reusita": 100.0, "cnt": 1}}, "nume": "COLEGIUL SILVIC \"THEODOR PIETRARU\" BRANESTI\tIlfov"}