{"specializari": {"MATEMATICA-INFORMATICA": 123, "STIINTE SOCIALE": 30, "STIINTE ALE NATURII": 31}, "limba_moderna": {"LIMBA ENGLEZA": 182, "LIMBA GERMANA MODERNA": 2}, "limba_materna": {"LIMBA ROMANA": 184}, "promotie_anterioara": {"NU": 184}, "materii": {"LIMBA ROMANA": {"medie": 7.96771739130435, "reusita": 100.0, "cnt": 184}, "BIOLOGIE VEGETALA SI ANIMALA": {"medie": 8.446428571428573, "reusita": 100.0, "cnt": 14}, "GENERAL": {"medie": 8.308713768115945, "reusita": 98.91304347826086, "cnt": 184}, "GEOGRAFIE": {"medie": 9.05, "reusita": 100.0, "cnt": 10}, "ANATOMIE SI FIZIOLOGIE UMANA, GENETICA SI ECOLOGIE UMANA": {"medie": 8.366666666666665, "reusita": 100.0, "cnt": 12}, "MATEMATICA ST-NAT": {"medie": 8.853225806451615, "reusita": 100.0, "cnt": 31}, "MATEMATICA MATE-INFO": {"medie": 8.421544715447151, "reusita": 100.0, "cnt": 123}, "ISTORIE": {"medie": 8.403333333333332, "reusita": 100.0, "cnt": 30}, "LOGICA, ARGUMENTARE SI COMUNICARE": {"medie": 8.7, "reusita": 100.0, "cnt": 14}, "SOCIOLOGIE": {"medie": 8.333333333333334, "reusita": 100.0, "cnt": 6}, "FIZICA TEO": {"medie": 8.52181818181818, "reusita": 100.0, "cnt": 55}, "INFORMATICA MI C/C++": {"medie": 7.490000000000001, "reusita": 100.0, "cnt": 25}, "CHIMIE ANORGANICA TEO NIVEL I/II": {"medie": 9.7, "reusita": 100.0, "cnt": 1}, "CHIMIE ORGANICA TEO NIVEL I/II": {"medie": 8.779347826086957, "reusita": 100.0, "cnt": 46}, "INFORMATICA SN C/C++": {"medie": 7.5, "reusita": 100.0, "cnt": 1}}, "nume": "COLEGIUL NATIONAL \"NICOLAE BALCESCU\"\tBr\u0103ila"}