{"specializari": {"MATEMATICA-INFORMATICA": 115, "FILOLOGIE": 88, "STIINTE ALE NATURII": 68}, "limba_moderna": {"LIMBA FRANCEZA": 26, "LIMBA ENGLEZA": 232, "LIMBA SPANIOLA": 12, "LIMBA GERMANA MODERNA": 1}, "limba_materna": {"LIMBA ROMANA": 271}, "promotie_anterioara": {"DA": 3, "NU": 268}, "materii": {"LIMBA ROMANA": {"medie": 8.379520295202944, "reusita": 99.63099630996311, "cnt": 271}, "GENERAL": {"medie": 8.630627306273059, "reusita": 98.5239852398524, "cnt": 271}, "GEOGRAFIE": {"medie": 9.6, "reusita": 100.0, "cnt": 3}, "ANATOMIE SI FIZIOLOGIE UMANA, GENETICA SI ECOLOGIE UMANA": {"medie": 8.664529914529915, "reusita": 100.0, "cnt": 117}, "MATEMATICA ST-NAT": {"medie": 8.994852941176468, "reusita": 100.0, "cnt": 68}, "MATEMATICA MATE-INFO": {"medie": 8.902173913043478, "reusita": 99.1304347826087, "cnt": 115}, "ISTORIE": {"medie": 7.94659090909091, "reusita": 98.86363636363636, "cnt": 88}, "LOGICA, ARGUMENTARE SI COMUNICARE": {"medie": 9.158860759493674, "reusita": 100.0, "cnt": 79}, "FIZICA TEO": {"medie": 9.032352941176471, "reusita": 100.0, "cnt": 34}, "INFORMATICA MI C/C++": {"medie": 8.891071428571427, "reusita": 100.0, "cnt": 28}, "CHIMIE ORGANICA TEO NIVEL I/II": {"medie": 9.1875, "reusita": 100.0, "cnt": 4}, "PSIHOLOGIE": {"medie": 8.4875, "reusita": 100.0, "cnt": 4}, "ECONOMIE": {"medie": 9.15, "reusita": 100.0, "cnt": 2}}, "nume": "COLEGIUL NATIONAL \"CAROL I\" CRAIOVA\tDolj"}