{"specializari": {"STIINTE SOCIALE": 25, "MATEMATICA-INFORMATICA": 32, "STIINTE ALE NATURII": 32}, "limba_moderna": {"LIMBA ENGLEZA": 64, "LIMBA GERMANA MODERNA": 25}, "limba_materna": {"LIMBA MAGHIARA": 89}, "promotie_anterioara": {"DA": 1, "NU": 88}, "materii": {"LIMBA ROMANA": {"medie": 7.101685393258425, "reusita": 96.62921348314607, "cnt": 89}, "GENERAL": {"medie": 8.183286516853933, "reusita": 96.62921348314607, "cnt": 89}, "GEOGRAFIE": {"medie": 8.445454545454545, "reusita": 100.0, "cnt": 11}, "ANATOMIE SI FIZIOLOGIE UMANA, GENETICA SI ECOLOGIE UMANA": {"medie": 8.451162790697675, "reusita": 100.0, "cnt": 43}, "LIMBA MAGHIARA (REAL)": {"medie": 8.938281250000003, "reusita": 100.0, "cnt": 64}, "MATEMATICA ST-NAT": {"medie": 8.243750000000002, "reusita": 100.0, "cnt": 32}, "MATEMATICA MATE-INFO": {"medie": 8.898437499999996, "reusita": 100.0, "cnt": 32}, "ISTORIE": {"medie": 7.701999999999999, "reusita": 100.0, "cnt": 25}, "LOGICA, ARGUMENTARE SI COMUNICARE": {"medie": 8.832142857142859, "reusita": 100.0, "cnt": 14}, "FIZICA TEO": {"medie": 8.125, "reusita": 100.0, "cnt": 4}, "INFORMATICA MI C/C++": {"medie": 8.770833333333334, "reusita": 100.0, "cnt": 12}, "CHIMIE ORGANICA TEO NIVEL I/II": {"medie": 9.05, "reusita": 100.0, "cnt": 5}, "LIMBA MAGHIARA (UMAN)": {"medie": 8.203999999999999, "reusita": 100.0, "cnt": 25}}, "nume": "COLEGIUL NATIONAL \"SZEKELY MIKAL\" SFANTU GHEORGHE\tCovasna"}