{"specializari": {"TEHNICIAN OPERATOR PROCESARE TEXT IMAGINE": 22, "TEHNICIAN IN ACTIVITATI ECONOMICE": 10, "TEHNICIAN IN ACTIVITATI DE COMERT": 17, "TEHNICIAN IN TURISM": 3, "TEHNICIAN ANALIZE PRODUSE ALIMENTARE": 14, "TEHNICIAN VETERINAR": 18}, "limba_moderna": {"LIMBA ENGLEZA": 81, "LIMBA GERMANA MODERNA": 3}, "limba_materna": {"LIMBA MAGHIARA": 84}, "promotie_anterioara": {"DA": 28, "NU": 56}, "materii": {"LIMBA ROMANA": {"medie": 3.6556962025316464, "reusita": 32.142857142857146, "cnt": 84}, "MATEMATICA TEHN": {"medie": 5.658124999999997, "reusita": 76.19047619047619, "cnt": 84}, "BIOLOGIE VEGETALA SI ANIMALA": {"medie": 6.104545454545454, "reusita": 86.36363636363636, "cnt": 22}, "GENERAL": {"medie": 5.563461538461537, "reusita": 22.61904761904762, "cnt": 84}, "GEOGRAFIE": {"medie": 7.151851851851852, "reusita": 89.65517241379311, "cnt": 29}, "ANATOMIE SI FIZIOLOGIE UMANA, GENETICA SI ECOLOGIE UMANA": {"medie": 6.048275862068967, "reusita": 78.125, "cnt": 32}, "LIMBA MAGHIARA (REAL)": {"medie": 6.485897435897438, "reusita": 91.66666666666666, "cnt": 84}, "ECONOMIE": {"medie": 7.4, "reusita": 100.0, "cnt": 1}}, "nume": "COLEGIUL TEHNIC \"BATTHYANY IGNAC\" GHEORGHENI\tHarghita"}