{"specializari": {"TEHNICIAN ANALIZE PRODUSE ALIMENTARE": 49, "TEHNICIAN HORTICULTOR": 16, "TEHNICIAN PROIECTANT CAD": 16, "TEHNICIAN IN ACTIVITATI ECONOMICE": 26, "TEHNICIAN MECANIC PENTRU INTRETINERE SI REPARATII": 4, "TEHNICIAN IN INDUSTRIA ALIMENTARA": 2, "TEHNICIAN ECOLOG SI PROTECTIA CALITATII MEDIULUI": 22, "TEHNICIAN IN AGRICULTURA": 8}, "limba_moderna": {"LIMBA ENGLEZA": 118, "LIMBA FRANCEZA": 25}, "limba_materna": {"LIMBA ROMANA": 143}, "promotie_anterioara": {"DA": 32, "NU": 111}, "materii": {"LIMBA ROMANA": {"medie": 5.527857142857142, "reusita": 74.12587412587412, "cnt": 143}, "MATEMATICA TEHN": {"medie": 4.689051094890511, "reusita": 48.95104895104895, "cnt": 143}, "BIOLOGIE VEGETALA SI ANIMALA": {"medie": 4.226923076923078, "reusita": 35.714285714285715, "cnt": 14}, "GENERAL": {"medie": 5.33247549019608, "reusita": 31.46853146853147, "cnt": 143}, "GEOGRAFIE": {"medie": 7.090000000000001, "reusita": 100.0, "cnt": 5}, "ANATOMIE SI FIZIOLOGIE UMANA, GENETICA SI ECOLOGIE UMANA": {"medie": 5.566847826086957, "reusita": 75.53191489361703, "cnt": 94}, "CHIMIE ANORGANICA TEH NIVEL I/II": {"medie": 5.8375, "reusita": 75.0, "cnt": 8}, "CHIMIE ORGANICA TEH NIVEL I/II": {"medie": "-", "reusita": 0.0, "cnt": 1}, "LOGICA, ARGUMENTARE SI COMUNICARE": {"medie": 7.209523809523807, "reusita": 85.71428571428571, "cnt": 21}}, "nume": "COLEGIUL AGRICOL \"DIMITRIE CANTEMIR\", MUN. HUSI\tVaslui"}