{"specializari": {"MATEMATICA-INFORMATICA": 7, "TEHNICIAN DESIGNER VESTIMENTAR": 11, "TEHNICIAN PROIECTANT CAD": 1, "TEHNICIAN OPERATOR TEHNICA DE CALCUL": 1, "TEHNICIAN IN INDUSTRIA TEXTILA": 3, "STIINTE ALE NATURII": 12, "TEHNICIAN MULTIMEDIA": 3}, "limba_moderna": {"LIMBA FRANCEZA": 5, "LIMBA ENGLEZA": 33}, "limba_materna": {"LIMBA ROMANA": 38}, "promotie_anterioara": {"DA": 23, "NU": 15}, "materii": {"LIMBA ROMANA": {"medie": 5.743243243243243, "reusita": 81.57894736842105, "cnt": 38}, "MATEMATICA TEHN": {"medie": 4.121052631578947, "reusita": 47.368421052631575, "cnt": 19}, "BIOLOGIE VEGETALA SI ANIMALA": {"medie": 5.135, "reusita": 65.0, "cnt": 20}, "GENERAL": {"medie": 5.239814814814816, "reusita": 34.21052631578947, "cnt": 38}, "ANATOMIE SI FIZIOLOGIE UMANA, GENETICA SI ECOLOGIE UMANA": {"medie": 6.858333333333333, "reusita": 100.0, "cnt": 6}, "FIZICA TEH": {"medie": 5.533333333333334, "reusita": 50.0, "cnt": 4}, "MATEMATICA ST-NAT": {"medie": 4.675000000000001, "reusita": 66.66666666666666, "cnt": 12}, "MATEMATICA MATE-INFO": {"medie": 5.258333333333333, "reusita": 57.14285714285714, "cnt": 7}, "FIZICA TEO": {"medie": 7.449999999999999, "reusita": 100.0, "cnt": 2}, "CHIMIE ANORGANICA TEO NIVEL I/II": {"medie": 4.858333333333333, "reusita": 50.0, "cnt": 6}}, "nume": "COLEGIUL TEHNIC \"GHEORGHE ASACHI\"\tBucure\u0219ti"}