{"specializari": {"MATEMATICA-INFORMATICA": 18, "TEHNICIAN OPERATOR TEHNICA DE CALCUL": 1, "TEHNICIAN IN ACTIVITATI ECONOMICE": 24, "TEHNICIAN IN SILVICULTURA SI EXPLOATARI FORESTIERE": 1, "TEHNICIAN IN ACTIVITATI DE COMERT": 1, "TEHNICIAN ECOLOG SI PROTECTIA CALITATII MEDIULUI": 4}, "limba_moderna": {"LIMBA FRANCEZA": 1, "LIMBA ENGLEZA": 48}, "limba_materna": {"LIMBA ROMANA": 49}, "promotie_anterioara": {"DA": 14, "NU": 35}, "materii": {"LIMBA ROMANA": {"medie": 6.2693877551020405, "reusita": 85.71428571428571, "cnt": 49}, "MATEMATICA TEHN": {"medie": 4.322413793103449, "reusita": 41.935483870967744, "cnt": 31}, "BIOLOGIE VEGETALA SI ANIMALA": {"medie": 6.4, "reusita": 100.0, "cnt": 2}, "GENERAL": {"medie": 5.859929078014186, "reusita": 44.89795918367347, "cnt": 49}, "GEOGRAFIE": {"medie": 7.235999999999999, "reusita": 96.0, "cnt": 25}, "ANATOMIE SI FIZIOLOGIE UMANA, GENETICA SI ECOLOGIE UMANA": {"medie": 6.732352941176471, "reusita": 88.23529411764706, "cnt": 17}, "MATEMATICA MATE-INFO": {"medie": 4.5888888888888895, "reusita": 61.111111111111114, "cnt": 18}, "INFORMATICA MI C/C++": {"medie": 5.130000000000001, "reusita": 60.0, "cnt": 5}}, "nume": "COLEGIUL TEHNIC NR.1 VADU CRISULUI\tBihor"}