{"specializari": {"TEHNICIAN OPERATOR TEHNICA DE CALCUL": 3, "TEHNICIAN TRANSPORTURI": 21, "TEHNICIAN DESENATOR PENTRU CONSTRUCTII SI INSTALATII": 8, "TEHNICIAN IN ACTIVITATI ECONOMICE": 15, "TEHNICIAN IN CONSTRUCTII SI LUCRARI PUBLICE": 1, "TEHNICIAN IN TURISM": 27, "TEHNICIAN IN HOTELARIE": 20, "TEHNICIAN MECATRONIST": 4}, "limba_moderna": {"LIMBA ENGLEZA": 94, "LIMBA FRANCEZA": 5}, "limba_materna": {"LIMBA ROMANA": 99}, "promotie_anterioara": {"DA": 15, "NU": 84}, "materii": {"LIMBA ROMANA": {"medie": 5.771938775510205, "reusita": 83.83838383838383, "cnt": 99}, "MATEMATICA TEHN": {"medie": 4.815463917525775, "reusita": 52.52525252525253, "cnt": 99}, "BIOLOGIE VEGETALA SI ANIMALA": {"medie": 4.3882352941176475, "reusita": 48.57142857142857, "cnt": 35}, "GENERAL": {"medie": 5.503092783505153, "reusita": 31.313131313131315, "cnt": 99}, "GEOGRAFIE": {"medie": 6.919811320754716, "reusita": 90.74074074074075, "cnt": 54}, "FIZICA TEH": {"medie": 3.55, "reusita": 0.0, "cnt": 1}, "CHIMIE ANORGANICA TEH NIVEL I/II": {"medie": 2.8, "reusita": 0.0, "cnt": 1}, "PSIHOLOGIE": {"medie": 6.428571428571429, "reusita": 100.0, "cnt": 7}, "ECONOMIE": {"medie": 6.35, "reusita": 100.0, "cnt": 1}}, "nume": "COLEGIUL TEHNIC \"MIRON COSTIN\", MUNICIPIUL ROMAN\tNeam\u021b"}