{"specializari": {"STIINTE ALE NATURII": 50, "STIINTE SOCIALE": 54, "MATEMATICA-INFORMATICA": 42}, "limba_moderna": {"LIMBA ENGLEZA": 130, "LIMBA GERMANA MODERNA": 16}, "limba_materna": {"LIMBA MAGHIARA": 146}, "promotie_anterioara": {"DA": 2, "NU": 144}, "materii": {"LIMBA ROMANA": {"medie": 7.0770547945205475, "reusita": 95.2054794520548, "cnt": 146}, "GENERAL": {"medie": 7.775342465753428, "reusita": 90.41095890410958, "cnt": 146}, "GEOGRAFIE": {"medie": 8.626041666666667, "reusita": 100.0, "cnt": 48}, "ANATOMIE SI FIZIOLOGIE UMANA, GENETICA SI ECOLOGIE UMANA": {"medie": 7.325925925925926, "reusita": 98.14814814814815, "cnt": 54}, "LIMBA MAGHIARA (REAL)": {"medie": 8.175, "reusita": 100.0, "cnt": 92}, "MATEMATICA ST-NAT": {"medie": 6.951000000000002, "reusita": 94.0, "cnt": 50}, "MATEMATICA MATE-INFO": {"medie": 7.976190476190477, "reusita": 97.61904761904762, "cnt": 42}, "ISTORIE": {"medie": 8.961111111111112, "reusita": 100.0, "cnt": 54}, "LOGICA, ARGUMENTARE SI COMUNICARE": {"medie": 8.3, "reusita": 100.0, "cnt": 2}, "FIZICA TEO": {"medie": 8.13, "reusita": 100.0, "cnt": 5}, "INFORMATICA MI C/C++": {"medie": 9.1, "reusita": 100.0, "cnt": 1}, "CHIMIE ORGANICA TEO NIVEL I/II": {"medie": 9.075000000000001, "reusita": 100.0, "cnt": 6}, "FILOSOFIE": {"medie": 8.65, "reusita": 100.0, "cnt": 2}, "INFORMATICA MI PASCAL": {"medie": 8.571153846153846, "reusita": 100.0, "cnt": 26}, "LIMBA MAGHIARA (UMAN)": {"medie": 7.451851851851853, "reusita": 100.0, "cnt": 54}, "ECONOMIE": {"medie": 8.0, "reusita": 100.0, "cnt": 2}}, "nume": "COLEGIUL NATIONAL \"KOLCSEY FERENC\" SATU MARE\tSatu-Mare"}