{"specializari": {"MATEMATICA-INFORMATICA": 40, "FILOLOGIE": 33, "INVATATOR - EDUCATOARE": 57}, "limba_moderna": {"LIMBA ENGLEZA": 127, "LIMBA RUSA": 1, "LIMBA FRANCEZA": 2}, "limba_materna": {"LIMBA ROMANA": 130}, "promotie_anterioara": {"DA": 16, "NU": 114}, "materii": {"LIMBA ROMANA": {"medie": 7.729069767441862, "reusita": 97.6923076923077, "cnt": 130}, "BIOLOGIE VEGETALA SI ANIMALA": {"medie": 3.25, "reusita": 0.0, "cnt": 1}, "GENERAL": {"medie": 7.493669250645994, "reusita": 86.15384615384616, "cnt": 130}, "GEOGRAFIE": {"medie": 8.12258064516129, "reusita": 95.23809523809523, "cnt": 63}, "ANATOMIE SI FIZIOLOGIE UMANA, GENETICA SI ECOLOGIE UMANA": {"medie": 6.607575757575757, "reusita": 93.93939393939394, "cnt": 33}, "MATEMATICA PED": {"medie": 7.821428571428571, "reusita": 96.49122807017544, "cnt": 57}, "MATEMATICA MATE-INFO": {"medie": 6.092500000000001, "reusita": 77.5, "cnt": 40}, "ISTORIE": {"medie": 6.686363636363635, "reusita": 100.0, "cnt": 33}, "LOGICA, ARGUMENTARE SI COMUNICARE": {"medie": 8.55, "reusita": 100.0, "cnt": 20}, "FIZICA TEO": {"medie": 9.05, "reusita": 100.0, "cnt": 1}, "INFORMATICA MI C/C++": {"medie": 7.8, "reusita": 100.0, "cnt": 5}, "FILOSOFIE": {"medie": 6.85, "reusita": 100.0, "cnt": 1}, "PSIHOLOGIE": {"medie": 8.308333333333335, "reusita": 100.0, "cnt": 6}}, "nume": "COLEGIUL NATIONAL \"REGELE FERDINAND\" SIGHETU MARMATIEI\tMaramure\u0219"}