{"specializari": {"FILOLOGIE": 2, "TEHNICIAN IN SILVICULTURA SI EXPLOATARI FORESTIERE": 73, "TEHNICIAN ECOLOG SI PROTECTIA CALITATII MEDIULUI": 18, "TEHNICIAN IN TURISM": 20, "TEHNICIAN IN ACTIVITATI ECONOMICE": 32}, "limba_moderna": {"LIMBA ENGLEZA": 125, "LIMBA FRANCEZA": 20}, "limba_materna": {"LIMBA ROMANA": 145}, "promotie_anterioara": {"DA": 29, "NU": 116}, "materii": {"LIMBA ROMANA": {"medie": 6.604861111111109, "reusita": 86.20689655172413, "cnt": 145}, "MATEMATICA TEHN": {"medie": 5.443214285714286, "reusita": 67.83216783216784, "cnt": 143}, "BIOLOGIE VEGETALA SI ANIMALA": {"medie": "-", "reusita": 0.0, "cnt": 1}, "GENERAL": {"medie": 6.470357142857143, "reusita": 55.86206896551724, "cnt": 145}, "GEOGRAFIE": {"medie": 8.227083333333335, "reusita": 97.91666666666666, "cnt": 48}, "ANATOMIE SI FIZIOLOGIE UMANA, GENETICA SI ECOLOGIE UMANA": {"medie": 6.7506329113924055, "reusita": 88.75, "cnt": 80}, "FIZICA TEH": {"medie": 5.95, "reusita": 71.42857142857143, "cnt": 7}, "ISTORIE": {"medie": 5.0, "reusita": 100.0, "cnt": 2}, "CHIMIE ORGANICA TEH NIVEL I/II": {"medie": 7.45, "reusita": 100.0, "cnt": 3}, "PSIHOLOGIE": {"medie": 5.6, "reusita": 100.0, "cnt": 1}, "ECONOMIE": {"medie": 7.279999999999999, "reusita": 100.0, "cnt": 5}}, "nume": "COLEGIUL SILVIC \"BUCOVINA\" CAMPULUNG MOLDOVENESC\tSuceava"}