{"specializari": {"STIINTE SOCIALE": 6, "ORGANIZATOR BANQUETING": 1}, "limba_moderna": {"LIMBA FRANCEZA": 3, "LIMBA ENGLEZA": 4}, "limba_materna": {"LIMBA ROMANA": 7}, "promotie_anterioara": {"DA": 7}, "materii": {"LIMBA ROMANA": {"medie": 4.664285714285714, "reusita": 57.14285714285714, "cnt": 7}, "MATEMATICA TEHN": {"medie": 1.95, "reusita": 0.0, "cnt": 1}, "GENERAL": {"medie": 4.733333333333333, "reusita": 0.0, "cnt": 7}, "GEOGRAFIE": {"medie": 5.685714285714285, "reusita": 85.71428571428571, "cnt": 7}, "ISTORIE": {"medie": 4.57, "reusita": 33.33333333333333, "cnt": 6}}, "nume": "COLEGIUL \"AUREL VIJOLI\" FAGARAS\tBra\u0219ov"}