{"specializari": {"FILOLOGIE": 26, "INVATATOR - EDUCATOARE": 25, "STIINTE ALE NATURII": 31, "MATEMATICA-INFORMATICA": 61, "STIINTE SOCIALE": 29}, "limba_moderna": {"LIMBA FRANCEZA": 27, "LIMBA ENGLEZA": 145}, "limba_materna": {"LIMBA ROMANA": 172}, "promotie_anterioara": {"NU": 172}, "materii": {"LIMBA ROMANA": {"medie": 8.810465116279072, "reusita": 100.0, "cnt": 172}, "GENERAL": {"medie": 8.919573643410853, "reusita": 99.4186046511628, "cnt": 172}, "GEOGRAFIE": {"medie": 9.285, "reusita": 100.0, "cnt": 20}, "ANATOMIE SI FIZIOLOGIE UMANA, GENETICA SI ECOLOGIE UMANA": {"medie": 9.032142857142858, "reusita": 100.0, "cnt": 28}, "MATEMATICA PED": {"medie": 8.976, "reusita": 100.0, "cnt": 25}, "MATEMATICA ST-NAT": {"medie": 9.353225806451615, "reusita": 100.0, "cnt": 31}, "MATEMATICA MATE-INFO": {"medie": 9.190983606557374, "reusita": 100.0, "cnt": 61}, "ISTORIE": {"medie": 8.609090909090908, "reusita": 100.0, "cnt": 55}, "LOGICA, ARGUMENTARE SI COMUNICARE": {"medie": 8.55, "reusita": 100.0, "cnt": 45}, "SOCIOLOGIE": {"medie": 7.8, "reusita": 100.0, "cnt": 1}, "FIZICA TEO": {"medie": 8.913636363636364, "reusita": 100.0, "cnt": 22}, "INFORMATICA MI C/C++": {"medie": 9.03611111111111, "reusita": 100.0, "cnt": 18}, "CHIMIE ANORGANICA TEO NIVEL I/II": {"medie": 9.1, "reusita": 100.0, "cnt": 1}, "CHIMIE ORGANICA TEO NIVEL I/II": {"medie": 9.354347826086956, "reusita": 100.0, "cnt": 23}, "FILOSOFIE": {"medie": 8.95, "reusita": 100.0, "cnt": 2}, "PSIHOLOGIE": {"medie": 9.08125, "reusita": 100.0, "cnt": 8}, "ECONOMIE": {"medie": 8.475, "reusita": 100.0, "cnt": 4}}, "nume": "COLEGIUL NATIONAL \"COSTACHE NEGRI\", LOCALITATEA GALATI\tGala\u021bi"}