{"specializari": {"TEHNICIAN OPERATOR TEHNICA DE CALCUL": 62, "TEHNICIAN IN ACTIVITATI DE COMERT": 46, "TEHNICIAN DESIGNER VESTIMENTAR": 31, "TEHNICIAN ECOLOG SI PROTECTIA CALITATII MEDIULUI": 27, "TEHNICIAN PROIECTANT CAD": 1}, "limba_moderna": {"LIMBA ENGLEZA": 145, "LIMBA FRANCEZA": 22}, "limba_materna": {"LIMBA ROMANA": 167}, "promotie_anterioara": {"DA": 51, "NU": 116}, "materii": {"LIMBA ROMANA": {"medie": 6.294545454545456, "reusita": 89.22155688622755, "cnt": 167}, "MATEMATICA TEHN": {"medie": 4.858181818181821, "reusita": 62.27544910179641, "cnt": 167}, "BIOLOGIE VEGETALA SI ANIMALA": {"medie": 5.401595744680851, "reusita": 59.375, "cnt": 96}, "GENERAL": {"medie": 5.839130434782607, "reusita": 45.50898203592814, "cnt": 167}, "GEOGRAFIE": {"medie": 6.995, "reusita": 90.0, "cnt": 20}, "ANATOMIE SI FIZIOLOGIE UMANA, GENETICA SI ECOLOGIE UMANA": {"medie": 8.004999999999999, "reusita": 95.0, "cnt": 20}, "FIZICA TEH": {"medie": 4.0, "reusita": 0.0, "cnt": 1}, "CHIMIE ANORGANICA TEH NIVEL I/II": {"medie": 5.6875, "reusita": 100.0, "cnt": 4}, "LOGICA, ARGUMENTARE SI COMUNICARE": {"medie": 8.16304347826087, "reusita": 92.0, "cnt": 25}, "ECONOMIE": {"medie": 6.95, "reusita": 100.0, "cnt": 1}}, "nume": "COLEGIUL TEHNIC \"ARMAND CALINESCU\" PITESTI\tArge\u0219"}