{"specializari": {"TEHNICIAN IN AUTOMATIZARI": 1, "TEHNICIAN ELECTRICIAN/ELECTRONIST AUTO": 13, "TEHNICIAN TRANSPORTURI": 8, "TEHNICIAN OPERATOR TEHNICA DE CALCUL": 9, "TEHNICIAN DE TELECOMUNICATII": 1}, "limba_moderna": {"LIMBA ENGLEZA": 30, "LIMBA FRANCEZA": 2}, "limba_materna": {"LIMBA ROMANA": 31, "LIMBA MAGHIARA": 1}, "promotie_anterioara": {"DA": 12, "NU": 20}, "materii": {"LIMBA ROMANA": {"medie": 5.853225806451613, "reusita": 84.375, "cnt": 32}, "MATEMATICA TEHN": {"medie": 5.275862068965516, "reusita": 65.625, "cnt": 32}, "BIOLOGIE VEGETALA SI ANIMALA": {"medie": 6.6230769230769235, "reusita": 82.75862068965517, "cnt": 29}, "GENERAL": {"medie": 6.0179012345679, "reusita": 43.75, "cnt": 32}, "LIMBA MAGHIARA (REAL)": {"medie": "-", "reusita": 0.0, "cnt": 1}, "FIZICA TEH": {"medie": 6.074999999999999, "reusita": 66.66666666666666, "cnt": 3}}, "nume": "COLEGIUL TEHNIC DE TRANSPORTURI \"TRANSILVANIA\" CLUJ-NAPOCA\tCluj"}