{"specializari": {"TEHNICIAN IN ACTIVITATI DE COMERT": 61, "TEHNICIAN IN GASTRONOMIE": 33, "TEHNICIAN IN TURISM": 47, "TEHNICIAN IN ACTIVITATI ECONOMICE": 65, "TEHNICIAN IN ADMINISTRATIE": 30}, "limba_moderna": {"LIMBA ENGLEZA": 228, "LIMBA FRANCEZA": 8}, "limba_materna": {"LIMBA ROMANA": 236}, "promotie_anterioara": {"DA": 20, "NU": 216}, "materii": {"LIMBA ROMANA": {"medie": 7.142489270386266, "reusita": 96.61016949152543, "cnt": 236}, "MATEMATICA TEHN": {"medie": 6.4529787234042475, "reusita": 87.28813559322035, "cnt": 236}, "GENERAL": {"medie": 7.250933908045977, "reusita": 83.47457627118644, "cnt": 236}, "GEOGRAFIE": {"medie": 8.120529801324503, "reusita": 96.68874172185431, "cnt": 151}, "LOGICA, ARGUMENTARE SI COMUNICARE": {"medie": 8.001333333333335, "reusita": 98.66666666666667, "cnt": 75}, "PSIHOLOGIE": {"medie": 6.805555555555555, "reusita": 88.88888888888889, "cnt": 9}, "ECONOMIE": {"medie": 7.2, "reusita": 100.0, "cnt": 1}}, "nume": "COLEGIUL COMERCIAL \"CAROL I\" CONSTANTA\tConstan\u021ba"}