{"specializari": {"ORGANIZATOR BANQUETING": 15, "TEHNICIAN IN INDUSTRIA TEXTILA": 10, "TEHNICIAN DESIGNER VESTIMENTAR": 4, "TEHNICIAN IN GASTRONOMIE": 21, "TEHNICIAN IN TURISM": 2, "TEHNICIAN IN HOTELARIE": 6}, "limba_moderna": {"LIMBA ENGLEZA": 36, "LIMBA FRANCEZA": 22}, "limba_materna": {"LIMBA ROMANA": 58}, "promotie_anterioara": {"DA": 20, "NU": 38}, "materii": {"LIMBA ROMANA": {"medie": 5.56875, "reusita": 75.86206896551724, "cnt": 58}, "MATEMATICA TEHN": {"medie": 3.1278846153846156, "reusita": 25.862068965517242, "cnt": 58}, "BIOLOGIE VEGETALA SI ANIMALA": {"medie": 4.694444444444445, "reusita": 44.44444444444444, "cnt": 9}, "GENERAL": {"medie": 4.726870748299319, "reusita": 15.517241379310345, "cnt": 58}, "GEOGRAFIE": {"medie": 5.8085365853658555, "reusita": 70.45454545454545, "cnt": 44}, "FIZICA TEH": {"medie": 4.016666666666667, "reusita": 25.0, "cnt": 4}, "CHIMIE ANORGANICA TEH NIVEL I/II": {"medie": 4.4, "reusita": 0.0, "cnt": 1}}, "nume": "COLEGIUL TEHNIC \"GHEORGHE ASACHI\" FOCSANI\tVrancea"}