{"specializari": {"TEHNICIAN IN INSTALATII ELECTRICE": 17, "MATEMATICA-INFORMATICA": 51, "TEHNICIAN ELECTROTEHNIST": 1, "TEHNICIAN IN AUTOMATIZARI": 20, "TEHNICIAN DE TELECOMUNICATII": 25, "TEHNICIAN TRANSPORTURI": 10, "TEHNICIAN ELECTROMECANIC": 1, "TEHNICIAN IN ACTIVITATI ECONOMICE": 57}, "limba_moderna": {"LIMBA ENGLEZA": 176, "LIMBA GERMANA MODERNA": 1, "LIMBA FRANCEZA": 3, "LIMBA ITALIANA": 2}, "limba_materna": {"LIMBA ROMANA": 182}, "promotie_anterioara": {"DA": 27, "NU": 155}, "materii": {"LIMBA ROMANA": {"medie": 6.7774725274725265, "reusita": 92.3076923076923, "cnt": 182}, "MATEMATICA TEHN": {"medie": 6.235877862595423, "reusita": 86.25954198473282, "cnt": 131}, "BIOLOGIE VEGETALA SI ANIMALA": {"medie": 5.7721590909090885, "reusita": 70.45454545454545, "cnt": 88}, "GENERAL": {"medie": 6.757326007326002, "reusita": 66.48351648351648, "cnt": 182}, "GEOGRAFIE": {"medie": 8.058181818181817, "reusita": 100.0, "cnt": 55}, "ANATOMIE SI FIZIOLOGIE UMANA, GENETICA SI ECOLOGIE UMANA": {"medie": 7.980000000000001, "reusita": 100.0, "cnt": 5}, "FIZICA TEH": {"medie": 7.45, "reusita": 100.0, "cnt": 2}, "MATEMATICA MATE-INFO": {"medie": 7.202941176470587, "reusita": 92.15686274509804, "cnt": 51}, "CHIMIE ANORGANICA TEH NIVEL I/II": {"medie": 8.05, "reusita": 100.0, "cnt": 1}, "LOGICA, ARGUMENTARE SI COMUNICARE": {"medie": 9.55, "reusita": 100.0, "cnt": 2}, "INFORMATICA MI C/C++": {"medie": 8.229310344827587, "reusita": 100.0, "cnt": 29}}, "nume": "COLEGIUL TEHNIC \"INFOEL\" BISTRITA\tBistri\u021ba-N\u0103s\u0103ud"}