{"specializari": {"MATEMATICA-INFORMATICA": 87, "STIINTE SOCIALE": 34, "STIINTE ALE NATURII": 29, "FILOLOGIE": 63}, "limba_moderna": {"LIMBA ENGLEZA": 207, "LIMBA SPANIOLA": 2, "LIMBA FRANCEZA": 4}, "limba_materna": {"LIMBA ROMANA": 213}, "promotie_anterioara": {"DA": 7, "NU": 206}, "materii": {"LIMBA ROMANA": {"medie": 8.298122065727696, "reusita": 99.53051643192488, "cnt": 213}, "BIOLOGIE VEGETALA SI ANIMALA": {"medie": 7.95, "reusita": 100.0, "cnt": 1}, "GENERAL": {"medie": 8.372222222222224, "reusita": 97.1830985915493, "cnt": 213}, "GEOGRAFIE": {"medie": 8.326744186046513, "reusita": 100.0, "cnt": 43}, "ANATOMIE SI FIZIOLOGIE UMANA, GENETICA SI ECOLOGIE UMANA": {"medie": 8.025555555555556, "reusita": 95.55555555555556, "cnt": 45}, "MATEMATICA ST-NAT": {"medie": 7.581034482758621, "reusita": 96.55172413793103, "cnt": 29}, "MATEMATICA MATE-INFO": {"medie": 8.510344827586207, "reusita": 98.85057471264368, "cnt": 87}, "ISTORIE": {"medie": 8.129896907216496, "reusita": 98.96907216494846, "cnt": 97}, "LOGICA, ARGUMENTARE SI COMUNICARE": {"medie": 8.830555555555556, "reusita": 100.0, "cnt": 54}, "FIZICA TEO": {"medie": 9.31527777777778, "reusita": 100.0, "cnt": 36}, "INFORMATICA MI C/C++": {"medie": 8.911111111111111, "reusita": 100.0, "cnt": 9}, "CHIMIE ANORGANICA TEO NIVEL I/II": {"medie": 8.649999999999999, "reusita": 100.0, "cnt": 2}, "CHIMIE ORGANICA TEO NIVEL I/II": {"medie": 8.550000000000002, "reusita": 100.0, "cnt": 23}}, "nume": "COLEGIUL NATIONAL \"GHEORGHE TITEICA\"\tMehedin\u021bi"}