{"specializari": {"MUZICA": 59, "ARTA ACTORULUI": 33}, "limba_moderna": {"LIMBA ENGLEZA": 92}, "limba_materna": {"LIMBA ROMANA": 92}, "promotie_anterioara": {"DA": 7, "NU": 85}, "materii": {"LIMBA ROMANA": {"medie": 7.208522727272728, "reusita": 89.13043478260869, "cnt": 92}, "GENERAL": {"medie": 7.395265151515151, "reusita": 77.17391304347827, "cnt": 92}, "GEOGRAFIE": {"medie": 8.2, "reusita": 93.10344827586206, "cnt": 58}, "ISTORIE": {"medie": 6.953409090909088, "reusita": 88.04347826086956, "cnt": 92}, "LOGICA, ARGUMENTARE SI COMUNICARE": {"medie": 7.681250000000001, "reusita": 81.81818181818183, "cnt": 33}, "PSIHOLOGIE": {"medie": 9.3, "reusita": 100.0, "cnt": 1}}, "nume": "COLEGIUL NATIONAL DE ARTE \"DINU LIPATTI\"\tBucure\u0219ti"}