{"specializari": {"TEHNICIAN IN ACTIVITATI DE COMERT": 54, "TEHNICIAN IN ACTIVITATI ECONOMICE": 113, "TEHNICIAN IN ADMINISTRATIE": 22, "TEHNICIAN IN GASTRONOMIE": 2, "TEHNICIAN IN TURISM": 18}, "limba_moderna": {"LIMBA FRANCEZA": 28, "LIMBA ENGLEZA": 181}, "limba_materna": {"LIMBA ROMANA": 209}, "promotie_anterioara": {"DA": 18, "NU": 191}, "materii": {"LIMBA ROMANA": {"medie": 7.303588516746411, "reusita": 100.0, "cnt": 209}, "MATEMATICA TEHN": {"medie": 6.602153110047843, "reusita": 95.21531100478468, "cnt": 209}, "GENERAL": {"medie": 7.324396135265697, "reusita": 86.60287081339713, "cnt": 209}, "GEOGRAFIE": {"medie": 8.094838709677418, "reusita": 98.72611464968153, "cnt": 157}, "LOGICA, ARGUMENTARE SI COMUNICARE": {"medie": 7.925555555555556, "reusita": 93.33333333333333, "cnt": 45}, "PSIHOLOGIE": {"medie": 7.683333333333333, "reusita": 100.0, "cnt": 6}, "ECONOMIE": {"medie": 5.85, "reusita": 100.0, "cnt": 1}}, "nume": "COLEGIUL ECONOMIC MUNICIPIUL BUZAU\tBuz\u0103u"}