{"specializari": {"TEHNICIAN DESIGNER VESTIMENTAR": 46, "TEHNICIAN IN INDUSTRIA TEXTILA": 26, "COAFOR STILIST": 26, "TEHNICIAN IN TURISM": 29}, "limba_moderna": {"LIMBA ENGLEZA": 117, "LIMBA GERMANA MODERNA": 4, "LIMBA FRANCEZA": 6}, "limba_materna": {"LIMBA ROMANA": 127}, "promotie_anterioara": {"DA": 16, "NU": 111}, "materii": {"LIMBA ROMANA": {"medie": 5.7963999999999976, "reusita": 82.67716535433071, "cnt": 127}, "MATEMATICA TEHN": {"medie": 4.7496, "reusita": 60.629921259842526, "cnt": 127}, "BIOLOGIE VEGETALA SI ANIMALA": {"medie": 5.211666666666667, "reusita": 60.317460317460316, "cnt": 63}, "GENERAL": {"medie": 5.630758807588078, "reusita": 40.15748031496063, "cnt": 127}, "GEOGRAFIE": {"medie": 7.42051282051282, "reusita": 89.74358974358975, "cnt": 39}, "ANATOMIE SI FIZIOLOGIE UMANA, GENETICA SI ECOLOGIE UMANA": {"medie": 2.6, "reusita": 0.0, "cnt": 1}, "FIZICA TEH": {"medie": 7.1, "reusita": 100.0, "cnt": 1}, "CHIMIE ANORGANICA TEH NIVEL I/II": {"medie": 8.383333333333335, "reusita": 100.0, "cnt": 6}, "CHIMIE ORGANICA TEH NIVEL I/II": {"medie": 7.9, "reusita": 100.0, "cnt": 1}, "LOGICA, ARGUMENTARE SI COMUNICARE": {"medie": 6.653124999999999, "reusita": 75.0, "cnt": 16}}, "nume": "COLEGIUL TEHNIC \"CIBINIUM\" SIBIU\tSibiu"}