{"specializari": {"TEHNICIAN IN ACTIVITATI ECONOMICE": 110, "TEHNICIAN AGRONOM": 19, "TEHNICIAN ECOLOG SI PROTECTIA CALITATII MEDIULUI": 51, "TEHNICIAN HORTICULTOR": 27, "TEHNICIAN ANALIZE PRODUSE ALIMENTARE": 21, "TEHNICIAN VETERINAR": 33}, "limba_moderna": {"LIMBA ENGLEZA": 251, "LIMBA FRANCEZA": 10}, "limba_materna": {"LIMBA ROMANA": 261}, "promotie_anterioara": {"DA": 54, "NU": 207}, "materii": {"LIMBA ROMANA": {"medie": 6.365564202334634, "reusita": 91.95402298850574, "cnt": 261}, "MATEMATICA TEHN": {"medie": 4.954563492063494, "reusita": 59.00383141762452, "cnt": 261}, "BIOLOGIE VEGETALA SI ANIMALA": {"medie": 6.183333333333333, "reusita": 88.88888888888889, "cnt": 9}, "GENERAL": {"medie": 6.085742971887545, "reusita": 44.44444444444444, "cnt": 261}, "GEOGRAFIE": {"medie": 8.533944954128438, "reusita": 99.0909090909091, "cnt": 110}, "ANATOMIE SI FIZIOLOGIE UMANA, GENETICA SI ECOLOGIE UMANA": {"medie": 5.585447761194034, "reusita": 70.71428571428572, "cnt": 140}, "CHIMIE ORGANICA TEH NIVEL I/II": {"medie": 5.1, "reusita": 100.0, "cnt": 2}}, "nume": "COLEGIUL NATIONAL DE AGRICULTURA SI ECONOMIE, LOCALITATEA TECUCI\tGala\u021bi"}