{"specializari": {"TEHNICIAN IN ACHIZITII SI CONTRACTARI": 1, "TEHNICIAN ANALIZE PRODUSE ALIMENTARE": 22, "TEHNICIAN ECOLOG SI PROTECTIA CALITATII MEDIULUI": 14, "ORGANIZATOR BANQUETING": 25, "TEHNICIAN IN AGRICULTURA ECOLOGICA": 10, "TEHNICIAN HORTICULTOR": 8}, "limba_moderna": {"LIMBA ENGLEZA": 75, "LIMBA FRANCEZA": 5}, "limba_materna": {"LIMBA ROMANA": 80}, "promotie_anterioara": {"DA": 8, "NU": 72}, "materii": {"LIMBA ROMANA": {"medie": 6.729870129870132, "reusita": 92.5, "cnt": 80}, "MATEMATICA TEHN": {"medie": 4.851973684210527, "reusita": 56.25, "cnt": 80}, "GENERAL": {"medie": 5.757333333333332, "reusita": 32.5, "cnt": 80}, "GEOGRAFIE": {"medie": 6.426923076923078, "reusita": 92.3076923076923, "cnt": 26}, "ANATOMIE SI FIZIOLOGIE UMANA, GENETICA SI ECOLOGIE UMANA": {"medie": 5.333000000000002, "reusita": 60.37735849056604, "cnt": 53}, "CHIMIE ANORGANICA TEH NIVEL I/II": {"medie": 5.2, "reusita": 100.0, "cnt": 1}}, "nume": "COLEGIUL AGRICOL SI DE INDUSTRIE ALIMENTARA \"VASILE ADAMACHI\", IASI\tIa\u0219i"}