{"specializari": {"TEHNICIAN OPERATOR TEHNICA DE CALCUL": 25, "TEHNICIAN ANALIZE PRODUSE ALIMENTARE": 53, "TEHNICIAN ECOLOG SI PROTECTIA CALITATII MEDIULUI": 50, "TEHNICIAN CHIMIST DE LABORATOR": 26, "TEHNICIAN DESIGNER VESTIMENTAR": 15, "TEHNICIAN DE TELECOMUNICATII": 23, "TEHNICIAN MECATRONIST": 5, "TEHNICIAN IN INDUSTRIA ALIMENTARA": 20, "STIINTE SOCIALE": 21, "TEHNICIAN DESENATOR PENTRU CONSTRUCTII SI INSTALATII": 5}, "limba_moderna": {"LIMBA ENGLEZA": 222, "LIMBA FRANCEZA": 21}, "limba_materna": {"LIMBA ROMANA": 243}, "promotie_anterioara": {"DA": 43, "NU": 200}, "materii": {"LIMBA ROMANA": {"medie": 5.707416267942584, "reusita": 69.54732510288066, "cnt": 243}, "MATEMATICA TEHN": {"medie": 4.341032608695653, "reusita": 42.792792792792795, "cnt": 222}, "BIOLOGIE VEGETALA SI ANIMALA": {"medie": 4.142741935483872, "reusita": 28.39506172839506, "cnt": 81}, "GENERAL": {"medie": 5.19342105263158, "reusita": 23.045267489711936, "cnt": 243}, "GEOGRAFIE": {"medie": 3.025, "reusita": 0.0, "cnt": 3}, "ANATOMIE SI FIZIOLOGIE UMANA, GENETICA SI ECOLOGIE UMANA": {"medie": 5.962365591397849, "reusita": 61.94690265486725, "cnt": 113}, "FIZICA TEH": {"medie": 5.818421052631578, "reusita": 80.0, "cnt": 20}, "ISTORIE": {"medie": 5.011111111111111, "reusita": 61.904761904761905, "cnt": 21}, "CHIMIE ANORGANICA TEH NIVEL I/II": {"medie": 6.683333333333333, "reusita": 50.0, "cnt": 4}, "CHIMIE ORGANICA TEH NIVEL I/II": {"medie": 6.6875, "reusita": 75.0, "cnt": 4}, "LOGICA, ARGUMENTARE SI COMUNICARE": {"medie": 5.263636363636364, "reusita": 38.46153846153847, "cnt": 13}, "PSIHOLOGIE": {"medie": 6.660000000000001, "reusita": 100.0, "cnt": 5}}, "nume": "COLEGIUL TEHNIC \"GHEORGHE CARTIANU\", MUNICIPIUL PIATRA-NEAMT\tNeam\u021b"}