{"specializari": {"MATEMATICA-INFORMATICA": 128, "STIINTE ALE NATURII": 47, "FILOLOGIE": 81, "STIINTE SOCIALE": 35}, "limba_moderna": {"LIMBA FRANCEZA": 24, "LIMBA ENGLEZA": 264, "LIMBA GERMANA MODERNA": 3}, "limba_materna": {"LIMBA ROMANA": 291}, "promotie_anterioara": {"DA": 5, "NU": 286}, "materii": {"LIMBA ROMANA": {"medie": 8.530756013745702, "reusita": 100.0, "cnt": 291}, "BIOLOGIE VEGETALA SI ANIMALA": {"medie": 8.177777777777779, "reusita": 100.0, "cnt": 9}, "GENERAL": {"medie": 8.506815578465059, "reusita": 95.1890034364261, "cnt": 291}, "GEOGRAFIE": {"medie": 8.805769230769231, "reusita": 98.07692307692307, "cnt": 52}, "ANATOMIE SI FIZIOLOGIE UMANA, GENETICA SI ECOLOGIE UMANA": {"medie": 8.107638888888888, "reusita": 95.83333333333334, "cnt": 72}, "MATEMATICA ST-NAT": {"medie": 7.911702127659571, "reusita": 97.87234042553192, "cnt": 47}, "MATEMATICA MATE-INFO": {"medie": 8.806250000000002, "reusita": 96.875, "cnt": 128}, "ISTORIE": {"medie": 8.126724137931033, "reusita": 100.0, "cnt": 116}, "LOGICA, ARGUMENTARE SI COMUNICARE": {"medie": 8.506481481481485, "reusita": 98.14814814814815, "cnt": 54}, "SOCIOLOGIE": {"medie": 7.2, "reusita": 100.0, "cnt": 1}, "FIZICA TEO": {"medie": 8.90731707317073, "reusita": 100.0, "cnt": 82}, "INFORMATICA MI C/C++": {"medie": 9.095, "reusita": 100.0, "cnt": 10}, "CHIMIE ORGANICA TEO NIVEL I/II": {"medie": 8.475, "reusita": 100.0, "cnt": 2}, "PSIHOLOGIE": {"medie": 9.066666666666666, "reusita": 100.0, "cnt": 6}, "ECONOMIE": {"medie": 9.25, "reusita": 100.0, "cnt": 3}}, "nume": "COLEGIUL NATIONAL \"ION MINULESCU\" SLATINA\tOlt"}