{"specializari": {"FILOLOGIE": 117, "MATEMATICA-INFORMATICA": 86}, "limba_moderna": {"LIMBA FRANCEZA": 58, "LIMBA ENGLEZA": 145}, "limba_materna": {"LIMBA ROMANA": 203}, "promotie_anterioara": {"NU": 203}, "materii": {"LIMBA ROMANA": {"medie": 7.878325123152704, "reusita": 99.50738916256158, "cnt": 203}, "GENERAL": {"medie": 8.152216748768476, "reusita": 97.04433497536947, "cnt": 203}, "GEOGRAFIE": {"medie": 8.611363636363636, "reusita": 100.0, "cnt": 22}, "ANATOMIE SI FIZIOLOGIE UMANA, GENETICA SI ECOLOGIE UMANA": {"medie": 8.460714285714285, "reusita": 100.0, "cnt": 28}, "MATEMATICA MATE-INFO": {"medie": 8.279069767441863, "reusita": 100.0, "cnt": 86}, "ISTORIE": {"medie": 8.029914529914535, "reusita": 100.0, "cnt": 117}, "LOGICA, ARGUMENTARE SI COMUNICARE": {"medie": 8.572619047619048, "reusita": 97.61904761904762, "cnt": 42}, "SOCIOLOGIE": {"medie": 8.008333333333333, "reusita": 100.0, "cnt": 18}, "FIZICA TEO": {"medie": 8.571428571428571, "reusita": 100.0, "cnt": 35}, "INFORMATICA MI C/C++": {"medie": 7.8619047619047615, "reusita": 95.23809523809523, "cnt": 21}, "CHIMIE ORGANICA TEO NIVEL I/II": {"medie": 7.6, "reusita": 100.0, "cnt": 2}, "FILOSOFIE": {"medie": 8.27, "reusita": 90.0, "cnt": 10}, "PSIHOLOGIE": {"medie": 9.190000000000001, "reusita": 100.0, "cnt": 5}, "ECONOMIE": {"medie": 8.72, "reusita": 100.0, "cnt": 20}}, "nume": "COLEGIUL NATIONAL \"SCOALA CENTRALA\"\tBucure\u0219ti"}