{"specializari": {"MATEMATICA-INFORMATICA": 25, "FILOLOGIE": 58, "STIINTE SOCIALE": 31, "STIINTE ALE NATURII": 83}, "limba_moderna": {"LIMBA ENGLEZA": 177, "LIMBA FRANCEZA": 17, "LIMBA RUSA": 3}, "limba_materna": {"LIMBA ROMANA": 197}, "promotie_anterioara": {"DA": 10, "NU": 187}, "materii": {"LIMBA ROMANA": {"medie": 8.054822335025378, "reusita": 99.49238578680203, "cnt": 197}, "GENERAL": {"medie": 8.068189509306261, "reusita": 93.4010152284264, "cnt": 197}, "GEOGRAFIE": {"medie": 8.523387096774194, "reusita": 100.0, "cnt": 62}, "ANATOMIE SI FIZIOLOGIE UMANA, GENETICA SI ECOLOGIE UMANA": {"medie": 8.27272727272727, "reusita": 98.7012987012987, "cnt": 77}, "MATEMATICA ST-NAT": {"medie": 7.794578313253012, "reusita": 95.18072289156626, "cnt": 83}, "MATEMATICA MATE-INFO": {"medie": 8.376, "reusita": 100.0, "cnt": 25}, "ISTORIE": {"medie": 7.303370786516856, "reusita": 94.3820224719101, "cnt": 89}, "LOGICA, ARGUMENTARE SI COMUNICARE": {"medie": 8.849999999999998, "reusita": 100.0, "cnt": 21}, "SOCIOLOGIE": {"medie": 6.5, "reusita": 100.0, "cnt": 1}, "FIZICA TEO": {"medie": 8.7, "reusita": 100.0, "cnt": 1}, "INFORMATICA MI C/C++": {"medie": 8.892105263157895, "reusita": 100.0, "cnt": 19}, "CHIMIE ANORGANICA TEO NIVEL I/II": {"medie": 5.925, "reusita": 100.0, "cnt": 2}, "CHIMIE ORGANICA TEO NIVEL I/II": {"medie": 9.435714285714285, "reusita": 100.0, "cnt": 7}, "FILOSOFIE": {"medie": 7.949999999999999, "reusita": 100.0, "cnt": 2}, "PSIHOLOGIE": {"medie": 8.6, "reusita": 100.0, "cnt": 2}, "INFORMATICA SN C/C++": {"medie": 9.7, "reusita": 100.0, "cnt": 2}, "ECONOMIE": {"medie": 9.3, "reusita": 100.0, "cnt": 1}}, "nume": "COLEGIUL NATIONAL \"MIHAIL SADOVEANU\", PASCANI\tIa\u0219i"}