{"specializari": {"TEHNICIAN IN ACTIVITATI ECONOMICE": 55, "MATEMATICA-INFORMATICA": 46, "TEHNICIAN DESENATOR PENTRU CONSTRUCTII SI INSTALATII": 21, "TEHNICIAN TRANSPORTURI": 11, "TEHNICIAN MECATRONIST": 33, "STIINTE ALE NATURII": 28, "TEHNICIAN IN INSTALATII ELECTRICE": 2, "TEHNICIAN IN INDUSTRIA TEXTILA": 4, "FILOLOGIE": 27, "STIINTE SOCIALE": 30}, "limba_moderna": {"LIMBA FRANCEZA": 17, "LIMBA ENGLEZA": 233, "LIMBA GERMANA MODERNA": 7}, "limba_materna": {"LIMBA ROMANA": 257}, "promotie_anterioara": {"DA": 35, "NU": 222}, "materii": {"LIMBA ROMANA": {"medie": 6.911904761904761, "reusita": 93.3852140077821, "cnt": 257}, "MATEMATICA TEHN": {"medie": 5.442499999999998, "reusita": 66.66666666666666, "cnt": 126}, "BIOLOGIE VEGETALA SI ANIMALA": {"medie": 5.478461538461539, "reusita": 63.76811594202898, "cnt": 69}, "GENERAL": {"medie": 6.977309236947789, "reusita": 70.8171206225681, "cnt": 257}, "GEOGRAFIE": {"medie": 8.314285714285713, "reusita": 100.0, "cnt": 28}, "ANATOMIE SI FIZIOLOGIE UMANA, GENETICA SI ECOLOGIE UMANA": {"medie": 8.263207547169811, "reusita": 100.0, "cnt": 53}, "FIZICA TEH": {"medie": 7.4, "reusita": 100.0, "cnt": 2}, "MATEMATICA ST-NAT": {"medie": 6.5874999999999995, "reusita": 89.28571428571429, "cnt": 28}, "MATEMATICA MATE-INFO": {"medie": 7.31195652173913, "reusita": 95.65217391304348, "cnt": 46}, "ISTORIE": {"medie": 7.301754385964913, "reusita": 98.24561403508771, "cnt": 57}, "LOGICA, ARGUMENTARE SI COMUNICARE": {"medie": 8.678313253012046, "reusita": 98.80952380952381, "cnt": 84}, "INFORMATICA MI C/C++": {"medie": 7.733333333333333, "reusita": 95.23809523809523, "cnt": 21}}, "nume": "COLEGIUL TEHNIC RADAUTI\tSuceava"}