{"specializari": {"MATEMATICA-INFORMATICA": 53, "STIINTE ALE NATURII": 56, "STIINTE SOCIALE": 33, "FILOLOGIE": 31}, "limba_moderna": {"LIMBA ENGLEZA": 168, "LIMBA FRANCEZA": 5}, "limba_materna": {"LIMBA ROMANA": 173}, "promotie_anterioara": {"DA": 3, "NU": 170}, "materii": {"LIMBA ROMANA": {"medie": 8.371345029239771, "reusita": 98.26589595375722, "cnt": 173}, "BIOLOGIE VEGETALA SI ANIMALA": {"medie": 8.700000000000001, "reusita": 100.0, "cnt": 3}, "GENERAL": {"medie": 8.445516569200784, "reusita": 94.79768786127167, "cnt": 173}, "GEOGRAFIE": {"medie": 8.919148936170213, "reusita": 100.0, "cnt": 47}, "ANATOMIE SI FIZIOLOGIE UMANA, GENETICA SI ECOLOGIE UMANA": {"medie": 8.215384615384613, "reusita": 97.43589743589743, "cnt": 39}, "MATEMATICA ST-NAT": {"medie": 8.548148148148147, "reusita": 94.64285714285714, "cnt": 56}, "MATEMATICA MATE-INFO": {"medie": 8.662264150943392, "reusita": 100.0, "cnt": 53}, "ISTORIE": {"medie": 7.584375, "reusita": 96.875, "cnt": 64}, "LOGICA, ARGUMENTARE SI COMUNICARE": {"medie": 8.736666666666666, "reusita": 100.0, "cnt": 15}, "FIZICA TEO": {"medie": 9.002272727272727, "reusita": 95.65217391304348, "cnt": 23}, "INFORMATICA MI C/C++": {"medie": 8.423809523809526, "reusita": 100.0, "cnt": 21}, "CHIMIE ORGANICA TEO NIVEL I/II": {"medie": 9.372499999999999, "reusita": 100.0, "cnt": 20}, "PSIHOLOGIE": {"medie": 8.475, "reusita": 100.0, "cnt": 2}, "INFORMATICA SN C/C++": {"medie": 9.425, "reusita": 66.66666666666666, "cnt": 3}}, "nume": "COLEGIUL NATIONAL \"GRIGORE MOISIL\" ONESTI\tBac\u0103u"}