{"specializari": {"INVATATOR - EDUCATOARE": 77, "FILOLOGIE": 56}, "limba_moderna": {"LIMBA ENGLEZA": 132, "LIMBA SPANIOLA": 1}, "limba_materna": {"LIMBA ROMANA": 80, "LIMBA GERMANA": 53}, "promotie_anterioara": {"NU": 133}, "materii": {"LIMBA ROMANA": {"medie": 7.876315789473684, "reusita": 98.49624060150376, "cnt": 133}, "GENERAL": {"medie": 8.026566416040101, "reusita": 96.2406015037594, "cnt": 133}, "GEOGRAFIE": {"medie": 8.027083333333332, "reusita": 100.0, "cnt": 24}, "MATEMATICA PED": {"medie": 7.7883116883116905, "reusita": 100.0, "cnt": 77}, "ISTORIE": {"medie": 8.421428571428569, "reusita": 100.0, "cnt": 56}, "LOGICA, ARGUMENTARE SI COMUNICARE": {"medie": 8.570297029702973, "reusita": 99.00990099009901, "cnt": 101}, "SOCIOLOGIE": {"medie": 8.633333333333333, "reusita": 100.0, "cnt": 3}, "FILOSOFIE": {"medie": 8.65, "reusita": 100.0, "cnt": 2}, "PSIHOLOGIE": {"medie": 9.25, "reusita": 100.0, "cnt": 3}, "LIMBA GERMANA": {"medie": 6.692452830188679, "reusita": 100.0, "cnt": 53}}, "nume": "COLEGIUL NATIONAL PEDAGOGIC \"ANDREI SAGUNA\" SIBIU\tSibiu"}