{"specializari": {"STIINTE ALE NATURII": 62, "STIINTE SOCIALE": 37, "MATEMATICA-INFORMATICA": 33, "FILOLOGIE": 37}, "limba_moderna": {"LIMBA ENGLEZA": 115, "LIMBA FRANCEZA": 54}, "limba_materna": {"LIMBA ROMANA": 169}, "promotie_anterioara": {"DA": 5, "NU": 164}, "materii": {"LIMBA ROMANA": {"medie": 7.485798816568045, "reusita": 95.26627218934911, "cnt": 169}, "BIOLOGIE VEGETALA SI ANIMALA": {"medie": 6.05, "reusita": 100.0, "cnt": 1}, "GENERAL": {"medie": 7.624950690335308, "reusita": 85.20710059171599, "cnt": 169}, "GEOGRAFIE": {"medie": 8.1443661971831, "reusita": 98.59154929577466, "cnt": 71}, "ANATOMIE SI FIZIOLOGIE UMANA, GENETICA SI ECOLOGIE UMANA": {"medie": 8.178787878787878, "reusita": 98.48484848484848, "cnt": 66}, "MATEMATICA ST-NAT": {"medie": 6.901612903225805, "reusita": 91.93548387096774, "cnt": 62}, "MATEMATICA MATE-INFO": {"medie": 8.598484848484848, "reusita": 96.96969696969697, "cnt": 33}, "ISTORIE": {"medie": 6.610810810810813, "reusita": 93.24324324324324, "cnt": 74}, "LOGICA, ARGUMENTARE SI COMUNICARE": {"medie": 7.5, "reusita": 100.0, "cnt": 1}, "SOCIOLOGIE": {"medie": 9.5, "reusita": 100.0, "cnt": 1}, "FIZICA TEO": {"medie": 6.5, "reusita": 100.0, "cnt": 1}, "INFORMATICA MI C/C++": {"medie": 9.153703703703702, "reusita": 100.0, "cnt": 27}, "PSIHOLOGIE": {"medie": 5.15, "reusita": 100.0, "cnt": 1}}, "nume": "COLEGIUL NATIONAL \"AVRAM IANCU\" CAMPENI\tAlba"}