{"specializari": {"STIINTE ALE NATURII": 50, "MATEMATICA-INFORMATICA": 56, "FILOLOGIE": 31}, "limba_moderna": {"LIMBA ENGLEZA": 136, "LIMBA FRANCEZA": 1}, "limba_materna": {"LIMBA MAGHIARA": 20, "LIMBA ROMANA": 117}, "promotie_anterioara": {"DA": 2, "NU": 135}, "materii": {"LIMBA ROMANA": {"medie": 8.4839552238806, "reusita": 97.08029197080292, "cnt": 137}, "BIOLOGIE VEGETALA SI ANIMALA": {"medie": 7.357142857142856, "reusita": 100.0, "cnt": 7}, "GENERAL": {"medie": 8.48899253731343, "reusita": 93.43065693430657, "cnt": 137}, "GEOGRAFIE": {"medie": 9.195238095238096, "reusita": 100.0, "cnt": 21}, "ANATOMIE SI FIZIOLOGIE UMANA, GENETICA SI ECOLOGIE UMANA": {"medie": 8.803488372093023, "reusita": 100.0, "cnt": 43}, "LIMBA MAGHIARA (REAL)": {"medie": 7.152631578947369, "reusita": 95.0, "cnt": 20}, "MATEMATICA ST-NAT": {"medie": 7.828571428571428, "reusita": 98.0, "cnt": 50}, "MATEMATICA MATE-INFO": {"medie": 9.069642857142854, "reusita": 100.0, "cnt": 56}, "ISTORIE": {"medie": 8.408064516129032, "reusita": 100.0, "cnt": 31}, "LOGICA, ARGUMENTARE SI COMUNICARE": {"medie": 9.005, "reusita": 100.0, "cnt": 10}, "FIZICA TEO": {"medie": 9.08125, "reusita": 100.0, "cnt": 8}, "INFORMATICA MI C/C++": {"medie": 7.349999999999999, "reusita": 84.21052631578947, "cnt": 19}, "CHIMIE ANORGANICA TEO NIVEL I/II": {"medie": 5.55, "reusita": 100.0, "cnt": 1}, "CHIMIE ORGANICA TEO NIVEL I/II": {"medie": 7.97037037037037, "reusita": 92.85714285714286, "cnt": 28}}, "nume": "COLEGIUL NATIONAL \"ANDREI MURESANU\" DEJ\tCluj"}