{"specializari": {"MATEMATICA-INFORMATICA": 59, "STIINTE ALE NATURII": 30, "FILOLOGIE": 41}, "limba_moderna": {"LIMBA ENGLEZA": 105, "LIMBA FRANCEZA": 13, "LIMBA GERMANA MODERNA": 12}, "limba_materna": {"LIMBA ROMANA": 130}, "promotie_anterioara": {"DA": 4, "NU": 126}, "materii": {"LIMBA ROMANA": {"medie": 7.929457364341087, "reusita": 96.15384615384616, "cnt": 130}, "BIOLOGIE VEGETALA SI ANIMALA": {"medie": 6.8775, "reusita": 80.0, "cnt": 20}, "GENERAL": {"medie": 7.853359173126611, "reusita": 86.15384615384616, "cnt": 130}, "GEOGRAFIE": {"medie": 9.3, "reusita": 100.0, "cnt": 2}, "ANATOMIE SI FIZIOLOGIE UMANA, GENETICA SI ECOLOGIE UMANA": {"medie": 8.58936170212766, "reusita": 100.0, "cnt": 47}, "MATEMATICA ST-NAT": {"medie": 6.064999999999998, "reusita": 80.0, "cnt": 30}, "MATEMATICA MATE-INFO": {"medie": 8.065254237288137, "reusita": 93.22033898305084, "cnt": 59}, "ISTORIE": {"medie": 7.460000000000001, "reusita": 92.6829268292683, "cnt": 41}, "LOGICA, ARGUMENTARE SI COMUNICARE": {"medie": 8.586842105263159, "reusita": 92.3076923076923, "cnt": 39}, "FIZICA TEO": {"medie": 9.5, "reusita": 100.0, "cnt": 1}, "INFORMATICA MI C/C++": {"medie": 7.842105263157893, "reusita": 94.73684210526315, "cnt": 19}, "INFORMATICA SN C/C++": {"medie": 7.75, "reusita": 100.0, "cnt": 2}}, "nume": "COLEGIUL NATIONAL \"TRAIAN DODA\" CARANSEBES\tCara\u0219-Severin"}