{"specializari": {"TEHNICIAN ECOLOG SI PROTECTIA CALITATII MEDIULUI": 56, "TEHNICIAN IN INSTALATII ELECTRICE": 11, "TEHNICIAN ANALIZE PRODUSE ALIMENTARE": 50, "TEHNICIAN IN CHIMIE INDUSTRIALA": 1, "TEHNICIAN OPERATOR TEHNICA DE CALCUL": 3, "TEHNICIAN CHIMIST DE LABORATOR": 4}, "limba_moderna": {"LIMBA FRANCEZA": 20, "LIMBA ENGLEZA": 105}, "limba_materna": {"LIMBA ROMANA": 125}, "promotie_anterioara": {"DA": 35, "NU": 90}, "materii": {"LIMBA ROMANA": {"medie": 6.430416666666668, "reusita": 87.2, "cnt": 125}, "MATEMATICA TEHN": {"medie": 5.413445378151259, "reusita": 68.0, "cnt": 125}, "BIOLOGIE VEGETALA SI ANIMALA": {"medie": 5.652777777777779, "reusita": 60.0, "cnt": 20}, "GENERAL": {"medie": 6.08760683760684, "reusita": 52.800000000000004, "cnt": 125}, "ANATOMIE SI FIZIOLOGIE UMANA, GENETICA SI ECOLOGIE UMANA": {"medie": 6.496, "reusita": 90.47619047619048, "cnt": 105}}, "nume": "COLEGIUL TEHNIC \"G-RAL GHEORGHE MAGHERU\" TG-JIU\tGorj"}