{"specializari": {"STIINTE SOCIALE": 25, "MATEMATICA-INFORMATICA": 24, "STIINTE ALE NATURII": 109}, "limba_moderna": {"LIMBA ENGLEZA": 147, "LIMBA GERMANA MODERNA": 6, "LIMBA FRANCEZA": 5}, "limba_materna": {"LIMBA ROMANA": 158}, "promotie_anterioara": {"DA": 8, "NU": 150}, "materii": {"LIMBA ROMANA": {"medie": 8.168670886075953, "reusita": 100.0, "cnt": 158}, "BIOLOGIE VEGETALA SI ANIMALA": {"medie": 6.875, "reusita": 100.0, "cnt": 2}, "GENERAL": {"medie": 7.995147679324894, "reusita": 94.9367088607595, "cnt": 158}, "GEOGRAFIE": {"medie": 7.15, "reusita": 100.0, "cnt": 1}, "ANATOMIE SI FIZIOLOGIE UMANA, GENETICA SI ECOLOGIE UMANA": {"medie": 8.261538461538466, "reusita": 98.71794871794873, "cnt": 78}, "MATEMATICA ST-NAT": {"medie": 7.476605504587157, "reusita": 94.4954128440367, "cnt": 109}, "MATEMATICA MATE-INFO": {"medie": 7.143750000000001, "reusita": 100.0, "cnt": 24}, "ISTORIE": {"medie": 8.463999999999997, "reusita": 100.0, "cnt": 25}, "LOGICA, ARGUMENTARE SI COMUNICARE": {"medie": 8.643749999999999, "reusita": 100.0, "cnt": 24}, "FIZICA TEO": {"medie": 7.690909090909091, "reusita": 81.81818181818183, "cnt": 11}, "INFORMATICA MI C/C++": {"medie": 7.895454545454545, "reusita": 100.0, "cnt": 11}, "CHIMIE ANORGANICA TEO NIVEL I/II": {"medie": 8.271875, "reusita": 100.0, "cnt": 16}, "CHIMIE ORGANICA TEO NIVEL I/II": {"medie": 8.36923076923077, "reusita": 100.0, "cnt": 13}, "INFORMATICA SN C/C++": {"medie": 7.85, "reusita": 100.0, "cnt": 2}}, "nume": "COLEGIUL DE STIINTE ALE NATURII \"EMIL RACOVITA\" BRASOV\tBra\u0219ov"}