{"specializari": {"ARHITECTURA, ARTE AMBIENTALE SI DESIGN": 2, "MUZICA": 35, "ARTA ACTORULUI": 27, "ARTE PLASTICE SI DECORATIVE": 55}, "limba_moderna": {"LIMBA ENGLEZA": 119}, "limba_materna": {"LIMBA ROMANA": 119}, "promotie_anterioara": {"DA": 11, "NU": 108}, "materii": {"LIMBA ROMANA": {"medie": 6.458050847457623, "reusita": 88.23529411764706, "cnt": 119}, "GENERAL": {"medie": 6.890289855072463, "reusita": 73.10924369747899, "cnt": 119}, "GEOGRAFIE": {"medie": 7.580666666666665, "reusita": 89.6103896103896, "cnt": 77}, "ISTORIE": {"medie": 6.587499999999999, "reusita": 86.5546218487395, "cnt": 119}, "LOGICA, ARGUMENTARE SI COMUNICARE": {"medie": 7.355555555555556, "reusita": 88.88888888888889, "cnt": 9}, "FILOSOFIE": {"medie": 10.0, "reusita": 100.0, "cnt": 1}, "PSIHOLOGIE": {"medie": 7.4203125, "reusita": 96.875, "cnt": 32}}, "nume": "COLEGIUL DE ARTE \"SABIN DRAGOI\" ARAD\tArad"}