{"specializari": {"STIINTE ALE NATURII": 53, "STIINTE SOCIALE": 42, "MATEMATICA-INFORMATICA": 69, "FILOLOGIE": 70}, "limba_moderna": {"LIMBA ENGLEZA": 223, "LIMBA FRANCEZA": 11}, "limba_materna": {"LIMBA ROMANA": 234}, "promotie_anterioara": {"DA": 7, "NU": 227}, "materii": {"LIMBA ROMANA": {"medie": 7.991452991452992, "reusita": 99.14529914529915, "cnt": 234}, "BIOLOGIE VEGETALA SI ANIMALA": {"medie": 6.9, "reusita": 66.66666666666666, "cnt": 3}, "GENERAL": {"medie": 8.086766809728182, "reusita": 94.01709401709401, "cnt": 234}, "GEOGRAFIE": {"medie": 8.371875, "reusita": 100.0, "cnt": 32}, "ANATOMIE SI FIZIOLOGIE UMANA, GENETICA SI ECOLOGIE UMANA": {"medie": 8.70526315789474, "reusita": 100.0, "cnt": 76}, "MATEMATICA ST-NAT": {"medie": 7.695283018867925, "reusita": 96.22641509433963, "cnt": 53}, "MATEMATICA MATE-INFO": {"medie": 8.42536231884058, "reusita": 98.55072463768117, "cnt": 69}, "ISTORIE": {"medie": 7.096875, "reusita": 99.10714285714286, "cnt": 112}, "LOGICA, ARGUMENTARE SI COMUNICARE": {"medie": 8.746153846153845, "reusita": 96.92307692307692, "cnt": 65}, "SOCIOLOGIE": {"medie": 8.675, "reusita": 100.0, "cnt": 4}, "FIZICA TEO": {"medie": 8.745588235294116, "reusita": 100.0, "cnt": 34}, "INFORMATICA MI C/C++": {"medie": 7.908333333333334, "reusita": 100.0, "cnt": 6}, "CHIMIE ORGANICA TEO NIVEL I/II": {"medie": 8.466666666666667, "reusita": 100.0, "cnt": 3}, "PSIHOLOGIE": {"medie": 9.037499999999998, "reusita": 100.0, "cnt": 4}, "ECONOMIE": {"medie": 8.185714285714287, "reusita": 100.0, "cnt": 7}}, "nume": "COLEGIUL NATIONAL \"RADU GRECEANU\" SLATINA\tOlt"}