{"specializari": {"TEHNICIAN IN ACTIVITATI DE COMERT": 33, "TEHNICIAN IN GASTRONOMIE": 49, "TEHNICIAN IN ADMINISTRATIE": 23, "TEHNICIAN IN TURISM": 24, "ORGANIZATOR BANQUETING": 20, "TEHNICIAN IN ACTIVITATI ECONOMICE": 64}, "limba_moderna": {"LIMBA FRANCEZA": 58, "LIMBA ENGLEZA": 155}, "limba_materna": {"LIMBA ROMANA": 213}, "promotie_anterioara": {"DA": 44, "NU": 169}, "materii": {"LIMBA ROMANA": {"medie": 5.880143540669854, "reusita": 82.62910798122066, "cnt": 213}, "MATEMATICA TEHN": {"medie": 5.154611650485439, "reusita": 66.19718309859155, "cnt": 213}, "GENERAL": {"medie": 6.026865671641792, "reusita": 46.009389671361504, "cnt": 213}, "GEOGRAFIE": {"medie": 7.172857142857144, "reusita": 89.79591836734694, "cnt": 147}, "LOGICA, ARGUMENTARE SI COMUNICARE": {"medie": 6.598305084745761, "reusita": 74.19354838709677, "cnt": 62}, "PSIHOLOGIE": {"medie": 9.25, "reusita": 100.0, "cnt": 1}, "ECONOMIE": {"medie": 4.5, "reusita": 33.33333333333333, "cnt": 3}}, "nume": "COLEGIUL ECONOMIC \"GHEORGHE CHITU\" CRAIOVA\tDolj"}