{"specializari": {"ORGANIZATOR BANQUETING": 5, "TEHNICIAN IN GASTRONOMIE": 29, "TEHNICIAN IN ACTIVITATI ECONOMICE": 53, "TEHNICIAN IN TURISM": 26, "TEHNICIAN IN ACTIVITATI DE COMERT": 1, "TEHNICIAN IN ACHIZITII SI CONTRACTARI": 25}, "limba_moderna": {"LIMBA FRANCEZA": 8, "LIMBA ENGLEZA": 131}, "limba_materna": {"LIMBA ROMANA": 139}, "promotie_anterioara": {"DA": 11, "NU": 128}, "materii": {"LIMBA ROMANA": {"medie": 7.719424460431655, "reusita": 100.0, "cnt": 139}, "MATEMATICA TEHN": {"medie": 7.1786231884058, "reusita": 93.5251798561151, "cnt": 139}, "GENERAL": {"medie": 7.754830917874397, "reusita": 88.48920863309353, "cnt": 139}, "GEOGRAFIE": {"medie": 8.437037037037035, "reusita": 98.76543209876543, "cnt": 81}, "LOGICA, ARGUMENTARE SI COMUNICARE": {"medie": 8.164655172413797, "reusita": 94.82758620689656, "cnt": 58}}, "nume": "COLEGIUL ECONOMIC \"DIONISIE POP MARTIAN\" ALBA IULIA\tAlba"}