{"specializari": {"FILOLOGIE": 95, "STIINTE SOCIALE": 31, "MATEMATICA-INFORMATICA": 25}, "limba_moderna": {"LIMBA FRANCEZA": 20, "LIMBA ENGLEZA": 118, "LIMBA SPANIOLA": 13}, "limba_materna": {"LIMBA ROMANA": 151}, "promotie_anterioara": {"DA": 2, "NU": 149}, "materii": {"LIMBA ROMANA": {"medie": 8.44635761589404, "reusita": 99.33774834437085, "cnt": 151}, "BIOLOGIE VEGETALA SI ANIMALA": {"medie": 7.050000000000001, "reusita": 100.0, "cnt": 2}, "GENERAL": {"medie": 8.441555555555558, "reusita": 95.36423841059603, "cnt": 151}, "GEOGRAFIE": {"medie": 7.55, "reusita": 100.0, "cnt": 11}, "ANATOMIE SI FIZIOLOGIE UMANA, GENETICA SI ECOLOGIE UMANA": {"medie": 7.262499999999999, "reusita": 100.0, "cnt": 4}, "MATEMATICA MATE-INFO": {"medie": 7.839999999999999, "reusita": 100.0, "cnt": 25}, "ISTORIE": {"medie": 8.487999999999998, "reusita": 99.20634920634922, "cnt": 126}, "LOGICA, ARGUMENTARE SI COMUNICARE": {"medie": 8.813478260869564, "reusita": 98.26086956521739, "cnt": 115}, "INFORMATICA MI C/C++": {"medie": 7.2184210526315775, "reusita": 94.73684210526315, "cnt": 19}}, "nume": "COLEGIUL NATIONAL \"UNIREA\" BRASOV\tBra\u0219ov"}