{"specializari": {"STIINTE ALE NATURII": 28, "MATEMATICA-INFORMATICA": 30, "STIINTE SOCIALE": 42, "FILOLOGIE": 76}, "limba_moderna": {"LIMBA ENGLEZA": 113, "LIMBA FRANCEZA": 63}, "limba_materna": {"LIMBA ROMANA": 176}, "promotie_anterioara": {"DA": 12, "NU": 164}, "materii": {"LIMBA ROMANA": {"medie": 7.354941860465117, "reusita": 92.04545454545455, "cnt": 176}, "GENERAL": {"medie": 7.424463937621835, "reusita": 82.95454545454545, "cnt": 176}, "GEOGRAFIE": {"medie": 8.07935779816514, "reusita": 97.32142857142857, "cnt": 112}, "ANATOMIE SI FIZIOLOGIE UMANA, GENETICA SI ECOLOGIE UMANA": {"medie": 8.468888888888886, "reusita": 95.65217391304348, "cnt": 46}, "MATEMATICA ST-NAT": {"medie": 7.014814814814815, "reusita": 92.85714285714286, "cnt": 28}, "MATEMATICA MATE-INFO": {"medie": 7.668333333333334, "reusita": 100.0, "cnt": 30}, "ISTORIE": {"medie": 6.401315789473683, "reusita": 88.13559322033898, "cnt": 118}, "LOGICA, ARGUMENTARE SI COMUNICARE": {"medie": 8.4, "reusita": 100.0, "cnt": 2}, "SOCIOLOGIE": {"medie": 7.95, "reusita": 100.0, "cnt": 3}, "FIZICA TEO": {"medie": 8.7375, "reusita": 100.0, "cnt": 4}, "INFORMATICA MI C/C++": {"medie": 8.09375, "reusita": 87.5, "cnt": 8}, "PSIHOLOGIE": {"medie": 9.6, "reusita": 100.0, "cnt": 1}}, "nume": "COLEGIUL NATIONAL \"COSTACHE NEGRI\" TARGU OCNA\tBac\u0103u"}