{"specializari": {"STIINTE ALE NATURII": 15, "STIINTE SOCIALE": 24, "MATEMATICA-INFORMATICA": 45, "FILOLOGIE": 87}, "limba_moderna": {"LIMBA ENGLEZA": 154, "LIMBA FRANCEZA": 6, "LIMBA ITALIANA": 11}, "limba_materna": {"LIMBA ROMANA": 171}, "promotie_anterioara": {"DA": 8, "NU": 163}, "materii": {"LIMBA ROMANA": {"medie": 7.514411764705884, "reusita": 98.83040935672514, "cnt": 171}, "GENERAL": {"medie": 7.727976190476188, "reusita": 88.30409356725146, "cnt": 171}, "GEOGRAFIE": {"medie": 8.406632653061227, "reusita": 97.97979797979798, "cnt": 99}, "ANATOMIE SI FIZIOLOGIE UMANA, GENETICA SI ECOLOGIE UMANA": {"medie": 8.26125, "reusita": 95.23809523809523, "cnt": 42}, "MATEMATICA ST-NAT": {"medie": 5.735714285714287, "reusita": 73.33333333333333, "cnt": 15}, "MATEMATICA MATE-INFO": {"medie": 7.953333333333333, "reusita": 100.0, "cnt": 45}, "ISTORIE": {"medie": 7.256306306306304, "reusita": 95.4954954954955, "cnt": 111}, "SOCIOLOGIE": {"medie": 6.25, "reusita": 100.0, "cnt": 11}, "FIZICA TEO": {"medie": 9.075, "reusita": 100.0, "cnt": 6}, "INFORMATICA MI C/C++": {"medie": 9.104545454545454, "reusita": 100.0, "cnt": 11}, "CHIMIE ANORGANICA TEO NIVEL I/II": {"medie": 7.5, "reusita": 100.0, "cnt": 1}, "PSIHOLOGIE": {"medie": 9.7, "reusita": 100.0, "cnt": 1}}, "nume": "COLEGIUL NATIONAL \"NICOLAE TITULESCU\" PUCIOASA\tD\u00e2mbovi\u021ba"}