{"specializari": {"MATEMATICA-INFORMATICA": 92, "FILOLOGIE": 27, "STIINTE ALE NATURII": 31}, "limba_moderna": {"LIMBA ENGLEZA": 141, "LIMBA GERMANA MODERNA": 5, "LIMBA FRANCEZA": 4}, "limba_materna": {"LIMBA ROMANA": 150}, "promotie_anterioara": {"NU": 150}, "materii": {"LIMBA ROMANA": {"medie": 9.413333333333336, "reusita": 100.0, "cnt": 150}, "GENERAL": {"medie": 9.43644444444444, "reusita": 100.0, "cnt": 150}, "GEOGRAFIE": {"medie": 9.514999999999999, "reusita": 100.0, "cnt": 20}, "ANATOMIE SI FIZIOLOGIE UMANA, GENETICA SI ECOLOGIE UMANA": {"medie": 9.22875, "reusita": 100.0, "cnt": 40}, "MATEMATICA ST-NAT": {"medie": 9.582258064516129, "reusita": 100.0, "cnt": 31}, "MATEMATICA MATE-INFO": {"medie": 9.501086956521744, "reusita": 100.0, "cnt": 92}, "ISTORIE": {"medie": 8.905555555555555, "reusita": 100.0, "cnt": 27}, "LOGICA, ARGUMENTARE SI COMUNICARE": {"medie": 9.549999999999999, "reusita": 100.0, "cnt": 7}, "FIZICA TEO": {"medie": 9.672881355932207, "reusita": 100.0, "cnt": 59}, "INFORMATICA MI C/C++": {"medie": 9.321875, "reusita": 100.0, "cnt": 16}, "CHIMIE ANORGANICA TEO NIVEL I/II": {"medie": 9.9, "reusita": 100.0, "cnt": 2}, "CHIMIE ORGANICA TEO NIVEL I/II": {"medie": 9.8625, "reusita": 100.0, "cnt": 4}, "INFORMATICA SN C/C++": {"medie": 8.7, "reusita": 100.0, "cnt": 2}}, "nume": "COLEGIUL NATIONAL, IASI\tIa\u0219i"}