{"specializari": {"MATEMATICA-INFORMATICA": 1, "TEHNICIAN IN INDUSTRIA TEXTILA": 3, "FILOLOGIE": 27, "TEHNICIAN OPERATOR PROCESARE TEXT IMAGINE": 1, "TEHNICIAN OPERATOR TEHNICA DE CALCUL": 12, "TEHNICIAN IN ACTIVITATI DE COMERT": 2, "STIINTE ALE NATURII": 19}, "limba_moderna": {"LIMBA ENGLEZA": 60, "LIMBA FRANCEZA": 4, "LIMBA GERMANA MODERNA": 1}, "limba_materna": {"LIMBA ROMANA": 65}, "promotie_anterioara": {"DA": 11, "NU": 54}, "materii": {"LIMBA ROMANA": {"medie": 7.05, "reusita": 92.3076923076923, "cnt": 65}, "MATEMATICA TEHN": {"medie": 4.166666666666667, "reusita": 33.33333333333333, "cnt": 18}, "BIOLOGIE VEGETALA SI ANIMALA": {"medie": 4.576923076923077, "reusita": 43.75, "cnt": 16}, "GENERAL": {"medie": 6.990555555555557, "reusita": 64.61538461538461, "cnt": 65}, "GEOGRAFIE": {"medie": 7.337931034482757, "reusita": 96.55172413793103, "cnt": 29}, "ANATOMIE SI FIZIOLOGIE UMANA, GENETICA SI ECOLOGIE UMANA": {"medie": 8.025, "reusita": 100.0, "cnt": 12}, "FIZICA TEH": {"medie": 6.0, "reusita": 50.0, "cnt": 2}, "MATEMATICA ST-NAT": {"medie": 7.897368421052632, "reusita": 100.0, "cnt": 19}, "MATEMATICA MATE-INFO": {"medie": 6.95, "reusita": 100.0, "cnt": 1}, "ISTORIE": {"medie": 7.403703703703703, "reusita": 100.0, "cnt": 27}, "FIZICA TEO": {"medie": 9.419999999999998, "reusita": 100.0, "cnt": 5}, "INFORMATICA SN C/C++": {"medie": 6.05, "reusita": 100.0, "cnt": 1}}, "nume": "COLEGIUL TEHNIC \"AUGUST TREBONIU LAURIAN\" AGNITA\tSibiu"}