{"specializari": {"MATEMATICA-INFORMATICA": 109, "FILOLOGIE": 61}, "limba_moderna": {"LIMBA ENGLEZA": 154, "LIMBA FRANCEZA": 16}, "limba_materna": {"LIMBA ROMANA": 170}, "promotie_anterioara": {"DA": 3, "NU": 167}, "materii": {"LIMBA ROMANA": {"medie": 8.073529411764707, "reusita": 98.82352941176471, "cnt": 170}, "GENERAL": {"medie": 8.288039215686275, "reusita": 95.29411764705881, "cnt": 170}, "GEOGRAFIE": {"medie": 8.597368421052632, "reusita": 98.24561403508771, "cnt": 57}, "ANATOMIE SI FIZIOLOGIE UMANA, GENETICA SI ECOLOGIE UMANA": {"medie": 8.424418604651164, "reusita": 100.0, "cnt": 43}, "MATEMATICA MATE-INFO": {"medie": 8.3697247706422, "reusita": 100.0, "cnt": 109}, "ISTORIE": {"medie": 8.227049180327867, "reusita": 96.72131147540983, "cnt": 61}, "FIZICA TEO": {"medie": 9.114062499999998, "reusita": 100.0, "cnt": 32}, "INFORMATICA MI C/C++": {"medie": 7.345652173913043, "reusita": 100.0, "cnt": 23}, "CHIMIE ANORGANICA TEO NIVEL I/II": {"medie": 6.733333333333334, "reusita": 100.0, "cnt": 3}, "CHIMIE ORGANICA TEO NIVEL I/II": {"medie": 8.875, "reusita": 100.0, "cnt": 8}, "PSIHOLOGIE": {"medie": 9.4, "reusita": 100.0, "cnt": 1}, "ECONOMIE": {"medie": 8.916666666666666, "reusita": 100.0, "cnt": 3}}, "nume": "COLEGIUL NATIONAL \"CONSTANTIN CARABELLA\" TARGOVISTE\tD\u00e2mbovi\u021ba"}