{"specializari": {"MUZICA": 50, "ARTE PLASTICE SI DECORATIVE": 71, "ARTA ACTORULUI": 26, "COREGRAFIE": 18, "ARHITECTURA, ARTE AMBIENTALE SI DESIGN": 33}, "limba_moderna": {"LIMBA ENGLEZA": 187, "LIMBA ITALIANA": 7, "LIMBA RUSA": 1, "LIMBA GERMANA MODERNA": 2, "LIMBA FRANCEZA": 1}, "limba_materna": {"LIMBA ROMANA": 198}, "promotie_anterioara": {"DA": 16, "NU": 182}, "materii": {"LIMBA ROMANA": {"medie": 7.677551020408167, "reusita": 95.95959595959596, "cnt": 198}, "GENERAL": {"medie": 7.33470790378006, "reusita": 81.31313131313132, "cnt": 198}, "GEOGRAFIE": {"medie": 7.453703703703703, "reusita": 93.29268292682927, "cnt": 164}, "ISTORIE": {"medie": 6.706666666666666, "reusita": 90.9090909090909, "cnt": 198}, "LOGICA, ARGUMENTARE SI COMUNICARE": {"medie": 8.426315789473687, "reusita": 94.73684210526315, "cnt": 19}, "FILOSOFIE": {"medie": 7.0, "reusita": 100.0, "cnt": 2}, "PSIHOLOGIE": {"medie": 7.466666666666668, "reusita": 100.0, "cnt": 12}, "ECONOMIE": {"medie": 8.25, "reusita": 100.0, "cnt": 1}}, "nume": "COLEGIUL NATIONAL DE ARTA \"OCTAV BANCILA\", IASI\tIa\u0219i"}