{"specializari": {"TEHNICIAN IN HOTELARIE": 32, "TEHNICIAN IN ACTIVITATI ECONOMICE": 31, "TEHNICIAN VETERINAR": 3, "TEHNICIAN IN CONSTRUCTII SI LUCRARI PUBLICE": 2, "TEHNICIAN ANALIZE PRODUSE ALIMENTARE": 20, "TEHNICIAN IN SILVICULTURA SI EXPLOATARI FORESTIERE": 10, "MATEMATICA-INFORMATICA": 25, "TEHNICIAN ECOLOG SI PROTECTIA CALITATII MEDIULUI": 10, "TEHNICIAN IN AUTOMATIZARI": 4, "STIINTE SOCIALE": 32, "TEHNICIAN MECANIC PENTRU INTRETINERE SI REPARATII": 6}, "limba_moderna": {"LIMBA ENGLEZA": 120, "LIMBA FRANCEZA": 55}, "limba_materna": {"LIMBA ROMANA": 175}, "promotie_anterioara": {"DA": 29, "NU": 146}, "materii": {"LIMBA ROMANA": {"medie": 5.953030303030303, "reusita": 75.42857142857143, "cnt": 175}, "MATEMATICA TEHN": {"medie": 4.097142857142857, "reusita": 37.28813559322034, "cnt": 118}, "BIOLOGIE VEGETALA SI ANIMALA": {"medie": 3.1818181818181817, "reusita": 13.333333333333334, "cnt": 15}, "GENERAL": {"medie": 5.851698513800423, "reusita": 41.14285714285714, "cnt": 175}, "GEOGRAFIE": {"medie": 7.649056603773589, "reusita": 89.65517241379311, "cnt": 58}, "ANATOMIE SI FIZIOLOGIE UMANA, GENETICA SI ECOLOGIE UMANA": {"medie": 6.051818181818179, "reusita": 74.13793103448276, "cnt": 58}, "FIZICA TEH": {"medie": "-", "reusita": 0.0, "cnt": 1}, "MATEMATICA MATE-INFO": {"medie": 4.95, "reusita": 56.00000000000001, "cnt": 25}, "ISTORIE": {"medie": 6.666666666666669, "reusita": 90.625, "cnt": 32}, "CHIMIE ANORGANICA TEH NIVEL I/II": {"medie": 5.875, "reusita": 100.0, "cnt": 2}, "LOGICA, ARGUMENTARE SI COMUNICARE": {"medie": 7.79285714285714, "reusita": 85.71428571428571, "cnt": 28}, "INFORMATICA MI C/C++": {"medie": 6.3875, "reusita": 75.0, "cnt": 4}, "FILOSOFIE": {"medie": 6.8500000000000005, "reusita": 100.0, "cnt": 3}, "PSIHOLOGIE": {"medie": 7.169999999999999, "reusita": 83.33333333333334, "cnt": 6}}, "nume": "COLEGIUL \"VASILE LOVINESCU\" FALTICENI\tSuceava"}