{"specializari": {"TEHNICIAN DESENATOR PENTRU CONSTRUCTII SI INSTALATII": 3, "TEHNICIAN ECOLOG SI PROTECTIA CALITATII MEDIULUI": 26, "TEHNICIAN DESIGNER MOBILA SI AMENAJARI INTERIOARE": 1, "TEHNICIAN IN CONSTRUCTII SI LUCRARI PUBLICE": 12, "TEHNICIAN INSTALATOR PENTRU CONSTRUCTII": 2, "TEHNICIAN IN SILVICULTURA SI EXPLOATARI FORESTIERE": 1}, "limba_moderna": {"LIMBA ENGLEZA": 43, "LIMBA FRANCEZA": 2}, "limba_materna": {"LIMBA ROMANA": 45}, "promotie_anterioara": {"DA": 19, "NU": 26}, "materii": {"LIMBA ROMANA": {"medie": 6.535227272727272, "reusita": 82.22222222222221, "cnt": 45}, "MATEMATICA TEHN": {"medie": 5.495238095238095, "reusita": 66.66666666666666, "cnt": 45}, "BIOLOGIE VEGETALA SI ANIMALA": {"medie": 5.5062500000000005, "reusita": 70.83333333333334, "cnt": 24}, "GENERAL": {"medie": 5.971428571428573, "reusita": 46.666666666666664, "cnt": 45}, "ANATOMIE SI FIZIOLOGIE UMANA, GENETICA SI ECOLOGIE UMANA": {"medie": 6.35, "reusita": 100.0, "cnt": 4}, "FIZICA TEH": {"medie": 4.05, "reusita": 50.0, "cnt": 2}, "CHIMIE ANORGANICA TEH NIVEL I/II": {"medie": 6.420833333333334, "reusita": 71.42857142857143, "cnt": 14}, "CHIMIE ORGANICA TEH NIVEL I/II": {"medie": "-", "reusita": 0.0, "cnt": 1}}, "nume": "COLEGIUL TEHNIC \"ANGHEL SALIGNY\" CLUJ-NAPOCA\tCluj"}