{"specializari": {"STIINTE ALE NATURII": 66, "MATEMATICA-INFORMATICA": 135, "FILOLOGIE": 90}, "limba_moderna": {"LIMBA ENGLEZA": 255, "LIMBA GERMANA MODERNA": 1, "LIMBA FRANCEZA": 35}, "limba_materna": {"LIMBA ROMANA": 291}, "promotie_anterioara": {"DA": 1, "NU": 290}, "materii": {"LIMBA ROMANA": {"medie": 8.608762886597939, "reusita": 100.0, "cnt": 291}, "BIOLOGIE VEGETALA SI ANIMALA": {"medie": 9.18125, "reusita": 100.0, "cnt": 24}, "GENERAL": {"medie": 8.799827586206897, "reusita": 99.3127147766323, "cnt": 291}, "GEOGRAFIE": {"medie": 9.492857142857144, "reusita": 100.0, "cnt": 7}, "ANATOMIE SI FIZIOLOGIE UMANA, GENETICA SI ECOLOGIE UMANA": {"medie": 8.296153846153846, "reusita": 100.0, "cnt": 13}, "MATEMATICA ST-NAT": {"medie": 8.761363636363635, "reusita": 100.0, "cnt": 66}, "MATEMATICA MATE-INFO": {"medie": 8.993703703703702, "reusita": 100.0, "cnt": 135}, "ISTORIE": {"medie": 8.463888888888885, "reusita": 100.0, "cnt": 90}, "LOGICA, ARGUMENTARE SI COMUNICARE": {"medie": 9.174999999999999, "reusita": 100.0, "cnt": 64}, "SOCIOLOGIE": {"medie": 8.2, "reusita": 100.0, "cnt": 3}, "FIZICA TEO": {"medie": 8.783333333333333, "reusita": 100.0, "cnt": 72}, "INFORMATICA MI C/C++": {"medie": 9.136666666666665, "reusita": 100.0, "cnt": 30}, "CHIMIE ANORGANICA TEO NIVEL I/II": {"medie": 8.400000000000002, "reusita": 100.0, "cnt": 7}, "CHIMIE ORGANICA TEO NIVEL I/II": {"medie": 9.128703703703705, "reusita": 98.18181818181819, "cnt": 55}, "PSIHOLOGIE": {"medie": 9.258333333333335, "reusita": 100.0, "cnt": 12}, "ECONOMIE": {"medie": 8.0875, "reusita": 100.0, "cnt": 4}}, "nume": "COLEGIUL NATIONAL \"ION LUCA CARAGIALE\", MUNICIPIUL PLOIESTI\tPrahova"}