{"specializari": {"MATEMATICA-INFORMATICA": 59, "FILOLOGIE": 56, "INVATATOR - EDUCATOARE": 28}, "limba_moderna": {"LIMBA ENGLEZA": 123, "LIMBA GERMANA MODERNA": 3, "LIMBA FRANCEZA": 9, "LIMBA SPANIOLA": 8}, "limba_materna": {"LIMBA ROMANA": 143}, "promotie_anterioara": {"NU": 143}, "materii": {"LIMBA ROMANA": {"medie": 8.300699300699298, "reusita": 100.0, "cnt": 143}, "BIOLOGIE VEGETALA SI ANIMALA": {"medie": 8.05, "reusita": 100.0, "cnt": 2}, "GENERAL": {"medie": 8.586480186480186, "reusita": 98.6013986013986, "cnt": 143}, "GEOGRAFIE": {"medie": 8.8, "reusita": 100.0, "cnt": 2}, "ANATOMIE SI FIZIOLOGIE UMANA, GENETICA SI ECOLOGIE UMANA": {"medie": 8.866666666666667, "reusita": 100.0, "cnt": 9}, "MATEMATICA PED": {"medie": 9.25357142857143, "reusita": 100.0, "cnt": 28}, "MATEMATICA MATE-INFO": {"medie": 8.850847457627122, "reusita": 100.0, "cnt": 59}, "ISTORIE": {"medie": 8.016071428571427, "reusita": 100.0, "cnt": 56}, "LOGICA, ARGUMENTARE SI COMUNICARE": {"medie": 9.031060606060608, "reusita": 100.0, "cnt": 66}, "SOCIOLOGIE": {"medie": 8.35, "reusita": 100.0, "cnt": 2}, "FIZICA TEO": {"medie": 9.051851851851852, "reusita": 100.0, "cnt": 27}, "INFORMATICA MI C/C++": {"medie": 7.938235294117646, "reusita": 100.0, "cnt": 17}, "CHIMIE ORGANICA TEO NIVEL I/II": {"medie": 8.375, "reusita": 100.0, "cnt": 4}, "PSIHOLOGIE": {"medie": 9.092857142857143, "reusita": 100.0, "cnt": 14}}, "nume": "COLEGIUL NATIONAL PEDAGOGIC \"REGINA MARIA\", MUNICIPIUL PLOIESTI\tPrahova"}