{"specializari": {"TEHNICIAN IN INSTALATII ELECTRICE": 15, "TEHNICIAN MECATRONIST": 21, "TEHNICIAN ELECTRONIST": 3, "MATEMATICA-INFORMATICA": 3, "TEHNICIAN IN INDUSTRIA TEXTILA": 1, "TEHNICIAN TRANSPORTURI": 3, "TEHNICIAN IN TURISM": 23, "COAFOR STILIST": 4, "TEHNICIAN DE TELECOMUNICATII": 8, "ORGANIZATOR BANQUETING": 1, "TEHNICIAN DESIGNER VESTIMENTAR": 13, "TEHNICIAN OPERATOR TEHNICA DE CALCUL": 1, "TEHNICIAN PROIECTANT CAD": 1, "TEHNICIAN ELECTROTEHNIST": 1}, "limba_moderna": {"LIMBA ENGLEZA": 91, "LIMBA FRANCEZA": 6, "LIMBA GERMANA MODERNA": 1}, "limba_materna": {"LIMBA ROMANA": 94, "LIMBA MAGHIARA": 4}, "promotie_anterioara": {"DA": 38, "NU": 60}, "materii": {"LIMBA ROMANA": {"medie": 5.8936170212765955, "reusita": 85.71428571428571, "cnt": 98}, "MATEMATICA TEHN": {"medie": 5.248734177215189, "reusita": 61.05263157894737, "cnt": 95}, "BIOLOGIE VEGETALA SI ANIMALA": {"medie": 5.047142857142857, "reusita": 51.21951219512195, "cnt": 41}, "GENERAL": {"medie": 5.8212121212121195, "reusita": 35.714285714285715, "cnt": 98}, "GEOGRAFIE": {"medie": 7.172222222222223, "reusita": 92.85714285714286, "cnt": 28}, "ANATOMIE SI FIZIOLOGIE UMANA, GENETICA SI ECOLOGIE UMANA": {"medie": 9.7, "reusita": 100.0, "cnt": 1}, "LIMBA MAGHIARA (REAL)": {"medie": 6.25, "reusita": 100.0, "cnt": 4}, "FIZICA TEH": {"medie": 6.403333333333333, "reusita": 66.66666666666666, "cnt": 18}, "MATEMATICA MATE-INFO": {"medie": 5.0, "reusita": 100.0, "cnt": 3}, "CHIMIE ANORGANICA TEH NIVEL I/II": {"medie": 5.65, "reusita": 100.0, "cnt": 1}, "CHIMIE ORGANICA TEH NIVEL I/II": {"medie": 5.078571428571428, "reusita": 71.42857142857143, "cnt": 7}, "INFORMATICA MI C/C++": {"medie": 6.325, "reusita": 100.0, "cnt": 2}}, "nume": "COLEGIUL TEHNIC \"TRAIAN VUIA\" ORADEA\tBihor"}