{"specializari": {"COAFOR STILIST": 22, "TEHNICIAN IN ACTIVITATI ECONOMICE": 18, "TEHNICIAN MECATRONIST": 2, "TEHNICIAN IN GASTRONOMIE": 5, "TEHNICIAN OPERATOR TEHNICA DE CALCUL": 1, "ORGANIZATOR BANQUETING": 2}, "limba_moderna": {"LIMBA ENGLEZA": 50}, "limba_materna": {"LIMBA ROMANA": 50}, "promotie_anterioara": {"DA": 21, "NU": 29}, "materii": {"LIMBA ROMANA": {"medie": 5.292708333333334, "reusita": 68.0, "cnt": 50}, "MATEMATICA TEHN": {"medie": 3.504166666666667, "reusita": 30.0, "cnt": 50}, "BIOLOGIE VEGETALA SI ANIMALA": {"medie": 4.966666666666666, "reusita": 66.66666666666666, "cnt": 3}, "GENERAL": {"medie": 4.8615942028985515, "reusita": 18.0, "cnt": 50}, "GEOGRAFIE": {"medie": 5.711538461538461, "reusita": 69.04761904761905, "cnt": 42}, "LOGICA, ARGUMENTARE SI COMUNICARE": {"medie": 6.366666666666667, "reusita": 100.0, "cnt": 3}, "PSIHOLOGIE": {"medie": 6.5, "reusita": 100.0, "cnt": 2}}, "nume": "COLEGIUL UCECOM \"SPIRU HARET\"\tBucure\u0219ti"}