{"specializari": {"MATEMATICA-INFORMATICA": 126, "STIINTE ALE NATURII": 89, "STIINTE SOCIALE": 35, "FILOLOGIE": 34}, "limba_moderna": {"LIMBA ENGLEZA": 247, "LIMBA GERMANA MODERNA": 7, "LIMBA FRANCEZA": 26, "LIMBA SPANIOLA": 4}, "limba_materna": {"LIMBA ROMANA": 284}, "promotie_anterioara": {"DA": 5, "NU": 279}, "materii": {"LIMBA ROMANA": {"medie": 8.424999999999994, "reusita": 99.64788732394366, "cnt": 284}, "BIOLOGIE VEGETALA SI ANIMALA": {"medie": 8.72857142857143, "reusita": 100.0, "cnt": 7}, "GENERAL": {"medie": 8.284216725559485, "reusita": 95.07042253521126, "cnt": 284}, "GEOGRAFIE": {"medie": 9.03, "reusita": 93.75, "cnt": 16}, "ANATOMIE SI FIZIOLOGIE UMANA, GENETICA SI ECOLOGIE UMANA": {"medie": 8.430120481927709, "reusita": 100.0, "cnt": 83}, "MATEMATICA ST-NAT": {"medie": 7.692134831460675, "reusita": 96.62921348314607, "cnt": 89}, "MATEMATICA MATE-INFO": {"medie": 8.03888888888889, "reusita": 96.82539682539682, "cnt": 126}, "ISTORIE": {"medie": 7.992028985507249, "reusita": 98.55072463768117, "cnt": 69}, "LOGICA, ARGUMENTARE SI COMUNICARE": {"medie": 8.810526315789474, "reusita": 97.36842105263158, "cnt": 38}, "SOCIOLOGIE": {"medie": 8.95, "reusita": 100.0, "cnt": 2}, "FIZICA TEO": {"medie": 8.228767123287671, "reusita": 95.8904109589041, "cnt": 73}, "INFORMATICA MI C/C++": {"medie": 8.545555555555554, "reusita": 97.77777777777777, "cnt": 45}, "CHIMIE ANORGANICA TEO NIVEL I/II": {"medie": 8.575, "reusita": 100.0, "cnt": 2}, "CHIMIE ORGANICA TEO NIVEL I/II": {"medie": 8.8625, "reusita": 100.0, "cnt": 4}, "FILOSOFIE": {"medie": 5.05, "reusita": 100.0, "cnt": 2}, "PSIHOLOGIE": {"medie": 9.314285714285715, "reusita": 100.0, "cnt": 7}, "INFORMATICA SN C/C++": {"medie": 8.2, "reusita": 100.0, "cnt": 1}, "ECONOMIE": {"medie": 8.1625, "reusita": 100.0, "cnt": 4}}, "nume": "COLEGIUL NATIONAL \"ALEXANDRU ODOBESCU\" PITESTI\tArge\u0219"}