{"specializari": {"TEHNICIAN TRANSPORTURI": 11, "MATEMATICA-INFORMATICA": 20, "TEHNICIAN IN TURISM": 46, "TEHNICIAN IN HOTELARIE": 3, "TEHNICIAN PROIECTANT CAD": 6}, "limba_moderna": {"LIMBA ENGLEZA": 85, "LIMBA FRANCEZA": 1}, "limba_materna": {"LIMBA ROMANA": 86}, "promotie_anterioara": {"DA": 61, "NU": 25}, "materii": {"LIMBA ROMANA": {"medie": 5.752380952380951, "reusita": 89.53488372093024, "cnt": 86}, "MATEMATICA TEHN": {"medie": 4.520833333333334, "reusita": 53.03030303030303, "cnt": 66}, "BIOLOGIE VEGETALA SI ANIMALA": {"medie": 5.142857142857144, "reusita": 60.0, "cnt": 15}, "GENERAL": {"medie": 5.524324324324323, "reusita": 30.23255813953488, "cnt": 86}, "GEOGRAFIE": {"medie": 7.157777777777777, "reusita": 91.48936170212765, "cnt": 47}, "ANATOMIE SI FIZIOLOGIE UMANA, GENETICA SI ECOLOGIE UMANA": {"medie": 6.276666666666667, "reusita": 87.5, "cnt": 16}, "MATEMATICA MATE-INFO": {"medie": 3.7588235294117647, "reusita": 25.0, "cnt": 20}, "CHIMIE ANORGANICA TEH NIVEL I/II": {"medie": 4.25, "reusita": 40.0, "cnt": 5}, "LOGICA, ARGUMENTARE SI COMUNICARE": {"medie": 9.05, "reusita": 100.0, "cnt": 1}, "CHIMIE ORGANICA TEO NIVEL I/II": {"medie": "-", "reusita": 0.0, "cnt": 1}, "PSIHOLOGIE": {"medie": 7.65, "reusita": 100.0, "cnt": 1}}, "nume": "COLEGIUL TEHNOLOGIC \"GRIGORE CERCHEZ\"\tBucure\u0219ti"}