{"specializari": {"TEHNICIAN IN ADMINISTRATIE": 2, "COAFOR STILIST": 1, "TEHNICIAN IN TURISM": 15, "TEHNICIAN ECOLOG SI PROTECTIA CALITATII MEDIULUI": 1, "TEHNICIAN VETERINAR": 19, "TEHNICIAN IN ACTIVITATI ECONOMICE": 2, "ORGANIZATOR BANQUETING": 7, "TEHNICIAN TRANSPORTURI": 2, "TEHNICIAN ELECTROMECANIC": 1, "TEHNICIAN IN HOTELARIE": 1, "TEHNICIAN IN ACTIVITATI DE COMERT": 2, "TEHNICIAN INSTALATOR PENTRU CONSTRUCTII": 1}, "limba_moderna": {"LIMBA ENGLEZA": 54}, "limba_materna": {"LIMBA ROMANA": 54}, "promotie_anterioara": {"DA": 30, "NU": 24}, "materii": {"LIMBA ROMANA": {"medie": 5.575925925925926, "reusita": 79.62962962962963, "cnt": 54}, "MATEMATICA TEHN": {"medie": 4.086792452830189, "reusita": 42.592592592592595, "cnt": 54}, "BIOLOGIE VEGETALA SI ANIMALA": {"medie": 5.211111111111112, "reusita": 66.66666666666666, "cnt": 9}, "GENERAL": {"medie": 5.217924528301887, "reusita": 22.22222222222222, "cnt": 54}, "GEOGRAFIE": {"medie": 6.467241379310345, "reusita": 89.65517241379311, "cnt": 29}, "ANATOMIE SI FIZIOLOGIE UMANA, GENETICA SI ECOLOGIE UMANA": {"medie": 5.721428571428572, "reusita": 85.71428571428571, "cnt": 14}, "FIZICA TEH": {"medie": 3.0, "reusita": 0.0, "cnt": 1}, "ECONOMIE": {"medie": 5.5, "reusita": 100.0, "cnt": 1}}, "nume": "COLEGIUL \"EMIL NEGRUTIU\" TURDA\tCluj"}