{"specializari": {"TEHNICIAN IN INDUSTRIA ALIMENTARA": 1, "TEHNICIAN MECANIC PENTRU INTRETINERE SI REPARATII": 16, "TEHNICIAN IN INSTALATII ELECTRICE": 4, "TEHNICIAN CHIMIST DE LABORATOR": 2, "TEHNICIAN ECOLOG SI PROTECTIA CALITATII MEDIULUI": 2, "TEHNICIAN ELECTROTEHNIST": 1, "TEHNICIAN OPERATOR TEHNICA DE CALCUL": 9, "TEHNICIAN DE TELECOMUNICATII": 3, "TEHNICIAN TRANSPORTURI": 2, "MATEMATICA-INFORMATICA": 12}, "limba_moderna": {"LIMBA ENGLEZA": 39, "LIMBA FRANCEZA": 13}, "limba_materna": {"LIMBA ROMANA": 52}, "promotie_anterioara": {"DA": 23, "NU": 29}, "materii": {"LIMBA ROMANA": {"medie": 4.6049999999999995, "reusita": 46.15384615384615, "cnt": 52}, "MATEMATICA TEHN": {"medie": 2.6913793103448276, "reusita": 17.5, "cnt": 40}, "BIOLOGIE VEGETALA SI ANIMALA": {"medie": 3.81551724137931, "reusita": 23.809523809523807, "cnt": 42}, "GENERAL": {"medie": 3.7402298850574724, "reusita": 1.9230769230769231, "cnt": 52}, "FIZICA TEH": {"medie": 2.8333333333333335, "reusita": 14.285714285714285, "cnt": 7}, "MATEMATICA MATE-INFO": {"medie": 1.3833333333333335, "reusita": 0.0, "cnt": 12}, "CHIMIE ORGANICA TEH NIVEL I/II": {"medie": 7.45, "reusita": 100.0, "cnt": 1}, "FIZICA TEO": {"medie": 2.5, "reusita": 0.0, "cnt": 1}, "CHIMIE ANORGANICA TEO NIVEL I/II": {"medie": "-", "reusita": 0.0, "cnt": 1}}, "nume": "COLEGIUL TEHNIC \"VICEAMIRAL IOAN BALANESCU\" GIURGIU\tGiurgiu"}