{"specializari": {"TEHNICIAN ECOLOG SI PROTECTIA CALITATII MEDIULUI": 24, "TEHNICIAN CHIMIST DE LABORATOR": 28, "COAFOR STILIST": 3}, "limba_moderna": {"LIMBA FRANCEZA": 7, "LIMBA ENGLEZA": 48}, "limba_materna": {"LIMBA ROMANA": 55}, "promotie_anterioara": {"DA": 10, "NU": 45}, "materii": {"LIMBA ROMANA": {"medie": 6.349074074074075, "reusita": 90.9090909090909, "cnt": 55}, "MATEMATICA TEHN": {"medie": 5.528301886792455, "reusita": 76.36363636363637, "cnt": 55}, "BIOLOGIE VEGETALA SI ANIMALA": {"medie": 6.5137931034482754, "reusita": 90.0, "cnt": 30}, "GENERAL": {"medie": 6.066666666666666, "reusita": 52.72727272727272, "cnt": 55}, "GEOGRAFIE": {"medie": 4.983333333333333, "reusita": 33.33333333333333, "cnt": 3}, "ANATOMIE SI FIZIOLOGIE UMANA, GENETICA SI ECOLOGIE UMANA": {"medie": 7.333333333333333, "reusita": 100.0, "cnt": 3}, "FIZICA TEH": {"medie": 7.3, "reusita": 100.0, "cnt": 1}, "CHIMIE ANORGANICA TEH NIVEL I/II": {"medie": 6.013888888888889, "reusita": 83.33333333333334, "cnt": 18}}, "nume": "COLEGIUL TEHNIC \"ANA ASLAN\" CLUJ-NAPOCA\tCluj"}