{"specializari": {"TEHNICIAN ELECTROMECANIC": 31, "TEHNICIAN MECATRONIST": 23, "TEHNICIAN ECOLOG SI PROTECTIA CALITATII MEDIULUI": 53, "TEHNICIAN OPERATOR TEHNICA DE CALCUL": 8, "TEHNICIAN TRANSPORTURI": 1, "TEHNICIAN CHIMIST DE LABORATOR": 79, "TEHNICIAN IN AUTOMATIZARI": 27, "TEHNICIAN MECANIC PENTRU INTRETINERE SI REPARATII": 7, "TEHNICIAN IN ACTIVITATI ECONOMICE": 22, "STIINTE ALE NATURII": 1, "TEHNICIAN ELECTROTEHNIST": 1, "TEHNICIAN IN CHIMIE INDUSTRIALA": 1}, "limba_moderna": {"LIMBA ENGLEZA": 226, "LIMBA FRANCEZA": 28}, "limba_materna": {"LIMBA ROMANA": 254}, "promotie_anterioara": {"DA": 69, "NU": 185}, "materii": {"LIMBA ROMANA": {"medie": 6.495381526104411, "reusita": 90.15748031496062, "cnt": 254}, "MATEMATICA TEHN": {"medie": 5.30914634146341, "reusita": 68.77470355731225, "cnt": 253}, "BIOLOGIE VEGETALA SI ANIMALA": {"medie": 5.914238410596024, "reusita": 76.58227848101265, "cnt": 158}, "GENERAL": {"medie": 6.133056708160441, "reusita": 50.0, "cnt": 254}, "GEOGRAFIE": {"medie": 9.033333333333333, "reusita": 100.0, "cnt": 6}, "ANATOMIE SI FIZIOLOGIE UMANA, GENETICA SI ECOLOGIE UMANA": {"medie": 7.239361702127661, "reusita": 95.74468085106383, "cnt": 47}, "FIZICA TEH": {"medie": 7.411538461538461, "reusita": 100.0, "cnt": 13}, "MATEMATICA ST-NAT": {"medie": "-", "reusita": 0.0, "cnt": 1}, "CHIMIE ANORGANICA TEH NIVEL I/II": {"medie": 6.931818181818182, "reusita": 100.0, "cnt": 11}, "CHIMIE ORGANICA TEH NIVEL I/II": {"medie": 5.7, "reusita": 66.66666666666666, "cnt": 3}, "LOGICA, ARGUMENTARE SI COMUNICARE": {"medie": 8.450000000000001, "reusita": 100.0, "cnt": 12}, "ECONOMIE": {"medie": 7.725, "reusita": 100.0, "cnt": 4}}, "nume": "COLEGIUL TEHNIC \"COSTIN D. NENITESCU\" PITESTI\tArge\u0219"}