{"specializari": {"MATEMATICA-INFORMATICA": 114, "STIINTE ALE NATURII": 30, "FILOLOGIE": 24, "STIINTE SOCIALE": 30}, "limba_moderna": {"LIMBA ENGLEZA": 189, "LIMBA GERMANA MODERNA": 3, "LIMBA FRANCEZA": 6}, "limba_materna": {"LIMBA ROMANA": 198}, "promotie_anterioara": {"NU": 198}, "materii": {"LIMBA ROMANA": {"medie": 9.08585858585859, "reusita": 100.0, "cnt": 198}, "BIOLOGIE VEGETALA SI ANIMALA": {"medie": 9.169047619047618, "reusita": 100.0, "cnt": 21}, "GENERAL": {"medie": 9.193434343434344, "reusita": 99.4949494949495, "cnt": 198}, "GEOGRAFIE": {"medie": 9.354545454545454, "reusita": 100.0, "cnt": 33}, "ANATOMIE SI FIZIOLOGIE UMANA, GENETICA SI ECOLOGIE UMANA": {"medie": 8.816666666666666, "reusita": 100.0, "cnt": 6}, "MATEMATICA ST-NAT": {"medie": 8.946666666666667, "reusita": 96.66666666666667, "cnt": 30}, "MATEMATICA MATE-INFO": {"medie": 9.443859649122805, "reusita": 100.0, "cnt": 114}, "ISTORIE": {"medie": 8.850000000000001, "reusita": 100.0, "cnt": 54}, "LOGICA, ARGUMENTARE SI COMUNICARE": {"medie": 9.075000000000001, "reusita": 100.0, "cnt": 6}, "SOCIOLOGIE": {"medie": 8.9, "reusita": 100.0, "cnt": 2}, "FIZICA TEO": {"medie": 9.383561643835613, "reusita": 100.0, "cnt": 73}, "INFORMATICA MI C/C++": {"medie": 9.235000000000001, "reusita": 100.0, "cnt": 20}, "CHIMIE ORGANICA TEO NIVEL I/II": {"medie": 9.154166666666667, "reusita": 100.0, "cnt": 24}, "PSIHOLOGIE": {"medie": 9.35, "reusita": 100.0, "cnt": 5}, "ECONOMIE": {"medie": 9.55625, "reusita": 100.0, "cnt": 8}}, "nume": "COLEGIUL NATIONAL \"UNIREA\" FOCSANI\tVrancea"}