{"specializari": {"STIINTE ALE NATURII": 36, "TEHNICIAN IN AUTOMATIZARI": 4, "TEHNICIAN IN TURISM": 2, "FILOLOGIE": 33, "TEHNICIAN IN ACTIVITATI DE COMERT": 14, "TEHNICIAN IN ACTIVITATI ECONOMICE": 14, "TEHNICIAN TRANSPORTURI": 1, "MATEMATICA-INFORMATICA": 14, "TEHNICIAN ELECTROTEHNIST": 6}, "limba_moderna": {"LIMBA ENGLEZA": 124}, "limba_materna": {"LIMBA ROMANA": 124}, "promotie_anterioara": {"DA": 33, "NU": 91}, "materii": {"LIMBA ROMANA": {"medie": 7.14032258064516, "reusita": 96.7741935483871, "cnt": 124}, "MATEMATICA TEHN": {"medie": 5.290000000000001, "reusita": 63.41463414634146, "cnt": 41}, "BIOLOGIE VEGETALA SI ANIMALA": {"medie": 6.488461538461537, "reusita": 88.46153846153845, "cnt": 26}, "GENERAL": {"medie": 6.910924369747901, "reusita": 62.903225806451616, "cnt": 124}, "GEOGRAFIE": {"medie": 7.396610169491524, "reusita": 90.0, "cnt": 60}, "ANATOMIE SI FIZIOLOGIE UMANA, GENETICA SI ECOLOGIE UMANA": {"medie": 7.896969696969697, "reusita": 84.84848484848484, "cnt": 33}, "FIZICA TEH": {"medie": 4.0, "reusita": 0.0, "cnt": 1}, "MATEMATICA ST-NAT": {"medie": 4.8621212121212105, "reusita": 55.55555555555556, "cnt": 36}, "MATEMATICA MATE-INFO": {"medie": 8.100000000000001, "reusita": 100.0, "cnt": 14}, "ISTORIE": {"medie": 7.643939393939393, "reusita": 100.0, "cnt": 33}, "LOGICA, ARGUMENTARE SI COMUNICARE": {"medie": 9.05, "reusita": 100.0, "cnt": 1}, "INFORMATICA MI C/C++": {"medie": 8.2, "reusita": 100.0, "cnt": 1}, "PSIHOLOGIE": {"medie": 8.625, "reusita": 100.0, "cnt": 2}}, "nume": "COLEGIUL TEHNIC \"ALEXANDRU ROMAN\" ALESD\tBihor"}