{"specializari": {"ORGANIZATOR BANQUETING": 21, "TEHNICIAN IN TURISM": 29, "MATEMATICA-INFORMATICA": 29, "FILOLOGIE": 31}, "limba_moderna": {"LIMBA ENGLEZA": 91, "LIMBA FRANCEZA": 19}, "limba_materna": {"LIMBA ROMANA": 110}, "promotie_anterioara": {"DA": 14, "NU": 96}, "materii": {"LIMBA ROMANA": {"medie": 6.759090909090908, "reusita": 90.9090909090909, "cnt": 110}, "MATEMATICA TEHN": {"medie": 4.507142857142857, "reusita": 54.0, "cnt": 50}, "BIOLOGIE VEGETALA SI ANIMALA": {"medie": 8.054166666666667, "reusita": 100.0, "cnt": 12}, "GENERAL": {"medie": 6.943425076452599, "reusita": 69.0909090909091, "cnt": 110}, "GEOGRAFIE": {"medie": 7.086718750000001, "reusita": 90.625, "cnt": 64}, "ANATOMIE SI FIZIOLOGIE UMANA, GENETICA SI ECOLOGIE UMANA": {"medie": 9.566666666666666, "reusita": 100.0, "cnt": 3}, "MATEMATICA MATE-INFO": {"medie": 8.322413793103449, "reusita": 96.55172413793103, "cnt": 29}, "ISTORIE": {"medie": 7.750000000000001, "reusita": 96.7741935483871, "cnt": 31}, "LOGICA, ARGUMENTARE SI COMUNICARE": {"medie": 7.820000000000001, "reusita": 93.33333333333333, "cnt": 15}, "FIZICA TEO": {"medie": 9.08, "reusita": 100.0, "cnt": 5}, "INFORMATICA MI C/C++": {"medie": 8.616666666666665, "reusita": 100.0, "cnt": 6}, "CHIMIE ORGANICA TEO NIVEL I/II": {"medie": 8.125, "reusita": 100.0, "cnt": 2}, "PSIHOLOGIE": {"medie": 7.85, "reusita": 100.0, "cnt": 2}, "INFORMATICA MI PASCAL": {"medie": 6.2, "reusita": 100.0, "cnt": 1}}, "nume": "COLEGIUL \"MIHAIL CANTACUZINO\", ORASUL SINAIA\tPrahova"}