{"specializari": {"TEHNICIAN MECATRONIST": 10, "TEHNICIAN ECOLOG SI PROTECTIA CALITATII MEDIULUI": 23, "TEHNICIAN TRANSPORTURI": 2, "TEHNICIAN IN GASTRONOMIE": 21, "TEHNICIAN ELECTROMECANIC": 15, "TEHNICIAN IN INDUSTRIA TEXTILA": 2, "TEHNICIAN DESIGNER MOBILA SI AMENAJARI INTERIOARE": 1, "TEHNICIAN IN ACTIVITATI DE COMERT": 3, "TEHNICIAN OPERATOR TEHNICA DE CALCUL": 1}, "limba_moderna": {"LIMBA FRANCEZA": 19, "LIMBA ENGLEZA": 58, "LIMBA GERMANA MODERNA": 1}, "limba_materna": {"LIMBA ROMANA": 78}, "promotie_anterioara": {"DA": 29, "NU": 49}, "materii": {"LIMBA ROMANA": {"medie": 6.681410256410259, "reusita": 96.15384615384616, "cnt": 78}, "MATEMATICA TEHN": {"medie": 5.279605263157895, "reusita": 69.23076923076923, "cnt": 78}, "BIOLOGIE VEGETALA SI ANIMALA": {"medie": 5.531249999999998, "reusita": 65.0, "cnt": 40}, "GENERAL": {"medie": 6.105777777777779, "reusita": 44.871794871794876, "cnt": 78}, "GEOGRAFIE": {"medie": 6.969999999999999, "reusita": 100.0, "cnt": 5}, "ANATOMIE SI FIZIOLOGIE UMANA, GENETICA SI ECOLOGIE UMANA": {"medie": 5.266666666666667, "reusita": 50.0, "cnt": 4}, "CHIMIE ANORGANICA TEH NIVEL I/II": {"medie": 4.93, "reusita": 50.0, "cnt": 10}, "LOGICA, ARGUMENTARE SI COMUNICARE": {"medie": 8.9, "reusita": 100.0, "cnt": 19}}, "nume": "COLEGIUL TEHNIC CAMPULUNG\tArge\u0219"}