{"specializari": {"TEHNICIAN IN AUTOMATIZARI": 5, "TEHNICIAN ELECTROTEHNIST": 3, "TEHNICIAN ECOLOG SI PROTECTIA CALITATII MEDIULUI": 28, "TEHNICIAN MECATRONIST": 2, "TEHNICIAN IN INDUSTRIA TEXTILA": 1, "TEHNICIAN MECANIC PENTRU INTRETINERE SI REPARATII": 1, "TEHNICIAN DE TELECOMUNICATII": 13, "TEHNICIAN OPERATOR TEHNICA DE CALCUL": 3, "STIINTE ALE NATURII": 14, "TEHNICIAN ELECTROMECANIC": 10, "TEHNICIAN IN INDUSTRIA MATERIALELOR DE CONSTRUCTII": 1}, "limba_moderna": {"LIMBA ENGLEZA": 68, "LIMBA FRANCEZA": 13}, "limba_materna": {"LIMBA ROMANA": 81}, "promotie_anterioara": {"DA": 37, "NU": 44}, "materii": {"LIMBA ROMANA": {"medie": 5.85705128205128, "reusita": 74.07407407407408, "cnt": 81}, "MATEMATICA TEHN": {"medie": 3.8367187500000006, "reusita": 40.298507462686565, "cnt": 67}, "BIOLOGIE VEGETALA SI ANIMALA": {"medie": 4.270270270270269, "reusita": 43.58974358974359, "cnt": 39}, "GENERAL": {"medie": 4.928888888888889, "reusita": 19.753086419753085, "cnt": 81}, "ANATOMIE SI FIZIOLOGIE UMANA, GENETICA SI ECOLOGIE UMANA": {"medie": 5.522972972972973, "reusita": 73.68421052631578, "cnt": 38}, "FIZICA TEH": {"medie": 5.25, "reusita": 33.33333333333333, "cnt": 3}, "MATEMATICA ST-NAT": {"medie": 4.424999999999999, "reusita": 57.14285714285714, "cnt": 14}, "CHIMIE ANORGANICA TEH NIVEL I/II": {"medie": 5.0, "reusita": 100.0, "cnt": 1}}, "nume": "COLEGIUL TEHNIC NR 2 TG-JIU\tGorj"}