{"specializari": {"MATEMATICA-INFORMATICA": 32, "TEHNICIAN IN INSTALATII ELECTRICE": 33, "TEHNICIAN MECANIC PENTRU INTRETINERE SI REPARATII": 50, "TEHNICIAN IN AGROTURISM": 7, "STIINTE ALE NATURII": 33}, "limba_moderna": {"LIMBA FRANCEZA": 30, "LIMBA ENGLEZA": 125}, "limba_materna": {"LIMBA ROMANA": 155}, "promotie_anterioara": {"DA": 36, "NU": 119}, "materii": {"LIMBA ROMANA": {"medie": 5.809154929577464, "reusita": 63.87096774193548, "cnt": 155}, "MATEMATICA TEHN": {"medie": 3.016197183098592, "reusita": 17.77777777777778, "cnt": 90}, "BIOLOGIE VEGETALA SI ANIMALA": {"medie": 3.997402597402596, "reusita": 26.595744680851062, "cnt": 94}, "GENERAL": {"medie": 5.524502487562186, "reusita": 36.12903225806451, "cnt": 155}, "ANATOMIE SI FIZIOLOGIE UMANA, GENETICA SI ECOLOGIE UMANA": {"medie": 8.126229508196724, "reusita": 100.0, "cnt": 61}, "MATEMATICA ST-NAT": {"medie": 6.487878787878788, "reusita": 84.84848484848484, "cnt": 33}, "MATEMATICA MATE-INFO": {"medie": 6.767187500000002, "reusita": 87.5, "cnt": 32}}, "nume": "COLEGIUL TEHNOLOGIC \"CONSTANTIN BRANCOVEANU\"\tMehedin\u021bi"}