{"specializari": {"MATEMATICA-INFORMATICA": 55, "FILOLOGIE": 62, "STIINTE ALE NATURII": 33}, "limba_moderna": {"LIMBA ENGLEZA": 144, "LIMBA FRANCEZA": 6}, "limba_materna": {"LIMBA ROMANA": 150}, "promotie_anterioara": {"DA": 1, "NU": 149}, "materii": {"LIMBA ROMANA": {"medie": 8.477999999999996, "reusita": 100.0, "cnt": 150}, "BIOLOGIE VEGETALA SI ANIMALA": {"medie": 8.675, "reusita": 100.0, "cnt": 2}, "GENERAL": {"medie": 8.51348888888889, "reusita": 98.0, "cnt": 150}, "GEOGRAFIE": {"medie": 8.774074074074074, "reusita": 100.0, "cnt": 27}, "ANATOMIE SI FIZIOLOGIE UMANA, GENETICA SI ECOLOGIE UMANA": {"medie": 8.565416666666666, "reusita": 100.0, "cnt": 24}, "MATEMATICA ST-NAT": {"medie": 8.933333333333334, "reusita": 100.0, "cnt": 33}, "MATEMATICA MATE-INFO": {"medie": 8.655454545454544, "reusita": 100.0, "cnt": 55}, "ISTORIE": {"medie": 7.978225806451612, "reusita": 98.38709677419355, "cnt": 62}, "LOGICA, ARGUMENTARE SI COMUNICARE": {"medie": 8.615, "reusita": 100.0, "cnt": 30}, "FIZICA TEO": {"medie": 8.48611111111111, "reusita": 100.0, "cnt": 18}, "INFORMATICA MI C/C++": {"medie": 8.494736842105263, "reusita": 100.0, "cnt": 19}, "CHIMIE ORGANICA TEO NIVEL I/II": {"medie": 8.825999999999999, "reusita": 100.0, "cnt": 25}, "PSIHOLOGIE": {"medie": 8.325, "reusita": 100.0, "cnt": 4}, "ECONOMIE": {"medie": 7.5, "reusita": 100.0, "cnt": 1}}, "nume": "COLEGIUL NATIONAL \"MIHAI EMINESCU\" PETROSANI\tHunedoara"}