{"specializari": {"STIINTE ALE NATURII": 31, "MATEMATICA-INFORMATICA": 61}, "limba_moderna": {"LIMBA ENGLEZA": 92}, "limba_materna": {"LIMBA ROMANA": 92}, "promotie_anterioara": {"NU": 92}, "materii": {"LIMBA ROMANA": {"medie": 9.279347826086957, "reusita": 100.0, "cnt": 92}, "BIOLOGIE VEGETALA SI ANIMALA": {"medie": 9.575, "reusita": 100.0, "cnt": 2}, "GENERAL": {"medie": 9.436775362318844, "reusita": 100.0, "cnt": 92}, "ANATOMIE SI FIZIOLOGIE UMANA, GENETICA SI ECOLOGIE UMANA": {"medie": 9.560377358490566, "reusita": 100.0, "cnt": 53}, "MATEMATICA ST-NAT": {"medie": 9.485483870967743, "reusita": 100.0, "cnt": 31}, "MATEMATICA MATE-INFO": {"medie": 9.58606557377049, "reusita": 100.0, "cnt": 61}, "FIZICA TEO": {"medie": 9.616666666666665, "reusita": 100.0, "cnt": 12}, "INFORMATICA MI C/C++": {"medie": 9.123529411764705, "reusita": 100.0, "cnt": 17}, "CHIMIE ANORGANICA TEO NIVEL I/II": {"medie": 10.0, "reusita": 100.0, "cnt": 1}, "CHIMIE ORGANICA TEO NIVEL I/II": {"medie": 9.3, "reusita": 100.0, "cnt": 5}, "INFORMATICA SN C/C++": {"medie": 9.6, "reusita": 100.0, "cnt": 2}}, "nume": "COLEGIUL NATIONAL \"EMIL RACOVITA\" CLUJ-NAPOCA\tCluj"}