{"specializari": {"TEHNICIAN IN ACTIVITATI ECONOMICE": 125, "TEHNICIAN IN GASTRONOMIE": 22, "ORGANIZATOR BANQUETING": 33, "TEHNICIAN IN TURISM": 30}, "limba_moderna": {"LIMBA FRANCEZA": 2, "LIMBA ENGLEZA": 201, "LIMBA ITALIANA": 7}, "limba_materna": {"LIMBA ROMANA": 210}, "promotie_anterioara": {"DA": 15, "NU": 195}, "materii": {"LIMBA ROMANA": {"medie": 6.8799043062200935, "reusita": 94.28571428571428, "cnt": 210}, "MATEMATICA TEHN": {"medie": 6.693509615384613, "reusita": 89.52380952380953, "cnt": 210}, "GENERAL": {"medie": 7.148872785829307, "reusita": 80.47619047619048, "cnt": 210}, "GEOGRAFIE": {"medie": 7.850975609756098, "reusita": 97.10144927536231, "cnt": 207}, "PSIHOLOGIE": {"medie": 6.1, "reusita": 100.0, "cnt": 2}, "ECONOMIE": {"medie": 7.5, "reusita": 100.0, "cnt": 1}}, "nume": "COLEGIUL ECONOMIC \"FRANCESCO SAVERIO NITTI\" TIMISOARA\tTimi\u0219"}