{"specializari": {"MATEMATICA-INFORMATICA": 124, "STIINTE ALE NATURII": 61, "STIINTE SOCIALE": 34, "FILOLOGIE": 35}, "limba_moderna": {"LIMBA ENGLEZA": 247, "LIMBA FRANCEZA": 6, "LIMBA GERMANA MODERNA": 1}, "limba_materna": {"LIMBA ROMANA": 254}, "promotie_anterioara": {"DA": 3, "NU": 251}, "materii": {"LIMBA ROMANA": {"medie": 8.540354330708661, "reusita": 99.60629921259843, "cnt": 254}, "BIOLOGIE VEGETALA SI ANIMALA": {"medie": 7.5, "reusita": 100.0, "cnt": 2}, "GENERAL": {"medie": 8.621391076115485, "reusita": 96.8503937007874, "cnt": 254}, "GEOGRAFIE": {"medie": 8.225000000000001, "reusita": 100.0, "cnt": 2}, "ANATOMIE SI FIZIOLOGIE UMANA, GENETICA SI ECOLOGIE UMANA": {"medie": 8.418023255813953, "reusita": 97.67441860465115, "cnt": 86}, "MATEMATICA ST-NAT": {"medie": 8.777868852459015, "reusita": 100.0, "cnt": 61}, "MATEMATICA MATE-INFO": {"medie": 8.617741935483874, "reusita": 99.19354838709677, "cnt": 124}, "ISTORIE": {"medie": 8.705072463768115, "reusita": 100.0, "cnt": 69}, "LOGICA, ARGUMENTARE SI COMUNICARE": {"medie": 8.924999999999999, "reusita": 100.0, "cnt": 22}, "SOCIOLOGIE": {"medie": 8.927419354838708, "reusita": 100.0, "cnt": 31}, "FIZICA TEO": {"medie": 8.852040816326525, "reusita": 100.0, "cnt": 49}, "INFORMATICA MI C/C++": {"medie": 8.22, "reusita": 100.0, "cnt": 25}, "CHIMIE ANORGANICA TEO NIVEL I/II": {"medie": 8.45, "reusita": 100.0, "cnt": 1}, "CHIMIE ORGANICA TEO NIVEL I/II": {"medie": 8.806818181818182, "reusita": 100.0, "cnt": 22}, "FILOSOFIE": {"medie": 8.9, "reusita": 100.0, "cnt": 1}, "PSIHOLOGIE": {"medie": 9.133333333333335, "reusita": 100.0, "cnt": 3}, "ECONOMIE": {"medie": 8.930000000000001, "reusita": 100.0, "cnt": 10}}, "nume": "COLEGIUL NATIONAL \"MATEI BASARAB\"\tBucure\u0219ti"}