{"specializari": {"STIINTE ALE NATURII": 100, "STIINTE SOCIALE": 34, "MATEMATICA-INFORMATICA": 34, "FILOLOGIE": 34}, "limba_moderna": {"LIMBA ENGLEZA": 191, "LIMBA GERMANA MODERNA": 6, "LIMBA FRANCEZA": 5}, "limba_materna": {"LIMBA ROMANA": 202}, "promotie_anterioara": {"DA": 5, "NU": 197}, "materii": {"LIMBA ROMANA": {"medie": 7.957920792079209, "reusita": 98.51485148514851, "cnt": 202}, "BIOLOGIE VEGETALA SI ANIMALA": {"medie": 8.3, "reusita": 100.0, "cnt": 1}, "GENERAL": {"medie": 8.209038142620232, "reusita": 94.05940594059405, "cnt": 202}, "GEOGRAFIE": {"medie": 8.644117647058822, "reusita": 100.0, "cnt": 17}, "ANATOMIE SI FIZIOLOGIE UMANA, GENETICA SI ECOLOGIE UMANA": {"medie": 8.36428571428571, "reusita": 100.0, "cnt": 70}, "MATEMATICA ST-NAT": {"medie": 8.419696969696966, "reusita": 98.0, "cnt": 100}, "MATEMATICA MATE-INFO": {"medie": 8.457352941176469, "reusita": 100.0, "cnt": 34}, "ISTORIE": {"medie": 7.66544117647059, "reusita": 97.05882352941177, "cnt": 68}, "LOGICA, ARGUMENTARE SI COMUNICARE": {"medie": 8.454255319148936, "reusita": 93.61702127659575, "cnt": 47}, "FIZICA TEO": {"medie": 8.479411764705882, "reusita": 100.0, "cnt": 34}, "INFORMATICA MI C/C++": {"medie": 8.52, "reusita": 100.0, "cnt": 5}, "CHIMIE ANORGANICA TEO NIVEL I/II": {"medie": 8.974999999999998, "reusita": 100.0, "cnt": 10}, "CHIMIE ORGANICA TEO NIVEL I/II": {"medie": 8.403846153846153, "reusita": 100.0, "cnt": 13}, "PSIHOLOGIE": {"medie": 8.1, "reusita": 100.0, "cnt": 1}, "INFORMATICA SN C/C++": {"medie": 8.65, "reusita": 100.0, "cnt": 1}, "ECONOMIE": {"medie": 8.616666666666665, "reusita": 100.0, "cnt": 3}}, "nume": "COLEGIUL NATIONAL \"MIHAI EMINESCU\" CONSTANTA\tConstan\u021ba"}