{"specializari": {"TEHNICIAN IN AUTOMATIZARI": 15, "TEHNICIAN DESIGNER VESTIMENTAR": 2, "TEHNICIAN TRANSPORTURI": 8, "TEHNICIAN IN GASTRONOMIE": 26, "TEHNICIAN IN TURISM": 24, "TEHNICIAN IN ACTIVITATI ECONOMICE": 50, "STIINTE SOCIALE": 33, "STIINTE ALE NATURII": 53, "TEHNICIAN IN HOTELARIE": 8, "TEHNICIAN IN ADMINISTRATIE": 25, "FILOLOGIE": 30, "MATEMATICA-INFORMATICA": 63, "TEHNICIAN IN CONSTRUCTII SI LUCRARI PUBLICE": 3, "TEHNICIAN IN ACTIVITATI DE COMERT": 1}, "limba_moderna": {"LIMBA ENGLEZA": 267, "LIMBA FRANCEZA": 74}, "limba_materna": {"LIMBA ROMANA": 341}, "promotie_anterioara": {"DA": 66, "NU": 275}, "materii": {"LIMBA ROMANA": {"medie": 6.794247787610618, "reusita": 89.14956011730204, "cnt": 341}, "MATEMATICA TEHN": {"medie": 4.157643312101911, "reusita": 38.2716049382716, "cnt": 162}, "BIOLOGIE VEGETALA SI ANIMALA": {"medie": 5.275, "reusita": 55.55555555555556, "cnt": 27}, "GENERAL": {"medie": 6.539321357285427, "reusita": 55.13196480938416, "cnt": 341}, "GEOGRAFIE": {"medie": 6.498581560283689, "reusita": 82.51748251748252, "cnt": 143}, "ANATOMIE SI FIZIOLOGIE UMANA, GENETICA SI ECOLOGIE UMANA": {"medie": 7.585714285714288, "reusita": 94.89795918367348, "cnt": 98}, "FIZICA TEH": {"medie": 6.0, "reusita": 100.0, "cnt": 1}, "MATEMATICA ST-NAT": {"medie": 6.711320754716984, "reusita": 94.33962264150944, "cnt": 53}, "MATEMATICA MATE-INFO": {"medie": 7.992857142857142, "reusita": 96.82539682539682, "cnt": 63}, "ISTORIE": {"medie": 6.454761904761904, "reusita": 85.71428571428571, "cnt": 63}, "LOGICA, ARGUMENTARE SI COMUNICARE": {"medie": 8.186538461538461, "reusita": 90.56603773584906, "cnt": 53}, "FIZICA TEO": {"medie": 9.45, "reusita": 100.0, "cnt": 2}, "INFORMATICA MI C/C++": {"medie": 8.418181818181818, "reusita": 100.0, "cnt": 11}, "CHIMIE ANORGANICA TEO NIVEL I/II": {"medie": 7.016666666666667, "reusita": 100.0, "cnt": 3}, "CHIMIE ORGANICA TEO NIVEL I/II": {"medie": 9.575, "reusita": 100.0, "cnt": 2}, "FILOSOFIE": {"medie": 8.6, "reusita": 100.0, "cnt": 1}}, "nume": "COLEGIUL \"ALEXANDRU CEL BUN\" GURA HUMORULUI\tSuceava"}