{"specializari": {"TEHNICIAN IN ADMINISTRATIE": 21, "TEHNICIAN IN AGROTURISM": 23, "TEHNICIAN IN ACTIVITATI ECONOMICE": 24, "TEHNICIAN HIDRO-METEOROLOG": 1, "TEHNICIAN ECOLOG SI PROTECTIA CALITATII MEDIULUI": 31, "TEHNICIAN VETERINAR": 22, "TEHNICIAN IN INDUSTRIA ALIMENTARA": 18, "TEHNICIAN IN AGRICULTURA": 2, "TEHNICIAN ANALIZE PRODUSE ALIMENTARE": 9}, "limba_moderna": {"LIMBA ENGLEZA": 141, "LIMBA FRANCEZA": 10}, "limba_materna": {"LIMBA ROMANA": 150, "LIMBA MAGHIARA": 1}, "promotie_anterioara": {"DA": 39, "NU": 112}, "materii": {"LIMBA ROMANA": {"medie": 4.994244604316547, "reusita": 60.9271523178808, "cnt": 151}, "MATEMATICA TEHN": {"medie": 3.3926470588235293, "reusita": 32.450331125827816, "cnt": 151}, "BIOLOGIE VEGETALA SI ANIMALA": {"medie": 5.425000000000001, "reusita": 50.0, "cnt": 2}, "GENERAL": {"medie": 4.600897435897436, "reusita": 17.218543046357617, "cnt": 151}, "GEOGRAFIE": {"medie": 7.008749999999999, "reusita": 87.5, "cnt": 40}, "ANATOMIE SI FIZIOLOGIE UMANA, GENETICA SI ECOLOGIE UMANA": {"medie": 4.539784946236559, "reusita": 41.34615384615385, "cnt": 104}, "LIMBA MAGHIARA (REAL)": {"medie": 5.0, "reusita": 100.0, "cnt": 1}, "PSIHOLOGIE": {"medie": 6.8, "reusita": 100.0, "cnt": 5}}, "nume": "COLEGIUL AGRICOL \"TRAIAN SAVULESCU\" TIRGU MURES\tMure\u0219"}