{"specializari": {"TEHNICIAN INSTALATOR PENTRU CONSTRUCTII": 2, "TEHNICIAN MECANIC PENTRU INTRETINERE SI REPARATII": 26, "TEHNICIAN DESIGNER VESTIMENTAR": 12}, "limba_moderna": {"LIMBA ENGLEZA": 38, "LIMBA FRANCEZA": 2}, "limba_materna": {"LIMBA ROMANA": 40}, "promotie_anterioara": {"DA": 2, "NU": 38}, "materii": {"LIMBA ROMANA": {"medie": 4.953846153846154, "reusita": 22.5, "cnt": 40}, "MATEMATICA TEHN": {"medie": 3.063636363636363, "reusita": 5.0, "cnt": 40}, "BIOLOGIE VEGETALA SI ANIMALA": {"medie": 4.2625, "reusita": 12.5, "cnt": 40}, "GENERAL": {"medie": 4.401666666666667, "reusita": 5.0, "cnt": 40}}, "nume": "COLEGIUL TEHNIC CARASAN RESITA\tCara\u0219-Severin"}