{"specializari": {"MATEMATICA-INFORMATICA": 271}, "limba_moderna": {"LIMBA ENGLEZA": 264, "LIMBA GERMANA MODERNA": 2, "LIMBA FRANCEZA": 5}, "limba_materna": {"LIMBA ROMANA": 271}, "promotie_anterioara": {"NU": 271}, "materii": {"LIMBA ROMANA": {"medie": 9.212730627306275, "reusita": 100.0, "cnt": 271}, "BIOLOGIE VEGETALA SI ANIMALA": {"medie": 8.692857142857141, "reusita": 100.0, "cnt": 7}, "GENERAL": {"medie": 9.344501845018447, "reusita": 100.0, "cnt": 271}, "ANATOMIE SI FIZIOLOGIE UMANA, GENETICA SI ECOLOGIE UMANA": {"medie": 8.826086956521738, "reusita": 100.0, "cnt": 23}, "MATEMATICA MATE-INFO": {"medie": 9.487638376383769, "reusita": 100.0, "cnt": 271}, "FIZICA TEO": {"medie": 9.364180327868853, "reusita": 100.0, "cnt": 122}, "INFORMATICA MI C/C++": {"medie": 9.435119047619049, "reusita": 100.0, "cnt": 84}, "CHIMIE ANORGANICA TEO NIVEL I/II": {"medie": 9.555555555555555, "reusita": 100.0, "cnt": 9}, "CHIMIE ORGANICA TEO NIVEL I/II": {"medie": 9.401923076923078, "reusita": 100.0, "cnt": 26}}, "nume": "COLEGIUL NATIONAL DE INFORMATICA \"TUDOR VIANU\"\tBucure\u0219ti"}