{"specializari": {"STIINTE SOCIALE": 9, "MATEMATICA-INFORMATICA": 11}, "limba_moderna": {"LIMBA ENGLEZA": 20}, "limba_materna": {"LIMBA ROMANA": 20}, "promotie_anterioara": {"NU": 20}, "materii": {"LIMBA ROMANA": {"medie": 9.245000000000001, "reusita": 100.0, "cnt": 20}, "GENERAL": {"medie": 9.2175, "reusita": 100.0, "cnt": 20}, "GEOGRAFIE": {"medie": 9.65, "reusita": 100.0, "cnt": 1}, "ANATOMIE SI FIZIOLOGIE UMANA, GENETICA SI ECOLOGIE UMANA": {"medie": 8.4, "reusita": 100.0, "cnt": 1}, "MATEMATICA MATE-INFO": {"medie": 9.340909090909092, "reusita": 100.0, "cnt": 11}, "ISTORIE": {"medie": 9.411111111111111, "reusita": 100.0, "cnt": 9}, "LOGICA, ARGUMENTARE SI COMUNICARE": {"medie": 9.55, "reusita": 100.0, "cnt": 2}, "SOCIOLOGIE": {"medie": 8.575, "reusita": 100.0, "cnt": 2}, "FIZICA TEO": {"medie": 9.416666666666666, "reusita": 100.0, "cnt": 6}, "CHIMIE ORGANICA TEO NIVEL I/II": {"medie": 8.5875, "reusita": 100.0, "cnt": 4}, "ECONOMIE": {"medie": 8.8875, "reusita": 100.0, "cnt": 4}}, "nume": "COMPLEXUL EDUCATIONAL LAUDE-REUT\tBucure\u0219ti"}