{"specializari": {"TEHNICIAN IN TURISM": 9, "FILOLOGIE": 47}, "limba_moderna": {"LIMBA ENGLEZA": 53, "LIMBA FRANCEZA": 2, "LIMBA GERMANA MODERNA": 1}, "limba_materna": {"LIMBA ROMANA": 56}, "promotie_anterioara": {"DA": 30, "NU": 26}, "materii": {"LIMBA ROMANA": {"medie": 5.7221153846153845, "reusita": 76.78571428571429, "cnt": 56}, "MATEMATICA TEHN": {"medie": 5.275, "reusita": 55.55555555555556, "cnt": 9}, "GENERAL": {"medie": 6.234313725490196, "reusita": 55.35714285714286, "cnt": 56}, "GEOGRAFIE": {"medie": 6.898039215686272, "reusita": 86.79245283018868, "cnt": 53}, "ISTORIE": {"medie": 6.087777777777777, "reusita": 87.2340425531915, "cnt": 47}, "LOGICA, ARGUMENTARE SI COMUNICARE": {"medie": 9.2, "reusita": 100.0, "cnt": 1}, "SOCIOLOGIE": {"medie": 7.0, "reusita": 100.0, "cnt": 1}, "PSIHOLOGIE": {"medie": 4.65, "reusita": 0.0, "cnt": 1}}, "nume": "COMPLEXUL SCOLAR \"CRONOS\"\tBucure\u0219ti"}