{"specializari": {"LICEU CU PROGRAM SPORTIV": 72}, "limba_moderna": {"LIMBA FRANCEZA": 7, "LIMBA ENGLEZA": 65}, "limba_materna": {"LIMBA ROMANA": 72}, "promotie_anterioara": {"DA": 9, "NU": 63}, "materii": {"LIMBA ROMANA": {"medie": 6.599999999999998, "reusita": 93.05555555555556, "cnt": 72}, "GENERAL": {"medie": 6.8917840375586845, "reusita": 70.83333333333334, "cnt": 72}, "GEOGRAFIE": {"medie": 7.371014492753624, "reusita": 88.57142857142857, "cnt": 70}, "ISTORIE": {"medie": 6.696527777777778, "reusita": 90.27777777777779, "cnt": 72}, "FILOSOFIE": {"medie": 6.5, "reusita": 100.0, "cnt": 2}}, "nume": "LICEUL CU PROGRAM SPORTIV FOCSANI\tVrancea"}