{"specializari": {"LICEU CU PROGRAM SPORTIV": 119, "FILOLOGIE": 1}, "limba_moderna": {"LIMBA ENGLEZA": 118, "LIMBA FRANCEZA": 2}, "limba_materna": {"LIMBA ROMANA": 120}, "promotie_anterioara": {"DA": 21, "NU": 99}, "materii": {"LIMBA ROMANA": {"medie": 5.591810344827584, "reusita": 77.5, "cnt": 120}, "GENERAL": {"medie": 6.314637681159419, "reusita": 60.0, "cnt": 120}, "GEOGRAFIE": {"medie": 7.402252252252252, "reusita": 88.69565217391305, "cnt": 115}, "ISTORIE": {"medie": 5.888888888888889, "reusita": 80.0, "cnt": 120}, "LOGICA, ARGUMENTARE SI COMUNICARE": {"medie": 8.799999999999999, "reusita": 100.0, "cnt": 3}, "PSIHOLOGIE": {"medie": 7.475, "reusita": 100.0, "cnt": 2}}, "nume": "LICEUL CU PROGRAM SPORTIV \"BANATUL\" TIMISOARA\tTimi\u0219"}