{"specializari": {"LICEU CU PROGRAM SPORTIV": 60}, "limba_moderna": {"LIMBA ENGLEZA": 55, "LIMBA FRANCEZA": 5}, "limba_materna": {"LIMBA ROMANA": 60}, "promotie_anterioara": {"DA": 11, "NU": 49}, "materii": {"LIMBA ROMANA": {"medie": 6.517796610169489, "reusita": 81.66666666666667, "cnt": 60}, "GENERAL": {"medie": 6.673275862068965, "reusita": 65.0, "cnt": 60}, "GEOGRAFIE": {"medie": 6.968604651162791, "reusita": 73.33333333333333, "cnt": 45}, "ISTORIE": {"medie": 6.32542372881356, "reusita": 91.66666666666666, "cnt": 60}, "LOGICA, ARGUMENTARE SI COMUNICARE": {"medie": 7.56923076923077, "reusita": 92.3076923076923, "cnt": 13}, "PSIHOLOGIE": {"medie": 7.45, "reusita": 100.0, "cnt": 2}}, "nume": "LICEUL CU PROGRAM SPORTIV SLATINA\tOlt"}