{"specializari": {"STIINTE ALE NATURII": 11}, "limba_moderna": {"LIMBA ENGLEZA": 11}, "limba_materna": {"LIMBA ROMANA": 11}, "promotie_anterioara": {"NU": 11}, "materii": {"LIMBA ROMANA": {"medie": 8.009090909090908, "reusita": 100.0, "cnt": 11}, "GENERAL": {"medie": 8.236363636363636, "reusita": 100.0, "cnt": 11}, "ANATOMIE SI FIZIOLOGIE UMANA, GENETICA SI ECOLOGIE UMANA": {"medie": 8.777777777777779, "reusita": 100.0, "cnt": 9}, "MATEMATICA ST-NAT": {"medie": 7.881818181818182, "reusita": 100.0, "cnt": 11}, "CHIMIE ANORGANICA TEO NIVEL I/II": {"medie": 9.1, "reusita": 100.0, "cnt": 1}, "INFORMATICA SN C/C++": {"medie": 8.9, "reusita": 100.0, "cnt": 1}}, "nume": "LICEUL CRESTIN \"LOGOS\" BISTRITA\tBistri\u021ba-N\u0103s\u0103ud"}