{"specializari": {"LICEU CU PROGRAM SPORTIV": 112, "STIINTE ALE NATURII": 25}, "limba_moderna": {"LIMBA ENGLEZA": 132, "LIMBA FRANCEZA": 5}, "limba_materna": {"LIMBA ROMANA": 137}, "promotie_anterioara": {"DA": 25, "NU": 112}, "materii": {"LIMBA ROMANA": {"medie": 6.366917293233084, "reusita": 83.21167883211679, "cnt": 137}, "BIOLOGIE VEGETALA SI ANIMALA": {"medie": 7.7, "reusita": 100.0, "cnt": 2}, "GENERAL": {"medie": 6.341025641025641, "reusita": 56.20437956204379, "cnt": 137}, "GEOGRAFIE": {"medie": 6.5284722222222245, "reusita": 86.8421052631579, "cnt": 76}, "ANATOMIE SI FIZIOLOGIE UMANA, GENETICA SI ECOLOGIE UMANA": {"medie": 7.071739130434783, "reusita": 86.95652173913044, "cnt": 23}, "MATEMATICA ST-NAT": {"medie": 5.9700000000000015, "reusita": 92.0, "cnt": 25}, "ISTORIE": {"medie": 5.461467889908257, "reusita": 81.25, "cnt": 112}, "PSIHOLOGIE": {"medie": 7.879166666666667, "reusita": 100.0, "cnt": 36}}, "nume": "LICEUL CU PROGRAM SPORTIV TG-JIU\tGorj"}