{"specializari": {"LICEU CU PROGRAM SPORTIV": 76}, "limba_moderna": {"LIMBA ENGLEZA": 76}, "limba_materna": {"LIMBA ROMANA": 76}, "promotie_anterioara": {"DA": 24, "NU": 52}, "materii": {"LIMBA ROMANA": {"medie": 5.584246575342465, "reusita": 80.26315789473685, "cnt": 76}, "GENERAL": {"medie": 5.867840375586855, "reusita": 42.10526315789473, "cnt": 76}, "GEOGRAFIE": {"medie": 6.5015625, "reusita": 90.9090909090909, "cnt": 66}, "ISTORIE": {"medie": 5.293243243243242, "reusita": 75.0, "cnt": 76}, "LOGICA, ARGUMENTARE SI COMUNICARE": {"medie": 7.416666666666667, "reusita": 88.88888888888889, "cnt": 9}, "PSIHOLOGIE": {"medie": 8.15, "reusita": 100.0, "cnt": 1}}, "nume": "LICEUL CU PROGRAM SPORTIV BACAU\tBac\u0103u"}