{"specializari": {"LICEU CU PROGRAM SPORTIV": 90}, "limba_moderna": {"LIMBA ENGLEZA": 90}, "limba_materna": {"LIMBA ROMANA": 90}, "promotie_anterioara": {"DA": 23, "NU": 67}, "materii": {"LIMBA ROMANA": {"medie": 6.2523255813953496, "reusita": 84.44444444444444, "cnt": 90}, "GENERAL": {"medie": 6.584509803921568, "reusita": 64.44444444444444, "cnt": 90}, "GEOGRAFIE": {"medie": 7.519333333333332, "reusita": 91.02564102564102, "cnt": 78}, "ISTORIE": {"medie": 6.037500000000002, "reusita": 84.44444444444444, "cnt": 90}, "LOGICA, ARGUMENTARE SI COMUNICARE": {"medie": 6.021428571428571, "reusita": 71.42857142857143, "cnt": 7}, "PSIHOLOGIE": {"medie": 7.612500000000001, "reusita": 80.0, "cnt": 5}}, "nume": "LICEUL CU PROGRAM SPORTIV \"BIHORUL\" ORADEA\tBihor"}