{"specializari": {"LICEU CU PROGRAM SPORTIV": 56}, "limba_moderna": {"LIMBA ENGLEZA": 56}, "limba_materna": {"LIMBA ROMANA": 56}, "promotie_anterioara": {"DA": 4, "NU": 52}, "materii": {"LIMBA ROMANA": {"medie": 6.396363636363637, "reusita": 91.07142857142857, "cnt": 56}, "GENERAL": {"medie": 6.819757575757577, "reusita": 69.64285714285714, "cnt": 56}, "GEOGRAFIE": {"medie": 6.783333333333334, "reusita": 86.36363636363636, "cnt": 22}, "ISTORIE": {"medie": 6.3254545454545426, "reusita": 91.07142857142857, "cnt": 56}, "LOGICA, ARGUMENTARE SI COMUNICARE": {"medie": 8.316451612903228, "reusita": 93.54838709677419, "cnt": 31}, "PSIHOLOGIE": {"medie": 8.433333333333334, "reusita": 100.0, "cnt": 3}}, "nume": "LICEUL CU PROGRAM SPORTIV ALBA IULIA\tAlba"}