{"specializari": {"TEHNICIAN IN INSTALATII ELECTRICE": 35, "TEHNICIAN ELECTROTEHNIST": 26, "TEHNICIAN AGROMONTAN": 5, "STIINTE ALE NATURII": 63, "TEHNICIAN MECATRONIST": 24, "TEHNICIAN ECOLOG SI PROTECTIA CALITATII MEDIULUI": 23, "TEHNICIAN IN INDUSTRIA TEXTILA": 19, "MATEMATICA-INFORMATICA": 30, "TEHNICIAN MECANIC PENTRU INTRETINERE SI REPARATII": 2, "TEHNICIAN IN CONSTRUCTII SI LUCRARI PUBLICE": 2, "STIINTE SOCIALE": 32, "FILOLOGIE": 32}, "limba_moderna": {"LIMBA ENGLEZA": 274, "LIMBA FRANCEZA": 19}, "limba_materna": {"LIMBA ROMANA": 293}, "promotie_anterioara": {"DA": 37, "NU": 256}, "materii": {"LIMBA ROMANA": {"medie": 6.552982456140355, "reusita": 78.49829351535837, "cnt": 293}, "MATEMATICA TEHN": {"medie": 3.0616000000000003, "reusita": 27.205882352941174, "cnt": 136}, "BIOLOGIE VEGETALA SI ANIMALA": {"medie": 3.4096774193548365, "reusita": 20.0, "cnt": 105}, "GENERAL": {"medie": 6.136714975845413, "reusita": 52.218430034129696, "cnt": 293}, "GEOGRAFIE": {"medie": 8.08, "reusita": 96.72131147540983, "cnt": 61}, "ANATOMIE SI FIZIOLOGIE UMANA, GENETICA SI ECOLOGIE UMANA": {"medie": 7.673369565217392, "reusita": 90.32258064516128, "cnt": 93}, "FIZICA TEH": {"medie": 1.6, "reusita": 0.0, "cnt": 1}, "MATEMATICA ST-NAT": {"medie": 6.770634920634921, "reusita": 92.06349206349206, "cnt": 63}, "MATEMATICA MATE-INFO": {"medie": 8.759999999999998, "reusita": 96.66666666666667, "cnt": 30}, "ISTORIE": {"medie": 6.8039682539682556, "reusita": 90.625, "cnt": 64}, "CHIMIE ANORGANICA TEH NIVEL I/II": {"medie": 2.975, "reusita": 0.0, "cnt": 4}, "CHIMIE ORGANICA TEH NIVEL I/II": {"medie": 7.7, "reusita": 100.0, "cnt": 1}, "FIZICA TEO": {"medie": 9.297500000000001, "reusita": 100.0, "cnt": 20}, "INFORMATICA MI C/C++": {"medie": 8.05, "reusita": 100.0, "cnt": 4}, "CHIMIE ANORGANICA TEO NIVEL I/II": {"medie": 3.85, "reusita": 0.0, "cnt": 1}, "ECONOMIE": {"medie": 9.25, "reusita": 100.0, "cnt": 3}}, "nume": "LICEUL CONSTANTIN BRANCOVEANU, ORAS HOREZU\tV\u00e2lcea"}