{"specializari": {"LICEU CU PROGRAM SPORTIV": 61}, "limba_moderna": {"LIMBA ENGLEZA": 61}, "limba_materna": {"LIMBA ROMANA": 61}, "promotie_anterioara": {"DA": 16, "NU": 45}, "materii": {"LIMBA ROMANA": {"medie": 5.8325, "reusita": 86.88524590163934, "cnt": 61}, "GENERAL": {"medie": 6.21637931034483, "reusita": 52.459016393442624, "cnt": 61}, "GEOGRAFIE": {"medie": 6.470370370370369, "reusita": 82.14285714285714, "cnt": 28}, "ISTORIE": {"medie": 5.888983050847458, "reusita": 85.24590163934425, "cnt": 61}, "LOGICA, ARGUMENTARE SI COMUNICARE": {"medie": 7.214583333333334, "reusita": 88.46153846153845, "cnt": 26}, "PSIHOLOGIE": {"medie": 7.635714285714286, "reusita": 100.0, "cnt": 7}}, "nume": "LICEUL CU PROGRAM SPORTIV BRASOV\tBra\u0219ov"}