{"specializari": {"LICEU CU PROGRAM SPORTIV": 83}, "limba_moderna": {"LIMBA ENGLEZA": 83}, "limba_materna": {"LIMBA ROMANA": 83}, "promotie_anterioara": {"DA": 16, "NU": 67}, "materii": {"LIMBA ROMANA": {"medie": 5.5246913580246915, "reusita": 68.67469879518072, "cnt": 83}, "GENERAL": {"medie": 6.048076923076922, "reusita": 48.19277108433735, "cnt": 83}, "GEOGRAFIE": {"medie": 6.947530864197528, "reusita": 86.58536585365853, "cnt": 82}, "ISTORIE": {"medie": 5.545679012345682, "reusita": 78.3132530120482, "cnt": 83}, "LOGICA, ARGUMENTARE SI COMUNICARE": {"medie": "-", "reusita": 0.0, "cnt": 1}}, "nume": "LICEUL CU PROGRAM SPORTIV \"CETATE\" DEVA\tHunedoara"}