{"specializari": {"LICEU CU PROGRAM SPORTIV": 116, "FILOLOGIE": 57}, "limba_moderna": {"LIMBA ENGLEZA": 165, "LIMBA FRANCEZA": 8}, "limba_materna": {"LIMBA ROMANA": 173}, "promotie_anterioara": {"DA": 24, "NU": 149}, "materii": {"LIMBA ROMANA": {"medie": 5.625609756097562, "reusita": 71.67630057803468, "cnt": 173}, "GENERAL": {"medie": 5.744791666666666, "reusita": 41.040462427745666, "cnt": 173}, "GEOGRAFIE": {"medie": 6.706481481481482, "reusita": 82.75862068965517, "cnt": 58}, "ISTORIE": {"medie": 5.215454545454546, "reusita": 63.58381502890174, "cnt": 173}, "LOGICA, ARGUMENTARE SI COMUNICARE": {"medie": 6.166666666666668, "reusita": 68.42105263157895, "cnt": 114}, "PSIHOLOGIE": {"medie": 8.7, "reusita": 100.0, "cnt": 1}}, "nume": "LICEUL CU PROGRAM SPORTIV SUCEAVA\tSuceava"}