{"specializari": {"LICEU CU PROGRAM SPORTIV": 64}, "limba_moderna": {"LIMBA ENGLEZA": 56, "LIMBA FRANCEZA": 8}, "limba_materna": {"LIMBA ROMANA": 64}, "promotie_anterioara": {"DA": 13, "NU": 51}, "materii": {"LIMBA ROMANA": {"medie": 5.436718750000001, "reusita": 73.4375, "cnt": 64}, "GENERAL": {"medie": 5.590053763440861, "reusita": 45.3125, "cnt": 64}, "GEOGRAFIE": {"medie": 5.38875, "reusita": 60.0, "cnt": 40}, "ISTORIE": {"medie": 5.642857142857143, "reusita": 78.125, "cnt": 64}, "LOGICA, ARGUMENTARE SI COMUNICARE": {"medie": 6.342105263157895, "reusita": 75.0, "cnt": 20}, "FILOSOFIE": {"medie": 5.1000000000000005, "reusita": 75.0, "cnt": 4}}, "nume": "LICEUL CU PROGRAM SPORTIV BAIA MARE\tMaramure\u0219"}