{"specializari": {"TEHNICIAN IN INDUSTRIA ALIMENTARA": 2, "TEHNICIAN IN TURISM": 1, "TEHNICIAN MECANIC PENTRU INTRETINERE SI REPARATII": 1, "TEHNICIAN ECOLOG SI PROTECTIA CALITATII MEDIULUI": 7, "TEHNICIAN MECATRONIST": 1, "TEHNICIAN IN AGRICULTURA ECOLOGICA": 7, "TEHNICIAN TRANSPORTURI": 10, "TEHNICIAN ANALIZE PRODUSE ALIMENTARE": 2, "TEHNICIAN IN GASTRONOMIE": 5, "TEHNICIAN IN ACTIVITATI DE COMERT": 9}, "limba_moderna": {"LIMBA ENGLEZA": 35, "LIMBA FRANCEZA": 10}, "limba_materna": {"LIMBA ROMANA": 45}, "promotie_anterioara": {"DA": 19, "NU": 26}, "materii": {"LIMBA ROMANA": {"medie": 5.576744186046511, "reusita": 75.55555555555556, "cnt": 45}, "MATEMATICA TEHN": {"medie": 3.6825, "reusita": 31.11111111111111, "cnt": 45}, "BIOLOGIE VEGETALA SI ANIMALA": {"medie": 4.252, "reusita": 34.48275862068966, "cnt": 29}, "GENERAL": {"medie": 5.090540540540541, "reusita": 20.0, "cnt": 45}, "GEOGRAFIE": {"medie": 7.664285714285713, "reusita": 92.85714285714286, "cnt": 14}, "CHIMIE ANORGANICA TEH NIVEL I/II": {"medie": 5.7, "reusita": 100.0, "cnt": 1}, "LOGICA, ARGUMENTARE SI COMUNICARE": {"medie": 8.7, "reusita": 100.0, "cnt": 1}}, "nume": "LICEUL AGRICOL \"DR. C. ANGELESCU\" MUNICIPIUL BUZAU\tBuz\u0103u"}