{"specializari": {"LICEU CU PROGRAM SPORTIV": 50}, "limba_moderna": {"LIMBA ENGLEZA": 50}, "limba_materna": {"LIMBA ROMANA": 50}, "promotie_anterioara": {"DA": 7, "NU": 43}, "materii": {"LIMBA ROMANA": {"medie": 4.395000000000001, "reusita": 46.0, "cnt": 50}, "GENERAL": {"medie": 5.357823129251699, "reusita": 30.0, "cnt": 50}, "GEOGRAFIE": {"medie": 6.003061224489796, "reusita": 74.0, "cnt": 50}, "ISTORIE": {"medie": 5.683999999999998, "reusita": 90.0, "cnt": 50}}, "nume": "LICEUL CU PROGRAM SPORTIV SATU MARE\tSatu-Mare"}