{"specializari": {"LICEU CU PROGRAM SPORTIV": 21}, "limba_moderna": {"LIMBA ENGLEZA": 21}, "limba_materna": {"LIMBA ROMANA": 21}, "promotie_anterioara": {"DA": 11, "NU": 10}, "materii": {"LIMBA ROMANA": {"medie": 5.159523809523812, "reusita": 71.42857142857143, "cnt": 21}, "GENERAL": {"medie": 5.375396825396825, "reusita": 28.57142857142857, "cnt": 21}, "GEOGRAFIE": {"medie": 6.004761904761905, "reusita": 76.19047619047619, "cnt": 21}, "ISTORIE": {"medie": 4.961904761904762, "reusita": 66.66666666666666, "cnt": 21}}, "nume": "LICEUL CU PROGRAM SPORTIV NR. 1 CLINCENI\tIlfov"}