{"specializari": {"STIINTE ALE NATURII": 33, "TEHNICIAN TRANSPORTURI": 52, "TEHNICIAN IN ACTIVITATI DE COMERT": 29, "TEHNICIAN IN TURISM": 21, "STIINTE SOCIALE": 35, "MATEMATICA-INFORMATICA": 21, "FILOLOGIE": 34, "TEHNICIAN MECATRONIST": 22, "TEHNICIAN IN GASTRONOMIE": 1, "TEHNICIAN IN ACTIVITATI ECONOMICE": 22, "TEHNICIAN ELECTROTEHNIST": 1}, "limba_moderna": {"LIMBA ENGLEZA": 271}, "limba_materna": {"LIMBA ROMANA": 271}, "promotie_anterioara": {"DA": 60, "NU": 211}, "materii": {"LIMBA ROMANA": {"medie": 5.899470899470903, "reusita": 54.61254612546126, "cnt": 271}, "MATEMATICA TEHN": {"medie": 4.439583333333331, "reusita": 27.7027027027027, "cnt": 148}, "BIOLOGIE VEGETALA SI ANIMALA": {"medie": 5.046666666666666, "reusita": 32.18390804597701, "cnt": 87}, "GENERAL": {"medie": 5.846743295019156, "reusita": 28.413284132841326, "cnt": 271}, "GEOGRAFIE": {"medie": 6.976442307692306, "reusita": 70.99236641221374, "cnt": 131}, "ANATOMIE SI FIZIOLOGIE UMANA, GENETICA SI ECOLOGIE UMANA": {"medie": 7.03, "reusita": 87.5, "cnt": 16}, "FIZICA TEH": {"medie": 4.8, "reusita": 16.666666666666664, "cnt": 18}, "MATEMATICA ST-NAT": {"medie": 2.8318181818181816, "reusita": 18.181818181818183, "cnt": 33}, "MATEMATICA MATE-INFO": {"medie": 7.038095238095237, "reusita": 80.95238095238095, "cnt": 21}, "ISTORIE": {"medie": 5.566923076923077, "reusita": 75.36231884057972, "cnt": 69}, "INFORMATICA MI C/C++": {"medie": 7.793750000000001, "reusita": 100.0, "cnt": 8}, "PSIHOLOGIE": {"medie": 5.8875, "reusita": 66.66666666666666, "cnt": 6}, "ECONOMIE": {"medie": 8.219999999999999, "reusita": 100.0, "cnt": 5}}, "nume": "LICEUL BORSA\tMaramure\u0219"}