{"specializari": {"TEHNICIAN ECOLOG SI PROTECTIA CALITATII MEDIULUI": 15, "TEHNICIAN HIDRO-METEOROLOG": 9, "TEHNICIAN IN ACTIVITATI ECONOMICE": 2, "TEHNICIAN IN AGRICULTURA": 12}, "limba_moderna": {"LIMBA ENGLEZA": 38}, "limba_materna": {"LIMBA ROMANA": 38}, "promotie_anterioara": {"DA": 14, "NU": 24}, "materii": {"LIMBA ROMANA": {"medie": 5.3774999999999995, "reusita": 34.21052631578947, "cnt": 38}, "MATEMATICA TEHN": {"medie": 4.823913043478261, "reusita": 39.473684210526315, "cnt": 38}, "BIOLOGIE VEGETALA SI ANIMALA": {"medie": 5.24705882352941, "reusita": 34.48275862068966, "cnt": 29}, "GENERAL": {"medie": 5.1912280701754385, "reusita": 10.526315789473683, "cnt": 38}, "GEOGRAFIE": {"medie": 7.675, "reusita": 100.0, "cnt": 2}, "ANATOMIE SI FIZIOLOGIE UMANA, GENETICA SI ECOLOGIE UMANA": {"medie": 7.55, "reusita": 16.666666666666664, "cnt": 6}, "CHIMIE ANORGANICA TEH NIVEL I/II": {"medie": 5.5, "reusita": 100.0, "cnt": 1}}, "nume": "LICEUL AGRICOL POARTA ALBA\tConstan\u021ba"}