{"specializari": {"LICEU CU PROGRAM SPORTIV": 96, "TEHNICIAN IN TURISM": 43, "TEHNICIAN ECOLOG SI PROTECTIA CALITATII MEDIULUI": 18}, "limba_moderna": {"LIMBA ENGLEZA": 150, "LIMBA FRANCEZA": 7}, "limba_materna": {"LIMBA ROMANA": 157}, "promotie_anterioara": {"DA": 42, "NU": 115}, "materii": {"LIMBA ROMANA": {"medie": 6.144193548387095, "reusita": 87.26114649681529, "cnt": 157}, "MATEMATICA TEHN": {"medie": 5.103278688524591, "reusita": 72.1311475409836, "cnt": 61}, "BIOLOGIE VEGETALA SI ANIMALA": {"medie": 5.921875, "reusita": 87.5, "cnt": 16}, "GENERAL": {"medie": 6.218300653594771, "reusita": 53.503184713375795, "cnt": 157}, "GEOGRAFIE": {"medie": 7.130303030303032, "reusita": 93.33333333333333, "cnt": 135}, "ANATOMIE SI FIZIOLOGIE UMANA, GENETICA SI ECOLOGIE UMANA": {"medie": 6.4, "reusita": 100.0, "cnt": 2}, "ISTORIE": {"medie": 5.758333333333332, "reusita": 87.5, "cnt": 96}, "LOGICA, ARGUMENTARE SI COMUNICARE": {"medie": 6.2250000000000005, "reusita": 75.0, "cnt": 4}}, "nume": "LICEUL CU PROGRAM SPORTIV BISTRITA\tBistri\u021ba-N\u0103s\u0103ud"}