{"specializari": {"LICEU CU PROGRAM SPORTIV": 92}, "limba_moderna": {"LIMBA ENGLEZA": 82, "LIMBA FRANCEZA": 10}, "limba_materna": {"LIMBA ROMANA": 92}, "promotie_anterioara": {"DA": 17, "NU": 75}, "materii": {"LIMBA ROMANA": {"medie": 5.402247191011234, "reusita": 69.56521739130434, "cnt": 92}, "GENERAL": {"medie": 5.803529411764704, "reusita": 40.21739130434783, "cnt": 92}, "GEOGRAFIE": {"medie": 6.182738095238095, "reusita": 75.55555555555556, "cnt": 90}, "ISTORIE": {"medie": 5.80284090909091, "reusita": 80.43478260869566, "cnt": 92}, "LOGICA, ARGUMENTARE SI COMUNICARE": {"medie": "-", "reusita": 0.0, "cnt": 1}, "PSIHOLOGIE": {"medie": 6.9, "reusita": 100.0, "cnt": 1}}, "nume": "LICEUL CU PROGRAM SPORTIV, MUNICIPIUL ROMAN\tNeam\u021b"}