{"specializari": {"LICEU CU PROGRAM SPORTIV": 66}, "limba_moderna": {"LIMBA ENGLEZA": 65, "LIMBA FRANCEZA": 1}, "limba_materna": {"LIMBA ROMANA": 66}, "promotie_anterioara": {"DA": 17, "NU": 49}, "materii": {"LIMBA ROMANA": {"medie": 5.069999999999999, "reusita": 54.54545454545454, "cnt": 66}, "GENERAL": {"medie": 5.56141975308642, "reusita": 27.27272727272727, "cnt": 66}, "GEOGRAFIE": {"medie": 6.669090909090907, "reusita": 69.23076923076923, "cnt": 65}, "ISTORIE": {"medie": 4.907142857142857, "reusita": 57.57575757575758, "cnt": 66}, "LOGICA, ARGUMENTARE SI COMUNICARE": {"medie": 2.7, "reusita": 0.0, "cnt": 1}}, "nume": "LICEUL CU PROGRAM SPORTIV ARAD\tArad"}