{"specializari": {"LICEU CU PROGRAM SPORTIV": 60}, "limba_moderna": {"LIMBA ENGLEZA": 49, "LIMBA FRANCEZA": 11}, "limba_materna": {"LIMBA ROMANA": 60}, "promotie_anterioara": {"DA": 4, "NU": 56}, "materii": {"LIMBA ROMANA": {"medie": 6.559482758620691, "reusita": 86.66666666666667, "cnt": 60}, "GENERAL": {"medie": 6.747368421052629, "reusita": 63.33333333333333, "cnt": 60}, "GEOGRAFIE": {"medie": 7.23125, "reusita": 87.5, "cnt": 8}, "ISTORIE": {"medie": 6.086206896551725, "reusita": 81.66666666666667, "cnt": 60}, "LOGICA, ARGUMENTARE SI COMUNICARE": {"medie": 7.547959183673469, "reusita": 78.84615384615384, "cnt": 52}}, "nume": "LICEUL CU PROGRAM SPORTIV CAMPULUNG\tArge\u0219"}