{"specializari": {"LICEU CU PROGRAM SPORTIV": 77}, "limba_moderna": {"LIMBA ENGLEZA": 77}, "limba_materna": {"LIMBA ROMANA": 77}, "promotie_anterioara": {"DA": 10, "NU": 67}, "materii": {"LIMBA ROMANA": {"medie": 5.443333333333332, "reusita": 67.53246753246754, "cnt": 77}, "GENERAL": {"medie": 5.865540540540542, "reusita": 46.75324675324675, "cnt": 77}, "GEOGRAFIE": {"medie": 6.903703703703703, "reusita": 90.74074074074075, "cnt": 54}, "ISTORIE": {"medie": 5.3453333333333335, "reusita": 67.53246753246754, "cnt": 77}, "LOGICA, ARGUMENTARE SI COMUNICARE": {"medie": 6.173913043478261, "reusita": 78.26086956521739, "cnt": 23}}, "nume": "LICEUL CU PROGRAM SPORTIV, MUNICIPIUL PIATRA-NEAMT\tNeam\u021b"}