{"specializari": {"LICEU CU PROGRAM SPORTIV": 118}, "limba_moderna": {"LIMBA ENGLEZA": 118}, "limba_materna": {"LIMBA ROMANA": 118}, "promotie_anterioara": {"DA": 22, "NU": 96}, "materii": {"LIMBA ROMANA": {"medie": 6.016086956521737, "reusita": 83.89830508474576, "cnt": 118}, "GENERAL": {"medie": 6.53033033033033, "reusita": 61.016949152542374, "cnt": 118}, "GEOGRAFIE": {"medie": 6.9826923076923055, "reusita": 84.52380952380952, "cnt": 84}, "ISTORIE": {"medie": 6.366228070175441, "reusita": 87.28813559322035, "cnt": 118}, "LOGICA, ARGUMENTARE SI COMUNICARE": {"medie": 7.343749999999999, "reusita": 87.5, "cnt": 32}, "PSIHOLOGIE": {"medie": 9.025, "reusita": 100.0, "cnt": 2}}, "nume": "LICEUL CU PROGRAM SPORTIV CLUJ-NAPOCA\tCluj"}