{"specializari": {"LICEU CU PROGRAM SPORTIV": 68}, "limba_moderna": {"LIMBA ENGLEZA": 68}, "limba_materna": {"LIMBA ROMANA": 68}, "promotie_anterioara": {"DA": 16, "NU": 52}, "materii": {"LIMBA ROMANA": {"medie": 5.817499999999999, "reusita": 76.47058823529412, "cnt": 68}, "GENERAL": {"medie": 6.027678571428573, "reusita": 47.05882352941176, "cnt": 68}, "GEOGRAFIE": {"medie": 6.678571428571429, "reusita": 57.89473684210527, "cnt": 19}, "ISTORIE": {"medie": 5.801639344262293, "reusita": 83.82352941176471, "cnt": 68}, "LOGICA, ARGUMENTARE SI COMUNICARE": {"medie": 6.237209302325582, "reusita": 57.14285714285714, "cnt": 49}}, "nume": "LICEUL CU PROGRAM SPORTIV, MUN. VASLUI\tVaslui"}