{"specializari": {"TEHNICIAN DESIGNER VESTIMENTAR": 560, "MATEMATICA-INFORMATICA": 24751, "TEHNICIAN IN GASTRONOMIE": 2101, "TEOLOGIE ROMANO-CATOLICA": 315, "LICEU CU PROGRAM SPORTIV": 4539, "STIINTE ALE NATURII": 19358, "TEHNICIAN IN ACTIVITATI ECONOMICE": 9488, "TEHNICIAN IN AGROTURISM": 171, "TEHNICIAN HORTICULTOR": 140, "STIINTE SOCIALE": 11411, "INVATATOR - EDUCATOARE": 2131, "TEHNICIAN IN ADMINISTRATIE": 1159, "TEHNICIAN OPERATOR TEHNICA DE CALCUL": 1962, "TEHNICIAN TRANSPORTURI": 1162, "TEHNICIAN DESENATOR PENTRU CONSTRUCTII SI INSTALATII": 588, "FILOLOGIE": 20810, "TEOLOGIE ORTODOXA": 764, "TEHNICIAN IN INSTALATII ELECTRICE": 1537, "TEHNICIAN IN ACTIVITATI DE COMERT": 1885, "TEOLOGIE GRECO-CATOLICA": 79, "TEHNICIAN MECANIC PENTRU INTRETINERE SI REPARATII": 1822, "TEHNICIAN DESIGNER MOBILA SI AMENAJARI INTERIOARE": 302, "TEHNICIAN IN SILVICULTURA SI EXPLOATARI FORESTIERE": 665, "COAFOR STILIST": 884, "TEHNICIAN CHIMIST DE LABORATOR": 371, "TEHNICIAN IN INDUSTRIA STICLEI SI CERAMICII": 26, "TEHNICIAN IN AUTOMATIZARI": 1325, "TEHNICIAN IN INDUSTRIA TEXTILA": 407, "TEHNICIAN ELECTROMECANIC": 958, "TEHNICIAN PROIECTANT CAD": 855, "TEHNICIAN DE TELECOMUNICATII": 400, "TEHNICIAN ECOLOG SI PROTECTIA CALITATII MEDIULUI": 2356, "TEHNICIAN MECATRONIST": 1483, "TEHNICIAN PRELUCRARI MECANICE": 206, "TEHNICIAN IN ACHIZITII SI CONTRACTARI": 657, "TEHNICIAN IN TURISM": 3681, "ARHITECTURA, ARTE AMBIENTALE SI DESIGN": 840, "ARTE PLASTICE SI DECORATIVE": 1286, "MUZICA": 1122, "TEHNICIAN IN CHIMIE INDUSTRIALA": 63, "TEHNICIAN VETERINAR": 495, "TEHNICIAN ELECTROTEHNIST": 490, "ORGANIZATOR BANQUETING": 898, "TEHNICIAN IN INDUSTRIA ALIMENTARA": 742, "TEHNICIAN IN PRELUCRAREA LEMNULUI": 166, "TEHNICIAN IN AGRICULTURA": 366, "TEHNICIAN ANALIZE PRODUSE ALIMENTARE": 957, "TEHNICIAN ELECTRONIST": 225, "TEHNICIAN ELECTRICIAN/ELECTRONIST AUTO": 647, "TEOLOGIE PENTICOSTALA": 137, "TEHNICIAN HIDRO-METEOROLOG": 71, "TEHNICIAN IN IND. ALIM. FERMENTATIVA SI IN PREL. LEGUMELOR SI FRUCTELOR": 18, "PATRIMONIU CULTURAL": 162, "TEHNICIAN PRELUCRARI PE MASINI CU COMANDA NUMERICA": 157, "TEHNICIAN INSTALATOR PENTRU CONSTRUCTII": 161, "TEHNICIAN PRELUCRARI LA CALD": 25, "TEHNICIAN IN CONSTRUCTII SI LUCRARI PUBLICE": 188, "TEHNICIAN PROIECTANT PRODUSE FINITE DIN LEMN": 70, "TEHNICIAN IN AGRICULTURA ECOLOGICA": 47, "TEHNICIAN OPERATOR PROCESARE TEXT IMAGINE": 284, "ARTA ACTORULUI": 249, "TEOLOGIE BAPTISTA": 161, "TEHNICIAN AGROMONTAN": 122, "TEHNICIAN IN PRELUCRAREA PRODUSELOR DE ORIGINE ANIMALA": 57, "TEHNICIAN ZOOTEHNIST": 30, "TEHNICIAN PRODUCTIE FILM SI TELEVIZIUNE": 89, "TEHNICIAN POLIGRAF": 30, "TEHNICIAN AVIATIE": 59, "TEHNICIAN IN HOTELARIE": 511, "TEOLOGIE ADVENTISTA": 99, "TEHNICIAN IN INDUSTRIA MATERIALELOR DE CONSTRUCTII": 8, "TEHNICIAN METROLOG": 43, "TEHNICIAN IN ACTIVITATI DE POSTA": 103, "GHID TURISM RELIGIOS": 76, "TEHNICIAN MULTIMEDIA": 51, "COREGRAFIE": 93, "TEHNICIAN PENTRU ANIMALE DE COMPANIE": 15, "TEHNICIAN INSTALATII DE BORD (AVION)": 63, "TEHNICIAN IN INDUSTRIA PIELARIEI": 23, "TEHNICIAN AGRONOM": 117, "TEOLOGIE REFORMATA": 213, "TEHNICIAN IN MORARIT, PANIFICATIE SI PRODUSE FAINOASE": 76, "TEHNICIAN OPERATOR TELEMATICA": 35, "TEOLOGIE UNITARIANA": 44, "TEHNICIAN OPERATORI ROBOTI INDUSTRIALI": 44, "TEOLOGIE MUSULMANA": 4, "MUZICA BISERICEASCA": 16, "TEHNICIAN PENTRU TEHNICI ARTISTICE - PATRIMONIU": 10, "EDUCATOR-PUERICULTOR": 154, "TEHNICIAN IN INDUSTRIA ALIMENTARA EXTRACTIVA": 16, "TEHNICIAN VETERINAR PENTRU ANIMALE DE COMPANIE": 4, "INSTRUCTOR PENTRU ACTIVITATI EXTRASCOLARE": 29, "TEHNICIAN ENERGETICIAN": 67, "CONSERVARE - RESTAURARE": 27}, "limba_moderna": {"LIMBA ENGLEZA": 118933, "LIMBA FRANCEZA": 11454, "LIMBA GERMANA MODERNA": 2387, "LIMBA RUSA": 113, "LIMBA ITALIANA": 251, "LIMBA SPANIOLA": 473, "LIMBA JAPONEZA": 19, "LIMBA CHINEZA": 14, "LIMBA EBRAICA": 7, "LIMBA PORTUGHEZA": 13}, "limba_materna": {"LIMBA ROMANA": 127091, "LIMBA MAGHIARA": 5670, "LIMBA GERMANA": 728, "LIMBA SLOVACA": 21, "LIMBA ITALIANA": 32, "LIMBA SARBA": 17, "LIMBA CROATA": 4, "LIMBA TURCA": 4, "LIMBA UCRAINEANA": 97}, "promotie_anterioara": {"DA": 19528, "NU": 114136}, "materii": {"LIMBA ROMANA": {"medie": 6.995011578437118, "reusita": 87.84265022743595, "cnt": 133664}, "MATEMATICA TEHN": {"medie": 5.30872515990428, "reusita": 59.86289746337978, "cnt": 44784}, "BIOLOGIE VEGETALA SI ANIMALA": {"medie": 5.176606141373758, "reusita": 52.67084452402268, "cnt": 20106}, "GENERAL": {"medie": 7.028910153827569, "reusita": 66.27663394780944, "cnt": 133664}, "MATEMATICA MATE-INFO": {"medie": 7.654557903773018, "reusita": 90.88521675891883, "cnt": 24751}, "ANATOMIE SI FIZIOLOGIE UMANA, GENETICA SI ECOLOGIE UMANA": {"medie": 7.385238165899972, "reusita": 84.45308561964427, "cnt": 27774}, "FIZICA TEO": {"medie": 8.532913832199508, "reusita": 96.57733290280916, "cnt": 6194}, "GEOGRAFIE": {"medie": 7.663355003785754, "reusita": 90.47570850202429, "cnt": 39520}, "INFORMATICA MI C/C++": {"medie": 8.58474420576601, "reusita": 97.78779766098351, "cnt": 7097}, "ISTORIE": {"medie": 6.918630865758511, "reusita": 88.5576923076923, "cnt": 42640}, "FILOSOFIE": {"medie": 7.905465116279069, "reusita": 95.61200923787528, "cnt": 433}, "LIMBA MAGHIARA (REAL)": {"medie": 7.789854578504871, "reusita": 95.64343163538874, "cnt": 4476}, "LOGICA, ARGUMENTARE SI COMUNICARE": {"medie": 8.323613105685867, "reusita": 91.4191591717214, "cnt": 19124}, "MATEMATICA ST-NAT": {"medie": 6.502988797294526, "reusita": 77.02241967145366, "cnt": 19358}, "MATEMATICA PED": {"medie": 7.964039641340261, "reusita": 94.13420929141249, "cnt": 2131}, "LIMBA MAGHIARA (UMAN)": {"medie": 7.752497883149883, "reusita": 97.65494137353434, "cnt": 1194}, "CHIMIE ANORGANICA TEH NIVEL I/II": {"medie": 5.223799342105264, "reusita": 58.4319526627219, "cnt": 676}, "PSIHOLOGIE": {"medie": 7.904685338865833, "reusita": 93.90949302483837, "cnt": 2939}, "FIZICA TEH": {"medie": 4.865349819059105, "reusita": 45.867768595041326, "cnt": 1936}, "CHIMIE ANORGANICA TEO NIVEL I/II": {"medie": 7.778532423208191, "reusita": 95.9322033898305, "cnt": 590}, "CHIMIE ORGANICA TEO NIVEL I/II": {"medie": 9.052981116914431, "reusita": 98.91653290529695, "cnt": 2492}, "SOCIOLOGIE": {"medie": 7.9899559193954595, "reusita": 93.80421313506815, "cnt": 3228}, "INFORMATICA SN C/C++": {"medie": 8.541692307692312, "reusita": 96.95121951219512, "cnt": 328}, "ECONOMIE": {"medie": 7.766910112359555, "reusita": 93.40782122905028, "cnt": 895}, "INFORMATICA MI PASCAL": {"medie": 8.036842105263155, "reusita": 95.55555555555556, "cnt": 135}, "CHIMIE ORGANICA TEH NIVEL I/II": {"medie": 5.033236994219651, "reusita": 50.78534031413613, "cnt": 191}, "LIMBA GERMANA": {"medie": 7.924132231404951, "reusita": 97.25274725274726, "cnt": 728}, "LIMBA SLOVACA": {"medie": 8.34047619047619, "reusita": 100.0, "cnt": 21}, "LIMBA ITALIANA": {"medie": 7.801562499999998, "reusita": 90.625, "cnt": 32}, "LIMBA SARBA": {"medie": 7.282352941176471, "reusita": 94.11764705882352, "cnt": 17}, "LIMBA CROATA": {"medie": 8.525, "reusita": 100.0, "cnt": 4}, "LIMBA TURCA": {"medie": 8.1, "reusita": 75.0, "cnt": 4}, "INFORMATICA SN PASCAL": {"medie": 8.2, "reusita": 83.33333333333334, "cnt": 6}, "LIMBA UCRAINEANA": {"medie": 7.680729166666668, "reusita": 98.96907216494846, "cnt": 97}}, "nume": "Rom\u00e2nia"}