{"specializari": {"STIINTE ALE NATURII": 7}, "limba_moderna": {"LIMBA FRANCEZA": 7}, "limba_materna": {"LIMBA ROMANA": 7}, "promotie_anterioara": {"NU": 7}, "materii": {"LIMBA ROMANA": {"medie": 4.6625, "reusita": 14.285714285714285, "cnt": 7}, "MATEMATICA ST-NAT": {"medie": 3.9625000000000004, "reusita": 14.285714285714285, "cnt": 7}, "GENERAL": {"medie": 3.9208333333333334, "reusita": 14.285714285714285, "cnt": 7}, "BIOLOGIE VEGETALA SI ANIMALA": {"medie": 3.1375, "reusita": 14.285714285714285, "cnt": 7}}, "nume": "CENTRUL SCOLAR PENTRU EDUCATIE INCLUZIVA \"ELENA DOAMNA\" FOCSANI\tVrancea"}