{"specializari": {"TEHNICIAN IN TURISM": 1, "STIINTE SOCIALE": 1, "FILOLOGIE": 4}, "limba_moderna": {"LIMBA FRANCEZA": 2, "LIMBA ENGLEZA": 4}, "limba_materna": {"LIMBA ROMANA": 6}, "promotie_anterioara": {"DA": 2, "NU": 4}, "materii": {"LIMBA ROMANA": {"medie": 5.11, "reusita": 66.66666666666666, "cnt": 6}, "GENERAL": {"medie": 5.243333333333333, "reusita": 16.666666666666664, "cnt": 6}, "ISTORIE": {"medie": 5.45, "reusita": 80.0, "cnt": 5}, "GEOGRAFIE": {"medie": 4.9, "reusita": 50.0, "cnt": 6}, "MATEMATICA TEHN": {"medie": 6.8, "reusita": 100.0, "cnt": 1}}, "nume": "CENTRUL DE STUDII \"STEFAN CEL MARE SI SFANT - BUCOVINA\" CAMPULUNG MOLDOVENESC\tSuceava"}