{"specializari": {"TEHNICIAN IN CONSTRUCTII SI LUCRARI PUBLICE": 20, "TEHNICIAN DESIGNER VESTIMENTAR": 1, "TEHNICIAN MECANIC PENTRU INTRETINERE SI REPARATII": 18, "TEHNICIAN INSTALATOR PENTRU CONSTRUCTII": 1, "TEHNICIAN IN INDUSTRIA TEXTILA": 15}, "limba_moderna": {"LIMBA ENGLEZA": 50, "LIMBA FRANCEZA": 5}, "limba_materna": {"LIMBA ROMANA": 55}, "promotie_anterioara": {"DA": 4, "NU": 51}, "materii": {"LIMBA ROMANA": {"medie": 5.777272727272727, "reusita": 16.363636363636363, "cnt": 55}, "GENERAL": {"medie": 4.275, "reusita": 3.6363636363636362, "cnt": 55}, "BIOLOGIE VEGETALA SI ANIMALA": {"medie": 3.3272727272727276, "reusita": 5.454545454545454, "cnt": 55}, "MATEMATICA TEHN": {"medie": 3.8000000000000003, "reusita": 9.090909090909092, "cnt": 55}}, "nume": "COELGIUL TEHNIC CARASAN\tCara\u0219-Severin"}