{"specializari": {"INVATATOR - EDUCATOARE": 54, "STIINTE ALE NATURII": 6, "FILOLOGIE": 29, "STIINTE SOCIALE": 32}, "limba_moderna": {"LIMBA FRANCEZA": 30, "LIMBA ENGLEZA": 91}, "limba_materna": {"LIMBA ROMANA": 121}, "promotie_anterioara": {"DA": 8, "NU": 113}, "materii": {"LIMBA ROMANA": {"medie": 7.0207627118644105, "reusita": 95.86776859504133, "cnt": 121}, "MATEMATICA ST-NAT": {"medie": 4.45, "reusita": 66.66666666666666, "cnt": 6}, "ANATOMIE SI FIZIOLOGIE UMANA, GENETICA SI ECOLOGIE UMANA": {"medie": 6.45, "reusita": 100.0, "cnt": 1}, "GENERAL": {"medie": 7.5287749287749275, "reusita": 88.42975206611571, "cnt": 121}, "BIOLOGIE VEGETALA SI ANIMALA": {"medie": 6.075, "reusita": 80.0, "cnt": 5}, "ISTORIE": {"medie": 7.430327868852458, "reusita": 100.0, "cnt": 61}, "MATEMATICA PED": {"medie": 7.035576923076921, "reusita": 96.29629629629629, "cnt": 54}, "LOGICA, ARGUMENTARE SI COMUNICARE": {"medie": 8.486607142857144, "reusita": 94.73684210526315, "cnt": 114}, "PSIHOLOGIE": {"medie": 8.8, "reusita": 100.0, "cnt": 1}}, "nume": "COLEGIUL NATIONAL PEDAGOGIC \"CAROL I\" CAMPULUNG\tArge\u0219"}