{"specializari": {"TEHNICIAN TRANSPORTURI": 13, "TEHNICIAN IN AUTOMATIZARI": 2, "TEHNICIAN DESENATOR PENTRU CONSTRUCTII SI INSTALATII": 1, "TEHNICIAN ELECTRICIAN/ELECTRONIST AUTO": 9}, "limba_moderna": {"LIMBA ENGLEZA": 21, "LIMBA FRANCEZA": 4}, "limba_materna": {"LIMBA ROMANA": 25}, "promotie_anterioara": {"DA": 9, "NU": 16}, "materii": {"LIMBA ROMANA": {"medie": 5.433333333333334, "reusita": 68.0, "cnt": 25}, "GENERAL": {"medie": 4.874166666666666, "reusita": 16.0, "cnt": 25}, "BIOLOGIE VEGETALA SI ANIMALA": {"medie": 4.5200000000000005, "reusita": 30.0, "cnt": 20}, "MATEMATICA TEHN": {"medie": 4.8108695652173905, "reusita": 64.0, "cnt": 25}, "FIZICA TEH": {"medie": 5.08, "reusita": 40.0, "cnt": 5}}, "nume": "COLEGIUL TEHNIC DE TRANSPORTURI \"TRANSILVANIA\" CLUJ-NAPOCA\tCluj"}