{"specializari": {"TEHNICIAN OPERATOR PROCESARE TEXT IMAGINE": 29, "TEHNICIAN ELECTRICIAN/ELECTRONIST AUTO": 5, "TEHNICIAN IN AUTOMATIZARI": 1, "TEHNICIAN ELECTROTEHNIST": 2}, "limba_moderna": {"LIMBA FRANCEZA": 1, "LIMBA ENGLEZA": 36}, "limba_materna": {"LIMBA ROMANA": 35, "LIMBA MAGHIARA": 2}, "promotie_anterioara": {"DA": 10, "NU": 27}, "materii": {"LIMBA ROMANA": {"medie": 6.465000000000001, "reusita": 78.37837837837837, "cnt": 37}, "GENERAL": {"medie": 5.921634615384614, "reusita": 29.72972972972973, "cnt": 37}, "BIOLOGIE VEGETALA SI ANIMALA": {"medie": 5.934375, "reusita": 57.89473684210527, "cnt": 19}, "MATEMATICA TEHN": {"medie": 5.55357142857143, "reusita": 59.45945945945946, "cnt": 37}, "FIZICA TEH": {"medie": 4.94375, "reusita": 33.33333333333333, "cnt": 15}, "CHIMIE ANORGANICA TEH NIVEL I/II": {"medie": 5.3, "reusita": 100.0, "cnt": 1}, "LIMBA MAGHIARA (REAL)": {"medie": 5.45, "reusita": 50.0, "cnt": 2}, "CHIMIE ORGANICA TEH NIVEL I/II": {"medie": 2.55, "reusita": 0.0, "cnt": 2}}, "nume": "COLEGIUL TEHNIC \"EDMOND NICOLAU\" CLUJ-NAPOCA\tCluj"}