{"specializari": {"TEHNICIAN PROIECTANT CAD": 1, "TEHNICIAN IN AUTOMATIZARI": 6, "TEHNICIAN ELECTROTEHNIST": 4, "TEHNICIAN ECOLOG SI PROTECTIA CALITATII MEDIULUI": 22, "TEHNICIAN DE TELECOMUNICATII": 1, "TEHNICIAN MECANIC PENTRU INTRETINERE SI REPARATII": 2, "TEHNICIAN MECATRONIST": 1, "STIINTE ALE NATURII": 17, "TEHNICIAN ELECTROMECANIC": 11, "TEHNICIAN OPERATOR TEHNICA DE CALCUL": 13}, "limba_moderna": {"LIMBA ENGLEZA": 56, "LIMBA FRANCEZA": 22}, "limba_materna": {"LIMBA ROMANA": 78}, "promotie_anterioara": {"DA": 28, "NU": 50}, "materii": {"LIMBA ROMANA": {"medie": 5.859027777777781, "reusita": 75.64102564102564, "cnt": 78}, "MATEMATICA ST-NAT": {"medie": 3.626666666666667, "reusita": 17.647058823529413, "cnt": 17}, "ANATOMIE SI FIZIOLOGIE UMANA, GENETICA SI ECOLOGIE UMANA": {"medie": 6.42, "reusita": 87.09677419354838, "cnt": 31}, "GENERAL": {"medie": 4.970588235294118, "reusita": 19.230769230769234, "cnt": 78}, "BIOLOGIE VEGETALA SI ANIMALA": {"medie": 4.073611111111111, "reusita": 31.70731707317073, "cnt": 41}, "MATEMATICA TEHN": {"medie": 3.8212962962962966, "reusita": 40.98360655737705, "cnt": 61}, "FIZICA TEH": {"medie": 6.0, "reusita": 66.66666666666666, "cnt": 3}, "CHIMIE ORGANICA TEO NIVEL I/II": {"medie": 7.15, "reusita": 100.0, "cnt": 2}, "CHIMIE ORGANICA TEH NIVEL I/II": {"medie": 2.85, "reusita": 0.0, "cnt": 1}}, "nume": "COLEGIUL TEHNIC NR 2 TG-JIU\tGorj"}