{"specializari": {"STIINTE SOCIALE": 5, "TEHNICIAN ECOLOG SI PROTECTIA CALITATII MEDIULUI": 1, "ORGANIZATOR BANQUETING": 12, "TEHNICIAN IN INSTALATII ELECTRICE": 1}, "limba_moderna": {"LIMBA FRANCEZA": 6, "LIMBA ENGLEZA": 13}, "limba_materna": {"LIMBA ROMANA": 19}, "promotie_anterioara": {"DA": 9, "NU": 10}, "materii": {"LIMBA ROMANA": {"medie": 4.3500000000000005, "reusita": 26.31578947368421, "cnt": 19}, "GENERAL": {"medie": 4.326923076923077, "reusita": 5.263157894736842, "cnt": 19}, "BIOLOGIE VEGETALA SI ANIMALA": {"medie": 3.0, "reusita": 0.0, "cnt": 2}, "ISTORIE": {"medie": 5.85, "reusita": 100.0, "cnt": 5}, "GEOGRAFIE": {"medie": 5.341666666666668, "reusita": 47.05882352941176, "cnt": 17}, "MATEMATICA TEHN": {"medie": 1.9812499999999997, "reusita": 7.142857142857142, "cnt": 14}}, "nume": "COLEGIUL \"AUREL VIJOLI\" FAGARAS\tBra\u0219ov"}