{"specializari": {"MATEMATICA-INFORMATICA": 88, "STIINTE ALE NATURII": 31, "FILOLOGIE": 55, "STIINTE SOCIALE": 29}, "limba_moderna": {"LIMBA ENGLEZA": 177, "LIMBA FRANCEZA": 26}, "limba_materna": {"LIMBA ROMANA": 203}, "promotie_anterioara": {"NU": 203}, "materii": {"LIMBA ROMANA": {"medie": 8.693069306930695, "reusita": 99.50738916256158, "cnt": 203}, "MATEMATICA ST-NAT": {"medie": 9.043548387096775, "reusita": 100.0, "cnt": 31}, "ANATOMIE SI FIZIOLOGIE UMANA, GENETICA SI ECOLOGIE UMANA": {"medie": 9.419999999999998, "reusita": 100.0, "cnt": 15}, "GENERAL": {"medie": 8.810891089108916, "reusita": 99.01477832512316, "cnt": 203}, "MATEMATICA MATE-INFO": {"medie": 9.256818181818177, "reusita": 100.0, "cnt": 88}, "BIOLOGIE VEGETALA SI ANIMALA": {"medie": 8.835714285714285, "reusita": 100.0, "cnt": 28}, "ISTORIE": {"medie": 8.110843373493974, "reusita": 98.80952380952381, "cnt": 84}, "GEOGRAFIE": {"medie": 9.018478260869566, "reusita": 100.0, "cnt": 46}, "SOCIOLOGIE": {"medie": 7.950000000000001, "reusita": 100.0, "cnt": 5}, "LOGICA, ARGUMENTARE SI COMUNICARE": {"medie": 9.28793103448276, "reusita": 96.66666666666667, "cnt": 30}, "PSIHOLOGIE": {"medie": 8.116666666666667, "reusita": 100.0, "cnt": 3}, "FIZICA TEO": {"medie": 9.35, "reusita": 100.0, "cnt": 4}, "CHIMIE ORGANICA TEO NIVEL I/II": {"medie": 8.908823529411766, "reusita": 100.0, "cnt": 17}, "INFORMATICA MI C/C++": {"medie": 8.861538461538462, "reusita": 100.0, "cnt": 52}, "CHIMIE ANORGANICA TEO NIVEL I/II": {"medie": 9.4, "reusita": 100.0, "cnt": 2}, "INFORMATICA SN C/C++": {"medie": 9.8, "reusita": 100.0, "cnt": 1}}, "nume": "COLEGIUL NATIONAL \"HOREA CLOSCA SI CRISAN\" ALBA IULIA\tAlba"}