{"specializari": {"MATEMATICA-INFORMATICA": 118, "FILOLOGIE": 62, "STIINTE ALE NATURII": 30}, "limba_moderna": {"LIMBA ENGLEZA": 180, "LIMBA FRANCEZA": 28, "LIMBA GERMANA MODERNA": 2}, "limba_materna": {"LIMBA ROMANA": 210}, "promotie_anterioara": {"DA": 2, "NU": 208}, "materii": {"LIMBA ROMANA": {"medie": 8.387142857142852, "reusita": 100.0, "cnt": 210}, "MATEMATICA ST-NAT": {"medie": 8.18833333333333, "reusita": 100.0, "cnt": 30}, "ANATOMIE SI FIZIOLOGIE UMANA, GENETICA SI ECOLOGIE UMANA": {"medie": 8.704320987654322, "reusita": 98.76543209876543, "cnt": 81}, "GENERAL": {"medie": 8.449282296650717, "reusita": 98.09523809523809, "cnt": 210}, "MATEMATICA MATE-INFO": {"medie": 7.9299145299145275, "reusita": 99.15254237288136, "cnt": 118}, "BIOLOGIE VEGETALA SI ANIMALA": {"medie": 8.700000000000001, "reusita": 100.0, "cnt": 6}, "ISTORIE": {"medie": 8.905645161290328, "reusita": 98.38709677419355, "cnt": 62}, "GEOGRAFIE": {"medie": 9.266666666666667, "reusita": 100.0, "cnt": 15}, "SOCIOLOGIE": {"medie": 8.344999999999999, "reusita": 100.0, "cnt": 20}, "LOGICA, ARGUMENTARE SI COMUNICARE": {"medie": 9.4, "reusita": 100.0, "cnt": 13}, "PSIHOLOGIE": {"medie": 8.235714285714286, "reusita": 100.0, "cnt": 7}, "FIZICA TEO": {"medie": 8.733333333333334, "reusita": 100.0, "cnt": 39}, "CHIMIE ORGANICA TEO NIVEL I/II": {"medie": 9.366666666666667, "reusita": 100.0, "cnt": 6}, "INFORMATICA MI C/C++": {"medie": 8.46, "reusita": 100.0, "cnt": 15}, "CHIMIE ANORGANICA TEO NIVEL I/II": {"medie": 5.2, "reusita": 100.0, "cnt": 1}, "ECONOMIE": {"medie": 7.492857142857143, "reusita": 100.0, "cnt": 7}}, "nume": "COLEGIUL NATIONAL \"MIHAI EMINESCU\"\tBucure\u0219ti"}