{"specializari": {"TEHNICIAN PROIECTANT CAD": 1, "TEHNICIAN IN ACTIVITATI DE COMERT": 1, "TEHNICIAN IN ACTIVITATI ECONOMICE": 11, "TEHNICIAN IN TURISM": 13, "TEHNICIAN ECOLOG SI PROTECTIA CALITATII MEDIULUI": 7, "TEHNICIAN IN INSTALATII ELECTRICE": 10, "TEHNICIAN TRANSPORTURI": 1, "TEHNICIAN DESIGNER VESTIMENTAR": 1}, "limba_moderna": {"LIMBA ENGLEZA": 40, "LIMBA FRANCEZA": 5}, "limba_materna": {"LIMBA ROMANA": 45}, "promotie_anterioara": {"DA": 8, "NU": 37}, "materii": {"LIMBA ROMANA": {"medie": 5.263793103448276, "reusita": 53.333333333333336, "cnt": 45}, "ANATOMIE SI FIZIOLOGIE UMANA, GENETICA SI ECOLOGIE UMANA": {"medie": 6.63, "reusita": 57.14285714285714, "cnt": 7}, "GENERAL": {"medie": 5.089655172413793, "reusita": 17.77777777777778, "cnt": 45}, "BIOLOGIE VEGETALA SI ANIMALA": {"medie": 4.241666666666666, "reusita": 42.857142857142854, "cnt": 7}, "GEOGRAFIE": {"medie": 6.739999999999999, "reusita": 52.63157894736842, "cnt": 19}, "MATEMATICA TEHN": {"medie": 4.226666666666667, "reusita": 33.33333333333333, "cnt": 45}, "FIZICA TEH": {"medie": 4.116666666666667, "reusita": 16.666666666666664, "cnt": 6}, "LOGICA, ARGUMENTARE SI COMUNICARE": {"medie": 6.0, "reusita": 60.0, "cnt": 5}, "PSIHOLOGIE": {"medie": "-", "reusita": 0.0, "cnt": 1}}, "nume": "COLEGIUL TEHNIC \"PETRU MUSAT\" SUCEAVA\tSuceava"}