{"specializari": {"TEHNICIAN IN INDUSTRIA TEXTILA": 2, "COAFOR STILIST": 19, "TEHNICIAN IN GASTRONOMIE": 18, "TEHNICIAN IN ACTIVITATI ECONOMICE": 15}, "limba_moderna": {"LIMBA FRANCEZA": 7, "LIMBA ENGLEZA": 47}, "limba_materna": {"LIMBA ROMANA": 54}, "promotie_anterioara": {"DA": 7, "NU": 47}, "materii": {"LIMBA ROMANA": {"medie": 5.874, "reusita": 85.18518518518519, "cnt": 54}, "GENERAL": {"medie": 5.663829787234041, "reusita": 27.77777777777778, "cnt": 54}, "BIOLOGIE VEGETALA SI ANIMALA": {"medie": 4.925, "reusita": 50.0, "cnt": 2}, "GEOGRAFIE": {"medie": 7.034782608695654, "reusita": 84.31372549019608, "cnt": 51}, "MATEMATICA TEHN": {"medie": 4.021276595744681, "reusita": 40.74074074074074, "cnt": 54}, "LOGICA, ARGUMENTARE SI COMUNICARE": {"medie": 10.0, "reusita": 100.0, "cnt": 1}}, "nume": "COLEGIUL TEHNIC \"ION HOLBAN\", IASI\tIa\u0219i"}