{"specializari": {"STIINTE ALE NATURII": 73, "FILOLOGIE": 69, "STIINTE SOCIALE": 24, "MATEMATICA-INFORMATICA": 29}, "limba_moderna": {"LIMBA FRANCEZA": 66, "LIMBA ENGLEZA": 129}, "limba_materna": {"LIMBA ROMANA": 195}, "promotie_anterioara": {"NU": 194, "DA": 1}, "materii": {"LIMBA ROMANA": {"medie": 8.191709844559586, "reusita": 98.97435897435898, "cnt": 195}, "MATEMATICA ST-NAT": {"medie": 8.386111111111113, "reusita": 97.26027397260275, "cnt": 73}, "ANATOMIE SI FIZIOLOGIE UMANA, GENETICA SI ECOLOGIE UMANA": {"medie": 8.971212121212119, "reusita": 98.50746268656717, "cnt": 67}, "GENERAL": {"medie": 8.44110535405872, "reusita": 97.94871794871794, "cnt": 195}, "MATEMATICA MATE-INFO": {"medie": 9.044827586206894, "reusita": 100.0, "cnt": 29}, "ISTORIE": {"medie": 7.569565217391301, "reusita": 98.9247311827957, "cnt": 93}, "GEOGRAFIE": {"medie": 9.116666666666665, "reusita": 100.0, "cnt": 3}, "LOGICA, ARGUMENTARE SI COMUNICARE": {"medie": 9.193258426966292, "reusita": 98.88888888888889, "cnt": 90}, "FIZICA TEO": {"medie": 8.557142857142859, "reusita": 100.0, "cnt": 7}, "CHIMIE ORGANICA TEO NIVEL I/II": {"medie": 9.031818181818183, "reusita": 100.0, "cnt": 11}, "INFORMATICA MI C/C++": {"medie": 8.853846153846153, "reusita": 100.0, "cnt": 13}, "INFORMATICA SN C/C++": {"medie": 7.975, "reusita": 100.0, "cnt": 4}}, "nume": "COLEGIUL NATIONAL \"CUZA VODA\", MUN. HUSI\tVaslui"}