{"specializari": {"TEHNICIAN DESENATOR PENTRU CONSTRUCTII SI INSTALATII": 6, "TEHNICIAN IN CONSTRUCTII SI LUCRARI PUBLICE": 12, "LICEU CU PROGRAM SPORTIV": 65, "TEHNICIAN MECANIC PENTRU INTRETINERE SI REPARATII": 9, "TEHNICIAN MECATRONIST": 3, "TEHNICIAN INSTALATOR PENTRU CONSTRUCTII": 8, "TEHNICIAN ELECTROTEHNIST": 6, "TEHNICIAN ECOLOG SI PROTECTIA CALITATII MEDIULUI": 7}, "limba_moderna": {"LIMBA ENGLEZA": 114, "LIMBA FRANCEZA": 2}, "limba_materna": {"LIMBA ROMANA": 116}, "promotie_anterioara": {"DA": 52, "NU": 64}, "materii": {"LIMBA ROMANA": {"medie": 5.597474747474751, "reusita": 68.10344827586206, "cnt": 116}, "GENERAL": {"medie": 5.632978723404255, "reusita": 33.62068965517241, "cnt": 116}, "BIOLOGIE VEGETALA SI ANIMALA": {"medie": 4.7285714285714295, "reusita": 39.39393939393939, "cnt": 33}, "ISTORIE": {"medie": 6.658333333333333, "reusita": 87.6923076923077, "cnt": 65}, "GEOGRAFIE": {"medie": 6.341489361702128, "reusita": 76.92307692307693, "cnt": 52}, "MATEMATICA TEHN": {"medie": 4.026250000000001, "reusita": 43.13725490196079, "cnt": 51}, "FIZICA TEH": {"medie": 3.8000000000000007, "reusita": 35.714285714285715, "cnt": 14}, "LOGICA, ARGUMENTARE SI COMUNICARE": {"medie": 8.266666666666666, "reusita": 100.0, "cnt": 3}, "CHIMIE ANORGANICA TEH NIVEL I/II": {"medie": 3.233333333333334, "reusita": 0.0, "cnt": 3}, "PSIHOLOGIE": {"medie": 6.000000000000001, "reusita": 85.71428571428571, "cnt": 7}, "CHIMIE ORGANICA TEH NIVEL I/II": {"medie": 2.4, "reusita": 0.0, "cnt": 1}, "ECONOMIE": {"medie": 5.683333333333334, "reusita": 66.66666666666666, "cnt": 3}}, "nume": "COLEGIUL TEHNIC \"ANGHEL SALIGNY\"\tBucure\u0219ti"}