{"specializari": {"TEHNICIAN IN CHIMIE INDUSTRIALA": 2, "TEHNICIAN ELECTROTEHNIST": 1, "TEHNICIAN IN SILVICULTURA SI EXPLOATARI FORESTIERE": 1, "TEHNICIAN DESENATOR PENTRU CONSTRUCTII SI INSTALATII": 16, "TEHNICIAN ECOLOG SI PROTECTIA CALITATII MEDIULUI": 12, "TEHNICIAN IN PRELUCRAREA LEMNULUI": 1, "TEHNICIAN IN CONSTRUCTII SI LUCRARI PUBLICE": 2, "TEHNICIAN DESIGNER MOBILA SI AMENAJARI INTERIOARE": 2}, "limba_moderna": {"LIMBA FRANCEZA": 2, "LIMBA ENGLEZA": 35}, "limba_materna": {"LIMBA ROMANA": 37}, "promotie_anterioara": {"DA": 17, "NU": 20}, "materii": {"LIMBA ROMANA": {"medie": 5.171874999999999, "reusita": 59.45945945945946, "cnt": 37}, "GENERAL": {"medie": 4.782777777777778, "reusita": 13.513513513513514, "cnt": 37}, "BIOLOGIE VEGETALA SI ANIMALA": {"medie": 4.997826086956522, "reusita": 44.827586206896555, "cnt": 29}, "MATEMATICA TEHN": {"medie": 4.4, "reusita": 45.94594594594595, "cnt": 37}, "CHIMIE ANORGANICA TEH NIVEL I/II": {"medie": 4.364285714285714, "reusita": 50.0, "cnt": 8}}, "nume": "COLEGIUL TEHNIC \"ANGHEL SALIGNY\" CLUJ-NAPOCA\tCluj"}