{"specializari": {"INVATATOR - EDUCATOARE": 65, "INSTRUCTOR PENTRU ACTIVITATI EXTRASCOLARE": 28, "STIINTE SOCIALE": 61, "EDUCATOR-PUERICULTOR": 27, "FILOLOGIE": 34}, "limba_moderna": {"LIMBA ENGLEZA": 195, "LIMBA FRANCEZA": 4, "LIMBA ITALIANA": 9, "LIMBA GERMANA MODERNA": 7}, "limba_materna": {"LIMBA ROMANA": 128, "LIMBA MAGHIARA": 87}, "promotie_anterioara": {"DA": 14, "NU": 201}, "materii": {"LIMBA ROMANA": {"medie": 6.669302325581393, "reusita": 90.69767441860465, "cnt": 215}, "GENERAL": {"medie": 7.245735524256647, "reusita": 83.25581395348837, "cnt": 215}, "ISTORIE": {"medie": 6.927666666666667, "reusita": 98.0, "cnt": 150}, "GEOGRAFIE": {"medie": 7.906684491978612, "reusita": 97.88359788359789, "cnt": 189}, "SOCIOLOGIE": {"medie": 9.05, "reusita": 100.0, "cnt": 1}, "MATEMATICA PED": {"medie": 7.26796875, "reusita": 96.92307692307692, "cnt": 65}, "LOGICA, ARGUMENTARE SI COMUNICARE": {"medie": 8.250000000000002, "reusita": 100.0, "cnt": 14}, "PSIHOLOGIE": {"medie": 8.205555555555556, "reusita": 100.0, "cnt": 9}, "FILOSOFIE": {"medie": 7.225, "reusita": 100.0, "cnt": 2}, "LIMBA MAGHIARA (UMAN)": {"medie": 6.948275862068967, "reusita": 100.0, "cnt": 87}}, "nume": "COLEGIUL NATIONAL PEDAGOGIC \"MIHAI EMINESCU\" TIRGU MURES\tMure\u0219"}