{"specializari": {"MATEMATICA-INFORMATICA": 82, "STIINTE SOCIALE": 31, "FILOLOGIE": 50, "STIINTE ALE NATURII": 32}, "limba_moderna": {"LIMBA ENGLEZA": 192, "LIMBA FRANCEZA": 3}, "limba_materna": {"LIMBA ROMANA": 195}, "promotie_anterioara": {"DA": 1, "NU": 194}, "materii": {"LIMBA ROMANA": {"medie": 8.82963917525773, "reusita": 99.48717948717949, "cnt": 195}, "MATEMATICA ST-NAT": {"medie": 9.085937499999998, "reusita": 100.0, "cnt": 32}, "ANATOMIE SI FIZIOLOGIE UMANA, GENETICA SI ECOLOGIE UMANA": {"medie": 9.576470588235296, "reusita": 100.0, "cnt": 17}, "GENERAL": {"medie": 8.968393782383421, "reusita": 97.94871794871794, "cnt": 195}, "MATEMATICA MATE-INFO": {"medie": 9.225308641975307, "reusita": 98.78048780487805, "cnt": 82}, "BIOLOGIE VEGETALA SI ANIMALA": {"medie": 8.15, "reusita": 100.0, "cnt": 2}, "ISTORIE": {"medie": 8.909876543209878, "reusita": 100.0, "cnt": 81}, "GEOGRAFIE": {"medie": 8.934615384615386, "reusita": 98.48484848484848, "cnt": 66}, "SOCIOLOGIE": {"medie": 9.8, "reusita": 100.0, "cnt": 2}, "LOGICA, ARGUMENTARE SI COMUNICARE": {"medie": 8.85, "reusita": 100.0, "cnt": 1}, "PSIHOLOGIE": {"medie": 10.0, "reusita": 100.0, "cnt": 1}, "FIZICA TEO": {"medie": 9.043636363636365, "reusita": 100.0, "cnt": 55}, "CHIMIE ORGANICA TEO NIVEL I/II": {"medie": 9.127083333333335, "reusita": 96.0, "cnt": 25}, "INFORMATICA MI C/C++": {"medie": 8.520000000000001, "reusita": 100.0, "cnt": 15}, "ECONOMIE": {"medie": 8.522727272727273, "reusita": 100.0, "cnt": 11}}, "nume": "COLEGIUL NATIONAL \"IENACHITA VACARESCU\" TARGOVISTE\tD\u00e2mbovi\u021ba"}