{"specializari": {"STIINTE SOCIALE": 33, "FILOLOGIE": 56, "STIINTE ALE NATURII": 57, "MATEMATICA-INFORMATICA": 55}, "limba_moderna": {"LIMBA ENGLEZA": 195, "LIMBA GERMANA MODERNA": 6}, "limba_materna": {"LIMBA ROMANA": 201}, "promotie_anterioara": {"DA": 2, "NU": 199}, "materii": {"LIMBA ROMANA": {"medie": 8.099500000000004, "reusita": 99.50248756218906, "cnt": 201}, "MATEMATICA ST-NAT": {"medie": 7.857894736842103, "reusita": 100.0, "cnt": 57}, "ANATOMIE SI FIZIOLOGIE UMANA, GENETICA SI ECOLOGIE UMANA": {"medie": 8.902499999999998, "reusita": 100.0, "cnt": 20}, "GENERAL": {"medie": 8.209833333333341, "reusita": 95.02487562189054, "cnt": 201}, "MATEMATICA MATE-INFO": {"medie": 8.47909090909091, "reusita": 96.36363636363636, "cnt": 55}, "BIOLOGIE VEGETALA SI ANIMALA": {"medie": 8.263559322033899, "reusita": 98.30508474576271, "cnt": 59}, "ISTORIE": {"medie": 7.751704545454544, "reusita": 97.75280898876404, "cnt": 89}, "GEOGRAFIE": {"medie": 9.156382978723405, "reusita": 100.0, "cnt": 47}, "SOCIOLOGIE": {"medie": "-", "reusita": 0.0, "cnt": 1}, "LOGICA, ARGUMENTARE SI COMUNICARE": {"medie": 8.973170731707315, "reusita": 97.5609756097561, "cnt": 41}, "FIZICA TEO": {"medie": 8.85, "reusita": 100.0, "cnt": 1}, "CHIMIE ORGANICA TEO NIVEL I/II": {"medie": 7.65, "reusita": 100.0, "cnt": 1}, "INFORMATICA MI C/C++": {"medie": 7.396666666666666, "reusita": 90.0, "cnt": 30}, "INFORMATICA SN C/C++": {"medie": 7.35, "reusita": 100.0, "cnt": 1}}, "nume": "COLEGIUL NATIONAL \"LUCIAN BLAGA\" SEBES\tAlba"}