{"specializari": {"TEHNICIAN OPERATOR TEHNICA DE CALCUL": 5, "TEHNICIAN ANALIZE PRODUSE ALIMENTARE": 43, "TEHNICIAN ECOLOG SI PROTECTIA CALITATII MEDIULUI": 46, "TEHNICIAN IN INSTALATII ELECTRICE": 7, "TEHNICIAN CHIMIST DE LABORATOR": 14}, "limba_moderna": {"LIMBA ENGLEZA": 99, "LIMBA FRANCEZA": 16}, "limba_materna": {"LIMBA ROMANA": 115}, "promotie_anterioara": {"DA": 27, "NU": 88}, "materii": {"LIMBA ROMANA": {"medie": 5.887727272727275, "reusita": 78.26086956521739, "cnt": 115}, "ANATOMIE SI FIZIOLOGIE UMANA, GENETICA SI ECOLOGIE UMANA": {"medie": 6.521518987341776, "reusita": 74.15730337078652, "cnt": 89}, "GENERAL": {"medie": 5.757443365695795, "reusita": 40.869565217391305, "cnt": 115}, "BIOLOGIE VEGETALA SI ANIMALA": {"medie": 5.27, "reusita": 57.692307692307686, "cnt": 26}, "MATEMATICA TEHN": {"medie": 5.062037037037037, "reusita": 63.47826086956522, "cnt": 115}}, "nume": "COLEGIUL TEHNIC \"G-RAL GHEORGHE MAGHERU\" TG-JIU\tGorj"}