{"specializari": {"TEHNICIAN OPERATOR PROCESARE TEXT IMAGINE": 22, "TEHNICIAN ANALIZE PRODUSE ALIMENTARE": 18, "TEHNICIAN IN ACTIVITATI ECONOMICE": 22, "TEHNICIAN VETERINAR": 18, "TEHNICIAN IN ACTIVITATI DE COMERT": 1, "TEHNICIAN IN TURISM": 13}, "limba_moderna": {"LIMBA ENGLEZA": 89, "LIMBA GERMANA MODERNA": 5}, "limba_materna": {"LIMBA MAGHIARA": 94}, "promotie_anterioara": {"DA": 22, "NU": 72}, "materii": {"LIMBA ROMANA": {"medie": 3.471022727272728, "reusita": 28.723404255319153, "cnt": 94}, "ANATOMIE SI FIZIOLOGIE UMANA, GENETICA SI ECOLOGIE UMANA": {"medie": 6.455882352941176, "reusita": 88.88888888888889, "cnt": 36}, "GENERAL": {"medie": 5.447740963855422, "reusita": 17.02127659574468, "cnt": 94}, "BIOLOGIE VEGETALA SI ANIMALA": {"medie": 6.197222222222223, "reusita": 72.72727272727273, "cnt": 22}, "GEOGRAFIE": {"medie": 6.187878787878788, "reusita": 87.87878787878788, "cnt": 33}, "MATEMATICA TEHN": {"medie": 5.75, "reusita": 80.85106382978722, "cnt": 94}, "LIMBA MAGHIARA (REAL)": {"medie": 6.26923076923077, "reusita": 91.48936170212765, "cnt": 94}, "ECONOMIE": {"medie": 7.066666666666666, "reusita": 100.0, "cnt": 3}}, "nume": "COLEGIUL TEHNIC \"BATTHYANY IGNAC\" GHEORGHENI\tHarghita"}