{"specializari": {"TEHNICIAN OPERATOR TEHNICA DE CALCUL": 1, "TEHNICIAN IN TURISM": 31, "TEHNICIAN IN ACTIVITATI ECONOMICE": 38, "TEHNICIAN DESENATOR PENTRU CONSTRUCTII SI INSTALATII": 9, "TEHNICIAN TRANSPORTURI": 22, "TEHNICIAN MECATRONIST": 4, "TEHNICIAN IN CONSTRUCTII SI LUCRARI PUBLICE": 2}, "limba_moderna": {"LIMBA ENGLEZA": 103, "LIMBA FRANCEZA": 4}, "limba_materna": {"LIMBA ROMANA": 107}, "promotie_anterioara": {"DA": 15, "NU": 92}, "materii": {"LIMBA ROMANA": {"medie": 6.053645833333332, "reusita": 74.76635514018692, "cnt": 107}, "GENERAL": {"medie": 6.002127659574468, "reusita": 52.336448598130836, "cnt": 107}, "BIOLOGIE VEGETALA SI ANIMALA": {"medie": 4.45625, "reusita": 38.23529411764706, "cnt": 34}, "GEOGRAFIE": {"medie": 7.378688524590164, "reusita": 89.0625, "cnt": 64}, "MATEMATICA TEHN": {"medie": 5.453684210526316, "reusita": 63.55140186915887, "cnt": 107}, "FIZICA TEH": {"medie": 3.616666666666667, "reusita": 33.33333333333333, "cnt": 3}, "CHIMIE ANORGANICA TEH NIVEL I/II": {"medie": 6.85, "reusita": 100.0, "cnt": 1}, "PSIHOLOGIE": {"medie": 6.38, "reusita": 100.0, "cnt": 5}}, "nume": "COLEGIUL TEHNIC \"MIRON COSTIN\", MUNICIPIUL ROMAN\tNeam\u021b"}