{"specializari": {"MATEMATICA-INFORMATICA": 13, "TEOLOGIE REFORMATA": 28, "STIINTE ALE NATURII": 14}, "limba_moderna": {"LIMBA ENGLEZA": 55}, "limba_materna": {"LIMBA MAGHIARA": 55}, "promotie_anterioara": {"NU": 55}, "materii": {"LIMBA ROMANA": {"medie": 6.3509090909090915, "reusita": 92.72727272727272, "cnt": 55}, "MATEMATICA ST-NAT": {"medie": 7.667857142857144, "reusita": 100.0, "cnt": 14}, "ANATOMIE SI FIZIOLOGIE UMANA, GENETICA SI ECOLOGIE UMANA": {"medie": 9.040000000000001, "reusita": 100.0, "cnt": 10}, "GENERAL": {"medie": 7.485, "reusita": 85.45454545454545, "cnt": 55}, "MATEMATICA MATE-INFO": {"medie": 5.630769230769231, "reusita": 76.92307692307693, "cnt": 13}, "BIOLOGIE VEGETALA SI ANIMALA": {"medie": 7.275000000000001, "reusita": 100.0, "cnt": 6}, "ISTORIE": {"medie": 7.891071428571429, "reusita": 100.0, "cnt": 28}, "GEOGRAFIE": {"medie": 8.4125, "reusita": 100.0, "cnt": 28}, "LIMBA MAGHIARA (REAL)": {"medie": 8.090909090909088, "reusita": 100.0, "cnt": 55}, "INFORMATICA MI PASCAL": {"medie": 6.641666666666667, "reusita": 100.0, "cnt": 6}, "FIZICA TEO": {"medie": 5.85, "reusita": 100.0, "cnt": 1}, "CHIMIE ORGANICA TEO NIVEL I/II": {"medie": 8.899999999999999, "reusita": 100.0, "cnt": 4}}, "nume": "COLEGIUL REFORMAT \"BACZKAMADARASI KIS GERGELY\" ODORHEIU SECUIESC\tHarghita"}