{"specializari": {"TEHNICIAN IN AUTOMATIZARI": 1, "TEHNICIAN IN TURISM": 19, "TEHNICIAN IN ACTIVITATI ECONOMICE": 18, "STIINTE ALE NATURII": 10, "MATEMATICA-INFORMATICA": 8}, "limba_moderna": {"LIMBA ENGLEZA": 56}, "limba_materna": {"LIMBA MAGHIARA": 56}, "promotie_anterioara": {"DA": 9, "NU": 47}, "materii": {"LIMBA ROMANA": {"medie": 6.135185185185186, "reusita": 73.21428571428571, "cnt": 56}, "MATEMATICA ST-NAT": {"medie": 6.130000000000001, "reusita": 80.0, "cnt": 10}, "ANATOMIE SI FIZIOLOGIE UMANA, GENETICA SI ECOLOGIE UMANA": {"medie": 9.096153846153847, "reusita": 100.0, "cnt": 13}, "GENERAL": {"medie": 6.809027777777779, "reusita": 57.14285714285714, "cnt": 56}, "MATEMATICA MATE-INFO": {"medie": 7.70625, "reusita": 100.0, "cnt": 8}, "BIOLOGIE VEGETALA SI ANIMALA": {"medie": 3.15, "reusita": 0.0, "cnt": 1}, "GEOGRAFIE": {"medie": 7.675757575757576, "reusita": 93.93939393939394, "cnt": 33}, "MATEMATICA TEHN": {"medie": 5.098648648648648, "reusita": 73.68421052631578, "cnt": 38}, "PSIHOLOGIE": {"medie": 6.300000000000001, "reusita": 50.0, "cnt": 4}, "LIMBA MAGHIARA (REAL)": {"medie": 7.401785714285716, "reusita": 100.0, "cnt": 56}, "CHIMIE ORGANICA TEO NIVEL I/II": {"medie": 9.15, "reusita": 100.0, "cnt": 1}, "INFORMATICA MI C/C++": {"medie": 8.1, "reusita": 75.0, "cnt": 4}}, "nume": "COLEGIUL\"CSIKY GERGELY\" ARAD\tArad"}