{"specializari": {"FILOLOGIE": 61, "MATEMATICA-INFORMATICA": 31, "LICEU CU PROGRAM SPORTIV": 25, "STIINTE ALE NATURII": 38}, "limba_moderna": {"LIMBA ENGLEZA": 153, "LIMBA GERMANA MODERNA": 2}, "limba_materna": {"LIMBA MAGHIARA": 48, "LIMBA ROMANA": 107}, "promotie_anterioara": {"DA": 15, "NU": 140}, "materii": {"LIMBA ROMANA": {"medie": 6.533464052287579, "reusita": 83.22580645161291, "cnt": 155}, "MATEMATICA ST-NAT": {"medie": 7.086842105263158, "reusita": 92.10526315789474, "cnt": 38}, "ANATOMIE SI FIZIOLOGIE UMANA, GENETICA SI ECOLOGIE UMANA": {"medie": 8.780000000000001, "reusita": 100.0, "cnt": 30}, "GENERAL": {"medie": 7.1853344298245645, "reusita": 72.25806451612902, "cnt": 155}, "MATEMATICA MATE-INFO": {"medie": 8.170967741935485, "reusita": 93.54838709677419, "cnt": 31}, "BIOLOGIE VEGETALA SI ANIMALA": {"medie": 7.614285714285714, "reusita": 93.33333333333333, "cnt": 15}, "ISTORIE": {"medie": 6.755058823529407, "reusita": 96.51162790697676, "cnt": 86}, "GEOGRAFIE": {"medie": 7.192592592592593, "reusita": 91.46341463414635, "cnt": 82}, "PSIHOLOGIE": {"medie": 7.25, "reusita": 100.0, "cnt": 4}, "LIMBA MAGHIARA (REAL)": {"medie": 7.389999999999999, "reusita": 100.0, "cnt": 20}, "LIMBA MAGHIARA (UMAN)": {"medie": 5.816071428571429, "reusita": 85.71428571428571, "cnt": 28}, "INFORMATICA MI PASCAL": {"medie": 8.907499999999999, "reusita": 100.0, "cnt": 20}, "CHIMIE ORGANICA TEO NIVEL I/II": {"medie": 8.375, "reusita": 100.0, "cnt": 4}}, "nume": "COLEGIUL NATIONAL \"MIRCEA ELIADE\" SIGHISOARA\tMure\u0219"}