{"specializari": {"TEHNICIAN OPERATOR TEHNICA DE CALCUL": 47, "ORGANIZATOR BANQUETING": 27, "TEHNICIAN IN ADMINISTRATIE": 30, "TEHNICIAN MECATRONIST": 35, "TEHNICIAN MECANIC PENTRU INTRETINERE SI REPARATII": 1}, "limba_moderna": {"LIMBA ENGLEZA": 139, "LIMBA GERMANA MODERNA": 1}, "limba_materna": {"LIMBA ROMANA": 140}, "promotie_anterioara": {"DA": 23, "NU": 117}, "materii": {"LIMBA ROMANA": {"medie": 5.71679104477612, "reusita": 74.28571428571429, "cnt": 140}, "GENERAL": {"medie": 5.605643044619421, "reusita": 45.0, "cnt": 140}, "BIOLOGIE VEGETALA SI ANIMALA": {"medie": 4.29909090909091, "reusita": 36.92307692307693, "cnt": 65}, "GEOGRAFIE": {"medie": 7.479824561403508, "reusita": 94.73684210526315, "cnt": 57}, "MATEMATICA TEHN": {"medie": 5.237307692307691, "reusita": 65.71428571428571, "cnt": 140}, "FIZICA TEH": {"medie": 5.088235294117647, "reusita": 58.82352941176471, "cnt": 17}, "CHIMIE ANORGANICA TEH NIVEL I/II": {"medie": "-", "reusita": 0.0, "cnt": 1}}, "nume": "COLEGIUL TEHNIC \"HENRI COANDA\" TIMISOARA\tTimi\u0219"}