{"specializari": {"MATEMATICA-INFORMATICA": 107, "FILOLOGIE": 67, "STIINTE ALE NATURII": 32}, "limba_moderna": {"LIMBA ENGLEZA": 157, "LIMBA GERMANA MODERNA": 8, "LIMBA FRANCEZA": 37, "LIMBA RUSA": 4}, "limba_materna": {"LIMBA ROMANA": 206}, "promotie_anterioara": {"DA": 4, "NU": 202}, "materii": {"LIMBA ROMANA": {"medie": 7.884708737864078, "reusita": 99.02912621359224, "cnt": 206}, "MATEMATICA ST-NAT": {"medie": 8.884374999999997, "reusita": 100.0, "cnt": 32}, "ANATOMIE SI FIZIOLOGIE UMANA, GENETICA SI ECOLOGIE UMANA": {"medie": 7.5, "reusita": 100.0, "cnt": 6}, "GENERAL": {"medie": 8.028699186991872, "reusita": 88.83495145631069, "cnt": 206}, "MATEMATICA MATE-INFO": {"medie": 7.37056074766355, "reusita": 86.91588785046729, "cnt": 107}, "BIOLOGIE VEGETALA SI ANIMALA": {"medie": 6.8, "reusita": 75.0, "cnt": 8}, "ISTORIE": {"medie": 7.594029850746271, "reusita": 97.01492537313433, "cnt": 67}, "GEOGRAFIE": {"medie": 9.51, "reusita": 100.0, "cnt": 5}, "LOGICA, ARGUMENTARE SI COMUNICARE": {"medie": 8.861475409836066, "reusita": 98.36065573770492, "cnt": 61}, "FIZICA TEO": {"medie": 7.730645161290323, "reusita": 93.54838709677419, "cnt": 31}, "CHIMIE ORGANICA TEO NIVEL I/II": {"medie": 9.203846153846154, "reusita": 100.0, "cnt": 26}, "INFORMATICA MI C/C++": {"medie": 8.371538461538462, "reusita": 100.0, "cnt": 65}, "ECONOMIE": {"medie": 9.35, "reusita": 100.0, "cnt": 1}, "INFORMATICA SN C/C++": {"medie": 9.633333333333335, "reusita": 100.0, "cnt": 3}}, "nume": "COLEGIUL NATIONAL \"DINICU GOLESCU\" CAMPULUNG\tArge\u0219"}