{"specializari": {"STIINTE ALE NATURII": 152, "MATEMATICA-INFORMATICA": 29}, "limba_moderna": {"LIMBA ENGLEZA": 172, "LIMBA FRANCEZA": 3, "LIMBA GERMANA MODERNA": 6}, "limba_materna": {"LIMBA ROMANA": 181}, "promotie_anterioara": {"NU": 181}, "materii": {"LIMBA ROMANA": {"medie": 8.644917127071823, "reusita": 100.0, "cnt": 181}, "MATEMATICA ST-NAT": {"medie": 8.49901315789474, "reusita": 100.0, "cnt": 152}, "ANATOMIE SI FIZIOLOGIE UMANA, GENETICA SI ECOLOGIE UMANA": {"medie": 9.533333333333333, "reusita": 100.0, "cnt": 39}, "GENERAL": {"medie": 8.754567219152852, "reusita": 98.89502762430939, "cnt": 181}, "MATEMATICA MATE-INFO": {"medie": 8.887931034482758, "reusita": 100.0, "cnt": 29}, "BIOLOGIE VEGETALA SI ANIMALA": {"medie": 8.994285714285715, "reusita": 100.0, "cnt": 70}, "FIZICA TEO": {"medie": 8.473333333333334, "reusita": 100.0, "cnt": 15}, "CHIMIE ORGANICA TEO NIVEL I/II": {"medie": 8.950000000000001, "reusita": 100.0, "cnt": 7}, "INFORMATICA MI C/C++": {"medie": 9.107142857142858, "reusita": 100.0, "cnt": 21}, "CHIMIE ANORGANICA TEO NIVEL I/II": {"medie": 8.2125, "reusita": 100.0, "cnt": 8}, "INFORMATICA SN C/C++": {"medie": 9.109523809523811, "reusita": 100.0, "cnt": 21}}, "nume": "COLEGIUL NATIONAL \"GHEORGHE LAZAR\" SIBIU\tSibiu"}