{"specializari": {"MATEMATICA-INFORMATICA": 86, "STIINTE ALE NATURII": 30, "STIINTE SOCIALE": 29, "FILOLOGIE": 29}, "limba_moderna": {"LIMBA ENGLEZA": 170, "LIMBA FRANCEZA": 4}, "limba_materna": {"LIMBA ROMANA": 174}, "promotie_anterioara": {"DA": 2, "NU": 172}, "materii": {"LIMBA ROMANA": {"medie": 8.145114942528734, "reusita": 99.42528735632183, "cnt": 174}, "MATEMATICA ST-NAT": {"medie": 8.29, "reusita": 93.33333333333333, "cnt": 30}, "ANATOMIE SI FIZIOLOGIE UMANA, GENETICA SI ECOLOGIE UMANA": {"medie": 8.827358490566038, "reusita": 98.11320754716981, "cnt": 53}, "GENERAL": {"medie": 8.446027131782946, "reusita": 94.82758620689656, "cnt": 174}, "MATEMATICA MATE-INFO": {"medie": 8.067441860465115, "reusita": 95.34883720930233, "cnt": 86}, "ISTORIE": {"medie": 8.539655172413795, "reusita": 100.0, "cnt": 58}, "GEOGRAFIE": {"medie": 8.68452380952381, "reusita": 97.61904761904762, "cnt": 42}, "SOCIOLOGIE": {"medie": 9.425, "reusita": 100.0, "cnt": 2}, "LOGICA, ARGUMENTARE SI COMUNICARE": {"medie": 9.05, "reusita": 100.0, "cnt": 8}, "FILOSOFIE": {"medie": 9.6, "reusita": 100.0, "cnt": 2}, "FIZICA TEO": {"medie": 8.723809523809525, "reusita": 100.0, "cnt": 21}, "CHIMIE ORGANICA TEO NIVEL I/II": {"medie": 9.350000000000001, "reusita": 100.0, "cnt": 9}, "INFORMATICA MI C/C++": {"medie": 9.273333333333333, "reusita": 93.75, "cnt": 32}, "ECONOMIE": {"medie": 8.1125, "reusita": 100.0, "cnt": 4}, "INFORMATICA SN C/C++": {"medie": 9.8, "reusita": 100.0, "cnt": 1}}, "nume": "COLEGIUL NATIONAL \"SPIRU HARET\", LOCALITATEA TECUCI\tGala\u021bi"}