{"specializari": {"MATEMATICA-INFORMATICA": 87, "STIINTE SOCIALE": 37, "STIINTE ALE NATURII": 73, "FILOLOGIE": 72}, "limba_moderna": {"LIMBA FRANCEZA": 25, "LIMBA ENGLEZA": 244}, "limba_materna": {"LIMBA ROMANA": 269}, "promotie_anterioara": {"DA": 8, "NU": 261}, "materii": {"LIMBA ROMANA": {"medie": 8.557142857142859, "reusita": 98.88475836431226, "cnt": 269}, "MATEMATICA ST-NAT": {"medie": 7.115068493150685, "reusita": 91.78082191780823, "cnt": 73}, "ANATOMIE SI FIZIOLOGIE UMANA, GENETICA SI ECOLOGIE UMANA": {"medie": 8.610317460317463, "reusita": 96.875, "cnt": 64}, "GENERAL": {"medie": 8.386363636363633, "reusita": 91.82156133828995, "cnt": 269}, "MATEMATICA MATE-INFO": {"medie": 8.436781609195407, "reusita": 95.40229885057471, "cnt": 87}, "BIOLOGIE VEGETALA SI ANIMALA": {"medie": 7.576470588235295, "reusita": 100.0, "cnt": 17}, "ISTORIE": {"medie": 8.066666666666666, "reusita": 99.08256880733946, "cnt": 109}, "GEOGRAFIE": {"medie": 8.813829787234043, "reusita": 97.91666666666666, "cnt": 48}, "LOGICA, ARGUMENTARE SI COMUNICARE": {"medie": 8.716981132075471, "reusita": 92.72727272727272, "cnt": 55}, "FIZICA TEO": {"medie": 8.524615384615387, "reusita": 96.92307692307692, "cnt": 65}, "CHIMIE ORGANICA TEO NIVEL I/II": {"medie": 9.2, "reusita": 100.0, "cnt": 5}, "INFORMATICA MI C/C++": {"medie": 8.922222222222224, "reusita": 100.0, "cnt": 9}, "ECONOMIE": {"medie": 8.983333333333333, "reusita": 100.0, "cnt": 6}}, "nume": "COLEGIUL NATIONAL \"ION MINULESCU\" SLATINA\tOlt"}