{"specializari": {"FILOLOGIE": 140, "MATEMATICA-INFORMATICA": 47, "STIINTE ALE NATURII": 60}, "limba_moderna": {"LIMBA SPANIOLA": 21, "LIMBA ENGLEZA": 178, "LIMBA GERMANA MODERNA": 21, "LIMBA FRANCEZA": 27}, "limba_materna": {"LIMBA ROMANA": 247}, "promotie_anterioara": {"DA": 1, "NU": 246}, "materii": {"LIMBA ROMANA": {"medie": 7.827439024390241, "reusita": 99.59514170040485, "cnt": 247}, "MATEMATICA ST-NAT": {"medie": 8.645833333333334, "reusita": 100.0, "cnt": 60}, "ANATOMIE SI FIZIOLOGIE UMANA, GENETICA SI ECOLOGIE UMANA": {"medie": 8.928030303030301, "reusita": 100.0, "cnt": 66}, "GENERAL": {"medie": 8.41287262872629, "reusita": 98.38056680161942, "cnt": 247}, "MATEMATICA MATE-INFO": {"medie": 7.790425531914893, "reusita": 95.74468085106383, "cnt": 47}, "ISTORIE": {"medie": 8.649642857142853, "reusita": 100.0, "cnt": 140}, "GEOGRAFIE": {"medie": 8.96818181818182, "reusita": 100.0, "cnt": 11}, "SOCIOLOGIE": {"medie": 8.4875, "reusita": 100.0, "cnt": 4}, "LOGICA, ARGUMENTARE SI COMUNICARE": {"medie": 9.299999999999995, "reusita": 100.0, "cnt": 112}, "PSIHOLOGIE": {"medie": 9.135714285714284, "reusita": 100.0, "cnt": 7}, "FIZICA TEO": {"medie": 7.339999999999999, "reusita": 100.0, "cnt": 15}, "CHIMIE ORGANICA TEO NIVEL I/II": {"medie": 8.93, "reusita": 100.0, "cnt": 5}, "INFORMATICA MI C/C++": {"medie": 7.87, "reusita": 100.0, "cnt": 20}, "ECONOMIE": {"medie": 9.283333333333333, "reusita": 100.0, "cnt": 6}, "INFORMATICA SN C/C++": {"medie": 5.0, "reusita": 100.0, "cnt": 1}}, "nume": "COLEGIUL NATIONAL \"ELENA CUZA\" CRAIOVA\tDolj"}