{"specializari": {"TEHNICIAN IN TURISM": 9, "TEHNICIAN IN GASTRONOMIE": 4, "FILOLOGIE": 16, "MATEMATICA-INFORMATICA": 1, "TEHNICIAN IN ACTIVITATI DE COMERT": 1, "TEHNICIAN ELECTROMECANIC": 1}, "limba_moderna": {"LIMBA ENGLEZA": 24, "LIMBA FRANCEZA": 8}, "limba_materna": {"LIMBA ROMANA": 32}, "promotie_anterioara": {"DA": 12, "NU": 20}, "materii": {"LIMBA ROMANA": {"medie": 5.629310344827586, "reusita": 71.875, "cnt": 32}, "ANATOMIE SI FIZIOLOGIE UMANA, GENETICA SI ECOLOGIE UMANA": {"medie": "-", "reusita": 0.0, "cnt": 1}, "GENERAL": {"medie": 5.9013333333333335, "reusita": 31.25, "cnt": 32}, "MATEMATICA MATE-INFO": {"medie": "-", "reusita": 0.0, "cnt": 1}, "ISTORIE": {"medie": 5.869999999999999, "reusita": 81.25, "cnt": 16}, "GEOGRAFIE": {"medie": 7.0921052631578965, "reusita": 73.91304347826086, "cnt": 23}, "MATEMATICA TEHN": {"medie": 4.482142857142857, "reusita": 46.666666666666664, "cnt": 15}, "SOCIOLOGIE": {"medie": 5.25, "reusita": 60.0, "cnt": 5}, "FIZICA TEH": {"medie": "-", "reusita": 0.0, "cnt": 1}, "LOGICA, ARGUMENTARE SI COMUNICARE": {"medie": 6.1, "reusita": 100.0, "cnt": 1}, "ECONOMIE": {"medie": 5.8, "reusita": 100.0, "cnt": 1}}, "nume": "COLEGIUL \"ION KALINDERU\", ORASUL BUSTENI\tPrahova"}