{"specializari": {"TEHNICIAN IN ACHIZITII SI CONTRACTARI": 49, "TEHNICIAN IN ADMINISTRATIE": 21, "TEHNICIAN IN TURISM": 81, "TEHNICIAN IN ACTIVITATI ECONOMICE": 58, "TEHNICIAN IN HOTELARIE": 1}, "limba_moderna": {"LIMBA ENGLEZA": 168, "LIMBA FRANCEZA": 42}, "limba_materna": {"LIMBA ROMANA": 210}, "promotie_anterioara": {"DA": 50, "NU": 160}, "materii": {"LIMBA ROMANA": {"medie": 6.31428571428571, "reusita": 80.95238095238095, "cnt": 210}, "GENERAL": {"medie": 5.549127399650959, "reusita": 26.666666666666668, "cnt": 210}, "GEOGRAFIE": {"medie": 6.5301282051282055, "reusita": 80.95238095238095, "cnt": 168}, "MATEMATICA TEHN": {"medie": 3.673979591836735, "reusita": 33.80952380952381, "cnt": 210}, "LOGICA, ARGUMENTARE SI COMUNICARE": {"medie": 6.4885714285714275, "reusita": 69.44444444444444, "cnt": 36}, "PSIHOLOGIE": {"medie": 7.65, "reusita": 100.0, "cnt": 2}, "ECONOMIE": {"medie": 4.05, "reusita": 50.0, "cnt": 4}}, "nume": "COLEGIUL NATIONAL ECONOMIC \"THEODOR COSTESCU\"\tMehedin\u021bi"}