{"specializari": {"MUZICA": 25, "ARHITECTURA, ARTE AMBIENTALE SI DESIGN": 29, "ARTE PLASTICE SI DECORATIVE": 24}, "limba_moderna": {"LIMBA ENGLEZA": 77, "LIMBA FRANCEZA": 1}, "limba_materna": {"LIMBA ROMANA": 78}, "promotie_anterioara": {"DA": 1, "NU": 77}, "materii": {"LIMBA ROMANA": {"medie": 7.833333333333332, "reusita": 98.71794871794873, "cnt": 78}, "GENERAL": {"medie": 8.178205128205127, "reusita": 93.58974358974359, "cnt": 78}, "ISTORIE": {"medie": 7.925, "reusita": 98.71794871794873, "cnt": 78}, "GEOGRAFIE": {"medie": 8.223809523809523, "reusita": 100.0, "cnt": 21}, "LOGICA, ARGUMENTARE SI COMUNICARE": {"medie": 8.972222222222225, "reusita": 98.14814814814815, "cnt": 54}, "PSIHOLOGIE": {"medie": 8.850000000000001, "reusita": 100.0, "cnt": 2}, "FILOSOFIE": {"medie": 9.65, "reusita": 100.0, "cnt": 1}}, "nume": "COLEGIUL DE ARTA \"CARMEN SYLVA\", MUNICIPIUL PLOIESTI\tPrahova"}