{"specializari": {"MATEMATICA-INFORMATICA": 56, "FILOLOGIE": 60, "STIINTE SOCIALE": 32, "STIINTE ALE NATURII": 62}, "limba_moderna": {"LIMBA ENGLEZA": 158, "LIMBA FRANCEZA": 52}, "limba_materna": {"LIMBA ROMANA": 210}, "promotie_anterioara": {"NU": 210}, "materii": {"LIMBA ROMANA": {"medie": 8.430622009569376, "reusita": 99.04761904761905, "cnt": 210}, "MATEMATICA ST-NAT": {"medie": 8.635483870967745, "reusita": 100.0, "cnt": 62}, "ANATOMIE SI FIZIOLOGIE UMANA, GENETICA SI ECOLOGIE UMANA": {"medie": 9.076923076923078, "reusita": 100.0, "cnt": 13}, "GENERAL": {"medie": 8.774242424242424, "reusita": 99.04761904761905, "cnt": 210}, "MATEMATICA MATE-INFO": {"medie": 8.839285714285715, "reusita": 100.0, "cnt": 56}, "BIOLOGIE VEGETALA SI ANIMALA": {"medie": 8.65, "reusita": 100.0, "cnt": 10}, "ISTORIE": {"medie": 8.772527472527479, "reusita": 98.91304347826086, "cnt": 92}, "GEOGRAFIE": {"medie": 9.549999999999999, "reusita": 100.0, "cnt": 3}, "SOCIOLOGIE": {"medie": 9.2, "reusita": 100.0, "cnt": 1}, "LOGICA, ARGUMENTARE SI COMUNICARE": {"medie": 9.362328767123287, "reusita": 98.64864864864865, "cnt": 74}, "PSIHOLOGIE": {"medie": 9.42, "reusita": 100.0, "cnt": 5}, "INFORMATICA MI PASCAL": {"medie": 9.095454545454546, "reusita": 100.0, "cnt": 11}, "FIZICA TEO": {"medie": 8.60735294117647, "reusita": 100.0, "cnt": 34}, "CHIMIE ORGANICA TEO NIVEL I/II": {"medie": 9.39878048780488, "reusita": 100.0, "cnt": 41}, "INFORMATICA MI C/C++": {"medie": 8.700000000000001, "reusita": 100.0, "cnt": 9}, "ECONOMIE": {"medie": 9.055555555555555, "reusita": 100.0, "cnt": 9}}, "nume": "COLEGIUL NATIONAL \"ALEXANDRU IOAN CUZA\", MUNICIPIUL PLOIESTI\tPrahova"}