{"specializari": {"TEHNICIAN OPERATOR TEHNICA DE CALCUL": 20, "MATEMATICA-INFORMATICA": 7, "TEHNICIAN ECOLOG SI PROTECTIA CALITATII MEDIULUI": 6, "TEHNICIAN IN TURISM": 33, "TEHNICIAN IN ADMINISTRATIE": 18, "COAFOR STILIST": 24, "TEHNICIAN IN GASTRONOMIE": 4, "TEHNICIAN MECANIC PENTRU INTRETINERE SI REPARATII": 3, "TEHNICIAN IN ACTIVITATI ECONOMICE": 26, "TEHNICIAN ANALIZE PRODUSE ALIMENTARE": 19}, "limba_moderna": {"LIMBA ENGLEZA": 160}, "limba_materna": {"LIMBA ROMANA": 159, "LIMBA MAGHIARA": 1}, "promotie_anterioara": {"DA": 36, "NU": 124}, "materii": {"LIMBA ROMANA": {"medie": 5.4422818791946295, "reusita": 68.75, "cnt": 160}, "ANATOMIE SI FIZIOLOGIE UMANA, GENETICA SI ECOLOGIE UMANA": {"medie": 5.81923076923077, "reusita": 61.29032258064516, "cnt": 31}, "GENERAL": {"medie": 5.297592592592595, "reusita": 28.125, "cnt": 160}, "MATEMATICA MATE-INFO": {"medie": 3.2875, "reusita": 28.57142857142857, "cnt": 7}, "BIOLOGIE VEGETALA SI ANIMALA": {"medie": 3.7499999999999996, "reusita": 29.411764705882355, "cnt": 17}, "GEOGRAFIE": {"medie": 6.744202898550725, "reusita": 79.45205479452055, "cnt": 73}, "MATEMATICA TEHN": {"medie": 4.322661870503596, "reusita": 45.09803921568628, "cnt": 153}, "FIZICA TEH": {"medie": 5.691666666666666, "reusita": 100.0, "cnt": 6}, "LOGICA, ARGUMENTARE SI COMUNICARE": {"medie": 6.12, "reusita": 74.19354838709677, "cnt": 31}, "PSIHOLOGIE": {"medie": 5.05, "reusita": 100.0, "cnt": 1}, "LIMBA MAGHIARA (REAL)": {"medie": 6.6, "reusita": 100.0, "cnt": 1}, "CHIMIE ORGANICA TEH NIVEL I/II": {"medie": 6.1, "reusita": 100.0, "cnt": 1}}, "nume": "COLEGIUL TEHNIC \"MIHAI VITEAZUL\" ORADEA\tBihor"}