{"specializari": {"STIINTE ALE NATURII": 86, "MATEMATICA-INFORMATICA": 57, "FILOLOGIE": 27}, "limba_moderna": {"LIMBA ENGLEZA": 167, "LIMBA FRANCEZA": 3}, "limba_materna": {"LIMBA ROMANA": 170}, "promotie_anterioara": {"NU": 170}, "materii": {"LIMBA ROMANA": {"medie": 8.874705882352938, "reusita": 100.0, "cnt": 170}, "MATEMATICA ST-NAT": {"medie": 9.116860465116275, "reusita": 100.0, "cnt": 86}, "ANATOMIE SI FIZIOLOGIE UMANA, GENETICA SI ECOLOGIE UMANA": {"medie": 9.180882352941175, "reusita": 100.0, "cnt": 34}, "GENERAL": {"medie": 8.866960784313724, "reusita": 100.0, "cnt": 170}, "MATEMATICA MATE-INFO": {"medie": 8.472807017543863, "reusita": 100.0, "cnt": 57}, "ISTORIE": {"medie": 8.57962962962963, "reusita": 100.0, "cnt": 27}, "GEOGRAFIE": {"medie": 8.853125, "reusita": 100.0, "cnt": 16}, "SOCIOLOGIE": {"medie": 9.005, "reusita": 100.0, "cnt": 10}, "LOGICA, ARGUMENTARE SI COMUNICARE": {"medie": 9.1, "reusita": 100.0, "cnt": 1}, "FIZICA TEO": {"medie": 8.694736842105263, "reusita": 100.0, "cnt": 38}, "CHIMIE ORGANICA TEO NIVEL I/II": {"medie": 9.171153846153846, "reusita": 100.0, "cnt": 26}, "INFORMATICA MI C/C++": {"medie": 8.635135135135135, "reusita": 100.0, "cnt": 37}, "CHIMIE ANORGANICA TEO NIVEL I/II": {"medie": 8.4, "reusita": 100.0, "cnt": 2}, "INFORMATICA SN C/C++": {"medie": 9.450000000000001, "reusita": 100.0, "cnt": 6}}, "nume": "COLEGIUL NATIONAL \"MOISE NICOARA\" ARAD\tArad"}