{"specializari": {"MATEMATICA-INFORMATICA": 107}, "limba_moderna": {"LIMBA ENGLEZA": 105, "LIMBA FRANCEZA": 2}, "limba_materna": {"LIMBA ROMANA": 107}, "promotie_anterioara": {"NU": 107}, "materii": {"LIMBA ROMANA": {"medie": 8.632242990654202, "reusita": 100.0, "cnt": 107}, "GENERAL": {"medie": 8.83878504672897, "reusita": 100.0, "cnt": 107}, "MATEMATICA MATE-INFO": {"medie": 9.225233644859813, "reusita": 100.0, "cnt": 107}, "BIOLOGIE VEGETALA SI ANIMALA": {"medie": 8.191666666666666, "reusita": 100.0, "cnt": 24}, "FIZICA TEO": {"medie": 8.841025641025642, "reusita": 100.0, "cnt": 78}, "INFORMATICA MI C/C++": {"medie": 8.0625, "reusita": 100.0, "cnt": 4}, "CHIMIE ANORGANICA TEO NIVEL I/II": {"medie": 8.05, "reusita": 100.0, "cnt": 1}}, "nume": "COLEGIUL NATIONAL MILITAR \"MIHAI VITEAZUL\" ALBA IULIA\tAlba"}