{"specializari": {"TEHNICIAN ECOLOG SI PROTECTIA CALITATII MEDIULUI": 3, "STIINTE SOCIALE": 12}, "limba_moderna": {"LIMBA ENGLEZA": 15}, "limba_materna": {"LIMBA ROMANA": 15}, "promotie_anterioara": {"DA": 6, "NU": 9}, "materii": {"LIMBA ROMANA": {"medie": 3.9071428571428575, "reusita": 33.33333333333333, "cnt": 15}, "GENERAL": {"medie": 4.765476190476191, "reusita": 13.333333333333334, "cnt": 15}, "BIOLOGIE VEGETALA SI ANIMALA": {"medie": 3.866666666666667, "reusita": 33.33333333333333, "cnt": 3}, "ISTORIE": {"medie": 5.286363636363636, "reusita": 50.0, "cnt": 12}, "GEOGRAFIE": {"medie": 5.8999999999999995, "reusita": 66.66666666666666, "cnt": 3}, "MATEMATICA TEHN": {"medie": 2.7166666666666663, "reusita": 33.33333333333333, "cnt": 3}, "SOCIOLOGIE": {"medie": 7.141666666666666, "reusita": 100.0, "cnt": 6}, "LOGICA, ARGUMENTARE SI COMUNICARE": {"medie": 1.95, "reusita": 0.0, "cnt": 1}, "PSIHOLOGIE": {"medie": 5.05, "reusita": 50.0, "cnt": 2}}, "nume": "COLEGIUL ECOLOGIC \"PROF.UNIV.DR. ALEXANDRU IONESCU\" PITESTI\tArge\u0219"}