{"specializari": {"COREGRAFIE": 16, "ARTE PLASTICE SI DECORATIVE": 84, "MUZICA": 42, "ARHITECTURA, ARTE AMBIENTALE SI DESIGN": 33, "ARTA ACTORULUI": 25}, "limba_moderna": {"LIMBA ENGLEZA": 166, "LIMBA ITALIANA": 25, "LIMBA FRANCEZA": 7, "LIMBA RUSA": 2}, "limba_materna": {"LIMBA ROMANA": 200}, "promotie_anterioara": {"DA": 13, "NU": 187}, "materii": {"LIMBA ROMANA": {"medie": 7.546733668341707, "reusita": 96.0, "cnt": 200}, "GENERAL": {"medie": 7.529101899827289, "reusita": 81.5, "cnt": 200}, "ISTORIE": {"medie": 6.956532663316584, "reusita": 97.5, "cnt": 200}, "GEOGRAFIE": {"medie": 7.904374999999997, "reusita": 92.7710843373494, "cnt": 166}, "LOGICA, ARGUMENTARE SI COMUNICARE": {"medie": 8.427083333333332, "reusita": 95.83333333333334, "cnt": 24}, "PSIHOLOGIE": {"medie": 7.7749999999999995, "reusita": 100.0, "cnt": 8}, "FILOSOFIE": {"medie": 8.4, "reusita": 100.0, "cnt": 1}, "ECONOMIE": {"medie": 8.0, "reusita": 100.0, "cnt": 1}}, "nume": "COLEGIUL NATIONAL DE ARTA \"OCTAV BANCILA\", IASI\tIa\u0219i"}