{"specializari": {"MATEMATICA-INFORMATICA": 191, "STIINTE SOCIALE": 33, "FILOLOGIE": 61, "STIINTE ALE NATURII": 53}, "limba_moderna": {"LIMBA SPANIOLA": 1, "LIMBA ENGLEZA": 306, "LIMBA FRANCEZA": 17, "LIMBA GERMANA MODERNA": 14}, "limba_materna": {"LIMBA ROMANA": 338}, "promotie_anterioara": {"DA": 2, "NU": 336}, "materii": {"LIMBA ROMANA": {"medie": 8.553994082840235, "reusita": 100.0, "cnt": 338}, "MATEMATICA ST-NAT": {"medie": 8.961320754716983, "reusita": 100.0, "cnt": 53}, "ANATOMIE SI FIZIOLOGIE UMANA, GENETICA SI ECOLOGIE UMANA": {"medie": 9.390163934426228, "reusita": 100.0, "cnt": 61}, "GENERAL": {"medie": 8.67199211045365, "reusita": 97.63313609467455, "cnt": 338}, "MATEMATICA MATE-INFO": {"medie": 8.545287958115185, "reusita": 97.38219895287958, "cnt": 191}, "BIOLOGIE VEGETALA SI ANIMALA": {"medie": 8.86086956521739, "reusita": 95.65217391304348, "cnt": 23}, "ISTORIE": {"medie": 8.05159574468085, "reusita": 100.0, "cnt": 94}, "GEOGRAFIE": {"medie": 9.303571428571429, "reusita": 100.0, "cnt": 14}, "SOCIOLOGIE": {"medie": 8.959999999999999, "reusita": 100.0, "cnt": 5}, "LOGICA, ARGUMENTARE SI COMUNICARE": {"medie": 8.96086956521739, "reusita": 100.0, "cnt": 46}, "PSIHOLOGIE": {"medie": 9.020833333333334, "reusita": 100.0, "cnt": 12}, "FIZICA TEO": {"medie": 8.749029126213589, "reusita": 97.0873786407767, "cnt": 103}, "CHIMIE ORGANICA TEO NIVEL I/II": {"medie": 9.321739130434782, "reusita": 100.0, "cnt": 23}, "INFORMATICA MI C/C++": {"medie": 9.036764705882355, "reusita": 100.0, "cnt": 34}, "ECONOMIE": {"medie": 8.429411764705883, "reusita": 100.0, "cnt": 17}}, "nume": "COLEGIUL NATIONAL \"ION C. BRATIANU\" PITESTI\tArge\u0219"}