{"specializari": {"TEHNICIAN IN GASTRONOMIE": 24, "ORGANIZATOR BANQUETING": 2, "MATEMATICA-INFORMATICA": 33, "TEHNICIAN IN TURISM": 30, "TEHNICIAN IN ACTIVITATI DE COMERT": 23, "TEHNICIAN IN ACHIZITII SI CONTRACTARI": 63, "TEHNICIAN IN ACTIVITATI ECONOMICE": 92}, "limba_moderna": {"LIMBA ENGLEZA": 258, "LIMBA FRANCEZA": 9}, "limba_materna": {"LIMBA ROMANA": 267}, "promotie_anterioara": {"DA": 14, "NU": 253}, "materii": {"LIMBA ROMANA": {"medie": 7.349245283018864, "reusita": 97.37827715355806, "cnt": 267}, "ANATOMIE SI FIZIOLOGIE UMANA, GENETICA SI ECOLOGIE UMANA": {"medie": 5.925, "reusita": 75.0, "cnt": 4}, "GENERAL": {"medie": 7.654309252217996, "reusita": 90.2621722846442, "cnt": 267}, "MATEMATICA MATE-INFO": {"medie": 7.042424242424242, "reusita": 96.96969696969697, "cnt": 33}, "BIOLOGIE VEGETALA SI ANIMALA": {"medie": 7.2749999999999995, "reusita": 83.33333333333334, "cnt": 6}, "GEOGRAFIE": {"medie": 7.796551724137931, "reusita": 100.0, "cnt": 29}, "MATEMATICA TEHN": {"medie": 7.078787878787883, "reusita": 94.01709401709401, "cnt": 234}, "LOGICA, ARGUMENTARE SI COMUNICARE": {"medie": 8.78625, "reusita": 97.04433497536947, "cnt": 203}, "PSIHOLOGIE": {"medie": 8.7, "reusita": 100.0, "cnt": 1}, "FIZICA TEO": {"medie": 7.831818181818182, "reusita": 100.0, "cnt": 11}, "CHIMIE ORGANICA TEO NIVEL I/II": {"medie": 9.65, "reusita": 100.0, "cnt": 1}, "INFORMATICA MI C/C++": {"medie": 6.883333333333333, "reusita": 83.33333333333334, "cnt": 6}, "CHIMIE ANORGANICA TEO NIVEL I/II": {"medie": 7.69, "reusita": 100.0, "cnt": 5}, "ECONOMIE": {"medie": 8.3, "reusita": 100.0, "cnt": 1}}, "nume": "COLEGIUL ECONOMIC \"VIRGIL MADGEARU\", MUNICIPIUL PLOIESTI\tPrahova"}