{"specializari": {"TEHNICIAN OPERATOR PROCESARE TEXT IMAGINE": 4, "TEHNICIAN DE TELECOMUNICATII": 2, "TEHNICIAN TRANSPORTURI": 7, "TEHNICIAN OPERATOR TEHNICA DE CALCUL": 10, "TEHNICIAN PROIECTANT CAD": 8, "TEHNICIAN ELECTRICIAN/ELECTRONIST AUTO": 4, "STIINTE ALE NATURII": 5, "TEHNICIAN IN INSTALATII ELECTRICE": 1, "TEHNICIAN ELECTROMECANIC": 1, "TEHNICIAN MECANIC PENTRU INTRETINERE SI REPARATII": 2}, "limba_moderna": {"LIMBA ENGLEZA": 41, "LIMBA FRANCEZA": 3}, "limba_materna": {"LIMBA ROMANA": 44}, "promotie_anterioara": {"DA": 28, "NU": 16}, "materii": {"LIMBA ROMANA": {"medie": 5.7250000000000005, "reusita": 63.63636363636363, "cnt": 44}, "MATEMATICA ST-NAT": {"medie": 3.85, "reusita": 40.0, "cnt": 5}, "ANATOMIE SI FIZIOLOGIE UMANA, GENETICA SI ECOLOGIE UMANA": {"medie": 6.9, "reusita": 80.0, "cnt": 5}, "GENERAL": {"medie": 5.742592592592593, "reusita": 22.727272727272727, "cnt": 44}, "BIOLOGIE VEGETALA SI ANIMALA": {"medie": 5.620454545454544, "reusita": 50.0, "cnt": 34}, "MATEMATICA TEHN": {"medie": 5.661538461538462, "reusita": 56.41025641025641, "cnt": 39}, "FIZICA TEH": {"medie": "-", "reusita": 0.0, "cnt": 1}, "CHIMIE ANORGANICA TEH NIVEL I/II": {"medie": 5.95, "reusita": 25.0, "cnt": 4}}, "nume": "COLEGIUL TEHNIC DE TRANSPORTURI BRASOV\tBra\u0219ov"}