{"specializari": {"TEHNICIAN IN ACTIVITATI ECONOMICE": 20, "FILOLOGIE": 17}, "limba_moderna": {"LIMBA ENGLEZA": 36, "LIMBA FRANCEZA": 1}, "limba_materna": {"LIMBA ROMANA": 37}, "promotie_anterioara": {"DA": 20, "NU": 17}, "materii": {"LIMBA ROMANA": {"medie": 4.843103448275862, "reusita": 48.64864864864865, "cnt": 37}, "GENERAL": {"medie": 5.378472222222222, "reusita": 18.91891891891892, "cnt": 37}, "ISTORIE": {"medie": 5.8500000000000005, "reusita": 64.70588235294117, "cnt": 17}, "GEOGRAFIE": {"medie": 6.239583333333335, "reusita": 70.96774193548387, "cnt": 31}, "MATEMATICA TEHN": {"medie": 3.3208333333333333, "reusita": 20.0, "cnt": 20}, "LOGICA, ARGUMENTARE SI COMUNICARE": {"medie": 9.4, "reusita": 100.0, "cnt": 1}, "FILOSOFIE": {"medie": 7.1375, "reusita": 80.0, "cnt": 5}}, "nume": "COLEGIUL PARTICULAR \"VASILE GOLDIS\" ARAD\tArad"}