{"specializari": {"TEHNICIAN IN TURISM": 53, "TEHNICIAN IN ACTIVITATI DE COMERT": 57, "TEHNICIAN IN ACTIVITATI ECONOMICE": 93, "TEHNICIAN IN GASTRONOMIE": 63, "ORGANIZATOR BANQUETING": 76, "TEHNICIAN IN ACHIZITII SI CONTRACTARI": 26}, "limba_moderna": {"LIMBA FRANCEZA": 31, "LIMBA ENGLEZA": 337}, "limba_materna": {"LIMBA ROMANA": 368}, "promotie_anterioara": {"DA": 78, "NU": 290}, "materii": {"LIMBA ROMANA": {"medie": 5.889027777777779, "reusita": 86.41304347826086, "cnt": 368}, "GENERAL": {"medie": 5.87713736791547, "reusita": 42.119565217391305, "cnt": 368}, "GEOGRAFIE": {"medie": 6.606666666666667, "reusita": 86.98412698412699, "cnt": 315}, "MATEMATICA TEHN": {"medie": 5.092957746478871, "reusita": 62.5, "cnt": 368}, "LOGICA, ARGUMENTARE SI COMUNICARE": {"medie": 7.127419354838709, "reusita": 87.5, "cnt": 32}, "PSIHOLOGIE": {"medie": 6.270833333333335, "reusita": 92.3076923076923, "cnt": 13}, "ECONOMIE": {"medie": 4.437500000000001, "reusita": 37.5, "cnt": 8}}, "nume": "COLEGIUL ECONOMIC \"VIILOR\"\tBucure\u0219ti"}