{"specializari": {"MATEMATICA-INFORMATICA": 61, "STIINTE SOCIALE": 78, "STIINTE ALE NATURII": 70, "FILOLOGIE": 31}, "limba_moderna": {"LIMBA ENGLEZA": 206, "LIMBA GERMANA MODERNA": 24, "LIMBA FRANCEZA": 10}, "limba_materna": {"LIMBA ROMANA": 240}, "promotie_anterioara": {"DA": 2, "NU": 238}, "materii": {"LIMBA ROMANA": {"medie": 8.22259414225941, "reusita": 99.16666666666667, "cnt": 240}, "MATEMATICA ST-NAT": {"medie": 8.252857142857145, "reusita": 100.0, "cnt": 70}, "ANATOMIE SI FIZIOLOGIE UMANA, GENETICA SI ECOLOGIE UMANA": {"medie": 9.211666666666668, "reusita": 100.0, "cnt": 90}, "GENERAL": {"medie": 8.567991631799165, "reusita": 97.08333333333333, "cnt": 240}, "MATEMATICA MATE-INFO": {"medie": 8.740163934426231, "reusita": 95.08196721311475, "cnt": 61}, "ISTORIE": {"medie": 8.545370370370373, "reusita": 99.08256880733946, "cnt": 109}, "GEOGRAFIE": {"medie": 9.0, "reusita": 80.0, "cnt": 5}, "SOCIOLOGIE": {"medie": 9.5, "reusita": 100.0, "cnt": 1}, "LOGICA, ARGUMENTARE SI COMUNICARE": {"medie": 8.8798969072165, "reusita": 100.0, "cnt": 97}, "PSIHOLOGIE": {"medie": 7.783333333333334, "reusita": 100.0, "cnt": 3}, "FILOSOFIE": {"medie": 7.966666666666666, "reusita": 100.0, "cnt": 3}, "FIZICA TEO": {"medie": 8.692857142857141, "reusita": 100.0, "cnt": 14}, "CHIMIE ORGANICA TEO NIVEL I/II": {"medie": 9.35, "reusita": 100.0, "cnt": 1}, "INFORMATICA MI C/C++": {"medie": 8.992, "reusita": 100.0, "cnt": 25}, "CHIMIE ANORGANICA TEO NIVEL I/II": {"medie": 5.3, "reusita": 100.0, "cnt": 1}}, "nume": "COLEGIUL NATIONAL \"EUDOXIU HURMUZACHI\" RADAUTI\tSuceava"}