{"specializari": {"MATEMATICA-INFORMATICA": 149, "STIINTE ALE NATURII": 62, "FILOLOGIE": 76}, "limba_moderna": {"LIMBA ENGLEZA": 260, "LIMBA FRANCEZA": 27}, "limba_materna": {"LIMBA ROMANA": 287}, "promotie_anterioara": {"NU": 287}, "materii": {"LIMBA ROMANA": {"medie": 8.466898954703838, "reusita": 100.0, "cnt": 287}, "MATEMATICA ST-NAT": {"medie": 8.096774193548388, "reusita": 100.0, "cnt": 62}, "ANATOMIE SI FIZIOLOGIE UMANA, GENETICA SI ECOLOGIE UMANA": {"medie": 8.776923076923076, "reusita": 100.0, "cnt": 13}, "GENERAL": {"medie": 8.416724738675956, "reusita": 97.21254355400697, "cnt": 287}, "MATEMATICA MATE-INFO": {"medie": 8.137248322147657, "reusita": 97.98657718120806, "cnt": 149}, "BIOLOGIE VEGETALA SI ANIMALA": {"medie": 8.501515151515152, "reusita": 100.0, "cnt": 33}, "ISTORIE": {"medie": 8.376315789473683, "reusita": 100.0, "cnt": 76}, "GEOGRAFIE": {"medie": 8.975, "reusita": 100.0, "cnt": 4}, "SOCIOLOGIE": {"medie": 8.7, "reusita": 100.0, "cnt": 1}, "LOGICA, ARGUMENTARE SI COMUNICARE": {"medie": 9.241935483870968, "reusita": 100.0, "cnt": 62}, "PSIHOLOGIE": {"medie": 9.2375, "reusita": 100.0, "cnt": 4}, "FIZICA TEO": {"medie": 7.9401515151515145, "reusita": 95.45454545454545, "cnt": 66}, "CHIMIE ORGANICA TEO NIVEL I/II": {"medie": 8.939166666666669, "reusita": 100.0, "cnt": 60}, "INFORMATICA MI C/C++": {"medie": 8.05, "reusita": 96.875, "cnt": 32}, "CHIMIE ANORGANICA TEO NIVEL I/II": {"medie": 8.299999999999999, "reusita": 100.0, "cnt": 3}, "ECONOMIE": {"medie": 8.36, "reusita": 100.0, "cnt": 5}, "INFORMATICA SN C/C++": {"medie": 7.9625, "reusita": 100.0, "cnt": 4}}, "nume": "COLEGIUL NATIONAL \"ION LUCA CARAGIALE\", MUNICIPIUL PLOIESTI\tPrahova"}