{"specializari": {"TEHNICIAN DESENATOR PENTRU CONSTRUCTII SI INSTALATII": 43, "STIINTE ALE NATURII": 50, "TEHNICIAN OPERATOR TEHNICA DE CALCUL": 2, "TEHNICIAN MECATRONIST": 1, "TEHNICIAN HIDRO-METEOROLOG": 3, "TEHNICIAN DESIGNER MOBILA SI AMENAJARI INTERIOARE": 24, "ARHITECTURA, ARTE AMBIENTALE SI DESIGN": 28, "TEHNICIAN ECOLOG SI PROTECTIA CALITATII MEDIULUI": 20, "TEHNICIAN TRANSPORTURI": 1, "TEHNICIAN PROIECTANT CAD": 23, "TEHNICIAN INSTALATOR PENTRU CONSTRUCTII": 2, "MATEMATICA-INFORMATICA": 25, "TEHNICIAN IN CONSTRUCTII SI LUCRARI PUBLICE": 2}, "limba_moderna": {"LIMBA ENGLEZA": 197, "LIMBA FRANCEZA": 20, "LIMBA RUSA": 7}, "limba_materna": {"LIMBA ROMANA": 224}, "promotie_anterioara": {"DA": 40, "NU": 184}, "materii": {"LIMBA ROMANA": {"medie": 6.675742574257424, "reusita": 82.58928571428571, "cnt": 224}, "MATEMATICA ST-NAT": {"medie": 7.123999999999999, "reusita": 100.0, "cnt": 50}, "ANATOMIE SI FIZIOLOGIE UMANA, GENETICA SI ECOLOGIE UMANA": {"medie": 7.468852459016394, "reusita": 90.47619047619048, "cnt": 63}, "GENERAL": {"medie": 6.465864527629232, "reusita": 54.91071428571429, "cnt": 224}, "MATEMATICA MATE-INFO": {"medie": 5.679166666666667, "reusita": 76.0, "cnt": 25}, "BIOLOGIE VEGETALA SI ANIMALA": {"medie": 4.526744186046511, "reusita": 29.6875, "cnt": 64}, "ISTORIE": {"medie": 5.905555555555556, "reusita": 92.85714285714286, "cnt": 28}, "GEOGRAFIE": {"medie": 6.3763157894736855, "reusita": 75.0, "cnt": 20}, "MATEMATICA TEHN": {"medie": 5.687755102040819, "reusita": 61.15702479338842, "cnt": 121}, "FIZICA TEH": {"medie": 6.602380952380951, "reusita": 76.0, "cnt": 25}, "LOGICA, ARGUMENTARE SI COMUNICARE": {"medie": 8.6125, "reusita": 100.0, "cnt": 8}, "CHIMIE ANORGANICA TEH NIVEL I/II": {"medie": 4.766666666666667, "reusita": 42.857142857142854, "cnt": 14}, "FIZICA TEO": {"medie": 6.824999999999999, "reusita": 93.75, "cnt": 16}, "CHIMIE ORGANICA TEO NIVEL I/II": {"medie": 7.416666666666667, "reusita": 100.0, "cnt": 3}, "INFORMATICA MI C/C++": {"medie": 6.75, "reusita": 100.0, "cnt": 7}, "CHIMIE ORGANICA TEH NIVEL I/II": {"medie": 5.433333333333334, "reusita": 50.0, "cnt": 4}}, "nume": "COLEGIUL TEHNIC \"GHEORGHE ASACHI\", IASI\tIa\u0219i"}