{"specializari": {"MATEMATICA-INFORMATICA": 2, "STIINTE SOCIALE": 32, "INVATATOR - EDUCATOARE": 53, "STIINTE ALE NATURII": 21, "FILOLOGIE": 28}, "limba_moderna": {"LIMBA ENGLEZA": 122, "LIMBA FRANCEZA": 14}, "limba_materna": {"LIMBA ROMANA": 136}, "promotie_anterioara": {"DA": 7, "NU": 129}, "materii": {"LIMBA ROMANA": {"medie": 7.865555555555555, "reusita": 97.79411764705883, "cnt": 136}, "MATEMATICA ST-NAT": {"medie": 6.494999999999999, "reusita": 85.71428571428571, "cnt": 21}, "ANATOMIE SI FIZIOLOGIE UMANA, GENETICA SI ECOLOGIE UMANA": {"medie": 7.616666666666667, "reusita": 100.0, "cnt": 3}, "GENERAL": {"medie": 7.965298507462688, "reusita": 94.11764705882352, "cnt": 136}, "MATEMATICA MATE-INFO": {"medie": 6.375, "reusita": 100.0, "cnt": 2}, "BIOLOGIE VEGETALA SI ANIMALA": {"medie": 7.235714285714286, "reusita": 92.85714285714286, "cnt": 14}, "ISTORIE": {"medie": 7.925833333333334, "reusita": 100.0, "cnt": 60}, "GEOGRAFIE": {"medie": 8.329591836734695, "reusita": 100.0, "cnt": 98}, "MATEMATICA PED": {"medie": 8.051923076923076, "reusita": 98.11320754716981, "cnt": 53}, "LOGICA, ARGUMENTARE SI COMUNICARE": {"medie": 9.799999999999999, "reusita": 100.0, "cnt": 3}, "PSIHOLOGIE": {"medie": 8.913636363636364, "reusita": 100.0, "cnt": 11}, "FILOSOFIE": {"medie": 9.3, "reusita": 100.0, "cnt": 1}, "FIZICA TEO": {"medie": 5.0, "reusita": 100.0, "cnt": 1}, "CHIMIE ORGANICA TEO NIVEL I/II": {"medie": 8.65, "reusita": 100.0, "cnt": 3}, "INFORMATICA SN C/C++": {"medie": 6.625, "reusita": 100.0, "cnt": 2}}, "nume": "COLEGIUL NATIONAL PEDAGOGIC \"DUMITRU PANAITESCU PERPESSICIUS\"\tBr\u0103ila"}