{"specializari": {"FILOLOGIE": 60, "MATEMATICA-INFORMATICA": 150, "STIINTE ALE NATURII": 59}, "limba_moderna": {"LIMBA ENGLEZA": 257, "LIMBA FRANCEZA": 12}, "limba_materna": {"LIMBA ROMANA": 269}, "promotie_anterioara": {"NU": 269}, "materii": {"LIMBA ROMANA": {"medie": 8.802230483271382, "reusita": 100.0, "cnt": 269}, "MATEMATICA ST-NAT": {"medie": 9.223728813559323, "reusita": 100.0, "cnt": 59}, "ANATOMIE SI FIZIOLOGIE UMANA, GENETICA SI ECOLOGIE UMANA": {"medie": 9.382608695652175, "reusita": 100.0, "cnt": 23}, "GENERAL": {"medie": 8.976456009913264, "reusita": 100.0, "cnt": 269}, "MATEMATICA MATE-INFO": {"medie": 9.056333333333331, "reusita": 100.0, "cnt": 150}, "BIOLOGIE VEGETALA SI ANIMALA": {"medie": 8.89642857142857, "reusita": 100.0, "cnt": 14}, "ISTORIE": {"medie": 8.655833333333335, "reusita": 100.0, "cnt": 60}, "GEOGRAFIE": {"medie": 9.363636363636363, "reusita": 100.0, "cnt": 22}, "SOCIOLOGIE": {"medie": 9.25, "reusita": 100.0, "cnt": 9}, "LOGICA, ARGUMENTARE SI COMUNICARE": {"medie": 9.287499999999998, "reusita": 100.0, "cnt": 20}, "PSIHOLOGIE": {"medie": 9.0125, "reusita": 100.0, "cnt": 4}, "FILOSOFIE": {"medie": 9.7, "reusita": 100.0, "cnt": 1}, "FIZICA TEO": {"medie": 8.907, "reusita": 100.0, "cnt": 100}, "CHIMIE ORGANICA TEO NIVEL I/II": {"medie": 9.148913043478263, "reusita": 100.0, "cnt": 46}, "INFORMATICA MI C/C++": {"medie": 9.422916666666667, "reusita": 100.0, "cnt": 24}, "CHIMIE ANORGANICA TEO NIVEL I/II": {"medie": 8.45, "reusita": 100.0, "cnt": 1}, "ECONOMIE": {"medie": 9.362499999999999, "reusita": 100.0, "cnt": 4}, "INFORMATICA SN C/C++": {"medie": 9.5, "reusita": 100.0, "cnt": 1}}, "nume": "COLEGIUL NATIONAL \"GHEORGHE SINCAI\"\tBucure\u0219ti"}