{"specializari": {"MATEMATICA-INFORMATICA": 2, "TEHNICIAN MECANIC PENTRU INTRETINERE SI REPARATII": 17, "STIINTE ALE NATURII": 20, "STIINTE SOCIALE": 33, "FILOLOGIE": 18, "TEHNICIAN IN ACTIVITATI ECONOMICE": 16, "TEHNICIAN TRANSPORTURI": 2, "TEHNICIAN IN INSTALATII ELECTRICE": 9}, "limba_moderna": {"LIMBA FRANCEZA": 32, "LIMBA ENGLEZA": 85}, "limba_materna": {"LIMBA ROMANA": 117}, "promotie_anterioara": {"DA": 15, "NU": 102}, "materii": {"LIMBA ROMANA": {"medie": 5.970108695652174, "reusita": 61.53846153846154, "cnt": 117}, "MATEMATICA ST-NAT": {"medie": 5.56923076923077, "reusita": 35.0, "cnt": 20}, "ANATOMIE SI FIZIOLOGIE UMANA, GENETICA SI ECOLOGIE UMANA": {"medie": 6.726923076923077, "reusita": 57.14285714285714, "cnt": 21}, "GENERAL": {"medie": 6.273293172690763, "reusita": 37.60683760683761, "cnt": 117}, "MATEMATICA MATE-INFO": {"medie": 1.1, "reusita": 0.0, "cnt": 2}, "BIOLOGIE VEGETALA SI ANIMALA": {"medie": 3.7884615384615383, "reusita": 10.714285714285714, "cnt": 28}, "ISTORIE": {"medie": 7.10531914893617, "reusita": 92.15686274509804, "cnt": 51}, "GEOGRAFIE": {"medie": 7.516346153846156, "reusita": 79.66101694915254, "cnt": 59}, "MATEMATICA TEHN": {"medie": 4.02, "reusita": 20.454545454545457, "cnt": 44}, "LOGICA, ARGUMENTARE SI COMUNICARE": {"medie": 5.275000000000001, "reusita": 62.5, "cnt": 8}, "FIZICA TEO": {"medie": 7.25, "reusita": 100.0, "cnt": 1}}, "nume": "COLEGIUL TEHNIC \"ALEXANDRU IOAN CUZA\" SUCEAVA\tSuceava"}