{"specializari": {"TEHNICIAN ELECTROMECANIC": 35, "TEHNICIAN TRANSPORTURI": 2, "TEHNICIAN MECATRONIST": 4, "MATEMATICA-INFORMATICA": 56, "TEHNICIAN IN ACTIVITATI ECONOMICE": 90, "TEHNICIAN DE TELECOMUNICATII": 26, "TEHNICIAN PRELUCRARI PE MASINI CU COMANDA NUMERICA": 19, "TEHNICIAN IN AUTOMATIZARI": 25}, "limba_moderna": {"LIMBA ENGLEZA": 249, "LIMBA FRANCEZA": 7, "LIMBA GERMANA MODERNA": 1}, "limba_materna": {"LIMBA ROMANA": 257}, "promotie_anterioara": {"DA": 19, "NU": 238}, "materii": {"LIMBA ROMANA": {"medie": 7.0921568627450995, "reusita": 94.16342412451361, "cnt": 257}, "ANATOMIE SI FIZIOLOGIE UMANA, GENETICA SI ECOLOGIE UMANA": {"medie": 7.6461538461538465, "reusita": 96.15384615384616, "cnt": 26}, "GENERAL": {"medie": 6.6227576974564935, "reusita": 66.14785992217898, "cnt": 257}, "MATEMATICA MATE-INFO": {"medie": 6.249107142857143, "reusita": 87.5, "cnt": 56}, "BIOLOGIE VEGETALA SI ANIMALA": {"medie": 5.3407692307692285, "reusita": 58.333333333333336, "cnt": 72}, "GEOGRAFIE": {"medie": 7.964606741573034, "reusita": 97.77777777777777, "cnt": 90}, "MATEMATICA TEHN": {"medie": 5.837437185929646, "reusita": 79.1044776119403, "cnt": 201}, "FIZICA TEH": {"medie": 5.682432432432432, "reusita": 67.56756756756756, "cnt": 37}, "CHIMIE ANORGANICA TEH NIVEL I/II": {"medie": 5.375, "reusita": 100.0, "cnt": 2}, "INFORMATICA MI PASCAL": {"medie": 5.0, "reusita": 100.0, "cnt": 1}, "FIZICA TEO": {"medie": 6.36875, "reusita": 87.5, "cnt": 8}, "INFORMATICA MI C/C++": {"medie": 7.510714285714285, "reusita": 100.0, "cnt": 14}, "CHIMIE ANORGANICA TEO NIVEL I/II": {"medie": 7.657142857142857, "reusita": 100.0, "cnt": 7}}, "nume": "COLEGIUL TEHNIC \"ALESANDRU PAPIU ILARIAN\" ZALAU\tS\u0103laj"}