{"specializari": {"TEHNICIAN DESIGNER VESTIMENTAR": 27, "TEHNICIAN IN INDUSTRIA STICLEI SI CERAMICII": 25, "COAFOR STILIST": 32, "TEHNICIAN IN INDUSTRIA PIELARIEI": 10, "TEHNICIAN IN INDUSTRIA TEXTILA": 13, "TEHNICIAN CHIMIST DE LABORATOR": 28, "STIINTE ALE NATURII": 1, "MATEMATICA-INFORMATICA": 1}, "limba_moderna": {"LIMBA ENGLEZA": 137}, "limba_materna": {"LIMBA ROMANA": 137}, "promotie_anterioara": {"DA": 27, "NU": 110}, "materii": {"LIMBA ROMANA": {"medie": 5.977155172413795, "reusita": 73.72262773722628, "cnt": 137}, "MATEMATICA ST-NAT": {"medie": 2.9, "reusita": 0.0, "cnt": 1}, "ANATOMIE SI FIZIOLOGIE UMANA, GENETICA SI ECOLOGIE UMANA": {"medie": 2.9, "reusita": 0.0, "cnt": 1}, "GENERAL": {"medie": 5.3124242424242425, "reusita": 27.73722627737226, "cnt": 137}, "MATEMATICA MATE-INFO": {"medie": 1.25, "reusita": 0.0, "cnt": 1}, "BIOLOGIE VEGETALA SI ANIMALA": {"medie": 4.375694444444445, "reusita": 35.95505617977528, "cnt": 89}, "GEOGRAFIE": {"medie": 7.953333333333332, "reusita": 96.66666666666667, "cnt": 30}, "MATEMATICA TEHN": {"medie": 4.4713636363636375, "reusita": 42.22222222222222, "cnt": 135}, "FIZICA TEH": {"medie": 5.766666666666667, "reusita": 66.66666666666666, "cnt": 3}, "LOGICA, ARGUMENTARE SI COMUNICARE": {"medie": 9.05, "reusita": 100.0, "cnt": 1}, "CHIMIE ANORGANICA TEH NIVEL I/II": {"medie": 4.5, "reusita": 50.0, "cnt": 4}, "PSIHOLOGIE": {"medie": 8.8, "reusita": 100.0, "cnt": 1}, "CHIMIE ORGANICA TEH NIVEL I/II": {"medie": "-", "reusita": 0.0, "cnt": 8}}, "nume": "COLEGIUL TEHNIC \"APULUM\" ALBA IULIA\tAlba"}