{"specializari": {"MATEMATICA-INFORMATICA": 27, "STIINTE ALE NATURII": 54, "FILOLOGIE": 54, "STIINTE SOCIALE": 26}, "limba_moderna": {"LIMBA ENGLEZA": 145, "LIMBA FRANCEZA": 15, "LIMBA SPANIOLA": 1}, "limba_materna": {"LIMBA ROMANA": 161}, "promotie_anterioara": {"NU": 161}, "materii": {"LIMBA ROMANA": {"medie": 8.549687500000001, "reusita": 99.37888198757764, "cnt": 161}, "MATEMATICA ST-NAT": {"medie": 8.799074074074074, "reusita": 100.0, "cnt": 54}, "ANATOMIE SI FIZIOLOGIE UMANA, GENETICA SI ECOLOGIE UMANA": {"medie": 9.50686274509804, "reusita": 100.0, "cnt": 51}, "GENERAL": {"medie": 8.723125000000001, "reusita": 99.37888198757764, "cnt": 161}, "MATEMATICA MATE-INFO": {"medie": 8.575925925925926, "reusita": 100.0, "cnt": 27}, "BIOLOGIE VEGETALA SI ANIMALA": {"medie": 9.6, "reusita": 100.0, "cnt": 2}, "ISTORIE": {"medie": 8.204430379746837, "reusita": 98.75, "cnt": 80}, "GEOGRAFIE": {"medie": 9.256521739130436, "reusita": 100.0, "cnt": 46}, "SOCIOLOGIE": {"medie": 9.833333333333334, "reusita": 100.0, "cnt": 6}, "LOGICA, ARGUMENTARE SI COMUNICARE": {"medie": 8.803846153846155, "reusita": 100.0, "cnt": 26}, "PSIHOLOGIE": {"medie": 9.5, "reusita": 100.0, "cnt": 1}, "FILOSOFIE": {"medie": "-", "reusita": 0.0, "cnt": 1}, "FIZICA TEO": {"medie": 9.85, "reusita": 100.0, "cnt": 1}, "CHIMIE ORGANICA TEO NIVEL I/II": {"medie": 8.566666666666668, "reusita": 100.0, "cnt": 3}, "INFORMATICA MI C/C++": {"medie": 8.476190476190476, "reusita": 100.0, "cnt": 21}, "CHIMIE ANORGANICA TEO NIVEL I/II": {"medie": 6.8, "reusita": 100.0, "cnt": 1}, "INFORMATICA SN C/C++": {"medie": 8.35, "reusita": 100.0, "cnt": 2}}, "nume": "COLEGIUL NATIONAL \"GARABET IBRAILEANU\", IASI\tIa\u0219i"}