{"specializari": {"MATEMATICA-INFORMATICA": 262}, "limba_moderna": {"LIMBA ENGLEZA": 256, "LIMBA FRANCEZA": 5, "LIMBA GERMANA MODERNA": 1}, "limba_materna": {"LIMBA ROMANA": 262}, "promotie_anterioara": {"NU": 262}, "materii": {"LIMBA ROMANA": {"medie": 8.873664122137406, "reusita": 100.0, "cnt": 262}, "ANATOMIE SI FIZIOLOGIE UMANA, GENETICA SI ECOLOGIE UMANA": {"medie": 8.53888888888889, "reusita": 100.0, "cnt": 18}, "GENERAL": {"medie": 9.169338422391858, "reusita": 99.61832061068702, "cnt": 262}, "MATEMATICA MATE-INFO": {"medie": 9.435687022900764, "reusita": 99.61832061068702, "cnt": 262}, "BIOLOGIE VEGETALA SI ANIMALA": {"medie": 9.273333333333335, "reusita": 100.0, "cnt": 15}, "FIZICA TEO": {"medie": 9.284126984126987, "reusita": 100.0, "cnt": 126}, "CHIMIE ORGANICA TEO NIVEL I/II": {"medie": 9.428260869565218, "reusita": 100.0, "cnt": 23}, "INFORMATICA MI C/C++": {"medie": 9.1325, "reusita": 100.0, "cnt": 80}}, "nume": "COLEGIUL NATIONAL DE INFORMATICA \"TUDOR VIANU\"\tBucure\u0219ti"}