{"specializari": {"FILOLOGIE": 69, "STIINTE ALE NATURII": 90, "MATEMATICA-INFORMATICA": 62, "INVATATOR - EDUCATOARE": 55}, "limba_moderna": {"LIMBA ENGLEZA": 262, "LIMBA FRANCEZA": 14}, "limba_materna": {"LIMBA ROMANA": 276}, "promotie_anterioara": {"DA": 5, "NU": 271}, "materii": {"LIMBA ROMANA": {"medie": 7.6463768115942, "reusita": 99.63768115942028, "cnt": 276}, "MATEMATICA ST-NAT": {"medie": 8.011111111111113, "reusita": 97.77777777777777, "cnt": 90}, "ANATOMIE SI FIZIOLOGIE UMANA, GENETICA SI ECOLOGIE UMANA": {"medie": 8.403960396039604, "reusita": 98.0392156862745, "cnt": 102}, "GENERAL": {"medie": 8.093833943833957, "reusita": 92.7536231884058, "cnt": 276}, "MATEMATICA MATE-INFO": {"medie": 7.6806451612903235, "reusita": 93.54838709677419, "cnt": 62}, "BIOLOGIE VEGETALA SI ANIMALA": {"medie": 7.175000000000001, "reusita": 100.0, "cnt": 2}, "ISTORIE": {"medie": 8.01086956521739, "reusita": 98.55072463768117, "cnt": 69}, "GEOGRAFIE": {"medie": 8.942857142857141, "reusita": 97.43589743589743, "cnt": 78}, "MATEMATICA PED": {"medie": 8.257272727272726, "reusita": 98.18181818181819, "cnt": 55}, "LOGICA, ARGUMENTARE SI COMUNICARE": {"medie": 9.203846153846154, "reusita": 97.5, "cnt": 40}, "PSIHOLOGIE": {"medie": 9.09, "reusita": 100.0, "cnt": 5}, "FIZICA TEO": {"medie": 7.595454545454545, "reusita": 90.9090909090909, "cnt": 11}, "CHIMIE ORGANICA TEO NIVEL I/II": {"medie": 6.9, "reusita": 100.0, "cnt": 1}, "INFORMATICA MI C/C++": {"medie": 7.896874999999998, "reusita": 96.875, "cnt": 32}, "ECONOMIE": {"medie": 9.4, "reusita": 100.0, "cnt": 1}, "INFORMATICA SN C/C++": {"medie": 8.875, "reusita": 100.0, "cnt": 4}}, "nume": "COLEGIUL NATIONAL PEDAGOGIC \"STEFAN VELOVAN\" CRAIOVA\tDolj"}