{"specializari": {"STIINTE ALE NATURII": 81}, "limba_moderna": {"LIMBA FRANCEZA": 16, "LIMBA ENGLEZA": 65}, "limba_materna": {"LIMBA ROMANA": 81}, "promotie_anterioara": {"DA": 1, "NU": 80}, "materii": {"LIMBA ROMANA": {"medie": 6.947530864197528, "reusita": 96.29629629629629, "cnt": 81}, "MATEMATICA ST-NAT": {"medie": 7.7296296296296285, "reusita": 96.29629629629629, "cnt": 81}, "ANATOMIE SI FIZIOLOGIE UMANA, GENETICA SI ECOLOGIE UMANA": {"medie": 8.21, "reusita": 100.0, "cnt": 45}, "GENERAL": {"medie": 7.5351851851851865, "reusita": 91.35802469135803, "cnt": 81}, "BIOLOGIE VEGETALA SI ANIMALA": {"medie": 6.3, "reusita": 100.0, "cnt": 1}, "FIZICA TEO": {"medie": 7.659999999999999, "reusita": 100.0, "cnt": 5}, "CHIMIE ORGANICA TEO NIVEL I/II": {"medie": 7.605, "reusita": 96.66666666666667, "cnt": 30}}, "nume": "COLEGIUL NATIONAL \"ANA ASLAN\"\tBr\u0103ila"}