{"specializari": {"MATEMATICA-INFORMATICA": 49, "STIINTE ALE NATURII": 34, "FILOLOGIE": 32}, "limba_moderna": {"LIMBA ENGLEZA": 99, "LIMBA FRANCEZA": 4, "LIMBA GERMANA MODERNA": 12}, "limba_materna": {"LIMBA ROMANA": 115}, "promotie_anterioara": {"DA": 9, "NU": 106}, "materii": {"LIMBA ROMANA": {"medie": 8.019736842105264, "reusita": 97.3913043478261, "cnt": 115}, "MATEMATICA ST-NAT": {"medie": 6.490909090909092, "reusita": 88.23529411764706, "cnt": 34}, "ANATOMIE SI FIZIOLOGIE UMANA, GENETICA SI ECOLOGIE UMANA": {"medie": 8.440909090909091, "reusita": 95.45454545454545, "cnt": 22}, "GENERAL": {"medie": 8.018618618618616, "reusita": 88.69565217391305, "cnt": 115}, "MATEMATICA MATE-INFO": {"medie": 7.944791666666666, "reusita": 93.87755102040816, "cnt": 49}, "BIOLOGIE VEGETALA SI ANIMALA": {"medie": 7.9921875, "reusita": 91.17647058823529, "cnt": 34}, "ISTORIE": {"medie": 7.9629032258064525, "reusita": 96.875, "cnt": 32}, "LOGICA, ARGUMENTARE SI COMUNICARE": {"medie": 9.162903225806451, "reusita": 96.875, "cnt": 32}, "FIZICA TEO": {"medie": 8.049999999999999, "reusita": 100.0, "cnt": 4}, "CHIMIE ORGANICA TEO NIVEL I/II": {"medie": 9.5, "reusita": 100.0, "cnt": 1}, "INFORMATICA MI C/C++": {"medie": 7.84318181818182, "reusita": 100.0, "cnt": 22}}, "nume": "COLEGIUL NATIONAL \"TRAIAN DODA\" CARANSEBES\tCara\u0219-Severin"}