{"specializari": {"TEHNICIAN IN TURISM": 35, "TEHNICIAN DESIGNER VESTIMENTAR": 6, "TEHNICIAN IN INDUSTRIA TEXTILA": 5}, "limba_moderna": {"LIMBA ENGLEZA": 38, "LIMBA RUSA": 1, "LIMBA FRANCEZA": 7}, "limba_materna": {"LIMBA ROMANA": 46}, "promotie_anterioara": {"DA": 17, "NU": 29}, "materii": {"LIMBA ROMANA": {"medie": 5.987804878048781, "reusita": 82.6086956521739, "cnt": 46}, "ANATOMIE SI FIZIOLOGIE UMANA, GENETICA SI ECOLOGIE UMANA": {"medie": "-", "reusita": 0.0, "cnt": 2}, "GENERAL": {"medie": 5.925, "reusita": 34.78260869565217, "cnt": 46}, "BIOLOGIE VEGETALA SI ANIMALA": {"medie": 6.466666666666666, "reusita": 50.0, "cnt": 6}, "GEOGRAFIE": {"medie": 7.281428571428571, "reusita": 97.14285714285714, "cnt": 35}, "MATEMATICA TEHN": {"medie": 4.456410256410256, "reusita": 41.30434782608695, "cnt": 46}, "FIZICA TEH": {"medie": 5.05, "reusita": 100.0, "cnt": 1}, "CHIMIE ORGANICA TEH NIVEL I/II": {"medie": 8.25, "reusita": 50.0, "cnt": 2}}, "nume": "COLEGIUL DE SERVICII IN TURISM \"NAPOCA\" CLUJ-NAPOCA\tCluj"}