{"specializari": {"TEHNICIAN IN SILVICULTURA SI EXPLOATARI FORESTIERE": 45, "TEHNICIAN DESIGNER MOBILA SI AMENAJARI INTERIOARE": 24, "STIINTE ALE NATURII": 49, "TEHNICIAN IN ACTIVITATI ECONOMICE": 29}, "limba_moderna": {"LIMBA ENGLEZA": 138, "LIMBA FRANCEZA": 9}, "limba_materna": {"LIMBA ROMANA": 147}, "promotie_anterioara": {"DA": 18, "NU": 129}, "materii": {"LIMBA ROMANA": {"medie": 6.517013888888886, "reusita": 93.19727891156462, "cnt": 147}, "MATEMATICA ST-NAT": {"medie": 6.357291666666665, "reusita": 87.75510204081633, "cnt": 49}, "ANATOMIE SI FIZIOLOGIE UMANA, GENETICA SI ECOLOGIE UMANA": {"medie": 7.389375000000001, "reusita": 91.35802469135803, "cnt": 81}, "GENERAL": {"medie": 6.478690476190474, "reusita": 61.224489795918366, "cnt": 147}, "BIOLOGIE VEGETALA SI ANIMALA": {"medie": 4.975, "reusita": 50.0, "cnt": 34}, "MATEMATICA TEHN": {"medie": 5.5328124999999995, "reusita": 79.59183673469387, "cnt": 98}, "FIZICA TEH": {"medie": 4.2, "reusita": 0.0, "cnt": 1}, "LOGICA, ARGUMENTARE SI COMUNICARE": {"medie": 8.355172413793104, "reusita": 100.0, "cnt": 29}, "INFORMATICA SN C/C++": {"medie": 8.575, "reusita": 100.0, "cnt": 2}}, "nume": "COLEGIUL TEHNIC FORESTIER, MUNICIPIUL CAMPINA\tPrahova"}