{"specializari": {"STIINTE ALE NATURII": 53, "FILOLOGIE": 22, "MATEMATICA-INFORMATICA": 39, "STIINTE SOCIALE": 25}, "limba_moderna": {"LIMBA ENGLEZA": 131, "LIMBA GERMANA MODERNA": 8}, "limba_materna": {"LIMBA MAGHIARA": 139}, "promotie_anterioara": {"DA": 3, "NU": 136}, "materii": {"LIMBA ROMANA": {"medie": 6.538043478260869, "reusita": 90.64748201438849, "cnt": 139}, "MATEMATICA ST-NAT": {"medie": 7.315094339622641, "reusita": 94.33962264150944, "cnt": 53}, "ANATOMIE SI FIZIOLOGIE UMANA, GENETICA SI ECOLOGIE UMANA": {"medie": 8.604464285714283, "reusita": 100.0, "cnt": 56}, "GENERAL": {"medie": 7.643206521739128, "reusita": 84.89208633093526, "cnt": 139}, "MATEMATICA MATE-INFO": {"medie": 6.618421052631579, "reusita": 84.61538461538461, "cnt": 39}, "ISTORIE": {"medie": 8.012765957446812, "reusita": 100.0, "cnt": 47}, "GEOGRAFIE": {"medie": 8.20657894736842, "reusita": 100.0, "cnt": 38}, "FILOSOFIE": {"medie": 8.43888888888889, "reusita": 100.0, "cnt": 9}, "LIMBA MAGHIARA (REAL)": {"medie": 8.191758241758242, "reusita": 98.91304347826086, "cnt": 92}, "LIMBA MAGHIARA (UMAN)": {"medie": 8.35744680851064, "reusita": 100.0, "cnt": 47}, "INFORMATICA MI PASCAL": {"medie": 8.232, "reusita": 96.15384615384616, "cnt": 26}, "FIZICA TEO": {"medie": 8.8875, "reusita": 100.0, "cnt": 4}, "CHIMIE ORGANICA TEO NIVEL I/II": {"medie": 8.625, "reusita": 100.0, "cnt": 6}}, "nume": "COLEGIUL NATIONAL \"KOLCSEY FERENC\" SATU MARE\tSatu-Mare"}