{"specializari": {"STIINTE ALE NATURII": 59, "MATEMATICA-INFORMATICA": 58, "FILOLOGIE": 64}, "limba_moderna": {"LIMBA ENGLEZA": 177, "LIMBA FRANCEZA": 4}, "limba_materna": {"LIMBA ROMANA": 181}, "promotie_anterioara": {"DA": 6, "NU": 175}, "materii": {"LIMBA ROMANA": {"medie": 7.351396648044692, "reusita": 96.13259668508287, "cnt": 181}, "MATEMATICA ST-NAT": {"medie": 7.018644067796611, "reusita": 89.83050847457628, "cnt": 59}, "ANATOMIE SI FIZIOLOGIE UMANA, GENETICA SI ECOLOGIE UMANA": {"medie": 8.456043956043958, "reusita": 97.84946236559139, "cnt": 93}, "GENERAL": {"medie": 7.575238095238098, "reusita": 83.97790055248619, "cnt": 181}, "MATEMATICA MATE-INFO": {"medie": 6.233035714285711, "reusita": 74.13793103448276, "cnt": 58}, "ISTORIE": {"medie": 7.2333333333333325, "reusita": 95.3125, "cnt": 64}, "GEOGRAFIE": {"medie": 8.94186046511628, "reusita": 97.72727272727273, "cnt": 44}, "SOCIOLOGIE": {"medie": 7.938888888888889, "reusita": 100.0, "cnt": 9}, "PSIHOLOGIE": {"medie": 7.7250000000000005, "reusita": 100.0, "cnt": 4}, "FIZICA TEO": {"medie": 7.44375, "reusita": 100.0, "cnt": 8}, "CHIMIE ORGANICA TEO NIVEL I/II": {"medie": 8.1875, "reusita": 100.0, "cnt": 4}, "INFORMATICA MI C/C++": {"medie": 8.174999999999999, "reusita": 100.0, "cnt": 12}, "ECONOMIE": {"medie": 7.671428571428572, "reusita": 100.0, "cnt": 7}}, "nume": "COLEGIUL NATIONAL \"CALISTRAT HOGAS\", LOCALITATEA TECUCI\tGala\u021bi"}