{"specializari": {"TEHNICIAN IN INSTALATII ELECTRICE": 1, "TEHNICIAN ECOLOG SI PROTECTIA CALITATII MEDIULUI": 12, "TEHNICIAN IN SILVICULTURA SI EXPLOATARI FORESTIERE": 41, "TEHNICIAN MECANIC PENTRU INTRETINERE SI REPARATII": 12, "TEHNICIAN PROIECTANT PRODUSE FINITE DIN LEMN": 9}, "limba_moderna": {"LIMBA ENGLEZA": 75}, "limba_materna": {"LIMBA ROMANA": 75}, "promotie_anterioara": {"DA": 11, "NU": 64}, "materii": {"LIMBA ROMANA": {"medie": 5.52265625, "reusita": 72.0, "cnt": 75}, "ANATOMIE SI FIZIOLOGIE UMANA, GENETICA SI ECOLOGIE UMANA": {"medie": 6.279761904761905, "reusita": 74.0, "cnt": 50}, "GENERAL": {"medie": 5.130277777777777, "reusita": 18.666666666666668, "cnt": 75}, "BIOLOGIE VEGETALA SI ANIMALA": {"medie": 4.46923076923077, "reusita": 23.52941176470588, "cnt": 17}, "MATEMATICA TEHN": {"medie": 3.929032258064514, "reusita": 29.333333333333332, "cnt": 75}, "FIZICA TEH": {"medie": 5.383333333333333, "reusita": 25.0, "cnt": 4}, "CHIMIE ANORGANICA TEH NIVEL I/II": {"medie": 6.35, "reusita": 75.0, "cnt": 4}}, "nume": "COLEGIUL TEHNIC FORESTIER, MUNICIPIUL PIATRA-NEAMT\tNeam\u021b"}