{"specializari": {"INVATATOR - EDUCATOARE": 2, "FILOLOGIE": 27, "STIINTE SOCIALE": 32, "STIINTE ALE NATURII": 20, "MATEMATICA-INFORMATICA": 26}, "limba_moderna": {"LIMBA ENGLEZA": 106, "LIMBA FRANCEZA": 1}, "limba_materna": {"LIMBA ROMANA": 107}, "promotie_anterioara": {"DA": 7, "NU": 100}, "materii": {"LIMBA ROMANA": {"medie": 7.237619047619045, "reusita": 91.58878504672897, "cnt": 107}, "MATEMATICA ST-NAT": {"medie": 7.847500000000001, "reusita": 95.0, "cnt": 20}, "ANATOMIE SI FIZIOLOGIE UMANA, GENETICA SI ECOLOGIE UMANA": {"medie": 8.536764705882353, "reusita": 100.0, "cnt": 34}, "GENERAL": {"medie": 7.888996763754044, "reusita": 85.98130841121495, "cnt": 107}, "MATEMATICA MATE-INFO": {"medie": 8.38269230769231, "reusita": 100.0, "cnt": 26}, "ISTORIE": {"medie": 8.117241379310345, "reusita": 98.30508474576271, "cnt": 59}, "GEOGRAFIE": {"medie": 7.100000000000002, "reusita": 83.33333333333334, "cnt": 36}, "MATEMATICA PED": {"medie": 6.025, "reusita": 100.0, "cnt": 2}, "LOGICA, ARGUMENTARE SI COMUNICARE": {"medie": 8.613043478260868, "reusita": 95.65217391304348, "cnt": 23}, "PSIHOLOGIE": {"medie": 7.5, "reusita": 100.0, "cnt": 1}, "FILOSOFIE": {"medie": 8.2, "reusita": 100.0, "cnt": 1}, "FIZICA TEO": {"medie": 9.566666666666668, "reusita": 100.0, "cnt": 3}, "CHIMIE ORGANICA TEO NIVEL I/II": {"medie": 9.783333333333333, "reusita": 100.0, "cnt": 3}, "INFORMATICA MI C/C++": {"medie": 8.766666666666666, "reusita": 100.0, "cnt": 6}}, "nume": "COLEGIUL NATIONAL \"MIHAI VITEAZUL\" SFANTU GHEORGHE\tCovasna"}