{"specializari": {"TEHNICIAN IN HOTELARIE": 24, "ORGANIZATOR BANQUETING": 1, "TEHNICIAN IN TURISM": 2, "TEHNICIAN MECANIC PENTRU INTRETINERE SI REPARATII": 1}, "limba_moderna": {"LIMBA ENGLEZA": 28}, "limba_materna": {"LIMBA ROMANA": 28}, "promotie_anterioara": {"DA": 8, "NU": 20}, "materii": {"LIMBA ROMANA": {"medie": 6.026923076923077, "reusita": 78.57142857142857, "cnt": 28}, "GENERAL": {"medie": 5.572916666666667, "reusita": 32.142857142857146, "cnt": 28}, "GEOGRAFIE": {"medie": 7.17608695652174, "reusita": 79.16666666666666, "cnt": 24}, "MATEMATICA TEHN": {"medie": 3.610416666666667, "reusita": 32.142857142857146, "cnt": 28}, "CHIMIE ANORGANICA TEH NIVEL I/II": {"medie": "-", "reusita": 0.0, "cnt": 1}, "ECONOMIE": {"medie": 5.4, "reusita": 33.33333333333333, "cnt": 3}}, "nume": "COLEGIUL ECONOMIC \"PINTEA VITEAZUL\" CAVNIC\tMaramure\u0219"}