{"specializari": {"MATEMATICA-INFORMATICA": 1, "TEHNICIAN IN TURISM": 14, "TEHNICIAN MECATRONIST": 2, "TEHNICIAN ECOLOG SI PROTECTIA CALITATII MEDIULUI": 1, "TEHNICIAN MECANIC PENTRU INTRETINERE SI REPARATII": 1, "TEHNICIAN IN CHIMIE INDUSTRIALA": 1}, "limba_moderna": {"LIMBA ENGLEZA": 20}, "limba_materna": {"LIMBA ROMANA": 20}, "promotie_anterioara": {"DA": 7, "NU": 13}, "materii": {"LIMBA ROMANA": {"medie": 5.5815789473684205, "reusita": 85.0, "cnt": 20}, "ANATOMIE SI FIZIOLOGIE UMANA, GENETICA SI ECOLOGIE UMANA": {"medie": 3.35, "reusita": 0.0, "cnt": 1}, "GENERAL": {"medie": 5.37037037037037, "reusita": 20.0, "cnt": 20}, "MATEMATICA MATE-INFO": {"medie": 5.0, "reusita": 100.0, "cnt": 1}, "BIOLOGIE VEGETALA SI ANIMALA": {"medie": 7.925, "reusita": 50.0, "cnt": 4}, "GEOGRAFIE": {"medie": 7.0, "reusita": 100.0, "cnt": 14}, "MATEMATICA TEHN": {"medie": 3.785294117647059, "reusita": 26.31578947368421, "cnt": 19}, "CHIMIE ANORGANICA TEH NIVEL I/II": {"medie": 2.4, "reusita": 0.0, "cnt": 1}}, "nume": "COLEGIUL TEHNIC \"DR. ALEXANDRU BARBAT\" VICTORIA\tBra\u0219ov"}