{"specializari": {"TEHNICIAN IN ADMINISTRATIE": 2, "TEHNICIAN IN ACHIZITII SI CONTRACTARI": 1, "TEHNICIAN IN ACTIVITATI ECONOMICE": 117, "TEHNICIAN IN TURISM": 33, "TEHNICIAN IN ACTIVITATI DE COMERT": 5, "TEHNICIAN IN GASTRONOMIE": 43}, "limba_moderna": {"LIMBA ENGLEZA": 199, "LIMBA FRANCEZA": 2}, "limba_materna": {"LIMBA ROMANA": 201}, "promotie_anterioara": {"DA": 16, "NU": 185}, "materii": {"LIMBA ROMANA": {"medie": 6.844764397905761, "reusita": 89.05472636815921, "cnt": 201}, "GENERAL": {"medie": 6.6825225225225235, "reusita": 63.681592039801, "cnt": 201}, "GEOGRAFIE": {"medie": 7.623446327683619, "reusita": 89.58333333333334, "cnt": 192}, "MATEMATICA TEHN": {"medie": 5.515789473684212, "reusita": 70.1492537313433, "cnt": 201}, "LOGICA, ARGUMENTARE SI COMUNICARE": {"medie": 7.321428571428571, "reusita": 100.0, "cnt": 7}, "PSIHOLOGIE": {"medie": 8.15, "reusita": 100.0, "cnt": 1}, "ECONOMIE": {"medie": 7.8, "reusita": 100.0, "cnt": 1}}, "nume": "COLEGIUL ECONOMIC ARAD\tArad"}