{"specializari": {"FILOLOGIE": 90, "MATEMATICA-INFORMATICA": 33, "STIINTE ALE NATURII": 28}, "limba_moderna": {"LIMBA ENGLEZA": 151}, "limba_materna": {"LIMBA ROMANA": 151}, "promotie_anterioara": {"DA": 13, "NU": 138}, "materii": {"LIMBA ROMANA": {"medie": 6.806666666666664, "reusita": 86.09271523178808, "cnt": 151}, "MATEMATICA ST-NAT": {"medie": 7.828571428571429, "reusita": 96.42857142857143, "cnt": 28}, "ANATOMIE SI FIZIOLOGIE UMANA, GENETICA SI ECOLOGIE UMANA": {"medie": 8.283333333333331, "reusita": 98.07692307692307, "cnt": 52}, "GENERAL": {"medie": 7.092579908675802, "reusita": 70.86092715231787, "cnt": 151}, "MATEMATICA MATE-INFO": {"medie": 6.306250000000001, "reusita": 72.72727272727273, "cnt": 33}, "BIOLOGIE VEGETALA SI ANIMALA": {"medie": 9.8, "reusita": 100.0, "cnt": 1}, "ISTORIE": {"medie": 6.536516853932583, "reusita": 90.0, "cnt": 90}, "GEOGRAFIE": {"medie": 7.152500000000001, "reusita": 83.13253012048193, "cnt": 83}, "LOGICA, ARGUMENTARE SI COMUNICARE": {"medie": 8.67, "reusita": 100.0, "cnt": 5}, "PSIHOLOGIE": {"medie": 5.0, "reusita": 100.0, "cnt": 1}, "FILOSOFIE": {"medie": 8.0, "reusita": 100.0, "cnt": 1}, "FIZICA TEO": {"medie": 8.0, "reusita": 100.0, "cnt": 1}, "CHIMIE ORGANICA TEO NIVEL I/II": {"medie": 9.55, "reusita": 100.0, "cnt": 1}, "INFORMATICA MI C/C++": {"medie": 7.8166666666666655, "reusita": 83.33333333333334, "cnt": 6}}, "nume": "COLEGIUL NATIONAL \"OCTAVIAN GOGA\" MARGHITA\tBihor"}