{"specializari": {"TEHNICIAN IN AGROTURISM": 29, "TEHNICIAN VETERINAR": 27, "TEHNICIAN HORTICULTOR": 1, "TEHNICIAN IN ACTIVITATI DE COMERT": 3, "TEHNICIAN AGROMONTAN": 21, "TEHNICIAN ECOLOG SI PROTECTIA CALITATII MEDIULUI": 29, "TEHNICIAN MECANIC PENTRU INTRETINERE SI REPARATII": 3, "TEHNICIAN IN ACHIZITII SI CONTRACTARI": 21}, "limba_moderna": {"LIMBA ENGLEZA": 119, "LIMBA FRANCEZA": 6, "LIMBA GERMANA MODERNA": 9}, "limba_materna": {"LIMBA ROMANA": 134}, "promotie_anterioara": {"DA": 34, "NU": 100}, "materii": {"LIMBA ROMANA": {"medie": 6.24453125, "reusita": 85.82089552238806, "cnt": 134}, "ANATOMIE SI FIZIOLOGIE UMANA, GENETICA SI ECOLOGIE UMANA": {"medie": 5.833333333333333, "reusita": 66.66666666666666, "cnt": 3}, "GENERAL": {"medie": 6.2237681159420255, "reusita": 47.76119402985074, "cnt": 134}, "BIOLOGIE VEGETALA SI ANIMALA": {"medie": 6.7978494623655905, "reusita": 77.57009345794393, "cnt": 107}, "GEOGRAFIE": {"medie": 8.191666666666668, "reusita": 89.47368421052632, "cnt": 19}, "MATEMATICA TEHN": {"medie": 5.149186991869923, "reusita": 59.70149253731343, "cnt": 134}, "PSIHOLOGIE": {"medie": 7.5, "reusita": 100.0, "cnt": 1}, "ECONOMIE": {"medie": 7.125, "reusita": 100.0, "cnt": 4}}, "nume": "COLEGIUL AGRICOL \"DANIIL POPOVICI BARCIANU\" SIBIU\tSibiu"}