{"specializari": {"TEHNICIAN MECANIC PENTRU INTRETINERE SI REPARATII": 1, "TEHNICIAN IN ACTIVITATI ECONOMICE": 20, "TEHNICIAN MECATRONIST": 2, "TEHNICIAN IN GASTRONOMIE": 9, "COAFOR STILIST": 29, "ORGANIZATOR BANQUETING": 1}, "limba_moderna": {"LIMBA ENGLEZA": 62}, "limba_materna": {"LIMBA ROMANA": 62}, "promotie_anterioara": {"DA": 24, "NU": 38}, "materii": {"LIMBA ROMANA": {"medie": 5.374528301886793, "reusita": 70.96774193548387, "cnt": 62}, "GENERAL": {"medie": 5.135925925925924, "reusita": 20.967741935483872, "cnt": 62}, "BIOLOGIE VEGETALA SI ANIMALA": {"medie": 5.0, "reusita": 100.0, "cnt": 1}, "GEOGRAFIE": {"medie": 5.8374999999999995, "reusita": 57.89473684210527, "cnt": 57}, "MATEMATICA TEHN": {"medie": 4.0489999999999995, "reusita": 35.483870967741936, "cnt": 62}, "FIZICA TEH": {"medie": 5.95, "reusita": 50.0, "cnt": 2}, "LOGICA, ARGUMENTARE SI COMUNICARE": {"medie": 9.15, "reusita": 100.0, "cnt": 1}, "ECONOMIE": {"medie": 9.25, "reusita": 100.0, "cnt": 1}}, "nume": "COLEGIUL UCECOM \"SPIRU HARET\"\tBucure\u0219ti"}