{"specializari": {"MATEMATICA-INFORMATICA": 173, "STIINTE ALE NATURII": 35, "FILOLOGIE": 26}, "limba_moderna": {"LIMBA ENGLEZA": 218, "LIMBA FRANCEZA": 14, "LIMBA GERMANA MODERNA": 2}, "limba_materna": {"LIMBA ROMANA": 234}, "promotie_anterioara": {"NU": 234}, "materii": {"LIMBA ROMANA": {"medie": 9.118803418803422, "reusita": 100.0, "cnt": 234}, "MATEMATICA ST-NAT": {"medie": 9.07857142857143, "reusita": 100.0, "cnt": 35}, "ANATOMIE SI FIZIOLOGIE UMANA, GENETICA SI ECOLOGIE UMANA": {"medie": 9.316666666666666, "reusita": 100.0, "cnt": 12}, "GENERAL": {"medie": 9.315384615384614, "reusita": 99.57264957264957, "cnt": 234}, "MATEMATICA MATE-INFO": {"medie": 9.473410404624282, "reusita": 100.0, "cnt": 173}, "BIOLOGIE VEGETALA SI ANIMALA": {"medie": 7.85, "reusita": 100.0, "cnt": 4}, "ISTORIE": {"medie": 9.346153846153847, "reusita": 100.0, "cnt": 26}, "GEOGRAFIE": {"medie": 9.733333333333333, "reusita": 100.0, "cnt": 3}, "SOCIOLOGIE": {"medie": 9.735714285714286, "reusita": 100.0, "cnt": 7}, "PSIHOLOGIE": {"medie": 9.7, "reusita": 100.0, "cnt": 2}, "FIZICA TEO": {"medie": 9.498295454545454, "reusita": 100.0, "cnt": 88}, "CHIMIE ORGANICA TEO NIVEL I/II": {"medie": 9.547058823529408, "reusita": 100.0, "cnt": 68}, "INFORMATICA MI C/C++": {"medie": 9.243939393939392, "reusita": 100.0, "cnt": 33}, "CHIMIE ANORGANICA TEO NIVEL I/II": {"medie": 9.866666666666667, "reusita": 100.0, "cnt": 3}, "ECONOMIE": {"medie": 9.02142857142857, "reusita": 100.0, "cnt": 14}}, "nume": "COLEGIUL NATIONAL \"SFANTUL SAVA\"\tBucure\u0219ti"}