{"specializari": {"STIINTE SOCIALE": 42, "MATEMATICA-INFORMATICA": 75, "STIINTE ALE NATURII": 27}, "limba_moderna": {"LIMBA ENGLEZA": 141, "LIMBA FRANCEZA": 3}, "limba_materna": {"LIMBA ROMANA": 144}, "promotie_anterioara": {"DA": 2, "NU": 142}, "materii": {"LIMBA ROMANA": {"medie": 8.068055555555553, "reusita": 100.0, "cnt": 144}, "MATEMATICA ST-NAT": {"medie": 8.29074074074074, "reusita": 100.0, "cnt": 27}, "ANATOMIE SI FIZIOLOGIE UMANA, GENETICA SI ECOLOGIE UMANA": {"medie": 8.982142857142856, "reusita": 100.0, "cnt": 14}, "GENERAL": {"medie": 8.322222222222225, "reusita": 98.61111111111111, "cnt": 144}, "MATEMATICA MATE-INFO": {"medie": 8.500666666666662, "reusita": 98.66666666666667, "cnt": 75}, "BIOLOGIE VEGETALA SI ANIMALA": {"medie": 8.025, "reusita": 100.0, "cnt": 28}, "ISTORIE": {"medie": 8.219047619047618, "reusita": 100.0, "cnt": 42}, "GEOGRAFIE": {"medie": 8.424242424242424, "reusita": 100.0, "cnt": 33}, "SOCIOLOGIE": {"medie": 9.216666666666667, "reusita": 100.0, "cnt": 6}, "LOGICA, ARGUMENTARE SI COMUNICARE": {"medie": 6.45, "reusita": 100.0, "cnt": 1}, "FIZICA TEO": {"medie": 8.32, "reusita": 100.0, "cnt": 10}, "CHIMIE ORGANICA TEO NIVEL I/II": {"medie": 8.672499999999998, "reusita": 100.0, "cnt": 20}, "INFORMATICA MI C/C++": {"medie": 8.701666666666666, "reusita": 100.0, "cnt": 30}, "ECONOMIE": {"medie": 9.45, "reusita": 100.0, "cnt": 2}}, "nume": "COLEGIUL NATIONAL \"RADU NEGRU\" FAGARAS\tBra\u0219ov"}