{"specializari": {"MATEMATICA-INFORMATICA": 81, "STIINTE ALE NATURII": 64, "STIINTE SOCIALE": 30, "FILOLOGIE": 24}, "limba_moderna": {"LIMBA ENGLEZA": 189, "LIMBA FRANCEZA": 7, "LIMBA GERMANA MODERNA": 2, "LIMBA RUSA": 1}, "limba_materna": {"LIMBA ROMANA": 199}, "promotie_anterioara": {"NU": 199}, "materii": {"LIMBA ROMANA": {"medie": 8.90753768844221, "reusita": 100.0, "cnt": 199}, "MATEMATICA ST-NAT": {"medie": 8.991406249999999, "reusita": 100.0, "cnt": 64}, "ANATOMIE SI FIZIOLOGIE UMANA, GENETICA SI ECOLOGIE UMANA": {"medie": 8.4, "reusita": 100.0, "cnt": 5}, "GENERAL": {"medie": 8.933752093802347, "reusita": 100.0, "cnt": 199}, "MATEMATICA MATE-INFO": {"medie": 9.234567901234568, "reusita": 100.0, "cnt": 81}, "BIOLOGIE VEGETALA SI ANIMALA": {"medie": 8.938461538461539, "reusita": 100.0, "cnt": 13}, "ISTORIE": {"medie": 8.219444444444447, "reusita": 100.0, "cnt": 54}, "GEOGRAFIE": {"medie": 9.078260869565218, "reusita": 100.0, "cnt": 23}, "SOCIOLOGIE": {"medie": 8.381818181818183, "reusita": 100.0, "cnt": 11}, "LOGICA, ARGUMENTARE SI COMUNICARE": {"medie": 9.092307692307692, "reusita": 100.0, "cnt": 13}, "PSIHOLOGIE": {"medie": 9.0, "reusita": 100.0, "cnt": 1}, "FILOSOFIE": {"medie": 9.399999999999999, "reusita": 100.0, "cnt": 2}, "FIZICA TEO": {"medie": 9.11, "reusita": 100.0, "cnt": 55}, "CHIMIE ORGANICA TEO NIVEL I/II": {"medie": 9.092241379310344, "reusita": 100.0, "cnt": 58}, "INFORMATICA MI C/C++": {"medie": 9.075, "reusita": 100.0, "cnt": 14}, "ECONOMIE": {"medie": 8.225, "reusita": 100.0, "cnt": 4}}, "nume": "COLEGIUL NATIONAL \"GHEORGHE MUNTEANU MURGOCI\"\tBr\u0103ila"}