{"specializari": {"STIINTE SOCIALE": 67, "STIINTE ALE NATURII": 60, "FILOLOGIE": 29, "MATEMATICA-INFORMATICA": 31}, "limba_moderna": {"LIMBA ENGLEZA": 183, "LIMBA GERMANA MODERNA": 1, "LIMBA FRANCEZA": 3}, "limba_materna": {"LIMBA GERMANA": 1, "LIMBA ROMANA": 186}, "promotie_anterioara": {"DA": 1, "NU": 186}, "materii": {"LIMBA ROMANA": {"medie": 8.320588235294117, "reusita": 99.46524064171123, "cnt": 187}, "MATEMATICA ST-NAT": {"medie": 8.694166666666666, "reusita": 100.0, "cnt": 60}, "ANATOMIE SI FIZIOLOGIE UMANA, GENETICA SI ECOLOGIE UMANA": {"medie": 9.158490566037738, "reusita": 100.0, "cnt": 53}, "GENERAL": {"medie": 8.540106951871657, "reusita": 98.93048128342245, "cnt": 187}, "MATEMATICA MATE-INFO": {"medie": 9.108064516129032, "reusita": 100.0, "cnt": 31}, "BIOLOGIE VEGETALA SI ANIMALA": {"medie": 9.65, "reusita": 100.0, "cnt": 3}, "ISTORIE": {"medie": 8.083854166666665, "reusita": 98.95833333333334, "cnt": 96}, "GEOGRAFIE": {"medie": 8.728651685393256, "reusita": 100.0, "cnt": 89}, "SOCIOLOGIE": {"medie": 9.075, "reusita": 100.0, "cnt": 2}, "LOGICA, ARGUMENTARE SI COMUNICARE": {"medie": 9.2, "reusita": 100.0, "cnt": 4}, "FIZICA TEO": {"medie": 8.131818181818183, "reusita": 100.0, "cnt": 11}, "CHIMIE ORGANICA TEO NIVEL I/II": {"medie": 9.23, "reusita": 100.0, "cnt": 5}, "INFORMATICA MI C/C++": {"medie": 8.664705882352942, "reusita": 100.0, "cnt": 17}, "CHIMIE ANORGANICA TEO NIVEL I/II": {"medie": 8.05, "reusita": 100.0, "cnt": 1}, "ECONOMIE": {"medie": 9.7, "reusita": 100.0, "cnt": 1}, "LIMBA GERMANA": {"medie": 5.85, "reusita": 100.0, "cnt": 1}, "INFORMATICA SN C/C++": {"medie": 9.35, "reusita": 100.0, "cnt": 1}}, "nume": "COLEGIUL NATIONAL BANATEAN TIMISOARA\tTimi\u0219"}