{"specializari": {"TEHNICIAN IN GASTRONOMIE": 22, "TEHNICIAN IN TURISM": 15, "TEHNICIAN IN ACTIVITATI DE COMERT": 3, "TEHNICIAN IN INDUSTRIA ALIMENTARA": 17, "TEHNICIAN IN ACTIVITATI ECONOMICE": 17, "ORGANIZATOR BANQUETING": 7, "TEHNICIAN IN HOTELARIE": 4, "TEHNICIAN VETERINAR": 1}, "limba_moderna": {"LIMBA ENGLEZA": 81, "LIMBA FRANCEZA": 3, "LIMBA GERMANA MODERNA": 2}, "limba_materna": {"LIMBA ROMANA": 86}, "promotie_anterioara": {"DA": 29, "NU": 57}, "materii": {"LIMBA ROMANA": {"medie": 6.0151315789473685, "reusita": 69.76744186046511, "cnt": 86}, "ANATOMIE SI FIZIOLOGIE UMANA, GENETICA SI ECOLOGIE UMANA": {"medie": 4.35, "reusita": 33.33333333333333, "cnt": 3}, "GENERAL": {"medie": 5.7044600938967145, "reusita": 40.69767441860465, "cnt": 86}, "BIOLOGIE VEGETALA SI ANIMALA": {"medie": 3.2066666666666657, "reusita": 13.333333333333334, "cnt": 15}, "GEOGRAFIE": {"medie": 7.116071428571428, "reusita": 76.47058823529412, "cnt": 68}, "MATEMATICA TEHN": {"medie": 4.787671232876711, "reusita": 52.32558139534884, "cnt": 86}}, "nume": "COLEGIUL ECONOMIC AL BANATULUI MONTAN RESITA\tCara\u0219-Severin"}