{"specializari": {"MATEMATICA-INFORMATICA": 108, "STIINTE ALE NATURII": 56, "FILOLOGIE": 29, "STIINTE SOCIALE": 31}, "limba_moderna": {"LIMBA ENGLEZA": 208, "LIMBA FRANCEZA": 11, "LIMBA SPANIOLA": 5}, "limba_materna": {"LIMBA ROMANA": 224}, "promotie_anterioara": {"DA": 1, "NU": 223}, "materii": {"LIMBA ROMANA": {"medie": 8.557142857142859, "reusita": 100.0, "cnt": 224}, "MATEMATICA ST-NAT": {"medie": 9.2875, "reusita": 100.0, "cnt": 56}, "ANATOMIE SI FIZIOLOGIE UMANA, GENETICA SI ECOLOGIE UMANA": {"medie": 9.132653061224492, "reusita": 98.0, "cnt": 50}, "GENERAL": {"medie": 8.77914798206278, "reusita": 98.66071428571429, "cnt": 224}, "MATEMATICA MATE-INFO": {"medie": 9.01121495327103, "reusita": 99.07407407407408, "cnt": 108}, "ISTORIE": {"medie": 7.915000000000002, "reusita": 100.0, "cnt": 60}, "GEOGRAFIE": {"medie": 8.264285714285714, "reusita": 100.0, "cnt": 7}, "LOGICA, ARGUMENTARE SI COMUNICARE": {"medie": 9.276470588235295, "reusita": 100.0, "cnt": 51}, "PSIHOLOGIE": {"medie": 10.0, "reusita": 100.0, "cnt": 2}, "FIZICA TEO": {"medie": 8.701190476190478, "reusita": 100.0, "cnt": 42}, "CHIMIE ORGANICA TEO NIVEL I/II": {"medie": 9.169999999999998, "reusita": 100.0, "cnt": 20}, "INFORMATICA MI C/C++": {"medie": 8.78235294117647, "reusita": 100.0, "cnt": 51}, "CHIMIE ANORGANICA TEO NIVEL I/II": {"medie": 9.25, "reusita": 100.0, "cnt": 1}}, "nume": "COLEGIUL NATIONAL \"MIHAI EMINESCU\" BOTOSANI\tBoto\u0219ani"}