{"specializari": {"FILOLOGIE": 67, "MATEMATICA-INFORMATICA": 56, "STIINTE ALE NATURII": 29, "TEHNICIAN IN ACTIVITATI ECONOMICE": 32}, "limba_moderna": {"LIMBA ENGLEZA": 175, "LIMBA GERMANA MODERNA": 5, "LIMBA FRANCEZA": 4}, "limba_materna": {"LIMBA MAGHIARA": 62, "LIMBA ROMANA": 122}, "promotie_anterioara": {"DA": 7, "NU": 177}, "materii": {"LIMBA ROMANA": {"medie": 7.3622950819672175, "reusita": 92.93478260869566, "cnt": 184}, "MATEMATICA ST-NAT": {"medie": 7.68448275862069, "reusita": 96.55172413793103, "cnt": 29}, "ANATOMIE SI FIZIOLOGIE UMANA, GENETICA SI ECOLOGIE UMANA": {"medie": 8.594444444444443, "reusita": 100.0, "cnt": 36}, "GENERAL": {"medie": 8.02621336996337, "reusita": 90.21739130434783, "cnt": 184}, "MATEMATICA MATE-INFO": {"medie": 7.985714285714286, "reusita": 98.21428571428571, "cnt": 56}, "BIOLOGIE VEGETALA SI ANIMALA": {"medie": 8.319565217391306, "reusita": 100.0, "cnt": 23}, "ISTORIE": {"medie": 7.988059701492539, "reusita": 100.0, "cnt": 67}, "GEOGRAFIE": {"medie": 8.750588235294117, "reusita": 100.0, "cnt": 85}, "MATEMATICA TEHN": {"medie": 8.1296875, "reusita": 96.875, "cnt": 32}, "SOCIOLOGIE": {"medie": 7.8500000000000005, "reusita": 100.0, "cnt": 13}, "FILOSOFIE": {"medie": "-", "reusita": 0.0, "cnt": 1}, "LIMBA MAGHIARA (REAL)": {"medie": 7.446428571428571, "reusita": 96.42857142857143, "cnt": 28}, "LIMBA MAGHIARA (UMAN)": {"medie": 7.775, "reusita": 100.0, "cnt": 34}, "INFORMATICA MI PASCAL": {"medie": 7.4, "reusita": 100.0, "cnt": 5}, "FIZICA TEO": {"medie": 9.223529411764705, "reusita": 100.0, "cnt": 17}, "CHIMIE ORGANICA TEO NIVEL I/II": {"medie": 8.6, "reusita": 100.0, "cnt": 1}, "INFORMATICA MI C/C++": {"medie": 7.65, "reusita": 100.0, "cnt": 1}, "CHIMIE ANORGANICA TEO NIVEL I/II": {"medie": 9.4, "reusita": 100.0, "cnt": 2}}, "nume": "COLEGIUL NATIONAL \"SIMION BARNUTIU\" SIMLEU SILVANIEI\tS\u0103laj"}