{"specializari": {"MATEMATICA-INFORMATICA": 48, "STIINTE ALE NATURII": 55, "FILOLOGIE": 62}, "limba_moderna": {"LIMBA ENGLEZA": 160, "LIMBA FRANCEZA": 3, "LIMBA SPANIOLA": 2}, "limba_materna": {"LIMBA ROMANA": 165}, "promotie_anterioara": {"DA": 1, "NU": 164}, "materii": {"LIMBA ROMANA": {"medie": 8.032424242424245, "reusita": 99.39393939393939, "cnt": 165}, "MATEMATICA ST-NAT": {"medie": 7.706363636363636, "reusita": 98.18181818181819, "cnt": 55}, "ANATOMIE SI FIZIOLOGIE UMANA, GENETICA SI ECOLOGIE UMANA": {"medie": 8.593636363636364, "reusita": 100.0, "cnt": 55}, "GENERAL": {"medie": 8.171414141414141, "reusita": 93.33333333333333, "cnt": 165}, "MATEMATICA MATE-INFO": {"medie": 6.764583333333337, "reusita": 85.41666666666666, "cnt": 48}, "BIOLOGIE VEGETALA SI ANIMALA": {"medie": 9.0, "reusita": 100.0, "cnt": 1}, "ISTORIE": {"medie": 8.433064516129031, "reusita": 100.0, "cnt": 62}, "GEOGRAFIE": {"medie": 9.47, "reusita": 100.0, "cnt": 30}, "SOCIOLOGIE": {"medie": 9.231818181818182, "reusita": 100.0, "cnt": 11}, "LOGICA, ARGUMENTARE SI COMUNICARE": {"medie": 9.180555555555555, "reusita": 100.0, "cnt": 18}, "PSIHOLOGIE": {"medie": 8.933333333333334, "reusita": 100.0, "cnt": 3}, "CHIMIE ORGANICA TEO NIVEL I/II": {"medie": 8.725, "reusita": 100.0, "cnt": 12}, "INFORMATICA MI C/C++": {"medie": 8.296774193548389, "reusita": 100.0, "cnt": 31}, "CHIMIE ANORGANICA TEO NIVEL I/II": {"medie": 6.7125, "reusita": 75.0, "cnt": 4}}, "nume": "COLEGIUL NATIONAL \"ELENA GHIBA BIRTA\" ARAD\tArad"}