{"specializari": {"STIINTE SOCIALE": 30, "FILOLOGIE": 121, "INVATATOR - EDUCATOARE": 58}, "limba_moderna": {"LIMBA ENGLEZA": 180, "LIMBA FRANCEZA": 17, "LIMBA SPANIOLA": 12}, "limba_materna": {"LIMBA ROMANA": 209}, "promotie_anterioara": {"DA": 5, "NU": 204}, "materii": {"LIMBA ROMANA": {"medie": 8.092028985507246, "reusita": 99.04306220095694, "cnt": 209}, "GENERAL": {"medie": 8.215776699029131, "reusita": 95.21531100478468, "cnt": 209}, "ISTORIE": {"medie": 8.280999999999997, "reusita": 99.33774834437085, "cnt": 151}, "GEOGRAFIE": {"medie": 8.639726027397257, "reusita": 98.64864864864865, "cnt": 148}, "SOCIOLOGIE": {"medie": 8.091666666666667, "reusita": 97.2972972972973, "cnt": 37}, "MATEMATICA PED": {"medie": 7.49736842105263, "reusita": 94.82758620689656, "cnt": 58}, "LOGICA, ARGUMENTARE SI COMUNICARE": {"medie": 7.446875, "reusita": 93.75, "cnt": 16}, "PSIHOLOGIE": {"medie": 8.433333333333332, "reusita": 100.0, "cnt": 6}, "ECONOMIE": {"medie": 9.225, "reusita": 100.0, "cnt": 2}}, "nume": "COLEGIUL NATIONAL PEDAGOGIC \"SPIRU HARET\" FOCSANI\tVrancea"}