{"specializari": {"TEHNICIAN VETERINAR": 14, "TEHNICIAN ANALIZE PRODUSE ALIMENTARE": 18, "ORGANIZATOR BANQUETING": 20, "TEHNICIAN IN INDUSTRIA ALIMENTARA": 15, "TEHNICIAN IN ACTIVITATI ECONOMICE": 22, "TEHNICIAN IN TURISM": 39, "STIINTE SOCIALE": 26, "STIINTE ALE NATURII": 17, "FILOLOGIE": 22, "TEHNICIAN ECOLOG SI PROTECTIA CALITATII MEDIULUI": 6}, "limba_moderna": {"LIMBA ENGLEZA": 179, "LIMBA FRANCEZA": 19, "LIMBA GERMANA MODERNA": 1}, "limba_materna": {"LIMBA ROMANA": 199}, "promotie_anterioara": {"DA": 26, "NU": 173}, "materii": {"LIMBA ROMANA": {"medie": 6.3534090909090954, "reusita": 80.40201005025126, "cnt": 199}, "MATEMATICA ST-NAT": {"medie": 6.605882352941175, "reusita": 94.11764705882352, "cnt": 17}, "ANATOMIE SI FIZIOLOGIE UMANA, GENETICA SI ECOLOGIE UMANA": {"medie": 5.444186046511629, "reusita": 51.02040816326531, "cnt": 49}, "GENERAL": {"medie": 6.0874999999999995, "reusita": 44.72361809045226, "cnt": 199}, "BIOLOGIE VEGETALA SI ANIMALA": {"medie": 6.441176470588235, "reusita": 75.0, "cnt": 20}, "ISTORIE": {"medie": 6.588541666666668, "reusita": 100.0, "cnt": 48}, "GEOGRAFIE": {"medie": 7.486290322580644, "reusita": 84.28571428571429, "cnt": 70}, "MATEMATICA TEHN": {"medie": 3.90841121495327, "reusita": 33.582089552238806, "cnt": 134}, "LOGICA, ARGUMENTARE SI COMUNICARE": {"medie": 7.741176470588235, "reusita": 81.03448275862068, "cnt": 58}, "FILOSOFIE": {"medie": 9.1, "reusita": 100.0, "cnt": 1}, "CHIMIE ORGANICA TEH NIVEL I/II": {"medie": 2.2, "reusita": 0.0, "cnt": 1}}, "nume": "COLEGIUL \"ANDRONIC MOTRESCU\" RADAUTI\tSuceava"}