{"specializari": {"MATEMATICA-INFORMATICA": 28, "STIINTE SOCIALE": 30, "STIINTE ALE NATURII": 28}, "limba_moderna": {"LIMBA ENGLEZA": 67, "LIMBA GERMANA MODERNA": 18, "LIMBA FRANCEZA": 1}, "limba_materna": {"LIMBA MAGHIARA": 86}, "promotie_anterioara": {"NU": 86}, "materii": {"LIMBA ROMANA": {"medie": 6.925, "reusita": 95.34883720930233, "cnt": 86}, "MATEMATICA ST-NAT": {"medie": 8.594642857142857, "reusita": 100.0, "cnt": 28}, "ANATOMIE SI FIZIOLOGIE UMANA, GENETICA SI ECOLOGIE UMANA": {"medie": 9.435714285714285, "reusita": 100.0, "cnt": 35}, "GENERAL": {"medie": 8.359883720930233, "reusita": 95.34883720930233, "cnt": 86}, "MATEMATICA MATE-INFO": {"medie": 8.726785714285713, "reusita": 100.0, "cnt": 28}, "ISTORIE": {"medie": 8.426666666666666, "reusita": 100.0, "cnt": 30}, "GEOGRAFIE": {"medie": 8.705882352941176, "reusita": 100.0, "cnt": 17}, "LOGICA, ARGUMENTARE SI COMUNICARE": {"medie": 9.465, "reusita": 100.0, "cnt": 10}, "FILOSOFIE": {"medie": 8.966666666666667, "reusita": 100.0, "cnt": 3}, "LIMBA MAGHIARA (REAL)": {"medie": 8.93392857142857, "reusita": 100.0, "cnt": 56}, "LIMBA MAGHIARA (UMAN)": {"medie": 8.541666666666666, "reusita": 100.0, "cnt": 30}, "FIZICA TEO": {"medie": 8.926666666666668, "reusita": 100.0, "cnt": 15}, "INFORMATICA MI C/C++": {"medie": 8.700000000000001, "reusita": 100.0, "cnt": 6}}, "nume": "COLEGIUL NATIONAL \"SZEKELY MIKO\" SFANTU GHEORGHE\tCovasna"}