{"specializari": {"FILOLOGIE": 15, "TEHNICIAN IN ACTIVITATI ECONOMICE": 15, "STIINTE ALE NATURII": 33, "MATEMATICA-INFORMATICA": 29}, "limba_moderna": {"LIMBA ENGLEZA": 80, "LIMBA GERMANA MODERNA": 12}, "limba_materna": {"LIMBA MAGHIARA": 92}, "promotie_anterioara": {"DA": 10, "NU": 82}, "materii": {"LIMBA ROMANA": {"medie": 6.525824175824176, "reusita": 88.04347826086956, "cnt": 92}, "MATEMATICA ST-NAT": {"medie": 5.871666666666665, "reusita": 75.75757575757575, "cnt": 33}, "ANATOMIE SI FIZIOLOGIE UMANA, GENETICA SI ECOLOGIE UMANA": {"medie": 6.216071428571428, "reusita": 70.0, "cnt": 30}, "GENERAL": {"medie": 7.19592696629214, "reusita": 71.73913043478261, "cnt": 92}, "MATEMATICA MATE-INFO": {"medie": 8.229310344827587, "reusita": 100.0, "cnt": 29}, "BIOLOGIE VEGETALA SI ANIMALA": {"medie": 7.996666666666666, "reusita": 100.0, "cnt": 15}, "ISTORIE": {"medie": 7.456666666666667, "reusita": 100.0, "cnt": 15}, "GEOGRAFIE": {"medie": 7.217857142857142, "reusita": 96.42857142857143, "cnt": 28}, "MATEMATICA TEHN": {"medie": 6.543333333333333, "reusita": 93.33333333333333, "cnt": 15}, "PSIHOLOGIE": {"medie": 8.95, "reusita": 100.0, "cnt": 2}, "LIMBA MAGHIARA (REAL)": {"medie": 7.815789473684208, "reusita": 98.7012987012987, "cnt": 77}, "LIMBA MAGHIARA (UMAN)": {"medie": 8.776666666666667, "reusita": 100.0, "cnt": 15}, "FIZICA TEO": {"medie": 5.62, "reusita": 60.0, "cnt": 5}, "CHIMIE ORGANICA TEO NIVEL I/II": {"medie": 7.15, "reusita": 100.0, "cnt": 1}, "INFORMATICA MI C/C++": {"medie": 8.572727272727272, "reusita": 100.0, "cnt": 11}}, "nume": "COLEGIUL NATIONAL \"APRILY LAJOS\" BRASOV\tBra\u0219ov"}