{"specializari": {"STIINTE ALE NATURII": 4, "FILOLOGIE": 93, "MATEMATICA-INFORMATICA": 80, "STIINTE SOCIALE": 33}, "limba_moderna": {"LIMBA ENGLEZA": 207, "LIMBA GERMANA MODERNA": 1, "LIMBA FRANCEZA": 2}, "limba_materna": {"LIMBA ROMANA": 210}, "promotie_anterioara": {"DA": 11, "NU": 199}, "materii": {"LIMBA ROMANA": {"medie": 7.693301435406701, "reusita": 98.09523809523809, "cnt": 210}, "MATEMATICA ST-NAT": {"medie": 5.8500000000000005, "reusita": 100.0, "cnt": 4}, "ANATOMIE SI FIZIOLOGIE UMANA, GENETICA SI ECOLOGIE UMANA": {"medie": 8.45, "reusita": 100.0, "cnt": 5}, "GENERAL": {"medie": 8.009775641025643, "reusita": 90.95238095238095, "cnt": 210}, "MATEMATICA MATE-INFO": {"medie": 8.447499999999996, "reusita": 97.5, "cnt": 80}, "BIOLOGIE VEGETALA SI ANIMALA": {"medie": 6.6642857142857155, "reusita": 85.71428571428571, "cnt": 7}, "ISTORIE": {"medie": 7.611904761904762, "reusita": 94.44444444444444, "cnt": 126}, "GEOGRAFIE": {"medie": 8.51530612244898, "reusita": 96.96969696969697, "cnt": 99}, "SOCIOLOGIE": {"medie": 7.6923076923076925, "reusita": 100.0, "cnt": 13}, "LOGICA, ARGUMENTARE SI COMUNICARE": {"medie": 8.7125, "reusita": 100.0, "cnt": 4}, "PSIHOLOGIE": {"medie": 7.45, "reusita": 100.0, "cnt": 4}, "FIZICA TEO": {"medie": 8.5, "reusita": 96.72131147540983, "cnt": 61}, "CHIMIE ORGANICA TEO NIVEL I/II": {"medie": 8.799999999999999, "reusita": 100.0, "cnt": 7}, "INFORMATICA MI C/C++": {"medie": 8.4375, "reusita": 100.0, "cnt": 4}, "ECONOMIE": {"medie": 8.583333333333334, "reusita": 100.0, "cnt": 6}}, "nume": "COLEGIUL NATIONAL \"ION MAIORESCU\" GIURGIU\tGiurgiu"}