{"specializari": {"TEHNICIAN MECATRONIST": 7, "STIINTE ALE NATURII": 46, "TEHNICIAN ELECTROMECANIC": 4, "TEHNICIAN OPERATOR TEHNICA DE CALCUL": 22, "TEHNICIAN IN ACTIVITATI ECONOMICE": 39, "TEHNICIAN PROIECTANT CAD": 9, "TEHNICIAN ELECTRICIAN/ELECTRONIST AUTO": 1, "TEHNICIAN IN INSTALATII ELECTRICE": 4, "TEHNICIAN IN ACHIZITII SI CONTRACTARI": 20, "MATEMATICA-INFORMATICA": 2, "TEHNICIAN IN ACTIVITATI DE COMERT": 40, "TEHNICIAN IN ADMINISTRATIE": 9}, "limba_moderna": {"LIMBA ENGLEZA": 136, "LIMBA FRANCEZA": 67}, "limba_materna": {"LIMBA ROMANA": 203}, "promotie_anterioara": {"DA": 43, "NU": 160}, "materii": {"LIMBA ROMANA": {"medie": 6.5863402061855645, "reusita": 89.65517241379311, "cnt": 203}, "MATEMATICA ST-NAT": {"medie": 6.453333333333334, "reusita": 84.78260869565217, "cnt": 46}, "ANATOMIE SI FIZIOLOGIE UMANA, GENETICA SI ECOLOGIE UMANA": {"medie": 7.805172413793104, "reusita": 100.0, "cnt": 29}, "GENERAL": {"medie": 6.239153439153442, "reusita": 47.783251231527096, "cnt": 203}, "MATEMATICA MATE-INFO": {"medie": 3.2, "reusita": 0.0, "cnt": 2}, "BIOLOGIE VEGETALA SI ANIMALA": {"medie": 4.390243902439024, "reusita": 40.42553191489361, "cnt": 47}, "GEOGRAFIE": {"medie": 7.161643835616439, "reusita": 92.10526315789474, "cnt": 76}, "MATEMATICA TEHN": {"medie": 4.979861111111113, "reusita": 55.483870967741936, "cnt": 155}, "LOGICA, ARGUMENTARE SI COMUNICARE": {"medie": 7.756451612903224, "reusita": 93.75, "cnt": 32}, "CHIMIE ANORGANICA TEH NIVEL I/II": {"medie": 5.3999999999999995, "reusita": 66.66666666666666, "cnt": 3}, "FIZICA TEO": {"medie": 5.95, "reusita": 100.0, "cnt": 1}, "CHIMIE ORGANICA TEO NIVEL I/II": {"medie": 10.0, "reusita": 100.0, "cnt": 1}, "CHIMIE ANORGANICA TEO NIVEL I/II": {"medie": 7.049999999999999, "reusita": 92.85714285714286, "cnt": 14}}, "nume": "COLEGIUL TEHNIC DE CAI FERATE \"UNIREA\", PASCANI\tIa\u0219i"}