{"specializari": {"MATEMATICA-INFORMATICA": 63, "INVATATOR - EDUCATOARE": 29, "FILOLOGIE": 55}, "limba_moderna": {"LIMBA ENGLEZA": 146, "LIMBA FRANCEZA": 1}, "limba_materna": {"LIMBA ROMANA": 147}, "promotie_anterioara": {"DA": 2, "NU": 145}, "materii": {"LIMBA ROMANA": {"medie": 8.623809523809525, "reusita": 99.31972789115646, "cnt": 147}, "ANATOMIE SI FIZIOLOGIE UMANA, GENETICA SI ECOLOGIE UMANA": {"medie": 8.916666666666666, "reusita": 100.0, "cnt": 3}, "GENERAL": {"medie": 8.419063926940641, "reusita": 93.87755102040816, "cnt": 147}, "MATEMATICA MATE-INFO": {"medie": 7.196825396825396, "reusita": 87.3015873015873, "cnt": 63}, "BIOLOGIE VEGETALA SI ANIMALA": {"medie": 7.769230769230769, "reusita": 100.0, "cnt": 13}, "ISTORIE": {"medie": 8.323636363636368, "reusita": 100.0, "cnt": 55}, "GEOGRAFIE": {"medie": 9.136440677966103, "reusita": 100.0, "cnt": 59}, "SOCIOLOGIE": {"medie": 8.8375, "reusita": 100.0, "cnt": 4}, "MATEMATICA PED": {"medie": 9.160344827586206, "reusita": 100.0, "cnt": 29}, "LOGICA, ARGUMENTARE SI COMUNICARE": {"medie": 9.450000000000001, "reusita": 100.0, "cnt": 3}, "PSIHOLOGIE": {"medie": 9.173076923076923, "reusita": 100.0, "cnt": 13}, "FIZICA TEO": {"medie": 6.4625, "reusita": 100.0, "cnt": 4}, "CHIMIE ORGANICA TEO NIVEL I/II": {"medie": 8.183333333333332, "reusita": 100.0, "cnt": 6}, "INFORMATICA MI C/C++": {"medie": 7.7785714285714285, "reusita": 97.22222222222221, "cnt": 36}, "CHIMIE ANORGANICA TEO NIVEL I/II": {"medie": 6.1, "reusita": 100.0, "cnt": 1}, "ECONOMIE": {"medie": 9.0, "reusita": 100.0, "cnt": 5}}, "nume": "COLEGIUL NATIONAL \"ELENA CUZA\"\tBucure\u0219ti"}