{"specializari": {"TEHNICIAN IN ACTIVITATI ECONOMICE": 124, "TEHNICIAN IN GASTRONOMIE": 29, "TEHNICIAN IN TURISM": 33, "ORGANIZATOR BANQUETING": 27}, "limba_moderna": {"LIMBA FRANCEZA": 4, "LIMBA ENGLEZA": 196, "LIMBA ITALIANA": 13}, "limba_materna": {"LIMBA ROMANA": 213}, "promotie_anterioara": {"DA": 8, "NU": 205}, "materii": {"LIMBA ROMANA": {"medie": 6.628708133971293, "reusita": 92.95774647887323, "cnt": 213}, "GENERAL": {"medie": 6.980894308943088, "reusita": 78.87323943661971, "cnt": 213}, "GEOGRAFIE": {"medie": 7.734782608695656, "reusita": 93.86792452830188, "cnt": 212}, "MATEMATICA TEHN": {"medie": 6.491346153846158, "reusita": 88.26291079812206, "cnt": 213}, "PSIHOLOGIE": {"medie": 8.9, "reusita": 100.0, "cnt": 1}}, "nume": "COLEGIUL ECONOMIC \"FRANCESCO SAVERIO NITTI\" TIMISOARA\tTimi\u0219"}