{"specializari": {"MUZICA": 61, "ARTA ACTORULUI": 32}, "limba_moderna": {"LIMBA ENGLEZA": 92, "LIMBA FRANCEZA": 1}, "limba_materna": {"LIMBA ROMANA": 93}, "promotie_anterioara": {"DA": 7, "NU": 86}, "materii": {"LIMBA ROMANA": {"medie": 7.061956521739131, "reusita": 94.6236559139785, "cnt": 93}, "GENERAL": {"medie": 7.542307692307694, "reusita": 83.87096774193549, "cnt": 93}, "ISTORIE": {"medie": 7.355978260869565, "reusita": 95.6989247311828, "cnt": 93}, "GEOGRAFIE": {"medie": 8.007954545454545, "reusita": 95.45454545454545, "cnt": 44}, "LOGICA, ARGUMENTARE SI COMUNICARE": {"medie": 8.25568181818182, "reusita": 100.0, "cnt": 44}, "PSIHOLOGIE": {"medie": 5.0, "reusita": 100.0, "cnt": 2}, "FILOSOFIE": {"medie": 9.35, "reusita": 100.0, "cnt": 2}, "ECONOMIE": {"medie": 5.7, "reusita": 100.0, "cnt": 1}}, "nume": "COLEGIUL NATIONAL DE ARTE \"DINU LIPATTI\"\tBucure\u0219ti"}