{"specializari": {"TEHNICIAN IN INDUSTRIA TEXTILA": 4, "TEHNICIAN DESIGNER VESTIMENTAR": 15, "TEHNICIAN OPERATOR PROCESARE TEXT IMAGINE": 2, "TEHNICIAN OPERATOR TEHNICA DE CALCUL": 11, "COAFOR STILIST": 29, "TEHNICIAN POLIGRAF": 3, "TEHNICIAN IN GASTRONOMIE": 51, "TEHNICIAN PROIECTANT CAD": 1}, "limba_moderna": {"LIMBA ENGLEZA": 97, "LIMBA FRANCEZA": 19}, "limba_materna": {"LIMBA ROMANA": 116}, "promotie_anterioara": {"DA": 29, "NU": 87}, "materii": {"LIMBA ROMANA": {"medie": 6.075862068965516, "reusita": 64.65517241379311, "cnt": 116}, "GENERAL": {"medie": 5.658823529411765, "reusita": 26.72413793103448, "cnt": 116}, "BIOLOGIE VEGETALA SI ANIMALA": {"medie": 5.196875, "reusita": 37.5, "cnt": 24}, "GEOGRAFIE": {"medie": 7.036111111111112, "reusita": 73.33333333333333, "cnt": 45}, "MATEMATICA TEHN": {"medie": 4.6575342465753415, "reusita": 34.48275862068966, "cnt": 116}, "FIZICA TEH": {"medie": 3.25, "reusita": 16.666666666666664, "cnt": 6}, "LOGICA, ARGUMENTARE SI COMUNICARE": {"medie": 5.825000000000001, "reusita": 48.57142857142857, "cnt": 35}, "CHIMIE ANORGANICA TEH NIVEL I/II": {"medie": 5.074999999999999, "reusita": 33.33333333333333, "cnt": 6}}, "nume": "COLEGIUL TEHNIC \"IOAN C. STEFANESCU\", IASI\tIa\u0219i"}