{"specializari": {"TEHNICIAN IN SILVICULTURA SI EXPLOATARI FORESTIERE": 78, "FILOLOGIE": 3, "TEHNICIAN IN ACTIVITATI ECONOMICE": 30, "TEHNICIAN IN ADMINISTRATIE": 1, "TEHNICIAN IN TURISM": 23, "TEHNICIAN ECOLOG SI PROTECTIA CALITATII MEDIULUI": 29}, "limba_moderna": {"LIMBA ENGLEZA": 158, "LIMBA FRANCEZA": 6}, "limba_materna": {"LIMBA ROMANA": 164}, "promotie_anterioara": {"DA": 47, "NU": 117}, "materii": {"LIMBA ROMANA": {"medie": 6.156250000000001, "reusita": 78.65853658536585, "cnt": 164}, "ANATOMIE SI FIZIOLOGIE UMANA, GENETICA SI ECOLOGIE UMANA": {"medie": 6.604838709677418, "reusita": 83.16831683168317, "cnt": 101}, "GENERAL": {"medie": 6.074022988505746, "reusita": 37.80487804878049, "cnt": 164}, "BIOLOGIE VEGETALA SI ANIMALA": {"medie": 5.916666666666667, "reusita": 75.0, "cnt": 4}, "ISTORIE": {"medie": 4.816666666666666, "reusita": 33.33333333333333, "cnt": 3}, "GEOGRAFIE": {"medie": 7.0085106382978735, "reusita": 87.5, "cnt": 48}, "MATEMATICA TEHN": {"medie": 5.297419354838709, "reusita": 64.59627329192547, "cnt": 161}, "FIZICA TEH": {"medie": 7.6, "reusita": 100.0, "cnt": 2}, "PSIHOLOGIE": {"medie": 5.766666666666666, "reusita": 77.77777777777779, "cnt": 9}}, "nume": "COLEGIUL SILVIC \"BUCOVINA\" CAMPULUNG MOLDOVENESC\tSuceava"}