{"specializari": {"MATEMATICA-INFORMATICA": 136, "STIINTE ALE NATURII": 34, "FILOLOGIE": 56, "MUZICA": 1}, "limba_moderna": {"LIMBA ENGLEZA": 216, "LIMBA FRANCEZA": 11}, "limba_materna": {"LIMBA ROMANA": 227}, "promotie_anterioara": {"DA": 23, "NU": 204}, "materii": {"LIMBA ROMANA": {"medie": 7.158035714285711, "reusita": 93.83259911894272, "cnt": 227}, "MATEMATICA ST-NAT": {"medie": 5.212121212121213, "reusita": 61.76470588235294, "cnt": 34}, "ANATOMIE SI FIZIOLOGIE UMANA, GENETICA SI ECOLOGIE UMANA": {"medie": 7.134146341463417, "reusita": 81.74603174603175, "cnt": 126}, "GENERAL": {"medie": 6.9680180180180145, "reusita": 62.99559471365639, "cnt": 227}, "MATEMATICA MATE-INFO": {"medie": 5.574060150375941, "reusita": 60.29411764705882, "cnt": 136}, "BIOLOGIE VEGETALA SI ANIMALA": {"medie": 4.1, "reusita": 0.0, "cnt": 1}, "ISTORIE": {"medie": 7.912499999999999, "reusita": 94.73684210526315, "cnt": 57}, "GEOGRAFIE": {"medie": 8.684146341463416, "reusita": 97.61904761904762, "cnt": 42}, "SOCIOLOGIE": {"medie": 8.18, "reusita": 100.0, "cnt": 5}, "LOGICA, ARGUMENTARE SI COMUNICARE": {"medie": 8.95, "reusita": 100.0, "cnt": 1}, "PSIHOLOGIE": {"medie": 8.739999999999998, "reusita": 100.0, "cnt": 5}, "FIZICA TEO": {"medie": 7.750000000000001, "reusita": 92.85714285714286, "cnt": 14}, "CHIMIE ORGANICA TEO NIVEL I/II": {"medie": 8.0, "reusita": 100.0, "cnt": 4}, "INFORMATICA MI C/C++": {"medie": 7.656521739130435, "reusita": 100.0, "cnt": 23}, "CHIMIE ANORGANICA TEO NIVEL I/II": {"medie": 7.95, "reusita": 100.0, "cnt": 1}, "ECONOMIE": {"medie": 8.637500000000001, "reusita": 100.0, "cnt": 4}, "INFORMATICA SN C/C++": {"medie": 5.95, "reusita": 100.0, "cnt": 1}}, "nume": "COLEGIUL NATIONAL \"ANASTASESCU\" ROSIORI DE VEDE\tTeleorman"}