{"specializari": {"TEHNICIAN MECATRONIST": 5, "TEHNICIAN IN INSTALATII ELECTRICE": 14, "MATEMATICA-INFORMATICA": 6, "TEHNICIAN ELECTROMECANIC": 7, "TEHNICIAN ELECTRONIST": 11, "TEHNICIAN ELECTROTEHNIST": 10, "TEHNICIAN MECANIC PENTRU INTRETINERE SI REPARATII": 1}, "limba_moderna": {"LIMBA ENGLEZA": 54}, "limba_materna": {"LIMBA ROMANA": 54}, "promotie_anterioara": {"DA": 26, "NU": 28}, "materii": {"LIMBA ROMANA": {"medie": 4.89468085106383, "reusita": 55.55555555555556, "cnt": 54}, "ANATOMIE SI FIZIOLOGIE UMANA, GENETICA SI ECOLOGIE UMANA": {"medie": 5.566666666666666, "reusita": 33.33333333333333, "cnt": 6}, "GENERAL": {"medie": 4.4624999999999995, "reusita": 11.11111111111111, "cnt": 54}, "MATEMATICA MATE-INFO": {"medie": 3.1, "reusita": 16.666666666666664, "cnt": 6}, "BIOLOGIE VEGETALA SI ANIMALA": {"medie": 3.9736111111111097, "reusita": 29.545454545454547, "cnt": 44}, "MATEMATICA TEHN": {"medie": 4.2285714285714295, "reusita": 39.58333333333333, "cnt": 48}, "FIZICA TEH": {"medie": 3.9666666666666663, "reusita": 33.33333333333333, "cnt": 3}, "CHIMIE ORGANICA TEH NIVEL I/II": {"medie": 9.2, "reusita": 100.0, "cnt": 1}}, "nume": "COLEGIUL TEHNIC ENERGETIC\tBucure\u0219ti"}