{"specializari": {"MATEMATICA-INFORMATICA": 135, "STIINTE SOCIALE": 30, "STIINTE ALE NATURII": 31}, "limba_moderna": {"LIMBA ENGLEZA": 181, "LIMBA ITALIANA": 2, "LIMBA GERMANA MODERNA": 7, "LIMBA FRANCEZA": 6}, "limba_materna": {"LIMBA ROMANA": 196}, "promotie_anterioara": {"NU": 196}, "materii": {"LIMBA ROMANA": {"medie": 8.92091836734694, "reusita": 100.0, "cnt": 196}, "MATEMATICA ST-NAT": {"medie": 9.224193548387097, "reusita": 100.0, "cnt": 31}, "ANATOMIE SI FIZIOLOGIE UMANA, GENETICA SI ECOLOGIE UMANA": {"medie": 9.271126760563382, "reusita": 100.0, "cnt": 71}, "GENERAL": {"medie": 9.086394557823137, "reusita": 100.0, "cnt": 196}, "MATEMATICA MATE-INFO": {"medie": 9.100000000000003, "reusita": 100.0, "cnt": 135}, "BIOLOGIE VEGETALA SI ANIMALA": {"medie": 8.45, "reusita": 100.0, "cnt": 1}, "ISTORIE": {"medie": 9.23333333333333, "reusita": 100.0, "cnt": 30}, "GEOGRAFIE": {"medie": 9.200000000000001, "reusita": 100.0, "cnt": 4}, "LOGICA, ARGUMENTARE SI COMUNICARE": {"medie": 9.197727272727276, "reusita": 100.0, "cnt": 22}, "PSIHOLOGIE": {"medie": 9.6, "reusita": 100.0, "cnt": 2}, "FILOSOFIE": {"medie": 8.6, "reusita": 100.0, "cnt": 1}, "FIZICA TEO": {"medie": 9.83181818181818, "reusita": 100.0, "cnt": 11}, "CHIMIE ORGANICA TEO NIVEL I/II": {"medie": 9.458333333333332, "reusita": 100.0, "cnt": 12}, "INFORMATICA MI C/C++": {"medie": 8.973134328358208, "reusita": 100.0, "cnt": 67}, "CHIMIE ANORGANICA TEO NIVEL I/II": {"medie": 9.7375, "reusita": 100.0, "cnt": 4}, "ECONOMIE": {"medie": 7.4, "reusita": 100.0, "cnt": 1}}, "nume": "COLEGIUL NATIONAL \"GHEORGHE SINCAI\" BAIA MARE\tMaramure\u0219"}