{"specializari": {"MATEMATICA-INFORMATICA": 150, "STIINTE ALE NATURII": 29, "FILOLOGIE": 32}, "limba_moderna": {"LIMBA ENGLEZA": 208, "LIMBA FRANCEZA": 1, "LIMBA GERMANA MODERNA": 2}, "limba_materna": {"LIMBA ROMANA": 211}, "promotie_anterioara": {"NU": 211}, "materii": {"LIMBA ROMANA": {"medie": 9.131516587677721, "reusita": 100.0, "cnt": 211}, "MATEMATICA ST-NAT": {"medie": 9.203448275862069, "reusita": 100.0, "cnt": 29}, "ANATOMIE SI FIZIOLOGIE UMANA, GENETICA SI ECOLOGIE UMANA": {"medie": 9.432051282051283, "reusita": 100.0, "cnt": 39}, "GENERAL": {"medie": 9.091311216429704, "reusita": 99.0521327014218, "cnt": 211}, "MATEMATICA MATE-INFO": {"medie": 8.898666666666665, "reusita": 99.33333333333333, "cnt": 150}, "BIOLOGIE VEGETALA SI ANIMALA": {"medie": 9.516666666666667, "reusita": 100.0, "cnt": 3}, "ISTORIE": {"medie": 8.8421875, "reusita": 100.0, "cnt": 32}, "LOGICA, ARGUMENTARE SI COMUNICARE": {"medie": 9.408, "reusita": 100.0, "cnt": 25}, "PSIHOLOGIE": {"medie": 9.7, "reusita": 100.0, "cnt": 1}, "FILOSOFIE": {"medie": 9.4, "reusita": 100.0, "cnt": 1}, "FIZICA TEO": {"medie": 9.152238805970146, "reusita": 100.0, "cnt": 67}, "CHIMIE ORGANICA TEO NIVEL I/II": {"medie": 9.14423076923077, "reusita": 100.0, "cnt": 26}, "INFORMATICA MI C/C++": {"medie": 9.093902439024387, "reusita": 100.0, "cnt": 41}, "CHIMIE ANORGANICA TEO NIVEL I/II": {"medie": 9.25, "reusita": 100.0, "cnt": 2}, "ECONOMIE": {"medie": 8.42, "reusita": 100.0, "cnt": 5}, "INFORMATICA SN C/C++": {"medie": 8.3, "reusita": 100.0, "cnt": 1}}, "nume": "COLEGIUL NATIONAL \"GHEORGHE VRANCEANU\" BACAU\tBac\u0103u"}