{"specializari": {"TEHNICIAN IN INSTALATII ELECTRICE": 13, "TEHNICIAN ANALIZE PRODUSE ALIMENTARE": 20, "TEHNICIAN ECOLOG SI PROTECTIA CALITATII MEDIULUI": 30, "TEHNICIAN CHIMIST DE LABORATOR": 1}, "limba_moderna": {"LIMBA ENGLEZA": 37, "LIMBA FRANCEZA": 27}, "limba_materna": {"LIMBA ROMANA": 64}, "promotie_anterioara": {"DA": 13, "NU": 51}, "materii": {"LIMBA ROMANA": {"medie": 6.146721311475411, "reusita": 84.375, "cnt": 64}, "ANATOMIE SI FIZIOLOGIE UMANA, GENETICA SI ECOLOGIE UMANA": {"medie": 5.663333333333334, "reusita": 64.58333333333334, "cnt": 48}, "GENERAL": {"medie": 5.350877192982456, "reusita": 29.6875, "cnt": 64}, "BIOLOGIE VEGETALA SI ANIMALA": {"medie": 5.7142857142857135, "reusita": 56.25, "cnt": 16}, "MATEMATICA TEHN": {"medie": 4.260169491525424, "reusita": 46.875, "cnt": 64}}, "nume": "COLEGIUL TEHNIC \"CD NENITESCU\" BAIA MARE\tMaramure\u0219"}