{"specializari": {"STIINTE SOCIALE": 67, "FILOLOGIE": 67, "MATEMATICA-INFORMATICA": 85, "STIINTE ALE NATURII": 32}, "limba_moderna": {"LIMBA ENGLEZA": 212, "LIMBA FRANCEZA": 39}, "limba_materna": {"LIMBA ROMANA": 251}, "promotie_anterioara": {"DA": 4, "NU": 247}, "materii": {"LIMBA ROMANA": {"medie": 8.287751004016062, "reusita": 98.40637450199203, "cnt": 251}, "MATEMATICA ST-NAT": {"medie": 7.687500000000001, "reusita": 96.875, "cnt": 32}, "ANATOMIE SI FIZIOLOGIE UMANA, GENETICA SI ECOLOGIE UMANA": {"medie": 8.8625, "reusita": 100.0, "cnt": 52}, "GENERAL": {"medie": 8.411155913978497, "reusita": 95.61752988047809, "cnt": 251}, "MATEMATICA MATE-INFO": {"medie": 8.542941176470588, "reusita": 98.82352941176471, "cnt": 85}, "BIOLOGIE VEGETALA SI ANIMALA": {"medie": 9.75, "reusita": 100.0, "cnt": 1}, "ISTORIE": {"medie": 8.22310606060606, "reusita": 98.50746268656717, "cnt": 134}, "GEOGRAFIE": {"medie": 8.398750000000001, "reusita": 92.85714285714286, "cnt": 42}, "SOCIOLOGIE": {"medie": 9.399999999999999, "reusita": 100.0, "cnt": 8}, "LOGICA, ARGUMENTARE SI COMUNICARE": {"medie": 8.538311688311689, "reusita": 96.15384615384616, "cnt": 78}, "PSIHOLOGIE": {"medie": 8.958333333333332, "reusita": 100.0, "cnt": 6}, "FIZICA TEO": {"medie": 7.2, "reusita": 75.0, "cnt": 4}, "CHIMIE ORGANICA TEO NIVEL I/II": {"medie": 8.923684210526316, "reusita": 100.0, "cnt": 19}, "INFORMATICA MI C/C++": {"medie": 8.773529411764706, "reusita": 100.0, "cnt": 17}, "CHIMIE ANORGANICA TEO NIVEL I/II": {"medie": 8.620833333333332, "reusita": 100.0, "cnt": 24}}, "nume": "COLEGIUL NATIONAL \"NICU GANE\" FALTICENI\tSuceava"}