{"specializari": {"MATEMATICA-INFORMATICA": 42, "STIINTE ALE NATURII": 31, "FILOLOGIE": 100}, "limba_moderna": {"LIMBA ENGLEZA": 155, "LIMBA FRANCEZA": 18}, "limba_materna": {"LIMBA ROMANA": 173}, "promotie_anterioara": {"DA": 23, "NU": 150}, "materii": {"LIMBA ROMANA": {"medie": 7.6075301204819255, "reusita": 93.64161849710982, "cnt": 173}, "MATEMATICA ST-NAT": {"medie": 5.831481481481482, "reusita": 64.51612903225806, "cnt": 31}, "ANATOMIE SI FIZIOLOGIE UMANA, GENETICA SI ECOLOGIE UMANA": {"medie": 7.514285714285712, "reusita": 88.0, "cnt": 50}, "GENERAL": {"medie": 7.679776422764229, "reusita": 80.34682080924856, "cnt": 173}, "MATEMATICA MATE-INFO": {"medie": 6.869512195121952, "reusita": 85.71428571428571, "cnt": 42}, "BIOLOGIE VEGETALA SI ANIMALA": {"medie": 8.649999999999999, "reusita": 100.0, "cnt": 2}, "ISTORIE": {"medie": 7.874747474747477, "reusita": 99.0, "cnt": 100}, "GEOGRAFIE": {"medie": 8.19659090909091, "reusita": 93.33333333333333, "cnt": 90}, "SOCIOLOGIE": {"medie": 8.15, "reusita": 100.0, "cnt": 2}, "PSIHOLOGIE": {"medie": 7.9799999999999995, "reusita": 100.0, "cnt": 5}, "INFORMATICA MI PASCAL": {"medie": "-", "reusita": 0.0, "cnt": 1}, "FIZICA TEO": {"medie": 8.41, "reusita": 100.0, "cnt": 5}, "CHIMIE ORGANICA TEO NIVEL I/II": {"medie": 8.6, "reusita": 100.0, "cnt": 7}, "INFORMATICA MI C/C++": {"medie": 7.6875, "reusita": 87.5, "cnt": 8}, "ECONOMIE": {"medie": 8.799999999999999, "reusita": 100.0, "cnt": 3}}, "nume": "COLEGIUL NATIONAL \"NEAGOE BASARAB\" OLTENITA\tC\u0103l\u0103ra\u0219i"}