{"specializari": {"INVATATOR - EDUCATOARE": 55, "MATEMATICA-INFORMATICA": 27, "STIINTE ALE NATURII": 32, "FILOLOGIE": 34}, "limba_moderna": {"LIMBA ENGLEZA": 135, "LIMBA SPANIOLA": 11, "LIMBA GERMANA MODERNA": 2}, "limba_materna": {"LIMBA MAGHIARA": 25, "LIMBA ROMANA": 123}, "promotie_anterioara": {"DA": 7, "NU": 141}, "materii": {"LIMBA ROMANA": {"medie": 7.8486301369863005, "reusita": 97.2972972972973, "cnt": 148}, "MATEMATICA ST-NAT": {"medie": 7.165625000000002, "reusita": 96.875, "cnt": 32}, "ANATOMIE SI FIZIOLOGIE UMANA, GENETICA SI ECOLOGIE UMANA": {"medie": 8.343750000000002, "reusita": 97.5609756097561, "cnt": 41}, "GENERAL": {"medie": 7.8540229885057515, "reusita": 85.8108108108108, "cnt": 148}, "MATEMATICA MATE-INFO": {"medie": 5.6692307692307695, "reusita": 59.25925925925925, "cnt": 27}, "ISTORIE": {"medie": 8.170588235294119, "reusita": 100.0, "cnt": 34}, "GEOGRAFIE": {"medie": 8.204807692307693, "reusita": 100.0, "cnt": 52}, "SOCIOLOGIE": {"medie": 9.193750000000001, "reusita": 100.0, "cnt": 8}, "MATEMATICA PED": {"medie": 7.59090909090909, "reusita": 94.54545454545455, "cnt": 55}, "LOGICA, ARGUMENTARE SI COMUNICARE": {"medie": 9.078571428571431, "reusita": 100.0, "cnt": 28}, "PSIHOLOGIE": {"medie": 8.4, "reusita": 100.0, "cnt": 1}, "LIMBA MAGHIARA (UMAN)": {"medie": 7.3500000000000005, "reusita": 96.0, "cnt": 25}, "FIZICA TEO": {"medie": 4.6, "reusita": 50.0, "cnt": 2}, "CHIMIE ORGANICA TEO NIVEL I/II": {"medie": 8.87, "reusita": 100.0, "cnt": 5}, "INFORMATICA MI C/C++": {"medie": 6.325, "reusita": 90.0, "cnt": 10}, "INFORMATICA SN C/C++": {"medie": 8.2, "reusita": 100.0, "cnt": 1}}, "nume": "COLEGIUL NATIONAL \"IOSIF VULCAN\" ORADEA\tBihor"}