{"specializari": {"TEHNICIAN IN INSTALATII ELECTRICE": 12, "MATEMATICA-INFORMATICA": 43, "TEHNICIAN OPERATOR TEHNICA DE CALCUL": 22, "STIINTE ALE NATURII": 26, "TEHNICIAN ELECTRONIST": 15, "TEHNICIAN IN AUTOMATIZARI": 25, "TEHNICIAN MECANIC PENTRU INTRETINERE SI REPARATII": 12, "STIINTE SOCIALE": 30, "FILOLOGIE": 31, "TEHNICIAN PROIECTANT CAD": 15, "TEHNICIAN MECATRONIST": 1}, "limba_moderna": {"LIMBA ENGLEZA": 226, "LIMBA FRANCEZA": 6}, "limba_materna": {"LIMBA ROMANA": 232}, "promotie_anterioara": {"DA": 29, "NU": 203}, "materii": {"LIMBA ROMANA": {"medie": 6.397963800904981, "reusita": 84.48275862068965, "cnt": 232}, "MATEMATICA ST-NAT": {"medie": 5.64423076923077, "reusita": 65.38461538461539, "cnt": 26}, "ANATOMIE SI FIZIOLOGIE UMANA, GENETICA SI ECOLOGIE UMANA": {"medie": 6.971249999999998, "reusita": 90.0, "cnt": 40}, "GENERAL": {"medie": 6.08894308943089, "reusita": 47.8448275862069, "cnt": 232}, "MATEMATICA MATE-INFO": {"medie": 5.914285714285715, "reusita": 81.3953488372093, "cnt": 43}, "BIOLOGIE VEGETALA SI ANIMALA": {"medie": 3.8964285714285705, "reusita": 27.173913043478258, "cnt": 92}, "ISTORIE": {"medie": 6.844262295081968, "reusita": 95.08196721311475, "cnt": 61}, "GEOGRAFIE": {"medie": 8.208823529411763, "reusita": 94.11764705882352, "cnt": 17}, "MATEMATICA TEHN": {"medie": 4.66206896551724, "reusita": 47.05882352941176, "cnt": 102}, "FIZICA TEH": {"medie": 6.036363636363637, "reusita": 72.72727272727273, "cnt": 11}, "LOGICA, ARGUMENTARE SI COMUNICARE": {"medie": 7.8102272727272695, "reusita": 93.18181818181817, "cnt": 44}, "INFORMATICA MI C/C++": {"medie": 5.844000000000001, "reusita": 84.0, "cnt": 25}, "CHIMIE ANORGANICA TEO NIVEL I/II": {"medie": 9.016666666666667, "reusita": 100.0, "cnt": 3}}, "nume": "COLEGIUL TEHNIC \"GHEORGHE ASACHI\" BOTOSANI\tBoto\u0219ani"}