{"specializari": {"STIINTE SOCIALE": 63, "TEOLOGIE ORTODOXA": 15, "MATEMATICA-INFORMATICA": 51, "FILOLOGIE": 27}, "limba_moderna": {"LIMBA ENGLEZA": 136, "LIMBA FRANCEZA": 20}, "limba_materna": {"LIMBA ROMANA": 156}, "promotie_anterioara": {"DA": 11, "NU": 145}, "materii": {"LIMBA ROMANA": {"medie": 6.974509803921568, "reusita": 87.17948717948718, "cnt": 156}, "ANATOMIE SI FIZIOLOGIE UMANA, GENETICA SI ECOLOGIE UMANA": {"medie": 9.5, "reusita": 100.0, "cnt": 1}, "GENERAL": {"medie": 7.384100877192985, "reusita": 75.0, "cnt": 156}, "MATEMATICA MATE-INFO": {"medie": 7.511764705882351, "reusita": 90.19607843137256, "cnt": 51}, "BIOLOGIE VEGETALA SI ANIMALA": {"medie": 7.641666666666667, "reusita": 100.0, "cnt": 12}, "ISTORIE": {"medie": 6.728431372549021, "reusita": 91.42857142857143, "cnt": 105}, "GEOGRAFIE": {"medie": 7.679411764705884, "reusita": 91.66666666666666, "cnt": 36}, "LOGICA, ARGUMENTARE SI COMUNICARE": {"medie": 8.248529411764709, "reusita": 89.85507246376811, "cnt": 69}, "FIZICA TEO": {"medie": 8.69090909090909, "reusita": 90.9090909090909, "cnt": 22}, "CHIMIE ORGANICA TEO NIVEL I/II": {"medie": 8.309999999999999, "reusita": 93.33333333333333, "cnt": 15}, "INFORMATICA MI C/C++": {"medie": 9.25, "reusita": 100.0, "cnt": 1}}, "nume": "COLEGIUL NATIONAL \"UNIREA\" TURNU MAGURELE\tTeleorman"}