{"specializari": {"STIINTE ALE NATURII": 33, "MATEMATICA-INFORMATICA": 125, "STIINTE SOCIALE": 27, "FILOLOGIE": 34}, "limba_moderna": {"LIMBA ENGLEZA": 187, "LIMBA FRANCEZA": 32}, "limba_materna": {"LIMBA ROMANA": 219}, "promotie_anterioara": {"NU": 219}, "materii": {"LIMBA ROMANA": {"medie": 9.203196347031959, "reusita": 100.0, "cnt": 219}, "MATEMATICA ST-NAT": {"medie": 8.584848484848486, "reusita": 100.0, "cnt": 33}, "ANATOMIE SI FIZIOLOGIE UMANA, GENETICA SI ECOLOGIE UMANA": {"medie": 9.008823529411766, "reusita": 100.0, "cnt": 17}, "GENERAL": {"medie": 9.15152207001522, "reusita": 99.54337899543378, "cnt": 219}, "MATEMATICA MATE-INFO": {"medie": 9.107600000000001, "reusita": 99.2, "cnt": 125}, "ISTORIE": {"medie": 9.352459016393443, "reusita": 100.0, "cnt": 61}, "GEOGRAFIE": {"medie": 9.713636363636363, "reusita": 100.0, "cnt": 11}, "LOGICA, ARGUMENTARE SI COMUNICARE": {"medie": 9.455714285714286, "reusita": 100.0, "cnt": 35}, "PSIHOLOGIE": {"medie": 9.4375, "reusita": 100.0, "cnt": 4}, "FIZICA TEO": {"medie": 8.966666666666669, "reusita": 100.0, "cnt": 63}, "CHIMIE ORGANICA TEO NIVEL I/II": {"medie": 9.330882352941178, "reusita": 100.0, "cnt": 34}, "INFORMATICA MI C/C++": {"medie": 9.247674418604651, "reusita": 100.0, "cnt": 43}, "ECONOMIE": {"medie": 7.968181818181819, "reusita": 100.0, "cnt": 11}, "INFORMATICA SN C/C++": {"medie": 8.65, "reusita": 100.0, "cnt": 1}}, "nume": "COLEGIUL NATIONAL \"VASILE ALECSANDRI\", LOCALITATEA GALATI\tGala\u021bi"}