{"specializari": {"TEHNICIAN IN TURISM": 18, "TEHNICIAN DESIGNER VESTIMENTAR": 9, "TEHNICIAN OPERATOR TEHNICA DE CALCUL": 27, "TEHNICIAN IN INSTALATII ELECTRICE": 6, "TEHNICIAN TRANSPORTURI": 9, "TEHNICIAN ECOLOG SI PROTECTIA CALITATII MEDIULUI": 13, "TEHNICIAN MECANIC PENTRU INTRETINERE SI REPARATII": 1, "TEHNICIAN IN ACTIVITATI ECONOMICE": 16}, "limba_moderna": {"LIMBA FRANCEZA": 1, "LIMBA ENGLEZA": 98}, "limba_materna": {"LIMBA ROMANA": 99}, "promotie_anterioara": {"DA": 22, "NU": 77}, "materii": {"LIMBA ROMANA": {"medie": 6.313440860215054, "reusita": 83.83838383838383, "cnt": 99}, "ANATOMIE SI FIZIOLOGIE UMANA, GENETICA SI ECOLOGIE UMANA": {"medie": 6.545833333333333, "reusita": 91.66666666666666, "cnt": 12}, "GENERAL": {"medie": 6.181159420289857, "reusita": 52.52525252525253, "cnt": 99}, "BIOLOGIE VEGETALA SI ANIMALA": {"medie": 5.411764705882353, "reusita": 64.86486486486487, "cnt": 37}, "GEOGRAFIE": {"medie": 7.762500000000002, "reusita": 93.33333333333333, "cnt": 30}, "MATEMATICA TEHN": {"medie": 5.633684210526315, "reusita": 71.71717171717171, "cnt": 99}, "FIZICA TEH": {"medie": 6.223076923076923, "reusita": 64.28571428571429, "cnt": 14}, "LOGICA, ARGUMENTARE SI COMUNICARE": {"medie": 8.3375, "reusita": 100.0, "cnt": 4}, "CHIMIE ANORGANICA TEH NIVEL I/II": {"medie": 7.75, "reusita": 100.0, "cnt": 1}, "CHIMIE ORGANICA TEH NIVEL I/II": {"medie": 9.6, "reusita": 100.0, "cnt": 1}}, "nume": "COLEGIUL TEHNIC \"GRIGORE COBALCESCU\" MOINESTI\tBac\u0103u"}