{"specializari": {"MATEMATICA-INFORMATICA": 114, "STIINTE ALE NATURII": 31, "STIINTE SOCIALE": 34, "FILOLOGIE": 34}, "limba_moderna": {"LIMBA ENGLEZA": 160, "LIMBA FRANCEZA": 48, "LIMBA GERMANA MODERNA": 5}, "limba_materna": {"LIMBA ROMANA": 213}, "promotie_anterioara": {"DA": 2, "NU": 211}, "materii": {"LIMBA ROMANA": {"medie": 8.029577464788732, "reusita": 100.0, "cnt": 213}, "MATEMATICA ST-NAT": {"medie": 7.962903225806452, "reusita": 96.7741935483871, "cnt": 31}, "ANATOMIE SI FIZIOLOGIE UMANA, GENETICA SI ECOLOGIE UMANA": {"medie": 8.085714285714285, "reusita": 100.0, "cnt": 7}, "GENERAL": {"medie": 8.221752738654143, "reusita": 97.65258215962442, "cnt": 213}, "MATEMATICA MATE-INFO": {"medie": 8.320175438596488, "reusita": 98.24561403508771, "cnt": 114}, "BIOLOGIE VEGETALA SI ANIMALA": {"medie": 8.656, "reusita": 100.0, "cnt": 25}, "ISTORIE": {"medie": 7.5397058823529415, "reusita": 100.0, "cnt": 68}, "GEOGRAFIE": {"medie": 9.019565217391303, "reusita": 100.0, "cnt": 46}, "SOCIOLOGIE": {"medie": 9.485, "reusita": 100.0, "cnt": 10}, "LOGICA, ARGUMENTARE SI COMUNICARE": {"medie": 8.8, "reusita": 100.0, "cnt": 1}, "PSIHOLOGIE": {"medie": 9.2625, "reusita": 100.0, "cnt": 4}, "FIZICA TEO": {"medie": 8.204285714285714, "reusita": 100.0, "cnt": 70}, "CHIMIE ORGANICA TEO NIVEL I/II": {"medie": 8.744827586206897, "reusita": 100.0, "cnt": 29}, "INFORMATICA MI C/C++": {"medie": 8.478571428571428, "reusita": 100.0, "cnt": 14}, "ECONOMIE": {"medie": 8.592857142857143, "reusita": 100.0, "cnt": 7}}, "nume": "COLEGIUL NATIONAL \"VLAICU VODA\" CURTEA DE ARGES\tArge\u0219"}