{"specializari": {"TEHNICIAN IN ACTIVITATI DE COMERT": 1, "TEHNICIAN ELECTROMECANIC": 2, "TEHNICIAN MECANIC PENTRU INTRETINERE SI REPARATII": 2, "TEHNICIAN IN ACTIVITATI ECONOMICE": 24, "MATEMATICA-INFORMATICA": 1, "STIINTE ALE NATURII": 26, "FILOLOGIE": 18, "STIINTE SOCIALE": 21, "TEHNICIAN IN INSTALATII ELECTRICE": 1}, "limba_moderna": {"LIMBA ENGLEZA": 95, "LIMBA ITALIANA": 1}, "limba_materna": {"LIMBA ROMANA": 96}, "promotie_anterioara": {"DA": 9, "NU": 87}, "materii": {"LIMBA ROMANA": {"medie": 6.705172413793104, "reusita": 86.45833333333334, "cnt": 96}, "MATEMATICA ST-NAT": {"medie": 5.738461538461538, "reusita": 65.38461538461539, "cnt": 26}, "ANATOMIE SI FIZIOLOGIE UMANA, GENETICA SI ECOLOGIE UMANA": {"medie": 6.919047619047619, "reusita": 86.36363636363636, "cnt": 22}, "GENERAL": {"medie": 6.804365079365081, "reusita": 58.333333333333336, "cnt": 96}, "MATEMATICA MATE-INFO": {"medie": "-", "reusita": 0.0, "cnt": 1}, "BIOLOGIE VEGETALA SI ANIMALA": {"medie": 6.483333333333333, "reusita": 60.0, "cnt": 5}, "ISTORIE": {"medie": 6.997142857142856, "reusita": 89.74358974358975, "cnt": 39}, "GEOGRAFIE": {"medie": 7.45294117647059, "reusita": 89.47368421052632, "cnt": 38}, "MATEMATICA TEHN": {"medie": 5.615384615384614, "reusita": 66.66666666666666, "cnt": 30}, "LOGICA, ARGUMENTARE SI COMUNICARE": {"medie": 7.781818181818182, "reusita": 80.76923076923077, "cnt": 26}, "CHIMIE ORGANICA TEO NIVEL I/II": {"medie": 6.95, "reusita": 100.0, "cnt": 1}, "CHIMIE ANORGANICA TEO NIVEL I/II": {"medie": 6.5875, "reusita": 75.0, "cnt": 4}}, "nume": "COLEGIUL TEHNIC \"CONSTANTIN BRANCUSI\" PETRILA\tHunedoara"}