{"specializari": {"MATEMATICA-INFORMATICA": 109}, "limba_moderna": {"LIMBA ENGLEZA": 109}, "limba_materna": {"LIMBA ROMANA": 109}, "promotie_anterioara": {"NU": 109}, "materii": {"LIMBA ROMANA": {"medie": 8.077064220183484, "reusita": 100.0, "cnt": 109}, "GENERAL": {"medie": 8.319418960244645, "reusita": 99.08256880733946, "cnt": 109}, "MATEMATICA MATE-INFO": {"medie": 8.689908256880734, "reusita": 100.0, "cnt": 109}, "BIOLOGIE VEGETALA SI ANIMALA": {"medie": 7.908928571428572, "reusita": 100.0, "cnt": 28}, "FIZICA TEO": {"medie": 8.273972602739729, "reusita": 100.0, "cnt": 73}, "CHIMIE ORGANICA TEO NIVEL I/II": {"medie": 8.549999999999999, "reusita": 100.0, "cnt": 3}, "INFORMATICA MI C/C++": {"medie": 8.35, "reusita": 100.0, "cnt": 5}}, "nume": "COLEGIUL NATIONAL MILITAR \"STEFAN CEL MARE\" CAMPULUNG MOLDOVENESC\tSuceava"}