{"specializari": {"STIINTE ALE NATURII": 74, "MATEMATICA-INFORMATICA": 58, "FILOLOGIE": 51, "STIINTE SOCIALE": 30}, "limba_moderna": {"LIMBA ENGLEZA": 194, "LIMBA GERMANA MODERNA": 4, "LIMBA FRANCEZA": 15}, "limba_materna": {"LIMBA ROMANA": 191, "LIMBA GERMANA": 22}, "promotie_anterioara": {"DA": 1, "NU": 212}, "materii": {"LIMBA ROMANA": {"medie": 8.765258215962442, "reusita": 100.0, "cnt": 213}, "MATEMATICA ST-NAT": {"medie": 8.224324324324323, "reusita": 98.64864864864865, "cnt": 74}, "ANATOMIE SI FIZIOLOGIE UMANA, GENETICA SI ECOLOGIE UMANA": {"medie": 8.919285714285714, "reusita": 100.0, "cnt": 70}, "GENERAL": {"medie": 8.684428794992177, "reusita": 98.12206572769952, "cnt": 213}, "MATEMATICA MATE-INFO": {"medie": 8.553448275862069, "reusita": 98.27586206896551, "cnt": 58}, "ISTORIE": {"medie": 8.439506172839504, "reusita": 98.76543209876543, "cnt": 81}, "GEOGRAFIE": {"medie": 8.510937499999999, "reusita": 100.0, "cnt": 32}, "SOCIOLOGIE": {"medie": 8.766666666666666, "reusita": 100.0, "cnt": 3}, "LOGICA, ARGUMENTARE SI COMUNICARE": {"medie": 9.305263157894737, "reusita": 100.0, "cnt": 38}, "PSIHOLOGIE": {"medie": 8.478571428571428, "reusita": 100.0, "cnt": 7}, "FILOSOFIE": {"medie": 8.1, "reusita": 100.0, "cnt": 1}, "FIZICA TEO": {"medie": 10.0, "reusita": 100.0, "cnt": 1}, "CHIMIE ORGANICA TEO NIVEL I/II": {"medie": 9.020000000000001, "reusita": 100.0, "cnt": 15}, "INFORMATICA MI C/C++": {"medie": 8.928205128205125, "reusita": 100.0, "cnt": 39}, "CHIMIE ANORGANICA TEO NIVEL I/II": {"medie": 10.0, "reusita": 100.0, "cnt": 1}, "LIMBA GERMANA": {"medie": 8.047727272727272, "reusita": 100.0, "cnt": 22}, "INFORMATICA SN C/C++": {"medie": 8.149999999999999, "reusita": 100.0, "cnt": 6}}, "nume": "COLEGIUL NATIONAL \"LIVIU REBREANU\" BISTRITA\tBistri\u021ba-N\u0103s\u0103ud"}