{"specializari": {"INVATATOR - EDUCATOARE": 27, "FILOLOGIE": 65, "MATEMATICA-INFORMATICA": 49, "STIINTE ALE NATURII": 28}, "limba_moderna": {"LIMBA ENGLEZA": 154, "LIMBA FRANCEZA": 12, "LIMBA GERMANA MODERNA": 3}, "limba_materna": {"LIMBA ROMANA": 169}, "promotie_anterioara": {"DA": 5, "NU": 164}, "materii": {"LIMBA ROMANA": {"medie": 8.418639053254438, "reusita": 99.40828402366864, "cnt": 169}, "MATEMATICA ST-NAT": {"medie": 7.430357142857142, "reusita": 89.28571428571429, "cnt": 28}, "ANATOMIE SI FIZIOLOGIE UMANA, GENETICA SI ECOLOGIE UMANA": {"medie": 9.077868852459018, "reusita": 98.38709677419355, "cnt": 62}, "GENERAL": {"medie": 8.27964071856287, "reusita": 92.3076923076923, "cnt": 169}, "MATEMATICA MATE-INFO": {"medie": 7.7653061224489806, "reusita": 95.91836734693877, "cnt": 49}, "ISTORIE": {"medie": 7.9109375, "reusita": 98.46153846153847, "cnt": 65}, "GEOGRAFIE": {"medie": 8.389634146341464, "reusita": 97.5609756097561, "cnt": 82}, "MATEMATICA PED": {"medie": 7.738888888888891, "reusita": 96.29629629629629, "cnt": 27}, "LOGICA, ARGUMENTARE SI COMUNICARE": {"medie": 8.79, "reusita": 100.0, "cnt": 5}, "PSIHOLOGIE": {"medie": 7.12, "reusita": 100.0, "cnt": 5}, "FIZICA TEO": {"medie": 7.15, "reusita": 100.0, "cnt": 1}, "CHIMIE ORGANICA TEO NIVEL I/II": {"medie": 8.059999999999999, "reusita": 100.0, "cnt": 5}, "INFORMATICA MI C/C++": {"medie": 8.857142857142856, "reusita": 100.0, "cnt": 7}, "CHIMIE ANORGANICA TEO NIVEL I/II": {"medie": 7.825, "reusita": 100.0, "cnt": 2}}, "nume": "COLEGIUL NATIONAL \"GEORGE COSBUC\" NASAUD\tBistri\u021ba-N\u0103s\u0103ud"}