{"specializari": {"STIINTE ALE NATURII": 55, "MATEMATICA-INFORMATICA": 34, "FILOLOGIE": 68}, "limba_moderna": {"LIMBA ENGLEZA": 107, "LIMBA FRANCEZA": 50}, "limba_materna": {"LIMBA ROMANA": 157}, "promotie_anterioara": {"DA": 8, "NU": 149}, "materii": {"LIMBA ROMANA": {"medie": 7.409677419354833, "reusita": 93.63057324840764, "cnt": 157}, "MATEMATICA ST-NAT": {"medie": 6.8415094339622655, "reusita": 87.27272727272727, "cnt": 55}, "ANATOMIE SI FIZIOLOGIE UMANA, GENETICA SI ECOLOGIE UMANA": {"medie": 8.648245614035089, "reusita": 94.91525423728814, "cnt": 59}, "GENERAL": {"medie": 7.726236559139784, "reusita": 88.53503184713377, "cnt": 157}, "MATEMATICA MATE-INFO": {"medie": 7.80735294117647, "reusita": 94.11764705882352, "cnt": 34}, "BIOLOGIE VEGETALA SI ANIMALA": {"medie": 6.05, "reusita": 100.0, "cnt": 1}, "ISTORIE": {"medie": 7.55735294117647, "reusita": 100.0, "cnt": 68}, "GEOGRAFIE": {"medie": 8.2875, "reusita": 96.875, "cnt": 64}, "SOCIOLOGIE": {"medie": 8.6, "reusita": 100.0, "cnt": 1}, "PSIHOLOGIE": {"medie": 7.383333333333333, "reusita": 100.0, "cnt": 3}, "FIZICA TEO": {"medie": 3.45, "reusita": 0.0, "cnt": 1}, "CHIMIE ORGANICA TEO NIVEL I/II": {"medie": 7.7, "reusita": 100.0, "cnt": 1}, "INFORMATICA MI C/C++": {"medie": 8.563461538461537, "reusita": 100.0, "cnt": 26}, "CHIMIE ANORGANICA TEO NIVEL I/II": {"medie": 8.3, "reusita": 100.0, "cnt": 1}}, "nume": "COLEGIUL NATIONAL \"AVRAM IANCU\" CAMPENI\tAlba"}