{"specializari": {"MATEMATICA-INFORMATICA": 88, "STIINTE ALE NATURII": 31, "FILOLOGIE": 25}, "limba_moderna": {"LIMBA ENGLEZA": 142, "LIMBA GERMANA MODERNA": 1, "LIMBA RUSA": 1}, "limba_materna": {"LIMBA ROMANA": 144}, "promotie_anterioara": {"NU": 144}, "materii": {"LIMBA ROMANA": {"medie": 9.153472222222224, "reusita": 100.0, "cnt": 144}, "MATEMATICA ST-NAT": {"medie": 9.054838709677421, "reusita": 100.0, "cnt": 31}, "ANATOMIE SI FIZIOLOGIE UMANA, GENETICA SI ECOLOGIE UMANA": {"medie": 9.371000000000002, "reusita": 100.0, "cnt": 50}, "GENERAL": {"medie": 9.124305555555557, "reusita": 99.30555555555556, "cnt": 144}, "MATEMATICA MATE-INFO": {"medie": 8.972159090909091, "reusita": 98.86363636363636, "cnt": 88}, "BIOLOGIE VEGETALA SI ANIMALA": {"medie": 9.416666666666666, "reusita": 100.0, "cnt": 3}, "ISTORIE": {"medie": 9.341999999999999, "reusita": 100.0, "cnt": 25}, "GEOGRAFIE": {"medie": 9.487499999999999, "reusita": 100.0, "cnt": 12}, "LOGICA, ARGUMENTARE SI COMUNICARE": {"medie": 9.608333333333333, "reusita": 100.0, "cnt": 12}, "FIZICA TEO": {"medie": 8.639473684210527, "reusita": 100.0, "cnt": 19}, "CHIMIE ORGANICA TEO NIVEL I/II": {"medie": 9.3875, "reusita": 100.0, "cnt": 12}, "INFORMATICA MI C/C++": {"medie": 8.866129032258064, "reusita": 100.0, "cnt": 31}, "ECONOMIE": {"medie": 9.5, "reusita": 100.0, "cnt": 1}, "INFORMATICA SN C/C++": {"medie": 8.175, "reusita": 100.0, "cnt": 4}}, "nume": "COLEGIUL NATIONAL \"COSTACHE NEGRUZZI\", IASI\tIa\u0219i"}