{"specializari": {"TEHNICIAN MECATRONIST": 12, "TEHNICIAN IN INSTALATII ELECTRICE": 1, "TEHNICIAN TRANSPORTURI": 8, "TEHNICIAN ELECTRICIAN/ELECTRONIST AUTO": 13, "TEHNICIAN ELECTROTEHNIST": 1, "MATEMATICA-INFORMATICA": 1}, "limba_moderna": {"LIMBA ENGLEZA": 32, "LIMBA FRANCEZA": 4}, "limba_materna": {"LIMBA ROMANA": 36}, "promotie_anterioara": {"DA": 16, "NU": 20}, "materii": {"LIMBA ROMANA": {"medie": 4.4625, "reusita": 47.22222222222222, "cnt": 36}, "GENERAL": {"medie": 3.8215277777777783, "reusita": 2.7777777777777777, "cnt": 36}, "MATEMATICA MATE-INFO": {"medie": 7.0, "reusita": 100.0, "cnt": 1}, "BIOLOGIE VEGETALA SI ANIMALA": {"medie": 4.057142857142857, "reusita": 22.58064516129032, "cnt": 31}, "MATEMATICA TEHN": {"medie": 3.5000000000000004, "reusita": 28.57142857142857, "cnt": 35}, "FIZICA TEH": {"medie": 4.109999999999999, "reusita": 40.0, "cnt": 5}}, "nume": "COLEGIUL TEHNIC DE TRANSPORTURI, MUNICIPIUL PIATRA-NEAMT\tNeam\u021b"}