{"specializari": {"FILOLOGIE": 23, "STIINTE SOCIALE": 35, "MATEMATICA-INFORMATICA": 27}, "limba_moderna": {"LIMBA ENGLEZA": 85}, "limba_materna": {"LIMBA ROMANA": 80, "LIMBA GERMANA": 5}, "promotie_anterioara": {"DA": 12, "NU": 73}, "materii": {"LIMBA ROMANA": {"medie": 6.573809523809524, "reusita": 94.11764705882352, "cnt": 85}, "ANATOMIE SI FIZIOLOGIE UMANA, GENETICA SI ECOLOGIE UMANA": {"medie": 6.2, "reusita": 50.0, "cnt": 2}, "GENERAL": {"medie": 6.896697154471548, "reusita": 76.47058823529412, "cnt": 85}, "MATEMATICA MATE-INFO": {"medie": 5.209615384615385, "reusita": 66.66666666666666, "cnt": 27}, "BIOLOGIE VEGETALA SI ANIMALA": {"medie": 6.439285714285715, "reusita": 81.25, "cnt": 16}, "ISTORIE": {"medie": 7.090350877192984, "reusita": 98.27586206896551, "cnt": 58}, "GEOGRAFIE": {"medie": 8.15535714285714, "reusita": 98.24561403508771, "cnt": 57}, "LOGICA, ARGUMENTARE SI COMUNICARE": {"medie": 8.95, "reusita": 100.0, "cnt": 1}, "FIZICA TEO": {"medie": 5.533333333333334, "reusita": 66.66666666666666, "cnt": 3}, "CHIMIE ORGANICA TEO NIVEL I/II": {"medie": 9.2, "reusita": 100.0, "cnt": 1}, "INFORMATICA MI C/C++": {"medie": 6.975, "reusita": 100.0, "cnt": 4}, "CHIMIE ANORGANICA TEO NIVEL I/II": {"medie": 3.7, "reusita": 0.0, "cnt": 1}, "LIMBA GERMANA": {"medie": 7.659999999999999, "reusita": 100.0, "cnt": 5}}, "nume": "COLEGIUL NATIONAL \"DOAMNA STANCA\" FAGARAS\tBra\u0219ov"}