{"specializari": {"TEHNICIAN AVIATIE": 15, "TEHNICIAN MECANIC PENTRU INTRETINERE SI REPARATII": 2, "TEHNICIAN PROIECTANT CAD": 6, "TEHNICIAN INSTALATII DE BORD (AVION)": 14, "TEHNICIAN IN INSTALATII ELECTRICE": 8, "MATEMATICA-INFORMATICA": 18, "TEHNICIAN MECATRONIST": 2, "TEHNICIAN PRELUCRARI MECANICE": 1, "FILOLOGIE": 23}, "limba_moderna": {"LIMBA ENGLEZA": 76, "LIMBA FRANCEZA": 13}, "limba_materna": {"LIMBA ROMANA": 89}, "promotie_anterioara": {"DA": 39, "NU": 50}, "materii": {"LIMBA ROMANA": {"medie": 5.8916666666666675, "reusita": 78.65168539325843, "cnt": 89}, "ANATOMIE SI FIZIOLOGIE UMANA, GENETICA SI ECOLOGIE UMANA": {"medie": 6.7, "reusita": 100.0, "cnt": 1}, "GENERAL": {"medie": 5.6872807017543865, "reusita": 33.70786516853933, "cnt": 89}, "MATEMATICA MATE-INFO": {"medie": 5.427777777777779, "reusita": 77.77777777777779, "cnt": 18}, "BIOLOGIE VEGETALA SI ANIMALA": {"medie": 4.286585365853658, "reusita": 38.0, "cnt": 50}, "ISTORIE": {"medie": 6.789130434782607, "reusita": 100.0, "cnt": 23}, "GEOGRAFIE": {"medie": 7.856666666666666, "reusita": 93.33333333333333, "cnt": 15}, "MATEMATICA TEHN": {"medie": 4.6, "reusita": 50.0, "cnt": 48}, "FIZICA TEH": {"medie": 5.800000000000001, "reusita": 50.0, "cnt": 4}, "LOGICA, ARGUMENTARE SI COMUNICARE": {"medie": 6.449999999999999, "reusita": 75.0, "cnt": 4}, "PSIHOLOGIE": {"medie": 5.4, "reusita": 50.0, "cnt": 4}, "INFORMATICA MI C/C++": {"medie": 6.8, "reusita": 100.0, "cnt": 11}}, "nume": "COLEGIUL TEHNIC DE AERONAUTICA \"HENRI COANDA\"\tBucure\u0219ti"}