{"specializari": {"TEHNICIAN IN GASTRONOMIE": 19, "TEHNICIAN IN ACTIVITATI ECONOMICE": 73, "TEHNICIAN IN TURISM": 1, "TEHNICIAN IN ACTIVITATI DE COMERT": 26, "ORGANIZATOR BANQUETING": 22, "TEHNICIAN IN ACHIZITII SI CONTRACTARI": 23}, "limba_moderna": {"LIMBA ENGLEZA": 148, "LIMBA GERMANA MODERNA": 6, "LIMBA FRANCEZA": 10}, "limba_materna": {"LIMBA ROMANA": 142, "LIMBA MAGHIARA": 22}, "promotie_anterioara": {"DA": 27, "NU": 137}, "materii": {"LIMBA ROMANA": {"medie": 5.688311688311691, "reusita": 76.82926829268293, "cnt": 164}, "GENERAL": {"medie": 5.72061403508772, "reusita": 38.41463414634146, "cnt": 164}, "GEOGRAFIE": {"medie": 6.349333333333335, "reusita": 80.37974683544303, "cnt": 158}, "MATEMATICA TEHN": {"medie": 4.97142857142857, "reusita": 60.36585365853659, "cnt": 164}, "LOGICA, ARGUMENTARE SI COMUNICARE": {"medie": 5.800000000000001, "reusita": 50.0, "cnt": 2}, "PSIHOLOGIE": {"medie": 7.0, "reusita": 100.0, "cnt": 1}, "LIMBA MAGHIARA (REAL)": {"medie": 6.45, "reusita": 86.36363636363636, "cnt": 22}, "ECONOMIE": {"medie": 4.433333333333334, "reusita": 66.66666666666666, "cnt": 3}}, "nume": "COLEGIUL ECONOMIC \"GHEORGHE DRAGOS\" SATU MARE\tSatu-Mare"}