{"specializari": {"TEHNICIAN IN ACTIVITATI DE COMERT": 30, "TEHNICIAN IN GASTRONOMIE": 27, "TEHNICIAN IN ACTIVITATI ECONOMICE": 59, "TEHNICIAN IN TURISM": 17, "TEHNICIAN IN ADMINISTRATIE": 1, "MATEMATICA-INFORMATICA": 1}, "limba_moderna": {"LIMBA ENGLEZA": 130, "LIMBA FRANCEZA": 1, "LIMBA RUSA": 4}, "limba_materna": {"LIMBA ROMANA": 135}, "promotie_anterioara": {"DA": 28, "NU": 107}, "materii": {"LIMBA ROMANA": {"medie": 6.375, "reusita": 82.96296296296296, "cnt": 135}, "ANATOMIE SI FIZIOLOGIE UMANA, GENETICA SI ECOLOGIE UMANA": {"medie": 4.3, "reusita": 0.0, "cnt": 1}, "GENERAL": {"medie": 6.347478991596641, "reusita": 49.629629629629626, "cnt": 135}, "MATEMATICA MATE-INFO": {"medie": 1.1, "reusita": 0.0, "cnt": 1}, "GEOGRAFIE": {"medie": 7.346759259259259, "reusita": 87.17948717948718, "cnt": 117}, "MATEMATICA TEHN": {"medie": 5.509836065573771, "reusita": 70.8955223880597, "cnt": 134}, "ECONOMIE": {"medie": 5.771428571428572, "reusita": 64.70588235294117, "cnt": 17}}, "nume": "COLEGIUL ECONOMIC \"ION GHICA\"\tBr\u0103ila"}