{"specializari": {"FILOLOGIE": 30, "STIINTE ALE NATURII": 27, "MATEMATICA-INFORMATICA": 53}, "limba_moderna": {"LIMBA ENGLEZA": 106, "LIMBA GERMANA MODERNA": 3, "LIMBA FRANCEZA": 1}, "limba_materna": {"LIMBA ROMANA": 110}, "promotie_anterioara": {"DA": 3, "NU": 107}, "materii": {"LIMBA ROMANA": {"medie": 8.417889908256878, "reusita": 98.18181818181819, "cnt": 110}, "MATEMATICA ST-NAT": {"medie": 8.16851851851852, "reusita": 100.0, "cnt": 27}, "ANATOMIE SI FIZIOLOGIE UMANA, GENETICA SI ECOLOGIE UMANA": {"medie": 9.43846153846154, "reusita": 100.0, "cnt": 13}, "GENERAL": {"medie": 8.672741433021805, "reusita": 95.45454545454545, "cnt": 110}, "MATEMATICA MATE-INFO": {"medie": 9.210377358490566, "reusita": 100.0, "cnt": 53}, "BIOLOGIE VEGETALA SI ANIMALA": {"medie": 9.049999999999999, "reusita": 95.65217391304348, "cnt": 23}, "ISTORIE": {"medie": 8.213333333333333, "reusita": 100.0, "cnt": 30}, "GEOGRAFIE": {"medie": 8.123529411764705, "reusita": 94.44444444444444, "cnt": 18}, "SOCIOLOGIE": {"medie": 9.1, "reusita": 100.0, "cnt": 1}, "LOGICA, ARGUMENTARE SI COMUNICARE": {"medie": 9.072222222222223, "reusita": 100.0, "cnt": 9}, "PSIHOLOGIE": {"medie": 9.05, "reusita": 100.0, "cnt": 2}, "FIZICA TEO": {"medie": 7.45, "reusita": 80.0, "cnt": 5}, "CHIMIE ORGANICA TEO NIVEL I/II": {"medie": 9.325, "reusita": 100.0, "cnt": 2}, "INFORMATICA MI C/C++": {"medie": 8.694594594594594, "reusita": 100.0, "cnt": 37}}, "nume": "COLEGIUL NATIONAL \"TRAIAN LALESCU\" RESITA\tCara\u0219-Severin"}