{"specializari": {"TEHNICIAN IN ACTIVITATI ECONOMICE": 113, "TEHNICIAN IN ACTIVITATI DE COMERT": 18, "MATEMATICA-INFORMATICA": 46, "TEHNICIAN IN GASTRONOMIE": 30, "TEHNICIAN IN ADMINISTRATIE": 24, "TEHNICIAN IN TURISM": 54, "COAFOR STILIST": 16}, "limba_moderna": {"LIMBA ENGLEZA": 219, "LIMBA FRANCEZA": 82}, "limba_materna": {"LIMBA ROMANA": 301}, "promotie_anterioara": {"DA": 15, "NU": 286}, "materii": {"LIMBA ROMANA": {"medie": 7.1544982698961945, "reusita": 94.6843853820598, "cnt": 301}, "ANATOMIE SI FIZIOLOGIE UMANA, GENETICA SI ECOLOGIE UMANA": {"medie": 8.25625, "reusita": 88.88888888888889, "cnt": 18}, "GENERAL": {"medie": 7.199471830985918, "reusita": 74.75083056478405, "cnt": 301}, "MATEMATICA MATE-INFO": {"medie": 6.840697674418606, "reusita": 73.91304347826086, "cnt": 46}, "GEOGRAFIE": {"medie": 8.02572463768116, "reusita": 95.13888888888889, "cnt": 144}, "MATEMATICA TEHN": {"medie": 6.4236625514403265, "reusita": 83.13725490196079, "cnt": 255}, "LOGICA, ARGUMENTARE SI COMUNICARE": {"medie": 7.691666666666667, "reusita": 91.58878504672897, "cnt": 107}, "INFORMATICA MI C/C++": {"medie": 8.066666666666666, "reusita": 100.0, "cnt": 27}, "CHIMIE ANORGANICA TEO NIVEL I/II": {"medie": 5.0, "reusita": 100.0, "cnt": 1}, "ECONOMIE": {"medie": 7.874999999999999, "reusita": 100.0, "cnt": 4}}, "nume": "COLEGIUL ECONOMIC \"DIMITRIE CANTEMIR\" SUCEAVA\tSuceava"}