{"specializari": {"MATEMATICA-INFORMATICA": 117, "STIINTE ALE NATURII": 56, "FILOLOGIE": 65, "STIINTE SOCIALE": 67}, "limba_moderna": {"LIMBA ENGLEZA": 290, "LIMBA FRANCEZA": 14, "LIMBA GERMANA MODERNA": 1}, "limba_materna": {"LIMBA ROMANA": 305}, "promotie_anterioara": {"DA": 1, "NU": 304}, "materii": {"LIMBA ROMANA": {"medie": 8.529016393442623, "reusita": 100.0, "cnt": 305}, "MATEMATICA ST-NAT": {"medie": 9.216964285714287, "reusita": 100.0, "cnt": 56}, "ANATOMIE SI FIZIOLOGIE UMANA, GENETICA SI ECOLOGIE UMANA": {"medie": 9.520588235294115, "reusita": 100.0, "cnt": 34}, "GENERAL": {"medie": 8.780765027322403, "reusita": 99.01639344262296, "cnt": 305}, "MATEMATICA MATE-INFO": {"medie": 8.379487179487176, "reusita": 98.29059829059828, "cnt": 117}, "BIOLOGIE VEGETALA SI ANIMALA": {"medie": 9.372916666666667, "reusita": 100.0, "cnt": 24}, "ISTORIE": {"medie": 8.61969696969697, "reusita": 100.0, "cnt": 132}, "GEOGRAFIE": {"medie": 9.5475, "reusita": 100.0, "cnt": 20}, "SOCIOLOGIE": {"medie": 9.27340425531915, "reusita": 100.0, "cnt": 47}, "LOGICA, ARGUMENTARE SI COMUNICARE": {"medie": 9.276744186046514, "reusita": 100.0, "cnt": 43}, "PSIHOLOGIE": {"medie": 9.2, "reusita": 100.0, "cnt": 9}, "FIZICA TEO": {"medie": 8.830434782608698, "reusita": 100.0, "cnt": 69}, "CHIMIE ORGANICA TEO NIVEL I/II": {"medie": 9.354761904761904, "reusita": 100.0, "cnt": 21}, "INFORMATICA MI C/C++": {"medie": 8.627083333333333, "reusita": 95.83333333333334, "cnt": 24}, "CHIMIE ANORGANICA TEO NIVEL I/II": {"medie": 10.0, "reusita": 100.0, "cnt": 1}, "ECONOMIE": {"medie": 9.134615384615385, "reusita": 100.0, "cnt": 13}}, "nume": "COLEGIUL NATIONAL \"ZINCA GOLESCU\" PITESTI\tArge\u0219"}