{"specializari": {"TEHNICIAN ECOLOG SI PROTECTIA CALITATII MEDIULUI": 36, "TEHNICIAN ANALIZE PRODUSE ALIMENTARE": 21, "TEHNICIAN MECATRONIST": 12, "TEHNICIAN IN TURISM": 9, "TEHNICIAN IN AUTOMATIZARI": 12, "TEHNICIAN IN INDUSTRIA ALIMENTARA": 27}, "limba_moderna": {"LIMBA FRANCEZA": 3, "LIMBA ENGLEZA": 114}, "limba_materna": {"LIMBA ROMANA": 117}, "promotie_anterioara": {"DA": 37, "NU": 80}, "materii": {"LIMBA ROMANA": {"medie": 5.610784313725489, "reusita": 76.06837606837607, "cnt": 117}, "ANATOMIE SI FIZIOLOGIE UMANA, GENETICA SI ECOLOGIE UMANA": {"medie": 5.266666666666666, "reusita": 55.42168674698795, "cnt": 83}, "GENERAL": {"medie": 5.033333333333332, "reusita": 19.65811965811966, "cnt": 117}, "BIOLOGIE VEGETALA SI ANIMALA": {"medie": 4.286666666666666, "reusita": 41.17647058823529, "cnt": 17}, "GEOGRAFIE": {"medie": 7.821428571428572, "reusita": 77.77777777777779, "cnt": 9}, "MATEMATICA TEHN": {"medie": 4.101052631578947, "reusita": 39.31623931623932, "cnt": 117}, "FIZICA TEH": {"medie": 6.1000000000000005, "reusita": 85.71428571428571, "cnt": 7}, "CHIMIE ORGANICA TEH NIVEL I/II": {"medie": 7.95, "reusita": 100.0, "cnt": 1}}, "nume": "COLEGIUL TEHNIC DE INDUSTRIE ALIMENTARA SUCEAVA\tSuceava"}