{"specializari": {"MATEMATICA-INFORMATICA": 113, "STIINTE ALE NATURII": 53, "STIINTE SOCIALE": 30}, "limba_moderna": {"LIMBA ENGLEZA": 189, "LIMBA FRANCEZA": 7}, "limba_materna": {"LIMBA ROMANA": 196}, "promotie_anterioara": {"NU": 196}, "materii": {"LIMBA ROMANA": {"medie": 8.883163265306123, "reusita": 100.0, "cnt": 196}, "MATEMATICA ST-NAT": {"medie": 8.952830188679247, "reusita": 100.0, "cnt": 53}, "ANATOMIE SI FIZIOLOGIE UMANA, GENETICA SI ECOLOGIE UMANA": {"medie": 8.803676470588234, "reusita": 100.0, "cnt": 68}, "GENERAL": {"medie": 8.874234693877547, "reusita": 99.48979591836735, "cnt": 196}, "MATEMATICA MATE-INFO": {"medie": 8.759734513274335, "reusita": 99.11504424778761, "cnt": 113}, "ISTORIE": {"medie": 8.448333333333332, "reusita": 100.0, "cnt": 30}, "SOCIOLOGIE": {"medie": 9.150000000000002, "reusita": 100.0, "cnt": 7}, "LOGICA, ARGUMENTARE SI COMUNICARE": {"medie": 9.270588235294117, "reusita": 100.0, "cnt": 17}, "PSIHOLOGIE": {"medie": 9.183333333333332, "reusita": 100.0, "cnt": 3}, "FIZICA TEO": {"medie": 8.725000000000001, "reusita": 100.0, "cnt": 10}, "CHIMIE ORGANICA TEO NIVEL I/II": {"medie": 9.359722222222222, "reusita": 100.0, "cnt": 36}, "INFORMATICA MI C/C++": {"medie": 8.877000000000002, "reusita": 100.0, "cnt": 50}, "CHIMIE ANORGANICA TEO NIVEL I/II": {"medie": 8.15, "reusita": 100.0, "cnt": 1}, "ECONOMIE": {"medie": 8.5, "reusita": 100.0, "cnt": 3}, "INFORMATICA SN C/C++": {"medie": 9.6, "reusita": 100.0, "cnt": 1}}, "nume": "COLEGIUL NATIONAL \"EMANUIL GOJDU\" ORADEA\tBihor"}