{"specializari": {"MATEMATICA-INFORMATICA": 55, "FILOLOGIE": 53, "STIINTE SOCIALE": 30, "STIINTE ALE NATURII": 31}, "limba_moderna": {"LIMBA ENGLEZA": 150, "LIMBA FRANCEZA": 19}, "limba_materna": {"LIMBA ROMANA": 169}, "promotie_anterioara": {"DA": 7, "NU": 162}, "materii": {"LIMBA ROMANA": {"medie": 8.157142857142855, "reusita": 98.81656804733728, "cnt": 169}, "MATEMATICA ST-NAT": {"medie": 7.367741935483871, "reusita": 96.7741935483871, "cnt": 31}, "ANATOMIE SI FIZIOLOGIE UMANA, GENETICA SI ECOLOGIE UMANA": {"medie": 8.416666666666666, "reusita": 100.0, "cnt": 42}, "GENERAL": {"medie": 8.015674603174604, "reusita": 90.53254437869822, "cnt": 169}, "MATEMATICA MATE-INFO": {"medie": 7.525454545454545, "reusita": 85.45454545454545, "cnt": 55}, "ISTORIE": {"medie": 7.6783132530120515, "reusita": 100.0, "cnt": 83}, "GEOGRAFIE": {"medie": 8.16923076923077, "reusita": 94.87179487179486, "cnt": 39}, "SOCIOLOGIE": {"medie": 8.21470588235294, "reusita": 100.0, "cnt": 17}, "LOGICA, ARGUMENTARE SI COMUNICARE": {"medie": 8.459999999999999, "reusita": 93.33333333333333, "cnt": 15}, "PSIHOLOGIE": {"medie": 8.783333333333333, "reusita": 100.0, "cnt": 3}, "FILOSOFIE": {"medie": 7.9, "reusita": 100.0, "cnt": 7}, "FIZICA TEO": {"medie": 8.232692307692307, "reusita": 100.0, "cnt": 26}, "CHIMIE ORGANICA TEO NIVEL I/II": {"medie": 8.503333333333334, "reusita": 100.0, "cnt": 15}, "INFORMATICA MI C/C++": {"medie": 7.8999999999999995, "reusita": 100.0, "cnt": 3}, "ECONOMIE": {"medie": 8.149999999999999, "reusita": 100.0, "cnt": 2}}, "nume": "COLEGIUL NATIONAL \"ALEXANDRU VLAHUTA\" MUNICIPIUL RIMNICU SARAT\tBuz\u0103u"}