{"specializari": {"MATEMATICA-INFORMATICA": 66, "FILOLOGIE": 34, "STIINTE ALE NATURII": 100}, "limba_moderna": {"LIMBA FRANCEZA": 24, "LIMBA ENGLEZA": 174, "LIMBA GERMANA MODERNA": 2}, "limba_materna": {"LIMBA ROMANA": 200}, "promotie_anterioara": {"DA": 18, "NU": 182}, "materii": {"LIMBA ROMANA": {"medie": 7.464646464646467, "reusita": 98.5, "cnt": 200}, "MATEMATICA ST-NAT": {"medie": 6.2338541666666645, "reusita": 82.0, "cnt": 100}, "ANATOMIE SI FIZIOLOGIE UMANA, GENETICA SI ECOLOGIE UMANA": {"medie": 8.200000000000001, "reusita": 97.45762711864407, "cnt": 118}, "GENERAL": {"medie": 7.330121527777778, "reusita": 78.5, "cnt": 200}, "MATEMATICA MATE-INFO": {"medie": 5.75, "reusita": 74.24242424242425, "cnt": 66}, "ISTORIE": {"medie": 8.176470588235295, "reusita": 100.0, "cnt": 34}, "GEOGRAFIE": {"medie": 7.735714285714285, "reusita": 95.45454545454545, "cnt": 22}, "LOGICA, ARGUMENTARE SI COMUNICARE": {"medie": 7.714999999999999, "reusita": 100.0, "cnt": 10}, "FILOSOFIE": {"medie": 7.6, "reusita": 100.0, "cnt": 2}, "INFORMATICA MI C/C++": {"medie": 7.852083333333332, "reusita": 97.91666666666666, "cnt": 48}}, "nume": "COLEGIUL NATIONAL DE INFORMATICA \"SPIRU HARET\" SUCEAVA\tSuceava"}