{"specializari": {"FILOLOGIE": 63, "INVATATOR - EDUCATOARE": 64, "STIINTE SOCIALE": 38, "EDUCATOR-PUERICULTOR": 29}, "limba_moderna": {"LIMBA FRANCEZA": 53, "LIMBA ENGLEZA": 139, "LIMBA SPANIOLA": 2}, "limba_materna": {"LIMBA ROMANA": 194}, "promotie_anterioara": {"DA": 7, "NU": 187}, "materii": {"LIMBA ROMANA": {"medie": 7.901813471502586, "reusita": 98.4536082474227, "cnt": 194}, "GENERAL": {"medie": 8.279706390328151, "reusita": 97.42268041237114, "cnt": 194}, "ISTORIE": {"medie": 7.840769230769225, "reusita": 99.23076923076923, "cnt": 130}, "GEOGRAFIE": {"medie": 8.819078947368418, "reusita": 98.7012987012987, "cnt": 77}, "SOCIOLOGIE": {"medie": 8.523170731707317, "reusita": 100.0, "cnt": 41}, "MATEMATICA PED": {"medie": 8.421093749999997, "reusita": 98.4375, "cnt": 64}, "LOGICA, ARGUMENTARE SI COMUNICARE": {"medie": 9.200781249999997, "reusita": 100.0, "cnt": 64}, "PSIHOLOGIE": {"medie": 8.985714285714286, "reusita": 100.0, "cnt": 7}, "ECONOMIE": {"medie": 8.92, "reusita": 100.0, "cnt": 5}}, "nume": "COLEGIUL NATIONAL PEDAGOGIC \"SPIRU HARET\" MUNICIPIUL BUZAU\tBuz\u0103u"}