{"specializari": {"TEHNICIAN IN TURISM": 33, "TEHNICIAN IN ACTIVITATI DE COMERT": 27, "TEHNICIAN IN GASTRONOMIE": 28, "TEHNICIAN IN ACTIVITATI ECONOMICE": 84, "TEHNICIAN IN ADMINISTRATIE": 26, "TEHNICIAN ANALIZE PRODUSE ALIMENTARE": 22}, "limba_moderna": {"LIMBA FRANCEZA": 58, "LIMBA ENGLEZA": 162}, "limba_materna": {"LIMBA ROMANA": 220}, "promotie_anterioara": {"DA": 21, "NU": 199}, "materii": {"LIMBA ROMANA": {"medie": 7.079032258064515, "reusita": 94.0909090909091, "cnt": 220}, "ANATOMIE SI FIZIOLOGIE UMANA, GENETICA SI ECOLOGIE UMANA": {"medie": 6.275, "reusita": 63.63636363636363, "cnt": 22}, "GENERAL": {"medie": 6.825694444444443, "reusita": 66.81818181818183, "cnt": 220}, "GEOGRAFIE": {"medie": 7.782065217391305, "reusita": 96.21621621621622, "cnt": 185}, "MATEMATICA TEHN": {"medie": 5.753211009174312, "reusita": 75.9090909090909, "cnt": 220}, "PSIHOLOGIE": {"medie": 7.5, "reusita": 100.0, "cnt": 2}, "ECONOMIE": {"medie": 7.531818181818182, "reusita": 90.9090909090909, "cnt": 11}}, "nume": "COLEGIUL ECONOMIC, MUN. RM. VALCEA\tV\u00e2lcea"}