{"specializari": {"TEHNICIAN IN ACHIZITII SI CONTRACTARI": 2, "TEHNICIAN ANALIZE PRODUSE ALIMENTARE": 20, "TEHNICIAN IN ACTIVITATI ECONOMICE": 24, "TEHNICIAN ECOLOG SI PROTECTIA CALITATII MEDIULUI": 11, "TEHNICIAN IN AGRICULTURA ECOLOGICA": 18, "TEHNICIAN IN AGRICULTURA": 1, "ORGANIZATOR BANQUETING": 19}, "limba_moderna": {"LIMBA ENGLEZA": 82, "LIMBA FRANCEZA": 13}, "limba_materna": {"LIMBA ROMANA": 95}, "promotie_anterioara": {"DA": 12, "NU": 83}, "materii": {"LIMBA ROMANA": {"medie": 6.490123456790123, "reusita": 82.10526315789474, "cnt": 95}, "ANATOMIE SI FIZIOLOGIE UMANA, GENETICA SI ECOLOGIE UMANA": {"medie": 6.851282051282053, "reusita": 76.59574468085107, "cnt": 47}, "GENERAL": {"medie": 6.248222222222222, "reusita": 45.26315789473684, "cnt": 95}, "GEOGRAFIE": {"medie": 6.684285714285714, "reusita": 74.4186046511628, "cnt": 43}, "MATEMATICA TEHN": {"medie": 5.35909090909091, "reusita": 56.84210526315789, "cnt": 95}, "FIZICA TEH": {"medie": 9.175, "reusita": 100.0, "cnt": 2}, "LOGICA, ARGUMENTARE SI COMUNICARE": {"medie": "-", "reusita": 0.0, "cnt": 1}, "CHIMIE ANORGANICA TEH NIVEL I/II": {"medie": 6.15, "reusita": 100.0, "cnt": 1}, "PSIHOLOGIE": {"medie": 6.3, "reusita": 100.0, "cnt": 1}}, "nume": "COLEGIUL AGRICOL SI DE INDUSTRIE ALIMENTARA \"VASILE ADAMACHI\", IASI\tIa\u0219i"}