{"specializari": {"STIINTE ALE NATURII": 63, "TEHNICIAN TRANSPORTURI": 18, "TEHNICIAN IN AUTOMATIZARI": 24, "TEHNICIAN INSTALATOR PENTRU CONSTRUCTII": 1, "TEHNICIAN IN ACTIVITATI ECONOMICE": 46, "TEHNICIAN IN GASTRONOMIE": 11, "TEHNICIAN IN TURISM": 29, "TEHNICIAN DESIGNER VESTIMENTAR": 17, "STIINTE SOCIALE": 37, "MATEMATICA-INFORMATICA": 55, "FILOLOGIE": 35, "TEHNICIAN IN HOTELARIE": 25, "TEHNICIAN IN ADMINISTRATIE": 23}, "limba_moderna": {"LIMBA FRANCEZA": 96, "LIMBA ENGLEZA": 288}, "limba_materna": {"LIMBA ROMANA": 384}, "promotie_anterioara": {"DA": 56, "NU": 328}, "materii": {"LIMBA ROMANA": {"medie": 6.272602739726027, "reusita": 79.42708333333334, "cnt": 384}, "MATEMATICA ST-NAT": {"medie": 7.428571428571428, "reusita": 95.23809523809523, "cnt": 63}, "ANATOMIE SI FIZIOLOGIE UMANA, GENETICA SI ECOLOGIE UMANA": {"medie": 8.835789473684207, "reusita": 96.90721649484536, "cnt": 97}, "GENERAL": {"medie": 6.409691011235963, "reusita": 53.645833333333336, "cnt": 384}, "MATEMATICA MATE-INFO": {"medie": 7.99, "reusita": 94.54545454545455, "cnt": 55}, "BIOLOGIE VEGETALA SI ANIMALA": {"medie": 3.4609756097560984, "reusita": 16.3265306122449, "cnt": 49}, "ISTORIE": {"medie": 7.079285714285713, "reusita": 97.22222222222221, "cnt": 72}, "GEOGRAFIE": {"medie": 6.4134615384615365, "reusita": 85.07462686567165, "cnt": 134}, "MATEMATICA TEHN": {"medie": 3.9789017341040456, "reusita": 37.11340206185567, "cnt": 194}, "FIZICA TEH": {"medie": 2.940909090909091, "reusita": 0.0, "cnt": 11}, "LOGICA, ARGUMENTARE SI COMUNICARE": {"medie": 8.365625, "reusita": 89.70588235294117, "cnt": 68}, "PSIHOLOGIE": {"medie": 6.5, "reusita": 100.0, "cnt": 1}, "FILOSOFIE": {"medie": 7.166666666666667, "reusita": 100.0, "cnt": 3}, "FIZICA TEO": {"medie": 8.8, "reusita": 100.0, "cnt": 6}, "CHIMIE ORGANICA TEO NIVEL I/II": {"medie": 8.075, "reusita": 100.0, "cnt": 4}, "INFORMATICA MI C/C++": {"medie": 8.311111111111112, "reusita": 100.0, "cnt": 9}, "CHIMIE ANORGANICA TEO NIVEL I/II": {"medie": 9.35, "reusita": 100.0, "cnt": 1}, "INFORMATICA SN C/C++": {"medie": 10.0, "reusita": 100.0, "cnt": 1}}, "nume": "COLEGIUL \"ALEXANDRU CEL BUN\" GURA HUMORULUI\tSuceava"}