{"specializari": {"ORGANIZATOR BANQUETING": 10, "TEHNICIAN IN TURISM": 18, "MATEMATICA-INFORMATICA": 47, "FILOLOGIE": 32, "TEHNICIAN IN GASTRONOMIE": 1}, "limba_moderna": {"LIMBA ENGLEZA": 86, "LIMBA FRANCEZA": 22}, "limba_materna": {"LIMBA ROMANA": 108}, "promotie_anterioara": {"DA": 17, "NU": 91}, "materii": {"LIMBA ROMANA": {"medie": 6.928846153846156, "reusita": 87.96296296296296, "cnt": 108}, "ANATOMIE SI FIZIOLOGIE UMANA, GENETICA SI ECOLOGIE UMANA": {"medie": 9.31, "reusita": 100.0, "cnt": 5}, "GENERAL": {"medie": 7.183986928104574, "reusita": 69.44444444444444, "cnt": 108}, "MATEMATICA MATE-INFO": {"medie": 7.322340425531916, "reusita": 89.36170212765957, "cnt": 47}, "BIOLOGIE VEGETALA SI ANIMALA": {"medie": 8.26, "reusita": 100.0, "cnt": 15}, "ISTORIE": {"medie": 7.364062500000001, "reusita": 96.875, "cnt": 32}, "GEOGRAFIE": {"medie": 7.474999999999999, "reusita": 89.28571428571429, "cnt": 56}, "MATEMATICA TEHN": {"medie": 4.8919999999999995, "reusita": 51.724137931034484, "cnt": 29}, "LOGICA, ARGUMENTARE SI COMUNICARE": {"medie": 9.3, "reusita": 100.0, "cnt": 2}, "PSIHOLOGIE": {"medie": 5.9, "reusita": 100.0, "cnt": 2}, "INFORMATICA MI PASCAL": {"medie": 7.957142857142857, "reusita": 85.71428571428571, "cnt": 7}, "FIZICA TEO": {"medie": 7.678124999999999, "reusita": 87.5, "cnt": 16}, "CHIMIE ORGANICA TEO NIVEL I/II": {"medie": 8.05, "reusita": 100.0, "cnt": 2}, "INFORMATICA MI C/C++": {"medie": 8.9, "reusita": 100.0, "cnt": 1}, "CHIMIE ANORGANICA TEO NIVEL I/II": {"medie": 6.0, "reusita": 100.0, "cnt": 1}, "ECONOMIE": {"medie": 9.1, "reusita": 100.0, "cnt": 1}}, "nume": "COLEGIUL \"MIHAIL CANTACUZINO\", ORASUL SINAIA\tPrahova"}