{"specializari": {"MATEMATICA-INFORMATICA": 58, "FILOLOGIE": 30, "STIINTE ALE NATURII": 56, "STIINTE SOCIALE": 31}, "limba_moderna": {"LIMBA ENGLEZA": 170, "LIMBA FRANCEZA": 4, "LIMBA GERMANA MODERNA": 1}, "limba_materna": {"LIMBA ROMANA": 175}, "promotie_anterioara": {"NU": 175}, "materii": {"LIMBA ROMANA": {"medie": 8.647714285714287, "reusita": 100.0, "cnt": 175}, "MATEMATICA ST-NAT": {"medie": 8.566071428571428, "reusita": 100.0, "cnt": 56}, "ANATOMIE SI FIZIOLOGIE UMANA, GENETICA SI ECOLOGIE UMANA": {"medie": 9.265068493150686, "reusita": 100.0, "cnt": 73}, "GENERAL": {"medie": 8.805619047619047, "reusita": 100.0, "cnt": 175}, "MATEMATICA MATE-INFO": {"medie": 8.982758620689655, "reusita": 100.0, "cnt": 58}, "BIOLOGIE VEGETALA SI ANIMALA": {"medie": 8.137500000000001, "reusita": 100.0, "cnt": 8}, "ISTORIE": {"medie": 8.616393442622954, "reusita": 100.0, "cnt": 61}, "GEOGRAFIE": {"medie": 9.373076923076924, "reusita": 100.0, "cnt": 13}, "SOCIOLOGIE": {"medie": 9.063750000000002, "reusita": 100.0, "cnt": 40}, "LOGICA, ARGUMENTARE SI COMUNICARE": {"medie": 9.3375, "reusita": 100.0, "cnt": 4}, "FILOSOFIE": {"medie": 9.475, "reusita": 100.0, "cnt": 4}, "FIZICA TEO": {"medie": 8.0, "reusita": 100.0, "cnt": 4}, "CHIMIE ORGANICA TEO NIVEL I/II": {"medie": 9.4, "reusita": 100.0, "cnt": 1}, "INFORMATICA MI C/C++": {"medie": 8.599999999999998, "reusita": 100.0, "cnt": 28}}, "nume": "COLEGIUL NATIONAL \"CONSTANTIN DIACONOVICI LOGA\" TIMISOARA\tTimi\u0219"}