{"specializari": {"COREGRAFIE": 5, "ARTE PLASTICE SI DECORATIVE": 31, "MUZICA": 24, "ARHITECTURA, ARTE AMBIENTALE SI DESIGN": 30}, "limba_moderna": {"LIMBA ENGLEZA": 90}, "limba_materna": {"LIMBA ROMANA": 90}, "promotie_anterioara": {"DA": 1, "NU": 89}, "materii": {"LIMBA ROMANA": {"medie": 7.554444444444447, "reusita": 98.88888888888889, "cnt": 90}, "GENERAL": {"medie": 7.730681818181818, "reusita": 86.66666666666667, "cnt": 90}, "ISTORIE": {"medie": 7.3454545454545475, "reusita": 97.77777777777777, "cnt": 90}, "GEOGRAFIE": {"medie": 8.22456140350877, "reusita": 94.82758620689656, "cnt": 58}, "LOGICA, ARGUMENTARE SI COMUNICARE": {"medie": 8.191379310344828, "reusita": 100.0, "cnt": 29}, "PSIHOLOGIE": {"medie": 8.85, "reusita": 100.0, "cnt": 3}}, "nume": "COLEGIUL NATIONAL DE ARTA \"GEORGE APOSTU\" BACAU\tBac\u0103u"}