{"specializari": {"TEHNICIAN IN INDUSTRIA ALIMENTARA": 54, "TEHNICIAN ELECTROMECANIC": 11, "TEHNICIAN ANALIZE PRODUSE ALIMENTARE": 42}, "limba_moderna": {"LIMBA FRANCEZA": 5, "LIMBA ENGLEZA": 102}, "limba_materna": {"LIMBA ROMANA": 107}, "promotie_anterioara": {"DA": 38, "NU": 69}, "materii": {"LIMBA ROMANA": {"medie": 4.797959183673469, "reusita": 53.271028037383175, "cnt": 107}, "ANATOMIE SI FIZIOLOGIE UMANA, GENETICA SI ECOLOGIE UMANA": {"medie": 4.161666666666668, "reusita": 31.88405797101449, "cnt": 69}, "GENERAL": {"medie": 4.149810606060606, "reusita": 5.607476635514018, "cnt": 107}, "BIOLOGIE VEGETALA SI ANIMALA": {"medie": 4.166666666666666, "reusita": 36.11111111111111, "cnt": 36}, "GEOGRAFIE": {"medie": 6.1, "reusita": 100.0, "cnt": 1}, "MATEMATICA TEHN": {"medie": 3.353225806451613, "reusita": 28.037383177570092, "cnt": 107}, "FIZICA TEH": {"medie": 3.6, "reusita": 0.0, "cnt": 1}}, "nume": "COLEGIUL TEHNIC DE INDUSTRIE ALIMENTARA \"DUMITRU MOTOC\"\tBucure\u0219ti"}