{"specializari": {"MATEMATICA-INFORMATICA": 57, "STIINTE ALE NATURII": 30, "FILOLOGIE": 53}, "limba_moderna": {"LIMBA ENGLEZA": 108, "LIMBA FRANCEZA": 31, "LIMBA GERMANA MODERNA": 1}, "limba_materna": {"LIMBA ROMANA": 140}, "promotie_anterioara": {"NU": 140}, "materii": {"LIMBA ROMANA": {"medie": 8.131785714285716, "reusita": 100.0, "cnt": 140}, "MATEMATICA ST-NAT": {"medie": 8.713333333333333, "reusita": 100.0, "cnt": 30}, "ANATOMIE SI FIZIOLOGIE UMANA, GENETICA SI ECOLOGIE UMANA": {"medie": 9.114814814814816, "reusita": 100.0, "cnt": 27}, "GENERAL": {"medie": 8.398333333333335, "reusita": 97.85714285714285, "cnt": 140}, "MATEMATICA MATE-INFO": {"medie": 8.029824561403508, "reusita": 100.0, "cnt": 57}, "ISTORIE": {"medie": 8.418867924528303, "reusita": 100.0, "cnt": 53}, "GEOGRAFIE": {"medie": 8.885714285714284, "reusita": 100.0, "cnt": 7}, "LOGICA, ARGUMENTARE SI COMUNICARE": {"medie": 8.998837209302325, "reusita": 97.67441860465115, "cnt": 43}, "PSIHOLOGIE": {"medie": 7.275, "reusita": 100.0, "cnt": 2}, "FIZICA TEO": {"medie": 8.188235294117646, "reusita": 100.0, "cnt": 17}, "CHIMIE ORGANICA TEO NIVEL I/II": {"medie": 9.725, "reusita": 100.0, "cnt": 2}, "INFORMATICA MI C/C++": {"medie": 8.45897435897436, "reusita": 100.0, "cnt": 39}, "ECONOMIE": {"medie": 7.3, "reusita": 100.0, "cnt": 1}, "INFORMATICA SN C/C++": {"medie": 8.95, "reusita": 100.0, "cnt": 2}}, "nume": "COLEGIUL NATIONAL \"ALEXANDRU IOAN CUZA\", LOCALITATEA GALATI\tGala\u021bi"}