{"specializari": {"STIINTE ALE NATURII": 37, "MATEMATICA-INFORMATICA": 113, "FILOLOGIE": 72}, "limba_moderna": {"LIMBA ENGLEZA": 213, "LIMBA FRANCEZA": 9}, "limba_materna": {"LIMBA ROMANA": 222}, "promotie_anterioara": {"DA": 8, "NU": 214}, "materii": {"LIMBA ROMANA": {"medie": 7.879279279279277, "reusita": 98.64864864864865, "cnt": 222}, "MATEMATICA ST-NAT": {"medie": 7.285135135135134, "reusita": 94.5945945945946, "cnt": 37}, "ANATOMIE SI FIZIOLOGIE UMANA, GENETICA SI ECOLOGIE UMANA": {"medie": 7.340909090909091, "reusita": 90.9090909090909, "cnt": 11}, "GENERAL": {"medie": 7.880330330330331, "reusita": 88.73873873873875, "cnt": 222}, "MATEMATICA MATE-INFO": {"medie": 7.50221238938053, "reusita": 89.38053097345133, "cnt": 113}, "BIOLOGIE VEGETALA SI ANIMALA": {"medie": 7.225925925925928, "reusita": 92.5925925925926, "cnt": 54}, "ISTORIE": {"medie": 8.037500000000001, "reusita": 98.61111111111111, "cnt": 72}, "GEOGRAFIE": {"medie": 8.946296296296298, "reusita": 100.0, "cnt": 27}, "SOCIOLOGIE": {"medie": 8.687179487179485, "reusita": 100.0, "cnt": 39}, "PSIHOLOGIE": {"medie": 9.1, "reusita": 100.0, "cnt": 1}, "FILOSOFIE": {"medie": 9.4, "reusita": 100.0, "cnt": 1}, "INFORMATICA MI PASCAL": {"medie": 5.8, "reusita": 50.0, "cnt": 2}, "FIZICA TEO": {"medie": 8.058333333333334, "reusita": 97.22222222222221, "cnt": 36}, "CHIMIE ORGANICA TEO NIVEL I/II": {"medie": 9.24, "reusita": 100.0, "cnt": 25}, "INFORMATICA MI C/C++": {"medie": 7.4452380952380945, "reusita": 95.23809523809523, "cnt": 21}, "CHIMIE ANORGANICA TEO NIVEL I/II": {"medie": 9.5, "reusita": 100.0, "cnt": 1}, "ECONOMIE": {"medie": 8.6875, "reusita": 100.0, "cnt": 4}}, "nume": "COLEGIUL NATIONAL \"BARBU STIRBEI\" CALARASI\tC\u0103l\u0103ra\u0219i"}