{"specializari": {"INVATATOR - EDUCATOARE": 31, "STIINTE SOCIALE": 60, "EDUCATOR-PUERICULTOR": 24}, "limba_moderna": {"LIMBA FRANCEZA": 22, "LIMBA ENGLEZA": 93}, "limba_materna": {"LIMBA ROMANA": 115}, "promotie_anterioara": {"DA": 1, "NU": 114}, "materii": {"LIMBA ROMANA": {"medie": 8.32695652173913, "reusita": 100.0, "cnt": 115}, "GENERAL": {"medie": 8.660579710144928, "reusita": 99.1304347826087, "cnt": 115}, "ISTORIE": {"medie": 9.023214285714287, "reusita": 100.0, "cnt": 84}, "GEOGRAFIE": {"medie": 8.916216216216213, "reusita": 100.0, "cnt": 37}, "MATEMATICA PED": {"medie": 8.011290322580646, "reusita": 100.0, "cnt": 31}, "LOGICA, ARGUMENTARE SI COMUNICARE": {"medie": 8.90144927536232, "reusita": 98.55072463768117, "cnt": 69}, "PSIHOLOGIE": {"medie": 9.4, "reusita": 100.0, "cnt": 5}, "FILOSOFIE": {"medie": 9.5, "reusita": 100.0, "cnt": 1}, "ECONOMIE": {"medie": 7.8, "reusita": 100.0, "cnt": 3}}, "nume": "COLEGIUL NATIONAL PEDAGOGIC \"GHEORGHE LAZAR\" CLUJ-NAPOCA\tCluj"}