{"specializari": {"TEHNICIAN ECOLOG SI PROTECTIA CALITATII MEDIULUI": 20, "TEHNICIAN OPERATOR TEHNICA DE CALCUL": 6, "TEHNICIAN MECATRONIST": 1, "TEHNICIAN TRANSPORTURI": 18, "TEHNICIAN MECANIC PENTRU INTRETINERE SI REPARATII": 7, "TEHNICIAN IN AUTOMATIZARI": 3, "MATEMATICA-INFORMATICA": 15}, "limba_moderna": {"LIMBA ENGLEZA": 43, "LIMBA FRANCEZA": 27}, "limba_materna": {"LIMBA ROMANA": 70}, "promotie_anterioara": {"DA": 21, "NU": 49}, "materii": {"LIMBA ROMANA": {"medie": 4.790983606557377, "reusita": 48.57142857142857, "cnt": 70}, "ANATOMIE SI FIZIOLOGIE UMANA, GENETICA SI ECOLOGIE UMANA": {"medie": 5.750000000000001, "reusita": 85.71428571428571, "cnt": 7}, "GENERAL": {"medie": 4.362994350282484, "reusita": 12.857142857142856, "cnt": 70}, "MATEMATICA MATE-INFO": {"medie": 5.053571428571429, "reusita": 53.333333333333336, "cnt": 15}, "BIOLOGIE VEGETALA SI ANIMALA": {"medie": 4.4625, "reusita": 45.0, "cnt": 60}, "MATEMATICA TEHN": {"medie": 3.3469387755102042, "reusita": 32.72727272727273, "cnt": 55}, "FIZICA TEH": {"medie": 3.3166666666666664, "reusita": 33.33333333333333, "cnt": 3}}, "nume": "COLEGIUL TEHNIC \"HENRI COANDA\" TG-JIU\tGorj"}