{"specializari": {"MATEMATICA-INFORMATICA": 108, "STIINTE SOCIALE": 62, "STIINTE ALE NATURII": 28}, "limba_moderna": {"LIMBA ENGLEZA": 194, "LIMBA SPANIOLA": 3, "LIMBA FRANCEZA": 1}, "limba_materna": {"LIMBA ROMANA": 198}, "promotie_anterioara": {"DA": 2, "NU": 196}, "materii": {"LIMBA ROMANA": {"medie": 8.580808080808078, "reusita": 100.0, "cnt": 198}, "MATEMATICA ST-NAT": {"medie": 8.480357142857141, "reusita": 100.0, "cnt": 28}, "ANATOMIE SI FIZIOLOGIE UMANA, GENETICA SI ECOLOGIE UMANA": {"medie": 9.086999999999996, "reusita": 100.0, "cnt": 50}, "GENERAL": {"medie": 8.535437710437712, "reusita": 95.95959595959596, "cnt": 198}, "MATEMATICA MATE-INFO": {"medie": 8.17546296296296, "reusita": 94.44444444444444, "cnt": 108}, "BIOLOGIE VEGETALA SI ANIMALA": {"medie": 8.775, "reusita": 100.0, "cnt": 8}, "ISTORIE": {"medie": 8.40725806451613, "reusita": 100.0, "cnt": 62}, "GEOGRAFIE": {"medie": 8.208333333333334, "reusita": 100.0, "cnt": 12}, "SOCIOLOGIE": {"medie": 9.85, "reusita": 100.0, "cnt": 4}, "LOGICA, ARGUMENTARE SI COMUNICARE": {"medie": 9.500000000000002, "reusita": 100.0, "cnt": 27}, "PSIHOLOGIE": {"medie": 9.3625, "reusita": 100.0, "cnt": 16}, "FILOSOFIE": {"medie": 9.85, "reusita": 100.0, "cnt": 2}, "FIZICA TEO": {"medie": 7.914285714285714, "reusita": 92.85714285714286, "cnt": 28}, "CHIMIE ORGANICA TEO NIVEL I/II": {"medie": 9.17, "reusita": 100.0, "cnt": 5}, "INFORMATICA MI C/C++": {"medie": 8.135714285714284, "reusita": 97.61904761904762, "cnt": 42}, "CHIMIE ANORGANICA TEO NIVEL I/II": {"medie": 7.933333333333334, "reusita": 100.0, "cnt": 3}, "ECONOMIE": {"medie": 8.0, "reusita": 100.0, "cnt": 1}}, "nume": "COLEGIUL NATIONAL \"FERDINAND I\" BACAU\tBac\u0103u"}