{"specializari": {"TEHNICIAN VETERINAR": 17, "TEHNICIAN ANALIZE PRODUSE ALIMENTARE": 1, "TEHNICIAN IN AGROTURISM": 15, "TEHNICIAN IN ACTIVITATI DE COMERT": 6}, "limba_moderna": {"LIMBA ENGLEZA": 39}, "limba_materna": {"LIMBA ROMANA": 39}, "promotie_anterioara": {"DA": 10, "NU": 29}, "materii": {"LIMBA ROMANA": {"medie": 5.421153846153847, "reusita": 51.28205128205128, "cnt": 39}, "ANATOMIE SI FIZIOLOGIE UMANA, GENETICA SI ECOLOGIE UMANA": {"medie": 6.163888888888889, "reusita": 48.38709677419355, "cnt": 31}, "GENERAL": {"medie": 5.107971014492754, "reusita": 17.94871794871795, "cnt": 39}, "BIOLOGIE VEGETALA SI ANIMALA": {"medie": 2.4, "reusita": 0.0, "cnt": 1}, "GEOGRAFIE": {"medie": 5.15, "reusita": 33.33333333333333, "cnt": 6}, "MATEMATICA TEHN": {"medie": 3.8645833333333335, "reusita": 28.205128205128204, "cnt": 39}, "CHIMIE ANORGANICA TEH NIVEL I/II": {"medie": 2.85, "reusita": 0.0, "cnt": 1}}, "nume": "COLEGIUL PENTRU AGRICULTURA SI INDUSTRIE ALIMENTARA \"TARA BARSEI\" PREJMER\tBra\u0219ov"}