{"specializari": {"MATEMATICA-INFORMATICA": 131, "FILOLOGIE": 135}, "limba_moderna": {"LIMBA ENGLEZA": 241, "LIMBA GERMANA MODERNA": 25}, "limba_materna": {"LIMBA ROMANA": 266}, "promotie_anterioara": {"NU": 264, "DA": 2}, "materii": {"LIMBA ROMANA": {"medie": 8.4622641509434, "reusita": 99.62406015037594, "cnt": 266}, "ANATOMIE SI FIZIOLOGIE UMANA, GENETICA SI ECOLOGIE UMANA": {"medie": 7.875, "reusita": 91.66666666666666, "cnt": 12}, "GENERAL": {"medie": 8.499371069182388, "reusita": 96.99248120300751, "cnt": 266}, "MATEMATICA MATE-INFO": {"medie": 8.102307692307694, "reusita": 95.41984732824427, "cnt": 131}, "BIOLOGIE VEGETALA SI ANIMALA": {"medie": 7.632352941176469, "reusita": 94.44444444444444, "cnt": 18}, "ISTORIE": {"medie": 8.78888888888889, "reusita": 100.0, "cnt": 135}, "GEOGRAFIE": {"medie": 9.029032258064515, "reusita": 100.0, "cnt": 31}, "SOCIOLOGIE": {"medie": 8.120000000000001, "reusita": 100.0, "cnt": 5}, "LOGICA, ARGUMENTARE SI COMUNICARE": {"medie": 9.220138888888892, "reusita": 100.0, "cnt": 72}, "PSIHOLOGIE": {"medie": 9.37142857142857, "reusita": 100.0, "cnt": 7}, "FILOSOFIE": {"medie": 9.7, "reusita": 100.0, "cnt": 3}, "FIZICA TEO": {"medie": 8.448571428571428, "reusita": 100.0, "cnt": 35}, "CHIMIE ORGANICA TEO NIVEL I/II": {"medie": 8.508823529411764, "reusita": 100.0, "cnt": 17}, "INFORMATICA MI C/C++": {"medie": 7.877777777777776, "reusita": 100.0, "cnt": 45}, "CHIMIE ANORGANICA TEO NIVEL I/II": {"medie": 7.825, "reusita": 100.0, "cnt": 4}, "ECONOMIE": {"medie": 8.544117647058824, "reusita": 100.0, "cnt": 17}}, "nume": "COLEGIUL NATIONAL \"I.L.CARAGIALE\"\tBucure\u0219ti"}