{"specializari": {"STIINTE SOCIALE": 30, "MATEMATICA-INFORMATICA": 149, "STIINTE ALE NATURII": 34, "FILOLOGIE": 32}, "limba_moderna": {"LIMBA ENGLEZA": 205, "LIMBA FRANCEZA": 27, "LIMBA GERMANA MODERNA": 13}, "limba_materna": {"LIMBA ROMANA": 245}, "promotie_anterioara": {"DA": 1, "NU": 244}, "materii": {"LIMBA ROMANA": {"medie": 8.707142857142863, "reusita": 100.0, "cnt": 245}, "MATEMATICA ST-NAT": {"medie": 9.032352941176468, "reusita": 100.0, "cnt": 34}, "ANATOMIE SI FIZIOLOGIE UMANA, GENETICA SI ECOLOGIE UMANA": {"medie": 9.29935897435897, "reusita": 100.0, "cnt": 78}, "GENERAL": {"medie": 9.027619047619048, "reusita": 100.0, "cnt": 245}, "MATEMATICA MATE-INFO": {"medie": 9.26275167785235, "reusita": 100.0, "cnt": 149}, "ISTORIE": {"medie": 8.894354838709676, "reusita": 100.0, "cnt": 62}, "GEOGRAFIE": {"medie": 9.620000000000001, "reusita": 100.0, "cnt": 5}, "SOCIOLOGIE": {"medie": 10.0, "reusita": 100.0, "cnt": 1}, "LOGICA, ARGUMENTARE SI COMUNICARE": {"medie": 9.392500000000002, "reusita": 100.0, "cnt": 40}, "PSIHOLOGIE": {"medie": 9.05, "reusita": 100.0, "cnt": 3}, "FIZICA TEO": {"medie": 9.121296296296293, "reusita": 100.0, "cnt": 54}, "CHIMIE ORGANICA TEO NIVEL I/II": {"medie": 9.616666666666667, "reusita": 100.0, "cnt": 6}, "INFORMATICA MI C/C++": {"medie": 8.993023255813954, "reusita": 100.0, "cnt": 43}, "CHIMIE ANORGANICA TEO NIVEL I/II": {"medie": 10.0, "reusita": 100.0, "cnt": 1}, "ECONOMIE": {"medie": 9.253846153846155, "reusita": 100.0, "cnt": 13}, "INFORMATICA SN C/C++": {"medie": 9.8, "reusita": 100.0, "cnt": 1}}, "nume": "COLEGIUL NATIONAL \"FRATII BUZESTI\" CRAIOVA\tDolj"}