{"specializari": {"TEHNICIAN IN INDUSTRIA ALIMENTARA": 10, "TEHNICIAN IN GASTRONOMIE": 18}, "limba_moderna": {"LIMBA ENGLEZA": 28}, "limba_materna": {"LIMBA ROMANA": 28}, "promotie_anterioara": {"DA": 7, "NU": 21}, "materii": {"LIMBA ROMANA": {"medie": 5.97962962962963, "reusita": 82.14285714285714, "cnt": 28}, "ANATOMIE SI FIZIOLOGIE UMANA, GENETICA SI ECOLOGIE UMANA": {"medie": 6.916666666666667, "reusita": 85.71428571428571, "cnt": 7}, "GENERAL": {"medie": 5.84, "reusita": 35.714285714285715, "cnt": 28}, "BIOLOGIE VEGETALA SI ANIMALA": {"medie": 5.2, "reusita": 100.0, "cnt": 3}, "GEOGRAFIE": {"medie": 7.175, "reusita": 77.77777777777779, "cnt": 9}, "MATEMATICA TEHN": {"medie": 4.5576923076923075, "reusita": 53.57142857142857, "cnt": 28}, "LOGICA, ARGUMENTARE SI COMUNICARE": {"medie": 7.081250000000001, "reusita": 77.77777777777779, "cnt": 9}}, "nume": "COLEGIUL TEHNIC \"RALUCA RIPAN\" CLUJ-NAPOCA\tCluj"}