{"specializari": {"TEHNICIAN IN GASTRONOMIE": 28, "TEHNICIAN IN ACTIVITATI DE COMERT": 32, "TEHNICIAN IN ACTIVITATI ECONOMICE": 86, "TEHNICIAN IN TURISM": 28, "TEHNICIAN IN ADMINISTRATIE": 25}, "limba_moderna": {"LIMBA ENGLEZA": 194, "LIMBA FRANCEZA": 5}, "limba_materna": {"LIMBA ROMANA": 199}, "promotie_anterioara": {"DA": 6, "NU": 193}, "materii": {"LIMBA ROMANA": {"medie": 7.477272727272728, "reusita": 98.99497487437185, "cnt": 199}, "GENERAL": {"medie": 7.659693877551025, "reusita": 91.4572864321608, "cnt": 199}, "GEOGRAFIE": {"medie": 8.617732558139538, "reusita": 98.27586206896551, "cnt": 174}, "MATEMATICA TEHN": {"medie": 6.942639593908634, "reusita": 93.46733668341709, "cnt": 199}, "LOGICA, ARGUMENTARE SI COMUNICARE": {"medie": 9.13125, "reusita": 100.0, "cnt": 16}, "ECONOMIE": {"medie": 6.694444444444445, "reusita": 100.0, "cnt": 9}}, "nume": "COLEGIUL ECONOMIC \"GEORGE BARITIU\" SIBIU\tSibiu"}