{"specializari": {"MATEMATICA-INFORMATICA": 27, "FILOLOGIE": 60, "STIINTE ALE NATURII": 27, "STIINTE SOCIALE": 36}, "limba_moderna": {"LIMBA ENGLEZA": 107, "LIMBA FRANCEZA": 15, "LIMBA SPANIOLA": 27, "LIMBA GERMANA MODERNA": 1}, "limba_materna": {"LIMBA ROMANA": 150}, "promotie_anterioara": {"DA": 1, "NU": 149}, "materii": {"LIMBA ROMANA": {"medie": 8.285000000000004, "reusita": 99.33333333333333, "cnt": 150}, "MATEMATICA ST-NAT": {"medie": 7.931481481481482, "reusita": 100.0, "cnt": 27}, "ANATOMIE SI FIZIOLOGIE UMANA, GENETICA SI ECOLOGIE UMANA": {"medie": 8.639999999999999, "reusita": 100.0, "cnt": 15}, "GENERAL": {"medie": 8.31011111111111, "reusita": 98.66666666666667, "cnt": 150}, "MATEMATICA MATE-INFO": {"medie": 7.5129629629629635, "reusita": 100.0, "cnt": 27}, "BIOLOGIE VEGETALA SI ANIMALA": {"medie": 8.15, "reusita": 100.0, "cnt": 6}, "ISTORIE": {"medie": 8.086979166666667, "reusita": 97.91666666666666, "cnt": 96}, "GEOGRAFIE": {"medie": 7.486363636363635, "reusita": 90.9090909090909, "cnt": 11}, "LOGICA, ARGUMENTARE SI COMUNICARE": {"medie": 9.021428571428565, "reusita": 100.0, "cnt": 84}, "PSIHOLOGIE": {"medie": 9.0, "reusita": 100.0, "cnt": 1}, "FIZICA TEO": {"medie": 7.149999999999999, "reusita": 100.0, "cnt": 6}, "CHIMIE ORGANICA TEO NIVEL I/II": {"medie": 8.625, "reusita": 100.0, "cnt": 2}, "INFORMATICA MI C/C++": {"medie": 8.65, "reusita": 100.0, "cnt": 19}, "CHIMIE ANORGANICA TEO NIVEL I/II": {"medie": 8.55, "reusita": 100.0, "cnt": 6}}, "nume": "COLEGIUL NATIONAL \"UNIREA\" BRASOV\tBra\u0219ov"}