{"specializari": {"FILOLOGIE": 58, "STIINTE SOCIALE": 60, "STIINTE ALE NATURII": 60, "MATEMATICA-INFORMATICA": 86}, "limba_moderna": {"LIMBA ENGLEZA": 243, "LIMBA FRANCEZA": 21}, "limba_materna": {"LIMBA ROMANA": 264}, "promotie_anterioara": {"DA": 2, "NU": 262}, "materii": {"LIMBA ROMANA": {"medie": 8.501704545454544, "reusita": 99.62121212121212, "cnt": 264}, "MATEMATICA ST-NAT": {"medie": 8.360833333333334, "reusita": 100.0, "cnt": 60}, "ANATOMIE SI FIZIOLOGIE UMANA, GENETICA SI ECOLOGIE UMANA": {"medie": 9.198958333333332, "reusita": 100.0, "cnt": 48}, "GENERAL": {"medie": 8.69299242424242, "reusita": 97.34848484848484, "cnt": 264}, "MATEMATICA MATE-INFO": {"medie": 8.94127906976744, "reusita": 98.83720930232558, "cnt": 86}, "BIOLOGIE VEGETALA SI ANIMALA": {"medie": 8.5, "reusita": 100.0, "cnt": 2}, "ISTORIE": {"medie": 8.52584745762712, "reusita": 100.0, "cnt": 118}, "GEOGRAFIE": {"medie": 8.838372093023255, "reusita": 100.0, "cnt": 86}, "SOCIOLOGIE": {"medie": 9.716666666666667, "reusita": 100.0, "cnt": 6}, "LOGICA, ARGUMENTARE SI COMUNICARE": {"medie": 8.92142857142857, "reusita": 92.85714285714286, "cnt": 14}, "PSIHOLOGIE": {"medie": 9.125, "reusita": 100.0, "cnt": 6}, "FILOSOFIE": {"medie": 9.4, "reusita": 100.0, "cnt": 2}, "FIZICA TEO": {"medie": 8.131250000000001, "reusita": 100.0, "cnt": 8}, "CHIMIE ORGANICA TEO NIVEL I/II": {"medie": 8.747058823529413, "reusita": 94.11764705882352, "cnt": 17}, "INFORMATICA MI C/C++": {"medie": 8.995070422535212, "reusita": 100.0, "cnt": 71}, "ECONOMIE": {"medie": 8.9875, "reusita": 100.0, "cnt": 4}}, "nume": "COLEGIUL NATIONAL \"ROMAN VODA\", MUNICIPIUL ROMAN\tNeam\u021b"}