{"specializari": {"TEHNICIAN IN INSTALATII ELECTRICE": 13, "TEHNICIAN DESENATOR PENTRU CONSTRUCTII SI INSTALATII": 11, "TEHNICIAN INSTALATOR PENTRU CONSTRUCTII": 2, "TEHNICIAN MECANIC PENTRU INTRETINERE SI REPARATII": 27, "STIINTE ALE NATURII": 33, "TEHNICIAN CHIMIST DE LABORATOR": 16, "TEHNICIAN ELECTROMECANIC": 2, "TEHNICIAN MECATRONIST": 2, "TEHNICIAN IN HOTELARIE": 18, "TEHNICIAN IN GASTRONOMIE": 20, "TEHNICIAN IN CONSTRUCTII SI LUCRARI PUBLICE": 1, "TEHNICIAN IN CHIMIE INDUSTRIALA": 1, "TEHNICIAN ELECTROTEHNIST": 1}, "limba_moderna": {"LIMBA FRANCEZA": 12, "LIMBA ENGLEZA": 135}, "limba_materna": {"LIMBA ROMANA": 147}, "promotie_anterioara": {"DA": 56, "NU": 91}, "materii": {"LIMBA ROMANA": {"medie": 5.256716417910446, "reusita": 68.70748299319727, "cnt": 147}, "MATEMATICA ST-NAT": {"medie": 4.578124999999999, "reusita": 48.484848484848484, "cnt": 33}, "ANATOMIE SI FIZIOLOGIE UMANA, GENETICA SI ECOLOGIE UMANA": {"medie": 6.345833333333332, "reusita": 100.0, "cnt": 24}, "GENERAL": {"medie": 4.783611111111109, "reusita": 14.965986394557824, "cnt": 147}, "BIOLOGIE VEGETALA SI ANIMALA": {"medie": 3.88173076923077, "reusita": 27.397260273972602, "cnt": 73}, "GEOGRAFIE": {"medie": 6.490384615384614, "reusita": 84.61538461538461, "cnt": 26}, "MATEMATICA TEHN": {"medie": 3.680102040816327, "reusita": 35.08771929824561, "cnt": 114}, "FIZICA TEH": {"medie": 4.42, "reusita": 60.0, "cnt": 5}, "LOGICA, ARGUMENTARE SI COMUNICARE": {"medie": 8.09, "reusita": 100.0, "cnt": 10}, "CHIMIE ANORGANICA TEH NIVEL I/II": {"medie": 3.258333333333333, "reusita": 14.285714285714285, "cnt": 7}, "PSIHOLOGIE": {"medie": 6.0, "reusita": 100.0, "cnt": 1}, "ECONOMIE": {"medie": 2.2, "reusita": 0.0, "cnt": 1}}, "nume": "COLEGIUL TEHNIC \"MIHAI BRAVU\"\tBucure\u0219ti"}