{"specializari": {"TEHNICIAN TRANSPORTURI": 20, "TEHNICIAN OPERATOR TEHNICA DE CALCUL": 4, "TEHNICIAN ELECTRICIAN/ELECTRONIST AUTO": 6, "TEHNICIAN IN ADMINISTRATIE": 28, "TEHNICIAN PROIECTANT CAD": 1}, "limba_moderna": {"LIMBA ENGLEZA": 58, "LIMBA FRANCEZA": 1}, "limba_materna": {"LIMBA ROMANA": 59}, "promotie_anterioara": {"DA": 17, "NU": 42}, "materii": {"LIMBA ROMANA": {"medie": 7.163636363636363, "reusita": 71.1864406779661, "cnt": 59}, "GENERAL": {"medie": 6.988492063492063, "reusita": 55.932203389830505, "cnt": 59}, "BIOLOGIE VEGETALA SI ANIMALA": {"medie": 5.811538461538461, "reusita": 37.03703703703704, "cnt": 27}, "GEOGRAFIE": {"medie": 7.947999999999999, "reusita": 96.0, "cnt": 25}, "MATEMATICA TEHN": {"medie": 6.2318181818181815, "reusita": 66.10169491525424, "cnt": 59}, "FIZICA TEH": {"medie": 8.7, "reusita": 66.66666666666666, "cnt": 3}, "LOGICA, ARGUMENTARE SI COMUNICARE": {"medie": 9.066666666666668, "reusita": 100.0, "cnt": 3}, "CHIMIE ANORGANICA TEH NIVEL I/II": {"medie": 5.0, "reusita": 100.0, "cnt": 1}}, "nume": "COLEGIUL TEHNIC TURDA\tCluj"}