{"specializari": {"MATEMATICA-INFORMATICA": 18, "STIINTE ALE NATURII": 30, "FILOLOGIE": 30}, "limba_moderna": {"LIMBA ENGLEZA": 75, "LIMBA SPANIOLA": 1, "LIMBA FRANCEZA": 1, "LIMBA GERMANA MODERNA": 1}, "limba_materna": {"LIMBA ROMANA": 78}, "promotie_anterioara": {"DA": 16, "NU": 62}, "materii": {"LIMBA ROMANA": {"medie": 7.266233766233768, "reusita": 96.15384615384616, "cnt": 78}, "MATEMATICA ST-NAT": {"medie": 5.316071428571428, "reusita": 60.0, "cnt": 30}, "ANATOMIE SI FIZIOLOGIE UMANA, GENETICA SI ECOLOGIE UMANA": {"medie": 6.5625, "reusita": 88.88888888888889, "cnt": 9}, "GENERAL": {"medie": 6.885616438356165, "reusita": 64.1025641025641, "cnt": 78}, "MATEMATICA MATE-INFO": {"medie": 4.3531249999999995, "reusita": 38.88888888888889, "cnt": 18}, "BIOLOGIE VEGETALA SI ANIMALA": {"medie": 7.0, "reusita": 83.87096774193549, "cnt": 31}, "ISTORIE": {"medie": 7.581666666666665, "reusita": 100.0, "cnt": 30}, "GEOGRAFIE": {"medie": 8.010526315789475, "reusita": 100.0, "cnt": 19}, "LOGICA, ARGUMENTARE SI COMUNICARE": {"medie": 8.572727272727274, "reusita": 100.0, "cnt": 11}, "FIZICA TEO": {"medie": 5.15, "reusita": 100.0, "cnt": 1}, "INFORMATICA MI C/C++": {"medie": 5.5928571428571425, "reusita": 57.14285714285714, "cnt": 7}}, "nume": "COLEGIUL NATIONAL \"MIRCEA ELIADE\" RESITA\tCara\u0219-Severin"}