{"specializari": {"MATEMATICA-INFORMATICA": 58, "STIINTE SOCIALE": 26, "STIINTE ALE NATURII": 84}, "limba_moderna": {"LIMBA ENGLEZA": 136, "LIMBA FRANCEZA": 31, "LIMBA GERMANA MODERNA": 1}, "limba_materna": {"LIMBA ROMANA": 168}, "promotie_anterioara": {"NU": 168}, "materii": {"LIMBA ROMANA": {"medie": 9.261904761904763, "reusita": 100.0, "cnt": 168}, "MATEMATICA ST-NAT": {"medie": 9.182142857142862, "reusita": 100.0, "cnt": 84}, "ANATOMIE SI FIZIOLOGIE UMANA, GENETICA SI ECOLOGIE UMANA": {"medie": 9.618181818181817, "reusita": 100.0, "cnt": 22}, "GENERAL": {"medie": 9.29156746031746, "reusita": 100.0, "cnt": 168}, "MATEMATICA MATE-INFO": {"medie": 9.398275862068965, "reusita": 100.0, "cnt": 58}, "BIOLOGIE VEGETALA SI ANIMALA": {"medie": 9.415000000000001, "reusita": 100.0, "cnt": 20}, "ISTORIE": {"medie": 9.55, "reusita": 100.0, "cnt": 26}, "GEOGRAFIE": {"medie": 9.825, "reusita": 100.0, "cnt": 2}, "LOGICA, ARGUMENTARE SI COMUNICARE": {"medie": 9.621428571428574, "reusita": 100.0, "cnt": 21}, "PSIHOLOGIE": {"medie": 9.399999999999999, "reusita": 100.0, "cnt": 2}, "FIZICA TEO": {"medie": 8.893749999999999, "reusita": 100.0, "cnt": 16}, "CHIMIE ORGANICA TEO NIVEL I/II": {"medie": 9.088235294117647, "reusita": 100.0, "cnt": 17}, "INFORMATICA MI C/C++": {"medie": 8.986046511627908, "reusita": 100.0, "cnt": 43}, "CHIMIE ANORGANICA TEO NIVEL I/II": {"medie": 9.562499999999998, "reusita": 100.0, "cnt": 20}, "ECONOMIE": {"medie": 8.45, "reusita": 100.0, "cnt": 1}, "INFORMATICA SN C/C++": {"medie": 9.7375, "reusita": 100.0, "cnt": 4}}, "nume": "COLEGIUL NATIONAL \"ANDREI SAGUNA\" BRASOV\tBra\u0219ov"}