{"specializari": {"TEHNICIAN DE TELECOMUNICATII": 21, "TEHNICIAN ANALIZE PRODUSE ALIMENTARE": 48, "TEHNICIAN CHIMIST DE LABORATOR": 22, "TEHNICIAN OPERATOR TEHNICA DE CALCUL": 15, "TEHNICIAN IN GASTRONOMIE": 2, "TEHNICIAN ECOLOG SI PROTECTIA CALITATII MEDIULUI": 43, "TEHNICIAN DESENATOR PENTRU CONSTRUCTII SI INSTALATII": 16, "TEHNICIAN DESIGNER VESTIMENTAR": 15, "TEHNICIAN MECATRONIST": 13, "STIINTE SOCIALE": 19, "TEHNICIAN IN INDUSTRIA ALIMENTARA": 16}, "limba_moderna": {"LIMBA ENGLEZA": 209, "LIMBA FRANCEZA": 21}, "limba_materna": {"LIMBA ROMANA": 230}, "promotie_anterioara": {"DA": 40, "NU": 190}, "materii": {"LIMBA ROMANA": {"medie": 5.588461538461538, "reusita": 62.60869565217392, "cnt": 230}, "ANATOMIE SI FIZIOLOGIE UMANA, GENETICA SI ECOLOGIE UMANA": {"medie": 5.43909090909091, "reusita": 47.88732394366197, "cnt": 71}, "GENERAL": {"medie": 5.026666666666667, "reusita": 21.304347826086957, "cnt": 230}, "BIOLOGIE VEGETALA SI ANIMALA": {"medie": 4.779710144927536, "reusita": 33.663366336633665, "cnt": 101}, "ISTORIE": {"medie": 5.731578947368422, "reusita": 94.73684210526315, "cnt": 19}, "GEOGRAFIE": {"medie": 5.55, "reusita": 50.0, "cnt": 10}, "MATEMATICA TEHN": {"medie": 4.085534591194969, "reusita": 36.492890995260666, "cnt": 211}, "FIZICA TEH": {"medie": 4.8961538461538465, "reusita": 26.31578947368421, "cnt": 19}, "LOGICA, ARGUMENTARE SI COMUNICARE": {"medie": 6.6642857142857155, "reusita": 75.0, "cnt": 8}, "CHIMIE ANORGANICA TEH NIVEL I/II": {"medie": 4.872727272727273, "reusita": 38.46153846153847, "cnt": 13}, "PSIHOLOGIE": {"medie": 7.816666666666666, "reusita": 100.0, "cnt": 3}, "CHIMIE ORGANICA TEH NIVEL I/II": {"medie": 3.6, "reusita": 20.0, "cnt": 5}}, "nume": "COLEGIUL TEHNIC \"GHEORGHE CARTIANU\", MUNICIPIUL PIATRA-NEAMT\tNeam\u021b"}