{"specializari": {"STIINTE ALE NATURII": 56, "STIINTE SOCIALE": 43, "FILOLOGIE": 76, "MATEMATICA-INFORMATICA": 48}, "limba_moderna": {"LIMBA ENGLEZA": 201, "LIMBA FRANCEZA": 22}, "limba_materna": {"LIMBA ROMANA": 223}, "promotie_anterioara": {"DA": 14, "NU": 209}, "materii": {"LIMBA ROMANA": {"medie": 8.121136363636362, "reusita": 97.75784753363229, "cnt": 223}, "MATEMATICA ST-NAT": {"medie": 6.944545454545455, "reusita": 87.5, "cnt": 56}, "ANATOMIE SI FIZIOLOGIE UMANA, GENETICA SI ECOLOGIE UMANA": {"medie": 8.452542372881359, "reusita": 100.0, "cnt": 59}, "GENERAL": {"medie": 8.154915514592942, "reusita": 89.68609865470853, "cnt": 223}, "MATEMATICA MATE-INFO": {"medie": 7.599999999999999, "reusita": 95.83333333333334, "cnt": 48}, "ISTORIE": {"medie": 8.417241379310346, "reusita": 96.63865546218487, "cnt": 119}, "GEOGRAFIE": {"medie": 8.579807692307691, "reusita": 96.29629629629629, "cnt": 54}, "SOCIOLOGIE": {"medie": 7.723863636363637, "reusita": 95.65217391304348, "cnt": 46}, "LOGICA, ARGUMENTARE SI COMUNICARE": {"medie": 9.85, "reusita": 100.0, "cnt": 8}, "PSIHOLOGIE": {"medie": 8.9, "reusita": 100.0, "cnt": 8}, "FIZICA TEO": {"medie": 8.319047619047618, "reusita": 100.0, "cnt": 21}, "CHIMIE ORGANICA TEO NIVEL I/II": {"medie": 8.76, "reusita": 100.0, "cnt": 5}, "INFORMATICA MI C/C++": {"medie": 8.305555555555554, "reusita": 100.0, "cnt": 18}, "ECONOMIE": {"medie": 8.950000000000001, "reusita": 100.0, "cnt": 3}, "INFORMATICA SN C/C++": {"medie": 9.8, "reusita": 100.0, "cnt": 1}}, "nume": "COLEGIUL NATIONAL \"GIB MIHAESCU\" DRAGASANI\tV\u00e2lcea"}