{"specializari": {"TEHNICIAN IN INSTALATII ELECTRICE": 11, "TEHNICIAN IN ACTIVITATI ECONOMICE": 55, "TEHNICIAN TRANSPORTURI": 18, "MATEMATICA-INFORMATICA": 50, "TEHNICIAN IN AUTOMATIZARI": 11, "TEHNICIAN DE TELECOMUNICATII": 32, "TEHNICIAN ELECTROMECANIC": 1}, "limba_moderna": {"LIMBA ENGLEZA": 169, "LIMBA ITALIANA": 4, "LIMBA FRANCEZA": 4, "LIMBA GERMANA MODERNA": 1}, "limba_materna": {"LIMBA ROMANA": 178}, "promotie_anterioara": {"DA": 16, "NU": 162}, "materii": {"LIMBA ROMANA": {"medie": 6.948285714285712, "reusita": 94.9438202247191, "cnt": 178}, "ANATOMIE SI FIZIOLOGIE UMANA, GENETICA SI ECOLOGIE UMANA": {"medie": 9.8, "reusita": 100.0, "cnt": 1}, "GENERAL": {"medie": 6.889411764705885, "reusita": 71.34831460674157, "cnt": 178}, "MATEMATICA MATE-INFO": {"medie": 7.405000000000001, "reusita": 98.0, "cnt": 50}, "BIOLOGIE VEGETALA SI ANIMALA": {"medie": 5.805555555555555, "reusita": 65.21739130434783, "cnt": 69}, "GEOGRAFIE": {"medie": 8.148000000000001, "reusita": 100.0, "cnt": 50}, "MATEMATICA TEHN": {"medie": 6.264516129032257, "reusita": 85.15625, "cnt": 128}, "FIZICA TEH": {"medie": 7.425, "reusita": 100.0, "cnt": 2}, "LOGICA, ARGUMENTARE SI COMUNICARE": {"medie": 8.3, "reusita": 100.0, "cnt": 2}, "PSIHOLOGIE": {"medie": 9.5, "reusita": 100.0, "cnt": 1}, "CHIMIE ORGANICA TEO NIVEL I/II": {"medie": 6.816666666666666, "reusita": 100.0, "cnt": 3}, "INFORMATICA MI C/C++": {"medie": 7.475, "reusita": 100.0, "cnt": 40}, "CHIMIE ORGANICA TEH NIVEL I/II": {"medie": 6.3, "reusita": 75.0, "cnt": 8}, "ECONOMIE": {"medie": 5.625, "reusita": 100.0, "cnt": 2}}, "nume": "COLEGIUL TEHNIC \"INFOEL\" BISTRITA\tBistri\u021ba-N\u0103s\u0103ud"}