{"specializari": {"TEHNICIAN ECOLOG SI PROTECTIA CALITATII MEDIULUI": 21, "TEHNICIAN TRANSPORTURI": 2, "TEHNICIAN ELECTROTEHNIST": 1, "TEHNICIAN IN ACTIVITATI DE COMERT": 19, "TEHNICIAN ELECTRONIST": 3, "TEHNICIAN IN GASTRONOMIE": 22, "TEHNICIAN MECATRONIST": 5, "TEHNICIAN ELECTROMECANIC": 8, "TEHNICIAN IN PRELUCRAREA LEMNULUI": 3, "TEHNICIAN DESIGNER MOBILA SI AMENAJARI INTERIOARE": 1, "TEHNICIAN PROIECTANT CAD": 1, "TEHNICIAN INSTALATOR PENTRU CONSTRUCTII": 1}, "limba_moderna": {"LIMBA ENGLEZA": 65, "LIMBA FRANCEZA": 21, "LIMBA GERMANA MODERNA": 1}, "limba_materna": {"LIMBA ROMANA": 87}, "promotie_anterioara": {"DA": 19, "NU": 68}, "materii": {"LIMBA ROMANA": {"medie": 5.62923076923077, "reusita": 55.172413793103445, "cnt": 87}, "GENERAL": {"medie": 4.996060606060608, "reusita": 13.793103448275861, "cnt": 87}, "BIOLOGIE VEGETALA SI ANIMALA": {"medie": 4.073809523809523, "reusita": 32.0, "cnt": 25}, "GEOGRAFIE": {"medie": 6.475, "reusita": 54.54545454545454, "cnt": 22}, "MATEMATICA TEHN": {"medie": 3.817796610169491, "reusita": 25.287356321839084, "cnt": 87}, "FIZICA TEH": {"medie": 6.216666666666666, "reusita": 100.0, "cnt": 3}, "LOGICA, ARGUMENTARE SI COMUNICARE": {"medie": 7.190909090909091, "reusita": 47.368421052631575, "cnt": 19}, "CHIMIE ANORGANICA TEH NIVEL I/II": {"medie": 4.472727272727272, "reusita": 33.33333333333333, "cnt": 18}}, "nume": "COLEGIUL TEHNIC CAMPULUNG\tArge\u0219"}