{"specializari": {"MATEMATICA-INFORMATICA": 23, "STIINTE SOCIALE": 27, "FILOLOGIE": 28, "INVATATOR - EDUCATOARE": 48}, "limba_moderna": {"LIMBA ENGLEZA": 126}, "limba_materna": {"LIMBA ROMANA": 126}, "promotie_anterioara": {"DA": 1, "NU": 125}, "materii": {"LIMBA ROMANA": {"medie": 7.39404761904762, "reusita": 96.03174603174604, "cnt": 126}, "ANATOMIE SI FIZIOLOGIE UMANA, GENETICA SI ECOLOGIE UMANA": {"medie": 7.75, "reusita": 100.0, "cnt": 6}, "GENERAL": {"medie": 7.900661375661376, "reusita": 92.85714285714286, "cnt": 126}, "MATEMATICA MATE-INFO": {"medie": 7.643478260869566, "reusita": 100.0, "cnt": 23}, "ISTORIE": {"medie": 8.319999999999999, "reusita": 100.0, "cnt": 55}, "GEOGRAFIE": {"medie": 8.332142857142857, "reusita": 100.0, "cnt": 14}, "MATEMATICA PED": {"medie": 7.376041666666665, "reusita": 93.75, "cnt": 48}, "LOGICA, ARGUMENTARE SI COMUNICARE": {"medie": 8.669642857142852, "reusita": 100.0, "cnt": 84}, "PSIHOLOGIE": {"medie": 8.3, "reusita": 100.0, "cnt": 4}, "FILOSOFIE": {"medie": 8.55, "reusita": 100.0, "cnt": 1}, "FIZICA TEO": {"medie": 8.643749999999999, "reusita": 100.0, "cnt": 8}, "CHIMIE ORGANICA TEO NIVEL I/II": {"medie": 7.366666666666667, "reusita": 100.0, "cnt": 3}, "INFORMATICA MI C/C++": {"medie": 7.158333333333332, "reusita": 100.0, "cnt": 6}}, "nume": "COLEGIUL NATIONAL PEDAGOGIC \"CONSTANTIN BRATESCU\" CONSTANTA\tConstan\u021ba"}