{"specializari": {"STIINTE ALE NATURII": 100, "MATEMATICA-INFORMATICA": 57, "FILOLOGIE": 30}, "limba_moderna": {"LIMBA ENGLEZA": 174, "LIMBA FRANCEZA": 13}, "limba_materna": {"LIMBA ROMANA": 187}, "promotie_anterioara": {"DA": 18, "NU": 169}, "materii": {"LIMBA ROMANA": {"medie": 8.46534090909091, "reusita": 91.44385026737967, "cnt": 187}, "MATEMATICA ST-NAT": {"medie": 7.3405882352941205, "reusita": 66.0, "cnt": 100}, "ANATOMIE SI FIZIOLOGIE UMANA, GENETICA SI ECOLOGIE UMANA": {"medie": 8.014835164835164, "reusita": 76.69902912621359, "cnt": 103}, "GENERAL": {"medie": 8.475536062378167, "reusita": 78.6096256684492, "cnt": 187}, "MATEMATICA MATE-INFO": {"medie": 9.012280701754387, "reusita": 96.49122807017544, "cnt": 57}, "BIOLOGIE VEGETALA SI ANIMALA": {"medie": 10.0, "reusita": 66.66666666666666, "cnt": 3}, "ISTORIE": {"medie": 9.005, "reusita": 100.0, "cnt": 30}, "GEOGRAFIE": {"medie": 9.573076923076924, "reusita": 100.0, "cnt": 13}, "SOCIOLOGIE": {"medie": 9.366666666666667, "reusita": 100.0, "cnt": 3}, "LOGICA, ARGUMENTARE SI COMUNICARE": {"medie": 9.654545454545454, "reusita": 100.0, "cnt": 11}, "PSIHOLOGIE": {"medie": 9.4, "reusita": 100.0, "cnt": 1}, "FILOSOFIE": {"medie": 9.4, "reusita": 100.0, "cnt": 1}, "FIZICA TEO": {"medie": 7.735714285714285, "reusita": 100.0, "cnt": 7}, "CHIMIE ORGANICA TEO NIVEL I/II": {"medie": 9.440909090909091, "reusita": 100.0, "cnt": 11}, "INFORMATICA MI C/C++": {"medie": 9.2875, "reusita": 100.0, "cnt": 32}, "CHIMIE ANORGANICA TEO NIVEL I/II": {"medie": 10.0, "reusita": 100.0, "cnt": 1}, "ECONOMIE": {"medie": 9.2, "reusita": 100.0, "cnt": 1}}, "nume": "COLEGIUL NATIONAL \"EMIL RACOVITA\", IASI\tIa\u0219i"}