{"specializari": {"INVATATOR - EDUCATOARE": 62, "STIINTE SOCIALE": 32, "FILOLOGIE": 36, "STIINTE ALE NATURII": 33}, "limba_moderna": {"LIMBA FRANCEZA": 5, "LIMBA ENGLEZA": 158}, "limba_materna": {"LIMBA ROMANA": 163}, "promotie_anterioara": {"DA": 1, "NU": 162}, "materii": {"LIMBA ROMANA": {"medie": 7.825153374233127, "reusita": 99.38650306748467, "cnt": 163}, "MATEMATICA ST-NAT": {"medie": 6.67878787878788, "reusita": 93.93939393939394, "cnt": 33}, "ANATOMIE SI FIZIOLOGIE UMANA, GENETICA SI ECOLOGIE UMANA": {"medie": 9.043333333333333, "reusita": 100.0, "cnt": 30}, "GENERAL": {"medie": 8.13703703703704, "reusita": 92.63803680981594, "cnt": 163}, "ISTORIE": {"medie": 8.26323529411765, "reusita": 98.52941176470588, "cnt": 68}, "GEOGRAFIE": {"medie": 8.89375, "reusita": 100.0, "cnt": 24}, "MATEMATICA PED": {"medie": 7.660483870967742, "reusita": 95.16129032258065, "cnt": 62}, "LOGICA, ARGUMENTARE SI COMUNICARE": {"medie": 8.774757281553397, "reusita": 96.15384615384616, "cnt": 104}, "PSIHOLOGIE": {"medie": 9.25, "reusita": 100.0, "cnt": 2}, "FIZICA TEO": {"medie": 9.8, "reusita": 100.0, "cnt": 1}, "CHIMIE ORGANICA TEO NIVEL I/II": {"medie": 8.9, "reusita": 100.0, "cnt": 1}, "CHIMIE ANORGANICA TEO NIVEL I/II": {"medie": 5.1, "reusita": 100.0, "cnt": 1}}, "nume": "COLEGIUL NATIONAL \"GHEORGHE ASACHI\", MUNICIPIUL PIATRA-NEAMT\tNeam\u021b"}