{"specializari": {"TEHNICIAN IN AUTOMATIZARI": 4, "TEHNICIAN MECATRONIST": 12, "TEHNICIAN ELECTRICIAN/ELECTRONIST AUTO": 8, "STIINTE SOCIALE": 15, "FILOLOGIE": 8, "TEHNICIAN IN CONSTRUCTII SI LUCRARI PUBLICE": 1, "TEHNICIAN DESENATOR PENTRU CONSTRUCTII SI INSTALATII": 2}, "limba_moderna": {"LIMBA ENGLEZA": 48, "LIMBA FRANCEZA": 2}, "limba_materna": {"LIMBA ROMANA": 50}, "promotie_anterioara": {"DA": 11, "NU": 39}, "materii": {"LIMBA ROMANA": {"medie": 5.312790697674417, "reusita": 66.0, "cnt": 50}, "GENERAL": {"medie": 5.492276422764228, "reusita": 38.0, "cnt": 50}, "BIOLOGIE VEGETALA SI ANIMALA": {"medie": 3.8357142857142854, "reusita": 22.22222222222222, "cnt": 27}, "ISTORIE": {"medie": 7.1225, "reusita": 86.95652173913044, "cnt": 23}, "GEOGRAFIE": {"medie": 7.772727272727272, "reusita": 78.57142857142857, "cnt": 14}, "MATEMATICA TEHN": {"medie": 3.8782608695652177, "reusita": 33.33333333333333, "cnt": 27}, "SOCIOLOGIE": {"medie": 8.425, "reusita": 100.0, "cnt": 4}, "LOGICA, ARGUMENTARE SI COMUNICARE": {"medie": 7.029999999999999, "reusita": 100.0, "cnt": 5}}, "nume": "COLEGIUL TEHNIC \"SAMUIL ISOPESCU\" SUCEAVA\tSuceava"}