{"specializari": {"STIINTE ALE NATURII": 30, "MATEMATICA-INFORMATICA": 30, "FILOLOGIE": 40, "INVATATOR - EDUCATOARE": 28}, "limba_moderna": {"LIMBA FRANCEZA": 8, "LIMBA ENGLEZA": 113, "LIMBA GERMANA MODERNA": 7}, "limba_materna": {"LIMBA ROMANA": 127, "LIMBA GERMANA": 1}, "promotie_anterioara": {"DA": 8, "NU": 120}, "materii": {"LIMBA ROMANA": {"medie": 7.742968750000002, "reusita": 94.53125, "cnt": 128}, "MATEMATICA ST-NAT": {"medie": 5.068965517241379, "reusita": 53.333333333333336, "cnt": 30}, "ANATOMIE SI FIZIOLOGIE UMANA, GENETICA SI ECOLOGIE UMANA": {"medie": 7.418965517241379, "reusita": 93.10344827586206, "cnt": 29}, "GENERAL": {"medie": 7.501049868766404, "reusita": 75.78125, "cnt": 128}, "MATEMATICA MATE-INFO": {"medie": 6.5066666666666695, "reusita": 80.0, "cnt": 30}, "BIOLOGIE VEGETALA SI ANIMALA": {"medie": 5.4375, "reusita": 50.0, "cnt": 4}, "ISTORIE": {"medie": 7.459999999999999, "reusita": 97.5, "cnt": 40}, "GEOGRAFIE": {"medie": 9.55, "reusita": 100.0, "cnt": 1}, "MATEMATICA PED": {"medie": 7.923214285714287, "reusita": 96.42857142857143, "cnt": 28}, "LOGICA, ARGUMENTARE SI COMUNICARE": {"medie": 8.704545454545455, "reusita": 92.42424242424242, "cnt": 66}, "PSIHOLOGIE": {"medie": 9.2, "reusita": 100.0, "cnt": 1}, "FIZICA TEO": {"medie": 6.616666666666667, "reusita": 100.0, "cnt": 3}, "CHIMIE ORGANICA TEO NIVEL I/II": {"medie": 7.6, "reusita": 100.0, "cnt": 1}, "INFORMATICA MI C/C++": {"medie": 7.311764705882354, "reusita": 94.11764705882352, "cnt": 17}, "LIMBA GERMANA": {"medie": 2.75, "reusita": 0.0, "cnt": 1}, "INFORMATICA SN C/C++": {"medie": 5.583333333333333, "reusita": 83.33333333333334, "cnt": 6}}, "nume": "COLEGIUL NATIONAL \"C.D. LOGA\" CARANSEBES\tCara\u0219-Severin"}