{"specializari": {"TEHNICIAN CHIMIST DE LABORATOR": 23, "TEHNICIAN IN CHIMIE INDUSTRIALA": 4, "TEHNICIAN ECOLOG SI PROTECTIA CALITATII MEDIULUI": 19, "COAFOR STILIST": 19}, "limba_moderna": {"LIMBA ENGLEZA": 54, "LIMBA FRANCEZA": 11}, "limba_materna": {"LIMBA ROMANA": 65}, "promotie_anterioara": {"DA": 15, "NU": 50}, "materii": {"LIMBA ROMANA": {"medie": 6.249999999999999, "reusita": 92.3076923076923, "cnt": 65}, "ANATOMIE SI FIZIOLOGIE UMANA, GENETICA SI ECOLOGIE UMANA": {"medie": 5.65, "reusita": 100.0, "cnt": 1}, "GENERAL": {"medie": 6.237830687830688, "reusita": 56.92307692307692, "cnt": 65}, "BIOLOGIE VEGETALA SI ANIMALA": {"medie": 7.1241379310344835, "reusita": 89.65517241379311, "cnt": 29}, "GEOGRAFIE": {"medie": 6.523684210526315, "reusita": 84.21052631578947, "cnt": 19}, "MATEMATICA TEHN": {"medie": 5.683593750000001, "reusita": 83.07692307692308, "cnt": 65}, "CHIMIE ANORGANICA TEH NIVEL I/II": {"medie": 6.436666666666666, "reusita": 87.5, "cnt": 16}}, "nume": "COLEGIUL TEHNIC \"ANA ASLAN\" CLUJ-NAPOCA\tCluj"}