{"specializari": {"STIINTE ALE NATURII": 65, "FILOLOGIE": 115, "MATEMATICA-INFORMATICA": 76, "STIINTE SOCIALE": 36}, "limba_moderna": {"LIMBA ENGLEZA": 237, "LIMBA FRANCEZA": 55}, "limba_materna": {"LIMBA ROMANA": 292}, "promotie_anterioara": {"DA": 3, "NU": 289}, "materii": {"LIMBA ROMANA": {"medie": 8.032646048109966, "reusita": 99.65753424657534, "cnt": 292}, "MATEMATICA ST-NAT": {"medie": 7.676153846153845, "reusita": 98.46153846153847, "cnt": 65}, "ANATOMIE SI FIZIOLOGIE UMANA, GENETICA SI ECOLOGIE UMANA": {"medie": 8.726470588235294, "reusita": 100.0, "cnt": 34}, "GENERAL": {"medie": 8.257273768613976, "reusita": 96.91780821917808, "cnt": 292}, "MATEMATICA MATE-INFO": {"medie": 7.995394736842105, "reusita": 97.36842105263158, "cnt": 76}, "BIOLOGIE VEGETALA SI ANIMALA": {"medie": 7.636363636363637, "reusita": 95.45454545454545, "cnt": 22}, "ISTORIE": {"medie": 8.440728476821194, "reusita": 100.0, "cnt": 151}, "GEOGRAFIE": {"medie": 8.352884615384617, "reusita": 100.0, "cnt": 52}, "SOCIOLOGIE": {"medie": 9.212499999999999, "reusita": 100.0, "cnt": 4}, "LOGICA, ARGUMENTARE SI COMUNICARE": {"medie": 9.343529411764706, "reusita": 100.0, "cnt": 85}, "PSIHOLOGIE": {"medie": 8.533333333333333, "reusita": 100.0, "cnt": 6}, "FIZICA TEO": {"medie": 7.8011627906976715, "reusita": 95.34883720930233, "cnt": 43}, "CHIMIE ORGANICA TEO NIVEL I/II": {"medie": 7.925806451612903, "reusita": 96.7741935483871, "cnt": 31}, "INFORMATICA MI C/C++": {"medie": 9.172727272727272, "reusita": 100.0, "cnt": 11}, "ECONOMIE": {"medie": 9.375, "reusita": 100.0, "cnt": 4}}, "nume": "COLEGIUL NATIONAL \"MIHAI EMINESCU\" MUNICIPIUL BUZAU\tBuz\u0103u"}