{"specializari": {"STIINTE ALE NATURII": 41, "STIINTE SOCIALE": 32, "MATEMATICA-INFORMATICA": 32, "TEHNICIAN IN ACTIVITATI ECONOMICE": 30, "FILOLOGIE": 29}, "limba_moderna": {"LIMBA ENGLEZA": 161, "LIMBA FRANCEZA": 3}, "limba_materna": {"LIMBA ROMANA": 164}, "promotie_anterioara": {"DA": 5, "NU": 159}, "materii": {"LIMBA ROMANA": {"medie": 7.861656441717788, "reusita": 99.39024390243902, "cnt": 164}, "MATEMATICA ST-NAT": {"medie": 6.801250000000001, "reusita": 90.2439024390244, "cnt": 41}, "ANATOMIE SI FIZIOLOGIE UMANA, GENETICA SI ECOLOGIE UMANA": {"medie": 8.074242424242426, "reusita": 91.17647058823529, "cnt": 34}, "GENERAL": {"medie": 7.900308641975314, "reusita": 93.90243902439023, "cnt": 164}, "MATEMATICA MATE-INFO": {"medie": 8.8453125, "reusita": 96.875, "cnt": 32}, "ISTORIE": {"medie": 6.9174999999999995, "reusita": 98.36065573770492, "cnt": 61}, "GEOGRAFIE": {"medie": 8.133928571428571, "reusita": 100.0, "cnt": 28}, "MATEMATICA TEHN": {"medie": 8.325, "reusita": 100.0, "cnt": 30}, "LOGICA, ARGUMENTARE SI COMUNICARE": {"medie": 8.760483870967743, "reusita": 98.38709677419355, "cnt": 62}, "PSIHOLOGIE": {"medie": 7.15, "reusita": 100.0, "cnt": 1}, "FIZICA TEO": {"medie": 8.31842105263158, "reusita": 94.73684210526315, "cnt": 19}, "CHIMIE ORGANICA TEO NIVEL I/II": {"medie": 9.216666666666667, "reusita": 100.0, "cnt": 3}, "INFORMATICA MI C/C++": {"medie": 8.208333333333334, "reusita": 100.0, "cnt": 6}, "CHIMIE ANORGANICA TEO NIVEL I/II": {"medie": 6.572727272727272, "reusita": 90.9090909090909, "cnt": 11}}, "nume": "COLEGIUL NATIONAL \"STEFAN CEL MARE\", HARLAU\tIa\u0219i"}