{"specializari": {"TEHNICIAN ECOLOG SI PROTECTIA CALITATII MEDIULUI": 32, "TEHNICIAN ANALIZE PRODUSE ALIMENTARE": 32, "TEHNICIAN IN INDUSTRIA ALIMENTARA": 4, "TEHNICIAN IN ADMINISTRATIE": 21, "TEHNICIAN IN AGROTURISM": 4, "TEHNICIAN VETERINAR": 17, "TEHNICIAN IN AGRICULTURA": 17, "TEHNICIAN IN ACTIVITATI ECONOMICE": 27}, "limba_moderna": {"LIMBA FRANCEZA": 8, "LIMBA ENGLEZA": 146}, "limba_materna": {"LIMBA ROMANA": 154}, "promotie_anterioara": {"DA": 39, "NU": 115}, "materii": {"LIMBA ROMANA": {"medie": 5.470629370629373, "reusita": 73.37662337662337, "cnt": 154}, "ANATOMIE SI FIZIOLOGIE UMANA, GENETICA SI ECOLOGIE UMANA": {"medie": 4.726630434782608, "reusita": 47.11538461538461, "cnt": 104}, "GENERAL": {"medie": 5.096641791044775, "reusita": 32.467532467532465, "cnt": 154}, "BIOLOGIE VEGETALA SI ANIMALA": {"medie": 6.199999999999999, "reusita": 100.0, "cnt": 2}, "GEOGRAFIE": {"medie": 7.734782608695652, "reusita": 95.74468085106383, "cnt": 47}, "MATEMATICA TEHN": {"medie": 4.054545454545454, "reusita": 47.4025974025974, "cnt": 154}, "LOGICA, ARGUMENTARE SI COMUNICARE": {"medie": 8.75, "reusita": 100.0, "cnt": 1}}, "nume": "COLEGIUL AGRICOL \"TRAIAN SAVULESCU\" TIRGU MURES\tMure\u0219"}