{"specializari": {"MATEMATICA-INFORMATICA": 76, "STIINTE ALE NATURII": 19, "FILOLOGIE": 72}, "limba_moderna": {"LIMBA ENGLEZA": 165, "LIMBA FRANCEZA": 2}, "limba_materna": {"LIMBA ROMANA": 167}, "promotie_anterioara": {"DA": 5, "NU": 162}, "materii": {"LIMBA ROMANA": {"medie": 8.200903614457836, "reusita": 98.20359281437125, "cnt": 167}, "MATEMATICA ST-NAT": {"medie": 5.561111111111111, "reusita": 57.89473684210527, "cnt": 19}, "ANATOMIE SI FIZIOLOGIE UMANA, GENETICA SI ECOLOGIE UMANA": {"medie": 7.829411764705884, "reusita": 97.05882352941177, "cnt": 34}, "GENERAL": {"medie": 8.152525252525248, "reusita": 89.82035928143712, "cnt": 167}, "MATEMATICA MATE-INFO": {"medie": 8.395999999999995, "reusita": 96.05263157894737, "cnt": 76}, "ISTORIE": {"medie": 7.653472222222222, "reusita": 98.61111111111111, "cnt": 72}, "GEOGRAFIE": {"medie": 8.187037037037035, "reusita": 96.29629629629629, "cnt": 27}, "SOCIOLOGIE": {"medie": 7.8199999999999985, "reusita": 100.0, "cnt": 5}, "LOGICA, ARGUMENTARE SI COMUNICARE": {"medie": 8.91212121212121, "reusita": 96.96969696969697, "cnt": 33}, "FIZICA TEO": {"medie": 8.695000000000002, "reusita": 97.5, "cnt": 40}, "CHIMIE ORGANICA TEO NIVEL I/II": {"medie": 8.71, "reusita": 100.0, "cnt": 10}, "INFORMATICA MI C/C++": {"medie": 8.255555555555555, "reusita": 100.0, "cnt": 9}, "CHIMIE ANORGANICA TEO NIVEL I/II": {"medie": 9.399999999999999, "reusita": 100.0, "cnt": 2}, "ECONOMIE": {"medie": 8.971428571428572, "reusita": 100.0, "cnt": 7}}, "nume": "COLEGIUL NATIONAL \"TRAIAN\"\tMehedin\u021bi"}