{"specializari": {"STIINTE SOCIALE": 38, "INVATATOR - EDUCATOARE": 28, "MATEMATICA-INFORMATICA": 27, "FILOLOGIE": 37}, "limba_moderna": {"LIMBA ENGLEZA": 124, "LIMBA FRANCEZA": 4, "LIMBA GERMANA MODERNA": 2}, "limba_materna": {"LIMBA ROMANA": 130}, "promotie_anterioara": {"DA": 1, "NU": 129}, "materii": {"LIMBA ROMANA": {"medie": 7.940310077519383, "reusita": 99.23076923076923, "cnt": 130}, "ANATOMIE SI FIZIOLOGIE UMANA, GENETICA SI ECOLOGIE UMANA": {"medie": 8.779166666666667, "reusita": 100.0, "cnt": 12}, "GENERAL": {"medie": 8.394708994708996, "reusita": 95.38461538461539, "cnt": 130}, "MATEMATICA MATE-INFO": {"medie": 8.155555555555555, "reusita": 92.5925925925926, "cnt": 27}, "ISTORIE": {"medie": 8.296575342465754, "reusita": 97.33333333333334, "cnt": 75}, "GEOGRAFIE": {"medie": 8.59390243902439, "reusita": 95.34883720930233, "cnt": 43}, "SOCIOLOGIE": {"medie": 8.93478260869565, "reusita": 95.83333333333334, "cnt": 24}, "MATEMATICA PED": {"medie": 8.373214285714285, "reusita": 100.0, "cnt": 28}, "LOGICA, ARGUMENTARE SI COMUNICARE": {"medie": 9.535483870967743, "reusita": 96.875, "cnt": 32}, "PSIHOLOGIE": {"medie": 7.983333333333333, "reusita": 100.0, "cnt": 3}, "FILOSOFIE": {"medie": 8.6, "reusita": 100.0, "cnt": 1}, "INFORMATICA MI C/C++": {"medie": 8.585714285714285, "reusita": 100.0, "cnt": 14}, "CHIMIE ANORGANICA TEO NIVEL I/II": {"medie": 8.05, "reusita": 100.0, "cnt": 1}}, "nume": "COLEGIUL NATIONAL \"PREPARANDIA-DIMITRIE TICHINDEAL\" ARAD\tArad"}