{"specializari": {"FILOLOGIE": 58, "STIINTE SOCIALE": 32, "STIINTE ALE NATURII": 65, "MATEMATICA-INFORMATICA": 32}, "limba_moderna": {"LIMBA ENGLEZA": 179, "LIMBA SPANIOLA": 2, "LIMBA FRANCEZA": 4, "LIMBA GERMANA MODERNA": 2}, "limba_materna": {"LIMBA ROMANA": 184, "LIMBA MAGHIARA": 3}, "promotie_anterioara": {"NU": 187}, "materii": {"LIMBA ROMANA": {"medie": 8.583796791443843, "reusita": 100.0, "cnt": 187}, "MATEMATICA ST-NAT": {"medie": 8.875384615384618, "reusita": 100.0, "cnt": 65}, "ANATOMIE SI FIZIOLOGIE UMANA, GENETICA SI ECOLOGIE UMANA": {"medie": 9.45, "reusita": 100.0, "cnt": 23}, "GENERAL": {"medie": 8.846827094474147, "reusita": 99.46524064171123, "cnt": 187}, "MATEMATICA MATE-INFO": {"medie": 8.887500000000001, "reusita": 100.0, "cnt": 32}, "BIOLOGIE VEGETALA SI ANIMALA": {"medie": 9.383999999999999, "reusita": 100.0, "cnt": 25}, "ISTORIE": {"medie": 8.525000000000002, "reusita": 100.0, "cnt": 90}, "GEOGRAFIE": {"medie": 9.259375, "reusita": 100.0, "cnt": 16}, "LOGICA, ARGUMENTARE SI COMUNICARE": {"medie": 9.272602739726027, "reusita": 98.63013698630137, "cnt": 73}, "PSIHOLOGIE": {"medie": 8.05, "reusita": 100.0, "cnt": 1}, "LIMBA MAGHIARA (REAL)": {"medie": 9.616666666666665, "reusita": 100.0, "cnt": 3}, "FIZICA TEO": {"medie": 8.516666666666667, "reusita": 100.0, "cnt": 9}, "CHIMIE ORGANICA TEO NIVEL I/II": {"medie": 9.200000000000003, "reusita": 100.0, "cnt": 16}, "INFORMATICA MI C/C++": {"medie": 8.957894736842107, "reusita": 100.0, "cnt": 19}, "INFORMATICA SN C/C++": {"medie": 9.57, "reusita": 100.0, "cnt": 5}}, "nume": "COLEGIUL NATIONAL \"OCTAVIAN GOGA\" SIBIU\tSibiu"}