{"specializari": {"TEHNICIAN IN ACTIVITATI DE COMERT": 27, "TEHNICIAN IN TURISM": 26, "TEHNICIAN IN GASTRONOMIE": 27, "TEHNICIAN IN ADMINISTRATIE": 25, "TEHNICIAN IN ACTIVITATI ECONOMICE": 78}, "limba_moderna": {"LIMBA FRANCEZA": 5, "LIMBA ENGLEZA": 178}, "limba_materna": {"LIMBA ROMANA": 183}, "promotie_anterioara": {"DA": 5, "NU": 178}, "materii": {"LIMBA ROMANA": {"medie": 7.7038461538461505, "reusita": 99.4535519125683, "cnt": 183}, "GENERAL": {"medie": 7.871944444444446, "reusita": 91.80327868852459, "cnt": 183}, "GEOGRAFIE": {"medie": 7.825454545454544, "reusita": 94.54545454545455, "cnt": 55}, "MATEMATICA TEHN": {"medie": 7.4575, "reusita": 94.53551912568307, "cnt": 183}, "LOGICA, ARGUMENTARE SI COMUNICARE": {"medie": 8.708400000000003, "reusita": 98.4251968503937, "cnt": 127}, "ECONOMIE": {"medie": 5.8, "reusita": 100.0, "cnt": 1}}, "nume": "COLEGIUL ECONOMIC \"OCTAV ONICESCU\" BOTOSANI\tBoto\u0219ani"}