{"specializari": {"MATEMATICA-INFORMATICA": 34, "TEOLOGIE ORTODOXA": 21, "STIINTE ALE NATURII": 32, "INVATATOR - EDUCATOARE": 29, "FILOLOGIE": 30}, "limba_moderna": {"LIMBA ENGLEZA": 146}, "limba_materna": {"LIMBA ROMANA": 146}, "promotie_anterioara": {"DA": 4, "NU": 142}, "materii": {"LIMBA ROMANA": {"medie": 8.24793103448276, "reusita": 96.57534246575342, "cnt": 146}, "MATEMATICA ST-NAT": {"medie": 8.65625, "reusita": 100.0, "cnt": 32}, "ANATOMIE SI FIZIOLOGIE UMANA, GENETICA SI ECOLOGIE UMANA": {"medie": 9.742857142857144, "reusita": 100.0, "cnt": 35}, "GENERAL": {"medie": 8.452331002330999, "reusita": 94.52054794520548, "cnt": 146}, "MATEMATICA MATE-INFO": {"medie": 8.481818181818182, "reusita": 94.11764705882352, "cnt": 34}, "BIOLOGIE VEGETALA SI ANIMALA": {"medie": 9.038888888888886, "reusita": 94.73684210526315, "cnt": 19}, "ISTORIE": {"medie": 7.551000000000001, "reusita": 98.0392156862745, "cnt": 51}, "GEOGRAFIE": {"medie": 8.43013698630137, "reusita": 97.2972972972973, "cnt": 74}, "SOCIOLOGIE": {"medie": 9.225, "reusita": 100.0, "cnt": 2}, "MATEMATICA PED": {"medie": 8.4, "reusita": 100.0, "cnt": 29}, "PSIHOLOGIE": {"medie": 9.033333333333333, "reusita": 100.0, "cnt": 3}, "FILOSOFIE": {"medie": 9.4, "reusita": 100.0, "cnt": 1}, "INFORMATICA MI C/C++": {"medie": 8.633333333333335, "reusita": 100.0, "cnt": 12}}, "nume": "COLEGIUL NATIONAL PEDAGOGIC \"CARMEN SYLVA\" TIMISOARA\tTimi\u0219"}