{"specializari": {"MATEMATICA-INFORMATICA": 36}, "limba_moderna": {"LIMBA ENGLEZA": 35, "LIMBA FRANCEZA": 1}, "limba_materna": {"LIMBA ROMANA": 36}, "promotie_anterioara": {"NU": 36}, "materii": {"LIMBA ROMANA": {"medie": 8.830555555555556, "reusita": 100.0, "cnt": 36}, "GENERAL": {"medie": 8.914814814814813, "reusita": 100.0, "cnt": 36}, "MATEMATICA MATE-INFO": {"medie": 9.072222222222223, "reusita": 100.0, "cnt": 36}, "BIOLOGIE VEGETALA SI ANIMALA": {"medie": 9.283333333333333, "reusita": 100.0, "cnt": 12}, "FIZICA TEO": {"medie": 8.534210526315789, "reusita": 100.0, "cnt": 19}, "CHIMIE ORGANICA TEO NIVEL I/II": {"medie": 8.75, "reusita": 100.0, "cnt": 1}, "INFORMATICA MI C/C++": {"medie": 9.233333333333333, "reusita": 100.0, "cnt": 3}, "CHIMIE ANORGANICA TEO NIVEL I/II": {"medie": 8.3, "reusita": 100.0, "cnt": 1}}, "nume": "COLEGIUL NATIONAL MILITAR \"TUDOR VLADIMIRESCU\" CRAIOVA\tDolj"}