{"specializari": {"ORGANIZATOR BANQUETING": 1, "MATEMATICA-INFORMATICA": 2, "TEHNICIAN IN CONSTRUCTII SI LUCRARI PUBLICE": 1, "TEHNICIAN IN TURISM": 26, "TEHNICIAN IN AUTOMATIZARI": 1, "STIINTE ALE NATURII": 28, "INVATATOR - EDUCATOARE": 19}, "limba_moderna": {"LIMBA ENGLEZA": 78}, "limba_materna": {"LIMBA MAGHIARA": 78}, "promotie_anterioara": {"DA": 11, "NU": 67}, "materii": {"LIMBA ROMANA": {"medie": 6.165333333333333, "reusita": 82.05128205128204, "cnt": 78}, "MATEMATICA ST-NAT": {"medie": 7.319642857142859, "reusita": 96.42857142857143, "cnt": 28}, "ANATOMIE SI FIZIOLOGIE UMANA, GENETICA SI ECOLOGIE UMANA": {"medie": 8.224074074074073, "reusita": 100.0, "cnt": 27}, "GENERAL": {"medie": 6.870270270270269, "reusita": 70.51282051282051, "cnt": 78}, "MATEMATICA MATE-INFO": {"medie": 5.449999999999999, "reusita": 100.0, "cnt": 2}, "GEOGRAFIE": {"medie": 6.945238095238094, "reusita": 93.02325581395348, "cnt": 43}, "MATEMATICA TEHN": {"medie": 5.162068965517241, "reusita": 82.75862068965517, "cnt": 29}, "MATEMATICA PED": {"medie": 7.622222222222222, "reusita": 94.73684210526315, "cnt": 19}, "CHIMIE ANORGANICA TEH NIVEL I/II": {"medie": 5.3, "reusita": 100.0, "cnt": 1}, "PSIHOLOGIE": {"medie": 8.216666666666667, "reusita": 100.0, "cnt": 3}, "LIMBA MAGHIARA (REAL)": {"medie": 6.928448275862068, "reusita": 98.30508474576271, "cnt": 59}, "LIMBA MAGHIARA (UMAN)": {"medie": 7.602777777777776, "reusita": 94.73684210526315, "cnt": 19}, "CHIMIE ORGANICA TEO NIVEL I/II": {"medie": 6.825, "reusita": 100.0, "cnt": 2}, "INFORMATICA SN C/C++": {"medie": 9.5, "reusita": 100.0, "cnt": 2}}, "nume": "COLEGIUL NATIONAL \"BETHLEN GABOR\" AIUD\tAlba"}