{"specializari": {"STIINTE ALE NATURII": 55, "MATEMATICA-INFORMATICA": 26, "STIINTE SOCIALE": 33}, "limba_moderna": {"LIMBA ENGLEZA": 114}, "limba_materna": {"LIMBA ROMANA": 114}, "promotie_anterioara": {"NU": 114}, "materii": {"LIMBA ROMANA": {"medie": 8.298245614035086, "reusita": 100.0, "cnt": 114}, "MATEMATICA ST-NAT": {"medie": 8.634545454545455, "reusita": 100.0, "cnt": 55}, "ANATOMIE SI FIZIOLOGIE UMANA, GENETICA SI ECOLOGIE UMANA": {"medie": 9.350980392156865, "reusita": 100.0, "cnt": 51}, "GENERAL": {"medie": 8.752046783625735, "reusita": 100.0, "cnt": 114}, "MATEMATICA MATE-INFO": {"medie": 9.457692307692307, "reusita": 100.0, "cnt": 26}, "ISTORIE": {"medie": 9.140909090909092, "reusita": 100.0, "cnt": 33}, "GEOGRAFIE": {"medie": 8.184999999999999, "reusita": 100.0, "cnt": 20}, "SOCIOLOGIE": {"medie": 9.183333333333334, "reusita": 100.0, "cnt": 6}, "LOGICA, ARGUMENTARE SI COMUNICARE": {"medie": 9.433333333333334, "reusita": 100.0, "cnt": 6}, "FILOSOFIE": {"medie": 10.0, "reusita": 100.0, "cnt": 1}, "FIZICA TEO": {"medie": 8.2, "reusita": 100.0, "cnt": 7}, "INFORMATICA MI C/C++": {"medie": 8.87857142857143, "reusita": 100.0, "cnt": 21}, "CHIMIE ANORGANICA TEO NIVEL I/II": {"medie": 9.1, "reusita": 100.0, "cnt": 1}, "INFORMATICA SN C/C++": {"medie": 9.5, "reusita": 100.0, "cnt": 1}}, "nume": "COLEGIUL NATIONAL \"MIHAI VITEAZUL\" TURDA\tCluj"}