{"specializari": {"MATEMATICA-INFORMATICA": 87, "STIINTE ALE NATURII": 56, "FILOLOGIE": 117, "STIINTE SOCIALE": 30}, "limba_moderna": {"LIMBA ENGLEZA": 278, "LIMBA GERMANA MODERNA": 6, "LIMBA FRANCEZA": 6}, "limba_materna": {"LIMBA MAGHIARA": 79, "LIMBA ROMANA": 211}, "promotie_anterioara": {"DA": 8, "NU": 282}, "materii": {"LIMBA ROMANA": {"medie": 7.846539792387545, "reusita": 96.55172413793103, "cnt": 290}, "MATEMATICA ST-NAT": {"medie": 7.258928571428574, "reusita": 89.28571428571429, "cnt": 56}, "ANATOMIE SI FIZIOLOGIE UMANA, GENETICA SI ECOLOGIE UMANA": {"medie": 8.655263157894737, "reusita": 98.7012987012987, "cnt": 77}, "GENERAL": {"medie": 8.153600464576071, "reusita": 90.3448275862069, "cnt": 290}, "MATEMATICA MATE-INFO": {"medie": 7.398850574712646, "reusita": 89.65517241379311, "cnt": 87}, "BIOLOGIE VEGETALA SI ANIMALA": {"medie": 8.5, "reusita": 100.0, "cnt": 1}, "ISTORIE": {"medie": 8.62142857142857, "reusita": 100.0, "cnt": 147}, "GEOGRAFIE": {"medie": 8.128846153846155, "reusita": 100.0, "cnt": 26}, "SOCIOLOGIE": {"medie": 7.064285714285714, "reusita": 100.0, "cnt": 7}, "LOGICA, ARGUMENTARE SI COMUNICARE": {"medie": 8.92018348623853, "reusita": 99.08256880733946, "cnt": 109}, "PSIHOLOGIE": {"medie": 8.033333333333333, "reusita": 100.0, "cnt": 3}, "FILOSOFIE": {"medie": 9.825, "reusita": 100.0, "cnt": 2}, "LIMBA MAGHIARA (REAL)": {"medie": 7.303846153846155, "reusita": 100.0, "cnt": 52}, "LIMBA MAGHIARA (UMAN)": {"medie": 6.918518518518518, "reusita": 96.29629629629629, "cnt": 27}, "FIZICA TEO": {"medie": 9.15, "reusita": 100.0, "cnt": 2}, "CHIMIE ORGANICA TEO NIVEL I/II": {"medie": 8.25, "reusita": 100.0, "cnt": 5}, "INFORMATICA MI C/C++": {"medie": 7.747368421052632, "reusita": 98.24561403508771, "cnt": 57}, "CHIMIE ANORGANICA TEO NIVEL I/II": {"medie": "-", "reusita": 0.0, "cnt": 1}}, "nume": "COLEGIUL NATIONAL \"MIHAI EMINESCU\" ORADEA\tBihor"}