{"specializari": {"TEHNICIAN DESIGNER VESTIMENTAR": 10, "TEHNICIAN ECOLOG SI PROTECTIA CALITATII MEDIULUI": 18, "TEHNICIAN CHIMIST DE LABORATOR": 3, "STIINTE ALE NATURII": 23, "TEHNICIAN IN INDUSTRIA PIELARIEI": 2, "TEHNICIAN IN CHIMIE INDUSTRIALA": 1}, "limba_moderna": {"LIMBA ENGLEZA": 52, "LIMBA FRANCEZA": 5}, "limba_materna": {"LIMBA ROMANA": 57}, "promotie_anterioara": {"DA": 36, "NU": 21}, "materii": {"LIMBA ROMANA": {"medie": 5.792156862745098, "reusita": 77.19298245614034, "cnt": 57}, "MATEMATICA ST-NAT": {"medie": 3.961904761904762, "reusita": 43.47826086956522, "cnt": 23}, "ANATOMIE SI FIZIOLOGIE UMANA, GENETICA SI ECOLOGIE UMANA": {"medie": 5.659375000000001, "reusita": 75.0, "cnt": 16}, "GENERAL": {"medie": 5.048188405797102, "reusita": 17.543859649122805, "cnt": 57}, "BIOLOGIE VEGETALA SI ANIMALA": {"medie": 4.7921875, "reusita": 48.717948717948715, "cnt": 39}, "MATEMATICA TEHN": {"medie": 4.575862068965517, "reusita": 50.0, "cnt": 34}, "FIZICA TEH": {"medie": "-", "reusita": 0.0, "cnt": 1}, "CHIMIE ORGANICA TEH NIVEL I/II": {"medie": "-", "reusita": 0.0, "cnt": 1}}, "nume": "COLEGIUL TEHNIC \"PETRU RARES\"\tBucure\u0219ti"}