{"specializari": {"TEHNICIAN ELECTRICIAN/ELECTRONIST AUTO": 26, "TEHNICIAN TRANSPORTURI": 41}, "limba_moderna": {"LIMBA ENGLEZA": 58, "LIMBA FRANCEZA": 9}, "limba_materna": {"LIMBA ROMANA": 67}, "promotie_anterioara": {"DA": 14, "NU": 53}, "materii": {"LIMBA ROMANA": {"medie": 5.134545454545455, "reusita": 59.70149253731343, "cnt": 67}, "GENERAL": {"medie": 4.601572327044026, "reusita": 10.44776119402985, "cnt": 67}, "BIOLOGIE VEGETALA SI ANIMALA": {"medie": 3.9270833333333335, "reusita": 20.689655172413794, "cnt": 29}, "MATEMATICA TEHN": {"medie": 4.177358490566037, "reusita": 28.35820895522388, "cnt": 67}, "FIZICA TEH": {"medie": 5.140476190476191, "reusita": 53.84615384615385, "cnt": 26}, "CHIMIE ANORGANICA TEH NIVEL I/II": {"medie": 4.577777777777779, "reusita": 41.66666666666667, "cnt": 12}}, "nume": "COLEGIUL TEHNIC AUTO \"TRAIAN VUIA\" FOCSANI\tVrancea"}