{"specializari": {"TEHNICIAN IN PRELUCRAREA PRODUSELOR DE ORIGINE ANIMALA": 12, "TEHNICIAN ANALIZE PRODUSE ALIMENTARE": 39, "TEHNICIAN IN GASTRONOMIE": 34, "TEHNICIAN IN MORARIT, PANIFICATIE SI PRODUSE FAINOASE": 20, "TEHNICIAN IN IND. ALIM. FERMENTATIVA SI IN PREL. LEGUMELOR SI FRUCTELOR": 12, "TEHNICIAN IN INDUSTRIA ALIMENTARA": 11}, "limba_moderna": {"LIMBA FRANCEZA": 18, "LIMBA ENGLEZA": 110}, "limba_materna": {"LIMBA ROMANA": 128}, "promotie_anterioara": {"DA": 44, "NU": 84}, "materii": {"LIMBA ROMANA": {"medie": 6.007627118644067, "reusita": 84.375, "cnt": 128}, "ANATOMIE SI FIZIOLOGIE UMANA, GENETICA SI ECOLOGIE UMANA": {"medie": 5.888028169014085, "reusita": 66.66666666666666, "cnt": 81}, "GENERAL": {"medie": 6.127217125382262, "reusita": 45.3125, "cnt": 128}, "BIOLOGIE VEGETALA SI ANIMALA": {"medie": 5.300000000000001, "reusita": 50.0, "cnt": 2}, "GEOGRAFIE": {"medie": 7.739130434782608, "reusita": 95.65217391304348, "cnt": 23}, "MATEMATICA TEHN": {"medie": 5.986725663716814, "reusita": 78.125, "cnt": 128}, "LOGICA, ARGUMENTARE SI COMUNICARE": {"medie": 7.25, "reusita": 81.81818181818183, "cnt": 11}, "CHIMIE ANORGANICA TEH NIVEL I/II": {"medie": 6.566666666666666, "reusita": 100.0, "cnt": 3}, "CHIMIE ORGANICA TEH NIVEL I/II": {"medie": 3.9200000000000004, "reusita": 12.5, "cnt": 8}}, "nume": "COLEGIUL DE INDUSTRIE ALIMENTARA \"ELENA DOAMNA\", LOCALITATEA GALATI\tGala\u021bi"}