{"specializari": {"STIINTE ALE NATURII": 60, "STIINTE SOCIALE": 68, "MATEMATICA-INFORMATICA": 95, "FILOLOGIE": 24}, "limba_moderna": {"LIMBA ENGLEZA": 233, "LIMBA GERMANA MODERNA": 4, "LIMBA FRANCEZA": 7, "LIMBA SPANIOLA": 3}, "limba_materna": {"LIMBA ROMANA": 247}, "promotie_anterioara": {"DA": 5, "NU": 242}, "materii": {"LIMBA ROMANA": {"medie": 8.897764227642282, "reusita": 99.59514170040485, "cnt": 247}, "MATEMATICA ST-NAT": {"medie": 8.821666666666664, "reusita": 98.33333333333333, "cnt": 60}, "ANATOMIE SI FIZIOLOGIE UMANA, GENETICA SI ECOLOGIE UMANA": {"medie": 8.066666666666666, "reusita": 100.0, "cnt": 6}, "GENERAL": {"medie": 8.895782312925169, "reusita": 98.78542510121457, "cnt": 247}, "MATEMATICA MATE-INFO": {"medie": 8.910526315789472, "reusita": 100.0, "cnt": 95}, "BIOLOGIE VEGETALA SI ANIMALA": {"medie": 9.100000000000001, "reusita": 97.43589743589743, "cnt": 39}, "ISTORIE": {"medie": 8.661956521739132, "reusita": 100.0, "cnt": 92}, "GEOGRAFIE": {"medie": 8.919230769230772, "reusita": 96.15384615384616, "cnt": 26}, "SOCIOLOGIE": {"medie": 9.253333333333334, "reusita": 100.0, "cnt": 15}, "LOGICA, ARGUMENTARE SI COMUNICARE": {"medie": 9.142857142857142, "reusita": 100.0, "cnt": 21}, "PSIHOLOGIE": {"medie": 8.6125, "reusita": 100.0, "cnt": 12}, "FILOSOFIE": {"medie": 9.283333333333333, "reusita": 100.0, "cnt": 3}, "FIZICA TEO": {"medie": 8.87142857142857, "reusita": 100.0, "cnt": 42}, "CHIMIE ORGANICA TEO NIVEL I/II": {"medie": 8.870588235294118, "reusita": 100.0, "cnt": 34}, "INFORMATICA MI C/C++": {"medie": 8.705555555555556, "reusita": 100.0, "cnt": 27}, "CHIMIE ANORGANICA TEO NIVEL I/II": {"medie": 9.1625, "reusita": 100.0, "cnt": 4}, "ECONOMIE": {"medie": 9.006666666666668, "reusita": 100.0, "cnt": 15}, "INFORMATICA SN C/C++": {"medie": 9.0, "reusita": 100.0, "cnt": 3}}, "nume": "COLEGIUL NATIONAL \"SPIRU HARET\"\tBucure\u0219ti"}