{"specializari": {"TEHNICIAN TRANSPORTURI": 6, "TEHNICIAN IN TURISM": 49, "MATEMATICA-INFORMATICA": 14, "TEHNICIAN PROIECTANT CAD": 10, "TEHNICIAN IN HOTELARIE": 5}, "limba_moderna": {"LIMBA ENGLEZA": 82, "LIMBA FRANCEZA": 2}, "limba_materna": {"LIMBA ROMANA": 84}, "promotie_anterioara": {"DA": 43, "NU": 41}, "materii": {"LIMBA ROMANA": {"medie": 5.5297468354430395, "reusita": 71.42857142857143, "cnt": 84}, "ANATOMIE SI FIZIOLOGIE UMANA, GENETICA SI ECOLOGIE UMANA": {"medie": 6.534999999999999, "reusita": 80.0, "cnt": 10}, "GENERAL": {"medie": 5.38638497652582, "reusita": 23.809523809523807, "cnt": 84}, "MATEMATICA MATE-INFO": {"medie": 2.3653846153846154, "reusita": 7.142857142857142, "cnt": 14}, "BIOLOGIE VEGETALA SI ANIMALA": {"medie": 4.696428571428572, "reusita": 37.5, "cnt": 16}, "GEOGRAFIE": {"medie": 7.175, "reusita": 88.88888888888889, "cnt": 54}, "MATEMATICA TEHN": {"medie": 4.495833333333334, "reusita": 48.57142857142857, "cnt": 70}, "CHIMIE ANORGANICA TEH NIVEL I/II": {"medie": 3.4499999999999997, "reusita": 0.0, "cnt": 4}}, "nume": "COLEGIUL TEHNOLOGIC \"GRIGORE CERCHEZ\"\tBucure\u0219ti"}