{"specializari": {"FILOLOGIE": 32, "MATEMATICA-INFORMATICA": 33}, "limba_moderna": {"LIMBA ITALIANA": 21, "LIMBA ENGLEZA": 44}, "limba_materna": {"LIMBA ROMANA": 65}, "promotie_anterioara": {"DA": 2, "NU": 63}, "materii": {"LIMBA ROMANA": {"medie": 7.45769230769231, "reusita": 100.0, "cnt": 65}, "ANATOMIE SI FIZIOLOGIE UMANA, GENETICA SI ECOLOGIE UMANA": {"medie": 8.9375, "reusita": 100.0, "cnt": 4}, "GENERAL": {"medie": 8.169487179487177, "reusita": 100.0, "cnt": 65}, "MATEMATICA MATE-INFO": {"medie": 8.562121212121212, "reusita": 100.0, "cnt": 33}, "ISTORIE": {"medie": 8.043750000000001, "reusita": 100.0, "cnt": 32}, "GEOGRAFIE": {"medie": 9.17272727272727, "reusita": 100.0, "cnt": 22}, "LOGICA, ARGUMENTARE SI COMUNICARE": {"medie": 8.98, "reusita": 100.0, "cnt": 10}, "FIZICA TEO": {"medie": 7.45, "reusita": 100.0, "cnt": 1}, "INFORMATICA MI C/C++": {"medie": 8.460416666666665, "reusita": 100.0, "cnt": 24}, "CHIMIE ANORGANICA TEO NIVEL I/II": {"medie": 7.625, "reusita": 100.0, "cnt": 4}}, "nume": "COLEGIUL NATIONAL \"GEORGE BARITIU\" CLUJ-NAPOCA\tCluj"}