{"specializari": {"TEHNICIAN AGRONOM": 22, "TEHNICIAN ECOLOG SI PROTECTIA CALITATII MEDIULUI": 47, "TEHNICIAN IN ACTIVITATI ECONOMICE": 93, "TEHNICIAN HORTICULTOR": 29, "TEHNICIAN PENTRU ANIMALE DE COMPANIE": 1, "TEHNICIAN ANALIZE PRODUSE ALIMENTARE": 22, "TEHNICIAN VETERINAR": 28}, "limba_moderna": {"LIMBA ENGLEZA": 234, "LIMBA FRANCEZA": 8}, "limba_materna": {"LIMBA ROMANA": 242}, "promotie_anterioara": {"DA": 42, "NU": 200}, "materii": {"LIMBA ROMANA": {"medie": 6.429565217391304, "reusita": 87.60330578512396, "cnt": 242}, "ANATOMIE SI FIZIOLOGIE UMANA, GENETICA SI ECOLOGIE UMANA": {"medie": 6.639903846153847, "reusita": 83.62068965517241, "cnt": 116}, "GENERAL": {"medie": 6.466975308641979, "reusita": 58.67768595041323, "cnt": 242}, "BIOLOGIE VEGETALA SI ANIMALA": {"medie": 6.076785714285714, "reusita": 74.19354838709677, "cnt": 31}, "GEOGRAFIE": {"medie": 8.525581395348842, "reusita": 95.55555555555556, "cnt": 90}, "MATEMATICA TEHN": {"medie": 5.544618834080716, "reusita": 70.24793388429752, "cnt": 242}, "LOGICA, ARGUMENTARE SI COMUNICARE": {"medie": 8.6, "reusita": 100.0, "cnt": 1}, "CHIMIE ORGANICA TEH NIVEL I/II": {"medie": 5.75, "reusita": 100.0, "cnt": 2}, "ECONOMIE": {"medie": 7.05, "reusita": 100.0, "cnt": 2}}, "nume": "COLEGIUL NATIONAL DE AGRICULTURA SI ECONOMIE, LOCALITATEA TECUCI\tGala\u021bi"}