{"specializari": {"TEHNICIAN DE TELECOMUNICATII": 36, "TEHNICIAN DESENATOR PENTRU CONSTRUCTII SI INSTALATII": 14, "ARHITECTURA, ARTE AMBIENTALE SI DESIGN": 49, "TEHNICIAN OPERATOR TEHNICA DE CALCUL": 15, "TEHNICIAN DESIGNER MOBILA SI AMENAJARI INTERIOARE": 8}, "limba_moderna": {"LIMBA ENGLEZA": 120, "LIMBA FRANCEZA": 1, "LIMBA GERMANA MODERNA": 1}, "limba_materna": {"LIMBA ROMANA": 122}, "promotie_anterioara": {"DA": 27, "NU": 95}, "materii": {"LIMBA ROMANA": {"medie": 5.280000000000001, "reusita": 57.377049180327866, "cnt": 122}, "GENERAL": {"medie": 5.126063829787234, "reusita": 31.967213114754102, "cnt": 122}, "BIOLOGIE VEGETALA SI ANIMALA": {"medie": 4.055208333333334, "reusita": 29.850746268656714, "cnt": 67}, "ISTORIE": {"medie": 5.7711111111111135, "reusita": 87.75510204081633, "cnt": 49}, "GEOGRAFIE": {"medie": 6.81551724137931, "reusita": 83.87096774193549, "cnt": 31}, "MATEMATICA TEHN": {"medie": 3.5077586206896556, "reusita": 34.24657534246575, "cnt": 73}, "FIZICA TEH": {"medie": 2.35, "reusita": 0.0, "cnt": 1}, "LOGICA, ARGUMENTARE SI COMUNICARE": {"medie": 7.714285714285714, "reusita": 80.0, "cnt": 15}, "CHIMIE ANORGANICA TEH NIVEL I/II": {"medie": 3.9400000000000004, "reusita": 20.0, "cnt": 5}, "PSIHOLOGIE": {"medie": 4.45, "reusita": 0.0, "cnt": 3}}, "nume": "COLEGIUL TEHNIC \"ION MINCU\" MUN.TIMISOARA\tTimi\u0219"}