{"specializari": {"INVATATOR - EDUCATOARE": 55, "FILOLOGIE": 26, "STIINTE SOCIALE": 31}, "limba_moderna": {"LIMBA ENGLEZA": 106, "LIMBA FRANCEZA": 6}, "limba_materna": {"LIMBA ROMANA": 112}, "promotie_anterioara": {"DA": 1, "NU": 111}, "materii": {"LIMBA ROMANA": {"medie": 7.996874999999998, "reusita": 100.0, "cnt": 112}, "GENERAL": {"medie": 8.282291666666666, "reusita": 97.32142857142857, "cnt": 112}, "ISTORIE": {"medie": 8.287719298245612, "reusita": 98.24561403508771, "cnt": 57}, "GEOGRAFIE": {"medie": 8.805940594059404, "reusita": 99.00990099009901, "cnt": 101}, "SOCIOLOGIE": {"medie": 9.35, "reusita": 100.0, "cnt": 2}, "MATEMATICA PED": {"medie": 7.840909090909092, "reusita": 96.36363636363636, "cnt": 55}, "LOGICA, ARGUMENTARE SI COMUNICARE": {"medie": 8.4, "reusita": 100.0, "cnt": 1}, "PSIHOLOGIE": {"medie": 8.381250000000001, "reusita": 100.0, "cnt": 8}}, "nume": "COLEGIUL NATIONAL \"CONSTANTIN CANTACUZINO\" TARGOVISTE\tD\u00e2mbovi\u021ba"}