{"specializari": {"MATEMATICA-INFORMATICA": 35, "STIINTE ALE NATURII": 34, "FILOLOGIE": 67}, "limba_moderna": {"LIMBA ENGLEZA": 107, "LIMBA FRANCEZA": 6, "LIMBA GERMANA MODERNA": 23}, "limba_materna": {"LIMBA ROMANA": 136}, "promotie_anterioara": {"DA": 8, "NU": 128}, "materii": {"LIMBA ROMANA": {"medie": 7.7855555555555584, "reusita": 95.58823529411765, "cnt": 136}, "MATEMATICA ST-NAT": {"medie": 6.963235294117648, "reusita": 97.05882352941177, "cnt": 34}, "ANATOMIE SI FIZIOLOGIE UMANA, GENETICA SI ECOLOGIE UMANA": {"medie": 8.20888888888889, "reusita": 93.61702127659575, "cnt": 47}, "GENERAL": {"medie": 8.01527777777778, "reusita": 88.23529411764706, "cnt": 136}, "MATEMATICA MATE-INFO": {"medie": 7.564285714285714, "reusita": 97.14285714285714, "cnt": 35}, "BIOLOGIE VEGETALA SI ANIMALA": {"medie": 5.4, "reusita": 100.0, "cnt": 1}, "ISTORIE": {"medie": 8.061194029850745, "reusita": 100.0, "cnt": 67}, "GEOGRAFIE": {"medie": 7.854166666666668, "reusita": 91.66666666666666, "cnt": 12}, "LOGICA, ARGUMENTARE SI COMUNICARE": {"medie": 9.052727272727273, "reusita": 98.18181818181819, "cnt": 55}, "CHIMIE ORGANICA TEO NIVEL I/II": {"medie": 6.866666666666667, "reusita": 100.0, "cnt": 3}, "INFORMATICA MI C/C++": {"medie": 8.36111111111111, "reusita": 100.0, "cnt": 18}}, "nume": "COLEGIUL NATIONAL \"ONISIFOR GHIBU\" ORADEA\tBihor"}