{"specializari": {"TEHNICIAN IN TURISM": 21, "TEHNICIAN IN ACTIVITATI DE COMERT": 21, "ORGANIZATOR BANQUETING": 1, "TEHNICIAN IN GASTRONOMIE": 28, "TEHNICIAN IN ACTIVITATI ECONOMICE": 113, "TEHNICIAN IN ADMINISTRATIE": 13}, "limba_moderna": {"LIMBA ENGLEZA": 187, "LIMBA FRANCEZA": 10}, "limba_materna": {"LIMBA ROMANA": 197}, "promotie_anterioara": {"DA": 28, "NU": 169}, "materii": {"LIMBA ROMANA": {"medie": 6.422395833333333, "reusita": 91.87817258883248, "cnt": 197}, "GENERAL": {"medie": 6.6327927927927925, "reusita": 64.46700507614213, "cnt": 197}, "GEOGRAFIE": {"medie": 7.37281879194631, "reusita": 92.3076923076923, "cnt": 156}, "MATEMATICA TEHN": {"medie": 5.89973404255319, "reusita": 81.21827411167513, "cnt": 197}, "LOGICA, ARGUMENTARE SI COMUNICARE": {"medie": 8.175675675675675, "reusita": 100.0, "cnt": 37}, "ECONOMIE": {"medie": 7.45, "reusita": 100.0, "cnt": 4}}, "nume": "COLEGIUL ECONOMIC \"PARTENIE COSMA\" ORADEA\tBihor"}