{"specializari": {"TEHNICIAN ELECTROTEHNIST": 22, "TEHNICIAN ELECTROMECANIC": 16, "TEHNICIAN IN AUTOMATIZARI": 28, "TEHNICIAN IN INSTALATII ELECTRICE": 27, "TEHNICIAN ELECTRONIST": 24, "TEHNICIAN ENERGETICIAN": 1, "MATEMATICA-INFORMATICA": 22}, "limba_moderna": {"LIMBA ENGLEZA": 136, "LIMBA GERMANA MODERNA": 3, "LIMBA FRANCEZA": 1}, "limba_materna": {"LIMBA ROMANA": 140}, "promotie_anterioara": {"DA": 25, "NU": 115}, "materii": {"LIMBA ROMANA": {"medie": 6.015748031496065, "reusita": 76.42857142857142, "cnt": 140}, "GENERAL": {"medie": 5.724568965517243, "reusita": 32.142857142857146, "cnt": 140}, "MATEMATICA MATE-INFO": {"medie": 6.327272727272725, "reusita": 77.27272727272727, "cnt": 22}, "BIOLOGIE VEGETALA SI ANIMALA": {"medie": 5.35, "reusita": 52.38095238095239, "cnt": 126}, "MATEMATICA TEHN": {"medie": 5.23556701030928, "reusita": 58.47457627118644, "cnt": 118}, "FIZICA TEH": {"medie": 6.05, "reusita": 66.66666666666666, "cnt": 3}, "CHIMIE ANORGANICA TEH NIVEL I/II": {"medie": 6.275, "reusita": 100.0, "cnt": 2}, "FIZICA TEO": {"medie": 4.35, "reusita": 0.0, "cnt": 1}, "CHIMIE ORGANICA TEO NIVEL I/II": {"medie": 6.5, "reusita": 100.0, "cnt": 1}, "INFORMATICA MI C/C++": {"medie": 7.1499999999999995, "reusita": 85.71428571428571, "cnt": 7}}, "nume": "COLEGIUL TEHNIC ENERGETIC SIBIU\tSibiu"}