{"specializari": {"FILOLOGIE": 35, "TEHNICIAN OPERATOR TEHNICA DE CALCUL": 1, "MATEMATICA-INFORMATICA": 82, "STIINTE ALE NATURII": 26, "STIINTE SOCIALE": 30}, "limba_moderna": {"LIMBA FRANCEZA": 11, "LIMBA ENGLEZA": 163}, "limba_materna": {"LIMBA ROMANA": 174}, "promotie_anterioara": {"DA": 3, "NU": 171}, "materii": {"LIMBA ROMANA": {"medie": 7.471264367816091, "reusita": 97.12643678160919, "cnt": 174}, "MATEMATICA ST-NAT": {"medie": 7.148076923076923, "reusita": 96.15384615384616, "cnt": 26}, "ANATOMIE SI FIZIOLOGIE UMANA, GENETICA SI ECOLOGIE UMANA": {"medie": 8.176562500000001, "reusita": 100.0, "cnt": 64}, "GENERAL": {"medie": 7.664354527938337, "reusita": 87.93103448275862, "cnt": 174}, "MATEMATICA MATE-INFO": {"medie": 7.084756097560975, "reusita": 90.2439024390244, "cnt": 82}, "BIOLOGIE VEGETALA SI ANIMALA": {"medie": 6.5249999999999995, "reusita": 83.33333333333334, "cnt": 6}, "ISTORIE": {"medie": 7.296923076923078, "reusita": 95.38461538461539, "cnt": 65}, "GEOGRAFIE": {"medie": 7.765384615384614, "reusita": 92.3076923076923, "cnt": 13}, "MATEMATICA TEHN": {"medie": 1.0, "reusita": 0.0, "cnt": 1}, "SOCIOLOGIE": {"medie": 9.55, "reusita": 100.0, "cnt": 1}, "LOGICA, ARGUMENTARE SI COMUNICARE": {"medie": 8.927000000000001, "reusita": 96.0, "cnt": 50}, "FILOSOFIE": {"medie": 9.55, "reusita": 100.0, "cnt": 1}, "FIZICA TEO": {"medie": 7.748214285714284, "reusita": 100.0, "cnt": 28}, "CHIMIE ORGANICA TEO NIVEL I/II": {"medie": 8.74, "reusita": 100.0, "cnt": 10}, "INFORMATICA MI C/C++": {"medie": 6.95, "reusita": 100.0, "cnt": 1}}, "nume": "COLEGIUL NATIONAL \"NICOLAE IORGA\", ORASUL VALENII DE MUNTE\tPrahova"}