{"specializari": {"TEHNICIAN MECATRONIST": 6, "MATEMATICA-INFORMATICA": 3, "STIINTE ALE NATURII": 32, "FILOLOGIE": 22, "TEHNICIAN MECANIC PENTRU INTRETINERE SI REPARATII": 1}, "limba_moderna": {"LIMBA FRANCEZA": 14, "LIMBA ENGLEZA": 50}, "limba_materna": {"LIMBA ROMANA": 64}, "promotie_anterioara": {"DA": 12, "NU": 52}, "materii": {"LIMBA ROMANA": {"medie": 6.296774193548389, "reusita": 84.375, "cnt": 64}, "MATEMATICA ST-NAT": {"medie": 6.082258064516129, "reusita": 68.75, "cnt": 32}, "ANATOMIE SI FIZIOLOGIE UMANA, GENETICA SI ECOLOGIE UMANA": {"medie": 7.332142857142857, "reusita": 93.33333333333333, "cnt": 30}, "GENERAL": {"medie": 6.4991666666666665, "reusita": 59.375, "cnt": 64}, "MATEMATICA MATE-INFO": {"medie": 2.05, "reusita": 0.0, "cnt": 3}, "BIOLOGIE VEGETALA SI ANIMALA": {"medie": 4.15, "reusita": 33.33333333333333, "cnt": 6}, "ISTORIE": {"medie": 7.263636363636363, "reusita": 95.45454545454545, "cnt": 22}, "GEOGRAFIE": {"medie": 6.965909090909091, "reusita": 90.9090909090909, "cnt": 22}, "MATEMATICA TEHN": {"medie": 3.4249999999999994, "reusita": 42.857142857142854, "cnt": 7}, "FIZICA TEH": {"medie": "-", "reusita": 0.0, "cnt": 1}, "FIZICA TEO": {"medie": 7.4, "reusita": 100.0, "cnt": 2}, "INFORMATICA SN C/C++": {"medie": 8.433333333333334, "reusita": 100.0, "cnt": 3}}, "nume": "COLEGIUL \"MIHAI VITEAZUL\" BUMBESTI-JIU\tGorj"}