{"specializari": {"TEHNICIAN PROIECTANT CAD": 23, "TEHNICIAN ELECTROTEHNIST": 1, "TEHNICIAN ELECTROMECANIC": 7, "TEHNICIAN PRELUCRARI MECANICE": 12, "TEHNICIAN OPERATOR TEHNICA DE CALCUL": 1, "TEHNICIAN IN INSTALATII ELECTRICE": 16, "TEHNICIAN ECOLOG SI PROTECTIA CALITATII MEDIULUI": 19, "TEHNICIAN TRANSPORTURI": 1}, "limba_moderna": {"LIMBA ENGLEZA": 76, "LIMBA FRANCEZA": 4}, "limba_materna": {"LIMBA ROMANA": 80}, "promotie_anterioara": {"DA": 30, "NU": 50}, "materii": {"LIMBA ROMANA": {"medie": 5.051754385964912, "reusita": 50.0, "cnt": 80}, "ANATOMIE SI FIZIOLOGIE UMANA, GENETICA SI ECOLOGIE UMANA": {"medie": 5.732352941176471, "reusita": 72.22222222222221, "cnt": 18}, "GENERAL": {"medie": 4.273202614379085, "reusita": 8.75, "cnt": 80}, "BIOLOGIE VEGETALA SI ANIMALA": {"medie": 3.342592592592593, "reusita": 14.583333333333334, "cnt": 48}, "MATEMATICA TEHN": {"medie": 3.7669642857142853, "reusita": 31.25, "cnt": 80}, "FIZICA TEH": {"medie": 3.3785714285714286, "reusita": 22.22222222222222, "cnt": 9}, "CHIMIE ANORGANICA TEH NIVEL I/II": {"medie": 1.9833333333333334, "reusita": 0.0, "cnt": 5}}, "nume": "COLEGIUL TEHNIC \"CAROL I\"\tBucure\u0219ti"}