{"specializari": {"TEHNICIAN IN ADMINISTRATIE": 21, "TEHNICIAN IN ACHIZITII SI CONTRACTARI": 51, "TEHNICIAN IN ACTIVITATI ECONOMICE": 187}, "limba_moderna": {"LIMBA FRANCEZA": 23, "LIMBA ENGLEZA": 231, "LIMBA RUSA": 5}, "limba_materna": {"LIMBA ROMANA": 259}, "promotie_anterioara": {"DA": 5, "NU": 254}, "materii": {"LIMBA ROMANA": {"medie": 7.4005813953488335, "reusita": 99.61389961389962, "cnt": 259}, "GENERAL": {"medie": 7.543684895833332, "reusita": 89.1891891891892, "cnt": 259}, "GEOGRAFIE": {"medie": 8.309451219512196, "reusita": 98.19277108433735, "cnt": 166}, "MATEMATICA TEHN": {"medie": 6.8562015503875955, "reusita": 93.82239382239382, "cnt": 259}, "LOGICA, ARGUMENTARE SI COMUNICARE": {"medie": 8.495652173913042, "reusita": 100.0, "cnt": 92}, "PSIHOLOGIE": {"medie": 9.1, "reusita": 100.0, "cnt": 1}}, "nume": "COLEGIUL ECONOMIC ADMINISTRATIV, IASI\tIa\u0219i"}