{"specializari": {"FILOLOGIE": 57, "MATEMATICA-INFORMATICA": 51, "STIINTE ALE NATURII": 30}, "limba_moderna": {"LIMBA FRANCEZA": 6, "LIMBA ENGLEZA": 132}, "limba_materna": {"LIMBA ROMANA": 138}, "promotie_anterioara": {"NU": 138}, "materii": {"LIMBA ROMANA": {"medie": 8.3231884057971, "reusita": 100.0, "cnt": 138}, "MATEMATICA ST-NAT": {"medie": 8.758333333333333, "reusita": 100.0, "cnt": 30}, "ANATOMIE SI FIZIOLOGIE UMANA, GENETICA SI ECOLOGIE UMANA": {"medie": 9.065384615384614, "reusita": 100.0, "cnt": 26}, "GENERAL": {"medie": 8.643478260869562, "reusita": 99.27536231884058, "cnt": 138}, "MATEMATICA MATE-INFO": {"medie": 8.863725490196078, "reusita": 100.0, "cnt": 51}, "ISTORIE": {"medie": 8.590350877192982, "reusita": 100.0, "cnt": 57}, "GEOGRAFIE": {"medie": 8.774193548387096, "reusita": 100.0, "cnt": 31}, "SOCIOLOGIE": {"medie": 8.950000000000001, "reusita": 100.0, "cnt": 3}, "LOGICA, ARGUMENTARE SI COMUNICARE": {"medie": 8.88409090909091, "reusita": 100.0, "cnt": 22}, "FILOSOFIE": {"medie": 9.7, "reusita": 100.0, "cnt": 1}, "FIZICA TEO": {"medie": 8.377272727272727, "reusita": 100.0, "cnt": 22}, "CHIMIE ORGANICA TEO NIVEL I/II": {"medie": 9.347058823529412, "reusita": 100.0, "cnt": 17}, "INFORMATICA MI C/C++": {"medie": 8.903125, "reusita": 100.0, "cnt": 16}}, "nume": "COLEGIUL NATIONAL \"MIHAI EMINESCU\" PETROSANI\tHunedoara"}