{"specializari": {"TEHNICIAN IN ACTIVITATI ECONOMICE": 32, "TEHNICIAN IN TURISM": 31}, "limba_moderna": {"LIMBA ENGLEZA": 63}, "limba_materna": {"LIMBA ROMANA": 63}, "promotie_anterioara": {"NU": 63}, "materii": {"LIMBA ROMANA": {"medie": 7.335714285714286, "reusita": 100.0, "cnt": 63}, "GENERAL": {"medie": 7.694179894179894, "reusita": 95.23809523809523, "cnt": 63}, "GEOGRAFIE": {"medie": 8.135714285714286, "reusita": 100.0, "cnt": 21}, "MATEMATICA TEHN": {"medie": 6.996825396825398, "reusita": 96.82539682539682, "cnt": 63}, "LOGICA, ARGUMENTARE SI COMUNICARE": {"medie": 9.057142857142857, "reusita": 100.0, "cnt": 42}}, "nume": "COLEGIUL TEHNOLOGIC \"SPIRU HARET\", MUNICIPIUL PIATRA-NEAMT\tNeam\u021b"}