{"specializari": {"MATEMATICA-INFORMATICA": 51, "STIINTE SOCIALE": 34, "STIINTE ALE NATURII": 59, "FILOLOGIE": 32}, "limba_moderna": {"LIMBA ENGLEZA": 165, "LIMBA FRANCEZA": 11}, "limba_materna": {"LIMBA ROMANA": 176}, "promotie_anterioara": {"DA": 2, "NU": 174}, "materii": {"LIMBA ROMANA": {"medie": 8.261931818181816, "reusita": 98.29545454545455, "cnt": 176}, "MATEMATICA ST-NAT": {"medie": 8.228813559322031, "reusita": 100.0, "cnt": 59}, "ANATOMIE SI FIZIOLOGIE UMANA, GENETICA SI ECOLOGIE UMANA": {"medie": 9.434, "reusita": 100.0, "cnt": 25}, "GENERAL": {"medie": 8.618655303030302, "reusita": 96.02272727272727, "cnt": 176}, "MATEMATICA MATE-INFO": {"medie": 8.162745098039215, "reusita": 98.0392156862745, "cnt": 51}, "BIOLOGIE VEGETALA SI ANIMALA": {"medie": 8.779166666666665, "reusita": 100.0, "cnt": 24}, "ISTORIE": {"medie": 9.13939393939394, "reusita": 100.0, "cnt": 66}, "GEOGRAFIE": {"medie": 9.352380952380953, "reusita": 100.0, "cnt": 42}, "SOCIOLOGIE": {"medie": 9.02, "reusita": 100.0, "cnt": 5}, "LOGICA, ARGUMENTARE SI COMUNICARE": {"medie": 9.360000000000001, "reusita": 100.0, "cnt": 10}, "FIZICA TEO": {"medie": 8.765999999999998, "reusita": 96.0, "cnt": 25}, "CHIMIE ORGANICA TEO NIVEL I/II": {"medie": 9.257407407407406, "reusita": 100.0, "cnt": 27}, "INFORMATICA MI C/C++": {"medie": 8.258333333333333, "reusita": 100.0, "cnt": 6}, "CHIMIE ANORGANICA TEO NIVEL I/II": {"medie": 7.0, "reusita": 100.0, "cnt": 1}, "ECONOMIE": {"medie": 8.572222222222223, "reusita": 100.0, "cnt": 9}, "INFORMATICA SN C/C++": {"medie": 5.35, "reusita": 50.0, "cnt": 2}}, "nume": "COLEGIUL NATIONAL \"AL. I. CUZA\" FOCSANI\tVrancea"}