{"specializari": {"MATEMATICA-INFORMATICA": 17, "TEHNICIAN DESENATOR PENTRU CONSTRUCTII SI INSTALATII": 21, "ARHITECTURA, ARTE AMBIENTALE SI DESIGN": 74}, "limba_moderna": {"LIMBA ENGLEZA": 111, "LIMBA FRANCEZA": 1}, "limba_materna": {"LIMBA ROMANA": 112}, "promotie_anterioara": {"DA": 42, "NU": 70}, "materii": {"LIMBA ROMANA": {"medie": 5.903846153846155, "reusita": 80.35714285714286, "cnt": 112}, "GENERAL": {"medie": 6.05372340425532, "reusita": 43.75, "cnt": 112}, "MATEMATICA MATE-INFO": {"medie": 5.637500000000001, "reusita": 76.47058823529412, "cnt": 17}, "BIOLOGIE VEGETALA SI ANIMALA": {"medie": 4.9934782608695665, "reusita": 35.483870967741936, "cnt": 31}, "ISTORIE": {"medie": 6.155072463768119, "reusita": 86.48648648648648, "cnt": 74}, "GEOGRAFIE": {"medie": 6.983333333333334, "reusita": 87.27272727272727, "cnt": 55}, "MATEMATICA TEHN": {"medie": 4.1, "reusita": 38.095238095238095, "cnt": 21}, "LOGICA, ARGUMENTARE SI COMUNICARE": {"medie": 7.1, "reusita": 76.47058823529412, "cnt": 17}, "PSIHOLOGIE": {"medie": 5.949999999999999, "reusita": 50.0, "cnt": 2}, "INFORMATICA MI PASCAL": {"medie": 4.175000000000001, "reusita": 25.0, "cnt": 4}, "FIZICA TEO": {"medie": 6.6, "reusita": 100.0, "cnt": 2}, "CHIMIE ORGANICA TEH NIVEL I/II": {"medie": 4.1, "reusita": 0.0, "cnt": 1}}, "nume": "COLEGIUL TEHNIC DE ARHITECTURA SI LUCRARI PUBLICE \"IOAN N. SOCOLESCU\"\tBucure\u0219ti"}