{"specializari": {"TEHNICIAN DESIGNER MOBILA SI AMENAJARI INTERIOARE": 1, "TEHNICIAN IN INDUSTRIA TEXTILA": 1, "MATEMATICA-INFORMATICA": 1, "TEHNICIAN IN ACTIVITATI ECONOMICE": 27, "TEHNICIAN IN SILVICULTURA SI EXPLOATARI FORESTIERE": 9, "TEHNICIAN ANALIZE PRODUSE ALIMENTARE": 15, "TEHNICIAN IN ACTIVITATI DE COMERT": 15, "TEHNICIAN PROIECTANT CAD": 18, "TEHNICIAN IN GASTRONOMIE": 20, "TEHNICIAN DESENATOR PENTRU CONSTRUCTII SI INSTALATII": 10}, "limba_moderna": {"LIMBA FRANCEZA": 3, "LIMBA ENGLEZA": 114}, "limba_materna": {"LIMBA ROMANA": 117}, "promotie_anterioara": {"DA": 17, "NU": 100}, "materii": {"LIMBA ROMANA": {"medie": 5.151886792452831, "reusita": 58.119658119658126, "cnt": 117}, "ANATOMIE SI FIZIOLOGIE UMANA, GENETICA SI ECOLOGIE UMANA": {"medie": 4.595652173913043, "reusita": 40.0, "cnt": 25}, "GENERAL": {"medie": 4.862944983818771, "reusita": 18.803418803418804, "cnt": 117}, "MATEMATICA MATE-INFO": {"medie": 2.9, "reusita": 0.0, "cnt": 1}, "BIOLOGIE VEGETALA SI ANIMALA": {"medie": 3.267307692307693, "reusita": 13.333333333333334, "cnt": 30}, "GEOGRAFIE": {"medie": 6.69285714285714, "reusita": 71.42857142857143, "cnt": 56}, "MATEMATICA TEHN": {"medie": 3.8368932038834958, "reusita": 32.758620689655174, "cnt": 116}, "LOGICA, ARGUMENTARE SI COMUNICARE": {"medie": 9.791666666666666, "reusita": 100.0, "cnt": 6}}, "nume": "COLEGIUL TEHNIC \"IOAN CIORDAS\" BEIUS\tBihor"}