{"specializari": {"TEHNICIAN IN ACHIZITII SI CONTRACTARI": 1, "ORGANIZATOR BANQUETING": 27, "TEHNICIAN IN ACTIVITATI ECONOMICE": 53, "TEHNICIAN IN TURISM": 33, "TEHNICIAN IN ACTIVITATI DE COMERT": 25}, "limba_moderna": {"LIMBA ENGLEZA": 125, "LIMBA FRANCEZA": 14}, "limba_materna": {"LIMBA ROMANA": 139}, "promotie_anterioara": {"DA": 6, "NU": 133}, "materii": {"LIMBA ROMANA": {"medie": 7.763405797101447, "reusita": 97.12230215827337, "cnt": 139}, "GENERAL": {"medie": 7.995679012345678, "reusita": 91.36690647482014, "cnt": 139}, "GEOGRAFIE": {"medie": 8.741358024691364, "reusita": 98.78048780487805, "cnt": 82}, "MATEMATICA TEHN": {"medie": 7.554044117647057, "reusita": 94.96402877697841, "cnt": 139}, "LOGICA, ARGUMENTARE SI COMUNICARE": {"medie": 8.363207547169813, "reusita": 91.07142857142857, "cnt": 56}, "PSIHOLOGIE": {"medie": 8.55, "reusita": 100.0, "cnt": 1}}, "nume": "COLEGIUL ECONOMIC \"DIONISIE POP MARTIAN\" ALBA IULIA\tAlba"}