{"specializari": {"MATEMATICA-INFORMATICA": 134, "FILOLOGIE": 92, "STIINTE ALE NATURII": 2}, "limba_moderna": {"LIMBA ENGLEZA": 225, "LIMBA FRANCEZA": 3}, "limba_materna": {"LIMBA ROMANA": 228}, "promotie_anterioara": {"DA": 22, "NU": 206}, "materii": {"LIMBA ROMANA": {"medie": 7.6255506607929515, "reusita": 96.49122807017544, "cnt": 228}, "MATEMATICA ST-NAT": {"medie": 6.125, "reusita": 100.0, "cnt": 2}, "ANATOMIE SI FIZIOLOGIE UMANA, GENETICA SI ECOLOGIE UMANA": {"medie": 8.190983606557376, "reusita": 85.71428571428571, "cnt": 63}, "GENERAL": {"medie": 7.662803030303036, "reusita": 78.50877192982456, "cnt": 228}, "MATEMATICA MATE-INFO": {"medie": 7.183846153846151, "reusita": 82.08955223880598, "cnt": 134}, "BIOLOGIE VEGETALA SI ANIMALA": {"medie": 7.434782608695653, "reusita": 88.0, "cnt": 25}, "ISTORIE": {"medie": 6.856111111111112, "reusita": 92.3913043478261, "cnt": 92}, "GEOGRAFIE": {"medie": 8.564473684210528, "reusita": 92.5, "cnt": 40}, "SOCIOLOGIE": {"medie": 8.297297297297295, "reusita": 100.0, "cnt": 37}, "LOGICA, ARGUMENTARE SI COMUNICARE": {"medie": 6.25, "reusita": 50.0, "cnt": 4}, "PSIHOLOGIE": {"medie": 8.616666666666667, "reusita": 100.0, "cnt": 3}, "FILOSOFIE": {"medie": "-", "reusita": 0.0, "cnt": 1}, "FIZICA TEO": {"medie": 8.395, "reusita": 92.5, "cnt": 40}, "CHIMIE ORGANICA TEO NIVEL I/II": {"medie": 9.14, "reusita": 100.0, "cnt": 5}, "INFORMATICA MI C/C++": {"medie": 8.266666666666666, "reusita": 100.0, "cnt": 3}, "ECONOMIE": {"medie": 7.985714285714287, "reusita": 100.0, "cnt": 7}}, "nume": "COLEGIUL NATIONAL \"ALEXANDRU IOAN CUZA\" ALEXANDRIA\tTeleorman"}