{"specializari": {"MATEMATICA-INFORMATICA": 23, "TEHNICIAN IN SILVICULTURA SI EXPLOATARI FORESTIERE": 14, "TEHNICIAN IN ACTIVITATI DE COMERT": 13, "TEHNICIAN ECOLOG SI PROTECTIA CALITATII MEDIULUI": 2, "TEHNICIAN OPERATOR TEHNICA DE CALCUL": 6, "TEHNICIAN IN INDUSTRIA ALIMENTARA": 1, "TEHNICIAN IN ACTIVITATI ECONOMICE": 25, "FILOLOGIE": 1}, "limba_moderna": {"LIMBA ENGLEZA": 84, "LIMBA FRANCEZA": 1}, "limba_materna": {"LIMBA ROMANA": 85}, "promotie_anterioara": {"DA": 30, "NU": 55}, "materii": {"LIMBA ROMANA": {"medie": 5.516176470588236, "reusita": 55.294117647058826, "cnt": 85}, "ANATOMIE SI FIZIOLOGIE UMANA, GENETICA SI ECOLOGIE UMANA": {"medie": 5.875862068965516, "reusita": 68.96551724137932, "cnt": 29}, "GENERAL": {"medie": 5.314358974358976, "reusita": 24.705882352941178, "cnt": 85}, "MATEMATICA MATE-INFO": {"medie": 4.550000000000001, "reusita": 47.82608695652174, "cnt": 23}, "BIOLOGIE VEGETALA SI ANIMALA": {"medie": 5.9944444444444445, "reusita": 40.0, "cnt": 15}, "ISTORIE": {"medie": 5.0, "reusita": 100.0, "cnt": 1}, "GEOGRAFIE": {"medie": 6.829310344827586, "reusita": 58.97435897435898, "cnt": 39}, "MATEMATICA TEHN": {"medie": 4.555882352941176, "reusita": 49.18032786885246, "cnt": 61}, "CHIMIE ORGANICA TEO NIVEL I/II": {"medie": 3.1999999999999997, "reusita": 0.0, "cnt": 2}}, "nume": "COLEGIUL TEHNIC NR.1 VADU CRISULUI\tBihor"}