{"specializari": {"STIINTE ALE NATURII": 64, "MATEMATICA-INFORMATICA": 49, "FILOLOGIE": 34, "STIINTE SOCIALE": 31}, "limba_moderna": {"LIMBA ENGLEZA": 154, "LIMBA FRANCEZA": 24}, "limba_materna": {"LIMBA ROMANA": 178}, "promotie_anterioara": {"DA": 12, "NU": 166}, "materii": {"LIMBA ROMANA": {"medie": 7.805397727272728, "reusita": 97.75280898876404, "cnt": 178}, "MATEMATICA ST-NAT": {"medie": 7.309016393442621, "reusita": 89.0625, "cnt": 64}, "ANATOMIE SI FIZIOLOGIE UMANA, GENETICA SI ECOLOGIE UMANA": {"medie": 8.335164835164836, "reusita": 96.7741935483871, "cnt": 93}, "GENERAL": {"medie": 7.860404624277462, "reusita": 85.39325842696628, "cnt": 178}, "MATEMATICA MATE-INFO": {"medie": 7.739795918367348, "reusita": 87.75510204081633, "cnt": 49}, "ISTORIE": {"medie": 7.346875, "reusita": 98.46153846153847, "cnt": 65}, "GEOGRAFIE": {"medie": 8.065384615384618, "reusita": 96.22641509433963, "cnt": 53}, "SOCIOLOGIE": {"medie": 8.525, "reusita": 100.0, "cnt": 2}, "LOGICA, ARGUMENTARE SI COMUNICARE": {"medie": 8.183333333333332, "reusita": 100.0, "cnt": 3}, "PSIHOLOGIE": {"medie": 8.5, "reusita": 100.0, "cnt": 4}, "FILOSOFIE": {"medie": 8.416666666666666, "reusita": 100.0, "cnt": 3}, "FIZICA TEO": {"medie": 8.205882352941176, "reusita": 94.11764705882352, "cnt": 17}, "INFORMATICA MI C/C++": {"medie": 9.316666666666668, "reusita": 100.0, "cnt": 3}}, "nume": "COLEGIUL NATIONAL\"GRIGORE MOISIL\" URZICENI\tIalomi\u021ba"}