{"specializari": {"MATEMATICA-INFORMATICA": 107}, "limba_moderna": {"LIMBA ENGLEZA": 107}, "limba_materna": {"LIMBA ROMANA": 107}, "promotie_anterioara": {"NU": 107}, "materii": {"LIMBA ROMANA": {"medie": 8.17803738317757, "reusita": 100.0, "cnt": 107}, "GENERAL": {"medie": 8.648442367601245, "reusita": 99.06542056074767, "cnt": 107}, "MATEMATICA MATE-INFO": {"medie": 8.979439252336448, "reusita": 100.0, "cnt": 107}, "BIOLOGIE VEGETALA SI ANIMALA": {"medie": 9.047058823529412, "reusita": 100.0, "cnt": 17}, "FIZICA TEO": {"medie": 8.756707317073168, "reusita": 100.0, "cnt": 82}, "CHIMIE ORGANICA TEO NIVEL I/II": {"medie": 9.333333333333334, "reusita": 100.0, "cnt": 3}, "INFORMATICA MI C/C++": {"medie": 8.09, "reusita": 100.0, "cnt": 5}}, "nume": "COLEGIUL NATIONAL MILITAR \"DIMITRIE CANTEMIR\" BREAZA\tPrahova"}