{"specializari": {"STIINTE ALE NATURII": 30, "TEHNICIAN PROIECTANT CAD": 5, "TEHNICIAN TRANSPORTURI": 3, "TEHNICIAN IN AUTOMATIZARI": 22, "TEHNICIAN IN TURISM": 1, "FILOLOGIE": 34, "TEHNICIAN IN ACTIVITATI DE COMERT": 21, "TEHNICIAN ELECTROTEHNIST": 7, "MATEMATICA-INFORMATICA": 14, "TEHNICIAN IN ACTIVITATI ECONOMICE": 27}, "limba_moderna": {"LIMBA ENGLEZA": 164}, "limba_materna": {"LIMBA ROMANA": 164}, "promotie_anterioara": {"DA": 39, "NU": 125}, "materii": {"LIMBA ROMANA": {"medie": 6.656291390728473, "reusita": 79.8780487804878, "cnt": 164}, "MATEMATICA ST-NAT": {"medie": 5.327586206896552, "reusita": 63.33333333333333, "cnt": 30}, "ANATOMIE SI FIZIOLOGIE UMANA, GENETICA SI ECOLOGIE UMANA": {"medie": 7.5081081081081065, "reusita": 84.61538461538461, "cnt": 39}, "GENERAL": {"medie": 6.480919540229884, "reusita": 50.609756097560975, "cnt": 164}, "MATEMATICA MATE-INFO": {"medie": 6.992857142857143, "reusita": 92.85714285714286, "cnt": 14}, "BIOLOGIE VEGETALA SI ANIMALA": {"medie": 4.385416666666667, "reusita": 28.947368421052634, "cnt": 38}, "ISTORIE": {"medie": 7.59090909090909, "reusita": 97.05882352941177, "cnt": 34}, "GEOGRAFIE": {"medie": 7.429999999999998, "reusita": 90.12345679012346, "cnt": 81}, "MATEMATICA TEHN": {"medie": 5.038888888888888, "reusita": 50.0, "cnt": 86}, "FIZICA TEH": {"medie": 2.85, "reusita": 0.0, "cnt": 2}, "LOGICA, ARGUMENTARE SI COMUNICARE": {"medie": 9.35, "reusita": 100.0, "cnt": 1}, "PSIHOLOGIE": {"medie": 6.8, "reusita": 100.0, "cnt": 1}, "FIZICA TEO": {"medie": 5.45, "reusita": 100.0, "cnt": 1}, "INFORMATICA MI C/C++": {"medie": 6.95, "reusita": 100.0, "cnt": 1}}, "nume": "COLEGIUL TEHNIC \"ALEXANDRU ROMAN\" ALESD\tBihor"}