{"specializari": {"MATEMATICA-INFORMATICA": 116, "STIINTE ALE NATURII": 33, "STIINTE SOCIALE": 36}, "limba_moderna": {"LIMBA ENGLEZA": 182, "LIMBA SPANIOLA": 1, "LIMBA GERMANA MODERNA": 1, "LIMBA FRANCEZA": 1}, "limba_materna": {"LIMBA ROMANA": 185}, "promotie_anterioara": {"DA": 2, "NU": 183}, "materii": {"LIMBA ROMANA": {"medie": 8.639402173913044, "reusita": 99.45945945945947, "cnt": 185}, "MATEMATICA ST-NAT": {"medie": 8.95151515151515, "reusita": 100.0, "cnt": 33}, "ANATOMIE SI FIZIOLOGIE UMANA, GENETICA SI ECOLOGIE UMANA": {"medie": 7.6, "reusita": 100.0, "cnt": 4}, "GENERAL": {"medie": 8.639673913043476, "reusita": 97.83783783783784, "cnt": 185}, "MATEMATICA MATE-INFO": {"medie": 8.622413793103451, "reusita": 99.13793103448276, "cnt": 116}, "BIOLOGIE VEGETALA SI ANIMALA": {"medie": 8.7625, "reusita": 95.0, "cnt": 20}, "ISTORIE": {"medie": 8.906944444444447, "reusita": 100.0, "cnt": 36}, "GEOGRAFIE": {"medie": 8.8, "reusita": 100.0, "cnt": 9}, "SOCIOLOGIE": {"medie": 8.559999999999999, "reusita": 100.0, "cnt": 10}, "LOGICA, ARGUMENTARE SI COMUNICARE": {"medie": 9.124999999999998, "reusita": 100.0, "cnt": 6}, "PSIHOLOGIE": {"medie": 8.958333333333334, "reusita": 100.0, "cnt": 6}, "FILOSOFIE": {"medie": 7.65, "reusita": 100.0, "cnt": 2}, "FIZICA TEO": {"medie": 8.522857142857143, "reusita": 100.0, "cnt": 35}, "CHIMIE ORGANICA TEO NIVEL I/II": {"medie": 8.19090909090909, "reusita": 100.0, "cnt": 33}, "INFORMATICA MI C/C++": {"medie": 8.580357142857142, "reusita": 100.0, "cnt": 56}, "ECONOMIE": {"medie": 9.366666666666667, "reusita": 100.0, "cnt": 3}, "INFORMATICA SN C/C++": {"medie": 10.0, "reusita": 100.0, "cnt": 1}}, "nume": "COLEGIUL NATIONAL \"CANTEMIR VODA\"\tBucure\u0219ti"}