{"specializari": {"FILOLOGIE": 115, "EDUCATOR-PUERICULTOR": 28, "STIINTE SOCIALE": 71}, "limba_moderna": {"LIMBA FRANCEZA": 34, "LIMBA ENGLEZA": 146, "LIMBA ITALIANA": 12, "LIMBA SPANIOLA": 13, "LIMBA GERMANA MODERNA": 9}, "limba_materna": {"LIMBA ROMANA": 214}, "promotie_anterioara": {"DA": 4, "NU": 210}, "materii": {"LIMBA ROMANA": {"medie": 7.870327102803734, "reusita": 100.0, "cnt": 214}, "GENERAL": {"medie": 8.26783489096573, "reusita": 97.19626168224299, "cnt": 214}, "ISTORIE": {"medie": 8.519859813084112, "reusita": 100.0, "cnt": 214}, "GEOGRAFIE": {"medie": 8.284146341463412, "reusita": 100.0, "cnt": 82}, "SOCIOLOGIE": {"medie": 8.2, "reusita": 100.0, "cnt": 1}, "LOGICA, ARGUMENTARE SI COMUNICARE": {"medie": 8.557500000000001, "reusita": 97.5, "cnt": 120}, "PSIHOLOGIE": {"medie": 8.20625, "reusita": 100.0, "cnt": 8}, "ECONOMIE": {"medie": 6.8, "reusita": 100.0, "cnt": 3}}, "nume": "COLEGIUL NATIONAL \"MIHAI EMINESCU\" BAIA MARE\tMaramure\u0219"}