{"specializari": {"FILOLOGIE": 32, "MATEMATICA-INFORMATICA": 155}, "limba_moderna": {"LIMBA ENGLEZA": 183, "LIMBA FRANCEZA": 3, "LIMBA GERMANA MODERNA": 1}, "limba_materna": {"LIMBA ROMANA": 187}, "promotie_anterioara": {"DA": 2, "NU": 185}, "materii": {"LIMBA ROMANA": {"medie": 8.80672043010753, "reusita": 99.46524064171123, "cnt": 187}, "ANATOMIE SI FIZIOLOGIE UMANA, GENETICA SI ECOLOGIE UMANA": {"medie": 8.791666666666666, "reusita": 100.0, "cnt": 6}, "GENERAL": {"medie": 8.817025089605739, "reusita": 98.93048128342245, "cnt": 187}, "MATEMATICA MATE-INFO": {"medie": 8.785483870967742, "reusita": 100.0, "cnt": 155}, "BIOLOGIE VEGETALA SI ANIMALA": {"medie": 8.4075, "reusita": 100.0, "cnt": 20}, "ISTORIE": {"medie": 9.251612903225805, "reusita": 96.875, "cnt": 32}, "GEOGRAFIE": {"medie": 9.475, "reusita": 100.0, "cnt": 20}, "SOCIOLOGIE": {"medie": 9.0, "reusita": 100.0, "cnt": 1}, "LOGICA, ARGUMENTARE SI COMUNICARE": {"medie": 9.464285714285714, "reusita": 100.0, "cnt": 7}, "PSIHOLOGIE": {"medie": 9.65, "reusita": 100.0, "cnt": 1}, "FILOSOFIE": {"medie": 6.7, "reusita": 100.0, "cnt": 1}, "FIZICA TEO": {"medie": 8.434905660377359, "reusita": 98.11320754716981, "cnt": 53}, "CHIMIE ORGANICA TEO NIVEL I/II": {"medie": 8.955882352941176, "reusita": 100.0, "cnt": 17}, "INFORMATICA MI C/C++": {"medie": 8.985849056603772, "reusita": 100.0, "cnt": 53}, "CHIMIE ANORGANICA TEO NIVEL I/II": {"medie": 7.716666666666666, "reusita": 100.0, "cnt": 6}, "ECONOMIE": {"medie": 9.475, "reusita": 100.0, "cnt": 2}}, "nume": "COLEGIUL NATIONAL \"GRIGORE MOISIL\"\tBucure\u0219ti"}