{"specializari": {"TEHNICIAN IN ACTIVITATI DE COMERT": 52, "TEHNICIAN IN ADMINISTRATIE": 53, "ORGANIZATOR BANQUETING": 50, "TEHNICIAN IN ACTIVITATI ECONOMICE": 109, "TEHNICIAN IN TURISM": 19, "TEHNICIAN IN GASTRONOMIE": 1}, "limba_moderna": {"LIMBA FRANCEZA": 27, "LIMBA ENGLEZA": 256, "LIMBA GERMANA MODERNA": 1}, "limba_materna": {"LIMBA ROMANA": 284}, "promotie_anterioara": {"DA": 10, "NU": 274}, "materii": {"LIMBA ROMANA": {"medie": 7.494346289752649, "reusita": 97.88732394366197, "cnt": 284}, "GENERAL": {"medie": 7.66011904761905, "reusita": 92.95774647887323, "cnt": 284}, "GEOGRAFIE": {"medie": 8.342857142857143, "reusita": 94.82758620689656, "cnt": 58}, "MATEMATICA TEHN": {"medie": 6.986170212765954, "reusita": 96.47887323943662, "cnt": 284}, "LOGICA, ARGUMENTARE SI COMUNICARE": {"medie": 8.50639269406393, "reusita": 99.0909090909091, "cnt": 220}, "PSIHOLOGIE": {"medie": 7.216666666666666, "reusita": 100.0, "cnt": 3}, "ECONOMIE": {"medie": 7.566666666666667, "reusita": 100.0, "cnt": 3}}, "nume": "COLEGIUL ECONOMIC \"VIRGIL MADGEARU\", LOCALITATEA GALATI\tGala\u021bi"}