{"specializari": {"TEHNICIAN IN AUTOMATIZARI": 17, "TEHNICIAN ECOLOG SI PROTECTIA CALITATII MEDIULUI": 33, "TEHNICIAN IN TURISM": 22, "TEHNICIAN ELECTRONIST": 1, "MATEMATICA-INFORMATICA": 31, "TEHNICIAN IN ACTIVITATI ECONOMICE": 26, "TEHNICIAN INSTALATOR PENTRU CONSTRUCTII": 1}, "limba_moderna": {"LIMBA ENGLEZA": 131}, "limba_materna": {"LIMBA MAGHIARA": 9, "LIMBA ROMANA": 122}, "promotie_anterioara": {"DA": 7, "NU": 124}, "materii": {"LIMBA ROMANA": {"medie": 7.522519083969463, "reusita": 97.70992366412213, "cnt": 131}, "ANATOMIE SI FIZIOLOGIE UMANA, GENETICA SI ECOLOGIE UMANA": {"medie": 6.666666666666667, "reusita": 100.0, "cnt": 3}, "GENERAL": {"medie": 7.492493638676847, "reusita": 79.38931297709924, "cnt": 131}, "MATEMATICA MATE-INFO": {"medie": 8.843548387096776, "reusita": 100.0, "cnt": 31}, "BIOLOGIE VEGETALA SI ANIMALA": {"medie": 5.958333333333333, "reusita": 75.0, "cnt": 24}, "GEOGRAFIE": {"medie": 9.141666666666667, "reusita": 100.0, "cnt": 48}, "MATEMATICA TEHN": {"medie": 6.455, "reusita": 87.0, "cnt": 100}, "FIZICA TEH": {"medie": 6.7, "reusita": 94.73684210526315, "cnt": 19}, "CHIMIE ANORGANICA TEH NIVEL I/II": {"medie": 6.408333333333332, "reusita": 83.33333333333334, "cnt": 6}, "LIMBA MAGHIARA (REAL)": {"medie": 7.8500000000000005, "reusita": 100.0, "cnt": 9}, "FIZICA TEO": {"medie": 8.1, "reusita": 100.0, "cnt": 1}, "CHIMIE ORGANICA TEO NIVEL I/II": {"medie": 8.55, "reusita": 100.0, "cnt": 1}, "INFORMATICA MI C/C++": {"medie": 8.794230769230767, "reusita": 100.0, "cnt": 26}, "CHIMIE ORGANICA TEH NIVEL I/II": {"medie": 7.333333333333333, "reusita": 100.0, "cnt": 3}}, "nume": "COLEGIUL \"SCOALA NATIONALA DE GAZ\" MEDIAS\tSibiu"}