{"specializari": {"TEHNICIAN IN GASTRONOMIE": 26, "ORGANIZATOR BANQUETING": 32, "TEHNICIAN IN ACHIZITII SI CONTRACTARI": 55, "TEHNICIAN IN ACTIVITATI ECONOMICE": 54, "TEHNICIAN IN ADMINISTRATIE": 29, "TEHNICIAN IN TURISM": 29}, "limba_moderna": {"LIMBA ENGLEZA": 213, "LIMBA FRANCEZA": 12}, "limba_materna": {"LIMBA ROMANA": 225}, "promotie_anterioara": {"DA": 9, "NU": 216}, "materii": {"LIMBA ROMANA": {"medie": 7.820270270270266, "reusita": 97.77777777777777, "cnt": 225}, "GENERAL": {"medie": 8.164318181818178, "reusita": 94.22222222222221, "cnt": 225}, "GEOGRAFIE": {"medie": 8.86514423076923, "reusita": 98.5781990521327, "cnt": 211}, "MATEMATICA TEHN": {"medie": 7.835135135135133, "reusita": 96.88888888888889, "cnt": 225}, "LOGICA, ARGUMENTARE SI COMUNICARE": {"medie": 6.55, "reusita": 66.66666666666666, "cnt": 3}, "PSIHOLOGIE": {"medie": 7.457142857142857, "reusita": 100.0, "cnt": 7}, "ECONOMIE": {"medie": 8.100000000000001, "reusita": 100.0, "cnt": 4}}, "nume": "COLEGIUL ECONOMIC \"MIHAIL KOGALNICEANU\" FOCSANI\tVrancea"}