{"specializari": {"TEHNICIAN DESIGNER VESTIMENTAR": 9, "TEHNICIAN IN TURISM": 9, "TEHNICIAN IN GASTRONOMIE": 37, "ORGANIZATOR BANQUETING": 17}, "limba_moderna": {"LIMBA ENGLEZA": 55, "LIMBA FRANCEZA": 17}, "limba_materna": {"LIMBA ROMANA": 72}, "promotie_anterioara": {"DA": 18, "NU": 54}, "materii": {"LIMBA ROMANA": {"medie": 5.191803278688524, "reusita": 56.94444444444444, "cnt": 72}, "GENERAL": {"medie": 4.709226190476192, "reusita": 11.11111111111111, "cnt": 72}, "BIOLOGIE VEGETALA SI ANIMALA": {"medie": 5.458333333333333, "reusita": 57.14285714285714, "cnt": 7}, "GEOGRAFIE": {"medie": 5.43469387755102, "reusita": 55.55555555555556, "cnt": 63}, "MATEMATICA TEHN": {"medie": 3.3103448275862064, "reusita": 19.444444444444446, "cnt": 72}, "FIZICA TEH": {"medie": 6.85, "reusita": 100.0, "cnt": 2}}, "nume": "COLEGIUL TEHNIC \"GHEORGHE ASACHI\" FOCSANI\tVrancea"}