{"specializari": {"TEHNICIAN MECATRONIST": 4, "TEHNICIAN TRANSPORTURI": 1, "TEHNICIAN IN CHIMIE INDUSTRIALA": 3, "TEHNICIAN ELECTROMECANIC": 34, "TEHNICIAN ECOLOG SI PROTECTIA CALITATII MEDIULUI": 72, "TEHNICIAN CHIMIST DE LABORATOR": 77, "TEHNICIAN OPERATOR TEHNICA DE CALCUL": 21, "TEHNICIAN IN AUTOMATIZARI": 26, "TEHNICIAN MECANIC PENTRU INTRETINERE SI REPARATII": 23, "TEHNICIAN IN ACTIVITATI ECONOMICE": 22}, "limba_moderna": {"LIMBA ENGLEZA": 244, "LIMBA FRANCEZA": 36, "LIMBA GERMANA MODERNA": 3}, "limba_materna": {"LIMBA ROMANA": 283}, "promotie_anterioara": {"DA": 39, "NU": 244}, "materii": {"LIMBA ROMANA": {"medie": 6.348736462093861, "reusita": 91.87279151943463, "cnt": 283}, "ANATOMIE SI FIZIOLOGIE UMANA, GENETICA SI ECOLOGIE UMANA": {"medie": 7.1714285714285735, "reusita": 92.0, "cnt": 50}, "GENERAL": {"medie": 6.041387856257746, "reusita": 53.003533568904594, "cnt": 283}, "BIOLOGIE VEGETALA SI ANIMALA": {"medie": 6.042241379310348, "reusita": 69.02173913043478, "cnt": 184}, "GEOGRAFIE": {"medie": 8.475, "reusita": 100.0, "cnt": 8}, "MATEMATICA TEHN": {"medie": 5.269413919413923, "reusita": 66.78445229681978, "cnt": 283}, "FIZICA TEH": {"medie": 6.610714285714285, "reusita": 85.71428571428571, "cnt": 14}, "LOGICA, ARGUMENTARE SI COMUNICARE": {"medie": 8.3375, "reusita": 91.66666666666666, "cnt": 12}, "CHIMIE ANORGANICA TEH NIVEL I/II": {"medie": 5.7875000000000005, "reusita": 76.92307692307693, "cnt": 13}, "PSIHOLOGIE": {"medie": 8.7, "reusita": 100.0, "cnt": 1}, "ECONOMIE": {"medie": 9.3, "reusita": 100.0, "cnt": 1}}, "nume": "COLEGIUL TEHNIC \"COSTIN D. NENITESCU\" PITESTI\tArge\u0219"}