{"specializari": {"TEHNICIAN DESENATOR PENTRU CONSTRUCTII SI INSTALATII": 5, "TEHNICIAN OPERATOR TEHNICA DE CALCUL": 7, "TEHNICIAN IN ADMINISTRATIE": 1, "TEHNICIAN IN ACTIVITATI DE COMERT": 2, "TEHNICIAN ECOLOG SI PROTECTIA CALITATII MEDIULUI": 2, "TEHNICIAN IN ACTIVITATI ECONOMICE": 1, "COAFOR STILIST": 10}, "limba_moderna": {"LIMBA ENGLEZA": 28}, "limba_materna": {"LIMBA ROMANA": 28}, "promotie_anterioara": {"DA": 11, "NU": 17}, "materii": {"LIMBA ROMANA": {"medie": 5.761363636363637, "reusita": 71.42857142857143, "cnt": 28}, "ANATOMIE SI FIZIOLOGIE UMANA, GENETICA SI ECOLOGIE UMANA": {"medie": 3.6, "reusita": 0.0, "cnt": 1}, "GENERAL": {"medie": 6.039166666666666, "reusita": 39.285714285714285, "cnt": 28}, "BIOLOGIE VEGETALA SI ANIMALA": {"medie": 4.983333333333334, "reusita": 44.44444444444444, "cnt": 9}, "GEOGRAFIE": {"medie": 7.0227272727272725, "reusita": 78.57142857142857, "cnt": 14}, "MATEMATICA TEHN": {"medie": 5.934782608695653, "reusita": 75.0, "cnt": 28}, "FIZICA TEH": {"medie": 5.05, "reusita": 100.0, "cnt": 2}, "CHIMIE ANORGANICA TEH NIVEL I/II": {"medie": 7.449999999999999, "reusita": 100.0, "cnt": 2}}, "nume": "COLEGIUL TEHNIC \"MEDIENSIS\" MEDIAS\tSibiu"}