{"specializari": {"LICEU CU PROGRAM SPORTIV": 73, "TEHNICIAN IN INSTALATII ELECTRICE": 29, "TEHNICIAN TRANSPORTURI": 8, "TEHNICIAN IN AUTOMATIZARI": 2, "MATEMATICA-INFORMATICA": 9}, "limba_moderna": {"LIMBA ENGLEZA": 121}, "limba_materna": {"LIMBA ROMANA": 121}, "promotie_anterioara": {"DA": 40, "NU": 81}, "materii": {"LIMBA ROMANA": {"medie": 5.637155963302755, "reusita": 69.42148760330579, "cnt": 121}, "ANATOMIE SI FIZIOLOGIE UMANA, GENETICA SI ECOLOGIE UMANA": {"medie": 2.3499999999999996, "reusita": 0.0, "cnt": 4}, "GENERAL": {"medie": 5.665841584158416, "reusita": 38.84297520661157, "cnt": 121}, "MATEMATICA MATE-INFO": {"medie": 1.1083333333333334, "reusita": 0.0, "cnt": 9}, "BIOLOGIE VEGETALA SI ANIMALA": {"medie": 3.7534482758620684, "reusita": 21.951219512195124, "cnt": 41}, "ISTORIE": {"medie": 6.509859154929578, "reusita": 91.78082191780823, "cnt": 73}, "GEOGRAFIE": {"medie": 7.568749999999999, "reusita": 89.23076923076924, "cnt": 65}, "MATEMATICA TEHN": {"medie": 2.457692307692308, "reusita": 20.51282051282051, "cnt": 39}, "LOGICA, ARGUMENTARE SI COMUNICARE": {"medie": 5.25, "reusita": 50.0, "cnt": 8}, "INFORMATICA MI C/C++": {"medie": 1.8, "reusita": 0.0, "cnt": 3}}, "nume": "COLEGIUL TEHNIC FEROVIAR \"MIHAI I\"\tBucure\u0219ti"}