{"specializari": {"ARHITECTURA, ARTE AMBIENTALE SI DESIGN": 24, "MUZICA": 28, "ARTE PLASTICE SI DECORATIVE": 26, "FILOLOGIE": 29, "PATRIMONIU CULTURAL": 20, "CONSERVARE - RESTAURARE": 4}, "limba_moderna": {"LIMBA ENGLEZA": 129, "LIMBA FRANCEZA": 2}, "limba_materna": {"LIMBA ROMANA": 131}, "promotie_anterioara": {"DA": 5, "NU": 126}, "materii": {"LIMBA ROMANA": {"medie": 7.126356589147289, "reusita": 96.18320610687023, "cnt": 131}, "GENERAL": {"medie": 7.255511811023625, "reusita": 84.7328244274809, "cnt": 131}, "ISTORIE": {"medie": 7.079687500000005, "reusita": 97.70992366412213, "cnt": 131}, "GEOGRAFIE": {"medie": 7.229032258064518, "reusita": 90.625, "cnt": 64}, "SOCIOLOGIE": {"medie": 7.7, "reusita": 100.0, "cnt": 2}, "LOGICA, ARGUMENTARE SI COMUNICARE": {"medie": 7.770833333333332, "reusita": 93.54838709677419, "cnt": 62}, "PSIHOLOGIE": {"medie": 8.6, "reusita": 100.0, "cnt": 1}, "FILOSOFIE": {"medie": 7.65, "reusita": 100.0, "cnt": 2}}, "nume": "COLEGIUL DE ARTA \"CIPRIAN PORUMBESCU\" SUCEAVA\tSuceava"}