{"specializari": {"MATEMATICA-INFORMATICA": 84, "STIINTE ALE NATURII": 65, "STIINTE SOCIALE": 41}, "limba_moderna": {"LIMBA ENGLEZA": 164, "LIMBA FRANCEZA": 6, "LIMBA GERMANA MODERNA": 11, "LIMBA SPANIOLA": 9}, "limba_materna": {"LIMBA ROMANA": 190}, "promotie_anterioara": {"DA": 1, "NU": 189}, "materii": {"LIMBA ROMANA": {"medie": 8.559210526315791, "reusita": 100.0, "cnt": 190}, "MATEMATICA ST-NAT": {"medie": 8.689999999999998, "reusita": 100.0, "cnt": 65}, "ANATOMIE SI FIZIOLOGIE UMANA, GENETICA SI ECOLOGIE UMANA": {"medie": 8.896268656716419, "reusita": 100.0, "cnt": 67}, "GENERAL": {"medie": 8.719664902998232, "reusita": 97.89473684210527, "cnt": 190}, "MATEMATICA MATE-INFO": {"medie": 8.861309523809528, "reusita": 97.61904761904762, "cnt": 84}, "BIOLOGIE VEGETALA SI ANIMALA": {"medie": 9.65, "reusita": 100.0, "cnt": 1}, "ISTORIE": {"medie": 8.575, "reusita": 97.5609756097561, "cnt": 41}, "GEOGRAFIE": {"medie": 9.32, "reusita": 100.0, "cnt": 5}, "LOGICA, ARGUMENTARE SI COMUNICARE": {"medie": 8.553030303030303, "reusita": 94.11764705882352, "cnt": 34}, "PSIHOLOGIE": {"medie": 7.5, "reusita": 100.0, "cnt": 2}, "FIZICA TEO": {"medie": 8.47857142857143, "reusita": 100.0, "cnt": 14}, "CHIMIE ORGANICA TEO NIVEL I/II": {"medie": 9.308333333333335, "reusita": 100.0, "cnt": 24}, "INFORMATICA MI C/C++": {"medie": 8.929761904761904, "reusita": 100.0, "cnt": 42}, "CHIMIE ANORGANICA TEO NIVEL I/II": {"medie": 5.9, "reusita": 100.0, "cnt": 1}}, "nume": "COLEGIUL NATIONAL \"STEFAN CEL MARE\" SUCEAVA\tSuceava"}