{"specializari": {"TEHNICIAN TRANSPORTURI": 12, "TEHNICIAN IN INDUSTRIA TEXTILA": 3, "TEHNICIAN ECOLOG SI PROTECTIA CALITATII MEDIULUI": 3, "TEHNICIAN DESIGNER VESTIMENTAR": 2, "TEHNICIAN IN TURISM": 4, "TEHNICIAN IN SILVICULTURA SI EXPLOATARI FORESTIERE": 1}, "limba_moderna": {"LIMBA ENGLEZA": 23, "LIMBA FRANCEZA": 2}, "limba_materna": {"LIMBA ROMANA": 25}, "promotie_anterioara": {"DA": 20, "NU": 5}, "materii": {"LIMBA ROMANA": {"medie": 4.3, "reusita": 48.0, "cnt": 25}, "ANATOMIE SI FIZIOLOGIE UMANA, GENETICA SI ECOLOGIE UMANA": {"medie": 4.3, "reusita": 0.0, "cnt": 2}, "GENERAL": {"medie": 4.061904761904762, "reusita": 4.0, "cnt": 25}, "BIOLOGIE VEGETALA SI ANIMALA": {"medie": 3.7, "reusita": 22.22222222222222, "cnt": 9}, "GEOGRAFIE": {"medie": 3.325, "reusita": 25.0, "cnt": 4}, "MATEMATICA TEHN": {"medie": 3.5657894736842106, "reusita": 32.0, "cnt": 25}, "FIZICA TEH": {"medie": 3.8875, "reusita": 20.0, "cnt": 10}}, "nume": "COLEGIUL AUTO \"TRAIAN VUIA\" TG-JIU\tGorj"}