{"specializari": {"TEHNICIAN IN CONSTRUCTII SI LUCRARI PUBLICE": 3, "TEHNICIAN OPERATOR TEHNICA DE CALCUL": 1, "TEHNICIAN PROIECTANT CAD": 4, "TEHNICIAN MECATRONIST": 11, "TEHNICIAN IN AUTOMATIZARI": 16, "TEHNICIAN ECOLOG SI PROTECTIA CALITATII MEDIULUI": 22, "TEHNICIAN DE TELECOMUNICATII": 2, "TEHNICIAN DESENATOR PENTRU CONSTRUCTII SI INSTALATII": 4, "TEHNICIAN INSTALATOR PENTRU CONSTRUCTII": 5, "TEHNICIAN PRELUCRARI PE MASINI CU COMANDA NUMERICA": 3, "ARHITECTURA, ARTE AMBIENTALE SI DESIGN": 12, "STIINTE ALE NATURII": 4, "TEHNICIAN ELECTROTEHNIST": 1, "TEHNICIAN IN INSTALATII ELECTRICE": 1}, "limba_moderna": {"LIMBA ENGLEZA": 87, "LIMBA FRANCEZA": 2}, "limba_materna": {"LIMBA ROMANA": 89}, "promotie_anterioara": {"DA": 43, "NU": 46}, "materii": {"LIMBA ROMANA": {"medie": 5.957594936708863, "reusita": 79.7752808988764, "cnt": 89}, "MATEMATICA ST-NAT": {"medie": 5.05, "reusita": 50.0, "cnt": 4}, "ANATOMIE SI FIZIOLOGIE UMANA, GENETICA SI ECOLOGIE UMANA": {"medie": 5.85, "reusita": 50.0, "cnt": 4}, "GENERAL": {"medie": 5.393283582089553, "reusita": 20.224719101123593, "cnt": 89}, "BIOLOGIE VEGETALA SI ANIMALA": {"medie": 4.815625, "reusita": 46.42857142857143, "cnt": 56}, "ISTORIE": {"medie": 5.8055555555555545, "reusita": 58.333333333333336, "cnt": 12}, "GEOGRAFIE": {"medie": 5.6850000000000005, "reusita": 58.333333333333336, "cnt": 12}, "MATEMATICA TEHN": {"medie": 4.8775862068965505, "reusita": 50.68493150684932, "cnt": 73}, "CHIMIE ANORGANICA TEH NIVEL I/II": {"medie": 5.634615384615385, "reusita": 52.94117647058824, "cnt": 17}}, "nume": "COLEGIUL TEHNIC \"MIRCEA CRISTEA\" BRASOV\tBra\u0219ov"}