{"specializari": {"TEHNICIAN IN ACTIVITATI ECONOMICE": 80, "MATEMATICA-INFORMATICA": 18, "TEHNICIAN IN ADMINISTRATIE": 5, "TEHNICIAN IN TURISM": 21, "STIINTE SOCIALE": 34, "TEHNICIAN IN ACTIVITATI DE COMERT": 8, "STIINTE ALE NATURII": 20, "TEHNICIAN IN HOTELARIE": 10}, "limba_moderna": {"LIMBA ENGLEZA": 180, "LIMBA FRANCEZA": 16}, "limba_materna": {"LIMBA ROMANA": 196}, "promotie_anterioara": {"DA": 16, "NU": 180}, "materii": {"LIMBA ROMANA": {"medie": 6.992968750000002, "reusita": 96.42857142857143, "cnt": 196}, "MATEMATICA ST-NAT": {"medie": 6.002631578947369, "reusita": 85.0, "cnt": 20}, "ANATOMIE SI FIZIOLOGIE UMANA, GENETICA SI ECOLOGIE UMANA": {"medie": 7.4263157894736835, "reusita": 90.0, "cnt": 20}, "GENERAL": {"medie": 7.15359649122807, "reusita": 80.10204081632652, "cnt": 196}, "MATEMATICA MATE-INFO": {"medie": 6.01764705882353, "reusita": 77.77777777777779, "cnt": 18}, "BIOLOGIE VEGETALA SI ANIMALA": {"medie": 4.725, "reusita": 50.0, "cnt": 2}, "ISTORIE": {"medie": 7.745454545454546, "reusita": 97.05882352941177, "cnt": 34}, "GEOGRAFIE": {"medie": 8.063223140495865, "reusita": 95.96774193548387, "cnt": 124}, "MATEMATICA TEHN": {"medie": 6.166260162601625, "reusita": 87.09677419354838, "cnt": 124}, "LOGICA, ARGUMENTARE SI COMUNICARE": {"medie": 8.642424242424243, "reusita": 100.0, "cnt": 33}, "CHIMIE ORGANICA TEO NIVEL I/II": {"medie": 7.25, "reusita": 100.0, "cnt": 1}, "INFORMATICA MI C/C++": {"medie": 7.664285714285713, "reusita": 92.85714285714286, "cnt": 14}, "CHIMIE ANORGANICA TEO NIVEL I/II": {"medie": 8.15, "reusita": 100.0, "cnt": 1}, "ECONOMIE": {"medie": 5.0, "reusita": 100.0, "cnt": 1}}, "nume": "COLEGIUL ECONOMIC \"ANGHEL RUGINA\", MUN. VASLUI\tVaslui"}