{"specializari": {"FILOLOGIE": 94, "LICEU CU PROGRAM SPORTIV": 24, "STIINTE SOCIALE": 30, "MATEMATICA-INFORMATICA": 115, "STIINTE ALE NATURII": 50}, "limba_moderna": {"LIMBA ENGLEZA": 283, "LIMBA FRANCEZA": 18, "LIMBA SPANIOLA": 4, "LIMBA GERMANA MODERNA": 8}, "limba_materna": {"LIMBA ROMANA": 313}, "promotie_anterioara": {"DA": 1, "NU": 312}, "materii": {"LIMBA ROMANA": {"medie": 8.28814102564103, "reusita": 99.04153354632588, "cnt": 313}, "MATEMATICA ST-NAT": {"medie": 8.37, "reusita": 100.0, "cnt": 50}, "ANATOMIE SI FIZIOLOGIE UMANA, GENETICA SI ECOLOGIE UMANA": {"medie": 7.987500000000001, "reusita": 100.0, "cnt": 4}, "GENERAL": {"medie": 8.577670940170943, "reusita": 97.12460063897763, "cnt": 313}, "MATEMATICA MATE-INFO": {"medie": 9.223478260869564, "reusita": 100.0, "cnt": 115}, "BIOLOGIE VEGETALA SI ANIMALA": {"medie": 9.387931034482758, "reusita": 100.0, "cnt": 29}, "ISTORIE": {"medie": 7.742517006802721, "reusita": 97.97297297297297, "cnt": 148}, "GEOGRAFIE": {"medie": 8.820454545454545, "reusita": 95.45454545454545, "cnt": 22}, "SOCIOLOGIE": {"medie": 9.7, "reusita": 100.0, "cnt": 1}, "LOGICA, ARGUMENTARE SI COMUNICARE": {"medie": 9.144859813084109, "reusita": 96.29629629629629, "cnt": 108}, "PSIHOLOGIE": {"medie": 9.427777777777779, "reusita": 100.0, "cnt": 9}, "FILOSOFIE": {"medie": 9.9, "reusita": 100.0, "cnt": 2}, "FIZICA TEO": {"medie": 8.73090909090909, "reusita": 98.18181818181819, "cnt": 55}, "CHIMIE ORGANICA TEO NIVEL I/II": {"medie": 9.119791666666668, "reusita": 100.0, "cnt": 48}, "INFORMATICA MI C/C++": {"medie": 9.208333333333336, "reusita": 100.0, "cnt": 24}, "CHIMIE ANORGANICA TEO NIVEL I/II": {"medie": 10.0, "reusita": 100.0, "cnt": 2}, "ECONOMIE": {"medie": 8.183333333333335, "reusita": 100.0, "cnt": 6}, "INFORMATICA SN C/C++": {"medie": 8.766666666666666, "reusita": 100.0, "cnt": 3}}, "nume": "COLEGIUL NATIONAL \"MIHAI VITEAZUL\", MUNICIPIUL PLOIESTI\tPrahova"}