{"specializari": {"STIINTE ALE NATURII": 51, "STIINTE SOCIALE": 38, "MATEMATICA-INFORMATICA": 33, "FILOLOGIE": 38, "INVATATOR - EDUCATOARE": 52}, "limba_moderna": {"LIMBA ENGLEZA": 199, "LIMBA FRANCEZA": 13}, "limba_materna": {"LIMBA ROMANA": 212}, "promotie_anterioara": {"DA": 8, "NU": 204}, "materii": {"LIMBA ROMANA": {"medie": 8.049523809523816, "reusita": 99.05660377358491, "cnt": 212}, "MATEMATICA ST-NAT": {"medie": 7.649019607843138, "reusita": 96.07843137254902, "cnt": 51}, "ANATOMIE SI FIZIOLOGIE UMANA, GENETICA SI ECOLOGIE UMANA": {"medie": 8.189583333333335, "reusita": 100.0, "cnt": 48}, "GENERAL": {"medie": 7.914444444444446, "reusita": 91.0377358490566, "cnt": 212}, "MATEMATICA MATE-INFO": {"medie": 6.980303030303031, "reusita": 93.93939393939394, "cnt": 33}, "BIOLOGIE VEGETALA SI ANIMALA": {"medie": 7.9, "reusita": 100.0, "cnt": 1}, "ISTORIE": {"medie": 7.754054054054052, "reusita": 93.42105263157895, "cnt": 76}, "GEOGRAFIE": {"medie": 8.326923076923078, "reusita": 100.0, "cnt": 39}, "SOCIOLOGIE": {"medie": 8.017500000000002, "reusita": 95.0, "cnt": 20}, "MATEMATICA PED": {"medie": 7.729807692307691, "reusita": 96.15384615384616, "cnt": 52}, "LOGICA, ARGUMENTARE SI COMUNICARE": {"medie": 8.560447761194032, "reusita": 95.65217391304348, "cnt": 69}, "FIZICA TEO": {"medie": 7.5874999999999995, "reusita": 100.0, "cnt": 8}, "CHIMIE ORGANICA TEO NIVEL I/II": {"medie": 6.483333333333333, "reusita": 100.0, "cnt": 3}, "INFORMATICA MI C/C++": {"medie": 6.489473684210526, "reusita": 89.47368421052632, "cnt": 19}, "CHIMIE ANORGANICA TEO NIVEL I/II": {"medie": 7.325, "reusita": 100.0, "cnt": 4}, "INFORMATICA SN C/C++": {"medie": 7.1, "reusita": 100.0, "cnt": 1}}, "nume": "COLEGIUL NATIONAL PEDAGOGIC \"STEFAN CEL MARE\" BACAU\tBac\u0103u"}