{"specializari": {"MATEMATICA-INFORMATICA": 18, "STIINTE ALE NATURII": 45, "INVATATOR - EDUCATOARE": 62, "STIINTE SOCIALE": 39, "FILOLOGIE": 72}, "limba_moderna": {"LIMBA ENGLEZA": 205, "LIMBA FRANCEZA": 31}, "limba_materna": {"LIMBA ROMANA": 236}, "promotie_anterioara": {"DA": 18, "NU": 218}, "materii": {"LIMBA ROMANA": {"medie": 7.633043478260867, "reusita": 95.76271186440678, "cnt": 236}, "MATEMATICA ST-NAT": {"medie": 5.235365853658538, "reusita": 53.333333333333336, "cnt": 45}, "ANATOMIE SI FIZIOLOGIE UMANA, GENETICA SI ECOLOGIE UMANA": {"medie": 7.51272727272727, "reusita": 96.42857142857143, "cnt": 56}, "GENERAL": {"medie": 7.645321637426901, "reusita": 81.35593220338984, "cnt": 236}, "MATEMATICA MATE-INFO": {"medie": 5.044444444444444, "reusita": 61.111111111111114, "cnt": 18}, "BIOLOGIE VEGETALA SI ANIMALA": {"medie": 8.6, "reusita": 100.0, "cnt": 1}, "ISTORIE": {"medie": 7.555, "reusita": 99.09909909909909, "cnt": 111}, "GEOGRAFIE": {"medie": 8.280555555555555, "reusita": 97.22222222222221, "cnt": 36}, "SOCIOLOGIE": {"medie": 10.0, "reusita": 50.0, "cnt": 2}, "MATEMATICA PED": {"medie": 7.361290322580645, "reusita": 96.7741935483871, "cnt": 62}, "LOGICA, ARGUMENTARE SI COMUNICARE": {"medie": 8.701550387596901, "reusita": 97.6923076923077, "cnt": 130}, "PSIHOLOGIE": {"medie": 8.587499999999999, "reusita": 100.0, "cnt": 4}, "FIZICA TEO": {"medie": 7.216666666666666, "reusita": 100.0, "cnt": 3}, "CHIMIE ORGANICA TEO NIVEL I/II": {"medie": 7.183333333333333, "reusita": 66.66666666666666, "cnt": 3}, "ECONOMIE": {"medie": 9.6, "reusita": 100.0, "cnt": 1}}, "nume": "COLEGIUL NATIONAL PEDAGOGIC \"STEFAN ODOBLEJA\"\tMehedin\u021bi"}