{"specializari": {"STIINTE SOCIALE": 65, "FILOLOGIE": 67, "MATEMATICA-INFORMATICA": 49, "STIINTE ALE NATURII": 28}, "limba_moderna": {"LIMBA ENGLEZA": 190, "LIMBA FRANCEZA": 19}, "limba_materna": {"LIMBA ROMANA": 209}, "promotie_anterioara": {"DA": 25, "NU": 184}, "materii": {"LIMBA ROMANA": {"medie": 6.895609756097553, "reusita": 93.30143540669856, "cnt": 209}, "MATEMATICA ST-NAT": {"medie": 5.598148148148148, "reusita": 71.42857142857143, "cnt": 28}, "ANATOMIE SI FIZIOLOGIE UMANA, GENETICA SI ECOLOGIE UMANA": {"medie": 7.446153846153845, "reusita": 87.6923076923077, "cnt": 65}, "GENERAL": {"medie": 7.13481848184818, "reusita": 77.03349282296651, "cnt": 209}, "MATEMATICA MATE-INFO": {"medie": 6.494897959183672, "reusita": 83.6734693877551, "cnt": 49}, "BIOLOGIE VEGETALA SI ANIMALA": {"medie": 5.35, "reusita": 50.0, "cnt": 2}, "ISTORIE": {"medie": 7.2556818181818175, "reusita": 100.0, "cnt": 132}, "GEOGRAFIE": {"medie": 7.411788617886181, "reusita": 94.39999999999999, "cnt": 125}, "LOGICA, ARGUMENTARE SI COMUNICARE": {"medie": 8.45, "reusita": 100.0, "cnt": 4}, "PSIHOLOGIE": {"medie": 8.25, "reusita": 100.0, "cnt": 3}, "FIZICA TEO": {"medie": 8.0625, "reusita": 100.0, "cnt": 4}, "INFORMATICA MI C/C++": {"medie": 8.933333333333335, "reusita": 100.0, "cnt": 6}}, "nume": "COLEGIUL NATIONAL \"SAMUIL VULCAN\" BEIUS\tBihor"}