{"specializari": {"STIINTE ALE NATURII": 29, "MATEMATICA-INFORMATICA": 133, "STIINTE SOCIALE": 27}, "limba_moderna": {"LIMBA ENGLEZA": 186, "LIMBA GERMANA MODERNA": 1, "LIMBA FRANCEZA": 2}, "limba_materna": {"LIMBA ROMANA": 189}, "promotie_anterioara": {"DA": 2, "NU": 187}, "materii": {"LIMBA ROMANA": {"medie": 8.230952380952377, "reusita": 99.47089947089947, "cnt": 189}, "MATEMATICA ST-NAT": {"medie": 8.106896551724137, "reusita": 100.0, "cnt": 29}, "ANATOMIE SI FIZIOLOGIE UMANA, GENETICA SI ECOLOGIE UMANA": {"medie": 7.640909090909091, "reusita": 100.0, "cnt": 11}, "GENERAL": {"medie": 8.37328042328042, "reusita": 97.88359788359789, "cnt": 189}, "MATEMATICA MATE-INFO": {"medie": 8.569548872180446, "reusita": 100.0, "cnt": 133}, "BIOLOGIE VEGETALA SI ANIMALA": {"medie": 7.95135135135135, "reusita": 100.0, "cnt": 37}, "ISTORIE": {"medie": 8.18888888888889, "reusita": 100.0, "cnt": 27}, "GEOGRAFIE": {"medie": 8.325, "reusita": 100.0, "cnt": 12}, "SOCIOLOGIE": {"medie": 7.3062499999999995, "reusita": 87.5, "cnt": 8}, "LOGICA, ARGUMENTARE SI COMUNICARE": {"medie": 9.36, "reusita": 100.0, "cnt": 5}, "FIZICA TEO": {"medie": 8.702542372881354, "reusita": 98.30508474576271, "cnt": 59}, "CHIMIE ORGANICA TEO NIVEL I/II": {"medie": 8.966666666666669, "reusita": 100.0, "cnt": 30}, "INFORMATICA MI C/C++": {"medie": 8.57, "reusita": 100.0, "cnt": 25}, "ECONOMIE": {"medie": 7.975, "reusita": 100.0, "cnt": 2}}, "nume": "COLEGIUL NATIONAL \"NICOLAE BALCESCU\"\tBr\u0103ila"}