{"specializari": {"TEHNICIAN ELECTROTEHNIST": 1, "STIINTE ALE NATURII": 2, "TEHNICIAN ECOLOG SI PROTECTIA CALITATII MEDIULUI": 7, "FILOLOGIE": 4, "TEHNICIAN MECATRONIST": 3, "TEHNICIAN MECANIC PENTRU INTRETINERE SI REPARATII": 1, "TEHNICIAN IN INDUSTRIA ALIMENTARA": 2, "TEHNICIAN ANALIZE PRODUSE ALIMENTARE": 3, "TEHNICIAN IN GASTRONOMIE": 2, "TEHNICIAN IN INDUSTRIA TEXTILA": 1}, "limba_moderna": {"LIMBA FRANCEZA": 2, "LIMBA ENGLEZA": 24}, "limba_materna": {"LIMBA ROMANA": 26}, "promotie_anterioara": {"DA": 19, "NU": 7}, "materii": {"LIMBA ROMANA": {"medie": 5.352500000000001, "reusita": 61.53846153846154, "cnt": 26}, "MATEMATICA ST-NAT": {"medie": 3.75, "reusita": 0.0, "cnt": 2}, "ANATOMIE SI FIZIOLOGIE UMANA, GENETICA SI ECOLOGIE UMANA": {"medie": 5.7749999999999995, "reusita": 54.54545454545454, "cnt": 11}, "GENERAL": {"medie": 5.101851851851851, "reusita": 19.230769230769234, "cnt": 26}, "BIOLOGIE VEGETALA SI ANIMALA": {"medie": 4.175, "reusita": 37.5, "cnt": 8}, "ISTORIE": {"medie": 6.174999999999999, "reusita": 100.0, "cnt": 4}, "GEOGRAFIE": {"medie": 7.391666666666667, "reusita": 100.0, "cnt": 6}, "MATEMATICA TEHN": {"medie": 3.905882352941177, "reusita": 30.0, "cnt": 20}, "CHIMIE ORGANICA TEH NIVEL I/II": {"medie": "-", "reusita": 0.0, "cnt": 1}}, "nume": "COLEGIUL TEHNIC \"COSTIN D. NENITESCU\"\tBr\u0103ila"}