{"specializari": {"TEHNICIAN IN GASTRONOMIE": 32, "TEHNICIAN IN ACTIVITATI DE COMERT": 1, "TEHNICIAN IN ACTIVITATI ECONOMICE": 58, "TEHNICIAN IN ADMINISTRATIE": 30, "TEHNICIAN IN TURISM": 57}, "limba_moderna": {"LIMBA ENGLEZA": 177, "LIMBA FRANCEZA": 1}, "limba_materna": {"LIMBA ROMANA": 178}, "promotie_anterioara": {"DA": 8, "NU": 170}, "materii": {"LIMBA ROMANA": {"medie": 7.442045454545456, "reusita": 97.19101123595506, "cnt": 178}, "GENERAL": {"medie": 7.6075144508670505, "reusita": 87.64044943820225, "cnt": 178}, "GEOGRAFIE": {"medie": 8.168965517241377, "reusita": 98.85057471264368, "cnt": 174}, "MATEMATICA TEHN": {"medie": 7.065625, "reusita": 92.13483146067416, "cnt": 178}, "LOGICA, ARGUMENTARE SI COMUNICARE": {"medie": 9.5, "reusita": 100.0, "cnt": 2}, "PSIHOLOGIE": {"medie": 7.050000000000001, "reusita": 100.0, "cnt": 2}}, "nume": "COLEGIUL ECONOMIC \"TRANSILVANIA\" TIRGU MURES\tMure\u0219"}