{"specializari": {"TEHNICIAN PROIECTANT CAD": 2, "TEHNICIAN MECANIC PENTRU INTRETINERE SI REPARATII": 1, "LICEU CU PROGRAM SPORTIV": 10, "MATEMATICA-INFORMATICA": 1, "TEHNICIAN PRELUCRARI LA CALD": 1, "TEHNICIAN ECOLOG SI PROTECTIA CALITATII MEDIULUI": 8, "TEHNICIAN MECATRONIST": 1}, "limba_moderna": {"LIMBA ENGLEZA": 24}, "limba_materna": {"LIMBA ROMANA": 24}, "promotie_anterioara": {"DA": 7, "NU": 17}, "materii": {"LIMBA ROMANA": {"medie": 4.545, "reusita": 37.5, "cnt": 24}, "ANATOMIE SI FIZIOLOGIE UMANA, GENETICA SI ECOLOGIE UMANA": {"medie": 4.275, "reusita": 25.0, "cnt": 8}, "GENERAL": {"medie": 4.520833333333333, "reusita": 16.666666666666664, "cnt": 24}, "MATEMATICA MATE-INFO": {"medie": "-", "reusita": 0.0, "cnt": 1}, "BIOLOGIE VEGETALA SI ANIMALA": {"medie": 4.0, "reusita": 33.33333333333333, "cnt": 3}, "ISTORIE": {"medie": 4.666666666666668, "reusita": 30.0, "cnt": 10}, "GEOGRAFIE": {"medie": 4.371428571428572, "reusita": 25.0, "cnt": 8}, "MATEMATICA TEHN": {"medie": 3.414285714285714, "reusita": 15.384615384615385, "cnt": 13}, "FIZICA TEH": {"medie": 5.0, "reusita": 50.0, "cnt": 2}, "LOGICA, ARGUMENTARE SI COMUNICARE": {"medie": 7.75, "reusita": 100.0, "cnt": 1}, "FILOSOFIE": {"medie": 9.7, "reusita": 100.0, "cnt": 1}, "FIZICA TEO": {"medie": "-", "reusita": 0.0, "cnt": 1}}, "nume": "COLEGIUL TEHNIC \"MIRON NICOLESCU\"\tBucure\u0219ti"}