{"specializari": {"STIINTE SOCIALE": 58, "MATEMATICA-INFORMATICA": 30, "TEOLOGIE ROMANO-CATOLICA": 15}, "limba_moderna": {"LIMBA ENGLEZA": 96, "LIMBA FRANCEZA": 7}, "limba_materna": {"LIMBA ROMANA": 103}, "promotie_anterioara": {"DA": 7, "NU": 96}, "materii": {"LIMBA ROMANA": {"medie": 7.66019417475728, "reusita": 100.0, "cnt": 103}, "ANATOMIE SI FIZIOLOGIE UMANA, GENETICA SI ECOLOGIE UMANA": {"medie": "-", "reusita": 0.0, "cnt": 1}, "GENERAL": {"medie": 7.7440594059406, "reusita": 86.40776699029125, "cnt": 103}, "MATEMATICA MATE-INFO": {"medie": 5.715000000000001, "reusita": 73.33333333333333, "cnt": 30}, "BIOLOGIE VEGETALA SI ANIMALA": {"medie": 6.888461538461538, "reusita": 100.0, "cnt": 13}, "ISTORIE": {"medie": 7.723287671232875, "reusita": 100.0, "cnt": 73}, "GEOGRAFIE": {"medie": 8.75, "reusita": 88.88888888888889, "cnt": 9}, "LOGICA, ARGUMENTARE SI COMUNICARE": {"medie": 9.057142857142857, "reusita": 100.0, "cnt": 56}, "PSIHOLOGIE": {"medie": 9.416666666666666, "reusita": 100.0, "cnt": 6}, "CHIMIE ORGANICA TEO NIVEL I/II": {"medie": 8.45, "reusita": 100.0, "cnt": 1}, "INFORMATICA MI C/C++": {"medie": 6.3055555555555545, "reusita": 88.88888888888889, "cnt": 9}, "CHIMIE ANORGANICA TEO NIVEL I/II": {"medie": 6.366666666666666, "reusita": 100.0, "cnt": 6}, "ECONOMIE": {"medie": 8.95, "reusita": 100.0, "cnt": 2}}, "nume": "COLEGIUL NATIONAL CATOLIC \"SF.IOSIF\" BACAU\tBac\u0103u"}