{"specializari": {"FILOLOGIE": 63, "STIINTE SOCIALE": 55, "MATEMATICA-INFORMATICA": 21, "STIINTE ALE NATURII": 31}, "limba_moderna": {"LIMBA ENGLEZA": 94, "LIMBA FRANCEZA": 76}, "limba_materna": {"LIMBA ROMANA": 170}, "promotie_anterioara": {"DA": 10, "NU": 160}, "materii": {"LIMBA ROMANA": {"medie": 7.281656804733728, "reusita": 97.6470588235294, "cnt": 170}, "MATEMATICA ST-NAT": {"medie": 6.822580645161292, "reusita": 90.32258064516128, "cnt": 31}, "ANATOMIE SI FIZIOLOGIE UMANA, GENETICA SI ECOLOGIE UMANA": {"medie": 8.353030303030303, "reusita": 100.0, "cnt": 33}, "GENERAL": {"medie": 7.471329365079361, "reusita": 87.6470588235294, "cnt": 170}, "MATEMATICA MATE-INFO": {"medie": 7.071428571428571, "reusita": 90.47619047619048, "cnt": 21}, "BIOLOGIE VEGETALA SI ANIMALA": {"medie": 9.8, "reusita": 100.0, "cnt": 1}, "ISTORIE": {"medie": 7.053418803418804, "reusita": 99.15254237288136, "cnt": 118}, "GEOGRAFIE": {"medie": 8.49948453608247, "reusita": 96.96969696969697, "cnt": 99}, "SOCIOLOGIE": {"medie": 7.978571428571429, "reusita": 100.0, "cnt": 7}, "LOGICA, ARGUMENTARE SI COMUNICARE": {"medie": 4.14375, "reusita": 25.0, "cnt": 8}, "PSIHOLOGIE": {"medie": 7.7875, "reusita": 100.0, "cnt": 4}, "FIZICA TEO": {"medie": 7.258333333333334, "reusita": 100.0, "cnt": 6}, "CHIMIE ORGANICA TEO NIVEL I/II": {"medie": 9.0, "reusita": 100.0, "cnt": 1}, "INFORMATICA MI C/C++": {"medie": 7.300000000000002, "reusita": 85.71428571428571, "cnt": 7}, "CHIMIE ANORGANICA TEO NIVEL I/II": {"medie": 7.116666666666667, "reusita": 100.0, "cnt": 3}, "INFORMATICA SN C/C++": {"medie": 5.9, "reusita": 100.0, "cnt": 1}}, "nume": "COLEGIUL NATIONAL \"COSTACHE NEGRI\" TARGU OCNA\tBac\u0103u"}