{"specializari": {"TEHNICIAN ELECTRICIAN/ELECTRONIST AUTO": 19, "MATEMATICA-INFORMATICA": 10, "TEHNICIAN PRELUCRARI PE MASINI CU COMANDA NUMERICA": 7, "TEHNICIAN IN AUTOMATIZARI": 1, "TEHNICIAN OPERATOR TEHNICA DE CALCUL": 1, "TEHNICIAN MECATRONIST": 1, "TEHNICIAN MECANIC PENTRU INTRETINERE SI REPARATII": 1, "TEHNICIAN TRANSPORTURI": 2}, "limba_moderna": {"LIMBA ENGLEZA": 36, "LIMBA FRANCEZA": 6}, "limba_materna": {"LIMBA ROMANA": 42}, "promotie_anterioara": {"DA": 14, "NU": 28}, "materii": {"LIMBA ROMANA": {"medie": 6.678571428571429, "reusita": 80.95238095238095, "cnt": 42}, "GENERAL": {"medie": 6.194086021505376, "reusita": 45.23809523809524, "cnt": 42}, "MATEMATICA MATE-INFO": {"medie": 6.045, "reusita": 90.0, "cnt": 10}, "BIOLOGIE VEGETALA SI ANIMALA": {"medie": 6.794117647058824, "reusita": 60.86956521739131, "cnt": 23}, "MATEMATICA TEHN": {"medie": 5.161999999999999, "reusita": 59.375, "cnt": 32}, "FIZICA TEH": {"medie": 5.441666666666667, "reusita": 62.5, "cnt": 8}, "CHIMIE ANORGANICA TEH NIVEL I/II": {"medie": 5.4142857142857155, "reusita": 75.0, "cnt": 8}, "CHIMIE ANORGANICA TEO NIVEL I/II": {"medie": 6.0, "reusita": 100.0, "cnt": 3}}, "nume": "COLEGIUL TEHNIC \"MIHAIL STURDZA\", IASI\tIa\u0219i"}