{"specializari": {"MATEMATICA-INFORMATICA": 131, "FILOLOGIE": 86, "STIINTE ALE NATURII": 65}, "limba_moderna": {"LIMBA ENGLEZA": 255, "LIMBA FRANCEZA": 19, "LIMBA SPANIOLA": 8}, "limba_materna": {"LIMBA ROMANA": 282}, "promotie_anterioara": {"NU": 282}, "materii": {"LIMBA ROMANA": {"medie": 7.991134751773046, "reusita": 99.64539007092199, "cnt": 282}, "MATEMATICA ST-NAT": {"medie": 8.53615384615385, "reusita": 100.0, "cnt": 65}, "ANATOMIE SI FIZIOLOGIE UMANA, GENETICA SI ECOLOGIE UMANA": {"medie": 9.152399999999995, "reusita": 100.0, "cnt": 125}, "GENERAL": {"medie": 8.464952718676122, "reusita": 97.16312056737588, "cnt": 282}, "MATEMATICA MATE-INFO": {"medie": 8.179007633587787, "reusita": 96.18320610687023, "cnt": 131}, "ISTORIE": {"medie": 8.518023255813956, "reusita": 100.0, "cnt": 86}, "GEOGRAFIE": {"medie": 9.225, "reusita": 100.0, "cnt": 4}, "LOGICA, ARGUMENTARE SI COMUNICARE": {"medie": 9.180666666666667, "reusita": 100.0, "cnt": 75}, "PSIHOLOGIE": {"medie": 9.1, "reusita": 100.0, "cnt": 3}, "FIZICA TEO": {"medie": 8.727083333333331, "reusita": 100.0, "cnt": 24}, "CHIMIE ORGANICA TEO NIVEL I/II": {"medie": 9.41, "reusita": 100.0, "cnt": 5}, "INFORMATICA MI C/C++": {"medie": 8.564285714285713, "reusita": 100.0, "cnt": 42}, "ECONOMIE": {"medie": 9.0, "reusita": 100.0, "cnt": 4}}, "nume": "COLEGIUL NATIONAL \"CAROL I\" CRAIOVA\tDolj"}