{"specializari": {"TEHNICIAN IN SILVICULTURA SI EXPLOATARI FORESTIERE": 34, "STIINTE ALE NATURII": 4}, "limba_moderna": {"LIMBA ENGLEZA": 38}, "limba_materna": {"LIMBA ROMANA": 38}, "promotie_anterioara": {"DA": 12, "NU": 26}, "materii": {"LIMBA ROMANA": {"medie": 4.925806451612903, "reusita": 55.26315789473685, "cnt": 38}, "MATEMATICA ST-NAT": {"medie": 3.125, "reusita": 25.0, "cnt": 4}, "ANATOMIE SI FIZIOLOGIE UMANA, GENETICA SI ECOLOGIE UMANA": {"medie": 7.475, "reusita": 100.0, "cnt": 2}, "GENERAL": {"medie": 4.08827160493827, "reusita": 10.526315789473683, "cnt": 38}, "BIOLOGIE VEGETALA SI ANIMALA": {"medie": 4.575862068965518, "reusita": 36.11111111111111, "cnt": 36}, "MATEMATICA TEHN": {"medie": 3.0555555555555554, "reusita": 26.47058823529412, "cnt": 34}}, "nume": "COLEGIUL SILVIC \"THEODOR PIETRARU\" BRANESTI\tIlfov"}