{"specializari": {"TEHNICIAN IN TURISM": 17, "TEHNICIAN IN GASTRONOMIE": 29, "TEHNICIAN IN ADMINISTRATIE": 16, "TEHNICIAN IN ACTIVITATI DE COMERT": 15, "TEHNICIAN IN ACTIVITATI ECONOMICE": 59}, "limba_moderna": {"LIMBA ENGLEZA": 120, "LIMBA FRANCEZA": 15, "LIMBA RUSA": 1}, "limba_materna": {"LIMBA ROMANA": 136}, "promotie_anterioara": {"DA": 17, "NU": 119}, "materii": {"LIMBA ROMANA": {"medie": 7.2018518518518535, "reusita": 98.52941176470588, "cnt": 136}, "GENERAL": {"medie": 6.788461538461539, "reusita": 66.17647058823529, "cnt": 136}, "GEOGRAFIE": {"medie": 7.025462962962958, "reusita": 90.82568807339449, "cnt": 109}, "MATEMATICA TEHN": {"medie": 5.877480916030533, "reusita": 77.20588235294117, "cnt": 136}, "LOGICA, ARGUMENTARE SI COMUNICARE": {"medie": 8.427272727272724, "reusita": 91.66666666666666, "cnt": 24}, "ECONOMIE": {"medie": 6.866666666666666, "reusita": 100.0, "cnt": 3}}, "nume": "COLEGIUL ECONOMIC \"DELTA DUNARII\" TULCEA\tTulcea"}