{"specializari": {"TEHNICIAN IN AGROTURISM": 1, "TEHNICIAN MECANIC PENTRU INTRETINERE SI REPARATII": 4, "TEHNICIAN ECOLOG SI PROTECTIA CALITATII MEDIULUI": 25, "TEHNICIAN IN INSTALATII ELECTRICE": 18, "TEHNICIAN MECATRONIST": 6, "TEHNICIAN OPERATOR TEHNICA DE CALCUL": 24, "MATEMATICA-INFORMATICA": 18, "TEHNICIAN IN AUTOMATIZARI": 23, "LICEU CU PROGRAM SPORTIV": 12}, "limba_moderna": {"LIMBA ENGLEZA": 125, "LIMBA FRANCEZA": 6}, "limba_materna": {"LIMBA ROMANA": 131}, "promotie_anterioara": {"DA": 18, "NU": 113}, "materii": {"LIMBA ROMANA": {"medie": 7.400769230769231, "reusita": 98.47328244274809, "cnt": 131}, "ANATOMIE SI FIZIOLOGIE UMANA, GENETICA SI ECOLOGIE UMANA": {"medie": 8.116, "reusita": 100.0, "cnt": 25}, "GENERAL": {"medie": 7.362860892388453, "reusita": 88.54961832061069, "cnt": 131}, "MATEMATICA MATE-INFO": {"medie": 7.344444444444444, "reusita": 100.0, "cnt": 18}, "BIOLOGIE VEGETALA SI ANIMALA": {"medie": 7.024576271186438, "reusita": 88.70967741935483, "cnt": 62}, "ISTORIE": {"medie": 7.583333333333333, "reusita": 100.0, "cnt": 12}, "GEOGRAFIE": {"medie": 8.419999999999998, "reusita": 100.0, "cnt": 5}, "MATEMATICA TEHN": {"medie": 7.051010101010107, "reusita": 94.05940594059405, "cnt": 101}, "FIZICA TEH": {"medie": 7.475, "reusita": 100.0, "cnt": 20}, "LOGICA, ARGUMENTARE SI COMUNICARE": {"medie": 8.042857142857143, "reusita": 100.0, "cnt": 7}, "CHIMIE ANORGANICA TEH NIVEL I/II": {"medie": 8.266666666666667, "reusita": 100.0, "cnt": 3}, "FIZICA TEO": {"medie": 8.033333333333333, "reusita": 100.0, "cnt": 6}, "CHIMIE ORGANICA TEO NIVEL I/II": {"medie": 2.6, "reusita": 0.0, "cnt": 1}, "INFORMATICA MI C/C++": {"medie": 7.375, "reusita": 100.0, "cnt": 2}}, "nume": "COLEGIUL ENERGETIC, MUN. RM. VALCEA\tV\u00e2lcea"}