{"specializari": {"COAFOR STILIST": 24, "TEHNICIAN DESIGNER VESTIMENTAR": 40, "TEHNICIAN IN INDUSTRIA TEXTILA": 24, "TEHNICIAN IN TURISM": 31}, "limba_moderna": {"LIMBA ENGLEZA": 114, "LIMBA GERMANA MODERNA": 4, "LIMBA FRANCEZA": 1}, "limba_materna": {"LIMBA ROMANA": 119}, "promotie_anterioara": {"DA": 23, "NU": 96}, "materii": {"LIMBA ROMANA": {"medie": 6.1479816513761465, "reusita": 77.31092436974791, "cnt": 119}, "ANATOMIE SI FIZIOLOGIE UMANA, GENETICA SI ECOLOGIE UMANA": {"medie": 1.8, "reusita": 0.0, "cnt": 1}, "GENERAL": {"medie": 5.800095238095237, "reusita": 42.016806722689076, "cnt": 119}, "BIOLOGIE VEGETALA SI ANIMALA": {"medie": 5.294897959183674, "reusita": 52.54237288135594, "cnt": 59}, "GEOGRAFIE": {"medie": 7.254651162790695, "reusita": 86.66666666666667, "cnt": 45}, "MATEMATICA TEHN": {"medie": 4.800476190476192, "reusita": 52.10084033613446, "cnt": 119}, "FIZICA TEH": {"medie": 8.6, "reusita": 100.0, "cnt": 1}, "LOGICA, ARGUMENTARE SI COMUNICARE": {"medie": 7.705555555555555, "reusita": 88.88888888888889, "cnt": 9}, "CHIMIE ANORGANICA TEH NIVEL I/II": {"medie": 6.933333333333333, "reusita": 100.0, "cnt": 3}, "PSIHOLOGIE": {"medie": 7.55, "reusita": 100.0, "cnt": 1}}, "nume": "COLEGIUL TEHNIC \"CIBINIUM\" SIBIU\tSibiu"}