{"specializari": {"STIINTE SOCIALE": 36, "STIINTE ALE NATURII": 28, "MATEMATICA-INFORMATICA": 97, "FILOLOGIE": 70}, "limba_moderna": {"LIMBA ENGLEZA": 218, "LIMBA SPANIOLA": 4, "LIMBA FRANCEZA": 9}, "limba_materna": {"LIMBA ROMANA": 231}, "promotie_anterioara": {"DA": 4, "NU": 227}, "materii": {"LIMBA ROMANA": {"medie": 8.7532751091703, "reusita": 98.7012987012987, "cnt": 231}, "MATEMATICA ST-NAT": {"medie": 7.307142857142858, "reusita": 92.85714285714286, "cnt": 28}, "ANATOMIE SI FIZIOLOGIE UMANA, GENETICA SI ECOLOGIE UMANA": {"medie": 8.072535211267603, "reusita": 97.22222222222221, "cnt": 72}, "GENERAL": {"medie": 8.352046783625731, "reusita": 91.34199134199135, "cnt": 231}, "MATEMATICA MATE-INFO": {"medie": 7.775789473684212, "reusita": 90.72164948453609, "cnt": 97}, "ISTORIE": {"medie": 7.906190476190475, "reusita": 97.16981132075472, "cnt": 106}, "GEOGRAFIE": {"medie": 8.533333333333333, "reusita": 100.0, "cnt": 60}, "LOGICA, ARGUMENTARE SI COMUNICARE": {"medie": 8.964102564102562, "reusita": 97.5, "cnt": 40}, "PSIHOLOGIE": {"medie": 9.525, "reusita": 100.0, "cnt": 2}, "FILOSOFIE": {"medie": 10.0, "reusita": 100.0, "cnt": 1}, "FIZICA TEO": {"medie": 8.955172413793104, "reusita": 100.0, "cnt": 29}, "CHIMIE ORGANICA TEO NIVEL I/II": {"medie": 8.325, "reusita": 100.0, "cnt": 8}, "INFORMATICA MI C/C++": {"medie": 8.078125, "reusita": 93.75, "cnt": 16}, "ECONOMIE": {"medie": 8.966666666666667, "reusita": 100.0, "cnt": 3}}, "nume": "COLEGIUL NATIONAL \"GHEORGHE TITEICA\"\tMehedin\u021bi"}