{"specializari": {"TEHNICIAN DESENATOR PENTRU CONSTRUCTII SI INSTALATII": 3, "TEHNICIAN ECOLOG SI PROTECTIA CALITATII MEDIULUI": 6, "TEHNICIAN IN TURISM": 29, "TEHNICIAN PROIECTANT CAD": 1, "TEHNICIAN OPERATOR TEHNICA DE CALCUL": 7}, "limba_moderna": {"LIMBA ENGLEZA": 37, "LIMBA FRANCEZA": 9}, "limba_materna": {"LIMBA ROMANA": 46}, "promotie_anterioara": {"DA": 12, "NU": 34}, "materii": {"LIMBA ROMANA": {"medie": 4.464772727272727, "reusita": 43.47826086956522, "cnt": 46}, "ANATOMIE SI FIZIOLOGIE UMANA, GENETICA SI ECOLOGIE UMANA": {"medie": 6.05, "reusita": 50.0, "cnt": 2}, "GENERAL": {"medie": 4.180081300813008, "reusita": 8.695652173913043, "cnt": 46}, "BIOLOGIE VEGETALA SI ANIMALA": {"medie": 3.946428571428572, "reusita": 42.857142857142854, "cnt": 14}, "GEOGRAFIE": {"medie": 5.268000000000001, "reusita": 51.724137931034484, "cnt": 29}, "MATEMATICA TEHN": {"medie": 3.0999999999999996, "reusita": 21.73913043478261, "cnt": 46}, "FIZICA TEH": {"medie": 6.5, "reusita": 100.0, "cnt": 1}}, "nume": "COLEGIUL TEHNIC \"ION MINCU\" TG-JIU\tGorj"}