{"specializari": {"MATEMATICA-INFORMATICA": 25, "LICEU CU PROGRAM SPORTIV": 43, "FILOLOGIE": 83}, "limba_moderna": {"LIMBA ENGLEZA": 142, "LIMBA FRANCEZA": 8, "LIMBA GERMANA MODERNA": 1}, "limba_materna": {"LIMBA ROMANA": 151}, "promotie_anterioara": {"DA": 25, "NU": 126}, "materii": {"LIMBA ROMANA": {"medie": 6.663265306122446, "reusita": 90.06622516556291, "cnt": 151}, "ANATOMIE SI FIZIOLOGIE UMANA, GENETICA SI ECOLOGIE UMANA": {"medie": 5.959999999999999, "reusita": 60.0, "cnt": 20}, "GENERAL": {"medie": 6.874413145539906, "reusita": 69.5364238410596, "cnt": 151}, "MATEMATICA MATE-INFO": {"medie": 3.8526315789473684, "reusita": 28.000000000000004, "cnt": 25}, "BIOLOGIE VEGETALA SI ANIMALA": {"medie": 7.7, "reusita": 100.0, "cnt": 1}, "ISTORIE": {"medie": 6.994841269841271, "reusita": 99.20634920634922, "cnt": 126}, "GEOGRAFIE": {"medie": 7.223493975903615, "reusita": 91.56626506024097, "cnt": 83}, "SOCIOLOGIE": {"medie": 8.379999999999999, "reusita": 83.33333333333334, "cnt": 6}, "LOGICA, ARGUMENTARE SI COMUNICARE": {"medie": 7.8687499999999995, "reusita": 100.0, "cnt": 24}, "PSIHOLOGIE": {"medie": 8.35, "reusita": 100.0, "cnt": 11}, "FILOSOFIE": {"medie": 7.4, "reusita": 100.0, "cnt": 1}, "FIZICA TEO": {"medie": 6.55, "reusita": 100.0, "cnt": 1}, "INFORMATICA MI C/C++": {"medie": 3.716666666666667, "reusita": 33.33333333333333, "cnt": 3}, "ECONOMIE": {"medie": 4.4, "reusita": 0.0, "cnt": 1}}, "nume": "COLEGIUL NATIONAL \"AUREL VLAICU\"\tBucure\u0219ti"}