{"specializari": {"TEHNICIAN IN HOTELARIE": 2, "TEHNICIAN IN INSTALATII ELECTRICE": 6, "TEHNICIAN MECATRONIST": 12, "TEHNICIAN ELECTRONIST": 3, "TEHNICIAN IN ACTIVITATI ECONOMICE": 2, "MATEMATICA-INFORMATICA": 4, "TEHNICIAN IN INDUSTRIA TEXTILA": 4, "TEHNICIAN IN TURISM": 20, "TEHNICIAN ELECTROTEHNIST": 3, "ORGANIZATOR BANQUETING": 13, "TEHNICIAN PROIECTANT CAD": 1, "COAFOR STILIST": 8, "TEHNICIAN DE TELECOMUNICATII": 2, "TEHNICIAN IN ADMINISTRATIE": 2}, "limba_moderna": {"LIMBA ENGLEZA": 82}, "limba_materna": {"LIMBA ROMANA": 74, "LIMBA MAGHIARA": 8}, "promotie_anterioara": {"DA": 18, "NU": 64}, "materii": {"LIMBA ROMANA": {"medie": 5.019230769230769, "reusita": 54.87804878048781, "cnt": 82}, "GENERAL": {"medie": 5.043306010928961, "reusita": 17.073170731707318, "cnt": 82}, "MATEMATICA MATE-INFO": {"medie": 5.016666666666667, "reusita": 75.0, "cnt": 4}, "BIOLOGIE VEGETALA SI ANIMALA": {"medie": 4.6000000000000005, "reusita": 17.647058823529413, "cnt": 17}, "GEOGRAFIE": {"medie": 6.617073170731707, "reusita": 76.59574468085107, "cnt": 47}, "MATEMATICA TEHN": {"medie": 3.839999999999999, "reusita": 29.48717948717949, "cnt": 78}, "FIZICA TEH": {"medie": 4.35, "reusita": 33.33333333333333, "cnt": 12}, "LIMBA MAGHIARA (REAL)": {"medie": 5.78125, "reusita": 87.5, "cnt": 8}, "INFORMATICA MI C/C++": {"medie": 5.387499999999999, "reusita": 75.0, "cnt": 4}, "CHIMIE ORGANICA TEH NIVEL I/II": {"medie": 2.3, "reusita": 0.0, "cnt": 2}}, "nume": "COLEGIUL TEHNIC \"TRAIAN VUIA\" ORADEA\tBihor"}