{"specializari": {"TEHNICIAN IN CONSTRUCTII SI LUCRARI PUBLICE": 1, "TEHNICIAN ECOLOG SI PROTECTIA CALITATII MEDIULUI": 52, "MATEMATICA-INFORMATICA": 18, "TEHNICIAN PROIECTANT CAD": 19, "TEHNICIAN IN ACTIVITATI ECONOMICE": 52, "TEHNICIAN DESENATOR PENTRU CONSTRUCTII SI INSTALATII": 15, "TEHNICIAN OPERATOR TEHNICA DE CALCUL": 16, "TEHNICIAN IN INSTALATII ELECTRICE": 10}, "limba_moderna": {"LIMBA ENGLEZA": 179, "LIMBA FRANCEZA": 4}, "limba_materna": {"LIMBA ROMANA": 183}, "promotie_anterioara": {"DA": 20, "NU": 163}, "materii": {"LIMBA ROMANA": {"medie": 6.40027932960894, "reusita": 87.97814207650273, "cnt": 183}, "ANATOMIE SI FIZIOLOGIE UMANA, GENETICA SI ECOLOGIE UMANA": {"medie": 6.694827586206896, "reusita": 86.20689655172413, "cnt": 29}, "GENERAL": {"medie": 6.220643939393939, "reusita": 54.644808743169406, "cnt": 183}, "MATEMATICA MATE-INFO": {"medie": 4.716666666666667, "reusita": 61.111111111111114, "cnt": 18}, "BIOLOGIE VEGETALA SI ANIMALA": {"medie": 5.088333333333334, "reusita": 48.484848484848484, "cnt": 33}, "GEOGRAFIE": {"medie": 8.0075, "reusita": 100.0, "cnt": 40}, "MATEMATICA TEHN": {"medie": 5.6634375, "reusita": 78.18181818181819, "cnt": 165}, "FIZICA TEH": {"medie": 6.956666666666664, "reusita": 86.66666666666667, "cnt": 15}, "LOGICA, ARGUMENTARE SI COMUNICARE": {"medie": 8.891666666666667, "reusita": 100.0, "cnt": 12}, "CHIMIE ANORGANICA TEH NIVEL I/II": {"medie": 5.823333333333333, "reusita": 76.47058823529412, "cnt": 17}, "FIZICA TEO": {"medie": 4.75, "reusita": 33.33333333333333, "cnt": 6}, "INFORMATICA MI C/C++": {"medie": 5.16, "reusita": 40.0, "cnt": 5}, "CHIMIE ORGANICA TEH NIVEL I/II": {"medie": 6.404999999999999, "reusita": 85.71428571428571, "cnt": 21}, "CHIMIE ANORGANICA TEO NIVEL I/II": {"medie": 7.090000000000001, "reusita": 100.0, "cnt": 5}}, "nume": "COLEGIUL TEHNIC \"GHEORGHE ASACHI\" ONESTI\tBac\u0103u"}