{"specializari": {"FILOLOGIE": 40, "TEHNICIAN IN ACTIVITATI ECONOMICE": 41, "TEHNICIAN IN ACTIVITATI DE COMERT": 5, "TEHNICIAN ELECTRONIST": 3, "TEHNICIAN MECATRONIST": 26, "MATEMATICA-INFORMATICA": 27, "STIINTE ALE NATURII": 26}, "limba_moderna": {"LIMBA ENGLEZA": 129, "LIMBA FRANCEZA": 39}, "limba_materna": {"LIMBA ROMANA": 168}, "promotie_anterioara": {"DA": 23, "NU": 145}, "materii": {"LIMBA ROMANA": {"medie": 7.025786163522012, "reusita": 87.5, "cnt": 168}, "MATEMATICA ST-NAT": {"medie": 6.859615384615385, "reusita": 92.3076923076923, "cnt": 26}, "ANATOMIE SI FIZIOLOGIE UMANA, GENETICA SI ECOLOGIE UMANA": {"medie": 8.957142857142859, "reusita": 100.0, "cnt": 42}, "GENERAL": {"medie": 6.945065789473681, "reusita": 61.30952380952381, "cnt": 168}, "MATEMATICA MATE-INFO": {"medie": 8.35925925925926, "reusita": 100.0, "cnt": 27}, "BIOLOGIE VEGETALA SI ANIMALA": {"medie": 3.6473684210526316, "reusita": 17.857142857142858, "cnt": 28}, "ISTORIE": {"medie": 7.2212499999999995, "reusita": 100.0, "cnt": 40}, "GEOGRAFIE": {"medie": 7.4486301369863, "reusita": 90.78947368421053, "cnt": 76}, "MATEMATICA TEHN": {"medie": 3.9853846153846155, "reusita": 34.66666666666667, "cnt": 75}, "FIZICA TEH": {"medie": "-", "reusita": 0.0, "cnt": 1}, "LOGICA, ARGUMENTARE SI COMUNICARE": {"medie": 9.5, "reusita": 100.0, "cnt": 1}, "PSIHOLOGIE": {"medie": 9.022222222222224, "reusita": 100.0, "cnt": 9}, "FIZICA TEO": {"medie": 7.58, "reusita": 100.0, "cnt": 5}, "INFORMATICA MI C/C++": {"medie": 7.17, "reusita": 80.0, "cnt": 5}, "CHIMIE ANORGANICA TEO NIVEL I/II": {"medie": 7.15, "reusita": 100.0, "cnt": 1}}, "nume": "COLEGIUL \"MIHAI VITEAZUL\" INEU\tArad"}