{"specializari": {"MATEMATICA-INFORMATICA": 137, "FILOLOGIE": 63, "STIINTE ALE NATURII": 54}, "limba_moderna": {"LIMBA ENGLEZA": 227, "LIMBA FRANCEZA": 21, "LIMBA GERMANA MODERNA": 6}, "limba_materna": {"LIMBA ROMANA": 254}, "promotie_anterioara": {"NU": 254}, "materii": {"LIMBA ROMANA": {"medie": 8.525984251968504, "reusita": 100.0, "cnt": 254}, "MATEMATICA ST-NAT": {"medie": 8.049074074074076, "reusita": 98.14814814814815, "cnt": 54}, "ANATOMIE SI FIZIOLOGIE UMANA, GENETICA SI ECOLOGIE UMANA": {"medie": 9.079611650485436, "reusita": 100.0, "cnt": 103}, "GENERAL": {"medie": 8.634973753280832, "reusita": 98.4251968503937, "cnt": 254}, "MATEMATICA MATE-INFO": {"medie": 8.420437956204385, "reusita": 99.27007299270073, "cnt": 137}, "ISTORIE": {"medie": 9.287301587301583, "reusita": 100.0, "cnt": 63}, "GEOGRAFIE": {"medie": 9.234375, "reusita": 100.0, "cnt": 16}, "LOGICA, ARGUMENTARE SI COMUNICARE": {"medie": 8.915384615384616, "reusita": 100.0, "cnt": 39}, "PSIHOLOGIE": {"medie": 8.414285714285715, "reusita": 100.0, "cnt": 7}, "FILOSOFIE": {"medie": 8.75, "reusita": 100.0, "cnt": 1}, "FIZICA TEO": {"medie": 8.025, "reusita": 100.0, "cnt": 4}, "CHIMIE ORGANICA TEO NIVEL I/II": {"medie": 9.066666666666666, "reusita": 100.0, "cnt": 15}, "INFORMATICA MI C/C++": {"medie": 8.339230769230769, "reusita": 100.0, "cnt": 65}, "CHIMIE ANORGANICA TEO NIVEL I/II": {"medie": 8.049999999999999, "reusita": 100.0, "cnt": 3}, "INFORMATICA SN C/C++": {"medie": 8.3, "reusita": 100.0, "cnt": 1}}, "nume": "COLEGIUL NATIONAL \"VASILE LUCACIU\" BAIA MARE\tMaramure\u0219"}