{"specializari": {"TEHNICIAN IN INSTALATII ELECTRICE": 24, "TEHNICIAN DE TELECOMUNICATII": 27, "TEHNICIAN ELECTRONIST": 4, "TEHNICIAN PROIECTANT CAD": 22, "TEHNICIAN PRELUCRARI MECANICE": 10, "TEHNICIAN TRANSPORTURI": 2, "TEHNICIAN OPERATOR TEHNICA DE CALCUL": 33, "MATEMATICA-INFORMATICA": 27, "TEHNICIAN ELECTROMECANIC": 42, "TEHNICIAN IN AUTOMATIZARI": 6}, "limba_moderna": {"LIMBA ENGLEZA": 184, "LIMBA FRANCEZA": 13}, "limba_materna": {"LIMBA ROMANA": 197}, "promotie_anterioara": {"DA": 48, "NU": 149}, "materii": {"LIMBA ROMANA": {"medie": 6.095197740112996, "reusita": 78.68020304568529, "cnt": 197}, "ANATOMIE SI FIZIOLOGIE UMANA, GENETICA SI ECOLOGIE UMANA": {"medie": 9.15, "reusita": 100.0, "cnt": 1}, "GENERAL": {"medie": 5.552710843373493, "reusita": 35.025380710659896, "cnt": 197}, "MATEMATICA MATE-INFO": {"medie": 5.094, "reusita": 55.55555555555556, "cnt": 27}, "BIOLOGIE VEGETALA SI ANIMALA": {"medie": 5.304621848739495, "reusita": 54.19847328244275, "cnt": 131}, "MATEMATICA TEHN": {"medie": 4.9804054054054046, "reusita": 54.11764705882353, "cnt": 170}, "FIZICA TEH": {"medie": 5.594444444444444, "reusita": 52.0, "cnt": 25}, "CHIMIE ANORGANICA TEH NIVEL I/II": {"medie": 5.629545454545454, "reusita": 61.53846153846154, "cnt": 26}, "FIZICA TEO": {"medie": 7.18, "reusita": 100.0, "cnt": 5}, "INFORMATICA MI C/C++": {"medie": 6.466666666666666, "reusita": 71.42857142857143, "cnt": 7}, "CHIMIE ORGANICA TEH NIVEL I/II": {"medie": 4.725, "reusita": 50.0, "cnt": 2}}, "nume": "COLEGIUL TEHNIC \"EDMOND NICOLAU\" FOCSANI\tVrancea"}