{"specializari": {"TEHNICIAN IN HOTELARIE": 1, "TEHNICIAN IN ACTIVITATI DE COMERT": 26, "ORGANIZATOR BANQUETING": 1, "TEHNICIAN IN ADMINISTRATIE": 26, "TEHNICIAN IN ACTIVITATI ECONOMICE": 117, "TEHNICIAN IN TURISM": 26, "TEHNICIAN IN GASTRONOMIE": 1}, "limba_moderna": {"LIMBA FRANCEZA": 22, "LIMBA ENGLEZA": 176}, "limba_materna": {"LIMBA ROMANA": 198}, "promotie_anterioara": {"DA": 5, "NU": 193}, "materii": {"LIMBA ROMANA": {"medie": 7.75255102040817, "reusita": 98.48484848484848, "cnt": 198}, "GENERAL": {"medie": 7.786426116838493, "reusita": 89.39393939393939, "cnt": 198}, "GEOGRAFIE": {"medie": 8.340000000000002, "reusita": 100.0, "cnt": 75}, "MATEMATICA TEHN": {"medie": 7.054615384615381, "reusita": 92.42424242424242, "cnt": 198}, "LOGICA, ARGUMENTARE SI COMUNICARE": {"medie": 8.690756302521004, "reusita": 95.08196721311475, "cnt": 122}, "ECONOMIE": {"medie": 7.0, "reusita": 100.0, "cnt": 1}}, "nume": "COLEGIUL ECONOMIC \"NICOLAE TITULESCU\" BAIA MARE\tMaramure\u0219"}