{"specializari": {"FILOLOGIE": 35, "MATEMATICA-INFORMATICA": 170, "STIINTE ALE NATURII": 58}, "limba_moderna": {"LIMBA ENGLEZA": 248, "LIMBA GERMANA MODERNA": 14, "LIMBA FRANCEZA": 1}, "limba_materna": {"LIMBA ROMANA": 206, "LIMBA MAGHIARA": 57}, "promotie_anterioara": {"DA": 2, "NU": 261}, "materii": {"LIMBA ROMANA": {"medie": 8.326045627376425, "reusita": 99.23954372623575, "cnt": 263}, "MATEMATICA ST-NAT": {"medie": 7.920689655172412, "reusita": 96.55172413793103, "cnt": 58}, "ANATOMIE SI FIZIOLOGIE UMANA, GENETICA SI ECOLOGIE UMANA": {"medie": 9.018939393939396, "reusita": 100.0, "cnt": 132}, "GENERAL": {"medie": 8.582477820025346, "reusita": 96.95817490494296, "cnt": 263}, "MATEMATICA MATE-INFO": {"medie": 8.484705882352944, "reusita": 97.05882352941177, "cnt": 170}, "BIOLOGIE VEGETALA SI ANIMALA": {"medie": 8.35, "reusita": 100.0, "cnt": 1}, "ISTORIE": {"medie": 9.008571428571429, "reusita": 100.0, "cnt": 35}, "GEOGRAFIE": {"medie": 9.084999999999999, "reusita": 100.0, "cnt": 20}, "SOCIOLOGIE": {"medie": 9.370000000000001, "reusita": 100.0, "cnt": 10}, "LOGICA, ARGUMENTARE SI COMUNICARE": {"medie": 9.6, "reusita": 100.0, "cnt": 1}, "PSIHOLOGIE": {"medie": 9.674999999999999, "reusita": 100.0, "cnt": 4}, "LIMBA MAGHIARA (REAL)": {"medie": 8.296491228070176, "reusita": 100.0, "cnt": 57}, "FIZICA TEO": {"medie": 8.281818181818181, "reusita": 90.9090909090909, "cnt": 11}, "CHIMIE ORGANICA TEO NIVEL I/II": {"medie": 8.45238095238095, "reusita": 100.0, "cnt": 21}, "INFORMATICA MI C/C++": {"medie": 8.677777777777779, "reusita": 100.0, "cnt": 63}}, "nume": "COLEGIUL NATIONAL \"SILVANIA\" ZALAU\tS\u0103laj"}