{"specializari": {"TEHNICIAN TRANSPORTURI": 1, "LICEU CU PROGRAM SPORTIV": 17, "TEHNICIAN IN AUTOMATIZARI": 13, "MATEMATICA-INFORMATICA": 5, "TEHNICIAN IN INSTALATII ELECTRICE": 1, "TEHNICIAN MECANIC PENTRU INTRETINERE SI REPARATII": 8, "TEHNICIAN MECATRONIST": 7, "ORGANIZATOR BANQUETING": 17}, "limba_moderna": {"LIMBA ENGLEZA": 69}, "limba_materna": {"LIMBA ROMANA": 69}, "promotie_anterioara": {"DA": 24, "NU": 45}, "materii": {"LIMBA ROMANA": {"medie": 5.589682539682539, "reusita": 66.66666666666666, "cnt": 69}, "GENERAL": {"medie": 5.482526881720431, "reusita": 33.33333333333333, "cnt": 69}, "MATEMATICA MATE-INFO": {"medie": 2.46, "reusita": 20.0, "cnt": 5}, "BIOLOGIE VEGETALA SI ANIMALA": {"medie": 3.8360000000000007, "reusita": 26.666666666666668, "cnt": 30}, "ISTORIE": {"medie": 6.33125, "reusita": 94.11764705882352, "cnt": 17}, "GEOGRAFIE": {"medie": 7.298387096774195, "reusita": 90.625, "cnt": 32}, "MATEMATICA TEHN": {"medie": 4.697619047619047, "reusita": 57.446808510638306, "cnt": 47}, "FIZICA TEH": {"medie": 5.2, "reusita": 100.0, "cnt": 1}, "LOGICA, ARGUMENTARE SI COMUNICARE": {"medie": 8.5, "reusita": 100.0, "cnt": 2}, "CHIMIE ANORGANICA TEH NIVEL I/II": {"medie": 4.7375, "reusita": 50.0, "cnt": 4}}, "nume": "COLEGIUL TEHNIC \"DINICU GOLESCU\"\tBucure\u0219ti"}