{"specializari": {"TEHNICIAN IN AUTOMATIZARI": 17, "TEHNICIAN MECATRONIST": 9, "TEHNICIAN ELECTROTEHNIST": 1, "TEHNICIAN IN INSTALATII ELECTRICE": 20, "TEHNICIAN ECOLOG SI PROTECTIA CALITATII MEDIULUI": 1}, "limba_moderna": {"LIMBA ENGLEZA": 46, "LIMBA FRANCEZA": 2}, "limba_materna": {"LIMBA ROMANA": 36, "LIMBA MAGHIARA": 11, "LIMBA GERMANA": 1}, "promotie_anterioara": {"DA": 26, "NU": 22}, "materii": {"LIMBA ROMANA": {"medie": 5.442105263157895, "reusita": 62.5, "cnt": 48}, "GENERAL": {"medie": 5.238888888888891, "reusita": 22.916666666666664, "cnt": 48}, "BIOLOGIE VEGETALA SI ANIMALA": {"medie": 4.558333333333334, "reusita": 41.935483870967744, "cnt": 31}, "MATEMATICA TEHN": {"medie": 5.072368421052633, "reusita": 58.333333333333336, "cnt": 48}, "FIZICA TEH": {"medie": 5.849999999999999, "reusita": 33.33333333333333, "cnt": 6}, "CHIMIE ANORGANICA TEH NIVEL I/II": {"medie": 5.372222222222223, "reusita": 50.0, "cnt": 10}, "LIMBA MAGHIARA (REAL)": {"medie": 6.380000000000001, "reusita": 90.9090909090909, "cnt": 11}, "CHIMIE ORGANICA TEH NIVEL I/II": {"medie": 3.0, "reusita": 0.0, "cnt": 1}, "LIMBA GERMANA": {"medie": 5.1, "reusita": 100.0, "cnt": 1}}, "nume": "COLEGIUL TEHNIC ENERGETIC \"REMUS RADULET\" BRASOV\tBra\u0219ov"}