{"specializari": {"TEHNICIAN IN ACTIVITATI ECONOMICE": 4, "ORGANIZATOR BANQUETING": 1, "MATEMATICA-INFORMATICA": 5, "TEHNICIAN ECOLOG SI PROTECTIA CALITATII MEDIULUI": 7, "TEHNICIAN ANALIZE PRODUSE ALIMENTARE": 4, "TEHNICIAN IN TURISM": 21, "TEHNICIAN IN INDUSTRIA ALIMENTARA": 1, "TEHNICIAN IN INDUSTRIA TEXTILA": 2, "TEHNICIAN MECANIC PENTRU INTRETINERE SI REPARATII": 2}, "limba_moderna": {"LIMBA ENGLEZA": 30, "LIMBA FRANCEZA": 17}, "limba_materna": {"LIMBA ROMANA": 47}, "promotie_anterioara": {"DA": 9, "NU": 38}, "materii": {"LIMBA ROMANA": {"medie": 5.568055555555555, "reusita": 55.319148936170215, "cnt": 47}, "ANATOMIE SI FIZIOLOGIE UMANA, GENETICA SI ECOLOGIE UMANA": {"medie": 7.546153846153846, "reusita": 70.58823529411765, "cnt": 17}, "GENERAL": {"medie": 5.975462962962963, "reusita": 38.297872340425535, "cnt": 47}, "MATEMATICA MATE-INFO": {"medie": 5.3500000000000005, "reusita": 40.0, "cnt": 5}, "BIOLOGIE VEGETALA SI ANIMALA": {"medie": "-", "reusita": 0.0, "cnt": 1}, "GEOGRAFIE": {"medie": 7.415909090909091, "reusita": 91.66666666666666, "cnt": 24}, "MATEMATICA TEHN": {"medie": 5.018181818181818, "reusita": 52.38095238095239, "cnt": 42}, "FIZICA TEH": {"medie": 4.616666666666667, "reusita": 66.66666666666666, "cnt": 3}, "LOGICA, ARGUMENTARE SI COMUNICARE": {"medie": "-", "reusita": 0.0, "cnt": 1}, "PSIHOLOGIE": {"medie": 7.3, "reusita": 100.0, "cnt": 1}}, "nume": "COLEGIUL TEHNIC \"DANUBIANA\", MUNICIPIUL ROMAN\tNeam\u021b"}