{"specializari": {"TEHNICIAN MECANIC PENTRU INTRETINERE SI REPARATII": 79, "TEHNICIAN DESENATOR PENTRU CONSTRUCTII SI INSTALATII": 14, "TEHNICIAN ECOLOG SI PROTECTIA CALITATII MEDIULUI": 3, "TEHNICIAN OPERATOR TEHNICA DE CALCUL": 37, "TEHNICIAN IN INSTALATII ELECTRICE": 33, "TEHNICIAN IN INDUSTRIA TEXTILA": 3, "TEHNICIAN IN INDUSTRIA ALIMENTARA": 36, "TEHNICIAN IN AUTOMATIZARI": 36, "MATEMATICA-INFORMATICA": 29, "TEHNICIAN IN ACTIVITATI ECONOMICE": 2, "TEHNICIAN ELECTROTEHNIST": 1}, "limba_moderna": {"LIMBA ENGLEZA": 223, "LIMBA FRANCEZA": 50}, "limba_materna": {"LIMBA ROMANA": 273}, "promotie_anterioara": {"DA": 85, "NU": 188}, "materii": {"LIMBA ROMANA": {"medie": 5.100427350427354, "reusita": 58.24175824175825, "cnt": 273}, "ANATOMIE SI FIZIOLOGIE UMANA, GENETICA SI ECOLOGIE UMANA": {"medie": 6.812857142857142, "reusita": 89.47368421052632, "cnt": 38}, "GENERAL": {"medie": 5.506925418569251, "reusita": 32.6007326007326, "cnt": 273}, "MATEMATICA MATE-INFO": {"medie": 3.733333333333334, "reusita": 13.793103448275861, "cnt": 29}, "BIOLOGIE VEGETALA SI ANIMALA": {"medie": 5.329813664596274, "reusita": 51.53061224489795, "cnt": 196}, "GEOGRAFIE": {"medie": 8.3, "reusita": 100.0, "cnt": 2}, "MATEMATICA TEHN": {"medie": 5.444911504424779, "reusita": 66.80327868852459, "cnt": 244}, "FIZICA TEH": {"medie": 7.969047619047617, "reusita": 100.0, "cnt": 21}, "FIZICA TEO": {"medie": 4.608333333333333, "reusita": 50.0, "cnt": 8}, "CHIMIE ORGANICA TEH NIVEL I/II": {"medie": 7.375, "reusita": 100.0, "cnt": 8}}, "nume": "COLEGIUL TEHNIC MOTRU\tGorj"}