{"specializari": {"TEHNICIAN HORTICULTOR": 41, "TEHNICIAN IN ACTIVITATI DE COMERT": 1, "TEHNICIAN PROIECTANT CAD": 25, "TEHNICIAN IN ACTIVITATI ECONOMICE": 54, "TEHNICIAN IN AGRICULTURA": 2, "TEHNICIAN IN INDUSTRIA ALIMENTARA": 3, "TEHNICIAN MECANIC PENTRU INTRETINERE SI REPARATII": 22, "TEHNICIAN ECOLOG SI PROTECTIA CALITATII MEDIULUI": 21, "TEHNICIAN ANALIZE PRODUSE ALIMENTARE": 24}, "limba_moderna": {"LIMBA FRANCEZA": 22, "LIMBA ENGLEZA": 171}, "limba_materna": {"LIMBA ROMANA": 193}, "promotie_anterioara": {"DA": 29, "NU": 164}, "materii": {"LIMBA ROMANA": {"medie": 5.903703703703705, "reusita": 68.9119170984456, "cnt": 193}, "ANATOMIE SI FIZIOLOGIE UMANA, GENETICA SI ECOLOGIE UMANA": {"medie": 5.524193548387097, "reusita": 46.590909090909086, "cnt": 88}, "GENERAL": {"medie": 5.437248322147647, "reusita": 31.606217616580313, "cnt": 193}, "BIOLOGIE VEGETALA SI ANIMALA": {"medie": 3.277272727272727, "reusita": 20.833333333333336, "cnt": 24}, "GEOGRAFIE": {"medie": 7.464285714285714, "reusita": 100.0, "cnt": 7}, "MATEMATICA TEHN": {"medie": 4.463694267515923, "reusita": 45.59585492227979, "cnt": 193}, "LOGICA, ARGUMENTARE SI COMUNICARE": {"medie": 7.836956521739131, "reusita": 91.66666666666666, "cnt": 48}, "CHIMIE ANORGANICA TEH NIVEL I/II": {"medie": 4.465, "reusita": 34.61538461538461, "cnt": 26}}, "nume": "COLEGIUL AGRICOL \"DIMITRIE CANTEMIR\", MUN. HUSI\tVaslui"}