{"specializari": {"STIINTE SOCIALE": 27, "STIINTE ALE NATURII": 32, "MATEMATICA-INFORMATICA": 23, "FILOLOGIE": 25}, "limba_moderna": {"LIMBA FRANCEZA": 1, "LIMBA ENGLEZA": 92, "LIMBA GERMANA MODERNA": 14}, "limba_materna": {"LIMBA ROMANA": 50, "LIMBA GERMANA": 57}, "promotie_anterioara": {"NU": 107}, "materii": {"LIMBA ROMANA": {"medie": 8.008962264150943, "reusita": 99.06542056074767, "cnt": 107}, "MATEMATICA ST-NAT": {"medie": 8.573437499999999, "reusita": 100.0, "cnt": 32}, "ANATOMIE SI FIZIOLOGIE UMANA, GENETICA SI ECOLOGIE UMANA": {"medie": 9.034090909090908, "reusita": 100.0, "cnt": 22}, "GENERAL": {"medie": 8.50994496855346, "reusita": 99.06542056074767, "cnt": 107}, "MATEMATICA MATE-INFO": {"medie": 7.67391304347826, "reusita": 100.0, "cnt": 23}, "BIOLOGIE VEGETALA SI ANIMALA": {"medie": 9.7, "reusita": 100.0, "cnt": 1}, "ISTORIE": {"medie": 9.0578431372549, "reusita": 98.07692307692307, "cnt": 52}, "GEOGRAFIE": {"medie": 8.980555555555554, "reusita": 100.0, "cnt": 18}, "LOGICA, ARGUMENTARE SI COMUNICARE": {"medie": 8.89074074074074, "reusita": 96.42857142857143, "cnt": 28}, "PSIHOLOGIE": {"medie": 9.216666666666667, "reusita": 100.0, "cnt": 3}, "FILOSOFIE": {"medie": 8.95, "reusita": 100.0, "cnt": 2}, "FIZICA TEO": {"medie": 8.306666666666667, "reusita": 100.0, "cnt": 15}, "CHIMIE ORGANICA TEO NIVEL I/II": {"medie": 9.433333333333335, "reusita": 100.0, "cnt": 3}, "INFORMATICA MI C/C++": {"medie": 8.1, "reusita": 100.0, "cnt": 10}, "CHIMIE ANORGANICA TEO NIVEL I/II": {"medie": 9.666666666666666, "reusita": 100.0, "cnt": 3}, "ECONOMIE": {"medie": 9.0, "reusita": 100.0, "cnt": 1}, "LIMBA GERMANA": {"medie": 8.717543859649126, "reusita": 100.0, "cnt": 57}, "INFORMATICA SN C/C++": {"medie": 9.4, "reusita": 100.0, "cnt": 1}}, "nume": "COLEGIUL NATIONAL \"GEORGE COSBUC\" CLUJ-NAPOCA\tCluj"}