{"specializari": {"MATEMATICA-INFORMATICA": 31, "STIINTE ALE NATURII": 57, "FILOLOGIE": 27}, "limba_moderna": {"LIMBA ENGLEZA": 115}, "limba_materna": {"LIMBA GERMANA": 115}, "promotie_anterioara": {"NU": 114, "DA": 1}, "materii": {"LIMBA ROMANA": {"medie": 8.973913043478257, "reusita": 100.0, "cnt": 115}, "MATEMATICA ST-NAT": {"medie": 8.696491228070176, "reusita": 100.0, "cnt": 57}, "ANATOMIE SI FIZIOLOGIE UMANA, GENETICA SI ECOLOGIE UMANA": {"medie": 9.829166666666666, "reusita": 100.0, "cnt": 12}, "GENERAL": {"medie": 8.944565217391302, "reusita": 100.0, "cnt": 115}, "MATEMATICA MATE-INFO": {"medie": 9.288709677419357, "reusita": 100.0, "cnt": 31}, "BIOLOGIE VEGETALA SI ANIMALA": {"medie": 9.472413793103447, "reusita": 100.0, "cnt": 29}, "ISTORIE": {"medie": 8.814814814814813, "reusita": 100.0, "cnt": 27}, "GEOGRAFIE": {"medie": 9.200000000000001, "reusita": 100.0, "cnt": 7}, "LOGICA, ARGUMENTARE SI COMUNICARE": {"medie": 9.594736842105263, "reusita": 100.0, "cnt": 19}, "FIZICA TEO": {"medie": 8.657692307692308, "reusita": 100.0, "cnt": 13}, "CHIMIE ORGANICA TEO NIVEL I/II": {"medie": 9.145454545454545, "reusita": 100.0, "cnt": 11}, "INFORMATICA MI C/C++": {"medie": 8.959523809523812, "reusita": 100.0, "cnt": 21}, "ECONOMIE": {"medie": 6.3, "reusita": 100.0, "cnt": 1}, "LIMBA GERMANA": {"medie": 8.659130434782607, "reusita": 100.0, "cnt": 115}, "INFORMATICA SN C/C++": {"medie": 9.05, "reusita": 100.0, "cnt": 2}}, "nume": "COLEGIUL NATIONAL \"SAMUEL VON BRUKENTHAL\" SIBIU\tSibiu"}