{"specializari": {"TEHNICIAN IN TURISM": 11, "TEHNICIAN IN INDUSTRIA TEXTILA": 1, "TEHNICIAN IN ACTIVITATI ECONOMICE": 13, "TEHNICIAN IN AUTOMATIZARI": 1, "TEHNICIAN IN INDUSTRIA ALIMENTARA": 10, "TEHNICIAN ECOLOG SI PROTECTIA CALITATII MEDIULUI": 10, "TEHNICIAN MECANIC PENTRU INTRETINERE SI REPARATII": 1, "TEHNICIAN MECATRONIST": 3}, "limba_moderna": {"LIMBA ENGLEZA": 50}, "limba_materna": {"LIMBA ROMANA": 50}, "promotie_anterioara": {"DA": 12, "NU": 38}, "materii": {"LIMBA ROMANA": {"medie": 6.167021276595746, "reusita": 88.0, "cnt": 50}, "ANATOMIE SI FIZIOLOGIE UMANA, GENETICA SI ECOLOGIE UMANA": {"medie": 4.277777777777778, "reusita": 33.33333333333333, "cnt": 9}, "GENERAL": {"medie": 5.158510638297874, "reusita": 24.0, "cnt": 50}, "BIOLOGIE VEGETALA SI ANIMALA": {"medie": 4.619999999999999, "reusita": 40.0, "cnt": 10}, "GEOGRAFIE": {"medie": 6.761904761904762, "reusita": 75.0, "cnt": 24}, "MATEMATICA TEHN": {"medie": 3.738297872340426, "reusita": 36.0, "cnt": 50}, "FIZICA TEH": {"medie": 6.074999999999999, "reusita": 100.0, "cnt": 2}, "CHIMIE ANORGANICA TEH NIVEL I/II": {"medie": 4.59, "reusita": 40.0, "cnt": 5}}, "nume": "COLEGIUL TEHNIC \"GHEORGHE BALS\" ADJUD\tVrancea"}