{"specializari": {"MATEMATICA-INFORMATICA": 104, "FILOLOGIE": 60}, "limba_moderna": {"LIMBA ENGLEZA": 158, "LIMBA FRANCEZA": 6}, "limba_materna": {"LIMBA ROMANA": 164}, "promotie_anterioara": {"NU": 164}, "materii": {"LIMBA ROMANA": {"medie": 8.483841463414635, "reusita": 99.39024390243902, "cnt": 164}, "ANATOMIE SI FIZIOLOGIE UMANA, GENETICA SI ECOLOGIE UMANA": {"medie": 9.055405405405406, "reusita": 97.36842105263158, "cnt": 38}, "GENERAL": {"medie": 8.474233128834356, "reusita": 96.95121951219512, "cnt": 164}, "MATEMATICA MATE-INFO": {"medie": 7.999519230769232, "reusita": 99.03846153846155, "cnt": 104}, "ISTORIE": {"medie": 8.647500000000003, "reusita": 100.0, "cnt": 60}, "GEOGRAFIE": {"medie": 9.063793103448273, "reusita": 100.0, "cnt": 58}, "PSIHOLOGIE": {"medie": 9.25, "reusita": 100.0, "cnt": 1}, "FIZICA TEO": {"medie": 8.508823529411766, "reusita": 100.0, "cnt": 34}, "CHIMIE ORGANICA TEO NIVEL I/II": {"medie": 7.4625, "reusita": 100.0, "cnt": 4}, "INFORMATICA MI C/C++": {"medie": 7.78, "reusita": 92.0, "cnt": 25}, "CHIMIE ANORGANICA TEO NIVEL I/II": {"medie": 7.183333333333333, "reusita": 100.0, "cnt": 3}, "ECONOMIE": {"medie": 6.85, "reusita": 100.0, "cnt": 1}}, "nume": "COLEGIUL NATIONAL \"CONSTANTIN CARABELLA\" TARGOVISTE\tD\u00e2mbovi\u021ba"}