{"specializari": {"TEHNICIAN POLIGRAF": 56, "MATEMATICA-INFORMATICA": 4, "TEHNICIAN PRODUCTIE FILM SI TELEVIZIUNE": 65, "LICEU CU PROGRAM SPORTIV": 44, "TEHNICIAN OPERATOR PROCESARE TEXT IMAGINE": 25, "STIINTE ALE NATURII": 19, "TEHNICIAN MECATRONIST": 1}, "limba_moderna": {"LIMBA ENGLEZA": 214}, "limba_materna": {"LIMBA ROMANA": 214}, "promotie_anterioara": {"DA": 77, "NU": 137}, "materii": {"LIMBA ROMANA": {"medie": 5.420466321243525, "reusita": 72.89719626168224, "cnt": 214}, "MATEMATICA ST-NAT": {"medie": 3.4916666666666667, "reusita": 26.31578947368421, "cnt": 19}, "ANATOMIE SI FIZIOLOGIE UMANA, GENETICA SI ECOLOGIE UMANA": {"medie": 6.125, "reusita": 100.0, "cnt": 2}, "GENERAL": {"medie": 4.942389210019268, "reusita": 20.5607476635514, "cnt": 214}, "MATEMATICA MATE-INFO": {"medie": 2.55, "reusita": 0.0, "cnt": 4}, "BIOLOGIE VEGETALA SI ANIMALA": {"medie": 4.283333333333332, "reusita": 33.088235294117645, "cnt": 136}, "ISTORIE": {"medie": 5.71375, "reusita": 79.54545454545455, "cnt": 44}, "GEOGRAFIE": {"medie": 6.829166666666667, "reusita": 82.92682926829268, "cnt": 41}, "MATEMATICA TEHN": {"medie": 4.160077519379846, "reusita": 46.25850340136054, "cnt": 147}, "FIZICA TEH": {"medie": 5.207142857142857, "reusita": 57.14285714285714, "cnt": 7}, "LOGICA, ARGUMENTARE SI COMUNICARE": {"medie": 10.0, "reusita": 50.0, "cnt": 2}, "CHIMIE ANORGANICA TEH NIVEL I/II": {"medie": 4.786111111111111, "reusita": 63.1578947368421, "cnt": 19}, "PSIHOLOGIE": {"medie": 8.6, "reusita": 100.0, "cnt": 1}, "CHIMIE ORGANICA TEH NIVEL I/II": {"medie": 6.35, "reusita": 100.0, "cnt": 2}, "CHIMIE ANORGANICA TEO NIVEL I/II": {"medie": 5.8125, "reusita": 75.0, "cnt": 4}}, "nume": "COLEGIUL TEHNIC \"MEDIA\"\tBucure\u0219ti"}