{"specializari": {"LICEU CU PROGRAM SPORTIV": 68, "MATEMATICA-INFORMATICA": 30, "FILOLOGIE": 34}, "limba_moderna": {"LIMBA ENGLEZA": 132}, "limba_materna": {"LIMBA ROMANA": 132}, "promotie_anterioara": {"DA": 17, "NU": 115}, "materii": {"LIMBA ROMANA": {"medie": 7.00546875, "reusita": 90.9090909090909, "cnt": 132}, "ANATOMIE SI FIZIOLOGIE UMANA, GENETICA SI ECOLOGIE UMANA": {"medie": 7.79642857142857, "reusita": 93.33333333333333, "cnt": 15}, "GENERAL": {"medie": 7.141263440860214, "reusita": 70.45454545454545, "cnt": 132}, "MATEMATICA MATE-INFO": {"medie": 6.199999999999998, "reusita": 80.0, "cnt": 30}, "BIOLOGIE VEGETALA SI ANIMALA": {"medie": 6.325, "reusita": 50.0, "cnt": 2}, "ISTORIE": {"medie": 6.962244897959184, "reusita": 93.13725490196079, "cnt": 102}, "GEOGRAFIE": {"medie": 7.411666666666666, "reusita": 82.8125, "cnt": 64}, "SOCIOLOGIE": {"medie": 7.744999999999999, "reusita": 100.0, "cnt": 10}, "LOGICA, ARGUMENTARE SI COMUNICARE": {"medie": 8.1175, "reusita": 95.0, "cnt": 20}, "PSIHOLOGIE": {"medie": 8.5875, "reusita": 100.0, "cnt": 4}, "FIZICA TEO": {"medie": 7.066666666666666, "reusita": 88.88888888888889, "cnt": 9}, "CHIMIE ORGANICA TEO NIVEL I/II": {"medie": 7.35, "reusita": 100.0, "cnt": 1}, "INFORMATICA MI C/C++": {"medie": 6.466666666666666, "reusita": 100.0, "cnt": 3}, "ECONOMIE": {"medie": 7.4875, "reusita": 100.0, "cnt": 4}}, "nume": "COLEGIUL NATIONAL \"EMIL RACOVITA\"\tBucure\u0219ti"}