{"specializari": {"STIINTE SOCIALE": 56, "MATEMATICA-INFORMATICA": 51, "STIINTE ALE NATURII": 68}, "limba_moderna": {"LIMBA ENGLEZA": 172, "LIMBA FRANCEZA": 3}, "limba_materna": {"LIMBA ROMANA": 168, "LIMBA GERMANA": 7}, "promotie_anterioara": {"DA": 2, "NU": 173}, "materii": {"LIMBA ROMANA": {"medie": 8.859714285714281, "reusita": 100.0, "cnt": 175}, "MATEMATICA ST-NAT": {"medie": 9.274264705882354, "reusita": 100.0, "cnt": 68}, "ANATOMIE SI FIZIOLOGIE UMANA, GENETICA SI ECOLOGIE UMANA": {"medie": 9.136111111111111, "reusita": 100.0, "cnt": 54}, "GENERAL": {"medie": 9.025795238095242, "reusita": 99.42857142857143, "cnt": 175}, "MATEMATICA MATE-INFO": {"medie": 9.42156862745098, "reusita": 100.0, "cnt": 51}, "BIOLOGIE VEGETALA SI ANIMALA": {"medie": 6.7, "reusita": 100.0, "cnt": 1}, "ISTORIE": {"medie": 8.315714285714284, "reusita": 100.0, "cnt": 56}, "GEOGRAFIE": {"medie": 8.5875, "reusita": 100.0, "cnt": 4}, "SOCIOLOGIE": {"medie": 9.1, "reusita": 100.0, "cnt": 4}, "LOGICA, ARGUMENTARE SI COMUNICARE": {"medie": 9.398863636363638, "reusita": 100.0, "cnt": 44}, "PSIHOLOGIE": {"medie": 9.25, "reusita": 100.0, "cnt": 2}, "FILOSOFIE": {"medie": 9.15, "reusita": 100.0, "cnt": 1}, "FIZICA TEO": {"medie": 9.515217391304347, "reusita": 100.0, "cnt": 23}, "CHIMIE ORGANICA TEO NIVEL I/II": {"medie": 9.227500000000003, "reusita": 100.0, "cnt": 20}, "INFORMATICA MI C/C++": {"medie": 8.861904761904762, "reusita": 100.0, "cnt": 21}, "ECONOMIE": {"medie": 8.6, "reusita": 100.0, "cnt": 1}, "LIMBA GERMANA": {"medie": 8.392857142857142, "reusita": 100.0, "cnt": 7}}, "nume": "COLEGIUL NATIONAL \"ALEXANDRU PAPIU ILARIAN\" TIRGU MURES\tMure\u0219"}