{"specializari": {"MATEMATICA-INFORMATICA": 114, "FILOLOGIE": 26}, "limba_moderna": {"LIMBA ENGLEZA": 129, "LIMBA FRANCEZA": 4, "LIMBA GERMANA MODERNA": 7}, "limba_materna": {"LIMBA ROMANA": 140}, "promotie_anterioara": {"NU": 140}, "materii": {"LIMBA ROMANA": {"medie": 9.263928571428576, "reusita": 100.0, "cnt": 140}, "ANATOMIE SI FIZIOLOGIE UMANA, GENETICA SI ECOLOGIE UMANA": {"medie": 9.361956521739131, "reusita": 100.0, "cnt": 46}, "GENERAL": {"medie": 9.376190476190477, "reusita": 100.0, "cnt": 140}, "MATEMATICA MATE-INFO": {"medie": 9.416228070175436, "reusita": 100.0, "cnt": 114}, "BIOLOGIE VEGETALA SI ANIMALA": {"medie": 7.7, "reusita": 100.0, "cnt": 1}, "ISTORIE": {"medie": 9.473076923076924, "reusita": 100.0, "cnt": 26}, "GEOGRAFIE": {"medie": 9.635, "reusita": 100.0, "cnt": 20}, "LOGICA, ARGUMENTARE SI COMUNICARE": {"medie": 9.65, "reusita": 100.0, "cnt": 2}, "PSIHOLOGIE": {"medie": 10.0, "reusita": 100.0, "cnt": 1}, "FILOSOFIE": {"medie": 9.600000000000001, "reusita": 100.0, "cnt": 2}, "FIZICA TEO": {"medie": 9.350000000000001, "reusita": 100.0, "cnt": 29}, "CHIMIE ORGANICA TEO NIVEL I/II": {"medie": 9.683333333333334, "reusita": 100.0, "cnt": 3}, "INFORMATICA MI C/C++": {"medie": 9.498571428571429, "reusita": 100.0, "cnt": 35}, "ECONOMIE": {"medie": 9.1, "reusita": 100.0, "cnt": 1}}, "nume": "COLEGIUL NATIONAL, IASI\tIa\u0219i"}