{"specializari": {"FILOLOGIE": 33, "STIINTE ALE NATURII": 64, "STIINTE SOCIALE": 31, "MATEMATICA-INFORMATICA": 113}, "limba_moderna": {"LIMBA ENGLEZA": 225, "LIMBA FRANCEZA": 16}, "limba_materna": {"LIMBA ROMANA": 241}, "promotie_anterioara": {"DA": 1, "NU": 240}, "materii": {"LIMBA ROMANA": {"medie": 8.342531120331952, "reusita": 100.0, "cnt": 241}, "MATEMATICA ST-NAT": {"medie": 8.052343749999999, "reusita": 100.0, "cnt": 64}, "ANATOMIE SI FIZIOLOGIE UMANA, GENETICA SI ECOLOGIE UMANA": {"medie": 8.731578947368423, "reusita": 100.0, "cnt": 76}, "GENERAL": {"medie": 8.3649377593361, "reusita": 97.5103734439834, "cnt": 241}, "MATEMATICA MATE-INFO": {"medie": 8.106637168141594, "reusita": 99.11504424778761, "cnt": 113}, "BIOLOGIE VEGETALA SI ANIMALA": {"medie": 7.835714285714286, "reusita": 100.0, "cnt": 14}, "ISTORIE": {"medie": 8.29140625, "reusita": 100.0, "cnt": 64}, "GEOGRAFIE": {"medie": 8.350000000000003, "reusita": 100.0, "cnt": 43}, "SOCIOLOGIE": {"medie": 8.26, "reusita": 100.0, "cnt": 15}, "PSIHOLOGIE": {"medie": 7.7, "reusita": 100.0, "cnt": 1}, "FIZICA TEO": {"medie": 8.573611111111111, "reusita": 97.22222222222221, "cnt": 36}, "CHIMIE ORGANICA TEO NIVEL I/II": {"medie": 8.645238095238094, "reusita": 100.0, "cnt": 21}, "INFORMATICA MI C/C++": {"medie": 9.126666666666667, "reusita": 100.0, "cnt": 30}, "ECONOMIE": {"medie": 9.46, "reusita": 100.0, "cnt": 5}}, "nume": "COLEGIUL NATIONAL \"TUDOR VLADIMIRESCU\" TG-JIU\tGorj"}