{"specializari": {"TEHNICIAN IN AUTOMATIZARI": 19, "TEHNICIAN DE TELECOMUNICATII": 18, "TEHNICIAN ELECTRONIST": 24, "TEHNICIAN OPERATOR TEHNICA DE CALCUL": 54, "MATEMATICA-INFORMATICA": 1}, "limba_moderna": {"LIMBA ENGLEZA": 107, "LIMBA FRANCEZA": 9}, "limba_materna": {"LIMBA ROMANA": 116}, "promotie_anterioara": {"DA": 23, "NU": 93}, "materii": {"LIMBA ROMANA": {"medie": 6.346491228070176, "reusita": 93.10344827586206, "cnt": 116}, "ANATOMIE SI FIZIOLOGIE UMANA, GENETICA SI ECOLOGIE UMANA": {"medie": 7.7, "reusita": 100.0, "cnt": 1}, "GENERAL": {"medie": 5.879245283018872, "reusita": 45.689655172413794, "cnt": 116}, "MATEMATICA MATE-INFO": {"medie": "-", "reusita": 0.0, "cnt": 1}, "BIOLOGIE VEGETALA SI ANIMALA": {"medie": 5.520224719101123, "reusita": 61.458333333333336, "cnt": 96}, "MATEMATICA TEHN": {"medie": 5.603097345132746, "reusita": 75.65217391304347, "cnt": 115}, "FIZICA TEH": {"medie": 6.1605263157894745, "reusita": 73.68421052631578, "cnt": 19}}, "nume": "COLEGIUL TEHNIC \"GEORGE BARITIU\" BAIA MARE\tMaramure\u0219"}