{"specializari": {"MATEMATICA-INFORMATICA": 53, "STIINTE SOCIALE": 32, "FILOLOGIE": 33}, "limba_moderna": {"LIMBA ENGLEZA": 115, "LIMBA FRANCEZA": 3}, "limba_materna": {"LIMBA ROMANA": 118}, "promotie_anterioara": {"DA": 5, "NU": 113}, "materii": {"LIMBA ROMANA": {"medie": 7.3055084745762695, "reusita": 96.61016949152543, "cnt": 118}, "ANATOMIE SI FIZIOLOGIE UMANA, GENETICA SI ECOLOGIE UMANA": {"medie": 7.245238095238094, "reusita": 81.81818181818183, "cnt": 44}, "GENERAL": {"medie": 7.1618840579710135, "reusita": 74.57627118644068, "cnt": 118}, "MATEMATICA MATE-INFO": {"medie": 5.6084905660377355, "reusita": 64.15094339622641, "cnt": 53}, "ISTORIE": {"medie": 6.748461538461539, "reusita": 95.38461538461539, "cnt": 65}, "GEOGRAFIE": {"medie": 7.295454545454547, "reusita": 91.30434782608695, "cnt": 23}, "LOGICA, ARGUMENTARE SI COMUNICARE": {"medie": 8.77857142857143, "reusita": 100.0, "cnt": 42}, "CHIMIE ORGANICA TEO NIVEL I/II": {"medie": 9.65, "reusita": 100.0, "cnt": 1}, "INFORMATICA MI C/C++": {"medie": 7.4624999999999995, "reusita": 100.0, "cnt": 8}}, "nume": "COLEGIUL NATIONAL \"TEODOR NES\" SALONTA\tBihor"}