{"specializari": {"TEHNICIAN ELECTROMECANIC": 1, "TEHNICIAN IN ADMINISTRATIE": 1, "TEHNICIAN IN ACTIVITATI ECONOMICE": 15, "TEHNICIAN IN ACTIVITATI DE COMERT": 3, "TEHNICIAN IN TURISM": 1, "TEHNICIAN VETERINAR": 16, "TEHNICIAN IN INDUSTRIA ALIMENTARA": 1, "ORGANIZATOR BANQUETING": 7, "TEHNICIAN DESENATOR PENTRU CONSTRUCTII SI INSTALATII": 2, "TEHNICIAN TRANSPORTURI": 1}, "limba_moderna": {"LIMBA ENGLEZA": 47, "LIMBA FRANCEZA": 1}, "limba_materna": {"LIMBA ROMANA": 48}, "promotie_anterioara": {"DA": 15, "NU": 33}, "materii": {"LIMBA ROMANA": {"medie": 5.417857142857143, "reusita": 70.83333333333334, "cnt": 48}, "ANATOMIE SI FIZIOLOGIE UMANA, GENETICA SI ECOLOGIE UMANA": {"medie": 5.3500000000000005, "reusita": 50.0, "cnt": 6}, "GENERAL": {"medie": 5.084188034188034, "reusita": 16.666666666666664, "cnt": 48}, "BIOLOGIE VEGETALA SI ANIMALA": {"medie": 4.50625, "reusita": 23.076923076923077, "cnt": 13}, "GEOGRAFIE": {"medie": 6.591666666666665, "reusita": 84.61538461538461, "cnt": 26}, "MATEMATICA TEHN": {"medie": 4.245000000000001, "reusita": 45.83333333333333, "cnt": 48}, "FIZICA TEH": {"medie": 1.875, "reusita": 0.0, "cnt": 2}, "ECONOMIE": {"medie": 3.3, "reusita": 0.0, "cnt": 1}}, "nume": "COLEGIUL \"EMIL NEGRUTIU\" TURDA\tCluj"}