{"specializari": {"TEHNICIAN IN ACTIVITATI ECONOMICE": 28, "TEHNICIAN ECOLOG SI PROTECTIA CALITATII MEDIULUI": 53, "TEHNICIAN ELECTROMECANIC": 2, "TEHNICIAN OPERATOR TEHNICA DE CALCUL": 18, "TEHNICIAN IN INSTALATII ELECTRICE": 25, "TEHNICIAN IN ACHIZITII SI CONTRACTARI": 32, "TEHNICIAN IN CONSTRUCTII SI LUCRARI PUBLICE": 20, "TEHNICIAN IN INDUSTRIA MATERIALELOR DE CONSTRUCTII": 1, "TEHNICIAN MECANIC PENTRU INTRETINERE SI REPARATII": 2}, "limba_moderna": {"LIMBA FRANCEZA": 3, "LIMBA ENGLEZA": 178}, "limba_materna": {"LIMBA ROMANA": 181}, "promotie_anterioara": {"DA": 17, "NU": 164}, "materii": {"LIMBA ROMANA": {"medie": 6.338529411764707, "reusita": 83.42541436464089, "cnt": 181}, "ANATOMIE SI FIZIOLOGIE UMANA, GENETICA SI ECOLOGIE UMANA": {"medie": 8.020833333333334, "reusita": 94.0, "cnt": 50}, "GENERAL": {"medie": 6.339257028112451, "reusita": 53.591160220994475, "cnt": 181}, "BIOLOGIE VEGETALA SI ANIMALA": {"medie": 5.72280701754386, "reusita": 56.71641791044776, "cnt": 67}, "GEOGRAFIE": {"medie": 7.74313725490196, "reusita": 94.23076923076923, "cnt": 52}, "MATEMATICA TEHN": {"medie": 5.439940828402366, "reusita": 66.29834254143645, "cnt": 181}, "FIZICA TEH": {"medie": 3.25, "reusita": 0.0, "cnt": 1}, "LOGICA, ARGUMENTARE SI COMUNICARE": {"medie": 9.45, "reusita": 100.0, "cnt": 2}, "PSIHOLOGIE": {"medie": 7.758333333333333, "reusita": 100.0, "cnt": 6}, "CHIMIE ORGANICA TEH NIVEL I/II": {"medie": 9.15, "reusita": 100.0, "cnt": 3}}, "nume": "COLEGIUL TEHNIC \"PETRU PONI\", MUNICIPIUL ROMAN\tNeam\u021b"}