{"specializari": {"TEHNICIAN IN ACTIVITATI ECONOMICE": 18, "TEHNICIAN PENTRU ANIMALE DE COMPANIE": 2, "TEHNICIAN VETERINAR": 22, "TEHNICIAN IN AGRICULTURA": 2, "TEHNICIAN HORTICULTOR": 7, "TEHNICIAN ECOLOG SI PROTECTIA CALITATII MEDIULUI": 13}, "limba_moderna": {"LIMBA ENGLEZA": 64}, "limba_materna": {"LIMBA ROMANA": 64}, "promotie_anterioara": {"DA": 20, "NU": 44}, "materii": {"LIMBA ROMANA": {"medie": 5.342982456140349, "reusita": 64.0625, "cnt": 64}, "ANATOMIE SI FIZIOLOGIE UMANA, GENETICA SI ECOLOGIE UMANA": {"medie": 4.818421052631577, "reusita": 48.78048780487805, "cnt": 41}, "GENERAL": {"medie": 4.680246913580245, "reusita": 12.5, "cnt": 64}, "BIOLOGIE VEGETALA SI ANIMALA": {"medie": 5.275, "reusita": 40.0, "cnt": 5}, "GEOGRAFIE": {"medie": 6.40769230769231, "reusita": 55.55555555555556, "cnt": 18}, "MATEMATICA TEHN": {"medie": 3.5527272727272727, "reusita": 28.125, "cnt": 64}}, "nume": "COLEGIUL TEHNOLOGIC \"VIACESLAV HARNAJ\"\tBucure\u0219ti"}