{"specializari": {"STIINTE ALE NATURII": 33, "MATEMATICA-INFORMATICA": 85, "STIINTE SOCIALE": 57, "FILOLOGIE": 31, "TEHNICIAN PRELUCRARI MECANICE": 1}, "limba_moderna": {"LIMBA ENGLEZA": 191, "LIMBA FRANCEZA": 15, "LIMBA GERMANA MODERNA": 1}, "limba_materna": {"LIMBA ROMANA": 207}, "promotie_anterioara": {"DA": 3, "NU": 204}, "materii": {"LIMBA ROMANA": {"medie": 8.327294685990342, "reusita": 99.51690821256038, "cnt": 207}, "MATEMATICA ST-NAT": {"medie": 8.484848484848484, "reusita": 96.96969696969697, "cnt": 33}, "ANATOMIE SI FIZIOLOGIE UMANA, GENETICA SI ECOLOGIE UMANA": {"medie": 8.675, "reusita": 100.0, "cnt": 8}, "GENERAL": {"medie": 8.338373983739837, "reusita": 96.61835748792271, "cnt": 207}, "MATEMATICA MATE-INFO": {"medie": 7.9321428571428605, "reusita": 98.82352941176471, "cnt": 85}, "BIOLOGIE VEGETALA SI ANIMALA": {"medie": 7.883333333333332, "reusita": 94.73684210526315, "cnt": 19}, "ISTORIE": {"medie": 8.017613636363636, "reusita": 100.0, "cnt": 88}, "GEOGRAFIE": {"medie": 9.325000000000001, "reusita": 100.0, "cnt": 6}, "MATEMATICA TEHN": {"medie": "-", "reusita": 0.0, "cnt": 1}, "LOGICA, ARGUMENTARE SI COMUNICARE": {"medie": 9.272, "reusita": 100.0, "cnt": 75}, "PSIHOLOGIE": {"medie": 8.55, "reusita": 100.0, "cnt": 3}, "FIZICA TEO": {"medie": 7.8571428571428585, "reusita": 96.42857142857143, "cnt": 28}, "CHIMIE ORGANICA TEO NIVEL I/II": {"medie": 8.628260869565217, "reusita": 95.65217391304348, "cnt": 23}, "INFORMATICA MI C/C++": {"medie": 7.944000000000001, "reusita": 100.0, "cnt": 25}, "CHIMIE ANORGANICA TEO NIVEL I/II": {"medie": 8.39, "reusita": 100.0, "cnt": 15}, "ECONOMIE": {"medie": 7.775, "reusita": 100.0, "cnt": 4}, "INFORMATICA SN C/C++": {"medie": 5.25, "reusita": 100.0, "cnt": 1}}, "nume": "COLEGIUL NATIONAL \"NICHITA STANESCU\", MUNICIPIUL PLOIESTI\tPrahova"}