{"specializari": {"TEHNICIAN ECOLOG SI PROTECTIA CALITATII MEDIULUI": 1, "TEHNICIAN IN ACTIVITATI ECONOMICE": 19, "TEHNICIAN DESENATOR PENTRU CONSTRUCTII SI INSTALATII": 3, "ORGANIZATOR BANQUETING": 16, "TEHNICIAN INSTALATOR PENTRU CONSTRUCTII": 1}, "limba_moderna": {"LIMBA ENGLEZA": 38, "LIMBA FRANCEZA": 2}, "limba_materna": {"LIMBA ROMANA": 40}, "promotie_anterioara": {"DA": 4, "NU": 36}, "materii": {"LIMBA ROMANA": {"medie": 6.3921875, "reusita": 72.5, "cnt": 40}, "GENERAL": {"medie": 5.936206896551723, "reusita": 30.0, "cnt": 40}, "BIOLOGIE VEGETALA SI ANIMALA": {"medie": 7.275, "reusita": 50.0, "cnt": 4}, "GEOGRAFIE": {"medie": 6.8083333333333345, "reusita": 75.86206896551724, "cnt": 29}, "MATEMATICA TEHN": {"medie": 4.412500000000001, "reusita": 40.0, "cnt": 40}, "LOGICA, ARGUMENTARE SI COMUNICARE": {"medie": 5.5, "reusita": 50.0, "cnt": 2}, "CHIMIE ANORGANICA TEH NIVEL I/II": {"medie": "-", "reusita": 0.0, "cnt": 1}, "ECONOMIE": {"medie": 5.762499999999999, "reusita": 75.0, "cnt": 4}}, "nume": "COLEGIUL TEHNIC \"DR. IOAN RATIU\" TURDA\tCluj"}