{"specializari": {"TEHNICIAN IN TURISM": 31, "TEHNICIAN IN ACTIVITATI ECONOMICE": 61, "TEHNICIAN IN ACTIVITATI DE COMERT": 5, "TEHNICIAN IN ACHIZITII SI CONTRACTARI": 28}, "limba_moderna": {"LIMBA ENGLEZA": 108, "LIMBA FRANCEZA": 17}, "limba_materna": {"LIMBA ROMANA": 125}, "promotie_anterioara": {"DA": 7, "NU": 118}, "materii": {"LIMBA ROMANA": {"medie": 7.983870967741935, "reusita": 96.8, "cnt": 125}, "GENERAL": {"medie": 8.11707317073171, "reusita": 91.2, "cnt": 125}, "GEOGRAFIE": {"medie": 8.754487179487178, "reusita": 98.73417721518987, "cnt": 79}, "MATEMATICA TEHN": {"medie": 7.808536585365856, "reusita": 96.0, "cnt": 125}, "LOGICA, ARGUMENTARE SI COMUNICARE": {"medie": 8.293333333333331, "reusita": 93.33333333333333, "cnt": 45}, "ECONOMIE": {"medie": 4.0, "reusita": 0.0, "cnt": 1}}, "nume": "COLEGIUL ECONOMIC \"IULIAN POP\" CLUJ-NAPOCA\tCluj"}