{"specializari": {"STIINTE SOCIALE": 35, "MATEMATICA-INFORMATICA": 59, "STIINTE ALE NATURII": 31, "FILOLOGIE": 27, "INVATATOR - EDUCATOARE": 26}, "limba_moderna": {"LIMBA FRANCEZA": 25, "LIMBA ENGLEZA": 150, "LIMBA GERMANA MODERNA": 3}, "limba_materna": {"LIMBA ROMANA": 178}, "promotie_anterioara": {"DA": 6, "NU": 172}, "materii": {"LIMBA ROMANA": {"medie": 8.00649717514124, "reusita": 96.06741573033707, "cnt": 178}, "MATEMATICA ST-NAT": {"medie": 8.573333333333332, "reusita": 93.54838709677419, "cnt": 31}, "ANATOMIE SI FIZIOLOGIE UMANA, GENETICA SI ECOLOGIE UMANA": {"medie": 8.988095238095237, "reusita": 97.61904761904762, "cnt": 42}, "GENERAL": {"medie": 8.075428571428564, "reusita": 88.20224719101124, "cnt": 178}, "MATEMATICA MATE-INFO": {"medie": 8.58559322033898, "reusita": 96.61016949152543, "cnt": 59}, "BIOLOGIE VEGETALA SI ANIMALA": {"medie": 7.816666666666667, "reusita": 100.0, "cnt": 3}, "ISTORIE": {"medie": 6.9935483870967765, "reusita": 100.0, "cnt": 62}, "GEOGRAFIE": {"medie": 7.761904761904764, "reusita": 95.34883720930233, "cnt": 43}, "SOCIOLOGIE": {"medie": 8.370833333333335, "reusita": 100.0, "cnt": 12}, "MATEMATICA PED": {"medie": 6.859615384615385, "reusita": 80.76923076923077, "cnt": 26}, "LOGICA, ARGUMENTARE SI COMUNICARE": {"medie": 8.201923076923077, "reusita": 96.15384615384616, "cnt": 26}, "PSIHOLOGIE": {"medie": 7.657142857142857, "reusita": 100.0, "cnt": 7}, "INFORMATICA MI PASCAL": {"medie": 8.607142857142858, "reusita": 100.0, "cnt": 21}, "INFORMATICA MI C/C++": {"medie": 8.795652173913044, "reusita": 100.0, "cnt": 23}, "CHIMIE ANORGANICA TEO NIVEL I/II": {"medie": 9.55, "reusita": 100.0, "cnt": 1}}, "nume": "COLEGIUL NATIONAL \"INOCHENTIE MICU CLAIN\" BLAJ\tAlba"}