{"specializari": {"MATEMATICA-INFORMATICA": 62, "INVATATOR - EDUCATOARE": 24, "FILOLOGIE": 28, "STIINTE ALE NATURII": 30, "STIINTE SOCIALE": 26}, "limba_moderna": {"LIMBA ENGLEZA": 139, "LIMBA FRANCEZA": 31}, "limba_materna": {"LIMBA ROMANA": 170}, "promotie_anterioara": {"NU": 170}, "materii": {"LIMBA ROMANA": {"medie": 8.677514792899403, "reusita": 99.41176470588235, "cnt": 170}, "MATEMATICA ST-NAT": {"medie": 9.188333333333334, "reusita": 100.0, "cnt": 30}, "ANATOMIE SI FIZIOLOGIE UMANA, GENETICA SI ECOLOGIE UMANA": {"medie": 9.064285714285717, "reusita": 97.22222222222221, "cnt": 36}, "GENERAL": {"medie": 8.922879684418149, "reusita": 99.41176470588235, "cnt": 170}, "MATEMATICA MATE-INFO": {"medie": 8.930327868852457, "reusita": 98.38709677419355, "cnt": 62}, "ISTORIE": {"medie": 8.876851851851852, "reusita": 100.0, "cnt": 54}, "GEOGRAFIE": {"medie": 9.288636363636364, "reusita": 100.0, "cnt": 22}, "SOCIOLOGIE": {"medie": 8.3, "reusita": 100.0, "cnt": 1}, "MATEMATICA PED": {"medie": 9.147916666666669, "reusita": 100.0, "cnt": 24}, "LOGICA, ARGUMENTARE SI COMUNICARE": {"medie": 9.181999999999999, "reusita": 100.0, "cnt": 50}, "PSIHOLOGIE": {"medie": 9.025, "reusita": 100.0, "cnt": 4}, "FIZICA TEO": {"medie": 8.928571428571429, "reusita": 100.0, "cnt": 28}, "CHIMIE ORGANICA TEO NIVEL I/II": {"medie": 9.216666666666667, "reusita": 100.0, "cnt": 15}, "INFORMATICA MI C/C++": {"medie": 8.85, "reusita": 100.0, "cnt": 13}, "ECONOMIE": {"medie": 9.7, "reusita": 100.0, "cnt": 1}}, "nume": "COLEGIUL NATIONAL \"COSTACHE NEGRI\", LOCALITATEA GALATI\tGala\u021bi"}