{"specializari": {"MATEMATICA-INFORMATICA": 88, "FILOLOGIE": 25, "STIINTE SOCIALE": 30, "STIINTE ALE NATURII": 31}, "limba_moderna": {"LIMBA ENGLEZA": 161, "LIMBA FRANCEZA": 11, "LIMBA GERMANA MODERNA": 2}, "limba_materna": {"LIMBA ROMANA": 174}, "promotie_anterioara": {"DA": 1, "NU": 173}, "materii": {"LIMBA ROMANA": {"medie": 8.535344827586202, "reusita": 100.0, "cnt": 174}, "MATEMATICA ST-NAT": {"medie": 8.974193548387095, "reusita": 100.0, "cnt": 31}, "ANATOMIE SI FIZIOLOGIE UMANA, GENETICA SI ECOLOGIE UMANA": {"medie": 8.736585365853658, "reusita": 100.0, "cnt": 41}, "GENERAL": {"medie": 8.726782273603083, "reusita": 97.70114942528735, "cnt": 174}, "MATEMATICA MATE-INFO": {"medie": 8.65632183908046, "reusita": 97.72727272727273, "cnt": 88}, "ISTORIE": {"medie": 8.807272727272728, "reusita": 100.0, "cnt": 55}, "GEOGRAFIE": {"medie": 9.6, "reusita": 100.0, "cnt": 6}, "LOGICA, ARGUMENTARE SI COMUNICARE": {"medie": 9.141666666666666, "reusita": 97.22222222222221, "cnt": 36}, "PSIHOLOGIE": {"medie": 8.899999999999999, "reusita": 100.0, "cnt": 8}, "FIZICA TEO": {"medie": 8.507142857142856, "reusita": 100.0, "cnt": 21}, "CHIMIE ORGANICA TEO NIVEL I/II": {"medie": 9.233333333333333, "reusita": 100.0, "cnt": 18}, "INFORMATICA MI C/C++": {"medie": 8.636842105263158, "reusita": 97.43589743589743, "cnt": 39}, "ECONOMIE": {"medie": 8.87, "reusita": 100.0, "cnt": 5}}, "nume": "COLEGIUL NATIONAL \"MIHAIL KOGALNICEANU\", LOCALITATEA GALATI\tGala\u021bi"}