{"specializari": {"MATEMATICA-INFORMATICA": 184}, "limba_moderna": {"LIMBA ENGLEZA": 179, "LIMBA GERMANA MODERNA": 1, "LIMBA FRANCEZA": 4}, "limba_materna": {"LIMBA ROMANA": 184}, "promotie_anterioara": {"DA": 4, "NU": 180}, "materii": {"LIMBA ROMANA": {"medie": 8.112500000000006, "reusita": 100.0, "cnt": 184}, "ANATOMIE SI FIZIOLOGIE UMANA, GENETICA SI ECOLOGIE UMANA": {"medie": 8.672727272727272, "reusita": 98.21428571428571, "cnt": 56}, "GENERAL": {"medie": 8.085792349726775, "reusita": 91.30434782608695, "cnt": 184}, "MATEMATICA MATE-INFO": {"medie": 7.926902173913046, "reusita": 94.02173913043478, "cnt": 184}, "BIOLOGIE VEGETALA SI ANIMALA": {"medie": 9.0, "reusita": 100.0, "cnt": 2}, "FIZICA TEO": {"medie": 7.610000000000001, "reusita": 93.33333333333333, "cnt": 30}, "CHIMIE ORGANICA TEO NIVEL I/II": {"medie": 8.1, "reusita": 100.0, "cnt": 2}, "INFORMATICA MI C/C++": {"medie": 8.08191489361702, "reusita": 98.93617021276596, "cnt": 94}}, "nume": "COLEGIUL NATIONAL DE INFORMATICA, MUNICIPIUL PIATRA-NEAMT\tNeam\u021b"}