{"specializari": {"MATEMATICA-INFORMATICA": 78, "STIINTE ALE NATURII": 28, "STIINTE SOCIALE": 32}, "limba_moderna": {"LIMBA ENGLEZA": 138}, "limba_materna": {"LIMBA ROMANA": 138}, "promotie_anterioara": {"DA": 17, "NU": 121}, "materii": {"LIMBA ROMANA": {"medie": 7.0452554744525555, "reusita": 95.65217391304348, "cnt": 138}, "MATEMATICA ST-NAT": {"medie": 7.017857142857143, "reusita": 89.28571428571429, "cnt": 28}, "ANATOMIE SI FIZIOLOGIE UMANA, GENETICA SI ECOLOGIE UMANA": {"medie": 6.996428571428572, "reusita": 81.03448275862068, "cnt": 58}, "GENERAL": {"medie": 6.845802469135801, "reusita": 63.76811594202898, "cnt": 138}, "MATEMATICA MATE-INFO": {"medie": 5.111999999999999, "reusita": 56.41025641025641, "cnt": 78}, "ISTORIE": {"medie": 8.11875, "reusita": 100.0, "cnt": 32}, "GEOGRAFIE": {"medie": 8.236666666666668, "reusita": 100.0, "cnt": 15}, "SOCIOLOGIE": {"medie": 7.8888888888888875, "reusita": 100.0, "cnt": 9}, "LOGICA, ARGUMENTARE SI COMUNICARE": {"medie": 8.64375, "reusita": 87.5, "cnt": 8}, "FIZICA TEO": {"medie": 7.199999999999999, "reusita": 75.0, "cnt": 4}, "CHIMIE ORGANICA TEO NIVEL I/II": {"medie": 8.47272727272727, "reusita": 100.0, "cnt": 11}, "INFORMATICA MI C/C++": {"medie": 6.304545454545455, "reusita": 81.81818181818183, "cnt": 33}}, "nume": "COLEGIUL NATIONAL DE INFORMATICA \"CARMEN SYLVA\" PETROSANI\tHunedoara"}