{"specializari": {"TEHNICIAN OPERATOR TEHNICA DE CALCUL": 22, "TEHNICIAN IN INDUSTRIA TEXTILA": 2, "TEHNICIAN OPERATOR PROCESARE TEXT IMAGINE": 1, "MATEMATICA-INFORMATICA": 1, "TEHNICIAN IN ACTIVITATI DE COMERT": 8, "FILOLOGIE": 27, "TEHNICIAN IN INDUSTRIA PIELARIEI": 1}, "limba_moderna": {"LIMBA ENGLEZA": 48, "LIMBA GERMANA MODERNA": 8, "LIMBA FRANCEZA": 6}, "limba_materna": {"LIMBA ROMANA": 62}, "promotie_anterioara": {"DA": 10, "NU": 52}, "materii": {"LIMBA ROMANA": {"medie": 7.121186440677967, "reusita": 88.70967741935483, "cnt": 62}, "ANATOMIE SI FIZIOLOGIE UMANA, GENETICA SI ECOLOGIE UMANA": {"medie": 5.05, "reusita": 100.0, "cnt": 1}, "GENERAL": {"medie": 7.104629629629631, "reusita": 61.29032258064516, "cnt": 62}, "MATEMATICA MATE-INFO": {"medie": 2.75, "reusita": 0.0, "cnt": 1}, "BIOLOGIE VEGETALA SI ANIMALA": {"medie": 6.191666666666666, "reusita": 71.42857142857143, "cnt": 14}, "ISTORIE": {"medie": 8.414814814814815, "reusita": 100.0, "cnt": 27}, "GEOGRAFIE": {"medie": 7.470689655172414, "reusita": 87.5, "cnt": 32}, "MATEMATICA TEHN": {"medie": 5.736666666666667, "reusita": 61.76470588235294, "cnt": 34}, "FIZICA TEH": {"medie": 6.518181818181817, "reusita": 66.66666666666666, "cnt": 12}, "LOGICA, ARGUMENTARE SI COMUNICARE": {"medie": 8.833333333333334, "reusita": 100.0, "cnt": 3}}, "nume": "COLEGIUL TEHNIC \"AUGUST TREBONIU LAURIAN\" AGNITA\tSibiu"}