{"specializari": {"TEHNICIAN IN TURISM": 50, "TEHNICIAN IN ACTIVITATI ECONOMICE": 47, "TEHNICIAN IN ACTIVITATI DE COMERT": 20, "TEHNICIAN IN INDUSTRIA PIELARIEI": 1}, "limba_moderna": {"LIMBA ENGLEZA": 113, "LIMBA FRANCEZA": 5}, "limba_materna": {"LIMBA ROMANA": 118}, "promotie_anterioara": {"DA": 19, "NU": 99}, "materii": {"LIMBA ROMANA": {"medie": 6.746929824561406, "reusita": 84.7457627118644, "cnt": 118}, "GENERAL": {"medie": 6.167737003058104, "reusita": 47.45762711864407, "cnt": 118}, "GEOGRAFIE": {"medie": 6.417788461538459, "reusita": 70.27027027027027, "cnt": 111}, "MATEMATICA TEHN": {"medie": 5.325675675675673, "reusita": 59.32203389830508, "cnt": 118}, "CHIMIE ANORGANICA TEH NIVEL I/II": {"medie": "-", "reusita": 0.0, "cnt": 1}, "PSIHOLOGIE": {"medie": 6.0, "reusita": 100.0, "cnt": 1}, "ECONOMIE": {"medie": 5.97, "reusita": 80.0, "cnt": 5}}, "nume": "COLEGIUL ECONOMIC \"EMANUIL GOJDU\" HUNEDOARA\tHunedoara"}