{"specializari": {"STIINTE ALE NATURII": 30, "MATEMATICA-INFORMATICA": 53, "FILOLOGIE": 81}, "limba_moderna": {"LIMBA ENGLEZA": 104, "LIMBA GERMANA MODERNA": 17, "LIMBA FRANCEZA": 43}, "limba_materna": {"LIMBA ROMANA": 164}, "promotie_anterioara": {"NU": 164}, "materii": {"LIMBA ROMANA": {"medie": 9.083841463414629, "reusita": 100.0, "cnt": 164}, "MATEMATICA ST-NAT": {"medie": 8.758333333333335, "reusita": 100.0, "cnt": 30}, "ANATOMIE SI FIZIOLOGIE UMANA, GENETICA SI ECOLOGIE UMANA": {"medie": 9.278571428571427, "reusita": 100.0, "cnt": 56}, "GENERAL": {"medie": 8.920731707317078, "reusita": 99.39024390243902, "cnt": 164}, "MATEMATICA MATE-INFO": {"medie": 8.295283018867924, "reusita": 98.11320754716981, "cnt": 53}, "ISTORIE": {"medie": 8.357407407407406, "reusita": 100.0, "cnt": 81}, "GEOGRAFIE": {"medie": 9.546551724137931, "reusita": 100.0, "cnt": 58}, "LOGICA, ARGUMENTARE SI COMUNICARE": {"medie": 9.091666666666667, "reusita": 100.0, "cnt": 18}, "PSIHOLOGIE": {"medie": 9.55, "reusita": 100.0, "cnt": 2}, "FILOSOFIE": {"medie": 9.55, "reusita": 100.0, "cnt": 2}, "CHIMIE ORGANICA TEO NIVEL I/II": {"medie": 9.280000000000001, "reusita": 100.0, "cnt": 5}, "INFORMATICA MI C/C++": {"medie": 8.56388888888889, "reusita": 100.0, "cnt": 18}, "CHIMIE ANORGANICA TEO NIVEL I/II": {"medie": 8.0, "reusita": 100.0, "cnt": 1}, "ECONOMIE": {"medie": 9.6, "reusita": 100.0, "cnt": 1}, "INFORMATICA SN C/C++": {"medie": 8.866666666666667, "reusita": 100.0, "cnt": 3}}, "nume": "COLEGIUL NATIONAL \"MIHAI EMINESCU\", IASI\tIa\u0219i"}