{"specializari": {"STIINTE ALE NATURII": 55, "FILOLOGIE": 46}, "limba_moderna": {"LIMBA ENGLEZA": 101}, "limba_materna": {"LIMBA GERMANA": 101}, "promotie_anterioara": {"NU": 101}, "materii": {"LIMBA ROMANA": {"medie": 8.328217821782179, "reusita": 100.0, "cnt": 101}, "MATEMATICA ST-NAT": {"medie": 8.314545454545456, "reusita": 100.0, "cnt": 55}, "ANATOMIE SI FIZIOLOGIE UMANA, GENETICA SI ECOLOGIE UMANA": {"medie": 9.316666666666666, "reusita": 100.0, "cnt": 18}, "GENERAL": {"medie": 8.215965346534652, "reusita": 95.04950495049505, "cnt": 101}, "BIOLOGIE VEGETALA SI ANIMALA": {"medie": 8.9375, "reusita": 100.0, "cnt": 8}, "ISTORIE": {"medie": 7.3836956521739125, "reusita": 100.0, "cnt": 46}, "GEOGRAFIE": {"medie": 8.075, "reusita": 100.0, "cnt": 16}, "LOGICA, ARGUMENTARE SI COMUNICARE": {"medie": 8.740384615384615, "reusita": 96.15384615384616, "cnt": 26}, "PSIHOLOGIE": {"medie": 7.625, "reusita": 100.0, "cnt": 4}, "FIZICA TEO": {"medie": 8.25, "reusita": 100.0, "cnt": 11}, "CHIMIE ORGANICA TEO NIVEL I/II": {"medie": 8.50625, "reusita": 100.0, "cnt": 8}, "CHIMIE ANORGANICA TEO NIVEL I/II": {"medie": 9.6, "reusita": 100.0, "cnt": 2}, "LIMBA GERMANA": {"medie": 7.973762376237627, "reusita": 98.01980198019803, "cnt": 101}, "INFORMATICA SN C/C++": {"medie": 8.95625, "reusita": 100.0, "cnt": 8}}, "nume": "COLEGIUL NATIONAL \"JOHANNES HONTERUS\" BRASOV\tBra\u0219ov"}