{"specializari": {"MATEMATICA-INFORMATICA": 65, "STIINTE ALE NATURII": 30, "STIINTE SOCIALE": 54, "FILOLOGIE": 34}, "limba_moderna": {"LIMBA ENGLEZA": 168, "LIMBA FRANCEZA": 13, "LIMBA GERMANA MODERNA": 2}, "limba_materna": {"LIMBA ROMANA": 183}, "promotie_anterioara": {"NU": 182, "DA": 1}, "materii": {"LIMBA ROMANA": {"medie": 8.436740331491718, "reusita": 98.90710382513662, "cnt": 183}, "MATEMATICA ST-NAT": {"medie": 8.591666666666667, "reusita": 100.0, "cnt": 30}, "ANATOMIE SI FIZIOLOGIE UMANA, GENETICA SI ECOLOGIE UMANA": {"medie": 9.215384615384615, "reusita": 100.0, "cnt": 13}, "GENERAL": {"medie": 8.55570902394107, "reusita": 97.81420765027322, "cnt": 183}, "MATEMATICA MATE-INFO": {"medie": 8.539230769230768, "reusita": 100.0, "cnt": 65}, "BIOLOGIE VEGETALA SI ANIMALA": {"medie": 8.685714285714285, "reusita": 100.0, "cnt": 7}, "ISTORIE": {"medie": 8.076162790697671, "reusita": 97.72727272727273, "cnt": 88}, "GEOGRAFIE": {"medie": 7.166666666666667, "reusita": 83.33333333333334, "cnt": 6}, "SOCIOLOGIE": {"medie": 9.8, "reusita": 100.0, "cnt": 1}, "LOGICA, ARGUMENTARE SI COMUNICARE": {"medie": 9.162837837837836, "reusita": 96.05263157894737, "cnt": 76}, "PSIHOLOGIE": {"medie": 8.274999999999999, "reusita": 100.0, "cnt": 2}, "FIZICA TEO": {"medie": 8.835, "reusita": 100.0, "cnt": 30}, "CHIMIE ORGANICA TEO NIVEL I/II": {"medie": 8.873333333333333, "reusita": 100.0, "cnt": 15}, "INFORMATICA MI C/C++": {"medie": 8.613793103448277, "reusita": 100.0, "cnt": 29}, "CHIMIE ANORGANICA TEO NIVEL I/II": {"medie": 9.75, "reusita": 100.0, "cnt": 1}, "ECONOMIE": {"medie": 8.549999999999999, "reusita": 100.0, "cnt": 3}}, "nume": "COLEGIUL NATIONAL \"NICOLAE GRIGORESCU\", MUNICIPIUL CAMPINA\tPrahova"}