{"specializari": {"TEHNICIAN ECOLOG SI PROTECTIA CALITATII MEDIULUI": 22, "MATEMATICA-INFORMATICA": 61, "TEHNICIAN MECANIC PENTRU INTRETINERE SI REPARATII": 17, "TEHNICIAN IN INDUSTRIA TEXTILA": 15, "FILOLOGIE": 32, "TEHNICIAN IN ACTIVITATI ECONOMICE": 2, "STIINTE SOCIALE": 33, "TEHNICIAN MECATRONIST": 17, "STIINTE ALE NATURII": 29}, "limba_moderna": {"LIMBA ENGLEZA": 220, "LIMBA FRANCEZA": 8}, "limba_materna": {"LIMBA ROMANA": 228}, "promotie_anterioara": {"DA": 17, "NU": 211}, "materii": {"LIMBA ROMANA": {"medie": 7.304816513761471, "reusita": 85.96491228070175, "cnt": 228}, "MATEMATICA ST-NAT": {"medie": 6.965517241379311, "reusita": 89.65517241379311, "cnt": 29}, "ANATOMIE SI FIZIOLOGIE UMANA, GENETICA SI ECOLOGIE UMANA": {"medie": 8.211940298507463, "reusita": 88.88888888888889, "cnt": 72}, "GENERAL": {"medie": 7.3258536585365865, "reusita": 67.98245614035088, "cnt": 228}, "MATEMATICA MATE-INFO": {"medie": 7.738524590163932, "reusita": 90.1639344262295, "cnt": 61}, "BIOLOGIE VEGETALA SI ANIMALA": {"medie": 4.3136363636363635, "reusita": 32.55813953488372, "cnt": 43}, "ISTORIE": {"medie": 7.8392307692307694, "reusita": 100.0, "cnt": 65}, "GEOGRAFIE": {"medie": 7.974999999999999, "reusita": 100.0, "cnt": 24}, "MATEMATICA TEHN": {"medie": 4.154310344827587, "reusita": 35.61643835616438, "cnt": 73}, "SOCIOLOGIE": {"medie": 8.971951219512194, "reusita": 100.0, "cnt": 41}, "FIZICA TEH": {"medie": 5.928571428571429, "reusita": 66.66666666666666, "cnt": 9}, "CHIMIE ANORGANICA TEH NIVEL I/II": {"medie": 5.0, "reusita": 100.0, "cnt": 1}, "FILOSOFIE": {"medie": 9.0, "reusita": 100.0, "cnt": 2}, "FIZICA TEO": {"medie": 8.165384615384617, "reusita": 100.0, "cnt": 26}, "CHIMIE ORGANICA TEO NIVEL I/II": {"medie": 8.883333333333333, "reusita": 100.0, "cnt": 6}, "INFORMATICA MI C/C++": {"medie": 8.025, "reusita": 100.0, "cnt": 4}}, "nume": "COLEGIUL TEHNIC \"DIMITRIE GHIKA\" COMANESTI\tBac\u0103u"}