{"specializari": {"TEHNICIAN MECANIC PENTRU INTRETINERE SI REPARATII": 84, "TEHNICIAN IN AGROTURISM": 23, "MATEMATICA-INFORMATICA": 26, "TEHNICIAN IN INSTALATII ELECTRICE": 32, "STIINTE ALE NATURII": 35}, "limba_moderna": {"LIMBA ENGLEZA": 99, "LIMBA FRANCEZA": 101}, "limba_materna": {"LIMBA ROMANA": 200}, "promotie_anterioara": {"DA": 31, "NU": 169}, "materii": {"LIMBA ROMANA": {"medie": 5.45748299319728, "reusita": 46.5, "cnt": 200}, "MATEMATICA ST-NAT": {"medie": 5.630882352941177, "reusita": 62.857142857142854, "cnt": 35}, "ANATOMIE SI FIZIOLOGIE UMANA, GENETICA SI ECOLOGIE UMANA": {"medie": 7.745454545454544, "reusita": 94.54545454545455, "cnt": 55}, "GENERAL": {"medie": 4.931043256997458, "reusita": 22.0, "cnt": 200}, "MATEMATICA MATE-INFO": {"medie": 5.3660000000000005, "reusita": 61.53846153846154, "cnt": 26}, "BIOLOGIE VEGETALA SI ANIMALA": {"medie": 3.5178160919540256, "reusita": 16.783216783216783, "cnt": 143}, "MATEMATICA TEHN": {"medie": 2.5987951807228917, "reusita": 15.107913669064748, "cnt": 139}, "INFORMATICA MI PASCAL": {"medie": 9.3, "reusita": 100.0, "cnt": 1}, "FIZICA TEO": {"medie": 5.2, "reusita": 100.0, "cnt": 1}}, "nume": "COLEGIUL TEHNOLOGIC \"CONSTANTIN BRANCOVEANU\"\tMehedin\u021bi"}