{"specializari": {"TEHNICIAN IN GASTRONOMIE": 53, "ORGANIZATOR BANQUETING": 21, "TEHNICIAN IN ACTIVITATI DE COMERT": 36, "TEHNICIAN IN ADMINISTRATIE": 42, "TEHNICIAN IN TURISM": 43, "TEHNICIAN IN ACTIVITATI ECONOMICE": 60}, "limba_moderna": {"LIMBA ENGLEZA": 204, "LIMBA FRANCEZA": 51}, "limba_materna": {"LIMBA ROMANA": 255}, "promotie_anterioara": {"DA": 32, "NU": 223}, "materii": {"LIMBA ROMANA": {"medie": 6.016808510638295, "reusita": 78.03921568627452, "cnt": 255}, "GENERAL": {"medie": 5.99678362573099, "reusita": 46.666666666666664, "cnt": 255}, "GEOGRAFIE": {"medie": 6.987662337662331, "reusita": 80.60606060606061, "cnt": 165}, "MATEMATICA TEHN": {"medie": 5.0386266094420575, "reusita": 60.78431372549019, "cnt": 255}, "LOGICA, ARGUMENTARE SI COMUNICARE": {"medie": 6.525324675324675, "reusita": 64.36781609195403, "cnt": 87}, "PSIHOLOGIE": {"medie": 7.574999999999999, "reusita": 100.0, "cnt": 2}, "ECONOMIE": {"medie": 8.2, "reusita": 100.0, "cnt": 1}}, "nume": "COLEGIUL ECONOMIC \"GHEORGHE CHITU\" CRAIOVA\tDolj"}