{"specializari": {"TEHNICIAN IN AUTOMATIZARI": 27, "TEHNICIAN IN INSTALATII ELECTRICE": 33, "TEHNICIAN ELECTROTEHNIST": 1, "TEHNICIAN ENERGETICIAN": 1, "TEHNICIAN ELECTROMECANIC": 2}, "limba_moderna": {"LIMBA ENGLEZA": 64}, "limba_materna": {"LIMBA ROMANA": 64}, "promotie_anterioara": {"DA": 24, "NU": 40}, "materii": {"LIMBA ROMANA": {"medie": 6.278813559322035, "reusita": 90.625, "cnt": 64}, "GENERAL": {"medie": 5.919230769230769, "reusita": 42.1875, "cnt": 64}, "BIOLOGIE VEGETALA SI ANIMALA": {"medie": 5.817567567567568, "reusita": 60.46511627906976, "cnt": 43}, "MATEMATICA TEHN": {"medie": 5.760526315789473, "reusita": 75.0, "cnt": 64}, "FIZICA TEH": {"medie": 5.05, "reusita": 46.15384615384615, "cnt": 13}, "CHIMIE ANORGANICA TEH NIVEL I/II": {"medie": 6.159999999999999, "reusita": 62.5, "cnt": 8}}, "nume": "COLEGIUL TEHNIC ENERGETIC CLUJ-NAPOCA\tCluj"}