{"specializari": {"ARTE PLASTICE SI DECORATIVE": 29, "MUZICA": 34, "ARHITECTURA, ARTE AMBIENTALE SI DESIGN": 27, "ARTA ACTORULUI": 28}, "limba_moderna": {"LIMBA ENGLEZA": 117, "LIMBA FRANCEZA": 1}, "limba_materna": {"LIMBA ROMANA": 118}, "promotie_anterioara": {"DA": 8, "NU": 110}, "materii": {"LIMBA ROMANA": {"medie": 6.980088495575222, "reusita": 90.67796610169492, "cnt": 118}, "GENERAL": {"medie": 6.941815476190476, "reusita": 69.49152542372882, "cnt": 118}, "ISTORIE": {"medie": 6.48034188034188, "reusita": 93.22033898305084, "cnt": 118}, "GEOGRAFIE": {"medie": 7.353191489361701, "reusita": 90.42553191489363, "cnt": 94}, "PSIHOLOGIE": {"medie": 6.764583333333333, "reusita": 91.66666666666666, "cnt": 24}}, "nume": "COLEGIUL DE ARTE \"SABIN DRAGOI\" ARAD\tArad"}