{"specializari": {"TEHNICIAN ECOLOG SI PROTECTIA CALITATII MEDIULUI": 12, "TEHNICIAN DE TELECOMUNICATII": 4, "TEHNICIAN IN CONSTRUCTII SI LUCRARI PUBLICE": 10, "TEHNICIAN ELECTROTEHNIST": 2, "TEHNICIAN ELECTROMECANIC": 1, "TEHNICIAN CHIMIST DE LABORATOR": 1, "TEHNICIAN IN INDUSTRIA ALIMENTARA": 1, "TEHNICIAN MECANIC PENTRU INTRETINERE SI REPARATII": 9, "TEHNICIAN IN INSTALATII ELECTRICE": 1, "MATEMATICA-INFORMATICA": 15, "LICEU CU PROGRAM SPORTIV": 1, "TEHNICIAN TRANSPORTURI": 7, "TEHNICIAN OPERATOR TEHNICA DE CALCUL": 1}, "limba_moderna": {"LIMBA ENGLEZA": 57, "LIMBA FRANCEZA": 7, "LIMBA RUSA": 1}, "limba_materna": {"LIMBA ROMANA": 65}, "promotie_anterioara": {"DA": 32, "NU": 33}, "materii": {"LIMBA ROMANA": {"medie": 4.0625, "reusita": 26.153846153846157, "cnt": 65}, "GENERAL": {"medie": 3.7840277777777778, "reusita": 4.615384615384616, "cnt": 65}, "MATEMATICA MATE-INFO": {"medie": 1.7916666666666667, "reusita": 6.666666666666667, "cnt": 15}, "BIOLOGIE VEGETALA SI ANIMALA": {"medie": 3.4586206896551728, "reusita": 16.071428571428573, "cnt": 56}, "ISTORIE": {"medie": "-", "reusita": 0.0, "cnt": 1}, "GEOGRAFIE": {"medie": 6.95, "reusita": 100.0, "cnt": 1}, "MATEMATICA TEHN": {"medie": 3.3625, "reusita": 26.53061224489796, "cnt": 49}, "FIZICA TEH": {"medie": 4.983333333333333, "reusita": 33.33333333333333, "cnt": 6}, "CHIMIE ANORGANICA TEH NIVEL I/II": {"medie": "-", "reusita": 0.0, "cnt": 1}, "CHIMIE ORGANICA TEH NIVEL I/II": {"medie": 2.2, "reusita": 0.0, "cnt": 1}}, "nume": "COLEGIUL TEHNIC \"VICEAMIRAL IOAN BALANESCU\" GIURGIU\tGiurgiu"}