{"specializari": {"TEHNICIAN TRANSPORTURI": 14, "TEHNICIAN DESENATOR PENTRU CONSTRUCTII SI INSTALATII": 16, "TEHNICIAN INSTALATOR PENTRU CONSTRUCTII": 1, "TEHNICIAN MECATRONIST": 34, "TEHNICIAN IN INDUSTRIA TEXTILA": 12, "MATEMATICA-INFORMATICA": 57, "TEHNICIAN IN ACTIVITATI ECONOMICE": 66, "TEHNICIAN IN INSTALATII ELECTRICE": 28, "FILOLOGIE": 29, "STIINTE SOCIALE": 36, "STIINTE ALE NATURII": 20, "TEHNICIAN MECANIC PENTRU INTRETINERE SI REPARATII": 1}, "limba_moderna": {"LIMBA ENGLEZA": 302, "LIMBA FRANCEZA": 12}, "limba_materna": {"LIMBA ROMANA": 314}, "promotie_anterioara": {"DA": 31, "NU": 283}, "materii": {"LIMBA ROMANA": {"medie": 6.606632653061223, "reusita": 84.07643312101911, "cnt": 314}, "MATEMATICA ST-NAT": {"medie": 7.245, "reusita": 95.0, "cnt": 20}, "ANATOMIE SI FIZIOLOGIE UMANA, GENETICA SI ECOLOGIE UMANA": {"medie": 8.190196078431372, "reusita": 98.07692307692307, "cnt": 52}, "GENERAL": {"medie": 6.670598591549295, "reusita": 59.23566878980891, "cnt": 314}, "MATEMATICA MATE-INFO": {"medie": 6.071052631578948, "reusita": 73.68421052631578, "cnt": 57}, "BIOLOGIE VEGETALA SI ANIMALA": {"medie": 4.620624999999997, "reusita": 35.64356435643564, "cnt": 101}, "ISTORIE": {"medie": 8.395384615384614, "reusita": 100.0, "cnt": 65}, "GEOGRAFIE": {"medie": 8.254545454545456, "reusita": 100.0, "cnt": 22}, "MATEMATICA TEHN": {"medie": 4.944594594594594, "reusita": 55.23255813953488, "cnt": 172}, "SOCIOLOGIE": {"medie": 5.7, "reusita": 100.0, "cnt": 1}, "FIZICA TEH": {"medie": 6.216666666666666, "reusita": 83.33333333333334, "cnt": 6}, "LOGICA, ARGUMENTARE SI COMUNICARE": {"medie": 8.216981132075476, "reusita": 94.44444444444444, "cnt": 108}, "FIZICA TEO": {"medie": 9.833333333333334, "reusita": 100.0, "cnt": 3}, "INFORMATICA MI C/C++": {"medie": 7.839999999999999, "reusita": 100.0, "cnt": 20}, "CHIMIE ANORGANICA TEO NIVEL I/II": {"medie": 7.15, "reusita": 100.0, "cnt": 1}}, "nume": "COLEGIUL TEHNIC RADAUTI\tSuceava"}