{"specializari": {"FILOLOGIE": 66, "MATEMATICA-INFORMATICA": 77, "STIINTE SOCIALE": 35, "STIINTE ALE NATURII": 29}, "limba_moderna": {"LIMBA FRANCEZA": 34, "LIMBA ENGLEZA": 171, "LIMBA ITALIANA": 1, "LIMBA RUSA": 1}, "limba_materna": {"LIMBA ROMANA": 207}, "promotie_anterioara": {"DA": 10, "NU": 197}, "materii": {"LIMBA ROMANA": {"medie": 7.374878048780489, "reusita": 96.1352657004831, "cnt": 207}, "MATEMATICA ST-NAT": {"medie": 7.932758620689655, "reusita": 96.55172413793103, "cnt": 29}, "ANATOMIE SI FIZIOLOGIE UMANA, GENETICA SI ECOLOGIE UMANA": {"medie": 7.906451612903225, "reusita": 100.0, "cnt": 31}, "GENERAL": {"medie": 7.54650406504065, "reusita": 81.64251207729468, "cnt": 207}, "MATEMATICA MATE-INFO": {"medie": 6.840909090909089, "reusita": 76.62337662337663, "cnt": 77}, "BIOLOGIE VEGETALA SI ANIMALA": {"medie": 8.75, "reusita": 100.0, "cnt": 1}, "ISTORIE": {"medie": 7.561616161616162, "reusita": 98.01980198019803, "cnt": 101}, "GEOGRAFIE": {"medie": 8.007303370786515, "reusita": 94.5054945054945, "cnt": 91}, "LOGICA, ARGUMENTARE SI COMUNICARE": {"medie": 5.5375, "reusita": 50.0, "cnt": 4}, "PSIHOLOGIE": {"medie": 7.825, "reusita": 100.0, "cnt": 6}, "FIZICA TEO": {"medie": 8.425, "reusita": 100.0, "cnt": 2}, "CHIMIE ORGANICA TEO NIVEL I/II": {"medie": 8.661538461538463, "reusita": 100.0, "cnt": 26}, "INFORMATICA MI C/C++": {"medie": 7.486666666666666, "reusita": 93.33333333333333, "cnt": 45}, "CHIMIE ANORGANICA TEO NIVEL I/II": {"medie": 9.3, "reusita": 100.0, "cnt": 1}}, "nume": "COLEGIUL NATIONAL \"DRAGOS VODA\" SIGHETU MARMATIEI\tMaramure\u0219"}