{"specializari": {"TEHNICIAN PRELUCRARI MECANICE": 1, "LICEU CU PROGRAM SPORTIV": 22, "TEHNICIAN PROIECTANT CAD": 7, "TEHNICIAN MECATRONIST": 2, "TEHNICIAN IN INSTALATII ELECTRICE": 3, "TEHNICIAN IN ACTIVITATI DE COMERT": 7}, "limba_moderna": {"LIMBA ENGLEZA": 42}, "limba_materna": {"LIMBA ROMANA": 42}, "promotie_anterioara": {"DA": 17, "NU": 25}, "materii": {"LIMBA ROMANA": {"medie": 5.298484848484849, "reusita": 66.66666666666666, "cnt": 42}, "GENERAL": {"medie": 5.397619047619048, "reusita": 26.190476190476193, "cnt": 42}, "BIOLOGIE VEGETALA SI ANIMALA": {"medie": 4.1000000000000005, "reusita": 22.22222222222222, "cnt": 9}, "ISTORIE": {"medie": 6.49, "reusita": 90.9090909090909, "cnt": 22}, "GEOGRAFIE": {"medie": 5.744736842105262, "reusita": 62.5, "cnt": 24}, "MATEMATICA TEHN": {"medie": 3.739285714285714, "reusita": 25.0, "cnt": 20}, "LOGICA, ARGUMENTARE SI COMUNICARE": {"medie": 7.175000000000001, "reusita": 60.0, "cnt": 5}, "CHIMIE ANORGANICA TEH NIVEL I/II": {"medie": 3.4666666666666663, "reusita": 0.0, "cnt": 3}, "CHIMIE ORGANICA TEH NIVEL I/II": {"medie": "-", "reusita": 0.0, "cnt": 1}}, "nume": "COLEGIUL TEHNIC MECANIC \"GRIVITA\"\tBucure\u0219ti"}