{"specializari": {"TEHNICIAN OPERATOR TEHNICA DE CALCUL": 27, "MATEMATICA-INFORMATICA": 6, "COAFOR STILIST": 27, "TEHNICIAN DE TELECOMUNICATII": 2, "ORGANIZATOR BANQUETING": 18, "TEHNICIAN IN ACTIVITATI ECONOMICE": 38, "STIINTE SOCIALE": 73, "TEHNICIAN ELECTRICIAN/ELECTRONIST AUTO": 23}, "limba_moderna": {"LIMBA ENGLEZA": 202, "LIMBA FRANCEZA": 12}, "limba_materna": {"LIMBA ROMANA": 214}, "promotie_anterioara": {"DA": 27, "NU": 187}, "materii": {"LIMBA ROMANA": {"medie": 6.787971698113209, "reusita": 92.5233644859813, "cnt": 214}, "ANATOMIE SI FIZIOLOGIE UMANA, GENETICA SI ECOLOGIE UMANA": {"medie": 6.3999999999999995, "reusita": 100.0, "cnt": 3}, "GENERAL": {"medie": 6.970307443365693, "reusita": 74.29906542056075, "cnt": 214}, "MATEMATICA MATE-INFO": {"medie": 3.1, "reusita": 0.0, "cnt": 6}, "BIOLOGIE VEGETALA SI ANIMALA": {"medie": 6.169736842105263, "reusita": 82.5, "cnt": 40}, "ISTORIE": {"medie": 7.053521126760563, "reusita": 95.8904109589041, "cnt": 73}, "GEOGRAFIE": {"medie": 8.21088709677419, "reusita": 97.63779527559055, "cnt": 127}, "MATEMATICA TEHN": {"medie": 6.289629629629632, "reusita": 88.14814814814815, "cnt": 135}, "SOCIOLOGIE": {"medie": 8.025, "reusita": 100.0, "cnt": 4}, "LOGICA, ARGUMENTARE SI COMUNICARE": {"medie": 7.4399999999999995, "reusita": 90.0, "cnt": 20}, "CHIMIE ANORGANICA TEH NIVEL I/II": {"medie": 6.296153846153844, "reusita": 92.3076923076923, "cnt": 13}, "PSIHOLOGIE": {"medie": 7.5375, "reusita": 100.0, "cnt": 4}, "FILOSOFIE": {"medie": "-", "reusita": 0.0, "cnt": 1}, "FIZICA TEO": {"medie": 5.0, "reusita": 100.0, "cnt": 1}, "CHIMIE ANORGANICA TEO NIVEL I/II": {"medie": 5.0, "reusita": 100.0, "cnt": 1}}, "nume": "COLEGIUL N.V. KARPEN\" BACAU\tBac\u0103u"}