{"specializari": {"TEHNICIAN MECATRONIST": 5, "TEHNICIAN MECANIC PENTRU INTRETINERE SI REPARATII": 4, "MATEMATICA-INFORMATICA": 19, "TEHNICIAN IN AUTOMATIZARI": 4, "TEHNICIAN TRANSPORTURI": 6, "STIINTE ALE NATURII": 20, "TEHNICIAN ELECTRONIST": 1}, "limba_moderna": {"LIMBA ENGLEZA": 59}, "limba_materna": {"LIMBA ROMANA": 59}, "promotie_anterioara": {"DA": 28, "NU": 31}, "materii": {"LIMBA ROMANA": {"medie": 5.57439024390244, "reusita": 61.016949152542374, "cnt": 59}, "MATEMATICA ST-NAT": {"medie": 3.4499999999999993, "reusita": 5.0, "cnt": 20}, "ANATOMIE SI FIZIOLOGIE UMANA, GENETICA SI ECOLOGIE UMANA": {"medie": 5.293181818181817, "reusita": 58.333333333333336, "cnt": 24}, "GENERAL": {"medie": 4.44047619047619, "reusita": 5.084745762711865, "cnt": 59}, "MATEMATICA MATE-INFO": {"medie": 2.3611111111111107, "reusita": 15.789473684210526, "cnt": 19}, "BIOLOGIE VEGETALA SI ANIMALA": {"medie": 3.7375000000000003, "reusita": 18.51851851851852, "cnt": 27}, "MATEMATICA TEHN": {"medie": 4.04090909090909, "reusita": 35.0, "cnt": 20}, "FIZICA TEH": {"medie": 6.1, "reusita": 100.0, "cnt": 1}, "CHIMIE ANORGANICA TEH NIVEL I/II": {"medie": 2.9, "reusita": 0.0, "cnt": 4}, "FIZICA TEO": {"medie": 4.883333333333334, "reusita": 66.66666666666666, "cnt": 3}}, "nume": "COLEGIUL TEHNIC \"DIMITRIE LEONIDA\"\tBucure\u0219ti"}