{"specializari": {"MATEMATICA-INFORMATICA": 150}, "limba_moderna": {"LIMBA ENGLEZA": 148, "LIMBA GERMANA MODERNA": 1, "LIMBA FRANCEZA": 1}, "limba_materna": {"LIMBA ROMANA": 150}, "promotie_anterioara": {"DA": 1, "NU": 149}, "materii": {"LIMBA ROMANA": {"medie": 8.328999999999997, "reusita": 99.33333333333333, "cnt": 150}, "ANATOMIE SI FIZIOLOGIE UMANA, GENETICA SI ECOLOGIE UMANA": {"medie": 8.266666666666667, "reusita": 100.0, "cnt": 15}, "GENERAL": {"medie": 8.303555555555558, "reusita": 97.33333333333334, "cnt": 150}, "MATEMATICA MATE-INFO": {"medie": 8.286333333333332, "reusita": 98.66666666666667, "cnt": 150}, "BIOLOGIE VEGETALA SI ANIMALA": {"medie": 6.9, "reusita": 50.0, "cnt": 2}, "FIZICA TEO": {"medie": 7.625, "reusita": 100.0, "cnt": 2}, "CHIMIE ORGANICA TEO NIVEL I/II": {"medie": 8.933333333333332, "reusita": 100.0, "cnt": 6}, "INFORMATICA MI C/C++": {"medie": 8.308064516129031, "reusita": 100.0, "cnt": 124}, "CHIMIE ANORGANICA TEO NIVEL I/II": {"medie": 7.45, "reusita": 100.0, "cnt": 1}}, "nume": "COLEGIUL NATIONAL DE INFORMATICA \"GR. MOISIL\" BRASOV\tBra\u0219ov"}