{"specializari": {"TEHNICIAN IN ADMINISTRATIE": 14, "TEHNICIAN IN ACTIVITATI DE COMERT": 41, "TEHNICIAN IN TURISM": 16, "TEHNICIAN IN ACTIVITATI ECONOMICE": 157, "TEHNICIAN IN GASTRONOMIE": 21}, "limba_moderna": {"LIMBA ENGLEZA": 216, "LIMBA FRANCEZA": 33}, "limba_materna": {"LIMBA ROMANA": 249}, "promotie_anterioara": {"DA": 11, "NU": 238}, "materii": {"LIMBA ROMANA": {"medie": 7.192105263157898, "reusita": 96.78714859437751, "cnt": 249}, "GENERAL": {"medie": 7.363143631436313, "reusita": 89.1566265060241, "cnt": 249}, "GEOGRAFIE": {"medie": 8.15138888888889, "reusita": 97.70642201834863, "cnt": 218}, "MATEMATICA TEHN": {"medie": 6.663562753036441, "reusita": 95.58232931726907, "cnt": 249}, "LOGICA, ARGUMENTARE SI COMUNICARE": {"medie": 8.63148148148148, "reusita": 100.0, "cnt": 27}, "PSIHOLOGIE": {"medie": 7.6625, "reusita": 100.0, "cnt": 4}}, "nume": "COLEGIUL ECONOMIC MUNICIPIUL BUZAU\tBuz\u0103u"}