{"specializari": {"FILOLOGIE": 70, "MATEMATICA-INFORMATICA": 55, "STIINTE ALE NATURII": 31, "STIINTE SOCIALE": 34}, "limba_moderna": {"LIMBA ENGLEZA": 176, "LIMBA FRANCEZA": 12, "LIMBA GERMANA MODERNA": 2}, "limba_materna": {"LIMBA ROMANA": 190}, "promotie_anterioara": {"DA": 6, "NU": 184}, "materii": {"LIMBA ROMANA": {"medie": 8.544086021505375, "reusita": 96.84210526315789, "cnt": 190}, "MATEMATICA ST-NAT": {"medie": 8.46774193548387, "reusita": 96.7741935483871, "cnt": 31}, "ANATOMIE SI FIZIOLOGIE UMANA, GENETICA SI ECOLOGIE UMANA": {"medie": 9.06195652173913, "reusita": 100.0, "cnt": 46}, "GENERAL": {"medie": 8.760931899641578, "reusita": 95.26315789473684, "cnt": 190}, "MATEMATICA MATE-INFO": {"medie": 8.825454545454544, "reusita": 100.0, "cnt": 55}, "BIOLOGIE VEGETALA SI ANIMALA": {"medie": 6.550000000000001, "reusita": 100.0, "cnt": 2}, "ISTORIE": {"medie": 8.604950495049508, "reusita": 97.11538461538461, "cnt": 104}, "GEOGRAFIE": {"medie": 8.950000000000003, "reusita": 100.0, "cnt": 27}, "SOCIOLOGIE": {"medie": 7.25, "reusita": 55.55555555555556, "cnt": 9}, "LOGICA, ARGUMENTARE SI COMUNICARE": {"medie": 9.41637931034483, "reusita": 100.0, "cnt": 58}, "PSIHOLOGIE": {"medie": 9.25, "reusita": 100.0, "cnt": 4}, "FILOSOFIE": {"medie": 9.1, "reusita": 100.0, "cnt": 1}, "FIZICA TEO": {"medie": 8.892105263157895, "reusita": 100.0, "cnt": 19}, "CHIMIE ORGANICA TEO NIVEL I/II": {"medie": 9.200000000000001, "reusita": 100.0, "cnt": 11}, "INFORMATICA MI C/C++": {"medie": 8.641666666666667, "reusita": 100.0, "cnt": 6}, "CHIMIE ANORGANICA TEO NIVEL I/II": {"medie": 8.425, "reusita": 100.0, "cnt": 2}, "ECONOMIE": {"medie": 9.3, "reusita": 100.0, "cnt": 5}}, "nume": "COLEGIUL NATIONAL \"CALISTRAT HOGAS\", MUNICIPIUL PIATRA-NEAMT\tNeam\u021b"}