{"specializari": {"FILOLOGIE": 31, "TEHNICIAN IN ACTIVITATI ECONOMICE": 28, "TEHNICIAN OPERATOR TEHNICA DE CALCUL": 1, "TEHNICIAN ECOLOG SI PROTECTIA CALITATII MEDIULUI": 1, "MATEMATICA-INFORMATICA": 14, "TEHNICIAN MECANIC PENTRU INTRETINERE SI REPARATII": 8, "TEHNICIAN ELECTROMECANIC": 1}, "limba_moderna": {"LIMBA FRANCEZA": 20, "LIMBA ENGLEZA": 64}, "limba_materna": {"LIMBA ROMANA": 84}, "promotie_anterioara": {"DA": 10, "NU": 74}, "materii": {"LIMBA ROMANA": {"medie": 5.789333333333335, "reusita": 63.095238095238095, "cnt": 84}, "ANATOMIE SI FIZIOLOGIE UMANA, GENETICA SI ECOLOGIE UMANA": {"medie": 5.825, "reusita": 100.0, "cnt": 2}, "GENERAL": {"medie": 5.754000000000001, "reusita": 40.476190476190474, "cnt": 84}, "MATEMATICA MATE-INFO": {"medie": 2.917857142857143, "reusita": 14.285714285714285, "cnt": 14}, "BIOLOGIE VEGETALA SI ANIMALA": {"medie": 3.0558823529411767, "reusita": 9.523809523809524, "cnt": 21}, "ISTORIE": {"medie": 7.485, "reusita": 96.7741935483871, "cnt": 31}, "GEOGRAFIE": {"medie": 7.596875000000001, "reusita": 84.61538461538461, "cnt": 52}, "MATEMATICA TEHN": {"medie": 3.746875, "reusita": 30.76923076923077, "cnt": 39}, "FIZICA TEH": {"medie": 6.3, "reusita": 100.0, "cnt": 1}, "LOGICA, ARGUMENTARE SI COMUNICARE": {"medie": 6.521428571428571, "reusita": 71.42857142857143, "cnt": 7}, "FIZICA TEO": {"medie": 6.25, "reusita": 100.0, "cnt": 1}}, "nume": "COLEGIUL TEHNIC MATASARI\tGorj"}