{"specializari": {"FILOLOGIE": 92, "MATEMATICA-INFORMATICA": 86, "STIINTE ALE NATURII": 57}, "limba_moderna": {"LIMBA ENGLEZA": 186, "LIMBA FRANCEZA": 38, "LIMBA JAPONEZA": 11}, "limba_materna": {"LIMBA ROMANA": 235}, "promotie_anterioara": {"DA": 1, "NU": 234}, "materii": {"LIMBA ROMANA": {"medie": 8.760851063829785, "reusita": 100.0, "cnt": 235}, "MATEMATICA ST-NAT": {"medie": 8.714035087719298, "reusita": 100.0, "cnt": 57}, "ANATOMIE SI FIZIOLOGIE UMANA, GENETICA SI ECOLOGIE UMANA": {"medie": 8.78108108108108, "reusita": 100.0, "cnt": 37}, "GENERAL": {"medie": 8.7722695035461, "reusita": 98.72340425531915, "cnt": 235}, "MATEMATICA MATE-INFO": {"medie": 8.720930232558139, "reusita": 98.83720930232558, "cnt": 86}, "BIOLOGIE VEGETALA SI ANIMALA": {"medie": 8.9375, "reusita": 100.0, "cnt": 8}, "ISTORIE": {"medie": 8.695652173913045, "reusita": 100.0, "cnt": 92}, "GEOGRAFIE": {"medie": 9.344117647058823, "reusita": 100.0, "cnt": 17}, "SOCIOLOGIE": {"medie": 8.898214285714284, "reusita": 100.0, "cnt": 28}, "LOGICA, ARGUMENTARE SI COMUNICARE": {"medie": 9.082142857142857, "reusita": 100.0, "cnt": 28}, "PSIHOLOGIE": {"medie": 9.12, "reusita": 100.0, "cnt": 5}, "FILOSOFIE": {"medie": 9.85, "reusita": 100.0, "cnt": 2}, "FIZICA TEO": {"medie": 8.622656249999999, "reusita": 100.0, "cnt": 64}, "CHIMIE ORGANICA TEO NIVEL I/II": {"medie": 9.106250000000001, "reusita": 100.0, "cnt": 24}, "INFORMATICA MI C/C++": {"medie": 8.620000000000001, "reusita": 100.0, "cnt": 10}, "ECONOMIE": {"medie": 8.195833333333335, "reusita": 100.0, "cnt": 12}}, "nume": "COLEGIUL NATIONAL \"ION CREANGA\"\tBucure\u0219ti"}