{"specializari": {"TEHNICIAN MECANIC PENTRU INTRETINERE SI REPARATII": 7, "TEHNICIAN IN CONSTRUCTII SI LUCRARI PUBLICE": 1, "TEHNICIAN PROIECTANT CAD": 6, "TEHNICIAN IN ADMINISTRATIE": 25, "TEHNICIAN DESENATOR PENTRU CONSTRUCTII SI INSTALATII": 2, "TEHNICIAN MECATRONIST": 1, "TEHNICIAN TRANSPORTURI": 8, "TEHNICIAN IN ACTIVITATI ECONOMICE": 7}, "limba_moderna": {"LIMBA ENGLEZA": 57}, "limba_materna": {"LIMBA ROMANA": 57}, "promotie_anterioara": {"DA": 30, "NU": 27}, "materii": {"LIMBA ROMANA": {"medie": 6.03061224489796, "reusita": 80.7017543859649, "cnt": 57}, "GENERAL": {"medie": 5.620940170940172, "reusita": 26.31578947368421, "cnt": 57}, "BIOLOGIE VEGETALA SI ANIMALA": {"medie": 4.611538461538462, "reusita": 23.809523809523807, "cnt": 21}, "GEOGRAFIE": {"medie": 6.513461538461538, "reusita": 79.3103448275862, "cnt": 29}, "MATEMATICA TEHN": {"medie": 4.701136363636365, "reusita": 49.122807017543856, "cnt": 57}, "FIZICA TEH": {"medie": 5.95, "reusita": 100.0, "cnt": 3}, "PSIHOLOGIE": {"medie": 8.9, "reusita": 100.0, "cnt": 1}, "CHIMIE ORGANICA TEH NIVEL I/II": {"medie": "-", "reusita": 0.0, "cnt": 1}, "ECONOMIE": {"medie": 4.5, "reusita": 50.0, "cnt": 2}}, "nume": "COLEGIUL TEHNIC \"MIRCEA CEL BATRAN\"\tBucure\u0219ti"}