{"specializari": {"INVATATOR - EDUCATOARE": 16, "MATEMATICA-INFORMATICA": 1, "FILOLOGIE": 22, "TEOLOGIE MUSULMANA": 3}, "limba_moderna": {"LIMBA ENGLEZA": 42}, "limba_materna": {"LIMBA ROMANA": 39, "LIMBA TURCA": 3}, "promotie_anterioara": {"DA": 10, "NU": 32}, "materii": {"LIMBA ROMANA": {"medie": 5.04125, "reusita": 59.523809523809526, "cnt": 42}, "GENERAL": {"medie": 5.415811965811966, "reusita": 28.57142857142857, "cnt": 42}, "MATEMATICA MATE-INFO": {"medie": 5.0, "reusita": 100.0, "cnt": 1}, "BIOLOGIE VEGETALA SI ANIMALA": {"medie": "-", "reusita": 0.0, "cnt": 1}, "ISTORIE": {"medie": 5.466666666666665, "reusita": 84.0, "cnt": 25}, "GEOGRAFIE": {"medie": 6.485714285714286, "reusita": 81.25, "cnt": 16}, "MATEMATICA PED": {"medie": 3.7281250000000004, "reusita": 37.5, "cnt": 16}, "LOGICA, ARGUMENTARE SI COMUNICARE": {"medie": 7.225, "reusita": 100.0, "cnt": 2}, "PSIHOLOGIE": {"medie": 5.908695652173915, "reusita": 69.56521739130434, "cnt": 23}, "LIMBA TURCA": {"medie": 8.975000000000001, "reusita": 66.66666666666666, "cnt": 3}}, "nume": "COLEGIUL NATIONAL \"KEMAL ATATURK\" MEDGIDIA\tConstan\u021ba"}