{"specializari": {"MATEMATICA-INFORMATICA": 264}, "limba_moderna": {"LIMBA ENGLEZA": 250, "LIMBA FRANCEZA": 10, "LIMBA GERMANA MODERNA": 4}, "limba_materna": {"LIMBA ROMANA": 264}, "promotie_anterioara": {"NU": 263, "DA": 1}, "materii": {"LIMBA ROMANA": {"medie": 8.917803030303029, "reusita": 100.0, "cnt": 264}, "ANATOMIE SI FIZIOLOGIE UMANA, GENETICA SI ECOLOGIE UMANA": {"medie": 9.276470588235293, "reusita": 100.0, "cnt": 17}, "GENERAL": {"medie": 9.064457070707078, "reusita": 100.0, "cnt": 264}, "MATEMATICA MATE-INFO": {"medie": 9.157954545454553, "reusita": 100.0, "cnt": 264}, "BIOLOGIE VEGETALA SI ANIMALA": {"medie": 8.813333333333334, "reusita": 100.0, "cnt": 15}, "FIZICA TEO": {"medie": 9.19806201550388, "reusita": 100.0, "cnt": 129}, "CHIMIE ORGANICA TEO NIVEL I/II": {"medie": 9.245081967213114, "reusita": 100.0, "cnt": 61}, "INFORMATICA MI C/C++": {"medie": 8.660256410256409, "reusita": 100.0, "cnt": 39}, "CHIMIE ANORGANICA TEO NIVEL I/II": {"medie": 9.633333333333333, "reusita": 100.0, "cnt": 3}}, "nume": "COLEGIUL NATIONAL \"MIHAI VITEAZUL\"\tBucure\u0219ti"}