{"specializari": {"STIINTE ALE NATURII": 89, "MATEMATICA-INFORMATICA": 30}, "limba_moderna": {"LIMBA ENGLEZA": 118, "LIMBA FRANCEZA": 1}, "limba_materna": {"LIMBA ROMANA": 119}, "promotie_anterioara": {"NU": 119}, "materii": {"LIMBA ROMANA": {"medie": 7.707142857142857, "reusita": 98.31932773109243, "cnt": 119}, "MATEMATICA ST-NAT": {"medie": 7.676404494382026, "reusita": 95.50561797752809, "cnt": 89}, "ANATOMIE SI FIZIOLOGIE UMANA, GENETICA SI ECOLOGIE UMANA": {"medie": 8.509693877551017, "reusita": 100.0, "cnt": 98}, "GENERAL": {"medie": 7.973669467787112, "reusita": 92.43697478991596, "cnt": 119}, "MATEMATICA MATE-INFO": {"medie": 8.000000000000002, "reusita": 96.66666666666667, "cnt": 30}, "BIOLOGIE VEGETALA SI ANIMALA": {"medie": 8.341666666666667, "reusita": 83.33333333333334, "cnt": 6}, "FIZICA TEO": {"medie": 6.566666666666667, "reusita": 100.0, "cnt": 3}, "CHIMIE ORGANICA TEO NIVEL I/II": {"medie": 8.7, "reusita": 100.0, "cnt": 1}, "INFORMATICA MI C/C++": {"medie": 8.531818181818181, "reusita": 100.0, "cnt": 11}}, "nume": "COLEGIUL NATIONAL \"ANA ASLAN\" TIMISOARA\tTimi\u0219"}