{"specializari": {"TEHNICIAN DE TELECOMUNICATII": 54, "TEHNICIAN ELECTRONIST": 3, "TEHNICIAN OPERATOR TEHNICA DE CALCUL": 27, "TEHNICIAN OPERATOR PROCESARE TEXT IMAGINE": 4, "TEHNICIAN IN ACTIVITATI DE POSTA": 26, "TEHNICIAN ELECTRICIAN/ELECTRONIST AUTO": 1}, "limba_moderna": {"LIMBA ENGLEZA": 114, "LIMBA FRANCEZA": 1}, "limba_materna": {"LIMBA ROMANA": 115}, "promotie_anterioara": {"DA": 11, "NU": 104}, "materii": {"LIMBA ROMANA": {"medie": 6.829385964912281, "reusita": 93.91304347826087, "cnt": 115}, "GENERAL": {"medie": 6.8276276276276295, "reusita": 80.0, "cnt": 115}, "BIOLOGIE VEGETALA SI ANIMALA": {"medie": 5.986486486486484, "reusita": 71.7948717948718, "cnt": 39}, "GEOGRAFIE": {"medie": 7.371428571428571, "reusita": 100.0, "cnt": 21}, "MATEMATICA TEHN": {"medie": 6.856250000000002, "reusita": 91.30434782608695, "cnt": 115}, "FIZICA TEH": {"medie": 6.6325, "reusita": 85.71428571428571, "cnt": 21}, "LOGICA, ARGUMENTARE SI COMUNICARE": {"medie": 8.69, "reusita": 100.0, "cnt": 5}, "CHIMIE ANORGANICA TEH NIVEL I/II": {"medie": 6.8327586206896544, "reusita": 100.0, "cnt": 29}}, "nume": "COLEGIUL TEHNIC DE COMUNICATII \"AUGUSTIN MAIOR\" CLUJ-NAPOCA\tCluj"}