{"specializari": {"TEHNICIAN IN INDUSTRIA TEXTILA": 3, "MATEMATICA-INFORMATICA": 53, "TEHNICIAN ECOLOG SI PROTECTIA CALITATII MEDIULUI": 1, "TEHNICIAN IN PRELUCRAREA LEMNULUI": 2, "TEHNICIAN IN TURISM": 26, "TEHNICIAN IN ACTIVITATI DE COMERT": 4, "TEHNICIAN MECANIC PENTRU INTRETINERE SI REPARATII": 5}, "limba_moderna": {"LIMBA FRANCEZA": 8, "LIMBA ENGLEZA": 86}, "limba_materna": {"LIMBA ROMANA": 94}, "promotie_anterioara": {"DA": 14, "NU": 80}, "materii": {"LIMBA ROMANA": {"medie": 6.362087912087913, "reusita": 79.7872340425532, "cnt": 94}, "ANATOMIE SI FIZIOLOGIE UMANA, GENETICA SI ECOLOGIE UMANA": {"medie": 6.825000000000001, "reusita": 87.5, "cnt": 8}, "GENERAL": {"medie": 6.0690740740740745, "reusita": 47.87234042553192, "cnt": 94}, "MATEMATICA MATE-INFO": {"medie": 6.400961538461539, "reusita": 77.35849056603774, "cnt": 53}, "BIOLOGIE VEGETALA SI ANIMALA": {"medie": 5.869230769230769, "reusita": 69.23076923076923, "cnt": 26}, "GEOGRAFIE": {"medie": 5.96111111111111, "reusita": 70.0, "cnt": 30}, "MATEMATICA TEHN": {"medie": 3.9802631578947367, "reusita": 39.02439024390244, "cnt": 41}, "FIZICA TEO": {"medie": 6.749999999999999, "reusita": 100.0, "cnt": 8}, "CHIMIE ORGANICA TEO NIVEL I/II": {"medie": 8.149999999999999, "reusita": 100.0, "cnt": 14}, "INFORMATICA MI C/C++": {"medie": 7.233333333333332, "reusita": 83.33333333333334, "cnt": 6}, "CHIMIE ORGANICA TEH NIVEL I/II": {"medie": 4.275, "reusita": 50.0, "cnt": 2}}, "nume": "COLEGIUL \"FERDINAND I\", COMUNA MANECIU\tPrahova"}