{"specializari": {"TEHNICIAN IN ACTIVITATI DE COMERT": 1, "TEHNICIAN IN ACTIVITATI ECONOMICE": 24, "TEHNICIAN IN ACHIZITII SI CONTRACTARI": 23, "TEHNICIAN IN TURISM": 25, "ORGANIZATOR BANQUETING": 26, "TEHNICIAN IN HOTELARIE": 3}, "limba_moderna": {"LIMBA ENGLEZA": 99, "LIMBA ITALIANA": 3}, "limba_materna": {"LIMBA ROMANA": 102}, "promotie_anterioara": {"DA": 23, "NU": 79}, "materii": {"LIMBA ROMANA": {"medie": 5.805494505494505, "reusita": 74.50980392156863, "cnt": 102}, "GENERAL": {"medie": 5.646022727272729, "reusita": 33.33333333333333, "cnt": 102}, "GEOGRAFIE": {"medie": 6.402808988764044, "reusita": 75.0, "cnt": 100}, "MATEMATICA TEHN": {"medie": 4.667977528089888, "reusita": 47.05882352941176, "cnt": 102}, "ECONOMIE": {"medie": 2.75, "reusita": 0.0, "cnt": 2}}, "nume": "COLEGIUL ECONOMIC \"HERMES\" PETROSANI\tHunedoara"}