{"specializari": {"MATEMATICA-INFORMATICA": 104, "STIINTE ALE NATURII": 26, "FILOLOGIE": 52, "STIINTE SOCIALE": 31}, "limba_moderna": {"LIMBA ENGLEZA": 189, "LIMBA FRANCEZA": 24}, "limba_materna": {"LIMBA ROMANA": 213}, "promotie_anterioara": {"NU": 213}, "materii": {"LIMBA ROMANA": {"medie": 8.616981132075475, "reusita": 99.53051643192488, "cnt": 213}, "MATEMATICA ST-NAT": {"medie": 8.678846153846154, "reusita": 100.0, "cnt": 26}, "ANATOMIE SI FIZIOLOGIE UMANA, GENETICA SI ECOLOGIE UMANA": {"medie": 8.904901960784311, "reusita": 100.0, "cnt": 51}, "GENERAL": {"medie": 8.567059748427676, "reusita": 98.59154929577466, "cnt": 213}, "MATEMATICA MATE-INFO": {"medie": 8.350480769230767, "reusita": 99.03846153846155, "cnt": 104}, "ISTORIE": {"medie": 8.182926829268293, "reusita": 98.79518072289156, "cnt": 83}, "GEOGRAFIE": {"medie": 9.079166666666667, "reusita": 100.0, "cnt": 12}, "LOGICA, ARGUMENTARE SI COMUNICARE": {"medie": 9.25, "reusita": 98.52941176470588, "cnt": 68}, "PSIHOLOGIE": {"medie": 8.7, "reusita": 100.0, "cnt": 1}, "FILOSOFIE": {"medie": 9.6, "reusita": 100.0, "cnt": 2}, "FIZICA TEO": {"medie": 8.398780487804876, "reusita": 100.0, "cnt": 41}, "CHIMIE ORGANICA TEO NIVEL I/II": {"medie": 7.4, "reusita": 100.0, "cnt": 2}, "INFORMATICA MI C/C++": {"medie": 7.961428571428573, "reusita": 94.28571428571428, "cnt": 35}, "CHIMIE ANORGANICA TEO NIVEL I/II": {"medie": 8.2, "reusita": 100.0, "cnt": 1}}, "nume": "COLEGIUL NATIONAL \"A.T.LAURIAN\" BOTOSANI\tBoto\u0219ani"}