{"specializari": {"TEHNICIAN IN HOTELARIE": 55, "TEHNICIAN IN ACTIVITATI ECONOMICE": 88, "TEHNICIAN IN ACTIVITATI DE COMERT": 56}, "limba_moderna": {"LIMBA ENGLEZA": 198, "LIMBA SPANIOLA": 1}, "limba_materna": {"LIMBA ROMANA": 199}, "promotie_anterioara": {"DA": 56, "NU": 143}, "materii": {"LIMBA ROMANA": {"medie": 6.681746031746033, "reusita": 91.4572864321608, "cnt": 199}, "GENERAL": {"medie": 6.6196461824953445, "reusita": 61.30653266331658, "cnt": 199}, "GEOGRAFIE": {"medie": 7.117987804878047, "reusita": 87.42857142857143, "cnt": 175}, "MATEMATICA TEHN": {"medie": 5.95054347826087, "reusita": 78.89447236180904, "cnt": 199}, "LOGICA, ARGUMENTARE SI COMUNICARE": {"medie": 7.382142857142858, "reusita": 75.0, "cnt": 16}, "PSIHOLOGIE": {"medie": 6.74, "reusita": 100.0, "cnt": 5}, "ECONOMIE": {"medie": 5.2, "reusita": 66.66666666666666, "cnt": 3}}, "nume": "COLEGIUL ECONOMIC \"HERMES\"\tBucure\u0219ti"}