{"specializari": {"TEHNICIAN IN ACTIVITATI ECONOMICE": 178, "TEHNICIAN IN TURISM": 66}, "limba_moderna": {"LIMBA ENGLEZA": 217, "LIMBA SPANIOLA": 15, "LIMBA TURCA MODERNA": 1, "LIMBA FRANCEZA": 11}, "limba_materna": {"LIMBA ROMANA": 244}, "promotie_anterioara": {"DA": 6, "NU": 238}, "materii": {"LIMBA ROMANA": {"medie": 7.5222222222222195, "reusita": 99.59016393442623, "cnt": 244}, "GENERAL": {"medie": 7.537311385459536, "reusita": 90.98360655737704, "cnt": 244}, "GEOGRAFIE": {"medie": 8.427934272300472, "reusita": 99.06542056074767, "cnt": 214}, "MATEMATICA TEHN": {"medie": 6.766460905349789, "reusita": 95.49180327868852, "cnt": 244}, "LOGICA, ARGUMENTARE SI COMUNICARE": {"medie": 8.49375, "reusita": 100.0, "cnt": 8}, "PSIHOLOGIE": {"medie": 7.3375, "reusita": 100.0, "cnt": 4}, "ECONOMIE": {"medie": 7.227777777777776, "reusita": 88.88888888888889, "cnt": 18}}, "nume": "COLEGIUL ECONOMIC \"A.D.XENOPOL\"\tBucure\u0219ti"}