{"specializari": {"STIINTE ALE NATURII": 107, "FILOLOGIE": 32, "MATEMATICA-INFORMATICA": 42, "STIINTE SOCIALE": 32}, "limba_moderna": {"LIMBA ENGLEZA": 204, "LIMBA FRANCEZA": 9}, "limba_materna": {"LIMBA ROMANA": 213}, "promotie_anterioara": {"DA": 2, "NU": 211}, "materii": {"LIMBA ROMANA": {"medie": 8.241745283018867, "reusita": 99.06103286384976, "cnt": 213}, "MATEMATICA ST-NAT": {"medie": 8.538317757009345, "reusita": 100.0, "cnt": 107}, "ANATOMIE SI FIZIOLOGIE UMANA, GENETICA SI ECOLOGIE UMANA": {"medie": 8.996296296296299, "reusita": 100.0, "cnt": 81}, "GENERAL": {"medie": 8.475786163522011, "reusita": 98.59154929577466, "cnt": 213}, "MATEMATICA MATE-INFO": {"medie": 8.358333333333334, "reusita": 100.0, "cnt": 42}, "BIOLOGIE VEGETALA SI ANIMALA": {"medie": 9.0, "reusita": 100.0, "cnt": 1}, "ISTORIE": {"medie": 7.95234375, "reusita": 100.0, "cnt": 64}, "GEOGRAFIE": {"medie": 8.97325581395349, "reusita": 97.72727272727273, "cnt": 44}, "SOCIOLOGIE": {"medie": 7.920000000000001, "reusita": 100.0, "cnt": 15}, "PSIHOLOGIE": {"medie": 9.4, "reusita": 100.0, "cnt": 1}, "FIZICA TEO": {"medie": 8.742, "reusita": 100.0, "cnt": 50}, "CHIMIE ORGANICA TEO NIVEL I/II": {"medie": 9.314285714285713, "reusita": 100.0, "cnt": 7}, "INFORMATICA MI C/C++": {"medie": 8.6875, "reusita": 100.0, "cnt": 8}, "ECONOMIE": {"medie": 8.649999999999999, "reusita": 100.0, "cnt": 4}, "INFORMATICA SN C/C++": {"medie": 8.4, "reusita": 100.0, "cnt": 2}}, "nume": "COLEGIUL NATIONAL ALEXANDRU LAHOVARI, MUN. RM. VALCEA\tV\u00e2lcea"}