{"specializari": {"STIINTE ALE NATURII": 23, "TEHNICIAN ANALIZE PRODUSE ALIMENTARE": 4, "TEHNICIAN MECANIC PENTRU INTRETINERE SI REPARATII": 30, "TEHNICIAN ELECTRICIAN/ELECTRONIST AUTO": 1, "TEHNICIAN ECOLOG SI PROTECTIA CALITATII MEDIULUI": 42, "TEHNICIAN IN TURISM": 51, "TEHNICIAN OPERATOR TEHNICA DE CALCUL": 23, "TEHNICIAN AGROMONTAN": 15, "TEHNICIAN IN ACTIVITATI ECONOMICE": 30, "TEHNICIAN IN GASTRONOMIE": 5, "TEHNICIAN IN ADMINISTRATIE": 22, "TEHNICIAN IN SILVICULTURA SI EXPLOATARI FORESTIERE": 17, "TEHNICIAN IN INSTALATII ELECTRICE": 14, "TEHNICIAN IN AGRICULTURA": 17}, "limba_moderna": {"LIMBA FRANCEZA": 48, "LIMBA ENGLEZA": 246}, "limba_materna": {"LIMBA ROMANA": 294}, "promotie_anterioara": {"DA": 39, "NU": 255}, "materii": {"LIMBA ROMANA": {"medie": 5.24829545454546, "reusita": 59.863945578231295, "cnt": 294}, "MATEMATICA ST-NAT": {"medie": 4.390909090909091, "reusita": 47.82608695652174, "cnt": 23}, "ANATOMIE SI FIZIOLOGIE UMANA, GENETICA SI ECOLOGIE UMANA": {"medie": 5.72938144329897, "reusita": 65.76576576576578, "cnt": 111}, "GENERAL": {"medie": 4.795590142671858, "reusita": 19.727891156462583, "cnt": 294}, "BIOLOGIE VEGETALA SI ANIMALA": {"medie": 2.7232558139534877, "reusita": 7.547169811320755, "cnt": 53}, "GEOGRAFIE": {"medie": 6.501, "reusita": 77.57009345794393, "cnt": 107}, "MATEMATICA TEHN": {"medie": 3.6064315352697127, "reusita": 32.47232472324723, "cnt": 271}, "FIZICA TEH": {"medie": 4.411538461538462, "reusita": 40.0, "cnt": 15}, "CHIMIE ANORGANICA TEH NIVEL I/II": {"medie": 3.5, "reusita": 20.0, "cnt": 5}, "FIZICA TEO": {"medie": 6.9, "reusita": 100.0, "cnt": 1}, "CHIMIE ORGANICA TEO NIVEL I/II": {"medie": 7.8, "reusita": 100.0, "cnt": 1}, "ECONOMIE": {"medie": 6.5, "reusita": 100.0, "cnt": 1}}, "nume": "COLEGIUL TEHNIC \"ION CREANGA\", ORAS TARGU NEAMT\tNeam\u021b"}