{"specializari": {"STIINTE ALE NATURII": 34, "MATEMATICA-INFORMATICA": 25, "STIINTE SOCIALE": 30, "FILOLOGIE": 26}, "limba_moderna": {"LIMBA ENGLEZA": 113, "LIMBA FRANCEZA": 2}, "limba_materna": {"LIMBA ROMANA": 115}, "promotie_anterioara": {"DA": 3, "NU": 112}, "materii": {"LIMBA ROMANA": {"medie": 7.651315789473686, "reusita": 96.52173913043478, "cnt": 115}, "MATEMATICA ST-NAT": {"medie": 7.2696969696969695, "reusita": 91.17647058823529, "cnt": 34}, "ANATOMIE SI FIZIOLOGIE UMANA, GENETICA SI ECOLOGIE UMANA": {"medie": 8.229999999999999, "reusita": 92.3076923076923, "cnt": 26}, "GENERAL": {"medie": 7.793859649122808, "reusita": 91.30434782608695, "cnt": 115}, "MATEMATICA MATE-INFO": {"medie": 9.104, "reusita": 100.0, "cnt": 25}, "BIOLOGIE VEGETALA SI ANIMALA": {"medie": 7.758333333333333, "reusita": 100.0, "cnt": 6}, "ISTORIE": {"medie": 7.204464285714287, "reusita": 96.42857142857143, "cnt": 56}, "LOGICA, ARGUMENTARE SI COMUNICARE": {"medie": 7.831372549019608, "reusita": 94.11764705882352, "cnt": 51}, "PSIHOLOGIE": {"medie": 8.51, "reusita": 100.0, "cnt": 5}, "FIZICA TEO": {"medie": 8.65, "reusita": 100.0, "cnt": 9}, "CHIMIE ORGANICA TEO NIVEL I/II": {"medie": 8.0875, "reusita": 100.0, "cnt": 4}, "INFORMATICA MI C/C++": {"medie": 8.319230769230769, "reusita": 100.0, "cnt": 13}, "CHIMIE ANORGANICA TEO NIVEL I/II": {"medie": 9.7, "reusita": 100.0, "cnt": 1}}, "nume": "COLEGIUL NATIONAL \"TITU MAIORESCU\" AIUD\tAlba"}