{"specializari": {"TEHNICIAN MECATRONIST": 23, "TEHNICIAN IN INSTALATII ELECTRICE": 35, "TEHNICIAN ECOLOG SI PROTECTIA CALITATII MEDIULUI": 13, "TEHNICIAN PRELUCRARI MECANICE": 3, "TEHNICIAN ELECTROTEHNIST": 6, "MATEMATICA-INFORMATICA": 4, "TEHNICIAN MECANIC PENTRU INTRETINERE SI REPARATII": 11, "STIINTE ALE NATURII": 20, "STIINTE SOCIALE": 31, "FILOLOGIE": 1}, "limba_moderna": {"LIMBA ENGLEZA": 131, "LIMBA FRANCEZA": 16}, "limba_materna": {"LIMBA ROMANA": 147}, "promotie_anterioara": {"DA": 51, "NU": 96}, "materii": {"LIMBA ROMANA": {"medie": 5.775912408759126, "reusita": 80.27210884353741, "cnt": 147}, "MATEMATICA ST-NAT": {"medie": 4.8075, "reusita": 50.0, "cnt": 20}, "ANATOMIE SI FIZIOLOGIE UMANA, GENETICA SI ECOLOGIE UMANA": {"medie": 5.274, "reusita": 56.00000000000001, "cnt": 25}, "GENERAL": {"medie": 5.540533333333334, "reusita": 31.97278911564626, "cnt": 147}, "MATEMATICA MATE-INFO": {"medie": 4.9, "reusita": 75.0, "cnt": 4}, "BIOLOGIE VEGETALA SI ANIMALA": {"medie": 4.654347826086957, "reusita": 46.25, "cnt": 80}, "ISTORIE": {"medie": 6.945161290322581, "reusita": 96.875, "cnt": 32}, "GEOGRAFIE": {"medie": 8.493749999999999, "reusita": 88.88888888888889, "cnt": 9}, "MATEMATICA TEHN": {"medie": 4.456410256410256, "reusita": 48.35164835164835, "cnt": 91}, "SOCIOLOGIE": {"medie": 6.88611111111111, "reusita": 94.44444444444444, "cnt": 18}, "FIZICA TEH": {"medie": 7.4, "reusita": 100.0, "cnt": 1}, "CHIMIE ANORGANICA TEH NIVEL I/II": {"medie": "-", "reusita": 0.0, "cnt": 5}, "PSIHOLOGIE": {"medie": 7.5625, "reusita": 100.0, "cnt": 4}, "FIZICA TEO": {"medie": 5.875, "reusita": 75.0, "cnt": 4}, "ECONOMIE": {"medie": 6.45, "reusita": 100.0, "cnt": 1}}, "nume": "COLEGIUL TEHNIC \"PETRU MAIOR\"\tBucure\u0219ti"}