{"specializari": {"TEHNICIAN IN ACTIVITATI ECONOMICE": 115, "TEHNICIAN IN ACTIVITATI DE COMERT": 35, "TEHNICIAN IN HOTELARIE": 26, "TEHNICIAN IN TURISM": 1, "TEHNICIAN IN ADMINISTRATIE": 25, "TEHNICIAN IN GASTRONOMIE": 29}, "limba_moderna": {"LIMBA ENGLEZA": 222, "LIMBA FRANCEZA": 9}, "limba_materna": {"LIMBA ROMANA": 231}, "promotie_anterioara": {"DA": 18, "NU": 213}, "materii": {"LIMBA ROMANA": {"medie": 6.888744588744586, "reusita": 92.20779220779221, "cnt": 231}, "GENERAL": {"medie": 7.271806167400883, "reusita": 83.98268398268398, "cnt": 231}, "GEOGRAFIE": {"medie": 8.195945945945942, "reusita": 99.55156950672645, "cnt": 223}, "MATEMATICA TEHN": {"medie": 6.676855895196504, "reusita": 92.20779220779221, "cnt": 231}, "ECONOMIE": {"medie": 8.856250000000001, "reusita": 100.0, "cnt": 8}}, "nume": "COLEGIUL ECONOMIC \"VIRGIL MADGEARU\" TG-JIU\tGorj"}