{"specializari": {"MATEMATICA-INFORMATICA": 29, "STIINTE ALE NATURII": 57, "TEHNICIAN ECOLOG SI PROTECTIA CALITATII MEDIULUI": 29}, "limba_moderna": {"LIMBA ENGLEZA": 108, "LIMBA GERMANA MODERNA": 1, "LIMBA FRANCEZA": 6}, "limba_materna": {"LIMBA ROMANA": 115}, "promotie_anterioara": {"DA": 5, "NU": 110}, "materii": {"LIMBA ROMANA": {"medie": 8.110087719298242, "reusita": 98.26086956521739, "cnt": 115}, "MATEMATICA ST-NAT": {"medie": 7.235714285714286, "reusita": 92.98245614035088, "cnt": 57}, "ANATOMIE SI FIZIOLOGIE UMANA, GENETICA SI ECOLOGIE UMANA": {"medie": 8.59583333333333, "reusita": 97.9381443298969, "cnt": 97}, "GENERAL": {"medie": 7.900877192982455, "reusita": 92.17391304347827, "cnt": 115}, "MATEMATICA MATE-INFO": {"medie": 7.291379310344829, "reusita": 96.55172413793103, "cnt": 29}, "BIOLOGIE VEGETALA SI ANIMALA": {"medie": 8.75, "reusita": 100.0, "cnt": 1}, "MATEMATICA TEHN": {"medie": 6.953448275862071, "reusita": 100.0, "cnt": 29}, "CHIMIE ANORGANICA TEH NIVEL I/II": {"medie": 5.8, "reusita": 100.0, "cnt": 1}, "FIZICA TEO": {"medie": 8.5, "reusita": 100.0, "cnt": 1}, "CHIMIE ORGANICA TEO NIVEL I/II": {"medie": 9.4, "reusita": 100.0, "cnt": 1}, "INFORMATICA MI C/C++": {"medie": 7.257142857142858, "reusita": 100.0, "cnt": 14}}, "nume": "COLEGIUL DE STIINTE \"GRIGORE ANTIPA\" BRASOV\tBra\u0219ov"}