{"specializari": {"TEHNICIAN IN GASTRONOMIE": 11, "TEHNICIAN IN ACTIVITATI ECONOMICE": 69, "TEHNICIAN IN ACTIVITATI DE COMERT": 10, "ORGANIZATOR BANQUETING": 17, "TEHNICIAN IN ADMINISTRATIE": 20, "TEHNICIAN IN HOTELARIE": 13, "TEHNICIAN IN ACHIZITII SI CONTRACTARI": 28, "TEHNICIAN IN TURISM": 17}, "limba_moderna": {"LIMBA ENGLEZA": 181, "LIMBA FRANCEZA": 2, "LIMBA GERMANA MODERNA": 2}, "limba_materna": {"LIMBA ROMANA": 185}, "promotie_anterioara": {"DA": 32, "NU": 153}, "materii": {"LIMBA ROMANA": {"medie": 6.432972972972974, "reusita": 97.83783783783784, "cnt": 185}, "GENERAL": {"medie": 6.795355191256826, "reusita": 78.37837837837837, "cnt": 185}, "GEOGRAFIE": {"medie": 7.64208860759494, "reusita": 97.48427672955975, "cnt": 159}, "MATEMATICA TEHN": {"medie": 6.316032608695653, "reusita": 89.72972972972974, "cnt": 185}, "LOGICA, ARGUMENTARE SI COMUNICARE": {"medie": 8.549999999999999, "reusita": 100.0, "cnt": 12}, "PSIHOLOGIE": {"medie": 7.609999999999999, "reusita": 100.0, "cnt": 5}, "ECONOMIE": {"medie": 6.211111111111111, "reusita": 77.77777777777779, "cnt": 9}}, "nume": "COLEGIUL NATIONAL ECONOMIC \"ANDREI BARSEANU\" BRASOV\tBra\u0219ov"}