{"specializari": {"FILOLOGIE": 76, "MATEMATICA-INFORMATICA": 107, "STIINTE ALE NATURII": 36, "STIINTE SOCIALE": 33}, "limba_moderna": {"LIMBA ITALIANA": 18, "LIMBA ENGLEZA": 228, "LIMBA FRANCEZA": 3, "LIMBA GERMANA MODERNA": 3}, "limba_materna": {"LIMBA ROMANA": 252}, "promotie_anterioara": {"DA": 19, "NU": 233}, "materii": {"LIMBA ROMANA": {"medie": 7.73971774193548, "reusita": 97.61904761904762, "cnt": 252}, "MATEMATICA ST-NAT": {"medie": 8.325, "reusita": 97.22222222222221, "cnt": 36}, "ANATOMIE SI FIZIOLOGIE UMANA, GENETICA SI ECOLOGIE UMANA": {"medie": 7.920999999999998, "reusita": 94.23076923076923, "cnt": 52}, "GENERAL": {"medie": 7.850877192982454, "reusita": 88.88888888888889, "cnt": 252}, "MATEMATICA MATE-INFO": {"medie": 7.474761904761903, "reusita": 93.45794392523365, "cnt": 107}, "ISTORIE": {"medie": 7.668867924528304, "reusita": 95.41284403669725, "cnt": 109}, "GEOGRAFIE": {"medie": 8.067241379310342, "reusita": 96.55172413793103, "cnt": 29}, "SOCIOLOGIE": {"medie": 8.552777777777779, "reusita": 100.0, "cnt": 18}, "LOGICA, ARGUMENTARE SI COMUNICARE": {"medie": 8.258510638297873, "reusita": 91.83673469387756, "cnt": 49}, "PSIHOLOGIE": {"medie": 8.80909090909091, "reusita": 100.0, "cnt": 11}, "FIZICA TEO": {"medie": 8.339999999999996, "reusita": 100.0, "cnt": 45}, "CHIMIE ORGANICA TEO NIVEL I/II": {"medie": 8.34375, "reusita": 100.0, "cnt": 8}, "INFORMATICA MI C/C++": {"medie": 7.511842105263158, "reusita": 97.36842105263158, "cnt": 38}, "ECONOMIE": {"medie": 7.65, "reusita": 100.0, "cnt": 2}}, "nume": "COLEGIUL NATIONAL \"ION NECULCE\"\tBucure\u0219ti"}