{"specializari": {"TEHNICIAN IN CONSTRUCTII SI LUCRARI PUBLICE": 5, "TEHNICIAN IN INDUSTRIA TEXTILA": 2, "TEHNICIAN MECANIC PENTRU INTRETINERE SI REPARATII": 6, "TEHNICIAN ELECTROTEHNIST": 29, "TEHNICIAN DESIGNER VESTIMENTAR": 2, "TEHNICIAN PROIECTANT CAD": 10, "TEHNICIAN OPERATOR TEHNICA DE CALCUL": 28, "TEHNICIAN IN ACTIVITATI ECONOMICE": 28, "LICEU CU PROGRAM SPORTIV": 11}, "limba_moderna": {"LIMBA FRANCEZA": 10, "LIMBA ENGLEZA": 111}, "limba_materna": {"LIMBA ROMANA": 121}, "promotie_anterioara": {"DA": 24, "NU": 97}, "materii": {"LIMBA ROMANA": {"medie": 5.941363636363635, "reusita": 76.03305785123968, "cnt": 121}, "GENERAL": {"medie": 5.895283018867925, "reusita": 43.80165289256198, "cnt": 121}, "BIOLOGIE VEGETALA SI ANIMALA": {"medie": 4.937777777777778, "reusita": 46.42857142857143, "cnt": 56}, "ISTORIE": {"medie": 6.127777777777777, "reusita": 72.72727272727273, "cnt": 11}, "GEOGRAFIE": {"medie": 7.235416666666665, "reusita": 91.66666666666666, "cnt": 24}, "MATEMATICA TEHN": {"medie": 5.334848484848485, "reusita": 60.0, "cnt": 110}, "FIZICA TEH": {"medie": 7.302083333333335, "reusita": 84.0, "cnt": 25}, "LOGICA, ARGUMENTARE SI COMUNICARE": {"medie": 6.871428571428571, "reusita": 71.42857142857143, "cnt": 14}, "CHIMIE ANORGANICA TEH NIVEL I/II": {"medie": 3.7, "reusita": 0.0, "cnt": 1}, "PSIHOLOGIE": {"medie": 7.4, "reusita": 100.0, "cnt": 1}}, "nume": "COLEGIUL TEHNIC \"VICTOR UNGUREANU\" CAMPIA TURZII\tCluj"}