{"specializari": {"MATEMATICA-INFORMATICA": 117, "STIINTE ALE NATURII": 63, "FILOLOGIE": 55, "STIINTE SOCIALE": 63}, "limba_moderna": {"LIMBA ENGLEZA": 285, "LIMBA FRANCEZA": 13}, "limba_materna": {"LIMBA ROMANA": 298}, "promotie_anterioara": {"DA": 1, "NU": 297}, "materii": {"LIMBA ROMANA": {"medie": 8.75234899328859, "reusita": 100.0, "cnt": 298}, "MATEMATICA ST-NAT": {"medie": 8.783333333333333, "reusita": 100.0, "cnt": 63}, "ANATOMIE SI FIZIOLOGIE UMANA, GENETICA SI ECOLOGIE UMANA": {"medie": 9.209999999999999, "reusita": 100.0, "cnt": 5}, "GENERAL": {"medie": 8.955648769574944, "reusita": 100.0, "cnt": 298}, "MATEMATICA MATE-INFO": {"medie": 9.023931623931624, "reusita": 100.0, "cnt": 117}, "BIOLOGIE VEGETALA SI ANIMALA": {"medie": 8.695833333333335, "reusita": 100.0, "cnt": 12}, "ISTORIE": {"medie": 9.240677966101696, "reusita": 100.0, "cnt": 118}, "GEOGRAFIE": {"medie": 9.258999999999999, "reusita": 100.0, "cnt": 50}, "SOCIOLOGIE": {"medie": 9.171428571428573, "reusita": 100.0, "cnt": 7}, "LOGICA, ARGUMENTARE SI COMUNICARE": {"medie": 9.311428571428571, "reusita": 100.0, "cnt": 35}, "PSIHOLOGIE": {"medie": 9.319999999999999, "reusita": 100.0, "cnt": 5}, "FILOSOFIE": {"medie": 9.8, "reusita": 100.0, "cnt": 2}, "FIZICA TEO": {"medie": 9.035897435897432, "reusita": 100.0, "cnt": 78}, "CHIMIE ORGANICA TEO NIVEL I/II": {"medie": 8.810135135135136, "reusita": 100.0, "cnt": 74}, "INFORMATICA MI C/C++": {"medie": 8.985, "reusita": 100.0, "cnt": 10}, "ECONOMIE": {"medie": 9.21578947368421, "reusita": 100.0, "cnt": 19}, "INFORMATICA SN C/C++": {"medie": 7.25, "reusita": 100.0, "cnt": 1}}, "nume": "COLEGIUL NATIONAL \"B. P. HASDEU\" MUNICIPIUL BUZAU\tBuz\u0103u"}