{"specializari": {"MATEMATICA-INFORMATICA": 66, "TEHNICIAN MECATRONIST": 53, "TEHNICIAN MECANIC PENTRU INTRETINERE SI REPARATII": 12, "STIINTE ALE NATURII": 51, "TEHNICIAN IN AUTOMATIZARI": 33, "TEHNICIAN DE TELECOMUNICATII": 29, "FILOLOGIE": 28, "TEHNICIAN PROIECTANT CAD": 20}, "limba_moderna": {"LIMBA ENGLEZA": 275, "LIMBA FRANCEZA": 17}, "limba_materna": {"LIMBA ROMANA": 292}, "promotie_anterioara": {"DA": 32, "NU": 260}, "materii": {"LIMBA ROMANA": {"medie": 6.916021126760561, "reusita": 93.83561643835617, "cnt": 292}, "MATEMATICA ST-NAT": {"medie": 7.291176470588234, "reusita": 96.07843137254902, "cnt": 51}, "ANATOMIE SI FIZIOLOGIE UMANA, GENETICA SI ECOLOGIE UMANA": {"medie": 8.465384615384616, "reusita": 100.0, "cnt": 13}, "GENERAL": {"medie": 6.633694344163655, "reusita": 61.64383561643836, "cnt": 292}, "MATEMATICA MATE-INFO": {"medie": 6.46076923076923, "reusita": 87.87878787878788, "cnt": 66}, "BIOLOGIE VEGETALA SI ANIMALA": {"medie": 5.622137404580153, "reusita": 65.73426573426573, "cnt": 143}, "ISTORIE": {"medie": 7.91607142857143, "reusita": 100.0, "cnt": 28}, "GEOGRAFIE": {"medie": 8.9, "reusita": 100.0, "cnt": 1}, "MATEMATICA TEHN": {"medie": 5.69927536231884, "reusita": 72.10884353741497, "cnt": 147}, "FIZICA TEH": {"medie": 6.166000000000001, "reusita": 64.0, "cnt": 25}, "LOGICA, ARGUMENTARE SI COMUNICARE": {"medie": 8.463043478260872, "reusita": 95.83333333333334, "cnt": 24}, "CHIMIE ANORGANICA TEH NIVEL I/II": {"medie": 7.1, "reusita": 100.0, "cnt": 1}, "PSIHOLOGIE": {"medie": 8.350000000000001, "reusita": 100.0, "cnt": 3}, "INFORMATICA MI PASCAL": {"medie": 6.25625, "reusita": 87.5, "cnt": 8}, "FIZICA TEO": {"medie": 7.290909090909091, "reusita": 86.36363636363636, "cnt": 22}, "CHIMIE ORGANICA TEO NIVEL I/II": {"medie": 7.489705882352942, "reusita": 97.05882352941177, "cnt": 34}, "INFORMATICA MI C/C++": {"medie": 7.975000000000001, "reusita": 100.0, "cnt": 10}, "CHIMIE ORGANICA TEH NIVEL I/II": {"medie": 3.9250000000000003, "reusita": 25.0, "cnt": 4}, "CHIMIE ANORGANICA TEO NIVEL I/II": {"medie": 7.125, "reusita": 100.0, "cnt": 4}}, "nume": "COLEGIUL \"SPIRU HARET\", MUNICIPIUL PLOIESTI\tPrahova"}