{"specializari": {"TEHNICIAN ECOLOG SI PROTECTIA CALITATII MEDIULUI": 3, "TEHNICIAN IN PRELUCRAREA LEMNULUI": 1, "TEHNICIAN ELECTROTEHNIST": 1, "TEHNICIAN IN GASTRONOMIE": 17, "TEHNICIAN IN INDUSTRIA ALIMENTARA": 1, "TEHNICIAN ANALIZE PRODUSE ALIMENTARE": 2, "TEHNICIAN IN ACTIVITATI ECONOMICE": 19, "TEHNICIAN PROIECTANT CAD": 2, "TEHNICIAN MECANIC PENTRU INTRETINERE SI REPARATII": 3}, "limba_moderna": {"LIMBA ENGLEZA": 47, "LIMBA GERMANA MODERNA": 2}, "limba_materna": {"LIMBA ROMANA": 49}, "promotie_anterioara": {"DA": 17, "NU": 32}, "materii": {"LIMBA ROMANA": {"medie": 5.6875, "reusita": 71.42857142857143, "cnt": 49}, "GENERAL": {"medie": 5.525490196078431, "reusita": 18.367346938775512, "cnt": 49}, "BIOLOGIE VEGETALA SI ANIMALA": {"medie": 5.4399999999999995, "reusita": 50.0, "cnt": 8}, "GEOGRAFIE": {"medie": 7.75, "reusita": 50.0, "cnt": 4}, "MATEMATICA TEHN": {"medie": 4.02638888888889, "reusita": 34.69387755102041, "cnt": 49}, "FIZICA TEH": {"medie": "-", "reusita": 0.0, "cnt": 1}, "LOGICA, ARGUMENTARE SI COMUNICARE": {"medie": 6.957692307692307, "reusita": 64.51612903225806, "cnt": 31}, "CHIMIE ANORGANICA TEH NIVEL I/II": {"medie": 5.0, "reusita": 50.0, "cnt": 4}, "PSIHOLOGIE": {"medie": 5.7, "reusita": 100.0, "cnt": 1}}, "nume": "COLEGIUL TEHNIC \"SIMION MEHEDINTI\" CODLEA\tBra\u0219ov"}