{"specializari": {"MATEMATICA-INFORMATICA": 52, "STIINTE ALE NATURII": 68, "STIINTE SOCIALE": 64}, "limba_moderna": {"LIMBA ENGLEZA": 171, "LIMBA FRANCEZA": 13}, "limba_materna": {"LIMBA ROMANA": 184}, "promotie_anterioara": {"NU": 184}, "materii": {"LIMBA ROMANA": {"medie": 8.828961748633875, "reusita": 99.45652173913044, "cnt": 184}, "MATEMATICA ST-NAT": {"medie": 8.775735294117647, "reusita": 100.0, "cnt": 68}, "ANATOMIE SI FIZIOLOGIE UMANA, GENETICA SI ECOLOGIE UMANA": {"medie": 9.173333333333334, "reusita": 100.0, "cnt": 30}, "GENERAL": {"medie": 9.027231329690352, "reusita": 99.45652173913044, "cnt": 184}, "MATEMATICA MATE-INFO": {"medie": 9.497115384615384, "reusita": 100.0, "cnt": 52}, "ISTORIE": {"medie": 8.83968253968254, "reusita": 98.4375, "cnt": 64}, "GEOGRAFIE": {"medie": 9.007142857142856, "reusita": 100.0, "cnt": 14}, "SOCIOLOGIE": {"medie": 10.0, "reusita": 100.0, "cnt": 1}, "LOGICA, ARGUMENTARE SI COMUNICARE": {"medie": 9.487499999999999, "reusita": 97.77777777777777, "cnt": 45}, "PSIHOLOGIE": {"medie": 9.4, "reusita": 100.0, "cnt": 1}, "FILOSOFIE": {"medie": 10.0, "reusita": 100.0, "cnt": 1}, "FIZICA TEO": {"medie": 8.898333333333333, "reusita": 100.0, "cnt": 30}, "CHIMIE ORGANICA TEO NIVEL I/II": {"medie": 9.422857142857142, "reusita": 100.0, "cnt": 35}, "INFORMATICA MI C/C++": {"medie": 9.340909090909092, "reusita": 100.0, "cnt": 22}, "ECONOMIE": {"medie": 8.85, "reusita": 100.0, "cnt": 2}, "INFORMATICA SN C/C++": {"medie": 8.216666666666667, "reusita": 100.0, "cnt": 3}}, "nume": "COLEGIUL NATIONAL \"PETRU RARES\", MUNICIPIUL PIATRA-NEAMT\tNeam\u021b"}