{"specializari": {"STIINTE SOCIALE": 41, "STIINTE ALE NATURII": 50, "TEHNICIAN IN ACTIVITATI ECONOMICE": 24, "FILOLOGIE": 31, "MATEMATICA-INFORMATICA": 27}, "limba_moderna": {"LIMBA ENGLEZA": 151, "LIMBA FRANCEZA": 22}, "limba_materna": {"LIMBA ROMANA": 173}, "promotie_anterioara": {"DA": 16, "NU": 157}, "materii": {"LIMBA ROMANA": {"medie": 7.916176470588232, "reusita": 93.64161849710982, "cnt": 173}, "MATEMATICA ST-NAT": {"medie": 6.592708333333331, "reusita": 86.0, "cnt": 50}, "ANATOMIE SI FIZIOLOGIE UMANA, GENETICA SI ECOLOGIE UMANA": {"medie": 7.393478260869566, "reusita": 95.83333333333334, "cnt": 48}, "GENERAL": {"medie": 7.9297058823529385, "reusita": 84.97109826589595, "cnt": 173}, "MATEMATICA MATE-INFO": {"medie": 9.442592592592591, "reusita": 100.0, "cnt": 27}, "ISTORIE": {"medie": 7.388194444444443, "reusita": 97.22222222222221, "cnt": 72}, "GEOGRAFIE": {"medie": 8.901111111111112, "reusita": 100.0, "cnt": 45}, "MATEMATICA TEHN": {"medie": 7.283333333333334, "reusita": 87.5, "cnt": 24}, "SOCIOLOGIE": {"medie": 8.541304347826088, "reusita": 97.82608695652173, "cnt": 46}, "LOGICA, ARGUMENTARE SI COMUNICARE": {"medie": 10.0, "reusita": 100.0, "cnt": 1}, "PSIHOLOGIE": {"medie": 9.45, "reusita": 100.0, "cnt": 4}, "FIZICA TEO": {"medie": 9.15, "reusita": 100.0, "cnt": 1}, "INFORMATICA MI C/C++": {"medie": 8.572222222222221, "reusita": 100.0, "cnt": 27}, "CHIMIE ANORGANICA TEO NIVEL I/II": {"medie": 9.4, "reusita": 100.0, "cnt": 1}}, "nume": "COLEGIUL NATIONAL \"PETRU RARES\" BECLEAN\tBistri\u021ba-N\u0103s\u0103ud"}