{"specializari": {"STIINTE SOCIALE": 32, "MATEMATICA-INFORMATICA": 55, "STIINTE ALE NATURII": 82, "FILOLOGIE": 25}, "limba_moderna": {"LIMBA ENGLEZA": 181, "LIMBA FRANCEZA": 12, "LIMBA GERMANA MODERNA": 1}, "limba_materna": {"LIMBA ROMANA": 194}, "promotie_anterioara": {"DA": 1, "NU": 193}, "materii": {"LIMBA ROMANA": {"medie": 8.311082474226804, "reusita": 97.9381443298969, "cnt": 194}, "MATEMATICA ST-NAT": {"medie": 7.803658536585366, "reusita": 98.78048780487805, "cnt": 82}, "ANATOMIE SI FIZIOLOGIE UMANA, GENETICA SI ECOLOGIE UMANA": {"medie": 8.886206896551725, "reusita": 100.0, "cnt": 58}, "GENERAL": {"medie": 8.337027491408936, "reusita": 96.90721649484536, "cnt": 194}, "MATEMATICA MATE-INFO": {"medie": 8.789999999999997, "reusita": 100.0, "cnt": 55}, "BIOLOGIE VEGETALA SI ANIMALA": {"medie": 8.225000000000001, "reusita": 100.0, "cnt": 6}, "ISTORIE": {"medie": 7.5429824561403525, "reusita": 100.0, "cnt": 57}, "GEOGRAFIE": {"medie": 8.281249999999998, "reusita": 100.0, "cnt": 40}, "LOGICA, ARGUMENTARE SI COMUNICARE": {"medie": 8.641666666666666, "reusita": 100.0, "cnt": 6}, "PSIHOLOGIE": {"medie": 8.528571428571428, "reusita": 100.0, "cnt": 7}, "INFORMATICA MI PASCAL": {"medie": 8.910526315789474, "reusita": 100.0, "cnt": 19}, "FIZICA TEO": {"medie": 9.8125, "reusita": 100.0, "cnt": 4}, "CHIMIE ORGANICA TEO NIVEL I/II": {"medie": 8.484615384615385, "reusita": 100.0, "cnt": 13}, "INFORMATICA MI C/C++": {"medie": 8.992857142857146, "reusita": 100.0, "cnt": 21}, "CHIMIE ANORGANICA TEO NIVEL I/II": {"medie": 8.858333333333333, "reusita": 100.0, "cnt": 6}, "ECONOMIE": {"medie": 7.7, "reusita": 100.0, "cnt": 4}, "INFORMATICA SN C/C++": {"medie": 8.73, "reusita": 100.0, "cnt": 10}}, "nume": "COLEGIUL NATIONAL \"MIHAI EMINESCU\" SATU MARE\tSatu-Mare"}