{"specializari": {"TEHNICIAN IN TURISM": 1, "FILOLOGIE": 68, "STIINTE ALE NATURII": 16, "MATEMATICA-INFORMATICA": 25}, "limba_moderna": {"LIMBA ENGLEZA": 107, "LIMBA FRANCEZA": 3}, "limba_materna": {"LIMBA ROMANA": 110}, "promotie_anterioara": {"DA": 11, "NU": 99}, "materii": {"LIMBA ROMANA": {"medie": 6.716355140186914, "reusita": 81.81818181818183, "cnt": 110}, "MATEMATICA ST-NAT": {"medie": 4.357142857142858, "reusita": 43.75, "cnt": 16}, "ANATOMIE SI FIZIOLOGIE UMANA, GENETICA SI ECOLOGIE UMANA": {"medie": 7.009090909090909, "reusita": 66.66666666666666, "cnt": 12}, "GENERAL": {"medie": 6.990705128205125, "reusita": 67.27272727272727, "cnt": 110}, "MATEMATICA MATE-INFO": {"medie": 7.870000000000001, "reusita": 96.0, "cnt": 25}, "BIOLOGIE VEGETALA SI ANIMALA": {"medie": 5.775, "reusita": 54.54545454545454, "cnt": 11}, "ISTORIE": {"medie": 7.099253731343282, "reusita": 94.11764705882352, "cnt": 68}, "GEOGRAFIE": {"medie": 7.653658536585367, "reusita": 84.0909090909091, "cnt": 44}, "MATEMATICA TEHN": {"medie": 1.0, "reusita": 0.0, "cnt": 1}, "PSIHOLOGIE": {"medie": 7.218749999999999, "reusita": 95.83333333333334, "cnt": 24}, "FILOSOFIE": {"medie": 7.6, "reusita": 100.0, "cnt": 1}, "INFORMATICA MI C/C++": {"medie": 7.216666666666667, "reusita": 88.88888888888889, "cnt": 18}}, "nume": "COLEGIUL NATIONAL \"AVRAM IANCU\" STEI\tBihor"}