{"specializari": {"FILOLOGIE": 57, "INVATATOR - EDUCATOARE": 54, "MATEMATICA-INFORMATICA": 28}, "limba_moderna": {"LIMBA ENGLEZA": 119, "LIMBA FRANCEZA": 3, "LIMBA GERMANA MODERNA": 3, "LIMBA SPANIOLA": 14}, "limba_materna": {"LIMBA ROMANA": 139}, "promotie_anterioara": {"DA": 1, "NU": 138}, "materii": {"LIMBA ROMANA": {"medie": 8.246043165467624, "reusita": 100.0, "cnt": 139}, "ANATOMIE SI FIZIOLOGIE UMANA, GENETICA SI ECOLOGIE UMANA": {"medie": 9.07, "reusita": 100.0, "cnt": 5}, "GENERAL": {"medie": 8.59388489208633, "reusita": 97.12230215827337, "cnt": 139}, "MATEMATICA MATE-INFO": {"medie": 9.151785714285714, "reusita": 100.0, "cnt": 28}, "ISTORIE": {"medie": 7.949122807017544, "reusita": 100.0, "cnt": 57}, "GEOGRAFIE": {"medie": 7.711111111111112, "reusita": 100.0, "cnt": 9}, "MATEMATICA PED": {"medie": 8.876851851851855, "reusita": 100.0, "cnt": 54}, "LOGICA, ARGUMENTARE SI COMUNICARE": {"medie": 9.142307692307693, "reusita": 100.0, "cnt": 91}, "PSIHOLOGIE": {"medie": 9.049999999999999, "reusita": 100.0, "cnt": 10}, "FIZICA TEO": {"medie": 8.912499999999998, "reusita": 100.0, "cnt": 20}, "INFORMATICA MI C/C++": {"medie": 7.8999999999999995, "reusita": 100.0, "cnt": 3}, "ECONOMIE": {"medie": 9.6, "reusita": 100.0, "cnt": 1}}, "nume": "COLEGIUL NATIONAL PEDAGOGIC \"REGINA MARIA\", MUNICIPIUL PLOIESTI\tPrahova"}