{"specializari": {"ARHITECTURA, ARTE AMBIENTALE SI DESIGN": 33, "COREGRAFIE": 18, "MUZICA": 20, "ARTE PLASTICE SI DECORATIVE": 33}, "limba_moderna": {"LIMBA ENGLEZA": 104}, "limba_materna": {"LIMBA ROMANA": 104}, "promotie_anterioara": {"DA": 2, "NU": 102}, "materii": {"LIMBA ROMANA": {"medie": 7.548484848484847, "reusita": 91.34615384615384, "cnt": 104}, "GENERAL": {"medie": 7.752693602693605, "reusita": 85.57692307692307, "cnt": 104}, "ISTORIE": {"medie": 7.213636363636364, "reusita": 90.38461538461539, "cnt": 104}, "GEOGRAFIE": {"medie": 8.575471698113208, "reusita": 96.36363636363636, "cnt": 55}, "LOGICA, ARGUMENTARE SI COMUNICARE": {"medie": 8.660526315789474, "reusita": 90.0, "cnt": 40}, "PSIHOLOGIE": {"medie": 7.550000000000001, "reusita": 100.0, "cnt": 8}, "ECONOMIE": {"medie": 3.4, "reusita": 0.0, "cnt": 1}}, "nume": "COLEGIUL NATIONAL DE ARTE \"REGINA MARIA\" CONSTANTA\tConstan\u021ba"}