{"specializari": {"TEHNICIAN PROIECTANT CAD": 3, "MATEMATICA-INFORMATICA": 4, "TEHNICIAN DESIGNER VESTIMENTAR": 16, "TEHNICIAN IN INDUSTRIA TEXTILA": 1, "STIINTE ALE NATURII": 15}, "limba_moderna": {"LIMBA ENGLEZA": 36, "LIMBA FRANCEZA": 3}, "limba_materna": {"LIMBA ROMANA": 39}, "promotie_anterioara": {"DA": 18, "NU": 21}, "materii": {"LIMBA ROMANA": {"medie": 6.020810810810812, "reusita": 82.05128205128204, "cnt": 39}, "MATEMATICA ST-NAT": {"medie": 6.760000000000001, "reusita": 86.66666666666667, "cnt": 15}, "ANATOMIE SI FIZIOLOGIE UMANA, GENETICA SI ECOLOGIE UMANA": {"medie": 7.708333333333335, "reusita": 100.0, "cnt": 12}, "GENERAL": {"medie": 5.833030303030304, "reusita": 35.8974358974359, "cnt": 39}, "MATEMATICA MATE-INFO": {"medie": 5.733333333333333, "reusita": 75.0, "cnt": 4}, "BIOLOGIE VEGETALA SI ANIMALA": {"medie": 4.502777777777777, "reusita": 31.818181818181817, "cnt": 22}, "MATEMATICA TEHN": {"medie": 3.919444444444445, "reusita": 50.0, "cnt": 20}, "FIZICA TEH": {"medie": 6.4, "reusita": 50.0, "cnt": 2}, "CHIMIE ORGANICA TEO NIVEL I/II": {"medie": 8.7, "reusita": 100.0, "cnt": 1}, "CHIMIE ANORGANICA TEO NIVEL I/II": {"medie": 6.6, "reusita": 100.0, "cnt": 2}}, "nume": "COLEGIUL TEHNIC \"GHEORGHE ASACHI\"\tBucure\u0219ti"}