{"specializari": {"STIINTE ALE NATURII": 39, "FILOLOGIE": 68, "MATEMATICA-INFORMATICA": 55, "STIINTE SOCIALE": 38}, "limba_moderna": {"LIMBA ENGLEZA": 182, "LIMBA FRANCEZA": 18}, "limba_materna": {"LIMBA ROMANA": 200}, "promotie_anterioara": {"DA": 25, "NU": 175}, "materii": {"LIMBA ROMANA": {"medie": 7.154188481675393, "reusita": 89.0, "cnt": 200}, "MATEMATICA ST-NAT": {"medie": 5.006756756756757, "reusita": 64.1025641025641, "cnt": 39}, "ANATOMIE SI FIZIOLOGIE UMANA, GENETICA SI ECOLOGIE UMANA": {"medie": 5.65925925925926, "reusita": 56.25, "cnt": 32}, "GENERAL": {"medie": 7.304234234234239, "reusita": 76.0, "cnt": 200}, "MATEMATICA MATE-INFO": {"medie": 7.385185185185184, "reusita": 92.72727272727272, "cnt": 55}, "ISTORIE": {"medie": 7.297524752475249, "reusita": 94.33962264150944, "cnt": 106}, "GEOGRAFIE": {"medie": 7.881818181818182, "reusita": 81.81818181818183, "cnt": 11}, "SOCIOLOGIE": {"medie": 7.8500000000000005, "reusita": 75.0, "cnt": 4}, "LOGICA, ARGUMENTARE SI COMUNICARE": {"medie": 8.160119047619046, "reusita": 90.9090909090909, "cnt": 88}, "PSIHOLOGIE": {"medie": 9.283333333333333, "reusita": 100.0, "cnt": 3}, "FIZICA TEO": {"medie": 7.985999999999999, "reusita": 92.0, "cnt": 25}, "CHIMIE ORGANICA TEO NIVEL I/II": {"medie": 8.267391304347827, "reusita": 100.0, "cnt": 23}, "INFORMATICA MI C/C++": {"medie": 6.4375, "reusita": 100.0, "cnt": 4}, "CHIMIE ANORGANICA TEO NIVEL I/II": {"medie": 7.950000000000001, "reusita": 70.0, "cnt": 10}}, "nume": "COLEGIUL NATIONAL \"ION LUCA CARAGIALE\" MORENI\tD\u00e2mbovi\u021ba"}