{"specializari": {"FILOLOGIE": 25, "MATEMATICA-INFORMATICA": 58, "STIINTE ALE NATURII": 90}, "limba_moderna": {"LIMBA ENGLEZA": 149, "LIMBA FRANCEZA": 11, "LIMBA GERMANA MODERNA": 13}, "limba_materna": {"LIMBA ROMANA": 173}, "promotie_anterioara": {"NU": 173}, "materii": {"LIMBA ROMANA": {"medie": 9.008670520231213, "reusita": 100.0, "cnt": 173}, "MATEMATICA ST-NAT": {"medie": 8.668333333333335, "reusita": 100.0, "cnt": 90}, "ANATOMIE SI FIZIOLOGIE UMANA, GENETICA SI ECOLOGIE UMANA": {"medie": 9.264615384615388, "reusita": 100.0, "cnt": 65}, "GENERAL": {"medie": 8.968689788053949, "reusita": 100.0, "cnt": 173}, "MATEMATICA MATE-INFO": {"medie": 8.76551724137931, "reusita": 100.0, "cnt": 58}, "BIOLOGIE VEGETALA SI ANIMALA": {"medie": 9.399999999999999, "reusita": 100.0, "cnt": 4}, "ISTORIE": {"medie": 9.097999999999999, "reusita": 100.0, "cnt": 25}, "LOGICA, ARGUMENTARE SI COMUNICARE": {"medie": 9.333333333333336, "reusita": 100.0, "cnt": 24}, "PSIHOLOGIE": {"medie": 9.4, "reusita": 100.0, "cnt": 1}, "FIZICA TEO": {"medie": 9.166666666666666, "reusita": 100.0, "cnt": 6}, "CHIMIE ORGANICA TEO NIVEL I/II": {"medie": 9.131428571428572, "reusita": 100.0, "cnt": 35}, "INFORMATICA MI C/C++": {"medie": 8.615, "reusita": 100.0, "cnt": 30}, "CHIMIE ANORGANICA TEO NIVEL I/II": {"medie": 9.337499999999999, "reusita": 100.0, "cnt": 4}, "INFORMATICA SN C/C++": {"medie": 9.1625, "reusita": 100.0, "cnt": 4}}, "nume": "COLEGIUL NATIONAL \"DR. IOAN MESOTA\" BRASOV\tBra\u0219ov"}