{"specializari": {"STIINTE ALE NATURII": 113, "FILOLOGIE": 27, "MATEMATICA-INFORMATICA": 21, "STIINTE SOCIALE": 31}, "limba_moderna": {"LIMBA ENGLEZA": 190, "LIMBA FRANCEZA": 2}, "limba_materna": {"LIMBA ROMANA": 192}, "promotie_anterioara": {"DA": 31, "NU": 161}, "materii": {"LIMBA ROMANA": {"medie": 7.406315789473685, "reusita": 98.4375, "cnt": 192}, "MATEMATICA ST-NAT": {"medie": 7.204017857142857, "reusita": 95.57522123893806, "cnt": 113}, "ANATOMIE SI FIZIOLOGIE UMANA, GENETICA SI ECOLOGIE UMANA": {"medie": 8.392473118279566, "reusita": 96.84210526315789, "cnt": 95}, "GENERAL": {"medie": 7.562923351158647, "reusita": 89.58333333333334, "cnt": 192}, "MATEMATICA MATE-INFO": {"medie": 7.25, "reusita": 95.23809523809523, "cnt": 21}, "BIOLOGIE VEGETALA SI ANIMALA": {"medie": 4.875, "reusita": 50.0, "cnt": 4}, "ISTORIE": {"medie": 7.286206896551726, "reusita": 100.0, "cnt": 58}, "GEOGRAFIE": {"medie": 7.917105263157894, "reusita": 94.87179487179486, "cnt": 39}, "SOCIOLOGIE": {"medie": 8.177777777777779, "reusita": 100.0, "cnt": 9}, "LOGICA, ARGUMENTARE SI COMUNICARE": {"medie": 9.129999999999999, "reusita": 100.0, "cnt": 5}, "PSIHOLOGIE": {"medie": 6.85, "reusita": 100.0, "cnt": 1}, "FIZICA TEO": {"medie": 6.754166666666666, "reusita": 91.66666666666666, "cnt": 12}, "CHIMIE ORGANICA TEO NIVEL I/II": {"medie": 7.555, "reusita": 100.0, "cnt": 10}, "INFORMATICA MI C/C++": {"medie": 7.25, "reusita": 100.0, "cnt": 3}, "CHIMIE ANORGANICA TEO NIVEL I/II": {"medie": 6.5550000000000015, "reusita": 90.0, "cnt": 10}, "ECONOMIE": {"medie": 8.299999999999999, "reusita": 100.0, "cnt": 4}}, "nume": "COLEGIUL NATIONAL \"VICTOR BABES\"\tBucure\u0219ti"}