{"specializari": {"STIINTE ALE NATURII": 61, "MATEMATICA-INFORMATICA": 56, "LICEU CU PROGRAM SPORTIV": 32, "STIINTE SOCIALE": 36, "FILOLOGIE": 34}, "limba_moderna": {"LIMBA FRANCEZA": 21, "LIMBA ENGLEZA": 198}, "limba_materna": {"LIMBA ROMANA": 219}, "promotie_anterioara": {"DA": 8, "NU": 211}, "materii": {"LIMBA ROMANA": {"medie": 7.418807339449548, "reusita": 97.71689497716895, "cnt": 219}, "MATEMATICA ST-NAT": {"medie": 7.130327868852459, "reusita": 95.08196721311475, "cnt": 61}, "ANATOMIE SI FIZIOLOGIE UMANA, GENETICA SI ECOLOGIE UMANA": {"medie": 8.000595238095238, "reusita": 94.25287356321839, "cnt": 87}, "GENERAL": {"medie": 7.519457364341091, "reusita": 88.12785388127854, "cnt": 219}, "MATEMATICA MATE-INFO": {"medie": 6.296363636363636, "reusita": 85.71428571428571, "cnt": 56}, "ISTORIE": {"medie": 7.555445544554455, "reusita": 99.01960784313727, "cnt": 102}, "GEOGRAFIE": {"medie": 8.325, "reusita": 95.23809523809523, "cnt": 21}, "SOCIOLOGIE": {"medie": 8.625, "reusita": 100.0, "cnt": 6}, "LOGICA, ARGUMENTARE SI COMUNICARE": {"medie": 8.35774647887324, "reusita": 92.95774647887323, "cnt": 71}, "PSIHOLOGIE": {"medie": 9.4, "reusita": 100.0, "cnt": 2}, "FILOSOFIE": {"medie": 8.0, "reusita": 100.0, "cnt": 1}, "FIZICA TEO": {"medie": 6.310714285714285, "reusita": 92.85714285714286, "cnt": 14}, "INFORMATICA MI C/C++": {"medie": 6.696666666666667, "reusita": 93.33333333333333, "cnt": 15}, "ECONOMIE": {"medie": 5.6, "reusita": 100.0, "cnt": 1}, "INFORMATICA SN C/C++": {"medie": 6.3, "reusita": 100.0, "cnt": 1}}, "nume": "COLEGIUL NATIONAL \"NICOLAE TITULESCU\" CRAIOVA\tDolj"}