{"specializari": {"TEHNICIAN IN ACTIVITATI ECONOMICE": 120, "TEHNICIAN IN ACHIZITII SI CONTRACTARI": 27, "TEHNICIAN IN HOTELARIE": 1, "TEHNICIAN IN ACTIVITATI DE COMERT": 33, "TEHNICIAN IN ADMINISTRATIE": 30, "TEHNICIAN IN TURISM": 30, "ORGANIZATOR BANQUETING": 25}, "limba_moderna": {"LIMBA ENGLEZA": 255, "LIMBA FRANCEZA": 11}, "limba_materna": {"LIMBA ROMANA": 266}, "promotie_anterioara": {"DA": 9, "NU": 257}, "materii": {"LIMBA ROMANA": {"medie": 7.898288973384034, "reusita": 96.61654135338345, "cnt": 266}, "GENERAL": {"medie": 7.759781209781205, "reusita": 84.21052631578947, "cnt": 266}, "GEOGRAFIE": {"medie": 8.580905511811023, "reusita": 96.91119691119691, "cnt": 259}, "MATEMATICA TEHN": {"medie": 6.751335877862591, "reusita": 88.34586466165413, "cnt": 266}, "LOGICA, ARGUMENTARE SI COMUNICARE": {"medie": 9.399999999999999, "reusita": 100.0, "cnt": 2}, "ECONOMIE": {"medie": 6.82, "reusita": 100.0, "cnt": 5}}, "nume": "COLEGIUL ECONOMIC \"ION GHICA\" TARGOVISTE\tD\u00e2mbovi\u021ba"}