{"specializari": {"FILOLOGIE": 16, "MATEMATICA-INFORMATICA": 17}, "limba_moderna": {"LIMBA ENGLEZA": 33}, "limba_materna": {"LIMBA ROMANA": 33}, "promotie_anterioara": {"NU": 33}, "materii": {"LIMBA ROMANA": {"medie": 8.446969696969699, "reusita": 100.0, "cnt": 33}, "ANATOMIE SI FIZIOLOGIE UMANA, GENETICA SI ECOLOGIE UMANA": {"medie": 8.244444444444447, "reusita": 100.0, "cnt": 9}, "GENERAL": {"medie": 8.39040404040404, "reusita": 100.0, "cnt": 33}, "MATEMATICA MATE-INFO": {"medie": 7.3617647058823525, "reusita": 100.0, "cnt": 17}, "ISTORIE": {"medie": 8.615625, "reusita": 100.0, "cnt": 16}, "GEOGRAFIE": {"medie": 9.568181818181818, "reusita": 100.0, "cnt": 11}, "LOGICA, ARGUMENTARE SI COMUNICARE": {"medie": 7.889999999999999, "reusita": 100.0, "cnt": 5}, "FIZICA TEO": {"medie": 8.65, "reusita": 100.0, "cnt": 2}, "INFORMATICA MI C/C++": {"medie": 8.783333333333331, "reusita": 100.0, "cnt": 6}}, "nume": "COLEGIUL \"RICHARD WURMBRAND\", IASI\tIa\u0219i"}