{"specializari": {"STIINTE ALE NATURII": 69, "MATEMATICA-INFORMATICA": 56, "FILOLOGIE": 32}, "limba_moderna": {"LIMBA ENGLEZA": 128, "LIMBA FRANCEZA": 24, "LIMBA GERMANA MODERNA": 5}, "limba_materna": {"LIMBA ROMANA": 150, "LIMBA GERMANA": 7}, "promotie_anterioara": {"DA": 2, "NU": 155}, "materii": {"LIMBA ROMANA": {"medie": 8.896815286624202, "reusita": 99.36305732484077, "cnt": 157}, "MATEMATICA ST-NAT": {"medie": 8.925362318840579, "reusita": 98.55072463768117, "cnt": 69}, "ANATOMIE SI FIZIOLOGIE UMANA, GENETICA SI ECOLOGIE UMANA": {"medie": 9.239864864864863, "reusita": 100.0, "cnt": 74}, "GENERAL": {"medie": 9.052388535031854, "reusita": 98.72611464968153, "cnt": 157}, "MATEMATICA MATE-INFO": {"medie": 9.137499999999996, "reusita": 98.21428571428571, "cnt": 56}, "BIOLOGIE VEGETALA SI ANIMALA": {"medie": 6.15, "reusita": 100.0, "cnt": 1}, "ISTORIE": {"medie": 9.556249999999999, "reusita": 100.0, "cnt": 32}, "GEOGRAFIE": {"medie": 9.370454545454546, "reusita": 100.0, "cnt": 22}, "SOCIOLOGIE": {"medie": 9.84, "reusita": 100.0, "cnt": 5}, "PSIHOLOGIE": {"medie": 9.125, "reusita": 100.0, "cnt": 2}, "FILOSOFIE": {"medie": 9.683333333333334, "reusita": 100.0, "cnt": 3}, "FIZICA TEO": {"medie": 8.75, "reusita": 100.0, "cnt": 8}, "CHIMIE ORGANICA TEO NIVEL I/II": {"medie": 8.7625, "reusita": 100.0, "cnt": 4}, "INFORMATICA MI C/C++": {"medie": 9.112121212121213, "reusita": 100.0, "cnt": 33}, "CHIMIE ANORGANICA TEO NIVEL I/II": {"medie": 8.0, "reusita": 100.0, "cnt": 1}, "LIMBA GERMANA": {"medie": 8.078571428571427, "reusita": 100.0, "cnt": 7}, "INFORMATICA SN C/C++": {"medie": 7.6875, "reusita": 100.0, "cnt": 4}}, "nume": "COLEGIUL NATIONAL \"DECEBAL\" DEVA\tHunedoara"}