{"specializari": {"MATEMATICA-INFORMATICA": 62, "STIINTE SOCIALE": 32, "INVATATOR - EDUCATOARE": 25, "STIINTE ALE NATURII": 30, "FILOLOGIE": 59}, "limba_moderna": {"LIMBA ENGLEZA": 204, "LIMBA GERMANA MODERNA": 3, "LIMBA SPANIOLA": 1}, "limba_materna": {"LIMBA ROMANA": 208}, "promotie_anterioara": {"DA": 4, "NU": 204}, "materii": {"LIMBA ROMANA": {"medie": 7.607211538461541, "reusita": 99.51923076923077, "cnt": 208}, "MATEMATICA ST-NAT": {"medie": 7.623333333333334, "reusita": 100.0, "cnt": 30}, "ANATOMIE SI FIZIOLOGIE UMANA, GENETICA SI ECOLOGIE UMANA": {"medie": 8.250925925925927, "reusita": 96.29629629629629, "cnt": 54}, "GENERAL": {"medie": 7.803445512820517, "reusita": 93.75, "cnt": 208}, "MATEMATICA MATE-INFO": {"medie": 7.487903225806451, "reusita": 91.93548387096774, "cnt": 62}, "ISTORIE": {"medie": 7.5439560439560465, "reusita": 100.0, "cnt": 91}, "GEOGRAFIE": {"medie": 8.318918918918916, "reusita": 100.0, "cnt": 111}, "SOCIOLOGIE": {"medie": 8.7, "reusita": 100.0, "cnt": 1}, "MATEMATICA PED": {"medie": 6.79, "reusita": 100.0, "cnt": 25}, "LOGICA, ARGUMENTARE SI COMUNICARE": {"medie": 7.016666666666667, "reusita": 100.0, "cnt": 3}, "PSIHOLOGIE": {"medie": 7.8, "reusita": 100.0, "cnt": 1}, "CHIMIE ORGANICA TEO NIVEL I/II": {"medie": 9.225000000000001, "reusita": 100.0, "cnt": 2}, "INFORMATICA MI C/C++": {"medie": 8.691666666666668, "reusita": 100.0, "cnt": 36}}, "nume": "COLEGIUL NATIONAL \"IOAN SLAVICI\" SATU MARE\tSatu-Mare"}