{"specializari": {"MATEMATICA-INFORMATICA": 31, "STIINTE SOCIALE": 28, "STIINTE ALE NATURII": 17, "FILOLOGIE": 32}, "limba_moderna": {"LIMBA ENGLEZA": 106, "LIMBA FRANCEZA": 2}, "limba_materna": {"LIMBA ROMANA": 108}, "promotie_anterioara": {"DA": 7, "NU": 101}, "materii": {"LIMBA ROMANA": {"medie": 7.404807692307695, "reusita": 93.51851851851852, "cnt": 108}, "MATEMATICA ST-NAT": {"medie": 7.814705882352941, "reusita": 100.0, "cnt": 17}, "ANATOMIE SI FIZIOLOGIE UMANA, GENETICA SI ECOLOGIE UMANA": {"medie": 8.5975, "reusita": 100.0, "cnt": 20}, "GENERAL": {"medie": 7.907605177993524, "reusita": 86.11111111111111, "cnt": 108}, "MATEMATICA MATE-INFO": {"medie": 7.490322580645162, "reusita": 93.54838709677419, "cnt": 31}, "ISTORIE": {"medie": 8.10625, "reusita": 93.33333333333333, "cnt": 60}, "GEOGRAFIE": {"medie": 8.357843137254902, "reusita": 87.5, "cnt": 56}, "SOCIOLOGIE": {"medie": 8.8, "reusita": 100.0, "cnt": 1}, "LOGICA, ARGUMENTARE SI COMUNICARE": {"medie": 10.0, "reusita": 100.0, "cnt": 1}, "PSIHOLOGIE": {"medie": 9.7, "reusita": 100.0, "cnt": 1}, "INFORMATICA MI PASCAL": {"medie": 6.4, "reusita": 100.0, "cnt": 1}, "CHIMIE ORGANICA TEO NIVEL I/II": {"medie": 8.25, "reusita": 100.0, "cnt": 3}, "INFORMATICA MI C/C++": {"medie": 8.299999999999999, "reusita": 100.0, "cnt": 24}, "ECONOMIE": {"medie": 7.55, "reusita": 100.0, "cnt": 1}}, "nume": "COLEGIUL NATIONAL \"OCTAVIAN GOGA\" MIERCUREA CIUC\tHarghita"}