{"specializari": {"MATEMATICA-INFORMATICA": 113, "STIINTE ALE NATURII": 90, "FILOLOGIE": 30, "STIINTE SOCIALE": 33}, "limba_moderna": {"LIMBA ENGLEZA": 223, "LIMBA FRANCEZA": 32, "LIMBA SPANIOLA": 11}, "limba_materna": {"LIMBA ROMANA": 266}, "promotie_anterioara": {"DA": 5, "NU": 261}, "materii": {"LIMBA ROMANA": {"medie": 7.771132075471696, "reusita": 99.62406015037594, "cnt": 266}, "MATEMATICA ST-NAT": {"medie": 7.51, "reusita": 96.66666666666667, "cnt": 90}, "ANATOMIE SI FIZIOLOGIE UMANA, GENETICA SI ECOLOGIE UMANA": {"medie": 8.729411764705882, "reusita": 97.70114942528735, "cnt": 87}, "GENERAL": {"medie": 8.026869455006333, "reusita": 94.73684210526315, "cnt": 266}, "MATEMATICA MATE-INFO": {"medie": 7.6818584070796465, "reusita": 94.69026548672566, "cnt": 113}, "BIOLOGIE VEGETALA SI ANIMALA": {"medie": 8.79375, "reusita": 100.0, "cnt": 8}, "ISTORIE": {"medie": 7.573809523809524, "reusita": 100.0, "cnt": 63}, "GEOGRAFIE": {"medie": 9.20185185185185, "reusita": 100.0, "cnt": 27}, "SOCIOLOGIE": {"medie": 9.35, "reusita": 66.66666666666666, "cnt": 3}, "LOGICA, ARGUMENTARE SI COMUNICARE": {"medie": 8.93448275862069, "reusita": 100.0, "cnt": 29}, "PSIHOLOGIE": {"medie": 8.55, "reusita": 100.0, "cnt": 2}, "FIZICA TEO": {"medie": 8.065000000000001, "reusita": 100.0, "cnt": 40}, "CHIMIE ORGANICA TEO NIVEL I/II": {"medie": 9.010714285714286, "reusita": 100.0, "cnt": 14}, "INFORMATICA MI C/C++": {"medie": 8.567346938775508, "reusita": 100.0, "cnt": 49}, "ECONOMIE": {"medie": 8.175, "reusita": 100.0, "cnt": 2}, "INFORMATICA SN C/C++": {"medie": 7.82, "reusita": 100.0, "cnt": 5}}, "nume": "COLEGIUL NATIONAL \"ALEXANDRU ODOBESCU\" PITESTI\tArge\u0219"}