{"specializari": {"TEHNICIAN IN INDUSTRIA TEXTILA": 21, "TEHNICIAN TRANSPORTURI": 50, "TEHNICIAN MECATRONIST": 1, "FILOLOGIE": 102, "STIINTE ALE NATURII": 48, "MATEMATICA-INFORMATICA": 24}, "limba_moderna": {"LIMBA FRANCEZA": 36, "LIMBA ENGLEZA": 210}, "limba_materna": {"LIMBA ROMANA": 216, "LIMBA UCRAINEANA": 30}, "promotie_anterioara": {"DA": 30, "NU": 216}, "materii": {"LIMBA ROMANA": {"medie": 6.3162499999999975, "reusita": 67.07317073170732, "cnt": 246}, "MATEMATICA ST-NAT": {"medie": 7.129166666666666, "reusita": 87.5, "cnt": 48}, "ANATOMIE SI FIZIOLOGIE UMANA, GENETICA SI ECOLOGIE UMANA": {"medie": 7.9518181818181795, "reusita": 91.37931034482759, "cnt": 58}, "GENERAL": {"medie": 6.472994652406419, "reusita": 46.7479674796748, "cnt": 246}, "MATEMATICA MATE-INFO": {"medie": 4.187499999999999, "reusita": 33.33333333333333, "cnt": 24}, "BIOLOGIE VEGETALA SI ANIMALA": {"medie": 4.024999999999999, "reusita": 22.058823529411764, "cnt": 68}, "ISTORIE": {"medie": 6.842682926829268, "reusita": 76.47058823529412, "cnt": 102}, "GEOGRAFIE": {"medie": 7.73913043478261, "reusita": 95.83333333333334, "cnt": 24}, "MATEMATICA TEHN": {"medie": 3.0916666666666663, "reusita": 18.055555555555554, "cnt": 72}, "FIZICA TEH": {"medie": 4.625, "reusita": 50.0, "cnt": 2}, "LOGICA, ARGUMENTARE SI COMUNICARE": {"medie": 7.066666666666665, "reusita": 67.94871794871796, "cnt": 78}, "CHIMIE ANORGANICA TEH NIVEL I/II": {"medie": 7.0, "reusita": 100.0, "cnt": 1}, "FIZICA TEO": {"medie": 6.9, "reusita": 100.0, "cnt": 2}, "CHIMIE ORGANICA TEO NIVEL I/II": {"medie": 9.433333333333335, "reusita": 100.0, "cnt": 6}, "INFORMATICA MI C/C++": {"medie": 6.616666666666667, "reusita": 71.42857142857143, "cnt": 7}, "LIMBA UCRAINEANA": {"medie": 7.122222222222224, "reusita": 83.33333333333334, "cnt": 30}}, "nume": "COLEGIUL TEHNIC \"LATCU VODA\" SIRET\tSuceava"}