{"specializari": {"STIINTE SOCIALE": 37, "INVATATOR - EDUCATOARE": 31, "STIINTE ALE NATURII": 38, "FILOLOGIE": 35, "MATEMATICA-INFORMATICA": 71}, "limba_moderna": {"LIMBA ENGLEZA": 178, "LIMBA FRANCEZA": 34}, "limba_materna": {"LIMBA ROMANA": 212}, "promotie_anterioara": {"DA": 1, "NU": 211}, "materii": {"LIMBA ROMANA": {"medie": 8.895990566037735, "reusita": 100.0, "cnt": 212}, "MATEMATICA ST-NAT": {"medie": 9.01842105263158, "reusita": 100.0, "cnt": 38}, "ANATOMIE SI FIZIOLOGIE UMANA, GENETICA SI ECOLOGIE UMANA": {"medie": 9.282432432432433, "reusita": 100.0, "cnt": 37}, "GENERAL": {"medie": 8.828120063191157, "reusita": 98.11320754716981, "cnt": 212}, "MATEMATICA MATE-INFO": {"medie": 8.817605633802817, "reusita": 97.1830985915493, "cnt": 71}, "BIOLOGIE VEGETALA SI ANIMALA": {"medie": 9.6, "reusita": 100.0, "cnt": 1}, "ISTORIE": {"medie": 8.209027777777777, "reusita": 100.0, "cnt": 72}, "GEOGRAFIE": {"medie": 8.887209302325582, "reusita": 97.72727272727273, "cnt": 44}, "SOCIOLOGIE": {"medie": 7.5857142857142845, "reusita": 100.0, "cnt": 14}, "MATEMATICA PED": {"medie": 8.540322580645162, "reusita": 100.0, "cnt": 31}, "LOGICA, ARGUMENTARE SI COMUNICARE": {"medie": 9.096874999999995, "reusita": 100.0, "cnt": 32}, "PSIHOLOGIE": {"medie": 9.1, "reusita": 100.0, "cnt": 10}, "FIZICA TEO": {"medie": 9.141666666666666, "reusita": 100.0, "cnt": 42}, "CHIMIE ORGANICA TEO NIVEL I/II": {"medie": 9.208333333333334, "reusita": 100.0, "cnt": 12}, "INFORMATICA MI C/C++": {"medie": 8.509375, "reusita": 93.75, "cnt": 16}, "CHIMIE ANORGANICA TEO NIVEL I/II": {"medie": 8.8, "reusita": 100.0, "cnt": 1}, "ECONOMIE": {"medie": 8.333333333333334, "reusita": 100.0, "cnt": 3}}, "nume": "COLEGIUL NATIONAL DE INFORMATICA MATEI BASARAB, MUN. RM. VALCEA\tV\u00e2lcea"}