{"specializari": {"STIINTE ALE NATURII": 31, "MATEMATICA-INFORMATICA": 52}, "limba_moderna": {"LIMBA ENGLEZA": 83}, "limba_materna": {"LIMBA ROMANA": 83}, "promotie_anterioara": {"NU": 83}, "materii": {"LIMBA ROMANA": {"medie": 8.872289156626506, "reusita": 100.0, "cnt": 83}, "MATEMATICA ST-NAT": {"medie": 9.635483870967741, "reusita": 100.0, "cnt": 31}, "ANATOMIE SI FIZIOLOGIE UMANA, GENETICA SI ECOLOGIE UMANA": {"medie": 9.715789473684211, "reusita": 100.0, "cnt": 38}, "GENERAL": {"medie": 9.319277108433731, "reusita": 100.0, "cnt": 83}, "MATEMATICA MATE-INFO": {"medie": 9.690384615384618, "reusita": 100.0, "cnt": 52}, "FIZICA TEO": {"medie": 9.522727272727273, "reusita": 100.0, "cnt": 11}, "CHIMIE ORGANICA TEO NIVEL I/II": {"medie": 8.9875, "reusita": 100.0, "cnt": 8}, "INFORMATICA MI C/C++": {"medie": 9.045454545454545, "reusita": 100.0, "cnt": 22}, "CHIMIE ANORGANICA TEO NIVEL I/II": {"medie": 9.0, "reusita": 100.0, "cnt": 1}, "INFORMATICA SN C/C++": {"medie": 9.216666666666667, "reusita": 100.0, "cnt": 3}}, "nume": "COLEGIUL NATIONAL \"EMIL RACOVITA\" CLUJ-NAPOCA\tCluj"}