{"specializari": {"COAFOR STILIST": 17, "TEHNICIAN DESIGNER VESTIMENTAR": 34, "TEHNICIAN IN TURISM": 18, "TEHNICIAN IN INDUSTRIA PIELARIEI": 2, "TEHNICIAN IN INDUSTRIA TEXTILA": 1}, "limba_moderna": {"LIMBA ENGLEZA": 70, "LIMBA FRANCEZA": 2}, "limba_materna": {"LIMBA ROMANA": 72}, "promotie_anterioara": {"DA": 20, "NU": 52}, "materii": {"LIMBA ROMANA": {"medie": 6.0910447761194035, "reusita": 86.11111111111111, "cnt": 72}, "GENERAL": {"medie": 5.903174603174602, "reusita": 38.88888888888889, "cnt": 72}, "BIOLOGIE VEGETALA SI ANIMALA": {"medie": 4.807142857142857, "reusita": 36.0, "cnt": 25}, "GEOGRAFIE": {"medie": 6.876666666666667, "reusita": 84.375, "cnt": 32}, "MATEMATICA TEHN": {"medie": 5.641666666666667, "reusita": 70.83333333333334, "cnt": 72}, "LOGICA, ARGUMENTARE SI COMUNICARE": {"medie": 8.825, "reusita": 100.0, "cnt": 2}, "CHIMIE ANORGANICA TEH NIVEL I/II": {"medie": 4.93, "reusita": 58.333333333333336, "cnt": 12}, "ECONOMIE": {"medie": 4.6, "reusita": 0.0, "cnt": 1}}, "nume": "COLEGIUL TEHNIC \"MARIA BAIULESCU\" BRASOV\tBra\u0219ov"}