{"specializari": {"TEHNICIAN IN AUTOMATIZARI": 8, "MATEMATICA-INFORMATICA": 8, "TEHNICIAN ELECTRONIST": 4, "TEHNICIAN OPERATOR TEHNICA DE CALCUL": 7, "TEHNICIAN MECATRONIST": 13, "LICEU CU PROGRAM SPORTIV": 12}, "limba_moderna": {"LIMBA ENGLEZA": 52}, "limba_materna": {"LIMBA ROMANA": 52}, "promotie_anterioara": {"DA": 25, "NU": 27}, "materii": {"LIMBA ROMANA": {"medie": 5.153947368421053, "reusita": 51.92307692307693, "cnt": 52}, "GENERAL": {"medie": 4.853225806451613, "reusita": 13.461538461538462, "cnt": 52}, "MATEMATICA MATE-INFO": {"medie": 2.775, "reusita": 12.5, "cnt": 8}, "BIOLOGIE VEGETALA SI ANIMALA": {"medie": 4.593749999999999, "reusita": 34.21052631578947, "cnt": 38}, "ISTORIE": {"medie": 4.89, "reusita": 33.33333333333333, "cnt": 12}, "GEOGRAFIE": {"medie": 5.887499999999999, "reusita": 60.0, "cnt": 10}, "MATEMATICA TEHN": {"medie": 4.670588235294118, "reusita": 28.125, "cnt": 32}, "FIZICA TEH": {"medie": 5.3, "reusita": 50.0, "cnt": 2}, "LOGICA, ARGUMENTARE SI COMUNICARE": {"medie": 5.725, "reusita": 50.0, "cnt": 2}}, "nume": "COLEGIUL TEHNIC \"EDMOND NICOLAU\"\tBucure\u0219ti"}