{"specializari": {"MATEMATICA-INFORMATICA": 69, "STIINTE ALE NATURII": 25, "FILOLOGIE": 29, "STIINTE SOCIALE": 30}, "limba_moderna": {"LIMBA ENGLEZA": 148, "LIMBA FRANCEZA": 3, "LIMBA RUSA": 2}, "limba_materna": {"LIMBA ROMANA": 153}, "promotie_anterioara": {"DA": 4, "NU": 149}, "materii": {"LIMBA ROMANA": {"medie": 7.575657894736843, "reusita": 98.69281045751634, "cnt": 153}, "MATEMATICA ST-NAT": {"medie": 7.718, "reusita": 96.0, "cnt": 25}, "ANATOMIE SI FIZIOLOGIE UMANA, GENETICA SI ECOLOGIE UMANA": {"medie": 8.121093749999998, "reusita": 98.46153846153847, "cnt": 65}, "GENERAL": {"medie": 7.858830022075056, "reusita": 92.15686274509804, "cnt": 153}, "MATEMATICA MATE-INFO": {"medie": 7.200735294117646, "reusita": 89.85507246376811, "cnt": 69}, "ISTORIE": {"medie": 7.972881355932204, "reusita": 100.0, "cnt": 59}, "GEOGRAFIE": {"medie": 7.69, "reusita": 100.0, "cnt": 25}, "SOCIOLOGIE": {"medie": 9.2875, "reusita": 100.0, "cnt": 4}, "LOGICA, ARGUMENTARE SI COMUNICARE": {"medie": 9.205555555555556, "reusita": 100.0, "cnt": 27}, "PSIHOLOGIE": {"medie": 8.525, "reusita": 100.0, "cnt": 2}, "FIZICA TEO": {"medie": 8.451851851851853, "reusita": 100.0, "cnt": 27}, "CHIMIE ORGANICA TEO NIVEL I/II": {"medie": 9.85, "reusita": 100.0, "cnt": 1}, "INFORMATICA MI C/C++": {"medie": 7.9, "reusita": 100.0, "cnt": 1}, "ECONOMIE": {"medie": 9.35, "reusita": 100.0, "cnt": 1}}, "nume": "COLEGIUL DOBROGEAN \"SPIRU HARET\" TULCEA\tTulcea"}