{"specializari": {"STIINTE ALE NATURII": 97, "MATEMATICA-INFORMATICA": 25, "STIINTE SOCIALE": 32}, "limba_moderna": {"LIMBA ENGLEZA": 143, "LIMBA SPANIOLA": 9, "LIMBA GERMANA MODERNA": 2}, "limba_materna": {"LIMBA ROMANA": 154}, "promotie_anterioara": {"DA": 6, "NU": 148}, "materii": {"LIMBA ROMANA": {"medie": 8.332142857142854, "reusita": 100.0, "cnt": 154}, "MATEMATICA ST-NAT": {"medie": 7.88936170212766, "reusita": 95.87628865979381, "cnt": 97}, "ANATOMIE SI FIZIOLOGIE UMANA, GENETICA SI ECOLOGIE UMANA": {"medie": 8.9013698630137, "reusita": 97.33333333333334, "cnt": 75}, "GENERAL": {"medie": 8.27266666666666, "reusita": 93.5064935064935, "cnt": 154}, "MATEMATICA MATE-INFO": {"medie": 6.481249999999999, "reusita": 84.0, "cnt": 25}, "ISTORIE": {"medie": 9.015624999999998, "reusita": 100.0, "cnt": 32}, "GEOGRAFIE": {"medie": 8.795000000000002, "reusita": 100.0, "cnt": 10}, "LOGICA, ARGUMENTARE SI COMUNICARE": {"medie": 9.223809523809521, "reusita": 100.0, "cnt": 21}, "PSIHOLOGIE": {"medie": 8.1, "reusita": 100.0, "cnt": 1}, "FIZICA TEO": {"medie": 7.730000000000001, "reusita": 100.0, "cnt": 10}, "CHIMIE ORGANICA TEO NIVEL I/II": {"medie": 7.329166666666667, "reusita": 100.0, "cnt": 12}, "INFORMATICA MI C/C++": {"medie": 7.4449999999999985, "reusita": 100.0, "cnt": 10}, "CHIMIE ANORGANICA TEO NIVEL I/II": {"medie": 7.553333333333334, "reusita": 100.0, "cnt": 15}}, "nume": "COLEGIUL DE STIINTE ALE NATURII \"EMIL RACOVITA\" BRASOV\tBra\u0219ov"}