{"specializari": {"TEHNICIAN IN INSTALATII ELECTRICE": 1, "TEHNICIAN INSTALATOR PENTRU CONSTRUCTII": 1, "TEHNICIAN IN AUTOMATIZARI": 15, "INVATATOR - EDUCATOARE": 29, "TEHNICIAN IN ACTIVITATI ECONOMICE": 27, "TEHNICIAN IN PRELUCRAREA LEMNULUI": 2, "TEHNICIAN MECANIC PENTRU INTRETINERE SI REPARATII": 1}, "limba_moderna": {"LIMBA ENGLEZA": 76}, "limba_materna": {"LIMBA ROMANA": 76}, "promotie_anterioara": {"DA": 13, "NU": 63}, "materii": {"LIMBA ROMANA": {"medie": 5.806428571428572, "reusita": 75.0, "cnt": 76}, "GENERAL": {"medie": 5.834541062801931, "reusita": 38.15789473684211, "cnt": 76}, "BIOLOGIE VEGETALA SI ANIMALA": {"medie": 4.377272727272727, "reusita": 28.57142857142857, "cnt": 14}, "GEOGRAFIE": {"medie": 7.162037037037037, "reusita": 89.28571428571429, "cnt": 56}, "MATEMATICA TEHN": {"medie": 4.798809523809525, "reusita": 46.808510638297875, "cnt": 47}, "FIZICA TEH": {"medie": 3.44, "reusita": 16.666666666666664, "cnt": 6}, "MATEMATICA PED": {"medie": 5.757142857142855, "reusita": 68.96551724137932, "cnt": 29}}, "nume": "COLEGIUL NATIONAL \"MIHAI EMINESCU\" TOPLITA\tHarghita"}