{"specializari": {"STIINTE SOCIALE": 69, "MATEMATICA-INFORMATICA": 53, "FILOLOGIE": 29, "STIINTE ALE NATURII": 45}, "limba_moderna": {"LIMBA ENGLEZA": 189, "LIMBA FRANCEZA": 7}, "limba_materna": {"LIMBA ROMANA": 196}, "promotie_anterioara": {"DA": 1, "NU": 195}, "materii": {"LIMBA ROMANA": {"medie": 8.418622448979592, "reusita": 99.48979591836735, "cnt": 196}, "MATEMATICA ST-NAT": {"medie": 8.97888888888889, "reusita": 100.0, "cnt": 45}, "ANATOMIE SI FIZIOLOGIE UMANA, GENETICA SI ECOLOGIE UMANA": {"medie": 9.052830188679245, "reusita": 100.0, "cnt": 53}, "GENERAL": {"medie": 8.713945578231291, "reusita": 97.44897959183673, "cnt": 196}, "MATEMATICA MATE-INFO": {"medie": 8.5188679245283, "reusita": 98.11320754716981, "cnt": 53}, "ISTORIE": {"medie": 8.604591836734693, "reusita": 100.0, "cnt": 98}, "GEOGRAFIE": {"medie": 9.326190476190476, "reusita": 100.0, "cnt": 42}, "SOCIOLOGIE": {"medie": 9.966666666666667, "reusita": 100.0, "cnt": 6}, "LOGICA, ARGUMENTARE SI COMUNICARE": {"medie": 8.963414634146341, "reusita": 97.5609756097561, "cnt": 41}, "PSIHOLOGIE": {"medie": 9.459999999999999, "reusita": 100.0, "cnt": 5}, "FILOSOFIE": {"medie": 9.6, "reusita": 100.0, "cnt": 1}, "FIZICA TEO": {"medie": 8.460416666666669, "reusita": 100.0, "cnt": 24}, "CHIMIE ORGANICA TEO NIVEL I/II": {"medie": 9.289285714285713, "reusita": 100.0, "cnt": 14}, "INFORMATICA MI C/C++": {"medie": 8.235714285714284, "reusita": 100.0, "cnt": 7}, "ECONOMIE": {"medie": 9.499999999999998, "reusita": 100.0, "cnt": 3}}, "nume": "COLEGIUL NATIONAL \"GH. ROSCA CODREANU\", MUN. BARLAD\tVaslui"}