{"specializari": {"TEOLOGIE ROMANO-CATOLICA": 21, "STIINTE SOCIALE": 28}, "limba_moderna": {"LIMBA ENGLEZA": 49}, "limba_materna": {"LIMBA ROMANA": 49}, "promotie_anterioara": {"DA": 2, "NU": 47}, "materii": {"LIMBA ROMANA": {"medie": 8.129591836734694, "reusita": 100.0, "cnt": 49}, "GENERAL": {"medie": 8.30238095238095, "reusita": 97.95918367346938, "cnt": 49}, "ISTORIE": {"medie": 8.36938775510204, "reusita": 100.0, "cnt": 49}, "GEOGRAFIE": {"medie": 8.0125, "reusita": 100.0, "cnt": 24}, "SOCIOLOGIE": {"medie": 9.0875, "reusita": 100.0, "cnt": 12}, "LOGICA, ARGUMENTARE SI COMUNICARE": {"medie": 8.62142857142857, "reusita": 100.0, "cnt": 7}, "PSIHOLOGIE": {"medie": 8.266666666666666, "reusita": 100.0, "cnt": 3}, "FILOSOFIE": {"medie": 10.0, "reusita": 100.0, "cnt": 1}, "ECONOMIE": {"medie": 7.75, "reusita": 100.0, "cnt": 2}}, "nume": "COLEGIUL ROMANO-CATOLIC \"SFANTUL IOSIF\"\tBucure\u0219ti"}