{"specializari": {"MATEMATICA-INFORMATICA": 31, "STIINTE SOCIALE": 37, "INVATATOR - EDUCATOARE": 31, "FILOLOGIE": 35}, "limba_moderna": {"LIMBA ENGLEZA": 134}, "limba_materna": {"LIMBA ROMANA": 134}, "promotie_anterioara": {"DA": 5, "NU": 129}, "materii": {"LIMBA ROMANA": {"medie": 7.764661654135341, "reusita": 97.01492537313433, "cnt": 134}, "ANATOMIE SI FIZIOLOGIE UMANA, GENETICA SI ECOLOGIE UMANA": {"medie": 9.075, "reusita": 100.0, "cnt": 2}, "GENERAL": {"medie": 8.264376590330787, "reusita": 95.52238805970148, "cnt": 134}, "MATEMATICA MATE-INFO": {"medie": 8.434999999999999, "reusita": 96.7741935483871, "cnt": 31}, "BIOLOGIE VEGETALA SI ANIMALA": {"medie": "-", "reusita": 0.0, "cnt": 1}, "ISTORIE": {"medie": 8.775694444444445, "reusita": 100.0, "cnt": 72}, "GEOGRAFIE": {"medie": 8.562352941176474, "reusita": 95.40229885057471, "cnt": 87}, "MATEMATICA PED": {"medie": 8.110000000000001, "reusita": 96.7741935483871, "cnt": 31}, "LOGICA, ARGUMENTARE SI COMUNICARE": {"medie": 9.325, "reusita": 100.0, "cnt": 2}, "PSIHOLOGIE": {"medie": 8.453571428571427, "reusita": 100.0, "cnt": 14}, "FIZICA TEO": {"medie": 6.6899999999999995, "reusita": 100.0, "cnt": 5}, "INFORMATICA MI C/C++": {"medie": 8.103333333333335, "reusita": 100.0, "cnt": 15}, "CHIMIE ANORGANICA TEO NIVEL I/II": {"medie": 8.237499999999999, "reusita": 100.0, "cnt": 8}}, "nume": "COLEGIUL NATIONAL PEDAGOGIC \"REGINA MARIA\" DEVA\tHunedoara"}