{"specializari": {"TEHNICIAN IN ACTIVITATI ECONOMICE": 135, "MATEMATICA-INFORMATICA": 17, "TEHNICIAN IN ADMINISTRATIE": 23, "ORGANIZATOR BANQUETING": 30, "TEHNICIAN IN ACTIVITATI DE COMERT": 51, "TEHNICIAN IN TURISM": 38, "TEHNICIAN IN GASTRONOMIE": 24}, "limba_moderna": {"LIMBA ENGLEZA": 292, "LIMBA FRANCEZA": 24, "LIMBA GERMANA MODERNA": 2}, "limba_materna": {"LIMBA ROMANA": 318}, "promotie_anterioara": {"DA": 27, "NU": 291}, "materii": {"LIMBA ROMANA": {"medie": 6.8536741214057475, "reusita": 95.59748427672956, "cnt": 318}, "ANATOMIE SI FIZIOLOGIE UMANA, GENETICA SI ECOLOGIE UMANA": {"medie": 7.8428571428571425, "reusita": 100.0, "cnt": 7}, "GENERAL": {"medie": 6.794047619047622, "reusita": 68.55345911949685, "cnt": 318}, "MATEMATICA MATE-INFO": {"medie": 5.967647058823528, "reusita": 70.58823529411765, "cnt": 17}, "GEOGRAFIE": {"medie": 7.589539748953976, "reusita": 94.6938775510204, "cnt": 245}, "MATEMATICA TEHN": {"medie": 5.915358361774745, "reusita": 78.40531561461795, "cnt": 301}, "LOGICA, ARGUMENTARE SI COMUNICARE": {"medie": 7.738181818181818, "reusita": 85.71428571428571, "cnt": 56}, "CHIMIE ORGANICA TEO NIVEL I/II": {"medie": 9.2, "reusita": 100.0, "cnt": 1}, "INFORMATICA MI C/C++": {"medie": 5.194444444444444, "reusita": 66.66666666666666, "cnt": 9}}, "nume": "COLEGIUL ECONOMIC \"ION GHICA\" BACAU\tBac\u0103u"}