{"specializari": {"TEHNICIAN DE TELECOMUNICATII": 20, "TEHNICIAN IN ACTIVITATI ECONOMICE": 63, "TEHNICIAN IN TURISM": 32, "TEHNICIAN IN AUTOMATIZARI": 29, "TEHNICIAN IN INSTALATII ELECTRICE": 35, "TEHNICIAN ELECTROTEHNIST": 2, "TEHNICIAN ELECTRONIST": 1, "TEHNICIAN IN ACTIVITATI DE COMERT": 2, "TEHNICIAN PROIECTANT CAD": 18, "TEHNICIAN IN HOTELARIE": 5, "TEHNICIAN OPERATOR TEHNICA DE CALCUL": 6}, "limba_moderna": {"LIMBA ENGLEZA": 210, "LIMBA FRANCEZA": 1, "LIMBA GERMANA MODERNA": 2}, "limba_materna": {"LIMBA ROMANA": 213}, "promotie_anterioara": {"DA": 51, "NU": 162}, "materii": {"LIMBA ROMANA": {"medie": 6.283854166666664, "reusita": 81.2206572769953, "cnt": 213}, "GENERAL": {"medie": 5.8611418047882164, "reusita": 37.08920187793427, "cnt": 213}, "BIOLOGIE VEGETALA SI ANIMALA": {"medie": 4.524712643678161, "reusita": 40.5940594059406, "cnt": 101}, "GEOGRAFIE": {"medie": 7.598351648351644, "reusita": 89.8989898989899, "cnt": 99}, "MATEMATICA TEHN": {"medie": 5.1835106382978715, "reusita": 56.8075117370892, "cnt": 213}, "FIZICA TEH": {"medie": 4.666666666666667, "reusita": 20.0, "cnt": 5}, "CHIMIE ANORGANICA TEH NIVEL I/II": {"medie": 6.17, "reusita": 60.0, "cnt": 5}, "PSIHOLOGIE": {"medie": 5.15, "reusita": 50.0, "cnt": 2}, "ECONOMIE": {"medie": 3.2, "reusita": 0.0, "cnt": 1}}, "nume": "COLEGIUL TEHNIC \"EMANUIL UNGUREANU\" TIMISOARA\tTimi\u0219"}