{"specializari": {"TEHNICIAN VETERINAR": 2, "TEHNICIAN IN SILVICULTURA SI EXPLOATARI FORESTIERE": 13, "TEHNICIAN IN ACTIVITATI ECONOMICE": 20, "TEHNICIAN IN CONSTRUCTII SI LUCRARI PUBLICE": 5, "TEHNICIAN ANALIZE PRODUSE ALIMENTARE": 20, "TEHNICIAN IN HOTELARIE": 33, "TEHNICIAN IN ADMINISTRATIE": 1, "TEHNICIAN IN AUTOMATIZARI": 2, "MATEMATICA-INFORMATICA": 16, "STIINTE SOCIALE": 36, "TEHNICIAN ECOLOG SI PROTECTIA CALITATII MEDIULUI": 7, "TEHNICIAN MECANIC PENTRU INTRETINERE SI REPARATII": 2, "TEHNICIAN OPERATOR TEHNICA DE CALCUL": 4}, "limba_moderna": {"LIMBA ENGLEZA": 126, "LIMBA FRANCEZA": 35}, "limba_materna": {"LIMBA ROMANA": 161}, "promotie_anterioara": {"DA": 29, "NU": 132}, "materii": {"LIMBA ROMANA": {"medie": 5.952684563758386, "reusita": 77.63975155279503, "cnt": 161}, "ANATOMIE SI FIZIOLOGIE UMANA, GENETICA SI ECOLOGIE UMANA": {"medie": 5.861666666666667, "reusita": 70.58823529411765, "cnt": 34}, "GENERAL": {"medie": 5.793617021276598, "reusita": 39.75155279503105, "cnt": 161}, "MATEMATICA MATE-INFO": {"medie": 5.0843750000000005, "reusita": 68.75, "cnt": 16}, "BIOLOGIE VEGETALA SI ANIMALA": {"medie": 4.540909090909092, "reusita": 29.629629629629626, "cnt": 27}, "ISTORIE": {"medie": 7.182352941176472, "reusita": 88.88888888888889, "cnt": 36}, "GEOGRAFIE": {"medie": 6.9866666666666655, "reusita": 85.71428571428571, "cnt": 63}, "MATEMATICA TEHN": {"medie": 3.9723404255319164, "reusita": 36.69724770642202, "cnt": 109}, "SOCIOLOGIE": {"medie": 7.55, "reusita": 100.0, "cnt": 1}, "LOGICA, ARGUMENTARE SI COMUNICARE": {"medie": 7.496, "reusita": 92.0, "cnt": 25}, "CHIMIE ANORGANICA TEH NIVEL I/II": {"medie": 4.7625, "reusita": 50.0, "cnt": 4}, "PSIHOLOGIE": {"medie": 7.6, "reusita": 100.0, "cnt": 1}, "INFORMATICA MI C/C++": {"medie": 7.658333333333332, "reusita": 100.0, "cnt": 6}}, "nume": "COLEGIUL \"VASILE LOVINESCU\" FALTICENI\tSuceava"}