{"specializari": {"TEHNICIAN ECOLOG SI PROTECTIA CALITATII MEDIULUI": 3, "LICEU CU PROGRAM SPORTIV": 39, "TEHNICIAN PROIECTANT CAD": 6, "TEHNICIAN ELECTROMECANIC": 5, "TEHNICIAN MECANIC PENTRU INTRETINERE SI REPARATII": 4, "INSTRUCTOR PENTRU ACTIVITATI EXTRASCOLARE": 18, "TEOLOGIE GRECO-CATOLICA": 1, "TEHNICIAN ELECTRONIST": 1, "MATEMATICA-INFORMATICA": 1, "TEHNICIAN ELECTROTEHNIST": 1, "TEHNICIAN TRANSPORTURI": 1}, "limba_moderna": {"LIMBA FRANCEZA": 9, "LIMBA ENGLEZA": 71}, "limba_materna": {"LIMBA ROMANA": 80}, "promotie_anterioara": {"DA": 28, "NU": 52}, "materii": {"LIMBA ROMANA": {"medie": 5.603571428571429, "reusita": 70.0, "cnt": 80}, "GENERAL": {"medie": 5.984195402298853, "reusita": 36.25, "cnt": 80}, "MATEMATICA MATE-INFO": {"medie": "-", "reusita": 0.0, "cnt": 1}, "BIOLOGIE VEGETALA SI ANIMALA": {"medie": 5.49, "reusita": 55.00000000000001, "cnt": 20}, "ISTORIE": {"medie": 6.432608695652172, "reusita": 75.86206896551724, "cnt": 58}, "GEOGRAFIE": {"medie": 6.8812500000000005, "reusita": 88.88888888888889, "cnt": 9}, "MATEMATICA TEHN": {"medie": 4.273529411764706, "reusita": 42.857142857142854, "cnt": 21}, "LOGICA, ARGUMENTARE SI COMUNICARE": {"medie": 6.311842105263159, "reusita": 57.446808510638306, "cnt": 47}, "CHIMIE ANORGANICA TEH NIVEL I/II": {"medie": 3.1500000000000004, "reusita": 0.0, "cnt": 2}, "PSIHOLOGIE": {"medie": "-", "reusita": 0.0, "cnt": 1}, "FILOSOFIE": {"medie": 5.0, "reusita": 100.0, "cnt": 1}}, "nume": "COLEGIUL TEHNIC \"AUREL VLAICU\" BAIA MARE\tMaramure\u0219"}