{"specializari": {"STIINTE SOCIALE": 1, "FILOLOGIE": 28, "MATEMATICA-INFORMATICA": 31}, "limba_moderna": {"LIMBA ENGLEZA": 59, "LIMBA FRANCEZA": 1}, "limba_materna": {"LIMBA GERMANA": 60}, "promotie_anterioara": {"DA": 2, "NU": 58}, "materii": {"LIMBA ROMANA": {"medie": 8.609166666666669, "reusita": 100.0, "cnt": 60}, "ANATOMIE SI FIZIOLOGIE UMANA, GENETICA SI ECOLOGIE UMANA": {"medie": 8.208333333333334, "reusita": 100.0, "cnt": 6}, "GENERAL": {"medie": 8.730296610169491, "reusita": 95.0, "cnt": 60}, "MATEMATICA MATE-INFO": {"medie": 8.874193548387096, "reusita": 96.7741935483871, "cnt": 31}, "ISTORIE": {"medie": 7.508928571428571, "reusita": 96.55172413793103, "cnt": 29}, "GEOGRAFIE": {"medie": 8.35, "reusita": 100.0, "cnt": 3}, "SOCIOLOGIE": {"medie": 10.0, "reusita": 100.0, "cnt": 1}, "LOGICA, ARGUMENTARE SI COMUNICARE": {"medie": 9.016666666666667, "reusita": 95.83333333333334, "cnt": 24}, "FIZICA TEO": {"medie": 9.085714285714285, "reusita": 100.0, "cnt": 14}, "CHIMIE ORGANICA TEO NIVEL I/II": {"medie": 9.004999999999999, "reusita": 100.0, "cnt": 10}, "INFORMATICA MI C/C++": {"medie": 9.8, "reusita": 100.0, "cnt": 1}, "ECONOMIE": {"medie": 6.2, "reusita": 100.0, "cnt": 1}, "LIMBA GERMANA": {"medie": 9.071666666666667, "reusita": 100.0, "cnt": 60}}, "nume": "COLEGIUL GERMAN \"GOETHE\"\tBucure\u0219ti"}