{"specializari": {"MATEMATICA-INFORMATICA": 28, "STIINTE SOCIALE": 32, "FILOLOGIE": 31, "STIINTE ALE NATURII": 50}, "limba_moderna": {"LIMBA ENGLEZA": 135, "LIMBA FRANCEZA": 6}, "limba_materna": {"LIMBA ROMANA": 141}, "promotie_anterioara": {"DA": 7, "NU": 134}, "materii": {"LIMBA ROMANA": {"medie": 7.75, "reusita": 98.58156028368793, "cnt": 141}, "MATEMATICA ST-NAT": {"medie": 7.9602040816326545, "reusita": 98.0, "cnt": 50}, "ANATOMIE SI FIZIOLOGIE UMANA, GENETICA SI ECOLOGIE UMANA": {"medie": 7.6218181818181785, "reusita": 98.21428571428571, "cnt": 56}, "GENERAL": {"medie": 7.843552311435526, "reusita": 91.48936170212765, "cnt": 141}, "MATEMATICA MATE-INFO": {"medie": 7.221428571428573, "reusita": 96.42857142857143, "cnt": 28}, "ISTORIE": {"medie": 7.675806451612904, "reusita": 98.4126984126984, "cnt": 63}, "GEOGRAFIE": {"medie": 8.48125, "reusita": 100.0, "cnt": 32}, "SOCIOLOGIE": {"medie": 7.6499999999999995, "reusita": 100.0, "cnt": 3}, "LOGICA, ARGUMENTARE SI COMUNICARE": {"medie": 8.838461538461537, "reusita": 92.5925925925926, "cnt": 27}, "PSIHOLOGIE": {"medie": 6.3, "reusita": 100.0, "cnt": 1}, "FIZICA TEO": {"medie": 6.4624999999999995, "reusita": 100.0, "cnt": 8}, "INFORMATICA MI C/C++": {"medie": 8.116666666666667, "reusita": 100.0, "cnt": 3}, "CHIMIE ANORGANICA TEO NIVEL I/II": {"medie": 9.328571428571431, "reusita": 100.0, "cnt": 7}, "INFORMATICA SN C/C++": {"medie": 6.3875, "reusita": 100.0, "cnt": 4}}, "nume": "COLEGIUL \"MIHAI EMINESCU\" BACAU\tBac\u0103u"}