{"specializari": {"TEHNICIAN IN ADMINISTRATIE": 29, "TEHNICIAN IN ACTIVITATI ECONOMICE": 92, "TEHNICIAN IN ACTIVITATI DE COMERT": 31, "TEHNICIAN IN TURISM": 18, "TEHNICIAN IN GASTRONOMIE": 27}, "limba_moderna": {"LIMBA ENGLEZA": 166, "LIMBA FRANCEZA": 24, "LIMBA GERMANA MODERNA": 7}, "limba_materna": {"LIMBA ROMANA": 197}, "promotie_anterioara": {"DA": 9, "NU": 188}, "materii": {"LIMBA ROMANA": {"medie": 7.31326530612245, "reusita": 96.95431472081218, "cnt": 197}, "GENERAL": {"medie": 7.506239316239316, "reusita": 88.83248730964468, "cnt": 197}, "GEOGRAFIE": {"medie": 8.172641509433962, "reusita": 92.72727272727272, "cnt": 55}, "MATEMATICA TEHN": {"medie": 6.823724489795922, "reusita": 94.41624365482234, "cnt": 197}, "LOGICA, ARGUMENTARE SI COMUNICARE": {"medie": 8.5612, "reusita": 96.0, "cnt": 125}, "PSIHOLOGIE": {"medie": 8.041666666666666, "reusita": 100.0, "cnt": 6}, "ECONOMIE": {"medie": 7.195454545454547, "reusita": 90.9090909090909, "cnt": 11}}, "nume": "COLEGIUL ECONOMIC \"MARIA TEIULEANU\" PITESTI\tArge\u0219"}