{"specializari": {"STIINTE SOCIALE": 62, "STIINTE ALE NATURII": 22, "FILOLOGIE": 59, "MATEMATICA-INFORMATICA": 49}, "limba_moderna": {"LIMBA ENGLEZA": 182, "LIMBA FRANCEZA": 10}, "limba_materna": {"LIMBA ROMANA": 192}, "promotie_anterioara": {"DA": 23, "NU": 169}, "materii": {"LIMBA ROMANA": {"medie": 7.041666666666664, "reusita": 86.97916666666666, "cnt": 192}, "MATEMATICA ST-NAT": {"medie": 5.265789473684211, "reusita": 54.54545454545454, "cnt": 22}, "ANATOMIE SI FIZIOLOGIE UMANA, GENETICA SI ECOLOGIE UMANA": {"medie": 8.764130434782608, "reusita": 91.66666666666666, "cnt": 48}, "GENERAL": {"medie": 7.344899817850632, "reusita": 70.83333333333334, "cnt": 192}, "MATEMATICA MATE-INFO": {"medie": 8.398979591836733, "reusita": 97.95918367346938, "cnt": 49}, "BIOLOGIE VEGETALA SI ANIMALA": {"medie": 6.95, "reusita": 100.0, "cnt": 1}, "ISTORIE": {"medie": 6.970689655172413, "reusita": 87.60330578512396, "cnt": 121}, "GEOGRAFIE": {"medie": 7.295327102803741, "reusita": 90.9090909090909, "cnt": 110}, "SOCIOLOGIE": {"medie": 9.7, "reusita": 100.0, "cnt": 1}, "LOGICA, ARGUMENTARE SI COMUNICARE": {"medie": 9.6, "reusita": 100.0, "cnt": 3}, "PSIHOLOGIE": {"medie": 6.610000000000001, "reusita": 100.0, "cnt": 5}, "FILOSOFIE": {"medie": 5.5, "reusita": 100.0, "cnt": 1}, "FIZICA TEO": {"medie": 8.283333333333333, "reusita": 100.0, "cnt": 6}, "CHIMIE ORGANICA TEO NIVEL I/II": {"medie": 9.85, "reusita": 100.0, "cnt": 1}, "INFORMATICA MI C/C++": {"medie": 8.335714285714285, "reusita": 100.0, "cnt": 7}, "CHIMIE ANORGANICA TEO NIVEL I/II": {"medie": 7.25, "reusita": 100.0, "cnt": 8}, "ECONOMIE": {"medie": 8.45, "reusita": 100.0, "cnt": 1}}, "nume": "COLEGIUL NATIONAL \"EMIL BOTTA\" ADJUD\tVrancea"}