{"specializari": {"TEHNICIAN MECANIC PENTRU INTRETINERE SI REPARATII": 2, "TEHNICIAN DESENATOR PENTRU CONSTRUCTII SI INSTALATII": 12, "TEHNICIAN IN INSTALATII ELECTRICE": 10, "LICEU CU PROGRAM SPORTIV": 37, "TEHNICIAN ELECTRICIAN/ELECTRONIST AUTO": 1, "TEHNICIAN MECATRONIST": 15}, "limba_moderna": {"LIMBA ENGLEZA": 73, "LIMBA FRANCEZA": 4}, "limba_materna": {"LIMBA ROMANA": 77}, "promotie_anterioara": {"DA": 18, "NU": 59}, "materii": {"LIMBA ROMANA": {"medie": 5.618666666666669, "reusita": 75.32467532467533, "cnt": 77}, "GENERAL": {"medie": 5.768721461187216, "reusita": 38.961038961038966, "cnt": 77}, "BIOLOGIE VEGETALA SI ANIMALA": {"medie": 4.468750000000002, "reusita": 42.42424242424242, "cnt": 33}, "ISTORIE": {"medie": 7.043055555555554, "reusita": 97.2972972972973, "cnt": 37}, "GEOGRAFIE": {"medie": 7.466666666666668, "reusita": 93.10344827586206, "cnt": 29}, "MATEMATICA TEHN": {"medie": 4.319736842105263, "reusita": 42.5, "cnt": 40}, "FIZICA TEH": {"medie": 5.075, "reusita": 66.66666666666666, "cnt": 6}, "LOGICA, ARGUMENTARE SI COMUNICARE": {"medie": 7.781249999999999, "reusita": 100.0, "cnt": 8}, "CHIMIE ANORGANICA TEH NIVEL I/II": {"medie": 2.6, "reusita": 0.0, "cnt": 1}}, "nume": "COLEGIUL TEHNIC \"ANGHEL SALIGNY\" BAIA MARE\tMaramure\u0219"}