{"specializari": {"MATEMATICA-INFORMATICA": 108, "STIINTE ALE NATURII": 36, "STIINTE SOCIALE": 33, "FILOLOGIE": 30}, "limba_moderna": {"LIMBA ENGLEZA": 173, "LIMBA FRANCEZA": 34}, "limba_materna": {"LIMBA ROMANA": 207}, "promotie_anterioara": {"DA": 20, "NU": 187}, "materii": {"LIMBA ROMANA": {"medie": 8.054611650485437, "reusita": 99.03381642512076, "cnt": 207}, "MATEMATICA ST-NAT": {"medie": 5.501428571428571, "reusita": 72.22222222222221, "cnt": 36}, "ANATOMIE SI FIZIOLOGIE UMANA, GENETICA SI ECOLOGIE UMANA": {"medie": 7.889999999999999, "reusita": 100.0, "cnt": 20}, "GENERAL": {"medie": 7.740849673202613, "reusita": 79.71014492753623, "cnt": 207}, "MATEMATICA MATE-INFO": {"medie": 6.698598130841118, "reusita": 78.70370370370371, "cnt": 108}, "BIOLOGIE VEGETALA SI ANIMALA": {"medie": 7.737128712871288, "reusita": 93.13725490196079, "cnt": 102}, "ISTORIE": {"medie": 7.906349206349207, "reusita": 100.0, "cnt": 63}, "GEOGRAFIE": {"medie": 9.049193548387098, "reusita": 98.38709677419355, "cnt": 62}, "PSIHOLOGIE": {"medie": 6.25, "reusita": 100.0, "cnt": 1}, "FIZICA TEO": {"medie": 8.766666666666667, "reusita": 100.0, "cnt": 18}, "CHIMIE ORGANICA TEO NIVEL I/II": {"medie": 9.575, "reusita": 100.0, "cnt": 2}, "INFORMATICA MI C/C++": {"medie": 9.0, "reusita": 100.0, "cnt": 2}}, "nume": "COLEGIUL NATIONAL \"VLADIMIR STREINU\" GAESTI\tD\u00e2mbovi\u021ba"}