{"specializari": {"FILOLOGIE": 26, "STIINTE SOCIALE": 60, "MATEMATICA-INFORMATICA": 32}, "limba_moderna": {"LIMBA ENGLEZA": 118}, "limba_materna": {"LIMBA ROMANA": 118}, "promotie_anterioara": {"NU": 118}, "materii": {"LIMBA ROMANA": {"medie": 8.661864406779658, "reusita": 100.0, "cnt": 118}, "ANATOMIE SI FIZIOLOGIE UMANA, GENETICA SI ECOLOGIE UMANA": {"medie": 9.209090909090909, "reusita": 100.0, "cnt": 11}, "GENERAL": {"medie": 9.043361581920902, "reusita": 100.0, "cnt": 118}, "MATEMATICA MATE-INFO": {"medie": 8.392187499999999, "reusita": 100.0, "cnt": 32}, "BIOLOGIE VEGETALA SI ANIMALA": {"medie": 9.75, "reusita": 100.0, "cnt": 2}, "ISTORIE": {"medie": 9.304651162790698, "reusita": 100.0, "cnt": 86}, "GEOGRAFIE": {"medie": 9.208333333333334, "reusita": 100.0, "cnt": 18}, "SOCIOLOGIE": {"medie": 9.7, "reusita": 100.0, "cnt": 1}, "LOGICA, ARGUMENTARE SI COMUNICARE": {"medie": 9.75, "reusita": 100.0, "cnt": 53}, "PSIHOLOGIE": {"medie": 9.512500000000001, "reusita": 100.0, "cnt": 8}, "FILOSOFIE": {"medie": 9.940000000000001, "reusita": 100.0, "cnt": 5}, "CHIMIE ORGANICA TEO NIVEL I/II": {"medie": 8.9, "reusita": 100.0, "cnt": 1}, "INFORMATICA MI C/C++": {"medie": 8.577777777777776, "reusita": 100.0, "cnt": 18}, "ECONOMIE": {"medie": 8.4, "reusita": 100.0, "cnt": 1}}, "nume": "COLEGIUL NATIONAL \"GHEORGHE SINCAI\" CLUJ-NAPOCA\tCluj"}