{"specializari": {"TEHNICIAN IN TURISM": 59, "TEHNICIAN IN ACTIVITATI ECONOMICE": 119}, "limba_moderna": {"LIMBA ENGLEZA": 159, "LIMBA FRANCEZA": 19}, "limba_materna": {"LIMBA ROMANA": 178}, "promotie_anterioara": {"DA": 8, "NU": 170}, "materii": {"LIMBA ROMANA": {"medie": 7.265819209039548, "reusita": 96.06741573033707, "cnt": 178}, "GENERAL": {"medie": 7.23735632183908, "reusita": 82.58426966292134, "cnt": 178}, "GEOGRAFIE": {"medie": 7.783860759493672, "reusita": 94.40993788819875, "cnt": 161}, "MATEMATICA TEHN": {"medie": 6.663068181818181, "reusita": 92.69662921348315, "cnt": 178}, "PSIHOLOGIE": {"medie": 6.5, "reusita": 100.0, "cnt": 1}, "ECONOMIE": {"medie": 6.921874999999999, "reusita": 93.75, "cnt": 16}}, "nume": "COLEGIUL ECONOMIC \"COSTIN C. KIRITESCU\"\tBucure\u0219ti"}