{"specializari": {"TEHNICIAN MECANIC PENTRU INTRETINERE SI REPARATII": 1, "TEHNICIAN ELECTROMECANIC": 3, "COAFOR STILIST": 1, "TEHNICIAN PRELUCRARI MECANICE": 1, "TEHNICIAN MECATRONIST": 4, "TEHNICIAN OPERATOR TEHNICA DE CALCUL": 5, "TEHNICIAN IN INDUSTRIA TEXTILA": 1, "TEHNICIAN IN INSTALATII ELECTRICE": 11, "TEHNICIAN ELECTRONIST": 1, "TEHNICIAN IN CONSTRUCTII SI LUCRARI PUBLICE": 1, "TEHNICIAN TRANSPORTURI": 3, "TEHNICIAN PRELUCRARI LA CALD": 1}, "limba_moderna": {"LIMBA FRANCEZA": 10, "LIMBA ENGLEZA": 21, "LIMBA GERMANA MODERNA": 2}, "limba_materna": {"LIMBA ROMANA": 33}, "promotie_anterioara": {"DA": 15, "NU": 18}, "materii": {"LIMBA ROMANA": {"medie": 5.226923076923077, "reusita": 57.57575757575758, "cnt": 33}, "GENERAL": {"medie": 3.6631578947368433, "reusita": 0.0, "cnt": 33}, "BIOLOGIE VEGETALA SI ANIMALA": {"medie": 2.6970588235294124, "reusita": 12.0, "cnt": 25}, "GEOGRAFIE": {"medie": "-", "reusita": 0.0, "cnt": 1}, "MATEMATICA TEHN": {"medie": 2.806521739130435, "reusita": 15.151515151515152, "cnt": 33}, "FIZICA TEH": {"medie": 4.3, "reusita": 50.0, "cnt": 2}, "CHIMIE ANORGANICA TEH NIVEL I/II": {"medie": 5.75, "reusita": 20.0, "cnt": 5}}, "nume": "COLEGIUL TEHNIC RESITA\tCara\u0219-Severin"}