{"specializari": {"MATEMATICA-INFORMATICA": 2, "TEHNICIAN IN ACTIVITATI ECONOMICE": 36, "TEHNICIAN OPERATOR TEHNICA DE CALCUL": 10, "TEHNICIAN MECATRONIST": 7, "TEHNICIAN DE TELECOMUNICATII": 4, "TEHNICIAN ECOLOG SI PROTECTIA CALITATII MEDIULUI": 28, "TEHNICIAN IN TURISM": 20, "TEHNICIAN PROIECTANT CAD": 1, "TEHNICIAN IN INSTALATII ELECTRICE": 1}, "limba_moderna": {"LIMBA ENGLEZA": 104, "LIMBA FRANCEZA": 5}, "limba_materna": {"LIMBA ROMANA": 109}, "promotie_anterioara": {"DA": 24, "NU": 85}, "materii": {"LIMBA ROMANA": {"medie": 6.075980392156859, "reusita": 77.98165137614679, "cnt": 109}, "ANATOMIE SI FIZIOLOGIE UMANA, GENETICA SI ECOLOGIE UMANA": {"medie": 8.0, "reusita": 100.0, "cnt": 1}, "GENERAL": {"medie": 5.849824561403511, "reusita": 34.862385321100916, "cnt": 109}, "MATEMATICA MATE-INFO": {"medie": 3.0, "reusita": 0.0, "cnt": 2}, "BIOLOGIE VEGETALA SI ANIMALA": {"medie": 5.362500000000001, "reusita": 52.17391304347826, "cnt": 46}, "GEOGRAFIE": {"medie": 7.658490566037736, "reusita": 92.85714285714286, "cnt": 56}, "MATEMATICA TEHN": {"medie": 4.8473958333333345, "reusita": 51.4018691588785, "cnt": 107}, "FIZICA TEH": {"medie": 3.383333333333333, "reusita": 16.666666666666664, "cnt": 6}}, "nume": "COLEGIUL TEHNIC \"ION MINCU\" FOCSANI\tVrancea"}