{"specializari": {"TEHNICIAN MECANIC PENTRU INTRETINERE SI REPARATII": 8, "TEHNICIAN MECATRONIST": 4, "TEHNICIAN ELECTROTEHNIST": 2, "TEHNICIAN ELECTROMECANIC": 28, "STIINTE ALE NATURII": 36, "TEHNICIAN IN AUTOMATIZARI": 31}, "limba_moderna": {"LIMBA ENGLEZA": 88, "LIMBA FRANCEZA": 21}, "limba_materna": {"LIMBA ROMANA": 109}, "promotie_anterioara": {"DA": 31, "NU": 78}, "materii": {"LIMBA ROMANA": {"medie": 5.341578947368421, "reusita": 57.798165137614674, "cnt": 109}, "MATEMATICA ST-NAT": {"medie": 5.407575757575757, "reusita": 63.888888888888886, "cnt": 36}, "ANATOMIE SI FIZIOLOGIE UMANA, GENETICA SI ECOLOGIE UMANA": {"medie": 7.112121212121211, "reusita": 93.93939393939394, "cnt": 33}, "GENERAL": {"medie": 4.980952380952384, "reusita": 20.18348623853211, "cnt": 109}, "BIOLOGIE VEGETALA SI ANIMALA": {"medie": 4.326415094339622, "reusita": 35.9375, "cnt": 64}, "MATEMATICA TEHN": {"medie": 3.5728813559322044, "reusita": 28.767123287671232, "cnt": 73}, "FIZICA TEH": {"medie": 5.816666666666666, "reusita": 75.0, "cnt": 4}, "CHIMIE ANORGANICA TEH NIVEL I/II": {"medie": 2.7, "reusita": 0.0, "cnt": 5}, "FIZICA TEO": {"medie": 8.9, "reusita": 100.0, "cnt": 1}, "CHIMIE ORGANICA TEO NIVEL I/II": {"medie": 8.1, "reusita": 100.0, "cnt": 1}, "CHIMIE ANORGANICA TEO NIVEL I/II": {"medie": 5.0, "reusita": 100.0, "cnt": 1}}, "nume": "COLEGIUL \"GHEORGHE TATARESCU\" ROVINARI\tGorj"}