{"specializari": {"STIINTE ALE NATURII": 102, "MATEMATICA-INFORMATICA": 87}, "limba_moderna": {"LIMBA ENGLEZA": 140, "LIMBA FRANCEZA": 26, "LIMBA GERMANA MODERNA": 21, "LIMBA SPANIOLA": 2}, "limba_materna": {"LIMBA ROMANA": 189}, "promotie_anterioara": {"DA": 2, "NU": 187}, "materii": {"LIMBA ROMANA": {"medie": 9.011111111111111, "reusita": 100.0, "cnt": 189}, "MATEMATICA ST-NAT": {"medie": 8.66421568627451, "reusita": 99.01960784313727, "cnt": 102}, "ANATOMIE SI FIZIOLOGIE UMANA, GENETICA SI ECOLOGIE UMANA": {"medie": 9.110989010989007, "reusita": 98.91304347826086, "cnt": 92}, "GENERAL": {"medie": 9.008776595744683, "reusita": 98.94179894179894, "cnt": 189}, "MATEMATICA MATE-INFO": {"medie": 9.142528735632183, "reusita": 100.0, "cnt": 87}, "BIOLOGIE VEGETALA SI ANIMALA": {"medie": 8.875, "reusita": 100.0, "cnt": 2}, "FIZICA TEO": {"medie": 9.155555555555555, "reusita": 100.0, "cnt": 45}, "CHIMIE ORGANICA TEO NIVEL I/II": {"medie": 9.179310344827586, "reusita": 100.0, "cnt": 29}, "INFORMATICA MI C/C++": {"medie": 8.75, "reusita": 100.0, "cnt": 20}, "CHIMIE ANORGANICA TEO NIVEL I/II": {"medie": 10.0, "reusita": 100.0, "cnt": 1}}, "nume": "COLEGIUL NATIONAL \"MIRCEA CEL BATRAN\" CONSTANTA\tConstan\u021ba"}