{"specializari": {"TEHNICIAN OPERATOR TEHNICA DE CALCUL": 20, "TEHNICIAN MECATRONIST": 2, "TEHNICIAN IN ACTIVITATI ECONOMICE": 15, "TEHNICIAN PROIECTANT CAD": 1, "STIINTE ALE NATURII": 3}, "limba_moderna": {"LIMBA ENGLEZA": 40, "LIMBA FRANCEZA": 1}, "limba_materna": {"LIMBA ROMANA": 41}, "promotie_anterioara": {"DA": 10, "NU": 31}, "materii": {"LIMBA ROMANA": {"medie": 5.988235294117645, "reusita": 68.29268292682927, "cnt": 41}, "MATEMATICA ST-NAT": {"medie": 2.6, "reusita": 0.0, "cnt": 3}, "GENERAL": {"medie": 5.815656565656567, "reusita": 39.02439024390244, "cnt": 41}, "BIOLOGIE VEGETALA SI ANIMALA": {"medie": 5.266666666666666, "reusita": 44.0, "cnt": 25}, "GEOGRAFIE": {"medie": 7.921428571428572, "reusita": 77.77777777777779, "cnt": 9}, "MATEMATICA TEHN": {"medie": 5.333333333333332, "reusita": 57.89473684210527, "cnt": 38}, "LOGICA, ARGUMENTARE SI COMUNICARE": {"medie": 7.958333333333333, "reusita": 100.0, "cnt": 6}, "CHIMIE ORGANICA TEH NIVEL I/II": {"medie": 5.3, "reusita": 100.0, "cnt": 1}}, "nume": "COLEGIUL TEHNIC \"ION D. LAZARESCU\" CUGIR\tAlba"}