{"specializari": {"TEHNICIAN ECOLOG SI PROTECTIA CALITATII MEDIULUI": 11, "TEHNICIAN IN AUTOMATIZARI": 3, "TEHNICIAN ANALIZE PRODUSE ALIMENTARE": 16, "TEHNICIAN TRANSPORTURI": 22, "TEHNICIAN VETERINAR": 13, "TEHNICIAN ELECTROMECANIC": 6, "TEHNICIAN DESENATOR PENTRU CONSTRUCTII SI INSTALATII": 1, "TEHNICIAN MECATRONIST": 1, "TEHNICIAN MECANIC PENTRU INTRETINERE SI REPARATII": 1, "TEHNICIAN IN INDUSTRIA ALIMENTARA": 12, "STIINTE SOCIALE": 27, "TEHNICIAN AGROMONTAN": 7}, "limba_moderna": {"LIMBA FRANCEZA": 21, "LIMBA ENGLEZA": 99}, "limba_materna": {"LIMBA ROMANA": 120}, "promotie_anterioara": {"DA": 29, "NU": 91}, "materii": {"LIMBA ROMANA": {"medie": 5.852127659574471, "reusita": 62.5, "cnt": 120}, "ANATOMIE SI FIZIOLOGIE UMANA, GENETICA SI ECOLOGIE UMANA": {"medie": 3.4, "reusita": 0.0, "cnt": 2}, "GENERAL": {"medie": 5.801606425702811, "reusita": 31.666666666666664, "cnt": 120}, "BIOLOGIE VEGETALA SI ANIMALA": {"medie": 5.100000000000001, "reusita": 37.3134328358209, "cnt": 67}, "ISTORIE": {"medie": 7.446296296296299, "reusita": 100.0, "cnt": 27}, "GEOGRAFIE": {"medie": 7.466666666666667, "reusita": 100.0, "cnt": 9}, "MATEMATICA TEHN": {"medie": 4.25, "reusita": 27.956989247311824, "cnt": 93}, "SOCIOLOGIE": {"medie": 7.416666666666667, "reusita": 94.44444444444444, "cnt": 18}, "FIZICA TEH": {"medie": "-", "reusita": 0.0, "cnt": 3}, "CHIMIE ANORGANICA TEH NIVEL I/II": {"medie": 5.741176470588236, "reusita": 50.0, "cnt": 20}, "CHIMIE ORGANICA TEH NIVEL I/II": {"medie": 5.0, "reusita": 100.0, "cnt": 1}}, "nume": "COLEGIUL TEHNIC \"VALERIU D. COTEA\" FOCSANI\tVrancea"}