{"specializari": {"TEHNICIAN IN AUTOMATIZARI": 36, "TEHNICIAN TRANSPORTURI": 16, "MATEMATICA-INFORMATICA": 29, "TEHNICIAN IN ACTIVITATI DE COMERT": 34, "TEHNICIAN IN ACTIVITATI ECONOMICE": 31, "TEHNICIAN IN PRELUCRAREA LEMNULUI": 1}, "limba_moderna": {"LIMBA FRANCEZA": 44, "LIMBA ENGLEZA": 103}, "limba_materna": {"LIMBA ROMANA": 147}, "promotie_anterioara": {"DA": 31, "NU": 116}, "materii": {"LIMBA ROMANA": {"medie": 6.213970588235296, "reusita": 77.55102040816327, "cnt": 147}, "ANATOMIE SI FIZIOLOGIE UMANA, GENETICA SI ECOLOGIE UMANA": {"medie": 5.713636363636365, "reusita": 61.53846153846154, "cnt": 13}, "GENERAL": {"medie": 5.638681592039801, "reusita": 39.455782312925166, "cnt": 147}, "MATEMATICA MATE-INFO": {"medie": 3.51, "reusita": 27.586206896551722, "cnt": 29}, "BIOLOGIE VEGETALA SI ANIMALA": {"medie": 3.737037037037036, "reusita": 31.25, "cnt": 32}, "GEOGRAFIE": {"medie": 7.725833333333335, "reusita": 95.16129032258065, "cnt": 62}, "MATEMATICA TEHN": {"medie": 5.052232142857143, "reusita": 58.47457627118644, "cnt": 118}, "FIZICA TEH": {"medie": 4.508695652173913, "reusita": 48.0, "cnt": 25}, "LOGICA, ARGUMENTARE SI COMUNICARE": {"medie": 4.75, "reusita": 0.0, "cnt": 2}, "PSIHOLOGIE": {"medie": 7.4, "reusita": 100.0, "cnt": 1}, "INFORMATICA MI PASCAL": {"medie": 5.42, "reusita": 72.72727272727273, "cnt": 11}, "FIZICA TEO": {"medie": 2.55, "reusita": 0.0, "cnt": 1}}, "nume": "COLEGIUL TEHNIC \"IULIU MANIU\" SIMLEU SILVANIEI\tS\u0103laj"}