{"specializari": {"TEHNICIAN IN GASTRONOMIE": 55, "TEHNICIAN IN ACTIVITATI DE COMERT": 28, "TEHNICIAN IN TURISM": 22, "TEHNICIAN IN ACTIVITATI ECONOMICE": 57, "TEHNICIAN IN ADMINISTRATIE": 28}, "limba_moderna": {"LIMBA ENGLEZA": 181, "LIMBA FRANCEZA": 9}, "limba_materna": {"LIMBA ROMANA": 190}, "promotie_anterioara": {"DA": 12, "NU": 178}, "materii": {"LIMBA ROMANA": {"medie": 6.802941176470587, "reusita": 92.63157894736842, "cnt": 190}, "GENERAL": {"medie": 6.997010869565225, "reusita": 78.42105263157895, "cnt": 190}, "GEOGRAFIE": {"medie": 7.966666666666667, "reusita": 97.1830985915493, "cnt": 142}, "MATEMATICA TEHN": {"medie": 6.227297297297301, "reusita": 83.6842105263158, "cnt": 190}, "LOGICA, ARGUMENTARE SI COMUNICARE": {"medie": 7.808108108108107, "reusita": 86.8421052631579, "cnt": 38}, "PSIHOLOGIE": {"medie": 6.705555555555556, "reusita": 100.0, "cnt": 9}, "ECONOMIE": {"medie": 9.15, "reusita": 100.0, "cnt": 1}}, "nume": "COLEGIUL COMERCIAL \"CAROL I\" CONSTANTA\tConstan\u021ba"}