{"specializari": {"TEHNICIAN MECATRONIST": 8, "TEHNICIAN OPERATOR TEHNICA DE CALCUL": 3, "TEHNICIAN PROIECTANT CAD": 9, "TEHNICIAN PRELUCRARI MECANICE": 6, "TEHNICIAN ANALIZE PRODUSE ALIMENTARE": 7, "TEHNICIAN TRANSPORTURI": 2, "TEHNICIAN AVIATIE": 9, "COAFOR STILIST": 1, "TEHNICIAN ELECTROMECANIC": 1, "TEHNICIAN IN INDUSTRIA ALIMENTARA": 1}, "limba_moderna": {"LIMBA ENGLEZA": 41, "LIMBA FRANCEZA": 6}, "limba_materna": {"LIMBA ROMANA": 47}, "promotie_anterioara": {"DA": 27, "NU": 20}, "materii": {"LIMBA ROMANA": {"medie": 5.512162162162163, "reusita": 63.829787234042556, "cnt": 47}, "ANATOMIE SI FIZIOLOGIE UMANA, GENETICA SI ECOLOGIE UMANA": {"medie": 4.25, "reusita": 50.0, "cnt": 2}, "GENERAL": {"medie": 5.08611111111111, "reusita": 14.893617021276595, "cnt": 47}, "BIOLOGIE VEGETALA SI ANIMALA": {"medie": 5.255555555555555, "reusita": 50.0, "cnt": 38}, "GEOGRAFIE": {"medie": 5.85, "reusita": 100.0, "cnt": 1}, "MATEMATICA TEHN": {"medie": 4.345945945945946, "reusita": 36.17021276595745, "cnt": 47}, "FIZICA TEH": {"medie": 3.95, "reusita": 33.33333333333333, "cnt": 3}, "CHIMIE ANORGANICA TEH NIVEL I/II": {"medie": 2.2, "reusita": 0.0, "cnt": 3}}, "nume": "COLEGIUL TEHNIC \"TRANSILVANIA\" BRASOV\tBra\u0219ov"}