{"specializari": {"MATEMATICA-INFORMATICA": 9, "STIINTE SOCIALE": 11}, "limba_moderna": {"LIMBA ENGLEZA": 18, "LIMBA EBRAICA": 2}, "limba_materna": {"LIMBA ROMANA": 20}, "promotie_anterioara": {"NU": 20}, "materii": {"LIMBA ROMANA": {"medie": 9.4075, "reusita": 100.0, "cnt": 20}, "GENERAL": {"medie": 9.346666666666668, "reusita": 100.0, "cnt": 20}, "MATEMATICA MATE-INFO": {"medie": 9.761111111111113, "reusita": 100.0, "cnt": 9}, "ISTORIE": {"medie": 9.063636363636364, "reusita": 100.0, "cnt": 11}, "GEOGRAFIE": {"medie": 9.55, "reusita": 100.0, "cnt": 2}, "SOCIOLOGIE": {"medie": 8.9, "reusita": 100.0, "cnt": 4}, "PSIHOLOGIE": {"medie": 10.0, "reusita": 100.0, "cnt": 1}, "FIZICA TEO": {"medie": 9.266666666666666, "reusita": 100.0, "cnt": 3}, "CHIMIE ORGANICA TEO NIVEL I/II": {"medie": 9.4, "reusita": 100.0, "cnt": 5}, "INFORMATICA MI C/C++": {"medie": 9.9, "reusita": 100.0, "cnt": 1}, "ECONOMIE": {"medie": 8.925, "reusita": 100.0, "cnt": 4}}, "nume": "COMPLEXUL EDUCATIONAL LAUDE-REUT\tBucure\u0219ti"}