{"specializari": {"TEHNICIAN IN TURISM": 8, "FILOLOGIE": 54}, "limba_moderna": {"LIMBA ENGLEZA": 62}, "limba_materna": {"LIMBA ROMANA": 62}, "promotie_anterioara": {"DA": 20, "NU": 42}, "materii": {"LIMBA ROMANA": {"medie": 5.536666666666667, "reusita": 75.80645161290323, "cnt": 62}, "GENERAL": {"medie": 6.296034482758621, "reusita": 53.2258064516129, "cnt": 62}, "ISTORIE": {"medie": 6.496415094339621, "reusita": 94.44444444444444, "cnt": 54}, "GEOGRAFIE": {"medie": 7.233928571428569, "reusita": 91.52542372881356, "cnt": 59}, "MATEMATICA TEHN": {"medie": 3.11875, "reusita": 25.0, "cnt": 8}, "LOGICA, ARGUMENTARE SI COMUNICARE": {"medie": 10.0, "reusita": 100.0, "cnt": 1}, "PSIHOLOGIE": {"medie": "-", "reusita": 0.0, "cnt": 1}, "FILOSOFIE": {"medie": 6.5, "reusita": 100.0, "cnt": 1}}, "nume": "COMPLEXUL SCOLAR \"CRONOS\"\tBucure\u0219ti"}