{"specializari": {"LICEU CU PROGRAM SPORTIV": 51}, "limba_moderna": {"LIMBA ENGLEZA": 50, "LIMBA FRANCEZA": 1}, "limba_materna": {"LIMBA ROMANA": 51}, "promotie_anterioara": {"DA": 4, "NU": 47}, "materii": {"LIMBA ROMANA": {"medie": 6.653191489361702, "reusita": 80.3921568627451, "cnt": 51}, "GENERAL": {"medie": 7.057246376811592, "reusita": 66.66666666666666, "cnt": 51}, "ISTORIE": {"medie": 6.842857142857145, "reusita": 94.11764705882352, "cnt": 51}, "GEOGRAFIE": {"medie": 7.046000000000003, "reusita": 81.48148148148148, "cnt": 27}, "LOGICA, ARGUMENTARE SI COMUNICARE": {"medie": 8.154761904761907, "reusita": 90.47619047619048, "cnt": 21}, "PSIHOLOGIE": {"medie": 6.75, "reusita": 66.66666666666666, "cnt": 3}}, "nume": "LICEUL CU PROGRAM SPORTIV ALBA IULIA\tAlba"}