{"specializari": {"LICEU CU PROGRAM SPORTIV": 36}, "limba_moderna": {"LIMBA FRANCEZA": 5, "LIMBA ENGLEZA": 31}, "limba_materna": {"LIMBA ROMANA": 36}, "promotie_anterioara": {"DA": 4, "NU": 32}, "materii": {"LIMBA ROMANA": {"medie": 5.363235294117647, "reusita": 72.22222222222221, "cnt": 36}, "GENERAL": {"medie": 6.045833333333333, "reusita": 58.333333333333336, "cnt": 36}, "ISTORIE": {"medie": 5.614285714285714, "reusita": 80.55555555555556, "cnt": 36}, "GEOGRAFIE": {"medie": 5.455555555555555, "reusita": 70.0, "cnt": 10}, "LOGICA, ARGUMENTARE SI COMUNICARE": {"medie": 7.616666666666666, "reusita": 80.76923076923077, "cnt": 26}}, "nume": "LICEUL CU PROGRAM SPORTIV CAMPULUNG\tArge\u0219"}