{"specializari": {"LICEU CU PROGRAM SPORTIV": 125}, "limba_moderna": {"LIMBA ENGLEZA": 122, "LIMBA FRANCEZA": 3}, "limba_materna": {"LIMBA ROMANA": 125}, "promotie_anterioara": {"DA": 12, "NU": 113}, "materii": {"LIMBA ROMANA": {"medie": 6.5177966101694915, "reusita": 84.8, "cnt": 125}, "GENERAL": {"medie": 6.647197640117994, "reusita": 66.4, "cnt": 125}, "ISTORIE": {"medie": 5.894444444444445, "reusita": 84.8, "cnt": 125}, "GEOGRAFIE": {"medie": 7.442233009708736, "reusita": 88.18181818181819, "cnt": 110}, "LOGICA, ARGUMENTARE SI COMUNICARE": {"medie": 7.845833333333334, "reusita": 92.3076923076923, "cnt": 13}, "PSIHOLOGIE": {"medie": 8.6, "reusita": 100.0, "cnt": 2}}, "nume": "LICEUL CU PROGRAM SPORTIV, IASI\tIa\u0219i"}