{"specializari": {"LICEU CU PROGRAM SPORTIV": 75, "FILOLOGIE": 25}, "limba_moderna": {"LIMBA ENGLEZA": 98, "LIMBA FRANCEZA": 2}, "limba_materna": {"LIMBA ROMANA": 100}, "promotie_anterioara": {"DA": 19, "NU": 81}, "materii": {"LIMBA ROMANA": {"medie": 6.021739130434781, "reusita": 80.0, "cnt": 100}, "GENERAL": {"medie": 6.511355311355311, "reusita": 56.99999999999999, "cnt": 100}, "ISTORIE": {"medie": 6.891666666666665, "reusita": 95.0, "cnt": 100}, "GEOGRAFIE": {"medie": 6.602083333333332, "reusita": 88.46153846153845, "cnt": 26}, "LOGICA, ARGUMENTARE SI COMUNICARE": {"medie": 6.399999999999998, "reusita": 75.67567567567568, "cnt": 74}}, "nume": "LICEUL CU PROGRAM SPORTIV SUCEAVA\tSuceava"}