{"specializari": {"LICEU CU PROGRAM SPORTIV": 27}, "limba_moderna": {"LIMBA ENGLEZA": 25, "LIMBA FRANCEZA": 2}, "limba_materna": {"LIMBA ROMANA": 27}, "promotie_anterioara": {"DA": 5, "NU": 22}, "materii": {"LIMBA ROMANA": {"medie": 5.775999999999999, "reusita": 74.07407407407408, "cnt": 27}, "GENERAL": {"medie": 6.155072463768116, "reusita": 37.03703703703704, "cnt": 27}, "ISTORIE": {"medie": 5.863461538461539, "reusita": 92.5925925925926, "cnt": 27}, "GEOGRAFIE": {"medie": 6.792857142857143, "reusita": 79.16666666666666, "cnt": 24}, "LOGICA, ARGUMENTARE SI COMUNICARE": {"medie": 5.8, "reusita": 66.66666666666666, "cnt": 3}}, "nume": "LICEUL CU PROGRAM SPORTIV \"AVRAM IANCU\" ZALAU\tS\u0103laj"}