{"specializari": {"STIINTE ALE NATURII": 29, "TEHNICIAN ELECTROMECANIC": 24, "TEHNICIAN MECATRONIST": 7, "TEHNICIAN IN GASTRONOMIE": 24, "TEHNICIAN MECANIC PENTRU INTRETINERE SI REPARATII": 5, "MATEMATICA-INFORMATICA": 23, "FILOLOGIE": 30}, "limba_moderna": {"LIMBA ENGLEZA": 130, "LIMBA GERMANA MODERNA": 9, "LIMBA FRANCEZA": 3}, "limba_materna": {"LIMBA ROMANA": 142}, "promotie_anterioara": {"DA": 17, "NU": 125}, "materii": {"LIMBA ROMANA": {"medie": 6.770564516129034, "reusita": 76.76056338028168, "cnt": 142}, "MATEMATICA ST-NAT": {"medie": 5.299999999999999, "reusita": 58.620689655172406, "cnt": 29}, "ANATOMIE SI FIZIOLOGIE UMANA, GENETICA SI ECOLOGIE UMANA": {"medie": 7.26547619047619, "reusita": 86.04651162790698, "cnt": 43}, "GENERAL": {"medie": 6.376997245179063, "reusita": 50.70422535211267, "cnt": 142}, "MATEMATICA MATE-INFO": {"medie": 7.393478260869566, "reusita": 100.0, "cnt": 23}, "BIOLOGIE VEGETALA SI ANIMALA": {"medie": 4.31875, "reusita": 24.324324324324326, "cnt": 37}, "ISTORIE": {"medie": 7.23, "reusita": 100.0, "cnt": 30}, "GEOGRAFIE": {"medie": 6.335294117647059, "reusita": 57.14285714285714, "cnt": 21}, "MATEMATICA TEHN": {"medie": 3.724418604651163, "reusita": 26.666666666666668, "cnt": 60}, "LOGICA, ARGUMENTARE SI COMUNICARE": {"medie": 7.728125, "reusita": 87.87878787878788, "cnt": 33}, "INFORMATICA MI C/C++": {"medie": 7.8625, "reusita": 100.0, "cnt": 8}}, "nume": "LICEUL BANATEAN OTELU ROSU\tCara\u0219-Severin"}