{"specializari": {"LICEU CU PROGRAM SPORTIV": 58}, "limba_moderna": {"LIMBA ENGLEZA": 57, "LIMBA FRANCEZA": 1}, "limba_materna": {"LIMBA ROMANA": 58}, "promotie_anterioara": {"DA": 19, "NU": 39}, "materii": {"LIMBA ROMANA": {"medie": 6.203773584905658, "reusita": 86.20689655172413, "cnt": 58}, "GENERAL": {"medie": 6.48529411764706, "reusita": 60.3448275862069, "cnt": 58}, "ISTORIE": {"medie": 6.12, "reusita": 89.65517241379311, "cnt": 58}, "GEOGRAFIE": {"medie": 6.911363636363635, "reusita": 82.97872340425532, "cnt": 47}, "LOGICA, ARGUMENTARE SI COMUNICARE": {"medie": 7.885, "reusita": 90.9090909090909, "cnt": 11}}, "nume": "LICEUL CU PROGRAM SPORTIV BACAU\tBac\u0103u"}