{"specializari": {"LICEU CU PROGRAM SPORTIV": 50}, "limba_moderna": {"LIMBA ENGLEZA": 47, "LIMBA FRANCEZA": 3}, "limba_materna": {"LIMBA ROMANA": 50}, "promotie_anterioara": {"DA": 3, "NU": 47}, "materii": {"LIMBA ROMANA": {"medie": 5.904166666666666, "reusita": 76.0, "cnt": 50}, "GENERAL": {"medie": 6.193115942028984, "reusita": 52.0, "cnt": 50}, "ISTORIE": {"medie": 6.191666666666666, "reusita": 96.0, "cnt": 50}, "GEOGRAFIE": {"medie": 6.344791666666666, "reusita": 80.0, "cnt": 50}}, "nume": "LICEUL CU PROGRAM SPORTIV SATU MARE\tSatu-Mare"}