{"specializari": {"LICEU CU PROGRAM SPORTIV": 70}, "limba_moderna": {"LIMBA ENGLEZA": 63, "LIMBA FRANCEZA": 7}, "limba_materna": {"LIMBA ROMANA": 70}, "promotie_anterioara": {"DA": 14, "NU": 56}, "materii": {"LIMBA ROMANA": {"medie": 6.004687500000001, "reusita": 75.71428571428571, "cnt": 70}, "GENERAL": {"medie": 6.667473118279568, "reusita": 60.0, "cnt": 70}, "ISTORIE": {"medie": 7.072222222222222, "reusita": 88.57142857142857, "cnt": 70}, "GEOGRAFIE": {"medie": 6.848387096774192, "reusita": 86.56716417910447, "cnt": 67}, "FILOSOFIE": {"medie": 5.85, "reusita": 100.0, "cnt": 2}, "ECONOMIE": {"medie": 5.6, "reusita": 100.0, "cnt": 1}}, "nume": "LICEUL CU PROGRAM SPORTIV FOCSANI\tVrancea"}