{"specializari": {"TEHNICIAN MECATRONIST": 15, "TEHNICIAN MECANIC PENTRU INTRETINERE SI REPARATII": 7, "TEHNICIAN ECOLOG SI PROTECTIA CALITATII MEDIULUI": 1, "TEHNICIAN ELECTROTEHNIST": 23, "TEHNICIAN IN INSTALATII ELECTRICE": 33, "TEHNICIAN IN CONSTRUCTII SI LUCRARI PUBLICE": 3, "STIINTE ALE NATURII": 60, "TEHNICIAN IN INDUSTRIA TEXTILA": 19, "TEHNICIAN OPERATOR TEHNICA DE CALCUL": 1, "TEHNICIAN AGROMONTAN": 28, "MATEMATICA-INFORMATICA": 29, "STIINTE SOCIALE": 38, "FILOLOGIE": 34}, "limba_moderna": {"LIMBA ENGLEZA": 280, "LIMBA FRANCEZA": 11}, "limba_materna": {"LIMBA ROMANA": 291}, "promotie_anterioara": {"DA": 35, "NU": 256}, "materii": {"LIMBA ROMANA": {"medie": 6.991756272401433, "reusita": 84.5360824742268, "cnt": 291}, "MATEMATICA ST-NAT": {"medie": 7.000000000000002, "reusita": 86.66666666666667, "cnt": 60}, "ANATOMIE SI FIZIOLOGIE UMANA, GENETICA SI ECOLOGIE UMANA": {"medie": 7.707954545454547, "reusita": 84.26966292134831, "cnt": 89}, "GENERAL": {"medie": 6.492131350681535, "reusita": 55.32646048109966, "cnt": 291}, "MATEMATICA MATE-INFO": {"medie": 8.898275862068965, "reusita": 100.0, "cnt": 29}, "BIOLOGIE VEGETALA SI ANIMALA": {"medie": 3.6036144578313234, "reusita": 29.166666666666668, "cnt": 96}, "ISTORIE": {"medie": 7.671014492753624, "reusita": 93.05555555555556, "cnt": 72}, "GEOGRAFIE": {"medie": 7.9682539682539675, "reusita": 89.23076923076924, "cnt": 65}, "MATEMATICA TEHN": {"medie": 3.2854166666666655, "reusita": 32.30769230769231, "cnt": 130}, "SOCIOLOGIE": {"medie": 7.2, "reusita": 100.0, "cnt": 5}, "FIZICA TEH": {"medie": 3.966666666666667, "reusita": 33.33333333333333, "cnt": 3}, "CHIMIE ANORGANICA TEH NIVEL I/II": {"medie": 6.5, "reusita": 100.0, "cnt": 1}, "PSIHOLOGIE": {"medie": 6.6, "reusita": 50.0, "cnt": 2}, "FIZICA TEO": {"medie": 8.793750000000001, "reusita": 100.0, "cnt": 16}, "CHIMIE ORGANICA TEO NIVEL I/II": {"medie": 6.387499999999999, "reusita": 75.0, "cnt": 4}, "INFORMATICA MI C/C++": {"medie": 8.141666666666667, "reusita": 100.0, "cnt": 6}, "CHIMIE ORGANICA TEH NIVEL I/II": {"medie": 7.7, "reusita": 100.0, "cnt": 1}, "CHIMIE ANORGANICA TEO NIVEL I/II": {"medie": 8.733333333333333, "reusita": 100.0, "cnt": 3}}, "nume": "LICEUL CONSTANTIN BRANCOVEANU, ORAS HOREZU\tV\u00e2lcea"}