{"specializari": {"STIINTE ALE NATURII": 12}, "limba_moderna": {"LIMBA ENGLEZA": 12}, "limba_materna": {"LIMBA ROMANA": 12}, "promotie_anterioara": {"NU": 12}, "materii": {"LIMBA ROMANA": {"medie": 8.362499999999999, "reusita": 100.0, "cnt": 12}, "MATEMATICA ST-NAT": {"medie": 7.658333333333332, "reusita": 100.0, "cnt": 12}, "ANATOMIE SI FIZIOLOGIE UMANA, GENETICA SI ECOLOGIE UMANA": {"medie": 8.57272727272727, "reusita": 100.0, "cnt": 11}, "GENERAL": {"medie": 8.202777777777778, "reusita": 100.0, "cnt": 12}, "FIZICA TEO": {"medie": 8.75, "reusita": 100.0, "cnt": 1}}, "nume": "LICEUL CRESTIN \"LOGOS\" BISTRITA\tBistri\u021ba-N\u0103s\u0103ud"}