{"specializari": {"LICEU CU PROGRAM SPORTIV": 122, "TEHNICIAN IN TURISM": 29, "TEHNICIAN ECOLOG SI PROTECTIA CALITATII MEDIULUI": 24}, "limba_moderna": {"LIMBA ENGLEZA": 160, "LIMBA FRANCEZA": 14, "LIMBA GERMANA MODERNA": 1}, "limba_materna": {"LIMBA ROMANA": 175}, "promotie_anterioara": {"DA": 31, "NU": 144}, "materii": {"LIMBA ROMANA": {"medie": 6.212883435582821, "reusita": 84.57142857142857, "cnt": 175}, "GENERAL": {"medie": 6.211180124223602, "reusita": 51.42857142857142, "cnt": 175}, "BIOLOGIE VEGETALA SI ANIMALA": {"medie": 6.769565217391305, "reusita": 91.66666666666666, "cnt": 24}, "ISTORIE": {"medie": 5.764957264957263, "reusita": 88.52459016393442, "cnt": 122}, "GEOGRAFIE": {"medie": 6.877941176470588, "reusita": 90.27777777777779, "cnt": 144}, "MATEMATICA TEHN": {"medie": 4.989999999999998, "reusita": 66.0377358490566, "cnt": 53}, "LOGICA, ARGUMENTARE SI COMUNICARE": {"medie": 5.4399999999999995, "reusita": 60.0, "cnt": 5}, "FILOSOFIE": {"medie": 9.7, "reusita": 100.0, "cnt": 2}}, "nume": "LICEUL CU PROGRAM SPORTIV BISTRITA\tBistri\u021ba-N\u0103s\u0103ud"}