{"specializari": {"LICEU CU PROGRAM SPORTIV": 64}, "limba_moderna": {"LIMBA ENGLEZA": 62, "LIMBA FRANCEZA": 2}, "limba_materna": {"LIMBA ROMANA": 64}, "promotie_anterioara": {"DA": 19, "NU": 45}, "materii": {"LIMBA ROMANA": {"medie": 5.814285714285716, "reusita": 76.5625, "cnt": 64}, "GENERAL": {"medie": 6.5955974842767295, "reusita": 56.25, "cnt": 64}, "ISTORIE": {"medie": 6.899107142857142, "reusita": 87.5, "cnt": 64}, "GEOGRAFIE": {"medie": 6.8237499999999995, "reusita": 86.04651162790698, "cnt": 43}, "LOGICA, ARGUMENTARE SI COMUNICARE": {"medie": 7.084375, "reusita": 66.66666666666666, "cnt": 21}}, "nume": "LICEUL CU PROGRAM SPORTIV BAIA MARE\tMaramure\u0219"}