{"specializari": {"LICEU CU PROGRAM SPORTIV": 87}, "limba_moderna": {"LIMBA ENGLEZA": 87}, "limba_materna": {"LIMBA ROMANA": 87}, "promotie_anterioara": {"DA": 9, "NU": 78}, "materii": {"LIMBA ROMANA": {"medie": 5.949397590361445, "reusita": 75.86206896551724, "cnt": 87}, "GENERAL": {"medie": 6.473045267489713, "reusita": 62.06896551724138, "cnt": 87}, "ISTORIE": {"medie": 6.339634146341464, "reusita": 88.50574712643679, "cnt": 87}, "GEOGRAFIE": {"medie": 7.075, "reusita": 85.24590163934425, "cnt": 61}, "LOGICA, ARGUMENTARE SI COMUNICARE": {"medie": 6.6934782608695675, "reusita": 72.0, "cnt": 25}, "PSIHOLOGIE": {"medie": 8.5, "reusita": 100.0, "cnt": 1}}, "nume": "LICEUL CU PROGRAM SPORTIV, MUNICIPIUL PIATRA-NEAMT\tNeam\u021b"}