{"specializari": {"LICEU CU PROGRAM SPORTIV": 65}, "limba_moderna": {"LIMBA ENGLEZA": 65}, "limba_materna": {"LIMBA ROMANA": 65}, "promotie_anterioara": {"DA": 8, "NU": 57}, "materii": {"LIMBA ROMANA": {"medie": 5.690163934426229, "reusita": 80.0, "cnt": 65}, "GENERAL": {"medie": 6.180277777777776, "reusita": 47.69230769230769, "cnt": 65}, "ISTORIE": {"medie": 5.9532786885245885, "reusita": 76.92307692307693, "cnt": 65}, "GEOGRAFIE": {"medie": 7.022222222222223, "reusita": 89.47368421052632, "cnt": 38}, "LOGICA, ARGUMENTARE SI COMUNICARE": {"medie": 6.644999999999999, "reusita": 76.19047619047619, "cnt": 21}, "PSIHOLOGIE": {"medie": 5.724999999999999, "reusita": 83.33333333333334, "cnt": 6}}, "nume": "LICEUL CU PROGRAM SPORTIV BRASOV\tBra\u0219ov"}