{"specializari": {"TEHNICIAN TRANSPORTURI": 12, "TEHNICIAN IN INDUSTRIA ALIMENTARA": 1, "TEHNICIAN IN ACTIVITATI DE COMERT": 2, "TEHNICIAN IN AGRICULTURA ECOLOGICA": 10, "TEHNICIAN ECOLOG SI PROTECTIA CALITATII MEDIULUI": 13, "TEHNICIAN OPERATOR TEHNICA DE CALCUL": 1, "TEHNICIAN IN GASTRONOMIE": 1, "TEHNICIAN ANALIZE PRODUSE ALIMENTARE": 7}, "limba_moderna": {"LIMBA ENGLEZA": 32, "LIMBA FRANCEZA": 15}, "limba_materna": {"LIMBA ROMANA": 47}, "promotie_anterioara": {"DA": 19, "NU": 28}, "materii": {"LIMBA ROMANA": {"medie": 5.741860465116279, "reusita": 74.46808510638297, "cnt": 47}, "ANATOMIE SI FIZIOLOGIE UMANA, GENETICA SI ECOLOGIE UMANA": {"medie": 5.1000000000000005, "reusita": 66.66666666666666, "cnt": 3}, "GENERAL": {"medie": 5.292307692307692, "reusita": 21.27659574468085, "cnt": 47}, "BIOLOGIE VEGETALA SI ANIMALA": {"medie": 5.465151515151516, "reusita": 53.84615384615385, "cnt": 39}, "GEOGRAFIE": {"medie": 4.75, "reusita": 50.0, "cnt": 2}, "MATEMATICA TEHN": {"medie": 4.56547619047619, "reusita": 48.93617021276596, "cnt": 47}, "FIZICA TEH": {"medie": "-", "reusita": 0.0, "cnt": 1}, "LOGICA, ARGUMENTARE SI COMUNICARE": {"medie": 4.0, "reusita": 0.0, "cnt": 1}, "CHIMIE ANORGANICA TEH NIVEL I/II": {"medie": 5.3, "reusita": 100.0, "cnt": 1}}, "nume": "LICEUL AGRICOL \"DR. C. ANGELESCU\" MUNICIPIUL BUZAU\tBuz\u0103u"}