{"specializari": {"LICEU CU PROGRAM SPORTIV": 111}, "limba_moderna": {"LIMBA ENGLEZA": 108, "LIMBA FRANCEZA": 3}, "limba_materna": {"LIMBA ROMANA": 111}, "promotie_anterioara": {"DA": 13, "NU": 98}, "materii": {"LIMBA ROMANA": {"medie": 5.569587628865979, "reusita": 66.66666666666666, "cnt": 111}, "GENERAL": {"medie": 5.756702898550726, "reusita": 36.93693693693694, "cnt": 111}, "ISTORIE": {"medie": 5.516315789473685, "reusita": 59.45945945945946, "cnt": 111}, "GEOGRAFIE": {"medie": 5.985576923076922, "reusita": 66.66666666666666, "cnt": 63}, "LOGICA, ARGUMENTARE SI COMUNICARE": {"medie": 6.104999999999999, "reusita": 60.86956521739131, "cnt": 46}, "FILOSOFIE": {"medie": 4.725, "reusita": 50.0, "cnt": 2}}, "nume": "LICEUL CU PROGRAM SPORTIV BOTOSANI\tBoto\u0219ani"}