{"specializari": {"TEHNICIAN ECOLOG SI PROTECTIA CALITATII MEDIULUI": 5, "TEHNICIAN IN AGRICULTURA": 19, "TEHNICIAN HIDRO-METEOROLOG": 24}, "limba_moderna": {"LIMBA ENGLEZA": 48}, "limba_materna": {"LIMBA ROMANA": 48}, "promotie_anterioara": {"DA": 11, "NU": 37}, "materii": {"LIMBA ROMANA": {"medie": 4.853846153846154, "reusita": 33.33333333333333, "cnt": 48}, "ANATOMIE SI FIZIOLOGIE UMANA, GENETICA SI ECOLOGIE UMANA": {"medie": 2.3, "reusita": 0.0, "cnt": 9}, "GENERAL": {"medie": 4.4079710144927535, "reusita": 8.333333333333332, "cnt": 48}, "BIOLOGIE VEGETALA SI ANIMALA": {"medie": 4.5062500000000005, "reusita": 28.205128205128204, "cnt": 39}, "MATEMATICA TEHN": {"medie": 3.8479166666666678, "reusita": 22.916666666666664, "cnt": 48}}, "nume": "LICEUL AGRICOL POARTA ALBA\tConstan\u021ba"}