{"specializari": {"LICEU CU PROGRAM SPORTIV": 82}, "limba_moderna": {"LIMBA ENGLEZA": 66, "LIMBA FRANCEZA": 16}, "limba_materna": {"LIMBA ROMANA": 82}, "promotie_anterioara": {"DA": 6, "NU": 76}, "materii": {"LIMBA ROMANA": {"medie": 5.576666666666667, "reusita": 67.07317073170732, "cnt": 82}, "GENERAL": {"medie": 6.033568075117371, "reusita": 43.90243902439025, "cnt": 82}, "ISTORIE": {"medie": 5.878947368421055, "reusita": 84.14634146341463, "cnt": 82}, "GEOGRAFIE": {"medie": 6.364084507042252, "reusita": 74.68354430379746, "cnt": 79}, "LOGICA, ARGUMENTARE SI COMUNICARE": {"medie": "-", "reusita": 0.0, "cnt": 1}, "PSIHOLOGIE": {"medie": 6.65, "reusita": 100.0, "cnt": 2}}, "nume": "LICEUL CU PROGRAM SPORTIV, MUNICIPIUL ROMAN\tNeam\u021b"}