{"specializari": {"LICEU CU PROGRAM SPORTIV": 84, "FILOLOGIE": 5}, "limba_moderna": {"LIMBA ENGLEZA": 88, "LIMBA FRANCEZA": 1}, "limba_materna": {"LIMBA ROMANA": 89}, "promotie_anterioara": {"DA": 18, "NU": 71}, "materii": {"LIMBA ROMANA": {"medie": 6.281818181818181, "reusita": 89.8876404494382, "cnt": 89}, "GENERAL": {"medie": 6.663984674329501, "reusita": 69.66292134831461, "cnt": 89}, "ISTORIE": {"medie": 6.346629213483146, "reusita": 89.8876404494382, "cnt": 89}, "GEOGRAFIE": {"medie": 7.305952380952383, "reusita": 91.76470588235294, "cnt": 85}, "LOGICA, ARGUMENTARE SI COMUNICARE": {"medie": 6.8, "reusita": 75.0, "cnt": 4}}, "nume": "LICEUL CU PROGRAM SPORTIV\tBr\u0103ila"}