{"specializari": {"STIINTE ALE NATURII": 6}, "limba_moderna": {"LIMBA FRANCEZA": 6}, "limba_materna": {"LIMBA ROMANA": 6}, "promotie_anterioara": {"NU": 6}, "materii": {"LIMBA ROMANA": {"medie": 5.15, "reusita": 16.666666666666664, "cnt": 6}, "GENERAL": {"medie": 6.099999999999999, "reusita": 16.666666666666664, "cnt": 6}, "MATEMATICA ST-NAT": {"medie": 5.05, "reusita": 16.666666666666664, "cnt": 6}, "BIOLOGIE VEGETALA SI ANIMALA": {"medie": 8.1, "reusita": 16.666666666666664, "cnt": 6}}, "nume": "CENTRUL SCOLAR PENTRU EDUCATIE INCLUZIVA \"ELENA DOAMNA\" FOCSANI\tVrancea"}