{"specializari": {"STIINTE SOCIALE": 4, "FILOLOGIE": 1, "TEHNICIAN IN ACTIVITATI DE POSTA": 2}, "limba_moderna": {"LIMBA ENGLEZA": 7}, "limba_materna": {"LIMBA ROMANA": 7}, "promotie_anterioara": {"DA": 5, "NU": 2}, "materii": {"LIMBA ROMANA": {"medie": 5.7, "reusita": 42.857142857142854, "cnt": 7}, "GENERAL": {"medie": 6.203333333333332, "reusita": 14.285714285714285, "cnt": 7}, "ISTORIE": {"medie": 6.55, "reusita": 40.0, "cnt": 5}, "LOGICA, ARGUMENTARE SI COMUNICARE": {"medie": "-", "reusita": 0.0, "cnt": 1}, "GEOGRAFIE": {"medie": 6.93, "reusita": 66.66666666666666, "cnt": 6}, "MATEMATICA TEHN": {"medie": 5.125, "reusita": 50.0, "cnt": 2}}, "nume": "CENTRUL DE STUDII \"STEFAN CEL MARE SI SFANT - BUCOVINA\" CAMPULUNG MOLDOVENESC\tSuceava"}