{"specializari": {"TEHNICIAN ANALIZE PRODUSE ALIMENTARE": 35, "TEHNICIAN ECOLOG SI PROTECTIA CALITATII MEDIULUI": 23, "TEHNICIAN IN INSTALATII ELECTRICE": 3, "TEHNICIAN CHIMIST DE LABORATOR": 2, "TEHNICIAN IN CHIMIE INDUSTRIALA": 2, "TEHNICIAN OPERATOR TEHNICA DE CALCUL": 1}, "limba_moderna": {"LIMBA ENGLEZA": 56, "LIMBA FRANCEZA": 10}, "limba_materna": {"LIMBA ROMANA": 66}, "promotie_anterioara": {"NU": 38, "DA": 28}, "materii": {"LIMBA ROMANA": {"medie": 5.9015873015873, "reusita": 83.33333333333334, "cnt": 66}, "GENERAL": {"medie": 6.0388888888888905, "reusita": 51.515151515151516, "cnt": 66}, "ANATOMIE SI FIZIOLOGIE UMANA, GENETICA SI ECOLOGIE UMANA": {"medie": 6.034259259259262, "reusita": 80.7017543859649, "cnt": 57}, "BIOLOGIE VEGETALA SI ANIMALA": {"medie": 6.916666666666667, "reusita": 75.0, "cnt": 8}, "MATEMATICA TEHN": {"medie": 6.0919354838709685, "reusita": 78.78787878787878, "cnt": 66}, "FIZICA TEH": {"medie": 1.6, "reusita": 0.0, "cnt": 1}}, "nume": "COLEGIUL TEHNIC \"GENERAL GHEORGHE MAGHERU\" TARGU JIU\tGorj"}