{"specializari": {"COAFOR STILIST": 29, "TEHNICIAN IN TURISM": 29, "TEHNICIAN DESIGNER VESTIMENTAR": 28, "TEHNICIAN IN INDUSTRIA TEXTILA": 2}, "limba_moderna": {"LIMBA ENGLEZA": 86, "LIMBA GERMANA MODERNA": 2}, "limba_materna": {"LIMBA ROMANA": 88}, "promotie_anterioara": {"NU": 69, "DA": 19}, "materii": {"LIMBA ROMANA": {"medie": 6.175000000000001, "reusita": 86.36363636363636, "cnt": 88}, "GENERAL": {"medie": 6.841358024691358, "reusita": 65.9090909090909, "cnt": 88}, "LOGICA, ARGUMENTARE SI COMUNICARE": {"medie": 8.223333333333333, "reusita": 93.75, "cnt": 16}, "GEOGRAFIE": {"medie": 8.172500000000001, "reusita": 95.23809523809523, "cnt": 42}, "BIOLOGIE VEGETALA SI ANIMALA": {"medie": 6.1419999999999995, "reusita": 58.620689655172406, "cnt": 29}, "MATEMATICA TEHN": {"medie": 6.614880952380952, "reusita": 85.22727272727273, "cnt": 88}, "FIZICA TEH": {"medie": 2.2, "reusita": 0.0, "cnt": 1}}, "nume": "COLEGIUL TEHNIC \"CIBINIUM\" SIBIU\tSibiu"}