{"specializari": {"LICEU CU PROGRAM SPORTIV": 70, "MATEMATICA-INFORMATICA": 26, "FILOLOGIE": 33}, "limba_moderna": {"LIMBA ENGLEZA": 129}, "limba_materna": {"LIMBA ROMANA": 129}, "promotie_anterioara": {"NU": 117, "DA": 12}, "materii": {"LIMBA ROMANA": {"medie": 6.781349206349207, "reusita": 93.02325581395348, "cnt": 129}, "MATEMATICA MATE-INFO": {"medie": 7.278846153846154, "reusita": 92.3076923076923, "cnt": 26}, "INFORMATICA MI C/C++": {"medie": 6.025, "reusita": 100.0, "cnt": 2}, "GENERAL": {"medie": 7.326851851851848, "reusita": 82.94573643410853, "cnt": 129}, "ISTORIE": {"medie": 7.142, "reusita": 90.29126213592234, "cnt": 103}, "LOGICA, ARGUMENTARE SI COMUNICARE": {"medie": 8.342592592592593, "reusita": 86.20689655172413, "cnt": 29}, "GEOGRAFIE": {"medie": 8.124218750000002, "reusita": 98.46153846153847, "cnt": 65}, "FIZICA TEO": {"medie": 8.4125, "reusita": 100.0, "cnt": 4}, "CHIMIE ORGANICA TEO NIVEL I/II": {"medie": 9.5, "reusita": 100.0, "cnt": 2}, "PSIHOLOGIE": {"medie": 7.9125, "reusita": 100.0, "cnt": 8}, "ANATOMIE SI FIZIOLOGIE UMANA, GENETICA SI ECOLOGIE UMANA": {"medie": 7.347222222222222, "reusita": 100.0, "cnt": 18}, "FILOSOFIE": {"medie": 6.2, "reusita": 100.0, "cnt": 1}}, "nume": "COLEGIUL NATIONAL \"EMIL RACOVITA\"\tBucure\u0219ti"}