{"specializari": {"INVATATOR - EDUCATOARE": 16, "TEHNICIAN IN ACTIVITATI ECONOMICE": 12, "TEHNICIAN IN INSTALATII ELECTRICE": 16}, "limba_moderna": {"LIMBA ENGLEZA": 44}, "limba_materna": {"LIMBA ROMANA": 44}, "promotie_anterioara": {"NU": 36, "DA": 8}, "materii": {"LIMBA ROMANA": {"medie": 6.173255813953488, "reusita": 77.27272727272727, "cnt": 44}, "GENERAL": {"medie": 5.739430894308942, "reusita": 36.36363636363637, "cnt": 44}, "GEOGRAFIE": {"medie": 7.507407407407406, "reusita": 92.85714285714286, "cnt": 28}, "BIOLOGIE VEGETALA SI ANIMALA": {"medie": 3.1875, "reusita": 12.5, "cnt": 16}, "MATEMATICA PED": {"medie": 6.093749999999999, "reusita": 68.75, "cnt": 16}, "MATEMATICA TEHN": {"medie": 4.365384615384617, "reusita": 42.857142857142854, "cnt": 28}}, "nume": "COLEGIUL NATIONAL \"MIHAI EMINESCU\" TOPLITA\tHarghita"}