{"specializari": {"TEHNICIAN IN ACTIVITATI ECONOMICE": 34, "TEHNICIAN IN INDUSTRIA ALIMENTARA": 26, "TEHNICIAN ANALIZE PRODUSE ALIMENTARE": 26, "TEHNICIAN ECOLOG SI PROTECTIA CALITATII MEDIULUI": 23, "TEHNICIAN PROIECTANT CAD": 20, "TEHNICIAN HORTICULTOR": 7, "TEHNICIAN IN AGRICULTURA": 21, "TEHNICIAN MECANIC PENTRU INTRETINERE SI REPARATII": 1}, "limba_moderna": {"LIMBA ENGLEZA": 151, "LIMBA FRANCEZA": 7}, "limba_materna": {"LIMBA ROMANA": 158}, "promotie_anterioara": {"NU": 136, "DA": 22}, "materii": {"LIMBA ROMANA": {"medie": 5.2010067114093985, "reusita": 62.65822784810127, "cnt": 158}, "GENERAL": {"medie": 5.2412100456621, "reusita": 29.11392405063291, "cnt": 158}, "LOGICA, ARGUMENTARE SI COMUNICARE": {"medie": 7.516666666666667, "reusita": 95.23809523809523, "cnt": 21}, "GEOGRAFIE": {"medie": 7.670833333333334, "reusita": 92.3076923076923, "cnt": 13}, "ANATOMIE SI FIZIOLOGIE UMANA, GENETICA SI ECOLOGIE UMANA": {"medie": 5.101612903225807, "reusita": 55.44554455445545, "cnt": 101}, "BIOLOGIE VEGETALA SI ANIMALA": {"medie": 2.7972222222222225, "reusita": 10.526315789473683, "cnt": 19}, "MATEMATICA TEHN": {"medie": 5.100000000000001, "reusita": 55.69620253164557, "cnt": 158}, "CHIMIE ANORGANICA TEH NIVEL I/II": {"medie": 5.675, "reusita": 50.0, "cnt": 4}}, "nume": "COLEGIUL AGRICOL \"DIMITRIE CANTEMIR\", MUN. HUSI\tVaslui"}