{"specializari": {"FILOLOGIE": 67, "MATEMATICA-INFORMATICA": 117, "STIINTE ALE NATURII": 65}, "limba_moderna": {"LIMBA ENGLEZA": 242, "LIMBA FRANCEZA": 3, "LIMBA GERMANA MODERNA": 4}, "limba_materna": {"LIMBA ROMANA": 249}, "promotie_anterioara": {"NU": 249}, "materii": {"LIMBA ROMANA": {"medie": 8.04678714859438, "reusita": 100.0, "cnt": 249}, "MATEMATICA MATE-INFO": {"medie": 8.369230769230766, "reusita": 98.29059829059828, "cnt": 117}, "INFORMATICA MI C/C++": {"medie": 9.31162790697675, "reusita": 100.0, "cnt": 43}, "GENERAL": {"medie": 8.42570281124498, "reusita": 97.59036144578313, "cnt": 249}, "ISTORIE": {"medie": 8.513432835820897, "reusita": 98.50746268656717, "cnt": 67}, "LOGICA, ARGUMENTARE SI COMUNICARE": {"medie": 8.904166666666667, "reusita": 100.0, "cnt": 24}, "CHIMIE ORGANICA TEO NIVEL I/II": {"medie": 9.512121212121214, "reusita": 100.0, "cnt": 33}, "MATEMATICA ST-NAT": {"medie": 8.233846153846153, "reusita": 100.0, "cnt": 65}, "FIZICA TEO": {"medie": 8.658928571428572, "reusita": 96.42857142857143, "cnt": 28}, "GEOGRAFIE": {"medie": 9.343939393939396, "reusita": 100.0, "cnt": 33}, "PSIHOLOGIE": {"medie": 7.875, "reusita": 100.0, "cnt": 2}, "ANATOMIE SI FIZIOLOGIE UMANA, GENETICA SI ECOLOGIE UMANA": {"medie": 8.15328947368421, "reusita": 100.0, "cnt": 76}, "CHIMIE ANORGANICA TEO NIVEL I/II": {"medie": 9.7, "reusita": 100.0, "cnt": 1}, "SOCIOLOGIE": {"medie": 9.23125, "reusita": 100.0, "cnt": 8}, "INFORMATICA SN C/C++": {"medie": 7.8, "reusita": 100.0, "cnt": 1}}, "nume": "COLEGIUL NATIONAL \"TUDOR VLADIMIRESCU\" TARGU JIU\tGorj"}