{"specializari": {"STIINTE ALE NATURII": 68, "INVATATOR - EDUCATOARE": 56, "FILOLOGIE": 38, "MATEMATICA-INFORMATICA": 64}, "limba_moderna": {"LIMBA GERMANA MODERNA": 3, "LIMBA ENGLEZA": 222, "LIMBA FRANCEZA": 1}, "limba_materna": {"LIMBA ROMANA": 226}, "promotie_anterioara": {"NU": 222, "DA": 4}, "materii": {"LIMBA ROMANA": {"medie": 7.985840707964599, "reusita": 100.0, "cnt": 226}, "MATEMATICA MATE-INFO": {"medie": 8.402343749999996, "reusita": 100.0, "cnt": 64}, "INFORMATICA MI C/C++": {"medie": 8.55, "reusita": 100.0, "cnt": 36}, "GENERAL": {"medie": 8.415629629629626, "reusita": 96.46017699115043, "cnt": 226}, "ISTORIE": {"medie": 7.761842105263158, "reusita": 100.0, "cnt": 38}, "LOGICA, ARGUMENTARE SI COMUNICARE": {"medie": 9.11293103448276, "reusita": 100.0, "cnt": 58}, "GEOGRAFIE": {"medie": 9.207575757575757, "reusita": 100.0, "cnt": 33}, "FIZICA TEO": {"medie": 9.188888888888888, "reusita": 100.0, "cnt": 9}, "MATEMATICA ST-NAT": {"medie": 8.78382352941176, "reusita": 98.52941176470588, "cnt": 68}, "PSIHOLOGIE": {"medie": 8.05, "reusita": 100.0, "cnt": 2}, "SOCIOLOGIE": {"medie": 9.65, "reusita": 100.0, "cnt": 1}, "ANATOMIE SI FIZIOLOGIE UMANA, GENETICA SI ECOLOGIE UMANA": {"medie": 8.077710843373493, "reusita": 95.23809523809523, "cnt": 84}, "BIOLOGIE VEGETALA SI ANIMALA": {"medie": 7.025, "reusita": 100.0, "cnt": 2}, "MATEMATICA PED": {"medie": 9.211607142857144, "reusita": 100.0, "cnt": 56}, "INFORMATICA SN C/C++": {"medie": 9.45, "reusita": 100.0, "cnt": 1}}, "nume": "COLEGIUL NATIONAL PEDAGOGIC \"STEFAN VELOVAN\" CRAIOVA\tDolj"}