{"specializari": {"STIINTE SOCIALE": 32, "FILOLOGIE": 63, "MATEMATICA-INFORMATICA": 105, "TEHNICIAN MECANIC PENTRU INTRETINERE SI REPARATII": 1}, "limba_moderna": {"LIMBA ENGLEZA": 184, "LIMBA FRANCEZA": 17}, "limba_materna": {"LIMBA ROMANA": 201}, "promotie_anterioara": {"NU": 192, "DA": 9}, "materii": {"LIMBA ROMANA": {"medie": 7.405025125628141, "reusita": 98.50746268656717, "cnt": 201}, "MATEMATICA MATE-INFO": {"medie": 7.264903846153849, "reusita": 97.14285714285714, "cnt": 105}, "INFORMATICA MI C/C++": {"medie": 6.991428571428572, "reusita": 94.28571428571428, "cnt": 35}, "GENERAL": {"medie": 7.758123953098825, "reusita": 91.04477611940298, "cnt": 201}, "ISTORIE": {"medie": 8.723936170212765, "reusita": 97.89473684210527, "cnt": 95}, "LOGICA, ARGUMENTARE SI COMUNICARE": {"medie": 8.465909090909092, "reusita": 91.30434782608695, "cnt": 23}, "GEOGRAFIE": {"medie": 8.770212765957446, "reusita": 100.0, "cnt": 47}, "FIZICA TEO": {"medie": 7.572727272727272, "reusita": 100.0, "cnt": 11}, "SOCIOLOGIE": {"medie": 8.545833333333334, "reusita": 100.0, "cnt": 24}, "ANATOMIE SI FIZIOLOGIE UMANA, GENETICA SI ECOLOGIE UMANA": {"medie": 7.494642857142857, "reusita": 96.49122807017544, "cnt": 57}, "CHIMIE ANORGANICA TEO NIVEL I/II": {"medie": 7.7, "reusita": 100.0, "cnt": 1}, "BIOLOGIE VEGETALA SI ANIMALA": {"medie": 5.9750000000000005, "reusita": 50.0, "cnt": 2}, "ECONOMIE": {"medie": 6.5, "reusita": 100.0, "cnt": 1}, "MATEMATICA TEHN": {"medie": 5.0, "reusita": 100.0, "cnt": 1}}, "nume": "COLEGIUL NATIONAL \"OCTAV ONICESCU\"\tBucure\u0219ti"}