{"specializari": {"MATEMATICA-INFORMATICA": 245}, "limba_moderna": {"LIMBA ENGLEZA": 228, "LIMBA GERMANA MODERNA": 15, "LIMBA FRANCEZA": 2}, "limba_materna": {"LIMBA ROMANA": 245}, "promotie_anterioara": {"NU": 245}, "materii": {"LIMBA ROMANA": {"medie": 8.82959183673469, "reusita": 100.0, "cnt": 245}, "MATEMATICA MATE-INFO": {"medie": 9.371020408163265, "reusita": 100.0, "cnt": 245}, "INFORMATICA MI C/C++": {"medie": 9.283163265306122, "reusita": 100.0, "cnt": 98}, "GENERAL": {"medie": 9.158911564625853, "reusita": 100.0, "cnt": 245}, "FIZICA TEO": {"medie": 9.411458333333332, "reusita": 100.0, "cnt": 96}, "CHIMIE ORGANICA TEO NIVEL I/II": {"medie": 9.477777777777776, "reusita": 100.0, "cnt": 27}, "ANATOMIE SI FIZIOLOGIE UMANA, GENETICA SI ECOLOGIE UMANA": {"medie": 8.299999999999999, "reusita": 100.0, "cnt": 19}, "CHIMIE ANORGANICA TEO NIVEL I/II": {"medie": 9.225, "reusita": 100.0, "cnt": 4}, "BIOLOGIE VEGETALA SI ANIMALA": {"medie": 8.9, "reusita": 100.0, "cnt": 1}}, "nume": "COLEGIUL NATIONAL DE INFORMATICA \"TUDOR VIANU\"\tBucure\u0219ti"}