{"specializari": {"STIINTE SOCIALE": 33, "STIINTE ALE NATURII": 29, "INVATATOR - EDUCATOARE": 53, "MATEMATICA-INFORMATICA": 61}, "limba_moderna": {"LIMBA ENGLEZA": 163, "LIMBA FRANCEZA": 13}, "limba_materna": {"LIMBA ROMANA": 176}, "promotie_anterioara": {"NU": 176}, "materii": {"LIMBA ROMANA": {"medie": 8.920454545454545, "reusita": 100.0, "cnt": 176}, "MATEMATICA MATE-INFO": {"medie": 9.12622950819672, "reusita": 100.0, "cnt": 61}, "INFORMATICA MI C/C++": {"medie": 9.230882352941178, "reusita": 100.0, "cnt": 34}, "GENERAL": {"medie": 9.102462121212117, "reusita": 100.0, "cnt": 176}, "ISTORIE": {"medie": 9.190909090909091, "reusita": 100.0, "cnt": 33}, "LOGICA, ARGUMENTARE SI COMUNICARE": {"medie": 9.287254901960784, "reusita": 100.0, "cnt": 51}, "CHIMIE ORGANICA TEO NIVEL I/II": {"medie": 9.839285714285714, "reusita": 100.0, "cnt": 14}, "MATEMATICA ST-NAT": {"medie": 9.308620689655173, "reusita": 100.0, "cnt": 29}, "FIZICA TEO": {"medie": 9.123076923076924, "reusita": 100.0, "cnt": 13}, "GEOGRAFIE": {"medie": 9.138636363636364, "reusita": 100.0, "cnt": 22}, "PSIHOLOGIE": {"medie": 8.783333333333333, "reusita": 100.0, "cnt": 6}, "ANATOMIE SI FIZIOLOGIE UMANA, GENETICA SI ECOLOGIE UMANA": {"medie": 8.655172413793101, "reusita": 100.0, "cnt": 29}, "MATEMATICA PED": {"medie": 9.40188679245283, "reusita": 100.0, "cnt": 53}, "ECONOMIE": {"medie": 8.464285714285715, "reusita": 100.0, "cnt": 7}}, "nume": "COLEGIUL NATIONAL DE INFORMATICA MATEI BASARAB, MUN. RM. VALCEA\tV\u00e2lcea"}