{"specializari": {"TEHNICIAN PROIECTANT CAD": 31, "TEHNICIAN ECOLOG SI PROTECTIA CALITATII MEDIULUI": 31, "STIINTE ALE NATURII": 30, "ARHITECTURA, ARTE AMBIENTALE SI DESIGN": 27, "TEHNICIAN DESENATOR PENTRU CONSTRUCTII SI INSTALATII": 85, "TEHNICIAN DESIGNER MOBILA SI AMENAJARI INTERIOARE": 26, "TEHNICIAN IN CONSTRUCTII SI LUCRARI PUBLICE": 5, "TEHNICIAN OPERATOR TEHNICA DE CALCUL": 1, "TEHNICIAN TRANSPORTURI": 3, "TEHNICIAN INSTALATOR PENTRU CONSTRUCTII": 1, "FILOLOGIE": 1}, "limba_moderna": {"LIMBA ENGLEZA": 223, "LIMBA RUSA": 13, "LIMBA FRANCEZA": 5}, "limba_materna": {"LIMBA ROMANA": 241}, "promotie_anterioara": {"NU": 205, "DA": 36}, "materii": {"LIMBA ROMANA": {"medie": 6.296835443037975, "reusita": 94.6058091286307, "cnt": 241}, "GENERAL": {"medie": 6.60866084425037, "reusita": 59.75103734439834, "cnt": 241}, "ISTORIE": {"medie": 6.622222222222223, "reusita": 92.85714285714286, "cnt": 28}, "LOGICA, ARGUMENTARE SI COMUNICARE": {"medie": 8.9, "reusita": 100.0, "cnt": 1}, "CHIMIE ORGANICA TEO NIVEL I/II": {"medie": 6.987500000000001, "reusita": 100.0, "cnt": 4}, "MATEMATICA ST-NAT": {"medie": 7.88103448275862, "reusita": 90.0, "cnt": 30}, "FIZICA TEO": {"medie": 7.45, "reusita": 100.0, "cnt": 3}, "GEOGRAFIE": {"medie": 7.707407407407408, "reusita": 100.0, "cnt": 27}, "ANATOMIE SI FIZIOLOGIE UMANA, GENETICA SI ECOLOGIE UMANA": {"medie": 6.827272727272728, "reusita": 80.85106382978722, "cnt": 47}, "CHIMIE ANORGANICA TEO NIVEL I/II": {"medie": 8.700000000000001, "reusita": 100.0, "cnt": 3}, "BIOLOGIE VEGETALA SI ANIMALA": {"medie": 5.479207920792079, "reusita": 64.81481481481481, "cnt": 108}, "MATEMATICA TEHN": {"medie": 7.01864406779661, "reusita": 89.61748633879782, "cnt": 183}, "FIZICA TEH": {"medie": 7.259999999999998, "reusita": 92.5, "cnt": 40}, "CHIMIE ANORGANICA TEH NIVEL I/II": {"medie": 4.3500000000000005, "reusita": 37.5, "cnt": 8}}, "nume": "COLEGIUL TEHNIC \"GHEORGHE ASACHI\", IASI\tIa\u0219i"}