{"specializari": {"FILOLOGIE": 30, "MATEMATICA-INFORMATICA": 85, "STIINTE ALE NATURII": 29}, "limba_moderna": {"LIMBA ENGLEZA": 139, "LIMBA FRANCEZA": 4, "LIMBA GERMANA MODERNA": 1}, "limba_materna": {"LIMBA ROMANA": 144}, "promotie_anterioara": {"NU": 144}, "materii": {"LIMBA ROMANA": {"medie": 9.083333333333334, "reusita": 100.0, "cnt": 144}, "MATEMATICA MATE-INFO": {"medie": 9.461176470588233, "reusita": 100.0, "cnt": 85}, "INFORMATICA MI C/C++": {"medie": 9.563461538461539, "reusita": 100.0, "cnt": 26}, "GENERAL": {"medie": 9.3806712962963, "reusita": 100.0, "cnt": 144}, "ISTORIE": {"medie": 9.51, "reusita": 100.0, "cnt": 30}, "LOGICA, ARGUMENTARE SI COMUNICARE": {"medie": 9.78, "reusita": 100.0, "cnt": 5}, "GEOGRAFIE": {"medie": 9.354761904761906, "reusita": 100.0, "cnt": 21}, "FIZICA TEO": {"medie": 9.686585365853656, "reusita": 100.0, "cnt": 41}, "CHIMIE ORGANICA TEO NIVEL I/II": {"medie": 9.775, "reusita": 100.0, "cnt": 18}, "MATEMATICA ST-NAT": {"medie": 9.708620689655175, "reusita": 100.0, "cnt": 29}, "SOCIOLOGIE": {"medie": 9.683333333333334, "reusita": 100.0, "cnt": 3}, "ANATOMIE SI FIZIOLOGIE UMANA, GENETICA SI ECOLOGIE UMANA": {"medie": 9.215517241379313, "reusita": 100.0, "cnt": 29}, "FILOSOFIE": {"medie": 10.0, "reusita": 100.0, "cnt": 1}}, "nume": "COLEGIUL NATIONAL, IASI\tIa\u0219i"}