{"specializari": {"TEHNICIAN PRODUCTIE FILM SI TELEVIZIUNE": 33, "TEHNICIAN ECOLOG SI PROTECTIA CALITATII MEDIULUI": 35, "TEHNICIAN MECATRONIST": 24, "TEHNICIAN IN AUTOMATIZARI": 34, "TEHNICIAN DESENATOR PENTRU CONSTRUCTII SI INSTALATII": 9, "TEHNICIAN INSTALATOR PENTRU CONSTRUCTII": 2, "TEHNICIAN DE TELECOMUNICATII": 1, "TEHNICIAN IN INSTALATII ELECTRICE": 1, "TEHNICIAN PRELUCRARI MECANICE": 1}, "limba_moderna": {"LIMBA ENGLEZA": 138, "LIMBA FRANCEZA": 2}, "limba_materna": {"LIMBA ROMANA": 140}, "promotie_anterioara": {"NU": 95, "DA": 45}, "materii": {"LIMBA ROMANA": {"medie": 6.285507246376813, "reusita": 97.85714285714285, "cnt": 140}, "GENERAL": {"medie": 6.200364963503647, "reusita": 56.42857142857143, "cnt": 140}, "ANATOMIE SI FIZIOLOGIE UMANA, GENETICA SI ECOLOGIE UMANA": {"medie": 5.851785714285714, "reusita": 82.14285714285714, "cnt": 28}, "BIOLOGIE VEGETALA SI ANIMALA": {"medie": 5.530434782608695, "reusita": 67.02127659574468, "cnt": 94}, "MATEMATICA TEHN": {"medie": 6.51474820143885, "reusita": 90.71428571428571, "cnt": 140}, "FIZICA TEH": {"medie": 7.699999999999999, "reusita": 100.0, "cnt": 2}, "CHIMIE ANORGANICA TEH NIVEL I/II": {"medie": 6.6625, "reusita": 93.75, "cnt": 16}}, "nume": "COLEGIUL TEHNIC \"MIRCEA CRISTEA\" BRASOV\tBra\u0219ov"}