{"specializari": {"TEHNICIAN IN AUTOMATIZARI": 35, "TEHNICIAN IN INSTALATII ELECTRICE": 21, "TEHNICIAN ELECTROTEHNIST": 1}, "limba_moderna": {"LIMBA ENGLEZA": 52, "LIMBA FRANCEZA": 5}, "limba_materna": {"LIMBA ROMANA": 39, "LIMBA MAGHIARA": 9, "LIMBA GERMANA": 9}, "promotie_anterioara": {"NU": 40, "DA": 17}, "materii": {"LIMBA ROMANA": {"medie": 5.703571428571428, "reusita": 89.47368421052632, "cnt": 57}, "GENERAL": {"medie": 6.001955782312926, "reusita": 36.84210526315789, "cnt": 57}, "BIOLOGIE VEGETALA SI ANIMALA": {"medie": 5.170833333333334, "reusita": 54.761904761904766, "cnt": 42}, "LIMBA GERMANA": {"medie": 5.327777777777778, "reusita": 77.77777777777779, "cnt": 9}, "MATEMATICA TEHN": {"medie": 6.535185185185186, "reusita": 84.21052631578947, "cnt": 57}, "FIZICA TEH": {"medie": 5.95, "reusita": 60.0, "cnt": 15}, "LIMBA MAGHIARA (REAL)": {"medie": 6.455555555555557, "reusita": 100.0, "cnt": 9}}, "nume": "COLEGIUL TEHNIC ENERGETIC \"REMUS RADULET\" BRASOV\tBra\u0219ov"}