{"specializari": {"MATEMATICA-INFORMATICA": 111}, "limba_moderna": {"LIMBA ENGLEZA": 111}, "limba_materna": {"LIMBA ROMANA": 111}, "promotie_anterioara": {"NU": 109, "DA": 2}, "materii": {"LIMBA ROMANA": {"medie": 7.796846846846845, "reusita": 100.0, "cnt": 111}, "MATEMATICA MATE-INFO": {"medie": 8.483333333333334, "reusita": 100.0, "cnt": 111}, "INFORMATICA MI C/C++": {"medie": 7.6130136986301356, "reusita": 95.8904109589041, "cnt": 73}, "GENERAL": {"medie": 8.001201201201205, "reusita": 96.3963963963964, "cnt": 111}, "FIZICA TEO": {"medie": 7.325, "reusita": 100.0, "cnt": 6}, "CHIMIE ORGANICA TEO NIVEL I/II": {"medie": 9.166666666666666, "reusita": 100.0, "cnt": 3}, "BIOLOGIE VEGETALA SI ANIMALA": {"medie": 7.934482758620687, "reusita": 96.55172413793103, "cnt": 29}}, "nume": "COLEGIUL NATIONAL MILITAR \"ALEXANDRU IOAN CUZA\" CONSTANTA\tConstan\u021ba"}