{"specializari": {"TEHNICIAN IN GASTRONOMIE": 25, "STIINTE SOCIALE": 32, "TEHNICIAN ANALIZE PRODUSE ALIMENTARE": 31, "TEHNICIAN VETERINAR": 25, "TEHNICIAN AGROMONTAN": 8, "TEHNICIAN ELECTROMECANIC": 2, "TEHNICIAN TRANSPORTURI": 2, "TEHNICIAN ECOLOG SI PROTECTIA CALITATII MEDIULUI": 3, "TEHNICIAN IN INDUSTRIA ALIMENTARA": 4, "TEHNICIAN IN AGROTURISM": 1, "TEHNICIAN IN AUTOMATIZARI": 1}, "limba_moderna": {"LIMBA ENGLEZA": 99, "LIMBA FRANCEZA": 35}, "limba_materna": {"LIMBA ROMANA": 134}, "promotie_anterioara": {"NU": 110, "DA": 24}, "materii": {"LIMBA ROMANA": {"medie": 5.8052, "reusita": 73.88059701492537, "cnt": 134}, "GENERAL": {"medie": 5.886403508771931, "reusita": 41.04477611940299, "cnt": 134}, "ISTORIE": {"medie": 6.8656250000000005, "reusita": 96.875, "cnt": 32}, "LOGICA, ARGUMENTARE SI COMUNICARE": {"medie": 8.45, "reusita": 100.0, "cnt": 8}, "GEOGRAFIE": {"medie": 7.308139534883718, "reusita": 93.18181818181817, "cnt": 44}, "PSIHOLOGIE": {"medie": 6.75, "reusita": 100.0, "cnt": 1}, "ANATOMIE SI FIZIOLOGIE UMANA, GENETICA SI ECOLOGIE UMANA": {"medie": 4.987777777777778, "reusita": 51.92307692307693, "cnt": 52}, "BIOLOGIE VEGETALA SI ANIMALA": {"medie": 4.869999999999999, "reusita": 44.44444444444444, "cnt": 18}, "SOCIOLOGIE": {"medie": 7.762499999999999, "reusita": 100.0, "cnt": 4}, "MATEMATICA TEHN": {"medie": 4.937349397590363, "reusita": 51.9607843137255, "cnt": 102}, "FIZICA TEH": {"medie": 5.0, "reusita": 100.0, "cnt": 1}, "CHIMIE ANORGANICA TEH NIVEL I/II": {"medie": 3.8333333333333335, "reusita": 0.0, "cnt": 5}, "CHIMIE ORGANICA TEH NIVEL I/II": {"medie": 5.0, "reusita": 100.0, "cnt": 1}}, "nume": "COLEGIUL TEHNIC \"VALERIU D. COTEA\" FOCSANI\tVrancea"}