{"specializari": {"LICEU CU PROGRAM SPORTIV": 33, "TEHNICIAN MECATRONIST": 7, "TEHNICIAN OPERATOR TEHNICA DE CALCUL": 30, "TEHNICIAN IN AUTOMATIZARI": 10, "MATEMATICA-INFORMATICA": 2, "TEHNICIAN ELECTRONIST": 2, "TEHNICIAN ELECTROTEHNIST": 1}, "limba_moderna": {"LIMBA ENGLEZA": 84, "LIMBA FRANCEZA": 1}, "limba_materna": {"LIMBA ROMANA": 85}, "promotie_anterioara": {"NU": 56, "DA": 29}, "materii": {"LIMBA ROMANA": {"medie": 4.476056338028171, "reusita": 38.82352941176471, "cnt": 85}, "MATEMATICA MATE-INFO": {"medie": 3.025, "reusita": 50.0, "cnt": 2}, "GENERAL": {"medie": 4.457213930348258, "reusita": 17.647058823529413, "cnt": 85}, "ISTORIE": {"medie": 5.7232142857142865, "reusita": 60.60606060606061, "cnt": 33}, "LOGICA, ARGUMENTARE SI COMUNICARE": {"medie": 5.82, "reusita": 54.54545454545454, "cnt": 11}, "GEOGRAFIE": {"medie": 5.927777777777777, "reusita": 63.63636363636363, "cnt": 22}, "BIOLOGIE VEGETALA SI ANIMALA": {"medie": 3.4719512195121935, "reusita": 18.0, "cnt": 50}, "MATEMATICA TEHN": {"medie": 3.624999999999999, "reusita": 36.0, "cnt": 50}, "FIZICA TEH": {"medie": 5.05, "reusita": 50.0, "cnt": 2}}, "nume": "COLEGIUL TEHNIC \"EDMOND NICOLAU\"\tBucure\u0219ti"}