{"specializari": {"MATEMATICA-INFORMATICA": 31, "FILOLOGIE": 63, "STIINTE ALE NATURII": 24}, "limba_moderna": {"LIMBA ENGLEZA": 116, "LIMBA FRANCEZA": 2}, "limba_materna": {"LIMBA ROMANA": 118}, "promotie_anterioara": {"NU": 115, "DA": 3}, "materii": {"LIMBA ROMANA": {"medie": 7.355982905982904, "reusita": 94.0677966101695, "cnt": 118}, "MATEMATICA MATE-INFO": {"medie": 7.561290322580645, "reusita": 96.7741935483871, "cnt": 31}, "INFORMATICA MI C/C++": {"medie": 8.168750000000001, "reusita": 93.75, "cnt": 16}, "GENERAL": {"medie": 7.475213675213675, "reusita": 81.35593220338984, "cnt": 118}, "ISTORIE": {"medie": 7.156451612903227, "reusita": 88.88888888888889, "cnt": 63}, "LOGICA, ARGUMENTARE SI COMUNICARE": {"medie": 8.875, "reusita": 100.0, "cnt": 4}, "GEOGRAFIE": {"medie": 8.158333333333333, "reusita": 95.34883720930233, "cnt": 43}, "MATEMATICA ST-NAT": {"medie": 6.139583333333333, "reusita": 70.83333333333334, "cnt": 24}, "PSIHOLOGIE": {"medie": 7.449999999999999, "reusita": 93.75, "cnt": 16}, "ANATOMIE SI FIZIOLOGIE UMANA, GENETICA SI ECOLOGIE UMANA": {"medie": 8.18714285714286, "reusita": 91.42857142857143, "cnt": 35}, "INFORMATICA SN C/C++": {"medie": 5.7749999999999995, "reusita": 75.0, "cnt": 4}}, "nume": "COLEGIUL NATIONAL \"AVRAM IANCU\" STEI\tBihor"}