{"specializari": {"TEHNICIAN IN ACTIVITATI ECONOMICE": 120, "TEHNICIAN IN ADMINISTRATIE": 29, "TEHNICIAN IN TURISM": 30, "TEHNICIAN IN ACHIZITII SI CONTRACTARI": 30, "TEHNICIAN IN ACTIVITATI DE COMERT": 34, "TEHNICIAN IN GASTRONOMIE": 28, "ORGANIZATOR BANQUETING": 3, "TEHNICIAN IN HOTELARIE": 2, "MATEMATICA-INFORMATICA": 1}, "limba_moderna": {"LIMBA ENGLEZA": 266, "LIMBA FRANCEZA": 11}, "limba_materna": {"LIMBA ROMANA": 277}, "promotie_anterioara": {"NU": 262, "DA": 15}, "materii": {"LIMBA ROMANA": {"medie": 6.601831501831496, "reusita": 88.4476534296029, "cnt": 277}, "MATEMATICA MATE-INFO": {"medie": 4.6, "reusita": 0.0, "cnt": 1}, "GENERAL": {"medie": 7.477509293680297, "reusita": 83.75451263537906, "cnt": 277}, "LOGICA, ARGUMENTARE SI COMUNICARE": {"medie": 8.861764705882353, "reusita": 100.0, "cnt": 17}, "GEOGRAFIE": {"medie": 8.188775510204083, "reusita": 95.2191235059761, "cnt": 251}, "PSIHOLOGIE": {"medie": 7.1, "reusita": 100.0, "cnt": 2}, "ANATOMIE SI FIZIOLOGIE UMANA, GENETICA SI ECOLOGIE UMANA": {"medie": 6.15, "reusita": 100.0, "cnt": 1}, "MATEMATICA TEHN": {"medie": 7.598333333333339, "reusita": 93.11594202898551, "cnt": 276}, "ECONOMIE": {"medie": 6.283333333333332, "reusita": 83.33333333333334, "cnt": 6}}, "nume": "COLEGIUL ECONOMIC \"ION GHICA\" TARGOVISTE\tD\u00e2mbovi\u021ba"}