{"specializari": {"TEHNICIAN IN ACTIVITATI ECONOMICE": 32, "TEHNICIAN IN TURISM": 36, "TEHNICIAN IN GASTRONOMIE": 11, "TEHNICIAN IN ACHIZITII SI CONTRACTARI": 5, "ORGANIZATOR BANQUETING": 2}, "limba_moderna": {"LIMBA ENGLEZA": 85, "LIMBA FRANCEZA": 1}, "limba_materna": {"LIMBA ROMANA": 86}, "promotie_anterioara": {"NU": 69, "DA": 17}, "materii": {"LIMBA ROMANA": {"medie": 6.5107594936708875, "reusita": 86.04651162790698, "cnt": 86}, "GENERAL": {"medie": 6.8713675213675245, "reusita": 70.93023255813954, "cnt": 86}, "LOGICA, ARGUMENTARE SI COMUNICARE": {"medie": 7.912499999999999, "reusita": 100.0, "cnt": 12}, "GEOGRAFIE": {"medie": 7.176190476190476, "reusita": 88.57142857142857, "cnt": 70}, "PSIHOLOGIE": {"medie": 6.8, "reusita": 100.0, "cnt": 3}, "ECONOMIE": {"medie": 5.65, "reusita": 100.0, "cnt": 1}, "MATEMATICA TEHN": {"medie": 6.824358974358977, "reusita": 80.23255813953489, "cnt": 86}}, "nume": "COLEGIUL ECONOMIC \"HERMES\" PETROSANI\tHunedoara"}