{"specializari": {"TEHNICIAN IN ACTIVITATI ECONOMICE": 63, "TEHNICIAN IN ACTIVITATI DE COMERT": 64, "TEHNICIAN IN TURISM": 25, "ORGANIZATOR BANQUETING": 30, "TEHNICIAN IN INDUSTRIA ALIMENTARA": 29, "TEHNICIAN IN GASTRONOMIE": 28, "MATEMATICA-INFORMATICA": 1}, "limba_moderna": {"LIMBA FRANCEZA": 5, "LIMBA ENGLEZA": 235}, "limba_materna": {"LIMBA ROMANA": 240}, "promotie_anterioara": {"NU": 229, "DA": 11}, "materii": {"LIMBA ROMANA": {"medie": 6.751255230125519, "reusita": 98.75, "cnt": 240}, "MATEMATICA MATE-INFO": {"medie": 2.3, "reusita": 0.0, "cnt": 1}, "GENERAL": {"medie": 7.541176470588235, "reusita": 90.41666666666667, "cnt": 240}, "LOGICA, ARGUMENTARE SI COMUNICARE": {"medie": 8.161249999999999, "reusita": 95.0, "cnt": 40}, "GEOGRAFIE": {"medie": 8.281012658227842, "reusita": 100.0, "cnt": 158}, "PSIHOLOGIE": {"medie": 7.0, "reusita": 90.9090909090909, "cnt": 11}, "ANATOMIE SI FIZIOLOGIE UMANA, GENETICA SI ECOLOGIE UMANA": {"medie": 6.627083333333335, "reusita": 87.5, "cnt": 24}, "BIOLOGIE VEGETALA SI ANIMALA": {"medie": 2.7, "reusita": 0.0, "cnt": 1}, "MATEMATICA TEHN": {"medie": 7.844327731092435, "reusita": 96.65271966527197, "cnt": 239}, "ECONOMIE": {"medie": 5.5, "reusita": 100.0, "cnt": 1}, "CHIMIE ANORGANICA TEH NIVEL I/II": {"medie": 8.450000000000001, "reusita": 100.0, "cnt": 4}, "CHIMIE ORGANICA TEH NIVEL I/II": {"medie": 9.0, "reusita": 100.0, "cnt": 1}}, "nume": "COLEGIUL ECONOMIC \"VIRGIL MADGEARU\", IASI\tIa\u0219i"}