{"specializari": {"MATEMATICA-INFORMATICA": 30, "STIINTE ALE NATURII": 178}, "limba_moderna": {"LIMBA ENGLEZA": 197, "LIMBA GERMANA MODERNA": 8, "LIMBA FRANCEZA": 3}, "limba_materna": {"LIMBA ROMANA": 208}, "promotie_anterioara": {"NU": 208}, "materii": {"LIMBA ROMANA": {"medie": 8.469951923076923, "reusita": 100.0, "cnt": 208}, "MATEMATICA MATE-INFO": {"medie": 9.294999999999998, "reusita": 100.0, "cnt": 30}, "INFORMATICA MI C/C++": {"medie": 9.436000000000002, "reusita": 100.0, "cnt": 25}, "GENERAL": {"medie": 8.859294871794871, "reusita": 99.51923076923077, "cnt": 208}, "CHIMIE ORGANICA TEO NIVEL I/II": {"medie": 8.871428571428572, "reusita": 100.0, "cnt": 14}, "MATEMATICA ST-NAT": {"medie": 9.067415730337077, "reusita": 100.0, "cnt": 178}, "FIZICA TEO": {"medie": 8.76, "reusita": 100.0, "cnt": 25}, "ANATOMIE SI FIZIOLOGIE UMANA, GENETICA SI ECOLOGIE UMANA": {"medie": 9.206081081081079, "reusita": 100.0, "cnt": 74}, "CHIMIE ANORGANICA TEO NIVEL I/II": {"medie": 9.1, "reusita": 100.0, "cnt": 1}, "BIOLOGIE VEGETALA SI ANIMALA": {"medie": 9.342647058823529, "reusita": 100.0, "cnt": 34}, "INFORMATICA SN C/C++": {"medie": 8.185714285714285, "reusita": 97.14285714285714, "cnt": 35}}, "nume": "COLEGIUL NATIONAL \"GHEORGHE LAZAR\" SIBIU\tSibiu"}