{"specializari": {"STIINTE ALE NATURII": 63, "FILOLOGIE": 58, "MATEMATICA-INFORMATICA": 116, "STIINTE SOCIALE": 64}, "limba_moderna": {"LIMBA ENGLEZA": 291, "LIMBA FRANCEZA": 10}, "limba_materna": {"LIMBA ROMANA": 301}, "promotie_anterioara": {"NU": 301}, "materii": {"LIMBA ROMANA": {"medie": 8.38704318936878, "reusita": 100.0, "cnt": 301}, "MATEMATICA MATE-INFO": {"medie": 9.193103448275865, "reusita": 100.0, "cnt": 116}, "INFORMATICA MI C/C++": {"medie": 9.413513513513513, "reusita": 100.0, "cnt": 37}, "GENERAL": {"medie": 8.992469545957933, "reusita": 100.0, "cnt": 301}, "ISTORIE": {"medie": 9.35081967213115, "reusita": 100.0, "cnt": 122}, "LOGICA, ARGUMENTARE SI COMUNICARE": {"medie": 9.471578947368421, "reusita": 100.0, "cnt": 95}, "CHIMIE ORGANICA TEO NIVEL I/II": {"medie": 9.380327868852461, "reusita": 100.0, "cnt": 61}, "MATEMATICA ST-NAT": {"medie": 9.156349206349207, "reusita": 100.0, "cnt": 63}, "FIZICA TEO": {"medie": 9.275892857142859, "reusita": 100.0, "cnt": 56}, "GEOGRAFIE": {"medie": 9.142307692307693, "reusita": 100.0, "cnt": 13}, "PSIHOLOGIE": {"medie": 9.361111111111109, "reusita": 100.0, "cnt": 9}, "ANATOMIE SI FIZIOLOGIE UMANA, GENETICA SI ECOLOGIE UMANA": {"medie": 8.288888888888888, "reusita": 100.0, "cnt": 9}, "BIOLOGIE VEGETALA SI ANIMALA": {"medie": 9.284374999999999, "reusita": 100.0, "cnt": 16}, "SOCIOLOGIE": {"medie": 9.75, "reusita": 100.0, "cnt": 2}, "ECONOMIE": {"medie": 8.716666666666667, "reusita": 100.0, "cnt": 3}}, "nume": "COLEGIUL NATIONAL \"B. P. HASDEU\" MUNICIPIUL BUZAU\tBuz\u0103u"}