{"specializari": {"MATEMATICA-INFORMATICA": 40, "STIINTE ALE NATURII": 27, "FILOLOGIE": 62, "STIINTE SOCIALE": 30}, "limba_moderna": {"LIMBA FRANCEZA": 4, "LIMBA ENGLEZA": 155}, "limba_materna": {"LIMBA ROMANA": 159}, "promotie_anterioara": {"NU": 153, "DA": 6}, "materii": {"LIMBA ROMANA": {"medie": 7.32356687898089, "reusita": 96.22641509433963, "cnt": 159}, "MATEMATICA MATE-INFO": {"medie": 7.485000000000001, "reusita": 97.5, "cnt": 40}, "INFORMATICA MI C/C++": {"medie": 9.3, "reusita": 100.0, "cnt": 3}, "GENERAL": {"medie": 7.6082802547770685, "reusita": 84.90566037735849, "cnt": 159}, "ISTORIE": {"medie": 7.075, "reusita": 92.3913043478261, "cnt": 92}, "LOGICA, ARGUMENTARE SI COMUNICARE": {"medie": 8.667857142857141, "reusita": 95.34883720930233, "cnt": 43}, "GEOGRAFIE": {"medie": 7.429347826086958, "reusita": 95.74468085106383, "cnt": 47}, "FIZICA TEO": {"medie": 8.4, "reusita": 100.0, "cnt": 1}, "MATEMATICA ST-NAT": {"medie": 8.031481481481482, "reusita": 96.29629629629629, "cnt": 27}, "PSIHOLOGIE": {"medie": 6.9, "reusita": 100.0, "cnt": 2}, "ANATOMIE SI FIZIOLOGIE UMANA, GENETICA SI ECOLOGIE UMANA": {"medie": 8.330158730158733, "reusita": 100.0, "cnt": 63}}, "nume": "COLEGIUL NATIONAL \"SAMUIL VULCAN\" BEIUS\tBihor"}