{"specializari": {"TEHNICIAN IN ACTIVITATI ECONOMICE": 23, "TEHNICIAN OPERATOR PROCESARE TEXT IMAGINE": 28, "TEHNICIAN IN TURISM": 15, "TEHNICIAN ANALIZE PRODUSE ALIMENTARE": 6, "TEHNICIAN VETERINAR": 5}, "limba_moderna": {"LIMBA ENGLEZA": 76, "LIMBA GERMANA MODERNA": 1}, "limba_materna": {"LIMBA MAGHIARA": 77}, "promotie_anterioara": {"NU": 54, "DA": 23}, "materii": {"LIMBA ROMANA": {"medie": 4.221621621621622, "reusita": 33.76623376623377, "cnt": 77}, "GENERAL": {"medie": 5.838184931506851, "reusita": 23.376623376623375, "cnt": 77}, "GEOGRAFIE": {"medie": 6.921621621621621, "reusita": 92.10526315789474, "cnt": 38}, "ANATOMIE SI FIZIOLOGIE UMANA, GENETICA SI ECOLOGIE UMANA": {"medie": 5.0227272727272725, "reusita": 54.54545454545454, "cnt": 11}, "BIOLOGIE VEGETALA SI ANIMALA": {"medie": 5.1553571428571425, "reusita": 53.57142857142857, "cnt": 28}, "MATEMATICA TEHN": {"medie": 6.384246575342467, "reusita": 85.71428571428571, "cnt": 77}, "LIMBA MAGHIARA (REAL)": {"medie": 6.696, "reusita": 97.40259740259741, "cnt": 77}}, "nume": "COLEGIUL TEHNIC \"BATTHYANY IGNAC\" GHEORGHENI\tHarghita"}