{"specializari": {"STIINTE SOCIALE": 34, "STIINTE ALE NATURII": 21, "MATEMATICA-INFORMATICA": 41}, "limba_moderna": {"LIMBA ENGLEZA": 96}, "limba_materna": {"LIMBA ROMANA": 96}, "promotie_anterioara": {"NU": 90, "DA": 6}, "materii": {"LIMBA ROMANA": {"medie": 7.913157894736842, "reusita": 98.95833333333334, "cnt": 96}, "MATEMATICA MATE-INFO": {"medie": 7.203658536585362, "reusita": 90.2439024390244, "cnt": 41}, "INFORMATICA MI C/C++": {"medie": 7.690384615384616, "reusita": 92.3076923076923, "cnt": 26}, "GENERAL": {"medie": 7.940526315789475, "reusita": 91.66666666666666, "cnt": 96}, "ISTORIE": {"medie": 8.55735294117647, "reusita": 100.0, "cnt": 34}, "LOGICA, ARGUMENTARE SI COMUNICARE": {"medie": 8.352631578947369, "reusita": 100.0, "cnt": 19}, "GEOGRAFIE": {"medie": 8.907142857142857, "reusita": 100.0, "cnt": 14}, "FIZICA TEO": {"medie": 6.95, "reusita": 100.0, "cnt": 3}, "MATEMATICA ST-NAT": {"medie": 7.916666666666665, "reusita": 100.0, "cnt": 21}, "SOCIOLOGIE": {"medie": 5.9, "reusita": 100.0, "cnt": 1}, "ANATOMIE SI FIZIOLOGIE UMANA, GENETICA SI ECOLOGIE UMANA": {"medie": 7.771212121212119, "reusita": 96.96969696969697, "cnt": 33}}, "nume": "COLEGIUL NATIONAL DE INFORMATICA \"CARMEN SYLVA\" PETROSANI\tHunedoara"}