{"specializari": {"STIINTE ALE NATURII": 56, "FILOLOGIE": 23, "MATEMATICA-INFORMATICA": 57, "STIINTE SOCIALE": 29}, "limba_moderna": {"LIMBA ENGLEZA": 164, "LIMBA GERMANA MODERNA": 1}, "limba_materna": {"LIMBA MAGHIARA": 165}, "promotie_anterioara": {"NU": 164, "DA": 1}, "materii": {"LIMBA ROMANA": {"medie": 6.946363636363635, "reusita": 96.96969696969697, "cnt": 165}, "MATEMATICA MATE-INFO": {"medie": 7.847368421052634, "reusita": 98.24561403508771, "cnt": 57}, "INFORMATICA MI C/C++": {"medie": 8.166071428571428, "reusita": 100.0, "cnt": 28}, "GENERAL": {"medie": 8.045530303030302, "reusita": 94.54545454545455, "cnt": 165}, "ISTORIE": {"medie": 7.911538461538462, "reusita": 100.0, "cnt": 52}, "LOGICA, ARGUMENTARE SI COMUNICARE": {"medie": 8.861290322580647, "reusita": 100.0, "cnt": 31}, "GEOGRAFIE": {"medie": 8.503125, "reusita": 100.0, "cnt": 16}, "FIZICA TEO": {"medie": 5.83, "reusita": 60.0, "cnt": 5}, "MATEMATICA ST-NAT": {"medie": 8.163392857142856, "reusita": 100.0, "cnt": 56}, "PSIHOLOGIE": {"medie": 8.283333333333333, "reusita": 100.0, "cnt": 3}, "ANATOMIE SI FIZIOLOGIE UMANA, GENETICA SI ECOLOGIE UMANA": {"medie": 8.854166666666666, "reusita": 100.0, "cnt": 60}, "CHIMIE ANORGANICA TEO NIVEL I/II": {"medie": 8.582352941176469, "reusita": 100.0, "cnt": 17}, "BIOLOGIE VEGETALA SI ANIMALA": {"medie": 6.775, "reusita": 100.0, "cnt": 2}, "INFORMATICA SN C/C++": {"medie": 9.25, "reusita": 100.0, "cnt": 1}, "FILOSOFIE": {"medie": 8.5, "reusita": 100.0, "cnt": 2}, "LIMBA MAGHIARA (REAL)": {"medie": 8.864159292035398, "reusita": 100.0, "cnt": 113}, "LIMBA MAGHIARA (UMAN)": {"medie": 8.385576923076924, "reusita": 100.0, "cnt": 52}}, "nume": "COLEGIUL NATIONAL \"MARTON ARON\" MIERCUREA CIUC\tHarghita"}