{"specializari": {"TEHNICIAN IN ACTIVITATI ECONOMICE": 82, "TEHNICIAN ECOLOG SI PROTECTIA CALITATII MEDIULUI": 56, "TEHNICIAN ANALIZE PRODUSE ALIMENTARE": 24, "TEHNICIAN VETERINAR": 32, "TEHNICIAN AGRONOM": 20, "TEHNICIAN HORTICULTOR": 28, "TEHNICIAN PENTRU ANIMALE DE COMPANIE": 2, "TEHNICIAN IN AGRICULTURA": 1}, "limba_moderna": {"LIMBA ENGLEZA": 245}, "limba_materna": {"LIMBA ROMANA": 245}, "promotie_anterioara": {"NU": 224, "DA": 21}, "materii": {"LIMBA ROMANA": {"medie": 6.446458333333327, "reusita": 88.9795918367347, "cnt": 245}, "GENERAL": {"medie": 6.69123563218391, "reusita": 62.857142857142854, "cnt": 245}, "LOGICA, ARGUMENTARE SI COMUNICARE": {"medie": 8.75, "reusita": 100.0, "cnt": 2}, "GEOGRAFIE": {"medie": 8.52051282051282, "reusita": 97.5, "cnt": 80}, "ANATOMIE SI FIZIOLOGIE UMANA, GENETICA SI ECOLOGIE UMANA": {"medie": 5.808843537414964, "reusita": 72.72727272727273, "cnt": 154}, "BIOLOGIE VEGETALA SI ANIMALA": {"medie": 6.65, "reusita": 100.0, "cnt": 1}, "MATEMATICA TEHN": {"medie": 6.748085106382972, "reusita": 80.40816326530611, "cnt": 245}, "CHIMIE ORGANICA TEH NIVEL I/II": {"medie": 6.487500000000001, "reusita": 87.5, "cnt": 8}}, "nume": "COLEGIUL NATIONAL DE AGRICULTURA SI ECONOMIE, LOCALITATEA TECUCI\tGala\u021bi"}