{"specializari": {"FILOLOGIE": 68, "STIINTE SOCIALE": 36, "MATEMATICA-INFORMATICA": 101, "STIINTE ALE NATURII": 38}, "limba_moderna": {"LIMBA ENGLEZA": 231, "LIMBA ITALIANA": 12}, "limba_materna": {"LIMBA ROMANA": 243}, "promotie_anterioara": {"NU": 239, "DA": 4}, "materii": {"LIMBA ROMANA": {"medie": 7.718312757201646, "reusita": 98.35390946502058, "cnt": 243}, "MATEMATICA MATE-INFO": {"medie": 8.026237623762375, "reusita": 98.01980198019803, "cnt": 101}, "INFORMATICA MI C/C++": {"medie": 8.314634146341463, "reusita": 100.0, "cnt": 41}, "GENERAL": {"medie": 8.08457300275482, "reusita": 94.65020576131687, "cnt": 243}, "ISTORIE": {"medie": 8.424038461538462, "reusita": 98.07692307692307, "cnt": 104}, "LOGICA, ARGUMENTARE SI COMUNICARE": {"medie": 8.654651162790696, "reusita": 97.67441860465115, "cnt": 43}, "GEOGRAFIE": {"medie": 8.73977272727273, "reusita": 100.0, "cnt": 44}, "FIZICA TEO": {"medie": 8.20263157894737, "reusita": 100.0, "cnt": 19}, "CHIMIE ORGANICA TEO NIVEL I/II": {"medie": 8.754545454545458, "reusita": 100.0, "cnt": 11}, "MATEMATICA ST-NAT": {"medie": 8.13421052631579, "reusita": 94.73684210526315, "cnt": 38}, "PSIHOLOGIE": {"medie": 7.816666666666666, "reusita": 100.0, "cnt": 6}, "SOCIOLOGIE": {"medie": 7.25, "reusita": 90.9090909090909, "cnt": 11}, "ANATOMIE SI FIZIOLOGIE UMANA, GENETICA SI ECOLOGIE UMANA": {"medie": 7.935384615384616, "reusita": 93.93939393939394, "cnt": 66}, "BIOLOGIE VEGETALA SI ANIMALA": {"medie": 8.05, "reusita": 100.0, "cnt": 2}}, "nume": "COLEGIUL NATIONAL \"ION NECULCE\"\tBucure\u0219ti"}