{"specializari": {"TEHNICIAN IN TURISM": 27, "TEHNICIAN IN ACTIVITATI ECONOMICE": 1, "TEHNICIAN ECOLOG SI PROTECTIA CALITATII MEDIULUI": 23, "TEHNICIAN IN ACTIVITATI DE COMERT": 19, "TEHNICIAN TRANSPORTURI": 13, "ORGANIZATOR BANQUETING": 1, "TEHNICIAN IN PRELUCRAREA LEMNULUI": 1}, "limba_moderna": {"LIMBA ENGLEZA": 76, "LIMBA FRANCEZA": 9}, "limba_materna": {"LIMBA ROMANA": 85}, "promotie_anterioara": {"NU": 77, "DA": 8}, "materii": {"LIMBA ROMANA": {"medie": 5.571951219512195, "reusita": 78.82352941176471, "cnt": 85}, "GENERAL": {"medie": 5.490090090090091, "reusita": 30.58823529411765, "cnt": 85}, "LOGICA, ARGUMENTARE SI COMUNICARE": {"medie": 6.133333333333333, "reusita": 50.0, "cnt": 4}, "GEOGRAFIE": {"medie": 6.38, "reusita": 88.37209302325581, "cnt": 43}, "PSIHOLOGIE": {"medie": 6.9, "reusita": 100.0, "cnt": 1}, "ANATOMIE SI FIZIOLOGIE UMANA, GENETICA SI ECOLOGIE UMANA": {"medie": 5.877272727272726, "reusita": 81.81818181818183, "cnt": 22}, "BIOLOGIE VEGETALA SI ANIMALA": {"medie": 3.835, "reusita": 27.27272727272727, "cnt": 11}, "MATEMATICA TEHN": {"medie": 4.86184210526316, "reusita": 47.05882352941176, "cnt": 85}, "FIZICA TEH": {"medie": 4.975, "reusita": 50.0, "cnt": 2}, "CHIMIE ANORGANICA TEH NIVEL I/II": {"medie": 5.575, "reusita": 50.0, "cnt": 2}}, "nume": "COLEGIUL TEHNIC \"PETRU MUSAT\" SUCEAVA\tSuceava"}