{"specializari": {"TEHNICIAN OPERATOR TEHNICA DE CALCUL": 25, "MATEMATICA-INFORMATICA": 46, "TEHNICIAN PROIECTANT CAD": 2, "TEHNICIAN ELECTROMECANIC": 26, "TEHNICIAN IN AUTOMATIZARI": 5, "TEHNICIAN IN INSTALATII ELECTRICE": 4, "TEHNICIAN PRELUCRARI MECANICE": 3, "TEHNICIAN MECATRONIST": 22, "TEHNICIAN TRANSPORTURI": 2, "TEHNICIAN DE TELECOMUNICATII": 1}, "limba_moderna": {"LIMBA ENGLEZA": 129, "LIMBA FRANCEZA": 7}, "limba_materna": {"LIMBA ROMANA": 136}, "promotie_anterioara": {"NU": 99, "DA": 37}, "materii": {"LIMBA ROMANA": {"medie": 5.358076923076922, "reusita": 63.970588235294116, "cnt": 136}, "MATEMATICA MATE-INFO": {"medie": 5.343478260869564, "reusita": 67.3913043478261, "cnt": 46}, "INFORMATICA MI C/C++": {"medie": 5.739285714285713, "reusita": 64.28571428571429, "cnt": 14}, "GENERAL": {"medie": 4.9153116531165315, "reusita": 22.058823529411764, "cnt": 136}, "FIZICA TEO": {"medie": 7.112500000000001, "reusita": 75.0, "cnt": 4}, "ANATOMIE SI FIZIOLOGIE UMANA, GENETICA SI ECOLOGIE UMANA": {"medie": 5.927777777777778, "reusita": 88.88888888888889, "cnt": 18}, "BIOLOGIE VEGETALA SI ANIMALA": {"medie": 4.204545454545456, "reusita": 36.04651162790697, "cnt": 86}, "MATEMATICA TEHN": {"medie": 4.111111111111111, "reusita": 43.333333333333336, "cnt": 90}, "FIZICA TEH": {"medie": 4.033333333333333, "reusita": 33.33333333333333, "cnt": 3}, "CHIMIE ANORGANICA TEH NIVEL I/II": {"medie": 4.6450000000000005, "reusita": 36.36363636363637, "cnt": 11}}, "nume": "COLEGIUL TEHNIC \"EDMOND NICOLAU\" FOCSANI\tVrancea"}