{"specializari": {"TEHNICIAN OPERATOR TEHNICA DE CALCUL": 27, "FILOLOGIE": 28, "TEHNICIAN IN ACTIVITATI DE COMERT": 5, "TEHNICIAN IN INDUSTRIA PIELARIEI": 1, "MATEMATICA-INFORMATICA": 1}, "limba_moderna": {"LIMBA ENGLEZA": 59, "LIMBA GERMANA MODERNA": 3}, "limba_materna": {"LIMBA ROMANA": 62}, "promotie_anterioara": {"NU": 53, "DA": 9}, "materii": {"LIMBA ROMANA": {"medie": 6.702419354838708, "reusita": 90.32258064516128, "cnt": 62}, "MATEMATICA MATE-INFO": {"medie": "-", "reusita": 0.0, "cnt": 1}, "GENERAL": {"medie": 6.932786885245901, "reusita": 62.903225806451616, "cnt": 62}, "ISTORIE": {"medie": 6.728571428571429, "reusita": 85.71428571428571, "cnt": 28}, "LOGICA, ARGUMENTARE SI COMUNICARE": {"medie": 8.85, "reusita": 100.0, "cnt": 1}, "GEOGRAFIE": {"medie": 7.432258064516129, "reusita": 96.7741935483871, "cnt": 31}, "PSIHOLOGIE": {"medie": 9.25, "reusita": 100.0, "cnt": 1}, "ANATOMIE SI FIZIOLOGIE UMANA, GENETICA SI ECOLOGIE UMANA": {"medie": "-", "reusita": 0.0, "cnt": 1}, "BIOLOGIE VEGETALA SI ANIMALA": {"medie": 5.866666666666666, "reusita": 73.33333333333333, "cnt": 15}, "MATEMATICA TEHN": {"medie": 7.0106060606060625, "reusita": 84.84848484848484, "cnt": 33}, "FIZICA TEH": {"medie": 8.049999999999999, "reusita": 84.61538461538461, "cnt": 13}}, "nume": "COLEGIUL TEHNIC \"AUGUST TREBONIU LAURIAN\" AGNITA\tSibiu"}