{"specializari": {"MATEMATICA-INFORMATICA": 32, "INVATATOR - EDUCATOARE": 50, "FILOLOGIE": 34}, "limba_moderna": {"LIMBA ENGLEZA": 114, "LIMBA GERMANA MODERNA": 2}, "limba_materna": {"LIMBA ROMANA": 116}, "promotie_anterioara": {"NU": 116}, "materii": {"LIMBA ROMANA": {"medie": 8.564655172413792, "reusita": 100.0, "cnt": 116}, "MATEMATICA MATE-INFO": {"medie": 9.153125, "reusita": 100.0, "cnt": 32}, "INFORMATICA MI C/C++": {"medie": 9.015909090909092, "reusita": 100.0, "cnt": 22}, "GENERAL": {"medie": 8.925287356321835, "reusita": 100.0, "cnt": 116}, "ISTORIE": {"medie": 9.280882352941173, "reusita": 100.0, "cnt": 34}, "LOGICA, ARGUMENTARE SI COMUNICARE": {"medie": 9.404545454545456, "reusita": 100.0, "cnt": 44}, "GEOGRAFIE": {"medie": 8.957575757575757, "reusita": 100.0, "cnt": 33}, "FIZICA TEO": {"medie": 6.8, "reusita": 100.0, "cnt": 1}, "CHIMIE ORGANICA TEO NIVEL I/II": {"medie": 9.45, "reusita": 100.0, "cnt": 2}, "PSIHOLOGIE": {"medie": 8.72, "reusita": 100.0, "cnt": 5}, "SOCIOLOGIE": {"medie": 7.55, "reusita": 100.0, "cnt": 1}, "ANATOMIE SI FIZIOLOGIE UMANA, GENETICA SI ECOLOGIE UMANA": {"medie": 9.014285714285714, "reusita": 100.0, "cnt": 7}, "MATEMATICA PED": {"medie": 8.966999999999999, "reusita": 100.0, "cnt": 50}, "ECONOMIE": {"medie": 8.0, "reusita": 100.0, "cnt": 1}}, "nume": "COLEGIUL NATIONAL \"PREPARANDIA-DIMITRIE TICHINDEAL\" ARAD\tArad"}