{"specializari": {"STIINTE SOCIALE": 22, "TEHNICIAN IN SILVICULTURA SI EXPLOATARI FORESTIERE": 27, "STIINTE ALE NATURII": 6}, "limba_moderna": {"LIMBA ENGLEZA": 55}, "limba_materna": {"LIMBA ROMANA": 55}, "promotie_anterioara": {"NU": 40, "DA": 15}, "materii": {"LIMBA ROMANA": {"medie": 4.67403846153846, "reusita": 54.54545454545454, "cnt": 55}, "GENERAL": {"medie": 4.849319727891157, "reusita": 21.818181818181817, "cnt": 55}, "ISTORIE": {"medie": 5.138095238095238, "reusita": 50.0, "cnt": 22}, "MATEMATICA ST-NAT": {"medie": 4.85, "reusita": 50.0, "cnt": 6}, "GEOGRAFIE": {"medie": 6.377777777777776, "reusita": 73.68421052631578, "cnt": 19}, "ANATOMIE SI FIZIOLOGIE UMANA, GENETICA SI ECOLOGIE UMANA": {"medie": 4.83, "reusita": 60.0, "cnt": 5}, "BIOLOGIE VEGETALA SI ANIMALA": {"medie": 4.4192307692307695, "reusita": 39.285714285714285, "cnt": 28}, "SOCIOLOGIE": {"medie": 4.1000000000000005, "reusita": 0.0, "cnt": 3}, "MATEMATICA TEHN": {"medie": 4.168749999999999, "reusita": 33.33333333333333, "cnt": 27}}, "nume": "COLEGIUL SILVIC \"THEODOR PIETRARU\" BRANESTI\tIlfov"}