{"specializari": {"MATEMATICA-INFORMATICA": 89, "STIINTE SOCIALE": 33, "FILOLOGIE": 60, "STIINTE ALE NATURII": 29}, "limba_moderna": {"LIMBA ENGLEZA": 185, "LIMBA FRANCEZA": 26}, "limba_materna": {"LIMBA ROMANA": 211}, "promotie_anterioara": {"NU": 211}, "materii": {"LIMBA ROMANA": {"medie": 8.757582938388625, "reusita": 100.0, "cnt": 211}, "MATEMATICA MATE-INFO": {"medie": 8.889887640449437, "reusita": 98.87640449438202, "cnt": 89}, "INFORMATICA MI C/C++": {"medie": 8.929090909090906, "reusita": 100.0, "cnt": 55}, "GENERAL": {"medie": 8.938467614533964, "reusita": 99.52606635071089, "cnt": 211}, "ISTORIE": {"medie": 8.816666666666666, "reusita": 100.0, "cnt": 93}, "LOGICA, ARGUMENTARE SI COMUNICARE": {"medie": 9.482236842105264, "reusita": 100.0, "cnt": 76}, "GEOGRAFIE": {"medie": 8.496666666666666, "reusita": 100.0, "cnt": 15}, "FIZICA TEO": {"medie": 9.971428571428572, "reusita": 100.0, "cnt": 7}, "CHIMIE ORGANICA TEO NIVEL I/II": {"medie": 9.463157894736844, "reusita": 100.0, "cnt": 19}, "MATEMATICA ST-NAT": {"medie": 9.005172413793106, "reusita": 100.0, "cnt": 29}, "PSIHOLOGIE": {"medie": 9.6, "reusita": 100.0, "cnt": 1}, "ANATOMIE SI FIZIOLOGIE UMANA, GENETICA SI ECOLOGIE UMANA": {"medie": 8.93611111111111, "reusita": 100.0, "cnt": 18}, "BIOLOGIE VEGETALA SI ANIMALA": {"medie": 8.876315789473685, "reusita": 100.0, "cnt": 19}, "FILOSOFIE": {"medie": 10.0, "reusita": 100.0, "cnt": 1}}, "nume": "COLEGIUL NATIONAL \"HOREA CLOSCA SI CRISAN\" ALBA IULIA\tAlba"}