{"specializari": {"TEHNICIAN IN ACTIVITATI ECONOMICE": 24, "TEHNICIAN ECOLOG SI PROTECTIA CALITATII MEDIULUI": 21, "TEHNICIAN IN TURISM": 16, "TEHNICIAN IN INSTALATII ELECTRICE": 15, "TEHNICIAN DESIGNER VESTIMENTAR": 1, "TEHNICIAN PRELUCRARI MECANICE": 1, "TEHNICIAN ELECTROMECANIC": 1, "TEHNICIAN MECANIC PENTRU INTRETINERE SI REPARATII": 2, "TEHNICIAN OPERATOR TEHNICA DE CALCUL": 6, "TEHNICIAN MECATRONIST": 1}, "limba_moderna": {"LIMBA ENGLEZA": 87, "LIMBA FRANCEZA": 1}, "limba_materna": {"LIMBA ROMANA": 88}, "promotie_anterioara": {"NU": 64, "DA": 24}, "materii": {"LIMBA ROMANA": {"medie": 6.309411764705881, "reusita": 85.22727272727273, "cnt": 88}, "GENERAL": {"medie": 6.730833333333335, "reusita": 61.36363636363637, "cnt": 88}, "LOGICA, ARGUMENTARE SI COMUNICARE": {"medie": 7.655555555555556, "reusita": 100.0, "cnt": 9}, "GEOGRAFIE": {"medie": 7.6388888888888875, "reusita": 96.42857142857143, "cnt": 28}, "PSIHOLOGIE": {"medie": 6.533333333333334, "reusita": 100.0, "cnt": 3}, "ANATOMIE SI FIZIOLOGIE UMANA, GENETICA SI ECOLOGIE UMANA": {"medie": 6.547368421052632, "reusita": 85.0, "cnt": 20}, "BIOLOGIE VEGETALA SI ANIMALA": {"medie": 5.770588235294118, "reusita": 54.54545454545454, "cnt": 22}, "MATEMATICA TEHN": {"medie": 6.972289156626504, "reusita": 88.63636363636364, "cnt": 88}, "FIZICA TEH": {"medie": 5.1, "reusita": 60.0, "cnt": 5}, "CHIMIE ANORGANICA TEH NIVEL I/II": {"medie": 6.7, "reusita": 100.0, "cnt": 1}}, "nume": "COLEGIUL TEHNIC \"GRIGORE COBALCESCU\" MOINESTI\tBac\u0103u"}