{"specializari": {"TEHNICIAN ELECTROMECANIC": 6, "TEHNICIAN MECANIC PENTRU INTRETINERE SI REPARATII": 6, "TEHNICIAN PROIECTANT CAD": 13, "TEHNICIAN IN INSTALATII ELECTRICE": 2, "TEHNICIAN TRANSPORTURI": 7, "TEHNICIAN DESIGNER VESTIMENTAR": 4, "TEHNICIAN OPERATOR TEHNICA DE CALCUL": 7, "TEHNICIAN ELECTRICIAN/ELECTRONIST AUTO": 2, "TEHNICIAN DESENATOR PENTRU CONSTRUCTII SI INSTALATII": 2, "TEHNICIAN IN INDUSTRIA TEXTILA": 1, "TEHNICIAN IN CONSTRUCTII SI LUCRARI PUBLICE": 2, "TEHNICIAN PRELUCRARI MECANICE": 1, "TEHNICIAN ECOLOG SI PROTECTIA CALITATII MEDIULUI": 1, "TEHNICIAN MECATRONIST": 1}, "limba_moderna": {"LIMBA ENGLEZA": 51, "LIMBA FRANCEZA": 4}, "limba_materna": {"LIMBA ROMANA": 55}, "promotie_anterioara": {"DA": 32, "NU": 23}, "materii": {"LIMBA ROMANA": {"medie": 5.15, "reusita": 41.81818181818181, "cnt": 55}, "GENERAL": {"medie": 4.7890804597701155, "reusita": 12.727272727272727, "cnt": 55}, "BIOLOGIE VEGETALA SI ANIMALA": {"medie": 4.442592592592593, "reusita": 35.13513513513514, "cnt": 37}, "MATEMATICA TEHN": {"medie": 4.413636363636364, "reusita": 34.54545454545455, "cnt": 55}, "FIZICA TEH": {"medie": 5.574999999999999, "reusita": 18.75, "cnt": 16}, "CHIMIE ORGANICA TEH NIVEL I/II": {"medie": 2.25, "reusita": 0.0, "cnt": 2}}, "nume": "COLEGIUL TEHNIC RESITA\tCara\u0219-Severin"}