{"specializari": {"STIINTE ALE NATURII": 60, "MATEMATICA-INFORMATICA": 53, "STIINTE SOCIALE": 32, "FILOLOGIE": 32}, "limba_moderna": {"LIMBA ENGLEZA": 175, "LIMBA FRANCEZA": 2}, "limba_materna": {"LIMBA ROMANA": 177}, "promotie_anterioara": {"NU": 177}, "materii": {"LIMBA ROMANA": {"medie": 7.7810734463276825, "reusita": 100.0, "cnt": 177}, "MATEMATICA MATE-INFO": {"medie": 8.685849056603772, "reusita": 100.0, "cnt": 53}, "INFORMATICA MI C/C++": {"medie": 7.962500000000001, "reusita": 95.0, "cnt": 20}, "GENERAL": {"medie": 8.251035781544253, "reusita": 97.17514124293785, "cnt": 177}, "ISTORIE": {"medie": 7.7953125000000005, "reusita": 96.875, "cnt": 64}, "LOGICA, ARGUMENTARE SI COMUNICARE": {"medie": 9.15, "reusita": 100.0, "cnt": 20}, "CHIMIE ORGANICA TEO NIVEL I/II": {"medie": 9.256818181818183, "reusita": 100.0, "cnt": 22}, "MATEMATICA ST-NAT": {"medie": 8.734999999999998, "reusita": 100.0, "cnt": 60}, "FIZICA TEO": {"medie": 8.821739130434782, "reusita": 100.0, "cnt": 23}, "GEOGRAFIE": {"medie": 8.600000000000003, "reusita": 100.0, "cnt": 40}, "PSIHOLOGIE": {"medie": 8.7, "reusita": 100.0, "cnt": 3}, "ANATOMIE SI FIZIOLOGIE UMANA, GENETICA SI ECOLOGIE UMANA": {"medie": 8.047142857142857, "reusita": 100.0, "cnt": 35}, "CHIMIE ANORGANICA TEO NIVEL I/II": {"medie": 8.725, "reusita": 100.0, "cnt": 4}, "BIOLOGIE VEGETALA SI ANIMALA": {"medie": 9.633333333333333, "reusita": 100.0, "cnt": 3}, "SOCIOLOGIE": {"medie": 6.55, "reusita": 100.0, "cnt": 1}, "INFORMATICA SN C/C++": {"medie": 8.3, "reusita": 100.0, "cnt": 6}}, "nume": "COLEGIUL NATIONAL \"GRIGORE MOISIL\" ONESTI\tBac\u0103u"}