{"specializari": {"TEHNICIAN IN ACTIVITATI DE COMERT": 20, "TEHNICIAN OPERATOR TEHNICA DE CALCUL": 10, "TEHNICIAN IN ACTIVITATI ECONOMICE": 28, "TEHNICIAN IN AUTOMATIZARI": 18, "TEHNICIAN TRANSPORTURI": 3, "TEHNICIAN ELECTROTEHNIST": 1}, "limba_moderna": {"LIMBA ENGLEZA": 78, "LIMBA FRANCEZA": 2}, "limba_materna": {"LIMBA ROMANA": 70, "LIMBA MAGHIARA": 10}, "promotie_anterioara": {"NU": 64, "DA": 16}, "materii": {"LIMBA ROMANA": {"medie": 5.199367088607596, "reusita": 71.25, "cnt": 80}, "GENERAL": {"medie": 5.60146103896104, "reusita": 37.5, "cnt": 80}, "GEOGRAFIE": {"medie": 6.817708333333335, "reusita": 93.75, "cnt": 48}, "BIOLOGIE VEGETALA SI ANIMALA": {"medie": 4.944736842105263, "reusita": 57.89473684210527, "cnt": 19}, "MATEMATICA TEHN": {"medie": 5.344871794871796, "reusita": 66.25, "cnt": 80}, "FIZICA TEH": {"medie": 4.9230769230769225, "reusita": 46.15384615384615, "cnt": 13}, "LIMBA MAGHIARA (REAL)": {"medie": 6.1850000000000005, "reusita": 100.0, "cnt": 10}}, "nume": "COLEGIUL TEHNIC \"IULIU MANIU\" SIMLEU SILVANIEI\tS\u0103laj"}