{"specializari": {"TEHNICIAN IN ACTIVITATI ECONOMICE": 56, "TEHNICIAN IN TURISM": 31, "TEHNICIAN IN GASTRONOMIE": 28, "TEHNICIAN IN ACHIZITII SI CONTRACTARI": 23, "ORGANIZATOR BANQUETING": 1, "TEHNICIAN IN ACTIVITATI DE COMERT": 1}, "limba_moderna": {"LIMBA ENGLEZA": 134, "LIMBA FRANCEZA": 6}, "limba_materna": {"LIMBA ROMANA": 140}, "promotie_anterioara": {"NU": 137, "DA": 3}, "materii": {"LIMBA ROMANA": {"medie": 7.6568345323740985, "reusita": 97.85714285714285, "cnt": 140}, "GENERAL": {"medie": 8.105875299760193, "reusita": 92.14285714285714, "cnt": 140}, "LOGICA, ARGUMENTARE SI COMUNICARE": {"medie": 8.497656250000002, "reusita": 95.3125, "cnt": 64}, "GEOGRAFIE": {"medie": 8.554225352112676, "reusita": 100.0, "cnt": 71}, "PSIHOLOGIE": {"medie": 8.025, "reusita": 100.0, "cnt": 2}, "MATEMATICA TEHN": {"medie": 8.160714285714285, "reusita": 100.0, "cnt": 140}, "ECONOMIE": {"medie": 5.7, "reusita": 100.0, "cnt": 3}}, "nume": "COLEGIUL ECONOMIC \"DIONISIE POP MARTIAN\" ALBA IULIA\tAlba"}