{"specializari": {"STIINTE ALE NATURII": 30, "STIINTE SOCIALE": 33, "FILOLOGIE": 61, "MATEMATICA-INFORMATICA": 52}, "limba_moderna": {"LIMBA ENGLEZA": 173, "LIMBA FRANCEZA": 3}, "limba_materna": {"LIMBA ROMANA": 176}, "promotie_anterioara": {"NU": 176}, "materii": {"LIMBA ROMANA": {"medie": 8.42556818181818, "reusita": 100.0, "cnt": 176}, "MATEMATICA MATE-INFO": {"medie": 8.235576923076922, "reusita": 100.0, "cnt": 52}, "INFORMATICA MI C/C++": {"medie": 8.015625, "reusita": 93.75, "cnt": 16}, "GENERAL": {"medie": 8.74034090909091, "reusita": 98.29545454545455, "cnt": 176}, "ISTORIE": {"medie": 9.101595744680854, "reusita": 98.93617021276596, "cnt": 94}, "LOGICA, ARGUMENTARE SI COMUNICARE": {"medie": 9.187313432835825, "reusita": 100.0, "cnt": 67}, "GEOGRAFIE": {"medie": 9.149999999999997, "reusita": 100.0, "cnt": 23}, "FIZICA TEO": {"medie": 8.661538461538461, "reusita": 100.0, "cnt": 13}, "CHIMIE ORGANICA TEO NIVEL I/II": {"medie": 8.816666666666665, "reusita": 100.0, "cnt": 6}, "MATEMATICA ST-NAT": {"medie": 8.983333333333333, "reusita": 100.0, "cnt": 30}, "PSIHOLOGIE": {"medie": 9.299999999999999, "reusita": 100.0, "cnt": 3}, "SOCIOLOGIE": {"medie": 9.0, "reusita": 100.0, "cnt": 1}, "ANATOMIE SI FIZIOLOGIE UMANA, GENETICA SI ECOLOGIE UMANA": {"medie": 8.979787234042554, "reusita": 100.0, "cnt": 47}}, "nume": "COLEGIUL NATIONAL \"CALISTRAT HOGAS\", MUNICIPIUL PIATRA-NEAMT\tNeam\u021b"}