{"specializari": {"STIINTE ALE NATURII": 68, "INVATATOR - EDUCATOARE": 56, "FILOLOGIE": 38, "MATEMATICA-INFORMATICA": 64}, "limba_moderna": {"LIMBA GERMANA MODERNA": 3, "LIMBA ENGLEZA": 222, "LIMBA FRANCEZA": 1}, "limba_materna": {"LIMBA ROMANA": 226}, "promotie_anterioara": {"NU": 222, "DA": 4}, "materii": {"LIMBA ROMANA": {"medie": 7.767477876106189, "reusita": 98.67256637168141, "cnt": 226}, "MATEMATICA MATE-INFO": {"medie": 8.411718749999997, "reusita": 100.0, "cnt": 64}, "INFORMATICA MI C/C++": {"medie": 8.4625, "reusita": 100.0, "cnt": 36}, "GENERAL": {"medie": 8.333037037037037, "reusita": 94.24778761061947, "cnt": 226}, "ISTORIE": {"medie": 7.582894736842106, "reusita": 92.10526315789474, "cnt": 38}, "LOGICA, ARGUMENTARE SI COMUNICARE": {"medie": 9.125000000000002, "reusita": 100.0, "cnt": 58}, "MATEMATICA ST-NAT": {"medie": 8.773529411764702, "reusita": 98.52941176470588, "cnt": 68}, "FIZICA TEO": {"medie": 9.188888888888888, "reusita": 100.0, "cnt": 9}, "GEOGRAFIE": {"medie": 9.18181818181818, "reusita": 100.0, "cnt": 33}, "PSIHOLOGIE": {"medie": 8.05, "reusita": 100.0, "cnt": 2}, "ANATOMIE SI FIZIOLOGIE UMANA, GENETICA SI ECOLOGIE UMANA": {"medie": 8.13855421686747, "reusita": 95.23809523809523, "cnt": 84}, "BIOLOGIE VEGETALA SI ANIMALA": {"medie": 7.025, "reusita": 100.0, "cnt": 2}, "SOCIOLOGIE": {"medie": 9.65, "reusita": 100.0, "cnt": 1}, "INFORMATICA SN C/C++": {"medie": 9.45, "reusita": 100.0, "cnt": 1}, "MATEMATICA PED": {"medie": 9.189285714285715, "reusita": 100.0, "cnt": 56}}, "nume": "COLEGIUL NATIONAL PEDAGOGIC \"STEFAN VELOVAN\" CRAIOVA\tDolj"}