{"specializari": {"MATEMATICA-INFORMATICA": 142, "STIINTE ALE NATURII": 62, "FILOLOGIE": 33}, "limba_moderna": {"LIMBA FRANCEZA": 5, "LIMBA ENGLEZA": 221, "LIMBA GERMANA MODERNA": 11}, "limba_materna": {"LIMBA ROMANA": 178, "LIMBA MAGHIARA": 59}, "promotie_anterioara": {"NU": 236, "DA": 1}, "materii": {"LIMBA ROMANA": {"medie": 8.133755274261606, "reusita": 99.57805907172997, "cnt": 237}, "MATEMATICA MATE-INFO": {"medie": 8.770774647887322, "reusita": 97.88732394366197, "cnt": 142}, "INFORMATICA MI C/C++": {"medie": 8.941509433962265, "reusita": 100.0, "cnt": 53}, "GENERAL": {"medie": 8.607858649789026, "reusita": 98.73417721518987, "cnt": 237}, "ISTORIE": {"medie": 9.333333333333332, "reusita": 100.0, "cnt": 33}, "LOGICA, ARGUMENTARE SI COMUNICARE": {"medie": 9.335294117647061, "reusita": 100.0, "cnt": 17}, "GEOGRAFIE": {"medie": 9.385714285714286, "reusita": 100.0, "cnt": 14}, "FIZICA TEO": {"medie": 8.60909090909091, "reusita": 100.0, "cnt": 11}, "CHIMIE ORGANICA TEO NIVEL I/II": {"medie": 9.3, "reusita": 100.0, "cnt": 9}, "MATEMATICA ST-NAT": {"medie": 8.421774193548385, "reusita": 100.0, "cnt": 62}, "PSIHOLOGIE": {"medie": 9.8, "reusita": 100.0, "cnt": 2}, "ANATOMIE SI FIZIOLOGIE UMANA, GENETICA SI ECOLOGIE UMANA": {"medie": 8.644444444444442, "reusita": 99.20634920634922, "cnt": 126}, "CHIMIE ANORGANICA TEO NIVEL I/II": {"medie": 6.7625, "reusita": 100.0, "cnt": 4}, "BIOLOGIE VEGETALA SI ANIMALA": {"medie": 9.6, "reusita": 100.0, "cnt": 1}, "LIMBA MAGHIARA (REAL)": {"medie": 8.44915254237288, "reusita": 100.0, "cnt": 59}}, "nume": "COLEGIUL NATIONAL \"SILVANIA\" ZALAU\tS\u0103laj"}