{"specializari": {"MATEMATICA-INFORMATICA": 57, "FILOLOGIE": 66, "STIINTE SOCIALE": 38, "STIINTE ALE NATURII": 24}, "limba_moderna": {"LIMBA ENGLEZA": 172, "LIMBA FRANCEZA": 13}, "limba_materna": {"LIMBA ROMANA": 185}, "promotie_anterioara": {"NU": 164, "DA": 21}, "materii": {"LIMBA ROMANA": {"medie": 6.600819672131145, "reusita": 89.1891891891892, "cnt": 185}, "MATEMATICA MATE-INFO": {"medie": 7.890350877192981, "reusita": 100.0, "cnt": 57}, "INFORMATICA MI C/C++": {"medie": 7.83, "reusita": 100.0, "cnt": 5}, "GENERAL": {"medie": 6.894505494505497, "reusita": 73.51351351351352, "cnt": 185}, "ISTORIE": {"medie": 6.495631067961167, "reusita": 91.34615384615384, "cnt": 104}, "LOGICA, ARGUMENTARE SI COMUNICARE": {"medie": 7.46, "reusita": 86.56716417910447, "cnt": 67}, "GEOGRAFIE": {"medie": 7.487931034482759, "reusita": 96.55172413793103, "cnt": 29}, "FIZICA TEO": {"medie": 8.3, "reusita": 100.0, "cnt": 14}, "CHIMIE ORGANICA TEO NIVEL I/II": {"medie": 9.55357142857143, "reusita": 100.0, "cnt": 14}, "MATEMATICA ST-NAT": {"medie": 3.841666666666667, "reusita": 33.33333333333333, "cnt": 24}, "PSIHOLOGIE": {"medie": 7.316666666666666, "reusita": 100.0, "cnt": 3}, "SOCIOLOGIE": {"medie": 6.999999999999998, "reusita": 80.0, "cnt": 5}, "ANATOMIE SI FIZIOLOGIE UMANA, GENETICA SI ECOLOGIE UMANA": {"medie": 6.611111111111111, "reusita": 88.88888888888889, "cnt": 45}, "CHIMIE ANORGANICA TEO NIVEL I/II": {"medie": 7.525, "reusita": 100.0, "cnt": 2}, "BIOLOGIE VEGETALA SI ANIMALA": {"medie": 5.6, "reusita": 100.0, "cnt": 1}}, "nume": "COLEGIUL NATIONAL \"ION LUCA CARAGIALE\" MORENI\tD\u00e2mbovi\u021ba"}