{"specializari": {"TEHNICIAN IN TURISM": 24, "TEHNICIAN IN ACTIVITATI DE COMERT": 48, "TEHNICIAN DESIGNER VESTIMENTAR": 15, "TEHNICIAN ECOLOG SI PROTECTIA CALITATII MEDIULUI": 21, "TEHNICIAN OPERATOR TEHNICA DE CALCUL": 25, "TEHNICIAN IN GASTRONOMIE": 3, "TEHNICIAN IN INDUSTRIA TEXTILA": 2}, "limba_moderna": {"LIMBA ENGLEZA": 128, "LIMBA FRANCEZA": 10}, "limba_materna": {"LIMBA ROMANA": 138}, "promotie_anterioara": {"NU": 104, "DA": 34}, "materii": {"LIMBA ROMANA": {"medie": 6.166044776119403, "reusita": 87.68115942028986, "cnt": 138}, "GENERAL": {"medie": 6.643129770992365, "reusita": 65.94202898550725, "cnt": 138}, "LOGICA, ARGUMENTARE SI COMUNICARE": {"medie": 7.088793103448276, "reusita": 83.05084745762711, "cnt": 59}, "GEOGRAFIE": {"medie": 7.050000000000001, "reusita": 87.5, "cnt": 16}, "ANATOMIE SI FIZIOLOGIE UMANA, GENETICA SI ECOLOGIE UMANA": {"medie": 8.164285714285715, "reusita": 100.0, "cnt": 21}, "BIOLOGIE VEGETALA SI ANIMALA": {"medie": 6.341666666666666, "reusita": 72.5, "cnt": 40}, "MATEMATICA TEHN": {"medie": 6.628947368421052, "reusita": 89.85507246376811, "cnt": 138}, "FIZICA TEH": {"medie": 8.9, "reusita": 100.0, "cnt": 1}, "CHIMIE ANORGANICA TEH NIVEL I/II": {"medie": 6.05, "reusita": 100.0, "cnt": 1}}, "nume": "COLEGIUL TEHNIC \"ARMAND CALINESCU\" PITESTI\tArge\u0219"}