{"specializari": {"MATEMATICA-INFORMATICA": 27, "STIINTE ALE NATURII": 28, "STIINTE SOCIALE": 36, "FILOLOGIE": 34, "TEHNICIAN IN ACTIVITATI ECONOMICE": 38}, "limba_moderna": {"LIMBA ENGLEZA": 157, "LIMBA FRANCEZA": 6}, "limba_materna": {"LIMBA ROMANA": 163}, "promotie_anterioara": {"NU": 146, "DA": 17}, "materii": {"LIMBA ROMANA": {"medie": 7.387423312883435, "reusita": 97.54601226993866, "cnt": 163}, "MATEMATICA MATE-INFO": {"medie": 8.368518518518519, "reusita": 100.0, "cnt": 27}, "INFORMATICA MI C/C++": {"medie": 9.05, "reusita": 100.0, "cnt": 11}, "GENERAL": {"medie": 7.576028806584363, "reusita": 84.04907975460122, "cnt": 163}, "ISTORIE": {"medie": 6.842857142857144, "reusita": 94.28571428571428, "cnt": 70}, "LOGICA, ARGUMENTARE SI COMUNICARE": {"medie": 7.15, "reusita": 100.0, "cnt": 2}, "CHIMIE ORGANICA TEO NIVEL I/II": {"medie": 9.733333333333334, "reusita": 100.0, "cnt": 3}, "MATEMATICA ST-NAT": {"medie": 7.908928571428572, "reusita": 96.42857142857143, "cnt": 28}, "GEOGRAFIE": {"medie": 8.199253731343283, "reusita": 98.50746268656717, "cnt": 67}, "PSIHOLOGIE": {"medie": 9.3, "reusita": 100.0, "cnt": 1}, "ANATOMIE SI FIZIOLOGIE UMANA, GENETICA SI ECOLOGIE UMANA": {"medie": 7.710975609756097, "reusita": 97.5609756097561, "cnt": 41}, "SOCIOLOGIE": {"medie": 7.1960526315789455, "reusita": 89.47368421052632, "cnt": 38}, "MATEMATICA TEHN": {"medie": 7.0394736842105265, "reusita": 97.36842105263158, "cnt": 38}}, "nume": "COLEGIUL NATIONAL \"PETRU RARES\" BECLEAN\tBistri\u021ba-N\u0103s\u0103ud"}