{"specializari": {"TEHNICIAN IN AUTOMATIZARI": 18, "STIINTE ALE NATURII": 34, "MATEMATICA-INFORMATICA": 31, "TEHNICIAN TRANSPORTURI": 14, "TEHNICIAN MECATRONIST": 21, "TEHNICIAN MECANIC PENTRU INTRETINERE SI REPARATII": 4}, "limba_moderna": {"LIMBA ENGLEZA": 120, "LIMBA FRANCEZA": 2}, "limba_materna": {"LIMBA ROMANA": 122}, "promotie_anterioara": {"NU": 76, "DA": 46}, "materii": {"LIMBA ROMANA": {"medie": 5.725862068965517, "reusita": 70.49180327868852, "cnt": 122}, "MATEMATICA MATE-INFO": {"medie": 5.36, "reusita": 74.19354838709677, "cnt": 31}, "INFORMATICA MI C/C++": {"medie": 4.525, "reusita": 50.0, "cnt": 2}, "GENERAL": {"medie": 5.3151515151515145, "reusita": 32.78688524590164, "cnt": 122}, "MATEMATICA ST-NAT": {"medie": 5.109375, "reusita": 61.76470588235294, "cnt": 34}, "ANATOMIE SI FIZIOLOGIE UMANA, GENETICA SI ECOLOGIE UMANA": {"medie": 5.92142857142857, "reusita": 72.88135593220339, "cnt": 59}, "CHIMIE ANORGANICA TEO NIVEL I/II": {"medie": 5.0, "reusita": 100.0, "cnt": 1}, "BIOLOGIE VEGETALA SI ANIMALA": {"medie": 4.353773584905662, "reusita": 36.84210526315789, "cnt": 57}, "MATEMATICA TEHN": {"medie": 4.79326923076923, "reusita": 56.14035087719298, "cnt": 57}, "FIZICA TEH": {"medie": "-", "reusita": 0.0, "cnt": 1}, "CHIMIE ORGANICA TEH NIVEL I/II": {"medie": 2.85, "reusita": 0.0, "cnt": 2}}, "nume": "COLEGIUL TEHNIC \"DIMITRIE LEONIDA\"\tBucure\u0219ti"}