{"specializari": {"TEHNICIAN IN ACTIVITATI ECONOMICE": 28, "STIINTE SOCIALE": 20, "TEHNICIAN ELECTRICIAN/ELECTRONIST AUTO": 25, "STIINTE ALE NATURII": 2, "ORGANIZATOR BANQUETING": 23, "TEHNICIAN MECANIC PENTRU INTRETINERE SI REPARATII": 2, "TEHNICIAN IN INSTALATII ELECTRICE": 2, "FILOLOGIE": 1}, "limba_moderna": {"LIMBA FRANCEZA": 30, "LIMBA ENGLEZA": 73}, "limba_materna": {"LIMBA ROMANA": 103}, "promotie_anterioara": {"NU": 86, "DA": 17}, "materii": {"LIMBA ROMANA": {"medie": 5.237628865979382, "reusita": 60.19417475728155, "cnt": 103}, "GENERAL": {"medie": 5.39874551971326, "reusita": 30.097087378640776, "cnt": 103}, "ISTORIE": {"medie": 5.272222222222222, "reusita": 61.904761904761905, "cnt": 21}, "LOGICA, ARGUMENTARE SI COMUNICARE": {"medie": 6.0, "reusita": 60.0, "cnt": 15}, "MATEMATICA ST-NAT": {"medie": 4.875, "reusita": 50.0, "cnt": 2}, "GEOGRAFIE": {"medie": 6.917307692307693, "reusita": 90.74074074074075, "cnt": 54}, "ANATOMIE SI FIZIOLOGIE UMANA, GENETICA SI ECOLOGIE UMANA": {"medie": 6.975, "reusita": 100.0, "cnt": 2}, "BIOLOGIE VEGETALA SI ANIMALA": {"medie": 3.3761904761904753, "reusita": 15.384615384615385, "cnt": 26}, "SOCIOLOGIE": {"medie": 6.1, "reusita": 100.0, "cnt": 1}, "MATEMATICA TEHN": {"medie": 4.917567567567569, "reusita": 53.75, "cnt": 80}, "FIZICA TEH": {"medie": 6.233333333333333, "reusita": 100.0, "cnt": 3}, "ECONOMIE": {"medie": 6.05, "reusita": 50.0, "cnt": 2}}, "nume": "COLEGIUL TEHNIC \"ALEXANDRU IOAN CUZA\" SUCEAVA\tSuceava"}