{"specializari": {"STIINTE ALE NATURII": 38, "STIINTE SOCIALE": 33, "FILOLOGIE": 18}, "limba_moderna": {"LIMBA ENGLEZA": 89}, "limba_materna": {"LIMBA ROMANA": 72, "LIMBA GERMANA": 17}, "promotie_anterioara": {"NU": 76, "DA": 13}, "materii": {"LIMBA ROMANA": {"medie": 6.635227272727272, "reusita": 96.62921348314607, "cnt": 89}, "GENERAL": {"medie": 6.995545977011495, "reusita": 83.14606741573034, "cnt": 89}, "ISTORIE": {"medie": 6.597999999999998, "reusita": 98.0392156862745, "cnt": 51}, "LOGICA, ARGUMENTARE SI COMUNICARE": {"medie": 7.900000000000001, "reusita": 93.33333333333333, "cnt": 15}, "CHIMIE ORGANICA TEO NIVEL I/II": {"medie": 7.949999999999999, "reusita": 100.0, "cnt": 2}, "MATEMATICA ST-NAT": {"medie": 7.196052631578947, "reusita": 89.47368421052632, "cnt": 38}, "FIZICA TEO": {"medie": 8.5, "reusita": 100.0, "cnt": 8}, "GEOGRAFIE": {"medie": 7.844117647058825, "reusita": 100.0, "cnt": 34}, "PSIHOLOGIE": {"medie": 5.4, "reusita": 100.0, "cnt": 1}, "ANATOMIE SI FIZIOLOGIE UMANA, GENETICA SI ECOLOGIE UMANA": {"medie": 6.389999999999999, "reusita": 85.0, "cnt": 20}, "CHIMIE ANORGANICA TEO NIVEL I/II": {"medie": 7.63, "reusita": 100.0, "cnt": 5}, "BIOLOGIE VEGETALA SI ANIMALA": {"medie": 6.7, "reusita": 100.0, "cnt": 2}, "INFORMATICA SN C/C++": {"medie": 9.35, "reusita": 100.0, "cnt": 1}, "LIMBA GERMANA": {"medie": 6.352941176470587, "reusita": 100.0, "cnt": 17}, "ECONOMIE": {"medie": 5.15, "reusita": 100.0, "cnt": 1}}, "nume": "COLEGIUL NATIONAL \"DOAMNA STANCA\" FAGARAS\tBra\u0219ov"}