{"specializari": {"FILOLOGIE": 30, "TEHNICIAN PRODUCTIE FILM SI TELEVIZIUNE": 62, "LICEU CU PROGRAM SPORTIV": 52, "TEHNICIAN OPERATOR PROCESARE TEXT IMAGINE": 37, "STIINTE ALE NATURII": 7, "TEHNICIAN POLIGRAF": 19, "TEHNICIAN MECATRONIST": 1}, "limba_moderna": {"LIMBA ENGLEZA": 208}, "limba_materna": {"LIMBA ROMANA": 208}, "promotie_anterioara": {"NU": 158, "DA": 50}, "materii": {"LIMBA ROMANA": {"medie": 5.595566502463052, "reusita": 82.21153846153845, "cnt": 208}, "GENERAL": {"medie": 5.455892255892256, "reusita": 39.42307692307692, "cnt": 208}, "ISTORIE": {"medie": 5.97469135802469, "reusita": 85.36585365853658, "cnt": 82}, "LOGICA, ARGUMENTARE SI COMUNICARE": {"medie": 5.691935483870967, "reusita": 65.625, "cnt": 32}, "GEOGRAFIE": {"medie": 7.684375000000002, "reusita": 97.91666666666666, "cnt": 48}, "MATEMATICA ST-NAT": {"medie": 5.521428571428572, "reusita": 100.0, "cnt": 7}, "SOCIOLOGIE": {"medie": 4.6, "reusita": 50.0, "cnt": 2}, "ANATOMIE SI FIZIOLOGIE UMANA, GENETICA SI ECOLOGIE UMANA": {"medie": 6.95, "reusita": 100.0, "cnt": 6}, "CHIMIE ANORGANICA TEO NIVEL I/II": {"medie": 6.8, "reusita": 100.0, "cnt": 1}, "BIOLOGIE VEGETALA SI ANIMALA": {"medie": 4.354054054054053, "reusita": 40.51724137931034, "cnt": 116}, "MATEMATICA TEHN": {"medie": 4.720982142857144, "reusita": 52.94117647058824, "cnt": 119}, "FIZICA TEH": {"medie": 6.425000000000001, "reusita": 50.0, "cnt": 2}, "CHIMIE ANORGANICA TEH NIVEL I/II": {"medie": 3.9, "reusita": 0.0, "cnt": 1}}, "nume": "COLEGIUL TEHNIC \"MEDIA\"\tBucure\u0219ti"}