{"specializari": {"STIINTE SOCIALE": 32, "FILOLOGIE": 84, "MATEMATICA-INFORMATICA": 83, "STIINTE ALE NATURII": 57}, "limba_moderna": {"LIMBA ENGLEZA": 225, "LIMBA FRANCEZA": 30, "LIMBA GERMANA MODERNA": 1}, "limba_materna": {"LIMBA ROMANA": 256}, "promotie_anterioara": {"NU": 255, "DA": 1}, "materii": {"LIMBA ROMANA": {"medie": 7.7103515625000005, "reusita": 99.21875, "cnt": 256}, "MATEMATICA MATE-INFO": {"medie": 7.6716867469879535, "reusita": 98.79518072289156, "cnt": 83}, "INFORMATICA MI C/C++": {"medie": 7.263513513513512, "reusita": 94.5945945945946, "cnt": 37}, "GENERAL": {"medie": 7.969596354166668, "reusita": 92.96875, "cnt": 256}, "ISTORIE": {"medie": 8.540948275862073, "reusita": 97.41379310344827, "cnt": 116}, "LOGICA, ARGUMENTARE SI COMUNICARE": {"medie": 9.016438356164384, "reusita": 98.63013698630137, "cnt": 73}, "CHIMIE ORGANICA TEO NIVEL I/II": {"medie": 8.930769230769231, "reusita": 100.0, "cnt": 13}, "MATEMATICA ST-NAT": {"medie": 7.515789473684212, "reusita": 96.49122807017544, "cnt": 57}, "FIZICA TEO": {"medie": 7.766666666666666, "reusita": 94.44444444444444, "cnt": 18}, "GEOGRAFIE": {"medie": 8.904545454545454, "reusita": 100.0, "cnt": 22}, "PSIHOLOGIE": {"medie": 8.46470588235294, "reusita": 100.0, "cnt": 17}, "ANATOMIE SI FIZIOLOGIE UMANA, GENETICA SI ECOLOGIE UMANA": {"medie": 7.380909090909088, "reusita": 96.36363636363636, "cnt": 55}, "BIOLOGIE VEGETALA SI ANIMALA": {"medie": 7.2593749999999995, "reusita": 100.0, "cnt": 16}, "SOCIOLOGIE": {"medie": 9.1875, "reusita": 100.0, "cnt": 4}, "INFORMATICA SN C/C++": {"medie": 9.4, "reusita": 100.0, "cnt": 1}}, "nume": "COLEGIUL NATIONAL \"MIHAI EMINESCU\" MUNICIPIUL BUZAU\tBuz\u0103u"}