{"specializari": {"TEHNICIAN OPERATOR TEHNICA DE CALCUL": 25, "MATEMATICA-INFORMATICA": 46, "TEHNICIAN PROIECTANT CAD": 2, "TEHNICIAN IN AUTOMATIZARI": 5, "TEHNICIAN ELECTROMECANIC": 26, "TEHNICIAN IN INSTALATII ELECTRICE": 4, "TEHNICIAN PRELUCRARI MECANICE": 3, "TEHNICIAN TRANSPORTURI": 2, "TEHNICIAN DE TELECOMUNICATII": 1, "TEHNICIAN MECATRONIST": 22}, "limba_moderna": {"LIMBA ENGLEZA": 129, "LIMBA FRANCEZA": 7}, "limba_materna": {"LIMBA ROMANA": 136}, "promotie_anterioara": {"NU": 99, "DA": 37}, "materii": {"LIMBA ROMANA": {"medie": 5.378846153846153, "reusita": 66.17647058823529, "cnt": 136}, "MATEMATICA MATE-INFO": {"medie": 5.425, "reusita": 76.08695652173914, "cnt": 46}, "INFORMATICA MI C/C++": {"medie": 5.503571428571427, "reusita": 57.14285714285714, "cnt": 14}, "GENERAL": {"medie": 4.914905149051492, "reusita": 25.735294117647058, "cnt": 136}, "FIZICA TEO": {"medie": 7.1625000000000005, "reusita": 75.0, "cnt": 4}, "ANATOMIE SI FIZIOLOGIE UMANA, GENETICA SI ECOLOGIE UMANA": {"medie": 5.861111111111111, "reusita": 83.33333333333334, "cnt": 18}, "BIOLOGIE VEGETALA SI ANIMALA": {"medie": 4.190909090909092, "reusita": 34.883720930232556, "cnt": 86}, "MATEMATICA TEHN": {"medie": 4.101234567901233, "reusita": 43.333333333333336, "cnt": 90}, "FIZICA TEH": {"medie": 4.033333333333333, "reusita": 33.33333333333333, "cnt": 3}, "CHIMIE ANORGANICA TEH NIVEL I/II": {"medie": 4.65, "reusita": 36.36363636363637, "cnt": 11}}, "nume": "COLEGIUL TEHNIC \"EDMOND NICOLAU\" FOCSANI\tVrancea"}