{"specializari": {"STIINTE ALE NATURII": 64, "FILOLOGIE": 69, "MATEMATICA-INFORMATICA": 119, "STIINTE SOCIALE": 68}, "limba_moderna": {"LIMBA ENGLEZA": 316, "LIMBA FRANCEZA": 4}, "limba_materna": {"LIMBA ROMANA": 320}, "promotie_anterioara": {"NU": 317, "DA": 3}, "materii": {"LIMBA ROMANA": {"medie": 8.36990595611286, "reusita": 99.6875, "cnt": 320}, "MATEMATICA MATE-INFO": {"medie": 8.082478632478635, "reusita": 98.31932773109243, "cnt": 119}, "INFORMATICA MI C/C++": {"medie": 8.454255319148935, "reusita": 100.0, "cnt": 47}, "GENERAL": {"medie": 8.635272536687626, "reusita": 98.4375, "cnt": 320}, "ISTORIE": {"medie": 8.816423357664231, "reusita": 100.0, "cnt": 137}, "LOGICA, ARGUMENTARE SI COMUNICARE": {"medie": 9.162637362637359, "reusita": 100.0, "cnt": 91}, "GEOGRAFIE": {"medie": 9.540000000000001, "reusita": 100.0, "cnt": 5}, "FIZICA TEO": {"medie": 8.678048780487803, "reusita": 100.0, "cnt": 41}, "CHIMIE ORGANICA TEO NIVEL I/II": {"medie": 9.340909090909092, "reusita": 100.0, "cnt": 22}, "MATEMATICA ST-NAT": {"medie": 8.982812499999998, "reusita": 100.0, "cnt": 64}, "PSIHOLOGIE": {"medie": 9.080000000000002, "reusita": 100.0, "cnt": 15}, "SOCIOLOGIE": {"medie": 8.997826086956524, "reusita": 100.0, "cnt": 23}, "ANATOMIE SI FIZIOLOGIE UMANA, GENETICA SI ECOLOGIE UMANA": {"medie": 9.018181818181818, "reusita": 98.50746268656717, "cnt": 67}, "BIOLOGIE VEGETALA SI ANIMALA": {"medie": 8.0125, "reusita": 100.0, "cnt": 4}, "INFORMATICA SN C/C++": {"medie": 9.625, "reusita": 100.0, "cnt": 2}, "ECONOMIE": {"medie": 7.8500000000000005, "reusita": 100.0, "cnt": 3}}, "nume": "COLEGIUL NATIONAL \"ZINCA GOLESCU\" PITESTI\tArge\u0219"}