{"specializari": {"STIINTE SOCIALE": 6, "TEHNICIAN OPERATOR TEHNICA DE CALCUL": 1, "TEHNICIAN IN INSTALATII ELECTRICE": 1}, "limba_moderna": {"LIMBA FRANCEZA": 2, "LIMBA ENGLEZA": 6}, "limba_materna": {"LIMBA ROMANA": 8}, "promotie_anterioara": {"DA": 5, "NU": 3}, "materii": {"LIMBA ROMANA": {"medie": 4.5125, "reusita": 50.0, "cnt": 8}, "GENERAL": {"medie": 4.947619047619048, "reusita": 12.5, "cnt": 8}, "ISTORIE": {"medie": 4.016666666666667, "reusita": 33.33333333333333, "cnt": 6}, "GEOGRAFIE": {"medie": 6.625, "reusita": 83.33333333333334, "cnt": 6}, "BIOLOGIE VEGETALA SI ANIMALA": {"medie": 4.4, "reusita": 0.0, "cnt": 2}, "MATEMATICA TEHN": {"medie": 3.9, "reusita": 50.0, "cnt": 2}}, "nume": "COLEGIUL \"AUREL VIJOLI\" FAGARAS\tBra\u0219ov"}