{"specializari": {"TEHNICIAN ECOLOG SI PROTECTIA CALITATII MEDIULUI": 19, "TEHNICIAN IN AUTOMATIZARI": 42, "LICEU CU PROGRAM SPORTIV": 17, "TEHNICIAN DE TELECOMUNICATII": 22, "TEHNICIAN OPERATOR TEHNICA DE CALCUL": 14, "TEHNICIAN IN INSTALATII ELECTRICE": 23, "TEHNICIAN ELECTROTEHNIST": 4, "TEHNICIAN IN ACTIVITATI ECONOMICE": 2, "TEHNICIAN MECATRONIST": 1, "TEHNICIAN IN AGRICULTURA": 1, "TEHNICIAN MECANIC PENTRU INTRETINERE SI REPARATII": 2, "STIINTE ALE NATURII": 1}, "limba_moderna": {"LIMBA ENGLEZA": 143, "LIMBA FRANCEZA": 5}, "limba_materna": {"LIMBA ROMANA": 148}, "promotie_anterioara": {"NU": 124, "DA": 24}, "materii": {"LIMBA ROMANA": {"medie": 7.137162162162162, "reusita": 97.2972972972973, "cnt": 148}, "GENERAL": {"medie": 7.290867579908678, "reusita": 79.72972972972973, "cnt": 148}, "ISTORIE": {"medie": 7.267647058823529, "reusita": 100.0, "cnt": 17}, "LOGICA, ARGUMENTARE SI COMUNICARE": {"medie": 7.859090909090909, "reusita": 90.9090909090909, "cnt": 11}, "GEOGRAFIE": {"medie": 8.424999999999999, "reusita": 100.0, "cnt": 6}, "FIZICA TEO": {"medie": 6.5, "reusita": 100.0, "cnt": 1}, "MATEMATICA ST-NAT": {"medie": 5.0, "reusita": 100.0, "cnt": 1}, "PSIHOLOGIE": {"medie": 8.625, "reusita": 100.0, "cnt": 2}, "ANATOMIE SI FIZIOLOGIE UMANA, GENETICA SI ECOLOGIE UMANA": {"medie": 7.9421052631578934, "reusita": 90.0, "cnt": 20}, "BIOLOGIE VEGETALA SI ANIMALA": {"medie": 6.133333333333334, "reusita": 83.60655737704919, "cnt": 61}, "MATEMATICA TEHN": {"medie": 7.634496124031004, "reusita": 96.92307692307692, "cnt": 130}, "FIZICA TEH": {"medie": 7.686170212765957, "reusita": 89.36170212765957, "cnt": 47}}, "nume": "COLEGIUL ENERGETIC, MUN. RM. VALCEA\tV\u00e2lcea"}