{"specializari": {"FILOLOGIE": 32, "STIINTE ALE NATURII": 19, "MATEMATICA-INFORMATICA": 43, "TEHNICIAN ELECTRICIAN/ELECTRONIST AUTO": 36, "TEHNICIAN PROIECTANT CAD": 27, "TEHNICIAN INSTALATII DE BORD (AVION)": 22, "TEHNICIAN IN CONSTRUCTII SI LUCRARI PUBLICE": 2, "TEHNICIAN IN INSTALATII ELECTRICE": 1, "TEHNICIAN MECATRONIST": 3, "TEHNICIAN OPERATOR TEHNICA DE CALCUL": 3, "TEHNICIAN DESENATOR PENTRU CONSTRUCTII SI INSTALATII": 3, "TEHNICIAN OPERATOR TELEMATICA": 1, "TEHNICIAN ELECTROTEHNIST": 3, "TEHNICIAN MECANIC PENTRU INTRETINERE SI REPARATII": 2, "TEHNICIAN IN ACTIVITATI ECONOMICE": 1}, "limba_moderna": {"LIMBA ENGLEZA": 192, "LIMBA FRANCEZA": 6}, "limba_materna": {"LIMBA ROMANA": 198}, "promotie_anterioara": {"NU": 154, "DA": 44}, "materii": {"LIMBA ROMANA": {"medie": 6.156887755102043, "reusita": 88.88888888888889, "cnt": 198}, "MATEMATICA MATE-INFO": {"medie": 5.832558139534883, "reusita": 76.74418604651163, "cnt": 43}, "INFORMATICA MI C/C++": {"medie": 6.879411764705882, "reusita": 88.23529411764706, "cnt": 17}, "GENERAL": {"medie": 6.172687609075043, "reusita": 51.515151515151516, "cnt": 198}, "ISTORIE": {"medie": 6.6421874999999995, "reusita": 90.625, "cnt": 32}, "LOGICA, ARGUMENTARE SI COMUNICARE": {"medie": 8.165625, "reusita": 93.75, "cnt": 32}, "CHIMIE ORGANICA TEO NIVEL I/II": {"medie": 6.85, "reusita": 100.0, "cnt": 1}, "MATEMATICA ST-NAT": {"medie": 6.378947368421054, "reusita": 94.73684210526315, "cnt": 19}, "FIZICA TEO": {"medie": 8.200000000000001, "reusita": 100.0, "cnt": 3}, "GEOGRAFIE": {"medie": 5.1, "reusita": 100.0, "cnt": 1}, "ANATOMIE SI FIZIOLOGIE UMANA, GENETICA SI ECOLOGIE UMANA": {"medie": 6.464473684210527, "reusita": 81.57894736842105, "cnt": 38}, "CHIMIE ANORGANICA TEO NIVEL I/II": {"medie": 8.25, "reusita": 100.0, "cnt": 1}, "BIOLOGIE VEGETALA SI ANIMALA": {"medie": 5.121428571428573, "reusita": 58.0246913580247, "cnt": 81}, "MATEMATICA TEHN": {"medie": 5.766831683168317, "reusita": 78.84615384615384, "cnt": 104}, "FIZICA TEH": {"medie": 6.736956521739131, "reusita": 87.5, "cnt": 24}}, "nume": "COLEGIUL \"STEFAN ODOBLEJA\" CRAIOVA\tDolj"}