{"specializari": {"STIINTE SOCIALE": 34, "STIINTE ALE NATURII": 21, "MATEMATICA-INFORMATICA": 41}, "limba_moderna": {"LIMBA ENGLEZA": 96}, "limba_materna": {"LIMBA ROMANA": 96}, "promotie_anterioara": {"NU": 90, "DA": 6}, "materii": {"LIMBA ROMANA": {"medie": 7.847894736842106, "reusita": 98.95833333333334, "cnt": 96}, "MATEMATICA MATE-INFO": {"medie": 7.203658536585362, "reusita": 90.2439024390244, "cnt": 41}, "INFORMATICA MI C/C++": {"medie": 7.646153846153847, "reusita": 92.3076923076923, "cnt": 26}, "GENERAL": {"medie": 7.881929824561401, "reusita": 90.625, "cnt": 96}, "ISTORIE": {"medie": 8.438235294117646, "reusita": 100.0, "cnt": 34}, "LOGICA, ARGUMENTARE SI COMUNICARE": {"medie": 8.307894736842103, "reusita": 100.0, "cnt": 19}, "MATEMATICA ST-NAT": {"medie": 7.895238095238095, "reusita": 100.0, "cnt": 21}, "FIZICA TEO": {"medie": 6.75, "reusita": 66.66666666666666, "cnt": 3}, "GEOGRAFIE": {"medie": 8.907142857142857, "reusita": 100.0, "cnt": 14}, "ANATOMIE SI FIZIOLOGIE UMANA, GENETICA SI ECOLOGIE UMANA": {"medie": 7.668181818181817, "reusita": 96.96969696969697, "cnt": 33}, "SOCIOLOGIE": {"medie": 5.9, "reusita": 100.0, "cnt": 1}}, "nume": "COLEGIUL NATIONAL DE INFORMATICA \"CARMEN SYLVA\" PETROSANI\tHunedoara"}