{"specializari": {"FILOLOGIE": 55, "TEHNICIAN IN HOTELARIE": 45, "TEHNICIAN ELECTROMECANIC": 13, "TEHNICIAN ENERGETICIAN": 24, "TEHNICIAN ELECTROTEHNIST": 4, "MATEMATICA-INFORMATICA": 13, "TEHNICIAN MECANIC PENTRU INTRETINERE SI REPARATII": 6, "TEHNICIAN IN INSTALATII ELECTRICE": 8, "TEHNICIAN ELECTRONIST": 1}, "limba_moderna": {"LIMBA ENGLEZA": 169}, "limba_materna": {"LIMBA ROMANA": 169}, "promotie_anterioara": {"NU": 130, "DA": 39}, "materii": {"LIMBA ROMANA": {"medie": 6.048214285714283, "reusita": 85.20710059171599, "cnt": 169}, "MATEMATICA MATE-INFO": {"medie": 4.065384615384615, "reusita": 61.53846153846154, "cnt": 13}, "GENERAL": {"medie": 6.03486707566462, "reusita": 52.662721893491124, "cnt": 169}, "ISTORIE": {"medie": 6.724545454545456, "reusita": 94.54545454545455, "cnt": 55}, "LOGICA, ARGUMENTARE SI COMUNICARE": {"medie": 8.1, "reusita": 100.0, "cnt": 4}, "GEOGRAFIE": {"medie": 7.4270270270270276, "reusita": 96.0, "cnt": 75}, "PSIHOLOGIE": {"medie": 5.75, "reusita": 100.0, "cnt": 2}, "SOCIOLOGIE": {"medie": 7.213157894736843, "reusita": 100.0, "cnt": 19}, "ANATOMIE SI FIZIOLOGIE UMANA, GENETICA SI ECOLOGIE UMANA": {"medie": 6.093749999999999, "reusita": 87.5, "cnt": 8}, "CHIMIE ANORGANICA TEO NIVEL I/II": {"medie": 2.45, "reusita": 0.0, "cnt": 1}, "BIOLOGIE VEGETALA SI ANIMALA": {"medie": 4.227884615384616, "reusita": 43.63636363636363, "cnt": 55}, "MATEMATICA TEHN": {"medie": 5.385204081632652, "reusita": 66.33663366336634, "cnt": 101}, "FIZICA TEH": {"medie": 9.6, "reusita": 50.0, "cnt": 2}, "CHIMIE ORGANICA TEH NIVEL I/II": {"medie": 2.8, "reusita": 0.0, "cnt": 1}, "CHIMIE ANORGANICA TEH NIVEL I/II": {"medie": 4.825, "reusita": 50.0, "cnt": 2}}, "nume": "COLEGIUL TEHNIC ENERGETIC\tBucure\u0219ti"}