{"specializari": {"MATEMATICA-INFORMATICA": 86, "FILOLOGIE": 65, "STIINTE SOCIALE": 31, "STIINTE ALE NATURII": 30}, "limba_moderna": {"LIMBA ENGLEZA": 196, "LIMBA FRANCEZA": 15, "LIMBA ITALIANA": 1}, "limba_materna": {"LIMBA ROMANA": 212}, "promotie_anterioara": {"NU": 205, "DA": 7}, "materii": {"LIMBA ROMANA": {"medie": 7.66028708133971, "reusita": 97.64150943396226, "cnt": 212}, "MATEMATICA MATE-INFO": {"medie": 7.431764705882351, "reusita": 93.02325581395348, "cnt": 86}, "INFORMATICA MI C/C++": {"medie": 6.564864864864864, "reusita": 75.67567567567568, "cnt": 37}, "GENERAL": {"medie": 7.8588516746411425, "reusita": 86.32075471698113, "cnt": 212}, "ISTORIE": {"medie": 8.45, "reusita": 98.95833333333334, "cnt": 96}, "LOGICA, ARGUMENTARE SI COMUNICARE": {"medie": 8.285937500000001, "reusita": 93.75, "cnt": 32}, "CHIMIE ORGANICA TEO NIVEL I/II": {"medie": 9.277999999999999, "reusita": 100.0, "cnt": 25}, "MATEMATICA ST-NAT": {"medie": 7.611666666666668, "reusita": 100.0, "cnt": 30}, "FIZICA TEO": {"medie": 7.340000000000001, "reusita": 90.0, "cnt": 10}, "GEOGRAFIE": {"medie": 8.537903225806451, "reusita": 96.82539682539682, "cnt": 63}, "PSIHOLOGIE": {"medie": 9.15, "reusita": 100.0, "cnt": 1}, "ANATOMIE SI FIZIOLOGIE UMANA, GENETICA SI ECOLOGIE UMANA": {"medie": 7.562790697674419, "reusita": 100.0, "cnt": 43}, "INFORMATICA SN C/C++": {"medie": 5.75, "reusita": 100.0, "cnt": 1}}, "nume": "COLEGIUL NATIONAL \"DRAGOS VODA\" SIGHETU MARMATIEI\tMaramure\u0219"}