{"specializari": {"STIINTE ALE NATURII": 22, "TEHNICIAN IN INDUSTRIA TEXTILA": 1, "TEHNICIAN MULTIMEDIA": 18, "TEHNICIAN DESIGNER VESTIMENTAR": 23, "STIINTE SOCIALE": 5, "TEHNICIAN PRODUCTIE FILM SI TELEVIZIUNE": 13, "MATEMATICA-INFORMATICA": 3}, "limba_moderna": {"LIMBA ENGLEZA": 81, "LIMBA FRANCEZA": 4}, "limba_materna": {"LIMBA ROMANA": 85}, "promotie_anterioara": {"NU": 41, "DA": 44}, "materii": {"LIMBA ROMANA": {"medie": 6.509523809523809, "reusita": 94.11764705882352, "cnt": 85}, "MATEMATICA MATE-INFO": {"medie": 2.1166666666666667, "reusita": 0.0, "cnt": 3}, "GENERAL": {"medie": 6.395175438596493, "reusita": 56.470588235294116, "cnt": 85}, "ISTORIE": {"medie": 5.459999999999999, "reusita": 60.0, "cnt": 5}, "GEOGRAFIE": {"medie": 7.65, "reusita": 50.0, "cnt": 4}, "FIZICA TEO": {"medie": 5.987500000000001, "reusita": 75.0, "cnt": 4}, "CHIMIE ORGANICA TEO NIVEL I/II": {"medie": 5.5, "reusita": 100.0, "cnt": 1}, "MATEMATICA ST-NAT": {"medie": 7.347727272727272, "reusita": 95.45454545454545, "cnt": 22}, "SOCIOLOGIE": {"medie": 6.8, "reusita": 100.0, "cnt": 1}, "ANATOMIE SI FIZIOLOGIE UMANA, GENETICA SI ECOLOGIE UMANA": {"medie": 7.7105263157894735, "reusita": 94.73684210526315, "cnt": 19}, "BIOLOGIE VEGETALA SI ANIMALA": {"medie": 5.301086956521738, "reusita": 55.769230769230774, "cnt": 52}, "MATEMATICA TEHN": {"medie": 6.164423076923078, "reusita": 87.27272727272727, "cnt": 55}, "FIZICA TEH": {"medie": 8.95, "reusita": 100.0, "cnt": 2}, "CHIMIE ORGANICA TEH NIVEL I/II": {"medie": 5.3, "reusita": 100.0, "cnt": 1}, "CHIMIE ANORGANICA TEH NIVEL I/II": {"medie": 5.25, "reusita": 100.0, "cnt": 1}}, "nume": "COLEGIUL TEHNIC \"GHEORGHE ASACHI\"\tBucure\u0219ti"}