{"specializari": {"STIINTE ALE NATURII": 29, "FILOLOGIE": 60, "MATEMATICA-INFORMATICA": 58}, "limba_moderna": {"LIMBA ENGLEZA": 120, "LIMBA FRANCEZA": 17, "LIMBA GERMANA MODERNA": 10}, "limba_materna": {"LIMBA ROMANA": 147}, "promotie_anterioara": {"NU": 147}, "materii": {"LIMBA ROMANA": {"medie": 8.108843537414968, "reusita": 100.0, "cnt": 147}, "MATEMATICA MATE-INFO": {"medie": 8.11637931034483, "reusita": 100.0, "cnt": 58}, "INFORMATICA MI C/C++": {"medie": 7.515789473684211, "reusita": 100.0, "cnt": 19}, "GENERAL": {"medie": 8.473582766439915, "reusita": 97.95918367346938, "cnt": 147}, "ISTORIE": {"medie": 8.617499999999998, "reusita": 100.0, "cnt": 60}, "LOGICA, ARGUMENTARE SI COMUNICARE": {"medie": 9.45, "reusita": 100.0, "cnt": 42}, "CHIMIE ORGANICA TEO NIVEL I/II": {"medie": 9.25, "reusita": 100.0, "cnt": 3}, "MATEMATICA ST-NAT": {"medie": 8.901724137931033, "reusita": 100.0, "cnt": 29}, "FIZICA TEO": {"medie": 8.309999999999999, "reusita": 100.0, "cnt": 10}, "GEOGRAFIE": {"medie": 9.173529411764704, "reusita": 100.0, "cnt": 17}, "PSIHOLOGIE": {"medie": 7.3, "reusita": 100.0, "cnt": 1}, "ANATOMIE SI FIZIOLOGIE UMANA, GENETICA SI ECOLOGIE UMANA": {"medie": 8.798113207547171, "reusita": 100.0, "cnt": 53}, "CHIMIE ANORGANICA TEO NIVEL I/II": {"medie": 9.4, "reusita": 100.0, "cnt": 2}}, "nume": "COLEGIUL NATIONAL \"VASILE ALECSANDRI\", IASI\tIa\u0219i"}