{"specializari": {"FILOLOGIE": 17, "TEHNICIAN ELECTRICIAN/ELECTRONIST AUTO": 16, "TEHNICIAN DESENATOR PENTRU CONSTRUCTII SI INSTALATII": 11, "TEHNICIAN MECATRONIST": 12, "STIINTE SOCIALE": 1, "TEHNICIAN IN AUTOMATIZARI": 5}, "limba_moderna": {"LIMBA ENGLEZA": 61, "LIMBA FRANCEZA": 1}, "limba_materna": {"LIMBA ROMANA": 62}, "promotie_anterioara": {"NU": 51, "DA": 11}, "materii": {"LIMBA ROMANA": {"medie": 5.254098360655739, "reusita": 69.35483870967742, "cnt": 62}, "GENERAL": {"medie": 4.902777777777778, "reusita": 19.35483870967742, "cnt": 62}, "ISTORIE": {"medie": 5.952777777777779, "reusita": 77.77777777777779, "cnt": 18}, "LOGICA, ARGUMENTARE SI COMUNICARE": {"medie": 6.8999999999999995, "reusita": 66.66666666666666, "cnt": 6}, "GEOGRAFIE": {"medie": 6.637500000000002, "reusita": 83.33333333333334, "cnt": 12}, "BIOLOGIE VEGETALA SI ANIMALA": {"medie": 3.540540540540539, "reusita": 26.31578947368421, "cnt": 38}, "MATEMATICA TEHN": {"medie": 4.615909090909089, "reusita": 59.09090909090909, "cnt": 44}, "FIZICA TEH": {"medie": 2.4625, "reusita": 0.0, "cnt": 4}, "CHIMIE ANORGANICA TEH NIVEL I/II": {"medie": 4.475, "reusita": 50.0, "cnt": 2}}, "nume": "COLEGIUL TEHNIC \"SAMUIL ISOPESCU\" SUCEAVA\tSuceava"}