{"specializari": {"MATEMATICA-INFORMATICA": 103, "STIINTE ALE NATURII": 27, "STIINTE SOCIALE": 30}, "limba_moderna": {"LIMBA ENGLEZA": 155, "LIMBA GERMANA MODERNA": 1, "LIMBA FRANCEZA": 4}, "limba_materna": {"LIMBA ROMANA": 160}, "promotie_anterioara": {"NU": 160}, "materii": {"LIMBA ROMANA": {"medie": 8.141562499999997, "reusita": 100.0, "cnt": 160}, "MATEMATICA MATE-INFO": {"medie": 8.617961165048543, "reusita": 100.0, "cnt": 103}, "INFORMATICA MI C/C++": {"medie": 7.928260869565219, "reusita": 95.65217391304348, "cnt": 46}, "GENERAL": {"medie": 8.31197916666667, "reusita": 96.875, "cnt": 160}, "ISTORIE": {"medie": 8.305, "reusita": 100.0, "cnt": 30}, "LOGICA, ARGUMENTARE SI COMUNICARE": {"medie": 9.395454545454546, "reusita": 100.0, "cnt": 11}, "GEOGRAFIE": {"medie": 8.9125, "reusita": 100.0, "cnt": 4}, "FIZICA TEO": {"medie": 8.104761904761904, "reusita": 95.23809523809523, "cnt": 21}, "CHIMIE ORGANICA TEO NIVEL I/II": {"medie": 8.931249999999999, "reusita": 100.0, "cnt": 16}, "MATEMATICA ST-NAT": {"medie": 8.583333333333334, "reusita": 100.0, "cnt": 27}, "PSIHOLOGIE": {"medie": 8.275, "reusita": 100.0, "cnt": 2}, "SOCIOLOGIE": {"medie": 8.057692307692308, "reusita": 100.0, "cnt": 13}, "ANATOMIE SI FIZIOLOGIE UMANA, GENETICA SI ECOLOGIE UMANA": {"medie": 8.089130434782607, "reusita": 100.0, "cnt": 23}, "CHIMIE ANORGANICA TEO NIVEL I/II": {"medie": 9.4, "reusita": 100.0, "cnt": 1}, "BIOLOGIE VEGETALA SI ANIMALA": {"medie": 8.002272727272729, "reusita": 100.0, "cnt": 22}, "INFORMATICA SN C/C++": {"medie": 8.95, "reusita": 100.0, "cnt": 1}}, "nume": "COLEGIUL NATIONAL \"NICOLAE BALCESCU\"\tBr\u0103ila"}