{"specializari": {"MATEMATICA-INFORMATICA": 32, "STIINTE SOCIALE": 33, "STIINTE ALE NATURII": 27}, "limba_moderna": {"LIMBA GERMANA MODERNA": 43, "LIMBA ENGLEZA": 49}, "limba_materna": {"LIMBA MAGHIARA": 92}, "promotie_anterioara": {"NU": 90, "DA": 2}, "materii": {"LIMBA ROMANA": {"medie": 6.577173913043478, "reusita": 96.73913043478261, "cnt": 92}, "MATEMATICA MATE-INFO": {"medie": 8.723437500000001, "reusita": 100.0, "cnt": 32}, "INFORMATICA MI C/C++": {"medie": 8.879411764705882, "reusita": 100.0, "cnt": 17}, "GENERAL": {"medie": 8.094836956521739, "reusita": 95.65217391304348, "cnt": 92}, "ISTORIE": {"medie": 8.277272727272727, "reusita": 100.0, "cnt": 33}, "LOGICA, ARGUMENTARE SI COMUNICARE": {"medie": 8.534782608695652, "reusita": 100.0, "cnt": 23}, "CHIMIE ORGANICA TEO NIVEL I/II": {"medie": 7.8, "reusita": 100.0, "cnt": 1}, "MATEMATICA ST-NAT": {"medie": 8.250000000000002, "reusita": 96.29629629629629, "cnt": 27}, "FIZICA TEO": {"medie": 7.340000000000001, "reusita": 100.0, "cnt": 5}, "GEOGRAFIE": {"medie": 8.680000000000001, "reusita": 100.0, "cnt": 10}, "ANATOMIE SI FIZIOLOGIE UMANA, GENETICA SI ECOLOGIE UMANA": {"medie": 8.734722222222222, "reusita": 100.0, "cnt": 36}, "LIMBA MAGHIARA (REAL)": {"medie": 8.816949152542374, "reusita": 100.0, "cnt": 59}, "LIMBA MAGHIARA (UMAN)": {"medie": 8.653030303030306, "reusita": 100.0, "cnt": 33}}, "nume": "COLEGIUL NATIONAL \"SZEKELY MIKO\" SFANTU GHEORGHE\tCovasna"}