{"specializari": {"MATEMATICA-INFORMATICA": 60, "STIINTE ALE NATURII": 29, "STIINTE SOCIALE": 29, "FILOLOGIE": 28, "INVATATOR - EDUCATOARE": 30}, "limba_moderna": {"LIMBA ENGLEZA": 163, "LIMBA FRANCEZA": 13}, "limba_materna": {"LIMBA ROMANA": 176}, "promotie_anterioara": {"NU": 175, "DA": 1}, "materii": {"LIMBA ROMANA": {"medie": 8.44772727272727, "reusita": 100.0, "cnt": 176}, "MATEMATICA MATE-INFO": {"medie": 9.228333333333333, "reusita": 100.0, "cnt": 60}, "INFORMATICA MI C/C++": {"medie": 8.438636363636364, "reusita": 100.0, "cnt": 22}, "GENERAL": {"medie": 8.869523809523805, "reusita": 99.43181818181817, "cnt": 176}, "ISTORIE": {"medie": 9.032456140350877, "reusita": 100.0, "cnt": 57}, "LOGICA, ARGUMENTARE SI COMUNICARE": {"medie": 8.884745762711866, "reusita": 100.0, "cnt": 59}, "CHIMIE ORGANICA TEO NIVEL I/II": {"medie": 9.641666666666666, "reusita": 100.0, "cnt": 6}, "MATEMATICA ST-NAT": {"medie": 9.431034482758621, "reusita": 100.0, "cnt": 29}, "FIZICA TEO": {"medie": 8.954166666666664, "reusita": 100.0, "cnt": 24}, "GEOGRAFIE": {"medie": 9.245652173913044, "reusita": 100.0, "cnt": 23}, "PSIHOLOGIE": {"medie": 8.6875, "reusita": 100.0, "cnt": 4}, "ANATOMIE SI FIZIOLOGIE UMANA, GENETICA SI ECOLOGIE UMANA": {"medie": 8.917142857142858, "reusita": 100.0, "cnt": 35}, "INFORMATICA SN C/C++": {"medie": 9.325, "reusita": 100.0, "cnt": 2}, "MATEMATICA PED": {"medie": 9.325862068965517, "reusita": 96.66666666666667, "cnt": 30}, "ECONOMIE": {"medie": 9.0, "reusita": 100.0, "cnt": 1}}, "nume": "COLEGIUL NATIONAL \"COSTACHE NEGRI\", LOCALITATEA GALATI\tGala\u021bi"}