{"specializari": {"STIINTE SOCIALE": 32, "TEHNICIAN IN HOTELARIE": 25, "TEHNICIAN IN ACTIVITATI ECONOMICE": 52, "STIINTE ALE NATURII": 25, "MATEMATICA-INFORMATICA": 30, "TEHNICIAN IN ADMINISTRATIE": 24, "TEHNICIAN IN TURISM": 2, "TEHNICIAN IN ACTIVITATI DE COMERT": 1}, "limba_moderna": {"LIMBA ENGLEZA": 183, "LIMBA FRANCEZA": 3, "LIMBA ITALIANA": 5}, "limba_materna": {"LIMBA ROMANA": 191}, "promotie_anterioara": {"NU": 174, "DA": 17}, "materii": {"LIMBA ROMANA": {"medie": 6.890526315789473, "reusita": 96.8586387434555, "cnt": 191}, "MATEMATICA MATE-INFO": {"medie": 6.3050000000000015, "reusita": 93.33333333333333, "cnt": 30}, "INFORMATICA MI C/C++": {"medie": 6.307142857142857, "reusita": 85.71428571428571, "cnt": 14}, "GENERAL": {"medie": 7.136331569664906, "reusita": 80.10471204188482, "cnt": 191}, "ISTORIE": {"medie": 8.02258064516129, "reusita": 96.875, "cnt": 32}, "LOGICA, ARGUMENTARE SI COMUNICARE": {"medie": 8.404285714285715, "reusita": 94.28571428571428, "cnt": 35}, "GEOGRAFIE": {"medie": 7.8911458333333355, "reusita": 98.96907216494846, "cnt": 97}, "FIZICA TEO": {"medie": 6.6000000000000005, "reusita": 100.0, "cnt": 3}, "CHIMIE ORGANICA TEO NIVEL I/II": {"medie": 6.966666666666666, "reusita": 100.0, "cnt": 3}, "MATEMATICA ST-NAT": {"medie": 7.038, "reusita": 92.0, "cnt": 25}, "PSIHOLOGIE": {"medie": 6.799999999999999, "reusita": 75.0, "cnt": 4}, "ANATOMIE SI FIZIOLOGIE UMANA, GENETICA SI ECOLOGIE UMANA": {"medie": 6.348148148148148, "reusita": 88.88888888888889, "cnt": 27}, "CHIMIE ANORGANICA TEO NIVEL I/II": {"medie": 6.81875, "reusita": 100.0, "cnt": 8}, "MATEMATICA TEHN": {"medie": 6.813592233009707, "reusita": 94.23076923076923, "cnt": 104}}, "nume": "COLEGIUL ECONOMIC \"ANGHEL RUGINA\", MUN. VASLUI\tVaslui"}