{"specializari": {"STIINTE ALE NATURII": 30, "FILOLOGIE": 61, "STIINTE SOCIALE": 33, "MATEMATICA-INFORMATICA": 52}, "limba_moderna": {"LIMBA ENGLEZA": 173, "LIMBA FRANCEZA": 3}, "limba_materna": {"LIMBA ROMANA": 176}, "promotie_anterioara": {"NU": 176}, "materii": {"LIMBA ROMANA": {"medie": 8.281249999999996, "reusita": 99.43181818181817, "cnt": 176}, "MATEMATICA MATE-INFO": {"medie": 8.172115384615383, "reusita": 100.0, "cnt": 52}, "INFORMATICA MI C/C++": {"medie": 7.993750000000001, "reusita": 93.75, "cnt": 16}, "GENERAL": {"medie": 8.681534090909095, "reusita": 97.72727272727273, "cnt": 176}, "ISTORIE": {"medie": 9.102659574468086, "reusita": 98.93617021276596, "cnt": 94}, "LOGICA, ARGUMENTARE SI COMUNICARE": {"medie": 9.187313432835824, "reusita": 100.0, "cnt": 67}, "CHIMIE ORGANICA TEO NIVEL I/II": {"medie": 8.758333333333333, "reusita": 100.0, "cnt": 6}, "MATEMATICA ST-NAT": {"medie": 8.998333333333335, "reusita": 100.0, "cnt": 30}, "FIZICA TEO": {"medie": 8.63076923076923, "reusita": 92.3076923076923, "cnt": 13}, "GEOGRAFIE": {"medie": 9.113043478260867, "reusita": 100.0, "cnt": 23}, "PSIHOLOGIE": {"medie": 9.299999999999999, "reusita": 100.0, "cnt": 3}, "ANATOMIE SI FIZIOLOGIE UMANA, GENETICA SI ECOLOGIE UMANA": {"medie": 8.959574468085105, "reusita": 100.0, "cnt": 47}, "SOCIOLOGIE": {"medie": 9.0, "reusita": 100.0, "cnt": 1}}, "nume": "COLEGIUL NATIONAL \"CALISTRAT HOGAS\", MUNICIPIUL PIATRA-NEAMT\tNeam\u021b"}