{"specializari": {"COAFOR STILIST": 15, "TEHNICIAN IN INDUSTRIA STICLEI SI CERAMICII": 15, "TEHNICIAN CHIMIST DE LABORATOR": 23, "TEHNICIAN DESIGNER VESTIMENTAR": 15, "TEHNICIAN IN INDUSTRIA TEXTILA": 1, "TEHNICIAN IN INDUSTRIA PIELARIEI": 9}, "limba_moderna": {"LIMBA ENGLEZA": 76, "LIMBA FRANCEZA": 2}, "limba_materna": {"LIMBA ROMANA": 78}, "promotie_anterioara": {"NU": 57, "DA": 21}, "materii": {"LIMBA ROMANA": {"medie": 6.158783783783785, "reusita": 80.76923076923077, "cnt": 78}, "GENERAL": {"medie": 6.220714285714287, "reusita": 46.15384615384615, "cnt": 78}, "LOGICA, ARGUMENTARE SI COMUNICARE": {"medie": 8.25, "reusita": 100.0, "cnt": 1}, "GEOGRAFIE": {"medie": 8.03076923076923, "reusita": 85.71428571428571, "cnt": 14}, "BIOLOGIE VEGETALA SI ANIMALA": {"medie": 5.597272727272731, "reusita": 62.71186440677966, "cnt": 59}, "MATEMATICA TEHN": {"medie": 6.134722222222222, "reusita": 74.35897435897436, "cnt": 78}, "FIZICA TEH": {"medie": 6.283333333333334, "reusita": 75.0, "cnt": 4}}, "nume": "COLEGIUL TEHNIC \"APULUM\" ALBA IULIA\tAlba"}