{"specializari": {"INVATATOR - EDUCATOARE": 47, "FILOLOGIE": 29, "EDUCATOR-PUERICULTOR": 15, "STIINTE SOCIALE": 32, "MATEMATICA-INFORMATICA": 29}, "limba_moderna": {"LIMBA ENGLEZA": 136, "LIMBA SPANIOLA": 16}, "limba_materna": {"LIMBA ROMANA": 152}, "promotie_anterioara": {"NU": 151, "DA": 1}, "materii": {"LIMBA ROMANA": {"medie": 7.562828947368421, "reusita": 99.3421052631579, "cnt": 152}, "MATEMATICA MATE-INFO": {"medie": 8.00862068965517, "reusita": 96.55172413793103, "cnt": 29}, "INFORMATICA MI C/C++": {"medie": 8.129166666666666, "reusita": 100.0, "cnt": 12}, "GENERAL": {"medie": 8.26535087719298, "reusita": 96.71052631578947, "cnt": 152}, "ISTORIE": {"medie": 8.596710526315794, "reusita": 100.0, "cnt": 76}, "LOGICA, ARGUMENTARE SI COMUNICARE": {"medie": 8.931333333333331, "reusita": 100.0, "cnt": 75}, "CHIMIE ORGANICA TEO NIVEL I/II": {"medie": 8.149999999999999, "reusita": 100.0, "cnt": 2}, "FIZICA TEO": {"medie": 7.958333333333332, "reusita": 100.0, "cnt": 6}, "GEOGRAFIE": {"medie": 8.69736842105263, "reusita": 100.0, "cnt": 19}, "PSIHOLOGIE": {"medie": 8.627272727272727, "reusita": 100.0, "cnt": 22}, "ANATOMIE SI FIZIOLOGIE UMANA, GENETICA SI ECOLOGIE UMANA": {"medie": 7.925, "reusita": 87.5, "cnt": 8}, "CHIMIE ANORGANICA TEO NIVEL I/II": {"medie": 9.8, "reusita": 100.0, "cnt": 1}, "SOCIOLOGIE": {"medie": 8.825, "reusita": 100.0, "cnt": 2}, "MATEMATICA PED": {"medie": 8.769148936170211, "reusita": 97.87234042553192, "cnt": 47}, "FILOSOFIE": {"medie": 8.9, "reusita": 100.0, "cnt": 4}, "ECONOMIE": {"medie": 8.75, "reusita": 100.0, "cnt": 1}}, "nume": "COLEGIUL NATIONAL PEDAGOGIC \"CONSTANTIN BRATESCU\" CONSTANTA\tConstan\u021ba"}