{"specializari": {"TEHNICIAN IN TURISM": 55, "TEHNICIAN IN ACTIVITATI ECONOMICE": 79, "TEHNICIAN IN ADMINISTRATIE": 55, "TEHNICIAN IN ACTIVITATI DE COMERT": 57, "ORGANIZATOR BANQUETING": 28, "TEHNICIAN IN GASTRONOMIE": 2}, "limba_moderna": {"LIMBA FRANCEZA": 29, "LIMBA ENGLEZA": 247}, "limba_materna": {"LIMBA ROMANA": 276}, "promotie_anterioara": {"NU": 264, "DA": 12}, "materii": {"LIMBA ROMANA": {"medie": 6.661678832116788, "reusita": 96.73913043478261, "cnt": 276}, "GENERAL": {"medie": 7.300427350427352, "reusita": 86.95652173913044, "cnt": 276}, "LOGICA, ARGUMENTARE SI COMUNICARE": {"medie": 7.604871794871791, "reusita": 94.9238578680203, "cnt": 197}, "GEOGRAFIE": {"medie": 7.548101265822786, "reusita": 98.73417721518987, "cnt": 79}, "MATEMATICA TEHN": {"medie": 7.630036630036629, "reusita": 97.46376811594203, "cnt": 276}}, "nume": "COLEGIUL ECONOMIC \"VIRGIL MADGEARU\", LOCALITATEA GALATI\tGala\u021bi"}