{"specializari": {"TEHNICIAN IN AGROTURISM": 34, "TEHNICIAN IN ACHIZITII SI CONTRACTARI": 30, "TEHNICIAN MECANIC PENTRU INTRETINERE SI REPARATII": 28, "TEHNICIAN VETERINAR": 35, "TEHNICIAN IN ACTIVITATI DE COMERT": 1, "TEHNICIAN ECOLOG SI PROTECTIA CALITATII MEDIULUI": 7, "TEHNICIAN AGROMONTAN": 7}, "limba_moderna": {"LIMBA ENGLEZA": 139, "LIMBA FRANCEZA": 2, "LIMBA GERMANA MODERNA": 1}, "limba_materna": {"LIMBA ROMANA": 142}, "promotie_anterioara": {"NU": 112, "DA": 30}, "materii": {"LIMBA ROMANA": {"medie": 6.0989285714285755, "reusita": 90.14084507042254, "cnt": 142}, "GENERAL": {"medie": 6.381467661691541, "reusita": 61.267605633802816, "cnt": 142}, "LOGICA, ARGUMENTARE SI COMUNICARE": {"medie": 8.333333333333334, "reusita": 100.0, "cnt": 12}, "GEOGRAFIE": {"medie": 7.688888888888889, "reusita": 94.44444444444444, "cnt": 18}, "ANATOMIE SI FIZIOLOGIE UMANA, GENETICA SI ECOLOGIE UMANA": {"medie": 6.48923076923077, "reusita": 88.05970149253731, "cnt": 67}, "BIOLOGIE VEGETALA SI ANIMALA": {"medie": 5.8, "reusita": 59.09090909090909, "cnt": 44}, "ECONOMIE": {"medie": 4.3, "reusita": 0.0, "cnt": 1}, "MATEMATICA TEHN": {"medie": 6.321376811594204, "reusita": 84.50704225352112, "cnt": 142}}, "nume": "COLEGIUL AGRICOL \"DANIIL POPOVICI BARCIANU\" SIBIU\tSibiu"}