{"specializari": {"ARHITECTURA, ARTE AMBIENTALE SI DESIGN": 111, "MATEMATICA-INFORMATICA": 30, "TEHNICIAN DESENATOR PENTRU CONSTRUCTII SI INSTALATII": 30}, "limba_moderna": {"LIMBA ENGLEZA": 169, "LIMBA FRANCEZA": 2}, "limba_materna": {"LIMBA ROMANA": 171}, "promotie_anterioara": {"NU": 133, "DA": 38}, "materii": {"LIMBA ROMANA": {"medie": 5.736470588235297, "reusita": 84.21052631578947, "cnt": 171}, "MATEMATICA MATE-INFO": {"medie": 5.650000000000001, "reusita": 90.0, "cnt": 30}, "GENERAL": {"medie": 5.866868686868685, "reusita": 47.368421052631575, "cnt": 171}, "ISTORIE": {"medie": 5.82037037037037, "reusita": 77.47747747747748, "cnt": 111}, "LOGICA, ARGUMENTARE SI COMUNICARE": {"medie": 5.987254901960784, "reusita": 68.62745098039215, "cnt": 51}, "GEOGRAFIE": {"medie": 6.732653061224491, "reusita": 89.79591836734694, "cnt": 49}, "FIZICA TEO": {"medie": 4.15, "reusita": 0.0, "cnt": 2}, "PSIHOLOGIE": {"medie": 6.1000000000000005, "reusita": 87.5, "cnt": 8}, "ANATOMIE SI FIZIOLOGIE UMANA, GENETICA SI ECOLOGIE UMANA": {"medie": 4.42, "reusita": 40.0, "cnt": 5}, "BIOLOGIE VEGETALA SI ANIMALA": {"medie": 5.6295918367346935, "reusita": 58.82352941176471, "cnt": 51}, "FILOSOFIE": {"medie": 6.9, "reusita": 100.0, "cnt": 1}, "ECONOMIE": {"medie": 4.875, "reusita": 50.0, "cnt": 2}, "MATEMATICA TEHN": {"medie": 5.792857142857144, "reusita": 73.33333333333333, "cnt": 30}, "INFORMATICA MI PASCAL": {"medie": 7.8, "reusita": 100.0, "cnt": 2}}, "nume": "COLEGIUL TEHNIC DE ARHITECTURA SI LUCRARI PUBLICE \"IOAN N. SOCOLESCU\"\tBucure\u0219ti"}