{"specializari": {"TEHNICIAN IN ACTIVITATI DE COMERT": 1, "TEHNICIAN IN TURISM": 3, "TEHNICIAN MECANIC PENTRU INTRETINERE SI REPARATII": 1, "TEHNICIAN CHIMIST DE LABORATOR": 1, "TEHNICIAN MECATRONIST": 1, "TEHNICIAN ECOLOG SI PROTECTIA CALITATII MEDIULUI": 1}, "limba_moderna": {"LIMBA ENGLEZA": 8}, "limba_materna": {"LIMBA ROMANA": 8}, "promotie_anterioara": {"DA": 8}, "materii": {"LIMBA ROMANA": {"medie": 6.0, "reusita": 75.0, "cnt": 8}, "GENERAL": {"medie": 5.483333333333333, "reusita": 25.0, "cnt": 8}, "GEOGRAFIE": {"medie": 6.9625, "reusita": 100.0, "cnt": 4}, "BIOLOGIE VEGETALA SI ANIMALA": {"medie": 5.3875, "reusita": 50.0, "cnt": 4}, "MATEMATICA TEHN": {"medie": 4.935714285714286, "reusita": 75.0, "cnt": 8}}, "nume": "COLEGIUL TEHNIC \"DR. ALEXANDRU BARBAT\" VICTORIA\tBra\u0219ov"}