{"specializari": {"TEHNICIAN IN ACTIVITATI ECONOMICE": 86, "TEHNICIAN IN TURISM": 63, "TEHNICIAN IN ACHIZITII SI CONTRACTARI": 25, "TEHNICIAN IN GASTRONOMIE": 94, "TEHNICIAN IN ACTIVITATI DE COMERT": 33, "ORGANIZATOR BANQUETING": 90}, "limba_moderna": {"LIMBA ENGLEZA": 387, "LIMBA FRANCEZA": 4}, "limba_materna": {"LIMBA ROMANA": 391}, "promotie_anterioara": {"NU": 301, "DA": 90}, "materii": {"LIMBA ROMANA": {"medie": 6.024409448818903, "reusita": 89.00255754475704, "cnt": 391}, "GENERAL": {"medie": 6.363162623539984, "reusita": 59.846547314578004, "cnt": 391}, "LOGICA, ARGUMENTARE SI COMUNICARE": {"medie": 6.44718309859155, "reusita": 72.6027397260274, "cnt": 73}, "GEOGRAFIE": {"medie": 7.089399293286218, "reusita": 89.86486486486487, "cnt": 296}, "PSIHOLOGIE": {"medie": 6.135, "reusita": 85.0, "cnt": 20}, "MATEMATICA TEHN": {"medie": 6.122207446808511, "reusita": 81.58567774936061, "cnt": 391}, "ECONOMIE": {"medie": 4.6, "reusita": 50.0, "cnt": 2}}, "nume": "COLEGIUL ECONOMIC \"VIILOR\"\tBucure\u0219ti"}