{"specializari": {"STIINTE ALE NATURII": 29, "FILOLOGIE": 81, "TEHNICIAN TRANSPORTURI": 24, "MATEMATICA-INFORMATICA": 26, "TEHNICIAN IN INDUSTRIA TEXTILA": 12}, "limba_moderna": {"LIMBA ENGLEZA": 165, "LIMBA FRANCEZA": 7}, "limba_materna": {"LIMBA ROMANA": 146, "LIMBA UCRAINEANA": 26}, "promotie_anterioara": {"NU": 146, "DA": 26}, "materii": {"LIMBA ROMANA": {"medie": 6.169047619047617, "reusita": 86.04651162790698, "cnt": 172}, "MATEMATICA MATE-INFO": {"medie": 3.3846153846153846, "reusita": 30.76923076923077, "cnt": 26}, "INFORMATICA MI C/C++": {"medie": 3.9850000000000003, "reusita": 40.0, "cnt": 10}, "GENERAL": {"medie": 5.8837878787878815, "reusita": 44.18604651162791, "cnt": 172}, "ISTORIE": {"medie": 6.366025641025644, "reusita": 85.18518518518519, "cnt": 81}, "LOGICA, ARGUMENTARE SI COMUNICARE": {"medie": 6.041666666666665, "reusita": 74.0, "cnt": 50}, "CHIMIE ORGANICA TEO NIVEL I/II": {"medie": 9.35, "reusita": 100.0, "cnt": 2}, "MATEMATICA ST-NAT": {"medie": 7.406896551724137, "reusita": 93.10344827586206, "cnt": 29}, "FIZICA TEO": {"medie": 9.2, "reusita": 100.0, "cnt": 1}, "GEOGRAFIE": {"medie": 6.653448275862068, "reusita": 80.64516129032258, "cnt": 31}, "ANATOMIE SI FIZIOLOGIE UMANA, GENETICA SI ECOLOGIE UMANA": {"medie": 6.878205128205129, "reusita": 84.61538461538461, "cnt": 39}, "CHIMIE ANORGANICA TEO NIVEL I/II": {"medie": 6.575, "reusita": 100.0, "cnt": 2}, "BIOLOGIE VEGETALA SI ANIMALA": {"medie": 3.5914285714285716, "reusita": 22.22222222222222, "cnt": 36}, "INFORMATICA SN C/C++": {"medie": 5.85, "reusita": 100.0, "cnt": 1}, "MATEMATICA TEHN": {"medie": 3.4469696969696977, "reusita": 30.555555555555557, "cnt": 36}, "LIMBA UCRAINEANA": {"medie": 7.34, "reusita": 96.15384615384616, "cnt": 26}}, "nume": "COLEGIUL TEHNIC \"LATCU VODA\" SIRET\tSuceava"}