{"specializari": {"STIINTE ALE NATURII": 58, "MATEMATICA-INFORMATICA": 52, "STIINTE SOCIALE": 66}, "limba_moderna": {"LIMBA ENGLEZA": 136, "LIMBA FRANCEZA": 40}, "limba_materna": {"LIMBA ROMANA": 176}, "promotie_anterioara": {"NU": 176}, "materii": {"LIMBA ROMANA": {"medie": 8.506534090909087, "reusita": 100.0, "cnt": 176}, "MATEMATICA MATE-INFO": {"medie": 9.45384615384615, "reusita": 100.0, "cnt": 52}, "INFORMATICA MI C/C++": {"medie": 9.309999999999999, "reusita": 100.0, "cnt": 10}, "GENERAL": {"medie": 8.961458333333331, "reusita": 99.43181818181817, "cnt": 176}, "ISTORIE": {"medie": 9.06666666666667, "reusita": 98.48484848484848, "cnt": 66}, "LOGICA, ARGUMENTARE SI COMUNICARE": {"medie": 9.395, "reusita": 100.0, "cnt": 40}, "GEOGRAFIE": {"medie": 8.75909090909091, "reusita": 100.0, "cnt": 22}, "FIZICA TEO": {"medie": 9.332758620689656, "reusita": 100.0, "cnt": 29}, "CHIMIE ORGANICA TEO NIVEL I/II": {"medie": 9.434615384615384, "reusita": 100.0, "cnt": 26}, "MATEMATICA ST-NAT": {"medie": 9.125000000000002, "reusita": 100.0, "cnt": 58}, "SOCIOLOGIE": {"medie": 9.7, "reusita": 100.0, "cnt": 1}, "ANATOMIE SI FIZIOLOGIE UMANA, GENETICA SI ECOLOGIE UMANA": {"medie": 8.957317073170733, "reusita": 100.0, "cnt": 41}, "BIOLOGIE VEGETALA SI ANIMALA": {"medie": 8.716666666666667, "reusita": 100.0, "cnt": 3}, "INFORMATICA SN C/C++": {"medie": 8.0, "reusita": 100.0, "cnt": 1}, "FILOSOFIE": {"medie": 9.8, "reusita": 100.0, "cnt": 1}, "ECONOMIE": {"medie": 8.4, "reusita": 100.0, "cnt": 2}}, "nume": "COLEGIUL NATIONAL \"PETRU RARES\", MUNICIPIUL PIATRA-NEAMT\tNeam\u021b"}