{"specializari": {"TEHNICIAN OPERATOR TEHNICA DE CALCUL": 6, "TEHNICIAN IN ACTIVITATI ECONOMICE": 9, "TEHNICIAN IN ACTIVITATI DE COMERT": 1}, "limba_moderna": {"LIMBA ENGLEZA": 16}, "limba_materna": {"LIMBA ROMANA": 16}, "promotie_anterioara": {"NU": 12, "DA": 4}, "materii": {"LIMBA ROMANA": {"medie": 5.353333333333334, "reusita": 75.0, "cnt": 16}, "GENERAL": {"medie": 6.36060606060606, "reusita": 43.75, "cnt": 16}, "GEOGRAFIE": {"medie": 7.512499999999999, "reusita": 80.0, "cnt": 10}, "BIOLOGIE VEGETALA SI ANIMALA": {"medie": 6.016666666666667, "reusita": 100.0, "cnt": 6}, "MATEMATICA TEHN": {"medie": 6.0625, "reusita": 62.5, "cnt": 16}}, "nume": "COLEGIUL TEHNIC \"MEDIENSIS\" MEDIAS\tSibiu"}