{"specializari": {"TEHNICIAN IN ACTIVITATI ECONOMICE": 125, "TEHNICIAN IN TURISM": 43, "ORGANIZATOR BANQUETING": 28, "TEHNICIAN IN GASTRONOMIE": 25, "MATEMATICA-INFORMATICA": 18, "TEHNICIAN IN ADMINISTRATIE": 22, "TEHNICIAN IN ACTIVITATI DE COMERT": 25}, "limba_moderna": {"LIMBA ENGLEZA": 261, "LIMBA FRANCEZA": 25}, "limba_materna": {"LIMBA ROMANA": 286}, "promotie_anterioara": {"NU": 252, "DA": 34}, "materii": {"LIMBA ROMANA": {"medie": 6.252304964539002, "reusita": 93.7062937062937, "cnt": 286}, "MATEMATICA MATE-INFO": {"medie": 5.7861111111111105, "reusita": 83.33333333333334, "cnt": 18}, "INFORMATICA MI C/C++": {"medie": 6.0600000000000005, "reusita": 80.0, "cnt": 5}, "GENERAL": {"medie": 6.416546762589927, "reusita": 60.83916083916085, "cnt": 286}, "LOGICA, ARGUMENTARE SI COMUNICARE": {"medie": 6.572881355932204, "reusita": 72.1311475409836, "cnt": 61}, "GEOGRAFIE": {"medie": 7.152564102564101, "reusita": 94.5273631840796, "cnt": 201}, "PSIHOLOGIE": {"medie": 6.775, "reusita": 100.0, "cnt": 4}, "ANATOMIE SI FIZIOLOGIE UMANA, GENETICA SI ECOLOGIE UMANA": {"medie": 5.761538461538461, "reusita": 84.61538461538461, "cnt": 13}, "ECONOMIE": {"medie": 4.85, "reusita": 50.0, "cnt": 2}, "MATEMATICA TEHN": {"medie": 6.047537878787876, "reusita": 79.1044776119403, "cnt": 268}}, "nume": "COLEGIUL ECONOMIC \"ION GHICA\" BACAU\tBac\u0103u"}