{"specializari": {"FILOLOGIE": 68, "MATEMATICA-INFORMATICA": 57, "TEHNICIAN IN ACTIVITATI ECONOMICE": 30, "STIINTE ALE NATURII": 16}, "limba_moderna": {"LIMBA ENGLEZA": 170, "LIMBA FRANCEZA": 1}, "limba_materna": {"LIMBA ROMANA": 107, "LIMBA MAGHIARA": 64}, "promotie_anterioara": {"NU": 164, "DA": 7}, "materii": {"LIMBA ROMANA": {"medie": 6.830294117647058, "reusita": 87.13450292397661, "cnt": 171}, "MATEMATICA MATE-INFO": {"medie": 7.959649122807017, "reusita": 100.0, "cnt": 57}, "INFORMATICA MI C/C++": {"medie": 8.75, "reusita": 100.0, "cnt": 6}, "GENERAL": {"medie": 7.77924063116371, "reusita": 84.7953216374269, "cnt": 171}, "ISTORIE": {"medie": 7.543382352941175, "reusita": 100.0, "cnt": 68}, "CHIMIE ORGANICA TEO NIVEL I/II": {"medie": 9.4, "reusita": 100.0, "cnt": 1}, "MATEMATICA ST-NAT": {"medie": 7.47, "reusita": 87.5, "cnt": 16}, "FIZICA TEO": {"medie": 8.512500000000001, "reusita": 100.0, "cnt": 20}, "GEOGRAFIE": {"medie": 8.337222222222218, "reusita": 98.88888888888889, "cnt": 90}, "PSIHOLOGIE": {"medie": 7.9750000000000005, "reusita": 100.0, "cnt": 2}, "ANATOMIE SI FIZIOLOGIE UMANA, GENETICA SI ECOLOGIE UMANA": {"medie": 7.824137931034483, "reusita": 96.66666666666667, "cnt": 30}, "BIOLOGIE VEGETALA SI ANIMALA": {"medie": 8.5625, "reusita": 100.0, "cnt": 16}, "SOCIOLOGIE": {"medie": 8.6, "reusita": 100.0, "cnt": 6}, "MATEMATICA TEHN": {"medie": 8.609999999999998, "reusita": 100.0, "cnt": 30}, "LIMBA MAGHIARA (REAL)": {"medie": 8.324137931034482, "reusita": 100.0, "cnt": 29}, "LIMBA MAGHIARA (UMAN)": {"medie": 7.726470588235294, "reusita": 97.14285714285714, "cnt": 35}}, "nume": "COLEGIUL NATIONAL \"SIMION BARNUTIU\" SIMLEU SILVANIEI\tS\u0103laj"}