{"specializari": {"LICEU CU PROGRAM SPORTIV": 27, "ORGANIZATOR BANQUETING": 20, "TEHNICIAN IN TURISM": 23, "TEHNICIAN MECATRONIST": 23, "TEHNICIAN IN GASTRONOMIE": 19, "TEHNICIAN TRANSPORTURI": 2, "TEHNICIAN MECANIC PENTRU INTRETINERE SI REPARATII": 4, "MATEMATICA-INFORMATICA": 3, "TEHNICIAN IN AUTOMATIZARI": 1}, "limba_moderna": {"LIMBA ENGLEZA": 121, "LIMBA FRANCEZA": 1}, "limba_materna": {"LIMBA ROMANA": 122}, "promotie_anterioara": {"NU": 91, "DA": 31}, "materii": {"LIMBA ROMANA": {"medie": 5.558620689655174, "reusita": 78.68852459016394, "cnt": 122}, "MATEMATICA MATE-INFO": {"medie": 2.4166666666666665, "reusita": 33.33333333333333, "cnt": 3}, "GENERAL": {"medie": 5.355162241887905, "reusita": 32.78688524590164, "cnt": 122}, "ISTORIE": {"medie": 5.462962962962962, "reusita": 74.07407407407408, "cnt": 27}, "LOGICA, ARGUMENTARE SI COMUNICARE": {"medie": 3.972727272727272, "reusita": 36.36363636363637, "cnt": 11}, "GEOGRAFIE": {"medie": 6.782142857142858, "reusita": 93.05555555555556, "cnt": 72}, "PSIHOLOGIE": {"medie": 6.425000000000001, "reusita": 80.0, "cnt": 5}, "BIOLOGIE VEGETALA SI ANIMALA": {"medie": 4.2716666666666665, "reusita": 35.483870967741936, "cnt": 31}, "ECONOMIE": {"medie": 6.9, "reusita": 100.0, "cnt": 1}, "MATEMATICA TEHN": {"medie": 4.362643678160918, "reusita": 52.17391304347826, "cnt": 92}, "FIZICA TEH": {"medie": "-", "reusita": 0.0, "cnt": 1}, "CHIMIE ANORGANICA TEH NIVEL I/II": {"medie": 5.85, "reusita": 100.0, "cnt": 1}}, "nume": "COLEGIUL TEHNIC \"DINICU GOLESCU\"\tBucure\u0219ti"}