{"specializari": {"TEHNICIAN IN ACTIVITATI ECONOMICE": 87, "TEHNICIAN IN TURISM": 29, "TEHNICIAN IN GASTRONOMIE": 32, "TEHNICIAN IN ACTIVITATI DE COMERT": 27, "TEHNICIAN IN ADMINISTRATIE": 21}, "limba_moderna": {"LIMBA ENGLEZA": 194, "LIMBA FRANCEZA": 2}, "limba_materna": {"LIMBA ROMANA": 196}, "promotie_anterioara": {"NU": 187, "DA": 9}, "materii": {"LIMBA ROMANA": {"medie": 7.015721649484536, "reusita": 96.93877551020408, "cnt": 196}, "GENERAL": {"medie": 7.435924006908467, "reusita": 83.6734693877551, "cnt": 196}, "LOGICA, ARGUMENTARE SI COMUNICARE": {"medie": 8.009615384615381, "reusita": 94.6969696969697, "cnt": 132}, "GEOGRAFIE": {"medie": 7.662903225806453, "reusita": 95.23809523809523, "cnt": 63}, "ECONOMIE": {"medie": 5.5, "reusita": 100.0, "cnt": 1}, "MATEMATICA TEHN": {"medie": 7.387371134020618, "reusita": 93.87755102040816, "cnt": 196}}, "nume": "COLEGIUL ECONOMIC \"OCTAV ONICESCU\" BOTOSANI\tBoto\u0219ani"}