{"specializari": {"STIINTE SOCIALE": 66, "MATEMATICA-INFORMATICA": 87, "STIINTE ALE NATURII": 28}, "limba_moderna": {"LIMBA ENGLEZA": 166, "LIMBA GERMANA MODERNA": 7, "LIMBA SPANIOLA": 6, "LIMBA FRANCEZA": 2}, "limba_materna": {"LIMBA ROMANA": 181}, "promotie_anterioara": {"NU": 180, "DA": 1}, "materii": {"LIMBA ROMANA": {"medie": 8.658055555555556, "reusita": 99.4475138121547, "cnt": 181}, "MATEMATICA MATE-INFO": {"medie": 8.942528735632186, "reusita": 100.0, "cnt": 87}, "INFORMATICA MI C/C++": {"medie": 8.901282051282053, "reusita": 100.0, "cnt": 39}, "GENERAL": {"medie": 8.91368715083799, "reusita": 97.79005524861878, "cnt": 181}, "ISTORIE": {"medie": 9.303906250000002, "reusita": 96.96969696969697, "cnt": 66}, "LOGICA, ARGUMENTARE SI COMUNICARE": {"medie": 9.120754716981132, "reusita": 96.29629629629629, "cnt": 54}, "GEOGRAFIE": {"medie": 9.274999999999999, "reusita": 100.0, "cnt": 4}, "FIZICA TEO": {"medie": 8.967857142857145, "reusita": 100.0, "cnt": 14}, "CHIMIE ORGANICA TEO NIVEL I/II": {"medie": 9.504166666666666, "reusita": 100.0, "cnt": 12}, "MATEMATICA ST-NAT": {"medie": 8.9625, "reusita": 100.0, "cnt": 28}, "PSIHOLOGIE": {"medie": 9.341666666666667, "reusita": 100.0, "cnt": 6}, "ANATOMIE SI FIZIOLOGIE UMANA, GENETICA SI ECOLOGIE UMANA": {"medie": 8.96046511627907, "reusita": 100.0, "cnt": 43}, "CHIMIE ANORGANICA TEO NIVEL I/II": {"medie": 7.925000000000001, "reusita": 100.0, "cnt": 4}, "INFORMATICA SN C/C++": {"medie": 5.833333333333333, "reusita": 66.66666666666666, "cnt": 3}, "FILOSOFIE": {"medie": 9.4, "reusita": 100.0, "cnt": 1}, "ECONOMIE": {"medie": 8.15, "reusita": 100.0, "cnt": 1}}, "nume": "COLEGIUL NATIONAL \"FERDINAND I\" BACAU\tBac\u0103u"}