{"specializari": {"STIINTE ALE NATURII": 90, "FILOLOGIE": 31, "MATEMATICA-INFORMATICA": 60}, "limba_moderna": {"LIMBA ENGLEZA": 178, "LIMBA FRANCEZA": 3}, "limba_materna": {"LIMBA ROMANA": 181}, "promotie_anterioara": {"NU": 180, "DA": 1}, "materii": {"LIMBA ROMANA": {"medie": 8.413259668508292, "reusita": 100.0, "cnt": 181}, "MATEMATICA MATE-INFO": {"medie": 8.924166666666663, "reusita": 100.0, "cnt": 60}, "INFORMATICA MI C/C++": {"medie": 8.956521739130435, "reusita": 100.0, "cnt": 23}, "GENERAL": {"medie": 8.740423572744016, "reusita": 100.0, "cnt": 181}, "ISTORIE": {"medie": 9.175806451612903, "reusita": 100.0, "cnt": 31}, "LOGICA, ARGUMENTARE SI COMUNICARE": {"medie": 9.18888888888889, "reusita": 100.0, "cnt": 9}, "CHIMIE ORGANICA TEO NIVEL I/II": {"medie": 9.56086956521739, "reusita": 100.0, "cnt": 23}, "MATEMATICA ST-NAT": {"medie": 8.881111111111109, "reusita": 100.0, "cnt": 90}, "FIZICA TEO": {"medie": 9.244444444444447, "reusita": 100.0, "cnt": 36}, "GEOGRAFIE": {"medie": 9.018181818181818, "reusita": 100.0, "cnt": 11}, "PSIHOLOGIE": {"medie": 8.5, "reusita": 100.0, "cnt": 2}, "ANATOMIE SI FIZIOLOGIE UMANA, GENETICA SI ECOLOGIE UMANA": {"medie": 8.333333333333334, "reusita": 100.0, "cnt": 60}, "CHIMIE ANORGANICA TEO NIVEL I/II": {"medie": 8.575, "reusita": 100.0, "cnt": 4}, "SOCIOLOGIE": {"medie": 8.828571428571427, "reusita": 100.0, "cnt": 7}, "INFORMATICA SN C/C++": {"medie": 8.812500000000002, "reusita": 100.0, "cnt": 4}, "FILOSOFIE": {"medie": 9.6, "reusita": 100.0, "cnt": 1}, "ECONOMIE": {"medie": 5.5, "reusita": 100.0, "cnt": 1}}, "nume": "COLEGIUL NATIONAL \"MOISE NICOARA\" ARAD\tArad"}