{"specializari": {"FILOLOGIE": 53, "STIINTE ALE NATURII": 28, "MATEMATICA-INFORMATICA": 102, "STIINTE SOCIALE": 29}, "limba_moderna": {"LIMBA FRANCEZA": 26, "LIMBA ENGLEZA": 186}, "limba_materna": {"LIMBA ROMANA": 212}, "promotie_anterioara": {"NU": 212}, "materii": {"LIMBA ROMANA": {"medie": 8.397877358490566, "reusita": 100.0, "cnt": 212}, "MATEMATICA MATE-INFO": {"medie": 8.596568627450976, "reusita": 100.0, "cnt": 102}, "INFORMATICA MI C/C++": {"medie": 8.197727272727274, "reusita": 100.0, "cnt": 44}, "GENERAL": {"medie": 8.424056603773582, "reusita": 96.22641509433963, "cnt": 212}, "ISTORIE": {"medie": 8.225000000000001, "reusita": 97.5609756097561, "cnt": 82}, "LOGICA, ARGUMENTARE SI COMUNICARE": {"medie": 9.20964912280702, "reusita": 100.0, "cnt": 57}, "GEOGRAFIE": {"medie": 8.040909090909091, "reusita": 95.45454545454545, "cnt": 22}, "FIZICA TEO": {"medie": 7.839285714285715, "reusita": 100.0, "cnt": 14}, "CHIMIE ORGANICA TEO NIVEL I/II": {"medie": 9.466666666666667, "reusita": 100.0, "cnt": 6}, "MATEMATICA ST-NAT": {"medie": 8.5125, "reusita": 96.42857142857143, "cnt": 28}, "SOCIOLOGIE": {"medie": 9.3, "reusita": 100.0, "cnt": 1}, "ANATOMIE SI FIZIOLOGIE UMANA, GENETICA SI ECOLOGIE UMANA": {"medie": 8.054098360655736, "reusita": 98.36065573770492, "cnt": 61}, "CHIMIE ANORGANICA TEO NIVEL I/II": {"medie": 8.2, "reusita": 100.0, "cnt": 5}, "ECONOMIE": {"medie": 8.5, "reusita": 100.0, "cnt": 2}}, "nume": "COLEGIUL NATIONAL \"A.T.LAURIAN\" BOTOSANI\tBoto\u0219ani"}