{"specializari": {"TEHNICIAN IN ACTIVITATI ECONOMICE": 33, "TEHNICIAN IN ACTIVITATI DE COMERT": 34, "TEHNICIAN IN GASTRONOMIE": 37, "ORGANIZATOR BANQUETING": 7, "TEHNICIAN IN TURISM": 20}, "limba_moderna": {"LIMBA ENGLEZA": 128, "LIMBA FRANCEZA": 3}, "limba_materna": {"LIMBA ROMANA": 131}, "promotie_anterioara": {"NU": 112, "DA": 19}, "materii": {"LIMBA ROMANA": {"medie": 5.8934959349593505, "reusita": 74.04580152671755, "cnt": 131}, "GENERAL": {"medie": 6.445402298850576, "reusita": 56.48854961832062, "cnt": 131}, "LOGICA, ARGUMENTARE SI COMUNICARE": {"medie": 7.232575757575757, "reusita": 89.70588235294117, "cnt": 68}, "GEOGRAFIE": {"medie": 6.667999999999998, "reusita": 67.74193548387096, "cnt": 62}, "PSIHOLOGIE": {"medie": 5.1, "reusita": 100.0, "cnt": 1}, "MATEMATICA TEHN": {"medie": 6.2733050847457585, "reusita": 70.22900763358778, "cnt": 131}}, "nume": "COLEGIUL ECONOMIC MANGALIA\tConstan\u021ba"}