{"specializari": {"MATEMATICA-INFORMATICA": 245}, "limba_moderna": {"LIMBA ENGLEZA": 228, "LIMBA GERMANA MODERNA": 15, "LIMBA FRANCEZA": 2}, "limba_materna": {"LIMBA ROMANA": 245}, "promotie_anterioara": {"NU": 245}, "materii": {"LIMBA ROMANA": {"medie": 8.660408163265297, "reusita": 100.0, "cnt": 245}, "MATEMATICA MATE-INFO": {"medie": 9.367142857142856, "reusita": 100.0, "cnt": 245}, "INFORMATICA MI C/C++": {"medie": 9.281122448979588, "reusita": 100.0, "cnt": 98}, "GENERAL": {"medie": 9.09503401360545, "reusita": 100.0, "cnt": 245}, "CHIMIE ORGANICA TEO NIVEL I/II": {"medie": 9.487037037037036, "reusita": 100.0, "cnt": 27}, "FIZICA TEO": {"medie": 9.406249999999998, "reusita": 100.0, "cnt": 96}, "ANATOMIE SI FIZIOLOGIE UMANA, GENETICA SI ECOLOGIE UMANA": {"medie": 8.094736842105263, "reusita": 100.0, "cnt": 19}, "CHIMIE ANORGANICA TEO NIVEL I/II": {"medie": 9.3125, "reusita": 100.0, "cnt": 4}, "BIOLOGIE VEGETALA SI ANIMALA": {"medie": 8.35, "reusita": 100.0, "cnt": 1}}, "nume": "COLEGIUL NATIONAL DE INFORMATICA \"TUDOR VIANU\"\tBucure\u0219ti"}