{"specializari": {"INVATATOR - EDUCATOARE": 56, "STIINTE SOCIALE": 37, "FILOLOGIE": 37, "STIINTE ALE NATURII": 29}, "limba_moderna": {"LIMBA ENGLEZA": 159}, "limba_materna": {"LIMBA ROMANA": 159}, "promotie_anterioara": {"NU": 154, "DA": 5}, "materii": {"LIMBA ROMANA": {"medie": 7.218553459119498, "reusita": 96.22641509433963, "cnt": 159}, "GENERAL": {"medie": 7.877953586497889, "reusita": 88.0503144654088, "cnt": 159}, "ISTORIE": {"medie": 8.431506849315067, "reusita": 97.2972972972973, "cnt": 74}, "LOGICA, ARGUMENTARE SI COMUNICARE": {"medie": 8.460869565217388, "reusita": 94.78260869565217, "cnt": 115}, "MATEMATICA ST-NAT": {"medie": 8.03103448275862, "reusita": 100.0, "cnt": 29}, "FIZICA TEO": {"medie": 5.716666666666668, "reusita": 66.66666666666666, "cnt": 3}, "GEOGRAFIE": {"medie": 7.75, "reusita": 100.0, "cnt": 14}, "ANATOMIE SI FIZIOLOGIE UMANA, GENETICA SI ECOLOGIE UMANA": {"medie": 7.798076923076923, "reusita": 100.0, "cnt": 26}, "SOCIOLOGIE": {"medie": 5.85, "reusita": 100.0, "cnt": 1}, "MATEMATICA PED": {"medie": 7.883035714285717, "reusita": 94.64285714285714, "cnt": 56}}, "nume": "COLEGIUL NATIONAL \"GHEORGHE ASACHI\", MUNICIPIUL PIATRA-NEAMT\tNeam\u021b"}