{"specializari": {"STIINTE SOCIALE": 33, "STIINTE ALE NATURII": 92, "FILOLOGIE": 33, "MATEMATICA-INFORMATICA": 49}, "limba_moderna": {"LIMBA ENGLEZA": 206, "LIMBA FRANCEZA": 1}, "limba_materna": {"LIMBA ROMANA": 207}, "promotie_anterioara": {"NU": 207}, "materii": {"LIMBA ROMANA": {"medie": 8.475120772946863, "reusita": 100.0, "cnt": 207}, "MATEMATICA MATE-INFO": {"medie": 8.281632653061227, "reusita": 100.0, "cnt": 49}, "INFORMATICA MI C/C++": {"medie": 8.308695652173913, "reusita": 100.0, "cnt": 23}, "GENERAL": {"medie": 8.5378421900161, "reusita": 99.51690821256038, "cnt": 207}, "ISTORIE": {"medie": 8.681060606060603, "reusita": 100.0, "cnt": 66}, "LOGICA, ARGUMENTARE SI COMUNICARE": {"medie": 9.454761904761902, "reusita": 100.0, "cnt": 42}, "CHIMIE ORGANICA TEO NIVEL I/II": {"medie": 8.175, "reusita": 100.0, "cnt": 2}, "MATEMATICA ST-NAT": {"medie": 8.36304347826087, "reusita": 98.91304347826086, "cnt": 92}, "FIZICA TEO": {"medie": 8.898484848484847, "reusita": 100.0, "cnt": 33}, "GEOGRAFIE": {"medie": 8.895, "reusita": 100.0, "cnt": 20}, "PSIHOLOGIE": {"medie": 8.6, "reusita": 100.0, "cnt": 3}, "ANATOMIE SI FIZIOLOGIE UMANA, GENETICA SI ECOLOGIE UMANA": {"medie": 8.348749999999999, "reusita": 100.0, "cnt": 80}, "BIOLOGIE VEGETALA SI ANIMALA": {"medie": 7.35, "reusita": 100.0, "cnt": 1}, "SOCIOLOGIE": {"medie": 8.45, "reusita": 100.0, "cnt": 1}, "INFORMATICA SN C/C++": {"medie": 6.949999999999999, "reusita": 100.0, "cnt": 2}}, "nume": "COLEGIUL NATIONAL ALEXANDRU LAHOVARI, MUN. RM. VALCEA\tV\u00e2lcea"}