{"specializari": {"TEHNICIAN IN INSTALATII ELECTRICE": 3, "TEHNICIAN ELECTRONIST": 1, "TEHNICIAN ANALIZE PRODUSE ALIMENTARE": 9, "TEHNICIAN ECOLOG SI PROTECTIA CALITATII MEDIULUI": 6, "TEHNICIAN CHIMIST DE LABORATOR": 3, "TEHNICIAN IN SILVICULTURA SI EXPLOATARI FORESTIERE": 5}, "limba_moderna": {"LIMBA ENGLEZA": 18, "LIMBA FRANCEZA": 9}, "limba_materna": {"LIMBA ROMANA": 27}, "promotie_anterioara": {"DA": 9, "NU": 18}, "materii": {"LIMBA ROMANA": {"medie": 5.2288461538461535, "reusita": 66.66666666666666, "cnt": 27}, "GENERAL": {"medie": 5.416666666666666, "reusita": 25.925925925925924, "cnt": 27}, "ANATOMIE SI FIZIOLOGIE UMANA, GENETICA SI ECOLOGIE UMANA": {"medie": 4.726470588235294, "reusita": 38.88888888888889, "cnt": 18}, "BIOLOGIE VEGETALA SI ANIMALA": {"medie": 6.587499999999999, "reusita": 66.66666666666666, "cnt": 9}, "MATEMATICA TEHN": {"medie": 5.4173913043478255, "reusita": 62.96296296296296, "cnt": 27}}, "nume": "COLEGIUL TEHNIC \"CD NENITESCU\" BAIA MARE\tMaramure\u0219"}