{"specializari": {"TEHNICIAN IN ACTIVITATI ECONOMICE": 57, "STIINTE ALE NATURII": 29, "TEHNICIAN PRELUCRARI MECANICE": 16, "TEHNICIAN IN ACTIVITATI DE COMERT": 22, "TEHNICIAN PROIECTANT CAD": 42, "TEHNICIAN IN INSTALATII ELECTRICE": 15, "TEHNICIAN OPERATOR TEHNICA DE CALCUL": 5, "TEHNICIAN ELECTRICIAN/ELECTRONIST AUTO": 3, "TEHNICIAN DESIGNER MOBILA SI AMENAJARI INTERIOARE": 1}, "limba_moderna": {"LIMBA FRANCEZA": 32, "LIMBA ENGLEZA": 158}, "limba_materna": {"LIMBA ROMANA": 190}, "promotie_anterioara": {"NU": 164, "DA": 26}, "materii": {"LIMBA ROMANA": {"medie": 6.248670212765958, "reusita": 91.05263157894737, "cnt": 190}, "GENERAL": {"medie": 6.4373440285204975, "reusita": 63.1578947368421, "cnt": 190}, "LOGICA, ARGUMENTARE SI COMUNICARE": {"medie": 8.433333333333334, "reusita": 100.0, "cnt": 21}, "MATEMATICA ST-NAT": {"medie": 6.428571428571429, "reusita": 96.55172413793103, "cnt": 29}, "GEOGRAFIE": {"medie": 7.781034482758621, "reusita": 100.0, "cnt": 58}, "ANATOMIE SI FIZIOLOGIE UMANA, GENETICA SI ECOLOGIE UMANA": {"medie": 6.915789473684211, "reusita": 90.0, "cnt": 20}, "CHIMIE ANORGANICA TEO NIVEL I/II": {"medie": 7.288888888888888, "reusita": 100.0, "cnt": 9}, "BIOLOGIE VEGETALA SI ANIMALA": {"medie": 5.096153846153845, "reusita": 46.2962962962963, "cnt": 54}, "MATEMATICA TEHN": {"medie": 6.3237499999999995, "reusita": 90.06211180124224, "cnt": 161}, "FIZICA TEH": {"medie": 4.775, "reusita": 50.0, "cnt": 4}, "CHIMIE ANORGANICA TEH NIVEL I/II": {"medie": 6.122916666666666, "reusita": 87.5, "cnt": 24}}, "nume": "COLEGIUL TEHNIC DE CAI FERATE \"UNIREA\", PASCANI\tIa\u0219i"}