{"specializari": {"TEHNICIAN IN ACTIVITATI ECONOMICE": 32, "TEHNICIAN IN TURISM": 36, "TEHNICIAN IN GASTRONOMIE": 11, "TEHNICIAN IN ACHIZITII SI CONTRACTARI": 5, "ORGANIZATOR BANQUETING": 2}, "limba_moderna": {"LIMBA ENGLEZA": 85, "LIMBA FRANCEZA": 1}, "limba_materna": {"LIMBA ROMANA": 86}, "promotie_anterioara": {"NU": 69, "DA": 17}, "materii": {"LIMBA ROMANA": {"medie": 6.450632911392406, "reusita": 82.55813953488372, "cnt": 86}, "GENERAL": {"medie": 6.8448717948717945, "reusita": 67.44186046511628, "cnt": 86}, "LOGICA, ARGUMENTARE SI COMUNICARE": {"medie": 7.912499999999999, "reusita": 100.0, "cnt": 12}, "GEOGRAFIE": {"medie": 7.196031746031745, "reusita": 88.57142857142857, "cnt": 70}, "PSIHOLOGIE": {"medie": 6.083333333333333, "reusita": 66.66666666666666, "cnt": 3}, "MATEMATICA TEHN": {"medie": 6.825641025641028, "reusita": 80.23255813953489, "cnt": 86}, "ECONOMIE": {"medie": 5.0, "reusita": 100.0, "cnt": 1}}, "nume": "COLEGIUL ECONOMIC \"HERMES\" PETROSANI\tHunedoara"}