{"specializari": {"STIINTE ALE NATURII": 58, "STIINTE SOCIALE": 31, "MATEMATICA-INFORMATICA": 57, "FILOLOGIE": 32}, "limba_moderna": {"LIMBA ENGLEZA": 176, "LIMBA FRANCEZA": 2}, "limba_materna": {"LIMBA ROMANA": 178}, "promotie_anterioara": {"NU": 178}, "materii": {"LIMBA ROMANA": {"medie": 8.361516853932585, "reusita": 99.43820224719101, "cnt": 178}, "MATEMATICA MATE-INFO": {"medie": 8.815789473684212, "reusita": 100.0, "cnt": 57}, "INFORMATICA MI C/C++": {"medie": 9.358333333333333, "reusita": 100.0, "cnt": 12}, "GENERAL": {"medie": 8.785767790262177, "reusita": 99.43820224719101, "cnt": 178}, "ISTORIE": {"medie": 9.101587301587301, "reusita": 100.0, "cnt": 63}, "LOGICA, ARGUMENTARE SI COMUNICARE": {"medie": 9.055882352941175, "reusita": 100.0, "cnt": 17}, "CHIMIE ORGANICA TEO NIVEL I/II": {"medie": 9.330357142857142, "reusita": 100.0, "cnt": 28}, "MATEMATICA ST-NAT": {"medie": 8.938793103448276, "reusita": 100.0, "cnt": 58}, "FIZICA TEO": {"medie": 9.3046875, "reusita": 100.0, "cnt": 32}, "GEOGRAFIE": {"medie": 9.168292682926829, "reusita": 100.0, "cnt": 41}, "PSIHOLOGIE": {"medie": 8.85, "reusita": 100.0, "cnt": 2}, "ANATOMIE SI FIZIOLOGIE UMANA, GENETICA SI ECOLOGIE UMANA": {"medie": 8.428749999999999, "reusita": 100.0, "cnt": 40}, "BIOLOGIE VEGETALA SI ANIMALA": {"medie": 8.916666666666666, "reusita": 100.0, "cnt": 3}, "SOCIOLOGIE": {"medie": 8.35, "reusita": 100.0, "cnt": 1}, "FILOSOFIE": {"medie": 8.9, "reusita": 100.0, "cnt": 2}}, "nume": "COLEGIUL NATIONAL \"AL. I. CUZA\" FOCSANI\tVrancea"}