{"specializari": {"FILOLOGIE": 32, "STIINTE SOCIALE": 32, "STIINTE ALE NATURII": 64, "LICEU CU PROGRAM SPORTIV": 35, "MATEMATICA-INFORMATICA": 27}, "limba_moderna": {"LIMBA ENGLEZA": 183, "LIMBA FRANCEZA": 7}, "limba_materna": {"LIMBA ROMANA": 190}, "promotie_anterioara": {"NU": 177, "DA": 13}, "materii": {"LIMBA ROMANA": {"medie": 7.138563829787234, "reusita": 93.6842105263158, "cnt": 190}, "MATEMATICA MATE-INFO": {"medie": 7.877777777777777, "reusita": 100.0, "cnt": 27}, "INFORMATICA MI C/C++": {"medie": 7.873333333333334, "reusita": 100.0, "cnt": 15}, "GENERAL": {"medie": 7.53191489361702, "reusita": 84.73684210526315, "cnt": 190}, "ISTORIE": {"medie": 7.277319587628863, "reusita": 89.8989898989899, "cnt": 99}, "LOGICA, ARGUMENTARE SI COMUNICARE": {"medie": 8.358235294117648, "reusita": 97.6470588235294, "cnt": 85}, "MATEMATICA ST-NAT": {"medie": 7.5023437500000005, "reusita": 90.625, "cnt": 64}, "FIZICA TEO": {"medie": 7.290000000000001, "reusita": 80.0, "cnt": 5}, "GEOGRAFIE": {"medie": 7.083333333333333, "reusita": 63.63636363636363, "cnt": 11}, "PSIHOLOGIE": {"medie": 8.9, "reusita": 100.0, "cnt": 1}, "ANATOMIE SI FIZIOLOGIE UMANA, GENETICA SI ECOLOGIE UMANA": {"medie": 7.782608695652172, "reusita": 98.55072463768117, "cnt": 69}, "SOCIOLOGIE": {"medie": 8.35, "reusita": 100.0, "cnt": 2}, "INFORMATICA SN C/C++": {"medie": 7.925, "reusita": 100.0, "cnt": 2}}, "nume": "COLEGIUL NATIONAL \"NICOLAE TITULESCU\" CRAIOVA\tDolj"}