{"specializari": {"TEHNICIAN IN ACTIVITATI ECONOMICE": 61, "TEHNICIAN IN TURISM": 25, "TEHNICIAN IN ADMINISTRATIE": 32, "TEHNICIAN IN ACTIVITATI DE COMERT": 28, "TEHNICIAN IN GASTRONOMIE": 32}, "limba_moderna": {"LIMBA ENGLEZA": 173, "LIMBA FRANCEZA": 5}, "limba_materna": {"LIMBA ROMANA": 178}, "promotie_anterioara": {"NU": 164, "DA": 14}, "materii": {"LIMBA ROMANA": {"medie": 6.977528089887639, "reusita": 96.62921348314607, "cnt": 178}, "GENERAL": {"medie": 7.5836174242424255, "reusita": 90.4494382022472, "cnt": 178}, "LOGICA, ARGUMENTARE SI COMUNICARE": {"medie": 8.140000000000004, "reusita": 96.7032967032967, "cnt": 91}, "GEOGRAFIE": {"medie": 7.908750000000002, "reusita": 100.0, "cnt": 80}, "PSIHOLOGIE": {"medie": 6.691666666666666, "reusita": 83.33333333333334, "cnt": 6}, "ECONOMIE": {"medie": 7.9, "reusita": 100.0, "cnt": 1}, "MATEMATICA TEHN": {"medie": 7.768644067796614, "reusita": 97.19101123595506, "cnt": 178}}, "nume": "COLEGIUL COMERCIAL \"CAROL I\" CONSTANTA\tConstan\u021ba"}