{"specializari": {"MATEMATICA-INFORMATICA": 87, "FILOLOGIE": 29, "STIINTE ALE NATURII": 30}, "limba_moderna": {"LIMBA ENGLEZA": 142, "LIMBA GERMANA MODERNA": 2, "LIMBA FRANCEZA": 2}, "limba_materna": {"LIMBA ROMANA": 146}, "promotie_anterioara": {"NU": 146}, "materii": {"LIMBA ROMANA": {"medie": 8.974657534246575, "reusita": 100.0, "cnt": 146}, "MATEMATICA MATE-INFO": {"medie": 9.28720930232558, "reusita": 98.85057471264368, "cnt": 87}, "INFORMATICA MI C/C++": {"medie": 9.41857142857143, "reusita": 100.0, "cnt": 35}, "GENERAL": {"medie": 9.266666666666671, "reusita": 99.31506849315068, "cnt": 146}, "ISTORIE": {"medie": 9.444827586206898, "reusita": 100.0, "cnt": 29}, "LOGICA, ARGUMENTARE SI COMUNICARE": {"medie": 9.49375, "reusita": 100.0, "cnt": 8}, "GEOGRAFIE": {"medie": 9.416666666666666, "reusita": 100.0, "cnt": 21}, "FIZICA TEO": {"medie": 9.609677419354837, "reusita": 100.0, "cnt": 31}, "CHIMIE ORGANICA TEO NIVEL I/II": {"medie": 9.473809523809525, "reusita": 100.0, "cnt": 21}, "MATEMATICA ST-NAT": {"medie": 9.368333333333332, "reusita": 100.0, "cnt": 30}, "ANATOMIE SI FIZIOLOGIE UMANA, GENETICA SI ECOLOGIE UMANA": {"medie": 9.483333333333333, "reusita": 96.0, "cnt": 25}, "CHIMIE ANORGANICA TEO NIVEL I/II": {"medie": 10.0, "reusita": 100.0, "cnt": 1}, "INFORMATICA SN C/C++": {"medie": 9.1875, "reusita": 100.0, "cnt": 4}}, "nume": "COLEGIUL NATIONAL \"COSTACHE NEGRUZZI\", IASI\tIa\u0219i"}