{"specializari": {"STIINTE ALE NATURII": 64, "MATEMATICA-INFORMATICA": 119, "STIINTE SOCIALE": 68, "FILOLOGIE": 69}, "limba_moderna": {"LIMBA ENGLEZA": 316, "LIMBA FRANCEZA": 4}, "limba_materna": {"LIMBA ROMANA": 320}, "promotie_anterioara": {"NU": 317, "DA": 3}, "materii": {"LIMBA ROMANA": {"medie": 8.235423197492162, "reusita": 99.6875, "cnt": 320}, "MATEMATICA MATE-INFO": {"medie": 8.061965811965814, "reusita": 98.31932773109243, "cnt": 119}, "INFORMATICA MI C/C++": {"medie": 8.413829787234043, "reusita": 97.87234042553192, "cnt": 47}, "GENERAL": {"medie": 8.55131027253668, "reusita": 97.5, "cnt": 320}, "ISTORIE": {"medie": 8.640875912408761, "reusita": 100.0, "cnt": 137}, "LOGICA, ARGUMENTARE SI COMUNICARE": {"medie": 9.134615384615378, "reusita": 100.0, "cnt": 91}, "CHIMIE ORGANICA TEO NIVEL I/II": {"medie": 9.236363636363636, "reusita": 95.45454545454545, "cnt": 22}, "MATEMATICA ST-NAT": {"medie": 8.974218749999997, "reusita": 100.0, "cnt": 64}, "FIZICA TEO": {"medie": 8.670731707317072, "reusita": 97.5609756097561, "cnt": 41}, "GEOGRAFIE": {"medie": 9.59, "reusita": 100.0, "cnt": 5}, "PSIHOLOGIE": {"medie": 9.073333333333334, "reusita": 100.0, "cnt": 15}, "ANATOMIE SI FIZIOLOGIE UMANA, GENETICA SI ECOLOGIE UMANA": {"medie": 8.978030303030303, "reusita": 98.50746268656717, "cnt": 67}, "BIOLOGIE VEGETALA SI ANIMALA": {"medie": 7.899999999999999, "reusita": 100.0, "cnt": 4}, "SOCIOLOGIE": {"medie": 8.969565217391304, "reusita": 100.0, "cnt": 23}, "INFORMATICA SN C/C++": {"medie": 9.625, "reusita": 100.0, "cnt": 2}, "ECONOMIE": {"medie": 7.8500000000000005, "reusita": 100.0, "cnt": 3}}, "nume": "COLEGIUL NATIONAL \"ZINCA GOLESCU\" PITESTI\tArge\u0219"}