{"specializari": {"FILOLOGIE": 62, "MATEMATICA-INFORMATICA": 96, "STIINTE ALE NATURII": 54, "STIINTE SOCIALE": 33}, "limba_moderna": {"LIMBA ENGLEZA": 230, "LIMBA JAPONEZA": 7, "LIMBA FRANCEZA": 8}, "limba_materna": {"LIMBA ROMANA": 245}, "promotie_anterioara": {"NU": 244, "DA": 1}, "materii": {"LIMBA ROMANA": {"medie": 8.307959183673473, "reusita": 100.0, "cnt": 245}, "MATEMATICA MATE-INFO": {"medie": 8.790625, "reusita": 100.0, "cnt": 96}, "INFORMATICA MI C/C++": {"medie": 8.620689655172416, "reusita": 100.0, "cnt": 29}, "GENERAL": {"medie": 8.692312925170068, "reusita": 100.0, "cnt": 245}, "ISTORIE": {"medie": 8.79736842105263, "reusita": 100.0, "cnt": 95}, "LOGICA, ARGUMENTARE SI COMUNICARE": {"medie": 9.034848484848483, "reusita": 100.0, "cnt": 33}, "CHIMIE ORGANICA TEO NIVEL I/II": {"medie": 9.370833333333337, "reusita": 100.0, "cnt": 24}, "MATEMATICA ST-NAT": {"medie": 9.248148148148145, "reusita": 100.0, "cnt": 54}, "FIZICA TEO": {"medie": 8.9188679245283, "reusita": 100.0, "cnt": 53}, "GEOGRAFIE": {"medie": 9.214285714285712, "reusita": 100.0, "cnt": 21}, "PSIHOLOGIE": {"medie": 8.98181818181818, "reusita": 100.0, "cnt": 11}, "ANATOMIE SI FIZIOLOGIE UMANA, GENETICA SI ECOLOGIE UMANA": {"medie": 8.531250000000002, "reusita": 100.0, "cnt": 32}, "BIOLOGIE VEGETALA SI ANIMALA": {"medie": 9.266666666666667, "reusita": 100.0, "cnt": 9}, "SOCIOLOGIE": {"medie": 8.373684210526319, "reusita": 100.0, "cnt": 19}, "INFORMATICA SN C/C++": {"medie": 8.166666666666666, "reusita": 100.0, "cnt": 3}, "FILOSOFIE": {"medie": 9.533333333333333, "reusita": 100.0, "cnt": 3}, "ECONOMIE": {"medie": 8.4625, "reusita": 100.0, "cnt": 8}}, "nume": "COLEGIUL NATIONAL \"ION CREANGA\"\tBucure\u0219ti"}