{"specializari": {"MATEMATICA-INFORMATICA": 59, "STIINTE SOCIALE": 29, "STIINTE ALE NATURII": 86}, "limba_moderna": {"LIMBA ENGLEZA": 144, "LIMBA FRANCEZA": 30}, "limba_materna": {"LIMBA ROMANA": 174}, "promotie_anterioara": {"NU": 174}, "materii": {"LIMBA ROMANA": {"medie": 9.05287356321839, "reusita": 100.0, "cnt": 174}, "MATEMATICA MATE-INFO": {"medie": 9.38728813559322, "reusita": 100.0, "cnt": 59}, "INFORMATICA MI C/C++": {"medie": 9.108333333333334, "reusita": 100.0, "cnt": 36}, "GENERAL": {"medie": 9.20929118773946, "reusita": 99.42528735632183, "cnt": 174}, "ISTORIE": {"medie": 9.332758620689654, "reusita": 96.55172413793103, "cnt": 29}, "LOGICA, ARGUMENTARE SI COMUNICARE": {"medie": 9.506, "reusita": 100.0, "cnt": 25}, "CHIMIE ORGANICA TEO NIVEL I/II": {"medie": 9.734375000000002, "reusita": 100.0, "cnt": 16}, "MATEMATICA ST-NAT": {"medie": 9.294186046511628, "reusita": 100.0, "cnt": 86}, "FIZICA TEO": {"medie": 9.366666666666667, "reusita": 100.0, "cnt": 27}, "GEOGRAFIE": {"medie": 7.812499999999999, "reusita": 75.0, "cnt": 4}, "ANATOMIE SI FIZIOLOGIE UMANA, GENETICA SI ECOLOGIE UMANA": {"medie": 9.122549019607842, "reusita": 100.0, "cnt": 51}, "CHIMIE ANORGANICA TEO NIVEL I/II": {"medie": 9.394444444444444, "reusita": 100.0, "cnt": 9}, "BIOLOGIE VEGETALA SI ANIMALA": {"medie": 9.05, "reusita": 100.0, "cnt": 3}, "INFORMATICA SN C/C++": {"medie": 8.616666666666665, "reusita": 100.0, "cnt": 3}}, "nume": "COLEGIUL NATIONAL \"ANDREI SAGUNA\" BRASOV\tBra\u0219ov"}