{"specializari": {"MATEMATICA-INFORMATICA": 29, "STIINTE SOCIALE": 30, "FILOLOGIE": 29, "TEHNICIAN IN ACTIVITATI ECONOMICE": 27, "STIINTE ALE NATURII": 57}, "limba_moderna": {"LIMBA ENGLEZA": 168, "LIMBA FRANCEZA": 4}, "limba_materna": {"LIMBA ROMANA": 172}, "promotie_anterioara": {"NU": 165, "DA": 7}, "materii": {"LIMBA ROMANA": {"medie": 7.368421052631576, "reusita": 98.83720930232558, "cnt": 172}, "MATEMATICA MATE-INFO": {"medie": 8.167241379310344, "reusita": 100.0, "cnt": 29}, "INFORMATICA MI C/C++": {"medie": 7.7318181818181815, "reusita": 95.45454545454545, "cnt": 22}, "GENERAL": {"medie": 7.595321637426899, "reusita": 86.04651162790698, "cnt": 172}, "ISTORIE": {"medie": 8.093220338983055, "reusita": 100.0, "cnt": 59}, "LOGICA, ARGUMENTARE SI COMUNICARE": {"medie": 8.794594594594594, "reusita": 100.0, "cnt": 74}, "GEOGRAFIE": {"medie": 9.66875, "reusita": 100.0, "cnt": 8}, "FIZICA TEO": {"medie": 4.525, "reusita": 40.0, "cnt": 5}, "MATEMATICA ST-NAT": {"medie": 6.233035714285713, "reusita": 82.45614035087719, "cnt": 57}, "PSIHOLOGIE": {"medie": 9.2, "reusita": 100.0, "cnt": 2}, "SOCIOLOGIE": {"medie": 5.15, "reusita": 100.0, "cnt": 1}, "ANATOMIE SI FIZIOLOGIE UMANA, GENETICA SI ECOLOGIE UMANA": {"medie": 6.8226415094339625, "reusita": 88.67924528301887, "cnt": 53}, "CHIMIE ANORGANICA TEO NIVEL I/II": {"medie": 6.2, "reusita": 100.0, "cnt": 1}, "BIOLOGIE VEGETALA SI ANIMALA": {"medie": 8.25, "reusita": 100.0, "cnt": 2}, "INFORMATICA SN C/C++": {"medie": 6.6499999999999995, "reusita": 66.66666666666666, "cnt": 3}, "FILOSOFIE": {"medie": 10.0, "reusita": 100.0, "cnt": 1}, "MATEMATICA TEHN": {"medie": 8.105555555555556, "reusita": 100.0, "cnt": 27}}, "nume": "COLEGIUL NATIONAL \"STEFAN CEL MARE\", HARLAU\tIa\u0219i"}