{"specializari": {"TEHNICIAN IN ACTIVITATI ECONOMICE": 25, "TEHNICIAN ELECTROMECANIC": 2, "TEHNICIAN PRELUCRARI MECANICE": 7, "TEHNICIAN PROIECTANT CAD": 11, "TEHNICIAN OPERATOR TEHNICA DE CALCUL": 1}, "limba_moderna": {"LIMBA ENGLEZA": 46}, "limba_materna": {"LIMBA ROMANA": 46}, "promotie_anterioara": {"NU": 35, "DA": 11}, "materii": {"LIMBA ROMANA": {"medie": 5.833695652173914, "reusita": 91.30434782608695, "cnt": 46}, "GENERAL": {"medie": 6.034469696969694, "reusita": 54.347826086956516, "cnt": 46}, "LOGICA, ARGUMENTARE SI COMUNICARE": {"medie": 8.65, "reusita": 100.0, "cnt": 4}, "GEOGRAFIE": {"medie": 7.352380952380953, "reusita": 90.47619047619048, "cnt": 21}, "BIOLOGIE VEGETALA SI ANIMALA": {"medie": 4.644444444444446, "reusita": 36.84210526315789, "cnt": 19}, "MATEMATICA TEHN": {"medie": 5.981111111111112, "reusita": 76.08695652173914, "cnt": 46}, "FIZICA TEH": {"medie": 5.3, "reusita": 100.0, "cnt": 1}, "CHIMIE ORGANICA TEH NIVEL I/II": {"medie": "-", "reusita": 0.0, "cnt": 1}}, "nume": "COLEGIUL TEHNIC \"ION D. LAZARESCU\" CUGIR\tAlba"}