{"specializari": {"MATEMATICA-INFORMATICA": 110, "FILOLOGIE": 33, "STIINTE ALE NATURII": 60}, "limba_moderna": {"LIMBA FRANCEZA": 2, "LIMBA ENGLEZA": 201}, "limba_materna": {"LIMBA ROMANA": 203}, "promotie_anterioara": {"NU": 203}, "materii": {"LIMBA ROMANA": {"medie": 8.044334975369466, "reusita": 100.0, "cnt": 203}, "MATEMATICA MATE-INFO": {"medie": 8.778181818181821, "reusita": 100.0, "cnt": 110}, "INFORMATICA MI C/C++": {"medie": 8.971666666666662, "reusita": 100.0, "cnt": 60}, "GENERAL": {"medie": 8.482594417077179, "reusita": 100.0, "cnt": 203}, "ISTORIE": {"medie": 8.234848484848484, "reusita": 100.0, "cnt": 33}, "LOGICA, ARGUMENTARE SI COMUNICARE": {"medie": 9.7, "reusita": 100.0, "cnt": 1}, "GEOGRAFIE": {"medie": 9.051923076923076, "reusita": 100.0, "cnt": 26}, "FIZICA TEO": {"medie": 9.08529411764706, "reusita": 100.0, "cnt": 17}, "CHIMIE ORGANICA TEO NIVEL I/II": {"medie": 9.808333333333334, "reusita": 100.0, "cnt": 6}, "MATEMATICA ST-NAT": {"medie": 8.625833333333334, "reusita": 100.0, "cnt": 60}, "PSIHOLOGIE": {"medie": 8.3, "reusita": 100.0, "cnt": 3}, "SOCIOLOGIE": {"medie": 9.266666666666666, "reusita": 100.0, "cnt": 3}, "ANATOMIE SI FIZIOLOGIE UMANA, GENETICA SI ECOLOGIE UMANA": {"medie": 8.375287356321842, "reusita": 100.0, "cnt": 87}}, "nume": "COLEGIUL NATIONAL \"ECATERINA TEODOROIU\" TARGU JIU\tGorj"}