{"specializari": {"STIINTE SOCIALE": 66, "FILOLOGIE": 34, "STIINTE ALE NATURII": 96, "MATEMATICA-INFORMATICA": 35}, "limba_moderna": {"LIMBA FRANCEZA": 5, "LIMBA ENGLEZA": 224, "LIMBA GERMANA MODERNA": 2}, "limba_materna": {"LIMBA ROMANA": 231}, "promotie_anterioara": {"NU": 229, "DA": 2}, "materii": {"LIMBA ROMANA": {"medie": 7.795238095238094, "reusita": 99.13419913419914, "cnt": 231}, "MATEMATICA MATE-INFO": {"medie": 8.374285714285714, "reusita": 100.0, "cnt": 35}, "INFORMATICA MI C/C++": {"medie": 8.25, "reusita": 100.0, "cnt": 16}, "GENERAL": {"medie": 8.320942028985508, "reusita": 96.96969696969697, "cnt": 231}, "ISTORIE": {"medie": 8.530000000000001, "reusita": 99.0, "cnt": 100}, "LOGICA, ARGUMENTARE SI COMUNICARE": {"medie": 9.056521739130439, "reusita": 98.57142857142858, "cnt": 70}, "GEOGRAFIE": {"medie": 8.899999999999999, "reusita": 100.0, "cnt": 17}, "FIZICA TEO": {"medie": 7.835, "reusita": 100.0, "cnt": 30}, "CHIMIE ORGANICA TEO NIVEL I/II": {"medie": 9.029166666666667, "reusita": 100.0, "cnt": 12}, "MATEMATICA ST-NAT": {"medie": 8.735416666666667, "reusita": 100.0, "cnt": 96}, "PSIHOLOGIE": {"medie": 7.675, "reusita": 87.5, "cnt": 8}, "SOCIOLOGIE": {"medie": 9.0, "reusita": 100.0, "cnt": 1}, "ANATOMIE SI FIZIOLOGIE UMANA, GENETICA SI ECOLOGIE UMANA": {"medie": 8.197540983606558, "reusita": 98.36065573770492, "cnt": 61}, "CHIMIE ANORGANICA TEO NIVEL I/II": {"medie": 8.928571428571429, "reusita": 100.0, "cnt": 7}, "BIOLOGIE VEGETALA SI ANIMALA": {"medie": 8.5, "reusita": 100.0, "cnt": 2}, "INFORMATICA SN C/C++": {"medie": 8.766666666666667, "reusita": 100.0, "cnt": 3}, "FILOSOFIE": {"medie": 9.266666666666667, "reusita": 100.0, "cnt": 3}, "ECONOMIE": {"medie": 8.0, "reusita": 100.0, "cnt": 1}}, "nume": "COLEGIUL NATIONAL \"MIHAI EMINESCU\" CONSTANTA\tConstan\u021ba"}