{"specializari": {"FILOLOGIE": 62, "MATEMATICA-INFORMATICA": 86, "STIINTE ALE NATURII": 30}, "limba_moderna": {"LIMBA ENGLEZA": 172, "LIMBA FRANCEZA": 6}, "limba_materna": {"LIMBA ROMANA": 178}, "promotie_anterioara": {"NU": 167, "DA": 11}, "materii": {"LIMBA ROMANA": {"medie": 7.500564971751412, "reusita": 95.50561797752809, "cnt": 178}, "MATEMATICA MATE-INFO": {"medie": 6.9276470588235295, "reusita": 90.69767441860465, "cnt": 86}, "INFORMATICA MI C/C++": {"medie": 7.327777777777779, "reusita": 100.0, "cnt": 9}, "GENERAL": {"medie": 7.398579545454544, "reusita": 81.46067415730337, "cnt": 178}, "ISTORIE": {"medie": 7.937096774193549, "reusita": 100.0, "cnt": 62}, "LOGICA, ARGUMENTARE SI COMUNICARE": {"medie": 8.690624999999999, "reusita": 96.875, "cnt": 32}, "GEOGRAFIE": {"medie": 8.511904761904763, "reusita": 100.0, "cnt": 21}, "FIZICA TEO": {"medie": 9.217857142857143, "reusita": 100.0, "cnt": 14}, "CHIMIE ORGANICA TEO NIVEL I/II": {"medie": 9.1, "reusita": 100.0, "cnt": 3}, "MATEMATICA ST-NAT": {"medie": 5.3034482758620705, "reusita": 66.66666666666666, "cnt": 30}, "PSIHOLOGIE": {"medie": 8.8, "reusita": 100.0, "cnt": 5}, "SOCIOLOGIE": {"medie": 7.225, "reusita": 100.0, "cnt": 2}, "ANATOMIE SI FIZIOLOGIE UMANA, GENETICA SI ECOLOGIE UMANA": {"medie": 6.708988764044944, "reusita": 85.55555555555556, "cnt": 90}, "FILOSOFIE": {"medie": 8.15, "reusita": 100.0, "cnt": 1}, "ECONOMIE": {"medie": 7.7, "reusita": 100.0, "cnt": 1}}, "nume": "COLEGIUL NATIONAL \"ANASTASESCU\" ROSIORI DE VEDE\tTeleorman"}