{"specializari": {"TEHNICIAN IN ACTIVITATI ECONOMICE": 31, "TEHNICIAN OPERATOR TEHNICA DE CALCUL": 30, "TEHNICIAN IN INSTALATII ELECTRICE": 14, "TEHNICIAN MECANIC PENTRU INTRETINERE SI REPARATII": 4, "TEHNICIAN PROIECTANT CAD": 2, "TEHNICIAN ELECTROMECANIC": 1}, "limba_moderna": {"LIMBA ENGLEZA": 66, "LIMBA FRANCEZA": 16}, "limba_materna": {"LIMBA ROMANA": 82}, "promotie_anterioara": {"NU": 70, "DA": 12}, "materii": {"LIMBA ROMANA": {"medie": 5.831481481481482, "reusita": 81.70731707317073, "cnt": 82}, "GENERAL": {"medie": 5.881875000000001, "reusita": 48.78048780487805, "cnt": 82}, "LOGICA, ARGUMENTARE SI COMUNICARE": {"medie": 7.375, "reusita": 90.0, "cnt": 10}, "GEOGRAFIE": {"medie": 7.9071428571428575, "reusita": 100.0, "cnt": 21}, "BIOLOGIE VEGETALA SI ANIMALA": {"medie": 4.864864864864864, "reusita": 52.63157894736842, "cnt": 38}, "MATEMATICA TEHN": {"medie": 5.821250000000001, "reusita": 76.82926829268293, "cnt": 82}, "FIZICA TEH": {"medie": 4.65, "reusita": 41.66666666666667, "cnt": 12}, "CHIMIE ORGANICA TEH NIVEL I/II": {"medie": 8.8, "reusita": 100.0, "cnt": 1}}, "nume": "COLEGIUL TEHNIC \"VICTOR UNGUREANU\" CAMPIA TURZII\tCluj"}