{"specializari": {"TEHNICIAN IN TURISM": 23, "TEHNICIAN IN ADMINISTRATIE": 27, "TEHNICIAN IN ACTIVITATI ECONOMICE": 2}, "limba_moderna": {"LIMBA ENGLEZA": 52}, "limba_materna": {"LIMBA ROMANA": 52}, "promotie_anterioara": {"NU": 50, "DA": 2}, "materii": {"LIMBA ROMANA": {"medie": 7.0644230769230765, "reusita": 96.15384615384616, "cnt": 52}, "GENERAL": {"medie": 7.723717948717948, "reusita": 92.3076923076923, "cnt": 52}, "LOGICA, ARGUMENTARE SI COMUNICARE": {"medie": 8.357142857142858, "reusita": 100.0, "cnt": 7}, "GEOGRAFIE": {"medie": 8.104545454545455, "reusita": 97.72727272727273, "cnt": 44}, "PSIHOLOGIE": {"medie": 9.35, "reusita": 100.0, "cnt": 1}, "MATEMATICA TEHN": {"medie": 7.944230769230771, "reusita": 96.15384615384616, "cnt": 52}}, "nume": "COLEGIUL TEHNOLOGIC \"SPIRU HARET\", MUNICIPIUL PIATRA-NEAMT\tNeam\u021b"}