{"specializari": {"MATEMATICA-INFORMATICA": 95, "FILOLOGIE": 33, "STIINTE ALE NATURII": 23, "STIINTE SOCIALE": 29}, "limba_moderna": {"LIMBA ENGLEZA": 142, "LIMBA GERMANA MODERNA": 8, "LIMBA FRANCEZA": 21, "LIMBA RUSA": 9}, "limba_materna": {"LIMBA ROMANA": 180}, "promotie_anterioara": {"NU": 173, "DA": 7}, "materii": {"LIMBA ROMANA": {"medie": 7.587777777777776, "reusita": 97.22222222222221, "cnt": 180}, "MATEMATICA MATE-INFO": {"medie": 8.263684210526318, "reusita": 95.78947368421052, "cnt": 95}, "INFORMATICA MI C/C++": {"medie": 8.472839506172836, "reusita": 98.76543209876543, "cnt": 81}, "GENERAL": {"medie": 7.964245810055864, "reusita": 90.0, "cnt": 180}, "ISTORIE": {"medie": 7.966129032258064, "reusita": 100.0, "cnt": 62}, "LOGICA, ARGUMENTARE SI COMUNICARE": {"medie": 8.69491525423729, "reusita": 98.30508474576271, "cnt": 59}, "GEOGRAFIE": {"medie": 8.833333333333334, "reusita": 100.0, "cnt": 3}, "FIZICA TEO": {"medie": 8.825, "reusita": 100.0, "cnt": 4}, "MATEMATICA ST-NAT": {"medie": 6.1717391304347835, "reusita": 73.91304347826086, "cnt": 23}, "ANATOMIE SI FIZIOLOGIE UMANA, GENETICA SI ECOLOGIE UMANA": {"medie": 7.527777777777776, "reusita": 92.85714285714286, "cnt": 28}, "BIOLOGIE VEGETALA SI ANIMALA": {"medie": 6.95, "reusita": 100.0, "cnt": 5}}, "nume": "COLEGIUL NATIONAL \"DINICU GOLESCU\" CAMPULUNG\tArge\u0219"}