{"specializari": {"STIINTE ALE NATURII": 28, "MATEMATICA-INFORMATICA": 29, "FILOLOGIE": 16, "TEHNICIAN IN ACTIVITATI ECONOMICE": 20}, "limba_moderna": {"LIMBA GERMANA MODERNA": 34, "LIMBA ENGLEZA": 59}, "limba_materna": {"LIMBA MAGHIARA": 93}, "promotie_anterioara": {"NU": 89, "DA": 4}, "materii": {"LIMBA ROMANA": {"medie": 6.6091397849462385, "reusita": 91.39784946236558, "cnt": 93}, "MATEMATICA MATE-INFO": {"medie": 7.370689655172414, "reusita": 100.0, "cnt": 29}, "INFORMATICA MI C/C++": {"medie": 7.0, "reusita": 100.0, "cnt": 11}, "GENERAL": {"medie": 7.3669836956521735, "reusita": 83.87096774193549, "cnt": 93}, "ISTORIE": {"medie": 8.06875, "reusita": 100.0, "cnt": 16}, "GEOGRAFIE": {"medie": 7.325000000000001, "reusita": 93.75, "cnt": 32}, "CHIMIE ORGANICA TEO NIVEL I/II": {"medie": 7.816666666666667, "reusita": 100.0, "cnt": 3}, "MATEMATICA ST-NAT": {"medie": 7.473214285714287, "reusita": 100.0, "cnt": 28}, "SOCIOLOGIE": {"medie": 7.6499999999999995, "reusita": 100.0, "cnt": 4}, "ANATOMIE SI FIZIOLOGIE UMANA, GENETICA SI ECOLOGIE UMANA": {"medie": 8.092105263157896, "reusita": 97.36842105263158, "cnt": 38}, "BIOLOGIE VEGETALA SI ANIMALA": {"medie": 8.200000000000001, "reusita": 100.0, "cnt": 4}, "INFORMATICA SN C/C++": {"medie": 7.65, "reusita": 100.0, "cnt": 1}, "MATEMATICA TEHN": {"medie": 5.613157894736841, "reusita": 75.0, "cnt": 20}, "LIMBA MAGHIARA (REAL)": {"medie": 8.0, "reusita": 97.40259740259741, "cnt": 77}, "LIMBA MAGHIARA (UMAN)": {"medie": 8.059375000000001, "reusita": 100.0, "cnt": 16}}, "nume": "COLEGIUL NATIONAL \"APRILY LAJOS\" BRASOV\tBra\u0219ov"}