{"specializari": {"TEHNICIAN IN ACTIVITATI ECONOMICE": 84, "TEHNICIAN IN HOTELARIE": 21, "TEHNICIAN IN ACTIVITATI DE COMERT": 24, "TEHNICIAN IN GASTRONOMIE": 4, "TEHNICIAN IN TURISM": 2, "TEHNICIAN IN ADMINISTRATIE": 1, "MATEMATICA-INFORMATICA": 1}, "limba_moderna": {"LIMBA ENGLEZA": 133, "LIMBA RUSA": 2, "LIMBA FRANCEZA": 2}, "limba_materna": {"LIMBA ROMANA": 137}, "promotie_anterioara": {"NU": 113, "DA": 24}, "materii": {"LIMBA ROMANA": {"medie": 6.709090909090906, "reusita": 91.24087591240875, "cnt": 137}, "MATEMATICA MATE-INFO": {"medie": 2.45, "reusita": 0.0, "cnt": 1}, "GENERAL": {"medie": 7.048191214470279, "reusita": 75.18248175182481, "cnt": 137}, "LOGICA, ARGUMENTARE SI COMUNICARE": {"medie": 7.556451612903227, "reusita": 96.7741935483871, "cnt": 31}, "GEOGRAFIE": {"medie": 7.421428571428571, "reusita": 93.13725490196079, "cnt": 102}, "PSIHOLOGIE": {"medie": 6.949999999999999, "reusita": 100.0, "cnt": 2}, "BIOLOGIE VEGETALA SI ANIMALA": {"medie": 2.45, "reusita": 0.0, "cnt": 1}, "MATEMATICA TEHN": {"medie": 6.994186046511631, "reusita": 86.76470588235294, "cnt": 136}, "ECONOMIE": {"medie": 4.6, "reusita": 0.0, "cnt": 1}}, "nume": "COLEGIUL ECONOMIC \"ION GHICA\"\tBr\u0103ila"}