{"specializari": {"MATEMATICA-INFORMATICA": 81, "FILOLOGIE": 39, "STIINTE SOCIALE": 39, "STIINTE ALE NATURII": 29}, "limba_moderna": {"LIMBA GERMANA MODERNA": 7, "LIMBA ENGLEZA": 171, "LIMBA FRANCEZA": 10}, "limba_materna": {"LIMBA ROMANA": 188}, "promotie_anterioara": {"NU": 184, "DA": 4}, "materii": {"LIMBA ROMANA": {"medie": 7.793243243243241, "reusita": 98.40425531914893, "cnt": 188}, "MATEMATICA MATE-INFO": {"medie": 7.834567901234567, "reusita": 97.53086419753086, "cnt": 81}, "INFORMATICA MI C/C++": {"medie": 8.8, "reusita": 100.0, "cnt": 10}, "GENERAL": {"medie": 7.965225225225221, "reusita": 92.02127659574468, "cnt": 188}, "ISTORIE": {"medie": 8.08636363636364, "reusita": 97.43589743589743, "cnt": 78}, "LOGICA, ARGUMENTARE SI COMUNICARE": {"medie": 9.025, "reusita": 97.95918367346938, "cnt": 49}, "CHIMIE ORGANICA TEO NIVEL I/II": {"medie": 9.505555555555555, "reusita": 100.0, "cnt": 9}, "MATEMATICA ST-NAT": {"medie": 6.317857142857143, "reusita": 82.75862068965517, "cnt": 29}, "FIZICA TEO": {"medie": 8.575862068965517, "reusita": 100.0, "cnt": 29}, "GEOGRAFIE": {"medie": 8.258695652173914, "reusita": 100.0, "cnt": 23}, "PSIHOLOGIE": {"medie": 8.6, "reusita": 100.0, "cnt": 1}, "ANATOMIE SI FIZIOLOGIE UMANA, GENETICA SI ECOLOGIE UMANA": {"medie": 7.540833333333333, "reusita": 91.93548387096774, "cnt": 62}, "SOCIOLOGIE": {"medie": 8.1, "reusita": 100.0, "cnt": 5}}, "nume": "COLEGIUL NATIONAL \"TRAIAN\"\tMehedin\u021bi"}