{"specializari": {"STIINTE SOCIALE": 33, "FILOLOGIE": 32, "MATEMATICA-INFORMATICA": 125, "STIINTE ALE NATURII": 65}, "limba_moderna": {"LIMBA ENGLEZA": 246, "LIMBA FRANCEZA": 8, "LIMBA GERMANA MODERNA": 1}, "limba_materna": {"LIMBA ROMANA": 255}, "promotie_anterioara": {"NU": 255}, "materii": {"LIMBA ROMANA": {"medie": 8.658039215686273, "reusita": 100.0, "cnt": 255}, "MATEMATICA MATE-INFO": {"medie": 8.865200000000003, "reusita": 98.4, "cnt": 125}, "INFORMATICA MI C/C++": {"medie": 8.656249999999998, "reusita": 100.0, "cnt": 56}, "GENERAL": {"medie": 8.89450980392157, "reusita": 99.2156862745098, "cnt": 255}, "ISTORIE": {"medie": 9.439999999999998, "reusita": 100.0, "cnt": 65}, "LOGICA, ARGUMENTARE SI COMUNICARE": {"medie": 9.31111111111111, "reusita": 100.0, "cnt": 18}, "CHIMIE ORGANICA TEO NIVEL I/II": {"medie": 9.672368421052635, "reusita": 100.0, "cnt": 38}, "MATEMATICA ST-NAT": {"medie": 9.224615384615383, "reusita": 100.0, "cnt": 65}, "FIZICA TEO": {"medie": 8.894047619047617, "reusita": 97.61904761904762, "cnt": 42}, "GEOGRAFIE": {"medie": 9.200000000000001, "reusita": 100.0, "cnt": 28}, "PSIHOLOGIE": {"medie": 9.059999999999999, "reusita": 100.0, "cnt": 5}, "ANATOMIE SI FIZIOLOGIE UMANA, GENETICA SI ECOLOGIE UMANA": {"medie": 8.321875, "reusita": 100.0, "cnt": 48}, "CHIMIE ANORGANICA TEO NIVEL I/II": {"medie": 9.9, "reusita": 100.0, "cnt": 1}, "BIOLOGIE VEGETALA SI ANIMALA": {"medie": 9.825, "reusita": 100.0, "cnt": 2}, "SOCIOLOGIE": {"medie": 8.754166666666666, "reusita": 100.0, "cnt": 12}, "INFORMATICA SN C/C++": {"medie": 9.766666666666666, "reusita": 100.0, "cnt": 3}, "ECONOMIE": {"medie": 7.725, "reusita": 100.0, "cnt": 2}}, "nume": "COLEGIUL NATIONAL \"MATEI BASARAB\"\tBucure\u0219ti"}