{"specializari": {"FILOLOGIE": 32, "MATEMATICA-INFORMATICA": 29}, "limba_moderna": {"LIMBA ENGLEZA": 60, "LIMBA FRANCEZA": 1}, "limba_materna": {"LIMBA GERMANA": 61}, "promotie_anterioara": {"NU": 61}, "materii": {"LIMBA ROMANA": {"medie": 7.643442622950817, "reusita": 100.0, "cnt": 61}, "MATEMATICA MATE-INFO": {"medie": 7.774137931034482, "reusita": 96.55172413793103, "cnt": 29}, "INFORMATICA MI C/C++": {"medie": 7.833333333333333, "reusita": 100.0, "cnt": 3}, "GENERAL": {"medie": 8.013729508196723, "reusita": 96.72131147540983, "cnt": 61}, "ISTORIE": {"medie": 8.3015625, "reusita": 100.0, "cnt": 32}, "LOGICA, ARGUMENTARE SI COMUNICARE": {"medie": 8.64259259259259, "reusita": 100.0, "cnt": 27}, "FIZICA TEO": {"medie": 8.975000000000001, "reusita": 100.0, "cnt": 12}, "GEOGRAFIE": {"medie": 6.1, "reusita": 100.0, "cnt": 1}, "PSIHOLOGIE": {"medie": 8.2, "reusita": 100.0, "cnt": 1}, "ANATOMIE SI FIZIOLOGIE UMANA, GENETICA SI ECOLOGIE UMANA": {"medie": 8.464285714285714, "reusita": 100.0, "cnt": 14}, "SOCIOLOGIE": {"medie": 8.7, "reusita": 100.0, "cnt": 3}, "LIMBA GERMANA": {"medie": 7.77950819672131, "reusita": 98.36065573770492, "cnt": 61}}, "nume": "COLEGIUL GERMAN \"GOETHE\"\tBucure\u0219ti"}