{"specializari": {"FILOLOGIE": 32, "MATEMATICA-INFORMATICA": 29}, "limba_moderna": {"LIMBA ENGLEZA": 60, "LIMBA FRANCEZA": 1}, "limba_materna": {"LIMBA GERMANA": 61}, "promotie_anterioara": {"NU": 61}, "materii": {"LIMBA ROMANA": {"medie": 7.807377049180327, "reusita": 100.0, "cnt": 61}, "MATEMATICA MATE-INFO": {"medie": 7.767241379310343, "reusita": 96.55172413793103, "cnt": 29}, "INFORMATICA MI C/C++": {"medie": 7.833333333333333, "reusita": 100.0, "cnt": 3}, "GENERAL": {"medie": 8.072745901639347, "reusita": 98.36065573770492, "cnt": 61}, "ISTORIE": {"medie": 8.3765625, "reusita": 100.0, "cnt": 32}, "LOGICA, ARGUMENTARE SI COMUNICARE": {"medie": 8.64259259259259, "reusita": 100.0, "cnt": 27}, "GEOGRAFIE": {"medie": 6.1, "reusita": 100.0, "cnt": 1}, "FIZICA TEO": {"medie": 8.904166666666667, "reusita": 100.0, "cnt": 12}, "PSIHOLOGIE": {"medie": 8.2, "reusita": 100.0, "cnt": 1}, "SOCIOLOGIE": {"medie": 8.5, "reusita": 100.0, "cnt": 3}, "ANATOMIE SI FIZIOLOGIE UMANA, GENETICA SI ECOLOGIE UMANA": {"medie": 8.557142857142859, "reusita": 100.0, "cnt": 14}, "LIMBA GERMANA": {"medie": 7.818032786885245, "reusita": 100.0, "cnt": 61}}, "nume": "COLEGIUL GERMAN \"GOETHE\"\tBucure\u0219ti"}