{"specializari": {"TEHNICIAN DESIGNER VESTIMENTAR": 48, "COAFOR STILIST": 24, "TEHNICIAN IN HOTELARIE": 23, "TEHNICIAN IN INDUSTRIA TEXTILA": 3, "ORGANIZATOR BANQUETING": 4, "TEHNICIAN IN TURISM": 1, "TEHNICIAN IN INDUSTRIA PIELARIEI": 1}, "limba_moderna": {"LIMBA ENGLEZA": 100, "LIMBA GERMANA MODERNA": 2, "LIMBA FRANCEZA": 2}, "limba_materna": {"LIMBA ROMANA": 104}, "promotie_anterioara": {"NU": 84, "DA": 20}, "materii": {"LIMBA ROMANA": {"medie": 6.333173076923078, "reusita": 96.15384615384616, "cnt": 104}, "GENERAL": {"medie": 6.4792483660130715, "reusita": 64.42307692307693, "cnt": 104}, "LOGICA, ARGUMENTARE SI COMUNICARE": {"medie": 6.445, "reusita": 70.0, "cnt": 10}, "GEOGRAFIE": {"medie": 7.10125, "reusita": 97.5, "cnt": 40}, "BIOLOGIE VEGETALA SI ANIMALA": {"medie": 5.878888888888888, "reusita": 76.59574468085107, "cnt": 47}, "ECONOMIE": {"medie": 6.925000000000001, "reusita": 100.0, "cnt": 2}, "MATEMATICA TEHN": {"medie": 6.608653846153846, "reusita": 90.38461538461539, "cnt": 104}, "CHIMIE ORGANICA TEH NIVEL I/II": {"medie": 5.0, "reusita": 100.0, "cnt": 1}, "CHIMIE ANORGANICA TEH NIVEL I/II": {"medie": 5.9625, "reusita": 75.0, "cnt": 4}}, "nume": "COLEGIUL TEHNIC \"MARIA BAIULESCU\" BRASOV\tBra\u0219ov"}