{"specializari": {"MATEMATICA-INFORMATICA": 82, "STIINTE ALE NATURII": 57, "STIINTE SOCIALE": 32}, "limba_moderna": {"LIMBA ENGLEZA": 167, "LIMBA FRANCEZA": 2, "LIMBA GERMANA MODERNA": 2}, "limba_materna": {"LIMBA ROMANA": 171}, "promotie_anterioara": {"NU": 170, "DA": 1}, "materii": {"LIMBA ROMANA": {"medie": 8.288011695906437, "reusita": 100.0, "cnt": 171}, "MATEMATICA MATE-INFO": {"medie": 8.608536585365856, "reusita": 100.0, "cnt": 82}, "INFORMATICA MI C/C++": {"medie": 8.783333333333335, "reusita": 100.0, "cnt": 57}, "GENERAL": {"medie": 8.463157894736845, "reusita": 100.0, "cnt": 171}, "ISTORIE": {"medie": 8.1859375, "reusita": 100.0, "cnt": 32}, "LOGICA, ARGUMENTARE SI COMUNICARE": {"medie": 8.661111111111111, "reusita": 100.0, "cnt": 9}, "GEOGRAFIE": {"medie": 8.23913043478261, "reusita": 100.0, "cnt": 23}, "FIZICA TEO": {"medie": 8.770000000000001, "reusita": 100.0, "cnt": 5}, "CHIMIE ORGANICA TEO NIVEL I/II": {"medie": 9.268, "reusita": 100.0, "cnt": 25}, "MATEMATICA ST-NAT": {"medie": 8.184210526315788, "reusita": 100.0, "cnt": 57}, "ANATOMIE SI FIZIOLOGIE UMANA, GENETICA SI ECOLOGIE UMANA": {"medie": 8.560784313725486, "reusita": 100.0, "cnt": 51}, "BIOLOGIE VEGETALA SI ANIMALA": {"medie": 9.75, "reusita": 100.0, "cnt": 1}}, "nume": "COLEGIUL NATIONAL \"MIHAI EMINESCU\" SATU MARE\tSatu-Mare"}