{"specializari": {"INVATATOR - EDUCATOARE": 60, "FILOLOGIE": 116, "STIINTE SOCIALE": 30}, "limba_moderna": {"LIMBA ENGLEZA": 206}, "limba_materna": {"LIMBA ROMANA": 206}, "promotie_anterioara": {"NU": 206}, "materii": {"LIMBA ROMANA": {"medie": 8.038106796116503, "reusita": 100.0, "cnt": 206}, "GENERAL": {"medie": 8.536650485436896, "reusita": 99.02912621359224, "cnt": 206}, "ISTORIE": {"medie": 8.560273972602738, "reusita": 99.31506849315068, "cnt": 146}, "LOGICA, ARGUMENTARE SI COMUNICARE": {"medie": 8.979, "reusita": 100.0, "cnt": 100}, "GEOGRAFIE": {"medie": 8.961538461538456, "reusita": 100.0, "cnt": 91}, "PSIHOLOGIE": {"medie": 8.872222222222224, "reusita": 100.0, "cnt": 9}, "SOCIOLOGIE": {"medie": 8.275, "reusita": 100.0, "cnt": 6}, "MATEMATICA PED": {"medie": 8.785, "reusita": 100.0, "cnt": 60}}, "nume": "COLEGIUL NATIONAL PEDAGOGIC \"SPIRU HARET\" FOCSANI\tVrancea"}