{"specializari": {"TEHNICIAN ANALIZE PRODUSE ALIMENTARE": 20, "TEHNICIAN IN ADMINISTRATIE": 12, "TEHNICIAN OPERATOR TEHNICA DE CALCUL": 21, "TEHNICIAN IN TURISM": 23, "TEHNICIAN IN ACTIVITATI ECONOMICE": 20, "TEHNICIAN IN GASTRONOMIE": 10, "TEHNICIAN MECANIC PENTRU INTRETINERE SI REPARATII": 1, "COAFOR STILIST": 3}, "limba_moderna": {"LIMBA ENGLEZA": 110}, "limba_materna": {"LIMBA ROMANA": 110}, "promotie_anterioara": {"NU": 68, "DA": 42}, "materii": {"LIMBA ROMANA": {"medie": 5.686320754716984, "reusita": 77.27272727272727, "cnt": 110}, "GENERAL": {"medie": 5.791666666666667, "reusita": 40.0, "cnt": 110}, "LOGICA, ARGUMENTARE SI COMUNICARE": {"medie": 6.9555555555555575, "reusita": 84.21052631578947, "cnt": 19}, "GEOGRAFIE": {"medie": 6.822727272727275, "reusita": 85.1063829787234, "cnt": 47}, "PSIHOLOGIE": {"medie": 4.95, "reusita": 50.0, "cnt": 2}, "ANATOMIE SI FIZIOLOGIE UMANA, GENETICA SI ECOLOGIE UMANA": {"medie": 5.45, "reusita": 60.0, "cnt": 20}, "BIOLOGIE VEGETALA SI ANIMALA": {"medie": 4.9350000000000005, "reusita": 60.0, "cnt": 20}, "MATEMATICA TEHN": {"medie": 5.405825242718447, "reusita": 70.0, "cnt": 110}, "FIZICA TEH": {"medie": 9.75, "reusita": 100.0, "cnt": 2}}, "nume": "COLEGIUL TEHNIC \"MIHAI VITEAZUL\" ORADEA\tBihor"}