{"specializari": {"STIINTE SOCIALE": 33, "FILOLOGIE": 31, "TEHNICIAN IN AUTOMATIZARI": 27, "TEHNICIAN MECATRONIST": 21, "STIINTE ALE NATURII": 32, "TEHNICIAN MECANIC PENTRU INTRETINERE SI REPARATII": 16, "TEHNICIAN IN INSTALATII ELECTRICE": 32, "MATEMATICA-INFORMATICA": 44, "TEHNICIAN OPERATOR TEHNICA DE CALCUL": 28, "TEHNICIAN ELECTRONIST": 5, "TEHNICIAN PROIECTANT CAD": 4}, "limba_moderna": {"LIMBA ENGLEZA": 271, "LIMBA FRANCEZA": 2}, "limba_materna": {"LIMBA ROMANA": 273}, "promotie_anterioara": {"NU": 230, "DA": 43}, "materii": {"LIMBA ROMANA": {"medie": 6.428917910447758, "reusita": 93.4065934065934, "cnt": 273}, "MATEMATICA MATE-INFO": {"medie": 5.184090909090909, "reusita": 65.9090909090909, "cnt": 44}, "INFORMATICA MI C/C++": {"medie": 5.4125000000000005, "reusita": 75.0, "cnt": 12}, "GENERAL": {"medie": 6.369771863117869, "reusita": 58.97435897435898, "cnt": 273}, "ISTORIE": {"medie": 7.510317460317459, "reusita": 96.875, "cnt": 64}, "LOGICA, ARGUMENTARE SI COMUNICARE": {"medie": 7.564583333333335, "reusita": 95.83333333333334, "cnt": 48}, "GEOGRAFIE": {"medie": 8.070833333333333, "reusita": 92.3076923076923, "cnt": 13}, "FIZICA TEO": {"medie": 5.987500000000001, "reusita": 75.0, "cnt": 4}, "MATEMATICA ST-NAT": {"medie": 7.288709677419353, "reusita": 96.875, "cnt": 32}, "PSIHOLOGIE": {"medie": 8.35, "reusita": 100.0, "cnt": 2}, "SOCIOLOGIE": {"medie": 7.3, "reusita": 100.0, "cnt": 1}, "ANATOMIE SI FIZIOLOGIE UMANA, GENETICA SI ECOLOGIE UMANA": {"medie": 7.210833333333334, "reusita": 91.66666666666666, "cnt": 60}, "BIOLOGIE VEGETALA SI ANIMALA": {"medie": 5.114473684210528, "reusita": 53.71900826446281, "cnt": 121}, "MATEMATICA TEHN": {"medie": 5.88700787401575, "reusita": 72.18045112781954, "cnt": 133}, "FIZICA TEH": {"medie": 6.859999999999999, "reusita": 80.0, "cnt": 10}, "CHIMIE ANORGANICA TEH NIVEL I/II": {"medie": 6.4, "reusita": 100.0, "cnt": 2}}, "nume": "COLEGIUL TEHNIC \"GHEORGHE ASACHI\" BOTOSANI\tBoto\u0219ani"}