{"specializari": {"TEHNICIAN IN ACTIVITATI ECONOMICE": 84, "TEHNICIAN IN HOTELARIE": 21, "TEHNICIAN IN ACTIVITATI DE COMERT": 24, "TEHNICIAN IN GASTRONOMIE": 4, "TEHNICIAN IN TURISM": 2, "TEHNICIAN IN ADMINISTRATIE": 1, "MATEMATICA-INFORMATICA": 1}, "limba_moderna": {"LIMBA ENGLEZA": 133, "LIMBA RUSA": 2, "LIMBA FRANCEZA": 2}, "limba_materna": {"LIMBA ROMANA": 137}, "promotie_anterioara": {"NU": 113, "DA": 24}, "materii": {"LIMBA ROMANA": {"medie": 6.737499999999996, "reusita": 93.43065693430657, "cnt": 137}, "MATEMATICA MATE-INFO": {"medie": 2.45, "reusita": 0.0, "cnt": 1}, "GENERAL": {"medie": 7.0693798449612375, "reusita": 78.1021897810219, "cnt": 137}, "LOGICA, ARGUMENTARE SI COMUNICARE": {"medie": 7.651612903225807, "reusita": 100.0, "cnt": 31}, "GEOGRAFIE": {"medie": 7.418877551020408, "reusita": 94.11764705882352, "cnt": 102}, "PSIHOLOGIE": {"medie": 6.949999999999999, "reusita": 100.0, "cnt": 2}, "BIOLOGIE VEGETALA SI ANIMALA": {"medie": 2.45, "reusita": 0.0, "cnt": 1}, "ECONOMIE": {"medie": 5.4, "reusita": 100.0, "cnt": 1}, "MATEMATICA TEHN": {"medie": 7.001550387596901, "reusita": 88.97058823529412, "cnt": 136}}, "nume": "COLEGIUL ECONOMIC \"ION GHICA\"\tBr\u0103ila"}