{"specializari": {"FILOLOGIE": 125, "MATEMATICA-INFORMATICA": 93}, "limba_moderna": {"LIMBA ENGLEZA": 156, "LIMBA FRANCEZA": 62}, "limba_materna": {"LIMBA ROMANA": 218}, "promotie_anterioara": {"NU": 218}, "materii": {"LIMBA ROMANA": {"medie": 7.795871559633024, "reusita": 99.54128440366972, "cnt": 218}, "MATEMATICA MATE-INFO": {"medie": 8.038709677419357, "reusita": 98.9247311827957, "cnt": 93}, "INFORMATICA MI C/C++": {"medie": 8.332, "reusita": 96.0, "cnt": 25}, "GENERAL": {"medie": 8.172553516819573, "reusita": 97.24770642201835, "cnt": 218}, "ISTORIE": {"medie": 8.708800000000002, "reusita": 100.0, "cnt": 125}, "LOGICA, ARGUMENTARE SI COMUNICARE": {"medie": 8.535294117647059, "reusita": 100.0, "cnt": 51}, "GEOGRAFIE": {"medie": 8.695454545454547, "reusita": 100.0, "cnt": 33}, "FIZICA TEO": {"medie": 8.557894736842103, "reusita": 100.0, "cnt": 19}, "CHIMIE ORGANICA TEO NIVEL I/II": {"medie": 8.803846153846155, "reusita": 100.0, "cnt": 13}, "PSIHOLOGIE": {"medie": 8.131818181818183, "reusita": 100.0, "cnt": 11}, "SOCIOLOGIE": {"medie": 7.726, "reusita": 100.0, "cnt": 25}, "ANATOMIE SI FIZIOLOGIE UMANA, GENETICA SI ECOLOGIE UMANA": {"medie": 7.859722222222222, "reusita": 97.22222222222221, "cnt": 36}, "FILOSOFIE": {"medie": 7.5, "reusita": 100.0, "cnt": 1}, "ECONOMIE": {"medie": 7.125, "reusita": 100.0, "cnt": 4}}, "nume": "COLEGIUL NATIONAL \"SCOALA CENTRALA\"\tBucure\u0219ti"}