{"specializari": {"TEHNICIAN IN ACTIVITATI ECONOMICE": 134, "TEHNICIAN IN TURISM": 17, "TEHNICIAN IN ACTIVITATI DE COMERT": 44, "TEHNICIAN IN ADMINISTRATIE": 17, "TEHNICIAN IN GASTRONOMIE": 1}, "limba_moderna": {"LIMBA ENGLEZA": 191, "LIMBA FRANCEZA": 22}, "limba_materna": {"LIMBA ROMANA": 213}, "promotie_anterioara": {"NU": 204, "DA": 9}, "materii": {"LIMBA ROMANA": {"medie": 6.436384976525823, "reusita": 92.48826291079813, "cnt": 213}, "GENERAL": {"medie": 7.457042253521125, "reusita": 87.79342723004694, "cnt": 213}, "LOGICA, ARGUMENTARE SI COMUNICARE": {"medie": 8.589808917197447, "reusita": 98.72611464968153, "cnt": 157}, "GEOGRAFIE": {"medie": 7.827777777777776, "reusita": 100.0, "cnt": 54}, "PSIHOLOGIE": {"medie": 7.625, "reusita": 100.0, "cnt": 2}, "MATEMATICA TEHN": {"medie": 7.547183098591553, "reusita": 98.59154929577466, "cnt": 213}}, "nume": "COLEGIUL ECONOMIC MUNICIPIUL BUZAU\tBuz\u0103u"}