{"specializari": {"ARTE PLASTICE SI DECORATIVE": 38, "ARHITECTURA, ARTE AMBIENTALE SI DESIGN": 28, "MUZICA": 39, "CONSERVARE - RESTAURARE": 30}, "limba_moderna": {"LIMBA ENGLEZA": 135}, "limba_materna": {"LIMBA ROMANA": 135}, "promotie_anterioara": {"NU": 127, "DA": 8}, "materii": {"LIMBA ROMANA": {"medie": 6.888345864661651, "reusita": 94.81481481481482, "cnt": 135}, "GENERAL": {"medie": 7.140530303030302, "reusita": 70.37037037037037, "cnt": 135}, "ISTORIE": {"medie": 7.2693181818181785, "reusita": 93.33333333333333, "cnt": 135}, "LOGICA, ARGUMENTARE SI COMUNICARE": {"medie": 6.6767857142857165, "reusita": 77.58620689655173, "cnt": 58}, "GEOGRAFIE": {"medie": 7.737499999999997, "reusita": 96.92307692307692, "cnt": 65}, "PSIHOLOGIE": {"medie": 7.455555555555555, "reusita": 100.0, "cnt": 9}, "FILOSOFIE": {"medie": 7.45, "reusita": 100.0, "cnt": 2}, "ECONOMIE": {"medie": 4.6, "reusita": 0.0, "cnt": 1}}, "nume": "COLEGIUL DE ARTA \"CIPRIAN PORUMBESCU\" SUCEAVA\tSuceava"}