{"specializari": {"STIINTE ALE NATURII": 35, "MATEMATICA-INFORMATICA": 132, "FILOLOGIE": 35, "STIINTE SOCIALE": 33}, "limba_moderna": {"LIMBA ENGLEZA": 223, "LIMBA GERMANA MODERNA": 3, "LIMBA FRANCEZA": 9}, "limba_materna": {"LIMBA ROMANA": 235}, "promotie_anterioara": {"NU": 235}, "materii": {"LIMBA ROMANA": {"medie": 8.389699570815445, "reusita": 99.14893617021276, "cnt": 235}, "MATEMATICA MATE-INFO": {"medie": 9.085114503816795, "reusita": 97.72727272727273, "cnt": 132}, "INFORMATICA MI C/C++": {"medie": 9.37659574468085, "reusita": 100.0, "cnt": 47}, "GENERAL": {"medie": 8.832618025751081, "reusita": 97.02127659574468, "cnt": 235}, "ISTORIE": {"medie": 8.407352941176468, "reusita": 95.58823529411765, "cnt": 68}, "LOGICA, ARGUMENTARE SI COMUNICARE": {"medie": 9.31090909090909, "reusita": 98.18181818181819, "cnt": 55}, "CHIMIE ORGANICA TEO NIVEL I/II": {"medie": 10.0, "reusita": 100.0, "cnt": 2}, "MATEMATICA ST-NAT": {"medie": 9.318571428571426, "reusita": 100.0, "cnt": 35}, "FIZICA TEO": {"medie": 9.425, "reusita": 96.29629629629629, "cnt": 27}, "GEOGRAFIE": {"medie": 9.096153846153845, "reusita": 100.0, "cnt": 13}, "ANATOMIE SI FIZIOLOGIE UMANA, GENETICA SI ECOLOGIE UMANA": {"medie": 8.911235955056176, "reusita": 100.0, "cnt": 89}, "INFORMATICA SN C/C++": {"medie": 9.350000000000001, "reusita": 100.0, "cnt": 2}}, "nume": "COLEGIUL NATIONAL \"FRATII BUZESTI\" CRAIOVA\tDolj"}