{"specializari": {"STIINTE ALE NATURII": 61, "MATEMATICA-INFORMATICA": 54, "FILOLOGIE": 33}, "limba_moderna": {"LIMBA ENGLEZA": 114, "LIMBA FRANCEZA": 27, "LIMBA GERMANA MODERNA": 7}, "limba_materna": {"LIMBA ROMANA": 134, "LIMBA GERMANA": 14}, "promotie_anterioara": {"NU": 145, "DA": 3}, "materii": {"LIMBA ROMANA": {"medie": 8.37635135135135, "reusita": 98.64864864864865, "cnt": 148}, "MATEMATICA MATE-INFO": {"medie": 8.237037037037036, "reusita": 98.14814814814815, "cnt": 54}, "INFORMATICA MI C/C++": {"medie": 8.885, "reusita": 100.0, "cnt": 30}, "GENERAL": {"medie": 8.415596846846851, "reusita": 93.91891891891892, "cnt": 148}, "ISTORIE": {"medie": 8.946969696969697, "reusita": 100.0, "cnt": 33}, "LOGICA, ARGUMENTARE SI COMUNICARE": {"medie": 9.15, "reusita": 100.0, "cnt": 1}, "CHIMIE ORGANICA TEO NIVEL I/II": {"medie": 9.200000000000001, "reusita": 100.0, "cnt": 8}, "MATEMATICA ST-NAT": {"medie": 8.640983606557375, "reusita": 98.36065573770492, "cnt": 61}, "FIZICA TEO": {"medie": 8.672222222222222, "reusita": 100.0, "cnt": 9}, "GEOGRAFIE": {"medie": 8.786842105263156, "reusita": 100.0, "cnt": 19}, "PSIHOLOGIE": {"medie": 8.8, "reusita": 100.0, "cnt": 2}, "ANATOMIE SI FIZIOLOGIE UMANA, GENETICA SI ECOLOGIE UMANA": {"medie": 7.730000000000002, "reusita": 96.66666666666667, "cnt": 60}, "CHIMIE ANORGANICA TEO NIVEL I/II": {"medie": 8.825, "reusita": 100.0, "cnt": 2}, "BIOLOGIE VEGETALA SI ANIMALA": {"medie": 10.0, "reusita": 100.0, "cnt": 1}, "SOCIOLOGIE": {"medie": 8.845, "reusita": 100.0, "cnt": 10}, "INFORMATICA SN C/C++": {"medie": 7.55, "reusita": 80.0, "cnt": 5}, "LIMBA GERMANA": {"medie": 7.910714285714286, "reusita": 100.0, "cnt": 14}, "ECONOMIE": {"medie": 7.55, "reusita": 100.0, "cnt": 1}}, "nume": "COLEGIUL NATIONAL \"DECEBAL\" DEVA\tHunedoara"}