{"specializari": {"FILOLOGIE": 61, "INVATATOR - EDUCATOARE": 58, "MATEMATICA-INFORMATICA": 60}, "limba_moderna": {"LIMBA ENGLEZA": 178, "LIMBA FRANCEZA": 1}, "limba_materna": {"LIMBA ROMANA": 179}, "promotie_anterioara": {"NU": 177, "DA": 2}, "materii": {"LIMBA ROMANA": {"medie": 8.544972067039108, "reusita": 100.0, "cnt": 179}, "MATEMATICA MATE-INFO": {"medie": 8.474166666666667, "reusita": 98.33333333333333, "cnt": 60}, "INFORMATICA MI C/C++": {"medie": 8.866666666666667, "reusita": 100.0, "cnt": 30}, "GENERAL": {"medie": 8.643761638733707, "reusita": 98.88268156424581, "cnt": 179}, "ISTORIE": {"medie": 8.459016393442624, "reusita": 100.0, "cnt": 61}, "LOGICA, ARGUMENTARE SI COMUNICARE": {"medie": 8.909782608695652, "reusita": 100.0, "cnt": 46}, "GEOGRAFIE": {"medie": 8.871698113207549, "reusita": 100.0, "cnt": 53}, "FIZICA TEO": {"medie": 7.821428571428572, "reusita": 100.0, "cnt": 7}, "CHIMIE ORGANICA TEO NIVEL I/II": {"medie": 9.1, "reusita": 100.0, "cnt": 2}, "PSIHOLOGIE": {"medie": 8.696666666666665, "reusita": 100.0, "cnt": 15}, "SOCIOLOGIE": {"medie": 8.383333333333333, "reusita": 100.0, "cnt": 3}, "ANATOMIE SI FIZIOLOGIE UMANA, GENETICA SI ECOLOGIE UMANA": {"medie": 8.23846153846154, "reusita": 100.0, "cnt": 13}, "CHIMIE ANORGANICA TEO NIVEL I/II": {"medie": 6.4, "reusita": 100.0, "cnt": 1}, "BIOLOGIE VEGETALA SI ANIMALA": {"medie": 9.128571428571428, "reusita": 100.0, "cnt": 7}, "MATEMATICA PED": {"medie": 9.00689655172414, "reusita": 100.0, "cnt": 58}, "FILOSOFIE": {"medie": 7.8, "reusita": 100.0, "cnt": 1}, "ECONOMIE": {"medie": 5.5, "reusita": 100.0, "cnt": 1}}, "nume": "COLEGIUL NATIONAL \"ELENA CUZA\"\tBucure\u0219ti"}