{"specializari": {"TEHNICIAN IN ACTIVITATI ECONOMICE": 179, "TEHNICIAN IN TURISM": 54}, "limba_moderna": {"LIMBA ENGLEZA": 227, "LIMBA SPANIOLA": 5, "LIMBA CHINEZA": 1}, "limba_materna": {"LIMBA ROMANA": 233}, "promotie_anterioara": {"NU": 229, "DA": 4}, "materii": {"LIMBA ROMANA": {"medie": 6.760515021459228, "reusita": 93.13304721030042, "cnt": 233}, "GENERAL": {"medie": 7.7055078683834, "reusita": 90.55793991416309, "cnt": 233}, "LOGICA, ARGUMENTARE SI COMUNICARE": {"medie": 8.489743589743588, "reusita": 97.43589743589743, "cnt": 39}, "GEOGRAFIE": {"medie": 8.464545454545458, "reusita": 99.39393939393939, "cnt": 165}, "PSIHOLOGIE": {"medie": 7.656521739130433, "reusita": 95.65217391304348, "cnt": 23}, "MATEMATICA TEHN": {"medie": 8.03390557939914, "reusita": 99.14163090128756, "cnt": 233}, "ECONOMIE": {"medie": 5.866666666666666, "reusita": 100.0, "cnt": 6}}, "nume": "COLEGIUL ECONOMIC \"A.D.XENOPOL\"\tBucure\u0219ti"}