{"specializari": {"TEHNICIAN ECOLOG SI PROTECTIA CALITATII MEDIULUI": 19, "TEHNICIAN IN AUTOMATIZARI": 42, "TEHNICIAN DE TELECOMUNICATII": 22, "LICEU CU PROGRAM SPORTIV": 17, "TEHNICIAN OPERATOR TEHNICA DE CALCUL": 14, "TEHNICIAN IN INSTALATII ELECTRICE": 23, "TEHNICIAN ELECTROTEHNIST": 4, "TEHNICIAN IN ACTIVITATI ECONOMICE": 2, "TEHNICIAN MECATRONIST": 1, "TEHNICIAN IN AGRICULTURA": 1, "TEHNICIAN MECANIC PENTRU INTRETINERE SI REPARATII": 2, "STIINTE ALE NATURII": 1}, "limba_moderna": {"LIMBA ENGLEZA": 143, "LIMBA FRANCEZA": 5}, "limba_materna": {"LIMBA ROMANA": 148}, "promotie_anterioara": {"NU": 124, "DA": 24}, "materii": {"LIMBA ROMANA": {"medie": 7.165878378378378, "reusita": 97.97297297297297, "cnt": 148}, "GENERAL": {"medie": 7.2773972602739745, "reusita": 78.37837837837837, "cnt": 148}, "ISTORIE": {"medie": 7.25, "reusita": 100.0, "cnt": 17}, "LOGICA, ARGUMENTARE SI COMUNICARE": {"medie": 7.713636363636365, "reusita": 90.9090909090909, "cnt": 11}, "MATEMATICA ST-NAT": {"medie": 5.0, "reusita": 100.0, "cnt": 1}, "FIZICA TEO": {"medie": 6.5, "reusita": 100.0, "cnt": 1}, "GEOGRAFIE": {"medie": 8.424999999999999, "reusita": 100.0, "cnt": 6}, "PSIHOLOGIE": {"medie": 8.625, "reusita": 100.0, "cnt": 2}, "ANATOMIE SI FIZIOLOGIE UMANA, GENETICA SI ECOLOGIE UMANA": {"medie": 7.889473684210526, "reusita": 90.0, "cnt": 20}, "BIOLOGIE VEGETALA SI ANIMALA": {"medie": 6.052499999999999, "reusita": 81.9672131147541, "cnt": 61}, "MATEMATICA TEHN": {"medie": 7.613178294573639, "reusita": 96.15384615384616, "cnt": 130}, "FIZICA TEH": {"medie": 7.693617021276595, "reusita": 89.36170212765957, "cnt": 47}}, "nume": "COLEGIUL ENERGETIC, MUN. RM. VALCEA\tV\u00e2lcea"}