{"specializari": {"MATEMATICA-INFORMATICA": 88, "STIINTE SOCIALE": 60, "FILOLOGIE": 61, "STIINTE ALE NATURII": 26}, "limba_moderna": {"LIMBA ENGLEZA": 224, "LIMBA FRANCEZA": 11}, "limba_materna": {"LIMBA ROMANA": 235}, "promotie_anterioara": {"NU": 233, "DA": 2}, "materii": {"LIMBA ROMANA": {"medie": 8.213617021276596, "reusita": 100.0, "cnt": 235}, "MATEMATICA MATE-INFO": {"medie": 8.415340909090911, "reusita": 98.86363636363636, "cnt": 88}, "INFORMATICA MI C/C++": {"medie": 8.303333333333335, "reusita": 100.0, "cnt": 30}, "GENERAL": {"medie": 8.344113475177304, "reusita": 97.44680851063829, "cnt": 235}, "ISTORIE": {"medie": 8.584710743801653, "reusita": 100.0, "cnt": 121}, "LOGICA, ARGUMENTARE SI COMUNICARE": {"medie": 8.032142857142858, "reusita": 94.64285714285714, "cnt": 56}, "CHIMIE ORGANICA TEO NIVEL I/II": {"medie": 9.216666666666667, "reusita": 100.0, "cnt": 9}, "MATEMATICA ST-NAT": {"medie": 8.36923076923077, "reusita": 100.0, "cnt": 26}, "FIZICA TEO": {"medie": 10.0, "reusita": 100.0, "cnt": 1}, "GEOGRAFIE": {"medie": 8.777192982456137, "reusita": 100.0, "cnt": 57}, "PSIHOLOGIE": {"medie": 8.7375, "reusita": 100.0, "cnt": 4}, "ANATOMIE SI FIZIOLOGIE UMANA, GENETICA SI ECOLOGIE UMANA": {"medie": 7.951515151515151, "reusita": 95.45454545454545, "cnt": 66}, "CHIMIE ANORGANICA TEO NIVEL I/II": {"medie": 9.0, "reusita": 100.0, "cnt": 4}, "BIOLOGIE VEGETALA SI ANIMALA": {"medie": 8.7625, "reusita": 100.0, "cnt": 4}, "SOCIOLOGIE": {"medie": 8.1375, "reusita": 100.0, "cnt": 4}}, "nume": "COLEGIUL NATIONAL \"NICU GANE\" FALTICENI\tSuceava"}