{"specializari": {"INVATATOR - EDUCATOARE": 53, "STIINTE SOCIALE": 33, "STIINTE ALE NATURII": 29, "MATEMATICA-INFORMATICA": 61}, "limba_moderna": {"LIMBA ENGLEZA": 163, "LIMBA FRANCEZA": 13}, "limba_materna": {"LIMBA ROMANA": 176}, "promotie_anterioara": {"NU": 176}, "materii": {"LIMBA ROMANA": {"medie": 8.871590909090909, "reusita": 100.0, "cnt": 176}, "MATEMATICA MATE-INFO": {"medie": 9.131147540983607, "reusita": 100.0, "cnt": 61}, "INFORMATICA MI C/C++": {"medie": 9.257352941176471, "reusita": 100.0, "cnt": 34}, "GENERAL": {"medie": 9.105776515151513, "reusita": 100.0, "cnt": 176}, "ISTORIE": {"medie": 9.213636363636365, "reusita": 100.0, "cnt": 33}, "LOGICA, ARGUMENTARE SI COMUNICARE": {"medie": 9.361764705882358, "reusita": 100.0, "cnt": 51}, "GEOGRAFIE": {"medie": 9.138636363636365, "reusita": 100.0, "cnt": 22}, "FIZICA TEO": {"medie": 9.146153846153847, "reusita": 100.0, "cnt": 13}, "CHIMIE ORGANICA TEO NIVEL I/II": {"medie": 9.839285714285714, "reusita": 100.0, "cnt": 14}, "MATEMATICA ST-NAT": {"medie": 9.324137931034484, "reusita": 100.0, "cnt": 29}, "PSIHOLOGIE": {"medie": 8.783333333333333, "reusita": 100.0, "cnt": 6}, "ANATOMIE SI FIZIOLOGIE UMANA, GENETICA SI ECOLOGIE UMANA": {"medie": 8.755172413793101, "reusita": 100.0, "cnt": 29}, "MATEMATICA PED": {"medie": 9.41981132075472, "reusita": 100.0, "cnt": 53}, "ECONOMIE": {"medie": 8.464285714285715, "reusita": 100.0, "cnt": 7}}, "nume": "COLEGIUL NATIONAL DE INFORMATICA MATEI BASARAB, MUN. RM. VALCEA\tV\u00e2lcea"}