{"specializari": {"FILOLOGIE": 17, "TEHNICIAN IN INDUSTRIA ALIMENTARA": 6, "TEHNICIAN ECOLOG SI PROTECTIA CALITATII MEDIULUI": 7, "ORGANIZATOR BANQUETING": 9, "TEHNICIAN IN INDUSTRIA TEXTILA": 2, "TEHNICIAN IN TURISM": 1, "MATEMATICA-INFORMATICA": 4}, "limba_moderna": {"LIMBA ENGLEZA": 32, "LIMBA FRANCEZA": 14}, "limba_materna": {"LIMBA ROMANA": 46}, "promotie_anterioara": {"NU": 32, "DA": 14}, "materii": {"LIMBA ROMANA": {"medie": 5.517391304347828, "reusita": 71.73913043478261, "cnt": 46}, "MATEMATICA MATE-INFO": {"medie": 2.0, "reusita": 0.0, "cnt": 4}, "GENERAL": {"medie": 5.901111111111112, "reusita": 43.47826086956522, "cnt": 46}, "ISTORIE": {"medie": 5.4529411764705875, "reusita": 76.47058823529412, "cnt": 17}, "LOGICA, ARGUMENTARE SI COMUNICARE": {"medie": 7.7, "reusita": 100.0, "cnt": 1}, "GEOGRAFIE": {"medie": 6.778846153846154, "reusita": 92.3076923076923, "cnt": 26}, "FIZICA TEO": {"medie": 2.2, "reusita": 0.0, "cnt": 1}, "ANATOMIE SI FIZIOLOGIE UMANA, GENETICA SI ECOLOGIE UMANA": {"medie": 6.625, "reusita": 86.66666666666667, "cnt": 15}, "BIOLOGIE VEGETALA SI ANIMALA": {"medie": 5.333333333333333, "reusita": 66.66666666666666, "cnt": 3}, "MATEMATICA TEHN": {"medie": 6.094000000000001, "reusita": 88.0, "cnt": 25}}, "nume": "COLEGIUL TEHNIC \"DANUBIANA\", MUNICIPIUL ROMAN\tNeam\u021b"}