{"specializari": {"TEHNICIAN IN TURISM": 30, "TEHNICIAN IN ACTIVITATI ECONOMICE": 22, "TEHNICIAN IN ACTIVITATI DE COMERT": 18}, "limba_moderna": {"LIMBA ENGLEZA": 70}, "limba_materna": {"LIMBA ROMANA": 70}, "promotie_anterioara": {"NU": 59, "DA": 11}, "materii": {"LIMBA ROMANA": {"medie": 6.9992857142857146, "reusita": 97.14285714285714, "cnt": 70}, "GENERAL": {"medie": 6.973188405797103, "reusita": 75.71428571428571, "cnt": 70}, "GEOGRAFIE": {"medie": 7.5069230769230755, "reusita": 98.48484848484848, "cnt": 66}, "PSIHOLOGIE": {"medie": 5.9, "reusita": 75.0, "cnt": 4}, "MATEMATICA TEHN": {"medie": 6.482608695652175, "reusita": 84.28571428571429, "cnt": 70}}, "nume": "COLEGIUL ECONOMIC \"EMANUIL GOJDU\" HUNEDOARA\tHunedoara"}