{"specializari": {"MATEMATICA-INFORMATICA": 142, "STIINTE ALE NATURII": 62, "FILOLOGIE": 33}, "limba_moderna": {"LIMBA FRANCEZA": 5, "LIMBA ENGLEZA": 221, "LIMBA GERMANA MODERNA": 11}, "limba_materna": {"LIMBA ROMANA": 178, "LIMBA MAGHIARA": 59}, "promotie_anterioara": {"NU": 236, "DA": 1}, "materii": {"LIMBA ROMANA": {"medie": 7.999578059071729, "reusita": 97.0464135021097, "cnt": 237}, "MATEMATICA MATE-INFO": {"medie": 8.749295774647885, "reusita": 97.1830985915493, "cnt": 142}, "INFORMATICA MI C/C++": {"medie": 8.936792452830188, "reusita": 100.0, "cnt": 53}, "GENERAL": {"medie": 8.558350914205343, "reusita": 95.78059071729957, "cnt": 237}, "ISTORIE": {"medie": 9.327272727272728, "reusita": 100.0, "cnt": 33}, "LOGICA, ARGUMENTARE SI COMUNICARE": {"medie": 9.332352941176472, "reusita": 100.0, "cnt": 17}, "CHIMIE ORGANICA TEO NIVEL I/II": {"medie": 9.3, "reusita": 100.0, "cnt": 9}, "MATEMATICA ST-NAT": {"medie": 8.40564516129032, "reusita": 100.0, "cnt": 62}, "FIZICA TEO": {"medie": 8.554545454545455, "reusita": 100.0, "cnt": 11}, "GEOGRAFIE": {"medie": 9.385714285714286, "reusita": 100.0, "cnt": 14}, "PSIHOLOGIE": {"medie": 9.8, "reusita": 100.0, "cnt": 2}, "ANATOMIE SI FIZIOLOGIE UMANA, GENETICA SI ECOLOGIE UMANA": {"medie": 8.635714285714284, "reusita": 99.20634920634922, "cnt": 126}, "CHIMIE ANORGANICA TEO NIVEL I/II": {"medie": 6.7625, "reusita": 100.0, "cnt": 4}, "BIOLOGIE VEGETALA SI ANIMALA": {"medie": 9.6, "reusita": 100.0, "cnt": 1}, "LIMBA MAGHIARA (REAL)": {"medie": 8.451694915254238, "reusita": 100.0, "cnt": 59}}, "nume": "COLEGIUL NATIONAL \"SILVANIA\" ZALAU\tS\u0103laj"}