{"specializari": {"TEHNICIAN IN GASTRONOMIE": 25, "STIINTE SOCIALE": 32, "TEHNICIAN ANALIZE PRODUSE ALIMENTARE": 31, "TEHNICIAN VETERINAR": 25, "TEHNICIAN AGROMONTAN": 8, "TEHNICIAN TRANSPORTURI": 2, "TEHNICIAN ELECTROMECANIC": 2, "TEHNICIAN ECOLOG SI PROTECTIA CALITATII MEDIULUI": 3, "TEHNICIAN IN INDUSTRIA ALIMENTARA": 4, "TEHNICIAN IN AGROTURISM": 1, "TEHNICIAN IN AUTOMATIZARI": 1}, "limba_moderna": {"LIMBA ENGLEZA": 99, "LIMBA FRANCEZA": 35}, "limba_materna": {"LIMBA ROMANA": 134}, "promotie_anterioara": {"NU": 110, "DA": 24}, "materii": {"LIMBA ROMANA": {"medie": 5.820399999999999, "reusita": 74.6268656716418, "cnt": 134}, "GENERAL": {"medie": 5.905555555555556, "reusita": 42.53731343283582, "cnt": 134}, "ISTORIE": {"medie": 6.948437499999999, "reusita": 96.875, "cnt": 32}, "LOGICA, ARGUMENTARE SI COMUNICARE": {"medie": 8.45, "reusita": 100.0, "cnt": 8}, "GEOGRAFIE": {"medie": 7.330232558139533, "reusita": 93.18181818181817, "cnt": 44}, "PSIHOLOGIE": {"medie": 6.75, "reusita": 100.0, "cnt": 1}, "SOCIOLOGIE": {"medie": 7.762499999999999, "reusita": 100.0, "cnt": 4}, "ANATOMIE SI FIZIOLOGIE UMANA, GENETICA SI ECOLOGIE UMANA": {"medie": 5.02, "reusita": 53.84615384615385, "cnt": 52}, "BIOLOGIE VEGETALA SI ANIMALA": {"medie": 4.876666666666666, "reusita": 44.44444444444444, "cnt": 18}, "MATEMATICA TEHN": {"medie": 4.9355421686747, "reusita": 51.9607843137255, "cnt": 102}, "FIZICA TEH": {"medie": 5.0, "reusita": 100.0, "cnt": 1}, "CHIMIE ORGANICA TEH NIVEL I/II": {"medie": 5.0, "reusita": 100.0, "cnt": 1}, "CHIMIE ANORGANICA TEH NIVEL I/II": {"medie": 3.716666666666667, "reusita": 0.0, "cnt": 5}}, "nume": "COLEGIUL TEHNIC \"VALERIU D. COTEA\" FOCSANI\tVrancea"}