{"specializari": {"TEHNICIAN IN INDUSTRIA ALIMENTARA": 18, "TEHNICIAN ANALIZE PRODUSE ALIMENTARE": 33, "TEHNICIAN ELECTROMECANIC": 2}, "limba_moderna": {"LIMBA ENGLEZA": 52, "LIMBA FRANCEZA": 1}, "limba_materna": {"LIMBA ROMANA": 53}, "promotie_anterioara": {"NU": 31, "DA": 22}, "materii": {"LIMBA ROMANA": {"medie": 5.458823529411764, "reusita": 83.01886792452831, "cnt": 53}, "GENERAL": {"medie": 5.196739130434781, "reusita": 22.641509433962266, "cnt": 53}, "ANATOMIE SI FIZIOLOGIE UMANA, GENETICA SI ECOLOGIE UMANA": {"medie": 4.947727272727273, "reusita": 47.91666666666667, "cnt": 48}, "BIOLOGIE VEGETALA SI ANIMALA": {"medie": 5.9125, "reusita": 80.0, "cnt": 5}, "MATEMATICA TEHN": {"medie": 4.923469387755102, "reusita": 54.71698113207547, "cnt": 53}}, "nume": "COLEGIUL TEHNIC DE INDUSTRIE ALIMENTARA \"DUMITRU MOTOC\"\tBucure\u0219ti"}