{"specializari": {"TEHNICIAN CHIMIST DE LABORATOR": 27, "TEHNICIAN ECOLOG SI PROTECTIA CALITATII MEDIULUI": 24, "COAFOR STILIST": 1}, "limba_moderna": {"LIMBA ENGLEZA": 50, "LIMBA FRANCEZA": 2}, "limba_materna": {"LIMBA ROMANA": 52}, "promotie_anterioara": {"NU": 43, "DA": 9}, "materii": {"LIMBA ROMANA": {"medie": 6.791, "reusita": 88.46153846153845, "cnt": 52}, "GENERAL": {"medie": 7.303061224489796, "reusita": 76.92307692307693, "cnt": 52}, "GEOGRAFIE": {"medie": 5.3, "reusita": 100.0, "cnt": 1}, "ANATOMIE SI FIZIOLOGIE UMANA, GENETICA SI ECOLOGIE UMANA": {"medie": 6.703333333333333, "reusita": 86.66666666666667, "cnt": 15}, "BIOLOGIE VEGETALA SI ANIMALA": {"medie": 7.344117647058824, "reusita": 83.33333333333334, "cnt": 18}, "MATEMATICA TEHN": {"medie": 7.3855769230769255, "reusita": 96.15384615384616, "cnt": 52}, "FIZICA TEH": {"medie": 8.45, "reusita": 100.0, "cnt": 1}, "CHIMIE ORGANICA TEH NIVEL I/II": {"medie": 9.675, "reusita": 100.0, "cnt": 2}, "CHIMIE ANORGANICA TEH NIVEL I/II": {"medie": 7.766666666666668, "reusita": 100.0, "cnt": 15}}, "nume": "COLEGIUL TEHNIC \"ANA ASLAN\" CLUJ-NAPOCA\tCluj"}