{"specializari": {"STIINTE ALE NATURII": 41, "MATEMATICA-INFORMATICA": 36, "FILOLOGIE": 52, "LICEU CU PROGRAM SPORTIV": 24}, "limba_moderna": {"LIMBA ENGLEZA": 151, "LIMBA GERMANA MODERNA": 2}, "limba_materna": {"LIMBA ROMANA": 115, "LIMBA MAGHIARA": 38}, "promotie_anterioara": {"NU": 144, "DA": 9}, "materii": {"LIMBA ROMANA": {"medie": 6.662999999999999, "reusita": 90.19607843137256, "cnt": 153}, "MATEMATICA MATE-INFO": {"medie": 8.480555555555558, "reusita": 100.0, "cnt": 36}, "GENERAL": {"medie": 7.255272108843543, "reusita": 79.73856209150327, "cnt": 153}, "ISTORIE": {"medie": 6.463194444444444, "reusita": 89.47368421052632, "cnt": 76}, "LOGICA, ARGUMENTARE SI COMUNICARE": {"medie": 6.683333333333334, "reusita": 66.66666666666666, "cnt": 3}, "GEOGRAFIE": {"medie": 7.241911764705883, "reusita": 94.36619718309859, "cnt": 71}, "CHIMIE ORGANICA TEO NIVEL I/II": {"medie": 8.4, "reusita": 100.0, "cnt": 1}, "MATEMATICA ST-NAT": {"medie": 7.669999999999997, "reusita": 95.1219512195122, "cnt": 41}, "PSIHOLOGIE": {"medie": 6.55, "reusita": 100.0, "cnt": 1}, "ANATOMIE SI FIZIOLOGIE UMANA, GENETICA SI ECOLOGIE UMANA": {"medie": 7.8866666666666685, "reusita": 100.0, "cnt": 60}, "FILOSOFIE": {"medie": 5.35, "reusita": 100.0, "cnt": 1}, "LIMBA MAGHIARA (REAL)": {"medie": 7.974999999999999, "reusita": 95.23809523809523, "cnt": 21}, "LIMBA MAGHIARA (UMAN)": {"medie": 6.574999999999998, "reusita": 76.47058823529412, "cnt": 17}, "INFORMATICA MI PASCAL": {"medie": 8.440625, "reusita": 100.0, "cnt": 16}}, "nume": "COLEGIUL NATIONAL \"MIRCEA ELIADE\" SIGHISOARA\tMure\u0219"}