{"specializari": {"STIINTE SOCIALE": 22, "TEHNICIAN IN SILVICULTURA SI EXPLOATARI FORESTIERE": 27, "STIINTE ALE NATURII": 6}, "limba_moderna": {"LIMBA ENGLEZA": 55}, "limba_materna": {"LIMBA ROMANA": 55}, "promotie_anterioara": {"NU": 40, "DA": 15}, "materii": {"LIMBA ROMANA": {"medie": 4.6173076923076914, "reusita": 54.54545454545454, "cnt": 55}, "GENERAL": {"medie": 4.8612244897959185, "reusita": 23.636363636363637, "cnt": 55}, "ISTORIE": {"medie": 5.307142857142857, "reusita": 68.18181818181817, "cnt": 22}, "GEOGRAFIE": {"medie": 6.4305555555555545, "reusita": 73.68421052631578, "cnt": 19}, "MATEMATICA ST-NAT": {"medie": 4.85, "reusita": 50.0, "cnt": 6}, "SOCIOLOGIE": {"medie": 3.9333333333333336, "reusita": 0.0, "cnt": 3}, "ANATOMIE SI FIZIOLOGIE UMANA, GENETICA SI ECOLOGIE UMANA": {"medie": 4.85, "reusita": 60.0, "cnt": 5}, "BIOLOGIE VEGETALA SI ANIMALA": {"medie": 4.426923076923076, "reusita": 42.857142857142854, "cnt": 28}, "MATEMATICA TEHN": {"medie": 4.185416666666666, "reusita": 37.03703703703704, "cnt": 27}}, "nume": "COLEGIUL SILVIC \"THEODOR PIETRARU\" BRANESTI\tIlfov"}