{"specializari": {"FILOLOGIE": 29, "STIINTE ALE NATURII": 59, "MATEMATICA-INFORMATICA": 146}, "limba_moderna": {"LIMBA ENGLEZA": 229, "LIMBA FRANCEZA": 5}, "limba_materna": {"LIMBA ROMANA": 234}, "promotie_anterioara": {"NU": 234}, "materii": {"LIMBA ROMANA": {"medie": 8.670299145299143, "reusita": 100.0, "cnt": 234}, "MATEMATICA MATE-INFO": {"medie": 9.052054794520544, "reusita": 100.0, "cnt": 146}, "INFORMATICA MI C/C++": {"medie": 8.854901960784318, "reusita": 100.0, "cnt": 51}, "GENERAL": {"medie": 8.93589743589744, "reusita": 100.0, "cnt": 234}, "ISTORIE": {"medie": 8.844827586206897, "reusita": 100.0, "cnt": 29}, "LOGICA, ARGUMENTARE SI COMUNICARE": {"medie": 9.664285714285715, "reusita": 100.0, "cnt": 7}, "GEOGRAFIE": {"medie": 9.549999999999999, "reusita": 100.0, "cnt": 3}, "FIZICA TEO": {"medie": 9.12619047619048, "reusita": 100.0, "cnt": 63}, "CHIMIE ORGANICA TEO NIVEL I/II": {"medie": 9.55657894736842, "reusita": 100.0, "cnt": 38}, "MATEMATICA ST-NAT": {"medie": 9.327966101694916, "reusita": 100.0, "cnt": 59}, "PSIHOLOGIE": {"medie": 9.183333333333334, "reusita": 100.0, "cnt": 3}, "SOCIOLOGIE": {"medie": 8.15, "reusita": 100.0, "cnt": 15}, "ANATOMIE SI FIZIOLOGIE UMANA, GENETICA SI ECOLOGIE UMANA": {"medie": 8.850000000000001, "reusita": 100.0, "cnt": 44}, "CHIMIE ANORGANICA TEO NIVEL I/II": {"medie": 8.483333333333333, "reusita": 100.0, "cnt": 3}, "BIOLOGIE VEGETALA SI ANIMALA": {"medie": 9.333333333333334, "reusita": 100.0, "cnt": 6}, "FILOSOFIE": {"medie": 9.05, "reusita": 100.0, "cnt": 1}}, "nume": "COLEGIUL NATIONAL \"GHEORGHE SINCAI\"\tBucure\u0219ti"}