{"specializari": {"TEHNICIAN IN TURISM": 30, "TEHNICIAN IN ACTIVITATI ECONOMICE": 22, "TEHNICIAN IN ACTIVITATI DE COMERT": 18}, "limba_moderna": {"LIMBA ENGLEZA": 70}, "limba_materna": {"LIMBA ROMANA": 70}, "promotie_anterioara": {"NU": 59, "DA": 11}, "materii": {"LIMBA ROMANA": {"medie": 7.036428571428574, "reusita": 98.57142857142858, "cnt": 70}, "GENERAL": {"medie": 6.984541062801933, "reusita": 78.57142857142857, "cnt": 70}, "GEOGRAFIE": {"medie": 7.489230769230769, "reusita": 98.48484848484848, "cnt": 66}, "PSIHOLOGIE": {"medie": 5.9, "reusita": 75.0, "cnt": 4}, "MATEMATICA TEHN": {"medie": 6.495652173913044, "reusita": 85.71428571428571, "cnt": 70}}, "nume": "COLEGIUL ECONOMIC \"EMANUIL GOJDU\" HUNEDOARA\tHunedoara"}