{"specializari": {"STIINTE ALE NATURII": 77, "MATEMATICA-INFORMATICA": 57, "FILOLOGIE": 31}, "limba_moderna": {"LIMBA ENGLEZA": 152, "LIMBA GERMANA MODERNA": 1, "LIMBA RUSA": 1, "LIMBA FRANCEZA": 11}, "limba_materna": {"LIMBA ROMANA": 165}, "promotie_anterioara": {"NU": 144, "DA": 21}, "materii": {"LIMBA ROMANA": {"medie": 8.489999999999995, "reusita": 97.57575757575758, "cnt": 165}, "MATEMATICA MATE-INFO": {"medie": 9.15614035087719, "reusita": 100.0, "cnt": 57}, "INFORMATICA MI C/C++": {"medie": 9.527419354838708, "reusita": 100.0, "cnt": 31}, "GENERAL": {"medie": 8.774335378323105, "reusita": 89.6969696969697, "cnt": 165}, "ISTORIE": {"medie": 9.27258064516129, "reusita": 100.0, "cnt": 31}, "LOGICA, ARGUMENTARE SI COMUNICARE": {"medie": 9.456666666666667, "reusita": 100.0, "cnt": 15}, "GEOGRAFIE": {"medie": 9.221875, "reusita": 100.0, "cnt": 16}, "FIZICA TEO": {"medie": 9.31, "reusita": 100.0, "cnt": 10}, "CHIMIE ORGANICA TEO NIVEL I/II": {"medie": 9.656000000000002, "reusita": 100.0, "cnt": 25}, "MATEMATICA ST-NAT": {"medie": 8.177631578947368, "reusita": 83.11688311688312, "cnt": 77}, "ANATOMIE SI FIZIOLOGIE UMANA, GENETICA SI ECOLOGIE UMANA": {"medie": 8.463725490196076, "reusita": 88.67924528301887, "cnt": 53}, "CHIMIE ANORGANICA TEO NIVEL I/II": {"medie": 10.0, "reusita": 100.0, "cnt": 1}, "BIOLOGIE VEGETALA SI ANIMALA": {"medie": 6.257142857142858, "reusita": 57.14285714285714, "cnt": 7}, "INFORMATICA SN C/C++": {"medie": 9.442857142857141, "reusita": 100.0, "cnt": 7}}, "nume": "COLEGIUL NATIONAL \"EMIL RACOVITA\", IASI\tIa\u0219i"}