{"specializari": {"STIINTE ALE NATURII": 54, "MATEMATICA-INFORMATICA": 28, "STIINTE SOCIALE": 33, "FILOLOGIE": 31}, "limba_moderna": {"LIMBA ENGLEZA": 128, "LIMBA GERMANA MODERNA": 11, "LIMBA FRANCEZA": 7}, "limba_materna": {"LIMBA ROMANA": 146}, "promotie_anterioara": {"NU": 145, "DA": 1}, "materii": {"LIMBA ROMANA": {"medie": 8.285616438356168, "reusita": 100.0, "cnt": 146}, "MATEMATICA MATE-INFO": {"medie": 9.117857142857142, "reusita": 100.0, "cnt": 28}, "INFORMATICA MI C/C++": {"medie": 9.178571428571429, "reusita": 100.0, "cnt": 14}, "GENERAL": {"medie": 8.690182648401825, "reusita": 99.31506849315068, "cnt": 146}, "ISTORIE": {"medie": 8.66484375, "reusita": 100.0, "cnt": 64}, "LOGICA, ARGUMENTARE SI COMUNICARE": {"medie": 8.910810810810812, "reusita": 97.2972972972973, "cnt": 37}, "GEOGRAFIE": {"medie": 8.666666666666666, "reusita": 100.0, "cnt": 21}, "FIZICA TEO": {"medie": 8.695454545454545, "reusita": 100.0, "cnt": 11}, "CHIMIE ORGANICA TEO NIVEL I/II": {"medie": 8.45, "reusita": 100.0, "cnt": 1}, "MATEMATICA ST-NAT": {"medie": 8.952777777777776, "reusita": 100.0, "cnt": 54}, "PSIHOLOGIE": {"medie": 8.51, "reusita": 100.0, "cnt": 5}, "SOCIOLOGIE": {"medie": 8.85, "reusita": 100.0, "cnt": 1}, "ANATOMIE SI FIZIOLOGIE UMANA, GENETICA SI ECOLOGIE UMANA": {"medie": 9.08148148148148, "reusita": 100.0, "cnt": 54}, "CHIMIE ANORGANICA TEO NIVEL I/II": {"medie": 9.3, "reusita": 100.0, "cnt": 1}, "INFORMATICA SN C/C++": {"medie": 7.9, "reusita": 100.0, "cnt": 1}}, "nume": "COLEGIUL NATIONAL \"UNIREA\" TIRGU MURES\tMure\u0219"}