{"specializari": {"TEHNICIAN IN ACTIVITATI ECONOMICE": 199, "TEHNICIAN IN ACHIZITII SI CONTRACTARI": 28, "TEHNICIAN IN ADMINISTRATIE": 30}, "limba_moderna": {"LIMBA ENGLEZA": 240, "LIMBA FRANCEZA": 12, "LIMBA RUSA": 5}, "limba_materna": {"LIMBA ROMANA": 257}, "promotie_anterioara": {"NU": 254, "DA": 3}, "materii": {"LIMBA ROMANA": {"medie": 7.264062499999994, "reusita": 98.0544747081712, "cnt": 257}, "GENERAL": {"medie": 7.9218300653594715, "reusita": 94.94163424124513, "cnt": 257}, "LOGICA, ARGUMENTARE SI COMUNICARE": {"medie": 8.24016393442623, "reusita": 96.72131147540983, "cnt": 61}, "GEOGRAFIE": {"medie": 8.251648351648358, "reusita": 99.4535519125683, "cnt": 183}, "PSIHOLOGIE": {"medie": 7.761538461538462, "reusita": 100.0, "cnt": 13}, "MATEMATICA TEHN": {"medie": 8.267254901960781, "reusita": 99.22178988326849, "cnt": 257}}, "nume": "COLEGIUL ECONOMIC ADMINISTRATIV, IASI\tIa\u0219i"}