{"specializari": {"TEHNICIAN IN ACTIVITATI ECONOMICE": 49, "TEHNICIAN IN ACTIVITATI DE COMERT": 28, "TEHNICIAN IN TURISM": 35, "TEHNICIAN IN GASTRONOMIE": 31, "TEHNICIAN IN ADMINISTRATIE": 1}, "limba_moderna": {"LIMBA ENGLEZA": 128, "LIMBA FRANCEZA": 15, "LIMBA RUSA": 1}, "limba_materna": {"LIMBA ROMANA": 144}, "promotie_anterioara": {"NU": 120, "DA": 24}, "materii": {"LIMBA ROMANA": {"medie": 6.398958333333334, "reusita": 92.36111111111111, "cnt": 144}, "GENERAL": {"medie": 6.966666666666663, "reusita": 74.30555555555556, "cnt": 144}, "LOGICA, ARGUMENTARE SI COMUNICARE": {"medie": 8.18, "reusita": 92.3076923076923, "cnt": 65}, "GEOGRAFIE": {"medie": 7.224000000000001, "reusita": 88.1578947368421, "cnt": 76}, "MATEMATICA TEHN": {"medie": 6.792307692307691, "reusita": 86.80555555555556, "cnt": 144}, "ECONOMIE": {"medie": 7.3, "reusita": 100.0, "cnt": 3}}, "nume": "COLEGIUL ECONOMIC \"DELTA DUNARII\" TULCEA\tTulcea"}