{"specializari": {"TEHNICIAN IN TURISM": 24, "TEHNICIAN ECOLOG SI PROTECTIA CALITATII MEDIULUI": 18, "TEHNICIAN MECATRONIST": 14, "TEHNICIAN IN ACTIVITATI ECONOMICE": 1, "TEHNICIAN MECANIC PENTRU INTRETINERE SI REPARATII": 5, "TEHNICIAN IN INDUSTRIA ALIMENTARA": 2, "TEHNICIAN IN AUTOMATIZARI": 1}, "limba_moderna": {"LIMBA ENGLEZA": 63, "LIMBA FRANCEZA": 2}, "limba_materna": {"LIMBA ROMANA": 65}, "promotie_anterioara": {"NU": 46, "DA": 19}, "materii": {"LIMBA ROMANA": {"medie": 5.364516129032258, "reusita": 69.23076923076923, "cnt": 65}, "GENERAL": {"medie": 4.559166666666667, "reusita": 16.923076923076923, "cnt": 65}, "GEOGRAFIE": {"medie": 6.534999999999999, "reusita": 90.47619047619048, "cnt": 21}, "ANATOMIE SI FIZIOLOGIE UMANA, GENETICA SI ECOLOGIE UMANA": {"medie": 3.4343749999999997, "reusita": 11.11111111111111, "cnt": 18}, "BIOLOGIE VEGETALA SI ANIMALA": {"medie": 3.825, "reusita": 33.33333333333333, "cnt": 21}, "ECONOMIE": {"medie": 5.875, "reusita": 75.0, "cnt": 4}, "MATEMATICA TEHN": {"medie": 3.455833333333333, "reusita": 29.230769230769234, "cnt": 65}, "FIZICA TEH": {"medie": 6.9, "reusita": 100.0, "cnt": 1}}, "nume": "COLEGIUL TEHNIC \"GHEORGHE BALS\" ADJUD\tVrancea"}