{"specializari": {"TEHNICIAN IN TURISM": 9, "LICEU CU PROGRAM SPORTIV": 21, "MATEMATICA-INFORMATICA": 10, "TEHNICIAN TRANSPORTURI": 20, "TEHNICIAN OPERATOR TEHNICA DE CALCUL": 3, "STIINTE ALE NATURII": 8, "TEHNICIAN IN HOTELARIE": 17, "TEHNICIAN ELECTRICIAN/ELECTRONIST AUTO": 12}, "limba_moderna": {"LIMBA ENGLEZA": 100}, "limba_materna": {"LIMBA ROMANA": 100}, "promotie_anterioara": {"NU": 44, "DA": 56}, "materii": {"LIMBA ROMANA": {"medie": 5.83939393939394, "reusita": 87.0, "cnt": 100}, "MATEMATICA MATE-INFO": {"medie": 4.5, "reusita": 50.0, "cnt": 10}, "GENERAL": {"medie": 5.692807017543862, "reusita": 38.0, "cnt": 100}, "ISTORIE": {"medie": 6.059523809523808, "reusita": 85.71428571428571, "cnt": 21}, "LOGICA, ARGUMENTARE SI COMUNICARE": {"medie": 6.859999999999999, "reusita": 80.0, "cnt": 5}, "MATEMATICA ST-NAT": {"medie": 5.781249999999999, "reusita": 100.0, "cnt": 8}, "GEOGRAFIE": {"medie": 7.19404761904762, "reusita": 90.47619047619048, "cnt": 42}, "ANATOMIE SI FIZIOLOGIE UMANA, GENETICA SI ECOLOGIE UMANA": {"medie": 3.8, "reusita": 0.0, "cnt": 1}, "BIOLOGIE VEGETALA SI ANIMALA": {"medie": 5.41046511627907, "reusita": 61.36363636363637, "cnt": 44}, "MATEMATICA TEHN": {"medie": 4.8859649122806985, "reusita": 62.295081967213115, "cnt": 61}, "FIZICA TEH": {"medie": 2.02, "reusita": 0.0, "cnt": 6}, "CHIMIE ANORGANICA TEH NIVEL I/II": {"medie": 2.9, "reusita": 0.0, "cnt": 1}, "INFORMATICA MI PASCAL": {"medie": "-", "reusita": 0.0, "cnt": 1}}, "nume": "COLEGIUL TEHNIC \"IULIU MANIU\"\tBucure\u0219ti"}