{"specializari": {"MATEMATICA-INFORMATICA": 29, "FILOLOGIE": 31, "STIINTE ALE NATURII": 30}, "limba_moderna": {"LIMBA ENGLEZA": 90}, "limba_materna": {"LIMBA ROMANA": 90}, "promotie_anterioara": {"NU": 87, "DA": 3}, "materii": {"LIMBA ROMANA": {"medie": 7.3711111111111105, "reusita": 97.77777777777777, "cnt": 90}, "MATEMATICA MATE-INFO": {"medie": 8.744827586206897, "reusita": 100.0, "cnt": 29}, "INFORMATICA MI C/C++": {"medie": 8.4, "reusita": 96.0, "cnt": 25}, "GENERAL": {"medie": 7.723518518518521, "reusita": 93.33333333333333, "cnt": 90}, "ISTORIE": {"medie": 6.73225806451613, "reusita": 93.54838709677419, "cnt": 31}, "LOGICA, ARGUMENTARE SI COMUNICARE": {"medie": 7.952777777777778, "reusita": 94.44444444444444, "cnt": 18}, "GEOGRAFIE": {"medie": 7.977777777777778, "reusita": 100.0, "cnt": 9}, "FIZICA TEO": {"medie": 7.949999999999999, "reusita": 100.0, "cnt": 2}, "CHIMIE ORGANICA TEO NIVEL I/II": {"medie": 9.15, "reusita": 100.0, "cnt": 1}, "MATEMATICA ST-NAT": {"medie": 7.503333333333332, "reusita": 100.0, "cnt": 30}, "SOCIOLOGIE": {"medie": 7.4625, "reusita": 100.0, "cnt": 4}, "ANATOMIE SI FIZIOLOGIE UMANA, GENETICA SI ECOLOGIE UMANA": {"medie": 8.76, "reusita": 100.0, "cnt": 5}, "CHIMIE ANORGANICA TEO NIVEL I/II": {"medie": 7.527272727272727, "reusita": 100.0, "cnt": 11}, "BIOLOGIE VEGETALA SI ANIMALA": {"medie": 8.540000000000001, "reusita": 100.0, "cnt": 15}}, "nume": "COLEGIUL NATIONAL \"DAVID PRODAN\" CUGIR\tAlba"}