{"specializari": {"TEHNICIAN AVIATIE": 46, "TEHNICIAN INSTALATII DE BORD (AVION)": 21, "TEHNICIAN ANALIZE PRODUSE ALIMENTARE": 5, "TEHNICIAN PRELUCRARI MECANICE": 5, "TEHNICIAN PROIECTANT CAD": 6, "TEHNICIAN MECATRONIST": 3, "TEHNICIAN MECANIC PENTRU INTRETINERE SI REPARATII": 1}, "limba_moderna": {"LIMBA ENGLEZA": 82, "LIMBA FRANCEZA": 5}, "limba_materna": {"LIMBA ROMANA": 87}, "promotie_anterioara": {"NU": 61, "DA": 26}, "materii": {"LIMBA ROMANA": {"medie": 6.02674418604651, "reusita": 95.40229885057471, "cnt": 87}, "GENERAL": {"medie": 6.136309523809525, "reusita": 52.87356321839081, "cnt": 87}, "ANATOMIE SI FIZIOLOGIE UMANA, GENETICA SI ECOLOGIE UMANA": {"medie": 5.575, "reusita": 50.0, "cnt": 2}, "BIOLOGIE VEGETALA SI ANIMALA": {"medie": 5.933571428571428, "reusita": 69.86301369863014, "cnt": 73}, "MATEMATICA TEHN": {"medie": 6.425287356321839, "reusita": 91.95402298850574, "cnt": 87}, "FIZICA TEH": {"medie": 5.488888888888889, "reusita": 55.55555555555556, "cnt": 9}, "CHIMIE ANORGANICA TEH NIVEL I/II": {"medie": 6.133333333333333, "reusita": 100.0, "cnt": 3}}, "nume": "COLEGIUL TEHNIC \"TRANSILVANIA\" BRASOV\tBra\u0219ov"}