{"specializari": {"MATEMATICA-INFORMATICA": 56, "STIINTE ALE NATURII": 42, "FILOLOGIE": 28}, "limba_moderna": {"LIMBA ENGLEZA": 126}, "limba_materna": {"LIMBA ROMANA": 110, "LIMBA MAGHIARA": 16}, "promotie_anterioara": {"NU": 121, "DA": 5}, "materii": {"LIMBA ROMANA": {"medie": 8.193253968253972, "reusita": 96.82539682539682, "cnt": 126}, "MATEMATICA MATE-INFO": {"medie": 8.238392857142857, "reusita": 100.0, "cnt": 56}, "INFORMATICA MI C/C++": {"medie": 8.86, "reusita": 100.0, "cnt": 5}, "GENERAL": {"medie": 8.136541005291003, "reusita": 93.65079365079364, "cnt": 126}, "ISTORIE": {"medie": 8.098214285714285, "reusita": 100.0, "cnt": 28}, "LOGICA, ARGUMENTARE SI COMUNICARE": {"medie": 8.095238095238093, "reusita": 100.0, "cnt": 21}, "MATEMATICA ST-NAT": {"medie": 7.673809523809527, "reusita": 90.47619047619048, "cnt": 42}, "FIZICA TEO": {"medie": 9.123913043478263, "reusita": 100.0, "cnt": 23}, "GEOGRAFIE": {"medie": 9.235714285714286, "reusita": 100.0, "cnt": 7}, "ANATOMIE SI FIZIOLOGIE UMANA, GENETICA SI ECOLOGIE UMANA": {"medie": 7.747169811320754, "reusita": 100.0, "cnt": 53}, "CHIMIE ANORGANICA TEO NIVEL I/II": {"medie": 7.136363636363637, "reusita": 100.0, "cnt": 11}, "BIOLOGIE VEGETALA SI ANIMALA": {"medie": 7.566666666666666, "reusita": 100.0, "cnt": 6}, "LIMBA MAGHIARA (REAL)": {"medie": 7.356250000000001, "reusita": 100.0, "cnt": 16}}, "nume": "COLEGIUL NATIONAL \"ANDREI MURESANU\" DEJ\tCluj"}