{"specializari": {"STIINTE ALE NATURII": 31, "FILOLOGIE": 65, "MATEMATICA-INFORMATICA": 29}, "limba_moderna": {"LIMBA ENGLEZA": 118, "LIMBA FRANCEZA": 7}, "limba_materna": {"LIMBA ROMANA": 125}, "promotie_anterioara": {"NU": 117, "DA": 8}, "materii": {"LIMBA ROMANA": {"medie": 7.408000000000001, "reusita": 97.6, "cnt": 125}, "MATEMATICA MATE-INFO": {"medie": 7.655172413793105, "reusita": 100.0, "cnt": 29}, "INFORMATICA MI C/C++": {"medie": 9.137500000000001, "reusita": 100.0, "cnt": 4}, "GENERAL": {"medie": 7.547200000000005, "reusita": 89.60000000000001, "cnt": 125}, "ISTORIE": {"medie": 7.330769230769228, "reusita": 98.46153846153847, "cnt": 65}, "GEOGRAFIE": {"medie": 7.959322033898308, "reusita": 100.0, "cnt": 59}, "FIZICA TEO": {"medie": 7.95, "reusita": 100.0, "cnt": 1}, "MATEMATICA ST-NAT": {"medie": 6.653225806451614, "reusita": 90.32258064516128, "cnt": 31}, "SOCIOLOGIE": {"medie": 8.575000000000001, "reusita": 100.0, "cnt": 6}, "ANATOMIE SI FIZIOLOGIE UMANA, GENETICA SI ECOLOGIE UMANA": {"medie": 7.889090909090908, "reusita": 100.0, "cnt": 55}}, "nume": "COLEGIUL NATIONAL \"OCTAVIAN GOGA\" MARGHITA\tBihor"}