{"specializari": {"MATEMATICA-INFORMATICA": 81, "FILOLOGIE": 39, "STIINTE SOCIALE": 39, "STIINTE ALE NATURII": 29}, "limba_moderna": {"LIMBA GERMANA MODERNA": 7, "LIMBA ENGLEZA": 171, "LIMBA FRANCEZA": 10}, "limba_materna": {"LIMBA ROMANA": 188}, "promotie_anterioara": {"NU": 184, "DA": 4}, "materii": {"LIMBA ROMANA": {"medie": 7.8805405405405375, "reusita": 98.40425531914893, "cnt": 188}, "MATEMATICA MATE-INFO": {"medie": 7.900617283950616, "reusita": 100.0, "cnt": 81}, "INFORMATICA MI C/C++": {"medie": 8.785, "reusita": 100.0, "cnt": 10}, "GENERAL": {"medie": 8.018468468468466, "reusita": 93.61702127659575, "cnt": 188}, "ISTORIE": {"medie": 8.156493506493511, "reusita": 98.71794871794873, "cnt": 78}, "LOGICA, ARGUMENTARE SI COMUNICARE": {"medie": 9.035416666666668, "reusita": 97.95918367346938, "cnt": 49}, "GEOGRAFIE": {"medie": 8.260869565217392, "reusita": 100.0, "cnt": 23}, "FIZICA TEO": {"medie": 8.615517241379308, "reusita": 100.0, "cnt": 29}, "CHIMIE ORGANICA TEO NIVEL I/II": {"medie": 9.505555555555555, "reusita": 100.0, "cnt": 9}, "MATEMATICA ST-NAT": {"medie": 6.360714285714285, "reusita": 82.75862068965517, "cnt": 29}, "PSIHOLOGIE": {"medie": 8.6, "reusita": 100.0, "cnt": 1}, "SOCIOLOGIE": {"medie": 8.190000000000001, "reusita": 100.0, "cnt": 5}, "ANATOMIE SI FIZIOLOGIE UMANA, GENETICA SI ECOLOGIE UMANA": {"medie": 7.531666666666667, "reusita": 91.93548387096774, "cnt": 62}}, "nume": "COLEGIUL NATIONAL \"TRAIAN\"\tMehedin\u021bi"}