{"specializari": {"STIINTE SOCIALE": 56, "STIINTE ALE NATURII": 43, "MATEMATICA-INFORMATICA": 47}, "limba_moderna": {"LIMBA GERMANA MODERNA": 8, "LIMBA ENGLEZA": 137, "LIMBA FRANCEZA": 1}, "limba_materna": {"LIMBA MAGHIARA": 146}, "promotie_anterioara": {"NU": 133, "DA": 13}, "materii": {"LIMBA ROMANA": {"medie": 6.161805555555554, "reusita": 89.04109589041096, "cnt": 146}, "MATEMATICA MATE-INFO": {"medie": 8.0531914893617, "reusita": 97.87234042553192, "cnt": 47}, "INFORMATICA MI C/C++": {"medie": 9.116666666666667, "reusita": 100.0, "cnt": 3}, "GENERAL": {"medie": 7.640885416666667, "reusita": 84.93150684931507, "cnt": 146}, "ISTORIE": {"medie": 8.152678571428574, "reusita": 100.0, "cnt": 56}, "LOGICA, ARGUMENTARE SI COMUNICARE": {"medie": 9.323076923076924, "reusita": 100.0, "cnt": 13}, "GEOGRAFIE": {"medie": 8.259302325581393, "reusita": 100.0, "cnt": 43}, "FIZICA TEO": {"medie": 7.583333333333333, "reusita": 100.0, "cnt": 9}, "CHIMIE ORGANICA TEO NIVEL I/II": {"medie": 9.1, "reusita": 100.0, "cnt": 1}, "MATEMATICA ST-NAT": {"medie": 7.416279069767441, "reusita": 95.34883720930233, "cnt": 43}, "ANATOMIE SI FIZIOLOGIE UMANA, GENETICA SI ECOLOGIE UMANA": {"medie": 8.46442307692308, "reusita": 100.0, "cnt": 52}, "LIMBA MAGHIARA (REAL)": {"medie": 8.275000000000004, "reusita": 100.0, "cnt": 90}, "LIMBA MAGHIARA (UMAN)": {"medie": 7.821428571428571, "reusita": 100.0, "cnt": 56}, "INFORMATICA MI PASCAL": {"medie": 7.929166666666667, "reusita": 95.83333333333334, "cnt": 24}, "INFORMATICA SN PASCAL": {"medie": 7.2, "reusita": 100.0, "cnt": 1}}, "nume": "COLEGIUL NATIONAL \"KOLCSEY FERENC\" SATU MARE\tSatu-Mare"}