{"specializari": {"STIINTE ALE NATURII": 77, "MATEMATICA-INFORMATICA": 57, "FILOLOGIE": 31}, "limba_moderna": {"LIMBA ENGLEZA": 152, "LIMBA GERMANA MODERNA": 1, "LIMBA RUSA": 1, "LIMBA FRANCEZA": 11}, "limba_materna": {"LIMBA ROMANA": 165}, "promotie_anterioara": {"NU": 144, "DA": 21}, "materii": {"LIMBA ROMANA": {"medie": 8.333333333333334, "reusita": 97.57575757575758, "cnt": 165}, "MATEMATICA MATE-INFO": {"medie": 9.053508771929822, "reusita": 100.0, "cnt": 57}, "INFORMATICA MI C/C++": {"medie": 9.469354838709675, "reusita": 100.0, "cnt": 31}, "GENERAL": {"medie": 8.696523517382408, "reusita": 89.6969696969697, "cnt": 165}, "ISTORIE": {"medie": 9.211290322580645, "reusita": 100.0, "cnt": 31}, "LOGICA, ARGUMENTARE SI COMUNICARE": {"medie": 9.413333333333334, "reusita": 100.0, "cnt": 15}, "CHIMIE ORGANICA TEO NIVEL I/II": {"medie": 9.646, "reusita": 100.0, "cnt": 25}, "MATEMATICA ST-NAT": {"medie": 8.14802631578947, "reusita": 83.11688311688312, "cnt": 77}, "FIZICA TEO": {"medie": 9.335, "reusita": 100.0, "cnt": 10}, "GEOGRAFIE": {"medie": 9.228125, "reusita": 100.0, "cnt": 16}, "ANATOMIE SI FIZIOLOGIE UMANA, GENETICA SI ECOLOGIE UMANA": {"medie": 8.452941176470585, "reusita": 88.67924528301887, "cnt": 53}, "CHIMIE ANORGANICA TEO NIVEL I/II": {"medie": 10.0, "reusita": 100.0, "cnt": 1}, "BIOLOGIE VEGETALA SI ANIMALA": {"medie": 6.414285714285714, "reusita": 57.14285714285714, "cnt": 7}, "INFORMATICA SN C/C++": {"medie": 9.385714285714286, "reusita": 100.0, "cnt": 7}}, "nume": "COLEGIUL NATIONAL \"EMIL RACOVITA\", IASI\tIa\u0219i"}