{"specializari": {"TEHNICIAN IN ACTIVITATI ECONOMICE": 288, "TEHNICIAN IN TURISM": 31}, "limba_moderna": {"LIMBA ENGLEZA": 313, "LIMBA FRANCEZA": 1, "LIMBA GERMANA MODERNA": 1, "LIMBA RUSA": 4}, "limba_materna": {"LIMBA ROMANA": 319}, "promotie_anterioara": {"NU": 318, "DA": 1}, "materii": {"LIMBA ROMANA": {"medie": 7.839308176100634, "reusita": 99.37304075235109, "cnt": 319}, "GENERAL": {"medie": 8.485377358490565, "reusita": 98.43260188087774, "cnt": 319}, "LOGICA, ARGUMENTARE SI COMUNICARE": {"medie": 8.695789473684211, "reusita": 96.875, "cnt": 96}, "GEOGRAFIE": {"medie": 8.869900497512441, "reusita": 100.0, "cnt": 201}, "PSIHOLOGIE": {"medie": 8.139285714285714, "reusita": 100.0, "cnt": 14}, "ECONOMIE": {"medie": 7.44375, "reusita": 100.0, "cnt": 8}, "MATEMATICA TEHN": {"medie": 8.866981132075466, "reusita": 99.05956112852664, "cnt": 319}}, "nume": "COLEGIUL ECONOMIC \"V. MADGEARU\"\tBucure\u0219ti"}