{"specializari": {"STIINTE ALE NATURII": 30, "FILOLOGIE": 65, "MATEMATICA-INFORMATICA": 108}, "limba_moderna": {"LIMBA ENGLEZA": 198, "LIMBA FRANCEZA": 4, "LIMBA GERMANA MODERNA": 1}, "limba_materna": {"LIMBA ROMANA": 203}, "promotie_anterioara": {"NU": 201, "DA": 2}, "materii": {"LIMBA ROMANA": {"medie": 8.129802955665028, "reusita": 100.0, "cnt": 203}, "MATEMATICA MATE-INFO": {"medie": 8.399537037037037, "reusita": 100.0, "cnt": 108}, "INFORMATICA MI C/C++": {"medie": 7.9174999999999995, "reusita": 97.5, "cnt": 40}, "GENERAL": {"medie": 8.316336633663363, "reusita": 97.53694581280789, "cnt": 203}, "ISTORIE": {"medie": 8.673846153846156, "reusita": 100.0, "cnt": 65}, "LOGICA, ARGUMENTARE SI COMUNICARE": {"medie": 9.16, "reusita": 100.0, "cnt": 20}, "GEOGRAFIE": {"medie": 8.806818181818182, "reusita": 100.0, "cnt": 22}, "FIZICA TEO": {"medie": 8.414285714285713, "reusita": 100.0, "cnt": 28}, "CHIMIE ORGANICA TEO NIVEL I/II": {"medie": 9.08, "reusita": 100.0, "cnt": 15}, "MATEMATICA ST-NAT": {"medie": 8.343333333333332, "reusita": 100.0, "cnt": 30}, "PSIHOLOGIE": {"medie": 9.349999999999998, "reusita": 100.0, "cnt": 5}, "SOCIOLOGIE": {"medie": 7.530000000000001, "reusita": 100.0, "cnt": 10}, "ANATOMIE SI FIZIOLOGIE UMANA, GENETICA SI ECOLOGIE UMANA": {"medie": 7.9296296296296305, "reusita": 100.0, "cnt": 54}, "BIOLOGIE VEGETALA SI ANIMALA": {"medie": "-", "reusita": 0.0, "cnt": 1}, "ECONOMIE": {"medie": 8.19375, "reusita": 100.0, "cnt": 8}}, "nume": "COLEGIUL NATIONAL \"MIHAI EMINESCU\"\tBucure\u0219ti"}