{"specializari": {"STIINTE ALE NATURII": 22, "TEHNICIAN IN ACTIVITATI ECONOMICE": 28, "TEHNICIAN ECOLOG SI PROTECTIA CALITATII MEDIULUI": 56, "TEHNICIAN IN ACHIZITII SI CONTRACTARI": 2, "TEHNICIAN DESENATOR PENTRU CONSTRUCTII SI INSTALATII": 1, "TEHNICIAN IN INDUSTRIA MATERIALELOR DE CONSTRUCTII": 1, "TEHNICIAN MECANIC PENTRU INTRETINERE SI REPARATII": 2}, "limba_moderna": {"LIMBA ENGLEZA": 99, "LIMBA FRANCEZA": 13}, "limba_materna": {"LIMBA ROMANA": 112}, "promotie_anterioara": {"NU": 99, "DA": 13}, "materii": {"LIMBA ROMANA": {"medie": 6.590990990990993, "reusita": 92.85714285714286, "cnt": 112}, "GENERAL": {"medie": 6.65227272727273, "reusita": 66.96428571428571, "cnt": 112}, "LOGICA, ARGUMENTARE SI COMUNICARE": {"medie": 8.6, "reusita": 100.0, "cnt": 1}, "CHIMIE ORGANICA TEO NIVEL I/II": {"medie": 10.0, "reusita": 100.0, "cnt": 1}, "MATEMATICA ST-NAT": {"medie": 6.735714285714287, "reusita": 77.27272727272727, "cnt": 22}, "FIZICA TEO": {"medie": 7.3, "reusita": 100.0, "cnt": 1}, "GEOGRAFIE": {"medie": 8.28103448275862, "reusita": 100.0, "cnt": 29}, "ANATOMIE SI FIZIOLOGIE UMANA, GENETICA SI ECOLOGIE UMANA": {"medie": 6.375342465753423, "reusita": 78.37837837837837, "cnt": 74}, "BIOLOGIE VEGETALA SI ANIMALA": {"medie": 5.85, "reusita": 100.0, "cnt": 2}, "MATEMATICA TEHN": {"medie": 6.22888888888889, "reusita": 83.33333333333334, "cnt": 90}, "FIZICA TEH": {"medie": 8.3, "reusita": 66.66666666666666, "cnt": 3}, "CHIMIE ANORGANICA TEH NIVEL I/II": {"medie": 5.85, "reusita": 100.0, "cnt": 1}}, "nume": "COLEGIUL TEHNIC \"PETRU PONI\", MUNICIPIUL ROMAN\tNeam\u021b"}