{"specializari": {"STIINTE ALE NATURII": 57, "FILOLOGIE": 119, "STIINTE SOCIALE": 30, "MATEMATICA-INFORMATICA": 92}, "limba_moderna": {"LIMBA ENGLEZA": 293, "LIMBA FRANCEZA": 3, "LIMBA GERMANA MODERNA": 2}, "limba_materna": {"LIMBA ROMANA": 210, "LIMBA MAGHIARA": 88}, "promotie_anterioara": {"NU": 289, "DA": 9}, "materii": {"LIMBA ROMANA": {"medie": 7.695101351351352, "reusita": 94.29530201342283, "cnt": 298}, "MATEMATICA MATE-INFO": {"medie": 7.592934782608695, "reusita": 95.65217391304348, "cnt": 92}, "INFORMATICA MI C/C++": {"medie": 7.798214285714286, "reusita": 98.21428571428571, "cnt": 56}, "GENERAL": {"medie": 8.185374436936938, "reusita": 90.60402684563759, "cnt": 298}, "ISTORIE": {"medie": 8.762162162162163, "reusita": 98.65771812080537, "cnt": 149}, "LOGICA, ARGUMENTARE SI COMUNICARE": {"medie": 9.18141025641026, "reusita": 97.46835443037975, "cnt": 79}, "CHIMIE ORGANICA TEO NIVEL I/II": {"medie": 9.65, "reusita": 100.0, "cnt": 1}, "MATEMATICA ST-NAT": {"medie": 7.7105263157894735, "reusita": 96.49122807017544, "cnt": 57}, "FIZICA TEO": {"medie": 6.858333333333333, "reusita": 83.33333333333334, "cnt": 6}, "GEOGRAFIE": {"medie": 8.421875, "reusita": 100.0, "cnt": 64}, "PSIHOLOGIE": {"medie": 7.725, "reusita": 100.0, "cnt": 2}, "ANATOMIE SI FIZIOLOGIE UMANA, GENETICA SI ECOLOGIE UMANA": {"medie": 8.382352941176475, "reusita": 98.82352941176471, "cnt": 85}, "SOCIOLOGIE": {"medie": 8.975, "reusita": 100.0, "cnt": 4}, "INFORMATICA SN C/C++": {"medie": 7.2, "reusita": 100.0, "cnt": 1}, "LIMBA MAGHIARA (REAL)": {"medie": 7.634426229508197, "reusita": 100.0, "cnt": 61}, "LIMBA MAGHIARA (UMAN)": {"medie": 7.727777777777777, "reusita": 100.0, "cnt": 27}}, "nume": "COLEGIUL NATIONAL \"MIHAI EMINESCU\" ORADEA\tBihor"}