{"specializari": {"TEHNICIAN IN ACTIVITATI ECONOMICE": 93, "TEHNICIAN IN ACTIVITATI DE COMERT": 27, "TEHNICIAN IN TURISM": 29, "TEHNICIAN IN GASTRONOMIE": 27}, "limba_moderna": {"LIMBA ENGLEZA": 176}, "limba_materna": {"LIMBA ROMANA": 176}, "promotie_anterioara": {"NU": 168, "DA": 8}, "materii": {"LIMBA ROMANA": {"medie": 7.51685714285714, "reusita": 98.86363636363636, "cnt": 176}, "GENERAL": {"medie": 8.046743295019162, "reusita": 95.45454545454545, "cnt": 176}, "LOGICA, ARGUMENTARE SI COMUNICARE": {"medie": 8.501333333333333, "reusita": 97.40259740259741, "cnt": 77}, "GEOGRAFIE": {"medie": 8.55376344086022, "reusita": 100.0, "cnt": 93}, "PSIHOLOGIE": {"medie": 8.2, "reusita": 100.0, "cnt": 1}, "MATEMATICA TEHN": {"medie": 8.119252873563218, "reusita": 98.29545454545455, "cnt": 176}, "ECONOMIE": {"medie": 6.380000000000001, "reusita": 100.0, "cnt": 5}}, "nume": "COLEGIUL ECONOMIC \"GEORGE BARITIU\" SIBIU\tSibiu"}