{"specializari": {"INVATATOR - EDUCATOARE": 55, "MATEMATICA-INFORMATICA": 61, "STIINTE SOCIALE": 40, "STIINTE ALE NATURII": 59, "FILOLOGIE": 34}, "limba_moderna": {"LIMBA ENGLEZA": 244, "LIMBA FRANCEZA": 5}, "limba_materna": {"LIMBA ROMANA": 249}, "promotie_anterioara": {"NU": 241, "DA": 8}, "materii": {"LIMBA ROMANA": {"medie": 7.758433734939757, "reusita": 98.79518072289156, "cnt": 249}, "MATEMATICA MATE-INFO": {"medie": 7.531147540983605, "reusita": 100.0, "cnt": 61}, "INFORMATICA MI C/C++": {"medie": 7.169047619047619, "reusita": 85.71428571428571, "cnt": 21}, "GENERAL": {"medie": 7.847590361445782, "reusita": 88.35341365461848, "cnt": 249}, "ISTORIE": {"medie": 7.294594594594592, "reusita": 93.24324324324324, "cnt": 74}, "LOGICA, ARGUMENTARE SI COMUNICARE": {"medie": 8.939108910891088, "reusita": 98.01980198019803, "cnt": 101}, "CHIMIE ORGANICA TEO NIVEL I/II": {"medie": 9.6, "reusita": 100.0, "cnt": 1}, "MATEMATICA ST-NAT": {"medie": 7.395762711864407, "reusita": 94.91525423728814, "cnt": 59}, "FIZICA TEO": {"medie": 6.6695652173913045, "reusita": 78.26086956521739, "cnt": 23}, "GEOGRAFIE": {"medie": 8.059615384615382, "reusita": 100.0, "cnt": 26}, "PSIHOLOGIE": {"medie": 8.25, "reusita": 100.0, "cnt": 2}, "ANATOMIE SI FIZIOLOGIE UMANA, GENETICA SI ECOLOGIE UMANA": {"medie": 7.818253968253968, "reusita": 100.0, "cnt": 63}, "CHIMIE ANORGANICA TEO NIVEL I/II": {"medie": 7.35, "reusita": 100.0, "cnt": 2}, "BIOLOGIE VEGETALA SI ANIMALA": {"medie": 8.9, "reusita": 100.0, "cnt": 1}, "INFORMATICA SN C/C++": {"medie": 5.855555555555556, "reusita": 77.77777777777779, "cnt": 9}, "MATEMATICA PED": {"medie": 8.789999999999997, "reusita": 98.18181818181819, "cnt": 55}}, "nume": "COLEGIUL NATIONAL PEDAGOGIC \"STEFAN CEL MARE\" BACAU\tBac\u0103u"}