{"specializari": {"TEHNICIAN OPERATOR TEHNICA DE CALCUL": 33, "STIINTE SOCIALE": 7, "TEHNICIAN ECOLOG SI PROTECTIA CALITATII MEDIULUI": 28, "TEHNICIAN ANALIZE PRODUSE ALIMENTARE": 27, "TEHNICIAN DESIGNER VESTIMENTAR": 1, "TEHNICIAN DESENATOR PENTRU CONSTRUCTII SI INSTALATII": 1, "TEHNICIAN DE TELECOMUNICATII": 4, "TEHNICIAN IN INDUSTRIA ALIMENTARA": 2}, "limba_moderna": {"LIMBA ENGLEZA": 100, "LIMBA FRANCEZA": 3}, "limba_materna": {"LIMBA ROMANA": 103}, "promotie_anterioara": {"NU": 64, "DA": 39}, "materii": {"LIMBA ROMANA": {"medie": 5.933980582524272, "reusita": 92.23300970873787, "cnt": 103}, "GENERAL": {"medie": 5.970103092783508, "reusita": 39.80582524271845, "cnt": 103}, "ISTORIE": {"medie": 6.857142857142856, "reusita": 85.71428571428571, "cnt": 7}, "LOGICA, ARGUMENTARE SI COMUNICARE": {"medie": 8.05, "reusita": 66.66666666666666, "cnt": 3}, "GEOGRAFIE": {"medie": 7.5375000000000005, "reusita": 100.0, "cnt": 4}, "ANATOMIE SI FIZIOLOGIE UMANA, GENETICA SI ECOLOGIE UMANA": {"medie": 5.611111111111111, "reusita": 68.08510638297872, "cnt": 47}, "BIOLOGIE VEGETALA SI ANIMALA": {"medie": 5.442424242424242, "reusita": 65.71428571428571, "cnt": 35}, "MATEMATICA TEHN": {"medie": 6.185106382978723, "reusita": 84.375, "cnt": 96}, "FIZICA TEH": {"medie": 5.4944444444444445, "reusita": 77.77777777777779, "cnt": 9}, "CHIMIE ORGANICA TEH NIVEL I/II": {"medie": 7.85, "reusita": 100.0, "cnt": 2}, "CHIMIE ANORGANICA TEH NIVEL I/II": {"medie": 5.933333333333333, "reusita": 66.66666666666666, "cnt": 3}}, "nume": "COLEGIUL TEHNIC \"GHEORGHE CARTIANU\", MUNICIPIUL PIATRA-NEAMT\tNeam\u021b"}