{"specializari": {"FILOLOGIE": 62, "MATEMATICA-INFORMATICA": 96, "STIINTE ALE NATURII": 54, "STIINTE SOCIALE": 33}, "limba_moderna": {"LIMBA ENGLEZA": 230, "LIMBA JAPONEZA": 7, "LIMBA FRANCEZA": 8}, "limba_materna": {"LIMBA ROMANA": 245}, "promotie_anterioara": {"NU": 244, "DA": 1}, "materii": {"LIMBA ROMANA": {"medie": 8.368163265306125, "reusita": 100.0, "cnt": 245}, "MATEMATICA MATE-INFO": {"medie": 8.834375000000003, "reusita": 100.0, "cnt": 96}, "INFORMATICA MI C/C++": {"medie": 8.68448275862069, "reusita": 100.0, "cnt": 29}, "GENERAL": {"medie": 8.724761904761909, "reusita": 100.0, "cnt": 245}, "ISTORIE": {"medie": 8.824736842105262, "reusita": 100.0, "cnt": 95}, "LOGICA, ARGUMENTARE SI COMUNICARE": {"medie": 9.039393939393939, "reusita": 100.0, "cnt": 33}, "GEOGRAFIE": {"medie": 9.235714285714284, "reusita": 100.0, "cnt": 21}, "FIZICA TEO": {"medie": 8.915094339622641, "reusita": 100.0, "cnt": 53}, "CHIMIE ORGANICA TEO NIVEL I/II": {"medie": 9.37291666666667, "reusita": 100.0, "cnt": 24}, "MATEMATICA ST-NAT": {"medie": 9.250925925925923, "reusita": 100.0, "cnt": 54}, "PSIHOLOGIE": {"medie": 9.018181818181818, "reusita": 100.0, "cnt": 11}, "SOCIOLOGIE": {"medie": 8.310526315789476, "reusita": 100.0, "cnt": 19}, "ANATOMIE SI FIZIOLOGIE UMANA, GENETICA SI ECOLOGIE UMANA": {"medie": 8.539062500000002, "reusita": 100.0, "cnt": 32}, "BIOLOGIE VEGETALA SI ANIMALA": {"medie": 9.266666666666667, "reusita": 100.0, "cnt": 9}, "INFORMATICA SN C/C++": {"medie": 8.3, "reusita": 100.0, "cnt": 3}, "FILOSOFIE": {"medie": 9.533333333333333, "reusita": 100.0, "cnt": 3}, "ECONOMIE": {"medie": 8.4625, "reusita": 100.0, "cnt": 8}}, "nume": "COLEGIUL NATIONAL \"ION CREANGA\"\tBucure\u0219ti"}