{"specializari": {"COAFOR STILIST": 29, "TEHNICIAN IN GASTRONOMIE": 26, "TEHNICIAN IN ACTIVITATI ECONOMICE": 22}, "limba_moderna": {"LIMBA ENGLEZA": 74, "LIMBA FRANCEZA": 3}, "limba_materna": {"LIMBA ROMANA": 77}, "promotie_anterioara": {"NU": 67, "DA": 10}, "materii": {"LIMBA ROMANA": {"medie": 5.6546052631578965, "reusita": 80.51948051948052, "cnt": 77}, "GENERAL": {"medie": 6.202546296296298, "reusita": 49.35064935064935, "cnt": 77}, "GEOGRAFIE": {"medie": 7.180405405405403, "reusita": 87.01298701298701, "cnt": 77}, "MATEMATICA TEHN": {"medie": 5.561486486486487, "reusita": 68.83116883116884, "cnt": 77}}, "nume": "COLEGIUL TEHNIC \"ION HOLBAN\", IASI\tIa\u0219i"}