{"specializari": {"INVATATOR - EDUCATOARE": 61, "MATEMATICA-INFORMATICA": 27, "EDUCATOR-PUERICULTOR": 27, "STIINTE ALE NATURII": 31, "FILOLOGIE": 33}, "limba_moderna": {"LIMBA ENGLEZA": 147, "LIMBA GERMANA MODERNA": 13, "LIMBA FRANCEZA": 4, "LIMBA SPANIOLA": 14, "LIMBA ITALIANA": 1}, "limba_materna": {"LIMBA ROMANA": 179}, "promotie_anterioara": {"NU": 179}, "materii": {"LIMBA ROMANA": {"medie": 8.662849162011172, "reusita": 100.0, "cnt": 179}, "MATEMATICA MATE-INFO": {"medie": 8.97962962962963, "reusita": 100.0, "cnt": 27}, "INFORMATICA MI C/C++": {"medie": 8.616666666666665, "reusita": 100.0, "cnt": 3}, "GENERAL": {"medie": 8.761359404096835, "reusita": 98.88268156424581, "cnt": 179}, "ISTORIE": {"medie": 8.041666666666668, "reusita": 100.0, "cnt": 60}, "LOGICA, ARGUMENTARE SI COMUNICARE": {"medie": 9.026, "reusita": 100.0, "cnt": 100}, "GEOGRAFIE": {"medie": 9.268181818181818, "reusita": 100.0, "cnt": 11}, "FIZICA TEO": {"medie": 8.402499999999998, "reusita": 100.0, "cnt": 20}, "CHIMIE ORGANICA TEO NIVEL I/II": {"medie": 9.209090909090907, "reusita": 100.0, "cnt": 11}, "MATEMATICA ST-NAT": {"medie": 8.648387096774194, "reusita": 100.0, "cnt": 31}, "PSIHOLOGIE": {"medie": 9.34375, "reusita": 100.0, "cnt": 8}, "SOCIOLOGIE": {"medie": 7.300000000000001, "reusita": 100.0, "cnt": 2}, "ANATOMIE SI FIZIOLOGIE UMANA, GENETICA SI ECOLOGIE UMANA": {"medie": 8.636666666666667, "reusita": 100.0, "cnt": 15}, "BIOLOGIE VEGETALA SI ANIMALA": {"medie": 9.2, "reusita": 100.0, "cnt": 4}, "MATEMATICA PED": {"medie": 9.21803278688525, "reusita": 98.36065573770492, "cnt": 61}, "INFORMATICA SN C/C++": {"medie": 8.68, "reusita": 100.0, "cnt": 5}}, "nume": "COLEGIUL NATIONAL PEDAGOGIC \"REGINA MARIA\", MUNICIPIUL PLOIESTI\tPrahova"}