{"specializari": {"STIINTE SOCIALE": 66, "MATEMATICA-INFORMATICA": 87, "STIINTE ALE NATURII": 28}, "limba_moderna": {"LIMBA ENGLEZA": 166, "LIMBA SPANIOLA": 6, "LIMBA GERMANA MODERNA": 7, "LIMBA FRANCEZA": 2}, "limba_materna": {"LIMBA ROMANA": 181}, "promotie_anterioara": {"NU": 180, "DA": 1}, "materii": {"LIMBA ROMANA": {"medie": 8.569722222222223, "reusita": 99.4475138121547, "cnt": 181}, "MATEMATICA MATE-INFO": {"medie": 8.939080459770116, "reusita": 100.0, "cnt": 87}, "INFORMATICA MI C/C++": {"medie": 8.823076923076924, "reusita": 100.0, "cnt": 39}, "GENERAL": {"medie": 8.872625698324027, "reusita": 97.79005524861878, "cnt": 181}, "ISTORIE": {"medie": 9.267187500000004, "reusita": 96.96969696969697, "cnt": 66}, "LOGICA, ARGUMENTARE SI COMUNICARE": {"medie": 9.120754716981132, "reusita": 96.29629629629629, "cnt": 54}, "CHIMIE ORGANICA TEO NIVEL I/II": {"medie": 9.491666666666669, "reusita": 100.0, "cnt": 12}, "MATEMATICA ST-NAT": {"medie": 8.935714285714285, "reusita": 100.0, "cnt": 28}, "FIZICA TEO": {"medie": 8.967857142857145, "reusita": 100.0, "cnt": 14}, "GEOGRAFIE": {"medie": 9.274999999999999, "reusita": 100.0, "cnt": 4}, "PSIHOLOGIE": {"medie": 9.341666666666667, "reusita": 100.0, "cnt": 6}, "ANATOMIE SI FIZIOLOGIE UMANA, GENETICA SI ECOLOGIE UMANA": {"medie": 8.96046511627907, "reusita": 100.0, "cnt": 43}, "CHIMIE ANORGANICA TEO NIVEL I/II": {"medie": 7.925000000000001, "reusita": 100.0, "cnt": 4}, "INFORMATICA SN C/C++": {"medie": 5.866666666666667, "reusita": 66.66666666666666, "cnt": 3}, "FILOSOFIE": {"medie": 9.3, "reusita": 100.0, "cnt": 1}, "ECONOMIE": {"medie": 8.6, "reusita": 100.0, "cnt": 1}}, "nume": "COLEGIUL NATIONAL \"FERDINAND I\" BACAU\tBac\u0103u"}