{"specializari": {"TEHNICIAN OPERATOR TEHNICA DE CALCUL": 27, "FILOLOGIE": 28, "TEHNICIAN IN ACTIVITATI DE COMERT": 5, "TEHNICIAN IN INDUSTRIA PIELARIEI": 1, "MATEMATICA-INFORMATICA": 1}, "limba_moderna": {"LIMBA ENGLEZA": 59, "LIMBA GERMANA MODERNA": 3}, "limba_materna": {"LIMBA ROMANA": 62}, "promotie_anterioara": {"NU": 53, "DA": 9}, "materii": {"LIMBA ROMANA": {"medie": 6.656451612903225, "reusita": 88.70967741935483, "cnt": 62}, "MATEMATICA MATE-INFO": {"medie": "-", "reusita": 0.0, "cnt": 1}, "GENERAL": {"medie": 6.895901639344261, "reusita": 61.29032258064516, "cnt": 62}, "ISTORIE": {"medie": 6.692857142857143, "reusita": 82.14285714285714, "cnt": 28}, "LOGICA, ARGUMENTARE SI COMUNICARE": {"medie": 8.85, "reusita": 100.0, "cnt": 1}, "GEOGRAFIE": {"medie": 7.424193548387097, "reusita": 96.7741935483871, "cnt": 31}, "PSIHOLOGIE": {"medie": 9.25, "reusita": 100.0, "cnt": 1}, "ANATOMIE SI FIZIOLOGIE UMANA, GENETICA SI ECOLOGIE UMANA": {"medie": "-", "reusita": 0.0, "cnt": 1}, "BIOLOGIE VEGETALA SI ANIMALA": {"medie": 5.81, "reusita": 66.66666666666666, "cnt": 15}, "MATEMATICA TEHN": {"medie": 6.959090909090911, "reusita": 78.78787878787878, "cnt": 33}, "FIZICA TEH": {"medie": 8.042307692307691, "reusita": 84.61538461538461, "cnt": 13}}, "nume": "COLEGIUL TEHNIC \"AUGUST TREBONIU LAURIAN\" AGNITA\tSibiu"}