{"specializari": {"MATEMATICA-INFORMATICA": 77, "STIINTE ALE NATURII": 32, "STIINTE SOCIALE": 34}, "limba_moderna": {"LIMBA ENGLEZA": 143}, "limba_materna": {"LIMBA ROMANA": 143}, "promotie_anterioara": {"NU": 141, "DA": 2}, "materii": {"LIMBA ROMANA": {"medie": 7.820279720279719, "reusita": 98.6013986013986, "cnt": 143}, "MATEMATICA MATE-INFO": {"medie": 8.30974025974026, "reusita": 100.0, "cnt": 77}, "INFORMATICA MI C/C++": {"medie": 8.216666666666669, "reusita": 95.83333333333334, "cnt": 24}, "GENERAL": {"medie": 8.274592074592071, "reusita": 95.8041958041958, "cnt": 143}, "ISTORIE": {"medie": 8.573529411764705, "reusita": 100.0, "cnt": 34}, "LOGICA, ARGUMENTARE SI COMUNICARE": {"medie": 9.07058823529412, "reusita": 100.0, "cnt": 17}, "CHIMIE ORGANICA TEO NIVEL I/II": {"medie": 8.59318181818182, "reusita": 100.0, "cnt": 22}, "MATEMATICA ST-NAT": {"medie": 8.290625, "reusita": 100.0, "cnt": 32}, "FIZICA TEO": {"medie": 8.744444444444445, "reusita": 100.0, "cnt": 9}, "GEOGRAFIE": {"medie": 8.617857142857144, "reusita": 100.0, "cnt": 14}, "PSIHOLOGIE": {"medie": 8.55, "reusita": 100.0, "cnt": 1}, "ANATOMIE SI FIZIOLOGIE UMANA, GENETICA SI ECOLOGIE UMANA": {"medie": 8.677499999999998, "reusita": 100.0, "cnt": 20}, "CHIMIE ANORGANICA TEO NIVEL I/II": {"medie": 8.3, "reusita": 100.0, "cnt": 1}, "BIOLOGIE VEGETALA SI ANIMALA": {"medie": 8.766666666666671, "reusita": 96.96969696969697, "cnt": 33}, "SOCIOLOGIE": {"medie": 7.675, "reusita": 100.0, "cnt": 2}}, "nume": "COLEGIUL NATIONAL \"RADU NEGRU\" FAGARAS\tBra\u0219ov"}