{"specializari": {"INVATATOR - EDUCATOARE": 28, "MATEMATICA-INFORMATICA": 31, "FILOLOGIE": 30, "STIINTE ALE NATURII": 32}, "limba_moderna": {"LIMBA ENGLEZA": 117, "LIMBA GERMANA MODERNA": 3, "LIMBA FRANCEZA": 1}, "limba_materna": {"LIMBA ROMANA": 121}, "promotie_anterioara": {"NU": 110, "DA": 11}, "materii": {"LIMBA ROMANA": {"medie": 7.273553719008267, "reusita": 100.0, "cnt": 121}, "MATEMATICA MATE-INFO": {"medie": 6.814516129032258, "reusita": 87.09677419354838, "cnt": 31}, "INFORMATICA MI C/C++": {"medie": 7.705555555555557, "reusita": 100.0, "cnt": 9}, "GENERAL": {"medie": 7.447222222222221, "reusita": 81.81818181818183, "cnt": 121}, "ISTORIE": {"medie": 8.171666666666667, "reusita": 100.0, "cnt": 30}, "LOGICA, ARGUMENTARE SI COMUNICARE": {"medie": 8.825862068965519, "reusita": 100.0, "cnt": 58}, "CHIMIE ORGANICA TEO NIVEL I/II": {"medie": 9.55, "reusita": 100.0, "cnt": 2}, "MATEMATICA ST-NAT": {"medie": 5.545161290322579, "reusita": 71.875, "cnt": 32}, "FIZICA TEO": {"medie": 8.6, "reusita": 100.0, "cnt": 1}, "ANATOMIE SI FIZIOLOGIE UMANA, GENETICA SI ECOLOGIE UMANA": {"medie": 7.2620000000000005, "reusita": 98.0, "cnt": 50}, "BIOLOGIE VEGETALA SI ANIMALA": {"medie": 6.75, "reusita": 100.0, "cnt": 1}, "MATEMATICA PED": {"medie": 7.303571428571429, "reusita": 89.28571428571429, "cnt": 28}}, "nume": "COLEGIUL NATIONAL \"C.D. LOGA\" CARANSEBES\tCara\u0219-Severin"}