{"specializari": {"FILOLOGIE": 39, "STIINTE ALE NATURII": 88, "MATEMATICA-INFORMATICA": 91}, "limba_moderna": {"LIMBA ENGLEZA": 211, "LIMBA FRANCEZA": 7}, "limba_materna": {"LIMBA ROMANA": 218}, "promotie_anterioara": {"NU": 205, "DA": 13}, "materii": {"LIMBA ROMANA": {"medie": 7.974651162790702, "reusita": 98.62385321100918, "cnt": 218}, "MATEMATICA MATE-INFO": {"medie": 7.976404494382019, "reusita": 95.6043956043956, "cnt": 91}, "INFORMATICA MI C/C++": {"medie": 8.216666666666667, "reusita": 96.15384615384616, "cnt": 52}, "GENERAL": {"medie": 8.064241001564943, "reusita": 93.11926605504587, "cnt": 218}, "ISTORIE": {"medie": 8.70897435897436, "reusita": 100.0, "cnt": 39}, "LOGICA, ARGUMENTARE SI COMUNICARE": {"medie": 8.294444444444444, "reusita": 100.0, "cnt": 9}, "CHIMIE ORGANICA TEO NIVEL I/II": {"medie": 9.325, "reusita": 100.0, "cnt": 2}, "MATEMATICA ST-NAT": {"medie": 7.4660919540229935, "reusita": 93.18181818181817, "cnt": 88}, "FIZICA TEO": {"medie": 7.416666666666667, "reusita": 100.0, "cnt": 3}, "GEOGRAFIE": {"medie": 8.525, "reusita": 96.42857142857143, "cnt": 28}, "PSIHOLOGIE": {"medie": 8.95, "reusita": 100.0, "cnt": 2}, "ANATOMIE SI FIZIOLOGIE UMANA, GENETICA SI ECOLOGIE UMANA": {"medie": 8.258050847457627, "reusita": 98.33333333333333, "cnt": 120}, "INFORMATICA SN C/C++": {"medie": 8.024999999999999, "reusita": 100.0, "cnt": 2}}, "nume": "COLEGIUL NATIONAL DE INFORMATICA \"SPIRU HARET\" SUCEAVA\tSuceava"}