{"specializari": {"FILOLOGIE": 30, "STIINTE ALE NATURII": 29, "MATEMATICA-INFORMATICA": 85}, "limba_moderna": {"LIMBA ENGLEZA": 139, "LIMBA FRANCEZA": 4, "LIMBA GERMANA MODERNA": 1}, "limba_materna": {"LIMBA ROMANA": 144}, "promotie_anterioara": {"NU": 144}, "materii": {"LIMBA ROMANA": {"medie": 8.89756944444445, "reusita": 100.0, "cnt": 144}, "MATEMATICA MATE-INFO": {"medie": 9.342941176470585, "reusita": 100.0, "cnt": 85}, "INFORMATICA MI C/C++": {"medie": 9.471153846153847, "reusita": 100.0, "cnt": 26}, "GENERAL": {"medie": 9.292129629629622, "reusita": 100.0, "cnt": 144}, "ISTORIE": {"medie": 9.51, "reusita": 100.0, "cnt": 30}, "LOGICA, ARGUMENTARE SI COMUNICARE": {"medie": 9.78, "reusita": 100.0, "cnt": 5}, "CHIMIE ORGANICA TEO NIVEL I/II": {"medie": 9.761111111111113, "reusita": 100.0, "cnt": 18}, "MATEMATICA ST-NAT": {"medie": 9.708620689655175, "reusita": 100.0, "cnt": 29}, "FIZICA TEO": {"medie": 9.684146341463414, "reusita": 100.0, "cnt": 41}, "GEOGRAFIE": {"medie": 9.342857142857145, "reusita": 100.0, "cnt": 21}, "ANATOMIE SI FIZIOLOGIE UMANA, GENETICA SI ECOLOGIE UMANA": {"medie": 9.26896551724138, "reusita": 100.0, "cnt": 29}, "SOCIOLOGIE": {"medie": 9.683333333333334, "reusita": 100.0, "cnt": 3}, "FILOSOFIE": {"medie": 10.0, "reusita": 100.0, "cnt": 1}}, "nume": "COLEGIUL NATIONAL, IASI\tIa\u0219i"}