{"specializari": {"FILOLOGIE": 34, "STIINTE ALE NATURII": 63, "MATEMATICA-INFORMATICA": 122, "STIINTE SOCIALE": 34}, "limba_moderna": {"LIMBA ENGLEZA": 215, "LIMBA FRANCEZA": 36, "LIMBA GERMANA MODERNA": 2}, "limba_materna": {"LIMBA ROMANA": 253}, "promotie_anterioara": {"NU": 252, "DA": 1}, "materii": {"LIMBA ROMANA": {"medie": 7.919762845849799, "reusita": 99.60474308300395, "cnt": 253}, "MATEMATICA MATE-INFO": {"medie": 8.348360655737705, "reusita": 99.18032786885246, "cnt": 122}, "INFORMATICA MI C/C++": {"medie": 8.904838709677414, "reusita": 100.0, "cnt": 62}, "GENERAL": {"medie": 8.366073781291169, "reusita": 98.02371541501977, "cnt": 253}, "ISTORIE": {"medie": 8.332352941176469, "reusita": 100.0, "cnt": 68}, "LOGICA, ARGUMENTARE SI COMUNICARE": {"medie": 9.240178571428572, "reusita": 100.0, "cnt": 56}, "GEOGRAFIE": {"medie": 8.183333333333334, "reusita": 100.0, "cnt": 3}, "FIZICA TEO": {"medie": 8.548275862068968, "reusita": 100.0, "cnt": 29}, "CHIMIE ORGANICA TEO NIVEL I/II": {"medie": 9.353846153846154, "reusita": 100.0, "cnt": 13}, "MATEMATICA ST-NAT": {"medie": 8.406349206349203, "reusita": 100.0, "cnt": 63}, "PSIHOLOGIE": {"medie": 8.066666666666666, "reusita": 100.0, "cnt": 3}, "SOCIOLOGIE": {"medie": 10.0, "reusita": 100.0, "cnt": 4}, "ANATOMIE SI FIZIOLOGIE UMANA, GENETICA SI ECOLOGIE UMANA": {"medie": 8.503205128205128, "reusita": 98.71794871794873, "cnt": 78}, "BIOLOGIE VEGETALA SI ANIMALA": {"medie": 3.1, "reusita": 0.0, "cnt": 1}, "INFORMATICA SN C/C++": {"medie": 9.3, "reusita": 100.0, "cnt": 2}, "ECONOMIE": {"medie": 9.35, "reusita": 100.0, "cnt": 2}}, "nume": "COLEGIUL NATIONAL \"ALEXANDRU ODOBESCU\" PITESTI\tArge\u0219"}