{"specializari": {"TEHNICIAN ELECTRICIAN/ELECTRONIST AUTO": 35, "TEHNICIAN TRANSPORTURI": 21, "TEHNICIAN MECANIC PENTRU INTRETINERE SI REPARATII": 9, "TEHNICIAN ELECTROMECANIC": 1, "TEHNICIAN IN AUTOMATIZARI": 1, "TEHNICIAN OPERATOR TEHNICA DE CALCUL": 9, "TEHNICIAN OPERATORI ROBOTI INDUSTRIALI": 1}, "limba_moderna": {"LIMBA ENGLEZA": 76, "LIMBA FRANCEZA": 1}, "limba_materna": {"LIMBA ROMANA": 67, "LIMBA MAGHIARA": 10}, "promotie_anterioara": {"NU": 48, "DA": 29}, "materii": {"LIMBA ROMANA": {"medie": 5.3689189189189195, "reusita": 77.92207792207793, "cnt": 77}, "GENERAL": {"medie": 5.3048611111111095, "reusita": 27.27272727272727, "cnt": 77}, "BIOLOGIE VEGETALA SI ANIMALA": {"medie": 5.135820895522388, "reusita": 52.85714285714286, "cnt": 70}, "MATEMATICA TEHN": {"medie": 5.2905405405405395, "reusita": 64.93506493506493, "cnt": 77}, "FIZICA TEH": {"medie": 5.125, "reusita": 50.0, "cnt": 2}, "LIMBA MAGHIARA (REAL)": {"medie": 4.894444444444445, "reusita": 40.0, "cnt": 10}, "CHIMIE ANORGANICA TEH NIVEL I/II": {"medie": 5.96, "reusita": 100.0, "cnt": 5}}, "nume": "COLEGIUL TEHNIC DE TRANSPORTURI \"TRANSILVANIA\" CLUJ-NAPOCA\tCluj"}