{"specializari": {"LICEU CU PROGRAM SPORTIV": 33, "TEHNICIAN MECATRONIST": 7, "TEHNICIAN IN AUTOMATIZARI": 10, "TEHNICIAN OPERATOR TEHNICA DE CALCUL": 30, "MATEMATICA-INFORMATICA": 2, "TEHNICIAN ELECTRONIST": 2, "TEHNICIAN ELECTROTEHNIST": 1}, "limba_moderna": {"LIMBA ENGLEZA": 84, "LIMBA FRANCEZA": 1}, "limba_materna": {"LIMBA ROMANA": 85}, "promotie_anterioara": {"NU": 56, "DA": 29}, "materii": {"LIMBA ROMANA": {"medie": 4.373943661971832, "reusita": 31.76470588235294, "cnt": 85}, "MATEMATICA MATE-INFO": {"medie": 3.025, "reusita": 50.0, "cnt": 2}, "GENERAL": {"medie": 4.421890547263682, "reusita": 15.294117647058824, "cnt": 85}, "ISTORIE": {"medie": 5.698214285714287, "reusita": 57.57575757575758, "cnt": 33}, "LOGICA, ARGUMENTARE SI COMUNICARE": {"medie": 5.82, "reusita": 54.54545454545454, "cnt": 11}, "GEOGRAFIE": {"medie": 5.927777777777777, "reusita": 63.63636363636363, "cnt": 22}, "BIOLOGIE VEGETALA SI ANIMALA": {"medie": 3.4853658536585352, "reusita": 18.0, "cnt": 50}, "MATEMATICA TEHN": {"medie": 3.624999999999999, "reusita": 36.0, "cnt": 50}, "FIZICA TEH": {"medie": 5.199999999999999, "reusita": 50.0, "cnt": 2}}, "nume": "COLEGIUL TEHNIC \"EDMOND NICOLAU\"\tBucure\u0219ti"}