{"specializari": {"STIINTE SOCIALE": 26, "STIINTE ALE NATURII": 9, "TEHNICIAN IN ACHIZITII SI CONTRACTARI": 17, "TEHNICIAN IN TURISM": 24, "TEHNICIAN IN GASTRONOMIE": 11, "ORGANIZATOR BANQUETING": 6, "TEHNICIAN TRANSPORTURI": 9, "TEHNICIAN IN HOTELARIE": 6, "MATEMATICA-INFORMATICA": 10, "TEHNICIAN PRELUCRARI MECANICE": 1}, "limba_moderna": {"LIMBA ENGLEZA": 119}, "limba_materna": {"LIMBA ROMANA": 119}, "promotie_anterioara": {"NU": 77, "DA": 42}, "materii": {"LIMBA ROMANA": {"medie": 5.88135593220339, "reusita": 89.91596638655463, "cnt": 119}, "MATEMATICA MATE-INFO": {"medie": 3.775, "reusita": 40.0, "cnt": 10}, "INFORMATICA MI C/C++": {"medie": 6.6, "reusita": 100.0, "cnt": 1}, "GENERAL": {"medie": 6.178591954022985, "reusita": 57.98319327731093, "cnt": 119}, "ISTORIE": {"medie": 7.5076923076923086, "reusita": 100.0, "cnt": 26}, "LOGICA, ARGUMENTARE SI COMUNICARE": {"medie": 2.8, "reusita": 0.0, "cnt": 2}, "GEOGRAFIE": {"medie": 7.664864864864866, "reusita": 94.66666666666667, "cnt": 75}, "CHIMIE ORGANICA TEO NIVEL I/II": {"medie": "-", "reusita": 0.0, "cnt": 1}, "MATEMATICA ST-NAT": {"medie": 6.283333333333334, "reusita": 88.88888888888889, "cnt": 9}, "PSIHOLOGIE": {"medie": 7.095833333333334, "reusita": 100.0, "cnt": 12}, "SOCIOLOGIE": {"medie": 5.75, "reusita": 100.0, "cnt": 1}, "ANATOMIE SI FIZIOLOGIE UMANA, GENETICA SI ECOLOGIE UMANA": {"medie": 6.303333333333334, "reusita": 86.66666666666667, "cnt": 15}, "BIOLOGIE VEGETALA SI ANIMALA": {"medie": 5.4399999999999995, "reusita": 63.63636363636363, "cnt": 11}, "MATEMATICA TEHN": {"medie": 5.016666666666668, "reusita": 66.21621621621621, "cnt": 74}, "CHIMIE ANORGANICA TEH NIVEL I/II": {"medie": 1.85, "reusita": 0.0, "cnt": 1}}, "nume": "COLEGIUL TEHNOLOGIC \"GRIGORE CERCHEZ\"\tBucure\u0219ti"}