{"specializari": {"STIINTE SOCIALE": 31, "STIINTE ALE NATURII": 33, "FILOLOGIE": 32, "MATEMATICA-INFORMATICA": 50}, "limba_moderna": {"LIMBA ENGLEZA": 145, "LIMBA FRANCEZA": 1}, "limba_materna": {"LIMBA ROMANA": 146}, "promotie_anterioara": {"NU": 144, "DA": 2}, "materii": {"LIMBA ROMANA": {"medie": 8.094137931034476, "reusita": 99.31506849315068, "cnt": 146}, "MATEMATICA MATE-INFO": {"medie": 7.645918367346937, "reusita": 96.0, "cnt": 50}, "INFORMATICA MI C/C++": {"medie": 8.46875, "reusita": 100.0, "cnt": 8}, "GENERAL": {"medie": 8.245138888888889, "reusita": 95.2054794520548, "cnt": 146}, "ISTORIE": {"medie": 7.842857142857144, "reusita": 98.4126984126984, "cnt": 63}, "LOGICA, ARGUMENTARE SI COMUNICARE": {"medie": 8.878301886792453, "reusita": 98.14814814814815, "cnt": 54}, "GEOGRAFIE": {"medie": 8.407142857142857, "reusita": 100.0, "cnt": 7}, "FIZICA TEO": {"medie": 9.1, "reusita": 100.0, "cnt": 18}, "CHIMIE ORGANICA TEO NIVEL I/II": {"medie": 7.275, "reusita": 100.0, "cnt": 2}, "MATEMATICA ST-NAT": {"medie": 9.177272727272728, "reusita": 100.0, "cnt": 33}, "PSIHOLOGIE": {"medie": 7.875, "reusita": 100.0, "cnt": 2}, "ANATOMIE SI FIZIOLOGIE UMANA, GENETICA SI ECOLOGIE UMANA": {"medie": 8.065454545454545, "reusita": 100.0, "cnt": 55}}, "nume": "COLEGIUL DOBROGEAN \"SPIRU HARET\" TULCEA\tTulcea"}