{"specializari": {"STIINTE SOCIALE": 26, "STIINTE ALE NATURII": 9, "TEHNICIAN IN ACHIZITII SI CONTRACTARI": 17, "TEHNICIAN IN TURISM": 24, "TEHNICIAN IN GASTRONOMIE": 11, "ORGANIZATOR BANQUETING": 6, "TEHNICIAN TRANSPORTURI": 9, "TEHNICIAN IN HOTELARIE": 6, "MATEMATICA-INFORMATICA": 10, "TEHNICIAN PRELUCRARI MECANICE": 1}, "limba_moderna": {"LIMBA ENGLEZA": 119}, "limba_materna": {"LIMBA ROMANA": 119}, "promotie_anterioara": {"NU": 77, "DA": 42}, "materii": {"LIMBA ROMANA": {"medie": 5.834322033898306, "reusita": 84.03361344537815, "cnt": 119}, "MATEMATICA MATE-INFO": {"medie": 3.7699999999999996, "reusita": 40.0, "cnt": 10}, "INFORMATICA MI C/C++": {"medie": 6.6, "reusita": 100.0, "cnt": 1}, "GENERAL": {"medie": 6.154597701149422, "reusita": 51.26050420168067, "cnt": 119}, "ISTORIE": {"medie": 7.5076923076923086, "reusita": 100.0, "cnt": 26}, "LOGICA, ARGUMENTARE SI COMUNICARE": {"medie": 2.8, "reusita": 0.0, "cnt": 2}, "CHIMIE ORGANICA TEO NIVEL I/II": {"medie": "-", "reusita": 0.0, "cnt": 1}, "MATEMATICA ST-NAT": {"medie": 6.355555555555556, "reusita": 88.88888888888889, "cnt": 9}, "GEOGRAFIE": {"medie": 7.670270270270269, "reusita": 94.66666666666667, "cnt": 75}, "PSIHOLOGIE": {"medie": 6.933333333333334, "reusita": 91.66666666666666, "cnt": 12}, "ANATOMIE SI FIZIOLOGIE UMANA, GENETICA SI ECOLOGIE UMANA": {"medie": 6.1800000000000015, "reusita": 86.66666666666667, "cnt": 15}, "BIOLOGIE VEGETALA SI ANIMALA": {"medie": 5.405, "reusita": 63.63636363636363, "cnt": 11}, "SOCIOLOGIE": {"medie": 5.75, "reusita": 100.0, "cnt": 1}, "MATEMATICA TEHN": {"medie": 5.021527777777781, "reusita": 62.16216216216216, "cnt": 74}, "CHIMIE ANORGANICA TEH NIVEL I/II": {"medie": 1.85, "reusita": 0.0, "cnt": 1}}, "nume": "COLEGIUL TEHNOLOGIC \"GRIGORE CERCHEZ\"\tBucure\u0219ti"}