{"specializari": {"MATEMATICA-INFORMATICA": 42, "STIINTE SOCIALE": 62, "STIINTE ALE NATURII": 59, "FILOLOGIE": 32}, "limba_moderna": {"LIMBA ENGLEZA": 185, "LIMBA FRANCEZA": 10}, "limba_materna": {"LIMBA ROMANA": 195}, "promotie_anterioara": {"NU": 195}, "materii": {"LIMBA ROMANA": {"medie": 7.892051282051276, "reusita": 98.46153846153847, "cnt": 195}, "MATEMATICA MATE-INFO": {"medie": 8.609523809523813, "reusita": 97.61904761904762, "cnt": 42}, "INFORMATICA MI C/C++": {"medie": 8.425, "reusita": 90.0, "cnt": 10}, "GENERAL": {"medie": 8.41623931623932, "reusita": 95.38461538461539, "cnt": 195}, "ISTORIE": {"medie": 8.247340425531913, "reusita": 100.0, "cnt": 94}, "LOGICA, ARGUMENTARE SI COMUNICARE": {"medie": 9.139843750000002, "reusita": 98.4375, "cnt": 64}, "CHIMIE ORGANICA TEO NIVEL I/II": {"medie": 8.794736842105262, "reusita": 100.0, "cnt": 19}, "MATEMATICA ST-NAT": {"medie": 9.027966101694915, "reusita": 100.0, "cnt": 59}, "FIZICA TEO": {"medie": 8.8734375, "reusita": 93.75, "cnt": 32}, "GEOGRAFIE": {"medie": 8.639473684210529, "reusita": 100.0, "cnt": 19}, "PSIHOLOGIE": {"medie": 8.225, "reusita": 100.0, "cnt": 4}, "ANATOMIE SI FIZIOLOGIE UMANA, GENETICA SI ECOLOGIE UMANA": {"medie": 8.45875, "reusita": 97.5, "cnt": 40}, "SOCIOLOGIE": {"medie": 9.32, "reusita": 100.0, "cnt": 5}, "ECONOMIE": {"medie": 6.4, "reusita": 100.0, "cnt": 2}}, "nume": "COLEGIUL NATIONAL \"GH. ROSCA CODREANU\", MUN. BARLAD\tVaslui"}