{"specializari": {"STIINTE SOCIALE": 92, "TEHNICIAN IN ACTIVITATI ECONOMICE": 28, "TEHNICIAN ELECTRICIAN/ELECTRONIST AUTO": 26, "ORGANIZATOR BANQUETING": 22, "TEHNICIAN OPERATOR TEHNICA DE CALCUL": 23, "COAFOR STILIST": 27, "TEHNICIAN DE TELECOMUNICATII": 25, "MATEMATICA-INFORMATICA": 2}, "limba_moderna": {"LIMBA ENGLEZA": 237, "LIMBA FRANCEZA": 8}, "limba_materna": {"LIMBA ROMANA": 245}, "promotie_anterioara": {"NU": 217, "DA": 28}, "materii": {"LIMBA ROMANA": {"medie": 7.100413223140497, "reusita": 95.91836734693877, "cnt": 245}, "MATEMATICA MATE-INFO": {"medie": 1.675, "reusita": 0.0, "cnt": 2}, "GENERAL": {"medie": 7.562171507607197, "reusita": 83.6734693877551, "cnt": 245}, "ISTORIE": {"medie": 7.633146067415729, "reusita": 92.3913043478261, "cnt": 92}, "LOGICA, ARGUMENTARE SI COMUNICARE": {"medie": 6.9, "reusita": 75.0, "cnt": 8}, "GEOGRAFIE": {"medie": 8.311538461538461, "reusita": 98.73417721518987, "cnt": 158}, "PSIHOLOGIE": {"medie": 8.85, "reusita": 100.0, "cnt": 1}, "ANATOMIE SI FIZIOLOGIE UMANA, GENETICA SI ECOLOGIE UMANA": {"medie": 6.5, "reusita": 100.0, "cnt": 1}, "BIOLOGIE VEGETALA SI ANIMALA": {"medie": 6.333333333333332, "reusita": 82.22222222222221, "cnt": 45}, "SOCIOLOGIE": {"medie": 6.275, "reusita": 100.0, "cnt": 2}, "MATEMATICA TEHN": {"medie": 7.791390728476823, "reusita": 97.35099337748345, "cnt": 151}, "FIZICA TEH": {"medie": 8.732692307692307, "reusita": 100.0, "cnt": 26}, "CHIMIE ANORGANICA TEH NIVEL I/II": {"medie": 6.1499999999999995, "reusita": 100.0, "cnt": 4}}, "nume": "COLEGIUL \"N.V. KARPEN\" BACAU\tBac\u0103u"}