{"specializari": {"STIINTE SOCIALE": 31, "INVATATOR - EDUCATOARE": 59, "FILOLOGIE": 64, "EDUCATOR-PUERICULTOR": 30, "MATEMATICA-INFORMATICA": 26}, "limba_moderna": {"LIMBA ENGLEZA": 187, "LIMBA FRANCEZA": 21, "LIMBA SPANIOLA": 2}, "limba_materna": {"LIMBA ROMANA": 210}, "promotie_anterioara": {"NU": 210}, "materii": {"LIMBA ROMANA": {"medie": 7.776904761904764, "reusita": 99.52380952380952, "cnt": 210}, "MATEMATICA MATE-INFO": {"medie": 7.788461538461538, "reusita": 100.0, "cnt": 26}, "INFORMATICA MI C/C++": {"medie": 7.625, "reusita": 100.0, "cnt": 14}, "GENERAL": {"medie": 8.420079365079369, "reusita": 98.57142857142858, "cnt": 210}, "ISTORIE": {"medie": 8.611200000000004, "reusita": 100.0, "cnt": 125}, "LOGICA, ARGUMENTARE SI COMUNICARE": {"medie": 9.128977272727276, "reusita": 99.43181818181817, "cnt": 176}, "CHIMIE ORGANICA TEO NIVEL I/II": {"medie": 8.2, "reusita": 100.0, "cnt": 1}, "FIZICA TEO": {"medie": 8.725000000000001, "reusita": 100.0, "cnt": 2}, "GEOGRAFIE": {"medie": 8.510000000000002, "reusita": 100.0, "cnt": 5}, "PSIHOLOGIE": {"medie": 8.333333333333334, "reusita": 100.0, "cnt": 3}, "ANATOMIE SI FIZIOLOGIE UMANA, GENETICA SI ECOLOGIE UMANA": {"medie": 9.175, "reusita": 100.0, "cnt": 2}, "CHIMIE ANORGANICA TEO NIVEL I/II": {"medie": 7.625, "reusita": 100.0, "cnt": 2}, "BIOLOGIE VEGETALA SI ANIMALA": {"medie": 8.9, "reusita": 100.0, "cnt": 5}, "MATEMATICA PED": {"medie": 8.607627118644066, "reusita": 94.91525423728814, "cnt": 59}}, "nume": "COLEGIUL NATIONAL PEDAGOGIC \"SPIRU HARET\" MUNICIPIUL BUZAU\tBuz\u0103u"}