{"specializari": {"LICEU CU PROGRAM SPORTIV": 35, "TEHNICIAN IN ACTIVITATI DE POSTA": 64, "STIINTE SOCIALE": 29, "STIINTE ALE NATURII": 23, "TEHNICIAN DE TELECOMUNICATII": 33, "TEHNICIAN IN GASTRONOMIE": 20, "ORGANIZATOR BANQUETING": 27, "TEHNICIAN IN ACTIVITATI ECONOMICE": 1, "TEHNICIAN ELECTRONIST": 2, "MATEMATICA-INFORMATICA": 3}, "limba_moderna": {"LIMBA ENGLEZA": 200, "LIMBA FRANCEZA": 37}, "limba_materna": {"LIMBA ROMANA": 237}, "promotie_anterioara": {"NU": 158, "DA": 79}, "materii": {"LIMBA ROMANA": {"medie": 5.77618025751073, "reusita": 83.96624472573839, "cnt": 237}, "MATEMATICA MATE-INFO": {"medie": 1.0, "reusita": 0.0, "cnt": 3}, "GENERAL": {"medie": 5.869457013574659, "reusita": 45.14767932489451, "cnt": 237}, "ISTORIE": {"medie": 6.11587301587302, "reusita": 82.8125, "cnt": 64}, "LOGICA, ARGUMENTARE SI COMUNICARE": {"medie": 5.6647058823529415, "reusita": 61.111111111111114, "cnt": 18}, "GEOGRAFIE": {"medie": 6.766541353383459, "reusita": 87.21804511278195, "cnt": 133}, "FIZICA TEO": {"medie": 6.6, "reusita": 50.0, "cnt": 2}, "CHIMIE ORGANICA TEO NIVEL I/II": {"medie": 2.2, "reusita": 0.0, "cnt": 1}, "MATEMATICA ST-NAT": {"medie": 5.520454545454545, "reusita": 69.56521739130434, "cnt": 23}, "PSIHOLOGIE": {"medie": 6.402631578947368, "reusita": 90.47619047619048, "cnt": 21}, "SOCIOLOGIE": {"medie": 8.2, "reusita": 100.0, "cnt": 3}, "ANATOMIE SI FIZIOLOGIE UMANA, GENETICA SI ECOLOGIE UMANA": {"medie": 8.175, "reusita": 100.0, "cnt": 4}, "BIOLOGIE VEGETALA SI ANIMALA": {"medie": 4.72, "reusita": 43.13725490196079, "cnt": 51}, "ECONOMIE": {"medie": 3.45, "reusita": 0.0, "cnt": 1}, "MATEMATICA TEHN": {"medie": 5.2982014388489205, "reusita": 68.70748299319727, "cnt": 147}, "FIZICA TEH": {"medie": 6.15, "reusita": 100.0, "cnt": 2}, "CHIMIE ANORGANICA TEH NIVEL I/II": {"medie": 2.45, "reusita": 0.0, "cnt": 1}}, "nume": "COLEGIUL TEHNIC DE POSTA SI TELECOMUNICATII \"GHEORGHE AIRINEI\"\tBucure\u0219ti"}