{"specializari": {"TEHNICIAN IN ACTIVITATI ECONOMICE": 54, "TEHNICIAN IN TURISM": 53, "TEHNICIAN OPERATOR TEHNICA DE CALCUL": 4, "TEHNICIAN ECOLOG SI PROTECTIA CALITATII MEDIULUI": 8, "TEHNICIAN PROIECTANT CAD": 1, "TEHNICIAN DESENATOR PENTRU CONSTRUCTII SI INSTALATII": 2, "TEHNICIAN IN CONSTRUCTII SI LUCRARI PUBLICE": 1}, "limba_moderna": {"LIMBA ENGLEZA": 120, "LIMBA FRANCEZA": 3}, "limba_materna": {"LIMBA ROMANA": 123}, "promotie_anterioara": {"NU": 97, "DA": 26}, "materii": {"LIMBA ROMANA": {"medie": 6.527868852459015, "reusita": 92.6829268292683, "cnt": 123}, "GENERAL": {"medie": 6.586834733893557, "reusita": 63.41463414634146, "cnt": 123}, "GEOGRAFIE": {"medie": 7.511538461538458, "reusita": 94.28571428571428, "cnt": 105}, "PSIHOLOGIE": {"medie": 7.5, "reusita": 100.0, "cnt": 2}, "ANATOMIE SI FIZIOLOGIE UMANA, GENETICA SI ECOLOGIE UMANA": {"medie": 5.908333333333332, "reusita": 83.33333333333334, "cnt": 6}, "BIOLOGIE VEGETALA SI ANIMALA": {"medie": 4.4, "reusita": 33.33333333333333, "cnt": 9}, "MATEMATICA TEHN": {"medie": 5.9735537190082635, "reusita": 75.60975609756098, "cnt": 123}, "FIZICA TEH": {"medie": 1.9, "reusita": 0.0, "cnt": 1}}, "nume": "COLEGIUL TEHNIC \"ION MINCU\" FOCSANI\tVrancea"}