{"specializari": {"MATEMATICA-INFORMATICA": 55, "STIINTE ALE NATURII": 30}, "limba_moderna": {"LIMBA ENGLEZA": 84, "LIMBA FRANCEZA": 1}, "limba_materna": {"LIMBA ROMANA": 85}, "promotie_anterioara": {"NU": 85}, "materii": {"LIMBA ROMANA": {"medie": 8.935882352941178, "reusita": 100.0, "cnt": 85}, "MATEMATICA MATE-INFO": {"medie": 9.476363636363635, "reusita": 100.0, "cnt": 55}, "INFORMATICA MI C/C++": {"medie": 9.473076923076924, "reusita": 100.0, "cnt": 26}, "GENERAL": {"medie": 9.231568627450983, "reusita": 100.0, "cnt": 85}, "CHIMIE ORGANICA TEO NIVEL I/II": {"medie": 9.470000000000002, "reusita": 100.0, "cnt": 20}, "MATEMATICA ST-NAT": {"medie": 9.39666666666667, "reusita": 100.0, "cnt": 30}, "FIZICA TEO": {"medie": 9.75, "reusita": 100.0, "cnt": 14}, "ANATOMIE SI FIZIOLOGIE UMANA, GENETICA SI ECOLOGIE UMANA": {"medie": 8.716666666666667, "reusita": 100.0, "cnt": 24}, "CHIMIE ANORGANICA TEO NIVEL I/II": {"medie": 10.0, "reusita": 100.0, "cnt": 1}}, "nume": "COLEGIUL NATIONAL \"EMIL RACOVITA\" CLUJ-NAPOCA\tCluj"}