{"specializari": {"INVATATOR - EDUCATOARE": 90, "STIINTE SOCIALE": 67, "INSTRUCTOR PENTRU ACTIVITATI EXTRASCOLARE": 27, "FILOLOGIE": 4, "EDUCATOR-PUERICULTOR": 3}, "limba_moderna": {"LIMBA ENGLEZA": 175, "LIMBA GERMANA MODERNA": 15, "LIMBA ITALIANA": 1}, "limba_materna": {"LIMBA ROMANA": 104, "LIMBA MAGHIARA": 87}, "promotie_anterioara": {"NU": 180, "DA": 11}, "materii": {"LIMBA ROMANA": {"medie": 6.20890052356021, "reusita": 83.7696335078534, "cnt": 191}, "GENERAL": {"medie": 7.447949389179751, "reusita": 77.4869109947644, "cnt": 191}, "ISTORIE": {"medie": 7.2054455445544585, "reusita": 95.04950495049505, "cnt": 101}, "LOGICA, ARGUMENTARE SI COMUNICARE": {"medie": 7.882758620689653, "reusita": 96.55172413793103, "cnt": 29}, "GEOGRAFIE": {"medie": 8.17305194805195, "reusita": 100.0, "cnt": 154}, "PSIHOLOGIE": {"medie": 7.31, "reusita": 100.0, "cnt": 5}, "SOCIOLOGIE": {"medie": 6.775, "reusita": 100.0, "cnt": 2}, "MATEMATICA PED": {"medie": 8.307222222222224, "reusita": 98.88888888888889, "cnt": 90}, "ECONOMIE": {"medie": 6.85, "reusita": 100.0, "cnt": 1}, "LIMBA MAGHIARA (UMAN)": {"medie": 7.731034482758618, "reusita": 100.0, "cnt": 87}}, "nume": "COLEGIUL NATIONAL PEDAGOGIC \"MIHAI EMINESCU\" TIRGU MURES\tMure\u0219"}