{"specializari": {"TEHNICIAN IN ADMINISTRATIE": 30, "TEHNICIAN IN ACTIVITATI ECONOMICE": 48, "TEHNICIAN IN GASTRONOMIE": 21, "TEHNICIAN IN ACHIZITII SI CONTRACTARI": 51, "ORGANIZATOR BANQUETING": 25, "TEHNICIAN IN TURISM": 26}, "limba_moderna": {"LIMBA ENGLEZA": 198, "LIMBA FRANCEZA": 3}, "limba_materna": {"LIMBA ROMANA": 201}, "promotie_anterioara": {"NU": 199, "DA": 2}, "materii": {"LIMBA ROMANA": {"medie": 7.47238805970149, "reusita": 99.50248756218906, "cnt": 201}, "GENERAL": {"medie": 8.276083333333332, "reusita": 99.00497512437812, "cnt": 201}, "LOGICA, ARGUMENTARE SI COMUNICARE": {"medie": 9.328571428571431, "reusita": 100.0, "cnt": 7}, "GEOGRAFIE": {"medie": 8.722631578947366, "reusita": 99.47643979057592, "cnt": 191}, "PSIHOLOGIE": {"medie": 8.15, "reusita": 100.0, "cnt": 3}, "MATEMATICA TEHN": {"medie": 8.599502487562184, "reusita": 100.0, "cnt": 201}}, "nume": "COLEGIUL ECONOMIC \"MIHAIL KOGALNICEANU\" FOCSANI\tVrancea"}