{"specializari": {"MATEMATICA-INFORMATICA": 112, "STIINTE ALE NATURII": 30, "FILOLOGIE": 31, "STIINTE SOCIALE": 30}, "limba_moderna": {"LIMBA ENGLEZA": 202, "LIMBA FRANCEZA": 1}, "limba_materna": {"LIMBA ROMANA": 203}, "promotie_anterioara": {"NU": 201, "DA": 2}, "materii": {"LIMBA ROMANA": {"medie": 7.954433497536941, "reusita": 100.0, "cnt": 203}, "MATEMATICA MATE-INFO": {"medie": 8.531249999999998, "reusita": 100.0, "cnt": 112}, "INFORMATICA MI C/C++": {"medie": 8.688636363636363, "reusita": 100.0, "cnt": 22}, "GENERAL": {"medie": 8.394745484400651, "reusita": 98.52216748768473, "cnt": 203}, "ISTORIE": {"medie": 8.701639344262293, "reusita": 100.0, "cnt": 61}, "LOGICA, ARGUMENTARE SI COMUNICARE": {"medie": 8.52818181818182, "reusita": 100.0, "cnt": 55}, "CHIMIE ORGANICA TEO NIVEL I/II": {"medie": 8.842857142857142, "reusita": 100.0, "cnt": 7}, "MATEMATICA ST-NAT": {"medie": 9.163333333333336, "reusita": 100.0, "cnt": 30}, "FIZICA TEO": {"medie": 9.353846153846153, "reusita": 100.0, "cnt": 26}, "GEOGRAFIE": {"medie": 8.262500000000001, "reusita": 100.0, "cnt": 4}, "ANATOMIE SI FIZIOLOGIE UMANA, GENETICA SI ECOLOGIE UMANA": {"medie": 8.334117647058822, "reusita": 100.0, "cnt": 85}, "CHIMIE ANORGANICA TEO NIVEL I/II": {"medie": 7.425000000000001, "reusita": 100.0, "cnt": 2}, "SOCIOLOGIE": {"medie": 7.425, "reusita": 100.0, "cnt": 2}}, "nume": "COLEGIUL NATIONAL \"MIHAI VITEAZUL\" SLOBOZIA\tIalomi\u021ba"}