{"specializari": {"FILOLOGIE": 31, "STIINTE ALE NATURII": 90, "MATEMATICA-INFORMATICA": 60}, "limba_moderna": {"LIMBA ENGLEZA": 178, "LIMBA FRANCEZA": 3}, "limba_materna": {"LIMBA ROMANA": 181}, "promotie_anterioara": {"NU": 180, "DA": 1}, "materii": {"LIMBA ROMANA": {"medie": 8.591160220994478, "reusita": 100.0, "cnt": 181}, "MATEMATICA MATE-INFO": {"medie": 8.98583333333333, "reusita": 100.0, "cnt": 60}, "INFORMATICA MI C/C++": {"medie": 8.91304347826087, "reusita": 100.0, "cnt": 23}, "GENERAL": {"medie": 8.81850828729282, "reusita": 100.0, "cnt": 181}, "ISTORIE": {"medie": 9.264516129032257, "reusita": 100.0, "cnt": 31}, "LOGICA, ARGUMENTARE SI COMUNICARE": {"medie": 9.18888888888889, "reusita": 100.0, "cnt": 9}, "GEOGRAFIE": {"medie": 9.018181818181818, "reusita": 100.0, "cnt": 11}, "FIZICA TEO": {"medie": 9.243055555555559, "reusita": 100.0, "cnt": 36}, "CHIMIE ORGANICA TEO NIVEL I/II": {"medie": 9.560869565217391, "reusita": 100.0, "cnt": 23}, "MATEMATICA ST-NAT": {"medie": 8.881666666666666, "reusita": 100.0, "cnt": 90}, "PSIHOLOGIE": {"medie": 8.5, "reusita": 100.0, "cnt": 2}, "SOCIOLOGIE": {"medie": 8.828571428571427, "reusita": 100.0, "cnt": 7}, "ANATOMIE SI FIZIOLOGIE UMANA, GENETICA SI ECOLOGIE UMANA": {"medie": 8.405833333333332, "reusita": 100.0, "cnt": 60}, "CHIMIE ANORGANICA TEO NIVEL I/II": {"medie": 8.575, "reusita": 100.0, "cnt": 4}, "INFORMATICA SN C/C++": {"medie": 8.812500000000002, "reusita": 100.0, "cnt": 4}, "FILOSOFIE": {"medie": 10.0, "reusita": 100.0, "cnt": 1}, "ECONOMIE": {"medie": 5.5, "reusita": 100.0, "cnt": 1}}, "nume": "COLEGIUL NATIONAL \"MOISE NICOARA\" ARAD\tArad"}