{"specializari": {"INVATATOR - EDUCATOARE": 47, "FILOLOGIE": 29, "EDUCATOR-PUERICULTOR": 15, "STIINTE SOCIALE": 32, "MATEMATICA-INFORMATICA": 29}, "limba_moderna": {"LIMBA ENGLEZA": 136, "LIMBA SPANIOLA": 16}, "limba_materna": {"LIMBA ROMANA": 152}, "promotie_anterioara": {"NU": 151, "DA": 1}, "materii": {"LIMBA ROMANA": {"medie": 7.624013157894732, "reusita": 99.3421052631579, "cnt": 152}, "MATEMATICA MATE-INFO": {"medie": 8.049999999999999, "reusita": 100.0, "cnt": 29}, "INFORMATICA MI C/C++": {"medie": 8.129166666666666, "reusita": 100.0, "cnt": 12}, "GENERAL": {"medie": 8.298355263157896, "reusita": 96.71052631578947, "cnt": 152}, "ISTORIE": {"medie": 8.599342105263164, "reusita": 100.0, "cnt": 76}, "LOGICA, ARGUMENTARE SI COMUNICARE": {"medie": 8.953999999999997, "reusita": 100.0, "cnt": 75}, "GEOGRAFIE": {"medie": 8.69736842105263, "reusita": 100.0, "cnt": 19}, "FIZICA TEO": {"medie": 7.974999999999999, "reusita": 100.0, "cnt": 6}, "CHIMIE ORGANICA TEO NIVEL I/II": {"medie": 8.149999999999999, "reusita": 100.0, "cnt": 2}, "PSIHOLOGIE": {"medie": 8.645454545454546, "reusita": 100.0, "cnt": 22}, "SOCIOLOGIE": {"medie": 8.825, "reusita": 100.0, "cnt": 2}, "ANATOMIE SI FIZIOLOGIE UMANA, GENETICA SI ECOLOGIE UMANA": {"medie": 8.0375, "reusita": 87.5, "cnt": 8}, "CHIMIE ANORGANICA TEO NIVEL I/II": {"medie": 9.8, "reusita": 100.0, "cnt": 1}, "MATEMATICA PED": {"medie": 8.780851063829786, "reusita": 97.87234042553192, "cnt": 47}, "FILOSOFIE": {"medie": 9.075000000000001, "reusita": 100.0, "cnt": 4}, "ECONOMIE": {"medie": 8.75, "reusita": 100.0, "cnt": 1}}, "nume": "COLEGIUL NATIONAL PEDAGOGIC \"CONSTANTIN BRATESCU\" CONSTANTA\tConstan\u021ba"}