{"specializari": {"MATEMATICA-INFORMATICA": 57, "FILOLOGIE": 66, "STIINTE SOCIALE": 38, "STIINTE ALE NATURII": 24}, "limba_moderna": {"LIMBA ENGLEZA": 172, "LIMBA FRANCEZA": 13}, "limba_materna": {"LIMBA ROMANA": 185}, "promotie_anterioara": {"NU": 164, "DA": 21}, "materii": {"LIMBA ROMANA": {"medie": 6.5374316939890695, "reusita": 87.56756756756758, "cnt": 185}, "MATEMATICA MATE-INFO": {"medie": 7.86140350877193, "reusita": 100.0, "cnt": 57}, "INFORMATICA MI C/C++": {"medie": 7.739999999999999, "reusita": 100.0, "cnt": 5}, "GENERAL": {"medie": 6.811538461538467, "reusita": 62.70270270270271, "cnt": 185}, "ISTORIE": {"medie": 6.261165048543691, "reusita": 75.0, "cnt": 104}, "LOGICA, ARGUMENTARE SI COMUNICARE": {"medie": 7.423076923076923, "reusita": 85.07462686567165, "cnt": 67}, "CHIMIE ORGANICA TEO NIVEL I/II": {"medie": 9.553571428571429, "reusita": 100.0, "cnt": 14}, "MATEMATICA ST-NAT": {"medie": 3.8083333333333336, "reusita": 33.33333333333333, "cnt": 24}, "FIZICA TEO": {"medie": 8.246428571428572, "reusita": 92.85714285714286, "cnt": 14}, "GEOGRAFIE": {"medie": 7.460344827586207, "reusita": 96.55172413793103, "cnt": 29}, "PSIHOLOGIE": {"medie": 7.316666666666666, "reusita": 100.0, "cnt": 3}, "ANATOMIE SI FIZIOLOGIE UMANA, GENETICA SI ECOLOGIE UMANA": {"medie": 6.551111111111111, "reusita": 86.66666666666667, "cnt": 45}, "CHIMIE ANORGANICA TEO NIVEL I/II": {"medie": 7.525, "reusita": 100.0, "cnt": 2}, "BIOLOGIE VEGETALA SI ANIMALA": {"medie": 5.6, "reusita": 100.0, "cnt": 1}, "SOCIOLOGIE": {"medie": 6.999999999999998, "reusita": 80.0, "cnt": 5}}, "nume": "COLEGIUL NATIONAL \"ION LUCA CARAGIALE\" MORENI\tD\u00e2mbovi\u021ba"}