{"specializari": {"TEHNICIAN MECATRONIST": 10, "TEHNICIAN IN INSTALATII ELECTRICE": 12, "TEHNICIAN IN HOTELARIE": 9, "ORGANIZATOR BANQUETING": 4, "TEHNICIAN ELECTROTEHNIST": 2, "TEHNICIAN DE TELECOMUNICATII": 2, "TEHNICIAN PROIECTANT CAD": 2, "TEHNICIAN ELECTRONIST": 4, "TEHNICIAN TRANSPORTURI": 1, "TEHNICIAN DESIGNER VESTIMENTAR": 1}, "limba_moderna": {"LIMBA ENGLEZA": 43, "LIMBA FRANCEZA": 4}, "limba_materna": {"LIMBA ROMANA": 47}, "promotie_anterioara": {"NU": 27, "DA": 20}, "materii": {"LIMBA ROMANA": {"medie": 5.373333333333332, "reusita": 76.59574468085107, "cnt": 47}, "GENERAL": {"medie": 5.527314814814816, "reusita": 25.53191489361702, "cnt": 47}, "LOGICA, ARGUMENTARE SI COMUNICARE": {"medie": 6.55, "reusita": 100.0, "cnt": 1}, "GEOGRAFIE": {"medie": 7.333333333333333, "reusita": 100.0, "cnt": 12}, "BIOLOGIE VEGETALA SI ANIMALA": {"medie": 5.432499999999998, "reusita": 47.82608695652174, "cnt": 23}, "MATEMATICA TEHN": {"medie": 5.205000000000001, "reusita": 61.702127659574465, "cnt": 47}, "FIZICA TEH": {"medie": 5.594444444444445, "reusita": 45.45454545454545, "cnt": 11}}, "nume": "COLEGIUL TEHNIC \"TRAIAN VUIA\" ORADEA\tBihor"}