{"specializari": {"TEHNICIAN IN ACTIVITATI ECONOMICE": 18, "FILOLOGIE": 32, "TEHNICIAN IN TURISM": 47, "TEHNICIAN ECOLOG SI PROTECTIA CALITATII MEDIULUI": 24, "ORGANIZATOR BANQUETING": 30, "TEHNICIAN IN INDUSTRIA ALIMENTARA": 23, "TEHNICIAN VETERINAR": 19, "STIINTE ALE NATURII": 3, "TEHNICIAN ANALIZE PRODUSE ALIMENTARE": 3, "STIINTE SOCIALE": 1}, "limba_moderna": {"LIMBA ENGLEZA": 173, "LIMBA FRANCEZA": 26, "LIMBA GERMANA MODERNA": 1}, "limba_materna": {"LIMBA ROMANA": 200}, "promotie_anterioara": {"NU": 176, "DA": 24}, "materii": {"LIMBA ROMANA": {"medie": 6.568518518518518, "reusita": 90.0, "cnt": 200}, "GENERAL": {"medie": 6.331996434937611, "reusita": 56.49999999999999, "cnt": 200}, "ISTORIE": {"medie": 7.128333333333333, "reusita": 90.9090909090909, "cnt": 33}, "LOGICA, ARGUMENTARE SI COMUNICARE": {"medie": 6.932307692307693, "reusita": 80.59701492537313, "cnt": 67}, "GEOGRAFIE": {"medie": 7.4733333333333345, "reusita": 95.08196721311475, "cnt": 61}, "MATEMATICA ST-NAT": {"medie": 5.45, "reusita": 100.0, "cnt": 3}, "ANATOMIE SI FIZIOLOGIE UMANA, GENETICA SI ECOLOGIE UMANA": {"medie": 5.442063492063492, "reusita": 64.17910447761194, "cnt": 67}, "BIOLOGIE VEGETALA SI ANIMALA": {"medie": 8.65, "reusita": 50.0, "cnt": 4}, "MATEMATICA TEHN": {"medie": 5.542857142857143, "reusita": 65.85365853658537, "cnt": 164}, "CHIMIE ORGANICA TEH NIVEL I/II": {"medie": 3.3, "reusita": 0.0, "cnt": 1}}, "nume": "COLEGIUL \"ANDRONIC MOTRESCU\" RADAUTI\tSuceava"}