{"specializari": {"ORGANIZATOR BANQUETING": 21, "TEHNICIAN IN ACTIVITATI ECONOMICE": 61, "TEHNICIAN IN ACTIVITATI DE COMERT": 21, "TEHNICIAN IN ADMINISTRATIE": 43, "TEHNICIAN IN TURISM": 25, "TEHNICIAN IN GASTRONOMIE": 4}, "limba_moderna": {"LIMBA ENGLEZA": 159, "LIMBA FRANCEZA": 16}, "limba_materna": {"LIMBA ROMANA": 175}, "promotie_anterioara": {"NU": 128, "DA": 47}, "materii": {"LIMBA ROMANA": {"medie": 5.579190751445088, "reusita": 77.71428571428571, "cnt": 175}, "GENERAL": {"medie": 6.077272727272729, "reusita": 51.42857142857142, "cnt": 175}, "LOGICA, ARGUMENTARE SI COMUNICARE": {"medie": 6.1537500000000005, "reusita": 65.85365853658537, "cnt": 41}, "GEOGRAFIE": {"medie": 7.076136363636364, "reusita": 89.55223880597015, "cnt": 134}, "MATEMATICA TEHN": {"medie": 5.7660714285714265, "reusita": 73.14285714285714, "cnt": 175}}, "nume": "COLEGIUL ECONOMIC \"GHEORGHE CHITU\" CRAIOVA\tDolj"}