{"specializari": {"STIINTE SOCIALE": 32, "FILOLOGIE": 30, "MATEMATICA-INFORMATICA": 28}, "limba_moderna": {"LIMBA ENGLEZA": 65, "LIMBA ITALIANA": 24, "LIMBA FRANCEZA": 1}, "limba_materna": {"LIMBA ROMANA": 90}, "promotie_anterioara": {"NU": 88, "DA": 2}, "materii": {"LIMBA ROMANA": {"medie": 7.928888888888892, "reusita": 100.0, "cnt": 90}, "MATEMATICA MATE-INFO": {"medie": 8.651785714285714, "reusita": 100.0, "cnt": 28}, "INFORMATICA MI C/C++": {"medie": 8.615217391304348, "reusita": 100.0, "cnt": 23}, "GENERAL": {"medie": 8.51111111111111, "reusita": 96.66666666666667, "cnt": 90}, "ISTORIE": {"medie": 8.733064516129033, "reusita": 100.0, "cnt": 62}, "LOGICA, ARGUMENTARE SI COMUNICARE": {"medie": 8.779487179487178, "reusita": 97.43589743589743, "cnt": 39}, "GEOGRAFIE": {"medie": 9.2625, "reusita": 100.0, "cnt": 20}, "ANATOMIE SI FIZIOLOGIE UMANA, GENETICA SI ECOLOGIE UMANA": {"medie": 9.8, "reusita": 100.0, "cnt": 4}, "BIOLOGIE VEGETALA SI ANIMALA": {"medie": 9.6, "reusita": 100.0, "cnt": 1}, "SOCIOLOGIE": {"medie": 8.4, "reusita": 100.0, "cnt": 2}, "FILOSOFIE": {"medie": 9.3, "reusita": 100.0, "cnt": 1}}, "nume": "COLEGIUL NATIONAL \"GEORGE BARITIU\" CLUJ-NAPOCA\tCluj"}