{"specializari": {"MATEMATICA-INFORMATICA": 147, "STIINTE SOCIALE": 33, "STIINTE ALE NATURII": 61}, "limba_moderna": {"LIMBA ENGLEZA": 237, "LIMBA FRANCEZA": 1, "LIMBA GERMANA MODERNA": 3}, "limba_materna": {"LIMBA ROMANA": 241}, "promotie_anterioara": {"NU": 241}, "materii": {"LIMBA ROMANA": {"medie": 8.324159663865542, "reusita": 98.7551867219917, "cnt": 241}, "MATEMATICA MATE-INFO": {"medie": 8.062758620689653, "reusita": 97.95918367346938, "cnt": 147}, "INFORMATICA MI C/C++": {"medie": 8.157000000000002, "reusita": 96.07843137254902, "cnt": 51}, "GENERAL": {"medie": 8.353571428571428, "reusita": 95.850622406639, "cnt": 241}, "ISTORIE": {"medie": 9.231818181818182, "reusita": 100.0, "cnt": 33}, "LOGICA, ARGUMENTARE SI COMUNICARE": {"medie": 9.114285714285716, "reusita": 100.0, "cnt": 14}, "GEOGRAFIE": {"medie": 8.896428571428572, "reusita": 100.0, "cnt": 14}, "FIZICA TEO": {"medie": 9.256250000000001, "reusita": 100.0, "cnt": 8}, "CHIMIE ORGANICA TEO NIVEL I/II": {"medie": 9.43125, "reusita": 100.0, "cnt": 8}, "MATEMATICA ST-NAT": {"medie": 8.712295081967214, "reusita": 100.0, "cnt": 61}, "PSIHOLOGIE": {"medie": 9.3, "reusita": 100.0, "cnt": 2}, "SOCIOLOGIE": {"medie": 8.066666666666668, "reusita": 100.0, "cnt": 3}, "ANATOMIE SI FIZIOLOGIE UMANA, GENETICA SI ECOLOGIE UMANA": {"medie": 8.113432835820895, "reusita": 97.05882352941177, "cnt": 136}, "CHIMIE ANORGANICA TEO NIVEL I/II": {"medie": 9.733333333333333, "reusita": 100.0, "cnt": 3}, "BIOLOGIE VEGETALA SI ANIMALA": {"medie": 8.0, "reusita": 100.0, "cnt": 2}}, "nume": "COLEGIUL NATIONAL \"VASILE LUCACIU\" BAIA MARE\tMaramure\u0219"}