{"specializari": {"TEHNICIAN IN ACTIVITATI ECONOMICE": 62, "STIINTE ALE NATURII": 29, "TEHNICIAN IN SILVICULTURA SI EXPLOATARI FORESTIERE": 35, "TEHNICIAN DESIGNER MOBILA SI AMENAJARI INTERIOARE": 31}, "limba_moderna": {"LIMBA ENGLEZA": 153, "LIMBA FRANCEZA": 4}, "limba_materna": {"LIMBA ROMANA": 157}, "promotie_anterioara": {"NU": 138, "DA": 19}, "materii": {"LIMBA ROMANA": {"medie": 7.269354838709678, "reusita": 97.45222929936305, "cnt": 157}, "GENERAL": {"medie": 7.345346320346324, "reusita": 77.70700636942675, "cnt": 157}, "LOGICA, ARGUMENTARE SI COMUNICARE": {"medie": 8.918032786885247, "reusita": 98.36065573770492, "cnt": 61}, "GEOGRAFIE": {"medie": 8.8, "reusita": 100.0, "cnt": 1}, "MATEMATICA ST-NAT": {"medie": 8.032758620689656, "reusita": 100.0, "cnt": 29}, "ANATOMIE SI FIZIOLOGIE UMANA, GENETICA SI ECOLOGIE UMANA": {"medie": 6.8464912280701755, "reusita": 91.22807017543859, "cnt": 57}, "BIOLOGIE VEGETALA SI ANIMALA": {"medie": 5.126470588235295, "reusita": 54.285714285714285, "cnt": 35}, "INFORMATICA SN C/C++": {"medie": 7.599999999999999, "reusita": 100.0, "cnt": 3}, "MATEMATICA TEHN": {"medie": 7.276799999999996, "reusita": 87.5, "cnt": 128}}, "nume": "COLEGIUL TEHNIC FORESTIER, MUNICIPIUL CAMPINA\tPrahova"}