{"specializari": {"STIINTE ALE NATURII": 31, "FILOLOGIE": 60, "MATEMATICA-INFORMATICA": 55}, "limba_moderna": {"LIMBA ENGLEZA": 146}, "limba_materna": {"LIMBA ROMANA": 146}, "promotie_anterioara": {"NU": 145, "DA": 1}, "materii": {"LIMBA ROMANA": {"medie": 8.121917808219179, "reusita": 100.0, "cnt": 146}, "MATEMATICA MATE-INFO": {"medie": 7.150909090909089, "reusita": 98.18181818181819, "cnt": 55}, "INFORMATICA MI C/C++": {"medie": 8.383333333333333, "reusita": 100.0, "cnt": 15}, "GENERAL": {"medie": 8.109360730593606, "reusita": 97.26027397260275, "cnt": 146}, "ISTORIE": {"medie": 8.231666666666667, "reusita": 100.0, "cnt": 60}, "LOGICA, ARGUMENTARE SI COMUNICARE": {"medie": 8.694642857142858, "reusita": 100.0, "cnt": 28}, "CHIMIE ORGANICA TEO NIVEL I/II": {"medie": 8.707894736842105, "reusita": 100.0, "cnt": 19}, "MATEMATICA ST-NAT": {"medie": 8.764516129032257, "reusita": 100.0, "cnt": 31}, "FIZICA TEO": {"medie": 8.225, "reusita": 100.0, "cnt": 12}, "GEOGRAFIE": {"medie": 8.9875, "reusita": 100.0, "cnt": 8}, "PSIHOLOGIE": {"medie": 6.550000000000001, "reusita": 100.0, "cnt": 2}, "ANATOMIE SI FIZIOLOGIE UMANA, GENETICA SI ECOLOGIE UMANA": {"medie": 7.606410256410257, "reusita": 94.87179487179486, "cnt": 39}, "BIOLOGIE VEGETALA SI ANIMALA": {"medie": 9.2, "reusita": 100.0, "cnt": 1}, "SOCIOLOGIE": {"medie": 8.304761904761904, "reusita": 100.0, "cnt": 21}, "FILOSOFIE": {"medie": 8.6, "reusita": 100.0, "cnt": 1}}, "nume": "COLEGIUL NATIONAL \"VASILE GOLDIS\" ARAD\tArad"}