{"specializari": {"STIINTE ALE NATURII": 110, "STIINTE SOCIALE": 34, "MATEMATICA-INFORMATICA": 28}, "limba_moderna": {"LIMBA ENGLEZA": 170, "LIMBA GERMANA MODERNA": 2}, "limba_materna": {"LIMBA ROMANA": 172}, "promotie_anterioara": {"NU": 170, "DA": 2}, "materii": {"LIMBA ROMANA": {"medie": 8.207848837209305, "reusita": 100.0, "cnt": 172}, "MATEMATICA MATE-INFO": {"medie": 7.241071428571429, "reusita": 100.0, "cnt": 28}, "INFORMATICA MI C/C++": {"medie": 7.340000000000001, "reusita": 100.0, "cnt": 5}, "GENERAL": {"medie": 8.269980506822614, "reusita": 98.25581395348837, "cnt": 172}, "ISTORIE": {"medie": 8.17941176470588, "reusita": 100.0, "cnt": 34}, "LOGICA, ARGUMENTARE SI COMUNICARE": {"medie": 9.049999999999997, "reusita": 100.0, "cnt": 17}, "CHIMIE ORGANICA TEO NIVEL I/II": {"medie": 8.475, "reusita": 66.66666666666666, "cnt": 3}, "MATEMATICA ST-NAT": {"medie": 8.234545454545453, "reusita": 100.0, "cnt": 110}, "FIZICA TEO": {"medie": 6.683333333333334, "reusita": 66.66666666666666, "cnt": 3}, "GEOGRAFIE": {"medie": 8.766666666666667, "reusita": 100.0, "cnt": 3}, "PSIHOLOGIE": {"medie": 9.0, "reusita": 100.0, "cnt": 1}, "ANATOMIE SI FIZIOLOGIE UMANA, GENETICA SI ECOLOGIE UMANA": {"medie": 8.513839285714283, "reusita": 99.10714285714286, "cnt": 112}, "CHIMIE ANORGANICA TEO NIVEL I/II": {"medie": 9.11, "reusita": 100.0, "cnt": 5}, "BIOLOGIE VEGETALA SI ANIMALA": {"medie": 8.725, "reusita": 100.0, "cnt": 2}, "SOCIOLOGIE": {"medie": 8.433333333333335, "reusita": 100.0, "cnt": 12}, "INFORMATICA SN C/C++": {"medie": 8.50625, "reusita": 100.0, "cnt": 8}, "FILOSOFIE": {"medie": 7.55, "reusita": 100.0, "cnt": 1}}, "nume": "COLEGIUL DE STIINTE ALE NATURII \"EMIL RACOVITA\" BRASOV\tBra\u0219ov"}