{"specializari": {"STIINTE SOCIALE": 98, "MATEMATICA-INFORMATICA": 60, "INVATATOR - EDUCATOARE": 57, "FILOLOGIE": 31}, "limba_moderna": {"LIMBA ENGLEZA": 243, "LIMBA GERMANA MODERNA": 1, "LIMBA FRANCEZA": 2}, "limba_materna": {"LIMBA ROMANA": 246}, "promotie_anterioara": {"NU": 245, "DA": 1}, "materii": {"LIMBA ROMANA": {"medie": 8.54573170731707, "reusita": 100.0, "cnt": 246}, "MATEMATICA MATE-INFO": {"medie": 8.108333333333333, "reusita": 96.66666666666667, "cnt": 60}, "INFORMATICA MI C/C++": {"medie": 8.600000000000001, "reusita": 100.0, "cnt": 32}, "GENERAL": {"medie": 8.678252032520328, "reusita": 97.96747967479675, "cnt": 246}, "ISTORIE": {"medie": 8.712403100775193, "reusita": 100.0, "cnt": 129}, "LOGICA, ARGUMENTARE SI COMUNICARE": {"medie": 8.894039735099343, "reusita": 100.0, "cnt": 151}, "GEOGRAFIE": {"medie": 8.967857142857143, "reusita": 100.0, "cnt": 28}, "FIZICA TEO": {"medie": 8.4, "reusita": 100.0, "cnt": 4}, "CHIMIE ORGANICA TEO NIVEL I/II": {"medie": 9.7, "reusita": 100.0, "cnt": 1}, "PSIHOLOGIE": {"medie": 9.0625, "reusita": 100.0, "cnt": 4}, "ANATOMIE SI FIZIOLOGIE UMANA, GENETICA SI ECOLOGIE UMANA": {"medie": 7.497826086956523, "reusita": 95.65217391304348, "cnt": 23}, "MATEMATICA PED": {"medie": 9.519298245614033, "reusita": 100.0, "cnt": 57}, "FILOSOFIE": {"medie": 9.333333333333334, "reusita": 100.0, "cnt": 3}}, "nume": "COLEGIUL NATIONAL \"MIHAI EMINESCU\" SUCEAVA\tSuceava"}