{"specializari": {"MATEMATICA-INFORMATICA": 77, "STIINTE ALE NATURII": 32, "STIINTE SOCIALE": 34}, "limba_moderna": {"LIMBA ENGLEZA": 143}, "limba_materna": {"LIMBA ROMANA": 143}, "promotie_anterioara": {"NU": 141, "DA": 2}, "materii": {"LIMBA ROMANA": {"medie": 7.913986013986013, "reusita": 99.3006993006993, "cnt": 143}, "MATEMATICA MATE-INFO": {"medie": 8.301298701298702, "reusita": 100.0, "cnt": 77}, "INFORMATICA MI C/C++": {"medie": 8.256250000000003, "reusita": 100.0, "cnt": 24}, "GENERAL": {"medie": 8.304079254079253, "reusita": 97.2027972027972, "cnt": 143}, "ISTORIE": {"medie": 8.58235294117647, "reusita": 100.0, "cnt": 34}, "LOGICA, ARGUMENTARE SI COMUNICARE": {"medie": 9.061764705882355, "reusita": 100.0, "cnt": 17}, "GEOGRAFIE": {"medie": 8.617857142857144, "reusita": 100.0, "cnt": 14}, "FIZICA TEO": {"medie": 8.744444444444445, "reusita": 100.0, "cnt": 9}, "CHIMIE ORGANICA TEO NIVEL I/II": {"medie": 8.572727272727276, "reusita": 100.0, "cnt": 22}, "MATEMATICA ST-NAT": {"medie": 8.301562500000001, "reusita": 100.0, "cnt": 32}, "PSIHOLOGIE": {"medie": 8.55, "reusita": 100.0, "cnt": 1}, "SOCIOLOGIE": {"medie": 7.675, "reusita": 100.0, "cnt": 2}, "ANATOMIE SI FIZIOLOGIE UMANA, GENETICA SI ECOLOGIE UMANA": {"medie": 8.602499999999997, "reusita": 95.0, "cnt": 20}, "CHIMIE ANORGANICA TEO NIVEL I/II": {"medie": 8.3, "reusita": 100.0, "cnt": 1}, "BIOLOGIE VEGETALA SI ANIMALA": {"medie": 8.778787878787881, "reusita": 96.96969696969697, "cnt": 33}}, "nume": "COLEGIUL NATIONAL \"RADU NEGRU\" FAGARAS\tBra\u0219ov"}