{"specializari": {"STIINTE SOCIALE": 35, "MATEMATICA-INFORMATICA": 29, "FILOLOGIE": 35, "STIINTE ALE NATURII": 30, "TEHNICIAN IN TURISM": 51, "TEHNICIAN IN GASTRONOMIE": 30, "TEHNICIAN DESIGNER VESTIMENTAR": 30, "TEHNICIAN OPERATOR TEHNICA DE CALCUL": 26, "TEHNICIAN IN INSTALATII ELECTRICE": 9, "TEHNICIAN ELECTROMECANIC": 2, "TEHNICIAN IN INDUSTRIA TEXTILA": 3}, "limba_moderna": {"LIMBA ENGLEZA": 260, "LIMBA FRANCEZA": 20}, "limba_materna": {"LIMBA ROMANA": 280}, "promotie_anterioara": {"NU": 260, "DA": 20}, "materii": {"LIMBA ROMANA": {"medie": 6.362862318840581, "reusita": 91.78571428571428, "cnt": 280}, "MATEMATICA MATE-INFO": {"medie": 7.112068965517244, "reusita": 96.55172413793103, "cnt": 29}, "INFORMATICA MI C/C++": {"medie": 6.866666666666667, "reusita": 100.0, "cnt": 3}, "GENERAL": {"medie": 6.281975308641975, "reusita": 57.49999999999999, "cnt": 280}, "ISTORIE": {"medie": 7.301449275362319, "reusita": 95.71428571428572, "cnt": 70}, "LOGICA, ARGUMENTARE SI COMUNICARE": {"medie": 6.89719626168224, "reusita": 85.45454545454545, "cnt": 110}, "MATEMATICA ST-NAT": {"medie": 7.156666666666665, "reusita": 90.0, "cnt": 30}, "FIZICA TEO": {"medie": 6.45, "reusita": 100.0, "cnt": 2}, "GEOGRAFIE": {"medie": 7.524390243902439, "reusita": 100.0, "cnt": 41}, "ANATOMIE SI FIZIOLOGIE UMANA, GENETICA SI ECOLOGIE UMANA": {"medie": 7.133962264150944, "reusita": 90.56603773584906, "cnt": 53}, "CHIMIE ANORGANICA TEO NIVEL I/II": {"medie": 5.45, "reusita": 100.0, "cnt": 1}, "BIOLOGIE VEGETALA SI ANIMALA": {"medie": 4.070967741935485, "reusita": 33.33333333333333, "cnt": 63}, "MATEMATICA TEHN": {"medie": 5.167361111111112, "reusita": 61.58940397350994, "cnt": 151}, "FIZICA TEH": {"medie": 4.15, "reusita": 42.857142857142854, "cnt": 7}}, "nume": "COLEGIUL TEHNIC \"MIHAI BACESCU\" FALTICENI\tSuceava"}