{"specializari": {"TEHNICIAN IN ACTIVITATI ECONOMICE": 34, "TEHNICIAN ECOLOG SI PROTECTIA CALITATII MEDIULUI": 2, "TEHNICIAN IN GASTRONOMIE": 4, "TEHNICIAN CHIMIST DE LABORATOR": 1, "TEHNICIAN IN INDUSTRIA ALIMENTARA": 2, "TEHNICIAN IN PRELUCRAREA LEMNULUI": 4, "TEHNICIAN IN INSTALATII ELECTRICE": 1, "TEHNICIAN ANALIZE PRODUSE ALIMENTARE": 1}, "limba_moderna": {"LIMBA ENGLEZA": 49}, "limba_materna": {"LIMBA ROMANA": 49}, "promotie_anterioara": {"NU": 35, "DA": 14}, "materii": {"LIMBA ROMANA": {"medie": 6.551063829787235, "reusita": 93.87755102040816, "cnt": 49}, "GENERAL": {"medie": 7.066279069767444, "reusita": 71.42857142857143, "cnt": 49}, "LOGICA, ARGUMENTARE SI COMUNICARE": {"medie": 8.522857142857143, "reusita": 97.14285714285714, "cnt": 35}, "GEOGRAFIE": {"medie": 7.425000000000001, "reusita": 66.66666666666666, "cnt": 3}, "ANATOMIE SI FIZIOLOGIE UMANA, GENETICA SI ECOLOGIE UMANA": {"medie": 5.9, "reusita": 33.33333333333333, "cnt": 3}, "BIOLOGIE VEGETALA SI ANIMALA": {"medie": 4.925, "reusita": 40.0, "cnt": 5}, "MATEMATICA TEHN": {"medie": 6.380681818181818, "reusita": 75.51020408163265, "cnt": 49}, "CHIMIE ANORGANICA TEH NIVEL I/II": {"medie": 3.7, "reusita": 0.0, "cnt": 3}}, "nume": "COLEGIUL TEHNIC \"SIMION MEHEDINTI\" CODLEA\tBra\u0219ov"}