{"specializari": {"STIINTE ALE NATURII": 57, "FILOLOGIE": 59}, "limba_moderna": {"LIMBA ENGLEZA": 116}, "limba_materna": {"LIMBA GERMANA": 116}, "promotie_anterioara": {"NU": 115, "DA": 1}, "materii": {"LIMBA ROMANA": {"medie": 8.440517241379311, "reusita": 100.0, "cnt": 116}, "GENERAL": {"medie": 8.307435344827587, "reusita": 95.6896551724138, "cnt": 116}, "ISTORIE": {"medie": 8.422881355932203, "reusita": 100.0, "cnt": 59}, "LOGICA, ARGUMENTARE SI COMUNICARE": {"medie": 8.354687499999999, "reusita": 96.875, "cnt": 32}, "CHIMIE ORGANICA TEO NIVEL I/II": {"medie": 8.77, "reusita": 100.0, "cnt": 5}, "MATEMATICA ST-NAT": {"medie": 9.12719298245614, "reusita": 100.0, "cnt": 57}, "FIZICA TEO": {"medie": 9.45, "reusita": 100.0, "cnt": 2}, "GEOGRAFIE": {"medie": 8.491304347826084, "reusita": 100.0, "cnt": 23}, "PSIHOLOGIE": {"medie": 8.0375, "reusita": 100.0, "cnt": 4}, "ANATOMIE SI FIZIOLOGIE UMANA, GENETICA SI ECOLOGIE UMANA": {"medie": 8.49210526315789, "reusita": 100.0, "cnt": 38}, "CHIMIE ANORGANICA TEO NIVEL I/II": {"medie": 7.558333333333333, "reusita": 83.33333333333334, "cnt": 6}, "INFORMATICA SN C/C++": {"medie": 7.95, "reusita": 83.33333333333334, "cnt": 6}, "LIMBA GERMANA": {"medie": 7.629741379310342, "reusita": 98.27586206896551, "cnt": 116}}, "nume": "COLEGIUL NATIONAL \"JOHANNES HONTERUS\" BRASOV\tBra\u0219ov"}