{"specializari": {"FILOLOGIE": 62, "MATEMATICA-INFORMATICA": 76, "STIINTE SOCIALE": 36, "STIINTE ALE NATURII": 29}, "limba_moderna": {"LIMBA ENGLEZA": 198, "LIMBA FRANCEZA": 5}, "limba_materna": {"LIMBA ROMANA": 203}, "promotie_anterioara": {"NU": 202, "DA": 1}, "materii": {"LIMBA ROMANA": {"medie": 8.256650246305421, "reusita": 100.0, "cnt": 203}, "MATEMATICA MATE-INFO": {"medie": 8.538815789473682, "reusita": 98.68421052631578, "cnt": 76}, "INFORMATICA MI C/C++": {"medie": 8.80952380952381, "reusita": 100.0, "cnt": 21}, "GENERAL": {"medie": 8.46929392446634, "reusita": 99.01477832512316, "cnt": 203}, "ISTORIE": {"medie": 8.54438775510204, "reusita": 100.0, "cnt": 98}, "LOGICA, ARGUMENTARE SI COMUNICARE": {"medie": 8.867424242424242, "reusita": 100.0, "cnt": 66}, "CHIMIE ORGANICA TEO NIVEL I/II": {"medie": 8.935714285714287, "reusita": 100.0, "cnt": 21}, "MATEMATICA ST-NAT": {"medie": 7.891379310344828, "reusita": 100.0, "cnt": 29}, "FIZICA TEO": {"medie": 9.30625, "reusita": 100.0, "cnt": 16}, "GEOGRAFIE": {"medie": 8.524193548387096, "reusita": 100.0, "cnt": 31}, "ANATOMIE SI FIZIOLOGIE UMANA, GENETICA SI ECOLOGIE UMANA": {"medie": 8.15340909090909, "reusita": 100.0, "cnt": 44}, "BIOLOGIE VEGETALA SI ANIMALA": {"medie": 9.366666666666667, "reusita": 100.0, "cnt": 3}, "SOCIOLOGIE": {"medie": 8.65, "reusita": 100.0, "cnt": 1}}, "nume": "COLEGIUL NATIONAL \"GHEORGHE TITEICA\"\tMehedin\u021bi"}