{"specializari": {"INVATATOR - EDUCATOARE": 58, "FILOLOGIE": 62, "STIINTE ALE NATURII": 2}, "limba_moderna": {"LIMBA ENGLEZA": 115, "LIMBA FRANCEZA": 7}, "limba_materna": {"LIMBA ROMANA": 122}, "promotie_anterioara": {"NU": 119, "DA": 3}, "materii": {"LIMBA ROMANA": {"medie": 7.5200819672131125, "reusita": 97.54098360655738, "cnt": 122}, "GENERAL": {"medie": 8.151092896174863, "reusita": 94.26229508196722, "cnt": 122}, "ISTORIE": {"medie": 7.551612903225807, "reusita": 95.16129032258065, "cnt": 62}, "LOGICA, ARGUMENTARE SI COMUNICARE": {"medie": 8.975213675213677, "reusita": 99.14529914529915, "cnt": 117}, "GEOGRAFIE": {"medie": 9.125, "reusita": 100.0, "cnt": 2}, "MATEMATICA ST-NAT": {"medie": 5.875, "reusita": 100.0, "cnt": 2}, "PSIHOLOGIE": {"medie": 9.65, "reusita": 100.0, "cnt": 1}, "ANATOMIE SI FIZIOLOGIE UMANA, GENETICA SI ECOLOGIE UMANA": {"medie": 7.225, "reusita": 100.0, "cnt": 2}, "MATEMATICA PED": {"medie": 8.507758620689657, "reusita": 98.27586206896551, "cnt": 58}}, "nume": "COLEGIUL NATIONAL PEDAGOGIC \"CAROL I\" CAMPULUNG\tArge\u0219"}