{"specializari": {"MATEMATICA-INFORMATICA": 114, "STIINTE SOCIALE": 54, "STIINTE ALE NATURII": 57}, "limba_moderna": {"LIMBA ENGLEZA": 189, "LIMBA FRANCEZA": 21, "LIMBA GERMANA MODERNA": 15}, "limba_materna": {"LIMBA ROMANA": 225}, "promotie_anterioara": {"NU": 225}, "materii": {"LIMBA ROMANA": {"medie": 8.758444444444448, "reusita": 100.0, "cnt": 225}, "MATEMATICA MATE-INFO": {"medie": 8.924561403508768, "reusita": 100.0, "cnt": 114}, "INFORMATICA MI C/C++": {"medie": 9.265116279069764, "reusita": 100.0, "cnt": 43}, "GENERAL": {"medie": 8.89518518518518, "reusita": 99.55555555555556, "cnt": 225}, "ISTORIE": {"medie": 8.993518518518519, "reusita": 100.0, "cnt": 54}, "LOGICA, ARGUMENTARE SI COMUNICARE": {"medie": 8.999999999999998, "reusita": 100.0, "cnt": 27}, "GEOGRAFIE": {"medie": 9.112499999999999, "reusita": 100.0, "cnt": 12}, "FIZICA TEO": {"medie": 8.5375, "reusita": 100.0, "cnt": 16}, "CHIMIE ORGANICA TEO NIVEL I/II": {"medie": 9.48, "reusita": 100.0, "cnt": 10}, "MATEMATICA ST-NAT": {"medie": 9.094736842105261, "reusita": 100.0, "cnt": 57}, "PSIHOLOGIE": {"medie": 8.575, "reusita": 100.0, "cnt": 2}, "SOCIOLOGIE": {"medie": 8.096153846153845, "reusita": 100.0, "cnt": 13}, "ANATOMIE SI FIZIOLOGIE UMANA, GENETICA SI ECOLOGIE UMANA": {"medie": 8.894000000000002, "reusita": 100.0, "cnt": 100}, "INFORMATICA SN C/C++": {"medie": 9.1, "reusita": 100.0, "cnt": 2}}, "nume": "COLEGIUL NATIONAL \"PETRU RARES\" SUCEAVA\tSuceava"}