{"specializari": {"FILOLOGIE": 28, "TEHNICIAN IN ACTIVITATI ECONOMICE": 16, "MATEMATICA-INFORMATICA": 2, "TEHNICIAN ECOLOG SI PROTECTIA CALITATII MEDIULUI": 1, "TEHNICIAN IN SILVICULTURA SI EXPLOATARI FORESTIERE": 3}, "limba_moderna": {"LIMBA ENGLEZA": 50}, "limba_materna": {"LIMBA ROMANA": 50}, "promotie_anterioara": {"NU": 42, "DA": 8}, "materii": {"LIMBA ROMANA": {"medie": 6.092857142857143, "reusita": 76.0, "cnt": 50}, "MATEMATICA MATE-INFO": {"medie": 5.575, "reusita": 100.0, "cnt": 2}, "GENERAL": {"medie": 6.133333333333332, "reusita": 56.00000000000001, "cnt": 50}, "ISTORIE": {"medie": 6.374999999999999, "reusita": 85.71428571428571, "cnt": 28}, "GEOGRAFIE": {"medie": 6.990909090909091, "reusita": 86.36363636363636, "cnt": 44}, "ANATOMIE SI FIZIOLOGIE UMANA, GENETICA SI ECOLOGIE UMANA": {"medie": 4.01, "reusita": 40.0, "cnt": 5}, "BIOLOGIE VEGETALA SI ANIMALA": {"medie": "-", "reusita": 0.0, "cnt": 1}, "MATEMATICA TEHN": {"medie": 4.036111111111111, "reusita": 40.0, "cnt": 20}}, "nume": "COLEGIUL TEHNIC NR.1 VADU CRISULUI\tBihor"}