{"specializari": {"TEHNICIAN IN ACTIVITATI ECONOMICE": 49, "TEHNICIAN IN ACTIVITATI DE COMERT": 28, "TEHNICIAN IN TURISM": 35, "TEHNICIAN IN GASTRONOMIE": 31, "TEHNICIAN IN ADMINISTRATIE": 1}, "limba_moderna": {"LIMBA ENGLEZA": 128, "LIMBA FRANCEZA": 15, "LIMBA RUSA": 1}, "limba_materna": {"LIMBA ROMANA": 144}, "promotie_anterioara": {"NU": 120, "DA": 24}, "materii": {"LIMBA ROMANA": {"medie": 6.445833333333334, "reusita": 95.83333333333334, "cnt": 144}, "GENERAL": {"medie": 6.982276995305162, "reusita": 77.08333333333334, "cnt": 144}, "LOGICA, ARGUMENTARE SI COMUNICARE": {"medie": 8.18, "reusita": 92.3076923076923, "cnt": 65}, "GEOGRAFIE": {"medie": 7.222666666666667, "reusita": 88.1578947368421, "cnt": 76}, "ECONOMIE": {"medie": 7.3, "reusita": 100.0, "cnt": 3}, "MATEMATICA TEHN": {"medie": 6.792307692307692, "reusita": 87.5, "cnt": 144}}, "nume": "COLEGIUL ECONOMIC \"DELTA DUNARII\" TULCEA\tTulcea"}