{"specializari": {"TEHNICIAN IN ACTIVITATI ECONOMICE": 87, "TEHNICIAN IN ADMINISTRATIE": 21, "TEHNICIAN IN HOTELARIE": 21, "TEHNICIAN IN TURISM": 32, "ORGANIZATOR BANQUETING": 5, "TEHNICIAN IN ACTIVITATI DE COMERT": 3}, "limba_moderna": {"LIMBA ENGLEZA": 167, "LIMBA FRANCEZA": 2}, "limba_materna": {"LIMBA ROMANA": 169}, "promotie_anterioara": {"NU": 154, "DA": 15}, "materii": {"LIMBA ROMANA": {"medie": 6.159281437125748, "reusita": 85.79881656804734, "cnt": 169}, "GENERAL": {"medie": 6.864959839357428, "reusita": 70.41420118343196, "cnt": 169}, "GEOGRAFIE": {"medie": 7.7515151515151555, "reusita": 97.57575757575758, "cnt": 165}, "MATEMATICA TEHN": {"medie": 6.686826347305387, "reusita": 83.4319526627219, "cnt": 169}, "ECONOMIE": {"medie": 4.3, "reusita": 25.0, "cnt": 4}}, "nume": "COLEGIUL ECONOMIC \"VIRGIL MADGEARU\" TARGU JIU\tGorj"}