{"specializari": {"STIINTE SOCIALE": 31, "MATEMATICA-INFORMATICA": 141, "STIINTE ALE NATURII": 27}, "limba_moderna": {"LIMBA ENGLEZA": 187, "LIMBA GERMANA MODERNA": 12}, "limba_materna": {"LIMBA ROMANA": 199}, "promotie_anterioara": {"NU": 199}, "materii": {"LIMBA ROMANA": {"medie": 8.574371859296484, "reusita": 100.0, "cnt": 199}, "MATEMATICA MATE-INFO": {"medie": 8.6436170212766, "reusita": 98.58156028368793, "cnt": 141}, "INFORMATICA MI C/C++": {"medie": 8.834374999999998, "reusita": 100.0, "cnt": 64}, "GENERAL": {"medie": 8.708877721943047, "reusita": 97.98994974874373, "cnt": 199}, "ISTORIE": {"medie": 9.506451612903225, "reusita": 100.0, "cnt": 31}, "LOGICA, ARGUMENTARE SI COMUNICARE": {"medie": 9.30909090909091, "reusita": 100.0, "cnt": 22}, "GEOGRAFIE": {"medie": 9.35, "reusita": 100.0, "cnt": 8}, "FIZICA TEO": {"medie": 8.904545454545454, "reusita": 100.0, "cnt": 11}, "CHIMIE ORGANICA TEO NIVEL I/II": {"medie": 9.389999999999999, "reusita": 100.0, "cnt": 15}, "MATEMATICA ST-NAT": {"medie": 8.99074074074074, "reusita": 100.0, "cnt": 27}, "ANATOMIE SI FIZIOLOGIE UMANA, GENETICA SI ECOLOGIE UMANA": {"medie": 8.241333333333333, "reusita": 96.0, "cnt": 75}, "BIOLOGIE VEGETALA SI ANIMALA": {"medie": 8.600000000000001, "reusita": 100.0, "cnt": 3}, "FILOSOFIE": {"medie": 9.0, "reusita": 100.0, "cnt": 1}}, "nume": "COLEGIUL NATIONAL \"GHEORGHE SINCAI\" BAIA MARE\tMaramure\u0219"}