{"specializari": {"MATEMATICA-INFORMATICA": 27, "STIINTE ALE NATURII": 28, "STIINTE SOCIALE": 36, "FILOLOGIE": 34, "TEHNICIAN IN ACTIVITATI ECONOMICE": 38}, "limba_moderna": {"LIMBA ENGLEZA": 157, "LIMBA FRANCEZA": 6}, "limba_materna": {"LIMBA ROMANA": 163}, "promotie_anterioara": {"NU": 146, "DA": 17}, "materii": {"LIMBA ROMANA": {"medie": 7.392024539877301, "reusita": 96.93251533742331, "cnt": 163}, "MATEMATICA MATE-INFO": {"medie": 8.409259259259258, "reusita": 100.0, "cnt": 27}, "INFORMATICA MI C/C++": {"medie": 9.049999999999999, "reusita": 100.0, "cnt": 11}, "GENERAL": {"medie": 7.628395061728398, "reusita": 87.11656441717791, "cnt": 163}, "ISTORIE": {"medie": 6.9192857142857145, "reusita": 97.14285714285714, "cnt": 70}, "LOGICA, ARGUMENTARE SI COMUNICARE": {"medie": 7.15, "reusita": 100.0, "cnt": 2}, "GEOGRAFIE": {"medie": 8.20223880597015, "reusita": 98.50746268656717, "cnt": 67}, "CHIMIE ORGANICA TEO NIVEL I/II": {"medie": 9.733333333333334, "reusita": 100.0, "cnt": 3}, "MATEMATICA ST-NAT": {"medie": 7.910714285714286, "reusita": 96.42857142857143, "cnt": 28}, "PSIHOLOGIE": {"medie": 9.3, "reusita": 100.0, "cnt": 1}, "SOCIOLOGIE": {"medie": 7.227631578947368, "reusita": 94.73684210526315, "cnt": 38}, "ANATOMIE SI FIZIOLOGIE UMANA, GENETICA SI ECOLOGIE UMANA": {"medie": 8.129268292682926, "reusita": 97.5609756097561, "cnt": 41}, "MATEMATICA TEHN": {"medie": 7.030263157894738, "reusita": 97.36842105263158, "cnt": 38}}, "nume": "COLEGIUL NATIONAL \"PETRU RARES\" BECLEAN\tBistri\u021ba-N\u0103s\u0103ud"}