{"specializari": {"STIINTE SOCIALE": 41, "FILOLOGIE": 37, "MATEMATICA-INFORMATICA": 32, "STIINTE ALE NATURII": 70}, "limba_moderna": {"LIMBA ENGLEZA": 174, "LIMBA GERMANA MODERNA": 5, "LIMBA FRANCEZA": 1}, "limba_materna": {"LIMBA ROMANA": 180}, "promotie_anterioara": {"NU": 154, "DA": 26}, "materii": {"LIMBA ROMANA": {"medie": 7.193258426966292, "reusita": 96.66666666666667, "cnt": 180}, "MATEMATICA MATE-INFO": {"medie": 7.1921875, "reusita": 93.75, "cnt": 32}, "INFORMATICA MI C/C++": {"medie": 7.596428571428572, "reusita": 92.85714285714286, "cnt": 14}, "GENERAL": {"medie": 7.491242937853109, "reusita": 84.44444444444444, "cnt": 180}, "ISTORIE": {"medie": 7.785064935064939, "reusita": 97.43589743589743, "cnt": 78}, "LOGICA, ARGUMENTARE SI COMUNICARE": {"medie": 8.78235294117647, "reusita": 100.0, "cnt": 34}, "GEOGRAFIE": {"medie": 7.744444444444448, "reusita": 97.22222222222221, "cnt": 36}, "FIZICA TEO": {"medie": 8.033333333333333, "reusita": 100.0, "cnt": 3}, "CHIMIE ORGANICA TEO NIVEL I/II": {"medie": 9.3, "reusita": 100.0, "cnt": 1}, "MATEMATICA ST-NAT": {"medie": 7.419565217391306, "reusita": 91.42857142857143, "cnt": 70}, "PSIHOLOGIE": {"medie": 7.516666666666667, "reusita": 100.0, "cnt": 3}, "SOCIOLOGIE": {"medie": 7.799999999999999, "reusita": 100.0, "cnt": 5}, "ANATOMIE SI FIZIOLOGIE UMANA, GENETICA SI ECOLOGIE UMANA": {"medie": 7.1957746478873235, "reusita": 93.05555555555556, "cnt": 72}, "CHIMIE ANORGANICA TEO NIVEL I/II": {"medie": 7.408333333333334, "reusita": 83.33333333333334, "cnt": 6}, "BIOLOGIE VEGETALA SI ANIMALA": {"medie": 7.150000000000001, "reusita": 100.0, "cnt": 3}, "INFORMATICA SN C/C++": {"medie": 7.733333333333333, "reusita": 100.0, "cnt": 3}}, "nume": "COLEGIUL \"NICOLAE TITULESCU\" BRASOV\tBra\u0219ov"}