{"specializari": {"INVATATOR - EDUCATOARE": 61, "MATEMATICA-INFORMATICA": 27, "EDUCATOR-PUERICULTOR": 27, "STIINTE ALE NATURII": 31, "FILOLOGIE": 33}, "limba_moderna": {"LIMBA ENGLEZA": 147, "LIMBA GERMANA MODERNA": 13, "LIMBA FRANCEZA": 4, "LIMBA SPANIOLA": 14, "LIMBA ITALIANA": 1}, "limba_materna": {"LIMBA ROMANA": 179}, "promotie_anterioara": {"NU": 179}, "materii": {"LIMBA ROMANA": {"medie": 8.655865921787708, "reusita": 100.0, "cnt": 179}, "MATEMATICA MATE-INFO": {"medie": 9.003703703703705, "reusita": 100.0, "cnt": 27}, "INFORMATICA MI C/C++": {"medie": 8.616666666666665, "reusita": 100.0, "cnt": 3}, "GENERAL": {"medie": 8.755214152700189, "reusita": 98.88268156424581, "cnt": 179}, "ISTORIE": {"medie": 8.023333333333335, "reusita": 100.0, "cnt": 60}, "LOGICA, ARGUMENTARE SI COMUNICARE": {"medie": 9.024000000000003, "reusita": 100.0, "cnt": 100}, "CHIMIE ORGANICA TEO NIVEL I/II": {"medie": 9.209090909090907, "reusita": 100.0, "cnt": 11}, "MATEMATICA ST-NAT": {"medie": 8.61774193548387, "reusita": 100.0, "cnt": 31}, "FIZICA TEO": {"medie": 8.424999999999999, "reusita": 100.0, "cnt": 20}, "GEOGRAFIE": {"medie": 9.28181818181818, "reusita": 100.0, "cnt": 11}, "PSIHOLOGIE": {"medie": 9.34375, "reusita": 100.0, "cnt": 8}, "ANATOMIE SI FIZIOLOGIE UMANA, GENETICA SI ECOLOGIE UMANA": {"medie": 8.623333333333335, "reusita": 100.0, "cnt": 15}, "BIOLOGIE VEGETALA SI ANIMALA": {"medie": 9.2, "reusita": 100.0, "cnt": 4}, "SOCIOLOGIE": {"medie": 7.300000000000001, "reusita": 100.0, "cnt": 2}, "INFORMATICA SN C/C++": {"medie": 8.59, "reusita": 100.0, "cnt": 5}, "MATEMATICA PED": {"medie": 9.211475409836067, "reusita": 98.36065573770492, "cnt": 61}}, "nume": "COLEGIUL NATIONAL PEDAGOGIC \"REGINA MARIA\", MUNICIPIUL PLOIESTI\tPrahova"}