{"specializari": {"TEHNICIAN IN ACTIVITATI ECONOMICE": 21, "TEHNICIAN AGROMONTAN": 2, "TEHNICIAN VETERINAR": 19, "TEHNICIAN IN ACTIVITATI DE COMERT": 1, "TEHNICIAN IN INDUSTRIA ALIMENTARA": 3, "TEHNICIAN IN AGROTURISM": 2, "TEHNICIAN ANALIZE PRODUSE ALIMENTARE": 1}, "limba_moderna": {"LIMBA ENGLEZA": 47, "LIMBA FRANCEZA": 2}, "limba_materna": {"LIMBA ROMANA": 49}, "promotie_anterioara": {"NU": 34, "DA": 15}, "materii": {"LIMBA ROMANA": {"medie": 5.118367346938776, "reusita": 73.46938775510205, "cnt": 49}, "GENERAL": {"medie": 5.2725694444444455, "reusita": 28.57142857142857, "cnt": 49}, "LOGICA, ARGUMENTARE SI COMUNICARE": {"medie": 6.362500000000001, "reusita": 66.66666666666666, "cnt": 9}, "GEOGRAFIE": {"medie": 6.3538461538461535, "reusita": 76.92307692307693, "cnt": 13}, "ANATOMIE SI FIZIOLOGIE UMANA, GENETICA SI ECOLOGIE UMANA": {"medie": 5.253846153846153, "reusita": 65.38461538461539, "cnt": 26}, "BIOLOGIE VEGETALA SI ANIMALA": {"medie": 3.1, "reusita": 0.0, "cnt": 1}, "MATEMATICA TEHN": {"medie": 4.9875, "reusita": 69.38775510204081, "cnt": 49}}, "nume": "COLEGIUL PENTRU AGRICULTURA SI INDUSTRIE ALIMENTARA \"TARA BARSEI\" PREJMER\tBra\u0219ov"}