{"specializari": {"MATEMATICA-INFORMATICA": 90, "STIINTE SOCIALE": 63, "STIINTE ALE NATURII": 61, "FILOLOGIE": 32}, "limba_moderna": {"LIMBA ENGLEZA": 224, "LIMBA FRANCEZA": 21, "LIMBA GERMANA MODERNA": 1}, "limba_materna": {"LIMBA ROMANA": 246}, "promotie_anterioara": {"NU": 246}, "materii": {"LIMBA ROMANA": {"medie": 8.360569105691054, "reusita": 99.59349593495935, "cnt": 246}, "MATEMATICA MATE-INFO": {"medie": 9.00111111111111, "reusita": 97.77777777777777, "cnt": 90}, "INFORMATICA MI C/C++": {"medie": 9.093103448275862, "reusita": 100.0, "cnt": 29}, "GENERAL": {"medie": 8.931967213114758, "reusita": 98.3739837398374, "cnt": 246}, "ISTORIE": {"medie": 9.401063829787235, "reusita": 98.94736842105263, "cnt": 95}, "LOGICA, ARGUMENTARE SI COMUNICARE": {"medie": 9.472641509433963, "reusita": 100.0, "cnt": 53}, "CHIMIE ORGANICA TEO NIVEL I/II": {"medie": 9.322058823529414, "reusita": 100.0, "cnt": 34}, "MATEMATICA ST-NAT": {"medie": 9.354918032786886, "reusita": 100.0, "cnt": 61}, "FIZICA TEO": {"medie": 9.130263157894735, "reusita": 100.0, "cnt": 38}, "GEOGRAFIE": {"medie": 9.392307692307693, "reusita": 92.85714285714286, "cnt": 14}, "PSIHOLOGIE": {"medie": 9.150000000000002, "reusita": 100.0, "cnt": 10}, "ANATOMIE SI FIZIOLOGIE UMANA, GENETICA SI ECOLOGIE UMANA": {"medie": 8.513636363636364, "reusita": 100.0, "cnt": 33}, "CHIMIE ANORGANICA TEO NIVEL I/II": {"medie": 9.9, "reusita": 100.0, "cnt": 1}, "BIOLOGIE VEGETALA SI ANIMALA": {"medie": 9.335714285714285, "reusita": 93.33333333333333, "cnt": 15}, "SOCIOLOGIE": {"medie": 8.931818181818182, "reusita": 100.0, "cnt": 11}, "INFORMATICA SN C/C++": {"medie": 10.0, "reusita": 100.0, "cnt": 1}, "FILOSOFIE": {"medie": 9.4, "reusita": 100.0, "cnt": 1}, "ECONOMIE": {"medie": 8.775, "reusita": 100.0, "cnt": 6}}, "nume": "COLEGIUL NATIONAL \"SPIRU HARET\"\tBucure\u0219ti"}