{"specializari": {"STIINTE ALE NATURII": 79, "STIINTE SOCIALE": 67, "MATEMATICA-INFORMATICA": 49}, "limba_moderna": {"LIMBA ENGLEZA": 184, "LIMBA GERMANA MODERNA": 11}, "limba_materna": {"LIMBA ROMANA": 185, "LIMBA GERMANA": 10}, "promotie_anterioara": {"NU": 195}, "materii": {"LIMBA ROMANA": {"medie": 8.347680412371135, "reusita": 99.48717948717949, "cnt": 195}, "MATEMATICA MATE-INFO": {"medie": 9.109183673469389, "reusita": 100.0, "cnt": 49}, "INFORMATICA MI C/C++": {"medie": 8.749999999999998, "reusita": 100.0, "cnt": 11}, "GENERAL": {"medie": 8.694974226804122, "reusita": 97.94871794871794, "cnt": 195}, "ISTORIE": {"medie": 8.301515151515149, "reusita": 95.52238805970148, "cnt": 67}, "LOGICA, ARGUMENTARE SI COMUNICARE": {"medie": 9.167021276595746, "reusita": 97.91666666666666, "cnt": 48}, "CHIMIE ORGANICA TEO NIVEL I/II": {"medie": 8.890909090909092, "reusita": 100.0, "cnt": 11}, "MATEMATICA ST-NAT": {"medie": 9.233544303797471, "reusita": 100.0, "cnt": 79}, "FIZICA TEO": {"medie": 9.468749999999998, "reusita": 100.0, "cnt": 24}, "GEOGRAFIE": {"medie": 8.51388888888889, "reusita": 100.0, "cnt": 18}, "PSIHOLOGIE": {"medie": 8.8, "reusita": 100.0, "cnt": 1}, "ANATOMIE SI FIZIOLOGIE UMANA, GENETICA SI ECOLOGIE UMANA": {"medie": 8.636538461538462, "reusita": 98.71794871794873, "cnt": 78}, "INFORMATICA SN C/C++": {"medie": 9.212499999999999, "reusita": 100.0, "cnt": 4}, "LIMBA GERMANA": {"medie": 7.375, "reusita": 100.0, "cnt": 10}}, "nume": "COLEGIUL NATIONAL \"ALEXANDRU PAPIU ILARIAN\" TIRGU MURES\tMure\u0219"}