{"specializari": {"TEHNICIAN IN ACTIVITATI ECONOMICE": 20, "TEHNICIAN IN AGRICULTURA ECOLOGICA": 28, "ORGANIZATOR BANQUETING": 27, "TEHNICIAN ANALIZE PRODUSE ALIMENTARE": 25, "TEHNICIAN ECOLOG SI PROTECTIA CALITATII MEDIULUI": 17}, "limba_moderna": {"LIMBA ENGLEZA": 102, "LIMBA FRANCEZA": 15}, "limba_materna": {"LIMBA ROMANA": 117}, "promotie_anterioara": {"NU": 103, "DA": 14}, "materii": {"LIMBA ROMANA": {"medie": 6.121982758620688, "reusita": 94.01709401709401, "cnt": 117}, "GENERAL": {"medie": 6.603273809523808, "reusita": 65.8119658119658, "cnt": 117}, "LOGICA, ARGUMENTARE SI COMUNICARE": {"medie": 7.05, "reusita": 100.0, "cnt": 1}, "GEOGRAFIE": {"medie": 7.500000000000001, "reusita": 97.77777777777777, "cnt": 45}, "PSIHOLOGIE": {"medie": 7.2, "reusita": 100.0, "cnt": 1}, "ANATOMIE SI FIZIOLOGIE UMANA, GENETICA SI ECOLOGIE UMANA": {"medie": 6.422807017543863, "reusita": 77.04918032786885, "cnt": 61}, "BIOLOGIE VEGETALA SI ANIMALA": {"medie": 6.824999999999999, "reusita": 100.0, "cnt": 2}, "MATEMATICA TEHN": {"medie": 6.828879310344829, "reusita": 93.16239316239316, "cnt": 117}, "CHIMIE ANORGANICA TEH NIVEL I/II": {"medie": 4.964285714285714, "reusita": 71.42857142857143, "cnt": 7}}, "nume": "COLEGIUL AGRICOL SI DE INDUSTRIE ALIMENTARA \"VASILE ADAMACHI\", IASI\tIa\u0219i"}