{"specializari": {"INVATATOR - EDUCATOARE": 89, "TEOLOGIE ROMANO-CATOLICA": 30, "EDUCATOR-PUERICULTOR": 25}, "limba_moderna": {"LIMBA FRANCEZA": 10, "LIMBA ENGLEZA": 134}, "limba_materna": {"LIMBA ROMANA": 144}, "promotie_anterioara": {"NU": 142, "DA": 2}, "materii": {"LIMBA ROMANA": {"medie": 7.8972222222222195, "reusita": 99.30555555555556, "cnt": 144}, "GENERAL": {"medie": 8.29189814814815, "reusita": 94.44444444444444, "cnt": 144}, "ISTORIE": {"medie": 7.946363636363639, "reusita": 100.0, "cnt": 55}, "LOGICA, ARGUMENTARE SI COMUNICARE": {"medie": 9.000000000000002, "reusita": 97.82608695652173, "cnt": 46}, "GEOGRAFIE": {"medie": 8.561340206185566, "reusita": 100.0, "cnt": 97}, "PSIHOLOGIE": {"medie": 8.6, "reusita": 100.0, "cnt": 1}, "MATEMATICA PED": {"medie": 8.480898876404497, "reusita": 96.62921348314607, "cnt": 89}}, "nume": "COLEGIUL NATIONAL PEDAGOGIC \"VASILE LUPU\", IASI\tIa\u0219i"}