{"specializari": {"FILOLOGIE": 67, "STIINTE SOCIALE": 34, "STIINTE ALE NATURII": 33, "MATEMATICA-INFORMATICA": 25}, "limba_moderna": {"LIMBA ENGLEZA": 117, "LIMBA SPANIOLA": 22, "LIMBA FRANCEZA": 19, "LIMBA GERMANA MODERNA": 1}, "limba_materna": {"LIMBA ROMANA": 159}, "promotie_anterioara": {"NU": 157, "DA": 2}, "materii": {"LIMBA ROMANA": {"medie": 8.164150943396221, "reusita": 99.37106918238993, "cnt": 159}, "MATEMATICA MATE-INFO": {"medie": 8.258, "reusita": 96.0, "cnt": 25}, "INFORMATICA MI C/C++": {"medie": 7.686363636363635, "reusita": 100.0, "cnt": 11}, "GENERAL": {"medie": 8.35985324947589, "reusita": 97.48427672955975, "cnt": 159}, "ISTORIE": {"medie": 8.41633663366337, "reusita": 100.0, "cnt": 101}, "LOGICA, ARGUMENTARE SI COMUNICARE": {"medie": 8.789534883720926, "reusita": 100.0, "cnt": 86}, "GEOGRAFIE": {"medie": 8.75, "reusita": 100.0, "cnt": 11}, "CHIMIE ORGANICA TEO NIVEL I/II": {"medie": 7.2, "reusita": 100.0, "cnt": 1}, "MATEMATICA ST-NAT": {"medie": 8.559090909090909, "reusita": 100.0, "cnt": 33}, "PSIHOLOGIE": {"medie": 9.15, "reusita": 100.0, "cnt": 1}, "ANATOMIE SI FIZIOLOGIE UMANA, GENETICA SI ECOLOGIE UMANA": {"medie": 8.138888888888891, "reusita": 100.0, "cnt": 36}, "CHIMIE ANORGANICA TEO NIVEL I/II": {"medie": 7.300000000000001, "reusita": 75.0, "cnt": 4}, "BIOLOGIE VEGETALA SI ANIMALA": {"medie": 5.3, "reusita": 100.0, "cnt": 1}, "INFORMATICA SN C/C++": {"medie": 8.76, "reusita": 100.0, "cnt": 5}, "FILOSOFIE": {"medie": 8.75, "reusita": 100.0, "cnt": 3}}, "nume": "COLEGIUL NATIONAL \"UNIREA\" BRASOV\tBra\u0219ov"}