{"specializari": {"LICEU CU PROGRAM SPORTIV": 70, "FILOLOGIE": 33, "MATEMATICA-INFORMATICA": 26}, "limba_moderna": {"LIMBA ENGLEZA": 129}, "limba_materna": {"LIMBA ROMANA": 129}, "promotie_anterioara": {"NU": 117, "DA": 12}, "materii": {"LIMBA ROMANA": {"medie": 6.603968253968254, "reusita": 89.14728682170544, "cnt": 129}, "MATEMATICA MATE-INFO": {"medie": 7.238461538461538, "reusita": 92.3076923076923, "cnt": 26}, "INFORMATICA MI C/C++": {"medie": 6.025, "reusita": 100.0, "cnt": 2}, "GENERAL": {"medie": 7.242592592592589, "reusita": 81.3953488372093, "cnt": 129}, "ISTORIE": {"medie": 7.094500000000002, "reusita": 90.29126213592234, "cnt": 103}, "LOGICA, ARGUMENTARE SI COMUNICARE": {"medie": 8.361111111111112, "reusita": 86.20689655172413, "cnt": 29}, "CHIMIE ORGANICA TEO NIVEL I/II": {"medie": 9.5, "reusita": 100.0, "cnt": 2}, "FIZICA TEO": {"medie": 8.4125, "reusita": 100.0, "cnt": 4}, "GEOGRAFIE": {"medie": 8.0734375, "reusita": 96.92307692307692, "cnt": 65}, "PSIHOLOGIE": {"medie": 7.9125, "reusita": 100.0, "cnt": 8}, "ANATOMIE SI FIZIOLOGIE UMANA, GENETICA SI ECOLOGIE UMANA": {"medie": 7.294444444444443, "reusita": 100.0, "cnt": 18}, "FILOSOFIE": {"medie": 6.2, "reusita": 100.0, "cnt": 1}}, "nume": "COLEGIUL NATIONAL \"EMIL RACOVITA\"\tBucure\u0219ti"}