{"specializari": {"MATEMATICA-INFORMATICA": 85, "FILOLOGIE": 96, "STIINTE ALE NATURII": 25}, "limba_moderna": {"LIMBA ENGLEZA": 205, "LIMBA FRANCEZA": 1}, "limba_materna": {"LIMBA ROMANA": 206}, "promotie_anterioara": {"NU": 193, "DA": 13}, "materii": {"LIMBA ROMANA": {"medie": 7.508088235294117, "reusita": 94.66019417475728, "cnt": 206}, "MATEMATICA MATE-INFO": {"medie": 7.828823529411765, "reusita": 96.47058823529412, "cnt": 85}, "INFORMATICA MI C/C++": {"medie": 6.9111111111111105, "reusita": 88.88888888888889, "cnt": 9}, "GENERAL": {"medie": 7.586863711001644, "reusita": 83.98058252427184, "cnt": 206}, "ISTORIE": {"medie": 7.229255319148934, "reusita": 92.70833333333334, "cnt": 96}, "LOGICA, ARGUMENTARE SI COMUNICARE": {"medie": 8.27727272727273, "reusita": 91.66666666666666, "cnt": 12}, "CHIMIE ORGANICA TEO NIVEL I/II": {"medie": 9.549999999999999, "reusita": 100.0, "cnt": 3}, "MATEMATICA ST-NAT": {"medie": 5.78, "reusita": 72.0, "cnt": 25}, "FIZICA TEO": {"medie": 8.996428571428572, "reusita": 100.0, "cnt": 14}, "GEOGRAFIE": {"medie": 8.101851851851851, "reusita": 96.36363636363636, "cnt": 55}, "PSIHOLOGIE": {"medie": 8.462499999999999, "reusita": 100.0, "cnt": 4}, "ANATOMIE SI FIZIOLOGIE UMANA, GENETICA SI ECOLOGIE UMANA": {"medie": 8.02160493827161, "reusita": 96.29629629629629, "cnt": 81}, "BIOLOGIE VEGETALA SI ANIMALA": {"medie": 6.4, "reusita": 100.0, "cnt": 2}, "SOCIOLOGIE": {"medie": 6.673333333333334, "reusita": 81.25, "cnt": 16}, "INFORMATICA SN C/C++": {"medie": 5.0, "reusita": 100.0, "cnt": 1}, "FILOSOFIE": {"medie": 7.011111111111112, "reusita": 88.88888888888889, "cnt": 9}}, "nume": "COLEGIUL NATIONAL \"ALEXANDRU IOAN CUZA\" ALEXANDRIA\tTeleorman"}