{"specializari": {"TEHNICIAN IN TURISM": 29, "MATEMATICA-INFORMATICA": 30, "TEHNICIAN IN ACTIVITATI ECONOMICE": 120, "TEHNICIAN IN ACHIZITII SI CONTRACTARI": 56, "ORGANIZATOR BANQUETING": 28, "TEHNICIAN IN GASTRONOMIE": 2, "TEHNICIAN IN ACTIVITATI DE COMERT": 1}, "limba_moderna": {"LIMBA ENGLEZA": 263, "LIMBA FRANCEZA": 3}, "limba_materna": {"LIMBA ROMANA": 266}, "promotie_anterioara": {"NU": 258, "DA": 8}, "materii": {"LIMBA ROMANA": {"medie": 8.14755639097744, "reusita": 100.0, "cnt": 266}, "MATEMATICA MATE-INFO": {"medie": 8.388333333333334, "reusita": 100.0, "cnt": 30}, "INFORMATICA MI C/C++": {"medie": 8.465909090909092, "reusita": 100.0, "cnt": 22}, "GENERAL": {"medie": 8.420628930817612, "reusita": 98.1203007518797, "cnt": 266}, "LOGICA, ARGUMENTARE SI COMUNICARE": {"medie": 8.752102803738318, "reusita": 99.06976744186046, "cnt": 215}, "GEOGRAFIE": {"medie": 8.215625, "reusita": 100.0, "cnt": 16}, "FIZICA TEO": {"medie": 6.616666666666667, "reusita": 66.66666666666666, "cnt": 3}, "PSIHOLOGIE": {"medie": 8.4875, "reusita": 100.0, "cnt": 4}, "ANATOMIE SI FIZIOLOGIE UMANA, GENETICA SI ECOLOGIE UMANA": {"medie": 6.95, "reusita": 100.0, "cnt": 1}, "BIOLOGIE VEGETALA SI ANIMALA": {"medie": 6.737500000000001, "reusita": 100.0, "cnt": 4}, "ECONOMIE": {"medie": 7.75, "reusita": 100.0, "cnt": 1}, "MATEMATICA TEHN": {"medie": 8.476694915254235, "reusita": 99.57627118644068, "cnt": 236}}, "nume": "COLEGIUL ECONOMIC \"VIRGIL MADGEARU\", MUNICIPIUL PLOIESTI\tPrahova"}