{"specializari": {"STIINTE SOCIALE": 33, "STIINTE ALE NATURII": 38, "FILOLOGIE": 18}, "limba_moderna": {"LIMBA ENGLEZA": 89}, "limba_materna": {"LIMBA ROMANA": 72, "LIMBA GERMANA": 17}, "promotie_anterioara": {"NU": 76, "DA": 13}, "materii": {"LIMBA ROMANA": {"medie": 6.720454545454545, "reusita": 95.50561797752809, "cnt": 89}, "GENERAL": {"medie": 7.030028735632181, "reusita": 83.14606741573034, "cnt": 89}, "ISTORIE": {"medie": 6.639999999999999, "reusita": 98.0392156862745, "cnt": 51}, "LOGICA, ARGUMENTARE SI COMUNICARE": {"medie": 7.950000000000001, "reusita": 93.33333333333333, "cnt": 15}, "GEOGRAFIE": {"medie": 7.852941176470588, "reusita": 100.0, "cnt": 34}, "FIZICA TEO": {"medie": 8.481250000000001, "reusita": 100.0, "cnt": 8}, "CHIMIE ORGANICA TEO NIVEL I/II": {"medie": 7.949999999999999, "reusita": 100.0, "cnt": 2}, "MATEMATICA ST-NAT": {"medie": 7.165789473684211, "reusita": 89.47368421052632, "cnt": 38}, "PSIHOLOGIE": {"medie": 5.4, "reusita": 100.0, "cnt": 1}, "ANATOMIE SI FIZIOLOGIE UMANA, GENETICA SI ECOLOGIE UMANA": {"medie": 6.339999999999999, "reusita": 85.0, "cnt": 20}, "CHIMIE ANORGANICA TEO NIVEL I/II": {"medie": 7.63, "reusita": 100.0, "cnt": 5}, "BIOLOGIE VEGETALA SI ANIMALA": {"medie": 6.7, "reusita": 100.0, "cnt": 2}, "INFORMATICA SN C/C++": {"medie": 9.35, "reusita": 100.0, "cnt": 1}, "LIMBA GERMANA": {"medie": 6.3735294117647046, "reusita": 100.0, "cnt": 17}, "ECONOMIE": {"medie": 5.15, "reusita": 100.0, "cnt": 1}}, "nume": "COLEGIUL NATIONAL \"DOAMNA STANCA\" FAGARAS\tBra\u0219ov"}