{"specializari": {"INVATATOR - EDUCATOARE": 16, "TEHNICIAN IN ACTIVITATI ECONOMICE": 12, "TEHNICIAN IN INSTALATII ELECTRICE": 16}, "limba_moderna": {"LIMBA ENGLEZA": 44}, "limba_materna": {"LIMBA ROMANA": 44}, "promotie_anterioara": {"NU": 36, "DA": 8}, "materii": {"LIMBA ROMANA": {"medie": 6.203488372093025, "reusita": 79.54545454545455, "cnt": 44}, "GENERAL": {"medie": 5.781300813008131, "reusita": 40.909090909090914, "cnt": 44}, "GEOGRAFIE": {"medie": 7.529629629629628, "reusita": 92.85714285714286, "cnt": 28}, "BIOLOGIE VEGETALA SI ANIMALA": {"medie": 3.309375, "reusita": 18.75, "cnt": 16}, "MATEMATICA PED": {"medie": 6.165625, "reusita": 81.25, "cnt": 16}, "MATEMATICA TEHN": {"medie": 4.371153846153847, "reusita": 42.857142857142854, "cnt": 28}}, "nume": "COLEGIUL NATIONAL \"MIHAI EMINESCU\" TOPLITA\tHarghita"}