{"specializari": {"TEHNICIAN IN ACTIVITATI DE COMERT": 22, "TEHNICIAN IN ACTIVITATI ECONOMICE": 57, "TEHNICIAN IN ACHIZITII SI CONTRACTARI": 29, "TEHNICIAN IN TURISM": 2, "TEHNICIAN IN GASTRONOMIE": 1}, "limba_moderna": {"LIMBA ENGLEZA": 110, "LIMBA FRANCEZA": 1}, "limba_materna": {"LIMBA ROMANA": 109, "LIMBA MAGHIARA": 2}, "promotie_anterioara": {"NU": 104, "DA": 7}, "materii": {"LIMBA ROMANA": {"medie": 6.498648648648648, "reusita": 96.3963963963964, "cnt": 111}, "GENERAL": {"medie": 6.972083333333331, "reusita": 80.18018018018019, "cnt": 111}, "LOGICA, ARGUMENTARE SI COMUNICARE": {"medie": 5.9, "reusita": 100.0, "cnt": 1}, "GEOGRAFIE": {"medie": 7.386574074074073, "reusita": 97.24770642201835, "cnt": 109}, "PSIHOLOGIE": {"medie": 8.4, "reusita": 100.0, "cnt": 1}, "MATEMATICA TEHN": {"medie": 7.014414414414417, "reusita": 95.4954954954955, "cnt": 111}, "LIMBA MAGHIARA (REAL)": {"medie": 6.025, "reusita": 100.0, "cnt": 2}}, "nume": "COLEGIUL ECONOMIC \"GHEORGHE DRAGOS\" SATU MARE\tSatu-Mare"}