{"specializari": {"STIINTE ALE NATURII": 33, "FILOLOGIE": 30, "MATEMATICA-INFORMATICA": 87, "STIINTE SOCIALE": 33}, "limba_moderna": {"LIMBA ENGLEZA": 181, "LIMBA FRANCEZA": 1, "LIMBA GERMANA MODERNA": 1}, "limba_materna": {"LIMBA ROMANA": 183}, "promotie_anterioara": {"NU": 182, "DA": 1}, "materii": {"LIMBA ROMANA": {"medie": 8.738251366120224, "reusita": 100.0, "cnt": 183}, "MATEMATICA MATE-INFO": {"medie": 9.190116279069768, "reusita": 98.85057471264368, "cnt": 87}, "INFORMATICA MI C/C++": {"medie": 8.994871794871793, "reusita": 97.43589743589743, "cnt": 39}, "GENERAL": {"medie": 8.973809523809525, "reusita": 98.90710382513662, "cnt": 183}, "ISTORIE": {"medie": 8.842063492063494, "reusita": 100.0, "cnt": 63}, "LOGICA, ARGUMENTARE SI COMUNICARE": {"medie": 9.117105263157894, "reusita": 100.0, "cnt": 38}, "CHIMIE ORGANICA TEO NIVEL I/II": {"medie": 9.599999999999998, "reusita": 100.0, "cnt": 34}, "MATEMATICA ST-NAT": {"medie": 9.568181818181818, "reusita": 100.0, "cnt": 33}, "FIZICA TEO": {"medie": 9.110416666666667, "reusita": 100.0, "cnt": 24}, "GEOGRAFIE": {"medie": 9.283333333333333, "reusita": 100.0, "cnt": 6}, "PSIHOLOGIE": {"medie": 9.430000000000001, "reusita": 100.0, "cnt": 5}, "ANATOMIE SI FIZIOLOGIE UMANA, GENETICA SI ECOLOGIE UMANA": {"medie": 8.142857142857142, "reusita": 93.33333333333333, "cnt": 15}, "BIOLOGIE VEGETALA SI ANIMALA": {"medie": 9.064285714285713, "reusita": 100.0, "cnt": 7}, "SOCIOLOGIE": {"medie": 8.045833333333333, "reusita": 100.0, "cnt": 12}, "INFORMATICA SN C/C++": {"medie": 9.7, "reusita": 100.0, "cnt": 1}, "ECONOMIE": {"medie": 6.9, "reusita": 100.0, "cnt": 2}}, "nume": "COLEGIUL NATIONAL \"GHEORGHE MUNTEANU MURGOCI\"\tBr\u0103ila"}