{"specializari": {"TEHNICIAN IN GASTRONOMIE": 36, "TEHNICIAN ANALIZE PRODUSE ALIMENTARE": 12, "TEHNICIAN IN INDUSTRIA ALIMENTARA": 17, "TEHNICIAN IN MORARIT, PANIFICATIE SI PRODUSE FAINOASE": 12, "TEHNICIAN IN PRELUCRAREA PRODUSELOR DE ORIGINE ANIMALA": 5, "TEHNICIAN IN IND. ALIM. FERMENTATIVA SI IN PREL. LEGUMELOR SI FRUCTELOR": 1}, "limba_moderna": {"LIMBA ENGLEZA": 75, "LIMBA FRANCEZA": 8}, "limba_materna": {"LIMBA ROMANA": 83}, "promotie_anterioara": {"NU": 61, "DA": 22}, "materii": {"LIMBA ROMANA": {"medie": 6.019753086419753, "reusita": 84.33734939759037, "cnt": 83}, "GENERAL": {"medie": 6.419871794871797, "reusita": 56.62650602409639, "cnt": 83}, "LOGICA, ARGUMENTARE SI COMUNICARE": {"medie": 8.5, "reusita": 100.0, "cnt": 5}, "GEOGRAFIE": {"medie": 7.440322580645163, "reusita": 100.0, "cnt": 31}, "ANATOMIE SI FIZIOLOGIE UMANA, GENETICA SI ECOLOGIE UMANA": {"medie": 5.423863636363636, "reusita": 68.18181818181817, "cnt": 44}, "BIOLOGIE VEGETALA SI ANIMALA": {"medie": 4.125, "reusita": 50.0, "cnt": 2}, "MATEMATICA TEHN": {"medie": 6.807499999999999, "reusita": 90.36144578313254, "cnt": 83}, "CHIMIE ANORGANICA TEH NIVEL I/II": {"medie": 7.55, "reusita": 100.0, "cnt": 1}}, "nume": "COLEGIUL DE INDUSTRIE ALIMENTARA \"ELENA DOAMNA\", LOCALITATEA GALATI\tGala\u021bi"}