{"specializari": {"STIINTE ALE NATURII": 32, "MATEMATICA-INFORMATICA": 50, "INVATATOR - EDUCATOARE": 12, "FILOLOGIE": 32, "EDUCATOR-PUERICULTOR": 9, "STIINTE SOCIALE": 1}, "limba_moderna": {"LIMBA ENGLEZA": 134, "LIMBA GERMANA MODERNA": 1, "LIMBA FRANCEZA": 1}, "limba_materna": {"LIMBA ROMANA": 136}, "promotie_anterioara": {"NU": 130, "DA": 6}, "materii": {"LIMBA ROMANA": {"medie": 7.880370370370373, "reusita": 97.79411764705883, "cnt": 136}, "MATEMATICA MATE-INFO": {"medie": 7.444999999999998, "reusita": 96.0, "cnt": 50}, "INFORMATICA MI C/C++": {"medie": 8.087500000000002, "reusita": 100.0, "cnt": 32}, "GENERAL": {"medie": 7.97844611528822, "reusita": 88.23529411764706, "cnt": 136}, "ISTORIE": {"medie": 6.847500000000001, "reusita": 90.47619047619048, "cnt": 42}, "LOGICA, ARGUMENTARE SI COMUNICARE": {"medie": 8.329166666666667, "reusita": 100.0, "cnt": 24}, "MATEMATICA ST-NAT": {"medie": 8.884375, "reusita": 100.0, "cnt": 32}, "GEOGRAFIE": {"medie": 7.355882352941177, "reusita": 89.47368421052632, "cnt": 19}, "PSIHOLOGIE": {"medie": 8.024999999999999, "reusita": 100.0, "cnt": 4}, "ANATOMIE SI FIZIOLOGIE UMANA, GENETICA SI ECOLOGIE UMANA": {"medie": 9.070833333333335, "reusita": 97.95918367346938, "cnt": 49}, "SOCIOLOGIE": {"medie": 7.658333333333334, "reusita": 100.0, "cnt": 6}, "INFORMATICA SN C/C++": {"medie": 7.9, "reusita": 100.0, "cnt": 1}, "MATEMATICA PED": {"medie": 7.937500000000001, "reusita": 100.0, "cnt": 12}, "ECONOMIE": {"medie": 5.2, "reusita": 100.0, "cnt": 1}}, "nume": "COLEGIUL NATIONAL \"INOCHENTIE MICU CLAIN\" BLAJ\tAlba"}