{"specializari": {"TEHNICIAN IN ACHIZITII SI CONTRACTARI": 25, "TEHNICIAN IN ACTIVITATI ECONOMICE": 59, "TEHNICIAN IN GASTRONOMIE": 34, "TEHNICIAN IN ADMINISTRATIE": 31, "TEHNICIAN IN TURISM": 31, "TEHNICIAN IN ACTIVITATI DE COMERT": 33, "ORGANIZATOR BANQUETING": 3}, "limba_moderna": {"LIMBA ENGLEZA": 211, "LIMBA FRANCEZA": 4, "LIMBA GERMANA MODERNA": 1}, "limba_materna": {"LIMBA ROMANA": 216}, "promotie_anterioara": {"NU": 199, "DA": 17}, "materii": {"LIMBA ROMANA": {"medie": 6.891860465116278, "reusita": 98.14814814814815, "cnt": 216}, "GENERAL": {"medie": 7.384573643410847, "reusita": 89.35185185185185, "cnt": 216}, "LOGICA, ARGUMENTARE SI COMUNICARE": {"medie": 8.06078431372549, "reusita": 100.0, "cnt": 51}, "GEOGRAFIE": {"medie": 7.801562499999998, "reusita": 99.2248062015504, "cnt": 129}, "PSIHOLOGIE": {"medie": 6.83, "reusita": 100.0, "cnt": 5}, "ECONOMIE": {"medie": 6.4951612903225815, "reusita": 90.32258064516128, "cnt": 31}, "MATEMATICA TEHN": {"medie": 7.609767441860466, "reusita": 93.98148148148148, "cnt": 216}}, "nume": "COLEGIUL NATIONAL ECONOMIC \"ANDREI BARSEANU\" BRASOV\tBra\u0219ov"}