{"specializari": {"FILOLOGIE": 28, "MATEMATICA-INFORMATICA": 48, "STIINTE SOCIALE": 32}, "limba_moderna": {"LIMBA ENGLEZA": 108}, "limba_materna": {"LIMBA ROMANA": 108}, "promotie_anterioara": {"NU": 98, "DA": 10}, "materii": {"LIMBA ROMANA": {"medie": 7.60648148148148, "reusita": 97.22222222222221, "cnt": 108}, "MATEMATICA MATE-INFO": {"medie": 6.41808510638298, "reusita": 75.0, "cnt": 48}, "INFORMATICA MI C/C++": {"medie": 7.300000000000001, "reusita": 100.0, "cnt": 6}, "GENERAL": {"medie": 7.492834890965734, "reusita": 80.55555555555556, "cnt": 108}, "ISTORIE": {"medie": 7.4591666666666665, "reusita": 98.33333333333333, "cnt": 60}, "LOGICA, ARGUMENTARE SI COMUNICARE": {"medie": 8.571874999999999, "reusita": 100.0, "cnt": 16}, "GEOGRAFIE": {"medie": 7.955813953488371, "reusita": 100.0, "cnt": 43}, "PSIHOLOGIE": {"medie": 8.9, "reusita": 100.0, "cnt": 1}, "ANATOMIE SI FIZIOLOGIE UMANA, GENETICA SI ECOLOGIE UMANA": {"medie": 7.426190476190476, "reusita": 88.09523809523809, "cnt": 42}}, "nume": "COLEGIUL NATIONAL \"TEODOR NES\" SALONTA\tBihor"}