{"specializari": {"TEHNICIAN IN ACTIVITATI ECONOMICE": 142, "TEHNICIAN IN ACTIVITATI DE COMERT": 27, "TEHNICIAN IN TURISM": 29, "TEHNICIAN IN GASTRONOMIE": 5}, "limba_moderna": {"LIMBA ENGLEZA": 186, "LIMBA FRANCEZA": 17}, "limba_materna": {"LIMBA ROMANA": 203}, "promotie_anterioara": {"NU": 194, "DA": 9}, "materii": {"LIMBA ROMANA": {"medie": 7.114039408866992, "reusita": 94.58128078817734, "cnt": 203}, "GENERAL": {"medie": 7.49521452145215, "reusita": 85.71428571428571, "cnt": 203}, "LOGICA, ARGUMENTARE SI COMUNICARE": {"medie": 7.907194244604314, "reusita": 93.57142857142857, "cnt": 140}, "GEOGRAFIE": {"medie": 7.765079365079363, "reusita": 98.4126984126984, "cnt": 63}, "MATEMATICA TEHN": {"medie": 7.486453201970443, "reusita": 96.55172413793103, "cnt": 203}}, "nume": "COLEGIUL ECONOMIC \"NICOLAE TITULESCU\" BAIA MARE\tMaramure\u0219"}