{"specializari": {"MATEMATICA-INFORMATICA": 120}, "limba_moderna": {"LIMBA ENGLEZA": 83, "LIMBA FRANCEZA": 37}, "limba_materna": {"LIMBA ROMANA": 120}, "promotie_anterioara": {"NU": 120}, "materii": {"LIMBA ROMANA": {"medie": 8.312500000000004, "reusita": 100.0, "cnt": 120}, "MATEMATICA MATE-INFO": {"medie": 8.803333333333335, "reusita": 100.0, "cnt": 120}, "INFORMATICA MI C/C++": {"medie": 8.043333333333335, "reusita": 100.0, "cnt": 45}, "GENERAL": {"medie": 8.599444444444442, "reusita": 100.0, "cnt": 120}, "CHIMIE ORGANICA TEO NIVEL I/II": {"medie": 9.533333333333333, "reusita": 100.0, "cnt": 3}, "FIZICA TEO": {"medie": 9.15857142857143, "reusita": 100.0, "cnt": 35}, "BIOLOGIE VEGETALA SI ANIMALA": {"medie": 8.94054054054054, "reusita": 100.0, "cnt": 37}}, "nume": "COLEGIUL NATIONAL MILITAR \"TUDOR VLADIMIRESCU\" CRAIOVA\tDolj"}