{"specializari": {"MATEMATICA-INFORMATICA": 27, "FILOLOGIE": 37, "STIINTE SOCIALE": 31, "STIINTE ALE NATURII": 28, "INVATATOR - EDUCATOARE": 8, "EDUCATOR-PUERICULTOR": 6}, "limba_moderna": {"LIMBA ENGLEZA": 131, "LIMBA GERMANA MODERNA": 5, "LIMBA FRANCEZA": 1}, "limba_materna": {"LIMBA ROMANA": 137}, "promotie_anterioara": {"NU": 130, "DA": 7}, "materii": {"LIMBA ROMANA": {"medie": 7.237867647058823, "reusita": 98.54014598540147, "cnt": 137}, "MATEMATICA MATE-INFO": {"medie": 8.382692307692308, "reusita": 96.29629629629629, "cnt": 27}, "INFORMATICA MI C/C++": {"medie": 8.65, "reusita": 100.0, "cnt": 2}, "GENERAL": {"medie": 7.763209876543203, "reusita": 92.7007299270073, "cnt": 137}, "ISTORIE": {"medie": 8.145270270270272, "reusita": 100.0, "cnt": 74}, "LOGICA, ARGUMENTARE SI COMUNICARE": {"medie": 8.132352941176471, "reusita": 100.0, "cnt": 17}, "CHIMIE ORGANICA TEO NIVEL I/II": {"medie": 10.0, "reusita": 100.0, "cnt": 1}, "MATEMATICA ST-NAT": {"medie": 7.716071428571428, "reusita": 100.0, "cnt": 28}, "FIZICA TEO": {"medie": 9.05, "reusita": 100.0, "cnt": 8}, "GEOGRAFIE": {"medie": 7.6881818181818184, "reusita": 94.64285714285714, "cnt": 56}, "PSIHOLOGIE": {"medie": 8.149999999999999, "reusita": 100.0, "cnt": 6}, "ANATOMIE SI FIZIOLOGIE UMANA, GENETICA SI ECOLOGIE UMANA": {"medie": 7.889534883720928, "reusita": 97.72727272727273, "cnt": 44}, "MATEMATICA PED": {"medie": 7.543749999999999, "reusita": 100.0, "cnt": 8}, "FILOSOFIE": {"medie": 8.383333333333333, "reusita": 100.0, "cnt": 3}}, "nume": "COLEGIUL NATIONAL \"MIHAI VITEAZUL\" SFANTU GHEORGHE\tCovasna"}