{"specializari": {"STIINTE ALE NATURII": 32, "MATEMATICA-INFORMATICA": 118}, "limba_moderna": {"LIMBA ENGLEZA": 149, "LIMBA GERMANA MODERNA": 1}, "limba_materna": {"LIMBA ROMANA": 150}, "promotie_anterioara": {"NU": 150}, "materii": {"LIMBA ROMANA": {"medie": 8.004333333333333, "reusita": 100.0, "cnt": 150}, "MATEMATICA MATE-INFO": {"medie": 8.549152542372878, "reusita": 97.45762711864407, "cnt": 118}, "INFORMATICA MI C/C++": {"medie": 8.838983050847459, "reusita": 98.30508474576271, "cnt": 59}, "GENERAL": {"medie": 8.444777777777784, "reusita": 96.66666666666667, "cnt": 150}, "CHIMIE ORGANICA TEO NIVEL I/II": {"medie": 9.328571428571427, "reusita": 100.0, "cnt": 21}, "MATEMATICA ST-NAT": {"medie": 8.732812499999998, "reusita": 100.0, "cnt": 32}, "FIZICA TEO": {"medie": 8.651923076923078, "reusita": 96.15384615384616, "cnt": 26}, "ANATOMIE SI FIZIOLOGIE UMANA, GENETICA SI ECOLOGIE UMANA": {"medie": 8.4, "reusita": 100.0, "cnt": 37}, "CHIMIE ANORGANICA TEO NIVEL I/II": {"medie": 7.9, "reusita": 100.0, "cnt": 1}, "BIOLOGIE VEGETALA SI ANIMALA": {"medie": 8.316666666666668, "reusita": 100.0, "cnt": 3}, "INFORMATICA SN C/C++": {"medie": 8.416666666666666, "reusita": 100.0, "cnt": 3}}, "nume": "COLEGIUL NATIONAL \"CANTEMIR VODA\"\tBucure\u0219ti"}