{"specializari": {"STIINTE ALE NATURII": 59, "MATEMATICA-INFORMATICA": 28, "STIINTE SOCIALE": 30}, "limba_moderna": {"LIMBA ENGLEZA": 117}, "limba_materna": {"LIMBA ROMANA": 117}, "promotie_anterioara": {"NU": 117}, "materii": {"LIMBA ROMANA": {"medie": 8.079914529914527, "reusita": 100.0, "cnt": 117}, "MATEMATICA MATE-INFO": {"medie": 9.112499999999999, "reusita": 100.0, "cnt": 28}, "INFORMATICA MI C/C++": {"medie": 9.097619047619045, "reusita": 100.0, "cnt": 21}, "GENERAL": {"medie": 8.588746438746439, "reusita": 98.29059829059828, "cnt": 117}, "ISTORIE": {"medie": 9.12, "reusita": 100.0, "cnt": 30}, "LOGICA, ARGUMENTARE SI COMUNICARE": {"medie": 8.865, "reusita": 100.0, "cnt": 10}, "GEOGRAFIE": {"medie": 9.122727272727273, "reusita": 100.0, "cnt": 11}, "FIZICA TEO": {"medie": 9.425, "reusita": 100.0, "cnt": 2}, "CHIMIE ORGANICA TEO NIVEL I/II": {"medie": 9.9, "reusita": 100.0, "cnt": 1}, "MATEMATICA ST-NAT": {"medie": 8.739830508474574, "reusita": 100.0, "cnt": 59}, "PSIHOLOGIE": {"medie": 8.1, "reusita": 100.0, "cnt": 1}, "SOCIOLOGIE": {"medie": 8.1, "reusita": 100.0, "cnt": 6}, "ANATOMIE SI FIZIOLOGIE UMANA, GENETICA SI ECOLOGIE UMANA": {"medie": 8.550000000000002, "reusita": 100.0, "cnt": 59}, "CHIMIE ANORGANICA TEO NIVEL I/II": {"medie": 8.983333333333334, "reusita": 100.0, "cnt": 3}, "BIOLOGIE VEGETALA SI ANIMALA": {"medie": 9.7, "reusita": 100.0, "cnt": 1}, "FILOSOFIE": {"medie": 9.15, "reusita": 100.0, "cnt": 2}}, "nume": "COLEGIUL NATIONAL \"MIHAI VITEAZUL\" TURDA\tCluj"}