{"specializari": {"INVATATOR - EDUCATOARE": 28, "STIINTE ALE NATURII": 30, "FILOLOGIE": 29, "MATEMATICA-INFORMATICA": 30, "TEOLOGIE ORTODOXA": 3}, "limba_moderna": {"LIMBA ENGLEZA": 119, "LIMBA GERMANA MODERNA": 1}, "limba_materna": {"LIMBA ROMANA": 120}, "promotie_anterioara": {"NU": 117, "DA": 3}, "materii": {"LIMBA ROMANA": {"medie": 8.305000000000001, "reusita": 100.0, "cnt": 120}, "MATEMATICA MATE-INFO": {"medie": 8.981666666666666, "reusita": 100.0, "cnt": 30}, "INFORMATICA MI C/C++": {"medie": 8.21, "reusita": 100.0, "cnt": 5}, "GENERAL": {"medie": 8.749719887955186, "reusita": 97.5, "cnt": 120}, "ISTORIE": {"medie": 8.585937499999998, "reusita": 100.0, "cnt": 32}, "LOGICA, ARGUMENTARE SI COMUNICARE": {"medie": 9.55, "reusita": 100.0, "cnt": 4}, "CHIMIE ORGANICA TEO NIVEL I/II": {"medie": 9.566666666666666, "reusita": 100.0, "cnt": 3}, "MATEMATICA ST-NAT": {"medie": 8.913793103448276, "reusita": 96.66666666666667, "cnt": 30}, "FIZICA TEO": {"medie": 7.35, "reusita": 100.0, "cnt": 1}, "GEOGRAFIE": {"medie": 8.797560975609757, "reusita": 100.0, "cnt": 41}, "PSIHOLOGIE": {"medie": 8.277272727272726, "reusita": 100.0, "cnt": 11}, "ANATOMIE SI FIZIOLOGIE UMANA, GENETICA SI ECOLOGIE UMANA": {"medie": 9.243137254901962, "reusita": 100.0, "cnt": 51}, "SOCIOLOGIE": {"medie": 9.200000000000001, "reusita": 100.0, "cnt": 3}, "MATEMATICA PED": {"medie": 9.35357142857143, "reusita": 100.0, "cnt": 28}, "FILOSOFIE": {"medie": 9.9, "reusita": 100.0, "cnt": 1}}, "nume": "COLEGIUL NATIONAL PEDAGOGIC \"CARMEN SYLVA\" TIMISOARA\tTimi\u0219"}