{"specializari": {"TEHNICIAN IN ACTIVITATI ECONOMICE": 48, "TEHNICIAN IN TURISM": 23, "TEHNICIAN ECOLOG SI PROTECTIA CALITATII MEDIULUI": 28, "MATEMATICA-INFORMATICA": 18, "TEHNICIAN PROIECTANT CAD": 16, "TEHNICIAN OPERATOR TEHNICA DE CALCUL": 13, "TEHNICIAN DESENATOR PENTRU CONSTRUCTII SI INSTALATII": 4, "TEHNICIAN IN CONSTRUCTII SI LUCRARI PUBLICE": 1, "TEHNICIAN MECANIC PENTRU INTRETINERE SI REPARATII": 1}, "limba_moderna": {"LIMBA ENGLEZA": 150, "LIMBA FRANCEZA": 2}, "limba_materna": {"LIMBA ROMANA": 152}, "promotie_anterioara": {"NU": 131, "DA": 21}, "materii": {"LIMBA ROMANA": {"medie": 6.0114093959731525, "reusita": 82.89473684210526, "cnt": 152}, "MATEMATICA MATE-INFO": {"medie": 6.922222222222222, "reusita": 100.0, "cnt": 18}, "INFORMATICA MI C/C++": {"medie": 6.457142857142857, "reusita": 85.71428571428571, "cnt": 7}, "GENERAL": {"medie": 6.531494252873569, "reusita": 58.55263157894737, "cnt": 152}, "LOGICA, ARGUMENTARE SI COMUNICARE": {"medie": 7.302586206896552, "reusita": 98.27586206896551, "cnt": 58}, "FIZICA TEO": {"medie": 8.25, "reusita": 50.0, "cnt": 2}, "GEOGRAFIE": {"medie": 8.66923076923077, "reusita": 100.0, "cnt": 13}, "ANATOMIE SI FIZIOLOGIE UMANA, GENETICA SI ECOLOGIE UMANA": {"medie": 6.155555555555555, "reusita": 83.33333333333334, "cnt": 18}, "CHIMIE ANORGANICA TEO NIVEL I/II": {"medie": 6.942857142857143, "reusita": 85.71428571428571, "cnt": 7}, "BIOLOGIE VEGETALA SI ANIMALA": {"medie": 5.0175, "reusita": 54.54545454545454, "cnt": 22}, "MATEMATICA TEHN": {"medie": 6.781060606060602, "reusita": 91.04477611940298, "cnt": 134}, "FIZICA TEH": {"medie": 6.607142857142857, "reusita": 85.71428571428571, "cnt": 7}, "CHIMIE ANORGANICA TEH NIVEL I/II": {"medie": 5.56470588235294, "reusita": 64.70588235294117, "cnt": 17}, "CHIMIE ORGANICA TEH NIVEL I/II": {"medie": 7.45, "reusita": 100.0, "cnt": 1}}, "nume": "COLEGIUL TEHNIC \"GHEORGHE ASACHI\" ONESTI\tBac\u0103u"}