{"specializari": {"STIINTE SOCIALE": 42, "TEHNICIAN ECOLOG SI PROTECTIA CALITATII MEDIULUI": 3}, "limba_moderna": {"LIMBA ENGLEZA": 45}, "limba_materna": {"LIMBA ROMANA": 45}, "promotie_anterioara": {"NU": 33, "DA": 12}, "materii": {"LIMBA ROMANA": {"medie": 4.74102564102564, "reusita": 53.333333333333336, "cnt": 45}, "GENERAL": {"medie": 5.347435897435897, "reusita": 31.11111111111111, "cnt": 45}, "ISTORIE": {"medie": 5.152631578947367, "reusita": 57.14285714285714, "cnt": 42}, "LOGICA, ARGUMENTARE SI COMUNICARE": {"medie": 6.577272727272727, "reusita": 72.72727272727273, "cnt": 11}, "GEOGRAFIE": {"medie": 5.8500000000000005, "reusita": 72.72727272727273, "cnt": 11}, "PSIHOLOGIE": {"medie": 7.1, "reusita": 100.0, "cnt": 1}, "SOCIOLOGIE": {"medie": 6.311764705882353, "reusita": 84.21052631578947, "cnt": 19}, "BIOLOGIE VEGETALA SI ANIMALA": {"medie": 4.75, "reusita": 33.33333333333333, "cnt": 3}, "MATEMATICA TEHN": {"medie": 3.7, "reusita": 33.33333333333333, "cnt": 3}}, "nume": "COLEGIUL ECOLOGIC \"PROF.UNIV.DR. ALEXANDRU IONESCU\" PITESTI\tArge\u0219"}