{"specializari": {"INVATATOR - EDUCATOARE": 58, "FILOLOGIE": 62, "STIINTE ALE NATURII": 2}, "limba_moderna": {"LIMBA ENGLEZA": 115, "LIMBA FRANCEZA": 7}, "limba_materna": {"LIMBA ROMANA": 122}, "promotie_anterioara": {"NU": 119, "DA": 3}, "materii": {"LIMBA ROMANA": {"medie": 7.394262295081963, "reusita": 97.54098360655738, "cnt": 122}, "GENERAL": {"medie": 8.081693989071038, "reusita": 93.44262295081968, "cnt": 122}, "ISTORIE": {"medie": 7.4887096774193544, "reusita": 95.16129032258065, "cnt": 62}, "LOGICA, ARGUMENTARE SI COMUNICARE": {"medie": 8.964102564102564, "reusita": 99.14529914529915, "cnt": 117}, "MATEMATICA ST-NAT": {"medie": 5.875, "reusita": 100.0, "cnt": 2}, "GEOGRAFIE": {"medie": 9.125, "reusita": 100.0, "cnt": 2}, "PSIHOLOGIE": {"medie": 9.65, "reusita": 100.0, "cnt": 1}, "ANATOMIE SI FIZIOLOGIE UMANA, GENETICA SI ECOLOGIE UMANA": {"medie": 7.225, "reusita": 100.0, "cnt": 2}, "MATEMATICA PED": {"medie": 8.424137931034485, "reusita": 96.55172413793103, "cnt": 58}}, "nume": "COLEGIUL NATIONAL PEDAGOGIC \"CAROL I\" CAMPULUNG\tArge\u0219"}