{"specializari": {"MATEMATICA-INFORMATICA": 117, "FILOLOGIE": 67, "STIINTE ALE NATURII": 65}, "limba_moderna": {"LIMBA ENGLEZA": 242, "LIMBA FRANCEZA": 3, "LIMBA GERMANA MODERNA": 4}, "limba_materna": {"LIMBA ROMANA": 249}, "promotie_anterioara": {"NU": 249}, "materii": {"LIMBA ROMANA": {"medie": 8.141767068273095, "reusita": 100.0, "cnt": 249}, "MATEMATICA MATE-INFO": {"medie": 8.370512820512818, "reusita": 98.29059829059828, "cnt": 117}, "INFORMATICA MI C/C++": {"medie": 9.318604651162794, "reusita": 100.0, "cnt": 43}, "GENERAL": {"medie": 8.468406961178045, "reusita": 97.59036144578313, "cnt": 249}, "ISTORIE": {"medie": 8.542537313432836, "reusita": 98.50746268656717, "cnt": 67}, "LOGICA, ARGUMENTARE SI COMUNICARE": {"medie": 8.918750000000001, "reusita": 100.0, "cnt": 24}, "GEOGRAFIE": {"medie": 9.343939393939396, "reusita": 100.0, "cnt": 33}, "FIZICA TEO": {"medie": 8.70357142857143, "reusita": 96.42857142857143, "cnt": 28}, "CHIMIE ORGANICA TEO NIVEL I/II": {"medie": 9.521212121212123, "reusita": 100.0, "cnt": 33}, "MATEMATICA ST-NAT": {"medie": 8.246153846153845, "reusita": 100.0, "cnt": 65}, "PSIHOLOGIE": {"medie": 7.875, "reusita": 100.0, "cnt": 2}, "SOCIOLOGIE": {"medie": 9.23125, "reusita": 100.0, "cnt": 8}, "ANATOMIE SI FIZIOLOGIE UMANA, GENETICA SI ECOLOGIE UMANA": {"medie": 8.194736842105259, "reusita": 100.0, "cnt": 76}, "CHIMIE ANORGANICA TEO NIVEL I/II": {"medie": 9.7, "reusita": 100.0, "cnt": 1}, "INFORMATICA SN C/C++": {"medie": 7.8, "reusita": 100.0, "cnt": 1}}, "nume": "COLEGIUL NATIONAL \"TUDOR VLADIMIRESCU\" TARGU JIU\tGorj"}