{"specializari": {"TEHNICIAN IN ACTIVITATI ECONOMICE": 61, "TEHNICIAN IN TURISM": 25, "TEHNICIAN IN ADMINISTRATIE": 32, "TEHNICIAN IN ACTIVITATI DE COMERT": 28, "TEHNICIAN IN GASTRONOMIE": 32}, "limba_moderna": {"LIMBA ENGLEZA": 173, "LIMBA FRANCEZA": 5}, "limba_materna": {"LIMBA ROMANA": 178}, "promotie_anterioara": {"NU": 164, "DA": 14}, "materii": {"LIMBA ROMANA": {"medie": 6.901685393258427, "reusita": 96.62921348314607, "cnt": 178}, "GENERAL": {"medie": 7.549810606060604, "reusita": 88.76404494382022, "cnt": 178}, "LOGICA, ARGUMENTARE SI COMUNICARE": {"medie": 8.118888888888891, "reusita": 95.6043956043956, "cnt": 91}, "GEOGRAFIE": {"medie": 7.9006250000000025, "reusita": 100.0, "cnt": 80}, "PSIHOLOGIE": {"medie": 6.691666666666666, "reusita": 83.33333333333334, "cnt": 6}, "MATEMATICA TEHN": {"medie": 7.760169491525429, "reusita": 96.62921348314607, "cnt": 178}, "ECONOMIE": {"medie": 7.6, "reusita": 100.0, "cnt": 1}}, "nume": "COLEGIUL COMERCIAL \"CAROL I\" CONSTANTA\tConstan\u021ba"}