{"specializari": {"LICEU CU PROGRAM SPORTIV": 49, "TEHNICIAN ELECTROTEHNIST": 13, "TEHNICIAN DESENATOR PENTRU CONSTRUCTII SI INSTALATII": 18, "TEHNICIAN ECOLOG SI PROTECTIA CALITATII MEDIULUI": 27, "TEHNICIAN MECATRONIST": 1, "TEHNICIAN IN CONSTRUCTII SI LUCRARI PUBLICE": 7, "TEHNICIAN MECANIC PENTRU INTRETINERE SI REPARATII": 8, "TEHNICIAN INSTALATOR PENTRU CONSTRUCTII": 3}, "limba_moderna": {"LIMBA ENGLEZA": 125, "LIMBA FRANCEZA": 1}, "limba_materna": {"LIMBA ROMANA": 126}, "promotie_anterioara": {"NU": 69, "DA": 57}, "materii": {"LIMBA ROMANA": {"medie": 5.564112903225805, "reusita": 79.36507936507937, "cnt": 126}, "GENERAL": {"medie": 5.713934426229508, "reusita": 39.682539682539684, "cnt": 126}, "ISTORIE": {"medie": 6.637499999999998, "reusita": 93.87755102040816, "cnt": 49}, "LOGICA, ARGUMENTARE SI COMUNICARE": {"medie": 8.15, "reusita": 85.71428571428571, "cnt": 7}, "GEOGRAFIE": {"medie": 6.731428571428571, "reusita": 91.42857142857143, "cnt": 35}, "PSIHOLOGIE": {"medie": 6.816666666666666, "reusita": 83.33333333333334, "cnt": 6}, "ANATOMIE SI FIZIOLOGIE UMANA, GENETICA SI ECOLOGIE UMANA": {"medie": 5.730769230769231, "reusita": 96.15384615384616, "cnt": 26}, "BIOLOGIE VEGETALA SI ANIMALA": {"medie": 4.735365853658537, "reusita": 43.18181818181818, "cnt": 44}, "FILOSOFIE": {"medie": 7.6, "reusita": 100.0, "cnt": 1}, "MATEMATICA TEHN": {"medie": 5.067333333333334, "reusita": 70.12987012987013, "cnt": 77}, "FIZICA TEH": {"medie": 6.016666666666666, "reusita": 83.33333333333334, "cnt": 6}, "CHIMIE ANORGANICA TEH NIVEL I/II": {"medie": 2.75, "reusita": 0.0, "cnt": 1}}, "nume": "COLEGIUL TEHNIC \"ANGHEL SALIGNY\"\tBucure\u0219ti"}