{"specializari": {"TEHNICIAN IN TURISM": 24, "TEHNICIAN IN ACTIVITATI DE COMERT": 48, "TEHNICIAN DESIGNER VESTIMENTAR": 15, "TEHNICIAN ECOLOG SI PROTECTIA CALITATII MEDIULUI": 21, "TEHNICIAN OPERATOR TEHNICA DE CALCUL": 25, "TEHNICIAN IN GASTRONOMIE": 3, "TEHNICIAN IN INDUSTRIA TEXTILA": 2}, "limba_moderna": {"LIMBA ENGLEZA": 128, "LIMBA FRANCEZA": 10}, "limba_materna": {"LIMBA ROMANA": 138}, "promotie_anterioara": {"NU": 104, "DA": 34}, "materii": {"LIMBA ROMANA": {"medie": 6.254477611940299, "reusita": 92.02898550724638, "cnt": 138}, "GENERAL": {"medie": 6.68854961832061, "reusita": 70.28985507246377, "cnt": 138}, "LOGICA, ARGUMENTARE SI COMUNICARE": {"medie": 7.170689655172412, "reusita": 84.7457627118644, "cnt": 59}, "GEOGRAFIE": {"medie": 7.031250000000001, "reusita": 87.5, "cnt": 16}, "ANATOMIE SI FIZIOLOGIE UMANA, GENETICA SI ECOLOGIE UMANA": {"medie": 8.197619047619048, "reusita": 100.0, "cnt": 21}, "BIOLOGIE VEGETALA SI ANIMALA": {"medie": 6.345833333333334, "reusita": 72.5, "cnt": 40}, "MATEMATICA TEHN": {"medie": 6.634210526315788, "reusita": 89.85507246376811, "cnt": 138}, "FIZICA TEH": {"medie": 8.9, "reusita": 100.0, "cnt": 1}, "CHIMIE ANORGANICA TEH NIVEL I/II": {"medie": 6.05, "reusita": 100.0, "cnt": 1}}, "nume": "COLEGIUL TEHNIC \"ARMAND CALINESCU\" PITESTI\tArge\u0219"}