{"specializari": {"MATEMATICA-INFORMATICA": 73, "STIINTE ALE NATURII": 32, "FILOLOGIE": 98}, "limba_moderna": {"LIMBA ENGLEZA": 190, "LIMBA FRANCEZA": 13}, "limba_materna": {"LIMBA ROMANA": 203}, "promotie_anterioara": {"NU": 198, "DA": 5}, "materii": {"LIMBA ROMANA": {"medie": 8.26865671641791, "reusita": 99.01477832512316, "cnt": 203}, "MATEMATICA MATE-INFO": {"medie": 8.121232876712327, "reusita": 98.63013698630137, "cnt": 73}, "INFORMATICA MI C/C++": {"medie": 8.200000000000003, "reusita": 100.0, "cnt": 19}, "GENERAL": {"medie": 8.457877280265338, "reusita": 94.58128078817734, "cnt": 203}, "ISTORIE": {"medie": 8.366494845360826, "reusita": 98.9795918367347, "cnt": 98}, "LOGICA, ARGUMENTARE SI COMUNICARE": {"medie": 8.846527777777778, "reusita": 100.0, "cnt": 72}, "GEOGRAFIE": {"medie": 8.544117647058824, "reusita": 94.44444444444444, "cnt": 18}, "FIZICA TEO": {"medie": 8.788235294117648, "reusita": 100.0, "cnt": 17}, "CHIMIE ORGANICA TEO NIVEL I/II": {"medie": 10.0, "reusita": 100.0, "cnt": 2}, "MATEMATICA ST-NAT": {"medie": 8.851562499999998, "reusita": 100.0, "cnt": 32}, "PSIHOLOGIE": {"medie": 8.2, "reusita": 100.0, "cnt": 7}, "ANATOMIE SI FIZIOLOGIE UMANA, GENETICA SI ECOLOGIE UMANA": {"medie": 8.767692307692307, "reusita": 98.46153846153847, "cnt": 65}, "BIOLOGIE VEGETALA SI ANIMALA": {"medie": 9.75, "reusita": 100.0, "cnt": 1}, "INFORMATICA SN C/C++": {"medie": 10.0, "reusita": 100.0, "cnt": 1}, "ECONOMIE": {"medie": 8.2, "reusita": 100.0, "cnt": 1}}, "nume": "COLEGIUL NATIONAL \"RADU GRECEANU\" SLATINA\tOlt"}