{"specializari": {"FILOLOGIE": 31, "STIINTE ALE NATURII": 11, "MATEMATICA-INFORMATICA": 11}, "limba_moderna": {"LIMBA ENGLEZA": 52, "LIMBA FRANCEZA": 1}, "limba_materna": {"LIMBA ROMANA": 53}, "promotie_anterioara": {"NU": 45, "DA": 8}, "materii": {"LIMBA ROMANA": {"medie": 7.163207547169811, "reusita": 96.22641509433963, "cnt": 53}, "MATEMATICA MATE-INFO": {"medie": 5.67, "reusita": 81.81818181818183, "cnt": 11}, "INFORMATICA MI C/C++": {"medie": 6.660000000000001, "reusita": 100.0, "cnt": 5}, "GENERAL": {"medie": 7.354901960784313, "reusita": 83.01886792452831, "cnt": 53}, "ISTORIE": {"medie": 7.490322580645164, "reusita": 100.0, "cnt": 31}, "LOGICA, ARGUMENTARE SI COMUNICARE": {"medie": 8.78095238095238, "reusita": 100.0, "cnt": 21}, "GEOGRAFIE": {"medie": 8.2, "reusita": 100.0, "cnt": 10}, "MATEMATICA ST-NAT": {"medie": 6.04, "reusita": 81.81818181818183, "cnt": 11}, "ANATOMIE SI FIZIOLOGIE UMANA, GENETICA SI ECOLOGIE UMANA": {"medie": 7.490624999999999, "reusita": 100.0, "cnt": 16}, "BIOLOGIE VEGETALA SI ANIMALA": {"medie": 5.8, "reusita": 100.0, "cnt": 1}}, "nume": "COLEGIUL NATIONAL \"MIRCEA ELIADE\" RESITA\tCara\u0219-Severin"}