{"specializari": {"TEHNICIAN IN ACTIVITATI ECONOMICE": 87, "TEHNICIAN IN HOTELARIE": 21, "TEHNICIAN IN ADMINISTRATIE": 21, "TEHNICIAN IN TURISM": 32, "ORGANIZATOR BANQUETING": 5, "TEHNICIAN IN ACTIVITATI DE COMERT": 3}, "limba_moderna": {"LIMBA ENGLEZA": 167, "LIMBA FRANCEZA": 2}, "limba_materna": {"LIMBA ROMANA": 169}, "promotie_anterioara": {"NU": 154, "DA": 15}, "materii": {"LIMBA ROMANA": {"medie": 6.289820359281436, "reusita": 92.3076923076923, "cnt": 169}, "GENERAL": {"medie": 6.923293172690761, "reusita": 79.88165680473372, "cnt": 169}, "GEOGRAFIE": {"medie": 7.758787878787886, "reusita": 97.57575757575758, "cnt": 165}, "ECONOMIE": {"medie": 4.166666666666667, "reusita": 25.0, "cnt": 4}, "MATEMATICA TEHN": {"medie": 6.725449101796408, "reusita": 86.98224852071006, "cnt": 169}}, "nume": "COLEGIUL ECONOMIC \"VIRGIL MADGEARU\" TARGU JIU\tGorj"}