{"specializari": {"FILOLOGIE": 68, "MATEMATICA-INFORMATICA": 57, "TEHNICIAN IN ACTIVITATI ECONOMICE": 30, "STIINTE ALE NATURII": 16}, "limba_moderna": {"LIMBA ENGLEZA": 170, "LIMBA FRANCEZA": 1}, "limba_materna": {"LIMBA ROMANA": 107, "LIMBA MAGHIARA": 64}, "promotie_anterioara": {"NU": 164, "DA": 7}, "materii": {"LIMBA ROMANA": {"medie": 6.912647058823529, "reusita": 91.22807017543859, "cnt": 171}, "MATEMATICA MATE-INFO": {"medie": 7.992105263157896, "reusita": 100.0, "cnt": 57}, "INFORMATICA MI C/C++": {"medie": 8.75, "reusita": 100.0, "cnt": 6}, "GENERAL": {"medie": 7.8139053254437885, "reusita": 88.30409356725146, "cnt": 171}, "ISTORIE": {"medie": 7.563235294117646, "reusita": 100.0, "cnt": 68}, "GEOGRAFIE": {"medie": 8.332222222222219, "reusita": 98.88888888888889, "cnt": 90}, "FIZICA TEO": {"medie": 8.535, "reusita": 100.0, "cnt": 20}, "CHIMIE ORGANICA TEO NIVEL I/II": {"medie": 9.4, "reusita": 100.0, "cnt": 1}, "MATEMATICA ST-NAT": {"medie": 7.466666666666666, "reusita": 87.5, "cnt": 16}, "PSIHOLOGIE": {"medie": 7.9750000000000005, "reusita": 100.0, "cnt": 2}, "SOCIOLOGIE": {"medie": 8.6, "reusita": 100.0, "cnt": 6}, "ANATOMIE SI FIZIOLOGIE UMANA, GENETICA SI ECOLOGIE UMANA": {"medie": 7.908620689655172, "reusita": 96.66666666666667, "cnt": 30}, "BIOLOGIE VEGETALA SI ANIMALA": {"medie": 8.531250000000002, "reusita": 100.0, "cnt": 16}, "MATEMATICA TEHN": {"medie": 8.609999999999998, "reusita": 100.0, "cnt": 30}, "LIMBA MAGHIARA (REAL)": {"medie": 8.356896551724137, "reusita": 100.0, "cnt": 29}, "LIMBA MAGHIARA (UMAN)": {"medie": 7.720588235294118, "reusita": 97.14285714285714, "cnt": 35}}, "nume": "COLEGIUL NATIONAL \"SIMION BARNUTIU\" SIMLEU SILVANIEI\tS\u0103laj"}