{"specializari": {"TEHNICIAN IN ACTIVITATI ECONOMICE": 31, "TEHNICIAN OPERATOR TEHNICA DE CALCUL": 30, "TEHNICIAN IN INSTALATII ELECTRICE": 14, "TEHNICIAN MECANIC PENTRU INTRETINERE SI REPARATII": 4, "TEHNICIAN PROIECTANT CAD": 2, "TEHNICIAN ELECTROMECANIC": 1}, "limba_moderna": {"LIMBA ENGLEZA": 66, "LIMBA FRANCEZA": 16}, "limba_materna": {"LIMBA ROMANA": 82}, "promotie_anterioara": {"NU": 70, "DA": 12}, "materii": {"LIMBA ROMANA": {"medie": 5.79567901234568, "reusita": 78.04878048780488, "cnt": 82}, "GENERAL": {"medie": 5.867708333333333, "reusita": 43.90243902439025, "cnt": 82}, "LOGICA, ARGUMENTARE SI COMUNICARE": {"medie": 7.375, "reusita": 90.0, "cnt": 10}, "GEOGRAFIE": {"medie": 7.876190476190477, "reusita": 95.23809523809523, "cnt": 21}, "BIOLOGIE VEGETALA SI ANIMALA": {"medie": 4.928378378378378, "reusita": 55.26315789473685, "cnt": 38}, "MATEMATICA TEHN": {"medie": 5.78375, "reusita": 73.17073170731707, "cnt": 82}, "FIZICA TEH": {"medie": 4.716666666666667, "reusita": 41.66666666666667, "cnt": 12}, "CHIMIE ORGANICA TEH NIVEL I/II": {"medie": 8.8, "reusita": 100.0, "cnt": 1}}, "nume": "COLEGIUL TEHNIC \"VICTOR UNGUREANU\" CAMPIA TURZII\tCluj"}