{"specializari": {"MATEMATICA-INFORMATICA": 32, "FILOLOGIE": 64, "STIINTE ALE NATURII": 31, "STIINTE SOCIALE": 33}, "limba_moderna": {"LIMBA ENGLEZA": 157, "LIMBA ITALIANA": 1, "LIMBA GERMANA MODERNA": 1, "LIMBA FRANCEZA": 1}, "limba_materna": {"LIMBA ROMANA": 160}, "promotie_anterioara": {"NU": 153, "DA": 7}, "materii": {"LIMBA ROMANA": {"medie": 7.80625, "reusita": 99.375, "cnt": 160}, "MATEMATICA MATE-INFO": {"medie": 7.190625000000002, "reusita": 96.875, "cnt": 32}, "INFORMATICA MI C/C++": {"medie": 6.0738095238095235, "reusita": 76.19047619047619, "cnt": 21}, "GENERAL": {"medie": 7.881761006289306, "reusita": 91.875, "cnt": 160}, "ISTORIE": {"medie": 8.199484536082478, "reusita": 97.9381443298969, "cnt": 97}, "LOGICA, ARGUMENTARE SI COMUNICARE": {"medie": 7.883333333333334, "reusita": 83.33333333333334, "cnt": 6}, "CHIMIE ORGANICA TEO NIVEL I/II": {"medie": 9.166666666666666, "reusita": 100.0, "cnt": 3}, "MATEMATICA ST-NAT": {"medie": 7.738709677419355, "reusita": 100.0, "cnt": 31}, "GEOGRAFIE": {"medie": 8.276470588235295, "reusita": 98.55072463768117, "cnt": 69}, "PSIHOLOGIE": {"medie": 8.026666666666667, "reusita": 100.0, "cnt": 15}, "ANATOMIE SI FIZIOLOGIE UMANA, GENETICA SI ECOLOGIE UMANA": {"medie": 8.154166666666667, "reusita": 100.0, "cnt": 36}, "BIOLOGIE VEGETALA SI ANIMALA": {"medie": 5.525, "reusita": 50.0, "cnt": 2}, "SOCIOLOGIE": {"medie": 8.71, "reusita": 100.0, "cnt": 5}, "INFORMATICA SN C/C++": {"medie": 8.65, "reusita": 100.0, "cnt": 1}, "ECONOMIE": {"medie": 6.75, "reusita": 100.0, "cnt": 2}}, "nume": "COLEGIUL NATIONAL \"DOAMNA STANCA\" SATU MARE\tSatu-Mare"}