{"specializari": {"STIINTE ALE NATURII": 32, "MATEMATICA-INFORMATICA": 73, "FILOLOGIE": 98}, "limba_moderna": {"LIMBA ENGLEZA": 190, "LIMBA FRANCEZA": 13}, "limba_materna": {"LIMBA ROMANA": 203}, "promotie_anterioara": {"NU": 198, "DA": 5}, "materii": {"LIMBA ROMANA": {"medie": 8.222636815920401, "reusita": 99.01477832512316, "cnt": 203}, "MATEMATICA MATE-INFO": {"medie": 8.101369863013694, "reusita": 95.8904109589041, "cnt": 73}, "INFORMATICA MI C/C++": {"medie": 8.197368421052632, "reusita": 100.0, "cnt": 19}, "GENERAL": {"medie": 8.417330016583746, "reusita": 94.58128078817734, "cnt": 203}, "ISTORIE": {"medie": 8.319072164948453, "reusita": 98.9795918367347, "cnt": 98}, "LOGICA, ARGUMENTARE SI COMUNICARE": {"medie": 8.805555555555557, "reusita": 100.0, "cnt": 72}, "CHIMIE ORGANICA TEO NIVEL I/II": {"medie": 10.0, "reusita": 100.0, "cnt": 2}, "MATEMATICA ST-NAT": {"medie": 8.8359375, "reusita": 100.0, "cnt": 32}, "FIZICA TEO": {"medie": 8.732352941176472, "reusita": 94.11764705882352, "cnt": 17}, "GEOGRAFIE": {"medie": 8.573529411764705, "reusita": 94.44444444444444, "cnt": 18}, "PSIHOLOGIE": {"medie": 8.2, "reusita": 100.0, "cnt": 7}, "ANATOMIE SI FIZIOLOGIE UMANA, GENETICA SI ECOLOGIE UMANA": {"medie": 8.68769230769231, "reusita": 98.46153846153847, "cnt": 65}, "BIOLOGIE VEGETALA SI ANIMALA": {"medie": 9.75, "reusita": 100.0, "cnt": 1}, "INFORMATICA SN C/C++": {"medie": 10.0, "reusita": 100.0, "cnt": 1}, "ECONOMIE": {"medie": 8.2, "reusita": 100.0, "cnt": 1}}, "nume": "COLEGIUL NATIONAL \"RADU GRECEANU\" SLATINA\tOlt"}