{"specializari": {"MATEMATICA-INFORMATICA": 56, "TEHNICIAN IN TURISM": 37, "TEHNICIAN IN PRELUCRAREA LEMNULUI": 2, "TEHNICIAN MECANIC PENTRU INTRETINERE SI REPARATII": 2, "TEHNICIAN IN ACTIVITATI DE COMERT": 2}, "limba_moderna": {"LIMBA ENGLEZA": 97, "LIMBA FRANCEZA": 2}, "limba_materna": {"LIMBA ROMANA": 99}, "promotie_anterioara": {"NU": 83, "DA": 16}, "materii": {"LIMBA ROMANA": {"medie": 6.692631578947369, "reusita": 89.8989898989899, "cnt": 99}, "MATEMATICA MATE-INFO": {"medie": 7.335454545454548, "reusita": 87.5, "cnt": 56}, "INFORMATICA MI C/C++": {"medie": 6.5, "reusita": 100.0, "cnt": 2}, "GENERAL": {"medie": 6.794384057971018, "reusita": 63.63636363636363, "cnt": 99}, "LOGICA, ARGUMENTARE SI COMUNICARE": {"medie": 7.237499999999999, "reusita": 100.0, "cnt": 4}, "GEOGRAFIE": {"medie": 6.6390625000000005, "reusita": 82.85714285714286, "cnt": 35}, "FIZICA TEO": {"medie": 8.739999999999998, "reusita": 100.0, "cnt": 5}, "CHIMIE ORGANICA TEO NIVEL I/II": {"medie": 8.737499999999999, "reusita": 100.0, "cnt": 12}, "ANATOMIE SI FIZIOLOGIE UMANA, GENETICA SI ECOLOGIE UMANA": {"medie": 6.844642857142857, "reusita": 86.20689655172413, "cnt": 29}, "BIOLOGIE VEGETALA SI ANIMALA": {"medie": 7.0136363636363654, "reusita": 72.72727272727273, "cnt": 11}, "MATEMATICA TEHN": {"medie": 5.128947368421054, "reusita": 65.11627906976744, "cnt": 43}, "FIZICA TEH": {"medie": "-", "reusita": 0.0, "cnt": 1}}, "nume": "COLEGIUL \"FERDINAND I\", COMUNA MANECIU\tPrahova"}