{"specializari": {"MATEMATICA-INFORMATICA": 150}, "limba_moderna": {"LIMBA ENGLEZA": 149, "LIMBA GERMANA MODERNA": 1}, "limba_materna": {"LIMBA ROMANA": 150}, "promotie_anterioara": {"NU": 149, "DA": 1}, "materii": {"LIMBA ROMANA": {"medie": 8.505369127516778, "reusita": 99.33333333333333, "cnt": 150}, "MATEMATICA MATE-INFO": {"medie": 8.59765100671141, "reusita": 98.0, "cnt": 150}, "INFORMATICA MI C/C++": {"medie": 8.552314814814814, "reusita": 98.1651376146789, "cnt": 109}, "GENERAL": {"medie": 8.586824324324322, "reusita": 96.66666666666667, "cnt": 150}, "FIZICA TEO": {"medie": 9.7, "reusita": 100.0, "cnt": 1}, "ANATOMIE SI FIZIOLOGIE UMANA, GENETICA SI ECOLOGIE UMANA": {"medie": 8.811842105263155, "reusita": 97.43589743589743, "cnt": 39}, "BIOLOGIE VEGETALA SI ANIMALA": {"medie": 9.4, "reusita": 100.0, "cnt": 1}}, "nume": "COLEGIUL NATIONAL DE INFORMATICA \"GR. MOISIL\" BRASOV\tBra\u0219ov"}