{"specializari": {"MATEMATICA-INFORMATICA": 27, "TEHNICIAN ELECTROMECANIC": 38, "TEHNICIAN IN INSTALATII ELECTRICE": 26, "TEHNICIAN ELECTRONIST": 23, "TEHNICIAN IN AUTOMATIZARI": 30, "TEHNICIAN ELECTROTEHNIST": 4}, "limba_moderna": {"LIMBA ENGLEZA": 146, "LIMBA FRANCEZA": 1, "LIMBA GERMANA MODERNA": 1}, "limba_materna": {"LIMBA ROMANA": 148}, "promotie_anterioara": {"NU": 115, "DA": 33}, "materii": {"LIMBA ROMANA": {"medie": 6.361904761904765, "reusita": 93.24324324324324, "cnt": 148}, "MATEMATICA MATE-INFO": {"medie": 7.2851851851851865, "reusita": 96.29629629629629, "cnt": 27}, "INFORMATICA MI C/C++": {"medie": 7.114999999999999, "reusita": 100.0, "cnt": 10}, "GENERAL": {"medie": 6.583215962441313, "reusita": 61.48648648648649, "cnt": 148}, "ANATOMIE SI FIZIOLOGIE UMANA, GENETICA SI ECOLOGIE UMANA": {"medie": 7.6875, "reusita": 100.0, "cnt": 4}, "BIOLOGIE VEGETALA SI ANIMALA": {"medie": 6.212295081967213, "reusita": 79.03225806451613, "cnt": 124}, "MATEMATICA TEHN": {"medie": 6.89017094017094, "reusita": 93.38842975206612, "cnt": 121}, "FIZICA TEH": {"medie": 7.28125, "reusita": 100.0, "cnt": 8}, "CHIMIE ANORGANICA TEH NIVEL I/II": {"medie": 3.4499999999999997, "reusita": 50.0, "cnt": 2}}, "nume": "COLEGIUL TEHNIC ENERGETIC SIBIU\tSibiu"}