{"specializari": {"TEHNICIAN MECANIC PENTRU INTRETINERE SI REPARATII": 10, "TEHNICIAN ECOLOG SI PROTECTIA CALITATII MEDIULUI": 16, "TEHNICIAN IN SILVICULTURA SI EXPLOATARI FORESTIERE": 22, "TEHNICIAN IN PRELUCRAREA LEMNULUI": 1}, "limba_moderna": {"LIMBA ENGLEZA": 48, "LIMBA FRANCEZA": 1}, "limba_materna": {"LIMBA ROMANA": 49}, "promotie_anterioara": {"DA": 19, "NU": 30}, "materii": {"LIMBA ROMANA": {"medie": 5.3130434782608695, "reusita": 77.55102040816327, "cnt": 49}, "GENERAL": {"medie": 4.8113636363636365, "reusita": 18.367346938775512, "cnt": 49}, "ANATOMIE SI FIZIOLOGIE UMANA, GENETICA SI ECOLOGIE UMANA": {"medie": 4.508333333333332, "reusita": 36.84210526315789, "cnt": 38}, "BIOLOGIE VEGETALA SI ANIMALA": {"medie": 4.6, "reusita": 42.857142857142854, "cnt": 7}, "MATEMATICA TEHN": {"medie": 4.525531914893617, "reusita": 53.06122448979592, "cnt": 49}, "FIZICA TEH": {"medie": "-", "reusita": 0.0, "cnt": 1}, "CHIMIE ANORGANICA TEH NIVEL I/II": {"medie": 3.65, "reusita": 33.33333333333333, "cnt": 3}}, "nume": "COLEGIUL TEHNIC FORESTIER, MUNICIPIUL PIATRA-NEAMT\tNeam\u021b"}