{"specializari": {"TEHNICIAN ELECTRICIAN/ELECTRONIST AUTO": 17, "TEHNICIAN TRANSPORTURI": 11, "MATEMATICA-INFORMATICA": 1, "TEHNICIAN IN INSTALATII ELECTRICE": 1}, "limba_moderna": {"LIMBA ENGLEZA": 29, "LIMBA FRANCEZA": 1}, "limba_materna": {"LIMBA ROMANA": 30}, "promotie_anterioara": {"NU": 18, "DA": 12}, "materii": {"LIMBA ROMANA": {"medie": 5.565, "reusita": 80.0, "cnt": 30}, "MATEMATICA MATE-INFO": {"medie": 5.0, "reusita": 100.0, "cnt": 1}, "GENERAL": {"medie": 5.233333333333333, "reusita": 26.666666666666668, "cnt": 30}, "BIOLOGIE VEGETALA SI ANIMALA": {"medie": 4.713043478260869, "reusita": 54.166666666666664, "cnt": 24}, "MATEMATICA TEHN": {"medie": 5.064814814814817, "reusita": 55.172413793103445, "cnt": 29}, "FIZICA TEH": {"medie": 5.4875, "reusita": 60.0, "cnt": 5}, "CHIMIE ANORGANICA TEH NIVEL I/II": {"medie": 3.6, "reusita": 0.0, "cnt": 1}}, "nume": "COLEGIUL TEHNIC DE TRANSPORTURI, MUNICIPIUL PIATRA-NEAMT\tNeam\u021b"}