{"specializari": {"MATEMATICA-INFORMATICA": 88, "STIINTE ALE NATURII": 59, "STIINTE SOCIALE": 33, "LICEU CU PROGRAM SPORTIV": 33, "FILOLOGIE": 1}, "limba_moderna": {"LIMBA ENGLEZA": 168, "LIMBA GERMANA MODERNA": 27, "LIMBA FRANCEZA": 19}, "limba_materna": {"LIMBA ROMANA": 214}, "promotie_anterioara": {"NU": 213, "DA": 1}, "materii": {"LIMBA ROMANA": {"medie": 8.594131455399062, "reusita": 98.5981308411215, "cnt": 214}, "MATEMATICA MATE-INFO": {"medie": 9.27727272727273, "reusita": 100.0, "cnt": 88}, "INFORMATICA MI C/C++": {"medie": 9.361363636363636, "reusita": 100.0, "cnt": 44}, "GENERAL": {"medie": 8.74201877934272, "reusita": 96.26168224299066, "cnt": 214}, "ISTORIE": {"medie": 7.46119402985075, "reusita": 100.0, "cnt": 67}, "LOGICA, ARGUMENTARE SI COMUNICARE": {"medie": 8.882142857142856, "reusita": 96.42857142857143, "cnt": 28}, "CHIMIE ORGANICA TEO NIVEL I/II": {"medie": 9.84090909090909, "reusita": 100.0, "cnt": 11}, "MATEMATICA ST-NAT": {"medie": 9.17372881355932, "reusita": 100.0, "cnt": 59}, "FIZICA TEO": {"medie": 9.116666666666665, "reusita": 100.0, "cnt": 33}, "GEOGRAFIE": {"medie": 7.820689655172413, "reusita": 100.0, "cnt": 29}, "PSIHOLOGIE": {"medie": 8.5, "reusita": 100.0, "cnt": 4}, "ANATOMIE SI FIZIOLOGIE UMANA, GENETICA SI ECOLOGIE UMANA": {"medie": 9.175454545454548, "reusita": 98.21428571428571, "cnt": 56}, "BIOLOGIE VEGETALA SI ANIMALA": {"medie": 8.9, "reusita": 100.0, "cnt": 2}, "SOCIOLOGIE": {"medie": 7.9750000000000005, "reusita": 100.0, "cnt": 6}, "INFORMATICA SN C/C++": {"medie": 6.55, "reusita": 100.0, "cnt": 1}}, "nume": "COLEGIUL NATIONAL MIRCEA CEL BATRAN, MUN. RM. VALCEA\tV\u00e2lcea"}