{"specializari": {"TEHNICIAN ANALIZE PRODUSE ALIMENTARE": 20, "TEHNICIAN IN ADMINISTRATIE": 12, "TEHNICIAN OPERATOR TEHNICA DE CALCUL": 21, "TEHNICIAN IN TURISM": 23, "TEHNICIAN IN ACTIVITATI ECONOMICE": 20, "TEHNICIAN IN GASTRONOMIE": 10, "TEHNICIAN MECANIC PENTRU INTRETINERE SI REPARATII": 1, "COAFOR STILIST": 3}, "limba_moderna": {"LIMBA ENGLEZA": 110}, "limba_materna": {"LIMBA ROMANA": 110}, "promotie_anterioara": {"NU": 68, "DA": 42}, "materii": {"LIMBA ROMANA": {"medie": 5.6966981132075505, "reusita": 76.36363636363637, "cnt": 110}, "GENERAL": {"medie": 5.79313725490196, "reusita": 36.36363636363637, "cnt": 110}, "LOGICA, ARGUMENTARE SI COMUNICARE": {"medie": 6.972222222222224, "reusita": 84.21052631578947, "cnt": 19}, "GEOGRAFIE": {"medie": 6.835227272727275, "reusita": 87.2340425531915, "cnt": 47}, "PSIHOLOGIE": {"medie": 5.4, "reusita": 50.0, "cnt": 2}, "ANATOMIE SI FIZIOLOGIE UMANA, GENETICA SI ECOLOGIE UMANA": {"medie": 5.489473684210526, "reusita": 65.0, "cnt": 20}, "BIOLOGIE VEGETALA SI ANIMALA": {"medie": 4.777500000000001, "reusita": 50.0, "cnt": 20}, "MATEMATICA TEHN": {"medie": 5.405825242718446, "reusita": 69.0909090909091, "cnt": 110}, "FIZICA TEH": {"medie": 9.75, "reusita": 100.0, "cnt": 2}}, "nume": "COLEGIUL TEHNIC \"MIHAI VITEAZUL\" ORADEA\tBihor"}