{"specializari": {"MATEMATICA-INFORMATICA": 103, "STIINTE ALE NATURII": 32, "FILOLOGIE": 75}, "limba_moderna": {"LIMBA ENGLEZA": 210}, "limba_materna": {"LIMBA ROMANA": 210}, "promotie_anterioara": {"NU": 208, "DA": 2}, "materii": {"LIMBA ROMANA": {"medie": 7.547596153846152, "reusita": 98.09523809523809, "cnt": 210}, "MATEMATICA MATE-INFO": {"medie": 8.358823529411762, "reusita": 99.02912621359224, "cnt": 103}, "INFORMATICA MI C/C++": {"medie": 8.067499999999999, "reusita": 95.0, "cnt": 20}, "GENERAL": {"medie": 7.93966346153846, "reusita": 93.33333333333333, "cnt": 210}, "ISTORIE": {"medie": 7.727333333333333, "reusita": 94.66666666666667, "cnt": 75}, "LOGICA, ARGUMENTARE SI COMUNICARE": {"medie": 8.575, "reusita": 100.0, "cnt": 16}, "CHIMIE ORGANICA TEO NIVEL I/II": {"medie": 9.672916666666664, "reusita": 100.0, "cnt": 24}, "MATEMATICA ST-NAT": {"medie": 7.909677419354839, "reusita": 93.75, "cnt": 32}, "FIZICA TEO": {"medie": 8.177631578947366, "reusita": 97.36842105263158, "cnt": 38}, "GEOGRAFIE": {"medie": 8.652380952380955, "reusita": 100.0, "cnt": 21}, "PSIHOLOGIE": {"medie": 8.75, "reusita": 100.0, "cnt": 2}, "ANATOMIE SI FIZIOLOGIE UMANA, GENETICA SI ECOLOGIE UMANA": {"medie": 7.025, "reusita": 90.0, "cnt": 10}, "BIOLOGIE VEGETALA SI ANIMALA": {"medie": 7.500000000000002, "reusita": 88.09523809523809, "cnt": 42}, "SOCIOLOGIE": {"medie": 7.9029411764705895, "reusita": 97.05882352941177, "cnt": 34}, "INFORMATICA SN C/C++": {"medie": 9.45, "reusita": 100.0, "cnt": 1}, "ECONOMIE": {"medie": 9.025, "reusita": 100.0, "cnt": 2}}, "nume": "COLEGIUL NATIONAL \"BARBU STIRBEI\" CALARASI\tC\u0103l\u0103ra\u0219i"}