{"specializari": {"MUZICA": 66, "ARTA ACTORULUI": 30}, "limba_moderna": {"LIMBA ENGLEZA": 96}, "limba_materna": {"LIMBA ROMANA": 96}, "promotie_anterioara": {"NU": 90, "DA": 6}, "materii": {"LIMBA ROMANA": {"medie": 7.103191489361703, "reusita": 92.70833333333334, "cnt": 96}, "GENERAL": {"medie": 7.640860215053765, "reusita": 85.41666666666666, "cnt": 96}, "ISTORIE": {"medie": 7.603763440860215, "reusita": 94.79166666666666, "cnt": 96}, "LOGICA, ARGUMENTARE SI COMUNICARE": {"medie": 8.479999999999995, "reusita": 98.0, "cnt": 50}, "GEOGRAFIE": {"medie": 7.703488372093025, "reusita": 93.18181818181817, "cnt": 44}, "PSIHOLOGIE": {"medie": 8.25, "reusita": 100.0, "cnt": 1}, "FILOSOFIE": {"medie": "-", "reusita": 0.0, "cnt": 1}}, "nume": "COLEGIUL NATIONAL DE ARTE \"DINU LIPATTI\"\tBucure\u0219ti"}