{"specializari": {"TEHNICIAN IN ACHIZITII SI CONTRACTARI": 30, "TEHNICIAN IN AGROTURISM": 34, "TEHNICIAN MECANIC PENTRU INTRETINERE SI REPARATII": 28, "TEHNICIAN VETERINAR": 35, "TEHNICIAN IN ACTIVITATI DE COMERT": 1, "TEHNICIAN ECOLOG SI PROTECTIA CALITATII MEDIULUI": 7, "TEHNICIAN AGROMONTAN": 7}, "limba_moderna": {"LIMBA ENGLEZA": 139, "LIMBA FRANCEZA": 2, "LIMBA GERMANA MODERNA": 1}, "limba_materna": {"LIMBA ROMANA": 142}, "promotie_anterioara": {"NU": 112, "DA": 30}, "materii": {"LIMBA ROMANA": {"medie": 6.021785714285717, "reusita": 87.32394366197182, "cnt": 142}, "GENERAL": {"medie": 6.345771144278607, "reusita": 59.859154929577464, "cnt": 142}, "LOGICA, ARGUMENTARE SI COMUNICARE": {"medie": 8.333333333333334, "reusita": 100.0, "cnt": 12}, "GEOGRAFIE": {"medie": 7.697222222222223, "reusita": 94.44444444444444, "cnt": 18}, "ANATOMIE SI FIZIOLOGIE UMANA, GENETICA SI ECOLOGIE UMANA": {"medie": 6.466153846153846, "reusita": 86.56716417910447, "cnt": 67}, "BIOLOGIE VEGETALA SI ANIMALA": {"medie": 5.798717948717948, "reusita": 59.09090909090909, "cnt": 44}, "MATEMATICA TEHN": {"medie": 6.303623188405796, "reusita": 83.09859154929578, "cnt": 142}, "ECONOMIE": {"medie": 4.6, "reusita": 0.0, "cnt": 1}}, "nume": "COLEGIUL AGRICOL \"DANIIL POPOVICI BARCIANU\" SIBIU\tSibiu"}