{"specializari": {"FILOLOGIE": 87, "MATEMATICA-INFORMATICA": 57}, "limba_moderna": {"LIMBA FRANCEZA": 16, "LIMBA ENGLEZA": 126, "LIMBA GERMANA MODERNA": 2}, "limba_materna": {"LIMBA ROMANA": 144}, "promotie_anterioara": {"NU": 144}, "materii": {"LIMBA ROMANA": {"medie": 7.788541666666666, "reusita": 99.30555555555556, "cnt": 144}, "MATEMATICA MATE-INFO": {"medie": 8.110526315789476, "reusita": 100.0, "cnt": 57}, "INFORMATICA MI C/C++": {"medie": 8.188235294117646, "reusita": 97.05882352941177, "cnt": 34}, "GENERAL": {"medie": 8.148251748251749, "reusita": 96.52777777777779, "cnt": 144}, "ISTORIE": {"medie": 8.348850574712646, "reusita": 100.0, "cnt": 87}, "LOGICA, ARGUMENTARE SI COMUNICARE": {"medie": 8.36875, "reusita": 97.26027397260275, "cnt": 73}, "GEOGRAFIE": {"medie": 8.744444444444445, "reusita": 100.0, "cnt": 9}, "FIZICA TEO": {"medie": 7.877777777777776, "reusita": 100.0, "cnt": 9}, "CHIMIE ORGANICA TEO NIVEL I/II": {"medie": 9.775, "reusita": 100.0, "cnt": 2}, "PSIHOLOGIE": {"medie": 8.8125, "reusita": 100.0, "cnt": 4}, "SOCIOLOGIE": {"medie": 9.55, "reusita": 100.0, "cnt": 1}, "ANATOMIE SI FIZIOLOGIE UMANA, GENETICA SI ECOLOGIE UMANA": {"medie": 8.263636363636364, "reusita": 100.0, "cnt": 11}, "CHIMIE ANORGANICA TEO NIVEL I/II": {"medie": 8.8, "reusita": 100.0, "cnt": 1}}, "nume": "COLEGIUL NATIONAL \"ALEXANDRU IOAN CUZA\", LOCALITATEA GALATI\tGala\u021bi"}