{"specializari": {"FILOLOGIE": 30, "TEHNICIAN PRODUCTIE FILM SI TELEVIZIUNE": 62, "LICEU CU PROGRAM SPORTIV": 52, "TEHNICIAN OPERATOR PROCESARE TEXT IMAGINE": 37, "STIINTE ALE NATURII": 7, "TEHNICIAN POLIGRAF": 19, "TEHNICIAN MECATRONIST": 1}, "limba_moderna": {"LIMBA ENGLEZA": 208}, "limba_materna": {"LIMBA ROMANA": 208}, "promotie_anterioara": {"NU": 158, "DA": 50}, "materii": {"LIMBA ROMANA": {"medie": 5.480295566502461, "reusita": 75.0, "cnt": 208}, "GENERAL": {"medie": 5.408080808080811, "reusita": 35.57692307692308, "cnt": 208}, "ISTORIE": {"medie": 5.880246913580247, "reusita": 79.26829268292683, "cnt": 82}, "LOGICA, ARGUMENTARE SI COMUNICARE": {"medie": 5.746774193548387, "reusita": 62.5, "cnt": 32}, "MATEMATICA ST-NAT": {"medie": 5.521428571428572, "reusita": 100.0, "cnt": 7}, "GEOGRAFIE": {"medie": 7.673958333333334, "reusita": 97.91666666666666, "cnt": 48}, "ANATOMIE SI FIZIOLOGIE UMANA, GENETICA SI ECOLOGIE UMANA": {"medie": 6.8500000000000005, "reusita": 100.0, "cnt": 6}, "CHIMIE ANORGANICA TEO NIVEL I/II": {"medie": 6.8, "reusita": 100.0, "cnt": 1}, "BIOLOGIE VEGETALA SI ANIMALA": {"medie": 4.375225225225225, "reusita": 40.51724137931034, "cnt": 116}, "SOCIOLOGIE": {"medie": 4.85, "reusita": 50.0, "cnt": 2}, "MATEMATICA TEHN": {"medie": 4.7165178571428585, "reusita": 51.26050420168067, "cnt": 119}, "FIZICA TEH": {"medie": 6.175000000000001, "reusita": 50.0, "cnt": 2}, "CHIMIE ANORGANICA TEH NIVEL I/II": {"medie": 4.1, "reusita": 0.0, "cnt": 1}}, "nume": "COLEGIUL TEHNIC \"MEDIA\"\tBucure\u0219ti"}