{"specializari": {"TEHNICIAN IN ACTIVITATI ECONOMICE": 32, "TEHNICIAN OPERATOR TEHNICA DE CALCUL": 30, "TEHNICIAN VETERINAR": 25, "TEHNICIAN IN AGRICULTURA": 15, "TEHNICIAN ECOLOG SI PROTECTIA CALITATII MEDIULUI": 1, "TEHNICIAN MECANIC PENTRU INTRETINERE SI REPARATII": 2, "TEHNICIAN IN ACTIVITATI DE COMERT": 1}, "limba_moderna": {"LIMBA ENGLEZA": 100, "LIMBA FRANCEZA": 6}, "limba_materna": {"LIMBA ROMANA": 106}, "promotie_anterioara": {"NU": 93, "DA": 13}, "materii": {"LIMBA ROMANA": {"medie": 6.057425742574257, "reusita": 83.9622641509434, "cnt": 106}, "GENERAL": {"medie": 6.384192439862542, "reusita": 55.660377358490564, "cnt": 106}, "LOGICA, ARGUMENTARE SI COMUNICARE": {"medie": 2.9, "reusita": 0.0, "cnt": 1}, "GEOGRAFIE": {"medie": 8.403125000000001, "reusita": 100.0, "cnt": 32}, "ANATOMIE SI FIZIOLOGIE UMANA, GENETICA SI ECOLOGIE UMANA": {"medie": 5.1474358974359, "reusita": 58.536585365853654, "cnt": 41}, "BIOLOGIE VEGETALA SI ANIMALA": {"medie": 6.327999999999999, "reusita": 71.42857142857143, "cnt": 28}, "MATEMATICA TEHN": {"medie": 6.466494845360824, "reusita": 78.30188679245283, "cnt": 106}, "FIZICA TEH": {"medie": 6.699999999999999, "reusita": 100.0, "cnt": 4}}, "nume": "COLEGIUL TEHNIC \"HARALAMB VASILIU\", PODU ILOAIEI\tIa\u0219i"}