{"specializari": {"TEHNICIAN IN ACTIVITATI ECONOMICE": 13, "TEHNICIAN IN ADMINISTRATIE": 1, "TEHNICIAN IN ACTIVITATI DE COMERT": 9, "TEHNICIAN IN MORARIT, PANIFICATIE SI PRODUSE FAINOASE": 1, "ORGANIZATOR BANQUETING": 3, "TEHNICIAN IN TURISM": 14, "TEHNICIAN IN GASTRONOMIE": 1, "TEHNICIAN IN INDUSTRIA ALIMENTARA": 4, "TEHNICIAN IN ACHIZITII SI CONTRACTARI": 1}, "limba_moderna": {"LIMBA ENGLEZA": 45, "LIMBA GERMANA MODERNA": 2}, "limba_materna": {"LIMBA ROMANA": 47}, "promotie_anterioara": {"NU": 28, "DA": 19}, "materii": {"LIMBA ROMANA": {"medie": 4.951063829787234, "reusita": 68.08510638297872, "cnt": 47}, "GENERAL": {"medie": 5.320212765957447, "reusita": 29.78723404255319, "cnt": 47}, "GEOGRAFIE": {"medie": 6.9939024390243905, "reusita": 90.2439024390244, "cnt": 41}, "PSIHOLOGIE": {"medie": 5.4, "reusita": 100.0, "cnt": 1}, "ANATOMIE SI FIZIOLOGIE UMANA, GENETICA SI ECOLOGIE UMANA": {"medie": 3.4799999999999995, "reusita": 40.0, "cnt": 5}, "MATEMATICA TEHN": {"medie": 4.423404255319148, "reusita": 51.06382978723404, "cnt": 47}}, "nume": "COLEGIUL ECONOMIC AL BANATULUI MONTAN RESITA\tCara\u0219-Severin"}