{"specializari": {"STIINTE ALE NATURII": 54, "MATEMATICA-INFORMATICA": 28, "STIINTE SOCIALE": 33, "FILOLOGIE": 31}, "limba_moderna": {"LIMBA ENGLEZA": 128, "LIMBA GERMANA MODERNA": 11, "LIMBA FRANCEZA": 7}, "limba_materna": {"LIMBA ROMANA": 146}, "promotie_anterioara": {"NU": 145, "DA": 1}, "materii": {"LIMBA ROMANA": {"medie": 8.196232876712333, "reusita": 100.0, "cnt": 146}, "MATEMATICA MATE-INFO": {"medie": 9.089285714285712, "reusita": 100.0, "cnt": 28}, "INFORMATICA MI C/C++": {"medie": 9.174999999999999, "reusita": 100.0, "cnt": 14}, "GENERAL": {"medie": 8.651598173515985, "reusita": 98.63013698630137, "cnt": 146}, "ISTORIE": {"medie": 8.625781249999998, "reusita": 100.0, "cnt": 64}, "LOGICA, ARGUMENTARE SI COMUNICARE": {"medie": 8.93918918918919, "reusita": 97.2972972972973, "cnt": 37}, "CHIMIE ORGANICA TEO NIVEL I/II": {"medie": 8.45, "reusita": 100.0, "cnt": 1}, "MATEMATICA ST-NAT": {"medie": 8.941666666666665, "reusita": 98.14814814814815, "cnt": 54}, "FIZICA TEO": {"medie": 8.695454545454545, "reusita": 100.0, "cnt": 11}, "GEOGRAFIE": {"medie": 8.58095238095238, "reusita": 100.0, "cnt": 21}, "PSIHOLOGIE": {"medie": 8.51, "reusita": 100.0, "cnt": 5}, "ANATOMIE SI FIZIOLOGIE UMANA, GENETICA SI ECOLOGIE UMANA": {"medie": 9.097222222222223, "reusita": 100.0, "cnt": 54}, "CHIMIE ANORGANICA TEO NIVEL I/II": {"medie": 9.3, "reusita": 100.0, "cnt": 1}, "SOCIOLOGIE": {"medie": 8.85, "reusita": 100.0, "cnt": 1}, "INFORMATICA SN C/C++": {"medie": 7.9, "reusita": 100.0, "cnt": 1}}, "nume": "COLEGIUL NATIONAL \"UNIREA\" TIRGU MURES\tMure\u0219"}