{"specializari": {"FILOLOGIE": 33, "STIINTE SOCIALE": 31, "STIINTE ALE NATURII": 48, "MATEMATICA-INFORMATICA": 21}, "limba_moderna": {"LIMBA ENGLEZA": 122, "LIMBA FRANCEZA": 11}, "limba_materna": {"LIMBA ROMANA": 133}, "promotie_anterioara": {"NU": 130, "DA": 3}, "materii": {"LIMBA ROMANA": {"medie": 7.818181818181817, "reusita": 99.24812030075188, "cnt": 133}, "MATEMATICA MATE-INFO": {"medie": 7.792857142857143, "reusita": 100.0, "cnt": 21}, "INFORMATICA MI C/C++": {"medie": 6.53125, "reusita": 87.5, "cnt": 8}, "GENERAL": {"medie": 8.080534351145035, "reusita": 96.2406015037594, "cnt": 133}, "ISTORIE": {"medie": 8.53984375, "reusita": 100.0, "cnt": 64}, "LOGICA, ARGUMENTARE SI COMUNICARE": {"medie": 8.9375, "reusita": 100.0, "cnt": 44}, "GEOGRAFIE": {"medie": 9.11875, "reusita": 94.11764705882352, "cnt": 17}, "FIZICA TEO": {"medie": 8.216666666666667, "reusita": 100.0, "cnt": 6}, "CHIMIE ORGANICA TEO NIVEL I/II": {"medie": 8.8, "reusita": 100.0, "cnt": 1}, "MATEMATICA ST-NAT": {"medie": 8.067021276595746, "reusita": 97.91666666666666, "cnt": 48}, "PSIHOLOGIE": {"medie": 7.816666666666666, "reusita": 100.0, "cnt": 3}, "ANATOMIE SI FIZIOLOGIE UMANA, GENETICA SI ECOLOGIE UMANA": {"medie": 7.340196078431373, "reusita": 96.15384615384616, "cnt": 52}, "CHIMIE ANORGANICA TEO NIVEL I/II": {"medie": 9.3, "reusita": 100.0, "cnt": 2}}, "nume": "COLEGIUL \"MIHAI EMINESCU\" BACAU\tBac\u0103u"}