{"specializari": {"MATEMATICA-INFORMATICA": 27, "STIINTE SOCIALE": 31, "STIINTE ALE NATURII": 29, "FILOLOGIE": 29}, "limba_moderna": {"LIMBA ENGLEZA": 106, "LIMBA GERMANA MODERNA": 10}, "limba_materna": {"LIMBA ROMANA": 58, "LIMBA GERMANA": 58}, "promotie_anterioara": {"NU": 115, "DA": 1}, "materii": {"LIMBA ROMANA": {"medie": 8.32112068965517, "reusita": 100.0, "cnt": 116}, "MATEMATICA MATE-INFO": {"medie": 8.248148148148148, "reusita": 100.0, "cnt": 27}, "INFORMATICA MI C/C++": {"medie": 8.82, "reusita": 100.0, "cnt": 10}, "GENERAL": {"medie": 8.63815217391304, "reusita": 99.13793103448276, "cnt": 116}, "ISTORIE": {"medie": 9.153333333333336, "reusita": 100.0, "cnt": 60}, "LOGICA, ARGUMENTARE SI COMUNICARE": {"medie": 9.076595744680851, "reusita": 100.0, "cnt": 47}, "GEOGRAFIE": {"medie": 8.145000000000001, "reusita": 100.0, "cnt": 10}, "FIZICA TEO": {"medie": 8.745833333333334, "reusita": 100.0, "cnt": 12}, "CHIMIE ORGANICA TEO NIVEL I/II": {"medie": 9.463636363636363, "reusita": 100.0, "cnt": 11}, "MATEMATICA ST-NAT": {"medie": 9.337931034482759, "reusita": 100.0, "cnt": 29}, "PSIHOLOGIE": {"medie": 9.4, "reusita": 100.0, "cnt": 1}, "ANATOMIE SI FIZIOLOGIE UMANA, GENETICA SI ECOLOGIE UMANA": {"medie": 8.41111111111111, "reusita": 100.0, "cnt": 18}, "BIOLOGIE VEGETALA SI ANIMALA": {"medie": 9.66, "reusita": 100.0, "cnt": 5}, "FILOSOFIE": {"medie": 9.75, "reusita": 100.0, "cnt": 2}, "LIMBA GERMANA": {"medie": 7.93947368421053, "reusita": 98.27586206896551, "cnt": 58}}, "nume": "COLEGIUL NATIONAL \"GEORGE COSBUC\" CLUJ-NAPOCA\tCluj"}