{"specializari": {"STIINTE SOCIALE": 98, "MATEMATICA-INFORMATICA": 60, "INVATATOR - EDUCATOARE": 57, "FILOLOGIE": 31}, "limba_moderna": {"LIMBA ENGLEZA": 243, "LIMBA GERMANA MODERNA": 1, "LIMBA FRANCEZA": 2}, "limba_materna": {"LIMBA ROMANA": 246}, "promotie_anterioara": {"NU": 245, "DA": 1}, "materii": {"LIMBA ROMANA": {"medie": 8.389430894308944, "reusita": 100.0, "cnt": 246}, "MATEMATICA MATE-INFO": {"medie": 8.004166666666668, "reusita": 96.66666666666667, "cnt": 60}, "INFORMATICA MI C/C++": {"medie": 8.603125000000002, "reusita": 100.0, "cnt": 32}, "GENERAL": {"medie": 8.554607046070451, "reusita": 97.5609756097561, "cnt": 246}, "ISTORIE": {"medie": 8.715503875968992, "reusita": 100.0, "cnt": 129}, "LOGICA, ARGUMENTARE SI COMUNICARE": {"medie": 8.636423841059605, "reusita": 99.33774834437085, "cnt": 151}, "CHIMIE ORGANICA TEO NIVEL I/II": {"medie": 9.7, "reusita": 100.0, "cnt": 1}, "FIZICA TEO": {"medie": 8.2875, "reusita": 100.0, "cnt": 4}, "GEOGRAFIE": {"medie": 8.928571428571429, "reusita": 100.0, "cnt": 28}, "PSIHOLOGIE": {"medie": 9.0625, "reusita": 100.0, "cnt": 4}, "ANATOMIE SI FIZIOLOGIE UMANA, GENETICA SI ECOLOGIE UMANA": {"medie": 7.326086956521739, "reusita": 95.65217391304348, "cnt": 23}, "MATEMATICA PED": {"medie": 9.483333333333333, "reusita": 100.0, "cnt": 57}, "FILOSOFIE": {"medie": 9.133333333333335, "reusita": 100.0, "cnt": 3}}, "nume": "COLEGIUL NATIONAL \"MIHAI EMINESCU\" SUCEAVA\tSuceava"}