{"specializari": {"STIINTE ALE NATURII": 54, "MATEMATICA-INFORMATICA": 109, "STIINTE SOCIALE": 30, "FILOLOGIE": 61, "LICEU CU PROGRAM SPORTIV": 27}, "limba_moderna": {"LIMBA ENGLEZA": 248, "LIMBA GERMANA MODERNA": 19, "LIMBA FRANCEZA": 14}, "limba_materna": {"LIMBA ROMANA": 281}, "promotie_anterioara": {"NU": 278, "DA": 3}, "materii": {"LIMBA ROMANA": {"medie": 8.65480427046263, "reusita": 99.644128113879, "cnt": 281}, "MATEMATICA MATE-INFO": {"medie": 9.06330275229358, "reusita": 100.0, "cnt": 109}, "INFORMATICA MI C/C++": {"medie": 9.146428571428572, "reusita": 100.0, "cnt": 42}, "GENERAL": {"medie": 8.94345238095238, "reusita": 97.50889679715303, "cnt": 281}, "ISTORIE": {"medie": 8.61101694915254, "reusita": 100.0, "cnt": 118}, "LOGICA, ARGUMENTARE SI COMUNICARE": {"medie": 8.892788461538464, "reusita": 98.09523809523809, "cnt": 105}, "CHIMIE ORGANICA TEO NIVEL I/II": {"medie": 9.550892857142859, "reusita": 100.0, "cnt": 56}, "MATEMATICA ST-NAT": {"medie": 9.52685185185185, "reusita": 100.0, "cnt": 54}, "FIZICA TEO": {"medie": 9.371250000000002, "reusita": 100.0, "cnt": 40}, "GEOGRAFIE": {"medie": 9.249999999999998, "reusita": 100.0, "cnt": 6}, "PSIHOLOGIE": {"medie": 8.416666666666666, "reusita": 100.0, "cnt": 6}, "ANATOMIE SI FIZIOLOGIE UMANA, GENETICA SI ECOLOGIE UMANA": {"medie": 8.95, "reusita": 100.0, "cnt": 4}, "CHIMIE ANORGANICA TEO NIVEL I/II": {"medie": 9.8, "reusita": 100.0, "cnt": 5}, "BIOLOGIE VEGETALA SI ANIMALA": {"medie": 9.684615384615386, "reusita": 100.0, "cnt": 13}, "INFORMATICA SN C/C++": {"medie": 8.716666666666667, "reusita": 100.0, "cnt": 3}, "ECONOMIE": {"medie": 8.8, "reusita": 100.0, "cnt": 1}}, "nume": "COLEGIUL NATIONAL \"MIHAI VITEAZUL\", MUNICIPIUL PLOIESTI\tPrahova"}