{"specializari": {"MATEMATICA-INFORMATICA": 8, "FILOLOGIE": 18, "TEHNICIAN IN GASTRONOMIE": 4, "STIINTE ALE NATURII": 1, "TEHNICIAN IN TURISM": 2}, "limba_moderna": {"LIMBA ENGLEZA": 27, "LIMBA FRANCEZA": 6}, "limba_materna": {"LIMBA ROMANA": 33}, "promotie_anterioara": {"NU": 28, "DA": 5}, "materii": {"LIMBA ROMANA": {"medie": 6.562499999999999, "reusita": 93.93939393939394, "cnt": 33}, "MATEMATICA MATE-INFO": {"medie": 6.531250000000001, "reusita": 100.0, "cnt": 8}, "GENERAL": {"medie": 6.5197916666666655, "reusita": 69.6969696969697, "cnt": 33}, "ISTORIE": {"medie": 6.413888888888888, "reusita": 100.0, "cnt": 18}, "LOGICA, ARGUMENTARE SI COMUNICARE": {"medie": 4.925, "reusita": 50.0, "cnt": 2}, "GEOGRAFIE": {"medie": 7.176190476190476, "reusita": 81.81818181818183, "cnt": 22}, "CHIMIE ORGANICA TEO NIVEL I/II": {"medie": 9.3, "reusita": 100.0, "cnt": 1}, "MATEMATICA ST-NAT": {"medie": 6.65, "reusita": 100.0, "cnt": 1}, "ANATOMIE SI FIZIOLOGIE UMANA, GENETICA SI ECOLOGIE UMANA": {"medie": 6.535714285714286, "reusita": 85.71428571428571, "cnt": 7}, "CHIMIE ANORGANICA TEO NIVEL I/II": {"medie": 3.3, "reusita": 0.0, "cnt": 1}, "MATEMATICA TEHN": {"medie": 4.529999999999999, "reusita": 50.0, "cnt": 6}}, "nume": "COLEGIUL \"ION KALINDERU\", ORASUL BUSTENI\tPrahova"}