{"specializari": {"MATEMATICA-INFORMATICA": 33, "FILOLOGIE": 33, "TEHNICIAN PROIECTANT CAD": 22, "TEHNICIAN INSTALATII DE BORD (AVION)": 20, "TEHNICIAN AVIATIE": 27, "TEHNICIAN MECANIC PENTRU INTRETINERE SI REPARATII": 2, "TEHNICIAN IN INSTALATII ELECTRICE": 7, "TEHNICIAN IN AUTOMATIZARI": 1}, "limba_moderna": {"LIMBA ENGLEZA": 135, "LIMBA FRANCEZA": 10}, "limba_materna": {"LIMBA ROMANA": 145}, "promotie_anterioara": {"NU": 100, "DA": 45}, "materii": {"LIMBA ROMANA": {"medie": 5.924482758620687, "reusita": 93.10344827586206, "cnt": 145}, "MATEMATICA MATE-INFO": {"medie": 5.1121212121212105, "reusita": 66.66666666666666, "cnt": 33}, "INFORMATICA MI C/C++": {"medie": 6.333333333333333, "reusita": 91.66666666666666, "cnt": 12}, "GENERAL": {"medie": 5.812089201877933, "reusita": 44.827586206896555, "cnt": 145}, "ISTORIE": {"medie": 6.878787878787881, "reusita": 93.93939393939394, "cnt": 33}, "LOGICA, ARGUMENTARE SI COMUNICARE": {"medie": 7.5874999999999995, "reusita": 100.0, "cnt": 4}, "GEOGRAFIE": {"medie": 7.573076923076924, "reusita": 96.15384615384616, "cnt": 26}, "PSIHOLOGIE": {"medie": 7.833333333333333, "reusita": 100.0, "cnt": 3}, "ANATOMIE SI FIZIOLOGIE UMANA, GENETICA SI ECOLOGIE UMANA": {"medie": 5.4363636363636365, "reusita": 63.63636363636363, "cnt": 11}, "BIOLOGIE VEGETALA SI ANIMALA": {"medie": 4.839610389610389, "reusita": 48.717948717948715, "cnt": 78}, "MATEMATICA TEHN": {"medie": 5.760389610389611, "reusita": 81.0126582278481, "cnt": 79}, "FIZICA TEH": {"medie": 4.5, "reusita": 54.54545454545454, "cnt": 11}}, "nume": "COLEGIUL TEHNIC DE AERONAUTICA \"HENRI COANDA\"\tBucure\u0219ti"}