{"specializari": {"TEHNICIAN IN TURISM": 13, "TEHNICIAN IN HOTELARIE": 1}, "limba_moderna": {"LIMBA FRANCEZA": 6, "LIMBA ENGLEZA": 8}, "limba_materna": {"LIMBA ROMANA": 14}, "promotie_anterioara": {"NU": 13, "DA": 1}, "materii": {"LIMBA ROMANA": {"medie": 5.382142857142857, "reusita": 71.42857142857143, "cnt": 14}, "GENERAL": {"medie": 5.982142857142856, "reusita": 35.714285714285715, "cnt": 14}, "GEOGRAFIE": {"medie": 7.771428571428571, "reusita": 92.85714285714286, "cnt": 14}, "MATEMATICA TEHN": {"medie": 4.792857142857144, "reusita": 42.857142857142854, "cnt": 14}}, "nume": "COLEGIUL ECONOMIC \"PINTEA VITEAZUL\" CAVNIC\tMaramure\u0219"}