{"specializari": {"TEHNICIAN IN GASTRONOMIE": 19, "FILOLOGIE": 10, "TEHNICIAN ECOLOG SI PROTECTIA CALITATII MEDIULUI": 24, "TEHNICIAN IN INSTALATII ELECTRICE": 2, "TEHNICIAN ANALIZE PRODUSE ALIMENTARE": 2, "STIINTE ALE NATURII": 3, "TEHNICIAN PROIECTANT CAD": 1, "TEHNICIAN MECANIC PENTRU INTRETINERE SI REPARATII": 5, "TEHNICIAN IN TURISM": 2, "TEHNICIAN MECATRONIST": 1}, "limba_moderna": {"LIMBA ENGLEZA": 65, "LIMBA FRANCEZA": 4}, "limba_materna": {"LIMBA ROMANA": 69}, "promotie_anterioara": {"NU": 43, "DA": 26}, "materii": {"LIMBA ROMANA": {"medie": 6.19328358208955, "reusita": 89.85507246376811, "cnt": 69}, "GENERAL": {"medie": 6.183589743589744, "reusita": 56.52173913043478, "cnt": 69}, "ISTORIE": {"medie": 6.455, "reusita": 90.0, "cnt": 10}, "GEOGRAFIE": {"medie": 7.290322580645161, "reusita": 96.7741935483871, "cnt": 31}, "MATEMATICA ST-NAT": {"medie": 3.983333333333333, "reusita": 33.33333333333333, "cnt": 3}, "ANATOMIE SI FIZIOLOGIE UMANA, GENETICA SI ECOLOGIE UMANA": {"medie": 5.461538461538461, "reusita": 42.857142857142854, "cnt": 28}, "BIOLOGIE VEGETALA SI ANIMALA": {"medie": 7.649999999999999, "reusita": 71.42857142857143, "cnt": 7}, "MATEMATICA TEHN": {"medie": 5.883962264150945, "reusita": 83.92857142857143, "cnt": 56}, "FIZICA TEH": {"medie": 3.566666666666667, "reusita": 33.33333333333333, "cnt": 3}}, "nume": "COLEGIUL TEHNIC \"COSTIN D. NENITESCU\"\tBr\u0103ila"}