{"specializari": {"FILOLOGIE": 34, "INVATATOR - EDUCATOARE": 50, "MATEMATICA-INFORMATICA": 32}, "limba_moderna": {"LIMBA ENGLEZA": 114, "LIMBA GERMANA MODERNA": 2}, "limba_materna": {"LIMBA ROMANA": 116}, "promotie_anterioara": {"NU": 116}, "materii": {"LIMBA ROMANA": {"medie": 8.426293103448275, "reusita": 100.0, "cnt": 116}, "MATEMATICA MATE-INFO": {"medie": 9.154687499999998, "reusita": 100.0, "cnt": 32}, "INFORMATICA MI C/C++": {"medie": 9.015909090909092, "reusita": 100.0, "cnt": 22}, "GENERAL": {"medie": 8.860632183908043, "reusita": 100.0, "cnt": 116}, "ISTORIE": {"medie": 9.142647058823528, "reusita": 100.0, "cnt": 34}, "LOGICA, ARGUMENTARE SI COMUNICARE": {"medie": 9.37386363636364, "reusita": 100.0, "cnt": 44}, "CHIMIE ORGANICA TEO NIVEL I/II": {"medie": 9.45, "reusita": 100.0, "cnt": 2}, "FIZICA TEO": {"medie": 6.8, "reusita": 100.0, "cnt": 1}, "GEOGRAFIE": {"medie": 8.971212121212119, "reusita": 100.0, "cnt": 33}, "PSIHOLOGIE": {"medie": 8.719999999999999, "reusita": 100.0, "cnt": 5}, "ANATOMIE SI FIZIOLOGIE UMANA, GENETICA SI ECOLOGIE UMANA": {"medie": 8.97857142857143, "reusita": 100.0, "cnt": 7}, "SOCIOLOGIE": {"medie": 7.55, "reusita": 100.0, "cnt": 1}, "MATEMATICA PED": {"medie": 8.953999999999999, "reusita": 100.0, "cnt": 50}, "ECONOMIE": {"medie": 8.0, "reusita": 100.0, "cnt": 1}}, "nume": "COLEGIUL NATIONAL \"PREPARANDIA-DIMITRIE TICHINDEAL\" ARAD\tArad"}