{"specializari": {"FILOLOGIE": 31, "STIINTE ALE NATURII": 60, "MATEMATICA-INFORMATICA": 59, "STIINTE SOCIALE": 30}, "limba_moderna": {"LIMBA ENGLEZA": 164, "LIMBA FRANCEZA": 16}, "limba_materna": {"LIMBA ROMANA": 180}, "promotie_anterioara": {"NU": 176, "DA": 4}, "materii": {"LIMBA ROMANA": {"medie": 8.251111111111111, "reusita": 99.44444444444444, "cnt": 180}, "MATEMATICA MATE-INFO": {"medie": 8.105084745762715, "reusita": 94.91525423728814, "cnt": 59}, "INFORMATICA MI C/C++": {"medie": 9.288888888888888, "reusita": 100.0, "cnt": 9}, "GENERAL": {"medie": 8.457635009310984, "reusita": 95.0, "cnt": 180}, "ISTORIE": {"medie": 9.115573770491801, "reusita": 100.0, "cnt": 61}, "LOGICA, ARGUMENTARE SI COMUNICARE": {"medie": 9.197777777777777, "reusita": 100.0, "cnt": 45}, "GEOGRAFIE": {"medie": 8.92142857142857, "reusita": 100.0, "cnt": 7}, "FIZICA TEO": {"medie": 8.185416666666669, "reusita": 100.0, "cnt": 24}, "CHIMIE ORGANICA TEO NIVEL I/II": {"medie": 9.476470588235294, "reusita": 100.0, "cnt": 17}, "MATEMATICA ST-NAT": {"medie": 8.224999999999998, "reusita": 96.66666666666667, "cnt": 60}, "PSIHOLOGIE": {"medie": 9.3, "reusita": 100.0, "cnt": 2}, "SOCIOLOGIE": {"medie": 8.919999999999998, "reusita": 100.0, "cnt": 5}, "ANATOMIE SI FIZIOLOGIE UMANA, GENETICA SI ECOLOGIE UMANA": {"medie": 7.959016393442623, "reusita": 98.38709677419355, "cnt": 62}, "BIOLOGIE VEGETALA SI ANIMALA": {"medie": 8.32857142857143, "reusita": 100.0, "cnt": 7}, "FILOSOFIE": {"medie": 9.7, "reusita": 100.0, "cnt": 1}, "ECONOMIE": {"medie": 8.3, "reusita": 100.0, "cnt": 1}}, "nume": "COLEGIUL NATIONAL \"NICOLAE IORGA\", ORASUL VALENII DE MUNTE\tPrahova"}