{"specializari": {"FILOLOGIE": 31, "STIINTE ALE NATURII": 107, "STIINTE SOCIALE": 27, "MATEMATICA-INFORMATICA": 26}, "limba_moderna": {"LIMBA ENGLEZA": 190, "LIMBA FRANCEZA": 1}, "limba_materna": {"LIMBA ROMANA": 191}, "promotie_anterioara": {"NU": 183, "DA": 8}, "materii": {"LIMBA ROMANA": {"medie": 6.956315789473685, "reusita": 97.38219895287958, "cnt": 191}, "MATEMATICA MATE-INFO": {"medie": 6.938461538461539, "reusita": 96.15384615384616, "cnt": 26}, "INFORMATICA MI C/C++": {"medie": 6.55, "reusita": 90.9090909090909, "cnt": 11}, "GENERAL": {"medie": 7.623670212765957, "reusita": 89.00523560209425, "cnt": 191}, "ISTORIE": {"medie": 7.905172413793105, "reusita": 98.27586206896551, "cnt": 58}, "LOGICA, ARGUMENTARE SI COMUNICARE": {"medie": 8.22, "reusita": 100.0, "cnt": 10}, "CHIMIE ORGANICA TEO NIVEL I/II": {"medie": 8.983333333333334, "reusita": 100.0, "cnt": 12}, "MATEMATICA ST-NAT": {"medie": 7.9320754716981146, "reusita": 97.19626168224299, "cnt": 107}, "FIZICA TEO": {"medie": 7.788461538461538, "reusita": 100.0, "cnt": 13}, "GEOGRAFIE": {"medie": 8.629268292682926, "reusita": 100.0, "cnt": 41}, "PSIHOLOGIE": {"medie": 8.375, "reusita": 100.0, "cnt": 2}, "ANATOMIE SI FIZIOLOGIE UMANA, GENETICA SI ECOLOGIE UMANA": {"medie": 7.965294117647059, "reusita": 97.67441860465115, "cnt": 86}, "CHIMIE ANORGANICA TEO NIVEL I/II": {"medie": 8.4, "reusita": 100.0, "cnt": 4}, "BIOLOGIE VEGETALA SI ANIMALA": {"medie": 9.1, "reusita": 100.0, "cnt": 1}, "SOCIOLOGIE": {"medie": 7.710000000000001, "reusita": 100.0, "cnt": 5}, "INFORMATICA SN C/C++": {"medie": 7.3999999999999995, "reusita": 100.0, "cnt": 6}}, "nume": "COLEGIUL NATIONAL \"VICTOR BABES\"\tBucure\u0219ti"}