{"specializari": {"STIINTE ALE NATURII": 63, "MATEMATICA-INFORMATICA": 117, "FILOLOGIE": 102}, "limba_moderna": {"LIMBA ENGLEZA": 257, "LIMBA FRANCEZA": 21, "LIMBA SPANIOLA": 4}, "limba_materna": {"LIMBA ROMANA": 282}, "promotie_anterioara": {"NU": 279, "DA": 3}, "materii": {"LIMBA ROMANA": {"medie": 8.009285714285712, "reusita": 98.93617021276596, "cnt": 282}, "MATEMATICA MATE-INFO": {"medie": 8.582758620689656, "reusita": 99.14529914529915, "cnt": 117}, "INFORMATICA MI C/C++": {"medie": 8.922727272727272, "reusita": 100.0, "cnt": 44}, "GENERAL": {"medie": 8.52863095238095, "reusita": 97.16312056737588, "cnt": 282}, "ISTORIE": {"medie": 8.388613861386139, "reusita": 98.0392156862745, "cnt": 102}, "LOGICA, ARGUMENTARE SI COMUNICARE": {"medie": 9.036021505376345, "reusita": 98.93617021276596, "cnt": 94}, "GEOGRAFIE": {"medie": 9.100000000000001, "reusita": 100.0, "cnt": 4}, "FIZICA TEO": {"medie": 9.244117647058822, "reusita": 100.0, "cnt": 17}, "CHIMIE ORGANICA TEO NIVEL I/II": {"medie": 9.545454545454547, "reusita": 100.0, "cnt": 11}, "MATEMATICA ST-NAT": {"medie": 8.965873015873017, "reusita": 98.4126984126984, "cnt": 63}, "PSIHOLOGIE": {"medie": 8.8, "reusita": 100.0, "cnt": 4}, "ANATOMIE SI FIZIOLOGIE UMANA, GENETICA SI ECOLOGIE UMANA": {"medie": 8.850934579439256, "reusita": 98.14814814814815, "cnt": 108}}, "nume": "COLEGIUL NATIONAL \"CAROL I\" CRAIOVA\tDolj"}