{"specializari": {"STIINTE SOCIALE": 58, "FILOLOGIE": 29, "MATEMATICA-INFORMATICA": 29}, "limba_moderna": {"LIMBA ENGLEZA": 116}, "limba_materna": {"LIMBA ROMANA": 116}, "promotie_anterioara": {"NU": 116}, "materii": {"LIMBA ROMANA": {"medie": 8.555603448275862, "reusita": 100.0, "cnt": 116}, "MATEMATICA MATE-INFO": {"medie": 8.796551724137931, "reusita": 100.0, "cnt": 29}, "INFORMATICA MI C/C++": {"medie": 8.945, "reusita": 100.0, "cnt": 10}, "GENERAL": {"medie": 8.986781609195406, "reusita": 100.0, "cnt": 116}, "ISTORIE": {"medie": 9.309195402298851, "reusita": 100.0, "cnt": 87}, "LOGICA, ARGUMENTARE SI COMUNICARE": {"medie": 9.349367088607595, "reusita": 100.0, "cnt": 79}, "FIZICA TEO": {"medie": 7.8, "reusita": 100.0, "cnt": 1}, "GEOGRAFIE": {"medie": 9.18, "reusita": 100.0, "cnt": 5}, "PSIHOLOGIE": {"medie": 8.9, "reusita": 100.0, "cnt": 1}, "ANATOMIE SI FIZIOLOGIE UMANA, GENETICA SI ECOLOGIE UMANA": {"medie": 8.955555555555556, "reusita": 100.0, "cnt": 18}, "SOCIOLOGIE": {"medie": 9.05, "reusita": 100.0, "cnt": 2}}, "nume": "COLEGIUL NATIONAL \"GHEORGHE SINCAI\" CLUJ-NAPOCA\tCluj"}