{"specializari": {"STIINTE ALE NATURII": 29, "FILOLOGIE": 29, "STIINTE SOCIALE": 62, "MATEMATICA-INFORMATICA": 61}, "limba_moderna": {"LIMBA ENGLEZA": 173, "LIMBA FRANCEZA": 8}, "limba_materna": {"LIMBA ROMANA": 181}, "promotie_anterioara": {"NU": 178, "DA": 3}, "materii": {"LIMBA ROMANA": {"medie": 8.543370165745852, "reusita": 99.4475138121547, "cnt": 181}, "MATEMATICA MATE-INFO": {"medie": 8.753278688524588, "reusita": 98.36065573770492, "cnt": 61}, "INFORMATICA MI C/C++": {"medie": 8.927272727272728, "reusita": 100.0, "cnt": 33}, "GENERAL": {"medie": 8.692633517495393, "reusita": 97.79005524861878, "cnt": 181}, "ISTORIE": {"medie": 8.477472527472528, "reusita": 100.0, "cnt": 91}, "LOGICA, ARGUMENTARE SI COMUNICARE": {"medie": 8.934375000000001, "reusita": 98.4375, "cnt": 64}, "CHIMIE ORGANICA TEO NIVEL I/II": {"medie": 9.085714285714285, "reusita": 100.0, "cnt": 14}, "MATEMATICA ST-NAT": {"medie": 9.155172413793101, "reusita": 100.0, "cnt": 29}, "FIZICA TEO": {"medie": 8.991666666666665, "reusita": 100.0, "cnt": 12}, "GEOGRAFIE": {"medie": 9.457142857142857, "reusita": 100.0, "cnt": 7}, "PSIHOLOGIE": {"medie": 9.399999999999999, "reusita": 100.0, "cnt": 2}, "ANATOMIE SI FIZIOLOGIE UMANA, GENETICA SI ECOLOGIE UMANA": {"medie": 8.399999999999999, "reusita": 96.55172413793103, "cnt": 29}, "SOCIOLOGIE": {"medie": 8.611764705882353, "reusita": 100.0, "cnt": 17}, "INFORMATICA SN C/C++": {"medie": 9.575, "reusita": 100.0, "cnt": 2}, "ECONOMIE": {"medie": 7.2, "reusita": 100.0, "cnt": 1}}, "nume": "COLEGIUL NATIONAL \"NICOLAE GRIGORESCU\", MUNICIPIUL CAMPINA\tPrahova"}