{"specializari": {"LICEU CU PROGRAM SPORTIV": 83, "MATEMATICA-INFORMATICA": 22, "TEHNICIAN IN INSTALATII ELECTRICE": 16, "TEHNICIAN ELECTROMECANIC": 1}, "limba_moderna": {"LIMBA ENGLEZA": 122}, "limba_materna": {"LIMBA ROMANA": 122}, "promotie_anterioara": {"NU": 96, "DA": 26}, "materii": {"LIMBA ROMANA": {"medie": 5.591101694915259, "reusita": 74.59016393442623, "cnt": 122}, "MATEMATICA MATE-INFO": {"medie": 5.408333333333334, "reusita": 54.54545454545454, "cnt": 22}, "INFORMATICA MI C/C++": {"medie": 4.025, "reusita": 50.0, "cnt": 2}, "GENERAL": {"medie": 5.778947368421054, "reusita": 43.44262295081967, "cnt": 122}, "ISTORIE": {"medie": 6.085802469135805, "reusita": 86.74698795180723, "cnt": 83}, "LOGICA, ARGUMENTARE SI COMUNICARE": {"medie": 7.349999999999999, "reusita": 88.88888888888889, "cnt": 9}, "GEOGRAFIE": {"medie": 6.7619718309859165, "reusita": 86.11111111111111, "cnt": 72}, "PSIHOLOGIE": {"medie": 8.5, "reusita": 100.0, "cnt": 1}, "ANATOMIE SI FIZIOLOGIE UMANA, GENETICA SI ECOLOGIE UMANA": {"medie": 5.983333333333333, "reusita": 68.75, "cnt": 16}, "BIOLOGIE VEGETALA SI ANIMALA": {"medie": 3.3599999999999994, "reusita": 14.285714285714285, "cnt": 21}, "FILOSOFIE": {"medie": 5.4, "reusita": 100.0, "cnt": 1}, "MATEMATICA TEHN": {"medie": 2.68125, "reusita": 17.647058823529413, "cnt": 17}}, "nume": "COLEGIUL TEHNIC FEROVIAR \"MIHAI I\"\tBucure\u0219ti"}