{"specializari": {"FILOLOGIE": 68, "MATEMATICA-INFORMATICA": 48, "STIINTE ALE NATURII": 17, "STIINTE SOCIALE": 1}, "limba_moderna": {"LIMBA ENGLEZA": 122, "LIMBA FRANCEZA": 6, "LIMBA ITALIANA": 6}, "limba_materna": {"LIMBA ROMANA": 134}, "promotie_anterioara": {"NU": 129, "DA": 5}, "materii": {"LIMBA ROMANA": {"medie": 7.742910447761195, "reusita": 99.25373134328358, "cnt": 134}, "MATEMATICA MATE-INFO": {"medie": 7.969791666666667, "reusita": 97.91666666666666, "cnt": 48}, "INFORMATICA MI C/C++": {"medie": 7.305, "reusita": 100.0, "cnt": 10}, "GENERAL": {"medie": 7.858084577114428, "reusita": 91.7910447761194, "cnt": 134}, "ISTORIE": {"medie": 7.9079710144927535, "reusita": 98.55072463768117, "cnt": 69}, "LOGICA, ARGUMENTARE SI COMUNICARE": {"medie": 9.75, "reusita": 100.0, "cnt": 1}, "GEOGRAFIE": {"medie": 8.659322033898304, "reusita": 100.0, "cnt": 59}, "FIZICA TEO": {"medie": 8.316666666666666, "reusita": 100.0, "cnt": 3}, "CHIMIE ORGANICA TEO NIVEL I/II": {"medie": 9.4, "reusita": 100.0, "cnt": 1}, "MATEMATICA ST-NAT": {"medie": 6.129411764705882, "reusita": 88.23529411764706, "cnt": 17}, "PSIHOLOGIE": {"medie": 7.699999999999999, "reusita": 100.0, "cnt": 4}, "ANATOMIE SI FIZIOLOGIE UMANA, GENETICA SI ECOLOGIE UMANA": {"medie": 7.623000000000001, "reusita": 94.0, "cnt": 50}, "CHIMIE ANORGANICA TEO NIVEL I/II": {"medie": 9.85, "reusita": 100.0, "cnt": 1}, "ECONOMIE": {"medie": 7.83, "reusita": 100.0, "cnt": 5}}, "nume": "COLEGIUL NATIONAL \"NICOLAE TITULESCU\" PUCIOASA\tD\u00e2mbovi\u021ba"}