{"specializari": {"ARHITECTURA, ARTE AMBIENTALE SI DESIGN": 111, "MATEMATICA-INFORMATICA": 30, "TEHNICIAN DESENATOR PENTRU CONSTRUCTII SI INSTALATII": 30}, "limba_moderna": {"LIMBA ENGLEZA": 169, "LIMBA FRANCEZA": 2}, "limba_materna": {"LIMBA ROMANA": 171}, "promotie_anterioara": {"NU": 133, "DA": 38}, "materii": {"LIMBA ROMANA": {"medie": 5.60558823529412, "reusita": 76.0233918128655, "cnt": 171}, "MATEMATICA MATE-INFO": {"medie": 5.668333333333334, "reusita": 90.0, "cnt": 30}, "GENERAL": {"medie": 5.796868686868685, "reusita": 39.1812865497076, "cnt": 171}, "ISTORIE": {"medie": 5.68425925925926, "reusita": 69.36936936936937, "cnt": 111}, "LOGICA, ARGUMENTARE SI COMUNICARE": {"medie": 6.018627450980392, "reusita": 70.58823529411765, "cnt": 51}, "FIZICA TEO": {"medie": 4.15, "reusita": 0.0, "cnt": 2}, "GEOGRAFIE": {"medie": 6.721428571428573, "reusita": 89.79591836734694, "cnt": 49}, "PSIHOLOGIE": {"medie": 6.05, "reusita": 87.5, "cnt": 8}, "ANATOMIE SI FIZIOLOGIE UMANA, GENETICA SI ECOLOGIE UMANA": {"medie": 4.4, "reusita": 40.0, "cnt": 5}, "BIOLOGIE VEGETALA SI ANIMALA": {"medie": 5.68061224489796, "reusita": 58.82352941176471, "cnt": 51}, "FILOSOFIE": {"medie": 6.9, "reusita": 100.0, "cnt": 1}, "MATEMATICA TEHN": {"medie": 5.773214285714286, "reusita": 73.33333333333333, "cnt": 30}, "ECONOMIE": {"medie": 5.025, "reusita": 50.0, "cnt": 2}, "INFORMATICA MI PASCAL": {"medie": 7.25, "reusita": 100.0, "cnt": 2}}, "nume": "COLEGIUL TEHNIC DE ARHITECTURA SI LUCRARI PUBLICE \"IOAN N. SOCOLESCU\"\tBucure\u0219ti"}