{"specializari": {"TEHNICIAN IN ACTIVITATI ECONOMICE": 18, "FILOLOGIE": 32, "TEHNICIAN IN TURISM": 47, "TEHNICIAN ECOLOG SI PROTECTIA CALITATII MEDIULUI": 24, "ORGANIZATOR BANQUETING": 30, "TEHNICIAN IN INDUSTRIA ALIMENTARA": 23, "TEHNICIAN VETERINAR": 19, "STIINTE ALE NATURII": 3, "TEHNICIAN ANALIZE PRODUSE ALIMENTARE": 3, "STIINTE SOCIALE": 1}, "limba_moderna": {"LIMBA ENGLEZA": 173, "LIMBA FRANCEZA": 26, "LIMBA GERMANA MODERNA": 1}, "limba_materna": {"LIMBA ROMANA": 200}, "promotie_anterioara": {"NU": 176, "DA": 24}, "materii": {"LIMBA ROMANA": {"medie": 6.530687830687829, "reusita": 89.0, "cnt": 200}, "GENERAL": {"medie": 6.284848484848487, "reusita": 52.5, "cnt": 200}, "ISTORIE": {"medie": 7.121666666666667, "reusita": 90.9090909090909, "cnt": 33}, "LOGICA, ARGUMENTARE SI COMUNICARE": {"medie": 6.8623076923076916, "reusita": 80.59701492537313, "cnt": 67}, "MATEMATICA ST-NAT": {"medie": 5.3500000000000005, "reusita": 100.0, "cnt": 3}, "GEOGRAFIE": {"medie": 7.461666666666669, "reusita": 95.08196721311475, "cnt": 61}, "ANATOMIE SI FIZIOLOGIE UMANA, GENETICA SI ECOLOGIE UMANA": {"medie": 5.280952380952381, "reusita": 56.71641791044776, "cnt": 67}, "BIOLOGIE VEGETALA SI ANIMALA": {"medie": 8.65, "reusita": 50.0, "cnt": 4}, "MATEMATICA TEHN": {"medie": 5.52077922077922, "reusita": 65.2439024390244, "cnt": 164}, "CHIMIE ORGANICA TEH NIVEL I/II": {"medie": 3.3, "reusita": 0.0, "cnt": 1}}, "nume": "COLEGIUL \"ANDRONIC MOTRESCU\" RADAUTI\tSuceava"}