{"specializari": {"TEHNICIAN MECATRONIST": 4, "COAFOR STILIST": 23, "TEHNICIAN IN ACTIVITATI ECONOMICE": 15, "TEHNICIAN IN GASTRONOMIE": 1, "ORGANIZATOR BANQUETING": 1}, "limba_moderna": {"LIMBA ENGLEZA": 44}, "limba_materna": {"LIMBA ROMANA": 44}, "promotie_anterioara": {"NU": 23, "DA": 21}, "materii": {"LIMBA ROMANA": {"medie": 5.62, "reusita": 72.72727272727273, "cnt": 44}, "GENERAL": {"medie": 5.402192982456141, "reusita": 29.545454545454547, "cnt": 44}, "LOGICA, ARGUMENTARE SI COMUNICARE": {"medie": 5.216666666666666, "reusita": 33.33333333333333, "cnt": 3}, "GEOGRAFIE": {"medie": 6.11111111111111, "reusita": 67.74193548387096, "cnt": 31}, "PSIHOLOGIE": {"medie": 5.783333333333332, "reusita": 83.33333333333334, "cnt": 6}, "BIOLOGIE VEGETALA SI ANIMALA": {"medie": 4.575, "reusita": 50.0, "cnt": 2}, "MATEMATICA TEHN": {"medie": 4.594736842105262, "reusita": 43.18181818181818, "cnt": 44}, "FIZICA TEH": {"medie": 9.5, "reusita": 100.0, "cnt": 2}}, "nume": "COLEGIUL UCECOM \"SPIRU HARET\"\tBucure\u0219ti"}