{"specializari": {"STIINTE ALE NATURII": 59, "TEHNICIAN ECOLOG SI PROTECTIA CALITATII MEDIULUI": 30, "MATEMATICA-INFORMATICA": 30}, "limba_moderna": {"LIMBA ENGLEZA": 118, "LIMBA FRANCEZA": 1}, "limba_materna": {"LIMBA ROMANA": 119}, "promotie_anterioara": {"NU": 117, "DA": 2}, "materii": {"LIMBA ROMANA": {"medie": 7.913445378151262, "reusita": 100.0, "cnt": 119}, "MATEMATICA MATE-INFO": {"medie": 7.706666666666667, "reusita": 96.66666666666667, "cnt": 30}, "INFORMATICA MI C/C++": {"medie": 8.381818181818183, "reusita": 100.0, "cnt": 11}, "GENERAL": {"medie": 8.073669467787115, "reusita": 94.9579831932773, "cnt": 119}, "CHIMIE ORGANICA TEO NIVEL I/II": {"medie": 8.766666666666666, "reusita": 100.0, "cnt": 3}, "MATEMATICA ST-NAT": {"medie": 8.45762711864407, "reusita": 98.30508474576271, "cnt": 59}, "ANATOMIE SI FIZIOLOGIE UMANA, GENETICA SI ECOLOGIE UMANA": {"medie": 8.174509803921568, "reusita": 97.05882352941177, "cnt": 102}, "CHIMIE ANORGANICA TEO NIVEL I/II": {"medie": 8.516666666666666, "reusita": 100.0, "cnt": 3}, "MATEMATICA TEHN": {"medie": 7.751666666666668, "reusita": 93.33333333333333, "cnt": 30}}, "nume": "COLEGIUL DE STIINTE \"GRIGORE ANTIPA\" BRASOV\tBra\u0219ov"}