{"specializari": {"TEHNICIAN IN ACTIVITATI ECONOMICE": 40, "TEHNICIAN IN ADMINISTRATIE": 7, "TEHNICIAN IN GASTRONOMIE": 11, "TEHNICIAN IN TURISM": 10, "MATEMATICA-INFORMATICA": 2, "TEHNICIAN IN ACTIVITATI DE COMERT": 1}, "limba_moderna": {"LIMBA ENGLEZA": 70, "LIMBA FRANCEZA": 1}, "limba_materna": {"LIMBA ROMANA": 71}, "promotie_anterioara": {"NU": 50, "DA": 21}, "materii": {"LIMBA ROMANA": {"medie": 5.507971014492755, "reusita": 70.4225352112676, "cnt": 71}, "MATEMATICA MATE-INFO": {"medie": 5.025, "reusita": 50.0, "cnt": 2}, "GENERAL": {"medie": 5.836616161616161, "reusita": 36.61971830985916, "cnt": 71}, "GEOGRAFIE": {"medie": 7.255128205128205, "reusita": 92.5, "cnt": 40}, "PSIHOLOGIE": {"medie": 5.767857142857144, "reusita": 62.06896551724138, "cnt": 29}, "BIOLOGIE VEGETALA SI ANIMALA": {"medie": 6.2, "reusita": 100.0, "cnt": 1}, "MATEMATICA TEHN": {"medie": 5.39153846153846, "reusita": 59.42028985507246, "cnt": 69}, "INFORMATICA MI PASCAL": {"medie": "-", "reusita": 0.0, "cnt": 1}}, "nume": "COLEGIUL ECONOMIC CALARASI\tC\u0103l\u0103ra\u0219i"}