{"specializari": {"FILOLOGIE": 126, "MATEMATICA-INFORMATICA": 135, "STIINTE ALE NATURII": 33}, "limba_moderna": {"LIMBA ENGLEZA": 276, "LIMBA FRANCEZA": 2, "LIMBA SPANIOLA": 16}, "limba_materna": {"LIMBA ROMANA": 294}, "promotie_anterioara": {"NU": 291, "DA": 3}, "materii": {"LIMBA ROMANA": {"medie": 7.911774744027296, "reusita": 99.31972789115646, "cnt": 294}, "MATEMATICA MATE-INFO": {"medie": 8.492222222222225, "reusita": 98.51851851851852, "cnt": 135}, "INFORMATICA MI C/C++": {"medie": 8.332954545454545, "reusita": 100.0, "cnt": 44}, "GENERAL": {"medie": 8.393060295790661, "reusita": 98.29931972789116, "cnt": 294}, "ISTORIE": {"medie": 8.857199999999999, "reusita": 99.20634920634922, "cnt": 126}, "LOGICA, ARGUMENTARE SI COMUNICARE": {"medie": 9.14622641509434, "reusita": 98.14814814814815, "cnt": 54}, "GEOGRAFIE": {"medie": 8.822413793103449, "reusita": 100.0, "cnt": 29}, "FIZICA TEO": {"medie": 8.680612244897961, "reusita": 100.0, "cnt": 49}, "CHIMIE ORGANICA TEO NIVEL I/II": {"medie": 9.416666666666668, "reusita": 100.0, "cnt": 15}, "MATEMATICA ST-NAT": {"medie": 8.740909090909087, "reusita": 100.0, "cnt": 33}, "PSIHOLOGIE": {"medie": 8.039285714285715, "reusita": 100.0, "cnt": 14}, "SOCIOLOGIE": {"medie": 7.908, "reusita": 100.0, "cnt": 25}, "ANATOMIE SI FIZIOLOGIE UMANA, GENETICA SI ECOLOGIE UMANA": {"medie": 8.352631578947367, "reusita": 100.0, "cnt": 57}, "BIOLOGIE VEGETALA SI ANIMALA": {"medie": 7.6, "reusita": 100.0, "cnt": 2}, "INFORMATICA SN C/C++": {"medie": 8.8, "reusita": 100.0, "cnt": 1}, "FILOSOFIE": {"medie": 9.8, "reusita": 100.0, "cnt": 1}, "ECONOMIE": {"medie": 7.766666666666667, "reusita": 100.0, "cnt": 3}}, "nume": "COLEGIUL NATIONAL \"IULIA HASDEU\"\tBucure\u0219ti"}