{"specializari": {"STIINTE ALE NATURII": 35, "MATEMATICA-INFORMATICA": 132, "FILOLOGIE": 35, "STIINTE SOCIALE": 33}, "limba_moderna": {"LIMBA ENGLEZA": 223, "LIMBA FRANCEZA": 9, "LIMBA GERMANA MODERNA": 3}, "limba_materna": {"LIMBA ROMANA": 235}, "promotie_anterioara": {"NU": 235}, "materii": {"LIMBA ROMANA": {"medie": 8.582188841201713, "reusita": 99.14893617021276, "cnt": 235}, "MATEMATICA MATE-INFO": {"medie": 9.130916030534355, "reusita": 97.72727272727273, "cnt": 132}, "INFORMATICA MI C/C++": {"medie": 9.42659574468085, "reusita": 100.0, "cnt": 47}, "GENERAL": {"medie": 8.927825464949931, "reusita": 97.44680851063829, "cnt": 235}, "ISTORIE": {"medie": 8.578676470588235, "reusita": 97.05882352941177, "cnt": 68}, "LOGICA, ARGUMENTARE SI COMUNICARE": {"medie": 9.283636363636363, "reusita": 98.18181818181819, "cnt": 55}, "GEOGRAFIE": {"medie": 9.11923076923077, "reusita": 100.0, "cnt": 13}, "FIZICA TEO": {"medie": 9.428846153846155, "reusita": 96.29629629629629, "cnt": 27}, "CHIMIE ORGANICA TEO NIVEL I/II": {"medie": 10.0, "reusita": 100.0, "cnt": 2}, "MATEMATICA ST-NAT": {"medie": 9.328571428571427, "reusita": 100.0, "cnt": 35}, "ANATOMIE SI FIZIOLOGIE UMANA, GENETICA SI ECOLOGIE UMANA": {"medie": 8.93876404494382, "reusita": 100.0, "cnt": 89}, "INFORMATICA SN C/C++": {"medie": 9.350000000000001, "reusita": 100.0, "cnt": 2}}, "nume": "COLEGIUL NATIONAL \"FRATII BUZESTI\" CRAIOVA\tDolj"}