{"specializari": {"MATEMATICA-INFORMATICA": 76, "FILOLOGIE": 62, "STIINTE SOCIALE": 36, "STIINTE ALE NATURII": 29}, "limba_moderna": {"LIMBA ENGLEZA": 198, "LIMBA FRANCEZA": 5}, "limba_materna": {"LIMBA ROMANA": 203}, "promotie_anterioara": {"NU": 202, "DA": 1}, "materii": {"LIMBA ROMANA": {"medie": 8.341133004926112, "reusita": 100.0, "cnt": 203}, "MATEMATICA MATE-INFO": {"medie": 8.61578947368421, "reusita": 98.68421052631578, "cnt": 76}, "INFORMATICA MI C/C++": {"medie": 8.800000000000002, "reusita": 100.0, "cnt": 21}, "GENERAL": {"medie": 8.511822660098524, "reusita": 99.01477832512316, "cnt": 203}, "ISTORIE": {"medie": 8.563775510204081, "reusita": 100.0, "cnt": 98}, "LOGICA, ARGUMENTARE SI COMUNICARE": {"medie": 8.88030303030303, "reusita": 98.48484848484848, "cnt": 66}, "GEOGRAFIE": {"medie": 8.524193548387096, "reusita": 100.0, "cnt": 31}, "FIZICA TEO": {"medie": 9.321875, "reusita": 100.0, "cnt": 16}, "CHIMIE ORGANICA TEO NIVEL I/II": {"medie": 8.952380952380953, "reusita": 100.0, "cnt": 21}, "MATEMATICA ST-NAT": {"medie": 7.891379310344826, "reusita": 100.0, "cnt": 29}, "SOCIOLOGIE": {"medie": 8.65, "reusita": 100.0, "cnt": 1}, "ANATOMIE SI FIZIOLOGIE UMANA, GENETICA SI ECOLOGIE UMANA": {"medie": 8.14772727272727, "reusita": 100.0, "cnt": 44}, "BIOLOGIE VEGETALA SI ANIMALA": {"medie": 9.366666666666667, "reusita": 100.0, "cnt": 3}}, "nume": "COLEGIUL NATIONAL \"GHEORGHE TITEICA\"\tMehedin\u021bi"}