{"specializari": {"FILOLOGIE": 18, "INVATATOR - EDUCATOARE": 29, "EDUCATOR-PUERICULTOR": 25, "STIINTE SOCIALE": 17, "MATEMATICA-INFORMATICA": 32}, "limba_moderna": {"LIMBA ENGLEZA": 121}, "limba_materna": {"LIMBA ROMANA": 121}, "promotie_anterioara": {"NU": 120, "DA": 1}, "materii": {"LIMBA ROMANA": {"medie": 8.517499999999998, "reusita": 98.34710743801654, "cnt": 121}, "MATEMATICA MATE-INFO": {"medie": 8.2328125, "reusita": 100.0, "cnt": 32}, "INFORMATICA MI C/C++": {"medie": 8.742307692307694, "reusita": 100.0, "cnt": 13}, "GENERAL": {"medie": 8.717647058823529, "reusita": 96.69421487603306, "cnt": 121}, "ISTORIE": {"medie": 8.848305084745762, "reusita": 98.33333333333333, "cnt": 60}, "LOGICA, ARGUMENTARE SI COMUNICARE": {"medie": 8.946428571428571, "reusita": 100.0, "cnt": 14}, "GEOGRAFIE": {"medie": 9.035211267605638, "reusita": 98.61111111111111, "cnt": 72}, "FIZICA TEO": {"medie": 8.107142857142858, "reusita": 100.0, "cnt": 7}, "CHIMIE ORGANICA TEO NIVEL I/II": {"medie": 9.9, "reusita": 100.0, "cnt": 1}, "PSIHOLOGIE": {"medie": 7.225, "reusita": 100.0, "cnt": 2}, "ANATOMIE SI FIZIOLOGIE UMANA, GENETICA SI ECOLOGIE UMANA": {"medie": 7.900000000000001, "reusita": 90.0, "cnt": 10}, "CHIMIE ANORGANICA TEO NIVEL I/II": {"medie": 5.0, "reusita": 100.0, "cnt": 1}, "MATEMATICA PED": {"medie": 9.287931034482757, "reusita": 100.0, "cnt": 29}, "ECONOMIE": {"medie": 8.15, "reusita": 100.0, "cnt": 1}}, "nume": "COLEGIUL NATIONAL PEDAGOGIC \"REGINA MARIA\" DEVA\tHunedoara"}