{"specializari": {"STIINTE SOCIALE": 67, "STIINTE ALE NATURII": 66, "MATEMATICA-INFORMATICA": 62, "FILOLOGIE": 32}, "limba_moderna": {"LIMBA ENGLEZA": 199, "LIMBA GERMANA MODERNA": 24, "LIMBA FRANCEZA": 4}, "limba_materna": {"LIMBA ROMANA": 227}, "promotie_anterioara": {"NU": 227}, "materii": {"LIMBA ROMANA": {"medie": 8.243392070484578, "reusita": 100.0, "cnt": 227}, "MATEMATICA MATE-INFO": {"medie": 8.73225806451613, "reusita": 100.0, "cnt": 62}, "INFORMATICA MI C/C++": {"medie": 8.998148148148148, "reusita": 100.0, "cnt": 27}, "GENERAL": {"medie": 8.582966226138032, "reusita": 99.11894273127754, "cnt": 227}, "ISTORIE": {"medie": 8.759595959595961, "reusita": 100.0, "cnt": 99}, "LOGICA, ARGUMENTARE SI COMUNICARE": {"medie": 8.808125, "reusita": 98.75, "cnt": 80}, "CHIMIE ORGANICA TEO NIVEL I/II": {"medie": 9.5875, "reusita": 100.0, "cnt": 4}, "MATEMATICA ST-NAT": {"medie": 8.584090909090907, "reusita": 100.0, "cnt": 66}, "FIZICA TEO": {"medie": 8.16842105263158, "reusita": 100.0, "cnt": 19}, "GEOGRAFIE": {"medie": 8.126315789473685, "reusita": 100.0, "cnt": 19}, "ANATOMIE SI FIZIOLOGIE UMANA, GENETICA SI ECOLOGIE UMANA": {"medie": 9.034210526315794, "reusita": 100.0, "cnt": 76}, "INFORMATICA SN C/C++": {"medie": 8.225, "reusita": 100.0, "cnt": 2}}, "nume": "COLEGIUL NATIONAL \"EUDOXIU HURMUZACHI\" RADAUTI\tSuceava"}