{"specializari": {"MATEMATICA-INFORMATICA": 33, "STIINTE ALE NATURII": 57, "STIINTE SOCIALE": 31, "FILOLOGIE": 32}, "limba_moderna": {"LIMBA ENGLEZA": 141, "LIMBA FRANCEZA": 12}, "limba_materna": {"LIMBA ROMANA": 153}, "promotie_anterioara": {"NU": 153}, "materii": {"LIMBA ROMANA": {"medie": 8.260596026490067, "reusita": 98.69281045751634, "cnt": 153}, "MATEMATICA MATE-INFO": {"medie": 8.525757575757577, "reusita": 100.0, "cnt": 33}, "INFORMATICA MI C/C++": {"medie": 8.212499999999999, "reusita": 95.0, "cnt": 20}, "GENERAL": {"medie": 8.622958057395147, "reusita": 98.0392156862745, "cnt": 153}, "ISTORIE": {"medie": 8.955737704918034, "reusita": 96.82539682539682, "cnt": 63}, "LOGICA, ARGUMENTARE SI COMUNICARE": {"medie": 8.930645161290323, "reusita": 100.0, "cnt": 31}, "GEOGRAFIE": {"medie": 9.301724137931032, "reusita": 100.0, "cnt": 29}, "FIZICA TEO": {"medie": 8.116666666666667, "reusita": 100.0, "cnt": 6}, "CHIMIE ORGANICA TEO NIVEL I/II": {"medie": 8.214285714285714, "reusita": 100.0, "cnt": 7}, "MATEMATICA ST-NAT": {"medie": 8.794736842105262, "reusita": 100.0, "cnt": 57}, "PSIHOLOGIE": {"medie": 9.3, "reusita": 100.0, "cnt": 1}, "ANATOMIE SI FIZIOLOGIE UMANA, GENETICA SI ECOLOGIE UMANA": {"medie": 9.071250000000001, "reusita": 100.0, "cnt": 40}, "CHIMIE ANORGANICA TEO NIVEL I/II": {"medie": 8.423076923076923, "reusita": 100.0, "cnt": 13}, "INFORMATICA SN C/C++": {"medie": 8.0375, "reusita": 100.0, "cnt": 4}, "ECONOMIE": {"medie": 8.8, "reusita": 50.0, "cnt": 2}}, "nume": "COLEGIUL NATIONAL \"GARABET IBRAILEANU\", IASI\tIa\u0219i"}