{"specializari": {"FILOLOGIE": 126, "MATEMATICA-INFORMATICA": 135, "STIINTE ALE NATURII": 33}, "limba_moderna": {"LIMBA ENGLEZA": 276, "LIMBA FRANCEZA": 2, "LIMBA SPANIOLA": 16}, "limba_materna": {"LIMBA ROMANA": 294}, "promotie_anterioara": {"NU": 291, "DA": 3}, "materii": {"LIMBA ROMANA": {"medie": 7.671160409556315, "reusita": 98.63945578231292, "cnt": 294}, "MATEMATICA MATE-INFO": {"medie": 8.442222222222226, "reusita": 98.51851851851852, "cnt": 135}, "INFORMATICA MI C/C++": {"medie": 8.28181818181818, "reusita": 100.0, "cnt": 44}, "GENERAL": {"medie": 8.295108077360629, "reusita": 97.27891156462584, "cnt": 294}, "ISTORIE": {"medie": 8.8312, "reusita": 99.20634920634922, "cnt": 126}, "LOGICA, ARGUMENTARE SI COMUNICARE": {"medie": 9.185849056603777, "reusita": 98.14814814814815, "cnt": 54}, "CHIMIE ORGANICA TEO NIVEL I/II": {"medie": 9.396666666666668, "reusita": 100.0, "cnt": 15}, "MATEMATICA ST-NAT": {"medie": 8.718181818181817, "reusita": 100.0, "cnt": 33}, "FIZICA TEO": {"medie": 8.660204081632653, "reusita": 100.0, "cnt": 49}, "GEOGRAFIE": {"medie": 8.822413793103449, "reusita": 100.0, "cnt": 29}, "PSIHOLOGIE": {"medie": 8.028571428571428, "reusita": 100.0, "cnt": 14}, "ANATOMIE SI FIZIOLOGIE UMANA, GENETICA SI ECOLOGIE UMANA": {"medie": 8.265789473684212, "reusita": 100.0, "cnt": 57}, "BIOLOGIE VEGETALA SI ANIMALA": {"medie": 7.6, "reusita": 100.0, "cnt": 2}, "SOCIOLOGIE": {"medie": 7.978, "reusita": 100.0, "cnt": 25}, "INFORMATICA SN C/C++": {"medie": 8.8, "reusita": 100.0, "cnt": 1}, "FILOSOFIE": {"medie": 9.8, "reusita": 100.0, "cnt": 1}, "ECONOMIE": {"medie": 7.75, "reusita": 100.0, "cnt": 3}}, "nume": "COLEGIUL NATIONAL \"IULIA HASDEU\"\tBucure\u0219ti"}