{"specializari": {"TEHNICIAN IN ACTIVITATI ECONOMICE": 26, "TEHNICIAN IN TURISM": 23, "TEHNICIAN TRANSPORTURI": 22, "TEHNICIAN DESENATOR PENTRU CONSTRUCTII SI INSTALATII": 9, "TEHNICIAN MECATRONIST": 8, "TEHNICIAN IN HOTELARIE": 2, "TEHNICIAN IN CONSTRUCTII SI LUCRARI PUBLICE": 1}, "limba_moderna": {"LIMBA ENGLEZA": 91}, "limba_materna": {"LIMBA ROMANA": 91}, "promotie_anterioara": {"NU": 78, "DA": 13}, "materii": {"LIMBA ROMANA": {"medie": 5.854022988505749, "reusita": 84.61538461538461, "cnt": 91}, "GENERAL": {"medie": 6.056862745098038, "reusita": 47.25274725274725, "cnt": 91}, "GEOGRAFIE": {"medie": 7.339583333333333, "reusita": 88.23529411764706, "cnt": 51}, "BIOLOGIE VEGETALA SI ANIMALA": {"medie": 4.795945945945946, "reusita": 46.15384615384615, "cnt": 39}, "MATEMATICA TEHN": {"medie": 6.063372093023255, "reusita": 76.92307692307693, "cnt": 91}, "CHIMIE ORGANICA TEH NIVEL I/II": {"medie": "-", "reusita": 0.0, "cnt": 1}}, "nume": "COLEGIUL TEHNIC \"MIRON COSTIN\", MUNICIPIUL ROMAN\tNeam\u021b"}