{"specializari": {"STIINTE ALE NATURII": 62, "MATEMATICA-INFORMATICA": 63, "FILOLOGIE": 61}, "limba_moderna": {"LIMBA ENGLEZA": 183, "LIMBA FRANCEZA": 3}, "limba_materna": {"LIMBA ROMANA": 186}, "promotie_anterioara": {"NU": 178, "DA": 8}, "materii": {"LIMBA ROMANA": {"medie": 7.5680107526881715, "reusita": 98.9247311827957, "cnt": 186}, "MATEMATICA MATE-INFO": {"medie": 7.596825396825396, "reusita": 98.4126984126984, "cnt": 63}, "INFORMATICA MI C/C++": {"medie": 8.535, "reusita": 100.0, "cnt": 20}, "GENERAL": {"medie": 7.813768115942029, "reusita": 94.08602150537635, "cnt": 186}, "ISTORIE": {"medie": 7.724590163934428, "reusita": 96.72131147540983, "cnt": 61}, "LOGICA, ARGUMENTARE SI COMUNICARE": {"medie": 8.649999999999999, "reusita": 100.0, "cnt": 2}, "GEOGRAFIE": {"medie": 8.344444444444443, "reusita": 98.14814814814815, "cnt": 54}, "FIZICA TEO": {"medie": 8.46875, "reusita": 100.0, "cnt": 8}, "CHIMIE ORGANICA TEO NIVEL I/II": {"medie": 9.078571428571427, "reusita": 100.0, "cnt": 7}, "MATEMATICA ST-NAT": {"medie": 8.1175, "reusita": 95.16129032258065, "cnt": 62}, "PSIHOLOGIE": {"medie": 8.816666666666668, "reusita": 100.0, "cnt": 3}, "ANATOMIE SI FIZIOLOGIE UMANA, GENETICA SI ECOLOGIE UMANA": {"medie": 7.468823529411765, "reusita": 96.51162790697676, "cnt": 86}, "BIOLOGIE VEGETALA SI ANIMALA": {"medie": 9.2, "reusita": 100.0, "cnt": 1}, "INFORMATICA SN C/C++": {"medie": 9.066666666666666, "reusita": 100.0, "cnt": 3}, "FILOSOFIE": {"medie": 9.45, "reusita": 100.0, "cnt": 2}}, "nume": "COLEGIUL NATIONAL \"CALISTRAT HOGAS\", LOCALITATEA TECUCI\tGala\u021bi"}