{"specializari": {"STIINTE ALE NATURII": 63, "MATEMATICA-INFORMATICA": 116, "FILOLOGIE": 58, "STIINTE SOCIALE": 64}, "limba_moderna": {"LIMBA ENGLEZA": 291, "LIMBA FRANCEZA": 10}, "limba_materna": {"LIMBA ROMANA": 301}, "promotie_anterioara": {"NU": 301}, "materii": {"LIMBA ROMANA": {"medie": 8.442857142857145, "reusita": 100.0, "cnt": 301}, "MATEMATICA MATE-INFO": {"medie": 9.233189655172414, "reusita": 100.0, "cnt": 116}, "INFORMATICA MI C/C++": {"medie": 9.449999999999998, "reusita": 100.0, "cnt": 37}, "GENERAL": {"medie": 9.03643410852714, "reusita": 100.0, "cnt": 301}, "ISTORIE": {"medie": 9.450409836065573, "reusita": 100.0, "cnt": 122}, "LOGICA, ARGUMENTARE SI COMUNICARE": {"medie": 9.454736842105264, "reusita": 100.0, "cnt": 95}, "GEOGRAFIE": {"medie": 9.103846153846154, "reusita": 100.0, "cnt": 13}, "FIZICA TEO": {"medie": 9.28125, "reusita": 100.0, "cnt": 56}, "CHIMIE ORGANICA TEO NIVEL I/II": {"medie": 9.455737704918036, "reusita": 100.0, "cnt": 61}, "MATEMATICA ST-NAT": {"medie": 9.172222222222224, "reusita": 100.0, "cnt": 63}, "PSIHOLOGIE": {"medie": 9.383333333333333, "reusita": 100.0, "cnt": 9}, "SOCIOLOGIE": {"medie": 9.75, "reusita": 100.0, "cnt": 2}, "ANATOMIE SI FIZIOLOGIE UMANA, GENETICA SI ECOLOGIE UMANA": {"medie": 8.294444444444444, "reusita": 100.0, "cnt": 9}, "BIOLOGIE VEGETALA SI ANIMALA": {"medie": 9.328125000000002, "reusita": 100.0, "cnt": 16}, "ECONOMIE": {"medie": 8.716666666666667, "reusita": 100.0, "cnt": 3}}, "nume": "COLEGIUL NATIONAL \"B. P. HASDEU\" MUNICIPIUL BUZAU\tBuz\u0103u"}