{"specializari": {"STIINTE ALE NATURII": 61, "MATEMATICA-INFORMATICA": 54, "FILOLOGIE": 33}, "limba_moderna": {"LIMBA ENGLEZA": 114, "LIMBA FRANCEZA": 27, "LIMBA GERMANA MODERNA": 7}, "limba_materna": {"LIMBA ROMANA": 134, "LIMBA GERMANA": 14}, "promotie_anterioara": {"NU": 145, "DA": 3}, "materii": {"LIMBA ROMANA": {"medie": 8.43918918918919, "reusita": 99.32432432432432, "cnt": 148}, "MATEMATICA MATE-INFO": {"medie": 8.282407407407408, "reusita": 98.14814814814815, "cnt": 54}, "INFORMATICA MI C/C++": {"medie": 8.881666666666668, "reusita": 100.0, "cnt": 30}, "GENERAL": {"medie": 8.509009009009015, "reusita": 95.27027027027027, "cnt": 148}, "ISTORIE": {"medie": 8.957575757575759, "reusita": 100.0, "cnt": 33}, "LOGICA, ARGUMENTARE SI COMUNICARE": {"medie": 9.15, "reusita": 100.0, "cnt": 1}, "GEOGRAFIE": {"medie": 8.771052631578948, "reusita": 100.0, "cnt": 19}, "FIZICA TEO": {"medie": 8.672222222222222, "reusita": 100.0, "cnt": 9}, "CHIMIE ORGANICA TEO NIVEL I/II": {"medie": 9.2125, "reusita": 100.0, "cnt": 8}, "MATEMATICA ST-NAT": {"medie": 8.650819672131147, "reusita": 98.36065573770492, "cnt": 61}, "PSIHOLOGIE": {"medie": 8.8, "reusita": 100.0, "cnt": 2}, "SOCIOLOGIE": {"medie": 8.845, "reusita": 100.0, "cnt": 10}, "ANATOMIE SI FIZIOLOGIE UMANA, GENETICA SI ECOLOGIE UMANA": {"medie": 8.2475, "reusita": 98.33333333333333, "cnt": 60}, "CHIMIE ANORGANICA TEO NIVEL I/II": {"medie": 8.825, "reusita": 100.0, "cnt": 2}, "BIOLOGIE VEGETALA SI ANIMALA": {"medie": 10.0, "reusita": 100.0, "cnt": 1}, "INFORMATICA SN C/C++": {"medie": 7.540000000000001, "reusita": 80.0, "cnt": 5}, "LIMBA GERMANA": {"medie": 7.8428571428571425, "reusita": 100.0, "cnt": 14}, "ECONOMIE": {"medie": 7.55, "reusita": 100.0, "cnt": 1}}, "nume": "COLEGIUL NATIONAL \"DECEBAL\" DEVA\tHunedoara"}