{"specializari": {"TEHNICIAN IN ACHIZITII SI CONTRACTARI": 25, "TEHNICIAN IN ACTIVITATI ECONOMICE": 59, "TEHNICIAN IN GASTRONOMIE": 34, "TEHNICIAN IN ADMINISTRATIE": 31, "TEHNICIAN IN TURISM": 31, "TEHNICIAN IN ACTIVITATI DE COMERT": 33, "ORGANIZATOR BANQUETING": 3}, "limba_moderna": {"LIMBA ENGLEZA": 211, "LIMBA FRANCEZA": 4, "LIMBA GERMANA MODERNA": 1}, "limba_materna": {"LIMBA ROMANA": 216}, "promotie_anterioara": {"NU": 199, "DA": 17}, "materii": {"LIMBA ROMANA": {"medie": 6.880697674418603, "reusita": 98.14814814814815, "cnt": 216}, "GENERAL": {"medie": 7.3767441860465075, "reusita": 87.5, "cnt": 216}, "LOGICA, ARGUMENTARE SI COMUNICARE": {"medie": 8.063725490196079, "reusita": 100.0, "cnt": 51}, "GEOGRAFIE": {"medie": 7.780468749999998, "reusita": 99.2248062015504, "cnt": 129}, "PSIHOLOGIE": {"medie": 7.05, "reusita": 100.0, "cnt": 5}, "MATEMATICA TEHN": {"medie": 7.615581395348838, "reusita": 93.98148148148148, "cnt": 216}, "ECONOMIE": {"medie": 6.416129032258064, "reusita": 83.87096774193549, "cnt": 31}}, "nume": "COLEGIUL NATIONAL ECONOMIC \"ANDREI BARSEANU\" BRASOV\tBra\u0219ov"}