{"specializari": {"FILOLOGIE": 68, "MATEMATICA-INFORMATICA": 146, "STIINTE SOCIALE": 30, "STIINTE ALE NATURII": 64}, "limba_moderna": {"LIMBA ENGLEZA": 302, "LIMBA FRANCEZA": 4, "LIMBA GERMANA MODERNA": 2}, "limba_materna": {"LIMBA ROMANA": 308}, "promotie_anterioara": {"NU": 307, "DA": 1}, "materii": {"LIMBA ROMANA": {"medie": 8.678246753246759, "reusita": 100.0, "cnt": 308}, "MATEMATICA MATE-INFO": {"medie": 9.045890410958902, "reusita": 99.31506849315068, "cnt": 146}, "INFORMATICA MI C/C++": {"medie": 9.233076923076926, "reusita": 100.0, "cnt": 65}, "GENERAL": {"medie": 9.008441558441561, "reusita": 99.35064935064936, "cnt": 308}, "ISTORIE": {"medie": 8.725000000000001, "reusita": 100.0, "cnt": 98}, "LOGICA, ARGUMENTARE SI COMUNICARE": {"medie": 9.546835443037976, "reusita": 100.0, "cnt": 79}, "GEOGRAFIE": {"medie": 8.250000000000002, "reusita": 100.0, "cnt": 3}, "FIZICA TEO": {"medie": 9.106382978723405, "reusita": 100.0, "cnt": 47}, "CHIMIE ORGANICA TEO NIVEL I/II": {"medie": 9.613636363636362, "reusita": 100.0, "cnt": 44}, "MATEMATICA ST-NAT": {"medie": 9.280468749999997, "reusita": 100.0, "cnt": 64}, "PSIHOLOGIE": {"medie": 8.81923076923077, "reusita": 100.0, "cnt": 13}, "SOCIOLOGIE": {"medie": 9.399999999999999, "reusita": 100.0, "cnt": 2}, "ANATOMIE SI FIZIOLOGIE UMANA, GENETICA SI ECOLOGIE UMANA": {"medie": 9.49433962264151, "reusita": 100.0, "cnt": 53}, "INFORMATICA SN C/C++": {"medie": 7.5, "reusita": 100.0, "cnt": 1}, "ECONOMIE": {"medie": 6.95, "reusita": 100.0, "cnt": 1}}, "nume": "COLEGIUL NATIONAL \"ION C. BRATIANU\" PITESTI\tArge\u0219"}