{"specializari": {"MATEMATICA-INFORMATICA": 148, "FILOLOGIE": 122, "STIINTE SOCIALE": 33}, "limba_moderna": {"LIMBA ENGLEZA": 271, "LIMBA GERMANA MODERNA": 31, "LIMBA FRANCEZA": 1}, "limba_materna": {"LIMBA ROMANA": 303}, "promotie_anterioara": {"NU": 303}, "materii": {"LIMBA ROMANA": {"medie": 8.128712871287126, "reusita": 99.00990099009901, "cnt": 303}, "MATEMATICA MATE-INFO": {"medie": 8.724662162162163, "reusita": 100.0, "cnt": 148}, "INFORMATICA MI C/C++": {"medie": 8.418749999999998, "reusita": 100.0, "cnt": 40}, "GENERAL": {"medie": 8.582233223322334, "reusita": 98.01980198019803, "cnt": 303}, "ISTORIE": {"medie": 9.064516129032254, "reusita": 100.0, "cnt": 155}, "LOGICA, ARGUMENTARE SI COMUNICARE": {"medie": 9.154901960784319, "reusita": 100.0, "cnt": 102}, "CHIMIE ORGANICA TEO NIVEL I/II": {"medie": 9.277272727272727, "reusita": 100.0, "cnt": 11}, "FIZICA TEO": {"medie": 8.627142857142859, "reusita": 97.14285714285714, "cnt": 35}, "GEOGRAFIE": {"medie": 9.242857142857142, "reusita": 100.0, "cnt": 14}, "PSIHOLOGIE": {"medie": 8.386666666666667, "reusita": 100.0, "cnt": 15}, "ANATOMIE SI FIZIOLOGIE UMANA, GENETICA SI ECOLOGIE UMANA": {"medie": 8.41111111111111, "reusita": 98.14814814814815, "cnt": 54}, "CHIMIE ANORGANICA TEO NIVEL I/II": {"medie": 9.274999999999999, "reusita": 100.0, "cnt": 4}, "BIOLOGIE VEGETALA SI ANIMALA": {"medie": 8.9125, "reusita": 100.0, "cnt": 4}, "SOCIOLOGIE": {"medie": 7.775, "reusita": 100.0, "cnt": 14}, "FILOSOFIE": {"medie": 8.0, "reusita": 100.0, "cnt": 1}, "ECONOMIE": {"medie": 7.605555555555554, "reusita": 100.0, "cnt": 9}}, "nume": "COLEGIUL NATIONAL \"I.L.CARAGIALE\"\tBucure\u0219ti"}