{"specializari": {"MATEMATICA-INFORMATICA": 56, "FILOLOGIE": 28, "STIINTE ALE NATURII": 42}, "limba_moderna": {"LIMBA ENGLEZA": 126}, "limba_materna": {"LIMBA ROMANA": 110, "LIMBA MAGHIARA": 16}, "promotie_anterioara": {"NU": 121, "DA": 5}, "materii": {"LIMBA ROMANA": {"medie": 8.236111111111114, "reusita": 99.20634920634922, "cnt": 126}, "MATEMATICA MATE-INFO": {"medie": 8.275, "reusita": 100.0, "cnt": 56}, "INFORMATICA MI C/C++": {"medie": 8.86, "reusita": 100.0, "cnt": 5}, "GENERAL": {"medie": 8.191071428571426, "reusita": 95.23809523809523, "cnt": 126}, "ISTORIE": {"medie": 8.160714285714286, "reusita": 100.0, "cnt": 28}, "LOGICA, ARGUMENTARE SI COMUNICARE": {"medie": 8.178571428571427, "reusita": 100.0, "cnt": 21}, "GEOGRAFIE": {"medie": 9.271428571428572, "reusita": 100.0, "cnt": 7}, "FIZICA TEO": {"medie": 9.12608695652174, "reusita": 100.0, "cnt": 23}, "MATEMATICA ST-NAT": {"medie": 7.635714285714288, "reusita": 90.47619047619048, "cnt": 42}, "ANATOMIE SI FIZIOLOGIE UMANA, GENETICA SI ECOLOGIE UMANA": {"medie": 7.925471698113206, "reusita": 100.0, "cnt": 53}, "CHIMIE ANORGANICA TEO NIVEL I/II": {"medie": 7.131818181818182, "reusita": 100.0, "cnt": 11}, "BIOLOGIE VEGETALA SI ANIMALA": {"medie": 7.566666666666666, "reusita": 100.0, "cnt": 6}, "LIMBA MAGHIARA (REAL)": {"medie": 7.5375000000000005, "reusita": 100.0, "cnt": 16}}, "nume": "COLEGIUL NATIONAL \"ANDREI MURESANU\" DEJ\tCluj"}