{"specializari": {"MATEMATICA-INFORMATICA": 231, "STIINTE ALE NATURII": 64}, "limba_moderna": {"LIMBA ENGLEZA": 287, "LIMBA GERMANA MODERNA": 1, "LIMBA FRANCEZA": 6, "LIMBA SPANIOLA": 1}, "limba_materna": {"LIMBA ROMANA": 295}, "promotie_anterioara": {"NU": 294, "DA": 1}, "materii": {"LIMBA ROMANA": {"medie": 8.54948979591837, "reusita": 99.66101694915255, "cnt": 295}, "MATEMATICA MATE-INFO": {"medie": 9.012608695652176, "reusita": 99.13419913419914, "cnt": 231}, "INFORMATICA MI C/C++": {"medie": 9.22538461538461, "reusita": 100.0, "cnt": 65}, "GENERAL": {"medie": 8.935317460317465, "reusita": 98.98305084745763, "cnt": 295}, "FIZICA TEO": {"medie": 9.186363636363637, "reusita": 99.0, "cnt": 100}, "CHIMIE ORGANICA TEO NIVEL I/II": {"medie": 9.334883720930232, "reusita": 98.83720930232558, "cnt": 86}, "MATEMATICA ST-NAT": {"medie": 9.284375, "reusita": 100.0, "cnt": 64}, "ANATOMIE SI FIZIOLOGIE UMANA, GENETICA SI ECOLOGIE UMANA": {"medie": 8.966249999999999, "reusita": 100.0, "cnt": 40}, "BIOLOGIE VEGETALA SI ANIMALA": {"medie": 7.4375, "reusita": 75.0, "cnt": 4}}, "nume": "COLEGIUL NATIONAL \"MIHAI VITEAZUL\"\tBucure\u0219ti"}