{"specializari": {"TEHNICIAN IN ADMINISTRATIE": 60, "ORGANIZATOR BANQUETING": 35, "TEHNICIAN OPERATOR TEHNICA DE CALCUL": 53, "TEHNICIAN MECATRONIST": 16, "TEHNICIAN MECANIC PENTRU INTRETINERE SI REPARATII": 1}, "limba_moderna": {"LIMBA ENGLEZA": 164, "LIMBA GERMANA MODERNA": 1}, "limba_materna": {"LIMBA ROMANA": 165}, "promotie_anterioara": {"NU": 137, "DA": 28}, "materii": {"LIMBA ROMANA": {"medie": 6.821951219512196, "reusita": 97.57575757575758, "cnt": 165}, "GENERAL": {"medie": 7.0944099378882015, "reusita": 76.96969696969697, "cnt": 165}, "LOGICA, ARGUMENTARE SI COMUNICARE": {"medie": 8.327272727272726, "reusita": 100.0, "cnt": 11}, "GEOGRAFIE": {"medie": 7.720886075949369, "reusita": 98.73417721518987, "cnt": 79}, "PSIHOLOGIE": {"medie": 7.666666666666667, "reusita": 100.0, "cnt": 3}, "BIOLOGIE VEGETALA SI ANIMALA": {"medie": 5.868085106382979, "reusita": 70.2127659574468, "cnt": 47}, "MATEMATICA TEHN": {"medie": 7.286335403726709, "reusita": 94.54545454545455, "cnt": 165}, "FIZICA TEH": {"medie": 6.982608695652176, "reusita": 95.65217391304348, "cnt": 23}, "ECONOMIE": {"medie": 5.375, "reusita": 50.0, "cnt": 2}}, "nume": "COLEGIUL TEHNIC \"HENRI COANDA\" TIMISOARA\tTimi\u0219"}