{"specializari": {"STIINTE SOCIALE": 33, "MATEMATICA-INFORMATICA": 111, "STIINTE ALE NATURII": 31, "FILOLOGIE": 32}, "limba_moderna": {"LIMBA ENGLEZA": 205, "LIMBA GERMANA MODERNA": 1, "LIMBA FRANCEZA": 1}, "limba_materna": {"LIMBA ROMANA": 207}, "promotie_anterioara": {"NU": 207}, "materii": {"LIMBA ROMANA": {"medie": 8.602415458937193, "reusita": 100.0, "cnt": 207}, "MATEMATICA MATE-INFO": {"medie": 9.276576576576579, "reusita": 100.0, "cnt": 111}, "INFORMATICA MI C/C++": {"medie": 8.936363636363637, "reusita": 100.0, "cnt": 55}, "GENERAL": {"medie": 8.940418679549115, "reusita": 99.51690821256038, "cnt": 207}, "ISTORIE": {"medie": 8.926153846153845, "reusita": 100.0, "cnt": 65}, "LOGICA, ARGUMENTARE SI COMUNICARE": {"medie": 9.339090909090906, "reusita": 100.0, "cnt": 55}, "CHIMIE ORGANICA TEO NIVEL I/II": {"medie": 9.306896551724138, "reusita": 100.0, "cnt": 29}, "MATEMATICA ST-NAT": {"medie": 8.643548387096775, "reusita": 100.0, "cnt": 31}, "FIZICA TEO": {"medie": 9.354000000000001, "reusita": 100.0, "cnt": 25}, "GEOGRAFIE": {"medie": 8.628571428571428, "reusita": 100.0, "cnt": 7}, "PSIHOLOGIE": {"medie": 8.25, "reusita": 100.0, "cnt": 2}, "ANATOMIE SI FIZIOLOGIE UMANA, GENETICA SI ECOLOGIE UMANA": {"medie": 9.126666666666667, "reusita": 100.0, "cnt": 30}, "CHIMIE ANORGANICA TEO NIVEL I/II": {"medie": 9.1, "reusita": 100.0, "cnt": 2}, "BIOLOGIE VEGETALA SI ANIMALA": {"medie": 5.65, "reusita": 100.0, "cnt": 1}, "FILOSOFIE": {"medie": 10.0, "reusita": 100.0, "cnt": 1}}, "nume": "COLEGIUL NATIONAL \"GHEORGHE VRANCEANU\" BACAU\tBac\u0103u"}