{"specializari": {"FILOLOGIE": 76, "MATEMATICA-INFORMATICA": 57, "STIINTE ALE NATURII": 36}, "limba_moderna": {"LIMBA FRANCEZA": 4, "LIMBA ENGLEZA": 165}, "limba_materna": {"LIMBA ROMANA": 169}, "promotie_anterioara": {"NU": 155, "DA": 14}, "materii": {"LIMBA ROMANA": {"medie": 6.778402366863901, "reusita": 88.75739644970415, "cnt": 169}, "MATEMATICA MATE-INFO": {"medie": 6.872807017543862, "reusita": 80.7017543859649, "cnt": 57}, "INFORMATICA MI C/C++": {"medie": 7.5375000000000005, "reusita": 87.5, "cnt": 8}, "GENERAL": {"medie": 7.118551587301585, "reusita": 73.96449704142012, "cnt": 169}, "ISTORIE": {"medie": 7.372666666666664, "reusita": 94.73684210526315, "cnt": 76}, "LOGICA, ARGUMENTARE SI COMUNICARE": {"medie": 9.459999999999999, "reusita": 100.0, "cnt": 5}, "CHIMIE ORGANICA TEO NIVEL I/II": {"medie": 8.65, "reusita": 100.0, "cnt": 3}, "MATEMATICA ST-NAT": {"medie": 6.225, "reusita": 77.77777777777779, "cnt": 36}, "FIZICA TEO": {"medie": 8.395454545454543, "reusita": 100.0, "cnt": 11}, "GEOGRAFIE": {"medie": 8.086923076923076, "reusita": 98.48484848484848, "cnt": 66}, "PSIHOLOGIE": {"medie": 8.333333333333334, "reusita": 100.0, "cnt": 3}, "ANATOMIE SI FIZIOLOGIE UMANA, GENETICA SI ECOLOGIE UMANA": {"medie": 6.770588235294118, "reusita": 89.70588235294117, "cnt": 68}, "BIOLOGIE VEGETALA SI ANIMALA": {"medie": 6.375, "reusita": 100.0, "cnt": 2}, "SOCIOLOGIE": {"medie": 8.45, "reusita": 100.0, "cnt": 2}, "INFORMATICA SN C/C++": {"medie": 8.2, "reusita": 100.0, "cnt": 1}}, "nume": "COLEGIUL NATIONAL \"NEAGOE BASARAB\" OLTENITA\tC\u0103l\u0103ra\u0219i"}