{"specializari": {"TEHNICIAN IN TURISM": 24, "TEHNICIAN ECOLOG SI PROTECTIA CALITATII MEDIULUI": 18, "TEHNICIAN MECATRONIST": 14, "TEHNICIAN IN ACTIVITATI ECONOMICE": 1, "TEHNICIAN MECANIC PENTRU INTRETINERE SI REPARATII": 5, "TEHNICIAN IN INDUSTRIA ALIMENTARA": 2, "TEHNICIAN IN AUTOMATIZARI": 1}, "limba_moderna": {"LIMBA ENGLEZA": 63, "LIMBA FRANCEZA": 2}, "limba_materna": {"LIMBA ROMANA": 65}, "promotie_anterioara": {"NU": 46, "DA": 19}, "materii": {"LIMBA ROMANA": {"medie": 5.288709677419354, "reusita": 66.15384615384615, "cnt": 65}, "GENERAL": {"medie": 4.541388888888889, "reusita": 16.923076923076923, "cnt": 65}, "GEOGRAFIE": {"medie": 6.527499999999999, "reusita": 90.47619047619048, "cnt": 21}, "ANATOMIE SI FIZIOLOGIE UMANA, GENETICA SI ECOLOGIE UMANA": {"medie": 3.4625, "reusita": 11.11111111111111, "cnt": 18}, "BIOLOGIE VEGETALA SI ANIMALA": {"medie": 3.8375, "reusita": 28.57142857142857, "cnt": 21}, "MATEMATICA TEHN": {"medie": 3.461666666666667, "reusita": 29.230769230769234, "cnt": 65}, "FIZICA TEH": {"medie": 6.9, "reusita": 100.0, "cnt": 1}, "ECONOMIE": {"medie": 6.0249999999999995, "reusita": 75.0, "cnt": 4}}, "nume": "COLEGIUL TEHNIC \"GHEORGHE BALS\" ADJUD\tVrancea"}