{"specializari": {"MATEMATICA-INFORMATICA": 91, "FILOLOGIE": 67, "STIINTE ALE NATURII": 52}, "limba_moderna": {"LIMBA ENGLEZA": 210}, "limba_materna": {"LIMBA ROMANA": 210}, "promotie_anterioara": {"NU": 206, "DA": 4}, "materii": {"LIMBA ROMANA": {"medie": 8.274880382775118, "reusita": 99.52380952380952, "cnt": 210}, "MATEMATICA MATE-INFO": {"medie": 9.049450549450551, "reusita": 100.0, "cnt": 91}, "INFORMATICA MI C/C++": {"medie": 9.301851851851852, "reusita": 100.0, "cnt": 27}, "GENERAL": {"medie": 8.48907496012759, "reusita": 98.09523809523809, "cnt": 210}, "ISTORIE": {"medie": 7.92910447761194, "reusita": 100.0, "cnt": 67}, "LOGICA, ARGUMENTARE SI COMUNICARE": {"medie": 8.834375, "reusita": 100.0, "cnt": 32}, "GEOGRAFIE": {"medie": 8.073214285714288, "reusita": 100.0, "cnt": 28}, "FIZICA TEO": {"medie": 8.885, "reusita": 100.0, "cnt": 50}, "CHIMIE ORGANICA TEO NIVEL I/II": {"medie": 8.893333333333334, "reusita": 100.0, "cnt": 15}, "MATEMATICA ST-NAT": {"medie": 8.578431372549021, "reusita": 98.07692307692307, "cnt": 52}, "SOCIOLOGIE": {"medie": 8.450000000000001, "reusita": 100.0, "cnt": 6}, "ANATOMIE SI FIZIOLOGIE UMANA, GENETICA SI ECOLOGIE UMANA": {"medie": 8.067021276595746, "reusita": 93.75, "cnt": 48}, "CHIMIE ANORGANICA TEO NIVEL I/II": {"medie": 8.1, "reusita": 100.0, "cnt": 1}, "INFORMATICA SN C/C++": {"medie": 8.225, "reusita": 100.0, "cnt": 2}, "ECONOMIE": {"medie": 9.0, "reusita": 100.0, "cnt": 1}}, "nume": "COLEGIUL NATIONAL \"DIMITRIE CANTEMIR\" ONESTI\tBac\u0103u"}