{"specializari": {"TEHNICIAN IN ACTIVITATI ECONOMICE": 142, "TEHNICIAN IN ACTIVITATI DE COMERT": 52, "TEHNICIAN IN TURISM": 62, "TEHNICIAN IN ADMINISTRATIE": 30, "TEHNICIAN IN GASTRONOMIE": 30, "COAFOR STILIST": 1, "MATEMATICA-INFORMATICA": 1}, "limba_moderna": {"LIMBA ENGLEZA": 285, "LIMBA FRANCEZA": 32, "LIMBA GERMANA MODERNA": 1}, "limba_materna": {"LIMBA ROMANA": 318}, "promotie_anterioara": {"NU": 301, "DA": 17}, "materii": {"LIMBA ROMANA": {"medie": 7.132704402515729, "reusita": 98.42767295597484, "cnt": 318}, "MATEMATICA MATE-INFO": {"medie": "-", "reusita": 0.0, "cnt": 1}, "INFORMATICA MI C/C++": {"medie": "-", "reusita": 0.0, "cnt": 1}, "GENERAL": {"medie": 7.4343450479233235, "reusita": 87.42138364779875, "cnt": 318}, "LOGICA, ARGUMENTARE SI COMUNICARE": {"medie": 7.360784313725492, "reusita": 93.13725490196079, "cnt": 102}, "GEOGRAFIE": {"medie": 8.012857142857142, "reusita": 98.5781990521327, "cnt": 211}, "PSIHOLOGIE": {"medie": 6.925, "reusita": 100.0, "cnt": 2}, "ECONOMIE": {"medie": 7.1, "reusita": 100.0, "cnt": 2}, "MATEMATICA TEHN": {"medie": 7.345367412140576, "reusita": 94.95268138801262, "cnt": 317}}, "nume": "COLEGIUL ECONOMIC \"DIMITRIE CANTEMIR\" SUCEAVA\tSuceava"}