{"specializari": {"TEHNICIAN PROIECTANT CAD": 18, "STIINTE ALE NATURII": 9, "TEHNICIAN MECANIC PENTRU INTRETINERE SI REPARATII": 6, "TEHNICIAN ELECTRICIAN/ELECTRONIST AUTO": 3, "TEHNICIAN TRANSPORTURI": 5, "TEHNICIAN OPERATOR TEHNICA DE CALCUL": 2, "TEHNICIAN OPERATOR PROCESARE TEXT IMAGINE": 3, "TEHNICIAN IN AUTOMATIZARI": 1, "TEHNICIAN ELECTRONIST": 1, "TEHNICIAN ELECTROMECANIC": 1}, "limba_moderna": {"LIMBA ENGLEZA": 42, "LIMBA FRANCEZA": 7}, "limba_materna": {"LIMBA ROMANA": 49}, "promotie_anterioara": {"NU": 23, "DA": 26}, "materii": {"LIMBA ROMANA": {"medie": 5.511224489795917, "reusita": 87.75510204081633, "cnt": 49}, "GENERAL": {"medie": 5.39090909090909, "reusita": 28.57142857142857, "cnt": 49}, "MATEMATICA ST-NAT": {"medie": 4.766666666666667, "reusita": 66.66666666666666, "cnt": 9}, "ANATOMIE SI FIZIOLOGIE UMANA, GENETICA SI ECOLOGIE UMANA": {"medie": 5.569999999999999, "reusita": 80.0, "cnt": 10}, "BIOLOGIE VEGETALA SI ANIMALA": {"medie": 5.10735294117647, "reusita": 57.14285714285714, "cnt": 35}, "MATEMATICA TEHN": {"medie": 5.674324324324326, "reusita": 70.0, "cnt": 40}, "FIZICA TEH": {"medie": 3.7, "reusita": 0.0, "cnt": 2}, "CHIMIE ANORGANICA TEH NIVEL I/II": {"medie": "-", "reusita": 0.0, "cnt": 1}, "CHIMIE ORGANICA TEH NIVEL I/II": {"medie": 2.7, "reusita": 0.0, "cnt": 1}}, "nume": "COLEGIUL TEHNIC DE TRANSPORTURI BRASOV\tBra\u0219ov"}