{"specializari": {"MATEMATICA-INFORMATICA": 42, "STIINTE ALE NATURII": 59, "STIINTE SOCIALE": 62, "FILOLOGIE": 32}, "limba_moderna": {"LIMBA ENGLEZA": 185, "LIMBA FRANCEZA": 10}, "limba_materna": {"LIMBA ROMANA": 195}, "promotie_anterioara": {"NU": 195}, "materii": {"LIMBA ROMANA": {"medie": 7.983333333333327, "reusita": 99.48717948717949, "cnt": 195}, "MATEMATICA MATE-INFO": {"medie": 8.658333333333335, "reusita": 97.61904761904762, "cnt": 42}, "INFORMATICA MI C/C++": {"medie": 8.430000000000001, "reusita": 90.0, "cnt": 10}, "GENERAL": {"medie": 8.469316239316239, "reusita": 97.43589743589743, "cnt": 195}, "ISTORIE": {"medie": 8.297340425531914, "reusita": 100.0, "cnt": 94}, "LOGICA, ARGUMENTARE SI COMUNICARE": {"medie": 9.111718750000003, "reusita": 98.4375, "cnt": 64}, "GEOGRAFIE": {"medie": 8.657894736842106, "reusita": 100.0, "cnt": 19}, "FIZICA TEO": {"medie": 8.9015625, "reusita": 96.875, "cnt": 32}, "CHIMIE ORGANICA TEO NIVEL I/II": {"medie": 8.994736842105263, "reusita": 100.0, "cnt": 19}, "MATEMATICA ST-NAT": {"medie": 9.024576271186442, "reusita": 100.0, "cnt": 59}, "PSIHOLOGIE": {"medie": 8.225, "reusita": 100.0, "cnt": 4}, "SOCIOLOGIE": {"medie": 9.32, "reusita": 100.0, "cnt": 5}, "ANATOMIE SI FIZIOLOGIE UMANA, GENETICA SI ECOLOGIE UMANA": {"medie": 8.5325, "reusita": 97.5, "cnt": 40}, "ECONOMIE": {"medie": 6.625, "reusita": 100.0, "cnt": 2}}, "nume": "COLEGIUL NATIONAL \"GH. ROSCA CODREANU\", MUN. BARLAD\tVaslui"}