{"specializari": {"MATEMATICA-INFORMATICA": 56, "STIINTE ALE NATURII": 32, "FILOLOGIE": 103, "STIINTE SOCIALE": 36}, "limba_moderna": {"LIMBA ENGLEZA": 226, "LIMBA FRANCEZA": 1}, "limba_materna": {"LIMBA ROMANA": 227}, "promotie_anterioara": {"NU": 219, "DA": 8}, "materii": {"LIMBA ROMANA": {"medie": 7.450888888888887, "reusita": 97.3568281938326, "cnt": 227}, "MATEMATICA MATE-INFO": {"medie": 8.831249999999999, "reusita": 100.0, "cnt": 56}, "INFORMATICA MI C/C++": {"medie": 7.75, "reusita": 100.0, "cnt": 2}, "GENERAL": {"medie": 7.950750750750757, "reusita": 89.86784140969164, "cnt": 227}, "ISTORIE": {"medie": 7.739416058394162, "reusita": 94.96402877697841, "cnt": 139}, "LOGICA, ARGUMENTARE SI COMUNICARE": {"medie": 8.802777777777779, "reusita": 100.0, "cnt": 18}, "GEOGRAFIE": {"medie": 8.514, "reusita": 98.0392156862745, "cnt": 102}, "FIZICA TEO": {"medie": 8.789743589743589, "reusita": 100.0, "cnt": 39}, "CHIMIE ORGANICA TEO NIVEL I/II": {"medie": 9.1, "reusita": 100.0, "cnt": 17}, "MATEMATICA ST-NAT": {"medie": 7.332258064516129, "reusita": 90.625, "cnt": 32}, "PSIHOLOGIE": {"medie": 8.475, "reusita": 100.0, "cnt": 4}, "SOCIOLOGIE": {"medie": 7.726666666666666, "reusita": 100.0, "cnt": 15}, "ANATOMIE SI FIZIOLOGIE UMANA, GENETICA SI ECOLOGIE UMANA": {"medie": 7.052000000000001, "reusita": 85.18518518518519, "cnt": 27}, "BIOLOGIE VEGETALA SI ANIMALA": {"medie": 4.4, "reusita": 33.33333333333333, "cnt": 3}}, "nume": "COLEGIUL NATIONAL \"ION MAIORESCU\" GIURGIU\tGiurgiu"}