{"specializari": {"MATEMATICA-INFORMATICA": 56, "TEHNICIAN ELECTROMECANIC": 27, "TEHNICIAN IN ACTIVITATI ECONOMICE": 88, "TEHNICIAN IN AUTOMATIZARI": 35, "TEHNICIAN IN INSTALATII ELECTRICE": 30, "TEHNICIAN PRELUCRARI PE MASINI CU COMANDA NUMERICA": 20, "TEHNICIAN MECATRONIST": 1}, "limba_moderna": {"LIMBA ENGLEZA": 248, "LIMBA GERMANA MODERNA": 2, "LIMBA FRANCEZA": 7}, "limba_materna": {"LIMBA ROMANA": 257}, "promotie_anterioara": {"NU": 228, "DA": 29}, "materii": {"LIMBA ROMANA": {"medie": 6.858593749999999, "reusita": 92.99610894941634, "cnt": 257}, "MATEMATICA MATE-INFO": {"medie": 7.916071428571427, "reusita": 98.21428571428571, "cnt": 56}, "INFORMATICA MI C/C++": {"medie": 7.360000000000002, "reusita": 100.0, "cnt": 20}, "GENERAL": {"medie": 6.991895424836605, "reusita": 73.54085603112841, "cnt": 257}, "FIZICA TEO": {"medie": 7.966666666666666, "reusita": 100.0, "cnt": 3}, "GEOGRAFIE": {"medie": 8.22440476190476, "reusita": 100.0, "cnt": 84}, "PSIHOLOGIE": {"medie": 7.262499999999999, "reusita": 100.0, "cnt": 4}, "ANATOMIE SI FIZIOLOGIE UMANA, GENETICA SI ECOLOGIE UMANA": {"medie": 8.499999999999998, "reusita": 100.0, "cnt": 33}, "BIOLOGIE VEGETALA SI ANIMALA": {"medie": 5.458108108108111, "reusita": 63.1578947368421, "cnt": 76}, "MATEMATICA TEHN": {"medie": 6.734249999999998, "reusita": 90.54726368159204, "cnt": 201}, "FIZICA TEH": {"medie": 6.341666666666667, "reusita": 76.66666666666667, "cnt": 30}, "CHIMIE ANORGANICA TEH NIVEL I/II": {"medie": 6.3, "reusita": 100.0, "cnt": 7}}, "nume": "COLEGIUL TEHNIC \"ALESANDRU PAPIU ILARIAN\" ZALAU\tS\u0103laj"}