{"specializari": {"STIINTE SOCIALE": 58, "FILOLOGIE": 29, "MATEMATICA-INFORMATICA": 29}, "limba_moderna": {"LIMBA ENGLEZA": 116}, "limba_materna": {"LIMBA ROMANA": 116}, "promotie_anterioara": {"NU": 116}, "materii": {"LIMBA ROMANA": {"medie": 8.622844827586208, "reusita": 100.0, "cnt": 116}, "MATEMATICA MATE-INFO": {"medie": 8.862068965517242, "reusita": 100.0, "cnt": 29}, "INFORMATICA MI C/C++": {"medie": 8.945, "reusita": 100.0, "cnt": 10}, "GENERAL": {"medie": 9.022844827586209, "reusita": 100.0, "cnt": 116}, "ISTORIE": {"medie": 9.363793103448275, "reusita": 100.0, "cnt": 87}, "LOGICA, ARGUMENTARE SI COMUNICARE": {"medie": 9.336075949367087, "reusita": 100.0, "cnt": 79}, "GEOGRAFIE": {"medie": 9.18, "reusita": 100.0, "cnt": 5}, "FIZICA TEO": {"medie": 7.8, "reusita": 100.0, "cnt": 1}, "PSIHOLOGIE": {"medie": 8.9, "reusita": 100.0, "cnt": 1}, "SOCIOLOGIE": {"medie": 9.05, "reusita": 100.0, "cnt": 2}, "ANATOMIE SI FIZIOLOGIE UMANA, GENETICA SI ECOLOGIE UMANA": {"medie": 8.908333333333331, "reusita": 100.0, "cnt": 18}}, "nume": "COLEGIUL NATIONAL \"GHEORGHE SINCAI\" CLUJ-NAPOCA\tCluj"}