{"specializari": {"TEHNICIAN IN ACTIVITATI ECONOMICE": 32, "MATEMATICA-INFORMATICA": 27, "TEHNICIAN IN TURISM": 23, "TEHNICIAN ECOLOG SI PROTECTIA CALITATII MEDIULUI": 17, "TEHNICIAN IN AUTOMATIZARI": 23}, "limba_moderna": {"LIMBA GERMANA MODERNA": 11, "LIMBA ENGLEZA": 111}, "limba_materna": {"LIMBA ROMANA": 122}, "promotie_anterioara": {"NU": 114, "DA": 8}, "materii": {"LIMBA ROMANA": {"medie": 7.027083333333334, "reusita": 95.08196721311475, "cnt": 122}, "MATEMATICA MATE-INFO": {"medie": 8.985185185185182, "reusita": 100.0, "cnt": 27}, "INFORMATICA MI C/C++": {"medie": 8.700000000000001, "reusita": 100.0, "cnt": 21}, "GENERAL": {"medie": 7.507083333333331, "reusita": 80.32786885245902, "cnt": 122}, "GEOGRAFIE": {"medie": 8.744545454545454, "reusita": 100.0, "cnt": 55}, "FIZICA TEO": {"medie": 8.274999999999999, "reusita": 100.0, "cnt": 2}, "ANATOMIE SI FIZIOLOGIE UMANA, GENETICA SI ECOLOGIE UMANA": {"medie": 6.038888888888889, "reusita": 77.77777777777779, "cnt": 18}, "BIOLOGIE VEGETALA SI ANIMALA": {"medie": 5.121052631578947, "reusita": 61.904761904761905, "cnt": 21}, "MATEMATICA TEHN": {"medie": 7.544148936170211, "reusita": 92.63157894736842, "cnt": 95}, "FIZICA TEH": {"medie": 5.2700000000000005, "reusita": 60.0, "cnt": 5}}, "nume": "COLEGIUL \"SCOALA NATIONALA DE GAZ\" MEDIAS\tSibiu"}