{"specializari": {"MATEMATICA-INFORMATICA": 54, "FILOLOGIE": 67, "STIINTE ALE NATURII": 28, "STIINTE SOCIALE": 68}, "limba_moderna": {"LIMBA ENGLEZA": 206, "LIMBA FRANCEZA": 11}, "limba_materna": {"LIMBA ROMANA": 217}, "promotie_anterioara": {"NU": 201, "DA": 16}, "materii": {"LIMBA ROMANA": {"medie": 6.992626728110597, "reusita": 92.16589861751152, "cnt": 217}, "MATEMATICA MATE-INFO": {"medie": 8.815740740740736, "reusita": 98.14814814814815, "cnt": 54}, "INFORMATICA MI C/C++": {"medie": 8.9625, "reusita": 100.0, "cnt": 12}, "GENERAL": {"medie": 7.3551401869158815, "reusita": 78.3410138248848, "cnt": 217}, "ISTORIE": {"medie": 6.669548872180451, "reusita": 84.44444444444444, "cnt": 135}, "LOGICA, ARGUMENTARE SI COMUNICARE": {"medie": 6.57, "reusita": 80.0, "cnt": 5}, "GEOGRAFIE": {"medie": 7.337019230769231, "reusita": 95.28301886792453, "cnt": 106}, "FIZICA TEO": {"medie": 8.722222222222223, "reusita": 88.88888888888889, "cnt": 9}, "MATEMATICA ST-NAT": {"medie": 7.341071428571428, "reusita": 100.0, "cnt": 28}, "PSIHOLOGIE": {"medie": 7.358823529411764, "reusita": 100.0, "cnt": 17}, "SOCIOLOGIE": {"medie": 8.57, "reusita": 100.0, "cnt": 5}, "ANATOMIE SI FIZIOLOGIE UMANA, GENETICA SI ECOLOGIE UMANA": {"medie": 8.150877192982458, "reusita": 98.24561403508771, "cnt": 57}, "CHIMIE ANORGANICA TEO NIVEL I/II": {"medie": 9.2375, "reusita": 100.0, "cnt": 4}, "FILOSOFIE": {"medie": 7.75, "reusita": 100.0, "cnt": 2}}, "nume": "COLEGIUL NATIONAL \"EMIL BOTTA\" ADJUD\tVrancea"}