{"specializari": {"MATEMATICA-INFORMATICA": 89, "STIINTE SOCIALE": 33, "FILOLOGIE": 60, "STIINTE ALE NATURII": 29}, "limba_moderna": {"LIMBA ENGLEZA": 185, "LIMBA FRANCEZA": 26}, "limba_materna": {"LIMBA ROMANA": 211}, "promotie_anterioara": {"NU": 211}, "materii": {"LIMBA ROMANA": {"medie": 8.610900473933647, "reusita": 100.0, "cnt": 211}, "MATEMATICA MATE-INFO": {"medie": 8.887078651685394, "reusita": 98.87640449438202, "cnt": 89}, "INFORMATICA MI C/C++": {"medie": 8.899999999999997, "reusita": 100.0, "cnt": 55}, "GENERAL": {"medie": 8.867535545023694, "reusita": 99.52606635071089, "cnt": 211}, "ISTORIE": {"medie": 8.692473118279569, "reusita": 100.0, "cnt": 93}, "LOGICA, ARGUMENTARE SI COMUNICARE": {"medie": 9.4875, "reusita": 100.0, "cnt": 76}, "CHIMIE ORGANICA TEO NIVEL I/II": {"medie": 9.471052631578948, "reusita": 100.0, "cnt": 19}, "MATEMATICA ST-NAT": {"medie": 8.989655172413794, "reusita": 100.0, "cnt": 29}, "FIZICA TEO": {"medie": 9.95, "reusita": 100.0, "cnt": 7}, "GEOGRAFIE": {"medie": 8.543333333333333, "reusita": 100.0, "cnt": 15}, "PSIHOLOGIE": {"medie": 9.6, "reusita": 100.0, "cnt": 1}, "ANATOMIE SI FIZIOLOGIE UMANA, GENETICA SI ECOLOGIE UMANA": {"medie": 8.91111111111111, "reusita": 100.0, "cnt": 18}, "BIOLOGIE VEGETALA SI ANIMALA": {"medie": 8.836842105263159, "reusita": 100.0, "cnt": 19}, "FILOSOFIE": {"medie": 10.0, "reusita": 100.0, "cnt": 1}}, "nume": "COLEGIUL NATIONAL \"HOREA CLOSCA SI CRISAN\" ALBA IULIA\tAlba"}