{"specializari": {"TEHNICIAN IN ADMINISTRATIE": 22, "TEHNICIAN IN ACTIVITATI ECONOMICE": 2, "TEHNICIAN MECANIC PENTRU INTRETINERE SI REPARATII": 18, "TEHNICIAN PROIECTANT CAD": 4, "TEHNICIAN TRANSPORTURI": 1, "TEHNICIAN MECATRONIST": 1}, "limba_moderna": {"LIMBA ENGLEZA": 48}, "limba_materna": {"LIMBA ROMANA": 48}, "promotie_anterioara": {"NU": 32, "DA": 16}, "materii": {"LIMBA ROMANA": {"medie": 5.330434782608696, "reusita": 66.66666666666666, "cnt": 48}, "GENERAL": {"medie": 5.690079365079364, "reusita": 37.5, "cnt": 48}, "GEOGRAFIE": {"medie": 7.343750000000003, "reusita": 100.0, "cnt": 24}, "ANATOMIE SI FIZIOLOGIE UMANA, GENETICA SI ECOLOGIE UMANA": {"medie": 2.65, "reusita": 0.0, "cnt": 1}, "BIOLOGIE VEGETALA SI ANIMALA": {"medie": 4.1764705882352935, "reusita": 28.57142857142857, "cnt": 21}, "MATEMATICA TEHN": {"medie": 5.685227272727272, "reusita": 77.08333333333334, "cnt": 48}, "FIZICA TEH": {"medie": 6.9, "reusita": 50.0, "cnt": 2}}, "nume": "COLEGIUL TEHNIC \"MIRCEA CEL BATRAN\"\tBucure\u0219ti"}