{"specializari": {"INVATATOR - EDUCATOARE": 50, "STIINTE ALE NATURII": 29, "FILOLOGIE": 28, "MATEMATICA-INFORMATICA": 24}, "limba_moderna": {"LIMBA ENGLEZA": 116, "LIMBA SPANIOLA": 14, "LIMBA FRANCEZA": 1}, "limba_materna": {"LIMBA ROMANA": 110, "LIMBA MAGHIARA": 21}, "promotie_anterioara": {"NU": 127, "DA": 4}, "materii": {"LIMBA ROMANA": {"medie": 7.788167938931298, "reusita": 98.47328244274809, "cnt": 131}, "MATEMATICA MATE-INFO": {"medie": 7.179166666666667, "reusita": 95.83333333333334, "cnt": 24}, "INFORMATICA MI C/C++": {"medie": 7.907142857142857, "reusita": 100.0, "cnt": 14}, "GENERAL": {"medie": 8.160114503816795, "reusita": 96.94656488549617, "cnt": 131}, "ISTORIE": {"medie": 8.028571428571428, "reusita": 100.0, "cnt": 28}, "LOGICA, ARGUMENTARE SI COMUNICARE": {"medie": 9.372222222222222, "reusita": 100.0, "cnt": 36}, "GEOGRAFIE": {"medie": 8.188888888888888, "reusita": 100.0, "cnt": 36}, "CHIMIE ORGANICA TEO NIVEL I/II": {"medie": 8.266666666666667, "reusita": 100.0, "cnt": 3}, "MATEMATICA ST-NAT": {"medie": 7.98103448275862, "reusita": 100.0, "cnt": 29}, "PSIHOLOGIE": {"medie": 8.375, "reusita": 100.0, "cnt": 2}, "SOCIOLOGIE": {"medie": 8.125, "reusita": 100.0, "cnt": 4}, "ANATOMIE SI FIZIOLOGIE UMANA, GENETICA SI ECOLOGIE UMANA": {"medie": 8.405714285714287, "reusita": 100.0, "cnt": 35}, "MATEMATICA PED": {"medie": 8.457, "reusita": 98.0, "cnt": 50}, "INFORMATICA SN C/C++": {"medie": 9.65, "reusita": 100.0, "cnt": 1}, "LIMBA MAGHIARA (UMAN)": {"medie": 7.961904761904761, "reusita": 100.0, "cnt": 21}}, "nume": "COLEGIUL NATIONAL \"IOSIF VULCAN\" ORADEA\tBihor"}