{"specializari": {"ORGANIZATOR BANQUETING": 21, "TEHNICIAN IN ACTIVITATI ECONOMICE": 61, "TEHNICIAN IN ACTIVITATI DE COMERT": 21, "TEHNICIAN IN TURISM": 25, "TEHNICIAN IN ADMINISTRATIE": 43, "TEHNICIAN IN GASTRONOMIE": 4}, "limba_moderna": {"LIMBA ENGLEZA": 159, "LIMBA FRANCEZA": 16}, "limba_materna": {"LIMBA ROMANA": 175}, "promotie_anterioara": {"NU": 128, "DA": 47}, "materii": {"LIMBA ROMANA": {"medie": 5.688150289017341, "reusita": 84.0, "cnt": 175}, "GENERAL": {"medie": 6.119393939393937, "reusita": 55.42857142857143, "cnt": 175}, "LOGICA, ARGUMENTARE SI COMUNICARE": {"medie": 6.1475, "reusita": 65.85365853658537, "cnt": 41}, "GEOGRAFIE": {"medie": 7.082575757575757, "reusita": 89.55223880597015, "cnt": 134}, "MATEMATICA TEHN": {"medie": 5.776190476190473, "reusita": 74.85714285714286, "cnt": 175}}, "nume": "COLEGIUL ECONOMIC \"GHEORGHE CHITU\" CRAIOVA\tDolj"}