{"specializari": {"MATEMATICA-INFORMATICA": 96, "STIINTE ALE NATURII": 32, "FILOLOGIE": 32, "STIINTE SOCIALE": 30}, "limba_moderna": {"LIMBA ENGLEZA": 184, "LIMBA GERMANA MODERNA": 3, "LIMBA FRANCEZA": 3}, "limba_materna": {"LIMBA ROMANA": 190}, "promotie_anterioara": {"NU": 190}, "materii": {"LIMBA ROMANA": {"medie": 9.00631578947368, "reusita": 100.0, "cnt": 190}, "MATEMATICA MATE-INFO": {"medie": 9.020312500000003, "reusita": 98.95833333333334, "cnt": 96}, "INFORMATICA MI C/C++": {"medie": 9.373214285714287, "reusita": 100.0, "cnt": 56}, "GENERAL": {"medie": 9.091140350877188, "reusita": 98.94736842105263, "cnt": 190}, "ISTORIE": {"medie": 8.951612903225806, "reusita": 98.38709677419355, "cnt": 62}, "LOGICA, ARGUMENTARE SI COMUNICARE": {"medie": 8.450000000000001, "reusita": 100.0, "cnt": 16}, "CHIMIE ORGANICA TEO NIVEL I/II": {"medie": 9.808823529411764, "reusita": 100.0, "cnt": 17}, "MATEMATICA ST-NAT": {"medie": 9.301562500000001, "reusita": 100.0, "cnt": 32}, "FIZICA TEO": {"medie": 9.018518518518517, "reusita": 100.0, "cnt": 27}, "GEOGRAFIE": {"medie": 9.492424242424242, "reusita": 100.0, "cnt": 33}, "PSIHOLOGIE": {"medie": 9.0, "reusita": 100.0, "cnt": 7}, "ANATOMIE SI FIZIOLOGIE UMANA, GENETICA SI ECOLOGIE UMANA": {"medie": 8.932000000000002, "reusita": 100.0, "cnt": 25}, "SOCIOLOGIE": {"medie": 9.059999999999999, "reusita": 100.0, "cnt": 5}, "INFORMATICA SN C/C++": {"medie": 9.35, "reusita": 100.0, "cnt": 3}, "ECONOMIE": {"medie": 8.9, "reusita": 100.0, "cnt": 1}}, "nume": "COLEGIUL NATIONAL \"GRIGORE MOISIL\"\tBucure\u0219ti"}