{"specializari": {"MUZICA": 50, "ARTE PLASTICE SI DECORATIVE": 67, "ARTA ACTORULUI": 17, "COREGRAFIE": 17, "ARHITECTURA, ARTE AMBIENTALE SI DESIGN": 34}, "limba_moderna": {"LIMBA ENGLEZA": 178, "LIMBA GERMANA MODERNA": 2, "LIMBA FRANCEZA": 5}, "limba_materna": {"LIMBA ROMANA": 185}, "promotie_anterioara": {"NU": 174, "DA": 11}, "materii": {"LIMBA ROMANA": {"medie": 7.394535519125677, "reusita": 96.75675675675676, "cnt": 185}, "GENERAL": {"medie": 7.653021978021979, "reusita": 88.64864864864866, "cnt": 185}, "ISTORIE": {"medie": 7.478804347826082, "reusita": 97.2972972972973, "cnt": 185}, "LOGICA, ARGUMENTARE SI COMUNICARE": {"medie": 8.550819672131146, "reusita": 96.7741935483871, "cnt": 62}, "GEOGRAFIE": {"medie": 7.753125000000003, "reusita": 97.34513274336283, "cnt": 113}, "PSIHOLOGIE": {"medie": 8.083333333333332, "reusita": 100.0, "cnt": 6}, "FILOSOFIE": {"medie": 9.4, "reusita": 100.0, "cnt": 3}, "ECONOMIE": {"medie": 7.7, "reusita": 100.0, "cnt": 1}}, "nume": "COLEGIUL NATIONAL DE ARTA \"OCTAV BANCILA\", IASI\tIa\u0219i"}