{"specializari": {"MATEMATICA-INFORMATICA": 118}, "limba_moderna": {"LIMBA ENGLEZA": 118}, "limba_materna": {"LIMBA ROMANA": 118}, "promotie_anterioara": {"NU": 118}, "materii": {"LIMBA ROMANA": {"medie": 8.764830508474576, "reusita": 100.0, "cnt": 118}, "MATEMATICA MATE-INFO": {"medie": 8.85296610169491, "reusita": 100.0, "cnt": 118}, "INFORMATICA MI C/C++": {"medie": 8.69875, "reusita": 100.0, "cnt": 40}, "GENERAL": {"medie": 8.92485875706215, "reusita": 100.0, "cnt": 118}, "FIZICA TEO": {"medie": 9.417708333333334, "reusita": 100.0, "cnt": 48}, "CHIMIE ORGANICA TEO NIVEL I/II": {"medie": 9.6125, "reusita": 100.0, "cnt": 4}, "CHIMIE ANORGANICA TEO NIVEL I/II": {"medie": 9.24375, "reusita": 100.0, "cnt": 8}, "BIOLOGIE VEGETALA SI ANIMALA": {"medie": 9.338888888888889, "reusita": 100.0, "cnt": 18}}, "nume": "COLEGIUL NATIONAL MILITAR \"DIMITRIE CANTEMIR\" BREAZA\tPrahova"}