{"specializari": {"TEHNICIAN TRANSPORTURI": 12, "STIINTE ALE NATURII": 29, "TEHNICIAN PROIECTANT CAD": 18, "TEHNICIAN PRELUCRARI MECANICE": 13, "TEHNICIAN MECATRONIST": 2, "TEHNICIAN ECOLOG SI PROTECTIA CALITATII MEDIULUI": 2, "TEHNICIAN ELECTROMECANIC": 3, "TEHNICIAN METROLOG": 1, "TEHNICIAN IN INSTALATII ELECTRICE": 2, "TEHNICIAN OPERATOR TEHNICA DE CALCUL": 1}, "limba_moderna": {"LIMBA ENGLEZA": 82, "LIMBA FRANCEZA": 1}, "limba_materna": {"LIMBA ROMANA": 83}, "promotie_anterioara": {"NU": 52, "DA": 31}, "materii": {"LIMBA ROMANA": {"medie": 5.852631578947371, "reusita": 75.90361445783132, "cnt": 83}, "GENERAL": {"medie": 5.42191780821918, "reusita": 32.53012048192771, "cnt": 83}, "MATEMATICA ST-NAT": {"medie": 5.029310344827585, "reusita": 65.51724137931035, "cnt": 29}, "ANATOMIE SI FIZIOLOGIE UMANA, GENETICA SI ECOLOGIE UMANA": {"medie": 6.796551724137932, "reusita": 100.0, "cnt": 29}, "BIOLOGIE VEGETALA SI ANIMALA": {"medie": 4.660975609756098, "reusita": 48.888888888888886, "cnt": 45}, "MATEMATICA TEHN": {"medie": 4.717391304347826, "reusita": 53.70370370370371, "cnt": 54}, "FIZICA TEH": {"medie": 4.3, "reusita": 33.33333333333333, "cnt": 3}, "CHIMIE ANORGANICA TEH NIVEL I/II": {"medie": 6.1, "reusita": 25.0, "cnt": 4}, "CHIMIE ORGANICA TEH NIVEL I/II": {"medie": "-", "reusita": 0.0, "cnt": 2}}, "nume": "COLEGIUL TEHNIC \"CAROL I\"\tBucure\u0219ti"}