{"specializari": {"TEHNICIAN IN ACTIVITATI ECONOMICE": 29, "TEHNICIAN IN TURISM": 31, "TEHNICIAN IN SILVICULTURA SI EXPLOATARI FORESTIERE": 92, "TEHNICIAN ECOLOG SI PROTECTIA CALITATII MEDIULUI": 19, "TEHNICIAN IN ADMINISTRATIE": 1, "FILOLOGIE": 1}, "limba_moderna": {"LIMBA ENGLEZA": 163, "LIMBA FRANCEZA": 10}, "limba_materna": {"LIMBA ROMANA": 173}, "promotie_anterioara": {"NU": 138, "DA": 35}, "materii": {"LIMBA ROMANA": {"medie": 6.129824561403511, "reusita": 83.23699421965318, "cnt": 173}, "GENERAL": {"medie": 6.0358134920634905, "reusita": 47.398843930635834, "cnt": 173}, "ISTORIE": {"medie": 3.3, "reusita": 0.0, "cnt": 1}, "LOGICA, ARGUMENTARE SI COMUNICARE": {"medie": 5.872222222222223, "reusita": 70.0, "cnt": 10}, "GEOGRAFIE": {"medie": 7.2072916666666655, "reusita": 95.83333333333334, "cnt": 48}, "PSIHOLOGIE": {"medie": 7.0375, "reusita": 100.0, "cnt": 4}, "ANATOMIE SI FIZIOLOGIE UMANA, GENETICA SI ECOLOGIE UMANA": {"medie": 5.526886792452831, "reusita": 63.63636363636363, "cnt": 110}, "MATEMATICA TEHN": {"medie": 5.861242603550295, "reusita": 73.83720930232558, "cnt": 172}, "CHIMIE ANORGANICA TEH NIVEL I/II": {"medie": 2.8, "reusita": 0.0, "cnt": 1}}, "nume": "COLEGIUL SILVIC \"BUCOVINA\" CAMPULUNG MOLDOVENESC\tSuceava"}