{"specializari": {"STIINTE ALE NATURII": 84, "STIINTE SOCIALE": 62, "FILOLOGIE": 30, "MATEMATICA-INFORMATICA": 61}, "limba_moderna": {"LIMBA ENGLEZA": 236, "LIMBA FRANCEZA": 1}, "limba_materna": {"LIMBA GERMANA": 26, "LIMBA ROMANA": 211}, "promotie_anterioara": {"NU": 234, "DA": 3}, "materii": {"LIMBA ROMANA": {"medie": 8.159915611814345, "reusita": 99.15611814345992, "cnt": 237}, "MATEMATICA MATE-INFO": {"medie": 8.70901639344262, "reusita": 100.0, "cnt": 61}, "INFORMATICA MI C/C++": {"medie": 8.170588235294119, "reusita": 94.11764705882352, "cnt": 17}, "GENERAL": {"medie": 8.45367440225035, "reusita": 96.62447257383965, "cnt": 237}, "ISTORIE": {"medie": 8.838586956521736, "reusita": 100.0, "cnt": 92}, "LOGICA, ARGUMENTARE SI COMUNICARE": {"medie": 8.98409090909091, "reusita": 100.0, "cnt": 22}, "CHIMIE ORGANICA TEO NIVEL I/II": {"medie": 9.200000000000001, "reusita": 100.0, "cnt": 3}, "MATEMATICA ST-NAT": {"medie": 8.711309523809526, "reusita": 98.80952380952381, "cnt": 84}, "FIZICA TEO": {"medie": 8.541176470588237, "reusita": 100.0, "cnt": 17}, "GEOGRAFIE": {"medie": 8.585384615384614, "reusita": 100.0, "cnt": 65}, "ANATOMIE SI FIZIOLOGIE UMANA, GENETICA SI ECOLOGIE UMANA": {"medie": 8.373529411764705, "reusita": 99.01960784313727, "cnt": 102}, "SOCIOLOGIE": {"medie": 7.779999999999999, "reusita": 100.0, "cnt": 5}, "INFORMATICA SN C/C++": {"medie": 8.141666666666667, "reusita": 100.0, "cnt": 6}, "LIMBA GERMANA": {"medie": 7.490384615384613, "reusita": 84.61538461538461, "cnt": 26}}, "nume": "COLEGIUL NATIONAL BANATEAN TIMISOARA\tTimi\u0219"}