{"specializari": {"MATEMATICA-INFORMATICA": 51, "FILOLOGIE": 30, "STIINTE ALE NATURII": 27, "STIINTE SOCIALE": 1}, "limba_moderna": {"LIMBA ENGLEZA": 109}, "limba_materna": {"LIMBA ROMANA": 109}, "promotie_anterioara": {"NU": 105, "DA": 4}, "materii": {"LIMBA ROMANA": {"medie": 8.357339449541282, "reusita": 100.0, "cnt": 109}, "MATEMATICA MATE-INFO": {"medie": 7.614000000000002, "reusita": 88.23529411764706, "cnt": 51}, "INFORMATICA MI C/C++": {"medie": 8.08448275862069, "reusita": 96.55172413793103, "cnt": 29}, "GENERAL": {"medie": 8.387227414330217, "reusita": 91.74311926605505, "cnt": 109}, "ISTORIE": {"medie": 8.853225806451613, "reusita": 96.7741935483871, "cnt": 31}, "LOGICA, ARGUMENTARE SI COMUNICARE": {"medie": 8.56, "reusita": 100.0, "cnt": 5}, "GEOGRAFIE": {"medie": 8.816666666666666, "reusita": 100.0, "cnt": 9}, "FIZICA TEO": {"medie": 8.55, "reusita": 100.0, "cnt": 1}, "CHIMIE ORGANICA TEO NIVEL I/II": {"medie": 9.058333333333334, "reusita": 100.0, "cnt": 12}, "MATEMATICA ST-NAT": {"medie": 9.06346153846154, "reusita": 96.29629629629629, "cnt": 27}, "SOCIOLOGIE": {"medie": 8.7125, "reusita": 100.0, "cnt": 16}, "ANATOMIE SI FIZIOLOGIE UMANA, GENETICA SI ECOLOGIE UMANA": {"medie": 8.043333333333333, "reusita": 100.0, "cnt": 30}, "CHIMIE ANORGANICA TEO NIVEL I/II": {"medie": 8.1625, "reusita": 100.0, "cnt": 4}, "BIOLOGIE VEGETALA SI ANIMALA": {"medie": 8.75, "reusita": 100.0, "cnt": 1}, "INFORMATICA SN C/C++": {"medie": 7.9, "reusita": 100.0, "cnt": 1}, "FILOSOFIE": {"medie": 8.7, "reusita": 100.0, "cnt": 1}}, "nume": "COLEGIUL NATIONAL \"IANCU DE HUNEDOARA\" HUNEDOARA\tHunedoara"}