{"specializari": {"MATEMATICA-INFORMATICA": 122, "STIINTE ALE NATURII": 31, "FILOLOGIE": 28, "STIINTE SOCIALE": 30, "TEHNICIAN MECANIC PENTRU INTRETINERE SI REPARATII": 1}, "limba_moderna": {"LIMBA ENGLEZA": 196, "LIMBA FRANCEZA": 15, "LIMBA GERMANA MODERNA": 1}, "limba_materna": {"LIMBA ROMANA": 212}, "promotie_anterioara": {"NU": 209, "DA": 3}, "materii": {"LIMBA ROMANA": {"medie": 8.934198113207549, "reusita": 100.0, "cnt": 212}, "MATEMATICA MATE-INFO": {"medie": 9.29710743801653, "reusita": 99.18032786885246, "cnt": 122}, "INFORMATICA MI C/C++": {"medie": 9.408333333333335, "reusita": 100.0, "cnt": 42}, "GENERAL": {"medie": 9.124091627172199, "reusita": 99.05660377358491, "cnt": 212}, "ISTORIE": {"medie": 9.068965517241377, "reusita": 100.0, "cnt": 58}, "LOGICA, ARGUMENTARE SI COMUNICARE": {"medie": 9.02285714285714, "reusita": 100.0, "cnt": 35}, "GEOGRAFIE": {"medie": 9.09090909090909, "reusita": 100.0, "cnt": 11}, "FIZICA TEO": {"medie": 9.297777777777776, "reusita": 100.0, "cnt": 45}, "CHIMIE ORGANICA TEO NIVEL I/II": {"medie": 9.648387096774194, "reusita": 96.875, "cnt": 32}, "MATEMATICA ST-NAT": {"medie": 9.57258064516129, "reusita": 100.0, "cnt": 31}, "PSIHOLOGIE": {"medie": 8.978571428571428, "reusita": 100.0, "cnt": 7}, "ANATOMIE SI FIZIOLOGIE UMANA, GENETICA SI ECOLOGIE UMANA": {"medie": 8.647058823529411, "reusita": 100.0, "cnt": 34}, "BIOLOGIE VEGETALA SI ANIMALA": {"medie": 7.05, "reusita": 100.0, "cnt": 1}, "FILOSOFIE": {"medie": 8.8, "reusita": 100.0, "cnt": 1}, "ECONOMIE": {"medie": 8.2125, "reusita": 100.0, "cnt": 4}, "MATEMATICA TEHN": {"medie": 5.0, "reusita": 100.0, "cnt": 1}}, "nume": "COLEGIUL NATIONAL \"VASILE ALECSANDRI\", LOCALITATEA GALATI\tGala\u021bi"}