{"specializari": {"MATEMATICA-INFORMATICA": 58, "STIINTE SOCIALE": 30, "FILOLOGIE": 32, "STIINTE ALE NATURII": 64}, "limba_moderna": {"LIMBA ENGLEZA": 164, "LIMBA FRANCEZA": 20}, "limba_materna": {"LIMBA ROMANA": 184}, "promotie_anterioara": {"NU": 175, "DA": 9}, "materii": {"LIMBA ROMANA": {"medie": 7.3269021739130435, "reusita": 95.65217391304348, "cnt": 184}, "MATEMATICA MATE-INFO": {"medie": 8.140517241379307, "reusita": 94.82758620689656, "cnt": 58}, "INFORMATICA MI C/C++": {"medie": 8.67, "reusita": 100.0, "cnt": 5}, "GENERAL": {"medie": 7.740934065934068, "reusita": 89.13043478260869, "cnt": 184}, "ISTORIE": {"medie": 8.120161290322581, "reusita": 95.16129032258065, "cnt": 62}, "GEOGRAFIE": {"medie": 8.372641509433961, "reusita": 98.14814814814815, "cnt": 54}, "FIZICA TEO": {"medie": 7.585000000000001, "reusita": 100.0, "cnt": 10}, "CHIMIE ORGANICA TEO NIVEL I/II": {"medie": 9.333333333333334, "reusita": 100.0, "cnt": 3}, "MATEMATICA ST-NAT": {"medie": 6.769531249999998, "reusita": 92.1875, "cnt": 64}, "PSIHOLOGIE": {"medie": 7.514285714285713, "reusita": 100.0, "cnt": 7}, "ANATOMIE SI FIZIOLOGIE UMANA, GENETICA SI ECOLOGIE UMANA": {"medie": 8.093069306930696, "reusita": 97.05882352941177, "cnt": 102}, "CHIMIE ANORGANICA TEO NIVEL I/II": {"medie": 8.524999999999999, "reusita": 100.0, "cnt": 2}, "ECONOMIE": {"medie": 8.35, "reusita": 100.0, "cnt": 1}}, "nume": "COLEGIUL NATIONAL\"GRIGORE MOISIL\" URZICENI\tIalomi\u021ba"}