{"specializari": {"FILOLOGIE": 64, "STIINTE ALE NATURII": 28, "MATEMATICA-INFORMATICA": 60, "LICEU CU PROGRAM SPORTIV": 43}, "limba_moderna": {"LIMBA ENGLEZA": 183, "LIMBA FRANCEZA": 9, "LIMBA GERMANA MODERNA": 3}, "limba_materna": {"LIMBA ROMANA": 195}, "promotie_anterioara": {"NU": 173, "DA": 22}, "materii": {"LIMBA ROMANA": {"medie": 6.702319587628865, "reusita": 93.33333333333333, "cnt": 195}, "MATEMATICA MATE-INFO": {"medie": 6.587499999999999, "reusita": 83.33333333333334, "cnt": 60}, "INFORMATICA MI C/C++": {"medie": 7.031818181818182, "reusita": 90.9090909090909, "cnt": 11}, "GENERAL": {"medie": 7.10938596491228, "reusita": 74.87179487179488, "cnt": 195}, "ISTORIE": {"medie": 7.558878504672902, "reusita": 94.39252336448598, "cnt": 107}, "LOGICA, ARGUMENTARE SI COMUNICARE": {"medie": 7.4766666666666675, "reusita": 84.44444444444444, "cnt": 45}, "CHIMIE ORGANICA TEO NIVEL I/II": {"medie": 9.75, "reusita": 100.0, "cnt": 1}, "MATEMATICA ST-NAT": {"medie": 7.325925925925928, "reusita": 92.85714285714286, "cnt": 28}, "FIZICA TEO": {"medie": 5.675, "reusita": 62.5, "cnt": 8}, "GEOGRAFIE": {"medie": 7.595000000000001, "reusita": 97.5, "cnt": 40}, "PSIHOLOGIE": {"medie": 7.59090909090909, "reusita": 100.0, "cnt": 11}, "ANATOMIE SI FIZIOLOGIE UMANA, GENETICA SI ECOLOGIE UMANA": {"medie": 7.11186440677966, "reusita": 91.80327868852459, "cnt": 61}, "CHIMIE ANORGANICA TEO NIVEL I/II": {"medie": 9.35, "reusita": 100.0, "cnt": 1}, "BIOLOGIE VEGETALA SI ANIMALA": {"medie": 6.7625, "reusita": 66.66666666666666, "cnt": 6}, "SOCIOLOGIE": {"medie": 8.155, "reusita": 100.0, "cnt": 10}, "ECONOMIE": {"medie": 9.8, "reusita": 100.0, "cnt": 1}}, "nume": "COLEGIUL NATIONAL \"AUREL VLAICU\"\tBucure\u0219ti"}