{"specializari": {"MATEMATICA-INFORMATICA": 26, "FILOLOGIE": 32, "STIINTE ALE NATURII": 20, "STIINTE SOCIALE": 31}, "limba_moderna": {"LIMBA ENGLEZA": 109}, "limba_materna": {"LIMBA ROMANA": 109}, "promotie_anterioara": {"NU": 105, "DA": 4}, "materii": {"LIMBA ROMANA": {"medie": 7.163761467889908, "reusita": 90.82568807339449, "cnt": 109}, "MATEMATICA MATE-INFO": {"medie": 7.611538461538462, "reusita": 100.0, "cnt": 26}, "INFORMATICA MI C/C++": {"medie": 7.3357142857142845, "reusita": 90.47619047619048, "cnt": 21}, "GENERAL": {"medie": 7.473547400611618, "reusita": 82.56880733944955, "cnt": 109}, "ISTORIE": {"medie": 6.83968253968254, "reusita": 90.47619047619048, "cnt": 63}, "LOGICA, ARGUMENTARE SI COMUNICARE": {"medie": 7.75, "reusita": 100.0, "cnt": 2}, "GEOGRAFIE": {"medie": 8.385593220338981, "reusita": 100.0, "cnt": 59}, "FIZICA TEO": {"medie": 9.5, "reusita": 100.0, "cnt": 1}, "CHIMIE ORGANICA TEO NIVEL I/II": {"medie": 6.616666666666667, "reusita": 100.0, "cnt": 3}, "MATEMATICA ST-NAT": {"medie": 7.8925, "reusita": 100.0, "cnt": 20}, "PSIHOLOGIE": {"medie": 8.05, "reusita": 100.0, "cnt": 1}, "SOCIOLOGIE": {"medie": 6.0, "reusita": 100.0, "cnt": 1}, "ANATOMIE SI FIZIOLOGIE UMANA, GENETICA SI ECOLOGIE UMANA": {"medie": 7.9375, "reusita": 95.0, "cnt": 20}, "INFORMATICA SN C/C++": {"medie": 9.9, "reusita": 100.0, "cnt": 1}}, "nume": "COLEGIUL NATIONAL \"OCTAVIAN GOGA\" MIERCUREA CIUC\tHarghita"}