{"specializari": {"STIINTE SOCIALE": 34, "MATEMATICA-INFORMATICA": 120, "STIINTE ALE NATURII": 57, "FILOLOGIE": 66}, "limba_moderna": {"LIMBA ENGLEZA": 266, "LIMBA FRANCEZA": 11}, "limba_materna": {"LIMBA ROMANA": 277}, "promotie_anterioara": {"NU": 276, "DA": 1}, "materii": {"LIMBA ROMANA": {"medie": 7.668115942028982, "reusita": 98.91696750902527, "cnt": 277}, "MATEMATICA MATE-INFO": {"medie": 8.19625, "reusita": 97.5, "cnt": 120}, "INFORMATICA MI C/C++": {"medie": 8.786363636363639, "reusita": 100.0, "cnt": 22}, "GENERAL": {"medie": 8.079830917874393, "reusita": 93.50180505415162, "cnt": 277}, "ISTORIE": {"medie": 8.917171717171717, "reusita": 99.0, "cnt": 100}, "LOGICA, ARGUMENTARE SI COMUNICARE": {"medie": 7.85, "reusita": 90.0, "cnt": 10}, "CHIMIE ORGANICA TEO NIVEL I/II": {"medie": 9.05294117647059, "reusita": 100.0, "cnt": 17}, "MATEMATICA ST-NAT": {"medie": 8.105263157894735, "reusita": 100.0, "cnt": 57}, "FIZICA TEO": {"medie": 7.765000000000001, "reusita": 96.66666666666667, "cnt": 30}, "GEOGRAFIE": {"medie": 8.355, "reusita": 100.0, "cnt": 60}, "PSIHOLOGIE": {"medie": 9.25, "reusita": 100.0, "cnt": 1}, "ANATOMIE SI FIZIOLOGIE UMANA, GENETICA SI ECOLOGIE UMANA": {"medie": 7.971226415094339, "reusita": 96.22641509433963, "cnt": 106}, "CHIMIE ANORGANICA TEO NIVEL I/II": {"medie": 6.85, "reusita": 100.0, "cnt": 1}, "BIOLOGIE VEGETALA SI ANIMALA": {"medie": 6.15, "reusita": 100.0, "cnt": 1}, "SOCIOLOGIE": {"medie": 7.792857142857142, "reusita": 89.65517241379311, "cnt": 29}}, "nume": "COLEGIUL NATIONAL \"STEFAN CEL MARE\", ORAS TARGU NEAMT\tNeam\u021b"}