{"specializari": {"STIINTE ALE NATURII": 110, "STIINTE SOCIALE": 34, "MATEMATICA-INFORMATICA": 28}, "limba_moderna": {"LIMBA ENGLEZA": 170, "LIMBA GERMANA MODERNA": 2}, "limba_materna": {"LIMBA ROMANA": 172}, "promotie_anterioara": {"NU": 170, "DA": 2}, "materii": {"LIMBA ROMANA": {"medie": 8.267151162790698, "reusita": 100.0, "cnt": 172}, "MATEMATICA MATE-INFO": {"medie": 7.248214285714286, "reusita": 100.0, "cnt": 28}, "INFORMATICA MI C/C++": {"medie": 7.32, "reusita": 100.0, "cnt": 5}, "GENERAL": {"medie": 8.300682261208578, "reusita": 98.25581395348837, "cnt": 172}, "ISTORIE": {"medie": 8.319117647058823, "reusita": 100.0, "cnt": 34}, "LOGICA, ARGUMENTARE SI COMUNICARE": {"medie": 8.999999999999998, "reusita": 100.0, "cnt": 17}, "GEOGRAFIE": {"medie": 8.766666666666667, "reusita": 100.0, "cnt": 3}, "FIZICA TEO": {"medie": 6.683333333333334, "reusita": 66.66666666666666, "cnt": 3}, "CHIMIE ORGANICA TEO NIVEL I/II": {"medie": 8.475, "reusita": 66.66666666666666, "cnt": 3}, "MATEMATICA ST-NAT": {"medie": 8.23181818181818, "reusita": 100.0, "cnt": 110}, "PSIHOLOGIE": {"medie": 9.0, "reusita": 100.0, "cnt": 1}, "SOCIOLOGIE": {"medie": 8.504166666666668, "reusita": 100.0, "cnt": 12}, "ANATOMIE SI FIZIOLOGIE UMANA, GENETICA SI ECOLOGIE UMANA": {"medie": 8.521428571428569, "reusita": 99.10714285714286, "cnt": 112}, "CHIMIE ANORGANICA TEO NIVEL I/II": {"medie": 9.139999999999999, "reusita": 100.0, "cnt": 5}, "BIOLOGIE VEGETALA SI ANIMALA": {"medie": 8.725, "reusita": 100.0, "cnt": 2}, "INFORMATICA SN C/C++": {"medie": 8.50625, "reusita": 100.0, "cnt": 8}, "FILOSOFIE": {"medie": 7.55, "reusita": 100.0, "cnt": 1}}, "nume": "COLEGIUL DE STIINTE ALE NATURII \"EMIL RACOVITA\" BRASOV\tBra\u0219ov"}