{"specializari": {"FILOLOGIE": 31, "STIINTE ALE NATURII": 11, "MATEMATICA-INFORMATICA": 11}, "limba_moderna": {"LIMBA ENGLEZA": 52, "LIMBA FRANCEZA": 1}, "limba_materna": {"LIMBA ROMANA": 53}, "promotie_anterioara": {"NU": 45, "DA": 8}, "materii": {"LIMBA ROMANA": {"medie": 7.14056603773585, "reusita": 98.11320754716981, "cnt": 53}, "MATEMATICA MATE-INFO": {"medie": 5.66, "reusita": 81.81818181818183, "cnt": 11}, "INFORMATICA MI C/C++": {"medie": 6.660000000000001, "reusita": 100.0, "cnt": 5}, "GENERAL": {"medie": 7.351307189542483, "reusita": 81.13207547169812, "cnt": 53}, "ISTORIE": {"medie": 7.458064516129034, "reusita": 100.0, "cnt": 31}, "LOGICA, ARGUMENTARE SI COMUNICARE": {"medie": 8.807142857142857, "reusita": 100.0, "cnt": 21}, "MATEMATICA ST-NAT": {"medie": 6.04, "reusita": 81.81818181818183, "cnt": 11}, "GEOGRAFIE": {"medie": 8.2, "reusita": 100.0, "cnt": 10}, "ANATOMIE SI FIZIOLOGIE UMANA, GENETICA SI ECOLOGIE UMANA": {"medie": 7.565625, "reusita": 100.0, "cnt": 16}, "BIOLOGIE VEGETALA SI ANIMALA": {"medie": 5.8, "reusita": 100.0, "cnt": 1}}, "nume": "COLEGIUL NATIONAL \"MIRCEA ELIADE\" RESITA\tCara\u0219-Severin"}