{"specializari": {"STIINTE ALE NATURII": 60, "MATEMATICA-INFORMATICA": 34, "FILOLOGIE": 33, "TEHNICIAN IN ADMINISTRATIE": 23, "TEHNICIAN OPERATOR TEHNICA DE CALCUL": 15, "TEHNICIAN MECANIC PENTRU INTRETINERE SI REPARATII": 1}, "limba_moderna": {"LIMBA ENGLEZA": 165, "LIMBA FRANCEZA": 1}, "limba_materna": {"LIMBA ROMANA": 146, "LIMBA MAGHIARA": 20}, "promotie_anterioara": {"NU": 150, "DA": 16}, "materii": {"LIMBA ROMANA": {"medie": 6.128658536585368, "reusita": 84.33734939759037, "cnt": 166}, "MATEMATICA MATE-INFO": {"medie": 6.082352941176471, "reusita": 85.29411764705883, "cnt": 34}, "INFORMATICA MI C/C++": {"medie": 7.130769230769232, "reusita": 100.0, "cnt": 13}, "GENERAL": {"medie": 6.596983640081795, "reusita": 65.66265060240963, "cnt": 166}, "ISTORIE": {"medie": 6.353030303030303, "reusita": 93.93939393939394, "cnt": 33}, "LOGICA, ARGUMENTARE SI COMUNICARE": {"medie": 7.733333333333334, "reusita": 100.0, "cnt": 6}, "CHIMIE ORGANICA TEO NIVEL I/II": {"medie": 7.921428571428572, "reusita": 100.0, "cnt": 7}, "MATEMATICA ST-NAT": {"medie": 6.9825, "reusita": 91.66666666666666, "cnt": 60}, "FIZICA TEO": {"medie": 6.1, "reusita": 100.0, "cnt": 1}, "GEOGRAFIE": {"medie": 7.197916666666667, "reusita": 91.83673469387756, "cnt": 49}, "PSIHOLOGIE": {"medie": 7.3, "reusita": 100.0, "cnt": 1}, "ANATOMIE SI FIZIOLOGIE UMANA, GENETICA SI ECOLOGIE UMANA": {"medie": 7.159285714285714, "reusita": 95.71428571428572, "cnt": 70}, "BIOLOGIE VEGETALA SI ANIMALA": {"medie": 4.902941176470588, "reusita": 36.84210526315789, "cnt": 19}, "MATEMATICA TEHN": {"medie": 6.347297297297299, "reusita": 84.61538461538461, "cnt": 39}, "LIMBA MAGHIARA (REAL)": {"medie": 8.009999999999996, "reusita": 100.0, "cnt": 20}}, "nume": "COLEGIUL \"PETRU MAIOR\" REGHIN\tMure\u0219"}