{"specializari": {"MATEMATICA-INFORMATICA": 87, "STIINTE SOCIALE": 30, "STIINTE ALE NATURII": 30, "FILOLOGIE": 30}, "limba_moderna": {"LIMBA ENGLEZA": 160, "LIMBA FRANCEZA": 14, "LIMBA GERMANA MODERNA": 3}, "limba_materna": {"LIMBA ROMANA": 177}, "promotie_anterioara": {"NU": 176, "DA": 1}, "materii": {"LIMBA ROMANA": {"medie": 8.354802259887004, "reusita": 100.0, "cnt": 177}, "MATEMATICA MATE-INFO": {"medie": 8.875862068965514, "reusita": 100.0, "cnt": 87}, "INFORMATICA MI C/C++": {"medie": 8.798837209302325, "reusita": 100.0, "cnt": 43}, "GENERAL": {"medie": 8.735969868173255, "reusita": 100.0, "cnt": 177}, "ISTORIE": {"medie": 8.633333333333335, "reusita": 100.0, "cnt": 60}, "LOGICA, ARGUMENTARE SI COMUNICARE": {"medie": 9.256521739130434, "reusita": 100.0, "cnt": 46}, "GEOGRAFIE": {"medie": 9.355555555555554, "reusita": 100.0, "cnt": 9}, "FIZICA TEO": {"medie": 9.041111111111112, "reusita": 100.0, "cnt": 45}, "CHIMIE ORGANICA TEO NIVEL I/II": {"medie": 9.725, "reusita": 100.0, "cnt": 6}, "MATEMATICA ST-NAT": {"medie": 9.315000000000001, "reusita": 100.0, "cnt": 30}, "PSIHOLOGIE": {"medie": 9.2, "reusita": 100.0, "cnt": 2}, "SOCIOLOGIE": {"medie": 8.283333333333333, "reusita": 100.0, "cnt": 3}, "ANATOMIE SI FIZIOLOGIE UMANA, GENETICA SI ECOLOGIE UMANA": {"medie": 8.452272727272726, "reusita": 100.0, "cnt": 22}, "CHIMIE ANORGANICA TEO NIVEL I/II": {"medie": 7.6, "reusita": 100.0, "cnt": 1}}, "nume": "COLEGIUL NATIONAL \"MIHAIL KOGALNICEANU\", LOCALITATEA GALATI\tGala\u021bi"}