{"specializari": {"TEHNICIAN IN ACTIVITATI ECONOMICE": 25, "TEHNICIAN MECATRONIST": 18, "TEHNICIAN OPERATOR TEHNICA DE CALCUL": 8, "TEHNICIAN TRANSPORTURI": 4, "TEHNICIAN PROIECTANT CAD": 1, "TEHNICIAN IN ADMINISTRATIE": 1, "TEHNICIAN ELECTRICIAN/ELECTRONIST AUTO": 2}, "limba_moderna": {"LIMBA ENGLEZA": 59}, "limba_materna": {"LIMBA ROMANA": 59}, "promotie_anterioara": {"NU": 39, "DA": 20}, "materii": {"LIMBA ROMANA": {"medie": 5.890909090909091, "reusita": 76.27118644067797, "cnt": 59}, "GENERAL": {"medie": 6.141843971631204, "reusita": 42.3728813559322, "cnt": 59}, "LOGICA, ARGUMENTARE SI COMUNICARE": {"medie": 9.15, "reusita": 100.0, "cnt": 1}, "GEOGRAFIE": {"medie": 7.134090909090909, "reusita": 95.45454545454545, "cnt": 22}, "PSIHOLOGIE": {"medie": 6.983333333333333, "reusita": 100.0, "cnt": 3}, "BIOLOGIE VEGETALA SI ANIMALA": {"medie": 5.273684210526315, "reusita": 40.74074074074074, "cnt": 27}, "MATEMATICA TEHN": {"medie": 5.809803921568627, "reusita": 66.10169491525424, "cnt": 59}, "FIZICA TEH": {"medie": 6.709999999999999, "reusita": 83.33333333333334, "cnt": 6}}, "nume": "COLEGIUL TEHNIC TURDA\tCluj"}