{"specializari": {"TEHNICIAN IN ACTIVITATI DE COMERT": 24, "TEHNICIAN ANALIZE PRODUSE ALIMENTARE": 17, "TEHNICIAN IN ACTIVITATI ECONOMICE": 49, "TEHNICIAN IN TURISM": 24, "TEHNICIAN IN GASTRONOMIE": 27, "TEHNICIAN IN ADMINISTRATIE": 30, "TEHNICIAN IN INDUSTRIA ALIMENTARA": 3}, "limba_moderna": {"LIMBA ENGLEZA": 168, "LIMBA FRANCEZA": 6}, "limba_materna": {"LIMBA ROMANA": 174}, "promotie_anterioara": {"NU": 154, "DA": 20}, "materii": {"LIMBA ROMANA": {"medie": 7.335838150289017, "reusita": 97.70114942528735, "cnt": 174}, "GENERAL": {"medie": 6.969476744186044, "reusita": 78.73563218390804, "cnt": 174}, "LOGICA, ARGUMENTARE SI COMUNICARE": {"medie": 7.317857142857143, "reusita": 92.85714285714286, "cnt": 14}, "GEOGRAFIE": {"medie": 7.0283582089552255, "reusita": 95.52238805970148, "cnt": 134}, "PSIHOLOGIE": {"medie": 8.1, "reusita": 100.0, "cnt": 2}, "ANATOMIE SI FIZIOLOGIE UMANA, GENETICA SI ECOLOGIE UMANA": {"medie": 6.560526315789475, "reusita": 94.73684210526315, "cnt": 19}, "ECONOMIE": {"medie": 6.5625, "reusita": 75.0, "cnt": 4}, "MATEMATICA TEHN": {"medie": 6.522383720930232, "reusita": 85.0574712643678, "cnt": 174}, "CHIMIE ANORGANICA TEH NIVEL I/II": {"medie": 7.65, "reusita": 100.0, "cnt": 1}}, "nume": "COLEGIUL ECONOMIC, MUN. RM. VALCEA\tV\u00e2lcea"}