{"specializari": {"MATEMATICA-INFORMATICA": 120}, "limba_moderna": {"LIMBA ENGLEZA": 83, "LIMBA FRANCEZA": 37}, "limba_materna": {"LIMBA ROMANA": 120}, "promotie_anterioara": {"NU": 120}, "materii": {"LIMBA ROMANA": {"medie": 8.5025, "reusita": 100.0, "cnt": 120}, "MATEMATICA MATE-INFO": {"medie": 8.858333333333333, "reusita": 100.0, "cnt": 120}, "INFORMATICA MI C/C++": {"medie": 8.134444444444446, "reusita": 100.0, "cnt": 45}, "GENERAL": {"medie": 8.69319444444444, "reusita": 100.0, "cnt": 120}, "FIZICA TEO": {"medie": 9.168571428571427, "reusita": 100.0, "cnt": 35}, "CHIMIE ORGANICA TEO NIVEL I/II": {"medie": 9.533333333333333, "reusita": 100.0, "cnt": 3}, "BIOLOGIE VEGETALA SI ANIMALA": {"medie": 8.937837837837838, "reusita": 100.0, "cnt": 37}}, "nume": "COLEGIUL NATIONAL MILITAR \"TUDOR VLADIMIRESCU\" CRAIOVA\tDolj"}