{"specializari": {"TEHNICIAN IN TURISM": 23, "TEHNICIAN IN INDUSTRIA ALIMENTARA": 15, "TEHNICIAN ECOLOG SI PROTECTIA CALITATII MEDIULUI": 29, "TEHNICIAN ANALIZE PRODUSE ALIMENTARE": 27, "TEHNICIAN MECATRONIST": 12, "TEHNICIAN IN AUTOMATIZARI": 5}, "limba_moderna": {"LIMBA ENGLEZA": 108, "LIMBA FRANCEZA": 3}, "limba_materna": {"LIMBA ROMANA": 111}, "promotie_anterioara": {"NU": 82, "DA": 29}, "materii": {"LIMBA ROMANA": {"medie": 6.1, "reusita": 93.69369369369369, "cnt": 111}, "GENERAL": {"medie": 6.217138364779874, "reusita": 62.16216216216216, "cnt": 111}, "LOGICA, ARGUMENTARE SI COMUNICARE": {"medie": 6.925, "reusita": 100.0, "cnt": 4}, "GEOGRAFIE": {"medie": 7.918421052631579, "reusita": 94.73684210526315, "cnt": 19}, "ANATOMIE SI FIZIOLOGIE UMANA, GENETICA SI ECOLOGIE UMANA": {"medie": 5.71159420289855, "reusita": 78.87323943661971, "cnt": 71}, "BIOLOGIE VEGETALA SI ANIMALA": {"medie": 4.2375, "reusita": 44.44444444444444, "cnt": 9}, "MATEMATICA TEHN": {"medie": 6.44811320754717, "reusita": 86.48648648648648, "cnt": 111}, "FIZICA TEH": {"medie": 5.385714285714286, "reusita": 62.5, "cnt": 8}}, "nume": "COLEGIUL TEHNIC DE INDUSTRIE ALIMENTARA SUCEAVA\tSuceava"}