{"specializari": {"TEHNICIAN IN ACTIVITATI ECONOMICE": 32, "MATEMATICA-INFORMATICA": 27, "TEHNICIAN IN TURISM": 23, "TEHNICIAN ECOLOG SI PROTECTIA CALITATII MEDIULUI": 17, "TEHNICIAN IN AUTOMATIZARI": 23}, "limba_moderna": {"LIMBA GERMANA MODERNA": 11, "LIMBA ENGLEZA": 111}, "limba_materna": {"LIMBA ROMANA": 122}, "promotie_anterioara": {"NU": 114, "DA": 8}, "materii": {"LIMBA ROMANA": {"medie": 6.993333333333334, "reusita": 92.62295081967213, "cnt": 122}, "MATEMATICA MATE-INFO": {"medie": 8.974074074074073, "reusita": 100.0, "cnt": 27}, "INFORMATICA MI C/C++": {"medie": 8.695238095238098, "reusita": 100.0, "cnt": 21}, "GENERAL": {"medie": 7.48597222222222, "reusita": 77.04918032786885, "cnt": 122}, "FIZICA TEO": {"medie": 8.274999999999999, "reusita": 100.0, "cnt": 2}, "GEOGRAFIE": {"medie": 8.743636363636364, "reusita": 100.0, "cnt": 55}, "ANATOMIE SI FIZIOLOGIE UMANA, GENETICA SI ECOLOGIE UMANA": {"medie": 5.930555555555555, "reusita": 72.22222222222221, "cnt": 18}, "BIOLOGIE VEGETALA SI ANIMALA": {"medie": 5.09736842105263, "reusita": 61.904761904761905, "cnt": 21}, "MATEMATICA TEHN": {"medie": 7.538829787234041, "reusita": 93.6842105263158, "cnt": 95}, "FIZICA TEH": {"medie": 5.2299999999999995, "reusita": 40.0, "cnt": 5}}, "nume": "COLEGIUL \"SCOALA NATIONALA DE GAZ\" MEDIAS\tSibiu"}