{"specializari": {"MATEMATICA-INFORMATICA": 117, "FILOLOGIE": 60}, "limba_moderna": {"LIMBA ENGLEZA": 174, "LIMBA FRANCEZA": 2, "LIMBA GERMANA MODERNA": 1}, "limba_materna": {"LIMBA ROMANA": 177}, "promotie_anterioara": {"NU": 176, "DA": 1}, "materii": {"LIMBA ROMANA": {"medie": 8.258474576271185, "reusita": 100.0, "cnt": 177}, "MATEMATICA MATE-INFO": {"medie": 8.77863247863248, "reusita": 99.14529914529915, "cnt": 117}, "INFORMATICA MI C/C++": {"medie": 8.668604651162793, "reusita": 100.0, "cnt": 43}, "GENERAL": {"medie": 8.57900188323917, "reusita": 98.87005649717514, "cnt": 177}, "ISTORIE": {"medie": 8.365, "reusita": 100.0, "cnt": 60}, "LOGICA, ARGUMENTARE SI COMUNICARE": {"medie": 9.4, "reusita": 100.0, "cnt": 10}, "GEOGRAFIE": {"medie": 8.896052631578948, "reusita": 100.0, "cnt": 38}, "FIZICA TEO": {"medie": 9.232, "reusita": 100.0, "cnt": 25}, "CHIMIE ORGANICA TEO NIVEL I/II": {"medie": 9.372727272727273, "reusita": 100.0, "cnt": 11}, "PSIHOLOGIE": {"medie": 8.771428571428572, "reusita": 100.0, "cnt": 7}, "SOCIOLOGIE": {"medie": 8.625, "reusita": 100.0, "cnt": 2}, "ANATOMIE SI FIZIOLOGIE UMANA, GENETICA SI ECOLOGIE UMANA": {"medie": 8.61969696969697, "reusita": 100.0, "cnt": 33}, "CHIMIE ANORGANICA TEO NIVEL I/II": {"medie": 7.24, "reusita": 100.0, "cnt": 5}, "FILOSOFIE": {"medie": 10.0, "reusita": 100.0, "cnt": 1}, "ECONOMIE": {"medie": 8.35, "reusita": 100.0, "cnt": 2}}, "nume": "COLEGIUL NATIONAL \"CONSTANTIN CARABELLA\" TARGOVISTE\tD\u00e2mbovi\u021ba"}