{"specializari": {"FILOLOGIE": 53, "STIINTE ALE NATURII": 28, "STIINTE SOCIALE": 29, "MATEMATICA-INFORMATICA": 102}, "limba_moderna": {"LIMBA FRANCEZA": 26, "LIMBA ENGLEZA": 186}, "limba_materna": {"LIMBA ROMANA": 212}, "promotie_anterioara": {"NU": 212}, "materii": {"LIMBA ROMANA": {"medie": 8.314386792452831, "reusita": 100.0, "cnt": 212}, "MATEMATICA MATE-INFO": {"medie": 8.57990196078431, "reusita": 100.0, "cnt": 102}, "INFORMATICA MI C/C++": {"medie": 8.220454545454544, "reusita": 100.0, "cnt": 44}, "GENERAL": {"medie": 8.368474842767293, "reusita": 94.81132075471697, "cnt": 212}, "ISTORIE": {"medie": 8.09207317073171, "reusita": 96.34146341463415, "cnt": 82}, "LOGICA, ARGUMENTARE SI COMUNICARE": {"medie": 9.19824561403509, "reusita": 100.0, "cnt": 57}, "CHIMIE ORGANICA TEO NIVEL I/II": {"medie": 9.466666666666667, "reusita": 100.0, "cnt": 6}, "MATEMATICA ST-NAT": {"medie": 8.473214285714286, "reusita": 96.42857142857143, "cnt": 28}, "FIZICA TEO": {"medie": 7.8571428571428585, "reusita": 100.0, "cnt": 14}, "GEOGRAFIE": {"medie": 8.05, "reusita": 95.45454545454545, "cnt": 22}, "ANATOMIE SI FIZIOLOGIE UMANA, GENETICA SI ECOLOGIE UMANA": {"medie": 7.977049180327869, "reusita": 98.36065573770492, "cnt": 61}, "CHIMIE ANORGANICA TEO NIVEL I/II": {"medie": 8.190000000000001, "reusita": 100.0, "cnt": 5}, "SOCIOLOGIE": {"medie": 9.3, "reusita": 100.0, "cnt": 1}, "ECONOMIE": {"medie": 8.5, "reusita": 100.0, "cnt": 2}}, "nume": "COLEGIUL NATIONAL \"A.T.LAURIAN\" BOTOSANI\tBoto\u0219ani"}