{"specializari": {"MATEMATICA-INFORMATICA": 56, "STIINTE SOCIALE": 39, "FILOLOGIE": 36, "STIINTE ALE NATURII": 54, "TEHNICIAN IN ACTIVITATI ECONOMICE": 32, "TEHNICIAN IN TURISM": 26, "TEHNICIAN IN GASTRONOMIE": 24, "TEHNICIAN IN AUTOMATIZARI": 19, "TEHNICIAN IN CONSTRUCTII SI LUCRARI PUBLICE": 7, "TEHNICIAN DESIGNER VESTIMENTAR": 1, "TEHNICIAN IN ADMINISTRATIE": 3}, "limba_moderna": {"LIMBA ENGLEZA": 242, "LIMBA FRANCEZA": 55}, "limba_materna": {"LIMBA ROMANA": 297}, "promotie_anterioara": {"NU": 251, "DA": 46}, "materii": {"LIMBA ROMANA": {"medie": 6.884129692832761, "reusita": 90.57239057239057, "cnt": 297}, "MATEMATICA MATE-INFO": {"medie": 7.849107142857143, "reusita": 98.21428571428571, "cnt": 56}, "INFORMATICA MI C/C++": {"medie": 8.82857142857143, "reusita": 100.0, "cnt": 7}, "GENERAL": {"medie": 6.93137254901961, "reusita": 69.6969696969697, "cnt": 297}, "ISTORIE": {"medie": 7.047999999999999, "reusita": 96.0, "cnt": 75}, "LOGICA, ARGUMENTARE SI COMUNICARE": {"medie": 7.943636363636363, "reusita": 91.07142857142857, "cnt": 56}, "GEOGRAFIE": {"medie": 7.058000000000001, "reusita": 91.0891089108911, "cnt": 101}, "CHIMIE ORGANICA TEO NIVEL I/II": {"medie": 9.0, "reusita": 100.0, "cnt": 2}, "MATEMATICA ST-NAT": {"medie": 7.169444444444444, "reusita": 90.74074074074075, "cnt": 54}, "SOCIOLOGIE": {"medie": 3.875, "reusita": 50.0, "cnt": 2}, "ANATOMIE SI FIZIOLOGIE UMANA, GENETICA SI ECOLOGIE UMANA": {"medie": 7.698989898989896, "reusita": 97.97979797979798, "cnt": 99}, "BIOLOGIE VEGETALA SI ANIMALA": {"medie": 4.539583333333334, "reusita": 38.46153846153847, "cnt": 26}, "INFORMATICA SN C/C++": {"medie": 7.35, "reusita": 100.0, "cnt": 2}, "FILOSOFIE": {"medie": 9.0, "reusita": 100.0, "cnt": 1}, "MATEMATICA TEHN": {"medie": 5.258490566037738, "reusita": 64.28571428571429, "cnt": 112}, "FIZICA TEH": {"medie": "-", "reusita": 0.0, "cnt": 1}}, "nume": "COLEGIUL \"ALEXANDRU CEL BUN\" GURA HUMORULUI\tSuceava"}