{"specializari": {"FILOLOGIE": 68, "STIINTE SOCIALE": 36, "MATEMATICA-INFORMATICA": 101, "STIINTE ALE NATURII": 38}, "limba_moderna": {"LIMBA ENGLEZA": 231, "LIMBA ITALIANA": 12}, "limba_materna": {"LIMBA ROMANA": 243}, "promotie_anterioara": {"NU": 239, "DA": 4}, "materii": {"LIMBA ROMANA": {"medie": 7.645061728395058, "reusita": 98.35390946502058, "cnt": 243}, "MATEMATICA MATE-INFO": {"medie": 8.022772277227721, "reusita": 97.02970297029702, "cnt": 101}, "INFORMATICA MI C/C++": {"medie": 8.264634146341464, "reusita": 100.0, "cnt": 41}, "GENERAL": {"medie": 8.04469696969697, "reusita": 94.23868312757202, "cnt": 243}, "ISTORIE": {"medie": 8.417788461538462, "reusita": 98.07692307692307, "cnt": 104}, "LOGICA, ARGUMENTARE SI COMUNICARE": {"medie": 8.677906976744184, "reusita": 97.67441860465115, "cnt": 43}, "CHIMIE ORGANICA TEO NIVEL I/II": {"medie": 8.722727272727273, "reusita": 100.0, "cnt": 11}, "MATEMATICA ST-NAT": {"medie": 8.13815789473684, "reusita": 94.73684210526315, "cnt": 38}, "FIZICA TEO": {"medie": 8.155263157894737, "reusita": 100.0, "cnt": 19}, "GEOGRAFIE": {"medie": 8.722727272727274, "reusita": 100.0, "cnt": 44}, "PSIHOLOGIE": {"medie": 7.7250000000000005, "reusita": 100.0, "cnt": 6}, "ANATOMIE SI FIZIOLOGIE UMANA, GENETICA SI ECOLOGIE UMANA": {"medie": 7.832307692307694, "reusita": 93.93939393939394, "cnt": 66}, "BIOLOGIE VEGETALA SI ANIMALA": {"medie": 8.05, "reusita": 100.0, "cnt": 2}, "SOCIOLOGIE": {"medie": 7.25, "reusita": 90.9090909090909, "cnt": 11}}, "nume": "COLEGIUL NATIONAL \"ION NECULCE\"\tBucure\u0219ti"}