{"specializari": {"FILOLOGIE": 105, "INVATATOR - EDUCATOARE": 30, "STIINTE SOCIALE": 38, "STIINTE ALE NATURII": 32, "MATEMATICA-INFORMATICA": 58}, "limba_moderna": {"LIMBA FRANCEZA": 43, "LIMBA ENGLEZA": 220}, "limba_materna": {"LIMBA ROMANA": 263}, "promotie_anterioara": {"NU": 259, "DA": 4}, "materii": {"LIMBA ROMANA": {"medie": 7.841221374045803, "reusita": 98.85931558935361, "cnt": 263}, "MATEMATICA MATE-INFO": {"medie": 7.024137931034485, "reusita": 94.82758620689656, "cnt": 58}, "INFORMATICA MI C/C++": {"medie": 7.442307692307692, "reusita": 100.0, "cnt": 13}, "GENERAL": {"medie": 8.100766283524907, "reusita": 94.67680608365019, "cnt": 263}, "ISTORIE": {"medie": 8.25104895104895, "reusita": 98.6013986013986, "cnt": 143}, "LOGICA, ARGUMENTARE SI COMUNICARE": {"medie": 9.33, "reusita": 95.23809523809523, "cnt": 21}, "GEOGRAFIE": {"medie": 8.889259259259259, "reusita": 100.0, "cnt": 135}, "FIZICA TEO": {"medie": 9.1, "reusita": 100.0, "cnt": 2}, "MATEMATICA ST-NAT": {"medie": 7.306250000000001, "reusita": 100.0, "cnt": 32}, "PSIHOLOGIE": {"medie": 8.764285714285714, "reusita": 100.0, "cnt": 7}, "SOCIOLOGIE": {"medie": 9.18, "reusita": 100.0, "cnt": 10}, "ANATOMIE SI FIZIOLOGIE UMANA, GENETICA SI ECOLOGIE UMANA": {"medie": 7.504729729729733, "reusita": 98.64864864864865, "cnt": 74}, "MATEMATICA PED": {"medie": 9.123333333333333, "reusita": 100.0, "cnt": 30}, "INFORMATICA SN C/C++": {"medie": 9.0, "reusita": 100.0, "cnt": 1}}, "nume": "COLEGIUL NATIONAL \"SPIRU HARET\" TARGU JIU\tGorj"}