{"specializari": {"FILOLOGIE": 61, "INVATATOR - EDUCATOARE": 58, "MATEMATICA-INFORMATICA": 60}, "limba_moderna": {"LIMBA ENGLEZA": 178, "LIMBA FRANCEZA": 1}, "limba_materna": {"LIMBA ROMANA": 179}, "promotie_anterioara": {"NU": 177, "DA": 2}, "materii": {"LIMBA ROMANA": {"medie": 8.46815642458101, "reusita": 100.0, "cnt": 179}, "MATEMATICA MATE-INFO": {"medie": 8.455000000000002, "reusita": 98.33333333333333, "cnt": 60}, "INFORMATICA MI C/C++": {"medie": 8.866666666666667, "reusita": 100.0, "cnt": 30}, "GENERAL": {"medie": 8.57178770949721, "reusita": 97.76536312849163, "cnt": 179}, "ISTORIE": {"medie": 8.394262295081969, "reusita": 98.36065573770492, "cnt": 61}, "LOGICA, ARGUMENTARE SI COMUNICARE": {"medie": 8.541304347826085, "reusita": 100.0, "cnt": 46}, "CHIMIE ORGANICA TEO NIVEL I/II": {"medie": 9.1, "reusita": 100.0, "cnt": 2}, "FIZICA TEO": {"medie": 7.828571428571429, "reusita": 100.0, "cnt": 7}, "GEOGRAFIE": {"medie": 8.862264150943398, "reusita": 100.0, "cnt": 53}, "PSIHOLOGIE": {"medie": 8.676666666666668, "reusita": 100.0, "cnt": 15}, "ANATOMIE SI FIZIOLOGIE UMANA, GENETICA SI ECOLOGIE UMANA": {"medie": 8.21923076923077, "reusita": 100.0, "cnt": 13}, "CHIMIE ANORGANICA TEO NIVEL I/II": {"medie": 6.4, "reusita": 100.0, "cnt": 1}, "BIOLOGIE VEGETALA SI ANIMALA": {"medie": 9.128571428571428, "reusita": 100.0, "cnt": 7}, "SOCIOLOGIE": {"medie": 8.0, "reusita": 100.0, "cnt": 3}, "MATEMATICA PED": {"medie": 9.008620689655174, "reusita": 100.0, "cnt": 58}, "FILOSOFIE": {"medie": 7.8, "reusita": 100.0, "cnt": 1}, "ECONOMIE": {"medie": 4.7, "reusita": 0.0, "cnt": 1}}, "nume": "COLEGIUL NATIONAL \"ELENA CUZA\"\tBucure\u0219ti"}