{"specializari": {"MATEMATICA-INFORMATICA": 187}, "limba_moderna": {"LIMBA ENGLEZA": 185, "LIMBA GERMANA MODERNA": 1, "LIMBA FRANCEZA": 1}, "limba_materna": {"LIMBA ROMANA": 187}, "promotie_anterioara": {"NU": 183, "DA": 4}, "materii": {"LIMBA ROMANA": {"medie": 7.9692513368983935, "reusita": 100.0, "cnt": 187}, "MATEMATICA MATE-INFO": {"medie": 8.26497326203208, "reusita": 97.86096256684492, "cnt": 187}, "INFORMATICA MI C/C++": {"medie": 8.330729166666668, "reusita": 96.875, "cnt": 96}, "GENERAL": {"medie": 8.150802139037426, "reusita": 94.11764705882352, "cnt": 187}, "CHIMIE ORGANICA TEO NIVEL I/II": {"medie": 9.216666666666667, "reusita": 100.0, "cnt": 6}, "FIZICA TEO": {"medie": 8.205, "reusita": 96.66666666666667, "cnt": 30}, "ANATOMIE SI FIZIOLOGIE UMANA, GENETICA SI ECOLOGIE UMANA": {"medie": 7.919999999999999, "reusita": 96.36363636363636, "cnt": 55}}, "nume": "COLEGIUL NATIONAL DE INFORMATICA, MUNICIPIUL PIATRA-NEAMT\tNeam\u021b"}