{"specializari": {"MATEMATICA-INFORMATICA": 93, "STIINTE SOCIALE": 30, "STIINTE ALE NATURII": 30, "FILOLOGIE": 31}, "limba_moderna": {"LIMBA ENGLEZA": 184}, "limba_materna": {"LIMBA ROMANA": 184}, "promotie_anterioara": {"NU": 180, "DA": 4}, "materii": {"LIMBA ROMANA": {"medie": 8.04809782608696, "reusita": 100.0, "cnt": 184}, "MATEMATICA MATE-INFO": {"medie": 8.260869565217387, "reusita": 98.9247311827957, "cnt": 93}, "INFORMATICA MI C/C++": {"medie": 8.701111111111116, "reusita": 100.0, "cnt": 45}, "GENERAL": {"medie": 8.275227686703099, "reusita": 95.1086956521739, "cnt": 184}, "ISTORIE": {"medie": 8.06065573770492, "reusita": 95.08196721311475, "cnt": 61}, "LOGICA, ARGUMENTARE SI COMUNICARE": {"medie": 8.347222222222221, "reusita": 94.44444444444444, "cnt": 18}, "CHIMIE ORGANICA TEO NIVEL I/II": {"medie": 9.559999999999999, "reusita": 100.0, "cnt": 5}, "MATEMATICA ST-NAT": {"medie": 8.598333333333333, "reusita": 96.66666666666667, "cnt": 30}, "FIZICA TEO": {"medie": 9.145833333333334, "reusita": 100.0, "cnt": 12}, "GEOGRAFIE": {"medie": 8.597560975609758, "reusita": 100.0, "cnt": 41}, "PSIHOLOGIE": {"medie": 7.3, "reusita": 100.0, "cnt": 1}, "ANATOMIE SI FIZIOLOGIE UMANA, GENETICA SI ECOLOGIE UMANA": {"medie": 8.231666666666666, "reusita": 98.36065573770492, "cnt": 61}, "SOCIOLOGIE": {"medie": 7.75, "reusita": 100.0, "cnt": 1}}, "nume": "COLEGIUL NATIONAL \"SPIRU HARET\", LOCALITATEA TECUCI\tGala\u021bi"}