{"specializari": {"MATEMATICA-INFORMATICA": 88, "STIINTE SOCIALE": 60, "FILOLOGIE": 61, "STIINTE ALE NATURII": 26}, "limba_moderna": {"LIMBA ENGLEZA": 224, "LIMBA FRANCEZA": 11}, "limba_materna": {"LIMBA ROMANA": 235}, "promotie_anterioara": {"NU": 233, "DA": 2}, "materii": {"LIMBA ROMANA": {"medie": 8.307446808510637, "reusita": 100.0, "cnt": 235}, "MATEMATICA MATE-INFO": {"medie": 8.444886363636364, "reusita": 98.86363636363636, "cnt": 88}, "INFORMATICA MI C/C++": {"medie": 8.318333333333333, "reusita": 100.0, "cnt": 30}, "GENERAL": {"medie": 8.415106382978719, "reusita": 97.87234042553192, "cnt": 235}, "ISTORIE": {"medie": 8.573966942148761, "reusita": 100.0, "cnt": 121}, "LOGICA, ARGUMENTARE SI COMUNICARE": {"medie": 8.314285714285715, "reusita": 96.42857142857143, "cnt": 56}, "GEOGRAFIE": {"medie": 8.77631578947368, "reusita": 100.0, "cnt": 57}, "FIZICA TEO": {"medie": 10.0, "reusita": 100.0, "cnt": 1}, "CHIMIE ORGANICA TEO NIVEL I/II": {"medie": 9.216666666666667, "reusita": 100.0, "cnt": 9}, "MATEMATICA ST-NAT": {"medie": 8.411538461538463, "reusita": 100.0, "cnt": 26}, "PSIHOLOGIE": {"medie": 8.837499999999999, "reusita": 100.0, "cnt": 4}, "SOCIOLOGIE": {"medie": 8.575, "reusita": 100.0, "cnt": 4}, "ANATOMIE SI FIZIOLOGIE UMANA, GENETICA SI ECOLOGIE UMANA": {"medie": 8.049999999999999, "reusita": 96.96969696969697, "cnt": 66}, "CHIMIE ANORGANICA TEO NIVEL I/II": {"medie": 9.0, "reusita": 100.0, "cnt": 4}, "BIOLOGIE VEGETALA SI ANIMALA": {"medie": 8.95, "reusita": 100.0, "cnt": 4}}, "nume": "COLEGIUL NATIONAL \"NICU GANE\" FALTICENI\tSuceava"}