{"specializari": {"FILOLOGIE": 35, "MATEMATICA-INFORMATICA": 28, "TEHNICIAN IN INSTALATII ELECTRICE": 29, "TEHNICIAN ECOLOG SI PROTECTIA CALITATII MEDIULUI": 33, "TEHNICIAN MECATRONIST": 21, "TEHNICIAN ELECTROMECANIC": 15, "TEHNICIAN MECANIC PENTRU INTRETINERE SI REPARATII": 1, "STIINTE SOCIALE": 1}, "limba_moderna": {"LIMBA ENGLEZA": 155, "LIMBA FRANCEZA": 6, "LIMBA SPANIOLA": 2}, "limba_materna": {"LIMBA ROMANA": 163}, "promotie_anterioara": {"NU": 134, "DA": 29}, "materii": {"LIMBA ROMANA": {"medie": 6.656562499999997, "reusita": 92.63803680981594, "cnt": 163}, "MATEMATICA MATE-INFO": {"medie": 6.9160714285714295, "reusita": 100.0, "cnt": 28}, "INFORMATICA MI C/C++": {"medie": 7.0200000000000005, "reusita": 80.0, "cnt": 5}, "GENERAL": {"medie": 6.451948051948052, "reusita": 57.668711656441715, "cnt": 163}, "ISTORIE": {"medie": 7.195833333333334, "reusita": 97.22222222222221, "cnt": 36}, "LOGICA, ARGUMENTARE SI COMUNICARE": {"medie": 8.075000000000001, "reusita": 100.0, "cnt": 4}, "GEOGRAFIE": {"medie": 8.783333333333333, "reusita": 100.0, "cnt": 12}, "FIZICA TEO": {"medie": 6.15, "reusita": 100.0, "cnt": 2}, "PSIHOLOGIE": {"medie": 6.4, "reusita": 100.0, "cnt": 1}, "SOCIOLOGIE": {"medie": 7.189473684210526, "reusita": 94.73684210526315, "cnt": 19}, "ANATOMIE SI FIZIOLOGIE UMANA, GENETICA SI ECOLOGIE UMANA": {"medie": 6.404000000000001, "reusita": 90.19607843137256, "cnt": 51}, "BIOLOGIE VEGETALA SI ANIMALA": {"medie": 4.464406779661018, "reusita": 43.54838709677419, "cnt": 62}, "MATEMATICA TEHN": {"medie": 5.958421052631581, "reusita": 80.8080808080808, "cnt": 99}, "FIZICA TEH": {"medie": 8.299999999999999, "reusita": 100.0, "cnt": 7}}, "nume": "COLEGIUL TEHNIC \"PETRU MAIOR\"\tBucure\u0219ti"}