{"specializari": {"FILOLOGIE": 120, "INVATATOR - EDUCATOARE": 60, "MATEMATICA-INFORMATICA": 32}, "limba_moderna": {"LIMBA ENGLEZA": 209, "LIMBA FRANCEZA": 3}, "limba_materna": {"LIMBA ROMANA": 212}, "promotie_anterioara": {"NU": 205, "DA": 7}, "materii": {"LIMBA ROMANA": {"medie": 7.640566037735845, "reusita": 97.64150943396226, "cnt": 212}, "MATEMATICA MATE-INFO": {"medie": 6.7140625000000025, "reusita": 81.25, "cnt": 32}, "GENERAL": {"medie": 7.708174603174602, "reusita": 83.49056603773585, "cnt": 212}, "ISTORIE": {"medie": 7.428571428571432, "reusita": 93.33333333333333, "cnt": 120}, "LOGICA, ARGUMENTARE SI COMUNICARE": {"medie": 8.58141025641026, "reusita": 94.9367088607595, "cnt": 79}, "CHIMIE ORGANICA TEO NIVEL I/II": {"medie": 9.0, "reusita": 100.0, "cnt": 2}, "FIZICA TEO": {"medie": 7.727777777777779, "reusita": 100.0, "cnt": 9}, "GEOGRAFIE": {"medie": 7.9808988764044955, "reusita": 97.75280898876404, "cnt": 89}, "PSIHOLOGIE": {"medie": 7.991666666666667, "reusita": 100.0, "cnt": 6}, "ANATOMIE SI FIZIOLOGIE UMANA, GENETICA SI ECOLOGIE UMANA": {"medie": 7.85952380952381, "reusita": 90.47619047619048, "cnt": 21}, "SOCIOLOGIE": {"medie": 7.119999999999999, "reusita": 100.0, "cnt": 5}, "MATEMATICA PED": {"medie": 7.438983050847462, "reusita": 86.66666666666667, "cnt": 60}, "ECONOMIE": {"medie": 7.0, "reusita": 100.0, "cnt": 1}}, "nume": "COLEGIUL NATIONAL PEDAGOGIC \"MIRCEA SCARLAT\" ALEXANDRIA\tTeleorman"}