{"specializari": {"MATEMATICA-INFORMATICA": 15, "STIINTE ALE NATURII": 31, "FILOLOGIE": 28, "TEHNICIAN IN ACTIVITATI ECONOMICE": 6, "TEHNICIAN ELECTROMECANIC": 1, "TEHNICIAN IN ACTIVITATI DE COMERT": 3}, "limba_moderna": {"LIMBA ENGLEZA": 84}, "limba_materna": {"LIMBA ROMANA": 84}, "promotie_anterioara": {"NU": 69, "DA": 15}, "materii": {"LIMBA ROMANA": {"medie": 7.231707317073172, "reusita": 94.04761904761905, "cnt": 84}, "MATEMATICA MATE-INFO": {"medie": 6.206666666666666, "reusita": 73.33333333333333, "cnt": 15}, "GENERAL": {"medie": 7.178252032520326, "reusita": 72.61904761904762, "cnt": 84}, "ISTORIE": {"medie": 6.971428571428572, "reusita": 89.28571428571429, "cnt": 28}, "LOGICA, ARGUMENTARE SI COMUNICARE": {"medie": 7.086842105263158, "reusita": 89.47368421052632, "cnt": 19}, "CHIMIE ORGANICA TEO NIVEL I/II": {"medie": 9.450000000000001, "reusita": 100.0, "cnt": 3}, "MATEMATICA ST-NAT": {"medie": 7.096666666666668, "reusita": 93.54838709677419, "cnt": 31}, "FIZICA TEO": {"medie": 9.25, "reusita": 100.0, "cnt": 1}, "GEOGRAFIE": {"medie": 8.211764705882352, "reusita": 94.44444444444444, "cnt": 18}, "ANATOMIE SI FIZIOLOGIE UMANA, GENETICA SI ECOLOGIE UMANA": {"medie": 7.83, "reusita": 97.22222222222221, "cnt": 36}, "CHIMIE ANORGANICA TEO NIVEL I/II": {"medie": 6.858333333333333, "reusita": 83.33333333333334, "cnt": 6}, "BIOLOGIE VEGETALA SI ANIMALA": {"medie": 6.2, "reusita": 100.0, "cnt": 1}, "MATEMATICA TEHN": {"medie": 4.266666666666666, "reusita": 40.0, "cnt": 10}}, "nume": "COLEGIUL TEHNIC \"CONSTANTIN BRANCUSI\" PETRILA\tHunedoara"}