{"specializari": {"MATEMATICA-INFORMATICA": 82, "STIINTE ALE NATURII": 57, "STIINTE SOCIALE": 32}, "limba_moderna": {"LIMBA ENGLEZA": 167, "LIMBA FRANCEZA": 2, "LIMBA GERMANA MODERNA": 2}, "limba_materna": {"LIMBA ROMANA": 171}, "promotie_anterioara": {"NU": 170, "DA": 1}, "materii": {"LIMBA ROMANA": {"medie": 8.271929824561404, "reusita": 100.0, "cnt": 171}, "MATEMATICA MATE-INFO": {"medie": 8.601219512195122, "reusita": 100.0, "cnt": 82}, "INFORMATICA MI C/C++": {"medie": 8.76666666666667, "reusita": 100.0, "cnt": 57}, "GENERAL": {"medie": 8.450877192982462, "reusita": 99.41520467836257, "cnt": 171}, "ISTORIE": {"medie": 8.134374999999999, "reusita": 100.0, "cnt": 32}, "LOGICA, ARGUMENTARE SI COMUNICARE": {"medie": 8.661111111111111, "reusita": 100.0, "cnt": 9}, "CHIMIE ORGANICA TEO NIVEL I/II": {"medie": 9.268, "reusita": 100.0, "cnt": 25}, "MATEMATICA ST-NAT": {"medie": 8.171929824561403, "reusita": 100.0, "cnt": 57}, "FIZICA TEO": {"medie": 8.71, "reusita": 100.0, "cnt": 5}, "GEOGRAFIE": {"medie": 8.267391304347827, "reusita": 100.0, "cnt": 23}, "ANATOMIE SI FIZIOLOGIE UMANA, GENETICA SI ECOLOGIE UMANA": {"medie": 8.560784313725486, "reusita": 100.0, "cnt": 51}, "BIOLOGIE VEGETALA SI ANIMALA": {"medie": 9.75, "reusita": 100.0, "cnt": 1}}, "nume": "COLEGIUL NATIONAL \"MIHAI EMINESCU\" SATU MARE\tSatu-Mare"}