{"specializari": {"LICEU CU PROGRAM SPORTIV": 83, "MATEMATICA-INFORMATICA": 22, "TEHNICIAN IN INSTALATII ELECTRICE": 16, "TEHNICIAN ELECTROMECANIC": 1}, "limba_moderna": {"LIMBA ENGLEZA": 122}, "limba_materna": {"LIMBA ROMANA": 122}, "promotie_anterioara": {"NU": 96, "DA": 26}, "materii": {"LIMBA ROMANA": {"medie": 5.536016949152543, "reusita": 73.77049180327869, "cnt": 122}, "MATEMATICA MATE-INFO": {"medie": 5.477777777777778, "reusita": 59.09090909090909, "cnt": 22}, "INFORMATICA MI C/C++": {"medie": 3.825, "reusita": 0.0, "cnt": 2}, "GENERAL": {"medie": 5.734210526315789, "reusita": 38.52459016393443, "cnt": 122}, "ISTORIE": {"medie": 6.036419753086422, "reusita": 85.54216867469879, "cnt": 83}, "LOGICA, ARGUMENTARE SI COMUNICARE": {"medie": 7.338888888888889, "reusita": 88.88888888888889, "cnt": 9}, "GEOGRAFIE": {"medie": 6.75211267605634, "reusita": 84.72222222222221, "cnt": 72}, "PSIHOLOGIE": {"medie": 8.5, "reusita": 100.0, "cnt": 1}, "ANATOMIE SI FIZIOLOGIE UMANA, GENETICA SI ECOLOGIE UMANA": {"medie": 5.613333333333332, "reusita": 62.5, "cnt": 16}, "BIOLOGIE VEGETALA SI ANIMALA": {"medie": 3.3950000000000005, "reusita": 14.285714285714285, "cnt": 21}, "FILOSOFIE": {"medie": 5.4, "reusita": 100.0, "cnt": 1}, "MATEMATICA TEHN": {"medie": 2.68125, "reusita": 17.647058823529413, "cnt": 17}}, "nume": "COLEGIUL TEHNIC FEROVIAR \"MIHAI I\"\tBucure\u0219ti"}