{"specializari": {"TEHNICIAN IN ACTIVITATI ECONOMICE": 86, "TEHNICIAN IN HOTELARIE": 59, "TEHNICIAN IN ACTIVITATI DE COMERT": 61}, "limba_moderna": {"LIMBA ENGLEZA": 205, "LIMBA FRANCEZA": 1}, "limba_materna": {"LIMBA ROMANA": 206}, "promotie_anterioara": {"NU": 183, "DA": 23}, "materii": {"LIMBA ROMANA": {"medie": 6.526715686274508, "reusita": 95.63106796116504, "cnt": 206}, "GENERAL": {"medie": 7.00182421227197, "reusita": 78.15533980582524, "cnt": 206}, "LOGICA, ARGUMENTARE SI COMUNICARE": {"medie": 7.742622950819673, "reusita": 93.44262295081968, "cnt": 61}, "GEOGRAFIE": {"medie": 7.515769230769227, "reusita": 94.02985074626866, "cnt": 134}, "PSIHOLOGIE": {"medie": 7.245, "reusita": 100.0, "cnt": 10}, "MATEMATICA TEHN": {"medie": 6.879310344827591, "reusita": 89.32038834951457, "cnt": 206}, "ECONOMIE": {"medie": 5.0, "reusita": 100.0, "cnt": 1}}, "nume": "COLEGIUL ECONOMIC \"HERMES\"\tBucure\u0219ti"}