{"specializari": {"TEHNICIAN OPERATOR TEHNICA DE CALCUL": 30, "STIINTE ALE NATURII": 36, "TEHNICIAN IN ACTIVITATI ECONOMICE": 27, "TEHNICIAN IN TURISM": 46, "TEHNICIAN ECOLOG SI PROTECTIA CALITATII MEDIULUI": 25, "TEHNICIAN MECANIC PENTRU INTRETINERE SI REPARATII": 19, "TEHNICIAN IN ADMINISTRATIE": 1, "TEHNICIAN IN SILVICULTURA SI EXPLOATARI FORESTIERE": 20, "TEHNICIAN IN AUTOMATIZARI": 3, "TEHNICIAN IN GASTRONOMIE": 1, "TEHNICIAN ANALIZE PRODUSE ALIMENTARE": 1, "TEHNICIAN IN AGROTURISM": 1, "TEHNICIAN IN INSTALATII ELECTRICE": 1}, "limba_moderna": {"LIMBA ENGLEZA": 177, "LIMBA FRANCEZA": 34}, "limba_materna": {"LIMBA ROMANA": 211}, "promotie_anterioara": {"NU": 183, "DA": 28}, "materii": {"LIMBA ROMANA": {"medie": 6.165311004784686, "reusita": 89.0995260663507, "cnt": 211}, "GENERAL": {"medie": 6.182352941176473, "reusita": 54.976303317535546, "cnt": 211}, "MATEMATICA ST-NAT": {"medie": 6.043750000000003, "reusita": 75.0, "cnt": 36}, "GEOGRAFIE": {"medie": 7.774657534246576, "reusita": 98.64864864864865, "cnt": 74}, "PSIHOLOGIE": {"medie": 9.4, "reusita": 100.0, "cnt": 1}, "ANATOMIE SI FIZIOLOGIE UMANA, GENETICA SI ECOLOGIE UMANA": {"medie": 5.4666666666666694, "reusita": 65.06024096385542, "cnt": 83}, "BIOLOGIE VEGETALA SI ANIMALA": {"medie": 4.473529411764704, "reusita": 40.0, "cnt": 35}, "MATEMATICA TEHN": {"medie": 6.005780346820809, "reusita": 77.71428571428571, "cnt": 175}, "FIZICA TEH": {"medie": 7.833333333333333, "reusita": 100.0, "cnt": 18}}, "nume": "COLEGIUL TEHNIC \"ION CREANGA\", ORAS TARGU NEAMT\tNeam\u021b"}