{"specializari": {"TEHNICIAN CHIMIST DE LABORATOR": 58, "TEHNICIAN IN ACTIVITATI ECONOMICE": 18, "TEHNICIAN ECOLOG SI PROTECTIA CALITATII MEDIULUI": 36, "TEHNICIAN MECANIC PENTRU INTRETINERE SI REPARATII": 3, "TEHNICIAN ELECTROMECANIC": 15, "TEHNICIAN IN AUTOMATIZARI": 17, "TEHNICIAN OPERATOR TEHNICA DE CALCUL": 8, "TEHNICIAN MECATRONIST": 1, "TEHNICIAN IN CHIMIE INDUSTRIALA": 1, "TEHNICIAN ELECTROTEHNIST": 1, "TEHNICIAN TRANSPORTURI": 3}, "limba_moderna": {"LIMBA ENGLEZA": 142, "LIMBA FRANCEZA": 19}, "limba_materna": {"LIMBA ROMANA": 161}, "promotie_anterioara": {"NU": 110, "DA": 51}, "materii": {"LIMBA ROMANA": {"medie": 6.29140127388535, "reusita": 87.5776397515528, "cnt": 161}, "GENERAL": {"medie": 6.8100441501103735, "reusita": 67.70186335403726, "cnt": 161}, "LOGICA, ARGUMENTARE SI COMUNICARE": {"medie": 8.666666666666666, "reusita": 100.0, "cnt": 12}, "GEOGRAFIE": {"medie": 8.308333333333332, "reusita": 100.0, "cnt": 6}, "ANATOMIE SI FIZIOLOGIE UMANA, GENETICA SI ECOLOGIE UMANA": {"medie": 7.765625, "reusita": 96.875, "cnt": 32}, "BIOLOGIE VEGETALA SI ANIMALA": {"medie": 6.57263157894737, "reusita": 77.77777777777779, "cnt": 99}, "MATEMATICA TEHN": {"medie": 6.922727272727272, "reusita": 88.19875776397515, "cnt": 161}, "FIZICA TEH": {"medie": 7.050000000000001, "reusita": 75.0, "cnt": 12}}, "nume": "COLEGIUL TEHNIC \"COSTIN D. NENITESCU\" PITESTI\tArge\u0219"}