{"specializari": {"MATEMATICA-INFORMATICA": 26, "FILOLOGIE": 32, "STIINTE ALE NATURII": 20, "STIINTE SOCIALE": 31}, "limba_moderna": {"LIMBA ENGLEZA": 109}, "limba_materna": {"LIMBA ROMANA": 109}, "promotie_anterioara": {"NU": 105, "DA": 4}, "materii": {"LIMBA ROMANA": {"medie": 7.106422018348623, "reusita": 88.9908256880734, "cnt": 109}, "MATEMATICA MATE-INFO": {"medie": 7.561538461538461, "reusita": 96.15384615384616, "cnt": 26}, "INFORMATICA MI C/C++": {"medie": 7.364285714285713, "reusita": 90.47619047619048, "cnt": 21}, "GENERAL": {"medie": 7.435321100917427, "reusita": 77.06422018348624, "cnt": 109}, "ISTORIE": {"medie": 6.7674603174603165, "reusita": 85.71428571428571, "cnt": 63}, "LOGICA, ARGUMENTARE SI COMUNICARE": {"medie": 7.75, "reusita": 100.0, "cnt": 2}, "CHIMIE ORGANICA TEO NIVEL I/II": {"medie": 6.616666666666667, "reusita": 100.0, "cnt": 3}, "MATEMATICA ST-NAT": {"medie": 7.8675, "reusita": 100.0, "cnt": 20}, "FIZICA TEO": {"medie": 9.5, "reusita": 100.0, "cnt": 1}, "GEOGRAFIE": {"medie": 8.409322033898302, "reusita": 100.0, "cnt": 59}, "PSIHOLOGIE": {"medie": 8.05, "reusita": 100.0, "cnt": 1}, "ANATOMIE SI FIZIOLOGIE UMANA, GENETICA SI ECOLOGIE UMANA": {"medie": 7.842499999999999, "reusita": 95.0, "cnt": 20}, "SOCIOLOGIE": {"medie": 6.0, "reusita": 100.0, "cnt": 1}, "INFORMATICA SN C/C++": {"medie": 9.9, "reusita": 100.0, "cnt": 1}}, "nume": "COLEGIUL NATIONAL \"OCTAVIAN GOGA\" MIERCUREA CIUC\tHarghita"}