{"specializari": {"TEHNICIAN TRANSPORTURI": 12, "STIINTE ALE NATURII": 29, "TEHNICIAN PROIECTANT CAD": 18, "TEHNICIAN PRELUCRARI MECANICE": 13, "TEHNICIAN ELECTROMECANIC": 3, "TEHNICIAN MECATRONIST": 2, "TEHNICIAN ECOLOG SI PROTECTIA CALITATII MEDIULUI": 2, "TEHNICIAN METROLOG": 1, "TEHNICIAN IN INSTALATII ELECTRICE": 2, "TEHNICIAN OPERATOR TEHNICA DE CALCUL": 1}, "limba_moderna": {"LIMBA ENGLEZA": 82, "LIMBA FRANCEZA": 1}, "limba_materna": {"LIMBA ROMANA": 83}, "promotie_anterioara": {"NU": 52, "DA": 31}, "materii": {"LIMBA ROMANA": {"medie": 5.884868421052634, "reusita": 75.90361445783132, "cnt": 83}, "GENERAL": {"medie": 5.438584474885846, "reusita": 38.55421686746988, "cnt": 83}, "MATEMATICA ST-NAT": {"medie": 4.982758620689654, "reusita": 62.06896551724138, "cnt": 29}, "ANATOMIE SI FIZIOLOGIE UMANA, GENETICA SI ECOLOGIE UMANA": {"medie": 6.777586206896552, "reusita": 100.0, "cnt": 29}, "BIOLOGIE VEGETALA SI ANIMALA": {"medie": 4.6987804878048784, "reusita": 51.11111111111111, "cnt": 45}, "MATEMATICA TEHN": {"medie": 4.75108695652174, "reusita": 53.70370370370371, "cnt": 54}, "FIZICA TEH": {"medie": 4.3, "reusita": 33.33333333333333, "cnt": 3}, "CHIMIE ORGANICA TEH NIVEL I/II": {"medie": "-", "reusita": 0.0, "cnt": 2}, "CHIMIE ANORGANICA TEH NIVEL I/II": {"medie": 6.1, "reusita": 25.0, "cnt": 4}}, "nume": "COLEGIUL TEHNIC \"CAROL I\"\tBucure\u0219ti"}