{"specializari": {"TEHNICIAN IN ACTIVITATI ECONOMICE": 82, "TEHNICIAN ECOLOG SI PROTECTIA CALITATII MEDIULUI": 56, "TEHNICIAN ANALIZE PRODUSE ALIMENTARE": 24, "TEHNICIAN VETERINAR": 32, "TEHNICIAN AGRONOM": 20, "TEHNICIAN HORTICULTOR": 28, "TEHNICIAN PENTRU ANIMALE DE COMPANIE": 2, "TEHNICIAN IN AGRICULTURA": 1}, "limba_moderna": {"LIMBA ENGLEZA": 245}, "limba_materna": {"LIMBA ROMANA": 245}, "promotie_anterioara": {"NU": 224, "DA": 21}, "materii": {"LIMBA ROMANA": {"medie": 6.354999999999999, "reusita": 83.26530612244898, "cnt": 245}, "GENERAL": {"medie": 6.63433908045977, "reusita": 60.816326530612244, "cnt": 245}, "LOGICA, ARGUMENTARE SI COMUNICARE": {"medie": 8.75, "reusita": 100.0, "cnt": 2}, "GEOGRAFIE": {"medie": 8.516025641025642, "reusita": 97.5, "cnt": 80}, "ANATOMIE SI FIZIOLOGIE UMANA, GENETICA SI ECOLOGIE UMANA": {"medie": 5.713945578231291, "reusita": 70.77922077922078, "cnt": 154}, "BIOLOGIE VEGETALA SI ANIMALA": {"medie": 6.65, "reusita": 100.0, "cnt": 1}, "MATEMATICA TEHN": {"medie": 6.733191489361696, "reusita": 79.18367346938776, "cnt": 245}, "CHIMIE ORGANICA TEH NIVEL I/II": {"medie": 6.5062500000000005, "reusita": 87.5, "cnt": 8}}, "nume": "COLEGIUL NATIONAL DE AGRICULTURA SI ECONOMIE, LOCALITATEA TECUCI\tGala\u021bi"}