{"specializari": {"FILOLOGIE": 29, "MATEMATICA-INFORMATICA": 60, "TEHNICIAN IN TURISM": 25, "TEHNICIAN MECANIC PENTRU INTRETINERE SI REPARATII": 1, "ORGANIZATOR BANQUETING": 2}, "limba_moderna": {"LIMBA FRANCEZA": 23, "LIMBA ENGLEZA": 94}, "limba_materna": {"LIMBA ROMANA": 117}, "promotie_anterioara": {"NU": 107, "DA": 10}, "materii": {"LIMBA ROMANA": {"medie": 7.464782608695653, "reusita": 94.87179487179486, "cnt": 117}, "MATEMATICA MATE-INFO": {"medie": 5.981034482758622, "reusita": 73.33333333333333, "cnt": 60}, "INFORMATICA MI C/C++": {"medie": 8.079166666666667, "reusita": 100.0, "cnt": 12}, "GENERAL": {"medie": 7.378124999999998, "reusita": 75.21367521367522, "cnt": 117}, "ISTORIE": {"medie": 8.394827586206896, "reusita": 100.0, "cnt": 29}, "LOGICA, ARGUMENTARE SI COMUNICARE": {"medie": 9.016666666666666, "reusita": 100.0, "cnt": 9}, "GEOGRAFIE": {"medie": 8.188709677419354, "reusita": 96.875, "cnt": 32}, "FIZICA TEO": {"medie": 8.483333333333333, "reusita": 100.0, "cnt": 3}, "CHIMIE ORGANICA TEO NIVEL I/II": {"medie": 7.062499999999999, "reusita": 75.0, "cnt": 4}, "PSIHOLOGIE": {"medie": 6.6, "reusita": 100.0, "cnt": 2}, "SOCIOLOGIE": {"medie": 8.71153846153846, "reusita": 100.0, "cnt": 13}, "ANATOMIE SI FIZIOLOGIE UMANA, GENETICA SI ECOLOGIE UMANA": {"medie": 6.9391891891891895, "reusita": 86.48648648648648, "cnt": 37}, "CHIMIE ANORGANICA TEO NIVEL I/II": {"medie": 6.525, "reusita": 100.0, "cnt": 2}, "BIOLOGIE VEGETALA SI ANIMALA": {"medie": 8.5, "reusita": 33.33333333333333, "cnt": 3}, "MATEMATICA TEHN": {"medie": 6.6750000000000025, "reusita": 78.57142857142857, "cnt": 28}}, "nume": "COLEGIUL \"MIHAIL CANTACUZINO\", ORASUL SINAIA\tPrahova"}