{"specializari": {"MATEMATICA-INFORMATICA": 29, "FILOLOGIE": 31, "STIINTE ALE NATURII": 30}, "limba_moderna": {"LIMBA ENGLEZA": 90}, "limba_materna": {"LIMBA ROMANA": 90}, "promotie_anterioara": {"NU": 87, "DA": 3}, "materii": {"LIMBA ROMANA": {"medie": 7.2361111111111125, "reusita": 96.66666666666667, "cnt": 90}, "MATEMATICA MATE-INFO": {"medie": 8.782758620689654, "reusita": 100.0, "cnt": 29}, "INFORMATICA MI C/C++": {"medie": 8.398000000000001, "reusita": 96.0, "cnt": 25}, "GENERAL": {"medie": 7.679259259259263, "reusita": 88.88888888888889, "cnt": 90}, "ISTORIE": {"medie": 6.706451612903228, "reusita": 90.32258064516128, "cnt": 31}, "LOGICA, ARGUMENTARE SI COMUNICARE": {"medie": 7.961111111111112, "reusita": 94.44444444444444, "cnt": 18}, "CHIMIE ORGANICA TEO NIVEL I/II": {"medie": 9.15, "reusita": 100.0, "cnt": 1}, "MATEMATICA ST-NAT": {"medie": 7.496666666666666, "reusita": 100.0, "cnt": 30}, "FIZICA TEO": {"medie": 7.949999999999999, "reusita": 100.0, "cnt": 2}, "GEOGRAFIE": {"medie": 7.977777777777778, "reusita": 100.0, "cnt": 9}, "ANATOMIE SI FIZIOLOGIE UMANA, GENETICA SI ECOLOGIE UMANA": {"medie": 8.76, "reusita": 100.0, "cnt": 5}, "CHIMIE ANORGANICA TEO NIVEL I/II": {"medie": 7.527272727272727, "reusita": 100.0, "cnt": 11}, "BIOLOGIE VEGETALA SI ANIMALA": {"medie": 8.540000000000001, "reusita": 100.0, "cnt": 15}, "SOCIOLOGIE": {"medie": 7.4625, "reusita": 100.0, "cnt": 4}}, "nume": "COLEGIUL NATIONAL \"DAVID PRODAN\" CUGIR\tAlba"}