{"specializari": {"TEHNICIAN IN ACTIVITATI ECONOMICE": 25, "TEHNICIAN ELECTROMECANIC": 2, "TEHNICIAN PRELUCRARI MECANICE": 7, "TEHNICIAN OPERATOR TEHNICA DE CALCUL": 1, "TEHNICIAN PROIECTANT CAD": 11}, "limba_moderna": {"LIMBA ENGLEZA": 46}, "limba_materna": {"LIMBA ROMANA": 46}, "promotie_anterioara": {"NU": 35, "DA": 11}, "materii": {"LIMBA ROMANA": {"medie": 5.7923913043478255, "reusita": 84.78260869565217, "cnt": 46}, "GENERAL": {"medie": 6.014772727272727, "reusita": 50.0, "cnt": 46}, "LOGICA, ARGUMENTARE SI COMUNICARE": {"medie": 8.65, "reusita": 100.0, "cnt": 4}, "GEOGRAFIE": {"medie": 7.371428571428572, "reusita": 90.47619047619048, "cnt": 21}, "BIOLOGIE VEGETALA SI ANIMALA": {"medie": 4.594444444444445, "reusita": 31.57894736842105, "cnt": 19}, "MATEMATICA TEHN": {"medie": 5.9766666666666675, "reusita": 73.91304347826086, "cnt": 46}, "FIZICA TEH": {"medie": 5.3, "reusita": 100.0, "cnt": 1}, "CHIMIE ORGANICA TEH NIVEL I/II": {"medie": "-", "reusita": 0.0, "cnt": 1}}, "nume": "COLEGIUL TEHNIC \"ION D. LAZARESCU\" CUGIR\tAlba"}