{"specializari": {"MATEMATICA-INFORMATICA": 110, "FILOLOGIE": 33, "STIINTE ALE NATURII": 60}, "limba_moderna": {"LIMBA FRANCEZA": 2, "LIMBA ENGLEZA": 201}, "limba_materna": {"LIMBA ROMANA": 203}, "promotie_anterioara": {"NU": 203}, "materii": {"LIMBA ROMANA": {"medie": 7.919211822660101, "reusita": 99.50738916256158, "cnt": 203}, "MATEMATICA MATE-INFO": {"medie": 8.760454545454548, "reusita": 100.0, "cnt": 110}, "INFORMATICA MI C/C++": {"medie": 8.959166666666663, "reusita": 100.0, "cnt": 60}, "GENERAL": {"medie": 8.435221674876843, "reusita": 99.01477832512316, "cnt": 203}, "ISTORIE": {"medie": 8.203030303030303, "reusita": 100.0, "cnt": 33}, "LOGICA, ARGUMENTARE SI COMUNICARE": {"medie": 9.7, "reusita": 100.0, "cnt": 1}, "CHIMIE ORGANICA TEO NIVEL I/II": {"medie": 9.808333333333332, "reusita": 100.0, "cnt": 6}, "MATEMATICA ST-NAT": {"medie": 8.6075, "reusita": 100.0, "cnt": 60}, "FIZICA TEO": {"medie": 9.094117647058825, "reusita": 100.0, "cnt": 17}, "GEOGRAFIE": {"medie": 9.046153846153846, "reusita": 100.0, "cnt": 26}, "PSIHOLOGIE": {"medie": 8.3, "reusita": 100.0, "cnt": 3}, "ANATOMIE SI FIZIOLOGIE UMANA, GENETICA SI ECOLOGIE UMANA": {"medie": 8.391379310344831, "reusita": 100.0, "cnt": 87}, "SOCIOLOGIE": {"medie": 9.266666666666666, "reusita": 100.0, "cnt": 3}}, "nume": "COLEGIUL NATIONAL \"ECATERINA TEODOROIU\" TARGU JIU\tGorj"}