{"specializari": {"FILOLOGIE": 32, "MATEMATICA-INFORMATICA": 54, "STIINTE ALE NATURII": 28}, "limba_moderna": {"LIMBA ENGLEZA": 93, "LIMBA FRANCEZA": 3, "LIMBA GERMANA MODERNA": 18}, "limba_materna": {"LIMBA ROMANA": 114}, "promotie_anterioara": {"NU": 114}, "materii": {"LIMBA ROMANA": {"medie": 8.517543859649123, "reusita": 100.0, "cnt": 114}, "MATEMATICA MATE-INFO": {"medie": 9.177777777777779, "reusita": 100.0, "cnt": 54}, "INFORMATICA MI C/C++": {"medie": 8.672413793103448, "reusita": 100.0, "cnt": 29}, "GENERAL": {"medie": 8.816666666666666, "reusita": 100.0, "cnt": 114}, "ISTORIE": {"medie": 8.2625, "reusita": 100.0, "cnt": 32}, "LOGICA, ARGUMENTARE SI COMUNICARE": {"medie": 9.032000000000002, "reusita": 100.0, "cnt": 25}, "CHIMIE ORGANICA TEO NIVEL I/II": {"medie": 9.228571428571428, "reusita": 100.0, "cnt": 7}, "MATEMATICA ST-NAT": {"medie": 9.094642857142857, "reusita": 100.0, "cnt": 28}, "FIZICA TEO": {"medie": 8.85, "reusita": 100.0, "cnt": 3}, "GEOGRAFIE": {"medie": 8.86, "reusita": 100.0, "cnt": 5}, "PSIHOLOGIE": {"medie": 8.8, "reusita": 100.0, "cnt": 1}, "ANATOMIE SI FIZIOLOGIE UMANA, GENETICA SI ECOLOGIE UMANA": {"medie": 9.258139534883721, "reusita": 100.0, "cnt": 43}, "FILOSOFIE": {"medie": 10.0, "reusita": 100.0, "cnt": 1}}, "nume": "COLEGIUL NATIONAL \"TRAIAN LALESCU\" RESITA\tCara\u0219-Severin"}