{"specializari": {"TEHNICIAN CHIMIST DE LABORATOR": 58, "TEHNICIAN IN ACTIVITATI ECONOMICE": 18, "TEHNICIAN ECOLOG SI PROTECTIA CALITATII MEDIULUI": 36, "TEHNICIAN MECANIC PENTRU INTRETINERE SI REPARATII": 3, "TEHNICIAN ELECTROMECANIC": 15, "TEHNICIAN IN AUTOMATIZARI": 17, "TEHNICIAN OPERATOR TEHNICA DE CALCUL": 8, "TEHNICIAN MECATRONIST": 1, "TEHNICIAN IN CHIMIE INDUSTRIALA": 1, "TEHNICIAN ELECTROTEHNIST": 1, "TEHNICIAN TRANSPORTURI": 3}, "limba_moderna": {"LIMBA ENGLEZA": 142, "LIMBA FRANCEZA": 19}, "limba_materna": {"LIMBA ROMANA": 161}, "promotie_anterioara": {"NU": 110, "DA": 51}, "materii": {"LIMBA ROMANA": {"medie": 6.328343949044587, "reusita": 90.6832298136646, "cnt": 161}, "GENERAL": {"medie": 6.827593818984546, "reusita": 71.42857142857143, "cnt": 161}, "LOGICA, ARGUMENTARE SI COMUNICARE": {"medie": 8.674999999999999, "reusita": 100.0, "cnt": 12}, "GEOGRAFIE": {"medie": 8.308333333333332, "reusita": 100.0, "cnt": 6}, "ANATOMIE SI FIZIOLOGIE UMANA, GENETICA SI ECOLOGIE UMANA": {"medie": 7.765625, "reusita": 96.875, "cnt": 32}, "BIOLOGIE VEGETALA SI ANIMALA": {"medie": 6.561578947368421, "reusita": 78.78787878787878, "cnt": 99}, "MATEMATICA TEHN": {"medie": 6.93831168831169, "reusita": 89.44099378881988, "cnt": 161}, "FIZICA TEH": {"medie": 7.125, "reusita": 75.0, "cnt": 12}}, "nume": "COLEGIUL TEHNIC \"COSTIN D. NENITESCU\" PITESTI\tArge\u0219"}