{"specializari": {"STIINTE SOCIALE": 31, "STIINTE ALE NATURII": 60, "FILOLOGIE": 61, "MATEMATICA-INFORMATICA": 55}, "limba_moderna": {"LIMBA ENGLEZA": 168, "LIMBA FRANCEZA": 39}, "limba_materna": {"LIMBA ROMANA": 207}, "promotie_anterioara": {"NU": 206, "DA": 1}, "materii": {"LIMBA ROMANA": {"medie": 8.6304347826087, "reusita": 100.0, "cnt": 207}, "MATEMATICA MATE-INFO": {"medie": 8.80909090909091, "reusita": 100.0, "cnt": 55}, "INFORMATICA MI C/C++": {"medie": 8.670454545454545, "reusita": 100.0, "cnt": 22}, "GENERAL": {"medie": 8.73059581320451, "reusita": 99.51690821256038, "cnt": 207}, "ISTORIE": {"medie": 8.551086956521742, "reusita": 100.0, "cnt": 92}, "LOGICA, ARGUMENTARE SI COMUNICARE": {"medie": 8.947887323943664, "reusita": 100.0, "cnt": 71}, "GEOGRAFIE": {"medie": 9.122222222222224, "reusita": 100.0, "cnt": 9}, "FIZICA TEO": {"medie": 8.495161290322581, "reusita": 100.0, "cnt": 31}, "CHIMIE ORGANICA TEO NIVEL I/II": {"medie": 9.082608695652173, "reusita": 100.0, "cnt": 23}, "MATEMATICA ST-NAT": {"medie": 8.912500000000003, "reusita": 100.0, "cnt": 60}, "PSIHOLOGIE": {"medie": 8.375, "reusita": 100.0, "cnt": 4}, "SOCIOLOGIE": {"medie": 8.66, "reusita": 100.0, "cnt": 5}, "ANATOMIE SI FIZIOLOGIE UMANA, GENETICA SI ECOLOGIE UMANA": {"medie": 8.691304347826087, "reusita": 95.65217391304348, "cnt": 23}, "CHIMIE ANORGANICA TEO NIVEL I/II": {"medie": 8.4, "reusita": 100.0, "cnt": 1}, "BIOLOGIE VEGETALA SI ANIMALA": {"medie": 9.0125, "reusita": 100.0, "cnt": 12}, "INFORMATICA SN C/C++": {"medie": 9.549999999999999, "reusita": 100.0, "cnt": 3}, "ECONOMIE": {"medie": 8.983333333333333, "reusita": 100.0, "cnt": 3}}, "nume": "COLEGIUL NATIONAL \"ALEXANDRU IOAN CUZA\", MUNICIPIUL PLOIESTI\tPrahova"}