{"specializari": {"FILOLOGIE": 35, "MATEMATICA-INFORMATICA": 28, "TEHNICIAN IN INSTALATII ELECTRICE": 29, "TEHNICIAN ECOLOG SI PROTECTIA CALITATII MEDIULUI": 33, "TEHNICIAN MECATRONIST": 21, "TEHNICIAN ELECTROMECANIC": 15, "TEHNICIAN MECANIC PENTRU INTRETINERE SI REPARATII": 1, "STIINTE SOCIALE": 1}, "limba_moderna": {"LIMBA ENGLEZA": 155, "LIMBA FRANCEZA": 6, "LIMBA SPANIOLA": 2}, "limba_materna": {"LIMBA ROMANA": 163}, "promotie_anterioara": {"NU": 134, "DA": 29}, "materii": {"LIMBA ROMANA": {"medie": 6.627187499999998, "reusita": 90.79754601226993, "cnt": 163}, "MATEMATICA MATE-INFO": {"medie": 6.9125000000000005, "reusita": 100.0, "cnt": 28}, "INFORMATICA MI C/C++": {"medie": 7.090000000000001, "reusita": 80.0, "cnt": 5}, "GENERAL": {"medie": 6.417748917748919, "reusita": 55.21472392638037, "cnt": 163}, "ISTORIE": {"medie": 7.170833333333334, "reusita": 97.22222222222221, "cnt": 36}, "LOGICA, ARGUMENTARE SI COMUNICARE": {"medie": 8.075000000000001, "reusita": 100.0, "cnt": 4}, "FIZICA TEO": {"medie": 6.15, "reusita": 100.0, "cnt": 2}, "GEOGRAFIE": {"medie": 8.783333333333333, "reusita": 100.0, "cnt": 12}, "PSIHOLOGIE": {"medie": 6.4, "reusita": 100.0, "cnt": 1}, "ANATOMIE SI FIZIOLOGIE UMANA, GENETICA SI ECOLOGIE UMANA": {"medie": 6.428000000000002, "reusita": 90.19607843137256, "cnt": 51}, "BIOLOGIE VEGETALA SI ANIMALA": {"medie": 4.393220338983051, "reusita": 38.70967741935484, "cnt": 62}, "SOCIOLOGIE": {"medie": 6.98157894736842, "reusita": 89.47368421052632, "cnt": 19}, "MATEMATICA TEHN": {"medie": 5.921578947368422, "reusita": 78.78787878787878, "cnt": 99}, "FIZICA TEH": {"medie": 8.299999999999999, "reusita": 100.0, "cnt": 7}}, "nume": "COLEGIUL TEHNIC \"PETRU MAIOR\"\tBucure\u0219ti"}