{"specializari": {"STIINTE ALE NATURII": 56, "FILOLOGIE": 23, "MATEMATICA-INFORMATICA": 57, "STIINTE SOCIALE": 29}, "limba_moderna": {"LIMBA ENGLEZA": 164, "LIMBA GERMANA MODERNA": 1}, "limba_materna": {"LIMBA MAGHIARA": 165}, "promotie_anterioara": {"NU": 164, "DA": 1}, "materii": {"LIMBA ROMANA": {"medie": 6.922121212121211, "reusita": 95.15151515151516, "cnt": 165}, "MATEMATICA MATE-INFO": {"medie": 7.847368421052634, "reusita": 96.49122807017544, "cnt": 57}, "INFORMATICA MI C/C++": {"medie": 8.153571428571428, "reusita": 100.0, "cnt": 28}, "GENERAL": {"medie": 8.016666666666664, "reusita": 92.72727272727272, "cnt": 165}, "ISTORIE": {"medie": 7.775000000000001, "reusita": 100.0, "cnt": 52}, "LOGICA, ARGUMENTARE SI COMUNICARE": {"medie": 8.86451612903226, "reusita": 100.0, "cnt": 31}, "MATEMATICA ST-NAT": {"medie": 8.163392857142856, "reusita": 100.0, "cnt": 56}, "FIZICA TEO": {"medie": 5.529999999999999, "reusita": 40.0, "cnt": 5}, "GEOGRAFIE": {"medie": 8.503125, "reusita": 100.0, "cnt": 16}, "PSIHOLOGIE": {"medie": 8.283333333333333, "reusita": 100.0, "cnt": 3}, "ANATOMIE SI FIZIOLOGIE UMANA, GENETICA SI ECOLOGIE UMANA": {"medie": 8.8, "reusita": 100.0, "cnt": 60}, "CHIMIE ANORGANICA TEO NIVEL I/II": {"medie": 8.552941176470586, "reusita": 94.11764705882352, "cnt": 17}, "BIOLOGIE VEGETALA SI ANIMALA": {"medie": 6.775, "reusita": 100.0, "cnt": 2}, "INFORMATICA SN C/C++": {"medie": 9.25, "reusita": 100.0, "cnt": 1}, "FILOSOFIE": {"medie": 8.5, "reusita": 100.0, "cnt": 2}, "LIMBA MAGHIARA (REAL)": {"medie": 8.848230088495573, "reusita": 100.0, "cnt": 113}, "LIMBA MAGHIARA (UMAN)": {"medie": 8.373076923076924, "reusita": 100.0, "cnt": 52}}, "nume": "COLEGIUL NATIONAL \"MARTON ARON\" MIERCUREA CIUC\tHarghita"}