{"specializari": {"TEHNICIAN IN TURISM": 23, "TEHNICIAN IN ACTIVITATI ECONOMICE": 48, "TEHNICIAN ECOLOG SI PROTECTIA CALITATII MEDIULUI": 28, "MATEMATICA-INFORMATICA": 18, "TEHNICIAN PROIECTANT CAD": 16, "TEHNICIAN OPERATOR TEHNICA DE CALCUL": 13, "TEHNICIAN DESENATOR PENTRU CONSTRUCTII SI INSTALATII": 4, "TEHNICIAN IN CONSTRUCTII SI LUCRARI PUBLICE": 1, "TEHNICIAN MECANIC PENTRU INTRETINERE SI REPARATII": 1}, "limba_moderna": {"LIMBA ENGLEZA": 150, "LIMBA FRANCEZA": 2}, "limba_materna": {"LIMBA ROMANA": 152}, "promotie_anterioara": {"NU": 131, "DA": 21}, "materii": {"LIMBA ROMANA": {"medie": 6.117114093959729, "reusita": 92.10526315789474, "cnt": 152}, "MATEMATICA MATE-INFO": {"medie": 6.944444444444445, "reusita": 100.0, "cnt": 18}, "INFORMATICA MI C/C++": {"medie": 6.371428571428571, "reusita": 85.71428571428571, "cnt": 7}, "GENERAL": {"medie": 6.56689655172414, "reusita": 65.78947368421053, "cnt": 152}, "LOGICA, ARGUMENTARE SI COMUNICARE": {"medie": 7.24051724137931, "reusita": 96.55172413793103, "cnt": 58}, "GEOGRAFIE": {"medie": 8.66923076923077, "reusita": 100.0, "cnt": 13}, "FIZICA TEO": {"medie": 8.25, "reusita": 50.0, "cnt": 2}, "ANATOMIE SI FIZIOLOGIE UMANA, GENETICA SI ECOLOGIE UMANA": {"medie": 6.166666666666668, "reusita": 83.33333333333334, "cnt": 18}, "CHIMIE ANORGANICA TEO NIVEL I/II": {"medie": 7.121428571428573, "reusita": 85.71428571428571, "cnt": 7}, "BIOLOGIE VEGETALA SI ANIMALA": {"medie": 5.005, "reusita": 54.54545454545454, "cnt": 22}, "MATEMATICA TEHN": {"medie": 6.792045454545452, "reusita": 91.7910447761194, "cnt": 134}, "FIZICA TEH": {"medie": 6.607142857142857, "reusita": 85.71428571428571, "cnt": 7}, "CHIMIE ORGANICA TEH NIVEL I/II": {"medie": 7.45, "reusita": 100.0, "cnt": 1}, "CHIMIE ANORGANICA TEH NIVEL I/II": {"medie": 5.611764705882352, "reusita": 76.47058823529412, "cnt": 17}}, "nume": "COLEGIUL TEHNIC \"GHEORGHE ASACHI\" ONESTI\tBac\u0103u"}