{"specializari": {"STIINTE ALE NATURII": 27, "GHID TURISM RELIGIOS": 26}, "limba_moderna": {"LIMBA ENGLEZA": 51, "LIMBA ITALIANA": 2}, "limba_materna": {"LIMBA ROMANA": 53}, "promotie_anterioara": {"NU": 53}, "materii": {"LIMBA ROMANA": {"medie": 7.846226415094343, "reusita": 100.0, "cnt": 53}, "GENERAL": {"medie": 8.259748427672958, "reusita": 98.11320754716981, "cnt": 53}, "ISTORIE": {"medie": 8.56346153846154, "reusita": 100.0, "cnt": 26}, "LOGICA, ARGUMENTARE SI COMUNICARE": {"medie": 9.05, "reusita": 100.0, "cnt": 7}, "CHIMIE ORGANICA TEO NIVEL I/II": {"medie": 8.708333333333334, "reusita": 100.0, "cnt": 6}, "MATEMATICA ST-NAT": {"medie": 8.67222222222222, "reusita": 100.0, "cnt": 27}, "FIZICA TEO": {"medie": 9.225, "reusita": 100.0, "cnt": 4}, "GEOGRAFIE": {"medie": 7.761538461538462, "reusita": 100.0, "cnt": 13}, "ANATOMIE SI FIZIOLOGIE UMANA, GENETICA SI ECOLOGIE UMANA": {"medie": 7.856666666666667, "reusita": 100.0, "cnt": 15}, "BIOLOGIE VEGETALA SI ANIMALA": {"medie": 9.9, "reusita": 100.0, "cnt": 1}, "INFORMATICA SN C/C++": {"medie": 8.6, "reusita": 100.0, "cnt": 1}, "FILOSOFIE": {"medie": 9.029999999999998, "reusita": 100.0, "cnt": 5}, "ECONOMIE": {"medie": 5.75, "reusita": 100.0, "cnt": 1}}, "nume": "COLEGIUL ROMANO-CATOLIC \"SFANTUL IOSIF\"\tBucure\u0219ti"}