{"specializari": {"TEHNICIAN IN ACTIVITATI ECONOMICE": 87, "TEHNICIAN IN TURISM": 29, "TEHNICIAN IN GASTRONOMIE": 32, "TEHNICIAN IN ACTIVITATI DE COMERT": 27, "TEHNICIAN IN ADMINISTRATIE": 21}, "limba_moderna": {"LIMBA ENGLEZA": 194, "LIMBA FRANCEZA": 2}, "limba_materna": {"LIMBA ROMANA": 196}, "promotie_anterioara": {"NU": 187, "DA": 9}, "materii": {"LIMBA ROMANA": {"medie": 6.975773195876287, "reusita": 95.91836734693877, "cnt": 196}, "GENERAL": {"medie": 7.4218480138169305, "reusita": 83.16326530612244, "cnt": 196}, "LOGICA, ARGUMENTARE SI COMUNICARE": {"medie": 8.01153846153846, "reusita": 95.45454545454545, "cnt": 132}, "GEOGRAFIE": {"medie": 7.666935483870969, "reusita": 95.23809523809523, "cnt": 63}, "MATEMATICA TEHN": {"medie": 7.382731958762887, "reusita": 93.36734693877551, "cnt": 196}, "ECONOMIE": {"medie": 5.5, "reusita": 100.0, "cnt": 1}}, "nume": "COLEGIUL ECONOMIC \"OCTAV ONICESCU\" BOTOSANI\tBoto\u0219ani"}