{"specializari": {"TEHNICIAN IN AUTOMATIZARI": 18, "STIINTE ALE NATURII": 34, "MATEMATICA-INFORMATICA": 31, "TEHNICIAN TRANSPORTURI": 14, "TEHNICIAN MECATRONIST": 21, "TEHNICIAN MECANIC PENTRU INTRETINERE SI REPARATII": 4}, "limba_moderna": {"LIMBA ENGLEZA": 120, "LIMBA FRANCEZA": 2}, "limba_materna": {"LIMBA ROMANA": 122}, "promotie_anterioara": {"NU": 76, "DA": 46}, "materii": {"LIMBA ROMANA": {"medie": 5.6258620689655165, "reusita": 69.67213114754098, "cnt": 122}, "MATEMATICA MATE-INFO": {"medie": 5.288333333333333, "reusita": 74.19354838709677, "cnt": 31}, "INFORMATICA MI C/C++": {"medie": 4.35, "reusita": 50.0, "cnt": 2}, "GENERAL": {"medie": 5.241969696969697, "reusita": 28.688524590163933, "cnt": 122}, "MATEMATICA ST-NAT": {"medie": 4.9453125, "reusita": 55.88235294117647, "cnt": 34}, "ANATOMIE SI FIZIOLOGIE UMANA, GENETICA SI ECOLOGIE UMANA": {"medie": 5.838392857142855, "reusita": 71.1864406779661, "cnt": 59}, "CHIMIE ANORGANICA TEO NIVEL I/II": {"medie": 2.7, "reusita": 0.0, "cnt": 1}, "BIOLOGIE VEGETALA SI ANIMALA": {"medie": 4.395283018867925, "reusita": 36.84210526315789, "cnt": 57}, "MATEMATICA TEHN": {"medie": 4.791346153846154, "reusita": 56.14035087719298, "cnt": 57}, "FIZICA TEH": {"medie": "-", "reusita": 0.0, "cnt": 1}, "CHIMIE ORGANICA TEH NIVEL I/II": {"medie": 2.85, "reusita": 0.0, "cnt": 2}}, "nume": "COLEGIUL TEHNIC \"DIMITRIE LEONIDA\"\tBucure\u0219ti"}