{"specializari": {"FILOLOGIE": 68, "MATEMATICA-INFORMATICA": 146, "STIINTE SOCIALE": 30, "STIINTE ALE NATURII": 64}, "limba_moderna": {"LIMBA ENGLEZA": 302, "LIMBA FRANCEZA": 4, "LIMBA GERMANA MODERNA": 2}, "limba_materna": {"LIMBA ROMANA": 308}, "promotie_anterioara": {"NU": 307, "DA": 1}, "materii": {"LIMBA ROMANA": {"medie": 8.522077922077921, "reusita": 100.0, "cnt": 308}, "MATEMATICA MATE-INFO": {"medie": 9.021575342465754, "reusita": 99.31506849315068, "cnt": 146}, "INFORMATICA MI C/C++": {"medie": 9.217692307692309, "reusita": 100.0, "cnt": 65}, "GENERAL": {"medie": 8.925703463203467, "reusita": 99.35064935064936, "cnt": 308}, "ISTORIE": {"medie": 8.581122448979594, "reusita": 100.0, "cnt": 98}, "LOGICA, ARGUMENTARE SI COMUNICARE": {"medie": 9.517721518987342, "reusita": 100.0, "cnt": 79}, "CHIMIE ORGANICA TEO NIVEL I/II": {"medie": 9.60568181818182, "reusita": 100.0, "cnt": 44}, "MATEMATICA ST-NAT": {"medie": 9.253125, "reusita": 100.0, "cnt": 64}, "FIZICA TEO": {"medie": 9.073404255319147, "reusita": 100.0, "cnt": 47}, "GEOGRAFIE": {"medie": 8.116666666666667, "reusita": 100.0, "cnt": 3}, "PSIHOLOGIE": {"medie": 8.773076923076925, "reusita": 100.0, "cnt": 13}, "ANATOMIE SI FIZIOLOGIE UMANA, GENETICA SI ECOLOGIE UMANA": {"medie": 9.442452830188682, "reusita": 100.0, "cnt": 53}, "SOCIOLOGIE": {"medie": 9.399999999999999, "reusita": 100.0, "cnt": 2}, "INFORMATICA SN C/C++": {"medie": 7.5, "reusita": 100.0, "cnt": 1}, "ECONOMIE": {"medie": 6.95, "reusita": 100.0, "cnt": 1}}, "nume": "COLEGIUL NATIONAL \"ION C. BRATIANU\" PITESTI\tArge\u0219"}