{"specializari": {"MATEMATICA-INFORMATICA": 115}, "limba_moderna": {"LIMBA ENGLEZA": 115}, "limba_materna": {"LIMBA ROMANA": 115}, "promotie_anterioara": {"NU": 115}, "materii": {"LIMBA ROMANA": {"medie": 8.80130434782609, "reusita": 100.0, "cnt": 115}, "MATEMATICA MATE-INFO": {"medie": 9.128260869565215, "reusita": 100.0, "cnt": 115}, "INFORMATICA MI C/C++": {"medie": 8.56904761904762, "reusita": 100.0, "cnt": 21}, "GENERAL": {"medie": 9.017681159420286, "reusita": 100.0, "cnt": 115}, "CHIMIE ORGANICA TEO NIVEL I/II": {"medie": 9.025, "reusita": 100.0, "cnt": 2}, "FIZICA TEO": {"medie": 9.311764705882352, "reusita": 100.0, "cnt": 68}, "BIOLOGIE VEGETALA SI ANIMALA": {"medie": 9.083333333333334, "reusita": 100.0, "cnt": 24}}, "nume": "COLEGIUL NATIONAL MILITAR \"MIHAI VITEAZUL\" ALBA IULIA\tAlba"}