{"specializari": {"STIINTE SOCIALE": 34, "TEHNICIAN IN ACTIVITATI ECONOMICE": 67, "MATEMATICA-INFORMATICA": 27, "FILOLOGIE": 31, "STIINTE ALE NATURII": 25, "TEHNICIAN DESENATOR PENTRU CONSTRUCTII SI INSTALATII": 17, "TEHNICIAN MECATRONIST": 13, "TEHNICIAN IN INDUSTRIA TEXTILA": 11, "TEHNICIAN TRANSPORTURI": 5, "TEHNICIAN IN INSTALATII ELECTRICE": 2}, "limba_moderna": {"LIMBA ENGLEZA": 206, "LIMBA FRANCEZA": 21, "LIMBA GERMANA MODERNA": 4, "LIMBA RUSA": 1}, "limba_materna": {"LIMBA ROMANA": 232}, "promotie_anterioara": {"NU": 213, "DA": 19}, "materii": {"LIMBA ROMANA": {"medie": 7.475215517241376, "reusita": 97.41379310344827, "cnt": 232}, "MATEMATICA MATE-INFO": {"medie": 7.688888888888889, "reusita": 100.0, "cnt": 27}, "INFORMATICA MI C/C++": {"medie": 8.979166666666666, "reusita": 100.0, "cnt": 12}, "GENERAL": {"medie": 7.783551673944689, "reusita": 87.06896551724138, "cnt": 232}, "ISTORIE": {"medie": 9.136153846153844, "reusita": 100.0, "cnt": 65}, "LOGICA, ARGUMENTARE SI COMUNICARE": {"medie": 8.533495145631065, "reusita": 98.09523809523809, "cnt": 105}, "MATEMATICA ST-NAT": {"medie": 7.8420000000000005, "reusita": 96.0, "cnt": 25}, "GEOGRAFIE": {"medie": 8.131481481481481, "reusita": 100.0, "cnt": 27}, "ANATOMIE SI FIZIOLOGIE UMANA, GENETICA SI ECOLOGIE UMANA": {"medie": 7.696249999999999, "reusita": 97.5, "cnt": 40}, "BIOLOGIE VEGETALA SI ANIMALA": {"medie": 6.601086956521741, "reusita": 87.2340425531915, "cnt": 47}, "MATEMATICA TEHN": {"medie": 7.092105263157895, "reusita": 92.17391304347827, "cnt": 115}, "FIZICA TEH": {"medie": 7.65, "reusita": 100.0, "cnt": 1}}, "nume": "COLEGIUL TEHNIC RADAUTI\tSuceava"}