{"specializari": {"MATEMATICA-INFORMATICA": 24, "FILOLOGIE": 33, "STIINTE ALE NATURII": 47, "STIINTE SOCIALE": 33}, "limba_moderna": {"LIMBA ENGLEZA": 93, "LIMBA FRANCEZA": 44}, "limba_materna": {"LIMBA ROMANA": 137}, "promotie_anterioara": {"NU": 134, "DA": 3}, "materii": {"LIMBA ROMANA": {"medie": 7.262867647058826, "reusita": 91.97080291970804, "cnt": 137}, "MATEMATICA MATE-INFO": {"medie": 8.404166666666667, "reusita": 100.0, "cnt": 24}, "INFORMATICA MI C/C++": {"medie": 8.154545454545454, "reusita": 100.0, "cnt": 22}, "GENERAL": {"medie": 7.626817042606519, "reusita": 81.75182481751825, "cnt": 137}, "ISTORIE": {"medie": 7.131249999999998, "reusita": 83.33333333333334, "cnt": 66}, "LOGICA, ARGUMENTARE SI COMUNICARE": {"medie": 7.716666666666668, "reusita": 100.0, "cnt": 3}, "MATEMATICA ST-NAT": {"medie": 7.342222222222223, "reusita": 91.48936170212765, "cnt": 47}, "GEOGRAFIE": {"medie": 7.986206896551726, "reusita": 94.91525423728814, "cnt": 59}, "PSIHOLOGIE": {"medie": 9.0, "reusita": 100.0, "cnt": 2}, "ANATOMIE SI FIZIOLOGIE UMANA, GENETICA SI ECOLOGIE UMANA": {"medie": 8.277659574468085, "reusita": 93.87755102040816, "cnt": 49}, "SOCIOLOGIE": {"medie": 6.4, "reusita": 100.0, "cnt": 2}}, "nume": "COLEGIUL NATIONAL \"AVRAM IANCU\" CAMPENI\tAlba"}