{"specializari": {"MATEMATICA-INFORMATICA": 111}, "limba_moderna": {"LIMBA ENGLEZA": 111}, "limba_materna": {"LIMBA ROMANA": 111}, "promotie_anterioara": {"NU": 109, "DA": 2}, "materii": {"LIMBA ROMANA": {"medie": 7.7202702702702695, "reusita": 100.0, "cnt": 111}, "MATEMATICA MATE-INFO": {"medie": 8.469369369369371, "reusita": 100.0, "cnt": 111}, "INFORMATICA MI C/C++": {"medie": 7.595205479452056, "reusita": 94.52054794520548, "cnt": 73}, "GENERAL": {"medie": 7.967117117117121, "reusita": 95.4954954954955, "cnt": 111}, "CHIMIE ORGANICA TEO NIVEL I/II": {"medie": 9.166666666666666, "reusita": 100.0, "cnt": 3}, "FIZICA TEO": {"medie": 7.325, "reusita": 100.0, "cnt": 6}, "BIOLOGIE VEGETALA SI ANIMALA": {"medie": 7.934482758620687, "reusita": 96.55172413793103, "cnt": 29}}, "nume": "COLEGIUL NATIONAL MILITAR \"ALEXANDRU IOAN CUZA\" CONSTANTA\tConstan\u021ba"}