{"specializari": {"TEHNICIAN VETERINAR": 11, "TEHNICIAN IN TURISM": 14, "TEHNICIAN DESENATOR PENTRU CONSTRUCTII SI INSTALATII": 1, "ORGANIZATOR BANQUETING": 1, "TEHNICIAN IN ADMINISTRATIE": 1, "TEHNICIAN INSTALATOR PENTRU CONSTRUCTII": 1, "TEHNICIAN IN ACTIVITATI ECONOMICE": 1}, "limba_moderna": {"LIMBA ENGLEZA": 30}, "limba_materna": {"LIMBA ROMANA": 30}, "promotie_anterioara": {"NU": 14, "DA": 16}, "materii": {"LIMBA ROMANA": {"medie": 6.448275862068965, "reusita": 86.66666666666667, "cnt": 30}, "GENERAL": {"medie": 6.283928571428572, "reusita": 60.0, "cnt": 30}, "LOGICA, ARGUMENTARE SI COMUNICARE": {"medie": 8.3, "reusita": 100.0, "cnt": 1}, "GEOGRAFIE": {"medie": 7.15, "reusita": 100.0, "cnt": 15}, "ANATOMIE SI FIZIOLOGIE UMANA, GENETICA SI ECOLOGIE UMANA": {"medie": 6.142857142857143, "reusita": 85.71428571428571, "cnt": 7}, "BIOLOGIE VEGETALA SI ANIMALA": {"medie": 5.050000000000001, "reusita": 33.33333333333333, "cnt": 6}, "ECONOMIE": {"medie": 5.0, "reusita": 100.0, "cnt": 1}, "MATEMATICA TEHN": {"medie": 5.9696428571428575, "reusita": 76.66666666666667, "cnt": 30}}, "nume": "COLEGIUL \"EMIL NEGRUTIU\" TURDA\tCluj"}