{"specializari": {"MATEMATICA-INFORMATICA": 117}, "limba_moderna": {"LIMBA ENGLEZA": 97, "LIMBA FRANCEZA": 20}, "limba_materna": {"LIMBA ROMANA": 117}, "promotie_anterioara": {"NU": 117}, "materii": {"LIMBA ROMANA": {"medie": 8.781623931623935, "reusita": 100.0, "cnt": 117}, "MATEMATICA MATE-INFO": {"medie": 8.677777777777774, "reusita": 100.0, "cnt": 117}, "INFORMATICA MI C/C++": {"medie": 8.733783783783785, "reusita": 100.0, "cnt": 37}, "GENERAL": {"medie": 8.743874643874644, "reusita": 100.0, "cnt": 117}, "FIZICA TEO": {"medie": 8.794736842105262, "reusita": 100.0, "cnt": 38}, "CHIMIE ORGANICA TEO NIVEL I/II": {"medie": 9.4, "reusita": 100.0, "cnt": 7}, "CHIMIE ANORGANICA TEO NIVEL I/II": {"medie": 8.575, "reusita": 100.0, "cnt": 2}, "BIOLOGIE VEGETALA SI ANIMALA": {"medie": 8.66818181818182, "reusita": 100.0, "cnt": 33}}, "nume": "COLEGIUL NATIONAL MILITAR \"STEFAN CEL MARE\" CAMPULUNG MOLDOVENESC\tSuceava"}