{"specializari": {"TEHNICIAN ECOLOG SI PROTECTIA CALITATII MEDIULUI": 23, "TEHNICIAN IN CONSTRUCTII SI LUCRARI PUBLICE": 3, "TEHNICIAN ELECTROTEHNIST": 1, "MATEMATICA-INFORMATICA": 1, "TEHNICIAN IN PRELUCRAREA LEMNULUI": 1, "TEHNICIAN DESENATOR PENTRU CONSTRUCTII SI INSTALATII": 2, "TEHNICIAN DESIGNER MOBILA SI AMENAJARI INTERIOARE": 1}, "limba_moderna": {"LIMBA ENGLEZA": 31, "LIMBA FRANCEZA": 1}, "limba_materna": {"LIMBA ROMANA": 32}, "promotie_anterioara": {"NU": 21, "DA": 11}, "materii": {"LIMBA ROMANA": {"medie": 5.831250000000001, "reusita": 90.625, "cnt": 32}, "MATEMATICA MATE-INFO": {"medie": 1.0, "reusita": 0.0, "cnt": 1}, "GENERAL": {"medie": 6.298387096774193, "reusita": 59.375, "cnt": 32}, "ANATOMIE SI FIZIOLOGIE UMANA, GENETICA SI ECOLOGIE UMANA": {"medie": 6.771428571428571, "reusita": 85.71428571428571, "cnt": 7}, "BIOLOGIE VEGETALA SI ANIMALA": {"medie": 5.889473684210527, "reusita": 70.0, "cnt": 20}, "MATEMATICA TEHN": {"medie": 7.069354838709676, "reusita": 96.7741935483871, "cnt": 31}, "FIZICA TEH": {"medie": 3.25, "reusita": 0.0, "cnt": 2}, "CHIMIE ORGANICA TEH NIVEL I/II": {"medie": 8.75, "reusita": 100.0, "cnt": 1}, "CHIMIE ANORGANICA TEH NIVEL I/II": {"medie": 5.775, "reusita": 50.0, "cnt": 2}}, "nume": "COLEGIUL TEHNIC \"ANGHEL SALIGNY\" CLUJ-NAPOCA\tCluj"}