{"specializari": {"FILOLOGIE": 132, "MATEMATICA-INFORMATICA": 61, "STIINTE ALE NATURII": 89}, "limba_moderna": {"LIMBA ENGLEZA": 245, "LIMBA FRANCEZA": 22, "LIMBA GERMANA MODERNA": 9, "LIMBA SPANIOLA": 6}, "limba_materna": {"LIMBA ROMANA": 282}, "promotie_anterioara": {"NU": 282}, "materii": {"LIMBA ROMANA": {"medie": 8.26921708185054, "reusita": 99.64539007092199, "cnt": 282}, "MATEMATICA MATE-INFO": {"medie": 8.563934426229507, "reusita": 100.0, "cnt": 61}, "INFORMATICA MI C/C++": {"medie": 8.532758620689657, "reusita": 100.0, "cnt": 29}, "GENERAL": {"medie": 8.617674970344016, "reusita": 98.22695035460993, "cnt": 282}, "ISTORIE": {"medie": 8.539694656488546, "reusita": 97.72727272727273, "cnt": 132}, "LOGICA, ARGUMENTARE SI COMUNICARE": {"medie": 9.450806451612904, "reusita": 99.2, "cnt": 125}, "CHIMIE ORGANICA TEO NIVEL I/II": {"medie": 7.8, "reusita": 100.0, "cnt": 3}, "MATEMATICA ST-NAT": {"medie": 8.581460674157304, "reusita": 100.0, "cnt": 89}, "FIZICA TEO": {"medie": 8.645454545454546, "reusita": 100.0, "cnt": 11}, "GEOGRAFIE": {"medie": 8.700000000000001, "reusita": 100.0, "cnt": 3}, "PSIHOLOGIE": {"medie": 7.7, "reusita": 100.0, "cnt": 1}, "ANATOMIE SI FIZIOLOGIE UMANA, GENETICA SI ECOLOGIE UMANA": {"medie": 8.764285714285707, "reusita": 100.0, "cnt": 105}, "INFORMATICA SN C/C++": {"medie": 9.475, "reusita": 100.0, "cnt": 2}, "ECONOMIE": {"medie": 8.45, "reusita": 100.0, "cnt": 3}}, "nume": "COLEGIUL NATIONAL \"ELENA CUZA\" CRAIOVA\tDolj"}