{"specializari": {"TEHNICIAN ELECTRICIAN/ELECTRONIST AUTO": 6, "TEHNICIAN PRELUCRARI PE MASINI CU COMANDA NUMERICA": 14, "TEHNICIAN IN AUTOMATIZARI": 9, "TEHNICIAN PROIECTANT CAD": 2, "MATEMATICA-INFORMATICA": 6, "TEHNICIAN OPERATOR TEHNICA DE CALCUL": 1, "TEHNICIAN TRANSPORTURI": 1}, "limba_moderna": {"LIMBA ENGLEZA": 32, "LIMBA FRANCEZA": 7}, "limba_materna": {"LIMBA ROMANA": 39}, "promotie_anterioara": {"NU": 24, "DA": 15}, "materii": {"LIMBA ROMANA": {"medie": 6.136111111111109, "reusita": 89.74358974358975, "cnt": 39}, "MATEMATICA MATE-INFO": {"medie": 4.640000000000001, "reusita": 33.33333333333333, "cnt": 6}, "GENERAL": {"medie": 6.197979797979799, "reusita": 41.02564102564102, "cnt": 39}, "ANATOMIE SI FIZIOLOGIE UMANA, GENETICA SI ECOLOGIE UMANA": {"medie": 5.7, "reusita": 33.33333333333333, "cnt": 3}, "BIOLOGIE VEGETALA SI ANIMALA": {"medie": 6.633333333333331, "reusita": 90.9090909090909, "cnt": 22}, "MATEMATICA TEHN": {"medie": 6.3032258064516125, "reusita": 81.81818181818183, "cnt": 33}, "FIZICA TEH": {"medie": 5.566666666666666, "reusita": 66.66666666666666, "cnt": 3}, "CHIMIE ANORGANICA TEH NIVEL I/II": {"medie": 6.343750000000001, "reusita": 87.5, "cnt": 8}, "CHIMIE ORGANICA TEH NIVEL I/II": {"medie": 4.1, "reusita": 33.33333333333333, "cnt": 3}}, "nume": "COLEGIUL TEHNIC \"MIHAIL STURDZA\", IASI\tIa\u0219i"}