{"specializari": {"TEHNICIAN IN ACTIVITATI ECONOMICE": 120, "TEHNICIAN IN TURISM": 31, "TEHNICIAN IN GASTRONOMIE": 2, "TEHNICIAN IN ACTIVITATI DE COMERT": 1}, "limba_moderna": {"LIMBA ENGLEZA": 150, "LIMBA FRANCEZA": 4}, "limba_materna": {"LIMBA ROMANA": 154}, "promotie_anterioara": {"NU": 148, "DA": 6}, "materii": {"LIMBA ROMANA": {"medie": 7.127597402597405, "reusita": 98.7012987012987, "cnt": 154}, "GENERAL": {"medie": 7.774618736383443, "reusita": 91.55844155844156, "cnt": 154}, "LOGICA, ARGUMENTARE SI COMUNICARE": {"medie": 8.27445652173913, "reusita": 95.65217391304348, "cnt": 92}, "GEOGRAFIE": {"medie": 8.419491525423728, "reusita": 100.0, "cnt": 59}, "PSIHOLOGIE": {"medie": 7.75, "reusita": 100.0, "cnt": 2}, "ECONOMIE": {"medie": 6.6, "reusita": 100.0, "cnt": 1}, "MATEMATICA TEHN": {"medie": 7.8519607843137305, "reusita": 96.1038961038961, "cnt": 154}}, "nume": "COLEGIUL ECONOMIC \"MARIA TEIULEANU\" PITESTI\tArge\u0219"}