{"specializari": {"STIINTE SOCIALE": 66, "FILOLOGIE": 32, "STIINTE ALE NATURII": 97, "MATEMATICA-INFORMATICA": 101}, "limba_moderna": {"LIMBA ENGLEZA": 284, "LIMBA FRANCEZA": 8, "LIMBA GERMANA MODERNA": 4}, "limba_materna": {"LIMBA ROMANA": 296}, "promotie_anterioara": {"NU": 296}, "materii": {"LIMBA ROMANA": {"medie": 9.125932203389821, "reusita": 99.66216216216216, "cnt": 296}, "MATEMATICA MATE-INFO": {"medie": 9.281, "reusita": 99.00990099009901, "cnt": 101}, "INFORMATICA MI C/C++": {"medie": 9.667307692307693, "reusita": 96.29629629629629, "cnt": 27}, "GENERAL": {"medie": 9.343333333333325, "reusita": 99.32432432432432, "cnt": 296}, "ISTORIE": {"medie": 9.527551020408167, "reusita": 100.0, "cnt": 98}, "LOGICA, ARGUMENTARE SI COMUNICARE": {"medie": 9.411666666666667, "reusita": 98.33333333333333, "cnt": 60}, "GEOGRAFIE": {"medie": 9.63125, "reusita": 100.0, "cnt": 8}, "FIZICA TEO": {"medie": 9.46056338028169, "reusita": 100.0, "cnt": 71}, "CHIMIE ORGANICA TEO NIVEL I/II": {"medie": 9.702777777777776, "reusita": 100.0, "cnt": 54}, "MATEMATICA ST-NAT": {"medie": 9.578350515463914, "reusita": 100.0, "cnt": 97}, "PSIHOLOGIE": {"medie": 9.291666666666666, "reusita": 100.0, "cnt": 6}, "SOCIOLOGIE": {"medie": 9.005882352941178, "reusita": 100.0, "cnt": 17}, "ANATOMIE SI FIZIOLOGIE UMANA, GENETICA SI ECOLOGIE UMANA": {"medie": 9.106944444444444, "reusita": 100.0, "cnt": 36}, "CHIMIE ANORGANICA TEO NIVEL I/II": {"medie": 9.533333333333333, "reusita": 100.0, "cnt": 3}, "BIOLOGIE VEGETALA SI ANIMALA": {"medie": 9.8, "reusita": 100.0, "cnt": 1}, "INFORMATICA SN C/C++": {"medie": 9.933333333333332, "reusita": 100.0, "cnt": 6}, "ECONOMIE": {"medie": 8.907142857142857, "reusita": 100.0, "cnt": 7}}, "nume": "COLEGIUL NATIONAL \"GHEORGHE LAZAR\"\tBucure\u0219ti"}