{"specializari": {"TEHNICIAN ELECTRICIAN/ELECTRONIST AUTO": 35, "TEHNICIAN TRANSPORTURI": 21, "TEHNICIAN MECANIC PENTRU INTRETINERE SI REPARATII": 9, "TEHNICIAN ELECTROMECANIC": 1, "TEHNICIAN IN AUTOMATIZARI": 1, "TEHNICIAN OPERATOR TEHNICA DE CALCUL": 9, "TEHNICIAN OPERATORI ROBOTI INDUSTRIALI": 1}, "limba_moderna": {"LIMBA ENGLEZA": 76, "LIMBA FRANCEZA": 1}, "limba_materna": {"LIMBA ROMANA": 67, "LIMBA MAGHIARA": 10}, "promotie_anterioara": {"NU": 48, "DA": 29}, "materii": {"LIMBA ROMANA": {"medie": 5.35945945945946, "reusita": 76.62337662337663, "cnt": 77}, "GENERAL": {"medie": 5.319618055555552, "reusita": 27.27272727272727, "cnt": 77}, "BIOLOGIE VEGETALA SI ANIMALA": {"medie": 5.114925373134328, "reusita": 52.85714285714286, "cnt": 70}, "MATEMATICA TEHN": {"medie": 5.343243243243243, "reusita": 68.83116883116884, "cnt": 77}, "FIZICA TEH": {"medie": 5.125, "reusita": 50.0, "cnt": 2}, "LIMBA MAGHIARA (REAL)": {"medie": 5.038888888888889, "reusita": 40.0, "cnt": 10}, "CHIMIE ANORGANICA TEH NIVEL I/II": {"medie": 5.96, "reusita": 100.0, "cnt": 5}}, "nume": "COLEGIUL TEHNIC DE TRANSPORTURI \"TRANSILVANIA\" CLUJ-NAPOCA\tCluj"}