{"specializari": {"MATEMATICA-INFORMATICA": 211, "FILOLOGIE": 34, "STIINTE ALE NATURII": 29}, "limba_moderna": {"LIMBA ENGLEZA": 255, "LIMBA GERMANA MODERNA": 5, "LIMBA FRANCEZA": 14}, "limba_materna": {"LIMBA ROMANA": 274}, "promotie_anterioara": {"NU": 274}, "materii": {"LIMBA ROMANA": {"medie": 8.904927007299275, "reusita": 100.0, "cnt": 274}, "MATEMATICA MATE-INFO": {"medie": 9.219194312796208, "reusita": 99.52606635071089, "cnt": 211}, "INFORMATICA MI C/C++": {"medie": 9.376562499999999, "reusita": 100.0, "cnt": 32}, "GENERAL": {"medie": 9.18692214111922, "reusita": 98.90510948905109, "cnt": 274}, "ISTORIE": {"medie": 9.130882352941175, "reusita": 100.0, "cnt": 34}, "LOGICA, ARGUMENTARE SI COMUNICARE": {"medie": 9.359090909090908, "reusita": 100.0, "cnt": 11}, "GEOGRAFIE": {"medie": 9.691666666666666, "reusita": 100.0, "cnt": 6}, "FIZICA TEO": {"medie": 9.372596153846155, "reusita": 100.0, "cnt": 104}, "CHIMIE ORGANICA TEO NIVEL I/II": {"medie": 9.735384615384616, "reusita": 100.0, "cnt": 65}, "MATEMATICA ST-NAT": {"medie": 9.58448275862069, "reusita": 100.0, "cnt": 29}, "PSIHOLOGIE": {"medie": 9.4, "reusita": 100.0, "cnt": 1}, "SOCIOLOGIE": {"medie": 8.927777777777777, "reusita": 100.0, "cnt": 9}, "ANATOMIE SI FIZIOLOGIE UMANA, GENETICA SI ECOLOGIE UMANA": {"medie": 9.214285714285714, "reusita": 100.0, "cnt": 28}, "CHIMIE ANORGANICA TEO NIVEL I/II": {"medie": 8.5, "reusita": 100.0, "cnt": 2}, "BIOLOGIE VEGETALA SI ANIMALA": {"medie": 8.933333333333332, "reusita": 100.0, "cnt": 6}, "INFORMATICA SN C/C++": {"medie": 9.200000000000001, "reusita": 100.0, "cnt": 3}, "FILOSOFIE": {"medie": 8.2, "reusita": 100.0, "cnt": 1}, "ECONOMIE": {"medie": 9.200000000000001, "reusita": 100.0, "cnt": 6}}, "nume": "COLEGIUL NATIONAL \"SFANTUL SAVA\"\tBucure\u0219ti"}