{"specializari": {"FILOLOGIE": 32, "STIINTE ALE NATURII": 27, "MATEMATICA-INFORMATICA": 72, "TEHNICIAN IN AUTOMATIZARI": 32, "TEHNICIAN DE TELECOMUNICATII": 27, "TEHNICIAN MECANIC PENTRU INTRETINERE SI REPARATII": 28, "TEHNICIAN PROIECTANT CAD": 35, "TEHNICIAN MECATRONIST": 8}, "limba_moderna": {"LIMBA ENGLEZA": 257, "LIMBA FRANCEZA": 4}, "limba_materna": {"LIMBA ROMANA": 261}, "promotie_anterioara": {"NU": 221, "DA": 40}, "materii": {"LIMBA ROMANA": {"medie": 7.289575289575294, "reusita": 97.70114942528735, "cnt": 261}, "MATEMATICA MATE-INFO": {"medie": 6.787499999999999, "reusita": 93.05555555555556, "cnt": 72}, "INFORMATICA MI C/C++": {"medie": 7.054166666666666, "reusita": 94.44444444444444, "cnt": 36}, "GENERAL": {"medie": 7.242866407263298, "reusita": 78.544061302682, "cnt": 261}, "ISTORIE": {"medie": 8.2328125, "reusita": 96.875, "cnt": 32}, "LOGICA, ARGUMENTARE SI COMUNICARE": {"medie": 8.474, "reusita": 100.0, "cnt": 25}, "CHIMIE ORGANICA TEO NIVEL I/II": {"medie": 8.47857142857143, "reusita": 100.0, "cnt": 7}, "MATEMATICA ST-NAT": {"medie": 8.379629629629628, "reusita": 100.0, "cnt": 27}, "FIZICA TEO": {"medie": 8.128124999999999, "reusita": 100.0, "cnt": 16}, "GEOGRAFIE": {"medie": 7.216666666666666, "reusita": 100.0, "cnt": 3}, "PSIHOLOGIE": {"medie": 8.975, "reusita": 100.0, "cnt": 4}, "ANATOMIE SI FIZIOLOGIE UMANA, GENETICA SI ECOLOGIE UMANA": {"medie": 7.425, "reusita": 92.3076923076923, "cnt": 13}, "BIOLOGIE VEGETALA SI ANIMALA": {"medie": 6.687777777777779, "reusita": 83.33333333333334, "cnt": 138}, "INFORMATICA SN C/C++": {"medie": 6.15, "reusita": 100.0, "cnt": 1}, "MATEMATICA TEHN": {"medie": 6.940624999999995, "reusita": 91.53846153846153, "cnt": 130}, "FIZICA TEH": {"medie": 8.156666666666666, "reusita": 93.33333333333333, "cnt": 15}, "CHIMIE ANORGANICA TEH NIVEL I/II": {"medie": 5.6499999999999995, "reusita": 100.0, "cnt": 3}}, "nume": "COLEGIUL \"SPIRU HARET\", MUNICIPIUL PLOIESTI\tPrahova"}