{"specializari": {"LICEU CU PROGRAM SPORTIV": 21, "TEHNICIAN PROIECTANT CAD": 3, "TEHNICIAN IN INSTALATII ELECTRICE": 1, "TEHNICIAN ELECTROMECANIC": 2, "TEHNICIAN ELECTROTEHNIST": 2, "TEHNICIAN MECANIC PENTRU INTRETINERE SI REPARATII": 2}, "limba_moderna": {"LIMBA ENGLEZA": 28, "LIMBA FRANCEZA": 3}, "limba_materna": {"LIMBA ROMANA": 31}, "promotie_anterioara": {"NU": 14, "DA": 17}, "materii": {"LIMBA ROMANA": {"medie": 5.473214285714286, "reusita": 70.96774193548387, "cnt": 31}, "GENERAL": {"medie": 6.307333333333335, "reusita": 35.483870967741936, "cnt": 31}, "ISTORIE": {"medie": 6.525, "reusita": 76.19047619047619, "cnt": 21}, "LOGICA, ARGUMENTARE SI COMUNICARE": {"medie": 7.471875, "reusita": 93.75, "cnt": 16}, "GEOGRAFIE": {"medie": 7.3375, "reusita": 80.0, "cnt": 5}, "BIOLOGIE VEGETALA SI ANIMALA": {"medie": 5.8125, "reusita": 37.5, "cnt": 8}, "MATEMATICA TEHN": {"medie": 5.26, "reusita": 40.0, "cnt": 10}, "FIZICA TEH": {"medie": "-", "reusita": 0.0, "cnt": 1}, "CHIMIE ANORGANICA TEH NIVEL I/II": {"medie": 4.55, "reusita": 0.0, "cnt": 1}}, "nume": "COLEGIUL TEHNIC \"AUREL VLAICU\" BAIA MARE\tMaramure\u0219"}