{"specializari": {"FILOLOGIE": 87, "MATEMATICA-INFORMATICA": 57}, "limba_moderna": {"LIMBA FRANCEZA": 16, "LIMBA ENGLEZA": 126, "LIMBA GERMANA MODERNA": 2}, "limba_materna": {"LIMBA ROMANA": 144}, "promotie_anterioara": {"NU": 144}, "materii": {"LIMBA ROMANA": {"medie": 7.706597222222224, "reusita": 98.61111111111111, "cnt": 144}, "MATEMATICA MATE-INFO": {"medie": 8.115789473684213, "reusita": 100.0, "cnt": 57}, "INFORMATICA MI C/C++": {"medie": 8.185294117647059, "reusita": 100.0, "cnt": 34}, "GENERAL": {"medie": 8.09708624708625, "reusita": 95.83333333333334, "cnt": 144}, "ISTORIE": {"medie": 8.312068965517243, "reusita": 100.0, "cnt": 87}, "LOGICA, ARGUMENTARE SI COMUNICARE": {"medie": 8.3, "reusita": 97.26027397260275, "cnt": 73}, "CHIMIE ORGANICA TEO NIVEL I/II": {"medie": 9.8, "reusita": 100.0, "cnt": 2}, "FIZICA TEO": {"medie": 7.877777777777778, "reusita": 100.0, "cnt": 9}, "GEOGRAFIE": {"medie": 8.716666666666667, "reusita": 100.0, "cnt": 9}, "PSIHOLOGIE": {"medie": 8.6625, "reusita": 100.0, "cnt": 4}, "ANATOMIE SI FIZIOLOGIE UMANA, GENETICA SI ECOLOGIE UMANA": {"medie": 8.136363636363637, "reusita": 100.0, "cnt": 11}, "CHIMIE ANORGANICA TEO NIVEL I/II": {"medie": 8.8, "reusita": 100.0, "cnt": 1}, "SOCIOLOGIE": {"medie": 9.55, "reusita": 100.0, "cnt": 1}}, "nume": "COLEGIUL NATIONAL \"ALEXANDRU IOAN CUZA\", LOCALITATEA GALATI\tGala\u021bi"}