{"specializari": {"STIINTE ALE NATURII": 29, "FILOLOGIE": 60, "MATEMATICA-INFORMATICA": 58}, "limba_moderna": {"LIMBA ENGLEZA": 120, "LIMBA FRANCEZA": 17, "LIMBA GERMANA MODERNA": 10}, "limba_materna": {"LIMBA ROMANA": 147}, "promotie_anterioara": {"NU": 147}, "materii": {"LIMBA ROMANA": {"medie": 8.235714285714284, "reusita": 100.0, "cnt": 147}, "MATEMATICA MATE-INFO": {"medie": 8.198275862068964, "reusita": 100.0, "cnt": 58}, "INFORMATICA MI C/C++": {"medie": 7.689473684210526, "reusita": 100.0, "cnt": 19}, "GENERAL": {"medie": 8.540929705215424, "reusita": 98.63945578231292, "cnt": 147}, "ISTORIE": {"medie": 8.694166666666664, "reusita": 100.0, "cnt": 60}, "LOGICA, ARGUMENTARE SI COMUNICARE": {"medie": 9.457142857142857, "reusita": 100.0, "cnt": 42}, "GEOGRAFIE": {"medie": 9.173529411764704, "reusita": 100.0, "cnt": 17}, "FIZICA TEO": {"medie": 8.355, "reusita": 100.0, "cnt": 10}, "CHIMIE ORGANICA TEO NIVEL I/II": {"medie": 9.25, "reusita": 100.0, "cnt": 3}, "MATEMATICA ST-NAT": {"medie": 8.899999999999999, "reusita": 100.0, "cnt": 29}, "PSIHOLOGIE": {"medie": 7.3, "reusita": 100.0, "cnt": 1}, "ANATOMIE SI FIZIOLOGIE UMANA, GENETICA SI ECOLOGIE UMANA": {"medie": 8.754716981132077, "reusita": 100.0, "cnt": 53}, "CHIMIE ANORGANICA TEO NIVEL I/II": {"medie": 9.4, "reusita": 100.0, "cnt": 2}}, "nume": "COLEGIUL NATIONAL \"VASILE ALECSANDRI\", IASI\tIa\u0219i"}