{"specializari": {"TEHNICIAN DE TELECOMUNICATII": 61, "TEHNICIAN IN ACTIVITATI ECONOMICE": 58, "TEHNICIAN IN TURISM": 30, "TEHNICIAN IN AUTOMATIZARI": 28, "TEHNICIAN IN INSTALATII ELECTRICE": 26, "TEHNICIAN IN ACTIVITATI DE COMERT": 1, "TEHNICIAN ELECTROTEHNIST": 1, "TEHNICIAN OPERATOR TEHNICA DE CALCUL": 4, "TEHNICIAN PROIECTANT CAD": 3, "TEHNICIAN ELECTROMECANIC": 1}, "limba_moderna": {"LIMBA ENGLEZA": 212, "LIMBA FRANCEZA": 1}, "limba_materna": {"LIMBA ROMANA": 213}, "promotie_anterioara": {"NU": 168, "DA": 45}, "materii": {"LIMBA ROMANA": {"medie": 6.149999999999996, "reusita": 91.54929577464789, "cnt": 213}, "GENERAL": {"medie": 6.354941373534338, "reusita": 53.051643192488264, "cnt": 213}, "LOGICA, ARGUMENTARE SI COMUNICARE": {"medie": 8.15, "reusita": 100.0, "cnt": 10}, "GEOGRAFIE": {"medie": 7.853030303030306, "reusita": 91.54929577464789, "cnt": 71}, "PSIHOLOGIE": {"medie": 6.510000000000001, "reusita": 100.0, "cnt": 5}, "BIOLOGIE VEGETALA SI ANIMALA": {"medie": 5.112946428571427, "reusita": 57.01754385964912, "cnt": 114}, "ECONOMIE": {"medie": 6.433333333333334, "reusita": 100.0, "cnt": 3}, "MATEMATICA TEHN": {"medie": 6.579411764705877, "reusita": 84.50704225352112, "cnt": 213}, "FIZICA TEH": {"medie": 4.89, "reusita": 50.0, "cnt": 8}, "CHIMIE ANORGANICA TEH NIVEL I/II": {"medie": 5.5, "reusita": 50.0, "cnt": 2}}, "nume": "COLEGIUL TEHNIC \"EMANUIL UNGUREANU\" TIMISOARA\tTimi\u0219"}