{"specializari": {"STIINTE SOCIALE": 34, "STIINTE ALE NATURII": 30, "MATEMATICA-INFORMATICA": 115, "FILOLOGIE": 33}, "limba_moderna": {"LIMBA ENGLEZA": 207, "LIMBA GERMANA MODERNA": 5}, "limba_materna": {"LIMBA ROMANA": 212}, "promotie_anterioara": {"NU": 210, "DA": 2}, "materii": {"LIMBA ROMANA": {"medie": 8.507547169811318, "reusita": 99.52830188679245, "cnt": 212}, "MATEMATICA MATE-INFO": {"medie": 9.02913043478261, "reusita": 100.0, "cnt": 115}, "INFORMATICA MI C/C++": {"medie": 9.241428571428573, "reusita": 100.0, "cnt": 35}, "GENERAL": {"medie": 9.007424960505524, "reusita": 98.58490566037736, "cnt": 212}, "ISTORIE": {"medie": 9.296268656716414, "reusita": 100.0, "cnt": 67}, "LOGICA, ARGUMENTARE SI COMUNICARE": {"medie": 9.5, "reusita": 100.0, "cnt": 37}, "CHIMIE ORGANICA TEO NIVEL I/II": {"medie": 9.3875, "reusita": 100.0, "cnt": 16}, "MATEMATICA ST-NAT": {"medie": 9.124999999999996, "reusita": 100.0, "cnt": 30}, "FIZICA TEO": {"medie": 9.555172413793102, "reusita": 100.0, "cnt": 58}, "GEOGRAFIE": {"medie": 9.347916666666666, "reusita": 96.0, "cnt": 25}, "PSIHOLOGIE": {"medie": 7.266666666666667, "reusita": 66.66666666666666, "cnt": 3}, "ANATOMIE SI FIZIOLOGIE UMANA, GENETICA SI ECOLOGIE UMANA": {"medie": 9.034782608695652, "reusita": 100.0, "cnt": 23}, "BIOLOGIE VEGETALA SI ANIMALA": {"medie": 9.545833333333334, "reusita": 100.0, "cnt": 12}, "INFORMATICA SN C/C++": {"medie": 8.1, "reusita": 100.0, "cnt": 1}, "FILOSOFIE": {"medie": 10.0, "reusita": 100.0, "cnt": 1}, "ECONOMIE": {"medie": 7.9, "reusita": 100.0, "cnt": 1}}, "nume": "COLEGIUL NATIONAL \"UNIREA\" FOCSANI\tVrancea"}