{"specializari": {"MATEMATICA-INFORMATICA": 48, "FILOLOGIE": 35, "STIINTE ALE NATURII": 27}, "limba_moderna": {"LIMBA ENGLEZA": 94, "LIMBA FRANCEZA": 9, "LIMBA GERMANA MODERNA": 7}, "limba_materna": {"LIMBA ROMANA": 110}, "promotie_anterioara": {"NU": 104, "DA": 6}, "materii": {"LIMBA ROMANA": {"medie": 7.136697247706423, "reusita": 96.36363636363636, "cnt": 110}, "MATEMATICA MATE-INFO": {"medie": 7.566666666666667, "reusita": 91.66666666666666, "cnt": 48}, "INFORMATICA MI C/C++": {"medie": 8.527272727272726, "reusita": 100.0, "cnt": 11}, "GENERAL": {"medie": 7.5267584097859315, "reusita": 84.54545454545455, "cnt": 110}, "ISTORIE": {"medie": 7.3985294117647085, "reusita": 97.14285714285714, "cnt": 35}, "LOGICA, ARGUMENTARE SI COMUNICARE": {"medie": 8.91451612903226, "reusita": 93.75, "cnt": 32}, "GEOGRAFIE": {"medie": 7.133333333333333, "reusita": 100.0, "cnt": 3}, "FIZICA TEO": {"medie": 8.516666666666667, "reusita": 100.0, "cnt": 3}, "CHIMIE ORGANICA TEO NIVEL I/II": {"medie": 9.1, "reusita": 100.0, "cnt": 1}, "MATEMATICA ST-NAT": {"medie": 6.407407407407408, "reusita": 88.88888888888889, "cnt": 27}, "ANATOMIE SI FIZIOLOGIE UMANA, GENETICA SI ECOLOGIE UMANA": {"medie": 7.866949152542372, "reusita": 98.30508474576271, "cnt": 59}, "BIOLOGIE VEGETALA SI ANIMALA": {"medie": 5.25, "reusita": 100.0, "cnt": 1}}, "nume": "COLEGIUL NATIONAL \"TRAIAN DODA\" CARANSEBES\tCara\u0219-Severin"}