{"specializari": {"TEHNICIAN OPERATOR TEHNICA DE CALCUL": 44, "TEHNICIAN IN AUTOMATIZARI": 51, "TEHNICIAN DE TELECOMUNICATII": 19, "TEHNICIAN ELECTRONIST": 6, "MATEMATICA-INFORMATICA": 1}, "limba_moderna": {"LIMBA ENGLEZA": 117, "LIMBA FRANCEZA": 4}, "limba_materna": {"LIMBA ROMANA": 121}, "promotie_anterioara": {"NU": 89, "DA": 32}, "materii": {"LIMBA ROMANA": {"medie": 6.036363636363635, "reusita": 91.73553719008265, "cnt": 121}, "MATEMATICA MATE-INFO": {"medie": 2.85, "reusita": 0.0, "cnt": 1}, "GENERAL": {"medie": 6.121652421652421, "reusita": 49.586776859504134, "cnt": 121}, "BIOLOGIE VEGETALA SI ANIMALA": {"medie": 5.492647058823532, "reusita": 65.71428571428571, "cnt": 105}, "MATEMATICA TEHN": {"medie": 6.618803418803414, "reusita": 89.16666666666667, "cnt": 120}, "FIZICA TEH": {"medie": 6.950000000000002, "reusita": 81.25, "cnt": 16}}, "nume": "COLEGIUL TEHNIC \"GEORGE BARITIU\" BAIA MARE\tMaramure\u0219"}