{"specializari": {"STIINTE ALE NATURII": 31, "FILOLOGIE": 65, "MATEMATICA-INFORMATICA": 29}, "limba_moderna": {"LIMBA ENGLEZA": 118, "LIMBA FRANCEZA": 7}, "limba_materna": {"LIMBA ROMANA": 125}, "promotie_anterioara": {"NU": 117, "DA": 8}, "materii": {"LIMBA ROMANA": {"medie": 7.378800000000001, "reusita": 97.6, "cnt": 125}, "MATEMATICA MATE-INFO": {"medie": 7.660344827586208, "reusita": 100.0, "cnt": 29}, "INFORMATICA MI C/C++": {"medie": 9.137500000000001, "reusita": 100.0, "cnt": 4}, "GENERAL": {"medie": 7.527466666666668, "reusita": 86.4, "cnt": 125}, "ISTORIE": {"medie": 7.324615384615383, "reusita": 96.92307692307692, "cnt": 65}, "MATEMATICA ST-NAT": {"medie": 6.5677419354838715, "reusita": 83.87096774193549, "cnt": 31}, "FIZICA TEO": {"medie": 7.95, "reusita": 100.0, "cnt": 1}, "GEOGRAFIE": {"medie": 7.93898305084746, "reusita": 100.0, "cnt": 59}, "ANATOMIE SI FIZIOLOGIE UMANA, GENETICA SI ECOLOGIE UMANA": {"medie": 7.895454545454545, "reusita": 100.0, "cnt": 55}, "SOCIOLOGIE": {"medie": 8.575000000000001, "reusita": 100.0, "cnt": 6}}, "nume": "COLEGIUL NATIONAL \"OCTAVIAN GOGA\" MARGHITA\tBihor"}