{"specializari": {"MUZICA": 65}, "limba_moderna": {"LIMBA ENGLEZA": 64, "LIMBA FRANCEZA": 1}, "limba_materna": {"LIMBA ROMANA": 65}, "promotie_anterioara": {"NU": 61, "DA": 4}, "materii": {"LIMBA ROMANA": {"medie": 6.813846153846155, "reusita": 92.3076923076923, "cnt": 65}, "GENERAL": {"medie": 7.438461538461535, "reusita": 80.0, "cnt": 65}, "ISTORIE": {"medie": 7.56307692307692, "reusita": 92.3076923076923, "cnt": 65}, "LOGICA, ARGUMENTARE SI COMUNICARE": {"medie": 7.2093750000000005, "reusita": 87.5, "cnt": 16}, "GEOGRAFIE": {"medie": 8.238095238095239, "reusita": 100.0, "cnt": 42}, "PSIHOLOGIE": {"medie": 7.491666666666667, "reusita": 100.0, "cnt": 6}, "FILOSOFIE": {"medie": 9.7, "reusita": 100.0, "cnt": 1}}, "nume": "COLEGIUL NATIONAL DE MUZICA \"GEORGE ENESCU\"\tBucure\u0219ti"}