{"specializari": {"MATEMATICA-INFORMATICA": 114, "STIINTE ALE NATURII": 59, "STIINTE SOCIALE": 28}, "limba_moderna": {"LIMBA ENGLEZA": 197, "LIMBA FRANCEZA": 2, "LIMBA GERMANA MODERNA": 2}, "limba_materna": {"LIMBA ROMANA": 201}, "promotie_anterioara": {"NU": 201}, "materii": {"LIMBA ROMANA": {"medie": 8.803233830845766, "reusita": 100.0, "cnt": 201}, "MATEMATICA MATE-INFO": {"medie": 8.900877192982453, "reusita": 100.0, "cnt": 114}, "INFORMATICA MI C/C++": {"medie": 9.041666666666666, "reusita": 100.0, "cnt": 42}, "GENERAL": {"medie": 8.934162520729684, "reusita": 99.50248756218906, "cnt": 201}, "ISTORIE": {"medie": 9.119642857142859, "reusita": 100.0, "cnt": 28}, "LOGICA, ARGUMENTARE SI COMUNICARE": {"medie": 9.733333333333334, "reusita": 100.0, "cnt": 9}, "GEOGRAFIE": {"medie": 9.286666666666665, "reusita": 100.0, "cnt": 15}, "FIZICA TEO": {"medie": 9.42, "reusita": 100.0, "cnt": 5}, "CHIMIE ORGANICA TEO NIVEL I/II": {"medie": 8.947222222222221, "reusita": 100.0, "cnt": 18}, "MATEMATICA ST-NAT": {"medie": 9.278813559322034, "reusita": 100.0, "cnt": 59}, "PSIHOLOGIE": {"medie": 9.2, "reusita": 100.0, "cnt": 2}, "SOCIOLOGIE": {"medie": 9.875, "reusita": 100.0, "cnt": 2}, "ANATOMIE SI FIZIOLOGIE UMANA, GENETICA SI ECOLOGIE UMANA": {"medie": 8.792929292929296, "reusita": 100.0, "cnt": 99}, "CHIMIE ANORGANICA TEO NIVEL I/II": {"medie": 8.53, "reusita": 100.0, "cnt": 5}, "BIOLOGIE VEGETALA SI ANIMALA": {"medie": 8.65, "reusita": 100.0, "cnt": 1}, "INFORMATICA SN C/C++": {"medie": 8.533333333333333, "reusita": 100.0, "cnt": 3}}, "nume": "COLEGIUL NATIONAL \"EMANUIL GOJDU\" ORADEA\tBihor"}