{"specializari": {"STIINTE ALE NATURII": 78, "FILOLOGIE": 64, "MATEMATICA-INFORMATICA": 26, "STIINTE SOCIALE": 31}, "limba_moderna": {"LIMBA ENGLEZA": 194, "LIMBA FRANCEZA": 5}, "limba_materna": {"LIMBA ROMANA": 199}, "promotie_anterioara": {"NU": 199}, "materii": {"LIMBA ROMANA": {"medie": 7.547989949748746, "reusita": 98.99497487437185, "cnt": 199}, "MATEMATICA MATE-INFO": {"medie": 9.06923076923077, "reusita": 100.0, "cnt": 26}, "INFORMATICA MI C/C++": {"medie": 8.853846153846153, "reusita": 100.0, "cnt": 13}, "GENERAL": {"medie": 8.120686767169177, "reusita": 95.47738693467338, "cnt": 199}, "ISTORIE": {"medie": 7.686315789473683, "reusita": 100.0, "cnt": 95}, "LOGICA, ARGUMENTARE SI COMUNICARE": {"medie": 8.638043478260867, "reusita": 97.82608695652173, "cnt": 92}, "GEOGRAFIE": {"medie": 8.133333333333333, "reusita": 100.0, "cnt": 3}, "FIZICA TEO": {"medie": 8.59375, "reusita": 100.0, "cnt": 8}, "CHIMIE ORGANICA TEO NIVEL I/II": {"medie": 9.308333333333332, "reusita": 100.0, "cnt": 18}, "MATEMATICA ST-NAT": {"medie": 8.564743589743589, "reusita": 98.71794871794873, "cnt": 78}, "ANATOMIE SI FIZIOLOGIE UMANA, GENETICA SI ECOLOGIE UMANA": {"medie": 8.3575, "reusita": 100.0, "cnt": 60}, "INFORMATICA SN C/C++": {"medie": 8.0, "reusita": 100.0, "cnt": 5}}, "nume": "COLEGIUL NATIONAL \"CUZA VODA\", MUN. HUSI\tVaslui"}