{"specializari": {"LICEU CU PROGRAM SPORTIV": 20, "TEHNICIAN IN INSTALATII ELECTRICE": 16, "TEHNICIAN DESENATOR PENTRU CONSTRUCTII SI INSTALATII": 13, "TEHNICIAN PRELUCRARI PE MASINI CU COMANDA NUMERICA": 6, "TEHNICIAN MECATRONIST": 5}, "limba_moderna": {"LIMBA ENGLEZA": 51, "LIMBA FRANCEZA": 9}, "limba_materna": {"LIMBA ROMANA": 60}, "promotie_anterioara": {"NU": 36, "DA": 24}, "materii": {"LIMBA ROMANA": {"medie": 5.622881355932202, "reusita": 83.33333333333334, "cnt": 60}, "GENERAL": {"medie": 6.137272727272728, "reusita": 43.333333333333336, "cnt": 60}, "ISTORIE": {"medie": 7.434210526315789, "reusita": 95.0, "cnt": 20}, "GEOGRAFIE": {"medie": 8.026315789473685, "reusita": 95.0, "cnt": 20}, "BIOLOGIE VEGETALA SI ANIMALA": {"medie": 4.980434782608698, "reusita": 40.0, "cnt": 25}, "MATEMATICA TEHN": {"medie": 5.718918918918919, "reusita": 77.5, "cnt": 40}, "FIZICA TEH": {"medie": 6.473076923076922, "reusita": 73.33333333333333, "cnt": 15}}, "nume": "COLEGIUL TEHNIC \"ANGHEL SALIGNY\" BAIA MARE\tMaramure\u0219"}