{"specializari": {"FILOLOGIE": 82, "MATEMATICA-INFORMATICA": 30, "STIINTE ALE NATURII": 27, "STIINTE SOCIALE": 30}, "limba_moderna": {"LIMBA ENGLEZA": 140, "LIMBA FRANCEZA": 29}, "limba_materna": {"LIMBA ROMANA": 169}, "promotie_anterioara": {"NU": 159, "DA": 10}, "materii": {"LIMBA ROMANA": {"medie": 6.718263473053892, "reusita": 92.3076923076923, "cnt": 169}, "MATEMATICA MATE-INFO": {"medie": 7.218333333333334, "reusita": 93.33333333333333, "cnt": 30}, "INFORMATICA MI C/C++": {"medie": 7.830000000000001, "reusita": 90.0, "cnt": 10}, "GENERAL": {"medie": 7.110179640718565, "reusita": 76.33136094674556, "cnt": 169}, "ISTORIE": {"medie": 6.513839285714284, "reusita": 92.85714285714286, "cnt": 112}, "LOGICA, ARGUMENTARE SI COMUNICARE": {"medie": 7.2823529411764705, "reusita": 94.11764705882352, "cnt": 17}, "CHIMIE ORGANICA TEO NIVEL I/II": {"medie": 8.6, "reusita": 100.0, "cnt": 1}, "MATEMATICA ST-NAT": {"medie": 6.9653846153846155, "reusita": 85.18518518518519, "cnt": 27}, "FIZICA TEO": {"medie": 6.25, "reusita": 66.66666666666666, "cnt": 3}, "GEOGRAFIE": {"medie": 8.183152173913044, "reusita": 98.91304347826086, "cnt": 92}, "PSIHOLOGIE": {"medie": 7.75, "reusita": 100.0, "cnt": 1}, "ANATOMIE SI FIZIOLOGIE UMANA, GENETICA SI ECOLOGIE UMANA": {"medie": 7.6695121951219525, "reusita": 95.1219512195122, "cnt": 41}, "BIOLOGIE VEGETALA SI ANIMALA": {"medie": "-", "reusita": 0.0, "cnt": 1}, "SOCIOLOGIE": {"medie": 7.5, "reusita": 100.0, "cnt": 2}, "INFORMATICA SN C/C++": {"medie": 5.6, "reusita": 100.0, "cnt": 1}}, "nume": "COLEGIUL NATIONAL \"COSTACHE NEGRI\" TARGU OCNA\tBac\u0103u"}