{"specializari": {"MATEMATICA-INFORMATICA": 87, "STIINTE ALE NATURII": 65, "STIINTE SOCIALE": 30}, "limba_moderna": {"LIMBA ENGLEZA": 177, "LIMBA GERMANA MODERNA": 3, "LIMBA SPANIOLA": 1, "LIMBA FRANCEZA": 1}, "limba_materna": {"LIMBA ROMANA": 182}, "promotie_anterioara": {"NU": 182}, "materii": {"LIMBA ROMANA": {"medie": 8.654945054945062, "reusita": 100.0, "cnt": 182}, "MATEMATICA MATE-INFO": {"medie": 8.989080459770115, "reusita": 100.0, "cnt": 87}, "INFORMATICA MI C/C++": {"medie": 9.44090909090909, "reusita": 100.0, "cnt": 44}, "GENERAL": {"medie": 8.913644688644693, "reusita": 99.45054945054946, "cnt": 182}, "ISTORIE": {"medie": 9.261666666666665, "reusita": 100.0, "cnt": 30}, "LOGICA, ARGUMENTARE SI COMUNICARE": {"medie": 8.256818181818183, "reusita": 100.0, "cnt": 22}, "CHIMIE ORGANICA TEO NIVEL I/II": {"medie": 9.506818181818183, "reusita": 100.0, "cnt": 22}, "MATEMATICA ST-NAT": {"medie": 9.178461538461539, "reusita": 100.0, "cnt": 65}, "FIZICA TEO": {"medie": 8.825, "reusita": 100.0, "cnt": 26}, "GEOGRAFIE": {"medie": 9.683333333333334, "reusita": 100.0, "cnt": 3}, "PSIHOLOGIE": {"medie": 8.950000000000001, "reusita": 100.0, "cnt": 3}, "ANATOMIE SI FIZIOLOGIE UMANA, GENETICA SI ECOLOGIE UMANA": {"medie": 8.744642857142857, "reusita": 100.0, "cnt": 56}, "CHIMIE ANORGANICA TEO NIVEL I/II": {"medie": 9.95, "reusita": 100.0, "cnt": 1}, "BIOLOGIE VEGETALA SI ANIMALA": {"medie": 9.066666666666668, "reusita": 100.0, "cnt": 3}, "FILOSOFIE": {"medie": 10.0, "reusita": 100.0, "cnt": 1}, "ECONOMIE": {"medie": 6.75, "reusita": 100.0, "cnt": 1}}, "nume": "COLEGIUL NATIONAL \"STEFAN CEL MARE\" SUCEAVA\tSuceava"}