{"specializari": {"TEHNICIAN IN ACTIVITATI ECONOMICE": 139, "TEHNICIAN IN TURISM": 34, "TEHNICIAN IN ACTIVITATI DE COMERT": 28, "TEHNICIAN IN GASTRONOMIE": 20, "ORGANIZATOR BANQUETING": 22, "TEHNICIAN IN ADMINISTRATIE": 3}, "limba_moderna": {"LIMBA ENGLEZA": 243, "LIMBA GERMANA MODERNA": 1, "LIMBA FRANCEZA": 2}, "limba_materna": {"LIMBA ROMANA": 246}, "promotie_anterioara": {"NU": 219, "DA": 27}, "materii": {"LIMBA ROMANA": {"medie": 6.185102040816322, "reusita": 90.65040650406505, "cnt": 246}, "GENERAL": {"medie": 6.587722908093278, "reusita": 67.07317073170732, "cnt": 246}, "LOGICA, ARGUMENTARE SI COMUNICARE": {"medie": 7.6066666666666665, "reusita": 93.33333333333333, "cnt": 30}, "GEOGRAFIE": {"medie": 7.127114427860696, "reusita": 94.08866995073892, "cnt": 203}, "PSIHOLOGIE": {"medie": 9.3, "reusita": 100.0, "cnt": 1}, "MATEMATICA TEHN": {"medie": 6.447745901639343, "reusita": 88.21138211382113, "cnt": 246}, "ECONOMIE": {"medie": 5.729166666666667, "reusita": 91.66666666666666, "cnt": 12}}, "nume": "COLEGIUL ECONOMIC \"PARTENIE COSMA\" ORADEA\tBihor"}