{"specializari": {"TEHNICIAN IN ACTIVITATI DE COMERT": 22, "TEHNICIAN IN ACTIVITATI ECONOMICE": 57, "TEHNICIAN IN ACHIZITII SI CONTRACTARI": 29, "TEHNICIAN IN TURISM": 2, "TEHNICIAN IN GASTRONOMIE": 1}, "limba_moderna": {"LIMBA ENGLEZA": 110, "LIMBA FRANCEZA": 1}, "limba_materna": {"LIMBA ROMANA": 109, "LIMBA MAGHIARA": 2}, "promotie_anterioara": {"NU": 104, "DA": 7}, "materii": {"LIMBA ROMANA": {"medie": 6.477477477477473, "reusita": 94.5945945945946, "cnt": 111}, "GENERAL": {"medie": 6.961022727272726, "reusita": 78.37837837837837, "cnt": 111}, "LOGICA, ARGUMENTARE SI COMUNICARE": {"medie": 5.9, "reusita": 100.0, "cnt": 1}, "GEOGRAFIE": {"medie": 7.387499999999998, "reusita": 97.24770642201835, "cnt": 109}, "PSIHOLOGIE": {"medie": 8.4, "reusita": 100.0, "cnt": 1}, "MATEMATICA TEHN": {"medie": 7.001801801801804, "reusita": 94.5945945945946, "cnt": 111}, "LIMBA MAGHIARA (REAL)": {"medie": 6.025, "reusita": 100.0, "cnt": 2}}, "nume": "COLEGIUL ECONOMIC \"GHEORGHE DRAGOS\" SATU MARE\tSatu-Mare"}