{"specializari": {"MATEMATICA-INFORMATICA": 93, "STIINTE ALE NATURII": 96, "STIINTE SOCIALE": 26}, "limba_moderna": {"LIMBA ENGLEZA": 172, "LIMBA GERMANA MODERNA": 24, "LIMBA FRANCEZA": 19}, "limba_materna": {"LIMBA ROMANA": 215}, "promotie_anterioara": {"NU": 214, "DA": 1}, "materii": {"LIMBA ROMANA": {"medie": 8.843720930232562, "reusita": 99.53488372093024, "cnt": 215}, "MATEMATICA MATE-INFO": {"medie": 9.575806451612904, "reusita": 100.0, "cnt": 93}, "INFORMATICA MI C/C++": {"medie": 9.523333333333333, "reusita": 100.0, "cnt": 30}, "GENERAL": {"medie": 9.200077519379843, "reusita": 99.06976744186046, "cnt": 215}, "ISTORIE": {"medie": 8.982692307692307, "reusita": 100.0, "cnt": 26}, "LOGICA, ARGUMENTARE SI COMUNICARE": {"medie": 9.286666666666669, "reusita": 100.0, "cnt": 15}, "CHIMIE ORGANICA TEO NIVEL I/II": {"medie": 9.644642857142854, "reusita": 100.0, "cnt": 28}, "MATEMATICA ST-NAT": {"medie": 9.498958333333333, "reusita": 98.95833333333334, "cnt": 96}, "FIZICA TEO": {"medie": 9.100000000000001, "reusita": 100.0, "cnt": 40}, "GEOGRAFIE": {"medie": 9.475, "reusita": 100.0, "cnt": 2}, "PSIHOLOGIE": {"medie": 9.483333333333333, "reusita": 100.0, "cnt": 6}, "ANATOMIE SI FIZIOLOGIE UMANA, GENETICA SI ECOLOGIE UMANA": {"medie": 9.155747126436783, "reusita": 98.85057471264368, "cnt": 87}, "CHIMIE ANORGANICA TEO NIVEL I/II": {"medie": 9.7, "reusita": 100.0, "cnt": 1}, "INFORMATICA SN C/C++": {"medie": 9.5, "reusita": 100.0, "cnt": 3}, "ECONOMIE": {"medie": 8.999999999999998, "reusita": 100.0, "cnt": 3}}, "nume": "COLEGIUL NATIONAL \"MIRCEA CEL BATRAN\" CONSTANTA\tConstan\u021ba"}