{"specializari": {"TEHNICIAN IN AUTOMATIZARI": 26, "TEHNICIAN IN INSTALATII ELECTRICE": 21, "TEHNICIAN ELECTROTEHNIST": 1, "TEHNICIAN ENERGETICIAN": 2, "TEHNICIAN ELECTROMECANIC": 1}, "limba_moderna": {"LIMBA ENGLEZA": 51}, "limba_materna": {"LIMBA ROMANA": 51}, "promotie_anterioara": {"NU": 38, "DA": 13}, "materii": {"LIMBA ROMANA": {"medie": 6.276999999999998, "reusita": 90.19607843137256, "cnt": 51}, "GENERAL": {"medie": 6.746453900709221, "reusita": 72.54901960784314, "cnt": 51}, "BIOLOGIE VEGETALA SI ANIMALA": {"medie": 6.433333333333334, "reusita": 81.08108108108108, "cnt": 37}, "MATEMATICA TEHN": {"medie": 7.1625000000000005, "reusita": 90.19607843137256, "cnt": 51}, "FIZICA TEH": {"medie": 7.245833333333333, "reusita": 91.66666666666666, "cnt": 12}, "CHIMIE ORGANICA TEH NIVEL I/II": {"medie": 7.6, "reusita": 100.0, "cnt": 2}}, "nume": "COLEGIUL TEHNIC ENERGETIC CLUJ-NAPOCA\tCluj"}