{"specializari": {"MATEMATICA-INFORMATICA": 46, "STIINTE SOCIALE": 57, "FILOLOGIE": 28, "TEOLOGIE ORTODOXA": 2}, "limba_moderna": {"LIMBA ENGLEZA": 127, "LIMBA FRANCEZA": 6}, "limba_materna": {"LIMBA ROMANA": 133}, "promotie_anterioara": {"NU": 124, "DA": 9}, "materii": {"LIMBA ROMANA": {"medie": 7.003053435114507, "reusita": 96.2406015037594, "cnt": 133}, "MATEMATICA MATE-INFO": {"medie": 7.00111111111111, "reusita": 84.78260869565217, "cnt": 46}, "INFORMATICA MI C/C++": {"medie": 6.809090909090909, "reusita": 81.81818181818183, "cnt": 11}, "GENERAL": {"medie": 7.43948717948718, "reusita": 81.203007518797, "cnt": 133}, "ISTORIE": {"medie": 7.327058823529413, "reusita": 97.70114942528735, "cnt": 87}, "LOGICA, ARGUMENTARE SI COMUNICARE": {"medie": 8.185714285714289, "reusita": 95.77464788732394, "cnt": 71}, "GEOGRAFIE": {"medie": 8.416666666666666, "reusita": 100.0, "cnt": 15}, "FIZICA TEO": {"medie": 8.932142857142857, "reusita": 93.33333333333333, "cnt": 15}, "CHIMIE ORGANICA TEO NIVEL I/II": {"medie": 9.608333333333333, "reusita": 100.0, "cnt": 6}, "PSIHOLOGIE": {"medie": 8.6, "reusita": 100.0, "cnt": 1}, "ANATOMIE SI FIZIOLOGIE UMANA, GENETICA SI ECOLOGIE UMANA": {"medie": 6.145833333333333, "reusita": 58.333333333333336, "cnt": 12}, "BIOLOGIE VEGETALA SI ANIMALA": {"medie": 6.800000000000001, "reusita": 100.0, "cnt": 2}}, "nume": "COLEGIUL NATIONAL \"UNIREA\" TURNU MAGURELE\tTeleorman"}