{"specializari": {"TEHNICIAN IN INSTALATII ELECTRICE": 3, "TEHNICIAN ELECTRONIST": 1, "TEHNICIAN ANALIZE PRODUSE ALIMENTARE": 9, "TEHNICIAN ECOLOG SI PROTECTIA CALITATII MEDIULUI": 6, "TEHNICIAN CHIMIST DE LABORATOR": 3, "TEHNICIAN IN SILVICULTURA SI EXPLOATARI FORESTIERE": 5}, "limba_moderna": {"LIMBA ENGLEZA": 18, "LIMBA FRANCEZA": 9}, "limba_materna": {"LIMBA ROMANA": 27}, "promotie_anterioara": {"DA": 9, "NU": 18}, "materii": {"LIMBA ROMANA": {"medie": 5.321153846153846, "reusita": 74.07407407407408, "cnt": 27}, "GENERAL": {"medie": 5.470289855072465, "reusita": 29.629629629629626, "cnt": 27}, "ANATOMIE SI FIZIOLOGIE UMANA, GENETICA SI ECOLOGIE UMANA": {"medie": 4.8088235294117645, "reusita": 44.44444444444444, "cnt": 18}, "BIOLOGIE VEGETALA SI ANIMALA": {"medie": 6.524999999999999, "reusita": 66.66666666666666, "cnt": 9}, "MATEMATICA TEHN": {"medie": 5.434782608695652, "reusita": 62.96296296296296, "cnt": 27}}, "nume": "COLEGIUL TEHNIC \"CD NENITESCU\" BAIA MARE\tMaramure\u0219"}