{"specializari": {"TEHNICIAN IN ACTIVITATI ECONOMICE": 33, "TEHNICIAN IN ACTIVITATI DE COMERT": 34, "TEHNICIAN IN GASTRONOMIE": 37, "ORGANIZATOR BANQUETING": 7, "TEHNICIAN IN TURISM": 20}, "limba_moderna": {"LIMBA ENGLEZA": 128, "LIMBA FRANCEZA": 3}, "limba_materna": {"LIMBA ROMANA": 131}, "promotie_anterioara": {"NU": 112, "DA": 19}, "materii": {"LIMBA ROMANA": {"medie": 5.821138211382115, "reusita": 71.7557251908397, "cnt": 131}, "GENERAL": {"medie": 6.413505747126437, "reusita": 54.961832061068705, "cnt": 131}, "LOGICA, ARGUMENTARE SI COMUNICARE": {"medie": 7.186363636363636, "reusita": 89.70588235294117, "cnt": 68}, "GEOGRAFIE": {"medie": 6.678, "reusita": 67.74193548387096, "cnt": 62}, "PSIHOLOGIE": {"medie": 5.1, "reusita": 100.0, "cnt": 1}, "MATEMATICA TEHN": {"medie": 6.276271186440677, "reusita": 70.22900763358778, "cnt": 131}}, "nume": "COLEGIUL ECONOMIC MANGALIA\tConstan\u021ba"}