{"specializari": {"TEHNICIAN IN ACTIVITATI ECONOMICE": 142, "TEHNICIAN IN ACTIVITATI DE COMERT": 27, "TEHNICIAN IN TURISM": 29, "TEHNICIAN IN GASTRONOMIE": 5}, "limba_moderna": {"LIMBA ENGLEZA": 186, "LIMBA FRANCEZA": 17}, "limba_materna": {"LIMBA ROMANA": 203}, "promotie_anterioara": {"NU": 194, "DA": 9}, "materii": {"LIMBA ROMANA": {"medie": 7.17044334975369, "reusita": 96.55172413793103, "cnt": 203}, "GENERAL": {"medie": 7.525330033003305, "reusita": 87.68472906403942, "cnt": 203}, "LOGICA, ARGUMENTARE SI COMUNICARE": {"medie": 7.957913669064744, "reusita": 95.0, "cnt": 140}, "GEOGRAFIE": {"medie": 7.715873015873014, "reusita": 98.4126984126984, "cnt": 63}, "MATEMATICA TEHN": {"medie": 7.500492610837439, "reusita": 96.55172413793103, "cnt": 203}}, "nume": "COLEGIUL ECONOMIC \"NICOLAE TITULESCU\" BAIA MARE\tMaramure\u0219"}