{"specializari": {"STIINTE SOCIALE": 33, "MATEMATICA-INFORMATICA": 111, "STIINTE ALE NATURII": 31, "FILOLOGIE": 32}, "limba_moderna": {"LIMBA ENGLEZA": 205, "LIMBA GERMANA MODERNA": 1, "LIMBA FRANCEZA": 1}, "limba_materna": {"LIMBA ROMANA": 207}, "promotie_anterioara": {"NU": 207}, "materii": {"LIMBA ROMANA": {"medie": 8.763043478260867, "reusita": 100.0, "cnt": 207}, "MATEMATICA MATE-INFO": {"medie": 9.276576576576579, "reusita": 100.0, "cnt": 111}, "INFORMATICA MI C/C++": {"medie": 8.981818181818184, "reusita": 100.0, "cnt": 55}, "GENERAL": {"medie": 9.004508856682762, "reusita": 99.51690821256038, "cnt": 207}, "ISTORIE": {"medie": 8.984615384615383, "reusita": 100.0, "cnt": 65}, "LOGICA, ARGUMENTARE SI COMUNICARE": {"medie": 9.334545454545454, "reusita": 100.0, "cnt": 55}, "GEOGRAFIE": {"medie": 8.628571428571428, "reusita": 100.0, "cnt": 7}, "FIZICA TEO": {"medie": 9.376, "reusita": 100.0, "cnt": 25}, "CHIMIE ORGANICA TEO NIVEL I/II": {"medie": 9.317241379310346, "reusita": 100.0, "cnt": 29}, "MATEMATICA ST-NAT": {"medie": 8.679032258064519, "reusita": 100.0, "cnt": 31}, "PSIHOLOGIE": {"medie": 8.25, "reusita": 100.0, "cnt": 2}, "ANATOMIE SI FIZIOLOGIE UMANA, GENETICA SI ECOLOGIE UMANA": {"medie": 9.078333333333335, "reusita": 100.0, "cnt": 30}, "CHIMIE ANORGANICA TEO NIVEL I/II": {"medie": 9.1, "reusita": 100.0, "cnt": 2}, "BIOLOGIE VEGETALA SI ANIMALA": {"medie": 5.65, "reusita": 100.0, "cnt": 1}, "FILOSOFIE": {"medie": 10.0, "reusita": 100.0, "cnt": 1}}, "nume": "COLEGIUL NATIONAL \"GHEORGHE VRANCEANU\" BACAU\tBac\u0103u"}