{"specializari": {"FILOLOGIE": 28, "TEHNICIAN IN ACTIVITATI ECONOMICE": 29, "MATEMATICA-INFORMATICA": 21, "STIINTE ALE NATURII": 1, "TEHNICIAN ELECTROTEHNIST": 3, "TEHNICIAN IN AUTOMATIZARI": 9, "TEHNICIAN IN ACTIVITATI DE COMERT": 2}, "limba_moderna": {"LIMBA ENGLEZA": 93}, "limba_materna": {"LIMBA ROMANA": 93}, "promotie_anterioara": {"NU": 73, "DA": 20}, "materii": {"LIMBA ROMANA": {"medie": 6.790659340659341, "reusita": 92.47311827956989, "cnt": 93}, "MATEMATICA MATE-INFO": {"medie": 6.466666666666666, "reusita": 80.95238095238095, "cnt": 21}, "INFORMATICA MI C/C++": {"medie": 7.32, "reusita": 100.0, "cnt": 5}, "GENERAL": {"medie": 6.993333333333334, "reusita": 74.19354838709677, "cnt": 93}, "ISTORIE": {"medie": 7.871428571428572, "reusita": 92.85714285714286, "cnt": 28}, "GEOGRAFIE": {"medie": 8.055263157894736, "reusita": 93.22033898305084, "cnt": 59}, "FIZICA TEO": {"medie": 9.55, "reusita": 100.0, "cnt": 1}, "MATEMATICA ST-NAT": {"medie": 6.1, "reusita": 100.0, "cnt": 1}, "ANATOMIE SI FIZIOLOGIE UMANA, GENETICA SI ECOLOGIE UMANA": {"medie": 8.257142857142858, "reusita": 100.0, "cnt": 7}, "CHIMIE ANORGANICA TEO NIVEL I/II": {"medie": 7.0, "reusita": 100.0, "cnt": 1}, "BIOLOGIE VEGETALA SI ANIMALA": {"medie": 5.78421052631579, "reusita": 65.0, "cnt": 20}, "MATEMATICA TEHN": {"medie": 5.806097560975611, "reusita": 74.4186046511628, "cnt": 43}}, "nume": "COLEGIUL TEHNIC \"ALEXANDRU ROMAN\" ALESD\tBihor"}