{"specializari": {"MATEMATICA-INFORMATICA": 58, "STIINTE SOCIALE": 30, "FILOLOGIE": 32, "STIINTE ALE NATURII": 64}, "limba_moderna": {"LIMBA ENGLEZA": 164, "LIMBA FRANCEZA": 20}, "limba_materna": {"LIMBA ROMANA": 184}, "promotie_anterioara": {"NU": 175, "DA": 9}, "materii": {"LIMBA ROMANA": {"medie": 7.238586956521738, "reusita": 95.65217391304348, "cnt": 184}, "MATEMATICA MATE-INFO": {"medie": 8.129310344827582, "reusita": 94.82758620689656, "cnt": 58}, "INFORMATICA MI C/C++": {"medie": 8.629999999999999, "reusita": 100.0, "cnt": 5}, "GENERAL": {"medie": 7.716666666666667, "reusita": 86.95652173913044, "cnt": 184}, "ISTORIE": {"medie": 8.162096774193548, "reusita": 95.16129032258065, "cnt": 62}, "CHIMIE ORGANICA TEO NIVEL I/II": {"medie": 9.450000000000001, "reusita": 100.0, "cnt": 3}, "MATEMATICA ST-NAT": {"medie": 6.768749999999999, "reusita": 92.1875, "cnt": 64}, "FIZICA TEO": {"medie": 7.580000000000001, "reusita": 100.0, "cnt": 10}, "GEOGRAFIE": {"medie": 8.372641509433961, "reusita": 98.14814814814815, "cnt": 54}, "PSIHOLOGIE": {"medie": 7.514285714285713, "reusita": 100.0, "cnt": 7}, "ANATOMIE SI FIZIOLOGIE UMANA, GENETICA SI ECOLOGIE UMANA": {"medie": 8.102475247524756, "reusita": 97.05882352941177, "cnt": 102}, "CHIMIE ANORGANICA TEO NIVEL I/II": {"medie": 8.524999999999999, "reusita": 100.0, "cnt": 2}, "ECONOMIE": {"medie": 8.35, "reusita": 100.0, "cnt": 1}}, "nume": "COLEGIUL NATIONAL\"GRIGORE MOISIL\" URZICENI\tIalomi\u021ba"}