{"specializari": {"MATEMATICA-INFORMATICA": 61, "STIINTE SOCIALE": 30, "STIINTE ALE NATURII": 60, "FILOLOGIE": 30}, "limba_moderna": {"LIMBA ENGLEZA": 177, "LIMBA GERMANA MODERNA": 4}, "limba_materna": {"LIMBA ROMANA": 181}, "promotie_anterioara": {"NU": 180, "DA": 1}, "materii": {"LIMBA ROMANA": {"medie": 8.798618784530383, "reusita": 100.0, "cnt": 181}, "MATEMATICA MATE-INFO": {"medie": 9.349180327868853, "reusita": 100.0, "cnt": 61}, "INFORMATICA MI C/C++": {"medie": 9.09761904761905, "reusita": 100.0, "cnt": 21}, "GENERAL": {"medie": 9.093554327808468, "reusita": 100.0, "cnt": 181}, "ISTORIE": {"medie": 8.991666666666664, "reusita": 100.0, "cnt": 60}, "LOGICA, ARGUMENTARE SI COMUNICARE": {"medie": 9.15, "reusita": 100.0, "cnt": 3}, "CHIMIE ORGANICA TEO NIVEL I/II": {"medie": 9.9, "reusita": 100.0, "cnt": 2}, "MATEMATICA ST-NAT": {"medie": 9.404166666666665, "reusita": 100.0, "cnt": 60}, "FIZICA TEO": {"medie": 8.988888888888887, "reusita": 100.0, "cnt": 9}, "GEOGRAFIE": {"medie": 9.018, "reusita": 100.0, "cnt": 25}, "PSIHOLOGIE": {"medie": 8.4, "reusita": 100.0, "cnt": 1}, "ANATOMIE SI FIZIOLOGIE UMANA, GENETICA SI ECOLOGIE UMANA": {"medie": 9.517241379310343, "reusita": 100.0, "cnt": 87}, "SOCIOLOGIE": {"medie": 8.996296296296297, "reusita": 100.0, "cnt": 27}, "INFORMATICA SN C/C++": {"medie": 7.975, "reusita": 100.0, "cnt": 2}, "ECONOMIE": {"medie": 7.824999999999999, "reusita": 100.0, "cnt": 4}}, "nume": "COLEGIUL NATIONAL \"CONSTANTIN DIACONOVICI LOGA\" TIMISOARA\tTimi\u0219"}