{"specializari": {"STIINTE SOCIALE": 33, "MATEMATICA-INFORMATICA": 20, "TEHNICIAN IN ACTIVITATI ECONOMICE": 24, "TEHNICIAN IN HOTELARIE": 42, "TEHNICIAN IN SILVICULTURA SI EXPLOATARI FORESTIERE": 7, "TEHNICIAN MECANIC PENTRU INTRETINERE SI REPARATII": 7, "TEHNICIAN IN AUTOMATIZARI": 1, "TEHNICIAN IN CONSTRUCTII SI LUCRARI PUBLICE": 3, "TEHNICIAN ANALIZE PRODUSE ALIMENTARE": 13, "TEHNICIAN HORTICULTOR": 4, "TEHNICIAN ECOLOG SI PROTECTIA CALITATII MEDIULUI": 11, "TEHNICIAN IN INDUSTRIA ALIMENTARA": 2, "TEHNICIAN OPERATOR TEHNICA DE CALCUL": 5}, "limba_moderna": {"LIMBA FRANCEZA": 65, "LIMBA ENGLEZA": 107}, "limba_materna": {"LIMBA ROMANA": 172}, "promotie_anterioara": {"NU": 140, "DA": 32}, "materii": {"LIMBA ROMANA": {"medie": 5.953869047619044, "reusita": 79.65116279069767, "cnt": 172}, "MATEMATICA MATE-INFO": {"medie": 5.586842105263157, "reusita": 75.0, "cnt": 20}, "GENERAL": {"medie": 5.9002020202020224, "reusita": 45.93023255813954, "cnt": 172}, "ISTORIE": {"medie": 7.2984374999999995, "reusita": 96.96969696969697, "cnt": 33}, "LOGICA, ARGUMENTARE SI COMUNICARE": {"medie": 7.172549019607845, "reusita": 96.07843137254902, "cnt": 51}, "GEOGRAFIE": {"medie": 6.830000000000001, "reusita": 86.04651162790698, "cnt": 43}, "PSIHOLOGIE": {"medie": 6.5625, "reusita": 100.0, "cnt": 4}, "ANATOMIE SI FIZIOLOGIE UMANA, GENETICA SI ECOLOGIE UMANA": {"medie": 5.273584905660377, "reusita": 63.63636363636363, "cnt": 55}, "BIOLOGIE VEGETALA SI ANIMALA": {"medie": 4.617647058823529, "reusita": 47.05882352941176, "cnt": 17}, "FILOSOFIE": {"medie": 7.4, "reusita": 100.0, "cnt": 1}, "MATEMATICA TEHN": {"medie": 5.062173913043479, "reusita": 65.54621848739495, "cnt": 119}, "FIZICA TEH": {"medie": 3.75, "reusita": 0.0, "cnt": 1}}, "nume": "COLEGIUL \"VASILE LOVINESCU\" FALTICENI\tSuceava"}