{"specializari": {"FILOLOGIE": 18, "INVATATOR - EDUCATOARE": 29, "EDUCATOR-PUERICULTOR": 25, "STIINTE SOCIALE": 17, "MATEMATICA-INFORMATICA": 32}, "limba_moderna": {"LIMBA ENGLEZA": 121}, "limba_materna": {"LIMBA ROMANA": 121}, "promotie_anterioara": {"NU": 120, "DA": 1}, "materii": {"LIMBA ROMANA": {"medie": 8.41833333333333, "reusita": 98.34710743801654, "cnt": 121}, "MATEMATICA MATE-INFO": {"medie": 8.2390625, "reusita": 100.0, "cnt": 32}, "INFORMATICA MI C/C++": {"medie": 8.753846153846153, "reusita": 100.0, "cnt": 13}, "GENERAL": {"medie": 8.6796918767507, "reusita": 95.86776859504133, "cnt": 121}, "ISTORIE": {"medie": 8.82542372881356, "reusita": 98.33333333333333, "cnt": 60}, "LOGICA, ARGUMENTARE SI COMUNICARE": {"medie": 8.928571428571429, "reusita": 100.0, "cnt": 14}, "CHIMIE ORGANICA TEO NIVEL I/II": {"medie": 9.9, "reusita": 100.0, "cnt": 1}, "FIZICA TEO": {"medie": 8.085714285714285, "reusita": 100.0, "cnt": 7}, "GEOGRAFIE": {"medie": 9.037323943661974, "reusita": 98.61111111111111, "cnt": 72}, "PSIHOLOGIE": {"medie": 7.225, "reusita": 100.0, "cnt": 2}, "ANATOMIE SI FIZIOLOGIE UMANA, GENETICA SI ECOLOGIE UMANA": {"medie": 7.8500000000000005, "reusita": 90.0, "cnt": 10}, "CHIMIE ANORGANICA TEO NIVEL I/II": {"medie": 5.0, "reusita": 100.0, "cnt": 1}, "MATEMATICA PED": {"medie": 9.28965517241379, "reusita": 100.0, "cnt": 29}, "ECONOMIE": {"medie": 8.15, "reusita": 100.0, "cnt": 1}}, "nume": "COLEGIUL NATIONAL PEDAGOGIC \"REGINA MARIA\" DEVA\tHunedoara"}