{"specializari": {"STIINTE SOCIALE": 92, "TEHNICIAN IN ACTIVITATI ECONOMICE": 28, "TEHNICIAN ELECTRICIAN/ELECTRONIST AUTO": 26, "ORGANIZATOR BANQUETING": 22, "TEHNICIAN OPERATOR TEHNICA DE CALCUL": 23, "COAFOR STILIST": 27, "TEHNICIAN DE TELECOMUNICATII": 25, "MATEMATICA-INFORMATICA": 2}, "limba_moderna": {"LIMBA ENGLEZA": 237, "LIMBA FRANCEZA": 8}, "limba_materna": {"LIMBA ROMANA": 245}, "promotie_anterioara": {"NU": 217, "DA": 28}, "materii": {"LIMBA ROMANA": {"medie": 7.129752066115703, "reusita": 97.14285714285714, "cnt": 245}, "MATEMATICA MATE-INFO": {"medie": 1.675, "reusita": 0.0, "cnt": 2}, "GENERAL": {"medie": 7.58243430152144, "reusita": 86.53061224489797, "cnt": 245}, "ISTORIE": {"medie": 7.702247191011236, "reusita": 93.47826086956522, "cnt": 92}, "LOGICA, ARGUMENTARE SI COMUNICARE": {"medie": 6.807142857142857, "reusita": 75.0, "cnt": 8}, "GEOGRAFIE": {"medie": 8.307692307692307, "reusita": 98.73417721518987, "cnt": 158}, "PSIHOLOGIE": {"medie": 8.85, "reusita": 100.0, "cnt": 1}, "SOCIOLOGIE": {"medie": 6.275, "reusita": 100.0, "cnt": 2}, "ANATOMIE SI FIZIOLOGIE UMANA, GENETICA SI ECOLOGIE UMANA": {"medie": 6.5, "reusita": 100.0, "cnt": 1}, "BIOLOGIE VEGETALA SI ANIMALA": {"medie": 6.369999999999999, "reusita": 88.88888888888889, "cnt": 45}, "MATEMATICA TEHN": {"medie": 7.798013245033116, "reusita": 98.01324503311258, "cnt": 151}, "FIZICA TEH": {"medie": 8.732692307692307, "reusita": 100.0, "cnt": 26}, "CHIMIE ANORGANICA TEH NIVEL I/II": {"medie": 6.1499999999999995, "reusita": 100.0, "cnt": 4}}, "nume": "COLEGIUL \"N.V. KARPEN\" BACAU\tBac\u0103u"}