{"specializari": {"FILOLOGIE": 67, "STIINTE ALE NATURII": 33, "STIINTE SOCIALE": 34, "MATEMATICA-INFORMATICA": 25}, "limba_moderna": {"LIMBA ENGLEZA": 117, "LIMBA SPANIOLA": 22, "LIMBA FRANCEZA": 19, "LIMBA GERMANA MODERNA": 1}, "limba_materna": {"LIMBA ROMANA": 159}, "promotie_anterioara": {"NU": 157, "DA": 2}, "materii": {"LIMBA ROMANA": {"medie": 8.107547169811316, "reusita": 98.74213836477988, "cnt": 159}, "MATEMATICA MATE-INFO": {"medie": 8.267999999999999, "reusita": 96.0, "cnt": 25}, "INFORMATICA MI C/C++": {"medie": 7.686363636363635, "reusita": 100.0, "cnt": 11}, "GENERAL": {"medie": 8.324318658280923, "reusita": 96.85534591194968, "cnt": 159}, "ISTORIE": {"medie": 8.34851485148515, "reusita": 99.00990099009901, "cnt": 101}, "LOGICA, ARGUMENTARE SI COMUNICARE": {"medie": 8.766860465116274, "reusita": 98.83720930232558, "cnt": 86}, "CHIMIE ORGANICA TEO NIVEL I/II": {"medie": 7.2, "reusita": 100.0, "cnt": 1}, "MATEMATICA ST-NAT": {"medie": 8.556060606060605, "reusita": 100.0, "cnt": 33}, "GEOGRAFIE": {"medie": 8.759090909090908, "reusita": 100.0, "cnt": 11}, "PSIHOLOGIE": {"medie": 9.15, "reusita": 100.0, "cnt": 1}, "ANATOMIE SI FIZIOLOGIE UMANA, GENETICA SI ECOLOGIE UMANA": {"medie": 8.154166666666669, "reusita": 100.0, "cnt": 36}, "CHIMIE ANORGANICA TEO NIVEL I/II": {"medie": 7.300000000000001, "reusita": 75.0, "cnt": 4}, "BIOLOGIE VEGETALA SI ANIMALA": {"medie": 5.3, "reusita": 100.0, "cnt": 1}, "INFORMATICA SN C/C++": {"medie": 8.76, "reusita": 100.0, "cnt": 5}, "FILOSOFIE": {"medie": 8.766666666666666, "reusita": 100.0, "cnt": 3}}, "nume": "COLEGIUL NATIONAL \"UNIREA\" BRASOV\tBra\u0219ov"}