{"specializari": {"STIINTE SOCIALE": 66, "STIINTE ALE NATURII": 97, "MATEMATICA-INFORMATICA": 101, "FILOLOGIE": 32}, "limba_moderna": {"LIMBA ENGLEZA": 284, "LIMBA GERMANA MODERNA": 4, "LIMBA FRANCEZA": 8}, "limba_materna": {"LIMBA ROMANA": 296}, "promotie_anterioara": {"NU": 296}, "materii": {"LIMBA ROMANA": {"medie": 9.079491525423725, "reusita": 99.66216216216216, "cnt": 296}, "MATEMATICA MATE-INFO": {"medie": 9.272500000000003, "reusita": 99.00990099009901, "cnt": 101}, "INFORMATICA MI C/C++": {"medie": 9.667307692307691, "reusita": 96.29629629629629, "cnt": 27}, "GENERAL": {"medie": 9.29056497175142, "reusita": 98.98648648648648, "cnt": 296}, "ISTORIE": {"medie": 9.468877551020409, "reusita": 100.0, "cnt": 98}, "LOGICA, ARGUMENTARE SI COMUNICARE": {"medie": 9.075833333333334, "reusita": 98.33333333333333, "cnt": 60}, "CHIMIE ORGANICA TEO NIVEL I/II": {"medie": 9.697222222222221, "reusita": 100.0, "cnt": 54}, "MATEMATICA ST-NAT": {"medie": 9.570618556701026, "reusita": 100.0, "cnt": 97}, "FIZICA TEO": {"medie": 9.447887323943663, "reusita": 100.0, "cnt": 71}, "GEOGRAFIE": {"medie": 9.575, "reusita": 100.0, "cnt": 8}, "PSIHOLOGIE": {"medie": 9.291666666666666, "reusita": 100.0, "cnt": 6}, "ANATOMIE SI FIZIOLOGIE UMANA, GENETICA SI ECOLOGIE UMANA": {"medie": 9.09861111111111, "reusita": 100.0, "cnt": 36}, "CHIMIE ANORGANICA TEO NIVEL I/II": {"medie": 9.533333333333333, "reusita": 100.0, "cnt": 3}, "BIOLOGIE VEGETALA SI ANIMALA": {"medie": 9.8, "reusita": 100.0, "cnt": 1}, "SOCIOLOGIE": {"medie": 8.829411764705881, "reusita": 100.0, "cnt": 17}, "INFORMATICA SN C/C++": {"medie": 9.933333333333332, "reusita": 100.0, "cnt": 6}, "ECONOMIE": {"medie": 8.828571428571427, "reusita": 100.0, "cnt": 7}}, "nume": "COLEGIUL NATIONAL \"GHEORGHE LAZAR\"\tBucure\u0219ti"}