{"specializari": {"TEHNICIAN IN HOTELARIE": 14, "TEHNICIAN IN GASTRONOMIE": 14, "TEHNICIAN DESIGNER VESTIMENTAR": 7, "ORGANIZATOR BANQUETING": 2, "TEHNICIAN IN TURISM": 2, "TEHNICIAN IN INDUSTRIA TEXTILA": 3}, "limba_moderna": {"LIMBA ENGLEZA": 39, "LIMBA FRANCEZA": 3}, "limba_materna": {"LIMBA ROMANA": 42}, "promotie_anterioara": {"NU": 23, "DA": 19}, "materii": {"LIMBA ROMANA": {"medie": 5.736904761904762, "reusita": 85.71428571428571, "cnt": 42}, "GENERAL": {"medie": 6.0649999999999995, "reusita": 57.14285714285714, "cnt": 42}, "GEOGRAFIE": {"medie": 6.856451612903225, "reusita": 90.32258064516128, "cnt": 31}, "PSIHOLOGIE": {"medie": 5.45, "reusita": 100.0, "cnt": 1}, "BIOLOGIE VEGETALA SI ANIMALA": {"medie": 5.6000000000000005, "reusita": 57.14285714285714, "cnt": 7}, "MATEMATICA TEHN": {"medie": 5.9573170731707314, "reusita": 88.09523809523809, "cnt": 42}, "FIZICA TEH": {"medie": 3.6, "reusita": 33.33333333333333, "cnt": 3}}, "nume": "COLEGIUL TEHNIC \"GHEORGHE ASACHI\" FOCSANI\tVrancea"}