{"specializari": {"TEOLOGIE REFORMATA": 30, "STIINTE ALE NATURII": 17, "MATEMATICA-INFORMATICA": 13}, "limba_moderna": {"LIMBA ENGLEZA": 60}, "limba_materna": {"LIMBA MAGHIARA": 60}, "promotie_anterioara": {"NU": 57, "DA": 3}, "materii": {"LIMBA ROMANA": {"medie": 6.0058333333333325, "reusita": 85.0, "cnt": 60}, "MATEMATICA MATE-INFO": {"medie": 7.292307692307693, "reusita": 100.0, "cnt": 13}, "INFORMATICA MI C/C++": {"medie": 6.625, "reusita": 100.0, "cnt": 2}, "GENERAL": {"medie": 7.276875000000002, "reusita": 83.33333333333334, "cnt": 60}, "ISTORIE": {"medie": 6.741666666666666, "reusita": 100.0, "cnt": 30}, "CHIMIE ORGANICA TEO NIVEL I/II": {"medie": 7.35, "reusita": 100.0, "cnt": 1}, "MATEMATICA ST-NAT": {"medie": 7.935294117647057, "reusita": 94.11764705882352, "cnt": 17}, "GEOGRAFIE": {"medie": 8.068333333333332, "reusita": 100.0, "cnt": 30}, "ANATOMIE SI FIZIOLOGIE UMANA, GENETICA SI ECOLOGIE UMANA": {"medie": 6.983333333333333, "reusita": 96.29629629629629, "cnt": 27}, "LIMBA MAGHIARA (REAL)": {"medie": 8.3825, "reusita": 100.0, "cnt": 60}}, "nume": "COLEGIUL REFORMAT \"BACZKAMADARASI KIS GERGELY\" ODORHEIU SECUIESC\tHarghita"}