{"specializari": {"STIINTE SOCIALE": 67, "STIINTE ALE NATURII": 66, "MATEMATICA-INFORMATICA": 62, "FILOLOGIE": 32}, "limba_moderna": {"LIMBA ENGLEZA": 199, "LIMBA GERMANA MODERNA": 24, "LIMBA FRANCEZA": 4}, "limba_materna": {"LIMBA ROMANA": 227}, "promotie_anterioara": {"NU": 227}, "materii": {"LIMBA ROMANA": {"medie": 8.327753303964752, "reusita": 100.0, "cnt": 227}, "MATEMATICA MATE-INFO": {"medie": 8.733870967741936, "reusita": 100.0, "cnt": 62}, "INFORMATICA MI C/C++": {"medie": 8.983333333333333, "reusita": 100.0, "cnt": 27}, "GENERAL": {"medie": 8.634287812041114, "reusita": 99.11894273127754, "cnt": 227}, "ISTORIE": {"medie": 8.76010101010101, "reusita": 100.0, "cnt": 99}, "LOGICA, ARGUMENTARE SI COMUNICARE": {"medie": 8.93875, "reusita": 98.75, "cnt": 80}, "GEOGRAFIE": {"medie": 8.118421052631577, "reusita": 100.0, "cnt": 19}, "FIZICA TEO": {"medie": 8.176315789473684, "reusita": 100.0, "cnt": 19}, "CHIMIE ORGANICA TEO NIVEL I/II": {"medie": 9.5875, "reusita": 100.0, "cnt": 4}, "MATEMATICA ST-NAT": {"medie": 8.591666666666665, "reusita": 100.0, "cnt": 66}, "ANATOMIE SI FIZIOLOGIE UMANA, GENETICA SI ECOLOGIE UMANA": {"medie": 9.10131578947369, "reusita": 100.0, "cnt": 76}, "INFORMATICA SN C/C++": {"medie": 8.225, "reusita": 100.0, "cnt": 2}}, "nume": "COLEGIUL NATIONAL \"EUDOXIU HURMUZACHI\" RADAUTI\tSuceava"}