{"specializari": {"STIINTE ALE NATURII": 28, "FILOLOGIE": 32, "MATEMATICA-INFORMATICA": 24}, "limba_moderna": {"LIMBA ENGLEZA": 74, "LIMBA FRANCEZA": 10}, "limba_materna": {"LIMBA ROMANA": 84}, "promotie_anterioara": {"NU": 83, "DA": 1}, "materii": {"LIMBA ROMANA": {"medie": 8.395238095238094, "reusita": 100.0, "cnt": 84}, "MATEMATICA MATE-INFO": {"medie": 8.13125, "reusita": 100.0, "cnt": 24}, "INFORMATICA MI C/C++": {"medie": 7.95, "reusita": 100.0, "cnt": 10}, "GENERAL": {"medie": 8.488492063492064, "reusita": 98.80952380952381, "cnt": 84}, "ISTORIE": {"medie": 8.36875, "reusita": 96.875, "cnt": 32}, "LOGICA, ARGUMENTARE SI COMUNICARE": {"medie": 8.362499999999999, "reusita": 100.0, "cnt": 16}, "GEOGRAFIE": {"medie": 8.85, "reusita": 100.0, "cnt": 10}, "FIZICA TEO": {"medie": 8.658333333333333, "reusita": 100.0, "cnt": 6}, "CHIMIE ORGANICA TEO NIVEL I/II": {"medie": 9.41153846153846, "reusita": 100.0, "cnt": 13}, "MATEMATICA ST-NAT": {"medie": 9.30892857142857, "reusita": 100.0, "cnt": 28}, "PSIHOLOGIE": {"medie": 7.8, "reusita": 100.0, "cnt": 1}, "SOCIOLOGIE": {"medie": 8.1, "reusita": 100.0, "cnt": 2}, "ANATOMIE SI FIZIOLOGIE UMANA, GENETICA SI ECOLOGIE UMANA": {"medie": 8.389130434782606, "reusita": 100.0, "cnt": 23}, "ECONOMIE": {"medie": 5.75, "reusita": 100.0, "cnt": 3}}, "nume": "COLEGIUL NATIONAL \"MIHAI EMINESCU\" PETROSANI\tHunedoara"}