{"specializari": {"FILOLOGIE": 74, "MATEMATICA-INFORMATICA": 124, "STIINTE ALE NATURII": 58}, "limba_moderna": {"LIMBA ENGLEZA": 242, "LIMBA FRANCEZA": 11, "LIMBA GERMANA MODERNA": 3}, "limba_materna": {"LIMBA ROMANA": 256}, "promotie_anterioara": {"NU": 254, "DA": 2}, "materii": {"LIMBA ROMANA": {"medie": 8.344117647058818, "reusita": 99.21875, "cnt": 256}, "MATEMATICA MATE-INFO": {"medie": 8.496747967479678, "reusita": 98.38709677419355, "cnt": 124}, "INFORMATICA MI C/C++": {"medie": 7.921875000000001, "reusita": 87.5, "cnt": 16}, "GENERAL": {"medie": 8.386470588235296, "reusita": 94.921875, "cnt": 256}, "ISTORIE": {"medie": 8.372297297297296, "reusita": 100.0, "cnt": 74}, "LOGICA, ARGUMENTARE SI COMUNICARE": {"medie": 9.041509433962263, "reusita": 100.0, "cnt": 53}, "GEOGRAFIE": {"medie": 9.005882352941176, "reusita": 100.0, "cnt": 17}, "FIZICA TEO": {"medie": 8.415625, "reusita": 96.875, "cnt": 64}, "CHIMIE ORGANICA TEO NIVEL I/II": {"medie": 9.35, "reusita": 100.0, "cnt": 2}, "MATEMATICA ST-NAT": {"medie": 7.58706896551724, "reusita": 93.10344827586206, "cnt": 58}, "PSIHOLOGIE": {"medie": 9.25, "reusita": 100.0, "cnt": 1}, "SOCIOLOGIE": {"medie": 8.55, "reusita": 100.0, "cnt": 2}, "ANATOMIE SI FIZIOLOGIE UMANA, GENETICA SI ECOLOGIE UMANA": {"medie": 8.422580645161291, "reusita": 96.80851063829788, "cnt": 94}, "CHIMIE ANORGANICA TEO NIVEL I/II": {"medie": 8.9, "reusita": 100.0, "cnt": 1}, "BIOLOGIE VEGETALA SI ANIMALA": {"medie": 7.85, "reusita": 100.0, "cnt": 2}, "INFORMATICA SN C/C++": {"medie": 7.599999999999999, "reusita": 100.0, "cnt": 3}, "ECONOMIE": {"medie": 9.8, "reusita": 100.0, "cnt": 1}}, "nume": "COLEGIUL NATIONAL \"ION MINULESCU\" SLATINA\tOlt"}