{"specializari": {"MATEMATICA-INFORMATICA": 27, "TEHNICIAN ELECTROMECANIC": 38, "TEHNICIAN IN INSTALATII ELECTRICE": 26, "TEHNICIAN ELECTRONIST": 23, "TEHNICIAN IN AUTOMATIZARI": 30, "TEHNICIAN ELECTROTEHNIST": 4}, "limba_moderna": {"LIMBA ENGLEZA": 146, "LIMBA FRANCEZA": 1, "LIMBA GERMANA MODERNA": 1}, "limba_materna": {"LIMBA ROMANA": 148}, "promotie_anterioara": {"NU": 115, "DA": 33}, "materii": {"LIMBA ROMANA": {"medie": 6.347278911564629, "reusita": 93.24324324324324, "cnt": 148}, "MATEMATICA MATE-INFO": {"medie": 7.2740740740740755, "reusita": 96.29629629629629, "cnt": 27}, "INFORMATICA MI C/C++": {"medie": 7.109999999999999, "reusita": 100.0, "cnt": 10}, "GENERAL": {"medie": 6.580868544600939, "reusita": 64.1891891891892, "cnt": 148}, "ANATOMIE SI FIZIOLOGIE UMANA, GENETICA SI ECOLOGIE UMANA": {"medie": 7.75, "reusita": 100.0, "cnt": 4}, "BIOLOGIE VEGETALA SI ANIMALA": {"medie": 6.197540983606559, "reusita": 80.64516129032258, "cnt": 124}, "MATEMATICA TEHN": {"medie": 6.911111111111111, "reusita": 95.0413223140496, "cnt": 121}, "FIZICA TEH": {"medie": 7.268750000000001, "reusita": 100.0, "cnt": 8}, "CHIMIE ANORGANICA TEH NIVEL I/II": {"medie": 3.4499999999999997, "reusita": 50.0, "cnt": 2}}, "nume": "COLEGIUL TEHNIC ENERGETIC SIBIU\tSibiu"}