{"specializari": {"MATEMATICA-INFORMATICA": 148, "FILOLOGIE": 122, "STIINTE SOCIALE": 33}, "limba_moderna": {"LIMBA ENGLEZA": 271, "LIMBA GERMANA MODERNA": 31, "LIMBA FRANCEZA": 1}, "limba_materna": {"LIMBA ROMANA": 303}, "promotie_anterioara": {"NU": 303}, "materii": {"LIMBA ROMANA": {"medie": 8.295049504950494, "reusita": 99.66996699669967, "cnt": 303}, "MATEMATICA MATE-INFO": {"medie": 8.732432432432434, "reusita": 100.0, "cnt": 148}, "INFORMATICA MI C/C++": {"medie": 8.491249999999999, "reusita": 100.0, "cnt": 40}, "GENERAL": {"medie": 8.643454345434549, "reusita": 98.67986798679867, "cnt": 303}, "ISTORIE": {"medie": 9.071290322580644, "reusita": 100.0, "cnt": 155}, "LOGICA, ARGUMENTARE SI COMUNICARE": {"medie": 9.104411764705885, "reusita": 100.0, "cnt": 102}, "GEOGRAFIE": {"medie": 9.257142857142856, "reusita": 100.0, "cnt": 14}, "FIZICA TEO": {"medie": 8.64, "reusita": 97.14285714285714, "cnt": 35}, "CHIMIE ORGANICA TEO NIVEL I/II": {"medie": 9.313636363636364, "reusita": 100.0, "cnt": 11}, "PSIHOLOGIE": {"medie": 8.433333333333335, "reusita": 100.0, "cnt": 15}, "SOCIOLOGIE": {"medie": 7.789285714285716, "reusita": 100.0, "cnt": 14}, "ANATOMIE SI FIZIOLOGIE UMANA, GENETICA SI ECOLOGIE UMANA": {"medie": 8.467592592592593, "reusita": 98.14814814814815, "cnt": 54}, "CHIMIE ANORGANICA TEO NIVEL I/II": {"medie": 9.274999999999999, "reusita": 100.0, "cnt": 4}, "BIOLOGIE VEGETALA SI ANIMALA": {"medie": 8.9375, "reusita": 100.0, "cnt": 4}, "FILOSOFIE": {"medie": 8.3, "reusita": 100.0, "cnt": 1}, "ECONOMIE": {"medie": 7.594444444444444, "reusita": 100.0, "cnt": 9}}, "nume": "COLEGIUL NATIONAL \"I.L.CARAGIALE\"\tBucure\u0219ti"}