{"specializari": {"STIINTE ALE NATURII": 29, "FILOLOGIE": 81, "TEHNICIAN TRANSPORTURI": 24, "MATEMATICA-INFORMATICA": 26, "TEHNICIAN IN INDUSTRIA TEXTILA": 12}, "limba_moderna": {"LIMBA ENGLEZA": 165, "LIMBA FRANCEZA": 7}, "limba_materna": {"LIMBA ROMANA": 146, "LIMBA UCRAINEANA": 26}, "promotie_anterioara": {"NU": 146, "DA": 26}, "materii": {"LIMBA ROMANA": {"medie": 6.221726190476186, "reusita": 85.46511627906976, "cnt": 172}, "MATEMATICA MATE-INFO": {"medie": 3.46923076923077, "reusita": 30.76923076923077, "cnt": 26}, "INFORMATICA MI C/C++": {"medie": 4.029999999999999, "reusita": 40.0, "cnt": 10}, "GENERAL": {"medie": 5.936691919191919, "reusita": 45.93023255813954, "cnt": 172}, "ISTORIE": {"medie": 6.343589743589747, "reusita": 83.9506172839506, "cnt": 81}, "LOGICA, ARGUMENTARE SI COMUNICARE": {"medie": 6.233333333333332, "reusita": 76.0, "cnt": 50}, "GEOGRAFIE": {"medie": 6.656896551724137, "reusita": 80.64516129032258, "cnt": 31}, "FIZICA TEO": {"medie": 9.2, "reusita": 100.0, "cnt": 1}, "CHIMIE ORGANICA TEO NIVEL I/II": {"medie": 9.35, "reusita": 100.0, "cnt": 2}, "MATEMATICA ST-NAT": {"medie": 7.406896551724137, "reusita": 93.10344827586206, "cnt": 29}, "ANATOMIE SI FIZIOLOGIE UMANA, GENETICA SI ECOLOGIE UMANA": {"medie": 6.930769230769233, "reusita": 84.61538461538461, "cnt": 39}, "CHIMIE ANORGANICA TEO NIVEL I/II": {"medie": 6.6, "reusita": 100.0, "cnt": 2}, "BIOLOGIE VEGETALA SI ANIMALA": {"medie": 3.711428571428572, "reusita": 25.0, "cnt": 36}, "INFORMATICA SN C/C++": {"medie": 5.85, "reusita": 100.0, "cnt": 1}, "MATEMATICA TEHN": {"medie": 3.5106060606060607, "reusita": 30.555555555555557, "cnt": 36}, "LIMBA UCRAINEANA": {"medie": 7.339999999999999, "reusita": 96.15384615384616, "cnt": 26}}, "nume": "COLEGIUL TEHNIC \"LATCU VODA\" SIRET\tSuceava"}