{"specializari": {"STIINTE ALE NATURII": 57, "FILOLOGIE": 68, "MATEMATICA-INFORMATICA": 39}, "limba_moderna": {"LIMBA ENGLEZA": 161, "LIMBA SPANIOLA": 2, "LIMBA FRANCEZA": 1}, "limba_materna": {"LIMBA ROMANA": 164}, "promotie_anterioara": {"NU": 159, "DA": 5}, "materii": {"LIMBA ROMANA": {"medie": 7.55396341463415, "reusita": 99.39024390243902, "cnt": 164}, "MATEMATICA MATE-INFO": {"medie": 6.962820512820512, "reusita": 89.74358974358975, "cnt": 39}, "INFORMATICA MI C/C++": {"medie": 7.144642857142858, "reusita": 92.85714285714286, "cnt": 28}, "GENERAL": {"medie": 7.662195121951216, "reusita": 92.07317073170732, "cnt": 164}, "ISTORIE": {"medie": 8.228676470588237, "reusita": 100.0, "cnt": 68}, "LOGICA, ARGUMENTARE SI COMUNICARE": {"medie": 7.917307692307692, "reusita": 96.15384615384616, "cnt": 26}, "GEOGRAFIE": {"medie": 8.71774193548387, "reusita": 100.0, "cnt": 31}, "FIZICA TEO": {"medie": 9.725, "reusita": 100.0, "cnt": 2}, "CHIMIE ORGANICA TEO NIVEL I/II": {"medie": 8.079166666666666, "reusita": 100.0, "cnt": 12}, "MATEMATICA ST-NAT": {"medie": 7.247368421052634, "reusita": 96.49122807017544, "cnt": 57}, "PSIHOLOGIE": {"medie": 8.04375, "reusita": 100.0, "cnt": 8}, "SOCIOLOGIE": {"medie": 9.166666666666666, "reusita": 100.0, "cnt": 3}, "ANATOMIE SI FIZIOLOGIE UMANA, GENETICA SI ECOLOGIE UMANA": {"medie": 7.402083333333331, "reusita": 95.83333333333334, "cnt": 48}, "CHIMIE ANORGANICA TEO NIVEL I/II": {"medie": 7.875000000000001, "reusita": 100.0, "cnt": 4}, "INFORMATICA SN C/C++": {"medie": 7.775, "reusita": 100.0, "cnt": 2}}, "nume": "COLEGIUL NATIONAL \"ELENA GHIBA BIRTA\" ARAD\tArad"}