{"specializari": {"TEHNICIAN IN ACTIVITATI ECONOMICE": 28, "STIINTE SOCIALE": 20, "TEHNICIAN ELECTRICIAN/ELECTRONIST AUTO": 25, "STIINTE ALE NATURII": 2, "ORGANIZATOR BANQUETING": 23, "TEHNICIAN IN INSTALATII ELECTRICE": 2, "TEHNICIAN MECANIC PENTRU INTRETINERE SI REPARATII": 2, "FILOLOGIE": 1}, "limba_moderna": {"LIMBA FRANCEZA": 30, "LIMBA ENGLEZA": 73}, "limba_materna": {"LIMBA ROMANA": 103}, "promotie_anterioara": {"NU": 86, "DA": 17}, "materii": {"LIMBA ROMANA": {"medie": 5.357216494845363, "reusita": 66.99029126213593, "cnt": 103}, "GENERAL": {"medie": 5.469892473118277, "reusita": 34.95145631067961, "cnt": 103}, "ISTORIE": {"medie": 5.266666666666667, "reusita": 61.904761904761905, "cnt": 21}, "LOGICA, ARGUMENTARE SI COMUNICARE": {"medie": 6.203333333333334, "reusita": 66.66666666666666, "cnt": 15}, "GEOGRAFIE": {"medie": 6.9221153846153864, "reusita": 90.74074074074075, "cnt": 54}, "MATEMATICA ST-NAT": {"medie": 5.2, "reusita": 100.0, "cnt": 2}, "SOCIOLOGIE": {"medie": 6.1, "reusita": 100.0, "cnt": 1}, "ANATOMIE SI FIZIOLOGIE UMANA, GENETICA SI ECOLOGIE UMANA": {"medie": 6.975, "reusita": 100.0, "cnt": 2}, "BIOLOGIE VEGETALA SI ANIMALA": {"medie": 3.399999999999999, "reusita": 15.384615384615385, "cnt": 26}, "ECONOMIE": {"medie": 6.175, "reusita": 50.0, "cnt": 2}, "MATEMATICA TEHN": {"medie": 4.966891891891891, "reusita": 55.00000000000001, "cnt": 80}, "FIZICA TEH": {"medie": 6.233333333333333, "reusita": 100.0, "cnt": 3}}, "nume": "COLEGIUL TEHNIC \"ALEXANDRU IOAN CUZA\" SUCEAVA\tSuceava"}