{"specializari": {"STIINTE ALE NATURII": 58, "MATEMATICA-INFORMATICA": 57, "STIINTE SOCIALE": 31, "FILOLOGIE": 32}, "limba_moderna": {"LIMBA ENGLEZA": 176, "LIMBA FRANCEZA": 2}, "limba_materna": {"LIMBA ROMANA": 178}, "promotie_anterioara": {"NU": 178}, "materii": {"LIMBA ROMANA": {"medie": 8.401685393258429, "reusita": 99.43820224719101, "cnt": 178}, "MATEMATICA MATE-INFO": {"medie": 8.832456140350878, "reusita": 100.0, "cnt": 57}, "INFORMATICA MI C/C++": {"medie": 9.358333333333334, "reusita": 100.0, "cnt": 12}, "GENERAL": {"medie": 8.806460674157304, "reusita": 99.43820224719101, "cnt": 178}, "ISTORIE": {"medie": 9.156349206349208, "reusita": 100.0, "cnt": 63}, "LOGICA, ARGUMENTARE SI COMUNICARE": {"medie": 9.082352941176469, "reusita": 100.0, "cnt": 17}, "GEOGRAFIE": {"medie": 9.173170731707318, "reusita": 100.0, "cnt": 41}, "FIZICA TEO": {"medie": 9.320312500000002, "reusita": 100.0, "cnt": 32}, "CHIMIE ORGANICA TEO NIVEL I/II": {"medie": 9.335714285714287, "reusita": 100.0, "cnt": 28}, "MATEMATICA ST-NAT": {"medie": 8.948275862068966, "reusita": 100.0, "cnt": 58}, "PSIHOLOGIE": {"medie": 8.85, "reusita": 100.0, "cnt": 2}, "SOCIOLOGIE": {"medie": 8.35, "reusita": 100.0, "cnt": 1}, "ANATOMIE SI FIZIOLOGIE UMANA, GENETICA SI ECOLOGIE UMANA": {"medie": 8.397499999999999, "reusita": 100.0, "cnt": 40}, "BIOLOGIE VEGETALA SI ANIMALA": {"medie": 8.916666666666666, "reusita": 100.0, "cnt": 3}, "FILOSOFIE": {"medie": 8.35, "reusita": 100.0, "cnt": 2}}, "nume": "COLEGIUL NATIONAL \"AL. I. CUZA\" FOCSANI\tVrancea"}