{"specializari": {"STIINTE ALE NATURII": 31, "FILOLOGIE": 60, "MATEMATICA-INFORMATICA": 55}, "limba_moderna": {"LIMBA ENGLEZA": 146}, "limba_materna": {"LIMBA ROMANA": 146}, "promotie_anterioara": {"NU": 145, "DA": 1}, "materii": {"LIMBA ROMANA": {"medie": 8.242123287671232, "reusita": 100.0, "cnt": 146}, "MATEMATICA MATE-INFO": {"medie": 7.242727272727272, "reusita": 98.18181818181819, "cnt": 55}, "INFORMATICA MI C/C++": {"medie": 8.36, "reusita": 100.0, "cnt": 15}, "GENERAL": {"medie": 8.173401826484016, "reusita": 98.63013698630137, "cnt": 146}, "ISTORIE": {"medie": 8.294166666666667, "reusita": 100.0, "cnt": 60}, "LOGICA, ARGUMENTARE SI COMUNICARE": {"medie": 8.725, "reusita": 100.0, "cnt": 28}, "GEOGRAFIE": {"medie": 8.9875, "reusita": 100.0, "cnt": 8}, "FIZICA TEO": {"medie": 8.225000000000001, "reusita": 100.0, "cnt": 12}, "CHIMIE ORGANICA TEO NIVEL I/II": {"medie": 8.705263157894738, "reusita": 100.0, "cnt": 19}, "MATEMATICA ST-NAT": {"medie": 8.77258064516129, "reusita": 100.0, "cnt": 31}, "PSIHOLOGIE": {"medie": 7.0, "reusita": 100.0, "cnt": 2}, "SOCIOLOGIE": {"medie": 8.304761904761904, "reusita": 100.0, "cnt": 21}, "ANATOMIE SI FIZIOLOGIE UMANA, GENETICA SI ECOLOGIE UMANA": {"medie": 7.608974358974359, "reusita": 97.43589743589743, "cnt": 39}, "BIOLOGIE VEGETALA SI ANIMALA": {"medie": 9.2, "reusita": 100.0, "cnt": 1}, "FILOSOFIE": {"medie": 8.6, "reusita": 100.0, "cnt": 1}}, "nume": "COLEGIUL NATIONAL \"VASILE GOLDIS\" ARAD\tArad"}