{"specializari": {"TEHNICIAN IN ACTIVITATI DE COMERT": 20, "TEHNICIAN OPERATOR TEHNICA DE CALCUL": 10, "TEHNICIAN IN ACTIVITATI ECONOMICE": 28, "TEHNICIAN IN AUTOMATIZARI": 18, "TEHNICIAN TRANSPORTURI": 3, "TEHNICIAN ELECTROTEHNIST": 1}, "limba_moderna": {"LIMBA ENGLEZA": 78, "LIMBA FRANCEZA": 2}, "limba_materna": {"LIMBA ROMANA": 70, "LIMBA MAGHIARA": 10}, "promotie_anterioara": {"NU": 64, "DA": 16}, "materii": {"LIMBA ROMANA": {"medie": 5.072151898734177, "reusita": 65.0, "cnt": 80}, "GENERAL": {"medie": 5.566396103896104, "reusita": 32.5, "cnt": 80}, "GEOGRAFIE": {"medie": 6.831250000000002, "reusita": 93.75, "cnt": 48}, "BIOLOGIE VEGETALA SI ANIMALA": {"medie": 4.955263157894737, "reusita": 57.89473684210527, "cnt": 19}, "MATEMATICA TEHN": {"medie": 5.341666666666669, "reusita": 66.25, "cnt": 80}, "FIZICA TEH": {"medie": 5.003846153846154, "reusita": 46.15384615384615, "cnt": 13}, "LIMBA MAGHIARA (REAL)": {"medie": 6.235, "reusita": 100.0, "cnt": 10}}, "nume": "COLEGIUL TEHNIC \"IULIU MANIU\" SIMLEU SILVANIEI\tS\u0103laj"}