{"specializari": {"MATEMATICA-INFORMATICA": 57, "FILOLOGIE": 34, "STIINTE SOCIALE": 35, "STIINTE ALE NATURII": 28}, "limba_moderna": {"LIMBA ENGLEZA": 148, "LIMBA FRANCEZA": 6}, "limba_materna": {"LIMBA ROMANA": 154}, "promotie_anterioara": {"NU": 150, "DA": 4}, "materii": {"LIMBA ROMANA": {"medie": 7.8840909090909115, "reusita": 99.35064935064936, "cnt": 154}, "MATEMATICA MATE-INFO": {"medie": 7.407894736842104, "reusita": 98.24561403508771, "cnt": 57}, "INFORMATICA MI C/C++": {"medie": 8.672222222222222, "reusita": 100.0, "cnt": 9}, "GENERAL": {"medie": 7.831601731601736, "reusita": 94.15584415584416, "cnt": 154}, "ISTORIE": {"medie": 8.006521739130433, "reusita": 100.0, "cnt": 69}, "LOGICA, ARGUMENTARE SI COMUNICARE": {"medie": 7.725, "reusita": 93.75, "cnt": 16}, "GEOGRAFIE": {"medie": 8.225, "reusita": 100.0, "cnt": 38}, "CHIMIE ORGANICA TEO NIVEL I/II": {"medie": 9.325, "reusita": 100.0, "cnt": 2}, "MATEMATICA ST-NAT": {"medie": 7.241071428571428, "reusita": 100.0, "cnt": 28}, "SOCIOLOGIE": {"medie": 7.456666666666666, "reusita": 100.0, "cnt": 15}, "ANATOMIE SI FIZIOLOGIE UMANA, GENETICA SI ECOLOGIE UMANA": {"medie": 7.883571428571429, "reusita": 97.14285714285714, "cnt": 70}, "CHIMIE ANORGANICA TEO NIVEL I/II": {"medie": 7.5125, "reusita": 100.0, "cnt": 4}}, "nume": "COLEGIUL NATIONAL \"DRAGOS VODA\" CAMPULUNG MOLDOVENESC\tSuceava"}