{"specializari": {"TEOLOGIE ORTODOXA": 23, "FILOLOGIE": 31, "STIINTE ALE NATURII": 26}, "limba_moderna": {"LIMBA FRANCEZA": 12, "LIMBA ENGLEZA": 68}, "limba_materna": {"LIMBA ROMANA": 80}, "promotie_anterioara": {"NU": 76, "DA": 4}, "materii": {"LIMBA ROMANA": {"medie": 7.999375000000005, "reusita": 100.0, "cnt": 80}, "GENERAL": {"medie": 8.367088607594933, "reusita": 96.25, "cnt": 80}, "ISTORIE": {"medie": 8.150925925925927, "reusita": 100.0, "cnt": 54}, "LOGICA, ARGUMENTARE SI COMUNICARE": {"medie": 8.789130434782608, "reusita": 95.83333333333334, "cnt": 24}, "MATEMATICA ST-NAT": {"medie": 9.228846153846156, "reusita": 100.0, "cnt": 26}, "FIZICA TEO": {"medie": 9.6875, "reusita": 100.0, "cnt": 4}, "GEOGRAFIE": {"medie": 7.925000000000001, "reusita": 100.0, "cnt": 24}, "ANATOMIE SI FIZIOLOGIE UMANA, GENETICA SI ECOLOGIE UMANA": {"medie": 8.919999999999998, "reusita": 100.0, "cnt": 15}, "BIOLOGIE VEGETALA SI ANIMALA": {"medie": 8.383333333333333, "reusita": 100.0, "cnt": 6}, "SOCIOLOGIE": {"medie": 8.629999999999999, "reusita": 100.0, "cnt": 5}, "INFORMATICA SN C/C++": {"medie": 9.8, "reusita": 100.0, "cnt": 1}, "FILOSOFIE": {"medie": 7.3, "reusita": 100.0, "cnt": 1}}, "nume": "COLEGIUL ORTODOX MITROPOLITUL \"NICOLAE COLAN\" CLUJ-NAPOCA\tCluj"}