{"specializari": {"FILOLOGIE": 60, "MATEMATICA-INFORMATICA": 117}, "limba_moderna": {"LIMBA ENGLEZA": 174, "LIMBA FRANCEZA": 2, "LIMBA GERMANA MODERNA": 1}, "limba_materna": {"LIMBA ROMANA": 177}, "promotie_anterioara": {"NU": 176, "DA": 1}, "materii": {"LIMBA ROMANA": {"medie": 8.026553672316389, "reusita": 97.74011299435028, "cnt": 177}, "MATEMATICA MATE-INFO": {"medie": 8.673504273504275, "reusita": 98.29059829059828, "cnt": 117}, "INFORMATICA MI C/C++": {"medie": 8.584883720930238, "reusita": 100.0, "cnt": 43}, "GENERAL": {"medie": 8.441054613935972, "reusita": 96.61016949152543, "cnt": 177}, "ISTORIE": {"medie": 8.175, "reusita": 98.33333333333333, "cnt": 60}, "LOGICA, ARGUMENTARE SI COMUNICARE": {"medie": 9.415, "reusita": 100.0, "cnt": 10}, "CHIMIE ORGANICA TEO NIVEL I/II": {"medie": 9.372727272727273, "reusita": 100.0, "cnt": 11}, "FIZICA TEO": {"medie": 9.232, "reusita": 100.0, "cnt": 25}, "GEOGRAFIE": {"medie": 8.876315789473686, "reusita": 100.0, "cnt": 38}, "PSIHOLOGIE": {"medie": 8.614285714285716, "reusita": 100.0, "cnt": 7}, "ANATOMIE SI FIZIOLOGIE UMANA, GENETICA SI ECOLOGIE UMANA": {"medie": 8.534848484848485, "reusita": 96.96969696969697, "cnt": 33}, "CHIMIE ANORGANICA TEO NIVEL I/II": {"medie": 7.290000000000001, "reusita": 100.0, "cnt": 5}, "SOCIOLOGIE": {"medie": 8.3, "reusita": 100.0, "cnt": 2}, "FILOSOFIE": {"medie": 10.0, "reusita": 100.0, "cnt": 1}, "ECONOMIE": {"medie": 8.35, "reusita": 100.0, "cnt": 2}}, "nume": "COLEGIUL NATIONAL \"CONSTANTIN CARABELLA\" TARGOVISTE\tD\u00e2mbovi\u021ba"}