{"specializari": {"LICEU CU PROGRAM SPORTIV": 27, "ORGANIZATOR BANQUETING": 20, "TEHNICIAN IN TURISM": 23, "TEHNICIAN MECATRONIST": 23, "TEHNICIAN IN GASTRONOMIE": 19, "TEHNICIAN TRANSPORTURI": 2, "TEHNICIAN MECANIC PENTRU INTRETINERE SI REPARATII": 4, "MATEMATICA-INFORMATICA": 3, "TEHNICIAN IN AUTOMATIZARI": 1}, "limba_moderna": {"LIMBA ENGLEZA": 121, "LIMBA FRANCEZA": 1}, "limba_materna": {"LIMBA ROMANA": 122}, "promotie_anterioara": {"NU": 91, "DA": 31}, "materii": {"LIMBA ROMANA": {"medie": 5.496551724137932, "reusita": 76.22950819672131, "cnt": 122}, "MATEMATICA MATE-INFO": {"medie": 2.4166666666666665, "reusita": 33.33333333333333, "cnt": 3}, "GENERAL": {"medie": 5.319321533923305, "reusita": 28.688524590163933, "cnt": 122}, "ISTORIE": {"medie": 5.387037037037037, "reusita": 70.37037037037037, "cnt": 27}, "LOGICA, ARGUMENTARE SI COMUNICARE": {"medie": 4.095454545454545, "reusita": 36.36363636363637, "cnt": 11}, "GEOGRAFIE": {"medie": 6.771428571428572, "reusita": 93.05555555555556, "cnt": 72}, "PSIHOLOGIE": {"medie": 6.2, "reusita": 80.0, "cnt": 5}, "BIOLOGIE VEGETALA SI ANIMALA": {"medie": 4.244999999999999, "reusita": 35.483870967741936, "cnt": 31}, "MATEMATICA TEHN": {"medie": 4.3419540229885065, "reusita": 51.08695652173913, "cnt": 92}, "FIZICA TEH": {"medie": "-", "reusita": 0.0, "cnt": 1}, "ECONOMIE": {"medie": 6.9, "reusita": 100.0, "cnt": 1}, "CHIMIE ANORGANICA TEH NIVEL I/II": {"medie": 5.85, "reusita": 100.0, "cnt": 1}}, "nume": "COLEGIUL TEHNIC \"DINICU GOLESCU\"\tBucure\u0219ti"}