{"specializari": {"TEHNICIAN DESIGNER MOBILA SI AMENAJARI INTERIOARE": 24, "TEHNICIAN IN GASTRONOMIE": 15, "TEHNICIAN MECATRONIST": 1, "TEHNICIAN IN ACTIVITATI DE COMERT": 2, "TEHNICIAN ELECTROMECANIC": 3, "TEHNICIAN IN PRELUCRAREA LEMNULUI": 1}, "limba_moderna": {"LIMBA ENGLEZA": 25, "LIMBA FRANCEZA": 21}, "limba_materna": {"LIMBA ROMANA": 46}, "promotie_anterioara": {"NU": 39, "DA": 7}, "materii": {"LIMBA ROMANA": {"medie": 5.834782608695652, "reusita": 84.78260869565217, "cnt": 46}, "GENERAL": {"medie": 5.739015151515151, "reusita": 52.17391304347826, "cnt": 46}, "LOGICA, ARGUMENTARE SI COMUNICARE": {"medie": 7.05, "reusita": 100.0, "cnt": 9}, "GEOGRAFIE": {"medie": 7.8687499999999995, "reusita": 100.0, "cnt": 8}, "BIOLOGIE VEGETALA SI ANIMALA": {"medie": 5.044444444444443, "reusita": 51.724137931034484, "cnt": 29}, "MATEMATICA TEHN": {"medie": 5.4188888888888895, "reusita": 69.56521739130434, "cnt": 46}}, "nume": "COLEGIUL TEHNIC CAMPULUNG\tArge\u0219"}