{"specializari": {"STIINTE SOCIALE": 34, "MATEMATICA-INFORMATICA": 120, "STIINTE ALE NATURII": 57, "FILOLOGIE": 66}, "limba_moderna": {"LIMBA ENGLEZA": 266, "LIMBA FRANCEZA": 11}, "limba_materna": {"LIMBA ROMANA": 277}, "promotie_anterioara": {"NU": 276, "DA": 1}, "materii": {"LIMBA ROMANA": {"medie": 7.735507246376808, "reusita": 98.55595667870037, "cnt": 277}, "MATEMATICA MATE-INFO": {"medie": 8.227083333333333, "reusita": 97.5, "cnt": 120}, "INFORMATICA MI C/C++": {"medie": 8.822727272727274, "reusita": 100.0, "cnt": 22}, "GENERAL": {"medie": 8.113828502415451, "reusita": 94.58483754512635, "cnt": 277}, "ISTORIE": {"medie": 8.886363636363637, "reusita": 98.0, "cnt": 100}, "LOGICA, ARGUMENTARE SI COMUNICARE": {"medie": 7.85, "reusita": 90.0, "cnt": 10}, "GEOGRAFIE": {"medie": 8.369166666666668, "reusita": 100.0, "cnt": 60}, "FIZICA TEO": {"medie": 7.753333333333333, "reusita": 96.66666666666667, "cnt": 30}, "CHIMIE ORGANICA TEO NIVEL I/II": {"medie": 9.058823529411766, "reusita": 100.0, "cnt": 17}, "MATEMATICA ST-NAT": {"medie": 8.091228070175438, "reusita": 100.0, "cnt": 57}, "PSIHOLOGIE": {"medie": 9.25, "reusita": 100.0, "cnt": 1}, "SOCIOLOGIE": {"medie": 7.792857142857142, "reusita": 89.65517241379311, "cnt": 29}, "ANATOMIE SI FIZIOLOGIE UMANA, GENETICA SI ECOLOGIE UMANA": {"medie": 8.049528301886795, "reusita": 97.16981132075472, "cnt": 106}, "CHIMIE ANORGANICA TEO NIVEL I/II": {"medie": 6.85, "reusita": 100.0, "cnt": 1}, "BIOLOGIE VEGETALA SI ANIMALA": {"medie": 6.15, "reusita": 100.0, "cnt": 1}}, "nume": "COLEGIUL NATIONAL \"STEFAN CEL MARE\", ORAS TARGU NEAMT\tNeam\u021b"}