{"specializari": {"MATEMATICA-INFORMATICA": 17}, "limba_moderna": {"LIMBA ENGLEZA": 17}, "limba_materna": {"LIMBA ROMANA": 17}, "promotie_anterioara": {"NU": 17}, "materii": {"LIMBA ROMANA": {"medie": 8.152941176470588, "reusita": 100.0, "cnt": 17}, "MATEMATICA MATE-INFO": {"medie": 8.44705882352941, "reusita": 100.0, "cnt": 17}, "INFORMATICA MI C/C++": {"medie": 9.63, "reusita": 100.0, "cnt": 5}, "GENERAL": {"medie": 8.632352941176473, "reusita": 100.0, "cnt": 17}, "CHIMIE ORGANICA TEO NIVEL I/II": {"medie": 9.566666666666666, "reusita": 100.0, "cnt": 3}, "FIZICA TEO": {"medie": 8.766666666666667, "reusita": 100.0, "cnt": 3}, "ANATOMIE SI FIZIOLOGIE UMANA, GENETICA SI ECOLOGIE UMANA": {"medie": 9.15, "reusita": 100.0, "cnt": 6}}, "nume": "COLEGIUL \"RICHARD WURMBRAND\", IASI\tIa\u0219i"}