{"specializari": {"TEHNICIAN MECATRONIST": 4, "COAFOR STILIST": 23, "TEHNICIAN IN ACTIVITATI ECONOMICE": 15, "TEHNICIAN IN GASTRONOMIE": 1, "ORGANIZATOR BANQUETING": 1}, "limba_moderna": {"LIMBA ENGLEZA": 44}, "limba_materna": {"LIMBA ROMANA": 44}, "promotie_anterioara": {"NU": 23, "DA": 21}, "materii": {"LIMBA ROMANA": {"medie": 5.6187499999999995, "reusita": 75.0, "cnt": 44}, "GENERAL": {"medie": 5.433333333333333, "reusita": 34.090909090909086, "cnt": 44}, "LOGICA, ARGUMENTARE SI COMUNICARE": {"medie": 5.216666666666666, "reusita": 33.33333333333333, "cnt": 3}, "GEOGRAFIE": {"medie": 6.094444444444444, "reusita": 67.74193548387096, "cnt": 31}, "PSIHOLOGIE": {"medie": 6.2250000000000005, "reusita": 100.0, "cnt": 6}, "BIOLOGIE VEGETALA SI ANIMALA": {"medie": 4.575, "reusita": 50.0, "cnt": 2}, "MATEMATICA TEHN": {"medie": 4.63157894736842, "reusita": 50.0, "cnt": 44}, "FIZICA TEH": {"medie": 9.5, "reusita": 100.0, "cnt": 2}}, "nume": "COLEGIUL UCECOM \"SPIRU HARET\"\tBucure\u0219ti"}