{"specializari": {"MATEMATICA-INFORMATICA": 103, "STIINTE ALE NATURII": 32, "FILOLOGIE": 75}, "limba_moderna": {"LIMBA ENGLEZA": 210}, "limba_materna": {"LIMBA ROMANA": 210}, "promotie_anterioara": {"NU": 208, "DA": 2}, "materii": {"LIMBA ROMANA": {"medie": 7.593749999999998, "reusita": 98.57142857142858, "cnt": 210}, "MATEMATICA MATE-INFO": {"medie": 8.360294117647054, "reusita": 99.02912621359224, "cnt": 103}, "INFORMATICA MI C/C++": {"medie": 8.125, "reusita": 95.0, "cnt": 20}, "GENERAL": {"medie": 7.97051282051282, "reusita": 94.28571428571428, "cnt": 210}, "ISTORIE": {"medie": 7.762666666666664, "reusita": 94.66666666666667, "cnt": 75}, "LOGICA, ARGUMENTARE SI COMUNICARE": {"medie": 8.565625, "reusita": 100.0, "cnt": 16}, "GEOGRAFIE": {"medie": 8.666666666666668, "reusita": 100.0, "cnt": 21}, "FIZICA TEO": {"medie": 8.157894736842104, "reusita": 94.73684210526315, "cnt": 38}, "CHIMIE ORGANICA TEO NIVEL I/II": {"medie": 9.670833333333333, "reusita": 100.0, "cnt": 24}, "MATEMATICA ST-NAT": {"medie": 7.922580645161291, "reusita": 96.875, "cnt": 32}, "PSIHOLOGIE": {"medie": 8.75, "reusita": 100.0, "cnt": 2}, "SOCIOLOGIE": {"medie": 7.911764705882353, "reusita": 97.05882352941177, "cnt": 34}, "ANATOMIE SI FIZIOLOGIE UMANA, GENETICA SI ECOLOGIE UMANA": {"medie": 7.474999999999999, "reusita": 100.0, "cnt": 10}, "BIOLOGIE VEGETALA SI ANIMALA": {"medie": 7.528750000000004, "reusita": 90.47619047619048, "cnt": 42}, "INFORMATICA SN C/C++": {"medie": 9.45, "reusita": 100.0, "cnt": 1}, "ECONOMIE": {"medie": 9.025, "reusita": 100.0, "cnt": 2}}, "nume": "COLEGIUL NATIONAL \"BARBU STIRBEI\" CALARASI\tC\u0103l\u0103ra\u0219i"}