{"specializari": {"TEHNICIAN IN ACTIVITATI ECONOMICE": 62, "STIINTE ALE NATURII": 29, "TEHNICIAN IN SILVICULTURA SI EXPLOATARI FORESTIERE": 35, "TEHNICIAN DESIGNER MOBILA SI AMENAJARI INTERIOARE": 31}, "limba_moderna": {"LIMBA ENGLEZA": 153, "LIMBA FRANCEZA": 4}, "limba_materna": {"LIMBA ROMANA": 157}, "promotie_anterioara": {"NU": 138, "DA": 19}, "materii": {"LIMBA ROMANA": {"medie": 7.258387096774193, "reusita": 96.81528662420382, "cnt": 157}, "GENERAL": {"medie": 7.335281385281385, "reusita": 75.79617834394905, "cnt": 157}, "LOGICA, ARGUMENTARE SI COMUNICARE": {"medie": 8.912295081967214, "reusita": 98.36065573770492, "cnt": 61}, "MATEMATICA ST-NAT": {"medie": 8.03448275862069, "reusita": 100.0, "cnt": 29}, "GEOGRAFIE": {"medie": 8.8, "reusita": 100.0, "cnt": 1}, "ANATOMIE SI FIZIOLOGIE UMANA, GENETICA SI ECOLOGIE UMANA": {"medie": 6.835964912280701, "reusita": 89.47368421052632, "cnt": 57}, "BIOLOGIE VEGETALA SI ANIMALA": {"medie": 5.11764705882353, "reusita": 51.42857142857142, "cnt": 35}, "INFORMATICA SN C/C++": {"medie": 7.516666666666666, "reusita": 100.0, "cnt": 3}, "MATEMATICA TEHN": {"medie": 7.264799999999997, "reusita": 87.5, "cnt": 128}}, "nume": "COLEGIUL TEHNIC FORESTIER, MUNICIPIUL CAMPINA\tPrahova"}