{"specializari": {"FILOLOGIE": 74, "MATEMATICA-INFORMATICA": 124, "STIINTE ALE NATURII": 58}, "limba_moderna": {"LIMBA ENGLEZA": 242, "LIMBA FRANCEZA": 11, "LIMBA GERMANA MODERNA": 3}, "limba_materna": {"LIMBA ROMANA": 256}, "promotie_anterioara": {"NU": 254, "DA": 2}, "materii": {"LIMBA ROMANA": {"medie": 8.309803921568625, "reusita": 99.21875, "cnt": 256}, "MATEMATICA MATE-INFO": {"medie": 8.480487804878049, "reusita": 98.38709677419355, "cnt": 124}, "INFORMATICA MI C/C++": {"medie": 7.81875, "reusita": 87.5, "cnt": 16}, "GENERAL": {"medie": 8.355359477124185, "reusita": 94.53125, "cnt": 256}, "ISTORIE": {"medie": 8.36216216216216, "reusita": 100.0, "cnt": 74}, "LOGICA, ARGUMENTARE SI COMUNICARE": {"medie": 9.025471698113208, "reusita": 100.0, "cnt": 53}, "CHIMIE ORGANICA TEO NIVEL I/II": {"medie": 9.25, "reusita": 100.0, "cnt": 2}, "MATEMATICA ST-NAT": {"medie": 7.56293103448276, "reusita": 89.65517241379311, "cnt": 58}, "FIZICA TEO": {"medie": 8.416406250000001, "reusita": 96.875, "cnt": 64}, "GEOGRAFIE": {"medie": 8.976470588235294, "reusita": 100.0, "cnt": 17}, "PSIHOLOGIE": {"medie": 9.25, "reusita": 100.0, "cnt": 1}, "ANATOMIE SI FIZIOLOGIE UMANA, GENETICA SI ECOLOGIE UMANA": {"medie": 8.357526881720435, "reusita": 97.87234042553192, "cnt": 94}, "CHIMIE ANORGANICA TEO NIVEL I/II": {"medie": 8.9, "reusita": 100.0, "cnt": 1}, "BIOLOGIE VEGETALA SI ANIMALA": {"medie": 7.675000000000001, "reusita": 100.0, "cnt": 2}, "SOCIOLOGIE": {"medie": 7.875, "reusita": 100.0, "cnt": 2}, "INFORMATICA SN C/C++": {"medie": 7.599999999999999, "reusita": 100.0, "cnt": 3}, "ECONOMIE": {"medie": 9.8, "reusita": 100.0, "cnt": 1}}, "nume": "COLEGIUL NATIONAL \"ION MINULESCU\" SLATINA\tOlt"}