{"specializari": {"STIINTE ALE NATURII": 56, "MATEMATICA-INFORMATICA": 28, "FILOLOGIE": 28}, "limba_moderna": {"LIMBA ENGLEZA": 110, "LIMBA SPANIOLA": 2}, "limba_materna": {"LIMBA GERMANA": 112}, "promotie_anterioara": {"NU": 112}, "materii": {"LIMBA ROMANA": {"medie": 8.549107142857142, "reusita": 100.0, "cnt": 112}, "MATEMATICA MATE-INFO": {"medie": 9.103571428571426, "reusita": 100.0, "cnt": 28}, "INFORMATICA MI C/C++": {"medie": 9.667857142857143, "reusita": 100.0, "cnt": 14}, "GENERAL": {"medie": 8.792299107142856, "reusita": 100.0, "cnt": 112}, "ISTORIE": {"medie": 7.776785714285714, "reusita": 100.0, "cnt": 28}, "LOGICA, ARGUMENTARE SI COMUNICARE": {"medie": 8.866666666666665, "reusita": 100.0, "cnt": 12}, "GEOGRAFIE": {"medie": 8.53, "reusita": 100.0, "cnt": 15}, "FIZICA TEO": {"medie": 8.754999999999999, "reusita": 100.0, "cnt": 20}, "CHIMIE ORGANICA TEO NIVEL I/II": {"medie": 9.5875, "reusita": 100.0, "cnt": 4}, "MATEMATICA ST-NAT": {"medie": 9.135714285714284, "reusita": 100.0, "cnt": 56}, "ANATOMIE SI FIZIOLOGIE UMANA, GENETICA SI ECOLOGIE UMANA": {"medie": 9.145652173913044, "reusita": 100.0, "cnt": 23}, "BIOLOGIE VEGETALA SI ANIMALA": {"medie": 9.139285714285716, "reusita": 100.0, "cnt": 14}, "INFORMATICA SN C/C++": {"medie": 7.533333333333333, "reusita": 100.0, "cnt": 9}, "FILOSOFIE": {"medie": 9.3, "reusita": 100.0, "cnt": 1}, "LIMBA GERMANA": {"medie": 8.916517857142855, "reusita": 100.0, "cnt": 112}}, "nume": "COLEGIUL NATIONAL \"SAMUEL VON BRUKENTHAL\" SIBIU\tSibiu"}