{"specializari": {"STIINTE ALE NATURII": 35, "TEHNICIAN IN INSTALATII ELECTRICE": 20, "TEHNICIAN IN GASTRONOMIE": 29, "TEHNICIAN IN HOTELARIE": 16, "TEHNICIAN CHIMIST DE LABORATOR": 12, "TEHNICIAN INSTALATOR PENTRU CONSTRUCTII": 9, "TEHNICIAN MECANIC PENTRU INTRETINERE SI REPARATII": 27, "TEHNICIAN DESENATOR PENTRU CONSTRUCTII SI INSTALATII": 14, "TEHNICIAN IN CONSTRUCTII SI LUCRARI PUBLICE": 4, "TEHNICIAN ELECTROMECANIC": 2, "TEHNICIAN ELECTROTEHNIST": 1}, "limba_moderna": {"LIMBA ENGLEZA": 156, "LIMBA FRANCEZA": 13}, "limba_materna": {"LIMBA ROMANA": 169}, "promotie_anterioara": {"NU": 103, "DA": 66}, "materii": {"LIMBA ROMANA": {"medie": 5.995151515151516, "reusita": 84.61538461538461, "cnt": 169}, "GENERAL": {"medie": 6.072113289760351, "reusita": 44.97041420118343, "cnt": 169}, "LOGICA, ARGUMENTARE SI COMUNICARE": {"medie": 7.35, "reusita": 100.0, "cnt": 4}, "MATEMATICA ST-NAT": {"medie": 5.934848484848484, "reusita": 74.28571428571429, "cnt": 35}, "GEOGRAFIE": {"medie": 7.9625, "reusita": 100.0, "cnt": 40}, "PSIHOLOGIE": {"medie": 7.65, "reusita": 100.0, "cnt": 1}, "ANATOMIE SI FIZIOLOGIE UMANA, GENETICA SI ECOLOGIE UMANA": {"medie": 6.128125, "reusita": 87.5, "cnt": 32}, "BIOLOGIE VEGETALA SI ANIMALA": {"medie": 4.95357142857143, "reusita": 50.66666666666667, "cnt": 75}, "MATEMATICA TEHN": {"medie": 6.047967479674796, "reusita": 76.11940298507463, "cnt": 134}, "FIZICA TEH": {"medie": 5.966666666666666, "reusita": 50.0, "cnt": 10}, "CHIMIE ANORGANICA TEH NIVEL I/II": {"medie": 5.9375, "reusita": 57.14285714285714, "cnt": 7}}, "nume": "COLEGIUL TEHNIC \"MIHAI BRAVU\"\tBucure\u0219ti"}