{"specializari": {"FILOLOGIE": 27, "INVATATOR - EDUCATOARE": 56, "MATEMATICA-INFORMATICA": 27}, "limba_moderna": {"LIMBA ENGLEZA": 100, "LIMBA RUSA": 5, "LIMBA FRANCEZA": 5}, "limba_materna": {"LIMBA ROMANA": 110}, "promotie_anterioara": {"NU": 107, "DA": 3}, "materii": {"LIMBA ROMANA": {"medie": 7.257727272727273, "reusita": 99.0909090909091, "cnt": 110}, "MATEMATICA MATE-INFO": {"medie": 5.642592592592592, "reusita": 66.66666666666666, "cnt": 27}, "INFORMATICA MI C/C++": {"medie": 7.566666666666667, "reusita": 83.33333333333334, "cnt": 6}, "GENERAL": {"medie": 7.567424242424243, "reusita": 86.36363636363636, "cnt": 110}, "ISTORIE": {"medie": 8.670370370370371, "reusita": 100.0, "cnt": 27}, "LOGICA, ARGUMENTARE SI COMUNICARE": {"medie": 8.639423076923077, "reusita": 100.0, "cnt": 52}, "FIZICA TEO": {"medie": 2.6, "reusita": 0.0, "cnt": 1}, "GEOGRAFIE": {"medie": 8.13703703703704, "reusita": 100.0, "cnt": 27}, "PSIHOLOGIE": {"medie": 7.8, "reusita": 100.0, "cnt": 3}, "ANATOMIE SI FIZIOLOGIE UMANA, GENETICA SI ECOLOGIE UMANA": {"medie": 6.88, "reusita": 100.0, "cnt": 20}, "MATEMATICA PED": {"medie": 7.642857142857143, "reusita": 96.42857142857143, "cnt": 56}, "ECONOMIE": {"medie": 6.5, "reusita": 100.0, "cnt": 1}}, "nume": "COLEGIUL NATIONAL PEDAGOGIC \"REGELE FERDINAND\" SIGHETU MARMATIEI\tMaramure\u0219"}