{"specializari": {"FILOLOGIE": 32, "STIINTE ALE NATURII": 19, "MATEMATICA-INFORMATICA": 43, "TEHNICIAN ELECTRICIAN/ELECTRONIST AUTO": 36, "TEHNICIAN PROIECTANT CAD": 27, "TEHNICIAN INSTALATII DE BORD (AVION)": 22, "TEHNICIAN IN CONSTRUCTII SI LUCRARI PUBLICE": 2, "TEHNICIAN IN INSTALATII ELECTRICE": 1, "TEHNICIAN MECATRONIST": 3, "TEHNICIAN OPERATOR TEHNICA DE CALCUL": 3, "TEHNICIAN DESENATOR PENTRU CONSTRUCTII SI INSTALATII": 3, "TEHNICIAN OPERATOR TELEMATICA": 1, "TEHNICIAN ELECTROTEHNIST": 3, "TEHNICIAN MECANIC PENTRU INTRETINERE SI REPARATII": 2, "TEHNICIAN IN ACTIVITATI ECONOMICE": 1}, "limba_moderna": {"LIMBA ENGLEZA": 192, "LIMBA FRANCEZA": 6}, "limba_materna": {"LIMBA ROMANA": 198}, "promotie_anterioara": {"NU": 154, "DA": 44}, "materii": {"LIMBA ROMANA": {"medie": 6.316326530612244, "reusita": 93.43434343434343, "cnt": 198}, "MATEMATICA MATE-INFO": {"medie": 5.912790697674419, "reusita": 79.06976744186046, "cnt": 43}, "INFORMATICA MI C/C++": {"medie": 6.985294117647059, "reusita": 94.11764705882352, "cnt": 17}, "GENERAL": {"medie": 6.24450261780105, "reusita": 57.57575757575758, "cnt": 198}, "ISTORIE": {"medie": 6.721875, "reusita": 90.625, "cnt": 32}, "LOGICA, ARGUMENTARE SI COMUNICARE": {"medie": 8.1484375, "reusita": 93.75, "cnt": 32}, "GEOGRAFIE": {"medie": 5.1, "reusita": 100.0, "cnt": 1}, "FIZICA TEO": {"medie": 8.200000000000001, "reusita": 100.0, "cnt": 3}, "CHIMIE ORGANICA TEO NIVEL I/II": {"medie": 7.1, "reusita": 100.0, "cnt": 1}, "MATEMATICA ST-NAT": {"medie": 6.421052631578949, "reusita": 94.73684210526315, "cnt": 19}, "ANATOMIE SI FIZIOLOGIE UMANA, GENETICA SI ECOLOGIE UMANA": {"medie": 6.496052631578947, "reusita": 78.94736842105263, "cnt": 38}, "CHIMIE ANORGANICA TEO NIVEL I/II": {"medie": 8.25, "reusita": 100.0, "cnt": 1}, "BIOLOGIE VEGETALA SI ANIMALA": {"medie": 5.08961038961039, "reusita": 59.25925925925925, "cnt": 81}, "MATEMATICA TEHN": {"medie": 5.810396039603961, "reusita": 78.84615384615384, "cnt": 104}, "FIZICA TEH": {"medie": 6.7239130434782615, "reusita": 87.5, "cnt": 24}}, "nume": "COLEGIUL \"STEFAN ODOBLEJA\" CRAIOVA\tDolj"}