{"specializari": {"STIINTE SOCIALE": 33, "FILOLOGIE": 32, "MATEMATICA-INFORMATICA": 125, "STIINTE ALE NATURII": 65}, "limba_moderna": {"LIMBA ENGLEZA": 246, "LIMBA FRANCEZA": 8, "LIMBA GERMANA MODERNA": 1}, "limba_materna": {"LIMBA ROMANA": 255}, "promotie_anterioara": {"NU": 255}, "materii": {"LIMBA ROMANA": {"medie": 8.695686274509802, "reusita": 100.0, "cnt": 255}, "MATEMATICA MATE-INFO": {"medie": 8.898000000000001, "reusita": 99.2, "cnt": 125}, "INFORMATICA MI C/C++": {"medie": 8.736607142857146, "reusita": 100.0, "cnt": 56}, "GENERAL": {"medie": 8.923790849673205, "reusita": 99.6078431372549, "cnt": 255}, "ISTORIE": {"medie": 9.453076923076923, "reusita": 100.0, "cnt": 65}, "LOGICA, ARGUMENTARE SI COMUNICARE": {"medie": 9.330555555555556, "reusita": 100.0, "cnt": 18}, "GEOGRAFIE": {"medie": 9.210714285714287, "reusita": 100.0, "cnt": 28}, "FIZICA TEO": {"medie": 8.89285714285714, "reusita": 97.61904761904762, "cnt": 42}, "CHIMIE ORGANICA TEO NIVEL I/II": {"medie": 9.672368421052633, "reusita": 100.0, "cnt": 38}, "MATEMATICA ST-NAT": {"medie": 9.225384615384614, "reusita": 100.0, "cnt": 65}, "PSIHOLOGIE": {"medie": 9.059999999999999, "reusita": 100.0, "cnt": 5}, "SOCIOLOGIE": {"medie": 8.754166666666666, "reusita": 100.0, "cnt": 12}, "ANATOMIE SI FIZIOLOGIE UMANA, GENETICA SI ECOLOGIE UMANA": {"medie": 8.374999999999998, "reusita": 100.0, "cnt": 48}, "CHIMIE ANORGANICA TEO NIVEL I/II": {"medie": 9.9, "reusita": 100.0, "cnt": 1}, "BIOLOGIE VEGETALA SI ANIMALA": {"medie": 9.875, "reusita": 100.0, "cnt": 2}, "INFORMATICA SN C/C++": {"medie": 9.766666666666666, "reusita": 100.0, "cnt": 3}, "ECONOMIE": {"medie": 7.75, "reusita": 100.0, "cnt": 2}}, "nume": "COLEGIUL NATIONAL \"MATEI BASARAB\"\tBucure\u0219ti"}