{"specializari": {"FILOLOGIE": 32, "STIINTE SOCIALE": 32, "STIINTE ALE NATURII": 64, "LICEU CU PROGRAM SPORTIV": 35, "MATEMATICA-INFORMATICA": 27}, "limba_moderna": {"LIMBA ENGLEZA": 183, "LIMBA FRANCEZA": 7}, "limba_materna": {"LIMBA ROMANA": 190}, "promotie_anterioara": {"NU": 177, "DA": 13}, "materii": {"LIMBA ROMANA": {"medie": 7.328191489361701, "reusita": 96.3157894736842, "cnt": 190}, "MATEMATICA MATE-INFO": {"medie": 7.883333333333333, "reusita": 100.0, "cnt": 27}, "INFORMATICA MI C/C++": {"medie": 7.903333333333333, "reusita": 100.0, "cnt": 15}, "GENERAL": {"medie": 7.606117021276599, "reusita": 86.31578947368422, "cnt": 190}, "ISTORIE": {"medie": 7.362886597938142, "reusita": 91.91919191919192, "cnt": 99}, "LOGICA, ARGUMENTARE SI COMUNICARE": {"medie": 8.342352941176472, "reusita": 97.6470588235294, "cnt": 85}, "GEOGRAFIE": {"medie": 7.083333333333333, "reusita": 63.63636363636363, "cnt": 11}, "FIZICA TEO": {"medie": 7.26, "reusita": 80.0, "cnt": 5}, "MATEMATICA ST-NAT": {"medie": 7.539843749999999, "reusita": 93.75, "cnt": 64}, "PSIHOLOGIE": {"medie": 8.9, "reusita": 100.0, "cnt": 1}, "SOCIOLOGIE": {"medie": 8.35, "reusita": 100.0, "cnt": 2}, "ANATOMIE SI FIZIOLOGIE UMANA, GENETICA SI ECOLOGIE UMANA": {"medie": 7.730434782608695, "reusita": 97.10144927536231, "cnt": 69}, "INFORMATICA SN C/C++": {"medie": 7.925, "reusita": 100.0, "cnt": 2}}, "nume": "COLEGIUL NATIONAL \"NICOLAE TITULESCU\" CRAIOVA\tDolj"}