{"specializari": {"MUZICA": 34, "ARTE PLASTICE SI DECORATIVE": 34, "ARHITECTURA, ARTE AMBIENTALE SI DESIGN": 33, "ARTA ACTORULUI": 32}, "limba_moderna": {"LIMBA ENGLEZA": 133}, "limba_materna": {"LIMBA ROMANA": 133}, "promotie_anterioara": {"NU": 121, "DA": 12}, "materii": {"LIMBA ROMANA": {"medie": 6.693511450381677, "reusita": 96.2406015037594, "cnt": 133}, "GENERAL": {"medie": 6.977435897435894, "reusita": 76.69172932330827, "cnt": 133}, "ISTORIE": {"medie": 6.52862595419847, "reusita": 91.72932330827066, "cnt": 133}, "LOGICA, ARGUMENTARE SI COMUNICARE": {"medie": 8.263636363636364, "reusita": 100.0, "cnt": 11}, "GEOGRAFIE": {"medie": 7.756707317073172, "reusita": 98.78048780487805, "cnt": 82}, "PSIHOLOGIE": {"medie": 7.3549999999999995, "reusita": 100.0, "cnt": 40}}, "nume": "COLEGIUL DE ARTE \"SABIN DRAGOI\" ARAD\tArad"}