{"specializari": {"FILOLOGIE": 120, "INVATATOR - EDUCATOARE": 60, "MATEMATICA-INFORMATICA": 32}, "limba_moderna": {"LIMBA ENGLEZA": 209, "LIMBA FRANCEZA": 3}, "limba_materna": {"LIMBA ROMANA": 212}, "promotie_anterioara": {"NU": 205, "DA": 7}, "materii": {"LIMBA ROMANA": {"medie": 7.694339622641509, "reusita": 98.58490566037736, "cnt": 212}, "MATEMATICA MATE-INFO": {"medie": 6.775, "reusita": 84.375, "cnt": 32}, "GENERAL": {"medie": 7.744603174603174, "reusita": 85.84905660377359, "cnt": 212}, "ISTORIE": {"medie": 7.492857142857146, "reusita": 95.83333333333334, "cnt": 120}, "LOGICA, ARGUMENTARE SI COMUNICARE": {"medie": 8.5698717948718, "reusita": 94.9367088607595, "cnt": 79}, "GEOGRAFIE": {"medie": 7.976404494382024, "reusita": 97.75280898876404, "cnt": 89}, "FIZICA TEO": {"medie": 7.727777777777779, "reusita": 100.0, "cnt": 9}, "CHIMIE ORGANICA TEO NIVEL I/II": {"medie": 9.2, "reusita": 100.0, "cnt": 2}, "PSIHOLOGIE": {"medie": 7.991666666666667, "reusita": 100.0, "cnt": 6}, "SOCIOLOGIE": {"medie": 7.119999999999999, "reusita": 100.0, "cnt": 5}, "ANATOMIE SI FIZIOLOGIE UMANA, GENETICA SI ECOLOGIE UMANA": {"medie": 7.847619047619048, "reusita": 90.47619047619048, "cnt": 21}, "MATEMATICA PED": {"medie": 7.491525423728816, "reusita": 88.33333333333333, "cnt": 60}, "ECONOMIE": {"medie": 7.0, "reusita": 100.0, "cnt": 1}}, "nume": "COLEGIUL NATIONAL PEDAGOGIC \"MIRCEA SCARLAT\" ALEXANDRIA\tTeleorman"}