{"specializari": {"MATEMATICA-INFORMATICA": 56, "TEHNICIAN IN TURISM": 37, "TEHNICIAN IN PRELUCRAREA LEMNULUI": 2, "TEHNICIAN MECANIC PENTRU INTRETINERE SI REPARATII": 2, "TEHNICIAN IN ACTIVITATI DE COMERT": 2}, "limba_moderna": {"LIMBA ENGLEZA": 97, "LIMBA FRANCEZA": 2}, "limba_materna": {"LIMBA ROMANA": 99}, "promotie_anterioara": {"NU": 83, "DA": 16}, "materii": {"LIMBA ROMANA": {"medie": 6.773684210526316, "reusita": 90.9090909090909, "cnt": 99}, "MATEMATICA MATE-INFO": {"medie": 7.325454545454546, "reusita": 87.5, "cnt": 56}, "INFORMATICA MI C/C++": {"medie": 6.5, "reusita": 100.0, "cnt": 2}, "GENERAL": {"medie": 6.809782608695653, "reusita": 62.62626262626263, "cnt": 99}, "LOGICA, ARGUMENTARE SI COMUNICARE": {"medie": 7.262499999999999, "reusita": 100.0, "cnt": 4}, "CHIMIE ORGANICA TEO NIVEL I/II": {"medie": 8.737499999999999, "reusita": 100.0, "cnt": 12}, "FIZICA TEO": {"medie": 8.739999999999998, "reusita": 100.0, "cnt": 5}, "GEOGRAFIE": {"medie": 6.6703125000000005, "reusita": 82.85714285714286, "cnt": 35}, "ANATOMIE SI FIZIOLOGIE UMANA, GENETICA SI ECOLOGIE UMANA": {"medie": 6.807142857142855, "reusita": 86.20689655172413, "cnt": 29}, "BIOLOGIE VEGETALA SI ANIMALA": {"medie": 6.872727272727272, "reusita": 72.72727272727273, "cnt": 11}, "MATEMATICA TEHN": {"medie": 5.092105263157896, "reusita": 62.7906976744186, "cnt": 43}, "FIZICA TEH": {"medie": "-", "reusita": 0.0, "cnt": 1}}, "nume": "COLEGIUL \"FERDINAND I\", COMUNA MANECIU\tPrahova"}