{"specializari": {"STIINTE ALE NATURII": 61, "MATEMATICA-INFORMATICA": 29, "FILOLOGIE": 62, "STIINTE SOCIALE": 30}, "limba_moderna": {"LIMBA ENGLEZA": 163, "LIMBA FRANCEZA": 15, "LIMBA RUSA": 4}, "limba_materna": {"LIMBA ROMANA": 182}, "promotie_anterioara": {"NU": 181, "DA": 1}, "materii": {"LIMBA ROMANA": {"medie": 7.986813186813189, "reusita": 98.9010989010989, "cnt": 182}, "MATEMATICA MATE-INFO": {"medie": 8.501724137931033, "reusita": 96.55172413793103, "cnt": 29}, "INFORMATICA MI C/C++": {"medie": 8.475, "reusita": 95.83333333333334, "cnt": 24}, "GENERAL": {"medie": 8.30723443223444, "reusita": 95.05494505494505, "cnt": 182}, "ISTORIE": {"medie": 7.839673913043482, "reusita": 98.91304347826086, "cnt": 92}, "LOGICA, ARGUMENTARE SI COMUNICARE": {"medie": 8.62450980392157, "reusita": 96.07843137254902, "cnt": 51}, "CHIMIE ORGANICA TEO NIVEL I/II": {"medie": 9.616666666666665, "reusita": 100.0, "cnt": 6}, "MATEMATICA ST-NAT": {"medie": 8.888524590163936, "reusita": 100.0, "cnt": 61}, "FIZICA TEO": {"medie": 9.077777777777776, "reusita": 100.0, "cnt": 9}, "GEOGRAFIE": {"medie": 8.651562499999999, "reusita": 100.0, "cnt": 32}, "PSIHOLOGIE": {"medie": 7.65, "reusita": 100.0, "cnt": 4}, "ANATOMIE SI FIZIOLOGIE UMANA, GENETICA SI ECOLOGIE UMANA": {"medie": 8.57551020408163, "reusita": 100.0, "cnt": 49}, "SOCIOLOGIE": {"medie": 8.63, "reusita": 100.0, "cnt": 5}, "INFORMATICA SN C/C++": {"medie": 9.35, "reusita": 100.0, "cnt": 2}}, "nume": "COLEGIUL NATIONAL \"MIHAIL SADOVEANU\", PASCANI\tIa\u0219i"}