{"specializari": {"MATEMATICA-INFORMATICA": 31, "FILOLOGIE": 60, "STIINTE ALE NATURII": 27}, "limba_moderna": {"LIMBA ENGLEZA": 98, "LIMBA FRANCEZA": 15, "LIMBA GERMANA MODERNA": 5}, "limba_materna": {"LIMBA ROMANA": 118}, "promotie_anterioara": {"NU": 116, "DA": 2}, "materii": {"LIMBA ROMANA": {"medie": 8.372881355932204, "reusita": 99.15254237288136, "cnt": 118}, "MATEMATICA MATE-INFO": {"medie": 8.891935483870968, "reusita": 96.7741935483871, "cnt": 31}, "INFORMATICA MI C/C++": {"medie": 8.647058823529413, "reusita": 100.0, "cnt": 17}, "GENERAL": {"medie": 8.681908831908832, "reusita": 96.61016949152543, "cnt": 118}, "ISTORIE": {"medie": 9.000833333333334, "reusita": 100.0, "cnt": 60}, "LOGICA, ARGUMENTARE SI COMUNICARE": {"medie": 9.280000000000001, "reusita": 100.0, "cnt": 40}, "CHIMIE ORGANICA TEO NIVEL I/II": {"medie": 9.3, "reusita": 100.0, "cnt": 2}, "MATEMATICA ST-NAT": {"medie": 8.079629629629627, "reusita": 96.29629629629629, "cnt": 27}, "FIZICA TEO": {"medie": 9.15, "reusita": 100.0, "cnt": 1}, "GEOGRAFIE": {"medie": 8.95, "reusita": 100.0, "cnt": 5}, "ANATOMIE SI FIZIOLOGIE UMANA, GENETICA SI ECOLOGIE UMANA": {"medie": 8.555555555555555, "reusita": 100.0, "cnt": 36}, "CHIMIE ANORGANICA TEO NIVEL I/II": {"medie": "-", "reusita": 0.0, "cnt": 1}, "SOCIOLOGIE": {"medie": 8.870000000000001, "reusita": 100.0, "cnt": 15}, "INFORMATICA SN C/C++": {"medie": 9.8, "reusita": 100.0, "cnt": 1}}, "nume": "COLEGIUL NATIONAL \"ONISIFOR GHIBU\" ORADEA\tBihor"}