{"specializari": {"STIINTE ALE NATURII": 60, "STIINTE SOCIALE": 30, "MATEMATICA-INFORMATICA": 61, "FILOLOGIE": 30}, "limba_moderna": {"LIMBA ENGLEZA": 177, "LIMBA GERMANA MODERNA": 4}, "limba_materna": {"LIMBA ROMANA": 181}, "promotie_anterioara": {"NU": 180, "DA": 1}, "materii": {"LIMBA ROMANA": {"medie": 8.870994475138117, "reusita": 100.0, "cnt": 181}, "MATEMATICA MATE-INFO": {"medie": 9.354098360655739, "reusita": 100.0, "cnt": 61}, "INFORMATICA MI C/C++": {"medie": 9.073809523809526, "reusita": 100.0, "cnt": 21}, "GENERAL": {"medie": 9.135911602209942, "reusita": 100.0, "cnt": 181}, "ISTORIE": {"medie": 9.089999999999996, "reusita": 100.0, "cnt": 60}, "LOGICA, ARGUMENTARE SI COMUNICARE": {"medie": 8.799999999999999, "reusita": 100.0, "cnt": 3}, "GEOGRAFIE": {"medie": 9.049999999999999, "reusita": 100.0, "cnt": 25}, "FIZICA TEO": {"medie": 8.988888888888887, "reusita": 100.0, "cnt": 9}, "CHIMIE ORGANICA TEO NIVEL I/II": {"medie": 9.9, "reusita": 100.0, "cnt": 2}, "MATEMATICA ST-NAT": {"medie": 9.411666666666664, "reusita": 100.0, "cnt": 60}, "PSIHOLOGIE": {"medie": 8.4, "reusita": 100.0, "cnt": 1}, "SOCIOLOGIE": {"medie": 9.09074074074074, "reusita": 100.0, "cnt": 27}, "ANATOMIE SI FIZIOLOGIE UMANA, GENETICA SI ECOLOGIE UMANA": {"medie": 9.533908045977011, "reusita": 100.0, "cnt": 87}, "INFORMATICA SN C/C++": {"medie": 7.975, "reusita": 100.0, "cnt": 2}, "ECONOMIE": {"medie": 7.824999999999999, "reusita": 100.0, "cnt": 4}}, "nume": "COLEGIUL NATIONAL \"CONSTANTIN DIACONOVICI LOGA\" TIMISOARA\tTimi\u0219"}