{"specializari": {"STIINTE ALE NATURII": 32, "MATEMATICA-INFORMATICA": 118}, "limba_moderna": {"LIMBA ENGLEZA": 149, "LIMBA GERMANA MODERNA": 1}, "limba_materna": {"LIMBA ROMANA": 150}, "promotie_anterioara": {"NU": 150}, "materii": {"LIMBA ROMANA": {"medie": 8.290333333333336, "reusita": 100.0, "cnt": 150}, "MATEMATICA MATE-INFO": {"medie": 8.577118644067792, "reusita": 98.30508474576271, "cnt": 118}, "INFORMATICA MI C/C++": {"medie": 8.942372881355931, "reusita": 98.30508474576271, "cnt": 59}, "GENERAL": {"medie": 8.570000000000004, "reusita": 96.66666666666667, "cnt": 150}, "FIZICA TEO": {"medie": 8.684615384615384, "reusita": 100.0, "cnt": 26}, "CHIMIE ORGANICA TEO NIVEL I/II": {"medie": 9.338095238095239, "reusita": 100.0, "cnt": 21}, "MATEMATICA ST-NAT": {"medie": 8.734374999999998, "reusita": 100.0, "cnt": 32}, "ANATOMIE SI FIZIOLOGIE UMANA, GENETICA SI ECOLOGIE UMANA": {"medie": 8.452702702702704, "reusita": 100.0, "cnt": 37}, "CHIMIE ANORGANICA TEO NIVEL I/II": {"medie": 7.9, "reusita": 100.0, "cnt": 1}, "BIOLOGIE VEGETALA SI ANIMALA": {"medie": 8.316666666666668, "reusita": 100.0, "cnt": 3}, "INFORMATICA SN C/C++": {"medie": 8.75, "reusita": 100.0, "cnt": 3}}, "nume": "COLEGIUL NATIONAL \"CANTEMIR VODA\"\tBucure\u0219ti"}