{"specializari": {"ARHITECTURA, ARTE AMBIENTALE SI DESIGN": 27, "MUZICA": 30, "ARTE PLASTICE SI DECORATIVE": 31}, "limba_moderna": {"LIMBA ENGLEZA": 87, "LIMBA FRANCEZA": 1}, "limba_materna": {"LIMBA ROMANA": 88}, "promotie_anterioara": {"NU": 84, "DA": 4}, "materii": {"LIMBA ROMANA": {"medie": 8.077840909090908, "reusita": 98.86363636363636, "cnt": 88}, "GENERAL": {"medie": 8.275287356321838, "reusita": 93.18181818181817, "cnt": 88}, "ISTORIE": {"medie": 7.976436781609193, "reusita": 95.45454545454545, "cnt": 88}, "LOGICA, ARGUMENTARE SI COMUNICARE": {"medie": 8.906034482758624, "reusita": 98.30508474576271, "cnt": 59}, "GEOGRAFIE": {"medie": 8.4375, "reusita": 100.0, "cnt": 28}, "FILOSOFIE": {"medie": 7.6, "reusita": 100.0, "cnt": 1}}, "nume": "COLEGIUL DE ARTA \"CARMEN SYLVA\", MUNICIPIUL PLOIESTI\tPrahova"}