{"specializari": {"TEHNICIAN IN ACTIVITATI ECONOMICE": 124, "TEHNICIAN IN TURISM": 32, "ORGANIZATOR BANQUETING": 31, "TEHNICIAN IN GASTRONOMIE": 5}, "limba_moderna": {"LIMBA ENGLEZA": 189, "LIMBA ITALIANA": 3}, "limba_materna": {"LIMBA ROMANA": 192}, "promotie_anterioara": {"NU": 182, "DA": 10}, "materii": {"LIMBA ROMANA": {"medie": 7.2160526315789415, "reusita": 97.39583333333334, "cnt": 192}, "GENERAL": {"medie": 7.750443262411355, "reusita": 92.1875, "cnt": 192}, "LOGICA, ARGUMENTARE SI COMUNICARE": {"medie": 7.699999999999999, "reusita": 60.0, "cnt": 5}, "GEOGRAFIE": {"medie": 8.162777777777778, "reusita": 98.36065573770492, "cnt": 183}, "PSIHOLOGIE": {"medie": 7.6125, "reusita": 100.0, "cnt": 4}, "MATEMATICA TEHN": {"medie": 7.823947368421052, "reusita": 94.79166666666666, "cnt": 192}}, "nume": "COLEGIUL ECONOMIC \"FRANCESCO SAVERIO NITTI\" TIMISOARA\tTimi\u0219"}