{"specializari": {"MATEMATICA-INFORMATICA": 112, "STIINTE ALE NATURII": 30, "FILOLOGIE": 31, "STIINTE SOCIALE": 30}, "limba_moderna": {"LIMBA ENGLEZA": 202, "LIMBA FRANCEZA": 1}, "limba_materna": {"LIMBA ROMANA": 203}, "promotie_anterioara": {"NU": 201, "DA": 2}, "materii": {"LIMBA ROMANA": {"medie": 8.034975369458124, "reusita": 100.0, "cnt": 203}, "MATEMATICA MATE-INFO": {"medie": 8.533482142857142, "reusita": 100.0, "cnt": 112}, "INFORMATICA MI C/C++": {"medie": 8.718181818181817, "reusita": 100.0, "cnt": 22}, "GENERAL": {"medie": 8.43571428571428, "reusita": 99.01477832512316, "cnt": 203}, "ISTORIE": {"medie": 8.724590163934424, "reusita": 100.0, "cnt": 61}, "LOGICA, ARGUMENTARE SI COMUNICARE": {"medie": 8.647272727272728, "reusita": 100.0, "cnt": 55}, "GEOGRAFIE": {"medie": 8.262500000000001, "reusita": 100.0, "cnt": 4}, "FIZICA TEO": {"medie": 9.363461538461538, "reusita": 100.0, "cnt": 26}, "CHIMIE ORGANICA TEO NIVEL I/II": {"medie": 8.835714285714285, "reusita": 100.0, "cnt": 7}, "MATEMATICA ST-NAT": {"medie": 9.163333333333336, "reusita": 100.0, "cnt": 30}, "SOCIOLOGIE": {"medie": 7.775, "reusita": 100.0, "cnt": 2}, "ANATOMIE SI FIZIOLOGIE UMANA, GENETICA SI ECOLOGIE UMANA": {"medie": 8.319411764705881, "reusita": 100.0, "cnt": 85}, "CHIMIE ANORGANICA TEO NIVEL I/II": {"medie": 7.475, "reusita": 100.0, "cnt": 2}}, "nume": "COLEGIUL NATIONAL \"MIHAI VITEAZUL\" SLOBOZIA\tIalomi\u021ba"}