{"specializari": {"MATEMATICA-INFORMATICA": 103, "STIINTE ALE NATURII": 27, "STIINTE SOCIALE": 30}, "limba_moderna": {"LIMBA ENGLEZA": 155, "LIMBA GERMANA MODERNA": 1, "LIMBA FRANCEZA": 4}, "limba_materna": {"LIMBA ROMANA": 160}, "promotie_anterioara": {"NU": 160}, "materii": {"LIMBA ROMANA": {"medie": 8.1090625, "reusita": 100.0, "cnt": 160}, "MATEMATICA MATE-INFO": {"medie": 8.589805825242717, "reusita": 99.02912621359224, "cnt": 103}, "INFORMATICA MI C/C++": {"medie": 7.85217391304348, "reusita": 95.65217391304348, "cnt": 46}, "GENERAL": {"medie": 8.283437500000002, "reusita": 96.875, "cnt": 160}, "ISTORIE": {"medie": 8.251666666666667, "reusita": 100.0, "cnt": 30}, "LOGICA, ARGUMENTARE SI COMUNICARE": {"medie": 9.327272727272728, "reusita": 100.0, "cnt": 11}, "CHIMIE ORGANICA TEO NIVEL I/II": {"medie": 8.968749999999998, "reusita": 100.0, "cnt": 16}, "MATEMATICA ST-NAT": {"medie": 8.583333333333334, "reusita": 100.0, "cnt": 27}, "FIZICA TEO": {"medie": 8.107142857142858, "reusita": 95.23809523809523, "cnt": 21}, "GEOGRAFIE": {"medie": 8.9125, "reusita": 100.0, "cnt": 4}, "PSIHOLOGIE": {"medie": 8.275, "reusita": 100.0, "cnt": 2}, "ANATOMIE SI FIZIOLOGIE UMANA, GENETICA SI ECOLOGIE UMANA": {"medie": 8.126086956521737, "reusita": 100.0, "cnt": 23}, "CHIMIE ANORGANICA TEO NIVEL I/II": {"medie": 9.4, "reusita": 100.0, "cnt": 1}, "BIOLOGIE VEGETALA SI ANIMALA": {"medie": 7.965909090909093, "reusita": 100.0, "cnt": 22}, "SOCIOLOGIE": {"medie": 8.023076923076923, "reusita": 100.0, "cnt": 13}, "INFORMATICA SN C/C++": {"medie": 8.95, "reusita": 100.0, "cnt": 1}}, "nume": "COLEGIUL NATIONAL \"NICOLAE BALCESCU\"\tBr\u0103ila"}