{"specializari": {"FILOLOGIE": 31, "MATEMATICA-INFORMATICA": 61, "STIINTE ALE NATURII": 29, "TEHNICIAN IN ACTIVITATI ECONOMICE": 27, "TEHNICIAN ECOLOG SI PROTECTIA CALITATII MEDIULUI": 31, "TEHNICIAN IN INDUSTRIA TEXTILA": 4, "STIINTE SOCIALE": 1, "TEHNICIAN IN PRELUCRAREA LEMNULUI": 2, "TEHNICIAN MECANIC PENTRU INTRETINERE SI REPARATII": 7}, "limba_moderna": {"LIMBA ENGLEZA": 192, "LIMBA FRANCEZA": 1}, "limba_materna": {"LIMBA ROMANA": 193}, "promotie_anterioara": {"NU": 174, "DA": 19}, "materii": {"LIMBA ROMANA": {"medie": 7.460621761658034, "reusita": 94.81865284974094, "cnt": 193}, "MATEMATICA MATE-INFO": {"medie": 8.301639344262295, "reusita": 98.36065573770492, "cnt": 61}, "INFORMATICA MI C/C++": {"medie": 6.783333333333334, "reusita": 79.16666666666666, "cnt": 24}, "GENERAL": {"medie": 7.329319371727752, "reusita": 75.12953367875647, "cnt": 193}, "ISTORIE": {"medie": 8.615625000000001, "reusita": 100.0, "cnt": 32}, "LOGICA, ARGUMENTARE SI COMUNICARE": {"medie": 9.493749999999999, "reusita": 100.0, "cnt": 8}, "CHIMIE ORGANICA TEO NIVEL I/II": {"medie": 9.3, "reusita": 100.0, "cnt": 1}, "MATEMATICA ST-NAT": {"medie": 7.877586206896551, "reusita": 96.55172413793103, "cnt": 29}, "FIZICA TEO": {"medie": 8.797368421052633, "reusita": 100.0, "cnt": 19}, "GEOGRAFIE": {"medie": 8.075510204081633, "reusita": 100.0, "cnt": 49}, "ANATOMIE SI FIZIOLOGIE UMANA, GENETICA SI ECOLOGIE UMANA": {"medie": 6.647368421052632, "reusita": 75.0, "cnt": 76}, "BIOLOGIE VEGETALA SI ANIMALA": {"medie": 3.3541666666666665, "reusita": 15.384615384615385, "cnt": 13}, "SOCIOLOGIE": {"medie": 7.324999999999999, "reusita": 100.0, "cnt": 2}, "MATEMATICA TEHN": {"medie": 5.644927536231886, "reusita": 73.23943661971832, "cnt": 71}, "CHIMIE ORGANICA TEH NIVEL I/II": {"medie": 5.05, "reusita": 100.0, "cnt": 1}}, "nume": "COLEGIUL TEHNIC \"DIMITRIE GHIKA\" COMANESTI\tBac\u0103u"}