{"specializari": {"FILOLOGIE": 36, "MATEMATICA-INFORMATICA": 26, "TEHNICIAN IN ACTIVITATI ECONOMICE": 37, "STIINTE ALE NATURII": 30, "TEHNICIAN MECATRONIST": 27, "TEHNICIAN IN ACTIVITATI DE COMERT": 3, "TEHNICIAN TRANSPORTURI": 1, "TEHNICIAN ELECTRONIST": 1}, "limba_moderna": {"LIMBA ENGLEZA": 150, "LIMBA FRANCEZA": 11}, "limba_materna": {"LIMBA ROMANA": 161}, "promotie_anterioara": {"NU": 139, "DA": 22}, "materii": {"LIMBA ROMANA": {"medie": 7.046562499999996, "reusita": 93.7888198757764, "cnt": 161}, "MATEMATICA MATE-INFO": {"medie": 7.749999999999998, "reusita": 100.0, "cnt": 26}, "INFORMATICA MI C/C++": {"medie": 6.25, "reusita": 100.0, "cnt": 2}, "GENERAL": {"medie": 6.8367088607594955, "reusita": 67.08074534161491, "cnt": 161}, "ISTORIE": {"medie": 7.4375, "reusita": 97.22222222222221, "cnt": 36}, "LOGICA, ARGUMENTARE SI COMUNICARE": {"medie": 8.978571428571428, "reusita": 100.0, "cnt": 7}, "CHIMIE ORGANICA TEO NIVEL I/II": {"medie": 9.35, "reusita": 100.0, "cnt": 1}, "MATEMATICA ST-NAT": {"medie": 5.28, "reusita": 66.66666666666666, "cnt": 30}, "FIZICA TEO": {"medie": 7.676923076923078, "reusita": 100.0, "cnt": 13}, "GEOGRAFIE": {"medie": 7.842499999999998, "reusita": 95.16129032258065, "cnt": 62}, "ANATOMIE SI FIZIOLOGIE UMANA, GENETICA SI ECOLOGIE UMANA": {"medie": 7.809459459459461, "reusita": 100.0, "cnt": 37}, "CHIMIE ANORGANICA TEO NIVEL I/II": {"medie": 7.324999999999999, "reusita": 100.0, "cnt": 2}, "BIOLOGIE VEGETALA SI ANIMALA": {"medie": 4.18888888888889, "reusita": 28.57142857142857, "cnt": 28}, "SOCIOLOGIE": {"medie": 8.100000000000001, "reusita": 100.0, "cnt": 7}, "INFORMATICA SN C/C++": {"medie": 9.05, "reusita": 100.0, "cnt": 1}, "MATEMATICA TEHN": {"medie": 5.417164179104477, "reusita": 68.11594202898551, "cnt": 69}, "FIZICA TEH": {"medie": 1.4, "reusita": 0.0, "cnt": 1}}, "nume": "COLEGIUL \"MIHAI VITEAZUL\" INEU\tArad"}