{"specializari": {"ORGANIZATOR BANQUETING": 35, "TEHNICIAN IN ADMINISTRATIE": 60, "TEHNICIAN OPERATOR TEHNICA DE CALCUL": 53, "TEHNICIAN MECATRONIST": 16, "TEHNICIAN MECANIC PENTRU INTRETINERE SI REPARATII": 1}, "limba_moderna": {"LIMBA ENGLEZA": 164, "LIMBA GERMANA MODERNA": 1}, "limba_materna": {"LIMBA ROMANA": 165}, "promotie_anterioara": {"NU": 137, "DA": 28}, "materii": {"LIMBA ROMANA": {"medie": 6.833231707317074, "reusita": 98.18181818181819, "cnt": 165}, "GENERAL": {"medie": 7.102380952380956, "reusita": 77.57575757575758, "cnt": 165}, "LOGICA, ARGUMENTARE SI COMUNICARE": {"medie": 8.327272727272726, "reusita": 100.0, "cnt": 11}, "GEOGRAFIE": {"medie": 7.74113924050633, "reusita": 98.73417721518987, "cnt": 79}, "PSIHOLOGIE": {"medie": 7.666666666666667, "reusita": 100.0, "cnt": 3}, "BIOLOGIE VEGETALA SI ANIMALA": {"medie": 5.864893617021276, "reusita": 72.3404255319149, "cnt": 47}, "ECONOMIE": {"medie": 5.324999999999999, "reusita": 50.0, "cnt": 2}, "MATEMATICA TEHN": {"medie": 7.295031055900623, "reusita": 94.54545454545455, "cnt": 165}, "FIZICA TEH": {"medie": 6.950000000000001, "reusita": 95.65217391304348, "cnt": 23}}, "nume": "COLEGIUL TEHNIC \"HENRI COANDA\" TIMISOARA\tTimi\u0219"}