{"specializari": {"STIINTE ALE NATURII": 28, "MATEMATICA-INFORMATICA": 20, "TEHNICIAN IN INSTALATII ELECTRICE": 24, "TEHNICIAN MECANIC PENTRU INTRETINERE SI REPARATII": 71, "TEHNICIAN IN AGROTURISM": 5}, "limba_moderna": {"LIMBA ENGLEZA": 93, "LIMBA FRANCEZA": 54, "LIMBA RUSA": 1}, "limba_materna": {"LIMBA ROMANA": 148}, "promotie_anterioara": {"NU": 113, "DA": 35}, "materii": {"LIMBA ROMANA": {"medie": 5.679921259842522, "reusita": 58.78378378378378, "cnt": 148}, "MATEMATICA MATE-INFO": {"medie": 5.825, "reusita": 75.0, "cnt": 20}, "INFORMATICA MI C/C++": {"medie": 9.9, "reusita": 100.0, "cnt": 1}, "GENERAL": {"medie": 5.678319783197834, "reusita": 38.513513513513516, "cnt": 148}, "MATEMATICA ST-NAT": {"medie": 7.2714285714285705, "reusita": 96.42857142857143, "cnt": 28}, "ANATOMIE SI FIZIOLOGIE UMANA, GENETICA SI ECOLOGIE UMANA": {"medie": 7.565957446808512, "reusita": 100.0, "cnt": 47}, "BIOLOGIE VEGETALA SI ANIMALA": {"medie": 5.019736842105266, "reusita": 42.0, "cnt": 100}, "MATEMATICA TEHN": {"medie": 4.356410256410254, "reusita": 42.0, "cnt": 100}}, "nume": "COLEGIUL TEHNOLOGIC \"CONSTANTIN BRANCOVEANU\"\tMehedin\u021bi"}