{"specializari": {"TEHNICIAN IN ACTIVITATI ECONOMICE": 86, "TEHNICIAN IN TURISM": 63, "TEHNICIAN IN ACHIZITII SI CONTRACTARI": 25, "TEHNICIAN IN GASTRONOMIE": 94, "TEHNICIAN IN ACTIVITATI DE COMERT": 33, "ORGANIZATOR BANQUETING": 90}, "limba_moderna": {"LIMBA ENGLEZA": 387, "LIMBA FRANCEZA": 4}, "limba_materna": {"LIMBA ROMANA": 391}, "promotie_anterioara": {"NU": 301, "DA": 90}, "materii": {"LIMBA ROMANA": {"medie": 6.0314960629921295, "reusita": 89.25831202046037, "cnt": 391}, "GENERAL": {"medie": 6.373180592991913, "reusita": 63.171355498721226, "cnt": 391}, "LOGICA, ARGUMENTARE SI COMUNICARE": {"medie": 6.545774647887322, "reusita": 76.71232876712328, "cnt": 73}, "GEOGRAFIE": {"medie": 7.07773851590106, "reusita": 89.86486486486487, "cnt": 296}, "PSIHOLOGIE": {"medie": 6.282500000000001, "reusita": 95.0, "cnt": 20}, "ECONOMIE": {"medie": 5.35, "reusita": 100.0, "cnt": 2}, "MATEMATICA TEHN": {"medie": 6.123005319148935, "reusita": 81.58567774936061, "cnt": 391}}, "nume": "COLEGIUL ECONOMIC \"VIILOR\"\tBucure\u0219ti"}