{"specializari": {"COAFOR STILIST": 29, "TEHNICIAN IN TURISM": 29, "TEHNICIAN DESIGNER VESTIMENTAR": 28, "TEHNICIAN IN INDUSTRIA TEXTILA": 2}, "limba_moderna": {"LIMBA ENGLEZA": 86, "LIMBA GERMANA MODERNA": 2}, "limba_materna": {"LIMBA ROMANA": 88}, "promotie_anterioara": {"NU": 69, "DA": 19}, "materii": {"LIMBA ROMANA": {"medie": 6.202906976744188, "reusita": 87.5, "cnt": 88}, "GENERAL": {"medie": 6.858230452674898, "reusita": 69.31818181818183, "cnt": 88}, "LOGICA, ARGUMENTARE SI COMUNICARE": {"medie": 8.19, "reusita": 93.75, "cnt": 16}, "GEOGRAFIE": {"medie": 8.17, "reusita": 95.23809523809523, "cnt": 42}, "BIOLOGIE VEGETALA SI ANIMALA": {"medie": 6.168000000000001, "reusita": 62.06896551724138, "cnt": 29}, "MATEMATICA TEHN": {"medie": 6.634523809523809, "reusita": 86.36363636363636, "cnt": 88}, "FIZICA TEH": {"medie": 2.2, "reusita": 0.0, "cnt": 1}}, "nume": "COLEGIUL TEHNIC \"CIBINIUM\" SIBIU\tSibiu"}