{"specializari": {"INVATATOR - EDUCATOARE": 86, "FILOLOGIE": 55, "EDUCATOR-PUERICULTOR": 27}, "limba_moderna": {"LIMBA ENGLEZA": 167, "LIMBA FRANCEZA": 1}, "limba_materna": {"LIMBA ROMANA": 111, "LIMBA GERMANA": 57}, "promotie_anterioara": {"NU": 167, "DA": 1}, "materii": {"LIMBA ROMANA": {"medie": 7.74879518072289, "reusita": 98.21428571428571, "cnt": 168}, "GENERAL": {"medie": 7.923744979919676, "reusita": 93.45238095238095, "cnt": 168}, "ISTORIE": {"medie": 7.508749999999999, "reusita": 95.1219512195122, "cnt": 82}, "LOGICA, ARGUMENTARE SI COMUNICARE": {"medie": 8.521031746031747, "reusita": 96.09375, "cnt": 128}, "GEOGRAFIE": {"medie": 8.08, "reusita": 100.0, "cnt": 30}, "PSIHOLOGIE": {"medie": 8.177777777777777, "reusita": 100.0, "cnt": 9}, "SOCIOLOGIE": {"medie": 6.9, "reusita": 100.0, "cnt": 1}, "MATEMATICA PED": {"medie": 8.076744186046511, "reusita": 97.67441860465115, "cnt": 86}, "LIMBA GERMANA": {"medie": 6.682456140350878, "reusita": 92.98245614035088, "cnt": 57}}, "nume": "COLEGIUL NATIONAL PEDAGOGIC \"ANDREI SAGUNA\" SIBIU\tSibiu"}