{"specializari": {"STIINTE ALE NATURII": 60, "MATEMATICA-INFORMATICA": 53, "STIINTE SOCIALE": 32, "FILOLOGIE": 32}, "limba_moderna": {"LIMBA ENGLEZA": 175, "LIMBA FRANCEZA": 2}, "limba_materna": {"LIMBA ROMANA": 177}, "promotie_anterioara": {"NU": 177}, "materii": {"LIMBA ROMANA": {"medie": 7.864124293785308, "reusita": 100.0, "cnt": 177}, "MATEMATICA MATE-INFO": {"medie": 8.692452830188678, "reusita": 100.0, "cnt": 53}, "INFORMATICA MI C/C++": {"medie": 7.9925000000000015, "reusita": 95.0, "cnt": 20}, "GENERAL": {"medie": 8.296798493408662, "reusita": 98.87005649717514, "cnt": 177}, "ISTORIE": {"medie": 7.8953125, "reusita": 100.0, "cnt": 64}, "LOGICA, ARGUMENTARE SI COMUNICARE": {"medie": 9.147499999999999, "reusita": 100.0, "cnt": 20}, "GEOGRAFIE": {"medie": 8.592500000000001, "reusita": 100.0, "cnt": 40}, "FIZICA TEO": {"medie": 8.810869565217391, "reusita": 100.0, "cnt": 23}, "CHIMIE ORGANICA TEO NIVEL I/II": {"medie": 9.256818181818183, "reusita": 100.0, "cnt": 22}, "MATEMATICA ST-NAT": {"medie": 8.746666666666666, "reusita": 100.0, "cnt": 60}, "PSIHOLOGIE": {"medie": 8.7, "reusita": 100.0, "cnt": 3}, "SOCIOLOGIE": {"medie": 7.0, "reusita": 100.0, "cnt": 1}, "ANATOMIE SI FIZIOLOGIE UMANA, GENETICA SI ECOLOGIE UMANA": {"medie": 8.095714285714287, "reusita": 100.0, "cnt": 35}, "CHIMIE ANORGANICA TEO NIVEL I/II": {"medie": 8.725, "reusita": 100.0, "cnt": 4}, "BIOLOGIE VEGETALA SI ANIMALA": {"medie": 9.633333333333333, "reusita": 100.0, "cnt": 3}, "INFORMATICA SN C/C++": {"medie": 8.3, "reusita": 100.0, "cnt": 6}}, "nume": "COLEGIUL NATIONAL \"GRIGORE MOISIL\" ONESTI\tBac\u0103u"}