{"specializari": {"MATEMATICA-INFORMATICA": 91, "FILOLOGIE": 67, "STIINTE ALE NATURII": 52}, "limba_moderna": {"LIMBA ENGLEZA": 210}, "limba_materna": {"LIMBA ROMANA": 210}, "promotie_anterioara": {"NU": 206, "DA": 4}, "materii": {"LIMBA ROMANA": {"medie": 8.187081339712918, "reusita": 99.52380952380952, "cnt": 210}, "MATEMATICA MATE-INFO": {"medie": 9.047252747252749, "reusita": 100.0, "cnt": 91}, "INFORMATICA MI C/C++": {"medie": 9.268518518518519, "reusita": 100.0, "cnt": 27}, "GENERAL": {"medie": 8.438197767145136, "reusita": 97.61904761904762, "cnt": 210}, "ISTORIE": {"medie": 7.744029850746269, "reusita": 100.0, "cnt": 67}, "LOGICA, ARGUMENTARE SI COMUNICARE": {"medie": 8.84375, "reusita": 100.0, "cnt": 32}, "CHIMIE ORGANICA TEO NIVEL I/II": {"medie": 8.893333333333334, "reusita": 100.0, "cnt": 15}, "MATEMATICA ST-NAT": {"medie": 8.573529411764707, "reusita": 98.07692307692307, "cnt": 52}, "FIZICA TEO": {"medie": 8.885, "reusita": 100.0, "cnt": 50}, "GEOGRAFIE": {"medie": 8.091071428571428, "reusita": 100.0, "cnt": 28}, "ANATOMIE SI FIZIOLOGIE UMANA, GENETICA SI ECOLOGIE UMANA": {"medie": 8.106382978723405, "reusita": 91.66666666666666, "cnt": 48}, "CHIMIE ANORGANICA TEO NIVEL I/II": {"medie": 8.1, "reusita": 100.0, "cnt": 1}, "SOCIOLOGIE": {"medie": 8.041666666666666, "reusita": 100.0, "cnt": 6}, "INFORMATICA SN C/C++": {"medie": 8.225, "reusita": 100.0, "cnt": 2}, "ECONOMIE": {"medie": 9.0, "reusita": 100.0, "cnt": 1}}, "nume": "COLEGIUL NATIONAL \"DIMITRIE CANTEMIR\" ONESTI\tBac\u0103u"}