{"specializari": {"MATEMATICA-INFORMATICA": 60, "STIINTE ALE NATURII": 31, "FILOLOGIE": 84}, "limba_moderna": {"LIMBA GERMANA MODERNA": 11, "LIMBA ENGLEZA": 125, "LIMBA FRANCEZA": 39}, "limba_materna": {"LIMBA ROMANA": 175}, "promotie_anterioara": {"NU": 175}, "materii": {"LIMBA ROMANA": {"medie": 8.550285714285708, "reusita": 100.0, "cnt": 175}, "MATEMATICA MATE-INFO": {"medie": 8.938333333333333, "reusita": 100.0, "cnt": 60}, "INFORMATICA MI C/C++": {"medie": 8.2075, "reusita": 100.0, "cnt": 20}, "GENERAL": {"medie": 8.843142857142857, "reusita": 100.0, "cnt": 175}, "ISTORIE": {"medie": 9.168452380952383, "reusita": 100.0, "cnt": 84}, "LOGICA, ARGUMENTARE SI COMUNICARE": {"medie": 9.032500000000002, "reusita": 100.0, "cnt": 20}, "CHIMIE ORGANICA TEO NIVEL I/II": {"medie": 9.416666666666666, "reusita": 100.0, "cnt": 6}, "MATEMATICA ST-NAT": {"medie": 9.33548387096774, "reusita": 100.0, "cnt": 31}, "FIZICA TEO": {"medie": 8.988461538461538, "reusita": 100.0, "cnt": 13}, "GEOGRAFIE": {"medie": 9.15576923076923, "reusita": 100.0, "cnt": 52}, "PSIHOLOGIE": {"medie": 8.08181818181818, "reusita": 100.0, "cnt": 11}, "ANATOMIE SI FIZIOLOGIE UMANA, GENETICA SI ECOLOGIE UMANA": {"medie": 8.823913043478262, "reusita": 100.0, "cnt": 46}, "CHIMIE ANORGANICA TEO NIVEL I/II": {"medie": 9.075, "reusita": 100.0, "cnt": 2}, "BIOLOGIE VEGETALA SI ANIMALA": {"medie": 7.5, "reusita": 100.0, "cnt": 1}, "INFORMATICA SN C/C++": {"medie": 9.266666666666666, "reusita": 100.0, "cnt": 3}, "FILOSOFIE": {"medie": 8.0, "reusita": 100.0, "cnt": 1}}, "nume": "COLEGIUL NATIONAL \"MIHAI EMINESCU\", IASI\tIa\u0219i"}