{"specializari": {"MATEMATICA-INFORMATICA": 10, "TEHNICIAN IN ACTIVITATI ECONOMICE": 20, "STIINTE ALE NATURII": 7, "TEHNICIAN IN TURISM": 11, "FILOLOGIE": 1}, "limba_moderna": {"LIMBA ENGLEZA": 49}, "limba_materna": {"LIMBA MAGHIARA": 49}, "promotie_anterioara": {"NU": 44, "DA": 5}, "materii": {"LIMBA ROMANA": {"medie": 6.43265306122449, "reusita": 91.83673469387756, "cnt": 49}, "MATEMATICA MATE-INFO": {"medie": 8.035, "reusita": 100.0, "cnt": 10}, "INFORMATICA MI C/C++": {"medie": 7.966666666666666, "reusita": 100.0, "cnt": 6}, "GENERAL": {"medie": 7.385969387755103, "reusita": 87.75510204081633, "cnt": 49}, "ISTORIE": {"medie": 5.5, "reusita": 100.0, "cnt": 1}, "GEOGRAFIE": {"medie": 7.876666666666668, "reusita": 100.0, "cnt": 30}, "CHIMIE ORGANICA TEO NIVEL I/II": {"medie": 9.3, "reusita": 100.0, "cnt": 1}, "MATEMATICA ST-NAT": {"medie": 7.8428571428571425, "reusita": 100.0, "cnt": 7}, "PSIHOLOGIE": {"medie": 7.45, "reusita": 100.0, "cnt": 1}, "ANATOMIE SI FIZIOLOGIE UMANA, GENETICA SI ECOLOGIE UMANA": {"medie": 8.86111111111111, "reusita": 100.0, "cnt": 9}, "CHIMIE ANORGANICA TEO NIVEL I/II": {"medie": 9.7, "reusita": 100.0, "cnt": 1}, "ECONOMIE": {"medie": 6.5, "reusita": 100.0, "cnt": 1}, "MATEMATICA TEHN": {"medie": 7.2467741935483865, "reusita": 100.0, "cnt": 31}, "LIMBA MAGHIARA (REAL)": {"medie": 7.598958333333333, "reusita": 100.0, "cnt": 48}, "LIMBA MAGHIARA (UMAN)": {"medie": 5.5, "reusita": 100.0, "cnt": 1}}, "nume": "COLEGIUL\"CSIKY GERGELY\" ARAD\tArad"}