{"specializari": {"FILOLOGIE": 30, "STIINTE ALE NATURII": 33, "MATEMATICA-INFORMATICA": 87, "STIINTE SOCIALE": 33}, "limba_moderna": {"LIMBA FRANCEZA": 1, "LIMBA ENGLEZA": 181, "LIMBA GERMANA MODERNA": 1}, "limba_materna": {"LIMBA ROMANA": 183}, "promotie_anterioara": {"NU": 182, "DA": 1}, "materii": {"LIMBA ROMANA": {"medie": 8.8172131147541, "reusita": 100.0, "cnt": 183}, "MATEMATICA MATE-INFO": {"medie": 9.23081395348837, "reusita": 98.85057471264368, "cnt": 87}, "INFORMATICA MI C/C++": {"medie": 9.075641025641024, "reusita": 100.0, "cnt": 39}, "GENERAL": {"medie": 9.026923076923074, "reusita": 99.4535519125683, "cnt": 183}, "ISTORIE": {"medie": 8.900793650793648, "reusita": 100.0, "cnt": 63}, "LOGICA, ARGUMENTARE SI COMUNICARE": {"medie": 9.090789473684211, "reusita": 100.0, "cnt": 38}, "GEOGRAFIE": {"medie": 9.325000000000001, "reusita": 100.0, "cnt": 6}, "FIZICA TEO": {"medie": 9.129166666666666, "reusita": 100.0, "cnt": 24}, "CHIMIE ORGANICA TEO NIVEL I/II": {"medie": 9.604411764705882, "reusita": 100.0, "cnt": 34}, "MATEMATICA ST-NAT": {"medie": 9.569696969696968, "reusita": 100.0, "cnt": 33}, "PSIHOLOGIE": {"medie": 9.430000000000001, "reusita": 100.0, "cnt": 5}, "SOCIOLOGIE": {"medie": 8.120833333333334, "reusita": 100.0, "cnt": 12}, "ANATOMIE SI FIZIOLOGIE UMANA, GENETICA SI ECOLOGIE UMANA": {"medie": 8.253571428571428, "reusita": 93.33333333333333, "cnt": 15}, "BIOLOGIE VEGETALA SI ANIMALA": {"medie": 9.2, "reusita": 100.0, "cnt": 7}, "INFORMATICA SN C/C++": {"medie": 9.9, "reusita": 100.0, "cnt": 1}, "ECONOMIE": {"medie": 7.25, "reusita": 100.0, "cnt": 2}}, "nume": "COLEGIUL NATIONAL \"GHEORGHE MUNTEANU MURGOCI\"\tBr\u0103ila"}