{"specializari": {"TEOLOGIE ORTODOXA": 23, "FILOLOGIE": 31, "STIINTE ALE NATURII": 26}, "limba_moderna": {"LIMBA FRANCEZA": 12, "LIMBA ENGLEZA": 68}, "limba_materna": {"LIMBA ROMANA": 80}, "promotie_anterioara": {"NU": 76, "DA": 4}, "materii": {"LIMBA ROMANA": {"medie": 8.011250000000004, "reusita": 100.0, "cnt": 80}, "GENERAL": {"medie": 8.37869198312236, "reusita": 96.25, "cnt": 80}, "ISTORIE": {"medie": 8.129629629629632, "reusita": 100.0, "cnt": 54}, "LOGICA, ARGUMENTARE SI COMUNICARE": {"medie": 8.871739130434781, "reusita": 95.83333333333334, "cnt": 24}, "GEOGRAFIE": {"medie": 7.922916666666668, "reusita": 100.0, "cnt": 24}, "FIZICA TEO": {"medie": 9.6875, "reusita": 100.0, "cnt": 4}, "MATEMATICA ST-NAT": {"medie": 9.228846153846156, "reusita": 100.0, "cnt": 26}, "SOCIOLOGIE": {"medie": 8.75, "reusita": 100.0, "cnt": 5}, "ANATOMIE SI FIZIOLOGIE UMANA, GENETICA SI ECOLOGIE UMANA": {"medie": 8.953333333333331, "reusita": 100.0, "cnt": 15}, "BIOLOGIE VEGETALA SI ANIMALA": {"medie": 8.383333333333333, "reusita": 100.0, "cnt": 6}, "INFORMATICA SN C/C++": {"medie": 9.8, "reusita": 100.0, "cnt": 1}, "FILOSOFIE": {"medie": 7.3, "reusita": 100.0, "cnt": 1}}, "nume": "COLEGIUL ORTODOX MITROPOLITUL \"NICOLAE COLAN\" CLUJ-NAPOCA\tCluj"}