{"specializari": {"MATEMATICA-INFORMATICA": 56, "STIINTE SOCIALE": 39, "FILOLOGIE": 36, "STIINTE ALE NATURII": 54, "TEHNICIAN IN ACTIVITATI ECONOMICE": 32, "TEHNICIAN IN TURISM": 26, "TEHNICIAN IN GASTRONOMIE": 24, "TEHNICIAN IN AUTOMATIZARI": 19, "TEHNICIAN IN CONSTRUCTII SI LUCRARI PUBLICE": 7, "TEHNICIAN DESIGNER VESTIMENTAR": 1, "TEHNICIAN IN ADMINISTRATIE": 3}, "limba_moderna": {"LIMBA ENGLEZA": 242, "LIMBA FRANCEZA": 55}, "limba_materna": {"LIMBA ROMANA": 297}, "promotie_anterioara": {"NU": 251, "DA": 46}, "materii": {"LIMBA ROMANA": {"medie": 6.828839590443683, "reusita": 89.56228956228956, "cnt": 297}, "MATEMATICA MATE-INFO": {"medie": 7.828571428571429, "reusita": 98.21428571428571, "cnt": 56}, "INFORMATICA MI C/C++": {"medie": 8.828571428571427, "reusita": 100.0, "cnt": 7}, "GENERAL": {"medie": 6.895559400230683, "reusita": 67.34006734006735, "cnt": 297}, "ISTORIE": {"medie": 7.053333333333334, "reusita": 96.0, "cnt": 75}, "LOGICA, ARGUMENTARE SI COMUNICARE": {"medie": 7.882727272727272, "reusita": 89.28571428571429, "cnt": 56}, "CHIMIE ORGANICA TEO NIVEL I/II": {"medie": 9.0, "reusita": 100.0, "cnt": 2}, "MATEMATICA ST-NAT": {"medie": 7.1037037037037045, "reusita": 88.88888888888889, "cnt": 54}, "GEOGRAFIE": {"medie": 7.073500000000001, "reusita": 91.0891089108911, "cnt": 101}, "ANATOMIE SI FIZIOLOGIE UMANA, GENETICA SI ECOLOGIE UMANA": {"medie": 7.665656565656562, "reusita": 97.97979797979798, "cnt": 99}, "BIOLOGIE VEGETALA SI ANIMALA": {"medie": 4.3916666666666675, "reusita": 26.923076923076923, "cnt": 26}, "SOCIOLOGIE": {"medie": 3.875, "reusita": 50.0, "cnt": 2}, "INFORMATICA SN C/C++": {"medie": 7.35, "reusita": 100.0, "cnt": 2}, "FILOSOFIE": {"medie": 9.0, "reusita": 100.0, "cnt": 1}, "MATEMATICA TEHN": {"medie": 5.24056603773585, "reusita": 63.39285714285714, "cnt": 112}, "FIZICA TEH": {"medie": "-", "reusita": 0.0, "cnt": 1}}, "nume": "COLEGIUL \"ALEXANDRU CEL BUN\" GURA HUMORULUI\tSuceava"}