{"specializari": {"TEHNICIAN DESIGNER MOBILA SI AMENAJARI INTERIOARE": 24, "TEHNICIAN IN GASTRONOMIE": 15, "TEHNICIAN MECATRONIST": 1, "TEHNICIAN IN ACTIVITATI DE COMERT": 2, "TEHNICIAN ELECTROMECANIC": 3, "TEHNICIAN IN PRELUCRAREA LEMNULUI": 1}, "limba_moderna": {"LIMBA ENGLEZA": 25, "LIMBA FRANCEZA": 21}, "limba_materna": {"LIMBA ROMANA": 46}, "promotie_anterioara": {"NU": 39, "DA": 7}, "materii": {"LIMBA ROMANA": {"medie": 5.9347826086956506, "reusita": 86.95652173913044, "cnt": 46}, "GENERAL": {"medie": 5.790151515151513, "reusita": 54.347826086956516, "cnt": 46}, "LOGICA, ARGUMENTARE SI COMUNICARE": {"medie": 7.044444444444444, "reusita": 100.0, "cnt": 9}, "GEOGRAFIE": {"medie": 7.8374999999999995, "reusita": 100.0, "cnt": 8}, "BIOLOGIE VEGETALA SI ANIMALA": {"medie": 5.103703703703703, "reusita": 51.724137931034484, "cnt": 29}, "MATEMATICA TEHN": {"medie": 5.437777777777778, "reusita": 69.56521739130434, "cnt": 46}}, "nume": "COLEGIUL TEHNIC CAMPULUNG\tArge\u0219"}