{"specializari": {"STIINTE SOCIALE": 30, "MATEMATICA-INFORMATICA": 29, "FILOLOGIE": 29, "TEHNICIAN IN ACTIVITATI ECONOMICE": 27, "STIINTE ALE NATURII": 57}, "limba_moderna": {"LIMBA ENGLEZA": 168, "LIMBA FRANCEZA": 4}, "limba_materna": {"LIMBA ROMANA": 172}, "promotie_anterioara": {"NU": 165, "DA": 7}, "materii": {"LIMBA ROMANA": {"medie": 7.264327485380122, "reusita": 98.83720930232558, "cnt": 172}, "MATEMATICA MATE-INFO": {"medie": 8.08793103448276, "reusita": 100.0, "cnt": 29}, "INFORMATICA MI C/C++": {"medie": 7.568181818181818, "reusita": 95.45454545454545, "cnt": 22}, "GENERAL": {"medie": 7.551267056530212, "reusita": 85.46511627906976, "cnt": 172}, "ISTORIE": {"medie": 8.086440677966106, "reusita": 100.0, "cnt": 59}, "LOGICA, ARGUMENTARE SI COMUNICARE": {"medie": 8.800675675675674, "reusita": 100.0, "cnt": 74}, "MATEMATICA ST-NAT": {"medie": 6.216071428571427, "reusita": 80.7017543859649, "cnt": 57}, "FIZICA TEO": {"medie": 4.525, "reusita": 40.0, "cnt": 5}, "GEOGRAFIE": {"medie": 9.6625, "reusita": 100.0, "cnt": 8}, "PSIHOLOGIE": {"medie": 9.2, "reusita": 100.0, "cnt": 2}, "ANATOMIE SI FIZIOLOGIE UMANA, GENETICA SI ECOLOGIE UMANA": {"medie": 6.859433962264152, "reusita": 90.56603773584906, "cnt": 53}, "CHIMIE ANORGANICA TEO NIVEL I/II": {"medie": 6.2, "reusita": 100.0, "cnt": 1}, "BIOLOGIE VEGETALA SI ANIMALA": {"medie": 8.35, "reusita": 100.0, "cnt": 2}, "SOCIOLOGIE": {"medie": 5.15, "reusita": 100.0, "cnt": 1}, "INFORMATICA SN C/C++": {"medie": 6.5, "reusita": 66.66666666666666, "cnt": 3}, "FILOSOFIE": {"medie": 10.0, "reusita": 100.0, "cnt": 1}, "MATEMATICA TEHN": {"medie": 8.118518518518519, "reusita": 100.0, "cnt": 27}}, "nume": "COLEGIUL NATIONAL \"STEFAN CEL MARE\", HARLAU\tIa\u0219i"}