{"specializari": {"MATEMATICA-INFORMATICA": 56, "STIINTE ALE NATURII": 55, "STIINTE SOCIALE": 30, "FILOLOGIE": 64}, "limba_moderna": {"LIMBA ENGLEZA": 193, "LIMBA FRANCEZA": 12}, "limba_materna": {"LIMBA ROMANA": 205}, "promotie_anterioara": {"NU": 200, "DA": 5}, "materii": {"LIMBA ROMANA": {"medie": 8.352682926829265, "reusita": 99.51219512195122, "cnt": 205}, "MATEMATICA MATE-INFO": {"medie": 8.440178571428572, "reusita": 98.21428571428571, "cnt": 56}, "INFORMATICA MI C/C++": {"medie": 7.696428571428571, "reusita": 85.71428571428571, "cnt": 14}, "GENERAL": {"medie": 8.166178861788621, "reusita": 91.21951219512195, "cnt": 205}, "ISTORIE": {"medie": 8.036170212765958, "reusita": 100.0, "cnt": 94}, "LOGICA, ARGUMENTARE SI COMUNICARE": {"medie": 9.05, "reusita": 100.0, "cnt": 9}, "CHIMIE ORGANICA TEO NIVEL I/II": {"medie": 9.516666666666667, "reusita": 100.0, "cnt": 6}, "MATEMATICA ST-NAT": {"medie": 7.709090909090908, "reusita": 94.54545454545455, "cnt": 55}, "FIZICA TEO": {"medie": 9.054761904761904, "reusita": 100.0, "cnt": 21}, "GEOGRAFIE": {"medie": 8.249999999999996, "reusita": 100.0, "cnt": 21}, "PSIHOLOGIE": {"medie": 8.833333333333334, "reusita": 100.0, "cnt": 3}, "ANATOMIE SI FIZIOLOGIE UMANA, GENETICA SI ECOLOGIE UMANA": {"medie": 7.909322033898305, "reusita": 96.61016949152543, "cnt": 59}, "BIOLOGIE VEGETALA SI ANIMALA": {"medie": 6.975, "reusita": 90.0, "cnt": 10}, "SOCIOLOGIE": {"medie": 7.8155737704918025, "reusita": 100.0, "cnt": 61}, "INFORMATICA SN C/C++": {"medie": 8.5, "reusita": 100.0, "cnt": 1}}, "nume": "COLEGIUL NATIONAL \"GIB MIHAESCU\" DRAGASANI\tV\u00e2lcea"}