{"specializari": {"TEHNICIAN IN ACTIVITATI ECONOMICE": 199, "TEHNICIAN IN ACHIZITII SI CONTRACTARI": 28, "TEHNICIAN IN ADMINISTRATIE": 30}, "limba_moderna": {"LIMBA ENGLEZA": 240, "LIMBA FRANCEZA": 12, "LIMBA RUSA": 5}, "limba_materna": {"LIMBA ROMANA": 257}, "promotie_anterioara": {"NU": 254, "DA": 3}, "materii": {"LIMBA ROMANA": {"medie": 7.3509765624999925, "reusita": 99.22178988326849, "cnt": 257}, "GENERAL": {"medie": 7.956535947712413, "reusita": 96.10894941634241, "cnt": 257}, "LOGICA, ARGUMENTARE SI COMUNICARE": {"medie": 8.247540983606559, "reusita": 96.72131147540983, "cnt": 61}, "GEOGRAFIE": {"medie": 8.26318681318682, "reusita": 99.4535519125683, "cnt": 183}, "PSIHOLOGIE": {"medie": 7.761538461538461, "reusita": 100.0, "cnt": 13}, "MATEMATICA TEHN": {"medie": 8.27411764705882, "reusita": 99.22178988326849, "cnt": 257}}, "nume": "COLEGIUL ECONOMIC ADMINISTRATIV, IASI\tIa\u0219i"}