{"specializari": {"TEHNICIAN IN ACTIVITATI ECONOMICE": 93, "TEHNICIAN IN ACTIVITATI DE COMERT": 27, "TEHNICIAN IN TURISM": 29, "TEHNICIAN IN GASTRONOMIE": 27}, "limba_moderna": {"LIMBA ENGLEZA": 176}, "limba_materna": {"LIMBA ROMANA": 176}, "promotie_anterioara": {"NU": 168, "DA": 8}, "materii": {"LIMBA ROMANA": {"medie": 7.514571428571428, "reusita": 98.86363636363636, "cnt": 176}, "GENERAL": {"medie": 8.05086206896552, "reusita": 96.5909090909091, "cnt": 176}, "LOGICA, ARGUMENTARE SI COMUNICARE": {"medie": 8.520000000000001, "reusita": 97.40259740259741, "cnt": 77}, "GEOGRAFIE": {"medie": 8.546774193548393, "reusita": 100.0, "cnt": 93}, "PSIHOLOGIE": {"medie": 8.2, "reusita": 100.0, "cnt": 1}, "ECONOMIE": {"medie": 6.220000000000001, "reusita": 100.0, "cnt": 5}, "MATEMATICA TEHN": {"medie": 8.134195402298852, "reusita": 98.86363636363636, "cnt": 176}}, "nume": "COLEGIUL ECONOMIC \"GEORGE BARITIU\" SIBIU\tSibiu"}