{"specializari": {"FILOLOGIE": 60, "MATEMATICA-INFORMATICA": 31, "STIINTE ALE NATURII": 27}, "limba_moderna": {"LIMBA ENGLEZA": 98, "LIMBA GERMANA MODERNA": 5, "LIMBA FRANCEZA": 15}, "limba_materna": {"LIMBA ROMANA": 118}, "promotie_anterioara": {"NU": 116, "DA": 2}, "materii": {"LIMBA ROMANA": {"medie": 8.408898305084747, "reusita": 99.15254237288136, "cnt": 118}, "MATEMATICA MATE-INFO": {"medie": 8.880645161290323, "reusita": 96.7741935483871, "cnt": 31}, "INFORMATICA MI C/C++": {"medie": 8.65, "reusita": 100.0, "cnt": 17}, "GENERAL": {"medie": 8.707977207977207, "reusita": 96.61016949152543, "cnt": 118}, "ISTORIE": {"medie": 9.073333333333334, "reusita": 100.0, "cnt": 60}, "LOGICA, ARGUMENTARE SI COMUNICARE": {"medie": 9.30375, "reusita": 100.0, "cnt": 40}, "GEOGRAFIE": {"medie": 8.870000000000001, "reusita": 100.0, "cnt": 5}, "FIZICA TEO": {"medie": 9.15, "reusita": 100.0, "cnt": 1}, "CHIMIE ORGANICA TEO NIVEL I/II": {"medie": 9.3, "reusita": 100.0, "cnt": 2}, "MATEMATICA ST-NAT": {"medie": 8.098148148148146, "reusita": 96.29629629629629, "cnt": 27}, "SOCIOLOGIE": {"medie": 8.866666666666669, "reusita": 100.0, "cnt": 15}, "ANATOMIE SI FIZIOLOGIE UMANA, GENETICA SI ECOLOGIE UMANA": {"medie": 8.569444444444445, "reusita": 100.0, "cnt": 36}, "CHIMIE ANORGANICA TEO NIVEL I/II": {"medie": "-", "reusita": 0.0, "cnt": 1}, "INFORMATICA SN C/C++": {"medie": 9.8, "reusita": 100.0, "cnt": 1}}, "nume": "COLEGIUL NATIONAL \"ONISIFOR GHIBU\" ORADEA\tBihor"}