{"specializari": {"MATEMATICA-INFORMATICA": 60, "STIINTE ALE NATURII": 29, "STIINTE SOCIALE": 29, "FILOLOGIE": 28, "INVATATOR - EDUCATOARE": 30}, "limba_moderna": {"LIMBA ENGLEZA": 163, "LIMBA FRANCEZA": 13}, "limba_materna": {"LIMBA ROMANA": 176}, "promotie_anterioara": {"NU": 175, "DA": 1}, "materii": {"LIMBA ROMANA": {"medie": 8.585227272727272, "reusita": 100.0, "cnt": 176}, "MATEMATICA MATE-INFO": {"medie": 9.240000000000002, "reusita": 100.0, "cnt": 60}, "INFORMATICA MI C/C++": {"medie": 8.563636363636363, "reusita": 100.0, "cnt": 22}, "GENERAL": {"medie": 8.94485714285714, "reusita": 99.43181818181817, "cnt": 176}, "ISTORIE": {"medie": 9.037719298245616, "reusita": 100.0, "cnt": 57}, "LOGICA, ARGUMENTARE SI COMUNICARE": {"medie": 9.03898305084746, "reusita": 100.0, "cnt": 59}, "GEOGRAFIE": {"medie": 9.245652173913044, "reusita": 100.0, "cnt": 23}, "FIZICA TEO": {"medie": 8.947916666666664, "reusita": 100.0, "cnt": 24}, "CHIMIE ORGANICA TEO NIVEL I/II": {"medie": 9.641666666666666, "reusita": 100.0, "cnt": 6}, "MATEMATICA ST-NAT": {"medie": 9.446551724137931, "reusita": 100.0, "cnt": 29}, "PSIHOLOGIE": {"medie": 8.6875, "reusita": 100.0, "cnt": 4}, "ANATOMIE SI FIZIOLOGIE UMANA, GENETICA SI ECOLOGIE UMANA": {"medie": 8.972857142857142, "reusita": 100.0, "cnt": 35}, "MATEMATICA PED": {"medie": 9.332758620689654, "reusita": 96.66666666666667, "cnt": 30}, "INFORMATICA SN C/C++": {"medie": 9.350000000000001, "reusita": 100.0, "cnt": 2}, "ECONOMIE": {"medie": 9.0, "reusita": 100.0, "cnt": 1}}, "nume": "COLEGIUL NATIONAL \"COSTACHE NEGRI\", LOCALITATEA GALATI\tGala\u021bi"}