{"specializari": {"FILOLOGIE": 34, "TEHNICIAN IN TURISM": 4, "TEHNICIAN MECATRONIST": 11, "TEHNICIAN PROIECTANT CAD": 4, "LICEU CU PROGRAM SPORTIV": 12, "TEHNICIAN MECANIC PENTRU INTRETINERE SI REPARATII": 3, "TEHNICIAN IN ACTIVITATI DE COMERT": 1}, "limba_moderna": {"LIMBA ENGLEZA": 69}, "limba_materna": {"LIMBA ROMANA": 69}, "promotie_anterioara": {"NU": 48, "DA": 21}, "materii": {"LIMBA ROMANA": {"medie": 5.55942028985507, "reusita": 72.46376811594203, "cnt": 69}, "GENERAL": {"medie": 6.034577114427862, "reusita": 43.47826086956522, "cnt": 69}, "ISTORIE": {"medie": 6.786956521739131, "reusita": 91.30434782608695, "cnt": 46}, "LOGICA, ARGUMENTARE SI COMUNICARE": {"medie": 7.852941176470588, "reusita": 94.11764705882352, "cnt": 17}, "GEOGRAFIE": {"medie": 5.999999999999999, "reusita": 80.95238095238095, "cnt": 21}, "PSIHOLOGIE": {"medie": 6.15, "reusita": 100.0, "cnt": 1}, "BIOLOGIE VEGETALA SI ANIMALA": {"medie": 4.589285714285714, "reusita": 50.0, "cnt": 14}, "SOCIOLOGIE": {"medie": 5.883333333333334, "reusita": 88.88888888888889, "cnt": 9}, "FILOSOFIE": {"medie": 7.966666666666666, "reusita": 100.0, "cnt": 3}, "MATEMATICA TEHN": {"medie": 5.288095238095238, "reusita": 73.91304347826086, "cnt": 23}, "FIZICA TEH": {"medie": 3.766666666666667, "reusita": 25.0, "cnt": 4}}, "nume": "COLEGIUL TEHNIC MECANIC \"GRIVITA\"\tBucure\u0219ti"}