{"specializari": {"MUZICA": 25, "ARHITECTURA, ARTE AMBIENTALE SI DESIGN": 33, "ARTE PLASTICE SI DECORATIVE": 28}, "limba_moderna": {"LIMBA ENGLEZA": 84, "LIMBA GERMANA MODERNA": 1, "LIMBA FRANCEZA": 1}, "limba_materna": {"LIMBA ROMANA": 86}, "promotie_anterioara": {"NU": 82, "DA": 4}, "materii": {"LIMBA ROMANA": {"medie": 6.981395348837209, "reusita": 97.67441860465115, "cnt": 86}, "GENERAL": {"medie": 7.753875968992248, "reusita": 86.04651162790698, "cnt": 86}, "ISTORIE": {"medie": 8.281976744186043, "reusita": 100.0, "cnt": 86}, "LOGICA, ARGUMENTARE SI COMUNICARE": {"medie": 8.136956521739133, "reusita": 95.65217391304348, "cnt": 46}, "GEOGRAFIE": {"medie": 7.715517241379311, "reusita": 100.0, "cnt": 29}, "FILOSOFIE": {"medie": 8.163636363636364, "reusita": 100.0, "cnt": 11}}, "nume": "COLEGIUL DE ARTE BAIA MARE\tMaramure\u0219"}