{"specializari": {"FILOLOGIE": 99, "MATEMATICA-INFORMATICA": 100}, "limba_moderna": {"LIMBA ENGLEZA": 199}, "limba_materna": {"LIMBA ROMANA": 199}, "promotie_anterioara": {"NU": 198, "DA": 1}, "materii": {"LIMBA ROMANA": {"medie": 8.07085427135678, "reusita": 99.49748743718592, "cnt": 199}, "MATEMATICA MATE-INFO": {"medie": 8.572999999999999, "reusita": 99.0, "cnt": 100}, "INFORMATICA MI C/C++": {"medie": 8.991999999999997, "reusita": 100.0, "cnt": 50}, "GENERAL": {"medie": 8.560134003350084, "reusita": 97.98994974874373, "cnt": 199}, "ISTORIE": {"medie": 8.944444444444443, "reusita": 100.0, "cnt": 99}, "LOGICA, ARGUMENTARE SI COMUNICARE": {"medie": 9.17875, "reusita": 100.0, "cnt": 40}, "CHIMIE ORGANICA TEO NIVEL I/II": {"medie": 8.975, "reusita": 100.0, "cnt": 8}, "FIZICA TEO": {"medie": 8.689473684210528, "reusita": 100.0, "cnt": 19}, "GEOGRAFIE": {"medie": 9.333333333333334, "reusita": 100.0, "cnt": 12}, "PSIHOLOGIE": {"medie": 9.220833333333333, "reusita": 100.0, "cnt": 12}, "ANATOMIE SI FIZIOLOGIE UMANA, GENETICA SI ECOLOGIE UMANA": {"medie": 8.77608695652174, "reusita": 100.0, "cnt": 23}, "SOCIOLOGIE": {"medie": 8.31, "reusita": 100.0, "cnt": 25}, "ECONOMIE": {"medie": 7.56, "reusita": 100.0, "cnt": 10}}, "nume": "COLEGIUL NATIONAL BILINGV \"GEORGE COSBUC\"\tBucure\u0219ti"}