{"specializari": {"FILOLOGIE": 99, "MATEMATICA-INFORMATICA": 100}, "limba_moderna": {"LIMBA ENGLEZA": 199}, "limba_materna": {"LIMBA ROMANA": 199}, "promotie_anterioara": {"NU": 198, "DA": 1}, "materii": {"LIMBA ROMANA": {"medie": 8.259296482412058, "reusita": 100.0, "cnt": 199}, "MATEMATICA MATE-INFO": {"medie": 8.583499999999999, "reusita": 100.0, "cnt": 100}, "INFORMATICA MI C/C++": {"medie": 9.011, "reusita": 100.0, "cnt": 50}, "GENERAL": {"medie": 8.643132328308207, "reusita": 98.49246231155779, "cnt": 199}, "ISTORIE": {"medie": 9.02222222222222, "reusita": 100.0, "cnt": 99}, "LOGICA, ARGUMENTARE SI COMUNICARE": {"medie": 9.17625, "reusita": 100.0, "cnt": 40}, "GEOGRAFIE": {"medie": 9.333333333333334, "reusita": 100.0, "cnt": 12}, "FIZICA TEO": {"medie": 8.721052631578948, "reusita": 100.0, "cnt": 19}, "CHIMIE ORGANICA TEO NIVEL I/II": {"medie": 8.975, "reusita": 100.0, "cnt": 8}, "PSIHOLOGIE": {"medie": 9.220833333333333, "reusita": 100.0, "cnt": 12}, "SOCIOLOGIE": {"medie": 8.248000000000001, "reusita": 100.0, "cnt": 25}, "ANATOMIE SI FIZIOLOGIE UMANA, GENETICA SI ECOLOGIE UMANA": {"medie": 8.928260869565216, "reusita": 100.0, "cnt": 23}, "ECONOMIE": {"medie": 7.55, "reusita": 100.0, "cnt": 10}}, "nume": "COLEGIUL NATIONAL BILINGV \"GEORGE COSBUC\"\tBucure\u0219ti"}