{"specializari": {"STIINTE ALE NATURII": 28, "MATEMATICA-INFORMATICA": 29, "FILOLOGIE": 16, "TEHNICIAN IN ACTIVITATI ECONOMICE": 20}, "limba_moderna": {"LIMBA GERMANA MODERNA": 34, "LIMBA ENGLEZA": 59}, "limba_materna": {"LIMBA MAGHIARA": 93}, "promotie_anterioara": {"NU": 89, "DA": 4}, "materii": {"LIMBA ROMANA": {"medie": 6.54247311827957, "reusita": 89.24731182795699, "cnt": 93}, "MATEMATICA MATE-INFO": {"medie": 7.317241379310345, "reusita": 100.0, "cnt": 29}, "INFORMATICA MI C/C++": {"medie": 6.836363636363637, "reusita": 90.9090909090909, "cnt": 11}, "GENERAL": {"medie": 7.325951086956521, "reusita": 78.49462365591397, "cnt": 93}, "ISTORIE": {"medie": 8.11875, "reusita": 100.0, "cnt": 16}, "CHIMIE ORGANICA TEO NIVEL I/II": {"medie": 7.683333333333334, "reusita": 100.0, "cnt": 3}, "MATEMATICA ST-NAT": {"medie": 7.473214285714287, "reusita": 100.0, "cnt": 28}, "GEOGRAFIE": {"medie": 7.253125, "reusita": 90.625, "cnt": 32}, "ANATOMIE SI FIZIOLOGIE UMANA, GENETICA SI ECOLOGIE UMANA": {"medie": 8.13684210526316, "reusita": 97.36842105263158, "cnt": 38}, "BIOLOGIE VEGETALA SI ANIMALA": {"medie": 8.200000000000001, "reusita": 100.0, "cnt": 4}, "SOCIOLOGIE": {"medie": 7.449999999999999, "reusita": 100.0, "cnt": 4}, "INFORMATICA SN C/C++": {"medie": 7.65, "reusita": 100.0, "cnt": 1}, "MATEMATICA TEHN": {"medie": 5.602631578947368, "reusita": 75.0, "cnt": 20}, "LIMBA MAGHIARA (REAL)": {"medie": 7.94935064935065, "reusita": 96.1038961038961, "cnt": 77}, "LIMBA MAGHIARA (UMAN)": {"medie": 8.03125, "reusita": 100.0, "cnt": 16}}, "nume": "COLEGIUL NATIONAL \"APRILY LAJOS\" BRASOV\tBra\u0219ov"}