{"specializari": {"STIINTE ALE NATURII": 29, "TEHNICIAN IN ACTIVITATI ECONOMICE": 57, "TEHNICIAN PRELUCRARI MECANICE": 16, "TEHNICIAN IN ACTIVITATI DE COMERT": 22, "TEHNICIAN PROIECTANT CAD": 42, "TEHNICIAN IN INSTALATII ELECTRICE": 15, "TEHNICIAN OPERATOR TEHNICA DE CALCUL": 5, "TEHNICIAN ELECTRICIAN/ELECTRONIST AUTO": 3, "TEHNICIAN DESIGNER MOBILA SI AMENAJARI INTERIOARE": 1}, "limba_moderna": {"LIMBA ENGLEZA": 158, "LIMBA FRANCEZA": 32}, "limba_materna": {"LIMBA ROMANA": 190}, "promotie_anterioara": {"NU": 164, "DA": 26}, "materii": {"LIMBA ROMANA": {"medie": 6.331117021276597, "reusita": 95.78947368421052, "cnt": 190}, "GENERAL": {"medie": 6.455258467023176, "reusita": 66.84210526315789, "cnt": 190}, "LOGICA, ARGUMENTARE SI COMUNICARE": {"medie": 8.433333333333334, "reusita": 100.0, "cnt": 21}, "GEOGRAFIE": {"medie": 7.779310344827586, "reusita": 100.0, "cnt": 58}, "MATEMATICA ST-NAT": {"medie": 6.424999999999999, "reusita": 96.55172413793103, "cnt": 29}, "ANATOMIE SI FIZIOLOGIE UMANA, GENETICA SI ECOLOGIE UMANA": {"medie": 6.873684210526315, "reusita": 90.0, "cnt": 20}, "CHIMIE ANORGANICA TEO NIVEL I/II": {"medie": 7.288888888888888, "reusita": 100.0, "cnt": 9}, "BIOLOGIE VEGETALA SI ANIMALA": {"medie": 5.032692307692306, "reusita": 46.2962962962963, "cnt": 54}, "MATEMATICA TEHN": {"medie": 6.311874999999998, "reusita": 90.06211180124224, "cnt": 161}, "FIZICA TEH": {"medie": 4.9125000000000005, "reusita": 50.0, "cnt": 4}, "CHIMIE ANORGANICA TEH NIVEL I/II": {"medie": 6.1312500000000005, "reusita": 87.5, "cnt": 24}}, "nume": "COLEGIUL TEHNIC DE CAI FERATE \"UNIREA\", PASCANI\tIa\u0219i"}