{"specializari": {"MATEMATICA-INFORMATICA": 8, "FILOLOGIE": 18, "TEHNICIAN IN GASTRONOMIE": 4, "STIINTE ALE NATURII": 1, "TEHNICIAN IN TURISM": 2}, "limba_moderna": {"LIMBA ENGLEZA": 27, "LIMBA FRANCEZA": 6}, "limba_materna": {"LIMBA ROMANA": 33}, "promotie_anterioara": {"NU": 28, "DA": 5}, "materii": {"LIMBA ROMANA": {"medie": 6.606249999999999, "reusita": 93.93939393939394, "cnt": 33}, "MATEMATICA MATE-INFO": {"medie": 6.456250000000001, "reusita": 100.0, "cnt": 8}, "GENERAL": {"medie": 6.523437499999999, "reusita": 66.66666666666666, "cnt": 33}, "ISTORIE": {"medie": 6.374999999999999, "reusita": 94.44444444444444, "cnt": 18}, "LOGICA, ARGUMENTARE SI COMUNICARE": {"medie": 4.925, "reusita": 50.0, "cnt": 2}, "CHIMIE ORGANICA TEO NIVEL I/II": {"medie": 9.3, "reusita": 100.0, "cnt": 1}, "MATEMATICA ST-NAT": {"medie": 6.65, "reusita": 100.0, "cnt": 1}, "GEOGRAFIE": {"medie": 7.197619047619048, "reusita": 86.36363636363636, "cnt": 22}, "ANATOMIE SI FIZIOLOGIE UMANA, GENETICA SI ECOLOGIE UMANA": {"medie": 6.535714285714286, "reusita": 85.71428571428571, "cnt": 7}, "CHIMIE ANORGANICA TEO NIVEL I/II": {"medie": 3.1, "reusita": 0.0, "cnt": 1}, "MATEMATICA TEHN": {"medie": 4.529999999999999, "reusita": 50.0, "cnt": 6}}, "nume": "COLEGIUL \"ION KALINDERU\", ORASUL BUSTENI\tPrahova"}