{"specializari": {"TEHNICIAN IN ACTIVITATI ECONOMICE": 125, "TEHNICIAN IN TURISM": 43, "ORGANIZATOR BANQUETING": 28, "TEHNICIAN IN GASTRONOMIE": 25, "MATEMATICA-INFORMATICA": 18, "TEHNICIAN IN ADMINISTRATIE": 22, "TEHNICIAN IN ACTIVITATI DE COMERT": 25}, "limba_moderna": {"LIMBA ENGLEZA": 261, "LIMBA FRANCEZA": 25}, "limba_materna": {"LIMBA ROMANA": 286}, "promotie_anterioara": {"NU": 252, "DA": 34}, "materii": {"LIMBA ROMANA": {"medie": 6.239007092198576, "reusita": 91.95804195804196, "cnt": 286}, "MATEMATICA MATE-INFO": {"medie": 5.780555555555555, "reusita": 77.77777777777779, "cnt": 18}, "INFORMATICA MI C/C++": {"medie": 6.02, "reusita": 60.0, "cnt": 5}, "GENERAL": {"medie": 6.419724220623501, "reusita": 58.39160839160839, "cnt": 286}, "LOGICA, ARGUMENTARE SI COMUNICARE": {"medie": 6.595762711864408, "reusita": 72.1311475409836, "cnt": 61}, "GEOGRAFIE": {"medie": 7.163076923076921, "reusita": 95.02487562189054, "cnt": 201}, "PSIHOLOGIE": {"medie": 6.775, "reusita": 100.0, "cnt": 4}, "ANATOMIE SI FIZIOLOGIE UMANA, GENETICA SI ECOLOGIE UMANA": {"medie": 5.784615384615384, "reusita": 84.61538461538461, "cnt": 13}, "MATEMATICA TEHN": {"medie": 6.058901515151513, "reusita": 77.61194029850746, "cnt": 268}, "ECONOMIE": {"medie": 4.85, "reusita": 50.0, "cnt": 2}}, "nume": "COLEGIUL ECONOMIC \"ION GHICA\" BACAU\tBac\u0103u"}