{"specializari": {"STIINTE SOCIALE": 33, "MATEMATICA-INFORMATICA": 20, "TEHNICIAN IN ACTIVITATI ECONOMICE": 24, "TEHNICIAN IN HOTELARIE": 42, "TEHNICIAN IN SILVICULTURA SI EXPLOATARI FORESTIERE": 7, "TEHNICIAN MECANIC PENTRU INTRETINERE SI REPARATII": 7, "TEHNICIAN IN AUTOMATIZARI": 1, "TEHNICIAN IN CONSTRUCTII SI LUCRARI PUBLICE": 3, "TEHNICIAN ANALIZE PRODUSE ALIMENTARE": 13, "TEHNICIAN ECOLOG SI PROTECTIA CALITATII MEDIULUI": 11, "TEHNICIAN HORTICULTOR": 4, "TEHNICIAN IN INDUSTRIA ALIMENTARA": 2, "TEHNICIAN OPERATOR TEHNICA DE CALCUL": 5}, "limba_moderna": {"LIMBA FRANCEZA": 65, "LIMBA ENGLEZA": 107}, "limba_materna": {"LIMBA ROMANA": 172}, "promotie_anterioara": {"NU": 140, "DA": 32}, "materii": {"LIMBA ROMANA": {"medie": 5.852976190476188, "reusita": 76.74418604651163, "cnt": 172}, "MATEMATICA MATE-INFO": {"medie": 5.613157894736841, "reusita": 80.0, "cnt": 20}, "GENERAL": {"medie": 5.840505050505052, "reusita": 41.27906976744186, "cnt": 172}, "ISTORIE": {"medie": 7.2328125, "reusita": 90.9090909090909, "cnt": 33}, "LOGICA, ARGUMENTARE SI COMUNICARE": {"medie": 7.097058823529412, "reusita": 96.07843137254902, "cnt": 51}, "GEOGRAFIE": {"medie": 6.83375, "reusita": 86.04651162790698, "cnt": 43}, "PSIHOLOGIE": {"medie": 6.5625, "reusita": 100.0, "cnt": 4}, "ANATOMIE SI FIZIOLOGIE UMANA, GENETICA SI ECOLOGIE UMANA": {"medie": 5.2103773584905655, "reusita": 60.0, "cnt": 55}, "BIOLOGIE VEGETALA SI ANIMALA": {"medie": 4.538235294117648, "reusita": 47.05882352941176, "cnt": 17}, "FILOSOFIE": {"medie": 7.4, "reusita": 100.0, "cnt": 1}, "MATEMATICA TEHN": {"medie": 5.038695652173915, "reusita": 63.86554621848739, "cnt": 119}, "FIZICA TEH": {"medie": 3.85, "reusita": 0.0, "cnt": 1}}, "nume": "COLEGIUL \"VASILE LOVINESCU\" FALTICENI\tSuceava"}