{"specializari": {"STIINTE ALE NATURII": 28, "MATEMATICA-INFORMATICA": 24, "FILOLOGIE": 32}, "limba_moderna": {"LIMBA ENGLEZA": 74, "LIMBA FRANCEZA": 10}, "limba_materna": {"LIMBA ROMANA": 84}, "promotie_anterioara": {"NU": 83, "DA": 1}, "materii": {"LIMBA ROMANA": {"medie": 8.301190476190477, "reusita": 100.0, "cnt": 84}, "MATEMATICA MATE-INFO": {"medie": 8.095833333333333, "reusita": 100.0, "cnt": 24}, "INFORMATICA MI C/C++": {"medie": 7.95, "reusita": 100.0, "cnt": 10}, "GENERAL": {"medie": 8.430357142857142, "reusita": 97.61904761904762, "cnt": 84}, "ISTORIE": {"medie": 8.3390625, "reusita": 96.875, "cnt": 32}, "LOGICA, ARGUMENTARE SI COMUNICARE": {"medie": 8.13125, "reusita": 100.0, "cnt": 16}, "CHIMIE ORGANICA TEO NIVEL I/II": {"medie": 9.41153846153846, "reusita": 100.0, "cnt": 13}, "MATEMATICA ST-NAT": {"medie": 9.310714285714283, "reusita": 100.0, "cnt": 28}, "FIZICA TEO": {"medie": 8.658333333333333, "reusita": 100.0, "cnt": 6}, "GEOGRAFIE": {"medie": 8.860000000000001, "reusita": 100.0, "cnt": 10}, "PSIHOLOGIE": {"medie": 7.8, "reusita": 100.0, "cnt": 1}, "ANATOMIE SI FIZIOLOGIE UMANA, GENETICA SI ECOLOGIE UMANA": {"medie": 8.328260869565215, "reusita": 100.0, "cnt": 23}, "SOCIOLOGIE": {"medie": 8.1, "reusita": 100.0, "cnt": 2}, "ECONOMIE": {"medie": 5.75, "reusita": 100.0, "cnt": 3}}, "nume": "COLEGIUL NATIONAL \"MIHAI EMINESCU\" PETROSANI\tHunedoara"}