{"specializari": {"TEHNICIAN OPERATOR TEHNICA DE CALCUL": 30, "STIINTE ALE NATURII": 36, "TEHNICIAN IN ACTIVITATI ECONOMICE": 27, "TEHNICIAN IN TURISM": 46, "TEHNICIAN ECOLOG SI PROTECTIA CALITATII MEDIULUI": 25, "TEHNICIAN MECANIC PENTRU INTRETINERE SI REPARATII": 19, "TEHNICIAN IN ADMINISTRATIE": 1, "TEHNICIAN IN SILVICULTURA SI EXPLOATARI FORESTIERE": 20, "TEHNICIAN IN AUTOMATIZARI": 3, "TEHNICIAN IN GASTRONOMIE": 1, "TEHNICIAN ANALIZE PRODUSE ALIMENTARE": 1, "TEHNICIAN IN AGROTURISM": 1, "TEHNICIAN IN INSTALATII ELECTRICE": 1}, "limba_moderna": {"LIMBA ENGLEZA": 177, "LIMBA FRANCEZA": 34}, "limba_materna": {"LIMBA ROMANA": 211}, "promotie_anterioara": {"NU": 183, "DA": 28}, "materii": {"LIMBA ROMANA": {"medie": 6.188516746411484, "reusita": 90.52132701421802, "cnt": 211}, "GENERAL": {"medie": 6.2103758169934675, "reusita": 59.241706161137444, "cnt": 211}, "GEOGRAFIE": {"medie": 7.747945205479451, "reusita": 95.94594594594594, "cnt": 74}, "MATEMATICA ST-NAT": {"medie": 6.004687500000002, "reusita": 75.0, "cnt": 36}, "PSIHOLOGIE": {"medie": 9.4, "reusita": 100.0, "cnt": 1}, "ANATOMIE SI FIZIOLOGIE UMANA, GENETICA SI ECOLOGIE UMANA": {"medie": 5.635897435897438, "reusita": 68.67469879518072, "cnt": 83}, "BIOLOGIE VEGETALA SI ANIMALA": {"medie": 4.508823529411765, "reusita": 42.857142857142854, "cnt": 35}, "MATEMATICA TEHN": {"medie": 6.012138728323699, "reusita": 78.28571428571428, "cnt": 175}, "FIZICA TEH": {"medie": 7.833333333333333, "reusita": 100.0, "cnt": 18}}, "nume": "COLEGIUL TEHNIC \"ION CREANGA\", ORAS TARGU NEAMT\tNeam\u021b"}