{"specializari": {"STIINTE ALE NATURII": 79, "STIINTE SOCIALE": 67, "MATEMATICA-INFORMATICA": 49}, "limba_moderna": {"LIMBA ENGLEZA": 184, "LIMBA GERMANA MODERNA": 11}, "limba_materna": {"LIMBA ROMANA": 185, "LIMBA GERMANA": 10}, "promotie_anterioara": {"NU": 195}, "materii": {"LIMBA ROMANA": {"medie": 8.401804123711344, "reusita": 99.48717948717949, "cnt": 195}, "MATEMATICA MATE-INFO": {"medie": 9.132653061224492, "reusita": 100.0, "cnt": 49}, "INFORMATICA MI C/C++": {"medie": 8.786363636363635, "reusita": 100.0, "cnt": 11}, "GENERAL": {"medie": 8.722164948453608, "reusita": 98.46153846153847, "cnt": 195}, "ISTORIE": {"medie": 8.356818181818179, "reusita": 97.01492537313433, "cnt": 67}, "LOGICA, ARGUMENTARE SI COMUNICARE": {"medie": 9.167021276595747, "reusita": 97.91666666666666, "cnt": 48}, "GEOGRAFIE": {"medie": 8.533333333333337, "reusita": 100.0, "cnt": 18}, "FIZICA TEO": {"medie": 9.470833333333331, "reusita": 100.0, "cnt": 24}, "CHIMIE ORGANICA TEO NIVEL I/II": {"medie": 8.931818181818183, "reusita": 100.0, "cnt": 11}, "MATEMATICA ST-NAT": {"medie": 9.251265822784811, "reusita": 100.0, "cnt": 79}, "PSIHOLOGIE": {"medie": 8.8, "reusita": 100.0, "cnt": 1}, "ANATOMIE SI FIZIOLOGIE UMANA, GENETICA SI ECOLOGIE UMANA": {"medie": 8.605128205128207, "reusita": 98.71794871794873, "cnt": 78}, "INFORMATICA SN C/C++": {"medie": 9.212499999999999, "reusita": 100.0, "cnt": 4}, "LIMBA GERMANA": {"medie": 7.494999999999999, "reusita": 100.0, "cnt": 10}}, "nume": "COLEGIUL NATIONAL \"ALEXANDRU PAPIU ILARIAN\" TIRGU MURES\tMure\u0219"}