{"specializari": {"FILOLOGIE": 55, "TEHNICIAN IN HOTELARIE": 45, "TEHNICIAN ELECTROMECANIC": 13, "TEHNICIAN ENERGETICIAN": 24, "TEHNICIAN ELECTROTEHNIST": 4, "MATEMATICA-INFORMATICA": 13, "TEHNICIAN MECANIC PENTRU INTRETINERE SI REPARATII": 6, "TEHNICIAN IN INSTALATII ELECTRICE": 8, "TEHNICIAN ELECTRONIST": 1}, "limba_moderna": {"LIMBA ENGLEZA": 169}, "limba_materna": {"LIMBA ROMANA": 169}, "promotie_anterioara": {"NU": 130, "DA": 39}, "materii": {"LIMBA ROMANA": {"medie": 6.043452380952379, "reusita": 84.02366863905326, "cnt": 169}, "MATEMATICA MATE-INFO": {"medie": 4.038461538461538, "reusita": 53.84615384615385, "cnt": 13}, "GENERAL": {"medie": 6.016973415132921, "reusita": 52.071005917159766, "cnt": 169}, "ISTORIE": {"medie": 6.705454545454547, "reusita": 94.54545454545455, "cnt": 55}, "LOGICA, ARGUMENTARE SI COMUNICARE": {"medie": 8.1, "reusita": 100.0, "cnt": 4}, "GEOGRAFIE": {"medie": 7.473648648648649, "reusita": 97.33333333333334, "cnt": 75}, "PSIHOLOGIE": {"medie": 5.75, "reusita": 100.0, "cnt": 2}, "ANATOMIE SI FIZIOLOGIE UMANA, GENETICA SI ECOLOGIE UMANA": {"medie": 6.093749999999999, "reusita": 87.5, "cnt": 8}, "CHIMIE ANORGANICA TEO NIVEL I/II": {"medie": 2.45, "reusita": 0.0, "cnt": 1}, "BIOLOGIE VEGETALA SI ANIMALA": {"medie": 4.111538461538461, "reusita": 32.72727272727273, "cnt": 55}, "SOCIOLOGIE": {"medie": 7.110526315789474, "reusita": 100.0, "cnt": 19}, "MATEMATICA TEHN": {"medie": 5.364795918367346, "reusita": 66.33663366336634, "cnt": 101}, "FIZICA TEH": {"medie": 9.6, "reusita": 50.0, "cnt": 2}, "CHIMIE ANORGANICA TEH NIVEL I/II": {"medie": 4.825, "reusita": 50.0, "cnt": 2}, "CHIMIE ORGANICA TEH NIVEL I/II": {"medie": 2.8, "reusita": 0.0, "cnt": 1}}, "nume": "COLEGIUL TEHNIC ENERGETIC\tBucure\u0219ti"}