{"specializari": {"TEHNICIAN IN ACTIVITATI ECONOMICE": 120, "TEHNICIAN IN ADMINISTRATIE": 29, "TEHNICIAN IN TURISM": 30, "TEHNICIAN IN ACHIZITII SI CONTRACTARI": 30, "TEHNICIAN IN ACTIVITATI DE COMERT": 34, "TEHNICIAN IN GASTRONOMIE": 28, "TEHNICIAN IN HOTELARIE": 2, "ORGANIZATOR BANQUETING": 3, "MATEMATICA-INFORMATICA": 1}, "limba_moderna": {"LIMBA ENGLEZA": 266, "LIMBA FRANCEZA": 11}, "limba_materna": {"LIMBA ROMANA": 277}, "promotie_anterioara": {"NU": 262, "DA": 15}, "materii": {"LIMBA ROMANA": {"medie": 6.75860805860805, "reusita": 92.7797833935018, "cnt": 277}, "MATEMATICA MATE-INFO": {"medie": 5.1, "reusita": 100.0, "cnt": 1}, "GENERAL": {"medie": 7.531722428748454, "reusita": 87.72563176895306, "cnt": 277}, "LOGICA, ARGUMENTARE SI COMUNICARE": {"medie": 8.894117647058824, "reusita": 100.0, "cnt": 17}, "GEOGRAFIE": {"medie": 8.18265306122449, "reusita": 95.2191235059761, "cnt": 251}, "PSIHOLOGIE": {"medie": 7.1, "reusita": 100.0, "cnt": 2}, "ANATOMIE SI FIZIOLOGIE UMANA, GENETICA SI ECOLOGIE UMANA": {"medie": 6.15, "reusita": 100.0, "cnt": 1}, "ECONOMIE": {"medie": 6.249999999999999, "reusita": 83.33333333333334, "cnt": 6}, "MATEMATICA TEHN": {"medie": 7.604259259259263, "reusita": 93.47826086956522, "cnt": 276}}, "nume": "COLEGIUL ECONOMIC \"ION GHICA\" TARGOVISTE\tD\u00e2mbovi\u021ba"}