{"specializari": {"TEHNICIAN IN ACTIVITATI ECONOMICE": 139, "TEHNICIAN IN TURISM": 34, "TEHNICIAN IN ACTIVITATI DE COMERT": 28, "TEHNICIAN IN GASTRONOMIE": 20, "ORGANIZATOR BANQUETING": 22, "TEHNICIAN IN ADMINISTRATIE": 3}, "limba_moderna": {"LIMBA ENGLEZA": 243, "LIMBA GERMANA MODERNA": 1, "LIMBA FRANCEZA": 2}, "limba_materna": {"LIMBA ROMANA": 246}, "promotie_anterioara": {"NU": 219, "DA": 27}, "materii": {"LIMBA ROMANA": {"medie": 6.197142857142851, "reusita": 91.46341463414635, "cnt": 246}, "GENERAL": {"medie": 6.5901234567901215, "reusita": 69.51219512195121, "cnt": 246}, "LOGICA, ARGUMENTARE SI COMUNICARE": {"medie": 7.588333333333333, "reusita": 93.33333333333333, "cnt": 30}, "GEOGRAFIE": {"medie": 7.132089552238805, "reusita": 94.08866995073892, "cnt": 203}, "PSIHOLOGIE": {"medie": 9.3, "reusita": 100.0, "cnt": 1}, "ECONOMIE": {"medie": 5.675, "reusita": 91.66666666666666, "cnt": 12}, "MATEMATICA TEHN": {"medie": 6.443647540983607, "reusita": 88.6178861788618, "cnt": 246}}, "nume": "COLEGIUL ECONOMIC \"PARTENIE COSMA\" ORADEA\tBihor"}