{"specializari": {"MATEMATICA-INFORMATICA": 87, "FILOLOGIE": 29, "STIINTE ALE NATURII": 30}, "limba_moderna": {"LIMBA ENGLEZA": 142, "LIMBA GERMANA MODERNA": 2, "LIMBA FRANCEZA": 2}, "limba_materna": {"LIMBA ROMANA": 146}, "promotie_anterioara": {"NU": 146}, "materii": {"LIMBA ROMANA": {"medie": 8.883561643835613, "reusita": 100.0, "cnt": 146}, "MATEMATICA MATE-INFO": {"medie": 9.122674418604651, "reusita": 98.85057471264368, "cnt": 87}, "INFORMATICA MI C/C++": {"medie": 9.357142857142861, "reusita": 100.0, "cnt": 35}, "GENERAL": {"medie": 9.191609195402297, "reusita": 99.31506849315068, "cnt": 146}, "ISTORIE": {"medie": 9.341379310344827, "reusita": 100.0, "cnt": 29}, "LOGICA, ARGUMENTARE SI COMUNICARE": {"medie": 9.493749999999999, "reusita": 100.0, "cnt": 8}, "CHIMIE ORGANICA TEO NIVEL I/II": {"medie": 9.476190476190474, "reusita": 100.0, "cnt": 21}, "MATEMATICA ST-NAT": {"medie": 9.363333333333333, "reusita": 100.0, "cnt": 30}, "FIZICA TEO": {"medie": 9.609677419354837, "reusita": 100.0, "cnt": 31}, "GEOGRAFIE": {"medie": 9.407142857142855, "reusita": 100.0, "cnt": 21}, "ANATOMIE SI FIZIOLOGIE UMANA, GENETICA SI ECOLOGIE UMANA": {"medie": 9.493749999999997, "reusita": 96.0, "cnt": 25}, "CHIMIE ANORGANICA TEO NIVEL I/II": {"medie": 10.0, "reusita": 100.0, "cnt": 1}, "INFORMATICA SN C/C++": {"medie": 9.1125, "reusita": 100.0, "cnt": 4}}, "nume": "COLEGIUL NATIONAL \"COSTACHE NEGRUZZI\", IASI\tIa\u0219i"}