{"specializari": {"TEHNICIAN IN ACTIVITATI ECONOMICE": 23, "TEHNICIAN OPERATOR PROCESARE TEXT IMAGINE": 28, "TEHNICIAN IN TURISM": 15, "TEHNICIAN ANALIZE PRODUSE ALIMENTARE": 6, "TEHNICIAN VETERINAR": 5}, "limba_moderna": {"LIMBA ENGLEZA": 76, "LIMBA GERMANA MODERNA": 1}, "limba_materna": {"LIMBA MAGHIARA": 77}, "promotie_anterioara": {"NU": 54, "DA": 23}, "materii": {"LIMBA ROMANA": {"medie": 4.172972972972973, "reusita": 40.25974025974026, "cnt": 77}, "GENERAL": {"medie": 5.840753424657534, "reusita": 27.27272727272727, "cnt": 77}, "GEOGRAFIE": {"medie": 6.937837837837836, "reusita": 92.10526315789474, "cnt": 38}, "ANATOMIE SI FIZIOLOGIE UMANA, GENETICA SI ECOLOGIE UMANA": {"medie": 5.131818181818182, "reusita": 54.54545454545454, "cnt": 11}, "BIOLOGIE VEGETALA SI ANIMALA": {"medie": 5.194642857142858, "reusita": 57.14285714285714, "cnt": 28}, "MATEMATICA TEHN": {"medie": 6.383561643835618, "reusita": 87.01298701298701, "cnt": 77}, "LIMBA MAGHIARA (REAL)": {"medie": 6.716, "reusita": 97.40259740259741, "cnt": 77}}, "nume": "COLEGIUL TEHNIC \"BATTHYANY IGNAC\" GHEORGHENI\tHarghita"}