{"specializari": {"MATEMATICA-INFORMATICA": 113, "FILOLOGIE": 31, "STIINTE SOCIALE": 31, "STIINTE ALE NATURII": 35}, "limba_moderna": {"LIMBA ENGLEZA": 205, "LIMBA FRANCEZA": 5}, "limba_materna": {"LIMBA ROMANA": 210}, "promotie_anterioara": {"NU": 197, "DA": 13}, "materii": {"LIMBA ROMANA": {"medie": 7.4181818181818215, "reusita": 98.09523809523809, "cnt": 210}, "MATEMATICA MATE-INFO": {"medie": 7.113839285714285, "reusita": 84.95575221238938, "cnt": 113}, "INFORMATICA MI C/C++": {"medie": 8.602941176470587, "reusita": 100.0, "cnt": 17}, "GENERAL": {"medie": 7.589855072463771, "reusita": 83.80952380952381, "cnt": 210}, "ISTORIE": {"medie": 8.158064516129032, "reusita": 98.38709677419355, "cnt": 62}, "LOGICA, ARGUMENTARE SI COMUNICARE": {"medie": 8.875, "reusita": 100.0, "cnt": 10}, "GEOGRAFIE": {"medie": 9.100000000000001, "reusita": 100.0, "cnt": 49}, "FIZICA TEO": {"medie": 9.583333333333332, "reusita": 100.0, "cnt": 9}, "CHIMIE ORGANICA TEO NIVEL I/II": {"medie": 9.569999999999999, "reusita": 100.0, "cnt": 5}, "MATEMATICA ST-NAT": {"medie": 5.772058823529413, "reusita": 74.28571428571429, "cnt": 35}, "PSIHOLOGIE": {"medie": 8.85, "reusita": 100.0, "cnt": 2}, "ANATOMIE SI FIZIOLOGIE UMANA, GENETICA SI ECOLOGIE UMANA": {"medie": 8.450000000000001, "reusita": 100.0, "cnt": 8}, "BIOLOGIE VEGETALA SI ANIMALA": {"medie": 7.306542056074769, "reusita": 91.74311926605505, "cnt": 109}, "ECONOMIE": {"medie": 5.55, "reusita": 100.0, "cnt": 1}}, "nume": "COLEGIUL NATIONAL \"VLADIMIR STREINU\" GAESTI\tD\u00e2mbovi\u021ba"}