{"specializari": {"MATEMATICA-INFORMATICA": 231, "STIINTE ALE NATURII": 64}, "limba_moderna": {"LIMBA ENGLEZA": 287, "LIMBA GERMANA MODERNA": 1, "LIMBA FRANCEZA": 6, "LIMBA SPANIOLA": 1}, "limba_materna": {"LIMBA ROMANA": 295}, "promotie_anterioara": {"NU": 294, "DA": 1}, "materii": {"LIMBA ROMANA": {"medie": 8.367006802721091, "reusita": 99.66101694915255, "cnt": 295}, "MATEMATICA MATE-INFO": {"medie": 8.978695652173915, "reusita": 99.13419913419914, "cnt": 231}, "INFORMATICA MI C/C++": {"medie": 9.209230769230766, "reusita": 100.0, "cnt": 65}, "GENERAL": {"medie": 8.855895691609973, "reusita": 98.64406779661017, "cnt": 295}, "CHIMIE ORGANICA TEO NIVEL I/II": {"medie": 9.312790697674416, "reusita": 98.83720930232558, "cnt": 86}, "MATEMATICA ST-NAT": {"medie": 9.275, "reusita": 100.0, "cnt": 64}, "FIZICA TEO": {"medie": 9.171717171717175, "reusita": 99.0, "cnt": 100}, "ANATOMIE SI FIZIOLOGIE UMANA, GENETICA SI ECOLOGIE UMANA": {"medie": 8.874999999999998, "reusita": 100.0, "cnt": 40}, "BIOLOGIE VEGETALA SI ANIMALA": {"medie": 7.449999999999999, "reusita": 75.0, "cnt": 4}}, "nume": "COLEGIUL NATIONAL \"MIHAI VITEAZUL\"\tBucure\u0219ti"}