{"specializari": {"MATEMATICA-INFORMATICA": 88, "STIINTE ALE NATURII": 59, "STIINTE SOCIALE": 33, "LICEU CU PROGRAM SPORTIV": 33, "FILOLOGIE": 1}, "limba_moderna": {"LIMBA ENGLEZA": 168, "LIMBA FRANCEZA": 19, "LIMBA GERMANA MODERNA": 27}, "limba_materna": {"LIMBA ROMANA": 214}, "promotie_anterioara": {"NU": 213, "DA": 1}, "materii": {"LIMBA ROMANA": {"medie": 8.512910798122064, "reusita": 98.13084112149532, "cnt": 214}, "MATEMATICA MATE-INFO": {"medie": 9.31193181818182, "reusita": 100.0, "cnt": 88}, "INFORMATICA MI C/C++": {"medie": 9.363636363636365, "reusita": 100.0, "cnt": 44}, "GENERAL": {"medie": 8.720031298904535, "reusita": 96.72897196261682, "cnt": 214}, "ISTORIE": {"medie": 7.434328358208959, "reusita": 98.50746268656717, "cnt": 67}, "LOGICA, ARGUMENTARE SI COMUNICARE": {"medie": 8.873214285714285, "reusita": 96.42857142857143, "cnt": 28}, "GEOGRAFIE": {"medie": 7.822413793103448, "reusita": 100.0, "cnt": 29}, "FIZICA TEO": {"medie": 9.104545454545454, "reusita": 100.0, "cnt": 33}, "CHIMIE ORGANICA TEO NIVEL I/II": {"medie": 9.84090909090909, "reusita": 100.0, "cnt": 11}, "MATEMATICA ST-NAT": {"medie": 9.18050847457627, "reusita": 100.0, "cnt": 59}, "PSIHOLOGIE": {"medie": 8.575, "reusita": 100.0, "cnt": 4}, "SOCIOLOGIE": {"medie": 7.958333333333333, "reusita": 100.0, "cnt": 6}, "ANATOMIE SI FIZIOLOGIE UMANA, GENETICA SI ECOLOGIE UMANA": {"medie": 9.21, "reusita": 98.21428571428571, "cnt": 56}, "BIOLOGIE VEGETALA SI ANIMALA": {"medie": 8.9, "reusita": 100.0, "cnt": 2}, "INFORMATICA SN C/C++": {"medie": 6.55, "reusita": 100.0, "cnt": 1}}, "nume": "COLEGIUL NATIONAL MIRCEA CEL BATRAN, MUN. RM. VALCEA\tV\u00e2lcea"}