{"specializari": {"MATEMATICA-INFORMATICA": 122, "STIINTE ALE NATURII": 31, "STIINTE SOCIALE": 30, "FILOLOGIE": 28, "TEHNICIAN MECANIC PENTRU INTRETINERE SI REPARATII": 1}, "limba_moderna": {"LIMBA ENGLEZA": 196, "LIMBA FRANCEZA": 15, "LIMBA GERMANA MODERNA": 1}, "limba_materna": {"LIMBA ROMANA": 212}, "promotie_anterioara": {"NU": 209, "DA": 3}, "materii": {"LIMBA ROMANA": {"medie": 8.809198113207549, "reusita": 99.52830188679245, "cnt": 212}, "MATEMATICA MATE-INFO": {"medie": 9.278512396694218, "reusita": 99.18032786885246, "cnt": 122}, "INFORMATICA MI C/C++": {"medie": 9.360714285714288, "reusita": 100.0, "cnt": 42}, "GENERAL": {"medie": 9.056003159557664, "reusita": 98.58490566037736, "cnt": 212}, "ISTORIE": {"medie": 9.04310344827586, "reusita": 100.0, "cnt": 58}, "LOGICA, ARGUMENTARE SI COMUNICARE": {"medie": 8.957142857142856, "reusita": 100.0, "cnt": 35}, "CHIMIE ORGANICA TEO NIVEL I/II": {"medie": 9.646774193548385, "reusita": 96.875, "cnt": 32}, "MATEMATICA ST-NAT": {"medie": 9.570967741935481, "reusita": 100.0, "cnt": 31}, "FIZICA TEO": {"medie": 9.29222222222222, "reusita": 100.0, "cnt": 45}, "GEOGRAFIE": {"medie": 9.068181818181817, "reusita": 100.0, "cnt": 11}, "PSIHOLOGIE": {"medie": 8.635714285714284, "reusita": 100.0, "cnt": 7}, "ANATOMIE SI FIZIOLOGIE UMANA, GENETICA SI ECOLOGIE UMANA": {"medie": 8.485294117647058, "reusita": 100.0, "cnt": 34}, "BIOLOGIE VEGETALA SI ANIMALA": {"medie": 7.05, "reusita": 100.0, "cnt": 1}, "FILOSOFIE": {"medie": 8.8, "reusita": 100.0, "cnt": 1}, "MATEMATICA TEHN": {"medie": 5.0, "reusita": 100.0, "cnt": 1}, "ECONOMIE": {"medie": 8.2, "reusita": 100.0, "cnt": 4}}, "nume": "COLEGIUL NATIONAL \"VASILE ALECSANDRI\", LOCALITATEA GALATI\tGala\u021bi"}