{"specializari": {"MATEMATICA-INFORMATICA": 62, "STIINTE ALE NATURII": 23, "FILOLOGIE": 62, "STIINTE SOCIALE": 27}, "limba_moderna": {"LIMBA ENGLEZA": 162, "LIMBA FRANCEZA": 12}, "limba_materna": {"LIMBA ROMANA": 174}, "promotie_anterioara": {"NU": 173, "DA": 1}, "materii": {"LIMBA ROMANA": {"medie": 8.030747126436784, "reusita": 100.0, "cnt": 174}, "MATEMATICA MATE-INFO": {"medie": 8.44758064516129, "reusita": 100.0, "cnt": 62}, "INFORMATICA MI C/C++": {"medie": 8.420000000000002, "reusita": 100.0, "cnt": 10}, "GENERAL": {"medie": 8.319923371647512, "reusita": 98.85057471264368, "cnt": 174}, "ISTORIE": {"medie": 7.984269662921345, "reusita": 97.75280898876404, "cnt": 89}, "LOGICA, ARGUMENTARE SI COMUNICARE": {"medie": 8.947260273972605, "reusita": 100.0, "cnt": 73}, "GEOGRAFIE": {"medie": 8.010000000000002, "reusita": 100.0, "cnt": 5}, "FIZICA TEO": {"medie": 8.66111111111111, "reusita": 100.0, "cnt": 27}, "CHIMIE ORGANICA TEO NIVEL I/II": {"medie": 9.364999999999998, "reusita": 100.0, "cnt": 10}, "MATEMATICA ST-NAT": {"medie": 8.45, "reusita": 100.0, "cnt": 23}, "PSIHOLOGIE": {"medie": 8.65, "reusita": 100.0, "cnt": 2}, "SOCIOLOGIE": {"medie": 7.292857142857143, "reusita": 100.0, "cnt": 7}, "ANATOMIE SI FIZIOLOGIE UMANA, GENETICA SI ECOLOGIE UMANA": {"medie": 8.60921052631579, "reusita": 100.0, "cnt": 38}, "FILOSOFIE": {"medie": 8.275, "reusita": 100.0, "cnt": 2}}, "nume": "COLEGIUL NATIONAL \"ALEXANDRU VLAHUTA\" MUNICIPIUL RAMNICU SARAT\tBuz\u0103u"}