{"specializari": {"TEHNICIAN IN ACTIVITATI ECONOMICE": 25, "TEHNICIAN MECATRONIST": 18, "TEHNICIAN OPERATOR TEHNICA DE CALCUL": 8, "TEHNICIAN TRANSPORTURI": 4, "TEHNICIAN PROIECTANT CAD": 1, "TEHNICIAN IN ADMINISTRATIE": 1, "TEHNICIAN ELECTRICIAN/ELECTRONIST AUTO": 2}, "limba_moderna": {"LIMBA ENGLEZA": 59}, "limba_materna": {"LIMBA ROMANA": 59}, "promotie_anterioara": {"NU": 39, "DA": 20}, "materii": {"LIMBA ROMANA": {"medie": 5.919090909090908, "reusita": 77.96610169491525, "cnt": 59}, "GENERAL": {"medie": 6.184751773049643, "reusita": 45.76271186440678, "cnt": 59}, "LOGICA, ARGUMENTARE SI COMUNICARE": {"medie": 9.15, "reusita": 100.0, "cnt": 1}, "GEOGRAFIE": {"medie": 7.236363636363635, "reusita": 100.0, "cnt": 22}, "PSIHOLOGIE": {"medie": 6.983333333333333, "reusita": 100.0, "cnt": 3}, "BIOLOGIE VEGETALA SI ANIMALA": {"medie": 5.247368421052632, "reusita": 40.74074074074074, "cnt": 27}, "MATEMATICA TEHN": {"medie": 5.86372549019608, "reusita": 67.79661016949152, "cnt": 59}, "FIZICA TEH": {"medie": 6.709999999999999, "reusita": 83.33333333333334, "cnt": 6}}, "nume": "COLEGIUL TEHNIC TURDA\tCluj"}