{"specializari": {"MATEMATICA-INFORMATICA": 114, "STIINTE ALE NATURII": 59, "STIINTE SOCIALE": 28}, "limba_moderna": {"LIMBA ENGLEZA": 197, "LIMBA FRANCEZA": 2, "LIMBA GERMANA MODERNA": 2}, "limba_materna": {"LIMBA ROMANA": 201}, "promotie_anterioara": {"NU": 201}, "materii": {"LIMBA ROMANA": {"medie": 8.752238805970151, "reusita": 100.0, "cnt": 201}, "MATEMATICA MATE-INFO": {"medie": 8.904385964912278, "reusita": 100.0, "cnt": 114}, "INFORMATICA MI C/C++": {"medie": 8.999999999999996, "reusita": 100.0, "cnt": 42}, "GENERAL": {"medie": 8.911111111111113, "reusita": 99.50248756218906, "cnt": 201}, "ISTORIE": {"medie": 9.096428571428572, "reusita": 100.0, "cnt": 28}, "LOGICA, ARGUMENTARE SI COMUNICARE": {"medie": 9.733333333333334, "reusita": 100.0, "cnt": 9}, "CHIMIE ORGANICA TEO NIVEL I/II": {"medie": 8.933333333333332, "reusita": 100.0, "cnt": 18}, "MATEMATICA ST-NAT": {"medie": 9.279661016949149, "reusita": 100.0, "cnt": 59}, "FIZICA TEO": {"medie": 9.42, "reusita": 100.0, "cnt": 5}, "GEOGRAFIE": {"medie": 9.286666666666667, "reusita": 100.0, "cnt": 15}, "PSIHOLOGIE": {"medie": 9.2, "reusita": 100.0, "cnt": 2}, "ANATOMIE SI FIZIOLOGIE UMANA, GENETICA SI ECOLOGIE UMANA": {"medie": 8.77828282828283, "reusita": 100.0, "cnt": 99}, "CHIMIE ANORGANICA TEO NIVEL I/II": {"medie": 8.53, "reusita": 100.0, "cnt": 5}, "BIOLOGIE VEGETALA SI ANIMALA": {"medie": 8.65, "reusita": 100.0, "cnt": 1}, "SOCIOLOGIE": {"medie": 9.875, "reusita": 100.0, "cnt": 2}, "INFORMATICA SN C/C++": {"medie": 8.533333333333333, "reusita": 100.0, "cnt": 3}}, "nume": "COLEGIUL NATIONAL \"EMANUIL GOJDU\" ORADEA\tBihor"}