{"specializari": {"TEHNICIAN IN GASTRONOMIE": 32, "TEHNICIAN IN ACTIVITATI ECONOMICE": 23, "TEHNICIAN HORTICULTOR": 19, "TEHNICIAN VETERINAR": 29, "TEHNICIAN PENTRU ANIMALE DE COMPANIE": 1, "TEHNICIAN IN AGRICULTURA": 14}, "limba_moderna": {"LIMBA ENGLEZA": 118}, "limba_materna": {"LIMBA ROMANA": 118}, "promotie_anterioara": {"NU": 95, "DA": 23}, "materii": {"LIMBA ROMANA": {"medie": 5.796818181818183, "reusita": 77.11864406779661, "cnt": 118}, "GENERAL": {"medie": 5.657389937106916, "reusita": 39.83050847457627, "cnt": 118}, "LOGICA, ARGUMENTARE SI COMUNICARE": {"medie": 7.779166666666668, "reusita": 100.0, "cnt": 12}, "GEOGRAFIE": {"medie": 7.066250000000002, "reusita": 97.5, "cnt": 40}, "ANATOMIE SI FIZIOLOGIE UMANA, GENETICA SI ECOLOGIE UMANA": {"medie": 4.394897959183672, "reusita": 41.17647058823529, "cnt": 51}, "BIOLOGIE VEGETALA SI ANIMALA": {"medie": 2.1, "reusita": 0.0, "cnt": 12}, "ECONOMIE": {"medie": 4.166666666666667, "reusita": 66.66666666666666, "cnt": 3}, "MATEMATICA TEHN": {"medie": 5.232870370370372, "reusita": 60.16949152542372, "cnt": 118}}, "nume": "COLEGIUL TEHNOLOGIC \"VIACESLAV HARNAJ\"\tBucure\u0219ti"}