{"specializari": {"TEHNICIAN IN ADMINISTRATIE": 30, "TEHNICIAN IN ACTIVITATI ECONOMICE": 48, "TEHNICIAN IN GASTRONOMIE": 21, "TEHNICIAN IN ACHIZITII SI CONTRACTARI": 51, "ORGANIZATOR BANQUETING": 25, "TEHNICIAN IN TURISM": 26}, "limba_moderna": {"LIMBA ENGLEZA": 198, "LIMBA FRANCEZA": 3}, "limba_materna": {"LIMBA ROMANA": 201}, "promotie_anterioara": {"NU": 199, "DA": 2}, "materii": {"LIMBA ROMANA": {"medie": 7.45049751243781, "reusita": 98.50746268656717, "cnt": 201}, "GENERAL": {"medie": 8.266833333333334, "reusita": 98.00995024875621, "cnt": 201}, "LOGICA, ARGUMENTARE SI COMUNICARE": {"medie": 9.328571428571427, "reusita": 100.0, "cnt": 7}, "GEOGRAFIE": {"medie": 8.721315789473682, "reusita": 99.47643979057592, "cnt": 191}, "PSIHOLOGIE": {"medie": 8.15, "reusita": 100.0, "cnt": 3}, "MATEMATICA TEHN": {"medie": 8.595024875621883, "reusita": 100.0, "cnt": 201}}, "nume": "COLEGIUL ECONOMIC \"MIHAIL KOGALNICEANU\" FOCSANI\tVrancea"}