{"specializari": {"TEHNICIAN IN ACTIVITATI ECONOMICE": 29, "TEHNICIAN IN TURISM": 15, "TEHNICIAN IN SILVICULTURA SI EXPLOATARI FORESTIERE": 33, "TEHNICIAN PRELUCRARI PE MASINI CU COMANDA NUMERICA": 14, "TEHNICIAN PROIECTANT CAD": 7, "TEHNICIAN IN INDUSTRIA ALIMENTARA": 1, "TEHNICIAN IN GASTRONOMIE": 1, "TEHNICIAN IN INSTALATII ELECTRICE": 1}, "limba_moderna": {"LIMBA ENGLEZA": 101}, "limba_materna": {"LIMBA ROMANA": 101}, "promotie_anterioara": {"NU": 81, "DA": 20}, "materii": {"LIMBA ROMANA": {"medie": 5.697894736842106, "reusita": 73.26732673267327, "cnt": 101}, "GENERAL": {"medie": 5.687407407407409, "reusita": 38.613861386138616, "cnt": 101}, "LOGICA, ARGUMENTARE SI COMUNICARE": {"medie": 8.458333333333334, "reusita": 91.66666666666666, "cnt": 12}, "GEOGRAFIE": {"medie": 7.213636363636364, "reusita": 93.93939393939394, "cnt": 33}, "ANATOMIE SI FIZIOLOGIE UMANA, GENETICA SI ECOLOGIE UMANA": {"medie": 5.07878787878788, "reusita": 61.76470588235294, "cnt": 34}, "BIOLOGIE VEGETALA SI ANIMALA": {"medie": 5.434615384615385, "reusita": 36.36363636363637, "cnt": 22}, "MATEMATICA TEHN": {"medie": 5.013043478260868, "reusita": 58.415841584158414, "cnt": 101}}, "nume": "COLEGIUL TEHNIC \"IOAN CIORDAS\" BEIUS\tBihor"}