{"specializari": {"STIINTE ALE NATURII": 88, "FILOLOGIE": 26, "MATEMATICA-INFORMATICA": 54}, "limba_moderna": {"LIMBA ENGLEZA": 88, "LIMBA FRANCEZA": 45, "LIMBA GERMANA MODERNA": 35}, "limba_materna": {"LIMBA ROMANA": 168}, "promotie_anterioara": {"NU": 168}, "materii": {"LIMBA ROMANA": {"medie": 8.814880952380953, "reusita": 100.0, "cnt": 168}, "MATEMATICA MATE-INFO": {"medie": 9.131481481481481, "reusita": 100.0, "cnt": 54}, "INFORMATICA MI C/C++": {"medie": 9.274193548387096, "reusita": 100.0, "cnt": 31}, "GENERAL": {"medie": 9.086210317460317, "reusita": 100.0, "cnt": 168}, "ISTORIE": {"medie": 9.273076923076923, "reusita": 100.0, "cnt": 26}, "LOGICA, ARGUMENTARE SI COMUNICARE": {"medie": 9.34047619047619, "reusita": 100.0, "cnt": 21}, "CHIMIE ORGANICA TEO NIVEL I/II": {"medie": 9.5875, "reusita": 100.0, "cnt": 8}, "MATEMATICA ST-NAT": {"medie": 9.379545454545452, "reusita": 100.0, "cnt": 88}, "FIZICA TEO": {"medie": 9.441666666666665, "reusita": 100.0, "cnt": 12}, "GEOGRAFIE": {"medie": 8.166666666666666, "reusita": 100.0, "cnt": 3}, "ANATOMIE SI FIZIOLOGIE UMANA, GENETICA SI ECOLOGIE UMANA": {"medie": 9.137804878048781, "reusita": 100.0, "cnt": 82}, "CHIMIE ANORGANICA TEO NIVEL I/II": {"medie": 9.19, "reusita": 100.0, "cnt": 5}, "INFORMATICA SN C/C++": {"medie": 8.475, "reusita": 100.0, "cnt": 4}, "ECONOMIE": {"medie": 5.824999999999999, "reusita": 100.0, "cnt": 2}}, "nume": "COLEGIUL NATIONAL \"DR. IOAN MESOTA\" BRASOV\tBra\u0219ov"}