{"specializari": {"MATEMATICA-INFORMATICA": 87, "STIINTE SOCIALE": 30, "STIINTE ALE NATURII": 30, "FILOLOGIE": 30}, "limba_moderna": {"LIMBA ENGLEZA": 160, "LIMBA FRANCEZA": 14, "LIMBA GERMANA MODERNA": 3}, "limba_materna": {"LIMBA ROMANA": 177}, "promotie_anterioara": {"NU": 176, "DA": 1}, "materii": {"LIMBA ROMANA": {"medie": 8.220338983050844, "reusita": 100.0, "cnt": 177}, "MATEMATICA MATE-INFO": {"medie": 8.869540229885054, "reusita": 100.0, "cnt": 87}, "INFORMATICA MI C/C++": {"medie": 8.803488372093023, "reusita": 100.0, "cnt": 43}, "GENERAL": {"medie": 8.672410546139359, "reusita": 99.43502824858757, "cnt": 177}, "ISTORIE": {"medie": 8.590833333333334, "reusita": 100.0, "cnt": 60}, "LOGICA, ARGUMENTARE SI COMUNICARE": {"medie": 9.171739130434784, "reusita": 100.0, "cnt": 46}, "CHIMIE ORGANICA TEO NIVEL I/II": {"medie": 9.725, "reusita": 100.0, "cnt": 6}, "MATEMATICA ST-NAT": {"medie": 9.303333333333335, "reusita": 100.0, "cnt": 30}, "FIZICA TEO": {"medie": 9.03888888888889, "reusita": 100.0, "cnt": 45}, "GEOGRAFIE": {"medie": 9.377777777777776, "reusita": 100.0, "cnt": 9}, "PSIHOLOGIE": {"medie": 9.05, "reusita": 100.0, "cnt": 2}, "ANATOMIE SI FIZIOLOGIE UMANA, GENETICA SI ECOLOGIE UMANA": {"medie": 8.331818181818182, "reusita": 100.0, "cnt": 22}, "CHIMIE ANORGANICA TEO NIVEL I/II": {"medie": 7.65, "reusita": 100.0, "cnt": 1}, "SOCIOLOGIE": {"medie": 8.283333333333333, "reusita": 100.0, "cnt": 3}}, "nume": "COLEGIUL NATIONAL \"MIHAIL KOGALNICEANU\", LOCALITATEA GALATI\tGala\u021bi"}