{"specializari": {"TEHNICIAN IN TURISM": 27, "TEHNICIAN ECOLOG SI PROTECTIA CALITATII MEDIULUI": 23, "TEHNICIAN IN ACTIVITATI ECONOMICE": 1, "TEHNICIAN IN ACTIVITATI DE COMERT": 19, "TEHNICIAN TRANSPORTURI": 13, "ORGANIZATOR BANQUETING": 1, "TEHNICIAN IN PRELUCRAREA LEMNULUI": 1}, "limba_moderna": {"LIMBA ENGLEZA": 76, "LIMBA FRANCEZA": 9}, "limba_materna": {"LIMBA ROMANA": 85}, "promotie_anterioara": {"NU": 77, "DA": 8}, "materii": {"LIMBA ROMANA": {"medie": 5.593902439024391, "reusita": 82.35294117647058, "cnt": 85}, "GENERAL": {"medie": 5.515090090090092, "reusita": 35.294117647058826, "cnt": 85}, "LOGICA, ARGUMENTARE SI COMUNICARE": {"medie": 6.133333333333333, "reusita": 50.0, "cnt": 4}, "GEOGRAFIE": {"medie": 6.3425, "reusita": 88.37209302325581, "cnt": 43}, "PSIHOLOGIE": {"medie": 6.9, "reusita": 100.0, "cnt": 1}, "ANATOMIE SI FIZIOLOGIE UMANA, GENETICA SI ECOLOGIE UMANA": {"medie": 5.952272727272727, "reusita": 81.81818181818183, "cnt": 22}, "BIOLOGIE VEGETALA SI ANIMALA": {"medie": 3.995, "reusita": 36.36363636363637, "cnt": 11}, "MATEMATICA TEHN": {"medie": 4.888157894736844, "reusita": 47.05882352941176, "cnt": 85}, "FIZICA TEH": {"medie": 4.975, "reusita": 50.0, "cnt": 2}, "CHIMIE ANORGANICA TEH NIVEL I/II": {"medie": 5.575, "reusita": 50.0, "cnt": 2}}, "nume": "COLEGIUL TEHNIC \"PETRU MUSAT\" SUCEAVA\tSuceava"}