{"specializari": {"MATEMATICA-INFORMATICA": 114, "STIINTE ALE NATURII": 57, "STIINTE SOCIALE": 54}, "limba_moderna": {"LIMBA ENGLEZA": 189, "LIMBA FRANCEZA": 21, "LIMBA GERMANA MODERNA": 15}, "limba_materna": {"LIMBA ROMANA": 225}, "promotie_anterioara": {"NU": 225}, "materii": {"LIMBA ROMANA": {"medie": 8.609777777777785, "reusita": 100.0, "cnt": 225}, "MATEMATICA MATE-INFO": {"medie": 8.885964912280699, "reusita": 100.0, "cnt": 114}, "INFORMATICA MI C/C++": {"medie": 9.265116279069762, "reusita": 100.0, "cnt": 43}, "GENERAL": {"medie": 8.80725925925926, "reusita": 99.55555555555556, "cnt": 225}, "ISTORIE": {"medie": 8.924999999999999, "reusita": 98.14814814814815, "cnt": 54}, "LOGICA, ARGUMENTARE SI COMUNICARE": {"medie": 8.857407407407408, "reusita": 100.0, "cnt": 27}, "CHIMIE ORGANICA TEO NIVEL I/II": {"medie": 9.47, "reusita": 100.0, "cnt": 10}, "MATEMATICA ST-NAT": {"medie": 9.087719298245615, "reusita": 100.0, "cnt": 57}, "FIZICA TEO": {"medie": 8.53125, "reusita": 100.0, "cnt": 16}, "GEOGRAFIE": {"medie": 9.112499999999999, "reusita": 100.0, "cnt": 12}, "PSIHOLOGIE": {"medie": 8.575, "reusita": 100.0, "cnt": 2}, "ANATOMIE SI FIZIOLOGIE UMANA, GENETICA SI ECOLOGIE UMANA": {"medie": 8.791000000000002, "reusita": 100.0, "cnt": 100}, "SOCIOLOGIE": {"medie": 7.861538461538462, "reusita": 100.0, "cnt": 13}, "INFORMATICA SN C/C++": {"medie": 9.1, "reusita": 100.0, "cnt": 2}}, "nume": "COLEGIUL NATIONAL \"PETRU RARES\" SUCEAVA\tSuceava"}