{"specializari": {"FILOLOGIE": 34, "STIINTE ALE NATURII": 63, "MATEMATICA-INFORMATICA": 122, "STIINTE SOCIALE": 34}, "limba_moderna": {"LIMBA ENGLEZA": 215, "LIMBA FRANCEZA": 36, "LIMBA GERMANA MODERNA": 2}, "limba_materna": {"LIMBA ROMANA": 253}, "promotie_anterioara": {"NU": 252, "DA": 1}, "materii": {"LIMBA ROMANA": {"medie": 7.780237154150193, "reusita": 99.2094861660079, "cnt": 253}, "MATEMATICA MATE-INFO": {"medie": 8.297950819672133, "reusita": 99.18032786885246, "cnt": 122}, "INFORMATICA MI C/C++": {"medie": 8.897580645161284, "reusita": 100.0, "cnt": 62}, "GENERAL": {"medie": 8.301251646903818, "reusita": 97.23320158102767, "cnt": 253}, "ISTORIE": {"medie": 8.317647058823527, "reusita": 100.0, "cnt": 68}, "LOGICA, ARGUMENTARE SI COMUNICARE": {"medie": 9.239285714285716, "reusita": 100.0, "cnt": 56}, "CHIMIE ORGANICA TEO NIVEL I/II": {"medie": 9.326923076923077, "reusita": 100.0, "cnt": 13}, "MATEMATICA ST-NAT": {"medie": 8.399999999999997, "reusita": 100.0, "cnt": 63}, "FIZICA TEO": {"medie": 8.53103448275862, "reusita": 100.0, "cnt": 29}, "GEOGRAFIE": {"medie": 8.183333333333334, "reusita": 100.0, "cnt": 3}, "PSIHOLOGIE": {"medie": 8.066666666666666, "reusita": 100.0, "cnt": 3}, "ANATOMIE SI FIZIOLOGIE UMANA, GENETICA SI ECOLOGIE UMANA": {"medie": 8.439102564102564, "reusita": 98.71794871794873, "cnt": 78}, "BIOLOGIE VEGETALA SI ANIMALA": {"medie": 3.1, "reusita": 0.0, "cnt": 1}, "SOCIOLOGIE": {"medie": 10.0, "reusita": 100.0, "cnt": 4}, "INFORMATICA SN C/C++": {"medie": 9.3, "reusita": 100.0, "cnt": 2}, "ECONOMIE": {"medie": 9.35, "reusita": 100.0, "cnt": 2}}, "nume": "COLEGIUL NATIONAL \"ALEXANDRU ODOBESCU\" PITESTI\tArge\u0219"}