{"specializari": {"STIINTE SOCIALE": 34, "TEHNICIAN IN ACTIVITATI ECONOMICE": 67, "MATEMATICA-INFORMATICA": 27, "FILOLOGIE": 31, "STIINTE ALE NATURII": 25, "TEHNICIAN DESENATOR PENTRU CONSTRUCTII SI INSTALATII": 17, "TEHNICIAN MECATRONIST": 13, "TEHNICIAN IN INDUSTRIA TEXTILA": 11, "TEHNICIAN TRANSPORTURI": 5, "TEHNICIAN IN INSTALATII ELECTRICE": 2}, "limba_moderna": {"LIMBA ENGLEZA": 206, "LIMBA FRANCEZA": 21, "LIMBA GERMANA MODERNA": 4, "LIMBA RUSA": 1}, "limba_materna": {"LIMBA ROMANA": 232}, "promotie_anterioara": {"NU": 213, "DA": 19}, "materii": {"LIMBA ROMANA": {"medie": 7.5314655172413785, "reusita": 97.84482758620689, "cnt": 232}, "MATEMATICA MATE-INFO": {"medie": 7.701851851851852, "reusita": 100.0, "cnt": 27}, "INFORMATICA MI C/C++": {"medie": 8.979166666666666, "reusita": 100.0, "cnt": 12}, "GENERAL": {"medie": 7.821397379912666, "reusita": 88.36206896551724, "cnt": 232}, "ISTORIE": {"medie": 9.116153846153846, "reusita": 98.46153846153847, "cnt": 65}, "LOGICA, ARGUMENTARE SI COMUNICARE": {"medie": 8.549999999999995, "reusita": 98.09523809523809, "cnt": 105}, "GEOGRAFIE": {"medie": 8.131481481481481, "reusita": 100.0, "cnt": 27}, "MATEMATICA ST-NAT": {"medie": 7.8420000000000005, "reusita": 96.0, "cnt": 25}, "ANATOMIE SI FIZIOLOGIE UMANA, GENETICA SI ECOLOGIE UMANA": {"medie": 7.850000000000003, "reusita": 97.5, "cnt": 40}, "BIOLOGIE VEGETALA SI ANIMALA": {"medie": 6.719565217391305, "reusita": 89.36170212765957, "cnt": 47}, "MATEMATICA TEHN": {"medie": 7.09736842105263, "reusita": 93.04347826086956, "cnt": 115}, "FIZICA TEH": {"medie": 7.65, "reusita": 100.0, "cnt": 1}}, "nume": "COLEGIUL TEHNIC RADAUTI\tSuceava"}