{"specializari": {"MATEMATICA-INFORMATICA": 56, "TEHNICIAN ELECTROMECANIC": 27, "TEHNICIAN IN ACTIVITATI ECONOMICE": 88, "TEHNICIAN IN AUTOMATIZARI": 35, "TEHNICIAN IN INSTALATII ELECTRICE": 30, "TEHNICIAN PRELUCRARI PE MASINI CU COMANDA NUMERICA": 20, "TEHNICIAN MECATRONIST": 1}, "limba_moderna": {"LIMBA ENGLEZA": 248, "LIMBA GERMANA MODERNA": 2, "LIMBA FRANCEZA": 7}, "limba_materna": {"LIMBA ROMANA": 257}, "promotie_anterioara": {"NU": 228, "DA": 29}, "materii": {"LIMBA ROMANA": {"medie": 6.949804687499999, "reusita": 95.71984435797665, "cnt": 257}, "MATEMATICA MATE-INFO": {"medie": 7.916071428571427, "reusita": 98.21428571428571, "cnt": 56}, "INFORMATICA MI C/C++": {"medie": 7.355000000000002, "reusita": 100.0, "cnt": 20}, "GENERAL": {"medie": 7.03104575163399, "reusita": 75.09727626459144, "cnt": 257}, "GEOGRAFIE": {"medie": 8.224404761904761, "reusita": 100.0, "cnt": 84}, "FIZICA TEO": {"medie": 7.966666666666666, "reusita": 100.0, "cnt": 3}, "PSIHOLOGIE": {"medie": 7.25, "reusita": 100.0, "cnt": 4}, "ANATOMIE SI FIZIOLOGIE UMANA, GENETICA SI ECOLOGIE UMANA": {"medie": 8.568181818181815, "reusita": 100.0, "cnt": 33}, "BIOLOGIE VEGETALA SI ANIMALA": {"medie": 5.479054054054059, "reusita": 64.47368421052632, "cnt": 76}, "MATEMATICA TEHN": {"medie": 6.7499999999999964, "reusita": 91.04477611940298, "cnt": 201}, "FIZICA TEH": {"medie": 6.335, "reusita": 76.66666666666667, "cnt": 30}, "CHIMIE ANORGANICA TEH NIVEL I/II": {"medie": 6.3, "reusita": 100.0, "cnt": 7}}, "nume": "COLEGIUL TEHNIC \"ALESANDRU PAPIU ILARIAN\" ZALAU\tS\u0103laj"}