{"specializari": {"STIINTE SOCIALE": 59, "TEOLOGIE ROMANO-CATOLICA": 18, "MATEMATICA-INFORMATICA": 46}, "limba_moderna": {"LIMBA ENGLEZA": 122, "LIMBA FRANCEZA": 1}, "limba_materna": {"LIMBA ROMANA": 123}, "promotie_anterioara": {"NU": 118, "DA": 5}, "materii": {"LIMBA ROMANA": {"medie": 7.584959349593497, "reusita": 100.0, "cnt": 123}, "MATEMATICA MATE-INFO": {"medie": 6.442391304347828, "reusita": 84.78260869565217, "cnt": 46}, "INFORMATICA MI C/C++": {"medie": 6.562500000000001, "reusita": 83.33333333333334, "cnt": 12}, "GENERAL": {"medie": 7.702168021680217, "reusita": 86.99186991869918, "cnt": 123}, "ISTORIE": {"medie": 8.046103896103897, "reusita": 98.7012987012987, "cnt": 77}, "LOGICA, ARGUMENTARE SI COMUNICARE": {"medie": 8.841071428571432, "reusita": 100.0, "cnt": 56}, "CHIMIE ORGANICA TEO NIVEL I/II": {"medie": 8.4125, "reusita": 100.0, "cnt": 4}, "FIZICA TEO": {"medie": 9.35, "reusita": 100.0, "cnt": 1}, "GEOGRAFIE": {"medie": 8.476470588235294, "reusita": 100.0, "cnt": 17}, "PSIHOLOGIE": {"medie": 9.45, "reusita": 100.0, "cnt": 4}, "ANATOMIE SI FIZIOLOGIE UMANA, GENETICA SI ECOLOGIE UMANA": {"medie": 7.237500000000001, "reusita": 100.0, "cnt": 4}, "CHIMIE ANORGANICA TEO NIVEL I/II": {"medie": 6.733333333333333, "reusita": 88.88888888888889, "cnt": 9}, "BIOLOGIE VEGETALA SI ANIMALA": {"medie": 6.559375, "reusita": 87.5, "cnt": 16}}, "nume": "COLEGIUL NATIONAL CATOLIC \"SF. IOSIF\" BACAU\tBac\u0103u"}