{"specializari": {"TEHNICIAN IN ACTIVITATI ECONOMICE": 134, "TEHNICIAN IN TURISM": 17, "TEHNICIAN IN ACTIVITATI DE COMERT": 44, "TEHNICIAN IN ADMINISTRATIE": 17, "TEHNICIAN IN GASTRONOMIE": 1}, "limba_moderna": {"LIMBA ENGLEZA": 191, "LIMBA FRANCEZA": 22}, "limba_materna": {"LIMBA ROMANA": 213}, "promotie_anterioara": {"NU": 204, "DA": 9}, "materii": {"LIMBA ROMANA": {"medie": 6.518075117370891, "reusita": 98.12206572769952, "cnt": 213}, "GENERAL": {"medie": 7.484741784037556, "reusita": 92.95774647887323, "cnt": 213}, "LOGICA, ARGUMENTARE SI COMUNICARE": {"medie": 8.580254777070063, "reusita": 98.72611464968153, "cnt": 157}, "GEOGRAFIE": {"medie": 7.8370370370370335, "reusita": 100.0, "cnt": 54}, "PSIHOLOGIE": {"medie": 7.625, "reusita": 100.0, "cnt": 2}, "MATEMATICA TEHN": {"medie": 7.553286384976529, "reusita": 98.59154929577466, "cnt": 213}}, "nume": "COLEGIUL ECONOMIC MUNICIPIUL BUZAU\tBuz\u0103u"}