{"specializari": {"STIINTE ALE NATURII": 28, "MATEMATICA-INFORMATICA": 20, "TEHNICIAN IN INSTALATII ELECTRICE": 24, "TEHNICIAN MECANIC PENTRU INTRETINERE SI REPARATII": 71, "TEHNICIAN IN AGROTURISM": 5}, "limba_moderna": {"LIMBA ENGLEZA": 93, "LIMBA FRANCEZA": 54, "LIMBA RUSA": 1}, "limba_materna": {"LIMBA ROMANA": 148}, "promotie_anterioara": {"NU": 113, "DA": 35}, "materii": {"LIMBA ROMANA": {"medie": 5.684645669291343, "reusita": 57.432432432432435, "cnt": 148}, "MATEMATICA MATE-INFO": {"medie": 5.7625, "reusita": 75.0, "cnt": 20}, "INFORMATICA MI C/C++": {"medie": 9.9, "reusita": 100.0, "cnt": 1}, "GENERAL": {"medie": 5.67127371273713, "reusita": 37.16216216216216, "cnt": 148}, "MATEMATICA ST-NAT": {"medie": 7.25892857142857, "reusita": 96.42857142857143, "cnt": 28}, "ANATOMIE SI FIZIOLOGIE UMANA, GENETICA SI ECOLOGIE UMANA": {"medie": 7.551063829787237, "reusita": 100.0, "cnt": 47}, "BIOLOGIE VEGETALA SI ANIMALA": {"medie": 5.0000000000000036, "reusita": 41.0, "cnt": 100}, "MATEMATICA TEHN": {"medie": 4.364102564102562, "reusita": 41.0, "cnt": 100}}, "nume": "COLEGIUL TEHNOLOGIC \"CONSTANTIN BRANCOVEANU\"\tMehedin\u021bi"}