{"specializari": {"FILOLOGIE": 34, "TEHNICIAN IN TURISM": 4, "TEHNICIAN MECATRONIST": 11, "LICEU CU PROGRAM SPORTIV": 12, "TEHNICIAN PROIECTANT CAD": 4, "TEHNICIAN MECANIC PENTRU INTRETINERE SI REPARATII": 3, "TEHNICIAN IN ACTIVITATI DE COMERT": 1}, "limba_moderna": {"LIMBA ENGLEZA": 69}, "limba_materna": {"LIMBA ROMANA": 69}, "promotie_anterioara": {"NU": 48, "DA": 21}, "materii": {"LIMBA ROMANA": {"medie": 5.726811594202897, "reusita": 82.6086956521739, "cnt": 69}, "GENERAL": {"medie": 6.082587064676617, "reusita": 49.275362318840585, "cnt": 69}, "ISTORIE": {"medie": 6.7760869565217385, "reusita": 91.30434782608695, "cnt": 46}, "LOGICA, ARGUMENTARE SI COMUNICARE": {"medie": 7.802941176470589, "reusita": 94.11764705882352, "cnt": 17}, "GEOGRAFIE": {"medie": 6.035714285714285, "reusita": 85.71428571428571, "cnt": 21}, "PSIHOLOGIE": {"medie": 6.15, "reusita": 100.0, "cnt": 1}, "SOCIOLOGIE": {"medie": 5.9111111111111105, "reusita": 88.88888888888889, "cnt": 9}, "BIOLOGIE VEGETALA SI ANIMALA": {"medie": 4.4750000000000005, "reusita": 42.857142857142854, "cnt": 14}, "FILOSOFIE": {"medie": 7.966666666666666, "reusita": 100.0, "cnt": 3}, "MATEMATICA TEHN": {"medie": 5.297619047619048, "reusita": 73.91304347826086, "cnt": 23}, "FIZICA TEH": {"medie": 3.966666666666667, "reusita": 50.0, "cnt": 4}}, "nume": "COLEGIUL TEHNIC MECANIC \"GRIVITA\"\tBucure\u0219ti"}