{"specializari": {"TEHNICIAN IN GASTRONOMIE": 30, "TEHNICIAN OPERATOR TEHNICA DE CALCUL": 18, "COAFOR STILIST": 24, "TEHNICIAN DESIGNER VESTIMENTAR": 13, "TEHNICIAN IN HOTELARIE": 3, "TEHNICIAN IN INDUSTRIA TEXTILA": 3, "TEHNICIAN POLIGRAF": 2}, "limba_moderna": {"LIMBA ENGLEZA": 88, "LIMBA FRANCEZA": 5}, "limba_materna": {"LIMBA ROMANA": 93}, "promotie_anterioara": {"NU": 60, "DA": 33}, "materii": {"LIMBA ROMANA": {"medie": 5.816483516483516, "reusita": 84.94623655913979, "cnt": 93}, "GENERAL": {"medie": 6.248484848484851, "reusita": 52.68817204301075, "cnt": 93}, "LOGICA, ARGUMENTARE SI COMUNICARE": {"medie": 7.6107142857142875, "reusita": 92.85714285714286, "cnt": 14}, "GEOGRAFIE": {"medie": 7.4226190476190474, "reusita": 95.34883720930233, "cnt": 43}, "BIOLOGIE VEGETALA SI ANIMALA": {"medie": 4.923214285714286, "reusita": 40.625, "cnt": 32}, "MATEMATICA TEHN": {"medie": 6.173888888888888, "reusita": 77.41935483870968, "cnt": 93}, "FIZICA TEH": {"medie": 7.516666666666666, "reusita": 100.0, "cnt": 3}, "CHIMIE ANORGANICA TEH NIVEL I/II": {"medie": 5.15, "reusita": 100.0, "cnt": 1}}, "nume": "COLEGIUL TEHNIC \"IOAN C. STEFANESCU\", IASI\tIa\u0219i"}