{"specializari": {"INVATATOR - EDUCATOARE": 48, "STIINTE ALE NATURII": 25, "FILOLOGIE": 30}, "limba_moderna": {"LIMBA ENGLEZA": 94, "LIMBA FRANCEZA": 9}, "limba_materna": {"LIMBA ROMANA": 103}, "promotie_anterioara": {"NU": 99, "DA": 4}, "materii": {"LIMBA ROMANA": {"medie": 8.196116504854364, "reusita": 100.0, "cnt": 103}, "GENERAL": {"medie": 8.274919093851137, "reusita": 95.14563106796116, "cnt": 103}, "ISTORIE": {"medie": 7.593333333333333, "reusita": 96.66666666666667, "cnt": 30}, "LOGICA, ARGUMENTARE SI COMUNICARE": {"medie": 8.715909090909092, "reusita": 100.0, "cnt": 22}, "GEOGRAFIE": {"medie": 8.594117647058823, "reusita": 100.0, "cnt": 51}, "CHIMIE ORGANICA TEO NIVEL I/II": {"medie": 9.6, "reusita": 100.0, "cnt": 1}, "MATEMATICA ST-NAT": {"medie": 7.314, "reusita": 96.0, "cnt": 25}, "PSIHOLOGIE": {"medie": 8.775, "reusita": 100.0, "cnt": 4}, "SOCIOLOGIE": {"medie": 6.95, "reusita": 100.0, "cnt": 1}, "ANATOMIE SI FIZIOLOGIE UMANA, GENETICA SI ECOLOGIE UMANA": {"medie": 8.105, "reusita": 100.0, "cnt": 10}, "BIOLOGIE VEGETALA SI ANIMALA": {"medie": 6.983333333333333, "reusita": 83.33333333333334, "cnt": 12}, "MATEMATICA PED": {"medie": 9.108333333333336, "reusita": 100.0, "cnt": 48}, "INFORMATICA SN C/C++": {"medie": 9.175, "reusita": 100.0, "cnt": 2}}, "nume": "COLEGIUL NATIONAL PEDAGOGIC \"DUMITRU PANAITESCU PERPESSICIUS\"\tBr\u0103ila"}