{"specializari": {"TEHNICIAN OPERATOR TEHNICA DE CALCUL": 2, "TEHNICIAN IN SILVICULTURA SI EXPLOATARI FORESTIERE": 1, "TEHNICIAN VETERINAR": 2, "TEHNICIAN ECOLOG SI PROTECTIA CALITATII MEDIULUI": 3, "TEHNICIAN TRANSPORTURI": 3, "TEHNICIAN MECANIC PENTRU INTRETINERE SI REPARATII": 5, "TEHNICIAN IN CONSTRUCTII SI LUCRARI PUBLICE": 2, "TEHNICIAN IN INSTALATII ELECTRICE": 1, "TEHNICIAN ELECTROMECANIC": 2, "TEHNICIAN CHIMIST DE LABORATOR": 1, "TEHNICIAN ELECTROTEHNIST": 1, "MATEMATICA-INFORMATICA": 1}, "limba_moderna": {"LIMBA FRANCEZA": 3, "LIMBA ENGLEZA": 20, "LIMBA RUSA": 1}, "limba_materna": {"LIMBA ROMANA": 24}, "promotie_anterioara": {"DA": 21, "NU": 3}, "materii": {"LIMBA ROMANA": {"medie": 4.622727272727273, "reusita": 54.166666666666664, "cnt": 24}, "MATEMATICA MATE-INFO": {"medie": "-", "reusita": 0.0, "cnt": 1}, "GENERAL": {"medie": 4.958333333333333, "reusita": 4.166666666666666, "cnt": 24}, "ANATOMIE SI FIZIOLOGIE UMANA, GENETICA SI ECOLOGIE UMANA": {"medie": 6.175, "reusita": 100.0, "cnt": 2}, "BIOLOGIE VEGETALA SI ANIMALA": {"medie": 5.119230769230769, "reusita": 60.0, "cnt": 15}, "MATEMATICA TEHN": {"medie": 4.833333333333333, "reusita": 47.82608695652174, "cnt": 23}, "FIZICA TEH": {"medie": 1.5, "reusita": 0.0, "cnt": 6}, "CHIMIE ORGANICA TEH NIVEL I/II": {"medie": "-", "reusita": 0.0, "cnt": 1}}, "nume": "COLEGIUL TEHNIC \"VICEAMIRAL IOAN BALANESCU\" GIURGIU\tGiurgiu"}