{"specializari": {"TEHNICIAN IN TURISM": 31, "TEHNICIAN IN ACTIVITATI ECONOMICE": 288}, "limba_moderna": {"LIMBA ENGLEZA": 313, "LIMBA FRANCEZA": 1, "LIMBA GERMANA MODERNA": 1, "LIMBA RUSA": 4}, "limba_materna": {"LIMBA ROMANA": 319}, "promotie_anterioara": {"NU": 318, "DA": 1}, "materii": {"LIMBA ROMANA": {"medie": 7.70770440251573, "reusita": 99.37304075235109, "cnt": 319}, "GENERAL": {"medie": 8.439832285115317, "reusita": 98.43260188087774, "cnt": 319}, "LOGICA, ARGUMENTARE SI COMUNICARE": {"medie": 8.740526315789474, "reusita": 97.91666666666666, "cnt": 96}, "GEOGRAFIE": {"medie": 8.847014925373141, "reusita": 100.0, "cnt": 201}, "PSIHOLOGIE": {"medie": 8.135714285714286, "reusita": 100.0, "cnt": 14}, "MATEMATICA TEHN": {"medie": 8.863207547169804, "reusita": 99.05956112852664, "cnt": 319}, "ECONOMIE": {"medie": 7.44375, "reusita": 100.0, "cnt": 8}}, "nume": "COLEGIUL ECONOMIC \"V. MADGEARU\"\tBucure\u0219ti"}