{"specializari": {"STIINTE ALE NATURII": 35, "TEHNICIAN IN INSTALATII ELECTRICE": 20, "TEHNICIAN IN GASTRONOMIE": 29, "TEHNICIAN IN HOTELARIE": 16, "TEHNICIAN CHIMIST DE LABORATOR": 12, "TEHNICIAN INSTALATOR PENTRU CONSTRUCTII": 9, "TEHNICIAN MECANIC PENTRU INTRETINERE SI REPARATII": 27, "TEHNICIAN DESENATOR PENTRU CONSTRUCTII SI INSTALATII": 14, "TEHNICIAN IN CONSTRUCTII SI LUCRARI PUBLICE": 4, "TEHNICIAN ELECTROMECANIC": 2, "TEHNICIAN ELECTROTEHNIST": 1}, "limba_moderna": {"LIMBA ENGLEZA": 156, "LIMBA FRANCEZA": 13}, "limba_materna": {"LIMBA ROMANA": 169}, "promotie_anterioara": {"NU": 103, "DA": 66}, "materii": {"LIMBA ROMANA": {"medie": 6.002727272727274, "reusita": 85.79881656804734, "cnt": 169}, "GENERAL": {"medie": 6.078322440087147, "reusita": 46.74556213017752, "cnt": 169}, "LOGICA, ARGUMENTARE SI COMUNICARE": {"medie": 7.35, "reusita": 100.0, "cnt": 4}, "GEOGRAFIE": {"medie": 7.962499999999999, "reusita": 100.0, "cnt": 40}, "MATEMATICA ST-NAT": {"medie": 5.907575757575757, "reusita": 68.57142857142857, "cnt": 35}, "PSIHOLOGIE": {"medie": 7.65, "reusita": 100.0, "cnt": 1}, "ANATOMIE SI FIZIOLOGIE UMANA, GENETICA SI ECOLOGIE UMANA": {"medie": 6.196875, "reusita": 87.5, "cnt": 32}, "BIOLOGIE VEGETALA SI ANIMALA": {"medie": 4.925000000000002, "reusita": 49.333333333333336, "cnt": 75}, "MATEMATICA TEHN": {"medie": 6.067886178861789, "reusita": 76.11940298507463, "cnt": 134}, "FIZICA TEH": {"medie": 5.977777777777778, "reusita": 60.0, "cnt": 10}, "CHIMIE ANORGANICA TEH NIVEL I/II": {"medie": 5.9375, "reusita": 57.14285714285714, "cnt": 7}}, "nume": "COLEGIUL TEHNIC \"MIHAI BRAVU\"\tBucure\u0219ti"}