{"specializari": {"TEHNICIAN IN ACTIVITATI ECONOMICE": 51, "TEHNICIAN IN ACHIZITII SI CONTRACTARI": 21, "TEHNICIAN IN TURISM": 45, "TEHNICIAN IN ADMINISTRATIE": 17, "TEHNICIAN IN ACTIVITATI DE COMERT": 2, "TEHNICIAN IN HOTELARIE": 1}, "limba_moderna": {"LIMBA ENGLEZA": 134, "LIMBA FRANCEZA": 3}, "limba_materna": {"LIMBA ROMANA": 137}, "promotie_anterioara": {"NU": 103, "DA": 34}, "materii": {"LIMBA ROMANA": {"medie": 6.026315789473684, "reusita": 86.13138686131386, "cnt": 137}, "GENERAL": {"medie": 6.377179487179492, "reusita": 60.58394160583942, "cnt": 137}, "LOGICA, ARGUMENTARE SI COMUNICARE": {"medie": 7.359, "reusita": 82.6923076923077, "cnt": 52}, "GEOGRAFIE": {"medie": 7.047560975609757, "reusita": 90.58823529411765, "cnt": 85}, "MATEMATICA TEHN": {"medie": 5.853007518796992, "reusita": 79.56204379562044, "cnt": 137}}, "nume": "COLEGIUL NATIONAL ECONOMIC \"THEODOR COSTESCU\"\tMehedin\u021bi"}