{"specializari": {"INVATATOR - EDUCATOARE": 89, "TEOLOGIE ROMANO-CATOLICA": 30, "EDUCATOR-PUERICULTOR": 25}, "limba_moderna": {"LIMBA FRANCEZA": 10, "LIMBA ENGLEZA": 134}, "limba_materna": {"LIMBA ROMANA": 144}, "promotie_anterioara": {"NU": 142, "DA": 2}, "materii": {"LIMBA ROMANA": {"medie": 7.984027777777775, "reusita": 99.30555555555556, "cnt": 144}, "GENERAL": {"medie": 8.338888888888892, "reusita": 95.83333333333334, "cnt": 144}, "ISTORIE": {"medie": 8.000000000000004, "reusita": 100.0, "cnt": 55}, "LOGICA, ARGUMENTARE SI COMUNICARE": {"medie": 8.964130434782609, "reusita": 97.82608695652173, "cnt": 46}, "GEOGRAFIE": {"medie": 8.573195876288658, "reusita": 100.0, "cnt": 97}, "PSIHOLOGIE": {"medie": 8.6, "reusita": 100.0, "cnt": 1}, "MATEMATICA PED": {"medie": 8.541011235955061, "reusita": 97.75280898876404, "cnt": 89}}, "nume": "COLEGIUL NATIONAL PEDAGOGIC \"VASILE LUPU\", IASI\tIa\u0219i"}