{"specializari": {"STIINTE ALE NATURII": 30, "MATEMATICA-INFORMATICA": 82, "FILOLOGIE": 35, "STIINTE SOCIALE": 39}, "limba_moderna": {"LIMBA ENGLEZA": 175, "LIMBA FRANCEZA": 11}, "limba_materna": {"LIMBA ROMANA": 186}, "promotie_anterioara": {"NU": 178, "DA": 8}, "materii": {"LIMBA ROMANA": {"medie": 6.89865591397849, "reusita": 96.23655913978494, "cnt": 186}, "MATEMATICA MATE-INFO": {"medie": 6.664814814814815, "reusita": 90.2439024390244, "cnt": 82}, "INFORMATICA MI C/C++": {"medie": 8.16, "reusita": 100.0, "cnt": 5}, "GENERAL": {"medie": 7.545135135135137, "reusita": 85.48387096774194, "cnt": 186}, "ISTORIE": {"medie": 7.837162162162163, "reusita": 100.0, "cnt": 74}, "LOGICA, ARGUMENTARE SI COMUNICARE": {"medie": 9.003846153846153, "reusita": 100.0, "cnt": 13}, "CHIMIE ORGANICA TEO NIVEL I/II": {"medie": 9.033999999999999, "reusita": 100.0, "cnt": 25}, "MATEMATICA ST-NAT": {"medie": 8.386666666666667, "reusita": 96.66666666666667, "cnt": 30}, "FIZICA TEO": {"medie": 8.517857142857142, "reusita": 100.0, "cnt": 28}, "GEOGRAFIE": {"medie": 8.716379310344827, "reusita": 100.0, "cnt": 58}, "PSIHOLOGIE": {"medie": 9.3, "reusita": 100.0, "cnt": 1}, "ANATOMIE SI FIZIOLOGIE UMANA, GENETICA SI ECOLOGIE UMANA": {"medie": 6.05, "reusita": 88.88888888888889, "cnt": 9}, "BIOLOGIE VEGETALA SI ANIMALA": {"medie": 7.461363636363638, "reusita": 95.55555555555556, "cnt": 45}, "SOCIOLOGIE": {"medie": 8.8, "reusita": 100.0, "cnt": 1}, "FILOSOFIE": {"medie": 10.0, "reusita": 100.0, "cnt": 1}}, "nume": "COLEGIUL NATIONAL \"GEORGE COSBUC\" MOTRU\tGorj"}