{"specializari": {"MUZICA": 66, "ARTA ACTORULUI": 30}, "limba_moderna": {"LIMBA ENGLEZA": 96}, "limba_materna": {"LIMBA ROMANA": 96}, "promotie_anterioara": {"NU": 90, "DA": 6}, "materii": {"LIMBA ROMANA": {"medie": 7.083510638297871, "reusita": 91.66666666666666, "cnt": 96}, "GENERAL": {"medie": 7.613082437275988, "reusita": 84.375, "cnt": 96}, "ISTORIE": {"medie": 7.569354838709678, "reusita": 95.83333333333334, "cnt": 96}, "LOGICA, ARGUMENTARE SI COMUNICARE": {"medie": 8.415999999999995, "reusita": 98.0, "cnt": 50}, "GEOGRAFIE": {"medie": 7.709302325581397, "reusita": 93.18181818181817, "cnt": 44}, "PSIHOLOGIE": {"medie": 8.5, "reusita": 100.0, "cnt": 1}, "FILOSOFIE": {"medie": "-", "reusita": 0.0, "cnt": 1}}, "nume": "COLEGIUL NATIONAL DE ARTE \"DINU LIPATTI\"\tBucure\u0219ti"}