{"specializari": {"STIINTE SOCIALE": 63, "STIINTE ALE NATURII": 54, "MATEMATICA-INFORMATICA": 28, "FILOLOGIE": 62}, "limba_moderna": {"LIMBA ENGLEZA": 204, "LIMBA FRANCEZA": 3}, "limba_materna": {"LIMBA ROMANA": 207}, "promotie_anterioara": {"NU": 202, "DA": 5}, "materii": {"LIMBA ROMANA": {"medie": 7.412801932367148, "reusita": 96.61835748792271, "cnt": 207}, "MATEMATICA MATE-INFO": {"medie": 7.951785714285714, "reusita": 96.42857142857143, "cnt": 28}, "INFORMATICA MI C/C++": {"medie": 8.25, "reusita": 100.0, "cnt": 15}, "GENERAL": {"medie": 7.447181964573266, "reusita": 83.09178743961353, "cnt": 207}, "ISTORIE": {"medie": 6.8072000000000035, "reusita": 92.80000000000001, "cnt": 125}, "LOGICA, ARGUMENTARE SI COMUNICARE": {"medie": 7.829213483146066, "reusita": 95.50561797752809, "cnt": 89}, "GEOGRAFIE": {"medie": 9.227999999999998, "reusita": 100.0, "cnt": 25}, "FIZICA TEO": {"medie": 9.55, "reusita": 100.0, "cnt": 1}, "CHIMIE ORGANICA TEO NIVEL I/II": {"medie": 9.866666666666667, "reusita": 100.0, "cnt": 3}, "MATEMATICA ST-NAT": {"medie": 6.87037037037037, "reusita": 79.62962962962963, "cnt": 54}, "PSIHOLOGIE": {"medie": 7.8, "reusita": 100.0, "cnt": 1}, "SOCIOLOGIE": {"medie": 7.4125, "reusita": 100.0, "cnt": 8}, "ANATOMIE SI FIZIOLOGIE UMANA, GENETICA SI ECOLOGIE UMANA": {"medie": 7.342372881355932, "reusita": 93.22033898305084, "cnt": 59}, "INFORMATICA SN C/C++": {"medie": 8.850000000000001, "reusita": 100.0, "cnt": 4}, "FILOSOFIE": {"medie": 9.8, "reusita": 100.0, "cnt": 2}}, "nume": "COLEGIUL NATIONAL \"GRIGORE GHICA\" DOROHOI\tBoto\u0219ani"}