{"specializari": {"STIINTE ALE NATURII": 22, "TEHNICIAN IN ACTIVITATI ECONOMICE": 28, "TEHNICIAN ECOLOG SI PROTECTIA CALITATII MEDIULUI": 56, "TEHNICIAN IN ACHIZITII SI CONTRACTARI": 2, "TEHNICIAN DESENATOR PENTRU CONSTRUCTII SI INSTALATII": 1, "TEHNICIAN IN INDUSTRIA MATERIALELOR DE CONSTRUCTII": 1, "TEHNICIAN MECANIC PENTRU INTRETINERE SI REPARATII": 2}, "limba_moderna": {"LIMBA ENGLEZA": 99, "LIMBA FRANCEZA": 13}, "limba_materna": {"LIMBA ROMANA": 112}, "promotie_anterioara": {"NU": 99, "DA": 13}, "materii": {"LIMBA ROMANA": {"medie": 6.622972972972975, "reusita": 93.75, "cnt": 112}, "GENERAL": {"medie": 6.678787878787881, "reusita": 68.75, "cnt": 112}, "LOGICA, ARGUMENTARE SI COMUNICARE": {"medie": 8.6, "reusita": 100.0, "cnt": 1}, "GEOGRAFIE": {"medie": 8.279310344827586, "reusita": 100.0, "cnt": 29}, "FIZICA TEO": {"medie": 7.3, "reusita": 100.0, "cnt": 1}, "CHIMIE ORGANICA TEO NIVEL I/II": {"medie": 10.0, "reusita": 100.0, "cnt": 1}, "MATEMATICA ST-NAT": {"medie": 6.704761904761905, "reusita": 77.27272727272727, "cnt": 22}, "ANATOMIE SI FIZIOLOGIE UMANA, GENETICA SI ECOLOGIE UMANA": {"medie": 6.436986301369862, "reusita": 82.43243243243244, "cnt": 74}, "BIOLOGIE VEGETALA SI ANIMALA": {"medie": 5.85, "reusita": 100.0, "cnt": 2}, "MATEMATICA TEHN": {"medie": 6.244444444444448, "reusita": 83.33333333333334, "cnt": 90}, "FIZICA TEH": {"medie": 8.3, "reusita": 66.66666666666666, "cnt": 3}, "CHIMIE ANORGANICA TEH NIVEL I/II": {"medie": 5.85, "reusita": 100.0, "cnt": 1}}, "nume": "COLEGIUL TEHNIC \"PETRU PONI\", MUNICIPIUL ROMAN\tNeam\u021b"}