{"specializari": {"FILOLOGIE": 29, "STIINTE ALE NATURII": 59, "MATEMATICA-INFORMATICA": 146}, "limba_moderna": {"LIMBA ENGLEZA": 229, "LIMBA FRANCEZA": 5}, "limba_materna": {"LIMBA ROMANA": 234}, "promotie_anterioara": {"NU": 234}, "materii": {"LIMBA ROMANA": {"medie": 8.566025641025638, "reusita": 100.0, "cnt": 234}, "MATEMATICA MATE-INFO": {"medie": 9.01267123287671, "reusita": 100.0, "cnt": 146}, "INFORMATICA MI C/C++": {"medie": 8.753921568627453, "reusita": 98.0392156862745, "cnt": 51}, "GENERAL": {"medie": 8.87913105413105, "reusita": 99.57264957264957, "cnt": 234}, "ISTORIE": {"medie": 8.872413793103446, "reusita": 100.0, "cnt": 29}, "LOGICA, ARGUMENTARE SI COMUNICARE": {"medie": 9.607142857142858, "reusita": 100.0, "cnt": 7}, "CHIMIE ORGANICA TEO NIVEL I/II": {"medie": 9.56578947368421, "reusita": 100.0, "cnt": 38}, "MATEMATICA ST-NAT": {"medie": 9.30593220338983, "reusita": 100.0, "cnt": 59}, "FIZICA TEO": {"medie": 9.124603174603179, "reusita": 100.0, "cnt": 63}, "GEOGRAFIE": {"medie": 9.549999999999999, "reusita": 100.0, "cnt": 3}, "PSIHOLOGIE": {"medie": 9.183333333333334, "reusita": 100.0, "cnt": 3}, "ANATOMIE SI FIZIOLOGIE UMANA, GENETICA SI ECOLOGIE UMANA": {"medie": 8.696590909090911, "reusita": 100.0, "cnt": 44}, "CHIMIE ANORGANICA TEO NIVEL I/II": {"medie": 8.483333333333333, "reusita": 100.0, "cnt": 3}, "BIOLOGIE VEGETALA SI ANIMALA": {"medie": 9.333333333333334, "reusita": 100.0, "cnt": 6}, "SOCIOLOGIE": {"medie": 8.34, "reusita": 100.0, "cnt": 15}, "FILOSOFIE": {"medie": 9.05, "reusita": 100.0, "cnt": 1}}, "nume": "COLEGIUL NATIONAL \"GHEORGHE SINCAI\"\tBucure\u0219ti"}