{"specializari": {"STIINTE ALE NATURII": 56, "MATEMATICA-INFORMATICA": 28, "FILOLOGIE": 28}, "limba_moderna": {"LIMBA ENGLEZA": 110, "LIMBA SPANIOLA": 2}, "limba_materna": {"LIMBA GERMANA": 112}, "promotie_anterioara": {"NU": 112}, "materii": {"LIMBA ROMANA": {"medie": 8.489732142857143, "reusita": 100.0, "cnt": 112}, "MATEMATICA MATE-INFO": {"medie": 9.103571428571426, "reusita": 100.0, "cnt": 28}, "INFORMATICA MI C/C++": {"medie": 9.667857142857143, "reusita": 100.0, "cnt": 14}, "GENERAL": {"medie": 8.762500000000001, "reusita": 100.0, "cnt": 112}, "ISTORIE": {"medie": 7.755357142857143, "reusita": 100.0, "cnt": 28}, "LOGICA, ARGUMENTARE SI COMUNICARE": {"medie": 8.866666666666665, "reusita": 100.0, "cnt": 12}, "CHIMIE ORGANICA TEO NIVEL I/II": {"medie": 9.5625, "reusita": 100.0, "cnt": 4}, "MATEMATICA ST-NAT": {"medie": 9.131249999999998, "reusita": 100.0, "cnt": 56}, "FIZICA TEO": {"medie": 8.754999999999999, "reusita": 100.0, "cnt": 20}, "GEOGRAFIE": {"medie": 8.533333333333333, "reusita": 100.0, "cnt": 15}, "ANATOMIE SI FIZIOLOGIE UMANA, GENETICA SI ECOLOGIE UMANA": {"medie": 9.13913043478261, "reusita": 100.0, "cnt": 23}, "BIOLOGIE VEGETALA SI ANIMALA": {"medie": 9.139285714285716, "reusita": 100.0, "cnt": 14}, "INFORMATICA SN C/C++": {"medie": 7.533333333333335, "reusita": 100.0, "cnt": 9}, "FILOSOFIE": {"medie": 9.3, "reusita": 100.0, "cnt": 1}, "LIMBA GERMANA": {"medie": 8.866071428571427, "reusita": 100.0, "cnt": 112}}, "nume": "COLEGIUL NATIONAL \"SAMUEL VON BRUKENTHAL\" SIBIU\tSibiu"}