{"specializari": {"STIINTE SOCIALE": 31, "STIINTE ALE NATURII": 60, "FILOLOGIE": 61, "MATEMATICA-INFORMATICA": 55}, "limba_moderna": {"LIMBA ENGLEZA": 168, "LIMBA FRANCEZA": 39}, "limba_materna": {"LIMBA ROMANA": 207}, "promotie_anterioara": {"NU": 206, "DA": 1}, "materii": {"LIMBA ROMANA": {"medie": 8.631159420289858, "reusita": 100.0, "cnt": 207}, "MATEMATICA MATE-INFO": {"medie": 8.807272727272728, "reusita": 100.0, "cnt": 55}, "INFORMATICA MI C/C++": {"medie": 8.613636363636363, "reusita": 100.0, "cnt": 22}, "GENERAL": {"medie": 8.721256038647343, "reusita": 99.51690821256038, "cnt": 207}, "ISTORIE": {"medie": 8.532608695652176, "reusita": 100.0, "cnt": 92}, "LOGICA, ARGUMENTARE SI COMUNICARE": {"medie": 8.950704225352114, "reusita": 100.0, "cnt": 71}, "CHIMIE ORGANICA TEO NIVEL I/II": {"medie": 9.082608695652173, "reusita": 100.0, "cnt": 23}, "MATEMATICA ST-NAT": {"medie": 8.885000000000002, "reusita": 100.0, "cnt": 60}, "FIZICA TEO": {"medie": 8.52258064516129, "reusita": 100.0, "cnt": 31}, "GEOGRAFIE": {"medie": 9.122222222222224, "reusita": 100.0, "cnt": 9}, "PSIHOLOGIE": {"medie": 8.375, "reusita": 100.0, "cnt": 4}, "ANATOMIE SI FIZIOLOGIE UMANA, GENETICA SI ECOLOGIE UMANA": {"medie": 8.60217391304348, "reusita": 95.65217391304348, "cnt": 23}, "CHIMIE ANORGANICA TEO NIVEL I/II": {"medie": 8.4, "reusita": 100.0, "cnt": 1}, "BIOLOGIE VEGETALA SI ANIMALA": {"medie": 9.0125, "reusita": 100.0, "cnt": 12}, "SOCIOLOGIE": {"medie": 8.66, "reusita": 100.0, "cnt": 5}, "INFORMATICA SN C/C++": {"medie": 9.466666666666667, "reusita": 100.0, "cnt": 3}, "ECONOMIE": {"medie": 8.983333333333334, "reusita": 100.0, "cnt": 3}}, "nume": "COLEGIUL NATIONAL \"ALEXANDRU IOAN CUZA\", MUNICIPIUL PLOIESTI\tPrahova"}