{"specializari": {"FILOLOGIE": 33, "STIINTE SOCIALE": 34, "STIINTE ALE NATURII": 30, "MATEMATICA-INFORMATICA": 115}, "limba_moderna": {"LIMBA ENGLEZA": 207, "LIMBA GERMANA MODERNA": 5}, "limba_materna": {"LIMBA ROMANA": 212}, "promotie_anterioara": {"NU": 210, "DA": 2}, "materii": {"LIMBA ROMANA": {"medie": 8.547641509433957, "reusita": 99.52830188679245, "cnt": 212}, "MATEMATICA MATE-INFO": {"medie": 9.062173913043479, "reusita": 100.0, "cnt": 115}, "INFORMATICA MI C/C++": {"medie": 9.235714285714288, "reusita": 100.0, "cnt": 35}, "GENERAL": {"medie": 9.042259083728279, "reusita": 98.58490566037736, "cnt": 212}, "ISTORIE": {"medie": 9.391791044776118, "reusita": 100.0, "cnt": 67}, "LOGICA, ARGUMENTARE SI COMUNICARE": {"medie": 9.517567567567568, "reusita": 100.0, "cnt": 37}, "GEOGRAFIE": {"medie": 9.358333333333333, "reusita": 96.0, "cnt": 25}, "FIZICA TEO": {"medie": 9.549137931034481, "reusita": 100.0, "cnt": 58}, "CHIMIE ORGANICA TEO NIVEL I/II": {"medie": 9.4, "reusita": 100.0, "cnt": 16}, "MATEMATICA ST-NAT": {"medie": 9.134999999999996, "reusita": 100.0, "cnt": 30}, "PSIHOLOGIE": {"medie": 7.55, "reusita": 100.0, "cnt": 3}, "ANATOMIE SI FIZIOLOGIE UMANA, GENETICA SI ECOLOGIE UMANA": {"medie": 9.117391304347827, "reusita": 100.0, "cnt": 23}, "BIOLOGIE VEGETALA SI ANIMALA": {"medie": 9.545833333333334, "reusita": 100.0, "cnt": 12}, "INFORMATICA SN C/C++": {"medie": 7.85, "reusita": 100.0, "cnt": 1}, "FILOSOFIE": {"medie": 10.0, "reusita": 100.0, "cnt": 1}, "ECONOMIE": {"medie": 7.9, "reusita": 100.0, "cnt": 1}}, "nume": "COLEGIUL NATIONAL \"UNIREA\" FOCSANI\tVrancea"}