{"specializari": {"MATEMATICA-INFORMATICA": 147, "STIINTE SOCIALE": 33, "STIINTE ALE NATURII": 61}, "limba_moderna": {"LIMBA ENGLEZA": 237, "LIMBA FRANCEZA": 1, "LIMBA GERMANA MODERNA": 3}, "limba_materna": {"LIMBA ROMANA": 241}, "promotie_anterioara": {"NU": 241}, "materii": {"LIMBA ROMANA": {"medie": 8.180672268907559, "reusita": 98.7551867219917, "cnt": 241}, "MATEMATICA MATE-INFO": {"medie": 8.027241379310343, "reusita": 96.5986394557823, "cnt": 147}, "INFORMATICA MI C/C++": {"medie": 8.095000000000004, "reusita": 94.11764705882352, "cnt": 51}, "GENERAL": {"medie": 8.266176470588237, "reusita": 95.0207468879668, "cnt": 241}, "ISTORIE": {"medie": 9.22121212121212, "reusita": 100.0, "cnt": 33}, "LOGICA, ARGUMENTARE SI COMUNICARE": {"medie": 9.039285714285715, "reusita": 100.0, "cnt": 14}, "CHIMIE ORGANICA TEO NIVEL I/II": {"medie": 9.43125, "reusita": 100.0, "cnt": 8}, "MATEMATICA ST-NAT": {"medie": 8.684426229508198, "reusita": 100.0, "cnt": 61}, "FIZICA TEO": {"medie": 9.256250000000001, "reusita": 100.0, "cnt": 8}, "GEOGRAFIE": {"medie": 8.942857142857143, "reusita": 100.0, "cnt": 14}, "PSIHOLOGIE": {"medie": 9.3, "reusita": 100.0, "cnt": 2}, "ANATOMIE SI FIZIOLOGIE UMANA, GENETICA SI ECOLOGIE UMANA": {"medie": 7.9951492537313396, "reusita": 96.32352941176471, "cnt": 136}, "CHIMIE ANORGANICA TEO NIVEL I/II": {"medie": 9.733333333333333, "reusita": 100.0, "cnt": 3}, "BIOLOGIE VEGETALA SI ANIMALA": {"medie": 8.0, "reusita": 100.0, "cnt": 2}, "SOCIOLOGIE": {"medie": 7.349999999999999, "reusita": 100.0, "cnt": 3}}, "nume": "COLEGIUL NATIONAL \"VASILE LUCACIU\" BAIA MARE\tMaramure\u0219"}