{"specializari": {"TEHNICIAN IN GASTRONOMIE": 36, "TEHNICIAN ANALIZE PRODUSE ALIMENTARE": 12, "TEHNICIAN IN INDUSTRIA ALIMENTARA": 17, "TEHNICIAN IN MORARIT, PANIFICATIE SI PRODUSE FAINOASE": 12, "TEHNICIAN IN PRELUCRAREA PRODUSELOR DE ORIGINE ANIMALA": 5, "TEHNICIAN IN IND. ALIM. FERMENTATIVA SI IN PREL. LEGUMELOR SI FRUCTELOR": 1}, "limba_moderna": {"LIMBA ENGLEZA": 75, "LIMBA FRANCEZA": 8}, "limba_materna": {"LIMBA ROMANA": 83}, "promotie_anterioara": {"NU": 61, "DA": 22}, "materii": {"LIMBA ROMANA": {"medie": 6.13148148148148, "reusita": 92.7710843373494, "cnt": 83}, "GENERAL": {"medie": 6.477564102564105, "reusita": 65.06024096385542, "cnt": 83}, "LOGICA, ARGUMENTARE SI COMUNICARE": {"medie": 8.5, "reusita": 100.0, "cnt": 5}, "GEOGRAFIE": {"medie": 7.441935483870969, "reusita": 100.0, "cnt": 31}, "ANATOMIE SI FIZIOLOGIE UMANA, GENETICA SI ECOLOGIE UMANA": {"medie": 5.452272727272727, "reusita": 68.18181818181817, "cnt": 44}, "BIOLOGIE VEGETALA SI ANIMALA": {"medie": 4.975, "reusita": 50.0, "cnt": 2}, "MATEMATICA TEHN": {"medie": 6.829375000000001, "reusita": 90.36144578313254, "cnt": 83}, "CHIMIE ANORGANICA TEH NIVEL I/II": {"medie": 7.55, "reusita": 100.0, "cnt": 1}}, "nume": "COLEGIUL DE INDUSTRIE ALIMENTARA \"ELENA DOAMNA\", LOCALITATEA GALATI\tGala\u021bi"}