{"specializari": {"STIINTE SOCIALE": 59, "TEOLOGIE ROMANO-CATOLICA": 18, "MATEMATICA-INFORMATICA": 46}, "limba_moderna": {"LIMBA ENGLEZA": 122, "LIMBA FRANCEZA": 1}, "limba_materna": {"LIMBA ROMANA": 123}, "promotie_anterioara": {"NU": 118, "DA": 5}, "materii": {"LIMBA ROMANA": {"medie": 7.702845528455285, "reusita": 100.0, "cnt": 123}, "MATEMATICA MATE-INFO": {"medie": 6.4391304347826095, "reusita": 86.95652173913044, "cnt": 46}, "INFORMATICA MI C/C++": {"medie": 6.675, "reusita": 83.33333333333334, "cnt": 12}, "GENERAL": {"medie": 7.755826558265582, "reusita": 91.05691056910568, "cnt": 123}, "ISTORIE": {"medie": 8.080519480519483, "reusita": 98.7012987012987, "cnt": 77}, "LOGICA, ARGUMENTARE SI COMUNICARE": {"medie": 8.82589285714286, "reusita": 100.0, "cnt": 56}, "GEOGRAFIE": {"medie": 8.476470588235294, "reusita": 100.0, "cnt": 17}, "FIZICA TEO": {"medie": 9.35, "reusita": 100.0, "cnt": 1}, "CHIMIE ORGANICA TEO NIVEL I/II": {"medie": 8.475000000000001, "reusita": 100.0, "cnt": 4}, "PSIHOLOGIE": {"medie": 9.45, "reusita": 100.0, "cnt": 4}, "ANATOMIE SI FIZIOLOGIE UMANA, GENETICA SI ECOLOGIE UMANA": {"medie": 7.200000000000001, "reusita": 100.0, "cnt": 4}, "CHIMIE ANORGANICA TEO NIVEL I/II": {"medie": 6.872222222222223, "reusita": 100.0, "cnt": 9}, "BIOLOGIE VEGETALA SI ANIMALA": {"medie": 6.61875, "reusita": 93.75, "cnt": 16}}, "nume": "COLEGIUL NATIONAL CATOLIC \"SF. IOSIF\" BACAU\tBac\u0103u"}