{"specializari": {"STIINTE SOCIALE": 66, "STIINTE ALE NATURII": 96, "MATEMATICA-INFORMATICA": 35, "FILOLOGIE": 34}, "limba_moderna": {"LIMBA FRANCEZA": 5, "LIMBA ENGLEZA": 224, "LIMBA GERMANA MODERNA": 2}, "limba_materna": {"LIMBA ROMANA": 231}, "promotie_anterioara": {"NU": 229, "DA": 2}, "materii": {"LIMBA ROMANA": {"medie": 7.699783549783551, "reusita": 99.13419913419914, "cnt": 231}, "MATEMATICA MATE-INFO": {"medie": 8.355714285714285, "reusita": 100.0, "cnt": 35}, "INFORMATICA MI C/C++": {"medie": 8.253125, "reusita": 100.0, "cnt": 16}, "GENERAL": {"medie": 8.285, "reusita": 96.53679653679653, "cnt": 231}, "ISTORIE": {"medie": 8.548, "reusita": 99.0, "cnt": 100}, "LOGICA, ARGUMENTARE SI COMUNICARE": {"medie": 9.04420289855073, "reusita": 98.57142857142858, "cnt": 70}, "CHIMIE ORGANICA TEO NIVEL I/II": {"medie": 9.004166666666668, "reusita": 100.0, "cnt": 12}, "MATEMATICA ST-NAT": {"medie": 8.7375, "reusita": 100.0, "cnt": 96}, "FIZICA TEO": {"medie": 7.8066666666666675, "reusita": 100.0, "cnt": 30}, "GEOGRAFIE": {"medie": 8.888235294117646, "reusita": 100.0, "cnt": 17}, "PSIHOLOGIE": {"medie": 7.6375, "reusita": 87.5, "cnt": 8}, "ANATOMIE SI FIZIOLOGIE UMANA, GENETICA SI ECOLOGIE UMANA": {"medie": 8.193442622950823, "reusita": 98.36065573770492, "cnt": 61}, "CHIMIE ANORGANICA TEO NIVEL I/II": {"medie": 8.928571428571429, "reusita": 100.0, "cnt": 7}, "BIOLOGIE VEGETALA SI ANIMALA": {"medie": 8.5, "reusita": 100.0, "cnt": 2}, "SOCIOLOGIE": {"medie": 9.0, "reusita": 100.0, "cnt": 1}, "INFORMATICA SN C/C++": {"medie": 8.483333333333333, "reusita": 100.0, "cnt": 3}, "FILOSOFIE": {"medie": 9.266666666666667, "reusita": 100.0, "cnt": 3}, "ECONOMIE": {"medie": 7.45, "reusita": 100.0, "cnt": 1}}, "nume": "COLEGIUL NATIONAL \"MIHAI EMINESCU\" CONSTANTA\tConstan\u021ba"}