{"specializari": {"MATEMATICA-INFORMATICA": 113, "FILOLOGIE": 31, "STIINTE SOCIALE": 31, "STIINTE ALE NATURII": 35}, "limba_moderna": {"LIMBA ENGLEZA": 205, "LIMBA FRANCEZA": 5}, "limba_materna": {"LIMBA ROMANA": 210}, "promotie_anterioara": {"NU": 197, "DA": 13}, "materii": {"LIMBA ROMANA": {"medie": 7.331578947368422, "reusita": 96.66666666666667, "cnt": 210}, "MATEMATICA MATE-INFO": {"medie": 7.0669642857142865, "reusita": 84.070796460177, "cnt": 113}, "INFORMATICA MI C/C++": {"medie": 8.552941176470588, "reusita": 100.0, "cnt": 17}, "GENERAL": {"medie": 7.527214170692436, "reusita": 81.42857142857143, "cnt": 210}, "ISTORIE": {"medie": 8.033870967741938, "reusita": 98.38709677419355, "cnt": 62}, "LOGICA, ARGUMENTARE SI COMUNICARE": {"medie": 8.8, "reusita": 100.0, "cnt": 10}, "CHIMIE ORGANICA TEO NIVEL I/II": {"medie": 9.569999999999999, "reusita": 100.0, "cnt": 5}, "MATEMATICA ST-NAT": {"medie": 5.754411764705884, "reusita": 74.28571428571429, "cnt": 35}, "FIZICA TEO": {"medie": 9.583333333333332, "reusita": 100.0, "cnt": 9}, "GEOGRAFIE": {"medie": 9.080612244897958, "reusita": 100.0, "cnt": 49}, "PSIHOLOGIE": {"medie": 8.275, "reusita": 100.0, "cnt": 2}, "ANATOMIE SI FIZIOLOGIE UMANA, GENETICA SI ECOLOGIE UMANA": {"medie": 8.450000000000001, "reusita": 100.0, "cnt": 8}, "BIOLOGIE VEGETALA SI ANIMALA": {"medie": 7.273364485981312, "reusita": 91.74311926605505, "cnt": 109}, "ECONOMIE": {"medie": 5.55, "reusita": 100.0, "cnt": 1}}, "nume": "COLEGIUL NATIONAL \"VLADIMIR STREINU\" GAESTI\tD\u00e2mbovi\u021ba"}