{"specializari": {"STIINTE ALE NATURII": 54, "MATEMATICA-INFORMATICA": 28, "FILOLOGIE": 62, "STIINTE SOCIALE": 63}, "limba_moderna": {"LIMBA ENGLEZA": 204, "LIMBA FRANCEZA": 3}, "limba_materna": {"LIMBA ROMANA": 207}, "promotie_anterioara": {"NU": 202, "DA": 5}, "materii": {"LIMBA ROMANA": {"medie": 7.391062801932364, "reusita": 96.61835748792271, "cnt": 207}, "MATEMATICA MATE-INFO": {"medie": 7.939285714285715, "reusita": 96.42857142857143, "cnt": 28}, "INFORMATICA MI C/C++": {"medie": 8.246666666666666, "reusita": 100.0, "cnt": 15}, "GENERAL": {"medie": 7.4232689210950085, "reusita": 80.67632850241546, "cnt": 207}, "ISTORIE": {"medie": 6.756000000000003, "reusita": 87.2, "cnt": 125}, "LOGICA, ARGUMENTARE SI COMUNICARE": {"medie": 7.824719101123595, "reusita": 95.50561797752809, "cnt": 89}, "CHIMIE ORGANICA TEO NIVEL I/II": {"medie": 9.866666666666667, "reusita": 100.0, "cnt": 3}, "MATEMATICA ST-NAT": {"medie": 6.8925925925925915, "reusita": 79.62962962962963, "cnt": 54}, "FIZICA TEO": {"medie": 9.55, "reusita": 100.0, "cnt": 1}, "GEOGRAFIE": {"medie": 9.227999999999998, "reusita": 100.0, "cnt": 25}, "PSIHOLOGIE": {"medie": 7.8, "reusita": 100.0, "cnt": 1}, "ANATOMIE SI FIZIOLOGIE UMANA, GENETICA SI ECOLOGIE UMANA": {"medie": 7.266949152542371, "reusita": 94.91525423728814, "cnt": 59}, "SOCIOLOGIE": {"medie": 7.425, "reusita": 100.0, "cnt": 8}, "INFORMATICA SN C/C++": {"medie": 8.850000000000001, "reusita": 100.0, "cnt": 4}, "FILOSOFIE": {"medie": 9.8, "reusita": 100.0, "cnt": 2}}, "nume": "COLEGIUL NATIONAL \"GRIGORE GHICA\" DOROHOI\tBoto\u0219ani"}