{"specializari": {"TEHNICIAN IN ACTIVITATI ECONOMICE": 60, "TEHNICIAN IN ACTIVITATI DE COMERT": 32, "TEHNICIAN IN ADMINISTRATIE": 31, "TEHNICIAN IN TURISM": 30, "TEHNICIAN IN GASTRONOMIE": 27, "TEHNICIAN IN HOTELARIE": 1, "TEHNICIAN MECATRONIST": 1, "TEHNICIAN IN INDUSTRIA ALIMENTARA": 1}, "limba_moderna": {"LIMBA ENGLEZA": 183}, "limba_materna": {"LIMBA ROMANA": 183}, "promotie_anterioara": {"NU": 176, "DA": 7}, "materii": {"LIMBA ROMANA": {"medie": 7.111325966850828, "reusita": 95.62841530054644, "cnt": 183}, "GENERAL": {"medie": 7.6427374301676, "reusita": 90.1639344262295, "cnt": 183}, "LOGICA, ARGUMENTARE SI COMUNICARE": {"medie": 8.021212121212121, "reusita": 93.93939393939394, "cnt": 33}, "GEOGRAFIE": {"medie": 8.115808823529415, "reusita": 96.40287769784173, "cnt": 139}, "PSIHOLOGIE": {"medie": 7.75, "reusita": 100.0, "cnt": 8}, "ANATOMIE SI FIZIOLOGIE UMANA, GENETICA SI ECOLOGIE UMANA": {"medie": 5.75, "reusita": 100.0, "cnt": 1}, "BIOLOGIE VEGETALA SI ANIMALA": {"medie": 6.1, "reusita": 100.0, "cnt": 1}, "MATEMATICA TEHN": {"medie": 7.743055555555559, "reusita": 96.17486338797814, "cnt": 183}, "ECONOMIE": {"medie": 5.15, "reusita": 100.0, "cnt": 1}}, "nume": "COLEGIUL ECONOMIC \"TRANSILVANIA\" TIRGU MURES\tMure\u0219"}