{"specializari": {"TEHNICIAN IN INDUSTRIA ALIMENTARA": 18, "TEHNICIAN ANALIZE PRODUSE ALIMENTARE": 33, "TEHNICIAN ELECTROMECANIC": 2}, "limba_moderna": {"LIMBA ENGLEZA": 52, "LIMBA FRANCEZA": 1}, "limba_materna": {"LIMBA ROMANA": 53}, "promotie_anterioara": {"NU": 31, "DA": 22}, "materii": {"LIMBA ROMANA": {"medie": 5.4872549019607835, "reusita": 84.90566037735849, "cnt": 53}, "GENERAL": {"medie": 5.218478260869565, "reusita": 28.30188679245283, "cnt": 53}, "ANATOMIE SI FIZIOLOGIE UMANA, GENETICA SI ECOLOGIE UMANA": {"medie": 4.945454545454545, "reusita": 47.91666666666667, "cnt": 48}, "BIOLOGIE VEGETALA SI ANIMALA": {"medie": 5.9625, "reusita": 80.0, "cnt": 5}, "MATEMATICA TEHN": {"medie": 4.9530612244897965, "reusita": 56.60377358490566, "cnt": 53}}, "nume": "COLEGIUL TEHNIC DE INDUSTRIE ALIMENTARA \"DUMITRU MOTOC\"\tBucure\u0219ti"}