{"specializari": {"TEHNICIAN OPERATOR TEHNICA DE CALCUL": 27, "TEHNICIAN IN ACTIVITATI DE POSTA": 28, "TEHNICIAN DE TELECOMUNICATII": 26, "TEHNICIAN OPERATOR PROCESARE TEXT IMAGINE": 32, "TEHNICIAN ELECTRONIST": 7, "TEHNICIAN ELECTROTEHNIST": 1, "TEHNICIAN IN AUTOMATIZARI": 1, "TEHNICIAN ELECTROMECANIC": 1}, "limba_moderna": {"LIMBA ENGLEZA": 121, "LIMBA FRANCEZA": 2}, "limba_materna": {"LIMBA ROMANA": 123}, "promotie_anterioara": {"NU": 108, "DA": 15}, "materii": {"LIMBA ROMANA": {"medie": 6.951639344262297, "reusita": 93.4959349593496, "cnt": 123}, "GENERAL": {"medie": 7.40840220385675, "reusita": 86.1788617886179, "cnt": 123}, "LOGICA, ARGUMENTARE SI COMUNICARE": {"medie": 7.85, "reusita": 100.0, "cnt": 10}, "GEOGRAFIE": {"medie": 7.969444444444442, "reusita": 100.0, "cnt": 18}, "BIOLOGIE VEGETALA SI ANIMALA": {"medie": 7.247115384615384, "reusita": 90.38461538461539, "cnt": 52}, "MATEMATICA TEHN": {"medie": 7.885123966942146, "reusita": 93.4959349593496, "cnt": 123}, "FIZICA TEH": {"medie": 7.1203125, "reusita": 81.81818181818183, "cnt": 33}, "CHIMIE ANORGANICA TEH NIVEL I/II": {"medie": 6.63, "reusita": 80.0, "cnt": 10}}, "nume": "COLEGIUL TEHNIC DE COMUNICATII \"AUGUSTIN MAIOR\" CLUJ-NAPOCA\tCluj"}