{"specializari": {"MATEMATICA-INFORMATICA": 31, "STIINTE ALE NATURII": 14, "FILOLOGIE": 26}, "limba_moderna": {"LIMBA ENGLEZA": 70, "LIMBA GERMANA MODERNA": 1}, "limba_materna": {"LIMBA ROMANA": 69, "LIMBA GERMANA": 2}, "promotie_anterioara": {"NU": 67, "DA": 4}, "materii": {"LIMBA ROMANA": {"medie": 6.935915492957745, "reusita": 98.59154929577466, "cnt": 71}, "MATEMATICA MATE-INFO": {"medie": 7.7790322580645155, "reusita": 100.0, "cnt": 31}, "INFORMATICA MI C/C++": {"medie": 7.666666666666668, "reusita": 100.0, "cnt": 15}, "GENERAL": {"medie": 7.555238095238097, "reusita": 91.54929577464789, "cnt": 71}, "ISTORIE": {"medie": 7.198076923076922, "reusita": 96.15384615384616, "cnt": 26}, "LOGICA, ARGUMENTARE SI COMUNICARE": {"medie": 6.3, "reusita": 100.0, "cnt": 1}, "MATEMATICA ST-NAT": {"medie": 7.92142857142857, "reusita": 100.0, "cnt": 14}, "FIZICA TEO": {"medie": 7.65, "reusita": 100.0, "cnt": 1}, "GEOGRAFIE": {"medie": 8.488636363636365, "reusita": 100.0, "cnt": 22}, "PSIHOLOGIE": {"medie": 7.4, "reusita": 100.0, "cnt": 1}, "ANATOMIE SI FIZIOLOGIE UMANA, GENETICA SI ECOLOGIE UMANA": {"medie": 8.327777777777776, "reusita": 100.0, "cnt": 27}, "BIOLOGIE VEGETALA SI ANIMALA": {"medie": 5.0, "reusita": 50.0, "cnt": 2}, "SOCIOLOGIE": {"medie": 6.55, "reusita": 100.0, "cnt": 2}, "LIMBA GERMANA": {"medie": 8.3, "reusita": 100.0, "cnt": 2}}, "nume": "COLEGIUL NATIONAL \"DIACONOVICI TIETZ\" RESITA\tCara\u0219-Severin"}