{"specializari": {"FILOLOGIE": 30, "STIINTE SOCIALE": 61, "STIINTE ALE NATURII": 29, "MATEMATICA-INFORMATICA": 86}, "limba_moderna": {"LIMBA FRANCEZA": 6, "LIMBA ENGLEZA": 200}, "limba_materna": {"LIMBA ROMANA": 206}, "promotie_anterioara": {"NU": 206}, "materii": {"LIMBA ROMANA": {"medie": 8.763106796116514, "reusita": 100.0, "cnt": 206}, "MATEMATICA MATE-INFO": {"medie": 8.451162790697671, "reusita": 100.0, "cnt": 86}, "INFORMATICA MI C/C++": {"medie": 8.451219512195122, "reusita": 100.0, "cnt": 41}, "GENERAL": {"medie": 8.819741100323625, "reusita": 99.02912621359224, "cnt": 206}, "ISTORIE": {"medie": 8.920329670329672, "reusita": 100.0, "cnt": 91}, "LOGICA, ARGUMENTARE SI COMUNICARE": {"medie": 9.166666666666666, "reusita": 98.71794871794873, "cnt": 78}, "CHIMIE ORGANICA TEO NIVEL I/II": {"medie": 9.387500000000001, "reusita": 100.0, "cnt": 16}, "MATEMATICA ST-NAT": {"medie": 9.35344827586207, "reusita": 100.0, "cnt": 29}, "FIZICA TEO": {"medie": 8.354687499999999, "reusita": 96.875, "cnt": 32}, "GEOGRAFIE": {"medie": 9.4, "reusita": 100.0, "cnt": 7}, "PSIHOLOGIE": {"medie": 9.4, "reusita": 100.0, "cnt": 4}, "ANATOMIE SI FIZIOLOGIE UMANA, GENETICA SI ECOLOGIE UMANA": {"medie": 9.516666666666666, "reusita": 100.0, "cnt": 6}, "CHIMIE ANORGANICA TEO NIVEL I/II": {"medie": 8.891666666666667, "reusita": 100.0, "cnt": 6}, "BIOLOGIE VEGETALA SI ANIMALA": {"medie": 9.075, "reusita": 100.0, "cnt": 12}, "SOCIOLOGIE": {"medie": 9.85, "reusita": 100.0, "cnt": 1}, "INFORMATICA SN C/C++": {"medie": 7.9, "reusita": 100.0, "cnt": 2}, "ECONOMIE": {"medie": 8.15, "reusita": 100.0, "cnt": 1}}, "nume": "COLEGIUL NATIONAL \"NICHITA STANESCU\", MUNICIPIUL PLOIESTI\tPrahova"}