{"specializari": {"MATEMATICA-INFORMATICA": 50, "STIINTE ALE NATURII": 32, "FILOLOGIE": 32, "INVATATOR - EDUCATOARE": 12, "EDUCATOR-PUERICULTOR": 9, "STIINTE SOCIALE": 1}, "limba_moderna": {"LIMBA ENGLEZA": 134, "LIMBA GERMANA MODERNA": 1, "LIMBA FRANCEZA": 1}, "limba_materna": {"LIMBA ROMANA": 136}, "promotie_anterioara": {"NU": 130, "DA": 6}, "materii": {"LIMBA ROMANA": {"medie": 8.004074074074076, "reusita": 97.79411764705883, "cnt": 136}, "MATEMATICA MATE-INFO": {"medie": 7.443, "reusita": 94.0, "cnt": 50}, "INFORMATICA MI C/C++": {"medie": 8.174999999999999, "reusita": 100.0, "cnt": 32}, "GENERAL": {"medie": 8.020300751879699, "reusita": 88.97058823529412, "cnt": 136}, "ISTORIE": {"medie": 6.8637500000000005, "reusita": 92.85714285714286, "cnt": 42}, "LOGICA, ARGUMENTARE SI COMUNICARE": {"medie": 8.320833333333333, "reusita": 100.0, "cnt": 24}, "GEOGRAFIE": {"medie": 7.376470588235295, "reusita": 89.47368421052632, "cnt": 19}, "MATEMATICA ST-NAT": {"medie": 8.86875, "reusita": 100.0, "cnt": 32}, "PSIHOLOGIE": {"medie": 8.024999999999999, "reusita": 100.0, "cnt": 4}, "SOCIOLOGIE": {"medie": 7.658333333333334, "reusita": 100.0, "cnt": 6}, "ANATOMIE SI FIZIOLOGIE UMANA, GENETICA SI ECOLOGIE UMANA": {"medie": 9.029166666666667, "reusita": 95.91836734693877, "cnt": 49}, "MATEMATICA PED": {"medie": 7.800000000000001, "reusita": 100.0, "cnt": 12}, "INFORMATICA SN C/C++": {"medie": 8.55, "reusita": 100.0, "cnt": 1}, "ECONOMIE": {"medie": 5.2, "reusita": 100.0, "cnt": 1}}, "nume": "COLEGIUL NATIONAL \"INOCHENTIE MICU CLAIN\" BLAJ\tAlba"}