{"specializari": {"TEHNICIAN IN TURISM": 23, "TEHNICIAN IN ADMINISTRATIE": 27, "TEHNICIAN IN ACTIVITATI ECONOMICE": 2}, "limba_moderna": {"LIMBA ENGLEZA": 52}, "limba_materna": {"LIMBA ROMANA": 52}, "promotie_anterioara": {"NU": 50, "DA": 2}, "materii": {"LIMBA ROMANA": {"medie": 7.084615384615384, "reusita": 96.15384615384616, "cnt": 52}, "GENERAL": {"medie": 7.732051282051281, "reusita": 94.23076923076923, "cnt": 52}, "LOGICA, ARGUMENTARE SI COMUNICARE": {"medie": 8.357142857142858, "reusita": 100.0, "cnt": 7}, "GEOGRAFIE": {"medie": 8.111363636363636, "reusita": 97.72727272727273, "cnt": 44}, "PSIHOLOGIE": {"medie": 9.35, "reusita": 100.0, "cnt": 1}, "MATEMATICA TEHN": {"medie": 7.943269230769232, "reusita": 96.15384615384616, "cnt": 52}}, "nume": "COLEGIUL TEHNOLOGIC \"SPIRU HARET\", MUNICIPIUL PIATRA-NEAMT\tNeam\u021b"}