{"specializari": {"TEHNICIAN IN ACTIVITATI ECONOMICE": 29, "TEHNICIAN IN TURISM": 31, "TEHNICIAN IN SILVICULTURA SI EXPLOATARI FORESTIERE": 92, "TEHNICIAN ECOLOG SI PROTECTIA CALITATII MEDIULUI": 19, "TEHNICIAN IN ADMINISTRATIE": 1, "FILOLOGIE": 1}, "limba_moderna": {"LIMBA ENGLEZA": 163, "LIMBA FRANCEZA": 10}, "limba_materna": {"LIMBA ROMANA": 173}, "promotie_anterioara": {"NU": 138, "DA": 35}, "materii": {"LIMBA ROMANA": {"medie": 6.2321637426900605, "reusita": 86.1271676300578, "cnt": 173}, "GENERAL": {"medie": 6.091468253968251, "reusita": 50.86705202312138, "cnt": 173}, "ISTORIE": {"medie": 3.3, "reusita": 0.0, "cnt": 1}, "LOGICA, ARGUMENTARE SI COMUNICARE": {"medie": 5.877777777777777, "reusita": 70.0, "cnt": 10}, "GEOGRAFIE": {"medie": 7.221875, "reusita": 95.83333333333334, "cnt": 48}, "PSIHOLOGIE": {"medie": 7.275, "reusita": 100.0, "cnt": 4}, "ANATOMIE SI FIZIOLOGIE UMANA, GENETICA SI ECOLOGIE UMANA": {"medie": 5.582547169811323, "reusita": 66.36363636363637, "cnt": 110}, "MATEMATICA TEHN": {"medie": 5.878698224852069, "reusita": 74.4186046511628, "cnt": 172}, "CHIMIE ANORGANICA TEH NIVEL I/II": {"medie": 2.8, "reusita": 0.0, "cnt": 1}}, "nume": "COLEGIUL SILVIC \"BUCOVINA\" CAMPULUNG MOLDOVENESC\tSuceava"}