{"specializari": {"STIINTE ALE NATURII": 58, "MATEMATICA-INFORMATICA": 52, "STIINTE SOCIALE": 77}, "limba_moderna": {"LIMBA ENGLEZA": 147, "LIMBA FRANCEZA": 40}, "limba_materna": {"LIMBA ROMANA": 187}, "promotie_anterioara": {"NU": 187}, "materii": {"LIMBA ROMANA": {"medie": 8.249732620320852, "reusita": 100.0, "cnt": 187}, "MATEMATICA MATE-INFO": {"medie": 9.383653846153846, "reusita": 100.0, "cnt": 52}, "INFORMATICA MI C/C++": {"medie": 9.309999999999999, "reusita": 100.0, "cnt": 10}, "GENERAL": {"medie": 8.824420677361854, "reusita": 98.93048128342245, "cnt": 187}, "ISTORIE": {"medie": 8.925974025974028, "reusita": 98.7012987012987, "cnt": 77}, "LOGICA, ARGUMENTARE SI COMUNICARE": {"medie": 9.325581395348838, "reusita": 100.0, "cnt": 43}, "CHIMIE ORGANICA TEO NIVEL I/II": {"medie": 9.434615384615384, "reusita": 100.0, "cnt": 26}, "MATEMATICA ST-NAT": {"medie": 9.156896551724138, "reusita": 100.0, "cnt": 58}, "FIZICA TEO": {"medie": 9.322413793103447, "reusita": 100.0, "cnt": 29}, "GEOGRAFIE": {"medie": 8.548333333333334, "reusita": 100.0, "cnt": 30}, "ANATOMIE SI FIZIOLOGIE UMANA, GENETICA SI ECOLOGIE UMANA": {"medie": 8.893902439024393, "reusita": 100.0, "cnt": 41}, "BIOLOGIE VEGETALA SI ANIMALA": {"medie": 8.766666666666667, "reusita": 100.0, "cnt": 3}, "SOCIOLOGIE": {"medie": 9.7, "reusita": 100.0, "cnt": 1}, "INFORMATICA SN C/C++": {"medie": 8.0, "reusita": 100.0, "cnt": 1}, "FILOSOFIE": {"medie": 9.8, "reusita": 100.0, "cnt": 1}, "ECONOMIE": {"medie": 8.4, "reusita": 100.0, "cnt": 2}}, "nume": "COLEGIUL NATIONAL \"PETRU RARES\", MUNICIPIUL PIATRA-NEAMT\tNeam\u021b"}