{"specializari": {"TEHNICIAN IN ACTIVITATI ECONOMICE": 29, "TEHNICIAN IN TURISM": 15, "TEHNICIAN IN SILVICULTURA SI EXPLOATARI FORESTIERE": 33, "TEHNICIAN PRELUCRARI PE MASINI CU COMANDA NUMERICA": 14, "TEHNICIAN PROIECTANT CAD": 7, "TEHNICIAN IN INDUSTRIA ALIMENTARA": 1, "TEHNICIAN IN GASTRONOMIE": 1, "TEHNICIAN IN INSTALATII ELECTRICE": 1}, "limba_moderna": {"LIMBA ENGLEZA": 101}, "limba_materna": {"LIMBA ROMANA": 101}, "promotie_anterioara": {"NU": 81, "DA": 20}, "materii": {"LIMBA ROMANA": {"medie": 5.688421052631581, "reusita": 73.26732673267327, "cnt": 101}, "GENERAL": {"medie": 5.68814814814815, "reusita": 39.603960396039604, "cnt": 101}, "LOGICA, ARGUMENTARE SI COMUNICARE": {"medie": 8.458333333333334, "reusita": 91.66666666666666, "cnt": 12}, "GEOGRAFIE": {"medie": 7.2272727272727275, "reusita": 93.93939393939394, "cnt": 33}, "ANATOMIE SI FIZIOLOGIE UMANA, GENETICA SI ECOLOGIE UMANA": {"medie": 5.080303030303031, "reusita": 61.76470588235294, "cnt": 34}, "BIOLOGIE VEGETALA SI ANIMALA": {"medie": 5.434615384615385, "reusita": 36.36363636363637, "cnt": 22}, "MATEMATICA TEHN": {"medie": 5.019565217391303, "reusita": 59.4059405940594, "cnt": 101}}, "nume": "COLEGIUL TEHNIC \"IOAN CIORDAS\" BEIUS\tBihor"}