{"specializari": {"STIINTE ALE NATURII": 74, "MATEMATICA-INFORMATICA": 60, "FILOLOGIE": 29, "STIINTE SOCIALE": 30}, "limba_moderna": {"LIMBA ENGLEZA": 187, "LIMBA GERMANA MODERNA": 1, "LIMBA FRANCEZA": 5}, "limba_materna": {"LIMBA ROMANA": 178, "LIMBA GERMANA": 15}, "promotie_anterioara": {"NU": 193}, "materii": {"LIMBA ROMANA": {"medie": 8.443782383419686, "reusita": 100.0, "cnt": 193}, "MATEMATICA MATE-INFO": {"medie": 9.231666666666673, "reusita": 100.0, "cnt": 60}, "INFORMATICA MI C/C++": {"medie": 9.426136363636365, "reusita": 100.0, "cnt": 44}, "GENERAL": {"medie": 8.690047495682213, "reusita": 96.89119170984456, "cnt": 193}, "ISTORIE": {"medie": 8.390677966101697, "reusita": 100.0, "cnt": 59}, "LOGICA, ARGUMENTARE SI COMUNICARE": {"medie": 8.641428571428573, "reusita": 97.14285714285714, "cnt": 35}, "CHIMIE ORGANICA TEO NIVEL I/II": {"medie": 9.533333333333335, "reusita": 100.0, "cnt": 9}, "MATEMATICA ST-NAT": {"medie": 8.575, "reusita": 97.2972972972973, "cnt": 74}, "FIZICA TEO": {"medie": 9.775, "reusita": 100.0, "cnt": 2}, "GEOGRAFIE": {"medie": 9.066666666666666, "reusita": 100.0, "cnt": 21}, "ANATOMIE SI FIZIOLOGIE UMANA, GENETICA SI ECOLOGIE UMANA": {"medie": 8.496153846153847, "reusita": 97.43589743589743, "cnt": 78}, "SOCIOLOGIE": {"medie": 7.966666666666666, "reusita": 100.0, "cnt": 3}, "INFORMATICA SN C/C++": {"medie": 9.75, "reusita": 100.0, "cnt": 1}, "LIMBA GERMANA": {"medie": 8.273333333333333, "reusita": 100.0, "cnt": 15}}, "nume": "COLEGIUL NATIONAL \"LIVIU REBREANU\" BISTRITA\tBistri\u021ba-N\u0103s\u0103ud"}