{"specializari": {"MATEMATICA-INFORMATICA": 33, "FILOLOGIE": 33, "TEHNICIAN PROIECTANT CAD": 22, "TEHNICIAN INSTALATII DE BORD (AVION)": 20, "TEHNICIAN AVIATIE": 27, "TEHNICIAN MECANIC PENTRU INTRETINERE SI REPARATII": 2, "TEHNICIAN IN INSTALATII ELECTRICE": 7, "TEHNICIAN IN AUTOMATIZARI": 1}, "limba_moderna": {"LIMBA ENGLEZA": 135, "LIMBA FRANCEZA": 10}, "limba_materna": {"LIMBA ROMANA": 145}, "promotie_anterioara": {"NU": 100, "DA": 45}, "materii": {"LIMBA ROMANA": {"medie": 5.805862068965516, "reusita": 86.89655172413792, "cnt": 145}, "MATEMATICA MATE-INFO": {"medie": 5.142424242424242, "reusita": 66.66666666666666, "cnt": 33}, "INFORMATICA MI C/C++": {"medie": 6.320833333333333, "reusita": 91.66666666666666, "cnt": 12}, "GENERAL": {"medie": 5.7625586854460105, "reusita": 39.310344827586206, "cnt": 145}, "ISTORIE": {"medie": 6.70909090909091, "reusita": 93.93939393939394, "cnt": 33}, "LOGICA, ARGUMENTARE SI COMUNICARE": {"medie": 7.5, "reusita": 100.0, "cnt": 4}, "GEOGRAFIE": {"medie": 7.561538461538462, "reusita": 96.15384615384616, "cnt": 26}, "PSIHOLOGIE": {"medie": 7.833333333333333, "reusita": 100.0, "cnt": 3}, "ANATOMIE SI FIZIOLOGIE UMANA, GENETICA SI ECOLOGIE UMANA": {"medie": 5.427272727272728, "reusita": 63.63636363636363, "cnt": 11}, "BIOLOGIE VEGETALA SI ANIMALA": {"medie": 4.863636363636363, "reusita": 47.43589743589743, "cnt": 78}, "MATEMATICA TEHN": {"medie": 5.754545454545454, "reusita": 81.0126582278481, "cnt": 79}, "FIZICA TEH": {"medie": 4.518181818181818, "reusita": 54.54545454545454, "cnt": 11}}, "nume": "COLEGIUL TEHNIC DE AERONAUTICA \"HENRI COANDA\"\tBucure\u0219ti"}