{"specializari": {"TEHNICIAN IN GASTRONOMIE": 18, "TEHNICIAN IN INDUSTRIA ALIMENTARA": 8, "TEHNICIAN ANALIZE PRODUSE ALIMENTARE": 3}, "limba_moderna": {"LIMBA ENGLEZA": 29}, "limba_materna": {"LIMBA ROMANA": 29}, "promotie_anterioara": {"NU": 17, "DA": 12}, "materii": {"LIMBA ROMANA": {"medie": 6.467241379310345, "reusita": 96.55172413793103, "cnt": 29}, "GENERAL": {"medie": 6.795238095238097, "reusita": 62.06896551724138, "cnt": 29}, "LOGICA, ARGUMENTARE SI COMUNICARE": {"medie": 8.725000000000001, "reusita": 85.71428571428571, "cnt": 7}, "GEOGRAFIE": {"medie": 7.527272727272728, "reusita": 100.0, "cnt": 11}, "ANATOMIE SI FIZIOLOGIE UMANA, GENETICA SI ECOLOGIE UMANA": {"medie": 4.942857142857143, "reusita": 42.857142857142854, "cnt": 7}, "BIOLOGIE VEGETALA SI ANIMALA": {"medie": 5.9625, "reusita": 100.0, "cnt": 4}, "MATEMATICA TEHN": {"medie": 6.9827586206896575, "reusita": 93.10344827586206, "cnt": 29}}, "nume": "COLEGIUL TEHNIC \"RALUCA RIPAN\" CLUJ-NAPOCA\tCluj"}