{"specializari": {"TEHNICIAN IN ACTIVITATI ECONOMICE": 64, "TEHNICIAN IN TURISM": 30, "TEHNICIAN IN GASTRONOMIE": 2, "TEHNICIAN IN ACTIVITATI DE COMERT": 3}, "limba_moderna": {"LIMBA ENGLEZA": 97, "LIMBA FRANCEZA": 2}, "limba_materna": {"LIMBA ROMANA": 99}, "promotie_anterioara": {"NU": 91, "DA": 8}, "materii": {"LIMBA ROMANA": {"medie": 7.667171717171712, "reusita": 100.0, "cnt": 99}, "GENERAL": {"medie": 8.227721088435372, "reusita": 94.94949494949495, "cnt": 99}, "LOGICA, ARGUMENTARE SI COMUNICARE": {"medie": 8.767567567567568, "reusita": 100.0, "cnt": 37}, "GEOGRAFIE": {"medie": 8.0275, "reusita": 96.72131147540983, "cnt": 61}, "MATEMATICA TEHN": {"medie": 8.671717171717171, "reusita": 98.98989898989899, "cnt": 99}, "ECONOMIE": {"medie": 5.35, "reusita": 100.0, "cnt": 1}}, "nume": "COLEGIUL ECONOMIC \"IULIAN POP\" CLUJ-NAPOCA\tCluj"}