{"specializari": {"STIINTE ALE NATURII": 91, "MATEMATICA-INFORMATICA": 29}, "limba_moderna": {"LIMBA ENGLEZA": 117, "LIMBA FRANCEZA": 3}, "limba_materna": {"LIMBA ROMANA": 120}, "promotie_anterioara": {"NU": 119, "DA": 1}, "materii": {"LIMBA ROMANA": {"medie": 7.997916666666664, "reusita": 100.0, "cnt": 120}, "MATEMATICA MATE-INFO": {"medie": 8.160344827586208, "reusita": 100.0, "cnt": 29}, "INFORMATICA MI C/C++": {"medie": 7.617857142857142, "reusita": 92.85714285714286, "cnt": 14}, "GENERAL": {"medie": 8.212638888888886, "reusita": 95.83333333333334, "cnt": 120}, "FIZICA TEO": {"medie": 8.41, "reusita": 100.0, "cnt": 5}, "MATEMATICA ST-NAT": {"medie": 8.345054945054946, "reusita": 100.0, "cnt": 91}, "ANATOMIE SI FIZIOLOGIE UMANA, GENETICA SI ECOLOGIE UMANA": {"medie": 8.426530612244894, "reusita": 100.0, "cnt": 98}, "INFORMATICA SN C/C++": {"medie": 8.75, "reusita": 100.0, "cnt": 3}}, "nume": "COLEGIUL NATIONAL \"ANA ASLAN\" TIMISOARA\tTimi\u0219"}