{"specializari": {"FILOLOGIE": 82, "MATEMATICA-INFORMATICA": 30, "STIINTE ALE NATURII": 27, "STIINTE SOCIALE": 30}, "limba_moderna": {"LIMBA ENGLEZA": 140, "LIMBA FRANCEZA": 29}, "limba_materna": {"LIMBA ROMANA": 169}, "promotie_anterioara": {"NU": 159, "DA": 10}, "materii": {"LIMBA ROMANA": {"medie": 6.804491017964067, "reusita": 95.26627218934911, "cnt": 169}, "MATEMATICA MATE-INFO": {"medie": 7.196666666666668, "reusita": 93.33333333333333, "cnt": 30}, "INFORMATICA MI C/C++": {"medie": 7.85, "reusita": 90.0, "cnt": 10}, "GENERAL": {"medie": 7.153393213572855, "reusita": 77.51479289940828, "cnt": 169}, "ISTORIE": {"medie": 6.581696428571427, "reusita": 93.75, "cnt": 112}, "LOGICA, ARGUMENTARE SI COMUNICARE": {"medie": 7.179411764705883, "reusita": 94.11764705882352, "cnt": 17}, "GEOGRAFIE": {"medie": 8.17826086956522, "reusita": 98.91304347826086, "cnt": 92}, "FIZICA TEO": {"medie": 6.316666666666666, "reusita": 66.66666666666666, "cnt": 3}, "CHIMIE ORGANICA TEO NIVEL I/II": {"medie": 8.6, "reusita": 100.0, "cnt": 1}, "MATEMATICA ST-NAT": {"medie": 7.028846153846154, "reusita": 92.5925925925926, "cnt": 27}, "PSIHOLOGIE": {"medie": 7.75, "reusita": 100.0, "cnt": 1}, "SOCIOLOGIE": {"medie": 7.5, "reusita": 100.0, "cnt": 2}, "ANATOMIE SI FIZIOLOGIE UMANA, GENETICA SI ECOLOGIE UMANA": {"medie": 7.68048780487805, "reusita": 100.0, "cnt": 41}, "BIOLOGIE VEGETALA SI ANIMALA": {"medie": "-", "reusita": 0.0, "cnt": 1}, "INFORMATICA SN C/C++": {"medie": 5.6, "reusita": 100.0, "cnt": 1}}, "nume": "COLEGIUL NATIONAL \"COSTACHE NEGRI\" TARGU OCNA\tBac\u0103u"}