{"specializari": {"MATEMATICA-INFORMATICA": 59, "FILOLOGIE": 32, "STIINTE SOCIALE": 31, "STIINTE ALE NATURII": 63}, "limba_moderna": {"LIMBA ENGLEZA": 173, "LIMBA GERMANA MODERNA": 12}, "limba_materna": {"LIMBA ROMANA": 185}, "promotie_anterioara": {"NU": 183, "DA": 2}, "materii": {"LIMBA ROMANA": {"medie": 8.476902173913047, "reusita": 98.91891891891892, "cnt": 185}, "MATEMATICA MATE-INFO": {"medie": 8.903389830508473, "reusita": 98.30508474576271, "cnt": 59}, "INFORMATICA MI C/C++": {"medie": 8.544594594594594, "reusita": 100.0, "cnt": 37}, "GENERAL": {"medie": 8.6679347826087, "reusita": 97.83783783783784, "cnt": 185}, "ISTORIE": {"medie": 8.350806451612902, "reusita": 98.4126984126984, "cnt": 63}, "LOGICA, ARGUMENTARE SI COMUNICARE": {"medie": 9.398780487804874, "reusita": 100.0, "cnt": 41}, "GEOGRAFIE": {"medie": 8.90238095238095, "reusita": 95.45454545454545, "cnt": 22}, "FIZICA TEO": {"medie": 8.049999999999999, "reusita": 100.0, "cnt": 3}, "CHIMIE ORGANICA TEO NIVEL I/II": {"medie": 8.735714285714286, "reusita": 100.0, "cnt": 7}, "MATEMATICA ST-NAT": {"medie": 8.54047619047619, "reusita": 98.4126984126984, "cnt": 63}, "ANATOMIE SI FIZIOLOGIE UMANA, GENETICA SI ECOLOGIE UMANA": {"medie": 9.204166666666667, "reusita": 100.0, "cnt": 24}, "CHIMIE ANORGANICA TEO NIVEL I/II": {"medie": 7.45, "reusita": 100.0, "cnt": 1}, "BIOLOGIE VEGETALA SI ANIMALA": {"medie": 8.98510638297872, "reusita": 100.0, "cnt": 47}, "INFORMATICA SN C/C++": {"medie": 6.483333333333333, "reusita": 100.0, "cnt": 3}}, "nume": "COLEGIUL NATIONAL \"LUCIAN BLAGA\" SEBES\tAlba"}