{"specializari": {"MATEMATICA-INFORMATICA": 24, "FILOLOGIE": 33, "STIINTE ALE NATURII": 47, "STIINTE SOCIALE": 33}, "limba_moderna": {"LIMBA ENGLEZA": 93, "LIMBA FRANCEZA": 44}, "limba_materna": {"LIMBA ROMANA": 137}, "promotie_anterioara": {"NU": 134, "DA": 3}, "materii": {"LIMBA ROMANA": {"medie": 7.347426470588238, "reusita": 94.16058394160584, "cnt": 137}, "MATEMATICA MATE-INFO": {"medie": 8.416666666666666, "reusita": 100.0, "cnt": 24}, "INFORMATICA MI C/C++": {"medie": 8.220454545454546, "reusita": 100.0, "cnt": 22}, "GENERAL": {"medie": 7.663408521303261, "reusita": 82.48175182481752, "cnt": 137}, "ISTORIE": {"medie": 7.151562499999998, "reusita": 87.87878787878788, "cnt": 66}, "LOGICA, ARGUMENTARE SI COMUNICARE": {"medie": 7.716666666666668, "reusita": 100.0, "cnt": 3}, "GEOGRAFIE": {"medie": 7.97241379310345, "reusita": 94.91525423728814, "cnt": 59}, "MATEMATICA ST-NAT": {"medie": 7.3311111111111105, "reusita": 91.48936170212765, "cnt": 47}, "PSIHOLOGIE": {"medie": 9.0, "reusita": 100.0, "cnt": 2}, "SOCIOLOGIE": {"medie": 7.125, "reusita": 100.0, "cnt": 2}, "ANATOMIE SI FIZIOLOGIE UMANA, GENETICA SI ECOLOGIE UMANA": {"medie": 8.275531914893616, "reusita": 93.87755102040816, "cnt": 49}}, "nume": "COLEGIUL NATIONAL \"AVRAM IANCU\" CAMPENI\tAlba"}