{"specializari": {"FILOLOGIE": 132, "STIINTE ALE NATURII": 89, "MATEMATICA-INFORMATICA": 61}, "limba_moderna": {"LIMBA ENGLEZA": 245, "LIMBA FRANCEZA": 22, "LIMBA GERMANA MODERNA": 9, "LIMBA SPANIOLA": 6}, "limba_materna": {"LIMBA ROMANA": 282}, "promotie_anterioara": {"NU": 282}, "materii": {"LIMBA ROMANA": {"medie": 8.36316725978648, "reusita": 99.64539007092199, "cnt": 282}, "MATEMATICA MATE-INFO": {"medie": 8.567213114754095, "reusita": 100.0, "cnt": 61}, "INFORMATICA MI C/C++": {"medie": 8.55344827586207, "reusita": 100.0, "cnt": 29}, "GENERAL": {"medie": 8.667912218268098, "reusita": 98.93617021276596, "cnt": 282}, "ISTORIE": {"medie": 8.6324427480916, "reusita": 98.48484848484848, "cnt": 132}, "LOGICA, ARGUMENTARE SI COMUNICARE": {"medie": 9.449596774193548, "reusita": 99.2, "cnt": 125}, "GEOGRAFIE": {"medie": 8.700000000000001, "reusita": 100.0, "cnt": 3}, "FIZICA TEO": {"medie": 8.613636363636363, "reusita": 100.0, "cnt": 11}, "CHIMIE ORGANICA TEO NIVEL I/II": {"medie": 7.8, "reusita": 100.0, "cnt": 3}, "MATEMATICA ST-NAT": {"medie": 8.590449438202247, "reusita": 100.0, "cnt": 89}, "PSIHOLOGIE": {"medie": 8.8, "reusita": 100.0, "cnt": 1}, "ANATOMIE SI FIZIOLOGIE UMANA, GENETICA SI ECOLOGIE UMANA": {"medie": 8.785714285714281, "reusita": 99.04761904761905, "cnt": 105}, "INFORMATICA SN C/C++": {"medie": 9.475, "reusita": 100.0, "cnt": 2}, "ECONOMIE": {"medie": 8.233333333333333, "reusita": 100.0, "cnt": 3}}, "nume": "COLEGIUL NATIONAL \"ELENA CUZA\" CRAIOVA\tDolj"}