{"specializari": {"FILOLOGIE": 63, "STIINTE ALE NATURII": 63, "MATEMATICA-INFORMATICA": 30, "STIINTE SOCIALE": 30}, "limba_moderna": {"LIMBA ENGLEZA": 183, "LIMBA FRANCEZA": 1, "LIMBA GERMANA MODERNA": 2}, "limba_materna": {"LIMBA ROMANA": 186}, "promotie_anterioara": {"NU": 184, "DA": 2}, "materii": {"LIMBA ROMANA": {"medie": 8.602688172043006, "reusita": 100.0, "cnt": 186}, "MATEMATICA MATE-INFO": {"medie": 8.976666666666667, "reusita": 100.0, "cnt": 30}, "INFORMATICA MI C/C++": {"medie": 8.783333333333335, "reusita": 100.0, "cnt": 21}, "GENERAL": {"medie": 8.93585585585586, "reusita": 98.38709677419355, "cnt": 186}, "ISTORIE": {"medie": 8.766666666666666, "reusita": 100.0, "cnt": 93}, "LOGICA, ARGUMENTARE SI COMUNICARE": {"medie": 9.272499999999999, "reusita": 100.0, "cnt": 80}, "GEOGRAFIE": {"medie": 8.91923076923077, "reusita": 100.0, "cnt": 13}, "FIZICA TEO": {"medie": 8.924999999999999, "reusita": 100.0, "cnt": 8}, "CHIMIE ORGANICA TEO NIVEL I/II": {"medie": 9.38125, "reusita": 100.0, "cnt": 8}, "MATEMATICA ST-NAT": {"medie": 9.381451612903225, "reusita": 98.4126984126984, "cnt": 63}, "ANATOMIE SI FIZIOLOGIE UMANA, GENETICA SI ECOLOGIE UMANA": {"medie": 8.919999999999998, "reusita": 100.0, "cnt": 15}, "CHIMIE ANORGANICA TEO NIVEL I/II": {"medie": 7.3, "reusita": 50.0, "cnt": 2}, "BIOLOGIE VEGETALA SI ANIMALA": {"medie": 9.5359375, "reusita": 96.875, "cnt": 32}, "INFORMATICA SN C/C++": {"medie": 8.635714285714286, "reusita": 100.0, "cnt": 7}}, "nume": "COLEGIUL NATIONAL \"OCTAVIAN GOGA\" SIBIU\tSibiu"}