{"specializari": {"MATEMATICA-INFORMATICA": 56, "STIINTE ALE NATURII": 32, "FILOLOGIE": 103, "STIINTE SOCIALE": 36}, "limba_moderna": {"LIMBA ENGLEZA": 226, "LIMBA FRANCEZA": 1}, "limba_materna": {"LIMBA ROMANA": 227}, "promotie_anterioara": {"NU": 219, "DA": 8}, "materii": {"LIMBA ROMANA": {"medie": 7.4075555555555495, "reusita": 96.0352422907489, "cnt": 227}, "MATEMATICA MATE-INFO": {"medie": 8.82410714285714, "reusita": 100.0, "cnt": 56}, "INFORMATICA MI C/C++": {"medie": 7.75, "reusita": 100.0, "cnt": 2}, "GENERAL": {"medie": 7.915765765765768, "reusita": 88.54625550660793, "cnt": 227}, "ISTORIE": {"medie": 7.676277372262776, "reusita": 94.96402877697841, "cnt": 139}, "LOGICA, ARGUMENTARE SI COMUNICARE": {"medie": 8.858333333333334, "reusita": 100.0, "cnt": 18}, "CHIMIE ORGANICA TEO NIVEL I/II": {"medie": 9.052941176470588, "reusita": 100.0, "cnt": 17}, "MATEMATICA ST-NAT": {"medie": 7.366129032258064, "reusita": 90.625, "cnt": 32}, "FIZICA TEO": {"medie": 8.789743589743589, "reusita": 100.0, "cnt": 39}, "GEOGRAFIE": {"medie": 8.491499999999998, "reusita": 98.0392156862745, "cnt": 102}, "PSIHOLOGIE": {"medie": 8.475, "reusita": 100.0, "cnt": 4}, "ANATOMIE SI FIZIOLOGIE UMANA, GENETICA SI ECOLOGIE UMANA": {"medie": 6.976000000000002, "reusita": 85.18518518518519, "cnt": 27}, "BIOLOGIE VEGETALA SI ANIMALA": {"medie": 3.8, "reusita": 33.33333333333333, "cnt": 3}, "SOCIOLOGIE": {"medie": 7.699999999999999, "reusita": 100.0, "cnt": 15}}, "nume": "COLEGIUL NATIONAL \"ION MAIORESCU\" GIURGIU\tGiurgiu"}