{"specializari": {"TEHNICIAN IN ACTIVITATI ECONOMICE": 120, "TEHNICIAN IN TURISM": 31, "TEHNICIAN IN GASTRONOMIE": 2, "TEHNICIAN IN ACTIVITATI DE COMERT": 1}, "limba_moderna": {"LIMBA ENGLEZA": 150, "LIMBA FRANCEZA": 4}, "limba_materna": {"LIMBA ROMANA": 154}, "promotie_anterioara": {"NU": 148, "DA": 6}, "materii": {"LIMBA ROMANA": {"medie": 7.034090909090909, "reusita": 97.40259740259741, "cnt": 154}, "GENERAL": {"medie": 7.732461873638341, "reusita": 88.31168831168831, "cnt": 154}, "LOGICA, ARGUMENTARE SI COMUNICARE": {"medie": 8.23804347826087, "reusita": 94.56521739130434, "cnt": 92}, "GEOGRAFIE": {"medie": 8.412711864406779, "reusita": 100.0, "cnt": 59}, "PSIHOLOGIE": {"medie": 7.7, "reusita": 100.0, "cnt": 2}, "MATEMATICA TEHN": {"medie": 7.8447712418300695, "reusita": 96.1038961038961, "cnt": 154}, "ECONOMIE": {"medie": 6.6, "reusita": 100.0, "cnt": 1}}, "nume": "COLEGIUL ECONOMIC \"MARIA TEIULEANU\" PITESTI\tArge\u0219"}