{"specializari": {"STIINTE ALE NATURII": 28, "MATEMATICA-INFORMATICA": 28, "FILOLOGIE": 33}, "limba_moderna": {"LIMBA ENGLEZA": 89}, "limba_materna": {"LIMBA ROMANA": 89}, "promotie_anterioara": {"NU": 87, "DA": 2}, "materii": {"LIMBA ROMANA": {"medie": 8.3938202247191, "reusita": 100.0, "cnt": 89}, "MATEMATICA MATE-INFO": {"medie": 8.783928571428572, "reusita": 100.0, "cnt": 28}, "INFORMATICA MI C/C++": {"medie": 8.936363636363636, "reusita": 100.0, "cnt": 11}, "GENERAL": {"medie": 8.206367041198503, "reusita": 94.3820224719101, "cnt": 89}, "ISTORIE": {"medie": 7.216666666666668, "reusita": 96.96969696969697, "cnt": 33}, "LOGICA, ARGUMENTARE SI COMUNICARE": {"medie": 8.498076923076924, "reusita": 92.3076923076923, "cnt": 26}, "FIZICA TEO": {"medie": 9.566666666666666, "reusita": 100.0, "cnt": 3}, "CHIMIE ORGANICA TEO NIVEL I/II": {"medie": 9.75, "reusita": 100.0, "cnt": 1}, "MATEMATICA ST-NAT": {"medie": 7.646428571428571, "reusita": 92.85714285714286, "cnt": 28}, "PSIHOLOGIE": {"medie": 7.0, "reusita": 100.0, "cnt": 1}, "SOCIOLOGIE": {"medie": 7.449999999999999, "reusita": 83.33333333333334, "cnt": 6}, "ANATOMIE SI FIZIOLOGIE UMANA, GENETICA SI ECOLOGIE UMANA": {"medie": 8.206097560975609, "reusita": 100.0, "cnt": 41}}, "nume": "COLEGIUL NATIONAL \"TITU MAIORESCU\" AIUD\tAlba"}