{"specializari": {"TEHNICIAN DESIGNER VESTIMENTAR": 48, "COAFOR STILIST": 24, "TEHNICIAN IN HOTELARIE": 23, "TEHNICIAN IN INDUSTRIA TEXTILA": 3, "ORGANIZATOR BANQUETING": 4, "TEHNICIAN IN TURISM": 1, "TEHNICIAN IN INDUSTRIA PIELARIEI": 1}, "limba_moderna": {"LIMBA ENGLEZA": 100, "LIMBA GERMANA MODERNA": 2, "LIMBA FRANCEZA": 2}, "limba_materna": {"LIMBA ROMANA": 104}, "promotie_anterioara": {"NU": 84, "DA": 20}, "materii": {"LIMBA ROMANA": {"medie": 6.328365384615386, "reusita": 95.1923076923077, "cnt": 104}, "GENERAL": {"medie": 6.466013071895425, "reusita": 60.57692307692307, "cnt": 104}, "LOGICA, ARGUMENTARE SI COMUNICARE": {"medie": 6.445, "reusita": 70.0, "cnt": 10}, "GEOGRAFIE": {"medie": 7.0, "reusita": 95.0, "cnt": 40}, "BIOLOGIE VEGETALA SI ANIMALA": {"medie": 5.904444444444445, "reusita": 78.72340425531915, "cnt": 47}, "MATEMATICA TEHN": {"medie": 6.602403846153846, "reusita": 88.46153846153845, "cnt": 104}, "ECONOMIE": {"medie": 6.925000000000001, "reusita": 100.0, "cnt": 2}, "CHIMIE ANORGANICA TEH NIVEL I/II": {"medie": 5.9625, "reusita": 75.0, "cnt": 4}, "CHIMIE ORGANICA TEH NIVEL I/II": {"medie": 5.0, "reusita": 100.0, "cnt": 1}}, "nume": "COLEGIUL TEHNIC \"MARIA BAIULESCU\" BRASOV\tBra\u0219ov"}