{"specializari": {"STIINTE SOCIALE": 33, "STIINTE ALE NATURII": 92, "FILOLOGIE": 33, "MATEMATICA-INFORMATICA": 49}, "limba_moderna": {"LIMBA ENGLEZA": 206, "LIMBA FRANCEZA": 1}, "limba_materna": {"LIMBA ROMANA": 207}, "promotie_anterioara": {"NU": 207}, "materii": {"LIMBA ROMANA": {"medie": 8.414975845410627, "reusita": 100.0, "cnt": 207}, "MATEMATICA MATE-INFO": {"medie": 8.272448979591838, "reusita": 100.0, "cnt": 49}, "INFORMATICA MI C/C++": {"medie": 8.31304347826087, "reusita": 100.0, "cnt": 23}, "GENERAL": {"medie": 8.52753623188406, "reusita": 99.51690821256038, "cnt": 207}, "ISTORIE": {"medie": 8.686363636363634, "reusita": 100.0, "cnt": 66}, "LOGICA, ARGUMENTARE SI COMUNICARE": {"medie": 9.449999999999998, "reusita": 100.0, "cnt": 42}, "GEOGRAFIE": {"medie": 8.895000000000001, "reusita": 100.0, "cnt": 20}, "FIZICA TEO": {"medie": 8.899999999999999, "reusita": 100.0, "cnt": 33}, "CHIMIE ORGANICA TEO NIVEL I/II": {"medie": 8.175, "reusita": 100.0, "cnt": 2}, "MATEMATICA ST-NAT": {"medie": 8.361413043478262, "reusita": 98.91304347826086, "cnt": 92}, "PSIHOLOGIE": {"medie": 8.6, "reusita": 100.0, "cnt": 3}, "SOCIOLOGIE": {"medie": 9.2, "reusita": 100.0, "cnt": 1}, "ANATOMIE SI FIZIOLOGIE UMANA, GENETICA SI ECOLOGIE UMANA": {"medie": 8.41875, "reusita": 100.0, "cnt": 80}, "BIOLOGIE VEGETALA SI ANIMALA": {"medie": 7.35, "reusita": 100.0, "cnt": 1}, "INFORMATICA SN C/C++": {"medie": 6.949999999999999, "reusita": 100.0, "cnt": 2}}, "nume": "COLEGIUL NATIONAL ALEXANDRU LAHOVARI, MUN. RM. VALCEA\tV\u00e2lcea"}