{"specializari": {"MATEMATICA-INFORMATICA": 96, "STIINTE ALE NATURII": 32, "STIINTE SOCIALE": 30, "FILOLOGIE": 32}, "limba_moderna": {"LIMBA ENGLEZA": 184, "LIMBA GERMANA MODERNA": 3, "LIMBA FRANCEZA": 3}, "limba_materna": {"LIMBA ROMANA": 190}, "promotie_anterioara": {"NU": 190}, "materii": {"LIMBA ROMANA": {"medie": 9.02210526315789, "reusita": 100.0, "cnt": 190}, "MATEMATICA MATE-INFO": {"medie": 9.04166666666667, "reusita": 98.95833333333334, "cnt": 96}, "INFORMATICA MI C/C++": {"medie": 9.3625, "reusita": 100.0, "cnt": 56}, "GENERAL": {"medie": 9.126929824561401, "reusita": 99.47368421052632, "cnt": 190}, "ISTORIE": {"medie": 9.066129032258065, "reusita": 100.0, "cnt": 62}, "LOGICA, ARGUMENTARE SI COMUNICARE": {"medie": 8.784375, "reusita": 100.0, "cnt": 16}, "GEOGRAFIE": {"medie": 9.492424242424244, "reusita": 100.0, "cnt": 33}, "FIZICA TEO": {"medie": 9.044444444444443, "reusita": 100.0, "cnt": 27}, "CHIMIE ORGANICA TEO NIVEL I/II": {"medie": 9.808823529411764, "reusita": 100.0, "cnt": 17}, "MATEMATICA ST-NAT": {"medie": 9.3140625, "reusita": 100.0, "cnt": 32}, "PSIHOLOGIE": {"medie": 9.0, "reusita": 100.0, "cnt": 7}, "SOCIOLOGIE": {"medie": 9.36, "reusita": 100.0, "cnt": 5}, "ANATOMIE SI FIZIOLOGIE UMANA, GENETICA SI ECOLOGIE UMANA": {"medie": 8.956000000000001, "reusita": 100.0, "cnt": 25}, "INFORMATICA SN C/C++": {"medie": 9.35, "reusita": 100.0, "cnt": 3}, "ECONOMIE": {"medie": 9.2, "reusita": 100.0, "cnt": 1}}, "nume": "COLEGIUL NATIONAL \"GRIGORE MOISIL\"\tBucure\u0219ti"}