{"specializari": {"STIINTE ALE NATURII": 74, "MATEMATICA-INFORMATICA": 60, "FILOLOGIE": 29, "STIINTE SOCIALE": 30}, "limba_moderna": {"LIMBA ENGLEZA": 187, "LIMBA GERMANA MODERNA": 1, "LIMBA FRANCEZA": 5}, "limba_materna": {"LIMBA ROMANA": 178, "LIMBA GERMANA": 15}, "promotie_anterioara": {"NU": 193}, "materii": {"LIMBA ROMANA": {"medie": 8.55544041450777, "reusita": 100.0, "cnt": 193}, "MATEMATICA MATE-INFO": {"medie": 9.248333333333337, "reusita": 100.0, "cnt": 60}, "INFORMATICA MI C/C++": {"medie": 9.420454545454547, "reusita": 100.0, "cnt": 44}, "GENERAL": {"medie": 8.743134715025908, "reusita": 97.92746113989638, "cnt": 193}, "ISTORIE": {"medie": 8.38898305084746, "reusita": 100.0, "cnt": 59}, "LOGICA, ARGUMENTARE SI COMUNICARE": {"medie": 8.66714285714286, "reusita": 97.14285714285714, "cnt": 35}, "GEOGRAFIE": {"medie": 9.07857142857143, "reusita": 100.0, "cnt": 21}, "FIZICA TEO": {"medie": 9.775, "reusita": 100.0, "cnt": 2}, "CHIMIE ORGANICA TEO NIVEL I/II": {"medie": 9.533333333333335, "reusita": 100.0, "cnt": 9}, "MATEMATICA ST-NAT": {"medie": 8.597972972972972, "reusita": 98.64864864864865, "cnt": 74}, "SOCIOLOGIE": {"medie": 7.966666666666666, "reusita": 100.0, "cnt": 3}, "ANATOMIE SI FIZIOLOGIE UMANA, GENETICA SI ECOLOGIE UMANA": {"medie": 8.602564102564102, "reusita": 98.71794871794873, "cnt": 78}, "INFORMATICA SN C/C++": {"medie": 9.75, "reusita": 100.0, "cnt": 1}, "LIMBA GERMANA": {"medie": 8.196666666666667, "reusita": 100.0, "cnt": 15}}, "nume": "COLEGIUL NATIONAL \"LIVIU REBREANU\" BISTRITA\tBistri\u021ba-N\u0103s\u0103ud"}