{"specializari": {"MATEMATICA-INFORMATICA": 117}, "limba_moderna": {"LIMBA ENGLEZA": 97, "LIMBA FRANCEZA": 20}, "limba_materna": {"LIMBA ROMANA": 117}, "promotie_anterioara": {"NU": 117}, "materii": {"LIMBA ROMANA": {"medie": 8.713675213675216, "reusita": 100.0, "cnt": 117}, "MATEMATICA MATE-INFO": {"medie": 8.638461538461536, "reusita": 100.0, "cnt": 117}, "INFORMATICA MI C/C++": {"medie": 8.737837837837839, "reusita": 100.0, "cnt": 37}, "GENERAL": {"medie": 8.697008547008547, "reusita": 100.0, "cnt": 117}, "CHIMIE ORGANICA TEO NIVEL I/II": {"medie": 9.4, "reusita": 100.0, "cnt": 7}, "FIZICA TEO": {"medie": 8.723684210526315, "reusita": 100.0, "cnt": 38}, "CHIMIE ANORGANICA TEO NIVEL I/II": {"medie": 8.575, "reusita": 100.0, "cnt": 2}, "BIOLOGIE VEGETALA SI ANIMALA": {"medie": 8.627272727272729, "reusita": 100.0, "cnt": 33}}, "nume": "COLEGIUL NATIONAL MILITAR \"STEFAN CEL MARE\" CAMPULUNG MOLDOVENESC\tSuceava"}