{"specializari": {"FILOLOGIE": 63, "STIINTE ALE NATURII": 63, "MATEMATICA-INFORMATICA": 30, "STIINTE SOCIALE": 30}, "limba_moderna": {"LIMBA ENGLEZA": 183, "LIMBA FRANCEZA": 1, "LIMBA GERMANA MODERNA": 2}, "limba_materna": {"LIMBA ROMANA": 186}, "promotie_anterioara": {"NU": 184, "DA": 2}, "materii": {"LIMBA ROMANA": {"medie": 8.579032258064512, "reusita": 100.0, "cnt": 186}, "MATEMATICA MATE-INFO": {"medie": 8.998333333333333, "reusita": 100.0, "cnt": 30}, "INFORMATICA MI C/C++": {"medie": 8.77857142857143, "reusita": 100.0, "cnt": 21}, "GENERAL": {"medie": 8.920450450450454, "reusita": 98.38709677419355, "cnt": 186}, "ISTORIE": {"medie": 8.726881720430109, "reusita": 100.0, "cnt": 93}, "LOGICA, ARGUMENTARE SI COMUNICARE": {"medie": 9.263749999999998, "reusita": 100.0, "cnt": 80}, "CHIMIE ORGANICA TEO NIVEL I/II": {"medie": 9.381249999999998, "reusita": 100.0, "cnt": 8}, "MATEMATICA ST-NAT": {"medie": 9.381451612903227, "reusita": 98.4126984126984, "cnt": 63}, "FIZICA TEO": {"medie": 8.924999999999999, "reusita": 100.0, "cnt": 8}, "GEOGRAFIE": {"medie": 8.911538461538463, "reusita": 100.0, "cnt": 13}, "ANATOMIE SI FIZIOLOGIE UMANA, GENETICA SI ECOLOGIE UMANA": {"medie": 8.916666666666666, "reusita": 100.0, "cnt": 15}, "CHIMIE ANORGANICA TEO NIVEL I/II": {"medie": 7.375, "reusita": 50.0, "cnt": 2}, "BIOLOGIE VEGETALA SI ANIMALA": {"medie": 9.5359375, "reusita": 96.875, "cnt": 32}, "INFORMATICA SN C/C++": {"medie": 8.592857142857143, "reusita": 100.0, "cnt": 7}}, "nume": "COLEGIUL NATIONAL \"OCTAVIAN GOGA\" SIBIU\tSibiu"}