{"specializari": {"INVATATOR - EDUCATOARE": 83, "STIINTE SOCIALE": 27}, "limba_moderna": {"LIMBA ENGLEZA": 90, "LIMBA FRANCEZA": 20}, "limba_materna": {"LIMBA ROMANA": 110}, "promotie_anterioara": {"NU": 110}, "materii": {"LIMBA ROMANA": {"medie": 8.245, "reusita": 100.0, "cnt": 110}, "GENERAL": {"medie": 8.53469696969697, "reusita": 98.18181818181819, "cnt": 110}, "ISTORIE": {"medie": 8.474074074074075, "reusita": 100.0, "cnt": 27}, "LOGICA, ARGUMENTARE SI COMUNICARE": {"medie": 8.818032786885245, "reusita": 98.36065573770492, "cnt": 61}, "GEOGRAFIE": {"medie": 8.702631578947368, "reusita": 100.0, "cnt": 38}, "PSIHOLOGIE": {"medie": 8.409090909090908, "reusita": 100.0, "cnt": 11}, "MATEMATICA PED": {"medie": 8.669879518072287, "reusita": 98.79518072289156, "cnt": 83}}, "nume": "COLEGIUL NATIONAL PEDAGOGIC \"GHEORGHE LAZAR\" CLUJ-NAPOCA\tCluj"}