{"specializari": {"TEHNICIAN ELECTRICIAN/ELECTRONIST AUTO": 14, "TEHNICIAN TRANSPORTURI": 29, "TEHNICIAN MECATRONIST": 2}, "limba_moderna": {"LIMBA ENGLEZA": 42, "LIMBA FRANCEZA": 3}, "limba_materna": {"LIMBA ROMANA": 45}, "promotie_anterioara": {"NU": 28, "DA": 17}, "materii": {"LIMBA ROMANA": {"medie": 5.707777777777778, "reusita": 77.77777777777779, "cnt": 45}, "GENERAL": {"medie": 5.38062015503876, "reusita": 26.666666666666668, "cnt": 45}, "BIOLOGIE VEGETALA SI ANIMALA": {"medie": 4.939189189189189, "reusita": 43.58974358974359, "cnt": 39}, "MATEMATICA TEHN": {"medie": 5.546590909090909, "reusita": 71.11111111111111, "cnt": 45}, "FIZICA TEH": {"medie": 4.07, "reusita": 40.0, "cnt": 5}, "CHIMIE ANORGANICA TEH NIVEL I/II": {"medie": 6.45, "reusita": 100.0, "cnt": 1}}, "nume": "COLEGIUL TEHNIC AUTO \"TRAIAN VUIA\" FOCSANI\tVrancea"}