{"specializari": {"TEHNICIAN IN ACTIVITATI ECONOMICE": 27, "TEHNICIAN IN ADMINISTRATIE": 18, "TEHNICIAN ECOLOG SI PROTECTIA CALITATII MEDIULUI": 18, "TEHNICIAN IN INDUSTRIA ALIMENTARA": 19, "TEHNICIAN VETERINAR": 8, "TEHNICIAN ANALIZE PRODUSE ALIMENTARE": 20, "TEHNICIAN IN AGROTURISM": 4, "TEHNICIAN IN AGRICULTURA": 2, "TEHNICIAN HIDRO-METEOROLOG": 1}, "limba_moderna": {"LIMBA ENGLEZA": 113, "LIMBA FRANCEZA": 4}, "limba_materna": {"LIMBA ROMANA": 117}, "promotie_anterioara": {"NU": 84, "DA": 33}, "materii": {"LIMBA ROMANA": {"medie": 5.625961538461539, "reusita": 73.50427350427351, "cnt": 117}, "GENERAL": {"medie": 5.646333333333328, "reusita": 32.47863247863248, "cnt": 117}, "GEOGRAFIE": {"medie": 6.867045454545454, "reusita": 90.9090909090909, "cnt": 44}, "PSIHOLOGIE": {"medie": 6.9, "reusita": 100.0, "cnt": 1}, "ANATOMIE SI FIZIOLOGIE UMANA, GENETICA SI ECOLOGIE UMANA": {"medie": 4.930701754385965, "reusita": 41.66666666666667, "cnt": 72}, "MATEMATICA TEHN": {"medie": 5.444554455445546, "reusita": 63.24786324786324, "cnt": 117}}, "nume": "COLEGIUL AGRICOL \"TRAIAN SAVULESCU\" TIRGU MURES\tMure\u0219"}