{"specializari": {"TEHNICIAN ECOLOG SI PROTECTIA CALITATII MEDIULUI": 31, "TEHNICIAN PROIECTANT CAD": 31, "STIINTE ALE NATURII": 30, "ARHITECTURA, ARTE AMBIENTALE SI DESIGN": 27, "TEHNICIAN DESENATOR PENTRU CONSTRUCTII SI INSTALATII": 85, "TEHNICIAN DESIGNER MOBILA SI AMENAJARI INTERIOARE": 26, "TEHNICIAN IN CONSTRUCTII SI LUCRARI PUBLICE": 5, "TEHNICIAN OPERATOR TEHNICA DE CALCUL": 1, "TEHNICIAN TRANSPORTURI": 3, "TEHNICIAN INSTALATOR PENTRU CONSTRUCTII": 1, "FILOLOGIE": 1}, "limba_moderna": {"LIMBA RUSA": 13, "LIMBA ENGLEZA": 223, "LIMBA FRANCEZA": 5}, "limba_materna": {"LIMBA ROMANA": 241}, "promotie_anterioara": {"NU": 205, "DA": 36}, "materii": {"LIMBA ROMANA": {"medie": 6.368987341772151, "reusita": 95.850622406639, "cnt": 241}, "GENERAL": {"medie": 6.635225618631735, "reusita": 63.48547717842323, "cnt": 241}, "ISTORIE": {"medie": 6.77962962962963, "reusita": 96.42857142857143, "cnt": 28}, "LOGICA, ARGUMENTARE SI COMUNICARE": {"medie": 8.9, "reusita": 100.0, "cnt": 1}, "GEOGRAFIE": {"medie": 7.681481481481483, "reusita": 100.0, "cnt": 27}, "FIZICA TEO": {"medie": 7.45, "reusita": 100.0, "cnt": 3}, "CHIMIE ORGANICA TEO NIVEL I/II": {"medie": 6.9750000000000005, "reusita": 100.0, "cnt": 4}, "MATEMATICA ST-NAT": {"medie": 7.9017241379310335, "reusita": 93.33333333333333, "cnt": 30}, "ANATOMIE SI FIZIOLOGIE UMANA, GENETICA SI ECOLOGIE UMANA": {"medie": 6.806818181818183, "reusita": 78.72340425531915, "cnt": 47}, "CHIMIE ANORGANICA TEO NIVEL I/II": {"medie": 8.700000000000001, "reusita": 100.0, "cnt": 3}, "BIOLOGIE VEGETALA SI ANIMALA": {"medie": 5.457425742574261, "reusita": 64.81481481481481, "cnt": 108}, "MATEMATICA TEHN": {"medie": 7.018079096045197, "reusita": 89.61748633879782, "cnt": 183}, "FIZICA TEH": {"medie": 7.264999999999999, "reusita": 92.5, "cnt": 40}, "CHIMIE ANORGANICA TEH NIVEL I/II": {"medie": 4.35625, "reusita": 37.5, "cnt": 8}}, "nume": "COLEGIUL TEHNIC \"GHEORGHE ASACHI\", IASI\tIa\u0219i"}