{"specializari": {"TEHNICIAN IN TURISM": 67, "TEHNICIAN IN ACTIVITATI ECONOMICE": 132}, "limba_moderna": {"LIMBA ENGLEZA": 196, "LIMBA FRANCEZA": 3}, "limba_materna": {"LIMBA ROMANA": 199}, "promotie_anterioara": {"NU": 187, "DA": 12}, "materii": {"LIMBA ROMANA": {"medie": 7.42372448979592, "reusita": 97.48743718592965, "cnt": 199}, "GENERAL": {"medie": 7.684801381692566, "reusita": 88.94472361809045, "cnt": 199}, "LOGICA, ARGUMENTARE SI COMUNICARE": {"medie": 7.780487804878045, "reusita": 92.85714285714286, "cnt": 42}, "GEOGRAFIE": {"medie": 7.969140625000001, "reusita": 96.89922480620154, "cnt": 129}, "PSIHOLOGIE": {"medie": 7.3357142857142845, "reusita": 100.0, "cnt": 21}, "ECONOMIE": {"medie": 5.5928571428571425, "reusita": 71.42857142857143, "cnt": 7}, "MATEMATICA TEHN": {"medie": 7.802061855670105, "reusita": 94.9748743718593, "cnt": 199}}, "nume": "COLEGIUL ECONOMIC \"COSTIN C. KIRITESCU\"\tBucure\u0219ti"}