{"specializari": {"STIINTE ALE NATURII": 88, "FILOLOGIE": 26, "MATEMATICA-INFORMATICA": 54}, "limba_moderna": {"LIMBA ENGLEZA": 88, "LIMBA FRANCEZA": 45, "LIMBA GERMANA MODERNA": 35}, "limba_materna": {"LIMBA ROMANA": 168}, "promotie_anterioara": {"NU": 168}, "materii": {"LIMBA ROMANA": {"medie": 8.89315476190476, "reusita": 100.0, "cnt": 168}, "MATEMATICA MATE-INFO": {"medie": 9.155555555555557, "reusita": 100.0, "cnt": 54}, "INFORMATICA MI C/C++": {"medie": 9.285483870967743, "reusita": 100.0, "cnt": 31}, "GENERAL": {"medie": 9.119047619047617, "reusita": 100.0, "cnt": 168}, "ISTORIE": {"medie": 9.323076923076924, "reusita": 100.0, "cnt": 26}, "LOGICA, ARGUMENTARE SI COMUNICARE": {"medie": 9.328571428571427, "reusita": 100.0, "cnt": 21}, "GEOGRAFIE": {"medie": 8.166666666666666, "reusita": 100.0, "cnt": 3}, "FIZICA TEO": {"medie": 9.441666666666665, "reusita": 100.0, "cnt": 12}, "CHIMIE ORGANICA TEO NIVEL I/II": {"medie": 9.5875, "reusita": 100.0, "cnt": 8}, "MATEMATICA ST-NAT": {"medie": 9.373295454545454, "reusita": 100.0, "cnt": 88}, "ANATOMIE SI FIZIOLOGIE UMANA, GENETICA SI ECOLOGIE UMANA": {"medie": 9.140243902439027, "reusita": 100.0, "cnt": 82}, "CHIMIE ANORGANICA TEO NIVEL I/II": {"medie": 9.19, "reusita": 100.0, "cnt": 5}, "INFORMATICA SN C/C++": {"medie": 8.7375, "reusita": 100.0, "cnt": 4}, "ECONOMIE": {"medie": 5.824999999999999, "reusita": 100.0, "cnt": 2}}, "nume": "COLEGIUL NATIONAL \"DR. IOAN MESOTA\" BRASOV\tBra\u0219ov"}