{"specializari": {"TEHNICIAN IN ACTIVITATI DE COMERT": 32, "TEHNICIAN IN ACTIVITATI ECONOMICE": 60, "TEHNICIAN IN ADMINISTRATIE": 31, "TEHNICIAN IN TURISM": 30, "TEHNICIAN IN GASTRONOMIE": 27, "TEHNICIAN IN HOTELARIE": 1, "TEHNICIAN MECATRONIST": 1, "TEHNICIAN IN INDUSTRIA ALIMENTARA": 1}, "limba_moderna": {"LIMBA ENGLEZA": 183}, "limba_materna": {"LIMBA ROMANA": 183}, "promotie_anterioara": {"NU": 176, "DA": 7}, "materii": {"LIMBA ROMANA": {"medie": 7.100552486187844, "reusita": 95.08196721311475, "cnt": 183}, "GENERAL": {"medie": 7.6499068901303575, "reusita": 90.1639344262295, "cnt": 183}, "LOGICA, ARGUMENTARE SI COMUNICARE": {"medie": 7.984848484848484, "reusita": 93.93939393939394, "cnt": 33}, "GEOGRAFIE": {"medie": 8.139705882352944, "reusita": 97.12230215827337, "cnt": 139}, "PSIHOLOGIE": {"medie": 7.75, "reusita": 100.0, "cnt": 8}, "ANATOMIE SI FIZIOLOGIE UMANA, GENETICA SI ECOLOGIE UMANA": {"medie": 5.75, "reusita": 100.0, "cnt": 1}, "BIOLOGIE VEGETALA SI ANIMALA": {"medie": 6.1, "reusita": 100.0, "cnt": 1}, "ECONOMIE": {"medie": 5.15, "reusita": 100.0, "cnt": 1}, "MATEMATICA TEHN": {"medie": 7.763888888888891, "reusita": 96.72131147540983, "cnt": 183}}, "nume": "COLEGIUL ECONOMIC \"TRANSILVANIA\" TIRGU MURES\tMure\u0219"}