{"specializari": {"TEHNICIAN IN GASTRONOMIE": 32, "TEHNICIAN IN ACTIVITATI ECONOMICE": 23, "TEHNICIAN HORTICULTOR": 19, "TEHNICIAN VETERINAR": 29, "TEHNICIAN PENTRU ANIMALE DE COMPANIE": 1, "TEHNICIAN IN AGRICULTURA": 14}, "limba_moderna": {"LIMBA ENGLEZA": 118}, "limba_materna": {"LIMBA ROMANA": 118}, "promotie_anterioara": {"NU": 95, "DA": 23}, "materii": {"LIMBA ROMANA": {"medie": 5.742272727272728, "reusita": 75.42372881355932, "cnt": 118}, "GENERAL": {"medie": 5.624056603773583, "reusita": 35.59322033898305, "cnt": 118}, "LOGICA, ARGUMENTARE SI COMUNICARE": {"medie": 7.712500000000001, "reusita": 100.0, "cnt": 12}, "GEOGRAFIE": {"medie": 7.026250000000003, "reusita": 97.5, "cnt": 40}, "ANATOMIE SI FIZIOLOGIE UMANA, GENETICA SI ECOLOGIE UMANA": {"medie": 4.353061224489796, "reusita": 41.17647058823529, "cnt": 51}, "BIOLOGIE VEGETALA SI ANIMALA": {"medie": 2.066666666666667, "reusita": 0.0, "cnt": 12}, "MATEMATICA TEHN": {"medie": 5.2324074074074085, "reusita": 59.32203389830508, "cnt": 118}, "ECONOMIE": {"medie": 4.166666666666667, "reusita": 66.66666666666666, "cnt": 3}}, "nume": "COLEGIUL TEHNOLOGIC \"VIACESLAV HARNAJ\"\tBucure\u0219ti"}