{"specializari": {"INVATATOR - EDUCATOARE": 90, "STIINTE SOCIALE": 67, "INSTRUCTOR PENTRU ACTIVITATI EXTRASCOLARE": 27, "FILOLOGIE": 4, "EDUCATOR-PUERICULTOR": 3}, "limba_moderna": {"LIMBA ENGLEZA": 175, "LIMBA GERMANA MODERNA": 15, "LIMBA ITALIANA": 1}, "limba_materna": {"LIMBA ROMANA": 104, "LIMBA MAGHIARA": 87}, "promotie_anterioara": {"NU": 180, "DA": 11}, "materii": {"LIMBA ROMANA": {"medie": 6.255235602094236, "reusita": 84.81675392670157, "cnt": 191}, "GENERAL": {"medie": 7.4669938917975545, "reusita": 79.05759162303664, "cnt": 191}, "ISTORIE": {"medie": 7.187128712871288, "reusita": 95.04950495049505, "cnt": 101}, "LOGICA, ARGUMENTARE SI COMUNICARE": {"medie": 7.851724137931033, "reusita": 96.55172413793103, "cnt": 29}, "GEOGRAFIE": {"medie": 8.182792207792211, "reusita": 100.0, "cnt": 154}, "PSIHOLOGIE": {"medie": 7.340000000000001, "reusita": 100.0, "cnt": 5}, "SOCIOLOGIE": {"medie": 6.775, "reusita": 100.0, "cnt": 2}, "MATEMATICA PED": {"medie": 8.30277777777778, "reusita": 98.88888888888889, "cnt": 90}, "ECONOMIE": {"medie": 6.85, "reusita": 100.0, "cnt": 1}, "LIMBA MAGHIARA (UMAN)": {"medie": 7.785632183908045, "reusita": 100.0, "cnt": 87}}, "nume": "COLEGIUL NATIONAL PEDAGOGIC \"MIHAI EMINESCU\" TIRGU MURES\tMure\u0219"}