{"specializari": {"STIINTE SOCIALE": 31, "MATEMATICA-INFORMATICA": 141, "STIINTE ALE NATURII": 27}, "limba_moderna": {"LIMBA ENGLEZA": 187, "LIMBA GERMANA MODERNA": 12}, "limba_materna": {"LIMBA ROMANA": 199}, "promotie_anterioara": {"NU": 199}, "materii": {"LIMBA ROMANA": {"medie": 8.444974874371859, "reusita": 100.0, "cnt": 199}, "MATEMATICA MATE-INFO": {"medie": 8.626241134751776, "reusita": 98.58156028368793, "cnt": 141}, "INFORMATICA MI C/C++": {"medie": 8.816406249999998, "reusita": 100.0, "cnt": 64}, "GENERAL": {"medie": 8.639698492462305, "reusita": 97.98994974874373, "cnt": 199}, "ISTORIE": {"medie": 9.48225806451613, "reusita": 100.0, "cnt": 31}, "LOGICA, ARGUMENTARE SI COMUNICARE": {"medie": 9.222727272727273, "reusita": 100.0, "cnt": 22}, "CHIMIE ORGANICA TEO NIVEL I/II": {"medie": 9.389999999999999, "reusita": 100.0, "cnt": 15}, "MATEMATICA ST-NAT": {"medie": 8.975925925925926, "reusita": 100.0, "cnt": 27}, "FIZICA TEO": {"medie": 8.868181818181817, "reusita": 100.0, "cnt": 11}, "GEOGRAFIE": {"medie": 9.3375, "reusita": 100.0, "cnt": 8}, "ANATOMIE SI FIZIOLOGIE UMANA, GENETICA SI ECOLOGIE UMANA": {"medie": 8.132666666666669, "reusita": 96.0, "cnt": 75}, "BIOLOGIE VEGETALA SI ANIMALA": {"medie": 8.516666666666667, "reusita": 100.0, "cnt": 3}, "FILOSOFIE": {"medie": 9.0, "reusita": 100.0, "cnt": 1}}, "nume": "COLEGIUL NATIONAL \"GHEORGHE SINCAI\" BAIA MARE\tMaramure\u0219"}