{"specializari": {"FILOLOGIE": 28, "MATEMATICA-INFORMATICA": 48, "STIINTE SOCIALE": 32}, "limba_moderna": {"LIMBA ENGLEZA": 108}, "limba_materna": {"LIMBA ROMANA": 108}, "promotie_anterioara": {"NU": 98, "DA": 10}, "materii": {"LIMBA ROMANA": {"medie": 7.569907407407407, "reusita": 97.22222222222221, "cnt": 108}, "MATEMATICA MATE-INFO": {"medie": 6.3627659574468085, "reusita": 75.0, "cnt": 48}, "INFORMATICA MI C/C++": {"medie": 7.300000000000001, "reusita": 100.0, "cnt": 6}, "GENERAL": {"medie": 7.464330218068534, "reusita": 80.55555555555556, "cnt": 108}, "ISTORIE": {"medie": 7.453333333333333, "reusita": 96.66666666666667, "cnt": 60}, "LOGICA, ARGUMENTARE SI COMUNICARE": {"medie": 8.571874999999999, "reusita": 100.0, "cnt": 16}, "GEOGRAFIE": {"medie": 7.937209302325579, "reusita": 100.0, "cnt": 43}, "PSIHOLOGIE": {"medie": 8.45, "reusita": 100.0, "cnt": 1}, "ANATOMIE SI FIZIOLOGIE UMANA, GENETICA SI ECOLOGIE UMANA": {"medie": 7.402380952380954, "reusita": 88.09523809523809, "cnt": 42}}, "nume": "COLEGIUL NATIONAL \"TEODOR NES\" SALONTA\tBihor"}