{"specializari": {"TEHNICIAN IN ACTIVITATI DE COMERT": 24, "TEHNICIAN ANALIZE PRODUSE ALIMENTARE": 17, "TEHNICIAN IN ACTIVITATI ECONOMICE": 49, "TEHNICIAN IN TURISM": 24, "TEHNICIAN IN GASTRONOMIE": 27, "TEHNICIAN IN ADMINISTRATIE": 30, "TEHNICIAN IN INDUSTRIA ALIMENTARA": 3}, "limba_moderna": {"LIMBA ENGLEZA": 168, "LIMBA FRANCEZA": 6}, "limba_materna": {"LIMBA ROMANA": 174}, "promotie_anterioara": {"NU": 154, "DA": 20}, "materii": {"LIMBA ROMANA": {"medie": 7.361271676300578, "reusita": 97.70114942528735, "cnt": 174}, "GENERAL": {"medie": 6.965116279069764, "reusita": 77.58620689655173, "cnt": 174}, "LOGICA, ARGUMENTARE SI COMUNICARE": {"medie": 7.257142857142858, "reusita": 92.85714285714286, "cnt": 14}, "GEOGRAFIE": {"medie": 7.030223880597016, "reusita": 96.26865671641791, "cnt": 134}, "PSIHOLOGIE": {"medie": 7.975, "reusita": 100.0, "cnt": 2}, "ANATOMIE SI FIZIOLOGIE UMANA, GENETICA SI ECOLOGIE UMANA": {"medie": 6.392105263157895, "reusita": 84.21052631578947, "cnt": 19}, "MATEMATICA TEHN": {"medie": 6.501453488372092, "reusita": 85.0574712643678, "cnt": 174}, "ECONOMIE": {"medie": 6.8125, "reusita": 100.0, "cnt": 4}, "CHIMIE ANORGANICA TEH NIVEL I/II": {"medie": 7.65, "reusita": 100.0, "cnt": 1}}, "nume": "COLEGIUL ECONOMIC, MUN. RM. VALCEA\tV\u00e2lcea"}