{"specializari": {"MATEMATICA-INFORMATICA": 112, "STIINTE ALE NATURII": 56, "STIINTE SOCIALE": 32, "FILOLOGIE": 31}, "limba_moderna": {"LIMBA ENGLEZA": 223, "LIMBA FRANCEZA": 6, "LIMBA SPANIOLA": 2}, "limba_materna": {"LIMBA ROMANA": 231}, "promotie_anterioara": {"NU": 230, "DA": 1}, "materii": {"LIMBA ROMANA": {"medie": 8.690909090909088, "reusita": 100.0, "cnt": 231}, "MATEMATICA MATE-INFO": {"medie": 9.353125, "reusita": 100.0, "cnt": 112}, "INFORMATICA MI C/C++": {"medie": 8.759090909090908, "reusita": 100.0, "cnt": 55}, "GENERAL": {"medie": 8.928715728715728, "reusita": 99.56709956709958, "cnt": 231}, "ISTORIE": {"medie": 8.567460317460316, "reusita": 100.0, "cnt": 63}, "LOGICA, ARGUMENTARE SI COMUNICARE": {"medie": 9.218965517241383, "reusita": 100.0, "cnt": 58}, "CHIMIE ORGANICA TEO NIVEL I/II": {"medie": 9.141304347826088, "reusita": 100.0, "cnt": 23}, "MATEMATICA ST-NAT": {"medie": 9.244642857142859, "reusita": 100.0, "cnt": 56}, "FIZICA TEO": {"medie": 9.1359375, "reusita": 96.875, "cnt": 32}, "GEOGRAFIE": {"medie": 8.75, "reusita": 100.0, "cnt": 2}, "PSIHOLOGIE": {"medie": 9.033333333333333, "reusita": 100.0, "cnt": 3}, "ANATOMIE SI FIZIOLOGIE UMANA, GENETICA SI ECOLOGIE UMANA": {"medie": 8.841071428571428, "reusita": 100.0, "cnt": 56}, "INFORMATICA SN C/C++": {"medie": 8.125, "reusita": 100.0, "cnt": 2}}, "nume": "COLEGIUL NATIONAL \"MIHAI EMINESCU\" BOTOSANI\tBoto\u0219ani"}