{"specializari": {"MATEMATICA-INFORMATICA": 115}, "limba_moderna": {"LIMBA ENGLEZA": 115}, "limba_materna": {"LIMBA ROMANA": 115}, "promotie_anterioara": {"NU": 115}, "materii": {"LIMBA ROMANA": {"medie": 8.884347826086957, "reusita": 100.0, "cnt": 115}, "MATEMATICA MATE-INFO": {"medie": 9.126086956521737, "reusita": 100.0, "cnt": 115}, "INFORMATICA MI C/C++": {"medie": 8.621428571428574, "reusita": 100.0, "cnt": 21}, "GENERAL": {"medie": 9.049130434782608, "reusita": 100.0, "cnt": 115}, "FIZICA TEO": {"medie": 9.315441176470586, "reusita": 100.0, "cnt": 68}, "CHIMIE ORGANICA TEO NIVEL I/II": {"medie": 9.025, "reusita": 100.0, "cnt": 2}, "BIOLOGIE VEGETALA SI ANIMALA": {"medie": 9.091666666666667, "reusita": 100.0, "cnt": 24}}, "nume": "COLEGIUL NATIONAL MILITAR \"MIHAI VITEAZUL\" ALBA IULIA\tAlba"}