{"specializari": {"FILOLOGIE": 33, "INVATATOR - EDUCATOARE": 51, "STIINTE ALE NATURII": 27, "MATEMATICA-INFORMATICA": 28, "STIINTE SOCIALE": 2}, "limba_moderna": {"LIMBA ENGLEZA": 137, "LIMBA FRANCEZA": 4}, "limba_materna": {"LIMBA ROMANA": 141}, "promotie_anterioara": {"NU": 139, "DA": 2}, "materii": {"LIMBA ROMANA": {"medie": 8.237588652482273, "reusita": 99.29078014184397, "cnt": 141}, "MATEMATICA MATE-INFO": {"medie": 8.562500000000002, "reusita": 100.0, "cnt": 28}, "INFORMATICA MI C/C++": {"medie": 8.127777777777778, "reusita": 100.0, "cnt": 9}, "GENERAL": {"medie": 8.618321513002364, "reusita": 98.58156028368793, "cnt": 141}, "ISTORIE": {"medie": 8.578571428571426, "reusita": 97.14285714285714, "cnt": 35}, "LOGICA, ARGUMENTARE SI COMUNICARE": {"medie": 8.941666666666666, "reusita": 100.0, "cnt": 12}, "GEOGRAFIE": {"medie": 8.887288135593217, "reusita": 98.30508474576271, "cnt": 59}, "FIZICA TEO": {"medie": 9.05625, "reusita": 100.0, "cnt": 8}, "CHIMIE ORGANICA TEO NIVEL I/II": {"medie": 9.525, "reusita": 100.0, "cnt": 8}, "MATEMATICA ST-NAT": {"medie": 8.974074074074075, "reusita": 100.0, "cnt": 27}, "PSIHOLOGIE": {"medie": 8.973076923076922, "reusita": 100.0, "cnt": 13}, "SOCIOLOGIE": {"medie": 8.8, "reusita": 100.0, "cnt": 2}, "ANATOMIE SI FIZIOLOGIE UMANA, GENETICA SI ECOLOGIE UMANA": {"medie": 8.974074074074073, "reusita": 100.0, "cnt": 27}, "MATEMATICA PED": {"medie": 8.730392156862747, "reusita": 100.0, "cnt": 51}, "INFORMATICA SN C/C++": {"medie": 8.833333333333334, "reusita": 100.0, "cnt": 3}}, "nume": "COLEGIUL NATIONAL PEDAGOGIC \"CONSTANTIN CANTACUZINO\" TARGOVISTE\tD\u00e2mbovi\u021ba"}