{"specializari": {"STIINTE SOCIALE": 31, "STIINTE ALE NATURII": 33, "FILOLOGIE": 32, "MATEMATICA-INFORMATICA": 50}, "limba_moderna": {"LIMBA ENGLEZA": 145, "LIMBA FRANCEZA": 1}, "limba_materna": {"LIMBA ROMANA": 146}, "promotie_anterioara": {"NU": 144, "DA": 2}, "materii": {"LIMBA ROMANA": {"medie": 8.059999999999995, "reusita": 97.94520547945206, "cnt": 146}, "MATEMATICA MATE-INFO": {"medie": 7.571428571428571, "reusita": 96.0, "cnt": 50}, "INFORMATICA MI C/C++": {"medie": 8.46875, "reusita": 100.0, "cnt": 8}, "GENERAL": {"medie": 8.205092592592589, "reusita": 93.83561643835617, "cnt": 146}, "ISTORIE": {"medie": 7.833333333333337, "reusita": 95.23809523809523, "cnt": 63}, "LOGICA, ARGUMENTARE SI COMUNICARE": {"medie": 8.88679245283019, "reusita": 98.14814814814815, "cnt": 54}, "CHIMIE ORGANICA TEO NIVEL I/II": {"medie": 7.275, "reusita": 100.0, "cnt": 2}, "MATEMATICA ST-NAT": {"medie": 9.154545454545454, "reusita": 100.0, "cnt": 33}, "FIZICA TEO": {"medie": 9.1, "reusita": 100.0, "cnt": 18}, "GEOGRAFIE": {"medie": 8.407142857142857, "reusita": 100.0, "cnt": 7}, "PSIHOLOGIE": {"medie": 7.875, "reusita": 100.0, "cnt": 2}, "ANATOMIE SI FIZIOLOGIE UMANA, GENETICA SI ECOLOGIE UMANA": {"medie": 7.923636363636363, "reusita": 100.0, "cnt": 55}}, "nume": "COLEGIUL DOBROGEAN \"SPIRU HARET\" TULCEA\tTulcea"}