{"specializari": {"STIINTE ALE NATURII": 86}, "limba_moderna": {"LIMBA ENGLEZA": 83, "LIMBA FRANCEZA": 3}, "limba_materna": {"LIMBA ROMANA": 86}, "promotie_anterioara": {"NU": 84, "DA": 2}, "materii": {"LIMBA ROMANA": {"medie": 7.772674418604652, "reusita": 100.0, "cnt": 86}, "GENERAL": {"medie": 8.214922480620153, "reusita": 97.67441860465115, "cnt": 86}, "CHIMIE ORGANICA TEO NIVEL I/II": {"medie": 9.242857142857144, "reusita": 100.0, "cnt": 7}, "MATEMATICA ST-NAT": {"medie": 8.344767441860466, "reusita": 98.83720930232558, "cnt": 86}, "FIZICA TEO": {"medie": 8.070833333333335, "reusita": 100.0, "cnt": 12}, "ANATOMIE SI FIZIOLOGIE UMANA, GENETICA SI ECOLOGIE UMANA": {"medie": 8.587903225806453, "reusita": 100.0, "cnt": 62}, "BIOLOGIE VEGETALA SI ANIMALA": {"medie": 8.475, "reusita": 100.0, "cnt": 2}, "INFORMATICA SN C/C++": {"medie": 7.466666666666666, "reusita": 100.0, "cnt": 3}}, "nume": "COLEGIUL NATIONAL \"ANA ASLAN\"\tBr\u0103ila"}