{"specializari": {"STIINTE ALE NATURII": 30, "FILOLOGIE": 65, "MATEMATICA-INFORMATICA": 108}, "limba_moderna": {"LIMBA ENGLEZA": 198, "LIMBA FRANCEZA": 4, "LIMBA GERMANA MODERNA": 1}, "limba_materna": {"LIMBA ROMANA": 203}, "promotie_anterioara": {"NU": 201, "DA": 2}, "materii": {"LIMBA ROMANA": {"medie": 8.09088669950739, "reusita": 99.50738916256158, "cnt": 203}, "MATEMATICA MATE-INFO": {"medie": 8.321296296296298, "reusita": 99.07407407407408, "cnt": 108}, "INFORMATICA MI C/C++": {"medie": 7.791249999999998, "reusita": 95.0, "cnt": 40}, "GENERAL": {"medie": 8.269389438943893, "reusita": 96.55172413793103, "cnt": 203}, "ISTORIE": {"medie": 8.653076923076924, "reusita": 100.0, "cnt": 65}, "LOGICA, ARGUMENTARE SI COMUNICARE": {"medie": 9.04, "reusita": 100.0, "cnt": 20}, "CHIMIE ORGANICA TEO NIVEL I/II": {"medie": 9.143333333333334, "reusita": 100.0, "cnt": 15}, "MATEMATICA ST-NAT": {"medie": 8.343333333333332, "reusita": 100.0, "cnt": 30}, "FIZICA TEO": {"medie": 8.414285714285713, "reusita": 100.0, "cnt": 28}, "GEOGRAFIE": {"medie": 8.806818181818182, "reusita": 100.0, "cnt": 22}, "PSIHOLOGIE": {"medie": 9.25, "reusita": 100.0, "cnt": 5}, "ANATOMIE SI FIZIOLOGIE UMANA, GENETICA SI ECOLOGIE UMANA": {"medie": 7.860185185185187, "reusita": 100.0, "cnt": 54}, "BIOLOGIE VEGETALA SI ANIMALA": {"medie": "-", "reusita": 0.0, "cnt": 1}, "SOCIOLOGIE": {"medie": 7.5600000000000005, "reusita": 100.0, "cnt": 10}, "ECONOMIE": {"medie": 8.15625, "reusita": 100.0, "cnt": 8}}, "nume": "COLEGIUL NATIONAL \"MIHAI EMINESCU\"\tBucure\u0219ti"}