{"specializari": {"TEHNICIAN IN TURISM": 52, "TEHNICIAN IN INDUSTRIA TEXTILA": 2, "TEHNICIAN DESIGNER VESTIMENTAR": 4}, "limba_moderna": {"LIMBA ENGLEZA": 58}, "limba_materna": {"LIMBA ROMANA": 58}, "promotie_anterioara": {"NU": 43, "DA": 15}, "materii": {"LIMBA ROMANA": {"medie": 6.256140350877194, "reusita": 87.93103448275862, "cnt": 58}, "GENERAL": {"medie": 6.764197530864198, "reusita": 74.13793103448276, "cnt": 58}, "LOGICA, ARGUMENTARE SI COMUNICARE": {"medie": 8.05, "reusita": 100.0, "cnt": 1}, "GEOGRAFIE": {"medie": 7.76, "reusita": 100.0, "cnt": 50}, "PSIHOLOGIE": {"medie": 7.6, "reusita": 100.0, "cnt": 1}, "ANATOMIE SI FIZIOLOGIE UMANA, GENETICA SI ECOLOGIE UMANA": {"medie": 3.2, "reusita": 0.0, "cnt": 2}, "BIOLOGIE VEGETALA SI ANIMALA": {"medie": 5.0, "reusita": 50.0, "cnt": 2}, "MATEMATICA TEHN": {"medie": 6.387037037037036, "reusita": 86.20689655172413, "cnt": 58}, "FIZICA TEH": {"medie": 4.2, "reusita": 0.0, "cnt": 2}}, "nume": "COLEGIUL DE SERVICII IN TURISM \"NAPOCA\" CLUJ-NAPOCA\tCluj"}