{"specializari": {"TEHNICIAN IN ACTIVITATI ECONOMICE": 40, "TEHNICIAN IN ADMINISTRATIE": 7, "TEHNICIAN IN GASTRONOMIE": 11, "TEHNICIAN IN TURISM": 10, "MATEMATICA-INFORMATICA": 2, "TEHNICIAN IN ACTIVITATI DE COMERT": 1}, "limba_moderna": {"LIMBA ENGLEZA": 70, "LIMBA FRANCEZA": 1}, "limba_materna": {"LIMBA ROMANA": 71}, "promotie_anterioara": {"NU": 50, "DA": 21}, "materii": {"LIMBA ROMANA": {"medie": 5.54927536231884, "reusita": 78.87323943661971, "cnt": 71}, "MATEMATICA MATE-INFO": {"medie": 5.15, "reusita": 50.0, "cnt": 2}, "GENERAL": {"medie": 5.863131313131312, "reusita": 42.25352112676056, "cnt": 71}, "GEOGRAFIE": {"medie": 7.253846153846153, "reusita": 92.5, "cnt": 40}, "PSIHOLOGIE": {"medie": 5.819642857142858, "reusita": 72.41379310344827, "cnt": 29}, "BIOLOGIE VEGETALA SI ANIMALA": {"medie": 6.2, "reusita": 100.0, "cnt": 1}, "MATEMATICA TEHN": {"medie": 5.403076923076922, "reusita": 63.76811594202898, "cnt": 69}, "INFORMATICA MI PASCAL": {"medie": "-", "reusita": 0.0, "cnt": 1}}, "nume": "COLEGIUL ECONOMIC CALARASI\tC\u0103l\u0103ra\u0219i"}