{"specializari": {"STIINTE ALE NATURII": 15, "STIINTE SOCIALE": 15, "MATEMATICA-INFORMATICA": 11}, "limba_moderna": {"LIMBA ENGLEZA": 39, "LIMBA EBRAICA": 1, "LIMBA GERMANA MODERNA": 1}, "limba_materna": {"LIMBA ROMANA": 41}, "promotie_anterioara": {"NU": 41}, "materii": {"LIMBA ROMANA": {"medie": 8.689024390243903, "reusita": 100.0, "cnt": 41}, "MATEMATICA MATE-INFO": {"medie": 9.077272727272726, "reusita": 100.0, "cnt": 11}, "INFORMATICA MI C/C++": {"medie": 9.485714285714284, "reusita": 100.0, "cnt": 7}, "GENERAL": {"medie": 9.103252032520327, "reusita": 100.0, "cnt": 41}, "ISTORIE": {"medie": 9.32, "reusita": 100.0, "cnt": 15}, "LOGICA, ARGUMENTARE SI COMUNICARE": {"medie": 8.99, "reusita": 100.0, "cnt": 5}, "FIZICA TEO": {"medie": 9.075000000000001, "reusita": 100.0, "cnt": 6}, "CHIMIE ORGANICA TEO NIVEL I/II": {"medie": 9.85, "reusita": 100.0, "cnt": 1}, "MATEMATICA ST-NAT": {"medie": 9.566666666666668, "reusita": 100.0, "cnt": 15}, "PSIHOLOGIE": {"medie": 9.2375, "reusita": 100.0, "cnt": 4}, "SOCIOLOGIE": {"medie": 9.016666666666666, "reusita": 100.0, "cnt": 3}, "ANATOMIE SI FIZIOLOGIE UMANA, GENETICA SI ECOLOGIE UMANA": {"medie": 9.255555555555555, "reusita": 100.0, "cnt": 9}, "BIOLOGIE VEGETALA SI ANIMALA": {"medie": 9.85, "reusita": 100.0, "cnt": 3}, "ECONOMIE": {"medie": 9.266666666666667, "reusita": 100.0, "cnt": 3}}, "nume": "COMPLEXUL EDUCATIONAL LAUDE-REUT\tBucure\u0219ti"}