{"specializari": {"STIINTE ALE NATURII": 15, "STIINTE SOCIALE": 15, "MATEMATICA-INFORMATICA": 11}, "limba_moderna": {"LIMBA ENGLEZA": 39, "LIMBA EBRAICA": 1, "LIMBA GERMANA MODERNA": 1}, "limba_materna": {"LIMBA ROMANA": 41}, "promotie_anterioara": {"NU": 41}, "materii": {"LIMBA ROMANA": {"medie": 8.691463414634143, "reusita": 100.0, "cnt": 41}, "MATEMATICA MATE-INFO": {"medie": 9.086363636363636, "reusita": 100.0, "cnt": 11}, "INFORMATICA MI C/C++": {"medie": 9.364285714285714, "reusita": 100.0, "cnt": 7}, "GENERAL": {"medie": 9.068699186991871, "reusita": 100.0, "cnt": 41}, "ISTORIE": {"medie": 9.273333333333333, "reusita": 100.0, "cnt": 15}, "LOGICA, ARGUMENTARE SI COMUNICARE": {"medie": 8.99, "reusita": 100.0, "cnt": 5}, "CHIMIE ORGANICA TEO NIVEL I/II": {"medie": 9.85, "reusita": 100.0, "cnt": 1}, "MATEMATICA ST-NAT": {"medie": 9.566666666666668, "reusita": 100.0, "cnt": 15}, "FIZICA TEO": {"medie": 9.066666666666668, "reusita": 100.0, "cnt": 6}, "PSIHOLOGIE": {"medie": 9.2375, "reusita": 100.0, "cnt": 4}, "ANATOMIE SI FIZIOLOGIE UMANA, GENETICA SI ECOLOGIE UMANA": {"medie": 9.08888888888889, "reusita": 100.0, "cnt": 9}, "BIOLOGIE VEGETALA SI ANIMALA": {"medie": 9.799999999999999, "reusita": 100.0, "cnt": 3}, "SOCIOLOGIE": {"medie": 8.616666666666667, "reusita": 100.0, "cnt": 3}, "ECONOMIE": {"medie": 9.266666666666667, "reusita": 100.0, "cnt": 3}}, "nume": "COMPLEXUL EDUCATIONAL LAUDE-REUT\tBucure\u0219ti"}