{"specializari": {"FILOLOGIE": 79, "TEHNICIAN IN TURISM": 3}, "limba_moderna": {"LIMBA ENGLEZA": 81, "LIMBA FRANCEZA": 1}, "limba_materna": {"LIMBA ROMANA": 82}, "promotie_anterioara": {"NU": 61, "DA": 21}, "materii": {"LIMBA ROMANA": {"medie": 6.286363636363636, "reusita": 82.92682926829268, "cnt": 82}, "GENERAL": {"medie": 6.870833333333335, "reusita": 63.41463414634146, "cnt": 82}, "ISTORIE": {"medie": 6.856756756756757, "reusita": 84.81012658227847, "cnt": 79}, "LOGICA, ARGUMENTARE SI COMUNICARE": {"medie": 7.075000000000001, "reusita": 100.0, "cnt": 4}, "GEOGRAFIE": {"medie": 7.539999999999997, "reusita": 90.54054054054053, "cnt": 74}, "PSIHOLOGIE": {"medie": 6.8, "reusita": 100.0, "cnt": 1}, "SOCIOLOGIE": {"medie": 10.0, "reusita": 100.0, "cnt": 1}, "MATEMATICA TEHN": {"medie": 4.683333333333334, "reusita": 66.66666666666666, "cnt": 3}, "ECONOMIE": {"medie": 5.75, "reusita": 50.0, "cnt": 2}}, "nume": "COMPLEXUL SCOLAR \"CRONOS\"\tBucure\u0219ti"}