{"specializari": {"STIINTE SOCIALE": 29, "FILOLOGIE": 28, "STIINTE ALE NATURII": 1, "MATEMATICA-INFORMATICA": 1, "TEHNICIAN ECOLOG SI PROTECTIA CALITATII MEDIULUI": 1}, "limba_moderna": {"LIMBA ENGLEZA": 50, "LIMBA FRANCEZA": 10}, "limba_materna": {"LIMBA ROMANA": 60}, "promotie_anterioara": {"NU": 56, "DA": 4}, "materii": {"LIMBA ROMANA": {"medie": 6.825000000000001, "reusita": 98.33333333333333, "cnt": 60}, "MATEMATICA MATE-INFO": {"medie": 3.15, "reusita": 0.0, "cnt": 1}, "GENERAL": {"medie": 6.919444444444443, "reusita": 78.33333333333333, "cnt": 60}, "ISTORIE": {"medie": 6.561403508771934, "reusita": 92.98245614035088, "cnt": 57}, "LOGICA, ARGUMENTARE SI COMUNICARE": {"medie": 7.569354838709678, "reusita": 87.09677419354838, "cnt": 31}, "GEOGRAFIE": {"medie": 7.517307692307693, "reusita": 100.0, "cnt": 26}, "MATEMATICA ST-NAT": {"medie": 7.0, "reusita": 100.0, "cnt": 1}, "ANATOMIE SI FIZIOLOGIE UMANA, GENETICA SI ECOLOGIE UMANA": {"medie": 5.583333333333333, "reusita": 66.66666666666666, "cnt": 3}, "MATEMATICA TEHN": {"medie": 5.0, "reusita": 100.0, "cnt": 1}}, "nume": "LICEUL \"GH. RUSET ROZNOVANU\", ORAS ROZNOV\tNeam\u021b"}