{"specializari": {"FILOLOGIE": 30, "TEHNICIAN MECATRONIST": 12, "STIINTE ALE NATURII": 14, "MATEMATICA-INFORMATICA": 2, "TEHNICIAN MECANIC PENTRU INTRETINERE SI REPARATII": 6}, "limba_moderna": {"LIMBA ENGLEZA": 57, "LIMBA FRANCEZA": 6, "LIMBA GERMANA MODERNA": 1}, "limba_materna": {"LIMBA ROMANA": 53, "LIMBA MAGHIARA": 11}, "promotie_anterioara": {"NU": 56, "DA": 8}, "materii": {"LIMBA ROMANA": {"medie": 5.5491803278688545, "reusita": 62.5, "cnt": 64}, "MATEMATICA MATE-INFO": {"medie": 5.35, "reusita": 100.0, "cnt": 2}, "GENERAL": {"medie": 5.829166666666668, "reusita": 40.625, "cnt": 64}, "ISTORIE": {"medie": 6.248275862068966, "reusita": 83.33333333333334, "cnt": 30}, "LOGICA, ARGUMENTARE SI COMUNICARE": {"medie": 7.688888888888887, "reusita": 100.0, "cnt": 9}, "GEOGRAFIE": {"medie": 6.9125, "reusita": 85.71428571428571, "cnt": 21}, "MATEMATICA ST-NAT": {"medie": 4.796153846153846, "reusita": 50.0, "cnt": 14}, "ANATOMIE SI FIZIOLOGIE UMANA, GENETICA SI ECOLOGIE UMANA": {"medie": 5.159090909090908, "reusita": 58.333333333333336, "cnt": 12}, "CHIMIE ANORGANICA TEO NIVEL I/II": {"medie": 6.875, "reusita": 100.0, "cnt": 2}, "BIOLOGIE VEGETALA SI ANIMALA": {"medie": 4.911764705882353, "reusita": 40.0, "cnt": 20}, "MATEMATICA TEHN": {"medie": 4.30625, "reusita": 38.88888888888889, "cnt": 18}, "LIMBA MAGHIARA (REAL)": {"medie": 6.522222222222222, "reusita": 81.81818181818183, "cnt": 11}}, "nume": "LICEUL \"ST.O.IOSIF\" RUPEA\tBra\u0219ov"}