{"specializari": {"FILOLOGIE": 12}, "limba_moderna": {"LIMBA ENGLEZA": 12}, "limba_materna": {"LIMBA ROMANA": 12}, "promotie_anterioara": {"NU": 4, "DA": 8}, "materii": {"LIMBA ROMANA": {"medie": 4.550000000000001, "reusita": 33.33333333333333, "cnt": 12}, "GENERAL": {"medie": 4.800000000000001, "reusita": 25.0, "cnt": 12}, "ISTORIE": {"medie": 5.1125, "reusita": 50.0, "cnt": 12}, "LOGICA, ARGUMENTARE SI COMUNICARE": {"medie": 2.675, "reusita": 0.0, "cnt": 2}, "GEOGRAFIE": {"medie": 5.057142857142858, "reusita": 42.857142857142854, "cnt": 7}, "SOCIOLOGIE": {"medie": 6.35, "reusita": 100.0, "cnt": 2}, "ECONOMIE": {"medie": 3.4, "reusita": 0.0, "cnt": 1}}, "nume": "LICEUL \"PRIMA SCHOOL\" MUNICIPIUL BUZAU\tBuz\u0103u"}