{"specializari": {"TEHNICIAN IN ACTIVITATI ECONOMICE": 41}, "limba_moderna": {"LIMBA ENGLEZA": 41}, "limba_materna": {"LIMBA ROMANA": 41}, "promotie_anterioara": {"NU": 25, "DA": 16}, "materii": {"LIMBA ROMANA": {"medie": 5.291891891891891, "reusita": 63.41463414634146, "cnt": 41}, "GENERAL": {"medie": 5.666666666666666, "reusita": 29.268292682926827, "cnt": 41}, "GEOGRAFIE": {"medie": 6.453947368421052, "reusita": 82.5, "cnt": 40}, "PSIHOLOGIE": {"medie": 5.9, "reusita": 100.0, "cnt": 1}, "MATEMATICA TEHN": {"medie": 4.798529411764705, "reusita": 46.34146341463415, "cnt": 41}}, "nume": "LICEUL \"PROFESIA\"\tBucure\u0219ti"}