{"specializari": {"STIINTE SOCIALE": 33, "FILOLOGIE": 33, "STIINTE ALE NATURII": 25}, "limba_moderna": {"LIMBA FRANCEZA": 51, "LIMBA ENGLEZA": 40}, "limba_materna": {"LIMBA ROMANA": 91}, "promotie_anterioara": {"NU": 90, "DA": 1}, "materii": {"LIMBA ROMANA": {"medie": 6.988461538461539, "reusita": 95.6043956043956, "cnt": 91}, "GENERAL": {"medie": 7.427472527472525, "reusita": 83.51648351648352, "cnt": 91}, "ISTORIE": {"medie": 7.457575757575758, "reusita": 100.0, "cnt": 66}, "LOGICA, ARGUMENTARE SI COMUNICARE": {"medie": 8.911290322580644, "reusita": 100.0, "cnt": 62}, "MATEMATICA ST-NAT": {"medie": 5.965999999999999, "reusita": 80.0, "cnt": 25}, "FIZICA TEO": {"medie": 6.525, "reusita": 100.0, "cnt": 2}, "GEOGRAFIE": {"medie": 8.4625, "reusita": 100.0, "cnt": 4}, "ANATOMIE SI FIZIOLOGIE UMANA, GENETICA SI ECOLOGIE UMANA": {"medie": 6.4386363636363635, "reusita": 95.45454545454545, "cnt": 22}, "INFORMATICA SN C/C++": {"medie": 9.35, "reusita": 100.0, "cnt": 1}}, "nume": "LICEUL \"VOLTAIRE\" CRAIOVA\tDolj"}