{"specializari": {"INVATATOR - EDUCATOARE": 25, "MATEMATICA-INFORMATICA": 27, "TEHNICIAN MECANIC PENTRU INTRETINERE SI REPARATII": 25, "FILOLOGIE": 1, "TEHNICIAN IN ACTIVITATI ECONOMICE": 4, "TEHNICIAN ELECTROTEHNIST": 1}, "limba_moderna": {"LIMBA ENGLEZA": 83}, "limba_materna": {"LIMBA ROMANA": 83}, "promotie_anterioara": {"NU": 76, "DA": 7}, "materii": {"LIMBA ROMANA": {"medie": 6.606707317073172, "reusita": 83.13253012048193, "cnt": 83}, "MATEMATICA MATE-INFO": {"medie": 6.696296296296295, "reusita": 88.88888888888889, "cnt": 27}, "INFORMATICA MI C/C++": {"medie": 7.695, "reusita": 100.0, "cnt": 10}, "GENERAL": {"medie": 6.545147679324894, "reusita": 60.24096385542169, "cnt": 83}, "ISTORIE": {"medie": 5.5, "reusita": 100.0, "cnt": 1}, "GEOGRAFIE": {"medie": 8.110714285714286, "reusita": 93.33333333333333, "cnt": 30}, "CHIMIE ORGANICA TEO NIVEL I/II": {"medie": 10.0, "reusita": 100.0, "cnt": 1}, "ANATOMIE SI FIZIOLOGIE UMANA, GENETICA SI ECOLOGIE UMANA": {"medie": 7.265625000000001, "reusita": 87.5, "cnt": 16}, "BIOLOGIE VEGETALA SI ANIMALA": {"medie": 4.366666666666666, "reusita": 34.61538461538461, "cnt": 26}, "MATEMATICA PED": {"medie": 7.136000000000001, "reusita": 80.0, "cnt": 25}, "MATEMATICA TEHN": {"medie": 4.583333333333333, "reusita": 50.0, "cnt": 30}}, "nume": "LICEUL \"HOREA, CLOSCA SI CRISAN\" ABRUD\tAlba"}