{"specializari": {"FILOLOGIE": 33, "MATEMATICA-INFORMATICA": 30, "TEHNICIAN MECANIC PENTRU INTRETINERE SI REPARATII": 9, "TEHNICIAN IN INSTALATII ELECTRICE": 4, "TEHNICIAN PRELUCRARI MECANICE": 2}, "limba_moderna": {"LIMBA ENGLEZA": 78}, "limba_materna": {"LIMBA ROMANA": 78}, "promotie_anterioara": {"NU": 62, "DA": 16}, "materii": {"LIMBA ROMANA": {"medie": 6.568666666666665, "reusita": 91.02564102564102, "cnt": 78}, "MATEMATICA MATE-INFO": {"medie": 5.929310344827586, "reusita": 73.33333333333333, "cnt": 30}, "INFORMATICA MI C/C++": {"medie": 6.625, "reusita": 100.0, "cnt": 2}, "GENERAL": {"medie": 6.45404761904762, "reusita": 62.82051282051282, "cnt": 78}, "ISTORIE": {"medie": 6.749999999999999, "reusita": 93.93939393939394, "cnt": 33}, "GEOGRAFIE": {"medie": 7.5171875, "reusita": 93.93939393939394, "cnt": 33}, "ANATOMIE SI FIZIOLOGIE UMANA, GENETICA SI ECOLOGIE UMANA": {"medie": 6.346428571428573, "reusita": 92.85714285714286, "cnt": 28}, "BIOLOGIE VEGETALA SI ANIMALA": {"medie": 4.1125, "reusita": 26.666666666666668, "cnt": 15}, "MATEMATICA TEHN": {"medie": 4.177777777777778, "reusita": 33.33333333333333, "cnt": 15}}, "nume": "LICEUL \"ATANASIE MARIENESCU\" LIPOVA\tArad"}