{"specializari": {"FILOLOGIE": 19, "TEHNICIAN MECATRONIST": 4, "MATEMATICA-INFORMATICA": 1, "TEHNICIAN MECANIC PENTRU INTRETINERE SI REPARATII": 4, "STIINTE ALE NATURII": 2}, "limba_moderna": {"LIMBA ENGLEZA": 24, "LIMBA FRANCEZA": 6}, "limba_materna": {"LIMBA ROMANA": 30}, "promotie_anterioara": {"NU": 15, "DA": 15}, "materii": {"LIMBA ROMANA": {"medie": 6.260344827586207, "reusita": 83.33333333333334, "cnt": 30}, "MATEMATICA MATE-INFO": {"medie": 2.5, "reusita": 0.0, "cnt": 1}, "GENERAL": {"medie": 6.436309523809526, "reusita": 60.0, "cnt": 30}, "ISTORIE": {"medie": 7.155263157894734, "reusita": 100.0, "cnt": 19}, "LOGICA, ARGUMENTARE SI COMUNICARE": {"medie": 8.899999999999999, "reusita": 100.0, "cnt": 2}, "GEOGRAFIE": {"medie": 7.547058823529411, "reusita": 100.0, "cnt": 17}, "MATEMATICA ST-NAT": {"medie": 6.05, "reusita": 50.0, "cnt": 2}, "ANATOMIE SI FIZIOLOGIE UMANA, GENETICA SI ECOLOGIE UMANA": {"medie": 5.1000000000000005, "reusita": 33.33333333333333, "cnt": 3}, "BIOLOGIE VEGETALA SI ANIMALA": {"medie": 6.266666666666666, "reusita": 100.0, "cnt": 3}, "MATEMATICA TEHN": {"medie": 5.121428571428571, "reusita": 62.5, "cnt": 8}, "FIZICA TEH": {"medie": 4.54, "reusita": 40.0, "cnt": 5}}, "nume": "LICEUL \"MIHAI VITEAZUL\" BUMBESTI-JIU\tGorj"}