{"specializari": {"TEHNICIAN IN ACTIVITATI ECONOMICE": 21, "TEHNICIAN IN ACTIVITATI DE COMERT": 4}, "limba_moderna": {"LIMBA ENGLEZA": 25}, "limba_materna": {"LIMBA ROMANA": 25}, "promotie_anterioara": {"NU": 17, "DA": 8}, "materii": {"LIMBA ROMANA": {"medie": 6.191666666666669, "reusita": 96.0, "cnt": 25}, "GENERAL": {"medie": 6.601515151515151, "reusita": 48.0, "cnt": 25}, "GEOGRAFIE": {"medie": 7.367391304347828, "reusita": 92.0, "cnt": 25}, "MATEMATICA TEHN": {"medie": 6.141304347826087, "reusita": 76.0, "cnt": 25}}, "nume": "LICEUL \"SEVER BOCU\" LIPOVA\tArad"}