{"specializari": {"INVATATOR - EDUCATOARE": 28, "TEHNICIAN IN ACHIZITII SI CONTRACTARI": 30, "TEHNICIAN IN ACTIVITATI ECONOMICE": 29}, "limba_moderna": {"LIMBA ENGLEZA": 78, "LIMBA FRANCEZA": 9}, "limba_materna": {"LIMBA ROMANA": 87}, "promotie_anterioara": {"NU": 85, "DA": 2}, "materii": {"LIMBA ROMANA": {"medie": 7.412643678160923, "reusita": 95.40229885057471, "cnt": 87}, "GENERAL": {"medie": 7.5772030651341, "reusita": 89.65517241379311, "cnt": 87}, "LOGICA, ARGUMENTARE SI COMUNICARE": {"medie": 6.775, "reusita": 100.0, "cnt": 2}, "GEOGRAFIE": {"medie": 7.2733333333333325, "reusita": 98.33333333333333, "cnt": 60}, "PSIHOLOGIE": {"medie": 7.976086956521739, "reusita": 100.0, "cnt": 23}, "MATEMATICA PED": {"medie": 8.514285714285716, "reusita": 100.0, "cnt": 28}, "MATEMATICA TEHN": {"medie": 7.560169491525423, "reusita": 96.61016949152543, "cnt": 59}, "ECONOMIE": {"medie": 7.45, "reusita": 100.0, "cnt": 2}}, "nume": "LICEUL \"VASILE CONTA\", ORAS TARGU NEAMT\tNeam\u021b"}