{"specializari": {"FILOLOGIE": 25, "MATEMATICA-INFORMATICA": 24, "TEHNICIAN IN SILVICULTURA SI EXPLOATARI FORESTIERE": 17, "TEHNICIAN IN AGROTURISM": 3, "TEHNICIAN IN ACTIVITATI ECONOMICE": 5}, "limba_moderna": {"LIMBA ENGLEZA": 65, "LIMBA FRANCEZA": 9}, "limba_materna": {"LIMBA ROMANA": 74}, "promotie_anterioara": {"NU": 62, "DA": 12}, "materii": {"LIMBA ROMANA": {"medie": 6.244520547945206, "reusita": 87.83783783783784, "cnt": 74}, "MATEMATICA MATE-INFO": {"medie": 6.569565217391303, "reusita": 91.66666666666666, "cnt": 24}, "INFORMATICA MI C/C++": {"medie": 7.2250000000000005, "reusita": 100.0, "cnt": 4}, "GENERAL": {"medie": 6.281455399061035, "reusita": 55.4054054054054, "cnt": 74}, "ISTORIE": {"medie": 6.886000000000001, "reusita": 92.0, "cnt": 25}, "LOGICA, ARGUMENTARE SI COMUNICARE": {"medie": 9.4, "reusita": 100.0, "cnt": 1}, "GEOGRAFIE": {"medie": 7.325862068965517, "reusita": 100.0, "cnt": 29}, "ANATOMIE SI FIZIOLOGIE UMANA, GENETICA SI ECOLOGIE UMANA": {"medie": 5.976923076923075, "reusita": 75.0, "cnt": 40}, "MATEMATICA TEHN": {"medie": 4.593749999999999, "reusita": 56.00000000000001, "cnt": 25}}, "nume": "LICEUL \"MIHAIL SADOVEANU\", COMUNA BORCA\tNeam\u021b"}