{"specializari": {"FILOLOGIE": 19, "STIINTE SOCIALE": 6, "TEHNICIAN IN ACTIVITATI DE COMERT": 2, "TEHNICIAN MECANIC PENTRU INTRETINERE SI REPARATII": 5, "STIINTE ALE NATURII": 6, "MATEMATICA-INFORMATICA": 3}, "limba_moderna": {"LIMBA ENGLEZA": 41}, "limba_materna": {"LIMBA ROMANA": 41}, "promotie_anterioara": {"NU": 16, "DA": 25}, "materii": {"LIMBA ROMANA": {"medie": 5.387179487179487, "reusita": 70.73170731707317, "cnt": 41}, "MATEMATICA MATE-INFO": {"medie": 4.15, "reusita": 0.0, "cnt": 3}, "GENERAL": {"medie": 5.518571428571427, "reusita": 29.268292682926827, "cnt": 41}, "ISTORIE": {"medie": 5.285416666666667, "reusita": 68.0, "cnt": 25}, "MATEMATICA ST-NAT": {"medie": 3.1, "reusita": 0.0, "cnt": 6}, "FIZICA TEO": {"medie": "-", "reusita": 0.0, "cnt": 1}, "GEOGRAFIE": {"medie": 6.75, "reusita": 88.46153846153845, "cnt": 26}, "ANATOMIE SI FIZIOLOGIE UMANA, GENETICA SI ECOLOGIE UMANA": {"medie": 6.5, "reusita": 66.66666666666666, "cnt": 3}, "BIOLOGIE VEGETALA SI ANIMALA": {"medie": 4.633333333333334, "reusita": 50.0, "cnt": 8}, "MATEMATICA TEHN": {"medie": 4.733333333333334, "reusita": 57.14285714285714, "cnt": 7}, "ECONOMIE": {"medie": "-", "reusita": 0.0, "cnt": 1}, "CHIMIE ANORGANICA TEH NIVEL I/II": {"medie": 5.3, "reusita": 100.0, "cnt": 1}, "CHIMIE ORGANICA TEH NIVEL I/II": {"medie": 4.05, "reusita": 0.0, "cnt": 1}}, "nume": "LICEUL \"DIMITRIE CANTEMIR\" BABADAG\tTulcea"}