{"specializari": {"INVATATOR - EDUCATOARE": 10, "STIINTE SOCIALE": 14}, "limba_moderna": {"LIMBA ENGLEZA": 24}, "limba_materna": {"LIMBA ROMANA": 24}, "promotie_anterioara": {"NU": 24}, "materii": {"LIMBA ROMANA": {"medie": 7.814583333333334, "reusita": 100.0, "cnt": 24}, "GENERAL": {"medie": 7.988194444444443, "reusita": 100.0, "cnt": 24}, "ISTORIE": {"medie": 7.7142857142857135, "reusita": 100.0, "cnt": 14}, "LOGICA, ARGUMENTARE SI COMUNICARE": {"medie": 8.005555555555556, "reusita": 100.0, "cnt": 9}, "GEOGRAFIE": {"medie": 8.005, "reusita": 100.0, "cnt": 10}, "PSIHOLOGIE": {"medie": 8.075, "reusita": 100.0, "cnt": 4}, "MATEMATICA PED": {"medie": 8.904999999999998, "reusita": 100.0, "cnt": 10}, "ECONOMIE": {"medie": 6.15, "reusita": 100.0, "cnt": 1}}, "nume": "LICEUL \"ROMANO-FINLANDEZ\"\tBucure\u0219ti"}