{"specializari": {"TEHNICIAN IN ACTIVITATI ECONOMICE": 7, "FILOLOGIE": 14, "MATEMATICA-INFORMATICA": 1, "TEHNICIAN VETERINAR": 1}, "limba_moderna": {"LIMBA ENGLEZA": 22, "LIMBA GERMANA MODERNA": 1}, "limba_materna": {"LIMBA ROMANA": 23}, "promotie_anterioara": {"NU": 19, "DA": 4}, "materii": {"LIMBA ROMANA": {"medie": 6.025, "reusita": 91.30434782608695, "cnt": 23}, "MATEMATICA MATE-INFO": {"medie": 3.35, "reusita": 0.0, "cnt": 1}, "GENERAL": {"medie": 5.890833333333333, "reusita": 34.78260869565217, "cnt": 23}, "ISTORIE": {"medie": 5.242857142857142, "reusita": 71.42857142857143, "cnt": 14}, "GEOGRAFIE": {"medie": 6.439473684210526, "reusita": 76.19047619047619, "cnt": 21}, "BIOLOGIE VEGETALA SI ANIMALA": {"medie": 8.0, "reusita": 50.0, "cnt": 2}, "MATEMATICA TEHN": {"medie": 5.3, "reusita": 50.0, "cnt": 8}}, "nume": "LICEUL \"TIMOTEI CIPARIU\" DUMBRAVENI\tSibiu"}