{"specializari": {"FILOLOGIE": 33, "MATEMATICA-INFORMATICA": 22, "STIINTE ALE NATURII": 30}, "limba_moderna": {"LIMBA ENGLEZA": 71, "LIMBA FRANCEZA": 14}, "limba_materna": {"LIMBA ROMANA": 85}, "promotie_anterioara": {"NU": 70, "DA": 15}, "materii": {"LIMBA ROMANA": {"medie": 6.5820987654320975, "reusita": 88.23529411764706, "cnt": 85}, "MATEMATICA MATE-INFO": {"medie": 5.525, "reusita": 72.72727272727273, "cnt": 22}, "INFORMATICA MI C/C++": {"medie": 5.7, "reusita": 75.0, "cnt": 4}, "GENERAL": {"medie": 6.537916666666668, "reusita": 60.0, "cnt": 85}, "ISTORIE": {"medie": 6.692187499999999, "reusita": 87.87878787878788, "cnt": 33}, "LOGICA, ARGUMENTARE SI COMUNICARE": {"medie": 7.354545454545453, "reusita": 86.95652173913044, "cnt": 23}, "MATEMATICA ST-NAT": {"medie": 5.7053571428571415, "reusita": 76.66666666666667, "cnt": 30}, "FIZICA TEO": {"medie": 6.0, "reusita": 50.0, "cnt": 2}, "GEOGRAFIE": {"medie": 7.51875, "reusita": 87.5, "cnt": 8}, "PSIHOLOGIE": {"medie": 8.175, "reusita": 100.0, "cnt": 2}, "ANATOMIE SI FIZIOLOGIE UMANA, GENETICA SI ECOLOGIE UMANA": {"medie": 6.728409090909091, "reusita": 80.43478260869566, "cnt": 46}}, "nume": "LICEUL \"CHARLES LAUGIER\" CRAIOVA\tDolj"}