{"specializari": {"STIINTE ALE NATURII": 22, "FILOLOGIE": 27, "MATEMATICA-INFORMATICA": 1}, "limba_moderna": {"LIMBA ENGLEZA": 50}, "limba_materna": {"LIMBA ROMANA": 50}, "promotie_anterioara": {"NU": 45, "DA": 5}, "materii": {"LIMBA ROMANA": {"medie": 6.527999999999999, "reusita": 96.0, "cnt": 50}, "MATEMATICA MATE-INFO": {"medie": "-", "reusita": 0.0, "cnt": 1}, "GENERAL": {"medie": 7.193537414965988, "reusita": 80.0, "cnt": 50}, "ISTORIE": {"medie": 6.4944444444444445, "reusita": 92.5925925925926, "cnt": 27}, "LOGICA, ARGUMENTARE SI COMUNICARE": {"medie": 9.4, "reusita": 100.0, "cnt": 1}, "GEOGRAFIE": {"medie": 8.196153846153846, "reusita": 100.0, "cnt": 26}, "FIZICA TEO": {"medie": 9.8, "reusita": 100.0, "cnt": 1}, "CHIMIE ORGANICA TEO NIVEL I/II": {"medie": 8.7, "reusita": 100.0, "cnt": 1}, "MATEMATICA ST-NAT": {"medie": 7.852272727272728, "reusita": 90.9090909090909, "cnt": 22}, "ANATOMIE SI FIZIOLOGIE UMANA, GENETICA SI ECOLOGIE UMANA": {"medie": 7.262500000000001, "reusita": 95.0, "cnt": 20}, "INFORMATICA SN PASCAL": {"medie": 8.95, "reusita": 100.0, "cnt": 1}}, "nume": "LICEUL \"GHEORGHE SURDU\", ORAS BREZOI\tV\u00e2lcea"}