{"specializari": {"INVATATOR - EDUCATOARE": 28, "TEHNICIAN IN ACHIZITII SI CONTRACTARI": 30, "TEHNICIAN IN ACTIVITATI ECONOMICE": 29}, "limba_moderna": {"LIMBA ENGLEZA": 78, "LIMBA FRANCEZA": 9}, "limba_materna": {"LIMBA ROMANA": 87}, "promotie_anterioara": {"NU": 85, "DA": 2}, "materii": {"LIMBA ROMANA": {"medie": 7.450000000000002, "reusita": 96.55172413793103, "cnt": 87}, "GENERAL": {"medie": 7.591379310344828, "reusita": 89.65517241379311, "cnt": 87}, "LOGICA, ARGUMENTARE SI COMUNICARE": {"medie": 6.775, "reusita": 100.0, "cnt": 2}, "GEOGRAFIE": {"medie": 7.270833333333333, "reusita": 98.33333333333333, "cnt": 60}, "PSIHOLOGIE": {"medie": 7.976086956521739, "reusita": 100.0, "cnt": 23}, "MATEMATICA PED": {"medie": 8.507142857142858, "reusita": 100.0, "cnt": 28}, "ECONOMIE": {"medie": 7.45, "reusita": 100.0, "cnt": 2}, "MATEMATICA TEHN": {"medie": 7.57372881355932, "reusita": 100.0, "cnt": 59}}, "nume": "LICEUL \"VASILE CONTA\", ORAS TARGU NEAMT\tNeam\u021b"}