{"specializari": {"STIINTE ALE NATURII": 17}, "limba_moderna": {"LIMBA ENGLEZA": 17}, "limba_materna": {"LIMBA ROMANA": 17}, "promotie_anterioara": {"NU": 17}, "materii": {"LIMBA ROMANA": {"medie": 7.473529411764706, "reusita": 100.0, "cnt": 17}, "GENERAL": {"medie": 7.595098039215687, "reusita": 100.0, "cnt": 17}, "CHIMIE ORGANICA TEO NIVEL I/II": {"medie": 9.95, "reusita": 100.0, "cnt": 1}, "MATEMATICA ST-NAT": {"medie": 7.929411764705883, "reusita": 100.0, "cnt": 17}, "FIZICA TEO": {"medie": 8.25, "reusita": 100.0, "cnt": 1}, "ANATOMIE SI FIZIOLOGIE UMANA, GENETICA SI ECOLOGIE UMANA": {"medie": 7.153333333333333, "reusita": 100.0, "cnt": 15}}, "nume": "LICEUL \"NATANAEL\" SUCEAVA\tSuceava"}