{"specializari": {"TEHNICIAN IN ACTIVITATI ECONOMICE": 23, "TEHNICIAN IN AGRICULTURA": 19, "TEHNICIAN ECOLOG SI PROTECTIA CALITATII MEDIULUI": 22, "TEHNICIAN VETERINAR": 23, "TEHNICIAN IN MORARIT, PANIFICATIE SI PRODUSE FAINOASE": 1, "TEHNICIAN IN SILVICULTURA SI EXPLOATARI FORESTIERE": 2, "TEHNICIAN IN INDUSTRIA ALIMENTARA": 2, "TEHNICIAN HORTICULTOR": 1, "TEHNICIAN IN AGROTURISM": 1}, "limba_moderna": {"LIMBA ENGLEZA": 94}, "limba_materna": {"LIMBA ROMANA": 94}, "promotie_anterioara": {"NU": 70, "DA": 24}, "materii": {"LIMBA ROMANA": {"medie": 4.372891566265062, "reusita": 30.851063829787233, "cnt": 94}, "GENERAL": {"medie": 4.231333333333334, "reusita": 8.51063829787234, "cnt": 94}, "GEOGRAFIE": {"medie": 6.704347826086957, "reusita": 100.0, "cnt": 23}, "ANATOMIE SI FIZIOLOGIE UMANA, GENETICA SI ECOLOGIE UMANA": {"medie": 5.8, "reusita": 100.0, "cnt": 1}, "BIOLOGIE VEGETALA SI ANIMALA": {"medie": 3.440350877192982, "reusita": 17.142857142857142, "cnt": 70}, "MATEMATICA TEHN": {"medie": 3.7831168831168833, "reusita": 24.46808510638298, "cnt": 94}}, "nume": "LICEUL AGRICOL \"SANDU ALDEA\" CALARASI\tC\u0103l\u0103ra\u0219i"}