{"specializari": {"STIINTE ALE NATURII": 15}, "limba_moderna": {"LIMBA ENGLEZA": 15}, "limba_materna": {"LIMBA ROMANA": 15}, "promotie_anterioara": {"NU": 15}, "materii": {"LIMBA ROMANA": {"medie": 8.62, "reusita": 100.0, "cnt": 15}, "GENERAL": {"medie": 8.370000000000001, "reusita": 100.0, "cnt": 15}, "MATEMATICA ST-NAT": {"medie": 8.586666666666668, "reusita": 100.0, "cnt": 15}, "ANATOMIE SI FIZIOLOGIE UMANA, GENETICA SI ECOLOGIE UMANA": {"medie": 7.771428571428571, "reusita": 100.0, "cnt": 14}, "INFORMATICA SN C/C++": {"medie": 9.75, "reusita": 100.0, "cnt": 1}}, "nume": "LICEUL CRESTIN \"LOGOS\" BISTRITA\tBistri\u021ba-N\u0103s\u0103ud"}