{"specializari": {"TEHNICIAN IN ACTIVITATI ECONOMICE": 32, "FILOLOGIE": 30, "MATEMATICA-INFORMATICA": 18, "STIINTE SOCIALE": 39, "STIINTE ALE NATURII": 25, "TEHNICIAN IN ACTIVITATI DE COMERT": 5, "TEHNICIAN MECATRONIST": 3, "TEHNICIAN TRANSPORTURI": 28, "TEHNICIAN IN TURISM": 30}, "limba_moderna": {"LIMBA ENGLEZA": 209, "LIMBA FRANCEZA": 1}, "limba_materna": {"LIMBA ROMANA": 210}, "promotie_anterioara": {"NU": 170, "DA": 40}, "materii": {"LIMBA ROMANA": {"medie": 5.571761658031086, "reusita": 63.33333333333333, "cnt": 210}, "MATEMATICA MATE-INFO": {"medie": 6.16388888888889, "reusita": 83.33333333333334, "cnt": 18}, "INFORMATICA MI C/C++": {"medie": 8.475000000000001, "reusita": 100.0, "cnt": 2}, "GENERAL": {"medie": 5.817813051146385, "reusita": 41.904761904761905, "cnt": 210}, "ISTORIE": {"medie": 6.383333333333336, "reusita": 95.65217391304348, "cnt": 69}, "LOGICA, ARGUMENTARE SI COMUNICARE": {"medie": 7.595454545454545, "reusita": 90.9090909090909, "cnt": 11}, "MATEMATICA ST-NAT": {"medie": 3.1999999999999993, "reusita": 24.0, "cnt": 25}, "FIZICA TEO": {"medie": 6.95, "reusita": 100.0, "cnt": 1}, "GEOGRAFIE": {"medie": 7.2306451612903215, "reusita": 85.85858585858585, "cnt": 99}, "PSIHOLOGIE": {"medie": 7.452777777777778, "reusita": 94.44444444444444, "cnt": 18}, "ANATOMIE SI FIZIOLOGIE UMANA, GENETICA SI ECOLOGIE UMANA": {"medie": 6.10952380952381, "reusita": 56.52173913043478, "cnt": 23}, "BIOLOGIE VEGETALA SI ANIMALA": {"medie": 3.59342105263158, "reusita": 26.82926829268293, "cnt": 41}, "FILOSOFIE": {"medie": 5.8, "reusita": 100.0, "cnt": 1}, "MATEMATICA TEHN": {"medie": 5.236746987951807, "reusita": 50.0, "cnt": 98}, "FIZICA TEH": {"medie": 3.35, "reusita": 14.285714285714285, "cnt": 7}, "ECONOMIE": {"medie": 5.158333333333334, "reusita": 42.857142857142854, "cnt": 7}}, "nume": "LICEUL BORSA\tMaramure\u0219"}