{"specializari": {"STIINTE SOCIALE": 31, "FILOLOGIE": 31, "STIINTE ALE NATURII": 23, "TEHNICIAN OPERATOR PROCESARE TEXT IMAGINE": 28, "TEHNICIAN IN AUTOMATIZARI": 14, "TEHNICIAN DE TELECOMUNICATII": 3, "MATEMATICA-INFORMATICA": 5, "TEHNICIAN MECANIC PENTRU INTRETINERE SI REPARATII": 3, "TEHNICIAN IN INSTALATII ELECTRICE": 1}, "limba_moderna": {"LIMBA ENGLEZA": 135, "LIMBA FRANCEZA": 4}, "limba_materna": {"LIMBA ROMANA": 139}, "promotie_anterioara": {"NU": 111, "DA": 28}, "materii": {"LIMBA ROMANA": {"medie": 5.73586956521739, "reusita": 81.29496402877699, "cnt": 139}, "MATEMATICA MATE-INFO": {"medie": 5.5875, "reusita": 80.0, "cnt": 5}, "GENERAL": {"medie": 6.074567901234568, "reusita": 50.35971223021583, "cnt": 139}, "ISTORIE": {"medie": 6.5721311475409845, "reusita": 83.87096774193549, "cnt": 62}, "LOGICA, ARGUMENTARE SI COMUNICARE": {"medie": 7.29, "reusita": 100.0, "cnt": 15}, "GEOGRAFIE": {"medie": 7.878000000000001, "reusita": 96.0, "cnt": 25}, "MATEMATICA ST-NAT": {"medie": 5.78695652173913, "reusita": 73.91304347826086, "cnt": 23}, "SOCIOLOGIE": {"medie": 7.533333333333331, "reusita": 95.45454545454545, "cnt": 22}, "ANATOMIE SI FIZIOLOGIE UMANA, GENETICA SI ECOLOGIE UMANA": {"medie": 6.390000000000001, "reusita": 80.0, "cnt": 5}, "BIOLOGIE VEGETALA SI ANIMALA": {"medie": 5.176428571428568, "reusita": 57.74647887323944, "cnt": 71}, "MATEMATICA TEHN": {"medie": 5.841666666666668, "reusita": 83.6734693877551, "cnt": 49}, "CHIMIE ANORGANICA TEH NIVEL I/II": {"medie": 5.3, "reusita": 100.0, "cnt": 1}}, "nume": "LICEUL \"DANUBIUS\" CALARASI\tC\u0103l\u0103ra\u0219i"}