{"specializari": {"FILOLOGIE": 33, "MATEMATICA-INFORMATICA": 29, "TEHNICIAN IN GASTRONOMIE": 21, "TEHNICIAN ELECTROMECANIC": 19, "TEHNICIAN MECATRONIST": 2, "TEHNICIAN IN INSTALATII ELECTRICE": 1, "STIINTE ALE NATURII": 1, "TEHNICIAN MECANIC PENTRU INTRETINERE SI REPARATII": 5}, "limba_moderna": {"LIMBA ENGLEZA": 105, "LIMBA GERMANA MODERNA": 4, "LIMBA FRANCEZA": 2}, "limba_materna": {"LIMBA ROMANA": 111}, "promotie_anterioara": {"NU": 94, "DA": 17}, "materii": {"LIMBA ROMANA": {"medie": 6.752830188679245, "reusita": 89.1891891891892, "cnt": 111}, "MATEMATICA MATE-INFO": {"medie": 6.437931034482758, "reusita": 86.20689655172413, "cnt": 29}, "INFORMATICA MI C/C++": {"medie": 6.904999999999999, "reusita": 90.0, "cnt": 10}, "GENERAL": {"medie": 6.694285714285707, "reusita": 62.16216216216216, "cnt": 111}, "ISTORIE": {"medie": 7.251515151515151, "reusita": 100.0, "cnt": 33}, "LOGICA, ARGUMENTARE SI COMUNICARE": {"medie": 8.148076923076921, "reusita": 100.0, "cnt": 26}, "CHIMIE ORGANICA TEO NIVEL I/II": {"medie": 5.4, "reusita": 100.0, "cnt": 1}, "MATEMATICA ST-NAT": {"medie": 5.15, "reusita": 100.0, "cnt": 1}, "GEOGRAFIE": {"medie": 7.93076923076923, "reusita": 88.88888888888889, "cnt": 27}, "PSIHOLOGIE": {"medie": 8.3, "reusita": 100.0, "cnt": 1}, "ANATOMIE SI FIZIOLOGIE UMANA, GENETICA SI ECOLOGIE UMANA": {"medie": 7.763888888888889, "reusita": 100.0, "cnt": 18}, "BIOLOGIE VEGETALA SI ANIMALA": {"medie": 4.891304347826086, "reusita": 45.83333333333333, "cnt": 24}, "MATEMATICA TEHN": {"medie": 5.1325581395348845, "reusita": 60.416666666666664, "cnt": 48}, "FIZICA TEH": {"medie": 6.275, "reusita": 50.0, "cnt": 4}}, "nume": "LICEUL BANATEAN OTELU ROSU\tCara\u0219-Severin"}