{"specializari": {"INVATATOR - EDUCATOARE": 25, "MATEMATICA-INFORMATICA": 27, "TEHNICIAN MECANIC PENTRU INTRETINERE SI REPARATII": 25, "FILOLOGIE": 1, "TEHNICIAN IN ACTIVITATI ECONOMICE": 4, "TEHNICIAN ELECTROTEHNIST": 1}, "limba_moderna": {"LIMBA ENGLEZA": 83}, "limba_materna": {"LIMBA ROMANA": 83}, "promotie_anterioara": {"NU": 76, "DA": 7}, "materii": {"LIMBA ROMANA": {"medie": 6.555487804878051, "reusita": 81.92771084337349, "cnt": 83}, "MATEMATICA MATE-INFO": {"medie": 6.727777777777776, "reusita": 88.88888888888889, "cnt": 27}, "INFORMATICA MI C/C++": {"medie": 7.695, "reusita": 100.0, "cnt": 10}, "GENERAL": {"medie": 6.536497890295359, "reusita": 60.24096385542169, "cnt": 83}, "ISTORIE": {"medie": 5.5, "reusita": 100.0, "cnt": 1}, "CHIMIE ORGANICA TEO NIVEL I/II": {"medie": 9.95, "reusita": 100.0, "cnt": 1}, "GEOGRAFIE": {"medie": 8.1, "reusita": 93.33333333333333, "cnt": 30}, "ANATOMIE SI FIZIOLOGIE UMANA, GENETICA SI ECOLOGIE UMANA": {"medie": 7.343750000000001, "reusita": 93.75, "cnt": 16}, "BIOLOGIE VEGETALA SI ANIMALA": {"medie": 4.375, "reusita": 34.61538461538461, "cnt": 26}, "MATEMATICA PED": {"medie": 7.160000000000001, "reusita": 80.0, "cnt": 25}, "MATEMATICA TEHN": {"medie": 4.568518518518518, "reusita": 50.0, "cnt": 30}}, "nume": "LICEUL \"HOREA, CLOSCA SI CRISAN\" ABRUD\tAlba"}