{"specializari": {"TEHNICIAN IN GASTRONOMIE": 26, "TEHNICIAN IN ACTIVITATI DE COMERT": 25, "TEHNICIAN ECOLOG SI PROTECTIA CALITATII MEDIULUI": 6, "TEHNICIAN TRANSPORTURI": 4, "TEHNICIAN IN AGROTURISM": 5, "TEHNICIAN IN AUTOMATIZARI": 1, "TEHNICIAN HORTICULTOR": 1, "TEHNICIAN MECANIC PENTRU INTRETINERE SI REPARATII": 1, "TEHNICIAN MECATRONIST": 1}, "limba_moderna": {"LIMBA ENGLEZA": 65, "LIMBA FRANCEZA": 5}, "limba_materna": {"LIMBA ROMANA": 70}, "promotie_anterioara": {"NU": 52, "DA": 18}, "materii": {"LIMBA ROMANA": {"medie": 5.471739130434784, "reusita": 77.14285714285715, "cnt": 70}, "GENERAL": {"medie": 5.42412935323383, "reusita": 31.428571428571427, "cnt": 70}, "LOGICA, ARGUMENTARE SI COMUNICARE": {"medie": 6.2, "reusita": 81.81818181818183, "cnt": 11}, "GEOGRAFIE": {"medie": 7.0217948717948735, "reusita": 90.0, "cnt": 40}, "ANATOMIE SI FIZIOLOGIE UMANA, GENETICA SI ECOLOGIE UMANA": {"medie": 5.268750000000002, "reusita": 62.5, "cnt": 8}, "BIOLOGIE VEGETALA SI ANIMALA": {"medie": 3.905, "reusita": 36.36363636363637, "cnt": 11}, "MATEMATICA TEHN": {"medie": 4.5102941176470575, "reusita": 51.42857142857142, "cnt": 70}}, "nume": "LICEUL AGRICOL \"DR. C. ANGELESCU\" MUNICIPIUL BUZAU\tBuz\u0103u"}