{"specializari": {"FILOLOGIE": 56, "STIINTE ALE NATURII": 27, "TEHNICIAN IN ACTIVITATI ECONOMICE": 30, "MATEMATICA-INFORMATICA": 10, "TEHNICIAN IN GASTRONOMIE": 1}, "limba_moderna": {"LIMBA ENGLEZA": 121, "LIMBA FRANCEZA": 3}, "limba_materna": {"LIMBA ROMANA": 124}, "promotie_anterioara": {"NU": 110, "DA": 14}, "materii": {"LIMBA ROMANA": {"medie": 5.951219512195121, "reusita": 71.7741935483871, "cnt": 124}, "MATEMATICA MATE-INFO": {"medie": 2.9899999999999998, "reusita": 20.0, "cnt": 10}, "INFORMATICA MI C/C++": {"medie": 2.49, "reusita": 20.0, "cnt": 5}, "GENERAL": {"medie": 6.2390710382513666, "reusita": 52.41935483870967, "cnt": 124}, "ISTORIE": {"medie": 6.217857142857143, "reusita": 75.0, "cnt": 56}, "MATEMATICA ST-NAT": {"medie": 6.2740740740740755, "reusita": 74.07407407407408, "cnt": 27}, "GEOGRAFIE": {"medie": 7.89140625, "reusita": 100.0, "cnt": 64}, "PSIHOLOGIE": {"medie": 6.340909090909091, "reusita": 90.9090909090909, "cnt": 22}, "ANATOMIE SI FIZIOLOGIE UMANA, GENETICA SI ECOLOGIE UMANA": {"medie": 7.129032258064514, "reusita": 90.32258064516128, "cnt": 31}, "INFORMATICA SN C/C++": {"medie": 7.65, "reusita": 100.0, "cnt": 1}, "FILOSOFIE": {"medie": 7.4, "reusita": 100.0, "cnt": 1}, "MATEMATICA TEHN": {"medie": 4.508333333333334, "reusita": 41.935483870967744, "cnt": 31}}, "nume": "LICEUL \"ALEXANDRU ODOBESCU\" LEHLIU GARA\tC\u0103l\u0103ra\u0219i"}