{"specializari": {"TEHNICIAN HIDRO-METEOROLOG": 2, "TEHNICIAN IN AGRICULTURA": 5, "TEHNICIAN IN ACTIVITATI ECONOMICE": 1, "TEHNICIAN ECOLOG SI PROTECTIA CALITATII MEDIULUI": 25}, "limba_moderna": {"LIMBA ENGLEZA": 33}, "limba_materna": {"LIMBA ROMANA": 33}, "promotie_anterioara": {"DA": 8, "NU": 25}, "materii": {"LIMBA ROMANA": {"medie": 4.0625, "reusita": 15.151515151515152, "cnt": 33}, "GENERAL": {"medie": 3.468333333333333, "reusita": 6.0606060606060606, "cnt": 33}, "GEOGRAFIE": {"medie": 6.75, "reusita": 100.0, "cnt": 1}, "ANATOMIE SI FIZIOLOGIE UMANA, GENETICA SI ECOLOGIE UMANA": {"medie": 3.0888888888888895, "reusita": 4.166666666666666, "cnt": 24}, "BIOLOGIE VEGETALA SI ANIMALA": {"medie": 4.125, "reusita": 12.5, "cnt": 8}, "MATEMATICA TEHN": {"medie": 2.69, "reusita": 6.0606060606060606, "cnt": 33}}, "nume": "LICEUL AGRICOL POARTA ALBA\tConstan\u021ba"}