{"specializari": {"STIINTE ALE NATURII": 28, "FILOLOGIE": 33, "TEHNICIAN IN INDUSTRIA ALIMENTARA": 2}, "limba_moderna": {"LIMBA ENGLEZA": 61, "LIMBA FRANCEZA": 2}, "limba_materna": {"LIMBA ROMANA": 63}, "promotie_anterioara": {"NU": 59, "DA": 4}, "materii": {"LIMBA ROMANA": {"medie": 6.160483870967743, "reusita": 79.36507936507937, "cnt": 63}, "GENERAL": {"medie": 6.030107526881719, "reusita": 58.730158730158735, "cnt": 63}, "ISTORIE": {"medie": 6.678787878787878, "reusita": 93.93939393939394, "cnt": 33}, "LOGICA, ARGUMENTARE SI COMUNICARE": {"medie": 3.55, "reusita": 0.0, "cnt": 1}, "MATEMATICA ST-NAT": {"medie": 4.082142857142857, "reusita": 39.285714285714285, "cnt": 28}, "FIZICA TEO": {"medie": 9.05, "reusita": 100.0, "cnt": 2}, "GEOGRAFIE": {"medie": 7.61875, "reusita": 96.875, "cnt": 32}, "ANATOMIE SI FIZIOLOGIE UMANA, GENETICA SI ECOLOGIE UMANA": {"medie": 5.129629629629629, "reusita": 50.0, "cnt": 28}, "MATEMATICA TEHN": {"medie": 1.0, "reusita": 0.0, "cnt": 2}}, "nume": "LICEUL \"STEFAN DIACONESCU\" POTCOAVA\tOlt"}