{"specializari": {"TEHNICIAN ECOLOG SI PROTECTIA CALITATII MEDIULUI": 18, "TEHNICIAN DE TELECOMUNICATII": 2, "STIINTE ALE NATURII": 1}, "limba_moderna": {"LIMBA ENGLEZA": 20, "LIMBA FRANCEZA": 1}, "limba_materna": {"LIMBA ROMANA": 21}, "promotie_anterioara": {"NU": 17, "DA": 4}, "materii": {"LIMBA ROMANA": {"medie": 6.0424999999999995, "reusita": 80.95238095238095, "cnt": 21}, "GENERAL": {"medie": 6.192500000000001, "reusita": 52.38095238095239, "cnt": 21}, "MATEMATICA ST-NAT": {"medie": 5.0, "reusita": 100.0, "cnt": 1}, "ANATOMIE SI FIZIOLOGIE UMANA, GENETICA SI ECOLOGIE UMANA": {"medie": 8.35, "reusita": 100.0, "cnt": 1}, "BIOLOGIE VEGETALA SI ANIMALA": {"medie": 5.421428571428572, "reusita": 53.333333333333336, "cnt": 15}, "MATEMATICA TEHN": {"medie": 6.878947368421054, "reusita": 90.0, "cnt": 20}, "CHIMIE ANORGANICA TEH NIVEL I/II": {"medie": 6.15, "reusita": 80.0, "cnt": 5}}, "nume": "LICEUL \"CORNELIU MEDREA\" ZLATNA\tAlba"}