{"specializari": {"FILOLOGIE": 56, "STIINTE ALE NATURII": 27, "TEHNICIAN IN ACTIVITATI ECONOMICE": 30, "MATEMATICA-INFORMATICA": 10, "TEHNICIAN IN GASTRONOMIE": 1}, "limba_moderna": {"LIMBA ENGLEZA": 121, "LIMBA FRANCEZA": 3}, "limba_materna": {"LIMBA ROMANA": 124}, "promotie_anterioara": {"NU": 110, "DA": 14}, "materii": {"LIMBA ROMANA": {"medie": 6.118292682926829, "reusita": 79.03225806451613, "cnt": 124}, "MATEMATICA MATE-INFO": {"medie": 3.08, "reusita": 20.0, "cnt": 10}, "INFORMATICA MI C/C++": {"medie": 2.49, "reusita": 20.0, "cnt": 5}, "GENERAL": {"medie": 6.29931693989071, "reusita": 57.25806451612904, "cnt": 124}, "ISTORIE": {"medie": 6.244642857142858, "reusita": 73.21428571428571, "cnt": 56}, "GEOGRAFIE": {"medie": 7.894531249999999, "reusita": 100.0, "cnt": 64}, "MATEMATICA ST-NAT": {"medie": 6.281481481481483, "reusita": 77.77777777777779, "cnt": 27}, "PSIHOLOGIE": {"medie": 6.243181818181819, "reusita": 81.81818181818183, "cnt": 22}, "ANATOMIE SI FIZIOLOGIE UMANA, GENETICA SI ECOLOGIE UMANA": {"medie": 7.156451612903225, "reusita": 90.32258064516128, "cnt": 31}, "INFORMATICA SN C/C++": {"medie": 7.65, "reusita": 100.0, "cnt": 1}, "FILOSOFIE": {"medie": 8.45, "reusita": 100.0, "cnt": 1}, "MATEMATICA TEHN": {"medie": 4.473333333333334, "reusita": 41.935483870967744, "cnt": 31}}, "nume": "LICEUL \"ALEXANDRU ODOBESCU\" LEHLIU GARA\tC\u0103l\u0103ra\u0219i"}