{"specializari": {"STIINTE ALE NATURII": 41, "FILOLOGIE": 54, "TEHNICIAN OPERATOR TEHNICA DE CALCUL": 1, "MATEMATICA-INFORMATICA": 1}, "limba_moderna": {"LIMBA ENGLEZA": 97}, "limba_materna": {"LIMBA ROMANA": 37, "LIMBA MAGHIARA": 60}, "promotie_anterioara": {"NU": 89, "DA": 8}, "materii": {"LIMBA ROMANA": {"medie": 5.799999999999998, "reusita": 73.19587628865979, "cnt": 97}, "MATEMATICA MATE-INFO": {"medie": 1.35, "reusita": 0.0, "cnt": 1}, "GENERAL": {"medie": 6.843127147766324, "reusita": 64.94845360824742, "cnt": 97}, "ISTORIE": {"medie": 6.420370370370371, "reusita": 87.03703703703704, "cnt": 54}, "LOGICA, ARGUMENTARE SI COMUNICARE": {"medie": 10.0, "reusita": 100.0, "cnt": 1}, "GEOGRAFIE": {"medie": 7.407954545454545, "reusita": 95.45454545454545, "cnt": 44}, "FIZICA TEO": {"medie": 8.108333333333333, "reusita": 100.0, "cnt": 6}, "CHIMIE ORGANICA TEO NIVEL I/II": {"medie": 8.85, "reusita": 100.0, "cnt": 2}, "MATEMATICA ST-NAT": {"medie": 7.602439024390245, "reusita": 97.5609756097561, "cnt": 41}, "PSIHOLOGIE": {"medie": 6.505555555555556, "reusita": 88.88888888888889, "cnt": 9}, "ANATOMIE SI FIZIOLOGIE UMANA, GENETICA SI ECOLOGIE UMANA": {"medie": 7.806818181818182, "reusita": 95.45454545454545, "cnt": 22}, "CHIMIE ANORGANICA TEO NIVEL I/II": {"medie": 7.825, "reusita": 100.0, "cnt": 8}, "BIOLOGIE VEGETALA SI ANIMALA": {"medie": 5.3, "reusita": 100.0, "cnt": 2}, "INFORMATICA SN C/C++": {"medie": 8.183333333333332, "reusita": 100.0, "cnt": 3}, "MATEMATICA TEHN": {"medie": 7.3, "reusita": 100.0, "cnt": 1}, "LIMBA MAGHIARA (REAL)": {"medie": 7.716666666666667, "reusita": 100.0, "cnt": 30}, "LIMBA MAGHIARA (UMAN)": {"medie": 7.121666666666666, "reusita": 100.0, "cnt": 30}}, "nume": "LICEUL \"KOROSI CSOMA SANDOR\" COVASNA\tCovasna"}