{"specializari": {"FILOLOGIE": 30, "STIINTE ALE NATURII": 33, "TEHNICIAN OPERATOR TEHNICA DE CALCUL": 30, "MATEMATICA-INFORMATICA": 26, "TEHNICIAN MECATRONIST": 28, "TEHNICIAN ELECTROTEHNIST": 29, "STIINTE SOCIALE": 1}, "limba_moderna": {"LIMBA ENGLEZA": 162, "LIMBA FRANCEZA": 15}, "limba_materna": {"LIMBA ROMANA": 177}, "promotie_anterioara": {"NU": 150, "DA": 27}, "materii": {"LIMBA ROMANA": {"medie": 6.297965116279071, "reusita": 85.87570621468926, "cnt": 177}, "MATEMATICA MATE-INFO": {"medie": 5.291999999999999, "reusita": 61.53846153846154, "cnt": 26}, "INFORMATICA MI C/C++": {"medie": 9.024999999999999, "reusita": 100.0, "cnt": 2}, "GENERAL": {"medie": 6.363708086785013, "reusita": 58.75706214689266, "cnt": 177}, "ISTORIE": {"medie": 7.716129032258063, "reusita": 96.7741935483871, "cnt": 31}, "LOGICA, ARGUMENTARE SI COMUNICARE": {"medie": 8.440000000000001, "reusita": 100.0, "cnt": 10}, "MATEMATICA ST-NAT": {"medie": 6.560937500000001, "reusita": 87.87878787878788, "cnt": 33}, "FIZICA TEO": {"medie": 7.3500000000000005, "reusita": 100.0, "cnt": 3}, "GEOGRAFIE": {"medie": 8.24047619047619, "reusita": 100.0, "cnt": 21}, "ANATOMIE SI FIZIOLOGIE UMANA, GENETICA SI ECOLOGIE UMANA": {"medie": 7.075000000000004, "reusita": 93.02325581395348, "cnt": 43}, "CHIMIE ANORGANICA TEO NIVEL I/II": {"medie": 9.4, "reusita": 100.0, "cnt": 1}, "BIOLOGIE VEGETALA SI ANIMALA": {"medie": 5.482795698924734, "reusita": 62.5, "cnt": 96}, "MATEMATICA TEHN": {"medie": 5.823493975903615, "reusita": 75.86206896551724, "cnt": 87}, "INFORMATICA MI PASCAL": {"medie": 5.35, "reusita": 100.0, "cnt": 1}}, "nume": "LICEUL \"TRAIAN VUIA\" CRAIOVA\tDolj"}