{"specializari": {"MATEMATICA-INFORMATICA": 20, "FILOLOGIE": 24, "TEHNICIAN IN ACTIVITATI ECONOMICE": 15, "STIINTE ALE NATURII": 2, "TEHNICIAN MECANIC PENTRU INTRETINERE SI REPARATII": 2}, "limba_moderna": {"LIMBA FRANCEZA": 5, "LIMBA ENGLEZA": 58}, "limba_materna": {"LIMBA ROMANA": 63}, "promotie_anterioara": {"NU": 52, "DA": 11}, "materii": {"LIMBA ROMANA": {"medie": 6.309677419354837, "reusita": 85.71428571428571, "cnt": 63}, "MATEMATICA MATE-INFO": {"medie": 6.577500000000001, "reusita": 90.0, "cnt": 20}, "INFORMATICA MI C/C++": {"medie": 7.85, "reusita": 80.0, "cnt": 5}, "GENERAL": {"medie": 6.6169398907103805, "reusita": 73.01587301587301, "cnt": 63}, "ISTORIE": {"medie": 6.791666666666668, "reusita": 95.83333333333334, "cnt": 24}, "MATEMATICA ST-NAT": {"medie": 8.15, "reusita": 100.0, "cnt": 2}, "GEOGRAFIE": {"medie": 7.226315789473685, "reusita": 89.74358974358975, "cnt": 39}, "ANATOMIE SI FIZIOLOGIE UMANA, GENETICA SI ECOLOGIE UMANA": {"medie": 7.182352941176469, "reusita": 100.0, "cnt": 17}, "BIOLOGIE VEGETALA SI ANIMALA": {"medie": "-", "reusita": 0.0, "cnt": 1}, "MATEMATICA TEHN": {"medie": 4.959999999999999, "reusita": 64.70588235294117, "cnt": 17}, "CHIMIE ANORGANICA TEH NIVEL I/II": {"medie": 2.6, "reusita": 0.0, "cnt": 1}}, "nume": "LICEUL \"AUREL RAINU\" FIENI\tD\u00e2mbovi\u021ba"}