{"specializari": {"STIINTE ALE NATURII": 27, "STIINTE SOCIALE": 1}, "limba_moderna": {"LIMBA ENGLEZA": 28}, "limba_materna": {"LIMBA ROMANA": 28}, "promotie_anterioara": {"NU": 25, "DA": 3}, "materii": {"LIMBA ROMANA": {"medie": 6.173214285714287, "reusita": 82.14285714285714, "cnt": 28}, "GENERAL": {"medie": 5.938888888888889, "reusita": 42.857142857142854, "cnt": 28}, "ISTORIE": {"medie": 5.0, "reusita": 100.0, "cnt": 1}, "MATEMATICA ST-NAT": {"medie": 5.26153846153846, "reusita": 55.55555555555556, "cnt": 27}, "PSIHOLOGIE": {"medie": 6.5, "reusita": 100.0, "cnt": 1}, "ANATOMIE SI FIZIOLOGIE UMANA, GENETICA SI ECOLOGIE UMANA": {"medie": 6.127777777777777, "reusita": 85.18518518518519, "cnt": 27}}, "nume": "LICEUL \"REGELE CAROL I\" OSTROV\tConstan\u021ba"}