{"specializari": {"MATEMATICA-INFORMATICA": 20, "TEHNICIAN IN TURISM": 2, "TEHNICIAN IN GASTRONOMIE": 4}, "limba_moderna": {"LIMBA ENGLEZA": 20, "LIMBA FRANCEZA": 6}, "limba_materna": {"LIMBA ROMANA": 26}, "promotie_anterioara": {"NU": 17, "DA": 9}, "materii": {"LIMBA ROMANA": {"medie": 6.707692307692307, "reusita": 92.3076923076923, "cnt": 26}, "MATEMATICA MATE-INFO": {"medie": 5.2625, "reusita": 65.0, "cnt": 20}, "GENERAL": {"medie": 6.236805555555556, "reusita": 53.84615384615385, "cnt": 26}, "GEOGRAFIE": {"medie": 6.67, "reusita": 83.33333333333334, "cnt": 6}, "ANATOMIE SI FIZIOLOGIE UMANA, GENETICA SI ECOLOGIE UMANA": {"medie": 7.015789473684211, "reusita": 75.0, "cnt": 20}, "MATEMATICA TEHN": {"medie": 4.691666666666666, "reusita": 66.66666666666666, "cnt": 6}}, "nume": "LICEUL \"HERCULES\" BAILE HERCULANE\tCara\u0219-Severin"}