{"specializari": {"STIINTE ALE NATURII": 32, "INVATATOR - EDUCATOARE": 25, "INSTRUCTOR PENTRU ACTIVITATI EXTRASCOLARE": 18}, "limba_moderna": {"LIMBA ENGLEZA": 74, "LIMBA FRANCEZA": 1}, "limba_materna": {"LIMBA ROMANA": 75}, "promotie_anterioara": {"NU": 66, "DA": 9}, "materii": {"LIMBA ROMANA": {"medie": 6.475694444444442, "reusita": 80.0, "cnt": 75}, "GENERAL": {"medie": 6.600952380952381, "reusita": 53.333333333333336, "cnt": 75}, "ISTORIE": {"medie": 5.258823529411764, "reusita": 44.44444444444444, "cnt": 18}, "GEOGRAFIE": {"medie": 8.052564102564103, "reusita": 90.2439024390244, "cnt": 41}, "MATEMATICA ST-NAT": {"medie": 5.713333333333335, "reusita": 65.625, "cnt": 32}, "PSIHOLOGIE": {"medie": 5.5, "reusita": 100.0, "cnt": 2}, "ANATOMIE SI FIZIOLOGIE UMANA, GENETICA SI ECOLOGIE UMANA": {"medie": 5.776785714285714, "reusita": 58.620689655172406, "cnt": 29}, "BIOLOGIE VEGETALA SI ANIMALA": {"medie": 8.1, "reusita": 100.0, "cnt": 1}, "MATEMATICA PED": {"medie": 7.1375, "reusita": 84.0, "cnt": 25}, "INFORMATICA SN C/C++": {"medie": 9.9, "reusita": 100.0, "cnt": 2}}, "nume": "LICEUL \"MARIN PREDA\" ODORHEIU SECUIESC\tHarghita"}