{"specializari": {"TEHNICIAN MECATRONIST": 21, "MATEMATICA-INFORMATICA": 11, "STIINTE ALE NATURII": 4, "TEHNICIAN MECANIC PENTRU INTRETINERE SI REPARATII": 1}, "limba_moderna": {"LIMBA ENGLEZA": 21, "LIMBA FRANCEZA": 16}, "limba_materna": {"LIMBA ROMANA": 37}, "promotie_anterioara": {"DA": 16, "NU": 21}, "materii": {"LIMBA ROMANA": {"medie": 5.786486486486487, "reusita": 83.78378378378379, "cnt": 37}, "MATEMATICA MATE-INFO": {"medie": 4.309090909090909, "reusita": 36.36363636363637, "cnt": 11}, "GENERAL": {"medie": 4.920833333333332, "reusita": 21.62162162162162, "cnt": 37}, "MATEMATICA ST-NAT": {"medie": 6.233333333333333, "reusita": 75.0, "cnt": 4}, "FIZICA TEO": {"medie": 3.3, "reusita": 0.0, "cnt": 1}, "BIOLOGIE VEGETALA SI ANIMALA": {"medie": 4.635714285714286, "reusita": 45.714285714285715, "cnt": 35}, "MATEMATICA TEHN": {"medie": 4.113636363636363, "reusita": 50.0, "cnt": 22}, "CHIMIE ORGANICA TEH NIVEL I/II": {"medie": 1.6, "reusita": 0.0, "cnt": 1}}, "nume": "LICEUL \"CAROL I \", ORASUL PLOPENI\tPrahova"}