{"specializari": {"TEHNICIAN IN ACTIVITATI ECONOMICE": 16, "ORGANIZATOR BANQUETING": 1}, "limba_moderna": {"LIMBA ENGLEZA": 17}, "limba_materna": {"LIMBA ROMANA": 17}, "promotie_anterioara": {"NU": 13, "DA": 4}, "materii": {"LIMBA ROMANA": {"medie": 5.646875, "reusita": 76.47058823529412, "cnt": 17}, "GENERAL": {"medie": 6.183333333333334, "reusita": 58.82352941176471, "cnt": 17}, "GEOGRAFIE": {"medie": 6.887499999999999, "reusita": 87.5, "cnt": 16}, "ECONOMIE": {"medie": 6.0, "reusita": 100.0, "cnt": 1}, "MATEMATICA TEHN": {"medie": 6.005882352941177, "reusita": 88.23529411764706, "cnt": 17}}, "nume": "LICEUL \"PETRU RARES\" FELDIOARA\tBra\u0219ov"}