{"specializari": {"FILOLOGIE": 33, "MATEMATICA-INFORMATICA": 30, "TEHNICIAN MECANIC PENTRU INTRETINERE SI REPARATII": 9, "TEHNICIAN IN INSTALATII ELECTRICE": 4, "TEHNICIAN PRELUCRARI MECANICE": 2}, "limba_moderna": {"LIMBA ENGLEZA": 78}, "limba_materna": {"LIMBA ROMANA": 78}, "promotie_anterioara": {"NU": 62, "DA": 16}, "materii": {"LIMBA ROMANA": {"medie": 6.421333333333333, "reusita": 89.74358974358975, "cnt": 78}, "MATEMATICA MATE-INFO": {"medie": 5.908620689655173, "reusita": 70.0, "cnt": 30}, "INFORMATICA MI C/C++": {"medie": 6.625, "reusita": 100.0, "cnt": 2}, "GENERAL": {"medie": 6.399047619047617, "reusita": 55.12820512820513, "cnt": 78}, "ISTORIE": {"medie": 6.7593749999999995, "reusita": 93.93939393939394, "cnt": 33}, "GEOGRAFIE": {"medie": 7.528125, "reusita": 93.93939393939394, "cnt": 33}, "ANATOMIE SI FIZIOLOGIE UMANA, GENETICA SI ECOLOGIE UMANA": {"medie": 6.314285714285715, "reusita": 85.71428571428571, "cnt": 28}, "BIOLOGIE VEGETALA SI ANIMALA": {"medie": 4.1125, "reusita": 26.666666666666668, "cnt": 15}, "MATEMATICA TEHN": {"medie": 4.177777777777778, "reusita": 33.33333333333333, "cnt": 15}}, "nume": "LICEUL \"ATANASIE MARIENESCU\" LIPOVA\tArad"}