{"specializari": {"TEHNICIAN IN ACTIVITATI ECONOMICE": 16, "ORGANIZATOR BANQUETING": 1}, "limba_moderna": {"LIMBA ENGLEZA": 17}, "limba_materna": {"LIMBA ROMANA": 17}, "promotie_anterioara": {"NU": 13, "DA": 4}, "materii": {"LIMBA ROMANA": {"medie": 5.528125, "reusita": 76.47058823529412, "cnt": 17}, "GENERAL": {"medie": 6.152083333333334, "reusita": 52.94117647058824, "cnt": 17}, "GEOGRAFIE": {"medie": 6.8, "reusita": 87.5, "cnt": 16}, "MATEMATICA TEHN": {"medie": 6.111764705882353, "reusita": 88.23529411764706, "cnt": 17}, "ECONOMIE": {"medie": 6.0, "reusita": 100.0, "cnt": 1}}, "nume": "LICEUL \"PETRU RARES\" FELDIOARA\tBra\u0219ov"}