{"specializari": {"STIINTE SOCIALE": 33, "FILOLOGIE": 33, "STIINTE ALE NATURII": 25}, "limba_moderna": {"LIMBA FRANCEZA": 51, "LIMBA ENGLEZA": 40}, "limba_materna": {"LIMBA ROMANA": 91}, "promotie_anterioara": {"NU": 90, "DA": 1}, "materii": {"LIMBA ROMANA": {"medie": 7.189010989010989, "reusita": 98.9010989010989, "cnt": 91}, "GENERAL": {"medie": 7.510805860805858, "reusita": 89.01098901098901, "cnt": 91}, "ISTORIE": {"medie": 7.518939393939395, "reusita": 100.0, "cnt": 66}, "LOGICA, ARGUMENTARE SI COMUNICARE": {"medie": 8.904838709677417, "reusita": 100.0, "cnt": 62}, "GEOGRAFIE": {"medie": 8.4625, "reusita": 100.0, "cnt": 4}, "FIZICA TEO": {"medie": 6.525, "reusita": 100.0, "cnt": 2}, "MATEMATICA ST-NAT": {"medie": 5.9719999999999995, "reusita": 80.0, "cnt": 25}, "ANATOMIE SI FIZIOLOGIE UMANA, GENETICA SI ECOLOGIE UMANA": {"medie": 6.470454545454547, "reusita": 95.45454545454545, "cnt": 22}, "INFORMATICA SN C/C++": {"medie": 9.35, "reusita": 100.0, "cnt": 1}}, "nume": "LICEUL \"VOLTAIRE\" CRAIOVA\tDolj"}