{"specializari": {"FILOLOGIE": 19, "TEHNICIAN OPERATOR TEHNICA DE CALCUL": 11, "TEHNICIAN ELECTROMECANIC": 1, "TEHNICIAN MECANIC PENTRU INTRETINERE SI REPARATII": 1}, "limba_moderna": {"LIMBA ENGLEZA": 31, "LIMBA GERMANA MODERNA": 1}, "limba_materna": {"LIMBA ROMANA": 32}, "promotie_anterioara": {"NU": 25, "DA": 7}, "materii": {"LIMBA ROMANA": {"medie": 6.548333333333334, "reusita": 81.25, "cnt": 32}, "GENERAL": {"medie": 6.721264367816093, "reusita": 53.125, "cnt": 32}, "ISTORIE": {"medie": 6.611111111111111, "reusita": 78.94736842105263, "cnt": 19}, "LOGICA, ARGUMENTARE SI COMUNICARE": {"medie": 9.583333333333334, "reusita": 100.0, "cnt": 3}, "GEOGRAFIE": {"medie": 6.414285714285713, "reusita": 80.0, "cnt": 15}, "PSIHOLOGIE": {"medie": 6.1, "reusita": 100.0, "cnt": 1}, "BIOLOGIE VEGETALA SI ANIMALA": {"medie": 6.958333333333335, "reusita": 76.92307692307693, "cnt": 13}, "MATEMATICA TEHN": {"medie": 6.4772727272727275, "reusita": 69.23076923076923, "cnt": 13}}, "nume": "LICEUL \"MATHIAS HAMMER\" ANINA\tCara\u0219-Severin"}