{"specializari": {"INVATATOR - EDUCATOARE": 24, "MATEMATICA-INFORMATICA": 26, "STIINTE ALE NATURII": 24, "EDUCATOR-PUERICULTOR": 28}, "limba_moderna": {"LIMBA ENGLEZA": 102}, "limba_materna": {"LIMBA ROMANA": 102}, "promotie_anterioara": {"NU": 101, "DA": 1}, "materii": {"LIMBA ROMANA": {"medie": 7.655882352941178, "reusita": 100.0, "cnt": 102}, "MATEMATICA MATE-INFO": {"medie": 7.338461538461539, "reusita": 96.15384615384616, "cnt": 26}, "INFORMATICA MI C/C++": {"medie": 8.23125, "reusita": 100.0, "cnt": 8}, "GENERAL": {"medie": 7.970627062706268, "reusita": 92.15686274509804, "cnt": 102}, "ISTORIE": {"medie": 6.771428571428572, "reusita": 89.28571428571429, "cnt": 28}, "LOGICA, ARGUMENTARE SI COMUNICARE": {"medie": 8.848780487804879, "reusita": 97.61904761904762, "cnt": 42}, "MATEMATICA ST-NAT": {"medie": 8.497916666666667, "reusita": 100.0, "cnt": 24}, "FIZICA TEO": {"medie": 7.3, "reusita": 83.33333333333334, "cnt": 6}, "GEOGRAFIE": {"medie": 7.654999999999999, "reusita": 100.0, "cnt": 10}, "ANATOMIE SI FIZIOLOGIE UMANA, GENETICA SI ECOLOGIE UMANA": {"medie": 8.328000000000001, "reusita": 100.0, "cnt": 25}, "CHIMIE ANORGANICA TEO NIVEL I/II": {"medie": 8.309999999999999, "reusita": 100.0, "cnt": 10}, "INFORMATICA SN C/C++": {"medie": 7.85, "reusita": 100.0, "cnt": 1}, "MATEMATICA PED": {"medie": 8.804166666666669, "reusita": 95.83333333333334, "cnt": 24}}, "nume": "LICEUL \"ANDREI MURESANU\" BRASOV\tBra\u0219ov"}