{"specializari": {"MATEMATICA-INFORMATICA": 14, "STIINTE SOCIALE": 19, "TEHNICIAN IN ACTIVITATI ECONOMICE": 13, "FILOLOGIE": 23, "TEHNICIAN IN GASTRONOMIE": 1, "TEHNICIAN IN SILVICULTURA SI EXPLOATARI FORESTIERE": 2, "TEHNICIAN IN ACTIVITATI DE COMERT": 1, "ORGANIZATOR BANQUETING": 1}, "limba_moderna": {"LIMBA ENGLEZA": 68, "LIMBA FRANCEZA": 6}, "limba_materna": {"LIMBA ROMANA": 74}, "promotie_anterioara": {"NU": 54, "DA": 20}, "materii": {"LIMBA ROMANA": {"medie": 5.709859154929576, "reusita": 72.97297297297297, "cnt": 74}, "MATEMATICA MATE-INFO": {"medie": 6.857692307692308, "reusita": 78.57142857142857, "cnt": 14}, "INFORMATICA MI C/C++": {"medie": 7.033333333333334, "reusita": 100.0, "cnt": 3}, "GENERAL": {"medie": 6.021717171717171, "reusita": 39.189189189189186, "cnt": 74}, "ISTORIE": {"medie": 5.410975609756096, "reusita": 66.66666666666666, "cnt": 42}, "GEOGRAFIE": {"medie": 6.7782608695652184, "reusita": 83.6734693877551, "cnt": 49}, "PSIHOLOGIE": {"medie": 5.062499999999999, "reusita": 37.5, "cnt": 8}, "SOCIOLOGIE": {"medie": 8.9, "reusita": 100.0, "cnt": 1}, "ANATOMIE SI FIZIOLOGIE UMANA, GENETICA SI ECOLOGIE UMANA": {"medie": 6.577272727272727, "reusita": 72.72727272727273, "cnt": 11}, "BIOLOGIE VEGETALA SI ANIMALA": {"medie": 5.550000000000001, "reusita": 100.0, "cnt": 2}, "MATEMATICA TEHN": {"medie": 4.246874999999999, "reusita": 50.0, "cnt": 18}}, "nume": "LICEUL \"SIMION MEHEDINTI\" VIDRA\tVrancea"}