{"specializari": {"STIINTE ALE NATURII": 54, "TEHNICIAN IN AGRICULTURA": 21, "TEHNICIAN AGRONOM": 1}, "limba_moderna": {"LIMBA ENGLEZA": 75, "LIMBA FRANCEZA": 1}, "limba_materna": {"LIMBA ROMANA": 76}, "promotie_anterioara": {"NU": 68, "DA": 8}, "materii": {"LIMBA ROMANA": {"medie": 6.284507042253522, "reusita": 81.57894736842105, "cnt": 76}, "GENERAL": {"medie": 5.710714285714289, "reusita": 38.15789473684211, "cnt": 76}, "MATEMATICA ST-NAT": {"medie": 5.626851851851852, "reusita": 64.81481481481481, "cnt": 54}, "FIZICA TEO": {"medie": 8.05, "reusita": 100.0, "cnt": 1}, "ANATOMIE SI FIZIOLOGIE UMANA, GENETICA SI ECOLOGIE UMANA": {"medie": 5.388709677419356, "reusita": 52.94117647058824, "cnt": 68}, "CHIMIE ANORGANICA TEO NIVEL I/II": {"medie": 8.235714285714286, "reusita": 100.0, "cnt": 7}, "MATEMATICA TEHN": {"medie": 3.2588235294117647, "reusita": 22.727272727272727, "cnt": 22}}, "nume": "LICEUL \"DEMOSTENE BOTEZ\" TRUSESTI\tBoto\u0219ani"}