{"specializari": {"MATEMATICA-INFORMATICA": 23, "FILOLOGIE": 25, "TEHNICIAN ECOLOG SI PROTECTIA CALITATII MEDIULUI": 13}, "limba_moderna": {"LIMBA ENGLEZA": 61}, "limba_materna": {"LIMBA ROMANA": 61}, "promotie_anterioara": {"NU": 57, "DA": 4}, "materii": {"LIMBA ROMANA": {"medie": 7.3853448275862075, "reusita": 86.88524590163934, "cnt": 61}, "MATEMATICA MATE-INFO": {"medie": 7.658695652173915, "reusita": 91.30434782608695, "cnt": 23}, "GENERAL": {"medie": 7.1035087719298255, "reusita": 68.85245901639344, "cnt": 61}, "ISTORIE": {"medie": 7.2, "reusita": 88.0, "cnt": 25}, "LOGICA, ARGUMENTARE SI COMUNICARE": {"medie": 6.7, "reusita": 100.0, "cnt": 2}, "GEOGRAFIE": {"medie": 8.7, "reusita": 100.0, "cnt": 2}, "CHIMIE ORGANICA TEO NIVEL I/II": {"medie": 7.233333333333334, "reusita": 100.0, "cnt": 3}, "PSIHOLOGIE": {"medie": 9.125, "reusita": 100.0, "cnt": 2}, "SOCIOLOGIE": {"medie": 6.947058823529411, "reusita": 84.21052631578947, "cnt": 19}, "ANATOMIE SI FIZIOLOGIE UMANA, GENETICA SI ECOLOGIE UMANA": {"medie": 6.739062499999998, "reusita": 81.81818181818183, "cnt": 33}, "MATEMATICA TEHN": {"medie": 4.381818181818182, "reusita": 38.46153846153847, "cnt": 13}}, "nume": "LICEUL \"SIMION STOLNICU\", ORASUL COMARNIC\tPrahova"}