{"specializari": {"FILOLOGIE": 30, "MATEMATICA-INFORMATICA": 26, "STIINTE ALE NATURII": 33, "TEHNICIAN OPERATOR TEHNICA DE CALCUL": 30, "TEHNICIAN MECATRONIST": 28, "TEHNICIAN ELECTROTEHNIST": 29, "STIINTE SOCIALE": 1}, "limba_moderna": {"LIMBA ENGLEZA": 162, "LIMBA FRANCEZA": 15}, "limba_materna": {"LIMBA ROMANA": 177}, "promotie_anterioara": {"NU": 150, "DA": 27}, "materii": {"LIMBA ROMANA": {"medie": 6.379360465116281, "reusita": 89.26553672316385, "cnt": 177}, "MATEMATICA MATE-INFO": {"medie": 5.297999999999998, "reusita": 69.23076923076923, "cnt": 26}, "INFORMATICA MI C/C++": {"medie": 9.024999999999999, "reusita": 100.0, "cnt": 2}, "GENERAL": {"medie": 6.401084812623275, "reusita": 63.2768361581921, "cnt": 177}, "ISTORIE": {"medie": 7.8112903225806445, "reusita": 100.0, "cnt": 31}, "LOGICA, ARGUMENTARE SI COMUNICARE": {"medie": 8.45, "reusita": 100.0, "cnt": 10}, "GEOGRAFIE": {"medie": 8.245238095238097, "reusita": 100.0, "cnt": 21}, "FIZICA TEO": {"medie": 7.3500000000000005, "reusita": 100.0, "cnt": 3}, "MATEMATICA ST-NAT": {"medie": 6.576562500000001, "reusita": 90.9090909090909, "cnt": 33}, "ANATOMIE SI FIZIOLOGIE UMANA, GENETICA SI ECOLOGIE UMANA": {"medie": 7.020238095238097, "reusita": 90.69767441860465, "cnt": 43}, "CHIMIE ANORGANICA TEO NIVEL I/II": {"medie": 9.4, "reusita": 100.0, "cnt": 1}, "BIOLOGIE VEGETALA SI ANIMALA": {"medie": 5.5166666666666675, "reusita": 62.5, "cnt": 96}, "MATEMATICA TEHN": {"medie": 5.828915662650602, "reusita": 77.01149425287356, "cnt": 87}, "INFORMATICA MI PASCAL": {"medie": 5.35, "reusita": 100.0, "cnt": 1}}, "nume": "LICEUL \"TRAIAN VUIA\" CRAIOVA\tDolj"}