{"specializari": {"FILOLOGIE": 19, "STIINTE SOCIALE": 6, "TEHNICIAN IN ACTIVITATI DE COMERT": 2, "TEHNICIAN MECANIC PENTRU INTRETINERE SI REPARATII": 5, "STIINTE ALE NATURII": 6, "MATEMATICA-INFORMATICA": 3}, "limba_moderna": {"LIMBA ENGLEZA": 41}, "limba_materna": {"LIMBA ROMANA": 41}, "promotie_anterioara": {"NU": 16, "DA": 25}, "materii": {"LIMBA ROMANA": {"medie": 5.401282051282051, "reusita": 70.73170731707317, "cnt": 41}, "MATEMATICA MATE-INFO": {"medie": 3.95, "reusita": 0.0, "cnt": 3}, "GENERAL": {"medie": 5.546190476190476, "reusita": 31.70731707317073, "cnt": 41}, "ISTORIE": {"medie": 5.320833333333334, "reusita": 68.0, "cnt": 25}, "GEOGRAFIE": {"medie": 6.75, "reusita": 88.46153846153845, "cnt": 26}, "FIZICA TEO": {"medie": "-", "reusita": 0.0, "cnt": 1}, "MATEMATICA ST-NAT": {"medie": 3.35, "reusita": 16.666666666666664, "cnt": 6}, "ANATOMIE SI FIZIOLOGIE UMANA, GENETICA SI ECOLOGIE UMANA": {"medie": 6.5, "reusita": 66.66666666666666, "cnt": 3}, "BIOLOGIE VEGETALA SI ANIMALA": {"medie": 4.533333333333333, "reusita": 37.5, "cnt": 8}, "ECONOMIE": {"medie": "-", "reusita": 0.0, "cnt": 1}, "MATEMATICA TEHN": {"medie": 4.775000000000001, "reusita": 57.14285714285714, "cnt": 7}, "CHIMIE ORGANICA TEH NIVEL I/II": {"medie": 4.05, "reusita": 0.0, "cnt": 1}, "CHIMIE ANORGANICA TEH NIVEL I/II": {"medie": 5.9, "reusita": 100.0, "cnt": 1}}, "nume": "LICEUL \"DIMITRIE CANTEMIR\" BABADAG\tTulcea"}