{"specializari": {"STIINTE SOCIALE": 13}, "limba_moderna": {"LIMBA ENGLEZA": 13}, "limba_materna": {"LIMBA ROMANA": 13}, "promotie_anterioara": {"NU": 13}, "materii": {"LIMBA ROMANA": {"medie": 5.75, "reusita": 76.92307692307693, "cnt": 13}, "GENERAL": {"medie": 5.368055555555556, "reusita": 23.076923076923077, "cnt": 13}, "ISTORIE": {"medie": 4.591666666666666, "reusita": 30.76923076923077, "cnt": 13}, "LOGICA, ARGUMENTARE SI COMUNICARE": {"medie": 5.9625, "reusita": 75.0, "cnt": 4}, "GEOGRAFIE": {"medie": 5.6625, "reusita": 55.55555555555556, "cnt": 9}}, "nume": "LICEUL \"EDUCATIA VIITORULUI\" CONSTANTA\tConstan\u021ba"}