{"specializari": {"STIINTE SOCIALE": 68, "TEHNICIAN IN ACTIVITATI ECONOMICE": 11, "TEHNICIAN IN ACTIVITATI DE COMERT": 1, "STIINTE ALE NATURII": 4, "TEHNICIAN ECOLOG SI PROTECTIA CALITATII MEDIULUI": 1, "MATEMATICA-INFORMATICA": 2}, "limba_moderna": {"LIMBA ENGLEZA": 87}, "limba_materna": {"LIMBA ROMANA": 87}, "promotie_anterioara": {"NU": 70, "DA": 17}, "materii": {"LIMBA ROMANA": {"medie": 5.516249999999999, "reusita": 68.96551724137932, "cnt": 87}, "MATEMATICA MATE-INFO": {"medie": 3.4, "reusita": 0.0, "cnt": 2}, "GENERAL": {"medie": 5.686965811965811, "reusita": 39.08045977011494, "cnt": 87}, "ISTORIE": {"medie": 5.539516129032258, "reusita": 61.76470588235294, "cnt": 68}, "LOGICA, ARGUMENTARE SI COMUNICARE": {"medie": 8.1, "reusita": 100.0, "cnt": 1}, "MATEMATICA ST-NAT": {"medie": 2.8333333333333335, "reusita": 25.0, "cnt": 4}, "GEOGRAFIE": {"medie": 6.571538461538463, "reusita": 72.22222222222221, "cnt": 72}, "ANATOMIE SI FIZIOLOGIE UMANA, GENETICA SI ECOLOGIE UMANA": {"medie": 4.25, "reusita": 33.33333333333333, "cnt": 3}, "BIOLOGIE VEGETALA SI ANIMALA": {"medie": 5.816666666666666, "reusita": 50.0, "cnt": 4}, "SOCIOLOGIE": {"medie": 5.7, "reusita": 71.42857142857143, "cnt": 7}, "MATEMATICA TEHN": {"medie": 3.869230769230769, "reusita": 46.15384615384615, "cnt": 13}}, "nume": "LICEUL \"UDRISTE NASTUREL\" HOTARELE\tGiurgiu"}