{"specializari": {"STIINTE ALE NATURII": 44, "TEHNICIAN MECANIC PENTRU INTRETINERE SI REPARATII": 10, "TEHNICIAN PROIECTANT CAD": 10, "MATEMATICA-INFORMATICA": 1}, "limba_moderna": {"LIMBA ENGLEZA": 45, "LIMBA FRANCEZA": 20}, "limba_materna": {"LIMBA ROMANA": 65}, "promotie_anterioara": {"NU": 50, "DA": 15}, "materii": {"LIMBA ROMANA": {"medie": 5.81484375, "reusita": 81.53846153846153, "cnt": 65}, "MATEMATICA MATE-INFO": {"medie": 5.0, "reusita": 100.0, "cnt": 1}, "GENERAL": {"medie": 5.134656084656084, "reusita": 21.53846153846154, "cnt": 65}, "MATEMATICA ST-NAT": {"medie": 4.176744186046512, "reusita": 45.45454545454545, "cnt": 44}, "ANATOMIE SI FIZIOLOGIE UMANA, GENETICA SI ECOLOGIE UMANA": {"medie": 5.657954545454546, "reusita": 77.27272727272727, "cnt": 44}, "BIOLOGIE VEGETALA SI ANIMALA": {"medie": 4.057894736842106, "reusita": 35.0, "cnt": 20}, "MATEMATICA TEHN": {"medie": 4.976315789473684, "reusita": 65.0, "cnt": 20}, "FIZICA TEH": {"medie": 3.1, "reusita": 0.0, "cnt": 1}}, "nume": "LICEUL \"DIMITRIE NEGREANU\" BOTOSANI\tBoto\u0219ani"}