{"specializari": {"FILOLOGIE": 12}, "limba_moderna": {"LIMBA ENGLEZA": 12}, "limba_materna": {"LIMBA ROMANA": 12}, "promotie_anterioara": {"NU": 4, "DA": 8}, "materii": {"LIMBA ROMANA": {"medie": 4.845833333333334, "reusita": 58.333333333333336, "cnt": 12}, "GENERAL": {"medie": 4.936111111111111, "reusita": 25.0, "cnt": 12}, "ISTORIE": {"medie": 5.229166666666666, "reusita": 58.333333333333336, "cnt": 12}, "LOGICA, ARGUMENTARE SI COMUNICARE": {"medie": 2.7249999999999996, "reusita": 0.0, "cnt": 2}, "GEOGRAFIE": {"medie": 5.021428571428572, "reusita": 28.57142857142857, "cnt": 7}, "SOCIOLOGIE": {"medie": 6.4, "reusita": 100.0, "cnt": 2}, "ECONOMIE": {"medie": 3.4, "reusita": 0.0, "cnt": 1}}, "nume": "LICEUL \"PRIMA SCHOOL\" MUNICIPIUL BUZAU\tBuz\u0103u"}