{"specializari": {"STIINTE ALE NATURII": 54, "TEHNICIAN IN AGRICULTURA": 21, "TEHNICIAN AGRONOM": 1}, "limba_moderna": {"LIMBA ENGLEZA": 75, "LIMBA FRANCEZA": 1}, "limba_materna": {"LIMBA ROMANA": 76}, "promotie_anterioara": {"NU": 68, "DA": 8}, "materii": {"LIMBA ROMANA": {"medie": 6.342253521126761, "reusita": 84.21052631578947, "cnt": 76}, "GENERAL": {"medie": 5.749761904761907, "reusita": 42.10526315789473, "cnt": 76}, "FIZICA TEO": {"medie": 8.05, "reusita": 100.0, "cnt": 1}, "MATEMATICA ST-NAT": {"medie": 5.6, "reusita": 66.66666666666666, "cnt": 54}, "ANATOMIE SI FIZIOLOGIE UMANA, GENETICA SI ECOLOGIE UMANA": {"medie": 5.464516129032259, "reusita": 58.82352941176471, "cnt": 68}, "CHIMIE ANORGANICA TEO NIVEL I/II": {"medie": 8.278571428571428, "reusita": 100.0, "cnt": 7}, "MATEMATICA TEHN": {"medie": 3.2911764705882356, "reusita": 22.727272727272727, "cnt": 22}}, "nume": "LICEUL \"DEMOSTENE BOTEZ\" TRUSESTI\tBoto\u0219ani"}