{"specializari": {"FILOLOGIE": 29, "MATEMATICA-INFORMATICA": 12, "TEHNICIAN IN SILVICULTURA SI EXPLOATARI FORESTIERE": 5, "TEHNICIAN IN ACTIVITATI ECONOMICE": 1}, "limba_moderna": {"LIMBA ENGLEZA": 47}, "limba_materna": {"LIMBA ROMANA": 47}, "promotie_anterioara": {"NU": 40, "DA": 7}, "materii": {"LIMBA ROMANA": {"medie": 6.232222222222222, "reusita": 74.46808510638297, "cnt": 47}, "MATEMATICA MATE-INFO": {"medie": 6.458333333333333, "reusita": 83.33333333333334, "cnt": 12}, "INFORMATICA MI C/C++": {"medie": 8.55, "reusita": 100.0, "cnt": 1}, "GENERAL": {"medie": 6.635984848484845, "reusita": 61.702127659574465, "cnt": 47}, "ISTORIE": {"medie": 6.972413793103449, "reusita": 86.20689655172413, "cnt": 29}, "GEOGRAFIE": {"medie": 7.056666666666667, "reusita": 75.0, "cnt": 16}, "PSIHOLOGIE": {"medie": 7.8769230769230765, "reusita": 92.3076923076923, "cnt": 13}, "ANATOMIE SI FIZIOLOGIE UMANA, GENETICA SI ECOLOGIE UMANA": {"medie": 6.309375, "reusita": 75.0, "cnt": 16}, "FILOSOFIE": {"medie": 9.0, "reusita": 100.0, "cnt": 1}, "MATEMATICA TEHN": {"medie": 2.0375, "reusita": 16.666666666666664, "cnt": 6}}, "nume": "LICEUL \"IOAN BUTEANU\" GURAHONT\tArad"}