{"specializari": {"TEHNICIAN IN ACTIVITATI ECONOMICE": 22, "STIINTE SOCIALE": 31, "STIINTE ALE NATURII": 26, "TEHNICIAN MECANIC PENTRU INTRETINERE SI REPARATII": 1, "MATEMATICA-INFORMATICA": 1}, "limba_moderna": {"LIMBA ENGLEZA": 81}, "limba_materna": {"LIMBA ROMANA": 81}, "promotie_anterioara": {"NU": 74, "DA": 7}, "materii": {"LIMBA ROMANA": {"medie": 6.265625, "reusita": 80.24691358024691, "cnt": 81}, "MATEMATICA MATE-INFO": {"medie": 1.0, "reusita": 0.0, "cnt": 1}, "GENERAL": {"medie": 6.422807017543863, "reusita": 60.49382716049383, "cnt": 81}, "ISTORIE": {"medie": 7.903225806451611, "reusita": 100.0, "cnt": 31}, "LOGICA, ARGUMENTARE SI COMUNICARE": {"medie": 7.589285714285714, "reusita": 86.20689655172413, "cnt": 29}, "GEOGRAFIE": {"medie": 6.4125, "reusita": 71.42857142857143, "cnt": 21}, "FIZICA TEO": {"medie": 3.9250000000000003, "reusita": 50.0, "cnt": 2}, "MATEMATICA ST-NAT": {"medie": 5.674999999999999, "reusita": 73.07692307692307, "cnt": 26}, "PSIHOLOGIE": {"medie": 8.7, "reusita": 100.0, "cnt": 1}, "ANATOMIE SI FIZIOLOGIE UMANA, GENETICA SI ECOLOGIE UMANA": {"medie": 5.746000000000001, "reusita": 76.0, "cnt": 25}, "BIOLOGIE VEGETALA SI ANIMALA": {"medie": 3.95, "reusita": 0.0, "cnt": 1}, "FILOSOFIE": {"medie": 8.8, "reusita": 100.0, "cnt": 2}, "MATEMATICA TEHN": {"medie": 3.880555555555556, "reusita": 26.08695652173913, "cnt": 23}}, "nume": "LICEUL COBADIN\tConstan\u021ba"}