{"specializari": {"TEHNICIAN IN AGRICULTURA": 19, "TEHNICIAN IN ACTIVITATI ECONOMICE": 23, "TEHNICIAN ECOLOG SI PROTECTIA CALITATII MEDIULUI": 22, "TEHNICIAN VETERINAR": 23, "TEHNICIAN IN MORARIT, PANIFICATIE SI PRODUSE FAINOASE": 1, "TEHNICIAN IN SILVICULTURA SI EXPLOATARI FORESTIERE": 2, "TEHNICIAN IN INDUSTRIA ALIMENTARA": 2, "TEHNICIAN HORTICULTOR": 1, "TEHNICIAN IN AGROTURISM": 1}, "limba_moderna": {"LIMBA ENGLEZA": 94}, "limba_materna": {"LIMBA ROMANA": 94}, "promotie_anterioara": {"NU": 70, "DA": 24}, "materii": {"LIMBA ROMANA": {"medie": 4.316265060240963, "reusita": 25.53191489361702, "cnt": 94}, "GENERAL": {"medie": 4.2044444444444435, "reusita": 4.25531914893617, "cnt": 94}, "GEOGRAFIE": {"medie": 6.704347826086957, "reusita": 100.0, "cnt": 23}, "ANATOMIE SI FIZIOLOGIE UMANA, GENETICA SI ECOLOGIE UMANA": {"medie": 5.8, "reusita": 100.0, "cnt": 1}, "BIOLOGIE VEGETALA SI ANIMALA": {"medie": 3.4254385964912273, "reusita": 17.142857142857142, "cnt": 70}, "MATEMATICA TEHN": {"medie": 3.76948051948052, "reusita": 22.340425531914892, "cnt": 94}}, "nume": "LICEUL AGRICOL \"SANDU ALDEA\" CALARASI\tC\u0103l\u0103ra\u0219i"}