{"specializari": {"MATEMATICA-INFORMATICA": 14, "STIINTE SOCIALE": 19, "TEHNICIAN IN ACTIVITATI ECONOMICE": 13, "FILOLOGIE": 23, "TEHNICIAN IN GASTRONOMIE": 1, "TEHNICIAN IN SILVICULTURA SI EXPLOATARI FORESTIERE": 2, "TEHNICIAN IN ACTIVITATI DE COMERT": 1, "ORGANIZATOR BANQUETING": 1}, "limba_moderna": {"LIMBA ENGLEZA": 68, "LIMBA FRANCEZA": 6}, "limba_materna": {"LIMBA ROMANA": 74}, "promotie_anterioara": {"NU": 54, "DA": 20}, "materii": {"LIMBA ROMANA": {"medie": 5.701408450704223, "reusita": 71.62162162162163, "cnt": 74}, "MATEMATICA MATE-INFO": {"medie": 6.892307692307693, "reusita": 78.57142857142857, "cnt": 14}, "INFORMATICA MI C/C++": {"medie": 7.033333333333334, "reusita": 100.0, "cnt": 3}, "GENERAL": {"medie": 5.975505050505049, "reusita": 36.486486486486484, "cnt": 74}, "ISTORIE": {"medie": 5.196341463414633, "reusita": 54.761904761904766, "cnt": 42}, "GEOGRAFIE": {"medie": 6.7608695652173925, "reusita": 81.63265306122449, "cnt": 49}, "PSIHOLOGIE": {"medie": 4.975, "reusita": 37.5, "cnt": 8}, "ANATOMIE SI FIZIOLOGIE UMANA, GENETICA SI ECOLOGIE UMANA": {"medie": 6.631818181818181, "reusita": 81.81818181818183, "cnt": 11}, "BIOLOGIE VEGETALA SI ANIMALA": {"medie": 5.550000000000001, "reusita": 100.0, "cnt": 2}, "SOCIOLOGIE": {"medie": 8.9, "reusita": 100.0, "cnt": 1}, "MATEMATICA TEHN": {"medie": 4.240625, "reusita": 50.0, "cnt": 18}}, "nume": "LICEUL \"SIMION MEHEDINTI\" VIDRA\tVrancea"}