{"specializari": {"INVATATOR - EDUCATOARE": 24, "MATEMATICA-INFORMATICA": 26, "EDUCATOR-PUERICULTOR": 28, "STIINTE ALE NATURII": 24}, "limba_moderna": {"LIMBA ENGLEZA": 102}, "limba_materna": {"LIMBA ROMANA": 102}, "promotie_anterioara": {"NU": 101, "DA": 1}, "materii": {"LIMBA ROMANA": {"medie": 7.759313725490197, "reusita": 100.0, "cnt": 102}, "MATEMATICA MATE-INFO": {"medie": 7.348076923076923, "reusita": 96.15384615384616, "cnt": 26}, "INFORMATICA MI C/C++": {"medie": 8.2625, "reusita": 100.0, "cnt": 8}, "GENERAL": {"medie": 8.01254125412541, "reusita": 93.13725490196079, "cnt": 102}, "ISTORIE": {"medie": 6.780357142857143, "reusita": 92.85714285714286, "cnt": 28}, "LOGICA, ARGUMENTARE SI COMUNICARE": {"medie": 8.850000000000001, "reusita": 97.61904761904762, "cnt": 42}, "GEOGRAFIE": {"medie": 7.765000000000001, "reusita": 100.0, "cnt": 10}, "FIZICA TEO": {"medie": 7.3, "reusita": 83.33333333333334, "cnt": 6}, "MATEMATICA ST-NAT": {"medie": 8.495833333333334, "reusita": 100.0, "cnt": 24}, "ANATOMIE SI FIZIOLOGIE UMANA, GENETICA SI ECOLOGIE UMANA": {"medie": 8.339999999999998, "reusita": 100.0, "cnt": 25}, "CHIMIE ANORGANICA TEO NIVEL I/II": {"medie": 8.309999999999999, "reusita": 100.0, "cnt": 10}, "MATEMATICA PED": {"medie": 8.804166666666669, "reusita": 95.83333333333334, "cnt": 24}, "INFORMATICA SN C/C++": {"medie": 7.85, "reusita": 100.0, "cnt": 1}}, "nume": "LICEUL \"ANDREI MURESANU\" BRASOV\tBra\u0219ov"}