{"specializari": {"STIINTE SOCIALE": 28, "STIINTE ALE NATURII": 26, "MATEMATICA-INFORMATICA": 20, "TEHNICIAN IN INDUSTRIA ALIMENTARA": 29, "TEHNICIAN MECANIC PENTRU INTRETINERE SI REPARATII": 30, "TEHNICIAN DESIGNER VESTIMENTAR": 4, "FILOLOGIE": 1}, "limba_moderna": {"LIMBA ENGLEZA": 128, "LIMBA FRANCEZA": 10}, "limba_materna": {"LIMBA ROMANA": 138}, "promotie_anterioara": {"NU": 116, "DA": 22}, "materii": {"LIMBA ROMANA": {"medie": 6.938257575757577, "reusita": 90.57971014492753, "cnt": 138}, "MATEMATICA MATE-INFO": {"medie": 6.989473684210527, "reusita": 75.0, "cnt": 20}, "INFORMATICA MI C/C++": {"medie": 9.1375, "reusita": 100.0, "cnt": 4}, "GENERAL": {"medie": 7.0311023622047255, "reusita": 66.66666666666666, "cnt": 138}, "ISTORIE": {"medie": 8.567857142857141, "reusita": 96.55172413793103, "cnt": 29}, "LOGICA, ARGUMENTARE SI COMUNICARE": {"medie": 8.952941176470588, "reusita": 100.0, "cnt": 17}, "GEOGRAFIE": {"medie": 9.086363636363636, "reusita": 100.0, "cnt": 11}, "CHIMIE ORGANICA TEO NIVEL I/II": {"medie": 9.966666666666667, "reusita": 100.0, "cnt": 6}, "MATEMATICA ST-NAT": {"medie": 7.682692307692308, "reusita": 96.15384615384616, "cnt": 26}, "SOCIOLOGIE": {"medie": 8.9, "reusita": 100.0, "cnt": 1}, "ANATOMIE SI FIZIOLOGIE UMANA, GENETICA SI ECOLOGIE UMANA": {"medie": 7.248360655737705, "reusita": 91.93548387096774, "cnt": 62}, "CHIMIE ANORGANICA TEO NIVEL I/II": {"medie": 8.166666666666666, "reusita": 100.0, "cnt": 3}, "BIOLOGIE VEGETALA SI ANIMALA": {"medie": 4.651999999999999, "reusita": 35.294117647058826, "cnt": 34}, "MATEMATICA TEHN": {"medie": 5.178947368421053, "reusita": 58.730158730158735, "cnt": 63}}, "nume": "LICEUL \"DIMITRIE CANTEMIR\" DARABANI\tBoto\u0219ani"}