{"specializari": {"MATEMATICA-INFORMATICA": 25, "FILOLOGIE": 44, "STIINTE ALE NATURII": 58, "STIINTE SOCIALE": 33, "TEHNICIAN ECOLOG SI PROTECTIA CALITATII MEDIULUI": 25, "TEHNICIAN AGROMONTAN": 1, "TEHNICIAN MECANIC PENTRU INTRETINERE SI REPARATII": 12, "TEHNICIAN MECATRONIST": 5, "TEHNICIAN IN INSTALATII ELECTRICE": 30, "TEHNICIAN ELECTROTEHNIST": 17, "TEHNICIAN IN INDUSTRIA TEXTILA": 9, "TEHNICIAN IN CONSTRUCTII SI LUCRARI PUBLICE": 1}, "limba_moderna": {"LIMBA ENGLEZA": 258, "LIMBA FRANCEZA": 2}, "limba_materna": {"LIMBA ROMANA": 260}, "promotie_anterioara": {"NU": 232, "DA": 28}, "materii": {"LIMBA ROMANA": {"medie": 6.736991869918695, "reusita": 80.76923076923077, "cnt": 260}, "MATEMATICA MATE-INFO": {"medie": 8.38, "reusita": 96.0, "cnt": 25}, "INFORMATICA MI C/C++": {"medie": 9.4625, "reusita": 100.0, "cnt": 4}, "GENERAL": {"medie": 6.3417385057471245, "reusita": 55.769230769230774, "cnt": 260}, "ISTORIE": {"medie": 6.5040540540540555, "reusita": 85.71428571428571, "cnt": 77}, "LOGICA, ARGUMENTARE SI COMUNICARE": {"medie": 9.85, "reusita": 100.0, "cnt": 2}, "GEOGRAFIE": {"medie": 7.3064285714285715, "reusita": 85.33333333333334, "cnt": 75}, "FIZICA TEO": {"medie": 8.258333333333331, "reusita": 100.0, "cnt": 6}, "CHIMIE ORGANICA TEO NIVEL I/II": {"medie": 9.35, "reusita": 100.0, "cnt": 2}, "MATEMATICA ST-NAT": {"medie": 7.02844827586207, "reusita": 94.82758620689656, "cnt": 58}, "ANATOMIE SI FIZIOLOGIE UMANA, GENETICA SI ECOLOGIE UMANA": {"medie": 7.286021505376343, "reusita": 82.10526315789474, "cnt": 95}, "BIOLOGIE VEGETALA SI ANIMALA": {"medie": 2.994615384615385, "reusita": 13.513513513513514, "cnt": 74}, "INFORMATICA SN C/C++": {"medie": 9.65, "reusita": 50.0, "cnt": 2}, "MATEMATICA TEHN": {"medie": 3.3188235294117643, "reusita": 24.0, "cnt": 100}}, "nume": "LICEUL CONSTANTIN BRANCOVEANU, ORAS HOREZU\tV\u00e2lcea"}