{"specializari": {"STIINTE SOCIALE": 65, "FILOLOGIE": 65, "TEHNICIAN IN ACTIVITATI ECONOMICE": 21, "TEHNICIAN IN TURISM": 30, "TEHNICIAN OPERATOR TEHNICA DE CALCUL": 20, "TEHNICIAN MECATRONIST": 22, "MATEMATICA-INFORMATICA": 19, "STIINTE ALE NATURII": 15, "TEHNICIAN ELECTRICIAN/ELECTRONIST AUTO": 3, "TEHNICIAN DESIGNER VESTIMENTAR": 3, "TEHNICIAN PRELUCRARI MECANICE": 1, "TEHNICIAN MECANIC PENTRU INTRETINERE SI REPARATII": 1}, "limba_moderna": {"LIMBA ENGLEZA": 253, "LIMBA FRANCEZA": 12}, "limba_materna": {"LIMBA ROMANA": 265}, "promotie_anterioara": {"NU": 238, "DA": 27}, "materii": {"LIMBA ROMANA": {"medie": 5.549429657794676, "reusita": 76.9811320754717, "cnt": 265}, "MATEMATICA MATE-INFO": {"medie": 4.194444444444445, "reusita": 47.368421052631575, "cnt": 19}, "INFORMATICA MI C/C++": {"medie": 3.5200000000000005, "reusita": 20.0, "cnt": 5}, "GENERAL": {"medie": 5.803631647211415, "reusita": 44.905660377358494, "cnt": 265}, "ISTORIE": {"medie": 6.7740310077519394, "reusita": 96.92307692307692, "cnt": 130}, "LOGICA, ARGUMENTARE SI COMUNICARE": {"medie": 7.459313725490193, "reusita": 83.80952380952381, "cnt": 105}, "GEOGRAFIE": {"medie": 6.768571428571427, "reusita": 84.93150684931507, "cnt": 73}, "CHIMIE ORGANICA TEO NIVEL I/II": {"medie": 4.35, "reusita": 0.0, "cnt": 1}, "MATEMATICA ST-NAT": {"medie": 3.983333333333334, "reusita": 46.666666666666664, "cnt": 15}, "PSIHOLOGIE": {"medie": 8.05, "reusita": 100.0, "cnt": 2}, "SOCIOLOGIE": {"medie": 5.5, "reusita": 100.0, "cnt": 1}, "ANATOMIE SI FIZIOLOGIE UMANA, GENETICA SI ECOLOGIE UMANA": {"medie": 5.355769230769232, "reusita": 69.23076923076923, "cnt": 26}, "CHIMIE ANORGANICA TEO NIVEL I/II": {"medie": 3.7, "reusita": 50.0, "cnt": 2}, "BIOLOGIE VEGETALA SI ANIMALA": {"medie": 3.886046511627906, "reusita": 27.27272727272727, "cnt": 44}, "MATEMATICA TEHN": {"medie": 4.546907216494846, "reusita": 49.504950495049506, "cnt": 101}, "FIZICA TEH": {"medie": 5.0, "reusita": 100.0, "cnt": 1}, "CHIMIE ANORGANICA TEH NIVEL I/II": {"medie": 4.000000000000001, "reusita": 20.0, "cnt": 5}}, "nume": "LICEUL \"STEFAN PROCOPIU\", MUN. VASLUI\tVaslui"}