{"specializari": {"STIINTE SOCIALE": 13}, "limba_moderna": {"LIMBA ENGLEZA": 13}, "limba_materna": {"LIMBA ROMANA": 13}, "promotie_anterioara": {"NU": 13}, "materii": {"LIMBA ROMANA": {"medie": 5.745833333333334, "reusita": 84.61538461538461, "cnt": 13}, "GENERAL": {"medie": 5.3694444444444445, "reusita": 23.076923076923077, "cnt": 13}, "ISTORIE": {"medie": 4.625, "reusita": 30.76923076923077, "cnt": 13}, "LOGICA, ARGUMENTARE SI COMUNICARE": {"medie": 5.875, "reusita": 75.0, "cnt": 4}, "GEOGRAFIE": {"medie": 5.668750000000001, "reusita": 55.55555555555556, "cnt": 9}}, "nume": "LICEUL \"EDUCATIA VIITORULUI\" CONSTANTA\tConstan\u021ba"}