{"specializari": {"TEHNICIAN IN TURISM": 9, "TEHNICIAN TRANSPORTURI": 31, "TEHNICIAN MECANIC PENTRU INTRETINERE SI REPARATII": 1, "TEHNICIAN MECATRONIST": 1, "TEHNICIAN ELECTRICIAN/ELECTRONIST AUTO": 2, "TEHNICIAN IN INDUSTRIA TEXTILA": 1}, "limba_moderna": {"LIMBA ENGLEZA": 44, "LIMBA FRANCEZA": 1}, "limba_materna": {"LIMBA ROMANA": 45}, "promotie_anterioara": {"NU": 22, "DA": 23}, "materii": {"LIMBA ROMANA": {"medie": 4.8987500000000015, "reusita": 51.11111111111111, "cnt": 45}, "GENERAL": {"medie": 4.486486486486487, "reusita": 8.88888888888889, "cnt": 45}, "LOGICA, ARGUMENTARE SI COMUNICARE": {"medie": 2.5, "reusita": 0.0, "cnt": 4}, "GEOGRAFIE": {"medie": 6.04, "reusita": 80.0, "cnt": 5}, "BIOLOGIE VEGETALA SI ANIMALA": {"medie": 4.523809523809525, "reusita": 40.0, "cnt": 25}, "MATEMATICA TEHN": {"medie": 3.8513157894736847, "reusita": 40.0, "cnt": 45}, "FIZICA TEH": {"medie": 4.857142857142857, "reusita": 45.45454545454545, "cnt": 11}}, "nume": "LICEUL AUTO \"TRAIAN VUIA\" TARGU JIU\tGorj"}