{"specializari": {"STIINTE ALE NATURII": 44, "TEHNICIAN MECANIC PENTRU INTRETINERE SI REPARATII": 10, "TEHNICIAN PROIECTANT CAD": 10, "MATEMATICA-INFORMATICA": 1}, "limba_moderna": {"LIMBA ENGLEZA": 45, "LIMBA FRANCEZA": 20}, "limba_materna": {"LIMBA ROMANA": 65}, "promotie_anterioara": {"NU": 50, "DA": 15}, "materii": {"LIMBA ROMANA": {"medie": 5.869531249999999, "reusita": 84.61538461538461, "cnt": 65}, "MATEMATICA MATE-INFO": {"medie": 5.0, "reusita": 100.0, "cnt": 1}, "GENERAL": {"medie": 5.150529100529101, "reusita": 24.615384615384617, "cnt": 65}, "MATEMATICA ST-NAT": {"medie": 4.172093023255814, "reusita": 45.45454545454545, "cnt": 44}, "ANATOMIE SI FIZIOLOGIE UMANA, GENETICA SI ECOLOGIE UMANA": {"medie": 5.611363636363637, "reusita": 72.72727272727273, "cnt": 44}, "BIOLOGIE VEGETALA SI ANIMALA": {"medie": 4.128947368421054, "reusita": 35.0, "cnt": 20}, "MATEMATICA TEHN": {"medie": 4.997368421052631, "reusita": 65.0, "cnt": 20}, "FIZICA TEH": {"medie": 3.1, "reusita": 0.0, "cnt": 1}}, "nume": "LICEUL \"DIMITRIE NEGREANU\" BOTOSANI\tBoto\u0219ani"}