{"specializari": {"TEHNICIAN IN AUTOMATIZARI": 15, "TEHNICIAN MECANIC PENTRU INTRETINERE SI REPARATII": 6, "STIINTE ALE NATURII": 7, "FILOLOGIE": 1, "TEHNICIAN ELECTROMECANIC": 4, "TEHNICIAN MECATRONIST": 2, "TEHNICIAN ELECTROTEHNIST": 3}, "limba_moderna": {"LIMBA ENGLEZA": 37, "LIMBA FRANCEZA": 1}, "limba_materna": {"LIMBA ROMANA": 38}, "promotie_anterioara": {"NU": 15, "DA": 23}, "materii": {"LIMBA ROMANA": {"medie": 5.570588235294117, "reusita": 73.68421052631578, "cnt": 38}, "GENERAL": {"medie": 5.198333333333335, "reusita": 23.684210526315788, "cnt": 38}, "ISTORIE": {"medie": 5.4, "reusita": 100.0, "cnt": 1}, "MATEMATICA ST-NAT": {"medie": 4.64, "reusita": 42.857142857142854, "cnt": 7}, "PSIHOLOGIE": {"medie": 5.3, "reusita": 100.0, "cnt": 1}, "ANATOMIE SI FIZIOLOGIE UMANA, GENETICA SI ECOLOGIE UMANA": {"medie": 5.366666666666666, "reusita": 71.42857142857143, "cnt": 7}, "BIOLOGIE VEGETALA SI ANIMALA": {"medie": 5.233333333333333, "reusita": 53.57142857142857, "cnt": 28}, "MATEMATICA TEHN": {"medie": 5.134615384615385, "reusita": 66.66666666666666, "cnt": 30}, "FIZICA TEH": {"medie": 1.4500000000000002, "reusita": 0.0, "cnt": 2}}, "nume": "LICEUL \"GHEORGHE TATARESCU\" ROVINARI\tGorj"}