{"specializari": {"STIINTE ALE NATURII": 27, "STIINTE SOCIALE": 1}, "limba_moderna": {"LIMBA ENGLEZA": 28}, "limba_materna": {"LIMBA ROMANA": 28}, "promotie_anterioara": {"NU": 25, "DA": 3}, "materii": {"LIMBA ROMANA": {"medie": 6.060714285714286, "reusita": 71.42857142857143, "cnt": 28}, "GENERAL": {"medie": 5.924074074074074, "reusita": 42.857142857142854, "cnt": 28}, "ISTORIE": {"medie": 5.0, "reusita": 100.0, "cnt": 1}, "MATEMATICA ST-NAT": {"medie": 5.371153846153845, "reusita": 55.55555555555556, "cnt": 27}, "PSIHOLOGIE": {"medie": 6.5, "reusita": 100.0, "cnt": 1}, "ANATOMIE SI FIZIOLOGIE UMANA, GENETICA SI ECOLOGIE UMANA": {"medie": 6.094444444444445, "reusita": 85.18518518518519, "cnt": 27}}, "nume": "LICEUL \"REGELE CAROL I\" OSTROV\tConstan\u021ba"}