{"specializari": {"STIINTE SOCIALE": 29, "FILOLOGIE": 28, "STIINTE ALE NATURII": 1, "MATEMATICA-INFORMATICA": 1, "TEHNICIAN ECOLOG SI PROTECTIA CALITATII MEDIULUI": 1}, "limba_moderna": {"LIMBA ENGLEZA": 50, "LIMBA FRANCEZA": 10}, "limba_materna": {"LIMBA ROMANA": 60}, "promotie_anterioara": {"NU": 56, "DA": 4}, "materii": {"LIMBA ROMANA": {"medie": 6.727500000000001, "reusita": 96.66666666666667, "cnt": 60}, "MATEMATICA MATE-INFO": {"medie": 3.15, "reusita": 0.0, "cnt": 1}, "GENERAL": {"medie": 6.8886111111111115, "reusita": 73.33333333333333, "cnt": 60}, "ISTORIE": {"medie": 6.553508771929828, "reusita": 92.98245614035088, "cnt": 57}, "LOGICA, ARGUMENTARE SI COMUNICARE": {"medie": 7.575806451612904, "reusita": 87.09677419354838, "cnt": 31}, "MATEMATICA ST-NAT": {"medie": 7.0, "reusita": 100.0, "cnt": 1}, "GEOGRAFIE": {"medie": 7.538461538461539, "reusita": 100.0, "cnt": 26}, "ANATOMIE SI FIZIOLOGIE UMANA, GENETICA SI ECOLOGIE UMANA": {"medie": 5.583333333333333, "reusita": 66.66666666666666, "cnt": 3}, "MATEMATICA TEHN": {"medie": 5.0, "reusita": 100.0, "cnt": 1}}, "nume": "LICEUL \"GH. RUSET ROZNOVANU\", ORAS ROZNOV\tNeam\u021b"}