{"specializari": {"MATEMATICA-INFORMATICA": 11, "FILOLOGIE": 7, "TEHNICIAN MECANIC PENTRU INTRETINERE SI REPARATII": 3}, "limba_moderna": {"LIMBA ENGLEZA": 19, "LIMBA FRANCEZA": 2}, "limba_materna": {"LIMBA ROMANA": 21}, "promotie_anterioara": {"NU": 15, "DA": 6}, "materii": {"LIMBA ROMANA": {"medie": 5.9275, "reusita": 76.19047619047619, "cnt": 21}, "MATEMATICA MATE-INFO": {"medie": 6.654999999999999, "reusita": 81.81818181818183, "cnt": 11}, "GENERAL": {"medie": 5.717543859649123, "reusita": 47.61904761904761, "cnt": 21}, "ISTORIE": {"medie": 4.75, "reusita": 42.857142857142854, "cnt": 7}, "ANATOMIE SI FIZIOLOGIE UMANA, GENETICA SI ECOLOGIE UMANA": {"medie": 5.463636363636363, "reusita": 72.72727272727273, "cnt": 11}, "BIOLOGIE VEGETALA SI ANIMALA": {"medie": 4.975, "reusita": 33.33333333333333, "cnt": 3}, "SOCIOLOGIE": {"medie": 5.935714285714285, "reusita": 71.42857142857143, "cnt": 7}, "MATEMATICA TEHN": {"medie": 3.425, "reusita": 33.33333333333333, "cnt": 3}}, "nume": "LICEUL \"MIRON CRISTEA\" SUBCETATE\tHarghita"}