{"specializari": {"STIINTE SOCIALE": 32, "MATEMATICA-INFORMATICA": 24, "STIINTE ALE NATURII": 24, "TEHNICIAN IN ACTIVITATI ECONOMICE": 15, "TEHNICIAN IN PRELUCRAREA LEMNULUI": 2, "TEHNICIAN ECOLOG SI PROTECTIA CALITATII MEDIULUI": 8}, "limba_moderna": {"LIMBA ENGLEZA": 104, "LIMBA FRANCEZA": 1}, "limba_materna": {"LIMBA ROMANA": 105}, "promotie_anterioara": {"NU": 89, "DA": 16}, "materii": {"LIMBA ROMANA": {"medie": 7.0419047619047594, "reusita": 98.09523809523809, "cnt": 105}, "MATEMATICA MATE-INFO": {"medie": 7.841666666666668, "reusita": 95.83333333333334, "cnt": 24}, "INFORMATICA MI C/C++": {"medie": 8.6, "reusita": 100.0, "cnt": 1}, "GENERAL": {"medie": 7.328205128205125, "reusita": 80.95238095238095, "cnt": 105}, "ISTORIE": {"medie": 9.071875, "reusita": 100.0, "cnt": 32}, "LOGICA, ARGUMENTARE SI COMUNICARE": {"medie": 8.305882352941175, "reusita": 94.11764705882352, "cnt": 17}, "GEOGRAFIE": {"medie": 7.305263157894736, "reusita": 100.0, "cnt": 19}, "CHIMIE ORGANICA TEO NIVEL I/II": {"medie": 7.8, "reusita": 100.0, "cnt": 1}, "MATEMATICA ST-NAT": {"medie": 6.150000000000001, "reusita": 100.0, "cnt": 24}, "PSIHOLOGIE": {"medie": 7.1, "reusita": 100.0, "cnt": 2}, "SOCIOLOGIE": {"medie": 8.288888888888888, "reusita": 100.0, "cnt": 9}, "ANATOMIE SI FIZIOLOGIE UMANA, GENETICA SI ECOLOGIE UMANA": {"medie": 7.391666666666667, "reusita": 100.0, "cnt": 54}, "BIOLOGIE VEGETALA SI ANIMALA": {"medie": 5.025, "reusita": 50.0, "cnt": 2}, "MATEMATICA TEHN": {"medie": 5.816666666666669, "reusita": 72.0, "cnt": 25}}, "nume": "LICEUL \"CAROL I\", ORAS BICAZ\tNeam\u021b"}