{"specializari": {"FILOLOGIE": 31, "MATEMATICA-INFORMATICA": 28, "STIINTE SOCIALE": 29, "STIINTE ALE NATURII": 55, "TEHNICIAN IN ACTIVITATI ECONOMICE": 17, "COAFOR STILIST": 11, "TEHNICIAN IN ACTIVITATI DE COMERT": 4, "TEHNICIAN IN INSTALATII ELECTRICE": 1, "TEHNICIAN ELECTROMECANIC": 2, "TEHNICIAN OPERATOR TEHNICA DE CALCUL": 1}, "limba_moderna": {"LIMBA ENGLEZA": 177, "LIMBA FRANCEZA": 2}, "limba_materna": {"LIMBA ROMANA": 179}, "promotie_anterioara": {"NU": 166, "DA": 13}, "materii": {"LIMBA ROMANA": {"medie": 7.937150837988824, "reusita": 99.4413407821229, "cnt": 179}, "MATEMATICA MATE-INFO": {"medie": 8.526785714285715, "reusita": 100.0, "cnt": 28}, "INFORMATICA MI C/C++": {"medie": 7.05, "reusita": 100.0, "cnt": 5}, "GENERAL": {"medie": 8.049623352165725, "reusita": 90.5027932960894, "cnt": 179}, "ISTORIE": {"medie": 7.964166666666665, "reusita": 100.0, "cnt": 60}, "LOGICA, ARGUMENTARE SI COMUNICARE": {"medie": 8.875, "reusita": 96.96969696969697, "cnt": 33}, "GEOGRAFIE": {"medie": 8.601694915254237, "reusita": 98.30508474576271, "cnt": 59}, "FIZICA TEO": {"medie": 9.378125, "reusita": 100.0, "cnt": 16}, "CHIMIE ORGANICA TEO NIVEL I/II": {"medie": 9.8, "reusita": 100.0, "cnt": 1}, "MATEMATICA ST-NAT": {"medie": 7.915454545454545, "reusita": 96.36363636363636, "cnt": 55}, "ANATOMIE SI FIZIOLOGIE UMANA, GENETICA SI ECOLOGIE UMANA": {"medie": 8.201694915254237, "reusita": 100.0, "cnt": 59}, "CHIMIE ANORGANICA TEO NIVEL I/II": {"medie": 7.800000000000001, "reusita": 100.0, "cnt": 2}, "BIOLOGIE VEGETALA SI ANIMALA": {"medie": 4.3500000000000005, "reusita": 25.0, "cnt": 4}, "MATEMATICA TEHN": {"medie": 6.232352941176469, "reusita": 77.77777777777779, "cnt": 36}}, "nume": "LICEUL \"REGINA MARIA\" DOROHOI\tBoto\u0219ani"}