{"specializari": {"TEHNICIAN IN ACTIVITATI ECONOMICE": 21, "TEHNICIAN IN ACTIVITATI DE COMERT": 4}, "limba_moderna": {"LIMBA ENGLEZA": 25}, "limba_materna": {"LIMBA ROMANA": 25}, "promotie_anterioara": {"NU": 17, "DA": 8}, "materii": {"LIMBA ROMANA": {"medie": 6.172916666666668, "reusita": 92.0, "cnt": 25}, "GENERAL": {"medie": 6.600757575757576, "reusita": 48.0, "cnt": 25}, "GEOGRAFIE": {"medie": 7.382608695652175, "reusita": 92.0, "cnt": 25}, "MATEMATICA TEHN": {"medie": 6.143478260869566, "reusita": 76.0, "cnt": 25}}, "nume": "LICEUL \"SEVER BOCU\" LIPOVA\tArad"}