{"specializari": {"STIINTE ALE NATURII": 13, "FILOLOGIE": 18, "MATEMATICA-INFORMATICA": 1, "TEHNICIAN MECANIC PENTRU INTRETINERE SI REPARATII": 5, "TEHNICIAN ANALIZE PRODUSE ALIMENTARE": 3}, "limba_moderna": {"LIMBA ENGLEZA": 39, "LIMBA FRANCEZA": 1}, "limba_materna": {"LIMBA ROMANA": 40}, "promotie_anterioara": {"NU": 28, "DA": 12}, "materii": {"LIMBA ROMANA": {"medie": 6.492857142857143, "reusita": 82.5, "cnt": 40}, "MATEMATICA MATE-INFO": {"medie": 5.0, "reusita": 100.0, "cnt": 1}, "GENERAL": {"medie": 6.691176470588234, "reusita": 57.49999999999999, "cnt": 40}, "ISTORIE": {"medie": 6.449999999999999, "reusita": 100.0, "cnt": 18}, "LOGICA, ARGUMENTARE SI COMUNICARE": {"medie": 7.7, "reusita": 100.0, "cnt": 1}, "GEOGRAFIE": {"medie": 7.60625, "reusita": 94.11764705882352, "cnt": 17}, "MATEMATICA ST-NAT": {"medie": 6.811538461538461, "reusita": 84.61538461538461, "cnt": 13}, "ANATOMIE SI FIZIOLOGIE UMANA, GENETICA SI ECOLOGIE UMANA": {"medie": 7.567857142857143, "reusita": 92.85714285714286, "cnt": 14}, "BIOLOGIE VEGETALA SI ANIMALA": {"medie": 3.25, "reusita": 0.0, "cnt": 8}, "MATEMATICA TEHN": {"medie": 3.9, "reusita": 12.5, "cnt": 8}}, "nume": "LICEUL \"DR. LAZAR CHIRILA\" BAIA DE ARIES\tAlba"}