{"specializari": {"TEHNICIAN IN ADMINISTRATIE": 18, "TEHNICIAN IN TURISM": 24, "TEHNICIAN IN ACTIVITATI DE COMERT": 19, "FILOLOGIE": 14, "TEHNICIAN IN ACTIVITATI ECONOMICE": 17, "STIINTE SOCIALE": 2, "MATEMATICA-INFORMATICA": 1, "TEHNICIAN VETERINAR PENTRU ANIMALE DE COMPANIE": 1}, "limba_moderna": {"LIMBA ENGLEZA": 93, "LIMBA FRANCEZA": 3}, "limba_materna": {"LIMBA ROMANA": 96}, "promotie_anterioara": {"NU": 62, "DA": 34}, "materii": {"LIMBA ROMANA": {"medie": 4.936813186813188, "reusita": 63.541666666666664, "cnt": 96}, "MATEMATICA MATE-INFO": {"medie": 1.0, "reusita": 0.0, "cnt": 1}, "GENERAL": {"medie": 5.077272727272725, "reusita": 23.958333333333336, "cnt": 96}, "ISTORIE": {"medie": 4.607692307692308, "reusita": 50.0, "cnt": 16}, "LOGICA, ARGUMENTARE SI COMUNICARE": {"medie": 5.5125, "reusita": 58.82352941176471, "cnt": 17}, "GEOGRAFIE": {"medie": 6.3007462686567175, "reusita": 73.91304347826086, "cnt": 69}, "PSIHOLOGIE": {"medie": 6.01, "reusita": 83.33333333333334, "cnt": 6}, "BIOLOGIE VEGETALA SI ANIMALA": {"medie": 6.1, "reusita": 50.0, "cnt": 2}, "FILOSOFIE": {"medie": 5.0, "reusita": 100.0, "cnt": 1}, "ECONOMIE": {"medie": 2.2, "reusita": 0.0, "cnt": 1}, "MATEMATICA TEHN": {"medie": 4.116216216216218, "reusita": 45.56962025316456, "cnt": 79}}, "nume": "LICEUL \"MATEI BASARAB\" CRAIOVA\tDolj"}