{"specializari": {"FILOLOGIE": 30, "PATRIMONIU CULTURAL": 24, "ARTE PLASTICE SI DECORATIVE": 57, "TEHNICIAN METROLOG": 1}, "limba_moderna": {"LIMBA ENGLEZA": 112}, "limba_materna": {"LIMBA ROMANA": 112}, "promotie_anterioara": {"NU": 102, "DA": 10}, "materii": {"LIMBA ROMANA": {"medie": 5.785, "reusita": 83.03571428571429, "cnt": 112}, "GENERAL": {"medie": 6.1536697247706424, "reusita": 51.78571428571429, "cnt": 112}, "ISTORIE": {"medie": 5.998636363636367, "reusita": 75.67567567567568, "cnt": 111}, "LOGICA, ARGUMENTARE SI COMUNICARE": {"medie": 6.375675675675677, "reusita": 75.67567567567568, "cnt": 37}, "GEOGRAFIE": {"medie": 6.679591836734694, "reusita": 82.6923076923077, "cnt": 52}, "PSIHOLOGIE": {"medie": 6.8, "reusita": 100.0, "cnt": 12}, "SOCIOLOGIE": {"medie": 6.349999999999999, "reusita": 100.0, "cnt": 3}, "FILOSOFIE": {"medie": 7.899999999999999, "reusita": 100.0, "cnt": 7}, "MATEMATICA TEHN": {"medie": 5.05, "reusita": 100.0, "cnt": 1}, "FIZICA TEH": {"medie": 5.55, "reusita": 100.0, "cnt": 1}}, "nume": "LICEUL \"DIMITRIE PACIUREA\"\tBucure\u0219ti"}