{"specializari": {"FILOLOGIE": 30}, "limba_moderna": {"LIMBA ENGLEZA": 30}, "limba_materna": {"LIMBA ROMANA": 30}, "promotie_anterioara": {"NU": 30}, "materii": {"LIMBA ROMANA": {"medie": 6.043103448275862, "reusita": 76.66666666666667, "cnt": 30}, "GENERAL": {"medie": 6.625287356321838, "reusita": 60.0, "cnt": 30}, "ISTORIE": {"medie": 6.251724137931034, "reusita": 86.66666666666667, "cnt": 30}, "LOGICA, ARGUMENTARE SI COMUNICARE": {"medie": 8.64, "reusita": 100.0, "cnt": 5}, "GEOGRAFIE": {"medie": 7.360416666666669, "reusita": 92.0, "cnt": 25}}, "nume": "LICEUL \"STEFAN CEL MARE\", SAT CODAESTI\tVaslui"}