{"specializari": {"STIINTE SOCIALE": 65, "FILOLOGIE": 65, "TEHNICIAN IN ACTIVITATI ECONOMICE": 21, "TEHNICIAN IN TURISM": 30, "TEHNICIAN OPERATOR TEHNICA DE CALCUL": 20, "TEHNICIAN MECATRONIST": 22, "MATEMATICA-INFORMATICA": 19, "STIINTE ALE NATURII": 15, "TEHNICIAN ELECTRICIAN/ELECTRONIST AUTO": 3, "TEHNICIAN DESIGNER VESTIMENTAR": 3, "TEHNICIAN PRELUCRARI MECANICE": 1, "TEHNICIAN MECANIC PENTRU INTRETINERE SI REPARATII": 1}, "limba_moderna": {"LIMBA ENGLEZA": 253, "LIMBA FRANCEZA": 12}, "limba_materna": {"LIMBA ROMANA": 265}, "promotie_anterioara": {"NU": 238, "DA": 27}, "materii": {"LIMBA ROMANA": {"medie": 5.456653992395437, "reusita": 73.58490566037736, "cnt": 265}, "MATEMATICA MATE-INFO": {"medie": 4.2027777777777775, "reusita": 47.368421052631575, "cnt": 19}, "INFORMATICA MI C/C++": {"medie": 3.3299999999999996, "reusita": 0.0, "cnt": 5}, "GENERAL": {"medie": 5.764072632944229, "reusita": 41.132075471698116, "cnt": 265}, "ISTORIE": {"medie": 6.760852713178296, "reusita": 95.38461538461539, "cnt": 130}, "LOGICA, ARGUMENTARE SI COMUNICARE": {"medie": 7.474019607843133, "reusita": 83.80952380952381, "cnt": 105}, "CHIMIE ORGANICA TEO NIVEL I/II": {"medie": 4.35, "reusita": 0.0, "cnt": 1}, "MATEMATICA ST-NAT": {"medie": 3.926666666666667, "reusita": 46.666666666666664, "cnt": 15}, "GEOGRAFIE": {"medie": 6.747857142857142, "reusita": 83.56164383561644, "cnt": 73}, "PSIHOLOGIE": {"medie": 8.05, "reusita": 100.0, "cnt": 2}, "ANATOMIE SI FIZIOLOGIE UMANA, GENETICA SI ECOLOGIE UMANA": {"medie": 5.213461538461539, "reusita": 65.38461538461539, "cnt": 26}, "CHIMIE ANORGANICA TEO NIVEL I/II": {"medie": 3.7, "reusita": 50.0, "cnt": 2}, "BIOLOGIE VEGETALA SI ANIMALA": {"medie": 3.970930232558138, "reusita": 29.545454545454547, "cnt": 44}, "SOCIOLOGIE": {"medie": 5.5, "reusita": 100.0, "cnt": 1}, "MATEMATICA TEHN": {"medie": 4.511340206185567, "reusita": 46.53465346534654, "cnt": 101}, "FIZICA TEH": {"medie": 5.0, "reusita": 100.0, "cnt": 1}, "CHIMIE ANORGANICA TEH NIVEL I/II": {"medie": 3.9200000000000004, "reusita": 20.0, "cnt": 5}}, "nume": "LICEUL \"STEFAN PROCOPIU\", MUN. VASLUI\tVaslui"}