{"specializari": {"FILOLOGIE": 34, "STIINTE ALE NATURII": 22, "TEHNICIAN IN INDUSTRIA TEXTILA": 12, "TEHNICIAN DESIGNER VESTIMENTAR": 9, "MATEMATICA-INFORMATICA": 1}, "limba_moderna": {"LIMBA ENGLEZA": 77, "LIMBA FRANCEZA": 1}, "limba_materna": {"LIMBA ROMANA": 78}, "promotie_anterioara": {"NU": 61, "DA": 17}, "materii": {"LIMBA ROMANA": {"medie": 6.114383561643836, "reusita": 83.33333333333334, "cnt": 78}, "MATEMATICA MATE-INFO": {"medie": 5.45, "reusita": 100.0, "cnt": 1}, "GENERAL": {"medie": 6.030952380952381, "reusita": 39.743589743589745, "cnt": 78}, "ISTORIE": {"medie": 6.127941176470588, "reusita": 88.23529411764706, "cnt": 34}, "LOGICA, ARGUMENTARE SI COMUNICARE": {"medie": 7.433333333333333, "reusita": 90.0, "cnt": 30}, "MATEMATICA ST-NAT": {"medie": 4.5375, "reusita": 50.0, "cnt": 22}, "GEOGRAFIE": {"medie": 7.0125, "reusita": 100.0, "cnt": 4}, "ANATOMIE SI FIZIOLOGIE UMANA, GENETICA SI ECOLOGIE UMANA": {"medie": 6.325, "reusita": 78.26086956521739, "cnt": 23}, "BIOLOGIE VEGETALA SI ANIMALA": {"medie": 4.843749999999999, "reusita": 42.10526315789473, "cnt": 19}, "MATEMATICA TEHN": {"medie": 4.846875000000001, "reusita": 47.61904761904761, "cnt": 21}, "FIZICA TEH": {"medie": "-", "reusita": 0.0, "cnt": 1}, "CHIMIE ANORGANICA TEH NIVEL I/II": {"medie": 2.4, "reusita": 0.0, "cnt": 1}}, "nume": "LICEUL \"ALEXANDRU CEL BUN\" BOTOSANI\tBoto\u0219ani"}