{"specializari": {"FILOLOGIE": 30}, "limba_moderna": {"LIMBA ENGLEZA": 30}, "limba_materna": {"LIMBA ROMANA": 30}, "promotie_anterioara": {"NU": 30}, "materii": {"LIMBA ROMANA": {"medie": 6.256896551724139, "reusita": 83.33333333333334, "cnt": 30}, "GENERAL": {"medie": 6.688505747126438, "reusita": 63.33333333333333, "cnt": 30}, "ISTORIE": {"medie": 6.199999999999999, "reusita": 86.66666666666667, "cnt": 30}, "LOGICA, ARGUMENTARE SI COMUNICARE": {"medie": 8.64, "reusita": 100.0, "cnt": 5}, "GEOGRAFIE": {"medie": 7.393750000000002, "reusita": 92.0, "cnt": 25}}, "nume": "LICEUL \"STEFAN CEL MARE\", SAT CODAESTI\tVaslui"}