{"specializari": {"STIINTE ALE NATURII": 22, "FILOLOGIE": 27, "MATEMATICA-INFORMATICA": 1}, "limba_moderna": {"LIMBA ENGLEZA": 50}, "limba_materna": {"LIMBA ROMANA": 50}, "promotie_anterioara": {"NU": 45, "DA": 5}, "materii": {"LIMBA ROMANA": {"medie": 6.593999999999999, "reusita": 98.0, "cnt": 50}, "MATEMATICA MATE-INFO": {"medie": "-", "reusita": 0.0, "cnt": 1}, "GENERAL": {"medie": 7.216326530612245, "reusita": 80.0, "cnt": 50}, "ISTORIE": {"medie": 6.535185185185185, "reusita": 96.29629629629629, "cnt": 27}, "LOGICA, ARGUMENTARE SI COMUNICARE": {"medie": 9.05, "reusita": 100.0, "cnt": 1}, "CHIMIE ORGANICA TEO NIVEL I/II": {"medie": 9.2, "reusita": 100.0, "cnt": 1}, "MATEMATICA ST-NAT": {"medie": 7.865909090909093, "reusita": 90.9090909090909, "cnt": 22}, "FIZICA TEO": {"medie": 9.8, "reusita": 100.0, "cnt": 1}, "GEOGRAFIE": {"medie": 8.180769230769233, "reusita": 100.0, "cnt": 26}, "ANATOMIE SI FIZIOLOGIE UMANA, GENETICA SI ECOLOGIE UMANA": {"medie": 7.2075000000000005, "reusita": 95.0, "cnt": 20}, "INFORMATICA SN PASCAL": {"medie": 8.95, "reusita": 100.0, "cnt": 1}}, "nume": "LICEUL \"GHEORGHE SURDU\", ORAS BREZOI\tV\u00e2lcea"}