{"specializari": {"MATEMATICA-INFORMATICA": 25, "FILOLOGIE": 44, "STIINTE ALE NATURII": 58, "STIINTE SOCIALE": 33, "TEHNICIAN ECOLOG SI PROTECTIA CALITATII MEDIULUI": 25, "TEHNICIAN AGROMONTAN": 1, "TEHNICIAN MECANIC PENTRU INTRETINERE SI REPARATII": 12, "TEHNICIAN MECATRONIST": 5, "TEHNICIAN IN INSTALATII ELECTRICE": 30, "TEHNICIAN ELECTROTEHNIST": 17, "TEHNICIAN IN INDUSTRIA TEXTILA": 9, "TEHNICIAN IN CONSTRUCTII SI LUCRARI PUBLICE": 1}, "limba_moderna": {"LIMBA ENGLEZA": 258, "LIMBA FRANCEZA": 2}, "limba_materna": {"LIMBA ROMANA": 260}, "promotie_anterioara": {"NU": 232, "DA": 28}, "materii": {"LIMBA ROMANA": {"medie": 6.7711382113821115, "reusita": 80.76923076923077, "cnt": 260}, "MATEMATICA MATE-INFO": {"medie": 8.376, "reusita": 96.0, "cnt": 25}, "INFORMATICA MI C/C++": {"medie": 9.4625, "reusita": 100.0, "cnt": 4}, "GENERAL": {"medie": 6.347413793103445, "reusita": 54.61538461538461, "cnt": 260}, "ISTORIE": {"medie": 6.515540540540542, "reusita": 87.01298701298701, "cnt": 77}, "LOGICA, ARGUMENTARE SI COMUNICARE": {"medie": 9.525, "reusita": 100.0, "cnt": 2}, "CHIMIE ORGANICA TEO NIVEL I/II": {"medie": 9.35, "reusita": 100.0, "cnt": 2}, "MATEMATICA ST-NAT": {"medie": 7.013793103448277, "reusita": 91.37931034482759, "cnt": 58}, "FIZICA TEO": {"medie": 8.274999999999999, "reusita": 100.0, "cnt": 6}, "GEOGRAFIE": {"medie": 7.317142857142858, "reusita": 85.33333333333334, "cnt": 75}, "ANATOMIE SI FIZIOLOGIE UMANA, GENETICA SI ECOLOGIE UMANA": {"medie": 7.235483870967743, "reusita": 81.05263157894737, "cnt": 95}, "BIOLOGIE VEGETALA SI ANIMALA": {"medie": 2.985384615384616, "reusita": 12.162162162162163, "cnt": 74}, "INFORMATICA SN C/C++": {"medie": 9.65, "reusita": 50.0, "cnt": 2}, "MATEMATICA TEHN": {"medie": 3.32764705882353, "reusita": 24.0, "cnt": 100}}, "nume": "LICEUL CONSTANTIN BRANCOVEANU, ORAS HOREZU\tV\u00e2lcea"}