{"specializari": {"STIINTE SOCIALE": 31, "FILOLOGIE": 31, "STIINTE ALE NATURII": 23, "TEHNICIAN OPERATOR PROCESARE TEXT IMAGINE": 28, "TEHNICIAN IN AUTOMATIZARI": 14, "TEHNICIAN DE TELECOMUNICATII": 3, "MATEMATICA-INFORMATICA": 5, "TEHNICIAN MECANIC PENTRU INTRETINERE SI REPARATII": 3, "TEHNICIAN IN INSTALATII ELECTRICE": 1}, "limba_moderna": {"LIMBA ENGLEZA": 135, "LIMBA FRANCEZA": 4}, "limba_materna": {"LIMBA ROMANA": 139}, "promotie_anterioara": {"NU": 111, "DA": 28}, "materii": {"LIMBA ROMANA": {"medie": 5.6786231884057985, "reusita": 76.97841726618705, "cnt": 139}, "MATEMATICA MATE-INFO": {"medie": 5.550000000000001, "reusita": 60.0, "cnt": 5}, "GENERAL": {"medie": 6.041851851851852, "reusita": 46.043165467625904, "cnt": 139}, "ISTORIE": {"medie": 6.540983606557378, "reusita": 83.87096774193549, "cnt": 62}, "LOGICA, ARGUMENTARE SI COMUNICARE": {"medie": 7.333333333333332, "reusita": 100.0, "cnt": 15}, "MATEMATICA ST-NAT": {"medie": 5.745652173913044, "reusita": 73.91304347826086, "cnt": 23}, "GEOGRAFIE": {"medie": 7.872000000000002, "reusita": 96.0, "cnt": 25}, "ANATOMIE SI FIZIOLOGIE UMANA, GENETICA SI ECOLOGIE UMANA": {"medie": 6.32, "reusita": 80.0, "cnt": 5}, "BIOLOGIE VEGETALA SI ANIMALA": {"medie": 5.178571428571425, "reusita": 56.33802816901409, "cnt": 71}, "SOCIOLOGIE": {"medie": 7.454761904761904, "reusita": 90.9090909090909, "cnt": 22}, "MATEMATICA TEHN": {"medie": 5.820833333333334, "reusita": 81.63265306122449, "cnt": 49}, "CHIMIE ANORGANICA TEH NIVEL I/II": {"medie": 5.3, "reusita": 100.0, "cnt": 1}}, "nume": "LICEUL \"DANUBIUS\" CALARASI\tC\u0103l\u0103ra\u0219i"}