{"specializari": {"STIINTE ALE NATURII": 18, "TEHNICIAN MECATRONIST": 19}, "limba_moderna": {"LIMBA ENGLEZA": 35, "LIMBA ITALIANA": 2}, "limba_materna": {"LIMBA ROMANA": 37}, "promotie_anterioara": {"NU": 37}, "materii": {"LIMBA ROMANA": {"medie": 7.598648648648649, "reusita": 100.0, "cnt": 37}, "GENERAL": {"medie": 7.722072072072073, "reusita": 100.0, "cnt": 37}, "MATEMATICA ST-NAT": {"medie": 7.647222222222221, "reusita": 100.0, "cnt": 18}, "ANATOMIE SI FIZIOLOGIE UMANA, GENETICA SI ECOLOGIE UMANA": {"medie": 8.488888888888889, "reusita": 100.0, "cnt": 18}, "BIOLOGIE VEGETALA SI ANIMALA": {"medie": 7.482142857142856, "reusita": 100.0, "cnt": 14}, "MATEMATICA TEHN": {"medie": 7.56842105263158, "reusita": 100.0, "cnt": 19}, "FIZICA TEH": {"medie": 7.4, "reusita": 100.0, "cnt": 5}}, "nume": "LICEUL \"DON ORIONE\" ORADEA\tBihor"}