{"specializari": {"FILOLOGIE": 33, "MATEMATICA-INFORMATICA": 22, "STIINTE ALE NATURII": 30}, "limba_moderna": {"LIMBA ENGLEZA": 71, "LIMBA FRANCEZA": 14}, "limba_materna": {"LIMBA ROMANA": 85}, "promotie_anterioara": {"NU": 70, "DA": 15}, "materii": {"LIMBA ROMANA": {"medie": 6.7030864197530855, "reusita": 92.94117647058823, "cnt": 85}, "MATEMATICA MATE-INFO": {"medie": 5.525, "reusita": 77.27272727272727, "cnt": 22}, "INFORMATICA MI C/C++": {"medie": 5.775, "reusita": 75.0, "cnt": 4}, "GENERAL": {"medie": 6.593749999999998, "reusita": 64.70588235294117, "cnt": 85}, "ISTORIE": {"medie": 6.743749999999999, "reusita": 93.93939393939394, "cnt": 33}, "LOGICA, ARGUMENTARE SI COMUNICARE": {"medie": 7.377272727272726, "reusita": 91.30434782608695, "cnt": 23}, "GEOGRAFIE": {"medie": 7.51875, "reusita": 87.5, "cnt": 8}, "FIZICA TEO": {"medie": 6.0, "reusita": 50.0, "cnt": 2}, "MATEMATICA ST-NAT": {"medie": 5.7053571428571415, "reusita": 76.66666666666667, "cnt": 30}, "PSIHOLOGIE": {"medie": 8.175, "reusita": 100.0, "cnt": 2}, "ANATOMIE SI FIZIOLOGIE UMANA, GENETICA SI ECOLOGIE UMANA": {"medie": 6.754545454545454, "reusita": 84.78260869565217, "cnt": 46}}, "nume": "LICEUL \"CHARLES LAUGIER\" CRAIOVA\tDolj"}