{"specializari": {"FILOLOGIE": 25, "MATEMATICA-INFORMATICA": 24, "TEHNICIAN IN SILVICULTURA SI EXPLOATARI FORESTIERE": 17, "TEHNICIAN IN AGROTURISM": 3, "TEHNICIAN IN ACTIVITATI ECONOMICE": 5}, "limba_moderna": {"LIMBA ENGLEZA": 65, "LIMBA FRANCEZA": 9}, "limba_materna": {"LIMBA ROMANA": 74}, "promotie_anterioara": {"NU": 62, "DA": 12}, "materii": {"LIMBA ROMANA": {"medie": 6.176712328767125, "reusita": 82.43243243243244, "cnt": 74}, "MATEMATICA MATE-INFO": {"medie": 6.46304347826087, "reusita": 87.5, "cnt": 24}, "INFORMATICA MI C/C++": {"medie": 7.2250000000000005, "reusita": 100.0, "cnt": 4}, "GENERAL": {"medie": 6.212910798122067, "reusita": 48.64864864864865, "cnt": 74}, "ISTORIE": {"medie": 6.792000000000001, "reusita": 80.0, "cnt": 25}, "LOGICA, ARGUMENTARE SI COMUNICARE": {"medie": 9.4, "reusita": 100.0, "cnt": 1}, "GEOGRAFIE": {"medie": 7.325862068965518, "reusita": 100.0, "cnt": 29}, "ANATOMIE SI FIZIOLOGIE UMANA, GENETICA SI ECOLOGIE UMANA": {"medie": 5.852564102564102, "reusita": 67.5, "cnt": 40}, "MATEMATICA TEHN": {"medie": 4.593749999999999, "reusita": 56.00000000000001, "cnt": 25}}, "nume": "LICEUL \"MIHAIL SADOVEANU\", COMUNA BORCA\tNeam\u021b"}