{"specializari": {"STIINTE ALE NATURII": 28, "FILOLOGIE": 33, "TEHNICIAN IN INDUSTRIA ALIMENTARA": 2}, "limba_moderna": {"LIMBA ENGLEZA": 61, "LIMBA FRANCEZA": 2}, "limba_materna": {"LIMBA ROMANA": 63}, "promotie_anterioara": {"NU": 59, "DA": 4}, "materii": {"LIMBA ROMANA": {"medie": 6.233064516129035, "reusita": 80.95238095238095, "cnt": 63}, "GENERAL": {"medie": 6.070161290322578, "reusita": 60.317460317460316, "cnt": 63}, "ISTORIE": {"medie": 6.710606060606061, "reusita": 96.96969696969697, "cnt": 33}, "LOGICA, ARGUMENTARE SI COMUNICARE": {"medie": 4.8, "reusita": 0.0, "cnt": 1}, "GEOGRAFIE": {"medie": 7.656249999999999, "reusita": 96.875, "cnt": 32}, "FIZICA TEO": {"medie": 8.75, "reusita": 100.0, "cnt": 2}, "MATEMATICA ST-NAT": {"medie": 4.083928571428571, "reusita": 39.285714285714285, "cnt": 28}, "ANATOMIE SI FIZIOLOGIE UMANA, GENETICA SI ECOLOGIE UMANA": {"medie": 5.129629629629629, "reusita": 50.0, "cnt": 28}, "MATEMATICA TEHN": {"medie": 1.0, "reusita": 0.0, "cnt": 2}}, "nume": "LICEUL \"STEFAN DIACONESCU\" POTCOAVA\tOlt"}