{"specializari": {"TEHNICIAN IN GASTRONOMIE": 26, "TEHNICIAN IN ACTIVITATI DE COMERT": 25, "TEHNICIAN ECOLOG SI PROTECTIA CALITATII MEDIULUI": 6, "TEHNICIAN TRANSPORTURI": 4, "TEHNICIAN IN AGROTURISM": 5, "TEHNICIAN IN AUTOMATIZARI": 1, "TEHNICIAN HORTICULTOR": 1, "TEHNICIAN MECATRONIST": 1, "TEHNICIAN MECANIC PENTRU INTRETINERE SI REPARATII": 1}, "limba_moderna": {"LIMBA ENGLEZA": 65, "LIMBA FRANCEZA": 5}, "limba_materna": {"LIMBA ROMANA": 70}, "promotie_anterioara": {"NU": 52, "DA": 18}, "materii": {"LIMBA ROMANA": {"medie": 5.476811594202901, "reusita": 72.85714285714285, "cnt": 70}, "GENERAL": {"medie": 5.424129353233831, "reusita": 28.57142857142857, "cnt": 70}, "LOGICA, ARGUMENTARE SI COMUNICARE": {"medie": 6.23, "reusita": 81.81818181818183, "cnt": 11}, "GEOGRAFIE": {"medie": 7.006410256410258, "reusita": 85.0, "cnt": 40}, "ANATOMIE SI FIZIOLOGIE UMANA, GENETICA SI ECOLOGIE UMANA": {"medie": 5.456250000000001, "reusita": 62.5, "cnt": 8}, "BIOLOGIE VEGETALA SI ANIMALA": {"medie": 3.7350000000000003, "reusita": 36.36363636363637, "cnt": 11}, "MATEMATICA TEHN": {"medie": 4.512499999999998, "reusita": 48.57142857142857, "cnt": 70}}, "nume": "LICEUL AGRICOL \"DR. C. ANGELESCU\" MUNICIPIUL BUZAU\tBuz\u0103u"}