{"specializari": {"TEHNICIAN IN GASTRONOMIE": 1}, "limba_moderna": {"LIMBA ENGLEZA": 1}, "limba_materna": {"LIMBA ROMANA": 1}, "promotie_anterioara": {"DA": 1}, "materii": {"LIMBA ROMANA": {"medie": 5.0, "reusita": 100.0, "cnt": 1}, "MATEMATICA TEHN": {"medie": 4.7, "reusita": 0.0, "cnt": 1}, "GENERAL": {"medie": 5.8999999999999995, "reusita": 0.0, "cnt": 1}, "GEOGRAFIE": {"medie": 8.0, "reusita": 100.0, "cnt": 1}}, "nume": "CENTRUL SCOLAR PENTRU EDUCATIE INCLUZIVA \"ALBATROS\" CONSTANTA\tConstan\u021ba"}