{"specializari": {"STIINTE ALE NATURII": 10}, "limba_moderna": {"LIMBA FRANCEZA": 10}, "limba_materna": {"LIMBA ROMANA": 10}, "promotie_anterioara": {"NU": 10}, "materii": {"LIMBA ROMANA": {"medie": 2.658333333333333, "reusita": 10.0, "cnt": 10}, "BIOLOGIE VEGETALA SI ANIMALA": {"medie": 3.525, "reusita": 10.0, "cnt": 10}, "GENERAL": {"medie": 2.841666666666667, "reusita": 0.0, "cnt": 10}, "MATEMATICA ST-NAT": {"medie": 2.3416666666666663, "reusita": 0.0, "cnt": 10}}, "nume": "CENTRUL SCOLAR PENTRU EDUCATIE INCLUZIVA \"ELENA DOAMNA\" FOCSANI\tVrancea"}