{"specializari": {"STIINTE SOCIALE": 4, "TEHNICIAN IN TURISM": 2, "TEHNICIAN IN ACTIVITATI ECONOMICE": 1}, "limba_moderna": {"LIMBA FRANCEZA": 2, "LIMBA ENGLEZA": 5}, "limba_materna": {"LIMBA ROMANA": 7}, "promotie_anterioara": {"NU": 4, "DA": 3}, "materii": {"LIMBA ROMANA": {"medie": 2.74, "reusita": 14.285714285714285, "cnt": 7}, "MATEMATICA TEHN": {"medie": 4.366666666666666, "reusita": 66.66666666666666, "cnt": 3}, "GENERAL": {"medie": 4.043333333333334, "reusita": 0.0, "cnt": 7}, "GEOGRAFIE": {"medie": 4.93, "reusita": 28.57142857142857, "cnt": 7}, "ISTORIE": {"medie": 4.6, "reusita": 25.0, "cnt": 4}}, "nume": "CENTRUL DE STUDII \"STEFAN CEL MARE SI SFANT - BUCOVINA\" CAMPULUNG MOLDOVENESC\tSuceava"}