{"specializari": {"TEHNICIAN MECANIC PENTRU INTRETINERE SI REPARATII": 15, "TEHNICIAN IN CONSTRUCTII SI LUCRARI PUBLICE": 15, "TEHNICIAN DESIGNER VESTIMENTAR": 10, "TEHNICIAN INSTALATOR PENTRU CONSTRUCTII": 18}, "limba_moderna": {"LIMBA ENGLEZA": 55, "LIMBA FRANCEZA": 3}, "limba_materna": {"LIMBA ROMANA": 58}, "promotie_anterioara": {"NU": 56, "DA": 2}, "materii": {"LIMBA ROMANA": {"medie": 3.89, "reusita": 8.620689655172415, "cnt": 58}, "MATEMATICA TEHN": {"medie": 3.607142857142857, "reusita": 8.620689655172415, "cnt": 58}, "BIOLOGIE VEGETALA SI ANIMALA": {"medie": 3.772727272727273, "reusita": 5.172413793103448, "cnt": 58}, "GENERAL": {"medie": 4.046969696969696, "reusita": 3.4482758620689653, "cnt": 58}}, "nume": "COELGIUL TEHNIC CARASAN\tCara\u0219-Severin"}