{"specializari": {"INVATATOR - EDUCATOARE": 16, "FILOLOGIE": 9, "TEOLOGIE MUSULMANA": 3, "MATEMATICA-INFORMATICA": 3}, "limba_moderna": {"LIMBA ENGLEZA": 31}, "limba_materna": {"LIMBA ROMANA": 28, "LIMBA TURCA": 3}, "promotie_anterioara": {"NU": 21, "DA": 10}, "materii": {"LIMBA ROMANA": {"medie": 5.066666666666667, "reusita": 70.96774193548387, "cnt": 31}, "BIOLOGIE VEGETALA SI ANIMALA": {"medie": 4.1, "reusita": 0.0, "cnt": 1}, "GENERAL": {"medie": 5.119971264367817, "reusita": 32.25806451612903, "cnt": 31}, "MATEMATICA MATE-INFO": {"medie": 2.4, "reusita": 0.0, "cnt": 3}, "MATEMATICA PED": {"medie": 3.8500000000000005, "reusita": 31.25, "cnt": 16}, "GEOGRAFIE": {"medie": 6.9, "reusita": 100.0, "cnt": 8}, "ANATOMIE SI FIZIOLOGIE UMANA, GENETICA SI ECOLOGIE UMANA": {"medie": 5.9, "reusita": 50.0, "cnt": 2}, "ISTORIE": {"medie": 5.129166666666667, "reusita": 75.0, "cnt": 12}, "LOGICA, ARGUMENTARE SI COMUNICARE": {"medie": 3.5, "reusita": 0.0, "cnt": 1}, "PSIHOLOGIE": {"medie": 5.847222222222222, "reusita": 68.42105263157895, "cnt": 19}, "LIMBA TURCA": {"medie": 4.2, "reusita": 33.33333333333333, "cnt": 3}}, "nume": "COLEGIUL NATIONAL \"KEMAL ATATURK\" MEDGIDIA\tConstan\u021ba"}