{"specializari": {"MATEMATICA-INFORMATICA": 43, "FILOLOGIE": 67, "LICEU CU PROGRAM SPORTIV": 26, "STIINTE ALE NATURII": 30}, "limba_moderna": {"LIMBA ENGLEZA": 154, "LIMBA GERMANA MODERNA": 11, "LIMBA ITALIANA": 1}, "limba_materna": {"LIMBA ROMANA": 118, "LIMBA MAGHIARA": 48}, "promotie_anterioara": {"NU": 145, "DA": 21}, "materii": {"LIMBA ROMANA": {"medie": 6.6478915662650575, "reusita": 88.55421686746988, "cnt": 166}, "BIOLOGIE VEGETALA SI ANIMALA": {"medie": 6.45, "reusita": 90.9090909090909, "cnt": 11}, "GENERAL": {"medie": 7.357153614457835, "reusita": 82.53012048192771, "cnt": 166}, "MATEMATICA MATE-INFO": {"medie": 8.176744186046513, "reusita": 93.02325581395348, "cnt": 43}, "INFORMATICA MI PASCAL": {"medie": 8.765909090909092, "reusita": 100.0, "cnt": 22}, "GEOGRAFIE": {"medie": 7.435955056179779, "reusita": 96.62921348314607, "cnt": 89}, "ANATOMIE SI FIZIOLOGIE UMANA, GENETICA SI ECOLOGIE UMANA": {"medie": 8.36315789473684, "reusita": 97.36842105263158, "cnt": 38}, "ISTORIE": {"medie": 7.1607526881720425, "reusita": 97.84946236559139, "cnt": 93}, "FIZICA TEO": {"medie": 9.6, "reusita": 100.0, "cnt": 1}, "MATEMATICA ST-NAT": {"medie": 7.818333333333333, "reusita": 96.66666666666667, "cnt": 30}, "SOCIOLOGIE": {"medie": 9.65, "reusita": 100.0, "cnt": 1}, "PSIHOLOGIE": {"medie": 7.216666666666666, "reusita": 100.0, "cnt": 3}, "LIMBA MAGHIARA (REAL)": {"medie": 7.160714285714287, "reusita": 100.0, "cnt": 14}, "LIMBA MAGHIARA (UMAN)": {"medie": 6.826470588235296, "reusita": 97.05882352941177, "cnt": 34}, "INFORMATICA SN PASCAL": {"medie": 8.15, "reusita": 100.0, "cnt": 1}}, "nume": "COLEGIUL NATIONAL \"MIRCEA ELIADE\" SIGHISOARA\tMure\u0219"}