{"specializari": {"STIINTE ALE NATURII": 53, "MATEMATICA-INFORMATICA": 58, "FILOLOGIE": 30, "TEHNICIAN IN ACTIVITATI ECONOMICE": 1}, "limba_moderna": {"LIMBA ENGLEZA": 136, "LIMBA FRANCEZA": 6}, "limba_materna": {"LIMBA ROMANA": 142}, "promotie_anterioara": {"NU": 137, "DA": 5}, "materii": {"LIMBA ROMANA": {"medie": 8.263380281690141, "reusita": 99.29577464788733, "cnt": 142}, "MATEMATICA TEHN": {"medie": 7.05, "reusita": 100.0, "cnt": 1}, "GENERAL": {"medie": 8.158983451536649, "reusita": 94.36619718309859, "cnt": 142}, "MATEMATICA MATE-INFO": {"medie": 7.6594827586206895, "reusita": 96.55172413793103, "cnt": 58}, "INFORMATICA MI C/C++": {"medie": 8.8125, "reusita": 100.0, "cnt": 4}, "GEOGRAFIE": {"medie": 8.1, "reusita": 100.0, "cnt": 6}, "ANATOMIE SI FIZIOLOGIE UMANA, GENETICA SI ECOLOGIE UMANA": {"medie": 8.329213483146068, "reusita": 98.88888888888889, "cnt": 90}, "ISTORIE": {"medie": 7.074999999999999, "reusita": 100.0, "cnt": 30}, "FIZICA TEO": {"medie": 9.545, "reusita": 100.0, "cnt": 10}, "MATEMATICA ST-NAT": {"medie": 8.175471698113208, "reusita": 100.0, "cnt": 53}, "LOGICA, ARGUMENTARE SI COMUNICARE": {"medie": 8.392857142857144, "reusita": 95.23809523809523, "cnt": 21}, "SOCIOLOGIE": {"medie": 7.116666666666667, "reusita": 100.0, "cnt": 3}, "CHIMIE ORGANICA TEO NIVEL I/II": {"medie": 9.1, "reusita": 100.0, "cnt": 7}, "FILOSOFIE": {"medie": 9.7, "reusita": 100.0, "cnt": 1}}, "nume": "COLEGIUL DOBROGEAN \"SPIRU HARET\" TULCEA\tTulcea"}