{"specializari": {"FILOLOGIE": 32, "STIINTE ALE NATURII": 24, "MATEMATICA-INFORMATICA": 13, "STIINTE SOCIALE": 28}, "limba_moderna": {"LIMBA ENGLEZA": 84, "LIMBA FRANCEZA": 13}, "limba_materna": {"LIMBA ROMANA": 97}, "promotie_anterioara": {"NU": 80, "DA": 17}, "materii": {"LIMBA ROMANA": {"medie": 7.091578947368424, "reusita": 90.72164948453609, "cnt": 97}, "GENERAL": {"medie": 7.1037234042553195, "reusita": 68.04123711340206, "cnt": 97}, "MATEMATICA MATE-INFO": {"medie": 7.0076923076923086, "reusita": 84.61538461538461, "cnt": 13}, "GEOGRAFIE": {"medie": 8.547777777777778, "reusita": 95.65217391304348, "cnt": 46}, "ANATOMIE SI FIZIOLOGIE UMANA, GENETICA SI ECOLOGIE UMANA": {"medie": 7.30294117647059, "reusita": 91.42857142857143, "cnt": 35}, "ISTORIE": {"medie": 6.586206896551725, "reusita": 90.0, "cnt": 60}, "FIZICA TEO": {"medie": 8.3, "reusita": 100.0, "cnt": 1}, "MATEMATICA ST-NAT": {"medie": 5.434782608695653, "reusita": 62.5, "cnt": 24}, "LOGICA, ARGUMENTARE SI COMUNICARE": {"medie": 6.568181818181818, "reusita": 81.81818181818183, "cnt": 11}, "PSIHOLOGIE": {"medie": 9.3, "reusita": 100.0, "cnt": 1}, "ECONOMIE": {"medie": 6.675, "reusita": 100.0, "cnt": 2}, "INFORMATICA SN C/C++": {"medie": 7.3, "reusita": 100.0, "cnt": 1}}, "nume": "COLEGIUL NATIONAL \"TUDOR ARGHEZI\" TG-CARBUNESTI\tGorj"}