{"specializari": {"MATEMATICA-INFORMATICA": 62, "STIINTE ALE NATURII": 60, "STIINTE SOCIALE": 80}, "limba_moderna": {"LIMBA ENGLEZA": 198, "LIMBA GERMANA MODERNA": 3, "LIMBA FRANCEZA": 1}, "limba_materna": {"LIMBA ROMANA": 189, "LIMBA GERMANA": 13}, "promotie_anterioara": {"NU": 201, "DA": 1}, "materii": {"LIMBA ROMANA": {"medie": 8.583168316831683, "reusita": 99.5049504950495, "cnt": 202}, "BIOLOGIE VEGETALA SI ANIMALA": {"medie": 9.3, "reusita": 100.0, "cnt": 9}, "GENERAL": {"medie": 8.972669141914194, "reusita": 98.51485148514851, "cnt": 202}, "MATEMATICA MATE-INFO": {"medie": 9.571774193548384, "reusita": 100.0, "cnt": 62}, "INFORMATICA MI C/C++": {"medie": 9.236363636363635, "reusita": 100.0, "cnt": 33}, "GEOGRAFIE": {"medie": 9.185714285714287, "reusita": 100.0, "cnt": 7}, "ANATOMIE SI FIZIOLOGIE UMANA, GENETICA SI ECOLOGIE UMANA": {"medie": 9.430000000000001, "reusita": 100.0, "cnt": 55}, "ISTORIE": {"medie": 8.812499999999998, "reusita": 98.75, "cnt": 80}, "FIZICA TEO": {"medie": 9.26764705882353, "reusita": 100.0, "cnt": 17}, "MATEMATICA ST-NAT": {"medie": 9.693333333333335, "reusita": 100.0, "cnt": 60}, "LOGICA, ARGUMENTARE SI COMUNICARE": {"medie": 8.511764705882355, "reusita": 98.52941176470588, "cnt": 68}, "SOCIOLOGIE": {"medie": 9.35, "reusita": 100.0, "cnt": 2}, "ECONOMIE": {"medie": 8.700000000000001, "reusita": 100.0, "cnt": 3}, "CHIMIE ORGANICA TEO NIVEL I/II": {"medie": 9.328571428571427, "reusita": 100.0, "cnt": 7}, "LIMBA GERMANA": {"medie": 7.323076923076925, "reusita": 92.3076923076923, "cnt": 13}, "INFORMATICA SN C/C++": {"medie": 10.0, "reusita": 100.0, "cnt": 1}}, "nume": "COLEGIUL NATIONAL \"ALEXANDRU PAPIU ILARIAN\" TIRGU MURES\tMure\u0219"}