{"specializari": {"TEHNICIAN IN SILVICULTURA SI EXPLOATARI FORESTIERE": 38, "TEHNICIAN ECOLOG SI PROTECTIA CALITATII MEDIULUI": 12, "TEHNICIAN PROIECTANT PRODUSE FINITE DIN LEMN": 2, "TEHNICIAN MECANIC PENTRU INTRETINERE SI REPARATII": 4, "FILOLOGIE": 3}, "limba_moderna": {"LIMBA ENGLEZA": 59}, "limba_materna": {"LIMBA ROMANA": 59}, "promotie_anterioara": {"NU": 46, "DA": 13}, "materii": {"LIMBA ROMANA": {"medie": 5.583620689655173, "reusita": 77.96610169491525, "cnt": 59}, "MATEMATICA TEHN": {"medie": 5.7349056603773585, "reusita": 71.42857142857143, "cnt": 56}, "BIOLOGIE VEGETALA SI ANIMALA": {"medie": 5.45, "reusita": 50.0, "cnt": 6}, "GENERAL": {"medie": 5.987272727272727, "reusita": 50.847457627118644, "cnt": 59}, "ANATOMIE SI FIZIOLOGIE UMANA, GENETICA SI ECOLOGIE UMANA": {"medie": 6.964130434782611, "reusita": 80.85106382978722, "cnt": 47}, "CHIMIE ANORGANICA TEH NIVEL I/II": {"medie": 5.583333333333333, "reusita": 66.66666666666666, "cnt": 3}, "ISTORIE": {"medie": 5.633333333333333, "reusita": 100.0, "cnt": 3}, "SOCIOLOGIE": {"medie": 5.833333333333333, "reusita": 66.66666666666666, "cnt": 3}}, "nume": "COLEGIUL TEHNIC FORESTIER, MUNICIPIUL PIATRA-NEAMT\tNeam\u021b"}