{"specializari": {"TEHNICIAN DESENATOR PENTRU CONSTRUCTII SI INSTALATII": 11, "COAFOR STILIST": 13, "TEHNICIAN OPERATOR TEHNICA DE CALCUL": 12, "TEHNICIAN IN ACTIVITATI ECONOMICE": 11, "TEHNICIAN IN ACTIVITATI DE COMERT": 4, "STIINTE ALE NATURII": 2, "TEHNICIAN IN ADMINISTRATIE": 3}, "limba_moderna": {"LIMBA ENGLEZA": 56}, "limba_materna": {"LIMBA ROMANA": 56}, "promotie_anterioara": {"DA": 25, "NU": 31}, "materii": {"LIMBA ROMANA": {"medie": 6.619999999999999, "reusita": 85.71428571428571, "cnt": 56}, "MATEMATICA TEHN": {"medie": 6.46734693877551, "reusita": 77.77777777777779, "cnt": 54}, "BIOLOGIE VEGETALA SI ANIMALA": {"medie": 6.007894736842105, "reusita": 71.42857142857143, "cnt": 21}, "GENERAL": {"medie": 6.648639455782314, "reusita": 67.85714285714286, "cnt": 56}, "GEOGRAFIE": {"medie": 7.1982758620689635, "reusita": 90.32258064516128, "cnt": 31}, "FIZICA TEH": {"medie": 8.166666666666666, "reusita": 100.0, "cnt": 3}, "MATEMATICA ST-NAT": {"medie": 1.0, "reusita": 0.0, "cnt": 2}, "CHIMIE ORGANICA TEH NIVEL I/II": {"medie": 7.6, "reusita": 100.0, "cnt": 1}}, "nume": "COLEGIUL TEHNIC \"MEDIENSIS\" MEDIAS\tSibiu"}