{"specializari": {"FILOLOGIE": 162, "MATEMATICA-INFORMATICA": 121}, "limba_moderna": {"LIMBA ENGLEZA": 250, "LIMBA FRANCEZA": 16, "LIMBA SPANIOLA": 17}, "limba_materna": {"LIMBA ROMANA": 283}, "promotie_anterioara": {"NU": 281, "DA": 2}, "materii": {"LIMBA ROMANA": {"medie": 8.319257950530032, "reusita": 100.0, "cnt": 283}, "BIOLOGIE VEGETALA SI ANIMALA": {"medie": 7.755882352941178, "reusita": 94.11764705882352, "cnt": 17}, "GENERAL": {"medie": 8.567373380447584, "reusita": 97.87985865724382, "cnt": 283}, "MATEMATICA MATE-INFO": {"medie": 8.870247933884293, "reusita": 100.0, "cnt": 121}, "INFORMATICA MI C/C++": {"medie": 8.743750000000002, "reusita": 100.0, "cnt": 16}, "GEOGRAFIE": {"medie": 9.240833333333331, "reusita": 100.0, "cnt": 60}, "ANATOMIE SI FIZIOLOGIE UMANA, GENETICA SI ECOLOGIE UMANA": {"medie": 8.846000000000002, "reusita": 100.0, "cnt": 25}, "ISTORIE": {"medie": 8.580864197530865, "reusita": 99.38271604938271, "cnt": 162}, "FIZICA TEO": {"medie": 8.85673076923077, "reusita": 100.0, "cnt": 52}, "LOGICA, ARGUMENTARE SI COMUNICARE": {"medie": 8.625000000000002, "reusita": 95.45454545454545, "cnt": 22}, "SOCIOLOGIE": {"medie": 8.311627906976746, "reusita": 97.67441860465115, "cnt": 43}, "PSIHOLOGIE": {"medie": 8.2125, "reusita": 100.0, "cnt": 16}, "ECONOMIE": {"medie": 8.56, "reusita": 100.0, "cnt": 20}, "CHIMIE ORGANICA TEO NIVEL I/II": {"medie": 8.35, "reusita": 100.0, "cnt": 10}, "CHIMIE ANORGANICA TEO NIVEL I/II": {"medie": 5.0, "reusita": 100.0, "cnt": 1}, "FILOSOFIE": {"medie": 9.8, "reusita": 100.0, "cnt": 1}}, "nume": "COLEGIUL NATIONAL \"IULIA HASDEU\"\tBucure\u0219ti"}