{"specializari": {"MATEMATICA-INFORMATICA": 23, "LICEU CU PROGRAM SPORTIV": 38, "FILOLOGIE": 31}, "limba_moderna": {"LIMBA FRANCEZA": 1, "LIMBA ENGLEZA": 91}, "limba_materna": {"LIMBA ROMANA": 92}, "promotie_anterioara": {"DA": 12, "NU": 80}, "materii": {"LIMBA ROMANA": {"medie": 7.13967391304348, "reusita": 98.91304347826086, "cnt": 92}, "BIOLOGIE VEGETALA SI ANIMALA": {"medie": 6.75, "reusita": 100.0, "cnt": 1}, "GENERAL": {"medie": 7.192028985507244, "reusita": 85.86956521739131, "cnt": 92}, "MATEMATICA MATE-INFO": {"medie": 6.986956521739131, "reusita": 91.30434782608695, "cnt": 23}, "INFORMATICA MI C/C++": {"medie": 7.533333333333334, "reusita": 100.0, "cnt": 3}, "GEOGRAFIE": {"medie": 7.796031746031747, "reusita": 95.23809523809523, "cnt": 63}, "ANATOMIE SI FIZIOLOGIE UMANA, GENETICA SI ECOLOGIE UMANA": {"medie": 7.323076923076922, "reusita": 92.3076923076923, "cnt": 13}, "ISTORIE": {"medie": 6.868115942028986, "reusita": 97.10144927536231, "cnt": 69}, "FIZICA TEO": {"medie": 5.6625, "reusita": 75.0, "cnt": 4}, "LOGICA, ARGUMENTARE SI COMUNICARE": {"medie": 6.8, "reusita": 100.0, "cnt": 5}, "PSIHOLOGIE": {"medie": 7.25, "reusita": 100.0, "cnt": 1}, "CHIMIE ANORGANICA TEO NIVEL I/II": {"medie": 6.975, "reusita": 100.0, "cnt": 2}}, "nume": "COLEGIUL NATIONAL \"EMIL RACOVITA\"\tBucure\u0219ti"}