{"specializari": {"FILOLOGIE": 63, "MATEMATICA-INFORMATICA": 54, "INVATATOR - EDUCATOARE": 27, "STIINTE ALE NATURII": 29}, "limba_moderna": {"LIMBA ENGLEZA": 156, "LIMBA FRANCEZA": 17}, "limba_materna": {"LIMBA ROMANA": 173}, "promotie_anterioara": {"NU": 169, "DA": 4}, "materii": {"LIMBA ROMANA": {"medie": 8.326162790697675, "reusita": 99.42196531791907, "cnt": 173}, "GENERAL": {"medie": 8.50658914728682, "reusita": 95.95375722543352, "cnt": 173}, "MATEMATICA MATE-INFO": {"medie": 8.363888888888889, "reusita": 96.29629629629629, "cnt": 54}, "INFORMATICA MI C/C++": {"medie": 8.862499999999999, "reusita": 100.0, "cnt": 12}, "MATEMATICA PED": {"medie": 8.370370370370368, "reusita": 92.5925925925926, "cnt": 27}, "GEOGRAFIE": {"medie": 8.798666666666668, "reusita": 98.68421052631578, "cnt": 76}, "ANATOMIE SI FIZIOLOGIE UMANA, GENETICA SI ECOLOGIE UMANA": {"medie": 8.960447761194033, "reusita": 97.01492537313433, "cnt": 67}, "ISTORIE": {"medie": 8.000000000000002, "reusita": 98.4126984126984, "cnt": 63}, "FIZICA TEO": {"medie": 8.05, "reusita": 100.0, "cnt": 1}, "MATEMATICA ST-NAT": {"medie": 9.04137931034483, "reusita": 100.0, "cnt": 29}, "LOGICA, ARGUMENTARE SI COMUNICARE": {"medie": 8.879999999999999, "reusita": 100.0, "cnt": 5}, "SOCIOLOGIE": {"medie": 8.666666666666666, "reusita": 100.0, "cnt": 3}, "PSIHOLOGIE": {"medie": 8.68, "reusita": 100.0, "cnt": 5}, "CHIMIE ORGANICA TEO NIVEL I/II": {"medie": 9.65, "reusita": 100.0, "cnt": 2}, "FILOSOFIE": {"medie": 7.1, "reusita": 100.0, "cnt": 1}, "INFORMATICA SN C/C++": {"medie": 6.6, "reusita": 100.0, "cnt": 1}}, "nume": "COLEGIUL NATIONAL \"GEORGE COSBUC\" NASAUD\tBistri\u021ba-N\u0103s\u0103ud"}