{"specializari": {"ARHITECTURA, ARTE AMBIENTALE SI DESIGN": 30, "FILOLOGIE": 25, "PATRIMONIU CULTURAL": 17, "MUZICA": 22, "ARTE PLASTICE SI DECORATIVE": 16, "CONSERVARE - RESTAURARE": 1}, "limba_moderna": {"LIMBA ENGLEZA": 111}, "limba_materna": {"LIMBA ROMANA": 111}, "promotie_anterioara": {"NU": 104, "DA": 7}, "materii": {"LIMBA ROMANA": {"medie": 7.578181818181816, "reusita": 97.2972972972973, "cnt": 111}, "GENERAL": {"medie": 7.423030303030303, "reusita": 89.1891891891892, "cnt": 111}, "GEOGRAFIE": {"medie": 7.8208333333333355, "reusita": 94.5945945945946, "cnt": 37}, "ISTORIE": {"medie": 6.949090909090911, "reusita": 96.3963963963964, "cnt": 111}, "LOGICA, ARGUMENTARE SI COMUNICARE": {"medie": 7.695588235294118, "reusita": 91.17647058823529, "cnt": 68}, "SOCIOLOGIE": {"medie": 9.4, "reusita": 100.0, "cnt": 1}, "PSIHOLOGIE": {"medie": 7.470000000000001, "reusita": 100.0, "cnt": 5}}, "nume": "COLEGIUL DE ARTA \"CIPRIAN PORUMBESCU\" SUCEAVA\tSuceava"}