{"specializari": {"STIINTE SOCIALE": 65, "FILOLOGIE": 29, "MATEMATICA-INFORMATICA": 30}, "limba_moderna": {"LIMBA ENGLEZA": 123, "LIMBA FRANCEZA": 1}, "limba_materna": {"LIMBA ROMANA": 124}, "promotie_anterioara": {"NU": 124}, "materii": {"LIMBA ROMANA": {"medie": 8.793951612903227, "reusita": 100.0, "cnt": 124}, "BIOLOGIE VEGETALA SI ANIMALA": {"medie": 8.9375, "reusita": 100.0, "cnt": 4}, "GENERAL": {"medie": 9.035349462365593, "reusita": 100.0, "cnt": 124}, "MATEMATICA MATE-INFO": {"medie": 8.940000000000001, "reusita": 100.0, "cnt": 30}, "INFORMATICA MI C/C++": {"medie": 9.12, "reusita": 100.0, "cnt": 10}, "GEOGRAFIE": {"medie": 9.042307692307693, "reusita": 100.0, "cnt": 13}, "ANATOMIE SI FIZIOLOGIE UMANA, GENETICA SI ECOLOGIE UMANA": {"medie": 9.045833333333333, "reusita": 100.0, "cnt": 12}, "ISTORIE": {"medie": 9.13404255319149, "reusita": 100.0, "cnt": 94}, "FIZICA TEO": {"medie": 9.575, "reusita": 100.0, "cnt": 2}, "LOGICA, ARGUMENTARE SI COMUNICARE": {"medie": 9.392452830188683, "reusita": 100.0, "cnt": 53}, "SOCIOLOGIE": {"medie": 9.075, "reusita": 100.0, "cnt": 14}, "PSIHOLOGIE": {"medie": 9.383333333333333, "reusita": 100.0, "cnt": 3}, "ECONOMIE": {"medie": 8.725000000000001, "reusita": 100.0, "cnt": 4}, "CHIMIE ORGANICA TEO NIVEL I/II": {"medie": 8.1, "reusita": 100.0, "cnt": 1}, "CHIMIE ANORGANICA TEO NIVEL I/II": {"medie": 9.0, "reusita": 100.0, "cnt": 1}, "FILOSOFIE": {"medie": 9.528571428571428, "reusita": 100.0, "cnt": 7}}, "nume": "COLEGIUL NATIONAL \"GHEORGHE SINCAI\" CLUJ-NAPOCA\tCluj"}