{"specializari": {"FILOLOGIE": 29, "STIINTE ALE NATURII": 28, "MATEMATICA-INFORMATICA": 30, "TEHNICIAN IN ACTIVITATI ECONOMICE": 15}, "limba_moderna": {"LIMBA ENGLEZA": 93, "LIMBA GERMANA MODERNA": 9}, "limba_materna": {"LIMBA MAGHIARA": 102}, "promotie_anterioara": {"NU": 95, "DA": 7}, "materii": {"LIMBA ROMANA": {"medie": 6.7811881188118805, "reusita": 89.2156862745098, "cnt": 102}, "MATEMATICA TEHN": {"medie": 7.12, "reusita": 93.33333333333333, "cnt": 15}, "BIOLOGIE VEGETALA SI ANIMALA": {"medie": 7.850000000000001, "reusita": 95.23809523809523, "cnt": 21}, "GENERAL": {"medie": 7.134529702970297, "reusita": 76.47058823529412, "cnt": 102}, "MATEMATICA MATE-INFO": {"medie": 8.47, "reusita": 100.0, "cnt": 30}, "INFORMATICA MI C/C++": {"medie": 8.533333333333333, "reusita": 100.0, "cnt": 12}, "GEOGRAFIE": {"medie": 7.559722222222224, "reusita": 100.0, "cnt": 36}, "ANATOMIE SI FIZIOLOGIE UMANA, GENETICA SI ECOLOGIE UMANA": {"medie": 7.506521739130433, "reusita": 91.30434782608695, "cnt": 23}, "ISTORIE": {"medie": 7.491379310344827, "reusita": 100.0, "cnt": 29}, "MATEMATICA ST-NAT": {"medie": 6.079629629629629, "reusita": 60.71428571428571, "cnt": 28}, "LOGICA, ARGUMENTARE SI COMUNICARE": {"medie": 8.15, "reusita": 100.0, "cnt": 2}, "SOCIOLOGIE": {"medie": 7.35, "reusita": 100.0, "cnt": 1}, "PSIHOLOGIE": {"medie": 7.550000000000001, "reusita": 100.0, "cnt": 3}, "LIMBA MAGHIARA (REAL)": {"medie": 6.902739726027398, "reusita": 98.63013698630137, "cnt": 73}, "CHIMIE ORGANICA TEO NIVEL I/II": {"medie": 6.574999999999999, "reusita": 100.0, "cnt": 2}, "FILOSOFIE": {"medie": 7.225, "reusita": 100.0, "cnt": 2}, "LIMBA MAGHIARA (UMAN)": {"medie": 6.129310344827586, "reusita": 89.65517241379311, "cnt": 29}}, "nume": "COLEGIUL NATIONAL \"APRILY LAJOS\" BRASOV\tBra\u0219ov"}