{"specializari": {"MATEMATICA-INFORMATICA": 54, "STIINTE ALE NATURII": 31, "FILOLOGIE": 29, "STIINTE SOCIALE": 32, "INVATATOR - EDUCATOARE": 21}, "limba_moderna": {"LIMBA ENGLEZA": 139, "LIMBA GERMANA MODERNA": 2, "LIMBA FRANCEZA": 26}, "limba_materna": {"LIMBA ROMANA": 167}, "promotie_anterioara": {"NU": 160, "DA": 7}, "materii": {"LIMBA ROMANA": {"medie": 8.114371257485029, "reusita": 98.20359281437125, "cnt": 167}, "BIOLOGIE VEGETALA SI ANIMALA": {"medie": 9.05, "reusita": 100.0, "cnt": 4}, "GENERAL": {"medie": 8.198103792415175, "reusita": 93.41317365269461, "cnt": 167}, "MATEMATICA MATE-INFO": {"medie": 8.712962962962962, "reusita": 100.0, "cnt": 54}, "INFORMATICA MI PASCAL": {"medie": 8.74375, "reusita": 100.0, "cnt": 40}, "MATEMATICA PED": {"medie": 8.71190476190476, "reusita": 100.0, "cnt": 21}, "GEOGRAFIE": {"medie": 7.677142857142857, "reusita": 97.14285714285714, "cnt": 35}, "ANATOMIE SI FIZIOLOGIE UMANA, GENETICA SI ECOLOGIE UMANA": {"medie": 9.000000000000002, "reusita": 97.43589743589743, "cnt": 39}, "ISTORIE": {"medie": 7.345081967213116, "reusita": 98.36065573770492, "cnt": 61}, "MATEMATICA ST-NAT": {"medie": 8.364516129032259, "reusita": 93.54838709677419, "cnt": 31}, "LOGICA, ARGUMENTARE SI COMUNICARE": {"medie": 7.852325581395348, "reusita": 100.0, "cnt": 43}, "SOCIOLOGIE": {"medie": 7.5874999999999995, "reusita": 100.0, "cnt": 4}, "CHIMIE ORGANICA TEO NIVEL I/II": {"medie": 8.850000000000001, "reusita": 100.0, "cnt": 2}}, "nume": "COLEGIUL NATIONAL \"INOCHENTIE MICU CLAIN\" BLAJ\tAlba"}