{"specializari": {"TEHNICIAN IN ACTIVITATI ECONOMICE": 198, "TEHNICIAN IN HOTELARIE": 56, "TEHNICIAN IN ACTIVITATI DE COMERT": 45}, "limba_moderna": {"LIMBA ENGLEZA": 288, "LIMBA SPANIOLA": 11}, "limba_materna": {"LIMBA ROMANA": 299}, "promotie_anterioara": {"NU": 260, "DA": 39}, "materii": {"LIMBA ROMANA": {"medie": 6.104948805460748, "reusita": 89.63210702341136, "cnt": 299}, "MATEMATICA TEHN": {"medie": 6.594965277777775, "reusita": 83.94648829431438, "cnt": 299}, "GENERAL": {"medie": 6.628091872791522, "reusita": 68.56187290969899, "cnt": 299}, "GEOGRAFIE": {"medie": 7.263549618320608, "reusita": 92.98892988929889, "cnt": 271}, "LOGICA, ARGUMENTARE SI COMUNICARE": {"medie": 6.812500000000001, "reusita": 91.66666666666666, "cnt": 12}, "PSIHOLOGIE": {"medie": 5.4944444444444445, "reusita": 77.77777777777779, "cnt": 9}, "ECONOMIE": {"medie": 3.4214285714285717, "reusita": 28.57142857142857, "cnt": 7}}, "nume": "COLEGIUL ECONOMIC \"HERMES\"\tBucure\u0219ti"}