{"specializari": {"STIINTE ALE NATURII": 65, "MATEMATICA-INFORMATICA": 50, "FILOLOGIE": 153}, "limba_moderna": {"LIMBA FRANCEZA": 38, "LIMBA ENGLEZA": 188, "LIMBA SPANIOLA": 19, "LIMBA GERMANA MODERNA": 23}, "limba_materna": {"LIMBA ROMANA": 268}, "promotie_anterioara": {"NU": 266, "DA": 2}, "materii": {"LIMBA ROMANA": {"medie": 8.781698113207542, "reusita": 98.88059701492537, "cnt": 268}, "BIOLOGIE VEGETALA SI ANIMALA": {"medie": 9.2, "reusita": 100.0, "cnt": 1}, "GENERAL": {"medie": 8.919633838383836, "reusita": 98.50746268656717, "cnt": 268}, "MATEMATICA MATE-INFO": {"medie": 9.13061224489796, "reusita": 98.0, "cnt": 50}, "INFORMATICA MI C/C++": {"medie": 9.447222222222221, "reusita": 94.73684210526315, "cnt": 19}, "GEOGRAFIE": {"medie": 9.419230769230769, "reusita": 100.0, "cnt": 13}, "ANATOMIE SI FIZIOLOGIE UMANA, GENETICA SI ECOLOGIE UMANA": {"medie": 9.492352941176472, "reusita": 100.0, "cnt": 85}, "ISTORIE": {"medie": 8.483666666666668, "reusita": 98.0392156862745, "cnt": 153}, "FIZICA TEO": {"medie": 8.416666666666666, "reusita": 100.0, "cnt": 6}, "MATEMATICA ST-NAT": {"medie": 9.356923076923076, "reusita": 100.0, "cnt": 65}, "LOGICA, ARGUMENTARE SI COMUNICARE": {"medie": 8.851666666666667, "reusita": 98.36065573770492, "cnt": 122}, "SOCIOLOGIE": {"medie": 9.180000000000001, "reusita": 100.0, "cnt": 5}, "PSIHOLOGIE": {"medie": 9.185, "reusita": 100.0, "cnt": 10}, "ECONOMIE": {"medie": 9.483333333333333, "reusita": 100.0, "cnt": 3}, "CHIMIE ORGANICA TEO NIVEL I/II": {"medie": 8.525, "reusita": 100.0, "cnt": 4}}, "nume": "COLEGIUL NATIONAL \"ELENA CUZA\" CRAIOVA\tDolj"}