{"specializari": {"MUZICA": 29, "ARTE PLASTICE SI DECORATIVE": 33, "ARHITECTURA, ARTE AMBIENTALE SI DESIGN": 24, "COREGRAFIE": 14}, "limba_moderna": {"LIMBA ENGLEZA": 99, "LIMBA FRANCEZA": 1}, "limba_materna": {"LIMBA ROMANA": 100}, "promotie_anterioara": {"NU": 96, "DA": 4}, "materii": {"LIMBA ROMANA": {"medie": 7.313000000000003, "reusita": 100.0, "cnt": 100}, "GENERAL": {"medie": 7.501515151515153, "reusita": 87.0, "cnt": 100}, "GEOGRAFIE": {"medie": 8.137333333333332, "reusita": 96.0, "cnt": 75}, "ISTORIE": {"medie": 6.974242424242423, "reusita": 92.0, "cnt": 100}, "LOGICA, ARGUMENTARE SI COMUNICARE": {"medie": 8.411363636363637, "reusita": 95.45454545454545, "cnt": 22}, "ECONOMIE": {"medie": 7.833333333333333, "reusita": 100.0, "cnt": 3}}, "nume": "COLEGIUL NATIONAL DE ARTA \"GEORGE APOSTU\" BACAU\tBac\u0103u"}