{"specializari": {"MATEMATICA-INFORMATICA": 12}, "limba_moderna": {"LIMBA ENGLEZA": 12}, "limba_materna": {"LIMBA ROMANA": 12}, "promotie_anterioara": {"NU": 12}, "materii": {"LIMBA ROMANA": {"medie": 8.633333333333331, "reusita": 100.0, "cnt": 12}, "GENERAL": {"medie": 8.847222222222221, "reusita": 100.0, "cnt": 12}, "MATEMATICA MATE-INFO": {"medie": 9.4875, "reusita": 100.0, "cnt": 12}, "INFORMATICA MI C/C++": {"medie": 8.1, "reusita": 100.0, "cnt": 5}, "ANATOMIE SI FIZIOLOGIE UMANA, GENETICA SI ECOLOGIE UMANA": {"medie": 8.875000000000002, "reusita": 100.0, "cnt": 6}, "CHIMIE ORGANICA TEO NIVEL I/II": {"medie": 7.3, "reusita": 100.0, "cnt": 1}}, "nume": "COLEGIUL \"RICHARD WURMBRAND\", IASI\tIa\u0219i"}