{"specializari": {"TEHNICIAN ECOLOG SI PROTECTIA CALITATII MEDIULUI": 66, "TEHNICIAN ANALIZE PRODUSE ALIMENTARE": 47, "TEHNICIAN CHIMIST DE LABORATOR": 15, "STIINTE SOCIALE": 19, "TEHNICIAN MECATRONIST": 15, "TEHNICIAN ELECTROTEHNIST": 1, "TEHNICIAN DE TELECOMUNICATII": 23, "TEHNICIAN IN INDUSTRIA ALIMENTARA": 5, "TEHNICIAN OPERATOR TEHNICA DE CALCUL": 14, "TEHNICIAN DESENATOR PENTRU CONSTRUCTII SI INSTALATII": 10, "TEHNICIAN DESIGNER VESTIMENTAR": 13, "TEHNICIAN IN GASTRONOMIE": 3, "TEHNICIAN IN CONSTRUCTII SI LUCRARI PUBLICE": 1}, "limba_moderna": {"LIMBA FRANCEZA": 22, "LIMBA ENGLEZA": 210}, "limba_materna": {"LIMBA ROMANA": 232}, "promotie_anterioara": {"NU": 193, "DA": 39}, "materii": {"LIMBA ROMANA": {"medie": 5.137931034482759, "reusita": 59.05172413793104, "cnt": 232}, "MATEMATICA TEHN": {"medie": 4.740314136125651, "reusita": 49.29577464788733, "cnt": 213}, "BIOLOGIE VEGETALA SI ANIMALA": {"medie": 3.839999999999999, "reusita": 28.431372549019606, "cnt": 102}, "GENERAL": {"medie": 4.884196891191708, "reusita": 24.568965517241377, "cnt": 232}, "GEOGRAFIE": {"medie": 7.9, "reusita": 50.0, "cnt": 4}, "FIZICA TEH": {"medie": 3.822222222222222, "reusita": 26.31578947368421, "cnt": 19}, "ANATOMIE SI FIZIOLOGIE UMANA, GENETICA SI ECOLOGIE UMANA": {"medie": 5.268666666666666, "reusita": 51.85185185185185, "cnt": 81}, "CHIMIE ANORGANICA TEH NIVEL I/II": {"medie": 6.7875000000000005, "reusita": 75.0, "cnt": 4}, "ISTORIE": {"medie": 6.332142857142857, "reusita": 73.68421052631578, "cnt": 19}, "LOGICA, ARGUMENTARE SI COMUNICARE": {"medie": 5.055555555555556, "reusita": 22.22222222222222, "cnt": 18}, "CHIMIE ORGANICA TEH NIVEL I/II": {"medie": 6.683333333333334, "reusita": 75.0, "cnt": 4}}, "nume": "COLEGIUL TEHNIC \"GHEORGHE CARTIANU\", MUNICIPIUL PIATRA-NEAMT\tNeam\u021b"}