{"specializari": {"TEHNICIAN TRANSPORTURI": 18, "TEHNICIAN IN INDUSTRIA TEXTILA": 2, "TEHNICIAN DESIGNER VESTIMENTAR": 2, "TEHNICIAN OPERATOR TEHNICA DE CALCUL": 1, "TEHNICIAN MECATRONIST": 2, "COAFOR STILIST": 1}, "limba_moderna": {"LIMBA ENGLEZA": 25, "LIMBA FRANCEZA": 1}, "limba_materna": {"LIMBA ROMANA": 26}, "promotie_anterioara": {"DA": 18, "NU": 8}, "materii": {"LIMBA ROMANA": {"medie": 4.84, "reusita": 57.692307692307686, "cnt": 26}, "MATEMATICA TEHN": {"medie": 3.6666666666666674, "reusita": 42.30769230769231, "cnt": 26}, "BIOLOGIE VEGETALA SI ANIMALA": {"medie": 3.75, "reusita": 22.22222222222222, "cnt": 18}, "GENERAL": {"medie": 4.188405797101448, "reusita": 7.6923076923076925, "cnt": 26}, "GEOGRAFIE": {"medie": 7.4, "reusita": 100.0, "cnt": 1}, "FIZICA TEH": {"medie": 3.033333333333333, "reusita": 14.285714285714285, "cnt": 7}}, "nume": "COLEGIUL AUTO \"TRAIAN VUIA\" TG-JIU\tGorj"}