{"specializari": {"STIINTE ALE NATURII": 89, "MATEMATICA-INFORMATICA": 56, "FILOLOGIE": 29}, "limba_moderna": {"LIMBA ENGLEZA": 170, "LIMBA FRANCEZA": 4}, "limba_materna": {"LIMBA ROMANA": 174}, "promotie_anterioara": {"NU": 169, "DA": 5}, "materii": {"LIMBA ROMANA": {"medie": 8.53620689655173, "reusita": 100.0, "cnt": 174}, "BIOLOGIE VEGETALA SI ANIMALA": {"medie": 7.625, "reusita": 100.0, "cnt": 2}, "GENERAL": {"medie": 8.925670498084289, "reusita": 98.85057471264368, "cnt": 174}, "MATEMATICA MATE-INFO": {"medie": 9.030357142857143, "reusita": 98.21428571428571, "cnt": 56}, "INFORMATICA MI C/C++": {"medie": 9.133870967741935, "reusita": 100.0, "cnt": 31}, "GEOGRAFIE": {"medie": 8.953333333333335, "reusita": 100.0, "cnt": 15}, "ANATOMIE SI FIZIOLOGIE UMANA, GENETICA SI ECOLOGIE UMANA": {"medie": 8.921428571428569, "reusita": 100.0, "cnt": 42}, "ISTORIE": {"medie": 8.272413793103448, "reusita": 100.0, "cnt": 29}, "FIZICA TEO": {"medie": 9.004054054054055, "reusita": 97.2972972972973, "cnt": 37}, "MATEMATICA ST-NAT": {"medie": 9.700561797752808, "reusita": 100.0, "cnt": 89}, "LOGICA, ARGUMENTARE SI COMUNICARE": {"medie": 7.7, "reusita": 100.0, "cnt": 3}, "SOCIOLOGIE": {"medie": 8.9375, "reusita": 100.0, "cnt": 8}, "PSIHOLOGIE": {"medie": 9.0, "reusita": 100.0, "cnt": 1}, "ECONOMIE": {"medie": 6.7, "reusita": 100.0, "cnt": 1}, "CHIMIE ORGANICA TEO NIVEL I/II": {"medie": 9.402173913043477, "reusita": 100.0, "cnt": 23}, "CHIMIE ANORGANICA TEO NIVEL I/II": {"medie": 9.266666666666667, "reusita": 100.0, "cnt": 3}, "FILOSOFIE": {"medie": 7.1, "reusita": 100.0, "cnt": 1}, "INFORMATICA SN C/C++": {"medie": 8.992857142857144, "reusita": 100.0, "cnt": 7}}, "nume": "COLEGIUL NATIONAL \"MOISE NICOARA\" ARAD\tArad"}