{"specializari": {"TEHNICIAN IN SILVICULTURA SI EXPLOATARI FORESTIERE": 105, "TEHNICIAN ECOLOG SI PROTECTIA CALITATII MEDIULUI": 29, "TEHNICIAN IN ACTIVITATI ECONOMICE": 30, "TEHNICIAN IN TURISM": 26, "FILOLOGIE": 4}, "limba_moderna": {"LIMBA ENGLEZA": 189, "LIMBA FRANCEZA": 5}, "limba_materna": {"LIMBA ROMANA": 194}, "promotie_anterioara": {"NU": 159, "DA": 35}, "materii": {"LIMBA ROMANA": {"medie": 5.88945945945946, "reusita": 74.74226804123711, "cnt": 194}, "MATEMATICA TEHN": {"medie": 5.359497206703911, "reusita": 63.1578947368421, "cnt": 190}, "BIOLOGIE VEGETALA SI ANIMALA": {"medie": 3.45, "reusita": 16.666666666666664, "cnt": 6}, "GENERAL": {"medie": 5.790883977900549, "reusita": 43.29896907216495, "cnt": 194}, "GEOGRAFIE": {"medie": 6.774528301886791, "reusita": 92.45283018867924, "cnt": 53}, "FIZICA TEH": {"medie": 7.924999999999999, "reusita": 100.0, "cnt": 4}, "ANATOMIE SI FIZIOLOGIE UMANA, GENETICA SI ECOLOGIE UMANA": {"medie": 5.666964285714287, "reusita": 64.16666666666667, "cnt": 120}, "CHIMIE ANORGANICA TEH NIVEL I/II": {"medie": 7.8375, "reusita": 100.0, "cnt": 4}, "ISTORIE": {"medie": 5.0125, "reusita": 100.0, "cnt": 4}, "PSIHOLOGIE": {"medie": 6.514285714285714, "reusita": 100.0, "cnt": 7}}, "nume": "COLEGIUL SILVIC \"BUCOVINA\" CAMPULUNG MOLDOVENESC\tSuceava"}