{"specializari": {"COAFOR STILIST": 18, "TEHNICIAN IN INDUSTRIA TEXTILA": 4, "TEHNICIAN IN GASTRONOMIE": 11, "TEHNICIAN IN ACTIVITATI ECONOMICE": 18}, "limba_moderna": {"LIMBA ENGLEZA": 50, "LIMBA FRANCEZA": 1}, "limba_materna": {"LIMBA ROMANA": 51}, "promotie_anterioara": {"NU": 40, "DA": 11}, "materii": {"LIMBA ROMANA": {"medie": 5.897826086956522, "reusita": 74.50980392156863, "cnt": 51}, "MATEMATICA TEHN": {"medie": 5.130681818181819, "reusita": 52.94117647058824, "cnt": 51}, "BIOLOGIE VEGETALA SI ANIMALA": {"medie": 2.8375000000000004, "reusita": 0.0, "cnt": 4}, "GENERAL": {"medie": 5.899145299145299, "reusita": 39.21568627450981, "cnt": 51}, "GEOGRAFIE": {"medie": 7.152499999999999, "reusita": 82.97872340425532, "cnt": 47}}, "nume": "COLEGIUL TEHNIC \"ION HOLBAN\", IASI\tIa\u0219i"}