{"specializari": {"TEHNICIAN DESIGNER VESTIMENTAR": 32, "TEHNICIAN IN TURISM": 20, "COAFOR STILIST": 18, "ORGANIZATOR BANQUETING": 9}, "limba_moderna": {"LIMBA ENGLEZA": 77, "LIMBA FRANCEZA": 1, "LIMBA GERMANA MODERNA": 1}, "limba_materna": {"LIMBA ROMANA": 79}, "promotie_anterioara": {"NU": 62, "DA": 17}, "materii": {"LIMBA ROMANA": {"medie": 6.245070422535209, "reusita": 83.54430379746836, "cnt": 79}, "MATEMATICA TEHN": {"medie": 6.151388888888891, "reusita": 77.21518987341773, "cnt": 79}, "BIOLOGIE VEGETALA SI ANIMALA": {"medie": 4.626190476190475, "reusita": 34.61538461538461, "cnt": 26}, "GENERAL": {"medie": 6.121323529411765, "reusita": 49.36708860759494, "cnt": 79}, "GEOGRAFIE": {"medie": 6.814864864864864, "reusita": 83.33333333333334, "cnt": 42}, "CHIMIE ANORGANICA TEH NIVEL I/II": {"medie": 4.79, "reusita": 40.0, "cnt": 5}, "LOGICA, ARGUMENTARE SI COMUNICARE": {"medie": 6.35, "reusita": 80.0, "cnt": 5}, "CHIMIE ORGANICA TEH NIVEL I/II": {"medie": 4.05, "reusita": 0.0, "cnt": 1}}, "nume": "COLEGIUL TEHNIC \"MARIA BAIULESCU\" BRASOV\tBra\u0219ov"}