{"specializari": {"TEHNICIAN IN ACTIVITATI ECONOMICE": 27, "TEHNICIAN IN ACHIZITII SI CONTRACTARI": 26}, "limba_moderna": {"LIMBA ENGLEZA": 53}, "limba_materna": {"LIMBA ROMANA": 53}, "promotie_anterioara": {"NU": 53}, "materii": {"LIMBA ROMANA": {"medie": 7.197169811320758, "reusita": 100.0, "cnt": 53}, "MATEMATICA TEHN": {"medie": 8.101886792452829, "reusita": 100.0, "cnt": 53}, "GENERAL": {"medie": 7.868553459119494, "reusita": 98.11320754716981, "cnt": 53}, "GEOGRAFIE": {"medie": 8.65, "reusita": 100.0, "cnt": 2}, "LOGICA, ARGUMENTARE SI COMUNICARE": {"medie": 8.29313725490196, "reusita": 100.0, "cnt": 51}}, "nume": "COLEGIUL TEHNOLOGIC \"SPIRU HARET\", MUNICIPIUL PIATRA-NEAMT\tNeam\u021b"}