{"specializari": {"MATEMATICA-INFORMATICA": 16, "TEHNICIAN MECATRONIST": 12, "FILOLOGIE": 24, "STIINTE ALE NATURII": 18, "TEHNICIAN MECANIC PENTRU INTRETINERE SI REPARATII": 1}, "limba_moderna": {"LIMBA ENGLEZA": 38, "LIMBA FRANCEZA": 33}, "limba_materna": {"LIMBA ROMANA": 71}, "promotie_anterioara": {"DA": 16, "NU": 55}, "materii": {"LIMBA ROMANA": {"medie": 6.1943661971831, "reusita": 84.50704225352112, "cnt": 71}, "MATEMATICA TEHN": {"medie": 4.323076923076924, "reusita": 69.23076923076923, "cnt": 13}, "BIOLOGIE VEGETALA SI ANIMALA": {"medie": 5.1454545454545455, "reusita": 41.66666666666667, "cnt": 12}, "GENERAL": {"medie": 6.187198067632852, "reusita": 52.112676056338024, "cnt": 71}, "MATEMATICA MATE-INFO": {"medie": 4.54375, "reusita": 50.0, "cnt": 16}, "GEOGRAFIE": {"medie": 8.379166666666665, "reusita": 100.0, "cnt": 24}, "FIZICA TEH": {"medie": 2.2, "reusita": 0.0, "cnt": 1}, "ANATOMIE SI FIZIOLOGIE UMANA, GENETICA SI ECOLOGIE UMANA": {"medie": 6.1171875, "reusita": 66.66666666666666, "cnt": 33}, "ISTORIE": {"medie": 7.412499999999999, "reusita": 100.0, "cnt": 24}, "FIZICA TEO": {"medie": 7.25, "reusita": 100.0, "cnt": 1}, "MATEMATICA ST-NAT": {"medie": 5.044444444444444, "reusita": 55.55555555555556, "cnt": 18}}, "nume": "COLEGIUL \"MIHAI VITEAZUL\" BUMBESTI-JIU\tGorj"}