{"specializari": {"FILOLOGIE": 56, "STIINTE SOCIALE": 58, "STIINTE ALE NATURII": 37, "MATEMATICA-INFORMATICA": 31}, "limba_moderna": {"LIMBA ENGLEZA": 123, "LIMBA FRANCEZA": 59}, "limba_materna": {"LIMBA ROMANA": 182}, "promotie_anterioara": {"NU": 165, "DA": 17}, "materii": {"LIMBA ROMANA": {"medie": 7.159668508287295, "reusita": 97.25274725274726, "cnt": 182}, "GENERAL": {"medie": 7.344972067039106, "reusita": 80.76923076923077, "cnt": 182}, "MATEMATICA MATE-INFO": {"medie": 7.870967741935484, "reusita": 93.54838709677419, "cnt": 31}, "INFORMATICA MI C/C++": {"medie": 6.85, "reusita": 100.0, "cnt": 1}, "GEOGRAFIE": {"medie": 8.63722222222222, "reusita": 97.82608695652173, "cnt": 92}, "ANATOMIE SI FIZIOLOGIE UMANA, GENETICA SI ECOLOGIE UMANA": {"medie": 8.369444444444445, "reusita": 96.29629629629629, "cnt": 54}, "ISTORIE": {"medie": 6.289035087719299, "reusita": 92.98245614035088, "cnt": 114}, "FIZICA TEO": {"medie": 6.98076923076923, "reusita": 92.3076923076923, "cnt": 13}, "MATEMATICA ST-NAT": {"medie": 7.137837837837836, "reusita": 89.1891891891892, "cnt": 37}, "SOCIOLOGIE": {"medie": 5.90909090909091, "reusita": 81.81818181818183, "cnt": 22}}, "nume": "COLEGIUL NATIONAL \"COSTACHE NEGRI\" TARGU OCNA\tBac\u0103u"}