{"specializari": {"INVATATOR - EDUCATOARE": 84, "FILOLOGIE": 59}, "limba_moderna": {"LIMBA ENGLEZA": 141, "LIMBA GERMANA MODERNA": 1, "LIMBA FRANCEZA": 1}, "limba_materna": {"LIMBA ROMANA": 86, "LIMBA GERMANA": 57}, "promotie_anterioara": {"NU": 139, "DA": 4}, "materii": {"LIMBA ROMANA": {"medie": 7.616083916083915, "reusita": 100.0, "cnt": 143}, "GENERAL": {"medie": 7.908974358974351, "reusita": 94.4055944055944, "cnt": 143}, "MATEMATICA PED": {"medie": 7.923214285714285, "reusita": 96.42857142857143, "cnt": 84}, "GEOGRAFIE": {"medie": 8.420588235294119, "reusita": 100.0, "cnt": 34}, "ISTORIE": {"medie": 7.7872881355932195, "reusita": 98.30508474576271, "cnt": 59}, "LOGICA, ARGUMENTARE SI COMUNICARE": {"medie": 8.394859813084114, "reusita": 98.13084112149532, "cnt": 107}, "SOCIOLOGIE": {"medie": 8.0, "reusita": 100.0, "cnt": 1}, "PSIHOLOGIE": {"medie": 8.7, "reusita": 100.0, "cnt": 1}, "LIMBA GERMANA": {"medie": 7.37982456140351, "reusita": 100.0, "cnt": 57}}, "nume": "COLEGIUL NATIONAL PEDAGOGIC \"ANDREI SAGUNA\" SIBIU\tSibiu"}