{"specializari": {"TEHNICIAN IN GASTRONOMIE": 11, "TEHNICIAN IN INDUSTRIA ALIMENTARA": 8, "TEHNICIAN ANALIZE PRODUSE ALIMENTARE": 2}, "limba_moderna": {"LIMBA ENGLEZA": 21}, "limba_materna": {"LIMBA ROMANA": 21}, "promotie_anterioara": {"DA": 6, "NU": 15}, "materii": {"LIMBA ROMANA": {"medie": 6.1725, "reusita": 90.47619047619048, "cnt": 21}, "MATEMATICA TEHN": {"medie": 7.230952380952382, "reusita": 100.0, "cnt": 21}, "BIOLOGIE VEGETALA SI ANIMALA": {"medie": 3.5999999999999996, "reusita": 0.0, "cnt": 3}, "GENERAL": {"medie": 6.655263157894737, "reusita": 61.904761904761905, "cnt": 21}, "GEOGRAFIE": {"medie": 6.9750000000000005, "reusita": 83.33333333333334, "cnt": 6}, "ANATOMIE SI FIZIOLOGIE UMANA, GENETICA SI ECOLOGIE UMANA": {"medie": 5.735714285714285, "reusita": 85.71428571428571, "cnt": 7}, "LOGICA, ARGUMENTARE SI COMUNICARE": {"medie": 7.875, "reusita": 100.0, "cnt": 4}, "ECONOMIE": {"medie": 6.5, "reusita": 100.0, "cnt": 1}}, "nume": "COLEGIUL TEHNIC \"RALUCA RIPAN\" CLUJ-NAPOCA\tCluj"}