{"specializari": {"FILOLOGIE": 14, "TEHNICIAN IN TURISM": 18, "MATEMATICA-INFORMATICA": 12, "TEHNICIAN IN GASTRONOMIE": 1, "TEHNICIAN IN HOTELARIE": 2, "TEHNICIAN IN ACTIVITATI DE COMERT": 1, "STIINTE ALE NATURII": 1}, "limba_moderna": {"LIMBA ENGLEZA": 37, "LIMBA FRANCEZA": 12}, "limba_materna": {"LIMBA ROMANA": 49}, "promotie_anterioara": {"NU": 41, "DA": 8}, "materii": {"LIMBA ROMANA": {"medie": 7.001162790697673, "reusita": 87.75510204081633, "cnt": 49}, "MATEMATICA TEHN": {"medie": 6.859999999999999, "reusita": 81.81818181818183, "cnt": 22}, "BIOLOGIE VEGETALA SI ANIMALA": {"medie": 4.075, "reusita": 50.0, "cnt": 2}, "GENERAL": {"medie": 7.292276422764226, "reusita": 63.26530612244898, "cnt": 49}, "MATEMATICA MATE-INFO": {"medie": 8.345833333333333, "reusita": 91.66666666666666, "cnt": 12}, "INFORMATICA MI PASCAL": {"medie": 7.516666666666667, "reusita": 100.0, "cnt": 3}, "GEOGRAFIE": {"medie": 7.490322580645162, "reusita": 80.0, "cnt": 35}, "ANATOMIE SI FIZIOLOGIE UMANA, GENETICA SI ECOLOGIE UMANA": {"medie": 8.283333333333333, "reusita": 83.33333333333334, "cnt": 6}, "ISTORIE": {"medie": 6.659999999999999, "reusita": 64.28571428571429, "cnt": 14}, "FIZICA TEO": {"medie": 9.45, "reusita": 100.0, "cnt": 1}, "MATEMATICA ST-NAT": {"medie": "-", "reusita": 0.0, "cnt": 1}, "LOGICA, ARGUMENTARE SI COMUNICARE": {"medie": "-", "reusita": 0.0, "cnt": 1}, "CHIMIE ANORGANICA TEO NIVEL I/II": {"medie": 6.4, "reusita": 100.0, "cnt": 1}}, "nume": "COLEGIUL \"ION KALINDERU\", ORASUL BUSTENI\tPrahova"}