{"specializari": {"STIINTE ALE NATURII": 69, "FILOLOGIE": 104, "MATEMATICA-INFORMATICA": 121}, "limba_moderna": {"LIMBA ENGLEZA": 241, "LIMBA FRANCEZA": 30, "LIMBA SPANIOLA": 22, "LIMBA GERMANA MODERNA": 1}, "limba_materna": {"LIMBA ROMANA": 294}, "promotie_anterioara": {"NU": 292, "DA": 2}, "materii": {"LIMBA ROMANA": {"medie": 8.536518771331055, "reusita": 99.31972789115646, "cnt": 294}, "GENERAL": {"medie": 8.779806598407289, "reusita": 99.31972789115646, "cnt": 294}, "MATEMATICA MATE-INFO": {"medie": 8.862396694214873, "reusita": 100.0, "cnt": 121}, "INFORMATICA MI C/C++": {"medie": 8.94848484848485, "reusita": 100.0, "cnt": 33}, "GEOGRAFIE": {"medie": 9.866666666666667, "reusita": 100.0, "cnt": 3}, "ANATOMIE SI FIZIOLOGIE UMANA, GENETICA SI ECOLOGIE UMANA": {"medie": 9.227499999999997, "reusita": 100.0, "cnt": 120}, "ISTORIE": {"medie": 8.389805825242723, "reusita": 99.03846153846155, "cnt": 104}, "FIZICA TEO": {"medie": 8.510416666666668, "reusita": 100.0, "cnt": 24}, "MATEMATICA ST-NAT": {"medie": 8.931884057971013, "reusita": 100.0, "cnt": 69}, "LOGICA, ARGUMENTARE SI COMUNICARE": {"medie": 9.10463917525773, "reusita": 98.9795918367347, "cnt": 98}, "PSIHOLOGIE": {"medie": 6.975, "reusita": 100.0, "cnt": 2}, "ECONOMIE": {"medie": 9.2, "reusita": 100.0, "cnt": 1}, "CHIMIE ORGANICA TEO NIVEL I/II": {"medie": 9.284615384615385, "reusita": 100.0, "cnt": 13}}, "nume": "COLEGIUL NATIONAL \"CAROL I\" CRAIOVA\tDolj"}