{"specializari": {"TEHNICIAN IN TURISM": 25, "TEHNICIAN DESENATOR PENTRU CONSTRUCTII SI INSTALATII": 6, "TEHNICIAN ECOLOG SI PROTECTIA CALITATII MEDIULUI": 14, "TEHNICIAN INSTALATOR PENTRU CONSTRUCTII": 1, "TEHNICIAN PROIECTANT CAD": 10, "TEHNICIAN MECATRONIST": 1, "TEHNICIAN OPERATOR TEHNICA DE CALCUL": 1}, "limba_moderna": {"LIMBA ENGLEZA": 52, "LIMBA FRANCEZA": 6}, "limba_materna": {"LIMBA ROMANA": 58}, "promotie_anterioara": {"NU": 37, "DA": 21}, "materii": {"LIMBA ROMANA": {"medie": 4.84537037037037, "reusita": 53.44827586206896, "cnt": 58}, "MATEMATICA TEHN": {"medie": 4.283333333333333, "reusita": 41.37931034482759, "cnt": 58}, "BIOLOGIE VEGETALA SI ANIMALA": {"medie": 3.8605263157894734, "reusita": 31.818181818181817, "cnt": 22}, "GENERAL": {"medie": 5.01938775510204, "reusita": 24.137931034482758, "cnt": 58}, "GEOGRAFIE": {"medie": 7.097826086956521, "reusita": 72.0, "cnt": 25}, "ANATOMIE SI FIZIOLOGIE UMANA, GENETICA SI ECOLOGIE UMANA": {"medie": 5.805, "reusita": 63.63636363636363, "cnt": 11}}, "nume": "COLEGIUL TEHNIC \"ION MINCU\" TG-JIU\tGorj"}