{"specializari": {"FILOLOGIE": 57, "STIINTE ALE NATURII": 69, "STIINTE SOCIALE": 32, "MATEMATICA-INFORMATICA": 66}, "limba_moderna": {"LIMBA ENGLEZA": 156, "LIMBA FRANCEZA": 68}, "limba_materna": {"LIMBA ROMANA": 224}, "promotie_anterioara": {"NU": 223, "DA": 1}, "materii": {"LIMBA ROMANA": {"medie": 8.794419642857141, "reusita": 100.0, "cnt": 224}, "BIOLOGIE VEGETALA SI ANIMALA": {"medie": 7.955555555555557, "reusita": 77.77777777777779, "cnt": 9}, "GENERAL": {"medie": 9.017857142857153, "reusita": 98.21428571428571, "cnt": 224}, "MATEMATICA MATE-INFO": {"medie": 9.429545454545453, "reusita": 100.0, "cnt": 66}, "INFORMATICA MI C/C++": {"medie": 8.44375, "reusita": 100.0, "cnt": 8}, "INFORMATICA MI PASCAL": {"medie": 8.2125, "reusita": 100.0, "cnt": 4}, "GEOGRAFIE": {"medie": 9.15, "reusita": 100.0, "cnt": 1}, "ANATOMIE SI FIZIOLOGIE UMANA, GENETICA SI ECOLOGIE UMANA": {"medie": 8.833333333333334, "reusita": 100.0, "cnt": 3}, "ISTORIE": {"medie": 9.079775280898875, "reusita": 100.0, "cnt": 89}, "FIZICA TEO": {"medie": 8.944897959183676, "reusita": 100.0, "cnt": 49}, "MATEMATICA ST-NAT": {"medie": 9.328260869565218, "reusita": 98.55072463768117, "cnt": 69}, "LOGICA, ARGUMENTARE SI COMUNICARE": {"medie": 9.224999999999998, "reusita": 100.0, "cnt": 74}, "SOCIOLOGIE": {"medie": 10.0, "reusita": 100.0, "cnt": 1}, "PSIHOLOGIE": {"medie": 9.499999999999998, "reusita": 100.0, "cnt": 3}, "ECONOMIE": {"medie": 8.605555555555556, "reusita": 88.88888888888889, "cnt": 9}, "CHIMIE ORGANICA TEO NIVEL I/II": {"medie": 9.06774193548387, "reusita": 98.38709677419355, "cnt": 62}, "FILOSOFIE": {"medie": 9.2, "reusita": 100.0, "cnt": 1}}, "nume": "COLEGIUL NATIONAL \"ALEXANDRU IOAN CUZA\", MUNICIPIUL PLOIESTI\tPrahova"}