{"specializari": {"FILOLOGIE": 31, "MATEMATICA-INFORMATICA": 150, "STIINTE ALE NATURII": 59}, "limba_moderna": {"LIMBA ENGLEZA": 230, "LIMBA FRANCEZA": 10}, "limba_materna": {"LIMBA ROMANA": 240}, "promotie_anterioara": {"NU": 239, "DA": 1}, "materii": {"LIMBA ROMANA": {"medie": 8.462708333333335, "reusita": 100.0, "cnt": 240}, "BIOLOGIE VEGETALA SI ANIMALA": {"medie": 8.1, "reusita": 100.0, "cnt": 1}, "GENERAL": {"medie": 8.766944444444446, "reusita": 99.58333333333333, "cnt": 240}, "MATEMATICA MATE-INFO": {"medie": 8.911666666666669, "reusita": 99.33333333333333, "cnt": 150}, "INFORMATICA MI C/C++": {"medie": 8.664545454545458, "reusita": 100.0, "cnt": 55}, "GEOGRAFIE": {"medie": 9.15, "reusita": 100.0, "cnt": 23}, "ANATOMIE SI FIZIOLOGIE UMANA, GENETICA SI ECOLOGIE UMANA": {"medie": 9.305445544554454, "reusita": 100.0, "cnt": 101}, "ISTORIE": {"medie": 7.804838709677418, "reusita": 100.0, "cnt": 31}, "FIZICA TEO": {"medie": 8.984444444444446, "reusita": 100.0, "cnt": 45}, "MATEMATICA ST-NAT": {"medie": 9.077966101694916, "reusita": 100.0, "cnt": 59}, "LOGICA, ARGUMENTARE SI COMUNICARE": {"medie": 9.6, "reusita": 100.0, "cnt": 1}, "SOCIOLOGIE": {"medie": 8.2, "reusita": 100.0, "cnt": 4}, "ECONOMIE": {"medie": 8.066666666666666, "reusita": 100.0, "cnt": 3}, "CHIMIE ORGANICA TEO NIVEL I/II": {"medie": 8.714285714285714, "reusita": 100.0, "cnt": 7}}, "nume": "COLEGIUL NATIONAL \"ECATERINA TEODOROIU\" TG-JIU\tGorj"}