{"specializari": {"STIINTE ALE NATURII": 57, "STIINTE SOCIALE": 33, "FILOLOGIE": 31, "MATEMATICA-INFORMATICA": 57}, "limba_moderna": {"LIMBA ENGLEZA": 161, "LIMBA GERMANA MODERNA": 17}, "limba_materna": {"LIMBA MAGHIARA": 178}, "promotie_anterioara": {"NU": 178}, "materii": {"LIMBA ROMANA": {"medie": 6.887078651685389, "reusita": 98.31460674157303, "cnt": 178}, "BIOLOGIE VEGETALA SI ANIMALA": {"medie": 8.933333333333332, "reusita": 100.0, "cnt": 3}, "GENERAL": {"medie": 8.06200842696629, "reusita": 97.75280898876404, "cnt": 178}, "MATEMATICA MATE-INFO": {"medie": 8.595614035087719, "reusita": 100.0, "cnt": 57}, "INFORMATICA MI C/C++": {"medie": 8.418918918918918, "reusita": 100.0, "cnt": 37}, "GEOGRAFIE": {"medie": 8.96875, "reusita": 100.0, "cnt": 8}, "ANATOMIE SI FIZIOLOGIE UMANA, GENETICA SI ECOLOGIE UMANA": {"medie": 9.288541666666667, "reusita": 100.0, "cnt": 48}, "ISTORIE": {"medie": 7.9093750000000025, "reusita": 100.0, "cnt": 64}, "FIZICA TEO": {"medie": 8.716666666666667, "reusita": 100.0, "cnt": 3}, "MATEMATICA ST-NAT": {"medie": 8.746491228070175, "reusita": 100.0, "cnt": 57}, "LOGICA, ARGUMENTARE SI COMUNICARE": {"medie": 8.317307692307695, "reusita": 100.0, "cnt": 52}, "PSIHOLOGIE": {"medie": 8.425, "reusita": 100.0, "cnt": 2}, "ECONOMIE": {"medie": 6.4, "reusita": 100.0, "cnt": 1}, "LIMBA MAGHIARA (REAL)": {"medie": 8.490789473684213, "reusita": 100.0, "cnt": 114}, "CHIMIE ORGANICA TEO NIVEL I/II": {"medie": 8.541176470588237, "reusita": 100.0, "cnt": 17}, "CHIMIE ANORGANICA TEO NIVEL I/II": {"medie": 8.441666666666668, "reusita": 100.0, "cnt": 6}, "FILOSOFIE": {"medie": 7.5, "reusita": 100.0, "cnt": 1}, "LIMBA MAGHIARA (UMAN)": {"medie": 7.975781250000001, "reusita": 100.0, "cnt": 64}}, "nume": "COLEGIUL NATIONAL \"MARTON ARON\" MIERCUREA CIUC\tHarghita"}