{"specializari": {"TEHNICIAN ECOLOG SI PROTECTIA CALITATII MEDIULUI": 23, "MATEMATICA-INFORMATICA": 23, "TEHNICIAN IN AUTOMATIZARI": 26, "TEHNICIAN OPERATOR TEHNICA DE CALCUL": 24, "TEHNICIAN MECATRONIST": 15, "LICEU CU PROGRAM SPORTIV": 15, "TEHNICIAN MECANIC PENTRU INTRETINERE SI REPARATII": 3, "TEHNICIAN IN INSTALATII ELECTRICE": 20, "TEHNICIAN ELECTROTEHNIST": 4}, "limba_moderna": {"LIMBA ENGLEZA": 139, "LIMBA FRANCEZA": 14}, "limba_materna": {"LIMBA ROMANA": 153}, "promotie_anterioara": {"NU": 130, "DA": 23}, "materii": {"LIMBA ROMANA": {"medie": 6.875, "reusita": 94.11764705882352, "cnt": 153}, "MATEMATICA TEHN": {"medie": 7.1947368421052635, "reusita": 93.04347826086956, "cnt": 115}, "BIOLOGIE VEGETALA SI ANIMALA": {"medie": 6.545192307692305, "reusita": 83.01886792452831, "cnt": 106}, "GENERAL": {"medie": 6.982662192393733, "reusita": 71.24183006535948, "cnt": 153}, "MATEMATICA MATE-INFO": {"medie": 7.784782608695651, "reusita": 100.0, "cnt": 23}, "INFORMATICA MI C/C++": {"medie": 8.141666666666667, "reusita": 100.0, "cnt": 6}, "INFORMATICA MI PASCAL": {"medie": 5.5375, "reusita": 100.0, "cnt": 4}, "GEOGRAFIE": {"medie": 7.566666666666666, "reusita": 83.33333333333334, "cnt": 6}, "FIZICA TEH": {"medie": 6.992857142857142, "reusita": 85.71428571428571, "cnt": 14}, "ANATOMIE SI FIZIOLOGIE UMANA, GENETICA SI ECOLOGIE UMANA": {"medie": 7.975, "reusita": 100.0, "cnt": 8}, "ISTORIE": {"medie": 6.573333333333334, "reusita": 86.66666666666667, "cnt": 15}, "LOGICA, ARGUMENTARE SI COMUNICARE": {"medie": 7.300000000000001, "reusita": 88.88888888888889, "cnt": 9}}, "nume": "COLEGIUL ENERGETIC, MUN. RM. VALCEA\tV\u00e2lcea"}