{"specializari": {"INVATATOR - EDUCATOARE": 58, "STIINTE SOCIALE": 58, "MATEMATICA-INFORMATICA": 1}, "limba_moderna": {"LIMBA ENGLEZA": 85, "LIMBA FRANCEZA": 32}, "limba_materna": {"LIMBA ROMANA": 117}, "promotie_anterioara": {"NU": 115, "DA": 2}, "materii": {"LIMBA ROMANA": {"medie": 7.8256410256410245, "reusita": 100.0, "cnt": 117}, "BIOLOGIE VEGETALA SI ANIMALA": {"medie": 8.5, "reusita": 100.0, "cnt": 1}, "GENERAL": {"medie": 8.31566951566952, "reusita": 98.29059829059828, "cnt": 117}, "MATEMATICA MATE-INFO": {"medie": 5.3, "reusita": 100.0, "cnt": 1}, "MATEMATICA PED": {"medie": 8.827586206896553, "reusita": 100.0, "cnt": 58}, "GEOGRAFIE": {"medie": 8.701315789473686, "reusita": 100.0, "cnt": 38}, "ISTORIE": {"medie": 8.500862068965516, "reusita": 100.0, "cnt": 58}, "LOGICA, ARGUMENTARE SI COMUNICARE": {"medie": 8.421641791044776, "reusita": 97.01492537313433, "cnt": 67}, "PSIHOLOGIE": {"medie": 8.131818181818181, "reusita": 100.0, "cnt": 11}}, "nume": "COLEGIUL NATIONAL PEDAGOGIC \"GHEORGHE LAZAR\" CLUJ-NAPOCA\tCluj"}