{"specializari": {"FILOLOGIE": 53, "STIINTE ALE NATURII": 56}, "limba_moderna": {"LIMBA ENGLEZA": 109}, "limba_materna": {"LIMBA GERMANA": 109}, "promotie_anterioara": {"DA": 2, "NU": 107}, "materii": {"LIMBA ROMANA": {"medie": 8.51238532110092, "reusita": 100.0, "cnt": 109}, "BIOLOGIE VEGETALA SI ANIMALA": {"medie": 9.063636363636364, "reusita": 100.0, "cnt": 11}, "GENERAL": {"medie": 8.46077981651376, "reusita": 97.24770642201835, "cnt": 109}, "GEOGRAFIE": {"medie": 8.474324324324327, "reusita": 100.0, "cnt": 37}, "ANATOMIE SI FIZIOLOGIE UMANA, GENETICA SI ECOLOGIE UMANA": {"medie": 9.318181818181818, "reusita": 100.0, "cnt": 22}, "ISTORIE": {"medie": 7.690566037735849, "reusita": 98.11320754716981, "cnt": 53}, "FIZICA TEO": {"medie": 9.005555555555556, "reusita": 100.0, "cnt": 9}, "MATEMATICA ST-NAT": {"medie": 9.174999999999999, "reusita": 100.0, "cnt": 56}, "LOGICA, ARGUMENTARE SI COMUNICARE": {"medie": 9.054545454545455, "reusita": 100.0, "cnt": 11}, "PSIHOLOGIE": {"medie": 7.675, "reusita": 100.0, "cnt": 2}, "ECONOMIE": {"medie": 6.375, "reusita": 100.0, "cnt": 2}, "CHIMIE ORGANICA TEO NIVEL I/II": {"medie": 8.675, "reusita": 100.0, "cnt": 4}, "CHIMIE ANORGANICA TEO NIVEL I/II": {"medie": 8.959999999999999, "reusita": 100.0, "cnt": 5}, "FILOSOFIE": {"medie": 8.95, "reusita": 100.0, "cnt": 1}, "LIMBA GERMANA": {"medie": 8.130275229357796, "reusita": 100.0, "cnt": 109}, "INFORMATICA SN C/C++": {"medie": 7.6, "reusita": 80.0, "cnt": 5}}, "nume": "COLEGIUL NATIONAL \"JOHANNES HONTERUS\" BRASOV\tBra\u0219ov"}