{"specializari": {"MATEMATICA-INFORMATICA": 56, "FILOLOGIE": 89, "STIINTE ALE NATURII": 32, "INVATATOR - EDUCATOARE": 28, "STIINTE SOCIALE": 31, "ORGANIZATOR BANQUETING": 1}, "limba_moderna": {"LIMBA FRANCEZA": 43, "LIMBA ENGLEZA": 194}, "limba_materna": {"LIMBA ROMANA": 237}, "promotie_anterioara": {"NU": 235, "DA": 2}, "materii": {"LIMBA ROMANA": {"medie": 7.844514767932487, "reusita": 98.73417721518987, "cnt": 237}, "MATEMATICA TEHN": {"medie": 6.55, "reusita": 100.0, "cnt": 1}, "GENERAL": {"medie": 8.357313642756678, "reusita": 98.31223628691983, "cnt": 237}, "MATEMATICA MATE-INFO": {"medie": 9.12410714285714, "reusita": 100.0, "cnt": 56}, "INFORMATICA MI C/C++": {"medie": 8.839285714285714, "reusita": 100.0, "cnt": 28}, "MATEMATICA PED": {"medie": 9.49107142857143, "reusita": 100.0, "cnt": 28}, "GEOGRAFIE": {"medie": 8.897142857142859, "reusita": 100.0, "cnt": 70}, "ANATOMIE SI FIZIOLOGIE UMANA, GENETICA SI ECOLOGIE UMANA": {"medie": 8.71574074074074, "reusita": 100.0, "cnt": 54}, "ISTORIE": {"medie": 7.995833333333335, "reusita": 99.16666666666667, "cnt": 120}, "FIZICA TEO": {"medie": 9.0125, "reusita": 100.0, "cnt": 4}, "MATEMATICA ST-NAT": {"medie": 8.34375, "reusita": 100.0, "cnt": 32}, "LOGICA, ARGUMENTARE SI COMUNICARE": {"medie": 9.4125, "reusita": 100.0, "cnt": 16}, "SOCIOLOGIE": {"medie": 8.412500000000001, "reusita": 100.0, "cnt": 52}, "PSIHOLOGIE": {"medie": 8.0, "reusita": 100.0, "cnt": 5}, "ECONOMIE": {"medie": 8.299999999999999, "reusita": 100.0, "cnt": 6}, "CHIMIE ORGANICA TEO NIVEL I/II": {"medie": 9.15, "reusita": 100.0, "cnt": 2}}, "nume": "COLEGIUL NATIONAL \"SPIRU HARET\" TG-JIU\tGorj"}