{"specializari": {"MUZICA": 29, "ARHITECTURA, ARTE AMBIENTALE SI DESIGN": 29, "COREGRAFIE": 16, "ARTE PLASTICE SI DECORATIVE": 29}, "limba_moderna": {"LIMBA ENGLEZA": 103}, "limba_materna": {"LIMBA ROMANA": 103}, "promotie_anterioara": {"NU": 94, "DA": 9}, "materii": {"LIMBA ROMANA": {"medie": 7.0067961165048525, "reusita": 96.11650485436894, "cnt": 103}, "GENERAL": {"medie": 7.204575163398693, "reusita": 79.6116504854369, "cnt": 103}, "GEOGRAFIE": {"medie": 7.862162162162162, "reusita": 94.5945945945946, "cnt": 74}, "ISTORIE": {"medie": 6.667475728155341, "reusita": 97.0873786407767, "cnt": 103}, "LOGICA, ARGUMENTARE SI COMUNICARE": {"medie": 8.065909090909091, "reusita": 91.30434782608695, "cnt": 23}, "PSIHOLOGIE": {"medie": 7.616666666666666, "reusita": 100.0, "cnt": 6}}, "nume": "COLEGIUL NATIONAL DE ARTE \"REGINA MARIA\" CONSTANTA\tConstan\u021ba"}