{"specializari": {"TEHNICIAN MECATRONIST": 17, "MATEMATICA-INFORMATICA": 39, "TEHNICIAN IN INDUSTRIA TEXTILA": 8, "TEHNICIAN IN ACTIVITATI ECONOMICE": 74, "TEHNICIAN IN INSTALATII ELECTRICE": 7, "TEHNICIAN TRANSPORTURI": 6, "STIINTE ALE NATURII": 33, "FILOLOGIE": 30, "STIINTE SOCIALE": 36, "TEHNICIAN DESENATOR PENTRU CONSTRUCTII SI INSTALATII": 8, "TEHNICIAN INSTALATOR PENTRU CONSTRUCTII": 1}, "limba_moderna": {"LIMBA FRANCEZA": 19, "LIMBA ENGLEZA": 236, "LIMBA RUSA": 4}, "limba_materna": {"LIMBA ROMANA": 259}, "promotie_anterioara": {"DA": 23, "NU": 236}, "materii": {"LIMBA ROMANA": {"medie": 6.840873015873013, "reusita": 89.1891891891892, "cnt": 259}, "MATEMATICA TEHN": {"medie": 6.441810344827588, "reusita": 80.99173553719008, "cnt": 121}, "BIOLOGIE VEGETALA SI ANIMALA": {"medie": 4.520238095238095, "reusita": 48.837209302325576, "cnt": 43}, "GENERAL": {"medie": 6.983532536520586, "reusita": 75.2895752895753, "cnt": 259}, "MATEMATICA MATE-INFO": {"medie": 6.667948717948716, "reusita": 87.17948717948718, "cnt": 39}, "INFORMATICA MI C/C++": {"medie": 7.153571428571429, "reusita": 100.0, "cnt": 14}, "GEOGRAFIE": {"medie": 7.877941176470587, "reusita": 97.05882352941177, "cnt": 34}, "FIZICA TEH": {"medie": 5.7, "reusita": 66.66666666666666, "cnt": 3}, "ANATOMIE SI FIZIOLOGIE UMANA, GENETICA SI ECOLOGIE UMANA": {"medie": 7.971818181818181, "reusita": 94.64285714285714, "cnt": 56}, "ISTORIE": {"medie": 7.493939393939392, "reusita": 98.48484848484848, "cnt": 66}, "FIZICA TEO": {"medie": 7.5, "reusita": 100.0, "cnt": 2}, "MATEMATICA ST-NAT": {"medie": 6.6890625, "reusita": 84.84848484848484, "cnt": 33}, "LOGICA, ARGUMENTARE SI COMUNICARE": {"medie": 7.963106796116507, "reusita": 93.39622641509435, "cnt": 106}, "CHIMIE ORGANICA TEH NIVEL I/II": {"medie": 3.85, "reusita": 0.0, "cnt": 1}}, "nume": "COLEGIUL TEHNIC RADAUTI\tSuceava"}