{"specializari": {"MATEMATICA-INFORMATICA": 92, "STIINTE ALE NATURII": 33, "STIINTE SOCIALE": 35}, "limba_moderna": {"LIMBA ENGLEZA": 158, "LIMBA GERMANA MODERNA": 1, "LIMBA FRANCEZA": 1}, "limba_materna": {"LIMBA ROMANA": 160}, "promotie_anterioara": {"NU": 156, "DA": 4}, "materii": {"LIMBA ROMANA": {"medie": 8.149375000000006, "reusita": 100.0, "cnt": 160}, "BIOLOGIE VEGETALA SI ANIMALA": {"medie": 7.551923076923076, "reusita": 96.15384615384616, "cnt": 26}, "GENERAL": {"medie": 8.546436058700204, "reusita": 98.125, "cnt": 160}, "MATEMATICA MATE-INFO": {"medie": 8.782065217391308, "reusita": 100.0, "cnt": 92}, "INFORMATICA MI C/C++": {"medie": 8.675, "reusita": 100.0, "cnt": 28}, "GEOGRAFIE": {"medie": 9.05, "reusita": 100.0, "cnt": 6}, "ANATOMIE SI FIZIOLOGIE UMANA, GENETICA SI ECOLOGIE UMANA": {"medie": 8.765624999999998, "reusita": 100.0, "cnt": 16}, "ISTORIE": {"medie": 8.971428571428573, "reusita": 100.0, "cnt": 35}, "FIZICA TEO": {"medie": 8.45909090909091, "reusita": 100.0, "cnt": 33}, "MATEMATICA ST-NAT": {"medie": 9.234848484848483, "reusita": 100.0, "cnt": 33}, "LOGICA, ARGUMENTARE SI COMUNICARE": {"medie": 9.45, "reusita": 100.0, "cnt": 9}, "SOCIOLOGIE": {"medie": 8.600000000000001, "reusita": 100.0, "cnt": 9}, "PSIHOLOGIE": {"medie": 8.866666666666667, "reusita": 75.0, "cnt": 4}, "ECONOMIE": {"medie": 8.764285714285716, "reusita": 100.0, "cnt": 7}, "CHIMIE ORGANICA TEO NIVEL I/II": {"medie": 8.836363636363636, "reusita": 100.0, "cnt": 22}}, "nume": "COLEGIUL NATIONAL \"CANTEMIR VODA\"\tBucure\u0219ti"}