{"specializari": {"TEHNICIAN IN ADMINISTRATIE": 26, "TEHNICIAN PROIECTANT CAD": 5, "TEHNICIAN MECATRONIST": 6, "TEHNICIAN IN CONSTRUCTII SI LUCRARI PUBLICE": 1, "TEHNICIAN MECANIC PENTRU INTRETINERE SI REPARATII": 2}, "limba_moderna": {"LIMBA ENGLEZA": 40}, "limba_materna": {"LIMBA ROMANA": 40}, "promotie_anterioara": {"NU": 20, "DA": 20}, "materii": {"LIMBA ROMANA": {"medie": 5.656410256410257, "reusita": 82.5, "cnt": 40}, "MATEMATICA TEHN": {"medie": 5.383333333333334, "reusita": 77.5, "cnt": 40}, "BIOLOGIE VEGETALA SI ANIMALA": {"medie": 4.536363636363636, "reusita": 46.15384615384615, "cnt": 13}, "GENERAL": {"medie": 5.757657657657657, "reusita": 42.5, "cnt": 40}, "GEOGRAFIE": {"medie": 7.172916666666666, "reusita": 92.0, "cnt": 25}, "FIZICA TEH": {"medie": 6.9, "reusita": 100.0, "cnt": 1}, "ECONOMIE": {"medie": 1.9, "reusita": 0.0, "cnt": 1}}, "nume": "COLEGIUL TEHNIC \"MIRCEA CEL BATRAN\"\tBucure\u0219ti"}