{"specializari": {"MATEMATICA-INFORMATICA": 80, "FILOLOGIE": 34, "STIINTE SOCIALE": 32, "TEOLOGIE ORTODOXA": 17}, "limba_moderna": {"LIMBA ENGLEZA": 141, "LIMBA FRANCEZA": 22}, "limba_materna": {"LIMBA ROMANA": 163}, "promotie_anterioara": {"NU": 145, "DA": 18}, "materii": {"LIMBA ROMANA": {"medie": 7.040937499999998, "reusita": 92.02453987730061, "cnt": 163}, "BIOLOGIE VEGETALA SI ANIMALA": {"medie": 7.06290322580645, "reusita": 78.78787878787878, "cnt": 33}, "GENERAL": {"medie": 7.426415094339621, "reusita": 79.14110429447852, "cnt": 163}, "MATEMATICA MATE-INFO": {"medie": 7.678205128205128, "reusita": 88.75, "cnt": 80}, "INFORMATICA MI C/C++": {"medie": 8.12142857142857, "reusita": 100.0, "cnt": 7}, "GEOGRAFIE": {"medie": 8.366666666666667, "reusita": 95.55555555555556, "cnt": 45}, "ANATOMIE SI FIZIOLOGIE UMANA, GENETICA SI ECOLOGIE UMANA": {"medie": 9.299999999999999, "reusita": 100.0, "cnt": 7}, "ISTORIE": {"medie": 6.816265060240961, "reusita": 93.97590361445783, "cnt": 83}, "FIZICA TEO": {"medie": 8.228947368421052, "reusita": 100.0, "cnt": 19}, "LOGICA, ARGUMENTARE SI COMUNICARE": {"medie": 7.451351351351351, "reusita": 84.21052631578947, "cnt": 38}, "CHIMIE ORGANICA TEO NIVEL I/II": {"medie": 8.674999999999999, "reusita": 100.0, "cnt": 14}}, "nume": "COLEGIUL NATIONAL \"UNIREA\" TURNU MAGURELE\tTeleorman"}