{"specializari": {"ORGANIZATOR BANQUETING": 12, "TEHNICIAN IN GASTRONOMIE": 6, "TEHNICIAN ANALIZE PRODUSE ALIMENTARE": 3, "TEHNICIAN IN TURISM": 9, "TEHNICIAN IN INDUSTRIA ALIMENTARA": 14, "TEHNICIAN IN ACTIVITATI ECONOMICE": 12, "TEHNICIAN IN ACTIVITATI DE COMERT": 2, "TEHNICIAN IN MORARIT, PANIFICATIE SI PRODUSE FAINOASE": 1}, "limba_moderna": {"LIMBA ENGLEZA": 54, "LIMBA GERMANA MODERNA": 2, "LIMBA FRANCEZA": 3}, "limba_materna": {"LIMBA ROMANA": 59}, "promotie_anterioara": {"NU": 43, "DA": 16}, "materii": {"LIMBA ROMANA": {"medie": 5.428813559322034, "reusita": 74.57627118644068, "cnt": 59}, "MATEMATICA TEHN": {"medie": 5.49375, "reusita": 64.40677966101694, "cnt": 59}, "BIOLOGIE VEGETALA SI ANIMALA": {"medie": 8.3, "reusita": 100.0, "cnt": 4}, "GENERAL": {"medie": 5.757878787878788, "reusita": 40.67796610169492, "cnt": 59}, "GEOGRAFIE": {"medie": 6.7474358974359, "reusita": 92.6829268292683, "cnt": 41}, "ANATOMIE SI FIZIOLOGIE UMANA, GENETICA SI ECOLOGIE UMANA": {"medie": 4.407142857142857, "reusita": 35.714285714285715, "cnt": 14}}, "nume": "COLEGIUL ECONOMIC AL BANATULUI MONTAN RESITA\tCara\u0219-Severin"}