{"specializari": {"MATEMATICA-INFORMATICA": 90, "STIINTE ALE NATURII": 59, "STIINTE SOCIALE": 63, "FILOLOGIE": 61}, "limba_moderna": {"LIMBA ENGLEZA": 247, "LIMBA FRANCEZA": 26}, "limba_materna": {"LIMBA ROMANA": 273}, "promotie_anterioara": {"NU": 272, "DA": 1}, "materii": {"LIMBA ROMANA": {"medie": 8.129963235294113, "reusita": 99.63369963369964, "cnt": 273}, "GENERAL": {"medie": 8.836777367773674, "reusita": 99.26739926739927, "cnt": 273}, "MATEMATICA MATE-INFO": {"medie": 9.446666666666667, "reusita": 100.0, "cnt": 90}, "INFORMATICA MI C/C++": {"medie": 9.245000000000001, "reusita": 100.0, "cnt": 70}, "GEOGRAFIE": {"medie": 9.129292929292927, "reusita": 99.0, "cnt": 100}, "ANATOMIE SI FIZIOLOGIE UMANA, GENETICA SI ECOLOGIE UMANA": {"medie": 9.303448275862069, "reusita": 100.0, "cnt": 58}, "ISTORIE": {"medie": 8.988934426229507, "reusita": 98.38709677419355, "cnt": 124}, "FIZICA TEO": {"medie": 8.575, "reusita": 100.0, "cnt": 4}, "MATEMATICA ST-NAT": {"medie": 9.166101694915255, "reusita": 100.0, "cnt": 59}, "LOGICA, ARGUMENTARE SI COMUNICARE": {"medie": 9.161111111111111, "reusita": 100.0, "cnt": 9}, "SOCIOLOGIE": {"medie": 8.55, "reusita": 100.0, "cnt": 10}, "PSIHOLOGIE": {"medie": 9.45, "reusita": 100.0, "cnt": 2}, "ECONOMIE": {"medie": 9.0, "reusita": 100.0, "cnt": 1}, "CHIMIE ORGANICA TEO NIVEL I/II": {"medie": 9.585294117647058, "reusita": 100.0, "cnt": 17}, "FILOSOFIE": {"medie": 8.1, "reusita": 50.0, "cnt": 2}}, "nume": "COLEGIUL NATIONAL \"ROMAN VODA\", MUNICIPIUL ROMAN\tNeam\u021b"}