{"specializari": {"MATEMATICA-INFORMATICA": 46, "STIINTE ALE NATURII": 87, "STIINTE SOCIALE": 33, "FILOLOGIE": 34}, "limba_moderna": {"LIMBA ENGLEZA": 195, "LIMBA FRANCEZA": 5}, "limba_materna": {"LIMBA ROMANA": 200}, "promotie_anterioara": {"NU": 198, "DA": 2}, "materii": {"LIMBA ROMANA": {"medie": 8.385249999999997, "reusita": 100.0, "cnt": 200}, "BIOLOGIE VEGETALA SI ANIMALA": {"medie": 7.8999999999999995, "reusita": 100.0, "cnt": 3}, "GENERAL": {"medie": 8.562833333333337, "reusita": 98.5, "cnt": 200}, "MATEMATICA MATE-INFO": {"medie": 8.640217391304347, "reusita": 95.65217391304348, "cnt": 46}, "INFORMATICA MI C/C++": {"medie": 8.065, "reusita": 95.0, "cnt": 20}, "GEOGRAFIE": {"medie": 8.88469387755102, "reusita": 100.0, "cnt": 49}, "ANATOMIE SI FIZIOLOGIE UMANA, GENETICA SI ECOLOGIE UMANA": {"medie": 8.744827586206897, "reusita": 100.0, "cnt": 58}, "ISTORIE": {"medie": 7.536567164179104, "reusita": 100.0, "cnt": 67}, "FIZICA TEO": {"medie": 8.626923076923077, "reusita": 100.0, "cnt": 13}, "MATEMATICA ST-NAT": {"medie": 9.200574712643679, "reusita": 100.0, "cnt": 87}, "LOGICA, ARGUMENTARE SI COMUNICARE": {"medie": 8.69375, "reusita": 100.0, "cnt": 16}, "SOCIOLOGIE": {"medie": 8.9, "reusita": 100.0, "cnt": 1}, "ECONOMIE": {"medie": 6.1, "reusita": 100.0, "cnt": 1}, "CHIMIE ORGANICA TEO NIVEL I/II": {"medie": 9.386764705882353, "reusita": 100.0, "cnt": 34}, "INFORMATICA SN C/C++": {"medie": 8.969999999999999, "reusita": 100.0, "cnt": 5}}, "nume": "COLEGIUL NATIONAL \"GRIGORE MOISIL\" ONESTI\tBac\u0103u"}