{"specializari": {"TEHNICIAN IN ACTIVITATI ECONOMICE": 60, "ORGANIZATOR BANQUETING": 6, "TEHNICIAN IN ACHIZITII SI CONTRACTARI": 17, "TEHNICIAN IN GASTRONOMIE": 27, "TEHNICIAN IN HOTELARIE": 16, "TEHNICIAN IN ACTIVITATI DE COMERT": 3, "TEHNICIAN IN TURISM": 28}, "limba_moderna": {"LIMBA ENGLEZA": 153, "LIMBA FRANCEZA": 2, "LIMBA ITALIANA": 2}, "limba_materna": {"LIMBA ROMANA": 157}, "promotie_anterioara": {"DA": 47, "NU": 110}, "materii": {"LIMBA ROMANA": {"medie": 6.169536423841059, "reusita": 82.16560509554141, "cnt": 157}, "MATEMATICA TEHN": {"medie": 5.69271523178808, "reusita": 70.06369426751591, "cnt": 157}, "GENERAL": {"medie": 6.24921171171171, "reusita": 49.681528662420384, "cnt": 157}, "GEOGRAFIE": {"medie": 6.8909722222222225, "reusita": 88.74172185430463, "cnt": 151}, "ECONOMIE": {"medie": 6.366666666666667, "reusita": 83.33333333333334, "cnt": 6}}, "nume": "COLEGIUL ECONOMIC \"HERMES\" PETROSANI\tHunedoara"}