{"specializari": {"MATEMATICA-INFORMATICA": 96, "STIINTE ALE NATURII": 31, "STIINTE SOCIALE": 39}, "limba_moderna": {"LIMBA ENGLEZA": 146, "LIMBA GERMANA MODERNA": 7, "LIMBA FRANCEZA": 6, "LIMBA SPANIOLA": 7}, "limba_materna": {"LIMBA ROMANA": 166}, "promotie_anterioara": {"NU": 165, "DA": 1}, "materii": {"LIMBA ROMANA": {"medie": 8.600301204819278, "reusita": 100.0, "cnt": 166}, "BIOLOGIE VEGETALA SI ANIMALA": {"medie": 7.362500000000001, "reusita": 100.0, "cnt": 4}, "GENERAL": {"medie": 8.879016064257032, "reusita": 100.0, "cnt": 166}, "MATEMATICA MATE-INFO": {"medie": 9.181770833333333, "reusita": 100.0, "cnt": 96}, "INFORMATICA MI C/C++": {"medie": 9.38939393939394, "reusita": 100.0, "cnt": 33}, "GEOGRAFIE": {"medie": 8.4875, "reusita": 100.0, "cnt": 12}, "ANATOMIE SI FIZIOLOGIE UMANA, GENETICA SI ECOLOGIE UMANA": {"medie": 8.60877192982456, "reusita": 100.0, "cnt": 57}, "ISTORIE": {"medie": 8.796153846153846, "reusita": 100.0, "cnt": 39}, "FIZICA TEO": {"medie": 8.970588235294118, "reusita": 100.0, "cnt": 17}, "MATEMATICA ST-NAT": {"medie": 9.483870967741936, "reusita": 100.0, "cnt": 31}, "LOGICA, ARGUMENTARE SI COMUNICARE": {"medie": 9.130434782608695, "reusita": 100.0, "cnt": 23}, "PSIHOLOGIE": {"medie": 8.866666666666667, "reusita": 100.0, "cnt": 3}, "ECONOMIE": {"medie": 8.5, "reusita": 100.0, "cnt": 1}, "CHIMIE ORGANICA TEO NIVEL I/II": {"medie": 9.216666666666667, "reusita": 100.0, "cnt": 15}, "CHIMIE ANORGANICA TEO NIVEL I/II": {"medie": 7.9, "reusita": 100.0, "cnt": 1}}, "nume": "COLEGIUL NATIONAL \"STEFAN CEL MARE\" SUCEAVA\tSuceava"}