{"specializari": {"TEHNICIAN DESIGNER VESTIMENTAR": 34, "TEHNICIAN IN TURISM": 26, "TEHNICIAN IN INDUSTRIA TEXTILA": 13, "COAFOR STILIST": 27}, "limba_moderna": {"LIMBA ENGLEZA": 92, "LIMBA GERMANA MODERNA": 6, "LIMBA FRANCEZA": 2}, "limba_materna": {"LIMBA ROMANA": 100}, "promotie_anterioara": {"NU": 76, "DA": 24}, "materii": {"LIMBA ROMANA": {"medie": 6.755670103092785, "reusita": 91.0, "cnt": 100}, "MATEMATICA TEHN": {"medie": 6.459278350515463, "reusita": 83.0, "cnt": 100}, "BIOLOGIE VEGETALA SI ANIMALA": {"medie": 5.473170731707317, "reusita": 69.76744186046511, "cnt": 43}, "GENERAL": {"medie": 6.634751773049646, "reusita": 63.0, "cnt": 100}, "GEOGRAFIE": {"medie": 7.515000000000002, "reusita": 94.11764705882352, "cnt": 51}, "ANATOMIE SI FIZIOLOGIE UMANA, GENETICA SI ECOLOGIE UMANA": {"medie": 2.0, "reusita": 0.0, "cnt": 1}, "CHIMIE ANORGANICA TEH NIVEL I/II": {"medie": 7.95, "reusita": 100.0, "cnt": 3}, "LOGICA, ARGUMENTARE SI COMUNICARE": {"medie": 7.3, "reusita": 100.0, "cnt": 2}}, "nume": "COLEGIUL TEHNIC \"CIBINIUM\" SIBIU\tSibiu"}