{"specializari": {"FILOLOGIE": 163, "MATEMATICA-INFORMATICA": 70}, "limba_moderna": {"LIMBA FRANCEZA": 53, "LIMBA ENGLEZA": 180}, "limba_materna": {"LIMBA ROMANA": 233}, "promotie_anterioara": {"NU": 229, "DA": 4}, "materii": {"LIMBA ROMANA": {"medie": 8.052586206896551, "reusita": 99.57081545064378, "cnt": 233}, "BIOLOGIE VEGETALA SI ANIMALA": {"medie": 5.7, "reusita": 100.0, "cnt": 1}, "GENERAL": {"medie": 8.299782608695653, "reusita": 97.42489270386267, "cnt": 233}, "MATEMATICA MATE-INFO": {"medie": 8.137500000000001, "reusita": 95.71428571428572, "cnt": 70}, "INFORMATICA MI C/C++": {"medie": 8.202083333333333, "reusita": 96.0, "cnt": 25}, "GEOGRAFIE": {"medie": 8.816666666666666, "reusita": 100.0, "cnt": 27}, "ANATOMIE SI FIZIOLOGIE UMANA, GENETICA SI ECOLOGIE UMANA": {"medie": 8.309999999999999, "reusita": 100.0, "cnt": 30}, "ISTORIE": {"medie": 8.53711656441717, "reusita": 100.0, "cnt": 163}, "FIZICA TEO": {"medie": 8.10625, "reusita": 100.0, "cnt": 8}, "LOGICA, ARGUMENTARE SI COMUNICARE": {"medie": 8.555833333333336, "reusita": 98.36065573770492, "cnt": 61}, "SOCIOLOGIE": {"medie": 8.54142857142857, "reusita": 100.0, "cnt": 35}, "PSIHOLOGIE": {"medie": 8.633333333333333, "reusita": 100.0, "cnt": 15}, "ECONOMIE": {"medie": 7.847222222222224, "reusita": 100.0, "cnt": 18}, "CHIMIE ORGANICA TEO NIVEL I/II": {"medie": 8.2, "reusita": 100.0, "cnt": 6}, "FILOSOFIE": {"medie": 7.535714285714286, "reusita": 100.0, "cnt": 7}}, "nume": "COLEGIUL NATIONAL \"SCOALA CENTRALA\"\tBucure\u0219ti"}