{"specializari": {"TEHNICIAN IN HOTELARIE": 17, "ORGANIZATOR BANQUETING": 2}, "limba_moderna": {"LIMBA ENGLEZA": 19}, "limba_materna": {"LIMBA ROMANA": 19}, "promotie_anterioara": {"NU": 14, "DA": 5}, "materii": {"LIMBA ROMANA": {"medie": 6.5888888888888895, "reusita": 89.47368421052632, "cnt": 19}, "MATEMATICA TEHN": {"medie": 5.911111111111111, "reusita": 68.42105263157895, "cnt": 19}, "GENERAL": {"medie": 6.936111111111111, "reusita": 63.1578947368421, "cnt": 19}, "GEOGRAFIE": {"medie": 8.308333333333334, "reusita": 94.73684210526315, "cnt": 19}}, "nume": "COLEGIUL ECONOMIC \"PINTEA VITEAZUL\" CAVNIC\tMaramure\u0219"}