{"specializari": {"TEHNICIAN MECANIC PENTRU INTRETINERE SI REPARATII": 4, "TEHNICIAN TRANSPORTURI": 19, "TEHNICIAN ECOLOG SI PROTECTIA CALITATII MEDIULUI": 13, "TEHNICIAN IN AUTOMATIZARI": 9, "TEHNICIAN OPERATOR TEHNICA DE CALCUL": 6}, "limba_moderna": {"LIMBA FRANCEZA": 8, "LIMBA ENGLEZA": 43}, "limba_materna": {"LIMBA ROMANA": 51}, "promotie_anterioara": {"DA": 15, "NU": 36}, "materii": {"LIMBA ROMANA": {"medie": 4.7777777777777795, "reusita": 54.90196078431373, "cnt": 51}, "MATEMATICA TEHN": {"medie": 4.305952380952382, "reusita": 37.254901960784316, "cnt": 51}, "BIOLOGIE VEGETALA SI ANIMALA": {"medie": 3.9637931034482756, "reusita": 22.857142857142858, "cnt": 35}, "GENERAL": {"medie": 4.378455284552845, "reusita": 11.76470588235294, "cnt": 51}, "FIZICA TEH": {"medie": 3.1666666666666665, "reusita": 0.0, "cnt": 4}, "ANATOMIE SI FIZIOLOGIE UMANA, GENETICA SI ECOLOGIE UMANA": {"medie": 5.2041666666666675, "reusita": 58.333333333333336, "cnt": 12}}, "nume": "COLEGIUL TEHNIC \"HENRI COANDA\" TG-JIU\tGorj"}