{"specializari": {"TEHNICIAN IN HOTELARIE": 1, "TEHNICIAN DESIGNER VESTIMENTAR": 7, "TEHNICIAN IN TURISM": 33, "MATEMATICA-INFORMATICA": 1, "TEHNICIAN IN INDUSTRIA TEXTILA": 1, "LICEU CU PROGRAM SPORTIV": 1}, "limba_moderna": {"LIMBA ENGLEZA": 42, "LIMBA FRANCEZA": 2}, "limba_materna": {"LIMBA ROMANA": 44}, "promotie_anterioara": {"DA": 11, "NU": 33}, "materii": {"LIMBA ROMANA": {"medie": 6.280681818181819, "reusita": 95.45454545454545, "cnt": 44}, "MATEMATICA TEHN": {"medie": 6.12560975609756, "reusita": 76.19047619047619, "cnt": 42}, "BIOLOGIE VEGETALA SI ANIMALA": {"medie": 4.207142857142857, "reusita": 42.857142857142854, "cnt": 7}, "GENERAL": {"medie": 6.476356589147288, "reusita": 61.36363636363637, "cnt": 44}, "MATEMATICA MATE-INFO": {"medie": 3.3, "reusita": 0.0, "cnt": 1}, "GEOGRAFIE": {"medie": 7.891176470588236, "reusita": 94.28571428571428, "cnt": 35}, "FIZICA TEH": {"medie": 2.55, "reusita": 0.0, "cnt": 1}, "ANATOMIE SI FIZIOLOGIE UMANA, GENETICA SI ECOLOGIE UMANA": {"medie": 5.15, "reusita": 100.0, "cnt": 1}, "ISTORIE": {"medie": 4.3, "reusita": 0.0, "cnt": 1}}, "nume": "COLEGIUL DE SERVICII IN TURISM \"NAPOCA\" CLUJ-NAPOCA\tCluj"}