{"specializari": {"TEHNICIAN IN AUTOMATIZARI": 5, "MATEMATICA-INFORMATICA": 15, "LICEU CU PROGRAM SPORTIV": 43, "TEHNICIAN IN INSTALATII ELECTRICE": 8, "TEHNICIAN TRANSPORTURI": 20}, "limba_moderna": {"LIMBA ENGLEZA": 91}, "limba_materna": {"LIMBA ROMANA": 91}, "promotie_anterioara": {"DA": 42, "NU": 49}, "materii": {"LIMBA ROMANA": {"medie": 5.796341463414635, "reusita": 74.72527472527473, "cnt": 91}, "MATEMATICA TEHN": {"medie": 4.489583333333333, "reusita": 42.42424242424242, "cnt": 33}, "BIOLOGIE VEGETALA SI ANIMALA": {"medie": 3.9023809523809527, "reusita": 24.137931034482758, "cnt": 29}, "GENERAL": {"medie": 5.889316239316237, "reusita": 38.46153846153847, "cnt": 91}, "MATEMATICA MATE-INFO": {"medie": 5.539285714285714, "reusita": 80.0, "cnt": 15}, "GEOGRAFIE": {"medie": 7.709090909090908, "reusita": 97.05882352941177, "cnt": 34}, "FIZICA TEH": {"medie": 6.6, "reusita": 40.0, "cnt": 5}, "ANATOMIE SI FIZIOLOGIE UMANA, GENETICA SI ECOLOGIE UMANA": {"medie": 6.468181818181819, "reusita": 100.0, "cnt": 11}, "CHIMIE ANORGANICA TEH NIVEL I/II": {"medie": 4.9, "reusita": 50.0, "cnt": 2}, "ISTORIE": {"medie": 6.288095238095239, "reusita": 93.02325581395348, "cnt": 43}, "LOGICA, ARGUMENTARE SI COMUNICARE": {"medie": 5.466666666666667, "reusita": 55.55555555555556, "cnt": 9}, "CHIMIE ORGANICA TEH NIVEL I/II": {"medie": 4.8, "reusita": 0.0, "cnt": 1}}, "nume": "COLEGIUL TEHNIC FEROVIAR \"MIHAI I\"\tBucure\u0219ti"}