{"specializari": {"MATEMATICA-INFORMATICA": 138, "STIINTE ALE NATURII": 74, "STIINTE SOCIALE": 76}, "limba_moderna": {"LIMBA ENGLEZA": 248, "LIMBA GERMANA MODERNA": 23, "LIMBA FRANCEZA": 17}, "limba_materna": {"LIMBA ROMANA": 288}, "promotie_anterioara": {"NU": 287, "DA": 1}, "materii": {"LIMBA ROMANA": {"medie": 8.181423611111116, "reusita": 100.0, "cnt": 288}, "BIOLOGIE VEGETALA SI ANIMALA": {"medie": 8.075, "reusita": 100.0, "cnt": 2}, "GENERAL": {"medie": 8.707523148148148, "reusita": 98.95833333333334, "cnt": 288}, "MATEMATICA MATE-INFO": {"medie": 9.229710144927537, "reusita": 99.27536231884058, "cnt": 138}, "INFORMATICA MI C/C++": {"medie": 9.097014925373132, "reusita": 100.0, "cnt": 67}, "GEOGRAFIE": {"medie": 8.840625000000001, "reusita": 100.0, "cnt": 16}, "ANATOMIE SI FIZIOLOGIE UMANA, GENETICA SI ECOLOGIE UMANA": {"medie": 8.904255319148938, "reusita": 100.0, "cnt": 94}, "ISTORIE": {"medie": 8.509868421052635, "reusita": 100.0, "cnt": 76}, "FIZICA TEO": {"medie": 8.93, "reusita": 100.0, "cnt": 25}, "MATEMATICA ST-NAT": {"medie": 9.126351351351353, "reusita": 98.64864864864865, "cnt": 74}, "LOGICA, ARGUMENTARE SI COMUNICARE": {"medie": 9.058510638297873, "reusita": 100.0, "cnt": 47}, "PSIHOLOGIE": {"medie": 8.34, "reusita": 100.0, "cnt": 5}, "ECONOMIE": {"medie": 7.928571428571429, "reusita": 100.0, "cnt": 7}, "CHIMIE ORGANICA TEO NIVEL I/II": {"medie": 9.026190476190475, "reusita": 100.0, "cnt": 21}, "CHIMIE ANORGANICA TEO NIVEL I/II": {"medie": 9.3, "reusita": 100.0, "cnt": 1}, "FILOSOFIE": {"medie": 9.3, "reusita": 100.0, "cnt": 1}, "INFORMATICA SN C/C++": {"medie": 6.4, "reusita": 100.0, "cnt": 2}}, "nume": "COLEGIUL NATIONAL \"PETRU RARES\" SUCEAVA\tSuceava"}