{"specializari": {"TEHNICIAN ELECTRICIAN/ELECTRONIST AUTO": 23, "TEHNICIAN TRANSPORTURI": 35, "TEHNICIAN MECATRONIST": 1}, "limba_moderna": {"LIMBA FRANCEZA": 5, "LIMBA ENGLEZA": 54}, "limba_materna": {"LIMBA ROMANA": 59}, "promotie_anterioara": {"NU": 39, "DA": 20}, "materii": {"LIMBA ROMANA": {"medie": 5.162280701754385, "reusita": 72.88135593220339, "cnt": 59}, "MATEMATICA TEHN": {"medie": 6.140350877192983, "reusita": 81.35593220338984, "cnt": 59}, "BIOLOGIE VEGETALA SI ANIMALA": {"medie": 5.526190476190477, "reusita": 66.66666666666666, "cnt": 24}, "GENERAL": {"medie": 5.638181818181817, "reusita": 42.3728813559322, "cnt": 59}, "FIZICA TEH": {"medie": 6.515789473684212, "reusita": 85.0, "cnt": 20}, "CHIMIE ANORGANICA TEH NIVEL I/II": {"medie": 4.3100000000000005, "reusita": 40.0, "cnt": 15}}, "nume": "COLEGIUL TEHNIC AUTO \"TRAIAN VUIA\" FOCSANI\tVrancea"}