{"specializari": {"TEHNICIAN IN GASTRONOMIE": 24, "TEHNICIAN ECOLOG SI PROTECTIA CALITATII MEDIULUI": 44, "TEHNICIAN IN ACTIVITATI ECONOMICE": 34, "TEHNICIAN IN TURISM": 52, "TEHNICIAN IN SILVICULTURA SI EXPLOATARI FORESTIERE": 14, "TEHNICIAN IN ADMINISTRATIE": 21, "TEHNICIAN MECANIC PENTRU INTRETINERE SI REPARATII": 26, "TEHNICIAN AGROMONTAN": 8, "TEHNICIAN ANALIZE PRODUSE ALIMENTARE": 16, "TEHNICIAN OPERATOR TEHNICA DE CALCUL": 22, "TEHNICIAN IN INSTALATII ELECTRICE": 8, "STIINTE ALE NATURII": 6, "TEHNICIAN IN INDUSTRIA TEXTILA": 1, "TEHNICIAN IN AUTOMATIZARI": 1, "TEHNICIAN IN AGRICULTURA": 2}, "limba_moderna": {"LIMBA ENGLEZA": 207, "LIMBA FRANCEZA": 72}, "limba_materna": {"LIMBA ROMANA": 279}, "promotie_anterioara": {"NU": 226, "DA": 53}, "materii": {"LIMBA ROMANA": {"medie": 5.572761194029851, "reusita": 74.19354838709677, "cnt": 279}, "MATEMATICA TEHN": {"medie": 5.236730769230772, "reusita": 60.43956043956044, "cnt": 273}, "BIOLOGIE VEGETALA SI ANIMALA": {"medie": 3.131081081081081, "reusita": 13.953488372093023, "cnt": 43}, "GENERAL": {"medie": 5.562277353689567, "reusita": 41.935483870967744, "cnt": 279}, "GEOGRAFIE": {"medie": 7.220238095238097, "reusita": 91.47286821705426, "cnt": 129}, "FIZICA TEH": {"medie": 3.8249999999999997, "reusita": 37.5, "cnt": 16}, "ANATOMIE SI FIZIOLOGIE UMANA, GENETICA SI ECOLOGIE UMANA": {"medie": 5.483333333333334, "reusita": 68.53932584269663, "cnt": 89}, "MATEMATICA ST-NAT": {"medie": 2.9, "reusita": 33.33333333333333, "cnt": 6}, "ECONOMIE": {"medie": 5.699999999999999, "reusita": 100.0, "cnt": 2}}, "nume": "COLEGIUL TEHNIC \"ION CREANGA\", ORAS TARGU NEAMT\tNeam\u021b"}