{"specializari": {"TEHNICIAN IN ACTIVITATI ECONOMICE": 124, "TEHNICIAN IN TURISM": 31, "ORGANIZATOR BANQUETING": 28, "TEHNICIAN IN ACTIVITATI DE COMERT": 35, "TEHNICIAN IN HOTELARIE": 2}, "limba_moderna": {"LIMBA ENGLEZA": 180, "LIMBA FRANCEZA": 40}, "limba_materna": {"LIMBA ROMANA": 220}, "promotie_anterioara": {"NU": 207, "DA": 13}, "materii": {"LIMBA ROMANA": {"medie": 6.90550458715596, "reusita": 91.36363636363637, "cnt": 220}, "MATEMATICA TEHN": {"medie": 6.9685185185185174, "reusita": 85.9090909090909, "cnt": 220}, "GENERAL": {"medie": 7.320524691358025, "reusita": 79.54545454545455, "cnt": 220}, "GEOGRAFIE": {"medie": 8.105348837209306, "reusita": 95.39170506912443, "cnt": 217}, "ECONOMIE": {"medie": 4.8999999999999995, "reusita": 66.66666666666666, "cnt": 3}}, "nume": "COLEGIUL ECONOMIC \"VIRGIL MADGEARU\" TG-JIU\tGorj"}