{"specializari": {"TEHNICIAN IN INSTALATII ELECTRICE": 11, "TEHNICIAN MECATRONIST": 9, "TEHNICIAN IN AUTOMATIZARI": 17, "TEHNICIAN ECOLOG SI PROTECTIA CALITATII MEDIULUI": 4, "TEHNICIAN ELECTROTEHNIST": 3, "MATEMATICA-INFORMATICA": 1}, "limba_moderna": {"LIMBA ENGLEZA": 43, "LIMBA FRANCEZA": 2}, "limba_materna": {"LIMBA ROMANA": 31, "LIMBA GERMANA": 4, "LIMBA MAGHIARA": 10}, "promotie_anterioara": {"NU": 17, "DA": 28}, "materii": {"LIMBA ROMANA": {"medie": 5.876666666666668, "reusita": 95.55555555555556, "cnt": 45}, "MATEMATICA TEHN": {"medie": 6.379545454545456, "reusita": 95.45454545454545, "cnt": 44}, "BIOLOGIE VEGETALA SI ANIMALA": {"medie": 4.991379310344828, "reusita": 54.83870967741935, "cnt": 31}, "GENERAL": {"medie": 5.788211382113822, "reusita": 24.444444444444443, "cnt": 45}, "MATEMATICA MATE-INFO": {"medie": "-", "reusita": 0.0, "cnt": 1}, "FIZICA TEH": {"medie": 5.291666666666667, "reusita": 66.66666666666666, "cnt": 6}, "CHIMIE ANORGANICA TEH NIVEL I/II": {"medie": 4.7250000000000005, "reusita": 42.857142857142854, "cnt": 7}, "LIMBA MAGHIARA (REAL)": {"medie": 6.13, "reusita": 100.0, "cnt": 10}, "CHIMIE ANORGANICA TEO NIVEL I/II": {"medie": "-", "reusita": 0.0, "cnt": 1}, "LIMBA GERMANA": {"medie": 6.5375, "reusita": 100.0, "cnt": 4}}, "nume": "COLEGIUL TEHNIC ENERGETIC \"REMUS RADULET\" BRASOV\tBra\u0219ov"}