{"specializari": {"MATEMATICA-INFORMATICA": 28, "FILOLOGIE": 85, "STIINTE ALE NATURII": 27}, "limba_moderna": {"LIMBA ENGLEZA": 104, "LIMBA GERMANA MODERNA": 15, "LIMBA FRANCEZA": 21}, "limba_materna": {"LIMBA ROMANA": 140}, "promotie_anterioara": {"NU": 140}, "materii": {"LIMBA ROMANA": {"medie": 8.081294964028777, "reusita": 99.28571428571429, "cnt": 140}, "BIOLOGIE VEGETALA SI ANIMALA": {"medie": 7.95, "reusita": 100.0, "cnt": 2}, "GENERAL": {"medie": 8.49112709832134, "reusita": 99.28571428571429, "cnt": 140}, "MATEMATICA MATE-INFO": {"medie": 8.805357142857144, "reusita": 100.0, "cnt": 28}, "INFORMATICA MI C/C++": {"medie": 9.407894736842104, "reusita": 100.0, "cnt": 19}, "GEOGRAFIE": {"medie": 7.640000000000001, "reusita": 100.0, "cnt": 5}, "ANATOMIE SI FIZIOLOGIE UMANA, GENETICA SI ECOLOGIE UMANA": {"medie": 9.31111111111111, "reusita": 100.0, "cnt": 9}, "ISTORIE": {"medie": 8.523214285714285, "reusita": 98.82352941176471, "cnt": 85}, "FIZICA TEO": {"medie": 8.815625, "reusita": 100.0, "cnt": 16}, "MATEMATICA ST-NAT": {"medie": 9.411111111111113, "reusita": 100.0, "cnt": 27}, "LOGICA, ARGUMENTARE SI COMUNICARE": {"medie": 8.414000000000003, "reusita": 100.0, "cnt": 75}, "SOCIOLOGIE": {"medie": 7.966666666666666, "reusita": 100.0, "cnt": 3}, "PSIHOLOGIE": {"medie": 8.7, "reusita": 50.0, "cnt": 2}, "CHIMIE ORGANICA TEO NIVEL I/II": {"medie": 8.838888888888887, "reusita": 100.0, "cnt": 9}}, "nume": "COLEGIUL NATIONAL \"ALEXANDRU IOAN CUZA\", LOCALITATEA GALATI\tGala\u021bi"}