{"specializari": {"TEHNICIAN IN ACTIVITATI DE COMERT": 10, "TEHNICIAN IN ACTIVITATI ECONOMICE": 10, "TEHNICIAN IN TURISM": 16, "TEHNICIAN TRANSPORTURI": 4}, "limba_moderna": {"LIMBA ENGLEZA": 35, "LIMBA FRANCEZA": 5}, "limba_materna": {"LIMBA ROMANA": 40}, "promotie_anterioara": {"NU": 33, "DA": 7}, "materii": {"LIMBA ROMANA": {"medie": 6.072500000000001, "reusita": 85.0, "cnt": 40}, "MATEMATICA TEHN": {"medie": 4.875641025641025, "reusita": 60.0, "cnt": 40}, "BIOLOGIE VEGETALA SI ANIMALA": {"medie": 3.8, "reusita": 0.0, "cnt": 1}, "GENERAL": {"medie": 5.922380952380952, "reusita": 42.5, "cnt": 40}, "GEOGRAFIE": {"medie": 7.294642857142856, "reusita": 86.66666666666667, "cnt": 30}, "FIZICA TEH": {"medie": 2.075, "reusita": 0.0, "cnt": 3}, "LOGICA, ARGUMENTARE SI COMUNICARE": {"medie": 4.83, "reusita": 40.0, "cnt": 5}, "PSIHOLOGIE": {"medie": 6.25, "reusita": 100.0, "cnt": 1}}, "nume": "COLEGIUL TEHNIC \"PETRU MUSAT\" SUCEAVA\tSuceava"}