{"specializari": {"STIINTE SOCIALE": 66, "MATEMATICA-INFORMATICA": 130, "FILOLOGIE": 1}, "limba_moderna": {"LIMBA ENGLEZA": 182, "LIMBA SPANIOLA": 6, "LIMBA FRANCEZA": 9}, "limba_materna": {"LIMBA ROMANA": 197}, "promotie_anterioara": {"NU": 194, "DA": 3}, "materii": {"LIMBA ROMANA": {"medie": 8.480867346938778, "reusita": 99.49238578680203, "cnt": 197}, "BIOLOGIE VEGETALA SI ANIMALA": {"medie": 7.960000000000001, "reusita": 90.0, "cnt": 10}, "GENERAL": {"medie": 8.629421768707486, "reusita": 96.95431472081218, "cnt": 197}, "MATEMATICA MATE-INFO": {"medie": 8.544615384615383, "reusita": 99.23076923076923, "cnt": 130}, "INFORMATICA MI C/C++": {"medie": 8.453174603174602, "reusita": 100.0, "cnt": 63}, "GEOGRAFIE": {"medie": 8.992857142857144, "reusita": 100.0, "cnt": 7}, "ANATOMIE SI FIZIOLOGIE UMANA, GENETICA SI ECOLOGIE UMANA": {"medie": 8.808333333333334, "reusita": 96.66666666666667, "cnt": 30}, "ISTORIE": {"medie": 8.787313432835823, "reusita": 100.0, "cnt": 67}, "FIZICA TEO": {"medie": 8.04, "reusita": 93.33333333333333, "cnt": 15}, "LOGICA, ARGUMENTARE SI COMUNICARE": {"medie": 9.446000000000002, "reusita": 100.0, "cnt": 50}, "SOCIOLOGIE": {"medie": 9.7, "reusita": 100.0, "cnt": 2}, "PSIHOLOGIE": {"medie": 9.4875, "reusita": 100.0, "cnt": 4}, "ECONOMIE": {"medie": 8.7, "reusita": 100.0, "cnt": 4}, "CHIMIE ORGANICA TEO NIVEL I/II": {"medie": 8.216666666666667, "reusita": 100.0, "cnt": 6}, "CHIMIE ANORGANICA TEO NIVEL I/II": {"medie": 8.183333333333334, "reusita": 100.0, "cnt": 6}}, "nume": "COLEGIUL NATIONAL \"FERDINAND I\" BACAU\tBac\u0103u"}