{"specializari": {"TEHNICIAN IN GASTRONOMIE": 44, "TEHNICIAN IN MORARIT, PANIFICATIE SI PRODUSE FAINOASE": 20, "TEHNICIAN IN PRELUCRAREA PRODUSELOR DE ORIGINE ANIMALA": 14, "TEHNICIAN IN INDUSTRIA ALIMENTARA": 26, "TEHNICIAN ANALIZE PRODUSE ALIMENTARE": 15, "TEHNICIAN IN IND. ALIM. FERMENTATIVA SI IN PREL. LEGUMELOR SI FRUCTELOR": 4}, "limba_moderna": {"LIMBA ENGLEZA": 115, "LIMBA FRANCEZA": 8}, "limba_materna": {"LIMBA ROMANA": 123}, "promotie_anterioara": {"NU": 68, "DA": 55}, "materii": {"LIMBA ROMANA": {"medie": 6.284710743801653, "reusita": 93.4959349593496, "cnt": 123}, "MATEMATICA TEHN": {"medie": 6.709166666666667, "reusita": 90.2439024390244, "cnt": 123}, "BIOLOGIE VEGETALA SI ANIMALA": {"medie": 3.925, "reusita": 50.0, "cnt": 2}, "GENERAL": {"medie": 6.4721751412429365, "reusita": 62.601626016260155, "cnt": 123}, "GEOGRAFIE": {"medie": 7.644444444444446, "reusita": 100.0, "cnt": 9}, "ANATOMIE SI FIZIOLOGIE UMANA, GENETICA SI ECOLOGIE UMANA": {"medie": 6.205797101449276, "reusita": 84.50704225352112, "cnt": 71}, "CHIMIE ANORGANICA TEH NIVEL I/II": {"medie": 3.4, "reusita": 0.0, "cnt": 1}, "LOGICA, ARGUMENTARE SI COMUNICARE": {"medie": 6.86, "reusita": 88.57142857142857, "cnt": 35}, "CHIMIE ORGANICA TEH NIVEL I/II": {"medie": 5.13, "reusita": 80.0, "cnt": 5}}, "nume": "COLEGIUL DE INDUSTRIE ALIMENTARA \"ELENA DOAMNA\", LOCALITATEA GALATI\tGala\u021bi"}