{"specializari": {"TEHNICIAN MECATRONIST": 7, "STIINTE SOCIALE": 18, "FILOLOGIE": 3, "TEHNICIAN IN AUTOMATIZARI": 8, "TEHNICIAN PRELUCRARI MECANICE": 1, "TEHNICIAN IN INSTALATII ELECTRICE": 5, "TEHNICIAN ELECTRICIAN/ELECTRONIST AUTO": 1, "TEHNICIAN DESENATOR PENTRU CONSTRUCTII SI INSTALATII": 2}, "limba_moderna": {"LIMBA ENGLEZA": 40, "LIMBA FRANCEZA": 5}, "limba_materna": {"LIMBA ROMANA": 45}, "promotie_anterioara": {"NU": 37, "DA": 8}, "materii": {"LIMBA ROMANA": {"medie": 5.798863636363636, "reusita": 75.55555555555556, "cnt": 45}, "MATEMATICA TEHN": {"medie": 4.92608695652174, "reusita": 66.66666666666666, "cnt": 24}, "BIOLOGIE VEGETALA SI ANIMALA": {"medie": 3.8175, "reusita": 25.0, "cnt": 24}, "GENERAL": {"medie": 5.843162393162395, "reusita": 46.666666666666664, "cnt": 45}, "GEOGRAFIE": {"medie": 7.953846153846154, "reusita": 92.85714285714286, "cnt": 14}, "ISTORIE": {"medie": 6.3625, "reusita": 90.47619047619048, "cnt": 21}, "LOGICA, ARGUMENTARE SI COMUNICARE": {"medie": 7.380000000000001, "reusita": 100.0, "cnt": 5}, "SOCIOLOGIE": {"medie": 9.7, "reusita": 100.0, "cnt": 1}, "PSIHOLOGIE": {"medie": 9.0, "reusita": 100.0, "cnt": 1}}, "nume": "COLEGIUL TEHNIC \"SAMUIL ISOPESCU\" SUCEAVA\tSuceava"}