{"specializari": {"TEHNICIAN IN ACHIZITII SI CONTRACTARI": 82, "ORGANIZATOR BANQUETING": 32, "MATEMATICA-INFORMATICA": 34, "TEHNICIAN IN ACTIVITATI ECONOMICE": 96, "TEHNICIAN IN GASTRONOMIE": 5, "TEHNICIAN IN TURISM": 32, "TEHNICIAN IN ACTIVITATI DE COMERT": 2}, "limba_moderna": {"LIMBA ENGLEZA": 271, "LIMBA FRANCEZA": 12}, "limba_materna": {"LIMBA ROMANA": 283}, "promotie_anterioara": {"NU": 272, "DA": 11}, "materii": {"LIMBA ROMANA": {"medie": 7.620567375886523, "reusita": 98.58657243816255, "cnt": 283}, "MATEMATICA TEHN": {"medie": 8.564919354838711, "reusita": 97.18875502008032, "cnt": 249}, "BIOLOGIE VEGETALA SI ANIMALA": {"medie": 5.828571428571429, "reusita": 71.42857142857143, "cnt": 7}, "GENERAL": {"medie": 8.183924349881803, "reusita": 93.63957597173145, "cnt": 283}, "MATEMATICA MATE-INFO": {"medie": 7.969117647058823, "reusita": 97.05882352941177, "cnt": 34}, "INFORMATICA MI C/C++": {"medie": 8.266666666666667, "reusita": 100.0, "cnt": 6}, "GEOGRAFIE": {"medie": 8.250000000000002, "reusita": 88.23529411764706, "cnt": 34}, "ANATOMIE SI FIZIOLOGIE UMANA, GENETICA SI ECOLOGIE UMANA": {"medie": 6.449999999999999, "reusita": 100.0, "cnt": 2}, "FIZICA TEO": {"medie": 7.475, "reusita": 100.0, "cnt": 16}, "LOGICA, ARGUMENTARE SI COMUNICARE": {"medie": 8.766985645933008, "reusita": 98.08612440191388, "cnt": 209}, "PSIHOLOGIE": {"medie": 6.1, "reusita": 100.0, "cnt": 1}, "ECONOMIE": {"medie": 5.5200000000000005, "reusita": 80.0, "cnt": 5}, "CHIMIE ORGANICA TEO NIVEL I/II": {"medie": 6.133333333333333, "reusita": 66.66666666666666, "cnt": 3}}, "nume": "COLEGIUL ECONOMIC \"VIRGIL MADGEARU\", MUNICIPIUL PLOIESTI\tPrahova"}