{"specializari": {"MATEMATICA-INFORMATICA": 30, "STIINTE SOCIALE": 26, "FILOLOGIE": 28}, "limba_moderna": {"LIMBA ENGLEZA": 84}, "limba_materna": {"LIMBA GERMANA": 83, "LIMBA ROMANA": 1}, "promotie_anterioara": {"NU": 82, "DA": 2}, "materii": {"LIMBA ROMANA": {"medie": 8.2, "reusita": 98.80952380952381, "cnt": 84}, "BIOLOGIE VEGETALA SI ANIMALA": {"medie": 9.25, "reusita": 100.0, "cnt": 2}, "GENERAL": {"medie": 8.536280487804877, "reusita": 96.42857142857143, "cnt": 84}, "MATEMATICA MATE-INFO": {"medie": 8.96166666666667, "reusita": 100.0, "cnt": 30}, "INFORMATICA MI C/C++": {"medie": 7.957142857142857, "reusita": 85.71428571428571, "cnt": 7}, "GEOGRAFIE": {"medie": 9.275, "reusita": 100.0, "cnt": 2}, "ANATOMIE SI FIZIOLOGIE UMANA, GENETICA SI ECOLOGIE UMANA": {"medie": 9.05, "reusita": 100.0, "cnt": 2}, "ISTORIE": {"medie": 8.56320754716981, "reusita": 98.14814814814815, "cnt": 54}, "FIZICA TEO": {"medie": 8.36111111111111, "reusita": 100.0, "cnt": 9}, "LOGICA, ARGUMENTARE SI COMUNICARE": {"medie": 8.873529411764707, "reusita": 100.0, "cnt": 34}, "SOCIOLOGIE": {"medie": 7.631818181818182, "reusita": 100.0, "cnt": 11}, "PSIHOLOGIE": {"medie": 9.2, "reusita": 100.0, "cnt": 5}, "ECONOMIE": {"medie": 9.4, "reusita": 100.0, "cnt": 1}, "CHIMIE ORGANICA TEO NIVEL I/II": {"medie": 9.059999999999999, "reusita": 100.0, "cnt": 10}, "FILOSOFIE": {"medie": 7.7, "reusita": 100.0, "cnt": 1}, "LIMBA GERMANA": {"medie": 8.497560975609758, "reusita": 98.79518072289156, "cnt": 83}}, "nume": "COLEGIUL GERMAN \"GOETHE\"\tBucure\u0219ti"}