{"specializari": {"MATEMATICA-INFORMATICA": 52, "FILOLOGIE": 32, "STIINTE ALE NATURII": 30}, "limba_moderna": {"LIMBA ENGLEZA": 110, "LIMBA GERMANA MODERNA": 2, "LIMBA FRANCEZA": 2}, "limba_materna": {"LIMBA ROMANA": 114}, "promotie_anterioara": {"NU": 112, "DA": 2}, "materii": {"LIMBA ROMANA": {"medie": 8.161842105263162, "reusita": 100.0, "cnt": 114}, "BIOLOGIE VEGETALA SI ANIMALA": {"medie": 9.112499999999999, "reusita": 100.0, "cnt": 20}, "GENERAL": {"medie": 8.6375730994152, "reusita": 99.12280701754386, "cnt": 114}, "MATEMATICA MATE-INFO": {"medie": 9.309615384615384, "reusita": 100.0, "cnt": 52}, "INFORMATICA MI C/C++": {"medie": 8.977777777777778, "reusita": 100.0, "cnt": 27}, "GEOGRAFIE": {"medie": 8.320833333333335, "reusita": 91.66666666666666, "cnt": 12}, "ANATOMIE SI FIZIOLOGIE UMANA, GENETICA SI ECOLOGIE UMANA": {"medie": 8.735714285714286, "reusita": 100.0, "cnt": 21}, "ISTORIE": {"medie": 8.087500000000002, "reusita": 100.0, "cnt": 32}, "FIZICA TEO": {"medie": 8.45, "reusita": 100.0, "cnt": 5}, "MATEMATICA ST-NAT": {"medie": 9.476666666666667, "reusita": 100.0, "cnt": 30}, "LOGICA, ARGUMENTARE SI COMUNICARE": {"medie": 8.463888888888889, "reusita": 100.0, "cnt": 18}, "PSIHOLOGIE": {"medie": 8.35, "reusita": 100.0, "cnt": 2}, "CHIMIE ORGANICA TEO NIVEL I/II": {"medie": 8.572222222222223, "reusita": 100.0, "cnt": 9}}, "nume": "COLEGIUL NATIONAL \"TRAIAN LALESCU\" RESITA\tCara\u0219-Severin"}