{"specializari": {"TEHNICIAN IN AGROTURISM": 7, "TEHNICIAN ANALIZE PRODUSE ALIMENTARE": 8, "TEHNICIAN VETERINAR": 13, "TEHNICIAN IN ACTIVITATI DE COMERT": 1, "TEHNICIAN ZOOTEHNIST": 1}, "limba_moderna": {"LIMBA ENGLEZA": 30}, "limba_materna": {"LIMBA ROMANA": 30}, "promotie_anterioara": {"DA": 12, "NU": 18}, "materii": {"LIMBA ROMANA": {"medie": 5.551785714285714, "reusita": 76.66666666666667, "cnt": 30}, "MATEMATICA TEHN": {"medie": 4.525, "reusita": 53.333333333333336, "cnt": 30}, "BIOLOGIE VEGETALA SI ANIMALA": {"medie": 5.3, "reusita": 50.0, "cnt": 4}, "GENERAL": {"medie": 5.258333333333334, "reusita": 26.666666666666668, "cnt": 30}, "GEOGRAFIE": {"medie": 6.6, "reusita": 100.0, "cnt": 1}, "ANATOMIE SI FIZIOLOGIE UMANA, GENETICA SI ECOLOGIE UMANA": {"medie": 5.815217391304347, "reusita": 70.83333333333334, "cnt": 24}, "CHIMIE ANORGANICA TEH NIVEL I/II": {"medie": 3.0, "reusita": 0.0, "cnt": 1}}, "nume": "COLEGIUL PENTRU AGRICULTURA SI INDUSTRIE ALIMENTARA \"TARA BARSEI\" PREJMER\tBra\u0219ov"}