{"specializari": {"MATEMATICA-INFORMATICA": 79, "FILOLOGIE": 104, "STIINTE ALE NATURII": 20, "STIINTE SOCIALE": 39}, "limba_moderna": {"LIMBA ENGLEZA": 224, "LIMBA FRANCEZA": 15, "LIMBA GERMANA MODERNA": 3}, "limba_materna": {"LIMBA ROMANA": 242}, "promotie_anterioara": {"NU": 223, "DA": 19}, "materii": {"LIMBA ROMANA": {"medie": 7.7845041322314, "reusita": 97.10743801652893, "cnt": 242}, "BIOLOGIE VEGETALA SI ANIMALA": {"medie": 5.665384615384615, "reusita": 69.23076923076923, "cnt": 13}, "GENERAL": {"medie": 8.054633471645918, "reusita": 88.84297520661157, "cnt": 242}, "MATEMATICA MATE-INFO": {"medie": 8.850632911392402, "reusita": 97.46835443037975, "cnt": 79}, "INFORMATICA MI C/C++": {"medie": 8.85, "reusita": 100.0, "cnt": 1}, "GEOGRAFIE": {"medie": 8.408080808080806, "reusita": 98.98989898989899, "cnt": 99}, "ANATOMIE SI FIZIOLOGIE UMANA, GENETICA SI ECOLOGIE UMANA": {"medie": 6.483333333333333, "reusita": 83.33333333333334, "cnt": 6}, "ISTORIE": {"medie": 8.011267605633805, "reusita": 97.2027972027972, "cnt": 143}, "FIZICA TEO": {"medie": 8.270967741935483, "reusita": 95.16129032258065, "cnt": 62}, "MATEMATICA ST-NAT": {"medie": 7.090000000000001, "reusita": 90.0, "cnt": 20}, "LOGICA, ARGUMENTARE SI COMUNICARE": {"medie": 6.5, "reusita": 100.0, "cnt": 1}, "SOCIOLOGIE": {"medie": 8.293181818181818, "reusita": 100.0, "cnt": 22}, "PSIHOLOGIE": {"medie": 8.250000000000002, "reusita": 100.0, "cnt": 10}, "ECONOMIE": {"medie": 8.618181818181817, "reusita": 100.0, "cnt": 11}, "CHIMIE ORGANICA TEO NIVEL I/II": {"medie": 8.241176470588233, "reusita": 100.0, "cnt": 17}}, "nume": "COLEGIUL NATIONAL \"ION MAIORESCU\" GIURGIU\tGiurgiu"}