{"specializari": {"TEHNICIAN ELECTROMECANIC": 37, "MATEMATICA-INFORMATICA": 18, "TEHNICIAN IN AUTOMATIZARI": 22, "TEHNICIAN DE TELECOMUNICATII": 29, "TEHNICIAN OPERATOR TEHNICA DE CALCUL": 27, "TEHNICIAN IN INSTALATII ELECTRICE": 23, "TEHNICIAN ELECTRONIST": 19, "TEHNICIAN TRANSPORTURI": 3, "TEHNICIAN PROIECTANT CAD": 5, "TEHNICIAN MECATRONIST": 8}, "limba_moderna": {"LIMBA ENGLEZA": 166, "LIMBA FRANCEZA": 25}, "limba_materna": {"LIMBA ROMANA": 191}, "promotie_anterioara": {"NU": 141, "DA": 50}, "materii": {"LIMBA ROMANA": {"medie": 5.591340782122905, "reusita": 75.39267015706807, "cnt": 191}, "MATEMATICA TEHN": {"medie": 5.324999999999998, "reusita": 62.42774566473989, "cnt": 173}, "BIOLOGIE VEGETALA SI ANIMALA": {"medie": 4.57902097902098, "reusita": 44.5859872611465, "cnt": 157}, "GENERAL": {"medie": 5.258524904214559, "reusita": 31.413612565445025, "cnt": 191}, "MATEMATICA MATE-INFO": {"medie": 6.113888888888888, "reusita": 83.33333333333334, "cnt": 18}, "INFORMATICA MI C/C++": {"medie": 6.8999999999999995, "reusita": 100.0, "cnt": 2}, "FIZICA TEH": {"medie": 6.259375, "reusita": 82.35294117647058, "cnt": 17}, "CHIMIE ANORGANICA TEH NIVEL I/II": {"medie": 4.084615384615384, "reusita": 38.46153846153847, "cnt": 13}, "FIZICA TEO": {"medie": 7.625, "reusita": 100.0, "cnt": 2}}, "nume": "COLEGIUL TEHNIC \"EDMOND NICOLAU\" FOCSANI\tVrancea"}