{"specializari": {"STIINTE ALE NATURII": 23, "TEHNICIAN IN CHIMIE INDUSTRIALA": 5, "TEHNICIAN ECOLOG SI PROTECTIA CALITATII MEDIULUI": 10, "TEHNICIAN ANALIZE PRODUSE ALIMENTARE": 5, "TEHNICIAN CHIMIST DE LABORATOR": 2, "TEHNICIAN IN AUTOMATIZARI": 3, "TEHNICIAN ELECTROMECANIC": 2}, "limba_moderna": {"LIMBA ENGLEZA": 50}, "limba_materna": {"LIMBA ROMANA": 50}, "promotie_anterioara": {"DA": 29, "NU": 21}, "materii": {"LIMBA ROMANA": {"medie": 5.476530612244899, "reusita": 80.0, "cnt": 50}, "MATEMATICA TEHN": {"medie": 4.898148148148148, "reusita": 70.37037037037037, "cnt": 27}, "BIOLOGIE VEGETALA SI ANIMALA": {"medie": 5.178571428571429, "reusita": 68.75, "cnt": 16}, "GENERAL": {"medie": 4.979347826086957, "reusita": 24.0, "cnt": 50}, "FIZICA TEH": {"medie": 7.4, "reusita": 100.0, "cnt": 1}, "ANATOMIE SI FIZIOLOGIE UMANA, GENETICA SI ECOLOGIE UMANA": {"medie": 4.990384615384615, "reusita": 69.23076923076923, "cnt": 26}, "CHIMIE ANORGANICA TEH NIVEL I/II": {"medie": 5.35, "reusita": 66.66666666666666, "cnt": 3}, "MATEMATICA ST-NAT": {"medie": 3.959090909090908, "reusita": 34.78260869565217, "cnt": 23}, "CHIMIE ORGANICA TEO NIVEL I/II": {"medie": 7.15, "reusita": 100.0, "cnt": 1}, "CHIMIE ORGANICA TEH NIVEL I/II": {"medie": 3.3333333333333335, "reusita": 33.33333333333333, "cnt": 3}}, "nume": "COLEGIUL TEHNIC \"COSTIN D. NENITESCU\"\tBucure\u0219ti"}