{"specializari": {"MATEMATICA-INFORMATICA": 98, "STIINTE ALE NATURII": 52, "FILOLOGIE": 115, "STIINTE SOCIALE": 1}, "limba_moderna": {"LIMBA ENGLEZA": 248, "LIMBA FRANCEZA": 15, "LIMBA GERMANA MODERNA": 2, "LIMBA SPANIOLA": 1}, "limba_materna": {"LIMBA ROMANA": 266}, "promotie_anterioara": {"NU": 258, "DA": 8}, "materii": {"LIMBA ROMANA": {"medie": 7.98037735849056, "reusita": 99.24812030075188, "cnt": 266}, "BIOLOGIE VEGETALA SI ANIMALA": {"medie": 8.311904761904763, "reusita": 100.0, "cnt": 21}, "GENERAL": {"medie": 8.270304182509504, "reusita": 95.48872180451127, "cnt": 266}, "MATEMATICA MATE-INFO": {"medie": 8.653092783505157, "reusita": 96.93877551020408, "cnt": 98}, "INFORMATICA MI C/C++": {"medie": 8.2275, "reusita": 95.0, "cnt": 20}, "GEOGRAFIE": {"medie": 8.82758620689655, "reusita": 100.0, "cnt": 58}, "ANATOMIE SI FIZIOLOGIE UMANA, GENETICA SI ECOLOGIE UMANA": {"medie": 8.708064516129033, "reusita": 100.0, "cnt": 62}, "ISTORIE": {"medie": 8.056521739130437, "reusita": 99.13793103448276, "cnt": 116}, "FIZICA TEO": {"medie": 8.667560975609758, "reusita": 97.61904761904762, "cnt": 42}, "MATEMATICA ST-NAT": {"medie": 7.7875, "reusita": 94.23076923076923, "cnt": 52}, "LOGICA, ARGUMENTARE SI COMUNICARE": {"medie": 8.31666666666667, "reusita": 97.05882352941177, "cnt": 34}, "SOCIOLOGIE": {"medie": 5.0, "reusita": 100.0, "cnt": 1}, "PSIHOLOGIE": {"medie": 8.637500000000001, "reusita": 100.0, "cnt": 8}, "ECONOMIE": {"medie": 8.776666666666667, "reusita": 100.0, "cnt": 15}, "CHIMIE ORGANICA TEO NIVEL I/II": {"medie": 8.27, "reusita": 100.0, "cnt": 5}}, "nume": "COLEGIUL NATIONAL \"RADU GRECEANU\" SLATINA\tOlt"}