{"specializari": {"TEHNICIAN IN ACTIVITATI ECONOMICE": 55, "ORGANIZATOR BANQUETING": 18, "TEHNICIAN IN ACHIZITII SI CONTRACTARI": 47, "TEHNICIAN IN TURISM": 28, "TEHNICIAN IN ADMINISTRATIE": 29, "TEHNICIAN IN GASTRONOMIE": 23}, "limba_moderna": {"LIMBA ENGLEZA": 192, "LIMBA FRANCEZA": 8}, "limba_materna": {"LIMBA ROMANA": 200}, "promotie_anterioara": {"NU": 190, "DA": 10}, "materii": {"LIMBA ROMANA": {"medie": 7.341457286432161, "reusita": 99.0, "cnt": 200}, "MATEMATICA TEHN": {"medie": 8.520100502512562, "reusita": 98.5, "cnt": 200}, "GENERAL": {"medie": 8.140067340067334, "reusita": 94.5, "cnt": 200}, "GEOGRAFIE": {"medie": 8.676815642458099, "reusita": 99.44444444444444, "cnt": 180}, "LOGICA, ARGUMENTARE SI COMUNICARE": {"medie": 9.15, "reusita": 100.0, "cnt": 5}, "PSIHOLOGIE": {"medie": 7.3999999999999995, "reusita": 100.0, "cnt": 3}, "ECONOMIE": {"medie": 6.320833333333333, "reusita": 91.66666666666666, "cnt": 12}}, "nume": "COLEGIUL ECONOMIC \"MIHAIL KOGALNICEANU\" FOCSANI\tVrancea"}