{"specializari": {"STIINTE ALE NATURII": 94, "MATEMATICA-INFORMATICA": 23, "FILOLOGIE": 29, "STIINTE SOCIALE": 21}, "limba_moderna": {"LIMBA ENGLEZA": 166, "LIMBA FRANCEZA": 1}, "limba_materna": {"LIMBA ROMANA": 167}, "promotie_anterioara": {"NU": 132, "DA": 35}, "materii": {"LIMBA ROMANA": {"medie": 7.154848484848482, "reusita": 98.20359281437125, "cnt": 167}, "BIOLOGIE VEGETALA SI ANIMALA": {"medie": 6.65, "reusita": 100.0, "cnt": 5}, "GENERAL": {"medie": 7.655658436213994, "reusita": 86.22754491017965, "cnt": 167}, "MATEMATICA MATE-INFO": {"medie": 8.163636363636364, "reusita": 91.30434782608695, "cnt": 23}, "GEOGRAFIE": {"medie": 8.38625, "reusita": 95.23809523809523, "cnt": 42}, "ANATOMIE SI FIZIOLOGIE UMANA, GENETICA SI ECOLOGIE UMANA": {"medie": 7.800746268656716, "reusita": 95.58823529411765, "cnt": 68}, "ISTORIE": {"medie": 7.656000000000002, "reusita": 100.0, "cnt": 50}, "FIZICA TEO": {"medie": 7.665000000000001, "reusita": 100.0, "cnt": 10}, "MATEMATICA ST-NAT": {"medie": 7.74516129032258, "reusita": 94.68085106382979, "cnt": 94}, "LOGICA, ARGUMENTARE SI COMUNICARE": {"medie": 8.320000000000002, "reusita": 100.0, "cnt": 5}, "SOCIOLOGIE": {"medie": 6.300000000000001, "reusita": 100.0, "cnt": 3}, "CHIMIE ORGANICA TEO NIVEL I/II": {"medie": 8.3, "reusita": 100.0, "cnt": 12}, "CHIMIE ANORGANICA TEO NIVEL I/II": {"medie": 7.85, "reusita": 100.0, "cnt": 22}}, "nume": "COLEGIUL NATIONAL \"VICTOR BABES\"\tBucure\u0219ti"}