{"specializari": {"MATEMATICA-INFORMATICA": 265}, "limba_moderna": {"LIMBA ENGLEZA": 258, "LIMBA FRANCEZA": 6, "LIMBA GERMANA MODERNA": 1}, "limba_materna": {"LIMBA ROMANA": 265}, "promotie_anterioara": {"NU": 264, "DA": 1}, "materii": {"LIMBA ROMANA": {"medie": 8.987310606060609, "reusita": 99.62264150943396, "cnt": 265}, "BIOLOGIE VEGETALA SI ANIMALA": {"medie": 8.821428571428573, "reusita": 100.0, "cnt": 21}, "GENERAL": {"medie": 9.224305555555556, "reusita": 99.62264150943396, "cnt": 265}, "MATEMATICA MATE-INFO": {"medie": 9.523106060606061, "reusita": 99.62264150943396, "cnt": 265}, "INFORMATICA MI C/C++": {"medie": 9.373972602739723, "reusita": 100.0, "cnt": 73}, "ANATOMIE SI FIZIOLOGIE UMANA, GENETICA SI ECOLOGIE UMANA": {"medie": 9.277272727272727, "reusita": 100.0, "cnt": 11}, "FIZICA TEO": {"medie": 9.027685950413225, "reusita": 100.0, "cnt": 121}, "CHIMIE ORGANICA TEO NIVEL I/II": {"medie": 9.222222222222221, "reusita": 100.0, "cnt": 36}, "CHIMIE ANORGANICA TEO NIVEL I/II": {"medie": 9.583333333333334, "reusita": 100.0, "cnt": 3}}, "nume": "COLEGIUL NATIONAL DE INFORMATICA \"TUDOR VIANU\"\tBucure\u0219ti"}