{"specializari": {"STIINTE ALE NATURII": 59, "FILOLOGIE": 126, "MATEMATICA-INFORMATICA": 86, "STIINTE SOCIALE": 35}, "limba_moderna": {"LIMBA ENGLEZA": 233, "LIMBA FRANCEZA": 71, "LIMBA GERMANA MODERNA": 2}, "limba_materna": {"LIMBA ROMANA": 306}, "promotie_anterioara": {"NU": 304, "DA": 2}, "materii": {"LIMBA ROMANA": {"medie": 7.924918032786885, "reusita": 99.67320261437908, "cnt": 306}, "BIOLOGIE VEGETALA SI ANIMALA": {"medie": 8.138333333333334, "reusita": 100.0, "cnt": 30}, "GENERAL": {"medie": 8.389672131147538, "reusita": 98.36601307189542, "cnt": 306}, "MATEMATICA MATE-INFO": {"medie": 8.952325581395344, "reusita": 100.0, "cnt": 86}, "INFORMATICA MI C/C++": {"medie": 8.806249999999999, "reusita": 100.0, "cnt": 16}, "GEOGRAFIE": {"medie": 8.89375, "reusita": 100.0, "cnt": 56}, "ANATOMIE SI FIZIOLOGIE UMANA, GENETICA SI ECOLOGIE UMANA": {"medie": 8.452777777777776, "reusita": 100.0, "cnt": 36}, "ISTORIE": {"medie": 8.534999999999997, "reusita": 98.75776397515527, "cnt": 161}, "FIZICA TEO": {"medie": 8.122727272727271, "reusita": 100.0, "cnt": 33}, "MATEMATICA ST-NAT": {"medie": 8.514406779661018, "reusita": 100.0, "cnt": 59}, "LOGICA, ARGUMENTARE SI COMUNICARE": {"medie": 8.928395061728393, "reusita": 97.5609756097561, "cnt": 82}, "SOCIOLOGIE": {"medie": 8.316666666666665, "reusita": 100.0, "cnt": 12}, "PSIHOLOGIE": {"medie": 8.2, "reusita": 100.0, "cnt": 5}, "ECONOMIE": {"medie": 8.049999999999999, "reusita": 100.0, "cnt": 6}, "CHIMIE ORGANICA TEO NIVEL I/II": {"medie": 8.569642857142856, "reusita": 100.0, "cnt": 28}, "CHIMIE ANORGANICA TEO NIVEL I/II": {"medie": 6.95, "reusita": 100.0, "cnt": 2}}, "nume": "COLEGIUL NATIONAL \"MIHAI EMINESCU\" MUNICIPIUL BUZAU\tBuz\u0103u"}