{"specializari": {"STIINTE SOCIALE": 30, "TEHNICIAN IN ACTIVITATI ECONOMICE": 33, "TEHNICIAN OPERATOR TEHNICA DE CALCUL": 23, "ORGANIZATOR BANQUETING": 24, "COAFOR STILIST": 18, "TEHNICIAN IN INSTALATII ELECTRICE": 14, "TEHNICIAN ELECTRICIAN/ELECTRONIST AUTO": 21, "MATEMATICA-INFORMATICA": 2}, "limba_moderna": {"LIMBA ENGLEZA": 159, "LIMBA FRANCEZA": 6}, "limba_materna": {"LIMBA ROMANA": 165}, "promotie_anterioara": {"NU": 150, "DA": 15}, "materii": {"LIMBA ROMANA": {"medie": 7.187499999999998, "reusita": 98.18181818181819, "cnt": 165}, "MATEMATICA TEHN": {"medie": 7.512781954887218, "reusita": 98.49624060150376, "cnt": 133}, "BIOLOGIE VEGETALA SI ANIMALA": {"medie": 7.01842105263158, "reusita": 100.0, "cnt": 38}, "GENERAL": {"medie": 7.416565040650409, "reusita": 90.9090909090909, "cnt": 165}, "MATEMATICA MATE-INFO": {"medie": 2.45, "reusita": 0.0, "cnt": 2}, "GEOGRAFIE": {"medie": 8.16011235955056, "reusita": 98.88888888888889, "cnt": 90}, "FIZICA TEH": {"medie": 7.7, "reusita": 100.0, "cnt": 3}, "ANATOMIE SI FIZIOLOGIE UMANA, GENETICA SI ECOLOGIE UMANA": {"medie": 4.525, "reusita": 50.0, "cnt": 2}, "CHIMIE ANORGANICA TEH NIVEL I/II": {"medie": 6.408823529411763, "reusita": 76.47058823529412, "cnt": 17}, "ISTORIE": {"medie": 8.12586206896552, "reusita": 96.66666666666667, "cnt": 30}, "LOGICA, ARGUMENTARE SI COMUNICARE": {"medie": 6.246153846153846, "reusita": 84.61538461538461, "cnt": 13}, "SOCIOLOGIE": {"medie": 9.2, "reusita": 100.0, "cnt": 1}, "ECONOMIE": {"medie": 6.0, "reusita": 100.0, "cnt": 1}}, "nume": "COLEGIUL N.V. KARPEN\" BACAU\tBac\u0103u"}