{"specializari": {"FILOLOGIE": 60, "STIINTE ALE NATURII": 60, "MATEMATICA-INFORMATICA": 65, "STIINTE SOCIALE": 26}, "limba_moderna": {"LIMBA ENGLEZA": 198, "LIMBA GERMANA MODERNA": 12, "LIMBA FRANCEZA": 1}, "limba_materna": {"LIMBA ROMANA": 211}, "promotie_anterioara": {"NU": 210, "DA": 1}, "materii": {"LIMBA ROMANA": {"medie": 8.262559241706159, "reusita": 99.0521327014218, "cnt": 211}, "BIOLOGIE VEGETALA SI ANIMALA": {"medie": 9.227922077922079, "reusita": 100.0, "cnt": 77}, "GENERAL": {"medie": 8.741232227488144, "reusita": 97.6303317535545, "cnt": 211}, "MATEMATICA MATE-INFO": {"medie": 9.088461538461543, "reusita": 100.0, "cnt": 65}, "INFORMATICA MI C/C++": {"medie": 8.854347826086954, "reusita": 95.65217391304348, "cnt": 23}, "GEOGRAFIE": {"medie": 9.265, "reusita": 100.0, "cnt": 40}, "ANATOMIE SI FIZIOLOGIE UMANA, GENETICA SI ECOLOGIE UMANA": {"medie": 9.5375, "reusita": 100.0, "cnt": 16}, "ISTORIE": {"medie": 8.445930232558139, "reusita": 100.0, "cnt": 86}, "FIZICA TEO": {"medie": 8.725000000000001, "reusita": 100.0, "cnt": 2}, "MATEMATICA ST-NAT": {"medie": 9.161666666666667, "reusita": 98.33333333333333, "cnt": 60}, "LOGICA, ARGUMENTARE SI COMUNICARE": {"medie": 9.101111111111111, "reusita": 100.0, "cnt": 45}, "CHIMIE ORGANICA TEO NIVEL I/II": {"medie": 6.725, "reusita": 50.0, "cnt": 2}, "CHIMIE ANORGANICA TEO NIVEL I/II": {"medie": 7.325, "reusita": 100.0, "cnt": 4}, "FILOSOFIE": {"medie": 8.95, "reusita": 100.0, "cnt": 1}, "INFORMATICA SN C/C++": {"medie": 6.9, "reusita": 100.0, "cnt": 1}}, "nume": "COLEGIUL NATIONAL \"LUCIAN BLAGA\" SEBES\tAlba"}