{"specializari": {"FILOLOGIE": 71, "STIINTE ALE NATURII": 30, "TEHNICIAN IN INDUSTRIA TEXTILA": 14, "TEHNICIAN TRANSPORTURI": 38, "MATEMATICA-INFORMATICA": 27}, "limba_moderna": {"LIMBA ENGLEZA": 163, "LIMBA FRANCEZA": 17}, "limba_materna": {"LIMBA UCRAINEANA": 9, "LIMBA ROMANA": 171}, "promotie_anterioara": {"NU": 161, "DA": 19}, "materii": {"LIMBA ROMANA": {"medie": 6.505202312138726, "reusita": 79.44444444444444, "cnt": 180}, "MATEMATICA TEHN": {"medie": 4.639795918367346, "reusita": 57.692307692307686, "cnt": 52}, "BIOLOGIE VEGETALA SI ANIMALA": {"medie": 4.0930232558139545, "reusita": 34.78260869565217, "cnt": 46}, "GENERAL": {"medie": 6.58252923976608, "reusita": 62.22222222222222, "cnt": 180}, "MATEMATICA MATE-INFO": {"medie": 6.055555555555555, "reusita": 70.37037037037037, "cnt": 27}, "INFORMATICA MI C/C++": {"medie": 8.072222222222223, "reusita": 100.0, "cnt": 9}, "GEOGRAFIE": {"medie": 9.025, "reusita": 88.88888888888889, "cnt": 9}, "FIZICA TEH": {"medie": 5.3100000000000005, "reusita": 50.0, "cnt": 6}, "ANATOMIE SI FIZIOLOGIE UMANA, GENETICA SI ECOLOGIE UMANA": {"medie": 6.785714285714286, "reusita": 82.85714285714286, "cnt": 35}, "ISTORIE": {"medie": 6.8, "reusita": 92.95774647887323, "cnt": 71}, "FIZICA TEO": {"medie": 8.966666666666667, "reusita": 100.0, "cnt": 3}, "MATEMATICA ST-NAT": {"medie": 8.165, "reusita": 96.66666666666667, "cnt": 30}, "LOGICA, ARGUMENTARE SI COMUNICARE": {"medie": 8.009322033898307, "reusita": 93.54838709677419, "cnt": 62}, "CHIMIE ORGANICA TEO NIVEL I/II": {"medie": 9.249999999999998, "reusita": 100.0, "cnt": 10}, "LIMBA UCRAINEANA": {"medie": 7.707142857142857, "reusita": 77.77777777777779, "cnt": 9}}, "nume": "COLEGIUL TEHNIC \"LATCU VODA\" SIRET\tSuceava"}