{"specializari": {"INVATATOR - EDUCATOARE": 59, "FILOLOGIE": 36, "STIINTE ALE NATURII": 30, "STIINTE SOCIALE": 36, "PEDAGOG SCOLAR": 1}, "limba_moderna": {"LIMBA ENGLEZA": 156, "LIMBA FRANCEZA": 6}, "limba_materna": {"LIMBA ROMANA": 162}, "promotie_anterioara": {"NU": 155, "DA": 7}, "materii": {"LIMBA ROMANA": {"medie": 7.572981366459628, "reusita": 98.14814814814815, "cnt": 162}, "GENERAL": {"medie": 8.099156118143458, "reusita": 90.12345679012346, "cnt": 162}, "MATEMATICA PED": {"medie": 8.242857142857142, "reusita": 86.4406779661017, "cnt": 59}, "GEOGRAFIE": {"medie": 8.1484375, "reusita": 90.625, "cnt": 32}, "ANATOMIE SI FIZIOLOGIE UMANA, GENETICA SI ECOLOGIE UMANA": {"medie": 9.260869565217392, "reusita": 100.0, "cnt": 23}, "ISTORIE": {"medie": 8.231944444444448, "reusita": 97.26027397260275, "cnt": 73}, "FIZICA TEO": {"medie": 8.35, "reusita": 100.0, "cnt": 2}, "MATEMATICA ST-NAT": {"medie": 8.671666666666669, "reusita": 100.0, "cnt": 30}, "LOGICA, ARGUMENTARE SI COMUNICARE": {"medie": 8.135638297872342, "reusita": 93.75, "cnt": 96}, "SOCIOLOGIE": {"medie": 8.05, "reusita": 100.0, "cnt": 1}, "PSIHOLOGIE": {"medie": 7.2, "reusita": 100.0, "cnt": 1}, "CHIMIE ORGANICA TEO NIVEL I/II": {"medie": 8.73, "reusita": 100.0, "cnt": 5}, "FILOSOFIE": {"medie": 7.324999999999999, "reusita": 100.0, "cnt": 2}}, "nume": "COLEGIUL NATIONAL \"GHEORGHE ASACHI\", MUNICIPIUL PIATRA-NEAMT\tNeam\u021b"}