{"specializari": {"MATEMATICA-INFORMATICA": 56, "STIINTE ALE NATURII": 54, "STIINTE SOCIALE": 65}, "limba_moderna": {"LIMBA ENGLEZA": 163, "LIMBA FRANCEZA": 12}, "limba_materna": {"LIMBA ROMANA": 175}, "promotie_anterioara": {"NU": 175}, "materii": {"LIMBA ROMANA": {"medie": 8.386857142857146, "reusita": 99.42857142857143, "cnt": 175}, "GENERAL": {"medie": 8.884578544061293, "reusita": 99.42857142857143, "cnt": 175}, "MATEMATICA MATE-INFO": {"medie": 9.392857142857142, "reusita": 100.0, "cnt": 56}, "INFORMATICA MI C/C++": {"medie": 9.210714285714285, "reusita": 100.0, "cnt": 14}, "GEOGRAFIE": {"medie": 9.21923076923077, "reusita": 100.0, "cnt": 13}, "ANATOMIE SI FIZIOLOGIE UMANA, GENETICA SI ECOLOGIE UMANA": {"medie": 9.128260869565219, "reusita": 100.0, "cnt": 46}, "ISTORIE": {"medie": 8.980468750000004, "reusita": 98.46153846153847, "cnt": 65}, "FIZICA TEO": {"medie": 9.144444444444444, "reusita": 100.0, "cnt": 27}, "MATEMATICA ST-NAT": {"medie": 9.241666666666665, "reusita": 100.0, "cnt": 54}, "LOGICA, ARGUMENTARE SI COMUNICARE": {"medie": 8.773076923076923, "reusita": 97.5, "cnt": 40}, "SOCIOLOGIE": {"medie": 9.666666666666666, "reusita": 100.0, "cnt": 3}, "PSIHOLOGIE": {"medie": 8.6, "reusita": 100.0, "cnt": 1}, "ECONOMIE": {"medie": 8.36875, "reusita": 100.0, "cnt": 8}, "CHIMIE ORGANICA TEO NIVEL I/II": {"medie": 9.361111111111109, "reusita": 100.0, "cnt": 18}, "INFORMATICA SN C/C++": {"medie": 8.57, "reusita": 100.0, "cnt": 5}}, "nume": "COLEGIUL NATIONAL \"PETRU RARES\", MUNICIPIUL PIATRA-NEAMT\tNeam\u021b"}