{"specializari": {"MATEMATICA-INFORMATICA": 122, "FILOLOGIE": 35, "STIINTE ALE NATURII": 33, "STIINTE SOCIALE": 33}, "limba_moderna": {"LIMBA ENGLEZA": 199, "LIMBA FRANCEZA": 24}, "limba_materna": {"LIMBA ROMANA": 223}, "promotie_anterioara": {"NU": 219, "DA": 4}, "materii": {"LIMBA ROMANA": {"medie": 8.498642533936652, "reusita": 99.10313901345292, "cnt": 223}, "BIOLOGIE VEGETALA SI ANIMALA": {"medie": 8.357352941176472, "reusita": 94.28571428571428, "cnt": 35}, "GENERAL": {"medie": 8.513348416289588, "reusita": 95.06726457399103, "cnt": 223}, "MATEMATICA MATE-INFO": {"medie": 8.9495867768595, "reusita": 97.54098360655738, "cnt": 122}, "INFORMATICA MI C/C++": {"medie": 7.366666666666667, "reusita": 83.33333333333334, "cnt": 6}, "GEOGRAFIE": {"medie": 8.928301886792454, "reusita": 100.0, "cnt": 53}, "ANATOMIE SI FIZIOLOGIE UMANA, GENETICA SI ECOLOGIE UMANA": {"medie": 9.158333333333333, "reusita": 100.0, "cnt": 12}, "ISTORIE": {"medie": 7.446323529411764, "reusita": 98.52941176470588, "cnt": 68}, "FIZICA TEO": {"medie": 8.435507246376812, "reusita": 97.14285714285714, "cnt": 70}, "MATEMATICA ST-NAT": {"medie": 8.903125, "reusita": 93.93939393939394, "cnt": 33}, "LOGICA, ARGUMENTARE SI COMUNICARE": {"medie": 8.425, "reusita": 100.0, "cnt": 2}, "SOCIOLOGIE": {"medie": 9.175, "reusita": 100.0, "cnt": 2}, "PSIHOLOGIE": {"medie": 8.516666666666666, "reusita": 100.0, "cnt": 3}, "ECONOMIE": {"medie": 7.343749999999999, "reusita": 87.5, "cnt": 8}, "CHIMIE ORGANICA TEO NIVEL I/II": {"medie": 8.718749999999998, "reusita": 100.0, "cnt": 32}}, "nume": "COLEGIUL NATIONAL \"VLAICU VODA\" CURTEA DE ARGES\tArge\u0219"}