{"specializari": {"TEOLOGIE REFORMATA": 28, "STIINTE ALE NATURII": 15, "MATEMATICA-INFORMATICA": 17}, "limba_moderna": {"LIMBA ENGLEZA": 60}, "limba_materna": {"LIMBA MAGHIARA": 60}, "promotie_anterioara": {"NU": 58, "DA": 2}, "materii": {"LIMBA ROMANA": {"medie": 6.799999999999999, "reusita": 96.66666666666667, "cnt": 60}, "GENERAL": {"medie": 7.795624999999999, "reusita": 91.66666666666666, "cnt": 60}, "MATEMATICA MATE-INFO": {"medie": 7.594117647058823, "reusita": 100.0, "cnt": 17}, "INFORMATICA MI PASCAL": {"medie": 8.308333333333332, "reusita": 100.0, "cnt": 6}, "GEOGRAFIE": {"medie": 8.313461538461537, "reusita": 100.0, "cnt": 26}, "ANATOMIE SI FIZIOLOGIE UMANA, GENETICA SI ECOLOGIE UMANA": {"medie": 8.1125, "reusita": 95.0, "cnt": 20}, "ISTORIE": {"medie": 6.976785714285714, "reusita": 96.42857142857143, "cnt": 28}, "MATEMATICA ST-NAT": {"medie": 9.303333333333335, "reusita": 100.0, "cnt": 15}, "PSIHOLOGIE": {"medie": 7.475, "reusita": 100.0, "cnt": 2}, "LIMBA MAGHIARA (REAL)": {"medie": 8.461666666666666, "reusita": 100.0, "cnt": 60}, "CHIMIE ORGANICA TEO NIVEL I/II": {"medie": 8.008333333333333, "reusita": 100.0, "cnt": 6}}, "nume": "COLEGIUL REFORMAT \"BACZKAMADARASI KIS GERGELY\" ODORHEIU SECUIESC\tHarghita"}