{"specializari": {"TEHNICIAN IN ACTIVITATI ECONOMICE": 91, "TEHNICIAN IN TURISM": 25, "TEHNICIAN IN ACTIVITATI DE COMERT": 30, "TEHNICIAN IN ADMINISTRATIE": 26, "TEHNICIAN IN GASTRONOMIE": 43}, "limba_moderna": {"LIMBA ENGLEZA": 214, "LIMBA FRANCEZA": 1}, "limba_materna": {"LIMBA ROMANA": 215}, "promotie_anterioara": {"NU": 211, "DA": 4}, "materii": {"LIMBA ROMANA": {"medie": 7.965420560747661, "reusita": 98.6046511627907, "cnt": 215}, "MATEMATICA TEHN": {"medie": 8.230046948356804, "reusita": 98.6046511627907, "cnt": 215}, "GENERAL": {"medie": 8.261949685534592, "reusita": 96.74418604651163, "cnt": 215}, "GEOGRAFIE": {"medie": 8.642602040816326, "reusita": 98.98989898989899, "cnt": 198}, "LOGICA, ARGUMENTARE SI COMUNICARE": {"medie": 8.442857142857143, "reusita": 100.0, "cnt": 7}, "ECONOMIE": {"medie": 7.26, "reusita": 100.0, "cnt": 10}}, "nume": "COLEGIUL ECONOMIC \"GEORGE BARITIU\" SIBIU\tSibiu"}