{"specializari": {"MATEMATICA-INFORMATICA": 167, "STIINTE ALE NATURII": 36, "FILOLOGIE": 34}, "limba_moderna": {"LIMBA ENGLEZA": 229, "LIMBA GERMANA MODERNA": 3, "LIMBA FRANCEZA": 5}, "limba_materna": {"LIMBA ROMANA": 237}, "promotie_anterioara": {"NU": 237}, "materii": {"LIMBA ROMANA": {"medie": 9.068143459915616, "reusita": 100.0, "cnt": 237}, "BIOLOGIE VEGETALA SI ANIMALA": {"medie": 9.194444444444443, "reusita": 100.0, "cnt": 9}, "GENERAL": {"medie": 9.351336146272853, "reusita": 100.0, "cnt": 237}, "MATEMATICA MATE-INFO": {"medie": 9.591616766467066, "reusita": 100.0, "cnt": 167}, "INFORMATICA MI C/C++": {"medie": 9.313793103448276, "reusita": 100.0, "cnt": 29}, "GEOGRAFIE": {"medie": 9.770000000000001, "reusita": 100.0, "cnt": 5}, "ANATOMIE SI FIZIOLOGIE UMANA, GENETICA SI ECOLOGIE UMANA": {"medie": 9.312500000000002, "reusita": 100.0, "cnt": 12}, "ISTORIE": {"medie": 9.245588235294116, "reusita": 100.0, "cnt": 34}, "FIZICA TEO": {"medie": 9.454761904761906, "reusita": 100.0, "cnt": 84}, "MATEMATICA ST-NAT": {"medie": 9.416666666666666, "reusita": 100.0, "cnt": 36}, "LOGICA, ARGUMENTARE SI COMUNICARE": {"medie": 9.645, "reusita": 100.0, "cnt": 10}, "SOCIOLOGIE": {"medie": 8.66, "reusita": 100.0, "cnt": 5}, "PSIHOLOGIE": {"medie": 9.44375, "reusita": 100.0, "cnt": 8}, "ECONOMIE": {"medie": 8.950000000000001, "reusita": 100.0, "cnt": 6}, "CHIMIE ORGANICA TEO NIVEL I/II": {"medie": 9.671875, "reusita": 100.0, "cnt": 64}, "CHIMIE ANORGANICA TEO NIVEL I/II": {"medie": 9.77, "reusita": 100.0, "cnt": 5}}, "nume": "COLEGIUL NATIONAL \"SFANTUL SAVA\"\tBucure\u0219ti"}