{"specializari": {"TEHNICIAN IN INSTALATII ELECTRICE": 21, "TEHNICIAN ECOLOG SI PROTECTIA CALITATII MEDIULUI": 58, "TEHNICIAN MECANIC PENTRU INTRETINERE SI REPARATII": 4, "TEHNICIAN ELECTROMECANIC": 10, "TEHNICIAN DESENATOR PENTRU CONSTRUCTII SI INSTALATII": 3, "TEHNICIAN IN ACTIVITATI ECONOMICE": 32, "TEHNICIAN IN INDUSTRIA MATERIALELOR DE CONSTRUCTII": 6, "TEHNICIAN OPERATOR TEHNICA DE CALCUL": 29, "TEHNICIAN IN CONSTRUCTII SI LUCRARI PUBLICE": 1, "TEHNICIAN ELECTROTEHNIST": 1}, "limba_moderna": {"LIMBA ENGLEZA": 159, "LIMBA FRANCEZA": 6}, "limba_materna": {"LIMBA ROMANA": 165}, "promotie_anterioara": {"NU": 149, "DA": 16}, "materii": {"LIMBA ROMANA": {"medie": 6.60864197530864, "reusita": 89.6969696969697, "cnt": 165}, "MATEMATICA TEHN": {"medie": 6.928260869565219, "reusita": 83.63636363636363, "cnt": 165}, "BIOLOGIE VEGETALA SI ANIMALA": {"medie": 5.006338028169016, "reusita": 56.75675675675676, "cnt": 74}, "GENERAL": {"medie": 6.747619047619044, "reusita": 66.66666666666666, "cnt": 165}, "GEOGRAFIE": {"medie": 9.202380952380953, "reusita": 100.0, "cnt": 21}, "FIZICA TEH": {"medie": 9.299999999999999, "reusita": 75.0, "cnt": 4}, "ANATOMIE SI FIZIOLOGIE UMANA, GENETICA SI ECOLOGIE UMANA": {"medie": 7.99903846153846, "reusita": 96.15384615384616, "cnt": 52}, "LOGICA, ARGUMENTARE SI COMUNICARE": {"medie": 4.827777777777778, "reusita": 55.55555555555556, "cnt": 9}, "ECONOMIE": {"medie": 7.375, "reusita": 100.0, "cnt": 2}, "CHIMIE ORGANICA TEH NIVEL I/II": {"medie": 7.8999999999999995, "reusita": 100.0, "cnt": 3}}, "nume": "COLEGIUL TEHNIC \"PETRU PONI\", MUNICIPIUL ROMAN\tNeam\u021b"}