{"specializari": {"FILOLOGIE": 34, "MATEMATICA-INFORMATICA": 136}, "limba_moderna": {"LIMBA ENGLEZA": 158, "LIMBA GERMANA MODERNA": 2, "LIMBA FRANCEZA": 10}, "limba_materna": {"LIMBA ROMANA": 170}, "promotie_anterioara": {"NU": 165, "DA": 5}, "materii": {"LIMBA ROMANA": {"medie": 8.130294117647063, "reusita": 100.0, "cnt": 170}, "BIOLOGIE VEGETALA SI ANIMALA": {"medie": 8.491666666666665, "reusita": 100.0, "cnt": 6}, "GENERAL": {"medie": 8.130670611439841, "reusita": 93.52941176470588, "cnt": 170}, "MATEMATICA MATE-INFO": {"medie": 8.184814814814816, "reusita": 97.05882352941177, "cnt": 136}, "INFORMATICA MI C/C++": {"medie": 8.226785714285716, "reusita": 100.0, "cnt": 28}, "GEOGRAFIE": {"medie": 8.98125, "reusita": 100.0, "cnt": 16}, "ANATOMIE SI FIZIOLOGIE UMANA, GENETICA SI ECOLOGIE UMANA": {"medie": 8.337500000000002, "reusita": 96.22641509433963, "cnt": 53}, "ISTORIE": {"medie": 8.325000000000001, "reusita": 100.0, "cnt": 34}, "FIZICA TEO": {"medie": 7.051249999999999, "reusita": 92.5, "cnt": 40}, "LOGICA, ARGUMENTARE SI COMUNICARE": {"medie": 9.087499999999999, "reusita": 100.0, "cnt": 4}, "SOCIOLOGIE": {"medie": 8.492857142857144, "reusita": 100.0, "cnt": 7}, "ECONOMIE": {"medie": 8.028571428571428, "reusita": 100.0, "cnt": 7}, "CHIMIE ORGANICA TEO NIVEL I/II": {"medie": 6.933333333333333, "reusita": 100.0, "cnt": 3}, "CHIMIE ANORGANICA TEO NIVEL I/II": {"medie": 7.358333333333334, "reusita": 100.0, "cnt": 6}}, "nume": "COLEGIUL NATIONAL \"MIHAI EMINESCU\"\tBucure\u0219ti"}