{"specializari": {"MATEMATICA-INFORMATICA": 17, "TEHNICIAN IN TURISM": 25, "TEHNICIAN IN ACTIVITATI ECONOMICE": 67, "TEHNICIAN IN ADMINISTRATIE": 29}, "limba_moderna": {"LIMBA ENGLEZA": 124, "LIMBA FRANCEZA": 5, "LIMBA ITALIANA": 7, "LIMBA SPANIOLA": 2}, "limba_materna": {"LIMBA ROMANA": 138}, "promotie_anterioara": {"NU": 129, "DA": 9}, "materii": {"LIMBA ROMANA": {"medie": 6.747761194029847, "reusita": 92.02898550724638, "cnt": 138}, "MATEMATICA TEHN": {"medie": 7.344957983193277, "reusita": 95.86776859504133, "cnt": 121}, "GENERAL": {"medie": 7.431467661691544, "reusita": 85.5072463768116, "cnt": 138}, "MATEMATICA MATE-INFO": {"medie": 7.640625, "reusita": 88.23529411764706, "cnt": 17}, "INFORMATICA MI C/C++": {"medie": 8.1125, "reusita": 88.88888888888889, "cnt": 9}, "GEOGRAFIE": {"medie": 8.226020408163267, "reusita": 97.0, "cnt": 100}, "ANATOMIE SI FIZIOLOGIE UMANA, GENETICA SI ECOLOGIE UMANA": {"medie": 7.378571428571428, "reusita": 100.0, "cnt": 7}, "LOGICA, ARGUMENTARE SI COMUNICARE": {"medie": 8.219444444444443, "reusita": 89.47368421052632, "cnt": 19}, "ECONOMIE": {"medie": 6.25, "reusita": 100.0, "cnt": 2}, "CHIMIE ANORGANICA TEO NIVEL I/II": {"medie": 8.8, "reusita": 100.0, "cnt": 1}}, "nume": "COLEGIUL ECONOMIC \"ANGHEL RUGINA\", MUN. VASLUI\tVaslui"}