{"specializari": {"MATEMATICA-INFORMATICA": 16, "TEHNICIAN OPERATOR TEHNICA DE CALCUL": 26, "TEHNICIAN ECOLOG SI PROTECTIA CALITATII MEDIULUI": 48, "TEHNICIAN IN ACTIVITATI ECONOMICE": 48, "TEHNICIAN PROIECTANT CAD": 12, "TEHNICIAN DESENATOR PENTRU CONSTRUCTII SI INSTALATII": 7, "TEHNICIAN INSTALATOR PENTRU CONSTRUCTII": 2, "TEHNICIAN IN CONSTRUCTII SI LUCRARI PUBLICE": 1}, "limba_moderna": {"LIMBA ENGLEZA": 159, "LIMBA FRANCEZA": 1}, "limba_materna": {"LIMBA ROMANA": 160}, "promotie_anterioara": {"NU": 142, "DA": 18}, "materii": {"LIMBA ROMANA": {"medie": 6.562578616352199, "reusita": 90.0, "cnt": 160}, "MATEMATICA TEHN": {"medie": 6.834507042253521, "reusita": 86.11111111111111, "cnt": 144}, "BIOLOGIE VEGETALA SI ANIMALA": {"medie": 6.333333333333333, "reusita": 83.33333333333334, "cnt": 12}, "GENERAL": {"medie": 6.705698924731183, "reusita": 65.625, "cnt": 160}, "MATEMATICA MATE-INFO": {"medie": 6.178125, "reusita": 87.5, "cnt": 16}, "INFORMATICA MI C/C++": {"medie": 6.071428571428571, "reusita": 71.42857142857143, "cnt": 7}, "GEOGRAFIE": {"medie": 7.889772727272725, "reusita": 97.77777777777777, "cnt": 45}, "FIZICA TEH": {"medie": 6.030555555555554, "reusita": 77.77777777777779, "cnt": 18}, "ANATOMIE SI FIZIOLOGIE UMANA, GENETICA SI ECOLOGIE UMANA": {"medie": 6.928260869565217, "reusita": 87.5, "cnt": 24}, "CHIMIE ANORGANICA TEH NIVEL I/II": {"medie": 5.738636363636363, "reusita": 60.86956521739131, "cnt": 23}, "FIZICA TEO": {"medie": 9.2, "reusita": 100.0, "cnt": 1}, "LOGICA, ARGUMENTARE SI COMUNICARE": {"medie": 8.466666666666667, "reusita": 100.0, "cnt": 3}, "CHIMIE ORGANICA TEO NIVEL I/II": {"medie": 7.1, "reusita": 100.0, "cnt": 2}, "CHIMIE ANORGANICA TEO NIVEL I/II": {"medie": 5.4, "reusita": 100.0, "cnt": 1}, "CHIMIE ORGANICA TEH NIVEL I/II": {"medie": 5.554545454545454, "reusita": 66.66666666666666, "cnt": 24}}, "nume": "COLEGIUL TEHNIC \"GHEORGHE ASACHI\" ONESTI\tBac\u0103u"}