{"specializari": {"TEHNICIAN IN ACTIVITATI ECONOMICE": 131, "TEHNICIAN IN GASTRONOMIE": 22, "TEHNICIAN IN HOTELARIE": 27, "TEHNICIAN IN ADMINISTRATIE": 30, "TEHNICIAN IN ACTIVITATI DE COMERT": 24, "TEHNICIAN IN TURISM": 28, "TEHNICIAN IN ACHIZITII SI CONTRACTARI": 3}, "limba_moderna": {"LIMBA ENGLEZA": 206, "LIMBA FRANCEZA": 59}, "limba_materna": {"LIMBA ROMANA": 265}, "promotie_anterioara": {"NU": 255, "DA": 10}, "materii": {"LIMBA ROMANA": {"medie": 7.448295454545454, "reusita": 98.49056603773585, "cnt": 265}, "MATEMATICA TEHN": {"medie": 7.87594696969697, "reusita": 97.35849056603773, "cnt": 265}, "GENERAL": {"medie": 7.782888040712469, "reusita": 92.0754716981132, "cnt": 265}, "GEOGRAFIE": {"medie": 8.192307692307692, "reusita": 98.46153846153847, "cnt": 65}, "LOGICA, ARGUMENTARE SI COMUNICARE": {"medie": 7.963350785340313, "reusita": 94.3298969072165, "cnt": 194}, "ECONOMIE": {"medie": 7.1499999999999995, "reusita": 100.0, "cnt": 6}}, "nume": "COLEGIUL ECONOMIC \"NICOLAE TITULESCU\" BAIA MARE\tMaramure\u0219"}