{"specializari": {"ORGANIZATOR BANQUETING": 15, "TEHNICIAN IN GASTRONOMIE": 33, "TEHNICIAN DESIGNER VESTIMENTAR": 6, "TEHNICIAN IN HOTELARIE": 7, "TEHNICIAN IN TURISM": 6, "TEHNICIAN IN INDUSTRIA TEXTILA": 5}, "limba_moderna": {"LIMBA ENGLEZA": 64, "LIMBA FRANCEZA": 8}, "limba_materna": {"LIMBA ROMANA": 72}, "promotie_anterioara": {"NU": 49, "DA": 23}, "materii": {"LIMBA ROMANA": {"medie": 5.4589552238805945, "reusita": 70.83333333333334, "cnt": 72}, "MATEMATICA TEHN": {"medie": 4.486923076923078, "reusita": 48.61111111111111, "cnt": 72}, "BIOLOGIE VEGETALA SI ANIMALA": {"medie": 3.2625, "reusita": 0.0, "cnt": 5}, "GENERAL": {"medie": 5.242349726775956, "reusita": 30.555555555555557, "cnt": 72}, "GEOGRAFIE": {"medie": 5.73421052631579, "reusita": 61.016949152542374, "cnt": 59}, "FIZICA TEH": {"medie": 4.39, "reusita": 50.0, "cnt": 6}, "PSIHOLOGIE": {"medie": "-", "reusita": 0.0, "cnt": 1}, "ECONOMIE": {"medie": 5.05, "reusita": 100.0, "cnt": 1}}, "nume": "COLEGIUL TEHNIC \"GHEORGHE ASACHI\" FOCSANI\tVrancea"}