{"specializari": {"INVATATOR - EDUCATOARE": 30, "FILOLOGIE": 31, "STIINTE SOCIALE": 38, "MATEMATICA-INFORMATICA": 26}, "limba_moderna": {"LIMBA ENGLEZA": 121, "LIMBA GERMANA MODERNA": 2, "LIMBA FRANCEZA": 2}, "limba_materna": {"LIMBA ROMANA": 125}, "promotie_anterioara": {"NU": 123, "DA": 2}, "materii": {"LIMBA ROMANA": {"medie": 7.682, "reusita": 100.0, "cnt": 125}, "BIOLOGIE VEGETALA SI ANIMALA": {"medie": 6.875, "reusita": 100.0, "cnt": 6}, "GENERAL": {"medie": 8.300672043010753, "reusita": 97.6, "cnt": 125}, "MATEMATICA MATE-INFO": {"medie": 8.228846153846153, "reusita": 100.0, "cnt": 26}, "INFORMATICA MI C/C++": {"medie": 8.706666666666669, "reusita": 100.0, "cnt": 15}, "MATEMATICA PED": {"medie": 8.916666666666668, "reusita": 100.0, "cnt": 30}, "GEOGRAFIE": {"medie": 8.85, "reusita": 97.05882352941177, "cnt": 34}, "ANATOMIE SI FIZIOLOGIE UMANA, GENETICA SI ECOLOGIE UMANA": {"medie": 8.475, "reusita": 100.0, "cnt": 4}, "ISTORIE": {"medie": 8.385507246376818, "reusita": 100.0, "cnt": 69}, "FIZICA TEO": {"medie": 9.7, "reusita": 100.0, "cnt": 1}, "LOGICA, ARGUMENTARE SI COMUNICARE": {"medie": 9.058695652173915, "reusita": 100.0, "cnt": 46}, "SOCIOLOGIE": {"medie": 8.10357142857143, "reusita": 100.0, "cnt": 14}, "PSIHOLOGIE": {"medie": 8.625, "reusita": 100.0, "cnt": 4}, "FILOSOFIE": {"medie": 7.0, "reusita": 100.0, "cnt": 1}}, "nume": "COLEGIUL NATIONAL \"PREPARANDIA-DIMITRIE TICHINDEAL\" ARAD\tArad"}