{"specializari": {"MATEMATICA-INFORMATICA": 75, "STIINTE ALE NATURII": 109, "FILOLOGIE": 54}, "limba_moderna": {"LIMBA ENGLEZA": 211, "LIMBA FRANCEZA": 27}, "limba_materna": {"LIMBA ROMANA": 219, "LIMBA GERMANA": 19}, "promotie_anterioara": {"NU": 235, "DA": 3}, "materii": {"LIMBA ROMANA": {"medie": 8.272268907563019, "reusita": 100.0, "cnt": 238}, "BIOLOGIE VEGETALA SI ANIMALA": {"medie": 7.553846153846154, "reusita": 80.0, "cnt": 15}, "GENERAL": {"medie": 8.655031779661018, "reusita": 97.05882352941177, "cnt": 238}, "MATEMATICA MATE-INFO": {"medie": 8.932666666666668, "reusita": 100.0, "cnt": 75}, "INFORMATICA MI C/C++": {"medie": 8.74848484848485, "reusita": 100.0, "cnt": 33}, "GEOGRAFIE": {"medie": 9.01734693877551, "reusita": 100.0, "cnt": 49}, "ANATOMIE SI FIZIOLOGIE UMANA, GENETICA SI ECOLOGIE UMANA": {"medie": 9.016860465116274, "reusita": 100.0, "cnt": 86}, "ISTORIE": {"medie": 8.23611111111111, "reusita": 100.0, "cnt": 54}, "FIZICA TEO": {"medie": 9.217647058823529, "reusita": 100.0, "cnt": 17}, "MATEMATICA ST-NAT": {"medie": 9.005504587155965, "reusita": 100.0, "cnt": 109}, "SOCIOLOGIE": {"medie": 10.0, "reusita": 100.0, "cnt": 1}, "PSIHOLOGIE": {"medie": 9.0, "reusita": 100.0, "cnt": 1}, "ECONOMIE": {"medie": 8.7, "reusita": 100.0, "cnt": 2}, "CHIMIE ORGANICA TEO NIVEL I/II": {"medie": 9.57, "reusita": 100.0, "cnt": 20}, "CHIMIE ANORGANICA TEO NIVEL I/II": {"medie": 7.330000000000001, "reusita": 90.0, "cnt": 10}, "FILOSOFIE": {"medie": 9.4, "reusita": 100.0, "cnt": 1}, "LIMBA GERMANA": {"medie": 7.7815789473684225, "reusita": 100.0, "cnt": 19}, "INFORMATICA SN C/C++": {"medie": 9.133333333333333, "reusita": 100.0, "cnt": 3}}, "nume": "COLEGIUL NATIONAL \"DECEBAL\" DEVA\tHunedoara"}