{"specializari": {"STIINTE ALE NATURII": 70}, "limba_moderna": {"LIMBA ENGLEZA": 55, "LIMBA FRANCEZA": 14, "LIMBA GERMANA MODERNA": 1}, "limba_materna": {"LIMBA ROMANA": 70}, "promotie_anterioara": {"NU": 69, "DA": 1}, "materii": {"LIMBA ROMANA": {"medie": 7.151428571428573, "reusita": 98.57142857142858, "cnt": 70}, "BIOLOGIE VEGETALA SI ANIMALA": {"medie": 8.6, "reusita": 100.0, "cnt": 1}, "GENERAL": {"medie": 8.116190476190477, "reusita": 94.28571428571428, "cnt": 70}, "ANATOMIE SI FIZIOLOGIE UMANA, GENETICA SI ECOLOGIE UMANA": {"medie": 8.590425531914898, "reusita": 100.0, "cnt": 47}, "FIZICA TEO": {"medie": 6.964285714285714, "reusita": 85.71428571428571, "cnt": 7}, "MATEMATICA ST-NAT": {"medie": 8.964285714285717, "reusita": 100.0, "cnt": 70}, "CHIMIE ORGANICA TEO NIVEL I/II": {"medie": 7.679999999999999, "reusita": 93.33333333333333, "cnt": 15}}, "nume": "COLEGIUL NATIONAL \"ANA ASLAN\"\tBr\u0103ila"}