{"specializari": {"INVATATOR - EDUCATOARE": 109, "TEOLOGIE ROMANO-CATOLICA": 27}, "limba_moderna": {"LIMBA FRANCEZA": 37, "LIMBA ENGLEZA": 99}, "limba_materna": {"LIMBA ROMANA": 136}, "promotie_anterioara": {"NU": 134, "DA": 2}, "materii": {"LIMBA ROMANA": {"medie": 7.9224264705882375, "reusita": 100.0, "cnt": 136}, "GENERAL": {"medie": 8.10612745098039, "reusita": 94.85294117647058, "cnt": 136}, "MATEMATICA PED": {"medie": 8.12201834862385, "reusita": 95.41284403669725, "cnt": 109}, "GEOGRAFIE": {"medie": 8.053191489361703, "reusita": 98.93617021276596, "cnt": 94}, "ISTORIE": {"medie": 7.359259259259259, "reusita": 100.0, "cnt": 27}, "LOGICA, ARGUMENTARE SI COMUNICARE": {"medie": 9.258333333333335, "reusita": 100.0, "cnt": 42}}, "nume": "COLEGIUL PEDAGOGIC \"VASILE LUPU\", IASI\tIa\u0219i"}