{"specializari": {"STIINTE SOCIALE": 39, "FILOLOGIE": 39, "STIINTE ALE NATURII": 62, "TEHNICIAN IN CONSTRUCTII SI LUCRARI PUBLICE": 1, "MATEMATICA-INFORMATICA": 43}, "limba_moderna": {"LIMBA ENGLEZA": 182, "LIMBA FRANCEZA": 2}, "limba_materna": {"LIMBA ROMANA": 184}, "promotie_anterioara": {"NU": 170, "DA": 14}, "materii": {"LIMBA ROMANA": {"medie": 7.6415760869565155, "reusita": 96.73913043478261, "cnt": 184}, "MATEMATICA TEHN": {"medie": 5.8, "reusita": 100.0, "cnt": 1}, "BIOLOGIE VEGETALA SI ANIMALA": {"medie": 8.226470588235294, "reusita": 100.0, "cnt": 17}, "GENERAL": {"medie": 7.942817679558008, "reusita": 88.58695652173914, "cnt": 184}, "MATEMATICA MATE-INFO": {"medie": 7.86547619047619, "reusita": 93.02325581395348, "cnt": 43}, "INFORMATICA MI C/C++": {"medie": 8.397222222222222, "reusita": 94.44444444444444, "cnt": 18}, "GEOGRAFIE": {"medie": 8.101282051282052, "reusita": 92.3076923076923, "cnt": 39}, "ANATOMIE SI FIZIOLOGIE UMANA, GENETICA SI ECOLOGIE UMANA": {"medie": 8.18157894736842, "reusita": 94.73684210526315, "cnt": 19}, "ISTORIE": {"medie": 7.749999999999998, "reusita": 92.3076923076923, "cnt": 78}, "FIZICA TEO": {"medie": 10.0, "reusita": 100.0, "cnt": 1}, "MATEMATICA ST-NAT": {"medie": 8.242741935483869, "reusita": 95.16129032258065, "cnt": 62}, "LOGICA, ARGUMENTARE SI COMUNICARE": {"medie": 9.25, "reusita": 100.0, "cnt": 1}, "SOCIOLOGIE": {"medie": 8.453030303030303, "reusita": 94.11764705882352, "cnt": 34}, "PSIHOLOGIE": {"medie": 8.316666666666665, "reusita": 100.0, "cnt": 3}, "CHIMIE ORGANICA TEO NIVEL I/II": {"medie": 8.160526315789472, "reusita": 100.0, "cnt": 38}, "CHIMIE ANORGANICA TEO NIVEL I/II": {"medie": 7.068749999999999, "reusita": 87.5, "cnt": 8}, "FILOSOFIE": {"medie": 10.0, "reusita": 100.0, "cnt": 1}, "INFORMATICA SN C/C++": {"medie": 7.65, "reusita": 80.0, "cnt": 5}}, "nume": "COLEGIUL NATIONAL \"IANCU DE HUNEDOARA\" HUNEDOARA\tHunedoara"}