{"specializari": {"TEHNICIAN CHIMIST DE LABORATOR": 14, "TEHNICIAN ECOLOG SI PROTECTIA CALITATII MEDIULUI": 10, "COAFOR STILIST": 12, "TEHNICIAN IN CHIMIE INDUSTRIALA": 7}, "limba_moderna": {"LIMBA ENGLEZA": 34, "LIMBA FRANCEZA": 9}, "limba_materna": {"LIMBA ROMANA": 43}, "promotie_anterioara": {"NU": 30, "DA": 13}, "materii": {"LIMBA ROMANA": {"medie": 5.847560975609755, "reusita": 81.3953488372093, "cnt": 43}, "MATEMATICA TEHN": {"medie": 5.885365853658537, "reusita": 74.4186046511628, "cnt": 43}, "BIOLOGIE VEGETALA SI ANIMALA": {"medie": 4.8343750000000005, "reusita": 47.05882352941176, "cnt": 17}, "GENERAL": {"medie": 5.859583333333334, "reusita": 41.86046511627907, "cnt": 43}, "GEOGRAFIE": {"medie": 6.659999999999999, "reusita": 81.81818181818183, "cnt": 11}, "ANATOMIE SI FIZIOLOGIE UMANA, GENETICA SI ECOLOGIE UMANA": {"medie": 6.75, "reusita": 100.0, "cnt": 2}, "CHIMIE ANORGANICA TEH NIVEL I/II": {"medie": 6.270833333333333, "reusita": 83.33333333333334, "cnt": 12}, "PSIHOLOGIE": {"medie": "-", "reusita": 0.0, "cnt": 1}}, "nume": "COLEGIUL TEHNIC \"ANA ASLAN\" CLUJ-NAPOCA\tCluj"}