{"specializari": {"STIINTE ALE NATURII": 92, "MATEMATICA-INFORMATICA": 44, "STIINTE SOCIALE": 37}, "limba_moderna": {"LIMBA ENGLEZA": 163, "LIMBA FRANCEZA": 8, "LIMBA GERMANA MODERNA": 2}, "limba_materna": {"LIMBA ROMANA": 128, "LIMBA MAGHIARA": 45}, "promotie_anterioara": {"NU": 172, "DA": 1}, "materii": {"LIMBA ROMANA": {"medie": 8.267919075144508, "reusita": 98.84393063583815, "cnt": 173}, "BIOLOGIE VEGETALA SI ANIMALA": {"medie": 7.816666666666667, "reusita": 100.0, "cnt": 3}, "GENERAL": {"medie": 8.704142581888243, "reusita": 97.10982658959537, "cnt": 173}, "MATEMATICA MATE-INFO": {"medie": 8.338636363636363, "reusita": 95.45454545454545, "cnt": 44}, "INFORMATICA MI C/C++": {"medie": 9.250000000000002, "reusita": 100.0, "cnt": 27}, "GEOGRAFIE": {"medie": 9.255263157894737, "reusita": 100.0, "cnt": 19}, "ANATOMIE SI FIZIOLOGIE UMANA, GENETICA SI ECOLOGIE UMANA": {"medie": 8.626785714285718, "reusita": 98.80952380952381, "cnt": 84}, "ISTORIE": {"medie": 9.186486486486487, "reusita": 97.2972972972973, "cnt": 37}, "FIZICA TEO": {"medie": 7.7875, "reusita": 100.0, "cnt": 4}, "MATEMATICA ST-NAT": {"medie": 9.303260869565218, "reusita": 100.0, "cnt": 92}, "LOGICA, ARGUMENTARE SI COMUNICARE": {"medie": 8.855, "reusita": 100.0, "cnt": 10}, "SOCIOLOGIE": {"medie": 10.0, "reusita": 100.0, "cnt": 2}, "PSIHOLOGIE": {"medie": 9.799999999999999, "reusita": 100.0, "cnt": 3}, "ECONOMIE": {"medie": 9.25, "reusita": 100.0, "cnt": 2}, "LIMBA MAGHIARA (REAL)": {"medie": 7.698888888888887, "reusita": 100.0, "cnt": 45}, "CHIMIE ORGANICA TEO NIVEL I/II": {"medie": 8.742857142857142, "reusita": 100.0, "cnt": 14}, "CHIMIE ANORGANICA TEO NIVEL I/II": {"medie": 5.475, "reusita": 100.0, "cnt": 4}, "FILOSOFIE": {"medie": 9.65, "reusita": 100.0, "cnt": 1}}, "nume": "COLEGIUL NATIONAL \"UNIREA\" TIRGU MURES\tMure\u0219"}