{"specializari": {"MATEMATICA-INFORMATICA": 94, "STIINTE ALE NATURII": 104, "STIINTE SOCIALE": 68, "FILOLOGIE": 31}, "limba_moderna": {"LIMBA ENGLEZA": 276, "LIMBA FRANCEZA": 20, "LIMBA GERMANA MODERNA": 1}, "limba_materna": {"LIMBA ROMANA": 297}, "promotie_anterioara": {"NU": 297}, "materii": {"LIMBA ROMANA": {"medie": 8.889057239057236, "reusita": 100.0, "cnt": 297}, "BIOLOGIE VEGETALA SI ANIMALA": {"medie": 8.600000000000001, "reusita": 100.0, "cnt": 4}, "GENERAL": {"medie": 9.267620650953981, "reusita": 100.0, "cnt": 297}, "MATEMATICA MATE-INFO": {"medie": 9.63244680851064, "reusita": 100.0, "cnt": 94}, "INFORMATICA MI C/C++": {"medie": 9.283333333333333, "reusita": 100.0, "cnt": 30}, "INFORMATICA MI PASCAL": {"medie": 8.35, "reusita": 100.0, "cnt": 3}, "GEOGRAFIE": {"medie": 9.6, "reusita": 100.0, "cnt": 13}, "ANATOMIE SI FIZIOLOGIE UMANA, GENETICA SI ECOLOGIE UMANA": {"medie": 9.22258064516129, "reusita": 100.0, "cnt": 31}, "ISTORIE": {"medie": 9.346464646464648, "reusita": 100.0, "cnt": 99}, "FIZICA TEO": {"medie": 9.322916666666666, "reusita": 100.0, "cnt": 48}, "MATEMATICA ST-NAT": {"medie": 9.662980769230767, "reusita": 100.0, "cnt": 104}, "LOGICA, ARGUMENTARE SI COMUNICARE": {"medie": 9.551250000000003, "reusita": 100.0, "cnt": 40}, "SOCIOLOGIE": {"medie": 9.819999999999999, "reusita": 100.0, "cnt": 5}, "PSIHOLOGIE": {"medie": 9.513333333333334, "reusita": 100.0, "cnt": 15}, "ECONOMIE": {"medie": 8.822000000000001, "reusita": 100.0, "cnt": 25}, "CHIMIE ORGANICA TEO NIVEL I/II": {"medie": 9.569594594594594, "reusita": 100.0, "cnt": 74}, "CHIMIE ANORGANICA TEO NIVEL I/II": {"medie": 8.7, "reusita": 100.0, "cnt": 1}, "FILOSOFIE": {"medie": 9.3, "reusita": 100.0, "cnt": 1}, "INFORMATICA SN C/C++": {"medie": 9.285714285714286, "reusita": 100.0, "cnt": 7}}, "nume": "COLEGIUL NATIONAL \"GHEORGHE LAZAR\"\tBucure\u0219ti"}