{"specializari": {"MATEMATICA-INFORMATICA": 98, "STIINTE ALE NATURII": 90, "FILOLOGIE": 67}, "limba_moderna": {"LIMBA ENGLEZA": 233, "LIMBA FRANCEZA": 16, "LIMBA GERMANA MODERNA": 4, "LIMBA ITALIANA": 2}, "limba_materna": {"LIMBA ROMANA": 255}, "promotie_anterioara": {"NU": 251, "DA": 4}, "materii": {"LIMBA ROMANA": {"medie": 8.070000000000002, "reusita": 100.0, "cnt": 255}, "BIOLOGIE VEGETALA SI ANIMALA": {"medie": 7.796153846153846, "reusita": 100.0, "cnt": 13}, "GENERAL": {"medie": 8.373006535947713, "reusita": 98.82352941176471, "cnt": 255}, "MATEMATICA MATE-INFO": {"medie": 8.682142857142859, "reusita": 100.0, "cnt": 98}, "INFORMATICA MI C/C++": {"medie": 8.746153846153844, "reusita": 100.0, "cnt": 26}, "GEOGRAFIE": {"medie": 9.091666666666665, "reusita": 100.0, "cnt": 36}, "ANATOMIE SI FIZIOLOGIE UMANA, GENETICA SI ECOLOGIE UMANA": {"medie": 8.58613861386139, "reusita": 100.0, "cnt": 101}, "ISTORIE": {"medie": 7.796268656716417, "reusita": 100.0, "cnt": 67}, "FIZICA TEO": {"medie": 8.249999999999998, "reusita": 100.0, "cnt": 27}, "MATEMATICA ST-NAT": {"medie": 8.641111111111108, "reusita": 97.77777777777777, "cnt": 90}, "LOGICA, ARGUMENTARE SI COMUNICARE": {"medie": 9.8, "reusita": 100.0, "cnt": 2}, "SOCIOLOGIE": {"medie": 8.060714285714285, "reusita": 100.0, "cnt": 14}, "PSIHOLOGIE": {"medie": 8.8875, "reusita": 100.0, "cnt": 4}, "ECONOMIE": {"medie": 9.565, "reusita": 100.0, "cnt": 10}, "CHIMIE ORGANICA TEO NIVEL I/II": {"medie": 8.497619047619047, "reusita": 100.0, "cnt": 21}, "FILOSOFIE": {"medie": 8.5, "reusita": 100.0, "cnt": 1}}, "nume": "COLEGIUL NATIONAL \"TUDOR VLADIMIRESCU\" TG-JIU\tGorj"}