{"specializari": {"INVATATOR - EDUCATOARE": 33, "FILOLOGIE": 33, "TEOLOGIE ORTODOXA": 9, "STIINTE ALE NATURII": 35, "MATEMATICA-INFORMATICA": 33}, "limba_moderna": {"LIMBA ENGLEZA": 141, "LIMBA FRANCEZA": 1, "LIMBA GERMANA MODERNA": 1}, "limba_materna": {"LIMBA ROMANA": 143}, "promotie_anterioara": {"NU": 139, "DA": 4}, "materii": {"LIMBA ROMANA": {"medie": 8.225524475524473, "reusita": 100.0, "cnt": 143}, "BIOLOGIE VEGETALA SI ANIMALA": {"medie": 9.316129032258063, "reusita": 100.0, "cnt": 31}, "GENERAL": {"medie": 8.543939393939398, "reusita": 93.7062937062937, "cnt": 143}, "MATEMATICA MATE-INFO": {"medie": 8.657575757575756, "reusita": 96.96969696969697, "cnt": 33}, "INFORMATICA MI C/C++": {"medie": 9.2, "reusita": 100.0, "cnt": 4}, "MATEMATICA PED": {"medie": 9.08030303030303, "reusita": 96.96969696969697, "cnt": 33}, "GEOGRAFIE": {"medie": 8.73867924528302, "reusita": 96.22641509433963, "cnt": 53}, "ANATOMIE SI FIZIOLOGIE UMANA, GENETICA SI ECOLOGIE UMANA": {"medie": 9.776666666666667, "reusita": 100.0, "cnt": 30}, "ISTORIE": {"medie": 7.60238095238095, "reusita": 97.61904761904762, "cnt": 42}, "FIZICA TEO": {"medie": 9.233333333333333, "reusita": 100.0, "cnt": 3}, "MATEMATICA ST-NAT": {"medie": 8.905714285714286, "reusita": 100.0, "cnt": 35}, "LOGICA, ARGUMENTARE SI COMUNICARE": {"medie": 8.75, "reusita": 100.0, "cnt": 3}, "SOCIOLOGIE": {"medie": 6.7749999999999995, "reusita": 92.85714285714286, "cnt": 14}, "PSIHOLOGIE": {"medie": 9.7, "reusita": 100.0, "cnt": 1}, "ECONOMIE": {"medie": 7.4, "reusita": 100.0, "cnt": 1}, "FILOSOFIE": {"medie": 8.266666666666667, "reusita": 100.0, "cnt": 3}}, "nume": "COLEGIUL NATIONAL PEDAGOGIC \"CARMEN SYLVA\" TIMISOARA\tTimi\u0219"}