{"specializari": {"ARHITECTURA, ARTE AMBIENTALE SI DESIGN": 29, "ARTE PLASTICE SI DECORATIVE": 29, "MUZICA": 31}, "limba_moderna": {"LIMBA ENGLEZA": 87, "LIMBA FRANCEZA": 1, "LIMBA GERMANA MODERNA": 1}, "limba_materna": {"LIMBA ROMANA": 89}, "promotie_anterioara": {"NU": 84, "DA": 5}, "materii": {"LIMBA ROMANA": {"medie": 7.525842696629216, "reusita": 98.87640449438202, "cnt": 89}, "GENERAL": {"medie": 7.729026217228465, "reusita": 91.01123595505618, "cnt": 89}, "GEOGRAFIE": {"medie": 9.075000000000001, "reusita": 100.0, "cnt": 14}, "ISTORIE": {"medie": 7.620786516853933, "reusita": 97.75280898876404, "cnt": 89}, "LOGICA, ARGUMENTARE SI COMUNICARE": {"medie": 8.068518518518522, "reusita": 96.29629629629629, "cnt": 54}, "ECONOMIE": {"medie": 8.8, "reusita": 100.0, "cnt": 2}, "FILOSOFIE": {"medie": 7.118421052631579, "reusita": 94.73684210526315, "cnt": 19}}, "nume": "COLEGIUL DE ARTE BAIA MARE\tMaramure\u0219"}