{"specializari": {"TEHNICIAN OPERATOR TEHNICA DE CALCUL": 24, "TEHNICIAN IN INDUSTRIA TEXTILA": 3, "TEHNICIAN IN ACTIVITATI ECONOMICE": 25, "TEHNICIAN MECANIC PENTRU INTRETINERE SI REPARATII": 4, "TEHNICIAN IN CONSTRUCTII SI LUCRARI PUBLICE": 5, "TEHNICIAN DESIGNER VESTIMENTAR": 2, "TEHNICIAN ELECTROTEHNIST": 1, "LICEU CU PROGRAM SPORTIV": 9, "TEHNICIAN ELECTROMECANIC": 2, "TEHNICIAN DESENATOR PENTRU CONSTRUCTII SI INSTALATII": 1, "TEHNICIAN IN INSTALATII ELECTRICE": 8, "TEHNICIAN PROIECTANT CAD": 3}, "limba_moderna": {"LIMBA ENGLEZA": 84, "LIMBA RUSA": 1, "LIMBA FRANCEZA": 2}, "limba_materna": {"LIMBA ROMANA": 87}, "promotie_anterioara": {"NU": 65, "DA": 22}, "materii": {"LIMBA ROMANA": {"medie": 6.3113095238095225, "reusita": 83.9080459770115, "cnt": 87}, "MATEMATICA TEHN": {"medie": 7.132432432432432, "reusita": 89.74358974358975, "cnt": 78}, "BIOLOGIE VEGETALA SI ANIMALA": {"medie": 5.794999999999999, "reusita": 71.875, "cnt": 32}, "GENERAL": {"medie": 6.610082304526752, "reusita": 57.47126436781609, "cnt": 87}, "GEOGRAFIE": {"medie": 7.940909090909091, "reusita": 95.65217391304348, "cnt": 23}, "FIZICA TEH": {"medie": 6.5424999999999995, "reusita": 76.19047619047619, "cnt": 21}, "ISTORIE": {"medie": 4.5625, "reusita": 44.44444444444444, "cnt": 9}, "LOGICA, ARGUMENTARE SI COMUNICARE": {"medie": 6.318181818181818, "reusita": 63.63636363636363, "cnt": 11}}, "nume": "COLEGIUL TEHNIC \"VICTOR UNGUREANU\" CAMPIA TURZII\tCluj"}