{"specializari": {"MATEMATICA-INFORMATICA": 12, "TEHNICIAN OPERATOR TEHNICA DE CALCUL": 6, "TEHNICIAN MECATRONIST": 13, "TEHNICIAN ELECTRONIST": 4, "TEHNICIAN IN AUTOMATIZARI": 10, "TEHNICIAN OPERATORI ROBOTI INDUSTRIALI": 1}, "limba_moderna": {"LIMBA ENGLEZA": 45, "LIMBA FRANCEZA": 1}, "limba_materna": {"LIMBA ROMANA": 46}, "promotie_anterioara": {"DA": 28, "NU": 18}, "materii": {"LIMBA ROMANA": {"medie": 5.067105263157896, "reusita": 56.52173913043478, "cnt": 46}, "MATEMATICA TEHN": {"medie": 3.5375, "reusita": 23.52941176470588, "cnt": 34}, "BIOLOGIE VEGETALA SI ANIMALA": {"medie": 4.380303030303031, "reusita": 38.095238095238095, "cnt": 42}, "GENERAL": {"medie": 4.29375, "reusita": 4.3478260869565215, "cnt": 46}, "MATEMATICA MATE-INFO": {"medie": 3.4166666666666665, "reusita": 33.33333333333333, "cnt": 12}, "FIZICA TEH": {"medie": 4.1, "reusita": 0.0, "cnt": 2}, "CHIMIE ANORGANICA TEH NIVEL I/II": {"medie": 5.05, "reusita": 50.0, "cnt": 2}}, "nume": "COLEGIUL TEHNIC \"EDMOND NICOLAU\"\tBucure\u0219ti"}