{"specializari": {"TEHNICIAN IN AUTOMATIZARI": 27, "TEHNICIAN ELECTROTEHNIST": 17, "TEHNICIAN ELECTROMECANIC": 19, "TEHNICIAN ELECTRONIST": 20, "TEHNICIAN IN INSTALATII ELECTRICE": 18, "TEHNICIAN ENERGETICIAN": 8, "TEHNICIAN DE TELECOMUNICATII": 3}, "limba_moderna": {"LIMBA ENGLEZA": 105, "LIMBA GERMANA MODERNA": 7}, "limba_materna": {"LIMBA ROMANA": 112}, "promotie_anterioara": {"NU": 85, "DA": 27}, "materii": {"LIMBA ROMANA": {"medie": 6.305963302752293, "reusita": 87.5, "cnt": 112}, "MATEMATICA TEHN": {"medie": 6.312844036697249, "reusita": 83.92857142857143, "cnt": 112}, "BIOLOGIE VEGETALA SI ANIMALA": {"medie": 5.536499999999998, "reusita": 65.38461538461539, "cnt": 104}, "GENERAL": {"medie": 6.100314465408803, "reusita": 50.89285714285714, "cnt": 112}, "FIZICA TEH": {"medie": 6.978571428571428, "reusita": 100.0, "cnt": 7}, "CHIMIE ANORGANICA TEH NIVEL I/II": {"medie": 6.85, "reusita": 100.0, "cnt": 1}}, "nume": "COLEGIUL TEHNIC ENERGETIC SIBIU\tSibiu"}