{"specializari": {"TEHNICIAN PROIECTANT CAD": 13, "STIINTE ALE NATURII": 24, "TEHNICIAN HIDRO-METEOROLOG": 6, "TEHNICIAN ELECTRICIAN/ELECTRONIST AUTO": 21, "TEHNICIAN DESIGNER MOBILA SI AMENAJARI INTERIOARE": 9, "ARHITECTURA, ARTE AMBIENTALE SI DESIGN": 27, "TEHNICIAN DESENATOR PENTRU CONSTRUCTII SI INSTALATII": 15, "TEHNICIAN ECOLOG SI PROTECTIA CALITATII MEDIULUI": 13, "TEHNICIAN OPERATOR TEHNICA DE CALCUL": 2, "TEHNICIAN INSTALATOR PENTRU CONSTRUCTII": 2, "TEHNICIAN TRANSPORTURI": 12, "TEHNICIAN IN CONSTRUCTII SI LUCRARI PUBLICE": 5}, "limba_moderna": {"LIMBA ENGLEZA": 136, "LIMBA FRANCEZA": 7, "LIMBA RUSA": 6}, "limba_materna": {"LIMBA ROMANA": 149}, "promotie_anterioara": {"NU": 108, "DA": 41}, "materii": {"LIMBA ROMANA": {"medie": 6.194137931034484, "reusita": 95.9731543624161, "cnt": 149}, "MATEMATICA TEHN": {"medie": 6.96157894736842, "reusita": 88.77551020408163, "cnt": 98}, "BIOLOGIE VEGETALA SI ANIMALA": {"medie": 5.245588235294117, "reusita": 52.77777777777778, "cnt": 36}, "GENERAL": {"medie": 6.505119047619044, "reusita": 59.06040268456376, "cnt": 149}, "GEOGRAFIE": {"medie": 7.418181818181818, "reusita": 91.30434782608695, "cnt": 23}, "FIZICA TEH": {"medie": 6.483333333333334, "reusita": 81.25, "cnt": 32}, "ANATOMIE SI FIZIOLOGIE UMANA, GENETICA SI ECOLOGIE UMANA": {"medie": 6.826923076923077, "reusita": 84.61538461538461, "cnt": 26}, "CHIMIE ANORGANICA TEH NIVEL I/II": {"medie": 5.3500000000000005, "reusita": 40.0, "cnt": 5}, "ISTORIE": {"medie": 6.7444444444444445, "reusita": 92.5925925925926, "cnt": 27}, "FIZICA TEO": {"medie": 7.640000000000001, "reusita": 100.0, "cnt": 5}, "MATEMATICA ST-NAT": {"medie": 7.035416666666667, "reusita": 91.66666666666666, "cnt": 24}, "LOGICA, ARGUMENTARE SI COMUNICARE": {"medie": 8.2625, "reusita": 100.0, "cnt": 4}, "CHIMIE ORGANICA TEO NIVEL I/II": {"medie": 5.0, "reusita": 50.0, "cnt": 2}, "CHIMIE ORGANICA TEH NIVEL I/II": {"medie": 5.0093749999999995, "reusita": 75.0, "cnt": 16}}, "nume": "COLEGIUL TEHNIC \"GHEORGHE ASACHI\", IASI\tIa\u0219i"}