{"specializari": {"MATEMATICA-INFORMATICA": 14, "TEHNICIAN MECANIC PENTRU INTRETINERE SI REPARATII": 1, "TEHNICIAN ELECTRICIAN/ELECTRONIST AUTO": 16, "TEHNICIAN PROIECTANT CAD": 3, "TEHNICIAN PRELUCRARI PE MASINI CU COMANDA NUMERICA": 6, "TEHNICIAN OPERATOR TEHNICA DE CALCUL": 2, "TEHNICIAN IN AUTOMATIZARI": 3}, "limba_moderna": {"LIMBA ENGLEZA": 30, "LIMBA FRANCEZA": 15}, "limba_materna": {"LIMBA ROMANA": 45}, "promotie_anterioara": {"NU": 34, "DA": 11}, "materii": {"LIMBA ROMANA": {"medie": 6.598837209302325, "reusita": 86.66666666666667, "cnt": 45}, "MATEMATICA TEHN": {"medie": 6.052083333333333, "reusita": 67.74193548387096, "cnt": 31}, "BIOLOGIE VEGETALA SI ANIMALA": {"medie": 5.266666666666667, "reusita": 50.0, "cnt": 22}, "GENERAL": {"medie": 6.549509803921569, "reusita": 46.666666666666664, "cnt": 45}, "MATEMATICA MATE-INFO": {"medie": 7.653571428571428, "reusita": 100.0, "cnt": 14}, "FIZICA TEH": {"medie": 5.335714285714286, "reusita": 44.44444444444444, "cnt": 9}, "CHIMIE ANORGANICA TEH NIVEL I/II": {"medie": 5.05, "reusita": 33.33333333333333, "cnt": 3}, "FIZICA TEO": {"medie": 6.266666666666666, "reusita": 100.0, "cnt": 3}, "CHIMIE ANORGANICA TEO NIVEL I/II": {"medie": 6.621428571428571, "reusita": 100.0, "cnt": 7}, "CHIMIE ORGANICA TEH NIVEL I/II": {"medie": 5.5, "reusita": 100.0, "cnt": 1}}, "nume": "COLEGIUL TEHNIC \"MIHAIL STURDZA\", IASI\tIa\u0219i"}