{"specializari": {"ORGANIZATOR BANQUETING": 29, "TEHNICIAN DE TELECOMUNICATII": 43, "TEHNICIAN ELECTRONIST": 7, "MATEMATICA-INFORMATICA": 11, "TEHNICIAN IN ACTIVITATI DE POSTA": 21, "LICEU CU PROGRAM SPORTIV": 8}, "limba_moderna": {"LIMBA ENGLEZA": 107, "LIMBA FRANCEZA": 12}, "limba_materna": {"LIMBA ROMANA": 119}, "promotie_anterioara": {"DA": 70, "NU": 49}, "materii": {"LIMBA ROMANA": {"medie": 5.784913793103449, "reusita": 81.5126050420168, "cnt": 119}, "MATEMATICA TEHN": {"medie": 5.250000000000001, "reusita": 72.0, "cnt": 100}, "BIOLOGIE VEGETALA SI ANIMALA": {"medie": 4.5852272727272725, "reusita": 45.09803921568628, "cnt": 51}, "GENERAL": {"medie": 5.524761904761905, "reusita": 32.773109243697476, "cnt": 119}, "MATEMATICA MATE-INFO": {"medie": 4.331818181818181, "reusita": 63.63636363636363, "cnt": 11}, "GEOGRAFIE": {"medie": 6.502222222222224, "reusita": 85.71428571428571, "cnt": 49}, "FIZICA TEH": {"medie": 3.5357142857142856, "reusita": 57.14285714285714, "cnt": 7}, "CHIMIE ANORGANICA TEH NIVEL I/II": {"medie": 3.8, "reusita": 50.0, "cnt": 2}, "ISTORIE": {"medie": 6.0125, "reusita": 100.0, "cnt": 8}, "LOGICA, ARGUMENTARE SI COMUNICARE": {"medie": 6.65, "reusita": 75.0, "cnt": 4}, "PSIHOLOGIE": {"medie": 6.6499999999999995, "reusita": 75.0, "cnt": 4}, "ECONOMIE": {"medie": 5.25, "reusita": 100.0, "cnt": 1}, "CHIMIE ANORGANICA TEO NIVEL I/II": {"medie": 2.0, "reusita": 0.0, "cnt": 1}}, "nume": "COLEGIUL TEHNIC DE POSTA SI TELECOMUNICATII \"GHEORGHE AIRINEI\"\tBucure\u0219ti"}