{"specializari": {"TEHNICIAN IN ACTIVITATI ECONOMICE": 101, "TEHNICIAN VETERINAR": 25, "TEHNICIAN ANALIZE PRODUSE ALIMENTARE": 27, "TEHNICIAN HORTICULTOR": 27, "TEHNICIAN AGRONOM": 24, "TEHNICIAN ECOLOG SI PROTECTIA CALITATII MEDIULUI": 40, "TEHNICIAN PENTRU ANIMALE DE COMPANIE": 1}, "limba_moderna": {"LIMBA ENGLEZA": 234, "LIMBA FRANCEZA": 11}, "limba_materna": {"LIMBA ROMANA": 245}, "promotie_anterioara": {"NU": 197, "DA": 48}, "materii": {"LIMBA ROMANA": {"medie": 6.372083333333336, "reusita": 92.24489795918367, "cnt": 245}, "MATEMATICA TEHN": {"medie": 6.176694915254239, "reusita": 80.40816326530611, "cnt": 245}, "BIOLOGIE VEGETALA SI ANIMALA": {"medie": 6.2046874999999995, "reusita": 75.0, "cnt": 32}, "GENERAL": {"medie": 6.6501424501424475, "reusita": 64.08163265306122, "cnt": 245}, "GEOGRAFIE": {"medie": 8.467676767676771, "reusita": 97.02970297029702, "cnt": 101}, "ANATOMIE SI FIZIOLOGIE UMANA, GENETICA SI ECOLOGIE UMANA": {"medie": 6.708252427184467, "reusita": 87.85046728971963, "cnt": 107}, "CHIMIE ORGANICA TEH NIVEL I/II": {"medie": 6.279999999999999, "reusita": 100.0, "cnt": 5}}, "nume": "COLEGIUL NATIONAL DE AGRICULTURA SI ECONOMIE, LOCALITATEA TECUCI\tGala\u021bi"}