{"specializari": {"FILOLOGIE": 29, "STIINTE SOCIALE": 26, "STIINTE ALE NATURII": 17, "MATEMATICA-INFORMATICA": 23, "INVATATOR - EDUCATOARE": 16}, "limba_moderna": {"LIMBA ENGLEZA": 110, "LIMBA GERMANA MODERNA": 1}, "limba_materna": {"LIMBA ROMANA": 111}, "promotie_anterioara": {"NU": 109, "DA": 2}, "materii": {"LIMBA ROMANA": {"medie": 7.952702702702702, "reusita": 99.09909909909909, "cnt": 111}, "GENERAL": {"medie": 8.218918918918916, "reusita": 97.2972972972973, "cnt": 111}, "MATEMATICA MATE-INFO": {"medie": 8.830434782608695, "reusita": 100.0, "cnt": 23}, "INFORMATICA MI C/C++": {"medie": 9.166666666666666, "reusita": 100.0, "cnt": 6}, "MATEMATICA PED": {"medie": 9.228125, "reusita": 100.0, "cnt": 16}, "GEOGRAFIE": {"medie": 8.046363636363637, "reusita": 98.18181818181819, "cnt": 55}, "ANATOMIE SI FIZIOLOGIE UMANA, GENETICA SI ECOLOGIE UMANA": {"medie": 8.491379310344827, "reusita": 100.0, "cnt": 29}, "ISTORIE": {"medie": 7.83909090909091, "reusita": 100.0, "cnt": 55}, "FIZICA TEO": {"medie": 9.6, "reusita": 100.0, "cnt": 4}, "MATEMATICA ST-NAT": {"medie": 8.500000000000002, "reusita": 94.11764705882352, "cnt": 17}, "LOGICA, ARGUMENTARE SI COMUNICARE": {"medie": 8.965384615384615, "reusita": 100.0, "cnt": 13}, "PSIHOLOGIE": {"medie": 8.05, "reusita": 100.0, "cnt": 1}, "CHIMIE ORGANICA TEO NIVEL I/II": {"medie": 7.45, "reusita": 100.0, "cnt": 1}, "FILOSOFIE": {"medie": 6.75, "reusita": 100.0, "cnt": 2}}, "nume": "COLEGIUL NATIONAL \"MIHAI VITEAZUL\" SFANTU GHEORGHE\tCovasna"}