{"specializari": {"MATEMATICA-INFORMATICA": 19, "TEHNICIAN IN GASTRONOMIE": 26, "TEHNICIAN IN ACTIVITATI ECONOMICE": 114, "TEHNICIAN IN TURISM": 41, "TEHNICIAN IN ACTIVITATI DE COMERT": 38, "TEHNICIAN IN ADMINISTRATIE": 22, "ORGANIZATOR BANQUETING": 50}, "limba_moderna": {"LIMBA ENGLEZA": 293, "LIMBA FRANCEZA": 17}, "limba_materna": {"LIMBA ROMANA": 310}, "promotie_anterioara": {"NU": 273, "DA": 37}, "materii": {"LIMBA ROMANA": {"medie": 6.962335526315786, "reusita": 96.12903225806451, "cnt": 310}, "MATEMATICA TEHN": {"medie": 7.258896797153019, "reusita": 91.06529209621993, "cnt": 291}, "BIOLOGIE VEGETALA SI ANIMALA": {"medie": 6.644999999999999, "reusita": 81.81818181818183, "cnt": 11}, "GENERAL": {"medie": 7.322994350282487, "reusita": 82.25806451612904, "cnt": 310}, "MATEMATICA MATE-INFO": {"medie": 6.658333333333333, "reusita": 84.21052631578947, "cnt": 19}, "INFORMATICA MI C/C++": {"medie": 6.808333333333334, "reusita": 100.0, "cnt": 6}, "GEOGRAFIE": {"medie": 7.907920792079208, "reusita": 96.11650485436894, "cnt": 206}, "ANATOMIE SI FIZIOLOGIE UMANA, GENETICA SI ECOLOGIE UMANA": {"medie": 7.55, "reusita": 100.0, "cnt": 1}, "LOGICA, ARGUMENTARE SI COMUNICARE": {"medie": 7.617499999999998, "reusita": 90.2439024390244, "cnt": 82}, "PSIHOLOGIE": {"medie": 7.4, "reusita": 100.0, "cnt": 2}, "ECONOMIE": {"medie": 6.6, "reusita": 100.0, "cnt": 1}, "CHIMIE ANORGANICA TEO NIVEL I/II": {"medie": 6.0, "reusita": 100.0, "cnt": 1}}, "nume": "COLEGIUL ECONOMIC \"ION GHICA\" BACAU\tBac\u0103u"}