{"specializari": {"STIINTE SOCIALE": 31, "STIINTE ALE NATURII": 67, "MATEMATICA-INFORMATICA": 32, "FILOLOGIE": 60}, "limba_moderna": {"LIMBA FRANCEZA": 69, "LIMBA ENGLEZA": 121}, "limba_materna": {"LIMBA ROMANA": 190}, "promotie_anterioara": {"NU": 182, "DA": 8}, "materii": {"LIMBA ROMANA": {"medie": 7.661375661375659, "reusita": 97.89473684210527, "cnt": 190}, "GENERAL": {"medie": 8.053439153439154, "reusita": 92.10526315789474, "cnt": 190}, "MATEMATICA MATE-INFO": {"medie": 7.9, "reusita": 93.75, "cnt": 32}, "INFORMATICA MI PASCAL": {"medie": 8.960344827586209, "reusita": 100.0, "cnt": 29}, "GEOGRAFIE": {"medie": 8.554597701149422, "reusita": 100.0, "cnt": 87}, "ANATOMIE SI FIZIOLOGIE UMANA, GENETICA SI ECOLOGIE UMANA": {"medie": 8.680147058823529, "reusita": 97.05882352941177, "cnt": 68}, "ISTORIE": {"medie": 7.604945054945053, "reusita": 100.0, "cnt": 91}, "MATEMATICA ST-NAT": {"medie": 8.022388059701493, "reusita": 95.52238805970148, "cnt": 67}, "SOCIOLOGIE": {"medie": 7.9, "reusita": 100.0, "cnt": 1}, "PSIHOLOGIE": {"medie": 9.399999999999999, "reusita": 100.0, "cnt": 3}, "CHIMIE ANORGANICA TEO NIVEL I/II": {"medie": 8.175, "reusita": 100.0, "cnt": 2}}, "nume": "COLEGIUL NATIONAL \"AVRAM IANCU\" CAMPENI\tAlba"}