{"specializari": {"TEHNICIAN IN ACTIVITATI ECONOMICE": 54, "TEHNICIAN IN ACHIZITII SI CONTRACTARI": 30, "TEHNICIAN IN TURISM": 29, "TEHNICIAN IN GASTRONOMIE": 29, "TEHNICIAN IN ACTIVITATI DE COMERT": 2}, "limba_moderna": {"LIMBA ENGLEZA": 115, "LIMBA FRANCEZA": 29}, "limba_materna": {"LIMBA ROMANA": 144}, "promotie_anterioara": {"NU": 142, "DA": 2}, "materii": {"LIMBA ROMANA": {"medie": 7.86083916083916, "reusita": 97.22222222222221, "cnt": 144}, "MATEMATICA TEHN": {"medie": 8.431468531468528, "reusita": 98.61111111111111, "cnt": 144}, "GENERAL": {"medie": 8.156807511737084, "reusita": 95.13888888888889, "cnt": 144}, "GEOGRAFIE": {"medie": 8.378021978021977, "reusita": 100.0, "cnt": 91}, "LOGICA, ARGUMENTARE SI COMUNICARE": {"medie": 7.714423076923078, "reusita": 94.33962264150944, "cnt": 53}}, "nume": "COLEGIUL ECONOMIC \"IULIAN POP\" CLUJ-NAPOCA\tCluj"}