{"specializari": {"TEHNICIAN PROIECTANT CAD": 2, "MATEMATICA-INFORMATICA": 35, "TEHNICIAN IN INSTALATII ELECTRICE": 17, "FILOLOGIE": 28, "TEHNICIAN IN AUTOMATIZARI": 21, "STIINTE ALE NATURII": 17, "STIINTE SOCIALE": 31, "TEHNICIAN ELECTRONIST": 13, "TEHNICIAN OPERATOR TEHNICA DE CALCUL": 14, "TEHNICIAN MECATRONIST": 9, "TEHNICIAN MECANIC PENTRU INTRETINERE SI REPARATII": 3}, "limba_moderna": {"LIMBA FRANCEZA": 6, "LIMBA ENGLEZA": 184}, "limba_materna": {"LIMBA ROMANA": 190}, "promotie_anterioara": {"DA": 29, "NU": 161}, "materii": {"LIMBA ROMANA": {"medie": 6.136052631578947, "reusita": 91.05263157894737, "cnt": 190}, "MATEMATICA TEHN": {"medie": 6.126282051282049, "reusita": 81.0126582278481, "cnt": 79}, "BIOLOGIE VEGETALA SI ANIMALA": {"medie": 4.637671232876713, "reusita": 45.94594594594595, "cnt": 74}, "GENERAL": {"medie": 6.3554367201426, "reusita": 62.63157894736842, "cnt": 190}, "MATEMATICA MATE-INFO": {"medie": 5.942857142857144, "reusita": 80.0, "cnt": 35}, "INFORMATICA MI C/C++": {"medie": 5.775000000000001, "reusita": 75.0, "cnt": 12}, "GEOGRAFIE": {"medie": 8.204347826086956, "reusita": 100.0, "cnt": 23}, "FIZICA TEH": {"medie": 7.609999999999999, "reusita": 100.0, "cnt": 5}, "ANATOMIE SI FIZIOLOGIE UMANA, GENETICA SI ECOLOGIE UMANA": {"medie": 7.198684210526315, "reusita": 89.47368421052632, "cnt": 38}, "ISTORIE": {"medie": 6.938983050847459, "reusita": 98.30508474576271, "cnt": 59}, "FIZICA TEO": {"medie": 5.525, "reusita": 100.0, "cnt": 2}, "MATEMATICA ST-NAT": {"medie": 7.570588235294118, "reusita": 100.0, "cnt": 17}, "LOGICA, ARGUMENTARE SI COMUNICARE": {"medie": 8.084375000000001, "reusita": 96.875, "cnt": 32}, "PSIHOLOGIE": {"medie": 7.225, "reusita": 100.0, "cnt": 4}}, "nume": "COLEGIUL TEHNIC \"GHEORGHE ASACHI\" BOTOSANI\tBoto\u0219ani"}