{"specializari": {"STIINTE ALE NATURII": 1, "TEHNICIAN IN ACTIVITATI ECONOMICE": 55, "TEHNICIAN IN TURISM": 34, "TEHNICIAN ELECTROTEHNIST": 6, "TEHNICIAN PROIECTANT CAD": 14, "TEHNICIAN IN INSTALATII ELECTRICE": 22, "TEHNICIAN IN AUTOMATIZARI": 19, "TEHNICIAN IN ACTIVITATI DE COMERT": 11, "TEHNICIAN IN CHIMIE INDUSTRIALA": 1}, "limba_moderna": {"LIMBA ENGLEZA": 159, "LIMBA FRANCEZA": 4}, "limba_materna": {"LIMBA ROMANA": 163}, "promotie_anterioara": {"NU": 113, "DA": 50}, "materii": {"LIMBA ROMANA": {"medie": 6.55352564102564, "reusita": 93.25153374233128, "cnt": 163}, "MATEMATICA TEHN": {"medie": 5.869333333333333, "reusita": 74.07407407407408, "cnt": 162}, "BIOLOGIE VEGETALA SI ANIMALA": {"medie": 4.5585106382978715, "reusita": 43.859649122807014, "cnt": 57}, "GENERAL": {"medie": 6.3365740740740755, "reusita": 57.05521472392638, "cnt": 163}, "GEOGRAFIE": {"medie": 7.502659574468084, "reusita": 93.81443298969072, "cnt": 97}, "CHIMIE ANORGANICA TEH NIVEL I/II": {"medie": 3.716666666666667, "reusita": 16.666666666666664, "cnt": 6}, "MATEMATICA ST-NAT": {"medie": 4.4, "reusita": 0.0, "cnt": 1}, "PSIHOLOGIE": {"medie": 5.550000000000001, "reusita": 100.0, "cnt": 2}, "ECONOMIE": {"medie": 6.25, "reusita": 100.0, "cnt": 1}}, "nume": "COLEGIUL TEHNIC \"EMANUIL UNGUREANU\" TIMISOARA\tTimi\u0219"}