{"specializari": {"TEHNICIAN IN ACTIVITATI ECONOMICE": 114, "TEHNICIAN IN TURISM": 19, "TEHNICIAN IN ACTIVITATI DE COMERT": 58, "TEHNICIAN IN GASTRONOMIE": 24, "TEHNICIAN IN ADMINISTRATIE": 46, "ORGANIZATOR BANQUETING": 27}, "limba_moderna": {"LIMBA ENGLEZA": 262, "LIMBA FRANCEZA": 26}, "limba_materna": {"LIMBA ROMANA": 288}, "promotie_anterioara": {"NU": 282, "DA": 6}, "materii": {"LIMBA ROMANA": {"medie": 7.20614035087719, "reusita": 98.26388888888889, "cnt": 288}, "MATEMATICA TEHN": {"medie": 8.37657342657343, "reusita": 98.26388888888889, "cnt": 288}, "GENERAL": {"medie": 7.92327485380117, "reusita": 94.44444444444444, "cnt": 288}, "GEOGRAFIE": {"medie": 8.285294117647059, "reusita": 100.0, "cnt": 68}, "LOGICA, ARGUMENTARE SI COMUNICARE": {"medie": 8.13564814814815, "reusita": 96.78899082568807, "cnt": 218}, "PSIHOLOGIE": {"medie": 7.625, "reusita": 100.0, "cnt": 2}}, "nume": "COLEGIUL ECONOMIC \"VIRGIL MADGEARU\", LOCALITATEA GALATI\tGala\u021bi"}