{"specializari": {"INVATATOR - EDUCATOARE": 46, "STIINTE SOCIALE": 32, "MATEMATICA-INFORMATICA": 23, "FILOLOGIE": 30}, "limba_moderna": {"LIMBA ENGLEZA": 118, "LIMBA FRANCEZA": 13}, "limba_materna": {"LIMBA ROMANA": 131}, "promotie_anterioara": {"NU": 129, "DA": 2}, "materii": {"LIMBA ROMANA": {"medie": 7.436641221374044, "reusita": 98.47328244274809, "cnt": 131}, "GENERAL": {"medie": 7.960305343511454, "reusita": 94.65648854961832, "cnt": 131}, "MATEMATICA MATE-INFO": {"medie": 7.071739130434783, "reusita": 86.95652173913044, "cnt": 23}, "MATEMATICA PED": {"medie": 8.205434782608696, "reusita": 100.0, "cnt": 46}, "GEOGRAFIE": {"medie": 8.616019417475725, "reusita": 98.05825242718447, "cnt": 103}, "ANATOMIE SI FIZIOLOGIE UMANA, GENETICA SI ECOLOGIE UMANA": {"medie": 8.100000000000001, "reusita": 94.11764705882352, "cnt": 17}, "ISTORIE": {"medie": 8.043548387096775, "reusita": 100.0, "cnt": 62}, "FIZICA TEO": {"medie": 8.066666666666666, "reusita": 100.0, "cnt": 6}, "LOGICA, ARGUMENTARE SI COMUNICARE": {"medie": 8.9, "reusita": 100.0, "cnt": 1}, "PSIHOLOGIE": {"medie": 8.5, "reusita": 100.0, "cnt": 1}, "ECONOMIE": {"medie": 8.15, "reusita": 100.0, "cnt": 3}}, "nume": "COLEGIUL NATIONAL \"CONSTANTIN CANTACUZINO\" TARGOVISTE\tD\u00e2mbovi\u021ba"}