{"specializari": {"STIINTE SOCIALE": 43, "TEHNICIAN ELECTRICIAN/ELECTRONIST AUTO": 15, "TEHNICIAN IN ACTIVITATI ECONOMICE": 12, "STIINTE ALE NATURII": 4, "TEHNICIAN IN INSTALATII ELECTRICE": 2, "TEHNICIAN TRANSPORTURI": 10, "FILOLOGIE": 16, "MATEMATICA-INFORMATICA": 2}, "limba_moderna": {"LIMBA ENGLEZA": 91, "LIMBA FRANCEZA": 13}, "limba_materna": {"LIMBA ROMANA": 104}, "promotie_anterioara": {"NU": 87, "DA": 17}, "materii": {"LIMBA ROMANA": {"medie": 6.249999999999999, "reusita": 75.0, "cnt": 104}, "MATEMATICA TEHN": {"medie": 4.6899999999999995, "reusita": 48.717948717948715, "cnt": 39}, "BIOLOGIE VEGETALA SI ANIMALA": {"medie": 4.162499999999999, "reusita": 25.0, "cnt": 28}, "GENERAL": {"medie": 6.151630434782606, "reusita": 45.19230769230769, "cnt": 104}, "MATEMATICA MATE-INFO": {"medie": 4.325, "reusita": 50.0, "cnt": 2}, "GEOGRAFIE": {"medie": 7.576595744680849, "reusita": 86.53846153846155, "cnt": 52}, "ANATOMIE SI FIZIOLOGIE UMANA, GENETICA SI ECOLOGIE UMANA": {"medie": 5.84, "reusita": 80.0, "cnt": 5}, "ISTORIE": {"medie": 6.495283018867924, "reusita": 81.35593220338984, "cnt": 59}, "MATEMATICA ST-NAT": {"medie": 3.75, "reusita": 25.0, "cnt": 4}, "LOGICA, ARGUMENTARE SI COMUNICARE": {"medie": 7.3136363636363635, "reusita": 100.0, "cnt": 11}, "SOCIOLOGIE": {"medie": 6.4750000000000005, "reusita": 66.66666666666666, "cnt": 6}, "PSIHOLOGIE": {"medie": 5.2, "reusita": 100.0, "cnt": 1}, "FILOSOFIE": {"medie": 3.8, "reusita": 0.0, "cnt": 1}}, "nume": "COLEGIUL TEHNIC \"ALEXANDRU IOAN CUZA\" SUCEAVA\tSuceava"}