{"specializari": {"TEHNICIAN MECATRONIST": 4, "TEHNICIAN IN GASTRONOMIE": 14, "TEHNICIAN ECOLOG SI PROTECTIA CALITATII MEDIULUI": 14, "TEHNICIAN IN PRELUCRAREA LEMNULUI": 3, "TEHNICIAN INSTALATOR PENTRU CONSTRUCTII": 1, "TEHNICIAN ELECTRONIST": 7, "TEHNICIAN ELECTROMECANIC": 2, "TEHNICIAN OPERATOR TEHNICA DE CALCUL": 1, "TEHNICIAN IN INDUSTRIA TEXTILA": 2, "TEHNICIAN PROIECTANT CAD": 3, "TEHNICIAN IN ACTIVITATI DE COMERT": 1, "TEHNICIAN TRANSPORTURI": 1}, "limba_moderna": {"LIMBA ENGLEZA": 38, "LIMBA FRANCEZA": 14, "LIMBA GERMANA MODERNA": 1}, "limba_materna": {"LIMBA ROMANA": 53}, "promotie_anterioara": {"DA": 20, "NU": 33}, "materii": {"LIMBA ROMANA": {"medie": 7.13627450980392, "reusita": 92.45283018867924, "cnt": 53}, "MATEMATICA TEHN": {"medie": 5.81938775510204, "reusita": 67.9245283018868, "cnt": 53}, "BIOLOGIE VEGETALA SI ANIMALA": {"medie": 5.466666666666667, "reusita": 60.0, "cnt": 10}, "GENERAL": {"medie": 6.4021739130434785, "reusita": 45.28301886792453, "cnt": 53}, "GEOGRAFIE": {"medie": 7.98125, "reusita": 100.0, "cnt": 8}, "FIZICA TEH": {"medie": 6.675000000000001, "reusita": 75.0, "cnt": 4}, "ANATOMIE SI FIZIOLOGIE UMANA, GENETICA SI ECOLOGIE UMANA": {"medie": 6.4, "reusita": 100.0, "cnt": 2}, "CHIMIE ANORGANICA TEH NIVEL I/II": {"medie": 4.181578947368422, "reusita": 31.818181818181817, "cnt": 22}, "LOGICA, ARGUMENTARE SI COMUNICARE": {"medie": 8.457142857142857, "reusita": 100.0, "cnt": 7}}, "nume": "COLEGIUL TEHNIC CAMPULUNG\tArge\u0219"}