{"specializari": {"MATEMATICA-INFORMATICA": 43, "FILOLOGIE": 34, "ORGANIZATOR BANQUETING": 12, "TEHNICIAN IN TURISM": 24, "TEHNICIAN IN GASTRONOMIE": 1}, "limba_moderna": {"LIMBA ENGLEZA": 91, "LIMBA FRANCEZA": 23}, "limba_materna": {"LIMBA ROMANA": 114}, "promotie_anterioara": {"NU": 105, "DA": 9}, "materii": {"LIMBA ROMANA": {"medie": 7.259292035398231, "reusita": 93.85964912280701, "cnt": 114}, "MATEMATICA TEHN": {"medie": 6.151428571428572, "reusita": 67.56756756756756, "cnt": 37}, "BIOLOGIE VEGETALA SI ANIMALA": {"medie": 7.927272727272729, "reusita": 100.0, "cnt": 11}, "GENERAL": {"medie": 7.524255952380949, "reusita": 78.0701754385965, "cnt": 114}, "MATEMATICA MATE-INFO": {"medie": 7.875581395348839, "reusita": 90.69767441860465, "cnt": 43}, "INFORMATICA MI C/C++": {"medie": 6.6499999999999995, "reusita": 66.66666666666666, "cnt": 3}, "INFORMATICA MI PASCAL": {"medie": 7.822222222222223, "reusita": 100.0, "cnt": 9}, "GEOGRAFIE": {"medie": 7.890000000000002, "reusita": 92.3076923076923, "cnt": 65}, "ANATOMIE SI FIZIOLOGIE UMANA, GENETICA SI ECOLOGIE UMANA": {"medie": 9.537500000000001, "reusita": 100.0, "cnt": 4}, "ISTORIE": {"medie": 7.986764705882353, "reusita": 100.0, "cnt": 34}, "FIZICA TEO": {"medie": 8.158333333333333, "reusita": 100.0, "cnt": 6}, "SOCIOLOGIE": {"medie": 9.3, "reusita": 100.0, "cnt": 2}, "PSIHOLOGIE": {"medie": 6.949999999999999, "reusita": 100.0, "cnt": 4}, "CHIMIE ORGANICA TEO NIVEL I/II": {"medie": 7.95625, "reusita": 100.0, "cnt": 8}, "CHIMIE ANORGANICA TEO NIVEL I/II": {"medie": 6.15, "reusita": 100.0, "cnt": 2}}, "nume": "COLEGIUL \"MIHAIL CANTACUZINO\", ORASUL SINAIA\tPrahova"}