{"specializari": {"TEHNICIAN IN ACTIVITATI ECONOMICE": 124, "ORGANIZATOR BANQUETING": 39, "TEHNICIAN IN GASTRONOMIE": 20, "TEHNICIAN IN TURISM": 35}, "limba_moderna": {"LIMBA ENGLEZA": 178, "LIMBA FRANCEZA": 11, "LIMBA ITALIANA": 29}, "limba_materna": {"LIMBA ROMANA": 218}, "promotie_anterioara": {"NU": 200, "DA": 18}, "materii": {"LIMBA ROMANA": {"medie": 6.90023148148148, "reusita": 96.3302752293578, "cnt": 218}, "MATEMATICA TEHN": {"medie": 7.535046728971968, "reusita": 94.03669724770643, "cnt": 218}, "GENERAL": {"medie": 7.421619496855347, "reusita": 85.77981651376146, "cnt": 218}, "GEOGRAFIE": {"medie": 7.787857142857143, "reusita": 93.98148148148148, "cnt": 216}, "ECONOMIE": {"medie": 6.45, "reusita": 100.0, "cnt": 2}}, "nume": "COLEGIUL ECONOMIC \"FRANCESCO SAVERIO NITTI\" TIMISOARA\tTimi\u0219"}