{"specializari": {"FILOLOGIE": 71, "INVATATOR - EDUCATOARE": 57, "MATEMATICA-INFORMATICA": 24, "STIINTE SOCIALE": 33, "INSTRUCTOR PENTRU ACTIVITATI EXTRASCOLARE": 2}, "limba_moderna": {"LIMBA ENGLEZA": 147, "LIMBA FRANCEZA": 25, "LIMBA SPANIOLA": 15}, "limba_materna": {"LIMBA ROMANA": 187}, "promotie_anterioara": {"NU": 181, "DA": 6}, "materii": {"LIMBA ROMANA": {"medie": 7.8572192513369, "reusita": 98.3957219251337, "cnt": 187}, "BIOLOGIE VEGETALA SI ANIMALA": {"medie": 8.033333333333333, "reusita": 100.0, "cnt": 15}, "GENERAL": {"medie": 8.134581105169342, "reusita": 91.97860962566845, "cnt": 187}, "MATEMATICA MATE-INFO": {"medie": 7.55, "reusita": 87.5, "cnt": 24}, "INFORMATICA MI C/C++": {"medie": 7.875, "reusita": 100.0, "cnt": 2}, "MATEMATICA PED": {"medie": 8.471052631578948, "reusita": 96.49122807017544, "cnt": 57}, "GEOGRAFIE": {"medie": 8.863297872340425, "reusita": 100.0, "cnt": 94}, "ISTORIE": {"medie": 7.890566037735848, "reusita": 98.11320754716981, "cnt": 106}, "FIZICA TEO": {"medie": 8.425, "reusita": 100.0, "cnt": 2}, "LOGICA, ARGUMENTARE SI COMUNICARE": {"medie": 8.385833333333334, "reusita": 93.33333333333333, "cnt": 60}, "SOCIOLOGIE": {"medie": 6.650000000000001, "reusita": 100.0, "cnt": 6}, "PSIHOLOGIE": {"medie": 8.0, "reusita": 100.0, "cnt": 1}, "ECONOMIE": {"medie": 7.925, "reusita": 100.0, "cnt": 2}, "CHIMIE ORGANICA TEO NIVEL I/II": {"medie": 8.120000000000001, "reusita": 100.0, "cnt": 5}}, "nume": "COLEGIUL NATIONAL PEDAGOGIC \"SPIRU HARET\" MUNICIPIUL BUZAU\tBuz\u0103u"}