{"specializari": {"TEHNICIAN IN ACTIVITATI ECONOMICE": 114, "TEHNICIAN IN TURISM": 28, "TEHNICIAN IN GASTRONOMIE": 25, "TEHNICIAN IN ACTIVITATI DE COMERT": 15, "ORGANIZATOR BANQUETING": 1}, "limba_moderna": {"LIMBA ENGLEZA": 169, "LIMBA FRANCEZA": 14}, "limba_materna": {"LIMBA ROMANA": 183}, "promotie_anterioara": {"DA": 21, "NU": 162}, "materii": {"LIMBA ROMANA": {"medie": 6.926795580110493, "reusita": 95.08196721311475, "cnt": 183}, "MATEMATICA TEHN": {"medie": 7.398333333333336, "reusita": 93.98907103825137, "cnt": 183}, "GENERAL": {"medie": 7.395092592592591, "reusita": 87.97814207650273, "cnt": 183}, "GEOGRAFIE": {"medie": 7.870175438596493, "reusita": 98.26086956521739, "cnt": 115}, "LOGICA, ARGUMENTARE SI COMUNICARE": {"medie": 7.73813559322034, "reusita": 91.80327868852459, "cnt": 61}, "PSIHOLOGIE": {"medie": 6.7, "reusita": 100.0, "cnt": 1}, "ECONOMIE": {"medie": 8.75, "reusita": 100.0, "cnt": 6}}, "nume": "COLEGIUL ECONOMIC \"PARTENIE COSMA\" ORADEA\tBihor"}