{"specializari": {"MATEMATICA-INFORMATICA": 55, "STIINTE ALE NATURII": 59, "STIINTE SOCIALE": 40, "FILOLOGIE": 35, "LICEU CU PROGRAM SPORTIV": 31}, "limba_moderna": {"LIMBA ENGLEZA": 174, "LIMBA FRANCEZA": 46}, "limba_materna": {"LIMBA ROMANA": 220}, "promotie_anterioara": {"NU": 212, "DA": 8}, "materii": {"LIMBA ROMANA": {"medie": 7.7593181818181804, "reusita": 99.54545454545455, "cnt": 220}, "GENERAL": {"medie": 7.853652968036533, "reusita": 91.81818181818183, "cnt": 220}, "MATEMATICA MATE-INFO": {"medie": 7.734545454545454, "reusita": 100.0, "cnt": 55}, "INFORMATICA MI C/C++": {"medie": 7.971428571428572, "reusita": 96.42857142857143, "cnt": 28}, "GEOGRAFIE": {"medie": 8.266129032258062, "reusita": 93.54838709677419, "cnt": 31}, "ANATOMIE SI FIZIOLOGIE UMANA, GENETICA SI ECOLOGIE UMANA": {"medie": 8.713999999999999, "reusita": 97.33333333333334, "cnt": 75}, "ISTORIE": {"medie": 7.26367924528302, "reusita": 96.22641509433963, "cnt": 106}, "FIZICA TEO": {"medie": 7.25625, "reusita": 100.0, "cnt": 8}, "MATEMATICA ST-NAT": {"medie": 7.7813559322033905, "reusita": 93.22033898305084, "cnt": 59}, "LOGICA, ARGUMENTARE SI COMUNICARE": {"medie": 8.112328767123287, "reusita": 95.8904109589041, "cnt": 73}, "PSIHOLOGIE": {"medie": 7.199999999999999, "reusita": 100.0, "cnt": 2}, "CHIMIE ORGANICA TEO NIVEL I/II": {"medie": 6.8, "reusita": 100.0, "cnt": 1}, "CHIMIE ANORGANICA TEO NIVEL I/II": {"medie": 6.15, "reusita": 100.0, "cnt": 1}, "INFORMATICA SN C/C++": {"medie": 9.8, "reusita": 100.0, "cnt": 1}}, "nume": "COLEGIUL NATIONAL \"NICOLAE TITULESCU\" CRAIOVA\tDolj"}