{"specializari": {"TEHNICIAN OPERATOR PROCESARE TEXT IMAGINE": 18, "TEHNICIAN IN ACTIVITATI ECONOMICE": 20, "TEHNICIAN ANALIZE PRODUSE ALIMENTARE": 17, "TEHNICIAN IN TURISM": 17, "ORGANIZATOR BANQUETING": 3, "TEHNICIAN IN ACTIVITATI DE COMERT": 20, "TEHNICIAN VETERINAR": 13}, "limba_moderna": {"LIMBA ENGLEZA": 108}, "limba_materna": {"LIMBA MAGHIARA": 108}, "promotie_anterioara": {"DA": 20, "NU": 88}, "materii": {"LIMBA ROMANA": {"medie": 4.916826923076924, "reusita": 68.51851851851852, "cnt": 108}, "MATEMATICA TEHN": {"medie": 6.788571428571429, "reusita": 92.5925925925926, "cnt": 108}, "BIOLOGIE VEGETALA SI ANIMALA": {"medie": 6.53888888888889, "reusita": 94.44444444444444, "cnt": 18}, "GENERAL": {"medie": 6.163822115384614, "reusita": 53.70370370370371, "cnt": 108}, "GEOGRAFIE": {"medie": 6.71388888888889, "reusita": 94.64285714285714, "cnt": 56}, "ANATOMIE SI FIZIOLOGIE UMANA, GENETICA SI ECOLOGIE UMANA": {"medie": 6.568333333333334, "reusita": 90.0, "cnt": 30}, "ECONOMIE": {"medie": 6.5, "reusita": 100.0, "cnt": 4}, "LIMBA MAGHIARA (REAL)": {"medie": 6.282075471698119, "reusita": 88.88888888888889, "cnt": 108}}, "nume": "COLEGIUL TEHNIC \"BATTHYANY IGNAC\" GHEORGHENI\tHarghita"}