{"specializari": {"STIINTE ALE NATURII": 56, "STIINTE SOCIALE": 34, "MATEMATICA-INFORMATICA": 31}, "limba_moderna": {"LIMBA ENGLEZA": 121}, "limba_materna": {"LIMBA ROMANA": 121}, "promotie_anterioara": {"NU": 121}, "materii": {"LIMBA ROMANA": {"medie": 8.216942148760328, "reusita": 100.0, "cnt": 121}, "GENERAL": {"medie": 8.940358126721762, "reusita": 100.0, "cnt": 121}, "MATEMATICA MATE-INFO": {"medie": 9.664516129032258, "reusita": 100.0, "cnt": 31}, "INFORMATICA MI C/C++": {"medie": 9.224074074074075, "reusita": 100.0, "cnt": 27}, "GEOGRAFIE": {"medie": 9.337037037037035, "reusita": 100.0, "cnt": 27}, "ANATOMIE SI FIZIOLOGIE UMANA, GENETICA SI ECOLOGIE UMANA": {"medie": 9.468999999999998, "reusita": 100.0, "cnt": 50}, "ISTORIE": {"medie": 9.283823529411766, "reusita": 100.0, "cnt": 34}, "FIZICA TEO": {"medie": 9.35, "reusita": 100.0, "cnt": 1}, "MATEMATICA ST-NAT": {"medie": 9.172321428571426, "reusita": 100.0, "cnt": 56}, "LOGICA, ARGUMENTARE SI COMUNICARE": {"medie": 9.6, "reusita": 100.0, "cnt": 1}, "SOCIOLOGIE": {"medie": 9.641666666666666, "reusita": 100.0, "cnt": 6}, "CHIMIE ANORGANICA TEO NIVEL I/II": {"medie": 8.3125, "reusita": 100.0, "cnt": 4}, "INFORMATICA SN C/C++": {"medie": 7.51, "reusita": 100.0, "cnt": 5}}, "nume": "COLEGIUL NATIONAL \"MIHAI VITEAZUL\" TURDA\tCluj"}