{"specializari": {"STIINTE ALE NATURII": 123, "MATEMATICA-INFORMATICA": 29, "FILOLOGIE": 34, "STIINTE SOCIALE": 35}, "limba_moderna": {"LIMBA ENGLEZA": 220, "LIMBA FRANCEZA": 1}, "limba_materna": {"LIMBA ROMANA": 221}, "promotie_anterioara": {"NU": 218, "DA": 3}, "materii": {"LIMBA ROMANA": {"medie": 7.76945701357466, "reusita": 100.0, "cnt": 221}, "BIOLOGIE VEGETALA SI ANIMALA": {"medie": 8.186363636363636, "reusita": 100.0, "cnt": 11}, "GENERAL": {"medie": 8.124886877828052, "reusita": 95.02262443438913, "cnt": 221}, "MATEMATICA MATE-INFO": {"medie": 8.756896551724138, "reusita": 100.0, "cnt": 29}, "INFORMATICA MI C/C++": {"medie": 7.362500000000001, "reusita": 100.0, "cnt": 4}, "GEOGRAFIE": {"medie": 8.48, "reusita": 100.0, "cnt": 10}, "ANATOMIE SI FIZIOLOGIE UMANA, GENETICA SI ECOLOGIE UMANA": {"medie": 8.356632653061224, "reusita": 97.95918367346938, "cnt": 98}, "ISTORIE": {"medie": 8.16159420289855, "reusita": 100.0, "cnt": 69}, "FIZICA TEO": {"medie": 7.342592592592593, "reusita": 96.29629629629629, "cnt": 27}, "MATEMATICA ST-NAT": {"medie": 8.391056910569104, "reusita": 96.7479674796748, "cnt": 123}, "LOGICA, ARGUMENTARE SI COMUNICARE": {"medie": 8.649122807017545, "reusita": 98.24561403508771, "cnt": 57}, "SOCIOLOGIE": {"medie": 6.15, "reusita": 100.0, "cnt": 1}, "CHIMIE ORGANICA TEO NIVEL I/II": {"medie": 6.737500000000001, "reusita": 100.0, "cnt": 4}, "CHIMIE ANORGANICA TEO NIVEL I/II": {"medie": 8.4, "reusita": 100.0, "cnt": 5}, "FILOSOFIE": {"medie": 8.4, "reusita": 100.0, "cnt": 1}, "INFORMATICA SN C/C++": {"medie": 7.516666666666666, "reusita": 100.0, "cnt": 3}}, "nume": "COLEGIUL NATIONAL \"MIHAI EMINESCU\" CONSTANTA\tConstan\u021ba"}