{"specializari": {"MATEMATICA-INFORMATICA": 56, "TEHNICIAN MECANIC PENTRU INTRETINERE SI REPARATII": 12, "TEHNICIAN IN PRELUCRAREA LEMNULUI": 5, "TEHNICIAN IN ACTIVITATI DE COMERT": 33, "TEHNICIAN ECOLOG SI PROTECTIA CALITATII MEDIULUI": 1, "TEHNICIAN IN TURISM": 1, "TEHNICIAN IN CONSTRUCTII SI LUCRARI PUBLICE": 1}, "limba_moderna": {"LIMBA ENGLEZA": 94, "LIMBA FRANCEZA": 15}, "limba_materna": {"LIMBA ROMANA": 109}, "promotie_anterioara": {"NU": 89, "DA": 20}, "materii": {"LIMBA ROMANA": {"medie": 6.57824074074074, "reusita": 87.1559633027523, "cnt": 109}, "MATEMATICA TEHN": {"medie": 5.890384615384615, "reusita": 69.81132075471697, "cnt": 53}, "BIOLOGIE VEGETALA SI ANIMALA": {"medie": 6.205555555555556, "reusita": 60.0, "cnt": 30}, "GENERAL": {"medie": 6.863968253968253, "reusita": 70.64220183486239, "cnt": 109}, "MATEMATICA MATE-INFO": {"medie": 8.016363636363637, "reusita": 94.64285714285714, "cnt": 56}, "INFORMATICA MI C/C++": {"medie": 7.375, "reusita": 100.0, "cnt": 4}, "INFORMATICA MI PASCAL": {"medie": 7.5, "reusita": 50.0, "cnt": 2}, "GEOGRAFIE": {"medie": 6.460294117647059, "reusita": 85.29411764705883, "cnt": 34}, "ANATOMIE SI FIZIOLOGIE UMANA, GENETICA SI ECOLOGIE UMANA": {"medie": 7.68125, "reusita": 87.5, "cnt": 8}, "FIZICA TEO": {"medie": 8.06875, "reusita": 100.0, "cnt": 8}, "CHIMIE ORGANICA TEO NIVEL I/II": {"medie": 8.105, "reusita": 95.0, "cnt": 20}, "CHIMIE ORGANICA TEH NIVEL I/II": {"medie": 6.366666666666667, "reusita": 100.0, "cnt": 3}}, "nume": "COLEGIUL \"FERDINAND I\", COMUNA MANECIU\tPrahova"}