{"specializari": {"MATEMATICA-INFORMATICA": 27, "INVATATOR - EDUCATOARE": 40, "FILOLOGIE": 50, "STIINTE ALE NATURII": 35}, "limba_moderna": {"LIMBA ENGLEZA": 133, "LIMBA SPANIOLA": 18, "LIMBA GERMANA MODERNA": 1}, "limba_materna": {"LIMBA ROMANA": 142, "LIMBA MAGHIARA": 10}, "promotie_anterioara": {"NU": 146, "DA": 6}, "materii": {"LIMBA ROMANA": {"medie": 8.039144736842108, "reusita": 100.0, "cnt": 152}, "GENERAL": {"medie": 8.139391447368421, "reusita": 94.73684210526315, "cnt": 152}, "MATEMATICA MATE-INFO": {"medie": 6.47962962962963, "reusita": 88.88888888888889, "cnt": 27}, "INFORMATICA MI C/C++": {"medie": 6.79, "reusita": 93.33333333333333, "cnt": 15}, "MATEMATICA PED": {"medie": 8.372499999999999, "reusita": 95.0, "cnt": 40}, "GEOGRAFIE": {"medie": 8.345762711864408, "reusita": 100.0, "cnt": 59}, "ANATOMIE SI FIZIOLOGIE UMANA, GENETICA SI ECOLOGIE UMANA": {"medie": 8.973809523809521, "reusita": 100.0, "cnt": 42}, "ISTORIE": {"medie": 8.03, "reusita": 100.0, "cnt": 50}, "FIZICA TEO": {"medie": 9.0, "reusita": 100.0, "cnt": 1}, "MATEMATICA ST-NAT": {"medie": 8.368571428571432, "reusita": 100.0, "cnt": 35}, "LOGICA, ARGUMENTARE SI COMUNICARE": {"medie": 8.879545454545452, "reusita": 100.0, "cnt": 22}, "SOCIOLOGIE": {"medie": 9.475, "reusita": 100.0, "cnt": 4}, "PSIHOLOGIE": {"medie": 7.8, "reusita": 100.0, "cnt": 5}, "CHIMIE ORGANICA TEO NIVEL I/II": {"medie": 7.637499999999999, "reusita": 100.0, "cnt": 4}, "LIMBA MAGHIARA (UMAN)": {"medie": 7.815, "reusita": 100.0, "cnt": 10}}, "nume": "COLEGIUL NATIONAL \"IOSIF VULCAN\" ORADEA\tBihor"}