{"specializari": {"FILOLOGIE": 35, "MATEMATICA-INFORMATICA": 23, "INVATATOR - EDUCATOARE": 29, "STIINTE SOCIALE": 36, "LICEU CU PROGRAM SPORTIV": 1}, "limba_moderna": {"LIMBA ENGLEZA": 119, "LIMBA FRANCEZA": 5}, "limba_materna": {"LIMBA ROMANA": 124}, "promotie_anterioara": {"NU": 119, "DA": 5}, "materii": {"LIMBA ROMANA": {"medie": 7.247560975609755, "reusita": 98.38709677419355, "cnt": 124}, "BIOLOGIE VEGETALA SI ANIMALA": {"medie": 7.5, "reusita": 100.0, "cnt": 2}, "GENERAL": {"medie": 7.857317073170729, "reusita": 91.93548387096774, "cnt": 124}, "MATEMATICA MATE-INFO": {"medie": 8.121739130434785, "reusita": 100.0, "cnt": 23}, "INFORMATICA MI C/C++": {"medie": 8.354166666666666, "reusita": 100.0, "cnt": 12}, "MATEMATICA PED": {"medie": 8.251724137931035, "reusita": 96.55172413793103, "cnt": 29}, "GEOGRAFIE": {"medie": 8.50263157894737, "reusita": 96.84210526315789, "cnt": 95}, "ANATOMIE SI FIZIOLOGIE UMANA, GENETICA SI ECOLOGIE UMANA": {"medie": 5.15, "reusita": 100.0, "cnt": 1}, "ISTORIE": {"medie": 7.5479166666666675, "reusita": 97.22222222222221, "cnt": 72}, "SOCIOLOGIE": {"medie": 9.35, "reusita": 100.0, "cnt": 2}, "PSIHOLOGIE": {"medie": 9.85, "reusita": 100.0, "cnt": 2}, "ECONOMIE": {"medie": 8.3, "reusita": 100.0, "cnt": 1}, "CHIMIE ANORGANICA TEO NIVEL I/II": {"medie": 8.05, "reusita": 100.0, "cnt": 8}, "FILOSOFIE": {"medie": 8.0, "reusita": 100.0, "cnt": 1}}, "nume": "COLEGIUL NATIONAL PEDAGOGIC \"REGINA MARIA\" DEVA\tHunedoara"}