{"specializari": {"INVATATOR - EDUCATOARE": 32, "FILOLOGIE": 55, "STIINTE SOCIALE": 29, "STIINTE ALE NATURII": 22, "MATEMATICA-INFORMATICA": 1}, "limba_moderna": {"LIMBA ENGLEZA": 100, "LIMBA FRANCEZA": 37, "LIMBA GERMANA MODERNA": 2}, "limba_materna": {"LIMBA ROMANA": 139}, "promotie_anterioara": {"NU": 127, "DA": 12}, "materii": {"LIMBA ROMANA": {"medie": 7.802158273381295, "reusita": 98.56115107913669, "cnt": 139}, "BIOLOGIE VEGETALA SI ANIMALA": {"medie": 6.830555555555554, "reusita": 88.88888888888889, "cnt": 18}, "GENERAL": {"medie": 7.917985611510792, "reusita": 87.76978417266187, "cnt": 139}, "MATEMATICA MATE-INFO": {"medie": 1.45, "reusita": 0.0, "cnt": 1}, "MATEMATICA PED": {"medie": 8.350000000000001, "reusita": 93.75, "cnt": 32}, "ANATOMIE SI FIZIOLOGIE UMANA, GENETICA SI ECOLOGIE UMANA": {"medie": 7.62, "reusita": 100.0, "cnt": 5}, "ISTORIE": {"medie": 7.86488095238095, "reusita": 97.61904761904762, "cnt": 84}, "MATEMATICA ST-NAT": {"medie": 5.845454545454545, "reusita": 72.72727272727273, "cnt": 22}, "LOGICA, ARGUMENTARE SI COMUNICARE": {"medie": 8.60646551724138, "reusita": 97.41379310344827, "cnt": 116}}, "nume": "COLEGIUL NATIONAL PEDAGOGIC \"CAROL I\" CAMPULUNG\tArge\u0219"}