{"specializari": {"STIINTE ALE NATURII": 31, "TEHNICIAN MECATRONIST": 63, "MATEMATICA-INFORMATICA": 63, "TEHNICIAN DE TELECOMUNICATII": 24, "TEHNICIAN MECANIC PENTRU INTRETINERE SI REPARATII": 17, "TEHNICIAN IN AUTOMATIZARI": 43, "TEHNICIAN IN SILVICULTURA SI EXPLOATARI FORESTIERE": 1}, "limba_moderna": {"LIMBA ENGLEZA": 231, "LIMBA FRANCEZA": 11}, "limba_materna": {"LIMBA ROMANA": 242}, "promotie_anterioara": {"NU": 214, "DA": 28}, "materii": {"LIMBA ROMANA": {"medie": 6.868595041322315, "reusita": 97.93388429752066, "cnt": 242}, "MATEMATICA TEHN": {"medie": 6.759183673469388, "reusita": 88.51351351351352, "cnt": 148}, "BIOLOGIE VEGETALA SI ANIMALA": {"medie": 5.927622377622378, "reusita": 77.62237762237763, "cnt": 143}, "GENERAL": {"medie": 6.721438450899034, "reusita": 71.48760330578511, "cnt": 242}, "MATEMATICA MATE-INFO": {"medie": 7.10238095238095, "reusita": 93.65079365079364, "cnt": 63}, "INFORMATICA MI PASCAL": {"medie": 7.615625, "reusita": 100.0, "cnt": 16}, "FIZICA TEH": {"medie": 6.366071428571428, "reusita": 78.57142857142857, "cnt": 28}, "ANATOMIE SI FIZIOLOGIE UMANA, GENETICA SI ECOLOGIE UMANA": {"medie": 8.625, "reusita": 100.0, "cnt": 2}, "CHIMIE ANORGANICA TEH NIVEL I/II": {"medie": 4.45, "reusita": 50.0, "cnt": 2}, "FIZICA TEO": {"medie": 7.215384615384616, "reusita": 96.15384615384616, "cnt": 26}, "MATEMATICA ST-NAT": {"medie": 7.80483870967742, "reusita": 96.7741935483871, "cnt": 31}, "CHIMIE ORGANICA TEO NIVEL I/II": {"medie": 6.7124999999999995, "reusita": 81.25, "cnt": 16}, "CHIMIE ANORGANICA TEO NIVEL I/II": {"medie": 7.1125, "reusita": 100.0, "cnt": 4}, "CHIMIE ORGANICA TEH NIVEL I/II": {"medie": 5.12, "reusita": 60.0, "cnt": 5}}, "nume": "COLEGIUL \"SPIRU HARET\", MUNICIPIUL PLOIESTI\tPrahova"}