{"specializari": {"INVATATOR - EDUCATOARE": 30, "MATEMATICA-INFORMATICA": 57, "FILOLOGIE": 67}, "limba_moderna": {"LIMBA ENGLEZA": 146, "LIMBA FRANCEZA": 2, "LIMBA SPANIOLA": 6}, "limba_materna": {"LIMBA ROMANA": 154}, "promotie_anterioara": {"NU": 152, "DA": 2}, "materii": {"LIMBA ROMANA": {"medie": 8.249675324675326, "reusita": 100.0, "cnt": 154}, "BIOLOGIE VEGETALA SI ANIMALA": {"medie": 7.0625, "reusita": 100.0, "cnt": 12}, "GENERAL": {"medie": 8.436056644880171, "reusita": 97.40259740259741, "cnt": 154}, "MATEMATICA MATE-INFO": {"medie": 8.518421052631577, "reusita": 98.24561403508771, "cnt": 57}, "INFORMATICA MI C/C++": {"medie": 8.01086956521739, "reusita": 100.0, "cnt": 23}, "MATEMATICA PED": {"medie": 9.080000000000002, "reusita": 100.0, "cnt": 30}, "GEOGRAFIE": {"medie": 9.001960784313727, "reusita": 100.0, "cnt": 51}, "ANATOMIE SI FIZIOLOGIE UMANA, GENETICA SI ECOLOGIE UMANA": {"medie": 8.889999999999999, "reusita": 100.0, "cnt": 5}, "ISTORIE": {"medie": 8.43333333333333, "reusita": 98.50746268656717, "cnt": 67}, "FIZICA TEO": {"medie": 8.544999999999998, "reusita": 100.0, "cnt": 10}, "LOGICA, ARGUMENTARE SI COMUNICARE": {"medie": 8.26304347826087, "reusita": 100.0, "cnt": 23}, "SOCIOLOGIE": {"medie": 8.36923076923077, "reusita": 100.0, "cnt": 13}, "PSIHOLOGIE": {"medie": 9.233333333333333, "reusita": 100.0, "cnt": 6}, "ECONOMIE": {"medie": 8.174999999999999, "reusita": 100.0, "cnt": 4}, "CHIMIE ORGANICA TEO NIVEL I/II": {"medie": 7.925000000000001, "reusita": 100.0, "cnt": 4}, "CHIMIE ANORGANICA TEO NIVEL I/II": {"medie": 7.566666666666666, "reusita": 100.0, "cnt": 3}}, "nume": "COLEGIUL NATIONAL \"ELENA CUZA\"\tBucure\u0219ti"}