{"specializari": {"TEHNICIAN TRANSPORTURI": 10, "TEHNICIAN DE TELECOMUNICATII": 2, "TEHNICIAN INSTALATOR PENTRU CONSTRUCTII": 1, "TEHNICIAN MECANIC PENTRU INTRETINERE SI REPARATII": 5, "TEHNICIAN OPERATOR TEHNICA DE CALCUL": 2, "TEHNICIAN ELECTROTEHNIST": 1, "TEHNICIAN IN CONSTRUCTII SI LUCRARI PUBLICE": 6, "TEHNICIAN MECATRONIST": 1}, "limba_moderna": {"LIMBA ENGLEZA": 28}, "limba_materna": {"LIMBA ROMANA": 28}, "promotie_anterioara": {"DA": 13, "NU": 15}, "materii": {"LIMBA ROMANA": {"medie": 3.7708333333333335, "reusita": 32.142857142857146, "cnt": 28}, "MATEMATICA TEHN": {"medie": 2.2625, "reusita": 14.285714285714285, "cnt": 28}, "BIOLOGIE VEGETALA SI ANIMALA": {"medie": 3.2933333333333334, "reusita": 22.22222222222222, "cnt": 18}, "GENERAL": {"medie": 3.258888888888889, "reusita": 3.571428571428571, "cnt": 28}, "FIZICA TEH": {"medie": 2.783333333333333, "reusita": 10.0, "cnt": 10}}, "nume": "COLEGIUL TEHNIC \"VICEAMIRAL IOAN BALANESCU\" GIURGIU\tGiurgiu"}