{"specializari": {"TEHNICIAN DESENATOR PENTRU CONSTRUCTII SI INSTALATII": 13, "ARHITECTURA, ARTE AMBIENTALE SI DESIGN": 43, "TEHNICIAN DE TELECOMUNICATII": 59, "TEHNICIAN OPERATOR TEHNICA DE CALCUL": 14, "TEHNICIAN DESIGNER MOBILA SI AMENAJARI INTERIOARE": 6, "TEHNICIAN IN PRELUCRAREA LEMNULUI": 1}, "limba_moderna": {"LIMBA ENGLEZA": 134, "LIMBA GERMANA MODERNA": 1, "LIMBA FRANCEZA": 1}, "limba_materna": {"LIMBA ROMANA": 136}, "promotie_anterioara": {"DA": 54, "NU": 82}, "materii": {"LIMBA ROMANA": {"medie": 5.781249999999999, "reusita": 80.14705882352942, "cnt": 136}, "MATEMATICA TEHN": {"medie": 5.160625000000001, "reusita": 61.29032258064516, "cnt": 93}, "BIOLOGIE VEGETALA SI ANIMALA": {"medie": 4.940666666666667, "reusita": 54.761904761904766, "cnt": 84}, "GENERAL": {"medie": 5.595507246376813, "reusita": 34.55882352941176, "cnt": 136}, "GEOGRAFIE": {"medie": 6.871739130434782, "reusita": 80.76923076923077, "cnt": 26}, "FIZICA TEH": {"medie": 3.8285714285714287, "reusita": 37.5, "cnt": 8}, "ISTORIE": {"medie": 6.250000000000001, "reusita": 83.72093023255815, "cnt": 43}, "LOGICA, ARGUMENTARE SI COMUNICARE": {"medie": 4.111111111111111, "reusita": 44.44444444444444, "cnt": 9}, "PSIHOLOGIE": {"medie": 6.1625, "reusita": 100.0, "cnt": 8}, "CHIMIE ORGANICA TEH NIVEL I/II": {"medie": 4.2, "reusita": 0.0, "cnt": 1}}, "nume": "COLEGIUL TEHNIC \"ION MINCU\" MUN.TIMISOARA\tTimi\u0219"}