{"specializari": {"MATEMATICA-INFORMATICA": 101, "STIINTE SOCIALE": 33, "FILOLOGIE": 67, "STIINTE ALE NATURII": 24}, "limba_moderna": {"LIMBA ENGLEZA": 213, "LIMBA SPANIOLA": 2, "LIMBA FRANCEZA": 10}, "limba_materna": {"LIMBA ROMANA": 225}, "promotie_anterioara": {"NU": 224, "DA": 1}, "materii": {"LIMBA ROMANA": {"medie": 8.23125, "reusita": 99.55555555555556, "cnt": 225}, "GENERAL": {"medie": 8.387351190476188, "reusita": 98.22222222222223, "cnt": 225}, "MATEMATICA MATE-INFO": {"medie": 8.527499999999996, "reusita": 98.01980198019803, "cnt": 101}, "INFORMATICA MI C/C++": {"medie": 8.485000000000001, "reusita": 100.0, "cnt": 20}, "GEOGRAFIE": {"medie": 8.830999999999998, "reusita": 100.0, "cnt": 50}, "ANATOMIE SI FIZIOLOGIE UMANA, GENETICA SI ECOLOGIE UMANA": {"medie": 8.376351351351353, "reusita": 97.33333333333334, "cnt": 75}, "ISTORIE": {"medie": 8.320500000000003, "reusita": 100.0, "cnt": 100}, "FIZICA TEO": {"medie": 8.160526315789474, "reusita": 100.0, "cnt": 19}, "MATEMATICA ST-NAT": {"medie": 8.527083333333334, "reusita": 95.83333333333334, "cnt": 24}, "LOGICA, ARGUMENTARE SI COMUNICARE": {"medie": 8.212244897959184, "reusita": 97.95918367346938, "cnt": 49}, "PSIHOLOGIE": {"medie": 9.4, "reusita": 100.0, "cnt": 1}, "CHIMIE ORGANICA TEO NIVEL I/II": {"medie": 9.554545454545455, "reusita": 100.0, "cnt": 11}}, "nume": "COLEGIUL NATIONAL \"GHEORGHE TITEICA\"\tMehedin\u021bi"}