{"specializari": {"TEHNICIAN OPERATOR TEHNICA DE CALCUL": 58, "TEHNICIAN IN AUTOMATIZARI": 19, "TEHNICIAN DE TELECOMUNICATII": 22, "TEHNICIAN ELECTRONIST": 8}, "limba_moderna": {"LIMBA ENGLEZA": 98, "LIMBA FRANCEZA": 9}, "limba_materna": {"LIMBA ROMANA": 107}, "promotie_anterioara": {"NU": 87, "DA": 20}, "materii": {"LIMBA ROMANA": {"medie": 5.6440594059405935, "reusita": 75.70093457943925, "cnt": 107}, "MATEMATICA TEHN": {"medie": 6.325742574257426, "reusita": 80.37383177570094, "cnt": 107}, "BIOLOGIE VEGETALA SI ANIMALA": {"medie": 4.666292134831461, "reusita": 48.93617021276596, "cnt": 94}, "GENERAL": {"medie": 5.632653061224487, "reusita": 34.57943925233645, "cnt": 107}, "FIZICA TEH": {"medie": 5.926923076923076, "reusita": 69.23076923076923, "cnt": 13}}, "nume": "COLEGIUL TEHNIC \"GEORGE BARITIU\" BAIA MARE\tMaramure\u0219"}