{"specializari": {"STIINTE SOCIALE": 1, "STIINTE ALE NATURII": 63, "FILOLOGIE": 35, "MATEMATICA-INFORMATICA": 175}, "limba_moderna": {"LIMBA ENGLEZA": 258, "LIMBA GERMANA MODERNA": 15, "LIMBA FRANCEZA": 1}, "limba_materna": {"LIMBA ROMANA": 217, "LIMBA MAGHIARA": 57}, "promotie_anterioara": {"DA": 4, "NU": 270}, "materii": {"LIMBA ROMANA": {"medie": 8.488138686131384, "reusita": 100.0, "cnt": 274}, "GENERAL": {"medie": 8.747551703163019, "reusita": 98.54014598540147, "cnt": 274}, "MATEMATICA MATE-INFO": {"medie": 8.642857142857142, "reusita": 98.85714285714286, "cnt": 175}, "INFORMATICA MI C/C++": {"medie": 9.236, "reusita": 100.0, "cnt": 25}, "INFORMATICA MI PASCAL": {"medie": 8.529069767441861, "reusita": 100.0, "cnt": 43}, "GEOGRAFIE": {"medie": 8.842857142857143, "reusita": 96.42857142857143, "cnt": 28}, "ANATOMIE SI FIZIOLOGIE UMANA, GENETICA SI ECOLOGIE UMANA": {"medie": 9.097761194029848, "reusita": 99.25373134328358, "cnt": 134}, "ISTORIE": {"medie": 9.01388888888889, "reusita": 100.0, "cnt": 36}, "FIZICA TEO": {"medie": 8.41, "reusita": 100.0, "cnt": 10}, "MATEMATICA ST-NAT": {"medie": 9.192857142857143, "reusita": 100.0, "cnt": 63}, "LOGICA, ARGUMENTARE SI COMUNICARE": {"medie": 9.466666666666667, "reusita": 100.0, "cnt": 3}, "SOCIOLOGIE": {"medie": 8.075, "reusita": 100.0, "cnt": 2}, "PSIHOLOGIE": {"medie": 9.225, "reusita": 100.0, "cnt": 2}, "LIMBA MAGHIARA (REAL)": {"medie": 8.65, "reusita": 100.0, "cnt": 57}, "CHIMIE ORGANICA TEO NIVEL I/II": {"medie": 8.84166666666667, "reusita": 100.0, "cnt": 24}, "CHIMIE ANORGANICA TEO NIVEL I/II": {"medie": 9.3, "reusita": 100.0, "cnt": 1}, "FILOSOFIE": {"medie": 9.8, "reusita": 100.0, "cnt": 1}, "INFORMATICA SN C/C++": {"medie": 7.65, "reusita": 100.0, "cnt": 1}}, "nume": "COLEGIUL NATIONAL \"SILVANIA\" ZALAU\tS\u0103laj"}