{"specializari": {"TEHNICIAN PROIECTANT CAD": 15, "TEHNICIAN TRANSPORTURI": 6, "TEHNICIAN IN TURISM": 43, "MATEMATICA-INFORMATICA": 13, "TEHNICIAN MECATRONIST": 2, "TEHNICIAN PRELUCRARI MECANICE": 11}, "limba_moderna": {"LIMBA ENGLEZA": 86, "LIMBA FRANCEZA": 4}, "limba_materna": {"LIMBA ROMANA": 90}, "promotie_anterioara": {"DA": 43, "NU": 47}, "materii": {"LIMBA ROMANA": {"medie": 4.933928571428571, "reusita": 55.55555555555556, "cnt": 90}, "MATEMATICA TEHN": {"medie": 4.243750000000001, "reusita": 46.75324675324675, "cnt": 77}, "BIOLOGIE VEGETALA SI ANIMALA": {"medie": 4.955555555555557, "reusita": 45.0, "cnt": 20}, "GENERAL": {"medie": 4.944841269841271, "reusita": 20.0, "cnt": 90}, "MATEMATICA MATE-INFO": {"medie": 4.434615384615385, "reusita": 61.53846153846154, "cnt": 13}, "GEOGRAFIE": {"medie": 6.7, "reusita": 93.02325581395348, "cnt": 43}, "FIZICA TEH": {"medie": 2.9312499999999995, "reusita": 0.0, "cnt": 10}, "ANATOMIE SI FIZIOLOGIE UMANA, GENETICA SI ECOLOGIE UMANA": {"medie": 6.58, "reusita": 100.0, "cnt": 10}, "CHIMIE ANORGANICA TEH NIVEL I/II": {"medie": 2.2666666666666666, "reusita": 0.0, "cnt": 7}}, "nume": "COLEGIUL TEHNOLOGIC \"GRIGORE CERCHEZ\"\tBucure\u0219ti"}