{"specializari": {"MATEMATICA-INFORMATICA": 93, "FILOLOGIE": 94, "STIINTE ALE NATURII": 62}, "limba_moderna": {"LIMBA ENGLEZA": 209, "LIMBA FRANCEZA": 31, "LIMBA JAPONEZA": 9}, "limba_materna": {"LIMBA ROMANA": 249}, "promotie_anterioara": {"NU": 248, "DA": 1}, "materii": {"LIMBA ROMANA": {"medie": 8.491365461847387, "reusita": 100.0, "cnt": 249}, "BIOLOGIE VEGETALA SI ANIMALA": {"medie": 8.34, "reusita": 100.0, "cnt": 15}, "GENERAL": {"medie": 8.683333333333335, "reusita": 99.19678714859438, "cnt": 249}, "MATEMATICA MATE-INFO": {"medie": 9.131720430107523, "reusita": 100.0, "cnt": 93}, "INFORMATICA MI C/C++": {"medie": 8.65, "reusita": 100.0, "cnt": 5}, "GEOGRAFIE": {"medie": 9.020967741935483, "reusita": 100.0, "cnt": 31}, "ANATOMIE SI FIZIOLOGIE UMANA, GENETICA SI ECOLOGIE UMANA": {"medie": 8.911249999999999, "reusita": 100.0, "cnt": 40}, "ISTORIE": {"medie": 8.622872340425532, "reusita": 100.0, "cnt": 94}, "FIZICA TEO": {"medie": 8.12042253521127, "reusita": 97.1830985915493, "cnt": 71}, "MATEMATICA ST-NAT": {"medie": 9.344354838709675, "reusita": 100.0, "cnt": 62}, "LOGICA, ARGUMENTARE SI COMUNICARE": {"medie": 8.72, "reusita": 100.0, "cnt": 5}, "SOCIOLOGIE": {"medie": 8.468055555555557, "reusita": 100.0, "cnt": 36}, "PSIHOLOGIE": {"medie": 9.316666666666668, "reusita": 100.0, "cnt": 6}, "ECONOMIE": {"medie": 8.455, "reusita": 100.0, "cnt": 10}, "CHIMIE ORGANICA TEO NIVEL I/II": {"medie": 8.620454545454546, "reusita": 100.0, "cnt": 22}, "CHIMIE ANORGANICA TEO NIVEL I/II": {"medie": 9.25, "reusita": 100.0, "cnt": 2}, "FILOSOFIE": {"medie": 9.149999999999999, "reusita": 100.0, "cnt": 6}}, "nume": "COLEGIUL NATIONAL \"ION CREANGA\"\tBucure\u0219ti"}