{"specializari": {"MATEMATICA-INFORMATICA": 142, "STIINTE ALE NATURII": 30, "FILOLOGIE": 62}, "limba_moderna": {"LIMBA ENGLEZA": 201, "LIMBA FRANCEZA": 31, "LIMBA GERMANA MODERNA": 2}, "limba_materna": {"LIMBA ROMANA": 234}, "promotie_anterioara": {"NU": 234}, "materii": {"LIMBA ROMANA": {"medie": 8.521153846153846, "reusita": 100.0, "cnt": 234}, "BIOLOGIE VEGETALA SI ANIMALA": {"medie": 9.333333333333334, "reusita": 100.0, "cnt": 3}, "GENERAL": {"medie": 8.733974358974365, "reusita": 99.14529914529915, "cnt": 234}, "MATEMATICA MATE-INFO": {"medie": 8.784859154929578, "reusita": 99.29577464788733, "cnt": 142}, "INFORMATICA MI C/C++": {"medie": 8.989344262295084, "reusita": 100.0, "cnt": 61}, "GEOGRAFIE": {"medie": 9.253333333333332, "reusita": 100.0, "cnt": 15}, "ANATOMIE SI FIZIOLOGIE UMANA, GENETICA SI ECOLOGIE UMANA": {"medie": 8.795000000000002, "reusita": 100.0, "cnt": 80}, "ISTORIE": {"medie": 8.756451612903225, "reusita": 100.0, "cnt": 62}, "FIZICA TEO": {"medie": 9.049999999999999, "reusita": 100.0, "cnt": 6}, "MATEMATICA ST-NAT": {"medie": 8.854999999999999, "reusita": 100.0, "cnt": 30}, "LOGICA, ARGUMENTARE SI COMUNICARE": {"medie": 8.704347826086956, "reusita": 100.0, "cnt": 46}, "PSIHOLOGIE": {"medie": 8.2, "reusita": 100.0, "cnt": 1}, "CHIMIE ORGANICA TEO NIVEL I/II": {"medie": 9.113333333333333, "reusita": 100.0, "cnt": 15}, "CHIMIE ANORGANICA TEO NIVEL I/II": {"medie": 8.91, "reusita": 100.0, "cnt": 5}, "INFORMATICA SN C/C++": {"medie": 9.2, "reusita": 100.0, "cnt": 2}}, "nume": "COLEGIUL NATIONAL \"VASILE LUCACIU\" BAIA MARE\tMaramure\u0219"}