{"specializari": {"MATEMATICA-INFORMATICA": 299}, "limba_moderna": {"LIMBA ENGLEZA": 279, "LIMBA FRANCEZA": 10, "LIMBA GERMANA MODERNA": 6, "LIMBA SPANIOLA": 4}, "limba_materna": {"LIMBA ROMANA": 299}, "promotie_anterioara": {"NU": 299}, "materii": {"LIMBA ROMANA": {"medie": 8.910033444816051, "reusita": 100.0, "cnt": 299}, "BIOLOGIE VEGETALA SI ANIMALA": {"medie": 8.994444444444445, "reusita": 100.0, "cnt": 18}, "GENERAL": {"medie": 9.159866220735786, "reusita": 100.0, "cnt": 299}, "MATEMATICA MATE-INFO": {"medie": 9.41839464882943, "reusita": 100.0, "cnt": 299}, "INFORMATICA MI C/C++": {"medie": 9.359782608695653, "reusita": 100.0, "cnt": 46}, "ANATOMIE SI FIZIOLOGIE UMANA, GENETICA SI ECOLOGIE UMANA": {"medie": 9.321052631578947, "reusita": 100.0, "cnt": 19}, "FIZICA TEO": {"medie": 9.083076923076922, "reusita": 100.0, "cnt": 130}, "CHIMIE ORGANICA TEO NIVEL I/II": {"medie": 9.111111111111114, "reusita": 100.0, "cnt": 81}, "CHIMIE ANORGANICA TEO NIVEL I/II": {"medie": 9.57, "reusita": 100.0, "cnt": 5}}, "nume": "COLEGIUL NATIONAL \"MIHAI VITEAZUL\"\tBucure\u0219ti"}