{"specializari": {"FILOLOGIE": 69, "MATEMATICA-INFORMATICA": 101, "STIINTE SOCIALE": 35, "STIINTE ALE NATURII": 32}, "limba_moderna": {"LIMBA FRANCEZA": 37, "LIMBA ENGLEZA": 194, "LIMBA RUSA": 3, "LIMBA ITALIANA": 3}, "limba_materna": {"LIMBA ROMANA": 237}, "promotie_anterioara": {"NU": 222, "DA": 15}, "materii": {"LIMBA ROMANA": {"medie": 7.592127659574469, "reusita": 97.46835443037975, "cnt": 237}, "BIOLOGIE VEGETALA SI ANIMALA": {"medie": 6.3, "reusita": 100.0, "cnt": 1}, "GENERAL": {"medie": 7.942560801144491, "reusita": 89.0295358649789, "cnt": 237}, "MATEMATICA MATE-INFO": {"medie": 7.784000000000001, "reusita": 97.02970297029702, "cnt": 101}, "INFORMATICA MI C/C++": {"medie": 7.523958333333333, "reusita": 93.75, "cnt": 48}, "GEOGRAFIE": {"medie": 8.528061224489798, "reusita": 95.04950495049505, "cnt": 101}, "ANATOMIE SI FIZIOLOGIE UMANA, GENETICA SI ECOLOGIE UMANA": {"medie": 8.175471698113206, "reusita": 100.0, "cnt": 53}, "ISTORIE": {"medie": 7.63578431372549, "reusita": 98.07692307692307, "cnt": 104}, "MATEMATICA ST-NAT": {"medie": 9.020312499999998, "reusita": 100.0, "cnt": 32}, "LOGICA, ARGUMENTARE SI COMUNICARE": {"medie": 8.15, "reusita": 100.0, "cnt": 1}, "PSIHOLOGIE": {"medie": 9.375, "reusita": 100.0, "cnt": 2}, "CHIMIE ORGANICA TEO NIVEL I/II": {"medie": 9.216071428571427, "reusita": 100.0, "cnt": 28}, "CHIMIE ANORGANICA TEO NIVEL I/II": {"medie": 8.183333333333334, "reusita": 100.0, "cnt": 3}}, "nume": "COLEGIUL NATIONAL \"DRAGOS VODA\" SIGHETU MARMATIEI\tMaramure\u0219"}