{"specializari": {"TEHNICIAN ELECTRICIAN/ELECTRONIST AUTO": 14, "TEHNICIAN IN AUTOMATIZARI": 9, "TEHNICIAN TRANSPORTURI": 6, "TEHNICIAN DESENATOR PENTRU CONSTRUCTII SI INSTALATII": 1, "TEHNICIAN OPERATOR TEHNICA DE CALCUL": 1, "TEHNICIAN ELECTROTEHNIST": 1}, "limba_moderna": {"LIMBA ENGLEZA": 32}, "limba_materna": {"LIMBA ROMANA": 31, "LIMBA MAGHIARA": 1}, "promotie_anterioara": {"NU": 15, "DA": 17}, "materii": {"LIMBA ROMANA": {"medie": 5.729032258064516, "reusita": 90.625, "cnt": 32}, "MATEMATICA TEHN": {"medie": 6.220967741935484, "reusita": 93.75, "cnt": 32}, "BIOLOGIE VEGETALA SI ANIMALA": {"medie": 4.222727272727273, "reusita": 30.434782608695656, "cnt": 23}, "GENERAL": {"medie": 5.3405172413793105, "reusita": 15.625, "cnt": 32}, "FIZICA TEH": {"medie": 4.288888888888889, "reusita": 22.22222222222222, "cnt": 9}, "LIMBA MAGHIARA (REAL)": {"medie": 6.0, "reusita": 100.0, "cnt": 1}}, "nume": "COLEGIUL TEHNIC DE TRANSPORTURI \"TRANSILVANIA\" CLUJ-NAPOCA\tCluj"}