{"specializari": {"FILOLOGIE": 89, "STIINTE ALE NATURII": 31, "MATEMATICA-INFORMATICA": 55}, "limba_moderna": {"LIMBA ENGLEZA": 103, "LIMBA FRANCEZA": 55, "LIMBA GERMANA MODERNA": 17}, "limba_materna": {"LIMBA ROMANA": 175}, "promotie_anterioara": {"NU": 175}, "materii": {"LIMBA ROMANA": {"medie": 8.880857142857144, "reusita": 100.0, "cnt": 175}, "BIOLOGIE VEGETALA SI ANIMALA": {"medie": 9.8, "reusita": 100.0, "cnt": 1}, "GENERAL": {"medie": 8.93888888888889, "reusita": 98.85714285714286, "cnt": 175}, "MATEMATICA MATE-INFO": {"medie": 8.93, "reusita": 100.0, "cnt": 55}, "INFORMATICA MI C/C++": {"medie": 8.476315789473682, "reusita": 100.0, "cnt": 19}, "GEOGRAFIE": {"medie": 9.383333333333335, "reusita": 100.0, "cnt": 54}, "ANATOMIE SI FIZIOLOGIE UMANA, GENETICA SI ECOLOGIE UMANA": {"medie": 9.082456140350876, "reusita": 100.0, "cnt": 57}, "ISTORIE": {"medie": 8.812499999999998, "reusita": 98.87640449438202, "cnt": 89}, "FIZICA TEO": {"medie": 8.2375, "reusita": 75.0, "cnt": 4}, "MATEMATICA ST-NAT": {"medie": 9.288709677419353, "reusita": 96.7741935483871, "cnt": 31}, "LOGICA, ARGUMENTARE SI COMUNICARE": {"medie": 9.053333333333335, "reusita": 100.0, "cnt": 15}, "SOCIOLOGIE": {"medie": 8.426470588235293, "reusita": 100.0, "cnt": 17}, "PSIHOLOGIE": {"medie": 8.825, "reusita": 100.0, "cnt": 2}, "ECONOMIE": {"medie": 8.8, "reusita": 100.0, "cnt": 1}, "CHIMIE ORGANICA TEO NIVEL I/II": {"medie": 8.925, "reusita": 100.0, "cnt": 2}, "CHIMIE ANORGANICA TEO NIVEL I/II": {"medie": 9.649999999999999, "reusita": 100.0, "cnt": 2}, "INFORMATICA SN C/C++": {"medie": 6.0, "reusita": 100.0, "cnt": 1}}, "nume": "COLEGIUL NATIONAL \"MIHAI EMINESCU\", IASI\tIa\u0219i"}