{"specializari": {"TEHNICIAN ECOLOG SI PROTECTIA CALITATII MEDIULUI": 40, "TEHNICIAN IN INSTALATII ELECTRICE": 8, "TEHNICIAN IN INDUSTRIA TEXTILA": 1, "TEHNICIAN ANALIZE PRODUSE ALIMENTARE": 33, "TEHNICIAN IN CHIMIE INDUSTRIALA": 3, "TEHNICIAN CHIMIST DE LABORATOR": 4, "TEHNICIAN OPERATOR TEHNICA DE CALCUL": 3}, "limba_moderna": {"LIMBA ENGLEZA": 83, "LIMBA FRANCEZA": 9}, "limba_materna": {"LIMBA ROMANA": 92}, "promotie_anterioara": {"NU": 62, "DA": 30}, "materii": {"LIMBA ROMANA": {"medie": 6.301685393258425, "reusita": 90.21739130434783, "cnt": 92}, "MATEMATICA TEHN": {"medie": 6.285795454545454, "reusita": 82.6086956521739, "cnt": 92}, "BIOLOGIE VEGETALA SI ANIMALA": {"medie": 4.328125, "reusita": 33.33333333333333, "cnt": 18}, "GENERAL": {"medie": 6.433529411764703, "reusita": 53.2608695652174, "cnt": 92}, "FIZICA TEH": {"medie": 7.8, "reusita": 100.0, "cnt": 1}, "ANATOMIE SI FIZIOLOGIE UMANA, GENETICA SI ECOLOGIE UMANA": {"medie": 7.008823529411765, "reusita": 87.5, "cnt": 72}, "CHIMIE ANORGANICA TEH NIVEL I/II": {"medie": 9.65, "reusita": 100.0, "cnt": 1}}, "nume": "COLEGIUL TEHNIC \"G-RAL GHEORGHE MAGHERU\" TG-JIU\tGorj"}