{"specializari": {"TEHNICIAN IN ACTIVITATI ECONOMICE": 75, "ORGANIZATOR BANQUETING": 31, "TEHNICIAN IN TURISM": 20, "TEHNICIAN IN ACTIVITATI DE COMERT": 38, "TEHNICIAN IN ACHIZITII SI CONTRACTARI": 16}, "limba_moderna": {"LIMBA ENGLEZA": 159, "LIMBA FRANCEZA": 14, "LIMBA GERMANA MODERNA": 7}, "limba_materna": {"LIMBA ROMANA": 166, "LIMBA MAGHIARA": 14}, "promotie_anterioara": {"NU": 144, "DA": 36}, "materii": {"LIMBA ROMANA": {"medie": 5.67122905027933, "reusita": 83.33333333333334, "cnt": 180}, "MATEMATICA TEHN": {"medie": 6.70083333333333, "reusita": 92.22222222222223, "cnt": 180}, "GENERAL": {"medie": 6.43156779661017, "reusita": 63.888888888888886, "cnt": 180}, "GEOGRAFIE": {"medie": 6.920977011494249, "reusita": 91.42857142857143, "cnt": 175}, "PSIHOLOGIE": {"medie": 7.1, "reusita": 100.0, "cnt": 1}, "ECONOMIE": {"medie": 5.1, "reusita": 75.0, "cnt": 4}, "LIMBA MAGHIARA (REAL)": {"medie": 6.389285714285714, "reusita": 100.0, "cnt": 14}}, "nume": "COLEGIUL ECONOMIC \"GHEORGHE DRAGOS\" SATU MARE\tSatu-Mare"}