{"specializari": {"STIINTE ALE NATURII": 51, "TEHNICIAN MECANIC PENTRU INTRETINERE SI REPARATII": 7, "TEHNICIAN ELECTROMECANIC": 25, "TEHNICIAN IN AUTOMATIZARI": 27, "TEHNICIAN MECATRONIST": 2, "TEHNICIAN ELECTROTEHNIST": 3}, "limba_moderna": {"LIMBA ENGLEZA": 85, "LIMBA FRANCEZA": 30}, "limba_materna": {"LIMBA ROMANA": 115}, "promotie_anterioara": {"NU": 97, "DA": 18}, "materii": {"LIMBA ROMANA": {"medie": 5.410810810810812, "reusita": 64.34782608695652, "cnt": 115}, "MATEMATICA TEHN": {"medie": 3.7853448275862065, "reusita": 34.375, "cnt": 64}, "BIOLOGIE VEGETALA SI ANIMALA": {"medie": 3.7820754716981124, "reusita": 30.357142857142854, "cnt": 56}, "GENERAL": {"medie": 5.179647435897435, "reusita": 33.04347826086956, "cnt": 115}, "FIZICA TEH": {"medie": 3.6000000000000005, "reusita": 25.0, "cnt": 8}, "ANATOMIE SI FIZIOLOGIE UMANA, GENETICA SI ECOLOGIE UMANA": {"medie": 7.058695652173915, "reusita": 95.74468085106383, "cnt": 47}, "FIZICA TEO": {"medie": 4.075, "reusita": 33.33333333333333, "cnt": 3}, "MATEMATICA ST-NAT": {"medie": 5.62857142857143, "reusita": 72.54901960784314, "cnt": 51}, "CHIMIE ANORGANICA TEO NIVEL I/II": {"medie": 5.1, "reusita": 100.0, "cnt": 1}}, "nume": "COLEGIUL \"GHEORGHE TATARESCU\" ROVINARI\tGorj"}