{"specializari": {"TEHNICIAN IN TURISM": 10, "TEHNICIAN VETERINAR": 7, "TEHNICIAN IN ACTIVITATI DE COMERT": 4, "TEHNICIAN IN ACTIVITATI ECONOMICE": 1, "FILOLOGIE": 1, "TEHNICIAN ECOLOG SI PROTECTIA CALITATII MEDIULUI": 2, "TEHNICIAN IN ADMINISTRATIE": 1}, "limba_moderna": {"LIMBA ENGLEZA": 24, "LIMBA FRANCEZA": 2}, "limba_materna": {"LIMBA ROMANA": 26}, "promotie_anterioara": {"NU": 11, "DA": 15}, "materii": {"LIMBA ROMANA": {"medie": 5.215999999999999, "reusita": 65.38461538461539, "cnt": 26}, "MATEMATICA TEHN": {"medie": 5.386000000000001, "reusita": 72.0, "cnt": 25}, "BIOLOGIE VEGETALA SI ANIMALA": {"medie": 5.221428571428571, "reusita": 71.42857142857143, "cnt": 7}, "GENERAL": {"medie": 5.785999999999999, "reusita": 38.46153846153847, "cnt": 26}, "GEOGRAFIE": {"medie": 7.002941176470589, "reusita": 88.23529411764706, "cnt": 17}, "ANATOMIE SI FIZIOLOGIE UMANA, GENETICA SI ECOLOGIE UMANA": {"medie": 6.35, "reusita": 100.0, "cnt": 2}, "ISTORIE": {"medie": 7.85, "reusita": 100.0, "cnt": 1}}, "nume": "COLEGIUL \"EMIL NEGRUTIU\" TURDA\tCluj"}