{"specializari": {"TEHNICIAN IN ACTIVITATI ECONOMICE": 24, "COAFOR STILIST": 39, "TEHNICIAN IN GASTRONOMIE": 11, "ORGANIZATOR BANQUETING": 5, "TEHNICIAN MECATRONIST": 6, "TEHNICIAN MECANIC PENTRU INTRETINERE SI REPARATII": 1}, "limba_moderna": {"LIMBA ENGLEZA": 85, "LIMBA FRANCEZA": 1}, "limba_materna": {"LIMBA ROMANA": 86}, "promotie_anterioara": {"DA": 46, "NU": 40}, "materii": {"LIMBA ROMANA": {"medie": 4.8680722891566255, "reusita": 62.7906976744186, "cnt": 86}, "MATEMATICA TEHN": {"medie": 4.61875, "reusita": 53.48837209302325, "cnt": 86}, "BIOLOGIE VEGETALA SI ANIMALA": {"medie": 4.05, "reusita": 50.0, "cnt": 6}, "GENERAL": {"medie": 5.083974358974361, "reusita": 25.581395348837212, "cnt": 86}, "GEOGRAFIE": {"medie": 6.19142857142857, "reusita": 72.0, "cnt": 75}, "FIZICA TEH": {"medie": 4.6, "reusita": 0.0, "cnt": 1}, "LOGICA, ARGUMENTARE SI COMUNICARE": {"medie": 2.525, "reusita": 0.0, "cnt": 2}, "PSIHOLOGIE": {"medie": 5.3, "reusita": 50.0, "cnt": 2}}, "nume": "COLEGIUL UCECOM \"SPIRU HARET\"\tBucure\u0219ti"}