{"specializari": {"TEHNICIAN ELECTRICIAN/ELECTRONIST AUTO": 9, "TEHNICIAN TRANSPORTURI": 10, "TEHNICIAN MECATRONIST": 10, "MATEMATICA-INFORMATICA": 2}, "limba_moderna": {"LIMBA FRANCEZA": 1, "LIMBA ENGLEZA": 30}, "limba_materna": {"LIMBA ROMANA": 31}, "promotie_anterioara": {"DA": 15, "NU": 16}, "materii": {"LIMBA ROMANA": {"medie": 5.112903225806452, "reusita": 67.74193548387096, "cnt": 31}, "MATEMATICA TEHN": {"medie": 4.976785714285714, "reusita": 51.724137931034484, "cnt": 29}, "BIOLOGIE VEGETALA SI ANIMALA": {"medie": 4.367307692307692, "reusita": 37.03703703703704, "cnt": 27}, "GENERAL": {"medie": 4.872777777777778, "reusita": 22.58064516129032, "cnt": 31}, "MATEMATICA MATE-INFO": {"medie": 3.25, "reusita": 50.0, "cnt": 2}, "FIZICA TEH": {"medie": 6.883333333333333, "reusita": 66.66666666666666, "cnt": 3}, "ANATOMIE SI FIZIOLOGIE UMANA, GENETICA SI ECOLOGIE UMANA": {"medie": 5.0, "reusita": 100.0, "cnt": 1}}, "nume": "COLEGIUL TEHNIC DE TRANSPORTURI, MUNICIPIUL PIATRA-NEAMT\tNeam\u021b"}