{"specializari": {"TEHNICIAN ANALIZE PRODUSE ALIMENTARE": 19, "TEHNICIAN ECOLOG SI PROTECTIA CALITATII MEDIULUI": 18, "TEHNICIAN IN INDUSTRIA ALIMENTARA": 30, "TEHNICIAN MECATRONIST": 5, "TEHNICIAN IN AUTOMATIZARI": 14, "TEHNICIAN IN TURISM": 27}, "limba_moderna": {"LIMBA FRANCEZA": 4, "LIMBA ENGLEZA": 109}, "limba_materna": {"LIMBA ROMANA": 113}, "promotie_anterioara": {"DA": 24, "NU": 89}, "materii": {"LIMBA ROMANA": {"medie": 6.3201834862385295, "reusita": 88.49557522123894, "cnt": 113}, "MATEMATICA TEHN": {"medie": 6.203809523809526, "reusita": 76.99115044247787, "cnt": 113}, "BIOLOGIE VEGETALA SI ANIMALA": {"medie": 4.4, "reusita": 30.76923076923077, "cnt": 13}, "GENERAL": {"medie": 6.420550161812295, "reusita": 57.52212389380531, "cnt": 113}, "GEOGRAFIE": {"medie": 8.040384615384614, "reusita": 96.29629629629629, "cnt": 27}, "FIZICA TEH": {"medie": 7.65, "reusita": 100.0, "cnt": 8}, "ANATOMIE SI FIZIOLOGIE UMANA, GENETICA SI ECOLOGIE UMANA": {"medie": 6.244827586206897, "reusita": 71.875, "cnt": 64}, "CHIMIE ORGANICA TEH NIVEL I/II": {"medie": 9.45, "reusita": 100.0, "cnt": 1}}, "nume": "COLEGIUL TEHNIC DE INDUSTRIE ALIMENTARA SUCEAVA\tSuceava"}