{"specializari": {"COAFOR STILIST": 7, "TEHNICIAN IN INSTALATII ELECTRICE": 6, "TEHNICIAN ELECTROTEHNIST": 1, "TEHNICIAN PRELUCRARI MECANICE": 1, "TEHNICIAN DE TELECOMUNICATII": 2, "TEHNICIAN ELECTROMECANIC": 5, "TEHNICIAN ELECTRONIST": 1, "TEHNICIAN OPERATOR TEHNICA DE CALCUL": 2, "TEHNICIAN MECANIC PENTRU INTRETINERE SI REPARATII": 1, "TEHNICIAN MECATRONIST": 1}, "limba_moderna": {"LIMBA ENGLEZA": 20, "LIMBA FRANCEZA": 5, "LIMBA GERMANA MODERNA": 2}, "limba_materna": {"LIMBA ROMANA": 27}, "promotie_anterioara": {"NU": 7, "DA": 20}, "materii": {"LIMBA ROMANA": {"medie": 5.3999999999999995, "reusita": 77.77777777777779, "cnt": 27}, "MATEMATICA TEHN": {"medie": 4.855555555555555, "reusita": 62.96296296296296, "cnt": 27}, "BIOLOGIE VEGETALA SI ANIMALA": {"medie": 5.416666666666667, "reusita": 66.66666666666666, "cnt": 15}, "GENERAL": {"medie": 5.325308641975308, "reusita": 44.44444444444444, "cnt": 27}, "GEOGRAFIE": {"medie": 7.328571428571428, "reusita": 85.71428571428571, "cnt": 7}, "FIZICA TEH": {"medie": 5.0, "reusita": 100.0, "cnt": 1}, "CHIMIE ANORGANICA TEH NIVEL I/II": {"medie": 5.4, "reusita": 100.0, "cnt": 2}, "CHIMIE ORGANICA TEH NIVEL I/II": {"medie": 3.05, "reusita": 0.0, "cnt": 2}}, "nume": "COLEGIUL TEHNIC RESITA\tCara\u0219-Severin"}