{"specializari": {"STIINTE SOCIALE": 32, "STIINTE ALE NATURII": 119, "MATEMATICA-INFORMATICA": 21}, "limba_moderna": {"LIMBA ENGLEZA": 118, "LIMBA GERMANA MODERNA": 7, "LIMBA SPANIOLA": 16, "LIMBA FRANCEZA": 31}, "limba_materna": {"LIMBA ROMANA": 172}, "promotie_anterioara": {"NU": 166, "DA": 6}, "materii": {"LIMBA ROMANA": {"medie": 7.928070175438598, "reusita": 97.67441860465115, "cnt": 172}, "BIOLOGIE VEGETALA SI ANIMALA": {"medie": 7.341176470588234, "reusita": 94.44444444444444, "cnt": 18}, "GENERAL": {"medie": 8.08980392156863, "reusita": 94.18604651162791, "cnt": 172}, "MATEMATICA MATE-INFO": {"medie": 8.0225, "reusita": 95.23809523809523, "cnt": 21}, "INFORMATICA MI C/C++": {"medie": 7.683333333333333, "reusita": 100.0, "cnt": 9}, "GEOGRAFIE": {"medie": 8.716666666666667, "reusita": 100.0, "cnt": 6}, "ANATOMIE SI FIZIOLOGIE UMANA, GENETICA SI ECOLOGIE UMANA": {"medie": 8.568918918918918, "reusita": 98.66666666666667, "cnt": 75}, "ISTORIE": {"medie": 8.410937499999998, "reusita": 100.0, "cnt": 32}, "FIZICA TEO": {"medie": 6.1071428571428585, "reusita": 100.0, "cnt": 7}, "MATEMATICA ST-NAT": {"medie": 8.132352941176471, "reusita": 100.0, "cnt": 119}, "LOGICA, ARGUMENTARE SI COMUNICARE": {"medie": 8.546153846153846, "reusita": 100.0, "cnt": 26}, "CHIMIE ORGANICA TEO NIVEL I/II": {"medie": 7.87, "reusita": 100.0, "cnt": 10}, "CHIMIE ANORGANICA TEO NIVEL I/II": {"medie": 7.762499999999998, "reusita": 95.0, "cnt": 20}, "INFORMATICA SN C/C++": {"medie": 5.6, "reusita": 100.0, "cnt": 1}}, "nume": "COLEGIUL DE STIINTE ALE NATURII \"EMIL RACOVITA\" BRASOV\tBra\u0219ov"}