{"specializari": {"MATEMATICA-INFORMATICA": 23, "TEHNICIAN IN ACTIVITATI ECONOMICE": 28, "TEHNICIAN TRANSPORTURI": 28, "TEHNICIAN IN ACTIVITATI DE COMERT": 27, "TEHNICIAN IN AUTOMATIZARI": 24, "TEHNICIAN IN PRELUCRAREA LEMNULUI": 7}, "limba_moderna": {"LIMBA ENGLEZA": 80, "LIMBA FRANCEZA": 57}, "limba_materna": {"LIMBA ROMANA": 137}, "promotie_anterioara": {"DA": 14, "NU": 123}, "materii": {"LIMBA ROMANA": {"medie": 6.430952380952381, "reusita": 78.83211678832117, "cnt": 137}, "MATEMATICA TEHN": {"medie": 5.873584905660374, "reusita": 71.05263157894737, "cnt": 114}, "BIOLOGIE VEGETALA SI ANIMALA": {"medie": 3.9634146341463423, "reusita": 32.0, "cnt": 50}, "GENERAL": {"medie": 5.9693766937669395, "reusita": 51.09489051094891, "cnt": 137}, "MATEMATICA MATE-INFO": {"medie": 4.125, "reusita": 43.47826086956522, "cnt": 23}, "INFORMATICA MI PASCAL": {"medie": 4.2875, "reusita": 46.15384615384615, "cnt": 13}, "GEOGRAFIE": {"medie": 7.570000000000004, "reusita": 100.0, "cnt": 55}, "FIZICA TEH": {"medie": 5.366666666666667, "reusita": 38.46153846153847, "cnt": 13}, "ANATOMIE SI FIZIOLOGIE UMANA, GENETICA SI ECOLOGIE UMANA": {"medie": 7.0125, "reusita": 100.0, "cnt": 4}, "FIZICA TEO": {"medie": 7.05, "reusita": 100.0, "cnt": 1}, "CHIMIE ANORGANICA TEO NIVEL I/II": {"medie": 4.5, "reusita": 0.0, "cnt": 1}}, "nume": "COLEGIUL TEHNIC \"IULIU MANIU\" SIMLEU SILVANIEI\tS\u0103laj"}