{"specializari": {"TEHNICIAN IN ACTIVITATI ECONOMICE": 50, "TEHNICIAN IN ACTIVITATI DE COMERT": 19, "TEHNICIAN IN GASTRONOMIE": 26, "TEHNICIAN IN ADMINISTRATIE": 7}, "limba_moderna": {"LIMBA FRANCEZA": 15, "LIMBA ENGLEZA": 87}, "limba_materna": {"LIMBA ROMANA": 102}, "promotie_anterioara": {"NU": 87, "DA": 15}, "materii": {"LIMBA ROMANA": {"medie": 5.860891089108914, "reusita": 88.23529411764706, "cnt": 102}, "MATEMATICA TEHN": {"medie": 6.467500000000001, "reusita": 85.29411764705883, "cnt": 102}, "GENERAL": {"medie": 6.572727272727272, "reusita": 66.66666666666666, "cnt": 102}, "GEOGRAFIE": {"medie": 7.47439024390244, "reusita": 97.61904761904762, "cnt": 84}, "ECONOMIE": {"medie": 6.7027777777777775, "reusita": 88.88888888888889, "cnt": 18}}, "nume": "COLEGIUL ECONOMIC \"ION GHICA\"\tBr\u0103ila"}