{"specializari": {"TEHNICIAN IN INDUSTRIA TEXTILA": 3, "TEHNICIAN IN ACTIVITATI ECONOMICE": 25, "INVATATOR - EDUCATOARE": 24, "TEHNICIAN IN INSTALATII ELECTRICE": 15, "TEHNICIAN IN AUTOMATIZARI": 3, "FILOLOGIE": 1, "TEHNICIAN IN PRELUCRAREA LEMNULUI": 7, "TEHNICIAN MECANIC PENTRU INTRETINERE SI REPARATII": 2, "ORGANIZATOR BANQUETING": 2}, "limba_moderna": {"LIMBA ENGLEZA": 81, "LIMBA FRANCEZA": 1}, "limba_materna": {"LIMBA ROMANA": 82}, "promotie_anterioara": {"DA": 19, "NU": 63}, "materii": {"LIMBA ROMANA": {"medie": 5.996296296296293, "reusita": 80.48780487804879, "cnt": 82}, "MATEMATICA TEHN": {"medie": 5.242105263157895, "reusita": 73.68421052631578, "cnt": 57}, "BIOLOGIE VEGETALA SI ANIMALA": {"medie": 3.9410714285714286, "reusita": 35.714285714285715, "cnt": 28}, "GENERAL": {"medie": 5.918106995884775, "reusita": 47.5609756097561, "cnt": 82}, "MATEMATICA PED": {"medie": 7.084782608695652, "reusita": 87.5, "cnt": 24}, "GEOGRAFIE": {"medie": 7.025961538461539, "reusita": 88.46153846153845, "cnt": 52}, "FIZICA TEH": {"medie": 6.95, "reusita": 100.0, "cnt": 2}, "ISTORIE": {"medie": 6.75, "reusita": 100.0, "cnt": 1}}, "nume": "COLEGIUL NATIONAL \"MIHAI EMINESCU\" TOPLITA\tHarghita"}