{"specializari": {"TEHNICIAN CHIMIST DE LABORATOR": 1, "TEHNICIAN IN TURISM": 11, "TEHNICIAN MECATRONIST": 3, "MATEMATICA-INFORMATICA": 1}, "limba_moderna": {"LIMBA ENGLEZA": 16}, "limba_materna": {"LIMBA ROMANA": 16}, "promotie_anterioara": {"DA": 4, "NU": 12}, "materii": {"LIMBA ROMANA": {"medie": 6.4593750000000005, "reusita": 100.0, "cnt": 16}, "MATEMATICA TEHN": {"medie": 5.956666666666666, "reusita": 86.66666666666667, "cnt": 15}, "BIOLOGIE VEGETALA SI ANIMALA": {"medie": 4.319999999999999, "reusita": 40.0, "cnt": 5}, "GENERAL": {"medie": 6.245833333333334, "reusita": 62.5, "cnt": 16}, "MATEMATICA MATE-INFO": {"medie": 4.1, "reusita": 0.0, "cnt": 1}, "GEOGRAFIE": {"medie": 7.4, "reusita": 100.0, "cnt": 11}}, "nume": "COLEGIUL TEHNIC \"DR. ALEXANDRU BARBAT\" VICTORIA\tBra\u0219ov"}