{"specializari": {"ARHITECTURA, ARTE AMBIENTALE SI DESIGN": 60, "MATEMATICA-INFORMATICA": 15, "TEHNICIAN DESENATOR PENTRU CONSTRUCTII SI INSTALATII": 20}, "limba_moderna": {"LIMBA ENGLEZA": 92, "LIMBA FRANCEZA": 3}, "limba_materna": {"LIMBA ROMANA": 95}, "promotie_anterioara": {"NU": 52, "DA": 43}, "materii": {"LIMBA ROMANA": {"medie": 6.2913043478260855, "reusita": 90.52631578947368, "cnt": 95}, "MATEMATICA TEHN": {"medie": 6.1305555555555555, "reusita": 80.0, "cnt": 20}, "BIOLOGIE VEGETALA SI ANIMALA": {"medie": 5.330357142857144, "reusita": 64.51612903225806, "cnt": 31}, "GENERAL": {"medie": 6.207854406130267, "reusita": 51.578947368421055, "cnt": 95}, "MATEMATICA MATE-INFO": {"medie": 4.542857142857144, "reusita": 60.0, "cnt": 15}, "GEOGRAFIE": {"medie": 7.365853658536587, "reusita": 100.0, "cnt": 41}, "ISTORIE": {"medie": 6.062068965517244, "reusita": 80.0, "cnt": 60}, "FIZICA TEO": {"medie": 5.300000000000001, "reusita": 33.33333333333333, "cnt": 3}, "LOGICA, ARGUMENTARE SI COMUNICARE": {"medie": 6.327272727272727, "reusita": 69.23076923076923, "cnt": 13}, "PSIHOLOGIE": {"medie": 8.05, "reusita": 100.0, "cnt": 2}, "ECONOMIE": {"medie": 3.9625, "reusita": 50.0, "cnt": 4}, "CHIMIE ORGANICA TEH NIVEL I/II": {"medie": 5.0, "reusita": 100.0, "cnt": 1}}, "nume": "COLEGIUL TEHNIC DE ARHITECTURA SI LUCRARI PUBLICE \"IOAN N. SOCOLESCU\"\tBucure\u0219ti"}