{"specializari": {"MATEMATICA-INFORMATICA": 145}, "limba_moderna": {"LIMBA ENGLEZA": 136, "LIMBA FRANCEZA": 5, "LIMBA GERMANA MODERNA": 4}, "limba_materna": {"LIMBA ROMANA": 145}, "promotie_anterioara": {"NU": 145}, "materii": {"LIMBA ROMANA": {"medie": 8.260689655172412, "reusita": 99.3103448275862, "cnt": 145}, "BIOLOGIE VEGETALA SI ANIMALA": {"medie": 8.283333333333333, "reusita": 100.0, "cnt": 3}, "GENERAL": {"medie": 8.483218390804595, "reusita": 98.62068965517241, "cnt": 145}, "MATEMATICA MATE-INFO": {"medie": 8.766551724137928, "reusita": 100.0, "cnt": 145}, "INFORMATICA MI C/C++": {"medie": 8.391666666666667, "reusita": 100.0, "cnt": 108}, "ANATOMIE SI FIZIOLOGIE UMANA, GENETICA SI ECOLOGIE UMANA": {"medie": 9.025000000000002, "reusita": 100.0, "cnt": 20}, "FIZICA TEO": {"medie": 7.075, "reusita": 87.5, "cnt": 8}, "CHIMIE ORGANICA TEO NIVEL I/II": {"medie": 8.65, "reusita": 100.0, "cnt": 3}, "CHIMIE ANORGANICA TEO NIVEL I/II": {"medie": 9.016666666666667, "reusita": 100.0, "cnt": 3}}, "nume": "COLEGIUL NATIONAL DE INFORMATICA \"GR. MOISIL\" BRASOV\tBra\u0219ov"}