{"specializari": {"MATEMATICA-INFORMATICA": 24, "TEHNICIAN MECANIC PENTRU INTRETINERE SI REPARATII": 1, "TEHNICIAN ELECTRONIST": 13, "TEHNICIAN MECATRONIST": 19, "TEHNICIAN IN ACTIVITATI ECONOMICE": 42, "TEHNICIAN IN ACTIVITATI DE COMERT": 25, "FILOLOGIE": 36, "TEHNICIAN ELECTROTEHNIST": 1, "STIINTE ALE NATURII": 18, "TEHNICIAN TRANSPORTURI": 1}, "limba_moderna": {"LIMBA ENGLEZA": 135, "LIMBA FRANCEZA": 45}, "limba_materna": {"LIMBA ROMANA": 180}, "promotie_anterioara": {"NU": 153, "DA": 27}, "materii": {"LIMBA ROMANA": {"medie": 6.469886363636363, "reusita": 82.22222222222221, "cnt": 180}, "MATEMATICA TEHN": {"medie": 5.011979166666669, "reusita": 52.94117647058824, "cnt": 102}, "BIOLOGIE VEGETALA SI ANIMALA": {"medie": 4.446153846153846, "reusita": 46.42857142857143, "cnt": 28}, "GENERAL": {"medie": 6.635672514619883, "reusita": 60.55555555555555, "cnt": 180}, "MATEMATICA MATE-INFO": {"medie": 8.695833333333333, "reusita": 100.0, "cnt": 24}, "INFORMATICA MI C/C++": {"medie": 9.566666666666665, "reusita": 100.0, "cnt": 3}, "GEOGRAFIE": {"medie": 7.15360824742268, "reusita": 89.0, "cnt": 100}, "FIZICA TEH": {"medie": 5.278571428571429, "reusita": 42.857142857142854, "cnt": 7}, "ANATOMIE SI FIZIOLOGIE UMANA, GENETICA SI ECOLOGIE UMANA": {"medie": 8.467241379310344, "reusita": 100.0, "cnt": 29}, "ISTORIE": {"medie": 7.847222222222222, "reusita": 100.0, "cnt": 36}, "FIZICA TEO": {"medie": 8.584999999999999, "reusita": 100.0, "cnt": 10}, "MATEMATICA ST-NAT": {"medie": 7.169444444444445, "reusita": 88.88888888888889, "cnt": 18}, "PSIHOLOGIE": {"medie": 8.2, "reusita": 100.0, "cnt": 1}, "ECONOMIE": {"medie": 4.6, "reusita": 50.0, "cnt": 2}}, "nume": "COLEGIUL \"MIHAI VITEAZUL\" INEU\tArad"}