{"specializari": {"STIINTE SOCIALE": 57, "TEOLOGIE ROMANO-CATOLICA": 16, "MATEMATICA-INFORMATICA": 22}, "limba_moderna": {"LIMBA ENGLEZA": 91, "LIMBA FRANCEZA": 4}, "limba_materna": {"LIMBA ROMANA": 95}, "promotie_anterioara": {"NU": 91, "DA": 4}, "materii": {"LIMBA ROMANA": {"medie": 8.091578947368422, "reusita": 100.0, "cnt": 95}, "BIOLOGIE VEGETALA SI ANIMALA": {"medie": 7.5200000000000005, "reusita": 83.33333333333334, "cnt": 6}, "GENERAL": {"medie": 8.135992907801416, "reusita": 95.78947368421052, "cnt": 95}, "MATEMATICA MATE-INFO": {"medie": 7.6499999999999995, "reusita": 86.36363636363636, "cnt": 22}, "INFORMATICA MI C/C++": {"medie": 8.775, "reusita": 100.0, "cnt": 6}, "GEOGRAFIE": {"medie": 7.896875, "reusita": 100.0, "cnt": 16}, "ISTORIE": {"medie": 7.687671232876714, "reusita": 100.0, "cnt": 73}, "FIZICA TEO": {"medie": 8.9, "reusita": 100.0, "cnt": 2}, "LOGICA, ARGUMENTARE SI COMUNICARE": {"medie": 9.157446808510638, "reusita": 100.0, "cnt": 47}, "SOCIOLOGIE": {"medie": 9.1, "reusita": 100.0, "cnt": 1}, "PSIHOLOGIE": {"medie": 8.959999999999999, "reusita": 100.0, "cnt": 5}, "CHIMIE ORGANICA TEO NIVEL I/II": {"medie": 7.033333333333332, "reusita": 100.0, "cnt": 3}, "CHIMIE ANORGANICA TEO NIVEL I/II": {"medie": 6.119999999999999, "reusita": 100.0, "cnt": 5}, "FILOSOFIE": {"medie": 8.575, "reusita": 100.0, "cnt": 4}}, "nume": "COLEGIUL NATIONAL CATOLIC \"SF.IOSIF\" BACAU\tBac\u0103u"}