{"specializari": {"TEHNICIAN CHIMIST DE LABORATOR": 23, "TEHNICIAN IN INDUSTRIA PIELARIEI": 13, "COAFOR STILIST": 54, "TEHNICIAN IN INDUSTRIA STICLEI SI CERAMICII": 8, "TEHNICIAN DESIGNER VESTIMENTAR": 10, "STIINTE ALE NATURII": 4, "TEHNICIAN IN INDUSTRIA TEXTILA": 2}, "limba_moderna": {"LIMBA ENGLEZA": 114}, "limba_materna": {"LIMBA ROMANA": 114}, "promotie_anterioara": {"NU": 91, "DA": 23}, "materii": {"LIMBA ROMANA": {"medie": 6.177678571428572, "reusita": 85.08771929824562, "cnt": 114}, "MATEMATICA TEHN": {"medie": 5.532857142857145, "reusita": 66.36363636363637, "cnt": 110}, "BIOLOGIE VEGETALA SI ANIMALA": {"medie": 4.5235849056603765, "reusita": 44.44444444444444, "cnt": 54}, "GENERAL": {"medie": 5.856349206349208, "reusita": 42.98245614035088, "cnt": 114}, "GEOGRAFIE": {"medie": 6.80108695652174, "reusita": 82.97872340425532, "cnt": 47}, "FIZICA TEH": {"medie": 3.8, "reusita": 0.0, "cnt": 1}, "ANATOMIE SI FIZIOLOGIE UMANA, GENETICA SI ECOLOGIE UMANA": {"medie": 5.6, "reusita": 100.0, "cnt": 1}, "CHIMIE ANORGANICA TEH NIVEL I/II": {"medie": 4.883333333333334, "reusita": 33.33333333333333, "cnt": 3}, "MATEMATICA ST-NAT": {"medie": 4.025, "reusita": 50.0, "cnt": 4}, "LOGICA, ARGUMENTARE SI COMUNICARE": {"medie": 7.435714285714285, "reusita": 85.71428571428571, "cnt": 7}, "CHIMIE ORGANICA TEH NIVEL I/II": {"medie": 8.35, "reusita": 100.0, "cnt": 1}}, "nume": "COLEGIUL TEHNIC \"APULUM\" ALBA IULIA\tAlba"}