{"specializari": {"FILOLOGIE": 58, "MATEMATICA-INFORMATICA": 57, "STIINTE ALE NATURII": 35}, "limba_moderna": {"LIMBA ENGLEZA": 143, "LIMBA FRANCEZA": 7}, "limba_materna": {"LIMBA ROMANA": 150}, "promotie_anterioara": {"NU": 150}, "materii": {"LIMBA ROMANA": {"medie": 8.487333333333336, "reusita": 100.0, "cnt": 150}, "GENERAL": {"medie": 8.82477777777778, "reusita": 99.33333333333333, "cnt": 150}, "MATEMATICA MATE-INFO": {"medie": 9.21754385964912, "reusita": 100.0, "cnt": 57}, "INFORMATICA MI C/C++": {"medie": 8.806060606060607, "reusita": 100.0, "cnt": 33}, "GEOGRAFIE": {"medie": 9.243333333333334, "reusita": 100.0, "cnt": 30}, "ANATOMIE SI FIZIOLOGIE UMANA, GENETICA SI ECOLOGIE UMANA": {"medie": 8.955172413793106, "reusita": 100.0, "cnt": 29}, "ISTORIE": {"medie": 8.772413793103448, "reusita": 100.0, "cnt": 58}, "FIZICA TEO": {"medie": 8.27, "reusita": 100.0, "cnt": 10}, "MATEMATICA ST-NAT": {"medie": 9.148571428571428, "reusita": 97.14285714285714, "cnt": 35}, "LOGICA, ARGUMENTARE SI COMUNICARE": {"medie": 8.795652173913044, "reusita": 100.0, "cnt": 23}, "SOCIOLOGIE": {"medie": 9.2125, "reusita": 100.0, "cnt": 4}, "PSIHOLOGIE": {"medie": 9.2, "reusita": 100.0, "cnt": 1}, "CHIMIE ORGANICA TEO NIVEL I/II": {"medie": 9.25, "reusita": 100.0, "cnt": 20}}, "nume": "COLEGIUL NATIONAL \"MIHAI EMINESCU\" PETROSANI\tHunedoara"}