{"specializari": {"TEHNICIAN IN TURISM": 18, "TEHNICIAN ELECTROMECANIC": 1, "TEHNICIAN ECOLOG SI PROTECTIA CALITATII MEDIULUI": 3, "TEHNICIAN MECATRONIST": 1, "TEHNICIAN DESENATOR PENTRU CONSTRUCTII SI INSTALATII": 2, "TEHNICIAN IN ACTIVITATI ECONOMICE": 6, "ORGANIZATOR BANQUETING": 2}, "limba_moderna": {"LIMBA ENGLEZA": 33}, "limba_materna": {"LIMBA ROMANA": 33}, "promotie_anterioara": {"NU": 27, "DA": 6}, "materii": {"LIMBA ROMANA": {"medie": 6.233333333333334, "reusita": 93.93939393939394, "cnt": 33}, "MATEMATICA TEHN": {"medie": 6.766666666666667, "reusita": 90.9090909090909, "cnt": 33}, "BIOLOGIE VEGETALA SI ANIMALA": {"medie": 6.21, "reusita": 83.33333333333334, "cnt": 6}, "GENERAL": {"medie": 6.852121212121214, "reusita": 78.78787878787878, "cnt": 33}, "GEOGRAFIE": {"medie": 8.096153846153847, "reusita": 96.15384615384616, "cnt": 26}, "FIZICA TEH": {"medie": 1.6, "reusita": 0.0, "cnt": 1}}, "nume": "COLEGIUL TEHNIC \"DR. IOAN RATIU\" TURDA\tCluj"}