{"specializari": {"TEHNICIAN ECOLOG SI PROTECTIA CALITATII MEDIULUI": 28, "TEHNICIAN MECATRONIST": 9, "ARHITECTURA, ARTE AMBIENTALE SI DESIGN": 22, "TEHNICIAN DESENATOR PENTRU CONSTRUCTII SI INSTALATII": 3, "TEHNICIAN IN INSTALATII ELECTRICE": 4, "TEHNICIAN IN AUTOMATIZARI": 7, "TEHNICIAN IN CONSTRUCTII SI LUCRARI PUBLICE": 2, "TEHNICIAN DE TELECOMUNICATII": 2, "TEHNICIAN PROIECTANT CAD": 3, "TEHNICIAN INSTALATOR PENTRU CONSTRUCTII": 3, "TEHNICIAN MECANIC PENTRU INTRETINERE SI REPARATII": 2, "TEHNICIAN OPERATOR TEHNICA DE CALCUL": 3, "TEHNICIAN PRELUCRARI MECANICE": 3, "STIINTE ALE NATURII": 1, "TEHNICIAN PRELUCRARI PE MASINI CU COMANDA NUMERICA": 2}, "limba_moderna": {"LIMBA ENGLEZA": 91, "LIMBA FRANCEZA": 2, "LIMBA GERMANA MODERNA": 1}, "limba_materna": {"LIMBA ROMANA": 94}, "promotie_anterioara": {"DA": 49, "NU": 45}, "materii": {"LIMBA ROMANA": {"medie": 5.839325842696627, "reusita": 87.2340425531915, "cnt": 94}, "MATEMATICA TEHN": {"medie": 5.8022727272727295, "reusita": 77.46478873239437, "cnt": 71}, "BIOLOGIE VEGETALA SI ANIMALA": {"medie": 5.148611111111112, "reusita": 54.761904761904766, "cnt": 42}, "GENERAL": {"medie": 5.803658536585366, "reusita": 43.61702127659575, "cnt": 94}, "GEOGRAFIE": {"medie": 6.639473684210526, "reusita": 80.95238095238095, "cnt": 21}, "FIZICA TEH": {"medie": 2.95, "reusita": 0.0, "cnt": 1}, "ANATOMIE SI FIZIOLOGIE UMANA, GENETICA SI ECOLOGIE UMANA": {"medie": 5.1899999999999995, "reusita": 80.0, "cnt": 5}, "CHIMIE ANORGANICA TEH NIVEL I/II": {"medie": 4.997619047619048, "reusita": 56.52173913043478, "cnt": 23}, "ISTORIE": {"medie": 6.187499999999999, "reusita": 81.81818181818183, "cnt": 22}, "MATEMATICA ST-NAT": {"medie": 2.0, "reusita": 0.0, "cnt": 1}, "LOGICA, ARGUMENTARE SI COMUNICARE": {"medie": 7.6, "reusita": 100.0, "cnt": 1}, "CHIMIE ORGANICA TEH NIVEL I/II": {"medie": 3.4, "reusita": 0.0, "cnt": 1}}, "nume": "COLEGIUL TEHNIC \"MIRCEA CRISTEA\" BRASOV\tBra\u0219ov"}