{"specializari": {"MATEMATICA-INFORMATICA": 158, "STIINTE ALE NATURII": 34, "FILOLOGIE": 33, "STIINTE SOCIALE": 34}, "limba_moderna": {"LIMBA ENGLEZA": 233, "LIMBA FRANCEZA": 16, "LIMBA GERMANA MODERNA": 10}, "limba_materna": {"LIMBA ROMANA": 259}, "promotie_anterioara": {"NU": 259}, "materii": {"LIMBA ROMANA": {"medie": 8.900386100386093, "reusita": 100.0, "cnt": 259}, "GENERAL": {"medie": 9.19620334620335, "reusita": 100.0, "cnt": 259}, "MATEMATICA MATE-INFO": {"medie": 9.33132911392405, "reusita": 100.0, "cnt": 158}, "INFORMATICA MI C/C++": {"medie": 9.644444444444444, "reusita": 100.0, "cnt": 36}, "GEOGRAFIE": {"medie": 9.950000000000001, "reusita": 100.0, "cnt": 6}, "ANATOMIE SI FIZIOLOGIE UMANA, GENETICA SI ECOLOGIE UMANA": {"medie": 9.513855421686747, "reusita": 100.0, "cnt": 83}, "ISTORIE": {"medie": 9.013432835820895, "reusita": 100.0, "cnt": 67}, "FIZICA TEO": {"medie": 9.208196721311475, "reusita": 100.0, "cnt": 61}, "MATEMATICA ST-NAT": {"medie": 9.625, "reusita": 100.0, "cnt": 34}, "LOGICA, ARGUMENTARE SI COMUNICARE": {"medie": 9.328260869565218, "reusita": 100.0, "cnt": 46}, "PSIHOLOGIE": {"medie": 9.580000000000002, "reusita": 100.0, "cnt": 5}, "ECONOMIE": {"medie": 8.744444444444445, "reusita": 100.0, "cnt": 9}, "CHIMIE ORGANICA TEO NIVEL I/II": {"medie": 9.600000000000003, "reusita": 100.0, "cnt": 10}, "FILOSOFIE": {"medie": 6.6, "reusita": 100.0, "cnt": 1}, "INFORMATICA SN C/C++": {"medie": 9.100000000000001, "reusita": 100.0, "cnt": 2}}, "nume": "COLEGIUL NATIONAL \"FRATII BUZESTI\" CRAIOVA\tDolj"}