{"specializari": {"STIINTE SOCIALE": 22, "TEOLOGIE ROMANO-CATOLICA": 18}, "limba_moderna": {"LIMBA ENGLEZA": 40}, "limba_materna": {"LIMBA ROMANA": 40}, "promotie_anterioara": {"NU": 40}, "materii": {"LIMBA ROMANA": {"medie": 8.275, "reusita": 100.0, "cnt": 40}, "GENERAL": {"medie": 8.454583333333336, "reusita": 100.0, "cnt": 40}, "GEOGRAFIE": {"medie": 8.65, "reusita": 100.0, "cnt": 23}, "ISTORIE": {"medie": 8.588750000000001, "reusita": 100.0, "cnt": 40}, "LOGICA, ARGUMENTARE SI COMUNICARE": {"medie": 8.318750000000001, "reusita": 100.0, "cnt": 8}, "SOCIOLOGIE": {"medie": 7.825, "reusita": 100.0, "cnt": 4}, "PSIHOLOGIE": {"medie": 8.033333333333333, "reusita": 100.0, "cnt": 3}, "FILOSOFIE": {"medie": 9.55, "reusita": 100.0, "cnt": 2}}, "nume": "COLEGIUL ROMANO-CATOLIC \"SFANTUL IOSIF\"\tBucure\u0219ti"}