{"specializari": {"FILOLOGIE": 33, "STIINTE ALE NATURII": 16, "MATEMATICA-INFORMATICA": 24}, "limba_moderna": {"LIMBA ENGLEZA": 69, "LIMBA FRANCEZA": 4}, "limba_materna": {"LIMBA ROMANA": 66, "LIMBA GERMANA": 7}, "promotie_anterioara": {"NU": 59, "DA": 14}, "materii": {"LIMBA ROMANA": {"medie": 6.318493150684931, "reusita": 93.15068493150685, "cnt": 73}, "BIOLOGIE VEGETALA SI ANIMALA": {"medie": 7.716666666666668, "reusita": 100.0, "cnt": 12}, "GENERAL": {"medie": 6.736458333333332, "reusita": 68.4931506849315, "cnt": 73}, "MATEMATICA MATE-INFO": {"medie": 7.002083333333335, "reusita": 83.33333333333334, "cnt": 24}, "INFORMATICA MI C/C++": {"medie": 6.865909090909093, "reusita": 81.81818181818183, "cnt": 22}, "GEOGRAFIE": {"medie": 7.687500000000001, "reusita": 92.85714285714286, "cnt": 28}, "ANATOMIE SI FIZIOLOGIE UMANA, GENETICA SI ECOLOGIE UMANA": {"medie": 7.508333333333333, "reusita": 100.0, "cnt": 6}, "ISTORIE": {"medie": 6.072727272727272, "reusita": 96.96969696969697, "cnt": 33}, "MATEMATICA ST-NAT": {"medie": 6.496666666666668, "reusita": 81.25, "cnt": 16}, "SOCIOLOGIE": {"medie": 6.0, "reusita": 60.0, "cnt": 5}, "LIMBA GERMANA": {"medie": 7.928571428571428, "reusita": 100.0, "cnt": 7}}, "nume": "COLEGIUL NATIONAL \"DIACONOVICI TIETZ\" RESITA\tCara\u0219-Severin"}