{"specializari": {"TEHNICIAN OPERATOR PROCESARE TEXT IMAGINE": 4, "STIINTE ALE NATURII": 5, "TEHNICIAN IN INSTALATII ELECTRICE": 3, "TEHNICIAN ELECTRICIAN/ELECTRONIST AUTO": 10, "TEHNICIAN PROIECTANT CAD": 4, "TEHNICIAN TRANSPORTURI": 12, "TEHNICIAN OPERATOR TEHNICA DE CALCUL": 15, "TEHNICIAN DE TELECOMUNICATII": 1, "TEHNICIAN ELECTROMECANIC": 1}, "limba_moderna": {"LIMBA FRANCEZA": 6, "LIMBA ENGLEZA": 49}, "limba_materna": {"LIMBA ROMANA": 55}, "promotie_anterioara": {"DA": 22, "NU": 33}, "materii": {"LIMBA ROMANA": {"medie": 6.182075471698114, "reusita": 90.9090909090909, "cnt": 55}, "MATEMATICA TEHN": {"medie": 6.390624999999999, "reusita": 84.0, "cnt": 50}, "BIOLOGIE VEGETALA SI ANIMALA": {"medie": 5.93804347826087, "reusita": 75.51020408163265, "cnt": 49}, "GENERAL": {"medie": 6.09795918367347, "reusita": 45.45454545454545, "cnt": 55}, "ANATOMIE SI FIZIOLOGIE UMANA, GENETICA SI ECOLOGIE UMANA": {"medie": 6.533333333333334, "reusita": 60.0, "cnt": 5}, "CHIMIE ANORGANICA TEH NIVEL I/II": {"medie": "-", "reusita": 0.0, "cnt": 1}, "MATEMATICA ST-NAT": {"medie": 3.5, "reusita": 20.0, "cnt": 5}}, "nume": "COLEGIUL TEHNIC DE TRANSPORTURI BRASOV\tBra\u0219ov"}