{"specializari": {"FILOLOGIE": 75, "STIINTE ALE NATURII": 49, "MATEMATICA-INFORMATICA": 68}, "limba_moderna": {"LIMBA ENGLEZA": 189, "LIMBA FRANCEZA": 3}, "limba_materna": {"LIMBA ROMANA": 192}, "promotie_anterioara": {"NU": 191, "DA": 1}, "materii": {"LIMBA ROMANA": {"medie": 8.536979166666661, "reusita": 100.0, "cnt": 192}, "GENERAL": {"medie": 8.60729166666667, "reusita": 99.47916666666666, "cnt": 192}, "MATEMATICA MATE-INFO": {"medie": 9.213235294117647, "reusita": 100.0, "cnt": 68}, "INFORMATICA MI C/C++": {"medie": 9.189062499999999, "reusita": 100.0, "cnt": 32}, "GEOGRAFIE": {"medie": 8.52125, "reusita": 100.0, "cnt": 40}, "ANATOMIE SI FIZIOLOGIE UMANA, GENETICA SI ECOLOGIE UMANA": {"medie": 8.976, "reusita": 100.0, "cnt": 50}, "ISTORIE": {"medie": 7.425333333333336, "reusita": 100.0, "cnt": 75}, "FIZICA TEO": {"medie": 8.939655172413794, "reusita": 100.0, "cnt": 29}, "MATEMATICA ST-NAT": {"medie": 8.572448979591835, "reusita": 97.95918367346938, "cnt": 49}, "LOGICA, ARGUMENTARE SI COMUNICARE": {"medie": 8.99, "reusita": 100.0, "cnt": 15}, "SOCIOLOGIE": {"medie": 9.255263157894738, "reusita": 100.0, "cnt": 19}, "ECONOMIE": {"medie": 9.3, "reusita": 100.0, "cnt": 1}, "CHIMIE ORGANICA TEO NIVEL I/II": {"medie": 8.919999999999998, "reusita": 100.0, "cnt": 5}, "INFORMATICA SN C/C++": {"medie": 7.7, "reusita": 100.0, "cnt": 1}}, "nume": "COLEGIUL NATIONAL \"DIMITRIE CANTEMIR\" ONESTI\tBac\u0103u"}