{"specializari": {"TEHNICIAN IN ACTIVITATI ECONOMICE": 40, "TEHNICIAN IN GASTRONOMIE": 14, "TEHNICIAN PROIECTANT CAD": 14, "TEHNICIAN ANALIZE PRODUSE ALIMENTARE": 20, "TEHNICIAN DESIGNER MOBILA SI AMENAJARI INTERIOARE": 1, "TEHNICIAN IN INSTALATII ELECTRICE": 10, "TEHNICIAN IN SILVICULTURA SI EXPLOATARI FORESTIERE": 25, "TEHNICIAN IN INDUSTRIA TEXTILA": 1, "TEHNICIAN IN INDUSTRIA ALIMENTARA": 1, "TEHNICIAN DESENATOR PENTRU CONSTRUCTII SI INSTALATII": 1}, "limba_moderna": {"LIMBA ENGLEZA": 124, "LIMBA FRANCEZA": 3}, "limba_materna": {"LIMBA ROMANA": 127}, "promotie_anterioara": {"NU": 102, "DA": 25}, "materii": {"LIMBA ROMANA": {"medie": 5.360483870967743, "reusita": 65.35433070866141, "cnt": 127}, "MATEMATICA TEHN": {"medie": 4.329999999999999, "reusita": 48.818897637795274, "cnt": 127}, "BIOLOGIE VEGETALA SI ANIMALA": {"medie": 4.061111111111112, "reusita": 37.03703703703704, "cnt": 27}, "GENERAL": {"medie": 5.0902203856749315, "reusita": 34.645669291338585, "cnt": 127}, "GEOGRAFIE": {"medie": 6.941489361702128, "reusita": 80.0, "cnt": 50}, "ANATOMIE SI FIZIOLOGIE UMANA, GENETICA SI ECOLOGIE UMANA": {"medie": 4.572222222222222, "reusita": 43.47826086956522, "cnt": 46}, "LOGICA, ARGUMENTARE SI COMUNICARE": {"medie": 8.8625, "reusita": 100.0, "cnt": 4}}, "nume": "COLEGIUL TEHNIC \"IOAN CIORDAS\" BEIUS\tBihor"}