{"specializari": {"TEHNICIAN OPERATOR TEHNICA DE CALCUL": 41, "TEHNICIAN IN ADMINISTRATIE": 28, "TEHNICIAN MECATRONIST": 30, "TEHNICIAN MECANIC PENTRU INTRETINERE SI REPARATII": 1, "ORGANIZATOR BANQUETING": 26}, "limba_moderna": {"LIMBA ENGLEZA": 123, "LIMBA FRANCEZA": 3}, "limba_materna": {"LIMBA ROMANA": 126}, "promotie_anterioara": {"NU": 94, "DA": 32}, "materii": {"LIMBA ROMANA": {"medie": 6.464399999999999, "reusita": 91.26984126984127, "cnt": 126}, "MATEMATICA TEHN": {"medie": 6.616935483870969, "reusita": 89.68253968253968, "cnt": 126}, "BIOLOGIE VEGETALA SI ANIMALA": {"medie": 5.611290322580644, "reusita": 73.01587301587301, "cnt": 63}, "GENERAL": {"medie": 6.563685636856366, "reusita": 65.07936507936508, "cnt": 126}, "GEOGRAFIE": {"medie": 7.730555555555558, "reusita": 94.44444444444444, "cnt": 54}, "FIZICA TEH": {"medie": 6.188888888888889, "reusita": 66.66666666666666, "cnt": 9}}, "nume": "COLEGIUL TEHNIC \"HENRI COANDA\" TIMISOARA\tTimi\u0219"}