{"specializari": {"MATEMATICA-INFORMATICA": 82, "STIINTE ALE NATURII": 24, "STIINTE SOCIALE": 32}, "limba_moderna": {"LIMBA ENGLEZA": 138}, "limba_materna": {"LIMBA ROMANA": 138}, "promotie_anterioara": {"NU": 122, "DA": 16}, "materii": {"LIMBA ROMANA": {"medie": 7.309420289855076, "reusita": 97.82608695652173, "cnt": 138}, "BIOLOGIE VEGETALA SI ANIMALA": {"medie": 7.3, "reusita": 100.0, "cnt": 1}, "GENERAL": {"medie": 7.127363184079601, "reusita": 74.63768115942028, "cnt": 138}, "MATEMATICA MATE-INFO": {"medie": 5.698765432098765, "reusita": 73.17073170731707, "cnt": 82}, "INFORMATICA MI C/C++": {"medie": 6.552380952380953, "reusita": 95.45454545454545, "cnt": 22}, "GEOGRAFIE": {"medie": 8.883333333333333, "reusita": 100.0, "cnt": 30}, "ANATOMIE SI FIZIOLOGIE UMANA, GENETICA SI ECOLOGIE UMANA": {"medie": 7.1187499999999995, "reusita": 90.54054054054053, "cnt": 74}, "ISTORIE": {"medie": 8.004687500000001, "reusita": 100.0, "cnt": 32}, "FIZICA TEO": {"medie": 6.371428571428573, "reusita": 100.0, "cnt": 7}, "MATEMATICA ST-NAT": {"medie": 7.5083333333333355, "reusita": 95.83333333333334, "cnt": 24}, "LOGICA, ARGUMENTARE SI COMUNICARE": {"medie": 7.5, "reusita": 100.0, "cnt": 1}, "CHIMIE ORGANICA TEO NIVEL I/II": {"medie": 7.574999999999999, "reusita": 100.0, "cnt": 2}, "FILOSOFIE": {"medie": 7.55, "reusita": 100.0, "cnt": 1}}, "nume": "COLEGIUL NATIONAL DE INFORMATICA \"CARMEN SYLVA\" PETROSANI\tHunedoara"}