{"specializari": {"TEHNICIAN IN GASTRONOMIE": 100, "TEHNICIAN IN ACTIVITATI ECONOMICE": 100, "TEHNICIAN IN TURISM": 80, "TEHNICIAN IN ACHIZITII SI CONTRACTARI": 21, "TEHNICIAN IN ACTIVITATI DE COMERT": 45, "ORGANIZATOR BANQUETING": 79}, "limba_moderna": {"LIMBA ENGLEZA": 403, "LIMBA FRANCEZA": 22}, "limba_materna": {"LIMBA ROMANA": 425}, "promotie_anterioara": {"NU": 357, "DA": 68}, "materii": {"LIMBA ROMANA": {"medie": 5.459482758620686, "reusita": 75.05882352941177, "cnt": 425}, "MATEMATICA TEHN": {"medie": 5.8525798525798525, "reusita": 72.47058823529412, "cnt": 425}, "GENERAL": {"medie": 5.960464135021089, "reusita": 49.1764705882353, "cnt": 425}, "GEOGRAFIE": {"medie": 6.501805555555548, "reusita": 83.33333333333334, "cnt": 378}, "LOGICA, ARGUMENTARE SI COMUNICARE": {"medie": 6.6409090909090915, "reusita": 82.6086956521739, "cnt": 23}, "PSIHOLOGIE": {"medie": 5.765384615384615, "reusita": 85.71428571428571, "cnt": 14}, "ECONOMIE": {"medie": 5.17, "reusita": 50.0, "cnt": 10}}, "nume": "COLEGIUL ECONOMIC \"VIILOR\"\tBucure\u0219ti"}