{"specializari": {"TEHNICIAN OPERATOR PROCESARE TEXT IMAGINE": 19, "TEHNICIAN ELECTROMECANIC": 1, "TEHNICIAN ELECTRICIAN/ELECTRONIST AUTO": 1, "TEHNICIAN ELECTROTEHNIST": 2, "TEHNICIAN ELECTRONIST": 1}, "limba_moderna": {"LIMBA ENGLEZA": 22, "LIMBA FRANCEZA": 2}, "limba_materna": {"LIMBA ROMANA": 24}, "promotie_anterioara": {"NU": 12, "DA": 12}, "materii": {"LIMBA ROMANA": {"medie": 5.970454545454545, "reusita": 83.33333333333334, "cnt": 24}, "MATEMATICA TEHN": {"medie": 6.816666666666668, "reusita": 79.16666666666666, "cnt": 24}, "BIOLOGIE VEGETALA SI ANIMALA": {"medie": 5.741666666666666, "reusita": 53.84615384615385, "cnt": 13}, "GENERAL": {"medie": 6.305208333333334, "reusita": 37.5, "cnt": 24}, "FIZICA TEH": {"medie": 5.571428571428571, "reusita": 45.45454545454545, "cnt": 11}}, "nume": "COLEGIUL TEHNIC \"EDMOND NICOLAU\" CLUJ-NAPOCA\tCluj"}