{"specializari": {"TEHNICIAN IN ACTIVITATI ECONOMICE": 60, "TEHNICIAN IN ACTIVITATI DE COMERT": 28, "TEHNICIAN IN TURISM": 27, "TEHNICIAN IN GASTRONOMIE": 30, "TEHNICIAN IN ADMINISTRATIE": 25, "TEHNICIAN IN ACHIZITII SI CONTRACTARI": 3}, "limba_moderna": {"LIMBA ENGLEZA": 172, "LIMBA FRANCEZA": 1}, "limba_materna": {"LIMBA ROMANA": 173}, "promotie_anterioara": {"NU": 158, "DA": 15}, "materii": {"LIMBA ROMANA": {"medie": 6.932080924855489, "reusita": 96.53179190751445, "cnt": 173}, "MATEMATICA TEHN": {"medie": 6.976300578034687, "reusita": 91.90751445086705, "cnt": 173}, "GENERAL": {"medie": 7.316568627450981, "reusita": 85.54913294797689, "cnt": 173}, "GEOGRAFIE": {"medie": 7.98558282208589, "reusita": 96.98795180722891, "cnt": 166}, "LOGICA, ARGUMENTARE SI COMUNICARE": {"medie": 6.716666666666666, "reusita": 100.0, "cnt": 3}, "PSIHOLOGIE": {"medie": 7.400000000000001, "reusita": 100.0, "cnt": 3}, "ECONOMIE": {"medie": 8.6, "reusita": 100.0, "cnt": 1}}, "nume": "COLEGIUL ECONOMIC ARAD\tArad"}