{"specializari": {"TEHNICIAN CHIMIST DE LABORATOR": 10, "STIINTE ALE NATURII": 30, "TEHNICIAN DESIGNER VESTIMENTAR": 5, "TEHNICIAN IN INDUSTRIA PIELARIEI": 5, "TEHNICIAN ECOLOG SI PROTECTIA CALITATII MEDIULUI": 19}, "limba_moderna": {"LIMBA ENGLEZA": 57, "LIMBA FRANCEZA": 12}, "limba_materna": {"LIMBA ROMANA": 69}, "promotie_anterioara": {"NU": 27, "DA": 42}, "materii": {"LIMBA ROMANA": {"medie": 5.330882352941178, "reusita": 73.91304347826086, "cnt": 69}, "MATEMATICA TEHN": {"medie": 4.953846153846153, "reusita": 69.23076923076923, "cnt": 39}, "BIOLOGIE VEGETALA SI ANIMALA": {"medie": 4.8878378378378375, "reusita": 40.476190476190474, "cnt": 42}, "GENERAL": {"medie": 5.236290322580645, "reusita": 27.536231884057973, "cnt": 69}, "ANATOMIE SI FIZIOLOGIE UMANA, GENETICA SI ECOLOGIE UMANA": {"medie": 5.809090909090909, "reusita": 72.72727272727273, "cnt": 22}, "FIZICA TEO": {"medie": 5.0, "reusita": 100.0, "cnt": 1}, "MATEMATICA ST-NAT": {"medie": 5.398214285714286, "reusita": 60.0, "cnt": 30}, "CHIMIE ORGANICA TEO NIVEL I/II": {"medie": 7.45, "reusita": 100.0, "cnt": 1}, "CHIMIE ANORGANICA TEO NIVEL I/II": {"medie": 6.15, "reusita": 100.0, "cnt": 2}, "CHIMIE ORGANICA TEH NIVEL I/II": {"medie": 5.5, "reusita": 100.0, "cnt": 1}}, "nume": "COLEGIUL TEHNIC \"PETRU RARES\"\tBucure\u0219ti"}