{"specializari": {"STIINTE ALE NATURII": 92, "MATEMATICA-INFORMATICA": 35}, "limba_moderna": {"LIMBA FRANCEZA": 18, "LIMBA ENGLEZA": 109}, "limba_materna": {"LIMBA ROMANA": 127}, "promotie_anterioara": {"NU": 120, "DA": 7}, "materii": {"LIMBA ROMANA": {"medie": 8.161417322834646, "reusita": 100.0, "cnt": 127}, "BIOLOGIE VEGETALA SI ANIMALA": {"medie": 8.375, "reusita": 100.0, "cnt": 4}, "GENERAL": {"medie": 8.392782152230968, "reusita": 96.8503937007874, "cnt": 127}, "MATEMATICA MATE-INFO": {"medie": 7.6271428571428554, "reusita": 100.0, "cnt": 35}, "INFORMATICA MI C/C++": {"medie": 7.762499999999999, "reusita": 100.0, "cnt": 16}, "ANATOMIE SI FIZIOLOGIE UMANA, GENETICA SI ECOLOGIE UMANA": {"medie": 9.19705882352941, "reusita": 100.0, "cnt": 102}, "FIZICA TEO": {"medie": 7.700000000000001, "reusita": 75.0, "cnt": 4}, "MATEMATICA ST-NAT": {"medie": 8.285869565217391, "reusita": 96.73913043478261, "cnt": 92}, "INFORMATICA SN C/C++": {"medie": 5.3, "reusita": 100.0, "cnt": 1}}, "nume": "COLEGIUL NATIONAL \"ANA ASLAN\" TIMISOARA\tTimi\u0219"}