{"specializari": {"MATEMATICA-INFORMATICA": 139, "FILOLOGIE": 64}, "limba_moderna": {"LIMBA ENGLEZA": 192, "LIMBA FRANCEZA": 8, "LIMBA GERMANA MODERNA": 3}, "limba_materna": {"LIMBA ROMANA": 203}, "promotie_anterioara": {"NU": 203}, "materii": {"LIMBA ROMANA": {"medie": 9.137684729064036, "reusita": 100.0, "cnt": 203}, "GENERAL": {"medie": 9.196551724137928, "reusita": 100.0, "cnt": 203}, "MATEMATICA MATE-INFO": {"medie": 9.368705035971226, "reusita": 100.0, "cnt": 139}, "INFORMATICA MI C/C++": {"medie": 9.0, "reusita": 100.0, "cnt": 42}, "GEOGRAFIE": {"medie": 9.504545454545454, "reusita": 100.0, "cnt": 11}, "ANATOMIE SI FIZIOLOGIE UMANA, GENETICA SI ECOLOGIE UMANA": {"medie": 9.414062500000002, "reusita": 100.0, "cnt": 32}, "ISTORIE": {"medie": 8.817187499999998, "reusita": 100.0, "cnt": 64}, "FIZICA TEO": {"medie": 9.200000000000001, "reusita": 100.0, "cnt": 41}, "LOGICA, ARGUMENTARE SI COMUNICARE": {"medie": 9.354347826086956, "reusita": 100.0, "cnt": 46}, "PSIHOLOGIE": {"medie": 9.925, "reusita": 100.0, "cnt": 2}, "ECONOMIE": {"medie": 8.96, "reusita": 100.0, "cnt": 5}, "CHIMIE ORGANICA TEO NIVEL I/II": {"medie": 9.3325, "reusita": 100.0, "cnt": 20}, "CHIMIE ANORGANICA TEO NIVEL I/II": {"medie": 9.149999999999999, "reusita": 100.0, "cnt": 4}}, "nume": "COLEGIUL NATIONAL \"GHEORGHE VRANCEANU\" BACAU\tBac\u0103u"}