{"specializari": {"COAFOR STILIST": 5, "TEHNICIAN TRANSPORTURI": 12, "TEHNICIAN MECANIC PENTRU INTRETINERE SI REPARATII": 6, "TEHNICIAN ELECTRONIST": 6, "TEHNICIAN IN INDUSTRIA TEXTILA": 2, "TEHNICIAN IN TURISM": 25, "TEHNICIAN PROIECTANT CAD": 1, "TEHNICIAN ELECTROTEHNIST": 4, "TEHNICIAN IN ACTIVITATI ECONOMICE": 2, "TEHNICIAN IN PRELUCRAREA LEMNULUI": 2, "MATEMATICA-INFORMATICA": 14, "ORGANIZATOR BANQUETING": 1, "TEHNICIAN MECATRONIST": 1, "TEHNICIAN OPERATOR TEHNICA DE CALCUL": 4, "TEHNICIAN IN HOTELARIE": 7, "TEHNICIAN DE TELECOMUNICATII": 4, "TEHNICIAN IN INSTALATII ELECTRICE": 2, "TEHNICIAN DESIGNER VESTIMENTAR": 1}, "limba_moderna": {"LIMBA ENGLEZA": 97, "LIMBA SPANIOLA": 1, "LIMBA FRANCEZA": 1}, "limba_materna": {"LIMBA MAGHIARA": 7, "LIMBA ROMANA": 92}, "promotie_anterioara": {"NU": 50, "DA": 49}, "materii": {"LIMBA ROMANA": {"medie": 5.2387096774193544, "reusita": 68.68686868686868, "cnt": 99}, "MATEMATICA TEHN": {"medie": 4.6000000000000005, "reusita": 56.470588235294116, "cnt": 85}, "BIOLOGIE VEGETALA SI ANIMALA": {"medie": 4.503571428571429, "reusita": 31.428571428571427, "cnt": 35}, "GENERAL": {"medie": 5.148058712121212, "reusita": 30.303030303030305, "cnt": 99}, "MATEMATICA MATE-INFO": {"medie": 4.5249999999999995, "reusita": 42.857142857142854, "cnt": 14}, "INFORMATICA MI C/C++": {"medie": 5.815, "reusita": 63.63636363636363, "cnt": 11}, "GEOGRAFIE": {"medie": 6.493055555555556, "reusita": 75.67567567567568, "cnt": 37}, "FIZICA TEH": {"medie": 4.0285714285714285, "reusita": 57.14285714285714, "cnt": 7}, "ANATOMIE SI FIZIOLOGIE UMANA, GENETICA SI ECOLOGIE UMANA": {"medie": 7.05, "reusita": 100.0, "cnt": 1}, "CHIMIE ANORGANICA TEH NIVEL I/II": {"medie": 1.4, "reusita": 0.0, "cnt": 1}, "LOGICA, ARGUMENTARE SI COMUNICARE": {"medie": 5.633333333333333, "reusita": 66.66666666666666, "cnt": 3}, "LIMBA MAGHIARA (REAL)": {"medie": 6.271428571428571, "reusita": 100.0, "cnt": 7}, "CHIMIE ORGANICA TEH NIVEL I/II": {"medie": 4.95, "reusita": 75.0, "cnt": 4}}, "nume": "COLEGIUL TEHNIC \"TRAIAN VUIA\" ORADEA\tBihor"}