{"specializari": {"MATEMATICA-INFORMATICA": 62, "STIINTE ALE NATURII": 43, "FILOLOGIE": 60, "STIINTE SOCIALE": 63}, "limba_moderna": {"LIMBA ENGLEZA": 207, "LIMBA FRANCEZA": 21}, "limba_materna": {"LIMBA ROMANA": 228}, "promotie_anterioara": {"NU": 205, "DA": 23}, "materii": {"LIMBA ROMANA": {"medie": 7.340131578947373, "reusita": 92.98245614035088, "cnt": 228}, "BIOLOGIE VEGETALA SI ANIMALA": {"medie": 6.4, "reusita": 100.0, "cnt": 1}, "GENERAL": {"medie": 7.530666666666664, "reusita": 78.0701754385965, "cnt": 228}, "MATEMATICA MATE-INFO": {"medie": 9.006451612903223, "reusita": 98.38709677419355, "cnt": 62}, "INFORMATICA MI C/C++": {"medie": 9.3, "reusita": 100.0, "cnt": 6}, "GEOGRAFIE": {"medie": 7.682300884955748, "reusita": 96.55172413793103, "cnt": 116}, "ANATOMIE SI FIZIOLOGIE UMANA, GENETICA SI ECOLOGIE UMANA": {"medie": 8.1125, "reusita": 98.4375, "cnt": 64}, "ISTORIE": {"medie": 6.89308943089431, "reusita": 94.3089430894309, "cnt": 123}, "FIZICA TEO": {"medie": 8.707692307692309, "reusita": 100.0, "cnt": 13}, "MATEMATICA ST-NAT": {"medie": 5.787209302325583, "reusita": 69.76744186046511, "cnt": 43}, "LOGICA, ARGUMENTARE SI COMUNICARE": {"medie": 9.05, "reusita": 100.0, "cnt": 2}, "PSIHOLOGIE": {"medie": 8.649999999999999, "reusita": 100.0, "cnt": 3}, "ECONOMIE": {"medie": 6.6, "reusita": 100.0, "cnt": 1}, "CHIMIE ORGANICA TEO NIVEL I/II": {"medie": 9.7, "reusita": 100.0, "cnt": 2}, "CHIMIE ANORGANICA TEO NIVEL I/II": {"medie": 7.863157894736842, "reusita": 94.73684210526315, "cnt": 19}, "FILOSOFIE": {"medie": 7.4, "reusita": 100.0, "cnt": 1}}, "nume": "COLEGIUL NATIONAL \"EMIL BOTTA\" ADJUD\tVrancea"}