{"specializari": {"STIINTE ALE NATURII": 182, "MATEMATICA-INFORMATICA": 31}, "limba_moderna": {"LIMBA ENGLEZA": 177, "LIMBA FRANCEZA": 20, "LIMBA GERMANA MODERNA": 16}, "limba_materna": {"LIMBA ROMANA": 213}, "promotie_anterioara": {"NU": 213}, "materii": {"LIMBA ROMANA": {"medie": 8.929342723004698, "reusita": 100.0, "cnt": 213}, "BIOLOGIE VEGETALA SI ANIMALA": {"medie": 9.066176470588237, "reusita": 100.0, "cnt": 102}, "GENERAL": {"medie": 9.127699530516427, "reusita": 100.0, "cnt": 213}, "MATEMATICA MATE-INFO": {"medie": 9.353225806451613, "reusita": 100.0, "cnt": 31}, "INFORMATICA MI C/C++": {"medie": 9.521153846153847, "reusita": 100.0, "cnt": 26}, "ANATOMIE SI FIZIOLOGIE UMANA, GENETICA SI ECOLOGIE UMANA": {"medie": 9.125806451612902, "reusita": 100.0, "cnt": 31}, "FIZICA TEO": {"medie": 8.761904761904763, "reusita": 100.0, "cnt": 21}, "MATEMATICA ST-NAT": {"medie": 9.322252747252751, "reusita": 100.0, "cnt": 182}, "CHIMIE ORGANICA TEO NIVEL I/II": {"medie": 9.185714285714287, "reusita": 100.0, "cnt": 7}, "CHIMIE ANORGANICA TEO NIVEL I/II": {"medie": 9.3, "reusita": 100.0, "cnt": 1}, "INFORMATICA SN C/C++": {"medie": 9.249999999999998, "reusita": 100.0, "cnt": 25}}, "nume": "COLEGIUL NATIONAL \"GHEORGHE LAZAR\" SIBIU\tSibiu"}