{"specializari": {"INVATATOR - EDUCATOARE": 30, "STIINTE ALE NATURII": 33, "MATEMATICA-INFORMATICA": 55, "FILOLOGIE": 36, "STIINTE SOCIALE": 36}, "limba_moderna": {"LIMBA ENGLEZA": 165, "LIMBA FRANCEZA": 25}, "limba_materna": {"LIMBA ROMANA": 190}, "promotie_anterioara": {"NU": 188, "DA": 2}, "materii": {"LIMBA ROMANA": {"medie": 8.144999999999996, "reusita": 100.0, "cnt": 190}, "GENERAL": {"medie": 8.395350877192984, "reusita": 96.84210526315789, "cnt": 190}, "MATEMATICA MATE-INFO": {"medie": 8.83, "reusita": 100.0, "cnt": 55}, "INFORMATICA MI C/C++": {"medie": 8.507692307692308, "reusita": 100.0, "cnt": 13}, "MATEMATICA PED": {"medie": 9.543333333333333, "reusita": 100.0, "cnt": 30}, "GEOGRAFIE": {"medie": 9.021739130434781, "reusita": 100.0, "cnt": 23}, "ANATOMIE SI FIZIOLOGIE UMANA, GENETICA SI ECOLOGIE UMANA": {"medie": 8.493421052631582, "reusita": 97.36842105263158, "cnt": 38}, "ISTORIE": {"medie": 7.500694444444442, "reusita": 100.0, "cnt": 72}, "FIZICA TEO": {"medie": 8.624999999999998, "reusita": 100.0, "cnt": 26}, "MATEMATICA ST-NAT": {"medie": 9.443939393939395, "reusita": 96.96969696969697, "cnt": 33}, "LOGICA, ARGUMENTARE SI COMUNICARE": {"medie": 8.64857142857143, "reusita": 100.0, "cnt": 35}, "SOCIOLOGIE": {"medie": 7.416129032258065, "reusita": 100.0, "cnt": 31}, "PSIHOLOGIE": {"medie": 9.120000000000001, "reusita": 100.0, "cnt": 5}, "ECONOMIE": {"medie": 7.9937499999999995, "reusita": 100.0, "cnt": 8}, "CHIMIE ORGANICA TEO NIVEL I/II": {"medie": 9.718181818181819, "reusita": 100.0, "cnt": 11}}, "nume": "COLEGIUL NATIONAL DE INFORMATICA MATEI BASARAB, MUN. RM. VALCEA\tV\u00e2lcea"}