{"specializari": {"STIINTE ALE NATURII": 57, "STIINTE SOCIALE": 30, "MATEMATICA-INFORMATICA": 97}, "limba_moderna": {"LIMBA GERMANA MODERNA": 5, "LIMBA FRANCEZA": 10, "LIMBA ENGLEZA": 168, "LIMBA RUSA": 1}, "limba_materna": {"LIMBA ROMANA": 184}, "promotie_anterioara": {"NU": 184}, "materii": {"LIMBA ROMANA": {"medie": 8.00652173913043, "reusita": 100.0, "cnt": 184}, "BIOLOGIE VEGETALA SI ANIMALA": {"medie": 8.086538461538462, "reusita": 100.0, "cnt": 26}, "GENERAL": {"medie": 8.513134057971016, "reusita": 99.45652173913044, "cnt": 184}, "MATEMATICA MATE-INFO": {"medie": 9.219072164948455, "reusita": 100.0, "cnt": 97}, "INFORMATICA MI C/C++": {"medie": 8.585714285714285, "reusita": 100.0, "cnt": 21}, "GEOGRAFIE": {"medie": 8.51315789473684, "reusita": 100.0, "cnt": 19}, "ANATOMIE SI FIZIOLOGIE UMANA, GENETICA SI ECOLOGIE UMANA": {"medie": 8.99375, "reusita": 100.0, "cnt": 8}, "ISTORIE": {"medie": 8.545, "reusita": 100.0, "cnt": 30}, "FIZICA TEO": {"medie": 8.539999999999997, "reusita": 100.0, "cnt": 55}, "MATEMATICA ST-NAT": {"medie": 8.806140350877191, "reusita": 100.0, "cnt": 57}, "LOGICA, ARGUMENTARE SI COMUNICARE": {"medie": 8.771428571428572, "reusita": 100.0, "cnt": 7}, "SOCIOLOGIE": {"medie": 9.0, "reusita": 100.0, "cnt": 1}, "PSIHOLOGIE": {"medie": 7.9750000000000005, "reusita": 100.0, "cnt": 2}, "CHIMIE ORGANICA TEO NIVEL I/II": {"medie": 8.66951219512195, "reusita": 100.0, "cnt": 41}, "CHIMIE ANORGANICA TEO NIVEL I/II": {"medie": 9.35, "reusita": 100.0, "cnt": 3}, "FILOSOFIE": {"medie": 9.7, "reusita": 100.0, "cnt": 1}}, "nume": "COLEGIUL NATIONAL \"NICOLAE BALCESCU\"\tBr\u0103ila"}