{"specializari": {"FILOLOGIE": 65, "MATEMATICA-INFORMATICA": 53, "STIINTE SOCIALE": 30, "STIINTE ALE NATURII": 32}, "limba_moderna": {"LIMBA SPANIOLA": 4, "LIMBA ENGLEZA": 154, "LIMBA FRANCEZA": 22}, "limba_materna": {"LIMBA ROMANA": 180}, "promotie_anterioara": {"NU": 169, "DA": 11}, "materii": {"LIMBA ROMANA": {"medie": 7.78388888888889, "reusita": 98.33333333333333, "cnt": 180}, "GENERAL": {"medie": 7.95577281191806, "reusita": 88.88888888888889, "cnt": 180}, "MATEMATICA MATE-INFO": {"medie": 8.210377358490565, "reusita": 94.33962264150944, "cnt": 53}, "INFORMATICA MI C/C++": {"medie": 10.0, "reusita": 100.0, "cnt": 1}, "GEOGRAFIE": {"medie": 7.9842857142857175, "reusita": 97.14285714285714, "cnt": 70}, "ANATOMIE SI FIZIOLOGIE UMANA, GENETICA SI ECOLOGIE UMANA": {"medie": 8.148214285714285, "reusita": 100.0, "cnt": 56}, "ISTORIE": {"medie": 7.757894736842107, "reusita": 95.78947368421052, "cnt": 95}, "FIZICA TEO": {"medie": 8.6, "reusita": 94.11764705882352, "cnt": 17}, "MATEMATICA ST-NAT": {"medie": 7.72258064516129, "reusita": 84.375, "cnt": 32}, "LOGICA, ARGUMENTARE SI COMUNICARE": {"medie": 7.433333333333333, "reusita": 91.66666666666666, "cnt": 12}, "SOCIOLOGIE": {"medie": 8.075, "reusita": 100.0, "cnt": 2}, "PSIHOLOGIE": {"medie": 9.3, "reusita": 100.0, "cnt": 5}, "ECONOMIE": {"medie": 8.9125, "reusita": 100.0, "cnt": 4}, "CHIMIE ORGANICA TEO NIVEL I/II": {"medie": 8.85, "reusita": 100.0, "cnt": 11}, "FILOSOFIE": {"medie": 7.875, "reusita": 100.0, "cnt": 2}}, "nume": "COLEGIUL NATIONAL \"ALEXANDRU VLAHUTA\" MUNICIPIUL RIMNICU SARAT\tBuz\u0103u"}