{"specializari": {"MATEMATICA-INFORMATICA": 132, "STIINTE ALE NATURII": 30, "STIINTE SOCIALE": 36}, "limba_moderna": {"LIMBA ENGLEZA": 183, "LIMBA GERMANA MODERNA": 7, "LIMBA FRANCEZA": 5, "LIMBA ITALIANA": 3}, "limba_materna": {"LIMBA ROMANA": 198}, "promotie_anterioara": {"NU": 198}, "materii": {"LIMBA ROMANA": {"medie": 8.71928934010152, "reusita": 99.4949494949495, "cnt": 198}, "BIOLOGIE VEGETALA SI ANIMALA": {"medie": 8.961111111111112, "reusita": 100.0, "cnt": 9}, "GENERAL": {"medie": 9.061844331641282, "reusita": 99.4949494949495, "cnt": 198}, "MATEMATICA MATE-INFO": {"medie": 9.454924242424237, "reusita": 100.0, "cnt": 132}, "INFORMATICA MI C/C++": {"medie": 9.14758064516129, "reusita": 100.0, "cnt": 62}, "GEOGRAFIE": {"medie": 9.66, "reusita": 100.0, "cnt": 5}, "ANATOMIE SI FIZIOLOGIE UMANA, GENETICA SI ECOLOGIE UMANA": {"medie": 9.162307692307698, "reusita": 100.0, "cnt": 65}, "ISTORIE": {"medie": 8.806944444444444, "reusita": 100.0, "cnt": 36}, "FIZICA TEO": {"medie": 9.216666666666665, "reusita": 100.0, "cnt": 9}, "MATEMATICA ST-NAT": {"medie": 9.436206896551724, "reusita": 96.66666666666667, "cnt": 30}, "LOGICA, ARGUMENTARE SI COMUNICARE": {"medie": 9.007894736842108, "reusita": 100.0, "cnt": 19}, "SOCIOLOGIE": {"medie": 8.575000000000001, "reusita": 100.0, "cnt": 4}, "PSIHOLOGIE": {"medie": 9.258333333333333, "reusita": 100.0, "cnt": 6}, "ECONOMIE": {"medie": 8.525, "reusita": 100.0, "cnt": 2}, "CHIMIE ORGANICA TEO NIVEL I/II": {"medie": 9.109999999999998, "reusita": 93.75, "cnt": 16}, "CHIMIE ANORGANICA TEO NIVEL I/II": {"medie": 9.8, "reusita": 100.0, "cnt": 1}}, "nume": "COLEGIUL NATIONAL \"GHEORGHE SINCAI\" BAIA MARE\tMaramure\u0219"}