{"specializari": {"TEHNICIAN ANALIZE PRODUSE ALIMENTARE": 24, "TEHNICIAN IN INDUSTRIA ALIMENTARA": 16, "TEHNICIAN TRANSPORTURI": 13, "TEHNICIAN MECATRONIST": 11, "TEHNICIAN ECOLOG SI PROTECTIA CALITATII MEDIULUI": 25, "TEHNICIAN VETERINAR": 8, "TEHNICIAN MECANIC PENTRU INTRETINERE SI REPARATII": 6, "TEHNICIAN IN AGROTURISM": 2, "TEHNICIAN IN AUTOMATIZARI": 2, "TEHNICIAN DESENATOR PENTRU CONSTRUCTII SI INSTALATII": 1, "TEHNICIAN ELECTROMECANIC": 3, "TEHNICIAN AGROMONTAN": 1, "TEHNICIAN HIDRO-METEOROLOG": 2}, "limba_moderna": {"LIMBA ENGLEZA": 83, "LIMBA FRANCEZA": 31}, "limba_materna": {"LIMBA ROMANA": 114}, "promotie_anterioara": {"NU": 67, "DA": 47}, "materii": {"LIMBA ROMANA": {"medie": 5.673394495412844, "reusita": 78.0701754385965, "cnt": 114}, "MATEMATICA TEHN": {"medie": 4.362962962962964, "reusita": 44.73684210526316, "cnt": 114}, "BIOLOGIE VEGETALA SI ANIMALA": {"medie": 4.976829268292684, "reusita": 55.81395348837209, "cnt": 86}, "GENERAL": {"medie": 5.013301282051282, "reusita": 25.438596491228072, "cnt": 114}, "FIZICA TEH": {"medie": 3.2, "reusita": 25.0, "cnt": 4}, "ANATOMIE SI FIZIOLOGIE UMANA, GENETICA SI ECOLOGIE UMANA": {"medie": 5.916666666666667, "reusita": 75.0, "cnt": 4}, "CHIMIE ANORGANICA TEH NIVEL I/II": {"medie": 4.4975, "reusita": 35.0, "cnt": 20}}, "nume": "COLEGIUL TEHNIC \"VALERIU D. COTEA\" FOCSANI\tVrancea"}