{"specializari": {"TEHNICIAN TRANSPORTURI": 5, "TEHNICIAN MECATRONIST": 3, "TEHNICIAN ANALIZE PRODUSE ALIMENTARE": 6, "TEHNICIAN PROIECTANT CAD": 9, "TEHNICIAN MECANIC PENTRU INTRETINERE SI REPARATII": 2, "TEHNICIAN AVIATIE": 13, "TEHNICIAN PRELUCRARI MECANICE": 3, "COAFOR STILIST": 1}, "limba_moderna": {"LIMBA FRANCEZA": 5, "LIMBA ENGLEZA": 37}, "limba_materna": {"LIMBA ROMANA": 42}, "promotie_anterioara": {"DA": 23, "NU": 19}, "materii": {"LIMBA ROMANA": {"medie": 5.839285714285714, "reusita": 88.09523809523809, "cnt": 42}, "MATEMATICA TEHN": {"medie": 5.446250000000001, "reusita": 69.04761904761905, "cnt": 42}, "BIOLOGIE VEGETALA SI ANIMALA": {"medie": 5.174137931034484, "reusita": 45.45454545454545, "cnt": 33}, "GENERAL": {"medie": 5.421759259259258, "reusita": 30.952380952380953, "cnt": 42}, "GEOGRAFIE": {"medie": 7.05, "reusita": 100.0, "cnt": 1}, "FIZICA TEH": {"medie": 3.825, "reusita": 0.0, "cnt": 2}, "ANATOMIE SI FIZIOLOGIE UMANA, GENETICA SI ECOLOGIE UMANA": {"medie": 5.65, "reusita": 100.0, "cnt": 4}, "CHIMIE ANORGANICA TEH NIVEL I/II": {"medie": 5.9, "reusita": 100.0, "cnt": 1}, "CHIMIE ORGANICA TEH NIVEL I/II": {"medie": 3.3, "reusita": 0.0, "cnt": 1}}, "nume": "COLEGIUL TEHNIC \"TRANSILVANIA\" BRASOV\tBra\u0219ov"}