{"specializari": {"MATEMATICA-INFORMATICA": 48, "FILOLOGIE": 33, "STIINTE SOCIALE": 30}, "limba_moderna": {"LIMBA ENGLEZA": 111}, "limba_materna": {"LIMBA ROMANA": 111}, "promotie_anterioara": {"NU": 99, "DA": 12}, "materii": {"LIMBA ROMANA": {"medie": 7.403603603603603, "reusita": 97.2972972972973, "cnt": 111}, "BIOLOGIE VEGETALA SI ANIMALA": {"medie": 7.300000000000001, "reusita": 66.66666666666666, "cnt": 3}, "GENERAL": {"medie": 7.22762762762763, "reusita": 74.77477477477478, "cnt": 111}, "MATEMATICA MATE-INFO": {"medie": 6.089583333333334, "reusita": 68.75, "cnt": 48}, "INFORMATICA MI C/C++": {"medie": 7.062499999999999, "reusita": 75.0, "cnt": 8}, "GEOGRAFIE": {"medie": 7.631896551724139, "reusita": 94.82758620689656, "cnt": 58}, "ANATOMIE SI FIZIOLOGIE UMANA, GENETICA SI ECOLOGIE UMANA": {"medie": 7.163888888888888, "reusita": 83.33333333333334, "cnt": 36}, "ISTORIE": {"medie": 7.353968253968254, "reusita": 96.82539682539682, "cnt": 63}, "FIZICA TEO": {"medie": 4.35, "reusita": 0.0, "cnt": 1}, "LOGICA, ARGUMENTARE SI COMUNICARE": {"medie": 9.219999999999999, "reusita": 100.0, "cnt": 5}}, "nume": "COLEGIUL NATIONAL \"TEODOR NES\" SALONTA\tBihor"}