{"specializari": {"TEHNICIAN IN HOTELARIE": 37, "STIINTE SOCIALE": 27, "TEHNICIAN IN SILVICULTURA SI EXPLOATARI FORESTIERE": 16, "TEHNICIAN ECOLOG SI PROTECTIA CALITATII MEDIULUI": 15, "TEHNICIAN IN ADMINISTRATIE": 16, "TEHNICIAN IN ACTIVITATI ECONOMICE": 21, "TEHNICIAN IN CONSTRUCTII SI LUCRARI PUBLICE": 2, "TEHNICIAN ANALIZE PRODUSE ALIMENTARE": 16, "TEHNICIAN MECANIC PENTRU INTRETINERE SI REPARATII": 11, "MATEMATICA-INFORMATICA": 10, "TEHNICIAN IN AUTOMATIZARI": 4, "TEHNICIAN VETERINAR": 8, "TEHNICIAN OPERATOR TEHNICA DE CALCUL": 2}, "limba_moderna": {"LIMBA ENGLEZA": 143, "LIMBA FRANCEZA": 42}, "limba_materna": {"LIMBA ROMANA": 185}, "promotie_anterioara": {"NU": 156, "DA": 29}, "materii": {"LIMBA ROMANA": {"medie": 6.292774566473989, "reusita": 83.78378378378379, "cnt": 185}, "MATEMATICA TEHN": {"medie": 5.306884057971014, "reusita": 61.48648648648649, "cnt": 148}, "BIOLOGIE VEGETALA SI ANIMALA": {"medie": 5.3500000000000005, "reusita": 51.42857142857142, "cnt": 35}, "GENERAL": {"medie": 6.206372549019611, "reusita": 52.43243243243243, "cnt": 185}, "MATEMATICA MATE-INFO": {"medie": 5.555, "reusita": 90.0, "cnt": 10}, "GEOGRAFIE": {"medie": 7.5051948051948045, "reusita": 91.35802469135803, "cnt": 81}, "FIZICA TEH": {"medie": 6.35, "reusita": 100.0, "cnt": 2}, "ANATOMIE SI FIZIOLOGIE UMANA, GENETICA SI ECOLOGIE UMANA": {"medie": 6.526136363636365, "reusita": 80.85106382978722, "cnt": 47}, "ISTORIE": {"medie": 6.365384615384615, "reusita": 96.29629629629629, "cnt": 27}, "LOGICA, ARGUMENTARE SI COMUNICARE": {"medie": 6.708333333333333, "reusita": 88.88888888888889, "cnt": 18}, "PSIHOLOGIE": {"medie": 9.4, "reusita": 100.0, "cnt": 1}, "FILOSOFIE": {"medie": 3.8, "reusita": 0.0, "cnt": 1}}, "nume": "COLEGIUL \"VASILE LOVINESCU\" FALTICENI\tSuceava"}