{"specializari": {"TEHNICIAN ECOLOG SI PROTECTIA CALITATII MEDIULUI": 25, "TEHNICIAN VETERINAR": 16, "TEHNICIAN IN AGRICULTURA": 10, "TEHNICIAN IN ADMINISTRATIE": 20, "TEHNICIAN ANALIZE PRODUSE ALIMENTARE": 31, "TEHNICIAN IN ACTIVITATI ECONOMICE": 22, "TEHNICIAN IN AGROTURISM": 24, "TEHNICIAN IN INDUSTRIA ALIMENTARA": 3}, "limba_moderna": {"LIMBA ENGLEZA": 145, "LIMBA FRANCEZA": 6}, "limba_materna": {"LIMBA ROMANA": 151}, "promotie_anterioara": {"NU": 129, "DA": 22}, "materii": {"LIMBA ROMANA": {"medie": 5.317605633802821, "reusita": 69.5364238410596, "cnt": 151}, "MATEMATICA TEHN": {"medie": 4.99710144927536, "reusita": 55.62913907284768, "cnt": 151}, "BIOLOGIE VEGETALA SI ANIMALA": {"medie": 4.225, "reusita": 50.0, "cnt": 2}, "GENERAL": {"medie": 5.439520202020206, "reusita": 37.74834437086093, "cnt": 151}, "GEOGRAFIE": {"medie": 7.470731707317073, "reusita": 92.85714285714286, "cnt": 42}, "ANATOMIE SI FIZIOLOGIE UMANA, GENETICA SI ECOLOGIE UMANA": {"medie": 5.036559139784945, "reusita": 56.074766355140184, "cnt": 107}}, "nume": "COLEGIUL AGRICOL \"TRAIAN SAVULESCU\" TIRGU MURES\tMure\u0219"}