{"specializari": {"MATEMATICA-INFORMATICA": 52, "STIINTE ALE NATURII": 60, "STIINTE SOCIALE": 30, "FILOLOGIE": 26}, "limba_moderna": {"LIMBA ENGLEZA": 154, "LIMBA GERMANA MODERNA": 14}, "limba_materna": {"LIMBA MAGHIARA": 168}, "promotie_anterioara": {"NU": 157, "DA": 11}, "materii": {"LIMBA ROMANA": {"medie": 6.647321428571429, "reusita": 95.83333333333334, "cnt": 168}, "GENERAL": {"medie": 7.829538690476185, "reusita": 92.85714285714286, "cnt": 168}, "MATEMATICA MATE-INFO": {"medie": 8.319230769230769, "reusita": 100.0, "cnt": 52}, "INFORMATICA MI PASCAL": {"medie": 9.121250000000002, "reusita": 100.0, "cnt": 40}, "GEOGRAFIE": {"medie": 7.923214285714283, "reusita": 100.0, "cnt": 56}, "ANATOMIE SI FIZIOLOGIE UMANA, GENETICA SI ECOLOGIE UMANA": {"medie": 8.708823529411765, "reusita": 100.0, "cnt": 51}, "ISTORIE": {"medie": 7.367857142857142, "reusita": 100.0, "cnt": 56}, "FIZICA TEO": {"medie": 7.075, "reusita": 100.0, "cnt": 2}, "MATEMATICA ST-NAT": {"medie": 8.064999999999998, "reusita": 95.0, "cnt": 60}, "LIMBA MAGHIARA (REAL)": {"medie": 8.772321428571427, "reusita": 100.0, "cnt": 112}, "CHIMIE ORGANICA TEO NIVEL I/II": {"medie": 7.810714285714286, "reusita": 100.0, "cnt": 14}, "LIMBA MAGHIARA (UMAN)": {"medie": 7.444642857142858, "reusita": 100.0, "cnt": 56}, "INFORMATICA SN PASCAL": {"medie": 8.0, "reusita": 100.0, "cnt": 5}}, "nume": "COLEGIUL NATIONAL \"KOLCSEY FERENC\" SATU MARE\tSatu-Mare"}