{"specializari": {"TEHNICIAN IN AUTOMATIZARI": 9, "TEHNICIAN MECATRONIST": 2, "TEHNICIAN TRANSPORTURI": 5, "LICEU CU PROGRAM SPORTIV": 20, "MATEMATICA-INFORMATICA": 3, "TEHNICIAN MECANIC PENTRU INTRETINERE SI REPARATII": 7, "TEHNICIAN IN INSTALATII ELECTRICE": 1}, "limba_moderna": {"LIMBA ENGLEZA": 45, "LIMBA FRANCEZA": 2}, "limba_materna": {"LIMBA ROMANA": 47}, "promotie_anterioara": {"DA": 30, "NU": 17}, "materii": {"LIMBA ROMANA": {"medie": 5.85531914893617, "reusita": 87.2340425531915, "cnt": 47}, "MATEMATICA TEHN": {"medie": 6.125, "reusita": 91.66666666666666, "cnt": 24}, "BIOLOGIE VEGETALA SI ANIMALA": {"medie": 5.197368421052632, "reusita": 73.68421052631578, "cnt": 19}, "GENERAL": {"medie": 5.965579710144928, "reusita": 46.808510638297875, "cnt": 47}, "MATEMATICA MATE-INFO": {"medie": 3.85, "reusita": 33.33333333333333, "cnt": 3}, "GEOGRAFIE": {"medie": 7.446666666666667, "reusita": 100.0, "cnt": 15}, "CHIMIE ANORGANICA TEH NIVEL I/II": {"medie": 5.092857142857143, "reusita": 50.0, "cnt": 8}, "ISTORIE": {"medie": 6.16, "reusita": 95.0, "cnt": 20}, "LOGICA, ARGUMENTARE SI COMUNICARE": {"medie": 6.9, "reusita": 80.0, "cnt": 5}}, "nume": "COLEGIUL TEHNIC \"DINICU GOLESCU\"\tBucure\u0219ti"}