{"specializari": {"TEHNICIAN IN TURISM": 26, "TEHNICIAN IN ACTIVITATI ECONOMICE": 38, "ORGANIZATOR BANQUETING": 27, "TEHNICIAN ANALIZE PRODUSE ALIMENTARE": 16, "TEHNICIAN IN INDUSTRIA ALIMENTARA": 14, "TEHNICIAN VETERINAR": 7, "TEHNICIAN ECOLOG SI PROTECTIA CALITATII MEDIULUI": 7}, "limba_moderna": {"LIMBA ENGLEZA": 113, "LIMBA FRANCEZA": 22}, "limba_materna": {"LIMBA ROMANA": 135}, "promotie_anterioara": {"NU": 116, "DA": 19}, "materii": {"LIMBA ROMANA": {"medie": 6.235074626865669, "reusita": 88.14814814814815, "cnt": 135}, "MATEMATICA TEHN": {"medie": 5.478515625000002, "reusita": 64.44444444444444, "cnt": 135}, "BIOLOGIE VEGETALA SI ANIMALA": {"medie": 5.312857142857141, "reusita": 65.71428571428571, "cnt": 35}, "GENERAL": {"medie": 6.110629921259845, "reusita": 48.888888888888886, "cnt": 135}, "GEOGRAFIE": {"medie": 7.318115942028983, "reusita": 91.42857142857143, "cnt": 70}, "ANATOMIE SI FIZIOLOGIE UMANA, GENETICA SI ECOLOGIE UMANA": {"medie": 4.225, "reusita": 33.33333333333333, "cnt": 9}, "LOGICA, ARGUMENTARE SI COMUNICARE": {"medie": 6.807499999999999, "reusita": 76.19047619047619, "cnt": 21}}, "nume": "COLEGIUL \"ANDRONIC MOTRESCU\" RADAUTI\tSuceava"}