{"specializari": {"MATEMATICA-INFORMATICA": 92, "FILOLOGIE": 33, "STIINTE SOCIALE": 33, "STIINTE ALE NATURII": 30, "TEHNICIAN ELECTRONIST": 1}, "limba_moderna": {"LIMBA ENGLEZA": 155, "LIMBA FRANCEZA": 34}, "limba_materna": {"LIMBA ROMANA": 189}, "promotie_anterioara": {"NU": 184, "DA": 5}, "materii": {"LIMBA ROMANA": {"medie": 8.083068783068784, "reusita": 100.0, "cnt": 189}, "MATEMATICA TEHN": {"medie": 1.7, "reusita": 0.0, "cnt": 1}, "GENERAL": {"medie": 8.467287234042557, "reusita": 97.35449735449735, "cnt": 189}, "MATEMATICA MATE-INFO": {"medie": 8.747282608695654, "reusita": 97.82608695652173, "cnt": 92}, "INFORMATICA MI C/C++": {"medie": 8.908333333333333, "reusita": 100.0, "cnt": 6}, "GEOGRAFIE": {"medie": 8.504166666666668, "reusita": 100.0, "cnt": 12}, "FIZICA TEH": {"medie": "-", "reusita": 0.0, "cnt": 1}, "ANATOMIE SI FIZIOLOGIE UMANA, GENETICA SI ECOLOGIE UMANA": {"medie": 8.827499999999997, "reusita": 100.0, "cnt": 80}, "ISTORIE": {"medie": 8.207575757575757, "reusita": 100.0, "cnt": 66}, "FIZICA TEO": {"medie": 8.535714285714288, "reusita": 100.0, "cnt": 28}, "MATEMATICA ST-NAT": {"medie": 8.271666666666667, "reusita": 100.0, "cnt": 30}, "LOGICA, ARGUMENTARE SI COMUNICARE": {"medie": 9.139622641509435, "reusita": 100.0, "cnt": 53}, "ECONOMIE": {"medie": 5.1, "reusita": 100.0, "cnt": 1}, "CHIMIE ORGANICA TEO NIVEL I/II": {"medie": 8.95, "reusita": 100.0, "cnt": 6}, "INFORMATICA SN C/C++": {"medie": 7.2749999999999995, "reusita": 100.0, "cnt": 2}}, "nume": "COLEGIUL NATIONAL \"NICOLAE IORGA\", ORASUL VALENII DE MUNTE\tPrahova"}