{"specializari": {"COAFOR STILIST": 34, "TEHNICIAN OPERATOR TEHNICA DE CALCUL": 11, "TEHNICIAN DESIGNER VESTIMENTAR": 6, "TEHNICIAN IN GASTRONOMIE": 13, "FILOLOGIE": 1, "TEHNICIAN IN INDUSTRIA TEXTILA": 1, "TEHNICIAN POLIGRAF": 2}, "limba_moderna": {"LIMBA ENGLEZA": 55, "LIMBA FRANCEZA": 13}, "limba_materna": {"LIMBA ROMANA": 68}, "promotie_anterioara": {"NU": 53, "DA": 15}, "materii": {"LIMBA ROMANA": {"medie": 5.7293650793650786, "reusita": 83.82352941176471, "cnt": 68}, "MATEMATICA TEHN": {"medie": 5.77622950819672, "reusita": 68.65671641791045, "cnt": 67}, "BIOLOGIE VEGETALA SI ANIMALA": {"medie": 5.971428571428571, "reusita": 58.82352941176471, "cnt": 17}, "GENERAL": {"medie": 6.056214689265538, "reusita": 44.11764705882353, "cnt": 68}, "GEOGRAFIE": {"medie": 7.335294117647059, "reusita": 94.11764705882352, "cnt": 17}, "FIZICA TEH": {"medie": 5.3, "reusita": 66.66666666666666, "cnt": 3}, "ISTORIE": {"medie": 5.2, "reusita": 100.0, "cnt": 1}, "LOGICA, ARGUMENTARE SI COMUNICARE": {"medie": 6.4862068965517246, "reusita": 70.96774193548387, "cnt": 31}}, "nume": "COLEGIUL TEHNIC \"IOAN C. STEFANESCU\", IASI\tIa\u0219i"}