{"specializari": {"TEHNICIAN IN ACTIVITATI ECONOMICE": 20, "TEHNICIAN MECATRONIST": 1, "TEHNICIAN TRANSPORTURI": 7, "TEHNICIAN IN INDUSTRIA STICLEI SI CERAMICII": 1, "TEHNICIAN ELECTRICIAN/ELECTRONIST AUTO": 6, "TEHNICIAN ELECTRONIST": 2, "TEHNICIAN OPERATOR TEHNICA DE CALCUL": 1, "TEHNICIAN IN ADMINISTRATIE": 10, "MATEMATICA-INFORMATICA": 1, "TEHNICIAN DESIGNER VESTIMENTAR": 1}, "limba_moderna": {"LIMBA ENGLEZA": 50}, "limba_materna": {"LIMBA ROMANA": 50}, "promotie_anterioara": {"NU": 36, "DA": 14}, "materii": {"LIMBA ROMANA": {"medie": 5.561702127659575, "reusita": 72.0, "cnt": 50}, "MATEMATICA TEHN": {"medie": 6.036046511627904, "reusita": 61.224489795918366, "cnt": 49}, "BIOLOGIE VEGETALA SI ANIMALA": {"medie": 5.179411764705883, "reusita": 52.63157894736842, "cnt": 19}, "GENERAL": {"medie": 6.0965116279069775, "reusita": 46.0, "cnt": 50}, "MATEMATICA MATE-INFO": {"medie": 1.85, "reusita": 0.0, "cnt": 1}, "GEOGRAFIE": {"medie": 7.7659090909090915, "reusita": 84.61538461538461, "cnt": 26}, "FIZICA TEH": {"medie": 9.65, "reusita": 100.0, "cnt": 1}, "LOGICA, ARGUMENTARE SI COMUNICARE": {"medie": 6.675, "reusita": 75.0, "cnt": 4}}, "nume": "COLEGIUL TEHNIC TURDA\tCluj"}