{"specializari": {"STIINTE ALE NATURII": 65, "MATEMATICA-INFORMATICA": 40, "FILOLOGIE": 32, "STIINTE SOCIALE": 66}, "limba_moderna": {"LIMBA ENGLEZA": 179, "LIMBA FRANCEZA": 24}, "limba_materna": {"LIMBA ROMANA": 203}, "promotie_anterioara": {"NU": 202, "DA": 1}, "materii": {"LIMBA ROMANA": {"medie": 8.322772277227722, "reusita": 99.50738916256158, "cnt": 203}, "BIOLOGIE VEGETALA SI ANIMALA": {"medie": 6.45, "reusita": 100.0, "cnt": 1}, "GENERAL": {"medie": 8.71287128712871, "reusita": 98.52216748768473, "cnt": 203}, "MATEMATICA MATE-INFO": {"medie": 8.4375, "reusita": 100.0, "cnt": 40}, "INFORMATICA MI C/C++": {"medie": 8.542857142857144, "reusita": 100.0, "cnt": 7}, "GEOGRAFIE": {"medie": 9.105714285714287, "reusita": 100.0, "cnt": 35}, "ANATOMIE SI FIZIOLOGIE UMANA, GENETICA SI ECOLOGIE UMANA": {"medie": 8.819230769230769, "reusita": 100.0, "cnt": 39}, "ISTORIE": {"medie": 8.86734693877551, "reusita": 100.0, "cnt": 98}, "FIZICA TEO": {"medie": 8.445454545454544, "reusita": 100.0, "cnt": 33}, "MATEMATICA ST-NAT": {"medie": 9.476923076923077, "reusita": 100.0, "cnt": 65}, "LOGICA, ARGUMENTARE SI COMUNICARE": {"medie": 8.862499999999999, "reusita": 97.72727272727273, "cnt": 44}, "SOCIOLOGIE": {"medie": 9.5, "reusita": 100.0, "cnt": 2}, "PSIHOLOGIE": {"medie": 9.05, "reusita": 100.0, "cnt": 2}, "ECONOMIE": {"medie": 8.55, "reusita": 100.0, "cnt": 13}, "CHIMIE ORGANICA TEO NIVEL I/II": {"medie": 8.941666666666668, "reusita": 100.0, "cnt": 24}, "FILOSOFIE": {"medie": 9.649999999999999, "reusita": 100.0, "cnt": 2}, "INFORMATICA SN C/C++": {"medie": 8.05, "reusita": 100.0, "cnt": 1}}, "nume": "COLEGIUL NATIONAL \"GH. ROSCA CODREANU\", MUN. BARLAD\tVaslui"}