{"specializari": {"TEHNICIAN IN TURISM": 1, "TEHNICIAN IN ACTIVITATI ECONOMICE": 23, "FILOLOGIE": 21, "MATEMATICA-INFORMATICA": 28, "TEHNICIAN IN ACTIVITATI DE COMERT": 9, "TEHNICIAN IN ADMINISTRATIE": 1, "TEHNICIAN IN SILVICULTURA SI EXPLOATARI FORESTIERE": 7, "TEHNICIAN IN INDUSTRIA ALIMENTARA": 2, "TEHNICIAN ECOLOG SI PROTECTIA CALITATII MEDIULUI": 4, "TEHNICIAN OPERATOR TEHNICA DE CALCUL": 4, "TEHNICIAN IN CHIMIE INDUSTRIALA": 1}, "limba_moderna": {"LIMBA ENGLEZA": 89, "LIMBA FRANCEZA": 12}, "limba_materna": {"LIMBA ROMANA": 101}, "promotie_anterioara": {"DA": 38, "NU": 63}, "materii": {"LIMBA ROMANA": {"medie": 5.702150537634412, "reusita": 68.31683168316832, "cnt": 101}, "MATEMATICA TEHN": {"medie": 5.090217391304349, "reusita": 53.84615384615385, "cnt": 52}, "BIOLOGIE VEGETALA SI ANIMALA": {"medie": 5.041666666666666, "reusita": 33.33333333333333, "cnt": 18}, "GENERAL": {"medie": 5.753815261044177, "reusita": 34.65346534653465, "cnt": 101}, "MATEMATICA MATE-INFO": {"medie": 3.7192307692307693, "reusita": 32.142857142857146, "cnt": 28}, "INFORMATICA MI C/C++": {"medie": 9.149999999999999, "reusita": 100.0, "cnt": 2}, "GEOGRAFIE": {"medie": 6.516326530612246, "reusita": 72.22222222222221, "cnt": 54}, "ANATOMIE SI FIZIOLOGIE UMANA, GENETICA SI ECOLOGIE UMANA": {"medie": 5.033333333333333, "reusita": 44.0, "cnt": 25}, "ISTORIE": {"medie": 7.699999999999999, "reusita": 85.71428571428571, "cnt": 21}, "ECONOMIE": {"medie": 6.3, "reusita": 100.0, "cnt": 1}, "CHIMIE ORGANICA TEO NIVEL I/II": {"medie": 9.1, "reusita": 100.0, "cnt": 1}}, "nume": "COLEGIUL TEHNIC NR.1 VADU CRISULUI\tBihor"}