{"specializari": {"TEHNICIAN ANALIZE PRODUSE ALIMENTARE": 11, "TEHNICIAN ECOLOG SI PROTECTIA CALITATII MEDIULUI": 18, "TEHNICIAN CHIMIST DE LABORATOR": 6, "TEHNICIAN IN INSTALATII ELECTRICE": 1, "TEHNICIAN IN SILVICULTURA SI EXPLOATARI FORESTIERE": 7}, "limba_moderna": {"LIMBA ENGLEZA": 24, "LIMBA FRANCEZA": 19}, "limba_materna": {"LIMBA ROMANA": 43}, "promotie_anterioara": {"NU": 30, "DA": 13}, "materii": {"LIMBA ROMANA": {"medie": 5.342682926829268, "reusita": 76.74418604651163, "cnt": 43}, "MATEMATICA TEHN": {"medie": 5.40625, "reusita": 72.09302325581395, "cnt": 43}, "BIOLOGIE VEGETALA SI ANIMALA": {"medie": 6.275, "reusita": 50.0, "cnt": 4}, "GENERAL": {"medie": 5.498290598290597, "reusita": 32.55813953488372, "cnt": 43}, "ANATOMIE SI FIZIOLOGIE UMANA, GENETICA SI ECOLOGIE UMANA": {"medie": 5.995454545454547, "reusita": 88.23529411764706, "cnt": 34}, "CHIMIE ANORGANICA TEH NIVEL I/II": {"medie": 3.6125, "reusita": 20.0, "cnt": 5}}, "nume": "COLEGIUL TEHNIC \"CD NENITESCU\" BAIA MARE\tMaramure\u0219"}