{"specializari": {"MATEMATICA-INFORMATICA": 28, "TEHNICIAN ECOLOG SI PROTECTIA CALITATII MEDIULUI": 19, "TEHNICIAN IN TURISM": 33, "TEHNICIAN IN ACTIVITATI ECONOMICE": 28, "TEHNICIAN IN AUTOMATIZARI": 27, "TEHNICIAN ELECTRONIST": 7, "TEHNICIAN IN ACTIVITATI DE COMERT": 2, "TEHNICIAN MECANIC PENTRU INTRETINERE SI REPARATII": 1}, "limba_moderna": {"LIMBA ENGLEZA": 144, "LIMBA GERMANA MODERNA": 1}, "limba_materna": {"LIMBA ROMANA": 143, "LIMBA MAGHIARA": 2}, "promotie_anterioara": {"NU": 128, "DA": 17}, "materii": {"LIMBA ROMANA": {"medie": 7.9045138888888875, "reusita": 97.93103448275862, "cnt": 145}, "MATEMATICA TEHN": {"medie": 7.745217391304347, "reusita": 96.58119658119658, "cnt": 117}, "BIOLOGIE VEGETALA SI ANIMALA": {"medie": 5.390384615384615, "reusita": 66.66666666666666, "cnt": 27}, "GENERAL": {"medie": 7.965248226950354, "reusita": 85.51724137931035, "cnt": 145}, "MATEMATICA MATE-INFO": {"medie": 9.028571428571428, "reusita": 100.0, "cnt": 28}, "INFORMATICA MI C/C++": {"medie": 9.456521739130435, "reusita": 100.0, "cnt": 23}, "GEOGRAFIE": {"medie": 8.911111111111113, "reusita": 100.0, "cnt": 63}, "FIZICA TEH": {"medie": 6.695454545454546, "reusita": 81.81818181818183, "cnt": 11}, "ANATOMIE SI FIZIOLOGIE UMANA, GENETICA SI ECOLOGIE UMANA": {"medie": 7.483333333333334, "reusita": 100.0, "cnt": 3}, "CHIMIE ANORGANICA TEH NIVEL I/II": {"medie": 6.4333333333333345, "reusita": 93.33333333333333, "cnt": 15}, "FIZICA TEO": {"medie": 6.025, "reusita": 50.0, "cnt": 2}, "LIMBA MAGHIARA (REAL)": {"medie": 5.525, "reusita": 100.0, "cnt": 2}, "CHIMIE ORGANICA TEO NIVEL I/II": {"medie": 7.5, "reusita": 100.0, "cnt": 1}}, "nume": "COLEGIUL \"SCOALA NATIONALA DE GAZ\" MEDIAS\tSibiu"}