{"specializari": {"FILOLOGIE": 68, "MATEMATICA-INFORMATICA": 108, "STIINTE ALE NATURII": 30}, "limba_moderna": {"LIMBA FRANCEZA": 59, "LIMBA ENGLEZA": 131, "LIMBA GERMANA MODERNA": 9, "LIMBA RUSA": 7}, "limba_materna": {"LIMBA ROMANA": 206}, "promotie_anterioara": {"NU": 201, "DA": 5}, "materii": {"LIMBA ROMANA": {"medie": 8.348543689320385, "reusita": 99.51456310679612, "cnt": 206}, "BIOLOGIE VEGETALA SI ANIMALA": {"medie": 7.33, "reusita": 100.0, "cnt": 5}, "GENERAL": {"medie": 8.55129449838188, "reusita": 96.11650485436894, "cnt": 206}, "MATEMATICA MATE-INFO": {"medie": 8.324999999999998, "reusita": 96.29629629629629, "cnt": 108}, "INFORMATICA MI C/C++": {"medie": 8.73898305084746, "reusita": 100.0, "cnt": 59}, "ANATOMIE SI FIZIOLOGIE UMANA, GENETICA SI ECOLOGIE UMANA": {"medie": 8.907142857142858, "reusita": 100.0, "cnt": 14}, "ISTORIE": {"medie": 8.441911764705884, "reusita": 98.52941176470588, "cnt": 68}, "FIZICA TEO": {"medie": 8.874358974358973, "reusita": 100.0, "cnt": 39}, "MATEMATICA ST-NAT": {"medie": 9.238333333333335, "reusita": 100.0, "cnt": 30}, "LOGICA, ARGUMENTARE SI COMUNICARE": {"medie": 8.878030303030307, "reusita": 98.48484848484848, "cnt": 66}, "ECONOMIE": {"medie": 8.875, "reusita": 100.0, "cnt": 2}, "CHIMIE ORGANICA TEO NIVEL I/II": {"medie": 8.860526315789473, "reusita": 100.0, "cnt": 19}, "CHIMIE ANORGANICA TEO NIVEL I/II": {"medie": 9.75, "reusita": 100.0, "cnt": 2}}, "nume": "COLEGIUL NATIONAL \"DINICU GOLESCU\" CAMPULUNG\tArge\u0219"}