{"specializari": {"MATEMATICA-INFORMATICA": 61, "STIINTE ALE NATURII": 29, "FILOLOGIE": 35, "STIINTE SOCIALE": 37}, "limba_moderna": {"LIMBA ENGLEZA": 151, "LIMBA FRANCEZA": 11}, "limba_materna": {"LIMBA ROMANA": 162}, "promotie_anterioara": {"NU": 152, "DA": 10}, "materii": {"LIMBA ROMANA": {"medie": 7.35216049382716, "reusita": 97.53086419753086, "cnt": 162}, "GENERAL": {"medie": 7.72153209109731, "reusita": 88.27160493827161, "cnt": 162}, "MATEMATICA MATE-INFO": {"medie": 8.321311475409834, "reusita": 100.0, "cnt": 61}, "INFORMATICA MI C/C++": {"medie": 9.1, "reusita": 100.0, "cnt": 16}, "GEOGRAFIE": {"medie": 8.939473684210526, "reusita": 100.0, "cnt": 19}, "ANATOMIE SI FIZIOLOGIE UMANA, GENETICA SI ECOLOGIE UMANA": {"medie": 8.394202898550724, "reusita": 100.0, "cnt": 69}, "ISTORIE": {"medie": 7.353472222222221, "reusita": 98.61111111111111, "cnt": 72}, "FIZICA TEO": {"medie": 8.975000000000001, "reusita": 100.0, "cnt": 4}, "MATEMATICA ST-NAT": {"medie": 7.129310344827587, "reusita": 86.20689655172413, "cnt": 29}, "SOCIOLOGIE": {"medie": 7.047916666666665, "reusita": 91.83673469387756, "cnt": 49}, "PSIHOLOGIE": {"medie": 7.525, "reusita": 100.0, "cnt": 2}, "ECONOMIE": {"medie": 7.1, "reusita": 100.0, "cnt": 1}, "CHIMIE ORGANICA TEO NIVEL I/II": {"medie": 8.05, "reusita": 100.0, "cnt": 1}, "FILOSOFIE": {"medie": 5.8, "reusita": 100.0, "cnt": 1}}, "nume": "COLEGIUL NATIONAL \"DRAGOS VODA\" CAMPULUNG MOLDOVENESC\tSuceava"}