{"specializari": {"FILOLOGIE": 31, "MATEMATICA-INFORMATICA": 54, "STIINTE ALE NATURII": 32, "TEHNICIAN MECANIC PENTRU INTRETINERE SI REPARATII": 9, "TEHNICIAN MECATRONIST": 4, "TEHNICIAN IN ACTIVITATI ECONOMICE": 45, "TEHNICIAN ECOLOG SI PROTECTIA CALITATII MEDIULUI": 14, "TEHNICIAN IN PRELUCRAREA LEMNULUI": 5, "STIINTE SOCIALE": 29, "TEHNICIAN IN INDUSTRIA TEXTILA": 6}, "limba_moderna": {"LIMBA ENGLEZA": 211, "LIMBA FRANCEZA": 18}, "limba_materna": {"LIMBA ROMANA": 229}, "promotie_anterioara": {"NU": 215, "DA": 14}, "materii": {"LIMBA ROMANA": {"medie": 7.7779735682819435, "reusita": 97.37991266375546, "cnt": 229}, "MATEMATICA TEHN": {"medie": 5.93148148148148, "reusita": 74.69879518072288, "cnt": 83}, "BIOLOGIE VEGETALA SI ANIMALA": {"medie": 3.9038461538461537, "reusita": 23.52941176470588, "cnt": 17}, "GENERAL": {"medie": 7.718853695324277, "reusita": 79.47598253275109, "cnt": 229}, "MATEMATICA MATE-INFO": {"medie": 8.930555555555555, "reusita": 98.14814814814815, "cnt": 54}, "INFORMATICA MI C/C++": {"medie": 9.458333333333332, "reusita": 100.0, "cnt": 12}, "GEOGRAFIE": {"medie": 7.5902777777777795, "reusita": 95.83333333333334, "cnt": 72}, "FIZICA TEH": {"medie": 3.600000000000001, "reusita": 33.33333333333333, "cnt": 12}, "ANATOMIE SI FIZIOLOGIE UMANA, GENETICA SI ECOLOGIE UMANA": {"medie": 8.753125000000002, "reusita": 100.0, "cnt": 48}, "CHIMIE ANORGANICA TEH NIVEL I/II": {"medie": 5.0, "reusita": 100.0, "cnt": 1}, "ISTORIE": {"medie": 7.726666666666669, "reusita": 98.33333333333333, "cnt": 60}, "FIZICA TEO": {"medie": 8.9, "reusita": 100.0, "cnt": 23}, "MATEMATICA ST-NAT": {"medie": 8.639062500000001, "reusita": 96.875, "cnt": 32}, "LOGICA, ARGUMENTARE SI COMUNICARE": {"medie": 7.85, "reusita": 100.0, "cnt": 1}, "SOCIOLOGIE": {"medie": 8.179166666666667, "reusita": 100.0, "cnt": 24}, "PSIHOLOGIE": {"medie": 10.0, "reusita": 100.0, "cnt": 1}, "ECONOMIE": {"medie": 5.533333333333332, "reusita": 66.66666666666666, "cnt": 6}, "CHIMIE ORGANICA TEO NIVEL I/II": {"medie": 9.0125, "reusita": 100.0, "cnt": 8}, "FILOSOFIE": {"medie": 7.6, "reusita": 100.0, "cnt": 1}, "CHIMIE ORGANICA TEH NIVEL I/II": {"medie": 5.25, "reusita": 66.66666666666666, "cnt": 3}}, "nume": "COLEGIUL TEHNIC \"DIMITRIE GHIKA\" COMANESTI\tBac\u0103u"}