{"specializari": {"FILOLOGIE": 26, "STIINTE SOCIALE": 30, "MATEMATICA-INFORMATICA": 18, "STIINTE ALE NATURII": 35}, "limba_moderna": {"LIMBA ENGLEZA": 97, "LIMBA GERMANA MODERNA": 12}, "limba_materna": {"LIMBA GERMANA": 61, "LIMBA ROMANA": 48}, "promotie_anterioara": {"NU": 108, "DA": 1}, "materii": {"LIMBA ROMANA": {"medie": 8.288990825688073, "reusita": 100.0, "cnt": 109}, "BIOLOGIE VEGETALA SI ANIMALA": {"medie": 6.7700000000000005, "reusita": 100.0, "cnt": 5}, "GENERAL": {"medie": 8.498891437308863, "reusita": 98.1651376146789, "cnt": 109}, "MATEMATICA MATE-INFO": {"medie": 8.469444444444445, "reusita": 100.0, "cnt": 18}, "INFORMATICA MI C/C++": {"medie": 8.57, "reusita": 100.0, "cnt": 5}, "GEOGRAFIE": {"medie": 8.822727272727272, "reusita": 100.0, "cnt": 11}, "ANATOMIE SI FIZIOLOGIE UMANA, GENETICA SI ECOLOGIE UMANA": {"medie": 8.76923076923077, "reusita": 100.0, "cnt": 13}, "ISTORIE": {"medie": 8.400892857142857, "reusita": 100.0, "cnt": 56}, "FIZICA TEO": {"medie": 8.999999999999998, "reusita": 100.0, "cnt": 17}, "MATEMATICA ST-NAT": {"medie": 9.557142857142859, "reusita": 100.0, "cnt": 35}, "LOGICA, ARGUMENTARE SI COMUNICARE": {"medie": 8.27261904761905, "reusita": 97.61904761904762, "cnt": 42}, "PSIHOLOGIE": {"medie": 8.575, "reusita": 100.0, "cnt": 2}, "CHIMIE ORGANICA TEO NIVEL I/II": {"medie": 9.155, "reusita": 100.0, "cnt": 10}, "CHIMIE ANORGANICA TEO NIVEL I/II": {"medie": 8.85, "reusita": 100.0, "cnt": 2}, "FILOSOFIE": {"medie": 7.4, "reusita": 100.0, "cnt": 1}, "LIMBA GERMANA": {"medie": 8.392622950819671, "reusita": 100.0, "cnt": 61}, "INFORMATICA SN C/C++": {"medie": 9.2, "reusita": 100.0, "cnt": 1}}, "nume": "COLEGIUL NATIONAL \"GEORGE COSBUC\" CLUJ-NAPOCA\tCluj"}