{"specializari": {"FILOLOGIE": 87, "STIINTE SOCIALE": 32, "MATEMATICA-INFORMATICA": 29}, "limba_moderna": {"LIMBA ENGLEZA": 101, "LIMBA SPANIOLA": 23, "LIMBA FRANCEZA": 24}, "limba_materna": {"LIMBA ROMANA": 148}, "promotie_anterioara": {"NU": 147, "DA": 1}, "materii": {"LIMBA ROMANA": {"medie": 8.336148648648647, "reusita": 100.0, "cnt": 148}, "GENERAL": {"medie": 8.294256756756756, "reusita": 99.32432432432432, "cnt": 148}, "MATEMATICA MATE-INFO": {"medie": 8.372413793103448, "reusita": 100.0, "cnt": 29}, "INFORMATICA MI C/C++": {"medie": 8.013333333333332, "reusita": 100.0, "cnt": 15}, "GEOGRAFIE": {"medie": 8.491379310344827, "reusita": 100.0, "cnt": 29}, "ANATOMIE SI FIZIOLOGIE UMANA, GENETICA SI ECOLOGIE UMANA": {"medie": 8.331818181818182, "reusita": 100.0, "cnt": 11}, "ISTORIE": {"medie": 7.981092436974788, "reusita": 100.0, "cnt": 119}, "FIZICA TEO": {"medie": 7.1, "reusita": 100.0, "cnt": 1}, "LOGICA, ARGUMENTARE SI COMUNICARE": {"medie": 8.701923076923075, "reusita": 100.0, "cnt": 78}, "SOCIOLOGIE": {"medie": 7.758333333333333, "reusita": 100.0, "cnt": 6}, "PSIHOLOGIE": {"medie": 8.875, "reusita": 100.0, "cnt": 4}, "ECONOMIE": {"medie": 8.350000000000001, "reusita": 100.0, "cnt": 2}, "CHIMIE ORGANICA TEO NIVEL I/II": {"medie": 7.55, "reusita": 100.0, "cnt": 1}, "CHIMIE ANORGANICA TEO NIVEL I/II": {"medie": 6.1, "reusita": 100.0, "cnt": 1}}, "nume": "COLEGIUL NATIONAL \"UNIREA\" BRASOV\tBra\u0219ov"}