{"specializari": {"MATEMATICA-INFORMATICA": 137, "STIINTE ALE NATURII": 36, "FILOLOGIE": 68, "STIINTE SOCIALE": 36}, "limba_moderna": {"LIMBA ENGLEZA": 265, "LIMBA FRANCEZA": 12}, "limba_materna": {"LIMBA ROMANA": 277}, "promotie_anterioara": {"NU": 268, "DA": 9}, "materii": {"LIMBA ROMANA": {"medie": 7.431696750902526, "reusita": 98.91696750902527, "cnt": 277}, "BIOLOGIE VEGETALA SI ANIMALA": {"medie": 9.325, "reusita": 100.0, "cnt": 2}, "GENERAL": {"medie": 8.061768953068585, "reusita": 92.7797833935018, "cnt": 277}, "MATEMATICA MATE-INFO": {"medie": 8.20729927007299, "reusita": 95.62043795620438, "cnt": 137}, "INFORMATICA MI C/C++": {"medie": 8.832142857142857, "reusita": 100.0, "cnt": 14}, "GEOGRAFIE": {"medie": 8.331249999999999, "reusita": 100.0, "cnt": 56}, "ANATOMIE SI FIZIOLOGIE UMANA, GENETICA SI ECOLOGIE UMANA": {"medie": 8.247478991596637, "reusita": 99.15966386554622, "cnt": 119}, "ISTORIE": {"medie": 8.426442307692307, "reusita": 100.0, "cnt": 104}, "FIZICA TEO": {"medie": 8.236, "reusita": 92.0, "cnt": 25}, "MATEMATICA ST-NAT": {"medie": 9.354166666666668, "reusita": 100.0, "cnt": 36}, "LOGICA, ARGUMENTARE SI COMUNICARE": {"medie": 8.9, "reusita": 100.0, "cnt": 1}, "SOCIOLOGIE": {"medie": 8.254838709677419, "reusita": 100.0, "cnt": 31}, "PSIHOLOGIE": {"medie": 8.303125, "reusita": 100.0, "cnt": 16}, "CHIMIE ORGANICA TEO NIVEL I/II": {"medie": 8.872727272727273, "reusita": 100.0, "cnt": 11}, "CHIMIE ANORGANICA TEO NIVEL I/II": {"medie": 5.9, "reusita": 50.0, "cnt": 2}}, "nume": "COLEGIUL NATIONAL \"STEFAN CEL MARE\", ORAS TARGU NEAMT\tNeam\u021b"}