{"specializari": {"STIINTE ALE NATURII": 61, "STIINTE SOCIALE": 34, "FILOLOGIE": 136, "MATEMATICA-INFORMATICA": 75}, "limba_moderna": {"LIMBA ENGLEZA": 291, "LIMBA GERMANA MODERNA": 6, "LIMBA FRANCEZA": 9}, "limba_materna": {"LIMBA ROMANA": 216, "LIMBA MAGHIARA": 90}, "promotie_anterioara": {"NU": 289, "DA": 17}, "materii": {"LIMBA ROMANA": {"medie": 8.172950819672131, "reusita": 97.38562091503267, "cnt": 306}, "GENERAL": {"medie": 8.570134320175436, "reusita": 94.44444444444444, "cnt": 306}, "MATEMATICA MATE-INFO": {"medie": 8.077027027027029, "reusita": 90.66666666666666, "cnt": 75}, "INFORMATICA MI C/C++": {"medie": 8.709615384615384, "reusita": 98.07692307692307, "cnt": 52}, "GEOGRAFIE": {"medie": 8.522340425531917, "reusita": 98.94736842105263, "cnt": 95}, "ANATOMIE SI FIZIOLOGIE UMANA, GENETICA SI ECOLOGIE UMANA": {"medie": 9.045945945945945, "reusita": 100.0, "cnt": 74}, "ISTORIE": {"medie": 8.940882352941175, "reusita": 100.0, "cnt": 170}, "FIZICA TEO": {"medie": 10.0, "reusita": 100.0, "cnt": 1}, "MATEMATICA ST-NAT": {"medie": 8.337704918032784, "reusita": 95.08196721311475, "cnt": 61}, "LOGICA, ARGUMENTARE SI COMUNICARE": {"medie": 9.23823529411765, "reusita": 100.0, "cnt": 68}, "SOCIOLOGIE": {"medie": 8.8, "reusita": 100.0, "cnt": 3}, "PSIHOLOGIE": {"medie": 8.2875, "reusita": 100.0, "cnt": 4}, "LIMBA MAGHIARA (REAL)": {"medie": 7.535849056603773, "reusita": 98.11320754716981, "cnt": 53}, "CHIMIE ORGANICA TEO NIVEL I/II": {"medie": 8.283333333333333, "reusita": 100.0, "cnt": 6}, "CHIMIE ANORGANICA TEO NIVEL I/II": {"medie": 5.45, "reusita": 66.66666666666666, "cnt": 3}, "LIMBA MAGHIARA (UMAN)": {"medie": 7.910810810810812, "reusita": 100.0, "cnt": 37}}, "nume": "COLEGIUL NATIONAL \"MIHAI EMINESCU\" ORADEA\tBihor"}