{"specializari": {"STIINTE SOCIALE": 25, "MATEMATICA-INFORMATICA": 58, "STIINTE ALE NATURII": 92}, "limba_moderna": {"LIMBA ENGLEZA": 140, "LIMBA FRANCEZA": 31, "LIMBA GERMANA MODERNA": 4}, "limba_materna": {"LIMBA ROMANA": 175}, "promotie_anterioara": {"NU": 175}, "materii": {"LIMBA ROMANA": {"medie": 9.215142857142856, "reusita": 100.0, "cnt": 175}, "BIOLOGIE VEGETALA SI ANIMALA": {"medie": 9.467647058823529, "reusita": 100.0, "cnt": 34}, "GENERAL": {"medie": 9.421047619047618, "reusita": 100.0, "cnt": 175}, "MATEMATICA MATE-INFO": {"medie": 9.521551724137925, "reusita": 100.0, "cnt": 58}, "INFORMATICA MI C/C++": {"medie": 9.44318181818182, "reusita": 100.0, "cnt": 44}, "GEOGRAFIE": {"medie": 9.65625, "reusita": 100.0, "cnt": 8}, "ANATOMIE SI FIZIOLOGIE UMANA, GENETICA SI ECOLOGIE UMANA": {"medie": 9.654761904761907, "reusita": 100.0, "cnt": 21}, "ISTORIE": {"medie": 9.734, "reusita": 100.0, "cnt": 25}, "FIZICA TEO": {"medie": 8.844444444444443, "reusita": 100.0, "cnt": 9}, "MATEMATICA ST-NAT": {"medie": 9.671739130434784, "reusita": 100.0, "cnt": 92}, "LOGICA, ARGUMENTARE SI COMUNICARE": {"medie": 9.526923076923076, "reusita": 100.0, "cnt": 13}, "SOCIOLOGIE": {"medie": 9.5, "reusita": 100.0, "cnt": 1}, "PSIHOLOGIE": {"medie": 9.7, "reusita": 100.0, "cnt": 1}, "ECONOMIE": {"medie": 8.8, "reusita": 100.0, "cnt": 2}, "CHIMIE ORGANICA TEO NIVEL I/II": {"medie": 9.287499999999998, "reusita": 100.0, "cnt": 20}, "CHIMIE ANORGANICA TEO NIVEL I/II": {"medie": 9.352631578947367, "reusita": 100.0, "cnt": 19}, "INFORMATICA SN C/C++": {"medie": 8.966666666666667, "reusita": 100.0, "cnt": 3}}, "nume": "COLEGIUL NATIONAL \"ANDREI SAGUNA\" BRASOV\tBra\u0219ov"}