{"specializari": {"TEHNICIAN IN INSTALATII ELECTRICE": 7, "LICEU CU PROGRAM SPORTIV": 22, "TEHNICIAN MECATRONIST": 9, "TEHNICIAN ELECTRICIAN/ELECTRONIST AUTO": 3, "TEHNICIAN DESENATOR PENTRU CONSTRUCTII SI INSTALATII": 18, "TEHNICIAN ELECTROTEHNIST": 1, "TEHNICIAN MECANIC PENTRU INTRETINERE SI REPARATII": 1}, "limba_moderna": {"LIMBA ENGLEZA": 58, "LIMBA FRANCEZA": 3}, "limba_materna": {"LIMBA ROMANA": 61}, "promotie_anterioara": {"NU": 42, "DA": 19}, "materii": {"LIMBA ROMANA": {"medie": 5.707377049180327, "reusita": 86.88524590163934, "cnt": 61}, "MATEMATICA TEHN": {"medie": 5.851315789473683, "reusita": 79.48717948717949, "cnt": 39}, "BIOLOGIE VEGETALA SI ANIMALA": {"medie": 3.9312499999999995, "reusita": 45.45454545454545, "cnt": 33}, "GENERAL": {"medie": 5.730790960451977, "reusita": 39.34426229508197, "cnt": 61}, "GEOGRAFIE": {"medie": 7.7625, "reusita": 100.0, "cnt": 20}, "FIZICA TEH": {"medie": 5.675000000000001, "reusita": 75.0, "cnt": 4}, "CHIMIE ANORGANICA TEH NIVEL I/II": {"medie": 3.75, "reusita": 50.0, "cnt": 2}, "ISTORIE": {"medie": 6.422727272727273, "reusita": 100.0, "cnt": 22}, "LOGICA, ARGUMENTARE SI COMUNICARE": {"medie": 5.725, "reusita": 50.0, "cnt": 2}}, "nume": "COLEGIUL TEHNIC \"ANGHEL SALIGNY\" BAIA MARE\tMaramure\u0219"}