{"specializari": {"TEHNICIAN ECOLOG SI PROTECTIA CALITATII MEDIULUI": 31, "MATEMATICA-INFORMATICA": 30, "STIINTE ALE NATURII": 66}, "limba_moderna": {"LIMBA ENGLEZA": 125, "LIMBA GERMANA MODERNA": 2}, "limba_materna": {"LIMBA ROMANA": 127}, "promotie_anterioara": {"NU": 124, "DA": 3}, "materii": {"LIMBA ROMANA": {"medie": 8.100787401574804, "reusita": 99.21259842519686, "cnt": 127}, "MATEMATICA TEHN": {"medie": 8.45, "reusita": 100.0, "cnt": 31}, "BIOLOGIE VEGETALA SI ANIMALA": {"medie": 5.65, "reusita": 75.0, "cnt": 4}, "GENERAL": {"medie": 8.15826771653543, "reusita": 94.48818897637796, "cnt": 127}, "MATEMATICA MATE-INFO": {"medie": 8.118333333333332, "reusita": 96.66666666666667, "cnt": 30}, "INFORMATICA MI C/C++": {"medie": 8.442857142857143, "reusita": 100.0, "cnt": 7}, "ANATOMIE SI FIZIOLOGIE UMANA, GENETICA SI ECOLOGIE UMANA": {"medie": 8.616666666666664, "reusita": 99.01960784313727, "cnt": 102}, "CHIMIE ANORGANICA TEH NIVEL I/II": {"medie": 8.75, "reusita": 100.0, "cnt": 1}, "MATEMATICA ST-NAT": {"medie": 7.663636363636363, "reusita": 95.45454545454545, "cnt": 66}, "CHIMIE ORGANICA TEO NIVEL I/II": {"medie": 7.85, "reusita": 100.0, "cnt": 1}, "CHIMIE ANORGANICA TEO NIVEL I/II": {"medie": 7.583333333333333, "reusita": 91.66666666666666, "cnt": 12}}, "nume": "COLEGIUL DE STIINTE \"GRIGORE ANTIPA\" BRASOV\tBra\u0219ov"}