{"specializari": {"TEHNICIAN TRANSPORTURI": 39, "TEHNICIAN ELECTRICIAN/ELECTRONIST AUTO": 14, "MATEMATICA-INFORMATICA": 12, "TEHNICIAN ELECTROTEHNIST": 2, "TEHNICIAN IN HOTELARIE": 13, "TEHNICIAN IN TURISM": 20, "TEHNICIAN OPERATOR TEHNICA DE CALCUL": 3, "TEHNICIAN ANALIZE PRODUSE ALIMENTARE": 1, "TEHNICIAN ECOLOG SI PROTECTIA CALITATII MEDIULUI": 1}, "limba_moderna": {"LIMBA ENGLEZA": 103, "LIMBA FRANCEZA": 2}, "limba_materna": {"LIMBA ROMANA": 105}, "promotie_anterioara": {"DA": 65, "NU": 40}, "materii": {"LIMBA ROMANA": {"medie": 5.082843137254902, "reusita": 66.66666666666666, "cnt": 105}, "MATEMATICA TEHN": {"medie": 4.6308139534883725, "reusita": 55.91397849462365, "cnt": 93}, "BIOLOGIE VEGETALA SI ANIMALA": {"medie": 4.116666666666667, "reusita": 43.39622641509434, "cnt": 53}, "GENERAL": {"medie": 5.071910112359552, "reusita": 20.952380952380953, "cnt": 105}, "MATEMATICA MATE-INFO": {"medie": 4.3545454545454545, "reusita": 58.333333333333336, "cnt": 12}, "GEOGRAFIE": {"medie": 6.440625, "reusita": 78.78787878787878, "cnt": 33}, "FIZICA TEH": {"medie": 4.860714285714285, "reusita": 53.333333333333336, "cnt": 15}, "ANATOMIE SI FIZIOLOGIE UMANA, GENETICA SI ECOLOGIE UMANA": {"medie": 5.025, "reusita": 50.0, "cnt": 2}, "CHIMIE ANORGANICA TEH NIVEL I/II": {"medie": 6.35, "reusita": 100.0, "cnt": 1}, "CHIMIE ORGANICA TEH NIVEL I/II": {"medie": 2.7, "reusita": 0.0, "cnt": 1}}, "nume": "COLEGIUL TEHNIC \"IULIU MANIU\"\tBucure\u0219ti"}