{"specializari": {"MATEMATICA-INFORMATICA": 28, "FILOLOGIE": 58, "LICEU CU PROGRAM SPORTIV": 41, "STIINTE SOCIALE": 1}, "limba_moderna": {"LIMBA ENGLEZA": 119, "LIMBA FRANCEZA": 9}, "limba_materna": {"LIMBA ROMANA": 128}, "promotie_anterioara": {"NU": 99, "DA": 29}, "materii": {"LIMBA ROMANA": {"medie": 6.385599999999999, "reusita": 89.84375, "cnt": 128}, "BIOLOGIE VEGETALA SI ANIMALA": {"medie": 6.7375, "reusita": 100.0, "cnt": 4}, "GENERAL": {"medie": 6.776229508196724, "reusita": 67.96875, "cnt": 128}, "MATEMATICA MATE-INFO": {"medie": 5.165384615384615, "reusita": 53.57142857142857, "cnt": 28}, "INFORMATICA MI C/C++": {"medie": 4.216666666666666, "reusita": 25.0, "cnt": 4}, "GEOGRAFIE": {"medie": 7.69090909090909, "reusita": 94.87179487179486, "cnt": 78}, "ANATOMIE SI FIZIOLOGIE UMANA, GENETICA SI ECOLOGIE UMANA": {"medie": 7.08611111111111, "reusita": 94.73684210526315, "cnt": 19}, "ISTORIE": {"medie": 6.805154639175257, "reusita": 93.0, "cnt": 100}, "FIZICA TEO": {"medie": 9.7, "reusita": 100.0, "cnt": 1}, "LOGICA, ARGUMENTARE SI COMUNICARE": {"medie": 6.87, "reusita": 80.0, "cnt": 10}, "SOCIOLOGIE": {"medie": 7.166666666666667, "reusita": 62.5, "cnt": 8}, "PSIHOLOGIE": {"medie": 8.6125, "reusita": 100.0, "cnt": 4}}, "nume": "COLEGIUL NATIONAL \"AUREL VLAICU\"\tBucure\u0219ti"}