{"specializari": {"INVATATOR - EDUCATOARE": 64, "FILOLOGIE": 62, "STIINTE SOCIALE": 40, "MATEMATICA-INFORMATICA": 29, "STIINTE ALE NATURII": 57}, "limba_moderna": {"LIMBA ENGLEZA": 231, "LIMBA FRANCEZA": 21}, "limba_materna": {"LIMBA ROMANA": 252}, "promotie_anterioara": {"NU": 231, "DA": 21}, "materii": {"LIMBA ROMANA": {"medie": 7.407028112449794, "reusita": 96.82539682539682, "cnt": 252}, "GENERAL": {"medie": 7.620228494623657, "reusita": 85.31746031746032, "cnt": 252}, "MATEMATICA MATE-INFO": {"medie": 7.848275862068966, "reusita": 86.20689655172413, "cnt": 29}, "INFORMATICA MI C/C++": {"medie": 8.128571428571428, "reusita": 100.0, "cnt": 7}, "MATEMATICA PED": {"medie": 8.197656250000001, "reusita": 96.875, "cnt": 64}, "GEOGRAFIE": {"medie": 8.453191489361702, "reusita": 100.0, "cnt": 47}, "ANATOMIE SI FIZIOLOGIE UMANA, GENETICA SI ECOLOGIE UMANA": {"medie": 7.355645161290323, "reusita": 96.7741935483871, "cnt": 62}, "ISTORIE": {"medie": 7.5455, "reusita": 98.0392156862745, "cnt": 102}, "FIZICA TEO": {"medie": 7.2124999999999995, "reusita": 87.5, "cnt": 8}, "MATEMATICA ST-NAT": {"medie": 6.547368421052633, "reusita": 80.7017543859649, "cnt": 57}, "LOGICA, ARGUMENTARE SI COMUNICARE": {"medie": 7.997345132743361, "reusita": 93.96551724137932, "cnt": 116}, "SOCIOLOGIE": {"medie": 2.4, "reusita": 0.0, "cnt": 1}, "PSIHOLOGIE": {"medie": 8.95, "reusita": 100.0, "cnt": 2}, "CHIMIE ORGANICA TEO NIVEL I/II": {"medie": 8.272222222222222, "reusita": 100.0, "cnt": 9}}, "nume": "COLEGIUL NATIONAL PEDAGOGIC \"STEFAN ODOBLEJA\"\tMehedin\u021bi"}