{"specializari": {"STIINTE ALE NATURII": 25, "TEHNICIAN MECATRONIST": 5, "TEHNICIAN CHIMIST DE LABORATOR": 12, "TEHNICIAN IN INSTALATII ELECTRICE": 14, "TEHNICIAN ELECTROMECANIC": 3, "TEHNICIAN ELECTROTEHNIST": 3, "TEHNICIAN MECANIC PENTRU INTRETINERE SI REPARATII": 27, "TEHNICIAN DESENATOR PENTRU CONSTRUCTII SI INSTALATII": 11, "TEHNICIAN PRELUCRARI PE MASINI CU COMANDA NUMERICA": 4, "TEHNICIAN INSTALATOR PENTRU CONSTRUCTII": 1}, "limba_moderna": {"LIMBA ENGLEZA": 97, "LIMBA FRANCEZA": 8}, "limba_materna": {"LIMBA ROMANA": 105}, "promotie_anterioara": {"NU": 46, "DA": 59}, "materii": {"LIMBA ROMANA": {"medie": 5.451980198019804, "reusita": 73.33333333333333, "cnt": 105}, "MATEMATICA TEHN": {"medie": 4.471153846153848, "reusita": 60.0, "cnt": 80}, "BIOLOGIE VEGETALA SI ANIMALA": {"medie": 4.8065476190476195, "reusita": 56.17977528089888, "cnt": 89}, "GENERAL": {"medie": 4.901909722222224, "reusita": 24.761904761904763, "cnt": 105}, "FIZICA TEH": {"medie": 4.25, "reusita": 50.0, "cnt": 4}, "ANATOMIE SI FIZIOLOGIE UMANA, GENETICA SI ECOLOGIE UMANA": {"medie": 3.6, "reusita": 0.0, "cnt": 1}, "CHIMIE ANORGANICA TEH NIVEL I/II": {"medie": 2.9222222222222225, "reusita": 10.0, "cnt": 10}, "MATEMATICA ST-NAT": {"medie": 5.08913043478261, "reusita": 48.0, "cnt": 25}, "CHIMIE ORGANICA TEO NIVEL I/II": {"medie": 5.8, "reusita": 100.0, "cnt": 1}}, "nume": "COLEGIUL TEHNIC \"MIHAI BRAVU\"\tBucure\u0219ti"}