{"specializari": {"FILOLOGIE": 25, "STIINTE ALE NATURII": 89, "MATEMATICA-INFORMATICA": 60, "TEHNICIAN MECANIC PENTRU INTRETINERE SI REPARATII": 1}, "limba_moderna": {"LIMBA ENGLEZA": 142, "LIMBA GERMANA MODERNA": 6, "LIMBA FRANCEZA": 27}, "limba_materna": {"LIMBA ROMANA": 175}, "promotie_anterioara": {"NU": 174, "DA": 1}, "materii": {"LIMBA ROMANA": {"medie": 8.777428571428567, "reusita": 100.0, "cnt": 175}, "MATEMATICA TEHN": {"medie": 7.0, "reusita": 100.0, "cnt": 1}, "BIOLOGIE VEGETALA SI ANIMALA": {"medie": 8.716000000000001, "reusita": 100.0, "cnt": 25}, "GENERAL": {"medie": 8.991333333333328, "reusita": 100.0, "cnt": 175}, "MATEMATICA MATE-INFO": {"medie": 8.85333333333333, "reusita": 100.0, "cnt": 60}, "INFORMATICA MI C/C++": {"medie": 9.012121212121214, "reusita": 100.0, "cnt": 33}, "GEOGRAFIE": {"medie": 9.18, "reusita": 100.0, "cnt": 5}, "ANATOMIE SI FIZIOLOGIE UMANA, GENETICA SI ECOLOGIE UMANA": {"medie": 9.157758620689657, "reusita": 100.0, "cnt": 58}, "ISTORIE": {"medie": 9.28, "reusita": 100.0, "cnt": 25}, "FIZICA TEO": {"medie": 8.700000000000001, "reusita": 100.0, "cnt": 3}, "MATEMATICA ST-NAT": {"medie": 9.253932584269663, "reusita": 100.0, "cnt": 89}, "LOGICA, ARGUMENTARE SI COMUNICARE": {"medie": 9.570000000000002, "reusita": 100.0, "cnt": 20}, "CHIMIE ORGANICA TEO NIVEL I/II": {"medie": 9.23125, "reusita": 100.0, "cnt": 16}, "CHIMIE ANORGANICA TEO NIVEL I/II": {"medie": 9.1875, "reusita": 100.0, "cnt": 4}, "INFORMATICA SN C/C++": {"medie": 8.754545454545454, "reusita": 100.0, "cnt": 11}}, "nume": "COLEGIUL NATIONAL \"DR. IOAN MESOTA\" BRASOV\tBra\u0219ov"}