{"specializari": {"MATEMATICA-INFORMATICA": 123, "STIINTE ALE NATURII": 83, "FILOLOGIE": 72, "STIINTE SOCIALE": 39}, "limba_moderna": {"LIMBA ENGLEZA": 280, "LIMBA FRANCEZA": 18, "LIMBA GERMANA MODERNA": 19}, "limba_materna": {"LIMBA ROMANA": 317}, "promotie_anterioara": {"NU": 302, "DA": 15}, "materii": {"LIMBA ROMANA": {"medie": 7.833702531645574, "reusita": 99.05362776025235, "cnt": 317}, "BIOLOGIE VEGETALA SI ANIMALA": {"medie": 7.615384615384615, "reusita": 92.3076923076923, "cnt": 13}, "GENERAL": {"medie": 8.225608465608463, "reusita": 93.37539432176656, "cnt": 317}, "MATEMATICA MATE-INFO": {"medie": 8.71829268292683, "reusita": 98.3739837398374, "cnt": 123}, "INFORMATICA MI C/C++": {"medie": 8.116666666666667, "reusita": 100.0, "cnt": 9}, "GEOGRAFIE": {"medie": 8.956603773584906, "reusita": 98.14814814814815, "cnt": 54}, "ANATOMIE SI FIZIOLOGIE UMANA, GENETICA SI ECOLOGIE UMANA": {"medie": 8.43904109589041, "reusita": 98.64864864864865, "cnt": 74}, "ISTORIE": {"medie": 8.16681818181818, "reusita": 99.09909909909909, "cnt": 111}, "FIZICA TEO": {"medie": 8.295918367346937, "reusita": 95.91836734693877, "cnt": 98}, "MATEMATICA ST-NAT": {"medie": 8.126829268292685, "reusita": 91.56626506024097, "cnt": 83}, "LOGICA, ARGUMENTARE SI COMUNICARE": {"medie": 8.522826086956519, "reusita": 100.0, "cnt": 46}, "SOCIOLOGIE": {"medie": 9.075, "reusita": 100.0, "cnt": 2}, "PSIHOLOGIE": {"medie": 7.737500000000001, "reusita": 100.0, "cnt": 4}, "ECONOMIE": {"medie": 8.02, "reusita": 100.0, "cnt": 5}, "CHIMIE ORGANICA TEO NIVEL I/II": {"medie": 9.10909090909091, "reusita": 100.0, "cnt": 11}, "INFORMATICA SN C/C++": {"medie": 9.4, "reusita": 100.0, "cnt": 1}}, "nume": "COLEGIUL NATIONAL \"ION MINULESCU\" SLATINA\tOlt"}