{"specializari": {"MATEMATICA-INFORMATICA": 126, "FILOLOGIE": 133}, "limba_moderna": {"LIMBA ENGLEZA": 226, "LIMBA FRANCEZA": 8, "LIMBA GERMANA MODERNA": 25}, "limba_materna": {"LIMBA ROMANA": 259}, "promotie_anterioara": {"NU": 256, "DA": 3}, "materii": {"LIMBA ROMANA": {"medie": 8.172779922779924, "reusita": 100.0, "cnt": 259}, "BIOLOGIE VEGETALA SI ANIMALA": {"medie": 8.51875, "reusita": 100.0, "cnt": 24}, "GENERAL": {"medie": 8.51235521235521, "reusita": 98.45559845559846, "cnt": 259}, "MATEMATICA MATE-INFO": {"medie": 8.814682539682536, "reusita": 100.0, "cnt": 126}, "INFORMATICA MI C/C++": {"medie": 8.705434782608695, "reusita": 100.0, "cnt": 46}, "GEOGRAFIE": {"medie": 9.165277777777776, "reusita": 100.0, "cnt": 36}, "ANATOMIE SI FIZIOLOGIE UMANA, GENETICA SI ECOLOGIE UMANA": {"medie": 8.594444444444443, "reusita": 100.0, "cnt": 9}, "ISTORIE": {"medie": 8.656766917293233, "reusita": 100.0, "cnt": 133}, "FIZICA TEO": {"medie": 8.281249999999998, "reusita": 100.0, "cnt": 32}, "LOGICA, ARGUMENTARE SI COMUNICARE": {"medie": 8.682089552238807, "reusita": 97.01492537313433, "cnt": 67}, "SOCIOLOGIE": {"medie": 7.9750000000000005, "reusita": 100.0, "cnt": 18}, "PSIHOLOGIE": {"medie": 9.28, "reusita": 100.0, "cnt": 5}, "ECONOMIE": {"medie": 8.641666666666667, "reusita": 100.0, "cnt": 6}, "CHIMIE ORGANICA TEO NIVEL I/II": {"medie": 8.516666666666667, "reusita": 100.0, "cnt": 15}, "FILOSOFIE": {"medie": 6.9, "reusita": 100.0, "cnt": 1}}, "nume": "COLEGIUL NATIONAL \"I.L.CARAGIALE\"\tBucure\u0219ti"}