{"specializari": {"STIINTE SOCIALE": 30, "MATEMATICA-INFORMATICA": 108, "FILOLOGIE": 30, "STIINTE ALE NATURII": 30}, "limba_moderna": {"LIMBA ENGLEZA": 175, "LIMBA FRANCEZA": 23}, "limba_materna": {"LIMBA ROMANA": 198}, "promotie_anterioara": {"NU": 198}, "materii": {"LIMBA ROMANA": {"medie": 8.499999999999998, "reusita": 100.0, "cnt": 198}, "GENERAL": {"medie": 8.883754208754212, "reusita": 100.0, "cnt": 198}, "MATEMATICA MATE-INFO": {"medie": 9.102314814814816, "reusita": 100.0, "cnt": 108}, "INFORMATICA MI C/C++": {"medie": 8.982142857142858, "reusita": 100.0, "cnt": 14}, "GEOGRAFIE": {"medie": 9.485714285714286, "reusita": 100.0, "cnt": 14}, "ANATOMIE SI FIZIOLOGIE UMANA, GENETICA SI ECOLOGIE UMANA": {"medie": 8.979464285714284, "reusita": 100.0, "cnt": 56}, "ISTORIE": {"medie": 9.09583333333333, "reusita": 100.0, "cnt": 60}, "FIZICA TEO": {"medie": 8.874137931034484, "reusita": 100.0, "cnt": 58}, "MATEMATICA ST-NAT": {"medie": 9.068333333333333, "reusita": 100.0, "cnt": 30}, "LOGICA, ARGUMENTARE SI COMUNICARE": {"medie": 9.310526315789476, "reusita": 100.0, "cnt": 38}, "SOCIOLOGIE": {"medie": 10.0, "reusita": 100.0, "cnt": 1}, "PSIHOLOGIE": {"medie": 7.2, "reusita": 100.0, "cnt": 1}, "ECONOMIE": {"medie": 9.133333333333333, "reusita": 100.0, "cnt": 6}, "CHIMIE ORGANICA TEO NIVEL I/II": {"medie": 9.407142857142857, "reusita": 100.0, "cnt": 7}, "CHIMIE ANORGANICA TEO NIVEL I/II": {"medie": 8.450000000000001, "reusita": 100.0, "cnt": 3}}, "nume": "COLEGIUL NATIONAL \"MIHAI VITEAZUL\" SLOBOZIA\tIalomi\u021ba"}