{"specializari": {"TEHNICIAN IN ACTIVITATI ECONOMICE": 78, "TEHNICIAN IN TURISM": 29, "TEHNICIAN IN GASTRONOMIE": 31, "TEHNICIAN IN ADMINISTRATIE": 29, "TEHNICIAN IN ACTIVITATI DE COMERT": 33}, "limba_moderna": {"LIMBA ENGLEZA": 189, "LIMBA FRANCEZA": 11}, "limba_materna": {"LIMBA ROMANA": 200}, "promotie_anterioara": {"NU": 194, "DA": 6}, "materii": {"LIMBA ROMANA": {"medie": 7.280402010050249, "reusita": 97.5, "cnt": 200}, "MATEMATICA TEHN": {"medie": 8.279396984924627, "reusita": 97.5, "cnt": 200}, "GENERAL": {"medie": 7.979815745393639, "reusita": 93.0, "cnt": 200}, "GEOGRAFIE": {"medie": 8.161111111111111, "reusita": 98.78048780487805, "cnt": 82}, "LOGICA, ARGUMENTARE SI COMUNICARE": {"medie": 8.529661016949152, "reusita": 97.45762711864407, "cnt": 118}}, "nume": "COLEGIUL ECONOMIC \"OCTAV ONICESCU\" BOTOSANI\tBoto\u0219ani"}