{"specializari": {"MATEMATICA-INFORMATICA": 57, "STIINTE SOCIALE": 34, "FILOLOGIE": 67, "STIINTE ALE NATURII": 33}, "limba_moderna": {"LIMBA ENGLEZA": 182, "LIMBA FRANCEZA": 4, "LIMBA GERMANA MODERNA": 5}, "limba_materna": {"LIMBA ROMANA": 191}, "promotie_anterioara": {"NU": 191}, "materii": {"LIMBA ROMANA": {"medie": 8.368848167539264, "reusita": 100.0, "cnt": 191}, "BIOLOGIE VEGETALA SI ANIMALA": {"medie": 9.7, "reusita": 100.0, "cnt": 2}, "GENERAL": {"medie": 8.877312390924951, "reusita": 98.95287958115183, "cnt": 191}, "MATEMATICA MATE-INFO": {"medie": 9.244736842105265, "reusita": 100.0, "cnt": 57}, "INFORMATICA MI C/C++": {"medie": 9.15, "reusita": 100.0, "cnt": 8}, "GEOGRAFIE": {"medie": 8.783333333333335, "reusita": 100.0, "cnt": 27}, "ANATOMIE SI FIZIOLOGIE UMANA, GENETICA SI ECOLOGIE UMANA": {"medie": 9.386792452830186, "reusita": 100.0, "cnt": 53}, "ISTORIE": {"medie": 9.007425742574258, "reusita": 100.0, "cnt": 101}, "FIZICA TEO": {"medie": 9.131578947368421, "reusita": 100.0, "cnt": 19}, "MATEMATICA ST-NAT": {"medie": 9.49393939393939, "reusita": 100.0, "cnt": 33}, "LOGICA, ARGUMENTARE SI COMUNICARE": {"medie": 8.944531250000002, "reusita": 98.4375, "cnt": 64}, "SOCIOLOGIE": {"medie": 9.350000000000001, "reusita": 100.0, "cnt": 4}, "PSIHOLOGIE": {"medie": 9.2, "reusita": 100.0, "cnt": 2}, "ECONOMIE": {"medie": 8.383333333333333, "reusita": 100.0, "cnt": 3}, "CHIMIE ORGANICA TEO NIVEL I/II": {"medie": 9.25, "reusita": 100.0, "cnt": 7}, "CHIMIE ANORGANICA TEO NIVEL I/II": {"medie": 9.35, "reusita": 100.0, "cnt": 1}, "FILOSOFIE": {"medie": 10.0, "reusita": 100.0, "cnt": 1}}, "nume": "COLEGIUL NATIONAL \"CALISTRAT HOGAS\", MUNICIPIUL PIATRA-NEAMT\tNeam\u021b"}