{"specializari": {"MATEMATICA-INFORMATICA": 200, "STIINTE ALE NATURII": 30, "FILOLOGIE": 59, "STIINTE SOCIALE": 32}, "limba_moderna": {"LIMBA ENGLEZA": 276, "LIMBA SPANIOLA": 12, "LIMBA GERMANA MODERNA": 12, "LIMBA FRANCEZA": 21}, "limba_materna": {"LIMBA ROMANA": 321}, "promotie_anterioara": {"NU": 320, "DA": 1}, "materii": {"LIMBA ROMANA": {"medie": 9.261718749999996, "reusita": 99.68847352024922, "cnt": 321}, "BIOLOGIE VEGETALA SI ANIMALA": {"medie": 9.107142857142858, "reusita": 95.45454545454545, "cnt": 22}, "GENERAL": {"medie": 9.201822916666666, "reusita": 98.13084112149532, "cnt": 321}, "MATEMATICA MATE-INFO": {"medie": 9.063065326633168, "reusita": 99.0, "cnt": 200}, "INFORMATICA MI C/C++": {"medie": 8.738372093023257, "reusita": 95.34883720930233, "cnt": 43}, "GEOGRAFIE": {"medie": 9.692857142857141, "reusita": 100.0, "cnt": 7}, "ANATOMIE SI FIZIOLOGIE UMANA, GENETICA SI ECOLOGIE UMANA": {"medie": 9.646153846153844, "reusita": 100.0, "cnt": 52}, "ISTORIE": {"medie": 9.15384615384615, "reusita": 100.0, "cnt": 91}, "FIZICA TEO": {"medie": 9.031318681318679, "reusita": 98.9010989010989, "cnt": 91}, "MATEMATICA ST-NAT": {"medie": 9.661666666666667, "reusita": 100.0, "cnt": 30}, "LOGICA, ARGUMENTARE SI COMUNICARE": {"medie": 9.565625000000002, "reusita": 100.0, "cnt": 32}, "SOCIOLOGIE": {"medie": 9.284782608695652, "reusita": 100.0, "cnt": 23}, "PSIHOLOGIE": {"medie": 8.816666666666666, "reusita": 100.0, "cnt": 6}, "ECONOMIE": {"medie": 9.165217391304349, "reusita": 100.0, "cnt": 23}, "CHIMIE ORGANICA TEO NIVEL I/II": {"medie": 9.179545454545455, "reusita": 100.0, "cnt": 22}}, "nume": "COLEGIUL NATIONAL \"ION C. BRATIANU\" PITESTI\tArge\u0219"}