{"specializari": {"TEHNICIAN IN TURISM": 8, "TEHNICIAN IN ACTIVITATI ECONOMICE": 7, "TEHNICIAN IN INDUSTRIA TEXTILA": 1, "ORGANIZATOR BANQUETING": 8, "TEHNICIAN ECOLOG SI PROTECTIA CALITATII MEDIULUI": 9, "TEHNICIAN ANALIZE PRODUSE ALIMENTARE": 5, "TEHNICIAN MECATRONIST": 1, "TEHNICIAN MECANIC PENTRU INTRETINERE SI REPARATII": 2, "MATEMATICA-INFORMATICA": 1, "TEHNICIAN IN INDUSTRIA ALIMENTARA": 5, "TEHNICIAN OPERATOR TEHNICA DE CALCUL": 1}, "limba_moderna": {"LIMBA ENGLEZA": 36, "LIMBA FRANCEZA": 12}, "limba_materna": {"LIMBA ROMANA": 48}, "promotie_anterioara": {"NU": 29, "DA": 19}, "materii": {"LIMBA ROMANA": {"medie": 6.180434782608694, "reusita": 85.41666666666666, "cnt": 48}, "MATEMATICA TEHN": {"medie": 6.385555555555556, "reusita": 78.72340425531915, "cnt": 47}, "BIOLOGIE VEGETALA SI ANIMALA": {"medie": 5.65, "reusita": 100.0, "cnt": 2}, "GENERAL": {"medie": 6.720833333333334, "reusita": 66.66666666666666, "cnt": 48}, "MATEMATICA MATE-INFO": {"medie": 5.9, "reusita": 100.0, "cnt": 1}, "INFORMATICA MI C/C++": {"medie": 7.9, "reusita": 100.0, "cnt": 1}, "GEOGRAFIE": {"medie": 7.947727272727274, "reusita": 100.0, "cnt": 22}, "FIZICA TEH": {"medie": 7.875, "reusita": 66.66666666666666, "cnt": 3}, "ANATOMIE SI FIZIOLOGIE UMANA, GENETICA SI ECOLOGIE UMANA": {"medie": 7.202777777777778, "reusita": 89.47368421052632, "cnt": 19}, "LOGICA, ARGUMENTARE SI COMUNICARE": {"medie": 5.3, "reusita": 100.0, "cnt": 1}}, "nume": "COLEGIUL TEHNIC \"DANUBIANA\", MUNICIPIUL ROMAN\tNeam\u021b"}