{"specializari": {"STIINTE ALE NATURII": 31, "FILOLOGIE": 67, "MATEMATICA-INFORMATICA": 55}, "limba_moderna": {"LIMBA GERMANA MODERNA": 2, "LIMBA ENGLEZA": 149, "LIMBA FRANCEZA": 2}, "limba_materna": {"LIMBA ROMANA": 153}, "promotie_anterioara": {"NU": 150, "DA": 3}, "materii": {"LIMBA ROMANA": {"medie": 7.913245033112579, "reusita": 98.69281045751634, "cnt": 153}, "BIOLOGIE VEGETALA SI ANIMALA": {"medie": 6.707142857142856, "reusita": 100.0, "cnt": 7}, "GENERAL": {"medie": 8.23988888888889, "reusita": 94.11764705882352, "cnt": 153}, "MATEMATICA MATE-INFO": {"medie": 7.617592592592592, "reusita": 90.9090909090909, "cnt": 55}, "INFORMATICA MI C/C++": {"medie": 7.900000000000001, "reusita": 100.0, "cnt": 19}, "GEOGRAFIE": {"medie": 9.104000000000001, "reusita": 100.0, "cnt": 25}, "ANATOMIE SI FIZIOLOGIE UMANA, GENETICA SI ECOLOGIE UMANA": {"medie": 7.793749999999999, "reusita": 84.61538461538461, "cnt": 26}, "ISTORIE": {"medie": 9.023880597014927, "reusita": 100.0, "cnt": 67}, "FIZICA TEO": {"medie": 7.296153846153846, "reusita": 100.0, "cnt": 13}, "MATEMATICA ST-NAT": {"medie": 8.630645161290323, "reusita": 100.0, "cnt": 31}, "LOGICA, ARGUMENTARE SI COMUNICARE": {"medie": 8.856666666666667, "reusita": 100.0, "cnt": 15}, "SOCIOLOGIE": {"medie": 8.779166666666667, "reusita": 100.0, "cnt": 24}, "PSIHOLOGIE": {"medie": 9.266666666666666, "reusita": 100.0, "cnt": 3}, "CHIMIE ORGANICA TEO NIVEL I/II": {"medie": 8.454761904761904, "reusita": 100.0, "cnt": 21}}, "nume": "COLEGIUL NATIONAL \"VASILE GOLDIS\" ARAD\tArad"}