{"specializari": {"TEHNICIAN VETERINAR": 4, "TEHNICIAN OPERATOR TEHNICA DE CALCUL": 2, "TEHNICIAN IN ACTIVITATI ECONOMICE": 3, "TEHNICIAN IN AGRICULTURA ECOLOGICA": 1, "TEHNICIAN TRANSPORTURI": 2, "TEHNICIAN IN ACTIVITATI DE COMERT": 1}, "limba_moderna": {"LIMBA ENGLEZA": 12, "LIMBA FRANCEZA": 1}, "limba_materna": {"LIMBA ROMANA": 13}, "promotie_anterioara": {"DA": 8, "NU": 5}, "materii": {"LIMBA ROMANA": {"medie": 3.3884615384615384, "reusita": 30.76923076923077, "cnt": 13}, "MATEMATICA TEHN": {"medie": 2.4549999999999996, "reusita": 23.076923076923077, "cnt": 13}, "BIOLOGIE VEGETALA SI ANIMALA": {"medie": 2.3600000000000003, "reusita": 0.0, "cnt": 5}, "GENERAL": {"medie": 3.1216666666666666, "reusita": 7.6923076923076925, "cnt": 13}, "GEOGRAFIE": {"medie": 5.816666666666667, "reusita": 75.0, "cnt": 4}, "FIZICA TEH": {"medie": 4.3, "reusita": 33.33333333333333, "cnt": 3}, "ANATOMIE SI FIZIOLOGIE UMANA, GENETICA SI ECOLOGIE UMANA": {"medie": 2.7, "reusita": 0.0, "cnt": 1}}, "nume": "COLEGIUL NATIONAL AGRICOL \"CAROL I\" SLATINA\tOlt"}