{"specializari": {"STIINTE SOCIALE": 30, "MATEMATICA-INFORMATICA": 119, "LICEU CU PROGRAM SPORTIV": 15, "STIINTE ALE NATURII": 56, "FILOLOGIE": 87}, "limba_moderna": {"LIMBA ENGLEZA": 278, "LIMBA FRANCEZA": 18, "LIMBA GERMANA MODERNA": 8, "LIMBA SPANIOLA": 3}, "limba_materna": {"LIMBA ROMANA": 307}, "promotie_anterioara": {"NU": 305, "DA": 2}, "materii": {"LIMBA ROMANA": {"medie": 8.6328990228013, "reusita": 99.6742671009772, "cnt": 307}, "BIOLOGIE VEGETALA SI ANIMALA": {"medie": 9.112962962962962, "reusita": 100.0, "cnt": 27}, "GENERAL": {"medie": 8.831427015250547, "reusita": 98.69706840390879, "cnt": 307}, "MATEMATICA MATE-INFO": {"medie": 9.56470588235294, "reusita": 100.0, "cnt": 119}, "INFORMATICA MI C/C++": {"medie": 9.576, "reusita": 100.0, "cnt": 25}, "GEOGRAFIE": {"medie": 8.831578947368422, "reusita": 100.0, "cnt": 19}, "ANATOMIE SI FIZIOLOGIE UMANA, GENETICA SI ECOLOGIE UMANA": {"medie": 8.941666666666668, "reusita": 100.0, "cnt": 12}, "ISTORIE": {"medie": 8.103053435114502, "reusita": 99.24242424242425, "cnt": 132}, "FIZICA TEO": {"medie": 8.679032258064517, "reusita": 98.38709677419355, "cnt": 62}, "MATEMATICA ST-NAT": {"medie": 9.475892857142858, "reusita": 100.0, "cnt": 56}, "LOGICA, ARGUMENTARE SI COMUNICARE": {"medie": 8.955, "reusita": 98.9010989010989, "cnt": 91}, "PSIHOLOGIE": {"medie": 8.416666666666666, "reusita": 100.0, "cnt": 6}, "ECONOMIE": {"medie": 7.699999999999999, "reusita": 93.33333333333333, "cnt": 15}, "CHIMIE ORGANICA TEO NIVEL I/II": {"medie": 9.257317073170732, "reusita": 100.0, "cnt": 41}, "CHIMIE ANORGANICA TEO NIVEL I/II": {"medie": 9.183333333333334, "reusita": 100.0, "cnt": 3}, "FILOSOFIE": {"medie": 9.6, "reusita": 100.0, "cnt": 1}, "INFORMATICA SN C/C++": {"medie": 8.6, "reusita": 100.0, "cnt": 5}}, "nume": "COLEGIUL NATIONAL \"MIHAI VITEAZUL\", MUNICIPIUL PLOIESTI\tPrahova"}