{"specializari": {"FILOLOGIE": 63, "MATEMATICA-INFORMATICA": 94, "LICEU CU PROGRAM SPORTIV": 32, "STIINTE SOCIALE": 32, "STIINTE ALE NATURII": 2}, "limba_moderna": {"LIMBA ENGLEZA": 211, "LIMBA FRANCEZA": 12}, "limba_materna": {"LIMBA ROMANA": 223}, "promotie_anterioara": {"NU": 206, "DA": 17}, "materii": {"LIMBA ROMANA": {"medie": 7.452027027027027, "reusita": 98.65470852017937, "cnt": 223}, "BIOLOGIE VEGETALA SI ANIMALA": {"medie": 7.76, "reusita": 100.0, "cnt": 5}, "GENERAL": {"medie": 7.479354354354351, "reusita": 87.4439461883408, "cnt": 223}, "MATEMATICA MATE-INFO": {"medie": 7.255319148936173, "reusita": 94.68085106382979, "cnt": 94}, "INFORMATICA MI C/C++": {"medie": 7.690243902439024, "reusita": 100.0, "cnt": 41}, "GEOGRAFIE": {"medie": 7.961320754716981, "reusita": 98.14814814814815, "cnt": 54}, "ANATOMIE SI FIZIOLOGIE UMANA, GENETICA SI ECOLOGIE UMANA": {"medie": 7.461249999999997, "reusita": 100.0, "cnt": 40}, "ISTORIE": {"medie": 7.102777777777775, "reusita": 95.2755905511811, "cnt": 127}, "FIZICA TEO": {"medie": 7.166666666666667, "reusita": 83.33333333333334, "cnt": 6}, "MATEMATICA ST-NAT": {"medie": 5.725, "reusita": 50.0, "cnt": 2}, "LOGICA, ARGUMENTARE SI COMUNICARE": {"medie": 8.056140350877191, "reusita": 98.24561403508771, "cnt": 57}, "SOCIOLOGIE": {"medie": 8.625, "reusita": 100.0, "cnt": 12}, "PSIHOLOGIE": {"medie": 8.875, "reusita": 100.0, "cnt": 2}, "ECONOMIE": {"medie": 7.025, "reusita": 100.0, "cnt": 2}, "CHIMIE ORGANICA TEO NIVEL I/II": {"medie": 10.0, "reusita": 100.0, "cnt": 1}, "CHIMIE ANORGANICA TEO NIVEL I/II": {"medie": 5.5, "reusita": 100.0, "cnt": 3}}, "nume": "COLEGIUL NATIONAL \"OCTAV ONICESCU\"\tBucure\u0219ti"}