{"specializari": {"MATEMATICA-INFORMATICA": 122, "FILOLOGIE": 29}, "limba_moderna": {"LIMBA ENGLEZA": 137, "LIMBA GERMANA MODERNA": 11, "LIMBA FRANCEZA": 3}, "limba_materna": {"LIMBA ROMANA": 151}, "promotie_anterioara": {"NU": 151}, "materii": {"LIMBA ROMANA": {"medie": 9.221523178807947, "reusita": 100.0, "cnt": 151}, "BIOLOGIE VEGETALA SI ANIMALA": {"medie": 9.15, "reusita": 100.0, "cnt": 1}, "GENERAL": {"medie": 9.342273730684328, "reusita": 100.0, "cnt": 151}, "MATEMATICA MATE-INFO": {"medie": 9.514754098360655, "reusita": 100.0, "cnt": 122}, "INFORMATICA MI C/C++": {"medie": 9.16279069767442, "reusita": 100.0, "cnt": 43}, "GEOGRAFIE": {"medie": 9.419230769230769, "reusita": 100.0, "cnt": 26}, "ANATOMIE SI FIZIOLOGIE UMANA, GENETICA SI ECOLOGIE UMANA": {"medie": 9.451136363636364, "reusita": 100.0, "cnt": 44}, "ISTORIE": {"medie": 9.153448275862068, "reusita": 100.0, "cnt": 29}, "FIZICA TEO": {"medie": 9.404166666666667, "reusita": 100.0, "cnt": 24}, "LOGICA, ARGUMENTARE SI COMUNICARE": {"medie": 9.466666666666667, "reusita": 100.0, "cnt": 3}, "CHIMIE ORGANICA TEO NIVEL I/II": {"medie": 9.456249999999999, "reusita": 100.0, "cnt": 8}, "CHIMIE ANORGANICA TEO NIVEL I/II": {"medie": 9.85, "reusita": 100.0, "cnt": 2}}, "nume": "COLEGIUL NATIONAL, IASI\tIa\u0219i"}