{"specializari": {"MATEMATICA-INFORMATICA": 64, "STIINTE ALE NATURII": 31, "FILOLOGIE": 61}, "limba_moderna": {"LIMBA ENGLEZA": 149, "LIMBA FRANCEZA": 6, "LIMBA SPANIOLA": 1}, "limba_materna": {"LIMBA ROMANA": 156}, "promotie_anterioara": {"NU": 150, "DA": 6}, "materii": {"LIMBA ROMANA": {"medie": 7.983012820512822, "reusita": 100.0, "cnt": 156}, "GENERAL": {"medie": 8.318162393162387, "reusita": 96.15384615384616, "cnt": 156}, "MATEMATICA MATE-INFO": {"medie": 7.98984375, "reusita": 98.4375, "cnt": 64}, "INFORMATICA MI C/C++": {"medie": 7.990243902439026, "reusita": 95.1219512195122, "cnt": 41}, "GEOGRAFIE": {"medie": 9.080434782608695, "reusita": 100.0, "cnt": 23}, "ANATOMIE SI FIZIOLOGIE UMANA, GENETICA SI ECOLOGIE UMANA": {"medie": 8.87125, "reusita": 100.0, "cnt": 40}, "ISTORIE": {"medie": 8.764754098360655, "reusita": 100.0, "cnt": 61}, "FIZICA TEO": {"medie": 9.35, "reusita": 100.0, "cnt": 1}, "MATEMATICA ST-NAT": {"medie": 8.391935483870967, "reusita": 93.54838709677419, "cnt": 31}, "LOGICA, ARGUMENTARE SI COMUNICARE": {"medie": 8.542, "reusita": 100.0, "cnt": 25}, "SOCIOLOGIE": {"medie": 9.190000000000001, "reusita": 100.0, "cnt": 10}, "PSIHOLOGIE": {"medie": 9.066666666666665, "reusita": 100.0, "cnt": 3}, "CHIMIE ORGANICA TEO NIVEL I/II": {"medie": 8.325000000000001, "reusita": 100.0, "cnt": 12}, "CHIMIE ANORGANICA TEO NIVEL I/II": {"medie": 8.2, "reusita": 100.0, "cnt": 1}}, "nume": "COLEGIUL NATIONAL \"ELENA GHIBA BIRTA\" ARAD\tArad"}