{"specializari": {"MATEMATICA-INFORMATICA": 93, "FILOLOGIE": 36, "STIINTE ALE NATURII": 27}, "limba_moderna": {"LIMBA ENGLEZA": 152, "LIMBA GERMANA MODERNA": 3, "LIMBA FRANCEZA": 1}, "limba_materna": {"LIMBA ROMANA": 156}, "promotie_anterioara": {"NU": 156}, "materii": {"LIMBA ROMANA": {"medie": 9.018269230769231, "reusita": 100.0, "cnt": 156}, "GENERAL": {"medie": 9.134081196581194, "reusita": 100.0, "cnt": 156}, "MATEMATICA MATE-INFO": {"medie": 9.181720430107529, "reusita": 100.0, "cnt": 93}, "INFORMATICA MI C/C++": {"medie": 8.978409090909091, "reusita": 100.0, "cnt": 44}, "GEOGRAFIE": {"medie": 9.410869565217393, "reusita": 100.0, "cnt": 23}, "ANATOMIE SI FIZIOLOGIE UMANA, GENETICA SI ECOLOGIE UMANA": {"medie": 9.471000000000002, "reusita": 100.0, "cnt": 50}, "ISTORIE": {"medie": 9.177777777777779, "reusita": 100.0, "cnt": 36}, "FIZICA TEO": {"medie": 8.528125, "reusita": 100.0, "cnt": 16}, "MATEMATICA ST-NAT": {"medie": 9.474074074074075, "reusita": 100.0, "cnt": 27}, "LOGICA, ARGUMENTARE SI COMUNICARE": {"medie": 9.305555555555557, "reusita": 100.0, "cnt": 9}, "SOCIOLOGIE": {"medie": 9.8, "reusita": 100.0, "cnt": 1}, "PSIHOLOGIE": {"medie": 9.0, "reusita": 100.0, "cnt": 1}, "CHIMIE ORGANICA TEO NIVEL I/II": {"medie": 9.25, "reusita": 100.0, "cnt": 6}, "CHIMIE ANORGANICA TEO NIVEL I/II": {"medie": 9.55, "reusita": 100.0, "cnt": 1}, "FILOSOFIE": {"medie": 8.85, "reusita": 100.0, "cnt": 2}, "INFORMATICA SN C/C++": {"medie": 7.0, "reusita": 100.0, "cnt": 3}}, "nume": "COLEGIUL NATIONAL \"COSTACHE NEGRUZZI\", IASI\tIa\u0219i"}