{"specializari": {"FILOLOGIE": 60, "STIINTE SOCIALE": 69, "STIINTE ALE NATURII": 63, "MATEMATICA-INFORMATICA": 56}, "limba_moderna": {"LIMBA ENGLEZA": 236, "LIMBA FRANCEZA": 12}, "limba_materna": {"LIMBA ROMANA": 248}, "promotie_anterioara": {"NU": 247, "DA": 1}, "materii": {"LIMBA ROMANA": {"medie": 8.627822580645162, "reusita": 100.0, "cnt": 248}, "BIOLOGIE VEGETALA SI ANIMALA": {"medie": 8.433333333333332, "reusita": 100.0, "cnt": 3}, "GENERAL": {"medie": 8.786842105263155, "reusita": 99.59677419354838, "cnt": 248}, "MATEMATICA MATE-INFO": {"medie": 9.190000000000001, "reusita": 98.21428571428571, "cnt": 56}, "INFORMATICA MI C/C++": {"medie": 8.602777777777778, "reusita": 100.0, "cnt": 18}, "GEOGRAFIE": {"medie": 9.151111111111113, "reusita": 100.0, "cnt": 45}, "ANATOMIE SI FIZIOLOGIE UMANA, GENETICA SI ECOLOGIE UMANA": {"medie": 9.4325, "reusita": 100.0, "cnt": 40}, "ISTORIE": {"medie": 8.316666666666666, "reusita": 100.0, "cnt": 129}, "FIZICA TEO": {"medie": 8.298076923076925, "reusita": 100.0, "cnt": 26}, "MATEMATICA ST-NAT": {"medie": 9.117460317460317, "reusita": 100.0, "cnt": 63}, "LOGICA, ARGUMENTARE SI COMUNICARE": {"medie": 9.350980392156863, "reusita": 100.0, "cnt": 51}, "SOCIOLOGIE": {"medie": 8.496875, "reusita": 100.0, "cnt": 16}, "PSIHOLOGIE": {"medie": 9.3, "reusita": 100.0, "cnt": 10}, "ECONOMIE": {"medie": 7.75, "reusita": 100.0, "cnt": 6}, "CHIMIE ORGANICA TEO NIVEL I/II": {"medie": 8.926000000000002, "reusita": 100.0, "cnt": 25}, "CHIMIE ANORGANICA TEO NIVEL I/II": {"medie": 9.283333333333333, "reusita": 100.0, "cnt": 6}, "FILOSOFIE": {"medie": 8.4, "reusita": 100.0, "cnt": 1}, "INFORMATICA SN C/C++": {"medie": 7.05, "reusita": 100.0, "cnt": 1}}, "nume": "COLEGIUL NATIONAL \"VASILE ALECSANDRI\" BACAU\tBac\u0103u"}