{"specializari": {"FILOLOGIE": 68, "TEHNICIAN IN ACTIVITATI ECONOMICE": 31, "MATEMATICA-INFORMATICA": 52, "STIINTE ALE NATURII": 33}, "limba_moderna": {"LIMBA ENGLEZA": 173, "LIMBA FRANCEZA": 10, "LIMBA GERMANA MODERNA": 1}, "limba_materna": {"LIMBA ROMANA": 122, "LIMBA MAGHIARA": 62}, "promotie_anterioara": {"NU": 172, "DA": 12}, "materii": {"LIMBA ROMANA": {"medie": 7.70576923076923, "reusita": 95.1086956521739, "cnt": 184}, "MATEMATICA TEHN": {"medie": 8.498387096774195, "reusita": 100.0, "cnt": 31}, "BIOLOGIE VEGETALA SI ANIMALA": {"medie": 8.710000000000003, "reusita": 95.23809523809523, "cnt": 21}, "GENERAL": {"medie": 8.282348901098905, "reusita": 92.93478260869566, "cnt": 184}, "MATEMATICA MATE-INFO": {"medie": 8.457843137254903, "reusita": 98.07692307692307, "cnt": 52}, "INFORMATICA MI PASCAL": {"medie": 8.85, "reusita": 100.0, "cnt": 4}, "GEOGRAFIE": {"medie": 8.76686746987952, "reusita": 100.0, "cnt": 83}, "ANATOMIE SI FIZIOLOGIE UMANA, GENETICA SI ECOLOGIE UMANA": {"medie": 8.700000000000001, "reusita": 100.0, "cnt": 47}, "ISTORIE": {"medie": 8.393382352941176, "reusita": 100.0, "cnt": 68}, "FIZICA TEO": {"medie": 7.1863636363636365, "reusita": 100.0, "cnt": 11}, "MATEMATICA ST-NAT": {"medie": 7.921212121212121, "reusita": 100.0, "cnt": 33}, "SOCIOLOGIE": {"medie": 8.704545454545455, "reusita": 100.0, "cnt": 11}, "PSIHOLOGIE": {"medie": 8.3, "reusita": 100.0, "cnt": 1}, "LIMBA MAGHIARA (REAL)": {"medie": 8.202083333333333, "reusita": 96.0, "cnt": 25}, "CHIMIE ORGANICA TEO NIVEL I/II": {"medie": 9.4, "reusita": 100.0, "cnt": 1}, "CHIMIE ANORGANICA TEO NIVEL I/II": {"medie": 9.25, "reusita": 100.0, "cnt": 1}, "FILOSOFIE": {"medie": 6.616666666666667, "reusita": 75.0, "cnt": 4}, "LIMBA MAGHIARA (UMAN)": {"medie": 8.439189189189191, "reusita": 100.0, "cnt": 37}}, "nume": "COLEGIUL NATIONAL \"SIMION BARNUTIU\" SIMLEU SILVANIEI\tS\u0103laj"}