{"specializari": {"TEHNICIAN IN GASTRONOMIE": 26, "TEHNICIAN IN ACTIVITATI ECONOMICE": 75, "TEHNICIAN IN ACTIVITATI DE COMERT": 33, "MATEMATICA-INFORMATICA": 20, "TEHNICIAN IN TURISM": 29, "TEHNICIAN ANALIZE PRODUSE ALIMENTARE": 21, "TEHNICIAN IN ADMINISTRATIE": 23, "TEHNICIAN IN INDUSTRIA ALIMENTARA": 1}, "limba_moderna": {"LIMBA ENGLEZA": 164, "LIMBA FRANCEZA": 64}, "limba_materna": {"LIMBA ROMANA": 228}, "promotie_anterioara": {"NU": 218, "DA": 10}, "materii": {"LIMBA ROMANA": {"medie": 6.277354260089686, "reusita": 85.52631578947368, "cnt": 228}, "MATEMATICA TEHN": {"medie": 6.264532019704429, "reusita": 74.51923076923077, "cnt": 208}, "BIOLOGIE VEGETALA SI ANIMALA": {"medie": 7.340000000000001, "reusita": 100.0, "cnt": 5}, "GENERAL": {"medie": 6.648953662182362, "reusita": 66.66666666666666, "cnt": 228}, "MATEMATICA MATE-INFO": {"medie": 6.675, "reusita": 80.0, "cnt": 20}, "INFORMATICA MI C/C++": {"medie": 5.25625, "reusita": 75.0, "cnt": 8}, "GEOGRAFIE": {"medie": 7.493502824858754, "reusita": 91.20879120879121, "cnt": 182}, "ANATOMIE SI FIZIOLOGIE UMANA, GENETICA SI ECOLOGIE UMANA": {"medie": 7.120689655172413, "reusita": 96.55172413793103, "cnt": 29}, "PSIHOLOGIE": {"medie": 8.4, "reusita": 100.0, "cnt": 1}, "ECONOMIE": {"medie": 7.7, "reusita": 100.0, "cnt": 3}}, "nume": "COLEGIUL ECONOMIC, MUN. RM. VALCEA\tV\u00e2lcea"}