{"specializari": {"TEHNICIAN IN ACTIVITATI ECONOMICE": 156, "TEHNICIAN IN ADMINISTRATIE": 24, "TEHNICIAN IN ACTIVITATI DE COMERT": 57, "TEHNICIAN IN TURISM": 22}, "limba_moderna": {"LIMBA ENGLEZA": 216, "LIMBA FRANCEZA": 43}, "limba_materna": {"LIMBA ROMANA": 259}, "promotie_anterioara": {"NU": 253, "DA": 6}, "materii": {"LIMBA ROMANA": {"medie": 7.3538910505836546, "reusita": 97.2972972972973, "cnt": 259}, "MATEMATICA TEHN": {"medie": 7.939688715953304, "reusita": 98.84169884169884, "cnt": 259}, "GENERAL": {"medie": 7.863035019455248, "reusita": 94.5945945945946, "cnt": 259}, "GEOGRAFIE": {"medie": 8.325813008130078, "reusita": 98.79032258064517, "cnt": 248}, "LOGICA, ARGUMENTARE SI COMUNICARE": {"medie": 7.594444444444445, "reusita": 88.88888888888889, "cnt": 9}, "PSIHOLOGIE": {"medie": 9.7, "reusita": 100.0, "cnt": 1}, "ECONOMIE": {"medie": 5.75, "reusita": 100.0, "cnt": 1}}, "nume": "COLEGIUL ECONOMIC MUNICIPIUL BUZAU\tBuz\u0103u"}