{"specializari": {"MATEMATICA-INFORMATICA": 101}, "limba_moderna": {"LIMBA ENGLEZA": 101}, "limba_materna": {"LIMBA ROMANA": 101}, "promotie_anterioara": {"NU": 101}, "materii": {"LIMBA ROMANA": {"medie": 8.309405940594061, "reusita": 100.0, "cnt": 101}, "BIOLOGIE VEGETALA SI ANIMALA": {"medie": 8.004999999999999, "reusita": 100.0, "cnt": 40}, "GENERAL": {"medie": 8.561056105610561, "reusita": 99.00990099009901, "cnt": 101}, "MATEMATICA MATE-INFO": {"medie": 8.948514851485145, "reusita": 100.0, "cnt": 101}, "INFORMATICA MI C/C++": {"medie": 7.215000000000001, "reusita": 100.0, "cnt": 10}, "FIZICA TEO": {"medie": 9.027659574468087, "reusita": 100.0, "cnt": 47}, "CHIMIE ORGANICA TEO NIVEL I/II": {"medie": 8.666666666666666, "reusita": 100.0, "cnt": 3}, "CHIMIE ANORGANICA TEO NIVEL I/II": {"medie": 8.3, "reusita": 100.0, "cnt": 1}}, "nume": "COLEGIUL NATIONAL MILITAR \"STEFAN CEL MARE\" CAMPULUNG MOLDOVENESC\tSuceava"}