{"specializari": {"TEHNICIAN ELECTROTEHNIST": 4, "TEHNICIAN IN INSTALATII ELECTRICE": 3, "TEHNICIAN TRANSPORTURI": 5, "TEHNICIAN PROIECTANT CAD": 22, "TEHNICIAN ECOLOG SI PROTECTIA CALITATII MEDIULUI": 12, "TEHNICIAN ELECTROMECANIC": 13, "TEHNICIAN PRELUCRARI MECANICE": 6, "TEHNICIAN OPERATOR TEHNICA DE CALCUL": 3, "TEHNICIAN METROLOG": 3, "TEHNICIAN MECATRONIST": 1}, "limba_moderna": {"LIMBA ENGLEZA": 70, "LIMBA FRANCEZA": 2}, "limba_materna": {"LIMBA ROMANA": 72}, "promotie_anterioara": {"DA": 45, "NU": 27}, "materii": {"LIMBA ROMANA": {"medie": 4.777536231884057, "reusita": 58.333333333333336, "cnt": 72}, "MATEMATICA TEHN": {"medie": 4.725, "reusita": 61.111111111111114, "cnt": 72}, "BIOLOGIE VEGETALA SI ANIMALA": {"medie": 4.127941176470588, "reusita": 37.5, "cnt": 40}, "GENERAL": {"medie": 4.5846560846560855, "reusita": 15.277777777777779, "cnt": 72}, "FIZICA TEH": {"medie": 4.1045454545454545, "reusita": 54.54545454545454, "cnt": 11}, "ANATOMIE SI FIZIOLOGIE UMANA, GENETICA SI ECOLOGIE UMANA": {"medie": 6.42, "reusita": 100.0, "cnt": 10}, "CHIMIE ANORGANICA TEH NIVEL I/II": {"medie": 2.205, "reusita": 0.0, "cnt": 11}}, "nume": "COLEGIUL TEHNIC \"CAROL I\"\tBucure\u0219ti"}