{"specializari": {"TEHNICIAN IN TURISM": 29, "TEHNICIAN IN ACTIVITATI ECONOMICE": 115, "TEHNICIAN IN GASTRONOMIE": 30, "TEHNICIAN IN ACTIVITATI DE COMERT": 31, "TEHNICIAN IN ADMINISTRATIE": 29}, "limba_moderna": {"LIMBA ENGLEZA": 200, "LIMBA FRANCEZA": 28, "LIMBA GERMANA MODERNA": 6}, "limba_materna": {"LIMBA ROMANA": 234}, "promotie_anterioara": {"NU": 227, "DA": 7}, "materii": {"LIMBA ROMANA": {"medie": 8.012231759656649, "reusita": 98.71794871794873, "cnt": 234}, "MATEMATICA TEHN": {"medie": 7.9342672413793105, "reusita": 95.72649572649573, "cnt": 234}, "GENERAL": {"medie": 8.011183261183255, "reusita": 89.31623931623932, "cnt": 234}, "GEOGRAFIE": {"medie": 8.518656716417915, "reusita": 98.52941176470588, "cnt": 68}, "LOGICA, ARGUMENTARE SI COMUNICARE": {"medie": 8.117037037037031, "reusita": 94.85294117647058, "cnt": 136}, "PSIHOLOGIE": {"medie": 7.900000000000001, "reusita": 100.0, "cnt": 9}, "ECONOMIE": {"medie": 6.28809523809524, "reusita": 95.23809523809523, "cnt": 21}}, "nume": "COLEGIUL ECONOMIC \"MARIA TEIULEANU\" PITESTI\tArge\u0219"}