{"specializari": {"TEHNICIAN MECATRONIST": 20, "TEHNICIAN IN AUTOMATIZARI": 31, "MATEMATICA-INFORMATICA": 50, "TEHNICIAN ELECTROMECANIC": 32, "TEHNICIAN IN ACTIVITATI ECONOMICE": 83, "TEHNICIAN DE TELECOMUNICATII": 23, "TEHNICIAN TRANSPORTURI": 5, "TEHNICIAN OPERATOR TEHNICA DE CALCUL": 1}, "limba_moderna": {"LIMBA ENGLEZA": 242, "LIMBA FRANCEZA": 3}, "limba_materna": {"LIMBA ROMANA": 245}, "promotie_anterioara": {"NU": 222, "DA": 23}, "materii": {"LIMBA ROMANA": {"medie": 7.11770833333333, "reusita": 91.42857142857143, "cnt": 245}, "MATEMATICA TEHN": {"medie": 6.772513089005234, "reusita": 87.17948717948718, "cnt": 195}, "BIOLOGIE VEGETALA SI ANIMALA": {"medie": 5.141875, "reusita": 52.94117647058824, "cnt": 85}, "GENERAL": {"medie": 7.02222222222222, "reusita": 73.06122448979592, "cnt": 245}, "MATEMATICA MATE-INFO": {"medie": 7.56, "reusita": 96.0, "cnt": 50}, "INFORMATICA MI C/C++": {"medie": 6.05, "reusita": 100.0, "cnt": 1}, "INFORMATICA MI PASCAL": {"medie": 8.673076923076922, "reusita": 100.0, "cnt": 13}, "GEOGRAFIE": {"medie": 8.16566265060241, "reusita": 100.0, "cnt": 83}, "FIZICA TEH": {"medie": 6.416666666666668, "reusita": 70.83333333333334, "cnt": 24}, "ANATOMIE SI FIZIOLOGIE UMANA, GENETICA SI ECOLOGIE UMANA": {"medie": 7.794642857142856, "reusita": 100.0, "cnt": 28}, "CHIMIE ANORGANICA TEH NIVEL I/II": {"medie": 7.25, "reusita": 66.66666666666666, "cnt": 3}, "FIZICA TEO": {"medie": 7.5625, "reusita": 100.0, "cnt": 4}, "CHIMIE ANORGANICA TEO NIVEL I/II": {"medie": 8.862499999999999, "reusita": 100.0, "cnt": 4}}, "nume": "COLEGIUL TEHNIC \"ALESANDRU PAPIU ILARIAN\" ZALAU\tS\u0103laj"}