{"specializari": {"FILOLOGIE": 63, "STIINTE ALE NATURII": 58, "MATEMATICA-INFORMATICA": 64}, "limba_moderna": {"LIMBA ENGLEZA": 172, "LIMBA FRANCEZA": 13}, "limba_materna": {"LIMBA ROMANA": 185}, "promotie_anterioara": {"DA": 14, "NU": 171}, "materii": {"LIMBA ROMANA": {"medie": 7.023351648351647, "reusita": 95.67567567567568, "cnt": 185}, "GENERAL": {"medie": 7.78296296296296, "reusita": 85.94594594594595, "cnt": 185}, "MATEMATICA MATE-INFO": {"medie": 6.943650793650796, "reusita": 89.0625, "cnt": 64}, "INFORMATICA MI C/C++": {"medie": 8.754166666666666, "reusita": 100.0, "cnt": 12}, "GEOGRAFIE": {"medie": 8.701639344262292, "reusita": 100.0, "cnt": 61}, "ANATOMIE SI FIZIOLOGIE UMANA, GENETICA SI ECOLOGIE UMANA": {"medie": 8.196568627450983, "reusita": 97.14285714285714, "cnt": 105}, "ISTORIE": {"medie": 8.338888888888887, "reusita": 98.4126984126984, "cnt": 63}, "FIZICA TEO": {"medie": "-", "reusita": 0.0, "cnt": 1}, "MATEMATICA ST-NAT": {"medie": 8.244642857142859, "reusita": 91.37931034482759, "cnt": 58}, "LOGICA, ARGUMENTARE SI COMUNICARE": {"medie": 9.2, "reusita": 100.0, "cnt": 1}, "SOCIOLOGIE": {"medie": 9.45, "reusita": 100.0, "cnt": 1}, "CHIMIE ORGANICA TEO NIVEL I/II": {"medie": 9.1625, "reusita": 100.0, "cnt": 4}}, "nume": "COLEGIUL NATIONAL \"CALISTRAT HOGAS\", LOCALITATEA TECUCI\tGala\u021bi"}