{"specializari": {"MATEMATICA-INFORMATICA": 67, "FILOLOGIE": 73, "STIINTE ALE NATURII": 32, "STIINTE SOCIALE": 1}, "limba_moderna": {"LIMBA ENGLEZA": 152, "LIMBA FRANCEZA": 21}, "limba_materna": {"LIMBA ROMANA": 173}, "promotie_anterioara": {"NU": 158, "DA": 15}, "materii": {"LIMBA ROMANA": {"medie": 7.548809523809524, "reusita": 92.48554913294798, "cnt": 173}, "GENERAL": {"medie": 7.429365079365077, "reusita": 76.30057803468208, "cnt": 173}, "MATEMATICA MATE-INFO": {"medie": 7.350746268656716, "reusita": 88.05970149253731, "cnt": 67}, "INFORMATICA MI C/C++": {"medie": 8.559090909090907, "reusita": 100.0, "cnt": 11}, "INFORMATICA MI PASCAL": {"medie": 7.066666666666666, "reusita": 100.0, "cnt": 6}, "GEOGRAFIE": {"medie": 8.476229508196724, "reusita": 96.7741935483871, "cnt": 62}, "ANATOMIE SI FIZIOLOGIE UMANA, GENETICA SI ECOLOGIE UMANA": {"medie": 7.388805970149252, "reusita": 88.40579710144928, "cnt": 69}, "ISTORIE": {"medie": 7.462328767123288, "reusita": 97.2972972972973, "cnt": 74}, "FIZICA TEO": {"medie": 6.890909090909091, "reusita": 90.9090909090909, "cnt": 11}, "MATEMATICA ST-NAT": {"medie": 4.415000000000001, "reusita": 37.5, "cnt": 32}, "SOCIOLOGIE": {"medie": 7.1875, "reusita": 75.0, "cnt": 4}, "PSIHOLOGIE": {"medie": 8.95, "reusita": 100.0, "cnt": 3}, "ECONOMIE": {"medie": 7.08, "reusita": 100.0, "cnt": 5}, "CHIMIE ORGANICA TEO NIVEL I/II": {"medie": 9.3, "reusita": 100.0, "cnt": 2}}, "nume": "COLEGIUL NATIONAL \"NEAGOE BASARAB\" OLTENITA\tC\u0103l\u0103ra\u0219i"}