{"specializari": {"MATEMATICA-INFORMATICA": 185}, "limba_moderna": {"LIMBA ENGLEZA": 183, "LIMBA FRANCEZA": 2}, "limba_materna": {"LIMBA ROMANA": 185}, "promotie_anterioara": {"NU": 183, "DA": 2}, "materii": {"LIMBA ROMANA": {"medie": 7.441351351351352, "reusita": 100.0, "cnt": 185}, "GENERAL": {"medie": 8.056936936936934, "reusita": 92.97297297297298, "cnt": 185}, "MATEMATICA MATE-INFO": {"medie": 8.394864864864868, "reusita": 96.21621621621622, "cnt": 185}, "INFORMATICA MI C/C++": {"medie": 8.515596330275232, "reusita": 98.1651376146789, "cnt": 109}, "ANATOMIE SI FIZIOLOGIE UMANA, GENETICA SI ECOLOGIE UMANA": {"medie": 8.209821428571427, "reusita": 98.21428571428571, "cnt": 56}, "FIZICA TEO": {"medie": 7.752941176470589, "reusita": 94.11764705882352, "cnt": 17}, "CHIMIE ORGANICA TEO NIVEL I/II": {"medie": 7.383333333333334, "reusita": 100.0, "cnt": 3}}, "nume": "COLEGIUL NATIONAL DE INFORMATICA, MUNICIPIUL PIATRA-NEAMT\tNeam\u021b"}