{"specializari": {"TEHNICIAN PROIECTANT CAD": 21, "LICEU CU PROGRAM SPORTIV": 12, "MATEMATICA-INFORMATICA": 4, "TEHNICIAN PRELUCRARI LA CALD": 5, "TEHNICIAN MECATRONIST": 5, "TEHNICIAN MECANIC PENTRU INTRETINERE SI REPARATII": 4}, "limba_moderna": {"LIMBA ENGLEZA": 50, "LIMBA FRANCEZA": 1}, "limba_materna": {"LIMBA ROMANA": 51}, "promotie_anterioara": {"NU": 32, "DA": 19}, "materii": {"LIMBA ROMANA": {"medie": 4.1923076923076925, "reusita": 29.411764705882355, "cnt": 51}, "MATEMATICA TEHN": {"medie": 3.0384615384615383, "reusita": 28.57142857142857, "cnt": 35}, "BIOLOGIE VEGETALA SI ANIMALA": {"medie": 2.823333333333333, "reusita": 9.090909090909092, "cnt": 22}, "GENERAL": {"medie": 3.756770833333333, "reusita": 3.9215686274509802, "cnt": 51}, "MATEMATICA MATE-INFO": {"medie": 1.7, "reusita": 0.0, "cnt": 4}, "GEOGRAFIE": {"medie": 8.975, "reusita": 100.0, "cnt": 2}, "FIZICA TEH": {"medie": 3.3899999999999997, "reusita": 33.33333333333333, "cnt": 12}, "CHIMIE ANORGANICA TEH NIVEL I/II": {"medie": 5.0, "reusita": 100.0, "cnt": 1}, "ISTORIE": {"medie": 3.7562499999999996, "reusita": 16.666666666666664, "cnt": 12}, "FIZICA TEO": {"medie": 2.65, "reusita": 0.0, "cnt": 4}, "LOGICA, ARGUMENTARE SI COMUNICARE": {"medie": 3.0999999999999996, "reusita": 25.0, "cnt": 4}, "FILOSOFIE": {"medie": 9.7, "reusita": 16.666666666666664, "cnt": 6}}, "nume": "COLEGIUL TEHNIC \"MIRON NICOLESCU\"\tBucure\u0219ti"}