{"specializari": {"MATEMATICA-INFORMATICA": 122, "FILOLOGIE": 35, "STIINTE ALE NATURII": 26, "STIINTE SOCIALE": 29}, "limba_moderna": {"LIMBA ENGLEZA": 179, "LIMBA FRANCEZA": 29, "LIMBA GERMANA MODERNA": 4}, "limba_materna": {"LIMBA ROMANA": 212}, "promotie_anterioara": {"NU": 212}, "materii": {"LIMBA ROMANA": {"medie": 8.895283018867927, "reusita": 100.0, "cnt": 212}, "GENERAL": {"medie": 9.212106918238991, "reusita": 100.0, "cnt": 212}, "MATEMATICA MATE-INFO": {"medie": 9.486475409836064, "reusita": 100.0, "cnt": 122}, "INFORMATICA MI C/C++": {"medie": 9.541250000000002, "reusita": 100.0, "cnt": 40}, "GEOGRAFIE": {"medie": 9.83181818181818, "reusita": 100.0, "cnt": 11}, "ANATOMIE SI FIZIOLOGIE UMANA, GENETICA SI ECOLOGIE UMANA": {"medie": 9.33448275862069, "reusita": 100.0, "cnt": 29}, "ISTORIE": {"medie": 9.062500000000002, "reusita": 100.0, "cnt": 64}, "FIZICA TEO": {"medie": 9.240243902439024, "reusita": 100.0, "cnt": 41}, "MATEMATICA ST-NAT": {"medie": 9.703846153846154, "reusita": 100.0, "cnt": 26}, "LOGICA, ARGUMENTARE SI COMUNICARE": {"medie": 9.326470588235296, "reusita": 100.0, "cnt": 34}, "PSIHOLOGIE": {"medie": 9.299999999999999, "reusita": 100.0, "cnt": 7}, "ECONOMIE": {"medie": 8.354545454545457, "reusita": 100.0, "cnt": 11}, "CHIMIE ORGANICA TEO NIVEL I/II": {"medie": 9.475675675675676, "reusita": 100.0, "cnt": 37}, "FILOSOFIE": {"medie": 9.6, "reusita": 100.0, "cnt": 1}, "INFORMATICA SN C/C++": {"medie": 9.8, "reusita": 100.0, "cnt": 1}}, "nume": "COLEGIUL NATIONAL \"VASILE ALECSANDRI\", LOCALITATEA GALATI\tGala\u021bi"}