{"specializari": {"INVATATOR - EDUCATOARE": 82, "STIINTE SOCIALE": 71, "INSTRUCTOR PENTRU ACTIVITATI EXTRASCOLARE": 25}, "limba_moderna": {"LIMBA ENGLEZA": 174, "LIMBA FRANCEZA": 3, "LIMBA GERMANA MODERNA": 1}, "limba_materna": {"LIMBA ROMANA": 90, "LIMBA MAGHIARA": 88}, "promotie_anterioara": {"NU": 167, "DA": 11}, "materii": {"LIMBA ROMANA": {"medie": 6.2008426966292145, "reusita": 88.76404494382022, "cnt": 178}, "GENERAL": {"medie": 7.242655367231639, "reusita": 83.14606741573034, "cnt": 178}, "MATEMATICA PED": {"medie": 7.643902439024393, "reusita": 95.1219512195122, "cnt": 82}, "GEOGRAFIE": {"medie": 7.871835443037979, "reusita": 98.11320754716981, "cnt": 159}, "ISTORIE": {"medie": 6.9906250000000005, "reusita": 97.91666666666666, "cnt": 96}, "LOGICA, ARGUMENTARE SI COMUNICARE": {"medie": 7.4, "reusita": 87.5, "cnt": 16}, "PSIHOLOGIE": {"medie": 7.083333333333333, "reusita": 100.0, "cnt": 3}, "LIMBA MAGHIARA (UMAN)": {"medie": 7.718181818181818, "reusita": 100.0, "cnt": 88}}, "nume": "COLEGIUL NATIONAL PEDAGOGIC \"MIHAI EMINESCU\" TIRGU MURES\tMure\u0219"}