{"specializari": {"STIINTE ALE NATURII": 30, "MATEMATICA-INFORMATICA": 59}, "limba_moderna": {"LIMBA ENGLEZA": 89}, "limba_materna": {"LIMBA ROMANA": 89}, "promotie_anterioara": {"NU": 89}, "materii": {"LIMBA ROMANA": {"medie": 9.054494382022469, "reusita": 100.0, "cnt": 89}, "BIOLOGIE VEGETALA SI ANIMALA": {"medie": 8.5, "reusita": 100.0, "cnt": 1}, "GENERAL": {"medie": 9.443258426966294, "reusita": 100.0, "cnt": 89}, "MATEMATICA MATE-INFO": {"medie": 9.727966101694916, "reusita": 100.0, "cnt": 59}, "INFORMATICA MI C/C++": {"medie": 9.436363636363636, "reusita": 100.0, "cnt": 33}, "ANATOMIE SI FIZIOLOGIE UMANA, GENETICA SI ECOLOGIE UMANA": {"medie": 9.707692307692307, "reusita": 100.0, "cnt": 39}, "FIZICA TEO": {"medie": 9.459999999999999, "reusita": 100.0, "cnt": 5}, "MATEMATICA ST-NAT": {"medie": 9.751666666666667, "reusita": 100.0, "cnt": 30}, "CHIMIE ORGANICA TEO NIVEL I/II": {"medie": 9.377777777777778, "reusita": 100.0, "cnt": 9}, "CHIMIE ANORGANICA TEO NIVEL I/II": {"medie": 9.4, "reusita": 100.0, "cnt": 2}}, "nume": "COLEGIUL NATIONAL \"EMIL RACOVITA\" CLUJ-NAPOCA\tCluj"}