{"specializari": {"ORGANIZATOR BANQUETING": 45, "TEHNICIAN IN ADMINISTRATIE": 48, "TEHNICIAN IN ACTIVITATI DE COMERT": 66, "TEHNICIAN IN GASTRONOMIE": 56, "TEHNICIAN IN ACTIVITATI ECONOMICE": 50, "TEHNICIAN IN TURISM": 47}, "limba_moderna": {"LIMBA ENGLEZA": 266, "LIMBA FRANCEZA": 46}, "limba_materna": {"LIMBA ROMANA": 312}, "promotie_anterioara": {"NU": 262, "DA": 50}, "materii": {"LIMBA ROMANA": {"medie": 6.251584507042251, "reusita": 78.52564102564102, "cnt": 312}, "MATEMATICA TEHN": {"medie": 5.646085409252669, "reusita": 63.46153846153846, "cnt": 312}, "GENERAL": {"medie": 6.292539109506618, "reusita": 52.88461538461539, "cnt": 312}, "GEOGRAFIE": {"medie": 6.955896226415094, "reusita": 76.29310344827587, "cnt": 232}, "LOGICA, ARGUMENTARE SI COMUNICARE": {"medie": 6.808593749999999, "reusita": 77.14285714285715, "cnt": 70}, "PSIHOLOGIE": {"medie": 6.85, "reusita": 66.66666666666666, "cnt": 3}, "ECONOMIE": {"medie": 5.4, "reusita": 57.14285714285714, "cnt": 7}}, "nume": "COLEGIUL ECONOMIC \"GHEORGHE CHITU\" CRAIOVA\tDolj"}