{"specializari": {"TEHNICIAN IN ACTIVITATI ECONOMICE": 200, "TEHNICIAN IN ACHIZITII SI CONTRACTARI": 54, "TEHNICIAN IN ADMINISTRATIE": 23}, "limba_moderna": {"LIMBA FRANCEZA": 16, "LIMBA ENGLEZA": 256, "LIMBA RUSA": 5}, "limba_materna": {"LIMBA ROMANA": 277}, "promotie_anterioara": {"NU": 272, "DA": 5}, "materii": {"LIMBA ROMANA": {"medie": 7.4889891696750865, "reusita": 99.27797833935018, "cnt": 277}, "MATEMATICA TEHN": {"medie": 7.916123188405795, "reusita": 97.83393501805054, "cnt": 277}, "GENERAL": {"medie": 7.862862318840579, "reusita": 95.30685920577618, "cnt": 277}, "GEOGRAFIE": {"medie": 8.121578947368416, "reusita": 98.94736842105263, "cnt": 190}, "LOGICA, ARGUMENTARE SI COMUNICARE": {"medie": 8.35059523809524, "reusita": 100.0, "cnt": 84}, "PSIHOLOGIE": {"medie": 6.683333333333334, "reusita": 100.0, "cnt": 3}}, "nume": "COLEGIUL ECONOMIC ADMINISTRATIV, IASI\tIa\u0219i"}