{"specializari": {"TEHNICIAN PROIECTANT CAD": 9, "TEHNICIAN IN AUTOMATIZARI": 6, "MATEMATICA-INFORMATICA": 25, "TEHNICIAN TRANSPORTURI": 12, "TEHNICIAN MECATRONIST": 11, "TEHNICIAN MECANIC PENTRU INTRETINERE SI REPARATII": 5, "STIINTE ALE NATURII": 13, "TEHNICIAN ELECTROTEHNIST": 2, "TEHNICIAN OPERATOR TEHNICA DE CALCUL": 1}, "limba_moderna": {"LIMBA ENGLEZA": 81, "LIMBA FRANCEZA": 3}, "limba_materna": {"LIMBA ROMANA": 84}, "promotie_anterioara": {"DA": 66, "NU": 18}, "materii": {"LIMBA ROMANA": {"medie": 5.336075949367089, "reusita": 70.23809523809523, "cnt": 84}, "MATEMATICA TEHN": {"medie": 4.8987804878048795, "reusita": 63.04347826086957, "cnt": 46}, "BIOLOGIE VEGETALA SI ANIMALA": {"medie": 5.2485294117647046, "reusita": 54.54545454545454, "cnt": 44}, "GENERAL": {"medie": 5.191538461538461, "reusita": 22.61904761904762, "cnt": 84}, "MATEMATICA MATE-INFO": {"medie": 4.3657894736842096, "reusita": 48.0, "cnt": 25}, "INFORMATICA MI C/C++": {"medie": 2.65, "reusita": 0.0, "cnt": 1}, "FIZICA TEH": {"medie": 3.8124999999999996, "reusita": 37.5, "cnt": 8}, "ANATOMIE SI FIZIOLOGIE UMANA, GENETICA SI ECOLOGIE UMANA": {"medie": 6.303703703703705, "reusita": 82.75862068965517, "cnt": 29}, "CHIMIE ANORGANICA TEH NIVEL I/II": {"medie": 5.0, "reusita": 50.0, "cnt": 2}, "MATEMATICA ST-NAT": {"medie": 4.553846153846154, "reusita": 38.46153846153847, "cnt": 13}}, "nume": "COLEGIUL TEHNIC \"DIMITRIE LEONIDA\"\tBucure\u0219ti"}