{"specializari": {"TEHNICIAN DESIGNER MOBILA SI AMENAJARI INTERIOARE": 3, "TEHNICIAN ECOLOG SI PROTECTIA CALITATII MEDIULUI": 15, "TEHNICIAN DESENATOR PENTRU CONSTRUCTII SI INSTALATII": 9, "TEHNICIAN INSTALATOR PENTRU CONSTRUCTII": 3, "TEHNICIAN IN CONSTRUCTII SI LUCRARI PUBLICE": 2, "TEHNICIAN PROIECTANT CAD": 1, "TEHNICIAN ELECTROTEHNIST": 1, "TEHNICIAN IN SILVICULTURA SI EXPLOATARI FORESTIERE": 2}, "limba_moderna": {"LIMBA ENGLEZA": 35, "LIMBA FRANCEZA": 1}, "limba_materna": {"LIMBA ROMANA": 36}, "promotie_anterioara": {"DA": 14, "NU": 22}, "materii": {"LIMBA ROMANA": {"medie": 6.114285714285713, "reusita": 91.66666666666666, "cnt": 36}, "MATEMATICA TEHN": {"medie": 6.524999999999999, "reusita": 86.11111111111111, "cnt": 36}, "BIOLOGIE VEGETALA SI ANIMALA": {"medie": 5.557692307692307, "reusita": 66.66666666666666, "cnt": 27}, "GENERAL": {"medie": 6.066666666666666, "reusita": 44.44444444444444, "cnt": 36}, "FIZICA TEH": {"medie": 2.4749999999999996, "reusita": 0.0, "cnt": 2}, "CHIMIE ANORGANICA TEH NIVEL I/II": {"medie": 5.621428571428572, "reusita": 85.71428571428571, "cnt": 7}}, "nume": "COLEGIUL TEHNIC \"ANGHEL SALIGNY\" CLUJ-NAPOCA\tCluj"}