{"specializari": {"STIINTE ALE NATURII": 99, "MATEMATICA-INFORMATICA": 46, "STIINTE SOCIALE": 33, "FILOLOGIE": 30}, "limba_moderna": {"LIMBA ENGLEZA": 204, "LIMBA FRANCEZA": 4}, "limba_materna": {"LIMBA ROMANA": 208}, "promotie_anterioara": {"NU": 207, "DA": 1}, "materii": {"LIMBA ROMANA": {"medie": 7.942548076923078, "reusita": 99.51923076923077, "cnt": 208}, "BIOLOGIE VEGETALA SI ANIMALA": {"medie": 5.7, "reusita": 100.0, "cnt": 1}, "GENERAL": {"medie": 8.494631410256414, "reusita": 98.5576923076923, "cnt": 208}, "MATEMATICA MATE-INFO": {"medie": 8.361956521739133, "reusita": 100.0, "cnt": 46}, "INFORMATICA MI C/C++": {"medie": 8.627777777777776, "reusita": 100.0, "cnt": 9}, "GEOGRAFIE": {"medie": 8.887254901960784, "reusita": 98.0392156862745, "cnt": 51}, "ANATOMIE SI FIZIOLOGIE UMANA, GENETICA SI ECOLOGIE UMANA": {"medie": 8.752747252747252, "reusita": 100.0, "cnt": 91}, "ISTORIE": {"medie": 7.984920634920634, "reusita": 100.0, "cnt": 63}, "FIZICA TEO": {"medie": 9.016176470588233, "reusita": 100.0, "cnt": 34}, "MATEMATICA ST-NAT": {"medie": 9.263131313131314, "reusita": 98.98989898989899, "cnt": 99}, "LOGICA, ARGUMENTARE SI COMUNICARE": {"medie": 9.8, "reusita": 100.0, "cnt": 1}, "SOCIOLOGIE": {"medie": 9.433333333333332, "reusita": 100.0, "cnt": 6}, "PSIHOLOGIE": {"medie": 9.133333333333333, "reusita": 100.0, "cnt": 3}, "ECONOMIE": {"medie": 8.425, "reusita": 100.0, "cnt": 2}, "CHIMIE ORGANICA TEO NIVEL I/II": {"medie": 9.36111111111111, "reusita": 100.0, "cnt": 9}, "INFORMATICA SN C/C++": {"medie": 9.3, "reusita": 100.0, "cnt": 1}}, "nume": "COLEGIUL NATIONAL ALEXANDRU LAHOVARI, MUN. RM. VALCEA\tV\u00e2lcea"}