{"specializari": {"MATEMATICA-INFORMATICA": 58, "STIINTE ALE NATURII": 88, "FILOLOGIE": 26, "STIINTE SOCIALE": 28}, "limba_moderna": {"LIMBA ENGLEZA": 196, "LIMBA FRANCEZA": 3, "LIMBA GERMANA MODERNA": 1}, "limba_materna": {"LIMBA ROMANA": 200}, "promotie_anterioara": {"NU": 198, "DA": 2}, "materii": {"LIMBA ROMANA": {"medie": 8.261999999999995, "reusita": 99.5, "cnt": 200}, "GENERAL": {"medie": 8.735666666666667, "reusita": 98.5, "cnt": 200}, "MATEMATICA MATE-INFO": {"medie": 9.160344827586206, "reusita": 100.0, "cnt": 58}, "INFORMATICA MI C/C++": {"medie": 9.291666666666666, "reusita": 100.0, "cnt": 12}, "INFORMATICA MI PASCAL": {"medie": 8.99074074074074, "reusita": 100.0, "cnt": 27}, "GEOGRAFIE": {"medie": 8.688372093023256, "reusita": 100.0, "cnt": 43}, "ANATOMIE SI FIZIOLOGIE UMANA, GENETICA SI ECOLOGIE UMANA": {"medie": 8.96157894736842, "reusita": 100.0, "cnt": 95}, "ISTORIE": {"medie": 8.701851851851849, "reusita": 100.0, "cnt": 54}, "FIZICA TEO": {"medie": 8.0, "reusita": 100.0, "cnt": 2}, "MATEMATICA ST-NAT": {"medie": 9.151136363636365, "reusita": 100.0, "cnt": 88}, "LOGICA, ARGUMENTARE SI COMUNICARE": {"medie": 8.827777777777778, "reusita": 100.0, "cnt": 9}, "ECONOMIE": {"medie": 7.050000000000001, "reusita": 100.0, "cnt": 2}, "CHIMIE ORGANICA TEO NIVEL I/II": {"medie": 9.327777777777778, "reusita": 100.0, "cnt": 9}, "CHIMIE ANORGANICA TEO NIVEL I/II": {"medie": 9.8, "reusita": 100.0, "cnt": 1}}, "nume": "COLEGIUL NATIONAL \"MIHAI EMINESCU\" SATU MARE\tSatu-Mare"}