{"specializari": {"TEHNICIAN IN SILVICULTURA SI EXPLOATARI FORESTIERE": 28, "TEHNICIAN DESIGNER MOBILA SI AMENAJARI INTERIOARE": 32, "TEHNICIAN IN ACTIVITATI ECONOMICE": 59, "STIINTE ALE NATURII": 36, "TEHNICIAN IN PRELUCRAREA LEMNULUI": 1}, "limba_moderna": {"LIMBA ENGLEZA": 149, "LIMBA FRANCEZA": 7}, "limba_materna": {"LIMBA ROMANA": 156}, "promotie_anterioara": {"NU": 132, "DA": 24}, "materii": {"LIMBA ROMANA": {"medie": 6.973376623376627, "reusita": 98.07692307692307, "cnt": 156}, "MATEMATICA TEHN": {"medie": 7.401709401709406, "reusita": 94.16666666666667, "cnt": 120}, "BIOLOGIE VEGETALA SI ANIMALA": {"medie": 5.73030303030303, "reusita": 70.27027027027027, "cnt": 37}, "GENERAL": {"medie": 7.32069351230425, "reusita": 82.6923076923077, "cnt": 156}, "GEOGRAFIE": {"medie": 7.333333333333333, "reusita": 100.0, "cnt": 3}, "ANATOMIE SI FIZIOLOGIE UMANA, GENETICA SI ECOLOGIE UMANA": {"medie": 7.586842105263155, "reusita": 96.49122807017544, "cnt": 57}, "CHIMIE ANORGANICA TEH NIVEL I/II": {"medie": "-", "reusita": 0.0, "cnt": 1}, "MATEMATICA ST-NAT": {"medie": 7.425000000000002, "reusita": 91.66666666666666, "cnt": 36}, "LOGICA, ARGUMENTARE SI COMUNICARE": {"medie": 8.410909090909087, "reusita": 98.21428571428571, "cnt": 56}, "CHIMIE ORGANICA TEO NIVEL I/II": {"medie": 7.55, "reusita": 100.0, "cnt": 1}, "CHIMIE ANORGANICA TEO NIVEL I/II": {"medie": 8.6, "reusita": 100.0, "cnt": 1}}, "nume": "COLEGIUL TEHNIC FORESTIER, MUNICIPIUL CAMPINA\tPrahova"}