{"specializari": {"FILOLOGIE": 28, "TEHNICIAN IN ACTIVITATI ECONOMICE": 22, "TEHNICIAN MECANIC PENTRU INTRETINERE SI REPARATII": 5, "STIINTE ALE NATURII": 23, "TEHNICIAN ELECTROMECANIC": 10, "TEHNICIAN OPERATOR TEHNICA DE CALCUL": 2, "TEHNICIAN IN ACTIVITATI DE COMERT": 11, "MATEMATICA-INFORMATICA": 4}, "limba_moderna": {"LIMBA ITALIANA": 1, "LIMBA ENGLEZA": 104}, "limba_materna": {"LIMBA ROMANA": 105}, "promotie_anterioara": {"DA": 25, "NU": 80}, "materii": {"LIMBA ROMANA": {"medie": 6.280392156862742, "reusita": 83.80952380952381, "cnt": 105}, "MATEMATICA TEHN": {"medie": 5.050000000000002, "reusita": 60.0, "cnt": 50}, "BIOLOGIE VEGETALA SI ANIMALA": {"medie": 3.413333333333333, "reusita": 26.666666666666668, "cnt": 15}, "GENERAL": {"medie": 6.3356666666666674, "reusita": 53.333333333333336, "cnt": 105}, "MATEMATICA MATE-INFO": {"medie": 5.0125, "reusita": 75.0, "cnt": 4}, "GEOGRAFIE": {"medie": 6.531034482758621, "reusita": 77.41935483870968, "cnt": 31}, "FIZICA TEH": {"medie": 1.75, "reusita": 0.0, "cnt": 2}, "ANATOMIE SI FIZIOLOGIE UMANA, GENETICA SI ECOLOGIE UMANA": {"medie": 7.479166666666667, "reusita": 95.83333333333334, "cnt": 24}, "ISTORIE": {"medie": 6.970370370370369, "reusita": 96.42857142857143, "cnt": 28}, "MATEMATICA ST-NAT": {"medie": 7.002173913043479, "reusita": 86.95652173913044, "cnt": 23}, "LOGICA, ARGUMENTARE SI COMUNICARE": {"medie": 7.7672413793103425, "reusita": 96.66666666666667, "cnt": 30}, "CHIMIE ANORGANICA TEO NIVEL I/II": {"medie": 6.25, "reusita": 100.0, "cnt": 3}}, "nume": "COLEGIUL TEHNIC \"CONSTANTIN BRANCUSI\" PETRILA\tHunedoara"}