{"specializari": {"TEHNICIAN ELECTROMECANIC": 29, "TEHNICIAN IN ACTIVITATI ECONOMICE": 21, "TEHNICIAN ECOLOG SI PROTECTIA CALITATII MEDIULUI": 58, "TEHNICIAN OPERATOR TEHNICA DE CALCUL": 7, "TEHNICIAN CHIMIST DE LABORATOR": 72, "TEHNICIAN IN AUTOMATIZARI": 28, "TEHNICIAN MECANIC PENTRU INTRETINERE SI REPARATII": 5, "TEHNICIAN MECATRONIST": 3, "TEHNICIAN TRANSPORTURI": 2, "TEHNICIAN IN CHIMIE INDUSTRIALA": 2, "TEHNICIAN ELECTROTEHNIST": 1, "TEHNICIAN IN INSTALATII ELECTRICE": 1}, "limba_moderna": {"LIMBA ENGLEZA": 183, "LIMBA GERMANA MODERNA": 10, "LIMBA FRANCEZA": 36}, "limba_materna": {"LIMBA ROMANA": 229}, "promotie_anterioara": {"DA": 46, "NU": 183}, "materii": {"LIMBA ROMANA": {"medie": 7.097926267281107, "reusita": 91.26637554585153, "cnt": 229}, "MATEMATICA TEHN": {"medie": 6.300000000000001, "reusita": 78.60262008733623, "cnt": 229}, "BIOLOGIE VEGETALA SI ANIMALA": {"medie": 5.403947368421052, "reusita": 59.199999999999996, "cnt": 125}, "GENERAL": {"medie": 6.498397435897436, "reusita": 56.33187772925764, "cnt": 229}, "GEOGRAFIE": {"medie": 8.9, "reusita": 100.0, "cnt": 1}, "FIZICA TEH": {"medie": 3.0949999999999998, "reusita": 20.0, "cnt": 10}, "ANATOMIE SI FIZIOLOGIE UMANA, GENETICA SI ECOLOGIE UMANA": {"medie": 6.989285714285712, "reusita": 84.78260869565217, "cnt": 46}, "CHIMIE ANORGANICA TEH NIVEL I/II": {"medie": 5.809615384615384, "reusita": 69.23076923076923, "cnt": 26}, "LOGICA, ARGUMENTARE SI COMUNICARE": {"medie": 8.334615384615386, "reusita": 100.0, "cnt": 13}, "ECONOMIE": {"medie": 6.814285714285715, "reusita": 100.0, "cnt": 7}, "CHIMIE ORGANICA TEH NIVEL I/II": {"medie": 4.5, "reusita": 0.0, "cnt": 1}}, "nume": "COLEGIUL TEHNIC \"COSTIN D. NENITESCU\" PITESTI\tArge\u0219"}