{"specializari": {"FILOLOGIE": 32, "STIINTE SOCIALE": 79, "MATEMATICA-INFORMATICA": 48, "STIINTE ALE NATURII": 75}, "limba_moderna": {"LIMBA ENGLEZA": 208, "LIMBA FRANCEZA": 10, "LIMBA GERMANA MODERNA": 16}, "limba_materna": {"LIMBA ROMANA": 234}, "promotie_anterioara": {"NU": 229, "DA": 5}, "materii": {"LIMBA ROMANA": {"medie": 8.112554112554111, "reusita": 98.71794871794873, "cnt": 234}, "GENERAL": {"medie": 8.539538239538247, "reusita": 96.58119658119658, "cnt": 234}, "MATEMATICA MATE-INFO": {"medie": 8.71595744680851, "reusita": 97.91666666666666, "cnt": 48}, "INFORMATICA MI C/C++": {"medie": 8.77826086956522, "reusita": 100.0, "cnt": 23}, "GEOGRAFIE": {"medie": 9.016666666666666, "reusita": 100.0, "cnt": 3}, "ANATOMIE SI FIZIOLOGIE UMANA, GENETICA SI ECOLOGIE UMANA": {"medie": 9.20984848484848, "reusita": 98.50746268656717, "cnt": 67}, "ISTORIE": {"medie": 8.569819819819822, "reusita": 100.0, "cnt": 111}, "FIZICA TEO": {"medie": 8.55, "reusita": 100.0, "cnt": 19}, "MATEMATICA ST-NAT": {"medie": 8.556666666666667, "reusita": 98.66666666666667, "cnt": 75}, "LOGICA, ARGUMENTARE SI COMUNICARE": {"medie": 8.78689320388349, "reusita": 99.02912621359224, "cnt": 103}, "PSIHOLOGIE": {"medie": 8.425, "reusita": 100.0, "cnt": 4}, "CHIMIE ORGANICA TEO NIVEL I/II": {"medie": 8.142307692307693, "reusita": 92.3076923076923, "cnt": 13}, "CHIMIE ANORGANICA TEO NIVEL I/II": {"medie": 9.4, "reusita": 100.0, "cnt": 1}, "FILOSOFIE": {"medie": 9.6, "reusita": 100.0, "cnt": 1}}, "nume": "COLEGIUL NATIONAL \"EUDOXIU HURMUZACHI\" RADAUTI\tSuceava"}