{"specializari": {"TEHNICIAN ANALIZE PRODUSE ALIMENTARE": 8, "TEHNICIAN IN INSTALATII ELECTRICE": 4, "TEHNICIAN ECOLOG SI PROTECTIA CALITATII MEDIULUI": 7, "TEHNICIAN IN ACTIVITATI ECONOMICE": 17, "TEHNICIAN PROIECTANT CAD": 3, "TEHNICIAN IN INDUSTRIA ALIMENTARA": 2, "TEHNICIAN IN GASTRONOMIE": 1, "TEHNICIAN ELECTROTEHNIST": 3, "TEHNICIAN IN PRELUCRAREA LEMNULUI": 1}, "limba_moderna": {"LIMBA ENGLEZA": 40, "LIMBA GERMANA MODERNA": 4, "LIMBA FRANCEZA": 2}, "limba_materna": {"LIMBA ROMANA": 46}, "promotie_anterioara": {"NU": 30, "DA": 16}, "materii": {"LIMBA ROMANA": {"medie": 6.404347826086957, "reusita": 95.65217391304348, "cnt": 46}, "MATEMATICA TEHN": {"medie": 5.656521739130436, "reusita": 76.08695652173914, "cnt": 46}, "BIOLOGIE VEGETALA SI ANIMALA": {"medie": 5.014285714285714, "reusita": 71.42857142857143, "cnt": 7}, "GENERAL": {"medie": 6.029347826086957, "reusita": 45.65217391304348, "cnt": 46}, "GEOGRAFIE": {"medie": 5.8, "reusita": 100.0, "cnt": 1}, "FIZICA TEH": {"medie": 2.45, "reusita": 0.0, "cnt": 2}, "ANATOMIE SI FIZIOLOGIE UMANA, GENETICA SI ECOLOGIE UMANA": {"medie": 6.8374999999999995, "reusita": 100.0, "cnt": 4}, "CHIMIE ANORGANICA TEH NIVEL I/II": {"medie": 4.803333333333333, "reusita": 46.666666666666664, "cnt": 15}, "LOGICA, ARGUMENTARE SI COMUNICARE": {"medie": 7.76764705882353, "reusita": 94.11764705882352, "cnt": 17}}, "nume": "COLEGIUL TEHNIC \"SIMION MEHEDINTI\" CODLEA\tBra\u0219ov"}