{"specializari": {"TEHNICIAN IN GASTRONOMIE": 54, "TEHNICIAN IN TURISM": 24, "TEHNICIAN IN ACTIVITATI DE COMERT": 57, "TEHNICIAN IN ACTIVITATI ECONOMICE": 59, "TEHNICIAN IN ADMINISTRATIE": 27}, "limba_moderna": {"LIMBA ENGLEZA": 200, "LIMBA FRANCEZA": 21}, "limba_materna": {"LIMBA ROMANA": 221}, "promotie_anterioara": {"NU": 199, "DA": 22}, "materii": {"LIMBA ROMANA": {"medie": 6.368119266055048, "reusita": 92.3076923076923, "cnt": 221}, "MATEMATICA TEHN": {"medie": 7.051136363636363, "reusita": 91.4027149321267, "cnt": 221}, "GENERAL": {"medie": 7.104761904761906, "reusita": 84.16289592760181, "cnt": 221}, "GEOGRAFIE": {"medie": 7.99189189189189, "reusita": 96.64429530201343, "cnt": 149}, "LOGICA, ARGUMENTARE SI COMUNICARE": {"medie": 7.61640625, "reusita": 90.76923076923077, "cnt": 65}, "PSIHOLOGIE": {"medie": 3.8, "reusita": 0.0, "cnt": 1}, "ECONOMIE": {"medie": 7.1499999999999995, "reusita": 100.0, "cnt": 6}}, "nume": "COLEGIUL COMERCIAL \"CAROL I\" CONSTANTA\tConstan\u021ba"}