{"specializari": {"TEHNICIAN IN INSTALATII ELECTRICE": 29, "TEHNICIAN IN AUTOMATIZARI": 31, "TEHNICIAN ELECTROTEHNIST": 2, "TEHNICIAN ENERGETICIAN": 2}, "limba_moderna": {"LIMBA ENGLEZA": 64}, "limba_materna": {"LIMBA ROMANA": 64}, "promotie_anterioara": {"DA": 17, "NU": 47}, "materii": {"LIMBA ROMANA": {"medie": 6.010317460317461, "reusita": 95.3125, "cnt": 64}, "MATEMATICA TEHN": {"medie": 6.436885245901639, "reusita": 85.9375, "cnt": 64}, "BIOLOGIE VEGETALA SI ANIMALA": {"medie": 4.766326530612246, "reusita": 54.90196078431373, "cnt": 51}, "GENERAL": {"medie": 5.857909604519773, "reusita": 42.1875, "cnt": 64}, "FIZICA TEH": {"medie": 6.835714285714286, "reusita": 100.0, "cnt": 7}, "CHIMIE ANORGANICA TEH NIVEL I/II": {"medie": 4.433333333333334, "reusita": 50.0, "cnt": 6}}, "nume": "COLEGIUL TEHNIC ENERGETIC CLUJ-NAPOCA\tCluj"}