{"specializari": {"TEHNICIAN IN ACTIVITATI DE COMERT": 13, "TEHNICIAN IN ACHIZITII SI CONTRACTARI": 11, "TEHNICIAN IN ACTIVITATI ECONOMICE": 37, "TEHNICIAN ELECTROMECANIC": 6, "TEHNICIAN OPERATOR TEHNICA DE CALCUL": 9, "TEHNICIAN PROIECTANT CAD": 10, "STIINTE ALE NATURII": 34, "TEHNICIAN TRANSPORTURI": 5, "TEHNICIAN IN INSTALATII ELECTRICE": 6, "TEHNICIAN ELECTRICIAN/ELECTRONIST AUTO": 1, "MATEMATICA-INFORMATICA": 11}, "limba_moderna": {"LIMBA ENGLEZA": 107, "LIMBA FRANCEZA": 36}, "limba_materna": {"LIMBA ROMANA": 143}, "promotie_anterioara": {"NU": 107, "DA": 36}, "materii": {"LIMBA ROMANA": {"medie": 6.421428571428573, "reusita": 94.4055944055944, "cnt": 143}, "MATEMATICA TEHN": {"medie": 6.087894736842106, "reusita": 80.61224489795919, "cnt": 98}, "BIOLOGIE VEGETALA SI ANIMALA": {"medie": 5.156666666666665, "reusita": 67.74193548387096, "cnt": 31}, "GENERAL": {"medie": 6.407380952380949, "reusita": 55.94405594405595, "cnt": 143}, "MATEMATICA MATE-INFO": {"medie": 5.79090909090909, "reusita": 81.81818181818183, "cnt": 11}, "GEOGRAFIE": {"medie": 7.751562500000001, "reusita": 100.0, "cnt": 32}, "FIZICA TEH": {"medie": 6.0, "reusita": 100.0, "cnt": 1}, "ANATOMIE SI FIZIOLOGIE UMANA, GENETICA SI ECOLOGIE UMANA": {"medie": 7.755357142857144, "reusita": 96.42857142857143, "cnt": 28}, "CHIMIE ANORGANICA TEH NIVEL I/II": {"medie": 5.158333333333333, "reusita": 50.0, "cnt": 6}, "FIZICA TEO": {"medie": 9.65, "reusita": 100.0, "cnt": 1}, "MATEMATICA ST-NAT": {"medie": 5.729411764705883, "reusita": 76.47058823529412, "cnt": 34}, "LOGICA, ARGUMENTARE SI COMUNICARE": {"medie": 7.025925925925925, "reusita": 96.42857142857143, "cnt": 28}, "PSIHOLOGIE": {"medie": 9.9, "reusita": 100.0, "cnt": 1}, "CHIMIE ANORGANICA TEO NIVEL I/II": {"medie": 6.33, "reusita": 86.66666666666667, "cnt": 15}}, "nume": "COLEGIUL TEHNIC DE CAI FERATE \"UNIREA\", PASCANI\tIa\u0219i"}