{"specializari": {"STIINTE ALE NATURII": 59, "FILOLOGIE": 30, "STIINTE SOCIALE": 30, "MATEMATICA-INFORMATICA": 57}, "limba_moderna": {"LIMBA ENGLEZA": 172, "LIMBA GERMANA MODERNA": 3, "LIMBA FRANCEZA": 1}, "limba_materna": {"LIMBA ROMANA": 176}, "promotie_anterioara": {"NU": 176}, "materii": {"LIMBA ROMANA": {"medie": 8.838352272727272, "reusita": 100.0, "cnt": 176}, "BIOLOGIE VEGETALA SI ANIMALA": {"medie": 9.366666666666667, "reusita": 100.0, "cnt": 6}, "GENERAL": {"medie": 9.02878787878788, "reusita": 100.0, "cnt": 176}, "MATEMATICA MATE-INFO": {"medie": 9.261403508771929, "reusita": 100.0, "cnt": 57}, "INFORMATICA MI C/C++": {"medie": 9.386538461538462, "reusita": 100.0, "cnt": 26}, "GEOGRAFIE": {"medie": 9.709999999999999, "reusita": 100.0, "cnt": 10}, "ANATOMIE SI FIZIOLOGIE UMANA, GENETICA SI ECOLOGIE UMANA": {"medie": 9.455696202531646, "reusita": 100.0, "cnt": 79}, "ISTORIE": {"medie": 8.985833333333334, "reusita": 100.0, "cnt": 60}, "FIZICA TEO": {"medie": 8.125, "reusita": 100.0, "cnt": 2}, "MATEMATICA ST-NAT": {"medie": 9.39237288135593, "reusita": 100.0, "cnt": 59}, "LOGICA, ARGUMENTARE SI COMUNICARE": {"medie": 9.85, "reusita": 100.0, "cnt": 4}, "SOCIOLOGIE": {"medie": 7.786363636363635, "reusita": 100.0, "cnt": 44}, "ECONOMIE": {"medie": 9.6, "reusita": 100.0, "cnt": 1}, "CHIMIE ORGANICA TEO NIVEL I/II": {"medie": 9.475000000000001, "reusita": 100.0, "cnt": 2}, "CHIMIE ANORGANICA TEO NIVEL I/II": {"medie": 9.7, "reusita": 100.0, "cnt": 1}, "FILOSOFIE": {"medie": 9.6, "reusita": 100.0, "cnt": 1}}, "nume": "COLEGIUL NATIONAL \"CONSTANTIN DIACONOVICI LOGA\" TIMISOARA\tTimi\u0219"}