{"specializari": {"TEHNICIAN IN INDUSTRIA TEXTILA": 21, "MATEMATICA-INFORMATICA": 25, "TEHNICIAN OPERATOR TEHNICA DE CALCUL": 35, "TEHNICIAN DESIGNER VESTIMENTAR": 1, "TEHNICIAN OPERATOR PROCESARE TEXT IMAGINE": 1}, "limba_moderna": {"LIMBA ENGLEZA": 65, "LIMBA GERMANA MODERNA": 16, "LIMBA FRANCEZA": 2}, "limba_materna": {"LIMBA ROMANA": 83}, "promotie_anterioara": {"NU": 75, "DA": 8}, "materii": {"LIMBA ROMANA": {"medie": 7.0113333333333365, "reusita": 75.90361445783132, "cnt": 83}, "MATEMATICA TEHN": {"medie": 5.312244897959185, "reusita": 56.896551724137936, "cnt": 58}, "BIOLOGIE VEGETALA SI ANIMALA": {"medie": 4.623404255319148, "reusita": 40.0, "cnt": 55}, "GENERAL": {"medie": 6.284684684684683, "reusita": 53.01204819277109, "cnt": 83}, "MATEMATICA MATE-INFO": {"medie": 7.177999999999998, "reusita": 96.0, "cnt": 25}, "INFORMATICA MI C/C++": {"medie": 6.3, "reusita": 100.0, "cnt": 1}, "FIZICA TEH": {"medie": 8.09, "reusita": 100.0, "cnt": 5}, "ANATOMIE SI FIZIOLOGIE UMANA, GENETICA SI ECOLOGIE UMANA": {"medie": 8.1875, "reusita": 100.0, "cnt": 12}, "FIZICA TEO": {"medie": 7.760000000000001, "reusita": 100.0, "cnt": 10}}, "nume": "COLEGIUL TEHNIC \"AUGUST TREBONIU LAURIAN\" AGNITA\tSibiu"}