{"specializari": {"INVATATOR - EDUCATOARE": 56, "MATEMATICA-INFORMATICA": 49, "STIINTE SOCIALE": 109, "FILOLOGIE": 26}, "limba_moderna": {"LIMBA ENGLEZA": 223, "LIMBA FRANCEZA": 17}, "limba_materna": {"LIMBA ROMANA": 240}, "promotie_anterioara": {"NU": 238, "DA": 2}, "materii": {"LIMBA ROMANA": {"medie": 8.168200836820088, "reusita": 99.58333333333333, "cnt": 240}, "GENERAL": {"medie": 8.547907949790792, "reusita": 98.75, "cnt": 240}, "MATEMATICA MATE-INFO": {"medie": 8.549999999999999, "reusita": 100.0, "cnt": 49}, "INFORMATICA MI C/C++": {"medie": 9.092499999999998, "reusita": 100.0, "cnt": 20}, "MATEMATICA PED": {"medie": 9.23909090909091, "reusita": 98.21428571428571, "cnt": 56}, "GEOGRAFIE": {"medie": 9.171212121212124, "reusita": 100.0, "cnt": 33}, "ANATOMIE SI FIZIOLOGIE UMANA, GENETICA SI ECOLOGIE UMANA": {"medie": 8.021739130434783, "reusita": 100.0, "cnt": 23}, "ISTORIE": {"medie": 8.415185185185186, "reusita": 100.0, "cnt": 135}, "FIZICA TEO": {"medie": 7.7, "reusita": 100.0, "cnt": 5}, "LOGICA, ARGUMENTARE SI COMUNICARE": {"medie": 8.923489932885904, "reusita": 98.66666666666667, "cnt": 150}, "SOCIOLOGIE": {"medie": 9.700000000000001, "reusita": 100.0, "cnt": 3}, "PSIHOLOGIE": {"medie": 8.766666666666667, "reusita": 100.0, "cnt": 3}, "ECONOMIE": {"medie": 6.5, "reusita": 100.0, "cnt": 1}, "CHIMIE ORGANICA TEO NIVEL I/II": {"medie": 5.3, "reusita": 100.0, "cnt": 1}, "FILOSOFIE": {"medie": 9.2, "reusita": 100.0, "cnt": 1}}, "nume": "COLEGIUL NATIONAL \"MIHAI EMINESCU\" SUCEAVA\tSuceava"}