{"specializari": {"MATEMATICA-INFORMATICA": 103}, "limba_moderna": {"LIMBA ENGLEZA": 101, "LIMBA FRANCEZA": 2}, "limba_materna": {"LIMBA ROMANA": 103}, "promotie_anterioara": {"NU": 103}, "materii": {"LIMBA ROMANA": {"medie": 8.73543689320388, "reusita": 100.0, "cnt": 103}, "BIOLOGIE VEGETALA SI ANIMALA": {"medie": 9.083333333333332, "reusita": 100.0, "cnt": 12}, "GENERAL": {"medie": 9.079611650485434, "reusita": 100.0, "cnt": 103}, "MATEMATICA MATE-INFO": {"medie": 9.519902912621356, "reusita": 100.0, "cnt": 103}, "INFORMATICA MI C/C++": {"medie": 7.8, "reusita": 100.0, "cnt": 2}, "FIZICA TEO": {"medie": 8.9843023255814, "reusita": 100.0, "cnt": 86}, "CHIMIE ORGANICA TEO NIVEL I/II": {"medie": 9.35, "reusita": 100.0, "cnt": 3}}, "nume": "COLEGIUL NATIONAL MILITAR \"MIHAI VITEAZUL\" ALBA IULIA\tAlba"}