{"specializari": {"TEHNICIAN IN ACTIVITATI DE COMERT": 1, "FILOLOGIE": 15, "TEHNICIAN IN ACTIVITATI ECONOMICE": 12}, "limba_moderna": {"LIMBA ENGLEZA": 27, "LIMBA FRANCEZA": 1}, "limba_materna": {"LIMBA ROMANA": 28}, "promotie_anterioara": {"DA": 12, "NU": 16}, "materii": {"LIMBA ROMANA": {"medie": 5.610416666666666, "reusita": 78.57142857142857, "cnt": 28}, "MATEMATICA TEHN": {"medie": 5.070833333333333, "reusita": 69.23076923076923, "cnt": 13}, "GENERAL": {"medie": 5.961904761904762, "reusita": 39.285714285714285, "cnt": 28}, "GEOGRAFIE": {"medie": 6.8725000000000005, "reusita": 72.0, "cnt": 25}, "ISTORIE": {"medie": 5.899999999999999, "reusita": 66.66666666666666, "cnt": 15}, "SOCIOLOGIE": {"medie": 5.7, "reusita": 100.0, "cnt": 1}, "FILOSOFIE": {"medie": 6.05, "reusita": 100.0, "cnt": 2}}, "nume": "COLEGIUL PARTICULAR \"VASILE GOLDIS\" ARAD\tArad"}