{"specializari": {"STIINTE ALE NATURII": 33, "FILOLOGIE": 30, "MATEMATICA-INFORMATICA": 97, "STIINTE SOCIALE": 62}, "limba_moderna": {"LIMBA ENGLEZA": 196, "LIMBA FRANCEZA": 26}, "limba_materna": {"LIMBA ROMANA": 222}, "promotie_anterioara": {"NU": 217, "DA": 5}, "materii": {"LIMBA ROMANA": {"medie": 8.344570135746606, "reusita": 99.54954954954955, "cnt": 222}, "BIOLOGIE VEGETALA SI ANIMALA": {"medie": 7.900000000000002, "reusita": 96.0, "cnt": 25}, "GENERAL": {"medie": 8.552865761689292, "reusita": 97.74774774774775, "cnt": 222}, "MATEMATICA MATE-INFO": {"medie": 8.728125, "reusita": 97.9381443298969, "cnt": 97}, "INFORMATICA MI C/C++": {"medie": 8.755172413793103, "reusita": 100.0, "cnt": 29}, "GEOGRAFIE": {"medie": 9.299999999999999, "reusita": 100.0, "cnt": 3}, "ANATOMIE SI FIZIOLOGIE UMANA, GENETICA SI ECOLOGIE UMANA": {"medie": 9.307142857142855, "reusita": 100.0, "cnt": 7}, "ISTORIE": {"medie": 8.423369565217389, "reusita": 100.0, "cnt": 92}, "FIZICA TEO": {"medie": 8.334146341463414, "reusita": 100.0, "cnt": 41}, "MATEMATICA ST-NAT": {"medie": 9.392424242424244, "reusita": 100.0, "cnt": 33}, "LOGICA, ARGUMENTARE SI COMUNICARE": {"medie": 8.894871794871797, "reusita": 100.0, "cnt": 78}, "PSIHOLOGIE": {"medie": 8.65, "reusita": 100.0, "cnt": 2}, "ECONOMIE": {"medie": 8.1125, "reusita": 100.0, "cnt": 8}, "CHIMIE ORGANICA TEO NIVEL I/II": {"medie": 8.8225, "reusita": 100.0, "cnt": 20}, "CHIMIE ANORGANICA TEO NIVEL I/II": {"medie": 7.942857142857142, "reusita": 87.5, "cnt": 8}, "FILOSOFIE": {"medie": 9.4, "reusita": 100.0, "cnt": 1}}, "nume": "COLEGIUL NATIONAL \"NICHITA STANESCU\", MUNICIPIUL PLOIESTI\tPrahova"}