{"specializari": {"MATEMATICA-INFORMATICA": 60, "FILOLOGIE": 30, "STIINTE ALE NATURII": 27, "STIINTE SOCIALE": 62}, "limba_moderna": {"LIMBA ENGLEZA": 158, "LIMBA FRANCEZA": 21}, "limba_materna": {"LIMBA ROMANA": 179}, "promotie_anterioara": {"NU": 179}, "materii": {"LIMBA ROMANA": {"medie": 8.745251396648051, "reusita": 100.0, "cnt": 179}, "BIOLOGIE VEGETALA SI ANIMALA": {"medie": 8.870000000000001, "reusita": 100.0, "cnt": 5}, "GENERAL": {"medie": 8.896461824953448, "reusita": 99.4413407821229, "cnt": 179}, "MATEMATICA MATE-INFO": {"medie": 9.21166666666667, "reusita": 100.0, "cnt": 60}, "INFORMATICA MI C/C++": {"medie": 9.279166666666667, "reusita": 100.0, "cnt": 12}, "INFORMATICA MI PASCAL": {"medie": 9.41, "reusita": 100.0, "cnt": 10}, "GEOGRAFIE": {"medie": 9.283333333333333, "reusita": 100.0, "cnt": 3}, "ANATOMIE SI FIZIOLOGIE UMANA, GENETICA SI ECOLOGIE UMANA": {"medie": 8.719565217391304, "reusita": 100.0, "cnt": 23}, "ISTORIE": {"medie": 8.588586956521736, "reusita": 100.0, "cnt": 92}, "FIZICA TEO": {"medie": 9.060526315789474, "reusita": 100.0, "cnt": 19}, "MATEMATICA ST-NAT": {"medie": 9.475925925925928, "reusita": 100.0, "cnt": 27}, "LOGICA, ARGUMENTARE SI COMUNICARE": {"medie": 8.858928571428574, "reusita": 98.80952380952381, "cnt": 84}, "PSIHOLOGIE": {"medie": 9.649999999999999, "reusita": 100.0, "cnt": 4}, "ECONOMIE": {"medie": 9.7, "reusita": 100.0, "cnt": 1}, "CHIMIE ORGANICA TEO NIVEL I/II": {"medie": 9.472222222222221, "reusita": 100.0, "cnt": 18}}, "nume": "COLEGIUL NATIONAL \"NICOLAE GRIGORESCU\", MUNICIPIUL CAMPINA\tPrahova"}