{"specializari": {"TEHNICIAN IN TURISM": 54, "TEHNICIAN IN ACTIVITATI ECONOMICE": 26, "TEHNICIAN IN ACTIVITATI DE COMERT": 17, "ORGANIZATOR BANQUETING": 1}, "limba_moderna": {"LIMBA ENGLEZA": 98}, "limba_materna": {"LIMBA ROMANA": 98}, "promotie_anterioara": {"NU": 78, "DA": 20}, "materii": {"LIMBA ROMANA": {"medie": 7.152577319587626, "reusita": 96.93877551020408, "cnt": 98}, "MATEMATICA TEHN": {"medie": 7.188541666666667, "reusita": 85.71428571428571, "cnt": 98}, "GENERAL": {"medie": 7.221578947368424, "reusita": 77.55102040816327, "cnt": 98}, "GEOGRAFIE": {"medie": 7.127717391304345, "reusita": 90.32258064516128, "cnt": 93}, "PSIHOLOGIE": {"medie": 9.5, "reusita": 100.0, "cnt": 4}, "ECONOMIE": {"medie": "-", "reusita": 0.0, "cnt": 1}}, "nume": "COLEGIUL ECONOMIC \"EMANUIL GOJDU\" HUNEDOARA\tHunedoara"}