{"specializari": {"TEHNICIAN IN AGRICULTURA ECOLOGICA": 6, "TEHNICIAN ANALIZE PRODUSE ALIMENTARE": 10, "TEHNICIAN IN ACTIVITATI ECONOMICE": 25, "TEHNICIAN ECOLOG SI PROTECTIA CALITATII MEDIULUI": 10, "TEHNICIAN IN ACHIZITII SI CONTRACTARI": 2, "TEHNICIAN IN INDUSTRIA ALIMENTARA": 1}, "limba_moderna": {"LIMBA ENGLEZA": 41, "LIMBA FRANCEZA": 13}, "limba_materna": {"LIMBA ROMANA": 54}, "promotie_anterioara": {"NU": 43, "DA": 11}, "materii": {"LIMBA ROMANA": {"medie": 6.27549019607843, "reusita": 83.33333333333334, "cnt": 54}, "MATEMATICA TEHN": {"medie": 6.526923076923075, "reusita": 83.33333333333334, "cnt": 54}, "GENERAL": {"medie": 6.567361111111108, "reusita": 64.81481481481481, "cnt": 54}, "GEOGRAFIE": {"medie": 6.493999999999999, "reusita": 88.88888888888889, "cnt": 27}, "ANATOMIE SI FIZIOLOGIE UMANA, GENETICA SI ECOLOGIE UMANA": {"medie": 7.17608695652174, "reusita": 88.0, "cnt": 25}, "CHIMIE ANORGANICA TEH NIVEL I/II": {"medie": 5.2, "reusita": 100.0, "cnt": 1}, "CHIMIE ORGANICA TEH NIVEL I/II": {"medie": 8.85, "reusita": 100.0, "cnt": 1}}, "nume": "COLEGIUL AGRICOL SI DE INDUSTRIE ALIMENTARA \"VASILE ADAMACHI\", IASI\tIa\u0219i"}