{"specializari": {"FILOLOGIE": 67, "MATEMATICA-INFORMATICA": 92, "STIINTE ALE NATURII": 72, "STIINTE SOCIALE": 42}, "limba_moderna": {"LIMBA ENGLEZA": 250, "LIMBA GERMANA MODERNA": 2, "LIMBA SPANIOLA": 1, "LIMBA FRANCEZA": 20}, "limba_materna": {"LIMBA ROMANA": 273}, "promotie_anterioara": {"NU": 268, "DA": 5}, "materii": {"LIMBA ROMANA": {"medie": 8.526373626373626, "reusita": 99.63369963369964, "cnt": 273}, "BIOLOGIE VEGETALA SI ANIMALA": {"medie": 8.688888888888888, "reusita": 100.0, "cnt": 36}, "GENERAL": {"medie": 8.753418803418798, "reusita": 97.06959706959707, "cnt": 273}, "MATEMATICA MATE-INFO": {"medie": 8.991304347826087, "reusita": 98.91304347826086, "cnt": 92}, "INFORMATICA MI C/C++": {"medie": 8.284782608695652, "reusita": 95.65217391304348, "cnt": 23}, "GEOGRAFIE": {"medie": 8.9625, "reusita": 100.0, "cnt": 24}, "ANATOMIE SI FIZIOLOGIE UMANA, GENETICA SI ECOLOGIE UMANA": {"medie": 8.8275, "reusita": 100.0, "cnt": 20}, "ISTORIE": {"medie": 8.84678899082569, "reusita": 100.0, "cnt": 109}, "FIZICA TEO": {"medie": 8.703846153846154, "reusita": 100.0, "cnt": 52}, "MATEMATICA ST-NAT": {"medie": 9.21111111111111, "reusita": 98.61111111111111, "cnt": 72}, "LOGICA, ARGUMENTARE SI COMUNICARE": {"medie": 8.96216216216216, "reusita": 100.0, "cnt": 37}, "SOCIOLOGIE": {"medie": 9.072222222222221, "reusita": 100.0, "cnt": 18}, "PSIHOLOGIE": {"medie": 8.840909090909092, "reusita": 100.0, "cnt": 11}, "ECONOMIE": {"medie": 8.184210526315791, "reusita": 89.47368421052632, "cnt": 19}, "CHIMIE ORGANICA TEO NIVEL I/II": {"medie": 8.896774193548385, "reusita": 100.0, "cnt": 31}, "CHIMIE ANORGANICA TEO NIVEL I/II": {"medie": 7.800000000000001, "reusita": 100.0, "cnt": 2}}, "nume": "COLEGIUL NATIONAL \"SPIRU HARET\"\tBucure\u0219ti"}