{"specializari": {"ARTE PLASTICE SI DECORATIVE": 33, "ARHITECTURA, ARTE AMBIENTALE SI DESIGN": 23, "MUZICA": 33, "ARTA ACTORULUI": 32}, "limba_moderna": {"LIMBA ENGLEZA": 121}, "limba_materna": {"LIMBA ROMANA": 121}, "promotie_anterioara": {"NU": 104, "DA": 17}, "materii": {"LIMBA ROMANA": {"medie": 6.56359649122807, "reusita": 83.47107438016529, "cnt": 121}, "GENERAL": {"medie": 6.974922118380061, "reusita": 63.63636363636363, "cnt": 121}, "GEOGRAFIE": {"medie": 7.444660194174757, "reusita": 87.61061946902655, "cnt": 113}, "ISTORIE": {"medie": 6.583185840707967, "reusita": 85.12396694214877, "cnt": 121}, "PSIHOLOGIE": {"medie": 8.27142857142857, "reusita": 87.5, "cnt": 8}}, "nume": "COLEGIUL DE ARTE \"SABIN DRAGOI\" ARAD\tArad"}