{"specializari": {"TEHNICIAN IN ACTIVITATI ECONOMICE": 33, "FILOLOGIE": 30, "TEHNICIAN PROIECTANT CAD": 12, "TEHNICIAN ELECTROTEHNIST": 17, "TEHNICIAN IN ACTIVITATI DE COMERT": 26, "STIINTE ALE NATURII": 23, "TEHNICIAN TRANSPORTURI": 5, "TEHNICIAN IN TURISM": 2, "TEHNICIAN IN AUTOMATIZARI": 2, "MATEMATICA-INFORMATICA": 2}, "limba_moderna": {"LIMBA ENGLEZA": 152}, "limba_materna": {"LIMBA ROMANA": 152}, "promotie_anterioara": {"NU": 121, "DA": 31}, "materii": {"LIMBA ROMANA": {"medie": 6.097333333333337, "reusita": 77.63157894736842, "cnt": 152}, "MATEMATICA TEHN": {"medie": 5.825000000000002, "reusita": 69.0721649484536, "cnt": 97}, "BIOLOGIE VEGETALA SI ANIMALA": {"medie": 3.9303030303030297, "reusita": 29.72972972972973, "cnt": 37}, "GENERAL": {"medie": 6.302913752913754, "reusita": 52.63157894736842, "cnt": 152}, "MATEMATICA MATE-INFO": {"medie": 5.45, "reusita": 100.0, "cnt": 2}, "GEOGRAFIE": {"medie": 7.309444444444441, "reusita": 90.10989010989012, "cnt": 91}, "FIZICA TEH": {"medie": 2.05, "reusita": 0.0, "cnt": 2}, "ANATOMIE SI FIZIOLOGIE UMANA, GENETICA SI ECOLOGIE UMANA": {"medie": 7.065625, "reusita": 73.68421052631578, "cnt": 19}, "CHIMIE ANORGANICA TEH NIVEL I/II": {"medie": 3.1, "reusita": 0.0, "cnt": 1}, "ISTORIE": {"medie": 7.233333333333333, "reusita": 100.0, "cnt": 30}, "FIZICA TEO": {"medie": 8.8, "reusita": 100.0, "cnt": 1}, "MATEMATICA ST-NAT": {"medie": 6.826190476190478, "reusita": 69.56521739130434, "cnt": 23}, "CHIMIE ANORGANICA TEO NIVEL I/II": {"medie": 9.0, "reusita": 100.0, "cnt": 1}}, "nume": "COLEGIUL TEHNIC \"ALEXANDRU ROMAN\" ALESD\tBihor"}