{"specializari": {"STIINTE SOCIALE": 62, "STIINTE ALE NATURII": 45, "MATEMATICA-INFORMATICA": 21, "FILOLOGIE": 29}, "limba_moderna": {"LIMBA ENGLEZA": 154, "LIMBA FRANCEZA": 3}, "limba_materna": {"LIMBA ROMANA": 157}, "promotie_anterioara": {"NU": 153, "DA": 4}, "materii": {"LIMBA ROMANA": {"medie": 7.741025641025646, "reusita": 98.72611464968153, "cnt": 157}, "BIOLOGIE VEGETALA SI ANIMALA": {"medie": 9.0, "reusita": 100.0, "cnt": 1}, "GENERAL": {"medie": 7.98685897435897, "reusita": 94.90445859872611, "cnt": 157}, "MATEMATICA MATE-INFO": {"medie": 7.859523809523812, "reusita": 100.0, "cnt": 21}, "INFORMATICA MI C/C++": {"medie": 6.584999999999999, "reusita": 100.0, "cnt": 10}, "GEOGRAFIE": {"medie": 8.660204081632651, "reusita": 98.0, "cnt": 50}, "ANATOMIE SI FIZIOLOGIE UMANA, GENETICA SI ECOLOGIE UMANA": {"medie": 7.6284090909090905, "reusita": 97.72727272727273, "cnt": 44}, "ISTORIE": {"medie": 7.8199999999999985, "reusita": 98.9010989010989, "cnt": 91}, "FIZICA TEO": {"medie": 5.4, "reusita": 100.0, "cnt": 1}, "MATEMATICA ST-NAT": {"medie": 8.272222222222222, "reusita": 100.0, "cnt": 45}, "LOGICA, ARGUMENTARE SI COMUNICARE": {"medie": 8.72258064516129, "reusita": 100.0, "cnt": 31}, "SOCIOLOGIE": {"medie": 8.6125, "reusita": 100.0, "cnt": 8}, "PSIHOLOGIE": {"medie": 8.45, "reusita": 100.0, "cnt": 2}, "CHIMIE ANORGANICA TEO NIVEL I/II": {"medie": 9.27, "reusita": 100.0, "cnt": 10}}, "nume": "COLEGIUL \"MIHAI EMINESCU\" BACAU\tBac\u0103u"}