{"specializari": {"MATEMATICA-INFORMATICA": 111}, "limba_moderna": {"LIMBA ENGLEZA": 111}, "limba_materna": {"LIMBA ROMANA": 111}, "promotie_anterioara": {"NU": 111}, "materii": {"LIMBA ROMANA": {"medie": 8.51711711711712, "reusita": 100.0, "cnt": 111}, "BIOLOGIE VEGETALA SI ANIMALA": {"medie": 8.372727272727273, "reusita": 100.0, "cnt": 33}, "GENERAL": {"medie": 8.92787878787879, "reusita": 99.09909909909909, "cnt": 111}, "MATEMATICA MATE-INFO": {"medie": 9.56863636363636, "reusita": 99.09909909909909, "cnt": 111}, "INFORMATICA MI C/C++": {"medie": 9.299999999999999, "reusita": 100.0, "cnt": 3}, "FIZICA TEO": {"medie": 8.817361111111113, "reusita": 98.63013698630137, "cnt": 73}, "CHIMIE ORGANICA TEO NIVEL I/II": {"medie": 8.5, "reusita": 100.0, "cnt": 1}, "CHIMIE ANORGANICA TEO NIVEL I/II": {"medie": 9.2, "reusita": 100.0, "cnt": 1}}, "nume": "COLEGIUL NATIONAL MILITAR \"DIMITRIE CANTEMIR\" BREAZA\tPrahova"}