{"specializari": {"ARTE PLASTICE SI DECORATIVE": 34, "ARHITECTURA, ARTE AMBIENTALE SI DESIGN": 30, "MUZICA": 24}, "limba_moderna": {"LIMBA ENGLEZA": 87, "LIMBA FRANCEZA": 1}, "limba_materna": {"LIMBA ROMANA": 88}, "promotie_anterioara": {"NU": 84, "DA": 4}, "materii": {"LIMBA ROMANA": {"medie": 8.071590909090903, "reusita": 98.86363636363636, "cnt": 88}, "GENERAL": {"medie": 8.061553030303033, "reusita": 94.31818181818183, "cnt": 88}, "GEOGRAFIE": {"medie": 8.520454545454545, "reusita": 100.0, "cnt": 22}, "ISTORIE": {"medie": 7.57159090909091, "reusita": 100.0, "cnt": 88}, "LOGICA, ARGUMENTARE SI COMUNICARE": {"medie": 8.535384615384618, "reusita": 100.0, "cnt": 65}, "ECONOMIE": {"medie": 9.4, "reusita": 100.0, "cnt": 1}}, "nume": "COLEGIUL DE ARTA \"CARMEN SYLVA\", MUNICIPIUL PLOIESTI\tPrahova"}