{"specializari": {"TEHNICIAN IN INDUSTRIA ALIMENTARA": 29, "TEHNICIAN ANALIZE PRODUSE ALIMENTARE": 49, "TEHNICIAN ELECTROMECANIC": 8}, "limba_moderna": {"LIMBA ENGLEZA": 84, "LIMBA FRANCEZA": 2}, "limba_materna": {"LIMBA ROMANA": 86}, "promotie_anterioara": {"DA": 56, "NU": 30}, "materii": {"LIMBA ROMANA": {"medie": 5.06470588235294, "reusita": 69.76744186046511, "cnt": 86}, "MATEMATICA TEHN": {"medie": 4.569879518072288, "reusita": 59.30232558139535, "cnt": 86}, "BIOLOGIE VEGETALA SI ANIMALA": {"medie": 5.394642857142857, "reusita": 68.75, "cnt": 32}, "GENERAL": {"medie": 4.836888888888889, "reusita": 18.6046511627907, "cnt": 86}, "FIZICA TEH": {"medie": 5.0, "reusita": 100.0, "cnt": 1}, "ANATOMIE SI FIZIOLOGIE UMANA, GENETICA SI ECOLOGIE UMANA": {"medie": 4.61875, "reusita": 44.230769230769226, "cnt": 52}, "CHIMIE ORGANICA TEH NIVEL I/II": {"medie": 5.0, "reusita": 100.0, "cnt": 1}}, "nume": "COLEGIUL TEHNIC DE INDUSTRIE ALIMENTARA \"DUMITRU MOTOC\"\tBucure\u0219ti"}