{"specializari": {"STIINTE ALE NATURII": 32, "MATEMATICA-INFORMATICA": 91, "FILOLOGIE": 30, "STIINTE SOCIALE": 28}, "limba_moderna": {"LIMBA ENGLEZA": 174, "LIMBA FRANCEZA": 7}, "limba_materna": {"LIMBA ROMANA": 181}, "promotie_anterioara": {"NU": 179, "DA": 2}, "materii": {"LIMBA ROMANA": {"medie": 8.541160220994477, "reusita": 100.0, "cnt": 181}, "GENERAL": {"medie": 8.718324125230206, "reusita": 98.89502762430939, "cnt": 181}, "MATEMATICA MATE-INFO": {"medie": 8.779120879120878, "reusita": 100.0, "cnt": 91}, "INFORMATICA MI C/C++": {"medie": 9.106451612903228, "reusita": 100.0, "cnt": 31}, "GEOGRAFIE": {"medie": 9.64, "reusita": 100.0, "cnt": 5}, "ANATOMIE SI FIZIOLOGIE UMANA, GENETICA SI ECOLOGIE UMANA": {"medie": 8.727906976744187, "reusita": 100.0, "cnt": 43}, "ISTORIE": {"medie": 8.835344827586209, "reusita": 100.0, "cnt": 58}, "FIZICA TEO": {"medie": 8.690476190476188, "reusita": 100.0, "cnt": 21}, "MATEMATICA ST-NAT": {"medie": 8.9765625, "reusita": 100.0, "cnt": 32}, "LOGICA, ARGUMENTARE SI COMUNICARE": {"medie": 8.885135135135135, "reusita": 100.0, "cnt": 37}, "SOCIOLOGIE": {"medie": 8.9, "reusita": 100.0, "cnt": 7}, "PSIHOLOGIE": {"medie": 8.875, "reusita": 100.0, "cnt": 4}, "ECONOMIE": {"medie": 5.866666666666667, "reusita": 66.66666666666666, "cnt": 3}, "CHIMIE ORGANICA TEO NIVEL I/II": {"medie": 8.599999999999998, "reusita": 100.0, "cnt": 26}, "CHIMIE ANORGANICA TEO NIVEL I/II": {"medie": 8.25, "reusita": 100.0, "cnt": 2}, "FILOSOFIE": {"medie": 8.475, "reusita": 100.0, "cnt": 2}}, "nume": "COLEGIUL NATIONAL \"MIHAIL KOGALNICEANU\", LOCALITATEA GALATI\tGala\u021bi"}