{"specializari": {"TEHNICIAN ECOLOG SI PROTECTIA CALITATII MEDIULUI": 20, "TEHNICIAN DESIGNER VESTIMENTAR": 14, "TEHNICIAN IN TURISM": 20, "TEHNICIAN IN ACTIVITATI ECONOMICE": 25, "TEHNICIAN IN INSTALATII ELECTRICE": 8, "TEHNICIAN MECANIC PENTRU INTRETINERE SI REPARATII": 5, "TEHNICIAN OPERATOR TEHNICA DE CALCUL": 17, "TEHNICIAN TRANSPORTURI": 6, "TEHNICIAN IN INDUSTRIA TEXTILA": 2, "TEHNICIAN MECATRONIST": 2}, "limba_moderna": {"LIMBA ENGLEZA": 117, "LIMBA FRANCEZA": 2}, "limba_materna": {"LIMBA ROMANA": 119}, "promotie_anterioara": {"NU": 86, "DA": 33}, "materii": {"LIMBA ROMANA": {"medie": 6.156465517241379, "reusita": 85.71428571428571, "cnt": 119}, "MATEMATICA TEHN": {"medie": 6.760619469026551, "reusita": 85.71428571428571, "cnt": 119}, "BIOLOGIE VEGETALA SI ANIMALA": {"medie": 4.829411764705882, "reusita": 45.94594594594595, "cnt": 37}, "GENERAL": {"medie": 6.57272727272727, "reusita": 61.34453781512605, "cnt": 119}, "GEOGRAFIE": {"medie": 7.718181818181817, "reusita": 97.05882352941177, "cnt": 34}, "FIZICA TEH": {"medie": 5.363636363636364, "reusita": 72.72727272727273, "cnt": 11}, "ANATOMIE SI FIZIOLOGIE UMANA, GENETICA SI ECOLOGIE UMANA": {"medie": 7.968750000000002, "reusita": 100.0, "cnt": 16}, "CHIMIE ANORGANICA TEH NIVEL I/II": {"medie": 5.870000000000001, "reusita": 90.0, "cnt": 10}, "LOGICA, ARGUMENTARE SI COMUNICARE": {"medie": 8.23, "reusita": 90.9090909090909, "cnt": 11}}, "nume": "COLEGIUL TEHNIC \"GRIGORE COBALCESCU\" MOINESTI\tBac\u0103u"}