{"specializari": {"FILOLOGIE": 61, "STIINTE ALE NATURII": 45, "MATEMATICA-INFORMATICA": 19, "STIINTE SOCIALE": 30, "TEOLOGIE GRECO-CATOLICA": 2}, "limba_moderna": {"LIMBA ENGLEZA": 150, "LIMBA FRANCEZA": 7}, "limba_materna": {"LIMBA ROMANA": 157}, "promotie_anterioara": {"DA": 10, "NU": 147}, "materii": {"LIMBA ROMANA": {"medie": 7.659872611464965, "reusita": 100.0, "cnt": 157}, "BIOLOGIE VEGETALA SI ANIMALA": {"medie": 7.363888888888888, "reusita": 94.44444444444444, "cnt": 18}, "GENERAL": {"medie": 7.863800424628448, "reusita": 94.26751592356688, "cnt": 157}, "MATEMATICA MATE-INFO": {"medie": 6.407894736842105, "reusita": 94.73684210526315, "cnt": 19}, "INFORMATICA MI C/C++": {"medie": 6.618181818181818, "reusita": 100.0, "cnt": 11}, "GEOGRAFIE": {"medie": 8.020348837209303, "reusita": 97.67441860465115, "cnt": 86}, "ANATOMIE SI FIZIOLOGIE UMANA, GENETICA SI ECOLOGIE UMANA": {"medie": 8.12758620689655, "reusita": 100.0, "cnt": 29}, "ISTORIE": {"medie": 8.408602150537634, "reusita": 100.0, "cnt": 93}, "MATEMATICA ST-NAT": {"medie": 7.904444444444445, "reusita": 100.0, "cnt": 45}, "PSIHOLOGIE": {"medie": 7.885714285714286, "reusita": 100.0, "cnt": 7}, "CHIMIE ORGANICA TEO NIVEL I/II": {"medie": 9.3, "reusita": 100.0, "cnt": 6}}, "nume": "COLEGIUL NATIONAL \"DOAMNA STANCA\" SATU MARE\tSatu-Mare"}