{"specializari": {"MATEMATICA-INFORMATICA": 26, "STIINTE ALE NATURII": 75, "FILOLOGIE": 40, "TEHNICIAN IN ACTIVITATI ECONOMICE": 31, "STIINTE SOCIALE": 40}, "limba_moderna": {"LIMBA ENGLEZA": 186, "LIMBA FRANCEZA": 26}, "limba_materna": {"LIMBA ROMANA": 178, "LIMBA MAGHIARA": 34}, "promotie_anterioara": {"NU": 209, "DA": 3}, "materii": {"LIMBA ROMANA": {"medie": 8.27392344497607, "reusita": 96.22641509433963, "cnt": 212}, "MATEMATICA TEHN": {"medie": 8.59354838709677, "reusita": 100.0, "cnt": 31}, "BIOLOGIE VEGETALA SI ANIMALA": {"medie": 9.4, "reusita": 100.0, "cnt": 1}, "GENERAL": {"medie": 8.622567783094098, "reusita": 94.81132075471697, "cnt": 212}, "MATEMATICA MATE-INFO": {"medie": 8.375, "reusita": 96.15384615384616, "cnt": 26}, "INFORMATICA MI C/C++": {"medie": 8.15, "reusita": 100.0, "cnt": 7}, "GEOGRAFIE": {"medie": 8.448148148148148, "reusita": 98.78048780487805, "cnt": 82}, "ANATOMIE SI FIZIOLOGIE UMANA, GENETICA SI ECOLOGIE UMANA": {"medie": 8.905737704918034, "reusita": 100.0, "cnt": 61}, "ISTORIE": {"medie": 8.401265822784811, "reusita": 98.75, "cnt": 80}, "FIZICA TEO": {"medie": 8.391666666666666, "reusita": 100.0, "cnt": 6}, "MATEMATICA ST-NAT": {"medie": 9.251333333333335, "reusita": 100.0, "cnt": 75}, "LOGICA, ARGUMENTARE SI COMUNICARE": {"medie": 9.467241379310348, "reusita": 100.0, "cnt": 29}, "LIMBA MAGHIARA (REAL)": {"medie": 8.4125, "reusita": 100.0, "cnt": 16}, "CHIMIE ORGANICA TEO NIVEL I/II": {"medie": 9.27142857142857, "reusita": 100.0, "cnt": 21}, "CHIMIE ANORGANICA TEO NIVEL I/II": {"medie": 8.1375, "reusita": 100.0, "cnt": 4}, "LIMBA MAGHIARA (UMAN)": {"medie": 6.9529411764705875, "reusita": 94.44444444444444, "cnt": 18}, "INFORMATICA SN C/C++": {"medie": 9.0, "reusita": 100.0, "cnt": 1}}, "nume": "COLEGIUL NATIONAL \"ANDREI MURESANU\" BISTRITA\tBistri\u021ba-N\u0103s\u0103ud"}