{"specializari": {"STIINTE ALE NATURII": 39, "MATEMATICA-INFORMATICA": 25, "FILOLOGIE": 43, "INVATATOR - EDUCATOARE": 29}, "limba_moderna": {"LIMBA ENGLEZA": 124, "LIMBA GERMANA MODERNA": 6, "LIMBA FRANCEZA": 6}, "limba_materna": {"LIMBA ROMANA": 135, "LIMBA GERMANA": 1}, "promotie_anterioara": {"NU": 124, "DA": 12}, "materii": {"LIMBA ROMANA": {"medie": 6.9255639097744375, "reusita": 94.85294117647058, "cnt": 136}, "BIOLOGIE VEGETALA SI ANIMALA": {"medie": 7.7125, "reusita": 66.66666666666666, "cnt": 6}, "GENERAL": {"medie": 7.50674300254453, "reusita": 83.82352941176471, "cnt": 136}, "MATEMATICA MATE-INFO": {"medie": 7.49090909090909, "reusita": 80.0, "cnt": 25}, "INFORMATICA MI C/C++": {"medie": 7.475, "reusita": 90.9090909090909, "cnt": 11}, "MATEMATICA PED": {"medie": 8.244827586206897, "reusita": 96.55172413793103, "cnt": 29}, "GEOGRAFIE": {"medie": 9.333333333333334, "reusita": 100.0, "cnt": 3}, "ANATOMIE SI FIZIOLOGIE UMANA, GENETICA SI ECOLOGIE UMANA": {"medie": 7.364285714285715, "reusita": 95.23809523809523, "cnt": 42}, "ISTORIE": {"medie": 7.676190476190475, "reusita": 97.67441860465115, "cnt": 43}, "FIZICA TEO": {"medie": 8.1, "reusita": 100.0, "cnt": 2}, "MATEMATICA ST-NAT": {"medie": 6.714102564102565, "reusita": 76.92307692307693, "cnt": 39}, "LOGICA, ARGUMENTARE SI COMUNICARE": {"medie": 8.552941176470586, "reusita": 97.10144927536231, "cnt": 69}, "LIMBA GERMANA": {"medie": "-", "reusita": 0.0, "cnt": 1}, "INFORMATICA SN C/C++": {"medie": 8.683333333333332, "reusita": 100.0, "cnt": 3}}, "nume": "COLEGIUL NATIONAL \"C.D. LOGA\" CARANSEBES\tCara\u0219-Severin"}