{"specializari": {"MATEMATICA-INFORMATICA": 152, "FILOLOGIE": 32}, "limba_moderna": {"LIMBA ENGLEZA": 181, "LIMBA FRANCEZA": 2, "LIMBA GERMANA MODERNA": 1}, "limba_materna": {"LIMBA ROMANA": 184}, "promotie_anterioara": {"NU": 183, "DA": 1}, "materii": {"LIMBA ROMANA": {"medie": 8.584699453551915, "reusita": 99.45652173913044, "cnt": 184}, "BIOLOGIE VEGETALA SI ANIMALA": {"medie": 8.81590909090909, "reusita": 100.0, "cnt": 22}, "GENERAL": {"medie": 8.844171220400726, "reusita": 99.45652173913044, "cnt": 184}, "MATEMATICA MATE-INFO": {"medie": 9.191447368421048, "reusita": 100.0, "cnt": 152}, "INFORMATICA MI C/C++": {"medie": 8.687234042553191, "reusita": 100.0, "cnt": 47}, "INFORMATICA MI PASCAL": {"medie": 9.06875, "reusita": 100.0, "cnt": 16}, "GEOGRAFIE": {"medie": 9.625, "reusita": 100.0, "cnt": 16}, "ANATOMIE SI FIZIOLOGIE UMANA, GENETICA SI ECOLOGIE UMANA": {"medie": 9.275, "reusita": 100.0, "cnt": 10}, "ISTORIE": {"medie": 8.34032258064516, "reusita": 96.875, "cnt": 32}, "FIZICA TEO": {"medie": 8.822340425531912, "reusita": 100.0, "cnt": 47}, "LOGICA, ARGUMENTARE SI COMUNICARE": {"medie": 8.85, "reusita": 100.0, "cnt": 3}, "SOCIOLOGIE": {"medie": 8.6, "reusita": 100.0, "cnt": 7}, "PSIHOLOGIE": {"medie": 9.483333333333333, "reusita": 100.0, "cnt": 3}, "ECONOMIE": {"medie": 8.7, "reusita": 100.0, "cnt": 3}, "CHIMIE ORGANICA TEO NIVEL I/II": {"medie": 8.825, "reusita": 100.0, "cnt": 10}}, "nume": "COLEGIUL NATIONAL \"GRIGORE MOISIL\"\tBucure\u0219ti"}