{"specializari": {"STIINTE ALE NATURII": 61, "MATEMATICA-INFORMATICA": 28, "FILOLOGIE": 26}, "limba_moderna": {"LIMBA ENGLEZA": 114, "LIMBA SPANIOLA": 1}, "limba_materna": {"LIMBA GERMANA": 115}, "promotie_anterioara": {"NU": 114, "DA": 1}, "materii": {"LIMBA ROMANA": {"medie": 9.033478260869565, "reusita": 100.0, "cnt": 115}, "BIOLOGIE VEGETALA SI ANIMALA": {"medie": 9.16, "reusita": 100.0, "cnt": 10}, "GENERAL": {"medie": 9.072934782608696, "reusita": 99.1304347826087, "cnt": 115}, "MATEMATICA MATE-INFO": {"medie": 9.251785714285715, "reusita": 100.0, "cnt": 28}, "INFORMATICA MI C/C++": {"medie": 9.467391304347826, "reusita": 100.0, "cnt": 23}, "GEOGRAFIE": {"medie": 9.469999999999999, "reusita": 100.0, "cnt": 10}, "ANATOMIE SI FIZIOLOGIE UMANA, GENETICA SI ECOLOGIE UMANA": {"medie": 9.568421052631574, "reusita": 100.0, "cnt": 38}, "ISTORIE": {"medie": 8.501923076923077, "reusita": 100.0, "cnt": 26}, "FIZICA TEO": {"medie": 9.671428571428573, "reusita": 100.0, "cnt": 14}, "MATEMATICA ST-NAT": {"medie": 9.555737704918032, "reusita": 100.0, "cnt": 61}, "LOGICA, ARGUMENTARE SI COMUNICARE": {"medie": 9.371428571428572, "reusita": 100.0, "cnt": 14}, "PSIHOLOGIE": {"medie": 9.75, "reusita": 100.0, "cnt": 2}, "CHIMIE ORGANICA TEO NIVEL I/II": {"medie": 9.5, "reusita": 100.0, "cnt": 3}, "CHIMIE ANORGANICA TEO NIVEL I/II": {"medie": 8.0, "reusita": 100.0, "cnt": 1}, "LIMBA GERMANA": {"medie": 8.534347826086957, "reusita": 100.0, "cnt": 115}}, "nume": "COLEGIUL NATIONAL \"SAMUEL VON BRUKENTHAL\" SIBIU\tSibiu"}