{"specializari": {"TEHNICIAN ECOLOG SI PROTECTIA CALITATII MEDIULUI": 3, "STIINTE SOCIALE": 6}, "limba_moderna": {"LIMBA ENGLEZA": 9}, "limba_materna": {"LIMBA ROMANA": 9}, "promotie_anterioara": {"DA": 5, "NU": 4}, "materii": {"LIMBA ROMANA": {"medie": 5.922222222222222, "reusita": 66.66666666666666, "cnt": 9}, "MATEMATICA TEHN": {"medie": 3.283333333333333, "reusita": 33.33333333333333, "cnt": 3}, "BIOLOGIE VEGETALA SI ANIMALA": {"medie": 6.183333333333334, "reusita": 100.0, "cnt": 3}, "GENERAL": {"medie": 5.7518518518518515, "reusita": 22.22222222222222, "cnt": 9}, "GEOGRAFIE": {"medie": 5.916666666666667, "reusita": 100.0, "cnt": 3}, "ISTORIE": {"medie": 6.05, "reusita": 100.0, "cnt": 6}, "SOCIOLOGIE": {"medie": 8.05, "reusita": 100.0, "cnt": 2}, "PSIHOLOGIE": {"medie": 3.45, "reusita": 0.0, "cnt": 1}}, "nume": "COLEGIUL ECOLOGIC \"PROF.UNIV.DR. ALEXANDRU IONESCU\" PITESTI\tArge\u0219"}