{"specializari": {"STIINTE SOCIALE": 72, "EDUCATOR-PUERICULTOR": 25, "FILOLOGIE": 130}, "limba_moderna": {"LIMBA ENGLEZA": 179, "LIMBA FRANCEZA": 23, "LIMBA SPANIOLA": 12, "LIMBA GERMANA MODERNA": 11, "LIMBA ITALIANA": 2}, "limba_materna": {"LIMBA ROMANA": 227}, "promotie_anterioara": {"NU": 220, "DA": 7}, "materii": {"LIMBA ROMANA": {"medie": 7.747345132743364, "reusita": 97.79735682819384, "cnt": 227}, "GENERAL": {"medie": 7.9706456456456465, "reusita": 93.83259911894272, "cnt": 227}, "GEOGRAFIE": {"medie": 8.507446808510634, "reusita": 100.0, "cnt": 47}, "ISTORIE": {"medie": 7.776681614349775, "reusita": 97.79735682819384, "cnt": 227}, "LOGICA, ARGUMENTARE SI COMUNICARE": {"medie": 8.299702380952377, "reusita": 98.23529411764706, "cnt": 170}, "SOCIOLOGIE": {"medie": 7.425, "reusita": 100.0, "cnt": 2}, "PSIHOLOGIE": {"medie": 8.14375, "reusita": 100.0, "cnt": 8}}, "nume": "COLEGIUL NATIONAL \"MIHAI EMINESCU\" BAIA MARE\tMaramure\u0219"}