{"specializari": {"TEHNICIAN IN ACTIVITATI ECONOMICE": 53, "TEHNICIAN IN ADMINISTRATIE": 25, "TEHNICIAN IN ACTIVITATI DE COMERT": 22, "TEHNICIAN IN TURISM": 37, "TEHNICIAN IN GASTRONOMIE": 47}, "limba_moderna": {"LIMBA ENGLEZA": 152, "LIMBA FRANCEZA": 28, "LIMBA RUSA": 4}, "limba_materna": {"LIMBA ROMANA": 184}, "promotie_anterioara": {"NU": 162, "DA": 22}, "materii": {"LIMBA ROMANA": {"medie": 6.775833333333331, "reusita": 95.1086956521739, "cnt": 184}, "MATEMATICA TEHN": {"medie": 6.518994413407819, "reusita": 79.8913043478261, "cnt": 184}, "GENERAL": {"medie": 6.833143939393935, "reusita": 71.73913043478261, "cnt": 184}, "GEOGRAFIE": {"medie": 7.126551724137932, "reusita": 93.19727891156462, "cnt": 147}, "LOGICA, ARGUMENTARE SI COMUNICARE": {"medie": 7.95, "reusita": 84.61538461538461, "cnt": 13}, "ECONOMIE": {"medie": 6.472916666666666, "reusita": 87.5, "cnt": 24}}, "nume": "COLEGIUL ECONOMIC \"DELTA DUNARII\" TULCEA\tTulcea"}