{"specializari": {"MATEMATICA-INFORMATICA": 114, "STIINTE ALE NATURII": 58, "STIINTE SOCIALE": 36, "FILOLOGIE": 33}, "limba_moderna": {"LIMBA ENGLEZA": 201, "LIMBA FRANCEZA": 31, "LIMBA SPANIOLA": 9}, "limba_materna": {"LIMBA ROMANA": 241}, "promotie_anterioara": {"NU": 236, "DA": 5}, "materii": {"LIMBA ROMANA": {"medie": 8.552282157676355, "reusita": 100.0, "cnt": 241}, "BIOLOGIE VEGETALA SI ANIMALA": {"medie": 8.125, "reusita": 100.0, "cnt": 4}, "GENERAL": {"medie": 8.507261410788383, "reusita": 96.6804979253112, "cnt": 241}, "MATEMATICA MATE-INFO": {"medie": 8.3359649122807, "reusita": 99.12280701754386, "cnt": 114}, "INFORMATICA MI C/C++": {"medie": 8.47093023255814, "reusita": 100.0, "cnt": 43}, "GEOGRAFIE": {"medie": 9.417647058823528, "reusita": 100.0, "cnt": 17}, "ANATOMIE SI FIZIOLOGIE UMANA, GENETICA SI ECOLOGIE UMANA": {"medie": 8.872388059701493, "reusita": 98.50746268656717, "cnt": 67}, "ISTORIE": {"medie": 8.203623188405798, "reusita": 100.0, "cnt": 69}, "FIZICA TEO": {"medie": 8.040697674418604, "reusita": 97.67441860465115, "cnt": 43}, "MATEMATICA ST-NAT": {"medie": 8.426724137931032, "reusita": 93.10344827586206, "cnt": 58}, "LOGICA, ARGUMENTARE SI COMUNICARE": {"medie": 8.633750000000001, "reusita": 100.0, "cnt": 40}, "SOCIOLOGIE": {"medie": 8.514285714285714, "reusita": 85.71428571428571, "cnt": 7}, "PSIHOLOGIE": {"medie": 9.350000000000001, "reusita": 100.0, "cnt": 2}, "ECONOMIE": {"medie": 7.650000000000001, "reusita": 100.0, "cnt": 3}, "CHIMIE ORGANICA TEO NIVEL I/II": {"medie": 9.38076923076923, "reusita": 100.0, "cnt": 13}, "CHIMIE ANORGANICA TEO NIVEL I/II": {"medie": 9.15, "reusita": 100.0, "cnt": 1}, "INFORMATICA SN C/C++": {"medie": 9.8, "reusita": 100.0, "cnt": 1}}, "nume": "COLEGIUL NATIONAL \"ALEXANDRU ODOBESCU\" PITESTI\tArge\u0219"}