{"specializari": {"TEHNICIAN IN AUTOMATIZARI": 8, "TEHNICIAN ECOLOG SI PROTECTIA CALITATII MEDIULUI": 13, "TEHNICIAN IN TURISM": 17, "TEHNICIAN MECATRONIST": 7, "TEHNICIAN IN ACTIVITATI ECONOMICE": 11, "TEHNICIAN MECANIC PENTRU INTRETINERE SI REPARATII": 6, "TEHNICIAN DESIGNER VESTIMENTAR": 2, "TEHNICIAN OPERATOR PROCESARE TEXT IMAGINE": 1, "TEHNICIAN IN INDUSTRIA ALIMENTARA": 3}, "limba_moderna": {"LIMBA ENGLEZA": 65, "LIMBA FRANCEZA": 3}, "limba_materna": {"LIMBA ROMANA": 68}, "promotie_anterioara": {"NU": 41, "DA": 27}, "materii": {"LIMBA ROMANA": {"medie": 5.90378787878788, "reusita": 75.0, "cnt": 68}, "MATEMATICA TEHN": {"medie": 4.758461538461538, "reusita": 50.0, "cnt": 68}, "BIOLOGIE VEGETALA SI ANIMALA": {"medie": 3.417391304347826, "reusita": 20.0, "cnt": 25}, "GENERAL": {"medie": 5.4531073446327705, "reusita": 25.0, "cnt": 68}, "GEOGRAFIE": {"medie": 7.121428571428572, "reusita": 100.0, "cnt": 28}, "FIZICA TEH": {"medie": 5.525, "reusita": 50.0, "cnt": 4}, "ANATOMIE SI FIZIOLOGIE UMANA, GENETICA SI ECOLOGIE UMANA": {"medie": 4.028571428571429, "reusita": 25.0, "cnt": 8}, "CHIMIE ANORGANICA TEH NIVEL I/II": {"medie": 5.7, "reusita": 33.33333333333333, "cnt": 3}}, "nume": "COLEGIUL TEHNIC \"GHEORGHE BALS\" ADJUD\tVrancea"}