{"specializari": {"MATEMATICA-INFORMATICA": 114, "FILOLOGIE": 35, "STIINTE ALE NATURII": 34, "STIINTE SOCIALE": 67}, "limba_moderna": {"LIMBA ENGLEZA": 248, "LIMBA FRANCEZA": 2}, "limba_materna": {"LIMBA ROMANA": 250}, "promotie_anterioara": {"NU": 249, "DA": 1}, "materii": {"LIMBA ROMANA": {"medie": 8.587599999999997, "reusita": 100.0, "cnt": 250}, "BIOLOGIE VEGETALA SI ANIMALA": {"medie": 6.6, "reusita": 100.0, "cnt": 2}, "GENERAL": {"medie": 8.83506666666666, "reusita": 99.6, "cnt": 250}, "MATEMATICA MATE-INFO": {"medie": 9.002192982456137, "reusita": 100.0, "cnt": 114}, "INFORMATICA MI C/C++": {"medie": 9.0796875, "reusita": 100.0, "cnt": 32}, "GEOGRAFIE": {"medie": 9.375, "reusita": 100.0, "cnt": 4}, "ANATOMIE SI FIZIOLOGIE UMANA, GENETICA SI ECOLOGIE UMANA": {"medie": 8.943243243243241, "reusita": 100.0, "cnt": 74}, "ISTORIE": {"medie": 8.71372549019608, "reusita": 100.0, "cnt": 102}, "FIZICA TEO": {"medie": 8.263461538461538, "reusita": 100.0, "cnt": 26}, "MATEMATICA ST-NAT": {"medie": 9.682352941176472, "reusita": 100.0, "cnt": 34}, "LOGICA, ARGUMENTARE SI COMUNICARE": {"medie": 9.033333333333335, "reusita": 100.0, "cnt": 21}, "SOCIOLOGIE": {"medie": 9.29322033898305, "reusita": 100.0, "cnt": 59}, "PSIHOLOGIE": {"medie": 9.216666666666667, "reusita": 100.0, "cnt": 3}, "ECONOMIE": {"medie": 8.642307692307693, "reusita": 100.0, "cnt": 13}, "CHIMIE ORGANICA TEO NIVEL I/II": {"medie": 8.465384615384615, "reusita": 100.0, "cnt": 13}, "CHIMIE ANORGANICA TEO NIVEL I/II": {"medie": 9.2, "reusita": 100.0, "cnt": 1}, "FILOSOFIE": {"medie": 10.0, "reusita": 100.0, "cnt": 2}}, "nume": "COLEGIUL NATIONAL \"MATEI BASARAB\"\tBucure\u0219ti"}