{"specializari": {"FILOLOGIE": 25, "TEHNICIAN IN ACTIVITATI ECONOMICE": 26, "TEHNICIAN ECOLOG SI PROTECTIA CALITATII MEDIULUI": 17, "MATEMATICA-INFORMATICA": 15, "TEHNICIAN OPERATOR TEHNICA DE CALCUL": 14, "TEHNICIAN MECANIC PENTRU INTRETINERE SI REPARATII": 1}, "limba_moderna": {"LIMBA ENGLEZA": 49, "LIMBA FRANCEZA": 49}, "limba_materna": {"LIMBA ROMANA": 98}, "promotie_anterioara": {"NU": 81, "DA": 17}, "materii": {"LIMBA ROMANA": {"medie": 5.364534883720933, "reusita": 56.12244897959183, "cnt": 98}, "MATEMATICA TEHN": {"medie": 3.2479591836734683, "reusita": 31.03448275862069, "cnt": 58}, "BIOLOGIE VEGETALA SI ANIMALA": {"medie": 2.75, "reusita": 14.285714285714285, "cnt": 28}, "GENERAL": {"medie": 5.20251937984496, "reusita": 33.6734693877551, "cnt": 98}, "MATEMATICA MATE-INFO": {"medie": 5.249999999999999, "reusita": 53.333333333333336, "cnt": 15}, "GEOGRAFIE": {"medie": 7.159756097560977, "reusita": 93.02325581395348, "cnt": 43}, "ANATOMIE SI FIZIOLOGIE UMANA, GENETICA SI ECOLOGIE UMANA": {"medie": 4.693333333333333, "reusita": 43.75, "cnt": 16}, "CHIMIE ANORGANICA TEH NIVEL I/II": {"medie": 2.0, "reusita": 0.0, "cnt": 1}, "ISTORIE": {"medie": 7.11304347826087, "reusita": 92.0, "cnt": 25}, "FIZICA TEO": {"medie": 8.600000000000001, "reusita": 100.0, "cnt": 2}, "LOGICA, ARGUMENTARE SI COMUNICARE": {"medie": 6.6428571428571415, "reusita": 75.0, "cnt": 8}}, "nume": "COLEGIUL TEHNIC MATASARI\tGorj"}