{"specializari": {"MUZICA": 60}, "limba_moderna": {"LIMBA ENGLEZA": 48, "LIMBA FRANCEZA": 12}, "limba_materna": {"LIMBA ROMANA": 45, "LIMBA MAGHIARA": 15}, "promotie_anterioara": {"NU": 59, "DA": 1}, "materii": {"LIMBA ROMANA": {"medie": 7.887500000000003, "reusita": 98.33333333333333, "cnt": 60}, "GENERAL": {"medie": 7.974236111111113, "reusita": 98.33333333333333, "cnt": 60}, "GEOGRAFIE": {"medie": 8.186458333333334, "reusita": 100.0, "cnt": 48}, "ISTORIE": {"medie": 7.895833333333335, "reusita": 100.0, "cnt": 60}, "LOGICA, ARGUMENTARE SI COMUNICARE": {"medie": 7.6937500000000005, "reusita": 100.0, "cnt": 8}, "PSIHOLOGIE": {"medie": 5.0, "reusita": 100.0, "cnt": 1}, "LIMBA MAGHIARA (REAL)": {"medie": 8.093333333333334, "reusita": 100.0, "cnt": 15}, "FILOSOFIE": {"medie": 7.7, "reusita": 100.0, "cnt": 3}}, "nume": "COLEGIUL DE MUZICA \"SIGISMUND TODUTA\" CLUJ-NAPOCA\tCluj"}