{"specializari": {"TEHNICIAN IN TURISM": 24, "TEHNICIAN DESENATOR PENTRU CONSTRUCTII SI INSTALATII": 8, "TEHNICIAN IN HOTELARIE": 25, "TEHNICIAN IN ACTIVITATI ECONOMICE": 29, "TEHNICIAN TRANSPORTURI": 32, "TEHNICIAN MECATRONIST": 2, "TEHNICIAN OPERATOR TEHNICA DE CALCUL": 1}, "limba_moderna": {"LIMBA ENGLEZA": 116, "LIMBA FRANCEZA": 5}, "limba_materna": {"LIMBA ROMANA": 121}, "promotie_anterioara": {"NU": 106, "DA": 15}, "materii": {"LIMBA ROMANA": {"medie": 6.115126050420168, "reusita": 87.60330578512396, "cnt": 121}, "MATEMATICA TEHN": {"medie": 7.057563025210083, "reusita": 92.56198347107438, "cnt": 121}, "BIOLOGIE VEGETALA SI ANIMALA": {"medie": 4.478378378378379, "reusita": 46.15384615384615, "cnt": 39}, "GENERAL": {"medie": 6.626436781609196, "reusita": 62.8099173553719, "cnt": 121}, "GEOGRAFIE": {"medie": 7.929411764705883, "reusita": 98.55072463768117, "cnt": 69}, "CHIMIE ANORGANICA TEH NIVEL I/II": {"medie": 4.55, "reusita": 50.0, "cnt": 4}, "LOGICA, ARGUMENTARE SI COMUNICARE": {"medie": 6.1, "reusita": 60.0, "cnt": 5}, "PSIHOLOGIE": {"medie": 8.8, "reusita": 100.0, "cnt": 4}}, "nume": "COLEGIUL TEHNIC \"MIRON COSTIN\", MUNICIPIUL ROMAN\tNeam\u021b"}