{"specializari": {"MATEMATICA-INFORMATICA": 137, "STIINTE ALE NATURII": 33, "FILOLOGIE": 29}, "limba_moderna": {"LIMBA ENGLEZA": 183, "LIMBA FRANCEZA": 11, "LIMBA GERMANA MODERNA": 5}, "limba_materna": {"LIMBA ROMANA": 199}, "promotie_anterioara": {"NU": 197, "DA": 2}, "materii": {"LIMBA ROMANA": {"medie": 8.927135678391958, "reusita": 100.0, "cnt": 199}, "BIOLOGIE VEGETALA SI ANIMALA": {"medie": 8.683333333333334, "reusita": 100.0, "cnt": 3}, "GENERAL": {"medie": 9.031909547738692, "reusita": 99.49748743718592, "cnt": 199}, "MATEMATICA MATE-INFO": {"medie": 9.022262773722629, "reusita": 100.0, "cnt": 137}, "INFORMATICA MI C/C++": {"medie": 8.895192307692307, "reusita": 100.0, "cnt": 52}, "GEOGRAFIE": {"medie": 8.915789473684212, "reusita": 100.0, "cnt": 19}, "ANATOMIE SI FIZIOLOGIE UMANA, GENETICA SI ECOLOGIE UMANA": {"medie": 9.245833333333334, "reusita": 100.0, "cnt": 72}, "ISTORIE": {"medie": 8.658620689655171, "reusita": 100.0, "cnt": 29}, "FIZICA TEO": {"medie": 8.554166666666667, "reusita": 100.0, "cnt": 12}, "MATEMATICA ST-NAT": {"medie": 9.58030303030303, "reusita": 100.0, "cnt": 33}, "LOGICA, ARGUMENTARE SI COMUNICARE": {"medie": 9.064285714285715, "reusita": 100.0, "cnt": 7}, "PSIHOLOGIE": {"medie": 9.7, "reusita": 100.0, "cnt": 2}, "CHIMIE ORGANICA TEO NIVEL I/II": {"medie": 9.460000000000004, "reusita": 100.0, "cnt": 30}, "CHIMIE ANORGANICA TEO NIVEL I/II": {"medie": 9.55, "reusita": 100.0, "cnt": 1}, "FILOSOFIE": {"medie": 9.7, "reusita": 100.0, "cnt": 1}}, "nume": "COLEGIUL NATIONAL \"EMANUIL GOJDU\" ORADEA\tBihor"}