{"specializari": {"LICEU CU PROGRAM SPORTIV": 24, "TEHNICIAN OPERATOR TEHNICA DE CALCUL": 3, "INSTRUCTOR PENTRU ACTIVITATI EXTRASCOLARE": 4, "TEHNICIAN ELECTROMECANIC": 2, "INVATATOR - EDUCATOARE": 1, "TEHNICIAN ELECTROTEHNIST": 1, "TEHNICIAN PROIECTANT CAD": 4, "TEHNICIAN ECOLOG SI PROTECTIA CALITATII MEDIULUI": 1, "TEHNICIAN MECANIC PENTRU INTRETINERE SI REPARATII": 2, "MATEMATICA-INFORMATICA": 1}, "limba_moderna": {"LIMBA ENGLEZA": 36, "LIMBA FRANCEZA": 7}, "limba_materna": {"LIMBA ROMANA": 43}, "promotie_anterioara": {"NU": 25, "DA": 18}, "materii": {"LIMBA ROMANA": {"medie": 5.514285714285713, "reusita": 79.06976744186046, "cnt": 43}, "MATEMATICA TEHN": {"medie": 3.9961538461538457, "reusita": 46.15384615384615, "cnt": 13}, "BIOLOGIE VEGETALA SI ANIMALA": {"medie": 4.0, "reusita": 33.33333333333333, "cnt": 9}, "GENERAL": {"medie": 5.797560975609756, "reusita": 58.139534883720934, "cnt": 43}, "MATEMATICA MATE-INFO": {"medie": 5.5, "reusita": 100.0, "cnt": 1}, "MATEMATICA PED": {"medie": 5.0, "reusita": 100.0, "cnt": 1}, "GEOGRAFIE": {"medie": 7.641666666666667, "reusita": 100.0, "cnt": 6}, "FIZICA TEH": {"medie": 4.425000000000001, "reusita": 50.0, "cnt": 2}, "ANATOMIE SI FIZIOLOGIE UMANA, GENETICA SI ECOLOGIE UMANA": {"medie": 6.85, "reusita": 100.0, "cnt": 1}, "CHIMIE ANORGANICA TEH NIVEL I/II": {"medie": 3.6, "reusita": 50.0, "cnt": 2}, "ISTORIE": {"medie": 6.126785714285716, "reusita": 89.28571428571429, "cnt": 28}, "LOGICA, ARGUMENTARE SI COMUNICARE": {"medie": 7.152173913043479, "reusita": 91.30434782608695, "cnt": 23}}, "nume": "COLEGIUL TEHNIC \"AUREL VLAICU\" BAIA MARE\tMaramure\u0219"}