{"specializari": {"TEHNICIAN ECOLOG SI PROTECTIA CALITATII MEDIULUI": 32, "TEHNICIAN IN AUTOMATIZARI": 11, "TEHNICIAN DE TELECOMUNICATII": 8, "TEHNICIAN IN INDUSTRIA TEXTILA": 2, "STIINTE ALE NATURII": 10, "TEHNICIAN ELECTROTEHNIST": 4, "TEHNICIAN PROIECTANT CAD": 1, "TEHNICIAN OPERATOR TEHNICA DE CALCUL": 1, "TEHNICIAN MECATRONIST": 1, "TEHNICIAN MECANIC PENTRU INTRETINERE SI REPARATII": 1}, "limba_moderna": {"LIMBA ENGLEZA": 55, "LIMBA FRANCEZA": 16}, "limba_materna": {"LIMBA ROMANA": 71}, "promotie_anterioara": {"NU": 34, "DA": 37}, "materii": {"LIMBA ROMANA": {"medie": 5.197857142857143, "reusita": 63.38028169014085, "cnt": 71}, "MATEMATICA TEHN": {"medie": 4.556896551724138, "reusita": 54.09836065573771, "cnt": 61}, "BIOLOGIE VEGETALA SI ANIMALA": {"medie": 4.467142857142857, "reusita": 55.55555555555556, "cnt": 36}, "GENERAL": {"medie": 4.772820512820515, "reusita": 18.30985915492958, "cnt": 71}, "FIZICA TEH": {"medie": 5.75, "reusita": 66.66666666666666, "cnt": 3}, "ANATOMIE SI FIZIOLOGIE UMANA, GENETICA SI ECOLOGIE UMANA": {"medie": 5.213636363636365, "reusita": 56.52173913043478, "cnt": 23}, "FIZICA TEO": {"medie": 2.65, "reusita": 0.0, "cnt": 1}, "MATEMATICA ST-NAT": {"medie": 2.0300000000000002, "reusita": 10.0, "cnt": 10}, "CHIMIE ORGANICA TEH NIVEL I/II": {"medie": 5.637499999999999, "reusita": 75.0, "cnt": 8}}, "nume": "COLEGIUL TEHNIC NR 2 TG-JIU\tGorj"}