{"specializari": {"MATEMATICA-INFORMATICA": 129, "FILOLOGIE": 61, "STIINTE ALE NATURII": 32}, "limba_moderna": {"LIMBA ENGLEZA": 204, "LIMBA FRANCEZA": 18}, "limba_materna": {"LIMBA ROMANA": 222}, "promotie_anterioara": {"NU": 204, "DA": 18}, "materii": {"LIMBA ROMANA": {"medie": 6.857762557077625, "reusita": 90.54054054054053, "cnt": 222}, "BIOLOGIE VEGETALA SI ANIMALA": {"medie": 7.7, "reusita": 100.0, "cnt": 1}, "GENERAL": {"medie": 7.122754946727549, "reusita": 71.62162162162163, "cnt": 222}, "MATEMATICA MATE-INFO": {"medie": 6.420472440944883, "reusita": 75.1937984496124, "cnt": 129}, "INFORMATICA MI C/C++": {"medie": 7.166666666666667, "reusita": 84.61538461538461, "cnt": 13}, "GEOGRAFIE": {"medie": 8.754166666666668, "reusita": 93.87755102040816, "cnt": 49}, "ANATOMIE SI FIZIOLOGIE UMANA, GENETICA SI ECOLOGIE UMANA": {"medie": 7.5688034188034194, "reusita": 92.3076923076923, "cnt": 117}, "ISTORIE": {"medie": 7.434166666666667, "reusita": 93.44262295081968, "cnt": 61}, "FIZICA TEO": {"medie": 8.04782608695652, "reusita": 91.66666666666666, "cnt": 24}, "MATEMATICA ST-NAT": {"medie": 5.690625000000001, "reusita": 59.375, "cnt": 32}, "SOCIOLOGIE": {"medie": 9.14, "reusita": 100.0, "cnt": 10}, "PSIHOLOGIE": {"medie": 8.875, "reusita": 100.0, "cnt": 2}, "CHIMIE ORGANICA TEO NIVEL I/II": {"medie": 7.109999999999999, "reusita": 80.0, "cnt": 5}, "CHIMIE ANORGANICA TEO NIVEL I/II": {"medie": 5.0, "reusita": 100.0, "cnt": 1}}, "nume": "COLEGIUL NATIONAL \"ANASTASESCU\" ROSIORI DE VEDE\tTeleorman"}