{"specializari": {"MATEMATICA-INFORMATICA": 54, "FILOLOGIE": 33, "STIINTE ALE NATURII": 38}, "limba_moderna": {"LIMBA FRANCEZA": 24, "LIMBA ENGLEZA": 96, "LIMBA GERMANA MODERNA": 5}, "limba_materna": {"LIMBA ROMANA": 125}, "promotie_anterioara": {"NU": 121, "DA": 4}, "materii": {"LIMBA ROMANA": {"medie": 7.138000000000001, "reusita": 96.8, "cnt": 125}, "BIOLOGIE VEGETALA SI ANIMALA": {"medie": 7.580999999999998, "reusita": 98.0, "cnt": 50}, "GENERAL": {"medie": 7.726558265582654, "reusita": 86.4, "cnt": 125}, "MATEMATICA MATE-INFO": {"medie": 8.661320754716982, "reusita": 98.14814814814815, "cnt": 54}, "INFORMATICA MI C/C++": {"medie": 8.040384615384616, "reusita": 100.0, "cnt": 26}, "GEOGRAFIE": {"medie": "-", "reusita": 0.0, "cnt": 1}, "ANATOMIE SI FIZIOLOGIE UMANA, GENETICA SI ECOLOGIE UMANA": {"medie": 9.307692307692308, "reusita": 100.0, "cnt": 13}, "ISTORIE": {"medie": 8.14090909090909, "reusita": 93.93939393939394, "cnt": 33}, "FIZICA TEO": {"medie": 8.75, "reusita": 100.0, "cnt": 1}, "MATEMATICA ST-NAT": {"medie": 6.538157894736842, "reusita": 81.57894736842105, "cnt": 38}, "LOGICA, ARGUMENTARE SI COMUNICARE": {"medie": 8.456249999999999, "reusita": 93.75, "cnt": 32}, "CHIMIE ORGANICA TEO NIVEL I/II": {"medie": 9.4, "reusita": 100.0, "cnt": 2}}, "nume": "COLEGIUL NATIONAL \"TRAIAN DODA\" CARANSEBES\tCara\u0219-Severin"}