{"specializari": {"FILOLOGIE": 99, "MATEMATICA-INFORMATICA": 25, "STIINTE ALE NATURII": 35}, "limba_moderna": {"LIMBA ENGLEZA": 159}, "limba_materna": {"LIMBA ROMANA": 159}, "promotie_anterioara": {"NU": 143, "DA": 16}, "materii": {"LIMBA ROMANA": {"medie": 7.1903846153846125, "reusita": 89.937106918239, "cnt": 159}, "GENERAL": {"medie": 7.3357905982906, "reusita": 77.9874213836478, "cnt": 159}, "MATEMATICA MATE-INFO": {"medie": 6.525000000000001, "reusita": 76.0, "cnt": 25}, "INFORMATICA MI C/C++": {"medie": 7.0, "reusita": 100.0, "cnt": 4}, "GEOGRAFIE": {"medie": 7.421604938271603, "reusita": 92.7710843373494, "cnt": 83}, "ANATOMIE SI FIZIOLOGIE UMANA, GENETICA SI ECOLOGIE UMANA": {"medie": 8.104629629629628, "reusita": 96.36363636363636, "cnt": 55}, "ISTORIE": {"medie": 7.05561224489796, "reusita": 93.93939393939394, "cnt": 99}, "MATEMATICA ST-NAT": {"medie": 7.6485714285714295, "reusita": 91.42857142857143, "cnt": 35}, "LOGICA, ARGUMENTARE SI COMUNICARE": {"medie": 8.076666666666664, "reusita": 86.66666666666667, "cnt": 15}, "PSIHOLOGIE": {"medie": 5.95, "reusita": 100.0, "cnt": 1}, "INFORMATICA SN C/C++": {"medie": 8.5, "reusita": 100.0, "cnt": 1}}, "nume": "COLEGIUL NATIONAL \"OCTAVIAN GOGA\" MARGHITA\tBihor"}