{"specializari": {"TEHNICIAN ECOLOG SI PROTECTIA CALITATII MEDIULUI": 37, "FILOLOGIE": 30, "TEHNICIAN MECATRONIST": 35, "TEHNICIAN IN INSTALATII ELECTRICE": 28, "MATEMATICA-INFORMATICA": 27, "TEHNICIAN PRELUCRARI MECANICE": 5, "TEHNICIAN ELECTROTEHNIST": 1, "TEHNICIAN MECANIC PENTRU INTRETINERE SI REPARATII": 2}, "limba_moderna": {"LIMBA ENGLEZA": 147, "LIMBA FRANCEZA": 18}, "limba_materna": {"LIMBA ROMANA": 165}, "promotie_anterioara": {"NU": 115, "DA": 50}, "materii": {"LIMBA ROMANA": {"medie": 5.856097560975609, "reusita": 81.21212121212122, "cnt": 165}, "MATEMATICA TEHN": {"medie": 5.601869158878508, "reusita": 76.85185185185185, "cnt": 108}, "BIOLOGIE VEGETALA SI ANIMALA": {"medie": 4.222666666666666, "reusita": 46.835443037974684, "cnt": 79}, "GENERAL": {"medie": 5.839440993788819, "reusita": 50.303030303030305, "cnt": 165}, "MATEMATICA MATE-INFO": {"medie": 5.940740740740741, "reusita": 77.77777777777779, "cnt": 27}, "INFORMATICA MI C/C++": {"medie": 5.1000000000000005, "reusita": 66.66666666666666, "cnt": 3}, "GEOGRAFIE": {"medie": 8.696666666666665, "reusita": 100.0, "cnt": 15}, "FIZICA TEH": {"medie": 5.7, "reusita": 66.66666666666666, "cnt": 3}, "ANATOMIE SI FIZIOLOGIE UMANA, GENETICA SI ECOLOGIE UMANA": {"medie": 6.204347826086958, "reusita": 95.65217391304348, "cnt": 46}, "ISTORIE": {"medie": 7.318333333333334, "reusita": 100.0, "cnt": 30}, "FIZICA TEO": {"medie": 5.0, "reusita": 100.0, "cnt": 2}, "LOGICA, ARGUMENTARE SI COMUNICARE": {"medie": 8.1, "reusita": 100.0, "cnt": 1}, "SOCIOLOGIE": {"medie": 7.6909090909090905, "reusita": 100.0, "cnt": 11}, "PSIHOLOGIE": {"medie": 8.8, "reusita": 100.0, "cnt": 1}, "ECONOMIE": {"medie": 7.1, "reusita": 100.0, "cnt": 1}, "CHIMIE ORGANICA TEO NIVEL I/II": {"medie": 4.7, "reusita": 0.0, "cnt": 1}, "FILOSOFIE": {"medie": 8.9, "reusita": 100.0, "cnt": 1}, "CHIMIE ORGANICA TEH NIVEL I/II": {"medie": 5.0, "reusita": 100.0, "cnt": 1}}, "nume": "COLEGIUL TEHNIC \"PETRU MAIOR\"\tBucure\u0219ti"}