{"specializari": {"MATEMATICA-INFORMATICA": 16, "TEHNICIAN MECANIC PENTRU INTRETINERE SI REPARATII": 4, "TEHNICIAN INSTALATII DE BORD (AVION)": 15, "TEHNICIAN AVIATIE": 17, "TEHNICIAN PROIECTANT CAD": 19, "TEHNICIAN IN INSTALATII ELECTRICE": 2, "FILOLOGIE": 15, "TEHNICIAN MECATRONIST": 5, "TEHNICIAN PRELUCRARI MECANICE": 1, "TEHNICIAN VETERINAR": 1}, "limba_moderna": {"LIMBA ENGLEZA": 91, "LIMBA FRANCEZA": 4}, "limba_materna": {"LIMBA ROMANA": 95}, "promotie_anterioara": {"DA": 66, "NU": 29}, "materii": {"LIMBA ROMANA": {"medie": 5.715217391304349, "reusita": 84.21052631578947, "cnt": 95}, "MATEMATICA TEHN": {"medie": 5.086290322580645, "reusita": 71.875, "cnt": 64}, "BIOLOGIE VEGETALA SI ANIMALA": {"medie": 4.822500000000001, "reusita": 56.25, "cnt": 64}, "GENERAL": {"medie": 5.497868217054265, "reusita": 31.57894736842105, "cnt": 95}, "MATEMATICA MATE-INFO": {"medie": 5.026666666666667, "reusita": 68.75, "cnt": 16}, "INFORMATICA MI C/C++": {"medie": 5.641666666666667, "reusita": 83.33333333333334, "cnt": 6}, "GEOGRAFIE": {"medie": 8.766666666666666, "reusita": 100.0, "cnt": 6}, "FIZICA TEH": {"medie": 2.2750000000000004, "reusita": 0.0, "cnt": 4}, "ANATOMIE SI FIZIOLOGIE UMANA, GENETICA SI ECOLOGIE UMANA": {"medie": 5.390000000000001, "reusita": 60.0, "cnt": 5}, "CHIMIE ANORGANICA TEH NIVEL I/II": {"medie": 6.5, "reusita": 100.0, "cnt": 1}, "ISTORIE": {"medie": 7.283333333333333, "reusita": 100.0, "cnt": 15}, "LOGICA, ARGUMENTARE SI COMUNICARE": {"medie": 5.933333333333334, "reusita": 66.66666666666666, "cnt": 9}}, "nume": "COLEGIUL TEHNIC DE AERONAUTICA \"HENRI COANDA\"\tBucure\u0219ti"}