{"specializari": {"STIINTE ALE NATURII": 34, "MATEMATICA-INFORMATICA": 109, "FILOLOGIE": 33, "STIINTE SOCIALE": 34}, "limba_moderna": {"LIMBA ENGLEZA": 201, "LIMBA FRANCEZA": 8, "LIMBA ITALIANA": 1}, "limba_materna": {"LIMBA ROMANA": 210}, "promotie_anterioara": {"NU": 210}, "materii": {"LIMBA ROMANA": {"medie": 8.691428571428567, "reusita": 100.0, "cnt": 210}, "BIOLOGIE VEGETALA SI ANIMALA": {"medie": 8.613636363636363, "reusita": 100.0, "cnt": 22}, "GENERAL": {"medie": 8.938095238095242, "reusita": 100.0, "cnt": 210}, "MATEMATICA MATE-INFO": {"medie": 9.122018348623854, "reusita": 100.0, "cnt": 109}, "INFORMATICA MI C/C++": {"medie": 9.023437500000002, "reusita": 100.0, "cnt": 32}, "GEOGRAFIE": {"medie": 9.48, "reusita": 100.0, "cnt": 30}, "ANATOMIE SI FIZIOLOGIE UMANA, GENETICA SI ECOLOGIE UMANA": {"medie": 8.57, "reusita": 100.0, "cnt": 5}, "ISTORIE": {"medie": 8.870895522388057, "reusita": 100.0, "cnt": 67}, "FIZICA TEO": {"medie": 8.933333333333332, "reusita": 100.0, "cnt": 51}, "MATEMATICA ST-NAT": {"medie": 9.502941176470587, "reusita": 100.0, "cnt": 34}, "SOCIOLOGIE": {"medie": 8.93611111111111, "reusita": 100.0, "cnt": 18}, "PSIHOLOGIE": {"medie": 9.45, "reusita": 100.0, "cnt": 6}, "ECONOMIE": {"medie": 8.623076923076923, "reusita": 100.0, "cnt": 13}, "CHIMIE ORGANICA TEO NIVEL I/II": {"medie": 9.165625000000002, "reusita": 100.0, "cnt": 32}, "INFORMATICA SN C/C++": {"medie": 10.0, "reusita": 100.0, "cnt": 1}}, "nume": "COLEGIUL NATIONAL \"UNIREA\" FOCSANI\tVrancea"}