{"specializari": {"MATEMATICA-INFORMATICA": 89, "STIINTE SOCIALE": 31, "STIINTE ALE NATURII": 28, "FILOLOGIE": 31}, "limba_moderna": {"LIMBA ENGLEZA": 171, "LIMBA FRANCEZA": 8}, "limba_materna": {"LIMBA ROMANA": 179}, "promotie_anterioara": {"NU": 178, "DA": 1}, "materii": {"LIMBA ROMANA": {"medie": 8.117597765363124, "reusita": 100.0, "cnt": 179}, "GENERAL": {"medie": 8.64478584729981, "reusita": 98.32402234636871, "cnt": 179}, "MATEMATICA MATE-INFO": {"medie": 8.589887640449437, "reusita": 100.0, "cnt": 89}, "INFORMATICA MI C/C++": {"medie": 9.482608695652173, "reusita": 100.0, "cnt": 23}, "GEOGRAFIE": {"medie": 8.99736842105263, "reusita": 100.0, "cnt": 57}, "ANATOMIE SI FIZIOLOGIE UMANA, GENETICA SI ECOLOGIE UMANA": {"medie": 9.218867924528304, "reusita": 98.11320754716981, "cnt": 53}, "ISTORIE": {"medie": 8.53225806451613, "reusita": 100.0, "cnt": 62}, "FIZICA TEO": {"medie": 9.085714285714282, "reusita": 100.0, "cnt": 35}, "MATEMATICA ST-NAT": {"medie": 9.219642857142857, "reusita": 96.42857142857143, "cnt": 28}, "PSIHOLOGIE": {"medie": 9.1625, "reusita": 100.0, "cnt": 4}, "ECONOMIE": {"medie": 8.3, "reusita": 100.0, "cnt": 1}, "CHIMIE ORGANICA TEO NIVEL I/II": {"medie": 9.175, "reusita": 100.0, "cnt": 6}}, "nume": "COLEGIUL NATIONAL \"SPIRU HARET\", LOCALITATEA TECUCI\tGala\u021bi"}