{"specializari": {"TEHNICIAN IN ACTIVITATI ECONOMICE": 21, "TEHNICIAN IN AGRICULTURA": 5, "TEHNICIAN VETERINAR": 20, "TEHNICIAN ECOLOG SI PROTECTIA CALITATII MEDIULUI": 9, "TEHNICIAN PENTRU ANIMALE DE COMPANIE": 7, "TEHNICIAN HORTICULTOR": 6}, "limba_moderna": {"LIMBA ENGLEZA": 68}, "limba_materna": {"LIMBA ROMANA": 68}, "promotie_anterioara": {"NU": 43, "DA": 25}, "materii": {"LIMBA ROMANA": {"medie": 5.107142857142857, "reusita": 66.17647058823529, "cnt": 68}, "MATEMATICA TEHN": {"medie": 3.4890625, "reusita": 35.294117647058826, "cnt": 68}, "BIOLOGIE VEGETALA SI ANIMALA": {"medie": 4.3, "reusita": 60.0, "cnt": 10}, "GENERAL": {"medie": 4.583040935672514, "reusita": 16.176470588235293, "cnt": 68}, "GEOGRAFIE": {"medie": 5.544736842105263, "reusita": 52.38095238095239, "cnt": 21}, "ANATOMIE SI FIZIOLOGIE UMANA, GENETICA SI ECOLOGIE UMANA": {"medie": 4.8177419354838715, "reusita": 43.24324324324324, "cnt": 37}}, "nume": "COLEGIUL TEHNOLOGIC \"VIACESLAV HARNAJ\"\tBucure\u0219ti"}