{"specializari": {"FILOLOGIE": 33, "MATEMATICA-INFORMATICA": 44, "INVATATOR - EDUCATOARE": 55}, "limba_moderna": {"LIMBA ENGLEZA": 111, "LIMBA FRANCEZA": 13, "LIMBA RUSA": 8}, "limba_materna": {"LIMBA ROMANA": 132}, "promotie_anterioara": {"NU": 115, "DA": 17}, "materii": {"LIMBA ROMANA": {"medie": 6.809848484848485, "reusita": 97.72727272727273, "cnt": 132}, "GENERAL": {"medie": 7.213740458015267, "reusita": 80.3030303030303, "cnt": 132}, "MATEMATICA MATE-INFO": {"medie": 6.287209302325582, "reusita": 79.54545454545455, "cnt": 44}, "INFORMATICA MI PASCAL": {"medie": 5.0, "reusita": 100.0, "cnt": 1}, "MATEMATICA PED": {"medie": 7.477272727272727, "reusita": 94.54545454545455, "cnt": 55}, "GEOGRAFIE": {"medie": 8.446753246753248, "reusita": 100.0, "cnt": 77}, "ANATOMIE SI FIZIOLOGIE UMANA, GENETICA SI ECOLOGIE UMANA": {"medie": 6.988749999999999, "reusita": 95.0, "cnt": 40}, "ISTORIE": {"medie": 7.303030303030302, "reusita": 100.0, "cnt": 33}, "FIZICA TEO": {"medie": 6.85, "reusita": 100.0, "cnt": 2}, "PSIHOLOGIE": {"medie": 6.081818181818182, "reusita": 100.0, "cnt": 11}, "CHIMIE ORGANICA TEO NIVEL I/II": {"medie": 9.0, "reusita": 100.0, "cnt": 1}}, "nume": "COLEGIUL NATIONAL PEDAGOGIC \"REGELE FERDINAND\" SIGHETU MARMATIEI\tMaramure\u0219"}