{"specializari": {"STIINTE SOCIALE": 33, "MATEMATICA-INFORMATICA": 37, "FILOLOGIE": 27}, "limba_moderna": {"LIMBA ENGLEZA": 67, "LIMBA ITALIANA": 30}, "limba_materna": {"LIMBA ROMANA": 97}, "promotie_anterioara": {"NU": 96, "DA": 1}, "materii": {"LIMBA ROMANA": {"medie": 7.804123711340205, "reusita": 100.0, "cnt": 97}, "BIOLOGIE VEGETALA SI ANIMALA": {"medie": 8.420833333333333, "reusita": 100.0, "cnt": 12}, "GENERAL": {"medie": 8.512371134020622, "reusita": 100.0, "cnt": 97}, "MATEMATICA MATE-INFO": {"medie": 8.710810810810807, "reusita": 100.0, "cnt": 37}, "INFORMATICA MI C/C++": {"medie": 9.177999999999999, "reusita": 100.0, "cnt": 25}, "GEOGRAFIE": {"medie": 9.31046511627907, "reusita": 100.0, "cnt": 43}, "ISTORIE": {"medie": 8.607499999999996, "reusita": 100.0, "cnt": 60}, "LOGICA, ARGUMENTARE SI COMUNICARE": {"medie": 8.768181818181818, "reusita": 100.0, "cnt": 11}, "SOCIOLOGIE": {"medie": 9.008333333333333, "reusita": 100.0, "cnt": 6}}, "nume": "COLEGIUL NATIONAL \"GEORGE BARITIU\" CLUJ-NAPOCA\tCluj"}