{"specializari": {"TEHNICIAN IN AUTOMATIZARI": 17, "TEHNICIAN IN ACTIVITATI ECONOMICE": 83, "TEHNICIAN IN GASTRONOMIE": 25, "TEHNICIAN IN TURISM": 34, "STIINTE ALE NATURII": 56, "MATEMATICA-INFORMATICA": 53, "STIINTE SOCIALE": 68, "FILOLOGIE": 31, "TEHNICIAN TRANSPORTURI": 24, "TEHNICIAN DESIGNER VESTIMENTAR": 2, "TEHNICIAN IN HOTELARIE": 1}, "limba_moderna": {"LIMBA ENGLEZA": 309, "LIMBA FRANCEZA": 85}, "limba_materna": {"LIMBA ROMANA": 394}, "promotie_anterioara": {"NU": 347, "DA": 47}, "materii": {"LIMBA ROMANA": {"medie": 6.215131578947373, "reusita": 77.66497461928934, "cnt": 394}, "MATEMATICA TEHN": {"medie": 4.832369942196534, "reusita": 57.52688172043011, "cnt": 186}, "BIOLOGIE VEGETALA SI ANIMALA": {"medie": 3.9414285714285713, "reusita": 23.809523809523807, "cnt": 42}, "GENERAL": {"medie": 6.576604278074864, "reusita": 58.629441624365484, "cnt": 394}, "MATEMATICA MATE-INFO": {"medie": 8.467924528301888, "reusita": 98.11320754716981, "cnt": 53}, "INFORMATICA MI C/C++": {"medie": 8.857142857142858, "reusita": 100.0, "cnt": 7}, "GEOGRAFIE": {"medie": 6.639102564102564, "reusita": 84.5679012345679, "cnt": 162}, "FIZICA TEH": {"medie": 1.9, "reusita": 0.0, "cnt": 1}, "ANATOMIE SI FIZIOLOGIE UMANA, GENETICA SI ECOLOGIE UMANA": {"medie": 8.40333333333334, "reusita": 98.88888888888889, "cnt": 90}, "ISTORIE": {"medie": 6.789062499999999, "reusita": 95.95959595959596, "cnt": 99}, "FIZICA TEO": {"medie": 7.671428571428571, "reusita": 100.0, "cnt": 7}, "MATEMATICA ST-NAT": {"medie": 7.588392857142858, "reusita": 98.21428571428571, "cnt": 56}, "LOGICA, ARGUMENTARE SI COMUNICARE": {"medie": 8.179605263157892, "reusita": 97.40259740259741, "cnt": 77}, "PSIHOLOGIE": {"medie": 4.55, "reusita": 0.0, "cnt": 1}, "CHIMIE ORGANICA TEO NIVEL I/II": {"medie": 9.42, "reusita": 100.0, "cnt": 5}, "FILOSOFIE": {"medie": 7.075, "reusita": 100.0, "cnt": 2}}, "nume": "COLEGIUL \"ALEXANDRU CEL BUN\" GURA HUMORULUI\tSuceava"}