{"specializari": {"TEHNICIAN ECOLOG SI PROTECTIA CALITATII MEDIULUI": 28, "TEHNICIAN IN ACTIVITATI ECONOMICE": 26, "TEHNICIAN IN INDUSTRIA ALIMENTARA": 39, "TEHNICIAN IN INDUSTRIA TEXTILA": 3, "TEHNICIAN OPERATOR TEHNICA DE CALCUL": 28, "MATEMATICA-INFORMATICA": 30, "TEHNICIAN IN INSTALATII ELECTRICE": 29, "TEHNICIAN IN AUTOMATIZARI": 28, "TEHNICIAN MECANIC PENTRU INTRETINERE SI REPARATII": 53, "TEHNICIAN DESENATOR PENTRU CONSTRUCTII SI INSTALATII": 27, "TEHNICIAN IN ADMINISTRATIE": 1, "TEHNICIAN ELECTROTEHNIST": 1}, "limba_moderna": {"LIMBA ENGLEZA": 232, "LIMBA FRANCEZA": 61}, "limba_materna": {"LIMBA ROMANA": 293}, "promotie_anterioara": {"NU": 224, "DA": 69}, "materii": {"LIMBA ROMANA": {"medie": 5.4608365019011424, "reusita": 67.91808873720136, "cnt": 293}, "MATEMATICA TEHN": {"medie": 5.706854838709676, "reusita": 67.30038022813687, "cnt": 263}, "BIOLOGIE VEGETALA SI ANIMALA": {"medie": 4.477812500000001, "reusita": 35.67567567567568, "cnt": 185}, "GENERAL": {"medie": 5.522503242542155, "reusita": 32.081911262798634, "cnt": 293}, "MATEMATICA MATE-INFO": {"medie": 3.7600000000000002, "reusita": 13.333333333333334, "cnt": 30}, "GEOGRAFIE": {"medie": 8.251851851851852, "reusita": 100.0, "cnt": 27}, "FIZICA TEH": {"medie": 6.933333333333334, "reusita": 88.88888888888889, "cnt": 9}, "ANATOMIE SI FIZIOLOGIE UMANA, GENETICA SI ECOLOGIE UMANA": {"medie": 6.499122807017543, "reusita": 83.05084745762711, "cnt": 59}, "FIZICA TEO": {"medie": 4.6, "reusita": 28.57142857142857, "cnt": 7}, "CHIMIE ORGANICA TEH NIVEL I/II": {"medie": 6.533333333333334, "reusita": 100.0, "cnt": 6}}, "nume": "COLEGIUL TEHNIC MOTRU\tGorj"}