{"specializari": {"TEHNICIAN IN ACTIVITATI ECONOMICE": 284, "TEHNICIAN IN TURISM": 31}, "limba_moderna": {"LIMBA ENGLEZA": 307, "LIMBA FRANCEZA": 2, "LIMBA RUSA": 6}, "limba_materna": {"LIMBA ROMANA": 315}, "promotie_anterioara": {"NU": 310, "DA": 5}, "materii": {"LIMBA ROMANA": {"medie": 8.041719745222936, "reusita": 99.36507936507937, "cnt": 315}, "MATEMATICA TEHN": {"medie": 8.946190476190479, "reusita": 99.68253968253968, "cnt": 315}, "GENERAL": {"medie": 8.604647435897434, "reusita": 97.46031746031746, "cnt": 315}, "GEOGRAFIE": {"medie": 8.906776556776558, "reusita": 98.9090909090909, "cnt": 275}, "LOGICA, ARGUMENTARE SI COMUNICARE": {"medie": 8.518181818181818, "reusita": 100.0, "cnt": 11}, "PSIHOLOGIE": {"medie": 8.05, "reusita": 100.0, "cnt": 3}, "ECONOMIE": {"medie": 7.576923076923077, "reusita": 92.3076923076923, "cnt": 26}}, "nume": "COLEGIUL ECONOMIC \"V. MADGEARU\"\tBucure\u0219ti"}