{"specializari": {"LICEU CU PROGRAM SPORTIV": 22, "TEHNICIAN PROIECTANT CAD": 11, "TEHNICIAN IN INSTALATII ELECTRICE": 2, "TEHNICIAN MECATRONIST": 3, "TEHNICIAN MECANIC PENTRU INTRETINERE SI REPARATII": 5, "TEHNICIAN PRELUCRARI MECANICE": 1}, "limba_moderna": {"LIMBA ENGLEZA": 43, "LIMBA FRANCEZA": 1}, "limba_materna": {"LIMBA ROMANA": 44}, "promotie_anterioara": {"NU": 24, "DA": 20}, "materii": {"LIMBA ROMANA": {"medie": 5.401190476190475, "reusita": 79.54545454545455, "cnt": 44}, "MATEMATICA TEHN": {"medie": 4.4025, "reusita": 59.09090909090909, "cnt": 22}, "BIOLOGIE VEGETALA SI ANIMALA": {"medie": 3.822222222222222, "reusita": 36.84210526315789, "cnt": 19}, "GENERAL": {"medie": 5.794871794871795, "reusita": 47.72727272727273, "cnt": 44}, "GEOGRAFIE": {"medie": 7.673809523809524, "reusita": 100.0, "cnt": 21}, "FIZICA TEH": {"medie": 5.0, "reusita": 100.0, "cnt": 1}, "CHIMIE ANORGANICA TEH NIVEL I/II": {"medie": 5.475, "reusita": 50.0, "cnt": 2}, "ISTORIE": {"medie": 6.986363636363637, "reusita": 100.0, "cnt": 22}, "LOGICA, ARGUMENTARE SI COMUNICARE": {"medie": 8.5, "reusita": 100.0, "cnt": 1}}, "nume": "COLEGIUL TEHNIC MECANIC \"GRIVITA\"\tBucure\u0219ti"}