{"specializari": {"TEHNICIAN IN SILVICULTURA SI EXPLOATARI FORESTIERE": 31, "STIINTE ALE NATURII": 17, "MATEMATICA-INFORMATICA": 1}, "limba_moderna": {"LIMBA ENGLEZA": 47, "LIMBA FRANCEZA": 2}, "limba_materna": {"LIMBA ROMANA": 49}, "promotie_anterioara": {"NU": 36, "DA": 13}, "materii": {"LIMBA ROMANA": {"medie": 5.855714285714284, "reusita": 63.26530612244898, "cnt": 49}, "MATEMATICA TEHN": {"medie": 4.637500000000001, "reusita": 51.61290322580645, "cnt": 31}, "BIOLOGIE VEGETALA SI ANIMALA": {"medie": 4.812500000000002, "reusita": 40.816326530612244, "cnt": 49}, "GENERAL": {"medie": 4.990476190476191, "reusita": 20.408163265306122, "cnt": 49}, "MATEMATICA MATE-INFO": {"medie": 5.0, "reusita": 100.0, "cnt": 1}, "MATEMATICA ST-NAT": {"medie": 2.1571428571428575, "reusita": 5.88235294117647, "cnt": 17}}, "nume": "COLEGIUL SILVIC \"THEODOR PIETRARU\" BRANESTI\tIlfov"}