{"specializari": {"TEHNICIAN IN ACTIVITATI ECONOMICE": 53, "TEHNICIAN IN AUTOMATIZARI": 18, "TEHNICIAN DE TELECOMUNICATII": 24, "MATEMATICA-INFORMATICA": 48, "TEHNICIAN TRANSPORTURI": 10, "TEHNICIAN IN INSTALATII ELECTRICE": 11}, "limba_moderna": {"LIMBA ENGLEZA": 159, "LIMBA ITALIANA": 2, "LIMBA FRANCEZA": 3}, "limba_materna": {"LIMBA ROMANA": 164}, "promotie_anterioara": {"NU": 147, "DA": 17}, "materii": {"LIMBA ROMANA": {"medie": 6.6544375, "reusita": 85.36585365853658, "cnt": 164}, "MATEMATICA TEHN": {"medie": 6.815929203539824, "reusita": 83.62068965517241, "cnt": 116}, "BIOLOGIE VEGETALA SI ANIMALA": {"medie": 5.48310810810811, "reusita": 57.14285714285714, "cnt": 77}, "GENERAL": {"medie": 6.763945147679325, "reusita": 64.02439024390245, "cnt": 164}, "MATEMATICA MATE-INFO": {"medie": 6.619148936170212, "reusita": 77.08333333333334, "cnt": 48}, "INFORMATICA MI C/C++": {"medie": 7.287500000000001, "reusita": 93.10344827586206, "cnt": 29}, "GEOGRAFIE": {"medie": 8.409615384615389, "reusita": 98.11320754716981, "cnt": 53}, "FIZICA TEH": {"medie": "-", "reusita": 0.0, "cnt": 1}, "CHIMIE ANORGANICA TEH NIVEL I/II": {"medie": 6.425, "reusita": 100.0, "cnt": 2}, "CHIMIE ORGANICA TEO NIVEL I/II": {"medie": 7.525, "reusita": 100.0, "cnt": 2}}, "nume": "COLEGIUL TEHNIC \"INFOEL\" BISTRITA\tBistri\u021ba-N\u0103s\u0103ud"}