{"specializari": {"STIINTE SOCIALE": 13, "ORGANIZATOR BANQUETING": 5, "TEHNICIAN IN INDUSTRIA ALIMENTARA": 1, "TEHNICIAN IN ACTIVITATI ECONOMICE": 1}, "limba_moderna": {"LIMBA FRANCEZA": 2, "LIMBA ENGLEZA": 18}, "limba_materna": {"LIMBA ROMANA": 20}, "promotie_anterioara": {"DA": 8, "NU": 12}, "materii": {"LIMBA ROMANA": {"medie": 4.542307692307693, "reusita": 30.0, "cnt": 20}, "MATEMATICA TEHN": {"medie": 3.033333333333333, "reusita": 14.285714285714285, "cnt": 7}, "BIOLOGIE VEGETALA SI ANIMALA": {"medie": "-", "reusita": 0.0, "cnt": 1}, "GENERAL": {"medie": 4.984615384615386, "reusita": 15.0, "cnt": 20}, "GEOGRAFIE": {"medie": 5.658333333333334, "reusita": 50.0, "cnt": 18}, "ISTORIE": {"medie": 5.122727272727273, "reusita": 53.84615384615385, "cnt": 13}, "LOGICA, ARGUMENTARE SI COMUNICARE": {"medie": 3.0, "reusita": 0.0, "cnt": 1}}, "nume": "COLEGIUL \"AUREL VIJOLI\" FAGARAS\tBra\u0219ov"}