{"specializari": {"MATEMATICA-INFORMATICA": 87, "FILOLOGIE": 34, "STIINTE SOCIALE": 38, "STIINTE ALE NATURII": 35}, "limba_moderna": {"LIMBA ENGLEZA": 176, "LIMBA FRANCEZA": 18}, "limba_materna": {"LIMBA ROMANA": 194}, "promotie_anterioara": {"NU": 186, "DA": 8}, "materii": {"LIMBA ROMANA": {"medie": 7.8926701570680615, "reusita": 97.9381443298969, "cnt": 194}, "BIOLOGIE VEGETALA SI ANIMALA": {"medie": 7.525531914893616, "reusita": 95.74468085106383, "cnt": 47}, "GENERAL": {"medie": 8.207329842931937, "reusita": 92.78350515463917, "cnt": 194}, "MATEMATICA MATE-INFO": {"medie": 7.6494252873563235, "reusita": 93.10344827586206, "cnt": 87}, "GEOGRAFIE": {"medie": 9.261363636363635, "reusita": 97.05882352941177, "cnt": 68}, "ANATOMIE SI FIZIOLOGIE UMANA, GENETICA SI ECOLOGIE UMANA": {"medie": 8.416666666666666, "reusita": 100.0, "cnt": 3}, "ISTORIE": {"medie": 7.752142857142858, "reusita": 95.83333333333334, "cnt": 72}, "FIZICA TEO": {"medie": 9.007777777777777, "reusita": 100.0, "cnt": 45}, "MATEMATICA ST-NAT": {"medie": 9.154285714285715, "reusita": 97.14285714285714, "cnt": 35}, "LOGICA, ARGUMENTARE SI COMUNICARE": {"medie": 9.4, "reusita": 100.0, "cnt": 2}, "ECONOMIE": {"medie": 7.35, "reusita": 100.0, "cnt": 2}, "CHIMIE ORGANICA TEO NIVEL I/II": {"medie": 9.075925925925926, "reusita": 100.0, "cnt": 27}}, "nume": "COLEGIUL NATIONAL \"GEORGE COSBUC\" MOTRU\tGorj"}