{"specializari": {"TEHNICIAN POLIGRAF": 63, "TEHNICIAN PRODUCTIE FILM SI TELEVIZIUNE": 56, "LICEU CU PROGRAM SPORTIV": 46, "MATEMATICA-INFORMATICA": 15, "TEHNICIAN OPERATOR PROCESARE TEXT IMAGINE": 29, "TEHNICIAN MECATRONIST": 4, "STIINTE ALE NATURII": 1}, "limba_moderna": {"LIMBA ENGLEZA": 214}, "limba_materna": {"LIMBA ROMANA": 214}, "promotie_anterioara": {"NU": 127, "DA": 87}, "materii": {"LIMBA ROMANA": {"medie": 5.407524271844656, "reusita": 74.76635514018692, "cnt": 214}, "MATEMATICA TEHN": {"medie": 4.875694444444444, "reusita": 57.23684210526315, "cnt": 152}, "BIOLOGIE VEGETALA SI ANIMALA": {"medie": 4.193548387096775, "reusita": 37.3134328358209, "cnt": 134}, "GENERAL": {"medie": 5.168939393939396, "reusita": 28.971962616822427, "cnt": 214}, "MATEMATICA MATE-INFO": {"medie": 3.2966666666666673, "reusita": 33.33333333333333, "cnt": 15}, "INFORMATICA MI C/C++": {"medie": 4.65, "reusita": 50.0, "cnt": 2}, "GEOGRAFIE": {"medie": 6.9911111111111115, "reusita": 88.88888888888889, "cnt": 45}, "FIZICA TEH": {"medie": 6.971428571428572, "reusita": 100.0, "cnt": 7}, "ANATOMIE SI FIZIOLOGIE UMANA, GENETICA SI ECOLOGIE UMANA": {"medie": 5.65, "reusita": 100.0, "cnt": 2}, "CHIMIE ANORGANICA TEH NIVEL I/II": {"medie": 4.342499999999999, "reusita": 30.0, "cnt": 20}, "ISTORIE": {"medie": 5.957954545454545, "reusita": 86.95652173913044, "cnt": 46}, "FIZICA TEO": {"medie": 4.85, "reusita": 0.0, "cnt": 1}, "MATEMATICA ST-NAT": {"medie": 5.0, "reusita": 100.0, "cnt": 1}, "LOGICA, ARGUMENTARE SI COMUNICARE": {"medie": 6.3, "reusita": 100.0, "cnt": 1}, "CHIMIE ANORGANICA TEO NIVEL I/II": {"medie": 6.275, "reusita": 100.0, "cnt": 2}}, "nume": "COLEGIUL TEHNIC \"MEDIA\"\tBucure\u0219ti"}