{"specializari": {"TEHNICIAN IN ACTIVITATI ECONOMICE": 81, "TEHNICIAN IN TURISM": 24, "ORGANIZATOR BANQUETING": 22, "TEHNICIAN IN GASTRONOMIE": 32, "TEHNICIAN IN ACTIVITATI DE COMERT": 3, "TEHNICIAN IN ACHIZITII SI CONTRACTARI": 23}, "limba_moderna": {"LIMBA ENGLEZA": 162, "LIMBA FRANCEZA": 23}, "limba_materna": {"LIMBA ROMANA": 185}, "promotie_anterioara": {"NU": 176, "DA": 9}, "materii": {"LIMBA ROMANA": {"medie": 7.85625, "reusita": 99.45945945945947, "cnt": 185}, "MATEMATICA TEHN": {"medie": 8.226902173913043, "reusita": 97.83783783783784, "cnt": 185}, "GENERAL": {"medie": 8.208605072463767, "reusita": 97.2972972972973, "cnt": 185}, "GEOGRAFIE": {"medie": 8.628571428571432, "reusita": 100.0, "cnt": 133}, "LOGICA, ARGUMENTARE SI COMUNICARE": {"medie": 8.304, "reusita": 96.07843137254902, "cnt": 51}, "PSIHOLOGIE": {"medie": 9.05, "reusita": 100.0, "cnt": 1}}, "nume": "COLEGIUL ECONOMIC \"DIONISIE POP MARTIAN\" ALBA IULIA\tAlba"}