{"specializari": {"TEHNICIAN MECATRONIST": 11, "TEHNICIAN MECANIC PENTRU INTRETINERE SI REPARATII": 8, "TEHNICIAN DESENATOR PENTRU CONSTRUCTII SI INSTALATII": 15, "LICEU CU PROGRAM SPORTIV": 51, "TEHNICIAN INSTALATOR PENTRU CONSTRUCTII": 9, "TEHNICIAN IN CONSTRUCTII SI LUCRARI PUBLICE": 9, "TEHNICIAN ELECTROTEHNIST": 1, "TEHNICIAN IN ACTIVITATI ECONOMICE": 2}, "limba_moderna": {"LIMBA ENGLEZA": 104, "LIMBA FRANCEZA": 2}, "limba_materna": {"LIMBA ROMANA": 106}, "promotie_anterioara": {"DA": 70, "NU": 36}, "materii": {"LIMBA ROMANA": {"medie": 5.623529411764706, "reusita": 80.18867924528303, "cnt": 106}, "MATEMATICA TEHN": {"medie": 4.6754901960784325, "reusita": 63.63636363636363, "cnt": 55}, "BIOLOGIE VEGETALA SI ANIMALA": {"medie": 4.741025641025642, "reusita": 53.48837209302325, "cnt": 43}, "GENERAL": {"medie": 5.699305555555555, "reusita": 37.735849056603776, "cnt": 106}, "GEOGRAFIE": {"medie": 7.19264705882353, "reusita": 94.28571428571428, "cnt": 35}, "FIZICA TEH": {"medie": 4.966666666666667, "reusita": 44.44444444444444, "cnt": 9}, "ISTORIE": {"medie": 6.697959183673469, "reusita": 94.11764705882352, "cnt": 51}, "LOGICA, ARGUMENTARE SI COMUNICARE": {"medie": 6.9, "reusita": 100.0, "cnt": 1}, "PSIHOLOGIE": {"medie": 5.2, "reusita": 100.0, "cnt": 1}, "ECONOMIE": {"medie": 4.249999999999999, "reusita": 50.0, "cnt": 12}, "FILOSOFIE": {"medie": 4.7, "reusita": 75.0, "cnt": 4}, "CHIMIE ORGANICA TEH NIVEL I/II": {"medie": 1.8, "reusita": 0.0, "cnt": 1}}, "nume": "COLEGIUL TEHNIC \"ANGHEL SALIGNY\"\tBucure\u0219ti"}