{"specializari": {"TEHNICIAN VETERINAR": 22, "TEHNICIAN AGROMONTAN": 22, "TEHNICIAN IN ACHIZITII SI CONTRACTARI": 21, "TEHNICIAN IN AGROTURISM": 18, "TEHNICIAN MECANIC PENTRU INTRETINERE SI REPARATII": 9, "TEHNICIAN IN ACTIVITATI DE COMERT": 5, "TEHNICIAN ECOLOG SI PROTECTIA CALITATII MEDIULUI": 3}, "limba_moderna": {"LIMBA ENGLEZA": 88, "LIMBA GERMANA MODERNA": 2, "LIMBA FRANCEZA": 10}, "limba_materna": {"LIMBA ROMANA": 100}, "promotie_anterioara": {"NU": 78, "DA": 22}, "materii": {"LIMBA ROMANA": {"medie": 6.778787878787879, "reusita": 92.0, "cnt": 100}, "MATEMATICA TEHN": {"medie": 6.328282828282828, "reusita": 85.0, "cnt": 100}, "BIOLOGIE VEGETALA SI ANIMALA": {"medie": 6.095138888888887, "reusita": 87.67123287671232, "cnt": 73}, "GENERAL": {"medie": 6.5258503401360555, "reusita": 69.0, "cnt": 100}, "GEOGRAFIE": {"medie": 7.886111111111112, "reusita": 100.0, "cnt": 18}, "ANATOMIE SI FIZIOLOGIE UMANA, GENETICA SI ECOLOGIE UMANA": {"medie": 7.8, "reusita": 100.0, "cnt": 1}, "ECONOMIE": {"medie": 6.2625, "reusita": 100.0, "cnt": 8}}, "nume": "COLEGIUL AGRICOL \"DANIIL POPOVICI BARCIANU\" SIBIU\tSibiu"}