{"specializari": {"TEHNICIAN IN ACTIVITATI DE COMERT": 20, "TEHNICIAN IN TURISM": 58, "MATEMATICA-INFORMATICA": 45, "TEHNICIAN IN ACTIVITATI ECONOMICE": 103, "TEHNICIAN IN GASTRONOMIE": 25, "COAFOR STILIST": 26, "TEHNICIAN IN ADMINISTRATIE": 18}, "limba_moderna": {"LIMBA ENGLEZA": 230, "LIMBA FRANCEZA": 65}, "limba_materna": {"LIMBA ROMANA": 295}, "promotie_anterioara": {"NU": 284, "DA": 11}, "materii": {"LIMBA ROMANA": {"medie": 7.109075342465748, "reusita": 96.27118644067797, "cnt": 295}, "MATEMATICA TEHN": {"medie": 7.611825726141078, "reusita": 91.2, "cnt": 250}, "BIOLOGIE VEGETALA SI ANIMALA": {"medie": 5.3, "reusita": 100.0, "cnt": 1}, "GENERAL": {"medie": 7.523180751173708, "reusita": 85.76271186440678, "cnt": 295}, "MATEMATICA MATE-INFO": {"medie": 7.950000000000002, "reusita": 95.55555555555556, "cnt": 45}, "INFORMATICA MI C/C++": {"medie": 7.421739130434781, "reusita": 95.65217391304348, "cnt": 23}, "GEOGRAFIE": {"medie": 8.217094017094018, "reusita": 96.63865546218487, "cnt": 119}, "ANATOMIE SI FIZIOLOGIE UMANA, GENETICA SI ECOLOGIE UMANA": {"medie": 8.085714285714285, "reusita": 100.0, "cnt": 21}, "LOGICA, ARGUMENTARE SI COMUNICARE": {"medie": 7.521794871794873, "reusita": 90.75630252100841, "cnt": 119}, "PSIHOLOGIE": {"medie": 5.45, "reusita": 100.0, "cnt": 1}, "ECONOMIE": {"medie": 5.659090909090909, "reusita": 72.72727272727273, "cnt": 11}}, "nume": "COLEGIUL ECONOMIC \"DIMITRIE CANTEMIR\" SUCEAVA\tSuceava"}