{"specializari": {"TEHNICIAN IN ACTIVITATI DE COMERT": 46, "TEHNICIAN IN TURISM": 29, "TEHNICIAN IN ACTIVITATI ECONOMICE": 55, "TEHNICIAN IN GASTRONOMIE": 25, "ORGANIZATOR BANQUETING": 9}, "limba_moderna": {"LIMBA ENGLEZA": 157, "LIMBA FRANCEZA": 7}, "limba_materna": {"LIMBA ROMANA": 164}, "promotie_anterioara": {"DA": 26, "NU": 138}, "materii": {"LIMBA ROMANA": {"medie": 4.889171974522295, "reusita": 60.97560975609756, "cnt": 164}, "MATEMATICA TEHN": {"medie": 5.182484076433126, "reusita": 58.536585365853654, "cnt": 164}, "GENERAL": {"medie": 5.5275974025974, "reusita": 42.073170731707314, "cnt": 164}, "GEOGRAFIE": {"medie": 5.735714285714287, "reusita": 65.0, "cnt": 60}, "LOGICA, ARGUMENTARE SI COMUNICARE": {"medie": 6.805154639175256, "reusita": 76.47058823529412, "cnt": 102}, "ECONOMIE": {"medie": 7.1, "reusita": 50.0, "cnt": 2}}, "nume": "COLEGIUL ECONOMIC MANGALIA\tConstan\u021ba"}