{"specializari": {"STIINTE ALE NATURII": 17, "FILOLOGIE": 20, "STIINTE SOCIALE": 22, "TEOLOGIE ROMANO-CATOLICA": 1, "MATEMATICA-INFORMATICA": 19}, "limba_moderna": {"LIMBA ENGLEZA": 77, "LIMBA ITALIANA": 1, "LIMBA FRANCEZA": 1}, "limba_materna": {"LIMBA ROMANA": 79}, "promotie_anterioara": {"NU": 72, "DA": 7}, "materii": {"LIMBA ROMANA": {"medie": 7.454430379746838, "reusita": 97.46835443037975, "cnt": 79}, "GENERAL": {"medie": 8.164556962025317, "reusita": 93.67088607594937, "cnt": 79}, "MATEMATICA MATE-INFO": {"medie": 8.692105263157895, "reusita": 100.0, "cnt": 19}, "INFORMATICA MI C/C++": {"medie": 9.515384615384615, "reusita": 100.0, "cnt": 13}, "INFORMATICA MI PASCAL": {"medie": 6.7, "reusita": 100.0, "cnt": 1}, "GEOGRAFIE": {"medie": 8.427499999999998, "reusita": 97.5, "cnt": 40}, "ANATOMIE SI FIZIOLOGIE UMANA, GENETICA SI ECOLOGIE UMANA": {"medie": 8.838461538461537, "reusita": 100.0, "cnt": 13}, "ISTORIE": {"medie": 7.940697674418607, "reusita": 100.0, "cnt": 43}, "MATEMATICA ST-NAT": {"medie": 9.217647058823529, "reusita": 100.0, "cnt": 17}, "LOGICA, ARGUMENTARE SI COMUNICARE": {"medie": 8.450000000000001, "reusita": 100.0, "cnt": 3}, "CHIMIE ORGANICA TEO NIVEL I/II": {"medie": 8.33888888888889, "reusita": 100.0, "cnt": 9}}, "nume": "COLEGIUL NATIONAL \"OCTAVIAN GOGA\" MIERCUREA CIUC\tHarghita"}