{"specializari": {"FILOLOGIE": 122, "INVATATOR - EDUCATOARE": 27, "STIINTE SOCIALE": 29}, "limba_moderna": {"LIMBA ENGLEZA": 121, "LIMBA FRANCEZA": 30, "LIMBA SPANIOLA": 27}, "limba_materna": {"LIMBA ROMANA": 178}, "promotie_anterioara": {"NU": 173, "DA": 5}, "materii": {"LIMBA ROMANA": {"medie": 7.6115168539325815, "reusita": 97.75280898876404, "cnt": 178}, "GENERAL": {"medie": 7.898595505617975, "reusita": 90.4494382022472, "cnt": 178}, "MATEMATICA PED": {"medie": 7.946296296296297, "reusita": 92.5925925925926, "cnt": 27}, "GEOGRAFIE": {"medie": 8.802479338842973, "reusita": 100.0, "cnt": 121}, "ISTORIE": {"medie": 7.6317880794701995, "reusita": 98.67549668874173, "cnt": 151}, "LOGICA, ARGUMENTARE SI COMUNICARE": {"medie": 8.500000000000002, "reusita": 100.0, "cnt": 11}, "SOCIOLOGIE": {"medie": 7.370270270270268, "reusita": 94.5945945945946, "cnt": 37}, "PSIHOLOGIE": {"medie": 6.4125, "reusita": 75.0, "cnt": 4}, "ECONOMIE": {"medie": 7.25, "reusita": 100.0, "cnt": 3}, "FILOSOFIE": {"medie": 8.675, "reusita": 100.0, "cnt": 2}}, "nume": "COLEGIUL NATIONAL PEDAGOGIC \"SPIRU HARET\" FOCSANI\tVrancea"}