{"specializari": {"MATEMATICA-INFORMATICA": 84, "FILOLOGIE": 21, "STIINTE SOCIALE": 29, "STIINTE ALE NATURII": 60}, "limba_moderna": {"LIMBA ENGLEZA": 194}, "limba_materna": {"LIMBA ROMANA": 194}, "promotie_anterioara": {"NU": 194}, "materii": {"LIMBA ROMANA": {"medie": 8.44536082474227, "reusita": 100.0, "cnt": 194}, "BIOLOGIE VEGETALA SI ANIMALA": {"medie": 8.253333333333332, "reusita": 100.0, "cnt": 15}, "GENERAL": {"medie": 8.881013745704465, "reusita": 100.0, "cnt": 194}, "MATEMATICA MATE-INFO": {"medie": 9.39702380952381, "reusita": 100.0, "cnt": 84}, "INFORMATICA MI C/C++": {"medie": 8.996875000000001, "reusita": 100.0, "cnt": 16}, "GEOGRAFIE": {"medie": 9.602380952380955, "reusita": 100.0, "cnt": 21}, "ANATOMIE SI FIZIOLOGIE UMANA, GENETICA SI ECOLOGIE UMANA": {"medie": 8.941666666666668, "reusita": 100.0, "cnt": 6}, "ISTORIE": {"medie": 8.802999999999999, "reusita": 100.0, "cnt": 50}, "FIZICA TEO": {"medie": 8.725, "reusita": 100.0, "cnt": 52}, "MATEMATICA ST-NAT": {"medie": 9.193333333333332, "reusita": 100.0, "cnt": 60}, "LOGICA, ARGUMENTARE SI COMUNICARE": {"medie": 8.857142857142858, "reusita": 100.0, "cnt": 7}, "SOCIOLOGIE": {"medie": 9.244444444444444, "reusita": 100.0, "cnt": 9}, "PSIHOLOGIE": {"medie": 9.28, "reusita": 100.0, "cnt": 5}, "ECONOMIE": {"medie": 8.15625, "reusita": 100.0, "cnt": 8}, "CHIMIE ORGANICA TEO NIVEL I/II": {"medie": 9.387037037037038, "reusita": 100.0, "cnt": 54}, "INFORMATICA SN C/C++": {"medie": 8.75, "reusita": 100.0, "cnt": 1}}, "nume": "COLEGIUL NATIONAL \"GHEORGHE MUNTEANU MURGOCI\"\tBr\u0103ila"}