{"specializari": {"INVATATOR - EDUCATOARE": 54, "STIINTE SOCIALE": 31, "MATEMATICA-INFORMATICA": 22, "FILOLOGIE": 24}, "limba_moderna": {"LIMBA ENGLEZA": 131}, "limba_materna": {"LIMBA ROMANA": 131}, "promotie_anterioara": {"NU": 128, "DA": 3}, "materii": {"LIMBA ROMANA": {"medie": 7.220155038759695, "reusita": 98.47328244274809, "cnt": 131}, "GENERAL": {"medie": 7.831770833333331, "reusita": 94.65648854961832, "cnt": 131}, "MATEMATICA MATE-INFO": {"medie": 7.493181818181818, "reusita": 100.0, "cnt": 22}, "INFORMATICA MI C/C++": {"medie": 7.57, "reusita": 100.0, "cnt": 5}, "MATEMATICA PED": {"medie": 8.068867924528298, "reusita": 96.29629629629629, "cnt": 54}, "GEOGRAFIE": {"medie": 8.75, "reusita": 88.88888888888889, "cnt": 9}, "ANATOMIE SI FIZIOLOGIE UMANA, GENETICA SI ECOLOGIE UMANA": {"medie": 8.441666666666668, "reusita": 100.0, "cnt": 6}, "ISTORIE": {"medie": 8.027777777777777, "reusita": 96.36363636363636, "cnt": 55}, "FIZICA TEO": {"medie": 7.8, "reusita": 100.0, "cnt": 4}, "LOGICA, ARGUMENTARE SI COMUNICARE": {"medie": 8.516666666666666, "reusita": 98.93617021276596, "cnt": 94}, "PSIHOLOGIE": {"medie": 7.8, "reusita": 100.0, "cnt": 3}, "ECONOMIE": {"medie": 6.5, "reusita": 100.0, "cnt": 1}, "CHIMIE ORGANICA TEO NIVEL I/II": {"medie": 5.957142857142857, "reusita": 71.42857142857143, "cnt": 7}, "FILOSOFIE": {"medie": 8.125, "reusita": 100.0, "cnt": 2}}, "nume": "COLEGIUL NATIONAL PEDAGOGIC \"CONSTANTIN BRATESCU\" CONSTANTA\tConstan\u021ba"}