{"specializari": {"MATEMATICA-INFORMATICA": 44, "STIINTE ALE NATURII": 49, "STIINTE SOCIALE": 51, "FILOLOGIE": 34, "TEHNICIAN DESENATOR PENTRU CONSTRUCTII SI INSTALATII": 1, "TEHNICIAN PRELUCRARI MECANICE": 1, "TEHNICIAN MECANIC PENTRU INTRETINERE SI REPARATII": 1}, "limba_moderna": {"LIMBA ENGLEZA": 162, "LIMBA FRANCEZA": 19}, "limba_materna": {"LIMBA ROMANA": 181}, "promotie_anterioara": {"NU": 143, "DA": 38}, "materii": {"LIMBA ROMANA": {"medie": 7.015277777777782, "reusita": 96.13259668508287, "cnt": 181}, "MATEMATICA TEHN": {"medie": 5.15, "reusita": 66.66666666666666, "cnt": 3}, "BIOLOGIE VEGETALA SI ANIMALA": {"medie": 6.110526315789475, "reusita": 89.47368421052632, "cnt": 19}, "GENERAL": {"medie": 7.168095238095239, "reusita": 78.45303867403315, "cnt": 181}, "MATEMATICA MATE-INFO": {"medie": 6.393023255813953, "reusita": 88.63636363636364, "cnt": 44}, "INFORMATICA MI C/C++": {"medie": 6.126666666666665, "reusita": 80.0, "cnt": 15}, "GEOGRAFIE": {"medie": 7.942222222222226, "reusita": 95.65217391304348, "cnt": 46}, "FIZICA TEH": {"medie": "-", "reusita": 0.0, "cnt": 2}, "ANATOMIE SI FIZIOLOGIE UMANA, GENETICA SI ECOLOGIE UMANA": {"medie": 7.483333333333334, "reusita": 100.0, "cnt": 30}, "CHIMIE ANORGANICA TEH NIVEL I/II": {"medie": 2.5, "reusita": 0.0, "cnt": 1}, "ISTORIE": {"medie": 7.363529411764706, "reusita": 100.0, "cnt": 85}, "FIZICA TEO": {"medie": 5.8625, "reusita": 75.0, "cnt": 4}, "MATEMATICA ST-NAT": {"medie": 7.589795918367349, "reusita": 97.95918367346938, "cnt": 49}, "LOGICA, ARGUMENTARE SI COMUNICARE": {"medie": 7.3814814814814795, "reusita": 92.5925925925926, "cnt": 27}, "SOCIOLOGIE": {"medie": 7.9818181818181815, "reusita": 100.0, "cnt": 11}, "PSIHOLOGIE": {"medie": 7.9, "reusita": 100.0, "cnt": 1}, "CHIMIE ORGANICA TEO NIVEL I/II": {"medie": 7.6, "reusita": 100.0, "cnt": 1}, "CHIMIE ANORGANICA TEO NIVEL I/II": {"medie": 6.715217391304349, "reusita": 83.33333333333334, "cnt": 24}}, "nume": "COLEGIUL \"NICOLAE TITULESCU\" BRASOV\tBra\u0219ov"}