{"specializari": {"MATEMATICA-INFORMATICA": 62, "STIINTE ALE NATURII": 105, "FILOLOGIE": 28}, "limba_moderna": {"LIMBA ENGLEZA": 172, "LIMBA FRANCEZA": 19, "LIMBA RUSA": 3, "LIMBA GERMANA MODERNA": 1}, "limba_materna": {"LIMBA ROMANA": 195}, "promotie_anterioara": {"NU": 174, "DA": 21}, "materii": {"LIMBA ROMANA": {"medie": 8.38342105263158, "reusita": 92.3076923076923, "cnt": 195}, "BIOLOGIE VEGETALA SI ANIMALA": {"medie": 8.855, "reusita": 100.0, "cnt": 10}, "GENERAL": {"medie": 8.542934782608697, "reusita": 80.51282051282051, "cnt": 195}, "MATEMATICA MATE-INFO": {"medie": 9.373387096774195, "reusita": 96.7741935483871, "cnt": 62}, "INFORMATICA MI C/C++": {"medie": 9.352380952380953, "reusita": 100.0, "cnt": 21}, "GEOGRAFIE": {"medie": 9.467999999999998, "reusita": 100.0, "cnt": 25}, "ANATOMIE SI FIZIOLOGIE UMANA, GENETICA SI ECOLOGIE UMANA": {"medie": 7.927222222222222, "reusita": 78.78787878787878, "cnt": 99}, "ISTORIE": {"medie": 9.230357142857143, "reusita": 100.0, "cnt": 28}, "FIZICA TEO": {"medie": 9.33888888888889, "reusita": 100.0, "cnt": 9}, "MATEMATICA ST-NAT": {"medie": 7.484210526315789, "reusita": 71.42857142857143, "cnt": 105}, "LOGICA, ARGUMENTARE SI COMUNICARE": {"medie": 9.7, "reusita": 100.0, "cnt": 3}, "CHIMIE ORGANICA TEO NIVEL I/II": {"medie": 9.395652173913042, "reusita": 100.0, "cnt": 23}, "CHIMIE ANORGANICA TEO NIVEL I/II": {"medie": 9.5, "reusita": 100.0, "cnt": 2}, "INFORMATICA SN C/C++": {"medie": 9.700000000000001, "reusita": 100.0, "cnt": 3}}, "nume": "COLEGIUL NATIONAL \"EMIL RACOVITA\", IASI\tIa\u0219i"}