{"specializari": {"INVATATOR - EDUCATOARE": 30, "FILOLOGIE": 60, "MATEMATICA-INFORMATICA": 31}, "limba_moderna": {"LIMBA ENGLEZA": 87, "LIMBA SPANIOLA": 18, "LIMBA FRANCEZA": 16}, "limba_materna": {"LIMBA ROMANA": 121}, "promotie_anterioara": {"NU": 120, "DA": 1}, "materii": {"LIMBA ROMANA": {"medie": 8.641249999999994, "reusita": 99.17355371900827, "cnt": 121}, "BIOLOGIE VEGETALA SI ANIMALA": {"medie": 8.55, "reusita": 100.0, "cnt": 1}, "GENERAL": {"medie": 8.788375350140061, "reusita": 95.86776859504133, "cnt": 121}, "MATEMATICA MATE-INFO": {"medie": 9.337096774193547, "reusita": 100.0, "cnt": 31}, "INFORMATICA MI C/C++": {"medie": 9.221428571428573, "reusita": 100.0, "cnt": 7}, "MATEMATICA PED": {"medie": 9.406666666666668, "reusita": 96.66666666666667, "cnt": 30}, "GEOGRAFIE": {"medie": 8.65, "reusita": 100.0, "cnt": 5}, "ANATOMIE SI FIZIOLOGIE UMANA, GENETICA SI ECOLOGIE UMANA": {"medie": 8.65, "reusita": 100.0, "cnt": 6}, "ISTORIE": {"medie": 7.991379310344829, "reusita": 96.66666666666667, "cnt": 60}, "FIZICA TEO": {"medie": 9.076666666666664, "reusita": 100.0, "cnt": 15}, "LOGICA, ARGUMENTARE SI COMUNICARE": {"medie": 8.985999999999997, "reusita": 97.36842105263158, "cnt": 76}, "SOCIOLOGIE": {"medie": 8.9, "reusita": 100.0, "cnt": 4}, "PSIHOLOGIE": {"medie": 9.830000000000002, "reusita": 100.0, "cnt": 5}, "CHIMIE ORGANICA TEO NIVEL I/II": {"medie": 8.65, "reusita": 100.0, "cnt": 2}}, "nume": "COLEGIUL NATIONAL PEDAGOGIC \"REGINA MARIA\", MUNICIPIUL PLOIESTI\tPrahova"}