{"specializari": {"FILOLOGIE": 60, "STIINTE ALE NATURII": 61, "MATEMATICA-INFORMATICA": 131}, "limba_moderna": {"LIMBA ENGLEZA": 244, "LIMBA FRANCEZA": 8}, "limba_materna": {"LIMBA ROMANA": 252}, "promotie_anterioara": {"NU": 251, "DA": 1}, "materii": {"LIMBA ROMANA": {"medie": 9.013293650793642, "reusita": 100.0, "cnt": 252}, "BIOLOGIE VEGETALA SI ANIMALA": {"medie": 9.426785714285714, "reusita": 100.0, "cnt": 28}, "GENERAL": {"medie": 9.172619047619046, "reusita": 99.60317460317461, "cnt": 252}, "MATEMATICA MATE-INFO": {"medie": 9.523664122137408, "reusita": 100.0, "cnt": 131}, "INFORMATICA MI C/C++": {"medie": 9.187499999999998, "reusita": 100.0, "cnt": 12}, "GEOGRAFIE": {"medie": 9.23676470588235, "reusita": 100.0, "cnt": 34}, "ANATOMIE SI FIZIOLOGIE UMANA, GENETICA SI ECOLOGIE UMANA": {"medie": 8.95, "reusita": 100.0, "cnt": 20}, "ISTORIE": {"medie": 8.468333333333332, "reusita": 100.0, "cnt": 60}, "FIZICA TEO": {"medie": 9.307228915662654, "reusita": 100.0, "cnt": 83}, "MATEMATICA ST-NAT": {"medie": 9.633606557377053, "reusita": 100.0, "cnt": 61}, "LOGICA, ARGUMENTARE SI COMUNICARE": {"medie": 9.027777777777779, "reusita": 100.0, "cnt": 9}, "SOCIOLOGIE": {"medie": 8.814285714285715, "reusita": 100.0, "cnt": 7}, "PSIHOLOGIE": {"medie": 9.175, "reusita": 100.0, "cnt": 4}, "ECONOMIE": {"medie": 7.458333333333333, "reusita": 100.0, "cnt": 6}, "CHIMIE ORGANICA TEO NIVEL I/II": {"medie": 9.296874999999998, "reusita": 100.0, "cnt": 48}, "CHIMIE ANORGANICA TEO NIVEL I/II": {"medie": 9.4, "reusita": 100.0, "cnt": 1}}, "nume": "COLEGIUL NATIONAL \"GHEORGHE SINCAI\"\tBucure\u0219ti"}