{"specializari": {"STIINTE ALE NATURII": 28, "FILOLOGIE": 31, "STIINTE SOCIALE": 30, "MATEMATICA-INFORMATICA": 31}, "limba_moderna": {"LIMBA ENGLEZA": 116, "LIMBA FRANCEZA": 4}, "limba_materna": {"LIMBA ROMANA": 120}, "promotie_anterioara": {"NU": 112, "DA": 8}, "materii": {"LIMBA ROMANA": {"medie": 8.149166666666666, "reusita": 98.33333333333333, "cnt": 120}, "BIOLOGIE VEGETALA SI ANIMALA": {"medie": 9.350000000000001, "reusita": 100.0, "cnt": 2}, "GENERAL": {"medie": 8.078194444444444, "reusita": 90.83333333333333, "cnt": 120}, "MATEMATICA MATE-INFO": {"medie": 8.741935483870968, "reusita": 96.7741935483871, "cnt": 31}, "INFORMATICA MI C/C++": {"medie": 9.177777777777777, "reusita": 100.0, "cnt": 9}, "INFORMATICA MI PASCAL": {"medie": 5.45, "reusita": 100.0, "cnt": 1}, "GEOGRAFIE": {"medie": 8.175, "reusita": 100.0, "cnt": 4}, "ANATOMIE SI FIZIOLOGIE UMANA, GENETICA SI ECOLOGIE UMANA": {"medie": 8.809375, "reusita": 96.875, "cnt": 32}, "ISTORIE": {"medie": 7.441803278688526, "reusita": 96.72131147540983, "cnt": 61}, "FIZICA TEO": {"medie": 8.464285714285715, "reusita": 100.0, "cnt": 7}, "MATEMATICA ST-NAT": {"medie": 8.008928571428571, "reusita": 92.85714285714286, "cnt": 28}, "LOGICA, ARGUMENTARE SI COMUNICARE": {"medie": 7.524107142857143, "reusita": 94.64285714285714, "cnt": 56}, "PSIHOLOGIE": {"medie": 8.2, "reusita": 100.0, "cnt": 1}, "CHIMIE ORGANICA TEO NIVEL I/II": {"medie": 8.84, "reusita": 100.0, "cnt": 5}, "CHIMIE ANORGANICA TEO NIVEL I/II": {"medie": 9.05, "reusita": 100.0, "cnt": 2}, "INFORMATICA SN C/C++": {"medie": 8.6, "reusita": 100.0, "cnt": 1}}, "nume": "COLEGIUL NATIONAL \"TITU MAIORESCU\" AIUD\tAlba"}