{"specializari": {"TEHNICIAN ECOLOG SI PROTECTIA CALITATII MEDIULUI": 14, "COAFOR STILIST": 17, "TEHNICIAN IN ADMINISTRATIE": 9, "TEHNICIAN IN ACTIVITATI ECONOMICE": 24, "MATEMATICA-INFORMATICA": 8, "TEHNICIAN IN TURISM": 31, "TEHNICIAN IN GASTRONOMIE": 21, "TEHNICIAN OPERATOR TEHNICA DE CALCUL": 13, "TEHNICIAN IN INDUSTRIA ALIMENTARA": 1, "TEHNICIAN MECANIC PENTRU INTRETINERE SI REPARATII": 1}, "limba_moderna": {"LIMBA ENGLEZA": 137, "LIMBA GERMANA MODERNA": 1, "LIMBA FRANCEZA": 1}, "limba_materna": {"LIMBA ROMANA": 139}, "promotie_anterioara": {"NU": 96, "DA": 43}, "materii": {"LIMBA ROMANA": {"medie": 6.042481203007516, "reusita": 87.76978417266187, "cnt": 139}, "MATEMATICA TEHN": {"medie": 5.678629032258065, "reusita": 74.04580152671755, "cnt": 131}, "BIOLOGIE VEGETALA SI ANIMALA": {"medie": 5.536363636363637, "reusita": 72.72727272727273, "cnt": 11}, "GENERAL": {"medie": 6.19642857142857, "reusita": 49.64028776978417, "cnt": 139}, "MATEMATICA MATE-INFO": {"medie": 3.56875, "reusita": 37.5, "cnt": 8}, "INFORMATICA MI C/C++": {"medie": 8.2, "reusita": 100.0, "cnt": 1}, "GEOGRAFIE": {"medie": 6.863855421686746, "reusita": 85.39325842696628, "cnt": 89}, "FIZICA TEH": {"medie": 6.166666666666667, "reusita": 100.0, "cnt": 3}, "ANATOMIE SI FIZIOLOGIE UMANA, GENETICA SI ECOLOGIE UMANA": {"medie": 7.1342105263157904, "reusita": 85.71428571428571, "cnt": 21}, "LOGICA, ARGUMENTARE SI COMUNICARE": {"medie": 7.805555555555555, "reusita": 90.0, "cnt": 10}, "PSIHOLOGIE": {"medie": 5.325, "reusita": 33.33333333333333, "cnt": 3}, "CHIMIE ORGANICA TEH NIVEL I/II": {"medie": 7.15, "reusita": 100.0, "cnt": 1}}, "nume": "COLEGIUL TEHNIC \"MIHAI VITEAZUL\" ORADEA\tBihor"}