{"specializari": {"MATEMATICA-INFORMATICA": 79, "STIINTE SOCIALE": 34, "FILOLOGIE": 60, "STIINTE ALE NATURII": 34}, "limba_moderna": {"LIMBA ENGLEZA": 185, "LIMBA FRANCEZA": 21, "LIMBA GERMANA MODERNA": 1}, "limba_materna": {"LIMBA ROMANA": 207}, "promotie_anterioara": {"NU": 205, "DA": 2}, "materii": {"LIMBA ROMANA": {"medie": 8.683091787439617, "reusita": 100.0, "cnt": 207}, "BIOLOGIE VEGETALA SI ANIMALA": {"medie": 8.943333333333333, "reusita": 96.66666666666667, "cnt": 30}, "GENERAL": {"medie": 8.923543689320383, "reusita": 99.03381642512076, "cnt": 207}, "MATEMATICA MATE-INFO": {"medie": 8.832911392405066, "reusita": 100.0, "cnt": 79}, "INFORMATICA MI PASCAL": {"medie": 9.159574468085106, "reusita": 100.0, "cnt": 47}, "GEOGRAFIE": {"medie": 9.25625, "reusita": 100.0, "cnt": 24}, "ANATOMIE SI FIZIOLOGIE UMANA, GENETICA SI ECOLOGIE UMANA": {"medie": 9.487500000000002, "reusita": 100.0, "cnt": 12}, "ISTORIE": {"medie": 8.800000000000006, "reusita": 100.0, "cnt": 94}, "FIZICA TEO": {"medie": 9.425, "reusita": 100.0, "cnt": 2}, "MATEMATICA ST-NAT": {"medie": 9.217647058823529, "reusita": 97.05882352941177, "cnt": 34}, "LOGICA, ARGUMENTARE SI COMUNICARE": {"medie": 9.215384615384615, "reusita": 100.0, "cnt": 65}, "SOCIOLOGIE": {"medie": 9.4, "reusita": 100.0, "cnt": 3}, "ECONOMIE": {"medie": 7.85, "reusita": 100.0, "cnt": 1}, "CHIMIE ORGANICA TEO NIVEL I/II": {"medie": 9.186363636363636, "reusita": 100.0, "cnt": 22}, "FILOSOFIE": {"medie": 9.35, "reusita": 100.0, "cnt": 1}}, "nume": "COLEGIUL NATIONAL \"HOREA CLOSCA SI CRISAN\" ALBA IULIA\tAlba"}