{"specializari": {"MATEMATICA-INFORMATICA": 49, "STIINTE ALE NATURII": 66, "FILOLOGIE": 65, "STIINTE SOCIALE": 36}, "limba_moderna": {"LIMBA FRANCEZA": 14, "LIMBA ENGLEZA": 202}, "limba_materna": {"LIMBA ROMANA": 216}, "promotie_anterioara": {"NU": 215, "DA": 1}, "materii": {"LIMBA ROMANA": {"medie": 8.421226415094342, "reusita": 98.14814814814815, "cnt": 216}, "BIOLOGIE VEGETALA SI ANIMALA": {"medie": 9.85, "reusita": 100.0, "cnt": 1}, "GENERAL": {"medie": 8.837361769352288, "reusita": 97.22222222222221, "cnt": 216}, "MATEMATICA MATE-INFO": {"medie": 9.653061224489795, "reusita": 100.0, "cnt": 49}, "INFORMATICA MI C/C++": {"medie": 8.825000000000001, "reusita": 100.0, "cnt": 6}, "GEOGRAFIE": {"medie": 9.284722222222223, "reusita": 98.63013698630137, "cnt": 73}, "ANATOMIE SI FIZIOLOGIE UMANA, GENETICA SI ECOLOGIE UMANA": {"medie": 9.097916666666668, "reusita": 96.0, "cnt": 25}, "ISTORIE": {"medie": 8.77727272727273, "reusita": 97.02970297029702, "cnt": 101}, "FIZICA TEO": {"medie": 9.028205128205128, "reusita": 100.0, "cnt": 39}, "MATEMATICA ST-NAT": {"medie": 9.163281250000002, "reusita": 96.96969696969697, "cnt": 66}, "LOGICA, ARGUMENTARE SI COMUNICARE": {"medie": 9.100000000000001, "reusita": 100.0, "cnt": 2}, "SOCIOLOGIE": {"medie": 8.600000000000001, "reusita": 100.0, "cnt": 2}, "PSIHOLOGIE": {"medie": 9.321428571428571, "reusita": 100.0, "cnt": 7}, "ECONOMIE": {"medie": 8.178125, "reusita": 94.11764705882352, "cnt": 17}, "CHIMIE ORGANICA TEO NIVEL I/II": {"medie": 8.610714285714286, "reusita": 97.67441860465115, "cnt": 43}, "CHIMIE ANORGANICA TEO NIVEL I/II": {"medie": 9.45, "reusita": 100.0, "cnt": 1}}, "nume": "COLEGIUL NATIONAL \"IENACHITA VACARESCU\" TARGOVISTE\tD\u00e2mbovi\u021ba"}