{"specializari": {"TEHNICIAN IN ACTIVITATI ECONOMICE": 88, "TEHNICIAN IN ACHIZITII SI CONTRACTARI": 55, "TEHNICIAN IN TURISM": 84, "TEHNICIAN IN ADMINISTRATIE": 16}, "limba_moderna": {"LIMBA ENGLEZA": 185, "LIMBA FRANCEZA": 58}, "limba_materna": {"LIMBA ROMANA": 243}, "promotie_anterioara": {"NU": 194, "DA": 49}, "materii": {"LIMBA ROMANA": {"medie": 5.789406779661017, "reusita": 76.13168724279835, "cnt": 243}, "MATEMATICA TEHN": {"medie": 4.934893617021277, "reusita": 58.0246913580247, "cnt": 243}, "GENERAL": {"medie": 5.75865522174535, "reusita": 45.67901234567901, "cnt": 243}, "GEOGRAFIE": {"medie": 6.5345982142857135, "reusita": 80.95238095238095, "cnt": 231}, "LOGICA, ARGUMENTARE SI COMUNICARE": {"medie": 6.385714285714286, "reusita": 57.14285714285714, "cnt": 7}, "ECONOMIE": {"medie": 6.3, "reusita": 100.0, "cnt": 5}}, "nume": "COLEGIUL NATIONAL ECONOMIC \"THEODOR COSTESCU\"\tMehedin\u021bi"}