{"specializari": {"MATEMATICA-INFORMATICA": 32, "STIINTE ALE NATURII": 30, "TEHNICIAN MECANIC PENTRU INTRETINERE SI REPARATII": 59, "TEHNICIAN IN AGROTURISM": 10, "TEHNICIAN IN AGRICULTURA": 1, "TEHNICIAN IN INSTALATII ELECTRICE": 35}, "limba_moderna": {"LIMBA ENGLEZA": 90, "LIMBA FRANCEZA": 77}, "limba_materna": {"LIMBA ROMANA": 167}, "promotie_anterioara": {"DA": 29, "NU": 138}, "materii": {"LIMBA ROMANA": {"medie": 5.6645695364238415, "reusita": 65.26946107784431, "cnt": 167}, "MATEMATICA TEHN": {"medie": 3.115760869565217, "reusita": 25.71428571428571, "cnt": 105}, "BIOLOGIE VEGETALA SI ANIMALA": {"medie": 3.5840659340659338, "reusita": 24.770642201834864, "cnt": 109}, "GENERAL": {"medie": 5.087837837837839, "reusita": 31.736526946107784, "cnt": 167}, "MATEMATICA MATE-INFO": {"medie": 7.0062500000000005, "reusita": 93.75, "cnt": 32}, "INFORMATICA MI C/C++": {"medie": 8.5, "reusita": 100.0, "cnt": 8}, "ANATOMIE SI FIZIOLOGIE UMANA, GENETICA SI ECOLOGIE UMANA": {"medie": 7.5, "reusita": 89.79591836734694, "cnt": 49}, "CHIMIE ANORGANICA TEH NIVEL I/II": {"medie": 5.5, "reusita": 100.0, "cnt": 1}, "MATEMATICA ST-NAT": {"medie": 5.8173076923076925, "reusita": 63.33333333333333, "cnt": 30}}, "nume": "COLEGIUL TEHNOLOGIC \"CONSTANTIN BRANCOVEANU\"\tMehedin\u021bi"}