{"specializari": {"MATEMATICA-INFORMATICA": 95, "STIINTE ALE NATURII": 95, "STIINTE SOCIALE": 38}, "limba_moderna": {"LIMBA ENGLEZA": 170, "LIMBA FRANCEZA": 31, "LIMBA GERMANA MODERNA": 27}, "limba_materna": {"LIMBA ROMANA": 228}, "promotie_anterioara": {"NU": 225, "DA": 3}, "materii": {"LIMBA ROMANA": {"medie": 8.858552631578945, "reusita": 100.0, "cnt": 228}, "GENERAL": {"medie": 9.131057268722465, "reusita": 99.12280701754386, "cnt": 228}, "MATEMATICA MATE-INFO": {"medie": 9.398421052631582, "reusita": 100.0, "cnt": 95}, "INFORMATICA MI C/C++": {"medie": 9.021739130434783, "reusita": 100.0, "cnt": 23}, "GEOGRAFIE": {"medie": 9.549999999999999, "reusita": 100.0, "cnt": 7}, "ANATOMIE SI FIZIOLOGIE UMANA, GENETICA SI ECOLOGIE UMANA": {"medie": 9.367441860465116, "reusita": 98.85057471264368, "cnt": 87}, "ISTORIE": {"medie": 8.914473684210526, "reusita": 100.0, "cnt": 38}, "FIZICA TEO": {"medie": 8.678409090909092, "reusita": 100.0, "cnt": 44}, "MATEMATICA ST-NAT": {"medie": 9.389473684210527, "reusita": 98.94736842105263, "cnt": 95}, "LOGICA, ARGUMENTARE SI COMUNICARE": {"medie": 9.205172413793104, "reusita": 100.0, "cnt": 29}, "PSIHOLOGIE": {"medie": 10.0, "reusita": 100.0, "cnt": 1}, "ECONOMIE": {"medie": 8.5, "reusita": 100.0, "cnt": 1}, "CHIMIE ORGANICA TEO NIVEL I/II": {"medie": 9.416176470588235, "reusita": 100.0, "cnt": 34}, "CHIMIE ANORGANICA TEO NIVEL I/II": {"medie": 9.425, "reusita": 100.0, "cnt": 2}}, "nume": "COLEGIUL NATIONAL \"MIRCEA CEL BATRAN\" CONSTANTA\tConstan\u021ba"}