{"specializari": {"MATEMATICA-INFORMATICA": 85, "STIINTE ALE NATURII": 34, "FILOLOGIE": 28}, "limba_moderna": {"LIMBA ENGLEZA": 141, "LIMBA FRANCEZA": 6}, "limba_materna": {"LIMBA ROMANA": 147}, "promotie_anterioara": {"DA": 2, "NU": 145}, "materii": {"LIMBA ROMANA": {"medie": 8.035034013605442, "reusita": 99.31972789115646, "cnt": 147}, "BIOLOGIE VEGETALA SI ANIMALA": {"medie": 8.409210526315789, "reusita": 97.36842105263158, "cnt": 38}, "GENERAL": {"medie": 8.388321995464851, "reusita": 97.95918367346938, "cnt": 147}, "MATEMATICA MATE-INFO": {"medie": 8.578235294117643, "reusita": 98.82352941176471, "cnt": 85}, "INFORMATICA MI C/C++": {"medie": 8.528571428571428, "reusita": 100.0, "cnt": 35}, "GEOGRAFIE": {"medie": 8.7025, "reusita": 100.0, "cnt": 20}, "ANATOMIE SI FIZIOLOGIE UMANA, GENETICA SI ECOLOGIE UMANA": {"medie": 8.885714285714286, "reusita": 100.0, "cnt": 21}, "ISTORIE": {"medie": 8.571428571428571, "reusita": 100.0, "cnt": 28}, "FIZICA TEO": {"medie": 7.835714285714286, "reusita": 100.0, "cnt": 7}, "MATEMATICA ST-NAT": {"medie": 8.811764705882354, "reusita": 100.0, "cnt": 34}, "SOCIOLOGIE": {"medie": 9.157142857142857, "reusita": 100.0, "cnt": 7}, "PSIHOLOGIE": {"medie": 8.9, "reusita": 100.0, "cnt": 1}, "CHIMIE ORGANICA TEO NIVEL I/II": {"medie": 7.933333333333334, "reusita": 100.0, "cnt": 15}, "CHIMIE ANORGANICA TEO NIVEL I/II": {"medie": 7.933333333333334, "reusita": 100.0, "cnt": 3}}, "nume": "COLEGIUL NATIONAL \"RADU NEGRU\" FAGARAS\tBra\u0219ov"}