{"specializari": {"MUZICA": 69, "ARTA ACTORULUI": 31}, "limba_moderna": {"LIMBA ENGLEZA": 100}, "limba_materna": {"LIMBA ROMANA": 100}, "promotie_anterioara": {"DA": 7, "NU": 93}, "materii": {"LIMBA ROMANA": {"medie": 7.529292929292931, "reusita": 98.0, "cnt": 100}, "GENERAL": {"medie": 7.880240549828178, "reusita": 88.0, "cnt": 100}, "GEOGRAFIE": {"medie": 8.151063829787232, "reusita": 93.75, "cnt": 48}, "ISTORIE": {"medie": 7.715151515151514, "reusita": 95.0, "cnt": 100}, "LOGICA, ARGUMENTARE SI COMUNICARE": {"medie": 8.401063829787235, "reusita": 95.83333333333334, "cnt": 48}, "PSIHOLOGIE": {"medie": 8.15, "reusita": 100.0, "cnt": 2}, "ECONOMIE": {"medie": 7.95, "reusita": 100.0, "cnt": 2}}, "nume": "COLEGIUL NATIONAL DE ARTE \"DINU LIPATTI\"\tBucure\u0219ti"}