{"specializari": {"TEHNICIAN IN ACTIVITATI ECONOMICE": 128, "TEHNICIAN IN TURISM": 60}, "limba_moderna": {"LIMBA ENGLEZA": 176, "LIMBA FRANCEZA": 12}, "limba_materna": {"LIMBA ROMANA": 188}, "promotie_anterioara": {"NU": 177, "DA": 11}, "materii": {"LIMBA ROMANA": {"medie": 6.937837837837838, "reusita": 96.27659574468085, "cnt": 188}, "MATEMATICA TEHN": {"medie": 7.6756684491978655, "reusita": 95.74468085106383, "cnt": 188}, "GENERAL": {"medie": 7.4951351351351345, "reusita": 89.36170212765957, "cnt": 188}, "GEOGRAFIE": {"medie": 7.9445402298850585, "reusita": 98.85714285714286, "cnt": 175}, "PSIHOLOGIE": {"medie": 7.3, "reusita": 100.0, "cnt": 1}, "ECONOMIE": {"medie": 6.016666666666666, "reusita": 91.66666666666666, "cnt": 12}}, "nume": "COLEGIUL ECONOMIC \"COSTIN C. KIRITESCU\"\tBucure\u0219ti"}