{"specializari": {"MATEMATICA-INFORMATICA": 31, "STIINTE ALE NATURII": 31, "STIINTE SOCIALE": 34}, "limba_moderna": {"LIMBA ENGLEZA": 79, "LIMBA GERMANA MODERNA": 16, "LIMBA FRANCEZA": 1}, "limba_materna": {"LIMBA MAGHIARA": 96}, "promotie_anterioara": {"NU": 91, "DA": 5}, "materii": {"LIMBA ROMANA": {"medie": 6.906770833333333, "reusita": 97.91666666666666, "cnt": 96}, "BIOLOGIE VEGETALA SI ANIMALA": {"medie": 6.383333333333333, "reusita": 66.66666666666666, "cnt": 3}, "GENERAL": {"medie": 8.001692708333335, "reusita": 94.79166666666666, "cnt": 96}, "MATEMATICA MATE-INFO": {"medie": 8.658064516129032, "reusita": 100.0, "cnt": 31}, "INFORMATICA MI C/C++": {"medie": 9.7625, "reusita": 100.0, "cnt": 4}, "GEOGRAFIE": {"medie": 8.065384615384616, "reusita": 100.0, "cnt": 26}, "ANATOMIE SI FIZIOLOGIE UMANA, GENETICA SI ECOLOGIE UMANA": {"medie": 8.71627906976744, "reusita": 97.67441860465115, "cnt": 43}, "ISTORIE": {"medie": 6.858823529411765, "reusita": 100.0, "cnt": 34}, "FIZICA TEO": {"medie": 8.578571428571427, "reusita": 100.0, "cnt": 7}, "MATEMATICA ST-NAT": {"medie": 9.374193548387096, "reusita": 100.0, "cnt": 31}, "LOGICA, ARGUMENTARE SI COMUNICARE": {"medie": 7.628571428571427, "reusita": 100.0, "cnt": 7}, "LIMBA MAGHIARA (REAL)": {"medie": 8.79274193548387, "reusita": 100.0, "cnt": 62}, "CHIMIE ORGANICA TEO NIVEL I/II": {"medie": 8.64, "reusita": 100.0, "cnt": 5}, "FILOSOFIE": {"medie": 9.05, "reusita": 100.0, "cnt": 1}, "LIMBA MAGHIARA (UMAN)": {"medie": 7.7602941176470575, "reusita": 100.0, "cnt": 34}}, "nume": "COLEGIUL NATIONAL \"SZEKELY MIKO\" SFANTU GHEORGHE\tCovasna"}