{"specializari": {"TEHNICIAN IN ACTIVITATI ECONOMICE": 52, "TEHNICIAN IN ACHIZITII SI CONTRACTARI": 57, "TEHNICIAN IN ADMINISTRATIE": 24, "TEHNICIAN IN GASTRONOMIE": 28, "TEHNICIAN IN TURISM": 27, "STIINTE ALE NATURII": 1, "ORGANIZATOR BANQUETING": 14, "TEHNICIAN IN ACTIVITATI DE COMERT": 16, "TEHNICIAN IN HOTELARIE": 3}, "limba_moderna": {"LIMBA ENGLEZA": 213, "LIMBA FRANCEZA": 3, "LIMBA GERMANA MODERNA": 6}, "limba_materna": {"LIMBA ROMANA": 222}, "promotie_anterioara": {"NU": 187, "DA": 35}, "materii": {"LIMBA ROMANA": {"medie": 7.046153846153848, "reusita": 97.74774774774775, "cnt": 222}, "MATEMATICA TEHN": {"medie": 7.506221198156684, "reusita": 94.11764705882352, "cnt": 221}, "BIOLOGIE VEGETALA SI ANIMALA": {"medie": 2.4, "reusita": 0.0, "cnt": 1}, "GENERAL": {"medie": 7.488161993769472, "reusita": 87.83783783783784, "cnt": 222}, "GEOGRAFIE": {"medie": 7.926052631578945, "reusita": 96.90721649484536, "cnt": 194}, "MATEMATICA ST-NAT": {"medie": 4.15, "reusita": 0.0, "cnt": 1}, "LOGICA, ARGUMENTARE SI COMUNICARE": {"medie": 8.592857142857143, "reusita": 100.0, "cnt": 7}, "PSIHOLOGIE": {"medie": 6.849999999999999, "reusita": 100.0, "cnt": 3}, "ECONOMIE": {"medie": 6.964705882352941, "reusita": 94.11764705882352, "cnt": 17}}, "nume": "COLEGIUL NATIONAL ECONOMIC \"ANDREI BARSEANU\" BRASOV\tBra\u0219ov"}