{"specializari": {"MATEMATICA-INFORMATICA": 52, "STIINTE SOCIALE": 28, "STIINTE ALE NATURII": 39, "FILOLOGIE": 34}, "limba_moderna": {"LIMBA ENGLEZA": 143, "LIMBA FRANCEZA": 10}, "limba_materna": {"LIMBA ROMANA": 141, "LIMBA MAGHIARA": 12}, "promotie_anterioara": {"NU": 151, "DA": 2}, "materii": {"LIMBA ROMANA": {"medie": 7.8781045751634, "reusita": 99.34640522875817, "cnt": 153}, "BIOLOGIE VEGETALA SI ANIMALA": {"medie": 6.739999999999999, "reusita": 100.0, "cnt": 5}, "GENERAL": {"medie": 8.335974945533767, "reusita": 97.38562091503267, "cnt": 153}, "MATEMATICA MATE-INFO": {"medie": 8.876923076923076, "reusita": 100.0, "cnt": 52}, "INFORMATICA MI C/C++": {"medie": 8.316666666666666, "reusita": 100.0, "cnt": 24}, "GEOGRAFIE": {"medie": 8.346774193548388, "reusita": 100.0, "cnt": 31}, "ANATOMIE SI FIZIOLOGIE UMANA, GENETICA SI ECOLOGIE UMANA": {"medie": 9.10294117647059, "reusita": 100.0, "cnt": 34}, "ISTORIE": {"medie": 8.412903225806451, "reusita": 100.0, "cnt": 62}, "FIZICA TEO": {"medie": 7.258333333333334, "reusita": 100.0, "cnt": 6}, "MATEMATICA ST-NAT": {"medie": 8.583333333333334, "reusita": 94.87179487179486, "cnt": 39}, "LOGICA, ARGUMENTARE SI COMUNICARE": {"medie": 8.502083333333333, "reusita": 100.0, "cnt": 24}, "SOCIOLOGIE": {"medie": 9.1, "reusita": 100.0, "cnt": 4}, "PSIHOLOGIE": {"medie": 8.9, "reusita": 100.0, "cnt": 3}, "LIMBA MAGHIARA (REAL)": {"medie": 8.075, "reusita": 100.0, "cnt": 12}, "CHIMIE ORGANICA TEO NIVEL I/II": {"medie": 8.729411764705883, "reusita": 100.0, "cnt": 17}, "CHIMIE ANORGANICA TEO NIVEL I/II": {"medie": 6.93, "reusita": 100.0, "cnt": 5}}, "nume": "COLEGIUL NATIONAL \"ANDREI MURESANU\" DEJ\tCluj"}