{"specializari": {"MATEMATICA-INFORMATICA": 99, "FILOLOGIE": 51, "STIINTE ALE NATURII": 28, "STIINTE SOCIALE": 36}, "limba_moderna": {"LIMBA ENGLEZA": 184, "LIMBA FRANCEZA": 30}, "limba_materna": {"LIMBA ROMANA": 214}, "promotie_anterioara": {"NU": 214}, "materii": {"LIMBA ROMANA": {"medie": 8.362676056338024, "reusita": 99.53271028037383, "cnt": 214}, "GENERAL": {"medie": 8.679733959311424, "reusita": 99.53271028037383, "cnt": 214}, "MATEMATICA MATE-INFO": {"medie": 9.122222222222222, "reusita": 100.0, "cnt": 99}, "INFORMATICA MI C/C++": {"medie": 9.022857142857143, "reusita": 100.0, "cnt": 35}, "GEOGRAFIE": {"medie": 9.017647058823528, "reusita": 94.44444444444444, "cnt": 18}, "ANATOMIE SI FIZIOLOGIE UMANA, GENETICA SI ECOLOGIE UMANA": {"medie": 8.933823529411764, "reusita": 100.0, "cnt": 68}, "ISTORIE": {"medie": 8.180813953488373, "reusita": 98.85057471264368, "cnt": 87}, "FIZICA TEO": {"medie": 8.712499999999999, "reusita": 100.0, "cnt": 16}, "MATEMATICA ST-NAT": {"medie": 9.407142857142858, "reusita": 100.0, "cnt": 28}, "LOGICA, ARGUMENTARE SI COMUNICARE": {"medie": 8.853125, "reusita": 100.0, "cnt": 64}, "SOCIOLOGIE": {"medie": 9.8, "reusita": 100.0, "cnt": 1}, "PSIHOLOGIE": {"medie": 10.0, "reusita": 100.0, "cnt": 1}, "ECONOMIE": {"medie": 8.0, "reusita": 100.0, "cnt": 3}, "CHIMIE ORGANICA TEO NIVEL I/II": {"medie": 8.421428571428573, "reusita": 100.0, "cnt": 7}, "CHIMIE ANORGANICA TEO NIVEL I/II": {"medie": 9.7, "reusita": 100.0, "cnt": 1}}, "nume": "COLEGIUL NATIONAL \"A.T.LAURIAN\" BOTOSANI\tBoto\u0219ani"}