{"specializari": {"STIINTE ALE NATURII": 33, "MATEMATICA-INFORMATICA": 58, "INVATATOR - EDUCATOARE": 29, "STIINTE SOCIALE": 30, "FILOLOGIE": 26}, "limba_moderna": {"LIMBA ENGLEZA": 155, "LIMBA FRANCEZA": 21}, "limba_materna": {"LIMBA ROMANA": 176}, "promotie_anterioara": {"NU": 176}, "materii": {"LIMBA ROMANA": {"medie": 8.769318181818178, "reusita": 100.0, "cnt": 176}, "BIOLOGIE VEGETALA SI ANIMALA": {"medie": 9.6, "reusita": 100.0, "cnt": 1}, "GENERAL": {"medie": 9.101799242424251, "reusita": 100.0, "cnt": 176}, "MATEMATICA MATE-INFO": {"medie": 9.203448275862065, "reusita": 100.0, "cnt": 58}, "INFORMATICA MI C/C++": {"medie": 8.887500000000001, "reusita": 100.0, "cnt": 12}, "MATEMATICA PED": {"medie": 9.548275862068964, "reusita": 100.0, "cnt": 29}, "GEOGRAFIE": {"medie": 9.555813953488373, "reusita": 100.0, "cnt": 43}, "ANATOMIE SI FIZIOLOGIE UMANA, GENETICA SI ECOLOGIE UMANA": {"medie": 9.275, "reusita": 100.0, "cnt": 34}, "ISTORIE": {"medie": 9.457142857142856, "reusita": 100.0, "cnt": 56}, "FIZICA TEO": {"medie": 9.053225806451612, "reusita": 100.0, "cnt": 31}, "MATEMATICA ST-NAT": {"medie": 9.375757575757579, "reusita": 100.0, "cnt": 33}, "LOGICA, ARGUMENTARE SI COMUNICARE": {"medie": 8.907999999999998, "reusita": 100.0, "cnt": 25}, "SOCIOLOGIE": {"medie": 9.35, "reusita": 100.0, "cnt": 1}, "PSIHOLOGIE": {"medie": 8.913333333333334, "reusita": 100.0, "cnt": 15}, "ECONOMIE": {"medie": 6.45, "reusita": 100.0, "cnt": 1}, "CHIMIE ORGANICA TEO NIVEL I/II": {"medie": 9.023076923076923, "reusita": 100.0, "cnt": 13}}, "nume": "COLEGIUL NATIONAL \"COSTACHE NEGRI\", LOCALITATEA GALATI\tGala\u021bi"}