{"specializari": {"MATEMATICA-INFORMATICA": 54, "STIINTE ALE NATURII": 57, "FILOLOGIE": 60, "STIINTE SOCIALE": 59}, "limba_moderna": {"LIMBA ENGLEZA": 201, "LIMBA FRANCEZA": 29}, "limba_materna": {"LIMBA ROMANA": 230}, "promotie_anterioara": {"NU": 228, "DA": 2}, "materii": {"LIMBA ROMANA": {"medie": 8.427173913043474, "reusita": 100.0, "cnt": 230}, "BIOLOGIE VEGETALA SI ANIMALA": {"medie": 8.683333333333334, "reusita": 100.0, "cnt": 24}, "GENERAL": {"medie": 8.671666666666663, "reusita": 99.1304347826087, "cnt": 230}, "MATEMATICA MATE-INFO": {"medie": 8.655555555555557, "reusita": 98.14814814814815, "cnt": 54}, "INFORMATICA MI C/C++": {"medie": 9.14, "reusita": 100.0, "cnt": 5}, "GEOGRAFIE": {"medie": 9.427499999999998, "reusita": 100.0, "cnt": 80}, "ANATOMIE SI FIZIOLOGIE UMANA, GENETICA SI ECOLOGIE UMANA": {"medie": 8.58125, "reusita": 100.0, "cnt": 32}, "ISTORIE": {"medie": 8.43235294117647, "reusita": 100.0, "cnt": 119}, "FIZICA TEO": {"medie": 8.269565217391303, "reusita": 95.65217391304348, "cnt": 23}, "MATEMATICA ST-NAT": {"medie": 9.07719298245614, "reusita": 100.0, "cnt": 57}, "LOGICA, ARGUMENTARE SI COMUNICARE": {"medie": 9.133333333333333, "reusita": 100.0, "cnt": 15}, "SOCIOLOGIE": {"medie": 8.733333333333334, "reusita": 100.0, "cnt": 3}, "PSIHOLOGIE": {"medie": 9.100000000000001, "reusita": 100.0, "cnt": 6}, "ECONOMIE": {"medie": 8.666666666666668, "reusita": 100.0, "cnt": 12}, "CHIMIE ORGANICA TEO NIVEL I/II": {"medie": 9.011363636363635, "reusita": 100.0, "cnt": 22}, "CHIMIE ANORGANICA TEO NIVEL I/II": {"medie": 7.25, "reusita": 100.0, "cnt": 1}, "FILOSOFIE": {"medie": 7.683333333333333, "reusita": 100.0, "cnt": 3}, "INFORMATICA SN C/C++": {"medie": 8.375, "reusita": 100.0, "cnt": 4}}, "nume": "COLEGIUL NATIONAL \"AL. I. CUZA\" FOCSANI\tVrancea"}