{"specializari": {"TEHNICIAN IN ACTIVITATI DE COMERT": 36, "TEHNICIAN IN ACTIVITATI ECONOMICE": 125, "TEHNICIAN IN ADMINISTRATIE": 31, "TEHNICIAN IN ACHIZITII SI CONTRACTARI": 35, "TEHNICIAN IN GASTRONOMIE": 24, "TEHNICIAN IN HOTELARIE": 33, "ORGANIZATOR BANQUETING": 5}, "limba_moderna": {"LIMBA ENGLEZA": 274, "LIMBA FRANCEZA": 15}, "limba_materna": {"LIMBA ROMANA": 289}, "promotie_anterioara": {"NU": 265, "DA": 24}, "materii": {"LIMBA ROMANA": {"medie": 7.119257950530033, "reusita": 95.8477508650519, "cnt": 289}, "MATEMATICA TEHN": {"medie": 8.051241134751777, "reusita": 92.38754325259517, "cnt": 289}, "GENERAL": {"medie": 7.910469314079424, "reusita": 88.58131487889274, "cnt": 289}, "GEOGRAFIE": {"medie": 8.45634057971014, "reusita": 96.81978798586573, "cnt": 283}, "LOGICA, ARGUMENTARE SI COMUNICARE": {"medie": 8.525, "reusita": 66.66666666666666, "cnt": 3}, "PSIHOLOGIE": {"medie": 7.95, "reusita": 100.0, "cnt": 1}, "ECONOMIE": {"medie": 7.199999999999999, "reusita": 100.0, "cnt": 2}}, "nume": "COLEGIUL ECONOMIC \"ION GHICA\" TARGOVISTE\tD\u00e2mbovi\u021ba"}