{"specializari": {"TEHNICIAN MECANIC PENTRU INTRETINERE SI REPARATII": 9, "MATEMATICA-INFORMATICA": 18, "TEHNICIAN IN INSTALATII ELECTRICE": 19, "TEHNICIAN ELECTROMECANIC": 6, "TEHNICIAN MECATRONIST": 5, "TEHNICIAN ELECTROTEHNIST": 4, "TEHNICIAN ELECTRONIST": 2}, "limba_moderna": {"LIMBA ENGLEZA": 63}, "limba_materna": {"LIMBA ROMANA": 63}, "promotie_anterioara": {"NU": 27, "DA": 36}, "materii": {"LIMBA ROMANA": {"medie": 5.140322580645163, "reusita": 76.19047619047619, "cnt": 63}, "MATEMATICA TEHN": {"medie": 5.114634146341464, "reusita": 60.0, "cnt": 45}, "BIOLOGIE VEGETALA SI ANIMALA": {"medie": 4.217073170731706, "reusita": 39.53488372093023, "cnt": 43}, "GENERAL": {"medie": 4.900862068965516, "reusita": 20.634920634920633, "cnt": 63}, "MATEMATICA MATE-INFO": {"medie": 4.179411764705883, "reusita": 44.44444444444444, "cnt": 18}, "FIZICA TEH": {"medie": 1.925, "reusita": 0.0, "cnt": 2}, "ANATOMIE SI FIZIOLOGIE UMANA, GENETICA SI ECOLOGIE UMANA": {"medie": 5.882352941176471, "reusita": 76.47058823529412, "cnt": 17}, "CHIMIE ANORGANICA TEO NIVEL I/II": {"medie": 3.05, "reusita": 0.0, "cnt": 1}}, "nume": "COLEGIUL TEHNIC ENERGETIC\tBucure\u0219ti"}