{"specializari": {"FILOLOGIE": 58, "STIINTE ALE NATURII": 66, "STIINTE SOCIALE": 34, "MATEMATICA-INFORMATICA": 45}, "limba_moderna": {"LIMBA ENGLEZA": 145, "LIMBA FRANCEZA": 58}, "limba_materna": {"LIMBA ROMANA": 203}, "promotie_anterioara": {"NU": 201, "DA": 2}, "materii": {"LIMBA ROMANA": {"medie": 7.996039603960396, "reusita": 98.52216748768473, "cnt": 203}, "GENERAL": {"medie": 8.616831683168316, "reusita": 98.0295566502463, "cnt": 203}, "MATEMATICA MATE-INFO": {"medie": 9.129999999999997, "reusita": 100.0, "cnt": 45}, "INFORMATICA MI C/C++": {"medie": 9.30238095238095, "reusita": 100.0, "cnt": 21}, "GEOGRAFIE": {"medie": 8.65, "reusita": 100.0, "cnt": 3}, "ANATOMIE SI FIZIOLOGIE UMANA, GENETICA SI ECOLOGIE UMANA": {"medie": 9.22857142857143, "reusita": 100.0, "cnt": 56}, "ISTORIE": {"medie": 8.103804347826085, "reusita": 100.0, "cnt": 92}, "FIZICA TEO": {"medie": 8.516666666666667, "reusita": 100.0, "cnt": 21}, "MATEMATICA ST-NAT": {"medie": 9.490151515151513, "reusita": 100.0, "cnt": 66}, "LOGICA, ARGUMENTARE SI COMUNICARE": {"medie": 8.984831460674156, "reusita": 100.0, "cnt": 89}, "CHIMIE ORGANICA TEO NIVEL I/II": {"medie": 9.54090909090909, "reusita": 100.0, "cnt": 11}, "INFORMATICA SN C/C++": {"medie": 9.175, "reusita": 100.0, "cnt": 2}}, "nume": "COLEGIUL NATIONAL \"CUZA VODA\", MUN. HUSI\tVaslui"}