{"specializari": {"STIINTE SOCIALE": 82, "MATEMATICA-INFORMATICA": 57, "FILOLOGIE": 66, "STIINTE ALE NATURII": 66}, "limba_moderna": {"LIMBA ENGLEZA": 265, "LIMBA FRANCEZA": 2, "LIMBA GERMANA MODERNA": 4}, "limba_materna": {"LIMBA ROMANA": 258, "LIMBA GERMANA": 13}, "promotie_anterioara": {"NU": 269, "DA": 2}, "materii": {"LIMBA ROMANA": {"medie": 7.880185185185187, "reusita": 99.2619926199262, "cnt": 271}, "BIOLOGIE VEGETALA SI ANIMALA": {"medie": 8.933333333333334, "reusita": 100.0, "cnt": 3}, "GENERAL": {"medie": 8.362947530864199, "reusita": 98.1549815498155, "cnt": 271}, "MATEMATICA MATE-INFO": {"medie": 8.58508771929825, "reusita": 100.0, "cnt": 57}, "INFORMATICA MI C/C++": {"medie": 8.584999999999999, "reusita": 100.0, "cnt": 20}, "GEOGRAFIE": {"medie": 8.862280701754385, "reusita": 99.1304347826087, "cnt": 115}, "ANATOMIE SI FIZIOLOGIE UMANA, GENETICA SI ECOLOGIE UMANA": {"medie": 8.839634146341464, "reusita": 100.0, "cnt": 82}, "ISTORIE": {"medie": 8.495578231292518, "reusita": 99.32432432432432, "cnt": 148}, "FIZICA TEO": {"medie": 8.025, "reusita": 100.0, "cnt": 8}, "MATEMATICA ST-NAT": {"medie": 8.991666666666664, "reusita": 100.0, "cnt": 66}, "LOGICA, ARGUMENTARE SI COMUNICARE": {"medie": 9.040000000000001, "reusita": 100.0, "cnt": 5}, "SOCIOLOGIE": {"medie": 7.206000000000001, "reusita": 100.0, "cnt": 25}, "ECONOMIE": {"medie": 7.7, "reusita": 100.0, "cnt": 2}, "CHIMIE ORGANICA TEO NIVEL I/II": {"medie": 8.933333333333334, "reusita": 100.0, "cnt": 3}, "CHIMIE ANORGANICA TEO NIVEL I/II": {"medie": 7.966666666666666, "reusita": 100.0, "cnt": 6}, "FILOSOFIE": {"medie": 9.5, "reusita": 100.0, "cnt": 1}, "LIMBA GERMANA": {"medie": 6.338461538461538, "reusita": 76.92307692307693, "cnt": 13}, "INFORMATICA SN C/C++": {"medie": 6.7, "reusita": 100.0, "cnt": 1}}, "nume": "COLEGIUL NATIONAL BANATEAN TIMISOARA\tTimi\u0219"}