{"specializari": {"TEHNICIAN ANALIZE PRODUSE ALIMENTARE": 22, "TEHNICIAN PROIECTANT CAD": 20, "TEHNICIAN MECANIC PENTRU INTRETINERE SI REPARATII": 10, "TEHNICIAN ECOLOG SI PROTECTIA CALITATII MEDIULUI": 17, "TEHNICIAN HORTICULTOR": 16, "TEHNICIAN IN ACTIVITATI ECONOMICE": 30, "TEHNICIAN IN INDUSTRIA ALIMENTARA": 23, "TEHNICIAN IN AGRICULTURA": 4, "TEHNICIAN TRANSPORTURI": 1, "ORGANIZATOR BANQUETING": 1, "TEHNICIAN IN ACTIVITATI DE COMERT": 1}, "limba_moderna": {"LIMBA ENGLEZA": 124, "LIMBA FRANCEZA": 21}, "limba_materna": {"LIMBA ROMANA": 145}, "promotie_anterioara": {"NU": 121, "DA": 24}, "materii": {"LIMBA ROMANA": {"medie": 5.320802919708029, "reusita": 69.6551724137931, "cnt": 145}, "MATEMATICA TEHN": {"medie": 5.942592592592594, "reusita": 66.89655172413794, "cnt": 145}, "BIOLOGIE VEGETALA SI ANIMALA": {"medie": 3.5, "reusita": 22.22222222222222, "cnt": 18}, "GENERAL": {"medie": 5.8111111111111144, "reusita": 42.758620689655174, "cnt": 145}, "GEOGRAFIE": {"medie": 7.694444444444445, "reusita": 100.0, "cnt": 9}, "FIZICA TEH": {"medie": 5.15, "reusita": 100.0, "cnt": 1}, "ANATOMIE SI FIZIOLOGIE UMANA, GENETICA SI ECOLOGIE UMANA": {"medie": 6.079729729729731, "reusita": 71.25, "cnt": 80}, "CHIMIE ANORGANICA TEH NIVEL I/II": {"medie": 3.623076923076923, "reusita": 14.285714285714285, "cnt": 14}, "LOGICA, ARGUMENTARE SI COMUNICARE": {"medie": 7.5782608695652165, "reusita": 86.95652173913044, "cnt": 23}}, "nume": "COLEGIUL AGRICOL \"DIMITRIE CANTEMIR\", MUN. HUSI\tVaslui"}