{"specializari": {"MATEMATICA-INFORMATICA": 116, "FILOLOGIE": 30, "STIINTE ALE NATURII": 64, "STIINTE SOCIALE": 31}, "limba_moderna": {"LIMBA ENGLEZA": 224, "LIMBA FRANCEZA": 15, "LIMBA SPANIOLA": 2}, "limba_materna": {"LIMBA ROMANA": 241}, "promotie_anterioara": {"NU": 241}, "materii": {"LIMBA ROMANA": {"medie": 8.507053941908714, "reusita": 100.0, "cnt": 241}, "GENERAL": {"medie": 8.79799446749654, "reusita": 99.5850622406639, "cnt": 241}, "MATEMATICA MATE-INFO": {"medie": 8.872844827586206, "reusita": 100.0, "cnt": 116}, "INFORMATICA MI C/C++": {"medie": 8.99318181818182, "reusita": 100.0, "cnt": 44}, "GEOGRAFIE": {"medie": 8.98409090909091, "reusita": 100.0, "cnt": 22}, "ANATOMIE SI FIZIOLOGIE UMANA, GENETICA SI ECOLOGIE UMANA": {"medie": 8.89915254237288, "reusita": 100.0, "cnt": 59}, "ISTORIE": {"medie": 8.80655737704918, "reusita": 100.0, "cnt": 61}, "FIZICA TEO": {"medie": 7.945454545454547, "reusita": 97.72727272727273, "cnt": 44}, "MATEMATICA ST-NAT": {"medie": 9.655468749999999, "reusita": 100.0, "cnt": 64}, "LOGICA, ARGUMENTARE SI COMUNICARE": {"medie": 9.25757575757576, "reusita": 100.0, "cnt": 33}, "SOCIOLOGIE": {"medie": 9.9, "reusita": 100.0, "cnt": 1}, "PSIHOLOGIE": {"medie": 9.2, "reusita": 100.0, "cnt": 1}, "ECONOMIE": {"medie": 7.775, "reusita": 100.0, "cnt": 4}, "CHIMIE ORGANICA TEO NIVEL I/II": {"medie": 9.171212121212122, "reusita": 100.0, "cnt": 33}}, "nume": "COLEGIUL NATIONAL \"MIHAI EMINESCU\" BOTOSANI\tBoto\u0219ani"}