{"specializari": {"MATEMATICA-INFORMATICA": 29, "STIINTE ALE NATURII": 62, "FILOLOGIE": 58, "STIINTE SOCIALE": 32}, "limba_moderna": {"LIMBA ENGLEZA": 171, "LIMBA GERMANA MODERNA": 3, "LIMBA FRANCEZA": 7}, "limba_materna": {"LIMBA ROMANA": 181}, "promotie_anterioara": {"NU": 181}, "materii": {"LIMBA ROMANA": {"medie": 9.045027624309398, "reusita": 100.0, "cnt": 181}, "BIOLOGIE VEGETALA SI ANIMALA": {"medie": 9.354166666666668, "reusita": 100.0, "cnt": 48}, "GENERAL": {"medie": 9.100184162062622, "reusita": 100.0, "cnt": 181}, "MATEMATICA MATE-INFO": {"medie": 8.987931034482758, "reusita": 100.0, "cnt": 29}, "INFORMATICA MI C/C++": {"medie": 9.427777777777779, "reusita": 100.0, "cnt": 9}, "GEOGRAFIE": {"medie": 9.174999999999999, "reusita": 100.0, "cnt": 20}, "ANATOMIE SI FIZIOLOGIE UMANA, GENETICA SI ECOLOGIE UMANA": {"medie": 9.178571428571429, "reusita": 100.0, "cnt": 14}, "ISTORIE": {"medie": 8.533333333333331, "reusita": 100.0, "cnt": 90}, "FIZICA TEO": {"medie": 8.991666666666667, "reusita": 100.0, "cnt": 6}, "MATEMATICA ST-NAT": {"medie": 9.566129032258065, "reusita": 100.0, "cnt": 62}, "LOGICA, ARGUMENTARE SI COMUNICARE": {"medie": 9.403787878787877, "reusita": 100.0, "cnt": 66}, "SOCIOLOGIE": {"medie": 9.274999999999999, "reusita": 100.0, "cnt": 2}, "CHIMIE ORGANICA TEO NIVEL I/II": {"medie": 8.881818181818181, "reusita": 100.0, "cnt": 11}, "CHIMIE ANORGANICA TEO NIVEL I/II": {"medie": 10.0, "reusita": 100.0, "cnt": 1}, "FILOSOFIE": {"medie": 8.399999999999999, "reusita": 100.0, "cnt": 2}, "INFORMATICA SN C/C++": {"medie": 9.5, "reusita": 100.0, "cnt": 2}}, "nume": "COLEGIUL NATIONAL \"OCTAVIAN GOGA\" SIBIU\tSibiu"}