{"specializari": {"TEHNICIAN DESIGNER VESTIMENTAR": 12, "MATEMATICA-INFORMATICA": 8, "TEHNICIAN PROIECTANT CAD": 3, "TEHNICIAN OPERATOR TEHNICA DE CALCUL": 2, "TEHNICIAN IN INDUSTRIA TEXTILA": 2}, "limba_moderna": {"LIMBA ENGLEZA": 25, "LIMBA FRANCEZA": 2}, "limba_materna": {"LIMBA ROMANA": 27}, "promotie_anterioara": {"DA": 27}, "materii": {"LIMBA ROMANA": {"medie": 5.124814814814815, "reusita": 70.37037037037037, "cnt": 27}, "MATEMATICA TEHN": {"medie": 4.597222222222221, "reusita": 57.89473684210527, "cnt": 19}, "BIOLOGIE VEGETALA SI ANIMALA": {"medie": 4.5843750000000005, "reusita": 47.05882352941176, "cnt": 17}, "GENERAL": {"medie": 4.9245833333333335, "reusita": 18.51851851851852, "cnt": 27}, "MATEMATICA MATE-INFO": {"medie": 4.507142857142857, "reusita": 62.5, "cnt": 8}, "FIZICA TEH": {"medie": 4.6000000000000005, "reusita": 50.0, "cnt": 4}, "ANATOMIE SI FIZIOLOGIE UMANA, GENETICA SI ECOLOGIE UMANA": {"medie": 6.95, "reusita": 100.0, "cnt": 5}, "FIZICA TEO": {"medie": 7.05, "reusita": 100.0, "cnt": 1}}, "nume": "COLEGIUL TEHNIC \"GHEORGHE ASACHI\"\tBucure\u0219ti"}