{"specializari": {"TEHNICIAN IN ACTIVITATI ECONOMICE": 63, "TEHNICIAN IN ADMINISTRATIE": 29, "TEHNICIAN IN TURISM": 54, "TEHNICIAN IN GASTRONOMIE": 37, "TEHNICIAN IN ACTIVITATI DE COMERT": 3}, "limba_moderna": {"LIMBA ENGLEZA": 184, "LIMBA ITALIANA": 1, "LIMBA FRANCEZA": 1}, "limba_materna": {"LIMBA ROMANA": 186}, "promotie_anterioara": {"NU": 177, "DA": 9}, "materii": {"LIMBA ROMANA": {"medie": 7.555737704918032, "reusita": 95.6989247311828, "cnt": 186}, "MATEMATICA TEHN": {"medie": 7.9546448087431685, "reusita": 92.47311827956989, "cnt": 186}, "GENERAL": {"medie": 7.9990842490842535, "reusita": 90.86021505376344, "cnt": 186}, "GEOGRAFIE": {"medie": 8.444101123595503, "reusita": 97.8021978021978, "cnt": 182}, "PSIHOLOGIE": {"medie": 7.075, "reusita": 100.0, "cnt": 4}}, "nume": "COLEGIUL ECONOMIC \"TRANSILVANIA\" TIRGU MURES\tMure\u0219"}