{"specializari": {"TEHNICIAN OPERATOR TEHNICA DE CALCUL": 12, "TEHNICIAN DESENATOR PENTRU CONSTRUCTII SI INSTALATII": 4, "TEHNICIAN ECOLOG SI PROTECTIA CALITATII MEDIULUI": 25, "TEHNICIAN IN ACTIVITATI ECONOMICE": 28, "TEHNICIAN IN TURISM": 27, "TEHNICIAN MECATRONIST": 5, "TEHNICIAN PROIECTANT CAD": 4, "TEHNICIAN MECANIC PENTRU INTRETINERE SI REPARATII": 1, "TEHNICIAN DE TELECOMUNICATII": 4, "MATEMATICA-INFORMATICA": 4}, "limba_moderna": {"LIMBA ENGLEZA": 94, "LIMBA FRANCEZA": 20}, "limba_materna": {"LIMBA ROMANA": 114}, "promotie_anterioara": {"DA": 29, "NU": 85}, "materii": {"LIMBA ROMANA": {"medie": 6.151428571428573, "reusita": 82.45614035087719, "cnt": 114}, "MATEMATICA TEHN": {"medie": 5.2401960784313735, "reusita": 61.81818181818181, "cnt": 110}, "BIOLOGIE VEGETALA SI ANIMALA": {"medie": 5.309183673469387, "reusita": 54.54545454545454, "cnt": 55}, "GENERAL": {"medie": 5.878412698412701, "reusita": 41.228070175438596, "cnt": 114}, "MATEMATICA MATE-INFO": {"medie": 5.083333333333333, "reusita": 50.0, "cnt": 4}, "GEOGRAFIE": {"medie": 7.1731481481481465, "reusita": 85.45454545454545, "cnt": 55}, "FIZICA TEH": {"medie": 4.583333333333333, "reusita": 66.66666666666666, "cnt": 3}, "ANATOMIE SI FIZIOLOGIE UMANA, GENETICA SI ECOLOGIE UMANA": {"medie": "-", "reusita": 0.0, "cnt": 1}}, "nume": "COLEGIUL TEHNIC \"ION MINCU\" FOCSANI\tVrancea"}