{"specializari": {"TEHNICIAN MECATRONIST": 1, "TEHNICIAN ELECTROMECANIC": 2, "TEHNICIAN IN ACTIVITATI ECONOMICE": 26, "TEHNICIAN PROIECTANT CAD": 12, "TEHNICIAN OPERATOR TEHNICA DE CALCUL": 21}, "limba_moderna": {"LIMBA FRANCEZA": 2, "LIMBA ENGLEZA": 60}, "limba_materna": {"LIMBA ROMANA": 62}, "promotie_anterioara": {"DA": 6, "NU": 56}, "materii": {"LIMBA ROMANA": {"medie": 6.223770491803279, "reusita": 87.09677419354838, "cnt": 62}, "MATEMATICA TEHN": {"medie": 6.814655172413795, "reusita": 79.03225806451613, "cnt": 62}, "BIOLOGIE VEGETALA SI ANIMALA": {"medie": 4.9125, "reusita": 48.57142857142857, "cnt": 35}, "GENERAL": {"medie": 6.533035714285716, "reusita": 54.83870967741935, "cnt": 62}, "GEOGRAFIE": {"medie": 7.742857142857143, "reusita": 95.23809523809523, "cnt": 21}, "FIZICA TEH": {"medie": 2.2, "reusita": 0.0, "cnt": 1}, "LOGICA, ARGUMENTARE SI COMUNICARE": {"medie": 8.55, "reusita": 100.0, "cnt": 4}, "ECONOMIE": {"medie": 8.3, "reusita": 100.0, "cnt": 1}}, "nume": "COLEGIUL TEHNIC \"ION D. LAZARESCU\" CUGIR\tAlba"}