{"specializari": {"MATEMATICA-INFORMATICA": 77, "FILOLOGIE": 103}, "limba_moderna": {"LIMBA ENGLEZA": 178, "LIMBA FRANCEZA": 1, "LIMBA GERMANA MODERNA": 1}, "limba_materna": {"LIMBA ROMANA": 180}, "promotie_anterioara": {"NU": 179, "DA": 1}, "materii": {"LIMBA ROMANA": {"medie": 8.760833333333332, "reusita": 100.0, "cnt": 180}, "BIOLOGIE VEGETALA SI ANIMALA": {"medie": 5.0, "reusita": 100.0, "cnt": 1}, "GENERAL": {"medie": 9.058148148148147, "reusita": 100.0, "cnt": 180}, "MATEMATICA MATE-INFO": {"medie": 9.122727272727271, "reusita": 100.0, "cnt": 77}, "INFORMATICA MI C/C++": {"medie": 9.329166666666667, "reusita": 100.0, "cnt": 36}, "GEOGRAFIE": {"medie": 9.47, "reusita": 100.0, "cnt": 25}, "ANATOMIE SI FIZIOLOGIE UMANA, GENETICA SI ECOLOGIE UMANA": {"medie": 8.46, "reusita": 100.0, "cnt": 10}, "ISTORIE": {"medie": 9.405339805825246, "reusita": 100.0, "cnt": 103}, "FIZICA TEO": {"medie": 8.84318181818182, "reusita": 100.0, "cnt": 22}, "LOGICA, ARGUMENTARE SI COMUNICARE": {"medie": 9.325000000000003, "reusita": 100.0, "cnt": 34}, "SOCIOLOGIE": {"medie": 9.273076923076923, "reusita": 100.0, "cnt": 13}, "PSIHOLOGIE": {"medie": 9.093750000000002, "reusita": 100.0, "cnt": 8}, "ECONOMIE": {"medie": 9.0325, "reusita": 100.0, "cnt": 20}, "CHIMIE ORGANICA TEO NIVEL I/II": {"medie": 8.787500000000001, "reusita": 100.0, "cnt": 8}, "FILOSOFIE": {"medie": 8.4, "reusita": 100.0, "cnt": 3}}, "nume": "COLEGIUL NATIONAL BILINGV \"GEORGE COSBUC\"\tBucure\u0219ti"}