{"specializari": {"TEHNICIAN OPERATOR TEHNICA DE CALCUL": 47, "TEHNICIAN IN ACTIVITATI DE COMERT": 49, "TEHNICIAN DESIGNER VESTIMENTAR": 42, "TEHNICIAN ECOLOG SI PROTECTIA CALITATII MEDIULUI": 23}, "limba_moderna": {"LIMBA ENGLEZA": 115, "LIMBA FRANCEZA": 46}, "limba_materna": {"LIMBA ROMANA": 161}, "promotie_anterioara": {"NU": 131, "DA": 30}, "materii": {"LIMBA ROMANA": {"medie": 6.829245283018867, "reusita": 95.65217391304348, "cnt": 161}, "MATEMATICA TEHN": {"medie": 6.019032258064518, "reusita": 74.53416149068323, "cnt": 161}, "BIOLOGIE VEGETALA SI ANIMALA": {"medie": 5.260101010101009, "reusita": 55.33980582524271, "cnt": 103}, "GENERAL": {"medie": 6.340066225165562, "reusita": 53.41614906832298, "cnt": 161}, "GEOGRAFIE": {"medie": 7.813333333333333, "reusita": 96.66666666666667, "cnt": 30}, "ANATOMIE SI FIZIOLOGIE UMANA, GENETICA SI ECOLOGIE UMANA": {"medie": 6.849999999999999, "reusita": 71.42857142857143, "cnt": 7}, "LOGICA, ARGUMENTARE SI COMUNICARE": {"medie": 6.727777777777778, "reusita": 73.68421052631578, "cnt": 19}, "CHIMIE ORGANICA TEH NIVEL I/II": {"medie": 5.35, "reusita": 50.0, "cnt": 2}}, "nume": "COLEGIUL TEHNIC \"ARMAND CALINESCU\" PITESTI\tArge\u0219"}