{"specializari": {"FILOLOGIE": 54, "TEHNICIAN IN TURISM": 20}, "limba_moderna": {"LIMBA ENGLEZA": 71, "LIMBA FRANCEZA": 3}, "limba_materna": {"LIMBA ROMANA": 74}, "promotie_anterioara": {"NU": 31, "DA": 43}, "materii": {"LIMBA ROMANA": {"medie": 5.678985507246379, "reusita": 77.02702702702703, "cnt": 74}, "MATEMATICA TEHN": {"medie": 4.097058823529411, "reusita": 35.0, "cnt": 20}, "GENERAL": {"medie": 6.290512820512819, "reusita": 41.891891891891895, "cnt": 74}, "GEOGRAFIE": {"medie": 7.22377049180328, "reusita": 92.42424242424242, "cnt": 66}, "ISTORIE": {"medie": 6.642452830188678, "reusita": 92.5925925925926, "cnt": 54}, "LOGICA, ARGUMENTARE SI COMUNICARE": {"medie": 9.2, "reusita": 100.0, "cnt": 1}, "SOCIOLOGIE": {"medie": 7.5, "reusita": 50.0, "cnt": 2}, "PSIHOLOGIE": {"medie": 8.25, "reusita": 100.0, "cnt": 2}, "ECONOMIE": {"medie": 7.7, "reusita": 100.0, "cnt": 3}}, "nume": "COMPLEXUL SCOLAR \"CRONOS\"\tBucure\u0219ti"}