{"specializari": {"MATEMATICA-INFORMATICA": 9, "STIINTE SOCIALE": 6}, "limba_moderna": {"LIMBA ENGLEZA": 13, "LIMBA EBRAICA": 2}, "limba_materna": {"LIMBA ROMANA": 15}, "promotie_anterioara": {"NU": 15}, "materii": {"LIMBA ROMANA": {"medie": 9.163333333333334, "reusita": 100.0, "cnt": 15}, "BIOLOGIE VEGETALA SI ANIMALA": {"medie": 8.85, "reusita": 100.0, "cnt": 1}, "GENERAL": {"medie": 9.292222222222223, "reusita": 100.0, "cnt": 15}, "MATEMATICA MATE-INFO": {"medie": 9.761111111111113, "reusita": 100.0, "cnt": 9}, "INFORMATICA MI C/C++": {"medie": 9.833333333333334, "reusita": 100.0, "cnt": 3}, "ISTORIE": {"medie": 9.225, "reusita": 100.0, "cnt": 6}, "FIZICA TEO": {"medie": 9.139999999999999, "reusita": 100.0, "cnt": 5}, "SOCIOLOGIE": {"medie": 9.6, "reusita": 100.0, "cnt": 2}, "PSIHOLOGIE": {"medie": 9.6, "reusita": 100.0, "cnt": 1}, "ECONOMIE": {"medie": 8.216666666666667, "reusita": 100.0, "cnt": 3}}, "nume": "COMPLEXUL EDUCATIONAL LAUDE-REUT\tBucure\u0219ti"}