{"specializari": {"TEHNICIAN IN INDUSTRIA TEXTILA": 1}, "limba_moderna": {"LIMBA ENGLEZA": 1}, "limba_materna": {"LIMBA ROMANA": 1}, "promotie_anterioara": {"DA": 1}, "materii": {"LIMBA ROMANA": {"medie": 7.05, "reusita": 100.0, "cnt": 1}, "MATEMATICA TEHN": {"medie": 5.0, "reusita": 100.0, "cnt": 1}, "GENERAL": {"medie": 5.016666666666667, "reusita": 0.0, "cnt": 1}, "FIZICA TEH": {"medie": 3.0, "reusita": 0.0, "cnt": 1}}, "nume": "GRUP SCOLAR DE ARTE SI MESERII \"SPIRU HARET\" IASI\tIa\u0219i"}