{"specializari": {"LICEU CU PROGRAM SPORTIV": 53}, "limba_moderna": {"LIMBA ENGLEZA": 53}, "limba_materna": {"LIMBA ROMANA": 53}, "promotie_anterioara": {"NU": 45, "DA": 8}, "materii": {"LIMBA ROMANA": {"medie": 6.030188679245285, "reusita": 83.01886792452831, "cnt": 53}, "GENERAL": {"medie": 6.705448717948718, "reusita": 66.0377358490566, "cnt": 53}, "GEOGRAFIE": {"medie": 7.221153846153848, "reusita": 92.45283018867924, "cnt": 53}, "ISTORIE": {"medie": 6.816037735849057, "reusita": 98.11320754716981, "cnt": 53}}, "nume": "LICEUL CU PROGRAM SPORTIV SATU MARE\tSatu-Mare"}