{"specializari": {"TEHNICIAN IN AGRICULTURA": 33, "TEHNICIAN IN ACTIVITATI ECONOMICE": 1, "TEHNICIAN HIDRO-METEOROLOG": 4, "TEHNICIAN ECOLOG SI PROTECTIA CALITATII MEDIULUI": 2}, "limba_moderna": {"LIMBA ENGLEZA": 40}, "limba_materna": {"LIMBA ROMANA": 40}, "promotie_anterioara": {"NU": 23, "DA": 17}, "materii": {"LIMBA ROMANA": {"medie": 4.466666666666666, "reusita": 47.5, "cnt": 40}, "MATEMATICA TEHN": {"medie": 4.315625000000001, "reusita": 42.5, "cnt": 40}, "BIOLOGIE VEGETALA SI ANIMALA": {"medie": 4.5874999999999995, "reusita": 37.5, "cnt": 32}, "GENERAL": {"medie": 4.5220238095238106, "reusita": 22.5, "cnt": 40}, "GEOGRAFIE": {"medie": 5.35, "reusita": 100.0, "cnt": 1}, "ANATOMIE SI FIZIOLOGIE UMANA, GENETICA SI ECOLOGIE UMANA": {"medie": 6.029999999999999, "reusita": 57.14285714285714, "cnt": 7}}, "nume": "LICEUL AGRICOL POARTA ALBA\tConstan\u021ba"}