{"specializari": {"MATEMATICA-INFORMATICA": 35, "STIINTE ALE NATURII": 38, "FILOLOGIE": 39, "STIINTE SOCIALE": 37, "TEHNICIAN ELECTROTEHNIST": 18, "TEHNICIAN MECANIC PENTRU INTRETINERE SI REPARATII": 26, "TEHNICIAN MECATRONIST": 28, "TEHNICIAN IN INSTALATII ELECTRICE": 28, "TEHNICIAN IN CONSTRUCTII SI LUCRARI PUBLICE": 11, "TEHNICIAN AGROMONTAN": 21, "TEHNICIAN IN INDUSTRIA TEXTILA": 3, "TEHNICIAN ECOLOG SI PROTECTIA CALITATII MEDIULUI": 2}, "limba_moderna": {"LIMBA ENGLEZA": 272, "LIMBA FRANCEZA": 14}, "limba_materna": {"LIMBA ROMANA": 286}, "promotie_anterioara": {"NU": 249, "DA": 37}, "materii": {"LIMBA ROMANA": {"medie": 6.325892857142856, "reusita": 84.61538461538461, "cnt": 286}, "MATEMATICA TEHN": {"medie": 4.0719230769230785, "reusita": 46.715328467153284, "cnt": 137}, "BIOLOGIE VEGETALA SI ANIMALA": {"medie": 3.5189473684210526, "reusita": 26.47058823529412, "cnt": 102}, "GENERAL": {"medie": 6.3842592592592515, "reusita": 57.692307692307686, "cnt": 286}, "MATEMATICA MATE-INFO": {"medie": 9.031428571428572, "reusita": 97.14285714285714, "cnt": 35}, "GEOGRAFIE": {"medie": 8.402307692307692, "reusita": 100.0, "cnt": 65}, "FIZICA TEH": {"medie": 5.45, "reusita": 50.0, "cnt": 6}, "ANATOMIE SI FIZIOLOGIE UMANA, GENETICA SI ECOLOGIE UMANA": {"medie": 7.240322580645164, "reusita": 82.8125, "cnt": 64}, "CHIMIE ANORGANICA TEH NIVEL I/II": {"medie": 4.008333333333333, "reusita": 16.666666666666664, "cnt": 6}, "ISTORIE": {"medie": 7.9664473684210515, "reusita": 100.0, "cnt": 76}, "FIZICA TEO": {"medie": 9.02142857142857, "reusita": 100.0, "cnt": 28}, "MATEMATICA ST-NAT": {"medie": 7.395833333333333, "reusita": 78.94736842105263, "cnt": 38}, "SOCIOLOGIE": {"medie": 7.355555555555556, "reusita": 100.0, "cnt": 9}, "PSIHOLOGIE": {"medie": 8.65, "reusita": 100.0, "cnt": 2}, "CHIMIE ORGANICA TEO NIVEL I/II": {"medie": 8.616666666666665, "reusita": 100.0, "cnt": 3}, "CHIMIE ORGANICA TEH NIVEL I/II": {"medie": "-", "reusita": 0.0, "cnt": 1}}, "nume": "LICEUL CONSTANTIN BRANCOVEANU, ORAS HOREZU\tV\u00e2lcea"}