{"specializari": {"STIINTE SOCIALE": 26, "MATEMATICA-INFORMATICA": 43, "STIINTE ALE NATURII": 29, "TEHNICIAN TRANSPORTURI": 24, "TEHNICIAN IN ACTIVITATI ECONOMICE": 31, "TEHNICIAN IN ACTIVITATI DE COMERT": 39, "FILOLOGIE": 38, "TEHNICIAN MECATRONIST": 15, "TEHNICIAN IN TURISM": 19, "TEHNICIAN IN GASTRONOMIE": 3, "TEHNICIAN ELECTROTEHNIST": 1, "TEHNICIAN IN AUTOMATIZARI": 1}, "limba_moderna": {"LIMBA ENGLEZA": 269}, "limba_materna": {"LIMBA ROMANA": 269}, "promotie_anterioara": {"NU": 196, "DA": 73}, "materii": {"LIMBA ROMANA": {"medie": 5.409534883720934, "reusita": 55.39033457249071, "cnt": 269}, "MATEMATICA TEHN": {"medie": 3.8955555555555543, "reusita": 28.57142857142857, "cnt": 133}, "BIOLOGIE VEGETALA SI ANIMALA": {"medie": 5.592253521126761, "reusita": 46.464646464646464, "cnt": 99}, "GENERAL": {"medie": 5.412916666666665, "reusita": 26.394052044609666, "cnt": 269}, "MATEMATICA MATE-INFO": {"medie": 5.2025, "reusita": 53.48837209302325, "cnt": 43}, "INFORMATICA MI C/C++": {"medie": 6.8, "reusita": 100.0, "cnt": 2}, "INFORMATICA MI PASCAL": {"medie": 6.15, "reusita": 100.0, "cnt": 1}, "GEOGRAFIE": {"medie": 6.01908396946565, "reusita": 65.78947368421053, "cnt": 152}, "FIZICA TEH": {"medie": 5.38, "reusita": 40.0, "cnt": 10}, "ANATOMIE SI FIZIOLOGIE UMANA, GENETICA SI ECOLOGIE UMANA": {"medie": 5.5, "reusita": 100.0, "cnt": 1}, "ISTORIE": {"medie": 6.2, "reusita": 76.5625, "cnt": 64}, "MATEMATICA ST-NAT": {"medie": 3.4166666666666665, "reusita": 34.48275862068966, "cnt": 29}, "ECONOMIE": {"medie": 5.074999999999999, "reusita": 50.0, "cnt": 4}}, "nume": "LICEUL BORSA\tMaramure\u0219"}