{"specializari": {"LICEU CU PROGRAM SPORTIV": 60}, "limba_moderna": {"LIMBA ENGLEZA": 36, "LIMBA FRANCEZA": 24}, "limba_materna": {"LIMBA ROMANA": 60}, "promotie_anterioara": {"NU": 53, "DA": 7}, "materii": {"LIMBA ROMANA": {"medie": 5.018867924528302, "reusita": 51.66666666666667, "cnt": 60}, "GENERAL": {"medie": 5.498366013071895, "reusita": 31.666666666666664, "cnt": 60}, "GEOGRAFIE": {"medie": 6.378378378378379, "reusita": 65.9090909090909, "cnt": 44}, "ISTORIE": {"medie": 5.398148148148149, "reusita": 60.0, "cnt": 60}, "LOGICA, ARGUMENTARE SI COMUNICARE": {"medie": 4.317857142857142, "reusita": 50.0, "cnt": 14}, "PSIHOLOGIE": {"medie": 4.075, "reusita": 50.0, "cnt": 2}}, "nume": "LICEUL CU PROGRAM SPORTIV SLATINA\tOlt"}