{"specializari": {"TEHNICIAN IN GASTRONOMIE": 12, "TEHNICIAN IN AGRICULTURA ECOLOGICA": 8, "TEHNICIAN TRANSPORTURI": 3, "TEHNICIAN MECANIC PENTRU INTRETINERE SI REPARATII": 2, "TEHNICIAN ECOLOG SI PROTECTIA CALITATII MEDIULUI": 13, "TEHNICIAN IN ACTIVITATI DE COMERT": 6, "TEHNICIAN IN INDUSTRIA ALIMENTARA": 1, "TEHNICIAN IN TURISM": 2}, "limba_moderna": {"LIMBA FRANCEZA": 15, "LIMBA ENGLEZA": 32}, "limba_materna": {"LIMBA ROMANA": 47}, "promotie_anterioara": {"NU": 24, "DA": 23}, "materii": {"LIMBA ROMANA": {"medie": 5.897826086956522, "reusita": 89.36170212765957, "cnt": 47}, "MATEMATICA TEHN": {"medie": 5.6261363636363635, "reusita": 74.46808510638297, "cnt": 47}, "BIOLOGIE VEGETALA SI ANIMALA": {"medie": 5.041666666666666, "reusita": 61.53846153846154, "cnt": 26}, "GENERAL": {"medie": 5.7662790697674415, "reusita": 42.5531914893617, "cnt": 47}, "GEOGRAFIE": {"medie": 6.103125, "reusita": 93.75, "cnt": 16}, "CHIMIE ANORGANICA TEH NIVEL I/II": {"medie": 3.6, "reusita": 0.0, "cnt": 1}, "LOGICA, ARGUMENTARE SI COMUNICARE": {"medie": 7.225, "reusita": 75.0, "cnt": 4}}, "nume": "LICEUL AGRICOL \"DR. C. ANGELESCU\" MUNICIPIUL BUZAU\tBuz\u0103u"}