{"specializari": {"LICEU CU PROGRAM SPORTIV": 104, "TEHNICIAN ECOLOG SI PROTECTIA CALITATII MEDIULUI": 23, "TEHNICIAN IN TURISM": 21}, "limba_moderna": {"LIMBA ENGLEZA": 142, "LIMBA FRANCEZA": 6}, "limba_materna": {"LIMBA ROMANA": 148}, "promotie_anterioara": {"NU": 120, "DA": 28}, "materii": {"LIMBA ROMANA": {"medie": 6.455136986301369, "reusita": 88.51351351351352, "cnt": 148}, "MATEMATICA TEHN": {"medie": 6.21818181818182, "reusita": 90.9090909090909, "cnt": 44}, "BIOLOGIE VEGETALA SI ANIMALA": {"medie": 5.495652173913044, "reusita": 82.6086956521739, "cnt": 23}, "GENERAL": {"medie": 6.5422374429223735, "reusita": 65.54054054054053, "cnt": 148}, "GEOGRAFIE": {"medie": 7.130578512396697, "reusita": 96.72131147540983, "cnt": 122}, "ISTORIE": {"medie": 6.284466019417477, "reusita": 92.3076923076923, "cnt": 104}, "LOGICA, ARGUMENTARE SI COMUNICARE": {"medie": 9.8, "reusita": 100.0, "cnt": 1}, "FILOSOFIE": {"medie": 7.85, "reusita": 100.0, "cnt": 2}}, "nume": "LICEUL CU PROGRAM SPORTIV BISTRITA\tBistri\u021ba-N\u0103s\u0103ud"}