{"specializari": {"LICEU CU PROGRAM SPORTIV": 56}, "limba_moderna": {"LIMBA ENGLEZA": 56}, "limba_materna": {"LIMBA ROMANA": 56}, "promotie_anterioara": {"NU": 47, "DA": 9}, "materii": {"LIMBA ROMANA": {"medie": 5.991666666666668, "reusita": 80.35714285714286, "cnt": 56}, "GENERAL": {"medie": 6.357861635220128, "reusita": 57.14285714285714, "cnt": 56}, "GEOGRAFIE": {"medie": 6.693589743589742, "reusita": 87.8048780487805, "cnt": 41}, "ISTORIE": {"medie": 6.048181818181818, "reusita": 89.28571428571429, "cnt": 56}, "LOGICA, ARGUMENTARE SI COMUNICARE": {"medie": 7.343333333333334, "reusita": 93.33333333333333, "cnt": 15}}, "nume": "LICEUL CU PROGRAM SPORTIV BRASOV\tBra\u0219ov"}