{"specializari": {"STIINTE ALE NATURII": 19, "LICEU CU PROGRAM SPORTIV": 97}, "limba_moderna": {"LIMBA ENGLEZA": 99, "LIMBA FRANCEZA": 17}, "limba_materna": {"LIMBA ROMANA": 116}, "promotie_anterioara": {"NU": 98, "DA": 18}, "materii": {"LIMBA ROMANA": {"medie": 5.233043478260869, "reusita": 63.793103448275865, "cnt": 116}, "GENERAL": {"medie": 5.793510324483777, "reusita": 45.689655172413794, "cnt": 116}, "GEOGRAFIE": {"medie": 6.702688172043014, "reusita": 89.47368421052632, "cnt": 95}, "ANATOMIE SI FIZIOLOGIE UMANA, GENETICA SI ECOLOGIE UMANA": {"medie": 6.919444444444445, "reusita": 88.88888888888889, "cnt": 18}, "ISTORIE": {"medie": 5.195833333333334, "reusita": 60.824742268041234, "cnt": 97}, "FIZICA TEO": {"medie": 6.45, "reusita": 100.0, "cnt": 1}, "MATEMATICA ST-NAT": {"medie": 6.065789473684211, "reusita": 89.47368421052632, "cnt": 19}, "PSIHOLOGIE": {"medie": 8.875, "reusita": 100.0, "cnt": 2}}, "nume": "LICEUL CU PROGRAM SPORTIV TG-JIU\tGorj"}