{"specializari": {"LICEU CU PROGRAM SPORTIV": 56}, "limba_moderna": {"LIMBA ENGLEZA": 56}, "limba_materna": {"LIMBA ROMANA": 56}, "promotie_anterioara": {"NU": 37, "DA": 19}, "materii": {"LIMBA ROMANA": {"medie": 4.944339622641508, "reusita": 60.71428571428571, "cnt": 56}, "GENERAL": {"medie": 5.6038194444444445, "reusita": 39.285714285714285, "cnt": 56}, "GEOGRAFIE": {"medie": 6.831730769230767, "reusita": 82.14285714285714, "cnt": 56}, "ISTORIE": {"medie": 4.987500000000001, "reusita": 69.64285714285714, "cnt": 56}}, "nume": "LICEUL CU PROGRAM SPORTIV ARAD\tArad"}