{"specializari": {"FILOLOGIE": 30, "MATEMATICA-INFORMATICA": 25, "TEHNICIAN MECATRONIST": 3, "TEHNICIAN ELECTROMECANIC": 22, "STIINTE ALE NATURII": 30, "TEHNICIAN IN GASTRONOMIE": 17}, "limba_moderna": {"LIMBA ENGLEZA": 123, "LIMBA FRANCEZA": 3, "LIMBA GERMANA MODERNA": 1}, "limba_materna": {"LIMBA ROMANA": 127}, "promotie_anterioara": {"NU": 109, "DA": 18}, "materii": {"LIMBA ROMANA": {"medie": 6.551250000000001, "reusita": 82.67716535433071, "cnt": 127}, "MATEMATICA TEHN": {"medie": 4.7875000000000005, "reusita": 45.23809523809524, "cnt": 42}, "BIOLOGIE VEGETALA SI ANIMALA": {"medie": 6.65, "reusita": 58.82352941176471, "cnt": 34}, "GENERAL": {"medie": 6.946296296296299, "reusita": 66.14173228346458, "cnt": 127}, "MATEMATICA MATE-INFO": {"medie": 8.366, "reusita": 100.0, "cnt": 25}, "INFORMATICA MI C/C++": {"medie": 8.740909090909092, "reusita": 100.0, "cnt": 11}, "GEOGRAFIE": {"medie": 7.588888888888889, "reusita": 80.0, "cnt": 10}, "ANATOMIE SI FIZIOLOGIE UMANA, GENETICA SI ECOLOGIE UMANA": {"medie": 7.851470588235294, "reusita": 94.11764705882352, "cnt": 34}, "ISTORIE": {"medie": 7.546666666666668, "reusita": 93.33333333333333, "cnt": 30}, "FIZICA TEO": {"medie": 9.0, "reusita": 100.0, "cnt": 1}, "MATEMATICA ST-NAT": {"medie": 6.365000000000001, "reusita": 76.66666666666667, "cnt": 30}, "LOGICA, ARGUMENTARE SI COMUNICARE": {"medie": 7.449999999999999, "reusita": 89.1891891891892, "cnt": 37}}, "nume": "LICEUL BANATEAN OTELU ROSU\tCara\u0219-Severin"}