{"specializari": {"LICEU CU PROGRAM SPORTIV": 86, "FILOLOGIE": 5}, "limba_moderna": {"LIMBA ENGLEZA": 90, "LIMBA FRANCEZA": 1}, "limba_materna": {"LIMBA ROMANA": 91}, "promotie_anterioara": {"NU": 68, "DA": 23}, "materii": {"LIMBA ROMANA": {"medie": 5.6395348837209305, "reusita": 74.72527472527473, "cnt": 91}, "GENERAL": {"medie": 6.15098039215686, "reusita": 45.05494505494506, "cnt": 91}, "GEOGRAFIE": {"medie": 7.226219512195123, "reusita": 89.77272727272727, "cnt": 88}, "ISTORIE": {"medie": 5.581034482758623, "reusita": 75.82417582417582, "cnt": 91}, "LOGICA, ARGUMENTARE SI COMUNICARE": {"medie": 6.1, "reusita": 100.0, "cnt": 2}, "PSIHOLOGIE": {"medie": 8.3, "reusita": 100.0, "cnt": 1}}, "nume": "LICEUL CU PROGRAM SPORTIV\tBr\u0103ila"}