{"specializari": {"STIINTE SOCIALE": 26, "TEHNICIAN IN ACTIVITATI ECONOMICE": 16, "MATEMATICA-INFORMATICA": 25, "TEHNICIAN IN AGRICULTURA": 1}, "limba_moderna": {"LIMBA ENGLEZA": 68}, "limba_materna": {"LIMBA ROMANA": 68}, "promotie_anterioara": {"NU": 57, "DA": 11}, "materii": {"LIMBA ROMANA": {"medie": 5.648507462686568, "reusita": 73.52941176470588, "cnt": 68}, "MATEMATICA TEHN": {"medie": 4.246875, "reusita": 52.94117647058824, "cnt": 17}, "BIOLOGIE VEGETALA SI ANIMALA": {"medie": 6.1, "reusita": 100.0, "cnt": 2}, "GENERAL": {"medie": 5.440151515151515, "reusita": 38.23529411764706, "cnt": 68}, "MATEMATICA MATE-INFO": {"medie": 4.242, "reusita": 52.0, "cnt": 25}, "INFORMATICA MI C/C++": {"medie": 5.0, "reusita": 100.0, "cnt": 1}, "GEOGRAFIE": {"medie": 5.91551724137931, "reusita": 73.33333333333333, "cnt": 30}, "ANATOMIE SI FIZIOLOGIE UMANA, GENETICA SI ECOLOGIE UMANA": {"medie": 6.388636363636363, "reusita": 72.72727272727273, "cnt": 22}, "ISTORIE": {"medie": 5.1, "reusita": 61.53846153846154, "cnt": 26}, "LOGICA, ARGUMENTARE SI COMUNICARE": {"medie": 6.1125, "reusita": 58.333333333333336, "cnt": 12}, "CHIMIE ANORGANICA TEO NIVEL I/II": {"medie": 3.9, "reusita": 0.0, "cnt": 1}}, "nume": "LICEUL COBADIN\tConstan\u021ba"}