{"specializari": {"FILOLOGIE": 32, "LICEU CU PROGRAM SPORTIV": 72}, "limba_moderna": {"LIMBA ENGLEZA": 101, "LIMBA FRANCEZA": 3}, "limba_materna": {"LIMBA ROMANA": 104}, "promotie_anterioara": {"NU": 87, "DA": 17}, "materii": {"LIMBA ROMANA": {"medie": 5.855392156862747, "reusita": 81.73076923076923, "cnt": 104}, "GENERAL": {"medie": 6.3705, "reusita": 61.53846153846154, "cnt": 104}, "GEOGRAFIE": {"medie": 6.870689655172413, "reusita": 93.33333333333333, "cnt": 30}, "ISTORIE": {"medie": 6.648058252427186, "reusita": 94.23076923076923, "cnt": 104}, "LOGICA, ARGUMENTARE SI COMUNICARE": {"medie": 6.409420289855071, "reusita": 77.77777777777779, "cnt": 72}, "SOCIOLOGIE": {"medie": 5.0, "reusita": 100.0, "cnt": 1}, "PSIHOLOGIE": {"medie": 8.15, "reusita": 100.0, "cnt": 1}}, "nume": "LICEUL CU PROGRAM SPORTIV SUCEAVA\tSuceava"}