{"specializari": {"STIINTE ALE NATURII": 6}, "limba_moderna": {"LIMBA ENGLEZA": 5, "LIMBA FRANCEZA": 1}, "limba_materna": {"LIMBA ROMANA": 6}, "promotie_anterioara": {"NU": 6}, "materii": {"LIMBA ROMANA": {"medie": 8.700000000000001, "reusita": 100.0, "cnt": 6}, "GENERAL": {"medie": 8.93611111111111, "reusita": 100.0, "cnt": 6}, "ANATOMIE SI FIZIOLOGIE UMANA, GENETICA SI ECOLOGIE UMANA": {"medie": 9.058333333333334, "reusita": 100.0, "cnt": 6}, "MATEMATICA ST-NAT": {"medie": 9.049999999999999, "reusita": 100.0, "cnt": 6}}, "nume": "LICEUL CRESTIN \"LOGOS\" BISTRITA\tBistri\u021ba-N\u0103s\u0103ud"}