{"specializari": {"LICEU CU PROGRAM SPORTIV": 63}, "limba_moderna": {"LIMBA ENGLEZA": 58, "LIMBA FRANCEZA": 5}, "limba_materna": {"LIMBA ROMANA": 63}, "promotie_anterioara": {"NU": 47, "DA": 16}, "materii": {"LIMBA ROMANA": {"medie": 6.8672131147541, "reusita": 95.23809523809523, "cnt": 63}, "GENERAL": {"medie": 7.13169398907104, "reusita": 73.01587301587301, "cnt": 63}, "GEOGRAFIE": {"medie": 7.599122807017542, "reusita": 96.55172413793103, "cnt": 58}, "ISTORIE": {"medie": 7.016935483870965, "reusita": 96.82539682539682, "cnt": 63}, "FILOSOFIE": {"medie": 6.1, "reusita": 100.0, "cnt": 5}}, "nume": "LICEUL CU PROGRAM SPORTIV FOCSANI\tVrancea"}