{"specializari": {"LICEU CU PROGRAM SPORTIV": 106}, "limba_moderna": {"LIMBA ENGLEZA": 106}, "limba_materna": {"LIMBA ROMANA": 106}, "promotie_anterioara": {"NU": 91, "DA": 15}, "materii": {"LIMBA ROMANA": {"medie": 6.250000000000002, "reusita": 89.62264150943396, "cnt": 106}, "GENERAL": {"medie": 6.5067961165048525, "reusita": 64.15094339622641, "cnt": 106}, "GEOGRAFIE": {"medie": 7.316666666666666, "reusita": 94.52054794520548, "cnt": 73}, "ISTORIE": {"medie": 6.1646226415094345, "reusita": 90.56603773584906, "cnt": 106}, "LOGICA, ARGUMENTARE SI COMUNICARE": {"medie": 6.449999999999999, "reusita": 75.75757575757575, "cnt": 33}}, "nume": "LICEUL CU PROGRAM SPORTIV CLUJ-NAPOCA\tCluj"}