{"specializari": {"LICEU CU PROGRAM SPORTIV": 101}, "limba_moderna": {"LIMBA ENGLEZA": 99, "LIMBA FRANCEZA": 2}, "limba_materna": {"LIMBA ROMANA": 101}, "promotie_anterioara": {"NU": 84, "DA": 17}, "materii": {"LIMBA ROMANA": {"medie": 6.256565656565656, "reusita": 80.19801980198021, "cnt": 101}, "GENERAL": {"medie": 6.742176870748297, "reusita": 69.3069306930693, "cnt": 101}, "GEOGRAFIE": {"medie": 7.30526315789474, "reusita": 96.875, "cnt": 96}, "ISTORIE": {"medie": 6.485499999999998, "reusita": 95.04950495049505, "cnt": 101}, "LOGICA, ARGUMENTARE SI COMUNICARE": {"medie": 8.959999999999999, "reusita": 100.0, "cnt": 5}}, "nume": "LICEUL CU PROGRAM SPORTIV, IASI\tIa\u0219i"}