{"specializari": {"LICEU CU PROGRAM SPORTIV": 78}, "limba_moderna": {"LIMBA ENGLEZA": 74, "LIMBA FRANCEZA": 4}, "limba_materna": {"LIMBA ROMANA": 78}, "promotie_anterioara": {"NU": 67, "DA": 11}, "materii": {"LIMBA ROMANA": {"medie": 5.520666666666667, "reusita": 74.35897435897436, "cnt": 78}, "GENERAL": {"medie": 5.894819819819819, "reusita": 46.15384615384615, "cnt": 78}, "GEOGRAFIE": {"medie": 5.845000000000001, "reusita": 65.85365853658537, "cnt": 41}, "ISTORIE": {"medie": 5.8315789473684205, "reusita": 80.76923076923077, "cnt": 78}, "LOGICA, ARGUMENTARE SI COMUNICARE": {"medie": 6.729166666666668, "reusita": 77.77777777777779, "cnt": 36}, "FILOSOFIE": {"medie": 5.2, "reusita": 100.0, "cnt": 1}}, "nume": "LICEUL CU PROGRAM SPORTIV BOTOSANI\tBoto\u0219ani"}