{"specializari": {"LICEU CU PROGRAM SPORTIV": 56}, "limba_moderna": {"LIMBA ENGLEZA": 55, "LIMBA FRANCEZA": 1}, "limba_materna": {"LIMBA ROMANA": 56}, "promotie_anterioara": {"NU": 31, "DA": 25}, "materii": {"LIMBA ROMANA": {"medie": 6.299999999999999, "reusita": 92.85714285714286, "cnt": 56}, "GENERAL": {"medie": 6.603459119496856, "reusita": 60.71428571428571, "cnt": 56}, "GEOGRAFIE": {"medie": 7.35, "reusita": 98.0392156862745, "cnt": 51}, "ISTORIE": {"medie": 6.096428571428572, "reusita": 98.21428571428571, "cnt": 56}, "LOGICA, ARGUMENTARE SI COMUNICARE": {"medie": 7.18, "reusita": 100.0, "cnt": 5}}, "nume": "LICEUL CU PROGRAM SPORTIV BACAU\tBac\u0103u"}