{"specializari": {"LICEU CU PROGRAM SPORTIV": 77}, "limba_moderna": {"LIMBA ENGLEZA": 60, "LIMBA FRANCEZA": 17}, "limba_materna": {"LIMBA ROMANA": 77}, "promotie_anterioara": {"NU": 64, "DA": 13}, "materii": {"LIMBA ROMANA": {"medie": 5.3773333333333335, "reusita": 71.42857142857143, "cnt": 77}, "GENERAL": {"medie": 6.165753424657534, "reusita": 46.75324675324675, "cnt": 77}, "GEOGRAFIE": {"medie": 6.833108108108107, "reusita": 87.01298701298701, "cnt": 77}, "ISTORIE": {"medie": 6.180000000000001, "reusita": 88.31168831168831, "cnt": 77}}, "nume": "LICEUL CU PROGRAM SPORTIV, MUNICIPIUL ROMAN\tNeam\u021b"}