{"specializari": {"STIINTE ALE NATURII": 15}, "limba_moderna": {"LIMBA FRANCEZA": 15}, "limba_materna": {"LIMBA ROMANA": 15}, "promotie_anterioara": {"NU": 14, "DA": 1}, "materii": {"LIMBA ROMANA": {"medie": 2.1142857142857143, "reusita": 6.666666666666667, "cnt": 15}, "BIOLOGIE VEGETALA SI ANIMALA": {"medie": 2.566666666666667, "reusita": 6.666666666666667, "cnt": 15}, "GENERAL": {"medie": 1.9845238095238098, "reusita": 0.0, "cnt": 15}, "MATEMATICA ST-NAT": {"medie": 1.2166666666666666, "reusita": 0.0, "cnt": 15}}, "nume": "CENTRUL SCOLAR PENTRU EDUCATIE INCLUZIVA \"ELENA DOAMNA\" FOCSANI\tVrancea"}