{"specializari": {"TEHNICIAN IN ADMINISTRATIE": 2, "TEHNICIAN IN ACTIVITATI DE POSTA": 2}, "limba_moderna": {"LIMBA ENGLEZA": 4}, "limba_materna": {"LIMBA ROMANA": 4}, "promotie_anterioara": {"NU": 2, "DA": 2}, "materii": {"LIMBA ROMANA": {"medie": 5.716666666666666, "reusita": 75.0, "cnt": 4}, "MATEMATICA TEHN": {"medie": 5.483333333333334, "reusita": 50.0, "cnt": 4}, "GENERAL": {"medie": 6.25, "reusita": 50.0, "cnt": 4}, "GEOGRAFIE": {"medie": 7.55, "reusita": 75.0, "cnt": 4}}, "nume": "CENTRUL DE STUDII \"STEFAN CEL MARE SI SFANT - BUCOVINA\" CAMPULUNG MOLDOVENESC\tSuceava"}