{"specializari": {"FILOLOGIE": 10, "TEHNICIAN IN ADMINISTRATIE": 3, "MATEMATICA-INFORMATICA": 5, "TEHNICIAN IN TURISM": 1}, "limba_moderna": {"LIMBA ENGLEZA": 18, "LIMBA FRANCEZA": 1}, "limba_materna": {"LIMBA ROMANA": 19}, "promotie_anterioara": {"DA": 14, "NU": 5}, "materii": {"LIMBA ROMANA": {"medie": 5.287499999999999, "reusita": 57.89473684210527, "cnt": 19}, "MATEMATICA TEHN": {"medie": 4.216666666666667, "reusita": 50.0, "cnt": 4}, "GENERAL": {"medie": 4.9688888888888885, "reusita": 26.31578947368421, "cnt": 19}, "ISTORIE": {"medie": 5.635, "reusita": 90.0, "cnt": 10}, "MATEMATICA MATE-INFO": {"medie": 3.1625, "reusita": 40.0, "cnt": 5}, "GEOGRAFIE": {"medie": 5.6000000000000005, "reusita": 64.28571428571429, "cnt": 14}, "ANATOMIE SI FIZIOLOGIE UMANA, GENETICA SI ECOLOGIE UMANA": {"medie": 3.16, "reusita": 20.0, "cnt": 5}}, "nume": "CENTRUL DE STUDII STEFAN CEL MARE SI SFANT - BOTOSANI\tBoto\u0219ani"}