{"specializari": {"TEHNICIAN INSTALATOR PENTRU CONSTRUCTII": 7, "TEHNICIAN DESIGNER VESTIMENTAR": 19, "TEHNICIAN IN CONSTRUCTII SI LUCRARI PUBLICE": 17, "TEHNICIAN MECANIC PENTRU INTRETINERE SI REPARATII": 13, "TEHNICIAN DESENATOR PENTRU CONSTRUCTII SI INSTALATII": 1}, "limba_moderna": {"LIMBA ENGLEZA": 52, "LIMBA FRANCEZA": 5}, "limba_materna": {"LIMBA ROMANA": 57}, "promotie_anterioara": {"NU": 50, "DA": 7}, "materii": {"LIMBA ROMANA": {"medie": 6.0649999999999995, "reusita": 28.07017543859649, "cnt": 57}, "MATEMATICA TEHN": {"medie": 4.276315789473683, "reusita": 15.789473684210526, "cnt": 57}, "BIOLOGIE VEGETALA SI ANIMALA": {"medie": 4.4624999999999995, "reusita": 12.5, "cnt": 56}, "GENERAL": {"medie": 5.017708333333333, "reusita": 10.526315789473683, "cnt": 57}, "FIZICA TEH": {"medie": "-", "reusita": 0.0, "cnt": 1}}, "nume": "COELGIUL TEHNIC CARASAN\tCara\u0219-Severin"}