{"specializari": {"STIINTE ALE NATURII": 42, "FILOLOGIE": 58, "LICEU CU PROGRAM SPORTIV": 13, "MATEMATICA-INFORMATICA": 38}, "limba_moderna": {"LIMBA ENGLEZA": 135, "LIMBA GERMANA MODERNA": 13, "LIMBA ITALIANA": 3}, "limba_materna": {"LIMBA ROMANA": 107, "LIMBA MAGHIARA": 44}, "promotie_anterioara": {"NU": 140, "DA": 11}, "materii": {"LIMBA ROMANA": {"medie": 7.028999999999999, "reusita": 94.70198675496688, "cnt": 151}, "BIOLOGIE VEGETALA SI ANIMALA": {"medie": 8.48684210526316, "reusita": 100.0, "cnt": 19}, "GENERAL": {"medie": 7.558137583892618, "reusita": 80.79470198675497, "cnt": 151}, "MATEMATICA ST-NAT": {"medie": 7.6285714285714255, "reusita": 100.0, "cnt": 42}, "ISTORIE": {"medie": 7.142253521126759, "reusita": 92.95774647887323, "cnt": 71}, "MATEMATICA MATE-INFO": {"medie": 8.402702702702703, "reusita": 94.73684210526315, "cnt": 38}, "GEOGRAFIE": {"medie": 7.176153846153845, "reusita": 95.38461538461539, "cnt": 65}, "ANATOMIE SI FIZIOLOGIE UMANA, GENETICA SI ECOLOGIE UMANA": {"medie": 8.867441860465114, "reusita": 100.0, "cnt": 43}, "FIZICA TEO": {"medie": 7.35, "reusita": 100.0, "cnt": 1}, "PSIHOLOGIE": {"medie": 6.85, "reusita": 100.0, "cnt": 5}, "ECONOMIE": {"medie": 7.65, "reusita": 100.0, "cnt": 1}, "LIMBA MAGHIARA (REAL)": {"medie": 7.96578947368421, "reusita": 100.0, "cnt": 19}, "INFORMATICA MI PASCAL": {"medie": 8.888235294117647, "reusita": 100.0, "cnt": 17}, "LIMBA MAGHIARA (UMAN)": {"medie": 5.734, "reusita": 84.0, "cnt": 25}}, "nume": "COLEGIUL NATIONAL \"MIRCEA ELIADE\" SIGHISOARA\tMure\u0219"}