{"specializari": {"TEHNICIAN CHIMIST DE LABORATOR": 26, "TEHNICIAN IN INDUSTRIA STICLEI SI CERAMICII": 28, "COAFOR STILIST": 59, "TEHNICIAN DESIGNER VESTIMENTAR": 29, "MATEMATICA-INFORMATICA": 3, "TEHNICIAN IN INDUSTRIA PIELARIEI": 8, "STIINTE ALE NATURII": 1, "TEHNICIAN IN INDUSTRIA MATERIALELOR DE CONSTRUCTII": 4, "TEHNICIAN IN INDUSTRIA TEXTILA": 2}, "limba_moderna": {"LIMBA ENGLEZA": 154, "LIMBA FRANCEZA": 6}, "limba_materna": {"LIMBA ROMANA": 160}, "promotie_anterioara": {"NU": 132, "DA": 28}, "materii": {"LIMBA ROMANA": {"medie": 6.513870967741936, "reusita": 87.5, "cnt": 160}, "MATEMATICA TEHN": {"medie": 6.669256756756755, "reusita": 78.2051282051282, "cnt": 156}, "BIOLOGIE VEGETALA SI ANIMALA": {"medie": 5.508888888888889, "reusita": 65.95744680851064, "cnt": 94}, "GENERAL": {"medie": 6.441666666666668, "reusita": 56.875, "cnt": 160}, "MATEMATICA ST-NAT": {"medie": 1.1, "reusita": 0.0, "cnt": 1}, "MATEMATICA MATE-INFO": {"medie": 5.566666666666666, "reusita": 66.66666666666666, "cnt": 3}, "GEOGRAFIE": {"medie": 6.918103448275863, "reusita": 89.83050847457628, "cnt": 59}, "ANATOMIE SI FIZIOLOGIE UMANA, GENETICA SI ECOLOGIE UMANA": {"medie": 3.25, "reusita": 0.0, "cnt": 1}, "FIZICA TEH": {"medie": 1.9, "reusita": 0.0, "cnt": 2}, "CHIMIE ANORGANICA TEH NIVEL I/II": {"medie": 6.416666666666667, "reusita": 75.0, "cnt": 4}}, "nume": "COLEGIUL TEHNIC \"APULUM\" ALBA IULIA\tAlba"}