{"specializari": {"TEHNICIAN TRANSPORTURI": 10, "TEHNICIAN MECATRONIST": 9, "TEHNICIAN ELECTRICIAN/ELECTRONIST AUTO": 5, "TEHNICIAN OPERATOR TEHNICA DE CALCUL": 3}, "limba_moderna": {"LIMBA FRANCEZA": 9, "LIMBA ENGLEZA": 18}, "limba_materna": {"LIMBA ROMANA": 27}, "promotie_anterioara": {"NU": 14, "DA": 13}, "materii": {"LIMBA ROMANA": {"medie": 5.294230769230769, "reusita": 77.77777777777779, "cnt": 27}, "MATEMATICA TEHN": {"medie": 6.107407407407408, "reusita": 85.18518518518519, "cnt": 27}, "BIOLOGIE VEGETALA SI ANIMALA": {"medie": 4.541304347826087, "reusita": 47.82608695652174, "cnt": 23}, "GENERAL": {"medie": 5.433333333333334, "reusita": 29.629629629629626, "cnt": 27}, "FIZICA TEH": {"medie": 5.275, "reusita": 50.0, "cnt": 4}}, "nume": "COLEGIUL TEHNIC \"P.ISTRATI\"\tBr\u0103ila"}