{"specializari": {"MATEMATICA-INFORMATICA": 27, "STIINTE SOCIALE": 46, "FILOLOGIE": 32, "STIINTE ALE NATURII": 17}, "limba_moderna": {"LIMBA ENGLEZA": 118, "LIMBA FRANCEZA": 4}, "limba_materna": {"LIMBA ROMANA": 122}, "promotie_anterioara": {"NU": 115, "DA": 7}, "materii": {"LIMBA ROMANA": {"medie": 6.813333333333334, "reusita": 83.60655737704919, "cnt": 122}, "GENERAL": {"medie": 7.310555555555555, "reusita": 74.59016393442623, "cnt": 122}, "MATEMATICA ST-NAT": {"medie": 7.129411764705884, "reusita": 100.0, "cnt": 17}, "CHIMIE ORGANICA TEO NIVEL I/II": {"medie": 6.08, "reusita": 100.0, "cnt": 5}, "ISTORIE": {"medie": 7.453947368421052, "reusita": 93.58974358974359, "cnt": 78}, "LOGICA, ARGUMENTARE SI COMUNICARE": {"medie": 9.45, "reusita": 100.0, "cnt": 2}, "MATEMATICA MATE-INFO": {"medie": 8.092592592592593, "reusita": 100.0, "cnt": 27}, "INFORMATICA MI C/C++": {"medie": 7.958823529411766, "reusita": 100.0, "cnt": 17}, "GEOGRAFIE": {"medie": 7.069811320754717, "reusita": 85.45454545454545, "cnt": 55}, "ANATOMIE SI FIZIOLOGIE UMANA, GENETICA SI ECOLOGIE UMANA": {"medie": 8.532500000000002, "reusita": 100.0, "cnt": 20}, "FIZICA TEO": {"medie": 9.5, "reusita": 100.0, "cnt": 1}, "SOCIOLOGIE": {"medie": 7.837500000000001, "reusita": 91.66666666666666, "cnt": 12}, "PSIHOLOGIE": {"medie": 7.611111111111111, "reusita": 100.0, "cnt": 9}, "INFORMATICA MI PASCAL": {"medie": 6.0, "reusita": 100.0, "cnt": 1}}, "nume": "COLEGIUL NATIONAL \"OCTAVIAN GOGA\" MIERCUREA CIUC\tHarghita"}