{"specializari": {"TEHNICIAN PROIECTANT CAD": 24, "MATEMATICA-INFORMATICA": 1, "TEHNICIAN MECANIC PENTRU INTRETINERE SI REPARATII": 20, "TEHNICIAN PRELUCRARI LA CALD": 13, "TEHNICIAN MECATRONIST": 21}, "limba_moderna": {"LIMBA ENGLEZA": 77, "LIMBA FRANCEZA": 2}, "limba_materna": {"LIMBA ROMANA": 79}, "promotie_anterioara": {"NU": 41, "DA": 38}, "materii": {"LIMBA ROMANA": {"medie": 5.391129032258065, "reusita": 62.0253164556962, "cnt": 79}, "MATEMATICA TEHN": {"medie": 3.912037037037037, "reusita": 34.61538461538461, "cnt": 78}, "BIOLOGIE VEGETALA SI ANIMALA": {"medie": 4.484722222222221, "reusita": 42.5, "cnt": 40}, "GENERAL": {"medie": 4.666666666666667, "reusita": 13.924050632911392, "cnt": 79}, "MATEMATICA MATE-INFO": {"medie": 1.0, "reusita": 0.0, "cnt": 1}, "FIZICA TEH": {"medie": 4.59047619047619, "reusita": 24.324324324324326, "cnt": 37}, "CHIMIE ANORGANICA TEH NIVEL I/II": {"medie": 5.7, "reusita": 50.0, "cnt": 2}}, "nume": "COLEGIUL TEHNIC \"MIRON NICOLESCU\"\tBucure\u0219ti"}