{"specializari": {"MATEMATICA-INFORMATICA": 113}, "limba_moderna": {"LIMBA ENGLEZA": 113}, "limba_materna": {"LIMBA ROMANA": 113}, "promotie_anterioara": {"NU": 113}, "materii": {"LIMBA ROMANA": {"medie": 8.561946902654867, "reusita": 100.0, "cnt": 113}, "BIOLOGIE VEGETALA SI ANIMALA": {"medie": 8.894444444444442, "reusita": 100.0, "cnt": 54}, "GENERAL": {"medie": 9.029941002949851, "reusita": 100.0, "cnt": 113}, "CHIMIE ORGANICA TEO NIVEL I/II": {"medie": 7.5, "reusita": 100.0, "cnt": 1}, "MATEMATICA MATE-INFO": {"medie": 9.50398230088495, "reusita": 100.0, "cnt": 113}, "INFORMATICA MI C/C++": {"medie": 9.47857142857143, "reusita": 100.0, "cnt": 7}, "FIZICA TEO": {"medie": 9.128431372549018, "reusita": 100.0, "cnt": 51}}, "nume": "COLEGIUL NATIONAL MILITAR \"DIMITRIE CANTEMIR\" BREAZA\tPrahova"}