{"specializari": {"TEHNICIAN PROIECTANT CAD": 3, "TEHNICIAN DESENATOR PENTRU CONSTRUCTII SI INSTALATII": 17}, "limba_moderna": {"LIMBA FRANCEZA": 5, "LIMBA ENGLEZA": 15}, "limba_materna": {"LIMBA ROMANA": 20}, "promotie_anterioara": {"DA": 6, "NU": 14}, "materii": {"LIMBA ROMANA": {"medie": 5.9222222222222225, "reusita": 85.0, "cnt": 20}, "MATEMATICA TEHN": {"medie": 6.165789473684211, "reusita": 80.0, "cnt": 20}, "BIOLOGIE VEGETALA SI ANIMALA": {"medie": 4.468750000000001, "reusita": 41.17647058823529, "cnt": 17}, "GENERAL": {"medie": 5.625925925925925, "reusita": 40.0, "cnt": 20}, "CHIMIE ANORGANICA TEH NIVEL I/II": {"medie": 5.316666666666667, "reusita": 66.66666666666666, "cnt": 3}}, "nume": "COLEGIUL TEHNIC \"DORIN PAVEL\" ALBA IULIA\tAlba"}