{"specializari": {"TEHNICIAN DESIGNER VESTIMENTAR": 23, "TEHNICIAN IN TURISM": 37, "TEHNICIAN IN INDUSTRIA TEXTILA": 5}, "limba_moderna": {"LIMBA ENGLEZA": 58, "LIMBA FRANCEZA": 7}, "limba_materna": {"LIMBA ROMANA": 65}, "promotie_anterioara": {"NU": 48, "DA": 17}, "materii": {"LIMBA ROMANA": {"medie": 6.830000000000001, "reusita": 100.0, "cnt": 65}, "MATEMATICA TEHN": {"medie": 7.1992187500000036, "reusita": 89.23076923076924, "cnt": 65}, "BIOLOGIE VEGETALA SI ANIMALA": {"medie": 5.293181818181819, "reusita": 65.21739130434783, "cnt": 23}, "GENERAL": {"medie": 6.711904761904762, "reusita": 60.0, "cnt": 65}, "GEOGRAFIE": {"medie": 7.416666666666667, "reusita": 90.32258064516128, "cnt": 31}, "FIZICA TEH": {"medie": 5.0, "reusita": 100.0, "cnt": 1}, "PSIHOLOGIE": {"medie": 2.908333333333333, "reusita": 0.0, "cnt": 6}, "CHIMIE ANORGANICA TEH NIVEL I/II": {"medie": 5.5, "reusita": 66.66666666666666, "cnt": 3}, "CHIMIE ORGANICA TEH NIVEL I/II": {"medie": 2.25, "reusita": 0.0, "cnt": 1}}, "nume": "COLEGIUL DE SERVICII IN TURISM \"NAPOCA\" CLUJ-NAPOCA\tCluj"}