{"specializari": {"MATEMATICA-INFORMATICA": 29, "TEHNICIAN OPERATOR TEHNICA DE CALCUL": 29, "TEHNICIAN DE TELECOMUNICATII": 25, "TEHNICIAN ELECTRONIST": 27, "TEHNICIAN IN AUTOMATIZARI": 35, "TEHNICIAN IN INSTALATII ELECTRICE": 17, "TEHNICIAN PROIECTANT CAD": 18, "TEHNICIAN PRELUCRARI MECANICE": 11, "TEHNICIAN ELECTROMECANIC": 27, "TEHNICIAN TRANSPORTURI": 28, "TEHNICIAN MECATRONIST": 9}, "limba_moderna": {"LIMBA ENGLEZA": 226, "LIMBA FRANCEZA": 29}, "limba_materna": {"LIMBA ROMANA": 255}, "promotie_anterioara": {"NU": 175, "DA": 80}, "materii": {"LIMBA ROMANA": {"medie": 6.121774193548387, "reusita": 87.84313725490196, "cnt": 255}, "MATEMATICA TEHN": {"medie": 6.299769585253453, "reusita": 79.20353982300885, "cnt": 226}, "BIOLOGIE VEGETALA SI ANIMALA": {"medie": 5.282865168539326, "reusita": 61.05263157894737, "cnt": 190}, "GENERAL": {"medie": 6.124397163120571, "reusita": 50.588235294117645, "cnt": 255}, "MATEMATICA MATE-INFO": {"medie": 7.16896551724138, "reusita": 89.65517241379311, "cnt": 29}, "INFORMATICA MI C/C++": {"medie": 6.542307692307693, "reusita": 92.3076923076923, "cnt": 13}, "ANATOMIE SI FIZIOLOGIE UMANA, GENETICA SI ECOLOGIE UMANA": {"medie": 6.775, "reusita": 50.0, "cnt": 2}, "FIZICA TEO": {"medie": 8.0, "reusita": 100.0, "cnt": 1}, "FIZICA TEH": {"medie": 7.091666666666666, "reusita": 88.0, "cnt": 25}, "CHIMIE ANORGANICA TEH NIVEL I/II": {"medie": 5.658333333333334, "reusita": 79.16666666666666, "cnt": 24}}, "nume": "COLEGIUL TEHNIC \"EDMOND NICOLAU\" FOCSANI\tVrancea"}