{"specializari": {"TEHNICIAN IN ACTIVITATI ECONOMICE": 14, "TEHNICIAN VETERINAR": 8, "TEHNICIAN IN ADMINISTRATIE": 9, "TEHNICIAN IN INDUSTRIA ALIMENTARA": 3, "TEHNICIAN IN ACTIVITATI DE COMERT": 2}, "limba_moderna": {"LIMBA ENGLEZA": 36}, "limba_materna": {"LIMBA ROMANA": 36}, "promotie_anterioara": {"NU": 26, "DA": 10}, "materii": {"LIMBA ROMANA": {"medie": 5.849999999999999, "reusita": 80.55555555555556, "cnt": 36}, "MATEMATICA TEHN": {"medie": 6.542857142857143, "reusita": 77.77777777777779, "cnt": 36}, "BIOLOGIE VEGETALA SI ANIMALA": {"medie": 5.975000000000001, "reusita": 66.66666666666666, "cnt": 9}, "GENERAL": {"medie": 6.363636363636364, "reusita": 55.55555555555556, "cnt": 36}, "GEOGRAFIE": {"medie": 6.68695652173913, "reusita": 80.0, "cnt": 25}, "ANATOMIE SI FIZIOLOGIE UMANA, GENETICA SI ECOLOGIE UMANA": {"medie": 5.75, "reusita": 100.0, "cnt": 2}}, "nume": "COLEGIUL \"EMIL NEGRUTIU\" TURDA\tCluj"}