{"specializari": {"MATEMATICA-INFORMATICA": 53, "STIINTE ALE NATURII": 58, "LICEU CU PROGRAM SPORTIV": 31, "FILOLOGIE": 63, "STIINTE SOCIALE": 34}, "limba_moderna": {"LIMBA ENGLEZA": 178, "LIMBA FRANCEZA": 61}, "limba_materna": {"LIMBA ROMANA": 239}, "promotie_anterioara": {"NU": 230, "DA": 9}, "materii": {"LIMBA ROMANA": {"medie": 7.15316455696203, "reusita": 97.90794979079497, "cnt": 239}, "BIOLOGIE VEGETALA SI ANIMALA": {"medie": 9.5, "reusita": 100.0, "cnt": 1}, "GENERAL": {"medie": 7.302683615819209, "reusita": 84.10041841004184, "cnt": 239}, "MATEMATICA ST-NAT": {"medie": 7.121929824561406, "reusita": 93.10344827586206, "cnt": 58}, "CHIMIE ORGANICA TEO NIVEL I/II": {"medie": 6.5, "reusita": 100.0, "cnt": 4}, "ISTORIE": {"medie": 7.218503937007871, "reusita": 96.09375, "cnt": 128}, "LOGICA, ARGUMENTARE SI COMUNICARE": {"medie": 7.628260869565217, "reusita": 91.30434782608695, "cnt": 23}, "MATEMATICA MATE-INFO": {"medie": 7.280188679245283, "reusita": 96.22641509433963, "cnt": 53}, "INFORMATICA MI C/C++": {"medie": 7.126190476190477, "reusita": 95.23809523809523, "cnt": 21}, "GEOGRAFIE": {"medie": 7.887, "reusita": 93.06930693069307, "cnt": 101}, "ANATOMIE SI FIZIOLOGIE UMANA, GENETICA SI ECOLOGIE UMANA": {"medie": 7.165476190476194, "reusita": 91.76470588235294, "cnt": 85}, "SOCIOLOGIE": {"medie": 7.75, "reusita": 100.0, "cnt": 1}, "PSIHOLOGIE": {"medie": 7.1000000000000005, "reusita": 100.0, "cnt": 3}}, "nume": "COLEGIUL NATIONAL \"NICOLAE TITULESCU\" CRAIOVA\tDolj"}