{"specializari": {"MATEMATICA-INFORMATICA": 148, "FILOLOGIE": 33}, "limba_moderna": {"LIMBA ENGLEZA": 169, "LIMBA FRANCEZA": 12}, "limba_materna": {"LIMBA ROMANA": 181}, "promotie_anterioara": {"NU": 174, "DA": 7}, "materii": {"LIMBA ROMANA": {"medie": 8.040883977900549, "reusita": 100.0, "cnt": 181}, "BIOLOGIE VEGETALA SI ANIMALA": {"medie": 8.175, "reusita": 100.0, "cnt": 2}, "GENERAL": {"medie": 8.254074074074074, "reusita": 98.89502762430939, "cnt": 181}, "CHIMIE ORGANICA TEO NIVEL I/II": {"medie": 7.640000000000001, "reusita": 100.0, "cnt": 5}, "ISTORIE": {"medie": 8.70909090909091, "reusita": 100.0, "cnt": 33}, "LOGICA, ARGUMENTARE SI COMUNICARE": {"medie": 9.55, "reusita": 100.0, "cnt": 2}, "MATEMATICA MATE-INFO": {"medie": 8.128716216216219, "reusita": 100.0, "cnt": 148}, "INFORMATICA MI C/C++": {"medie": 7.534615384615384, "reusita": 100.0, "cnt": 13}, "GEOGRAFIE": {"medie": 8.87857142857143, "reusita": 100.0, "cnt": 7}, "ANATOMIE SI FIZIOLOGIE UMANA, GENETICA SI ECOLOGIE UMANA": {"medie": 8.54471153846154, "reusita": 99.04761904761905, "cnt": 105}, "FIZICA TEO": {"medie": 8.097826086956522, "reusita": 95.65217391304348, "cnt": 23}, "SOCIOLOGIE": {"medie": 9.2, "reusita": 100.0, "cnt": 16}, "PSIHOLOGIE": {"medie": 6.0, "reusita": 100.0, "cnt": 1}, "ECONOMIE": {"medie": 8.516666666666667, "reusita": 100.0, "cnt": 6}, "FILOSOFIE": {"medie": 9.1, "reusita": 100.0, "cnt": 1}}, "nume": "COLEGIUL NATIONAL \"MIHAI EMINESCU\"\tBucure\u0219ti"}