{"specializari": {"TEHNICIAN METROLOG": 1, "INVATATOR - EDUCATOARE": 24, "LICEU CU PROGRAM SPORTIV": 16, "TEHNICIAN PROIECTANT CAD": 8, "TEHNICIAN ELECTROMECANIC": 7, "TEHNICIAN IN INSTALATII ELECTRICE": 1, "TEHNICIAN ELECTRONIST": 1, "TEHNICIAN MECATRONIST": 1, "MATEMATICA-INFORMATICA": 11, "TEHNICIAN OPERATOR TEHNICA DE CALCUL": 4, "TEHNICIAN ECOLOG SI PROTECTIA CALITATII MEDIULUI": 3}, "limba_moderna": {"LIMBA ENGLEZA": 63, "LIMBA FRANCEZA": 14}, "limba_materna": {"LIMBA ROMANA": 77}, "promotie_anterioara": {"DA": 20, "NU": 57}, "materii": {"LIMBA ROMANA": {"medie": 6.023026315789473, "reusita": 87.01298701298701, "cnt": 77}, "MATEMATICA TEHN": {"medie": 5.23695652173913, "reusita": 57.692307692307686, "cnt": 26}, "BIOLOGIE VEGETALA SI ANIMALA": {"medie": 5.905172413793101, "reusita": 67.74193548387096, "cnt": 31}, "GENERAL": {"medie": 5.982432432432434, "reusita": 48.05194805194805, "cnt": 77}, "ISTORIE": {"medie": 5.921875, "reusita": 81.25, "cnt": 16}, "LOGICA, ARGUMENTARE SI COMUNICARE": {"medie": 7.558333333333334, "reusita": 100.0, "cnt": 12}, "MATEMATICA MATE-INFO": {"medie": 6.468181818181819, "reusita": 90.9090909090909, "cnt": 11}, "INFORMATICA MI C/C++": {"medie": 6.183333333333334, "reusita": 66.66666666666666, "cnt": 3}, "GEOGRAFIE": {"medie": 6.643478260869564, "reusita": 91.30434782608695, "cnt": 23}, "ANATOMIE SI FIZIOLOGIE UMANA, GENETICA SI ECOLOGIE UMANA": {"medie": 8.6, "reusita": 100.0, "cnt": 1}, "MATEMATICA PED": {"medie": 5.241666666666667, "reusita": 62.5, "cnt": 24}, "FIZICA TEH": {"medie": "-", "reusita": 0.0, "cnt": 1}, "PSIHOLOGIE": {"medie": 6.316666666666666, "reusita": 100.0, "cnt": 3}, "CHIMIE ANORGANICA TEH NIVEL I/II": {"medie": 6.4, "reusita": 100.0, "cnt": 1}, "FILOSOFIE": {"medie": 2.225, "reusita": 0.0, "cnt": 2}}, "nume": "COLEGIUL TEHNIC \"AUREL VLAICU\" BAIA MARE\tMaramure\u0219"}