{"specializari": {"MATEMATICA-INFORMATICA": 212, "FILOLOGIE": 36, "STIINTE ALE NATURII": 33}, "limba_moderna": {"LIMBA ENGLEZA": 263, "LIMBA FRANCEZA": 16, "LIMBA GERMANA MODERNA": 2}, "limba_materna": {"LIMBA ROMANA": 281}, "promotie_anterioara": {"NU": 281}, "materii": {"LIMBA ROMANA": {"medie": 9.133451957295376, "reusita": 100.0, "cnt": 281}, "BIOLOGIE VEGETALA SI ANIMALA": {"medie": 9.816666666666668, "reusita": 100.0, "cnt": 9}, "GENERAL": {"medie": 9.306168446026097, "reusita": 100.0, "cnt": 281}, "MATEMATICA ST-NAT": {"medie": 8.863636363636365, "reusita": 100.0, "cnt": 33}, "CHIMIE ORGANICA TEO NIVEL I/II": {"medie": 9.254081632653065, "reusita": 100.0, "cnt": 98}, "ISTORIE": {"medie": 9.29722222222222, "reusita": 100.0, "cnt": 36}, "LOGICA, ARGUMENTARE SI COMUNICARE": {"medie": 9.5, "reusita": 100.0, "cnt": 1}, "MATEMATICA MATE-INFO": {"medie": 9.589386792452835, "reusita": 100.0, "cnt": 212}, "INFORMATICA MI C/C++": {"medie": 9.255172413793103, "reusita": 100.0, "cnt": 29}, "GEOGRAFIE": {"medie": 9.4375, "reusita": 100.0, "cnt": 4}, "ANATOMIE SI FIZIOLOGIE UMANA, GENETICA SI ECOLOGIE UMANA": {"medie": 9.31153846153846, "reusita": 100.0, "cnt": 13}, "FIZICA TEO": {"medie": 9.508536585365855, "reusita": 100.0, "cnt": 82}, "SOCIOLOGIE": {"medie": 9.025, "reusita": 100.0, "cnt": 14}, "CHIMIE ANORGANICA TEO NIVEL I/II": {"medie": 9.221428571428572, "reusita": 100.0, "cnt": 14}, "PSIHOLOGIE": {"medie": 8.35, "reusita": 100.0, "cnt": 3}, "ECONOMIE": {"medie": 9.03076923076923, "reusita": 100.0, "cnt": 13}, "FILOSOFIE": {"medie": 8.9, "reusita": 100.0, "cnt": 1}}, "nume": "COLEGIUL NATIONAL \"SFANTUL SAVA\"\tBucure\u0219ti"}