{"specializari": {"TEHNICIAN IN ACTIVITATI ECONOMICE": 88, "TEHNICIAN IN ADMINISTRATIE": 16, "TEHNICIAN IN ACTIVITATI DE COMERT": 25, "TEHNICIAN IN TURISM": 28, "TEHNICIAN IN GASTRONOMIE": 52}, "limba_moderna": {"LIMBA ENGLEZA": 205, "LIMBA FRANCEZA": 3, "LIMBA GERMANA MODERNA": 1}, "limba_materna": {"LIMBA ROMANA": 209}, "promotie_anterioara": {"NU": 200, "DA": 9}, "materii": {"LIMBA ROMANA": {"medie": 7.823429951690823, "reusita": 98.56459330143541, "cnt": 209}, "MATEMATICA TEHN": {"medie": 8.307038834951456, "reusita": 97.1291866028708, "cnt": 209}, "GENERAL": {"medie": 8.034061488673139, "reusita": 94.73684210526315, "cnt": 209}, "GEOGRAFIE": {"medie": 8.046045197740114, "reusita": 98.88268156424581, "cnt": 179}, "ECONOMIE": {"medie": 7.4099999999999975, "reusita": 90.0, "cnt": 30}}, "nume": "COLEGIUL ECONOMIC \"GEORGE BARITIU\" SIBIU\tSibiu"}