{"specializari": {"TEHNICIAN IN ACTIVITATI DE COMERT": 20, "MATEMATICA-INFORMATICA": 18, "TEHNICIAN IN INDUSTRIA TEXTILA": 10, "FILOLOGIE": 27, "TEHNICIAN DESIGNER VESTIMENTAR": 1, "TEHNICIAN OPERATOR TEHNICA DE CALCUL": 6, "TEHNICIAN IN INDUSTRIA PIELARIEI": 1}, "limba_moderna": {"LIMBA ENGLEZA": 66, "LIMBA GERMANA MODERNA": 10, "LIMBA FRANCEZA": 7}, "limba_materna": {"LIMBA ROMANA": 83}, "promotie_anterioara": {"NU": 69, "DA": 14}, "materii": {"LIMBA ROMANA": {"medie": 7.095625000000003, "reusita": 91.56626506024097, "cnt": 83}, "MATEMATICA TEHN": {"medie": 5.5636363636363635, "reusita": 65.78947368421053, "cnt": 38}, "BIOLOGIE VEGETALA SI ANIMALA": {"medie": 4.891666666666666, "reusita": 52.63157894736842, "cnt": 19}, "GENERAL": {"medie": 6.783974358974358, "reusita": 69.87951807228916, "cnt": 83}, "ISTORIE": {"medie": 6.746296296296295, "reusita": 100.0, "cnt": 27}, "MATEMATICA MATE-INFO": {"medie": 7.816666666666667, "reusita": 94.44444444444444, "cnt": 18}, "GEOGRAFIE": {"medie": 7.267073170731706, "reusita": 90.69767441860465, "cnt": 43}, "ANATOMIE SI FIZIOLOGIE UMANA, GENETICA SI ECOLOGIE UMANA": {"medie": 8.592857142857143, "reusita": 100.0, "cnt": 7}, "FIZICA TEO": {"medie": 8.233333333333333, "reusita": 100.0, "cnt": 6}, "FIZICA TEH": {"medie": 4.2375, "reusita": 50.0, "cnt": 4}, "ECONOMIE": {"medie": 5.2, "reusita": 75.0, "cnt": 4}}, "nume": "COLEGIUL TEHNIC \"AUGUST TREBONIU LAURIAN\" AGNITA\tSibiu"}