{"specializari": {"FILOLOGIE": 38, "MATEMATICA-INFORMATICA": 95, "STIINTE ALE NATURII": 36, "STIINTE SOCIALE": 70}, "limba_moderna": {"LIMBA ENGLEZA": 213, "LIMBA FRANCEZA": 26}, "limba_materna": {"LIMBA ROMANA": 239}, "promotie_anterioara": {"DA": 6, "NU": 233}, "materii": {"LIMBA ROMANA": {"medie": 8.205063291139245, "reusita": 99.16317991631799, "cnt": 239}, "BIOLOGIE VEGETALA SI ANIMALA": {"medie": 7.993333333333334, "reusita": 100.0, "cnt": 30}, "GENERAL": {"medie": 8.374191279887478, "reusita": 95.39748953974896, "cnt": 239}, "MATEMATICA ST-NAT": {"medie": 8.691666666666668, "reusita": 97.22222222222221, "cnt": 36}, "CHIMIE ORGANICA TEO NIVEL I/II": {"medie": 7.710714285714284, "reusita": 85.71428571428571, "cnt": 14}, "ISTORIE": {"medie": 8.134905660377356, "reusita": 98.14814814814815, "cnt": 108}, "LOGICA, ARGUMENTARE SI COMUNICARE": {"medie": 8.939156626506028, "reusita": 98.80952380952381, "cnt": 84}, "MATEMATICA MATE-INFO": {"medie": 8.615789473684211, "reusita": 100.0, "cnt": 95}, "INFORMATICA MI C/C++": {"medie": 9.0, "reusita": 100.0, "cnt": 20}, "GEOGRAFIE": {"medie": 8.72857142857143, "reusita": 100.0, "cnt": 14}, "ANATOMIE SI FIZIOLOGIE UMANA, GENETICA SI ECOLOGIE UMANA": {"medie": 7.892857142857143, "reusita": 100.0, "cnt": 7}, "FIZICA TEO": {"medie": 8.663235294117648, "reusita": 100.0, "cnt": 34}, "CHIMIE ANORGANICA TEO NIVEL I/II": {"medie": 7.617647058823529, "reusita": 94.11764705882352, "cnt": 17}, "PSIHOLOGIE": {"medie": 8.709999999999999, "reusita": 100.0, "cnt": 5}, "ECONOMIE": {"medie": 8.6625, "reusita": 100.0, "cnt": 4}, "INFORMATICA MI PASCAL": {"medie": 7.372222222222224, "reusita": 88.88888888888889, "cnt": 9}, "FILOSOFIE": {"medie": "-", "reusita": 0.0, "cnt": 1}}, "nume": "COLEGIUL NATIONAL \"NICHITA STANESCU\", MUNICIPIUL PLOIESTI\tPrahova"}