{"specializari": {"TEHNICIAN MECANIC PENTRU INTRETINERE SI REPARATII": 87, "TEHNICIAN DESENATOR PENTRU CONSTRUCTII SI INSTALATII": 29, "TEHNICIAN CHIMIST DE LABORATOR": 25, "TEHNICIAN MECATRONIST": 2, "STIINTE ALE NATURII": 36, "TEHNICIAN IN INSTALATII ELECTRICE": 17, "TEHNICIAN ELECTROMECANIC": 7, "TEHNICIAN ELECTROTEHNIST": 5, "MATEMATICA-INFORMATICA": 1, "TEHNICIAN INSTALATOR PENTRU CONSTRUCTII": 7, "TEHNICIAN IN CONSTRUCTII SI LUCRARI PUBLICE": 4, "TEHNICIAN IN INDUSTRIA STICLEI SI CERAMICII": 1, "TEHNICIAN ECOLOG SI PROTECTIA CALITATII MEDIULUI": 1}, "limba_moderna": {"LIMBA ENGLEZA": 183, "LIMBA FRANCEZA": 39}, "limba_materna": {"LIMBA ROMANA": 222}, "promotie_anterioara": {"DA": 86, "NU": 136}, "materii": {"LIMBA ROMANA": {"medie": 5.412903225806451, "reusita": 72.97297297297297, "cnt": 222}, "MATEMATICA TEHN": {"medie": 4.179608938547486, "reusita": 48.10810810810811, "cnt": 185}, "BIOLOGIE VEGETALA SI ANIMALA": {"medie": 4.253846153846152, "reusita": 36.206896551724135, "cnt": 174}, "GENERAL": {"medie": 4.669726247987116, "reusita": 20.27027027027027, "cnt": 222}, "MATEMATICA ST-NAT": {"medie": 4.397142857142857, "reusita": 52.77777777777778, "cnt": 36}, "CHIMIE ORGANICA TEO NIVEL I/II": {"medie": 3.0, "reusita": 0.0, "cnt": 1}, "MATEMATICA MATE-INFO": {"medie": 1.4, "reusita": 0.0, "cnt": 1}, "ANATOMIE SI FIZIOLOGIE UMANA, GENETICA SI ECOLOGIE UMANA": {"medie": 6.633333333333333, "reusita": 100.0, "cnt": 3}, "FIZICA TEH": {"medie": 4.067857142857142, "reusita": 43.75, "cnt": 16}, "CHIMIE ANORGANICA TEH NIVEL I/II": {"medie": 4.505555555555556, "reusita": 33.33333333333333, "cnt": 21}, "CHIMIE ORGANICA TEH NIVEL I/II": {"medie": 2.8214285714285716, "reusita": 14.285714285714285, "cnt": 7}}, "nume": "COLEGIUL TEHNIC \"MIHAI BRAVU\"\tBucure\u0219ti"}