{"specializari": {"MATEMATICA-INFORMATICA": 24, "FILOLOGIE": 100, "STIINTE SOCIALE": 36}, "limba_moderna": {"LIMBA ENGLEZA": 109, "LIMBA FRANCEZA": 26, "LIMBA SPANIOLA": 25}, "limba_materna": {"LIMBA ROMANA": 160}, "promotie_anterioara": {"NU": 156, "DA": 4}, "materii": {"LIMBA ROMANA": {"medie": 8.532187500000001, "reusita": 98.75, "cnt": 160}, "BIOLOGIE VEGETALA SI ANIMALA": {"medie": 7.409999999999999, "reusita": 80.0, "cnt": 5}, "GENERAL": {"medie": 8.539583333333331, "reusita": 97.5, "cnt": 160}, "ISTORIE": {"medie": 8.058823529411764, "reusita": 99.26470588235294, "cnt": 136}, "LOGICA, ARGUMENTARE SI COMUNICARE": {"medie": 9.197857142857142, "reusita": 98.57142857142858, "cnt": 70}, "MATEMATICA MATE-INFO": {"medie": 8.558333333333335, "reusita": 100.0, "cnt": 24}, "INFORMATICA MI C/C++": {"medie": 8.636363636363635, "reusita": 100.0, "cnt": 11}, "GEOGRAFIE": {"medie": 9.117741935483869, "reusita": 98.38709677419355, "cnt": 62}, "ANATOMIE SI FIZIOLOGIE UMANA, GENETICA SI ECOLOGIE UMANA": {"medie": 8.25, "reusita": 100.0, "cnt": 2}, "CHIMIE ANORGANICA TEO NIVEL I/II": {"medie": 7.758333333333334, "reusita": 100.0, "cnt": 6}, "PSIHOLOGIE": {"medie": 7.05, "reusita": 100.0, "cnt": 4}}, "nume": "COLEGIUL NATIONAL \"UNIREA\" BRASOV\tBra\u0219ov"}