{"specializari": {"STIINTE ALE NATURII": 33, "MATEMATICA-INFORMATICA": 131, "STIINTE SOCIALE": 33}, "limba_moderna": {"LIMBA ENGLEZA": 167, "LIMBA GERMANA MODERNA": 3, "LIMBA FRANCEZA": 19, "LIMBA ITALIANA": 8}, "limba_materna": {"LIMBA ROMANA": 197}, "promotie_anterioara": {"NU": 197}, "materii": {"LIMBA ROMANA": {"medie": 8.566243654822335, "reusita": 100.0, "cnt": 197}, "BIOLOGIE VEGETALA SI ANIMALA": {"medie": 9.16, "reusita": 100.0, "cnt": 5}, "GENERAL": {"medie": 8.843654822335026, "reusita": 99.49238578680203, "cnt": 197}, "MATEMATICA ST-NAT": {"medie": 8.956060606060605, "reusita": 100.0, "cnt": 33}, "CHIMIE ORGANICA TEO NIVEL I/II": {"medie": 8.5, "reusita": 90.9090909090909, "cnt": 11}, "ISTORIE": {"medie": 8.49242424242424, "reusita": 100.0, "cnt": 33}, "LOGICA, ARGUMENTARE SI COMUNICARE": {"medie": 9.8, "reusita": 100.0, "cnt": 7}, "MATEMATICA MATE-INFO": {"medie": 9.216412213740458, "reusita": 100.0, "cnt": 131}, "INFORMATICA MI C/C++": {"medie": 8.81086956521739, "reusita": 100.0, "cnt": 46}, "GEOGRAFIE": {"medie": 9.070833333333335, "reusita": 100.0, "cnt": 12}, "ANATOMIE SI FIZIOLOGIE UMANA, GENETICA SI ECOLOGIE UMANA": {"medie": 9.105172413793104, "reusita": 100.0, "cnt": 87}, "FIZICA TEO": {"medie": 9.15, "reusita": 100.0, "cnt": 6}, "SOCIOLOGIE": {"medie": 8.6125, "reusita": 100.0, "cnt": 4}, "CHIMIE ANORGANICA TEO NIVEL I/II": {"medie": 7.6, "reusita": 100.0, "cnt": 2}, "PSIHOLOGIE": {"medie": 8.11111111111111, "reusita": 100.0, "cnt": 9}, "INFORMATICA MI PASCAL": {"medie": 7.864285714285714, "reusita": 100.0, "cnt": 7}, "FILOSOFIE": {"medie": 9.1, "reusita": 100.0, "cnt": 1}}, "nume": "COLEGIUL NATIONAL \"GHEORGHE SINCAI\" BAIA MARE\tMaramure\u0219"}