{"specializari": {"MATEMATICA-INFORMATICA": 88, "STIINTE SOCIALE": 63, "FILOLOGIE": 32, "TEHNICIAN IN GASTRONOMIE": 1}, "limba_moderna": {"LIMBA ENGLEZA": 165, "LIMBA FRANCEZA": 18, "LIMBA SPANIOLA": 1}, "limba_materna": {"LIMBA ROMANA": 184}, "promotie_anterioara": {"NU": 170, "DA": 14}, "materii": {"LIMBA ROMANA": {"medie": 6.866304347826088, "reusita": 85.86956521739131, "cnt": 184}, "MATEMATICA TEHN": {"medie": 6.4, "reusita": 100.0, "cnt": 1}, "BIOLOGIE VEGETALA SI ANIMALA": {"medie": 7.099999999999999, "reusita": 96.66666666666667, "cnt": 30}, "GENERAL": {"medie": 7.3234601449275365, "reusita": 74.45652173913044, "cnt": 184}, "CHIMIE ORGANICA TEO NIVEL I/II": {"medie": 7.619736842105263, "reusita": 97.36842105263158, "cnt": 38}, "ISTORIE": {"medie": 7.193157894736844, "reusita": 96.84210526315789, "cnt": 95}, "LOGICA, ARGUMENTARE SI COMUNICARE": {"medie": 8.018749999999995, "reusita": 94.64285714285714, "cnt": 56}, "MATEMATICA MATE-INFO": {"medie": 7.44375, "reusita": 87.5, "cnt": 88}, "INFORMATICA MI C/C++": {"medie": 5.0, "reusita": 100.0, "cnt": 1}, "GEOGRAFIE": {"medie": 7.457352941176471, "reusita": 94.11764705882352, "cnt": 34}, "ANATOMIE SI FIZIOLOGIE UMANA, GENETICA SI ECOLOGIE UMANA": {"medie": 7.85, "reusita": 100.0, "cnt": 1}, "FIZICA TEO": {"medie": 9.169444444444444, "reusita": 100.0, "cnt": 18}, "PSIHOLOGIE": {"medie": 8.483333333333333, "reusita": 100.0, "cnt": 3}, "ECONOMIE": {"medie": 8.2, "reusita": 100.0, "cnt": 1}, "FILOSOFIE": {"medie": 8.825, "reusita": 100.0, "cnt": 2}}, "nume": "COLEGIUL NATIONAL \"UNIREA\" TURNU MAGURELE\tTeleorman"}