{"specializari": {"FILOLOGIE": 32, "STIINTE ALE NATURII": 40, "MATEMATICA-INFORMATICA": 61, "STIINTE SOCIALE": 33, "TEHNICIAN IN ACTIVITATI ECONOMICE": 59, "TEHNICIAN ECOLOG SI PROTECTIA CALITATII MEDIULUI": 26, "TEHNICIAN IN INDUSTRIA TEXTILA": 10, "TEHNICIAN IN PRELUCRAREA LEMNULUI": 10, "TEHNICIAN MECATRONIST": 8, "TEHNICIAN OPERATOR TEHNICA DE CALCUL": 3, "TEHNICIAN MECANIC PENTRU INTRETINERE SI REPARATII": 4}, "limba_moderna": {"LIMBA ENGLEZA": 266, "LIMBA FRANCEZA": 20}, "limba_materna": {"LIMBA ROMANA": 286}, "promotie_anterioara": {"NU": 251, "DA": 35}, "materii": {"LIMBA ROMANA": {"medie": 7.233750000000001, "reusita": 89.86013986013987, "cnt": 286}, "MATEMATICA TEHN": {"medie": 4.814732142857143, "reusita": 54.166666666666664, "cnt": 120}, "BIOLOGIE VEGETALA SI ANIMALA": {"medie": 4.775, "reusita": 58.490566037735846, "cnt": 53}, "GENERAL": {"medie": 7.045848595848594, "reusita": 67.83216783216784, "cnt": 286}, "MATEMATICA ST-NAT": {"medie": 7.174358974358973, "reusita": 92.5, "cnt": 40}, "CHIMIE ORGANICA TEO NIVEL I/II": {"medie": 7.667857142857144, "reusita": 92.85714285714286, "cnt": 14}, "ISTORIE": {"medie": 7.545384615384615, "reusita": 95.38461538461539, "cnt": 65}, "MATEMATICA MATE-INFO": {"medie": 8.421311475409833, "reusita": 98.36065573770492, "cnt": 61}, "INFORMATICA MI C/C++": {"medie": 7.386842105263159, "reusita": 84.21052631578947, "cnt": 19}, "GEOGRAFIE": {"medie": 7.330319148936171, "reusita": 92.63157894736842, "cnt": 95}, "ANATOMIE SI FIZIOLOGIE UMANA, GENETICA SI ECOLOGIE UMANA": {"medie": 7.877868852459017, "reusita": 93.44262295081968, "cnt": 61}, "FIZICA TEO": {"medie": 9.116666666666669, "reusita": 100.0, "cnt": 12}, "FIZICA TEH": {"medie": 5.0, "reusita": 100.0, "cnt": 1}, "SOCIOLOGIE": {"medie": 8.689285714285715, "reusita": 96.42857142857143, "cnt": 28}, "PSIHOLOGIE": {"medie": 7.5, "reusita": 100.0, "cnt": 1}, "CHIMIE ANORGANICA TEH NIVEL I/II": {"medie": "-", "reusita": 0.0, "cnt": 1}, "CHIMIE ORGANICA TEH NIVEL I/II": {"medie": 3.1, "reusita": 0.0, "cnt": 1}}, "nume": "COLEGIUL TEHNIC \"DIMITRIE GHIKA\" COMANESTI\tBac\u0103u"}