{"specializari": {"STIINTE ALE NATURII": 103, "MATEMATICA-INFORMATICA": 101, "STIINTE SOCIALE": 37}, "limba_moderna": {"LIMBA ENGLEZA": 198, "LIMBA FRANCEZA": 25, "LIMBA GERMANA MODERNA": 18}, "limba_materna": {"LIMBA ROMANA": 241}, "promotie_anterioara": {"NU": 241}, "materii": {"LIMBA ROMANA": {"medie": 8.747302904564314, "reusita": 99.1701244813278, "cnt": 241}, "BIOLOGIE VEGETALA SI ANIMALA": {"medie": 7.9375, "reusita": 100.0, "cnt": 4}, "GENERAL": {"medie": 9.065006915629327, "reusita": 98.3402489626556, "cnt": 241}, "MATEMATICA ST-NAT": {"medie": 9.176213592233008, "reusita": 99.02912621359224, "cnt": 103}, "CHIMIE ORGANICA TEO NIVEL I/II": {"medie": 9.043103448275861, "reusita": 100.0, "cnt": 29}, "ISTORIE": {"medie": 8.832432432432432, "reusita": 100.0, "cnt": 37}, "LOGICA, ARGUMENTARE SI COMUNICARE": {"medie": 9.396, "reusita": 100.0, "cnt": 25}, "MATEMATICA MATE-INFO": {"medie": 9.413366336633661, "reusita": 100.0, "cnt": 101}, "INFORMATICA MI C/C++": {"medie": 9.234375, "reusita": 100.0, "cnt": 16}, "GEOGRAFIE": {"medie": 9.105555555555554, "reusita": 100.0, "cnt": 9}, "ANATOMIE SI FIZIOLOGIE UMANA, GENETICA SI ECOLOGIE UMANA": {"medie": 9.325257731958763, "reusita": 100.0, "cnt": 97}, "FIZICA TEO": {"medie": 9.172413793103447, "reusita": 98.27586206896551, "cnt": 58}, "SOCIOLOGIE": {"medie": 9.4, "reusita": 100.0, "cnt": 1}, "PSIHOLOGIE": {"medie": 9.325, "reusita": 100.0, "cnt": 2}}, "nume": "COLEGIUL NATIONAL \"MIRCEA CEL BATRAN\" CONSTANTA\tConstan\u021ba"}