{"specializari": {"MATEMATICA-INFORMATICA": 130, "FILOLOGIE": 153}, "limba_moderna": {"LIMBA ENGLEZA": 239, "LIMBA GERMANA MODERNA": 40, "LIMBA FRANCEZA": 4}, "limba_materna": {"LIMBA ROMANA": 283}, "promotie_anterioara": {"NU": 275, "DA": 8}, "materii": {"LIMBA ROMANA": {"medie": 8.258156028368793, "reusita": 99.29328621908127, "cnt": 283}, "BIOLOGIE VEGETALA SI ANIMALA": {"medie": 8.242499999999998, "reusita": 95.23809523809523, "cnt": 21}, "GENERAL": {"medie": 8.232377538829155, "reusita": 95.0530035335689, "cnt": 283}, "CHIMIE ORGANICA TEO NIVEL I/II": {"medie": 7.825, "reusita": 100.0, "cnt": 4}, "ISTORIE": {"medie": 8.289542483660126, "reusita": 99.34640522875817, "cnt": 153}, "LOGICA, ARGUMENTARE SI COMUNICARE": {"medie": 9.483333333333333, "reusita": 100.0, "cnt": 12}, "MATEMATICA MATE-INFO": {"medie": 8.2078125, "reusita": 97.6923076923077, "cnt": 130}, "INFORMATICA MI C/C++": {"medie": 7.735185185185186, "reusita": 94.54545454545455, "cnt": 55}, "GEOGRAFIE": {"medie": 8.668888888888889, "reusita": 100.0, "cnt": 45}, "ANATOMIE SI FIZIOLOGIE UMANA, GENETICA SI ECOLOGIE UMANA": {"medie": 8.324137931034482, "reusita": 96.66666666666667, "cnt": 30}, "FIZICA TEO": {"medie": 8.004545454545454, "reusita": 100.0, "cnt": 11}, "SOCIOLOGIE": {"medie": 7.6304687499999995, "reusita": 98.4375, "cnt": 64}, "CHIMIE ANORGANICA TEO NIVEL I/II": {"medie": 7.91111111111111, "reusita": 100.0, "cnt": 9}, "PSIHOLOGIE": {"medie": 7.925, "reusita": 100.0, "cnt": 4}, "ECONOMIE": {"medie": 8.700000000000001, "reusita": 100.0, "cnt": 17}, "FILOSOFIE": {"medie": 8.777272727272727, "reusita": 100.0, "cnt": 11}}, "nume": "COLEGIUL NATIONAL \"I.L.CARAGIALE\"\tBucure\u0219ti"}