{"specializari": {"FILOLOGIE": 22, "STIINTE SOCIALE": 71, "MATEMATICA-INFORMATICA": 123, "STIINTE ALE NATURII": 36}, "limba_moderna": {"LIMBA ENGLEZA": 195, "LIMBA SPANIOLA": 12, "LIMBA FRANCEZA": 29, "LIMBA GERMANA MODERNA": 16}, "limba_materna": {"LIMBA ROMANA": 252}, "promotie_anterioara": {"NU": 251, "DA": 1}, "materii": {"LIMBA ROMANA": {"medie": 8.400595238095237, "reusita": 100.0, "cnt": 252}, "GENERAL": {"medie": 8.829431216931216, "reusita": 100.0, "cnt": 252}, "MATEMATICA ST-NAT": {"medie": 9.434722222222224, "reusita": 100.0, "cnt": 36}, "CHIMIE ORGANICA TEO NIVEL I/II": {"medie": 9.16, "reusita": 100.0, "cnt": 5}, "ISTORIE": {"medie": 8.85913978494624, "reusita": 100.0, "cnt": 93}, "LOGICA, ARGUMENTARE SI COMUNICARE": {"medie": 8.679629629629632, "reusita": 100.0, "cnt": 27}, "MATEMATICA MATE-INFO": {"medie": 9.166260162601628, "reusita": 100.0, "cnt": 123}, "INFORMATICA MI C/C++": {"medie": 9.173611111111112, "reusita": 100.0, "cnt": 36}, "GEOGRAFIE": {"medie": 8.845283018867924, "reusita": 100.0, "cnt": 53}, "ANATOMIE SI FIZIOLOGIE UMANA, GENETICA SI ECOLOGIE UMANA": {"medie": 9.017613636363638, "reusita": 100.0, "cnt": 88}, "FIZICA TEO": {"medie": 9.421428571428569, "reusita": 100.0, "cnt": 28}, "CHIMIE ANORGANICA TEO NIVEL I/II": {"medie": 7.925000000000001, "reusita": 100.0, "cnt": 2}, "PSIHOLOGIE": {"medie": 8.624999999999998, "reusita": 100.0, "cnt": 4}, "ECONOMIE": {"medie": 9.0, "reusita": 100.0, "cnt": 7}, "FILOSOFIE": {"medie": 8.6, "reusita": 100.0, "cnt": 2}}, "nume": "COLEGIUL NATIONAL \"PETRU RARES\" SUCEAVA\tSuceava"}