{"specializari": {"MATEMATICA-INFORMATICA": 44, "FILOLOGIE": 37, "STIINTE ALE NATURII": 31}, "limba_moderna": {"LIMBA ENGLEZA": 107, "LIMBA GERMANA MODERNA": 2, "LIMBA FRANCEZA": 3}, "limba_materna": {"LIMBA ROMANA": 112}, "promotie_anterioara": {"NU": 106, "DA": 6}, "materii": {"LIMBA ROMANA": {"medie": 8.100446428571429, "reusita": 97.32142857142857, "cnt": 112}, "BIOLOGIE VEGETALA SI ANIMALA": {"medie": 7.56206896551724, "reusita": 100.0, "cnt": 29}, "GENERAL": {"medie": 8.032291666666667, "reusita": 93.75, "cnt": 112}, "MATEMATICA ST-NAT": {"medie": 8.109677419354838, "reusita": 100.0, "cnt": 31}, "CHIMIE ORGANICA TEO NIVEL I/II": {"medie": 8.86, "reusita": 100.0, "cnt": 5}, "INFORMATICA SN C/C++": {"medie": 6.75, "reusita": 100.0, "cnt": 1}, "ISTORIE": {"medie": 7.413513513513515, "reusita": 100.0, "cnt": 37}, "MATEMATICA MATE-INFO": {"medie": 8.744318181818183, "reusita": 97.72727272727273, "cnt": 44}, "INFORMATICA MI C/C++": {"medie": 8.11875, "reusita": 100.0, "cnt": 24}, "GEOGRAFIE": {"medie": 7.7089285714285705, "reusita": 96.42857142857143, "cnt": 28}, "ANATOMIE SI FIZIOLOGIE UMANA, GENETICA SI ECOLOGIE UMANA": {"medie": 8.9, "reusita": 100.0, "cnt": 13}, "FIZICA TEO": {"medie": 6.516666666666667, "reusita": 100.0, "cnt": 3}, "SOCIOLOGIE": {"medie": 8.0, "reusita": 100.0, "cnt": 1}, "PSIHOLOGIE": {"medie": 6.260000000000001, "reusita": 100.0, "cnt": 5}, "FILOSOFIE": {"medie": 8.516666666666666, "reusita": 100.0, "cnt": 3}}, "nume": "COLEGIUL NATIONAL \"TRAIAN LALESCU\" RESITA\tCara\u0219-Severin"}