{"specializari": {"TEHNICIAN IN ACTIVITATI ECONOMICE": 110, "TEHNICIAN IN ACTIVITATI DE COMERT": 13, "TEHNICIAN IN GASTRONOMIE": 14, "TEHNICIAN IN TURISM": 20, "MATEMATICA-INFORMATICA": 21}, "limba_moderna": {"LIMBA ENGLEZA": 172, "LIMBA FRANCEZA": 6}, "limba_materna": {"LIMBA ROMANA": 178}, "promotie_anterioara": {"NU": 167, "DA": 11}, "materii": {"LIMBA ROMANA": {"medie": 6.825852272727274, "reusita": 94.3820224719101, "cnt": 178}, "MATEMATICA TEHN": {"medie": 7.141290322580647, "reusita": 90.44585987261146, "cnt": 157}, "BIOLOGIE VEGETALA SI ANIMALA": {"medie": 6.2, "reusita": 80.0, "cnt": 15}, "GENERAL": {"medie": 6.845238095238094, "reusita": 71.34831460674157, "cnt": 178}, "MATEMATICA MATE-INFO": {"medie": 5.890476190476191, "reusita": 90.47619047619048, "cnt": 21}, "GEOGRAFIE": {"medie": 6.736956521739128, "reusita": 89.92805755395683, "cnt": 139}, "PSIHOLOGIE": {"medie": 5.5, "reusita": 71.42857142857143, "cnt": 7}, "ECONOMIE": {"medie": 7.3136363636363635, "reusita": 81.81818181818183, "cnt": 11}, "INFORMATICA MI PASCAL": {"medie": 7.05, "reusita": 83.33333333333334, "cnt": 6}}, "nume": "COLEGIUL ECONOMIC CALARASI\tC\u0103l\u0103ra\u0219i"}