{"specializari": {"STIINTE ALE NATURII": 22, "MATEMATICA-INFORMATICA": 21, "FILOLOGIE": 78, "TEHNICIAN IN TURISM": 3}, "limba_moderna": {"LIMBA ENGLEZA": 110, "LIMBA FRANCEZA": 14}, "limba_materna": {"LIMBA ROMANA": 124}, "promotie_anterioara": {"DA": 15, "NU": 109}, "materii": {"LIMBA ROMANA": {"medie": 6.514102564102565, "reusita": 83.06451612903226, "cnt": 124}, "MATEMATICA TEHN": {"medie": 5.466666666666666, "reusita": 100.0, "cnt": 3}, "BIOLOGIE VEGETALA SI ANIMALA": {"medie": 8.446000000000003, "reusita": 100.0, "cnt": 25}, "GENERAL": {"medie": 7.677655677655679, "reusita": 62.096774193548384, "cnt": 124}, "MATEMATICA ST-NAT": {"medie": 7.771875, "reusita": 68.18181818181817, "cnt": 22}, "ISTORIE": {"medie": 7.888888888888889, "reusita": 69.23076923076923, "cnt": 78}, "MATEMATICA MATE-INFO": {"medie": 7.061904761904763, "reusita": 85.71428571428571, "cnt": 21}, "INFORMATICA MI C/C++": {"medie": 9.183333333333332, "reusita": 100.0, "cnt": 9}, "GEOGRAFIE": {"medie": 8.407971014492754, "reusita": 91.78082191780823, "cnt": 73}, "ANATOMIE SI FIZIOLOGIE UMANA, GENETICA SI ECOLOGIE UMANA": {"medie": 8.494444444444447, "reusita": 100.0, "cnt": 9}, "PSIHOLOGIE": {"medie": 7.53125, "reusita": 100.0, "cnt": 8}}, "nume": "COLEGIUL NATIONAL \"AVRAM IANCU\" STEI\tBihor"}