{"specializari": {"TEHNICIAN OPERATOR TEHNICA DE CALCUL": 4, "TEHNICIAN ELECTROMECANIC": 12, "TEHNICIAN TRANSPORTURI": 15, "TEHNICIAN MECANIC PENTRU INTRETINERE SI REPARATII": 12, "TEHNICIAN ELECTROTEHNIST": 1, "TEHNICIAN DE TELECOMUNICATII": 2, "TEHNICIAN IN INSTALATII ELECTRICE": 1, "TEHNICIAN MECATRONIST": 1, "TEHNICIAN INSTALATOR PENTRU CONSTRUCTII": 1}, "limba_moderna": {"LIMBA ENGLEZA": 48, "LIMBA FRANCEZA": 1}, "limba_materna": {"LIMBA ROMANA": 49}, "promotie_anterioara": {"DA": 16, "NU": 33}, "materii": {"LIMBA ROMANA": {"medie": 3.7750000000000004, "reusita": 28.57142857142857, "cnt": 49}, "MATEMATICA TEHN": {"medie": 2.5500000000000003, "reusita": 18.367346938775512, "cnt": 49}, "BIOLOGIE VEGETALA SI ANIMALA": {"medie": 3.069565217391304, "reusita": 14.285714285714285, "cnt": 35}, "GENERAL": {"medie": 3.015591397849462, "reusita": 2.0408163265306123, "cnt": 49}, "FIZICA TEH": {"medie": 2.454545454545455, "reusita": 7.142857142857142, "cnt": 14}}, "nume": "COLEGIUL TEHNIC \"VICEAMIRAL IOAN BALANESCU\" GIURGIU\tGiurgiu"}