{"specializari": {"TEHNICIAN MECANIC PENTRU INTRETINERE SI REPARATII": 18, "TEHNICIAN DESENATOR PENTRU CONSTRUCTII SI INSTALATII": 40, "TEHNICIAN IN CONSTRUCTII SI LUCRARI PUBLICE": 20, "TEHNICIAN ELECTROTEHNIST": 5, "LICEU CU PROGRAM SPORTIV": 78, "TEHNICIAN MECATRONIST": 17, "MATEMATICA-INFORMATICA": 2}, "limba_moderna": {"LIMBA ENGLEZA": 173, "LIMBA FRANCEZA": 7}, "limba_materna": {"LIMBA ROMANA": 180}, "promotie_anterioara": {"NU": 84, "DA": 96}, "materii": {"LIMBA ROMANA": {"medie": 5.753160919540231, "reusita": 82.22222222222221, "cnt": 180}, "MATEMATICA TEHN": {"medie": 5.367894736842108, "reusita": 73.0, "cnt": 100}, "BIOLOGIE VEGETALA SI ANIMALA": {"medie": 4.7581250000000015, "reusita": 53.65853658536586, "cnt": 82}, "GENERAL": {"medie": 5.585912698412695, "reusita": 35.55555555555556, "cnt": 180}, "ISTORIE": {"medie": 5.8545454545454545, "reusita": 93.58974358974359, "cnt": 78}, "LOGICA, ARGUMENTARE SI COMUNICARE": {"medie": 6.7875, "reusita": 75.0, "cnt": 4}, "MATEMATICA MATE-INFO": {"medie": 5.125, "reusita": 100.0, "cnt": 2}, "GEOGRAFIE": {"medie": 6.304285714285717, "reusita": 87.32394366197182, "cnt": 71}, "FIZICA TEH": {"medie": 3.46875, "reusita": 26.31578947368421, "cnt": 19}, "PSIHOLOGIE": {"medie": 8.600000000000001, "reusita": 100.0, "cnt": 2}, "CHIMIE ANORGANICA TEH NIVEL I/II": {"medie": 3.45, "reusita": 0.0, "cnt": 1}, "FILOSOFIE": {"medie": 3.2, "reusita": 0.0, "cnt": 1}}, "nume": "COLEGIUL TEHNIC \"ANGHEL SALIGNY\"\tBucure\u0219ti"}