{"specializari": {"MATEMATICA-INFORMATICA": 38, "TEHNICIAN IN ACTIVITATI ECONOMICE": 175, "TEHNICIAN IN ADMINISTRATIE": 24, "TEHNICIAN IN TURISM": 52, "TEHNICIAN IN GASTRONOMIE": 24, "ORGANIZATOR BANQUETING": 72, "TEHNICIAN IN ACTIVITATI DE COMERT": 26}, "limba_moderna": {"LIMBA ENGLEZA": 373, "LIMBA FRANCEZA": 38}, "limba_materna": {"LIMBA ROMANA": 411}, "promotie_anterioara": {"NU": 365, "DA": 46}, "materii": {"LIMBA ROMANA": {"medie": 7.389634146341458, "reusita": 97.8102189781022, "cnt": 411}, "MATEMATICA TEHN": {"medie": 7.7894594594594615, "reusita": 95.44235924932975, "cnt": 373}, "BIOLOGIE VEGETALA SI ANIMALA": {"medie": 8.05, "reusita": 93.75, "cnt": 16}, "GENERAL": {"medie": 7.6815270935960624, "reusita": 90.51094890510949, "cnt": 411}, "LOGICA, ARGUMENTARE SI COMUNICARE": {"medie": 9.29516129032258, "reusita": 100.0, "cnt": 31}, "MATEMATICA MATE-INFO": {"medie": 7.805405405405406, "reusita": 97.36842105263158, "cnt": 38}, "INFORMATICA MI C/C++": {"medie": 7.581250000000001, "reusita": 100.0, "cnt": 8}, "GEOGRAFIE": {"medie": 7.606646525679759, "reusita": 98.49397590361446, "cnt": 332}, "ANATOMIE SI FIZIOLOGIE UMANA, GENETICA SI ECOLOGIE UMANA": {"medie": 9.2125, "reusita": 100.0, "cnt": 8}, "FIZICA TEO": {"medie": 9.175, "reusita": 100.0, "cnt": 4}, "CHIMIE ANORGANICA TEO NIVEL I/II": {"medie": 7.15, "reusita": 100.0, "cnt": 2}, "PSIHOLOGIE": {"medie": 7.1000000000000005, "reusita": 100.0, "cnt": 3}, "ECONOMIE": {"medie": 8.164285714285715, "reusita": 100.0, "cnt": 7}}, "nume": "COLEGIUL ECONOMIC \"ION GHICA\" BACAU\tBac\u0103u"}