{"specializari": {"TEHNICIAN IN ADMINISTRATIE": 29, "TEHNICIAN IN ACTIVITATI ECONOMICE": 137, "TEHNICIAN IN ACTIVITATI DE COMERT": 29, "TEHNICIAN IN TURISM": 30, "ORGANIZATOR BANQUETING": 20, "TEHNICIAN IN GASTRONOMIE": 5, "TEHNICIAN IN HOTELARIE": 1, "TEHNICIAN IN ACHIZITII SI CONTRACTARI": 2}, "limba_moderna": {"LIMBA ENGLEZA": 199, "LIMBA FRANCEZA": 53, "LIMBA GERMANA MODERNA": 1}, "limba_materna": {"LIMBA ROMANA": 253}, "promotie_anterioara": {"NU": 242, "DA": 11}, "materii": {"LIMBA ROMANA": {"medie": 7.922111553784855, "reusita": 98.81422924901186, "cnt": 253}, "MATEMATICA TEHN": {"medie": 8.398809523809524, "reusita": 98.02371541501977, "cnt": 253}, "GENERAL": {"medie": 8.194511378848723, "reusita": 90.51383399209486, "cnt": 253}, "LOGICA, ARGUMENTARE SI COMUNICARE": {"medie": 8.231168831168837, "reusita": 96.75324675324676, "cnt": 154}, "GEOGRAFIE": {"medie": 8.058510638297872, "reusita": 97.87234042553192, "cnt": 94}, "ECONOMIE": {"medie": 9.430000000000001, "reusita": 100.0, "cnt": 5}}, "nume": "COLEGIUL ECONOMIC \"NICOLAE TITULESCU\" BAIA MARE\tMaramure\u0219"}