{"specializari": {"TEHNICIAN ECOLOG SI PROTECTIA CALITATII MEDIULUI": 16, "TEHNICIAN ANALIZE PRODUSE ALIMENTARE": 10, "ORGANIZATOR BANQUETING": 13, "TEHNICIAN IN INDUSTRIA ALIMENTARA": 11, "TEHNICIAN IN ACTIVITATI ECONOMICE": 13, "TEHNICIAN IN TURISM": 10, "MATEMATICA-INFORMATICA": 1, "TEHNICIAN OPERATOR TEHNICA DE CALCUL": 4, "TEHNICIAN MECANIC PENTRU INTRETINERE SI REPARATII": 3}, "limba_moderna": {"LIMBA ENGLEZA": 66, "LIMBA FRANCEZA": 15}, "limba_materna": {"LIMBA ROMANA": 81}, "promotie_anterioara": {"DA": 15, "NU": 66}, "materii": {"LIMBA ROMANA": {"medie": 6.009999999999998, "reusita": 90.12345679012346, "cnt": 81}, "MATEMATICA TEHN": {"medie": 6.485625000000001, "reusita": 85.0, "cnt": 80}, "BIOLOGIE VEGETALA SI ANIMALA": {"medie": 6.042857142857143, "reusita": 71.42857142857143, "cnt": 7}, "GENERAL": {"medie": 6.475, "reusita": 65.4320987654321, "cnt": 81}, "MATEMATICA MATE-INFO": {"medie": 2.5, "reusita": 0.0, "cnt": 1}, "GEOGRAFIE": {"medie": 7.605555555555556, "reusita": 100.0, "cnt": 36}, "ANATOMIE SI FIZIOLOGIE UMANA, GENETICA SI ECOLOGIE UMANA": {"medie": 6.416666666666668, "reusita": 91.66666666666666, "cnt": 36}, "FIZICA TEH": {"medie": 8.05, "reusita": 100.0, "cnt": 1}, "CHIMIE ANORGANICA TEH NIVEL I/II": {"medie": 6.8, "reusita": 100.0, "cnt": 1}}, "nume": "COLEGIUL TEHNIC \"DANUBIANA\", MUNICIPIUL ROMAN\tNeam\u021b"}