{"specializari": {"TEHNICIAN IN ACTIVITATI ECONOMICE": 23, "TEHNICIAN ELECTROMECANIC": 17, "TEHNICIAN OPERATOR TEHNICA DE CALCUL": 8, "TEHNICIAN PROIECTANT CAD": 9, "TEHNICIAN IN INSTALATII ELECTRICE": 11, "TEHNICIAN MECATRONIST": 1, "TEHNICIAN PRELUCRARI MECANICE": 1}, "limba_moderna": {"LIMBA ENGLEZA": 67, "LIMBA FRANCEZA": 3}, "limba_materna": {"LIMBA ROMANA": 70}, "promotie_anterioara": {"NU": 56, "DA": 14}, "materii": {"LIMBA ROMANA": {"medie": 6.365000000000002, "reusita": 91.42857142857143, "cnt": 70}, "MATEMATICA TEHN": {"medie": 6.747142857142855, "reusita": 90.0, "cnt": 70}, "BIOLOGIE VEGETALA SI ANIMALA": {"medie": 5.579761904761905, "reusita": 54.54545454545454, "cnt": 44}, "GENERAL": {"medie": 6.558457711442788, "reusita": 54.285714285714285, "cnt": 70}, "GEOGRAFIE": {"medie": 7.869565217391303, "reusita": 95.65217391304348, "cnt": 23}, "CHIMIE ANORGANICA TEH NIVEL I/II": {"medie": 3.2249999999999996, "reusita": 0.0, "cnt": 2}, "CHIMIE ORGANICA TEH NIVEL I/II": {"medie": "-", "reusita": 0.0, "cnt": 1}}, "nume": "COLEGIUL TEHNIC \"I. D. LAZARESCU\" CUGIR\tAlba"}