{"specializari": {"STIINTE SOCIALE": 44, "FILOLOGIE": 11, "STIINTE ALE NATURII": 69, "TEHNICIAN MECANIC PENTRU INTRETINERE SI REPARATII": 13, "TEHNICIAN ELECTRICIAN/ELECTRONIST AUTO": 13, "TEHNICIAN IN INSTALATII ELECTRICE": 6, "MATEMATICA-INFORMATICA": 5, "TEHNICIAN TRANSPORTURI": 1}, "limba_moderna": {"LIMBA ENGLEZA": 145, "LIMBA FRANCEZA": 17}, "limba_materna": {"LIMBA ROMANA": 162}, "promotie_anterioara": {"NU": 133, "DA": 29}, "materii": {"LIMBA ROMANA": {"medie": 6.049285714285715, "reusita": 74.07407407407408, "cnt": 162}, "MATEMATICA TEHN": {"medie": 4.0327586206896555, "reusita": 39.39393939393939, "cnt": 33}, "BIOLOGIE VEGETALA SI ANIMALA": {"medie": 4.774074074074073, "reusita": 45.45454545454545, "cnt": 33}, "GENERAL": {"medie": 5.88139534883721, "reusita": 38.2716049382716, "cnt": 162}, "MATEMATICA ST-NAT": {"medie": 4.122999999999999, "reusita": 31.88405797101449, "cnt": 69}, "ISTORIE": {"medie": 6.517592592592589, "reusita": 96.36363636363636, "cnt": 55}, "LOGICA, ARGUMENTARE SI COMUNICARE": {"medie": 5.95, "reusita": 100.0, "cnt": 2}, "MATEMATICA MATE-INFO": {"medie": 4.7375, "reusita": 60.0, "cnt": 5}, "INFORMATICA MI C/C++": {"medie": 5.1, "reusita": 100.0, "cnt": 1}, "GEOGRAFIE": {"medie": 7.19519230769231, "reusita": 92.45283018867924, "cnt": 53}, "ANATOMIE SI FIZIOLOGIE UMANA, GENETICA SI ECOLOGIE UMANA": {"medie": 6.166981132075472, "reusita": 52.054794520547944, "cnt": 73}}, "nume": "COLEGIUL TEHNIC \"ALEXANDRU IOAN CUZA\" SUCEAVA\tSuceava"}