{"specializari": {"MUZICA": 27, "ARTE PLASTICE SI DECORATIVE": 26, "ARHITECTURA, ARTE AMBIENTALE SI DESIGN": 29, "FILOLOGIE": 32, "CONSERVARE - RESTAURARE": 24}, "limba_moderna": {"LIMBA ENGLEZA": 128, "LIMBA FRANCEZA": 10}, "limba_materna": {"LIMBA ROMANA": 138}, "promotie_anterioara": {"NU": 130, "DA": 8}, "materii": {"LIMBA ROMANA": {"medie": 7.5605263157894775, "reusita": 95.65217391304348, "cnt": 138}, "GENERAL": {"medie": 7.539974937343357, "reusita": 89.13043478260869, "cnt": 138}, "ISTORIE": {"medie": 7.043333333333333, "reusita": 94.20289855072464, "cnt": 138}, "LOGICA, ARGUMENTARE SI COMUNICARE": {"medie": 8.11057692307692, "reusita": 96.29629629629629, "cnt": 54}, "GEOGRAFIE": {"medie": 8.130555555555555, "reusita": 97.2972972972973, "cnt": 74}, "PSIHOLOGIE": {"medie": 4.916666666666667, "reusita": 66.66666666666666, "cnt": 6}, "ECONOMIE": {"medie": 8.399999999999999, "reusita": 100.0, "cnt": 2}, "FILOSOFIE": {"medie": 7.05, "reusita": 100.0, "cnt": 2}}, "nume": "COLEGIUL DE ARTA \"CIPRIAN PORUMBESCU\" SUCEAVA\tSuceava"}