{"specializari": {"MUZICA": 34, "ARTE PLASTICE SI DECORATIVE": 29, "ARHITECTURA, ARTE AMBIENTALE SI DESIGN": 28}, "limba_moderna": {"LIMBA ENGLEZA": 91}, "limba_materna": {"LIMBA ROMANA": 91}, "promotie_anterioara": {"NU": 88, "DA": 3}, "materii": {"LIMBA ROMANA": {"medie": 7.743406593406588, "reusita": 98.9010989010989, "cnt": 91}, "GENERAL": {"medie": 7.737962962962961, "reusita": 90.10989010989012, "cnt": 91}, "ISTORIE": {"medie": 7.109340659340657, "reusita": 97.8021978021978, "cnt": 91}, "LOGICA, ARGUMENTARE SI COMUNICARE": {"medie": 9.4, "reusita": 100.0, "cnt": 5}, "GEOGRAFIE": {"medie": 8.238095238095237, "reusita": 97.6470588235294, "cnt": 85}, "PSIHOLOGIE": {"medie": 9.15, "reusita": 100.0, "cnt": 1}}, "nume": "COLEGIUL NATIONAL DE ARTA \"GEORGE APOSTU\" BACAU\tBac\u0103u"}