{"specializari": {"TEHNICIAN IN ACTIVITATI DE COMERT": 27, "STIINTE ALE NATURII": 33, "MATEMATICA-INFORMATICA": 32, "TEHNICIAN MECATRONIST": 39, "FILOLOGIE": 43, "TEHNICIAN ELECTRONIST": 12, "TEHNICIAN IN ACTIVITATI ECONOMICE": 39, "TEHNICIAN ELECTROTEHNIST": 5, "TEHNICIAN IN CONSTRUCTII SI LUCRARI PUBLICE": 1, "TEHNICIAN OPERATOR TEHNICA DE CALCUL": 1}, "limba_moderna": {"LIMBA FRANCEZA": 34, "LIMBA ENGLEZA": 198}, "limba_materna": {"LIMBA ROMANA": 232}, "promotie_anterioara": {"NU": 201, "DA": 31}, "materii": {"LIMBA ROMANA": {"medie": 6.4625, "reusita": 84.48275862068965, "cnt": 232}, "MATEMATICA TEHN": {"medie": 4.844915254237288, "reusita": 52.41935483870967, "cnt": 124}, "BIOLOGIE VEGETALA SI ANIMALA": {"medie": 4.578888888888889, "reusita": 42.857142857142854, "cnt": 49}, "GENERAL": {"medie": 6.541031390134528, "reusita": 59.91379310344828, "cnt": 232}, "MATEMATICA ST-NAT": {"medie": 6.668181818181819, "reusita": 93.93939393939394, "cnt": 33}, "ISTORIE": {"medie": 7.449999999999999, "reusita": 100.0, "cnt": 43}, "MATEMATICA MATE-INFO": {"medie": 8.51875, "reusita": 100.0, "cnt": 32}, "INFORMATICA MI C/C++": {"medie": 10.0, "reusita": 100.0, "cnt": 1}, "GEOGRAFIE": {"medie": 7.493939393939395, "reusita": 96.07843137254902, "cnt": 102}, "ANATOMIE SI FIZIOLOGIE UMANA, GENETICA SI ECOLOGIE UMANA": {"medie": 8.548979591836734, "reusita": 100.0, "cnt": 49}, "FIZICA TEO": {"medie": 7.976923076923075, "reusita": 100.0, "cnt": 13}, "FIZICA TEH": {"medie": 4.788888888888888, "reusita": 55.55555555555556, "cnt": 9}, "CHIMIE ANORGANICA TEO NIVEL I/II": {"medie": 7.2, "reusita": 100.0, "cnt": 1}, "PSIHOLOGIE": {"medie": 4.192857142857143, "reusita": 42.857142857142854, "cnt": 7}, "CHIMIE ANORGANICA TEH NIVEL I/II": {"medie": 5.0, "reusita": 100.0, "cnt": 1}}, "nume": "COLEGIUL \"MIHAI VITEAZUL\" INEU\tArad"}