{"specializari": {"TEHNICIAN IN INSTALATII ELECTRICE": 17, "TEHNICIAN IN AUTOMATIZARI": 20, "TEHNICIAN ENERGETICIAN": 18, "TEHNICIAN ELECTROTEHNIST": 27}, "limba_moderna": {"LIMBA ENGLEZA": 80, "LIMBA FRANCEZA": 2}, "limba_materna": {"LIMBA ROMANA": 82}, "promotie_anterioara": {"DA": 26, "NU": 56}, "materii": {"LIMBA ROMANA": {"medie": 6.722500000000001, "reusita": 97.5609756097561, "cnt": 82}, "MATEMATICA TEHN": {"medie": 6.628846153846153, "reusita": 81.70731707317073, "cnt": 82}, "BIOLOGIE VEGETALA SI ANIMALA": {"medie": 6.333928571428572, "reusita": 78.33333333333333, "cnt": 60}, "GENERAL": {"medie": 6.556578947368419, "reusita": 62.19512195121951, "cnt": 82}, "FIZICA TEH": {"medie": 7.1000000000000005, "reusita": 75.0, "cnt": 8}, "CHIMIE ANORGANICA TEH NIVEL I/II": {"medie": 5.246153846153845, "reusita": 69.23076923076923, "cnt": 13}, "CHIMIE ORGANICA TEH NIVEL I/II": {"medie": 8.6, "reusita": 100.0, "cnt": 1}}, "nume": "COLEGIUL TEHNIC ENERGETIC CLUJ-NAPOCA\tCluj"}