{"specializari": {"STIINTE ALE NATURII": 81, "FILOLOGIE": 81, "MATEMATICA-INFORMATICA": 84, "STIINTE SOCIALE": 41}, "limba_moderna": {"LIMBA ENGLEZA": 256, "LIMBA FRANCEZA": 31}, "limba_materna": {"LIMBA ROMANA": 287}, "promotie_anterioara": {"NU": 275, "DA": 12}, "materii": {"LIMBA ROMANA": {"medie": 7.670804195804197, "reusita": 98.25783972125436, "cnt": 287}, "GENERAL": {"medie": 7.768181818181819, "reusita": 86.41114982578398, "cnt": 287}, "MATEMATICA ST-NAT": {"medie": 6.15679012345679, "reusita": 76.5432098765432, "cnt": 81}, "CHIMIE ORGANICA TEO NIVEL I/II": {"medie": 8.55, "reusita": 100.0, "cnt": 9}, "INFORMATICA SN C/C++": {"medie": 3.5666666666666664, "reusita": 33.33333333333333, "cnt": 3}, "ISTORIE": {"medie": 7.742561983471074, "reusita": 98.36065573770492, "cnt": 122}, "LOGICA, ARGUMENTARE SI COMUNICARE": {"medie": 9.350000000000001, "reusita": 100.0, "cnt": 10}, "MATEMATICA MATE-INFO": {"medie": 8.477976190476188, "reusita": 98.80952380952381, "cnt": 84}, "INFORMATICA MI C/C++": {"medie": 8.709090909090909, "reusita": 100.0, "cnt": 11}, "GEOGRAFIE": {"medie": 8.31865671641791, "reusita": 98.52941176470588, "cnt": 68}, "ANATOMIE SI FIZIOLOGIE UMANA, GENETICA SI ECOLOGIE UMANA": {"medie": 7.52743362831858, "reusita": 93.80530973451327, "cnt": 113}, "FIZICA TEO": {"medie": 8.910714285714286, "reusita": 100.0, "cnt": 28}, "SOCIOLOGIE": {"medie": 8.71551724137931, "reusita": 96.55172413793103, "cnt": 29}, "CHIMIE ANORGANICA TEO NIVEL I/II": {"medie": 7.2, "reusita": 100.0, "cnt": 1}, "PSIHOLOGIE": {"medie": 8.1, "reusita": 100.0, "cnt": 7}, "ECONOMIE": {"medie": 9.314285714285713, "reusita": 100.0, "cnt": 7}, "FILOSOFIE": {"medie": 7.3, "reusita": 100.0, "cnt": 1}}, "nume": "COLEGIUL NATIONAL \"GIB MIHAESCU\" DRAGASANI\tV\u00e2lcea"}