{"specializari": {"TEHNICIAN ELECTRICIAN/ELECTRONIST AUTO": 45, "TEHNICIAN IN TURISM": 56, "TEHNICIAN TRANSPORTURI": 103, "MATEMATICA-INFORMATICA": 35, "TEHNICIAN OPERATOR TEHNICA DE CALCUL": 3, "TEHNICIAN ELECTROTEHNIST": 16, "TEHNICIAN IN HOTELARIE": 2, "TEHNICIAN IN CONSTRUCTII SI LUCRARI PUBLICE": 1, "TEHNICIAN DE TELECOMUNICATII": 1}, "limba_moderna": {"LIMBA ENGLEZA": 258, "LIMBA FRANCEZA": 4}, "limba_materna": {"LIMBA ROMANA": 262}, "promotie_anterioara": {"DA": 117, "NU": 145}, "materii": {"LIMBA ROMANA": {"medie": 5.229791666666665, "reusita": 64.50381679389314, "cnt": 262}, "MATEMATICA TEHN": {"medie": 4.619951923076924, "reusita": 52.42290748898678, "cnt": 227}, "BIOLOGIE VEGETALA SI ANIMALA": {"medie": 4.008888888888889, "reusita": 33.77483443708609, "cnt": 151}, "GENERAL": {"medie": 4.826406926406928, "reusita": 19.083969465648856, "cnt": 262}, "MATEMATICA MATE-INFO": {"medie": 4.106060606060606, "reusita": 45.714285714285715, "cnt": 35}, "GEOGRAFIE": {"medie": 6.521551724137932, "reusita": 82.75862068965517, "cnt": 58}, "ANATOMIE SI FIZIOLOGIE UMANA, GENETICA SI ECOLOGIE UMANA": {"medie": 7.158333333333332, "reusita": 100.0, "cnt": 6}, "FIZICA TEH": {"medie": 3.2184210526315784, "reusita": 27.906976744186046, "cnt": 43}, "CHIMIE ANORGANICA TEO NIVEL I/II": {"medie": 7.25, "reusita": 100.0, "cnt": 1}, "CHIMIE ANORGANICA TEH NIVEL I/II": {"medie": 6.1, "reusita": 100.0, "cnt": 1}, "CHIMIE ORGANICA TEH NIVEL I/II": {"medie": 2.35, "reusita": 0.0, "cnt": 2}}, "nume": "COLEGIUL TEHNIC \"IULIU MANIU\"\tBucure\u0219ti"}