{"specializari": {"MATEMATICA-INFORMATICA": 176, "FILOLOGIE": 71}, "limba_moderna": {"LIMBA ENGLEZA": 234, "LIMBA FRANCEZA": 12, "LIMBA SPANIOLA": 1}, "limba_materna": {"LIMBA ROMANA": 247}, "promotie_anterioara": {"NU": 221, "DA": 26}, "materii": {"LIMBA ROMANA": {"medie": 7.1630612244897955, "reusita": 95.95141700404858, "cnt": 247}, "BIOLOGIE VEGETALA SI ANIMALA": {"medie": 7.038148148148148, "reusita": 91.97080291970804, "cnt": 137}, "GENERAL": {"medie": 7.14173553719008, "reusita": 71.65991902834008, "cnt": 247}, "CHIMIE ORGANICA TEO NIVEL I/II": {"medie": 8.316666666666666, "reusita": 100.0, "cnt": 3}, "ISTORIE": {"medie": 6.962857142857143, "reusita": 97.1830985915493, "cnt": 71}, "MATEMATICA MATE-INFO": {"medie": 6.424418604651166, "reusita": 77.8409090909091, "cnt": 176}, "GEOGRAFIE": {"medie": 8.251694915254236, "reusita": 100.0, "cnt": 59}, "ANATOMIE SI FIZIOLOGIE UMANA, GENETICA SI ECOLOGIE UMANA": {"medie": 8.83, "reusita": 95.0, "cnt": 20}, "FIZICA TEO": {"medie": 8.569230769230769, "reusita": 100.0, "cnt": 13}, "CHIMIE ANORGANICA TEO NIVEL I/II": {"medie": 7.725, "reusita": 100.0, "cnt": 2}, "PSIHOLOGIE": {"medie": 8.54375, "reusita": 100.0, "cnt": 8}, "ECONOMIE": {"medie": 8.525, "reusita": 100.0, "cnt": 4}, "INFORMATICA MI PASCAL": {"medie": 6.5, "reusita": 100.0, "cnt": 1}}, "nume": "COLEGIUL NATIONAL \"ALEXANDRU IOAN CUZA\" ALEXANDRIA\tTeleorman"}