{"specializari": {"TEHNICIAN IN TURISM": 59, "TEHNICIAN IN ACTIVITATI ECONOMICE": 50, "TEHNICIAN IN ACTIVITATI DE COMERT": 25, "ORGANIZATOR BANQUETING": 2}, "limba_moderna": {"LIMBA ENGLEZA": 134, "LIMBA FRANCEZA": 2}, "limba_materna": {"LIMBA ROMANA": 136}, "promotie_anterioara": {"NU": 119, "DA": 17}, "materii": {"LIMBA ROMANA": {"medie": 7.285227272727272, "reusita": 95.58823529411765, "cnt": 136}, "MATEMATICA TEHN": {"medie": 7.028571428571429, "reusita": 80.88235294117648, "cnt": 136}, "GENERAL": {"medie": 7.125839793281656, "reusita": 71.32352941176471, "cnt": 136}, "GEOGRAFIE": {"medie": 7.086718750000001, "reusita": 90.0, "cnt": 130}, "ECONOMIE": {"medie": 4.96, "reusita": 33.33333333333333, "cnt": 6}}, "nume": "COLEGIUL ECONOMIC \"EMANUIL GOJDU\" HUNEDOARA\tHunedoara"}