{"specializari": {"TEHNICIAN IN ACTIVITATI DE COMERT": 45, "TEHNICIAN IN GASTRONOMIE": 32, "TEHNICIAN IN ACTIVITATI ECONOMICE": 114, "TEHNICIAN IN TURISM": 23, "TEHNICIAN IN ADMINISTRATIE": 20, "ORGANIZATOR BANQUETING": 1}, "limba_moderna": {"LIMBA ENGLEZA": 225, "LIMBA FRANCEZA": 10}, "limba_materna": {"LIMBA ROMANA": 235}, "promotie_anterioara": {"NU": 228, "DA": 7}, "materii": {"LIMBA ROMANA": {"medie": 7.53065217391304, "reusita": 97.87234042553192, "cnt": 235}, "MATEMATICA TEHN": {"medie": 8.205434782608691, "reusita": 95.31914893617022, "cnt": 235}, "GENERAL": {"medie": 7.9509461426491965, "reusita": 90.2127659574468, "cnt": 235}, "LOGICA, ARGUMENTARE SI COMUNICARE": {"medie": 8.699438202247196, "reusita": 97.77777777777777, "cnt": 90}, "GEOGRAFIE": {"medie": 7.678623188405796, "reusita": 93.00699300699301, "cnt": 143}, "PSIHOLOGIE": {"medie": 8.9, "reusita": 100.0, "cnt": 1}, "ECONOMIE": {"medie": 7.2, "reusita": 100.0, "cnt": 1}}, "nume": "COLEGIUL ECONOMIC \"OCTAV ONICESCU\" BOTOSANI\tBoto\u0219ani"}