{"specializari": {"STIINTE ALE NATURII": 146, "MATEMATICA-INFORMATICA": 35, "STIINTE SOCIALE": 35}, "limba_moderna": {"LIMBA ENGLEZA": 185, "LIMBA SPANIOLA": 13, "LIMBA FRANCEZA": 13, "LIMBA GERMANA MODERNA": 5}, "limba_materna": {"LIMBA ROMANA": 216}, "promotie_anterioara": {"NU": 203, "DA": 13}, "materii": {"LIMBA ROMANA": {"medie": 8.213657407407409, "reusita": 100.0, "cnt": 216}, "BIOLOGIE VEGETALA SI ANIMALA": {"medie": 7.424074074074075, "reusita": 92.85714285714286, "cnt": 28}, "GENERAL": {"medie": 8.058489096573208, "reusita": 93.98148148148148, "cnt": 216}, "MATEMATICA ST-NAT": {"medie": 7.842465753424654, "reusita": 97.26027397260275, "cnt": 146}, "CHIMIE ORGANICA TEO NIVEL I/II": {"medie": 7.582758620689654, "reusita": 90.0, "cnt": 30}, "ISTORIE": {"medie": 7.90142857142857, "reusita": 100.0, "cnt": 35}, "LOGICA, ARGUMENTARE SI COMUNICARE": {"medie": 9.1575, "reusita": 100.0, "cnt": 20}, "MATEMATICA MATE-INFO": {"medie": 7.4399999999999995, "reusita": 97.14285714285714, "cnt": 35}, "INFORMATICA MI C/C++": {"medie": 7.086842105263158, "reusita": 100.0, "cnt": 19}, "GEOGRAFIE": {"medie": 9.245000000000001, "reusita": 100.0, "cnt": 10}, "ANATOMIE SI FIZIOLOGIE UMANA, GENETICA SI ECOLOGIE UMANA": {"medie": 8.528723404255318, "reusita": 98.93617021276596, "cnt": 94}, "FIZICA TEO": {"medie": 6.858333333333333, "reusita": 100.0, "cnt": 6}, "SOCIOLOGIE": {"medie": 7.1, "reusita": 80.0, "cnt": 5}, "CHIMIE ANORGANICA TEO NIVEL I/II": {"medie": 6.9624999999999995, "reusita": 100.0, "cnt": 4}}, "nume": "COLEGIUL DE STIINTE ALE NATURII \"EMIL RACOVITA\" BRASOV\tBra\u0219ov"}