{"specializari": {"TEHNICIAN ECOLOG SI PROTECTIA CALITATII MEDIULUI": 23, "TEHNICIAN IN GASTRONOMIE": 37, "TEHNICIAN IN TURISM": 36, "TEHNICIAN IN HOTELARIE": 11, "TEHNICIAN ANALIZE PRODUSE ALIMENTARE": 14, "TEHNICIAN HIDRO-METEOROLOG": 4, "TEHNICIAN IN INDUSTRIA ALIMENTARA": 7, "TEHNICIAN OPERATOR TEHNICA DE CALCUL": 5}, "limba_moderna": {"LIMBA ENGLEZA": 128, "LIMBA FRANCEZA": 9}, "limba_materna": {"LIMBA ROMANA": 137}, "promotie_anterioara": {"NU": 115, "DA": 22}, "materii": {"LIMBA ROMANA": {"medie": 6.400751879699251, "reusita": 89.78102189781022, "cnt": 137}, "MATEMATICA TEHN": {"medie": 5.401145038167936, "reusita": 64.23357664233576, "cnt": 137}, "BIOLOGIE VEGETALA SI ANIMALA": {"medie": 6.8500000000000005, "reusita": 100.0, "cnt": 12}, "GENERAL": {"medie": 6.1397540983606556, "reusita": 44.52554744525548, "cnt": 137}, "LOGICA, ARGUMENTARE SI COMUNICARE": {"medie": 8.274999999999999, "reusita": 100.0, "cnt": 4}, "GEOGRAFIE": {"medie": 6.62171052631579, "reusita": 86.07594936708861, "cnt": 79}, "ANATOMIE SI FIZIOLOGIE UMANA, GENETICA SI ECOLOGIE UMANA": {"medie": 5.3392857142857135, "reusita": 56.25, "cnt": 16}, "ECONOMIE": {"medie": 9.0, "reusita": 100.0, "cnt": 1}, "CHIMIE ANORGANICA TEH NIVEL I/II": {"medie": 4.626000000000001, "reusita": 52.0, "cnt": 25}}, "nume": "COLEGIUL \"GRIGORE ANTIPA\" BACAU\tBac\u0103u"}