{"specializari": {"TEHNICIAN ECOLOG SI PROTECTIA CALITATII MEDIULUI": 28, "TEHNICIAN IN AUTOMATIZARI": 16, "TEHNICIAN TRANSPORTURI": 32, "TEHNICIAN ELECTROTEHNIST": 11, "TEHNICIAN OPERATOR TEHNICA DE CALCUL": 7, "TEHNICIAN MECATRONIST": 4, "TEHNICIAN MECANIC PENTRU INTRETINERE SI REPARATII": 4, "MATEMATICA-INFORMATICA": 1}, "limba_moderna": {"LIMBA ENGLEZA": 79, "LIMBA FRANCEZA": 24}, "limba_materna": {"LIMBA ROMANA": 103}, "promotie_anterioara": {"NU": 75, "DA": 28}, "materii": {"LIMBA ROMANA": {"medie": 5.706632653061227, "reusita": 74.75728155339806, "cnt": 103}, "MATEMATICA TEHN": {"medie": 3.861734693877552, "reusita": 46.07843137254902, "cnt": 102}, "BIOLOGIE VEGETALA SI ANIMALA": {"medie": 3.733593750000001, "reusita": 29.411764705882355, "cnt": 68}, "GENERAL": {"medie": 4.753225806451612, "reusita": 17.475728155339805, "cnt": 103}, "MATEMATICA MATE-INFO": {"medie": 2.8, "reusita": 0.0, "cnt": 1}, "ANATOMIE SI FIZIOLOGIE UMANA, GENETICA SI ECOLOGIE UMANA": {"medie": 6.120689655172414, "reusita": 79.3103448275862, "cnt": 29}, "FIZICA TEH": {"medie": 2.55, "reusita": 16.666666666666664, "cnt": 6}}, "nume": "COLEGIUL TEHNIC \"HENRI COANDA\" TG-JIU\tGorj"}