{"specializari": {"STIINTE SOCIALE": 42, "FILOLOGIE": 82, "STIINTE ALE NATURII": 60, "MATEMATICA-INFORMATICA": 138}, "limba_moderna": {"LIMBA ENGLEZA": 279, "LIMBA FRANCEZA": 42, "LIMBA SPANIOLA": 1}, "limba_materna": {"LIMBA ROMANA": 322}, "promotie_anterioara": {"NU": 308, "DA": 14}, "materii": {"LIMBA ROMANA": {"medie": 8.121028037383176, "reusita": 98.4472049689441, "cnt": 322}, "BIOLOGIE VEGETALA SI ANIMALA": {"medie": 6.947368421052633, "reusita": 89.47368421052632, "cnt": 19}, "GENERAL": {"medie": 8.033852544132912, "reusita": 90.99378881987577, "cnt": 322}, "MATEMATICA ST-NAT": {"medie": 7.443333333333333, "reusita": 90.0, "cnt": 60}, "CHIMIE ORGANICA TEO NIVEL I/II": {"medie": 8.171428571428573, "reusita": 100.0, "cnt": 14}, "ISTORIE": {"medie": 7.371544715447154, "reusita": 99.19354838709677, "cnt": 124}, "LOGICA, ARGUMENTARE SI COMUNICARE": {"medie": 8.47, "reusita": 100.0, "cnt": 15}, "MATEMATICA MATE-INFO": {"medie": 8.42173913043478, "reusita": 97.10144927536231, "cnt": 138}, "INFORMATICA MI C/C++": {"medie": 7.984999999999999, "reusita": 100.0, "cnt": 10}, "GEOGRAFIE": {"medie": 8.321830985915497, "reusita": 98.61111111111111, "cnt": 72}, "ANATOMIE SI FIZIOLOGIE UMANA, GENETICA SI ECOLOGIE UMANA": {"medie": 8.266874999999999, "reusita": 100.0, "cnt": 80}, "FIZICA TEO": {"medie": 7.969863013698631, "reusita": 93.15068493150685, "cnt": 73}, "SOCIOLOGIE": {"medie": 8.282608695652176, "reusita": 100.0, "cnt": 23}, "CHIMIE ANORGANICA TEO NIVEL I/II": {"medie": 5.15, "reusita": 100.0, "cnt": 1}, "PSIHOLOGIE": {"medie": 7.92, "reusita": 100.0, "cnt": 5}, "ECONOMIE": {"medie": 9.433333333333332, "reusita": 100.0, "cnt": 9}, "INFORMATICA MI PASCAL": {"medie": 6.8, "reusita": 100.0, "cnt": 1}}, "nume": "COLEGIUL NATIONAL \"RADU GRECEANU\" SLATINA\tOlt"}