{"specializari": {"MATEMATICA-INFORMATICA": 37, "STIINTE SOCIALE": 59, "TEOLOGIE ROMANO-CATOLICA": 23}, "limba_moderna": {"LIMBA ENGLEZA": 113, "LIMBA FRANCEZA": 6}, "limba_materna": {"LIMBA ROMANA": 119}, "promotie_anterioara": {"NU": 117, "DA": 2}, "materii": {"LIMBA ROMANA": {"medie": 7.540756302521012, "reusita": 98.31932773109243, "cnt": 119}, "BIOLOGIE VEGETALA SI ANIMALA": {"medie": 7.895454545454545, "reusita": 90.9090909090909, "cnt": 11}, "GENERAL": {"medie": 7.93683473389356, "reusita": 94.9579831932773, "cnt": 119}, "CHIMIE ORGANICA TEO NIVEL I/II": {"medie": 9.45, "reusita": 100.0, "cnt": 2}, "ISTORIE": {"medie": 7.951829268292688, "reusita": 100.0, "cnt": 82}, "LOGICA, ARGUMENTARE SI COMUNICARE": {"medie": 9.339999999999996, "reusita": 100.0, "cnt": 55}, "MATEMATICA MATE-INFO": {"medie": 7.160810810810812, "reusita": 91.8918918918919, "cnt": 37}, "INFORMATICA MI C/C++": {"medie": 6.786666666666665, "reusita": 100.0, "cnt": 15}, "GEOGRAFIE": {"medie": 8.835416666666665, "reusita": 100.0, "cnt": 24}, "FIZICA TEO": {"medie": 7.3999999999999995, "reusita": 100.0, "cnt": 2}, "SOCIOLOGIE": {"medie": 9.8, "reusita": 100.0, "cnt": 1}, "CHIMIE ANORGANICA TEO NIVEL I/II": {"medie": 5.935714285714286, "reusita": 100.0, "cnt": 7}, "ECONOMIE": {"medie": 9.825, "reusita": 100.0, "cnt": 2}}, "nume": "COLEGIUL NATIONAL CATOLIC \"SF.IOSIF\" BACAU\tBac\u0103u"}