{"specializari": {"MATEMATICA-INFORMATICA": 14, "FILOLOGIE": 11}, "limba_moderna": {"LIMBA ENGLEZA": 24, "LIMBA FRANCEZA": 1}, "limba_materna": {"LIMBA ROMANA": 25}, "promotie_anterioara": {"NU": 25}, "materii": {"LIMBA ROMANA": {"medie": 8.267999999999999, "reusita": 100.0, "cnt": 25}, "GENERAL": {"medie": 8.22, "reusita": 92.0, "cnt": 25}, "ISTORIE": {"medie": 7.222727272727272, "reusita": 100.0, "cnt": 11}, "MATEMATICA MATE-INFO": {"medie": 9.182142857142859, "reusita": 100.0, "cnt": 14}, "INFORMATICA MI C/C++": {"medie": 8.21111111111111, "reusita": 100.0, "cnt": 9}, "GEOGRAFIE": {"medie": 8.681249999999999, "reusita": 100.0, "cnt": 8}, "ANATOMIE SI FIZIOLOGIE UMANA, GENETICA SI ECOLOGIE UMANA": {"medie": 8.8125, "reusita": 100.0, "cnt": 4}, "FIZICA TEO": {"medie": 10.0, "reusita": 100.0, "cnt": 1}, "PSIHOLOGIE": {"medie": 4.3999999999999995, "reusita": 33.33333333333333, "cnt": 3}}, "nume": "COLEGIUL \"RICHARD WURMBRAND\", IASI\tIa\u0219i"}