{"specializari": {"TEHNICIAN IN ACTIVITATI ECONOMICE": 41, "COAFOR STILIST": 39, "TEHNICIAN MECATRONIST": 13, "ORGANIZATOR BANQUETING": 10, "TEHNICIAN OPERATOR TEHNICA DE CALCUL": 1, "TEHNICIAN IN GASTRONOMIE": 7, "TEHNICIAN MECANIC PENTRU INTRETINERE SI REPARATII": 6}, "limba_moderna": {"LIMBA ENGLEZA": 117}, "limba_materna": {"LIMBA ROMANA": 117}, "promotie_anterioara": {"DA": 57, "NU": 60}, "materii": {"LIMBA ROMANA": {"medie": 5.090869565217389, "reusita": 62.39316239316239, "cnt": 117}, "MATEMATICA TEHN": {"medie": 4.458771929824562, "reusita": 55.55555555555556, "cnt": 117}, "BIOLOGIE VEGETALA SI ANIMALA": {"medie": 4.858333333333334, "reusita": 50.0, "cnt": 12}, "GENERAL": {"medie": 5.084672619047619, "reusita": 29.059829059829063, "cnt": 117}, "LOGICA, ARGUMENTARE SI COMUNICARE": {"medie": 1.9, "reusita": 0.0, "cnt": 1}, "GEOGRAFIE": {"medie": 5.917021276595744, "reusita": 77.08333333333334, "cnt": 96}, "FIZICA TEH": {"medie": 3.5666666666666664, "reusita": 28.57142857142857, "cnt": 7}, "CHIMIE ANORGANICA TEH NIVEL I/II": {"medie": 3.45, "reusita": 0.0, "cnt": 1}}, "nume": "COLEGIUL UCECOM \"SPIRU HARET\"\tBucure\u0219ti"}