{"specializari": {"TEHNICIAN IN ACTIVITATI ECONOMICE": 120, "TEHNICIAN IN ACTIVITATI DE COMERT": 70, "ORGANIZATOR BANQUETING": 32, "TEHNICIAN IN HOTELARIE": 13, "TEHNICIAN IN TURISM": 31, "TEHNICIAN IN GASTRONOMIE": 31}, "limba_moderna": {"LIMBA ENGLEZA": 269, "LIMBA FRANCEZA": 28}, "limba_materna": {"LIMBA ROMANA": 297}, "promotie_anterioara": {"NU": 275, "DA": 22}, "materii": {"LIMBA ROMANA": {"medie": 7.572372881355932, "reusita": 97.3063973063973, "cnt": 297}, "MATEMATICA TEHN": {"medie": 7.520578231292518, "reusita": 93.26599326599326, "cnt": 297}, "GENERAL": {"medie": 7.573696145124713, "reusita": 86.53198653198653, "cnt": 297}, "GEOGRAFIE": {"medie": 7.6223728813559335, "reusita": 96.63299663299664, "cnt": 297}}, "nume": "COLEGIUL ECONOMIC \"VIRGIL MADGEARU\" TG-JIU\tGorj"}