{"specializari": {"STIINTE ALE NATURII": 95, "MATEMATICA-INFORMATICA": 99, "STIINTE SOCIALE": 62, "FILOLOGIE": 32}, "limba_moderna": {"LIMBA ENGLEZA": 265, "LIMBA FRANCEZA": 19, "LIMBA SPANIOLA": 4}, "limba_materna": {"LIMBA ROMANA": 288}, "promotie_anterioara": {"NU": 287, "DA": 1}, "materii": {"LIMBA ROMANA": {"medie": 8.362020905923345, "reusita": 98.95833333333334, "cnt": 288}, "GENERAL": {"medie": 8.59216027874564, "reusita": 96.875, "cnt": 288}, "MATEMATICA ST-NAT": {"medie": 8.783684210526317, "reusita": 100.0, "cnt": 95}, "CHIMIE ORGANICA TEO NIVEL I/II": {"medie": 8.909999999999998, "reusita": 100.0, "cnt": 25}, "ISTORIE": {"medie": 7.692473118279573, "reusita": 96.80851063829788, "cnt": 94}, "LOGICA, ARGUMENTARE SI COMUNICARE": {"medie": 8.692452830188676, "reusita": 98.11320754716981, "cnt": 53}, "MATEMATICA MATE-INFO": {"medie": 9.260101010101012, "reusita": 100.0, "cnt": 99}, "INFORMATICA MI C/C++": {"medie": 8.713636363636365, "reusita": 97.72727272727273, "cnt": 44}, "GEOGRAFIE": {"medie": 8.356060606060606, "reusita": 94.11764705882352, "cnt": 34}, "ANATOMIE SI FIZIOLOGIE UMANA, GENETICA SI ECOLOGIE UMANA": {"medie": 9.14, "reusita": 100.0, "cnt": 90}, "FIZICA TEO": {"medie": 8.677941176470588, "reusita": 100.0, "cnt": 34}, "CHIMIE ANORGANICA TEO NIVEL I/II": {"medie": 9.0, "reusita": 100.0, "cnt": 1}, "PSIHOLOGIE": {"medie": 8.100000000000001, "reusita": 100.0, "cnt": 2}, "ECONOMIE": {"medie": 9.4, "reusita": 100.0, "cnt": 2}, "FILOSOFIE": {"medie": 9.033333333333333, "reusita": 100.0, "cnt": 3}}, "nume": "COLEGIUL NATIONAL \"MIHAI EMINESCU\" BOTOSANI\tBoto\u0219ani"}