{"specializari": {"TEHNICIAN IN INDUSTRIA ALIMENTARA": 1, "TEHNICIAN PENTRU ANIMALE DE COMPANIE": 2, "TEHNICIAN IN AGROTURISM": 12, "TEHNICIAN ANALIZE PRODUSE ALIMENTARE": 1, "TEHNICIAN VETERINAR": 4, "TEHNICIAN IN ACTIVITATI DE COMERT": 11, "TEHNICIAN IN ACTIVITATI ECONOMICE": 2, "TEHNICIAN AGROMONTAN": 2}, "limba_moderna": {"LIMBA ENGLEZA": 30, "LIMBA FRANCEZA": 5}, "limba_materna": {"LIMBA ROMANA": 35}, "promotie_anterioara": {"NU": 17, "DA": 18}, "materii": {"LIMBA ROMANA": {"medie": 6.03125, "reusita": 85.71428571428571, "cnt": 35}, "MATEMATICA TEHN": {"medie": 4.748387096774192, "reusita": 60.0, "cnt": 35}, "BIOLOGIE VEGETALA SI ANIMALA": {"medie": 4.95, "reusita": 25.0, "cnt": 4}, "GENERAL": {"medie": 5.586206896551723, "reusita": 28.57142857142857, "cnt": 35}, "GEOGRAFIE": {"medie": 6.7318181818181815, "reusita": 76.92307692307693, "cnt": 13}, "ANATOMIE SI FIZIOLOGIE UMANA, GENETICA SI ECOLOGIE UMANA": {"medie": 5.444117647058824, "reusita": 55.55555555555556, "cnt": 18}}, "nume": "COLEGIUL PENTRU AGRICULTURA SI INDUSTRIE ALIMENTARA \"TARA BARSEI\" PREJMER\tBra\u0219ov"}