{"specializari": {"TEHNICIAN ECOLOG SI PROTECTIA CALITATII MEDIULUI": 5, "TEHNICIAN TRANSPORTURI": 44, "TEHNICIAN OPERATOR TEHNICA DE CALCUL": 7, "TEHNICIAN IN SILVICULTURA SI EXPLOATARI FORESTIERE": 4, "TEHNICIAN DESIGNER VESTIMENTAR": 9, "TEHNICIAN IN INDUSTRIA TEXTILA": 3, "TEHNICIAN MECATRONIST": 2}, "limba_moderna": {"LIMBA ENGLEZA": 72, "LIMBA FRANCEZA": 2}, "limba_materna": {"LIMBA ROMANA": 74}, "promotie_anterioara": {"NU": 47, "DA": 27}, "materii": {"LIMBA ROMANA": {"medie": 4.861290322580647, "reusita": 50.0, "cnt": 74}, "MATEMATICA TEHN": {"medie": 3.0380952380952375, "reusita": 24.324324324324326, "cnt": 74}, "BIOLOGIE VEGETALA SI ANIMALA": {"medie": 3.3056818181818177, "reusita": 14.814814814814813, "cnt": 54}, "GENERAL": {"medie": 3.7690476190476185, "reusita": 5.405405405405405, "cnt": 74}, "ANATOMIE SI FIZIOLOGIE UMANA, GENETICA SI ECOLOGIE UMANA": {"medie": 4.772222222222222, "reusita": 55.55555555555556, "cnt": 9}, "FIZICA TEH": {"medie": 3.6250000000000004, "reusita": 36.36363636363637, "cnt": 11}}, "nume": "COLEGIUL AUTO \"TRAIAN VUIA\" TG-JIU\tGorj"}