{"specializari": {"FILOLOGIE": 54, "STIINTE SOCIALE": 110, "MATEMATICA-INFORMATICA": 67, "STIINTE ALE NATURII": 75}, "limba_moderna": {"LIMBA ENGLEZA": 279, "LIMBA FRANCEZA": 16, "LIMBA GERMANA MODERNA": 10, "LIMBA RUSA": 1}, "limba_materna": {"LIMBA ROMANA": 306}, "promotie_anterioara": {"NU": 303, "DA": 3}, "materii": {"LIMBA ROMANA": {"medie": 7.882786885245906, "reusita": 97.38562091503267, "cnt": 306}, "GENERAL": {"medie": 8.270819672131156, "reusita": 93.4640522875817, "cnt": 306}, "MATEMATICA ST-NAT": {"medie": 7.691216216216216, "reusita": 94.66666666666667, "cnt": 75}, "CHIMIE ORGANICA TEO NIVEL I/II": {"medie": 7.676190476190476, "reusita": 100.0, "cnt": 21}, "ISTORIE": {"medie": 8.432012195121956, "reusita": 99.39024390243902, "cnt": 164}, "LOGICA, ARGUMENTARE SI COMUNICARE": {"medie": 8.927241379310349, "reusita": 100.0, "cnt": 145}, "MATEMATICA MATE-INFO": {"medie": 8.141791044776118, "reusita": 89.55223880597015, "cnt": 67}, "INFORMATICA MI C/C++": {"medie": 8.186206896551724, "reusita": 93.10344827586206, "cnt": 29}, "GEOGRAFIE": {"medie": 8.375, "reusita": 100.0, "cnt": 18}, "ANATOMIE SI FIZIOLOGIE UMANA, GENETICA SI ECOLOGIE UMANA": {"medie": 9.082317073170731, "reusita": 98.79518072289156, "cnt": 83}, "FIZICA TEO": {"medie": 7.599999999999999, "reusita": 100.0, "cnt": 9}, "PSIHOLOGIE": {"medie": 9.1, "reusita": 100.0, "cnt": 1}}, "nume": "COLEGIUL NATIONAL \"EUDOXIU HURMUZACHI\" RADAUTI\tSuceava"}