{"specializari": {"STIINTE SOCIALE": 85, "FILOLOGIE": 164}, "limba_moderna": {"LIMBA ENGLEZA": 150, "LIMBA SPANIOLA": 39, "LIMBA FRANCEZA": 41, "LIMBA ITALIANA": 14, "LIMBA GERMANA MODERNA": 5}, "limba_materna": {"LIMBA ROMANA": 249}, "promotie_anterioara": {"NU": 245, "DA": 4}, "materii": {"LIMBA ROMANA": {"medie": 7.481578947368417, "reusita": 97.18875502008032, "cnt": 249}, "GENERAL": {"medie": 7.889363143631439, "reusita": 92.3694779116466, "cnt": 249}, "ISTORIE": {"medie": 7.972469635627528, "reusita": 97.59036144578313, "cnt": 249}, "LOGICA, ARGUMENTARE SI COMUNICARE": {"medie": 8.527826086956518, "reusita": 97.41379310344827, "cnt": 116}, "GEOGRAFIE": {"medie": 8.286874999999997, "reusita": 98.75, "cnt": 80}, "SOCIOLOGIE": {"medie": 7.129166666666666, "reusita": 97.22222222222221, "cnt": 36}, "PSIHOLOGIE": {"medie": 7.857142857142857, "reusita": 100.0, "cnt": 14}, "ECONOMIE": {"medie": 7.5, "reusita": 100.0, "cnt": 1}, "FILOSOFIE": {"medie": 5.675, "reusita": 100.0, "cnt": 2}}, "nume": "COLEGIUL NATIONAL \"MIHAI EMINESCU\" BAIA MARE\tMaramure\u0219"}