{"specializari": {"MATEMATICA-INFORMATICA": 130, "FILOLOGIE": 63, "STIINTE ALE NATURII": 30, "STIINTE SOCIALE": 69}, "limba_moderna": {"LIMBA ENGLEZA": 224, "LIMBA FRANCEZA": 67, "LIMBA RUSA": 1}, "limba_materna": {"LIMBA ROMANA": 292}, "promotie_anterioara": {"NU": 291, "DA": 1}, "materii": {"LIMBA ROMANA": {"medie": 8.178522336769763, "reusita": 99.65753424657534, "cnt": 292}, "BIOLOGIE VEGETALA SI ANIMALA": {"medie": 8.33235294117647, "reusita": 100.0, "cnt": 17}, "GENERAL": {"medie": 8.050744558991987, "reusita": 94.17808219178082, "cnt": 292}, "MATEMATICA ST-NAT": {"medie": 7.2666666666666675, "reusita": 90.0, "cnt": 30}, "CHIMIE ORGANICA TEO NIVEL I/II": {"medie": 8.681481481481482, "reusita": 100.0, "cnt": 27}, "ISTORIE": {"medie": 7.329924242424243, "reusita": 99.24242424242425, "cnt": 132}, "LOGICA, ARGUMENTARE SI COMUNICARE": {"medie": 8.7375, "reusita": 97.5, "cnt": 40}, "MATEMATICA MATE-INFO": {"medie": 8.232945736434107, "reusita": 95.38461538461539, "cnt": 130}, "INFORMATICA MI C/C++": {"medie": 7.090000000000001, "reusita": 80.0, "cnt": 5}, "GEOGRAFIE": {"medie": 8.226973684210526, "reusita": 98.68421052631578, "cnt": 76}, "ANATOMIE SI FIZIOLOGIE UMANA, GENETICA SI ECOLOGIE UMANA": {"medie": 8.510937499999995, "reusita": 100.0, "cnt": 64}, "FIZICA TEO": {"medie": 8.394444444444446, "reusita": 100.0, "cnt": 18}, "SOCIOLOGIE": {"medie": 9.6, "reusita": 100.0, "cnt": 1}, "CHIMIE ANORGANICA TEO NIVEL I/II": {"medie": 7.419642857142857, "reusita": 93.10344827586206, "cnt": 29}, "PSIHOLOGIE": {"medie": 6.383333333333333, "reusita": 83.33333333333334, "cnt": 12}, "ECONOMIE": {"medie": 8.35, "reusita": 100.0, "cnt": 1}, "FILOSOFIE": {"medie": 8.2, "reusita": 100.0, "cnt": 2}}, "nume": "COLEGIUL NATIONAL \"NICU GANE\" FALTICENI\tSuceava"}