{"specializari": {"TEHNICIAN OPERATOR TEHNICA DE CALCUL": 20, "TEHNICIAN DE TELECOMUNICATII": 48, "TEHNICIAN ELECTRONIST": 26, "TEHNICIAN IN ACTIVITATI DE POSTA": 26}, "limba_moderna": {"LIMBA ENGLEZA": 119, "LIMBA FRANCEZA": 1}, "limba_materna": {"LIMBA ROMANA": 120}, "promotie_anterioara": {"NU": 106, "DA": 14}, "materii": {"LIMBA ROMANA": {"medie": 7.216806722689074, "reusita": 99.16666666666667, "cnt": 120}, "MATEMATICA TEHN": {"medie": 8.24159663865546, "reusita": 96.66666666666667, "cnt": 120}, "BIOLOGIE VEGETALA SI ANIMALA": {"medie": 6.790625000000001, "reusita": 91.83673469387756, "cnt": 49}, "GENERAL": {"medie": 7.462745098039217, "reusita": 90.0, "cnt": 120}, "LOGICA, ARGUMENTARE SI COMUNICARE": {"medie": 7.959090909090909, "reusita": 100.0, "cnt": 22}, "GEOGRAFIE": {"medie": 6.824999999999999, "reusita": 100.0, "cnt": 4}, "ANATOMIE SI FIZIOLOGIE UMANA, GENETICA SI ECOLOGIE UMANA": {"medie": 3.2, "reusita": 0.0, "cnt": 1}, "FIZICA TEH": {"medie": 6.214285714285714, "reusita": 71.42857142857143, "cnt": 7}, "CHIMIE ANORGANICA TEH NIVEL I/II": {"medie": 6.731944444444444, "reusita": 100.0, "cnt": 36}, "CHIMIE ORGANICA TEH NIVEL I/II": {"medie": 7.25, "reusita": 100.0, "cnt": 1}}, "nume": "COLEGIUL TEHNIC DE COMUNICATII \"AUGUSTIN MAIOR\" CLUJ-NAPOCA\tCluj"}