{"specializari": {"MATEMATICA-INFORMATICA": 76, "STIINTE ALE NATURII": 66, "FILOLOGIE": 69, "STIINTE SOCIALE": 70}, "limba_moderna": {"LIMBA ENGLEZA": 258, "LIMBA FRANCEZA": 23}, "limba_materna": {"LIMBA ROMANA": 281}, "promotie_anterioara": {"NU": 279, "DA": 2}, "materii": {"LIMBA ROMANA": {"medie": 8.339145907473311, "reusita": 99.644128113879, "cnt": 281}, "GENERAL": {"medie": 8.556998813760384, "reusita": 96.79715302491103, "cnt": 281}, "MATEMATICA ST-NAT": {"medie": 8.796212121212124, "reusita": 100.0, "cnt": 66}, "CHIMIE ORGANICA TEO NIVEL I/II": {"medie": 8.795588235294115, "reusita": 100.0, "cnt": 34}, "INFORMATICA SN C/C++": {"medie": 7.4, "reusita": 100.0, "cnt": 1}, "ISTORIE": {"medie": 7.984532374100717, "reusita": 100.0, "cnt": 139}, "LOGICA, ARGUMENTARE SI COMUNICARE": {"medie": 8.85, "reusita": 100.0, "cnt": 6}, "MATEMATICA MATE-INFO": {"medie": 9.241447368421053, "reusita": 100.0, "cnt": 76}, "INFORMATICA MI C/C++": {"medie": 9.238775510204082, "reusita": 100.0, "cnt": 49}, "GEOGRAFIE": {"medie": 8.625000000000002, "reusita": 98.33333333333333, "cnt": 120}, "ANATOMIE SI FIZIOLOGIE UMANA, GENETICA SI ECOLOGIE UMANA": {"medie": 9.054716981132078, "reusita": 98.11320754716981, "cnt": 53}, "FIZICA TEO": {"medie": 8.875, "reusita": 100.0, "cnt": 4}, "SOCIOLOGIE": {"medie": 8.958333333333334, "reusita": 100.0, "cnt": 6}, "CHIMIE ANORGANICA TEO NIVEL I/II": {"medie": 7.7, "reusita": 100.0, "cnt": 1}, "PSIHOLOGIE": {"medie": 7.400000000000001, "reusita": 100.0, "cnt": 3}, "ECONOMIE": {"medie": 9.7, "reusita": 100.0, "cnt": 1}, "FILOSOFIE": {"medie": 7.166666666666667, "reusita": 100.0, "cnt": 3}}, "nume": "COLEGIUL NATIONAL \"ROMAN VODA\", MUNICIPIUL ROMAN\tNeam\u021b"}