{"specializari": {"TEHNICIAN IN TURISM": 30, "TEHNICIAN IN AUTOMATIZARI": 34, "TEHNICIAN IN ACTIVITATI ECONOMICE": 31, "MATEMATICA-INFORMATICA": 25, "TEHNICIAN ELECTRONIST": 18, "TEHNICIAN MECANIC PENTRU INTRETINERE SI REPARATII": 16, "TEHNICIAN ECOLOG SI PROTECTIA CALITATII MEDIULUI": 35, "TEHNICIAN IN ACTIVITATI DE COMERT": 2, "TEHNICIAN INSTALATOR PENTRU CONSTRUCTII": 2}, "limba_moderna": {"LIMBA ENGLEZA": 188, "LIMBA GERMANA MODERNA": 5}, "limba_materna": {"LIMBA ROMANA": 184, "LIMBA MAGHIARA": 9}, "promotie_anterioara": {"NU": 173, "DA": 20}, "materii": {"LIMBA ROMANA": {"medie": 7.528124999999999, "reusita": 97.40932642487047, "cnt": 193}, "MATEMATICA TEHN": {"medie": 8.052395209580835, "reusita": 93.45238095238095, "cnt": 168}, "BIOLOGIE VEGETALA SI ANIMALA": {"medie": 6.052941176470588, "reusita": 71.69811320754717, "cnt": 53}, "GENERAL": {"medie": 7.74043209876543, "reusita": 78.23834196891191, "cnt": 193}, "CHIMIE ORGANICA TEO NIVEL I/II": {"medie": 6.3, "reusita": 100.0, "cnt": 1}, "MATEMATICA MATE-INFO": {"medie": 9.509999999999998, "reusita": 100.0, "cnt": 25}, "INFORMATICA MI C/C++": {"medie": 9.061363636363637, "reusita": 100.0, "cnt": 22}, "GEOGRAFIE": {"medie": 8.56451612903226, "reusita": 93.54838709677419, "cnt": 62}, "ANATOMIE SI FIZIOLOGIE UMANA, GENETICA SI ECOLOGIE UMANA": {"medie": 6.922222222222222, "reusita": 100.0, "cnt": 9}, "FIZICA TEH": {"medie": 5.91, "reusita": 63.63636363636363, "cnt": 11}, "CHIMIE ANORGANICA TEO NIVEL I/II": {"medie": 7.05, "reusita": 100.0, "cnt": 1}, "ECONOMIE": {"medie": 9.7, "reusita": 100.0, "cnt": 1}, "LIMBA MAGHIARA (REAL)": {"medie": 6.4937499999999995, "reusita": 77.77777777777779, "cnt": 9}, "CHIMIE ANORGANICA TEH NIVEL I/II": {"medie": 6.2480769230769235, "reusita": 70.37037037037037, "cnt": 27}, "CHIMIE ORGANICA TEH NIVEL I/II": {"medie": 8.608333333333334, "reusita": 100.0, "cnt": 6}}, "nume": "COLEGIUL \"SCOALA NATIONALA DE GAZ\" MEDIAS\tSibiu"}