{"specializari": {"MATEMATICA-INFORMATICA": 92, "STIINTE ALE NATURII": 51, "STIINTE SOCIALE": 34, "FILOLOGIE": 68}, "limba_moderna": {"LIMBA ENGLEZA": 194, "LIMBA FRANCEZA": 45, "LIMBA SPANIOLA": 6}, "limba_materna": {"LIMBA ROMANA": 245}, "promotie_anterioara": {"NU": 234, "DA": 11}, "materii": {"LIMBA ROMANA": {"medie": 7.1663223140495855, "reusita": 93.06122448979592, "cnt": 245}, "GENERAL": {"medie": 7.493319559228648, "reusita": 82.85714285714286, "cnt": 245}, "MATEMATICA ST-NAT": {"medie": 6.229411764705882, "reusita": 84.31372549019608, "cnt": 51}, "CHIMIE ORGANICA TEO NIVEL I/II": {"medie": 9.189285714285715, "reusita": 100.0, "cnt": 14}, "ISTORIE": {"medie": 6.813725490196076, "reusita": 95.09803921568627, "cnt": 102}, "MATEMATICA MATE-INFO": {"medie": 7.931666666666666, "reusita": 88.04347826086956, "cnt": 92}, "INFORMATICA MI C/C++": {"medie": 8.8, "reusita": 100.0, "cnt": 6}, "GEOGRAFIE": {"medie": 7.870555555555556, "reusita": 96.66666666666667, "cnt": 90}, "ANATOMIE SI FIZIOLOGIE UMANA, GENETICA SI ECOLOGIE UMANA": {"medie": 8.164285714285716, "reusita": 95.0, "cnt": 100}, "FIZICA TEO": {"medie": 9.23695652173913, "reusita": 100.0, "cnt": 23}, "SOCIOLOGIE": {"medie": 5.0625, "reusita": 25.0, "cnt": 4}, "PSIHOLOGIE": {"medie": 8.6, "reusita": 100.0, "cnt": 1}, "ECONOMIE": {"medie": 8.991666666666667, "reusita": 100.0, "cnt": 6}, "FILOSOFIE": {"medie": 5.35, "reusita": 100.0, "cnt": 1}}, "nume": "COLEGIUL NATIONAL \"ALEXANDRU VLAHUTA\" MUNICIPIUL RIMNICU SARAT\tBuz\u0103u"}