{"specializari": {"STIINTE ALE NATURII": 82, "MATEMATICA-INFORMATICA": 57, "STIINTE SOCIALE": 28, "FILOLOGIE": 57}, "limba_moderna": {"LIMBA ENGLEZA": 195, "LIMBA GERMANA MODERNA": 1, "LIMBA FRANCEZA": 28}, "limba_materna": {"LIMBA GERMANA": 23, "LIMBA ROMANA": 201}, "promotie_anterioara": {"NU": 223, "DA": 1}, "materii": {"LIMBA ROMANA": {"medie": 8.641294642857144, "reusita": 100.0, "cnt": 224}, "GENERAL": {"medie": 8.608296130952379, "reusita": 98.66071428571429, "cnt": 224}, "MATEMATICA ST-NAT": {"medie": 8.120731707317072, "reusita": 98.78048780487805, "cnt": 82}, "CHIMIE ORGANICA TEO NIVEL I/II": {"medie": 8.692857142857143, "reusita": 100.0, "cnt": 14}, "INFORMATICA SN C/C++": {"medie": 9.166666666666666, "reusita": 100.0, "cnt": 3}, "ISTORIE": {"medie": 8.064705882352944, "reusita": 100.0, "cnt": 85}, "LOGICA, ARGUMENTARE SI COMUNICARE": {"medie": 8.875, "reusita": 100.0, "cnt": 4}, "MATEMATICA MATE-INFO": {"medie": 9.294736842105262, "reusita": 100.0, "cnt": 57}, "INFORMATICA MI C/C++": {"medie": 8.947727272727274, "reusita": 100.0, "cnt": 44}, "GEOGRAFIE": {"medie": 8.502083333333337, "reusita": 98.61111111111111, "cnt": 72}, "ANATOMIE SI FIZIOLOGIE UMANA, GENETICA SI ECOLOGIE UMANA": {"medie": 9.169444444444444, "reusita": 100.0, "cnt": 72}, "FIZICA TEO": {"medie": 8.9, "reusita": 100.0, "cnt": 4}, "SOCIOLOGIE": {"medie": 8.6, "reusita": 100.0, "cnt": 3}, "CHIMIE ANORGANICA TEO NIVEL I/II": {"medie": 9.675, "reusita": 100.0, "cnt": 2}, "LIMBA GERMANA": {"medie": 7.571739130434783, "reusita": 100.0, "cnt": 23}, "PSIHOLOGIE": {"medie": 8.675, "reusita": 100.0, "cnt": 4}, "ECONOMIE": {"medie": 9.5, "reusita": 100.0, "cnt": 1}, "FILOSOFIE": {"medie": 7.2, "reusita": 100.0, "cnt": 1}}, "nume": "COLEGIUL NATIONAL \"LIVIU REBREANU\" BISTRITA\tBistri\u021ba-N\u0103s\u0103ud"}