{"specializari": {"MUZICA": 57}, "limba_moderna": {"LIMBA ENGLEZA": 57}, "limba_materna": {"LIMBA ROMANA": 57}, "promotie_anterioara": {"NU": 52, "DA": 5}, "materii": {"LIMBA ROMANA": {"medie": 6.935964912280701, "reusita": 94.73684210526315, "cnt": 57}, "GENERAL": {"medie": 7.281250000000001, "reusita": 84.21052631578947, "cnt": 57}, "ISTORIE": {"medie": 6.895535714285714, "reusita": 98.24561403508771, "cnt": 57}, "LOGICA, ARGUMENTARE SI COMUNICARE": {"medie": 7.157142857142858, "reusita": 85.71428571428571, "cnt": 7}, "GEOGRAFIE": {"medie": 8.186458333333336, "reusita": 100.0, "cnt": 48}, "PSIHOLOGIE": {"medie": 5.05, "reusita": 50.0, "cnt": 2}}, "nume": "COLEGIUL NATIONAL DE MUZICA \"GEORGE ENESCU\"\tBucure\u0219ti"}