{"specializari": {"TEHNICIAN IN ACTIVITATI ECONOMICE": 109, "TEHNICIAN IN GASTRONOMIE": 44, "TEHNICIAN IN ACTIVITATI DE COMERT": 44, "TEHNICIAN IN TURISM": 10}, "limba_moderna": {"LIMBA ENGLEZA": 197, "LIMBA FRANCEZA": 10}, "limba_materna": {"LIMBA ROMANA": 207}, "promotie_anterioara": {"NU": 172, "DA": 35}, "materii": {"LIMBA ROMANA": {"medie": 6.629710144927532, "reusita": 96.61835748792271, "cnt": 207}, "MATEMATICA TEHN": {"medie": 6.966009852216746, "reusita": 85.5072463768116, "cnt": 207}, "GENERAL": {"medie": 7.068234323432337, "reusita": 78.26086956521739, "cnt": 207}, "GEOGRAFIE": {"medie": 7.539378238341969, "reusita": 96.41025641025641, "cnt": 195}, "ECONOMIE": {"medie": 7.608333333333334, "reusita": 100.0, "cnt": 12}}, "nume": "COLEGIUL ECONOMIC \"ION GHICA\" BRAILA\tBr\u0103ila"}