{"specializari": {"MATEMATICA-INFORMATICA": 41, "TEHNICIAN PRELUCRARI MECANICE": 22, "TEHNICIAN IN INSTALATII ELECTRICE": 43, "TEHNICIAN ELECTROTEHNIST": 12, "TEHNICIAN MECATRONIST": 77, "TEHNICIAN ECOLOG SI PROTECTIA CALITATII MEDIULUI": 9, "TEHNICIAN MECANIC PENTRU INTRETINERE SI REPARATII": 4, "FILOLOGIE": 1}, "limba_moderna": {"LIMBA ENGLEZA": 191, "LIMBA FRANCEZA": 18}, "limba_materna": {"LIMBA ROMANA": 209}, "promotie_anterioara": {"NU": 131, "DA": 78}, "materii": {"LIMBA ROMANA": {"medie": 5.921319796954316, "reusita": 77.99043062200957, "cnt": 209}, "MATEMATICA TEHN": {"medie": 5.385031847133758, "reusita": 68.26347305389223, "cnt": 167}, "BIOLOGIE VEGETALA SI ANIMALA": {"medie": 4.859032258064518, "reusita": 54.6583850931677, "cnt": 161}, "GENERAL": {"medie": 5.561979166666667, "reusita": 33.97129186602871, "cnt": 209}, "ISTORIE": {"medie": 4.6, "reusita": 0.0, "cnt": 1}, "MATEMATICA MATE-INFO": {"medie": 6.670731707317073, "reusita": 85.36585365853658, "cnt": 41}, "INFORMATICA MI C/C++": {"medie": 6.035714285714286, "reusita": 85.71428571428571, "cnt": 7}, "GEOGRAFIE": {"medie": 6.55, "reusita": 100.0, "cnt": 1}, "ANATOMIE SI FIZIOLOGIE UMANA, GENETICA SI ECOLOGIE UMANA": {"medie": 6.093749999999999, "reusita": 87.5, "cnt": 8}, "FIZICA TEH": {"medie": 4.25, "reusita": 31.57894736842105, "cnt": 19}, "CHIMIE ANORGANICA TEO NIVEL I/II": {"medie": 6.7, "reusita": 100.0, "cnt": 1}, "CHIMIE ANORGANICA TEH NIVEL I/II": {"medie": 4.5777777777777775, "reusita": 55.55555555555556, "cnt": 9}, "CHIMIE ORGANICA TEH NIVEL I/II": {"medie": 4.583333333333333, "reusita": 66.66666666666666, "cnt": 3}}, "nume": "COLEGIUL TEHNIC \"PETRU MAIOR\"\tBucure\u0219ti"}