{"specializari": {"FILOLOGIE": 64, "MATEMATICA-INFORMATICA": 87, "STIINTE SOCIALE": 66, "STIINTE ALE NATURII": 33}, "limba_moderna": {"LIMBA ENGLEZA": 242, "LIMBA FRANCEZA": 7, "LIMBA GERMANA MODERNA": 1}, "limba_materna": {"LIMBA ROMANA": 250}, "promotie_anterioara": {"NU": 247, "DA": 3}, "materii": {"LIMBA ROMANA": {"medie": 8.476599999999994, "reusita": 100.0, "cnt": 250}, "BIOLOGIE VEGETALA SI ANIMALA": {"medie": 9.35, "reusita": 100.0, "cnt": 2}, "GENERAL": {"medie": 8.741200000000005, "reusita": 100.0, "cnt": 250}, "MATEMATICA ST-NAT": {"medie": 8.931818181818182, "reusita": 100.0, "cnt": 33}, "CHIMIE ORGANICA TEO NIVEL I/II": {"medie": 8.620689655172415, "reusita": 100.0, "cnt": 29}, "ISTORIE": {"medie": 8.451153846153847, "reusita": 100.0, "cnt": 130}, "LOGICA, ARGUMENTARE SI COMUNICARE": {"medie": 9.219354838709679, "reusita": 100.0, "cnt": 31}, "MATEMATICA MATE-INFO": {"medie": 9.158620689655175, "reusita": 100.0, "cnt": 87}, "INFORMATICA MI C/C++": {"medie": 8.577272727272728, "reusita": 100.0, "cnt": 22}, "GEOGRAFIE": {"medie": 9.200000000000001, "reusita": 100.0, "cnt": 84}, "ANATOMIE SI FIZIOLOGIE UMANA, GENETICA SI ECOLOGIE UMANA": {"medie": 9.413888888888888, "reusita": 100.0, "cnt": 36}, "FIZICA TEO": {"medie": 9.026315789473685, "reusita": 100.0, "cnt": 19}, "SOCIOLOGIE": {"medie": 9.108333333333334, "reusita": 100.0, "cnt": 6}, "CHIMIE ANORGANICA TEO NIVEL I/II": {"medie": 7.4750000000000005, "reusita": 100.0, "cnt": 12}, "PSIHOLOGIE": {"medie": 8.337499999999999, "reusita": 100.0, "cnt": 4}, "ECONOMIE": {"medie": 8.4875, "reusita": 100.0, "cnt": 4}, "FILOSOFIE": {"medie": 8.5, "reusita": 100.0, "cnt": 1}}, "nume": "COLEGIUL NATIONAL\"VASILE ALECSANDRI\" BACAU\tBac\u0103u"}