{"specializari": {"TEHNICIAN IN ACTIVITATI ECONOMICE": 31, "TEHNICIAN IN HOTELARIE": 5, "TEHNICIAN IN GASTRONOMIE": 6, "TEHNICIAN IN INDUSTRIA ALIMENTARA": 9, "ORGANIZATOR BANQUETING": 11, "TEHNICIAN IN ACTIVITATI DE COMERT": 4, "TEHNICIAN IN TURISM": 11, "TEHNICIAN IN ADMINISTRATIE": 1, "TEHNICIAN ANALIZE PRODUSE ALIMENTARE": 3, "TEHNICIAN IN ACHIZITII SI CONTRACTARI": 3}, "limba_moderna": {"LIMBA ENGLEZA": 75, "LIMBA FRANCEZA": 8, "LIMBA GERMANA MODERNA": 1}, "limba_materna": {"LIMBA ROMANA": 84}, "promotie_anterioara": {"NU": 53, "DA": 31}, "materii": {"LIMBA ROMANA": {"medie": 6.557228915662652, "reusita": 97.61904761904762, "cnt": 84}, "MATEMATICA TEHN": {"medie": 5.53354430379747, "reusita": 63.095238095238095, "cnt": 84}, "BIOLOGIE VEGETALA SI ANIMALA": {"medie": 6.170833333333332, "reusita": 75.0, "cnt": 12}, "GENERAL": {"medie": 5.998717948717949, "reusita": 41.66666666666667, "cnt": 84}, "GEOGRAFIE": {"medie": 5.785000000000001, "reusita": 76.38888888888889, "cnt": 72}}, "nume": "COLEGIUL ECONOMIC AL BANATULUI MONTAN RESITA\tCara\u0219-Severin"}