{"specializari": {"TEHNICIAN IN SILVICULTURA SI EXPLOATARI FORESTIERE": 4, "TEHNICIAN DESENATOR PENTRU CONSTRUCTII SI INSTALATII": 22, "TEHNICIAN IN CONSTRUCTII SI LUCRARI PUBLICE": 7, "TEHNICIAN DESIGNER MOBILA SI AMENAJARI INTERIOARE": 4, "TEHNICIAN ECOLOG SI PROTECTIA CALITATII MEDIULUI": 14, "TEHNICIAN ELECTROTEHNIST": 1}, "limba_moderna": {"LIMBA ENGLEZA": 45, "LIMBA FRANCEZA": 7}, "limba_materna": {"LIMBA ROMANA": 52}, "promotie_anterioara": {"NU": 35, "DA": 17}, "materii": {"LIMBA ROMANA": {"medie": 6.224038461538462, "reusita": 94.23076923076923, "cnt": 52}, "MATEMATICA TEHN": {"medie": 6.185294117647058, "reusita": 76.92307692307693, "cnt": 52}, "BIOLOGIE VEGETALA SI ANIMALA": {"medie": 5.832222222222222, "reusita": 78.26086956521739, "cnt": 46}, "GENERAL": {"medie": 6.097333333333332, "reusita": 53.84615384615385, "cnt": 52}, "ANATOMIE SI FIZIOLOGIE UMANA, GENETICA SI ECOLOGIE UMANA": {"medie": 6.15, "reusita": 100.0, "cnt": 2}, "FIZICA TEH": {"medie": 1.0, "reusita": 0.0, "cnt": 1}, "CHIMIE ANORGANICA TEH NIVEL I/II": {"medie": 6.683333333333334, "reusita": 100.0, "cnt": 3}}, "nume": "COLEGIUL TEHNIC \"ANGHEL SALIGNY\" CLUJ-NAPOCA\tCluj"}