{"specializari": {"MATEMATICA-INFORMATICA": 56, "STIINTE ALE NATURII": 32, "STIINTE SOCIALE": 35}, "limba_moderna": {"LIMBA ENGLEZA": 111, "LIMBA GERMANA MODERNA": 12}, "limba_materna": {"LIMBA MAGHIARA": 123}, "promotie_anterioara": {"NU": 114, "DA": 9}, "materii": {"LIMBA ROMANA": {"medie": 7.277272727272728, "reusita": 95.9349593495935, "cnt": 123}, "BIOLOGIE VEGETALA SI ANIMALA": {"medie": 6.14, "reusita": 80.0, "cnt": 5}, "GENERAL": {"medie": 7.888305785123967, "reusita": 90.2439024390244, "cnt": 123}, "MATEMATICA ST-NAT": {"medie": 8.033870967741935, "reusita": 90.625, "cnt": 32}, "CHIMIE ORGANICA TEO NIVEL I/II": {"medie": 7.344999999999999, "reusita": 100.0, "cnt": 10}, "ISTORIE": {"medie": 7.3254285714285725, "reusita": 100.0, "cnt": 35}, "LOGICA, ARGUMENTARE SI COMUNICARE": {"medie": 8.2, "reusita": 100.0, "cnt": 5}, "MATEMATICA MATE-INFO": {"medie": 8.571428571428573, "reusita": 98.21428571428571, "cnt": 56}, "INFORMATICA MI C/C++": {"medie": 8.354545454545455, "reusita": 100.0, "cnt": 11}, "GEOGRAFIE": {"medie": 7.175925925925927, "reusita": 100.0, "cnt": 27}, "ANATOMIE SI FIZIOLOGIE UMANA, GENETICA SI ECOLOGIE UMANA": {"medie": 7.870370370370373, "reusita": 98.18181818181819, "cnt": 55}, "FIZICA TEO": {"medie": 9.407142857142858, "reusita": 100.0, "cnt": 7}, "SOCIOLOGIE": {"medie": 8.4, "reusita": 100.0, "cnt": 2}, "LIMBA MAGHIARA (REAL)": {"medie": 8.764367816091955, "reusita": 98.86363636363636, "cnt": 88}, "LIMBA MAGHIARA (UMAN)": {"medie": 7.421428571428572, "reusita": 100.0, "cnt": 35}, "FILOSOFIE": {"medie": 8.3, "reusita": 100.0, "cnt": 1}}, "nume": "COLEGIUL NATIONAL \"SZEKELY MIKO\" SFANTU GHEORGHE\tCovasna"}