{"specializari": {"MATEMATICA-INFORMATICA": 31, "STIINTE SOCIALE": 30, "FILOLOGIE": 31}, "limba_moderna": {"LIMBA ENGLEZA": 88, "LIMBA FRANCEZA": 4}, "limba_materna": {"LIMBA GERMANA": 92}, "promotie_anterioara": {"NU": 90, "DA": 2}, "materii": {"LIMBA ROMANA": {"medie": 8.322282608695653, "reusita": 98.91304347826086, "cnt": 92}, "BIOLOGIE VEGETALA SI ANIMALA": {"medie": 9.2, "reusita": 100.0, "cnt": 5}, "GENERAL": {"medie": 8.251494565217389, "reusita": 98.91304347826086, "cnt": 92}, "CHIMIE ORGANICA TEO NIVEL I/II": {"medie": 8.195833333333335, "reusita": 100.0, "cnt": 12}, "ISTORIE": {"medie": 8.41065573770492, "reusita": 100.0, "cnt": 61}, "LOGICA, ARGUMENTARE SI COMUNICARE": {"medie": 8.598571428571429, "reusita": 100.0, "cnt": 35}, "MATEMATICA MATE-INFO": {"medie": 8.845161290322583, "reusita": 100.0, "cnt": 31}, "INFORMATICA MI C/C++": {"medie": 9.033333333333333, "reusita": 100.0, "cnt": 3}, "GEOGRAFIE": {"medie": 8.866666666666665, "reusita": 100.0, "cnt": 6}, "ANATOMIE SI FIZIOLOGIE UMANA, GENETICA SI ECOLOGIE UMANA": {"medie": 8.35, "reusita": 100.0, "cnt": 5}, "FIZICA TEO": {"medie": 9.13, "reusita": 100.0, "cnt": 5}, "SOCIOLOGIE": {"medie": 7.341666666666668, "reusita": 100.0, "cnt": 12}, "CHIMIE ANORGANICA TEO NIVEL I/II": {"medie": 8.4, "reusita": 100.0, "cnt": 1}, "LIMBA GERMANA": {"medie": 7.668478260869564, "reusita": 100.0, "cnt": 92}, "PSIHOLOGIE": {"medie": 7.5, "reusita": 100.0, "cnt": 2}, "ECONOMIE": {"medie": 8.941666666666665, "reusita": 100.0, "cnt": 6}}, "nume": "COLEGIUL GERMAN \"GOETHE\"\tBucure\u0219ti"}