{"specializari": {"TEHNICIAN ELECTROMECANIC": 30, "STIINTE ALE NATURII": 58, "TEHNICIAN IN AUTOMATIZARI": 42, "TEHNICIAN ELECTROTEHNIST": 24, "TEHNICIAN MECATRONIST": 20, "TEHNICIAN MECANIC PENTRU INTRETINERE SI REPARATII": 28}, "limba_moderna": {"LIMBA ENGLEZA": 167, "LIMBA FRANCEZA": 35}, "limba_materna": {"LIMBA ROMANA": 202}, "promotie_anterioara": {"NU": 172, "DA": 30}, "materii": {"LIMBA ROMANA": {"medie": 6.0688202247191025, "reusita": 66.83168316831683, "cnt": 202}, "MATEMATICA TEHN": {"medie": 4.493534482758621, "reusita": 47.91666666666667, "cnt": 144}, "BIOLOGIE VEGETALA SI ANIMALA": {"medie": 4.0550000000000015, "reusita": 30.973451327433626, "cnt": 113}, "GENERAL": {"medie": 5.71219512195122, "reusita": 32.67326732673268, "cnt": 202}, "MATEMATICA ST-NAT": {"medie": 6.433620689655174, "reusita": 84.48275862068965, "cnt": 58}, "ANATOMIE SI FIZIOLOGIE UMANA, GENETICA SI ECOLOGIE UMANA": {"medie": 9.125555555555556, "reusita": 97.77777777777777, "cnt": 45}, "FIZICA TEH": {"medie": 3.4857142857142853, "reusita": 15.0, "cnt": 20}, "CHIMIE ANORGANICA TEO NIVEL I/II": {"medie": 6.188461538461538, "reusita": 100.0, "cnt": 13}, "CHIMIE ANORGANICA TEH NIVEL I/II": {"medie": 5.6571428571428575, "reusita": 54.54545454545454, "cnt": 11}}, "nume": "COLEGIUL \"GHEORGHE TATARESCU\" ROVINARI\tGorj"}