{"specializari": {"TEHNICIAN HORTICULTOR": 43, "TEHNICIAN ANALIZE PRODUSE ALIMENTARE": 36, "TEHNICIAN MECANIC PENTRU INTRETINERE SI REPARATII": 18, "TEHNICIAN IN ACTIVITATI DE COMERT": 27, "TEHNICIAN PROIECTANT CAD": 18, "TEHNICIAN IN AGRICULTURA": 1, "TEHNICIAN IN ACTIVITATI ECONOMICE": 1}, "limba_moderna": {"LIMBA ENGLEZA": 128, "LIMBA FRANCEZA": 16}, "limba_materna": {"LIMBA ROMANA": 144}, "promotie_anterioara": {"NU": 126, "DA": 18}, "materii": {"LIMBA ROMANA": {"medie": 6.075539568345324, "reusita": 88.19444444444444, "cnt": 144}, "MATEMATICA TEHN": {"medie": 6.757971014492755, "reusita": 84.72222222222221, "cnt": 144}, "BIOLOGIE VEGETALA SI ANIMALA": {"medie": 4.41875, "reusita": 41.66666666666667, "cnt": 24}, "GENERAL": {"medie": 6.356666666666667, "reusita": 52.77777777777778, "cnt": 144}, "LOGICA, ARGUMENTARE SI COMUNICARE": {"medie": 8.39, "reusita": 81.81818181818183, "cnt": 11}, "GEOGRAFIE": {"medie": 6.382352941176471, "reusita": 88.23529411764706, "cnt": 17}, "ANATOMIE SI FIZIOLOGIE UMANA, GENETICA SI ECOLOGIE UMANA": {"medie": 6.609154929577465, "reusita": 85.33333333333334, "cnt": 75}, "CHIMIE ANORGANICA TEH NIVEL I/II": {"medie": 5.633333333333332, "reusita": 56.25, "cnt": 16}, "CHIMIE ORGANICA TEH NIVEL I/II": {"medie": 6.0, "reusita": 100.0, "cnt": 1}}, "nume": "COLEGIUL AGRICOL \"DIMITRIE CANTEMIR\", MUN. HUSI\tVaslui"}