{"specializari": {"STIINTE ALE NATURII": 115, "MATEMATICA-INFORMATICA": 104, "STIINTE SOCIALE": 31, "FILOLOGIE": 62}, "limba_moderna": {"LIMBA ENGLEZA": 246, "LIMBA GERMANA MODERNA": 19, "LIMBA FRANCEZA": 35, "LIMBA SPANIOLA": 12}, "limba_materna": {"LIMBA GERMANA": 17, "LIMBA ROMANA": 295}, "promotie_anterioara": {"NU": 307, "DA": 5}, "materii": {"LIMBA ROMANA": {"medie": 8.050160256410253, "reusita": 100.0, "cnt": 312}, "BIOLOGIE VEGETALA SI ANIMALA": {"medie": 7.446078431372554, "reusita": 94.11764705882352, "cnt": 51}, "GENERAL": {"medie": 8.23695245726495, "reusita": 95.1923076923077, "cnt": 312}, "MATEMATICA ST-NAT": {"medie": 8.793478260869568, "reusita": 97.3913043478261, "cnt": 115}, "CHIMIE ORGANICA TEO NIVEL I/II": {"medie": 8.778571428571428, "reusita": 100.0, "cnt": 14}, "ISTORIE": {"medie": 7.625268817204298, "reusita": 98.9247311827957, "cnt": 93}, "MATEMATICA MATE-INFO": {"medie": 8.642788461538466, "reusita": 100.0, "cnt": 104}, "INFORMATICA MI C/C++": {"medie": 8.1875, "reusita": 100.0, "cnt": 4}, "GEOGRAFIE": {"medie": 8.279310344827588, "reusita": 100.0, "cnt": 87}, "ANATOMIE SI FIZIOLOGIE UMANA, GENETICA SI ECOLOGIE UMANA": {"medie": 8.9, "reusita": 100.0, "cnt": 63}, "FIZICA TEO": {"medie": 9.022727272727273, "reusita": 100.0, "cnt": 11}, "SOCIOLOGIE": {"medie": 7.85, "reusita": 100.0, "cnt": 4}, "CHIMIE ANORGANICA TEO NIVEL I/II": {"medie": 7.775510204081633, "reusita": 97.95918367346938, "cnt": 49}, "LIMBA GERMANA": {"medie": 7.582352941176469, "reusita": 100.0, "cnt": 17}, "ECONOMIE": {"medie": 9.600000000000001, "reusita": 100.0, "cnt": 2}, "INFORMATICA MI PASCAL": {"medie": 9.002, "reusita": 100.0, "cnt": 25}, "INFORMATICA SN PASCAL": {"medie": 8.775, "reusita": 100.0, "cnt": 2}}, "nume": "COLEGIUL NATIONAL \"DECEBAL\" DEVA\tHunedoara"}