{"specializari": {"MATEMATICA-INFORMATICA": 57, "FILOLOGIE": 65, "INVATATOR - EDUCATOARE": 35, "STIINTE ALE NATURII": 31}, "limba_moderna": {"LIMBA ENGLEZA": 177, "LIMBA FRANCEZA": 11}, "limba_materna": {"LIMBA ROMANA": 188}, "promotie_anterioara": {"NU": 182, "DA": 6}, "materii": {"LIMBA ROMANA": {"medie": 8.280481283422459, "reusita": 98.40425531914893, "cnt": 188}, "GENERAL": {"medie": 8.140860215053767, "reusita": 93.61702127659575, "cnt": 188}, "MATEMATICA ST-NAT": {"medie": 8.138709677419355, "reusita": 100.0, "cnt": 31}, "CHIMIE ORGANICA TEO NIVEL I/II": {"medie": 8.440000000000001, "reusita": 100.0, "cnt": 5}, "ISTORIE": {"medie": 7.103846153846155, "reusita": 96.92307692307692, "cnt": 65}, "MATEMATICA MATE-INFO": {"medie": 7.969298245614034, "reusita": 96.49122807017544, "cnt": 57}, "INFORMATICA MI C/C++": {"medie": 8.6, "reusita": 100.0, "cnt": 4}, "GEOGRAFIE": {"medie": 8.261224489795921, "reusita": 98.9795918367347, "cnt": 98}, "ANATOMIE SI FIZIOLOGIE UMANA, GENETICA SI ECOLOGIE UMANA": {"medie": 8.820666666666664, "reusita": 100.0, "cnt": 75}, "FIZICA TEO": {"medie": 9.4, "reusita": 100.0, "cnt": 4}, "MATEMATICA PED": {"medie": 7.283823529411764, "reusita": 94.28571428571428, "cnt": 35}, "PSIHOLOGIE": {"medie": 8.9, "reusita": 100.0, "cnt": 2}}, "nume": "COLEGIUL NATIONAL \"GEORGE COSBUC\" NASAUD\tBistri\u021ba-N\u0103s\u0103ud"}