{"specializari": {"TEHNICIAN ECOLOG SI PROTECTIA CALITATII MEDIULUI": 31, "TEHNICIAN PROIECTANT CAD": 12, "TEHNICIAN DE TELECOMUNICATII": 12, "ARHITECTURA, ARTE AMBIENTALE SI DESIGN": 12, "TEHNICIAN MECATRONIST": 15, "TEHNICIAN IN AUTOMATIZARI": 14, "TEHNICIAN OPERATOR TEHNICA DE CALCUL": 5, "TEHNICIAN MECANIC PENTRU INTRETINERE SI REPARATII": 2, "TEHNICIAN DESENATOR PENTRU CONSTRUCTII SI INSTALATII": 9, "STIINTE ALE NATURII": 3, "TEHNICIAN ELECTROTEHNIST": 2, "TEHNICIAN INSTALATOR PENTRU CONSTRUCTII": 1, "TEHNICIAN IN PRELUCRAREA LEMNULUI": 3, "TEHNICIAN ELECTROMECANIC": 2, "TEHNICIAN PRELUCRARI MECANICE": 1, "TEHNICIAN PRELUCRARI PE MASINI CU COMANDA NUMERICA": 2, "TEHNICIAN IN CONSTRUCTII SI LUCRARI PUBLICE": 1, "TEHNICIAN IN INDUSTRIA MATERIALELOR DE CONSTRUCTII": 1}, "limba_moderna": {"LIMBA ENGLEZA": 121, "LIMBA FRANCEZA": 7}, "limba_materna": {"LIMBA ROMANA": 128}, "promotie_anterioara": {"NU": 72, "DA": 56}, "materii": {"LIMBA ROMANA": {"medie": 7.022265625000002, "reusita": 97.65625, "cnt": 128}, "MATEMATICA TEHN": {"medie": 6.863392857142857, "reusita": 90.2654867256637, "cnt": 113}, "BIOLOGIE VEGETALA SI ANIMALA": {"medie": 5.409166666666668, "reusita": 70.0, "cnt": 60}, "GENERAL": {"medie": 6.514566929133855, "reusita": 62.5, "cnt": 128}, "MATEMATICA ST-NAT": {"medie": 4.95, "reusita": 66.66666666666666, "cnt": 3}, "ISTORIE": {"medie": 6.233333333333333, "reusita": 100.0, "cnt": 12}, "GEOGRAFIE": {"medie": 7.258333333333333, "reusita": 100.0, "cnt": 12}, "ANATOMIE SI FIZIOLOGIE UMANA, GENETICA SI ECOLOGIE UMANA": {"medie": 6.088888888888889, "reusita": 88.88888888888889, "cnt": 9}, "FIZICA TEH": {"medie": 4.15, "reusita": 0.0, "cnt": 1}, "CHIMIE ANORGANICA TEH NIVEL I/II": {"medie": 5.746739130434783, "reusita": 80.43478260869566, "cnt": 46}}, "nume": "COLEGIUL TEHNIC \"MIRCEA CRISTEA\" BRASOV\tBra\u0219ov"}