{"specializari": {"MATEMATICA-INFORMATICA": 34, "LICEU CU PROGRAM SPORTIV": 36, "TEHNICIAN IN INSTALATII ELECTRICE": 13, "TEHNICIAN TRANSPORTURI": 27, "TEHNICIAN IN AUTOMATIZARI": 13}, "limba_moderna": {"LIMBA ENGLEZA": 121, "LIMBA FRANCEZA": 2}, "limba_materna": {"LIMBA ROMANA": 123}, "promotie_anterioara": {"NU": 81, "DA": 42}, "materii": {"LIMBA ROMANA": {"medie": 5.727631578947369, "reusita": 73.98373983739837, "cnt": 123}, "MATEMATICA TEHN": {"medie": 3.6268292682926826, "reusita": 32.075471698113205, "cnt": 53}, "BIOLOGIE VEGETALA SI ANIMALA": {"medie": 3.879999999999998, "reusita": 27.906976744186046, "cnt": 43}, "GENERAL": {"medie": 5.1995412844036695, "reusita": 27.64227642276423, "cnt": 123}, "ISTORIE": {"medie": 6.112499999999999, "reusita": 100.0, "cnt": 36}, "MATEMATICA MATE-INFO": {"medie": 3.9323529411764704, "reusita": 47.05882352941176, "cnt": 34}, "GEOGRAFIE": {"medie": 7.248611111111111, "reusita": 94.44444444444444, "cnt": 36}, "ANATOMIE SI FIZIOLOGIE UMANA, GENETICA SI ECOLOGIE UMANA": {"medie": 5.385714285714287, "reusita": 66.66666666666666, "cnt": 21}, "FIZICA TEH": {"medie": 3.022727272727273, "reusita": 14.285714285714285, "cnt": 21}, "CHIMIE ANORGANICA TEH NIVEL I/II": {"medie": 3.375, "reusita": 0.0, "cnt": 2}}, "nume": "COLEGIUL TEHNIC FEROVIAR \"MIHAI I\"\tBucure\u0219ti"}