{"specializari": {"STIINTE SOCIALE": 32, "FILOLOGIE": 32, "STIINTE ALE NATURII": 30, "MATEMATICA-INFORMATICA": 29}, "limba_moderna": {"LIMBA ENGLEZA": 98, "LIMBA FRANCEZA": 2, "LIMBA GERMANA MODERNA": 23}, "limba_materna": {"LIMBA ROMANA": 61, "LIMBA GERMANA": 62}, "promotie_anterioara": {"NU": 122, "DA": 1}, "materii": {"LIMBA ROMANA": {"medie": 7.982926829268289, "reusita": 100.0, "cnt": 123}, "BIOLOGIE VEGETALA SI ANIMALA": {"medie": 8.000000000000002, "reusita": 100.0, "cnt": 11}, "GENERAL": {"medie": 8.294444444444444, "reusita": 100.0, "cnt": 123}, "MATEMATICA ST-NAT": {"medie": 9.03, "reusita": 100.0, "cnt": 30}, "CHIMIE ORGANICA TEO NIVEL I/II": {"medie": 8.6875, "reusita": 100.0, "cnt": 8}, "INFORMATICA SN C/C++": {"medie": 9.55, "reusita": 100.0, "cnt": 2}, "ISTORIE": {"medie": 8.04375, "reusita": 100.0, "cnt": 64}, "LOGICA, ARGUMENTARE SI COMUNICARE": {"medie": 8.602173913043476, "reusita": 100.0, "cnt": 23}, "MATEMATICA MATE-INFO": {"medie": 8.39310344827586, "reusita": 100.0, "cnt": 29}, "INFORMATICA MI C/C++": {"medie": 7.459375000000001, "reusita": 100.0, "cnt": 16}, "GEOGRAFIE": {"medie": 8.771428571428572, "reusita": 100.0, "cnt": 35}, "ANATOMIE SI FIZIOLOGIE UMANA, GENETICA SI ECOLOGIE UMANA": {"medie": 8.678571428571429, "reusita": 100.0, "cnt": 7}, "FIZICA TEO": {"medie": 8.808333333333334, "reusita": 100.0, "cnt": 12}, "SOCIOLOGIE": {"medie": 8.4, "reusita": 100.0, "cnt": 1}, "CHIMIE ANORGANICA TEO NIVEL I/II": {"medie": 9.016666666666667, "reusita": 100.0, "cnt": 3}, "LIMBA GERMANA": {"medie": 8.540322580645164, "reusita": 100.0, "cnt": 62}, "PSIHOLOGIE": {"medie": 8.85, "reusita": 100.0, "cnt": 3}, "FILOSOFIE": {"medie": 7.4, "reusita": 100.0, "cnt": 2}}, "nume": "COLEGIUL NATIONAL \"GEORGE COSBUC\" CLUJ-NAPOCA\tCluj"}