{"specializari": {"TEHNICIAN PROIECTANT CAD": 16, "TEHNICIAN INSTALATOR PENTRU CONSTRUCTII": 5, "MATEMATICA-INFORMATICA": 35, "TEHNICIAN TRANSPORTURI": 9, "TEHNICIAN DESENATOR PENTRU CONSTRUCTII SI INSTALATII": 14, "TEHNICIAN DESIGNER VESTIMENTAR": 19, "TEHNICIAN IN CONSTRUCTII SI LUCRARI PUBLICE": 13, "TEHNICIAN DESIGNER MOBILA SI AMENAJARI INTERIOARE": 9, "TEHNICIAN MECANIC PENTRU INTRETINERE SI REPARATII": 2}, "limba_moderna": {"LIMBA ENGLEZA": 112, "LIMBA FRANCEZA": 10}, "limba_materna": {"LIMBA ROMANA": 122}, "promotie_anterioara": {"NU": 81, "DA": 41}, "materii": {"LIMBA ROMANA": {"medie": 6.308260869565219, "reusita": 87.70491803278688, "cnt": 122}, "MATEMATICA TEHN": {"medie": 4.940243902439025, "reusita": 63.2183908045977, "cnt": 87}, "BIOLOGIE VEGETALA SI ANIMALA": {"medie": 5.2043103448275865, "reusita": 58.333333333333336, "cnt": 60}, "GENERAL": {"medie": 5.562351190476192, "reusita": 34.42622950819672, "cnt": 122}, "MATEMATICA MATE-INFO": {"medie": 4.8125, "reusita": 54.285714285714285, "cnt": 35}, "INFORMATICA MI C/C++": {"medie": 5.4350000000000005, "reusita": 52.38095238095239, "cnt": 21}, "ANATOMIE SI FIZIOLOGIE UMANA, GENETICA SI ECOLOGIE UMANA": {"medie": 5.58, "reusita": 80.0, "cnt": 5}, "FIZICA TEO": {"medie": 7.0, "reusita": 100.0, "cnt": 1}, "CHIMIE ANORGANICA TEO NIVEL I/II": {"medie": 5.96, "reusita": 60.0, "cnt": 5}, "CHIMIE ANORGANICA TEH NIVEL I/II": {"medie": 5.6275862068965505, "reusita": 76.66666666666667, "cnt": 30}}, "nume": "COLEGIUL TEHNIC \"A.SALIGNY\" BACAU\tBac\u0103u"}