{"specializari": {"MATEMATICA-INFORMATICA": 130, "FILOLOGIE": 38}, "limba_moderna": {"LIMBA ENGLEZA": 162, "LIMBA GERMANA MODERNA": 3, "LIMBA FRANCEZA": 3}, "limba_materna": {"LIMBA ROMANA": 168}, "promotie_anterioara": {"NU": 167, "DA": 1}, "materii": {"LIMBA ROMANA": {"medie": 9.0485119047619, "reusita": 100.0, "cnt": 168}, "BIOLOGIE VEGETALA SI ANIMALA": {"medie": 8.9, "reusita": 100.0, "cnt": 3}, "GENERAL": {"medie": 9.153611111111113, "reusita": 100.0, "cnt": 168}, "CHIMIE ORGANICA TEO NIVEL I/II": {"medie": 9.049999999999999, "reusita": 100.0, "cnt": 6}, "ISTORIE": {"medie": 8.723684210526313, "reusita": 100.0, "cnt": 38}, "LOGICA, ARGUMENTARE SI COMUNICARE": {"medie": 9.58, "reusita": 100.0, "cnt": 5}, "MATEMATICA MATE-INFO": {"medie": 9.283461538461538, "reusita": 100.0, "cnt": 130}, "INFORMATICA MI C/C++": {"medie": 9.141176470588237, "reusita": 100.0, "cnt": 34}, "GEOGRAFIE": {"medie": 9.281034482758622, "reusita": 100.0, "cnt": 29}, "ANATOMIE SI FIZIOLOGIE UMANA, GENETICA SI ECOLOGIE UMANA": {"medie": 9.344594594594595, "reusita": 100.0, "cnt": 74}, "FIZICA TEO": {"medie": 9.236999999999998, "reusita": 100.0, "cnt": 10}, "CHIMIE ANORGANICA TEO NIVEL I/II": {"medie": 9.0, "reusita": 100.0, "cnt": 3}, "PSIHOLOGIE": {"medie": 8.4, "reusita": 100.0, "cnt": 3}, "ECONOMIE": {"medie": 10.0, "reusita": 100.0, "cnt": 1}}, "nume": "COLEGIUL NATIONAL \"COSTACHE NEGRUZZI\", IASI\tIa\u0219i"}