{"specializari": {"FILOLOGIE": 122, "STIINTE SOCIALE": 67, "STIINTE ALE NATURII": 59, "MATEMATICA-INFORMATICA": 61}, "limba_moderna": {"LIMBA ENGLEZA": 244, "LIMBA FRANCEZA": 65}, "limba_materna": {"LIMBA ROMANA": 309}, "promotie_anterioara": {"NU": 306, "DA": 3}, "materii": {"LIMBA ROMANA": {"medie": 7.525080906148866, "reusita": 99.35275080906149, "cnt": 309}, "BIOLOGIE VEGETALA SI ANIMALA": {"medie": 8.555813953488371, "reusita": 100.0, "cnt": 43}, "GENERAL": {"medie": 7.9652056277056325, "reusita": 96.44012944983818, "cnt": 309}, "MATEMATICA ST-NAT": {"medie": 8.111864406779663, "reusita": 96.61016949152543, "cnt": 59}, "CHIMIE ORGANICA TEO NIVEL I/II": {"medie": 7.935416666666668, "reusita": 100.0, "cnt": 24}, "ISTORIE": {"medie": 7.7643617021276565, "reusita": 98.4126984126984, "cnt": 189}, "LOGICA, ARGUMENTARE SI COMUNICARE": {"medie": 9.123684210526315, "reusita": 100.0, "cnt": 38}, "MATEMATICA MATE-INFO": {"medie": 8.325409836065578, "reusita": 100.0, "cnt": 61}, "INFORMATICA MI C/C++": {"medie": 8.25, "reusita": 100.0, "cnt": 4}, "GEOGRAFIE": {"medie": 8.374390243902443, "reusita": 99.19354838709677, "cnt": 124}, "ANATOMIE SI FIZIOLOGIE UMANA, GENETICA SI ECOLOGIE UMANA": {"medie": 8.075, "reusita": 100.0, "cnt": 22}, "FIZICA TEO": {"medie": 7.937037037037037, "reusita": 92.5925925925926, "cnt": 27}, "SOCIOLOGIE": {"medie": 8.188461538461537, "reusita": 100.0, "cnt": 13}, "PSIHOLOGIE": {"medie": 8.2, "reusita": 100.0, "cnt": 4}, "ECONOMIE": {"medie": 9.461111111111112, "reusita": 100.0, "cnt": 9}, "FILOSOFIE": {"medie": 9.0, "reusita": 100.0, "cnt": 1}}, "nume": "COLEGIUL NATIONAL \"MIHAI EMINESCU\" MUNICIPIUL BUZAU\tBuz\u0103u"}