{"specializari": {"TEHNICIAN VETERINAR": 35, "TEHNICIAN AGROMONTAN": 16, "TEHNICIAN IN AGROTURISM": 17, "TEHNICIAN IN ACTIVITATI DE COMERT": 26, "TEHNICIAN IN AGRICULTURA": 3, "TEHNICIAN IN ACHIZITII SI CONTRACTARI": 4, "TEHNICIAN MECANIC PENTRU INTRETINERE SI REPARATII": 9}, "limba_moderna": {"LIMBA ENGLEZA": 101, "LIMBA FRANCEZA": 9}, "limba_materna": {"LIMBA ROMANA": 110}, "promotie_anterioara": {"NU": 81, "DA": 29}, "materii": {"LIMBA ROMANA": {"medie": 6.409134615384616, "reusita": 86.36363636363636, "cnt": 110}, "MATEMATICA TEHN": {"medie": 5.626960784313728, "reusita": 69.0909090909091, "cnt": 110}, "BIOLOGIE VEGETALA SI ANIMALA": {"medie": 5.635616438356164, "reusita": 67.94871794871796, "cnt": 78}, "GENERAL": {"medie": 6.075252525252526, "reusita": 47.27272727272727, "cnt": 110}, "GEOGRAFIE": {"medie": 7.187999999999999, "reusita": 96.15384615384616, "cnt": 26}, "ANATOMIE SI FIZIOLOGIE UMANA, GENETICA SI ECOLOGIE UMANA": {"medie": 6.975, "reusita": 100.0, "cnt": 2}, "PSIHOLOGIE": {"medie": 5.7, "reusita": 100.0, "cnt": 1}, "ECONOMIE": {"medie": 7.716666666666666, "reusita": 100.0, "cnt": 3}}, "nume": "COLEGIUL AGRICOL \"DANIIL POPOVICI BARCIANU\" SIBIU\tSibiu"}