{"specializari": {"MATEMATICA-INFORMATICA": 90, "STIINTE ALE NATURII": 94, "FILOLOGIE": 133, "STIINTE SOCIALE": 35}, "limba_moderna": {"LIMBA ENGLEZA": 330, "LIMBA GERMANA MODERNA": 8, "LIMBA FRANCEZA": 14}, "limba_materna": {"LIMBA MAGHIARA": 108, "LIMBA ROMANA": 244}, "promotie_anterioara": {"NU": 345, "DA": 7}, "materii": {"LIMBA ROMANA": {"medie": 7.750571428571425, "reusita": 97.44318181818183, "cnt": 352}, "BIOLOGIE VEGETALA SI ANIMALA": {"medie": 8.366666666666667, "reusita": 100.0, "cnt": 9}, "GENERAL": {"medie": 8.179751671442213, "reusita": 93.75, "cnt": 352}, "MATEMATICA ST-NAT": {"medie": 8.35322580645161, "reusita": 97.87234042553192, "cnt": 94}, "CHIMIE ORGANICA TEO NIVEL I/II": {"medie": 8.475925925925926, "reusita": 100.0, "cnt": 27}, "ISTORIE": {"medie": 7.855988023952092, "reusita": 99.40476190476191, "cnt": 168}, "LOGICA, ARGUMENTARE SI COMUNICARE": {"medie": 9.4375, "reusita": 100.0, "cnt": 40}, "MATEMATICA MATE-INFO": {"medie": 8.158426966292136, "reusita": 95.55555555555556, "cnt": 90}, "INFORMATICA MI C/C++": {"medie": 7.827868852459017, "reusita": 96.72131147540983, "cnt": 61}, "GEOGRAFIE": {"medie": 8.301724137931034, "reusita": 99.14529914529915, "cnt": 117}, "ANATOMIE SI FIZIOLOGIE UMANA, GENETICA SI ECOLOGIE UMANA": {"medie": 8.626543209876543, "reusita": 98.78048780487805, "cnt": 82}, "FIZICA TEO": {"medie": 7.725, "reusita": 100.0, "cnt": 4}, "SOCIOLOGIE": {"medie": 8.866666666666667, "reusita": 100.0, "cnt": 3}, "CHIMIE ANORGANICA TEO NIVEL I/II": {"medie": 5.8, "reusita": 100.0, "cnt": 1}, "PSIHOLOGIE": {"medie": 8.635714285714286, "reusita": 100.0, "cnt": 7}, "LIMBA MAGHIARA (REAL)": {"medie": 8.125, "reusita": 98.7012987012987, "cnt": 77}, "LIMBA MAGHIARA (UMAN)": {"medie": 8.579032258064515, "reusita": 100.0, "cnt": 31}, "FILOSOFIE": {"medie": 9.3, "reusita": 100.0, "cnt": 1}}, "nume": "COLEGIUL NATIONAL \"MIHAI EMINESCU\" ORADEA\tBihor"}