{"specializari": {"TEHNICIAN IN ACTIVITATI ECONOMICE": 65, "ORGANIZATOR BANQUETING": 94, "TEHNICIAN IN GASTRONOMIE": 109, "TEHNICIAN IN TURISM": 108, "TEHNICIAN IN ACTIVITATI DE COMERT": 71, "TEHNICIAN IN ACHIZITII SI CONTRACTARI": 1, "TEHNICIAN IN ADMINISTRATIE": 1}, "limba_moderna": {"LIMBA ENGLEZA": 406, "LIMBA FRANCEZA": 43}, "limba_materna": {"LIMBA ROMANA": 449}, "promotie_anterioara": {"NU": 340, "DA": 109}, "materii": {"LIMBA ROMANA": {"medie": 6.160592255125281, "reusita": 89.53229398663697, "cnt": 449}, "MATEMATICA TEHN": {"medie": 6.136155606407324, "reusita": 78.61915367483296, "cnt": 449}, "GENERAL": {"medie": 6.301546790409898, "reusita": 56.12472160356348, "cnt": 449}, "GEOGRAFIE": {"medie": 6.49556074766355, "reusita": 89.06605922551253, "cnt": 439}, "ECONOMIE": {"medie": 7.635, "reusita": 100.0, "cnt": 10}}, "nume": "COLEGIUL ECONOMIC \"VIILOR\"\tBucure\u0219ti"}