{"specializari": {"FILOLOGIE": 27, "INVATATOR - EDUCATOARE": 18, "MATEMATICA-INFORMATICA": 29, "STIINTE ALE NATURII": 30, "STIINTE SOCIALE": 26}, "limba_moderna": {"LIMBA ENGLEZA": 124, "LIMBA FRANCEZA": 5, "LIMBA GERMANA MODERNA": 1}, "limba_materna": {"LIMBA ROMANA": 130}, "promotie_anterioara": {"NU": 121, "DA": 9}, "materii": {"LIMBA ROMANA": {"medie": 8.152307692307698, "reusita": 100.0, "cnt": 130}, "GENERAL": {"medie": 8.137890625, "reusita": 90.0, "cnt": 130}, "MATEMATICA ST-NAT": {"medie": 7.2683333333333335, "reusita": 86.66666666666667, "cnt": 30}, "CHIMIE ORGANICA TEO NIVEL I/II": {"medie": 9.5, "reusita": 100.0, "cnt": 2}, "ISTORIE": {"medie": 7.924528301886793, "reusita": 96.22641509433963, "cnt": 53}, "LOGICA, ARGUMENTARE SI COMUNICARE": {"medie": 8.360000000000001, "reusita": 100.0, "cnt": 5}, "MATEMATICA MATE-INFO": {"medie": 8.989655172413793, "reusita": 100.0, "cnt": 29}, "INFORMATICA MI C/C++": {"medie": 8.475, "reusita": 100.0, "cnt": 6}, "GEOGRAFIE": {"medie": 8.015079365079362, "reusita": 96.92307692307692, "cnt": 65}, "ANATOMIE SI FIZIOLOGIE UMANA, GENETICA SI ECOLOGIE UMANA": {"medie": 8.51875, "reusita": 100.0, "cnt": 40}, "FIZICA TEO": {"medie": 9.490909090909092, "reusita": 100.0, "cnt": 11}, "MATEMATICA PED": {"medie": 6.669444444444445, "reusita": 88.88888888888889, "cnt": 18}, "PSIHOLOGIE": {"medie": 6.9, "reusita": 100.0, "cnt": 1}}, "nume": "COLEGIUL NATIONAL \"MIHAI VITEAZUL\" SFANTU GHEORGHE\tCovasna"}