{"specializari": {"TEOLOGIE MUSULMANA": 12, "MATEMATICA-INFORMATICA": 15, "FILOLOGIE": 18, "INVATATOR - EDUCATOARE": 19}, "limba_moderna": {"LIMBA ENGLEZA": 64}, "limba_materna": {"LIMBA TURCA": 12, "LIMBA ROMANA": 52}, "promotie_anterioara": {"DA": 11, "NU": 53}, "materii": {"LIMBA ROMANA": {"medie": 4.500847457627119, "reusita": 43.75, "cnt": 64}, "BIOLOGIE VEGETALA SI ANIMALA": {"medie": 2.9269230769230767, "reusita": 7.142857142857142, "cnt": 14}, "GENERAL": {"medie": 4.241594827586206, "reusita": 10.9375, "cnt": 64}, "ISTORIE": {"medie": 5.168518518518518, "reusita": 63.33333333333333, "cnt": 30}, "MATEMATICA MATE-INFO": {"medie": 2.5892857142857144, "reusita": 20.0, "cnt": 15}, "GEOGRAFIE": {"medie": 4.967499999999999, "reusita": 50.0, "cnt": 22}, "FIZICA TEO": {"medie": 6.35, "reusita": 100.0, "cnt": 1}, "MATEMATICA PED": {"medie": 2.935294117647058, "reusita": 15.789473684210526, "cnt": 19}, "PSIHOLOGIE": {"medie": 4.457142857142857, "reusita": 40.909090909090914, "cnt": 22}, "FILOSOFIE": {"medie": 1.6166666666666665, "reusita": 0.0, "cnt": 5}, "LIMBA TURCA": {"medie": 4.69, "reusita": 50.0, "cnt": 12}}, "nume": "COLEGIUL NATIONAL \"KEMAL ATATURK\" MEDGIDIA\tConstan\u021ba"}