{"specializari": {"MATEMATICA-INFORMATICA": 150, "FILOLOGIE": 31}, "limba_moderna": {"LIMBA ENGLEZA": 177, "LIMBA GERMANA MODERNA": 1, "LIMBA FRANCEZA": 3}, "limba_materna": {"LIMBA ROMANA": 181}, "promotie_anterioara": {"NU": 181}, "materii": {"LIMBA ROMANA": {"medie": 8.788121546961317, "reusita": 100.0, "cnt": 181}, "BIOLOGIE VEGETALA SI ANIMALA": {"medie": 8.494827586206899, "reusita": 100.0, "cnt": 29}, "GENERAL": {"medie": 8.853130755064454, "reusita": 100.0, "cnt": 181}, "CHIMIE ORGANICA TEO NIVEL I/II": {"medie": 8.244117647058825, "reusita": 100.0, "cnt": 17}, "ISTORIE": {"medie": 8.693548387096776, "reusita": 100.0, "cnt": 31}, "LOGICA, ARGUMENTARE SI COMUNICARE": {"medie": 9.5, "reusita": 100.0, "cnt": 1}, "MATEMATICA MATE-INFO": {"medie": 9.017666666666665, "reusita": 100.0, "cnt": 150}, "INFORMATICA MI C/C++": {"medie": 9.142424242424243, "reusita": 100.0, "cnt": 33}, "GEOGRAFIE": {"medie": 9.175, "reusita": 100.0, "cnt": 18}, "ANATOMIE SI FIZIOLOGIE UMANA, GENETICA SI ECOLOGIE UMANA": {"medie": 9.146875, "reusita": 100.0, "cnt": 16}, "FIZICA TEO": {"medie": 8.48157894736842, "reusita": 100.0, "cnt": 38}, "SOCIOLOGIE": {"medie": 10.0, "reusita": 100.0, "cnt": 1}, "CHIMIE ANORGANICA TEO NIVEL I/II": {"medie": 7.466666666666666, "reusita": 100.0, "cnt": 3}, "PSIHOLOGIE": {"medie": 9.02, "reusita": 100.0, "cnt": 5}, "ECONOMIE": {"medie": 9.125, "reusita": 100.0, "cnt": 6}, "INFORMATICA MI PASCAL": {"medie": 9.335714285714287, "reusita": 100.0, "cnt": 14}}, "nume": "COLEGIUL NATIONAL \"GRIGORE MOISIL\"\tBucure\u0219ti"}