{"specializari": {"STIINTE ALE NATURII": 111, "FILOLOGIE": 26, "STIINTE SOCIALE": 33, "MATEMATICA-INFORMATICA": 22}, "limba_moderna": {"LIMBA ENGLEZA": 173, "LIMBA FRANCEZA": 19}, "limba_materna": {"LIMBA ROMANA": 192}, "promotie_anterioara": {"NU": 151, "DA": 41}, "materii": {"LIMBA ROMANA": {"medie": 7.282984293193717, "reusita": 97.91666666666666, "cnt": 192}, "BIOLOGIE VEGETALA SI ANIMALA": {"medie": 6.2875, "reusita": 87.5, "cnt": 8}, "GENERAL": {"medie": 7.350877192982456, "reusita": 81.77083333333334, "cnt": 192}, "MATEMATICA ST-NAT": {"medie": 6.869819819819821, "reusita": 89.1891891891892, "cnt": 111}, "CHIMIE ORGANICA TEO NIVEL I/II": {"medie": 7.4821428571428585, "reusita": 92.85714285714286, "cnt": 14}, "ISTORIE": {"medie": 7.452542372881358, "reusita": 98.30508474576271, "cnt": 59}, "LOGICA, ARGUMENTARE SI COMUNICARE": {"medie": 8.45, "reusita": 100.0, "cnt": 6}, "MATEMATICA MATE-INFO": {"medie": 7.295454545454546, "reusita": 86.36363636363636, "cnt": 22}, "INFORMATICA MI C/C++": {"medie": 7.1, "reusita": 100.0, "cnt": 1}, "GEOGRAFIE": {"medie": 7.832894736842104, "reusita": 100.0, "cnt": 38}, "ANATOMIE SI FIZIOLOGIE UMANA, GENETICA SI ECOLOGIE UMANA": {"medie": 7.790624999999996, "reusita": 96.90721649484536, "cnt": 97}, "FIZICA TEO": {"medie": 7.05, "reusita": 100.0, "cnt": 1}, "SOCIOLOGIE": {"medie": 8.0375, "reusita": 100.0, "cnt": 12}, "CHIMIE ANORGANICA TEO NIVEL I/II": {"medie": 6.595833333333332, "reusita": 100.0, "cnt": 12}, "PSIHOLOGIE": {"medie": 3.0, "reusita": 0.0, "cnt": 1}, "ECONOMIE": {"medie": 7.1, "reusita": 100.0, "cnt": 1}, "FILOSOFIE": {"medie": 9.4, "reusita": 100.0, "cnt": 1}}, "nume": "COLEGIUL NATIONAL \"VICTOR BABES\"\tBucure\u0219ti"}