{"specializari": {"INVATATOR - EDUCATOARE": 31, "FILOLOGIE": 66, "STIINTE SOCIALE": 33, "STIINTE ALE NATURII": 25, "TEHNICIAN IN ACTIVITATI DE COMERT": 1, "MATEMATICA-INFORMATICA": 1}, "limba_moderna": {"LIMBA ENGLEZA": 111, "LIMBA FRANCEZA": 41, "LIMBA GERMANA MODERNA": 5}, "limba_materna": {"LIMBA ROMANA": 157}, "promotie_anterioara": {"NU": 148, "DA": 9}, "materii": {"LIMBA ROMANA": {"medie": 6.519745222929937, "reusita": 94.26751592356688, "cnt": 157}, "MATEMATICA TEHN": {"medie": 5.0, "reusita": 100.0, "cnt": 1}, "BIOLOGIE VEGETALA SI ANIMALA": {"medie": 7.3500000000000005, "reusita": 94.44444444444444, "cnt": 18}, "GENERAL": {"medie": 7.2851495726495745, "reusita": 81.52866242038218, "cnt": 157}, "MATEMATICA ST-NAT": {"medie": 6.317999999999999, "reusita": 88.0, "cnt": 25}, "INFORMATICA SN C/C++": {"medie": 8.4375, "reusita": 100.0, "cnt": 4}, "ISTORIE": {"medie": 6.647979797979798, "reusita": 92.92929292929293, "cnt": 99}, "LOGICA, ARGUMENTARE SI COMUNICARE": {"medie": 8.620901639344257, "reusita": 97.54098360655738, "cnt": 122}, "MATEMATICA MATE-INFO": {"medie": 2.0, "reusita": 0.0, "cnt": 1}, "GEOGRAFIE": {"medie": 8.505555555555556, "reusita": 100.0, "cnt": 9}, "ANATOMIE SI FIZIOLOGIE UMANA, GENETICA SI ECOLOGIE UMANA": {"medie": 4.925, "reusita": 50.0, "cnt": 2}, "FIZICA TEO": {"medie": 8.5, "reusita": 100.0, "cnt": 2}, "MATEMATICA PED": {"medie": 8.383870967741935, "reusita": 96.7741935483871, "cnt": 31}}, "nume": "COLEGIUL NATIONAL PEDAGOGIC \"CAROL I\" CAMPULUNG\tArge\u0219"}