{"specializari": {"TEHNICIAN IN ACTIVITATI DE COMERT": 55, "TEHNICIAN ECOLOG SI PROTECTIA CALITATII MEDIULUI": 28, "TEHNICIAN OPERATOR TEHNICA DE CALCUL": 31, "TEHNICIAN DESIGNER VESTIMENTAR": 63, "TEHNICIAN IN ACTIVITATI ECONOMICE": 1, "TEHNICIAN IN INDUSTRIA TEXTILA": 2}, "limba_moderna": {"LIMBA ENGLEZA": 142, "LIMBA FRANCEZA": 38}, "limba_materna": {"LIMBA ROMANA": 180}, "promotie_anterioara": {"NU": 130, "DA": 50}, "materii": {"LIMBA ROMANA": {"medie": 6.070505617977525, "reusita": 87.22222222222223, "cnt": 180}, "MATEMATICA TEHN": {"medie": 5.8553370786516865, "reusita": 73.88888888888889, "cnt": 180}, "BIOLOGIE VEGETALA SI ANIMALA": {"medie": 5.493564356435644, "reusita": 60.57692307692307, "cnt": 104}, "GENERAL": {"medie": 5.957954545454545, "reusita": 48.888888888888886, "cnt": 180}, "GEOGRAFIE": {"medie": 6.690566037735847, "reusita": 85.18518518518519, "cnt": 54}, "ANATOMIE SI FIZIOLOGIE UMANA, GENETICA SI ECOLOGIE UMANA": {"medie": 5.955555555555557, "reusita": 66.66666666666666, "cnt": 9}, "FIZICA TEH": {"medie": 5.9, "reusita": 100.0, "cnt": 1}, "ECONOMIE": {"medie": 5.6, "reusita": 100.0, "cnt": 2}, "CHIMIE ANORGANICA TEH NIVEL I/II": {"medie": 6.304999999999999, "reusita": 80.0, "cnt": 10}}, "nume": "COLEGIUL TEHNIC \"ARMAND CALINESCU\"\tArge\u0219"}