{"specializari": {"TEHNICIAN IN AUTOMATIZARI": 31, "TEHNICIAN DE TELECOMUNICATII": 26, "TEHNICIAN ELECTROTEHNIST": 14, "TEHNICIAN ELECTROMECANIC": 26, "TEHNICIAN ENERGETICIAN": 24, "TEHNICIAN IN INSTALATII ELECTRICE": 23}, "limba_moderna": {"LIMBA ENGLEZA": 137, "LIMBA FRANCEZA": 2, "LIMBA GERMANA MODERNA": 5}, "limba_materna": {"LIMBA ROMANA": 144}, "promotie_anterioara": {"NU": 116, "DA": 28}, "materii": {"LIMBA ROMANA": {"medie": 6.19609929078014, "reusita": 89.58333333333334, "cnt": 144}, "MATEMATICA TEHN": {"medie": 6.97, "reusita": 90.27777777777779, "cnt": 144}, "BIOLOGIE VEGETALA SI ANIMALA": {"medie": 5.907563025210084, "reusita": 70.96774193548387, "cnt": 124}, "GENERAL": {"medie": 6.346618357487919, "reusita": 56.94444444444444, "cnt": 144}, "FIZICA TEH": {"medie": 5.080769230769231, "reusita": 53.84615384615385, "cnt": 13}, "CHIMIE ANORGANICA TEH NIVEL I/II": {"medie": 5.892857142857143, "reusita": 85.71428571428571, "cnt": 7}}, "nume": "COLEGIUL TEHNIC ENERGETIC SIBIU\tSibiu"}