{"specializari": {"TEHNICIAN IN CONSTRUCTII SI LUCRARI PUBLICE": 2, "TEHNICIAN PROIECTANT CAD": 23, "TEHNICIAN DESENATOR PENTRU CONSTRUCTII SI INSTALATII": 13, "TEHNICIAN MECANIC PENTRU INTRETINERE SI REPARATII": 7, "TEHNICIAN IN ADMINISTRATIE": 34, "TEHNICIAN MECATRONIST": 18}, "limba_moderna": {"LIMBA ENGLEZA": 94, "LIMBA FRANCEZA": 3}, "limba_materna": {"LIMBA ROMANA": 97}, "promotie_anterioara": {"DA": 29, "NU": 68}, "materii": {"LIMBA ROMANA": {"medie": 5.397894736842105, "reusita": 76.28865979381443, "cnt": 97}, "MATEMATICA TEHN": {"medie": 3.956043956043956, "reusita": 35.051546391752574, "cnt": 97}, "BIOLOGIE VEGETALA SI ANIMALA": {"medie": 3.9533333333333323, "reusita": 30.0, "cnt": 50}, "GENERAL": {"medie": 4.68995983935743, "reusita": 12.371134020618557, "cnt": 97}, "GEOGRAFIE": {"medie": 6.1125000000000025, "reusita": 75.0, "cnt": 20}, "FIZICA TEH": {"medie": 3.9222222222222225, "reusita": 27.27272727272727, "cnt": 11}, "ECONOMIE": {"medie": 3.5269230769230764, "reusita": 28.57142857142857, "cnt": 14}, "CHIMIE ANORGANICA TEH NIVEL I/II": {"medie": 4.9, "reusita": 50.0, "cnt": 2}}, "nume": "COLEGIUL TEHNIC \"MIRCEA CEL BATRAN\"\tBucure\u0219ti"}