{"specializari": {"STIINTE ALE NATURII": 90, "MATEMATICA-INFORMATICA": 55, "FILOLOGIE": 56, "STIINTE SOCIALE": 59}, "limba_moderna": {"LIMBA FRANCEZA": 87, "LIMBA ENGLEZA": 172, "LIMBA GERMANA MODERNA": 1}, "limba_materna": {"LIMBA ROMANA": 260}, "promotie_anterioara": {"NU": 256, "DA": 4}, "materii": {"LIMBA ROMANA": {"medie": 7.725961538461535, "reusita": 98.07692307692307, "cnt": 260}, "GENERAL": {"medie": 8.332754182754181, "reusita": 96.53846153846153, "cnt": 260}, "MATEMATICA ST-NAT": {"medie": 8.616666666666665, "reusita": 97.77777777777777, "cnt": 90}, "CHIMIE ORGANICA TEO NIVEL I/II": {"medie": 7.916666666666669, "reusita": 100.0, "cnt": 24}, "INFORMATICA SN C/C++": {"medie": 9.075, "reusita": 100.0, "cnt": 2}, "ISTORIE": {"medie": 8.100000000000001, "reusita": 100.0, "cnt": 115}, "LOGICA, ARGUMENTARE SI COMUNICARE": {"medie": 8.705238095238093, "reusita": 99.04761904761905, "cnt": 105}, "MATEMATICA MATE-INFO": {"medie": 9.249999999999998, "reusita": 100.0, "cnt": 55}, "INFORMATICA MI C/C++": {"medie": 9.130555555555553, "reusita": 100.0, "cnt": 18}, "GEOGRAFIE": {"medie": 8.32, "reusita": 100.0, "cnt": 10}, "ANATOMIE SI FIZIOLOGIE UMANA, GENETICA SI ECOLOGIE UMANA": {"medie": 8.88977272727273, "reusita": 100.0, "cnt": 88}, "FIZICA TEO": {"medie": 9.012500000000001, "reusita": 100.0, "cnt": 12}, "CHIMIE ANORGANICA TEO NIVEL I/II": {"medie": 9.05, "reusita": 100.0, "cnt": 1}}, "nume": "COLEGIUL NATIONAL \"CUZA VODA\", MUN. HUSI\tVaslui"}