{"specializari": {"TEHNICIAN OPERATOR TEHNICA DE CALCUL": 58, "TEHNICIAN ELECTRONIST": 16, "TEHNICIAN IN AUTOMATIZARI": 20, "TEHNICIAN DE TELECOMUNICATII": 45}, "limba_moderna": {"LIMBA ENGLEZA": 119, "LIMBA FRANCEZA": 20}, "limba_materna": {"LIMBA ROMANA": 139}, "promotie_anterioara": {"NU": 107, "DA": 32}, "materii": {"LIMBA ROMANA": {"medie": 6.619064748201435, "reusita": 98.56115107913669, "cnt": 139}, "MATEMATICA TEHN": {"medie": 6.892805755395685, "reusita": 92.08633093525181, "cnt": 139}, "BIOLOGIE VEGETALA SI ANIMALA": {"medie": 5.7898437499999975, "reusita": 72.65625, "cnt": 128}, "GENERAL": {"medie": 6.462077294685989, "reusita": 61.87050359712231, "cnt": 139}, "FIZICA TEH": {"medie": 6.885, "reusita": 81.81818181818183, "cnt": 11}}, "nume": "COLEGIUL TEHNIC \"GEORGE BARITIU\" BAIA MARE\tMaramure\u0219"}