{"specializari": {"FILOLOGIE": 110, "MATEMATICA-INFORMATICA": 67, "STIINTE ALE NATURII": 31, "STIINTE SOCIALE": 36}, "limba_moderna": {"LIMBA ENGLEZA": 232, "LIMBA GERMANA MODERNA": 3, "LIMBA FRANCEZA": 9}, "limba_materna": {"LIMBA ROMANA": 244}, "promotie_anterioara": {"NU": 239, "DA": 5}, "materii": {"LIMBA ROMANA": {"medie": 6.901028806584361, "reusita": 93.85245901639344, "cnt": 244}, "BIOLOGIE VEGETALA SI ANIMALA": {"medie": 5.791176470588235, "reusita": 70.58823529411765, "cnt": 17}, "GENERAL": {"medie": 7.4599451303155035, "reusita": 81.55737704918032, "cnt": 244}, "MATEMATICA ST-NAT": {"medie": 5.203225806451612, "reusita": 58.06451612903226, "cnt": 31}, "CHIMIE ORGANICA TEO NIVEL I/II": {"medie": 8.114285714285712, "reusita": 85.71428571428571, "cnt": 7}, "ISTORIE": {"medie": 7.381034482758619, "reusita": 94.52054794520548, "cnt": 146}, "MATEMATICA MATE-INFO": {"medie": 8.489552238805969, "reusita": 100.0, "cnt": 67}, "INFORMATICA MI C/C++": {"medie": 8.049999999999999, "reusita": 100.0, "cnt": 3}, "GEOGRAFIE": {"medie": 8.356, "reusita": 97.02970297029702, "cnt": 101}, "ANATOMIE SI FIZIOLOGIE UMANA, GENETICA SI ECOLOGIE UMANA": {"medie": 7.423333333333334, "reusita": 100.0, "cnt": 15}, "FIZICA TEO": {"medie": 8.123214285714285, "reusita": 98.21428571428571, "cnt": 56}, "SOCIOLOGIE": {"medie": 8.470833333333331, "reusita": 95.83333333333334, "cnt": 24}, "PSIHOLOGIE": {"medie": 7.3199999999999985, "reusita": 80.0, "cnt": 5}, "ECONOMIE": {"medie": 8.8, "reusita": 100.0, "cnt": 15}, "FILOSOFIE": {"medie": 7.85, "reusita": 100.0, "cnt": 1}}, "nume": "COLEGIUL NATIONAL \"ION MAIORESCU\" GIURGIU\tGiurgiu"}