{"specializari": {"TEHNICIAN ANALIZE PRODUSE ALIMENTARE": 22, "STIINTE ALE NATURII": 34, "TEHNICIAN CHIMIST DE LABORATOR": 5, "TEHNICIAN IN AUTOMATIZARI": 6, "TEHNICIAN ECOLOG SI PROTECTIA CALITATII MEDIULUI": 39, "TEHNICIAN IN CHIMIE INDUSTRIALA": 2, "TEHNICIAN ELECTROMECANIC": 17}, "limba_moderna": {"LIMBA ENGLEZA": 125}, "limba_materna": {"LIMBA ROMANA": 125}, "promotie_anterioara": {"DA": 39, "NU": 86}, "materii": {"LIMBA ROMANA": {"medie": 6.196341463414631, "reusita": 92.80000000000001, "cnt": 125}, "MATEMATICA TEHN": {"medie": 5.0539772727272725, "reusita": 60.43956043956044, "cnt": 91}, "BIOLOGIE VEGETALA SI ANIMALA": {"medie": 5.280327868852459, "reusita": 59.375, "cnt": 64}, "GENERAL": {"medie": 5.643333333333332, "reusita": 40.8, "cnt": 125}, "MATEMATICA ST-NAT": {"medie": 5.1878787878787875, "reusita": 73.52941176470588, "cnt": 34}, "CHIMIE ORGANICA TEO NIVEL I/II": {"medie": 6.385, "reusita": 100.0, "cnt": 10}, "ANATOMIE SI FIZIOLOGIE UMANA, GENETICA SI ECOLOGIE UMANA": {"medie": 5.609999999999999, "reusita": 60.0, "cnt": 35}, "FIZICA TEO": {"medie": 5.25, "reusita": 100.0, "cnt": 1}, "FIZICA TEH": {"medie": 5.5, "reusita": 100.0, "cnt": 1}, "CHIMIE ANORGANICA TEH NIVEL I/II": {"medie": 3.0, "reusita": 0.0, "cnt": 1}, "CHIMIE ORGANICA TEH NIVEL I/II": {"medie": 6.765384615384614, "reusita": 100.0, "cnt": 13}}, "nume": "COLEGIUL TEHNIC \"COSTIN D. NENITESCU\"\tBucure\u0219ti"}