{"specializari": {"TEHNICIAN IN ADMINISTRATIE": 15, "COAFOR STILIST": 7, "TEHNICIAN IN ACTIVITATI ECONOMICE": 7, "TEHNICIAN IN TURISM": 16, "STIINTE SOCIALE": 7, "TEHNICIAN OPERATOR TEHNICA DE CALCUL": 5, "TEHNICIAN ECOLOG SI PROTECTIA CALITATII MEDIULUI": 4}, "limba_moderna": {"LIMBA ENGLEZA": 58, "LIMBA FRANCEZA": 3}, "limba_materna": {"LIMBA ROMANA": 61}, "promotie_anterioara": {"NU": 30, "DA": 31}, "materii": {"LIMBA ROMANA": {"medie": 5.746610169491523, "reusita": 80.32786885245902, "cnt": 61}, "MATEMATICA TEHN": {"medie": 6.137735849056604, "reusita": 77.77777777777779, "cnt": 54}, "BIOLOGIE VEGETALA SI ANIMALA": {"medie": 6.55, "reusita": 100.0, "cnt": 5}, "GENERAL": {"medie": 6.133898305084746, "reusita": 44.26229508196721, "cnt": 61}, "ISTORIE": {"medie": 5.857142857142857, "reusita": 71.42857142857143, "cnt": 7}, "LOGICA, ARGUMENTARE SI COMUNICARE": {"medie": 7.842857142857143, "reusita": 100.0, "cnt": 7}, "GEOGRAFIE": {"medie": 6.365555555555557, "reusita": 88.88888888888889, "cnt": 45}, "ANATOMIE SI FIZIOLOGIE UMANA, GENETICA SI ECOLOGIE UMANA": {"medie": 6.2125, "reusita": 100.0, "cnt": 4}}, "nume": "COLEGIUL TEHNIC \"TRANSILVANIA\" ORADEA\tBihor"}