{"specializari": {"STIINTE ALE NATURII": 87, "FILOLOGIE": 34, "MATEMATICA-INFORMATICA": 32, "STIINTE SOCIALE": 63}, "limba_moderna": {"LIMBA ENGLEZA": 215, "LIMBA GERMANA MODERNA": 1}, "limba_materna": {"LIMBA MAGHIARA": 60, "LIMBA ROMANA": 156}, "promotie_anterioara": {"NU": 216}, "materii": {"LIMBA ROMANA": {"medie": 8.345138888888888, "reusita": 99.53703703703704, "cnt": 216}, "BIOLOGIE VEGETALA SI ANIMALA": {"medie": 8.007142857142858, "reusita": 100.0, "cnt": 7}, "GENERAL": {"medie": 8.900752314814813, "reusita": 99.53703703703704, "cnt": 216}, "MATEMATICA ST-NAT": {"medie": 8.98333333333333, "reusita": 100.0, "cnt": 87}, "CHIMIE ORGANICA TEO NIVEL I/II": {"medie": 8.471428571428572, "reusita": 100.0, "cnt": 14}, "INFORMATICA SN C/C++": {"medie": 8.9, "reusita": 100.0, "cnt": 1}, "ISTORIE": {"medie": 9.14896907216495, "reusita": 100.0, "cnt": 97}, "LOGICA, ARGUMENTARE SI COMUNICARE": {"medie": 9.132352941176471, "reusita": 100.0, "cnt": 17}, "MATEMATICA MATE-INFO": {"medie": 9.821874999999997, "reusita": 100.0, "cnt": 32}, "INFORMATICA MI C/C++": {"medie": 9.409374999999999, "reusita": 100.0, "cnt": 16}, "GEOGRAFIE": {"medie": 8.846031746031745, "reusita": 100.0, "cnt": 63}, "ANATOMIE SI FIZIOLOGIE UMANA, GENETICA SI ECOLOGIE UMANA": {"medie": 9.52676056338028, "reusita": 100.0, "cnt": 71}, "FIZICA TEO": {"medie": 8.844999999999999, "reusita": 100.0, "cnt": 10}, "SOCIOLOGIE": {"medie": 9.6, "reusita": 100.0, "cnt": 12}, "PSIHOLOGIE": {"medie": 8.5875, "reusita": 100.0, "cnt": 4}, "ECONOMIE": {"medie": 9.05, "reusita": 100.0, "cnt": 1}, "LIMBA MAGHIARA (REAL)": {"medie": 8.706896551724139, "reusita": 100.0, "cnt": 29}, "LIMBA MAGHIARA (UMAN)": {"medie": 8.496774193548386, "reusita": 100.0, "cnt": 31}}, "nume": "COLEGIUL NATIONAL \"UNIREA\" TIRGU MURES\tMure\u0219"}