{"specializari": {"MATEMATICA-INFORMATICA": 72, "STIINTE ALE NATURII": 81, "FILOLOGIE": 36}, "limba_moderna": {"LIMBA FRANCEZA": 41, "LIMBA ENGLEZA": 148}, "limba_materna": {"LIMBA ROMANA": 189}, "promotie_anterioara": {"NU": 175, "DA": 14}, "materii": {"LIMBA ROMANA": {"medie": 7.402925531914898, "reusita": 98.94179894179894, "cnt": 189}, "BIOLOGIE VEGETALA SI ANIMALA": {"medie": 5.925, "reusita": 100.0, "cnt": 2}, "GENERAL": {"medie": 7.100089605734764, "reusita": 70.8994708994709, "cnt": 189}, "MATEMATICA ST-NAT": {"medie": 6.112658227848104, "reusita": 82.71604938271605, "cnt": 81}, "CHIMIE ORGANICA TEO NIVEL I/II": {"medie": 7.6499999999999995, "reusita": 100.0, "cnt": 2}, "INFORMATICA SN C/C++": {"medie": 6.2, "reusita": 100.0, "cnt": 1}, "ISTORIE": {"medie": 7.341428571428571, "reusita": 94.44444444444444, "cnt": 36}, "LOGICA, ARGUMENTARE SI COMUNICARE": {"medie": 7.995, "reusita": 90.0, "cnt": 10}, "MATEMATICA MATE-INFO": {"medie": 6.083333333333333, "reusita": 73.61111111111111, "cnt": 72}, "INFORMATICA MI C/C++": {"medie": 6.8128571428571405, "reusita": 85.71428571428571, "cnt": 35}, "GEOGRAFIE": {"medie": 7.857500000000002, "reusita": 95.23809523809523, "cnt": 21}, "ANATOMIE SI FIZIOLOGIE UMANA, GENETICA SI ECOLOGIE UMANA": {"medie": 7.780973451327433, "reusita": 98.23008849557522, "cnt": 113}, "PSIHOLOGIE": {"medie": 5.2, "reusita": 75.0, "cnt": 4}, "FILOSOFIE": {"medie": 9.1, "reusita": 100.0, "cnt": 1}}, "nume": "COLEGIUL NATIONAL DE INFORMATICA \"SPIRU HARET\" SUCEAVA\tSuceava"}