{"specializari": {"TEHNICIAN IN ACTIVITATI ECONOMICE": 55, "TEHNICIAN IN TURISM": 66, "TEHNICIAN ELECTROTEHNIST": 26, "TEHNICIAN PROIECTANT CAD": 12, "TEHNICIAN IN AUTOMATIZARI": 22, "TEHNICIAN IN INSTALATII ELECTRICE": 19, "TEHNICIAN ELECTROMECANIC": 1, "TEHNICIAN IN ACTIVITATI DE COMERT": 1}, "limba_moderna": {"LIMBA ENGLEZA": 176, "LIMBA GERMANA MODERNA": 10, "LIMBA FRANCEZA": 16}, "limba_materna": {"LIMBA ROMANA": 202}, "promotie_anterioara": {"NU": 158, "DA": 44}, "materii": {"LIMBA ROMANA": {"medie": 6.907653061224489, "reusita": 94.05940594059405, "cnt": 202}, "MATEMATICA TEHN": {"medie": 5.651025641025642, "reusita": 67.82178217821783, "cnt": 202}, "BIOLOGIE VEGETALA SI ANIMALA": {"medie": 4.545890410958904, "reusita": 47.43589743589743, "cnt": 78}, "GENERAL": {"medie": 6.254947916666669, "reusita": 51.98019801980198, "cnt": 202}, "GEOGRAFIE": {"medie": 7.2547619047619065, "reusita": 96.22641509433963, "cnt": 106}, "PSIHOLOGIE": {"medie": 4.73, "reusita": 50.0, "cnt": 6}, "ECONOMIE": {"medie": 6.7299999999999995, "reusita": 70.0, "cnt": 10}, "CHIMIE ANORGANICA TEH NIVEL I/II": {"medie": 5.85, "reusita": 50.0, "cnt": 2}}, "nume": "COLEGIUL TEHNIC \"EMANUIL UNGUREANU\" TIMISOARA\tTimi\u0219"}