{"specializari": {"MATEMATICA-INFORMATICA": 52, "TEHNICIAN ELECTRONIST": 13, "TEHNICIAN ELECTROMECANIC": 18, "TEHNICIAN MECANIC PENTRU INTRETINERE SI REPARATII": 16, "TEHNICIAN IN INSTALATII ELECTRICE": 22, "TEHNICIAN MECATRONIST": 10, "TEHNICIAN ELECTROTEHNIST": 3}, "limba_moderna": {"LIMBA ENGLEZA": 130, "LIMBA FRANCEZA": 4}, "limba_materna": {"LIMBA ROMANA": 134}, "promotie_anterioara": {"NU": 86, "DA": 48}, "materii": {"LIMBA ROMANA": {"medie": 5.664885496183208, "reusita": 85.82089552238806, "cnt": 134}, "MATEMATICA TEHN": {"medie": 5.075333333333334, "reusita": 59.756097560975604, "cnt": 82}, "BIOLOGIE VEGETALA SI ANIMALA": {"medie": 4.706666666666668, "reusita": 48.717948717948715, "cnt": 78}, "GENERAL": {"medie": 5.516137566137562, "reusita": 35.07462686567165, "cnt": 134}, "CHIMIE ORGANICA TEO NIVEL I/II": {"medie": 5.275, "reusita": 50.0, "cnt": 2}, "MATEMATICA MATE-INFO": {"medie": 5.846153846153848, "reusita": 82.6923076923077, "cnt": 52}, "ANATOMIE SI FIZIOLOGIE UMANA, GENETICA SI ECOLOGIE UMANA": {"medie": 6.764893617021277, "reusita": 93.61702127659575, "cnt": 47}, "FIZICA TEO": {"medie": 5.3, "reusita": 100.0, "cnt": 1}, "FIZICA TEH": {"medie": 6.1, "reusita": 100.0, "cnt": 2}, "CHIMIE ANORGANICA TEO NIVEL I/II": {"medie": 5.0, "reusita": 100.0, "cnt": 1}, "CHIMIE ANORGANICA TEH NIVEL I/II": {"medie": 2.4, "reusita": 0.0, "cnt": 1}, "CHIMIE ORGANICA TEH NIVEL I/II": {"medie": 5.325, "reusita": 100.0, "cnt": 2}}, "nume": "COLEGIUL TEHNIC ENERGETIC\tBucure\u0219ti"}