{"specializari": {"MATEMATICA-INFORMATICA": 289, "STIINTE ALE NATURII": 34}, "limba_moderna": {"LIMBA ENGLEZA": 303, "LIMBA FRANCEZA": 14, "LIMBA SPANIOLA": 4, "LIMBA GERMANA MODERNA": 2}, "limba_materna": {"LIMBA ROMANA": 323}, "promotie_anterioara": {"NU": 322, "DA": 1}, "materii": {"LIMBA ROMANA": {"medie": 8.933746130030961, "reusita": 100.0, "cnt": 323}, "BIOLOGIE VEGETALA SI ANIMALA": {"medie": 9.04565217391304, "reusita": 97.82608695652173, "cnt": 46}, "GENERAL": {"medie": 9.203869969040243, "reusita": 99.69040247678018, "cnt": 323}, "MATEMATICA ST-NAT": {"medie": 8.729411764705882, "reusita": 100.0, "cnt": 34}, "CHIMIE ORGANICA TEO NIVEL I/II": {"medie": 9.182417582417587, "reusita": 100.0, "cnt": 91}, "MATEMATICA MATE-INFO": {"medie": 9.57820069204152, "reusita": 100.0, "cnt": 289}, "INFORMATICA MI C/C++": {"medie": 8.957142857142857, "reusita": 100.0, "cnt": 35}, "ANATOMIE SI FIZIOLOGIE UMANA, GENETICA SI ECOLOGIE UMANA": {"medie": 9.080000000000002, "reusita": 100.0, "cnt": 20}, "FIZICA TEO": {"medie": 9.320703125000001, "reusita": 100.0, "cnt": 128}, "CHIMIE ANORGANICA TEO NIVEL I/II": {"medie": 9.4, "reusita": 100.0, "cnt": 3}}, "nume": "COLEGIUL NATIONAL \"MIHAI VITEAZUL\"\tBucure\u0219ti"}