{"specializari": {"MATEMATICA-INFORMATICA": 50, "STIINTE ALE NATURII": 54, "STIINTE SOCIALE": 35, "FILOLOGIE": 37}, "limba_moderna": {"LIMBA ENGLEZA": 168, "LIMBA FRANCEZA": 8}, "limba_materna": {"LIMBA ROMANA": 176}, "promotie_anterioara": {"NU": 171, "DA": 5}, "materii": {"LIMBA ROMANA": {"medie": 8.210795454545455, "reusita": 99.43181818181817, "cnt": 176}, "GENERAL": {"medie": 8.284943181818182, "reusita": 95.45454545454545, "cnt": 176}, "MATEMATICA ST-NAT": {"medie": 8.11574074074074, "reusita": 98.14814814814815, "cnt": 54}, "CHIMIE ORGANICA TEO NIVEL I/II": {"medie": 8.815000000000001, "reusita": 100.0, "cnt": 30}, "ISTORIE": {"medie": 7.635416666666665, "reusita": 100.0, "cnt": 72}, "LOGICA, ARGUMENTARE SI COMUNICARE": {"medie": 8.325000000000001, "reusita": 100.0, "cnt": 4}, "MATEMATICA MATE-INFO": {"medie": 8.819999999999999, "reusita": 100.0, "cnt": 50}, "INFORMATICA MI C/C++": {"medie": 8.882142857142856, "reusita": 100.0, "cnt": 14}, "GEOGRAFIE": {"medie": 8.68923076923077, "reusita": 100.0, "cnt": 65}, "ANATOMIE SI FIZIOLOGIE UMANA, GENETICA SI ECOLOGIE UMANA": {"medie": 8.37375, "reusita": 97.5, "cnt": 40}, "FIZICA TEO": {"medie": 7.910000000000001, "reusita": 100.0, "cnt": 20}, "PSIHOLOGIE": {"medie": 6.766666666666667, "reusita": 100.0, "cnt": 3}}, "nume": "COLEGIUL NATIONAL \"GR.MOISIL\" ONESTI\tBac\u0103u"}