{"specializari": {"ARTE PLASTICE SI DECORATIVE": 32, "ARHITECTURA, ARTE AMBIENTALE SI DESIGN": 27, "MUZICA": 33}, "limba_moderna": {"LIMBA ENGLEZA": 88, "LIMBA FRANCEZA": 4}, "limba_materna": {"LIMBA ROMANA": 92}, "promotie_anterioara": {"NU": 89, "DA": 3}, "materii": {"LIMBA ROMANA": {"medie": 7.895652173913046, "reusita": 98.91304347826086, "cnt": 92}, "GENERAL": {"medie": 7.78296703296703, "reusita": 91.30434782608695, "cnt": 92}, "ISTORIE": {"medie": 7.382608695652177, "reusita": 100.0, "cnt": 92}, "LOGICA, ARGUMENTARE SI COMUNICARE": {"medie": 8.570588235294116, "reusita": 97.14285714285714, "cnt": 35}, "GEOGRAFIE": {"medie": 7.706944444444442, "reusita": 94.44444444444444, "cnt": 36}, "FILOSOFIE": {"medie": 7.666666666666668, "reusita": 100.0, "cnt": 21}}, "nume": "COLEGIUL DE ARTE BAIA MARE\tMaramure\u0219"}