{"specializari": {"ARHITECTURA, ARTE AMBIENTALE SI DESIGN": 30, "ARTE PLASTICE SI DECORATIVE": 31, "COREGRAFIE": 16, "MUZICA": 32}, "limba_moderna": {"LIMBA ENGLEZA": 108, "LIMBA FRANCEZA": 1}, "limba_materna": {"LIMBA ROMANA": 109}, "promotie_anterioara": {"NU": 104, "DA": 5}, "materii": {"LIMBA ROMANA": {"medie": 7.385779816513758, "reusita": 96.3302752293578, "cnt": 109}, "GENERAL": {"medie": 7.186544342507649, "reusita": 82.56880733944955, "cnt": 109}, "ISTORIE": {"medie": 6.304128440366974, "reusita": 91.74311926605505, "cnt": 109}, "LOGICA, ARGUMENTARE SI COMUNICARE": {"medie": 8.8, "reusita": 100.0, "cnt": 1}, "GEOGRAFIE": {"medie": 7.861111111111113, "reusita": 93.51851851851852, "cnt": 108}}, "nume": "COLEGIUL NATIONAL DE ARTE \"REGINA MARIA\" CONSTANTA\tConstan\u021ba"}