{"specializari": {"TEHNICIAN ELECTROMECANIC": 8, "TEHNICIAN ECOLOG SI PROTECTIA CALITATII MEDIULUI": 6, "TEHNICIAN IN TURISM": 20, "TEHNICIAN IN ACTIVITATI DE COMERT": 10, "TEHNICIAN IN ACTIVITATI ECONOMICE": 10, "TEHNICIAN DESIGNER MOBILA SI AMENAJARI INTERIOARE": 3, "TEHNICIAN PROIECTANT CAD": 1, "TEHNICIAN TRANSPORTURI": 8, "TEHNICIAN IN INDUSTRIA ALIMENTARA": 1}, "limba_moderna": {"LIMBA FRANCEZA": 14, "LIMBA ENGLEZA": 53}, "limba_materna": {"LIMBA ROMANA": 67}, "promotie_anterioara": {"NU": 61, "DA": 6}, "materii": {"LIMBA ROMANA": {"medie": 6.0343283582089535, "reusita": 86.56716417910447, "cnt": 67}, "MATEMATICA TEHN": {"medie": 4.8848484848484865, "reusita": 53.73134328358209, "cnt": 67}, "BIOLOGIE VEGETALA SI ANIMALA": {"medie": 4.172222222222222, "reusita": 33.33333333333333, "cnt": 18}, "GENERAL": {"medie": 5.520959595959598, "reusita": 40.298507462686565, "cnt": 67}, "GEOGRAFIE": {"medie": 6.624999999999999, "reusita": 85.71428571428571, "cnt": 35}, "ANATOMIE SI FIZIOLOGIE UMANA, GENETICA SI ECOLOGIE UMANA": {"medie": 6.3500000000000005, "reusita": 75.0, "cnt": 4}, "FIZICA TEH": {"medie": 4.09, "reusita": 40.0, "cnt": 5}, "PSIHOLOGIE": {"medie": 5.6, "reusita": 100.0, "cnt": 1}, "ECONOMIE": {"medie": 4.9625, "reusita": 75.0, "cnt": 4}}, "nume": "COLEGIUL TEHNIC \"PETRU MUSAT\" SUCEAVA\tSuceava"}