{"specializari": {"FILOLOGIE": 94, "MATEMATICA-INFORMATICA": 82}, "limba_moderna": {"LIMBA ENGLEZA": 174, "LIMBA FRANCEZA": 2}, "limba_materna": {"LIMBA ROMANA": 176}, "promotie_anterioara": {"NU": 175, "DA": 1}, "materii": {"LIMBA ROMANA": {"medie": 8.88494318181818, "reusita": 99.43181818181817, "cnt": 176}, "BIOLOGIE VEGETALA SI ANIMALA": {"medie": 8.6, "reusita": 100.0, "cnt": 1}, "GENERAL": {"medie": 9.060890151515153, "reusita": 99.43181818181817, "cnt": 176}, "CHIMIE ORGANICA TEO NIVEL I/II": {"medie": 8.7125, "reusita": 100.0, "cnt": 8}, "ISTORIE": {"medie": 9.194680851063831, "reusita": 100.0, "cnt": 94}, "LOGICA, ARGUMENTARE SI COMUNICARE": {"medie": 9.04761904761905, "reusita": 100.0, "cnt": 21}, "MATEMATICA MATE-INFO": {"medie": 9.507926829268294, "reusita": 100.0, "cnt": 82}, "INFORMATICA MI C/C++": {"medie": 9.320454545454545, "reusita": 100.0, "cnt": 44}, "GEOGRAFIE": {"medie": 9.528571428571428, "reusita": 100.0, "cnt": 14}, "ANATOMIE SI FIZIOLOGIE UMANA, GENETICA SI ECOLOGIE UMANA": {"medie": 9.363636363636365, "reusita": 100.0, "cnt": 11}, "FIZICA TEO": {"medie": 8.822222222222223, "reusita": 100.0, "cnt": 18}, "SOCIOLOGIE": {"medie": 8.413333333333334, "reusita": 100.0, "cnt": 45}, "PSIHOLOGIE": {"medie": 8.737499999999999, "reusita": 100.0, "cnt": 8}, "ECONOMIE": {"medie": 8.9875, "reusita": 100.0, "cnt": 4}, "FILOSOFIE": {"medie": 9.2, "reusita": 100.0, "cnt": 2}}, "nume": "COLEGIUL NATIONAL BILINGV \"GEORGE COSBUC\"\tBucure\u0219ti"}