{"specializari": {"TEHNICIAN PROIECTANT CAD": 12, "TEHNICIAN MECATRONIST": 12, "LICEU CU PROGRAM SPORTIV": 18, "TEHNICIAN MECANIC PENTRU INTRETINERE SI REPARATII": 6, "TEHNICIAN PRELUCRARI MECANICE": 1}, "limba_moderna": {"LIMBA ENGLEZA": 48, "LIMBA FRANCEZA": 1}, "limba_materna": {"LIMBA ROMANA": 49}, "promotie_anterioara": {"DA": 14, "NU": 35}, "materii": {"LIMBA ROMANA": {"medie": 5.298979591836734, "reusita": 73.46938775510205, "cnt": 49}, "MATEMATICA TEHN": {"medie": 5.0649999999999995, "reusita": 64.51612903225806, "cnt": 31}, "BIOLOGIE VEGETALA SI ANIMALA": {"medie": 4.161363636363636, "reusita": 34.78260869565217, "cnt": 23}, "GENERAL": {"medie": 5.364583333333333, "reusita": 36.734693877551024, "cnt": 49}, "ISTORIE": {"medie": 5.680555555555555, "reusita": 88.88888888888889, "cnt": 18}, "GEOGRAFIE": {"medie": 7.402777777777778, "reusita": 88.88888888888889, "cnt": 18}, "CHIMIE ANORGANICA TEH NIVEL I/II": {"medie": 4.63125, "reusita": 37.5, "cnt": 8}}, "nume": "COLEGIUL TEHNIC MECANIC \"GRIVITA\"\tBucure\u0219ti"}