{"specializari": {"TEHNICIAN IN TURISM": 24, "TEHNICIAN MECATRONIST": 19, "TEHNICIAN DESENATOR PENTRU CONSTRUCTII SI INSTALATII": 16, "TEHNICIAN ECOLOG SI PROTECTIA CALITATII MEDIULUI": 25, "TEHNICIAN OPERATOR TEHNICA DE CALCUL": 14, "TEHNICIAN PROIECTANT CAD": 6, "TEHNICIAN INSTALATOR PENTRU CONSTRUCTII": 1}, "limba_moderna": {"LIMBA FRANCEZA": 35, "LIMBA ENGLEZA": 70}, "limba_materna": {"LIMBA ROMANA": 105}, "promotie_anterioara": {"NU": 81, "DA": 24}, "materii": {"LIMBA ROMANA": {"medie": 5.492156862745097, "reusita": 68.57142857142857, "cnt": 105}, "MATEMATICA TEHN": {"medie": 4.68970588235294, "reusita": 55.23809523809524, "cnt": 105}, "BIOLOGIE VEGETALA SI ANIMALA": {"medie": 4.395270270270269, "reusita": 38.46153846153847, "cnt": 78}, "GENERAL": {"medie": 5.132323232323234, "reusita": 24.761904761904763, "cnt": 105}, "GEOGRAFIE": {"medie": 7.360416666666667, "reusita": 95.83333333333334, "cnt": 24}, "ANATOMIE SI FIZIOLOGIE UMANA, GENETICA SI ECOLOGIE UMANA": {"medie": 4.35, "reusita": 0.0, "cnt": 2}, "CHIMIE ORGANICA TEH NIVEL I/II": {"medie": 6.55, "reusita": 100.0, "cnt": 1}}, "nume": "COLEGIUL TEHNIC \"ION MINCU\" TG-JIU\tGorj"}