{"specializari": {"TEHNICIAN IN GASTRONOMIE": 29, "MATEMATICA-INFORMATICA": 20, "TEHNICIAN IN ACTIVITATI ECONOMICE": 35, "TEHNICIAN PROIECTANT CAD": 30, "TEHNICIAN IN INSTALATII ELECTRICE": 24, "TEHNICIAN IN PRELUCRAREA LEMNULUI": 17, "TEHNICIAN IN INDUSTRIA ALIMENTARA": 29, "TEHNICIAN DESIGNER MOBILA SI AMENAJARI INTERIOARE": 4, "TEHNICIAN DESENATOR PENTRU CONSTRUCTII SI INSTALATII": 1, "TEHNICIAN IN INDUSTRIA TEXTILA": 2, "TEHNICIAN IN SILVICULTURA SI EXPLOATARI FORESTIERE": 4, "TEHNICIAN IN ACTIVITATI DE COMERT": 2}, "limba_moderna": {"LIMBA ENGLEZA": 175, "LIMBA FRANCEZA": 22}, "limba_materna": {"LIMBA ROMANA": 197}, "promotie_anterioara": {"NU": 171, "DA": 26}, "materii": {"LIMBA ROMANA": {"medie": 5.538802083333336, "reusita": 69.54314720812182, "cnt": 197}, "MATEMATICA TEHN": {"medie": 5.938529411764706, "reusita": 76.27118644067797, "cnt": 177}, "BIOLOGIE VEGETALA SI ANIMALA": {"medie": 4.665972222222221, "reusita": 43.24324324324324, "cnt": 74}, "GENERAL": {"medie": 6.009057971014492, "reusita": 42.13197969543147, "cnt": 197}, "MATEMATICA MATE-INFO": {"medie": 6.775, "reusita": 90.0, "cnt": 20}, "GEOGRAFIE": {"medie": 7.8140625, "reusita": 95.45454545454545, "cnt": 66}, "ANATOMIE SI FIZIOLOGIE UMANA, GENETICA SI ECOLOGIE UMANA": {"medie": 6.887735849056602, "reusita": 98.11320754716981, "cnt": 53}, "FIZICA TEH": {"medie": 6.5, "reusita": 100.0, "cnt": 4}}, "nume": "COLEGIUL TEHNIC \"IOAN CIORDAS\"\tBihor"}