{"specializari": {"MATEMATICA-INFORMATICA": 84, "STIINTE ALE NATURII": 28, "STIINTE SOCIALE": 29, "FILOLOGIE": 29, "TEHNICIAN OPERATOR TEHNICA DE CALCUL": 1}, "limba_moderna": {"LIMBA ENGLEZA": 164, "LIMBA FRANCEZA": 7}, "limba_materna": {"LIMBA ROMANA": 171}, "promotie_anterioara": {"NU": 157, "DA": 14}, "materii": {"LIMBA ROMANA": {"medie": 8.220467836257308, "reusita": 100.0, "cnt": 171}, "MATEMATICA TEHN": {"medie": 5.0, "reusita": 100.0, "cnt": 1}, "BIOLOGIE VEGETALA SI ANIMALA": {"medie": 2.5, "reusita": 0.0, "cnt": 1}, "GENERAL": {"medie": 7.861111111111111, "reusita": 90.64327485380117, "cnt": 171}, "MATEMATICA ST-NAT": {"medie": 8.537500000000003, "reusita": 100.0, "cnt": 28}, "CHIMIE ORGANICA TEO NIVEL I/II": {"medie": 8.370000000000001, "reusita": 100.0, "cnt": 5}, "ISTORIE": {"medie": 6.515517241379308, "reusita": 98.27586206896551, "cnt": 58}, "LOGICA, ARGUMENTARE SI COMUNICARE": {"medie": 8.876086956521739, "reusita": 100.0, "cnt": 23}, "MATEMATICA MATE-INFO": {"medie": 7.598214285714286, "reusita": 92.85714285714286, "cnt": 84}, "INFORMATICA MI C/C++": {"medie": 7.079166666666666, "reusita": 100.0, "cnt": 12}, "GEOGRAFIE": {"medie": 8.07608695652174, "reusita": 100.0, "cnt": 23}, "ANATOMIE SI FIZIOLOGIE UMANA, GENETICA SI ECOLOGIE UMANA": {"medie": 7.838953488372097, "reusita": 94.18604651162791, "cnt": 86}, "FIZICA TEO": {"medie": 8.788888888888888, "reusita": 100.0, "cnt": 9}, "SOCIOLOGIE": {"medie": 8.3, "reusita": 100.0, "cnt": 5}, "PSIHOLOGIE": {"medie": 7.566666666666666, "reusita": 100.0, "cnt": 6}, "ECONOMIE": {"medie": 7.5, "reusita": 100.0, "cnt": 1}}, "nume": "COLEGIUL DOBROGEAN \"SPIRU HARET\" TULCEA\tTulcea"}