{"specializari": {"MATEMATICA-INFORMATICA": 57, "STIINTE ALE NATURII": 29, "FILOLOGIE": 63}, "limba_moderna": {"LIMBA ENGLEZA": 139, "LIMBA FRANCEZA": 10}, "limba_materna": {"LIMBA ROMANA": 149}, "promotie_anterioara": {"NU": 148, "DA": 1}, "materii": {"LIMBA ROMANA": {"medie": 8.495945945945943, "reusita": 99.32885906040269, "cnt": 149}, "GENERAL": {"medie": 8.585923423423418, "reusita": 96.64429530201343, "cnt": 149}, "MATEMATICA ST-NAT": {"medie": 8.537931034482758, "reusita": 100.0, "cnt": 29}, "CHIMIE ORGANICA TEO NIVEL I/II": {"medie": 8.2125, "reusita": 100.0, "cnt": 16}, "ISTORIE": {"medie": 7.846031746031747, "reusita": 96.82539682539682, "cnt": 63}, "LOGICA, ARGUMENTARE SI COMUNICARE": {"medie": 9.125, "reusita": 100.0, "cnt": 2}, "MATEMATICA MATE-INFO": {"medie": 9.282456140350877, "reusita": 100.0, "cnt": 57}, "GEOGRAFIE": {"medie": 8.850000000000001, "reusita": 100.0, "cnt": 39}, "ANATOMIE SI FIZIOLOGIE UMANA, GENETICA SI ECOLOGIE UMANA": {"medie": 8.781521739130433, "reusita": 100.0, "cnt": 46}, "FIZICA TEO": {"medie": 9.209999999999999, "reusita": 100.0, "cnt": 10}, "SOCIOLOGIE": {"medie": 8.709090909090909, "reusita": 100.0, "cnt": 11}, "PSIHOLOGIE": {"medie": 6.500000000000001, "reusita": 87.5, "cnt": 8}, "ECONOMIE": {"medie": 8.799999999999999, "reusita": 100.0, "cnt": 3}, "INFORMATICA MI PASCAL": {"medie": 9.346428571428572, "reusita": 100.0, "cnt": 14}}, "nume": "COLEGIUL NATIONAL \"MIHAI EMINESCU\" PETROSANI\tHunedoara"}