{"specializari": {"STIINTE SOCIALE": 64, "FILOLOGIE": 32, "STIINTE ALE NATURII": 41, "MATEMATICA-INFORMATICA": 16}, "limba_moderna": {"LIMBA ENGLEZA": 127, "LIMBA FRANCEZA": 26}, "limba_materna": {"LIMBA ROMANA": 153}, "promotie_anterioara": {"NU": 118, "DA": 35}, "materii": {"LIMBA ROMANA": {"medie": 6.581724137931034, "reusita": 88.23529411764706, "cnt": 153}, "BIOLOGIE VEGETALA SI ANIMALA": {"medie": 3.0, "reusita": 0.0, "cnt": 2}, "GENERAL": {"medie": 6.571561771561774, "reusita": 61.43790849673203, "cnt": 153}, "MATEMATICA ST-NAT": {"medie": 5.106944444444443, "reusita": 68.29268292682927, "cnt": 41}, "ISTORIE": {"medie": 6.543617021276596, "reusita": 95.83333333333334, "cnt": 96}, "LOGICA, ARGUMENTARE SI COMUNICARE": {"medie": 7.279310344827585, "reusita": 86.20689655172413, "cnt": 29}, "MATEMATICA MATE-INFO": {"medie": 5.446875, "reusita": 62.5, "cnt": 16}, "INFORMATICA MI C/C++": {"medie": 7.2124999999999995, "reusita": 100.0, "cnt": 4}, "GEOGRAFIE": {"medie": 7.342307692307693, "reusita": 92.6829268292683, "cnt": 41}, "ANATOMIE SI FIZIOLOGIE UMANA, GENETICA SI ECOLOGIE UMANA": {"medie": 6.602500000000001, "reusita": 81.3953488372093, "cnt": 43}, "FIZICA TEO": {"medie": 7.050000000000001, "reusita": 100.0, "cnt": 2}, "SOCIOLOGIE": {"medie": 7.438095238095237, "reusita": 90.9090909090909, "cnt": 22}, "CHIMIE ANORGANICA TEO NIVEL I/II": {"medie": 6.041666666666667, "reusita": 100.0, "cnt": 6}, "PSIHOLOGIE": {"medie": 6.75, "reusita": 100.0, "cnt": 4}}, "nume": "COLEGIUL \"HENRI COANDA\" BACAU\tBac\u0103u"}