{"specializari": {"MATEMATICA-INFORMATICA": 88, "STIINTE ALE NATURII": 33, "STIINTE SOCIALE": 39}, "limba_moderna": {"LIMBA ENGLEZA": 158, "LIMBA FRANCEZA": 2}, "limba_materna": {"LIMBA ROMANA": 160}, "promotie_anterioara": {"NU": 159, "DA": 1}, "materii": {"LIMBA ROMANA": {"medie": 8.324687499999998, "reusita": 100.0, "cnt": 160}, "BIOLOGIE VEGETALA SI ANIMALA": {"medie": 7.871875, "reusita": 93.75, "cnt": 32}, "GENERAL": {"medie": 8.178645833333334, "reusita": 96.25, "cnt": 160}, "MATEMATICA ST-NAT": {"medie": 7.487878787878789, "reusita": 100.0, "cnt": 33}, "CHIMIE ORGANICA TEO NIVEL I/II": {"medie": 7.321052631578948, "reusita": 100.0, "cnt": 38}, "INFORMATICA SN C/C++": {"medie": 9.25, "reusita": 100.0, "cnt": 1}, "ISTORIE": {"medie": 7.691025641025642, "reusita": 100.0, "cnt": 39}, "MATEMATICA MATE-INFO": {"medie": 8.586363636363641, "reusita": 98.86363636363636, "cnt": 88}, "INFORMATICA MI C/C++": {"medie": 7.981481481481482, "reusita": 100.0, "cnt": 27}, "GEOGRAFIE": {"medie": 8.447916666666666, "reusita": 100.0, "cnt": 24}, "ANATOMIE SI FIZIOLOGIE UMANA, GENETICA SI ECOLOGIE UMANA": {"medie": 9.036363636363637, "reusita": 100.0, "cnt": 22}, "FIZICA TEO": {"medie": 8.2, "reusita": 100.0, "cnt": 1}, "SOCIOLOGIE": {"medie": 8.318181818181818, "reusita": 100.0, "cnt": 11}, "ECONOMIE": {"medie": 8.450000000000001, "reusita": 100.0, "cnt": 3}, "FILOSOFIE": {"medie": 9.7, "reusita": 100.0, "cnt": 1}}, "nume": "COLEGIUL NATIONAL \"RADU NEGRU\" FAGARAS\tBra\u0219ov"}