{"specializari": {"TEHNICIAN IN ACTIVITATI ECONOMICE": 135, "TEHNICIAN IN ACTIVITATI DE COMERT": 25, "TEHNICIAN IN TURISM": 24, "TEHNICIAN IN GASTRONOMIE": 16, "ORGANIZATOR BANQUETING": 19, "TEHNICIAN IN ADMINISTRATIE": 1}, "limba_moderna": {"LIMBA ENGLEZA": 213, "LIMBA FRANCEZA": 3, "LIMBA GERMANA MODERNA": 4}, "limba_materna": {"LIMBA ROMANA": 220}, "promotie_anterioara": {"NU": 195, "DA": 25}, "materii": {"LIMBA ROMANA": {"medie": 6.959999999999995, "reusita": 95.45454545454545, "cnt": 220}, "MATEMATICA TEHN": {"medie": 7.619634703196345, "reusita": 94.54545454545455, "cnt": 220}, "GENERAL": {"medie": 7.459174311926608, "reusita": 83.63636363636363, "cnt": 220}, "LOGICA, ARGUMENTARE SI COMUNICARE": {"medie": 8.272314049586777, "reusita": 95.86776859504133, "cnt": 121}, "GEOGRAFIE": {"medie": 7.134374999999999, "reusita": 97.9381443298969, "cnt": 97}, "PSIHOLOGIE": {"medie": 5.2, "reusita": 100.0, "cnt": 1}, "ECONOMIE": {"medie": 9.5, "reusita": 100.0, "cnt": 1}}, "nume": "COLEGIUL ECONOMIC \"PARTENIE COSMA\" ORADEA\tBihor"}