{"specializari": {"MATEMATICA-INFORMATICA": 31, "TEOLOGIE REFORMATA": 32}, "limba_moderna": {"LIMBA ENGLEZA": 63}, "limba_materna": {"LIMBA MAGHIARA": 63}, "promotie_anterioara": {"NU": 61, "DA": 2}, "materii": {"LIMBA ROMANA": {"medie": 5.603968253968256, "reusita": 76.19047619047619, "cnt": 63}, "GENERAL": {"medie": 7.26825396825397, "reusita": 76.19047619047619, "cnt": 63}, "ISTORIE": {"medie": 6.5718749999999995, "reusita": 100.0, "cnt": 32}, "MATEMATICA MATE-INFO": {"medie": 8.225806451612902, "reusita": 100.0, "cnt": 31}, "GEOGRAFIE": {"medie": 8.0046875, "reusita": 100.0, "cnt": 32}, "ANATOMIE SI FIZIOLOGIE UMANA, GENETICA SI ECOLOGIE UMANA": {"medie": 7.970588235294118, "reusita": 100.0, "cnt": 17}, "FIZICA TEO": {"medie": 8.750000000000002, "reusita": 100.0, "cnt": 3}, "LIMBA MAGHIARA (REAL)": {"medie": 8.003968253968255, "reusita": 100.0, "cnt": 63}, "INFORMATICA MI PASCAL": {"medie": 8.281818181818183, "reusita": 100.0, "cnt": 11}}, "nume": "COLEGIUL REFORMAT \"BACZKAMADARASI KIS GERGELY\" ODORHEIU SECUIESC\tHarghita"}