{"specializari": {"FILOLOGIE": 68, "STIINTE SOCIALE": 34, "STIINTE ALE NATURII": 65, "MATEMATICA-INFORMATICA": 143}, "limba_moderna": {"LIMBA FRANCEZA": 33, "LIMBA ENGLEZA": 277}, "limba_materna": {"LIMBA ROMANA": 310}, "promotie_anterioara": {"NU": 309, "DA": 1}, "materii": {"LIMBA ROMANA": {"medie": 8.282419354838703, "reusita": 100.0, "cnt": 310}, "BIOLOGIE VEGETALA SI ANIMALA": {"medie": 8.821428571428571, "reusita": 97.14285714285714, "cnt": 35}, "GENERAL": {"medie": 8.671774193548393, "reusita": 99.03225806451613, "cnt": 310}, "MATEMATICA ST-NAT": {"medie": 8.709999999999996, "reusita": 98.46153846153847, "cnt": 65}, "CHIMIE ORGANICA TEO NIVEL I/II": {"medie": 8.616666666666667, "reusita": 100.0, "cnt": 36}, "ISTORIE": {"medie": 9.022058823529408, "reusita": 100.0, "cnt": 102}, "LOGICA, ARGUMENTARE SI COMUNICARE": {"medie": 9.475, "reusita": 100.0, "cnt": 4}, "MATEMATICA MATE-INFO": {"medie": 8.836363636363638, "reusita": 100.0, "cnt": 143}, "INFORMATICA MI C/C++": {"medie": 8.575000000000001, "reusita": 100.0, "cnt": 42}, "GEOGRAFIE": {"medie": 9.371052631578944, "reusita": 100.0, "cnt": 19}, "ANATOMIE SI FIZIOLOGIE UMANA, GENETICA SI ECOLOGIE UMANA": {"medie": 8.936764705882354, "reusita": 100.0, "cnt": 34}, "FIZICA TEO": {"medie": 8.910000000000002, "reusita": 100.0, "cnt": 55}, "SOCIOLOGIE": {"medie": 9.201587301587299, "reusita": 98.4126984126984, "cnt": 63}, "CHIMIE ANORGANICA TEO NIVEL I/II": {"medie": 7.333333333333333, "reusita": 100.0, "cnt": 6}, "PSIHOLOGIE": {"medie": 7.979999999999999, "reusita": 100.0, "cnt": 5}, "ECONOMIE": {"medie": 8.604545454545454, "reusita": 100.0, "cnt": 11}}, "nume": "COLEGIUL NATIONAL \"ZINCA GOLESCU\"\tArge\u0219"}