{"specializari": {"INVATATOR - EDUCATOARE": 31, "MATEMATICA-INFORMATICA": 57, "FILOLOGIE": 34, "STIINTE SOCIALE": 36, "STIINTE ALE NATURII": 32}, "limba_moderna": {"LIMBA ENGLEZA": 153, "LIMBA FRANCEZA": 35, "LIMBA GERMANA MODERNA": 2}, "limba_materna": {"LIMBA ROMANA": 190}, "promotie_anterioara": {"NU": 188, "DA": 2}, "materii": {"LIMBA ROMANA": {"medie": 8.585978835978835, "reusita": 99.47368421052632, "cnt": 190}, "BIOLOGIE VEGETALA SI ANIMALA": {"medie": 6.7, "reusita": 75.0, "cnt": 4}, "GENERAL": {"medie": 8.570017636684305, "reusita": 97.36842105263158, "cnt": 190}, "MATEMATICA ST-NAT": {"medie": 7.990625, "reusita": 100.0, "cnt": 32}, "CHIMIE ORGANICA TEO NIVEL I/II": {"medie": 9.776315789473685, "reusita": 100.0, "cnt": 19}, "ISTORIE": {"medie": 7.682608695652174, "reusita": 95.71428571428572, "cnt": 70}, "LOGICA, ARGUMENTARE SI COMUNICARE": {"medie": 9.453333333333335, "reusita": 100.0, "cnt": 15}, "MATEMATICA MATE-INFO": {"medie": 9.116666666666667, "reusita": 100.0, "cnt": 57}, "INFORMATICA MI C/C++": {"medie": 8.949999999999998, "reusita": 100.0, "cnt": 9}, "GEOGRAFIE": {"medie": 8.686029411764705, "reusita": 98.55072463768117, "cnt": 69}, "ANATOMIE SI FIZIOLOGIE UMANA, GENETICA SI ECOLOGIE UMANA": {"medie": 8.303448275862069, "reusita": 100.0, "cnt": 29}, "FIZICA TEO": {"medie": 8.695238095238095, "reusita": 100.0, "cnt": 21}, "MATEMATICA PED": {"medie": 8.867741935483872, "reusita": 100.0, "cnt": 31}, "SOCIOLOGIE": {"medie": 8.835714285714285, "reusita": 100.0, "cnt": 7}, "CHIMIE ANORGANICA TEO NIVEL I/II": {"medie": 7.95, "reusita": 100.0, "cnt": 2}, "PSIHOLOGIE": {"medie": 8.557142857142857, "reusita": 100.0, "cnt": 7}, "ECONOMIE": {"medie": 8.566666666666668, "reusita": 100.0, "cnt": 3}, "INFORMATICA MI PASCAL": {"medie": 8.760000000000002, "reusita": 100.0, "cnt": 5}}, "nume": "COLEGIUL NATIONAL DE INFORMATICA MATEI BASARAB, MUN. RM. VALCEA\tV\u00e2lcea"}