{"specializari": {"MATEMATICA-INFORMATICA": 31, "STIINTE ALE NATURII": 32, "FILOLOGIE": 78, "TEHNICIAN IN SILVICULTURA SI EXPLOATARI FORESTIERE": 1}, "limba_moderna": {"LIMBA ENGLEZA": 142}, "limba_materna": {"LIMBA ROMANA": 142}, "promotie_anterioara": {"NU": 135, "DA": 7}, "materii": {"LIMBA ROMANA": {"medie": 6.804379562043797, "reusita": 83.80281690140845, "cnt": 142}, "MATEMATICA TEHN": {"medie": 5.0, "reusita": 100.0, "cnt": 1}, "BIOLOGIE VEGETALA SI ANIMALA": {"medie": 9.4, "reusita": 66.66666666666666, "cnt": 3}, "GENERAL": {"medie": 7.461313868613144, "reusita": 79.5774647887324, "cnt": 142}, "MATEMATICA ST-NAT": {"medie": 6.784374999999999, "reusita": 93.75, "cnt": 32}, "ISTORIE": {"medie": 7.1433333333333335, "reusita": 94.87179487179486, "cnt": 78}, "MATEMATICA MATE-INFO": {"medie": 8.343333333333332, "reusita": 96.7741935483871, "cnt": 31}, "INFORMATICA MI C/C++": {"medie": 7.2875000000000005, "reusita": 100.0, "cnt": 4}, "GEOGRAFIE": {"medie": 8.084000000000001, "reusita": 92.3076923076923, "cnt": 78}, "ANATOMIE SI FIZIOLOGIE UMANA, GENETICA SI ECOLOGIE UMANA": {"medie": 8.507017543859648, "reusita": 100.0, "cnt": 57}}, "nume": "COLEGIUL NATIONAL \"OCTAVIAN GOGA\" MARGHITA\tBihor"}