{"specializari": {"STIINTE ALE NATURII": 57, "MATEMATICA-INFORMATICA": 16, "TEHNICIAN TRANSPORTURI": 74, "FILOLOGIE": 96, "TEHNICIAN IN INDUSTRIA TEXTILA": 27, "TEHNICIAN MECATRONIST": 6, "LICEU CU PROGRAM SPORTIV": 1}, "limba_moderna": {"LIMBA ENGLEZA": 230, "LIMBA FRANCEZA": 47}, "limba_materna": {"LIMBA ROMANA": 262, "LIMBA UCRAINEANA": 15}, "promotie_anterioara": {"NU": 250, "DA": 27}, "materii": {"LIMBA ROMANA": {"medie": 6.173242187499999, "reusita": 73.28519855595668, "cnt": 277}, "MATEMATICA TEHN": {"medie": 3.8199999999999994, "reusita": 34.57943925233645, "cnt": 107}, "BIOLOGIE VEGETALA SI ANIMALA": {"medie": 3.5428571428571436, "reusita": 20.0, "cnt": 95}, "GENERAL": {"medie": 6.1066899070385094, "reusita": 51.624548736462096, "cnt": 277}, "MATEMATICA ST-NAT": {"medie": 6.941964285714285, "reusita": 87.71929824561403, "cnt": 57}, "CHIMIE ORGANICA TEO NIVEL I/II": {"medie": 7.832142857142856, "reusita": 100.0, "cnt": 14}, "ISTORIE": {"medie": 6.076344086021504, "reusita": 87.62886597938144, "cnt": 97}, "LOGICA, ARGUMENTARE SI COMUNICARE": {"medie": 8.272881355932205, "reusita": 93.22033898305084, "cnt": 59}, "MATEMATICA MATE-INFO": {"medie": 9.5375, "reusita": 100.0, "cnt": 16}, "INFORMATICA MI C/C++": {"medie": 8.816666666666668, "reusita": 100.0, "cnt": 3}, "GEOGRAFIE": {"medie": 6.995588235294115, "reusita": 81.57894736842105, "cnt": 38}, "ANATOMIE SI FIZIOLOGIE UMANA, GENETICA SI ECOLOGIE UMANA": {"medie": 7.3076923076923075, "reusita": 90.56603773584906, "cnt": 53}, "FIZICA TEO": {"medie": 9.433333333333334, "reusita": 100.0, "cnt": 3}, "FIZICA TEH": {"medie": 3.5999999999999996, "reusita": 20.0, "cnt": 10}, "LIMBA UCRAINEANA": {"medie": 7.439999999999999, "reusita": 93.33333333333333, "cnt": 15}, "CHIMIE ORGANICA TEH NIVEL I/II": {"medie": 4.2, "reusita": 50.0, "cnt": 2}}, "nume": "COLEGIUL TEHNIC \"LATCU VODA\" SIRET\tSuceava"}