{"specializari": {"TEHNICIAN PROIECTANT CAD": 23, "TEHNICIAN IN ACTIVITATI ECONOMICE": 58, "TEHNICIAN ECOLOG SI PROTECTIA CALITATII MEDIULUI": 44, "MATEMATICA-INFORMATICA": 16, "TEHNICIAN DESENATOR PENTRU CONSTRUCTII SI INSTALATII": 17, "TEHNICIAN IN CONSTRUCTII SI LUCRARI PUBLICE": 20, "TEHNICIAN OPERATOR TEHNICA DE CALCUL": 26, "TEHNICIAN IN INSTALATII ELECTRICE": 4, "TEHNICIAN INSTALATOR PENTRU CONSTRUCTII": 1}, "limba_moderna": {"LIMBA ENGLEZA": 202, "LIMBA FRANCEZA": 7}, "limba_materna": {"LIMBA ROMANA": 209}, "promotie_anterioara": {"NU": 182, "DA": 27}, "materii": {"LIMBA ROMANA": {"medie": 6.650487804878049, "reusita": 91.86602870813397, "cnt": 209}, "MATEMATICA TEHN": {"medie": 6.792857142857144, "reusita": 82.90155440414507, "cnt": 193}, "BIOLOGIE VEGETALA SI ANIMALA": {"medie": 5.19090909090909, "reusita": 54.285714285714285, "cnt": 35}, "GENERAL": {"medie": 6.733415435139571, "reusita": 67.94258373205741, "cnt": 209}, "CHIMIE ORGANICA TEO NIVEL I/II": {"medie": 6.8, "reusita": 100.0, "cnt": 1}, "MATEMATICA MATE-INFO": {"medie": 7.759375, "reusita": 100.0, "cnt": 16}, "INFORMATICA MI C/C++": {"medie": 7.479166666666665, "reusita": 100.0, "cnt": 12}, "GEOGRAFIE": {"medie": 7.3706896551724155, "reusita": 96.55172413793103, "cnt": 58}, "ANATOMIE SI FIZIOLOGIE UMANA, GENETICA SI ECOLOGIE UMANA": {"medie": 7.442592592592594, "reusita": 92.5925925925926, "cnt": 27}, "FIZICA TEH": {"medie": 6.082142857142857, "reusita": 100.0, "cnt": 14}, "CHIMIE ANORGANICA TEH NIVEL I/II": {"medie": 5.950000000000001, "reusita": 89.1891891891892, "cnt": 37}, "CHIMIE ORGANICA TEH NIVEL I/II": {"medie": 6.672000000000001, "reusita": 92.0, "cnt": 25}}, "nume": "COLEGIUL TEHNIC \"GHEORGHE ASACHI\" ONESTI\tBac\u0103u"}