{"specializari": {"FILOLOGIE": 40, "MATEMATICA-INFORMATICA": 28, "STIINTE ALE NATURII": 20}, "limba_moderna": {"LIMBA ENGLEZA": 81, "LIMBA FRANCEZA": 7}, "limba_materna": {"LIMBA ROMANA": 82, "LIMBA GERMANA": 6}, "promotie_anterioara": {"NU": 74, "DA": 14}, "materii": {"LIMBA ROMANA": {"medie": 6.581818181818182, "reusita": 94.31818181818183, "cnt": 88}, "BIOLOGIE VEGETALA SI ANIMALA": {"medie": 6.316666666666666, "reusita": 83.33333333333334, "cnt": 18}, "GENERAL": {"medie": 6.55071022727273, "reusita": 61.36363636363637, "cnt": 88}, "MATEMATICA ST-NAT": {"medie": 5.805000000000001, "reusita": 80.0, "cnt": 20}, "CHIMIE ORGANICA TEO NIVEL I/II": {"medie": 10.0, "reusita": 100.0, "cnt": 1}, "ISTORIE": {"medie": 6.8125, "reusita": 100.0, "cnt": 40}, "MATEMATICA MATE-INFO": {"medie": 6.2250000000000005, "reusita": 78.57142857142857, "cnt": 28}, "INFORMATICA MI C/C++": {"medie": 5.77608695652174, "reusita": 73.91304347826086, "cnt": 23}, "GEOGRAFIE": {"medie": 7.210606060606061, "reusita": 96.96969696969697, "cnt": 33}, "ANATOMIE SI FIZIOLOGIE UMANA, GENETICA SI ECOLOGIE UMANA": {"medie": 7.283333333333332, "reusita": 100.0, "cnt": 6}, "SOCIOLOGIE": {"medie": 6.659999999999999, "reusita": 100.0, "cnt": 5}, "LIMBA GERMANA": {"medie": 7.408333333333334, "reusita": 100.0, "cnt": 6}, "PSIHOLOGIE": {"medie": 6.75, "reusita": 100.0, "cnt": 2}}, "nume": "COLEGIUL NATIONAL \"DIACONOVICI TIETZ\" RESITA\tCara\u0219-Severin"}