{"specializari": {"TEHNICIAN ECOLOG SI PROTECTIA CALITATII MEDIULUI": 8, "ORGANIZATOR BANQUETING": 26, "TEHNICIAN TRANSPORTURI": 10, "TEHNICIAN DESENATOR PENTRU CONSTRUCTII SI INSTALATII": 12, "TEHNICIAN ELECTROMECANIC": 1, "TEHNICIAN IN ACTIVITATI ECONOMICE": 1, "TEHNICIAN IN TURISM": 1}, "limba_moderna": {"LIMBA ENGLEZA": 46, "LIMBA FRANCEZA": 13}, "limba_materna": {"LIMBA ROMANA": 59}, "promotie_anterioara": {"NU": 46, "DA": 13}, "materii": {"LIMBA ROMANA": {"medie": 6.090178571428569, "reusita": 88.13559322033898, "cnt": 59}, "MATEMATICA TEHN": {"medie": 6.636842105263159, "reusita": 84.7457627118644, "cnt": 59}, "BIOLOGIE VEGETALA SI ANIMALA": {"medie": 5.651851851851853, "reusita": 58.620689655172406, "cnt": 29}, "GENERAL": {"medie": 6.354545454545454, "reusita": 59.32203389830508, "cnt": 59}, "GEOGRAFIE": {"medie": 6.826000000000001, "reusita": 100.0, "cnt": 25}, "ANATOMIE SI FIZIOLOGIE UMANA, GENETICA SI ECOLOGIE UMANA": {"medie": 5.5, "reusita": 100.0, "cnt": 1}, "PSIHOLOGIE": {"medie": 5.925000000000001, "reusita": 33.33333333333333, "cnt": 3}, "CHIMIE ANORGANICA TEH NIVEL I/II": {"medie": 5.0, "reusita": 100.0, "cnt": 1}}, "nume": "COLEGIUL TEHNIC \"DR. IOAN RATIU\" TURDA\tCluj"}