{"specializari": {"MATEMATICA-INFORMATICA": 116, "FILOLOGIE": 33, "STIINTE ALE NATURII": 63, "STIINTE SOCIALE": 34}, "limba_moderna": {"LIMBA ENGLEZA": 242, "LIMBA GERMANA MODERNA": 4}, "limba_materna": {"LIMBA ROMANA": 246}, "promotie_anterioara": {"NU": 242, "DA": 4}, "materii": {"LIMBA ROMANA": {"medie": 8.86959183673469, "reusita": 99.1869918699187, "cnt": 246}, "BIOLOGIE VEGETALA SI ANIMALA": {"medie": 8.470192307692308, "reusita": 96.29629629629629, "cnt": 54}, "GENERAL": {"medie": 8.760314207650277, "reusita": 97.15447154471545, "cnt": 246}, "MATEMATICA ST-NAT": {"medie": 8.185714285714287, "reusita": 98.4126984126984, "cnt": 63}, "CHIMIE ORGANICA TEO NIVEL I/II": {"medie": 8.92, "reusita": 100.0, "cnt": 5}, "ISTORIE": {"medie": 8.512686567164177, "reusita": 100.0, "cnt": 67}, "LOGICA, ARGUMENTARE SI COMUNICARE": {"medie": 9.225, "reusita": 100.0, "cnt": 2}, "MATEMATICA MATE-INFO": {"medie": 8.87086956521739, "reusita": 98.27586206896551, "cnt": 116}, "INFORMATICA MI C/C++": {"medie": 8.507692307692308, "reusita": 100.0, "cnt": 26}, "GEOGRAFIE": {"medie": 9.489999999999998, "reusita": 100.0, "cnt": 5}, "ANATOMIE SI FIZIOLOGIE UMANA, GENETICA SI ECOLOGIE UMANA": {"medie": 9.05056179775281, "reusita": 100.0, "cnt": 89}, "FIZICA TEO": {"medie": 8.74, "reusita": 100.0, "cnt": 5}, "SOCIOLOGIE": {"medie": 8.714406779661015, "reusita": 100.0, "cnt": 59}, "FILOSOFIE": {"medie": 9.2, "reusita": 100.0, "cnt": 1}}, "nume": "COLEGIUL NATIONAL \"CONSTANTIN DIACONOVICI LOGA\" TIMISOARA\tTimi\u0219"}