{"specializari": {"MATEMATICA-INFORMATICA": 50, "TEHNICIAN IN TURISM": 25, "FILOLOGIE": 30, "ORGANIZATOR BANQUETING": 21, "TEHNICIAN IN ACTIVITATI ECONOMICE": 1, "TEHNICIAN MECANIC PENTRU INTRETINERE SI REPARATII": 2}, "limba_moderna": {"LIMBA ENGLEZA": 113, "LIMBA FRANCEZA": 16}, "limba_materna": {"LIMBA ROMANA": 129}, "promotie_anterioara": {"NU": 113, "DA": 16}, "materii": {"LIMBA ROMANA": {"medie": 7.30314960629921, "reusita": 95.34883720930233, "cnt": 129}, "MATEMATICA TEHN": {"medie": 5.808510638297872, "reusita": 63.26530612244898, "cnt": 49}, "BIOLOGIE VEGETALA SI ANIMALA": {"medie": 7.721428571428571, "reusita": 92.85714285714286, "cnt": 14}, "GENERAL": {"medie": 7.361962365591399, "reusita": 79.06976744186046, "cnt": 129}, "CHIMIE ORGANICA TEO NIVEL I/II": {"medie": 8.16923076923077, "reusita": 100.0, "cnt": 13}, "ISTORIE": {"medie": 7.416666666666667, "reusita": 100.0, "cnt": 30}, "MATEMATICA MATE-INFO": {"medie": 8.354000000000003, "reusita": 96.0, "cnt": 50}, "GEOGRAFIE": {"medie": 6.946376811594203, "reusita": 85.71428571428571, "cnt": 70}, "ANATOMIE SI FIZIOLOGIE UMANA, GENETICA SI ECOLOGIE UMANA": {"medie": 6.449999999999999, "reusita": 100.0, "cnt": 2}, "FIZICA TEO": {"medie": 7.940909090909089, "reusita": 100.0, "cnt": 11}, "FIZICA TEH": {"medie": 2.7, "reusita": 0.0, "cnt": 1}, "CHIMIE ANORGANICA TEO NIVEL I/II": {"medie": 8.083333333333334, "reusita": 100.0, "cnt": 3}, "PSIHOLOGIE": {"medie": 6.949999999999999, "reusita": 100.0, "cnt": 4}, "ECONOMIE": {"medie": 7.2, "reusita": 66.66666666666666, "cnt": 3}, "INFORMATICA MI PASCAL": {"medie": 8.7, "reusita": 100.0, "cnt": 8}}, "nume": "COLEGIUL \"MIHAIL CANTACUZINO\", ORASUL SINAIA\tPrahova"}