{"specializari": {"TEHNICIAN PRODUCTIE FILM SI TELEVIZIUNE": 57, "TEHNICIAN POLIGRAF": 89, "LICEU CU PROGRAM SPORTIV": 26, "MATEMATICA-INFORMATICA": 41, "TEHNICIAN OPERATOR PROCESARE TEXT IMAGINE": 45, "TEHNICIAN MECATRONIST": 6}, "limba_moderna": {"LIMBA ENGLEZA": 263, "LIMBA FRANCEZA": 1}, "limba_materna": {"LIMBA ROMANA": 264}, "promotie_anterioara": {"NU": 153, "DA": 111}, "materii": {"LIMBA ROMANA": {"medie": 5.9019305019305, "reusita": 84.46969696969697, "cnt": 264}, "MATEMATICA TEHN": {"medie": 5.653191489361703, "reusita": 71.06598984771574, "cnt": 197}, "BIOLOGIE VEGETALA SI ANIMALA": {"medie": 5.0018817204301085, "reusita": 52.57731958762887, "cnt": 194}, "GENERAL": {"medie": 5.542953929539295, "reusita": 37.5, "cnt": 264}, "ISTORIE": {"medie": 5.644, "reusita": 92.3076923076923, "cnt": 26}, "MATEMATICA MATE-INFO": {"medie": 4.251219512195121, "reusita": 48.78048780487805, "cnt": 41}, "INFORMATICA MI C/C++": {"medie": 5.464285714285714, "reusita": 85.71428571428571, "cnt": 7}, "GEOGRAFIE": {"medie": 6.40576923076923, "reusita": 84.61538461538461, "cnt": 26}, "ANATOMIE SI FIZIOLOGIE UMANA, GENETICA SI ECOLOGIE UMANA": {"medie": 4.42, "reusita": 40.0, "cnt": 5}, "FIZICA TEO": {"medie": 4.633333333333334, "reusita": 33.33333333333333, "cnt": 3}, "FIZICA TEH": {"medie": 4.86875, "reusita": 62.5, "cnt": 8}, "CHIMIE ANORGANICA TEH NIVEL I/II": {"medie": 5.918421052631579, "reusita": 85.0, "cnt": 20}, "CHIMIE ORGANICA TEH NIVEL I/II": {"medie": 5.0, "reusita": 100.0, "cnt": 1}}, "nume": "COLEGIUL TEHNIC \"MEDIA\"\tBucure\u0219ti"}