{"specializari": {"MATEMATICA-INFORMATICA": 90, "STIINTE ALE NATURII": 34, "FILOLOGIE": 72, "STIINTE SOCIALE": 36}, "limba_moderna": {"LIMBA ENGLEZA": 197, "LIMBA FRANCEZA": 35}, "limba_materna": {"LIMBA ROMANA": 232}, "promotie_anterioara": {"NU": 224, "DA": 8}, "materii": {"LIMBA ROMANA": {"medie": 8.594181034482757, "reusita": 99.56896551724138, "cnt": 232}, "BIOLOGIE VEGETALA SI ANIMALA": {"medie": 8.701428571428572, "reusita": 100.0, "cnt": 35}, "GENERAL": {"medie": 8.746248196248192, "reusita": 97.41379310344827, "cnt": 232}, "MATEMATICA ST-NAT": {"medie": 9.36764705882353, "reusita": 100.0, "cnt": 34}, "CHIMIE ORGANICA TEO NIVEL I/II": {"medie": 8.987499999999999, "reusita": 100.0, "cnt": 24}, "ISTORIE": {"medie": 8.319444444444443, "reusita": 99.07407407407408, "cnt": 108}, "LOGICA, ARGUMENTARE SI COMUNICARE": {"medie": 8.80595238095238, "reusita": 95.23809523809523, "cnt": 42}, "MATEMATICA MATE-INFO": {"medie": 9.067222222222224, "reusita": 100.0, "cnt": 90}, "GEOGRAFIE": {"medie": 8.812037037037037, "reusita": 100.0, "cnt": 54}, "ANATOMIE SI FIZIOLOGIE UMANA, GENETICA SI ECOLOGIE UMANA": {"medie": 9.11875, "reusita": 100.0, "cnt": 8}, "FIZICA TEO": {"medie": 9.07, "reusita": 100.0, "cnt": 5}, "SOCIOLOGIE": {"medie": 7.663636363636365, "reusita": 100.0, "cnt": 11}, "CHIMIE ANORGANICA TEO NIVEL I/II": {"medie": 7.874999999999999, "reusita": 100.0, "cnt": 4}, "PSIHOLOGIE": {"medie": "-", "reusita": 0.0, "cnt": 1}, "INFORMATICA MI PASCAL": {"medie": 9.269791666666668, "reusita": 100.0, "cnt": 48}}, "nume": "COLEGIUL NATIONAL \"HOREA CLOSCA SI CRISAN\" ALBA IULIA\tAlba"}