{"specializari": {"TEHNICIAN IN SILVICULTURA SI EXPLOATARI FORESTIERE": 24, "TEHNICIAN IN AUTOMATIZARI": 17, "TEHNICIAN IN INSTALATII ELECTRICE": 15, "TEHNICIAN ANALIZE PRODUSE ALIMENTARE": 27, "TEHNICIAN IN ADMINISTRATIE": 23, "TEHNICIAN IN ACTIVITATI ECONOMICE": 23, "TEHNICIAN IN GASTRONOMIE": 29, "TEHNICIAN MECANIC PENTRU INTRETINERE SI REPARATII": 47, "TEHNICIAN IN TURISM": 48, "TEHNICIAN OPERATOR TEHNICA DE CALCUL": 12, "TEHNICIAN ECOLOG SI PROTECTIA CALITATII MEDIULUI": 53, "TEHNICIAN AGROMONTAN": 13, "TEHNICIAN IN INDUSTRIA ALIMENTARA": 1, "TEHNICIAN IN AGRICULTURA": 6, "STIINTE ALE NATURII": 11, "TEHNICIAN ELECTRICIAN/ELECTRONIST AUTO": 2, "TEHNICIAN IN INDUSTRIA TEXTILA": 1, "TEHNICIAN IN CONSTRUCTII SI LUCRARI PUBLICE": 1, "TEHNICIAN DE TELECOMUNICATII": 1}, "limba_moderna": {"LIMBA FRANCEZA": 145, "LIMBA ENGLEZA": 209}, "limba_materna": {"LIMBA ROMANA": 354}, "promotie_anterioara": {"NU": 281, "DA": 73}, "materii": {"LIMBA ROMANA": {"medie": 6.081140350877193, "reusita": 81.92090395480226, "cnt": 354}, "MATEMATICA TEHN": {"medie": 6.524447949526817, "reusita": 78.71720116618076, "cnt": 343}, "BIOLOGIE VEGETALA SI ANIMALA": {"medie": 4.8533333333333335, "reusita": 51.89873417721519, "cnt": 79}, "GENERAL": {"medie": 6.294349315068492, "reusita": 44.91525423728814, "cnt": 354}, "MATEMATICA ST-NAT": {"medie": 3.777272727272727, "reusita": 63.63636363636363, "cnt": 11}, "GEOGRAFIE": {"medie": 8.217241379310346, "reusita": 97.45762711864407, "cnt": 118}, "ANATOMIE SI FIZIOLOGIE UMANA, GENETICA SI ECOLOGIE UMANA": {"medie": 5.91398305084746, "reusita": 70.8955223880597, "cnt": 134}, "FIZICA TEH": {"medie": 4.749999999999999, "reusita": 54.54545454545454, "cnt": 11}, "ECONOMIE": {"medie": 5.01, "reusita": 60.0, "cnt": 5}, "CHIMIE ANORGANICA TEH NIVEL I/II": {"medie": 5.692857142857143, "reusita": 85.71428571428571, "cnt": 7}}, "nume": "COLEGIUL TEHNIC \"ION CREANGA\", ORAS TARGU NEAMT\tNeam\u021b"}