{"specializari": {"MATEMATICA-INFORMATICA": 87, "STIINTE SOCIALE": 66, "FILOLOGIE": 33, "STIINTE ALE NATURII": 34}, "limba_moderna": {"LIMBA FRANCEZA": 39, "LIMBA ENGLEZA": 181}, "limba_materna": {"LIMBA ROMANA": 220}, "promotie_anterioara": {"NU": 220}, "materii": {"LIMBA ROMANA": {"medie": 8.688356164383562, "reusita": 99.54545454545455, "cnt": 220}, "BIOLOGIE VEGETALA SI ANIMALA": {"medie": 8.941304347826087, "reusita": 95.83333333333334, "cnt": 24}, "GENERAL": {"medie": 8.711415525114159, "reusita": 99.54545454545455, "cnt": 220}, "MATEMATICA ST-NAT": {"medie": 8.343939393939394, "reusita": 97.05882352941177, "cnt": 34}, "CHIMIE ORGANICA TEO NIVEL I/II": {"medie": 7.942857142857143, "reusita": 100.0, "cnt": 14}, "ISTORIE": {"medie": 8.019696969696966, "reusita": 100.0, "cnt": 99}, "LOGICA, ARGUMENTARE SI COMUNICARE": {"medie": 9.15, "reusita": 100.0, "cnt": 80}, "MATEMATICA MATE-INFO": {"medie": 9.18505747126437, "reusita": 100.0, "cnt": 87}, "INFORMATICA MI C/C++": {"medie": 9.375, "reusita": 100.0, "cnt": 6}, "GEOGRAFIE": {"medie": 9.027272727272727, "reusita": 100.0, "cnt": 11}, "ANATOMIE SI FIZIOLOGIE UMANA, GENETICA SI ECOLOGIE UMANA": {"medie": 8.45909090909091, "reusita": 100.0, "cnt": 22}, "FIZICA TEO": {"medie": 9.0025641025641, "reusita": 100.0, "cnt": 39}, "SOCIOLOGIE": {"medie": 9.25, "reusita": 100.0, "cnt": 1}, "PSIHOLOGIE": {"medie": 8.0, "reusita": 100.0, "cnt": 1}, "ECONOMIE": {"medie": 8.290000000000001, "reusita": 100.0, "cnt": 5}, "INFORMATICA MI PASCAL": {"medie": 9.065625, "reusita": 100.0, "cnt": 16}, "FILOSOFIE": {"medie": 6.9, "reusita": 100.0, "cnt": 1}}, "nume": "COLEGIUL NATIONAL \"NICOLAE GRIGORESCU\", MUNICIPIUL CAMPINA\tPrahova"}