{"specializari": {"MATEMATICA-INFORMATICA": 49, "TEHNICIAN IN ACTIVITATI DE COMERT": 42, "TEHNICIAN ECOLOG SI PROTECTIA CALITATII MEDIULUI": 22, "TEHNICIAN IN INDUSTRIA ALIMENTARA": 3, "TEHNICIAN OPERATOR TEHNICA DE CALCUL": 28, "TEHNICIAN IN SILVICULTURA SI EXPLOATARI FORESTIERE": 9, "TEHNICIAN MECANIC PENTRU INTRETINERE SI REPARATII": 1, "TEHNICIAN IN ACTIVITATI ECONOMICE": 33, "STIINTE ALE NATURII": 1, "TEHNICIAN IN INSTALATII ELECTRICE": 1, "TEHNICIAN DE TELECOMUNICATII": 1}, "limba_moderna": {"LIMBA ENGLEZA": 151, "LIMBA FRANCEZA": 39}, "limba_materna": {"LIMBA ROMANA": 190}, "promotie_anterioara": {"DA": 49, "NU": 141}, "materii": {"LIMBA ROMANA": {"medie": 5.070303030303028, "reusita": 50.526315789473685, "cnt": 190}, "MATEMATICA TEHN": {"medie": 5.924380165289259, "reusita": 67.85714285714286, "cnt": 140}, "BIOLOGIE VEGETALA SI ANIMALA": {"medie": 6.623762376237628, "reusita": 75.47169811320755, "cnt": 106}, "GENERAL": {"medie": 5.941358024691358, "reusita": 35.78947368421053, "cnt": 190}, "MATEMATICA ST-NAT": {"medie": 5.1, "reusita": 100.0, "cnt": 1}, "MATEMATICA MATE-INFO": {"medie": 5.774468085106384, "reusita": 77.55102040816327, "cnt": 49}, "GEOGRAFIE": {"medie": 7.123728813559322, "reusita": 74.66666666666667, "cnt": 75}, "ANATOMIE SI FIZIOLOGIE UMANA, GENETICA SI ECOLOGIE UMANA": {"medie": 7.622222222222224, "reusita": 88.88888888888889, "cnt": 9}}, "nume": "COLEGIUL TEHNIC NR.1 VADU CRISULUI\tBihor"}