{"specializari": {"TEHNICIAN IN INSTALATII ELECTRICE": 16, "TEHNICIAN DESENATOR PENTRU CONSTRUCTII SI INSTALATII": 27, "TEHNICIAN MECATRONIST": 24, "LICEU CU PROGRAM SPORTIV": 32, "TEHNICIAN MECANIC PENTRU INTRETINERE SI REPARATII": 1, "TEHNICIAN ELECTRICIAN/ELECTRONIST AUTO": 13}, "limba_moderna": {"LIMBA ENGLEZA": 105, "LIMBA FRANCEZA": 8}, "limba_materna": {"LIMBA ROMANA": 113}, "promotie_anterioara": {"NU": 91, "DA": 22}, "materii": {"LIMBA ROMANA": {"medie": 6.110091743119267, "reusita": 91.1504424778761, "cnt": 113}, "MATEMATICA TEHN": {"medie": 5.998701298701298, "reusita": 76.5432098765432, "cnt": 81}, "BIOLOGIE VEGETALA SI ANIMALA": {"medie": 4.837121212121212, "reusita": 52.77777777777778, "cnt": 72}, "GENERAL": {"medie": 5.94127725856698, "reusita": 50.442477876106196, "cnt": 113}, "ISTORIE": {"medie": 5.885937499999999, "reusita": 90.625, "cnt": 32}, "GEOGRAFIE": {"medie": 7.598437500000002, "reusita": 100.0, "cnt": 32}, "FIZICA TEH": {"medie": 5.531250000000001, "reusita": 75.0, "cnt": 8}, "CHIMIE ANORGANICA TEH NIVEL I/II": {"medie": 3.0, "reusita": 0.0, "cnt": 1}}, "nume": "COLEGIUL TEHNIC \"ANGHEL SALIGNY\" BAIA MARE\tMaramure\u0219"}