{"specializari": {"MATEMATICA-INFORMATICA": 120, "FILOLOGIE": 131}, "limba_moderna": {"LIMBA ENGLEZA": 220, "LIMBA SPANIOLA": 17, "LIMBA FRANCEZA": 14}, "limba_materna": {"LIMBA ROMANA": 251}, "promotie_anterioara": {"NU": 247, "DA": 4}, "materii": {"LIMBA ROMANA": {"medie": 8.714342629482074, "reusita": 100.0, "cnt": 251}, "BIOLOGIE VEGETALA SI ANIMALA": {"medie": 8.502777777777776, "reusita": 100.0, "cnt": 36}, "GENERAL": {"medie": 8.692828685258958, "reusita": 98.80478087649402, "cnt": 251}, "CHIMIE ORGANICA TEO NIVEL I/II": {"medie": 9.283333333333333, "reusita": 100.0, "cnt": 3}, "ISTORIE": {"medie": 8.435877862595422, "reusita": 100.0, "cnt": 131}, "LOGICA, ARGUMENTARE SI COMUNICARE": {"medie": 8.973076923076924, "reusita": 100.0, "cnt": 13}, "MATEMATICA MATE-INFO": {"medie": 9.013749999999996, "reusita": 100.0, "cnt": 120}, "INFORMATICA MI C/C++": {"medie": 8.706249999999999, "reusita": 100.0, "cnt": 8}, "GEOGRAFIE": {"medie": 8.308333333333332, "reusita": 96.66666666666667, "cnt": 30}, "ANATOMIE SI FIZIOLOGIE UMANA, GENETICA SI ECOLOGIE UMANA": {"medie": 8.627272727272727, "reusita": 100.0, "cnt": 11}, "FIZICA TEO": {"medie": 9.11271186440678, "reusita": 100.0, "cnt": 59}, "SOCIOLOGIE": {"medie": 8.400793650793648, "reusita": 100.0, "cnt": 63}, "CHIMIE ANORGANICA TEO NIVEL I/II": {"medie": 8.316666666666668, "reusita": 100.0, "cnt": 3}, "PSIHOLOGIE": {"medie": 8.176666666666668, "reusita": 100.0, "cnt": 15}, "ECONOMIE": {"medie": 9.275000000000002, "reusita": 100.0, "cnt": 10}}, "nume": "COLEGIUL NATIONAL \"IULIA HASDEU\"\tBucure\u0219ti"}