{"specializari": {"TEHNICIAN IN TURISM": 14, "TEHNICIAN IN ACTIVITATI DE COMERT": 15, "TEHNICIAN ELECTROTEHNIST": 8, "TEHNICIAN ELECTROMECANIC": 8, "TEHNICIAN IN INDUSTRIA TEXTILA": 5, "TEHNICIAN PROIECTANT CAD": 10, "TEHNICIAN ECOLOG SI PROTECTIA CALITATII MEDIULUI": 6, "TEHNICIAN TRANSPORTURI": 6, "TEHNICIAN DESIGNER MOBILA SI AMENAJARI INTERIOARE": 2, "TEHNICIAN ELECTRONIST": 5, "TEHNICIAN MECATRONIST": 7, "TEHNICIAN IN PRELUCRAREA LEMNULUI": 1, "TEHNICIAN INSTALATOR PENTRU CONSTRUCTII": 2, "TEHNICIAN OPERATOR TEHNICA DE CALCUL": 1, "TEHNICIAN IN GASTRONOMIE": 1}, "limba_moderna": {"LIMBA ENGLEZA": 63, "LIMBA FRANCEZA": 28}, "limba_materna": {"LIMBA ROMANA": 91}, "promotie_anterioara": {"NU": 49, "DA": 42}, "materii": {"LIMBA ROMANA": {"medie": 5.7321428571428585, "reusita": 79.12087912087912, "cnt": 91}, "MATEMATICA TEHN": {"medie": 5.800595238095238, "reusita": 73.62637362637363, "cnt": 91}, "BIOLOGIE VEGETALA SI ANIMALA": {"medie": 5.641463414634145, "reusita": 74.4186046511628, "cnt": 43}, "GENERAL": {"medie": 5.849799196787149, "reusita": 38.46153846153847, "cnt": 91}, "LOGICA, ARGUMENTARE SI COMUNICARE": {"medie": 7.340000000000001, "reusita": 83.33333333333334, "cnt": 6}, "GEOGRAFIE": {"medie": 7.286956521739133, "reusita": 100.0, "cnt": 23}, "ANATOMIE SI FIZIOLOGIE UMANA, GENETICA SI ECOLOGIE UMANA": {"medie": 5.0, "reusita": 100.0, "cnt": 1}, "FIZICA TEH": {"medie": 5.416666666666667, "reusita": 66.66666666666666, "cnt": 6}, "PSIHOLOGIE": {"medie": 3.2, "reusita": 0.0, "cnt": 1}, "CHIMIE ANORGANICA TEH NIVEL I/II": {"medie": 4.7125, "reusita": 54.54545454545454, "cnt": 11}}, "nume": "COLEGIUL TEHNIC CAMPULUNG\tArge\u0219"}