{"specializari": {"FILOLOGIE": 91, "MATEMATICA-INFORMATICA": 56}, "limba_moderna": {"LIMBA ENGLEZA": 103, "LIMBA FRANCEZA": 27, "LIMBA ITALIANA": 2, "LIMBA GERMANA MODERNA": 15}, "limba_materna": {"LIMBA ROMANA": 147}, "promotie_anterioara": {"NU": 147}, "materii": {"LIMBA ROMANA": {"medie": 8.156462585034012, "reusita": 100.0, "cnt": 147}, "BIOLOGIE VEGETALA SI ANIMALA": {"medie": 7.95, "reusita": 100.0, "cnt": 2}, "GENERAL": {"medie": 8.401473922902497, "reusita": 100.0, "cnt": 147}, "CHIMIE ORGANICA TEO NIVEL I/II": {"medie": 8.216666666666667, "reusita": 100.0, "cnt": 6}, "ISTORIE": {"medie": 8.361538461538466, "reusita": 100.0, "cnt": 91}, "LOGICA, ARGUMENTARE SI COMUNICARE": {"medie": 9.082307692307694, "reusita": 100.0, "cnt": 65}, "MATEMATICA MATE-INFO": {"medie": 8.481249999999998, "reusita": 100.0, "cnt": 56}, "INFORMATICA MI C/C++": {"medie": 8.012500000000001, "reusita": 100.0, "cnt": 28}, "GEOGRAFIE": {"medie": 9.045454545454545, "reusita": 100.0, "cnt": 11}, "ANATOMIE SI FIZIOLOGIE UMANA, GENETICA SI ECOLOGIE UMANA": {"medie": 9.072222222222223, "reusita": 100.0, "cnt": 9}, "FIZICA TEO": {"medie": 8.559090909090909, "reusita": 100.0, "cnt": 11}, "SOCIOLOGIE": {"medie": 8.2375, "reusita": 100.0, "cnt": 4}, "PSIHOLOGIE": {"medie": 7.278571428571428, "reusita": 100.0, "cnt": 7}, "ECONOMIE": {"medie": 8.1, "reusita": 100.0, "cnt": 3}, "FILOSOFIE": {"medie": 6.8, "reusita": 100.0, "cnt": 1}}, "nume": "COLEGIUL NATIONAL \"ALEXANDRU IOAN CUZA\", LOCALITATEA GALATI\tGala\u021bi"}