{"specializari": {"TEHNICIAN IN ADMINISTRATIE": 27, "TEHNICIAN IN ACTIVITATI ECONOMICE": 94, "TEHNICIAN IN TURISM": 28, "TEHNICIAN IN GASTRONOMIE": 26, "TEHNICIAN ANALIZE PRODUSE ALIMENTARE": 24, "TEHNICIAN IN INDUSTRIA ALIMENTARA": 17, "TEHNICIAN IN ACTIVITATI DE COMERT": 44, "MATEMATICA-INFORMATICA": 1}, "limba_moderna": {"LIMBA ENGLEZA": 213, "LIMBA FRANCEZA": 48}, "limba_materna": {"LIMBA ROMANA": 261}, "promotie_anterioara": {"NU": 246, "DA": 15}, "materii": {"LIMBA ROMANA": {"medie": 7.153846153846157, "reusita": 97.70114942528735, "cnt": 261}, "MATEMATICA TEHN": {"medie": 7.947876447876441, "reusita": 96.53846153846153, "cnt": 260}, "GENERAL": {"medie": 7.546794871794871, "reusita": 87.35632183908046, "cnt": 261}, "LOGICA, ARGUMENTARE SI COMUNICARE": {"medie": 9.0, "reusita": 100.0, "cnt": 1}, "MATEMATICA MATE-INFO": {"medie": 5.0, "reusita": 100.0, "cnt": 1}, "INFORMATICA MI C/C++": {"medie": 7.4, "reusita": 100.0, "cnt": 1}, "GEOGRAFIE": {"medie": 7.869704433497537, "reusita": 98.0295566502463, "cnt": 203}, "ANATOMIE SI FIZIOLOGIE UMANA, GENETICA SI ECOLOGIE UMANA": {"medie": 6.406097560975611, "reusita": 92.6829268292683, "cnt": 41}, "PSIHOLOGIE": {"medie": 5.76, "reusita": 100.0, "cnt": 5}, "ECONOMIE": {"medie": 6.4, "reusita": 70.0, "cnt": 10}}, "nume": "COLEGIUL ECONOMIC, MUN. RM. VALCEA\tV\u00e2lcea"}