{"specializari": {"MATEMATICA-INFORMATICA": 262}, "limba_moderna": {"LIMBA ENGLEZA": 253, "LIMBA GERMANA MODERNA": 3, "LIMBA FRANCEZA": 6}, "limba_materna": {"LIMBA ROMANA": 262}, "promotie_anterioara": {"NU": 261, "DA": 1}, "materii": {"LIMBA ROMANA": {"medie": 8.870610687022902, "reusita": 100.0, "cnt": 262}, "BIOLOGIE VEGETALA SI ANIMALA": {"medie": 8.677999999999999, "reusita": 100.0, "cnt": 25}, "GENERAL": {"medie": 9.087150127226463, "reusita": 99.23664122137404, "cnt": 262}, "CHIMIE ORGANICA TEO NIVEL I/II": {"medie": 9.193478260869565, "reusita": 100.0, "cnt": 23}, "MATEMATICA MATE-INFO": {"medie": 9.348854961832068, "reusita": 100.0, "cnt": 262}, "INFORMATICA MI C/C++": {"medie": 8.942982456140355, "reusita": 99.12280701754386, "cnt": 114}, "ANATOMIE SI FIZIOLOGIE UMANA, GENETICA SI ECOLOGIE UMANA": {"medie": 8.997368421052633, "reusita": 100.0, "cnt": 19}, "FIZICA TEO": {"medie": 9.258125, "reusita": 100.0, "cnt": 80}, "CHIMIE ANORGANICA TEO NIVEL I/II": {"medie": 9.5, "reusita": 100.0, "cnt": 1}}, "nume": "COLEGIUL NATIONAL DE INFORMATICA \"TUDOR VIANU\"\tBucure\u0219ti"}