{"specializari": {"MATEMATICA-INFORMATICA": 61, "STIINTE ALE NATURII": 59, "STIINTE SOCIALE": 67, "FILOLOGIE": 20}, "limba_moderna": {"LIMBA FRANCEZA": 7, "LIMBA ENGLEZA": 198, "LIMBA GERMANA MODERNA": 2}, "limba_materna": {"LIMBA ROMANA": 197, "LIMBA GERMANA": 10}, "promotie_anterioara": {"NU": 204, "DA": 3}, "materii": {"LIMBA ROMANA": {"medie": 8.142718446601938, "reusita": 99.51690821256038, "cnt": 207}, "BIOLOGIE VEGETALA SI ANIMALA": {"medie": 9.085, "reusita": 100.0, "cnt": 10}, "GENERAL": {"medie": 8.567920711974107, "reusita": 99.03381642512076, "cnt": 207}, "MATEMATICA ST-NAT": {"medie": 8.76779661016949, "reusita": 100.0, "cnt": 59}, "CHIMIE ORGANICA TEO NIVEL I/II": {"medie": 8.55, "reusita": 100.0, "cnt": 10}, "ISTORIE": {"medie": 7.966666666666667, "reusita": 100.0, "cnt": 87}, "LOGICA, ARGUMENTARE SI COMUNICARE": {"medie": 8.830882352941176, "reusita": 100.0, "cnt": 34}, "MATEMATICA MATE-INFO": {"medie": 9.318852459016396, "reusita": 100.0, "cnt": 61}, "INFORMATICA MI C/C++": {"medie": 8.59375, "reusita": 100.0, "cnt": 16}, "GEOGRAFIE": {"medie": 8.727083333333336, "reusita": 100.0, "cnt": 24}, "ANATOMIE SI FIZIOLOGIE UMANA, GENETICA SI ECOLOGIE UMANA": {"medie": 9.118421052631579, "reusita": 98.27586206896551, "cnt": 58}, "FIZICA TEO": {"medie": 9.129411764705882, "reusita": 100.0, "cnt": 17}, "SOCIOLOGIE": {"medie": 9.00952380952381, "reusita": 100.0, "cnt": 21}, "CHIMIE ANORGANICA TEO NIVEL I/II": {"medie": 9.274999999999999, "reusita": 100.0, "cnt": 2}, "LIMBA GERMANA": {"medie": 8.445, "reusita": 100.0, "cnt": 10}, "PSIHOLOGIE": {"medie": 8.300000000000002, "reusita": 100.0, "cnt": 6}, "ECONOMIE": {"medie": 9.2, "reusita": 100.0, "cnt": 1}, "INFORMATICA MI PASCAL": {"medie": 9.299999999999999, "reusita": 100.0, "cnt": 7}, "FILOSOFIE": {"medie": 8.5, "reusita": 100.0, "cnt": 1}}, "nume": "COLEGIUL NATIONAL \"ALEXANDRU PAPIU ILARIAN\" TIRGU MURES\tMure\u0219"}