{"specializari": {"TEHNICIAN MECANIC PENTRU INTRETINERE SI REPARATII": 13, "TEHNICIAN IN PRELUCRAREA LEMNULUI": 15, "MATEMATICA-INFORMATICA": 65, "TEHNICIAN IN INDUSTRIA TEXTILA": 15, "TEHNICIAN IN TURISM": 32, "TEHNICIAN ECOLOG SI PROTECTIA CALITATII MEDIULUI": 7, "TEHNICIAN IN CONSTRUCTII SI LUCRARI PUBLICE": 1, "TEHNICIAN IN HOTELARIE": 1}, "limba_moderna": {"LIMBA ENGLEZA": 121, "LIMBA FRANCEZA": 28}, "limba_materna": {"LIMBA ROMANA": 149}, "promotie_anterioara": {"NU": 124, "DA": 25}, "materii": {"LIMBA ROMANA": {"medie": 6.477083333333336, "reusita": 83.89261744966443, "cnt": 149}, "MATEMATICA TEHN": {"medie": 5.342207792207793, "reusita": 60.71428571428571, "cnt": 84}, "BIOLOGIE VEGETALA SI ANIMALA": {"medie": 4.7861111111111105, "reusita": 48.333333333333336, "cnt": 60}, "GENERAL": {"medie": 6.361428571428571, "reusita": 55.033557046979865, "cnt": 149}, "CHIMIE ORGANICA TEO NIVEL I/II": {"medie": 8.242857142857144, "reusita": 100.0, "cnt": 28}, "MATEMATICA MATE-INFO": {"medie": 7.510156250000001, "reusita": 95.38461538461539, "cnt": 65}, "GEOGRAFIE": {"medie": 6.046969696969697, "reusita": 87.87878787878788, "cnt": 33}, "ANATOMIE SI FIZIOLOGIE UMANA, GENETICA SI ECOLOGIE UMANA": {"medie": 6.520588235294118, "reusita": 76.47058823529412, "cnt": 17}, "FIZICA TEO": {"medie": 8.3375, "reusita": 100.0, "cnt": 4}, "FIZICA TEH": {"medie": 6.7, "reusita": 100.0, "cnt": 1}, "INFORMATICA MI PASCAL": {"medie": 7.2, "reusita": 100.0, "cnt": 2}, "CHIMIE ORGANICA TEH NIVEL I/II": {"medie": 6.725, "reusita": 100.0, "cnt": 4}}, "nume": "COLEGIUL \"FERDINAND I\", COMUNA MANECIU\tPrahova"}