{"specializari": {"TEHNICIAN IN ACTIVITATI ECONOMICE": 86, "TEHNICIAN IN HOTELARIE": 28, "TEHNICIAN IN ACHIZITII SI CONTRACTARI": 30, "TEHNICIAN IN ACTIVITATI DE COMERT": 2, "TEHNICIAN IN GASTRONOMIE": 4, "ORGANIZATOR BANQUETING": 3}, "limba_moderna": {"LIMBA FRANCEZA": 25, "LIMBA ENGLEZA": 128}, "limba_materna": {"LIMBA ROMANA": 153}, "promotie_anterioara": {"NU": 145, "DA": 8}, "materii": {"LIMBA ROMANA": {"medie": 7.7033333333333305, "reusita": 97.38562091503267, "cnt": 153}, "MATEMATICA TEHN": {"medie": 8.16666666666667, "reusita": 95.42483660130719, "cnt": 153}, "GENERAL": {"medie": 8.003579418344525, "reusita": 93.4640522875817, "cnt": 153}, "LOGICA, ARGUMENTARE SI COMUNICARE": {"medie": 8.885937499999997, "reusita": 96.96969696969697, "cnt": 33}, "GEOGRAFIE": {"medie": 7.890598290598292, "reusita": 97.45762711864407, "cnt": 118}, "ECONOMIE": {"medie": 7.525, "reusita": 100.0, "cnt": 2}}, "nume": "COLEGIUL ECONOMIC \"IULIAN POP\" CLUJ-NAPOCA\tCluj"}