{"specializari": {"MATEMATICA-INFORMATICA": 29, "FILOLOGIE": 29, "TEHNICIAN IN ACTIVITATI DE COMERT": 24, "STIINTE ALE NATURII": 29, "TEHNICIAN IN CONSTRUCTII SI LUCRARI PUBLICE": 3, "TEHNICIAN OPERATOR TEHNICA DE CALCUL": 10, "TEHNICIAN MECANIC PENTRU INTRETINERE SI REPARATII": 13, "STIINTE SOCIALE": 23, "TEHNICIAN IN ACTIVITATI ECONOMICE": 30, "TEHNICIAN ELECTROMECANIC": 11}, "limba_moderna": {"LIMBA ENGLEZA": 189, "LIMBA ITALIANA": 12}, "limba_materna": {"LIMBA ROMANA": 201}, "promotie_anterioara": {"NU": 159, "DA": 42}, "materii": {"LIMBA ROMANA": {"medie": 6.984749999999995, "reusita": 98.00995024875621, "cnt": 201}, "MATEMATICA TEHN": {"medie": 5.145054945054946, "reusita": 65.93406593406593, "cnt": 91}, "BIOLOGIE VEGETALA SI ANIMALA": {"medie": 4.045588235294118, "reusita": 37.142857142857146, "cnt": 35}, "GENERAL": {"medie": 6.568632478632474, "reusita": 63.18407960199005, "cnt": 201}, "MATEMATICA ST-NAT": {"medie": 6.117857142857143, "reusita": 75.86206896551724, "cnt": 29}, "ISTORIE": {"medie": 5.719230769230768, "reusita": 94.23076923076923, "cnt": 52}, "LOGICA, ARGUMENTARE SI COMUNICARE": {"medie": 7.479411764705883, "reusita": 98.0392156862745, "cnt": 51}, "MATEMATICA MATE-INFO": {"medie": 6.418965517241379, "reusita": 86.20689655172413, "cnt": 29}, "INFORMATICA MI C/C++": {"medie": 8.7, "reusita": 100.0, "cnt": 1}, "GEOGRAFIE": {"medie": 7.431481481481482, "reusita": 96.36363636363636, "cnt": 55}, "ANATOMIE SI FIZIOLOGIE UMANA, GENETICA SI ECOLOGIE UMANA": {"medie": 7.568478260869566, "reusita": 93.61702127659575, "cnt": 47}, "FIZICA TEH": {"medie": 5.0, "reusita": 100.0, "cnt": 2}, "CHIMIE ANORGANICA TEO NIVEL I/II": {"medie": 7.1, "reusita": 100.0, "cnt": 10}}, "nume": "COLEGIUL TEHNIC \"CONSTANTIN BRANCUSI\" PETRILA\tHunedoara"}