{"specializari": {"INVATATOR - EDUCATOARE": 35, "FILOLOGIE": 35, "STIINTE SOCIALE": 37, "MATEMATICA-INFORMATICA": 40}, "limba_moderna": {"LIMBA ENGLEZA": 147}, "limba_materna": {"LIMBA ROMANA": 147}, "promotie_anterioara": {"NU": 136, "DA": 11}, "materii": {"LIMBA ROMANA": {"medie": 7.066326530612245, "reusita": 95.23809523809523, "cnt": 147}, "GENERAL": {"medie": 7.379223744292234, "reusita": 84.35374149659864, "cnt": 147}, "CHIMIE ORGANICA TEO NIVEL I/II": {"medie": 5.857142857142857, "reusita": 71.42857142857143, "cnt": 7}, "ISTORIE": {"medie": 7.409722222222224, "reusita": 97.22222222222221, "cnt": 72}, "LOGICA, ARGUMENTARE SI COMUNICARE": {"medie": 8.6484375, "reusita": 100.0, "cnt": 64}, "MATEMATICA MATE-INFO": {"medie": 6.710256410256409, "reusita": 87.5, "cnt": 40}, "INFORMATICA MI C/C++": {"medie": 7.525000000000001, "reusita": 83.33333333333334, "cnt": 6}, "GEOGRAFIE": {"medie": 7.3343750000000005, "reusita": 96.875, "cnt": 32}, "ANATOMIE SI FIZIOLOGIE UMANA, GENETICA SI ECOLOGIE UMANA": {"medie": 6.929166666666666, "reusita": 95.83333333333334, "cnt": 24}, "FIZICA TEO": {"medie": 6.0, "reusita": 50.0, "cnt": 2}, "MATEMATICA PED": {"medie": 7.632857142857143, "reusita": 97.14285714285714, "cnt": 35}, "SOCIOLOGIE": {"medie": 9.075, "reusita": 100.0, "cnt": 2}, "CHIMIE ANORGANICA TEO NIVEL I/II": {"medie": 5.65, "reusita": 100.0, "cnt": 1}, "PSIHOLOGIE": {"medie": 7.8500000000000005, "reusita": 75.0, "cnt": 4}, "ECONOMIE": {"medie": 8.225000000000001, "reusita": 100.0, "cnt": 2}, "FILOSOFIE": {"medie": 6.016666666666667, "reusita": 100.0, "cnt": 3}}, "nume": "COLEGIUL NATIONAL PEDAGOGIC \"CONSTANTIN BRATESCU\" CONSTANTA\tConstan\u021ba"}