{"specializari": {"ORGANIZATOR BANQUETING": 32, "TEHNICIAN IN ACTIVITATI ECONOMICE": 58, "TEHNICIAN IN ACHIZITII SI CONTRACTARI": 33, "TEHNICIAN IN TURISM": 31, "TEHNICIAN IN GASTRONOMIE": 35}, "limba_moderna": {"LIMBA ENGLEZA": 164, "LIMBA FRANCEZA": 25}, "limba_materna": {"LIMBA ROMANA": 189}, "promotie_anterioara": {"DA": 13, "NU": 176}, "materii": {"LIMBA ROMANA": {"medie": 7.749732620320857, "reusita": 95.23809523809523, "cnt": 189}, "MATEMATICA TEHN": {"medie": 8.505585106382982, "reusita": 96.82539682539682, "cnt": 189}, "GENERAL": {"medie": 8.110663082437274, "reusita": 91.005291005291, "cnt": 189}, "LOGICA, ARGUMENTARE SI COMUNICARE": {"medie": 7.64375, "reusita": 93.75, "cnt": 16}, "GEOGRAFIE": {"medie": 8.0214705882353, "reusita": 97.6608187134503, "cnt": 171}, "PSIHOLOGIE": {"medie": 7.8, "reusita": 100.0, "cnt": 1}, "ECONOMIE": {"medie": 9.2, "reusita": 100.0, "cnt": 1}}, "nume": "COLEGIUL ECONOMIC \"DIONISIE POP MARTIAN\" ALBA IULIA\tAlba"}