{"specializari": {"MATEMATICA-INFORMATICA": 127, "STIINTE ALE NATURII": 35, "FILOLOGIE": 33}, "limba_moderna": {"LIMBA ENGLEZA": 186, "LIMBA FRANCEZA": 6, "LIMBA GERMANA MODERNA": 3}, "limba_materna": {"LIMBA ROMANA": 195}, "promotie_anterioara": {"NU": 193, "DA": 2}, "materii": {"LIMBA ROMANA": {"medie": 8.53076923076923, "reusita": 100.0, "cnt": 195}, "GENERAL": {"medie": 8.688632478632478, "reusita": 98.46153846153847, "cnt": 195}, "MATEMATICA ST-NAT": {"medie": 8.507142857142858, "reusita": 100.0, "cnt": 35}, "CHIMIE ORGANICA TEO NIVEL I/II": {"medie": 9.036956521739128, "reusita": 100.0, "cnt": 23}, "ISTORIE": {"medie": 7.936363636363637, "reusita": 100.0, "cnt": 33}, "LOGICA, ARGUMENTARE SI COMUNICARE": {"medie": 8.966666666666667, "reusita": 100.0, "cnt": 3}, "MATEMATICA MATE-INFO": {"medie": 8.82125984251969, "reusita": 99.21259842519686, "cnt": 127}, "INFORMATICA MI C/C++": {"medie": 8.85108695652174, "reusita": 100.0, "cnt": 46}, "GEOGRAFIE": {"medie": 8.59, "reusita": 100.0, "cnt": 10}, "ANATOMIE SI FIZIOLOGIE UMANA, GENETICA SI ECOLOGIE UMANA": {"medie": 8.928395061728398, "reusita": 98.76543209876543, "cnt": 81}, "FIZICA TEO": {"medie": 9.375, "reusita": 100.0, "cnt": 10}, "SOCIOLOGIE": {"medie": 9.142307692307693, "reusita": 100.0, "cnt": 13}, "CHIMIE ANORGANICA TEO NIVEL I/II": {"medie": 8.35, "reusita": 100.0, "cnt": 2}, "PSIHOLOGIE": {"medie": 8.08, "reusita": 100.0, "cnt": 5}, "FILOSOFIE": {"medie": 9.35, "reusita": 100.0, "cnt": 2}}, "nume": "COLEGIUL NATIONAL \"EMANUIL GOJDU\" ORADEA\tBihor"}