{"specializari": {"MATEMATICA-INFORMATICA": 100, "FILOLOGIE": 72}, "limba_moderna": {"LIMBA ENGLEZA": 143, "LIMBA FRANCEZA": 29}, "limba_materna": {"LIMBA ROMANA": 172}, "promotie_anterioara": {"NU": 165, "DA": 7}, "materii": {"LIMBA ROMANA": {"medie": 8.556686046511633, "reusita": 98.83720930232558, "cnt": 172}, "GENERAL": {"medie": 8.460368217054258, "reusita": 94.76744186046511, "cnt": 172}, "CHIMIE ORGANICA TEO NIVEL I/II": {"medie": 8.577272727272728, "reusita": 100.0, "cnt": 11}, "ISTORIE": {"medie": 8.073611111111111, "reusita": 100.0, "cnt": 72}, "MATEMATICA MATE-INFO": {"medie": 8.612000000000004, "reusita": 99.0, "cnt": 100}, "INFORMATICA MI C/C++": {"medie": 7.599999999999999, "reusita": 93.33333333333333, "cnt": 30}, "GEOGRAFIE": {"medie": 8.50859375, "reusita": 100.0, "cnt": 64}, "ANATOMIE SI FIZIOLOGIE UMANA, GENETICA SI ECOLOGIE UMANA": {"medie": 8.606060606060606, "reusita": 100.0, "cnt": 33}, "FIZICA TEO": {"medie": 9.12, "reusita": 100.0, "cnt": 25}, "SOCIOLOGIE": {"medie": 7.85, "reusita": 100.0, "cnt": 7}, "CHIMIE ANORGANICA TEO NIVEL I/II": {"medie": 8.75, "reusita": 100.0, "cnt": 1}, "ECONOMIE": {"medie": 8.7, "reusita": 100.0, "cnt": 1}}, "nume": "COLEGIUL NATIONAL \"CONSTANTIN CARABELLA\" TARGOVISTE\tD\u00e2mbovi\u021ba"}