{"specializari": {"MATEMATICA-INFORMATICA": 32, "TEHNICIAN DE TELECOMUNICATII": 27, "TEHNICIAN DESENATOR PENTRU CONSTRUCTII SI INSTALATII": 20, "TEHNICIAN ECOLOG SI PROTECTIA CALITATII MEDIULUI": 21, "TEHNICIAN PROIECTANT CAD": 3, "TEHNICIAN IN ACTIVITATI ECONOMICE": 28, "TEHNICIAN IN TURISM": 12, "TEHNICIAN OPERATOR TEHNICA DE CALCUL": 12, "TEHNICIAN MECATRONIST": 2, "TEHNICIAN MECANIC PENTRU INTRETINERE SI REPARATII": 2}, "limba_moderna": {"LIMBA ENGLEZA": 141, "LIMBA FRANCEZA": 18}, "limba_materna": {"LIMBA ROMANA": 159}, "promotie_anterioara": {"NU": 113, "DA": 46}, "materii": {"LIMBA ROMANA": {"medie": 6.437748344370862, "reusita": 87.42138364779875, "cnt": 159}, "MATEMATICA TEHN": {"medie": 5.663750000000003, "reusita": 64.56692913385827, "cnt": 127}, "BIOLOGIE VEGETALA SI ANIMALA": {"medie": 5.337362637362639, "reusita": 56.86274509803921, "cnt": 102}, "GENERAL": {"medie": 6.125632183908047, "reusita": 47.79874213836478, "cnt": 159}, "MATEMATICA MATE-INFO": {"medie": 5.4609375, "reusita": 71.875, "cnt": 32}, "INFORMATICA MI C/C++": {"medie": 5.2, "reusita": 100.0, "cnt": 1}, "GEOGRAFIE": {"medie": 8.394871794871795, "reusita": 97.5, "cnt": 40}, "ANATOMIE SI FIZIOLOGIE UMANA, GENETICA SI ECOLOGIE UMANA": {"medie": 6.925, "reusita": 91.66666666666666, "cnt": 12}, "FIZICA TEH": {"medie": 3.5666666666666664, "reusita": 33.33333333333333, "cnt": 3}, "CHIMIE ANORGANICA TEO NIVEL I/II": {"medie": 4.4, "reusita": 0.0, "cnt": 1}}, "nume": "COLEGIUL TEHNIC \"ION MINCU\" FOCSANI\tVrancea"}