{"specializari": {"MATEMATICA-INFORMATICA": 128, "STIINTE ALE NATURII": 29, "STIINTE SOCIALE": 1}, "limba_moderna": {"LIMBA ENGLEZA": 158}, "limba_materna": {"LIMBA ROMANA": 158}, "promotie_anterioara": {"NU": 133, "DA": 25}, "materii": {"LIMBA ROMANA": {"medie": 7.653797468354434, "reusita": 100.0, "cnt": 158}, "GENERAL": {"medie": 7.54755838641189, "reusita": 87.9746835443038, "cnt": 158}, "MATEMATICA ST-NAT": {"medie": 7.513793103448276, "reusita": 100.0, "cnt": 29}, "CHIMIE ORGANICA TEO NIVEL I/II": {"medie": 7.33125, "reusita": 100.0, "cnt": 8}, "ISTORIE": {"medie": 5.5, "reusita": 100.0, "cnt": 1}, "MATEMATICA MATE-INFO": {"medie": 7.147244094488187, "reusita": 92.96875, "cnt": 128}, "INFORMATICA MI C/C++": {"medie": 7.327777777777777, "reusita": 88.88888888888889, "cnt": 9}, "ANATOMIE SI FIZIOLOGIE UMANA, GENETICA SI ECOLOGIE UMANA": {"medie": 7.710434782608699, "reusita": 95.6896551724138, "cnt": 116}, "FIZICA TEO": {"medie": 9.525, "reusita": 100.0, "cnt": 4}, "SOCIOLOGIE": {"medie": 6.2, "reusita": 100.0, "cnt": 1}, "INFORMATICA MI PASCAL": {"medie": 8.199999999999998, "reusita": 100.0, "cnt": 20}}, "nume": "COLEGIUL NATIONAL DE INFORMATICA \"CARMEN SYLVA\" PETROSANI\tHunedoara"}