{"specializari": {"TEHNICIAN OPERATOR TEHNICA DE CALCUL": 20, "TEHNICIAN IN ACTIVITATI ECONOMICE": 14, "TEHNICIAN IN INSTALATII ELECTRICE": 4, "TEHNICIAN IN TURISM": 19, "TEHNICIAN IN ACTIVITATI DE COMERT": 17, "TEHNICIAN ECOLOG SI PROTECTIA CALITATII MEDIULUI": 22, "TEHNICIAN MECANIC PENTRU INTRETINERE SI REPARATII": 3, "TEHNICIAN CHIMIST DE LABORATOR": 1, "TEHNICIAN ANALIZE PRODUSE ALIMENTARE": 9, "STIINTE ALE NATURII": 1, "TEHNICIAN IN ADMINISTRATIE": 3}, "limba_moderna": {"LIMBA ENGLEZA": 107, "LIMBA FRANCEZA": 6}, "limba_materna": {"LIMBA ROMANA": 113}, "promotie_anterioara": {"NU": 88, "DA": 25}, "materii": {"LIMBA ROMANA": {"medie": 5.990454545454546, "reusita": 83.1858407079646, "cnt": 113}, "MATEMATICA TEHN": {"medie": 5.344761904761902, "reusita": 59.82142857142857, "cnt": 112}, "BIOLOGIE VEGETALA SI ANIMALA": {"medie": 5.852380952380953, "reusita": 68.18181818181817, "cnt": 22}, "GENERAL": {"medie": 5.650793650793649, "reusita": 41.5929203539823, "cnt": 113}, "MATEMATICA ST-NAT": {"medie": 6.2, "reusita": 100.0, "cnt": 1}, "GEOGRAFIE": {"medie": 5.3112499999999985, "reusita": 63.41463414634146, "cnt": 41}, "ANATOMIE SI FIZIOLOGIE UMANA, GENETICA SI ECOLOGIE UMANA": {"medie": 6.204166666666667, "reusita": 88.0, "cnt": 25}, "FIZICA TEH": {"medie": 5.64, "reusita": 60.0, "cnt": 5}, "ECONOMIE": {"medie": 3.8791666666666664, "reusita": 33.33333333333333, "cnt": 12}, "CHIMIE ANORGANICA TEH NIVEL I/II": {"medie": 5.66, "reusita": 83.33333333333334, "cnt": 6}, "CHIMIE ORGANICA TEH NIVEL I/II": {"medie": 7.425000000000001, "reusita": 100.0, "cnt": 2}}, "nume": "COLEGIUL TEHNIC \"PETRU PONI\" ONESTI\tBac\u0103u"}