{"specializari": {"STIINTE ALE NATURII": 18, "STIINTE SOCIALE": 35, "MATEMATICA-INFORMATICA": 53, "FILOLOGIE": 91}, "limba_moderna": {"LIMBA ENGLEZA": 168, "LIMBA ITALIANA": 18, "LIMBA FRANCEZA": 11}, "limba_materna": {"LIMBA ROMANA": 197}, "promotie_anterioara": {"NU": 186, "DA": 11}, "materii": {"LIMBA ROMANA": {"medie": 8.220876288659795, "reusita": 96.95431472081218, "cnt": 197}, "GENERAL": {"medie": 8.12129144851658, "reusita": 90.86294416243655, "cnt": 197}, "MATEMATICA ST-NAT": {"medie": 5.5, "reusita": 61.111111111111114, "cnt": 18}, "CHIMIE ORGANICA TEO NIVEL I/II": {"medie": 7.7, "reusita": 100.0, "cnt": 2}, "ISTORIE": {"medie": 7.541463414634141, "reusita": 96.82539682539682, "cnt": 126}, "LOGICA, ARGUMENTARE SI COMUNICARE": {"medie": 8.2, "reusita": 100.0, "cnt": 1}, "MATEMATICA MATE-INFO": {"medie": 8.45188679245283, "reusita": 100.0, "cnt": 53}, "GEOGRAFIE": {"medie": 8.631512605042019, "reusita": 98.34710743801654, "cnt": 121}, "ANATOMIE SI FIZIOLOGIE UMANA, GENETICA SI ECOLOGIE UMANA": {"medie": 8.56, "reusita": 95.74468085106383, "cnt": 47}, "FIZICA TEO": {"medie": 8.316666666666666, "reusita": 100.0, "cnt": 6}, "CHIMIE ANORGANICA TEO NIVEL I/II": {"medie": 6.7363636363636346, "reusita": 81.81818181818183, "cnt": 11}, "PSIHOLOGIE": {"medie": 8.3, "reusita": 50.0, "cnt": 2}, "ECONOMIE": {"medie": 8.275, "reusita": 100.0, "cnt": 2}, "INFORMATICA MI PASCAL": {"medie": 8.86, "reusita": 100.0, "cnt": 5}}, "nume": "COLEGIUL NATIONAL \"NICOLAE TITULESCU\" PUCIOASA\tD\u00e2mbovi\u021ba"}