{"specializari": {"MATEMATICA-INFORMATICA": 49, "TEHNICIAN OPERATOR TEHNICA DE CALCUL": 11, "TEHNICIAN ELECTRONIST": 5, "TEHNICIAN IN AUTOMATIZARI": 27, "TEHNICIAN MECATRONIST": 17, "TEHNICIAN ELECTROTEHNIST": 1}, "limba_moderna": {"LIMBA ENGLEZA": 109, "LIMBA FRANCEZA": 1}, "limba_materna": {"LIMBA ROMANA": 110}, "promotie_anterioara": {"NU": 45, "DA": 65}, "materii": {"LIMBA ROMANA": {"medie": 5.5373786407767005, "reusita": 75.45454545454545, "cnt": 110}, "MATEMATICA TEHN": {"medie": 4.047058823529411, "reusita": 45.90163934426229, "cnt": 61}, "BIOLOGIE VEGETALA SI ANIMALA": {"medie": 5.4770114942528725, "reusita": 61.458333333333336, "cnt": 96}, "GENERAL": {"medie": 5.067383512544803, "reusita": 20.0, "cnt": 110}, "MATEMATICA MATE-INFO": {"medie": 4.1468750000000005, "reusita": 46.93877551020408, "cnt": 49}, "INFORMATICA MI C/C++": {"medie": 4.1, "reusita": 50.0, "cnt": 2}, "ANATOMIE SI FIZIOLOGIE UMANA, GENETICA SI ECOLOGIE UMANA": {"medie": 6.825, "reusita": 100.0, "cnt": 2}, "FIZICA TEO": {"medie": 4.1, "reusita": 0.0, "cnt": 1}, "FIZICA TEH": {"medie": 6.0, "reusita": 33.33333333333333, "cnt": 3}, "CHIMIE ANORGANICA TEH NIVEL I/II": {"medie": 4.55, "reusita": 50.0, "cnt": 4}, "INFORMATICA MI PASCAL": {"medie": 5.2, "reusita": 100.0, "cnt": 1}, "CHIMIE ORGANICA TEH NIVEL I/II": {"medie": "-", "reusita": 0.0, "cnt": 1}}, "nume": "COLEGIUL TEHNIC \"EDMOND NICOLAU\"\tBucure\u0219ti"}