{"specializari": {"MATEMATICA-INFORMATICA": 31, "TEHNICIAN IN ACTIVITATI ECONOMICE": 96, "TEHNICIAN IN ADMINISTRATIE": 18, "TEHNICIAN IN TURISM": 40}, "limba_moderna": {"LIMBA FRANCEZA": 10, "LIMBA ENGLEZA": 167, "LIMBA ITALIANA": 6, "LIMBA SPANIOLA": 2}, "limba_materna": {"LIMBA ROMANA": 185}, "promotie_anterioara": {"NU": 159, "DA": 26}, "materii": {"LIMBA ROMANA": {"medie": 6.622702702702704, "reusita": 94.5945945945946, "cnt": 185}, "MATEMATICA TEHN": {"medie": 7.582894736842106, "reusita": 94.8051948051948, "cnt": 154}, "BIOLOGIE VEGETALA SI ANIMALA": {"medie": 3.4200000000000004, "reusita": 16.666666666666664, "cnt": 6}, "GENERAL": {"medie": 7.234806629834254, "reusita": 80.54054054054053, "cnt": 185}, "CHIMIE ORGANICA TEO NIVEL I/II": {"medie": 9.3, "reusita": 100.0, "cnt": 1}, "LOGICA, ARGUMENTARE SI COMUNICARE": {"medie": 7.92058823529412, "reusita": 94.11764705882352, "cnt": 17}, "MATEMATICA MATE-INFO": {"medie": 5.709999999999999, "reusita": 74.19354838709677, "cnt": 31}, "INFORMATICA MI C/C++": {"medie": 6.8999999999999995, "reusita": 100.0, "cnt": 7}, "GEOGRAFIE": {"medie": 8.023333333333332, "reusita": 100.0, "cnt": 135}, "ANATOMIE SI FIZIOLOGIE UMANA, GENETICA SI ECOLOGIE UMANA": {"medie": 6.5058823529411764, "reusita": 82.35294117647058, "cnt": 17}, "PSIHOLOGIE": {"medie": 7.8, "reusita": 100.0, "cnt": 1}, "ECONOMIE": {"medie": 9.4, "reusita": 100.0, "cnt": 1}}, "nume": "COLEGIUL ECONOMIC \"ANGHEL RUGINA\", MUN. VASLUI\tVaslui"}