{"specializari": {"TEHNICIAN INSTALATOR PENTRU CONSTRUCTII": 22, "TEHNICIAN ECOLOG SI PROTECTIA CALITATII MEDIULUI": 41, "TEHNICIAN DESENATOR PENTRU CONSTRUCTII SI INSTALATII": 19, "TEHNICIAN MECATRONIST": 30, "TEHNICIAN PROIECTANT CAD": 21, "TEHNICIAN IN INSTALATII ELECTRICE": 27, "TEHNICIAN IN CONSTRUCTII SI LUCRARI PUBLICE": 24, "TEHNICIAN ELECTROTEHNIST": 2, "TEHNICIAN PRELUCRARI LA CALD": 5, "TEHNICIAN MECANIC PENTRU INTRETINERE SI REPARATII": 1, "STIINTE ALE NATURII": 1, "MATEMATICA-INFORMATICA": 1}, "limba_moderna": {"LIMBA FRANCEZA": 40, "LIMBA ENGLEZA": 154}, "limba_materna": {"LIMBA ROMANA": 194}, "promotie_anterioara": {"NU": 129, "DA": 65}, "materii": {"LIMBA ROMANA": {"medie": 5.672894736842106, "reusita": 84.5360824742268, "cnt": 194}, "MATEMATICA TEHN": {"medie": 5.8383597883597895, "reusita": 74.47916666666666, "cnt": 192}, "BIOLOGIE VEGETALA SI ANIMALA": {"medie": 5.289000000000001, "reusita": 65.13157894736842, "cnt": 152}, "GENERAL": {"medie": 5.6262411347517745, "reusita": 42.78350515463917, "cnt": 194}, "MATEMATICA ST-NAT": {"medie": 5.0, "reusita": 100.0, "cnt": 1}, "MATEMATICA MATE-INFO": {"medie": 6.1, "reusita": 100.0, "cnt": 1}, "ANATOMIE SI FIZIOLOGIE UMANA, GENETICA SI ECOLOGIE UMANA": {"medie": 7.720000000000001, "reusita": 80.0, "cnt": 5}, "FIZICA TEH": {"medie": 5.293333333333334, "reusita": 62.5, "cnt": 16}, "CHIMIE ANORGANICA TEH NIVEL I/II": {"medie": 4.842105263157895, "reusita": 60.0, "cnt": 20}, "INFORMATICA MI PASCAL": {"medie": 5.85, "reusita": 100.0, "cnt": 1}}, "nume": "COLEGIUL TEHNIC \"DIMITRIE DIMA\"\tArge\u0219"}