{"specializari": {"TEHNICIAN ELECTRICIAN/ELECTRONIST AUTO": 40, "TEHNICIAN TRANSPORTURI": 68, "TEHNICIAN MECATRONIST": 3}, "limba_moderna": {"LIMBA FRANCEZA": 3, "LIMBA ENGLEZA": 108}, "limba_materna": {"LIMBA ROMANA": 111}, "promotie_anterioara": {"NU": 68, "DA": 43}, "materii": {"LIMBA ROMANA": {"medie": 5.721226415094339, "reusita": 80.18018018018019, "cnt": 111}, "MATEMATICA TEHN": {"medie": 6.494907407407409, "reusita": 86.48648648648648, "cnt": 111}, "BIOLOGIE VEGETALA SI ANIMALA": {"medie": 5.30625, "reusita": 60.60606060606061, "cnt": 66}, "GENERAL": {"medie": 5.939379084967318, "reusita": 43.24324324324324, "cnt": 111}, "FIZICA TEH": {"medie": 6.655555555555558, "reusita": 94.44444444444444, "cnt": 18}, "CHIMIE ANORGANICA TEH NIVEL I/II": {"medie": 5.533333333333335, "reusita": 81.48148148148148, "cnt": 27}}, "nume": "COLEGIUL TEHNIC AUTO \"TRAIAN VUIA\" FOCSANI\tVrancea"}