{"specializari": {"MATEMATICA-INFORMATICA": 109}, "limba_moderna": {"LIMBA ENGLEZA": 109}, "limba_materna": {"LIMBA ROMANA": 109}, "promotie_anterioara": {"NU": 109}, "materii": {"LIMBA ROMANA": {"medie": 8.88073394495413, "reusita": 100.0, "cnt": 109}, "BIOLOGIE VEGETALA SI ANIMALA": {"medie": 8.554687500000002, "reusita": 100.0, "cnt": 32}, "GENERAL": {"medie": 9.129357798165136, "reusita": 100.0, "cnt": 109}, "CHIMIE ORGANICA TEO NIVEL I/II": {"medie": 8.5, "reusita": 100.0, "cnt": 4}, "MATEMATICA MATE-INFO": {"medie": 9.560550458715598, "reusita": 100.0, "cnt": 109}, "INFORMATICA MI C/C++": {"medie": 8.075000000000001, "reusita": 100.0, "cnt": 4}, "FIZICA TEO": {"medie": 9.205072463768117, "reusita": 100.0, "cnt": 69}}, "nume": "COLEGIUL LICEAL MILITAR \"MIHAI VITEAZUL\" ALBA IULIA\tAlba"}