{"specializari": {"MATEMATICA-INFORMATICA": 18, "STIINTE ALE NATURII": 24, "TEHNICIAN IN ACTIVITATI ECONOMICE": 47, "TEHNICIAN ELECTRICIAN/ELECTRONIST AUTO": 10, "TEHNICIAN OPERATOR TEHNICA DE CALCUL": 19, "TEHNICIAN PROIECTANT CAD": 21, "TEHNICIAN IN INSTALATII ELECTRICE": 11, "TEHNICIAN IN ADMINISTRATIE": 19, "TEHNICIAN IN ACHIZITII SI CONTRACTARI": 8, "TEHNICIAN ELECTROMECANIC": 4, "TEHNICIAN MECATRONIST": 1}, "limba_moderna": {"LIMBA FRANCEZA": 67, "LIMBA ENGLEZA": 115}, "limba_materna": {"LIMBA ROMANA": 182}, "promotie_anterioara": {"NU": 151, "DA": 31}, "materii": {"LIMBA ROMANA": {"medie": 6.771348314606738, "reusita": 93.4065934065934, "cnt": 182}, "MATEMATICA TEHN": {"medie": 6.156985294117646, "reusita": 77.85714285714286, "cnt": 140}, "BIOLOGIE VEGETALA SI ANIMALA": {"medie": 4.770754716981133, "reusita": 50.0, "cnt": 56}, "GENERAL": {"medie": 6.295428571428574, "reusita": 51.64835164835166, "cnt": 182}, "MATEMATICA ST-NAT": {"medie": 4.739130434782608, "reusita": 45.83333333333333, "cnt": 24}, "LOGICA, ARGUMENTARE SI COMUNICARE": {"medie": 7.658771929824562, "reusita": 93.10344827586206, "cnt": 58}, "MATEMATICA MATE-INFO": {"medie": 5.458333333333332, "reusita": 61.111111111111114, "cnt": 18}, "GEOGRAFIE": {"medie": 5.846875, "reusita": 81.25, "cnt": 16}, "ANATOMIE SI FIZIOLOGIE UMANA, GENETICA SI ECOLOGIE UMANA": {"medie": 5.991666666666667, "reusita": 76.0, "cnt": 25}, "FIZICA TEO": {"medie": 8.85, "reusita": 100.0, "cnt": 1}, "FIZICA TEH": {"medie": 4.25, "reusita": 0.0, "cnt": 1}, "CHIMIE ANORGANICA TEO NIVEL I/II": {"medie": 6.207142857142857, "reusita": 92.85714285714286, "cnt": 14}, "CHIMIE ANORGANICA TEH NIVEL I/II": {"medie": 6.119999999999999, "reusita": 72.72727272727273, "cnt": 11}}, "nume": "COLEGIUL TEHNIC DE CAI FERATE \"UNIREA\", PASCANI\tIa\u0219i"}