{"specializari": {"TEHNICIAN ELECTRICIAN/ELECTRONIST AUTO": 15, "TEHNICIAN DE TELECOMUNICATII": 2, "TEHNICIAN TRANSPORTURI": 19, "TEHNICIAN OPERATOR TEHNICA DE CALCUL": 10, "TEHNICIAN IN AUTOMATIZARI": 3, "TEHNICIAN DESENATOR PENTRU CONSTRUCTII SI INSTALATII": 4}, "limba_moderna": {"LIMBA ENGLEZA": 50, "LIMBA FRANCEZA": 3}, "limba_materna": {"LIMBA ROMANA": 51, "LIMBA MAGHIARA": 2}, "promotie_anterioara": {"NU": 30, "DA": 23}, "materii": {"LIMBA ROMANA": {"medie": 5.777450980392158, "reusita": 90.56603773584906, "cnt": 53}, "MATEMATICA TEHN": {"medie": 6.151923076923075, "reusita": 86.79245283018868, "cnt": 53}, "BIOLOGIE VEGETALA SI ANIMALA": {"medie": 5.1067567567567576, "reusita": 60.526315789473685, "cnt": 38}, "GENERAL": {"medie": 5.746853741496601, "reusita": 39.62264150943396, "cnt": 53}, "FIZICA TEH": {"medie": 5.0, "reusita": 66.66666666666666, "cnt": 9}, "LIMBA MAGHIARA (REAL)": {"medie": 5.65, "reusita": 100.0, "cnt": 2}, "CHIMIE ANORGANICA TEH NIVEL I/II": {"medie": 6.658333333333334, "reusita": 100.0, "cnt": 6}}, "nume": "COLEGIUL TEHNIC DE TRANSPORTURI \"TRANSILVANIA\" CLUJ-NAPOCA\tCluj"}