{"specializari": {"TEHNICIAN ELECTROTEHNIST": 2, "COAFOR STILIST": 14, "TEHNICIAN TRANSPORTURI": 5, "TEHNICIAN IN INSTALATII ELECTRICE": 23, "TEHNICIAN PRELUCRARI MECANICE": 2, "TEHNICIAN ELECTROMECANIC": 4, "TEHNICIAN DE TELECOMUNICATII": 3, "TEHNICIAN OPERATOR TEHNICA DE CALCUL": 1, "TEHNICIAN MECATRONIST": 3}, "limba_moderna": {"LIMBA ENGLEZA": 41, "LIMBA FRANCEZA": 8, "LIMBA GERMANA MODERNA": 8}, "limba_materna": {"LIMBA ROMANA": 57}, "promotie_anterioara": {"DA": 18, "NU": 39}, "materii": {"LIMBA ROMANA": {"medie": 5.757843137254903, "reusita": 80.7017543859649, "cnt": 57}, "MATEMATICA TEHN": {"medie": 3.5840000000000005, "reusita": 33.33333333333333, "cnt": 57}, "BIOLOGIE VEGETALA SI ANIMALA": {"medie": 3.644642857142857, "reusita": 18.421052631578945, "cnt": 38}, "GENERAL": {"medie": 4.516666666666667, "reusita": 15.789473684210526, "cnt": 57}, "GEOGRAFIE": {"medie": 4.757142857142858, "reusita": 57.14285714285714, "cnt": 14}, "FIZICA TEH": {"medie": 8.2, "reusita": 50.0, "cnt": 2}, "CHIMIE ANORGANICA TEH NIVEL I/II": {"medie": 4.466666666666667, "reusita": 33.33333333333333, "cnt": 3}}, "nume": "COLEGIUL TEHNIC RESITA\tCara\u0219-Severin"}