{"specializari": {"MATEMATICA-INFORMATICA": 112, "FILOLOGIE": 71, "STIINTE SOCIALE": 37, "STIINTE ALE NATURII": 2}, "limba_moderna": {"LIMBA ENGLEZA": 194, "LIMBA FRANCEZA": 5, "LIMBA ITALIANA": 23}, "limba_materna": {"LIMBA ROMANA": 222}, "promotie_anterioara": {"NU": 207, "DA": 15}, "materii": {"LIMBA ROMANA": {"medie": 7.679954954954956, "reusita": 99.54954954954955, "cnt": 222}, "BIOLOGIE VEGETALA SI ANIMALA": {"medie": 8.196875, "reusita": 100.0, "cnt": 16}, "GENERAL": {"medie": 7.891818181818181, "reusita": 93.69369369369369, "cnt": 222}, "MATEMATICA ST-NAT": {"medie": 3.275, "reusita": 50.0, "cnt": 2}, "CHIMIE ORGANICA TEO NIVEL I/II": {"medie": 7.3, "reusita": 100.0, "cnt": 6}, "ISTORIE": {"medie": 7.478240740740738, "reusita": 99.07407407407408, "cnt": 108}, "LOGICA, ARGUMENTARE SI COMUNICARE": {"medie": 8.35859375, "reusita": 96.875, "cnt": 64}, "MATEMATICA MATE-INFO": {"medie": 8.109009009009013, "reusita": 96.42857142857143, "cnt": 112}, "INFORMATICA MI C/C++": {"medie": 8.136000000000001, "reusita": 100.0, "cnt": 25}, "GEOGRAFIE": {"medie": 8.745454545454546, "reusita": 100.0, "cnt": 11}, "ANATOMIE SI FIZIOLOGIE UMANA, GENETICA SI ECOLOGIE UMANA": {"medie": 8.388709677419357, "reusita": 90.625, "cnt": 32}, "FIZICA TEO": {"medie": 8.260606060606062, "reusita": 96.96969696969697, "cnt": 33}, "SOCIOLOGIE": {"medie": 7.6847826086956506, "reusita": 100.0, "cnt": 23}, "CHIMIE ANORGANICA TEO NIVEL I/II": {"medie": 6.1, "reusita": 100.0, "cnt": 1}, "PSIHOLOGIE": {"medie": 7.800000000000001, "reusita": 100.0, "cnt": 4}, "ECONOMIE": {"medie": 7.459999999999999, "reusita": 100.0, "cnt": 5}, "INFORMATICA MI PASCAL": {"medie": 8.95, "reusita": 100.0, "cnt": 1}, "FILOSOFIE": {"medie": 8.1, "reusita": 100.0, "cnt": 1}}, "nume": "COLEGIUL NATIONAL \"ION NECULCE\"\tBucure\u0219ti"}