{"specializari": {"MATEMATICA-INFORMATICA": 31, "TEHNICIAN IN ACTIVITATI ECONOMICE": 137, "TEHNICIAN IN ACTIVITATI DE COMERT": 35, "TEHNICIAN IN GASTRONOMIE": 5, "TEHNICIAN IN TURISM": 65, "TEHNICIAN IN ACHIZITII SI CONTRACTARI": 40, "ORGANIZATOR BANQUETING": 2}, "limba_moderna": {"LIMBA ENGLEZA": 280, "LIMBA FRANCEZA": 34, "LIMBA GERMANA MODERNA": 1}, "limba_materna": {"LIMBA ROMANA": 315}, "promotie_anterioara": {"NU": 301, "DA": 14}, "materii": {"LIMBA ROMANA": {"medie": 8.073003194888175, "reusita": 98.73015873015873, "cnt": 315}, "MATEMATICA TEHN": {"medie": 8.6355871886121, "reusita": 97.53521126760563, "cnt": 284}, "BIOLOGIE VEGETALA SI ANIMALA": {"medie": 8.110714285714286, "reusita": 100.0, "cnt": 14}, "GENERAL": {"medie": 8.311950696677389, "reusita": 93.65079365079364, "cnt": 315}, "CHIMIE ORGANICA TEO NIVEL I/II": {"medie": 8.55, "reusita": 100.0, "cnt": 1}, "LOGICA, ARGUMENTARE SI COMUNICARE": {"medie": 8.578448275862074, "reusita": 98.28571428571429, "cnt": 175}, "MATEMATICA MATE-INFO": {"medie": 8.26774193548387, "reusita": 93.54838709677419, "cnt": 31}, "INFORMATICA MI C/C++": {"medie": 5.3, "reusita": 100.0, "cnt": 1}, "GEOGRAFIE": {"medie": 7.840625000000002, "reusita": 98.95833333333334, "cnt": 96}, "ANATOMIE SI FIZIOLOGIE UMANA, GENETICA SI ECOLOGIE UMANA": {"medie": 7.159999999999999, "reusita": 80.0, "cnt": 5}, "FIZICA TEO": {"medie": 7.5055555555555555, "reusita": 100.0, "cnt": 9}, "CHIMIE ANORGANICA TEO NIVEL I/II": {"medie": 8.4, "reusita": 100.0, "cnt": 1}, "PSIHOLOGIE": {"medie": 7.05, "reusita": 100.0, "cnt": 5}, "ECONOMIE": {"medie": 7.625, "reusita": 87.5, "cnt": 8}}, "nume": "COLEGIUL ECONOMIC \"VIRGIL MADGEARU\", MUNICIPIUL PLOIESTI\tPrahova"}