{"specializari": {"TEHNICIAN TRANSPORTURI": 20, "TEHNICIAN IN ACTIVITATI ECONOMICE": 30, "TEHNICIAN ECOLOG SI PROTECTIA CALITATII MEDIULUI": 12, "STIINTE ALE NATURII": 15, "TEHNICIAN OPERATOR TEHNICA DE CALCUL": 23, "TEHNICIAN MECATRONIST": 7, "TEHNICIAN DESENATOR PENTRU CONSTRUCTII SI INSTALATII": 1}, "limba_moderna": {"LIMBA ENGLEZA": 106, "LIMBA FRANCEZA": 2}, "limba_materna": {"LIMBA ROMANA": 108}, "promotie_anterioara": {"NU": 100, "DA": 8}, "materii": {"LIMBA ROMANA": {"medie": 7.05, "reusita": 88.88888888888889, "cnt": 108}, "MATEMATICA TEHN": {"medie": 6.187500000000003, "reusita": 78.49462365591397, "cnt": 93}, "BIOLOGIE VEGETALA SI ANIMALA": {"medie": 5.177272727272728, "reusita": 56.75675675675676, "cnt": 37}, "GENERAL": {"medie": 6.5860841423948235, "reusita": 62.03703703703704, "cnt": 108}, "MATEMATICA ST-NAT": {"medie": 5.529999999999999, "reusita": 66.66666666666666, "cnt": 15}, "GEOGRAFIE": {"medie": 7.785000000000001, "reusita": 100.0, "cnt": 30}, "ANATOMIE SI FIZIOLOGIE UMANA, GENETICA SI ECOLOGIE UMANA": {"medie": 7.521428571428572, "reusita": 100.0, "cnt": 14}, "CHIMIE ANORGANICA TEO NIVEL I/II": {"medie": 6.5, "reusita": 85.71428571428571, "cnt": 7}, "CHIMIE ANORGANICA TEH NIVEL I/II": {"medie": 6.2325, "reusita": 100.0, "cnt": 20}}, "nume": "COLEGIUL TEHNIC \"GRIGORE MOISIL\" BISTRITA\tBistri\u021ba-N\u0103s\u0103ud"}