{"specializari": {"INVATATOR - EDUCATOARE": 62, "FILOLOGIE": 72, "STIINTE ALE NATURII": 87, "MATEMATICA-INFORMATICA": 81}, "limba_moderna": {"LIMBA ENGLEZA": 265, "LIMBA FRANCEZA": 37}, "limba_materna": {"LIMBA ROMANA": 302}, "promotie_anterioara": {"NU": 298, "DA": 4}, "materii": {"LIMBA ROMANA": {"medie": 7.644039735099336, "reusita": 98.67549668874173, "cnt": 302}, "BIOLOGIE VEGETALA SI ANIMALA": {"medie": 8.379999999999999, "reusita": 100.0, "cnt": 5}, "GENERAL": {"medie": 8.100775193798446, "reusita": 95.03311258278146, "cnt": 302}, "MATEMATICA ST-NAT": {"medie": 8.32848837209302, "reusita": 97.70114942528735, "cnt": 87}, "CHIMIE ORGANICA TEO NIVEL I/II": {"medie": 7.513636363636363, "reusita": 100.0, "cnt": 11}, "ISTORIE": {"medie": 7.325694444444443, "reusita": 98.61111111111111, "cnt": 72}, "LOGICA, ARGUMENTARE SI COMUNICARE": {"medie": 8.404166666666667, "reusita": 95.83333333333334, "cnt": 24}, "MATEMATICA MATE-INFO": {"medie": 8.765432098765432, "reusita": 100.0, "cnt": 81}, "INFORMATICA MI C/C++": {"medie": 8.66818181818182, "reusita": 100.0, "cnt": 11}, "GEOGRAFIE": {"medie": 8.581609195402299, "reusita": 98.85057471264368, "cnt": 87}, "ANATOMIE SI FIZIOLOGIE UMANA, GENETICA SI ECOLOGIE UMANA": {"medie": 8.551162790697674, "reusita": 100.0, "cnt": 129}, "FIZICA TEO": {"medie": 7.837499999999999, "reusita": 100.0, "cnt": 12}, "MATEMATICA PED": {"medie": 8.26774193548387, "reusita": 98.38709677419355, "cnt": 62}, "SOCIOLOGIE": {"medie": 8.791666666666666, "reusita": 100.0, "cnt": 12}, "PSIHOLOGIE": {"medie": 7.295, "reusita": 100.0, "cnt": 10}, "FILOSOFIE": {"medie": 9.1, "reusita": 100.0, "cnt": 1}}, "nume": "COLEGIUL NATIONAL PEDAGOGIC \"STEFAN VELOVAN\" CRAIOVA\tDolj"}