{"specializari": {"STIINTE ALE NATURII": 60, "TEHNICIAN AGRONOM": 24, "TEHNICIAN IN ACTIVITATI DE COMERT": 14, "TEHNICIAN ECOLOG SI PROTECTIA CALITATII MEDIULUI": 1, "TEHNICIAN MECANIC PENTRU INTRETINERE SI REPARATII": 3}, "limba_moderna": {"LIMBA ENGLEZA": 96, "LIMBA GERMANA MODERNA": 3, "LIMBA FRANCEZA": 3}, "limba_materna": {"LIMBA MAGHIARA": 74, "LIMBA ROMANA": 28}, "promotie_anterioara": {"NU": 72, "DA": 30}, "materii": {"LIMBA ROMANA": {"medie": 4.482989690721651, "reusita": 48.03921568627451, "cnt": 102}, "MATEMATICA TEHN": {"medie": 3.2416666666666663, "reusita": 23.809523809523807, "cnt": 42}, "BIOLOGIE VEGETALA SI ANIMALA": {"medie": 7.220491803278692, "reusita": 93.54838709677419, "cnt": 62}, "GENERAL": {"medie": 5.605263157894737, "reusita": 32.35294117647059, "cnt": 102}, "MATEMATICA ST-NAT": {"medie": 6.130508474576272, "reusita": 83.33333333333334, "cnt": 60}, "CHIMIE ORGANICA TEO NIVEL I/II": {"medie": 4.09, "reusita": 20.0, "cnt": 5}, "GEOGRAFIE": {"medie": 5.8, "reusita": 64.28571428571429, "cnt": 14}, "ANATOMIE SI FIZIOLOGIE UMANA, GENETICA SI ECOLOGIE UMANA": {"medie": 3.6423076923076922, "reusita": 26.666666666666668, "cnt": 15}, "CHIMIE ANORGANICA TEO NIVEL I/II": {"medie": 8.075, "reusita": 100.0, "cnt": 2}, "LIMBA MAGHIARA (REAL)": {"medie": 6.775714285714284, "reusita": 90.54054054054053, "cnt": 74}, "CHIMIE ANORGANICA TEH NIVEL I/II": {"medie": 5.487500000000001, "reusita": 75.0, "cnt": 4}}, "nume": "COLEGIUL AGRICOL NR. 1 VALEA LUI MIHAI\tBihor"}