{"specializari": {"INVATATOR - EDUCATOARE": 29, "STIINTE ALE NATURII": 64, "FILOLOGIE": 95, "STIINTE SOCIALE": 32, "MATEMATICA-INFORMATICA": 49}, "limba_moderna": {"LIMBA ENGLEZA": 209, "LIMBA FRANCEZA": 59, "LIMBA ITALIANA": 1}, "limba_materna": {"LIMBA ROMANA": 269}, "promotie_anterioara": {"NU": 268, "DA": 1}, "materii": {"LIMBA ROMANA": {"medie": 8.55746268656717, "reusita": 99.62825278810409, "cnt": 269}, "BIOLOGIE VEGETALA SI ANIMALA": {"medie": 8.75, "reusita": 100.0, "cnt": 4}, "GENERAL": {"medie": 8.358644278606967, "reusita": 98.51301115241635, "cnt": 269}, "MATEMATICA ST-NAT": {"medie": 8.179687499999996, "reusita": 100.0, "cnt": 64}, "CHIMIE ORGANICA TEO NIVEL I/II": {"medie": 8.825, "reusita": 100.0, "cnt": 2}, "ISTORIE": {"medie": 7.453543307086615, "reusita": 100.0, "cnt": 127}, "LOGICA, ARGUMENTARE SI COMUNICARE": {"medie": 9.220000000000002, "reusita": 100.0, "cnt": 5}, "MATEMATICA MATE-INFO": {"medie": 9.024489795918367, "reusita": 100.0, "cnt": 49}, "INFORMATICA MI C/C++": {"medie": 9.084, "reusita": 100.0, "cnt": 25}, "GEOGRAFIE": {"medie": 8.293043478260866, "reusita": 98.27586206896551, "cnt": 116}, "ANATOMIE SI FIZIOLOGIE UMANA, GENETICA SI ECOLOGIE UMANA": {"medie": 8.660975609756097, "reusita": 100.0, "cnt": 82}, "MATEMATICA PED": {"medie": 8.526785714285714, "reusita": 96.55172413793103, "cnt": 29}, "SOCIOLOGIE": {"medie": 7.79375, "reusita": 100.0, "cnt": 24}, "PSIHOLOGIE": {"medie": 7.0, "reusita": 100.0, "cnt": 2}, "ECONOMIE": {"medie": 9.45, "reusita": 100.0, "cnt": 8}, "FILOSOFIE": {"medie": 9.5, "reusita": 100.0, "cnt": 1}}, "nume": "COLEGIUL NATIONAL \"SPIRU HARET\" TG-JIU\tGorj"}