{"specializari": {"TEHNICIAN ECOLOG SI PROTECTIA CALITATII MEDIULUI": 74, "TEHNICIAN IN INSTALATII ELECTRICE": 17, "TEHNICIAN ELECTROMECANIC": 9, "TEHNICIAN IN CONSTRUCTII SI LUCRARI PUBLICE": 19, "TEHNICIAN IN INDUSTRIA MATERIALELOR DE CONSTRUCTII": 12, "TEHNICIAN MECANIC PENTRU INTRETINERE SI REPARATII": 16, "TEHNICIAN IN ACTIVITATI ECONOMICE": 59, "TEHNICIAN DESENATOR PENTRU CONSTRUCTII SI INSTALATII": 2, "TEHNICIAN OPERATOR TEHNICA DE CALCUL": 9, "TEHNICIAN ELECTRONIST": 2, "TEHNICIAN MECATRONIST": 2, "TEHNICIAN ELECTROTEHNIST": 1}, "limba_moderna": {"LIMBA ENGLEZA": 188, "LIMBA FRANCEZA": 34}, "limba_materna": {"LIMBA ROMANA": 222}, "promotie_anterioara": {"NU": 190, "DA": 32}, "materii": {"LIMBA ROMANA": {"medie": 6.298604651162789, "reusita": 83.78378378378379, "cnt": 222}, "MATEMATICA TEHN": {"medie": 6.472429906542056, "reusita": 73.87387387387388, "cnt": 222}, "BIOLOGIE VEGETALA SI ANIMALA": {"medie": 5.131756756756757, "reusita": 55.12820512820513, "cnt": 78}, "GENERAL": {"medie": 6.528095238095238, "reusita": 58.108108108108105, "cnt": 222}, "LOGICA, ARGUMENTARE SI COMUNICARE": {"medie": 7.855714285714285, "reusita": 91.42857142857143, "cnt": 35}, "GEOGRAFIE": {"medie": 7.409523809523809, "reusita": 90.9090909090909, "cnt": 22}, "ANATOMIE SI FIZIOLOGIE UMANA, GENETICA SI ECOLOGIE UMANA": {"medie": 7.561764705882352, "reusita": 94.20289855072464, "cnt": 69}, "FIZICA TEH": {"medie": 2.8666666666666667, "reusita": 14.285714285714285, "cnt": 7}, "PSIHOLOGIE": {"medie": 4.5, "reusita": 0.0, "cnt": 1}, "ECONOMIE": {"medie": 10.0, "reusita": 100.0, "cnt": 1}, "CHIMIE ANORGANICA TEH NIVEL I/II": {"medie": 5.521428571428571, "reusita": 71.42857142857143, "cnt": 7}, "CHIMIE ORGANICA TEH NIVEL I/II": {"medie": 8.925, "reusita": 100.0, "cnt": 2}}, "nume": "COLEGIUL TEHNIC \"PETRU PONI\", MUNICIPIUL ROMAN\tNeam\u021b"}