{"specializari": {"TEHNICIAN IN TURISM": 75, "MATEMATICA-INFORMATICA": 26, "TEHNICIAN PRELUCRARI MECANICE": 1, "TEHNICIAN PROIECTANT CAD": 31, "TEHNICIAN IN HOTELARIE": 5, "TEHNICIAN MECANIC PENTRU INTRETINERE SI REPARATII": 1, "TEHNICIAN TRANSPORTURI": 12}, "limba_moderna": {"LIMBA ENGLEZA": 143, "LIMBA FRANCEZA": 8}, "limba_materna": {"LIMBA ROMANA": 151}, "promotie_anterioara": {"DA": 68, "NU": 83}, "materii": {"LIMBA ROMANA": {"medie": 6.014285714285714, "reusita": 89.40397350993378, "cnt": 151}, "MATEMATICA TEHN": {"medie": 5.850840336134456, "reusita": 72.8, "cnt": 125}, "BIOLOGIE VEGETALA SI ANIMALA": {"medie": 5.329807692307692, "reusita": 61.111111111111114, "cnt": 54}, "GENERAL": {"medie": 6.031087470449173, "reusita": 48.34437086092716, "cnt": 151}, "MATEMATICA MATE-INFO": {"medie": 4.630000000000001, "reusita": 65.38461538461539, "cnt": 26}, "GEOGRAFIE": {"medie": 7.022151898734179, "reusita": 96.20253164556962, "cnt": 79}, "ANATOMIE SI FIZIOLOGIE UMANA, GENETICA SI ECOLOGIE UMANA": {"medie": 6.958333333333333, "reusita": 83.33333333333334, "cnt": 6}, "CHIMIE ANORGANICA TEO NIVEL I/II": {"medie": 5.375, "reusita": 50.0, "cnt": 2}, "ECONOMIE": {"medie": 6.95, "reusita": 100.0, "cnt": 1}, "CHIMIE ANORGANICA TEH NIVEL I/II": {"medie": 3.9125, "reusita": 33.33333333333333, "cnt": 9}}, "nume": "COLEGIUL TEHNOLOGIC \"GRIGORE CERCHEZ\"\tBucure\u0219ti"}