{"specializari": {"MATEMATICA-INFORMATICA": 176, "STIINTE ALE NATURII": 34, "FILOLOGIE": 68, "STIINTE SOCIALE": 68}, "limba_moderna": {"LIMBA ENGLEZA": 322, "LIMBA FRANCEZA": 22, "LIMBA GERMANA MODERNA": 2}, "limba_materna": {"LIMBA ROMANA": 346}, "promotie_anterioara": {"NU": 346}, "materii": {"LIMBA ROMANA": {"medie": 8.470086705202315, "reusita": 100.0, "cnt": 346}, "BIOLOGIE VEGETALA SI ANIMALA": {"medie": 8.702173913043481, "reusita": 100.0, "cnt": 23}, "GENERAL": {"medie": 8.917129094412331, "reusita": 100.0, "cnt": 346}, "MATEMATICA ST-NAT": {"medie": 8.705882352941174, "reusita": 100.0, "cnt": 34}, "CHIMIE ORGANICA TEO NIVEL I/II": {"medie": 8.998701298701299, "reusita": 100.0, "cnt": 77}, "ISTORIE": {"medie": 9.032352941176468, "reusita": 100.0, "cnt": 136}, "LOGICA, ARGUMENTARE SI COMUNICARE": {"medie": 9.288235294117646, "reusita": 100.0, "cnt": 17}, "MATEMATICA MATE-INFO": {"medie": 9.423295454545453, "reusita": 100.0, "cnt": 176}, "INFORMATICA MI C/C++": {"medie": 8.99423076923077, "reusita": 100.0, "cnt": 26}, "GEOGRAFIE": {"medie": 9.262499999999998, "reusita": 100.0, "cnt": 96}, "ANATOMIE SI FIZIOLOGIE UMANA, GENETICA SI ECOLOGIE UMANA": {"medie": 8.444444444444445, "reusita": 100.0, "cnt": 9}, "FIZICA TEO": {"medie": 9.099729729729727, "reusita": 100.0, "cnt": 74}, "SOCIOLOGIE": {"medie": 6.949999999999999, "reusita": 100.0, "cnt": 2}, "CHIMIE ANORGANICA TEO NIVEL I/II": {"medie": 8.85, "reusita": 100.0, "cnt": 1}, "PSIHOLOGIE": {"medie": 9.016666666666666, "reusita": 100.0, "cnt": 6}, "ECONOMIE": {"medie": 9.464285714285714, "reusita": 100.0, "cnt": 14}, "FILOSOFIE": {"medie": 9.7, "reusita": 100.0, "cnt": 1}}, "nume": "COLEGIUL NATIONAL \"B. P. HASDEU\" MUNICIPIUL BUZAU\tBuz\u0103u"}