{"specializari": {"TEHNICIAN DE TELECOMUNICATII": 89, "ORGANIZATOR BANQUETING": 25, "TEHNICIAN ELECTRONIST": 22, "MATEMATICA-INFORMATICA": 20, "TEHNICIAN IN ACTIVITATI DE POSTA": 39, "TEHNICIAN IN GASTRONOMIE": 2, "TEHNICIAN OPERATOR TEHNICA DE CALCUL": 1}, "limba_moderna": {"LIMBA ENGLEZA": 151, "LIMBA FRANCEZA": 44, "LIMBA GERMANA MODERNA": 3}, "limba_materna": {"LIMBA ROMANA": 198}, "promotie_anterioara": {"NU": 90, "DA": 108}, "materii": {"LIMBA ROMANA": {"medie": 6.076756756756754, "reusita": 85.35353535353535, "cnt": 198}, "MATEMATICA TEHN": {"medie": 6.1596969696969675, "reusita": 78.08988764044943, "cnt": 178}, "BIOLOGIE VEGETALA SI ANIMALA": {"medie": 5.183870967741936, "reusita": 57.14285714285714, "cnt": 98}, "GENERAL": {"medie": 5.8990530303030315, "reusita": 40.909090909090914, "cnt": 198}, "MATEMATICA MATE-INFO": {"medie": 5.2026315789473685, "reusita": 70.0, "cnt": 20}, "INFORMATICA MI C/C++": {"medie": 7.5, "reusita": 100.0, "cnt": 2}, "GEOGRAFIE": {"medie": 6.208181818181817, "reusita": 74.19354838709677, "cnt": 62}, "FIZICA TEO": {"medie": 7.1, "reusita": 100.0, "cnt": 1}, "FIZICA TEH": {"medie": 4.771428571428571, "reusita": 50.0, "cnt": 24}, "PSIHOLOGIE": {"medie": 4.65, "reusita": 0.0, "cnt": 1}, "ECONOMIE": {"medie": 6.183333333333334, "reusita": 100.0, "cnt": 3}, "CHIMIE ANORGANICA TEH NIVEL I/II": {"medie": 5.5875, "reusita": 100.0, "cnt": 4}, "CHIMIE ORGANICA TEH NIVEL I/II": {"medie": 3.4166666666666665, "reusita": 33.33333333333333, "cnt": 3}}, "nume": "COLEGIUL TEHNIC DE POSTA SI TELECOMUNICATII \"GHEORGHE AIRINEI\"\tBucure\u0219ti"}