{"specializari": {"TEHNICIAN TRANSPORTURI": 20, "TEHNICIAN PROIECTANT CAD": 19, "TEHNICIAN MECATRONIST": 26, "TEHNICIAN IN AUTOMATIZARI": 22, "MATEMATICA-INFORMATICA": 50, "STIINTE ALE NATURII": 2, "TEHNICIAN MECANIC PENTRU INTRETINERE SI REPARATII": 16, "TEHNICIAN ELECTROTEHNIST": 1}, "limba_moderna": {"LIMBA ENGLEZA": 152, "LIMBA FRANCEZA": 2, "LIMBA GERMANA MODERNA": 1, "LIMBA SPANIOLA": 1}, "limba_materna": {"LIMBA ROMANA": 156}, "promotie_anterioara": {"DA": 61, "NU": 95}, "materii": {"LIMBA ROMANA": {"medie": 5.86418918918919, "reusita": 82.05128205128204, "cnt": 156}, "MATEMATICA TEHN": {"medie": 4.543877551020408, "reusita": 51.92307692307693, "cnt": 104}, "BIOLOGIE VEGETALA SI ANIMALA": {"medie": 4.712637362637362, "reusita": 48.421052631578945, "cnt": 95}, "GENERAL": {"medie": 5.1646572104018915, "reusita": 25.0, "cnt": 156}, "MATEMATICA ST-NAT": {"medie": 3.025, "reusita": 50.0, "cnt": 2}, "MATEMATICA MATE-INFO": {"medie": 5.2020833333333325, "reusita": 62.0, "cnt": 50}, "INFORMATICA MI C/C++": {"medie": 5.666666666666667, "reusita": 83.33333333333334, "cnt": 6}, "ANATOMIE SI FIZIOLOGIE UMANA, GENETICA SI ECOLOGIE UMANA": {"medie": 5.401351351351352, "reusita": 68.42105263157895, "cnt": 38}, "FIZICA TEO": {"medie": 3.5, "reusita": 0.0, "cnt": 1}, "FIZICA TEH": {"medie": 4.5, "reusita": 40.0, "cnt": 5}, "CHIMIE ANORGANICA TEH NIVEL I/II": {"medie": 3.6650000000000005, "reusita": 27.27272727272727, "cnt": 11}}, "nume": "COLEGIUL TEHNIC \"DIMITRIE LEONIDA\"\tBucure\u0219ti"}