{"specializari": {"TEHNICIAN MECANIC PENTRU INTRETINERE SI REPARATII": 5, "TEHNICIAN IN PRELUCRAREA LEMNULUI": 2, "COAFOR STILIST": 6, "TEHNICIAN DESIGNER VESTIMENTAR": 5, "TEHNICIAN PROIECTANT CAD": 1, "TEHNICIAN MECATRONIST": 1, "TEHNICIAN IN TURISM": 1}, "limba_moderna": {"LIMBA ENGLEZA": 20, "LIMBA SPANIOLA": 1}, "limba_materna": {"LIMBA ROMANA": 16, "LIMBA MAGHIARA": 5}, "promotie_anterioara": {"DA": 10, "NU": 11}, "materii": {"LIMBA ROMANA": {"medie": 4.987499999999999, "reusita": 57.14285714285714, "cnt": 21}, "MATEMATICA TEHN": {"medie": 4.29047619047619, "reusita": 47.61904761904761, "cnt": 21}, "BIOLOGIE VEGETALA SI ANIMALA": {"medie": 4.711111111111111, "reusita": 66.66666666666666, "cnt": 9}, "GENERAL": {"medie": 4.840625, "reusita": 9.523809523809524, "cnt": 21}, "GEOGRAFIE": {"medie": 5.957142857142856, "reusita": 85.71428571428571, "cnt": 7}, "FIZICA TEH": {"medie": 3.65, "reusita": 50.0, "cnt": 4}, "LIMBA MAGHIARA (REAL)": {"medie": 5.9, "reusita": 80.0, "cnt": 5}, "CHIMIE ANORGANICA TEH NIVEL I/II": {"medie": 7.7, "reusita": 100.0, "cnt": 1}}, "nume": "COLEGIUL TEHNIC \"ANDREI SAGUNA\" ORADEA\tBihor"}