{"specializari": {"TEHNICIAN OPERATOR TEHNICA DE CALCUL": 28, "TEHNICIAN PROIECTANT CAD": 16, "TEHNICIAN TRANSPORTURI": 12, "TEHNICIAN IN INSTALATII ELECTRICE": 19, "TEHNICIAN IN PRELUCRAREA LEMNULUI": 13, "TEHNICIAN DE TELECOMUNICATII": 25, "TEHNICIAN MECANIC PENTRU INTRETINERE SI REPARATII": 1}, "limba_moderna": {"LIMBA ENGLEZA": 113, "LIMBA FRANCEZA": 1}, "limba_materna": {"LIMBA ROMANA": 114}, "promotie_anterioara": {"NU": 88, "DA": 26}, "materii": {"LIMBA ROMANA": {"medie": 5.586363636363638, "reusita": 65.78947368421053, "cnt": 114}, "MATEMATICA TEHN": {"medie": 5.563793103448275, "reusita": 54.385964912280706, "cnt": 114}, "BIOLOGIE VEGETALA SI ANIMALA": {"medie": 5.142352941176473, "reusita": 46.42857142857143, "cnt": 112}, "GENERAL": {"medie": 5.501568627450979, "reusita": 26.31578947368421, "cnt": 114}, "FIZICA TEH": {"medie": 4.2, "reusita": 0.0, "cnt": 1}, "CHIMIE ANORGANICA TEH NIVEL I/II": {"medie": 3.8, "reusita": 0.0, "cnt": 1}}, "nume": "COLEGIUL TEHNIC \"ALEXANDRU DOMSA\" ALBA IULIA\tAlba"}