{"specializari": {"TEHNICIAN IN GASTRONOMIE": 5, "TEHNICIAN IN ACTIVITATI ECONOMICE": 30, "TEHNICIAN ANALIZE PRODUSE ALIMENTARE": 2, "TEHNICIAN ELECTRICIAN/ELECTRONIST AUTO": 1, "TEHNICIAN TRANSPORTURI": 2, "TEHNICIAN ECOLOG SI PROTECTIA CALITATII MEDIULUI": 4, "TEHNICIAN ELECTROMECANIC": 6, "TEHNICIAN ELECTROTEHNIST": 3, "TEHNICIAN IN INSTALATII ELECTRICE": 13, "TEHNICIAN PROIECTANT CAD": 11, "TEHNICIAN MECATRONIST": 3, "TEHNICIAN MECANIC PENTRU INTRETINERE SI REPARATII": 1, "TEHNICIAN OPERATOR TEHNICA DE CALCUL": 2, "TEHNICIAN IN PRELUCRAREA LEMNULUI": 2, "TEHNICIAN IN INDUSTRIA ALIMENTARA": 4, "TEHNICIAN IN AUTOMATIZARI": 1, "TEHNICIAN CHIMIST DE LABORATOR": 2, "MATEMATICA-INFORMATICA": 1}, "limba_moderna": {"LIMBA ENGLEZA": 82, "LIMBA FRANCEZA": 11}, "limba_materna": {"LIMBA ROMANA": 93}, "promotie_anterioara": {"NU": 50, "DA": 43}, "materii": {"LIMBA ROMANA": {"medie": 6.316666666666668, "reusita": 90.32258064516128, "cnt": 93}, "MATEMATICA TEHN": {"medie": 5.75879120879121, "reusita": 76.08695652173914, "cnt": 92}, "BIOLOGIE VEGETALA SI ANIMALA": {"medie": 5.275, "reusita": 63.33333333333333, "cnt": 30}, "GENERAL": {"medie": 5.9922348484848476, "reusita": 47.31182795698925, "cnt": 93}, "MATEMATICA MATE-INFO": {"medie": 8.15, "reusita": 100.0, "cnt": 1}, "GEOGRAFIE": {"medie": 6.812857142857145, "reusita": 91.42857142857143, "cnt": 35}, "ANATOMIE SI FIZIOLOGIE UMANA, GENETICA SI ECOLOGIE UMANA": {"medie": 5.675, "reusita": 87.5, "cnt": 8}, "FIZICA TEH": {"medie": 6.2, "reusita": 100.0, "cnt": 1}, "CHIMIE ANORGANICA TEH NIVEL I/II": {"medie": 5.152941176470588, "reusita": 63.1578947368421, "cnt": 19}}, "nume": "COLEGIUL TEHNIC \"DUMITRU MANGERON\" BACAU\tBac\u0103u"}