{"specializari": {"MATEMATICA-INFORMATICA": 114, "STIINTE SOCIALE": 34, "STIINTE ALE NATURII": 32, "FILOLOGIE": 33}, "limba_moderna": {"LIMBA ENGLEZA": 193, "LIMBA GERMANA MODERNA": 2, "LIMBA FRANCEZA": 18}, "limba_materna": {"LIMBA ROMANA": 213}, "promotie_anterioara": {"NU": 213}, "materii": {"LIMBA ROMANA": {"medie": 8.879577464788733, "reusita": 100.0, "cnt": 213}, "BIOLOGIE VEGETALA SI ANIMALA": {"medie": 9.186000000000002, "reusita": 100.0, "cnt": 25}, "GENERAL": {"medie": 8.976291079812206, "reusita": 100.0, "cnt": 213}, "MATEMATICA ST-NAT": {"medie": 9.1046875, "reusita": 100.0, "cnt": 32}, "CHIMIE ORGANICA TEO NIVEL I/II": {"medie": 9.006250000000001, "reusita": 100.0, "cnt": 32}, "ISTORIE": {"medie": 8.767164179104478, "reusita": 100.0, "cnt": 67}, "LOGICA, ARGUMENTARE SI COMUNICARE": {"medie": 9.3, "reusita": 100.0, "cnt": 1}, "MATEMATICA MATE-INFO": {"medie": 9.295614035087718, "reusita": 100.0, "cnt": 114}, "INFORMATICA MI C/C++": {"medie": 8.722222222222221, "reusita": 100.0, "cnt": 18}, "GEOGRAFIE": {"medie": 9.214705882352941, "reusita": 100.0, "cnt": 34}, "ANATOMIE SI FIZIOLOGIE UMANA, GENETICA SI ECOLOGIE UMANA": {"medie": 8.473333333333334, "reusita": 100.0, "cnt": 15}, "FIZICA TEO": {"medie": 8.810714285714285, "reusita": 100.0, "cnt": 56}, "SOCIOLOGIE": {"medie": 9.020588235294118, "reusita": 100.0, "cnt": 17}, "PSIHOLOGIE": {"medie": 9.24, "reusita": 100.0, "cnt": 5}, "ECONOMIE": {"medie": 8.844444444444443, "reusita": 100.0, "cnt": 9}, "FILOSOFIE": {"medie": 8.95, "reusita": 100.0, "cnt": 1}}, "nume": "COLEGIUL NATIONAL \"UNIREA\" FOCSANI\tVrancea"}