{"specializari": {"TEHNICIAN IN SILVICULTURA SI EXPLOATARI FORESTIERE": 39, "TEHNICIAN DESIGNER MOBILA SI AMENAJARI INTERIOARE": 4, "TEHNICIAN MECANIC PENTRU INTRETINERE SI REPARATII": 9, "TEHNICIAN ECOLOG SI PROTECTIA CALITATII MEDIULUI": 22, "TEHNICIAN PROIECTANT PRODUSE FINITE DIN LEMN": 2, "TEHNICIAN IN INSTALATII ELECTRICE": 2, "TEHNICIAN MECATRONIST": 1}, "limba_moderna": {"LIMBA ENGLEZA": 77, "LIMBA FRANCEZA": 2}, "limba_materna": {"LIMBA ROMANA": 79}, "promotie_anterioara": {"NU": 64, "DA": 15}, "materii": {"LIMBA ROMANA": {"medie": 5.893670886075948, "reusita": 87.34177215189874, "cnt": 79}, "MATEMATICA TEHN": {"medie": 4.934210526315788, "reusita": 53.16455696202531, "cnt": 79}, "BIOLOGIE VEGETALA SI ANIMALA": {"medie": 4.911764705882352, "reusita": 52.94117647058824, "cnt": 17}, "GENERAL": {"medie": 5.593201754385964, "reusita": 40.50632911392405, "cnt": 79}, "ANATOMIE SI FIZIOLOGIE UMANA, GENETICA SI ECOLOGIE UMANA": {"medie": 6.399107142857143, "reusita": 80.35714285714286, "cnt": 56}, "FIZICA TEH": {"medie": 7.25, "reusita": 100.0, "cnt": 2}, "CHIMIE ANORGANICA TEH NIVEL I/II": {"medie": 4.083333333333333, "reusita": 25.0, "cnt": 4}}, "nume": "COLEGIUL TEHNIC FORESTIER, MUNICIPIUL PIATRA-NEAMT\tNeam\u021b"}