{"specializari": {"TEHNICIAN IN TURISM": 57, "TEHNICIAN IN ACTIVITATI ECONOMICE": 88, "TEHNICIAN IN GASTRONOMIE": 63, "TEHNICIAN IN ACTIVITATI DE COMERT": 77}, "limba_moderna": {"LIMBA ENGLEZA": 277, "LIMBA FRANCEZA": 8}, "limba_materna": {"LIMBA ROMANA": 285}, "promotie_anterioara": {"NU": 257, "DA": 28}, "materii": {"LIMBA ROMANA": {"medie": 6.669298245614033, "reusita": 92.98245614035088, "cnt": 285}, "MATEMATICA TEHN": {"medie": 7.226315789473686, "reusita": 89.12280701754386, "cnt": 285}, "GENERAL": {"medie": 7.089122807017538, "reusita": 78.24561403508771, "cnt": 285}, "GEOGRAFIE": {"medie": 7.366021126760563, "reusita": 95.77464788732394, "cnt": 284}, "ECONOMIE": {"medie": 9.0, "reusita": 100.0, "cnt": 1}}, "nume": "COLEGIUL COMERCIAL \"CAROL I\" CONSTANTA\tConstan\u021ba"}