{"specializari": {"TEHNICIAN IN ACTIVITATI ECONOMICE": 17, "COAFOR STILIST": 3, "TEHNICIAN DESENATOR PENTRU CONSTRUCTII SI INSTALATII": 20, "TEHNICIAN OPERATOR TEHNICA DE CALCUL": 15, "TEHNICIAN IN INDUSTRIA TEXTILA": 2, "TEHNICIAN DESIGNER VESTIMENTAR": 1, "STIINTE ALE NATURII": 2, "TEHNICIAN IN ADMINISTRATIE": 2, "TEHNICIAN IN ACTIVITATI DE COMERT": 2}, "limba_moderna": {"LIMBA ENGLEZA": 64}, "limba_materna": {"LIMBA ROMANA": 64}, "promotie_anterioara": {"NU": 40, "DA": 24}, "materii": {"LIMBA ROMANA": {"medie": 6.282258064516129, "reusita": 95.3125, "cnt": 64}, "MATEMATICA TEHN": {"medie": 6.094262295081968, "reusita": 82.25806451612904, "cnt": 62}, "BIOLOGIE VEGETALA SI ANIMALA": {"medie": 4.5249999999999995, "reusita": 47.05882352941176, "cnt": 34}, "GENERAL": {"medie": 5.992076502732239, "reusita": 51.5625, "cnt": 64}, "MATEMATICA ST-NAT": {"medie": 5.0, "reusita": 100.0, "cnt": 2}, "GEOGRAFIE": {"medie": 6.916666666666665, "reusita": 100.0, "cnt": 24}, "FIZICA TEH": {"medie": 7.05, "reusita": 66.66666666666666, "cnt": 3}, "CHIMIE ANORGANICA TEH NIVEL I/II": {"medie": 5.533333333333334, "reusita": 66.66666666666666, "cnt": 3}}, "nume": "COLEGIUL TEHNIC \"MEDIENSIS\" MEDIAS\tSibiu"}