{"specializari": {"FILOLOGIE": 33, "MATEMATICA-INFORMATICA": 58, "STIINTE ALE NATURII": 51, "STIINTE SOCIALE": 30}, "limba_moderna": {"LIMBA ENGLEZA": 157, "LIMBA FRANCEZA": 15}, "limba_materna": {"LIMBA ROMANA": 146, "LIMBA MAGHIARA": 26}, "promotie_anterioara": {"NU": 168, "DA": 4}, "materii": {"LIMBA ROMANA": {"medie": 8.148538011695909, "reusita": 98.25581395348837, "cnt": 172}, "BIOLOGIE VEGETALA SI ANIMALA": {"medie": 6.55, "reusita": 66.66666666666666, "cnt": 6}, "GENERAL": {"medie": 8.22875243664718, "reusita": 91.86046511627907, "cnt": 172}, "MATEMATICA ST-NAT": {"medie": 8.205882352941176, "reusita": 98.0392156862745, "cnt": 51}, "CHIMIE ORGANICA TEO NIVEL I/II": {"medie": 7.051612903225806, "reusita": 96.7741935483871, "cnt": 31}, "ISTORIE": {"medie": 8.130952380952381, "reusita": 100.0, "cnt": 63}, "LOGICA, ARGUMENTARE SI COMUNICARE": {"medie": 9.52, "reusita": 100.0, "cnt": 5}, "MATEMATICA MATE-INFO": {"medie": 8.734210526315788, "reusita": 98.27586206896551, "cnt": 58}, "INFORMATICA MI C/C++": {"medie": 7.1741379310344815, "reusita": 89.65517241379311, "cnt": 29}, "GEOGRAFIE": {"medie": 8.765306122448978, "reusita": 100.0, "cnt": 49}, "ANATOMIE SI FIZIOLOGIE UMANA, GENETICA SI ECOLOGIE UMANA": {"medie": 8.57878787878788, "reusita": 94.11764705882352, "cnt": 34}, "FIZICA TEO": {"medie": 8.666666666666666, "reusita": 100.0, "cnt": 3}, "SOCIOLOGIE": {"medie": 9.8, "reusita": 100.0, "cnt": 1}, "CHIMIE ANORGANICA TEO NIVEL I/II": {"medie": 8.549999999999999, "reusita": 100.0, "cnt": 6}, "PSIHOLOGIE": {"medie": 8.666666666666666, "reusita": 100.0, "cnt": 3}, "LIMBA MAGHIARA (REAL)": {"medie": 7.726923076923077, "reusita": 100.0, "cnt": 26}, "FILOSOFIE": {"medie": 9.32, "reusita": 100.0, "cnt": 5}}, "nume": "COLEGIUL NATIONAL \"ANDREI MURESANU\" DEJ\tCluj"}