{"specializari": {"TEHNICIAN ECOLOG SI PROTECTIA CALITATII MEDIULUI": 50, "TEHNICIAN VETERINAR": 31, "TEHNICIAN ANALIZE PRODUSE ALIMENTARE": 27, "TEHNICIAN IN ACTIVITATI ECONOMICE": 136, "TEHNICIAN HORTICULTOR": 29, "TEHNICIAN AGRONOM": 20, "TEHNICIAN IN TURISM": 2, "TEHNICIAN PENTRU ANIMALE DE COMPANIE": 7, "TEHNICIAN IN AGRICULTURA": 3}, "limba_moderna": {"LIMBA ENGLEZA": 278, "LIMBA FRANCEZA": 27}, "limba_materna": {"LIMBA ROMANA": 305}, "promotie_anterioara": {"NU": 239, "DA": 66}, "materii": {"LIMBA ROMANA": {"medie": 6.3190397350993415, "reusita": 90.49180327868852, "cnt": 305}, "MATEMATICA TEHN": {"medie": 6.080369127516781, "reusita": 75.40983606557377, "cnt": 305}, "BIOLOGIE VEGETALA SI ANIMALA": {"medie": 5.778571428571429, "reusita": 71.42857142857143, "cnt": 14}, "GENERAL": {"medie": 6.364020270270274, "reusita": 55.40983606557377, "cnt": 305}, "GEOGRAFIE": {"medie": 7.763043478260869, "reusita": 98.55072463768117, "cnt": 138}, "ANATOMIE SI FIZIOLOGIE UMANA, GENETICA SI ECOLOGIE UMANA": {"medie": 5.74503816793893, "reusita": 68.65671641791045, "cnt": 134}, "CHIMIE ANORGANICA TEH NIVEL I/II": {"medie": 6.05, "reusita": 100.0, "cnt": 1}, "CHIMIE ORGANICA TEH NIVEL I/II": {"medie": 5.436111111111112, "reusita": 61.111111111111114, "cnt": 18}}, "nume": "COLEGIUL NATIONAL DE AGRICULTURA SI ECONOMIE, LOCALITATEA TECUCI\tGala\u021bi"}