{"specializari": {"MATEMATICA-INFORMATICA": 57, "FILOLOGIE": 60, "STIINTE ALE NATURII": 30, "STIINTE SOCIALE": 28, "LICEU CU PROGRAM SPORTIV": 1, "TEHNICIAN IN INDUSTRIA TEXTILA": 1}, "limba_moderna": {"LIMBA ENGLEZA": 151, "LIMBA FRANCEZA": 26}, "limba_materna": {"LIMBA ROMANA": 177}, "promotie_anterioara": {"NU": 170, "DA": 7}, "materii": {"LIMBA ROMANA": {"medie": 7.217796610169489, "reusita": 93.78531073446328, "cnt": 177}, "MATEMATICA TEHN": {"medie": 5.95, "reusita": 100.0, "cnt": 1}, "GENERAL": {"medie": 7.419397363465163, "reusita": 83.61581920903954, "cnt": 177}, "MATEMATICA ST-NAT": {"medie": 6.455, "reusita": 76.66666666666667, "cnt": 30}, "CHIMIE ORGANICA TEO NIVEL I/II": {"medie": 8.533333333333333, "reusita": 100.0, "cnt": 3}, "ISTORIE": {"medie": 6.703932584269661, "reusita": 97.75280898876404, "cnt": 89}, "LOGICA, ARGUMENTARE SI COMUNICARE": {"medie": 8.5, "reusita": 100.0, "cnt": 2}, "MATEMATICA MATE-INFO": {"medie": 8.153508771929825, "reusita": 100.0, "cnt": 57}, "INFORMATICA MI C/C++": {"medie": 9.03, "reusita": 100.0, "cnt": 10}, "GEOGRAFIE": {"medie": 7.928260869565216, "reusita": 95.65217391304348, "cnt": 23}, "ANATOMIE SI FIZIOLOGIE UMANA, GENETICA SI ECOLOGIE UMANA": {"medie": 7.976865671641792, "reusita": 98.50746268656717, "cnt": 67}, "FIZICA TEO": {"medie": 8.025, "reusita": 100.0, "cnt": 6}, "SOCIOLOGIE": {"medie": 7.6830508474576265, "reusita": 98.30508474576271, "cnt": 59}, "CHIMIE ANORGANICA TEO NIVEL I/II": {"medie": 7.5, "reusita": 100.0, "cnt": 1}, "PSIHOLOGIE": {"medie": 7.800000000000001, "reusita": 100.0, "cnt": 2}, "ECONOMIE": {"medie": 7.966666666666666, "reusita": 100.0, "cnt": 3}, "CHIMIE ANORGANICA TEH NIVEL I/II": {"medie": 3.0, "reusita": 0.0, "cnt": 1}}, "nume": "COLEGIUL NATIONAL \"DRAGOS VODA\" CAMPULUNG MOLDOVENESC\tSuceava"}