{"specializari": {"MATEMATICA-INFORMATICA": 55, "STIINTE ALE NATURII": 34, "FILOLOGIE": 39}, "limba_moderna": {"LIMBA ENGLEZA": 85, "LIMBA GERMANA MODERNA": 28, "LIMBA FRANCEZA": 15}, "limba_materna": {"LIMBA ROMANA": 128}, "promotie_anterioara": {"NU": 119, "DA": 9}, "materii": {"LIMBA ROMANA": {"medie": 7.581102362204724, "reusita": 96.875, "cnt": 128}, "BIOLOGIE VEGETALA SI ANIMALA": {"medie": 7.437272727272728, "reusita": 94.64285714285714, "cnt": 56}, "GENERAL": {"medie": 7.597769028871393, "reusita": 87.5, "cnt": 128}, "MATEMATICA ST-NAT": {"medie": 6.552941176470588, "reusita": 91.17647058823529, "cnt": 34}, "CHIMIE ORGANICA TEO NIVEL I/II": {"medie": 8.5, "reusita": 100.0, "cnt": 2}, "INFORMATICA SN C/C++": {"medie": 8.5, "reusita": 100.0, "cnt": 2}, "ISTORIE": {"medie": 7.255128205128203, "reusita": 100.0, "cnt": 39}, "LOGICA, ARGUMENTARE SI COMUNICARE": {"medie": 8.90952380952381, "reusita": 100.0, "cnt": 21}, "MATEMATICA MATE-INFO": {"medie": 8.070370370370371, "reusita": 94.54545454545455, "cnt": 55}, "INFORMATICA MI C/C++": {"medie": 7.700000000000002, "reusita": 100.0, "cnt": 19}, "GEOGRAFIE": {"medie": 7.263888888888889, "reusita": 94.44444444444444, "cnt": 18}, "ANATOMIE SI FIZIOLOGIE UMANA, GENETICA SI ECOLOGIE UMANA": {"medie": 8.320000000000002, "reusita": 100.0, "cnt": 10}}, "nume": "COLEGIUL NATIONAL \"TRAIAN DODA\" CARANSEBES\tCara\u0219-Severin"}