{"specializari": {"TEHNICIAN ELECTRICIAN/ELECTRONIST AUTO": 17, "TEHNICIAN TRANSPORTURI": 4, "TEHNICIAN PROIECTANT CAD": 23, "MATEMATICA-INFORMATICA": 1, "TEHNICIAN PRELUCRARI MECANICE": 1, "TEHNICIAN MECATRONIST": 1, "TEHNICIAN IN INSTALATII ELECTRICE": 1}, "limba_moderna": {"LIMBA ENGLEZA": 46, "LIMBA FRANCEZA": 2}, "limba_materna": {"LIMBA ROMANA": 48}, "promotie_anterioara": {"NU": 29, "DA": 19}, "materii": {"LIMBA ROMANA": {"medie": 5.173913043478262, "reusita": 68.75, "cnt": 48}, "MATEMATICA TEHN": {"medie": 5.5962499999999995, "reusita": 61.702127659574465, "cnt": 47}, "BIOLOGIE VEGETALA SI ANIMALA": {"medie": 5.057317073170732, "reusita": 63.63636363636363, "cnt": 44}, "GENERAL": {"medie": 5.31239316239316, "reusita": 25.0, "cnt": 48}, "MATEMATICA MATE-INFO": {"medie": "-", "reusita": 0.0, "cnt": 1}, "FIZICA TEH": {"medie": 3.8, "reusita": 0.0, "cnt": 1}, "CHIMIE ORGANICA TEH NIVEL I/II": {"medie": 6.225, "reusita": 66.66666666666666, "cnt": 3}}, "nume": "COLEGIUL TEHNIC \"AUREL VLAICU\" ARAD\tArad"}