{"specializari": {"MATEMATICA-INFORMATICA": 25, "INVATATOR - EDUCATOARE": 28, "TEHNICIAN IN TURISM": 20, "TEHNICIAN IN ACTIVITATI ECONOMICE": 2, "TEHNICIAN IN CONSTRUCTII SI LUCRARI PUBLICE": 1}, "limba_moderna": {"LIMBA ENGLEZA": 75, "LIMBA ITALIANA": 1}, "limba_materna": {"LIMBA MAGHIARA": 76}, "promotie_anterioara": {"NU": 62, "DA": 14}, "materii": {"LIMBA ROMANA": {"medie": 6.297297297297299, "reusita": 82.89473684210526, "cnt": 76}, "MATEMATICA TEHN": {"medie": 5.884782608695653, "reusita": 78.26086956521739, "cnt": 23}, "GENERAL": {"medie": 6.958390410958904, "reusita": 72.36842105263158, "cnt": 76}, "MATEMATICA MATE-INFO": {"medie": 7.366666666666666, "reusita": 96.0, "cnt": 25}, "GEOGRAFIE": {"medie": 6.446249999999999, "reusita": 85.36585365853658, "cnt": 41}, "ANATOMIE SI FIZIOLOGIE UMANA, GENETICA SI ECOLOGIE UMANA": {"medie": 7.825000000000001, "reusita": 93.33333333333333, "cnt": 15}, "MATEMATICA PED": {"medie": 7.648214285714287, "reusita": 96.42857142857143, "cnt": 28}, "PSIHOLOGIE": {"medie": 6.222222222222222, "reusita": 100.0, "cnt": 9}, "LIMBA MAGHIARA (REAL)": {"medie": 7.254255319148936, "reusita": 93.75, "cnt": 48}, "CHIMIE ANORGANICA TEH NIVEL I/II": {"medie": 5.3, "reusita": 100.0, "cnt": 1}, "INFORMATICA MI PASCAL": {"medie": 7.17, "reusita": 100.0, "cnt": 10}, "LIMBA MAGHIARA (UMAN)": {"medie": 8.075, "reusita": 100.0, "cnt": 28}}, "nume": "COLEGIUL NATIONAL \"BETHLEN GABOR\" AIUD\tAlba"}