{"specializari": {"TEHNICIAN PROIECTANT CAD": 31, "MATEMATICA-INFORMATICA": 17, "TEHNICIAN AVIATIE": 24, "TEHNICIAN IN INSTALATII ELECTRICE": 9, "TEHNICIAN INSTALATII DE BORD (AVION)": 29, "TEHNICIAN MECANIC PENTRU INTRETINERE SI REPARATII": 1, "TEHNICIAN MECATRONIST": 10}, "limba_moderna": {"LIMBA ENGLEZA": 114, "LIMBA FRANCEZA": 7}, "limba_materna": {"LIMBA ROMANA": 121}, "promotie_anterioara": {"DA": 73, "NU": 48}, "materii": {"LIMBA ROMANA": {"medie": 5.99375, "reusita": 93.38842975206612, "cnt": 121}, "MATEMATICA TEHN": {"medie": 5.458415841584157, "reusita": 70.1923076923077, "cnt": 104}, "BIOLOGIE VEGETALA SI ANIMALA": {"medie": 5.401000000000002, "reusita": 65.68627450980392, "cnt": 102}, "GENERAL": {"medie": 5.702608695652175, "reusita": 46.28099173553719, "cnt": 121}, "MATEMATICA MATE-INFO": {"medie": 6.673529411764705, "reusita": 88.23529411764706, "cnt": 17}, "INFORMATICA MI C/C++": {"medie": 6.875, "reusita": 83.33333333333334, "cnt": 6}, "ANATOMIE SI FIZIOLOGIE UMANA, GENETICA SI ECOLOGIE UMANA": {"medie": 6.55, "reusita": 100.0, "cnt": 1}, "FIZICA TEH": {"medie": 4.512499999999999, "reusita": 44.44444444444444, "cnt": 9}, "CHIMIE ANORGANICA TEH NIVEL I/II": {"medie": 4.1, "reusita": 50.0, "cnt": 2}, "CHIMIE ORGANICA TEH NIVEL I/II": {"medie": 3.6, "reusita": 0.0, "cnt": 1}}, "nume": "COLEGIUL TEHNIC DE AERONAUTICA \"HENRI COANDA\"\tBucure\u0219ti"}