{"specializari": {"TEHNICIAN IN ACTIVITATI ECONOMICE": 228, "TEHNICIAN IN ACHIZITII SI CONTRACTARI": 47, "TEHNICIAN IN ADMINISTRATIE": 29}, "limba_moderna": {"LIMBA FRANCEZA": 54, "LIMBA ENGLEZA": 245, "LIMBA RUSA": 5}, "limba_materna": {"LIMBA ROMANA": 304}, "promotie_anterioara": {"NU": 296, "DA": 8}, "materii": {"LIMBA ROMANA": {"medie": 7.910761589403975, "reusita": 98.68421052631578, "cnt": 304}, "MATEMATICA TEHN": {"medie": 8.243166666666664, "reusita": 95.39473684210526, "cnt": 304}, "GENERAL": {"medie": 8.008730158730161, "reusita": 90.46052631578947, "cnt": 304}, "LOGICA, ARGUMENTARE SI COMUNICARE": {"medie": 8.88888888888889, "reusita": 100.0, "cnt": 9}, "GEOGRAFIE": {"medie": 7.745862068965523, "reusita": 97.26962457337885, "cnt": 293}, "PSIHOLOGIE": {"medie": 6.65, "reusita": 100.0, "cnt": 2}}, "nume": "COLEGIUL ECONOMIC ADMINISTRATIV, IASI\tIa\u0219i"}