{"specializari": {"TEHNICIAN ECOLOG SI PROTECTIA CALITATII MEDIULUI": 23, "TEHNICIAN ANALIZE PRODUSE ALIMENTARE": 20, "TEHNICIAN HORTICULTOR": 1, "TEHNICIAN IN ACHIZITII SI CONTRACTARI": 11, "TEHNICIAN IN AGRICULTURA ECOLOGICA": 11, "TEHNICIAN IN ACTIVITATI ECONOMICE": 26, "TEHNICIAN IN SILVICULTURA SI EXPLOATARI FORESTIERE": 1}, "limba_moderna": {"LIMBA FRANCEZA": 31, "LIMBA ENGLEZA": 62}, "limba_materna": {"LIMBA ROMANA": 93}, "promotie_anterioara": {"DA": 10, "NU": 83}, "materii": {"LIMBA ROMANA": {"medie": 6.151648351648355, "reusita": 87.09677419354838, "cnt": 93}, "MATEMATICA TEHN": {"medie": 6.876136363636362, "reusita": 87.09677419354838, "cnt": 93}, "GENERAL": {"medie": 6.718039215686275, "reusita": 65.59139784946237, "cnt": 93}, "GEOGRAFIE": {"medie": 6.47972972972973, "reusita": 94.5945945945946, "cnt": 37}, "ANATOMIE SI FIZIOLOGIE UMANA, GENETICA SI ECOLOGIE UMANA": {"medie": 7.488461538461538, "reusita": 92.5925925925926, "cnt": 54}, "CHIMIE ANORGANICA TEH NIVEL I/II": {"medie": 8.3, "reusita": 100.0, "cnt": 2}}, "nume": "COLEGIUL AGRICOL SI DE INDUSTRIE ALIMENTARA \"VASILE ADAMACHI\", IASI\tIa\u0219i"}