{"specializari": {"ARTE PLASTICE SI DECORATIVE": 31, "MUZICA": 28, "ARHITECTURA, ARTE AMBIENTALE SI DESIGN": 29}, "limba_moderna": {"LIMBA ENGLEZA": 88}, "limba_materna": {"LIMBA ROMANA": 88}, "promotie_anterioara": {"NU": 82, "DA": 6}, "materii": {"LIMBA ROMANA": {"medie": 8.002272727272727, "reusita": 100.0, "cnt": 88}, "GENERAL": {"medie": 7.941954022988509, "reusita": 93.18181818181817, "cnt": 88}, "ISTORIE": {"medie": 7.187356321839081, "reusita": 96.5909090909091, "cnt": 88}, "LOGICA, ARGUMENTARE SI COMUNICARE": {"medie": 8.74651162790698, "reusita": 97.67441860465115, "cnt": 43}, "GEOGRAFIE": {"medie": 8.369767441860468, "reusita": 100.0, "cnt": 43}, "PSIHOLOGIE": {"medie": 9.0, "reusita": 100.0, "cnt": 1}, "FILOSOFIE": {"medie": 9.9, "reusita": 100.0, "cnt": 1}}, "nume": "COLEGIUL DE ARTA \"CARMEN SYLVA\", MUNICIPIUL PLOIESTI\tPrahova"}