{"specializari": {"TEHNICIAN TRANSPORTURI": 40, "STIINTE SOCIALE": 68, "FILOLOGIE": 34, "TEHNICIAN IN TURISM": 51, "MATEMATICA-INFORMATICA": 59, "TEHNICIAN IN GASTRONOMIE": 29, "TEHNICIAN DESIGNER VESTIMENTAR": 21, "TEHNICIAN IN AUTOMATIZARI": 22, "STIINTE ALE NATURII": 58, "TEHNICIAN IN ACTIVITATI ECONOMICE": 63, "TEHNICIAN INSTALATOR PENTRU CONSTRUCTII": 10, "LICEU CU PROGRAM SPORTIV": 1, "TEHNICIAN IN HOTELARIE": 6, "TEHNICIAN IN CONSTRUCTII SI LUCRARI PUBLICE": 4, "TEHNICIAN IN ACTIVITATI DE COMERT": 1}, "limba_moderna": {"LIMBA ENGLEZA": 367, "LIMBA FRANCEZA": 100}, "limba_materna": {"LIMBA ROMANA": 467}, "promotie_anterioara": {"NU": 444, "DA": 23}, "materii": {"LIMBA ROMANA": {"medie": 6.636923076923079, "reusita": 84.36830835117773, "cnt": 467}, "MATEMATICA TEHN": {"medie": 5.873443983402487, "reusita": 72.8744939271255, "cnt": 247}, "BIOLOGIE VEGETALA SI ANIMALA": {"medie": 4.230219780219781, "reusita": 30.927835051546392, "cnt": 97}, "GENERAL": {"medie": 6.812738619676948, "reusita": 64.23982869379014, "cnt": 467}, "MATEMATICA ST-NAT": {"medie": 6.896296296296295, "reusita": 82.75862068965517, "cnt": 58}, "CHIMIE ORGANICA TEO NIVEL I/II": {"medie": 6.775, "reusita": 100.0, "cnt": 2}, "ISTORIE": {"medie": 6.929901960784317, "reusita": 96.11650485436894, "cnt": 103}, "LOGICA, ARGUMENTARE SI COMUNICARE": {"medie": 9.289024390243902, "reusita": 100.0, "cnt": 41}, "MATEMATICA MATE-INFO": {"medie": 8.935593220338983, "reusita": 100.0, "cnt": 59}, "INFORMATICA MI C/C++": {"medie": 9.066666666666665, "reusita": 100.0, "cnt": 6}, "GEOGRAFIE": {"medie": 7.302142857142854, "reusita": 91.4691943127962, "cnt": 211}, "ANATOMIE SI FIZIOLOGIE UMANA, GENETICA SI ECOLOGIE UMANA": {"medie": 8.479081632653065, "reusita": 95.09803921568627, "cnt": 102}, "FIZICA TEO": {"medie": 9.7, "reusita": 100.0, "cnt": 1}, "FIZICA TEH": {"medie": 2.45, "reusita": 0.0, "cnt": 1}, "CHIMIE ANORGANICA TEO NIVEL I/II": {"medie": 8.07, "reusita": 100.0, "cnt": 5}, "FILOSOFIE": {"medie": 9.4, "reusita": 100.0, "cnt": 1}}, "nume": "COLEGIUL \"ALEXANDRU CEL BUN\" GURA HUMORULUI\tSuceava"}