{"specializari": {"TEHNICIAN IN INDUSTRIA TEXTILA": 6, "COAFOR STILIST": 25, "TEHNICIAN IN GASTRONOMIE": 12, "TEHNICIAN IN ACTIVITATI ECONOMICE": 4}, "limba_moderna": {"LIMBA ENGLEZA": 38, "LIMBA FRANCEZA": 9}, "limba_materna": {"LIMBA ROMANA": 47}, "promotie_anterioara": {"DA": 10, "NU": 37}, "materii": {"LIMBA ROMANA": {"medie": 4.891111111111111, "reusita": 55.319148936170215, "cnt": 47}, "MATEMATICA TEHN": {"medie": 4.766666666666666, "reusita": 55.319148936170215, "cnt": 47}, "BIOLOGIE VEGETALA SI ANIMALA": {"medie": 3.45, "reusita": 0.0, "cnt": 2}, "GENERAL": {"medie": 5.293181818181818, "reusita": 31.914893617021278, "cnt": 47}, "GEOGRAFIE": {"medie": 6.782500000000001, "reusita": 95.1219512195122, "cnt": 41}, "ANATOMIE SI FIZIOLOGIE UMANA, GENETICA SI ECOLOGIE UMANA": {"medie": 2.2, "reusita": 0.0, "cnt": 1}, "FIZICA TEH": {"medie": 2.0, "reusita": 0.0, "cnt": 3}}, "nume": "COLEGIUL TEHNIC \"ION HOLBAN\", IASI\tIa\u0219i"}