{"specializari": {"MATEMATICA-INFORMATICA": 29, "FILOLOGIE": 36, "STIINTE SOCIALE": 50}, "limba_moderna": {"LIMBA ENGLEZA": 115}, "limba_materna": {"LIMBA ROMANA": 100, "LIMBA GERMANA": 15}, "promotie_anterioara": {"NU": 107, "DA": 8}, "materii": {"LIMBA ROMANA": {"medie": 7.1384955752212385, "reusita": 94.78260869565217, "cnt": 115}, "BIOLOGIE VEGETALA SI ANIMALA": {"medie": 6.463636363636363, "reusita": 86.95652173913044, "cnt": 23}, "GENERAL": {"medie": 7.0588864306784656, "reusita": 80.8695652173913, "cnt": 115}, "ISTORIE": {"medie": 6.738823529411765, "reusita": 95.34883720930233, "cnt": 86}, "LOGICA, ARGUMENTARE SI COMUNICARE": {"medie": 8.649999999999999, "reusita": 66.66666666666666, "cnt": 3}, "MATEMATICA MATE-INFO": {"medie": 6.633928571428571, "reusita": 86.20689655172413, "cnt": 29}, "INFORMATICA MI C/C++": {"medie": 7.0625, "reusita": 100.0, "cnt": 4}, "GEOGRAFIE": {"medie": 7.778481012658225, "reusita": 98.73417721518987, "cnt": 79}, "ANATOMIE SI FIZIOLOGIE UMANA, GENETICA SI ECOLOGIE UMANA": {"medie": 8.675, "reusita": 100.0, "cnt": 2}, "SOCIOLOGIE": {"medie": 7.5, "reusita": 100.0, "cnt": 1}, "LIMBA GERMANA": {"medie": 6.8, "reusita": 100.0, "cnt": 15}, "PSIHOLOGIE": {"medie": 3.866666666666667, "reusita": 0.0, "cnt": 3}}, "nume": "COLEGIUL NATIONAL \"DOAMNA STANCA\" FAGARAS\tBra\u0219ov"}