{"specializari": {"TEHNICIAN IN CONSTRUCTII SI LUCRARI PUBLICE": 5, "TEHNICIAN IN HOTELARIE": 24, "TEHNICIAN MECATRONIST": 10, "TEHNICIAN IN ACTIVITATI ECONOMICE": 58, "TEHNICIAN OPERATOR TEHNICA DE CALCUL": 18, "TEHNICIAN TRANSPORTURI": 22, "TEHNICIAN DESENATOR PENTRU CONSTRUCTII SI INSTALATII": 13, "TEHNICIAN IN TURISM": 30, "TEHNICIAN IN INDUSTRIA ALIMENTARA": 1, "TEHNICIAN IN AUTOMATIZARI": 3, "TEHNICIAN IN ADMINISTRATIE": 2}, "limba_moderna": {"LIMBA ENGLEZA": 181, "LIMBA FRANCEZA": 5}, "limba_materna": {"LIMBA ROMANA": 186}, "promotie_anterioara": {"NU": 162, "DA": 24}, "materii": {"LIMBA ROMANA": {"medie": 6.411202185792346, "reusita": 86.02150537634408, "cnt": 186}, "MATEMATICA TEHN": {"medie": 6.588055555555554, "reusita": 79.56989247311827, "cnt": 186}, "BIOLOGIE VEGETALA SI ANIMALA": {"medie": 4.682835820895522, "reusita": 50.70422535211267, "cnt": 71}, "GENERAL": {"medie": 6.481060606060608, "reusita": 59.13978494623656, "cnt": 186}, "GEOGRAFIE": {"medie": 7.3548672566371645, "reusita": 89.47368421052632, "cnt": 114}, "CHIMIE ANORGANICA TEH NIVEL I/II": {"medie": 3.5, "reusita": 0.0, "cnt": 1}}, "nume": "COLEGIUL TEHNIC \"MIRON COSTIN\", MUNICIPIUL ROMAN\tNeam\u021b"}