{"specializari": {"TEHNICIAN ECOLOG SI PROTECTIA CALITATII MEDIULUI": 35, "TEHNICIAN IN ACTIVITATI ECONOMICE": 37, "TEHNICIAN PENTRU ANIMALE DE COMPANIE": 17, "TEHNICIAN VETERINAR": 26, "TEHNICIAN IN AGRICULTURA": 4, "TEHNICIAN HORTICULTOR": 11}, "limba_moderna": {"LIMBA ENGLEZA": 130}, "limba_materna": {"LIMBA ROMANA": 130}, "promotie_anterioara": {"DA": 38, "NU": 92}, "materii": {"LIMBA ROMANA": {"medie": 5.649999999999999, "reusita": 76.92307692307693, "cnt": 130}, "MATEMATICA TEHN": {"medie": 4.540079365079367, "reusita": 54.61538461538461, "cnt": 130}, "BIOLOGIE VEGETALA SI ANIMALA": {"medie": 4.622950819672131, "reusita": 46.774193548387096, "cnt": 62}, "GENERAL": {"medie": 5.030555555555557, "reusita": 27.692307692307693, "cnt": 130}, "GEOGRAFIE": {"medie": 4.994594594594592, "reusita": 62.16216216216216, "cnt": 37}, "ANATOMIE SI FIZIOLOGIE UMANA, GENETICA SI ECOLOGIE UMANA": {"medie": 4.029310344827586, "reusita": 36.666666666666664, "cnt": 30}, "CHIMIE ANORGANICA TEH NIVEL I/II": {"medie": 6.55, "reusita": 100.0, "cnt": 1}}, "nume": "COLEGIUL TEHNOLOGIC \"VIACESLAV HARNAJ\"\tBucure\u0219ti"}