{"specializari": {"INVATATOR - EDUCATOARE": 32, "MATEMATICA-INFORMATICA": 21, "STIINTE SOCIALE": 32, "FILOLOGIE": 38}, "limba_moderna": {"LIMBA ENGLEZA": 117, "LIMBA FRANCEZA": 6}, "limba_materna": {"LIMBA ROMANA": 123}, "promotie_anterioara": {"NU": 119, "DA": 4}, "materii": {"LIMBA ROMANA": {"medie": 7.753305785123969, "reusita": 97.5609756097561, "cnt": 123}, "BIOLOGIE VEGETALA SI ANIMALA": {"medie": 5.61, "reusita": 50.0, "cnt": 6}, "GENERAL": {"medie": 7.679722222222222, "reusita": 88.6178861788618, "cnt": 123}, "ISTORIE": {"medie": 7.312142857142855, "reusita": 100.0, "cnt": 70}, "LOGICA, ARGUMENTARE SI COMUNICARE": {"medie": 8.5, "reusita": 100.0, "cnt": 2}, "MATEMATICA MATE-INFO": {"medie": 6.885000000000001, "reusita": 76.19047619047619, "cnt": 21}, "INFORMATICA MI C/C++": {"medie": 9.075, "reusita": 100.0, "cnt": 2}, "GEOGRAFIE": {"medie": 8.289024390243899, "reusita": 98.79518072289156, "cnt": 83}, "ANATOMIE SI FIZIOLOGIE UMANA, GENETICA SI ECOLOGIE UMANA": {"medie": 8.0, "reusita": 100.0, "cnt": 1}, "MATEMATICA PED": {"medie": 7.951612903225806, "reusita": 93.75, "cnt": 32}, "SOCIOLOGIE": {"medie": 6.525, "reusita": 66.66666666666666, "cnt": 3}, "CHIMIE ANORGANICA TEO NIVEL I/II": {"medie": 6.191666666666666, "reusita": 83.33333333333334, "cnt": 12}, "PSIHOLOGIE": {"medie": 7.522222222222221, "reusita": 100.0, "cnt": 9}, "ECONOMIE": {"medie": 8.766666666666667, "reusita": 100.0, "cnt": 3}, "FILOSOFIE": {"medie": 4.625, "reusita": 50.0, "cnt": 2}}, "nume": "COLEGIUL NATIONAL PEDAGOGIC \"REGINA MARIA\" DEVA\tHunedoara"}