{"specializari": {"STIINTE SOCIALE": 46, "MATEMATICA-INFORMATICA": 28, "FILOLOGIE": 34, "STIINTE ALE NATURII": 1}, "limba_moderna": {"LIMBA ENGLEZA": 80, "LIMBA FRANCEZA": 2, "LIMBA ITALIANA": 27}, "limba_materna": {"LIMBA ROMANA": 109}, "promotie_anterioara": {"NU": 103, "DA": 6}, "materii": {"LIMBA ROMANA": {"medie": 7.877981651376144, "reusita": 99.08256880733946, "cnt": 109}, "BIOLOGIE VEGETALA SI ANIMALA": {"medie": 8.7625, "reusita": 100.0, "cnt": 4}, "GENERAL": {"medie": 7.926146788990825, "reusita": 90.82568807339449, "cnt": 109}, "MATEMATICA ST-NAT": {"medie": 5.0, "reusita": 100.0, "cnt": 1}, "CHIMIE ORGANICA TEO NIVEL I/II": {"medie": 5.5, "reusita": 100.0, "cnt": 1}, "ISTORIE": {"medie": 7.181874999999998, "reusita": 98.75, "cnt": 80}, "LOGICA, ARGUMENTARE SI COMUNICARE": {"medie": 9.5, "reusita": 100.0, "cnt": 2}, "MATEMATICA MATE-INFO": {"medie": 8.767857142857144, "reusita": 100.0, "cnt": 28}, "INFORMATICA MI C/C++": {"medie": 8.785416666666666, "reusita": 100.0, "cnt": 24}, "GEOGRAFIE": {"medie": 8.094444444444443, "reusita": 100.0, "cnt": 36}, "SOCIOLOGIE": {"medie": 8.4375, "reusita": 97.5, "cnt": 40}, "ECONOMIE": {"medie": 3.5, "reusita": 0.0, "cnt": 1}, "FILOSOFIE": {"medie": 5.3, "reusita": 100.0, "cnt": 1}}, "nume": "COLEGIUL NATIONAL \"GEORGE BARITIU\" CLUJ-NAPOCA\tCluj"}