{"specializari": {"TEHNICIAN IN SILVICULTURA SI EXPLOATARI FORESTIERE": 58, "STIINTE ALE NATURII": 32, "MATEMATICA-INFORMATICA": 2}, "limba_moderna": {"LIMBA ENGLEZA": 79, "LIMBA FRANCEZA": 13}, "limba_materna": {"LIMBA ROMANA": 92}, "promotie_anterioara": {"NU": 73, "DA": 19}, "materii": {"LIMBA ROMANA": {"medie": 5.351492537313432, "reusita": 50.0, "cnt": 92}, "MATEMATICA TEHN": {"medie": 4.988679245283021, "reusita": 55.172413793103445, "cnt": 58}, "BIOLOGIE VEGETALA SI ANIMALA": {"medie": 5.700746268656714, "reusita": 54.94505494505495, "cnt": 91}, "GENERAL": {"medie": 5.30456989247312, "reusita": 18.478260869565215, "cnt": 92}, "MATEMATICA ST-NAT": {"medie": 3.927777777777778, "reusita": 15.625, "cnt": 32}, "MATEMATICA MATE-INFO": {"medie": 4.65, "reusita": 50.0, "cnt": 2}, "FIZICA TEO": {"medie": 2.25, "reusita": 0.0, "cnt": 1}}, "nume": "COLEGIUL SILVIC \"THEODOR PIETRARU\" BRANESTI\tIlfov"}