{"specializari": {"TEHNICIAN IN ACTIVITATI ECONOMICE": 27, "TEHNICIAN HIDRO-METEOROLOG": 21, "TEHNICIAN ANALIZE PRODUSE ALIMENTARE": 28, "TEHNICIAN IN AGROTURISM": 15, "TEHNICIAN ECOLOG SI PROTECTIA CALITATII MEDIULUI": 24, "TEHNICIAN IN ADMINISTRATIE": 26, "TEHNICIAN VETERINAR": 22, "TEHNICIAN IN INDUSTRIA ALIMENTARA": 29, "TEHNICIAN ZOOTEHNIST": 1, "TEHNICIAN IN TURISM": 1}, "limba_moderna": {"LIMBA ENGLEZA": 185, "LIMBA FRANCEZA": 9}, "limba_materna": {"LIMBA ROMANA": 194}, "promotie_anterioara": {"NU": 167, "DA": 27}, "materii": {"LIMBA ROMANA": {"medie": 5.49543010752688, "reusita": 73.71134020618557, "cnt": 194}, "MATEMATICA TEHN": {"medie": 4.282336956521736, "reusita": 45.876288659793815, "cnt": 194}, "GENERAL": {"medie": 5.2077413479052845, "reusita": 32.47422680412371, "cnt": 194}, "GEOGRAFIE": {"medie": 6.50925925925926, "reusita": 83.33333333333334, "cnt": 54}, "ANATOMIE SI FIZIOLOGIE UMANA, GENETICA SI ECOLOGIE UMANA": {"medie": 5.490697674418608, "reusita": 64.28571428571429, "cnt": 140}}, "nume": "COLEGIUL AGRICOL \"TRAIAN SAVULESCU\" TIRGU MURES\tMure\u0219"}