{"specializari": {"TEHNICIAN IN AUTOMATIZARI": 24, "TEHNICIAN PROIECTANT CAD": 1, "TEHNICIAN DE TELECOMUNICATII": 8, "TEHNICIAN ELECTROTEHNIST": 7, "TEHNICIAN MECANIC PENTRU INTRETINERE SI REPARATII": 16, "TEHNICIAN IN INDUSTRIA TEXTILA": 11, "TEHNICIAN OPERATOR TEHNICA DE CALCUL": 19, "TEHNICIAN ECOLOG SI PROTECTIA CALITATII MEDIULUI": 51, "TEHNICIAN MECATRONIST": 14, "TEHNICIAN IN INDUSTRIA MATERIALELOR DE CONSTRUCTII": 14, "TEHNICIAN IN ACTIVITATI DE COMERT": 1}, "limba_moderna": {"LIMBA FRANCEZA": 62, "LIMBA ENGLEZA": 104}, "limba_materna": {"LIMBA ROMANA": 166}, "promotie_anterioara": {"NU": 116, "DA": 50}, "materii": {"LIMBA ROMANA": {"medie": 5.470779220779222, "reusita": 68.07228915662651, "cnt": 166}, "MATEMATICA TEHN": {"medie": 3.8581699346405234, "reusita": 42.168674698795186, "cnt": 166}, "BIOLOGIE VEGETALA SI ANIMALA": {"medie": 3.6250000000000004, "reusita": 30.0, "cnt": 130}, "GENERAL": {"medie": 4.431796690307329, "reusita": 15.66265060240964, "cnt": 166}, "GEOGRAFIE": {"medie": 6.05, "reusita": 100.0, "cnt": 1}, "ANATOMIE SI FIZIOLOGIE UMANA, GENETICA SI ECOLOGIE UMANA": {"medie": 5.3149999999999995, "reusita": 54.54545454545454, "cnt": 22}, "FIZICA TEH": {"medie": 2.908333333333333, "reusita": 12.5, "cnt": 8}, "CHIMIE ORGANICA TEH NIVEL I/II": {"medie": 6.02, "reusita": 80.0, "cnt": 5}}, "nume": "COLEGIUL TEHNIC NR 2 TG-JIU\tGorj"}