{"specializari": {"FILOLOGIE": 34, "MATEMATICA-INFORMATICA": 60, "STIINTE ALE NATURII": 89}, "limba_moderna": {"LIMBA ENGLEZA": 147, "LIMBA GERMANA MODERNA": 8, "LIMBA FRANCEZA": 27, "LIMBA SPANIOLA": 1}, "limba_materna": {"LIMBA ROMANA": 183}, "promotie_anterioara": {"NU": 183}, "materii": {"LIMBA ROMANA": {"medie": 8.725683060109287, "reusita": 100.0, "cnt": 183}, "BIOLOGIE VEGETALA SI ANIMALA": {"medie": 9.01923076923077, "reusita": 100.0, "cnt": 26}, "GENERAL": {"medie": 8.942714025500909, "reusita": 100.0, "cnt": 183}, "MATEMATICA ST-NAT": {"medie": 9.090449438202247, "reusita": 100.0, "cnt": 89}, "CHIMIE ORGANICA TEO NIVEL I/II": {"medie": 8.391666666666666, "reusita": 100.0, "cnt": 24}, "ISTORIE": {"medie": 9.217647058823529, "reusita": 100.0, "cnt": 34}, "LOGICA, ARGUMENTARE SI COMUNICARE": {"medie": 9.173529411764708, "reusita": 100.0, "cnt": 17}, "MATEMATICA MATE-INFO": {"medie": 9.17083333333333, "reusita": 100.0, "cnt": 60}, "INFORMATICA MI C/C++": {"medie": 8.989583333333334, "reusita": 100.0, "cnt": 24}, "GEOGRAFIE": {"medie": 9.161764705882353, "reusita": 100.0, "cnt": 17}, "ANATOMIE SI FIZIOLOGIE UMANA, GENETICA SI ECOLOGIE UMANA": {"medie": 9.315555555555557, "reusita": 100.0, "cnt": 45}, "FIZICA TEO": {"medie": 8.204166666666666, "reusita": 100.0, "cnt": 12}, "CHIMIE ANORGANICA TEO NIVEL I/II": {"medie": 8.836111111111109, "reusita": 100.0, "cnt": 18}}, "nume": "COLEGIUL NATIONAL \"DR. IOAN MESOTA\" BRASOV\tBra\u0219ov"}