{"specializari": {"MATEMATICA-INFORMATICA": 149}, "limba_moderna": {"LIMBA ENGLEZA": 145, "LIMBA GERMANA MODERNA": 4}, "limba_materna": {"LIMBA ROMANA": 149}, "promotie_anterioara": {"NU": 149}, "materii": {"LIMBA ROMANA": {"medie": 8.681879194630875, "reusita": 100.0, "cnt": 149}, "BIOLOGIE VEGETALA SI ANIMALA": {"medie": 8.35, "reusita": 100.0, "cnt": 10}, "GENERAL": {"medie": 8.874161073825505, "reusita": 100.0, "cnt": 149}, "CHIMIE ORGANICA TEO NIVEL I/II": {"medie": 7.6000000000000005, "reusita": 100.0, "cnt": 4}, "MATEMATICA MATE-INFO": {"medie": 9.11979865771812, "reusita": 100.0, "cnt": 149}, "INFORMATICA MI C/C++": {"medie": 8.908173076923074, "reusita": 100.0, "cnt": 104}, "ANATOMIE SI FIZIOLOGIE UMANA, GENETICA SI ECOLOGIE UMANA": {"medie": 8.813333333333333, "reusita": 100.0, "cnt": 15}, "FIZICA TEO": {"medie": 9.47857142857143, "reusita": 100.0, "cnt": 7}, "CHIMIE ANORGANICA TEO NIVEL I/II": {"medie": 8.377777777777778, "reusita": 100.0, "cnt": 9}}, "nume": "COLEGIUL NATIONAL DE INFORMATICA \"GRIGORE MOISIL\" BRASOV\tBra\u0219ov"}