{"specializari": {"TEHNICIAN IN GASTRONOMIE": 41, "TEHNICIAN IN ACTIVITATI ECONOMICE": 27, "TEHNICIAN IN ADMINISTRATIE": 28, "TEHNICIAN OPERATOR TEHNICA DE CALCUL": 26, "TEHNICIAN ANALIZE PRODUSE ALIMENTARE": 20, "TEHNICIAN IN TURISM": 36, "MATEMATICA-INFORMATICA": 14, "COAFOR STILIST": 22, "TEHNICIAN MECANIC PENTRU INTRETINERE SI REPARATII": 4, "TEHNICIAN ECOLOG SI PROTECTIA CALITATII MEDIULUI": 8, "TEHNICIAN HORTICULTOR": 1, "TEHNICIAN IN INDUSTRIA ALIMENTARA": 1}, "limba_moderna": {"LIMBA ENGLEZA": 224, "LIMBA FRANCEZA": 2, "LIMBA GERMANA MODERNA": 1, "LIMBA RUSA": 1}, "limba_materna": {"LIMBA ROMANA": 212, "LIMBA MAGHIARA": 16}, "promotie_anterioara": {"DA": 72, "NU": 156}, "materii": {"LIMBA ROMANA": {"medie": 5.467111111111112, "reusita": 76.75438596491229, "cnt": 228}, "MATEMATICA TEHN": {"medie": 4.545238095238094, "reusita": 53.271028037383175, "cnt": 214}, "BIOLOGIE VEGETALA SI ANIMALA": {"medie": 4.735185185185186, "reusita": 53.57142857142857, "cnt": 28}, "GENERAL": {"medie": 5.309518348623853, "reusita": 29.385964912280706, "cnt": 228}, "LOGICA, ARGUMENTARE SI COMUNICARE": {"medie": 7.450000000000001, "reusita": 100.0, "cnt": 9}, "MATEMATICA MATE-INFO": {"medie": 5.007142857142857, "reusita": 71.42857142857143, "cnt": 14}, "INFORMATICA MI C/C++": {"medie": 5.4375, "reusita": 100.0, "cnt": 4}, "GEOGRAFIE": {"medie": 5.8310714285714305, "reusita": 73.42657342657343, "cnt": 143}, "ANATOMIE SI FIZIOLOGIE UMANA, GENETICA SI ECOLOGIE UMANA": {"medie": 5.108108108108109, "reusita": 56.75675675675676, "cnt": 37}, "FIZICA TEH": {"medie": 10.0, "reusita": 33.33333333333333, "cnt": 3}, "ECONOMIE": {"medie": 7.175000000000001, "reusita": 100.0, "cnt": 2}, "LIMBA MAGHIARA (REAL)": {"medie": 6.86, "reusita": 93.75, "cnt": 16}, "CHIMIE ORGANICA TEH NIVEL I/II": {"medie": 7.15, "reusita": 100.0, "cnt": 2}}, "nume": "COLEGIUL TEHNIC \"MIHAI VITEAZUL\" ORADEA\tBihor"}