{"specializari": {"TEHNICIAN IN HOTELARIE": 69, "MATEMATICA-INFORMATICA": 17, "TEHNICIAN IN ACTIVITATI ECONOMICE": 31, "TEHNICIAN ANALIZE PRODUSE ALIMENTARE": 24, "TEHNICIAN ECOLOG SI PROTECTIA CALITATII MEDIULUI": 16, "TEHNICIAN VETERINAR": 18, "TEHNICIAN IN INDUSTRIA ALIMENTARA": 1, "TEHNICIAN IN CONSTRUCTII SI LUCRARI PUBLICE": 7, "TEHNICIAN IN AUTOMATIZARI": 2, "TEHNICIAN IN SILVICULTURA SI EXPLOATARI FORESTIERE": 17, "TEHNICIAN MECANIC PENTRU INTRETINERE SI REPARATII": 7, "TEHNICIAN OPERATOR TEHNICA DE CALCUL": 6, "TEHNICIAN IN ADMINISTRATIE": 27, "TEHNICIAN IN AGROTURISM": 6, "TEHNICIAN HORTICULTOR": 2}, "limba_moderna": {"LIMBA ENGLEZA": 162, "LIMBA FRANCEZA": 88}, "limba_materna": {"LIMBA ROMANA": 250}, "promotie_anterioara": {"NU": 226, "DA": 24}, "materii": {"LIMBA ROMANA": {"medie": 6.19936974789916, "reusita": 78.0, "cnt": 250}, "MATEMATICA TEHN": {"medie": 4.978310502283107, "reusita": 51.931330472103, "cnt": 233}, "BIOLOGIE VEGETALA SI ANIMALA": {"medie": 5.2451612903225815, "reusita": 57.14285714285714, "cnt": 98}, "GENERAL": {"medie": 5.818447293447297, "reusita": 40.400000000000006, "cnt": 250}, "MATEMATICA MATE-INFO": {"medie": 5.43235294117647, "reusita": 58.82352941176471, "cnt": 17}, "INFORMATICA MI C/C++": {"medie": 8.149999999999999, "reusita": 100.0, "cnt": 2}, "GEOGRAFIE": {"medie": 7.0104166666666705, "reusita": 90.32258064516128, "cnt": 124}, "ANATOMIE SI FIZIOLOGIE UMANA, GENETICA SI ECOLOGIE UMANA": {"medie": 5.321052631578948, "reusita": 50.0, "cnt": 22}, "ECONOMIE": {"medie": 6.316666666666666, "reusita": 66.66666666666666, "cnt": 3}, "CHIMIE ANORGANICA TEH NIVEL I/II": {"medie": 5.6, "reusita": 100.0, "cnt": 1}}, "nume": "COLEGIUL \"VASILE LOVINESCU\" FALTICENI\tSuceava"}