{"specializari": {"TEHNICIAN CHIMIST DE LABORATOR": 23, "TEHNICIAN ANALIZE PRODUSE ALIMENTARE": 71, "TEHNICIAN ECOLOG SI PROTECTIA CALITATII MEDIULUI": 72, "TEHNICIAN DESIGNER VESTIMENTAR": 22, "TEHNICIAN OPERATOR TEHNICA DE CALCUL": 19, "TEHNICIAN MECATRONIST": 16, "TEHNICIAN PRELUCRARI PE MASINI CU COMANDA NUMERICA": 14, "TEHNICIAN DESENATOR PENTRU CONSTRUCTII SI INSTALATII": 15, "TEHNICIAN DE TELECOMUNICATII": 20, "TEHNICIAN IN INDUSTRIA ALIMENTARA": 17, "TEHNICIAN IN GASTRONOMIE": 24, "TEHNICIAN IN CHIMIE INDUSTRIALA": 1, "TEHNICIAN IN CONSTRUCTII SI LUCRARI PUBLICE": 2, "STIINTE SOCIALE": 6, "FILOLOGIE": 6}, "limba_moderna": {"LIMBA ENGLEZA": 315, "LIMBA FRANCEZA": 13}, "limba_materna": {"LIMBA ROMANA": 328}, "promotie_anterioara": {"NU": 269, "DA": 59}, "materii": {"LIMBA ROMANA": {"medie": 5.572426470588234, "reusita": 59.756097560975604, "cnt": 328}, "MATEMATICA TEHN": {"medie": 4.79423076923077, "reusita": 44.303797468354425, "cnt": 316}, "BIOLOGIE VEGETALA SI ANIMALA": {"medie": 4.10561224489796, "reusita": 23.66412213740458, "cnt": 131}, "GENERAL": {"medie": 5.209961685823756, "reusita": 24.695121951219512, "cnt": 328}, "ISTORIE": {"medie": 5.954545454545454, "reusita": 91.66666666666666, "cnt": 12}, "LOGICA, ARGUMENTARE SI COMUNICARE": {"medie": 7.333333333333333, "reusita": 83.33333333333334, "cnt": 6}, "GEOGRAFIE": {"medie": 7.212500000000001, "reusita": 79.16666666666666, "cnt": 24}, "ANATOMIE SI FIZIOLOGIE UMANA, GENETICA SI ECOLOGIE UMANA": {"medie": 5.0978260869565215, "reusita": 47.794117647058826, "cnt": 136}, "FIZICA TEH": {"medie": 5.54, "reusita": 90.0, "cnt": 10}, "SOCIOLOGIE": {"medie": 5.1899999999999995, "reusita": 33.33333333333333, "cnt": 6}, "CHIMIE ANORGANICA TEH NIVEL I/II": {"medie": 3.975, "reusita": 25.0, "cnt": 8}, "CHIMIE ORGANICA TEH NIVEL I/II": {"medie": 7.514285714285714, "reusita": 100.0, "cnt": 7}}, "nume": "COLEGIUL TEHNIC \"GHEORGHE CARTIANU\", MUNICIPIUL PIATRA-NEAMT\tNeam\u021b"}