{"specializari": {"MATEMATICA-INFORMATICA": 32, "ARHITECTURA, ARTE AMBIENTALE SI DESIGN": 57, "TEHNICIAN DESENATOR PENTRU CONSTRUCTII SI INSTALATII": 52}, "limba_moderna": {"LIMBA ENGLEZA": 140, "LIMBA FRANCEZA": 1}, "limba_materna": {"LIMBA ROMANA": 141}, "promotie_anterioara": {"NU": 87, "DA": 54}, "materii": {"LIMBA ROMANA": {"medie": 6.8689285714285715, "reusita": 95.74468085106383, "cnt": 141}, "MATEMATICA TEHN": {"medie": 6.781730769230771, "reusita": 96.15384615384616, "cnt": 52}, "BIOLOGIE VEGETALA SI ANIMALA": {"medie": 6.429838709677419, "reusita": 82.8125, "cnt": 64}, "GENERAL": {"medie": 6.818126520681263, "reusita": 72.3404255319149, "cnt": 141}, "CHIMIE ORGANICA TEO NIVEL I/II": {"medie": 7.3, "reusita": 100.0, "cnt": 1}, "ISTORIE": {"medie": 6.144642857142857, "reusita": 85.96491228070175, "cnt": 57}, "LOGICA, ARGUMENTARE SI COMUNICARE": {"medie": 8.225000000000001, "reusita": 100.0, "cnt": 12}, "MATEMATICA MATE-INFO": {"medie": 6.9953125, "reusita": 90.625, "cnt": 32}, "INFORMATICA MI C/C++": {"medie": 6.875, "reusita": 100.0, "cnt": 2}, "GEOGRAFIE": {"medie": 7.473333333333333, "reusita": 93.33333333333333, "cnt": 45}, "FIZICA TEO": {"medie": 7.099999999999999, "reusita": 80.0, "cnt": 5}, "FIZICA TEH": {"medie": 5.875, "reusita": 83.33333333333334, "cnt": 6}, "CHIMIE ANORGANICA TEO NIVEL I/II": {"medie": 6.433333333333334, "reusita": 100.0, "cnt": 3}, "CHIMIE ANORGANICA TEH NIVEL I/II": {"medie": 6.3, "reusita": 100.0, "cnt": 1}, "INFORMATICA MI PASCAL": {"medie": 6.55, "reusita": 100.0, "cnt": 1}, "CHIMIE ORGANICA TEH NIVEL I/II": {"medie": 7.8, "reusita": 100.0, "cnt": 1}}, "nume": "COLEGIUL TEHNIC DE ARHITECTURA SI LUCRARI PUBLICE \"IOAN N. SOCOLESCU\"\tBucure\u0219ti"}