{"specializari": {"ORGANIZATOR BANQUETING": 24, "TEHNICIAN IN ACHIZITII SI CONTRACTARI": 26, "TEHNICIAN IN HOTELARIE": 14, "TEHNICIAN IN ACTIVITATI ECONOMICE": 61, "TEHNICIAN IN TURISM": 62, "TEHNICIAN IN ADMINISTRATIE": 27, "TEHNICIAN IN GASTRONOMIE": 26, "TEHNICIAN IN ACTIVITATI DE COMERT": 9}, "limba_moderna": {"LIMBA ENGLEZA": 237, "LIMBA FRANCEZA": 11, "LIMBA GERMANA MODERNA": 1}, "limba_materna": {"LIMBA ROMANA": 249}, "promotie_anterioara": {"NU": 205, "DA": 44}, "materii": {"LIMBA ROMANA": {"medie": 7.145582329317268, "reusita": 96.78714859437751, "cnt": 249}, "MATEMATICA TEHN": {"medie": 8.005737704918035, "reusita": 92.7710843373494, "cnt": 249}, "GENERAL": {"medie": 7.678856749311299, "reusita": 84.33734939759037, "cnt": 249}, "LOGICA, ARGUMENTARE SI COMUNICARE": {"medie": 8.4, "reusita": 100.0, "cnt": 1}, "GEOGRAFIE": {"medie": 7.692117117117119, "reusita": 97.34513274336283, "cnt": 226}, "ECONOMIE": {"medie": 8.985714285714286, "reusita": 95.45454545454545, "cnt": 22}}, "nume": "COLEGIUL NATIONAL ECONOMIC \"ANDREI BARSEANU\" BRASOV\tBra\u0219ov"}