{"specializari": {"TEHNICIAN IN AUTOMATIZARI": 24, "TEHNICIAN IN INSTALATII ELECTRICE": 10, "TEHNICIAN MECATRONIST": 17, "TEHNICIAN OPERATOR TEHNICA DE CALCUL": 4, "TEHNICIAN ELECTRONIST": 1, "TEHNICIAN ELECTROMECANIC": 1, "TEHNICIAN ELECTROTEHNIST": 1}, "limba_moderna": {"LIMBA ENGLEZA": 56, "LIMBA FRANCEZA": 2}, "limba_materna": {"LIMBA ROMANA": 51, "LIMBA MAGHIARA": 7}, "promotie_anterioara": {"DA": 23, "NU": 35}, "materii": {"LIMBA ROMANA": {"medie": 6.239655172413793, "reusita": 96.55172413793103, "cnt": 58}, "MATEMATICA TEHN": {"medie": 7.091228070175435, "reusita": 89.65517241379311, "cnt": 58}, "BIOLOGIE VEGETALA SI ANIMALA": {"medie": 5.617857142857145, "reusita": 70.0, "cnt": 30}, "GENERAL": {"medie": 6.209166666666667, "reusita": 48.275862068965516, "cnt": 58}, "ANATOMIE SI FIZIOLOGIE UMANA, GENETICA SI ECOLOGIE UMANA": {"medie": 5.75, "reusita": 100.0, "cnt": 1}, "FIZICA TEH": {"medie": 4.9071428571428575, "reusita": 53.333333333333336, "cnt": 15}, "LIMBA MAGHIARA (REAL)": {"medie": 5.307142857142857, "reusita": 85.71428571428571, "cnt": 7}, "CHIMIE ANORGANICA TEH NIVEL I/II": {"medie": 5.070833333333332, "reusita": 75.0, "cnt": 12}}, "nume": "COLEGIUL TEHNIC \"REMUS RADULET\" BRASOV\tBra\u0219ov"}