{"specializari": {"MATEMATICA-INFORMATICA": 61, "STIINTE SOCIALE": 64, "STIINTE ALE NATURII": 63, "FILOLOGIE": 33}, "limba_moderna": {"LIMBA ENGLEZA": 205, "LIMBA FRANCEZA": 15, "LIMBA GERMANA MODERNA": 1}, "limba_materna": {"LIMBA ROMANA": 221}, "promotie_anterioara": {"NU": 219, "DA": 2}, "materii": {"LIMBA ROMANA": {"medie": 8.652262443438914, "reusita": 100.0, "cnt": 221}, "BIOLOGIE VEGETALA SI ANIMALA": {"medie": 8.872222222222222, "reusita": 100.0, "cnt": 27}, "GENERAL": {"medie": 8.839772727272726, "reusita": 98.64253393665159, "cnt": 221}, "MATEMATICA ST-NAT": {"medie": 8.438888888888888, "reusita": 98.4126984126984, "cnt": 63}, "CHIMIE ORGANICA TEO NIVEL I/II": {"medie": 9.032758620689657, "reusita": 100.0, "cnt": 29}, "ISTORIE": {"medie": 8.744845360824744, "reusita": 100.0, "cnt": 97}, "MATEMATICA MATE-INFO": {"medie": 9.325409836065575, "reusita": 100.0, "cnt": 61}, "INFORMATICA MI C/C++": {"medie": 9.15, "reusita": 100.0, "cnt": 2}, "GEOGRAFIE": {"medie": 9.20919540229885, "reusita": 100.0, "cnt": 87}, "ANATOMIE SI FIZIOLOGIE UMANA, GENETICA SI ECOLOGIE UMANA": {"medie": 8.628260869565219, "reusita": 95.83333333333334, "cnt": 24}, "FIZICA TEO": {"medie": 9.052631578947372, "reusita": 100.0, "cnt": 38}, "SOCIOLOGIE": {"medie": 9.4, "reusita": 100.0, "cnt": 1}, "CHIMIE ANORGANICA TEO NIVEL I/II": {"medie": 8.5125, "reusita": 100.0, "cnt": 4}, "PSIHOLOGIE": {"medie": 6.6, "reusita": 100.0, "cnt": 1}, "ECONOMIE": {"medie": 8.9, "reusita": 100.0, "cnt": 6}, "FILOSOFIE": {"medie": 9.4, "reusita": 100.0, "cnt": 2}}, "nume": "COLEGIUL NATIONAL \"AL. I. CUZA\" FOCSANI\tVrancea"}