{"specializari": {"MATEMATICA-INFORMATICA": 69, "INVATATOR - EDUCATOARE": 71, "FILOLOGIE": 28}, "limba_moderna": {"LIMBA ENGLEZA": 154, "LIMBA FRANCEZA": 14}, "limba_materna": {"LIMBA ROMANA": 168}, "promotie_anterioara": {"NU": 161, "DA": 7}, "materii": {"LIMBA ROMANA": {"medie": 7.1169642857142845, "reusita": 95.83333333333334, "cnt": 168}, "BIOLOGIE VEGETALA SI ANIMALA": {"medie": 6.2, "reusita": 100.0, "cnt": 1}, "GENERAL": {"medie": 7.312375249501004, "reusita": 85.71428571428571, "cnt": 168}, "ISTORIE": {"medie": 7.644642857142856, "reusita": 100.0, "cnt": 28}, "MATEMATICA MATE-INFO": {"medie": 6.272463768115943, "reusita": 82.6086956521739, "cnt": 69}, "INFORMATICA MI C/C++": {"medie": 7.733333333333334, "reusita": 100.0, "cnt": 3}, "GEOGRAFIE": {"medie": 8.741025641025644, "reusita": 98.73417721518987, "cnt": 79}, "ANATOMIE SI FIZIOLOGIE UMANA, GENETICA SI ECOLOGIE UMANA": {"medie": 7.11953125, "reusita": 95.3125, "cnt": 64}, "MATEMATICA PED": {"medie": 7.461267605633806, "reusita": 100.0, "cnt": 71}, "PSIHOLOGIE": {"medie": 6.397368421052631, "reusita": 100.0, "cnt": 19}, "INFORMATICA MI PASCAL": {"medie": 5.3, "reusita": 100.0, "cnt": 1}, "FILOSOFIE": {"medie": 9.4, "reusita": 100.0, "cnt": 1}}, "nume": "COLEGIUL NATIONAL PEDAGOGIC \"REGELE FERDINAND\" SIGHETU MARMATIEI\tMaramure\u0219"}