{"specializari": {"MATEMATICA-INFORMATICA": 58, "STIINTE ALE NATURII": 69, "FILOLOGIE": 76, "STIINTE SOCIALE": 77}, "limba_moderna": {"LIMBA ENGLEZA": 246, "LIMBA FRANCEZA": 34}, "limba_materna": {"LIMBA ROMANA": 280}, "promotie_anterioara": {"NU": 229, "DA": 51}, "materii": {"LIMBA ROMANA": {"medie": 6.9386642599278, "reusita": 89.64285714285715, "cnt": 280}, "BIOLOGIE VEGETALA SI ANIMALA": {"medie": 4.655555555555555, "reusita": 66.66666666666666, "cnt": 9}, "GENERAL": {"medie": 7.0140344403444015, "reusita": 70.0, "cnt": 280}, "MATEMATICA ST-NAT": {"medie": 4.8547619047619035, "reusita": 53.62318840579711, "cnt": 69}, "CHIMIE ORGANICA TEO NIVEL I/II": {"medie": 8.312499999999998, "reusita": 100.0, "cnt": 24}, "ISTORIE": {"medie": 6.427152317880794, "reusita": 88.88888888888889, "cnt": 153}, "LOGICA, ARGUMENTARE SI COMUNICARE": {"medie": 8.163999999999998, "reusita": 94.23076923076923, "cnt": 52}, "MATEMATICA MATE-INFO": {"medie": 8.897368421052633, "reusita": 98.27586206896551, "cnt": 58}, "GEOGRAFIE": {"medie": 7.595625000000001, "reusita": 97.5, "cnt": 80}, "ANATOMIE SI FIZIOLOGIE UMANA, GENETICA SI ECOLOGIE UMANA": {"medie": 6.692857142857143, "reusita": 75.86206896551724, "cnt": 58}, "FIZICA TEO": {"medie": 8.86923076923077, "reusita": 100.0, "cnt": 13}, "SOCIOLOGIE": {"medie": 6.442857142857142, "reusita": 85.71428571428571, "cnt": 21}, "CHIMIE ANORGANICA TEO NIVEL I/II": {"medie": 7.4891304347826075, "reusita": 91.30434782608695, "cnt": 23}}, "nume": "COLEGIUL NATIONAL \"ION LUCA CARAGIALE\" MORENI\tD\u00e2mbovi\u021ba"}