{"specializari": {"MATEMATICA-INFORMATICA": 91, "FILOLOGIE": 76, "STIINTE ALE NATURII": 38, "TEHNICIAN MECANIC PENTRU INTRETINERE SI REPARATII": 1}, "limba_moderna": {"LIMBA ENGLEZA": 201, "LIMBA FRANCEZA": 4, "LIMBA SPANIOLA": 1}, "limba_materna": {"LIMBA ROMANA": 206}, "promotie_anterioara": {"NU": 200, "DA": 6}, "materii": {"LIMBA ROMANA": {"medie": 8.532266009852215, "reusita": 98.05825242718447, "cnt": 206}, "MATEMATICA TEHN": {"medie": 6.65, "reusita": 100.0, "cnt": 1}, "GENERAL": {"medie": 8.557755775577554, "reusita": 96.60194174757282, "cnt": 206}, "MATEMATICA ST-NAT": {"medie": 7.709722222222221, "reusita": 94.73684210526315, "cnt": 38}, "CHIMIE ORGANICA TEO NIVEL I/II": {"medie": 8.822727272727272, "reusita": 100.0, "cnt": 11}, "ISTORIE": {"medie": 7.809868421052633, "reusita": 98.68421052631578, "cnt": 76}, "LOGICA, ARGUMENTARE SI COMUNICARE": {"medie": 9.65, "reusita": 100.0, "cnt": 6}, "MATEMATICA MATE-INFO": {"medie": 9.045054945054948, "reusita": 100.0, "cnt": 91}, "INFORMATICA MI C/C++": {"medie": 8.58, "reusita": 100.0, "cnt": 35}, "GEOGRAFIE": {"medie": 8.700000000000001, "reusita": 100.0, "cnt": 55}, "ANATOMIE SI FIZIOLOGIE UMANA, GENETICA SI ECOLOGIE UMANA": {"medie": 8.680392156862746, "reusita": 94.44444444444444, "cnt": 54}, "FIZICA TEO": {"medie": 9.171428571428573, "reusita": 100.0, "cnt": 28}, "SOCIOLOGIE": {"medie": 8.576666666666664, "reusita": 100.0, "cnt": 15}, "CHIMIE ANORGANICA TEO NIVEL I/II": {"medie": 7.2250000000000005, "reusita": 100.0, "cnt": 2}}, "nume": "COLEGIUL NATIONAL \"DIMITRIE CANTEMIR\" ONESTI\tBac\u0103u"}