{"specializari": {"FILOLOGIE": 32, "TEHNICIAN IN SILVICULTURA SI EXPLOATARI FORESTIERE": 124, "TEHNICIAN IN ACTIVITATI ECONOMICE": 30, "TEHNICIAN IN GASTRONOMIE": 16, "TEHNICIAN IN TURISM": 3, "TEHNICIAN ECOLOG SI PROTECTIA CALITATII MEDIULUI": 26, "TEHNICIAN IN ADMINISTRATIE": 3}, "limba_moderna": {"LIMBA ENGLEZA": 212, "LIMBA FRANCEZA": 22}, "limba_materna": {"LIMBA ROMANA": 234}, "promotie_anterioara": {"NU": 198, "DA": 36}, "materii": {"LIMBA ROMANA": {"medie": 6.126681614349772, "reusita": 79.05982905982906, "cnt": 234}, "MATEMATICA TEHN": {"medie": 6.844764397905756, "reusita": 87.12871287128714, "cnt": 202}, "BIOLOGIE VEGETALA SI ANIMALA": {"medie": 5.574999999999998, "reusita": 63.793103448275865, "cnt": 58}, "GENERAL": {"medie": 6.391552511415522, "reusita": 52.13675213675214, "cnt": 234}, "ISTORIE": {"medie": 5.160937500000001, "reusita": 75.0, "cnt": 32}, "GEOGRAFIE": {"medie": 6.988749999999996, "reusita": 92.5, "cnt": 80}, "ANATOMIE SI FIZIOLOGIE UMANA, GENETICA SI ECOLOGIE UMANA": {"medie": 6.1424050632911396, "reusita": 70.0, "cnt": 90}, "PSIHOLOGIE": {"medie": 8.2875, "reusita": 100.0, "cnt": 4}, "CHIMIE ORGANICA TEH NIVEL I/II": {"medie": 9.850000000000001, "reusita": 100.0, "cnt": 2}}, "nume": "COLEGIUL SILVIC \"BUCOVINA\" CAMPULUNG MOLDOVENESC\tSuceava"}