{"specializari": {"FILOLOGIE": 63, "INVATATOR - EDUCATOARE": 32, "MATEMATICA-INFORMATICA": 62}, "limba_moderna": {"LIMBA ENGLEZA": 151, "LIMBA SPANIOLA": 6}, "limba_materna": {"LIMBA ROMANA": 157}, "promotie_anterioara": {"NU": 151, "DA": 6}, "materii": {"LIMBA ROMANA": {"medie": 8.553821656050955, "reusita": 100.0, "cnt": 157}, "BIOLOGIE VEGETALA SI ANIMALA": {"medie": 8.593548387096773, "reusita": 96.7741935483871, "cnt": 31}, "GENERAL": {"medie": 8.568683651804667, "reusita": 98.72611464968153, "cnt": 157}, "CHIMIE ORGANICA TEO NIVEL I/II": {"medie": 8.75, "reusita": 100.0, "cnt": 3}, "ISTORIE": {"medie": 8.44047619047619, "reusita": 100.0, "cnt": 63}, "LOGICA, ARGUMENTARE SI COMUNICARE": {"medie": 8.216666666666667, "reusita": 100.0, "cnt": 6}, "MATEMATICA MATE-INFO": {"medie": 8.816935483870967, "reusita": 100.0, "cnt": 62}, "INFORMATICA MI C/C++": {"medie": 9.05, "reusita": 100.0, "cnt": 18}, "GEOGRAFIE": {"medie": 9.063281249999998, "reusita": 100.0, "cnt": 64}, "ANATOMIE SI FIZIOLOGIE UMANA, GENETICA SI ECOLOGIE UMANA": {"medie": 8.2125, "reusita": 100.0, "cnt": 4}, "FIZICA TEO": {"medie": 9.175, "reusita": 100.0, "cnt": 4}, "MATEMATICA PED": {"medie": 8.026562499999999, "reusita": 100.0, "cnt": 32}, "SOCIOLOGIE": {"medie": 8.113636363636363, "reusita": 100.0, "cnt": 11}, "CHIMIE ANORGANICA TEO NIVEL I/II": {"medie": 7.525, "reusita": 100.0, "cnt": 2}, "PSIHOLOGIE": {"medie": 6.930769230769231, "reusita": 100.0, "cnt": 13}, "ECONOMIE": {"medie": 8.8, "reusita": 100.0, "cnt": 1}}, "nume": "COLEGIUL NATIONAL \"ELENA CUZA\"\tBucure\u0219ti"}