{"specializari": {"TEHNICIAN IN ACTIVITATI ECONOMICE": 25, "TEHNICIAN OPERATOR TEHNICA DE CALCUL": 14, "TEHNICIAN IN INSTALATII ELECTRICE": 7, "TEHNICIAN DE TELECOMUNICATII": 3, "MATEMATICA-INFORMATICA": 11, "TEHNICIAN IN TURISM": 24, "TEHNICIAN IN HOTELARIE": 40, "TEHNICIAN TRANSPORTURI": 9, "TEHNICIAN MECATRONIST": 9, "TEHNICIAN ELECTROTEHNIST": 9, "TEHNICIAN ELECTRONIST": 11, "TEHNICIAN IN ADMINISTRATIE": 2}, "limba_moderna": {"LIMBA FRANCEZA": 7, "LIMBA ENGLEZA": 156, "LIMBA GERMANA MODERNA": 1}, "limba_materna": {"LIMBA ROMANA": 141, "LIMBA MAGHIARA": 23}, "promotie_anterioara": {"NU": 105, "DA": 59}, "materii": {"LIMBA ROMANA": {"medie": 5.555590062111803, "reusita": 79.8780487804878, "cnt": 164}, "MATEMATICA TEHN": {"medie": 5.884797297297296, "reusita": 73.8562091503268, "cnt": 153}, "BIOLOGIE VEGETALA SI ANIMALA": {"medie": 4.796052631578947, "reusita": 55.00000000000001, "cnt": 40}, "GENERAL": {"medie": 5.8946047008547, "reusita": 43.90243902439025, "cnt": 164}, "LOGICA, ARGUMENTARE SI COMUNICARE": {"medie": 9.433333333333332, "reusita": 100.0, "cnt": 3}, "MATEMATICA MATE-INFO": {"medie": 5.236363636363636, "reusita": 81.81818181818183, "cnt": 11}, "INFORMATICA MI C/C++": {"medie": 6.955, "reusita": 100.0, "cnt": 10}, "GEOGRAFIE": {"medie": 6.762209302325581, "reusita": 94.31818181818183, "cnt": 88}, "FIZICA TEH": {"medie": 2.975, "reusita": 20.0, "cnt": 10}, "CHIMIE ANORGANICA TEO NIVEL I/II": {"medie": 6.6, "reusita": 100.0, "cnt": 1}, "LIMBA MAGHIARA (REAL)": {"medie": 5.607142857142857, "reusita": 69.56521739130434, "cnt": 23}, "CHIMIE ORGANICA TEH NIVEL I/II": {"medie": 6.012499999999999, "reusita": 83.33333333333334, "cnt": 12}}, "nume": "COLEGIUL TEHNIC \"TRAIAN VUIA\" ORADEA\tBihor"}