{"specializari": {"TEHNICIAN DE TELECOMUNICATII": 27, "MATEMATICA-INFORMATICA": 40, "TEHNICIAN IN AUTOMATIZARI": 21, "TEHNICIAN IN INSTALATII ELECTRICE": 21, "TEHNICIAN ELECTROMECANIC": 8, "TEHNICIAN TRANSPORTURI": 7, "TEHNICIAN IN ACTIVITATI ECONOMICE": 57, "TEHNICIAN ELECTROTEHNIST": 1}, "limba_moderna": {"LIMBA ENGLEZA": 168, "LIMBA ITALIANA": 1, "LIMBA GERMANA MODERNA": 2, "LIMBA FRANCEZA": 11}, "limba_materna": {"LIMBA ROMANA": 182}, "promotie_anterioara": {"NU": 159, "DA": 23}, "materii": {"LIMBA ROMANA": {"medie": 6.99696132596685, "reusita": 96.7032967032967, "cnt": 182}, "MATEMATICA TEHN": {"medie": 7.164184397163118, "reusita": 90.14084507042254, "cnt": 142}, "BIOLOGIE VEGETALA SI ANIMALA": {"medie": 5.7807692307692315, "reusita": 58.536585365853654, "cnt": 82}, "GENERAL": {"medie": 6.953124999999999, "reusita": 69.78021978021978, "cnt": 182}, "CHIMIE ORGANICA TEO NIVEL I/II": {"medie": 7.9, "reusita": 100.0, "cnt": 1}, "MATEMATICA MATE-INFO": {"medie": 6.916666666666667, "reusita": 95.0, "cnt": 40}, "INFORMATICA MI C/C++": {"medie": 6.6230769230769235, "reusita": 88.88888888888889, "cnt": 27}, "GEOGRAFIE": {"medie": 8.12410714285714, "reusita": 96.42857142857143, "cnt": 56}, "ANATOMIE SI FIZIOLOGIE UMANA, GENETICA SI ECOLOGIE UMANA": {"medie": 6.204166666666666, "reusita": 91.66666666666666, "cnt": 12}, "FIZICA TEH": {"medie": 2.8, "reusita": 0.0, "cnt": 1}, "PSIHOLOGIE": {"medie": 6.1, "reusita": 100.0, "cnt": 1}, "CHIMIE ANORGANICA TEH NIVEL I/II": {"medie": 7.9, "reusita": 100.0, "cnt": 1}, "CHIMIE ORGANICA TEH NIVEL I/II": {"medie": 2.6, "reusita": 0.0, "cnt": 1}}, "nume": "COLEGIUL TEHNIC \"INFOEL\" BISTRITA\tBistri\u021ba-N\u0103s\u0103ud"}