{"specializari": {"MATEMATICA-INFORMATICA": 56, "FILOLOGIE": 89, "STIINTE ALE NATURII": 34}, "limba_moderna": {"LIMBA FRANCEZA": 58, "LIMBA ENGLEZA": 121}, "limba_materna": {"LIMBA ROMANA": 179}, "promotie_anterioara": {"NU": 179}, "materii": {"LIMBA ROMANA": {"medie": 8.85111731843575, "reusita": 100.0, "cnt": 179}, "GENERAL": {"medie": 8.971694599627558, "reusita": 100.0, "cnt": 179}, "MATEMATICA ST-NAT": {"medie": 9.352941176470587, "reusita": 100.0, "cnt": 34}, "CHIMIE ORGANICA TEO NIVEL I/II": {"medie": 9.9, "reusita": 100.0, "cnt": 5}, "ISTORIE": {"medie": 8.91404494382023, "reusita": 100.0, "cnt": 89}, "LOGICA, ARGUMENTARE SI COMUNICARE": {"medie": 9.212499999999999, "reusita": 100.0, "cnt": 16}, "MATEMATICA MATE-INFO": {"medie": 9.153571428571423, "reusita": 100.0, "cnt": 56}, "INFORMATICA MI C/C++": {"medie": 8.24285714285714, "reusita": 100.0, "cnt": 21}, "GEOGRAFIE": {"medie": 9.090441176470588, "reusita": 100.0, "cnt": 68}, "ANATOMIE SI FIZIOLOGIE UMANA, GENETICA SI ECOLOGIE UMANA": {"medie": 9.165625000000002, "reusita": 100.0, "cnt": 48}, "FIZICA TEO": {"medie": 8.668750000000001, "reusita": 100.0, "cnt": 8}, "SOCIOLOGIE": {"medie": 9.85, "reusita": 100.0, "cnt": 2}, "CHIMIE ANORGANICA TEO NIVEL I/II": {"medie": 8.231250000000001, "reusita": 100.0, "cnt": 8}, "PSIHOLOGIE": {"medie": 8.5, "reusita": 100.0, "cnt": 1}, "ECONOMIE": {"medie": 9.0, "reusita": 100.0, "cnt": 2}}, "nume": "COLEGIUL NATIONAL \"MIHAI EMINESCU\", IASI\tIa\u0219i"}