{"specializari": {"STIINTE SOCIALE": 35, "MATEMATICA-INFORMATICA": 117, "FILOLOGIE": 73, "STIINTE ALE NATURII": 62, "TEHNICIAN MECATRONIST": 1}, "limba_moderna": {"LIMBA FRANCEZA": 45, "LIMBA ENGLEZA": 243}, "limba_materna": {"LIMBA ROMANA": 288}, "promotie_anterioara": {"NU": 285, "DA": 3}, "materii": {"LIMBA ROMANA": {"medie": 7.964184397163126, "reusita": 97.91666666666666, "cnt": 288}, "MATEMATICA TEHN": {"medie": 8.2, "reusita": 100.0, "cnt": 1}, "GENERAL": {"medie": 8.470987654320986, "reusita": 93.05555555555556, "cnt": 288}, "MATEMATICA ST-NAT": {"medie": 8.964516129032255, "reusita": 100.0, "cnt": 62}, "CHIMIE ORGANICA TEO NIVEL I/II": {"medie": 9.235714285714286, "reusita": 100.0, "cnt": 7}, "ISTORIE": {"medie": 7.838425925925923, "reusita": 100.0, "cnt": 108}, "MATEMATICA MATE-INFO": {"medie": 9.018421052631576, "reusita": 97.43589743589743, "cnt": 117}, "INFORMATICA MI C/C++": {"medie": 9.341666666666667, "reusita": 100.0, "cnt": 6}, "GEOGRAFIE": {"medie": 8.624698795180722, "reusita": 100.0, "cnt": 83}, "ANATOMIE SI FIZIOLOGIE UMANA, GENETICA SI ECOLOGIE UMANA": {"medie": 9.018881118881117, "reusita": 96.62162162162163, "cnt": 148}, "FIZICA TEO": {"medie": 9.25357142857143, "reusita": 100.0, "cnt": 14}, "SOCIOLOGIE": {"medie": 9.0375, "reusita": 100.0, "cnt": 20}, "CHIMIE ANORGANICA TEO NIVEL I/II": {"medie": 7.05, "reusita": 100.0, "cnt": 1}, "PSIHOLOGIE": {"medie": 8.0, "reusita": 100.0, "cnt": 1}, "ECONOMIE": {"medie": 9.25, "reusita": 100.0, "cnt": 1}, "CHIMIE ANORGANICA TEH NIVEL I/II": {"medie": 5.0, "reusita": 100.0, "cnt": 1}, "INFORMATICA MI PASCAL": {"medie": 8.533333333333333, "reusita": 100.0, "cnt": 3}, "FILOSOFIE": {"medie": 9.466666666666667, "reusita": 100.0, "cnt": 3}}, "nume": "COLEGIUL NATIONAL \"STEFAN CEL MARE\", ORAS TARGU NEAMT\tNeam\u021b"}