{"specializari": {"TEHNICIAN IN ACTIVITATI ECONOMICE": 25, "TEHNICIAN OPERATOR PROCESARE TEXT IMAGINE": 19, "TEHNICIAN IN TURISM": 18, "TEHNICIAN ANALIZE PRODUSE ALIMENTARE": 14, "TEHNICIAN VETERINAR": 9}, "limba_moderna": {"LIMBA ENGLEZA": 81, "LIMBA GERMANA MODERNA": 4}, "limba_materna": {"LIMBA MAGHIARA": 85}, "promotie_anterioara": {"DA": 19, "NU": 66}, "materii": {"LIMBA ROMANA": {"medie": 4.7448051948051955, "reusita": 55.294117647058826, "cnt": 85}, "MATEMATICA TEHN": {"medie": 6.84939759036145, "reusita": 85.88235294117646, "cnt": 85}, "BIOLOGIE VEGETALA SI ANIMALA": {"medie": 6.166666666666668, "reusita": 84.21052631578947, "cnt": 19}, "GENERAL": {"medie": 6.309833333333334, "reusita": 48.23529411764706, "cnt": 85}, "GEOGRAFIE": {"medie": 6.63235294117647, "reusita": 88.88888888888889, "cnt": 36}, "ANATOMIE SI FIZIOLOGIE UMANA, GENETICA SI ECOLOGIE UMANA": {"medie": 7.541304347826087, "reusita": 100.0, "cnt": 23}, "ECONOMIE": {"medie": 8.521428571428572, "reusita": 100.0, "cnt": 7}, "LIMBA MAGHIARA (REAL)": {"medie": 6.524999999999999, "reusita": 97.6470588235294, "cnt": 85}}, "nume": "COLEGIUL TEHNIC \"BATTHYANY IGNAC\" GHEORGHENI\tHarghita"}