{"specializari": {"MATEMATICA-INFORMATICA": 86, "STIINTE ALE NATURII": 31, "STIINTE SOCIALE": 62, "FILOLOGIE": 32}, "limba_moderna": {"LIMBA ENGLEZA": 194, "LIMBA FRANCEZA": 17}, "limba_materna": {"LIMBA ROMANA": 211}, "promotie_anterioara": {"NU": 207, "DA": 4}, "materii": {"LIMBA ROMANA": {"medie": 8.141387559808614, "reusita": 99.0521327014218, "cnt": 211}, "BIOLOGIE VEGETALA SI ANIMALA": {"medie": 7.838095238095238, "reusita": 97.67441860465115, "cnt": 43}, "GENERAL": {"medie": 7.916666666666665, "reusita": 90.04739336492891, "cnt": 211}, "MATEMATICA ST-NAT": {"medie": 8.061666666666666, "reusita": 93.54838709677419, "cnt": 31}, "CHIMIE ORGANICA TEO NIVEL I/II": {"medie": 8.077027027027027, "reusita": 97.2972972972973, "cnt": 37}, "ISTORIE": {"medie": 6.863978494623656, "reusita": 95.74468085106383, "cnt": 94}, "LOGICA, ARGUMENTARE SI COMUNICARE": {"medie": 8.200000000000001, "reusita": 100.0, "cnt": 3}, "MATEMATICA MATE-INFO": {"medie": 8.11279069767442, "reusita": 94.18604651162791, "cnt": 86}, "GEOGRAFIE": {"medie": 8.01776315789474, "reusita": 93.5064935064935, "cnt": 77}, "ANATOMIE SI FIZIOLOGIE UMANA, GENETICA SI ECOLOGIE UMANA": {"medie": 6.6, "reusita": 100.0, "cnt": 1}, "FIZICA TEO": {"medie": 8.415277777777778, "reusita": 97.22222222222221, "cnt": 36}, "ECONOMIE": {"medie": 9.95, "reusita": 100.0, "cnt": 2}, "FILOSOFIE": {"medie": 7.25, "reusita": 91.66666666666666, "cnt": 12}}, "nume": "COLEGIUL NATIONAL \"GEORGE COSBUC\" MOTRU\tGorj"}