{"specializari": {"STIINTE SOCIALE": 35, "MATEMATICA-INFORMATICA": 24, "STIINTE ALE NATURII": 61}, "limba_moderna": {"LIMBA ENGLEZA": 119, "LIMBA FRANCEZA": 1}, "limba_materna": {"LIMBA ROMANA": 120}, "promotie_anterioara": {"NU": 119, "DA": 1}, "materii": {"LIMBA ROMANA": {"medie": 8.318333333333335, "reusita": 100.0, "cnt": 120}, "GENERAL": {"medie": 8.581666666666665, "reusita": 99.16666666666667, "cnt": 120}, "MATEMATICA ST-NAT": {"medie": 8.847540983606557, "reusita": 100.0, "cnt": 61}, "CHIMIE ORGANICA TEO NIVEL I/II": {"medie": 9.125, "reusita": 100.0, "cnt": 2}, "INFORMATICA SN C/C++": {"medie": 8.357142857142858, "reusita": 100.0, "cnt": 7}, "ISTORIE": {"medie": 7.818571428571429, "reusita": 100.0, "cnt": 35}, "LOGICA, ARGUMENTARE SI COMUNICARE": {"medie": 9.14375, "reusita": 100.0, "cnt": 8}, "MATEMATICA MATE-INFO": {"medie": 9.039583333333331, "reusita": 100.0, "cnt": 24}, "INFORMATICA MI C/C++": {"medie": 9.43125, "reusita": 100.0, "cnt": 16}, "GEOGRAFIE": {"medie": 8.008695652173913, "reusita": 100.0, "cnt": 23}, "ANATOMIE SI FIZIOLOGIE UMANA, GENETICA SI ECOLOGIE UMANA": {"medie": 9.022033898305084, "reusita": 100.0, "cnt": 59}, "SOCIOLOGIE": {"medie": 8.8875, "reusita": 100.0, "cnt": 4}, "CHIMIE ANORGANICA TEO NIVEL I/II": {"medie": 8.05, "reusita": 100.0, "cnt": 1}}, "nume": "COLEGIUL NATIONAL \"MIHAI VITEAZUL\" TURDA\tCluj"}