{"specializari": {"FILOLOGIE": 28, "ARHITECTURA, ARTE AMBIENTALE SI DESIGN": 22, "STIINTE SOCIALE": 22, "STIINTE ALE NATURII": 25, "TEHNICIAN ECOLOG SI PROTECTIA CALITATII MEDIULUI": 18, "TEHNICIAN DESIGNER MOBILA SI AMENAJARI INTERIOARE": 13, "TEHNICIAN PROIECTANT CAD": 30, "TEHNICIAN DESENATOR PENTRU CONSTRUCTII SI INSTALATII": 33, "TEHNICIAN IN CONSTRUCTII SI LUCRARI PUBLICE": 3, "TEHNICIAN ELECTRICIAN/ELECTRONIST AUTO": 3, "TEHNICIAN HIDRO-METEOROLOG": 9, "TEHNICIAN ELECTROTEHNIST": 1, "MATEMATICA-INFORMATICA": 5, "TEHNICIAN TRANSPORTURI": 1, "TEHNICIAN OPERATOR TEHNICA DE CALCUL": 1}, "limba_moderna": {"LIMBA ENGLEZA": 192, "LIMBA FRANCEZA": 15, "LIMBA RUSA": 7}, "limba_materna": {"LIMBA ROMANA": 214}, "promotie_anterioara": {"NU": 174, "DA": 40}, "materii": {"LIMBA ROMANA": {"medie": 7.091745283018871, "reusita": 97.66355140186917, "cnt": 214}, "MATEMATICA TEHN": {"medie": 7.382272727272731, "reusita": 93.75, "cnt": 112}, "BIOLOGIE VEGETALA SI ANIMALA": {"medie": 5.355882352941176, "reusita": 64.81481481481481, "cnt": 54}, "GENERAL": {"medie": 6.8865695792880235, "reusita": 66.35514018691589, "cnt": 214}, "MATEMATICA ST-NAT": {"medie": 6.889583333333333, "reusita": 92.0, "cnt": 25}, "CHIMIE ORGANICA TEO NIVEL I/II": {"medie": 8.1, "reusita": 100.0, "cnt": 1}, "ISTORIE": {"medie": 7.00625, "reusita": 97.22222222222221, "cnt": 72}, "MATEMATICA MATE-INFO": {"medie": 3.7375, "reusita": 20.0, "cnt": 5}, "GEOGRAFIE": {"medie": 7.578030303030302, "reusita": 93.93939393939394, "cnt": 66}, "ANATOMIE SI FIZIOLOGIE UMANA, GENETICA SI ECOLOGIE UMANA": {"medie": 6.140000000000002, "reusita": 70.37037037037037, "cnt": 27}, "FIZICA TEO": {"medie": 6.933333333333334, "reusita": 88.88888888888889, "cnt": 9}, "FIZICA TEH": {"medie": 5.597999999999998, "reusita": 57.692307692307686, "cnt": 26}, "PSIHOLOGIE": {"medie": 6.0600000000000005, "reusita": 80.0, "cnt": 5}, "CHIMIE ANORGANICA TEH NIVEL I/II": {"medie": 5.6187499999999995, "reusita": 55.55555555555556, "cnt": 9}, "CHIMIE ORGANICA TEH NIVEL I/II": {"medie": 5.965624999999999, "reusita": 75.0, "cnt": 16}, "FILOSOFIE": {"medie": 9.0, "reusita": 100.0, "cnt": 1}}, "nume": "COLEGIUL TEHNIC \"GHEORGHE ASACHI\", IASI\tIa\u0219i"}