{"specializari": {"FILOLOGIE": 75, "MATEMATICA-INFORMATICA": 96, "STIINTE ALE NATURII": 4}, "limba_moderna": {"LIMBA ENGLEZA": 135, "LIMBA FRANCEZA": 40}, "limba_materna": {"LIMBA ROMANA": 175}, "promotie_anterioara": {"NU": 164, "DA": 11}, "materii": {"LIMBA ROMANA": {"medie": 7.565142857142858, "reusita": 94.85714285714286, "cnt": 175}, "GENERAL": {"medie": 7.526685934489407, "reusita": 84.57142857142857, "cnt": 175}, "MATEMATICA ST-NAT": {"medie": 4.275, "reusita": 25.0, "cnt": 4}, "CHIMIE ORGANICA TEO NIVEL I/II": {"medie": 9.03, "reusita": 100.0, "cnt": 5}, "ISTORIE": {"medie": 7.210000000000002, "reusita": 96.0, "cnt": 75}, "LOGICA, ARGUMENTARE SI COMUNICARE": {"medie": 8.625, "reusita": 100.0, "cnt": 2}, "MATEMATICA MATE-INFO": {"medie": 7.013541666666668, "reusita": 87.5, "cnt": 96}, "INFORMATICA MI C/C++": {"medie": 9.777777777777779, "reusita": 100.0, "cnt": 9}, "GEOGRAFIE": {"medie": 7.856153846153849, "reusita": 95.38461538461539, "cnt": 65}, "ANATOMIE SI FIZIOLOGIE UMANA, GENETICA SI ECOLOGIE UMANA": {"medie": 7.532394366197183, "reusita": 90.14084507042254, "cnt": 71}, "FIZICA TEO": {"medie": 7.685, "reusita": 100.0, "cnt": 10}, "SOCIOLOGIE": {"medie": 8.633333333333333, "reusita": 100.0, "cnt": 3}, "CHIMIE ANORGANICA TEO NIVEL I/II": {"medie": 7.75, "reusita": 100.0, "cnt": 1}, "PSIHOLOGIE": {"medie": 8.333333333333334, "reusita": 100.0, "cnt": 3}, "ECONOMIE": {"medie": 9.0, "reusita": 100.0, "cnt": 2}, "INFORMATICA MI PASCAL": {"medie": 8.75, "reusita": 100.0, "cnt": 4}}, "nume": "COLEGIUL NATIONAL \"NEAGOE BASARAB\" OLTENITA\tC\u0103l\u0103ra\u0219i"}