{"specializari": {"TEHNICIAN IN ACTIVITATI ECONOMICE": 170, "TEHNICIAN IN ACTIVITATI DE COMERT": 30, "TEHNICIAN IN ADMINISTRATIE": 28, "TEHNICIAN IN GASTRONOMIE": 33, "TEHNICIAN IN TURISM": 27, "TEHNICIAN IN ACHIZITII SI CONTRACTARI": 29, "ORGANIZATOR BANQUETING": 1, "TEHNICIAN IN HOTELARIE": 1}, "limba_moderna": {"LIMBA ENGLEZA": 303, "LIMBA FRANCEZA": 16}, "limba_materna": {"LIMBA ROMANA": 319}, "promotie_anterioara": {"NU": 305, "DA": 14}, "materii": {"LIMBA ROMANA": {"medie": 8.193829113924052, "reusita": 98.11912225705329, "cnt": 319}, "MATEMATICA TEHN": {"medie": 8.606487341772151, "reusita": 96.86520376175548, "cnt": 319}, "GENERAL": {"medie": 8.359335443037978, "reusita": 91.22257053291536, "cnt": 319}, "LOGICA, ARGUMENTARE SI COMUNICARE": {"medie": 9.278571428571428, "reusita": 100.0, "cnt": 7}, "GEOGRAFIE": {"medie": 8.257868852459017, "reusita": 98.05194805194806, "cnt": 308}, "ECONOMIE": {"medie": 8.037500000000001, "reusita": 100.0, "cnt": 4}}, "nume": "COLEGIUL ECONOMIC \"ION GHICA\" TARGOVISTE\tD\u00e2mbovi\u021ba"}