{"specializari": {"TEHNICIAN IN ACTIVITATI ECONOMICE": 142, "TEHNICIAN IN TURISM": 42, "ORGANIZATOR BANQUETING": 40, "TEHNICIAN IN GASTRONOMIE": 25}, "limba_moderna": {"LIMBA ENGLEZA": 226, "LIMBA FRANCEZA": 10, "LIMBA ITALIANA": 13}, "limba_materna": {"LIMBA ROMANA": 249}, "promotie_anterioara": {"NU": 226, "DA": 23}, "materii": {"LIMBA ROMANA": {"medie": 7.287755102040812, "reusita": 96.3855421686747, "cnt": 249}, "MATEMATICA TEHN": {"medie": 7.5415637860082265, "reusita": 89.5582329317269, "cnt": 249}, "GENERAL": {"medie": 7.481893004115229, "reusita": 80.32128514056225, "cnt": 249}, "GEOGRAFIE": {"medie": 7.61095041322314, "reusita": 94.73684210526315, "cnt": 247}, "PSIHOLOGIE": {"medie": 7.9, "reusita": 100.0, "cnt": 1}, "ECONOMIE": {"medie": 5.2, "reusita": 100.0, "cnt": 1}}, "nume": "COLEGIUL ECONOMIC \"FRANCESCO SAVERIO NITTI\" TIMISOARA\tTimi\u0219"}