{"specializari": {"STIINTE ALE NATURII": 86}, "limba_moderna": {"LIMBA FRANCEZA": 22, "LIMBA ENGLEZA": 64}, "limba_materna": {"LIMBA ROMANA": 86}, "promotie_anterioara": {"NU": 83, "DA": 3}, "materii": {"LIMBA ROMANA": {"medie": 7.518604651162791, "reusita": 98.83720930232558, "cnt": 86}, "BIOLOGIE VEGETALA SI ANIMALA": {"medie": 8.283333333333333, "reusita": 100.0, "cnt": 3}, "GENERAL": {"medie": 7.889341085271317, "reusita": 93.02325581395348, "cnt": 86}, "MATEMATICA ST-NAT": {"medie": 8.23313953488372, "reusita": 96.51162790697676, "cnt": 86}, "CHIMIE ORGANICA TEO NIVEL I/II": {"medie": 7.0181818181818185, "reusita": 100.0, "cnt": 33}, "ANATOMIE SI FIZIOLOGIE UMANA, GENETICA SI ECOLOGIE UMANA": {"medie": 8.459375, "reusita": 100.0, "cnt": 48}, "FIZICA TEO": {"medie": 9.05, "reusita": 100.0, "cnt": 1}, "CHIMIE ANORGANICA TEO NIVEL I/II": {"medie": 9.25, "reusita": 100.0, "cnt": 1}}, "nume": "COLEGIUL NATIONAL \"ANA ASLAN\" BRAILA\tBr\u0103ila"}