{"specializari": {"MATEMATICA-INFORMATICA": 64, "STIINTE ALE NATURII": 71, "STIINTE SOCIALE": 36, "FILOLOGIE": 69}, "limba_moderna": {"LIMBA ENGLEZA": 161, "LIMBA FRANCEZA": 79}, "limba_materna": {"LIMBA ROMANA": 240}, "promotie_anterioara": {"NU": 237, "DA": 3}, "materii": {"LIMBA ROMANA": {"medie": 8.421250000000002, "reusita": 100.0, "cnt": 240}, "BIOLOGIE VEGETALA SI ANIMALA": {"medie": 8.944117647058825, "reusita": 100.0, "cnt": 34}, "GENERAL": {"medie": 8.707013888888888, "reusita": 97.08333333333333, "cnt": 240}, "MATEMATICA ST-NAT": {"medie": 8.633098591549295, "reusita": 100.0, "cnt": 71}, "CHIMIE ORGANICA TEO NIVEL I/II": {"medie": 8.422222222222224, "reusita": 97.22222222222221, "cnt": 36}, "ISTORIE": {"medie": 8.503809523809524, "reusita": 100.0, "cnt": 105}, "LOGICA, ARGUMENTARE SI COMUNICARE": {"medie": 9.107042253521124, "reusita": 100.0, "cnt": 71}, "MATEMATICA MATE-INFO": {"medie": 9.395312500000001, "reusita": 98.4375, "cnt": 64}, "INFORMATICA MI C/C++": {"medie": 9.021428571428572, "reusita": 100.0, "cnt": 7}, "GEOGRAFIE": {"medie": 9.307692307692308, "reusita": 100.0, "cnt": 13}, "ANATOMIE SI FIZIOLOGIE UMANA, GENETICA SI ECOLOGIE UMANA": {"medie": 9.120833333333334, "reusita": 100.0, "cnt": 12}, "FIZICA TEO": {"medie": 8.817741935483873, "reusita": 96.7741935483871, "cnt": 31}, "SOCIOLOGIE": {"medie": 9.549999999999999, "reusita": 100.0, "cnt": 3}, "CHIMIE ANORGANICA TEO NIVEL I/II": {"medie": 8.585714285714285, "reusita": 100.0, "cnt": 7}, "PSIHOLOGIE": {"medie": 8.7, "reusita": 100.0, "cnt": 5}, "ECONOMIE": {"medie": 8.883333333333335, "reusita": 100.0, "cnt": 12}, "INFORMATICA MI PASCAL": {"medie": 8.9, "reusita": 100.0, "cnt": 8}, "FILOSOFIE": {"medie": 9.9, "reusita": 100.0, "cnt": 1}}, "nume": "COLEGIUL NATIONAL \"ALEXANDRU IOAN CUZA\", MUNICIPIUL PLOIESTI\tPrahova"}