{"specializari": {"MATEMATICA-INFORMATICA": 167, "FILOLOGIE": 55, "STIINTE SOCIALE": 34, "STIINTE ALE NATURII": 34}, "limba_moderna": {"LIMBA ENGLEZA": 250, "LIMBA FRANCEZA": 33, "LIMBA GERMANA MODERNA": 7}, "limba_materna": {"LIMBA ROMANA": 290}, "promotie_anterioara": {"NU": 289, "DA": 1}, "materii": {"LIMBA ROMANA": {"medie": 8.468620689655177, "reusita": 100.0, "cnt": 290}, "BIOLOGIE VEGETALA SI ANIMALA": {"medie": 9.023913043478261, "reusita": 100.0, "cnt": 23}, "GENERAL": {"medie": 8.812931034482762, "reusita": 98.62068965517241, "cnt": 290}, "MATEMATICA ST-NAT": {"medie": 8.769117647058822, "reusita": 100.0, "cnt": 34}, "CHIMIE ORGANICA TEO NIVEL I/II": {"medie": 9.117307692307694, "reusita": 100.0, "cnt": 26}, "ISTORIE": {"medie": 8.758426966292134, "reusita": 100.0, "cnt": 89}, "LOGICA, ARGUMENTARE SI COMUNICARE": {"medie": 9.418750000000001, "reusita": 100.0, "cnt": 8}, "MATEMATICA MATE-INFO": {"medie": 9.190419161676642, "reusita": 99.40119760479041, "cnt": 167}, "INFORMATICA MI C/C++": {"medie": 8.97826086956522, "reusita": 100.0, "cnt": 46}, "GEOGRAFIE": {"medie": 9.275000000000002, "reusita": 100.0, "cnt": 16}, "ANATOMIE SI FIZIOLOGIE UMANA, GENETICA SI ECOLOGIE UMANA": {"medie": 9.078571428571431, "reusita": 100.0, "cnt": 42}, "FIZICA TEO": {"medie": 8.973015873015871, "reusita": 98.4126984126984, "cnt": 63}, "SOCIOLOGIE": {"medie": 8.521621621621623, "reusita": 100.0, "cnt": 37}, "CHIMIE ANORGANICA TEO NIVEL I/II": {"medie": 8.3, "reusita": 100.0, "cnt": 1}, "PSIHOLOGIE": {"medie": 9.133333333333335, "reusita": 100.0, "cnt": 3}, "ECONOMIE": {"medie": 8.798000000000002, "reusita": 100.0, "cnt": 25}}, "nume": "COLEGIUL NATIONAL \"I.C. BRATIANU\"\tArge\u0219"}