{"specializari": {"MATEMATICA-INFORMATICA": 81, "STIINTE ALE NATURII": 65, "STIINTE SOCIALE": 46, "FILOLOGIE": 42, "LICEU CU PROGRAM SPORTIV": 47}, "limba_moderna": {"LIMBA ENGLEZA": 264, "LIMBA FRANCEZA": 15, "LIMBA GERMANA MODERNA": 2}, "limba_materna": {"LIMBA ROMANA": 281}, "promotie_anterioara": {"NU": 272, "DA": 9}, "materii": {"LIMBA ROMANA": {"medie": 8.056405693950175, "reusita": 99.28825622775801, "cnt": 281}, "BIOLOGIE VEGETALA SI ANIMALA": {"medie": 8.534848484848483, "reusita": 100.0, "cnt": 33}, "GENERAL": {"medie": 8.123750000000003, "reusita": 93.59430604982207, "cnt": 281}, "MATEMATICA ST-NAT": {"medie": 8.386153846153844, "reusita": 98.46153846153847, "cnt": 65}, "CHIMIE ORGANICA TEO NIVEL I/II": {"medie": 8.924999999999999, "reusita": 100.0, "cnt": 8}, "INFORMATICA SN C/C++": {"medie": 9.1, "reusita": 100.0, "cnt": 1}, "ISTORIE": {"medie": 7.13320895522388, "reusita": 95.55555555555556, "cnt": 135}, "LOGICA, ARGUMENTARE SI COMUNICARE": {"medie": 8.7, "reusita": 100.0, "cnt": 1}, "MATEMATICA MATE-INFO": {"medie": 8.619135802469133, "reusita": 100.0, "cnt": 81}, "INFORMATICA MI C/C++": {"medie": 9.293589743589743, "reusita": 97.43589743589743, "cnt": 39}, "GEOGRAFIE": {"medie": 7.9617647058823575, "reusita": 98.31932773109243, "cnt": 119}, "ANATOMIE SI FIZIOLOGIE UMANA, GENETICA SI ECOLOGIE UMANA": {"medie": 8.959302325581394, "reusita": 100.0, "cnt": 43}, "FIZICA TEO": {"medie": 8.477272727272727, "reusita": 100.0, "cnt": 22}, "SOCIOLOGIE": {"medie": 8.674999999999999, "reusita": 100.0, "cnt": 4}, "PSIHOLOGIE": {"medie": 9.299999999999999, "reusita": 100.0, "cnt": 3}, "ECONOMIE": {"medie": 7.687499999999999, "reusita": 100.0, "cnt": 8}}, "nume": "COLEGIUL NATIONAL MIRCEA CEL BATRAN, MUN. RM. VALCEA\tV\u00e2lcea"}