{"specializari": {"STIINTE ALE NATURII": 1, "MATEMATICA-INFORMATICA": 53, "STIINTE SOCIALE": 99, "INVATATOR - EDUCATOARE": 30, "FILOLOGIE": 50, "LICEU CU PROGRAM SPORTIV": 1}, "limba_moderna": {"LIMBA FRANCEZA": 39, "LIMBA ENGLEZA": 195}, "limba_materna": {"LIMBA ROMANA": 234}, "promotie_anterioara": {"DA": 4, "NU": 230}, "materii": {"LIMBA ROMANA": {"medie": 7.777467811158798, "reusita": 98.71794871794873, "cnt": 234}, "GENERAL": {"medie": 8.018955650929898, "reusita": 95.72649572649573, "cnt": 234}, "MATEMATICA ST-NAT": {"medie": 2.7, "reusita": 0.0, "cnt": 1}, "CHIMIE ORGANICA TEO NIVEL I/II": {"medie": 8.9, "reusita": 100.0, "cnt": 1}, "ISTORIE": {"medie": 7.606999999999999, "reusita": 98.66666666666667, "cnt": 150}, "LOGICA, ARGUMENTARE SI COMUNICARE": {"medie": 8.729629629629631, "reusita": 100.0, "cnt": 108}, "MATEMATICA MATE-INFO": {"medie": 8.524528301886791, "reusita": 100.0, "cnt": 53}, "INFORMATICA MI C/C++": {"medie": 7.704166666666667, "reusita": 91.66666666666666, "cnt": 12}, "GEOGRAFIE": {"medie": 8.125490196078434, "reusita": 98.0392156862745, "cnt": 51}, "ANATOMIE SI FIZIOLOGIE UMANA, GENETICA SI ECOLOGIE UMANA": {"medie": 7.630303030303031, "reusita": 96.96969696969697, "cnt": 33}, "FIZICA TEO": {"medie": 8.468750000000002, "reusita": 100.0, "cnt": 8}, "MATEMATICA PED": {"medie": 8.308333333333334, "reusita": 100.0, "cnt": 30}, "SOCIOLOGIE": {"medie": 9.65, "reusita": 100.0, "cnt": 3}, "PSIHOLOGIE": {"medie": 8.366666666666667, "reusita": 100.0, "cnt": 6}, "ECONOMIE": {"medie": 8.45, "reusita": 100.0, "cnt": 5}, "FILOSOFIE": {"medie": 8.77142857142857, "reusita": 100.0, "cnt": 7}}, "nume": "COLEGIUL NATIONAL \"MIHAI EMINESCU\" SUCEAVA\tSuceava"}