{"specializari": {"MATEMATICA-INFORMATICA": 64, "STIINTE ALE NATURII": 33, "FILOLOGIE": 68, "STIINTE SOCIALE": 35}, "limba_moderna": {"LIMBA ENGLEZA": 192, "LIMBA FRANCEZA": 6, "LIMBA GERMANA MODERNA": 2}, "limba_materna": {"LIMBA ROMANA": 200}, "promotie_anterioara": {"NU": 200}, "materii": {"LIMBA ROMANA": {"medie": 8.439500000000002, "reusita": 99.5, "cnt": 200}, "BIOLOGIE VEGETALA SI ANIMALA": {"medie": 9.016666666666666, "reusita": 100.0, "cnt": 3}, "GENERAL": {"medie": 8.715250000000001, "reusita": 99.0, "cnt": 200}, "MATEMATICA ST-NAT": {"medie": 8.742424242424242, "reusita": 100.0, "cnt": 33}, "CHIMIE ORGANICA TEO NIVEL I/II": {"medie": 8.930769230769231, "reusita": 100.0, "cnt": 13}, "ISTORIE": {"medie": 8.19368932038835, "reusita": 99.02912621359224, "cnt": 103}, "LOGICA, ARGUMENTARE SI COMUNICARE": {"medie": 8.933783783783781, "reusita": 100.0, "cnt": 37}, "MATEMATICA MATE-INFO": {"medie": 9.307031250000003, "reusita": 100.0, "cnt": 64}, "INFORMATICA MI C/C++": {"medie": 7.8, "reusita": 100.0, "cnt": 3}, "GEOGRAFIE": {"medie": 8.982000000000005, "reusita": 100.0, "cnt": 50}, "ANATOMIE SI FIZIOLOGIE UMANA, GENETICA SI ECOLOGIE UMANA": {"medie": 9.256603773584906, "reusita": 100.0, "cnt": 53}, "FIZICA TEO": {"medie": 9.178260869565216, "reusita": 100.0, "cnt": 23}, "SOCIOLOGIE": {"medie": 9.425, "reusita": 100.0, "cnt": 6}, "CHIMIE ANORGANICA TEO NIVEL I/II": {"medie": 9.275, "reusita": 100.0, "cnt": 2}, "PSIHOLOGIE": {"medie": 9.5, "reusita": 100.0, "cnt": 2}, "ECONOMIE": {"medie": 8.725, "reusita": 100.0, "cnt": 6}, "FILOSOFIE": {"medie": 9.399999999999999, "reusita": 100.0, "cnt": 2}}, "nume": "COLEGIUL NATIONAL \"CALISTRAT HOGAS\", MUNICIPIUL PIATRA-NEAMT\tNeam\u021b"}