{"specializari": {"MATEMATICA-INFORMATICA": 95}, "limba_moderna": {"LIMBA ENGLEZA": 95}, "limba_materna": {"LIMBA ROMANA": 95}, "promotie_anterioara": {"NU": 95}, "materii": {"LIMBA ROMANA": {"medie": 8.332105263157892, "reusita": 100.0, "cnt": 95}, "BIOLOGIE VEGETALA SI ANIMALA": {"medie": 8.60138888888889, "reusita": 100.0, "cnt": 36}, "GENERAL": {"medie": 8.799824561403506, "reusita": 98.94736842105263, "cnt": 95}, "CHIMIE ORGANICA TEO NIVEL I/II": {"medie": 8.625, "reusita": 100.0, "cnt": 2}, "MATEMATICA MATE-INFO": {"medie": 9.288421052631577, "reusita": 98.94736842105263, "cnt": 95}, "INFORMATICA MI C/C++": {"medie": 9.033333333333333, "reusita": 100.0, "cnt": 3}, "FIZICA TEO": {"medie": 9.04375, "reusita": 100.0, "cnt": 32}, "CHIMIE ANORGANICA TEO NIVEL I/II": {"medie": 8.663636363636364, "reusita": 100.0, "cnt": 22}}, "nume": "COLEGIUL NATIONAL MILITAR \"STEFAN CEL MARE\" CAMPULUNG MOLDOVENESC\tSuceava"}