{"specializari": {"TEHNICIAN TRANSPORTURI": 24, "TEHNICIAN IN INSTALATII ELECTRICE": 10, "TEHNICIAN ELECTRICIAN/ELECTRONIST AUTO": 16, "TEHNICIAN MECATRONIST": 9, "MATEMATICA-INFORMATICA": 1}, "limba_moderna": {"LIMBA ENGLEZA": 60}, "limba_materna": {"LIMBA ROMANA": 60}, "promotie_anterioara": {"NU": 45, "DA": 15}, "materii": {"LIMBA ROMANA": {"medie": 5.090677966101694, "reusita": 70.0, "cnt": 60}, "MATEMATICA TEHN": {"medie": 5.183620689655173, "reusita": 61.016949152542374, "cnt": 59}, "BIOLOGIE VEGETALA SI ANIMALA": {"medie": 4.867857142857142, "reusita": 42.10526315789473, "cnt": 57}, "GENERAL": {"medie": 5.093103448275862, "reusita": 23.333333333333332, "cnt": 60}, "MATEMATICA MATE-INFO": {"medie": 6.85, "reusita": 100.0, "cnt": 1}, "ANATOMIE SI FIZIOLOGIE UMANA, GENETICA SI ECOLOGIE UMANA": {"medie": 5.2, "reusita": 100.0, "cnt": 1}, "FIZICA TEH": {"medie": 5.45, "reusita": 50.0, "cnt": 2}}, "nume": "COLEGIUL TEHNIC DE TRANSPORTURI, MUNICIPIUL PIATRA-NEAMT\tNeam\u021b"}