{"specializari": {"MATEMATICA-INFORMATICA": 4, "TEHNICIAN DESENATOR PENTRU CONSTRUCTII SI INSTALATII": 11, "TEHNICIAN OPERATOR TEHNICA DE CALCUL": 9, "TEHNICIAN ELECTRICIAN/ELECTRONIST AUTO": 4, "TEHNICIAN IN ADMINISTRATIE": 7, "TEHNICIAN MECATRONIST": 6, "TEHNICIAN IN HOTELARIE": 8, "TEHNICIAN IN CONSTRUCTII SI LUCRARI PUBLICE": 2, "TEHNICIAN OPERATOR PROCESARE TEXT IMAGINE": 4, "TEHNICIAN DE TELECOMUNICATII": 5, "TEHNICIAN TRANSPORTURI": 1, "TEHNICIAN ELECTROTEHNIST": 1, "TEHNICIAN IN AUTOMATIZARI": 3, "TEHNICIAN IN PRELUCRAREA LEMNULUI": 1, "TEHNICIAN ELECTROMECANIC": 3, "TEHNICIAN IN ACTIVITATI DE POSTA": 5, "TEHNICIAN IN INSTALATII ELECTRICE": 3}, "limba_moderna": {"LIMBA ENGLEZA": 73, "LIMBA FRANCEZA": 4}, "limba_materna": {"LIMBA ROMANA": 77}, "promotie_anterioara": {"DA": 44, "NU": 33}, "materii": {"LIMBA ROMANA": {"medie": 5.397297297297297, "reusita": 75.32467532467533, "cnt": 77}, "MATEMATICA TEHN": {"medie": 5.102857142857142, "reusita": 67.12328767123287, "cnt": 73}, "BIOLOGIE VEGETALA SI ANIMALA": {"medie": 5.474358974358975, "reusita": 65.0, "cnt": 40}, "GENERAL": {"medie": 5.364583333333334, "reusita": 24.675324675324674, "cnt": 77}, "MATEMATICA MATE-INFO": {"medie": 5.15, "reusita": 75.0, "cnt": 4}, "INFORMATICA MI C/C++": {"medie": 6.083333333333333, "reusita": 100.0, "cnt": 3}, "GEOGRAFIE": {"medie": 6.079411764705883, "reusita": 77.77777777777779, "cnt": 18}, "ANATOMIE SI FIZIOLOGIE UMANA, GENETICA SI ECOLOGIE UMANA": {"medie": 5.55, "reusita": 100.0, "cnt": 1}, "FIZICA TEH": {"medie": 3.2, "reusita": 0.0, "cnt": 2}, "ECONOMIE": {"medie": 6.075, "reusita": 100.0, "cnt": 2}, "CHIMIE ANORGANICA TEH NIVEL I/II": {"medie": 4.3, "reusita": 66.66666666666666, "cnt": 3}, "CHIMIE ORGANICA TEH NIVEL I/II": {"medie": 5.40625, "reusita": 75.0, "cnt": 8}}, "nume": "COLEGIUL TEHNIC \"CONSTANTIN BRANCUSI\" ORADEA\tBihor"}