{"specializari": {"TEHNICIAN IN TURISM": 46, "STIINTE ALE NATURII": 35, "MATEMATICA-INFORMATICA": 30, "FILOLOGIE": 36, "TEHNICIAN IN ACTIVITATI ECONOMICE": 31, "TEHNICIAN ELECTROTEHNIST": 32, "TEHNICIAN PROIECTANT CAD": 20, "TEHNICIAN TRANSPORTURI": 21, "TEHNICIAN MECANIC PENTRU INTRETINERE SI REPARATII": 1, "TEHNICIAN IN AUTOMATIZARI": 11, "TEHNICIAN ANALIZE PRODUSE ALIMENTARE": 1}, "limba_moderna": {"LIMBA ENGLEZA": 254, "LIMBA FRANCEZA": 10}, "limba_materna": {"LIMBA ROMANA": 263, "LIMBA MAGHIARA": 1}, "promotie_anterioara": {"NU": 223, "DA": 41}, "materii": {"LIMBA ROMANA": {"medie": 6.456324110671934, "reusita": 79.54545454545455, "cnt": 264}, "MATEMATICA TEHN": {"medie": 6.60516129032258, "reusita": 82.82208588957054, "cnt": 163}, "BIOLOGIE VEGETALA SI ANIMALA": {"medie": 5.962068965517242, "reusita": 72.1311475409836, "cnt": 122}, "GENERAL": {"medie": 6.902309236947796, "reusita": 63.25757575757576, "cnt": 264}, "MATEMATICA ST-NAT": {"medie": 6.887142857142857, "reusita": 100.0, "cnt": 35}, "ISTORIE": {"medie": 7.5299999999999985, "reusita": 94.44444444444444, "cnt": 36}, "MATEMATICA MATE-INFO": {"medie": 7.840000000000002, "reusita": 96.66666666666667, "cnt": 30}, "INFORMATICA MI C/C++": {"medie": 8.875, "reusita": 100.0, "cnt": 4}, "GEOGRAFIE": {"medie": 8.29433962264151, "reusita": 94.4954128440367, "cnt": 109}, "ANATOMIE SI FIZIOLOGIE UMANA, GENETICA SI ECOLOGIE UMANA": {"medie": 8.870588235294116, "reusita": 100.0, "cnt": 17}, "FIZICA TEO": {"medie": 5.675, "reusita": 50.0, "cnt": 2}, "FIZICA TEH": {"medie": 1.9, "reusita": 0.0, "cnt": 1}, "CHIMIE ANORGANICA TEO NIVEL I/II": {"medie": 9.4, "reusita": 100.0, "cnt": 1}, "PSIHOLOGIE": {"medie": 5.05, "reusita": 100.0, "cnt": 2}, "LIMBA MAGHIARA (REAL)": {"medie": 5.0, "reusita": 100.0, "cnt": 1}, "CHIMIE ANORGANICA TEH NIVEL I/II": {"medie": 6.866666666666667, "reusita": 100.0, "cnt": 3}, "INFORMATICA MI PASCAL": {"medie": 5.4, "reusita": 100.0, "cnt": 1}, "FILOSOFIE": {"medie": 8.425, "reusita": 100.0, "cnt": 2}}, "nume": "COLEGIUL TEHNIC \"ALEXANDRU ROMAN\" ALESD\tBihor"}