{"specializari": {"TEHNICIAN IN ACTIVITATI ECONOMICE": 28, "STIINTE ALE NATURII": 63, "TEHNICIAN IN SILVICULTURA SI EXPLOATARI FORESTIERE": 28, "TEHNICIAN DESIGNER MOBILA SI AMENAJARI INTERIOARE": 13, "TEHNICIAN IN PRELUCRAREA LEMNULUI": 1}, "limba_moderna": {"LIMBA ENGLEZA": 111, "LIMBA FRANCEZA": 22}, "limba_materna": {"LIMBA ROMANA": 133}, "promotie_anterioara": {"NU": 106, "DA": 27}, "materii": {"LIMBA ROMANA": {"medie": 7.151893939393938, "reusita": 96.2406015037594, "cnt": 133}, "MATEMATICA TEHN": {"medie": 6.950735294117647, "reusita": 88.57142857142857, "cnt": 70}, "BIOLOGIE VEGETALA SI ANIMALA": {"medie": 6.2865079365079355, "reusita": 80.0, "cnt": 65}, "GENERAL": {"medie": 7.153076923076927, "reusita": 74.43609022556392, "cnt": 133}, "MATEMATICA ST-NAT": {"medie": 6.943650793650794, "reusita": 88.88888888888889, "cnt": 63}, "LOGICA, ARGUMENTARE SI COMUNICARE": {"medie": 8.674999999999999, "reusita": 100.0, "cnt": 24}, "GEOGRAFIE": {"medie": 7.125, "reusita": 100.0, "cnt": 4}, "ANATOMIE SI FIZIOLOGIE UMANA, GENETICA SI ECOLOGIE UMANA": {"medie": 8.205263157894736, "reusita": 100.0, "cnt": 38}, "FIZICA TEH": {"medie": 1.6, "reusita": 0.0, "cnt": 1}, "CHIMIE ANORGANICA TEO NIVEL I/II": {"medie": 9.05, "reusita": 100.0, "cnt": 1}}, "nume": "COLEGIUL TEHNIC FORESTIER, MUNICIPIUL CAMPINA\tPrahova"}