{"specializari": {"FILOLOGIE": 66, "MATEMATICA-INFORMATICA": 153, "STIINTE ALE NATURII": 33}, "limba_moderna": {"LIMBA ENGLEZA": 235, "LIMBA FRANCEZA": 17}, "limba_materna": {"LIMBA ROMANA": 252}, "promotie_anterioara": {"NU": 252}, "materii": {"LIMBA ROMANA": {"medie": 8.910714285714285, "reusita": 99.60317460317461, "cnt": 252}, "BIOLOGIE VEGETALA SI ANIMALA": {"medie": 8.988333333333335, "reusita": 100.0, "cnt": 30}, "GENERAL": {"medie": 8.906349206349207, "reusita": 99.20634920634922, "cnt": 252}, "MATEMATICA ST-NAT": {"medie": 8.715151515151517, "reusita": 100.0, "cnt": 33}, "CHIMIE ORGANICA TEO NIVEL I/II": {"medie": 8.84, "reusita": 100.0, "cnt": 40}, "ISTORIE": {"medie": 7.980303030303031, "reusita": 96.96969696969697, "cnt": 66}, "LOGICA, ARGUMENTARE SI COMUNICARE": {"medie": 9.584615384615386, "reusita": 100.0, "cnt": 13}, "MATEMATICA MATE-INFO": {"medie": 9.271241830065353, "reusita": 100.0, "cnt": 153}, "INFORMATICA MI C/C++": {"medie": 8.571875, "reusita": 100.0, "cnt": 16}, "GEOGRAFIE": {"medie": 8.958333333333334, "reusita": 100.0, "cnt": 24}, "ANATOMIE SI FIZIOLOGIE UMANA, GENETICA SI ECOLOGIE UMANA": {"medie": 9.163793103448276, "reusita": 100.0, "cnt": 29}, "FIZICA TEO": {"medie": 9.135606060606058, "reusita": 100.0, "cnt": 66}, "SOCIOLOGIE": {"medie": 8.35357142857143, "reusita": 92.85714285714286, "cnt": 14}, "CHIMIE ANORGANICA TEO NIVEL I/II": {"medie": 7.859999999999999, "reusita": 100.0, "cnt": 5}, "PSIHOLOGIE": {"medie": 7.95, "reusita": 100.0, "cnt": 2}, "ECONOMIE": {"medie": 8.720833333333333, "reusita": 100.0, "cnt": 12}, "FILOSOFIE": {"medie": 9.4, "reusita": 100.0, "cnt": 1}}, "nume": "COLEGIUL NATIONAL \"GHEORGHE SINCAI\"\tBucure\u0219ti"}