{"specializari": {"MATEMATICA-INFORMATICA": 58, "STIINTE ALE NATURII": 91, "STIINTE SOCIALE": 30}, "limba_moderna": {"LIMBA ENGLEZA": 146, "LIMBA FRANCEZA": 30, "LIMBA GERMANA MODERNA": 3}, "limba_materna": {"LIMBA ROMANA": 179}, "promotie_anterioara": {"NU": 179}, "materii": {"LIMBA ROMANA": {"medie": 9.275977653631283, "reusita": 100.0, "cnt": 179}, "BIOLOGIE VEGETALA SI ANIMALA": {"medie": 9.453571428571427, "reusita": 100.0, "cnt": 28}, "GENERAL": {"medie": 9.341061452513966, "reusita": 100.0, "cnt": 179}, "MATEMATICA ST-NAT": {"medie": 9.233516483516487, "reusita": 100.0, "cnt": 91}, "CHIMIE ORGANICA TEO NIVEL I/II": {"medie": 9.265624999999998, "reusita": 100.0, "cnt": 32}, "INFORMATICA SN C/C++": {"medie": 8.733333333333333, "reusita": 100.0, "cnt": 3}, "ISTORIE": {"medie": 9.715, "reusita": 100.0, "cnt": 30}, "LOGICA, ARGUMENTARE SI COMUNICARE": {"medie": 9.461363636363636, "reusita": 100.0, "cnt": 22}, "MATEMATICA MATE-INFO": {"medie": 9.558620689655173, "reusita": 100.0, "cnt": 58}, "INFORMATICA MI C/C++": {"medie": 9.200000000000001, "reusita": 100.0, "cnt": 38}, "GEOGRAFIE": {"medie": 9.85, "reusita": 100.0, "cnt": 4}, "ANATOMIE SI FIZIOLOGIE UMANA, GENETICA SI ECOLOGIE UMANA": {"medie": 9.465625000000001, "reusita": 100.0, "cnt": 16}, "FIZICA TEO": {"medie": 9.283333333333333, "reusita": 100.0, "cnt": 9}, "SOCIOLOGIE": {"medie": 10.0, "reusita": 100.0, "cnt": 1}, "CHIMIE ANORGANICA TEO NIVEL I/II": {"medie": 9.27391304347826, "reusita": 100.0, "cnt": 23}, "PSIHOLOGIE": {"medie": 8.6, "reusita": 100.0, "cnt": 2}, "ECONOMIE": {"medie": 9.6, "reusita": 100.0, "cnt": 1}}, "nume": "COLEGIUL NATIONAL \"ANDREI SAGUNA\" BRASOV\tBra\u0219ov"}