{"specializari": {"TEHNICIAN IN INSTALATII ELECTRICE": 6, "LICEU CU PROGRAM SPORTIV": 14, "TEHNICIAN TRANSPORTURI": 6, "TEHNICIAN MECATRONIST": 11, "TEHNICIAN IN AUTOMATIZARI": 20, "TEHNICIAN MECANIC PENTRU INTRETINERE SI REPARATII": 6, "MATEMATICA-INFORMATICA": 13, "TEHNICIAN IN PRELUCRAREA LEMNULUI": 1}, "limba_moderna": {"LIMBA ENGLEZA": 76, "LIMBA FRANCEZA": 1}, "limba_materna": {"LIMBA ROMANA": 77}, "promotie_anterioara": {"DA": 45, "NU": 32}, "materii": {"LIMBA ROMANA": {"medie": 5.694805194805194, "reusita": 85.71428571428571, "cnt": 77}, "MATEMATICA TEHN": {"medie": 5.260416666666667, "reusita": 68.0, "cnt": 50}, "BIOLOGIE VEGETALA SI ANIMALA": {"medie": 4.888775510204083, "reusita": 56.00000000000001, "cnt": 50}, "GENERAL": {"medie": 5.404629629629629, "reusita": 29.87012987012987, "cnt": 77}, "ISTORIE": {"medie": 5.257142857142857, "reusita": 85.71428571428571, "cnt": 14}, "MATEMATICA MATE-INFO": {"medie": 4.853846153846154, "reusita": 69.23076923076923, "cnt": 13}, "GEOGRAFIE": {"medie": 6.307142857142857, "reusita": 85.71428571428571, "cnt": 14}, "ANATOMIE SI FIZIOLOGIE UMANA, GENETICA SI ECOLOGIE UMANA": {"medie": 5.8, "reusita": 100.0, "cnt": 2}, "CHIMIE ANORGANICA TEH NIVEL I/II": {"medie": 4.272222222222222, "reusita": 36.36363636363637, "cnt": 11}}, "nume": "COLEGIUL TEHNIC \"DINICU GOLESCU\"\tBucure\u0219ti"}