{"specializari": {"TEHNICIAN ECOLOG SI PROTECTIA CALITATII MEDIULUI": 31, "TEHNICIAN MECANIC PENTRU INTRETINERE SI REPARATII": 86, "MATEMATICA-INFORMATICA": 65, "TEHNICIAN DESENATOR PENTRU CONSTRUCTII SI INSTALATII": 32, "TEHNICIAN IN ADMINISTRATIE": 29, "TEHNICIAN OPERATOR TEHNICA DE CALCUL": 27, "TEHNICIAN IN INDUSTRIA TEXTILA": 24, "TEHNICIAN IN ACTIVITATI ECONOMICE": 29, "TEHNICIAN IN INSTALATII ELECTRICE": 32, "TEHNICIAN IN INDUSTRIA ALIMENTARA": 32, "TEHNICIAN IN AUTOMATIZARI": 32, "TEHNICIAN ELECTROMECANIC": 1, "TEHNICIAN ELECTROTEHNIST": 4}, "limba_moderna": {"LIMBA ENGLEZA": 336, "LIMBA FRANCEZA": 88}, "limba_materna": {"LIMBA ROMANA": 424}, "promotie_anterioara": {"NU": 364, "DA": 60}, "materii": {"LIMBA ROMANA": {"medie": 5.873641304347826, "reusita": 68.63207547169812, "cnt": 424}, "MATEMATICA TEHN": {"medie": 5.91327433628319, "reusita": 75.20891364902506, "cnt": 359}, "BIOLOGIE VEGETALA SI ANIMALA": {"medie": 4.405088495575219, "reusita": 31.690140845070424, "cnt": 284}, "GENERAL": {"medie": 5.657115568290355, "reusita": 32.54716981132076, "cnt": 424}, "CHIMIE ORGANICA TEO NIVEL I/II": {"medie": 1.8, "reusita": 0.0, "cnt": 3}, "MATEMATICA MATE-INFO": {"medie": 1.957142857142857, "reusita": 3.076923076923077, "cnt": 65}, "GEOGRAFIE": {"medie": 7.6956140350877185, "reusita": 96.55172413793103, "cnt": 58}, "ANATOMIE SI FIZIOLOGIE UMANA, GENETICA SI ECOLOGIE UMANA": {"medie": 6.83482142857143, "reusita": 85.71428571428571, "cnt": 56}, "FIZICA TEO": {"medie": 2.05, "reusita": 0.0, "cnt": 2}, "FIZICA TEH": {"medie": 5.733333333333333, "reusita": 80.0, "cnt": 10}, "CHIMIE ORGANICA TEH NIVEL I/II": {"medie": 4.99090909090909, "reusita": 63.63636363636363, "cnt": 11}}, "nume": "COLEGIUL TEHNIC MOTRU\tGorj"}