{"specializari": {"TEHNICIAN ANALIZE PRODUSE ALIMENTARE": 70, "TEHNICIAN ECOLOG SI PROTECTIA CALITATII MEDIULUI": 36, "TEHNICIAN IN TURISM": 27, "TEHNICIAN MECATRONIST": 29, "TEHNICIAN IN AUTOMATIZARI": 18}, "limba_moderna": {"LIMBA ENGLEZA": 167, "LIMBA FRANCEZA": 13}, "limba_materna": {"LIMBA ROMANA": 180}, "promotie_anterioara": {"DA": 27, "NU": 153}, "materii": {"LIMBA ROMANA": {"medie": 6.138372093023254, "reusita": 86.66666666666667, "cnt": 180}, "MATEMATICA TEHN": {"medie": 5.057185628742514, "reusita": 56.111111111111114, "cnt": 180}, "BIOLOGIE VEGETALA SI ANIMALA": {"medie": 4.104347826086956, "reusita": 24.137931034482758, "cnt": 29}, "GENERAL": {"medie": 5.578936605316973, "reusita": 33.88888888888889, "cnt": 180}, "GEOGRAFIE": {"medie": 7.118518518518517, "reusita": 100.0, "cnt": 27}, "ANATOMIE SI FIZIOLOGIE UMANA, GENETICA SI ECOLOGIE UMANA": {"medie": 5.517961165048542, "reusita": 66.98113207547169, "cnt": 106}, "FIZICA TEH": {"medie": 3.935294117647059, "reusita": 27.77777777777778, "cnt": 18}}, "nume": "COLEGIUL TEHNIC DE INDUSTRIE ALIMENTARA SUCEAVA\tSuceava"}