{"specializari": {"TEHNICIAN IN INSTALATII ELECTRICE": 17, "TEHNICIAN DESENATOR PENTRU CONSTRUCTII SI INSTALATII": 13, "TEHNICIAN IN INDUSTRIA TEXTILA": 3, "STIINTE ALE NATURII": 29, "TEHNICIAN TRANSPORTURI": 10, "MATEMATICA-INFORMATICA": 63, "TEHNICIAN IN ACTIVITATI ECONOMICE": 69, "FILOLOGIE": 39, "TEHNICIAN MECATRONIST": 23}, "limba_moderna": {"LIMBA ENGLEZA": 237, "LIMBA FRANCEZA": 28, "LIMBA RUSA": 1}, "limba_materna": {"LIMBA ROMANA": 266}, "promotie_anterioara": {"DA": 24, "NU": 242}, "materii": {"LIMBA ROMANA": {"medie": 7.004980842911881, "reusita": 94.3609022556391, "cnt": 266}, "MATEMATICA TEHN": {"medie": 7.340530303030303, "reusita": 90.37037037037037, "cnt": 135}, "BIOLOGIE VEGETALA SI ANIMALA": {"medie": 5.879310344827585, "reusita": 69.84126984126983, "cnt": 63}, "GENERAL": {"medie": 7.357581699346404, "reusita": 78.19548872180451, "cnt": 266}, "MATEMATICA ST-NAT": {"medie": 7.858620689655172, "reusita": 96.55172413793103, "cnt": 29}, "ISTORIE": {"medie": 6.7368421052631575, "reusita": 97.43589743589743, "cnt": 39}, "LOGICA, ARGUMENTARE SI COMUNICARE": {"medie": 7.756481481481484, "reusita": 92.72727272727272, "cnt": 55}, "MATEMATICA MATE-INFO": {"medie": 7.291803278688522, "reusita": 88.88888888888889, "cnt": 63}, "INFORMATICA MI C/C++": {"medie": 6.807142857142858, "reusita": 86.36363636363636, "cnt": 22}, "GEOGRAFIE": {"medie": 8.206862745098038, "reusita": 96.15384615384616, "cnt": 52}, "ANATOMIE SI FIZIOLOGIE UMANA, GENETICA SI ECOLOGIE UMANA": {"medie": 8.979032258064516, "reusita": 98.4126984126984, "cnt": 63}, "FIZICA TEO": {"medie": 8.7125, "reusita": 100.0, "cnt": 4}, "FIZICA TEH": {"medie": 7.683333333333334, "reusita": 100.0, "cnt": 6}, "PSIHOLOGIE": {"medie": 6.4, "reusita": 100.0, "cnt": 1}}, "nume": "COLEGIUL TEHNIC RADAUTI\tSuceava"}