{"specializari": {"TEHNICIAN IN ACTIVITATI ECONOMICE": 34, "TEHNICIAN OPERATOR TEHNICA DE CALCUL": 33, "TEHNICIAN ANALIZE PRODUSE ALIMENTARE": 33, "TEHNICIAN IN INDUSTRIA ALIMENTARA": 8, "TEHNICIAN IN TURISM": 7, "TEHNICIAN TRANSPORTURI": 42, "TEHNICIAN DESENATOR PENTRU CONSTRUCTII SI INSTALATII": 1, "TEHNICIAN MECATRONIST": 1, "TEHNICIAN ELECTRICIAN/ELECTRONIST AUTO": 1, "FILOLOGIE": 1, "TEHNICIAN IN INSTALATII ELECTRICE": 1}, "limba_moderna": {"LIMBA ENGLEZA": 148, "LIMBA FRANCEZA": 14}, "limba_materna": {"LIMBA ROMANA": 162}, "promotie_anterioara": {"NU": 113, "DA": 49}, "materii": {"LIMBA ROMANA": {"medie": 5.791290322580649, "reusita": 75.30864197530865, "cnt": 162}, "MATEMATICA TEHN": {"medie": 7.2841463414634156, "reusita": 46.58385093167702, "cnt": 161}, "BIOLOGIE VEGETALA SI ANIMALA": {"medie": 7.619907407407408, "reusita": 93.04347826086956, "cnt": 115}, "GENERAL": {"medie": 7.215650406504066, "reusita": 37.65432098765432, "cnt": 162}, "ISTORIE": {"medie": 7.0, "reusita": 100.0, "cnt": 1}, "GEOGRAFIE": {"medie": 8.608536585365853, "reusita": 97.61904761904762, "cnt": 42}, "FIZICA TEH": {"medie": 7.840000000000001, "reusita": 80.0, "cnt": 5}}, "nume": "COLEGIUL TEHNIC \"UNIREA\" STEI\tBihor"}