{"specializari": {"TEHNICIAN ECOLOG SI PROTECTIA CALITATII MEDIULUI": 30, "TEHNICIAN PROIECTANT CAD": 30, "TEHNICIAN ELECTROMECANIC": 23, "TEHNICIAN METROLOG": 15, "TEHNICIAN IN INSTALATII ELECTRICE": 16, "TEHNICIAN PRELUCRARI MECANICE": 31, "TEHNICIAN ELECTROTEHNIST": 8, "TEHNICIAN TRANSPORTURI": 11, "TEHNICIAN OPERATOR TEHNICA DE CALCUL": 3, "TEHNICIAN MECATRONIST": 6}, "limba_moderna": {"LIMBA ENGLEZA": 159, "LIMBA FRANCEZA": 14}, "limba_materna": {"LIMBA ROMANA": 173}, "promotie_anterioara": {"NU": 85, "DA": 88}, "materii": {"LIMBA ROMANA": {"medie": 5.500920245398772, "reusita": 72.83236994219652, "cnt": 173}, "MATEMATICA TEHN": {"medie": 4.365838509316773, "reusita": 54.33526011560693, "cnt": 173}, "BIOLOGIE VEGETALA SI ANIMALA": {"medie": 3.8946428571428555, "reusita": 27.27272727272727, "cnt": 99}, "GENERAL": {"medie": 4.653837719298245, "reusita": 12.138728323699421, "cnt": 173}, "ANATOMIE SI FIZIOLOGIE UMANA, GENETICA SI ECOLOGIE UMANA": {"medie": 6.121052631578948, "reusita": 73.68421052631578, "cnt": 19}, "FIZICA TEH": {"medie": 3.8758064516129034, "reusita": 40.625, "cnt": 32}, "CHIMIE ANORGANICA TEH NIVEL I/II": {"medie": 3.17, "reusita": 4.3478260869565215, "cnt": 23}}, "nume": "COLEGIUL TEHNIC \"CAROL I\"\tBucure\u0219ti"}