{"specializari": {"ORGANIZATOR BANQUETING": 12, "TEHNICIAN OPERATOR TEHNICA DE CALCUL": 4, "TEHNICIAN TRANSPORTURI": 11, "STIINTE SOCIALE": 6, "TEHNICIAN ELECTROTEHNIST": 1}, "limba_moderna": {"LIMBA ENGLEZA": 31, "LIMBA FRANCEZA": 3}, "limba_materna": {"LIMBA ROMANA": 34}, "promotie_anterioara": {"NU": 27, "DA": 7}, "materii": {"LIMBA ROMANA": {"medie": 4.248, "reusita": 35.294117647058826, "cnt": 34}, "MATEMATICA TEHN": {"medie": 2.5875, "reusita": 14.285714285714285, "cnt": 28}, "BIOLOGIE VEGETALA SI ANIMALA": {"medie": 2.215, "reusita": 0.0, "cnt": 15}, "GENERAL": {"medie": 3.969696969696969, "reusita": 11.76470588235294, "cnt": 34}, "ISTORIE": {"medie": 5.574999999999999, "reusita": 83.33333333333334, "cnt": 6}, "GEOGRAFIE": {"medie": 5.238461538461538, "reusita": 44.44444444444444, "cnt": 18}, "FIZICA TEH": {"medie": "-", "reusita": 0.0, "cnt": 1}}, "nume": "COLEGIUL TEHNIC \"AUREL VIJOLI\" FAGARAS\tBra\u0219ov"}