{"specializari": {"TEHNICIAN ANALIZE PRODUSE ALIMENTARE": 94, "TEHNICIAN IN INDUSTRIA ALIMENTARA": 60, "TEHNICIAN ELECTROMECANIC": 16, "TEHNICIAN IN IND. ALIM. FERMENTATIVA SI IN PREL. LEGUMELOR SI FRUCTELOR": 1}, "limba_moderna": {"LIMBA ENGLEZA": 165, "LIMBA FRANCEZA": 6}, "limba_materna": {"LIMBA ROMANA": 171}, "promotie_anterioara": {"NU": 101, "DA": 70}, "materii": {"LIMBA ROMANA": {"medie": 5.526331360946747, "reusita": 83.62573099415205, "cnt": 171}, "MATEMATICA TEHN": {"medie": 4.79700598802395, "reusita": 58.47953216374269, "cnt": 171}, "BIOLOGIE VEGETALA SI ANIMALA": {"medie": 5.058241758241758, "reusita": 57.89473684210527, "cnt": 95}, "GENERAL": {"medie": 5.146216768916157, "reusita": 26.900584795321635, "cnt": 171}, "ANATOMIE SI FIZIOLOGIE UMANA, GENETICA SI ECOLOGIE UMANA": {"medie": 5.1661971830985935, "reusita": 54.166666666666664, "cnt": 72}, "FIZICA TEH": {"medie": 3.85, "reusita": 33.33333333333333, "cnt": 3}, "CHIMIE ORGANICA TEH NIVEL I/II": {"medie": 5.0, "reusita": 100.0, "cnt": 1}}, "nume": "COLEGIUL TEHNIC DE INDUSTRIE ALIMENTARA \"DUMITRU MOTOC\"\tBucure\u0219ti"}