{"specializari": {"FILOLOGIE": 38, "STIINTE SOCIALE": 71, "INVATATOR - EDUCATOARE": 43, "STIINTE ALE NATURII": 37}, "limba_moderna": {"LIMBA ENGLEZA": 175, "LIMBA FRANCEZA": 14}, "limba_materna": {"LIMBA ROMANA": 189}, "promotie_anterioara": {"NU": 181, "DA": 8}, "materii": {"LIMBA ROMANA": {"medie": 7.64734042553191, "reusita": 95.23809523809523, "cnt": 189}, "GENERAL": {"medie": 7.852240143369184, "reusita": 90.47619047619048, "cnt": 189}, "MATEMATICA ST-NAT": {"medie": 7.49054054054054, "reusita": 89.1891891891892, "cnt": 37}, "CHIMIE ORGANICA TEO NIVEL I/II": {"medie": 9.175, "reusita": 100.0, "cnt": 4}, "ISTORIE": {"medie": 7.412499999999999, "reusita": 97.24770642201835, "cnt": 109}, "LOGICA, ARGUMENTARE SI COMUNICARE": {"medie": 8.539247311827953, "reusita": 96.80851063829788, "cnt": 94}, "GEOGRAFIE": {"medie": 8.175925925925926, "reusita": 100.0, "cnt": 54}, "ANATOMIE SI FIZIOLOGIE UMANA, GENETICA SI ECOLOGIE UMANA": {"medie": 8.622727272727273, "reusita": 100.0, "cnt": 33}, "MATEMATICA PED": {"medie": 7.247674418604652, "reusita": 93.02325581395348, "cnt": 43}, "SOCIOLOGIE": {"medie": 6.95, "reusita": 100.0, "cnt": 2}, "PSIHOLOGIE": {"medie": 7.675000000000001, "reusita": 100.0, "cnt": 2}}, "nume": "COLEGIUL NATIONAL \"GHEORGHE ASACHI\", MUNICIPIUL PIATRA-NEAMT\tNeam\u021b"}