{"specializari": {"FILOLOGIE": 30, "TEHNICIAN IN ACTIVITATI ECONOMICE": 33, "MATEMATICA-INFORMATICA": 21, "TEHNICIAN MECANIC PENTRU INTRETINERE SI REPARATII": 16, "TEHNICIAN IN INDUSTRIA ALIMENTARA": 14, "TEHNICIAN ECOLOG SI PROTECTIA CALITATII MEDIULUI": 23, "TEHNICIAN ELECTROMECANIC": 1, "TEHNICIAN OPERATOR TEHNICA DE CALCUL": 14}, "limba_moderna": {"LIMBA ENGLEZA": 98, "LIMBA FRANCEZA": 54}, "limba_materna": {"LIMBA ROMANA": 152}, "promotie_anterioara": {"NU": 132, "DA": 20}, "materii": {"LIMBA ROMANA": {"medie": 6.065492957746478, "reusita": 73.68421052631578, "cnt": 152}, "MATEMATICA TEHN": {"medie": 3.2983516483516486, "reusita": 30.693069306930692, "cnt": 101}, "BIOLOGIE VEGETALA SI ANIMALA": {"medie": 3.6238095238095243, "reusita": 14.285714285714285, "cnt": 28}, "GENERAL": {"medie": 5.231924882629109, "reusita": 34.21052631578947, "cnt": 152}, "ISTORIE": {"medie": 6.371666666666667, "reusita": 96.66666666666667, "cnt": 30}, "MATEMATICA MATE-INFO": {"medie": 4.773809523809524, "reusita": 57.14285714285714, "cnt": 21}, "GEOGRAFIE": {"medie": 6.8737704918032785, "reusita": 92.06349206349206, "cnt": 63}, "ANATOMIE SI FIZIOLOGIE UMANA, GENETICA SI ECOLOGIE UMANA": {"medie": 4.760714285714285, "reusita": 50.877192982456144, "cnt": 57}, "FIZICA TEH": {"medie": 3.4875, "reusita": 25.0, "cnt": 4}}, "nume": "COLEGIUL TEHNIC MATASARI\tGorj"}