{"specializari": {"TEHNICIAN IN ACTIVITATI ECONOMICE": 144, "TEHNICIAN IN ACTIVITATI DE COMERT": 83, "TEHNICIAN IN TURISM": 22, "TEHNICIAN IN GASTRONOMIE": 27}, "limba_moderna": {"LIMBA ENGLEZA": 230, "LIMBA GERMANA MODERNA": 7, "LIMBA FRANCEZA": 39}, "limba_materna": {"LIMBA ROMANA": 243, "LIMBA MAGHIARA": 33}, "promotie_anterioara": {"NU": 242, "DA": 34}, "materii": {"LIMBA ROMANA": {"medie": 7.010223048327136, "reusita": 92.7536231884058, "cnt": 276}, "MATEMATICA TEHN": {"medie": 7.277592592592589, "reusita": 88.76811594202898, "cnt": 276}, "GENERAL": {"medie": 7.072164786967422, "reusita": 73.55072463768117, "cnt": 276}, "GEOGRAFIE": {"medie": 6.851296296296301, "reusita": 92.7536231884058, "cnt": 276}, "LIMBA MAGHIARA (REAL)": {"medie": 6.181249999999999, "reusita": 96.96969696969697, "cnt": 33}}, "nume": "COLEGIUL ECONOMIC \"GHEORGHE DRAGOS\" SATU MARE\tSatu-Mare"}