{"specializari": {"TEHNICIAN MECATRONIST": 17, "TEHNICIAN TRANSPORTURI": 23, "MATEMATICA-INFORMATICA": 53, "TEHNICIAN IN ACTIVITATI ECONOMICE": 89, "TEHNICIAN DE TELECOMUNICATII": 26, "TEHNICIAN IN AUTOMATIZARI": 28, "TEHNICIAN ELECTROMECANIC": 23}, "limba_moderna": {"LIMBA ENGLEZA": 252, "LIMBA FRANCEZA": 6, "LIMBA GERMANA MODERNA": 1}, "limba_materna": {"LIMBA ROMANA": 259}, "promotie_anterioara": {"NU": 248, "DA": 11}, "materii": {"LIMBA ROMANA": {"medie": 7.111417322834642, "reusita": 93.82239382239382, "cnt": 259}, "MATEMATICA TEHN": {"medie": 6.97663316582915, "reusita": 81.06796116504854, "cnt": 206}, "BIOLOGIE VEGETALA SI ANIMALA": {"medie": 5.975943396226417, "reusita": 68.14159292035397, "cnt": 113}, "GENERAL": {"medie": 7.044333333333335, "reusita": 73.35907335907336, "cnt": 259}, "MATEMATICA MATE-INFO": {"medie": 7.527358490566036, "reusita": 98.11320754716981, "cnt": 53}, "GEOGRAFIE": {"medie": 8.043103448275861, "reusita": 98.85057471264368, "cnt": 87}, "ANATOMIE SI FIZIOLOGIE UMANA, GENETICA SI ECOLOGIE UMANA": {"medie": 9.3, "reusita": 100.0, "cnt": 2}, "FIZICA TEO": {"medie": 6.6, "reusita": 75.0, "cnt": 8}, "FIZICA TEH": {"medie": 6.523529411764707, "reusita": 94.11764705882352, "cnt": 17}, "CHIMIE ANORGANICA TEO NIVEL I/II": {"medie": 8.95, "reusita": 100.0, "cnt": 1}, "ECONOMIE": {"medie": 7.425, "reusita": 100.0, "cnt": 2}, "CHIMIE ANORGANICA TEH NIVEL I/II": {"medie": 5.8875, "reusita": 100.0, "cnt": 8}, "INFORMATICA MI PASCAL": {"medie": 7.161904761904762, "reusita": 100.0, "cnt": 21}}, "nume": "COLEGIUL TEHNIC \"ALESANDRU PAPIU ILARIAN\" ZALAU\tS\u0103laj"}