{"specializari": {"STIINTE SOCIALE": 31, "STIINTE ALE NATURII": 34, "INVATATOR - EDUCATOARE": 28, "FILOLOGIE": 27, "MATEMATICA-INFORMATICA": 54}, "limba_moderna": {"LIMBA ENGLEZA": 140, "LIMBA FRANCEZA": 33, "LIMBA GERMANA MODERNA": 1}, "limba_materna": {"LIMBA ROMANA": 174}, "promotie_anterioara": {"NU": 173, "DA": 1}, "materii": {"LIMBA ROMANA": {"medie": 8.448843930635837, "reusita": 98.85057471264368, "cnt": 174}, "GENERAL": {"medie": 8.799224806201547, "reusita": 98.85057471264368, "cnt": 174}, "MATEMATICA ST-NAT": {"medie": 9.13529411764706, "reusita": 100.0, "cnt": 34}, "CHIMIE ORGANICA TEO NIVEL I/II": {"medie": 8.285714285714286, "reusita": 100.0, "cnt": 21}, "ISTORIE": {"medie": 8.43859649122807, "reusita": 98.27586206896551, "cnt": 58}, "LOGICA, ARGUMENTARE SI COMUNICARE": {"medie": 9.41730769230769, "reusita": 98.11320754716981, "cnt": 53}, "MATEMATICA MATE-INFO": {"medie": 9.17314814814815, "reusita": 100.0, "cnt": 54}, "INFORMATICA MI C/C++": {"medie": 9.15, "reusita": 100.0, "cnt": 1}, "GEOGRAFIE": {"medie": 9.149999999999999, "reusita": 100.0, "cnt": 24}, "ANATOMIE SI FIZIOLOGIE UMANA, GENETICA SI ECOLOGIE UMANA": {"medie": 9.046590909090908, "reusita": 100.0, "cnt": 44}, "FIZICA TEO": {"medie": 9.297727272727272, "reusita": 100.0, "cnt": 22}, "MATEMATICA PED": {"medie": 8.605555555555556, "reusita": 96.42857142857143, "cnt": 28}, "SOCIOLOGIE": {"medie": 8.35, "reusita": 100.0, "cnt": 1}, "PSIHOLOGIE": {"medie": 8.616666666666667, "reusita": 100.0, "cnt": 3}, "ECONOMIE": {"medie": 8.6, "reusita": 50.0, "cnt": 2}, "FILOSOFIE": {"medie": 8.200000000000001, "reusita": 100.0, "cnt": 3}}, "nume": "COLEGIUL NATIONAL \"COSTACHE NEGRI\", LOCALITATEA GALATI\tGala\u021bi"}