{"specializari": {"STIINTE SOCIALE": 33, "MATEMATICA-INFORMATICA": 121, "FILOLOGIE": 34, "STIINTE ALE NATURII": 33}, "limba_moderna": {"LIMBA ENGLEZA": 166, "LIMBA GERMANA MODERNA": 6, "LIMBA FRANCEZA": 43, "LIMBA SPANIOLA": 6}, "limba_materna": {"LIMBA ROMANA": 221}, "promotie_anterioara": {"NU": 221}, "materii": {"LIMBA ROMANA": {"medie": 7.9158371040723905, "reusita": 99.5475113122172, "cnt": 221}, "BIOLOGIE VEGETALA SI ANIMALA": {"medie": 8.647826086956524, "reusita": 100.0, "cnt": 46}, "GENERAL": {"medie": 8.177375565610864, "reusita": 97.73755656108597, "cnt": 221}, "MATEMATICA ST-NAT": {"medie": 8.145454545454545, "reusita": 100.0, "cnt": 33}, "CHIMIE ORGANICA TEO NIVEL I/II": {"medie": 8.236764705882353, "reusita": 97.05882352941177, "cnt": 34}, "ISTORIE": {"medie": 7.579850746268658, "reusita": 100.0, "cnt": 67}, "LOGICA, ARGUMENTARE SI COMUNICARE": {"medie": 9.325, "reusita": 100.0, "cnt": 2}, "MATEMATICA MATE-INFO": {"medie": 8.66818181818182, "reusita": 99.17355371900827, "cnt": 121}, "INFORMATICA MI C/C++": {"medie": 8.575, "reusita": 100.0, "cnt": 16}, "GEOGRAFIE": {"medie": 8.428048780487803, "reusita": 100.0, "cnt": 41}, "ANATOMIE SI FIZIOLOGIE UMANA, GENETICA SI ECOLOGIE UMANA": {"medie": 7.7318181818181815, "reusita": 100.0, "cnt": 11}, "FIZICA TEO": {"medie": 8.375531914893617, "reusita": 97.87234042553192, "cnt": 47}, "SOCIOLOGIE": {"medie": 7.886363636363635, "reusita": 100.0, "cnt": 11}, "PSIHOLOGIE": {"medie": 7.739999999999999, "reusita": 100.0, "cnt": 10}, "ECONOMIE": {"medie": 7.975, "reusita": 100.0, "cnt": 2}, "FILOSOFIE": {"medie": 8.65, "reusita": 100.0, "cnt": 1}}, "nume": "COLEGIUL NATIONAL \"VLAICU VODA\"\tArge\u0219"}