{"specializari": {"FILOLOGIE": 33, "STIINTE ALE NATURII": 63, "STIINTE SOCIALE": 35, "TEOLOGIE GRECO-CATOLICA": 33, "MATEMATICA-INFORMATICA": 22}, "limba_moderna": {"LIMBA FRANCEZA": 32, "LIMBA ENGLEZA": 141, "LIMBA GERMANA MODERNA": 13}, "limba_materna": {"LIMBA ROMANA": 186}, "promotie_anterioara": {"NU": 176, "DA": 10}, "materii": {"LIMBA ROMANA": {"medie": 8.325135135135135, "reusita": 98.9247311827957, "cnt": 186}, "BIOLOGIE VEGETALA SI ANIMALA": {"medie": 8.941666666666666, "reusita": 94.73684210526315, "cnt": 19}, "GENERAL": {"medie": 8.007477477477476, "reusita": 91.93548387096774, "cnt": 186}, "MATEMATICA ST-NAT": {"medie": 8.206349206349204, "reusita": 96.82539682539682, "cnt": 63}, "CHIMIE ORGANICA TEO NIVEL I/II": {"medie": 8.975, "reusita": 100.0, "cnt": 16}, "ISTORIE": {"medie": 7.5559405940594075, "reusita": 99.00990099009901, "cnt": 101}, "LOGICA, ARGUMENTARE SI COMUNICARE": {"medie": 7.3, "reusita": 100.0, "cnt": 1}, "MATEMATICA MATE-INFO": {"medie": 7.266666666666667, "reusita": 86.36363636363636, "cnt": 22}, "INFORMATICA MI C/C++": {"medie": 7.015384615384617, "reusita": 84.61538461538461, "cnt": 13}, "GEOGRAFIE": {"medie": 7.484065934065935, "reusita": 98.9010989010989, "cnt": 91}, "ANATOMIE SI FIZIOLOGIE UMANA, GENETICA SI ECOLOGIE UMANA": {"medie": 8.659999999999998, "reusita": 100.0, "cnt": 35}, "CHIMIE ANORGANICA TEO NIVEL I/II": {"medie": 6.0, "reusita": 100.0, "cnt": 1}, "PSIHOLOGIE": {"medie": 7.575000000000001, "reusita": 100.0, "cnt": 4}, "ECONOMIE": {"medie": 8.7, "reusita": 100.0, "cnt": 4}, "FILOSOFIE": {"medie": 5.2, "reusita": 100.0, "cnt": 1}, "INFORMATICA SN PASCAL": {"medie": 7.75, "reusita": 100.0, "cnt": 1}}, "nume": "COLEGIUL NATIONAL \"DOAMNA STANCA\" SATU MARE\tSatu-Mare"}