{"specializari": {"FILOLOGIE": 61, "MATEMATICA-INFORMATICA": 55, "STIINTE SOCIALE": 34, "STIINTE ALE NATURII": 78}, "limba_moderna": {"LIMBA FRANCEZA": 30, "LIMBA ENGLEZA": 194, "LIMBA ITALIANA": 3, "LIMBA RUSA": 1}, "limba_materna": {"LIMBA ROMANA": 228}, "promotie_anterioara": {"NU": 225, "DA": 3}, "materii": {"LIMBA ROMANA": {"medie": 8.185307017543858, "reusita": 99.56140350877193, "cnt": 228}, "BIOLOGIE VEGETALA SI ANIMALA": {"medie": 7.7, "reusita": 100.0, "cnt": 1}, "GENERAL": {"medie": 8.23296622613803, "reusita": 94.2982456140351, "cnt": 228}, "MATEMATICA ST-NAT": {"medie": 7.727564102564102, "reusita": 94.87179487179486, "cnt": 78}, "CHIMIE ORGANICA TEO NIVEL I/II": {"medie": 8.84, "reusita": 100.0, "cnt": 15}, "INFORMATICA SN C/C++": {"medie": 8.78, "reusita": 100.0, "cnt": 5}, "ISTORIE": {"medie": 7.808421052631577, "reusita": 100.0, "cnt": 95}, "LOGICA, ARGUMENTARE SI COMUNICARE": {"medie": 9.5375, "reusita": 100.0, "cnt": 8}, "MATEMATICA MATE-INFO": {"medie": 8.789090909090907, "reusita": 100.0, "cnt": 55}, "INFORMATICA MI C/C++": {"medie": 8.65, "reusita": 100.0, "cnt": 15}, "GEOGRAFIE": {"medie": 8.202469135802467, "reusita": 100.0, "cnt": 81}, "ANATOMIE SI FIZIOLOGIE UMANA, GENETICA SI ECOLOGIE UMANA": {"medie": 8.682954545454542, "reusita": 100.0, "cnt": 88}, "FIZICA TEO": {"medie": 6.6312500000000005, "reusita": 75.0, "cnt": 8}, "SOCIOLOGIE": {"medie": 8.775, "reusita": 100.0, "cnt": 4}, "CHIMIE ANORGANICA TEO NIVEL I/II": {"medie": 7.1, "reusita": 100.0, "cnt": 1}, "PSIHOLOGIE": {"medie": 9.7, "reusita": 100.0, "cnt": 1}, "ECONOMIE": {"medie": 9.2, "reusita": 100.0, "cnt": 1}}, "nume": "COLEGIUL NATIONAL \"GARABET IBRAILEANU\", IASI\tIa\u0219i"}