{"specializari": {"MATEMATICA-INFORMATICA": 118, "FILOLOGIE": 35}, "limba_moderna": {"LIMBA FRANCEZA": 14, "LIMBA ENGLEZA": 127, "LIMBA GERMANA MODERNA": 12}, "limba_materna": {"LIMBA ROMANA": 153}, "promotie_anterioara": {"NU": 153}, "materii": {"LIMBA ROMANA": {"medie": 9.304575163398699, "reusita": 100.0, "cnt": 153}, "BIOLOGIE VEGETALA SI ANIMALA": {"medie": 9.17, "reusita": 100.0, "cnt": 5}, "GENERAL": {"medie": 9.427124183006537, "reusita": 100.0, "cnt": 153}, "CHIMIE ORGANICA TEO NIVEL I/II": {"medie": 8.877500000000001, "reusita": 100.0, "cnt": 20}, "ISTORIE": {"medie": 9.388571428571428, "reusita": 100.0, "cnt": 35}, "LOGICA, ARGUMENTARE SI COMUNICARE": {"medie": 9.42, "reusita": 100.0, "cnt": 5}, "MATEMATICA MATE-INFO": {"medie": 9.622881355932204, "reusita": 100.0, "cnt": 118}, "INFORMATICA MI C/C++": {"medie": 9.475, "reusita": 100.0, "cnt": 24}, "GEOGRAFIE": {"medie": 9.501724137931035, "reusita": 100.0, "cnt": 29}, "ANATOMIE SI FIZIOLOGIE UMANA, GENETICA SI ECOLOGIE UMANA": {"medie": 9.535897435897438, "reusita": 100.0, "cnt": 39}, "FIZICA TEO": {"medie": 9.476666666666665, "reusita": 100.0, "cnt": 30}, "PSIHOLOGIE": {"medie": 9.7, "reusita": 100.0, "cnt": 1}}, "nume": "COLEGIUL NATIONAL, IASI\tIa\u0219i"}