{"specializari": {"FILOLOGIE": 171, "STIINTE ALE NATURII": 70, "MATEMATICA-INFORMATICA": 58}, "limba_moderna": {"LIMBA ENGLEZA": 204, "LIMBA FRANCEZA": 55, "LIMBA GERMANA MODERNA": 22, "LIMBA SPANIOLA": 18}, "limba_materna": {"LIMBA ROMANA": 299}, "promotie_anterioara": {"NU": 295, "DA": 4}, "materii": {"LIMBA ROMANA": {"medie": 7.8911371237458185, "reusita": 99.66555183946488, "cnt": 299}, "BIOLOGIE VEGETALA SI ANIMALA": {"medie": 8.508333333333335, "reusita": 100.0, "cnt": 6}, "GENERAL": {"medie": 8.19442586399108, "reusita": 97.65886287625418, "cnt": 299}, "MATEMATICA ST-NAT": {"medie": 8.22357142857143, "reusita": 100.0, "cnt": 70}, "CHIMIE ORGANICA TEO NIVEL I/II": {"medie": 8.4, "reusita": 100.0, "cnt": 3}, "ISTORIE": {"medie": 7.583333333333332, "reusita": 100.0, "cnt": 171}, "LOGICA, ARGUMENTARE SI COMUNICARE": {"medie": 8.861742424242426, "reusita": 98.48484848484848, "cnt": 132}, "MATEMATICA MATE-INFO": {"medie": 9.072413793103449, "reusita": 100.0, "cnt": 58}, "INFORMATICA MI C/C++": {"medie": 8.247560975609755, "reusita": 100.0, "cnt": 41}, "GEOGRAFIE": {"medie": 8.0875, "reusita": 100.0, "cnt": 12}, "ANATOMIE SI FIZIOLOGIE UMANA, GENETICA SI ECOLOGIE UMANA": {"medie": 8.99391891891892, "reusita": 100.0, "cnt": 74}, "FIZICA TEO": {"medie": 8.9125, "reusita": 100.0, "cnt": 4}, "SOCIOLOGIE": {"medie": 8.0, "reusita": 100.0, "cnt": 5}, "PSIHOLOGIE": {"medie": 8.7, "reusita": 100.0, "cnt": 8}, "ECONOMIE": {"medie": 7.088461538461538, "reusita": 84.61538461538461, "cnt": 13}, "FILOSOFIE": {"medie": 8.2, "reusita": 100.0, "cnt": 1}}, "nume": "COLEGIUL NATIONAL \"ELENA CUZA\" CRAIOVA\tDolj"}