{"specializari": {"TEHNICIAN IN TURISM": 30, "TEHNICIAN DESIGNER VESTIMENTAR": 43, "TEHNICIAN IN INDUSTRIA TEXTILA": 5, "COAFOR STILIST": 17}, "limba_moderna": {"LIMBA ENGLEZA": 87, "LIMBA GERMANA MODERNA": 8}, "limba_materna": {"LIMBA ROMANA": 95}, "promotie_anterioara": {"NU": 78, "DA": 17}, "materii": {"LIMBA ROMANA": {"medie": 6.545744680851064, "reusita": 90.52631578947368, "cnt": 95}, "MATEMATICA TEHN": {"medie": 6.983908045977009, "reusita": 85.26315789473684, "cnt": 95}, "BIOLOGIE VEGETALA SI ANIMALA": {"medie": 4.9222222222222225, "reusita": 52.17391304347826, "cnt": 46}, "GENERAL": {"medie": 6.688372093023256, "reusita": 61.05263157894737, "cnt": 95}, "LOGICA, ARGUMENTARE SI COMUNICARE": {"medie": 7.015000000000001, "reusita": 90.0, "cnt": 10}, "GEOGRAFIE": {"medie": 7.2029411764705875, "reusita": 91.17647058823529, "cnt": 34}, "PSIHOLOGIE": {"medie": 5.4, "reusita": 100.0, "cnt": 1}, "ECONOMIE": {"medie": 8.85, "reusita": 100.0, "cnt": 2}, "CHIMIE ANORGANICA TEH NIVEL I/II": {"medie": 5.975, "reusita": 100.0, "cnt": 2}}, "nume": "COLEGIUL TEHNIC \"CIBINIUM\" SIBIU\tSibiu"}