{"specializari": {"TEHNICIAN IN HOTELARIE": 12, "TEHNICIAN IN TURISM": 9, "ORGANIZATOR BANQUETING": 2, "TEHNICIAN IN GASTRONOMIE": 1}, "limba_moderna": {"LIMBA ENGLEZA": 17, "LIMBA FRANCEZA": 7}, "limba_materna": {"LIMBA ROMANA": 24}, "promotie_anterioara": {"NU": 21, "DA": 3}, "materii": {"LIMBA ROMANA": {"medie": 6.166666666666667, "reusita": 87.5, "cnt": 24}, "MATEMATICA TEHN": {"medie": 5.4750000000000005, "reusita": 58.333333333333336, "cnt": 24}, "GENERAL": {"medie": 6.237681159420291, "reusita": 45.83333333333333, "cnt": 24}, "GEOGRAFIE": {"medie": 6.954761904761904, "reusita": 95.45454545454545, "cnt": 22}, "ECONOMIE": {"medie": 6.125, "reusita": 100.0, "cnt": 2}}, "nume": "COLEGIUL ECONOMIC \"PINTEA VITEAZUL\" CAVNIC\tMaramure\u0219"}