{"specializari": {"FILOLOGIE": 34, "STIINTE ALE NATURII": 64, "MATEMATICA-INFORMATICA": 153}, "limba_moderna": {"LIMBA ENGLEZA": 221, "LIMBA FRANCEZA": 30}, "limba_materna": {"LIMBA ROMANA": 251}, "promotie_anterioara": {"NU": 251}, "materii": {"LIMBA ROMANA": {"medie": 8.543027888446211, "reusita": 100.0, "cnt": 251}, "BIOLOGIE VEGETALA SI ANIMALA": {"medie": 7.883333333333333, "reusita": 100.0, "cnt": 3}, "GENERAL": {"medie": 8.732934926958825, "reusita": 100.0, "cnt": 251}, "MATEMATICA ST-NAT": {"medie": 8.957031250000002, "reusita": 100.0, "cnt": 64}, "CHIMIE ORGANICA TEO NIVEL I/II": {"medie": 9.4, "reusita": 100.0, "cnt": 10}, "ISTORIE": {"medie": 8.07205882352941, "reusita": 100.0, "cnt": 34}, "LOGICA, ARGUMENTARE SI COMUNICARE": {"medie": 9.675, "reusita": 100.0, "cnt": 2}, "MATEMATICA MATE-INFO": {"medie": 8.860784313725494, "reusita": 100.0, "cnt": 153}, "INFORMATICA MI C/C++": {"medie": 8.478571428571428, "reusita": 100.0, "cnt": 49}, "GEOGRAFIE": {"medie": 8.742857142857142, "reusita": 100.0, "cnt": 28}, "ANATOMIE SI FIZIOLOGIE UMANA, GENETICA SI ECOLOGIE UMANA": {"medie": 9.080165289256195, "reusita": 100.0, "cnt": 121}, "FIZICA TEO": {"medie": 8.751470588235293, "reusita": 100.0, "cnt": 34}, "PSIHOLOGIE": {"medie": 9.7, "reusita": 100.0, "cnt": 1}, "ECONOMIE": {"medie": 8.333333333333334, "reusita": 100.0, "cnt": 3}}, "nume": "COLEGIUL NATIONAL \"ECATERINA TEODOROIU\" TG-JIU\tGorj"}