{"specializari": {"TEHNICIAN IN INDUSTRIA ALIMENTARA": 15, "TEHNICIAN ANALIZE PRODUSE ALIMENTARE": 18}, "limba_moderna": {"LIMBA ENGLEZA": 28, "LIMBA FRANCEZA": 5}, "limba_materna": {"LIMBA ROMANA": 33}, "promotie_anterioara": {"DA": 12, "NU": 21}, "materii": {"LIMBA ROMANA": {"medie": 5.923333333333334, "reusita": 78.78787878787878, "cnt": 33}, "MATEMATICA TEHN": {"medie": 6.167187500000001, "reusita": 78.78787878787878, "cnt": 33}, "BIOLOGIE VEGETALA SI ANIMALA": {"medie": 6.570000000000002, "reusita": 76.92307692307693, "cnt": 13}, "GENERAL": {"medie": 6.170833333333334, "reusita": 51.515151515151516, "cnt": 33}, "ANATOMIE SI FIZIOLOGIE UMANA, GENETICA SI ECOLOGIE UMANA": {"medie": 6.400000000000001, "reusita": 93.33333333333333, "cnt": 15}, "FIZICA TEH": {"medie": 1.625, "reusita": 0.0, "cnt": 2}, "CHIMIE ANORGANICA TEH NIVEL I/II": {"medie": 7.116666666666667, "reusita": 100.0, "cnt": 3}}, "nume": "COLEGIUL TEHNIC \"RALUCA RIPAN\" CLUJ-NAPOCA\tCluj"}