{"specializari": {"TEHNICIAN MECATRONIST": 8, "TEHNICIAN IN ADMINISTRATIE": 5, "TEHNICIAN OPERATOR TEHNICA DE CALCUL": 6, "TEHNICIAN ELECTRICIAN/ELECTRONIST AUTO": 2, "TEHNICIAN PROIECTANT CAD": 2, "TEHNICIAN DESIGNER VESTIMENTAR": 11, "TEHNICIAN ELECTRONIST": 16, "TEHNICIAN IN ACTIVITATI ECONOMICE": 30, "MATEMATICA-INFORMATICA": 1}, "limba_moderna": {"LIMBA ENGLEZA": 79, "LIMBA FRANCEZA": 2}, "limba_materna": {"LIMBA ROMANA": 81}, "promotie_anterioara": {"NU": 61, "DA": 20}, "materii": {"LIMBA ROMANA": {"medie": 6.711688311688312, "reusita": 93.82716049382715, "cnt": 81}, "MATEMATICA TEHN": {"medie": 7.523684210526314, "reusita": 92.5, "cnt": 80}, "BIOLOGIE VEGETALA SI ANIMALA": {"medie": 6.114814814814815, "reusita": 73.33333333333333, "cnt": 30}, "GENERAL": {"medie": 7.167333333333331, "reusita": 76.5432098765432, "cnt": 81}, "MATEMATICA MATE-INFO": {"medie": "-", "reusita": 0.0, "cnt": 1}, "GEOGRAFIE": {"medie": 8.008571428571425, "reusita": 100.0, "cnt": 35}, "FIZICA TEH": {"medie": 7.334999999999999, "reusita": 90.9090909090909, "cnt": 11}, "CHIMIE ANORGANICA TEO NIVEL I/II": {"medie": "-", "reusita": 0.0, "cnt": 1}, "CHIMIE ANORGANICA TEH NIVEL I/II": {"medie": 6.9375, "reusita": 100.0, "cnt": 4}}, "nume": "COLEGIUL TEHNIC TURDA\tCluj"}