{"specializari": {"MATEMATICA-INFORMATICA": 13, "TEHNICIAN IN AUTOMATIZARI": 18, "TEHNICIAN IN ACTIVITATI ECONOMICE": 45, "TEHNICIAN ELECTRICIAN/ELECTRONIST AUTO": 17, "TEHNICIAN IN INSTALATII ELECTRICE": 1, "TEHNICIAN OPERATOR TELEMATICA": 1, "TEHNICIAN OPERATOR TEHNICA DE CALCUL": 39, "COAFOR STILIST": 39, "TEHNICIAN DE TELECOMUNICATII": 16}, "limba_moderna": {"LIMBA ENGLEZA": 166, "LIMBA FRANCEZA": 23}, "limba_materna": {"LIMBA ROMANA": 189}, "promotie_anterioara": {"NU": 172, "DA": 17}, "materii": {"LIMBA ROMANA": {"medie": 7.275806451612905, "reusita": 98.4126984126984, "cnt": 189}, "MATEMATICA TEHN": {"medie": 8.264285714285721, "reusita": 98.86363636363636, "cnt": 176}, "BIOLOGIE VEGETALA SI ANIMALA": {"medie": 6.60438596491228, "reusita": 96.49122807017544, "cnt": 57}, "GENERAL": {"medie": 7.597567567567565, "reusita": 91.005291005291, "cnt": 189}, "LOGICA, ARGUMENTARE SI COMUNICARE": {"medie": 7.499999999999999, "reusita": 83.33333333333334, "cnt": 6}, "MATEMATICA MATE-INFO": {"medie": 8.003846153846155, "reusita": 100.0, "cnt": 13}, "GEOGRAFIE": {"medie": 7.946621621621624, "reusita": 100.0, "cnt": 74}, "ANATOMIE SI FIZIOLOGIE UMANA, GENETICA SI ECOLOGIE UMANA": {"medie": 9.116666666666667, "reusita": 100.0, "cnt": 3}, "FIZICA TEO": {"medie": 7.3, "reusita": 100.0, "cnt": 1}, "FIZICA TEH": {"medie": 7.304166666666666, "reusita": 100.0, "cnt": 12}, "CHIMIE ANORGANICA TEO NIVEL I/II": {"medie": 6.772222222222222, "reusita": 100.0, "cnt": 9}, "PSIHOLOGIE": {"medie": 7.85, "reusita": 100.0, "cnt": 1}, "ECONOMIE": {"medie": 4.733333333333333, "reusita": 66.66666666666666, "cnt": 3}, "CHIMIE ANORGANICA TEH NIVEL I/II": {"medie": 6.368181818181818, "reusita": 86.95652173913044, "cnt": 23}}, "nume": "COLEGIUL TEHNIC DE COMUNICATII \"N.VASILESCU-KARPEN\" BACAU\tBac\u0103u"}