{"specializari": {"MATEMATICA-INFORMATICA": 178, "STIINTE ALE NATURII": 62, "FILOLOGIE": 33}, "limba_moderna": {"LIMBA ENGLEZA": 258, "LIMBA GERMANA MODERNA": 12, "LIMBA FRANCEZA": 3}, "limba_materna": {"LIMBA ROMANA": 214, "LIMBA MAGHIARA": 59}, "promotie_anterioara": {"NU": 270, "DA": 3}, "materii": {"LIMBA ROMANA": {"medie": 8.073809523809523, "reusita": 99.26739926739927, "cnt": 273}, "GENERAL": {"medie": 8.515476190476189, "reusita": 97.8021978021978, "cnt": 273}, "MATEMATICA ST-NAT": {"medie": 7.871774193548386, "reusita": 100.0, "cnt": 62}, "CHIMIE ORGANICA TEO NIVEL I/II": {"medie": 7.546428571428572, "reusita": 100.0, "cnt": 14}, "ISTORIE": {"medie": 8.30151515151515, "reusita": 100.0, "cnt": 33}, "LOGICA, ARGUMENTARE SI COMUNICARE": {"medie": 8.96875, "reusita": 100.0, "cnt": 8}, "MATEMATICA MATE-INFO": {"medie": 8.817415730337075, "reusita": 98.87640449438202, "cnt": 178}, "INFORMATICA MI C/C++": {"medie": 9.783333333333333, "reusita": 100.0, "cnt": 3}, "GEOGRAFIE": {"medie": 9.15, "reusita": 100.0, "cnt": 14}, "ANATOMIE SI FIZIOLOGIE UMANA, GENETICA SI ECOLOGIE UMANA": {"medie": 9.038732394366194, "reusita": 100.0, "cnt": 142}, "FIZICA TEO": {"medie": 8.770588235294117, "reusita": 100.0, "cnt": 17}, "SOCIOLOGIE": {"medie": 9.085714285714285, "reusita": 100.0, "cnt": 7}, "PSIHOLOGIE": {"medie": 7.25, "reusita": 100.0, "cnt": 1}, "LIMBA MAGHIARA (REAL)": {"medie": 8.672881355932203, "reusita": 100.0, "cnt": 59}, "INFORMATICA MI PASCAL": {"medie": 8.441269841269841, "reusita": 100.0, "cnt": 63}, "FILOSOFIE": {"medie": 8.166666666666666, "reusita": 100.0, "cnt": 3}, "INFORMATICA SN PASCAL": {"medie": 9.8, "reusita": 100.0, "cnt": 1}}, "nume": "COLEGIUL NATIONAL \"SILVANIA\" ZALAU\tS\u0103laj"}