{"specializari": {"STIINTE ALE NATURII": 60, "FILOLOGIE": 34, "STIINTE SOCIALE": 38, "MATEMATICA-INFORMATICA": 63}, "limba_moderna": {"LIMBA ENGLEZA": 131, "LIMBA FRANCEZA": 64}, "limba_materna": {"LIMBA ROMANA": 195}, "promotie_anterioara": {"NU": 183, "DA": 12}, "materii": {"LIMBA ROMANA": {"medie": 7.860256410256409, "reusita": 98.46153846153847, "cnt": 195}, "GENERAL": {"medie": 8.204381443298962, "reusita": 94.35897435897435, "cnt": 195}, "MATEMATICA ST-NAT": {"medie": 7.695762711864406, "reusita": 95.0, "cnt": 60}, "ISTORIE": {"medie": 8.317361111111111, "reusita": 97.22222222222221, "cnt": 72}, "MATEMATICA MATE-INFO": {"medie": 8.198412698412698, "reusita": 100.0, "cnt": 63}, "GEOGRAFIE": {"medie": 8.750714285714285, "reusita": 100.0, "cnt": 70}, "ANATOMIE SI FIZIOLOGIE UMANA, GENETICA SI ECOLOGIE UMANA": {"medie": 8.651764705882352, "reusita": 97.67441860465115, "cnt": 86}, "SOCIOLOGIE": {"medie": 7.3, "reusita": 100.0, "cnt": 1}, "PSIHOLOGIE": {"medie": 7.85, "reusita": 100.0, "cnt": 1}, "INFORMATICA MI PASCAL": {"medie": 8.591891891891896, "reusita": 100.0, "cnt": 37}}, "nume": "COLEGIUL NATIONAL \"AVRAM IANCU\" CIMPENI\tAlba"}