{"specializari": {"TEHNICIAN MECATRONIST": 21, "TEHNICIAN ELECTROTEHNIST": 26, "TEHNICIAN IN AUTOMATIZARI": 48, "TEHNICIAN ECOLOG SI PROTECTIA CALITATII MEDIULUI": 35, "TEHNICIAN OPERATOR TEHNICA DE CALCUL": 26, "LICEU CU PROGRAM SPORTIV": 15, "TEHNICIAN IN INSTALATII ELECTRICE": 29, "TEHNICIAN MECANIC PENTRU INTRETINERE SI REPARATII": 18, "MATEMATICA-INFORMATICA": 1}, "limba_moderna": {"LIMBA FRANCEZA": 2, "LIMBA ENGLEZA": 217}, "limba_materna": {"LIMBA ROMANA": 219}, "promotie_anterioara": {"NU": 191, "DA": 28}, "materii": {"LIMBA ROMANA": {"medie": 7.073148148148151, "reusita": 95.4337899543379, "cnt": 219}, "MATEMATICA TEHN": {"medie": 7.312749999999999, "reusita": 88.17733990147784, "cnt": 203}, "BIOLOGIE VEGETALA SI ANIMALA": {"medie": 5.805633802816901, "reusita": 71.72413793103448, "cnt": 145}, "GENERAL": {"medie": 6.923987538940808, "reusita": 69.40639269406392, "cnt": 219}, "ISTORIE": {"medie": 5.893333333333333, "reusita": 86.66666666666667, "cnt": 15}, "LOGICA, ARGUMENTARE SI COMUNICARE": {"medie": 8.29375, "reusita": 100.0, "cnt": 8}, "MATEMATICA MATE-INFO": {"medie": 7.2, "reusita": 100.0, "cnt": 1}, "GEOGRAFIE": {"medie": 6.578571428571429, "reusita": 100.0, "cnt": 7}, "ANATOMIE SI FIZIOLOGIE UMANA, GENETICA SI ECOLOGIE UMANA": {"medie": 8.177777777777777, "reusita": 100.0, "cnt": 9}, "FIZICA TEO": {"medie": 7.3, "reusita": 100.0, "cnt": 1}, "FIZICA TEH": {"medie": 7.583333333333335, "reusita": 95.83333333333334, "cnt": 48}, "CHIMIE ORGANICA TEH NIVEL I/II": {"medie": 6.3, "reusita": 100.0, "cnt": 1}}, "nume": "COLEGIUL ENERGETIC, MUN. RM. VALCEA\tV\u00e2lcea"}