{"specializari": {"MATEMATICA-INFORMATICA": 2, "TEHNICIAN MECATRONIST": 4, "TEHNICIAN IN INDUSTRIA ALIMENTARA": 3, "TEHNICIAN MECANIC PENTRU INTRETINERE SI REPARATII": 4, "TEHNICIAN OPERATOR TEHNICA DE CALCUL": 5, "TEHNICIAN IN INSTALATII ELECTRICE": 3, "TEHNICIAN IN GASTRONOMIE": 7, "TEHNICIAN ELECTROTEHNIST": 3, "STIINTE ALE NATURII": 1, "TEHNICIAN ECOLOG SI PROTECTIA CALITATII MEDIULUI": 7, "TEHNICIAN ANALIZE PRODUSE ALIMENTARE": 2, "TEHNICIAN IN MORARIT, PANIFICATIE SI PRODUSE FAINOASE": 1}, "limba_moderna": {"LIMBA RUSA": 1, "LIMBA ENGLEZA": 32, "LIMBA FRANCEZA": 9}, "limba_materna": {"LIMBA ROMANA": 42}, "promotie_anterioara": {"DA": 22, "NU": 20}, "materii": {"LIMBA ROMANA": {"medie": 6.213414634146342, "reusita": 80.95238095238095, "cnt": 42}, "MATEMATICA TEHN": {"medie": 5.506578947368421, "reusita": 74.35897435897436, "cnt": 39}, "BIOLOGIE VEGETALA SI ANIMALA": {"medie": 5.4818181818181815, "reusita": 54.54545454545454, "cnt": 11}, "GENERAL": {"medie": 5.76625, "reusita": 26.190476190476193, "cnt": 42}, "MATEMATICA ST-NAT": {"medie": 1.9, "reusita": 0.0, "cnt": 1}, "MATEMATICA MATE-INFO": {"medie": 3.925, "reusita": 50.0, "cnt": 2}, "GEOGRAFIE": {"medie": 5.85, "reusita": 85.71428571428571, "cnt": 7}, "ANATOMIE SI FIZIOLOGIE UMANA, GENETICA SI ECOLOGIE UMANA": {"medie": 6.275, "reusita": 80.0, "cnt": 10}, "FIZICA TEH": {"medie": 5.304999999999999, "reusita": 66.66666666666666, "cnt": 12}, "CHIMIE ANORGANICA TEH NIVEL I/II": {"medie": 5.1, "reusita": 100.0, "cnt": 1}, "CHIMIE ORGANICA TEH NIVEL I/II": {"medie": 9.25, "reusita": 100.0, "cnt": 1}}, "nume": "COLEGIUL TEHNIC \"C.D.NENITESCU\"\tBr\u0103ila"}