{"specializari": {"MATEMATICA-INFORMATICA": 116, "STIINTE ALE NATURII": 34, "FILOLOGIE": 34, "TEOLOGIE ORTODOXA": 1, "STIINTE SOCIALE": 30}, "limba_moderna": {"LIMBA ENGLEZA": 186, "LIMBA FRANCEZA": 29}, "limba_materna": {"LIMBA ROMANA": 215}, "promotie_anterioara": {"NU": 210, "DA": 5}, "materii": {"LIMBA ROMANA": {"medie": 8.363255813953486, "reusita": 100.0, "cnt": 215}, "BIOLOGIE VEGETALA SI ANIMALA": {"medie": 9.3, "reusita": 100.0, "cnt": 15}, "GENERAL": {"medie": 8.663488372093022, "reusita": 99.06976744186046, "cnt": 215}, "MATEMATICA ST-NAT": {"medie": 8.0, "reusita": 97.05882352941177, "cnt": 34}, "CHIMIE ORGANICA TEO NIVEL I/II": {"medie": 8.782352941176471, "reusita": 100.0, "cnt": 17}, "ISTORIE": {"medie": 8.29153846153846, "reusita": 100.0, "cnt": 65}, "LOGICA, ARGUMENTARE SI COMUNICARE": {"medie": 9.137500000000001, "reusita": 100.0, "cnt": 12}, "MATEMATICA MATE-INFO": {"medie": 9.092672413793101, "reusita": 100.0, "cnt": 116}, "INFORMATICA MI C/C++": {"medie": 8.700000000000001, "reusita": 100.0, "cnt": 11}, "GEOGRAFIE": {"medie": 8.84324324324324, "reusita": 100.0, "cnt": 37}, "ANATOMIE SI FIZIOLOGIE UMANA, GENETICA SI ECOLOGIE UMANA": {"medie": 8.896296296296295, "reusita": 100.0, "cnt": 54}, "FIZICA TEO": {"medie": 9.024999999999999, "reusita": 100.0, "cnt": 52}, "SOCIOLOGIE": {"medie": 8.483333333333333, "reusita": 100.0, "cnt": 3}, "CHIMIE ANORGANICA TEO NIVEL I/II": {"medie": 10.0, "reusita": 100.0, "cnt": 1}, "PSIHOLOGIE": {"medie": 8.8625, "reusita": 100.0, "cnt": 4}, "ECONOMIE": {"medie": 9.133333333333333, "reusita": 100.0, "cnt": 9}}, "nume": "COLEGIUL NATIONAL \"MIHAI VITEAZUL\" SLOBOZIA\tIalomi\u021ba"}