{"specializari": {"MATEMATICA-INFORMATICA": 78, "STIINTE SOCIALE": 36, "FILOLOGIE": 35, "STIINTE ALE NATURII": 33}, "limba_moderna": {"LIMBA ENGLEZA": 173, "LIMBA FRANCEZA": 9}, "limba_materna": {"LIMBA ROMANA": 182}, "promotie_anterioara": {"NU": 181, "DA": 1}, "materii": {"LIMBA ROMANA": {"medie": 8.56346153846154, "reusita": 100.0, "cnt": 182}, "GENERAL": {"medie": 8.890659340659337, "reusita": 99.45054945054946, "cnt": 182}, "MATEMATICA ST-NAT": {"medie": 9.068181818181818, "reusita": 100.0, "cnt": 33}, "CHIMIE ORGANICA TEO NIVEL I/II": {"medie": 8.955555555555556, "reusita": 96.29629629629629, "cnt": 27}, "ISTORIE": {"medie": 8.56056338028169, "reusita": 100.0, "cnt": 71}, "LOGICA, ARGUMENTARE SI COMUNICARE": {"medie": 9.18857142857143, "reusita": 100.0, "cnt": 35}, "MATEMATICA MATE-INFO": {"medie": 9.344871794871798, "reusita": 100.0, "cnt": 78}, "INFORMATICA MI C/C++": {"medie": 9.30625, "reusita": 100.0, "cnt": 24}, "GEOGRAFIE": {"medie": 9.09230769230769, "reusita": 100.0, "cnt": 26}, "ANATOMIE SI FIZIOLOGIE UMANA, GENETICA SI ECOLOGIE UMANA": {"medie": 9.052439024390244, "reusita": 100.0, "cnt": 41}, "FIZICA TEO": {"medie": 9.094736842105263, "reusita": 100.0, "cnt": 19}, "SOCIOLOGIE": {"medie": 9.5, "reusita": 100.0, "cnt": 2}, "PSIHOLOGIE": {"medie": 8.6, "reusita": 100.0, "cnt": 1}, "ECONOMIE": {"medie": 9.183333333333332, "reusita": 100.0, "cnt": 6}, "FILOSOFIE": {"medie": 10.0, "reusita": 100.0, "cnt": 1}}, "nume": "COLEGIUL NATIONAL \"PETRU RARES\", MUNICIPIUL PIATRA-NEAMT\tNeam\u021b"}