{"specializari": {"TEHNICIAN MECATRONIST": 12, "TEHNICIAN ELECTRICIAN/ELECTRONIST AUTO": 8, "TEHNICIAN IN AUTOMATIZARI": 14, "STIINTE ALE NATURII": 8, "TEHNICIAN DESENATOR PENTRU CONSTRUCTII SI INSTALATII": 3, "TEHNICIAN IN INSTALATII ELECTRICE": 1, "TEHNICIAN MECANIC PENTRU INTRETINERE SI REPARATII": 1}, "limba_moderna": {"LIMBA ENGLEZA": 43, "LIMBA FRANCEZA": 4}, "limba_materna": {"LIMBA ROMANA": 47}, "promotie_anterioara": {"NU": 36, "DA": 11}, "materii": {"LIMBA ROMANA": {"medie": 6.102173913043477, "reusita": 78.72340425531915, "cnt": 47}, "MATEMATICA TEHN": {"medie": 5.031081081081081, "reusita": 53.84615384615385, "cnt": 39}, "BIOLOGIE VEGETALA SI ANIMALA": {"medie": 4.838235294117647, "reusita": 44.44444444444444, "cnt": 36}, "GENERAL": {"medie": 5.427651515151515, "reusita": 34.04255319148936, "cnt": 47}, "MATEMATICA ST-NAT": {"medie": 5.5, "reusita": 75.0, "cnt": 8}, "ANATOMIE SI FIZIOLOGIE UMANA, GENETICA SI ECOLOGIE UMANA": {"medie": 6.916666666666667, "reusita": 66.66666666666666, "cnt": 6}, "FIZICA TEH": {"medie": 4.3999999999999995, "reusita": 66.66666666666666, "cnt": 3}, "CHIMIE ANORGANICA TEO NIVEL I/II": {"medie": 5.125, "reusita": 50.0, "cnt": 2}}, "nume": "COLEGIUL TEHNIC \"SAMUIL ISOPESCU\" SUCEAVA\tSuceava"}