{"specializari": {"MATEMATICA-INFORMATICA": 90, "STIINTE ALE NATURII": 122, "STIINTE SOCIALE": 43, "FILOLOGIE": 84}, "limba_moderna": {"LIMBA ENGLEZA": 264, "LIMBA FRANCEZA": 55, "LIMBA SPANIOLA": 18, "LIMBA GERMANA MODERNA": 2}, "limba_materna": {"LIMBA ROMANA": 339}, "promotie_anterioara": {"NU": 331, "DA": 8}, "materii": {"LIMBA ROMANA": {"medie": 8.010176991150447, "reusita": 98.82005899705014, "cnt": 339}, "BIOLOGIE VEGETALA SI ANIMALA": {"medie": 7.014444444444444, "reusita": 86.66666666666667, "cnt": 45}, "GENERAL": {"medie": 7.898372781065082, "reusita": 88.20058997050147, "cnt": 339}, "MATEMATICA ST-NAT": {"medie": 6.599173553719005, "reusita": 80.32786885245902, "cnt": 122}, "CHIMIE ORGANICA TEO NIVEL I/II": {"medie": 8.05, "reusita": 100.0, "cnt": 9}, "INFORMATICA SN C/C++": {"medie": 8.5, "reusita": 100.0, "cnt": 2}, "ISTORIE": {"medie": 7.607480314960631, "reusita": 99.21259842519686, "cnt": 127}, "LOGICA, ARGUMENTARE SI COMUNICARE": {"medie": 8.812500000000002, "reusita": 100.0, "cnt": 44}, "MATEMATICA MATE-INFO": {"medie": 8.715000000000003, "reusita": 96.66666666666667, "cnt": 90}, "INFORMATICA MI C/C++": {"medie": 9.46875, "reusita": 100.0, "cnt": 8}, "GEOGRAFIE": {"medie": 8.295, "reusita": 95.71428571428572, "cnt": 70}, "ANATOMIE SI FIZIOLOGIE UMANA, GENETICA SI ECOLOGIE UMANA": {"medie": 7.614210526315787, "reusita": 88.42105263157895, "cnt": 95}, "FIZICA TEO": {"medie": 8.900999999999998, "reusita": 98.0, "cnt": 50}, "SOCIOLOGIE": {"medie": 8.775, "reusita": 100.0, "cnt": 2}, "CHIMIE ANORGANICA TEO NIVEL I/II": {"medie": 9.033333333333333, "reusita": 100.0, "cnt": 3}, "PSIHOLOGIE": {"medie": 8.1, "reusita": 100.0, "cnt": 4}, "ECONOMIE": {"medie": 9.014285714285714, "reusita": 100.0, "cnt": 7}}, "nume": "COLEGIUL NATIONAL \"ION MINULESCU\" SLATINA\tOlt"}