{"specializari": {"TEHNICIAN IN ACHIZITII SI CONTRACTARI": 49, "TEHNICIAN IN GASTRONOMIE": 26, "TEHNICIAN IN TURISM": 45, "ORGANIZATOR BANQUETING": 28, "TEHNICIAN IN HOTELARIE": 5, "TEHNICIAN IN ACTIVITATI DE COMERT": 5, "TEHNICIAN IN ACTIVITATI ECONOMICE": 57}, "limba_moderna": {"LIMBA FRANCEZA": 6, "LIMBA ENGLEZA": 202, "LIMBA ITALIANA": 7}, "limba_materna": {"LIMBA ROMANA": 215}, "promotie_anterioara": {"NU": 176, "DA": 39}, "materii": {"LIMBA ROMANA": {"medie": 7.034449760765551, "reusita": 90.69767441860465, "cnt": 215}, "MATEMATICA TEHN": {"medie": 6.745853658536585, "reusita": 78.13953488372093, "cnt": 215}, "GENERAL": {"medie": 6.868399339933995, "reusita": 66.97674418604652, "cnt": 215}, "GEOGRAFIE": {"medie": 6.753414634146343, "reusita": 87.26415094339622, "cnt": 212}, "ECONOMIE": {"medie": 4.666666666666667, "reusita": 66.66666666666666, "cnt": 3}}, "nume": "COLEGIUL ECONOMIC \"HERMES\" PETROSANI\tHunedoara"}