{"specializari": {"MATEMATICA-INFORMATICA": 50, "TEHNICIAN IN ACTIVITATI DE COMERT": 43, "TEHNICIAN IN TURISM": 72, "TEHNICIAN IN GASTRONOMIE": 20, "TEHNICIAN IN ACTIVITATI ECONOMICE": 175, "TEHNICIAN IN ADMINISTRATIE": 25}, "limba_moderna": {"LIMBA FRANCEZA": 87, "LIMBA ENGLEZA": 298}, "limba_materna": {"LIMBA ROMANA": 385}, "promotie_anterioara": {"NU": 368, "DA": 17}, "materii": {"LIMBA ROMANA": {"medie": 7.468193717277487, "reusita": 98.96103896103897, "cnt": 385}, "MATEMATICA TEHN": {"medie": 7.805757575757575, "reusita": 93.43283582089552, "cnt": 335}, "GENERAL": {"medie": 7.754089709762542, "reusita": 90.9090909090909, "cnt": 385}, "LOGICA, ARGUMENTARE SI COMUNICARE": {"medie": 8.240506329113927, "reusita": 97.5, "cnt": 80}, "MATEMATICA MATE-INFO": {"medie": 8.265999999999998, "reusita": 100.0, "cnt": 50}, "INFORMATICA MI C/C++": {"medie": 8.086, "reusita": 100.0, "cnt": 25}, "GEOGRAFIE": {"medie": 7.7807692307692315, "reusita": 97.18875502008032, "cnt": 249}, "ANATOMIE SI FIZIOLOGIE UMANA, GENETICA SI ECOLOGIE UMANA": {"medie": 7.740909090909091, "reusita": 100.0, "cnt": 22}, "FIZICA TEO": {"medie": 7.366666666666667, "reusita": 100.0, "cnt": 3}, "PSIHOLOGIE": {"medie": 6.65, "reusita": 100.0, "cnt": 1}, "ECONOMIE": {"medie": 7.659999999999999, "reusita": 100.0, "cnt": 5}}, "nume": "COLEGIUL ECONOMIC \"DIMITRIE CANTEMIR\" SUCEAVA\tSuceava"}