{"specializari": {"TEHNICIAN IN GASTRONOMIE": 63, "TEHNICIAN IN MORARIT, PANIFICATIE SI PRODUSE FAINOASE": 18, "TEHNICIAN ANALIZE PRODUSE ALIMENTARE": 27, "TEHNICIAN IN INDUSTRIA ALIMENTARA": 18, "TEHNICIAN IN PRELUCRAREA PRODUSELOR DE ORIGINE ANIMALA": 17, "TEHNICIAN IN IND. ALIM. FERMENTATIVA SI IN PREL. LEGUMELOR SI FRUCTELOR": 13, "TEHNICIAN IN TURISM": 1}, "limba_moderna": {"LIMBA ENGLEZA": 128, "LIMBA FRANCEZA": 29}, "limba_materna": {"LIMBA ROMANA": 157}, "promotie_anterioara": {"NU": 111, "DA": 46}, "materii": {"LIMBA ROMANA": {"medie": 6.147058823529413, "reusita": 78.98089171974523, "cnt": 157}, "MATEMATICA TEHN": {"medie": 7.224671052631576, "reusita": 87.26114649681529, "cnt": 157}, "BIOLOGIE VEGETALA SI ANIMALA": {"medie": 6.15, "reusita": 100.0, "cnt": 2}, "GENERAL": {"medie": 6.72902869757174, "reusita": 64.3312101910828, "cnt": 157}, "GEOGRAFIE": {"medie": 7.786290322580646, "reusita": 98.38709677419355, "cnt": 62}, "ANATOMIE SI FIZIOLOGIE UMANA, GENETICA SI ECOLOGIE UMANA": {"medie": 5.984666666666666, "reusita": 77.5, "cnt": 80}, "ECONOMIE": {"medie": 4.025, "reusita": 0.0, "cnt": 2}, "CHIMIE ANORGANICA TEH NIVEL I/II": {"medie": 5.6, "reusita": 100.0, "cnt": 1}, "CHIMIE ORGANICA TEH NIVEL I/II": {"medie": 6.685, "reusita": 100.0, "cnt": 10}}, "nume": "COLEGIUL DE INDUSTRIE ALIMENTARA \"ELENA DOAMNA\", LOCALITATEA GALATI\tGala\u021bi"}