{"specializari": {"MATEMATICA-INFORMATICA": 175, "FILOLOGIE": 32}, "limba_moderna": {"LIMBA ENGLEZA": 198, "LIMBA FRANCEZA": 9}, "limba_materna": {"LIMBA ROMANA": 207}, "promotie_anterioara": {"NU": 206, "DA": 1}, "materii": {"LIMBA ROMANA": {"medie": 8.342512077294687, "reusita": 100.0, "cnt": 207}, "GENERAL": {"medie": 8.60112721417069, "reusita": 99.51690821256038, "cnt": 207}, "CHIMIE ORGANICA TEO NIVEL I/II": {"medie": 8.110714285714286, "reusita": 100.0, "cnt": 14}, "ISTORIE": {"medie": 8.43125, "reusita": 100.0, "cnt": 32}, "LOGICA, ARGUMENTARE SI COMUNICARE": {"medie": 9.141176470588235, "reusita": 100.0, "cnt": 17}, "MATEMATICA MATE-INFO": {"medie": 8.94085714285714, "reusita": 100.0, "cnt": 175}, "INFORMATICA MI C/C++": {"medie": 8.556521739130435, "reusita": 100.0, "cnt": 69}, "GEOGRAFIE": {"medie": 9.1, "reusita": 100.0, "cnt": 9}, "ANATOMIE SI FIZIOLOGIE UMANA, GENETICA SI ECOLOGIE UMANA": {"medie": 8.676363636363632, "reusita": 100.0, "cnt": 55}, "FIZICA TEO": {"medie": 8.501351351351351, "reusita": 100.0, "cnt": 37}, "SOCIOLOGIE": {"medie": 7.2, "reusita": 100.0, "cnt": 1}, "ECONOMIE": {"medie": 7.083333333333333, "reusita": 66.66666666666666, "cnt": 3}, "FILOSOFIE": {"medie": 9.25, "reusita": 100.0, "cnt": 2}}, "nume": "COLEGIUL NATIONAL \"MIHAIL KOGALNICEANU\", LOCALITATEA GALATI\tGala\u021bi"}