{"specializari": {"TEHNICIAN IN ACTIVITATI ECONOMICE": 30, "INVATATOR - EDUCATOARE": 27, "TEHNICIAN IN INSTALATII ELECTRICE": 22, "TEHNICIAN IN AUTOMATIZARI": 5, "TEHNICIAN INSTALATOR PENTRU CONSTRUCTII": 12, "TEHNICIAN IN PRELUCRAREA LEMNULUI": 4, "TEHNICIAN MECANIC PENTRU INTRETINERE SI REPARATII": 1}, "limba_moderna": {"LIMBA ENGLEZA": 101}, "limba_materna": {"LIMBA ROMANA": 101}, "promotie_anterioara": {"NU": 91, "DA": 10}, "materii": {"LIMBA ROMANA": {"medie": 5.39896907216495, "reusita": 62.37623762376238, "cnt": 101}, "MATEMATICA TEHN": {"medie": 5.393661971830988, "reusita": 56.75675675675676, "cnt": 74}, "BIOLOGIE VEGETALA SI ANIMALA": {"medie": 3.94, "reusita": 35.0, "cnt": 40}, "GENERAL": {"medie": 5.706737588652482, "reusita": 42.57425742574257, "cnt": 101}, "GEOGRAFIE": {"medie": 7.466071428571428, "reusita": 96.49122807017544, "cnt": 57}, "MATEMATICA PED": {"medie": 5.722222222222223, "reusita": 70.37037037037037, "cnt": 27}, "FIZICA TEH": {"medie": 4.75, "reusita": 50.0, "cnt": 4}}, "nume": "COLEGIUL NATIONAL \"MIHAI EMINESCU\" TOPLITA\tHarghita"}