{"specializari": {"TEHNICIAN IN ADMINISTRATIE": 29, "TEHNICIAN IN ACTIVITATI ECONOMICE": 126, "TEHNICIAN IN TURISM": 134, "TEHNICIAN IN ACHIZITII SI CONTRACTARI": 68, "TEHNICIAN IN GASTRONOMIE": 1, "TEHNICIAN IN HOTELARIE": 2}, "limba_moderna": {"LIMBA ENGLEZA": 335, "LIMBA FRANCEZA": 25}, "limba_materna": {"LIMBA ROMANA": 360}, "promotie_anterioara": {"NU": 328, "DA": 32}, "materii": {"LIMBA ROMANA": {"medie": 6.482028985507243, "reusita": 84.16666666666667, "cnt": 360}, "MATEMATICA TEHN": {"medie": 5.28654970760234, "reusita": 59.72222222222222, "cnt": 360}, "GENERAL": {"medie": 6.093224530168146, "reusita": 50.27777777777778, "cnt": 360}, "GEOGRAFIE": {"medie": 6.543906250000001, "reusita": 78.91566265060241, "cnt": 332}, "PSIHOLOGIE": {"medie": 2.1500000000000004, "reusita": 0.0, "cnt": 8}, "ECONOMIE": {"medie": 5.126315789473686, "reusita": 45.0, "cnt": 20}}, "nume": "COLEGIUL NATIONAL ECONOMIC \"THEODOR COSTESCU\"\tMehedin\u021bi"}