{"specializari": {"STIINTE ALE NATURII": 72, "MATEMATICA-INFORMATICA": 35, "TEHNICIAN ECOLOG SI PROTECTIA CALITATII MEDIULUI": 1}, "limba_moderna": {"LIMBA ENGLEZA": 106, "LIMBA FRANCEZA": 2}, "limba_materna": {"LIMBA ROMANA": 108}, "promotie_anterioara": {"NU": 96, "DA": 12}, "materii": {"LIMBA ROMANA": {"medie": 8.135185185185183, "reusita": 100.0, "cnt": 108}, "MATEMATICA TEHN": {"medie": 2.15, "reusita": 0.0, "cnt": 1}, "BIOLOGIE VEGETALA SI ANIMALA": {"medie": 8.584615384615383, "reusita": 92.85714285714286, "cnt": 14}, "GENERAL": {"medie": 8.033489096573206, "reusita": 91.66666666666666, "cnt": 108}, "MATEMATICA ST-NAT": {"medie": 7.86111111111111, "reusita": 97.22222222222221, "cnt": 72}, "CHIMIE ORGANICA TEO NIVEL I/II": {"medie": 8.9, "reusita": 100.0, "cnt": 1}, "MATEMATICA MATE-INFO": {"medie": 7.712857142857143, "reusita": 100.0, "cnt": 35}, "INFORMATICA MI C/C++": {"medie": 6.665625, "reusita": 100.0, "cnt": 16}, "ANATOMIE SI FIZIOLOGIE UMANA, GENETICA SI ECOLOGIE UMANA": {"medie": 8.431506849315069, "reusita": 98.63013698630137, "cnt": 73}, "CHIMIE ANORGANICA TEO NIVEL I/II": {"medie": 7.574999999999999, "reusita": 100.0, "cnt": 4}}, "nume": "COLEGIUL DE STIINTE \"GRIGORE ANTIPA\" BRASOV\tBra\u0219ov"}