{"specializari": {"MATEMATICA-INFORMATICA": 147, "STIINTE ALE NATURII": 35, "STIINTE SOCIALE": 45}, "limba_moderna": {"LIMBA SPANIOLA": 14, "LIMBA ENGLEZA": 193, "LIMBA GERMANA MODERNA": 8, "LIMBA FRANCEZA": 12}, "limba_materna": {"LIMBA ROMANA": 227}, "promotie_anterioara": {"NU": 226, "DA": 1}, "materii": {"LIMBA ROMANA": {"medie": 8.381497797356827, "reusita": 99.55947136563876, "cnt": 227}, "GENERAL": {"medie": 8.622173274596177, "reusita": 98.23788546255507, "cnt": 227}, "MATEMATICA ST-NAT": {"medie": 8.594285714285713, "reusita": 97.14285714285714, "cnt": 35}, "CHIMIE ORGANICA TEO NIVEL I/II": {"medie": 8.93888888888889, "reusita": 100.0, "cnt": 27}, "ISTORIE": {"medie": 8.022222222222224, "reusita": 97.77777777777777, "cnt": 45}, "LOGICA, ARGUMENTARE SI COMUNICARE": {"medie": 8.84, "reusita": 100.0, "cnt": 30}, "MATEMATICA MATE-INFO": {"medie": 8.881632653061223, "reusita": 100.0, "cnt": 147}, "INFORMATICA MI C/C++": {"medie": 9.00952380952381, "reusita": 100.0, "cnt": 42}, "GEOGRAFIE": {"medie": 7.738888888888888, "reusita": 88.88888888888889, "cnt": 9}, "ANATOMIE SI FIZIOLOGIE UMANA, GENETICA SI ECOLOGIE UMANA": {"medie": 8.968181818181819, "reusita": 100.0, "cnt": 99}, "FIZICA TEO": {"medie": 8.230769230769228, "reusita": 100.0, "cnt": 13}, "CHIMIE ANORGANICA TEO NIVEL I/II": {"medie": 9.0, "reusita": 100.0, "cnt": 1}, "PSIHOLOGIE": {"medie": 6.8, "reusita": 100.0, "cnt": 1}, "ECONOMIE": {"medie": 6.8374999999999995, "reusita": 100.0, "cnt": 4}, "FILOSOFIE": {"medie": 9.1, "reusita": 100.0, "cnt": 1}}, "nume": "COLEGIUL NATIONAL \"STEFAN CEL MARE\" SUCEAVA\tSuceava"}