{"specializari": {"TEHNICIAN IN ACTIVITATI ECONOMICE": 53, "TEHNICIAN IN ACTIVITATI DE COMERT": 54, "TEHNICIAN IN TURISM": 58, "ORGANIZATOR BANQUETING": 36, "TEHNICIAN IN GASTRONOMIE": 37, "TEHNICIAN IN ADMINISTRATIE": 5, "TEHNICIAN ECOLOG SI PROTECTIA CALITATII MEDIULUI": 1}, "limba_moderna": {"LIMBA ENGLEZA": 240, "LIMBA FRANCEZA": 4}, "limba_materna": {"LIMBA ROMANA": 244}, "promotie_anterioara": {"NU": 189, "DA": 55}, "materii": {"LIMBA ROMANA": {"medie": 5.3531914893617, "reusita": 69.67213114754098, "cnt": 244}, "MATEMATICA TEHN": {"medie": 5.448484848484842, "reusita": 61.065573770491795, "cnt": 244}, "BIOLOGIE VEGETALA SI ANIMALA": {"medie": 2.0, "reusita": 0.0, "cnt": 1}, "GENERAL": {"medie": 5.760988200589968, "reusita": 40.57377049180328, "cnt": 244}, "LOGICA, ARGUMENTARE SI COMUNICARE": {"medie": 6.786666666666668, "reusita": 80.37383177570094, "cnt": 107}, "GEOGRAFIE": {"medie": 5.931666666666666, "reusita": 68.9922480620155, "cnt": 129}, "PSIHOLOGIE": {"medie": 3.6, "reusita": 0.0, "cnt": 1}, "ECONOMIE": {"medie": 7.400000000000001, "reusita": 83.33333333333334, "cnt": 6}}, "nume": "COLEGIUL ECONOMIC MANGALIA\tConstan\u021ba"}