{"specializari": {"MUZICA": 58, "ARTE PLASTICE SI DECORATIVE": 56, "COREGRAFIE": 23, "ARTA ACTORULUI": 24, "ARHITECTURA, ARTE AMBIENTALE SI DESIGN": 30}, "limba_moderna": {"LIMBA ENGLEZA": 181, "LIMBA GERMANA MODERNA": 3, "LIMBA ITALIANA": 7}, "limba_materna": {"LIMBA ROMANA": 191}, "promotie_anterioara": {"NU": 171, "DA": 20}, "materii": {"LIMBA ROMANA": {"medie": 7.645238095238093, "reusita": 97.38219895287958, "cnt": 191}, "GENERAL": {"medie": 7.480107526881719, "reusita": 85.86387434554975, "cnt": 191}, "ISTORIE": {"medie": 7.110789473684211, "reusita": 96.8586387434555, "cnt": 191}, "LOGICA, ARGUMENTARE SI COMUNICARE": {"medie": 8.816666666666668, "reusita": 100.0, "cnt": 3}, "GEOGRAFIE": {"medie": 7.591061452513967, "reusita": 97.23756906077348, "cnt": 181}, "PSIHOLOGIE": {"medie": 6.762499999999999, "reusita": 75.0, "cnt": 4}, "ECONOMIE": {"medie": 4.0, "reusita": 0.0, "cnt": 1}, "FILOSOFIE": {"medie": 6.5, "reusita": 100.0, "cnt": 2}}, "nume": "COLEGIUL NATIONAL DE ARTA \"OCTAV BANCILA\", IASI\tIa\u0219i"}