{"specializari": {"MATEMATICA-INFORMATICA": 58, "FILOLOGIE": 38, "STIINTE SOCIALE": 36, "STIINTE ALE NATURII": 1, "TEHNICIAN IN ACTIVITATI ECONOMICE": 1}, "limba_moderna": {"LIMBA FRANCEZA": 5, "LIMBA ENGLEZA": 129}, "limba_materna": {"LIMBA ROMANA": 133, "LIMBA MAGHIARA": 1}, "promotie_anterioara": {"NU": 127, "DA": 7}, "materii": {"LIMBA ROMANA": {"medie": 6.909328358208955, "reusita": 85.07462686567165, "cnt": 134}, "MATEMATICA TEHN": {"medie": 1.1, "reusita": 0.0, "cnt": 1}, "BIOLOGIE VEGETALA SI ANIMALA": {"medie": 7.553125, "reusita": 87.5, "cnt": 16}, "GENERAL": {"medie": 7.125342039800992, "reusita": 75.3731343283582, "cnt": 134}, "MATEMATICA ST-NAT": {"medie": 5.25, "reusita": 100.0, "cnt": 1}, "CHIMIE ORGANICA TEO NIVEL I/II": {"medie": 8.325, "reusita": 100.0, "cnt": 2}, "ISTORIE": {"medie": 6.999324324324326, "reusita": 100.0, "cnt": 74}, "LOGICA, ARGUMENTARE SI COMUNICARE": {"medie": 9.100000000000001, "reusita": 100.0, "cnt": 11}, "MATEMATICA MATE-INFO": {"medie": 7.512068965517241, "reusita": 93.10344827586206, "cnt": 58}, "INFORMATICA MI C/C++": {"medie": 7.412499999999999, "reusita": 100.0, "cnt": 8}, "GEOGRAFIE": {"medie": 7.011718749999998, "reusita": 96.875, "cnt": 64}, "ANATOMIE SI FIZIOLOGIE UMANA, GENETICA SI ECOLOGIE UMANA": {"medie": 7.021212121212123, "reusita": 90.9090909090909, "cnt": 33}, "LIMBA MAGHIARA (UMAN)": {"medie": 7.35, "reusita": 100.0, "cnt": 1}}, "nume": "COLEGIUL NATIONAL \"ARANY JANOS\" SALONTA\tBihor"}