{"specializari": {"TEHNICIAN PROIECTANT CAD": 16, "TEHNICIAN OPERATOR TEHNICA DE CALCUL": 8, "TEHNICIAN DESIGNER VESTIMENTAR": 36, "TEHNICIAN IN INDUSTRIA TEXTILA": 15, "MATEMATICA-INFORMATICA": 60}, "limba_moderna": {"LIMBA ENGLEZA": 125, "LIMBA FRANCEZA": 10}, "limba_materna": {"LIMBA ROMANA": 135}, "promotie_anterioara": {"DA": 53, "NU": 82}, "materii": {"LIMBA ROMANA": {"medie": 5.786752136752136, "reusita": 72.5925925925926, "cnt": 135}, "MATEMATICA TEHN": {"medie": 5.290909090909092, "reusita": 64.0, "cnt": 75}, "BIOLOGIE VEGETALA SI ANIMALA": {"medie": 4.665476190476193, "reusita": 45.09803921568628, "cnt": 102}, "GENERAL": {"medie": 5.179545454545453, "reusita": 23.703703703703706, "cnt": 135}, "MATEMATICA MATE-INFO": {"medie": 4.305208333333334, "reusita": 43.333333333333336, "cnt": 60}, "ANATOMIE SI FIZIOLOGIE UMANA, GENETICA SI ECOLOGIE UMANA": {"medie": 4.908333333333333, "reusita": 50.0, "cnt": 6}, "FIZICA TEO": {"medie": 4.775, "reusita": 50.0, "cnt": 2}, "FIZICA TEH": {"medie": 4.540909090909091, "reusita": 72.72727272727273, "cnt": 11}, "CHIMIE ANORGANICA TEO NIVEL I/II": {"medie": 4.525, "reusita": 50.0, "cnt": 4}, "CHIMIE ANORGANICA TEH NIVEL I/II": {"medie": 5.071428571428571, "reusita": 55.55555555555556, "cnt": 9}, "INFORMATICA MI PASCAL": {"medie": 5.9, "reusita": 100.0, "cnt": 1}}, "nume": "COLEGIUL TEHNIC \"GHEORGHE ASACHI\"\tBucure\u0219ti"}