{"specializari": {"TEHNICIAN IN ACTIVITATI ECONOMICE": 21, "TEHNICIAN IN ACHIZITII SI CONTRACTARI": 36}, "limba_moderna": {"LIMBA ENGLEZA": 56, "LIMBA FRANCEZA": 1}, "limba_materna": {"LIMBA ROMANA": 57}, "promotie_anterioara": {"NU": 55, "DA": 2}, "materii": {"LIMBA ROMANA": {"medie": 7.555263157894738, "reusita": 100.0, "cnt": 57}, "MATEMATICA TEHN": {"medie": 8.271052631578947, "reusita": 96.49122807017544, "cnt": 57}, "GENERAL": {"medie": 8.127777777777778, "reusita": 94.73684210526315, "cnt": 57}, "LOGICA, ARGUMENTARE SI COMUNICARE": {"medie": 8.745918367346938, "reusita": 100.0, "cnt": 49}, "GEOGRAFIE": {"medie": 7.4, "reusita": 87.5, "cnt": 8}}, "nume": "COLEGIUL TEHNOLOGIC \"SPIRU HARET\", MUNICIPIUL PIATRA-NEAMT\tNeam\u021b"}