{"specializari": {"TEHNICIAN OPERATOR PROCESARE TEXT IMAGINE": 20, "TEHNICIAN OPERATOR TEHNICA DE CALCUL": 8, "TEHNICIAN ELECTROTEHNIST": 2, "TEHNICIAN IN AUTOMATIZARI": 3, "TEHNICIAN ELECTRONIST": 3, "TEHNICIAN ELECTRICIAN/ELECTRONIST AUTO": 3, "TEHNICIAN MECATRONIST": 1}, "limba_moderna": {"LIMBA ENGLEZA": 36, "LIMBA FRANCEZA": 4}, "limba_materna": {"LIMBA ROMANA": 33, "LIMBA MAGHIARA": 7}, "promotie_anterioara": {"NU": 23, "DA": 17}, "materii": {"LIMBA ROMANA": {"medie": 6.055, "reusita": 95.0, "cnt": 40}, "MATEMATICA TEHN": {"medie": 5.665000000000001, "reusita": 75.0, "cnt": 40}, "BIOLOGIE VEGETALA SI ANIMALA": {"medie": 5.437500000000001, "reusita": 63.63636363636363, "cnt": 33}, "GENERAL": {"medie": 5.674013157894737, "reusita": 42.5, "cnt": 40}, "FIZICA TEH": {"medie": 7.15, "reusita": 66.66666666666666, "cnt": 3}, "LIMBA MAGHIARA (REAL)": {"medie": 4.878571428571428, "reusita": 71.42857142857143, "cnt": 7}, "CHIMIE ANORGANICA TEH NIVEL I/II": {"medie": 3.5999999999999996, "reusita": 0.0, "cnt": 4}}, "nume": "COLEGIUL TEHNIC \"EDMOND NICOLAU\" CLUJ-NAPOCA\tCluj"}