{"specializari": {"INVATATOR - EDUCATOARE": 31, "MATEMATICA-INFORMATICA": 60, "FILOLOGIE": 35, "TEOLOGIE ORTODOXA": 21}, "limba_moderna": {"LIMBA ENGLEZA": 145, "LIMBA FRANCEZA": 2}, "limba_materna": {"LIMBA ROMANA": 147}, "promotie_anterioara": {"NU": 141, "DA": 6}, "materii": {"LIMBA ROMANA": {"medie": 8.295442176870749, "reusita": 98.63945578231292, "cnt": 147}, "BIOLOGIE VEGETALA SI ANIMALA": {"medie": 9.125641025641025, "reusita": 100.0, "cnt": 39}, "GENERAL": {"medie": 8.263786848072563, "reusita": 90.47619047619048, "cnt": 147}, "ISTORIE": {"medie": 7.083928571428573, "reusita": 91.07142857142857, "cnt": 56}, "LOGICA, ARGUMENTARE SI COMUNICARE": {"medie": 7.653846153846155, "reusita": 92.3076923076923, "cnt": 13}, "MATEMATICA MATE-INFO": {"medie": 8.664166666666667, "reusita": 96.66666666666667, "cnt": 60}, "INFORMATICA MI C/C++": {"medie": 9.025, "reusita": 100.0, "cnt": 6}, "GEOGRAFIE": {"medie": 7.810416666666666, "reusita": 91.66666666666666, "cnt": 48}, "ANATOMIE SI FIZIOLOGIE UMANA, GENETICA SI ECOLOGIE UMANA": {"medie": 9.149999999999999, "reusita": 100.0, "cnt": 13}, "FIZICA TEO": {"medie": 9.6, "reusita": 100.0, "cnt": 1}, "MATEMATICA PED": {"medie": 8.538709677419355, "reusita": 100.0, "cnt": 31}, "SOCIOLOGIE": {"medie": 8.570454545454547, "reusita": 100.0, "cnt": 22}, "CHIMIE ANORGANICA TEO NIVEL I/II": {"medie": 9.0, "reusita": 100.0, "cnt": 1}, "PSIHOLOGIE": {"medie": 8.0, "reusita": 100.0, "cnt": 2}, "FILOSOFIE": {"medie": 8.55, "reusita": 100.0, "cnt": 2}}, "nume": "COLEGIUL NATIONAL PEDAGOGIC \"CARMEN SYLVA\" TIMISOARA\tTimi\u0219"}