{"specializari": {"INVATATOR - EDUCATOARE": 31, "STIINTE ALE NATURII": 88, "FILOLOGIE": 64, "MATEMATICA-INFORMATICA": 26, "STIINTE SOCIALE": 38, "TEHNICIAN IN ACTIVITATI ECONOMICE": 31}, "limba_moderna": {"LIMBA ENGLEZA": 253, "LIMBA FRANCEZA": 24, "LIMBA GERMANA MODERNA": 1}, "limba_materna": {"LIMBA ROMANA": 216, "LIMBA MAGHIARA": 62}, "promotie_anterioara": {"NU": 270, "DA": 8}, "materii": {"LIMBA ROMANA": {"medie": 8.130434782608695, "reusita": 95.32374100719424, "cnt": 278}, "MATEMATICA TEHN": {"medie": 9.701612903225808, "reusita": 100.0, "cnt": 31}, "BIOLOGIE VEGETALA SI ANIMALA": {"medie": 9.040000000000001, "reusita": 100.0, "cnt": 5}, "GENERAL": {"medie": 8.201268115942025, "reusita": 90.28776978417267, "cnt": 278}, "MATEMATICA ST-NAT": {"medie": 8.239204545454546, "reusita": 97.72727272727273, "cnt": 88}, "CHIMIE ORGANICA TEO NIVEL I/II": {"medie": 8.752272727272727, "reusita": 100.0, "cnt": 22}, "INFORMATICA SN C/C++": {"medie": 8.65, "reusita": 100.0, "cnt": 2}, "ISTORIE": {"medie": 7.341666666666668, "reusita": 98.0392156862745, "cnt": 102}, "LOGICA, ARGUMENTARE SI COMUNICARE": {"medie": 9.358653846153848, "reusita": 100.0, "cnt": 52}, "MATEMATICA MATE-INFO": {"medie": 8.157692307692306, "reusita": 96.15384615384616, "cnt": 26}, "INFORMATICA MI C/C++": {"medie": 7.8687499999999995, "reusita": 87.5, "cnt": 8}, "GEOGRAFIE": {"medie": 7.75989010989011, "reusita": 95.6043956043956, "cnt": 91}, "ANATOMIE SI FIZIOLOGIE UMANA, GENETICA SI ECOLOGIE UMANA": {"medie": 8.554347826086952, "reusita": 100.0, "cnt": 69}, "FIZICA TEO": {"medie": 8.190000000000001, "reusita": 100.0, "cnt": 5}, "MATEMATICA PED": {"medie": 7.801612903225808, "reusita": 100.0, "cnt": 31}, "SOCIOLOGIE": {"medie": 6.466666666666666, "reusita": 100.0, "cnt": 3}, "CHIMIE ANORGANICA TEO NIVEL I/II": {"medie": 7.883333333333333, "reusita": 100.0, "cnt": 3}, "PSIHOLOGIE": {"medie": 7.583333333333333, "reusita": 100.0, "cnt": 6}, "LIMBA MAGHIARA (REAL)": {"medie": 8.216, "reusita": 100.0, "cnt": 25}, "LIMBA MAGHIARA (UMAN)": {"medie": 6.968918918918919, "reusita": 100.0, "cnt": 37}, "FILOSOFIE": {"medie": 7.012499999999998, "reusita": 91.66666666666666, "cnt": 12}}, "nume": "COLEGIUL NATIONAL \"ANDREI MURESANU\" BISTRITA\tBistri\u021ba-N\u0103s\u0103ud"}