{"specializari": {"MATEMATICA-INFORMATICA": 31, "STIINTE ALE NATURII": 31, "STIINTE SOCIALE": 33, "FILOLOGIE": 35}, "limba_moderna": {"LIMBA ENGLEZA": 128, "LIMBA FRANCEZA": 2}, "limba_materna": {"LIMBA ROMANA": 130}, "promotie_anterioara": {"NU": 123, "DA": 7}, "materii": {"LIMBA ROMANA": {"medie": 7.824615384615384, "reusita": 98.46153846153847, "cnt": 130}, "BIOLOGIE VEGETALA SI ANIMALA": {"medie": 6.425, "reusita": 66.66666666666666, "cnt": 6}, "GENERAL": {"medie": 8.005128205128205, "reusita": 89.23076923076924, "cnt": 130}, "MATEMATICA ST-NAT": {"medie": 7.5693548387096765, "reusita": 96.7741935483871, "cnt": 31}, "CHIMIE ORGANICA TEO NIVEL I/II": {"medie": 9.2, "reusita": 100.0, "cnt": 2}, "ISTORIE": {"medie": 7.234558823529412, "reusita": 92.64705882352942, "cnt": 68}, "LOGICA, ARGUMENTARE SI COMUNICARE": {"medie": 8.68888888888889, "reusita": 100.0, "cnt": 63}, "MATEMATICA MATE-INFO": {"medie": 8.68548387096774, "reusita": 100.0, "cnt": 31}, "GEOGRAFIE": {"medie": 7.875, "reusita": 100.0, "cnt": 2}, "ANATOMIE SI FIZIOLOGIE UMANA, GENETICA SI ECOLOGIE UMANA": {"medie": 8.548214285714286, "reusita": 100.0, "cnt": 28}, "FIZICA TEO": {"medie": 8.5, "reusita": 100.0, "cnt": 16}, "CHIMIE ANORGANICA TEO NIVEL I/II": {"medie": 9.0625, "reusita": 100.0, "cnt": 4}, "INFORMATICA MI PASCAL": {"medie": 8.308333333333332, "reusita": 100.0, "cnt": 6}, "FILOSOFIE": {"medie": 9.133333333333333, "reusita": 100.0, "cnt": 3}}, "nume": "COLEGIUL NATIONAL \"TITU MAIORESCU\" AIUD\tAlba"}