{"specializari": {"TEHNICIAN IN ACTIVITATI ECONOMICE": 86, "TEHNICIAN IN GASTRONOMIE": 59, "TEHNICIAN IN TURISM": 26, "TEHNICIAN IN ADMINISTRATIE": 13, "TEHNICIAN IN ACTIVITATI DE COMERT": 27}, "limba_moderna": {"LIMBA ENGLEZA": 175, "LIMBA FRANCEZA": 31, "LIMBA RUSA": 5}, "limba_materna": {"LIMBA ROMANA": 211}, "promotie_anterioara": {"NU": 193, "DA": 18}, "materii": {"LIMBA ROMANA": {"medie": 7.703571428571422, "reusita": 98.5781990521327, "cnt": 211}, "MATEMATICA TEHN": {"medie": 7.6830143540669855, "reusita": 94.3127962085308, "cnt": 211}, "GENERAL": {"medie": 7.5880608974358985, "reusita": 86.25592417061611, "cnt": 211}, "LOGICA, ARGUMENTARE SI COMUNICARE": {"medie": 9.3, "reusita": 100.0, "cnt": 1}, "GEOGRAFIE": {"medie": 7.282663316582915, "reusita": 96.51741293532339, "cnt": 201}, "ECONOMIE": {"medie": 8.411111111111111, "reusita": 100.0, "cnt": 9}}, "nume": "COLEGIUL ECONOMIC \"DELTA DUNARII\" TULCEA\tTulcea"}