{"specializari": {"TEHNICIAN DESIGNER VESTIMENTAR": 32, "TEHNICIAN IN TURISM": 16, "ORGANIZATOR BANQUETING": 6, "TEHNICIAN IN INDUSTRIA TEXTILA": 6, "TEHNICIAN IN HOTELARIE": 4, "TEHNICIAN IN GASTRONOMIE": 33}, "limba_moderna": {"LIMBA ENGLEZA": 86, "LIMBA FRANCEZA": 11}, "limba_materna": {"LIMBA ROMANA": 97}, "promotie_anterioara": {"DA": 43, "NU": 54}, "materii": {"LIMBA ROMANA": {"medie": 5.9044444444444455, "reusita": 80.41237113402062, "cnt": 97}, "MATEMATICA TEHN": {"medie": 4.9604395604395615, "reusita": 62.88659793814433, "cnt": 97}, "BIOLOGIE VEGETALA SI ANIMALA": {"medie": 4.825999999999999, "reusita": 51.85185185185185, "cnt": 27}, "GENERAL": {"medie": 5.5745210727969345, "reusita": 37.11340206185567, "cnt": 97}, "GEOGRAFIE": {"medie": 6.261111111111112, "reusita": 77.96610169491525, "cnt": 59}, "FIZICA TEH": {"medie": 5.17, "reusita": 80.0, "cnt": 10}, "CHIMIE ANORGANICA TEH NIVEL I/II": {"medie": 6.4, "reusita": 100.0, "cnt": 1}}, "nume": "COLEGIUL TEHNIC \"GHEORGHE ASACHI\" FOCSANI\tVrancea"}