{"specializari": {"MATEMATICA-INFORMATICA": 103, "STIINTE ALE NATURII": 33, "FILOLOGIE": 33}, "limba_moderna": {"LIMBA ENGLEZA": 151, "LIMBA FRANCEZA": 16, "LIMBA GERMANA MODERNA": 2}, "limba_materna": {"LIMBA ROMANA": 169}, "promotie_anterioara": {"NU": 167, "DA": 2}, "materii": {"LIMBA ROMANA": {"medie": 8.563609467455622, "reusita": 99.40828402366864, "cnt": 169}, "BIOLOGIE VEGETALA SI ANIMALA": {"medie": 8.290740740740741, "reusita": 100.0, "cnt": 27}, "GENERAL": {"medie": 8.576331360946748, "reusita": 97.63313609467455, "cnt": 169}, "MATEMATICA ST-NAT": {"medie": 7.933333333333334, "reusita": 93.93939393939394, "cnt": 33}, "CHIMIE ORGANICA TEO NIVEL I/II": {"medie": 8.702380952380953, "reusita": 100.0, "cnt": 42}, "ISTORIE": {"medie": 8.556060606060607, "reusita": 100.0, "cnt": 33}, "LOGICA, ARGUMENTARE SI COMUNICARE": {"medie": 8.2, "reusita": 100.0, "cnt": 2}, "MATEMATICA MATE-INFO": {"medie": 8.976699029126214, "reusita": 100.0, "cnt": 103}, "INFORMATICA MI C/C++": {"medie": 8.889999999999999, "reusita": 100.0, "cnt": 10}, "GEOGRAFIE": {"medie": 8.211764705882354, "reusita": 100.0, "cnt": 17}, "ANATOMIE SI FIZIOLOGIE UMANA, GENETICA SI ECOLOGIE UMANA": {"medie": 8.5625, "reusita": 100.0, "cnt": 12}, "FIZICA TEO": {"medie": 8.45238095238095, "reusita": 97.61904761904762, "cnt": 42}, "SOCIOLOGIE": {"medie": 7.6, "reusita": 100.0, "cnt": 4}, "CHIMIE ANORGANICA TEO NIVEL I/II": {"medie": 9.583333333333334, "reusita": 100.0, "cnt": 3}, "PSIHOLOGIE": {"medie": 7.874999999999999, "reusita": 100.0, "cnt": 6}, "ECONOMIE": {"medie": 8.45, "reusita": 100.0, "cnt": 4}}, "nume": "COLEGIUL NATIONAL \"NICOLAE BALCESCU\" BRAILA\tBr\u0103ila"}