{"specializari": {"MATEMATICA-INFORMATICA": 90, "STIINTE ALE NATURII": 33, "STIINTE SOCIALE": 30, "FILOLOGIE": 30}, "limba_moderna": {"LIMBA ENGLEZA": 170, "LIMBA FRANCEZA": 13}, "limba_materna": {"LIMBA ROMANA": 183}, "promotie_anterioara": {"NU": 181, "DA": 2}, "materii": {"LIMBA ROMANA": {"medie": 7.948087431693986, "reusita": 97.81420765027322, "cnt": 183}, "GENERAL": {"medie": 8.29716117216117, "reusita": 95.08196721311475, "cnt": 183}, "MATEMATICA ST-NAT": {"medie": 8.093939393939394, "reusita": 100.0, "cnt": 33}, "CHIMIE ORGANICA TEO NIVEL I/II": {"medie": 8.215384615384615, "reusita": 100.0, "cnt": 13}, "ISTORIE": {"medie": 8.604166666666666, "reusita": 100.0, "cnt": 60}, "LOGICA, ARGUMENTARE SI COMUNICARE": {"medie": 8.866666666666667, "reusita": 100.0, "cnt": 3}, "MATEMATICA MATE-INFO": {"medie": 8.155000000000001, "reusita": 94.44444444444444, "cnt": 90}, "INFORMATICA MI C/C++": {"medie": 8.942187500000001, "reusita": 100.0, "cnt": 32}, "GEOGRAFIE": {"medie": 8.807291666666664, "reusita": 100.0, "cnt": 48}, "ANATOMIE SI FIZIOLOGIE UMANA, GENETICA SI ECOLOGIE UMANA": {"medie": 8.285245901639344, "reusita": 95.16129032258065, "cnt": 62}, "FIZICA TEO": {"medie": 9.2, "reusita": 100.0, "cnt": 13}, "SOCIOLOGIE": {"medie": 9.6, "reusita": 100.0, "cnt": 2}, "CHIMIE ANORGANICA TEO NIVEL I/II": {"medie": 7.733333333333333, "reusita": 100.0, "cnt": 3}, "PSIHOLOGIE": {"medie": 9.166666666666668, "reusita": 100.0, "cnt": 3}, "ECONOMIE": {"medie": 9.6, "reusita": 100.0, "cnt": 3}, "FILOSOFIE": {"medie": 9.4, "reusita": 100.0, "cnt": 1}}, "nume": "COLEGIUL NATIONAL \"SPIRU HARET\", LOCALITATEA TECUCI\tGala\u021bi"}