{"specializari": {"MATEMATICA-INFORMATICA": 31, "INVATATOR - EDUCATOARE": 62, "FILOLOGIE": 66}, "limba_moderna": {"LIMBA GERMANA MODERNA": 7, "LIMBA ENGLEZA": 104, "LIMBA FRANCEZA": 23, "LIMBA SPANIOLA": 25}, "limba_materna": {"LIMBA ROMANA": 159}, "promotie_anterioara": {"NU": 156, "DA": 3}, "materii": {"LIMBA ROMANA": {"medie": 8.576100628930817, "reusita": 100.0, "cnt": 159}, "BIOLOGIE VEGETALA SI ANIMALA": {"medie": "-", "reusita": 0.0, "cnt": 1}, "GENERAL": {"medie": 8.807218683651802, "reusita": 98.11320754716981, "cnt": 159}, "CHIMIE ORGANICA TEO NIVEL I/II": {"medie": 9.525, "reusita": 100.0, "cnt": 2}, "ISTORIE": {"medie": 8.001515151515154, "reusita": 100.0, "cnt": 66}, "LOGICA, ARGUMENTARE SI COMUNICARE": {"medie": 9.112053571428572, "reusita": 99.11504424778761, "cnt": 113}, "MATEMATICA MATE-INFO": {"medie": 9.448333333333332, "reusita": 96.7741935483871, "cnt": 31}, "INFORMATICA MI C/C++": {"medie": 9.6, "reusita": 100.0, "cnt": 8}, "GEOGRAFIE": {"medie": 8.7, "reusita": 100.0, "cnt": 9}, "ANATOMIE SI FIZIOLOGIE UMANA, GENETICA SI ECOLOGIE UMANA": {"medie": 8.566666666666668, "reusita": 100.0, "cnt": 6}, "FIZICA TEO": {"medie": 9.382142857142858, "reusita": 100.0, "cnt": 14}, "MATEMATICA PED": {"medie": 9.115322580645163, "reusita": 100.0, "cnt": 62}, "SOCIOLOGIE": {"medie": 6.5, "reusita": 100.0, "cnt": 2}, "PSIHOLOGIE": {"medie": 8.966666666666667, "reusita": 100.0, "cnt": 3}, "ECONOMIE": {"medie": 9.5, "reusita": 100.0, "cnt": 1}}, "nume": "COLEGIUL NATIONAL PEDAGOGIC \"REGINA MARIA\", MUNICIPIUL PLOIESTI\tPrahova"}