{"specializari": {"TEHNICIAN IN INDUSTRIA ALIMENTARA": 6, "TEHNICIAN IN TURISM": 10, "TEHNICIAN DESENATOR PENTRU CONSTRUCTII SI INSTALATII": 3, "STIINTE ALE NATURII": 2, "TEHNICIAN DESIGNER VESTIMENTAR": 11, "TEHNICIAN IN CONSTRUCTII SI LUCRARI PUBLICE": 1, "TEHNICIAN IN MORARIT, PANIFICATIE SI PRODUSE FAINOASE": 15, "TEHNICIAN IN INDUSTRIA TEXTILA": 6, "TEHNICIAN IN GASTRONOMIE": 3, "TEHNICIAN ECOLOG SI PROTECTIA CALITATII MEDIULUI": 2, "TEHNICIAN IN PRELUCRAREA PRODUSELOR DE ORIGINE ANIMALA": 2, "TEHNICIAN ANALIZE PRODUSE ALIMENTARE": 3, "MATEMATICA-INFORMATICA": 1, "TEHNICIAN MECATRONIST": 1}, "limba_moderna": {"LIMBA ENGLEZA": 50, "LIMBA FRANCEZA": 15, "LIMBA GERMANA MODERNA": 1}, "limba_materna": {"LIMBA ROMANA": 66}, "promotie_anterioara": {"DA": 34, "NU": 32}, "materii": {"LIMBA ROMANA": {"medie": 5.0754237288135595, "reusita": 48.484848484848484, "cnt": 66}, "MATEMATICA TEHN": {"medie": 4.641228070175438, "reusita": 52.38095238095239, "cnt": 63}, "BIOLOGIE VEGETALA SI ANIMALA": {"medie": 3.758108108108107, "reusita": 26.190476190476193, "cnt": 42}, "GENERAL": {"medie": 4.780994152046784, "reusita": 18.181818181818183, "cnt": 66}, "MATEMATICA ST-NAT": {"medie": 4.225, "reusita": 50.0, "cnt": 2}, "MATEMATICA MATE-INFO": {"medie": 2.8, "reusita": 0.0, "cnt": 1}, "GEOGRAFIE": {"medie": 6.13846153846154, "reusita": 92.3076923076923, "cnt": 13}, "ANATOMIE SI FIZIOLOGIE UMANA, GENETICA SI ECOLOGIE UMANA": {"medie": 5.9, "reusita": 75.0, "cnt": 8}, "FIZICA TEH": {"medie": 5.225, "reusita": 66.66666666666666, "cnt": 3}}, "nume": "COLEGIUL TEHNIC \"E.NICOLAU\"\tBr\u0103ila"}