{"specializari": {"TEHNICIAN TRANSPORTURI": 27, "TEHNICIAN IN AUTOMATIZARI": 39, "MATEMATICA-INFORMATICA": 22, "TEHNICIAN IN PRELUCRAREA LEMNULUI": 6, "TEHNICIAN IN ACTIVITATI DE COMERT": 26, "TEHNICIAN IN ACTIVITATI ECONOMICE": 23}, "limba_moderna": {"LIMBA ENGLEZA": 100, "LIMBA FRANCEZA": 43}, "limba_materna": {"LIMBA ROMANA": 143}, "promotie_anterioara": {"NU": 122, "DA": 21}, "materii": {"LIMBA ROMANA": {"medie": 5.958088235294116, "reusita": 79.72027972027972, "cnt": 143}, "MATEMATICA TEHN": {"medie": 5.3087719298245615, "reusita": 57.85123966942148, "cnt": 121}, "BIOLOGIE VEGETALA SI ANIMALA": {"medie": 3.8225000000000002, "reusita": 20.8955223880597, "cnt": 67}, "GENERAL": {"medie": 5.419402985074625, "reusita": 30.069930069930066, "cnt": 143}, "MATEMATICA MATE-INFO": {"medie": 4.4625, "reusita": 54.54545454545454, "cnt": 22}, "GEOGRAFIE": {"medie": 7.124999999999999, "reusita": 91.83673469387756, "cnt": 49}, "ANATOMIE SI FIZIOLOGIE UMANA, GENETICA SI ECOLOGIE UMANA": {"medie": 5.5, "reusita": 100.0, "cnt": 1}, "FIZICA TEH": {"medie": 3.7142857142857144, "reusita": 21.428571428571427, "cnt": 14}, "INFORMATICA MI PASCAL": {"medie": 4.8954545454545455, "reusita": 66.66666666666666, "cnt": 12}}, "nume": "COLEGIUL TEHNIC \"IULIU MANIU\" SIMLEU SILVANIEI\tS\u0103laj"}