{"specializari": {"TEHNICIAN IN ACTIVITATI ECONOMICE": 109, "TEHNICIAN IN ADMINISTRATIE": 83, "TEHNICIAN IN ACTIVITATI DE COMERT": 83, "TEHNICIAN IN TURISM": 57, "ORGANIZATOR BANQUETING": 28}, "limba_moderna": {"LIMBA ENGLEZA": 301, "LIMBA FRANCEZA": 58, "LIMBA GERMANA MODERNA": 1}, "limba_materna": {"LIMBA ROMANA": 360}, "promotie_anterioara": {"NU": 346, "DA": 14}, "materii": {"LIMBA ROMANA": {"medie": 7.0896648044692725, "reusita": 98.33333333333333, "cnt": 360}, "MATEMATICA TEHN": {"medie": 8.547619047619046, "reusita": 98.61111111111111, "cnt": 360}, "GENERAL": {"medie": 7.8382022471910195, "reusita": 94.72222222222221, "cnt": 360}, "LOGICA, ARGUMENTARE SI COMUNICARE": {"medie": 8.546951219512193, "reusita": 100.0, "cnt": 82}, "GEOGRAFIE": {"medie": 7.635328185328186, "reusita": 98.46153846153847, "cnt": 260}, "PSIHOLOGIE": {"medie": 6.1, "reusita": 100.0, "cnt": 1}, "ECONOMIE": {"medie": 7.320588235294117, "reusita": 94.11764705882352, "cnt": 17}}, "nume": "COLEGIUL ECONOMIC \"VIRGIL MADGEARU\", LOCALITATEA GALATI\tGala\u021bi"}