{"specializari": {"TEHNICIAN DESIGNER VESTIMENTAR": 31, "COAFOR STILIST": 25, "TEHNICIAN IN INDUSTRIA TEXTILA": 7, "TEHNICIAN IN TURISM": 25, "TEHNICIAN IN INDUSTRIA PIELARIEI": 1}, "limba_moderna": {"LIMBA ENGLEZA": 83, "LIMBA FRANCEZA": 6}, "limba_materna": {"LIMBA ROMANA": 89}, "promotie_anterioara": {"DA": 21, "NU": 68}, "materii": {"LIMBA ROMANA": {"medie": 6.938505747126436, "reusita": 96.62921348314607, "cnt": 89}, "MATEMATICA TEHN": {"medie": 7.02529411764706, "reusita": 88.76404494382022, "cnt": 89}, "BIOLOGIE VEGETALA SI ANIMALA": {"medie": 5.879166666666666, "reusita": 69.23076923076923, "cnt": 26}, "GENERAL": {"medie": 6.873293172690763, "reusita": 69.66292134831461, "cnt": 89}, "LOGICA, ARGUMENTARE SI COMUNICARE": {"medie": 8.416666666666666, "reusita": 100.0, "cnt": 3}, "GEOGRAFIE": {"medie": 6.94891304347826, "reusita": 89.13043478260869, "cnt": 46}, "FIZICA TEH": {"medie": "-", "reusita": 0.0, "cnt": 1}, "PSIHOLOGIE": {"medie": 5.4, "reusita": 100.0, "cnt": 1}, "CHIMIE ANORGANICA TEH NIVEL I/II": {"medie": 4.845000000000001, "reusita": 63.63636363636363, "cnt": 11}, "CHIMIE ORGANICA TEH NIVEL I/II": {"medie": 7.9, "reusita": 100.0, "cnt": 1}}, "nume": "COLEGIUL TEHNIC \"MARIA BAIULESCU\" BRASOV\tBra\u0219ov"}