{"specializari": {"TEHNICIAN ELECTROTEHNIST": 25, "TEHNICIAN MECATRONIST": 11, "TEHNICIAN IN ACTIVITATI ECONOMICE": 29, "TEHNICIAN TRANSPORTURI": 14, "TEHNICIAN IN INDUSTRIA TEXTILA": 9, "MATEMATICA-INFORMATICA": 6}, "limba_moderna": {"LIMBA ENGLEZA": 70, "LIMBA FRANCEZA": 24}, "limba_materna": {"LIMBA ROMANA": 94}, "promotie_anterioara": {"NU": 71, "DA": 23}, "materii": {"LIMBA ROMANA": {"medie": 5.810989010989012, "reusita": 71.27659574468085, "cnt": 94}, "MATEMATICA TEHN": {"medie": 5.166867469879516, "reusita": 57.95454545454546, "cnt": 88}, "BIOLOGIE VEGETALA SI ANIMALA": {"medie": 3.552272727272727, "reusita": 25.0, "cnt": 52}, "GENERAL": {"medie": 5.285912698412697, "reusita": 34.04255319148936, "cnt": 94}, "LOGICA, ARGUMENTARE SI COMUNICARE": {"medie": 5.833333333333333, "reusita": 100.0, "cnt": 3}, "MATEMATICA MATE-INFO": {"medie": 6.525, "reusita": 66.66666666666666, "cnt": 6}, "GEOGRAFIE": {"medie": 6.644, "reusita": 88.46153846153845, "cnt": 26}, "FIZICA TEH": {"medie": 7.8, "reusita": 100.0, "cnt": 1}, "CHIMIE ANORGANICA TEH NIVEL I/II": {"medie": 4.379166666666666, "reusita": 41.66666666666667, "cnt": 12}}, "nume": "COLEGIUL TEHNIC AIUD\tAlba"}