{"specializari": {"INVATATOR - EDUCATOARE": 55, "FILOLOGIE": 34, "MATEMATICA-INFORMATICA": 17, "STIINTE SOCIALE": 29, "INSTRUCTOR PENTRU ACTIVITATI EXTRASCOLARE": 1}, "limba_moderna": {"LIMBA FRANCEZA": 32, "LIMBA ENGLEZA": 104}, "limba_materna": {"LIMBA ROMANA": 136}, "promotie_anterioara": {"NU": 131, "DA": 5}, "materii": {"LIMBA ROMANA": {"medie": 8.3375, "reusita": 99.26470588235294, "cnt": 136}, "BIOLOGIE VEGETALA SI ANIMALA": {"medie": 7.7, "reusita": 100.0, "cnt": 2}, "GENERAL": {"medie": 8.208148148148148, "reusita": 94.85294117647058, "cnt": 136}, "ISTORIE": {"medie": 7.787499999999998, "reusita": 100.0, "cnt": 64}, "MATEMATICA MATE-INFO": {"medie": 8.382352941176471, "reusita": 94.11764705882352, "cnt": 17}, "GEOGRAFIE": {"medie": 8.32247706422018, "reusita": 100.0, "cnt": 109}, "ANATOMIE SI FIZIOLOGIE UMANA, GENETICA SI ECOLOGIE UMANA": {"medie": 9.557142857142855, "reusita": 100.0, "cnt": 7}, "FIZICA TEO": {"medie": 8.1875, "reusita": 100.0, "cnt": 8}, "MATEMATICA PED": {"medie": 8.201851851851856, "reusita": 98.18181818181819, "cnt": 55}, "PSIHOLOGIE": {"medie": 6.871428571428573, "reusita": 100.0, "cnt": 7}, "ECONOMIE": {"medie": 6.55, "reusita": 100.0, "cnt": 2}, "FILOSOFIE": {"medie": 7.25, "reusita": 100.0, "cnt": 1}}, "nume": "COLEGIUL NATIONAL \"CONSTANTIN CANTACUZINO\" TARGOVISTE\tD\u00e2mbovi\u021ba"}