{"specializari": {"TEHNICIAN IN TURISM": 20, "TEHNICIAN TRANSPORTURI": 18, "TEHNICIAN IN ACTIVITATI ECONOMICE": 32, "TEHNICIAN MECANIC PENTRU INTRETINERE SI REPARATII": 13, "TEHNICIAN OPERATOR TEHNICA DE CALCUL": 50, "TEHNICIAN IN INSTALATII ELECTRICE": 15, "TEHNICIAN ECOLOG SI PROTECTIA CALITATII MEDIULUI": 24, "TEHNICIAN DESIGNER VESTIMENTAR": 20, "TEHNICIAN MECATRONIST": 11, "TEHNICIAN ELECTROMECANIC": 1, "TEHNICIAN IN INDUSTRIA TEXTILA": 5}, "limba_moderna": {"LIMBA ENGLEZA": 189, "LIMBA FRANCEZA": 20}, "limba_materna": {"LIMBA ROMANA": 209}, "promotie_anterioara": {"NU": 135, "DA": 74}, "materii": {"LIMBA ROMANA": {"medie": 6.330512820512825, "reusita": 80.38277511961722, "cnt": 209}, "MATEMATICA TEHN": {"medie": 6.842487046632126, "reusita": 80.38277511961722, "cnt": 209}, "BIOLOGIE VEGETALA SI ANIMALA": {"medie": 5.228750000000002, "reusita": 61.111111111111114, "cnt": 90}, "GENERAL": {"medie": 6.636576576576579, "reusita": 57.41626794258373, "cnt": 209}, "LOGICA, ARGUMENTARE SI COMUNICARE": {"medie": 9.7, "reusita": 100.0, "cnt": 1}, "GEOGRAFIE": {"medie": 7.781000000000001, "reusita": 96.07843137254902, "cnt": 51}, "ANATOMIE SI FIZIOLOGIE UMANA, GENETICA SI ECOLOGIE UMANA": {"medie": 8.16875, "reusita": 95.83333333333334, "cnt": 24}, "FIZICA TEH": {"medie": 6.460714285714286, "reusita": 100.0, "cnt": 28}, "CHIMIE ANORGANICA TEH NIVEL I/II": {"medie": 5.336363636363637, "reusita": 83.33333333333334, "cnt": 12}, "CHIMIE ORGANICA TEH NIVEL I/II": {"medie": 5.85, "reusita": 33.33333333333333, "cnt": 3}}, "nume": "COLEGIUL TEHNIC \"GRIGORE COBALCESCU\"MOINESTI\tBac\u0103u"}