{"specializari": {"TEHNICIAN ECOLOG SI PROTECTIA CALITATII MEDIULUI": 20, "TEHNICIAN IN TURISM": 20, "TEHNICIAN MECANIC PENTRU INTRETINERE SI REPARATII": 8, "TEHNICIAN MECATRONIST": 21, "TEHNICIAN DESIGNER VESTIMENTAR": 2, "TEHNICIAN ELECTRICIAN/ELECTRONIST AUTO": 1, "TEHNICIAN IN ACTIVITATI DE COMERT": 1, "TEHNICIAN OPERATOR PROCESARE TEXT IMAGINE": 8, "TEHNICIAN IN ACTIVITATI ECONOMICE": 20, "TEHNICIAN IN AUTOMATIZARI": 11, "TEHNICIAN IN INDUSTRIA ALIMENTARA": 1, "TEHNICIAN IN INDUSTRIA TEXTILA": 1}, "limba_moderna": {"LIMBA FRANCEZA": 12, "LIMBA ENGLEZA": 102}, "limba_materna": {"LIMBA ROMANA": 114}, "promotie_anterioara": {"DA": 48, "NU": 66}, "materii": {"LIMBA ROMANA": {"medie": 6.034234234234237, "reusita": 82.45614035087719, "cnt": 114}, "MATEMATICA TEHN": {"medie": 7.023214285714284, "reusita": 92.10526315789474, "cnt": 114}, "BIOLOGIE VEGETALA SI ANIMALA": {"medie": 4.972222222222222, "reusita": 57.14285714285714, "cnt": 49}, "GENERAL": {"medie": 6.535669781931462, "reusita": 56.14035087719298, "cnt": 114}, "GEOGRAFIE": {"medie": 8.095121951219511, "reusita": 100.0, "cnt": 41}, "ANATOMIE SI FIZIOLOGIE UMANA, GENETICA SI ECOLOGIE UMANA": {"medie": 6.5200000000000005, "reusita": 80.0, "cnt": 5}, "FIZICA TEH": {"medie": 5.925, "reusita": 87.5, "cnt": 16}, "CHIMIE ANORGANICA TEH NIVEL I/II": {"medie": 6.366666666666667, "reusita": 100.0, "cnt": 3}}, "nume": "COLEGIUL TEHNIC \"GHEORGHE BALS\" ADJUD\tVrancea"}