{"specializari": {"MATEMATICA-INFORMATICA": 54, "FILOLOGIE": 28, "STIINTE ALE NATURII": 29}, "limba_moderna": {"LIMBA ENGLEZA": 107, "LIMBA GERMANA MODERNA": 1, "LIMBA FRANCEZA": 1, "LIMBA SPANIOLA": 2}, "limba_materna": {"LIMBA ROMANA": 111}, "promotie_anterioara": {"NU": 93, "DA": 18}, "materii": {"LIMBA ROMANA": {"medie": 7.362162162162166, "reusita": 99.09909909909909, "cnt": 111}, "BIOLOGIE VEGETALA SI ANIMALA": {"medie": 6.867647058823528, "reusita": 92.15686274509804, "cnt": 51}, "GENERAL": {"medie": 6.878193146417446, "reusita": 73.87387387387388, "cnt": 111}, "MATEMATICA ST-NAT": {"medie": 6.048148148148147, "reusita": 79.3103448275862, "cnt": 29}, "CHIMIE ORGANICA TEO NIVEL I/II": {"medie": 6.675, "reusita": 100.0, "cnt": 4}, "ISTORIE": {"medie": 7.224074074074076, "reusita": 96.42857142857143, "cnt": 28}, "LOGICA, ARGUMENTARE SI COMUNICARE": {"medie": 9.350000000000001, "reusita": 100.0, "cnt": 2}, "MATEMATICA MATE-INFO": {"medie": 5.690566037735851, "reusita": 79.62962962962963, "cnt": 54}, "INFORMATICA MI C/C++": {"medie": 5.5425, "reusita": 65.0, "cnt": 20}, "GEOGRAFIE": {"medie": 7.97, "reusita": 100.0, "cnt": 25}, "ANATOMIE SI FIZIOLOGIE UMANA, GENETICA SI ECOLOGIE UMANA": {"medie": 8.671428571428573, "reusita": 100.0, "cnt": 7}, "ECONOMIE": {"medie": 3.25, "reusita": 0.0, "cnt": 1}, "INFORMATICA MI PASCAL": {"medie": 6.95, "reusita": 100.0, "cnt": 1}}, "nume": "COLEGIUL NATIONAL \"MIRCEA ELIADE\" RESITA\tCara\u0219-Severin"}