{"specializari": {"MATEMATICA-INFORMATICA": 128, "FILOLOGIE": 38, "STIINTE ALE NATURII": 37, "STIINTE SOCIALE": 38}, "limba_moderna": {"LIMBA ENGLEZA": 226, "LIMBA FRANCEZA": 10, "LIMBA GERMANA MODERNA": 5}, "limba_materna": {"LIMBA ROMANA": 241}, "promotie_anterioara": {"NU": 241}, "materii": {"LIMBA ROMANA": {"medie": 8.595624999999997, "reusita": 99.5850622406639, "cnt": 241}, "BIOLOGIE VEGETALA SI ANIMALA": {"medie": 10.0, "reusita": 100.0, "cnt": 1}, "GENERAL": {"medie": 8.967569444444441, "reusita": 99.5850622406639, "cnt": 241}, "MATEMATICA ST-NAT": {"medie": 9.168918918918918, "reusita": 100.0, "cnt": 37}, "CHIMIE ORGANICA TEO NIVEL I/II": {"medie": 9.110714285714288, "reusita": 100.0, "cnt": 14}, "ISTORIE": {"medie": 8.622000000000002, "reusita": 98.68421052631578, "cnt": 76}, "LOGICA, ARGUMENTARE SI COMUNICARE": {"medie": 9.529347826086957, "reusita": 97.87234042553192, "cnt": 47}, "MATEMATICA MATE-INFO": {"medie": 9.387500000000001, "reusita": 100.0, "cnt": 128}, "INFORMATICA MI C/C++": {"medie": 8.907352941176471, "reusita": 100.0, "cnt": 34}, "GEOGRAFIE": {"medie": 9.474999999999998, "reusita": 100.0, "cnt": 14}, "ANATOMIE SI FIZIOLOGIE UMANA, GENETICA SI ECOLOGIE UMANA": {"medie": 9.014285714285718, "reusita": 100.0, "cnt": 63}, "FIZICA TEO": {"medie": 9.238679245283018, "reusita": 100.0, "cnt": 53}, "PSIHOLOGIE": {"medie": 8.95625, "reusita": 100.0, "cnt": 8}, "ECONOMIE": {"medie": 9.371428571428572, "reusita": 100.0, "cnt": 7}}, "nume": "COLEGIUL NATIONAL \"FRATII BUZESTI\" CRAIOVA\tDolj"}