{"specializari": {"ORGANIZATOR BANQUETING": 23, "TEHNICIAN OPERATOR TEHNICA DE CALCUL": 54, "TEHNICIAN IN ADMINISTRATIE": 32, "TEHNICIAN MECATRONIST": 54, "TEHNICIAN MECANIC PENTRU INTRETINERE SI REPARATII": 5}, "limba_moderna": {"LIMBA ENGLEZA": 166, "LIMBA GERMANA MODERNA": 2}, "limba_materna": {"LIMBA ROMANA": 168}, "promotie_anterioara": {"NU": 141, "DA": 27}, "materii": {"LIMBA ROMANA": {"medie": 6.86606060606061, "reusita": 94.04761904761905, "cnt": 168}, "MATEMATICA TEHN": {"medie": 6.857012195121951, "reusita": 81.54761904761905, "cnt": 168}, "BIOLOGIE VEGETALA SI ANIMALA": {"medie": 5.663235294117647, "reusita": 64.76190476190476, "cnt": 105}, "GENERAL": {"medie": 6.669855967078194, "reusita": 62.5, "cnt": 168}, "GEOGRAFIE": {"medie": 7.454716981132074, "reusita": 92.5925925925926, "cnt": 54}, "FIZICA TEH": {"medie": 5.814285714285715, "reusita": 62.5, "cnt": 8}, "PSIHOLOGIE": {"medie": 5.0, "reusita": 100.0, "cnt": 1}}, "nume": "COLEGIUL TEHNIC \"HENRI COANDA\" TIMISOARA\tTimi\u0219"}