{"specializari": {"TEHNICIAN IN ACTIVITATI ECONOMICE": 64, "TEHNICIAN IN ADMINISTRATIE": 27, "TEHNICIAN IN ACHIZITII SI CONTRACTARI": 60, "TEHNICIAN IN TURISM": 66, "TEHNICIAN IN GASTRONOMIE": 6, "TEHNICIAN IN ACTIVITATI DE COMERT": 1}, "limba_moderna": {"LIMBA ENGLEZA": 216, "LIMBA FRANCEZA": 8}, "limba_materna": {"LIMBA ROMANA": 224}, "promotie_anterioara": {"NU": 199, "DA": 25}, "materii": {"LIMBA ROMANA": {"medie": 6.631590909090908, "reusita": 92.85714285714286, "cnt": 224}, "MATEMATICA TEHN": {"medie": 6.951598173515981, "reusita": 87.05357142857143, "cnt": 224}, "GENERAL": {"medie": 6.882411674347155, "reusita": 72.76785714285714, "cnt": 224}, "LOGICA, ARGUMENTARE SI COMUNICARE": {"medie": 8.55, "reusita": 100.0, "cnt": 1}, "GEOGRAFIE": {"medie": 7.157142857142862, "reusita": 92.05607476635514, "cnt": 214}, "PSIHOLOGIE": {"medie": 4.205555555555557, "reusita": 44.44444444444444, "cnt": 9}}, "nume": "COLEGIUL ECONOMIC ARAD\tArad"}