{"specializari": {"TEHNICIAN TRANSPORTURI": 13, "COAFOR STILIST": 12, "TEHNICIAN PROIECTANT CAD": 15, "TEHNICIAN OPERATOR TEHNICA DE CALCUL": 9, "TEHNICIAN ANALIZE PRODUSE ALIMENTARE": 4, "TEHNICIAN ELECTROMECANIC": 4, "TEHNICIAN PRELUCRARI MECANICE": 4, "TEHNICIAN MECATRONIST": 6, "MATEMATICA-INFORMATICA": 1, "TEHNICIAN IN AUTOMATIZARI": 1}, "limba_moderna": {"LIMBA ENGLEZA": 65, "LIMBA FRANCEZA": 4}, "limba_materna": {"LIMBA ROMANA": 69}, "promotie_anterioara": {"NU": 34, "DA": 35}, "materii": {"LIMBA ROMANA": {"medie": 6.434615384615383, "reusita": 92.7536231884058, "cnt": 69}, "MATEMATICA TEHN": {"medie": 6.307812500000002, "reusita": 89.70588235294117, "cnt": 68}, "BIOLOGIE VEGETALA SI ANIMALA": {"medie": 5.749999999999999, "reusita": 71.11111111111111, "cnt": 45}, "GENERAL": {"medie": 6.300819672131149, "reusita": 53.62318840579711, "cnt": 69}, "MATEMATICA MATE-INFO": {"medie": 5.8, "reusita": 100.0, "cnt": 1}, "GEOGRAFIE": {"medie": 7.083333333333335, "reusita": 91.66666666666666, "cnt": 12}, "ANATOMIE SI FIZIOLOGIE UMANA, GENETICA SI ECOLOGIE UMANA": {"medie": 6.1, "reusita": 100.0, "cnt": 1}, "FIZICA TEH": {"medie": 5.55625, "reusita": 100.0, "cnt": 8}, "CHIMIE ANORGANICA TEH NIVEL I/II": {"medie": 5.633333333333333, "reusita": 100.0, "cnt": 3}}, "nume": "COLEGIUL TEHNIC \"TRANSILVANIA\" BRASOV\tBra\u0219ov"}