{"specializari": {"TEHNICIAN IN ACTIVITATI ECONOMICE": 95, "TEHNICIAN IN ADMINISTRATIE": 27, "TEHNICIAN IN ACTIVITATI DE COMERT": 84, "TEHNICIAN IN GASTRONOMIE": 121, "TEHNICIAN IN TURISM": 61, "ORGANIZATOR BANQUETING": 9}, "limba_moderna": {"LIMBA ENGLEZA": 293, "LIMBA FRANCEZA": 104}, "limba_materna": {"LIMBA ROMANA": 397}, "promotie_anterioara": {"NU": 337, "DA": 60}, "materii": {"LIMBA ROMANA": {"medie": 6.154312668463611, "reusita": 84.63476070528966, "cnt": 397}, "MATEMATICA TEHN": {"medie": 6.256603773584903, "reusita": 74.05541561712846, "cnt": 397}, "GENERAL": {"medie": 6.419505494505495, "reusita": 57.68261964735516, "cnt": 397}, "LOGICA, ARGUMENTARE SI COMUNICARE": {"medie": 7.49, "reusita": 81.81818181818183, "cnt": 11}, "GEOGRAFIE": {"medie": 6.704317548746519, "reusita": 83.02872062663185, "cnt": 383}, "PSIHOLOGIE": {"medie": 8.35, "reusita": 100.0, "cnt": 1}, "ECONOMIE": {"medie": 7.375, "reusita": 100.0, "cnt": 2}}, "nume": "COLEGIUL ECONOMIC \"GHEORGHE CHITU\" CRAIOVA\tDolj"}