{"specializari": {"MATEMATICA-INFORMATICA": 64, "STIINTE ALE NATURII": 68, "FILOLOGIE": 79, "STIINTE SOCIALE": 29}, "limba_moderna": {"LIMBA ENGLEZA": 190, "LIMBA FRANCEZA": 50}, "limba_materna": {"LIMBA ROMANA": 240}, "promotie_anterioara": {"NU": 211, "DA": 29}, "materii": {"LIMBA ROMANA": {"medie": 7.3838297872340455, "reusita": 92.91666666666667, "cnt": 240}, "BIOLOGIE VEGETALA SI ANIMALA": {"medie": 4.7625, "reusita": 40.0, "cnt": 5}, "GENERAL": {"medie": 7.6331168831168785, "reusita": 81.25, "cnt": 240}, "MATEMATICA ST-NAT": {"medie": 6.599253731343281, "reusita": 91.17647058823529, "cnt": 68}, "CHIMIE ORGANICA TEO NIVEL I/II": {"medie": 8.433333333333334, "reusita": 100.0, "cnt": 3}, "ISTORIE": {"medie": 6.973333333333333, "reusita": 96.29629629629629, "cnt": 108}, "MATEMATICA MATE-INFO": {"medie": 9.140625, "reusita": 98.4375, "cnt": 64}, "INFORMATICA MI C/C++": {"medie": 9.490909090909092, "reusita": 100.0, "cnt": 11}, "GEOGRAFIE": {"medie": 8.308, "reusita": 95.14563106796116, "cnt": 103}, "ANATOMIE SI FIZIOLOGIE UMANA, GENETICA SI ECOLOGIE UMANA": {"medie": 7.613725490196076, "reusita": 96.15384615384616, "cnt": 52}, "FIZICA TEO": {"medie": 9.375, "reusita": 100.0, "cnt": 4}, "SOCIOLOGIE": {"medie": 7.35, "reusita": 100.0, "cnt": 1}, "CHIMIE ANORGANICA TEO NIVEL I/II": {"medie": 7.664035087719298, "reusita": 98.24561403508771, "cnt": 57}, "PSIHOLOGIE": {"medie": 7.016666666666667, "reusita": 100.0, "cnt": 3}, "FILOSOFIE": {"medie": 8.35, "reusita": 100.0, "cnt": 1}}, "nume": "COLEGIUL NATIONAL \"EMIL BOTTA\" ADJUD\tVrancea"}