{"specializari": {"MATEMATICA-INFORMATICA": 28, "STIINTE ALE NATURII": 64, "FILOLOGIE": 31}, "limba_moderna": {"LIMBA ENGLEZA": 123}, "limba_materna": {"LIMBA GERMANA": 123}, "promotie_anterioara": {"NU": 123}, "materii": {"LIMBA ROMANA": {"medie": 8.643902439024393, "reusita": 100.0, "cnt": 123}, "BIOLOGIE VEGETALA SI ANIMALA": {"medie": 9.338888888888889, "reusita": 100.0, "cnt": 18}, "GENERAL": {"medie": 8.608231707317074, "reusita": 100.0, "cnt": 123}, "MATEMATICA ST-NAT": {"medie": 8.804687499999998, "reusita": 100.0, "cnt": 64}, "CHIMIE ORGANICA TEO NIVEL I/II": {"medie": 9.0375, "reusita": 100.0, "cnt": 8}, "ISTORIE": {"medie": 7.788709677419354, "reusita": 100.0, "cnt": 31}, "LOGICA, ARGUMENTARE SI COMUNICARE": {"medie": 8.149999999999999, "reusita": 100.0, "cnt": 8}, "MATEMATICA MATE-INFO": {"medie": 9.273214285714285, "reusita": 100.0, "cnt": 28}, "INFORMATICA MI C/C++": {"medie": 8.969444444444443, "reusita": 100.0, "cnt": 18}, "GEOGRAFIE": {"medie": 8.510000000000002, "reusita": 100.0, "cnt": 20}, "ANATOMIE SI FIZIOLOGIE UMANA, GENETICA SI ECOLOGIE UMANA": {"medie": 9.343902439024388, "reusita": 100.0, "cnt": 41}, "FIZICA TEO": {"medie": 9.716666666666667, "reusita": 100.0, "cnt": 6}, "CHIMIE ANORGANICA TEO NIVEL I/II": {"medie": 8.9, "reusita": 100.0, "cnt": 1}, "LIMBA GERMANA": {"medie": 8.098780487804873, "reusita": 100.0, "cnt": 123}, "PSIHOLOGIE": {"medie": 7.916666666666667, "reusita": 100.0, "cnt": 3}}, "nume": "COLEGIUL NATIONAL \"SAMUEL VON BRUKENTHAL\" SIBIU\tSibiu"}