{"specializari": {"MATEMATICA-INFORMATICA": 131, "FILOLOGIE": 79, "STIINTE ALE NATURII": 33}, "limba_moderna": {"LIMBA ENGLEZA": 191, "LIMBA FRANCEZA": 52}, "limba_materna": {"LIMBA ROMANA": 243}, "promotie_anterioara": {"NU": 225, "DA": 18}, "materii": {"LIMBA ROMANA": {"medie": 6.957500000000001, "reusita": 89.7119341563786, "cnt": 243}, "BIOLOGIE VEGETALA SI ANIMALA": {"medie": 8.0, "reusita": 100.0, "cnt": 1}, "GENERAL": {"medie": 7.126039051603903, "reusita": 72.8395061728395, "cnt": 243}, "MATEMATICA ST-NAT": {"medie": 3.77258064516129, "reusita": 36.36363636363637, "cnt": 33}, "CHIMIE ORGANICA TEO NIVEL I/II": {"medie": 7.947058823529413, "reusita": 94.44444444444444, "cnt": 18}, "ISTORIE": {"medie": 7.096202531645571, "reusita": 94.9367088607595, "cnt": 79}, "LOGICA, ARGUMENTARE SI COMUNICARE": {"medie": 9.600000000000001, "reusita": 100.0, "cnt": 2}, "MATEMATICA MATE-INFO": {"medie": 7.099384615384612, "reusita": 87.02290076335878, "cnt": 131}, "INFORMATICA MI C/C++": {"medie": 9.25, "reusita": 100.0, "cnt": 6}, "GEOGRAFIE": {"medie": 8.306164383561642, "reusita": 95.8904109589041, "cnt": 73}, "ANATOMIE SI FIZIOLOGIE UMANA, GENETICA SI ECOLOGIE UMANA": {"medie": 7.1168067226890726, "reusita": 84.29752066115702, "cnt": 121}, "FIZICA TEO": {"medie": 8.71923076923077, "reusita": 92.3076923076923, "cnt": 13}, "SOCIOLOGIE": {"medie": 7.475, "reusita": 100.0, "cnt": 2}, "CHIMIE ANORGANICA TEO NIVEL I/II": {"medie": 8.4, "reusita": 100.0, "cnt": 2}, "INFORMATICA MI PASCAL": {"medie": 6.833333333333333, "reusita": 100.0, "cnt": 3}, "FILOSOFIE": {"medie": 6.65, "reusita": 100.0, "cnt": 2}}, "nume": "COLEGIUL NATIONAL \"ANASTASESCU\" ROSIORI DE VEDE\tTeleorman"}