{"specializari": {"MATEMATICA-INFORMATICA": 83, "STIINTE ALE NATURII": 35, "FILOLOGIE": 68}, "limba_moderna": {"LIMBA ENGLEZA": 181, "LIMBA FRANCEZA": 2, "LIMBA GERMANA MODERNA": 3}, "limba_materna": {"LIMBA ROMANA": 186}, "promotie_anterioara": {"NU": 179, "DA": 7}, "materii": {"LIMBA ROMANA": {"medie": 8.305698924731177, "reusita": 99.46236559139786, "cnt": 186}, "BIOLOGIE VEGETALA SI ANIMALA": {"medie": 6.8, "reusita": 66.66666666666666, "cnt": 3}, "GENERAL": {"medie": 8.139103942652328, "reusita": 95.16129032258065, "cnt": 186}, "MATEMATICA ST-NAT": {"medie": 7.5928571428571425, "reusita": 94.28571428571428, "cnt": 35}, "CHIMIE ORGANICA TEO NIVEL I/II": {"medie": 8.464285714285714, "reusita": 100.0, "cnt": 14}, "ISTORIE": {"medie": 7.744117647058825, "reusita": 94.11764705882352, "cnt": 68}, "LOGICA, ARGUMENTARE SI COMUNICARE": {"medie": 8.716666666666667, "reusita": 100.0, "cnt": 6}, "MATEMATICA MATE-INFO": {"medie": 7.738072289156625, "reusita": 97.59036144578313, "cnt": 83}, "INFORMATICA MI C/C++": {"medie": 7.868055555555555, "reusita": 100.0, "cnt": 36}, "GEOGRAFIE": {"medie": 8.598717948717947, "reusita": 100.0, "cnt": 39}, "ANATOMIE SI FIZIOLOGIE UMANA, GENETICA SI ECOLOGIE UMANA": {"medie": 8.65892857142857, "reusita": 100.0, "cnt": 56}, "FIZICA TEO": {"medie": 8.54, "reusita": 100.0, "cnt": 5}, "SOCIOLOGIE": {"medie": 9.037500000000001, "reusita": 100.0, "cnt": 16}, "CHIMIE ANORGANICA TEO NIVEL I/II": {"medie": 7.2375, "reusita": 100.0, "cnt": 4}, "PSIHOLOGIE": {"medie": 5.8999999999999995, "reusita": 75.0, "cnt": 4}, "ECONOMIE": {"medie": 9.55, "reusita": 100.0, "cnt": 2}, "FILOSOFIE": {"medie": 8.5, "reusita": 100.0, "cnt": 1}}, "nume": "COLEGIUL NATIONAL \"ELENA GHIBA BIRTA\" ARAD\tArad"}