{"specializari": {"MATEMATICA-INFORMATICA": 175, "STIINTE ALE NATURII": 40, "FILOLOGIE": 109}, "limba_moderna": {"LIMBA ENGLEZA": 273, "LIMBA FRANCEZA": 26, "LIMBA SPANIOLA": 23, "LIMBA GERMANA MODERNA": 2}, "limba_materna": {"LIMBA ROMANA": 324}, "promotie_anterioara": {"NU": 323, "DA": 1}, "materii": {"LIMBA ROMANA": {"medie": 8.39367283950618, "reusita": 100.0, "cnt": 324}, "BIOLOGIE VEGETALA SI ANIMALA": {"medie": 9.462499999999999, "reusita": 100.0, "cnt": 4}, "GENERAL": {"medie": 8.791124871001038, "reusita": 98.76543209876543, "cnt": 324}, "MATEMATICA ST-NAT": {"medie": 9.461250000000001, "reusita": 100.0, "cnt": 40}, "CHIMIE ORGANICA TEO NIVEL I/II": {"medie": 9.040909090909091, "reusita": 100.0, "cnt": 11}, "ISTORIE": {"medie": 8.01100917431193, "reusita": 100.0, "cnt": 109}, "LOGICA, ARGUMENTARE SI COMUNICARE": {"medie": 9.245930232558138, "reusita": 100.0, "cnt": 86}, "MATEMATICA MATE-INFO": {"medie": 9.211781609195398, "reusita": 99.42857142857143, "cnt": 175}, "INFORMATICA MI C/C++": {"medie": 9.346428571428572, "reusita": 97.61904761904762, "cnt": 42}, "GEOGRAFIE": {"medie": 8.975, "reusita": 100.0, "cnt": 10}, "ANATOMIE SI FIZIOLOGIE UMANA, GENETICA SI ECOLOGIE UMANA": {"medie": 9.065476190476192, "reusita": 100.0, "cnt": 126}, "FIZICA TEO": {"medie": 8.95, "reusita": 96.875, "cnt": 32}, "PSIHOLOGIE": {"medie": 9.049999999999999, "reusita": 100.0, "cnt": 4}, "ECONOMIE": {"medie": 8.814285714285713, "reusita": 100.0, "cnt": 7}, "FILOSOFIE": {"medie": 7.3, "reusita": 100.0, "cnt": 2}}, "nume": "COLEGIUL NATIONAL \"CAROL I\" CRAIOVA\tDolj"}