{"specializari": {"TEHNICIAN IN TURISM": 22, "FILOLOGIE": 18, "MATEMATICA-INFORMATICA": 15, "TEHNICIAN IN ACTIVITATI DE COMERT": 7, "ORGANIZATOR BANQUETING": 4, "TEHNICIAN IN GASTRONOMIE": 7, "STIINTE ALE NATURII": 6, "TEHNICIAN IN HOTELARIE": 1, "TEHNICIAN ELECTROMECANIC": 1}, "limba_moderna": {"LIMBA ENGLEZA": 63, "LIMBA FRANCEZA": 18}, "limba_materna": {"LIMBA ROMANA": 81}, "promotie_anterioara": {"NU": 58, "DA": 23}, "materii": {"LIMBA ROMANA": {"medie": 6.432894736842108, "reusita": 80.24691358024691, "cnt": 81}, "MATEMATICA TEHN": {"medie": 6.190540540540541, "reusita": 71.42857142857143, "cnt": 42}, "BIOLOGIE VEGETALA SI ANIMALA": {"medie": 5.090000000000001, "reusita": 60.0, "cnt": 5}, "GENERAL": {"medie": 6.58873873873874, "reusita": 55.55555555555556, "cnt": 81}, "MATEMATICA ST-NAT": {"medie": 4.17, "reusita": 50.0, "cnt": 6}, "ISTORIE": {"medie": 6.0361111111111105, "reusita": 88.88888888888889, "cnt": 18}, "MATEMATICA MATE-INFO": {"medie": 7.8, "reusita": 93.33333333333333, "cnt": 15}, "GEOGRAFIE": {"medie": 6.85686274509804, "reusita": 81.48148148148148, "cnt": 54}, "ANATOMIE SI FIZIOLOGIE UMANA, GENETICA SI ECOLOGIE UMANA": {"medie": 8.076666666666666, "reusita": 93.33333333333333, "cnt": 15}, "FIZICA TEO": {"medie": 7.875, "reusita": 100.0, "cnt": 2}, "ECONOMIE": {"medie": 5.074999999999999, "reusita": 40.0, "cnt": 5}}, "nume": "COLEGIUL \"ION KALINDERU\", ORASUL BUSTENI\tPrahova"}