{"specializari": {"TEHNICIAN IN GASTRONOMIE": 46, "TEHNICIAN OPERATOR TEHNICA DE CALCUL": 17, "TEHNICIAN PROIECTANT CAD": 9, "TEHNICIAN IN INDUSTRIA TEXTILA": 4, "COAFOR STILIST": 20, "TEHNICIAN OPERATOR PROCESARE TEXT IMAGINE": 1, "TEHNICIAN DESIGNER VESTIMENTAR": 14, "TEHNICIAN POLIGRAF": 1}, "limba_moderna": {"LIMBA ENGLEZA": 98, "LIMBA FRANCEZA": 14}, "limba_materna": {"LIMBA ROMANA": 112}, "promotie_anterioara": {"DA": 29, "NU": 83}, "materii": {"LIMBA ROMANA": {"medie": 6.177064220183487, "reusita": 86.60714285714286, "cnt": 112}, "MATEMATICA TEHN": {"medie": 5.9518691588785035, "reusita": 73.21428571428571, "cnt": 112}, "BIOLOGIE VEGETALA SI ANIMALA": {"medie": 4.825, "reusita": 58.06451612903226, "cnt": 31}, "GENERAL": {"medie": 6.091826923076921, "reusita": 42.857142857142854, "cnt": 112}, "LOGICA, ARGUMENTARE SI COMUNICARE": {"medie": 6.594736842105262, "reusita": 75.60975609756098, "cnt": 41}, "GEOGRAFIE": {"medie": 6.985416666666667, "reusita": 84.0, "cnt": 25}, "FIZICA TEH": {"medie": 3.85, "reusita": 14.285714285714285, "cnt": 7}, "CHIMIE ANORGANICA TEH NIVEL I/II": {"medie": 6.264285714285714, "reusita": 85.71428571428571, "cnt": 7}, "CHIMIE ORGANICA TEH NIVEL I/II": {"medie": 2.2, "reusita": 0.0, "cnt": 1}}, "nume": "COLEGIUL TEHNIC \"IOAN C. STEFANESCU\", IASI\tIa\u0219i"}