{"specializari": {"TEHNICIAN PROIECTANT CAD": 24, "TEHNICIAN OPERATOR TEHNICA DE CALCUL": 27, "TEHNICIAN IN ACTIVITATI ECONOMICE": 30, "TEHNICIAN IN INSTALATII ELECTRICE": 24, "TEHNICIAN MECANIC PENTRU INTRETINERE SI REPARATII": 12, "TEHNICIAN IN CONSTRUCTII SI LUCRARI PUBLICE": 19, "TEHNICIAN DESIGNER VESTIMENTAR": 7, "TEHNICIAN INSTALATOR PENTRU CONSTRUCTII": 1, "TEHNICIAN ELECTROTEHNIST": 2}, "limba_moderna": {"LIMBA ENGLEZA": 139, "LIMBA FRANCEZA": 7}, "limba_materna": {"LIMBA ROMANA": 146}, "promotie_anterioara": {"NU": 134, "DA": 12}, "materii": {"LIMBA ROMANA": {"medie": 7.015328467153284, "reusita": 88.35616438356165, "cnt": 146}, "MATEMATICA TEHN": {"medie": 6.856569343065695, "reusita": 78.08219178082192, "cnt": 146}, "BIOLOGIE VEGETALA SI ANIMALA": {"medie": 5.357142857142856, "reusita": 59.210526315789465, "cnt": 76}, "GENERAL": {"medie": 6.603855721393034, "reusita": 62.328767123287676, "cnt": 146}, "LOGICA, ARGUMENTARE SI COMUNICARE": {"medie": 4.975, "reusita": 50.0, "cnt": 2}, "GEOGRAFIE": {"medie": 7.196153846153847, "reusita": 92.85714285714286, "cnt": 28}, "FIZICA TEH": {"medie": 5.868055555555554, "reusita": 73.68421052631578, "cnt": 38}, "CHIMIE ANORGANICA TEH NIVEL I/II": {"medie": 4.625, "reusita": 50.0, "cnt": 2}}, "nume": "COLEGIUL TEHNIC \"VICTOR UNGUREANU\" CAMPIA TURZII\tCluj"}