{"specializari": {"FILOLOGIE": 70, "STIINTE ALE NATURII": 66, "MATEMATICA-INFORMATICA": 61, "STIINTE SOCIALE": 71}, "limba_moderna": {"LIMBA ENGLEZA": 263, "LIMBA FRANCEZA": 3, "LIMBA GERMANA MODERNA": 2}, "limba_materna": {"LIMBA ROMANA": 267, "LIMBA GERMANA": 1}, "promotie_anterioara": {"NU": 262, "DA": 6}, "materii": {"LIMBA ROMANA": {"medie": 8.50746268656717, "reusita": 99.6268656716418, "cnt": 268}, "BIOLOGIE VEGETALA SI ANIMALA": {"medie": 7.699999999999999, "reusita": 100.0, "cnt": 4}, "GENERAL": {"medie": 8.511986940298508, "reusita": 97.76119402985076, "cnt": 268}, "MATEMATICA ST-NAT": {"medie": 8.531818181818181, "reusita": 100.0, "cnt": 66}, "CHIMIE ORGANICA TEO NIVEL I/II": {"medie": 9.6, "reusita": 100.0, "cnt": 2}, "ISTORIE": {"medie": 8.240425531914893, "reusita": 100.0, "cnt": 141}, "LOGICA, ARGUMENTARE SI COMUNICARE": {"medie": 10.0, "reusita": 100.0, "cnt": 1}, "MATEMATICA MATE-INFO": {"medie": 8.714754098360656, "reusita": 100.0, "cnt": 61}, "INFORMATICA MI C/C++": {"medie": 8.781944444444445, "reusita": 100.0, "cnt": 36}, "GEOGRAFIE": {"medie": 8.414999999999997, "reusita": 100.0, "cnt": 110}, "ANATOMIE SI FIZIOLOGIE UMANA, GENETICA SI ECOLOGIE UMANA": {"medie": 9.086666666666668, "reusita": 98.66666666666667, "cnt": 75}, "FIZICA TEO": {"medie": 6.75, "reusita": 100.0, "cnt": 10}, "SOCIOLOGIE": {"medie": 8.480357142857143, "reusita": 100.0, "cnt": 28}, "LIMBA GERMANA": {"medie": 6.1, "reusita": 100.0, "cnt": 1}, "ECONOMIE": {"medie": 9.35, "reusita": 100.0, "cnt": 2}}, "nume": "COLEGIUL NATIONAL BANATEAN TIMISOARA\tTimi\u0219"}