{"specializari": {"MATEMATICA-INFORMATICA": 31, "FILOLOGIE": 39, "STIINTE ALE NATURII": 120, "STIINTE SOCIALE": 33}, "limba_moderna": {"LIMBA FRANCEZA": 8, "LIMBA ENGLEZA": 215}, "limba_materna": {"LIMBA ROMANA": 223}, "promotie_anterioara": {"NU": 221, "DA": 2}, "materii": {"LIMBA ROMANA": {"medie": 8.371524663677128, "reusita": 100.0, "cnt": 223}, "BIOLOGIE VEGETALA SI ANIMALA": {"medie": 9.424999999999999, "reusita": 100.0, "cnt": 6}, "GENERAL": {"medie": 8.389088191330345, "reusita": 97.75784753363229, "cnt": 223}, "MATEMATICA ST-NAT": {"medie": 8.287083333333332, "reusita": 98.33333333333333, "cnt": 120}, "CHIMIE ORGANICA TEO NIVEL I/II": {"medie": 9.023529411764706, "reusita": 100.0, "cnt": 17}, "ISTORIE": {"medie": 7.375694444444445, "reusita": 100.0, "cnt": 72}, "MATEMATICA MATE-INFO": {"medie": 9.046774193548387, "reusita": 100.0, "cnt": 31}, "INFORMATICA MI C/C++": {"medie": 9.74, "reusita": 100.0, "cnt": 5}, "GEOGRAFIE": {"medie": 8.566037735849054, "reusita": 98.11320754716981, "cnt": 53}, "ANATOMIE SI FIZIOLOGIE UMANA, GENETICA SI ECOLOGIE UMANA": {"medie": 8.536363636363637, "reusita": 98.86363636363636, "cnt": 88}, "FIZICA TEO": {"medie": 8.869696969696973, "reusita": 100.0, "cnt": 33}, "SOCIOLOGIE": {"medie": 8.581818181818182, "reusita": 100.0, "cnt": 11}, "PSIHOLOGIE": {"medie": 9.0, "reusita": 100.0, "cnt": 3}, "ECONOMIE": {"medie": 8.66, "reusita": 100.0, "cnt": 5}, "INFORMATICA MI PASCAL": {"medie": 9.125, "reusita": 100.0, "cnt": 2}}, "nume": "COLEGIUL NATIONAL ALEXANDRU LAHOVARI, MUN. RM. VALCEA\tV\u00e2lcea"}