{"specializari": {"TEHNICIAN IN INDUSTRIA ALIMENTARA": 3, "TEHNICIAN IN GASTRONOMIE": 16, "TEHNICIAN MECANIC PENTRU INTRETINERE SI REPARATII": 4, "TEHNICIAN ANALIZE PRODUSE ALIMENTARE": 4, "TEHNICIAN OPERATOR TEHNICA DE CALCUL": 4, "TEHNICIAN ELECTROTEHNIST": 1, "TEHNICIAN ECOLOG SI PROTECTIA CALITATII MEDIULUI": 13, "TEHNICIAN IN ACTIVITATI ECONOMICE": 25, "TEHNICIAN DESIGNER MOBILA SI AMENAJARI INTERIOARE": 4, "TEHNICIAN IN INSTALATII ELECTRICE": 4, "TEHNICIAN IN PRELUCRAREA LEMNULUI": 1}, "limba_moderna": {"LIMBA ENGLEZA": 67, "LIMBA FRANCEZA": 1, "LIMBA GERMANA MODERNA": 11}, "limba_materna": {"LIMBA ROMANA": 79}, "promotie_anterioara": {"DA": 29, "NU": 50}, "materii": {"LIMBA ROMANA": {"medie": 6.421333333333334, "reusita": 87.34177215189874, "cnt": 79}, "MATEMATICA TEHN": {"medie": 6.264788732394368, "reusita": 75.9493670886076, "cnt": 79}, "BIOLOGIE VEGETALA SI ANIMALA": {"medie": 4.3909090909090915, "reusita": 28.57142857142857, "cnt": 14}, "GENERAL": {"medie": 6.37857142857143, "reusita": 56.9620253164557, "cnt": 79}, "LOGICA, ARGUMENTARE SI COMUNICARE": {"medie": 7.760526315789474, "reusita": 100.0, "cnt": 19}, "GEOGRAFIE": {"medie": 6.7318181818181815, "reusita": 100.0, "cnt": 22}, "ANATOMIE SI FIZIOLOGIE UMANA, GENETICA SI ECOLOGIE UMANA": {"medie": 4.6875, "reusita": 40.0, "cnt": 5}, "CHIMIE ANORGANICA TEH NIVEL I/II": {"medie": 5.679999999999999, "reusita": 57.89473684210527, "cnt": 19}}, "nume": "COLEGIUL TEHNIC \"SIMION MEHEDINTI\" CODLEA\tBra\u0219ov"}