{"specializari": {"INVATATOR - EDUCATOARE": 85, "STIINTE SOCIALE": 62, "FILOLOGIE": 61}, "limba_moderna": {"LIMBA ENGLEZA": 203, "LIMBA GERMANA MODERNA": 5}, "limba_materna": {"LIMBA ROMANA": 121, "LIMBA MAGHIARA": 87}, "promotie_anterioara": {"NU": 203, "DA": 5}, "materii": {"LIMBA ROMANA": {"medie": 7.042926829268294, "reusita": 93.26923076923077, "cnt": 208}, "GENERAL": {"medie": 7.529616013071893, "reusita": 87.01923076923077, "cnt": 208}, "ISTORIE": {"medie": 7.558536585365854, "reusita": 100.0, "cnt": 123}, "LOGICA, ARGUMENTARE SI COMUNICARE": {"medie": 8.65, "reusita": 100.0, "cnt": 3}, "GEOGRAFIE": {"medie": 7.911979166666666, "reusita": 97.9381443298969, "cnt": 194}, "MATEMATICA PED": {"medie": 7.14583333333333, "reusita": 94.11764705882352, "cnt": 85}, "SOCIOLOGIE": {"medie": 8.014285714285714, "reusita": 100.0, "cnt": 7}, "PSIHOLOGIE": {"medie": 7.4125, "reusita": 100.0, "cnt": 4}, "LIMBA MAGHIARA (UMAN)": {"medie": 7.874418604651161, "reusita": 98.85057471264368, "cnt": 87}}, "nume": "COLEGIUL NATIONAL PEDAGOGIC \"MIHAI EMINESCU\" TIRGU MURES\tMure\u0219"}