{"specializari": {"TEHNICIAN ECOLOG SI PROTECTIA CALITATII MEDIULUI": 21, "TEHNICIAN IN TURISM": 21, "TEHNICIAN VETERINAR": 13, "TEHNICIAN ANALIZE PRODUSE ALIMENTARE": 40, "TEHNICIAN IN ACTIVITATI ECONOMICE": 63, "TEHNICIAN IN INDUSTRIA ALIMENTARA": 21, "ORGANIZATOR BANQUETING": 25}, "limba_moderna": {"LIMBA ENGLEZA": 158, "LIMBA FRANCEZA": 46}, "limba_materna": {"LIMBA ROMANA": 204}, "promotie_anterioara": {"DA": 14, "NU": 190}, "materii": {"LIMBA ROMANA": {"medie": 6.392385786802031, "reusita": 82.84313725490196, "cnt": 204}, "MATEMATICA TEHN": {"medie": 5.0371794871794835, "reusita": 57.84313725490197, "cnt": 204}, "BIOLOGIE VEGETALA SI ANIMALA": {"medie": 5.56, "reusita": 58.333333333333336, "cnt": 12}, "GENERAL": {"medie": 6.039378238341966, "reusita": 44.6078431372549, "cnt": 204}, "LOGICA, ARGUMENTARE SI COMUNICARE": {"medie": 7.583333333333333, "reusita": 100.0, "cnt": 3}, "GEOGRAFIE": {"medie": 7.298076923076921, "reusita": 93.39622641509435, "cnt": 106}, "ANATOMIE SI FIZIOLOGIE UMANA, GENETICA SI ECOLOGIE UMANA": {"medie": 5.677464788732394, "reusita": 68.0, "cnt": 75}, "CHIMIE ANORGANICA TEH NIVEL I/II": {"medie": 5.821428571428571, "reusita": 75.0, "cnt": 8}}, "nume": "COLEGIUL \"ANDRONIC MOTRESCU\" RADAUTI\tSuceava"}