{"specializari": {"TEHNICIAN IN ACTIVITATI DE COMERT": 3, "TEHNICIAN VETERINAR": 13, "TEHNICIAN TRANSPORTURI": 6, "TEHNICIAN OPERATOR TEHNICA DE CALCUL": 13, "TEHNICIAN AGRONOM": 7, "TEHNICIAN ANALIZE PRODUSE ALIMENTARE": 2, "TEHNICIAN IN ACTIVITATI ECONOMICE": 5}, "limba_moderna": {"LIMBA ENGLEZA": 44, "LIMBA FRANCEZA": 5}, "limba_materna": {"LIMBA ROMANA": 49}, "promotie_anterioara": {"NU": 29, "DA": 20}, "materii": {"LIMBA ROMANA": {"medie": 4.796666666666667, "reusita": 53.06122448979592, "cnt": 49}, "MATEMATICA TEHN": {"medie": 3.021428571428572, "reusita": 26.53061224489796, "cnt": 49}, "BIOLOGIE VEGETALA SI ANIMALA": {"medie": 3.9607142857142854, "reusita": 21.052631578947366, "cnt": 19}, "GENERAL": {"medie": 4.04430894308943, "reusita": 10.204081632653061, "cnt": 49}, "GEOGRAFIE": {"medie": 5.7124999999999995, "reusita": 75.0, "cnt": 8}, "ANATOMIE SI FIZIOLOGIE UMANA, GENETICA SI ECOLOGIE UMANA": {"medie": 4.069999999999999, "reusita": 37.5, "cnt": 16}, "FIZICA TEH": {"medie": 2.6749999999999994, "reusita": 0.0, "cnt": 6}}, "nume": "COLEGIUL NATIONAL AGRICOL \"CAROL I\" SLATINA\tOlt"}