{"specializari": {"TEHNICIAN IN ACTIVITATI ECONOMICE": 59, "TEHNICIAN IN ACHIZITII SI CONTRACTARI": 48, "TEHNICIAN IN TURISM": 28, "TEHNICIAN IN GASTRONOMIE": 31, "TEHNICIAN IN ADMINISTRATIE": 29, "ORGANIZATOR BANQUETING": 25}, "limba_moderna": {"LIMBA ENGLEZA": 202, "LIMBA FRANCEZA": 18}, "limba_materna": {"LIMBA ROMANA": 220}, "promotie_anterioara": {"NU": 215, "DA": 5}, "materii": {"LIMBA ROMANA": {"medie": 7.934999999999997, "reusita": 99.0909090909091, "cnt": 220}, "MATEMATICA TEHN": {"medie": 8.863863636363634, "reusita": 99.54545454545455, "cnt": 220}, "GENERAL": {"medie": 8.410454545454542, "reusita": 96.81818181818181, "cnt": 220}, "GEOGRAFIE": {"medie": 8.424292452830187, "reusita": 99.52830188679245, "cnt": 212}, "ECONOMIE": {"medie": 8.65, "reusita": 100.0, "cnt": 8}}, "nume": "COLEGIUL ECONOMIC \"MIHAIL KOGALNICEANU\" FOCSANI\tVrancea"}