{"specializari": {"MATEMATICA-INFORMATICA": 69, "STIINTE SOCIALE": 33, "STIINTE ALE NATURII": 63, "FILOLOGIE": 35}, "limba_moderna": {"LIMBA ENGLEZA": 192, "LIMBA FRANCEZA": 7, "LIMBA GERMANA MODERNA": 1}, "limba_materna": {"LIMBA ROMANA": 200}, "promotie_anterioara": {"NU": 198, "DA": 2}, "materii": {"LIMBA ROMANA": {"medie": 8.674499999999998, "reusita": 100.0, "cnt": 200}, "BIOLOGIE VEGETALA SI ANIMALA": {"medie": 8.582, "reusita": 100.0, "cnt": 25}, "GENERAL": {"medie": 8.777583333333329, "reusita": 99.0, "cnt": 200}, "MATEMATICA ST-NAT": {"medie": 8.955555555555557, "reusita": 100.0, "cnt": 63}, "CHIMIE ORGANICA TEO NIVEL I/II": {"medie": 8.819999999999999, "reusita": 100.0, "cnt": 5}, "INFORMATICA SN C/C++": {"medie": 10.0, "reusita": 100.0, "cnt": 2}, "ISTORIE": {"medie": 8.111764705882354, "reusita": 100.0, "cnt": 68}, "LOGICA, ARGUMENTARE SI COMUNICARE": {"medie": 8.95, "reusita": 100.0, "cnt": 2}, "MATEMATICA MATE-INFO": {"medie": 9.055797101449278, "reusita": 100.0, "cnt": 69}, "INFORMATICA MI C/C++": {"medie": 9.368181818181817, "reusita": 100.0, "cnt": 33}, "GEOGRAFIE": {"medie": 8.547619047619047, "reusita": 100.0, "cnt": 63}, "ANATOMIE SI FIZIOLOGIE UMANA, GENETICA SI ECOLOGIE UMANA": {"medie": 9.294827586206896, "reusita": 100.0, "cnt": 58}, "FIZICA TEO": {"medie": 9.4, "reusita": 100.0, "cnt": 7}, "CHIMIE ANORGANICA TEO NIVEL I/II": {"medie": 7.6, "reusita": 100.0, "cnt": 2}, "PSIHOLOGIE": {"medie": 7.8, "reusita": 100.0, "cnt": 1}, "ECONOMIE": {"medie": 9.45, "reusita": 100.0, "cnt": 2}}, "nume": "COLEGIUL NATIONAL \"MIHAI EMINESCU\" SATU MARE\tSatu-Mare"}