{"specializari": {"TEHNICIAN ECOLOG SI PROTECTIA CALITATII MEDIULUI": 46, "TEHNICIAN CHIMIST DE LABORATOR": 8, "TEHNICIAN IN INSTALATII ELECTRICE": 11, "TEHNICIAN IN SILVICULTURA SI EXPLOATARI FORESTIERE": 12}, "limba_moderna": {"LIMBA ENGLEZA": 37, "LIMBA FRANCEZA": 40}, "limba_materna": {"LIMBA ROMANA": 77}, "promotie_anterioara": {"NU": 66, "DA": 11}, "materii": {"LIMBA ROMANA": {"medie": 5.6033783783783795, "reusita": 83.11688311688312, "cnt": 77}, "MATEMATICA TEHN": {"medie": 6.578082191780822, "reusita": 81.81818181818183, "cnt": 77}, "BIOLOGIE VEGETALA SI ANIMALA": {"medie": 5.754545454545454, "reusita": 61.53846153846154, "cnt": 13}, "GENERAL": {"medie": 5.934490740740739, "reusita": 49.35064935064935, "cnt": 77}, "ANATOMIE SI FIZIOLOGIE UMANA, GENETICA SI ECOLOGIE UMANA": {"medie": 5.885106382978724, "reusita": 77.08333333333334, "cnt": 48}, "FIZICA TEH": {"medie": 3.3000000000000003, "reusita": 0.0, "cnt": 8}, "CHIMIE ANORGANICA TEH NIVEL I/II": {"medie": 5.385714285714286, "reusita": 50.0, "cnt": 8}}, "nume": "COLEGIUL TEHNIC \"CD NENITESCU\" BAIA MARE\tMaramure\u0219"}