{"specializari": {"TEHNICIAN ECOLOG SI PROTECTIA CALITATII MEDIULUI": 4, "TEHNICIAN MECANIC PENTRU INTRETINERE SI REPARATII": 2, "MATEMATICA-INFORMATICA": 1, "TEHNICIAN IN TURISM": 1}, "limba_moderna": {"LIMBA ENGLEZA": 6, "LIMBA FRANCEZA": 2}, "limba_materna": {"LIMBA ROMANA": 8}, "promotie_anterioara": {"NU": 6, "DA": 2}, "materii": {"LIMBA ROMANA": {"medie": 5.55, "reusita": 62.5, "cnt": 8}, "MATEMATICA TEHN": {"medie": 4.375000000000001, "reusita": 42.857142857142854, "cnt": 7}, "BIOLOGIE VEGETALA SI ANIMALA": {"medie": 4.75, "reusita": 42.857142857142854, "cnt": 7}, "GENERAL": {"medie": 5.023809523809524, "reusita": 25.0, "cnt": 8}, "MATEMATICA MATE-INFO": {"medie": 5.0, "reusita": 100.0, "cnt": 1}, "GEOGRAFIE": {"medie": 6.9, "reusita": 100.0, "cnt": 1}}, "nume": "COLEGIUL TEHNIC \"DR. ALEXANDU BARBAT\" VICTORIA\tBra\u0219ov"}