{"specializari": {"STIINTE ALE NATURII": 61, "FILOLOGIE": 65, "STIINTE SOCIALE": 28, "INVATATOR - EDUCATOARE": 32, "MATEMATICA-INFORMATICA": 61}, "limba_moderna": {"LIMBA ENGLEZA": 238, "LIMBA GERMANA MODERNA": 2, "LIMBA FRANCEZA": 7}, "limba_materna": {"LIMBA ROMANA": 247}, "promotie_anterioara": {"NU": 232, "DA": 15}, "materii": {"LIMBA ROMANA": {"medie": 7.595951417004045, "reusita": 96.76113360323887, "cnt": 247}, "BIOLOGIE VEGETALA SI ANIMALA": {"medie": 7.8244444444444445, "reusita": 97.77777777777777, "cnt": 45}, "GENERAL": {"medie": 7.66084010840109, "reusita": 88.25910931174089, "cnt": 247}, "MATEMATICA ST-NAT": {"medie": 7.251639344262298, "reusita": 95.08196721311475, "cnt": 61}, "CHIMIE ORGANICA TEO NIVEL I/II": {"medie": 7.383333333333333, "reusita": 100.0, "cnt": 6}, "ISTORIE": {"medie": 6.940860215053766, "reusita": 100.0, "cnt": 93}, "MATEMATICA MATE-INFO": {"medie": 8.431147540983606, "reusita": 98.36065573770492, "cnt": 61}, "INFORMATICA MI C/C++": {"medie": 7.797058823529411, "reusita": 100.0, "cnt": 17}, "GEOGRAFIE": {"medie": 7.8130081300812995, "reusita": 99.19354838709677, "cnt": 124}, "ANATOMIE SI FIZIOLOGIE UMANA, GENETICA SI ECOLOGIE UMANA": {"medie": 8.618181818181817, "reusita": 96.96969696969697, "cnt": 33}, "MATEMATICA PED": {"medie": 7.029687499999999, "reusita": 93.75, "cnt": 32}, "PSIHOLOGIE": {"medie": 8.9, "reusita": 100.0, "cnt": 1}, "INFORMATICA MI PASCAL": {"medie": 8.607142857142858, "reusita": 100.0, "cnt": 21}}, "nume": "COLEGIUL NATIONAL \"IOAN SLAVICI\" SATU MARE\tSatu-Mare"}