{"specializari": {"TEHNICIAN ECOLOG SI PROTECTIA CALITATII MEDIULUI": 38, "TEHNICIAN OPERATOR TEHNICA DE CALCUL": 2, "TEHNICIAN ANALIZE PRODUSE ALIMENTARE": 21, "TEHNICIAN CHIMIST DE LABORATOR": 13, "TEHNICIAN IN INSTALATII ELECTRICE": 8, "TEHNICIAN IN CHIMIE INDUSTRIALA": 1, "TEHNICIAN IN INDUSTRIA TEXTILA": 2, "TEHNICIAN PRELUCRARI MECANICE": 1}, "limba_moderna": {"LIMBA ENGLEZA": 74, "LIMBA FRANCEZA": 12}, "limba_materna": {"LIMBA ROMANA": 86}, "promotie_anterioara": {"NU": 59, "DA": 27}, "materii": {"LIMBA ROMANA": {"medie": 6.583333333333333, "reusita": 91.86046511627907, "cnt": 86}, "MATEMATICA TEHN": {"medie": 6.53719512195122, "reusita": 82.55813953488372, "cnt": 86}, "BIOLOGIE VEGETALA SI ANIMALA": {"medie": 6.131818181818182, "reusita": 78.26086956521739, "cnt": 23}, "GENERAL": {"medie": 6.469958847736623, "reusita": 56.97674418604651, "cnt": 86}, "ANATOMIE SI FIZIOLOGIE UMANA, GENETICA SI ECOLOGIE UMANA": {"medie": 6.496428571428572, "reusita": 84.48275862068965, "cnt": 58}, "FIZICA TEH": {"medie": 5.15, "reusita": 80.0, "cnt": 5}}, "nume": "COLEGIUL TEHNIC \"G-RAL GHEORGHE MAGHERU\" TG-JIU\tGorj"}