{"specializari": {"MATEMATICA-INFORMATICA": 25, "TEOLOGIE ROMANO-CATOLICA": 29}, "limba_moderna": {"LIMBA ENGLEZA": 53, "LIMBA GERMANA MODERNA": 1}, "limba_materna": {"LIMBA ROMANA": 54}, "promotie_anterioara": {"NU": 49, "DA": 5}, "materii": {"LIMBA ROMANA": {"medie": 8.468518518518518, "reusita": 100.0, "cnt": 54}, "BIOLOGIE VEGETALA SI ANIMALA": {"medie": 7.666666666666667, "reusita": 100.0, "cnt": 3}, "GENERAL": {"medie": 7.67685185185185, "reusita": 85.18518518518519, "cnt": 54}, "CHIMIE ORGANICA TEO NIVEL I/II": {"medie": 8.225, "reusita": 100.0, "cnt": 2}, "ISTORIE": {"medie": 6.877586206896553, "reusita": 96.55172413793103, "cnt": 29}, "MATEMATICA MATE-INFO": {"medie": 8.078000000000001, "reusita": 100.0, "cnt": 25}, "INFORMATICA MI C/C++": {"medie": 9.149999999999999, "reusita": 100.0, "cnt": 2}, "GEOGRAFIE": {"medie": 7.4350000000000005, "reusita": 90.0, "cnt": 20}, "ANATOMIE SI FIZIOLOGIE UMANA, GENETICA SI ECOLOGIE UMANA": {"medie": 6.083333333333333, "reusita": 83.33333333333334, "cnt": 6}, "FIZICA TEO": {"medie": 8.616666666666667, "reusita": 100.0, "cnt": 3}, "CHIMIE ANORGANICA TEO NIVEL I/II": {"medie": 7.050000000000001, "reusita": 100.0, "cnt": 9}, "PSIHOLOGIE": {"medie": 5.492857142857142, "reusita": 71.42857142857143, "cnt": 7}, "FILOSOFIE": {"medie": 7.125, "reusita": 100.0, "cnt": 2}}, "nume": "COLEGIUL ROMANO-CATOLIC \"SFANTUL IOSIF\"\tBucure\u0219ti"}