{"specializari": {"STIINTE ALE NATURII": 98, "MATEMATICA-INFORMATICA": 27}, "limba_moderna": {"LIMBA ENGLEZA": 117, "LIMBA FRANCEZA": 8}, "limba_materna": {"LIMBA ROMANA": 125}, "promotie_anterioara": {"NU": 117, "DA": 8}, "materii": {"LIMBA ROMANA": {"medie": 8.1916, "reusita": 99.2, "cnt": 125}, "BIOLOGIE VEGETALA SI ANIMALA": {"medie": 7.976315789473685, "reusita": 100.0, "cnt": 19}, "GENERAL": {"medie": 8.042876344086025, "reusita": 89.60000000000001, "cnt": 125}, "MATEMATICA ST-NAT": {"medie": 7.474489795918369, "reusita": 93.87755102040816, "cnt": 98}, "CHIMIE ORGANICA TEO NIVEL I/II": {"medie": 8.75, "reusita": 100.0, "cnt": 2}, "MATEMATICA MATE-INFO": {"medie": 8.420370370370371, "reusita": 100.0, "cnt": 27}, "INFORMATICA MI C/C++": {"medie": 8.090909090909092, "reusita": 100.0, "cnt": 11}, "ANATOMIE SI FIZIOLOGIE UMANA, GENETICA SI ECOLOGIE UMANA": {"medie": 8.276630434782607, "reusita": 97.84946236559139, "cnt": 93}}, "nume": "COLEGIUL NATIONAL \"ANA ASLAN\" TIMISOARA\tTimi\u0219"}