{"specializari": {"TEHNICIAN OPERATOR TEHNICA DE CALCUL": 12, "MATEMATICA-INFORMATICA": 37, "TEHNICIAN ELECTRONIST": 11, "TEHNICIAN IN AUTOMATIZARI": 19, "TEHNICIAN MECANIC PENTRU INTRETINERE SI REPARATII": 6, "TEHNICIAN MECATRONIST": 11, "TEHNICIAN IN INSTALATII ELECTRICE": 12, "FILOLOGIE": 32, "STIINTE SOCIALE": 33, "STIINTE ALE NATURII": 20, "TEHNICIAN PROIECTANT CAD": 1}, "limba_moderna": {"LIMBA ENGLEZA": 190, "LIMBA FRANCEZA": 4}, "limba_materna": {"LIMBA ROMANA": 194}, "promotie_anterioara": {"NU": 157, "DA": 37}, "materii": {"LIMBA ROMANA": {"medie": 6.4464673913043455, "reusita": 88.65979381443299, "cnt": 194}, "MATEMATICA TEHN": {"medie": 6.430882352941178, "reusita": 81.94444444444444, "cnt": 72}, "BIOLOGIE VEGETALA SI ANIMALA": {"medie": 5.504098360655739, "reusita": 68.75, "cnt": 64}, "GENERAL": {"medie": 6.556135531135529, "reusita": 58.76288659793815, "cnt": 194}, "MATEMATICA ST-NAT": {"medie": 6.227777777777778, "reusita": 70.0, "cnt": 20}, "ISTORIE": {"medie": 6.1499999999999995, "reusita": 86.15384615384616, "cnt": 65}, "LOGICA, ARGUMENTARE SI COMUNICARE": {"medie": 8.504545454545456, "reusita": 91.30434782608695, "cnt": 23}, "MATEMATICA MATE-INFO": {"medie": 6.429729729729731, "reusita": 86.48648648648648, "cnt": 37}, "INFORMATICA MI C/C++": {"medie": 8.9, "reusita": 100.0, "cnt": 2}, "GEOGRAFIE": {"medie": 7.637179487179487, "reusita": 85.71428571428571, "cnt": 42}, "ANATOMIE SI FIZIOLOGIE UMANA, GENETICA SI ECOLOGIE UMANA": {"medie": 7.205882352941176, "reusita": 86.79245283018868, "cnt": 53}, "FIZICA TEO": {"medie": 7.15, "reusita": 100.0, "cnt": 2}, "FIZICA TEH": {"medie": 5.3374999999999995, "reusita": 62.5, "cnt": 8}}, "nume": "COLEGIUL TEHNIC \"GHEORGHE ASACHI\" BOTOSANI\tBoto\u0219ani"}