{"specializari": {"MATEMATICA-INFORMATICA": 90, "FILOLOGIE": 109, "STIINTE ALE NATURII": 35}, "limba_moderna": {"LIMBA ENGLEZA": 194, "LIMBA FRANCEZA": 29, "LIMBA JAPONEZA": 11}, "limba_materna": {"LIMBA ROMANA": 234}, "promotie_anterioara": {"NU": 229, "DA": 5}, "materii": {"LIMBA ROMANA": {"medie": 8.376824034334764, "reusita": 99.57264957264957, "cnt": 234}, "BIOLOGIE VEGETALA SI ANIMALA": {"medie": 8.596666666666668, "reusita": 100.0, "cnt": 15}, "GENERAL": {"medie": 8.473605150214588, "reusita": 96.58119658119658, "cnt": 234}, "MATEMATICA ST-NAT": {"medie": 8.738571428571428, "reusita": 100.0, "cnt": 35}, "CHIMIE ORGANICA TEO NIVEL I/II": {"medie": 8.664285714285715, "reusita": 100.0, "cnt": 21}, "ISTORIE": {"medie": 7.599082568807339, "reusita": 98.1651376146789, "cnt": 109}, "LOGICA, ARGUMENTARE SI COMUNICARE": {"medie": 9.099999999999998, "reusita": 100.0, "cnt": 7}, "MATEMATICA MATE-INFO": {"medie": 9.096666666666671, "reusita": 98.88888888888889, "cnt": 90}, "INFORMATICA MI C/C++": {"medie": 9.015, "reusita": 100.0, "cnt": 10}, "GEOGRAFIE": {"medie": 8.924999999999999, "reusita": 100.0, "cnt": 28}, "ANATOMIE SI FIZIOLOGIE UMANA, GENETICA SI ECOLOGIE UMANA": {"medie": 8.66891891891892, "reusita": 100.0, "cnt": 37}, "FIZICA TEO": {"medie": 8.533333333333335, "reusita": 100.0, "cnt": 42}, "SOCIOLOGIE": {"medie": 8.774509803921566, "reusita": 100.0, "cnt": 51}, "PSIHOLOGIE": {"medie": 8.3, "reusita": 100.0, "cnt": 7}, "ECONOMIE": {"medie": 8.675, "reusita": 100.0, "cnt": 10}, "FILOSOFIE": {"medie": 8.608333333333334, "reusita": 100.0, "cnt": 6}}, "nume": "COLEGIUL NATIONAL \"ION CREANGA\"\tBucure\u0219ti"}