{"specializari": {"STIINTE ALE NATURII": 153, "MATEMATICA-INFORMATICA": 50, "FILOLOGIE": 1}, "limba_moderna": {"LIMBA ENGLEZA": 180, "LIMBA FRANCEZA": 19, "LIMBA GERMANA MODERNA": 5}, "limba_materna": {"LIMBA ROMANA": 204}, "promotie_anterioara": {"NU": 203, "DA": 1}, "materii": {"LIMBA ROMANA": {"medie": 8.527339901477834, "reusita": 99.50980392156863, "cnt": 204}, "BIOLOGIE VEGETALA SI ANIMALA": {"medie": 8.90055555555556, "reusita": 98.9010989010989, "cnt": 91}, "GENERAL": {"medie": 8.718883415435137, "reusita": 99.01960784313727, "cnt": 204}, "MATEMATICA ST-NAT": {"medie": 8.759150326797384, "reusita": 99.34640522875817, "cnt": 153}, "CHIMIE ORGANICA TEO NIVEL I/II": {"medie": 8.125, "reusita": 100.0, "cnt": 6}, "INFORMATICA SN C/C++": {"medie": 8.855555555555554, "reusita": 100.0, "cnt": 9}, "ISTORIE": {"medie": 5.85, "reusita": 100.0, "cnt": 1}, "MATEMATICA MATE-INFO": {"medie": 8.935714285714287, "reusita": 98.0, "cnt": 50}, "INFORMATICA MI C/C++": {"medie": 9.011666666666665, "reusita": 100.0, "cnt": 30}, "GEOGRAFIE": {"medie": 5.1, "reusita": 100.0, "cnt": 1}, "ANATOMIE SI FIZIOLOGIE UMANA, GENETICA SI ECOLOGIE UMANA": {"medie": 8.933695652173913, "reusita": 100.0, "cnt": 46}, "FIZICA TEO": {"medie": 8.778125, "reusita": 100.0, "cnt": 16}, "CHIMIE ANORGANICA TEO NIVEL I/II": {"medie": 7.709999999999999, "reusita": 100.0, "cnt": 5}}, "nume": "COLEGIUL NATIONAL \"GHEORGHE LAZAR\" SIBIU\tSibiu"}