{"specializari": {"TEHNICIAN IN INSTALATII ELECTRICE": 4, "TEHNICIAN OPERATOR PROCESARE TEXT IMAGINE": 5, "TEHNICIAN DE TELECOMUNICATII": 10, "TEHNICIAN OPERATOR TEHNICA DE CALCUL": 13, "TEHNICIAN TRANSPORTURI": 9, "TEHNICIAN PROIECTANT CAD": 7, "TEHNICIAN ELECTRICIAN/ELECTRONIST AUTO": 3, "TEHNICIAN ELECTROTEHNIST": 1, "STIINTE ALE NATURII": 1, "TEHNICIAN ELECTRONIST": 1}, "limba_moderna": {"LIMBA ENGLEZA": 45, "LIMBA FRANCEZA": 9}, "limba_materna": {"LIMBA ROMANA": 54}, "promotie_anterioara": {"DA": 34, "NU": 20}, "materii": {"LIMBA ROMANA": {"medie": 6.049056603773585, "reusita": 94.44444444444444, "cnt": 54}, "MATEMATICA TEHN": {"medie": 6.339423076923075, "reusita": 88.67924528301887, "cnt": 53}, "BIOLOGIE VEGETALA SI ANIMALA": {"medie": 5.515555555555555, "reusita": 65.21739130434783, "cnt": 46}, "GENERAL": {"medie": 5.948039215686275, "reusita": 35.18518518518518, "cnt": 54}, "MATEMATICA ST-NAT": {"medie": 3.35, "reusita": 0.0, "cnt": 1}, "FIZICA TEH": {"medie": 3.75, "reusita": 0.0, "cnt": 1}, "CHIMIE ANORGANICA TEH NIVEL I/II": {"medie": 4.942857142857143, "reusita": 57.14285714285714, "cnt": 7}}, "nume": "COLEGIUL TEHNIC DE TRANSPORTURI BRASOV\tBra\u0219ov"}