{"specializari": {"STIINTE ALE NATURII": 35, "MATEMATICA-INFORMATICA": 123, "STIINTE SOCIALE": 36, "FILOLOGIE": 35}, "limba_moderna": {"LIMBA ENGLEZA": 183, "LIMBA GERMANA MODERNA": 2, "LIMBA FRANCEZA": 44}, "limba_materna": {"LIMBA ROMANA": 229}, "promotie_anterioara": {"NU": 229}, "materii": {"LIMBA ROMANA": {"medie": 8.977510917030566, "reusita": 100.0, "cnt": 229}, "GENERAL": {"medie": 9.13668122270742, "reusita": 100.0, "cnt": 229}, "MATEMATICA ST-NAT": {"medie": 9.305714285714288, "reusita": 100.0, "cnt": 35}, "CHIMIE ORGANICA TEO NIVEL I/II": {"medie": 9.244776119402987, "reusita": 100.0, "cnt": 67}, "ISTORIE": {"medie": 8.597183098591549, "reusita": 100.0, "cnt": 71}, "LOGICA, ARGUMENTARE SI COMUNICARE": {"medie": 8.794999999999998, "reusita": 100.0, "cnt": 10}, "MATEMATICA MATE-INFO": {"medie": 9.595528455284553, "reusita": 100.0, "cnt": 123}, "INFORMATICA MI C/C++": {"medie": 9.16388888888889, "reusita": 100.0, "cnt": 36}, "GEOGRAFIE": {"medie": 9.370833333333332, "reusita": 100.0, "cnt": 36}, "ANATOMIE SI FIZIOLOGIE UMANA, GENETICA SI ECOLOGIE UMANA": {"medie": 9.596666666666666, "reusita": 100.0, "cnt": 15}, "FIZICA TEO": {"medie": 9.457894736842105, "reusita": 100.0, "cnt": 38}, "CHIMIE ANORGANICA TEO NIVEL I/II": {"medie": 9.75, "reusita": 100.0, "cnt": 2}, "PSIHOLOGIE": {"medie": 8.178571428571429, "reusita": 100.0, "cnt": 7}, "ECONOMIE": {"medie": 8.314705882352941, "reusita": 100.0, "cnt": 17}, "FILOSOFIE": {"medie": 8.65, "reusita": 100.0, "cnt": 1}}, "nume": "COLEGIUL NATIONAL \"VASILE ALECSANDRI\", LOCALITATEA GALATI\tGala\u021bi"}