{"specializari": {"LICEU CU PROGRAM SPORTIV": 29, "STIINTE SOCIALE": 33, "FILOLOGIE": 33, "MATEMATICA-INFORMATICA": 1, "STIINTE ALE NATURII": 16}, "limba_moderna": {"LIMBA ENGLEZA": 91, "LIMBA FRANCEZA": 21}, "limba_materna": {"LIMBA ROMANA": 112}, "promotie_anterioara": {"NU": 101, "DA": 11}, "materii": {"LIMBA ROMANA": {"medie": 5.824761904761903, "reusita": 75.89285714285714, "cnt": 112}, "BIOLOGIE VEGETALA SI ANIMALA": {"medie": 5.0125, "reusita": 22.22222222222222, "cnt": 9}, "GENERAL": {"medie": 5.968446601941747, "reusita": 45.535714285714285, "cnt": 112}, "MATEMATICA ST-NAT": {"medie": 4.956666666666667, "reusita": 62.5, "cnt": 16}, "ISTORIE": {"medie": 5.860227272727275, "reusita": 85.26315789473684, "cnt": 95}, "LOGICA, ARGUMENTARE SI COMUNICARE": {"medie": 8.8, "reusita": 100.0, "cnt": 1}, "MATEMATICA MATE-INFO": {"medie": 5.4, "reusita": 100.0, "cnt": 1}, "GEOGRAFIE": {"medie": 6.375333333333332, "reusita": 80.0, "cnt": 80}, "SOCIOLOGIE": {"medie": 7.400000000000001, "reusita": 75.0, "cnt": 4}, "CHIMIE ANORGANICA TEO NIVEL I/II": {"medie": 6.956250000000001, "reusita": 100.0, "cnt": 8}, "PSIHOLOGIE": {"medie": 5.9312499999999995, "reusita": 88.88888888888889, "cnt": 9}, "FILOSOFIE": {"medie": 6.5, "reusita": 100.0, "cnt": 1}}, "nume": "COLEGIUL SPORTIV \"NADIA COMANECI\" ONESTI\tBac\u0103u"}