{"specializari": {"TEHNICIAN IN ACTIVITATI ECONOMICE": 34}, "limba_moderna": {"LIMBA ENGLEZA": 34}, "limba_materna": {"LIMBA ROMANA": 34}, "promotie_anterioara": {"NU": 31, "DA": 3}, "materii": {"LIMBA ROMANA": {"medie": 5.916666666666668, "reusita": 76.47058823529412, "cnt": 34}, "MATEMATICA TEHN": {"medie": 5.281818181818182, "reusita": 55.88235294117647, "cnt": 34}, "GENERAL": {"medie": 5.776767676767676, "reusita": 47.05882352941176, "cnt": 34}, "GEOGRAFIE": {"medie": 6.131818181818182, "reusita": 73.52941176470588, "cnt": 34}}, "nume": "COLEGIUL DE AFACERI ALBA IULIA\tAlba"}