{"specializari": {"FILOLOGIE": 33, "STIINTE SOCIALE": 30, "MATEMATICA-INFORMATICA": 25, "TEHNICIAN DESIGNER VESTIMENTAR": 15, "TEHNICIAN IN ACTIVITATI DE COMERT": 12, "STIINTE ALE NATURII": 16, "TEHNICIAN IN CONSTRUCTII SI LUCRARI PUBLICE": 3, "TEHNICIAN IN INDUSTRIA TEXTILA": 1}, "limba_moderna": {"LIMBA ENGLEZA": 120, "LIMBA FRANCEZA": 15}, "limba_materna": {"LIMBA ROMANA": 135}, "promotie_anterioara": {"NU": 122, "DA": 13}, "materii": {"LIMBA ROMANA": {"medie": 7.1847999999999965, "reusita": 90.37037037037037, "cnt": 135}, "MATEMATICA TEHN": {"medie": 4.0375, "reusita": 29.03225806451613, "cnt": 31}, "BIOLOGIE VEGETALA SI ANIMALA": {"medie": 4.200000000000001, "reusita": 22.22222222222222, "cnt": 18}, "GENERAL": {"medie": 7.160133333333334, "reusita": 72.5925925925926, "cnt": 135}, "MATEMATICA ST-NAT": {"medie": 6.346666666666667, "reusita": 87.5, "cnt": 16}, "CHIMIE ORGANICA TEO NIVEL I/II": {"medie": 7.196153846153846, "reusita": 100.0, "cnt": 13}, "ISTORIE": {"medie": 6.8927419354838735, "reusita": 98.4126984126984, "cnt": 63}, "LOGICA, ARGUMENTARE SI COMUNICARE": {"medie": 8.359677419354838, "reusita": 87.5, "cnt": 32}, "MATEMATICA MATE-INFO": {"medie": 8.202000000000002, "reusita": 100.0, "cnt": 25}, "INFORMATICA MI C/C++": {"medie": 8.533333333333333, "reusita": 100.0, "cnt": 6}, "GEOGRAFIE": {"medie": 8.100000000000001, "reusita": 100.0, "cnt": 41}, "ANATOMIE SI FIZIOLOGIE UMANA, GENETICA SI ECOLOGIE UMANA": {"medie": 7.995454545454546, "reusita": 86.95652173913044, "cnt": 23}, "ECONOMIE": {"medie": 7.6, "reusita": 100.0, "cnt": 2}}, "nume": "COLEGIUL TEHNIC \"ION BORCEA\" BUHUSI\tBac\u0103u"}