{"specializari": {"MATEMATICA-INFORMATICA": 66, "STIINTE ALE NATURII": 75, "FILOLOGIE": 34}, "limba_moderna": {"LIMBA GERMANA MODERNA": 5, "LIMBA ENGLEZA": 149, "LIMBA FRANCEZA": 19, "LIMBA RUSA": 2}, "limba_materna": {"LIMBA ROMANA": 175}, "promotie_anterioara": {"NU": 160, "DA": 15}, "materii": {"LIMBA ROMANA": {"medie": 8.215028901734106, "reusita": 94.28571428571428, "cnt": 175}, "BIOLOGIE VEGETALA SI ANIMALA": {"medie": 6.675, "reusita": 50.0, "cnt": 2}, "GENERAL": {"medie": 8.39191321499014, "reusita": 81.14285714285714, "cnt": 175}, "MATEMATICA ST-NAT": {"medie": 6.873943661971833, "reusita": 70.66666666666667, "cnt": 75}, "CHIMIE ORGANICA TEO NIVEL I/II": {"medie": 9.766666666666667, "reusita": 100.0, "cnt": 6}, "INFORMATICA SN C/C++": {"medie": 10.0, "reusita": 100.0, "cnt": 1}, "ISTORIE": {"medie": 9.085294117647058, "reusita": 100.0, "cnt": 34}, "LOGICA, ARGUMENTARE SI COMUNICARE": {"medie": 9.581818181818182, "reusita": 100.0, "cnt": 11}, "MATEMATICA MATE-INFO": {"medie": 9.217424242424242, "reusita": 96.96969696969697, "cnt": 66}, "INFORMATICA MI C/C++": {"medie": 9.785294117647059, "reusita": 100.0, "cnt": 34}, "GEOGRAFIE": {"medie": 9.395454545454545, "reusita": 100.0, "cnt": 22}, "ANATOMIE SI FIZIOLOGIE UMANA, GENETICA SI ECOLOGIE UMANA": {"medie": 7.501875, "reusita": 76.82926829268293, "cnt": 82}, "FIZICA TEO": {"medie": 9.315384615384618, "reusita": 100.0, "cnt": 13}, "CHIMIE ANORGANICA TEO NIVEL I/II": {"medie": 8.333333333333334, "reusita": 100.0, "cnt": 3}, "PSIHOLOGIE": {"medie": 10.0, "reusita": 100.0, "cnt": 1}}, "nume": "COLEGIUL NATIONAL \"EMIL RACOVITA\", IASI\tIa\u0219i"}