{"specializari": {"STIINTE ALE NATURII": 32, "MATEMATICA-INFORMATICA": 51, "FILOLOGIE": 65}, "limba_moderna": {"LIMBA ENGLEZA": 148}, "limba_materna": {"LIMBA ROMANA": 148}, "promotie_anterioara": {"NU": 143, "DA": 5}, "materii": {"LIMBA ROMANA": {"medie": 7.7152027027027, "reusita": 99.32432432432432, "cnt": 148}, "BIOLOGIE VEGETALA SI ANIMALA": {"medie": 7.715625000000001, "reusita": 100.0, "cnt": 16}, "GENERAL": {"medie": 7.813470319634697, "reusita": 93.91891891891892, "cnt": 148}, "MATEMATICA ST-NAT": {"medie": 7.371875000000001, "reusita": 93.75, "cnt": 32}, "CHIMIE ORGANICA TEO NIVEL I/II": {"medie": 7.534615384615386, "reusita": 100.0, "cnt": 26}, "ISTORIE": {"medie": 7.615384615384613, "reusita": 100.0, "cnt": 65}, "MATEMATICA MATE-INFO": {"medie": 8.143877551020408, "reusita": 96.07843137254902, "cnt": 51}, "INFORMATICA MI C/C++": {"medie": 7.964999999999998, "reusita": 95.0, "cnt": 20}, "GEOGRAFIE": {"medie": 8.465555555555557, "reusita": 100.0, "cnt": 45}, "ANATOMIE SI FIZIOLOGIE UMANA, GENETICA SI ECOLOGIE UMANA": {"medie": 7.6075, "reusita": 100.0, "cnt": 20}, "FIZICA TEO": {"medie": 8.0, "reusita": 100.0, "cnt": 1}, "SOCIOLOGIE": {"medie": 8.421875, "reusita": 100.0, "cnt": 16}, "PSIHOLOGIE": {"medie": 5.8, "reusita": 100.0, "cnt": 1}, "FILOSOFIE": {"medie": 7.433333333333334, "reusita": 100.0, "cnt": 3}}, "nume": "COLEGIUL NATIONAL \"VASILE GOLDIS\" ARAD\tArad"}