{"specializari": {"INVATATOR - EDUCATOARE": 25, "FILOLOGIE": 43, "MATEMATICA-INFORMATICA": 36, "STIINTE ALE NATURII": 32}, "limba_moderna": {"LIMBA ENGLEZA": 122, "LIMBA FRANCEZA": 8, "LIMBA GERMANA MODERNA": 6}, "limba_materna": {"LIMBA ROMANA": 131, "LIMBA GERMANA": 5}, "promotie_anterioara": {"NU": 126, "DA": 10}, "materii": {"LIMBA ROMANA": {"medie": 7.393703703703702, "reusita": 96.32352941176471, "cnt": 136}, "BIOLOGIE VEGETALA SI ANIMALA": {"medie": 7.739285714285715, "reusita": 100.0, "cnt": 14}, "GENERAL": {"medie": 7.665493827160495, "reusita": 83.82352941176471, "cnt": 136}, "MATEMATICA ST-NAT": {"medie": 7.074193548387097, "reusita": 87.5, "cnt": 32}, "CHIMIE ORGANICA TEO NIVEL I/II": {"medie": 3.2, "reusita": 0.0, "cnt": 1}, "ISTORIE": {"medie": 7.770930232558141, "reusita": 100.0, "cnt": 43}, "LOGICA, ARGUMENTARE SI COMUNICARE": {"medie": 8.473684210526317, "reusita": 94.73684210526315, "cnt": 57}, "MATEMATICA MATE-INFO": {"medie": 7.988888888888888, "reusita": 100.0, "cnt": 36}, "INFORMATICA MI C/C++": {"medie": 8.219230769230771, "reusita": 92.3076923076923, "cnt": 13}, "GEOGRAFIE": {"medie": 8.02, "reusita": 100.0, "cnt": 10}, "ANATOMIE SI FIZIOLOGIE UMANA, GENETICA SI ECOLOGIE UMANA": {"medie": 7.532894736842105, "reusita": 92.3076923076923, "cnt": 39}, "FIZICA TEO": {"medie": 7.4, "reusita": 100.0, "cnt": 1}, "MATEMATICA PED": {"medie": 7.627999999999998, "reusita": 96.0, "cnt": 25}, "LIMBA GERMANA": {"medie": 4.52, "reusita": 40.0, "cnt": 5}, "FILOSOFIE": {"medie": 7.3, "reusita": 100.0, "cnt": 1}}, "nume": "COLEGIUL NATIONAL \"C.D. LOGA\" CARANSEBES\tCara\u0219-Severin"}