{"specializari": {"TEHNICIAN IN ACTIVITATI ECONOMICE": 61, "TEHNICIAN IN TURISM": 66, "TEHNICIAN IN GASTRONOMIE": 65, "TEHNICIAN IN ACTIVITATI DE COMERT": 23, "TEHNICIAN IN ADMINISTRATIE": 29}, "limba_moderna": {"LIMBA ENGLEZA": 216, "LIMBA ITALIANA": 23, "LIMBA FRANCEZA": 4, "LIMBA GERMANA MODERNA": 1}, "limba_materna": {"LIMBA ROMANA": 244}, "promotie_anterioara": {"NU": 233, "DA": 11}, "materii": {"LIMBA ROMANA": {"medie": 7.53688524590164, "reusita": 98.77049180327869, "cnt": 244}, "MATEMATICA TEHN": {"medie": 8.266188524590167, "reusita": 96.72131147540983, "cnt": 244}, "GENERAL": {"medie": 7.923975409836069, "reusita": 92.62295081967213, "cnt": 244}, "GEOGRAFIE": {"medie": 7.975416666666671, "reusita": 98.75, "cnt": 240}, "PSIHOLOGIE": {"medie": 7.575, "reusita": 100.0, "cnt": 4}}, "nume": "COLEGIUL ECONOMIC \"TRANSILVANIA\" TIRGU MURES\tMure\u0219"}