{"specializari": {"INVATATOR - EDUCATOARE": 57, "FILOLOGIE": 71, "MATEMATICA-INFORMATICA": 34, "STIINTE SOCIALE": 35}, "limba_moderna": {"LIMBA SPANIOLA": 31, "LIMBA ENGLEZA": 128, "LIMBA FRANCEZA": 38}, "limba_materna": {"LIMBA ROMANA": 197}, "promotie_anterioara": {"NU": 191, "DA": 6}, "materii": {"LIMBA ROMANA": {"medie": 7.650253807106602, "reusita": 98.47715736040608, "cnt": 197}, "BIOLOGIE VEGETALA SI ANIMALA": {"medie": 8.020588235294117, "reusita": 100.0, "cnt": 17}, "GENERAL": {"medie": 7.929864636209812, "reusita": 93.90862944162437, "cnt": 197}, "CHIMIE ORGANICA TEO NIVEL I/II": {"medie": 8.183333333333332, "reusita": 100.0, "cnt": 3}, "ISTORIE": {"medie": 7.563207547169814, "reusita": 100.0, "cnt": 106}, "LOGICA, ARGUMENTARE SI COMUNICARE": {"medie": 8.871875000000001, "reusita": 100.0, "cnt": 16}, "MATEMATICA MATE-INFO": {"medie": 7.695588235294117, "reusita": 100.0, "cnt": 34}, "INFORMATICA MI C/C++": {"medie": 6.67, "reusita": 80.0, "cnt": 5}, "GEOGRAFIE": {"medie": 8.346666666666668, "reusita": 99.25925925925925, "cnt": 135}, "FIZICA TEO": {"medie": 8.116666666666667, "reusita": 100.0, "cnt": 9}, "MATEMATICA PED": {"medie": 8.419298245614034, "reusita": 100.0, "cnt": 57}, "SOCIOLOGIE": {"medie": 8.391666666666666, "reusita": 100.0, "cnt": 6}, "PSIHOLOGIE": {"medie": 7.725, "reusita": 100.0, "cnt": 4}, "ECONOMIE": {"medie": 8.9, "reusita": 100.0, "cnt": 1}, "FILOSOFIE": {"medie": 10.0, "reusita": 100.0, "cnt": 1}}, "nume": "COLEGIUL NATIONAL PEDAGOGIC \"SPIRU HARET\" MUNICIPIUL BUZAU\tBuz\u0103u"}