{"specializari": {"INVATATOR - EDUCATOARE": 23, "FILOLOGIE": 129, "STIINTE SOCIALE": 29}, "limba_moderna": {"LIMBA ENGLEZA": 117, "LIMBA FRANCEZA": 23, "LIMBA SPANIOLA": 41}, "limba_materna": {"LIMBA ROMANA": 181}, "promotie_anterioara": {"NU": 179, "DA": 2}, "materii": {"LIMBA ROMANA": {"medie": 8.401104972375693, "reusita": 100.0, "cnt": 181}, "GENERAL": {"medie": 8.259484346224676, "reusita": 95.58011049723757, "cnt": 181}, "ISTORIE": {"medie": 8.064873417721518, "reusita": 99.36708860759494, "cnt": 158}, "LOGICA, ARGUMENTARE SI COMUNICARE": {"medie": 7.5, "reusita": 100.0, "cnt": 1}, "GEOGRAFIE": {"medie": 8.576623376623377, "reusita": 99.35064935064936, "cnt": 154}, "MATEMATICA PED": {"medie": 6.793478260869565, "reusita": 82.6086956521739, "cnt": 23}, "SOCIOLOGIE": {"medie": 7.9868421052631575, "reusita": 100.0, "cnt": 19}, "PSIHOLOGIE": {"medie": 7.9125, "reusita": 100.0, "cnt": 4}, "ECONOMIE": {"medie": 6.9, "reusita": 100.0, "cnt": 2}, "FILOSOFIE": {"medie": 8.3, "reusita": 100.0, "cnt": 1}}, "nume": "COLEGIUL NATIONAL PEDAGOGIC \"SPIRU HARET\" FOCSANI\tVrancea"}