{"specializari": {"TEHNICIAN IN ACTIVITATI DE COMERT": 30, "TEHNICIAN IN TURISM": 29, "TEHNICIAN IN GASTRONOMIE": 36, "TEHNICIAN IN ACTIVITATI ECONOMICE": 125, "TEHNICIAN IN ADMINISTRATIE": 29, "FILOLOGIE": 2}, "limba_moderna": {"LIMBA ENGLEZA": 216, "LIMBA FRANCEZA": 33, "LIMBA GERMANA MODERNA": 2}, "limba_materna": {"LIMBA ROMANA": 251}, "promotie_anterioara": {"NU": 239, "DA": 12}, "materii": {"LIMBA ROMANA": {"medie": 7.0913999999999975, "reusita": 97.21115537848605, "cnt": 251}, "MATEMATICA TEHN": {"medie": 8.20584677419355, "reusita": 95.58232931726907, "cnt": 249}, "GENERAL": {"medie": 7.768232931726912, "reusita": 90.83665338645417, "cnt": 251}, "ISTORIE": {"medie": 5.6, "reusita": 100.0, "cnt": 2}, "LOGICA, ARGUMENTARE SI COMUNICARE": {"medie": 8.862727272727271, "reusita": 100.0, "cnt": 33}, "GEOGRAFIE": {"medie": 8.073913043478262, "reusita": 96.23655913978494, "cnt": 186}, "PSIHOLOGIE": {"medie": 6.416666666666667, "reusita": 100.0, "cnt": 6}, "ECONOMIE": {"medie": 6.830769230769231, "reusita": 88.46153846153845, "cnt": 26}}, "nume": "COLEGIUL ECONOMIC MARIA TEIULEANU\tArge\u0219"}