{"specializari": {"TEHNICIAN ANALIZE PRODUSE ALIMENTARE": 23, "TEHNICIAN VETERINAR": 23, "TEHNICIAN ECOLOG SI PROTECTIA CALITATII MEDIULUI": 41, "TEHNICIAN MECANIC PENTRU INTRETINERE SI REPARATII": 7, "TEHNICIAN DESENATOR PENTRU CONSTRUCTII SI INSTALATII": 12, "TEHNICIAN ELECTROMECANIC": 13, "TEHNICIAN HIDRO-METEOROLOG": 12, "TEHNICIAN TRANSPORTURI": 16, "TEHNICIAN MECATRONIST": 10, "TEHNICIAN IN INDUSTRIA ALIMENTARA": 17, "TEHNICIAN IN AUTOMATIZARI": 2, "TEHNICIAN AGROMONTAN": 4, "TEHNICIAN ELECTROTEHNIST": 1, "TEHNICIAN ELECTRONIST": 1}, "limba_moderna": {"LIMBA ENGLEZA": 125, "LIMBA FRANCEZA": 57}, "limba_materna": {"LIMBA ROMANA": 182}, "promotie_anterioara": {"DA": 83, "NU": 99}, "materii": {"LIMBA ROMANA": {"medie": 5.848579545454545, "reusita": 80.76923076923077, "cnt": 182}, "MATEMATICA TEHN": {"medie": 4.161242603550295, "reusita": 45.05494505494506, "cnt": 182}, "BIOLOGIE VEGETALA SI ANIMALA": {"medie": 5.5301587301587265, "reusita": 63.70370370370371, "cnt": 135}, "GENERAL": {"medie": 5.37027600849257, "reusita": 28.57142857142857, "cnt": 182}, "ANATOMIE SI FIZIOLOGIE UMANA, GENETICA SI ECOLOGIE UMANA": {"medie": 4.8374999999999995, "reusita": 66.66666666666666, "cnt": 12}, "FIZICA TEH": {"medie": 6.5249999999999995, "reusita": 85.71428571428571, "cnt": 7}, "CHIMIE ANORGANICA TEH NIVEL I/II": {"medie": 6.319230769230769, "reusita": 96.15384615384616, "cnt": 26}, "CHIMIE ORGANICA TEH NIVEL I/II": {"medie": 8.55, "reusita": 100.0, "cnt": 2}}, "nume": "COLEGIUL TEHNIC \"VALERIU D. COTEA\" FOCSANI\tVrancea"}