{"specializari": {"TEHNICIAN ECOLOG SI PROTECTIA CALITATII MEDIULUI": 36, "TEHNICIAN CHIMIST DE LABORATOR": 12, "TEHNICIAN IN CHIMIE INDUSTRIALA": 20, "COAFOR STILIST": 13}, "limba_moderna": {"LIMBA FRANCEZA": 35, "LIMBA ENGLEZA": 46}, "limba_materna": {"LIMBA ROMANA": 81}, "promotie_anterioara": {"DA": 24, "NU": 57}, "materii": {"LIMBA ROMANA": {"medie": 6.527272727272728, "reusita": 91.35802469135803, "cnt": 81}, "MATEMATICA TEHN": {"medie": 6.665432098765431, "reusita": 90.12345679012346, "cnt": 81}, "BIOLOGIE VEGETALA SI ANIMALA": {"medie": 5.53695652173913, "reusita": 75.0, "cnt": 24}, "GENERAL": {"medie": 6.428728070175439, "reusita": 59.25925925925925, "cnt": 81}, "LOGICA, ARGUMENTARE SI COMUNICARE": {"medie": 7.1, "reusita": 100.0, "cnt": 1}, "GEOGRAFIE": {"medie": 6.1125, "reusita": 83.33333333333334, "cnt": 12}, "ANATOMIE SI FIZIOLOGIE UMANA, GENETICA SI ECOLOGIE UMANA": {"medie": 7.666666666666667, "reusita": 100.0, "cnt": 3}, "CHIMIE ANORGANICA TEH NIVEL I/II": {"medie": 6.076829268292681, "reusita": 85.36585365853658, "cnt": 41}}, "nume": "COLEGIUL TEHNIC \"ANA ASLAN\" CLUJ-NAPOCA\tCluj"}