{"specializari": {"STIINTE ALE NATURII": 30, "MATEMATICA-INFORMATICA": 57}, "limba_moderna": {"LIMBA ENGLEZA": 87}, "limba_materna": {"LIMBA ROMANA": 87}, "promotie_anterioara": {"NU": 87}, "materii": {"LIMBA ROMANA": {"medie": 9.010344827586207, "reusita": 100.0, "cnt": 87}, "BIOLOGIE VEGETALA SI ANIMALA": {"medie": 9.137500000000001, "reusita": 100.0, "cnt": 16}, "GENERAL": {"medie": 9.307662835249042, "reusita": 100.0, "cnt": 87}, "MATEMATICA ST-NAT": {"medie": 9.606666666666666, "reusita": 100.0, "cnt": 30}, "CHIMIE ORGANICA TEO NIVEL I/II": {"medie": 9.26, "reusita": 100.0, "cnt": 10}, "INFORMATICA SN C/C++": {"medie": 9.125, "reusita": 100.0, "cnt": 4}, "MATEMATICA MATE-INFO": {"medie": 9.71754385964912, "reusita": 100.0, "cnt": 57}, "INFORMATICA MI C/C++": {"medie": 9.121875, "reusita": 100.0, "cnt": 16}, "ANATOMIE SI FIZIOLOGIE UMANA, GENETICA SI ECOLOGIE UMANA": {"medie": 9.339999999999998, "reusita": 100.0, "cnt": 25}, "FIZICA TEO": {"medie": 9.605555555555558, "reusita": 100.0, "cnt": 9}, "CHIMIE ANORGANICA TEO NIVEL I/II": {"medie": 8.87142857142857, "reusita": 100.0, "cnt": 7}}, "nume": "COLEGIUL NATIONAL \"EMIL RACOVITA\" CLUJ-NAPOCA\tCluj"}