{"specializari": {"TEHNICIAN ELECTRICIAN/ELECTRONIST AUTO": 24, "TEHNICIAN OPERATOR TEHNICA DE CALCUL": 4, "TEHNICIAN PROIECTANT CAD": 17, "TEHNICIAN MECATRONIST": 16, "MATEMATICA-INFORMATICA": 10, "TEHNICIAN IN AUTOMATIZARI": 15, "TEHNICIAN MECANIC PENTRU INTRETINERE SI REPARATII": 3, "TEHNICIAN TRANSPORTURI": 4}, "limba_moderna": {"LIMBA ENGLEZA": 81, "LIMBA FRANCEZA": 12}, "limba_materna": {"LIMBA ROMANA": 93}, "promotie_anterioara": {"NU": 71, "DA": 22}, "materii": {"LIMBA ROMANA": {"medie": 6.303658536585366, "reusita": 81.72043010752688, "cnt": 93}, "MATEMATICA TEHN": {"medie": 5.993478260869563, "reusita": 62.65060240963856, "cnt": 83}, "BIOLOGIE VEGETALA SI ANIMALA": {"medie": 4.355, "reusita": 33.33333333333333, "cnt": 36}, "GENERAL": {"medie": 5.85115740740741, "reusita": 34.40860215053764, "cnt": 93}, "CHIMIE ORGANICA TEO NIVEL I/II": {"medie": 5.4, "reusita": 100.0, "cnt": 1}, "MATEMATICA MATE-INFO": {"medie": 6.938888888888889, "reusita": 90.0, "cnt": 10}, "INFORMATICA MI C/C++": {"medie": 8.05, "reusita": 100.0, "cnt": 2}, "ANATOMIE SI FIZIOLOGIE UMANA, GENETICA SI ECOLOGIE UMANA": {"medie": 5.58, "reusita": 83.33333333333334, "cnt": 6}, "FIZICA TEH": {"medie": 4.5760000000000005, "reusita": 41.37931034482759, "cnt": 29}, "CHIMIE ANORGANICA TEH NIVEL I/II": {"medie": 5.1625, "reusita": 61.111111111111114, "cnt": 18}, "CHIMIE ORGANICA TEH NIVEL I/II": {"medie": "-", "reusita": 0.0, "cnt": 1}}, "nume": "COLEGIUL TEHNIC \"MIHAIL STURDZA\", IASI\tIa\u0219i"}