{"specializari": {"STIINTE ALE NATURII": 58, "MATEMATICA-INFORMATICA": 88, "FILOLOGIE": 30, "STIINTE SOCIALE": 33}, "limba_moderna": {"LIMBA ENGLEZA": 203, "LIMBA FRANCEZA": 6}, "limba_materna": {"LIMBA ROMANA": 209}, "promotie_anterioara": {"NU": 209}, "materii": {"LIMBA ROMANA": {"medie": 8.704928229665075, "reusita": 100.0, "cnt": 209}, "BIOLOGIE VEGETALA SI ANIMALA": {"medie": 9.416666666666666, "reusita": 100.0, "cnt": 21}, "GENERAL": {"medie": 8.891394230769233, "reusita": 99.52153110047847, "cnt": 209}, "MATEMATICA ST-NAT": {"medie": 9.07719298245614, "reusita": 98.27586206896551, "cnt": 58}, "CHIMIE ORGANICA TEO NIVEL I/II": {"medie": 9.001162790697675, "reusita": 100.0, "cnt": 43}, "INFORMATICA SN C/C++": {"medie": 9.15, "reusita": 100.0, "cnt": 1}, "ISTORIE": {"medie": 8.392857142857142, "reusita": 100.0, "cnt": 63}, "LOGICA, ARGUMENTARE SI COMUNICARE": {"medie": 9.533333333333333, "reusita": 100.0, "cnt": 3}, "MATEMATICA MATE-INFO": {"medie": 9.407954545454544, "reusita": 100.0, "cnt": 88}, "INFORMATICA MI C/C++": {"medie": 9.010714285714286, "reusita": 100.0, "cnt": 14}, "GEOGRAFIE": {"medie": 9.11, "reusita": 100.0, "cnt": 35}, "ANATOMIE SI FIZIOLOGIE UMANA, GENETICA SI ECOLOGIE UMANA": {"medie": 8.609090909090908, "reusita": 100.0, "cnt": 11}, "FIZICA TEO": {"medie": 8.77767857142857, "reusita": 100.0, "cnt": 56}, "SOCIOLOGIE": {"medie": 8.48, "reusita": 100.0, "cnt": 10}, "PSIHOLOGIE": {"medie": 7.8500000000000005, "reusita": 100.0, "cnt": 3}, "ECONOMIE": {"medie": 9.183333333333334, "reusita": 100.0, "cnt": 12}}, "nume": "COLEGIUL NATIONAL \"GH.M. MURGOCI\" BRAILA\tBr\u0103ila"}