{"specializari": {"FILOLOGIE": 33, "MATEMATICA-INFORMATICA": 54, "STIINTE ALE NATURII": 32, "STIINTE SOCIALE": 24, "INVATATOR - EDUCATOARE": 34}, "limba_moderna": {"LIMBA ENGLEZA": 143, "LIMBA GERMANA MODERNA": 1, "LIMBA FRANCEZA": 33}, "limba_materna": {"LIMBA ROMANA": 177}, "promotie_anterioara": {"NU": 165, "DA": 12}, "materii": {"LIMBA ROMANA": {"medie": 7.934943181818185, "reusita": 96.61016949152543, "cnt": 177}, "GENERAL": {"medie": 7.956060606060609, "reusita": 90.96045197740112, "cnt": 177}, "MATEMATICA ST-NAT": {"medie": 7.976562499999999, "reusita": 100.0, "cnt": 32}, "CHIMIE ORGANICA TEO NIVEL I/II": {"medie": 8.65, "reusita": 100.0, "cnt": 4}, "ISTORIE": {"medie": 6.785964912280704, "reusita": 94.73684210526315, "cnt": 57}, "LOGICA, ARGUMENTARE SI COMUNICARE": {"medie": 8.106451612903225, "reusita": 96.7741935483871, "cnt": 31}, "MATEMATICA MATE-INFO": {"medie": 8.581132075471697, "reusita": 98.14814814814815, "cnt": 54}, "GEOGRAFIE": {"medie": 8.172222222222224, "reusita": 100.0, "cnt": 36}, "ANATOMIE SI FIZIOLOGIE UMANA, GENETICA SI ECOLOGIE UMANA": {"medie": 8.968750000000002, "reusita": 97.95918367346938, "cnt": 49}, "MATEMATICA PED": {"medie": 7.455882352941177, "reusita": 97.05882352941177, "cnt": 34}, "SOCIOLOGIE": {"medie": 6.969444444444445, "reusita": 100.0, "cnt": 18}, "CHIMIE ANORGANICA TEO NIVEL I/II": {"medie": 7.35, "reusita": 100.0, "cnt": 1}, "PSIHOLOGIE": {"medie": 7.3500000000000005, "reusita": 100.0, "cnt": 6}, "INFORMATICA MI PASCAL": {"medie": 8.325000000000003, "reusita": 96.875, "cnt": 32}}, "nume": "COLEGIUL NATIONAL \"INOCHENTIE MICU CLAIN\" BLAJ\tAlba"}