{"specializari": {"TEHNICIAN IN INSTALATII ELECTRICE": 37, "TEHNICIAN MECANIC PENTRU INTRETINERE SI REPARATII": 76, "STIINTE ALE NATURII": 30, "MATEMATICA-INFORMATICA": 54, "TEHNICIAN IN AGROTURISM": 19, "TEHNICIAN IN AGRICULTURA": 1, "TEHNICIAN ANALIZE PRODUSE ALIMENTARE": 1, "TEHNICIAN IN AUTOMATIZARI": 1}, "limba_moderna": {"LIMBA ENGLEZA": 135, "LIMBA FRANCEZA": 84}, "limba_materna": {"LIMBA ROMANA": 219}, "promotie_anterioara": {"NU": 176, "DA": 43}, "materii": {"LIMBA ROMANA": {"medie": 6.152500000000001, "reusita": 67.57990867579909, "cnt": 219}, "MATEMATICA TEHN": {"medie": 4.173252032520325, "reusita": 41.48148148148148, "cnt": 135}, "BIOLOGIE VEGETALA SI ANIMALA": {"medie": 3.77423076923077, "reusita": 22.36842105263158, "cnt": 152}, "GENERAL": {"medie": 5.5051388888888875, "reusita": 33.33333333333333, "cnt": 219}, "MATEMATICA ST-NAT": {"medie": 6.194999999999999, "reusita": 86.66666666666667, "cnt": 30}, "CHIMIE ORGANICA TEO NIVEL I/II": {"medie": 7.816666666666667, "reusita": 100.0, "cnt": 3}, "MATEMATICA MATE-INFO": {"medie": 6.135106382978723, "reusita": 62.96296296296296, "cnt": 54}, "ANATOMIE SI FIZIOLOGIE UMANA, GENETICA SI ECOLOGIE UMANA": {"medie": 8.402727272727274, "reusita": 100.0, "cnt": 55}, "FIZICA TEH": {"medie": 1.6, "reusita": 0.0, "cnt": 1}, "CHIMIE ANORGANICA TEO NIVEL I/II": {"medie": 6.75, "reusita": 100.0, "cnt": 1}, "CHIMIE ANORGANICA TEH NIVEL I/II": {"medie": 5.575, "reusita": 100.0, "cnt": 4}, "INFORMATICA MI PASCAL": {"medie": 8.366666666666667, "reusita": 100.0, "cnt": 3}}, "nume": "COLEGIUL TEHNOLOGIC \"CONSTANTIN BRANCOVEANU\"\tMehedin\u021bi"}