{"specializari": {"TEHNICIAN IN HOTELARIE": 61, "TEHNICIAN IN ACTIVITATI ECONOMICE": 127, "TEHNICIAN IN ACTIVITATI DE COMERT": 9}, "limba_moderna": {"LIMBA ENGLEZA": 186, "LIMBA SPANIOLA": 11}, "limba_materna": {"LIMBA ROMANA": 197}, "promotie_anterioara": {"NU": 134, "DA": 63}, "materii": {"LIMBA ROMANA": {"medie": 6.691361256544503, "reusita": 90.86294416243655, "cnt": 197}, "MATEMATICA TEHN": {"medie": 7.124074074074071, "reusita": 87.30964467005076, "cnt": 197}, "GENERAL": {"medie": 6.887158469945353, "reusita": 65.98984771573603, "cnt": 197}, "LOGICA, ARGUMENTARE SI COMUNICARE": {"medie": 6.225, "reusita": 75.0, "cnt": 4}, "GEOGRAFIE": {"medie": 6.634943181818184, "reusita": 85.55555555555556, "cnt": 180}, "PSIHOLOGIE": {"medie": 5.983333333333333, "reusita": 100.0, "cnt": 3}, "ECONOMIE": {"medie": 7.2, "reusita": 100.0, "cnt": 10}}, "nume": "COLEGIUL ECONOMIC \"HERMES\"\tBucure\u0219ti"}