{"specializari": {"MATEMATICA-INFORMATICA": 147, "STIINTE ALE NATURII": 65, "STIINTE SOCIALE": 74, "FILOLOGIE": 37}, "limba_moderna": {"LIMBA ENGLEZA": 308, "LIMBA GERMANA MODERNA": 3, "LIMBA FRANCEZA": 12}, "limba_materna": {"LIMBA ROMANA": 323}, "promotie_anterioara": {"NU": 322, "DA": 1}, "materii": {"LIMBA ROMANA": {"medie": 8.945201238390096, "reusita": 100.0, "cnt": 323}, "BIOLOGIE VEGETALA SI ANIMALA": {"medie": 9.140625, "reusita": 100.0, "cnt": 16}, "GENERAL": {"medie": 9.088028895768836, "reusita": 99.69040247678018, "cnt": 323}, "MATEMATICA ST-NAT": {"medie": 9.423846153846151, "reusita": 100.0, "cnt": 65}, "CHIMIE ORGANICA TEO NIVEL I/II": {"medie": 9.036805555555556, "reusita": 100.0, "cnt": 72}, "INFORMATICA SN C/C++": {"medie": 9.8, "reusita": 100.0, "cnt": 1}, "ISTORIE": {"medie": 8.731081081081083, "reusita": 100.0, "cnt": 111}, "LOGICA, ARGUMENTARE SI COMUNICARE": {"medie": 9.561111111111108, "reusita": 100.0, "cnt": 36}, "MATEMATICA MATE-INFO": {"medie": 9.397959183673471, "reusita": 100.0, "cnt": 147}, "INFORMATICA MI C/C++": {"medie": 8.576470588235296, "reusita": 100.0, "cnt": 34}, "GEOGRAFIE": {"medie": 9.172222222222224, "reusita": 100.0, "cnt": 18}, "ANATOMIE SI FIZIOLOGIE UMANA, GENETICA SI ECOLOGIE UMANA": {"medie": 9.437499999999998, "reusita": 100.0, "cnt": 20}, "FIZICA TEO": {"medie": 9.402307692307692, "reusita": 100.0, "cnt": 65}, "SOCIOLOGIE": {"medie": 8.491666666666667, "reusita": 91.66666666666666, "cnt": 12}, "PSIHOLOGIE": {"medie": 8.41, "reusita": 100.0, "cnt": 5}, "ECONOMIE": {"medie": 9.168750000000003, "reusita": 100.0, "cnt": 40}, "INFORMATICA MI PASCAL": {"medie": 8.9, "reusita": 100.0, "cnt": 4}}, "nume": "COLEGIUL NATIONAL \"GHEORGHE LAZAR\"\tBucure\u0219ti"}