{"specializari": {"FILOLOGIE": 59, "TEHNICIAN IN ACTIVITATI ECONOMICE": 24, "MATEMATICA-INFORMATICA": 34, "STIINTE SOCIALE": 33, "STIINTE ALE NATURII": 27}, "limba_moderna": {"LIMBA FRANCEZA": 33, "LIMBA ENGLEZA": 144}, "limba_materna": {"LIMBA ROMANA": 177}, "promotie_anterioara": {"NU": 169, "DA": 8}, "materii": {"LIMBA ROMANA": {"medie": 7.344886363636366, "reusita": 95.48022598870057, "cnt": 177}, "MATEMATICA TEHN": {"medie": 7.858333333333334, "reusita": 95.83333333333334, "cnt": 24}, "GENERAL": {"medie": 7.5243371212121275, "reusita": 86.4406779661017, "cnt": 177}, "MATEMATICA ST-NAT": {"medie": 8.275925925925925, "reusita": 100.0, "cnt": 27}, "ISTORIE": {"medie": 6.809340659340658, "reusita": 97.82608695652173, "cnt": 92}, "LOGICA, ARGUMENTARE SI COMUNICARE": {"medie": 8.9, "reusita": 100.0, "cnt": 3}, "MATEMATICA MATE-INFO": {"medie": 8.189705882352943, "reusita": 100.0, "cnt": 34}, "INFORMATICA MI C/C++": {"medie": 7.426923076923076, "reusita": 92.3076923076923, "cnt": 26}, "GEOGRAFIE": {"medie": 7.891935483870965, "reusita": 96.80851063829788, "cnt": 94}, "ANATOMIE SI FIZIOLOGIE UMANA, GENETICA SI ECOLOGIE UMANA": {"medie": 8.420588235294119, "reusita": 97.05882352941177, "cnt": 34}, "SOCIOLOGIE": {"medie": 6.371428571428573, "reusita": 92.85714285714286, "cnt": 14}, "CHIMIE ANORGANICA TEO NIVEL I/II": {"medie": 8.45, "reusita": 100.0, "cnt": 1}, "PSIHOLOGIE": {"medie": 6.459999999999999, "reusita": 100.0, "cnt": 5}}, "nume": "COLEGIUL NATIONAL \"PETRU RARES\" BECLEAN\tBistri\u021ba-N\u0103s\u0103ud"}