{"specializari": {"FILOLOGIE": 65, "STIINTE SOCIALE": 34, "STIINTE ALE NATURII": 101, "MATEMATICA-INFORMATICA": 29}, "limba_moderna": {"LIMBA ENGLEZA": 214, "LIMBA GERMANA MODERNA": 10, "LIMBA FRANCEZA": 4, "LIMBA SPANIOLA": 1}, "limba_materna": {"LIMBA ROMANA": 223, "LIMBA MAGHIARA": 6}, "promotie_anterioara": {"NU": 226, "DA": 3}, "materii": {"LIMBA ROMANA": {"medie": 8.603508771929825, "reusita": 99.56331877729258, "cnt": 229}, "BIOLOGIE VEGETALA SI ANIMALA": {"medie": 9.088524590163933, "reusita": 100.0, "cnt": 61}, "GENERAL": {"medie": 8.769334795321639, "reusita": 97.81659388646288, "cnt": 229}, "MATEMATICA ST-NAT": {"medie": 8.810396039603958, "reusita": 99.00990099009901, "cnt": 101}, "CHIMIE ORGANICA TEO NIVEL I/II": {"medie": 8.9, "reusita": 100.0, "cnt": 8}, "ISTORIE": {"medie": 8.271428571428572, "reusita": 98.98989898989899, "cnt": 99}, "LOGICA, ARGUMENTARE SI COMUNICARE": {"medie": 9.149295774647888, "reusita": 97.22222222222221, "cnt": 72}, "MATEMATICA MATE-INFO": {"medie": 8.863793103448277, "reusita": 100.0, "cnt": 29}, "INFORMATICA MI C/C++": {"medie": 8.770588235294118, "reusita": 100.0, "cnt": 17}, "GEOGRAFIE": {"medie": 9.014583333333333, "reusita": 100.0, "cnt": 24}, "ANATOMIE SI FIZIOLOGIE UMANA, GENETICA SI ECOLOGIE UMANA": {"medie": 9.25609756097561, "reusita": 100.0, "cnt": 41}, "FIZICA TEO": {"medie": 9.9, "reusita": 100.0, "cnt": 3}, "SOCIOLOGIE": {"medie": 10.0, "reusita": 100.0, "cnt": 1}, "ECONOMIE": {"medie": 9.5, "reusita": 100.0, "cnt": 2}, "LIMBA MAGHIARA (REAL)": {"medie": 7.791666666666667, "reusita": 100.0, "cnt": 6}}, "nume": "COLEGIUL NATIONAL \"OCTAVIAN GOGA\" SIBIU\tSibiu"}