{"specializari": {"STIINTE ALE NATURII": 93, "MATEMATICA-INFORMATICA": 52, "FILOLOGIE": 30}, "limba_moderna": {"LIMBA FRANCEZA": 5, "LIMBA ENGLEZA": 168, "LIMBA GERMANA MODERNA": 2}, "limba_materna": {"LIMBA ROMANA": 175}, "promotie_anterioara": {"DA": 3, "NU": 172}, "materii": {"LIMBA ROMANA": {"medie": 8.404285714285711, "reusita": 99.42857142857143, "cnt": 175}, "BIOLOGIE VEGETALA SI ANIMALA": {"medie": 8.2, "reusita": 100.0, "cnt": 2}, "GENERAL": {"medie": 8.640857142857145, "reusita": 98.28571428571429, "cnt": 175}, "MATEMATICA ST-NAT": {"medie": 8.892473118279568, "reusita": 100.0, "cnt": 93}, "CHIMIE ORGANICA TEO NIVEL I/II": {"medie": 8.865909090909092, "reusita": 100.0, "cnt": 22}, "INFORMATICA SN C/C++": {"medie": 8.433333333333334, "reusita": 100.0, "cnt": 3}, "ISTORIE": {"medie": 7.984999999999999, "reusita": 100.0, "cnt": 30}, "LOGICA, ARGUMENTARE SI COMUNICARE": {"medie": 8.1, "reusita": 100.0, "cnt": 1}, "MATEMATICA MATE-INFO": {"medie": 9.230769230769232, "reusita": 100.0, "cnt": 52}, "INFORMATICA MI C/C++": {"medie": 8.850000000000001, "reusita": 100.0, "cnt": 34}, "GEOGRAFIE": {"medie": 8.658695652173913, "reusita": 100.0, "cnt": 23}, "ANATOMIE SI FIZIOLOGIE UMANA, GENETICA SI ECOLOGIE UMANA": {"medie": 8.167924528301887, "reusita": 98.11320754716981, "cnt": 53}, "FIZICA TEO": {"medie": 9.551999999999998, "reusita": 100.0, "cnt": 25}, "SOCIOLOGIE": {"medie": 8.42, "reusita": 100.0, "cnt": 5}, "CHIMIE ANORGANICA TEO NIVEL I/II": {"medie": 8.741666666666667, "reusita": 100.0, "cnt": 6}, "PSIHOLOGIE": {"medie": 8.0, "reusita": 100.0, "cnt": 1}}, "nume": "COLEGIUL NATIONAL \"MOISE NICOARA\" ARAD\tArad"}