{"specializari": {"MATEMATICA-INFORMATICA": 29, "FILOLOGIE": 29, "STIINTE ALE NATURII": 24, "STIINTE SOCIALE": 3}, "limba_moderna": {"LIMBA ENGLEZA": 81, "LIMBA FRANCEZA": 4}, "limba_materna": {"LIMBA ROMANA": 85}, "promotie_anterioara": {"NU": 80, "DA": 5}, "materii": {"LIMBA ROMANA": {"medie": 8.003048780487806, "reusita": 96.47058823529412, "cnt": 85}, "BIOLOGIE VEGETALA SI ANIMALA": {"medie": 7.747058823529411, "reusita": 100.0, "cnt": 17}, "GENERAL": {"medie": 7.876829268292686, "reusita": 85.88235294117646, "cnt": 85}, "MATEMATICA ST-NAT": {"medie": 6.577083333333334, "reusita": 79.16666666666666, "cnt": 24}, "CHIMIE ORGANICA TEO NIVEL I/II": {"medie": 6.857142857142857, "reusita": 100.0, "cnt": 7}, "ISTORIE": {"medie": 7.101612903225806, "reusita": 96.875, "cnt": 32}, "LOGICA, ARGUMENTARE SI COMUNICARE": {"medie": 10.0, "reusita": 100.0, "cnt": 1}, "MATEMATICA MATE-INFO": {"medie": 8.967241379310344, "reusita": 100.0, "cnt": 29}, "GEOGRAFIE": {"medie": 7.538461538461539, "reusita": 92.5925925925926, "cnt": 27}, "ANATOMIE SI FIZIOLOGIE UMANA, GENETICA SI ECOLOGIE UMANA": {"medie": 7.862500000000001, "reusita": 100.0, "cnt": 4}, "SOCIOLOGIE": {"medie": 7.1, "reusita": 100.0, "cnt": 1}, "PSIHOLOGIE": {"medie": 8.4, "reusita": 100.0, "cnt": 1}, "INFORMATICA MI PASCAL": {"medie": 8.636, "reusita": 100.0, "cnt": 25}, "FILOSOFIE": {"medie": 7.85, "reusita": 100.0, "cnt": 2}}, "nume": "COLEGIUL NATIONAL \"DAVID PRODAN\" CUGIR\tAlba"}