{"specializari": {"MATEMATICA-INFORMATICA": 55, "FILOLOGIE": 66, "STIINTE SOCIALE": 34, "STIINTE ALE NATURII": 66, "LICEU CU PROGRAM SPORTIV": 1}, "limba_moderna": {"LIMBA FRANCEZA": 34, "LIMBA ENGLEZA": 188}, "limba_materna": {"LIMBA ROMANA": 222}, "promotie_anterioara": {"NU": 216, "DA": 6}, "materii": {"LIMBA ROMANA": {"medie": 8.042567567567565, "reusita": 99.09909909909909, "cnt": 222}, "BIOLOGIE VEGETALA SI ANIMALA": {"medie": 6.433333333333334, "reusita": 66.66666666666666, "cnt": 3}, "GENERAL": {"medie": 8.504393939393937, "reusita": 96.3963963963964, "cnt": 222}, "MATEMATICA ST-NAT": {"medie": 9.249999999999998, "reusita": 100.0, "cnt": 66}, "CHIMIE ORGANICA TEO NIVEL I/II": {"medie": 8.663636363636364, "reusita": 100.0, "cnt": 22}, "ISTORIE": {"medie": 8.0185, "reusita": 99.00990099009901, "cnt": 101}, "LOGICA, ARGUMENTARE SI COMUNICARE": {"medie": 8.789393939393937, "reusita": 100.0, "cnt": 33}, "MATEMATICA MATE-INFO": {"medie": 9.154545454545453, "reusita": 100.0, "cnt": 55}, "INFORMATICA MI C/C++": {"medie": 9.2375, "reusita": 100.0, "cnt": 4}, "GEOGRAFIE": {"medie": 8.556578947368424, "reusita": 97.43589743589743, "cnt": 39}, "ANATOMIE SI FIZIOLOGIE UMANA, GENETICA SI ECOLOGIE UMANA": {"medie": 9.171296296296292, "reusita": 98.18181818181819, "cnt": 55}, "FIZICA TEO": {"medie": 8.747297297297296, "reusita": 100.0, "cnt": 37}, "SOCIOLOGIE": {"medie": 8.50909090909091, "reusita": 100.0, "cnt": 11}, "PSIHOLOGIE": {"medie": 8.25, "reusita": 100.0, "cnt": 6}, "ECONOMIE": {"medie": 9.149999999999999, "reusita": 100.0, "cnt": 9}, "FILOSOFIE": {"medie": 9.1, "reusita": 100.0, "cnt": 3}}, "nume": "COLEGIUL NATIONAL \"GH. ROSCA CODREANU\", MUN. BARLAD\tVaslui"}