{"specializari": {"FILOLOGIE": 32, "STIINTE SOCIALE": 69, "MATEMATICA-INFORMATICA": 33}, "limba_moderna": {"LIMBA ENGLEZA": 133, "LIMBA FRANCEZA": 1}, "limba_materna": {"LIMBA ROMANA": 134}, "promotie_anterioara": {"NU": 134}, "materii": {"LIMBA ROMANA": {"medie": 8.280597014925375, "reusita": 100.0, "cnt": 134}, "BIOLOGIE VEGETALA SI ANIMALA": {"medie": 8.984615384615385, "reusita": 100.0, "cnt": 13}, "GENERAL": {"medie": 8.729353233830846, "reusita": 100.0, "cnt": 134}, "CHIMIE ORGANICA TEO NIVEL I/II": {"medie": 9.35, "reusita": 100.0, "cnt": 5}, "ISTORIE": {"medie": 8.661386138613862, "reusita": 100.0, "cnt": 101}, "LOGICA, ARGUMENTARE SI COMUNICARE": {"medie": 9.322727272727274, "reusita": 100.0, "cnt": 66}, "MATEMATICA MATE-INFO": {"medie": 9.092424242424244, "reusita": 100.0, "cnt": 33}, "INFORMATICA MI C/C++": {"medie": 9.022727272727273, "reusita": 100.0, "cnt": 11}, "GEOGRAFIE": {"medie": 8.847499999999998, "reusita": 100.0, "cnt": 20}, "ANATOMIE SI FIZIOLOGIE UMANA, GENETICA SI ECOLOGIE UMANA": {"medie": 9.175, "reusita": 100.0, "cnt": 2}, "SOCIOLOGIE": {"medie": 8.983333333333333, "reusita": 100.0, "cnt": 6}, "CHIMIE ANORGANICA TEO NIVEL I/II": {"medie": 8.8, "reusita": 100.0, "cnt": 2}, "PSIHOLOGIE": {"medie": 8.775, "reusita": 100.0, "cnt": 2}, "ECONOMIE": {"medie": 8.6, "reusita": 100.0, "cnt": 3}, "FILOSOFIE": {"medie": 9.125, "reusita": 100.0, "cnt": 4}}, "nume": "COLEGIUL NATIONAL \"GHEORGHE SINCAI\" CLUJ-NAPOCA\tCluj"}