{"specializari": {"TEHNICIAN DESENATOR PENTRU CONSTRUCTII SI INSTALATII": 12, "TEHNICIAN HIDRO-METEOROLOG": 18, "TEHNICIAN IN CONSTRUCTII SI LUCRARI PUBLICE": 11, "TEHNICIAN ECOLOG SI PROTECTIA CALITATII MEDIULUI": 31, "TEHNICIAN CHIMIST DE LABORATOR": 2, "MATEMATICA-INFORMATICA": 1}, "limba_moderna": {"LIMBA ENGLEZA": 70, "LIMBA FRANCEZA": 5}, "limba_materna": {"LIMBA ROMANA": 75}, "promotie_anterioara": {"DA": 21, "NU": 54}, "materii": {"LIMBA ROMANA": {"medie": 5.339726027397259, "reusita": 62.66666666666667, "cnt": 75}, "MATEMATICA TEHN": {"medie": 5.333561643835617, "reusita": 68.91891891891892, "cnt": 74}, "BIOLOGIE VEGETALA SI ANIMALA": {"medie": 4.377631578947369, "reusita": 33.33333333333333, "cnt": 42}, "GENERAL": {"medie": 5.135265700483092, "reusita": 17.333333333333336, "cnt": 75}, "MATEMATICA MATE-INFO": {"medie": 5.0, "reusita": 100.0, "cnt": 1}, "ANATOMIE SI FIZIOLOGIE UMANA, GENETICA SI ECOLOGIE UMANA": {"medie": 4.752000000000001, "reusita": 44.0, "cnt": 25}, "FIZICA TEH": {"medie": 3.2, "reusita": 0.0, "cnt": 1}, "CHIMIE ANORGANICA TEH NIVEL I/II": {"medie": 3.9666666666666663, "reusita": 33.33333333333333, "cnt": 3}, "CHIMIE ORGANICA TEH NIVEL I/II": {"medie": 5.9625, "reusita": 75.0, "cnt": 4}}, "nume": "COLEGIUL TEHNIC DE CONSTRUCTII SI PROTECTIA MEDIULUI ARAD\tArad"}