{"specializari": {"TEHNICIAN TRANSPORTURI": 5, "STIINTE SOCIALE": 35, "TEHNICIAN IN TURISM": 41, "TEHNICIAN IN INDUSTRIA TEXTILA": 13, "TEHNICIAN DESIGNER VESTIMENTAR": 9, "MATEMATICA-INFORMATICA": 45, "TEHNICIAN IN AUTOMATIZARI": 17, "TEHNICIAN ELECTROMECANIC": 10, "STIINTE ALE NATURII": 34, "TEHNICIAN OPERATOR TEHNICA DE CALCUL": 18, "FILOLOGIE": 34}, "limba_moderna": {"LIMBA ENGLEZA": 217, "LIMBA FRANCEZA": 43, "LIMBA RUSA": 1}, "limba_materna": {"LIMBA ROMANA": 261}, "promotie_anterioara": {"NU": 238, "DA": 23}, "materii": {"LIMBA ROMANA": {"medie": 6.453921568627451, "reusita": 88.12260536398468, "cnt": 261}, "MATEMATICA TEHN": {"medie": 5.1259259259259276, "reusita": 61.06194690265486, "cnt": 113}, "BIOLOGIE VEGETALA SI ANIMALA": {"medie": 4.200746268656718, "reusita": 39.436619718309856, "cnt": 71}, "GENERAL": {"medie": 6.528637566137565, "reusita": 64.36781609195403, "cnt": 261}, "MATEMATICA ST-NAT": {"medie": 7.160294117647059, "reusita": 85.29411764705883, "cnt": 34}, "CHIMIE ORGANICA TEO NIVEL I/II": {"medie": 9.4, "reusita": 100.0, "cnt": 3}, "ISTORIE": {"medie": 6.920149253731342, "reusita": 94.20289855072464, "cnt": 69}, "LOGICA, ARGUMENTARE SI COMUNICARE": {"medie": 8.108695652173912, "reusita": 95.71428571428572, "cnt": 70}, "MATEMATICA MATE-INFO": {"medie": 7.569318181818184, "reusita": 93.33333333333333, "cnt": 45}, "INFORMATICA MI C/C++": {"medie": 8.39, "reusita": 100.0, "cnt": 5}, "GEOGRAFIE": {"medie": 7.391249999999999, "reusita": 95.0, "cnt": 40}, "ANATOMIE SI FIZIOLOGIE UMANA, GENETICA SI ECOLOGIE UMANA": {"medie": 8.071739130434782, "reusita": 100.0, "cnt": 46}, "FIZICA TEO": {"medie": 6.316666666666667, "reusita": 50.0, "cnt": 4}, "CHIMIE ANORGANICA TEO NIVEL I/II": {"medie": 6.5166666666666675, "reusita": 90.47619047619048, "cnt": 21}, "CHIMIE ANORGANICA TEH NIVEL I/II": {"medie": 6.0, "reusita": 100.0, "cnt": 1}}, "nume": "COLEGIUL TEHNIC \"MIHAI BACESCU\" FALTICENI\tSuceava"}