{"specializari": {"FILOLOGIE": 55, "TEHNICIAN IN TURISM": 45}, "limba_moderna": {"LIMBA ENGLEZA": 96, "LIMBA FRANCEZA": 4}, "limba_materna": {"LIMBA ROMANA": 100}, "promotie_anterioara": {"NU": 58, "DA": 42}, "materii": {"LIMBA ROMANA": {"medie": 5.879591836734695, "reusita": 90.0, "cnt": 100}, "MATEMATICA TEHN": {"medie": 5.140243902439025, "reusita": 60.0, "cnt": 45}, "GENERAL": {"medie": 6.297826086956518, "reusita": 56.99999999999999, "cnt": 100}, "ISTORIE": {"medie": 6.448181818181817, "reusita": 90.9090909090909, "cnt": 55}, "GEOGRAFIE": {"medie": 7.016315789473686, "reusita": 86.86868686868688, "cnt": 99}, "PSIHOLOGIE": {"medie": 7.3, "reusita": 100.0, "cnt": 1}}, "nume": "COMPLEXUL SCOLAR \"CRONOS\"\tBucure\u0219ti"}