{"specializari": {"MATEMATICA-INFORMATICA": 7, "STIINTE SOCIALE": 7}, "limba_moderna": {"LIMBA ENGLEZA": 13, "LIMBA EBRAICA": 1}, "limba_materna": {"LIMBA ROMANA": 14}, "promotie_anterioara": {"NU": 14}, "materii": {"LIMBA ROMANA": {"medie": 8.853571428571428, "reusita": 100.0, "cnt": 14}, "GENERAL": {"medie": 9.19404761904762, "reusita": 100.0, "cnt": 14}, "CHIMIE ORGANICA TEO NIVEL I/II": {"medie": 9.85, "reusita": 100.0, "cnt": 3}, "ISTORIE": {"medie": 8.807142857142855, "reusita": 100.0, "cnt": 7}, "MATEMATICA MATE-INFO": {"medie": 9.828571428571427, "reusita": 100.0, "cnt": 7}, "INFORMATICA MI C/C++": {"medie": 9.533333333333333, "reusita": 100.0, "cnt": 3}, "GEOGRAFIE": {"medie": 9.416666666666666, "reusita": 100.0, "cnt": 3}, "FIZICA TEO": {"medie": 10.0, "reusita": 100.0, "cnt": 1}, "SOCIOLOGIE": {"medie": 8.837499999999999, "reusita": 100.0, "cnt": 4}}, "nume": "COMPLEXUL EDUCATIONAL LAUDE-REUT\tBucure\u0219ti"}