{"specializari": {"TEHNICIAN IN AGRICULTURA": 93, "TEHNICIAN HIDRO-METEOROLOG": 12, "TEHNICIAN IN ACTIVITATI ECONOMICE": 2, "TEHNICIAN HORTICULTOR": 1, "TEHNICIAN ECOLOG SI PROTECTIA CALITATII MEDIULUI": 7}, "limba_moderna": {"LIMBA ENGLEZA": 115}, "limba_materna": {"LIMBA ROMANA": 115}, "promotie_anterioara": {"NU": 74, "DA": 41}, "materii": {"LIMBA ROMANA": {"medie": 4.055376344086021, "reusita": 31.30434782608696, "cnt": 115}, "MATEMATICA TEHN": {"medie": 3.4284090909090907, "reusita": 28.695652173913043, "cnt": 115}, "BIOLOGIE VEGETALA SI ANIMALA": {"medie": 3.777049180327869, "reusita": 18.39080459770115, "cnt": 87}, "GENERAL": {"medie": 3.6479729729729713, "reusita": 2.608695652173913, "cnt": 115}, "GEOGRAFIE": {"medie": 5.175000000000001, "reusita": 50.0, "cnt": 2}, "ANATOMIE SI FIZIOLOGIE UMANA, GENETICA SI ECOLOGIE UMANA": {"medie": 2.94375, "reusita": 11.538461538461538, "cnt": 26}}, "nume": "LICEUL AGRICOL POARTA ALBA\tConstan\u021ba"}