{"specializari": {"LICEU CU PROGRAM SPORTIV": 127}, "limba_moderna": {"LIMBA ENGLEZA": 116, "LIMBA FRANCEZA": 11}, "limba_materna": {"LIMBA ROMANA": 127}, "promotie_anterioara": {"DA": 23, "NU": 104}, "materii": {"LIMBA ROMANA": {"medie": 6.113865546218487, "reusita": 77.95275590551181, "cnt": 127}, "GENERAL": {"medie": 6.220227920227921, "reusita": 50.39370078740157, "cnt": 127}, "ISTORIE": {"medie": 5.748360655737707, "reusita": 89.76377952755905, "cnt": 127}, "LOGICA, ARGUMENTARE SI COMUNICARE": {"medie": 8.45, "reusita": 100.0, "cnt": 12}, "GEOGRAFIE": {"medie": 6.553636363636364, "reusita": 83.47826086956522, "cnt": 115}}, "nume": "LICEUL CU PROGRAM SPORTIV, IASI\tIa\u0219i"}