{"specializari": {"STIINTE ALE NATURII": 68, "MATEMATICA-INFORMATICA": 61, "FILOLOGIE": 37, "TEHNICIAN AGROMONTAN": 29, "TEHNICIAN ELECTROTEHNIST": 26, "TEHNICIAN IN INSTALATII ELECTRICE": 42, "TEHNICIAN MECATRONIST": 35, "TEHNICIAN MECANIC PENTRU INTRETINERE SI REPARATII": 31, "STIINTE SOCIALE": 37, "TEHNICIAN IN CONSTRUCTII SI LUCRARI PUBLICE": 12, "TEHNICIAN ECOLOG SI PROTECTIA CALITATII MEDIULUI": 5, "TEHNICIAN IN INDUSTRIA TEXTILA": 21}, "limba_moderna": {"LIMBA ENGLEZA": 374, "LIMBA FRANCEZA": 30}, "limba_materna": {"LIMBA ROMANA": 404}, "promotie_anterioara": {"NU": 350, "DA": 54}, "materii": {"LIMBA ROMANA": {"medie": 6.519623655913979, "reusita": 78.71287128712872, "cnt": 404}, "MATEMATICA TEHN": {"medie": 3.5672774869109967, "reusita": 37.3134328358209, "cnt": 201}, "BIOLOGIE VEGETALA SI ANIMALA": {"medie": 3.6793706293706294, "reusita": 27.21518987341772, "cnt": 158}, "GENERAL": {"medie": 5.966758494031219, "reusita": 44.05940594059406, "cnt": 404}, "MATEMATICA ST-NAT": {"medie": 5.057777777777779, "reusita": 41.17647058823529, "cnt": 68}, "CHIMIE ORGANICA TEO NIVEL I/II": {"medie": 6.633333333333333, "reusita": 100.0, "cnt": 3}, "ISTORIE": {"medie": 7.284931506849315, "reusita": 98.64864864864865, "cnt": 74}, "LOGICA, ARGUMENTARE SI COMUNICARE": {"medie": 10.0, "reusita": 100.0, "cnt": 1}, "MATEMATICA MATE-INFO": {"medie": 9.007377049180329, "reusita": 100.0, "cnt": 61}, "INFORMATICA MI C/C++": {"medie": 9.133333333333333, "reusita": 100.0, "cnt": 3}, "GEOGRAFIE": {"medie": 8.12704918032787, "reusita": 93.54838709677419, "cnt": 62}, "ANATOMIE SI FIZIOLOGIE UMANA, GENETICA SI ECOLOGIE UMANA": {"medie": 6.993243243243239, "reusita": 72.22222222222221, "cnt": 126}, "FIZICA TEO": {"medie": 9.416666666666666, "reusita": 100.0, "cnt": 15}, "FIZICA TEH": {"medie": 3.8499999999999996, "reusita": 33.33333333333333, "cnt": 6}, "SOCIOLOGIE": {"medie": 8.809999999999999, "reusita": 83.33333333333334, "cnt": 6}, "CHIMIE ANORGANICA TEO NIVEL I/II": {"medie": 6.324999999999999, "reusita": 100.0, "cnt": 2}, "PSIHOLOGIE": {"medie": 6.666666666666667, "reusita": 66.66666666666666, "cnt": 3}, "ECONOMIE": {"medie": 3.9499999999999997, "reusita": 0.0, "cnt": 2}, "CHIMIE ANORGANICA TEH NIVEL I/II": {"medie": 3.425, "reusita": 10.0, "cnt": 10}, "INFORMATICA MI PASCAL": {"medie": 8.866666666666667, "reusita": 100.0, "cnt": 6}, "CHIMIE ORGANICA TEH NIVEL I/II": {"medie": 5.7, "reusita": 100.0, "cnt": 1}}, "nume": "LICEUL CONSTANTIN BRANCOVEANU, ORAS HOREZU\tV\u00e2lcea"}