{"specializari": {"MATEMATICA-INFORMATICA": 54, "STIINTE ALE NATURII": 63, "FILOLOGIE": 32, "TEHNICIAN IN ACTIVITATI ECONOMICE": 32, "TEHNICIAN IN TURISM": 32, "TEHNICIAN IN GASTRONOMIE": 27, "TEHNICIAN IN ACTIVITATI DE COMERT": 49, "TEHNICIAN TRANSPORTURI": 55, "TEHNICIAN MECATRONIST": 26, "TEHNICIAN ELECTROTEHNIST": 3, "TEHNICIAN IN AUTOMATIZARI": 1, "TEHNICIAN IN INSTALATII ELECTRICE": 1}, "limba_moderna": {"LIMBA ENGLEZA": 374, "LIMBA FRANCEZA": 1}, "limba_materna": {"LIMBA ROMANA": 375}, "promotie_anterioara": {"NU": 323, "DA": 52}, "materii": {"LIMBA ROMANA": {"medie": 5.857770270270268, "reusita": 59.46666666666667, "cnt": 375}, "MATEMATICA TEHN": {"medie": 6.8456140350877215, "reusita": 65.48672566371681, "cnt": 226}, "BIOLOGIE VEGETALA SI ANIMALA": {"medie": 7.4468181818181804, "reusita": 61.146496815286625, "cnt": 157}, "GENERAL": {"medie": 6.630455635491611, "reusita": 45.86666666666667, "cnt": 375}, "MATEMATICA ST-NAT": {"medie": 5.201428571428571, "reusita": 42.857142857142854, "cnt": 63}, "ISTORIE": {"medie": 6.4203125000000005, "reusita": 93.75, "cnt": 32}, "MATEMATICA MATE-INFO": {"medie": 7.353703703703703, "reusita": 90.74074074074075, "cnt": 54}, "GEOGRAFIE": {"medie": 7.089735099337748, "reusita": 82.55813953488372, "cnt": 172}, "ANATOMIE SI FIZIOLOGIE UMANA, GENETICA SI ECOLOGIE UMANA": {"medie": 9.16, "reusita": 100.0, "cnt": 5}, "FIZICA TEO": {"medie": 8.15, "reusita": 100.0, "cnt": 3}, "FIZICA TEH": {"medie": 4.390476190476191, "reusita": 43.333333333333336, "cnt": 30}, "INFORMATICA MI PASCAL": {"medie": 8.29375, "reusita": 100.0, "cnt": 8}}, "nume": "LICEUL BORSA\tMaramure\u0219"}