{"specializari": {"TEHNICIAN IN INDUSTRIA ALIMENTARA": 18, "TEHNICIAN IN AGRICULTURA ECOLOGICA": 4, "TEHNICIAN ECOLOG SI PROTECTIA CALITATII MEDIULUI": 11, "TEHNICIAN IN ACTIVITATI DE COMERT": 22, "TEHNICIAN IN TURISM": 10, "TEHNICIAN MECANIC PENTRU INTRETINERE SI REPARATII": 1, "TEHNICIAN TRANSPORTURI": 3, "TEHNICIAN MECATRONIST": 4, "TEHNICIAN IN AUTOMATIZARI": 1, "TEHNICIAN OPERATOR TEHNICA DE CALCUL": 1}, "limba_moderna": {"LIMBA ENGLEZA": 56, "LIMBA FRANCEZA": 19}, "limba_materna": {"LIMBA ROMANA": 75}, "promotie_anterioara": {"NU": 58, "DA": 17}, "materii": {"LIMBA ROMANA": {"medie": 6.326027397260276, "reusita": 89.33333333333333, "cnt": 75}, "MATEMATICA TEHN": {"medie": 5.517605633802818, "reusita": 66.66666666666666, "cnt": 75}, "BIOLOGIE VEGETALA SI ANIMALA": {"medie": 4.96025641025641, "reusita": 52.38095238095239, "cnt": 42}, "GENERAL": {"medie": 5.911737089201878, "reusita": 45.33333333333333, "cnt": 75}, "LOGICA, ARGUMENTARE SI COMUNICARE": {"medie": 7.8, "reusita": 100.0, "cnt": 4}, "GEOGRAFIE": {"medie": 6.930357142857143, "reusita": 100.0, "cnt": 28}, "FIZICA TEH": {"medie": 2.65, "reusita": 0.0, "cnt": 1}}, "nume": "LICEUL AGRICOL \"DR. C. ANGELESCU\" MUNICIPIUL BUZAU\tBuz\u0103u"}