{"specializari": {"LICEU CU PROGRAM SPORTIV": 78, "STIINTE ALE NATURII": 33}, "limba_moderna": {"LIMBA ENGLEZA": 102, "LIMBA FRANCEZA": 9}, "limba_materna": {"LIMBA ROMANA": 111}, "promotie_anterioara": {"NU": 89, "DA": 22}, "materii": {"LIMBA ROMANA": {"medie": 6.503738317757007, "reusita": 90.990990990991, "cnt": 111}, "BIOLOGIE VEGETALA SI ANIMALA": {"medie": 2.3, "reusita": 0.0, "cnt": 1}, "GENERAL": {"medie": 6.413141025641027, "reusita": 55.85585585585585, "cnt": 111}, "MATEMATICA ST-NAT": {"medie": 6.385937500000001, "reusita": 72.72727272727273, "cnt": 33}, "CHIMIE ORGANICA TEO NIVEL I/II": {"medie": 6.2727272727272725, "reusita": 90.9090909090909, "cnt": 11}, "ISTORIE": {"medie": 5.760000000000002, "reusita": 84.61538461538461, "cnt": 78}, "LOGICA, ARGUMENTARE SI COMUNICARE": {"medie": 8.733333333333333, "reusita": 100.0, "cnt": 6}, "GEOGRAFIE": {"medie": 6.726470588235296, "reusita": 88.73239436619718, "cnt": 71}, "ANATOMIE SI FIZIOLOGIE UMANA, GENETICA SI ECOLOGIE UMANA": {"medie": 6.823333333333334, "reusita": 70.58823529411765, "cnt": 17}, "FIZICA TEO": {"medie": 4.666666666666667, "reusita": 66.66666666666666, "cnt": 3}, "CHIMIE ANORGANICA TEO NIVEL I/II": {"medie": 7.5, "reusita": 100.0, "cnt": 1}, "ECONOMIE": {"medie": 6.95, "reusita": 100.0, "cnt": 1}}, "nume": "LICEUL CU PROGRAM SPORTIV, LOCALITATEA GALATI\tGala\u021bi"}