{"specializari": {"STIINTE ALE NATURII": 33, "TEHNICIAN MECANIC PENTRU INTRETINERE SI REPARATII": 2, "FILOLOGIE": 41, "TEHNICIAN ELECTROMECANIC": 24, "TEHNICIAN IN GASTRONOMIE": 18, "TEHNICIAN MECATRONIST": 3, "TEHNICIAN IN INSTALATII ELECTRICE": 2, "TEHNICIAN INSTALATOR PENTRU CONSTRUCTII": 6, "MATEMATICA-INFORMATICA": 25}, "limba_moderna": {"LIMBA ENGLEZA": 135, "LIMBA GERMANA MODERNA": 7, "LIMBA FRANCEZA": 12}, "limba_materna": {"LIMBA ROMANA": 154}, "promotie_anterioara": {"DA": 18, "NU": 136}, "materii": {"LIMBA ROMANA": {"medie": 7.014000000000004, "reusita": 92.85714285714286, "cnt": 154}, "MATEMATICA TEHN": {"medie": 4.654081632653062, "reusita": 47.27272727272727, "cnt": 55}, "BIOLOGIE VEGETALA SI ANIMALA": {"medie": 5.425555555555555, "reusita": 54.166666666666664, "cnt": 48}, "GENERAL": {"medie": 6.63931034482759, "reusita": 58.44155844155844, "cnt": 154}, "MATEMATICA ST-NAT": {"medie": 4.901612903225806, "reusita": 51.515151515151516, "cnt": 33}, "CHIMIE ORGANICA TEO NIVEL I/II": {"medie": 2.5, "reusita": 0.0, "cnt": 1}, "ISTORIE": {"medie": 7.259756097560974, "reusita": 100.0, "cnt": 41}, "LOGICA, ARGUMENTARE SI COMUNICARE": {"medie": 8.76153846153846, "reusita": 100.0, "cnt": 13}, "MATEMATICA MATE-INFO": {"medie": 7.902, "reusita": 96.0, "cnt": 25}, "INFORMATICA MI C/C++": {"medie": 8.408333333333333, "reusita": 100.0, "cnt": 6}, "GEOGRAFIE": {"medie": 7.415555555555554, "reusita": 91.30434782608695, "cnt": 46}, "ANATOMIE SI FIZIOLOGIE UMANA, GENETICA SI ECOLOGIE UMANA": {"medie": 6.918055555555555, "reusita": 84.21052631578947, "cnt": 38}, "FIZICA TEH": {"medie": 5.3, "reusita": 50.0, "cnt": 2}}, "nume": "LICEUL BANATEAN OTELU ROSU\tCara\u0219-Severin"}