{"specializari": {"LICEU CU PROGRAM SPORTIV": 88}, "limba_moderna": {"LIMBA ENGLEZA": 88}, "limba_materna": {"LIMBA ROMANA": 88}, "promotie_anterioara": {"NU": 82, "DA": 6}, "materii": {"LIMBA ROMANA": {"medie": 5.493975903614457, "reusita": 72.72727272727273, "cnt": 88}, "GENERAL": {"medie": 5.7058943089430905, "reusita": 35.22727272727273, "cnt": 88}, "ISTORIE": {"medie": 5.763414634146343, "reusita": 88.63636363636364, "cnt": 88}, "LOGICA, ARGUMENTARE SI COMUNICARE": {"medie": 7.186363636363635, "reusita": 81.81818181818183, "cnt": 22}, "GEOGRAFIE": {"medie": 5.387500000000001, "reusita": 58.46153846153847, "cnt": 65}, "PSIHOLOGIE": {"medie": 5.6, "reusita": 100.0, "cnt": 1}}, "nume": "LICEUL CU PROGRAM SPORTIV, MUN. VASLUI\tVaslui"}