{"specializari": {"MATEMATICA-INFORMATICA": 30, "STIINTE SOCIALE": 31, "TEHNICIAN IN ACTIVITATI ECONOMICE": 34, "TEHNICIAN IN AGRICULTURA": 13, "TEHNICIAN MECANIC PENTRU INTRETINERE SI REPARATII": 9, "FILOLOGIE": 1}, "limba_moderna": {"LIMBA ENGLEZA": 117, "LIMBA FRANCEZA": 1}, "limba_materna": {"LIMBA ROMANA": 118}, "promotie_anterioara": {"NU": 93, "DA": 25}, "materii": {"LIMBA ROMANA": {"medie": 5.36728971962617, "reusita": 60.16949152542372, "cnt": 118}, "MATEMATICA TEHN": {"medie": 3.25, "reusita": 21.428571428571427, "cnt": 56}, "BIOLOGIE VEGETALA SI ANIMALA": {"medie": 3.3899999999999997, "reusita": 18.75, "cnt": 16}, "GENERAL": {"medie": 5.110355987055017, "reusita": 26.27118644067797, "cnt": 118}, "CHIMIE ORGANICA TEO NIVEL I/II": {"medie": 8.8, "reusita": 100.0, "cnt": 1}, "ISTORIE": {"medie": 5.587096774193549, "reusita": 71.875, "cnt": 32}, "LOGICA, ARGUMENTARE SI COMUNICARE": {"medie": 6.670833333333333, "reusita": 66.66666666666666, "cnt": 12}, "MATEMATICA MATE-INFO": {"medie": 5.572413793103449, "reusita": 73.33333333333333, "cnt": 30}, "GEOGRAFIE": {"medie": 5.474489795918367, "reusita": 53.84615384615385, "cnt": 52}, "ANATOMIE SI FIZIOLOGIE UMANA, GENETICA SI ECOLOGIE UMANA": {"medie": 5.686000000000002, "reusita": 69.23076923076923, "cnt": 26}, "FIZICA TEH": {"medie": 2.75, "reusita": 11.11111111111111, "cnt": 9}, "PSIHOLOGIE": {"medie": 6.85, "reusita": 100.0, "cnt": 1}, "FILOSOFIE": {"medie": 3.3, "reusita": 0.0, "cnt": 1}}, "nume": "LICEUL COBADIN\tConstan\u021ba"}