{"specializari": {"LICEU CU PROGRAM SPORTIV": 103}, "limba_moderna": {"LIMBA ENGLEZA": 97, "LIMBA FRANCEZA": 6}, "limba_materna": {"LIMBA ROMANA": 103}, "promotie_anterioara": {"DA": 14, "NU": 89}, "materii": {"LIMBA ROMANA": {"medie": 5.986868686868686, "reusita": 72.81553398058253, "cnt": 103}, "GENERAL": {"medie": 6.104761904761904, "reusita": 52.42718446601942, "cnt": 103}, "ISTORIE": {"medie": 5.71039603960396, "reusita": 82.52427184466019, "cnt": 103}, "LOGICA, ARGUMENTARE SI COMUNICARE": {"medie": 8.123333333333333, "reusita": 100.0, "cnt": 15}, "GEOGRAFIE": {"medie": 6.368674698795182, "reusita": 79.3103448275862, "cnt": 87}, "PSIHOLOGIE": {"medie": 3.0, "reusita": 0.0, "cnt": 1}}, "nume": "LICEUL CU PROGRAM SPORTIV, MUNICIPIUL PIATRA-NEAMT\tNeam\u021b"}