{"specializari": {"STIINTE ALE NATURII": 19332, "MATEMATICA-INFORMATICA": 24844, "FILOLOGIE": 21331, "TEHNICIAN IN ACTIVITATI DE COMERT": 2192, "STIINTE SOCIALE": 11155, "TEHNICIAN OPERATOR TEHNICA DE CALCUL": 2177, "TEHNICIAN PROIECTANT CAD": 890, "TEHNICIAN OPERATOR PROCESARE TEXT IMAGINE": 248, "TEHNICIAN IN INDUSTRIA ALIMENTARA": 711, "TEHNICIAN IN GASTRONOMIE": 2201, "TEHNICIAN IN PRELUCRAREA LEMNULUI": 245, "TEHNICIAN ECOLOG SI PROTECTIA CALITATII MEDIULUI": 2808, "TEHNICIAN DE TELECOMUNICATII": 610, "TEOLOGIE PENTICOSTALA": 144, "TEHNICIAN CHIMIST DE LABORATOR": 378, "TEHNICIAN MECATRONIST": 1627, "TEHNICIAN MECANIC PENTRU INTRETINERE SI REPARATII": 1952, "LICEU CU PROGRAM SPORTIV": 4309, "TEHNICIAN ELECTROTEHNIST": 475, "TEHNICIAN ANALIZE PRODUSE ALIMENTARE": 1066, "TEHNICIAN IN AUTOMATIZARI": 1189, "TEHNICIAN IN INDUSTRIA TEXTILA": 535, "TEHNICIAN IN SILVICULTURA SI EXPLOATARI FORESTIERE": 779, "TEHNICIAN IN ACTIVITATI ECONOMICE": 9553, "TEHNICIAN ELECTRONIST": 166, "TEHNICIAN ELECTRICIAN/ELECTRONIST AUTO": 643, "INVATATOR - EDUCATOARE": 2121, "TEHNICIAN DESIGNER VESTIMENTAR": 677, "TEHNICIAN ELECTROMECANIC": 918, "TEHNICIAN PROIECTANT PRODUSE FINITE DIN LEMN": 57, "ORGANIZATOR BANQUETING": 940, "TEHNICIAN IN INSTALATII ELECTRICE": 1752, "TEHNICIAN TRANSPORTURI": 1291, "TEHNICIAN IN TURISM": 4033, "ARTE PLASTICE SI DECORATIVE": 1372, "TEHNICIAN PRELUCRARI MECANICE": 215, "TEHNICIAN IN ACTIVITATI DE POSTA": 117, "TEHNICIAN IN CONSTRUCTII SI LUCRARI PUBLICE": 250, "TEOLOGIE REFORMATA": 210, "TEHNICIAN DESENATOR PENTRU CONSTRUCTII SI INSTALATII": 607, "MUZICA": 1125, "TEOLOGIE ORTODOXA": 881, "TEHNICIAN IN HOTELARIE": 406, "TEHNICIAN VETERINAR": 568, "TEHNICIAN AGROMONTAN": 97, "TEHNICIAN IN MORARIT, PANIFICATIE SI PRODUSE FAINOASE": 86, "TEHNICIAN IN AGROTURISM": 175, "TEHNICIAN AGRONOM": 125, "TEHNICIAN DESIGNER MOBILA SI AMENAJARI INTERIOARE": 265, "TEHNICIAN IN AGRICULTURA": 387, "TEHNICIAN HORTICULTOR": 166, "MUZICA BISERICEASCA": 3, "TEHNICIAN METROLOG": 66, "TEHNICIAN IN AGRICULTURA ECOLOGICA": 141, "COAFOR STILIST": 920, "TEHNICIAN IN CHIMIE INDUSTRIALA": 95, "TEHNICIAN PENTRU ANIMALE DE COMPANIE": 24, "TEHNICIAN PRELUCRARI LA CALD": 36, "TEHNICIAN IN ACHIZITII SI CONTRACTARI": 632, "TEOLOGIE ROMANO-CATOLICA": 379, "COREGRAFIE": 95, "TEHNICIAN ZOOTEHNIST": 37, "TEHNICIAN VETERINAR PENTRU ANIMALE DE COMPANIE": 2, "PATRIMONIU CULTURAL": 166, "TEOLOGIE BAPTISTA": 167, "TEHNICIAN INSTALATOR PENTRU CONSTRUCTII": 139, "TEHNICIAN AVIATIE": 24, "TEHNICIAN IN ADMINISTRATIE": 1253, "TEHNICIAN INSTALATII DE BORD (AVION)": 14, "ARHITECTURA, ARTE AMBIENTALE SI DESIGN": 808, "TEHNICIAN IN PRELUCRAREA PRODUSELOR DE ORIGINE ANIMALA": 45, "TEHNICIAN OPERATORI ROBOTI INDUSTRIALI": 13, "TEHNICIAN POLIGRAF": 60, "TEHNICIAN OPERATOR TELEMATICA": 86, "TEHNICIAN PRODUCTIE FILM SI TELEVIZIUNE": 65, "TEHNICIAN IN IND. ALIM. FERMENTATIVA SI IN PREL. LEGUMELOR SI FRUCTELOR": 45, "TEHNICIAN IN INDUSTRIA STICLEI SI CERAMICII": 27, "TEHNICIAN IN INDUSTRIA PIELARIEI": 49, "INSTRUCTOR PENTRU ACTIVITATI EXTRASCOLARE": 78, "TEHNICIAN MULTIMEDIA": 20, "TEHNICIAN HIDRO-METEOROLOG": 71, "ARTA ACTORULUI": 252, "TEOLOGIE GRECO-CATOLICA": 94, "TEHNICIAN IN INDUSTRIA MATERIALELOR DE CONSTRUCTII": 21, "TEHNICIAN PRELUCRARI PE MASINI CU COMANDA NUMERICA": 100, "TEOLOGIE UNITARIANA": 56, "EDUCATOR-PUERICULTOR": 115, "TEHNICIAN ENERGETICIAN": 44, "TEOLOGIE ADVENTISTA": 92, "TEHNICIAN PENTRU TEHNICI ARTISTICE - PATRIMONIU": 18, "TEHNICIAN CONSTRUCTII NAVALE": 3, "GHID TURISM RELIGIOS": 28, "CONSERVARE - RESTAURARE": 4, "TEOLOGIE MUSULMANA": 3, "TEHNICIAN AUDIO-VIDEO": 1}, "limba_moderna": {"LIMBA ENGLEZA": 123782, "LIMBA SPANIOLA": 500, "LIMBA FRANCEZA": 10735, "LIMBA GERMANA MODERNA": 1281, "LIMBA RUSA": 106, "LIMBA ITALIANA": 353, "LIMBA PORTUGHEZA": 21, "LIMBA TURCA MODERNA": 1, "LIMBA JAPONEZA": 11, "LIMBA EBRAICA": 2}, "limba_materna": {"LIMBA ROMANA": 129882, "LIMBA MAGHIARA": 6012, "LIMBA GERMANA": 722, "LIMBA UCRAINEANA": 91, "LIMBA SARBA": 34, "LIMBA ITALIANA": 11, "LIMBA SLOVACA": 31, "LIMBA CROATA": 6, "LIMBA TURCA": 3}, "promotie_anterioara": {"DA": 18023, "NU": 118769}, "materii": {"LIMBA ROMANA": {"medie": 6.883680133811636, "reusita": 83.10646821451547, "cnt": 136792}, "MATEMATICA ST-NAT": {"medie": 6.999690026954203, "reusita": 81.11001913826101, "cnt": 19333}, "ANATOMIE SI FIZIOLOGIE UMANA, GENETICA SI ECOLOGIE UMANA": {"medie": 7.7169233721376775, "reusita": 85.658137482955, "cnt": 24934}, "GENERAL": {"medie": 6.994304405872646, "reusita": 62.977367097491076, "cnt": 136792}, "MATEMATICA MATE-INFO": {"medie": 7.454179049034129, "reusita": 85.3439600692348, "cnt": 24843}, "BIOLOGIE VEGETALA SI ANIMALA": {"medie": 5.240564187327852, "reusita": 46.011228619924275, "cnt": 22977}, "ISTORIE": {"medie": 7.318487672156377, "reusita": 93.5431969220007, "cnt": 42885}, "GEOGRAFIE": {"medie": 7.501195438646909, "reusita": 86.8683234004273, "cnt": 44465}, "MATEMATICA TEHN": {"medie": 4.7813039345656385, "reusita": 49.336273892039486, "cnt": 47610}, "SOCIOLOGIE": {"medie": 8.002053422370615, "reusita": 93.54315379623621, "cnt": 3082}, "FIZICA TEH": {"medie": 5.343401315789475, "reusita": 48.14070351758794, "cnt": 1990}, "MATEMATICA PED": {"medie": 7.5959305092813, "reusita": 93.77652050919377, "cnt": 2121}, "LOGICA, ARGUMENTARE SI COMUNICARE": {"medie": 8.304500159693433, "reusita": 91.4464706612083, "cnt": 16122}, "CHIMIE ANORGANICA TEH NIVEL I/II": {"medie": 5.215157004830917, "reusita": 49.67441860465116, "cnt": 1075}, "PSIHOLOGIE": {"medie": 7.827507447864958, "reusita": 93.52030947775629, "cnt": 2068}, "FILOSOFIE": {"medie": 7.752340425531915, "reusita": 90.30303030303031, "cnt": 495}, "LIMBA MAGHIARA (REAL)": {"medie": 7.220760168926419, "reusita": 92.2945205479452, "cnt": 4672}, "LIMBA MAGHIARA (UMAN)": {"medie": 7.3500379939209735, "reusita": 96.34328358208955, "cnt": 1340}, "INFORMATICA MI PASCAL": {"medie": 7.73819628647215, "reusita": 94.22572178477691, "cnt": 381}, "FIZICA TEO": {"medie": 8.289119417168182, "reusita": 96.85574340338125, "cnt": 6329}, "CHIMIE ORGANICA TEO NIVEL I/II": {"medie": 8.68688111473464, "reusita": 98.63985807214665, "cnt": 3382}, "INFORMATICA MI C/C++": {"medie": 8.245174865766963, "reusita": 97.13914174252277, "cnt": 6921}, "CHIMIE ORGANICA TEH NIVEL I/II": {"medie": 5.062450592885378, "reusita": 45.18072289156627, "cnt": 332}, "CHIMIE ANORGANICA TEO NIVEL I/II": {"medie": 7.638524590163936, "reusita": 95.37037037037037, "cnt": 864}, "ECONOMIE": {"medie": 7.730715705765409, "reusita": 90.70450097847358, "cnt": 1022}, "LIMBA GERMANA": {"medie": 7.9717482517482585, "reusita": 96.95290858725761, "cnt": 722}, "LIMBA UCRAINEANA": {"medie": 7.5391566265060215, "reusita": 89.01098901098901, "cnt": 91}, "LIMBA SARBA": {"medie": 8.483333333333334, "reusita": 88.23529411764706, "cnt": 34}, "LIMBA ITALIANA": {"medie": 5.4363636363636365, "reusita": 72.72727272727273, "cnt": 11}, "INFORMATICA SN PASCAL": {"medie": 7.6071428571428585, "reusita": 100.0, "cnt": 21}, "INFORMATICA SN C/C++": {"medie": 8.20392749244713, "reusita": 96.3855421686747, "cnt": 332}, "LIMBA SLOVACA": {"medie": 7.826785714285713, "reusita": 90.32258064516128, "cnt": 31}, "LIMBA CROATA": {"medie": 8.85, "reusita": 100.0, "cnt": 6}, "LIMBA TURCA": {"medie": 8.975000000000001, "reusita": 66.66666666666666, "cnt": 3}}, "nume": "Rom\u00e2nia"}