{"specializari": {"TEHNICIAN DESIGNER VESTIMENTAR": 841, "MATEMATICA-INFORMATICA": 26195, "TEHNICIAN IN INDUSTRIA TEXTILA": 588, "TEHNICIAN IN INDUSTRIA PIELARIEI": 77, "TEHNICIAN IN INDUSTRIA STICLEI SI CERAMICII": 31, "TEHNICIAN MECATRONIST": 2100, "TEHNICIAN IN PRELUCRAREA LEMNULUI": 285, "TEOLOGIE ROMANO-CATOLICA": 409, "TEHNICIAN IN SILVICULTURA SI EXPLOATARI FORESTIERE": 1013, "STIINTE ALE NATURII": 21739, "ARTE PLASTICE SI DECORATIVE": 1468, "ARHITECTURA, ARTE AMBIENTALE SI DESIGN": 872, "LICEU CU PROGRAM SPORTIV": 5480, "FILOLOGIE": 22263, "TEHNICIAN IN CHIMIE INDUSTRIALA": 129, "TEHNICIAN DESIGNER MOBILA SI AMENAJARI INTERIOARE": 388, "TEHNICIAN IN ACTIVITATI ECONOMICE": 11120, "TEHNICIAN MECANIC PENTRU INTRETINERE SI REPARATII": 2810, "TEHNICIAN IN GASTRONOMIE": 2537, "MUZICA": 1258, "TEHNICIAN DESENATOR PENTRU CONSTRUCTII SI INSTALATII": 782, "INVATATOR - EDUCATOARE": 2281, "ORGANIZATOR BANQUETING": 1339, "TEHNICIAN PRELUCRARI MECANICE": 296, "TEHNICIAN OPERATOR TEHNICA DE CALCUL": 2395, "TEHNICIAN IN AGROTURISM": 267, "TEHNICIAN IN ACTIVITATI DE COMERT": 2580, "TEHNICIAN DE TELECOMUNICATII": 733, "TEHNICIAN HORTICULTOR": 198, "STIINTE SOCIALE": 12203, "TEHNICIAN IN AGRICULTURA": 488, "TEHNICIAN IN ADMINISTRATIE": 1377, "TEHNICIAN TRANSPORTURI": 1791, "TEHNICIAN VETERINAR": 805, "TEHNICIAN IN TURISM": 4491, "TEHNICIAN PROIECTANT CAD": 1146, "TEOLOGIE ORTODOXA": 931, "TEHNICIAN IN INSTALATII ELECTRICE": 2298, "TEHNICIAN ECOLOG SI PROTECTIA CALITATII MEDIULUI": 3224, "TEHNICIAN IN CONSTRUCTII SI LUCRARI PUBLICE": 272, "TEHNICIAN ELECTROMECANIC": 1127, "TEOLOGIE GRECO-CATOLICA": 94, "TEHNICIAN IN AUTOMATIZARI": 1561, "TEHNICIAN ELECTROTEHNIST": 746, "TEHNICIAN IN INDUSTRIA ALIMENTARA": 967, "TEHNICIAN PRELUCRARI LA CALD": 59, "TEHNICIAN ANALIZE PRODUSE ALIMENTARE": 1332, "TEHNICIAN ELECTRONIST": 277, "TEHNICIAN IN MORARIT, PANIFICATIE SI PRODUSE FAINOASE": 77, "TEHNICIAN CHIMIST DE LABORATOR": 436, "TEHNICIAN IN ACHIZITII SI CONTRACTARI": 865, "COAFOR STILIST": 1140, "TEHNICIAN PRELUCRARI PE MASINI CU COMANDA NUMERICA": 130, "TEOLOGIE PENTICOSTALA": 178, "TEHNICIAN IN IND. ALIM. FERMENTATIVA SI IN PREL. LEGUMELOR SI FRUCTELOR": 38, "TEHNICIAN AGROMONTAN": 124, "TEHNICIAN ELECTRICIAN/ELECTRONIST AUTO": 804, "TEHNICIAN INSTALATOR PENTRU CONSTRUCTII": 232, "TEHNICIAN PROIECTANT PRODUSE FINITE DIN LEMN": 95, "TEHNICIAN OPERATOR PROCESARE TEXT IMAGINE": 329, "TEHNICIAN IN AGRICULTURA ECOLOGICA": 108, "TEHNICIAN HIDRO-METEOROLOG": 133, "PATRIMONIU CULTURAL": 201, "TEHNICIAN IN PRELUCRAREA PRODUSELOR DE ORIGINE ANIMALA": 134, "TEHNICIAN ZOOTEHNIST": 45, "ARTA ACTORULUI": 294, "TEOLOGIE BAPTISTA": 197, "TEHNICIAN POLIGRAF": 102, "TEHNICIAN PRODUCTIE FILM SI TELEVIZIUNE": 119, "TEHNICIAN METROLOG": 115, "TEHNICIAN IN HOTELARIE": 675, "TEHNICIAN AVIATIE": 74, "TEHNICIAN INSTALATII DE BORD (AVION)": 59, "TEOLOGIE ADVENTISTA": 107, "TEHNICIAN IN INDUSTRIA MATERIALELOR DE CONSTRUCTII": 22, "TEHNICIAN MULTIMEDIA": 90, "GHID TURISM RELIGIOS": 93, "TEHNICIAN IN ACTIVITATI DE POSTA": 128, "TEHNICIAN PENTRU TEHNICI ARTISTICE - PATRIMONIU": 23, "TEHNICIAN ENERGETICIAN": 59, "TEHNICIAN PENTRU ANIMALE DE COMPANIE": 16, "COREGRAFIE": 107, "TEHNICIAN AGRONOM": 137, "TEHNICIAN VETERINAR PENTRU ANIMALE DE COMPANIE": 3, "TEOLOGIE REFORMATA": 245, "TEHNICIAN OPERATOR TELEMATICA": 73, "INSTRUCTOR PENTRU ACTIVITATI EXTRASCOLARE": 39, "TEOLOGIE UNITARIANA": 66, "TEHNICIAN OPERATORI ROBOTI INDUSTRIALI": 54, "TEOLOGIE MUSULMANA": 6, "EDUCATOR-PUERICULTOR": 56, "MUZICA BISERICEASCA": 30, "CONSERVARE - RESTAURARE": 29}, "limba_moderna": {"LIMBA ENGLEZA": 138932, "LIMBA FRANCEZA": 13594, "LIMBA GERMANA MODERNA": 2226, "LIMBA RUSA": 159, "LIMBA ITALIANA": 293, "LIMBA SPANIOLA": 487, "LIMBA EBRAICA": 9, "LIMBA JAPONEZA": 12, "LIMBA CHINEZA": 18, "LIMBA PORTUGHEZA": 19, "LIMBA TURCA MODERNA": 1}, "limba_materna": {"LIMBA ROMANA": 148201, "LIMBA MAGHIARA": 6530, "LIMBA GERMANA": 798, "LIMBA SLOVACA": 41, "LIMBA ITALIANA": 28, "LIMBA SARBA": 23, "LIMBA CROATA": 8, "LIMBA TURCA": 6, "LIMBA UCRAINEANA": 115}, "promotie_anterioara": {"NU": 123914, "DA": 31836}, "materii": {"LIMBA ROMANA": {"medie": 6.906304795218554, "reusita": 87.25264847512038, "cnt": 155750}, "MATEMATICA TEHN": {"medie": 4.635216267732067, "reusita": 51.68800733620894, "cnt": 58886}, "BIOLOGIE VEGETALA SI ANIMALA": {"medie": 4.933739148073068, "reusita": 47.31076427053565, "cnt": 27294}, "GENERAL": {"medie": 6.829192265957543, "reusita": 61.34125200642055, "cnt": 155750}, "MATEMATICA MATE-INFO": {"medie": 7.275860185902427, "reusita": 84.97537886017483, "cnt": 26197}, "ANATOMIE SI FIZIOLOGIE UMANA, GENETICA SI ECOLOGIE UMANA": {"medie": 7.499751142712038, "reusita": 83.78342904019688, "cnt": 30475}, "FIZICA TEH": {"medie": 4.810008410428933, "reusita": 44.1704825642832, "cnt": 2839}, "ISTORIE": {"medie": 7.501452465363032, "reusita": 91.71257690411369, "cnt": 46649}, "GEOGRAFIE": {"medie": 7.454836858071986, "reusita": 87.46285132037022, "cnt": 47108}, "LIMBA MAGHIARA (REAL)": {"medie": 7.438630001971207, "reusita": 95.70731707317073, "cnt": 5125}, "FILOSOFIE": {"medie": 7.938484848484855, "reusita": 93.63817097415506, "cnt": 503}, "MATEMATICA ST-NAT": {"medie": 6.424558997398906, "reusita": 74.86773703822975, "cnt": 21737}, "INFORMATICA MI PASCAL": {"medie": 7.7997619047619, "reusita": 95.23809523809523, "cnt": 210}, "FIZICA TEO": {"medie": 8.400994152046765, "reusita": 94.9367088607595, "cnt": 7031}, "CHIMIE ORGANICA TEO NIVEL I/II": {"medie": 8.746466139566865, "reusita": 97.83728115345005, "cnt": 2913}, "LOGICA, ARGUMENTARE SI COMUNICARE": {"medie": 7.875247866620644, "reusita": 88.56419248003117, "cnt": 20532}, "INFORMATICA MI C/C++": {"medie": 8.187310579238062, "reusita": 96.27802058367404, "cnt": 7093}, "PSIHOLOGIE": {"medie": 7.894977407021189, "reusita": 96.65862900447813, "cnt": 2903}, "CHIMIE ANORGANICA TEO NIVEL I/II": {"medie": 7.015806451612909, "reusita": 87.90149892933619, "cnt": 934}, "LIMBA GERMANA": {"medie": 7.8681297709923745, "reusita": 96.61654135338345, "cnt": 798}, "SOCIOLOGIE": {"medie": 7.665925925925921, "reusita": 91.30986362194736, "cnt": 3153}, "ECONOMIE": {"medie": 7.467776639344269, "reusita": 90.93686354378818, "cnt": 982}, "MATEMATICA PED": {"medie": 7.678897672375925, "reusita": 93.9061814993424, "cnt": 2281}, "LIMBA MAGHIARA (UMAN)": {"medie": 7.677324749642355, "reusita": 97.50889679715303, "cnt": 1405}, "CHIMIE ANORGANICA TEH NIVEL I/II": {"medie": 4.380330500472149, "reusita": 43.9419795221843, "cnt": 1172}, "CHIMIE ORGANICA TEH NIVEL I/II": {"medie": 4.518283582089557, "reusita": 43.23432343234324, "cnt": 303}, "INFORMATICA SN C/C++": {"medie": 8.005263157894731, "reusita": 94.03508771929825, "cnt": 285}, "LIMBA SLOVACA": {"medie": 7.835000000000001, "reusita": 97.5609756097561, "cnt": 41}, "LIMBA ITALIANA": {"medie": 8.680357142857142, "reusita": 100.0, "cnt": 28}, "LIMBA SARBA": {"medie": 8.073913043478262, "reusita": 100.0, "cnt": 23}, "LIMBA CROATA": {"medie": 8.6625, "reusita": 100.0, "cnt": 8}, "LIMBA TURCA": {"medie": 8.325, "reusita": 100.0, "cnt": 6}, "INFORMATICA SN PASCAL": {"medie": 7.705000000000001, "reusita": 95.0, "cnt": 20}, "LIMBA UCRAINEANA": {"medie": 6.972123893805308, "reusita": 93.91304347826087, "cnt": 115}}, "nume": "Rom\u00e2nia"}