{"specializari": {"FILOLOGIE": 5, "TEHNICIAN IN TURISM": 1, "TEHNICIAN IN ACTIVITATI DE POSTA": 4, "TEHNICIAN IN ACTIVITATI ECONOMICE": 1, "STIINTE SOCIALE": 2}, "limba_moderna": {"LIMBA ENGLEZA": 13}, "limba_materna": {"LIMBA ROMANA": 13}, "promotie_anterioara": {"NU": 5, "DA": 8}, "materii": {"LIMBA ROMANA": {"medie": 4.1850000000000005, "reusita": 23.076923076923077, "cnt": 13}, "MATEMATICA TEHN": {"medie": 3.02, "reusita": 33.33333333333333, "cnt": 6}, "GENERAL": {"medie": 4.4383333333333335, "reusita": 15.384615384615385, "cnt": 13}, "ISTORIE": {"medie": 4.55, "reusita": 57.14285714285714, "cnt": 7}, "GEOGRAFIE": {"medie": 5.80625, "reusita": 45.45454545454545, "cnt": 11}, "FILOSOFIE": {"medie": 4.0, "reusita": 0.0, "cnt": 1}, "LOGICA, ARGUMENTARE SI COMUNICARE": {"medie": 3.0, "reusita": 0.0, "cnt": 1}}, "nume": "CENTRUL DE STUDII \"STEFAN CEL MARE SI SFANT\" BUCOVINA CIMPULUNG MOLDOVENESC\tSuceava"}