{"specializari": {"COAFOR STILIST": 12}, "limba_moderna": {"LIMBA ENGLEZA": 12}, "limba_materna": {"LIMBA ROMANA": 12}, "promotie_anterioara": {"DA": 5, "NU": 7}, "materii": {"LIMBA ROMANA": {"medie": 5.6375, "reusita": 66.66666666666666, "cnt": 12}, "MATEMATICA TEHN": {"medie": 4.320833333333334, "reusita": 41.66666666666667, "cnt": 12}, "GENERAL": {"medie": 5.247222222222223, "reusita": 33.33333333333333, "cnt": 12}, "GEOGRAFIE": {"medie": 5.4350000000000005, "reusita": 70.0, "cnt": 10}, "LOGICA, ARGUMENTARE SI COMUNICARE": {"medie": 7.525, "reusita": 100.0, "cnt": 2}}, "nume": "CENTRUL SCOLAR DE EDUCATIE INCLUZIVA \"ALBATROS\" CONSTANTA\tConstan\u021ba"}