{"specializari": {"STIINTE ALE NATURII": 15}, "limba_moderna": {"LIMBA FRANCEZA": 15}, "limba_materna": {"LIMBA ROMANA": 15}, "promotie_anterioara": {"NU": 11, "DA": 4}, "materii": {"LIMBA ROMANA": {"medie": 3.3692307692307697, "reusita": 6.666666666666667, "cnt": 15}, "BIOLOGIE VEGETALA SI ANIMALA": {"medie": 3.2791666666666663, "reusita": 13.333333333333334, "cnt": 15}, "GENERAL": {"medie": 2.5833333333333335, "reusita": 0.0, "cnt": 15}, "MATEMATICA ST-NAT": {"medie": 1.0409090909090908, "reusita": 0.0, "cnt": 15}}, "nume": "CENTRUL SCOLAR PENTRU EDUCATIE INCLUZIVA \"ELENA DOAMNA\" FOCSANI\tVrancea"}