{"specializari": {"TEHNICIAN IN TURISM": 14, "TEHNICIAN ELECTROMECANIC": 11, "TEHNICIAN IN ACTIVITATI DE COMERT": 18, "TEHNICIAN ECOLOG SI PROTECTIA CALITATII MEDIULUI": 3, "ORGANIZATOR BANQUETING": 1}, "limba_moderna": {"LIMBA ENGLEZA": 28, "LIMBA FRANCEZA": 19}, "limba_materna": {"LIMBA ROMANA": 47}, "promotie_anterioara": {"NU": 40, "DA": 7}, "materii": {"LIMBA ROMANA": {"medie": 5.7956521739130435, "reusita": 80.85106382978722, "cnt": 47}, "MATEMATICA TEHN": {"medie": 4.538043478260868, "reusita": 51.06382978723404, "cnt": 47}, "BIOLOGIE VEGETALA SI ANIMALA": {"medie": 7.45, "reusita": 100.0, "cnt": 2}, "GENERAL": {"medie": 5.504814814814815, "reusita": 40.42553191489361, "cnt": 47}, "ANATOMIE SI FIZIOLOGIE UMANA, GENETICA SI ECOLOGIE UMANA": {"medie": 5.0, "reusita": 100.0, "cnt": 1}, "FIZICA TEH": {"medie": 4.175000000000001, "reusita": 36.36363636363637, "cnt": 11}, "GEOGRAFIE": {"medie": 6.721428571428571, "reusita": 86.20689655172413, "cnt": 29}, "LOGICA, ARGUMENTARE SI COMUNICARE": {"medie": 5.6000000000000005, "reusita": 66.66666666666666, "cnt": 3}, "ECONOMIE": {"medie": 5.65, "reusita": 100.0, "cnt": 1}}, "nume": "COLEGIUL TEHNIC \"PETRU MUSAT\" SUCEAVA\tSuceava"}