{"specializari": {"MATEMATICA-INFORMATICA": 93, "STIINTE SOCIALE": 33, "FILOLOGIE": 35, "STIINTE ALE NATURII": 32}, "limba_moderna": {"LIMBA FRANCEZA": 14, "LIMBA ENGLEZA": 174, "LIMBA GERMANA MODERNA": 5}, "limba_materna": {"LIMBA ROMANA": 193}, "promotie_anterioara": {"NU": 193}, "materii": {"LIMBA ROMANA": {"medie": 9.272135416666659, "reusita": 99.48186528497409, "cnt": 193}, "GENERAL": {"medie": 9.153211805555552, "reusita": 99.48186528497409, "cnt": 193}, "MATEMATICA MATE-INFO": {"medie": 8.738709677419354, "reusita": 100.0, "cnt": 93}, "ANATOMIE SI FIZIOLOGIE UMANA, GENETICA SI ECOLOGIE UMANA": {"medie": 9.424, "reusita": 100.0, "cnt": 25}, "ISTORIE": {"medie": 9.492537313432836, "reusita": 98.52941176470588, "cnt": 68}, "GEOGRAFIE": {"medie": 9.311363636363637, "reusita": 100.0, "cnt": 22}, "MATEMATICA ST-NAT": {"medie": 8.629687499999998, "reusita": 100.0, "cnt": 32}, "FIZICA TEO": {"medie": 9.17282608695652, "reusita": 100.0, "cnt": 46}, "CHIMIE ORGANICA TEO NIVEL I/II": {"medie": 9.167647058823531, "reusita": 100.0, "cnt": 17}, "LOGICA, ARGUMENTARE SI COMUNICARE": {"medie": 9.217391304347826, "reusita": 100.0, "cnt": 23}, "INFORMATICA MI C/C++": {"medie": 9.008333333333333, "reusita": 100.0, "cnt": 36}, "PSIHOLOGIE": {"medie": 9.15, "reusita": 100.0, "cnt": 10}, "SOCIOLOGIE": {"medie": 9.5625, "reusita": 88.88888888888889, "cnt": 9}, "ECONOMIE": {"medie": 9.087499999999999, "reusita": 100.0, "cnt": 4}, "INFORMATICA SN C/C++": {"medie": 8.25, "reusita": 100.0, "cnt": 1}}, "nume": "COLEGIUL NATIONAL \"GRIGORE MOISIL\"\tBucure\u0219ti"}