{"specializari": {"TEHNICIAN IN HOTELARIE": 22, "TEHNICIAN IN GASTRONOMIE": 48, "COAFOR STILIST": 52, "TEHNICIAN DESIGNER VESTIMENTAR": 13, "TEHNICIAN POLIGRAF": 15, "TEHNICIAN OPERATOR TEHNICA DE CALCUL": 6, "TEHNICIAN IN INDUSTRIA TEXTILA": 5, "TEHNICIAN OPERATOR PROCESARE TEXT IMAGINE": 2, "TEHNICIAN PROIECTANT CAD": 2}, "limba_moderna": {"LIMBA ENGLEZA": 130, "LIMBA FRANCEZA": 35}, "limba_materna": {"LIMBA ROMANA": 165}, "promotie_anterioara": {"NU": 96, "DA": 69}, "materii": {"LIMBA ROMANA": {"medie": 5.371739130434784, "reusita": 72.72727272727273, "cnt": 165}, "MATEMATICA TEHN": {"medie": 3.7781249999999997, "reusita": 34.54545454545455, "cnt": 165}, "BIOLOGIE VEGETALA SI ANIMALA": {"medie": 3.679166666666666, "reusita": 26.666666666666668, "cnt": 30}, "GENERAL": {"medie": 4.909790209790209, "reusita": 21.21212121212121, "cnt": 165}, "FIZICA TEH": {"medie": 2.7125000000000004, "reusita": 0.0, "cnt": 5}, "GEOGRAFIE": {"medie": 6.121604938271605, "reusita": 77.38095238095238, "cnt": 84}, "LOGICA, ARGUMENTARE SI COMUNICARE": {"medie": 6.413043478260869, "reusita": 75.0, "cnt": 24}, "PSIHOLOGIE": {"medie": 5.1125, "reusita": 50.0, "cnt": 4}, "ECONOMIE": {"medie": 4.654999999999999, "reusita": 50.0, "cnt": 10}, "CHIMIE ANORGANICA TEH NIVEL I/II": {"medie": 3.78, "reusita": 28.57142857142857, "cnt": 7}, "CHIMIE ORGANICA TEH NIVEL I/II": {"medie": 1.85, "reusita": 0.0, "cnt": 1}}, "nume": "COLEGIUL TEHNIC \"IOAN C. STEFANESCU\", IASI\tIa\u0219i"}