{"specializari": {"STIINTE SOCIALE": 29, "STIINTE ALE NATURII": 18, "ORGANIZATOR BANQUETING": 30, "TEHNICIAN IN INDUSTRIA ALIMENTARA": 35, "FILOLOGIE": 33, "TEHNICIAN IN TURISM": 52, "TEHNICIAN IN ACTIVITATI ECONOMICE": 24, "TEHNICIAN ANALIZE PRODUSE ALIMENTARE": 18, "TEHNICIAN ECOLOG SI PROTECTIA CALITATII MEDIULUI": 10, "TEHNICIAN VETERINAR": 16}, "limba_moderna": {"LIMBA ENGLEZA": 246, "LIMBA FRANCEZA": 19}, "limba_materna": {"LIMBA ROMANA": 265}, "promotie_anterioara": {"NU": 216, "DA": 49}, "materii": {"LIMBA ROMANA": {"medie": 6.268511450381683, "reusita": 85.66037735849056, "cnt": 265}, "MATEMATICA TEHN": {"medie": 3.577374301675976, "reusita": 32.972972972972975, "cnt": 185}, "BIOLOGIE VEGETALA SI ANIMALA": {"medie": "-", "reusita": 0.0, "cnt": 1}, "GENERAL": {"medie": 5.7954, "reusita": 42.26415094339623, "cnt": 265}, "ANATOMIE SI FIZIOLOGIE UMANA, GENETICA SI ECOLOGIE UMANA": {"medie": 4.764367816091955, "reusita": 47.91666666666667, "cnt": 96}, "ISTORIE": {"medie": 7.289344262295083, "reusita": 93.54838709677419, "cnt": 62}, "GEOGRAFIE": {"medie": 7.5120481927710845, "reusita": 90.58823529411765, "cnt": 85}, "FILOSOFIE": {"medie": 8.55, "reusita": 100.0, "cnt": 2}, "MATEMATICA ST-NAT": {"medie": 4.329411764705882, "reusita": 44.44444444444444, "cnt": 18}, "LOGICA, ARGUMENTARE SI COMUNICARE": {"medie": 7.261038961038963, "reusita": 82.05128205128204, "cnt": 78}, "PSIHOLOGIE": {"medie": 7.866666666666667, "reusita": 100.0, "cnt": 3}}, "nume": "COLEGIUL \"ANDRONIC MOTRESCU\" RADAUTI\tSuceava"}