{"specializari": {"TEHNICIAN IN ACTIVITATI ECONOMICE": 24, "TEHNICIAN IN ADMINISTRATIE": 40, "TEHNICIAN MECANIC PENTRU INTRETINERE SI REPARATII": 27, "TEHNICIAN MECATRONIST": 14, "TEHNICIAN DESENATOR PENTRU CONSTRUCTII SI INSTALATII": 1, "TEHNICIAN PROIECTANT CAD": 2, "TEHNICIAN TRANSPORTURI": 1}, "limba_moderna": {"LIMBA ENGLEZA": 107, "LIMBA FRANCEZA": 2}, "limba_materna": {"LIMBA ROMANA": 109}, "promotie_anterioara": {"NU": 62, "DA": 47}, "materii": {"LIMBA ROMANA": {"medie": 5.643157894736843, "reusita": 66.97247706422019, "cnt": 109}, "MATEMATICA TEHN": {"medie": 3.5956043956043953, "reusita": 33.02752293577982, "cnt": 109}, "BIOLOGIE VEGETALA SI ANIMALA": {"medie": 3.902272727272728, "reusita": 17.94871794871795, "cnt": 39}, "GENERAL": {"medie": 4.9132575757575765, "reusita": 19.26605504587156, "cnt": 109}, "FIZICA TEH": {"medie": 4.65, "reusita": 25.0, "cnt": 4}, "GEOGRAFIE": {"medie": 6.219444444444444, "reusita": 80.0, "cnt": 55}, "LOGICA, ARGUMENTARE SI COMUNICARE": {"medie": 2.25, "reusita": 0.0, "cnt": 2}, "PSIHOLOGIE": {"medie": 5.866666666666667, "reusita": 66.66666666666666, "cnt": 3}, "ECONOMIE": {"medie": 4.050000000000001, "reusita": 50.0, "cnt": 4}, "CHIMIE ANORGANICA TEH NIVEL I/II": {"medie": 3.9, "reusita": 50.0, "cnt": 2}}, "nume": "COLEGIUL TEHNIC \"MIRCEA CEL BATRAN\"\tBucure\u0219ti"}