{"specializari": {"STIINTE ALE NATURII": 87, "MATEMATICA-INFORMATICA": 64, "FILOLOGIE": 32}, "limba_moderna": {"LIMBA ENGLEZA": 128, "LIMBA GERMANA MODERNA": 35, "LIMBA FRANCEZA": 20}, "limba_materna": {"LIMBA ROMANA": 183}, "promotie_anterioara": {"NU": 183}, "materii": {"LIMBA ROMANA": {"medie": 9.13032786885246, "reusita": 100.0, "cnt": 183}, "GENERAL": {"medie": 9.002641165755918, "reusita": 98.90710382513662, "cnt": 183}, "MATEMATICA MATE-INFO": {"medie": 8.464843750000002, "reusita": 100.0, "cnt": 64}, "ANATOMIE SI FIZIOLOGIE UMANA, GENETICA SI ECOLOGIE UMANA": {"medie": 9.133333333333335, "reusita": 100.0, "cnt": 66}, "ISTORIE": {"medie": 9.75625, "reusita": 100.0, "cnt": 32}, "GEOGRAFIE": {"medie": 9.85, "reusita": 100.0, "cnt": 2}, "MATEMATICA ST-NAT": {"medie": 8.678735632183907, "reusita": 98.85057471264368, "cnt": 87}, "FIZICA TEO": {"medie": 9.145454545454545, "reusita": 100.0, "cnt": 11}, "CHIMIE ORGANICA TEO NIVEL I/II": {"medie": 8.968421052631578, "reusita": 100.0, "cnt": 19}, "LOGICA, ARGUMENTARE SI COMUNICARE": {"medie": 9.566666666666666, "reusita": 100.0, "cnt": 30}, "INFORMATICA MI C/C++": {"medie": 8.77441860465116, "reusita": 97.67441860465115, "cnt": 43}, "CHIMIE ANORGANICA TEO NIVEL I/II": {"medie": 8.81111111111111, "reusita": 100.0, "cnt": 9}, "INFORMATICA SN C/C++": {"medie": 8.5, "reusita": 100.0, "cnt": 3}}, "nume": "COLEGIUL NATIONAL \"DR. IOAN MESOTA\" BRASOV\tBra\u0219ov"}