{"specializari": {"ARTE PLASTICE SI DECORATIVE": 64, "MUZICA": 39, "ARTA ACTORULUI": 32, "ARHITECTURA, ARTE AMBIENTALE SI DESIGN": 1}, "limba_moderna": {"LIMBA ENGLEZA": 136}, "limba_materna": {"LIMBA ROMANA": 136}, "promotie_anterioara": {"DA": 23, "NU": 113}, "materii": {"LIMBA ROMANA": {"medie": 6.621804511278197, "reusita": 93.38235294117648, "cnt": 136}, "GENERAL": {"medie": 7.213636363636363, "reusita": 72.79411764705883, "cnt": 136}, "ISTORIE": {"medie": 7.120522388059699, "reusita": 91.17647058823529, "cnt": 136}, "GEOGRAFIE": {"medie": 7.804166666666667, "reusita": 94.84536082474226, "cnt": 97}, "FILOSOFIE": {"medie": 5.0, "reusita": 100.0, "cnt": 1}, "LOGICA, ARGUMENTARE SI COMUNICARE": {"medie": 8.25, "reusita": 100.0, "cnt": 1}, "PSIHOLOGIE": {"medie": 7.945945945945945, "reusita": 100.0, "cnt": 37}}, "nume": "COLEGIUL DE ARTE \"SABIN DRAGOI\" ARAD\tArad"}