{"specializari": {"STIINTE ALE NATURII": 60, "MATEMATICA-INFORMATICA": 114, "FILOLOGIE": 54, "STIINTE SOCIALE": 31, "LICEU CU PROGRAM SPORTIV": 20}, "limba_moderna": {"LIMBA ENGLEZA": 235, "LIMBA GERMANA MODERNA": 19, "LIMBA FRANCEZA": 25}, "limba_materna": {"LIMBA ROMANA": 279}, "promotie_anterioara": {"NU": 279}, "materii": {"LIMBA ROMANA": {"medie": 8.934408602150537, "reusita": 100.0, "cnt": 279}, "BIOLOGIE VEGETALA SI ANIMALA": {"medie": 9.307692307692308, "reusita": 100.0, "cnt": 26}, "GENERAL": {"medie": 9.029629629629635, "reusita": 98.9247311827957, "cnt": 279}, "MATEMATICA MATE-INFO": {"medie": 9.20438596491228, "reusita": 100.0, "cnt": 114}, "ANATOMIE SI FIZIOLOGIE UMANA, GENETICA SI ECOLOGIE UMANA": {"medie": 9.65, "reusita": 100.0, "cnt": 6}, "ISTORIE": {"medie": 8.853809523809522, "reusita": 99.04761904761905, "cnt": 105}, "GEOGRAFIE": {"medie": 9.474999999999998, "reusita": 100.0, "cnt": 10}, "FILOSOFIE": {"medie": 9.7, "reusita": 100.0, "cnt": 1}, "MATEMATICA ST-NAT": {"medie": 8.594999999999999, "reusita": 100.0, "cnt": 60}, "FIZICA TEO": {"medie": 9.028, "reusita": 98.0, "cnt": 50}, "CHIMIE ORGANICA TEO NIVEL I/II": {"medie": 9.251818181818184, "reusita": 100.0, "cnt": 55}, "LOGICA, ARGUMENTARE SI COMUNICARE": {"medie": 9.264367816091953, "reusita": 100.0, "cnt": 87}, "INFORMATICA MI C/C++": {"medie": 9.328124999999998, "reusita": 100.0, "cnt": 32}, "PSIHOLOGIE": {"medie": 8.6, "reusita": 100.0, "cnt": 2}, "CHIMIE ANORGANICA TEO NIVEL I/II": {"medie": 8.299999999999999, "reusita": 100.0, "cnt": 3}, "SOCIOLOGIE": {"medie": 9.8, "reusita": 100.0, "cnt": 1}, "ECONOMIE": {"medie": 7.8374999999999995, "reusita": 100.0, "cnt": 4}, "INFORMATICA SN C/C++": {"medie": 9.05, "reusita": 100.0, "cnt": 2}}, "nume": "COLEGIUL NATIONAL \"MIHAI VITEAZUL\", MUNICIPIUL PLOIESTI\tPrahova"}