{"specializari": {"FILOLOGIE": 39, "MATEMATICA-INFORMATICA": 28, "STIINTE ALE NATURII": 10}, "limba_moderna": {"LIMBA ENGLEZA": 76, "LIMBA FRANCEZA": 1}, "limba_materna": {"LIMBA ROMANA": 67, "LIMBA GERMANA": 10}, "promotie_anterioara": {"DA": 10, "NU": 67}, "materii": {"LIMBA ROMANA": {"medie": 6.969480519480521, "reusita": 98.7012987012987, "cnt": 77}, "BIOLOGIE VEGETALA SI ANIMALA": {"medie": 6.2375, "reusita": 87.5, "cnt": 8}, "GENERAL": {"medie": 7.423519736842105, "reusita": 79.22077922077922, "cnt": 77}, "MATEMATICA MATE-INFO": {"medie": 7.3482142857142865, "reusita": 85.71428571428571, "cnt": 28}, "ANATOMIE SI FIZIOLOGIE UMANA, GENETICA SI ECOLOGIE UMANA": {"medie": 8.13076923076923, "reusita": 100.0, "cnt": 13}, "ISTORIE": {"medie": 8.125, "reusita": 97.43589743589743, "cnt": 39}, "GEOGRAFIE": {"medie": 8.010714285714284, "reusita": 96.42857142857143, "cnt": 28}, "MATEMATICA ST-NAT": {"medie": 7.140000000000001, "reusita": 100.0, "cnt": 10}, "LOGICA, ARGUMENTARE SI COMUNICARE": {"medie": 6.3, "reusita": 100.0, "cnt": 1}, "INFORMATICA MI C/C++": {"medie": 7.479411764705881, "reusita": 100.0, "cnt": 17}, "LIMBA GERMANA": {"medie": 8.595, "reusita": 100.0, "cnt": 10}, "SOCIOLOGIE": {"medie": 5.950000000000001, "reusita": 80.0, "cnt": 10}}, "nume": "COLEGIUL NATIONAL \"DIACONOVICI TIETZ\" RESITA\tCara\u0219-Severin"}