{"specializari": {"TEHNICIAN IN ACTIVITATI DE COMERT": 50, "TEHNICIAN ECOLOG SI PROTECTIA CALITATII MEDIULUI": 20, "TEHNICIAN OPERATOR TEHNICA DE CALCUL": 50, "TEHNICIAN DESIGNER VESTIMENTAR": 44, "TEHNICIAN IN INDUSTRIA TEXTILA": 1}, "limba_moderna": {"LIMBA ENGLEZA": 122, "LIMBA FRANCEZA": 43}, "limba_materna": {"LIMBA ROMANA": 165}, "promotie_anterioara": {"NU": 118, "DA": 47}, "materii": {"LIMBA ROMANA": {"medie": 6.124691358024694, "reusita": 86.06060606060606, "cnt": 165}, "MATEMATICA TEHN": {"medie": 4.888679245283019, "reusita": 57.57575757575758, "cnt": 165}, "BIOLOGIE VEGETALA SI ANIMALA": {"medie": 4.781395348837209, "reusita": 45.65217391304348, "cnt": 92}, "GENERAL": {"medie": 5.683225806451612, "reusita": 41.81818181818181, "cnt": 165}, "ANATOMIE SI FIZIOLOGIE UMANA, GENETICA SI ECOLOGIE UMANA": {"medie": 7.592105263157893, "reusita": 100.0, "cnt": 19}, "FIZICA TEH": {"medie": 3.95, "reusita": 0.0, "cnt": 2}, "GEOGRAFIE": {"medie": 7.266666666666666, "reusita": 86.66666666666667, "cnt": 15}, "LOGICA, ARGUMENTARE SI COMUNICARE": {"medie": 7.329411764705882, "reusita": 88.23529411764706, "cnt": 34}, "PSIHOLOGIE": {"medie": 9.5, "reusita": 100.0, "cnt": 1}, "CHIMIE ANORGANICA TEH NIVEL I/II": {"medie": 5.425, "reusita": 100.0, "cnt": 2}}, "nume": "COLEGIUL TEHNIC \"ARMAND CALINESCU\" PITESTI\tArge\u0219"}