{"specializari": {"TEHNICIAN IN ACTIVITATI ECONOMICE": 215, "TEHNICIAN IN ADMINISTRATIE": 33, "TEHNICIAN IN ACHIZITII SI CONTRACTARI": 26}, "limba_moderna": {"LIMBA ENGLEZA": 244, "LIMBA FRANCEZA": 25, "LIMBA RUSA": 5}, "limba_materna": {"LIMBA ROMANA": 274}, "promotie_anterioara": {"DA": 10, "NU": 264}, "materii": {"LIMBA ROMANA": {"medie": 7.369160583941605, "reusita": 98.90510948905109, "cnt": 274}, "MATEMATICA TEHN": {"medie": 7.315750915750913, "reusita": 95.62043795620438, "cnt": 274}, "GENERAL": {"medie": 7.597680097680099, "reusita": 88.32116788321169, "cnt": 274}, "GEOGRAFIE": {"medie": 8.302500000000002, "reusita": 98.88888888888889, "cnt": 180}, "LOGICA, ARGUMENTARE SI COMUNICARE": {"medie": 7.738068181818179, "reusita": 92.04545454545455, "cnt": 88}, "PSIHOLOGIE": {"medie": 8.2, "reusita": 100.0, "cnt": 5}, "ECONOMIE": {"medie": 5.5, "reusita": 100.0, "cnt": 1}}, "nume": "COLEGIUL ECONOMIC ADMINISTRATIV, IASI\tIa\u0219i"}