{"specializari": {"TEHNICIAN PROIECTANT CAD": 24, "TEHNICIAN MECANIC PENTRU INTRETINERE SI REPARATII": 16, "TEHNICIAN AVIATIE": 45, "TEHNICIAN INSTALATII DE BORD (AVION)": 36, "TEHNICIAN IN INSTALATII ELECTRICE": 7, "MATEMATICA-INFORMATICA": 32, "FILOLOGIE": 33, "TEHNICIAN IN AUTOMATIZARI": 2, "TEHNICIAN MECATRONIST": 7}, "limba_moderna": {"LIMBA ENGLEZA": 193, "LIMBA FRANCEZA": 9}, "limba_materna": {"LIMBA ROMANA": 202}, "promotie_anterioara": {"NU": 117, "DA": 85}, "materii": {"LIMBA ROMANA": {"medie": 5.545202020202017, "reusita": 75.74257425742574, "cnt": 202}, "MATEMATICA TEHN": {"medie": 3.748425196850395, "reusita": 40.87591240875913, "cnt": 137}, "BIOLOGIE VEGETALA SI ANIMALA": {"medie": 3.8657258064516147, "reusita": 37.121212121212125, "cnt": 132}, "GENERAL": {"medie": 4.860992907801419, "reusita": 26.237623762376238, "cnt": 202}, "MATEMATICA MATE-INFO": {"medie": 3.7078125000000006, "reusita": 40.625, "cnt": 32}, "ANATOMIE SI FIZIOLOGIE UMANA, GENETICA SI ECOLOGIE UMANA": {"medie": 5.663888888888888, "reusita": 65.0, "cnt": 20}, "FIZICA TEH": {"medie": 4.444999999999999, "reusita": 60.0, "cnt": 10}, "ISTORIE": {"medie": 6.837878787878788, "reusita": 90.9090909090909, "cnt": 33}, "GEOGRAFIE": {"medie": 7.458823529411767, "reusita": 94.11764705882352, "cnt": 17}, "LOGICA, ARGUMENTARE SI COMUNICARE": {"medie": 7.2700000000000005, "reusita": 100.0, "cnt": 15}, "INFORMATICA MI C/C++": {"medie": 4.97, "reusita": 60.0, "cnt": 5}, "PSIHOLOGIE": {"medie": 6.05, "reusita": 100.0, "cnt": 1}, "CHIMIE ANORGANICA TEH NIVEL I/II": {"medie": 3.9, "reusita": 0.0, "cnt": 1}, "CHIMIE ORGANICA TEH NIVEL I/II": {"medie": 5.0, "reusita": 100.0, "cnt": 1}}, "nume": "COLEGIUL TEHNIC DE AERONAUTICA \"HENRI COANDA\"\tBucure\u0219ti"}