{"specializari": {"STIINTE SOCIALE": 10, "TEHNICIAN ELECTROTEHNIST": 1, "ORGANIZATOR BANQUETING": 9, "TEHNICIAN IN INSTALATII ELECTRICE": 2, "TEHNICIAN ECOLOG SI PROTECTIA CALITATII MEDIULUI": 1}, "limba_moderna": {"LIMBA FRANCEZA": 7, "LIMBA ENGLEZA": 16}, "limba_materna": {"LIMBA ROMANA": 23}, "promotie_anterioara": {"DA": 14, "NU": 9}, "materii": {"LIMBA ROMANA": {"medie": 5.457894736842104, "reusita": 73.91304347826086, "cnt": 23}, "MATEMATICA TEHN": {"medie": 2.0208333333333335, "reusita": 7.6923076923076925, "cnt": 13}, "BIOLOGIE VEGETALA SI ANIMALA": {"medie": "-", "reusita": 0.0, "cnt": 1}, "GENERAL": {"medie": 4.750925925925926, "reusita": 17.391304347826086, "cnt": 23}, "FIZICA TEH": {"medie": 1.7666666666666668, "reusita": 0.0, "cnt": 3}, "ISTORIE": {"medie": 6.378571428571428, "reusita": 70.0, "cnt": 10}, "GEOGRAFIE": {"medie": 5.7733333333333325, "reusita": 57.89473684210527, "cnt": 19}}, "nume": "COLEGIUL \"AUREL VIJOLI\" FAGARAS\tBra\u0219ov"}