{"specializari": {"TEHNICIAN MECATRONIST": 11, "TEHNICIAN IN AUTOMATIZARI": 9, "TEHNICIAN ECOLOG SI PROTECTIA CALITATII MEDIULUI": 14, "TEHNICIAN IN INDUSTRIA ALIMENTARA": 25, "TEHNICIAN IN ACTIVITATI ECONOMICE": 26, "TEHNICIAN ELECTROMECANIC": 1, "TEHNICIAN MECANIC PENTRU INTRETINERE SI REPARATII": 5, "TEHNICIAN IN TURISM": 4, "TEHNICIAN IN SILVICULTURA SI EXPLOATARI FORESTIERE": 1}, "limba_moderna": {"LIMBA ENGLEZA": 74, "LIMBA FRANCEZA": 22}, "limba_materna": {"LIMBA ROMANA": 96}, "promotie_anterioara": {"NU": 60, "DA": 36}, "materii": {"LIMBA ROMANA": {"medie": 6.102105263157895, "reusita": 82.29166666666666, "cnt": 96}, "MATEMATICA TEHN": {"medie": 4.131521739130435, "reusita": 46.875, "cnt": 96}, "BIOLOGIE VEGETALA SI ANIMALA": {"medie": 4.070689655172414, "reusita": 50.0, "cnt": 30}, "GENERAL": {"medie": 5.234814814814816, "reusita": 32.29166666666667, "cnt": 96}, "ANATOMIE SI FIZIOLOGIE UMANA, GENETICA SI ECOLOGIE UMANA": {"medie": 4.5, "reusita": 37.93103448275862, "cnt": 29}, "FIZICA TEH": {"medie": 4.683333333333334, "reusita": 66.66666666666666, "cnt": 3}, "GEOGRAFIE": {"medie": 7.64, "reusita": 85.18518518518519, "cnt": 27}, "PSIHOLOGIE": {"medie": 7.033333333333334, "reusita": 100.0, "cnt": 3}, "CHIMIE ANORGANICA TEH NIVEL I/II": {"medie": 4.6125, "reusita": 75.0, "cnt": 4}}, "nume": "COLEGIUL TEHNIC \"GHEORGHE BALS\" ADJUD\tVrancea"}