{"specializari": {"STIINTE SOCIALE": 31, "STIINTE ALE NATURII": 33, "MATEMATICA-INFORMATICA": 29, "FILOLOGIE": 29}, "limba_moderna": {"LIMBA ENGLEZA": 119, "LIMBA FRANCEZA": 3}, "limba_materna": {"LIMBA ROMANA": 122}, "promotie_anterioara": {"DA": 11, "NU": 111}, "materii": {"LIMBA ROMANA": {"medie": 7.6311475409836085, "reusita": 94.26229508196722, "cnt": 122}, "GENERAL": {"medie": 8.047404371584705, "reusita": 88.52459016393442, "cnt": 122}, "MATEMATICA MATE-INFO": {"medie": 9.086206896551724, "reusita": 100.0, "cnt": 29}, "ANATOMIE SI FIZIOLOGIE UMANA, GENETICA SI ECOLOGIE UMANA": {"medie": 8.8921875, "reusita": 100.0, "cnt": 32}, "ISTORIE": {"medie": 7.7141666666666655, "reusita": 98.33333333333333, "cnt": 60}, "GEOGRAFIE": {"medie": 8.550000000000004, "reusita": 96.66666666666667, "cnt": 60}, "MATEMATICA ST-NAT": {"medie": 7.042424242424242, "reusita": 84.84848484848484, "cnt": 33}, "CHIMIE ORGANICA TEO NIVEL I/II": {"medie": 7.457142857142856, "reusita": 100.0, "cnt": 7}, "INFORMATICA MI C/C++": {"medie": 9.104761904761904, "reusita": 100.0, "cnt": 21}, "INFORMATICA SN C/C++": {"medie": 7.325, "reusita": 100.0, "cnt": 2}}, "nume": "COLEGIUL NATIONAL \"OCTAVIAN GOGA\" MIERCUREA CIUC\tHarghita"}