{"specializari": {"MATEMATICA-INFORMATICA": 91, "FILOLOGIE": 95, "STIINTE ALE NATURII": 63}, "limba_moderna": {"LIMBA ENGLEZA": 208, "LIMBA FRANCEZA": 29, "LIMBA JAPONEZA": 12}, "limba_materna": {"LIMBA ROMANA": 249}, "promotie_anterioara": {"NU": 248, "DA": 1}, "materii": {"LIMBA ROMANA": {"medie": 8.694556451612906, "reusita": 99.59839357429718, "cnt": 249}, "BIOLOGIE VEGETALA SI ANIMALA": {"medie": 9.38125, "reusita": 88.88888888888889, "cnt": 9}, "GENERAL": {"medie": 8.878965053763444, "reusita": 99.59839357429718, "cnt": 249}, "MATEMATICA MATE-INFO": {"medie": 8.709444444444442, "reusita": 98.9010989010989, "cnt": 91}, "ANATOMIE SI FIZIOLOGIE UMANA, GENETICA SI ECOLOGIE UMANA": {"medie": 9.3203125, "reusita": 100.0, "cnt": 32}, "ISTORIE": {"medie": 9.346315789473682, "reusita": 100.0, "cnt": 95}, "GEOGRAFIE": {"medie": 9.367857142857144, "reusita": 100.0, "cnt": 14}, "FILOSOFIE": {"medie": 9.8, "reusita": 100.0, "cnt": 4}, "MATEMATICA ST-NAT": {"medie": 8.761904761904761, "reusita": 100.0, "cnt": 63}, "FIZICA TEO": {"medie": 8.68524590163934, "reusita": 100.0, "cnt": 61}, "CHIMIE ORGANICA TEO NIVEL I/II": {"medie": 9.022580645161291, "reusita": 100.0, "cnt": 31}, "LOGICA, ARGUMENTARE SI COMUNICARE": {"medie": 9.086842105263159, "reusita": 100.0, "cnt": 38}, "INFORMATICA MI C/C++": {"medie": 8.602777777777778, "reusita": 100.0, "cnt": 18}, "PSIHOLOGIE": {"medie": 8.966666666666667, "reusita": 100.0, "cnt": 9}, "SOCIOLOGIE": {"medie": 8.929411764705879, "reusita": 100.0, "cnt": 17}, "ECONOMIE": {"medie": 8.853846153846154, "reusita": 100.0, "cnt": 13}, "INFORMATICA SN C/C++": {"medie": 8.35, "reusita": 100.0, "cnt": 3}}, "nume": "COLEGIUL NATIONAL \"ION CREANGA\"\tBucure\u0219ti"}