{"specializari": {"FILOLOGIE": 27, "MATEMATICA-INFORMATICA": 32, "TEOLOGIE ORTODOXA": 23, "INVATATOR - EDUCATOARE": 27, "STIINTE ALE NATURII": 30}, "limba_moderna": {"LIMBA ENGLEZA": 139}, "limba_materna": {"LIMBA ROMANA": 139}, "promotie_anterioara": {"DA": 9, "NU": 130}, "materii": {"LIMBA ROMANA": {"medie": 8.570503597122295, "reusita": 99.28057553956835, "cnt": 139}, "BIOLOGIE VEGETALA SI ANIMALA": {"medie": 9.207142857142856, "reusita": 87.5, "cnt": 8}, "GENERAL": {"medie": 8.700243309002435, "reusita": 93.5251798561151, "cnt": 139}, "MATEMATICA MATE-INFO": {"medie": 8.6640625, "reusita": 100.0, "cnt": 32}, "ANATOMIE SI FIZIOLOGIE UMANA, GENETICA SI ECOLOGIE UMANA": {"medie": 9.623076923076923, "reusita": 100.0, "cnt": 39}, "ISTORIE": {"medie": 8.382653061224492, "reusita": 94.0, "cnt": 50}, "GEOGRAFIE": {"medie": 8.546428571428573, "reusita": 96.42857142857143, "cnt": 56}, "MATEMATICA ST-NAT": {"medie": 8.405, "reusita": 100.0, "cnt": 30}, "CHIMIE ORGANICA TEO NIVEL I/II": {"medie": 9.825, "reusita": 100.0, "cnt": 2}, "LOGICA, ARGUMENTARE SI COMUNICARE": {"medie": 9.725, "reusita": 100.0, "cnt": 8}, "INFORMATICA MI C/C++": {"medie": 8.03076923076923, "reusita": 100.0, "cnt": 13}, "PSIHOLOGIE": {"medie": 8.872727272727273, "reusita": 100.0, "cnt": 11}, "SOCIOLOGIE": {"medie": 9.725, "reusita": 100.0, "cnt": 2}, "MATEMATICA PED": {"medie": 8.46111111111111, "reusita": 96.29629629629629, "cnt": 27}}, "nume": "COLEGIUL NATIONAL PEDAGOGIC \"CARMEN SYLVA\" TIMISOARA\tTimi\u0219"}