{"specializari": {"TEHNICIAN ELECTRONIST": 26, "TEHNICIAN OPERATOR TEHNICA DE CALCUL": 56, "TEHNICIAN IN AUTOMATIZARI": 55, "TEHNICIAN DE TELECOMUNICATII": 37, "MATEMATICA-INFORMATICA": 1}, "limba_moderna": {"LIMBA ENGLEZA": 156, "LIMBA FRANCEZA": 19}, "limba_materna": {"LIMBA ROMANA": 175}, "promotie_anterioara": {"NU": 128, "DA": 47}, "materii": {"LIMBA ROMANA": {"medie": 6.285919540229885, "reusita": 97.14285714285714, "cnt": 175}, "MATEMATICA TEHN": {"medie": 5.231764705882351, "reusita": 68.39080459770115, "cnt": 174}, "BIOLOGIE VEGETALA SI ANIMALA": {"medie": 5.397902097902099, "reusita": 60.544217687074834, "cnt": 147}, "GENERAL": {"medie": 5.690882352941179, "reusita": 44.57142857142857, "cnt": 175}, "MATEMATICA MATE-INFO": {"medie": 2.85, "reusita": 0.0, "cnt": 1}, "FIZICA TEH": {"medie": 6.0375, "reusita": 71.42857142857143, "cnt": 28}}, "nume": "COLEGIUL TEHNIC \"GEORGE BARITIU\" BAIA MARE\tMaramure\u0219"}