{"specializari": {"INVATATOR - EDUCATOARE": 52, "MATEMATICA-INFORMATICA": 48, "STIINTE ALE NATURII": 59, "STIINTE SOCIALE": 39, "FILOLOGIE": 38}, "limba_moderna": {"LIMBA ENGLEZA": 204, "LIMBA FRANCEZA": 32}, "limba_materna": {"LIMBA ROMANA": 236}, "promotie_anterioara": {"NU": 229, "DA": 7}, "materii": {"LIMBA ROMANA": {"medie": 8.087288135593216, "reusita": 99.57627118644068, "cnt": 236}, "GENERAL": {"medie": 7.895974576271185, "reusita": 90.2542372881356, "cnt": 236}, "MATEMATICA MATE-INFO": {"medie": 7.0, "reusita": 97.91666666666666, "cnt": 48}, "ANATOMIE SI FIZIOLOGIE UMANA, GENETICA SI ECOLOGIE UMANA": {"medie": 8.371153846153849, "reusita": 98.07692307692307, "cnt": 52}, "ISTORIE": {"medie": 8.007792207792209, "reusita": 98.7012987012987, "cnt": 77}, "GEOGRAFIE": {"medie": 9.062500000000002, "reusita": 100.0, "cnt": 28}, "MATEMATICA ST-NAT": {"medie": 6.753389830508475, "reusita": 89.83050847457628, "cnt": 59}, "FIZICA TEO": {"medie": 5.694444444444445, "reusita": 77.77777777777779, "cnt": 9}, "CHIMIE ORGANICA TEO NIVEL I/II": {"medie": 8.625, "reusita": 100.0, "cnt": 6}, "LOGICA, ARGUMENTARE SI COMUNICARE": {"medie": 8.676804123711344, "reusita": 100.0, "cnt": 97}, "INFORMATICA MI C/C++": {"medie": 6.221875, "reusita": 78.125, "cnt": 32}, "PSIHOLOGIE": {"medie": 8.55, "reusita": 100.0, "cnt": 2}, "CHIMIE ANORGANICA TEO NIVEL I/II": {"medie": 6.1, "reusita": 100.0, "cnt": 1}, "SOCIOLOGIE": {"medie": 9.0, "reusita": 100.0, "cnt": 2}, "MATEMATICA PED": {"medie": 7.847115384615384, "reusita": 100.0, "cnt": 52}, "INFORMATICA SN C/C++": {"medie": 6.950000000000001, "reusita": 100.0, "cnt": 7}}, "nume": "COLEGIUL NATIONAL PEDAGOGIC \"STEFAN CEL MARE\" BACAU\tBac\u0103u"}