{"specializari": {"STIINTE ALE NATURII": 18, "GHID TURISM RELIGIOS": 31}, "limba_moderna": {"LIMBA ENGLEZA": 49}, "limba_materna": {"LIMBA ROMANA": 49}, "promotie_anterioara": {"NU": 48, "DA": 1}, "materii": {"LIMBA ROMANA": {"medie": 7.931632653061226, "reusita": 95.91836734693877, "cnt": 49}, "GENERAL": {"medie": 8.21360544217687, "reusita": 89.79591836734694, "cnt": 49}, "ANATOMIE SI FIZIOLOGIE UMANA, GENETICA SI ECOLOGIE UMANA": {"medie": 8.236666666666666, "reusita": 100.0, "cnt": 15}, "ISTORIE": {"medie": 8.830645161290324, "reusita": 100.0, "cnt": 31}, "GEOGRAFIE": {"medie": 8.486363636363636, "reusita": 90.9090909090909, "cnt": 11}, "MATEMATICA ST-NAT": {"medie": 7.097222222222222, "reusita": 88.88888888888889, "cnt": 18}, "FIZICA TEO": {"medie": 8.35, "reusita": 100.0, "cnt": 1}, "CHIMIE ORGANICA TEO NIVEL I/II": {"medie": 8.4, "reusita": 100.0, "cnt": 2}, "LOGICA, ARGUMENTARE SI COMUNICARE": {"medie": 8.6125, "reusita": 100.0, "cnt": 16}, "PSIHOLOGIE": {"medie": 9.35, "reusita": 100.0, "cnt": 4}}, "nume": "COLEGIUL ROMANO-CATOLIC \"SFANTUL IOSIF\"\tBucure\u0219ti"}