{"specializari": {"TEHNICIAN IN TURISM": 40, "TEHNICIAN IN INDUSTRIA TEXTILA": 1, "TEHNICIAN MECANIC PENTRU INTRETINERE SI REPARATII": 3, "TEHNICIAN IN PRELUCRAREA LEMNULUI": 1, "MATEMATICA-INFORMATICA": 59, "TEHNICIAN ECOLOG SI PROTECTIA CALITATII MEDIULUI": 1}, "limba_moderna": {"LIMBA ENGLEZA": 100, "LIMBA FRANCEZA": 5}, "limba_materna": {"LIMBA ROMANA": 105}, "promotie_anterioara": {"NU": 82, "DA": 23}, "materii": {"LIMBA ROMANA": {"medie": 6.689903846153849, "reusita": 86.66666666666667, "cnt": 105}, "MATEMATICA TEHN": {"medie": 4.588372093023255, "reusita": 45.65217391304348, "cnt": 46}, "BIOLOGIE VEGETALA SI ANIMALA": {"medie": 5.528571428571429, "reusita": 50.0, "cnt": 8}, "GENERAL": {"medie": 6.510166666666667, "reusita": 57.14285714285714, "cnt": 105}, "MATEMATICA MATE-INFO": {"medie": 6.652586206896551, "reusita": 81.35593220338984, "cnt": 59}, "ANATOMIE SI FIZIOLOGIE UMANA, GENETICA SI ECOLOGIE UMANA": {"medie": 6.878260869565218, "reusita": 91.30434782608695, "cnt": 23}, "FIZICA TEH": {"medie": 3.7, "reusita": 50.0, "cnt": 2}, "GEOGRAFIE": {"medie": 6.0777777777777775, "reusita": 69.44444444444444, "cnt": 36}, "FIZICA TEO": {"medie": 8.374999999999998, "reusita": 100.0, "cnt": 12}, "CHIMIE ORGANICA TEO NIVEL I/II": {"medie": 8.559375000000001, "reusita": 100.0, "cnt": 16}, "LOGICA, ARGUMENTARE SI COMUNICARE": {"medie": 8.0, "reusita": 100.0, "cnt": 4}, "INFORMATICA MI C/C++": {"medie": 6.7124999999999995, "reusita": 100.0, "cnt": 4}}, "nume": "COLEGIUL \"FERDINAND I\", COMUNA MANECIU\tPrahova"}