{"specializari": {"STIINTE ALE NATURII": 64, "TEHNICIAN ECOLOG SI PROTECTIA CALITATII MEDIULUI": 32, "MATEMATICA-INFORMATICA": 26}, "limba_moderna": {"LIMBA ENGLEZA": 116, "LIMBA GERMANA MODERNA": 3, "LIMBA FRANCEZA": 3}, "limba_materna": {"LIMBA ROMANA": 122}, "promotie_anterioara": {"DA": 2, "NU": 120}, "materii": {"LIMBA ROMANA": {"medie": 8.516803278688524, "reusita": 100.0, "cnt": 122}, "MATEMATICA TEHN": {"medie": 7.3734375000000005, "reusita": 96.875, "cnt": 32}, "GENERAL": {"medie": 8.197131147540988, "reusita": 95.90163934426229, "cnt": 122}, "MATEMATICA MATE-INFO": {"medie": 7.492307692307692, "reusita": 96.15384615384616, "cnt": 26}, "ANATOMIE SI FIZIOLOGIE UMANA, GENETICA SI ECOLOGIE UMANA": {"medie": 8.927884615384617, "reusita": 100.0, "cnt": 104}, "MATEMATICA ST-NAT": {"medie": 7.156250000000003, "reusita": 96.875, "cnt": 64}, "FIZICA TEO": {"medie": 9.025, "reusita": 100.0, "cnt": 4}, "CHIMIE ORGANICA TEO NIVEL I/II": {"medie": 8.65, "reusita": 100.0, "cnt": 3}, "INFORMATICA MI C/C++": {"medie": 7.1000000000000005, "reusita": 87.5, "cnt": 8}, "CHIMIE ANORGANICA TEO NIVEL I/II": {"medie": 8.333333333333334, "reusita": 100.0, "cnt": 3}}, "nume": "COLEGIUL DE STIINTE \"GRIGORE ANTIPA\" BRASOV\tBra\u0219ov"}