{"specializari": {"MATEMATICA-INFORMATICA": 30, "STIINTE ALE NATURII": 60, "FILOLOGIE": 26}, "limba_moderna": {"LIMBA ENGLEZA": 115, "LIMBA FRANCEZA": 1}, "limba_materna": {"LIMBA GERMANA": 116}, "promotie_anterioara": {"NU": 115, "DA": 1}, "materii": {"LIMBA ROMANA": {"medie": 9.289655172413797, "reusita": 100.0, "cnt": 116}, "BIOLOGIE VEGETALA SI ANIMALA": {"medie": 9.758333333333333, "reusita": 100.0, "cnt": 18}, "GENERAL": {"medie": 9.030926724137931, "reusita": 99.13793103448276, "cnt": 116}, "MATEMATICA MATE-INFO": {"medie": 8.788333333333332, "reusita": 100.0, "cnt": 30}, "ANATOMIE SI FIZIOLOGIE UMANA, GENETICA SI ECOLOGIE UMANA": {"medie": 9.635714285714284, "reusita": 100.0, "cnt": 35}, "ISTORIE": {"medie": 9.00576923076923, "reusita": 100.0, "cnt": 26}, "GEOGRAFIE": {"medie": 8.96875, "reusita": 100.0, "cnt": 8}, "MATEMATICA ST-NAT": {"medie": 8.522499999999999, "reusita": 100.0, "cnt": 60}, "FIZICA TEO": {"medie": 9.023076923076925, "reusita": 92.3076923076923, "cnt": 13}, "CHIMIE ORGANICA TEO NIVEL I/II": {"medie": 9.2, "reusita": 100.0, "cnt": 1}, "LOGICA, ARGUMENTARE SI COMUNICARE": {"medie": 8.950000000000001, "reusita": 100.0, "cnt": 17}, "INFORMATICA MI C/C++": {"medie": 8.79473684210526, "reusita": 100.0, "cnt": 19}, "CHIMIE ANORGANICA TEO NIVEL I/II": {"medie": 6.6, "reusita": 100.0, "cnt": 1}, "LIMBA GERMANA": {"medie": 8.883189655172417, "reusita": 100.0, "cnt": 116}, "SOCIOLOGIE": {"medie": 9.7, "reusita": 100.0, "cnt": 1}, "INFORMATICA SN C/C++": {"medie": 8.816666666666666, "reusita": 100.0, "cnt": 3}}, "nume": "COLEGIUL NATIONAL \"SAMUEL VON BRUKENTHAL\" SIBIU\tSibiu"}