{"specializari": {"TEHNICIAN MECANIC PENTRU INTRETINERE SI REPARATII": 43, "MATEMATICA-INFORMATICA": 81, "TEHNICIAN MECATRONIST": 43, "TEHNICIAN DE TELECOMUNICATII": 33, "TEHNICIAN IN AUTOMATIZARI": 29, "STIINTE ALE NATURII": 27, "TEHNICIAN PROIECTANT CAD": 30, "FILOLOGIE": 33}, "limba_moderna": {"LIMBA ENGLEZA": 311, "LIMBA FRANCEZA": 8}, "limba_materna": {"LIMBA ROMANA": 319}, "promotie_anterioara": {"NU": 265, "DA": 54}, "materii": {"LIMBA ROMANA": {"medie": 7.272327044025158, "reusita": 98.7460815047022, "cnt": 319}, "MATEMATICA TEHN": {"medie": 6.423121387283238, "reusita": 85.95505617977528, "cnt": 178}, "BIOLOGIE VEGETALA SI ANIMALA": {"medie": 6.24078947368421, "reusita": 77.35849056603774, "cnt": 159}, "GENERAL": {"medie": 6.96154261057174, "reusita": 68.65203761755487, "cnt": 319}, "MATEMATICA MATE-INFO": {"medie": 6.447530864197531, "reusita": 86.41975308641975, "cnt": 81}, "ANATOMIE SI FIZIOLOGIE UMANA, GENETICA SI ECOLOGIE UMANA": {"medie": 7.976666666666664, "reusita": 100.0, "cnt": 15}, "FIZICA TEH": {"medie": 5.847777777777779, "reusita": 73.33333333333333, "cnt": 45}, "ISTORIE": {"medie": 9.23181818181818, "reusita": 100.0, "cnt": 33}, "GEOGRAFIE": {"medie": 9.75, "reusita": 100.0, "cnt": 2}, "MATEMATICA ST-NAT": {"medie": 7.655555555555555, "reusita": 100.0, "cnt": 27}, "FIZICA TEO": {"medie": 7.322916666666667, "reusita": 87.5, "cnt": 24}, "CHIMIE ORGANICA TEO NIVEL I/II": {"medie": 6.445454545454544, "reusita": 81.81818181818183, "cnt": 11}, "LOGICA, ARGUMENTARE SI COMUNICARE": {"medie": 8.755357142857141, "reusita": 100.0, "cnt": 28}, "INFORMATICA MI C/C++": {"medie": 6.8759999999999994, "reusita": 96.0, "cnt": 25}, "PSIHOLOGIE": {"medie": 9.0, "reusita": 100.0, "cnt": 2}, "CHIMIE ANORGANICA TEO NIVEL I/II": {"medie": 5.016666666666667, "reusita": 33.33333333333333, "cnt": 3}, "SOCIOLOGIE": {"medie": 7.85, "reusita": 100.0, "cnt": 1}, "CHIMIE ANORGANICA TEH NIVEL I/II": {"medie": 4.725, "reusita": 50.0, "cnt": 2}, "CHIMIE ORGANICA TEH NIVEL I/II": {"medie": 5.949999999999999, "reusita": 100.0, "cnt": 2}}, "nume": "COLEGIUL \"SPIRU HARET\", MUNICIPIUL PLOIESTI\tPrahova"}