{"specializari": {"STIINTE ALE NATURII": 32, "TEHNICIAN IN GASTRONOMIE": 33, "TEHNICIAN DESENATOR PENTRU CONSTRUCTII SI INSTALATII": 40, "TEHNICIAN MECANIC PENTRU INTRETINERE SI REPARATII": 50, "TEHNICIAN IN CONSTRUCTII SI LUCRARI PUBLICE": 17, "TEHNICIAN IN INSTALATII ELECTRICE": 21, "TEHNICIAN INSTALATOR PENTRU CONSTRUCTII": 8, "TEHNICIAN IN INDUSTRIA MATERIALELOR DE CONSTRUCTII": 1, "TEHNICIAN ELECTROTEHNIST": 1, "TEHNICIAN CHIMIST DE LABORATOR": 41, "TEHNICIAN ELECTROMECANIC": 1, "TEHNICIAN IN HOTELARIE": 1}, "limba_moderna": {"LIMBA ENGLEZA": 202, "LIMBA FRANCEZA": 44}, "limba_materna": {"LIMBA ROMANA": 246}, "promotie_anterioara": {"NU": 128, "DA": 118}, "materii": {"LIMBA ROMANA": {"medie": 5.692561983471075, "reusita": 80.08130081300813, "cnt": 246}, "MATEMATICA TEHN": {"medie": 3.5883663366336633, "reusita": 38.31775700934579, "cnt": 214}, "BIOLOGIE VEGETALA SI ANIMALA": {"medie": 4.13344155844156, "reusita": 37.65432098765432, "cnt": 162}, "GENERAL": {"medie": 4.69625550660793, "reusita": 23.983739837398375, "cnt": 246}, "ANATOMIE SI FIZIOLOGIE UMANA, GENETICA SI ECOLOGIE UMANA": {"medie": 5.635, "reusita": 60.0, "cnt": 20}, "FIZICA TEH": {"medie": 4.9071428571428575, "reusita": 57.14285714285714, "cnt": 7}, "GEOGRAFIE": {"medie": 6.574999999999998, "reusita": 74.07407407407408, "cnt": 27}, "MATEMATICA ST-NAT": {"medie": 5.1156250000000005, "reusita": 62.5, "cnt": 32}, "CHIMIE ORGANICA TEO NIVEL I/II": {"medie": 6.15, "reusita": 100.0, "cnt": 1}, "LOGICA, ARGUMENTARE SI COMUNICARE": {"medie": 6.225, "reusita": 75.0, "cnt": 4}, "PSIHOLOGIE": {"medie": 5.766666666666667, "reusita": 100.0, "cnt": 3}, "CHIMIE ANORGANICA TEH NIVEL I/II": {"medie": 2.421875, "reusita": 5.0, "cnt": 20}, "CHIMIE ORGANICA TEH NIVEL I/II": {"medie": 2.5, "reusita": 0.0, "cnt": 2}}, "nume": "COLEGIUL TEHNIC \"MIHAI BRAVU\"\tBucure\u0219ti"}