{"specializari": {"FILOLOGIE": 59, "LICEU CU PROGRAM SPORTIV": 29, "MATEMATICA-INFORMATICA": 29, "STIINTE ALE NATURII": 43}, "limba_moderna": {"LIMBA GERMANA MODERNA": 7, "LIMBA ENGLEZA": 153}, "limba_materna": {"LIMBA MAGHIARA": 45, "LIMBA ROMANA": 115}, "promotie_anterioara": {"DA": 23, "NU": 137}, "materii": {"LIMBA ROMANA": {"medie": 6.734905660377361, "reusita": 85.0, "cnt": 160}, "BIOLOGIE VEGETALA SI ANIMALA": {"medie": 6.085714285714286, "reusita": 85.71428571428571, "cnt": 7}, "GENERAL": {"medie": 7.093312101910826, "reusita": 69.375, "cnt": 160}, "MATEMATICA MATE-INFO": {"medie": 7.8465517241379334, "reusita": 89.65517241379311, "cnt": 29}, "ANATOMIE SI FIZIOLOGIE UMANA, GENETICA SI ECOLOGIE UMANA": {"medie": 7.816326530612244, "reusita": 95.91836734693877, "cnt": 49}, "ISTORIE": {"medie": 6.618390804597702, "reusita": 94.31818181818183, "cnt": 88}, "GEOGRAFIE": {"medie": 7.284756097560976, "reusita": 90.58823529411765, "cnt": 85}, "LIMBA MAGHIARA (REAL)": {"medie": 6.530555555555555, "reusita": 88.88888888888889, "cnt": 18}, "MATEMATICA ST-NAT": {"medie": 6.67906976744186, "reusita": 86.04651162790698, "cnt": 43}, "INFORMATICA MI PASCAL": {"medie": 8.160714285714286, "reusita": 100.0, "cnt": 14}, "FIZICA TEO": {"medie": 8.225000000000001, "reusita": 100.0, "cnt": 2}, "SOCIOLOGIE": {"medie": 7.266666666666667, "reusita": 100.0, "cnt": 3}, "LIMBA MAGHIARA (UMAN)": {"medie": 6.517307692307692, "reusita": 96.29629629629629, "cnt": 27}}, "nume": "COLEGIUL NATIONAL \"MIRCEA ELIADE\" SIGHISOARA\tMure\u0219"}