{"specializari": {"STIINTE ALE NATURII": 69, "MATEMATICA-INFORMATICA": 55, "STIINTE SOCIALE": 33}, "limba_moderna": {"LIMBA ENGLEZA": 148, "LIMBA FRANCEZA": 9}, "limba_materna": {"LIMBA ROMANA": 157}, "promotie_anterioara": {"DA": 2, "NU": 155}, "materii": {"LIMBA ROMANA": {"medie": 8.388535031847137, "reusita": 100.0, "cnt": 157}, "BIOLOGIE VEGETALA SI ANIMALA": {"medie": 5.7, "reusita": 100.0, "cnt": 1}, "GENERAL": {"medie": 8.528131634819536, "reusita": 96.17834394904459, "cnt": 157}, "MATEMATICA MATE-INFO": {"medie": 8.802727272727273, "reusita": 100.0, "cnt": 55}, "ANATOMIE SI FIZIOLOGIE UMANA, GENETICA SI ECOLOGIE UMANA": {"medie": 9.027118644067796, "reusita": 98.30508474576271, "cnt": 59}, "ISTORIE": {"medie": 8.227272727272725, "reusita": 100.0, "cnt": 33}, "GEOGRAFIE": {"medie": 8.52608695652174, "reusita": 100.0, "cnt": 23}, "MATEMATICA ST-NAT": {"medie": 8.094927536231884, "reusita": 94.20289855072464, "cnt": 69}, "FIZICA TEO": {"medie": 8.557142857142855, "reusita": 100.0, "cnt": 7}, "CHIMIE ORGANICA TEO NIVEL I/II": {"medie": 9.004999999999999, "reusita": 100.0, "cnt": 10}, "LOGICA, ARGUMENTARE SI COMUNICARE": {"medie": 9.6, "reusita": 100.0, "cnt": 3}, "INFORMATICA MI C/C++": {"medie": 8.774390243902438, "reusita": 100.0, "cnt": 41}, "PSIHOLOGIE": {"medie": 8.9375, "reusita": 100.0, "cnt": 4}, "CHIMIE ANORGANICA TEO NIVEL I/II": {"medie": 8.725, "reusita": 100.0, "cnt": 2}, "ECONOMIE": {"medie": 7.3999999999999995, "reusita": 100.0, "cnt": 3}, "INFORMATICA SN C/C++": {"medie": 9.3125, "reusita": 100.0, "cnt": 4}}, "nume": "COLEGIUL NATIONAL \"MIHAI EMINESCU\" SATU MARE\tSatu-Mare"}