{"specializari": {"TEHNICIAN IN ACTIVITATI ECONOMICE": 32, "STIINTE ALE NATURII": 60, "TEHNICIAN IN SILVICULTURA SI EXPLOATARI FORESTIERE": 45, "TEHNICIAN DESIGNER MOBILA SI AMENAJARI INTERIOARE": 41, "TEHNICIAN IN PRELUCRAREA LEMNULUI": 1}, "limba_moderna": {"LIMBA ENGLEZA": 168, "LIMBA FRANCEZA": 11}, "limba_materna": {"LIMBA ROMANA": 179}, "promotie_anterioara": {"NU": 139, "DA": 40}, "materii": {"LIMBA ROMANA": {"medie": 6.894632768361581, "reusita": 93.85474860335195, "cnt": 179}, "MATEMATICA TEHN": {"medie": 4.94957264957265, "reusita": 59.66386554621849, "cnt": 119}, "BIOLOGIE VEGETALA SI ANIMALA": {"medie": 4.014583333333333, "reusita": 42.857142857142854, "cnt": 49}, "GENERAL": {"medie": 6.358049242424243, "reusita": 56.98324022346368, "cnt": 179}, "ANATOMIE SI FIZIOLOGIE UMANA, GENETICA SI ECOLOGIE UMANA": {"medie": 7.5666666666666655, "reusita": 88.29787234042553, "cnt": 94}, "GEOGRAFIE": {"medie": 9.45, "reusita": 100.0, "cnt": 1}, "MATEMATICA ST-NAT": {"medie": 6.307500000000001, "reusita": 85.0, "cnt": 60}, "FIZICA TEO": {"medie": 7.225, "reusita": 100.0, "cnt": 2}, "LOGICA, ARGUMENTARE SI COMUNICARE": {"medie": 8.383870967741936, "reusita": 96.7741935483871, "cnt": 31}, "CHIMIE ANORGANICA TEO NIVEL I/II": {"medie": 6.5, "reusita": 100.0, "cnt": 1}, "CHIMIE ANORGANICA TEH NIVEL I/II": {"medie": "-", "reusita": 0.0, "cnt": 1}}, "nume": "COLEGIUL TEHNIC FORESTIER, MUNICIPIUL CAMPINA\tPrahova"}