{"specializari": {"MATEMATICA-INFORMATICA": 150, "STIINTE ALE NATURII": 57, "FILOLOGIE": 28}, "limba_moderna": {"LIMBA ENGLEZA": 222, "LIMBA FRANCEZA": 13}, "limba_materna": {"LIMBA ROMANA": 235}, "promotie_anterioara": {"NU": 234, "DA": 1}, "materii": {"LIMBA ROMANA": {"medie": 9.12936170212766, "reusita": 100.0, "cnt": 235}, "BIOLOGIE VEGETALA SI ANIMALA": {"medie": 9.356521739130434, "reusita": 100.0, "cnt": 23}, "GENERAL": {"medie": 9.198297872340426, "reusita": 99.57446808510639, "cnt": 235}, "MATEMATICA MATE-INFO": {"medie": 9.121999999999996, "reusita": 99.33333333333333, "cnt": 150}, "ANATOMIE SI FIZIOLOGIE UMANA, GENETICA SI ECOLOGIE UMANA": {"medie": 9.393478260869562, "reusita": 100.0, "cnt": 23}, "ISTORIE": {"medie": 9.36607142857143, "reusita": 100.0, "cnt": 28}, "GEOGRAFIE": {"medie": 9.57777777777778, "reusita": 100.0, "cnt": 9}, "MATEMATICA ST-NAT": {"medie": 9.090350877192982, "reusita": 100.0, "cnt": 57}, "FIZICA TEO": {"medie": 9.304, "reusita": 100.0, "cnt": 75}, "CHIMIE ORGANICA TEO NIVEL I/II": {"medie": 9.400909090909094, "reusita": 100.0, "cnt": 55}, "LOGICA, ARGUMENTARE SI COMUNICARE": {"medie": 9.103846153846154, "reusita": 100.0, "cnt": 13}, "INFORMATICA MI C/C++": {"medie": 9.462, "reusita": 100.0, "cnt": 25}, "PSIHOLOGIE": {"medie": 9.0, "reusita": 100.0, "cnt": 2}, "CHIMIE ANORGANICA TEO NIVEL I/II": {"medie": 9.033333333333333, "reusita": 100.0, "cnt": 3}, "ECONOMIE": {"medie": 7.475, "reusita": 100.0, "cnt": 4}, "INFORMATICA SN C/C++": {"medie": 9.5, "reusita": 100.0, "cnt": 3}}, "nume": "COLEGIUL NATIONAL \"GHEORGHE SINCAI\"\tBucure\u0219ti"}