{"specializari": {"TEHNICIAN ECOLOG SI PROTECTIA CALITATII MEDIULUI": 26, "TEHNICIAN MECATRONIST": 9, "TEHNICIAN IN TURISM": 37, "TEHNICIAN IN INDUSTRIA ALIMENTARA": 21, "TEHNICIAN ANALIZE PRODUSE ALIMENTARE": 41, "TEHNICIAN IN AUTOMATIZARI": 16}, "limba_moderna": {"LIMBA ENGLEZA": 140, "LIMBA FRANCEZA": 10}, "limba_materna": {"LIMBA ROMANA": 150}, "promotie_anterioara": {"NU": 100, "DA": 50}, "materii": {"LIMBA ROMANA": {"medie": 6.028521126760565, "reusita": 82.66666666666667, "cnt": 150}, "MATEMATICA TEHN": {"medie": 4.187769784172664, "reusita": 38.0, "cnt": 150}, "BIOLOGIE VEGETALA SI ANIMALA": {"medie": 4.677272727272727, "reusita": 31.25, "cnt": 16}, "GENERAL": {"medie": 5.34283950617284, "reusita": 25.333333333333336, "cnt": 150}, "ANATOMIE SI FIZIOLOGIE UMANA, GENETICA SI ECOLOGIE UMANA": {"medie": 5.3993827160493835, "reusita": 70.93023255813954, "cnt": 86}, "FIZICA TEH": {"medie": 5.495, "reusita": 45.45454545454545, "cnt": 11}, "GEOGRAFIE": {"medie": 7.418518518518518, "reusita": 82.75862068965517, "cnt": 29}, "LOGICA, ARGUMENTARE SI COMUNICARE": {"medie": 5.264285714285714, "reusita": 50.0, "cnt": 8}}, "nume": "COLEGIUL TEHNIC DE INDUSTRIE ALIMENTARA SUCEAVA\tSuceava"}