{"specializari": {"TEHNICIAN ECOLOG SI PROTECTIA CALITATII MEDIULUI": 28, "MATEMATICA-INFORMATICA": 2, "TEHNICIAN DESENATOR PENTRU CONSTRUCTII SI INSTALATII": 73, "TEHNICIAN PROIECTANT CAD": 41, "ARHITECTURA, ARTE AMBIENTALE SI DESIGN": 33, "STIINTE ALE NATURII": 26, "STIINTE SOCIALE": 31, "TEHNICIAN DESIGNER MOBILA SI AMENAJARI INTERIOARE": 25, "TEHNICIAN OPERATOR TEHNICA DE CALCUL": 24, "TEHNICIAN ELECTRICIAN/ELECTRONIST AUTO": 20, "TEHNICIAN INSTALATOR PENTRU CONSTRUCTII": 5, "TEHNICIAN TRANSPORTURI": 2, "TEHNICIAN HIDRO-METEOROLOG": 3, "TEHNICIAN IN CONSTRUCTII SI LUCRARI PUBLICE": 2}, "limba_moderna": {"LIMBA GERMANA MODERNA": 1, "LIMBA ENGLEZA": 295, "LIMBA FRANCEZA": 9, "LIMBA RUSA": 10}, "limba_materna": {"LIMBA ROMANA": 315}, "promotie_anterioara": {"DA": 65, "NU": 250}, "materii": {"LIMBA ROMANA": {"medie": 6.114820846905536, "reusita": 81.9047619047619, "cnt": 315}, "MATEMATICA TEHN": {"medie": 5.104433497536943, "reusita": 57.399103139013455, "cnt": 223}, "BIOLOGIE VEGETALA SI ANIMALA": {"medie": 3.6374015748031505, "reusita": 23.741007194244602, "cnt": 139}, "GENERAL": {"medie": 5.673437499999997, "reusita": 38.41269841269842, "cnt": 315}, "MATEMATICA MATE-INFO": {"medie": 2.3, "reusita": 0.0, "cnt": 2}, "ANATOMIE SI FIZIOLOGIE UMANA, GENETICA SI ECOLOGIE UMANA": {"medie": 6.924358974358973, "reusita": 80.0, "cnt": 40}, "FIZICA TEH": {"medie": 5.245348837209303, "reusita": 57.77777777777777, "cnt": 45}, "ISTORIE": {"medie": 6.66640625, "reusita": 93.75, "cnt": 64}, "GEOGRAFIE": {"medie": 7.427272727272728, "reusita": 82.6086956521739, "cnt": 46}, "MATEMATICA ST-NAT": {"medie": 6.575000000000001, "reusita": 92.3076923076923, "cnt": 26}, "FIZICA TEO": {"medie": 7.074999999999999, "reusita": 75.0, "cnt": 4}, "CHIMIE ORGANICA TEO NIVEL I/II": {"medie": 5.55, "reusita": 100.0, "cnt": 3}, "LOGICA, ARGUMENTARE SI COMUNICARE": {"medie": 8.52, "reusita": 100.0, "cnt": 15}, "SOCIOLOGIE": {"medie": 6.95, "reusita": 100.0, "cnt": 3}, "CHIMIE ANORGANICA TEH NIVEL I/II": {"medie": 5.618181818181818, "reusita": 66.66666666666666, "cnt": 12}, "CHIMIE ORGANICA TEH NIVEL I/II": {"medie": 4.55, "reusita": 25.0, "cnt": 8}}, "nume": "COLEGIUL TEHNIC \"GHEORGHE ASACHI\", IASI\tIa\u0219i"}