{"specializari": {"MATEMATICA-INFORMATICA": 131}, "limba_moderna": {"LIMBA ENGLEZA": 48, "LIMBA FRANCEZA": 83}, "limba_materna": {"LIMBA ROMANA": 131}, "promotie_anterioara": {"NU": 131}, "materii": {"LIMBA ROMANA": {"medie": 8.803053435114508, "reusita": 100.0, "cnt": 131}, "BIOLOGIE VEGETALA SI ANIMALA": {"medie": 8.481818181818182, "reusita": 100.0, "cnt": 33}, "GENERAL": {"medie": 8.915903307888039, "reusita": 100.0, "cnt": 131}, "MATEMATICA MATE-INFO": {"medie": 8.824809160305344, "reusita": 100.0, "cnt": 131}, "FIZICA TEO": {"medie": 9.378947368421056, "reusita": 100.0, "cnt": 95}, "INFORMATICA MI C/C++": {"medie": 8.55, "reusita": 100.0, "cnt": 1}, "CHIMIE ANORGANICA TEO NIVEL I/II": {"medie": 7.625, "reusita": 100.0, "cnt": 2}}, "nume": "COLEGIUL NATIONAL MILITAR \"MIHAI VITEAZUL\" ALBA IULIA\tAlba"}