{"specializari": {"MATEMATICA-INFORMATICA": 147, "STIINTE ALE NATURII": 62, "FILOLOGIE": 88}, "limba_moderna": {"LIMBA ENGLEZA": 254, "LIMBA FRANCEZA": 37, "LIMBA GERMANA MODERNA": 6}, "limba_materna": {"LIMBA ROMANA": 297}, "promotie_anterioara": {"NU": 296, "DA": 1}, "materii": {"LIMBA ROMANA": {"medie": 8.719528619528615, "reusita": 99.66329966329967, "cnt": 297}, "BIOLOGIE VEGETALA SI ANIMALA": {"medie": 8.4921875, "reusita": 93.75, "cnt": 32}, "GENERAL": {"medie": 8.811880630630633, "reusita": 98.31649831649831, "cnt": 297}, "MATEMATICA MATE-INFO": {"medie": 8.775850340136056, "reusita": 100.0, "cnt": 147}, "ANATOMIE SI FIZIOLOGIE UMANA, GENETICA SI ECOLOGIE UMANA": {"medie": 8.608333333333334, "reusita": 94.44444444444444, "cnt": 18}, "ISTORIE": {"medie": 9.156250000000004, "reusita": 100.0, "cnt": 88}, "GEOGRAFIE": {"medie": 9.424999999999999, "reusita": 100.0, "cnt": 4}, "MATEMATICA ST-NAT": {"medie": 8.370161290322581, "reusita": 98.38709677419355, "cnt": 62}, "FIZICA TEO": {"medie": 9.067142857142859, "reusita": 100.0, "cnt": 70}, "CHIMIE ORGANICA TEO NIVEL I/II": {"medie": 9.069230769230769, "reusita": 98.11320754716981, "cnt": 53}, "LOGICA, ARGUMENTARE SI COMUNICARE": {"medie": 8.892763157894738, "reusita": 98.68421052631578, "cnt": 76}, "INFORMATICA MI C/C++": {"medie": 8.77878787878788, "reusita": 100.0, "cnt": 33}, "PSIHOLOGIE": {"medie": 9.366666666666667, "reusita": 100.0, "cnt": 3}, "CHIMIE ANORGANICA TEO NIVEL I/II": {"medie": 9.5, "reusita": 100.0, "cnt": 1}, "ECONOMIE": {"medie": 8.650000000000002, "reusita": 100.0, "cnt": 5}, "INFORMATICA SN C/C++": {"medie": 8.2, "reusita": 100.0, "cnt": 2}}, "nume": "COLEGIUL NATIONAL \"ION LUCA CARAGIALE\", MUNICIPIUL PLOIESTI\tPrahova"}