{"specializari": {"TEHNICIAN IN ADMINISTRATIE": 12, "TEHNICIAN IN SILVICULTURA SI EXPLOATARI FORESTIERE": 135, "TEHNICIAN IN TURISM": 43, "FILOLOGIE": 3, "TEHNICIAN IN ACTIVITATI ECONOMICE": 27, "TEHNICIAN IN GASTRONOMIE": 1, "TEHNICIAN ECOLOG SI PROTECTIA CALITATII MEDIULUI": 24}, "limba_moderna": {"LIMBA ENGLEZA": 204, "LIMBA FRANCEZA": 41}, "limba_materna": {"LIMBA ROMANA": 245}, "promotie_anterioara": {"NU": 154, "DA": 91}, "materii": {"LIMBA ROMANA": {"medie": 6.413016528925617, "reusita": 85.3061224489796, "cnt": 245}, "MATEMATICA TEHN": {"medie": 4.925526315789472, "reusita": 56.611570247933884, "cnt": 242}, "BIOLOGIE VEGETALA SI ANIMALA": {"medie": "-", "reusita": 0.0, "cnt": 1}, "GENERAL": {"medie": 5.887914831130691, "reusita": 40.816326530612244, "cnt": 245}, "ANATOMIE SI FIZIOLOGIE UMANA, GENETICA SI ECOLOGIE UMANA": {"medie": 5.473214285714286, "reusita": 61.18421052631579, "cnt": 152}, "FIZICA TEH": {"medie": 5.625, "reusita": 75.0, "cnt": 4}, "ISTORIE": {"medie": 4.033333333333333, "reusita": 33.33333333333333, "cnt": 3}, "GEOGRAFIE": {"medie": 7.28974358974359, "reusita": 89.87341772151899, "cnt": 79}, "PSIHOLOGIE": {"medie": 8.14, "reusita": 100.0, "cnt": 5}, "ECONOMIE": {"medie": 7.6, "reusita": 100.0, "cnt": 2}, "CHIMIE ORGANICA TEH NIVEL I/II": {"medie": 8.225, "reusita": 100.0, "cnt": 2}}, "nume": "COLEGIUL SILVIC \"BUCOVINA\" CAMPULUNG MOLDOVENESC\tSuceava"}