{"specializari": {"TEHNICIAN MECANIC PENTRU INTRETINERE SI REPARATII": 27, "TEHNICIAN DESIGNER VESTIMENTAR": 9, "TEHNICIAN ELECTROMECANIC": 21, "TEHNICIAN ELECTROTEHNIST": 3, "TEHNICIAN DESENATOR PENTRU CONSTRUCTII SI INSTALATII": 1, "TEHNICIAN MECATRONIST": 4, "TEHNICIAN ELECTRICIAN/ELECTRONIST AUTO": 5, "TEHNICIAN IN CONSTRUCTII SI LUCRARI PUBLICE": 4, "TEHNICIAN IN INSTALATII ELECTRICE": 2, "TEHNICIAN ELECTRONIST": 1, "TEHNICIAN TRANSPORTURI": 1, "TEHNICIAN OPERATOR TEHNICA DE CALCUL": 4, "TEHNICIAN PRELUCRARI MECANICE": 2, "TEHNICIAN METROLOG": 1, "TEHNICIAN DE TELECOMUNICATII": 1, "COAFOR STILIST": 2}, "limba_moderna": {"LIMBA ENGLEZA": 64, "LIMBA FRANCEZA": 23, "LIMBA GERMANA MODERNA": 1}, "limba_materna": {"LIMBA ROMANA": 88}, "promotie_anterioara": {"NU": 49, "DA": 39}, "materii": {"LIMBA ROMANA": {"medie": 5.86967213114754, "reusita": 57.95454545454546, "cnt": 88}, "MATEMATICA TEHN": {"medie": 3.3660714285714284, "reusita": 25.0, "cnt": 88}, "BIOLOGIE VEGETALA SI ANIMALA": {"medie": 4.486904761904762, "reusita": 31.343283582089555, "cnt": 67}, "GENERAL": {"medie": 4.417628205128206, "reusita": 13.636363636363635, "cnt": 88}, "FIZICA TEH": {"medie": 3.1999999999999997, "reusita": 15.384615384615385, "cnt": 13}, "GEOGRAFIE": {"medie": 7.55, "reusita": 100.0, "cnt": 2}, "CHIMIE ANORGANICA TEH NIVEL I/II": {"medie": 2.1, "reusita": 0.0, "cnt": 1}, "CHIMIE ORGANICA TEH NIVEL I/II": {"medie": 1.85, "reusita": 0.0, "cnt": 5}}, "nume": "COLEGIUL TEHNIC RESITA\tCara\u0219-Severin"}