{"specializari": {"FILOLOGIE": 112, "STIINTE ALE NATURII": 38, "MATEMATICA-INFORMATICA": 26}, "limba_moderna": {"LIMBA ENGLEZA": 164, "LIMBA FRANCEZA": 12}, "limba_materna": {"LIMBA ROMANA": 176}, "promotie_anterioara": {"NU": 153, "DA": 23}, "materii": {"LIMBA ROMANA": {"medie": 7.824709302325582, "reusita": 91.47727272727273, "cnt": 176}, "BIOLOGIE VEGETALA SI ANIMALA": {"medie": 5.4, "reusita": 100.0, "cnt": 1}, "GENERAL": {"medie": 7.72684108527132, "reusita": 80.68181818181817, "cnt": 176}, "MATEMATICA MATE-INFO": {"medie": 8.365384615384615, "reusita": 92.3076923076923, "cnt": 26}, "ANATOMIE SI FIZIOLOGIE UMANA, GENETICA SI ECOLOGIE UMANA": {"medie": 8.454255319148935, "reusita": 93.75, "cnt": 48}, "ISTORIE": {"medie": 7.346330275229355, "reusita": 88.39285714285714, "cnt": 112}, "GEOGRAFIE": {"medie": 7.66458333333333, "reusita": 89.79591836734694, "cnt": 98}, "MATEMATICA ST-NAT": {"medie": 6.713513513513514, "reusita": 86.8421052631579, "cnt": 38}, "FIZICA TEO": {"medie": 8.2625, "reusita": 75.0, "cnt": 4}, "CHIMIE ORGANICA TEO NIVEL I/II": {"medie": 5.75, "reusita": 100.0, "cnt": 1}, "LOGICA, ARGUMENTARE SI COMUNICARE": {"medie": 8.142857142857144, "reusita": 87.5, "cnt": 8}, "INFORMATICA MI C/C++": {"medie": 9.133333333333335, "reusita": 100.0, "cnt": 6}, "PSIHOLOGIE": {"medie": 8.25, "reusita": 100.0, "cnt": 2}, "CHIMIE ANORGANICA TEO NIVEL I/II": {"medie": 10.0, "reusita": 100.0, "cnt": 1}, "SOCIOLOGIE": {"medie": 8.25, "reusita": 100.0, "cnt": 3}, "ECONOMIE": {"medie": 9.05, "reusita": 100.0, "cnt": 1}, "INFORMATICA SN C/C++": {"medie": 8.366666666666667, "reusita": 100.0, "cnt": 3}}, "nume": "COLEGIUL NATIONAL \"NEAGOE BASARAB\" OLTENITA\tC\u0103l\u0103ra\u0219i"}