{"specializari": {"TEHNICIAN VETERINAR": 44, "TEHNICIAN IN AGROTURISM": 34, "TEHNICIAN IN ACHIZITII SI CONTRACTARI": 30, "TEHNICIAN ECOLOG SI PROTECTIA CALITATII MEDIULUI": 26, "TEHNICIAN AGROMONTAN": 27, "TEHNICIAN TRANSPORTURI": 1, "TEHNICIAN MECANIC PENTRU INTRETINERE SI REPARATII": 5, "TEHNICIAN HORTICULTOR": 1}, "limba_moderna": {"LIMBA ENGLEZA": 157, "LIMBA FRANCEZA": 8, "LIMBA GERMANA MODERNA": 3}, "limba_materna": {"LIMBA ROMANA": 168}, "promotie_anterioara": {"DA": 35, "NU": 133}, "materii": {"LIMBA ROMANA": {"medie": 6.508231707317078, "reusita": 93.45238095238095, "cnt": 168}, "MATEMATICA TEHN": {"medie": 5.219753086419753, "reusita": 66.07142857142857, "cnt": 168}, "BIOLOGIE VEGETALA SI ANIMALA": {"medie": 6.333333333333333, "reusita": 82.35294117647058, "cnt": 119}, "GENERAL": {"medie": 6.135220125786163, "reusita": 54.166666666666664, "cnt": 168}, "ANATOMIE SI FIZIOLOGIE UMANA, GENETICA SI ECOLOGIE UMANA": {"medie": 7.036842105263157, "reusita": 100.0, "cnt": 19}, "GEOGRAFIE": {"medie": 7.731250000000001, "reusita": 94.11764705882352, "cnt": 17}, "LOGICA, ARGUMENTARE SI COMUNICARE": {"medie": 7.463636363636365, "reusita": 81.81818181818183, "cnt": 11}, "ECONOMIE": {"medie": 5.425, "reusita": 100.0, "cnt": 2}}, "nume": "COLEGIUL AGRICOL \"DANIIL POPOVICI BARCIANU\" SIBIU\tSibiu"}