{"specializari": {"MATEMATICA-INFORMATICA": 109, "STIINTE ALE NATURII": 61, "STIINTE SOCIALE": 66, "FILOLOGIE": 64}, "limba_moderna": {"LIMBA ENGLEZA": 281, "LIMBA FRANCEZA": 18, "LIMBA GERMANA MODERNA": 1}, "limba_materna": {"LIMBA ROMANA": 300}, "promotie_anterioara": {"DA": 1, "NU": 299}, "materii": {"LIMBA ROMANA": {"medie": 8.66133333333333, "reusita": 100.0, "cnt": 300}, "BIOLOGIE VEGETALA SI ANIMALA": {"medie": 9.516666666666667, "reusita": 100.0, "cnt": 18}, "GENERAL": {"medie": 8.83172222222222, "reusita": 99.0, "cnt": 300}, "MATEMATICA MATE-INFO": {"medie": 8.215137614678897, "reusita": 98.1651376146789, "cnt": 109}, "ANATOMIE SI FIZIOLOGIE UMANA, GENETICA SI ECOLOGIE UMANA": {"medie": 9.836458333333335, "reusita": 100.0, "cnt": 48}, "ISTORIE": {"medie": 8.946153846153846, "reusita": 100.0, "cnt": 130}, "GEOGRAFIE": {"medie": 9.307500000000001, "reusita": 100.0, "cnt": 20}, "MATEMATICA ST-NAT": {"medie": 9.021311475409835, "reusita": 100.0, "cnt": 61}, "FIZICA TEO": {"medie": 8.695901639344259, "reusita": 98.36065573770492, "cnt": 61}, "CHIMIE ORGANICA TEO NIVEL I/II": {"medie": 9.413333333333332, "reusita": 100.0, "cnt": 15}, "LOGICA, ARGUMENTARE SI COMUNICARE": {"medie": 9.007, "reusita": 100.0, "cnt": 50}, "INFORMATICA MI C/C++": {"medie": 8.790740740740741, "reusita": 100.0, "cnt": 27}, "PSIHOLOGIE": {"medie": 9.227777777777778, "reusita": 100.0, "cnt": 18}, "SOCIOLOGIE": {"medie": 9.311904761904762, "reusita": 100.0, "cnt": 21}, "ECONOMIE": {"medie": 8.714285714285714, "reusita": 100.0, "cnt": 21}, "INFORMATICA SN C/C++": {"medie": 7.8, "reusita": 100.0, "cnt": 1}}, "nume": "COLEGIUL NATIONAL \"ZINCA GOLESCU\" PITESTI\tArge\u0219"}