{"specializari": {"TEHNICIAN IN CHIMIE INDUSTRIALA": 21, "TEHNICIAN ELECTROTEHNIST": 1, "TEHNICIAN ECOLOG SI PROTECTIA CALITATII MEDIULUI": 35, "COAFOR STILIST": 3, "TEHNICIAN CHIMIST DE LABORATOR": 3}, "limba_moderna": {"LIMBA ENGLEZA": 60, "LIMBA FRANCEZA": 3}, "limba_materna": {"LIMBA ROMANA": 63}, "promotie_anterioara": {"NU": 47, "DA": 16}, "materii": {"LIMBA ROMANA": {"medie": 6.458730158730159, "reusita": 93.65079365079364, "cnt": 63}, "MATEMATICA TEHN": {"medie": 5.811904761904761, "reusita": 76.19047619047619, "cnt": 63}, "BIOLOGIE VEGETALA SI ANIMALA": {"medie": 6.578571428571428, "reusita": 85.71428571428571, "cnt": 35}, "GENERAL": {"medie": 6.231216931216931, "reusita": 60.317460317460316, "cnt": 63}, "ANATOMIE SI FIZIOLOGIE UMANA, GENETICA SI ECOLOGIE UMANA": {"medie": 8.93, "reusita": 100.0, "cnt": 5}, "GEOGRAFIE": {"medie": 6.45, "reusita": 100.0, "cnt": 2}, "LOGICA, ARGUMENTARE SI COMUNICARE": {"medie": 3.35, "reusita": 0.0, "cnt": 1}, "CHIMIE ANORGANICA TEH NIVEL I/II": {"medie": 5.675000000000001, "reusita": 75.0, "cnt": 20}}, "nume": "COLEGIUL TEHNIC \"ANA ASLAN\" CLUJ-NAPOCA\tCluj"}