{"specializari": {"TEHNICIAN IN SILVICULTURA SI EXPLOATARI FORESTIERE": 49, "TEHNICIAN MECANIC PENTRU INTRETINERE SI REPARATII": 12, "TEHNICIAN ECOLOG SI PROTECTIA CALITATII MEDIULUI": 20, "TEHNICIAN PROIECTANT PRODUSE FINITE DIN LEMN": 1}, "limba_moderna": {"LIMBA ENGLEZA": 80, "LIMBA FRANCEZA": 2}, "limba_materna": {"LIMBA ROMANA": 82}, "promotie_anterioara": {"DA": 17, "NU": 65}, "materii": {"LIMBA ROMANA": {"medie": 5.1833333333333345, "reusita": 58.536585365853654, "cnt": 82}, "MATEMATICA TEHN": {"medie": 3.52987012987013, "reusita": 36.58536585365854, "cnt": 82}, "BIOLOGIE VEGETALA SI ANIMALA": {"medie": 3.216666666666667, "reusita": 20.0, "cnt": 10}, "GENERAL": {"medie": 4.510964912280701, "reusita": 18.29268292682927, "cnt": 82}, "ANATOMIE SI FIZIOLOGIE UMANA, GENETICA SI ECOLOGIE UMANA": {"medie": 5.162295081967212, "reusita": 56.451612903225815, "cnt": 62}, "CHIMIE ANORGANICA TEH NIVEL I/II": {"medie": 3.5833333333333335, "reusita": 30.0, "cnt": 10}}, "nume": "COLEGIUL TEHNIC FORESTIER, MUNICIPIUL PIATRA-NEAMT\tNeam\u021b"}