{"specializari": {"MUZICA": 33, "ARTE PLASTICE SI DECORATIVE": 27, "ARHITECTURA, ARTE AMBIENTALE SI DESIGN": 30, "FILOLOGIE": 30, "CONSERVARE - RESTAURARE": 29}, "limba_moderna": {"LIMBA ENGLEZA": 148, "LIMBA FRANCEZA": 1}, "limba_materna": {"LIMBA ROMANA": 149}, "promotie_anterioara": {"NU": 133, "DA": 16}, "materii": {"LIMBA ROMANA": {"medie": 7.641610738255033, "reusita": 98.65771812080537, "cnt": 149}, "GENERAL": {"medie": 7.594594594594593, "reusita": 85.90604026845638, "cnt": 149}, "ISTORIE": {"medie": 7.205369127516775, "reusita": 93.28859060402685, "cnt": 149}, "GEOGRAFIE": {"medie": 8.06543209876543, "reusita": 95.1219512195122, "cnt": 82}, "FILOSOFIE": {"medie": 8.4, "reusita": 100.0, "cnt": 1}, "LOGICA, ARGUMENTARE SI COMUNICARE": {"medie": 7.65, "reusita": 91.66666666666666, "cnt": 60}, "PSIHOLOGIE": {"medie": 8.35, "reusita": 100.0, "cnt": 6}}, "nume": "COLEGIUL DE ARTA \"CIPRIAN PORUMBESCU\" SUCEAVA\tSuceava"}