{"specializari": {"TEHNICIAN DESIGNER VESTIMENTAR": 43, "TEHNICIAN IN INDUSTRIA TEXTILA": 4, "TEHNICIAN IN INDUSTRIA PIELARIEI": 6, "TEHNICIAN IN INDUSTRIA STICLEI SI CERAMICII": 31, "STIINTE ALE NATURII": 3, "TEHNICIAN MECANIC PENTRU INTRETINERE SI REPARATII": 1, "TEHNICIAN CHIMIST DE LABORATOR": 31, "COAFOR STILIST": 27}, "limba_moderna": {"LIMBA ENGLEZA": 140, "LIMBA FRANCEZA": 6}, "limba_materna": {"LIMBA ROMANA": 146}, "promotie_anterioara": {"NU": 106, "DA": 40}, "materii": {"LIMBA ROMANA": {"medie": 5.885517241379311, "reusita": 92.46575342465754, "cnt": 146}, "MATEMATICA TEHN": {"medie": 5.016417910447762, "reusita": 58.04195804195804, "cnt": 143}, "BIOLOGIE VEGETALA SI ANIMALA": {"medie": 5.026923076923075, "reusita": 51.35135135135135, "cnt": 111}, "GENERAL": {"medie": 5.5084577114427855, "reusita": 36.986301369863014, "cnt": 146}, "FIZICA TEH": {"medie": 4.075, "reusita": 33.33333333333333, "cnt": 6}, "GEOGRAFIE": {"medie": 8.053333333333335, "reusita": 93.33333333333333, "cnt": 15}, "MATEMATICA ST-NAT": {"medie": 6.6, "reusita": 33.33333333333333, "cnt": 3}, "LOGICA, ARGUMENTARE SI COMUNICARE": {"medie": 7.913636363636363, "reusita": 90.9090909090909, "cnt": 11}, "PSIHOLOGIE": {"medie": 7.65, "reusita": 100.0, "cnt": 1}, "CHIMIE ANORGANICA TEH NIVEL I/II": {"medie": 2.375, "reusita": 0.0, "cnt": 2}}, "nume": "COLEGIUL TEHNIC \"APULUM\" ALBA IULIA\tAlba"}