{"specializari": {"TEHNICIAN IN PRELUCRAREA LEMNULUI": 10, "TEHNICIAN OPERATOR TEHNICA DE CALCUL": 1, "TEHNICIAN IN CONSTRUCTII SI LUCRARI PUBLICE": 1, "TEHNICIAN IN GASTRONOMIE": 4, "TEHNICIAN ANALIZE PRODUSE ALIMENTARE": 1, "TEHNICIAN ECOLOG SI PROTECTIA CALITATII MEDIULUI": 9, "TEHNICIAN IN ACTIVITATI ECONOMICE": 28, "TEHNICIAN CHIMIST DE LABORATOR": 11, "TEHNICIAN ELECTROTEHNIST": 1, "TEHNICIAN IN INSTALATII ELECTRICE": 1, "TEHNICIAN IN INDUSTRIA ALIMENTARA": 1}, "limba_moderna": {"LIMBA ENGLEZA": 66, "LIMBA FRANCEZA": 1, "LIMBA GERMANA MODERNA": 1}, "limba_materna": {"LIMBA ROMANA": 68}, "promotie_anterioara": {"DA": 26, "NU": 42}, "materii": {"LIMBA ROMANA": {"medie": 5.648484848484847, "reusita": 77.94117647058823, "cnt": 68}, "MATEMATICA TEHN": {"medie": 4.599999999999999, "reusita": 57.35294117647059, "cnt": 68}, "BIOLOGIE VEGETALA SI ANIMALA": {"medie": 6.466666666666666, "reusita": 33.33333333333333, "cnt": 6}, "GENERAL": {"medie": 5.26164021164021, "reusita": 33.82352941176471, "cnt": 68}, "ANATOMIE SI FIZIOLOGIE UMANA, GENETICA SI ECOLOGIE UMANA": {"medie": 7.12, "reusita": 100.0, "cnt": 5}, "GEOGRAFIE": {"medie": 7.3100000000000005, "reusita": 100.0, "cnt": 5}, "LOGICA, ARGUMENTARE SI COMUNICARE": {"medie": 6.9557692307692305, "reusita": 88.46153846153845, "cnt": 26}, "PSIHOLOGIE": {"medie": 5.7, "reusita": 100.0, "cnt": 1}, "CHIMIE ANORGANICA TEH NIVEL I/II": {"medie": 3.264, "reusita": 24.0, "cnt": 25}}, "nume": "COLEGIUL TEHNIC \"SIMION MEHEDINTI\" CODLEA\tBra\u0219ov"}