{"specializari": {"STIINTE SOCIALE": 38, "MATEMATICA-INFORMATICA": 114, "STIINTE ALE NATURII": 55, "FILOLOGIE": 65}, "limba_moderna": {"LIMBA ENGLEZA": 234, "LIMBA FRANCEZA": 38}, "limba_materna": {"LIMBA ROMANA": 272}, "promotie_anterioara": {"NU": 266, "DA": 6}, "materii": {"LIMBA ROMANA": {"medie": 7.990257352941171, "reusita": 100.0, "cnt": 272}, "GENERAL": {"medie": 8.243665436654362, "reusita": 93.01470588235294, "cnt": 272}, "MATEMATICA MATE-INFO": {"medie": 8.04911504424779, "reusita": 92.98245614035088, "cnt": 114}, "ANATOMIE SI FIZIOLOGIE UMANA, GENETICA SI ECOLOGIE UMANA": {"medie": 8.489732142857143, "reusita": 98.21428571428571, "cnt": 112}, "ISTORIE": {"medie": 8.878155339805827, "reusita": 100.0, "cnt": 103}, "GEOGRAFIE": {"medie": 8.79642857142857, "reusita": 100.0, "cnt": 56}, "MATEMATICA ST-NAT": {"medie": 7.501818181818183, "reusita": 96.36363636363636, "cnt": 55}, "FIZICA TEO": {"medie": 8.48, "reusita": 100.0, "cnt": 35}, "CHIMIE ORGANICA TEO NIVEL I/II": {"medie": 8.8875, "reusita": 100.0, "cnt": 4}, "LOGICA, ARGUMENTARE SI COMUNICARE": {"medie": 8.041935483870969, "reusita": 96.7741935483871, "cnt": 31}, "INFORMATICA MI C/C++": {"medie": 8.0, "reusita": 100.0, "cnt": 18}, "PSIHOLOGIE": {"medie": 7.9, "reusita": 100.0, "cnt": 2}, "SOCIOLOGIE": {"medie": 8.428571428571427, "reusita": 100.0, "cnt": 14}}, "nume": "COLEGIUL NATIONAL \"STEFAN CEL MARE\", ORAS TARGU NEAMT\tNeam\u021b"}