{"specializari": {"TEHNICIAN IN TURISM": 29, "TEHNICIAN IN ACTIVITATI DE COMERT": 29, "TEHNICIAN IN GASTRONOMIE": 16, "TEHNICIAN IN ACTIVITATI ECONOMICE": 63, "TEHNICIAN IN HOTELARIE": 24, "ORGANIZATOR BANQUETING": 26, "TEHNICIAN IN ACHIZITII SI CONTRACTARI": 23, "TEHNICIAN IN ADMINISTRATIE": 32}, "limba_moderna": {"LIMBA ENGLEZA": 235, "LIMBA FRANCEZA": 6, "LIMBA GERMANA MODERNA": 1}, "limba_materna": {"LIMBA ROMANA": 242}, "promotie_anterioara": {"DA": 37, "NU": 205}, "materii": {"LIMBA ROMANA": {"medie": 6.831666666666664, "reusita": 97.52066115702479, "cnt": 242}, "MATEMATICA TEHN": {"medie": 6.4794117647058815, "reusita": 86.36363636363636, "cnt": 242}, "GENERAL": {"medie": 6.944796061884673, "reusita": 76.44628099173553, "cnt": 242}, "GEOGRAFIE": {"medie": 7.828779069767438, "reusita": 93.71428571428572, "cnt": 175}, "LOGICA, ARGUMENTARE SI COMUNICARE": {"medie": 6.722727272727273, "reusita": 72.72727272727273, "cnt": 11}, "PSIHOLOGIE": {"medie": 8.255555555555556, "reusita": 100.0, "cnt": 9}, "ECONOMIE": {"medie": 6.314893617021278, "reusita": 82.97872340425532, "cnt": 47}}, "nume": "COLEGIUL NATIONAL ECONOMIC \"ANDREI BARSEANU\" BRASOV\tBra\u0219ov"}