{"specializari": {"MATEMATICA-INFORMATICA": 74, "STIINTE ALE NATURII": 77, "FILOLOGIE": 29}, "limba_moderna": {"LIMBA ENGLEZA": 127, "LIMBA GERMANA MODERNA": 16, "LIMBA FRANCEZA": 37}, "limba_materna": {"LIMBA ROMANA": 171, "LIMBA GERMANA": 9}, "promotie_anterioara": {"NU": 175, "DA": 5}, "materii": {"LIMBA ROMANA": {"medie": 8.771111111111107, "reusita": 99.44444444444444, "cnt": 180}, "BIOLOGIE VEGETALA SI ANIMALA": {"medie": 5.625, "reusita": 100.0, "cnt": 2}, "GENERAL": {"medie": 8.64713687150838, "reusita": 95.55555555555556, "cnt": 180}, "MATEMATICA MATE-INFO": {"medie": 8.233108108108107, "reusita": 97.2972972972973, "cnt": 74}, "ANATOMIE SI FIZIOLOGIE UMANA, GENETICA SI ECOLOGIE UMANA": {"medie": 9.164705882352937, "reusita": 97.10144927536231, "cnt": 69}, "ISTORIE": {"medie": 9.512068965517242, "reusita": 100.0, "cnt": 29}, "GEOGRAFIE": {"medie": 9.330000000000002, "reusita": 100.0, "cnt": 15}, "FILOSOFIE": {"medie": 9.5, "reusita": 100.0, "cnt": 2}, "MATEMATICA ST-NAT": {"medie": 8.331818181818182, "reusita": 98.7012987012987, "cnt": 77}, "FIZICA TEO": {"medie": 7.325000000000001, "reusita": 92.85714285714286, "cnt": 14}, "CHIMIE ORGANICA TEO NIVEL I/II": {"medie": 8.509375000000002, "reusita": 100.0, "cnt": 16}, "LOGICA, ARGUMENTARE SI COMUNICARE": {"medie": 9.333333333333334, "reusita": 100.0, "cnt": 3}, "INFORMATICA MI C/C++": {"medie": 8.084042553191493, "reusita": 97.87234042553192, "cnt": 47}, "PSIHOLOGIE": {"medie": 9.4, "reusita": 100.0, "cnt": 2}, "CHIMIE ANORGANICA TEO NIVEL I/II": {"medie": 7.675, "reusita": 100.0, "cnt": 2}, "LIMBA GERMANA": {"medie": 8.54375, "reusita": 88.88888888888889, "cnt": 9}, "SOCIOLOGIE": {"medie": 9.16, "reusita": 100.0, "cnt": 5}, "ECONOMIE": {"medie": 10.0, "reusita": 100.0, "cnt": 2}, "INFORMATICA SN C/C++": {"medie": 9.55, "reusita": 100.0, "cnt": 1}}, "nume": "COLEGIUL NATIONAL \"DECEBAL\" DEVA\tHunedoara"}