{"specializari": {"MATEMATICA-INFORMATICA": 71, "STIINTE ALE NATURII": 21, "STIINTE SOCIALE": 36}, "limba_moderna": {"LIMBA ENGLEZA": 128}, "limba_materna": {"LIMBA ROMANA": 128}, "promotie_anterioara": {"DA": 17, "NU": 111}, "materii": {"LIMBA ROMANA": {"medie": 8.009842519685042, "reusita": 98.4375, "cnt": 128}, "GENERAL": {"medie": 7.721391076115483, "reusita": 76.5625, "cnt": 128}, "MATEMATICA MATE-INFO": {"medie": 6.431428571428569, "reusita": 78.87323943661971, "cnt": 71}, "ANATOMIE SI FIZIOLOGIE UMANA, GENETICA SI ECOLOGIE UMANA": {"medie": 8.254464285714286, "reusita": 98.21428571428571, "cnt": 56}, "ISTORIE": {"medie": 8.395833333333332, "reusita": 100.0, "cnt": 36}, "GEOGRAFIE": {"medie": 8.95, "reusita": 100.0, "cnt": 10}, "MATEMATICA ST-NAT": {"medie": 6.452380952380953, "reusita": 76.19047619047619, "cnt": 21}, "FIZICA TEO": {"medie": 8.55, "reusita": 88.88888888888889, "cnt": 9}, "CHIMIE ORGANICA TEO NIVEL I/II": {"medie": 8.399999999999999, "reusita": 100.0, "cnt": 4}, "LOGICA, ARGUMENTARE SI COMUNICARE": {"medie": 8.4125, "reusita": 93.75, "cnt": 16}, "INFORMATICA MI C/C++": {"medie": 6.797727272727273, "reusita": 78.26086956521739, "cnt": 23}, "PSIHOLOGIE": {"medie": 9.85, "reusita": 100.0, "cnt": 2}, "SOCIOLOGIE": {"medie": 8.812500000000002, "reusita": 100.0, "cnt": 8}}, "nume": "COLEGIUL NATIONAL DE INFORMATICA \"CARMEN SYLVA\" PETROSANI\tHunedoara"}