{"specializari": {"TEHNICIAN IN ACTIVITATI ECONOMICE": 60, "ORGANIZATOR BANQUETING": 31, "TEHNICIAN IN ACTIVITATI DE COMERT": 30, "TEHNICIAN IN TURISM": 21, "TEHNICIAN IN GASTRONOMIE": 2, "TEHNICIAN IN ACHIZITII SI CONTRACTARI": 1}, "limba_moderna": {"LIMBA ENGLEZA": 123, "LIMBA FRANCEZA": 22}, "limba_materna": {"LIMBA ROMANA": 145}, "promotie_anterioara": {"NU": 138, "DA": 7}, "materii": {"LIMBA ROMANA": {"medie": 7.4431034482758625, "reusita": 98.62068965517241, "cnt": 145}, "MATEMATICA TEHN": {"medie": 7.6689655172413795, "reusita": 96.55172413793103, "cnt": 145}, "GENERAL": {"medie": 7.848842592592596, "reusita": 91.0344827586207, "cnt": 145}, "GEOGRAFIE": {"medie": 8.588888888888889, "reusita": 97.5609756097561, "cnt": 82}, "LOGICA, ARGUMENTARE SI COMUNICARE": {"medie": 8.279661016949154, "reusita": 94.91525423728814, "cnt": 59}, "PSIHOLOGIE": {"medie": 6.95, "reusita": 100.0, "cnt": 1}, "ECONOMIE": {"medie": 6.833333333333333, "reusita": 100.0, "cnt": 3}}, "nume": "COLEGIUL ECONOMIC \"DIONISIE POP MARTIAN\" ALBA IULIA\tAlba"}