{"specializari": {"TEHNICIAN ECOLOG SI PROTECTIA CALITATII MEDIULUI": 26, "TEHNICIAN ELECTROTEHNIST": 2, "TEHNICIAN DESIGNER MOBILA SI AMENAJARI INTERIOARE": 1, "TEHNICIAN IN PRELUCRAREA LEMNULUI": 1, "TEHNICIAN DESENATOR PENTRU CONSTRUCTII SI INSTALATII": 12, "TEHNICIAN IN CONSTRUCTII SI LUCRARI PUBLICE": 5, "TEHNICIAN IN SILVICULTURA SI EXPLOATARI FORESTIERE": 1, "TEHNICIAN IN CHIMIE INDUSTRIALA": 1}, "limba_moderna": {"LIMBA FRANCEZA": 2, "LIMBA ENGLEZA": 47}, "limba_materna": {"LIMBA ROMANA": 49}, "promotie_anterioara": {"NU": 27, "DA": 22}, "materii": {"LIMBA ROMANA": {"medie": 5.867021276595746, "reusita": 91.83673469387756, "cnt": 49}, "MATEMATICA TEHN": {"medie": 5.089130434782609, "reusita": 65.3061224489796, "cnt": 49}, "BIOLOGIE VEGETALA SI ANIMALA": {"medie": 5.574999999999999, "reusita": 70.27027027027027, "cnt": 37}, "GENERAL": {"medie": 5.604444444444444, "reusita": 36.734693877551024, "cnt": 49}, "ANATOMIE SI FIZIOLOGIE UMANA, GENETICA SI ECOLOGIE UMANA": {"medie": 7.207142857142857, "reusita": 85.71428571428571, "cnt": 7}, "FIZICA TEH": {"medie": 4.3, "reusita": 0.0, "cnt": 3}, "CHIMIE ANORGANICA TEH NIVEL I/II": {"medie": 4.525, "reusita": 50.0, "cnt": 2}}, "nume": "COLEGIUL TEHNIC \"ANGHEL SALIGNY\" CLUJ-NAPOCA\tCluj"}