{"specializari": {"MATEMATICA-INFORMATICA": 33, "STIINTE ALE NATURII": 68, "STIINTE SOCIALE": 59, "FILOLOGIE": 37}, "limba_moderna": {"LIMBA ENGLEZA": 171, "LIMBA FRANCEZA": 23, "LIMBA GERMANA MODERNA": 3}, "limba_materna": {"LIMBA ROMANA": 197}, "promotie_anterioara": {"NU": 171, "DA": 26}, "materii": {"LIMBA ROMANA": {"medie": 7.39561855670103, "reusita": 97.46192893401016, "cnt": 197}, "BIOLOGIE VEGETALA SI ANIMALA": {"medie": 7.4, "reusita": 50.0, "cnt": 2}, "GENERAL": {"medie": 7.4457044673539485, "reusita": 81.21827411167513, "cnt": 197}, "MATEMATICA MATE-INFO": {"medie": 5.793749999999999, "reusita": 69.6969696969697, "cnt": 33}, "ANATOMIE SI FIZIOLOGIE UMANA, GENETICA SI ECOLOGIE UMANA": {"medie": 7.9335443037974684, "reusita": 100.0, "cnt": 79}, "ISTORIE": {"medie": 8.211052631578948, "reusita": 98.95833333333334, "cnt": 96}, "GEOGRAFIE": {"medie": 8.020312500000001, "reusita": 96.92307692307692, "cnt": 65}, "MATEMATICA ST-NAT": {"medie": 6.218382352941176, "reusita": 80.88235294117648, "cnt": 68}, "FIZICA TEO": {"medie": 7.62, "reusita": 80.0, "cnt": 5}, "LOGICA, ARGUMENTARE SI COMUNICARE": {"medie": 7.855555555555556, "reusita": 92.5925925925926, "cnt": 27}, "INFORMATICA MI C/C++": {"medie": 6.19, "reusita": 90.0, "cnt": 10}, "PSIHOLOGIE": {"medie": 8.35, "reusita": 100.0, "cnt": 2}, "CHIMIE ANORGANICA TEO NIVEL I/II": {"medie": 6.180000000000001, "reusita": 100.0, "cnt": 5}, "SOCIOLOGIE": {"medie": 7.45, "reusita": 100.0, "cnt": 2}}, "nume": "COLEGIUL \"NICOLAE TITULESCU\" BRASOV\tBra\u0219ov"}