{"specializari": {"MATEMATICA-INFORMATICA": 86, "STIINTE ALE NATURII": 66, "STIINTE SOCIALE": 33}, "limba_moderna": {"LIMBA ENGLEZA": 158, "LIMBA SPANIOLA": 14, "LIMBA FRANCEZA": 9, "LIMBA GERMANA MODERNA": 4}, "limba_materna": {"LIMBA ROMANA": 185}, "promotie_anterioara": {"NU": 185}, "materii": {"LIMBA ROMANA": {"medie": 8.986486486486486, "reusita": 100.0, "cnt": 185}, "BIOLOGIE VEGETALA SI ANIMALA": {"medie": 10.0, "reusita": 100.0, "cnt": 1}, "GENERAL": {"medie": 9.053063063063062, "reusita": 100.0, "cnt": 185}, "MATEMATICA MATE-INFO": {"medie": 9.046511627906973, "reusita": 100.0, "cnt": 86}, "ANATOMIE SI FIZIOLOGIE UMANA, GENETICA SI ECOLOGIE UMANA": {"medie": 9.341791044776118, "reusita": 100.0, "cnt": 67}, "ISTORIE": {"medie": 9.07878787878788, "reusita": 100.0, "cnt": 33}, "GEOGRAFIE": {"medie": 9.4, "reusita": 100.0, "cnt": 1}, "FILOSOFIE": {"medie": 9.85, "reusita": 100.0, "cnt": 2}, "MATEMATICA ST-NAT": {"medie": 8.696969696969695, "reusita": 100.0, "cnt": 66}, "FIZICA TEO": {"medie": 9.04107142857143, "reusita": 100.0, "cnt": 28}, "CHIMIE ORGANICA TEO NIVEL I/II": {"medie": 9.575, "reusita": 100.0, "cnt": 8}, "LOGICA, ARGUMENTARE SI COMUNICARE": {"medie": 9.053333333333333, "reusita": 100.0, "cnt": 30}, "INFORMATICA MI C/C++": {"medie": 9.249999999999998, "reusita": 100.0, "cnt": 48}}, "nume": "COLEGIUL NATIONAL \"STEFAN CEL MARE\" SUCEAVA\tSuceava"}