{"specializari": {"MATEMATICA-INFORMATICA": 86, "STIINTE ALE NATURII": 29, "STIINTE SOCIALE": 30, "FILOLOGIE": 30}, "limba_moderna": {"LIMBA ENGLEZA": 165, "LIMBA FRANCEZA": 10}, "limba_materna": {"LIMBA ROMANA": 175}, "promotie_anterioara": {"NU": 175}, "materii": {"LIMBA ROMANA": {"medie": 8.716571428571429, "reusita": 100.0, "cnt": 175}, "GENERAL": {"medie": 8.760727969348661, "reusita": 96.0, "cnt": 175}, "MATEMATICA MATE-INFO": {"medie": 8.092352941176472, "reusita": 91.86046511627907, "cnt": 86}, "ANATOMIE SI FIZIOLOGIE UMANA, GENETICA SI ECOLOGIE UMANA": {"medie": 9.363636363636362, "reusita": 100.0, "cnt": 44}, "ISTORIE": {"medie": 9.184166666666664, "reusita": 100.0, "cnt": 60}, "GEOGRAFIE": {"medie": 9.00735294117647, "reusita": 100.0, "cnt": 34}, "FILOSOFIE": {"medie": 9.85, "reusita": 100.0, "cnt": 2}, "MATEMATICA ST-NAT": {"medie": 8.267241379310343, "reusita": 100.0, "cnt": 29}, "FIZICA TEO": {"medie": 9.008823529411766, "reusita": 100.0, "cnt": 34}, "CHIMIE ORGANICA TEO NIVEL I/II": {"medie": 9.425, "reusita": 100.0, "cnt": 8}, "LOGICA, ARGUMENTARE SI COMUNICARE": {"medie": 9.429166666666665, "reusita": 100.0, "cnt": 12}, "INFORMATICA MI C/C++": {"medie": 8.646428571428574, "reusita": 96.55172413793103, "cnt": 29}, "PSIHOLOGIE": {"medie": 9.28, "reusita": 100.0, "cnt": 5}, "SOCIOLOGIE": {"medie": 8.183333333333334, "reusita": 100.0, "cnt": 3}, "ECONOMIE": {"medie": 7.050000000000001, "reusita": 100.0, "cnt": 4}}, "nume": "COLEGIUL NATIONAL \"SPIRU HARET\", LOCALITATEA TECUCI\tGala\u021bi"}