{"specializari": {"INVATATOR - EDUCATOARE": 35, "FILOLOGIE": 59, "MATEMATICA-INFORMATICA": 63}, "limba_moderna": {"LIMBA ENGLEZA": 150, "LIMBA FRANCEZA": 7}, "limba_materna": {"LIMBA ROMANA": 157}, "promotie_anterioara": {"NU": 153, "DA": 4}, "materii": {"LIMBA ROMANA": {"medie": 9.119108280254778, "reusita": 100.0, "cnt": 157}, "BIOLOGIE VEGETALA SI ANIMALA": {"medie": 9.200000000000001, "reusita": 100.0, "cnt": 3}, "GENERAL": {"medie": 8.912365591397853, "reusita": 96.81528662420382, "cnt": 157}, "MATEMATICA MATE-INFO": {"medie": 7.9685483870967735, "reusita": 96.82539682539682, "cnt": 63}, "ANATOMIE SI FIZIOLOGIE UMANA, GENETICA SI ECOLOGIE UMANA": {"medie": 9.071428571428571, "reusita": 100.0, "cnt": 7}, "ISTORIE": {"medie": 9.257627118644068, "reusita": 100.0, "cnt": 59}, "GEOGRAFIE": {"medie": 9.524038461538465, "reusita": 100.0, "cnt": 52}, "FILOSOFIE": {"medie": 9.3, "reusita": 100.0, "cnt": 2}, "FIZICA TEO": {"medie": 8.02222222222222, "reusita": 94.44444444444444, "cnt": 18}, "CHIMIE ORGANICA TEO NIVEL I/II": {"medie": 7.533333333333334, "reusita": 100.0, "cnt": 3}, "LOGICA, ARGUMENTARE SI COMUNICARE": {"medie": 9.274999999999999, "reusita": 100.0, "cnt": 8}, "INFORMATICA MI C/C++": {"medie": 8.329032258064517, "reusita": 100.0, "cnt": 31}, "PSIHOLOGIE": {"medie": 9.116666666666667, "reusita": 93.75, "cnt": 16}, "CHIMIE ANORGANICA TEO NIVEL I/II": {"medie": 6.1, "reusita": 100.0, "cnt": 1}, "SOCIOLOGIE": {"medie": 9.235714285714286, "reusita": 100.0, "cnt": 7}, "ECONOMIE": {"medie": 8.322222222222221, "reusita": 100.0, "cnt": 9}, "MATEMATICA PED": {"medie": 8.89411764705882, "reusita": 97.14285714285714, "cnt": 35}}, "nume": "COLEGIUL NATIONAL \"ELENA CUZA\"\tBucure\u0219ti"}