{"specializari": {"TEHNICIAN TRANSPORTURI": 13, "TEHNICIAN MECANIC PENTRU INTRETINERE SI REPARATII": 21, "TEHNICIAN MECATRONIST": 3, "MATEMATICA-INFORMATICA": 14, "TEHNICIAN ECOLOG SI PROTECTIA CALITATII MEDIULUI": 6, "TEHNICIAN IN INSTALATII ELECTRICE": 4, "TEHNICIAN INSTALATOR PENTRU CONSTRUCTII": 2, "TEHNICIAN PROIECTANT CAD": 2, "TEHNICIAN IN CONSTRUCTII SI LUCRARI PUBLICE": 4, "TEHNICIAN IN INDUSTRIA ALIMENTARA": 2, "TEHNICIAN CHIMIST DE LABORATOR": 1, "TEHNICIAN OPERATOR TEHNICA DE CALCUL": 4, "TEHNICIAN ELECTROTEHNIST": 2, "TEHNICIAN DE TELECOMUNICATII": 1, "TEHNICIAN ELECTROMECANIC": 1}, "limba_moderna": {"LIMBA ENGLEZA": 72, "LIMBA FRANCEZA": 7, "LIMBA SPANIOLA": 1}, "limba_materna": {"LIMBA ROMANA": 80}, "promotie_anterioara": {"NU": 34, "DA": 46}, "materii": {"LIMBA ROMANA": {"medie": 4.144117647058825, "reusita": 32.5, "cnt": 80}, "MATEMATICA TEHN": {"medie": 2.855555555555555, "reusita": 28.78787878787879, "cnt": 66}, "BIOLOGIE VEGETALA SI ANIMALA": {"medie": 3.403703703703703, "reusita": 21.666666666666668, "cnt": 60}, "GENERAL": {"medie": 3.2969444444444447, "reusita": 2.5, "cnt": 80}, "MATEMATICA MATE-INFO": {"medie": 1.2269230769230768, "reusita": 0.0, "cnt": 14}, "FIZICA TEH": {"medie": 2.11, "reusita": 5.0, "cnt": 20}}, "nume": "COLEGIUL TEHNIC \"VICEAMIRAL IOAN BALANESCU\" GIURGIU\tGiurgiu"}