{"specializari": {"TEHNICIAN IN ACTIVITATI ECONOMICE": 20, "FILOLOGIE": 28}, "limba_moderna": {"LIMBA ENGLEZA": 44, "LIMBA FRANCEZA": 4}, "limba_materna": {"LIMBA ROMANA": 48}, "promotie_anterioara": {"DA": 27, "NU": 21}, "materii": {"LIMBA ROMANA": {"medie": 5.407608695652175, "reusita": 70.83333333333334, "cnt": 48}, "MATEMATICA TEHN": {"medie": 4.789473684210527, "reusita": 65.0, "cnt": 20}, "GENERAL": {"medie": 5.774074074074074, "reusita": 35.41666666666667, "cnt": 48}, "ISTORIE": {"medie": 5.678846153846153, "reusita": 71.42857142857143, "cnt": 28}, "GEOGRAFIE": {"medie": 6.299999999999998, "reusita": 75.0, "cnt": 36}, "FILOSOFIE": {"medie": 5.1, "reusita": 100.0, "cnt": 1}, "SOCIOLOGIE": {"medie": 7.789999999999999, "reusita": 90.9090909090909, "cnt": 11}}, "nume": "COLEGIUL PARTICULAR \"VASILE GOLDIS\" ARAD\tArad"}