{"specializari": {"TEHNICIAN MECANIC PENTRU INTRETINERE SI REPARATII": 5, "TEHNICIAN TRANSPORTURI": 29, "MATEMATICA-INFORMATICA": 19, "TEHNICIAN ELECTROTEHNIST": 2, "TEHNICIAN MECATRONIST": 2, "TEHNICIAN ECOLOG SI PROTECTIA CALITATII MEDIULUI": 24, "TEHNICIAN IN AUTOMATIZARI": 4, "TEHNICIAN OPERATOR TEHNICA DE CALCUL": 2}, "limba_moderna": {"LIMBA ENGLEZA": 75, "LIMBA FRANCEZA": 12}, "limba_materna": {"LIMBA ROMANA": 87}, "promotie_anterioara": {"DA": 48, "NU": 39}, "materii": {"LIMBA ROMANA": {"medie": 5.143452380952381, "reusita": 60.91954022988506, "cnt": 87}, "MATEMATICA TEHN": {"medie": 3.8907692307692305, "reusita": 38.23529411764706, "cnt": 68}, "BIOLOGIE VEGETALA SI ANIMALA": {"medie": 4.0256410256410255, "reusita": 33.33333333333333, "cnt": 42}, "GENERAL": {"medie": 4.415, "reusita": 13.793103448275861, "cnt": 87}, "MATEMATICA MATE-INFO": {"medie": 2.9638888888888886, "reusita": 10.526315789473683, "cnt": 19}, "ANATOMIE SI FIZIOLOGIE UMANA, GENETICA SI ECOLOGIE UMANA": {"medie": 4.551388888888888, "reusita": 41.66666666666667, "cnt": 36}, "FIZICA TEH": {"medie": 3.1833333333333336, "reusita": 14.285714285714285, "cnt": 7}, "FIZICA TEO": {"medie": 6.7, "reusita": 100.0, "cnt": 1}, "CHIMIE ORGANICA TEH NIVEL I/II": {"medie": 5.0, "reusita": 100.0, "cnt": 1}}, "nume": "COLEGIUL TEHNIC \"HENRI COANDA\" TG-JIU\tGorj"}