{"specializari": {"STIINTE ALE NATURII": 29, "MATEMATICA-INFORMATICA": 17, "INVATATOR - EDUCATOARE": 31, "ORGANIZATOR BANQUETING": 1, "TEHNICIAN IN TURISM": 3}, "limba_moderna": {"LIMBA ENGLEZA": 81}, "limba_materna": {"LIMBA MAGHIARA": 81}, "promotie_anterioara": {"NU": 70, "DA": 11}, "materii": {"LIMBA ROMANA": {"medie": 7.341139240506328, "reusita": 95.06172839506173, "cnt": 81}, "MATEMATICA TEHN": {"medie": 5.125, "reusita": 75.0, "cnt": 4}, "GENERAL": {"medie": 7.87278481012658, "reusita": 85.18518518518519, "cnt": 81}, "MATEMATICA MATE-INFO": {"medie": 8.02941176470588, "reusita": 100.0, "cnt": 17}, "ANATOMIE SI FIZIOLOGIE UMANA, GENETICA SI ECOLOGIE UMANA": {"medie": 8.957692307692309, "reusita": 100.0, "cnt": 26}, "GEOGRAFIE": {"medie": 8.086666666666664, "reusita": 100.0, "cnt": 30}, "LIMBA MAGHIARA (REAL)": {"medie": 8.305000000000001, "reusita": 100.0, "cnt": 50}, "MATEMATICA ST-NAT": {"medie": 7.624137931034484, "reusita": 100.0, "cnt": 29}, "CHIMIE ORGANICA TEO NIVEL I/II": {"medie": 7.25, "reusita": 100.0, "cnt": 4}, "INFORMATICA MI C/C++": {"medie": 8.903125, "reusita": 100.0, "cnt": 16}, "PSIHOLOGIE": {"medie": 7.5200000000000005, "reusita": 100.0, "cnt": 5}, "MATEMATICA PED": {"medie": 6.604838709677421, "reusita": 90.32258064516128, "cnt": 31}, "LIMBA MAGHIARA (UMAN)": {"medie": 8.308064516129033, "reusita": 100.0, "cnt": 31}}, "nume": "COLEGIUL NATIONAL \"BETHLEN GABOR\" AIUD\tAlba"}