{"specializari": {"TEHNICIAN IN AUTOMATIZARI": 32, "TEHNICIAN IN TURISM": 24, "TEHNICIAN IN ACTIVITATI ECONOMICE": 32, "MATEMATICA-INFORMATICA": 26, "TEHNICIAN MECANIC PENTRU INTRETINERE SI REPARATII": 13, "TEHNICIAN ECOLOG SI PROTECTIA CALITATII MEDIULUI": 8, "TEHNICIAN ELECTRONIST": 1, "TEHNICIAN INSTALATOR PENTRU CONSTRUCTII": 1}, "limba_moderna": {"LIMBA ENGLEZA": 123, "LIMBA GERMANA MODERNA": 12, "LIMBA FRANCEZA": 2}, "limba_materna": {"LIMBA ROMANA": 131, "LIMBA MAGHIARA": 6}, "promotie_anterioara": {"NU": 124, "DA": 13}, "materii": {"LIMBA ROMANA": {"medie": 7.6477941176470585, "reusita": 99.27007299270073, "cnt": 137}, "MATEMATICA TEHN": {"medie": 6.831363636363638, "reusita": 90.990990990991, "cnt": 111}, "BIOLOGIE VEGETALA SI ANIMALA": {"medie": 6.378846153846155, "reusita": 74.07407407407408, "cnt": 27}, "GENERAL": {"medie": 7.606809701492536, "reusita": 77.37226277372264, "cnt": 137}, "MATEMATICA MATE-INFO": {"medie": 9.078846153846154, "reusita": 100.0, "cnt": 26}, "ANATOMIE SI FIZIOLOGIE UMANA, GENETICA SI ECOLOGIE UMANA": {"medie": 5.9, "reusita": 100.0, "cnt": 1}, "FIZICA TEH": {"medie": 5.890909090909091, "reusita": 72.72727272727273, "cnt": 22}, "GEOGRAFIE": {"medie": 9.090178571428572, "reusita": 100.0, "cnt": 56}, "LIMBA MAGHIARA (REAL)": {"medie": 7.016666666666667, "reusita": 100.0, "cnt": 6}, "FIZICA TEO": {"medie": 8.42, "reusita": 100.0, "cnt": 5}, "CHIMIE ORGANICA TEO NIVEL I/II": {"medie": 10.0, "reusita": 100.0, "cnt": 1}, "INFORMATICA MI C/C++": {"medie": 9.321875, "reusita": 100.0, "cnt": 16}, "CHIMIE ANORGANICA TEH NIVEL I/II": {"medie": 4.711111111111111, "reusita": 55.55555555555556, "cnt": 9}}, "nume": "COLEGIUL \"SCOALA NATIONALA DE GAZ\" MEDIAS\tSibiu"}