{"specializari": {"TEHNICIAN IN AGRICULTURA": 2, "TEHNICIAN ANALIZE PRODUSE ALIMENTARE": 30, "TEHNICIAN ECOLOG SI PROTECTIA CALITATII MEDIULUI": 56, "TEHNICIAN HORTICULTOR": 36, "TEHNICIAN IN ACTIVITATI ECONOMICE": 94, "TEHNICIAN AGRONOM": 28, "TEHNICIAN VETERINAR": 31}, "limba_moderna": {"LIMBA ENGLEZA": 274, "LIMBA FRANCEZA": 3}, "limba_materna": {"LIMBA ROMANA": 277}, "promotie_anterioara": {"DA": 62, "NU": 215}, "materii": {"LIMBA ROMANA": {"medie": 6.699250936329589, "reusita": 92.4187725631769, "cnt": 277}, "MATEMATICA TEHN": {"medie": 5.596551724137931, "reusita": 68.23104693140795, "cnt": 277}, "BIOLOGIE VEGETALA SI ANIMALA": {"medie": 5.766666666666667, "reusita": 100.0, "cnt": 3}, "GENERAL": {"medie": 6.49247104247104, "reusita": 55.95667870036101, "cnt": 277}, "ANATOMIE SI FIZIOLOGIE UMANA, GENETICA SI ECOLOGIE UMANA": {"medie": 6.456962025316458, "reusita": 77.19298245614034, "cnt": 171}, "FIZICA TEH": {"medie": 6.05, "reusita": 50.0, "cnt": 2}, "GEOGRAFIE": {"medie": 8.442857142857143, "reusita": 95.6989247311828, "cnt": 93}, "LOGICA, ARGUMENTARE SI COMUNICARE": {"medie": 7.65, "reusita": 100.0, "cnt": 1}, "CHIMIE ORGANICA TEH NIVEL I/II": {"medie": 4.621428571428572, "reusita": 42.857142857142854, "cnt": 7}}, "nume": "COLEGIUL NATIONAL DE AGRICULTURA SI ECONOMIE, LOCALITATEA TECUCI\tGala\u021bi"}