{"specializari": {"STIINTE SOCIALE": 28, "FILOLOGIE": 32, "INVATATOR - EDUCATOARE": 28, "MATEMATICA-INFORMATICA": 31}, "limba_moderna": {"LIMBA ENGLEZA": 87, "LIMBA FRANCEZA": 19, "LIMBA GERMANA MODERNA": 13}, "limba_materna": {"LIMBA ROMANA": 119}, "promotie_anterioara": {"DA": 2, "NU": 117}, "materii": {"LIMBA ROMANA": {"medie": 8.72731092436975, "reusita": 99.15966386554622, "cnt": 119}, "BIOLOGIE VEGETALA SI ANIMALA": {"medie": 8.85, "reusita": 100.0, "cnt": 1}, "GENERAL": {"medie": 8.978347578347577, "reusita": 98.31932773109243, "cnt": 119}, "MATEMATICA MATE-INFO": {"medie": 8.870967741935484, "reusita": 100.0, "cnt": 31}, "ANATOMIE SI FIZIOLOGIE UMANA, GENETICA SI ECOLOGIE UMANA": {"medie": 9.883333333333333, "reusita": 100.0, "cnt": 3}, "ISTORIE": {"medie": 9.167241379310347, "reusita": 96.66666666666667, "cnt": 60}, "GEOGRAFIE": {"medie": 9.463157894736844, "reusita": 100.0, "cnt": 19}, "FILOSOFIE": {"medie": 8.5, "reusita": 100.0, "cnt": 1}, "LOGICA, ARGUMENTARE SI COMUNICARE": {"medie": 9.299122807017545, "reusita": 98.27586206896551, "cnt": 58}, "INFORMATICA MI C/C++": {"medie": 9.212, "reusita": 100.0, "cnt": 25}, "PSIHOLOGIE": {"medie": 9.0625, "reusita": 100.0, "cnt": 4}, "CHIMIE ANORGANICA TEO NIVEL I/II": {"medie": 7.875, "reusita": 100.0, "cnt": 2}, "SOCIOLOGIE": {"medie": 9.430000000000001, "reusita": 83.33333333333334, "cnt": 6}, "MATEMATICA PED": {"medie": 8.210714285714287, "reusita": 100.0, "cnt": 28}}, "nume": "COLEGIUL NATIONAL \"PREPARANDIA-DIMITRIE TICHINDEAL\" ARAD\tArad"}