{"specializari": {"STIINTE SOCIALE": 34, "STIINTE ALE NATURII": 67, "MATEMATICA-INFORMATICA": 160, "FILOLOGIE": 62}, "limba_moderna": {"LIMBA ENGLEZA": 275, "LIMBA GERMANA MODERNA": 9, "LIMBA FRANCEZA": 38, "LIMBA SPANIOLA": 1}, "limba_materna": {"LIMBA ROMANA": 323}, "promotie_anterioara": {"NU": 322, "DA": 1}, "materii": {"LIMBA ROMANA": {"medie": 8.762538699690403, "reusita": 100.0, "cnt": 323}, "BIOLOGIE VEGETALA SI ANIMALA": {"medie": 9.483333333333334, "reusita": 100.0, "cnt": 6}, "GENERAL": {"medie": 8.956811145510848, "reusita": 99.07120743034056, "cnt": 323}, "MATEMATICA MATE-INFO": {"medie": 8.890937500000005, "reusita": 99.375, "cnt": 160}, "ANATOMIE SI FIZIOLOGIE UMANA, GENETICA SI ECOLOGIE UMANA": {"medie": 9.43581081081081, "reusita": 100.0, "cnt": 74}, "ISTORIE": {"medie": 9.094270833333335, "reusita": 100.0, "cnt": 96}, "GEOGRAFIE": {"medie": 9.555555555555555, "reusita": 100.0, "cnt": 9}, "MATEMATICA ST-NAT": {"medie": 8.623134328358208, "reusita": 100.0, "cnt": 67}, "FIZICA TEO": {"medie": 9.04466019417476, "reusita": 99.02912621359224, "cnt": 103}, "CHIMIE ORGANICA TEO NIVEL I/II": {"medie": 9.423333333333334, "reusita": 100.0, "cnt": 15}, "LOGICA, ARGUMENTARE SI COMUNICARE": {"medie": 9.334375, "reusita": 100.0, "cnt": 64}, "INFORMATICA MI C/C++": {"medie": 9.348148148148146, "reusita": 100.0, "cnt": 27}, "PSIHOLOGIE": {"medie": 8.86, "reusita": 100.0, "cnt": 5}, "SOCIOLOGIE": {"medie": 7.659999999999999, "reusita": 100.0, "cnt": 5}, "ECONOMIE": {"medie": 8.684615384615386, "reusita": 100.0, "cnt": 13}, "INFORMATICA SN C/C++": {"medie": 8.05, "reusita": 100.0, "cnt": 2}}, "nume": "COLEGIUL NATIONAL \"ION C. BRATIANU\" PITESTI\tArge\u0219"}