{"specializari": {"TEHNICIAN DESENATOR PENTRU CONSTRUCTII SI INSTALATII": 4, "TEHNICIAN MECATRONIST": 2, "TEHNICIAN PROIECTANT CAD": 3, "TEHNICIAN TRANSPORTURI": 1, "TEHNICIAN ECOLOG SI PROTECTIA CALITATII MEDIULUI": 22, "TEHNICIAN INSTALATOR PENTRU CONSTRUCTII": 1, "TEHNICIAN OPERATOR TEHNICA DE CALCUL": 11, "TEHNICIAN IN TURISM": 31}, "limba_moderna": {"LIMBA ENGLEZA": 58, "LIMBA FRANCEZA": 17}, "limba_materna": {"LIMBA ROMANA": 75}, "promotie_anterioara": {"DA": 35, "NU": 40}, "materii": {"LIMBA ROMANA": {"medie": 5.180666666666666, "reusita": 61.33333333333333, "cnt": 75}, "MATEMATICA TEHN": {"medie": 3.401388888888889, "reusita": 33.33333333333333, "cnt": 75}, "BIOLOGIE VEGETALA SI ANIMALA": {"medie": 4.64, "reusita": 48.0, "cnt": 25}, "GENERAL": {"medie": 4.71285714285714, "reusita": 13.333333333333334, "cnt": 75}, "ANATOMIE SI FIZIOLOGIE UMANA, GENETICA SI ECOLOGIE UMANA": {"medie": 4.280555555555556, "reusita": 47.368421052631575, "cnt": 19}, "GEOGRAFIE": {"medie": 6.626666666666668, "reusita": 83.87096774193549, "cnt": 31}}, "nume": "COLEGIUL TEHNIC \"ION MINCU\" TG-JIU\tGorj"}