{"specializari": {"MATEMATICA-INFORMATICA": 87, "STIINTE ALE NATURII": 54, "FILOLOGIE": 32}, "limba_moderna": {"LIMBA ENGLEZA": 126, "LIMBA FRANCEZA": 31, "LIMBA RUSA": 7, "LIMBA GERMANA MODERNA": 9}, "limba_materna": {"LIMBA ROMANA": 173}, "promotie_anterioara": {"NU": 167, "DA": 6}, "materii": {"LIMBA ROMANA": {"medie": 8.26994219653179, "reusita": 100.0, "cnt": 173}, "BIOLOGIE VEGETALA SI ANIMALA": {"medie": 7.35, "reusita": 100.0, "cnt": 17}, "GENERAL": {"medie": 8.013429672447016, "reusita": 86.70520231213872, "cnt": 173}, "MATEMATICA MATE-INFO": {"medie": 7.497701149425288, "reusita": 87.35632183908046, "cnt": 87}, "ANATOMIE SI FIZIOLOGIE UMANA, GENETICA SI ECOLOGIE UMANA": {"medie": 8.76764705882353, "reusita": 94.11764705882352, "cnt": 17}, "ISTORIE": {"medie": 8.9546875, "reusita": 100.0, "cnt": 32}, "MATEMATICA ST-NAT": {"medie": 6.774999999999998, "reusita": 94.44444444444444, "cnt": 54}, "FIZICA TEO": {"medie": 7.279677419354839, "reusita": 80.64516129032258, "cnt": 31}, "CHIMIE ORGANICA TEO NIVEL I/II": {"medie": 8.75, "reusita": 100.0, "cnt": 22}, "LOGICA, ARGUMENTARE SI COMUNICARE": {"medie": 9.25625, "reusita": 100.0, "cnt": 32}, "INFORMATICA MI C/C++": {"medie": 8.120192307692307, "reusita": 100.0, "cnt": 52}, "INFORMATICA SN C/C++": {"medie": 6.475, "reusita": 100.0, "cnt": 2}}, "nume": "COLEGIUL NATIONAL \"DINICU GOLESCU\" CAMPULUNG\tArge\u0219"}