{"specializari": {"MATEMATICA-INFORMATICA": 13}, "limba_moderna": {"LIMBA ENGLEZA": 13}, "limba_materna": {"LIMBA ROMANA": 13}, "promotie_anterioara": {"NU": 13}, "materii": {"LIMBA ROMANA": {"medie": 8.034615384615385, "reusita": 100.0, "cnt": 13}, "GENERAL": {"medie": 8.179487179487179, "reusita": 92.3076923076923, "cnt": 13}, "MATEMATICA MATE-INFO": {"medie": 7.803846153846153, "reusita": 92.3076923076923, "cnt": 13}, "ANATOMIE SI FIZIOLOGIE UMANA, GENETICA SI ECOLOGIE UMANA": {"medie": 8.444444444444445, "reusita": 88.88888888888889, "cnt": 9}, "INFORMATICA MI C/C++": {"medie": 9.275, "reusita": 100.0, "cnt": 4}}, "nume": "COLEGIUL \"RICHARD WURMBRAND\", IASI\tIa\u0219i"}