{"specializari": {"MATEMATICA-INFORMATICA": 32, "STIINTE ALE NATURII": 31, "FILOLOGIE": 71}, "limba_moderna": {"LIMBA ENGLEZA": 133, "LIMBA FRANCEZA": 1}, "limba_materna": {"LIMBA ROMANA": 134}, "promotie_anterioara": {"NU": 115, "DA": 19}, "materii": {"LIMBA ROMANA": {"medie": 7.542537313432833, "reusita": 99.25373134328358, "cnt": 134}, "GENERAL": {"medie": 7.662781954887218, "reusita": 82.83582089552239, "cnt": 134}, "MATEMATICA MATE-INFO": {"medie": 7.1140625, "reusita": 87.5, "cnt": 32}, "ANATOMIE SI FIZIOLOGIE UMANA, GENETICA SI ECOLOGIE UMANA": {"medie": 8.395535714285712, "reusita": 98.21428571428571, "cnt": 56}, "ISTORIE": {"medie": 7.6878571428571405, "reusita": 97.1830985915493, "cnt": 71}, "GEOGRAFIE": {"medie": 8.103225806451611, "reusita": 96.7741935483871, "cnt": 62}, "MATEMATICA ST-NAT": {"medie": 6.0209677419354835, "reusita": 74.19354838709677, "cnt": 31}, "FIZICA TEO": {"medie": 7.65, "reusita": 100.0, "cnt": 1}, "CHIMIE ORGANICA TEO NIVEL I/II": {"medie": 9.325, "reusita": 100.0, "cnt": 2}, "LOGICA, ARGUMENTARE SI COMUNICARE": {"medie": 9.85, "reusita": 80.0, "cnt": 5}, "INFORMATICA MI C/C++": {"medie": 7.487500000000001, "reusita": 100.0, "cnt": 4}, "PSIHOLOGIE": {"medie": 9.075, "reusita": 100.0, "cnt": 2}, "SOCIOLOGIE": {"medie": 8.025, "reusita": 100.0, "cnt": 2}}, "nume": "COLEGIUL NATIONAL \"OCTAVIAN GOGA\" MARGHITA\tBihor"}