{"specializari": {"FILOLOGIE": 29, "MATEMATICA-INFORMATICA": 34, "STIINTE ALE NATURII": 60, "STIINTE SOCIALE": 33}, "limba_moderna": {"LIMBA ENGLEZA": 148, "LIMBA GERMANA MODERNA": 4, "LIMBA FRANCEZA": 4}, "limba_materna": {"LIMBA ROMANA": 156}, "promotie_anterioara": {"DA": 1, "NU": 155}, "materii": {"LIMBA ROMANA": {"medie": 8.96666666666666, "reusita": 100.0, "cnt": 156}, "GENERAL": {"medie": 9.057799145299144, "reusita": 99.35897435897436, "cnt": 156}, "MATEMATICA MATE-INFO": {"medie": 9.57058823529412, "reusita": 100.0, "cnt": 34}, "ANATOMIE SI FIZIOLOGIE UMANA, GENETICA SI ECOLOGIE UMANA": {"medie": 9.436046511627909, "reusita": 100.0, "cnt": 43}, "ISTORIE": {"medie": 8.866935483870963, "reusita": 100.0, "cnt": 62}, "GEOGRAFIE": {"medie": 8.945454545454545, "reusita": 100.0, "cnt": 33}, "FILOSOFIE": {"medie": 9.8, "reusita": 100.0, "cnt": 1}, "MATEMATICA ST-NAT": {"medie": 8.939166666666665, "reusita": 100.0, "cnt": 60}, "FIZICA TEO": {"medie": 9.53125, "reusita": 100.0, "cnt": 16}, "CHIMIE ORGANICA TEO NIVEL I/II": {"medie": 8.486363636363636, "reusita": 100.0, "cnt": 11}, "LOGICA, ARGUMENTARE SI COMUNICARE": {"medie": 8.811363636363636, "reusita": 100.0, "cnt": 22}, "INFORMATICA MI C/C++": {"medie": 9.684090909090909, "reusita": 100.0, "cnt": 22}, "PSIHOLOGIE": {"medie": 8.283333333333333, "reusita": 100.0, "cnt": 6}, "INFORMATICA SN C/C++": {"medie": 7.775, "reusita": 100.0, "cnt": 2}}, "nume": "COLEGIUL NATIONAL \"UNIREA\" TIRGU MURES\tMure\u0219"}