{"specializari": {"TEHNICIAN IN GASTRONOMIE": 8, "TEHNICIAN IN ACTIVITATI ECONOMICE": 86, "TEHNICIAN IN TURISM": 32, "TEHNICIAN IN ACTIVITATI DE COMERT": 33, "TEHNICIAN IN ADMINISTRATIE": 29}, "limba_moderna": {"LIMBA ENGLEZA": 180, "LIMBA FRANCEZA": 6, "LIMBA ITALIANA": 2}, "limba_materna": {"LIMBA ROMANA": 188}, "promotie_anterioara": {"DA": 17, "NU": 171}, "materii": {"LIMBA ROMANA": {"medie": 7.581117021276598, "reusita": 99.46808510638297, "cnt": 188}, "MATEMATICA TEHN": {"medie": 7.714054054054051, "reusita": 95.74468085106383, "cnt": 188}, "GENERAL": {"medie": 8.028442028985507, "reusita": 93.08510638297872, "cnt": 188}, "GEOGRAFIE": {"medie": 8.734195402298848, "reusita": 99.42857142857143, "cnt": 175}, "LOGICA, ARGUMENTARE SI COMUNICARE": {"medie": 8.64, "reusita": 100.0, "cnt": 10}, "PSIHOLOGIE": {"medie": 7.5, "reusita": 100.0, "cnt": 3}}, "nume": "COLEGIUL ECONOMIC \"TRANSILVANIA\" TIRGU MURES\tMure\u0219"}