{"specializari": {"TEHNICIAN IN ACTIVITATI ECONOMICE": 57, "TEHNICIAN IN AUTOMATIZARI": 34, "TEHNICIAN IN INSTALATII ELECTRICE": 33, "MATEMATICA-INFORMATICA": 51, "TEHNICIAN DE TELECOMUNICATII": 28, "TEHNICIAN TRANSPORTURI": 26, "TEHNICIAN ELECTRONIST": 1}, "limba_moderna": {"LIMBA ENGLEZA": 224, "LIMBA ITALIANA": 5, "LIMBA GERMANA MODERNA": 1}, "limba_materna": {"LIMBA ROMANA": 230}, "promotie_anterioara": {"DA": 40, "NU": 190}, "materii": {"LIMBA ROMANA": {"medie": 6.706304347826086, "reusita": 92.6086956521739, "cnt": 230}, "MATEMATICA TEHN": {"medie": 6.112640449438203, "reusita": 80.44692737430168, "cnt": 179}, "BIOLOGIE VEGETALA SI ANIMALA": {"medie": 5.55409836065574, "reusita": 62.903225806451616, "cnt": 124}, "GENERAL": {"medie": 6.483627019089574, "reusita": 60.43478260869565, "cnt": 230}, "MATEMATICA MATE-INFO": {"medie": 6.315686274509804, "reusita": 86.27450980392157, "cnt": 51}, "ANATOMIE SI FIZIOLOGIE UMANA, GENETICA SI ECOLOGIE UMANA": {"medie": 6.209999999999999, "reusita": 80.0, "cnt": 5}, "FIZICA TEH": {"medie": 2.2, "reusita": 0.0, "cnt": 1}, "GEOGRAFIE": {"medie": 8.563829787234042, "reusita": 100.0, "cnt": 47}, "FIZICA TEO": {"medie": 9.7, "reusita": 100.0, "cnt": 1}, "LOGICA, ARGUMENTARE SI COMUNICARE": {"medie": 8.78, "reusita": 100.0, "cnt": 10}, "INFORMATICA MI C/C++": {"medie": 7.573214285714287, "reusita": 100.0, "cnt": 28}, "CHIMIE ANORGANICA TEH NIVEL I/II": {"medie": 4.770833333333333, "reusita": 50.0, "cnt": 12}, "CHIMIE ORGANICA TEH NIVEL I/II": {"medie": 8.25, "reusita": 100.0, "cnt": 2}}, "nume": "COLEGIUL TEHNIC \"INFOEL\" BISTRITA\tBistri\u021ba-N\u0103s\u0103ud"}