{"specializari": {"TEHNICIAN DESENATOR PENTRU CONSTRUCTII SI INSTALATII": 32, "TEHNICIAN IN ADMINISTRATIE": 28, "TEHNICIAN ECOLOG SI PROTECTIA CALITATII MEDIULUI": 34, "TEHNICIAN IN INDUSTRIA ALIMENTARA": 33, "TEHNICIAN MECANIC PENTRU INTRETINERE SI REPARATII": 55, "TEHNICIAN OPERATOR TEHNICA DE CALCUL": 32, "TEHNICIAN IN INDUSTRIA TEXTILA": 26, "MATEMATICA-INFORMATICA": 16, "TEHNICIAN IN INSTALATII ELECTRICE": 13, "TEHNICIAN ELECTROTEHNIST": 3, "TEHNICIAN IN AUTOMATIZARI": 11, "TEHNICIAN ELECTROMECANIC": 1}, "limba_moderna": {"LIMBA ENGLEZA": 249, "LIMBA FRANCEZA": 35}, "limba_materna": {"LIMBA ROMANA": 284}, "promotie_anterioara": {"DA": 115, "NU": 169}, "materii": {"LIMBA ROMANA": {"medie": 5.604000000000001, "reusita": 72.88732394366197, "cnt": 284}, "MATEMATICA TEHN": {"medie": 5.161196911196911, "reusita": 66.04477611940298, "cnt": 268}, "BIOLOGIE VEGETALA SI ANIMALA": {"medie": 5.1144736842105285, "reusita": 57.49999999999999, "cnt": 160}, "GENERAL": {"medie": 5.532767295597485, "reusita": 38.38028169014084, "cnt": 284}, "MATEMATICA MATE-INFO": {"medie": 3.0142857142857147, "reusita": 31.25, "cnt": 16}, "ANATOMIE SI FIZIOLOGIE UMANA, GENETICA SI ECOLOGIE UMANA": {"medie": 6.640677966101696, "reusita": 95.0, "cnt": 60}, "FIZICA TEH": {"medie": 8.914285714285715, "reusita": 81.25, "cnt": 16}, "GEOGRAFIE": {"medie": 7.657407407407407, "reusita": 96.42857142857143, "cnt": 28}, "FIZICA TEO": {"medie": 5.3428571428571425, "reusita": 66.66666666666666, "cnt": 9}, "CHIMIE ORGANICA TEH NIVEL I/II": {"medie": 5.554545454545455, "reusita": 63.63636363636363, "cnt": 11}}, "nume": "COLEGIUL TEHNIC MOTRU\tGorj"}