{"specializari": {"MATEMATICA-INFORMATICA": 148, "STIINTE ALE NATURII": 25, "FILOLOGIE": 35}, "limba_moderna": {"LIMBA ENGLEZA": 184, "LIMBA FRANCEZA": 20, "LIMBA GERMANA MODERNA": 4}, "limba_materna": {"LIMBA ROMANA": 208}, "promotie_anterioara": {"NU": 208}, "materii": {"LIMBA ROMANA": {"medie": 9.100240384615383, "reusita": 100.0, "cnt": 208}, "BIOLOGIE VEGETALA SI ANIMALA": {"medie": 9.416666666666666, "reusita": 100.0, "cnt": 3}, "GENERAL": {"medie": 8.942708333333337, "reusita": 98.07692307692307, "cnt": 208}, "MATEMATICA MATE-INFO": {"medie": 8.640202702702704, "reusita": 97.97297297297297, "cnt": 148}, "ANATOMIE SI FIZIOLOGIE UMANA, GENETICA SI ECOLOGIE UMANA": {"medie": 9.4671875, "reusita": 100.0, "cnt": 32}, "ISTORIE": {"medie": 9.21857142857143, "reusita": 100.0, "cnt": 35}, "GEOGRAFIE": {"medie": 9.533333333333333, "reusita": 100.0, "cnt": 3}, "MATEMATICA ST-NAT": {"medie": 8.66, "reusita": 100.0, "cnt": 25}, "FIZICA TEO": {"medie": 8.79206349206349, "reusita": 96.82539682539682, "cnt": 63}, "CHIMIE ORGANICA TEO NIVEL I/II": {"medie": 9.167857142857144, "reusita": 96.42857142857143, "cnt": 28}, "LOGICA, ARGUMENTARE SI COMUNICARE": {"medie": 9.096296296296295, "reusita": 100.0, "cnt": 27}, "INFORMATICA MI C/C++": {"medie": 8.75869565217391, "reusita": 100.0, "cnt": 46}, "PSIHOLOGIE": {"medie": 9.55, "reusita": 100.0, "cnt": 2}, "CHIMIE ANORGANICA TEO NIVEL I/II": {"medie": 5.0, "reusita": 100.0, "cnt": 1}, "ECONOMIE": {"medie": 8.833333333333334, "reusita": 100.0, "cnt": 3}}, "nume": "COLEGIUL NATIONAL \"GHEORGHE VRANCEANU\" BACAU\tBac\u0103u"}