{"specializari": {"STIINTE SOCIALE": 33, "STIINTE ALE NATURII": 63, "MATEMATICA-INFORMATICA": 52, "FILOLOGIE": 31}, "limba_moderna": {"LIMBA FRANCEZA": 38, "LIMBA ENGLEZA": 141}, "limba_materna": {"LIMBA ROMANA": 179}, "promotie_anterioara": {"NU": 171, "DA": 8}, "materii": {"LIMBA ROMANA": {"medie": 8.166759776536313, "reusita": 100.0, "cnt": 179}, "BIOLOGIE VEGETALA SI ANIMALA": {"medie": 5.375, "reusita": 50.0, "cnt": 2}, "GENERAL": {"medie": 8.26973929236499, "reusita": 93.29608938547486, "cnt": 179}, "MATEMATICA MATE-INFO": {"medie": 7.536538461538459, "reusita": 90.38461538461539, "cnt": 52}, "ANATOMIE SI FIZIOLOGIE UMANA, GENETICA SI ECOLOGIE UMANA": {"medie": 8.362037037037041, "reusita": 96.29629629629629, "cnt": 54}, "ISTORIE": {"medie": 8.630468749999999, "reusita": 100.0, "cnt": 64}, "GEOGRAFIE": {"medie": 9.03947368421053, "reusita": 100.0, "cnt": 38}, "FILOSOFIE": {"medie": 7.375, "reusita": 100.0, "cnt": 2}, "MATEMATICA ST-NAT": {"medie": 8.104761904761904, "reusita": 98.4126984126984, "cnt": 63}, "FIZICA TEO": {"medie": 8.756249999999998, "reusita": 100.0, "cnt": 16}, "CHIMIE ORGANICA TEO NIVEL I/II": {"medie": 8.788235294117648, "reusita": 100.0, "cnt": 17}, "LOGICA, ARGUMENTARE SI COMUNICARE": {"medie": 8.6375, "reusita": 100.0, "cnt": 16}, "INFORMATICA MI C/C++": {"medie": 8.326086956521738, "reusita": 100.0, "cnt": 23}, "PSIHOLOGIE": {"medie": 8.860000000000001, "reusita": 100.0, "cnt": 5}, "SOCIOLOGIE": {"medie": 6.1, "reusita": 100.0, "cnt": 1}, "ECONOMIE": {"medie": 5.375, "reusita": 100.0, "cnt": 2}, "INFORMATICA SN C/C++": {"medie": 7.75, "reusita": 66.66666666666666, "cnt": 3}}, "nume": "COLEGIUL NATIONAL \"GRIGORE MOISIL\" ONESTI\tBac\u0103u"}