{"specializari": {"TEHNICIAN IN ACTIVITATI DE COMERT": 53, "TEHNICIAN IN GASTRONOMIE": 28, "TEHNICIAN IN ACTIVITATI ECONOMICE": 116, "TEHNICIAN IN ADMINISTRATIE": 29}, "limba_moderna": {"LIMBA FRANCEZA": 38, "LIMBA ENGLEZA": 188}, "limba_materna": {"LIMBA ROMANA": 226}, "promotie_anterioara": {"DA": 17, "NU": 209}, "materii": {"LIMBA ROMANA": {"medie": 7.2984375, "reusita": 99.11504424778761, "cnt": 226}, "MATEMATICA TEHN": {"medie": 6.647098214285715, "reusita": 89.38053097345133, "cnt": 226}, "GENERAL": {"medie": 7.22671130952381, "reusita": 80.97345132743364, "cnt": 226}, "GEOGRAFIE": {"medie": 8.215137614678898, "reusita": 96.3963963963964, "cnt": 111}, "LOGICA, ARGUMENTARE SI COMUNICARE": {"medie": 7.265178571428568, "reusita": 82.14285714285714, "cnt": 112}, "PSIHOLOGIE": {"medie": 7.35, "reusita": 100.0, "cnt": 2}, "ECONOMIE": {"medie": 8.7, "reusita": 100.0, "cnt": 1}}, "nume": "COLEGIUL ECONOMIC MUNICIPIUL BUZAU\tBuz\u0103u"}