{"specializari": {"MATEMATICA-INFORMATICA": 27, "STIINTE ALE NATURII": 28, "FILOLOGIE": 27}, "limba_moderna": {"LIMBA ENGLEZA": 82}, "limba_materna": {"LIMBA GERMANA": 82}, "promotie_anterioara": {"NU": 82}, "materii": {"LIMBA ROMANA": {"medie": 8.546296296296296, "reusita": 98.78048780487805, "cnt": 82}, "BIOLOGIE VEGETALA SI ANIMALA": {"medie": 9.2, "reusita": 83.33333333333334, "cnt": 6}, "GENERAL": {"medie": 8.41651234567901, "reusita": 95.1219512195122, "cnt": 82}, "MATEMATICA MATE-INFO": {"medie": 8.016666666666667, "reusita": 100.0, "cnt": 27}, "ANATOMIE SI FIZIOLOGIE UMANA, GENETICA SI ECOLOGIE UMANA": {"medie": 9.114285714285714, "reusita": 100.0, "cnt": 7}, "ISTORIE": {"medie": 8.674074074074074, "reusita": 100.0, "cnt": 27}, "GEOGRAFIE": {"medie": 8.125, "reusita": 100.0, "cnt": 2}, "MATEMATICA ST-NAT": {"medie": 7.703703703703705, "reusita": 92.85714285714286, "cnt": 28}, "FIZICA TEO": {"medie": 8.3296875, "reusita": 93.75, "cnt": 32}, "CHIMIE ORGANICA TEO NIVEL I/II": {"medie": 9.21, "reusita": 100.0, "cnt": 5}, "LOGICA, ARGUMENTARE SI COMUNICARE": {"medie": 8.533333333333335, "reusita": 100.0, "cnt": 21}, "INFORMATICA MI C/C++": {"medie": 8.516666666666667, "reusita": 100.0, "cnt": 3}, "PSIHOLOGIE": {"medie": 9.35, "reusita": 100.0, "cnt": 1}, "LIMBA GERMANA": {"medie": 8.477160493827164, "reusita": 98.78048780487805, "cnt": 82}, "SOCIOLOGIE": {"medie": 7.4, "reusita": 100.0, "cnt": 1}, "ECONOMIE": {"medie": 6.425, "reusita": 100.0, "cnt": 2}, "INFORMATICA SN C/C++": {"medie": 8.2, "reusita": 100.0, "cnt": 2}}, "nume": "COLEGIUL GERMAN \"GOETHE\"\tBucure\u0219ti"}