{"specializari": {"MATEMATICA-INFORMATICA": 114, "FILOLOGIE": 61}, "limba_moderna": {"LIMBA ENGLEZA": 167, "LIMBA FRANCEZA": 8}, "limba_materna": {"LIMBA ROMANA": 175}, "promotie_anterioara": {"DA": 4, "NU": 171}, "materii": {"LIMBA ROMANA": {"medie": 8.578571428571424, "reusita": 100.0, "cnt": 175}, "GENERAL": {"medie": 8.69152380952381, "reusita": 98.85714285714286, "cnt": 175}, "MATEMATICA MATE-INFO": {"medie": 8.471491228070178, "reusita": 99.12280701754386, "cnt": 114}, "ANATOMIE SI FIZIOLOGIE UMANA, GENETICA SI ECOLOGIE UMANA": {"medie": 9.441428571428572, "reusita": 100.0, "cnt": 35}, "ISTORIE": {"medie": 9.200819672131152, "reusita": 100.0, "cnt": 61}, "GEOGRAFIE": {"medie": 8.790999999999997, "reusita": 100.0, "cnt": 50}, "FIZICA TEO": {"medie": 8.904545454545456, "reusita": 100.0, "cnt": 33}, "CHIMIE ORGANICA TEO NIVEL I/II": {"medie": 8.961111111111112, "reusita": 100.0, "cnt": 9}, "INFORMATICA MI C/C++": {"medie": 7.9783783783783795, "reusita": 100.0, "cnt": 37}, "PSIHOLOGIE": {"medie": 8.364285714285716, "reusita": 100.0, "cnt": 7}, "SOCIOLOGIE": {"medie": 8.8, "reusita": 100.0, "cnt": 1}, "ECONOMIE": {"medie": 9.25, "reusita": 100.0, "cnt": 3}}, "nume": "COLEGIUL NATIONAL \"CONSTANTIN CARABELLA\" TARGOVISTE\tD\u00e2mbovi\u021ba"}