{"specializari": {"FILOLOGIE": 27, "MATEMATICA-INFORMATICA": 195, "STIINTE ALE NATURII": 31}, "limba_moderna": {"LIMBA ENGLEZA": 241, "LIMBA FRANCEZA": 6, "LIMBA GERMANA MODERNA": 6}, "limba_materna": {"LIMBA ROMANA": 253}, "promotie_anterioara": {"NU": 252, "DA": 1}, "materii": {"LIMBA ROMANA": {"medie": 9.33932806324111, "reusita": 100.0, "cnt": 253}, "BIOLOGIE VEGETALA SI ANIMALA": {"medie": 8.556249999999999, "reusita": 100.0, "cnt": 8}, "GENERAL": {"medie": 9.434057971014493, "reusita": 99.2094861660079, "cnt": 253}, "MATEMATICA MATE-INFO": {"medie": 9.407179487179485, "reusita": 99.48717948717949, "cnt": 195}, "ANATOMIE SI FIZIOLOGIE UMANA, GENETICA SI ECOLOGIE UMANA": {"medie": 9.411363636363635, "reusita": 95.45454545454545, "cnt": 22}, "ISTORIE": {"medie": 9.624074074074075, "reusita": 100.0, "cnt": 27}, "GEOGRAFIE": {"medie": 10.0, "reusita": 100.0, "cnt": 1}, "MATEMATICA ST-NAT": {"medie": 9.606451612903227, "reusita": 100.0, "cnt": 31}, "FIZICA TEO": {"medie": 9.719186046511627, "reusita": 100.0, "cnt": 86}, "CHIMIE ORGANICA TEO NIVEL I/II": {"medie": 9.655932203389833, "reusita": 100.0, "cnt": 59}, "LOGICA, ARGUMENTARE SI COMUNICARE": {"medie": 9.395833333333334, "reusita": 100.0, "cnt": 12}, "INFORMATICA MI C/C++": {"medie": 9.266666666666667, "reusita": 97.91666666666666, "cnt": 48}, "CHIMIE ANORGANICA TEO NIVEL I/II": {"medie": 9.9, "reusita": 100.0, "cnt": 2}, "SOCIOLOGIE": {"medie": 8.2125, "reusita": 100.0, "cnt": 4}, "ECONOMIE": {"medie": 9.45, "reusita": 100.0, "cnt": 10}, "INFORMATICA SN C/C++": {"medie": 9.8, "reusita": 100.0, "cnt": 1}}, "nume": "COLEGIUL NATIONAL \"SFANTUL SAVA\"\tBucure\u0219ti"}