{"specializari": {"TEHNICIAN IN ACTIVITATI ECONOMICE": 259, "TEHNICIAN IN TURISM": 62}, "limba_moderna": {"LIMBA ENGLEZA": 305, "LIMBA ITALIANA": 5, "LIMBA GERMANA MODERNA": 2, "LIMBA RUSA": 5, "LIMBA FRANCEZA": 4}, "limba_materna": {"LIMBA ROMANA": 321}, "promotie_anterioara": {"NU": 320, "DA": 1}, "materii": {"LIMBA ROMANA": {"medie": 8.205, "reusita": 99.37694704049844, "cnt": 321}, "MATEMATICA TEHN": {"medie": 8.330781250000005, "reusita": 99.06542056074767, "cnt": 321}, "GENERAL": {"medie": 8.533750000000003, "reusita": 98.75389408099689, "cnt": 321}, "GEOGRAFIE": {"medie": 9.230769230769225, "reusita": 99.59677419354838, "cnt": 248}, "LOGICA, ARGUMENTARE SI COMUNICARE": {"medie": 8.798, "reusita": 100.0, "cnt": 50}, "PSIHOLOGIE": {"medie": 8.11111111111111, "reusita": 100.0, "cnt": 9}, "ECONOMIE": {"medie": 7.7178571428571425, "reusita": 100.0, "cnt": 14}}, "nume": "COLEGIUL ECONOMIC \"V. MADGEARU\"\tBucure\u0219ti"}