{"specializari": {"MATEMATICA-INFORMATICA": 120, "STIINTE ALE NATURII": 67, "FILOLOGIE": 55, "STIINTE SOCIALE": 60}, "limba_moderna": {"LIMBA ENGLEZA": 291, "LIMBA FRANCEZA": 9, "LIMBA GERMANA MODERNA": 2}, "limba_materna": {"LIMBA ROMANA": 302}, "promotie_anterioara": {"NU": 302}, "materii": {"LIMBA ROMANA": {"medie": 8.930132450331126, "reusita": 100.0, "cnt": 302}, "BIOLOGIE VEGETALA SI ANIMALA": {"medie": 9.391666666666667, "reusita": 100.0, "cnt": 6}, "GENERAL": {"medie": 9.219260485651215, "reusita": 99.00662251655629, "cnt": 302}, "MATEMATICA MATE-INFO": {"medie": 9.243333333333336, "reusita": 100.0, "cnt": 120}, "ANATOMIE SI FIZIOLOGIE UMANA, GENETICA SI ECOLOGIE UMANA": {"medie": 9.440000000000001, "reusita": 100.0, "cnt": 10}, "ISTORIE": {"medie": 9.670434782608698, "reusita": 100.0, "cnt": 115}, "GEOGRAFIE": {"medie": 9.451315789473687, "reusita": 100.0, "cnt": 38}, "MATEMATICA ST-NAT": {"medie": 9.126119402985076, "reusita": 100.0, "cnt": 67}, "FIZICA TEO": {"medie": 9.39109589041096, "reusita": 98.63013698630137, "cnt": 73}, "CHIMIE ORGANICA TEO NIVEL I/II": {"medie": 9.254861111111108, "reusita": 100.0, "cnt": 72}, "LOGICA, ARGUMENTARE SI COMUNICARE": {"medie": 9.327906976744188, "reusita": 95.34883720930233, "cnt": 43}, "INFORMATICA MI C/C++": {"medie": 9.403846153846155, "reusita": 100.0, "cnt": 26}, "PSIHOLOGIE": {"medie": 9.065000000000001, "reusita": 100.0, "cnt": 10}, "SOCIOLOGIE": {"medie": 9.675, "reusita": 100.0, "cnt": 8}, "ECONOMIE": {"medie": 9.221874999999999, "reusita": 100.0, "cnt": 16}}, "nume": "COLEGIUL NATIONAL \"B. P. HASDEU\" MUNICIPIUL BUZAU\tBuz\u0103u"}