{"specializari": {"MATEMATICA-INFORMATICA": 35, "FILOLOGIE": 59, "STIINTE SOCIALE": 30, "INVATATOR - EDUCATOARE": 27, "STIINTE ALE NATURII": 30}, "limba_moderna": {"LIMBA ENGLEZA": 179, "LIMBA FRANCEZA": 2}, "limba_materna": {"LIMBA ROMANA": 181}, "promotie_anterioara": {"NU": 177, "DA": 4}, "materii": {"LIMBA ROMANA": {"medie": 8.343370165745851, "reusita": 100.0, "cnt": 181}, "BIOLOGIE VEGETALA SI ANIMALA": {"medie": 5.05, "reusita": 100.0, "cnt": 1}, "GENERAL": {"medie": 8.404696132596689, "reusita": 97.23756906077348, "cnt": 181}, "MATEMATICA MATE-INFO": {"medie": 8.09428571428571, "reusita": 97.14285714285714, "cnt": 35}, "ANATOMIE SI FIZIOLOGIE UMANA, GENETICA SI ECOLOGIE UMANA": {"medie": 8.59268292682927, "reusita": 100.0, "cnt": 41}, "ISTORIE": {"medie": 8.237078651685394, "reusita": 100.0, "cnt": 89}, "GEOGRAFIE": {"medie": 8.888181818181819, "reusita": 99.0909090909091, "cnt": 110}, "MATEMATICA ST-NAT": {"medie": 7.948333333333334, "reusita": 100.0, "cnt": 30}, "CHIMIE ORGANICA TEO NIVEL I/II": {"medie": 9.725, "reusita": 100.0, "cnt": 2}, "INFORMATICA MI C/C++": {"medie": 8.364285714285714, "reusita": 100.0, "cnt": 21}, "PSIHOLOGIE": {"medie": 8.95, "reusita": 100.0, "cnt": 6}, "MATEMATICA PED": {"medie": 7.95925925925926, "reusita": 100.0, "cnt": 27}}, "nume": "COLEGIUL NATIONAL \"IOAN SLAVICI\" SATU MARE\tSatu-Mare"}