{"specializari": {"STIINTE SOCIALE": 35, "STIINTE ALE NATURII": 51, "MATEMATICA-INFORMATICA": 24, "FILOLOGIE": 36}, "limba_moderna": {"LIMBA ENGLEZA": 137, "LIMBA FRANCEZA": 9}, "limba_materna": {"LIMBA ROMANA": 146}, "promotie_anterioara": {"NU": 140, "DA": 6}, "materii": {"LIMBA ROMANA": {"medie": 8.033448275862069, "reusita": 99.31506849315068, "cnt": 146}, "BIOLOGIE VEGETALA SI ANIMALA": {"medie": 6.762499999999999, "reusita": 100.0, "cnt": 4}, "GENERAL": {"medie": 7.920254629629631, "reusita": 86.98630136986301, "cnt": 146}, "MATEMATICA MATE-INFO": {"medie": 6.539583333333334, "reusita": 91.66666666666666, "cnt": 24}, "ANATOMIE SI FIZIOLOGIE UMANA, GENETICA SI ECOLOGIE UMANA": {"medie": 7.636046511627907, "reusita": 90.9090909090909, "cnt": 44}, "ISTORIE": {"medie": 8.607042253521131, "reusita": 100.0, "cnt": 71}, "GEOGRAFIE": {"medie": 9.16346153846154, "reusita": 100.0, "cnt": 26}, "MATEMATICA ST-NAT": {"medie": 6.997000000000001, "reusita": 86.27450980392157, "cnt": 51}, "FIZICA TEO": {"medie": 4.9, "reusita": 33.33333333333333, "cnt": 3}, "CHIMIE ORGANICA TEO NIVEL I/II": {"medie": 9.5, "reusita": 100.0, "cnt": 1}, "LOGICA, ARGUMENTARE SI COMUNICARE": {"medie": 8.133749999999997, "reusita": 90.2439024390244, "cnt": 41}, "INFORMATICA MI C/C++": {"medie": 8.335714285714285, "reusita": 100.0, "cnt": 7}, "PSIHOLOGIE": {"medie": 8.5, "reusita": 100.0, "cnt": 1}, "CHIMIE ANORGANICA TEO NIVEL I/II": {"medie": 7.438461538461539, "reusita": 100.0, "cnt": 13}, "SOCIOLOGIE": {"medie": 8.983333333333334, "reusita": 100.0, "cnt": 3}, "INFORMATICA SN C/C++": {"medie": 5.383333333333333, "reusita": 66.66666666666666, "cnt": 3}}, "nume": "COLEGIUL \"MIHAI EMINESCU\" BACAU\tBac\u0103u"}