{"specializari": {"TEOLOGIE GRECO-CATOLICA": 3, "STIINTE SOCIALE": 30, "STIINTE ALE NATURII": 57, "MATEMATICA-INFORMATICA": 30, "FILOLOGIE": 59}, "limba_moderna": {"LIMBA ENGLEZA": 137, "LIMBA GERMANA MODERNA": 20, "LIMBA FRANCEZA": 21, "LIMBA ITALIANA": 1}, "limba_materna": {"LIMBA ROMANA": 179}, "promotie_anterioara": {"DA": 12, "NU": 167}, "materii": {"LIMBA ROMANA": {"medie": 8.04497206703911, "reusita": 100.0, "cnt": 179}, "BIOLOGIE VEGETALA SI ANIMALA": {"medie": 8.188235294117646, "reusita": 100.0, "cnt": 17}, "GENERAL": {"medie": 7.954868913857682, "reusita": 91.06145251396647, "cnt": 179}, "MATEMATICA MATE-INFO": {"medie": 8.055, "reusita": 100.0, "cnt": 30}, "ANATOMIE SI FIZIOLOGIE UMANA, GENETICA SI ECOLOGIE UMANA": {"medie": 8.557608695652174, "reusita": 97.87234042553192, "cnt": 47}, "ISTORIE": {"medie": 8.08641304347826, "reusita": 100.0, "cnt": 92}, "GEOGRAFIE": {"medie": 7.876712328767127, "reusita": 98.63013698630137, "cnt": 73}, "FILOSOFIE": {"medie": 8.8, "reusita": 100.0, "cnt": 1}, "MATEMATICA ST-NAT": {"medie": 6.8605263157894765, "reusita": 89.47368421052632, "cnt": 57}, "CHIMIE ORGANICA TEO NIVEL I/II": {"medie": 7.885714285714285, "reusita": 100.0, "cnt": 7}, "LOGICA, ARGUMENTARE SI COMUNICARE": {"medie": 8.72, "reusita": 100.0, "cnt": 10}, "INFORMATICA MI C/C++": {"medie": 7.386666666666668, "reusita": 93.33333333333333, "cnt": 15}, "PSIHOLOGIE": {"medie": 7.70625, "reusita": 100.0, "cnt": 8}, "INFORMATICA SN C/C++": {"medie": 7.3, "reusita": 100.0, "cnt": 1}}, "nume": "COLEGIUL NATIONAL \"DOAMNA STANCA\" SATU MARE\tSatu-Mare"}