{"specializari": {"MATEMATICA-INFORMATICA": 82, "FILOLOGIE": 27, "STIINTE SOCIALE": 32, "LICEU CU PROGRAM SPORTIV": 39, "STIINTE ALE NATURII": 52}, "limba_moderna": {"LIMBA ENGLEZA": 167, "LIMBA GERMANA MODERNA": 25, "LIMBA FRANCEZA": 40}, "limba_materna": {"LIMBA ROMANA": 232}, "promotie_anterioara": {"NU": 224, "DA": 8}, "materii": {"LIMBA ROMANA": {"medie": 8.623478260869563, "reusita": 97.84482758620689, "cnt": 232}, "BIOLOGIE VEGETALA SI ANIMALA": {"medie": 9.633333333333333, "reusita": 100.0, "cnt": 3}, "GENERAL": {"medie": 8.64264919941776, "reusita": 93.10344827586206, "cnt": 232}, "MATEMATICA MATE-INFO": {"medie": 8.974374999999997, "reusita": 97.5609756097561, "cnt": 82}, "ANATOMIE SI FIZIOLOGIE UMANA, GENETICA SI ECOLOGIE UMANA": {"medie": 9.278888888888886, "reusita": 97.82608695652173, "cnt": 46}, "ISTORIE": {"medie": 7.6153061224489775, "reusita": 91.83673469387756, "cnt": 98}, "GEOGRAFIE": {"medie": 8.492105263157894, "reusita": 98.68421052631578, "cnt": 76}, "FILOSOFIE": {"medie": 6.8, "reusita": 100.0, "cnt": 1}, "MATEMATICA ST-NAT": {"medie": 8.807843137254897, "reusita": 98.07692307692307, "cnt": 52}, "FIZICA TEO": {"medie": 9.10978260869565, "reusita": 100.0, "cnt": 46}, "CHIMIE ORGANICA TEO NIVEL I/II": {"medie": 9.69375, "reusita": 100.0, "cnt": 8}, "LOGICA, ARGUMENTARE SI COMUNICARE": {"medie": 6.8999999999999995, "reusita": 71.42857142857143, "cnt": 7}, "INFORMATICA MI C/C++": {"medie": 9.315517241379311, "reusita": 93.54838709677419, "cnt": 31}, "PSIHOLOGIE": {"medie": 9.1, "reusita": 100.0, "cnt": 6}, "SOCIOLOGIE": {"medie": 9.471428571428572, "reusita": 100.0, "cnt": 7}, "ECONOMIE": {"medie": 8.25, "reusita": 100.0, "cnt": 1}}, "nume": "COLEGIUL NATIONAL MIRCEA CEL BATRAN, MUN. RM. VALCEA\tV\u00e2lcea"}