{"specializari": {"FILOLOGIE": 70, "MATEMATICA-INFORMATICA": 62, "STIINTE ALE NATURII": 30}, "limba_moderna": {"LIMBA ENGLEZA": 159, "LIMBA FRANCEZA": 3}, "limba_materna": {"LIMBA ROMANA": 162}, "promotie_anterioara": {"NU": 156, "DA": 6}, "materii": {"LIMBA ROMANA": {"medie": 8.21265432098766, "reusita": 100.0, "cnt": 162}, "BIOLOGIE VEGETALA SI ANIMALA": {"medie": 6.441666666666666, "reusita": 100.0, "cnt": 6}, "GENERAL": {"medie": 8.145061728395063, "reusita": 90.12345679012346, "cnt": 162}, "MATEMATICA MATE-INFO": {"medie": 6.81774193548387, "reusita": 85.48387096774194, "cnt": 62}, "ANATOMIE SI FIZIOLOGIE UMANA, GENETICA SI ECOLOGIE UMANA": {"medie": 8.366, "reusita": 96.0, "cnt": 25}, "ISTORIE": {"medie": 8.72857142857143, "reusita": 100.0, "cnt": 70}, "GEOGRAFIE": {"medie": 9.112000000000002, "reusita": 100.0, "cnt": 25}, "MATEMATICA ST-NAT": {"medie": 8.120000000000001, "reusita": 96.66666666666667, "cnt": 30}, "FIZICA TEO": {"medie": 8.272222222222222, "reusita": 100.0, "cnt": 27}, "CHIMIE ORGANICA TEO NIVEL I/II": {"medie": 8.338095238095239, "reusita": 95.23809523809523, "cnt": 21}, "LOGICA, ARGUMENTARE SI COMUNICARE": {"medie": 8.360810810810811, "reusita": 100.0, "cnt": 37}, "INFORMATICA MI C/C++": {"medie": 7.866666666666667, "reusita": 100.0, "cnt": 12}, "PSIHOLOGIE": {"medie": 7.799999999999999, "reusita": 75.0, "cnt": 4}, "SOCIOLOGIE": {"medie": 9.1375, "reusita": 100.0, "cnt": 4}, "INFORMATICA SN C/C++": {"medie": 5.2, "reusita": 100.0, "cnt": 1}}, "nume": "COLEGIUL NATIONAL \"VASILE GOLDIS\" ARAD\tArad"}