{"specializari": {"TEHNICIAN MECANIC PENTRU INTRETINERE SI REPARATII": 3, "TEHNICIAN IN HOTELARIE": 25, "TEHNICIAN IN TURISM": 6}, "limba_moderna": {"LIMBA ENGLEZA": 32, "LIMBA FRANCEZA": 2}, "limba_materna": {"LIMBA ROMANA": 34}, "promotie_anterioara": {"DA": 15, "NU": 19}, "materii": {"LIMBA ROMANA": {"medie": 6.304687499999999, "reusita": 85.29411764705883, "cnt": 34}, "MATEMATICA TEHN": {"medie": 5.868333333333336, "reusita": 67.64705882352942, "cnt": 34}, "GENERAL": {"medie": 6.651666666666667, "reusita": 58.82352941176471, "cnt": 34}, "GEOGRAFIE": {"medie": 7.782258064516129, "reusita": 96.7741935483871, "cnt": 31}, "CHIMIE ANORGANICA TEH NIVEL I/II": {"medie": 5.15, "reusita": 66.66666666666666, "cnt": 3}}, "nume": "COLEGIUL ECONOMIC \"PINTEA VITEAZUL\" CAVNIC\tMaramure\u0219"}