{"specializari": {"STIINTE SOCIALE": 36, "STIINTE ALE NATURII": 50, "MATEMATICA-INFORMATICA": 82, "FILOLOGIE": 67}, "limba_moderna": {"LIMBA ENGLEZA": 230, "LIMBA FRANCEZA": 5}, "limba_materna": {"LIMBA ROMANA": 235}, "promotie_anterioara": {"NU": 230, "DA": 5}, "materii": {"LIMBA ROMANA": {"medie": 8.439787234042551, "reusita": 100.0, "cnt": 235}, "BIOLOGIE VEGETALA SI ANIMALA": {"medie": 8.3, "reusita": 100.0, "cnt": 2}, "GENERAL": {"medie": 8.300709219858154, "reusita": 89.7872340425532, "cnt": 235}, "MATEMATICA MATE-INFO": {"medie": 7.562804878048778, "reusita": 91.46341463414635, "cnt": 82}, "ANATOMIE SI FIZIOLOGIE UMANA, GENETICA SI ECOLOGIE UMANA": {"medie": 8.703623188405794, "reusita": 100.0, "cnt": 69}, "ISTORIE": {"medie": 8.466504854368928, "reusita": 99.02912621359224, "cnt": 103}, "GEOGRAFIE": {"medie": 9.080645161290322, "reusita": 100.0, "cnt": 31}, "MATEMATICA ST-NAT": {"medie": 7.449000000000001, "reusita": 90.0, "cnt": 50}, "FIZICA TEO": {"medie": 8.233333333333329, "reusita": 91.11111111111111, "cnt": 45}, "CHIMIE ORGANICA TEO NIVEL I/II": {"medie": 9.45, "reusita": 100.0, "cnt": 2}, "LOGICA, ARGUMENTARE SI COMUNICARE": {"medie": 8.26759259259259, "reusita": 92.5925925925926, "cnt": 54}, "INFORMATICA MI C/C++": {"medie": 8.696428571428571, "reusita": 100.0, "cnt": 14}, "PSIHOLOGIE": {"medie": 8.892857142857144, "reusita": 100.0, "cnt": 7}, "SOCIOLOGIE": {"medie": 6.1, "reusita": 100.0, "cnt": 1}, "ECONOMIE": {"medie": 7.94, "reusita": 90.0, "cnt": 10}}, "nume": "COLEGIUL NATIONAL \"RADU GRECEANU\" SLATINA\tOlt"}