{"specializari": {"TEHNICIAN IN TURISM": 18, "TEHNICIAN IN HOTELARIE": 23, "TEHNICIAN IN ACTIVITATI ECONOMICE": 20, "TEHNICIAN TRANSPORTURI": 44, "TEHNICIAN MECATRONIST": 13, "TEHNICIAN OPERATOR TEHNICA DE CALCUL": 3, "TEHNICIAN IN CONSTRUCTII SI LUCRARI PUBLICE": 1, "TEHNICIAN DESENATOR PENTRU CONSTRUCTII SI INSTALATII": 2}, "limba_moderna": {"LIMBA ENGLEZA": 124}, "limba_materna": {"LIMBA ROMANA": 124}, "promotie_anterioara": {"NU": 95, "DA": 29}, "materii": {"LIMBA ROMANA": {"medie": 5.675833333333334, "reusita": 78.2258064516129, "cnt": 124}, "MATEMATICA TEHN": {"medie": 4.310084033613445, "reusita": 45.96774193548387, "cnt": 124}, "BIOLOGIE VEGETALA SI ANIMALA": {"medie": 3.2705357142857134, "reusita": 16.39344262295082, "cnt": 61}, "GENERAL": {"medie": 5.084051724137931, "reusita": 31.451612903225808, "cnt": 124}, "FIZICA TEH": {"medie": 3.4, "reusita": 0.0, "cnt": 1}, "GEOGRAFIE": {"medie": 7.483673469387755, "reusita": 92.0, "cnt": 50}, "LOGICA, ARGUMENTARE SI COMUNICARE": {"medie": 6.7, "reusita": 100.0, "cnt": 1}, "PSIHOLOGIE": {"medie": 6.55, "reusita": 88.88888888888889, "cnt": 9}, "ECONOMIE": {"medie": 5.4, "reusita": 100.0, "cnt": 1}, "CHIMIE ANORGANICA TEH NIVEL I/II": {"medie": 2.4, "reusita": 0.0, "cnt": 1}}, "nume": "COLEGIUL TEHNIC \"MIRON COSTIN\", MUNICIPIUL ROMAN\tNeam\u021b"}