{"specializari": {"FILOLOGIE": 150, "MATEMATICA-INFORMATICA": 65, "STIINTE ALE NATURII": 62}, "limba_moderna": {"LIMBA ENGLEZA": 230, "LIMBA SPANIOLA": 7, "LIMBA GERMANA MODERNA": 15, "LIMBA FRANCEZA": 25}, "limba_materna": {"LIMBA ROMANA": 277}, "promotie_anterioara": {"NU": 277}, "materii": {"LIMBA ROMANA": {"medie": 8.862815884476534, "reusita": 99.63898916967509, "cnt": 277}, "BIOLOGIE VEGETALA SI ANIMALA": {"medie": 9.9, "reusita": 100.0, "cnt": 1}, "GENERAL": {"medie": 8.865579710144928, "reusita": 98.19494584837545, "cnt": 277}, "MATEMATICA MATE-INFO": {"medie": 8.05390625, "reusita": 95.38461538461539, "cnt": 65}, "ANATOMIE SI FIZIOLOGIE UMANA, GENETICA SI ECOLOGIE UMANA": {"medie": 9.306923076923079, "reusita": 98.48484848484848, "cnt": 66}, "ISTORIE": {"medie": 9.064999999999996, "reusita": 100.0, "cnt": 150}, "GEOGRAFIE": {"medie": 9.45, "reusita": 100.0, "cnt": 5}, "MATEMATICA ST-NAT": {"medie": 8.397580645161288, "reusita": 100.0, "cnt": 62}, "FIZICA TEO": {"medie": 8.96764705882353, "reusita": 100.0, "cnt": 17}, "CHIMIE ORGANICA TEO NIVEL I/II": {"medie": 8.572222222222223, "reusita": 100.0, "cnt": 9}, "LOGICA, ARGUMENTARE SI COMUNICARE": {"medie": 9.153543307086611, "reusita": 100.0, "cnt": 127}, "INFORMATICA MI C/C++": {"medie": 8.208823529411765, "reusita": 97.05882352941177, "cnt": 34}, "PSIHOLOGIE": {"medie": 9.466666666666667, "reusita": 100.0, "cnt": 3}, "SOCIOLOGIE": {"medie": 8.749999999999998, "reusita": 100.0, "cnt": 11}, "ECONOMIE": {"medie": 8.8, "reusita": 100.0, "cnt": 4}}, "nume": "COLEGIUL NATIONAL \"ELENA CUZA\" CRAIOVA\tDolj"}