{"specializari": {"MATEMATICA-INFORMATICA": 63, "STIINTE ALE NATURII": 33, "FILOLOGIE": 31, "INVATATOR - EDUCATOARE": 26, "STIINTE SOCIALE": 5}, "limba_moderna": {"LIMBA ENGLEZA": 139, "LIMBA GERMANA MODERNA": 7, "LIMBA FRANCEZA": 12}, "limba_materna": {"LIMBA ROMANA": 158}, "promotie_anterioara": {"NU": 149, "DA": 9}, "materii": {"LIMBA ROMANA": {"medie": 8.039240506329115, "reusita": 100.0, "cnt": 158}, "GENERAL": {"medie": 8.082172995780594, "reusita": 85.44303797468355, "cnt": 158}, "MATEMATICA MATE-INFO": {"medie": 7.624603174603178, "reusita": 88.88888888888889, "cnt": 63}, "ANATOMIE SI FIZIOLOGIE UMANA, GENETICA SI ECOLOGIE UMANA": {"medie": 9.1609375, "reusita": 98.4375, "cnt": 64}, "ISTORIE": {"medie": 8.345833333333333, "reusita": 100.0, "cnt": 36}, "GEOGRAFIE": {"medie": 7.643478260869564, "reusita": 95.65217391304348, "cnt": 23}, "MATEMATICA ST-NAT": {"medie": 8.051515151515153, "reusita": 100.0, "cnt": 33}, "INFORMATICA MI PASCAL": {"medie": 8.629999999999999, "reusita": 100.0, "cnt": 15}, "FIZICA TEO": {"medie": 5.0, "reusita": 100.0, "cnt": 1}, "LOGICA, ARGUMENTARE SI COMUNICARE": {"medie": 7.616666666666665, "reusita": 80.0, "cnt": 30}, "INFORMATICA MI C/C++": {"medie": 9.353125, "reusita": 100.0, "cnt": 16}, "PSIHOLOGIE": {"medie": 9.15, "reusita": 100.0, "cnt": 1}, "SOCIOLOGIE": {"medie": 8.9875, "reusita": 100.0, "cnt": 8}, "MATEMATICA PED": {"medie": 6.096153846153846, "reusita": 76.92307692307693, "cnt": 26}}, "nume": "COLEGIUL NATIONAL \"INOCHENTIE MICU CLAIN\" BLAJ\tAlba"}