{"specializari": {"MATEMATICA-INFORMATICA": 103, "STIINTE ALE NATURII": 30, "STIINTE SOCIALE": 36}, "limba_moderna": {"LIMBA ENGLEZA": 143, "LIMBA FRANCEZA": 15, "LIMBA SPANIOLA": 5, "LIMBA GERMANA MODERNA": 6}, "limba_materna": {"LIMBA ROMANA": 169}, "promotie_anterioara": {"NU": 169}, "materii": {"LIMBA ROMANA": {"medie": 8.667455621301777, "reusita": 100.0, "cnt": 169}, "GENERAL": {"medie": 8.342261904761905, "reusita": 94.67455621301775, "cnt": 169}, "MATEMATICA MATE-INFO": {"medie": 7.637864077669903, "reusita": 96.11650485436894, "cnt": 103}, "ANATOMIE SI FIZIOLOGIE UMANA, GENETICA SI ECOLOGIE UMANA": {"medie": 8.828571428571427, "reusita": 98.21428571428571, "cnt": 56}, "ISTORIE": {"medie": 9.124999999999998, "reusita": 100.0, "cnt": 36}, "GEOGRAFIE": {"medie": 8.8, "reusita": 100.0, "cnt": 1}, "MATEMATICA ST-NAT": {"medie": 7.890000000000001, "reusita": 96.66666666666667, "cnt": 30}, "FIZICA TEO": {"medie": 7.746153846153846, "reusita": 100.0, "cnt": 13}, "CHIMIE ORGANICA TEO NIVEL I/II": {"medie": 7.55, "reusita": 100.0, "cnt": 1}, "LOGICA, ARGUMENTARE SI COMUNICARE": {"medie": 8.917241379310344, "reusita": 100.0, "cnt": 29}, "INFORMATICA MI C/C++": {"medie": 7.760833333333334, "reusita": 96.72131147540983, "cnt": 61}, "PSIHOLOGIE": {"medie": 8.799999999999999, "reusita": 100.0, "cnt": 4}, "CHIMIE ANORGANICA TEO NIVEL I/II": {"medie": 5.45, "reusita": 100.0, "cnt": 1}, "SOCIOLOGIE": {"medie": 9.0, "reusita": 100.0, "cnt": 1}, "ECONOMIE": {"medie": 5.3, "reusita": 100.0, "cnt": 1}, "INFORMATICA SN C/C++": {"medie": 7.35, "reusita": 100.0, "cnt": 1}}, "nume": "COLEGIUL NATIONAL \"FERDINAND I\" BACAU\tBac\u0103u"}