{"specializari": {"MATEMATICA-INFORMATICA": 81, "STIINTE SOCIALE": 35, "FILOLOGIE": 33, "STIINTE ALE NATURII": 29}, "limba_moderna": {"LIMBA FRANCEZA": 18, "LIMBA ENGLEZA": 160}, "limba_materna": {"LIMBA ROMANA": 178}, "promotie_anterioara": {"DA": 11, "NU": 167}, "materii": {"LIMBA ROMANA": {"medie": 7.679494382022475, "reusita": 98.31460674157303, "cnt": 178}, "BIOLOGIE VEGETALA SI ANIMALA": {"medie": 7.933673469387754, "reusita": 91.83673469387756, "cnt": 49}, "GENERAL": {"medie": 7.920955056179777, "reusita": 88.20224719101124, "cnt": 178}, "MATEMATICA MATE-INFO": {"medie": 7.066049382716047, "reusita": 85.18518518518519, "cnt": 81}, "ANATOMIE SI FIZIOLOGIE UMANA, GENETICA SI ECOLOGIE UMANA": {"medie": 9.149999999999999, "reusita": 100.0, "cnt": 2}, "ISTORIE": {"medie": 7.8404411764705895, "reusita": 94.11764705882352, "cnt": 68}, "GEOGRAFIE": {"medie": 8.85454545454545, "reusita": 100.0, "cnt": 55}, "FILOSOFIE": {"medie": 9.4, "reusita": 100.0, "cnt": 7}, "MATEMATICA ST-NAT": {"medie": 8.1, "reusita": 100.0, "cnt": 29}, "FIZICA TEO": {"medie": 8.406666666666666, "reusita": 100.0, "cnt": 36}, "CHIMIE ORGANICA TEO NIVEL I/II": {"medie": 9.44, "reusita": 100.0, "cnt": 20}, "LOGICA, ARGUMENTARE SI COMUNICARE": {"medie": 7.2299999999999995, "reusita": 80.0, "cnt": 5}, "INFORMATICA MI C/C++": {"medie": 9.3, "reusita": 100.0, "cnt": 3}, "ECONOMIE": {"medie": 7.1, "reusita": 100.0, "cnt": 1}}, "nume": "COLEGIUL NATIONAL \"GEORGE COSBUC\" MOTRU\tGorj"}