{"specializari": {"MATEMATICA-INFORMATICA": 40, "STIINTE ALE NATURII": 26, "FILOLOGIE": 53, "LICEU CU PROGRAM SPORTIV": 64}, "limba_moderna": {"LIMBA ENGLEZA": 177, "LIMBA FRANCEZA": 6}, "limba_materna": {"LIMBA ROMANA": 183}, "promotie_anterioara": {"NU": 141, "DA": 42}, "materii": {"LIMBA ROMANA": {"medie": 6.725138121546959, "reusita": 92.34972677595628, "cnt": 183}, "BIOLOGIE VEGETALA SI ANIMALA": {"medie": 5.841666666666666, "reusita": 83.33333333333334, "cnt": 6}, "GENERAL": {"medie": 6.709887005649721, "reusita": 62.295081967213115, "cnt": 183}, "MATEMATICA MATE-INFO": {"medie": 4.8078947368421066, "reusita": 55.00000000000001, "cnt": 40}, "ANATOMIE SI FIZIOLOGIE UMANA, GENETICA SI ECOLOGIE UMANA": {"medie": 6.681914893617023, "reusita": 91.66666666666666, "cnt": 48}, "ISTORIE": {"medie": 6.982456140350876, "reusita": 85.47008547008546, "cnt": 117}, "GEOGRAFIE": {"medie": 7.33169014084507, "reusita": 88.88888888888889, "cnt": 72}, "MATEMATICA ST-NAT": {"medie": 5.290384615384616, "reusita": 69.23076923076923, "cnt": 26}, "FIZICA TEO": {"medie": 8.5375, "reusita": 100.0, "cnt": 4}, "LOGICA, ARGUMENTARE SI COMUNICARE": {"medie": 6.430434782608694, "reusita": 78.26086956521739, "cnt": 23}, "INFORMATICA MI C/C++": {"medie": 7.55, "reusita": 100.0, "cnt": 4}, "PSIHOLOGIE": {"medie": 8.504545454545454, "reusita": 100.0, "cnt": 11}, "CHIMIE ANORGANICA TEO NIVEL I/II": {"medie": 6.699999999999999, "reusita": 100.0, "cnt": 2}, "SOCIOLOGIE": {"medie": 6.655555555555555, "reusita": 70.0, "cnt": 10}, "ECONOMIE": {"medie": 7.4, "reusita": 100.0, "cnt": 1}, "INFORMATICA SN C/C++": {"medie": 6.225, "reusita": 100.0, "cnt": 2}}, "nume": "COLEGIUL NATIONAL \"AUREL VLAICU\"\tBucure\u0219ti"}