{"specializari": {"FILOLOGIE": 58, "STIINTE ALE NATURII": 76, "MATEMATICA-INFORMATICA": 57, "STIINTE SOCIALE": 31}, "limba_moderna": {"LIMBA FRANCEZA": 29, "LIMBA ENGLEZA": 181, "LIMBA GERMANA MODERNA": 12}, "limba_materna": {"LIMBA ROMANA": 204, "LIMBA GERMANA": 18}, "promotie_anterioara": {"NU": 220, "DA": 2}, "materii": {"LIMBA ROMANA": {"medie": 8.980405405405405, "reusita": 100.0, "cnt": 222}, "BIOLOGIE VEGETALA SI ANIMALA": {"medie": 9.85, "reusita": 100.0, "cnt": 1}, "GENERAL": {"medie": 8.847372372372373, "reusita": 97.2972972972973, "cnt": 222}, "MATEMATICA MATE-INFO": {"medie": 9.366666666666667, "reusita": 100.0, "cnt": 57}, "ANATOMIE SI FIZIOLOGIE UMANA, GENETICA SI ECOLOGIE UMANA": {"medie": 9.225352112676056, "reusita": 100.0, "cnt": 71}, "ISTORIE": {"medie": 8.476404494382017, "reusita": 100.0, "cnt": 89}, "GEOGRAFIE": {"medie": 8.350000000000001, "reusita": 100.0, "cnt": 18}, "FILOSOFIE": {"medie": 10.0, "reusita": 100.0, "cnt": 1}, "MATEMATICA ST-NAT": {"medie": 7.882894736842106, "reusita": 94.73684210526315, "cnt": 76}, "FIZICA TEO": {"medie": 9.585714285714285, "reusita": 100.0, "cnt": 7}, "CHIMIE ORGANICA TEO NIVEL I/II": {"medie": 8.658333333333333, "reusita": 100.0, "cnt": 12}, "LOGICA, ARGUMENTARE SI COMUNICARE": {"medie": 8.830158730158733, "reusita": 96.82539682539682, "cnt": 63}, "INFORMATICA MI C/C++": {"medie": 9.447435897435899, "reusita": 100.0, "cnt": 39}, "PSIHOLOGIE": {"medie": 8.475, "reusita": 100.0, "cnt": 2}, "CHIMIE ANORGANICA TEO NIVEL I/II": {"medie": 9.7, "reusita": 100.0, "cnt": 1}, "LIMBA GERMANA": {"medie": 8.216666666666665, "reusita": 100.0, "cnt": 18}, "SOCIOLOGIE": {"medie": 9.08, "reusita": 100.0, "cnt": 5}, "INFORMATICA SN C/C++": {"medie": 8.825, "reusita": 100.0, "cnt": 2}}, "nume": "COLEGIUL NATIONAL \"LIVIU REBREANU\" BISTRITA\tBistri\u021ba-N\u0103s\u0103ud"}