{"specializari": {"TEHNICIAN TRANSPORTURI": 15, "TEHNICIAN ELECTRICIAN/ELECTRONIST AUTO": 12, "TEHNICIAN OPERATOR TEHNICA DE CALCUL": 5, "TEHNICIAN IN CONSTRUCTII SI LUCRARI PUBLICE": 1, "TEHNICIAN DESENATOR PENTRU CONSTRUCTII SI INSTALATII": 2, "TEHNICIAN MECANIC PENTRU INTRETINERE SI REPARATII": 4, "TEHNICIAN OPERATORI ROBOTI INDUSTRIALI": 8}, "limba_moderna": {"LIMBA ENGLEZA": 47}, "limba_materna": {"LIMBA ROMANA": 37, "LIMBA MAGHIARA": 10}, "promotie_anterioara": {"NU": 28, "DA": 19}, "materii": {"LIMBA ROMANA": {"medie": 5.217391304347828, "reusita": 78.72340425531915, "cnt": 47}, "MATEMATICA TEHN": {"medie": 5.038636363636365, "reusita": 65.95744680851064, "cnt": 47}, "BIOLOGIE VEGETALA SI ANIMALA": {"medie": 5.610975609756098, "reusita": 59.09090909090909, "cnt": 44}, "GENERAL": {"medie": 5.373643410852714, "reusita": 34.04255319148936, "cnt": 47}, "FIZICA TEH": {"medie": 4.0, "reusita": 0.0, "cnt": 1}, "LIMBA MAGHIARA (REAL)": {"medie": 5.416666666666667, "reusita": 70.0, "cnt": 10}, "CHIMIE ANORGANICA TEH NIVEL I/II": {"medie": 3.7, "reusita": 50.0, "cnt": 2}}, "nume": "COLEGIUL TEHNIC DE TRANSPORTURI \"TRANSILVANIA\" CLUJ-NAPOCA\tCluj"}