{"specializari": {"MATEMATICA-INFORMATICA": 91, "FILOLOGIE": 90}, "limba_moderna": {"LIMBA ENGLEZA": 135, "LIMBA FRANCEZA": 23, "LIMBA GERMANA MODERNA": 23}, "limba_materna": {"LIMBA ROMANA": 181}, "promotie_anterioara": {"NU": 181}, "materii": {"LIMBA ROMANA": {"medie": 9.041944444444441, "reusita": 99.4475138121547, "cnt": 181}, "GENERAL": {"medie": 8.986944444444445, "reusita": 98.89502762430939, "cnt": 181}, "MATEMATICA MATE-INFO": {"medie": 8.335714285714287, "reusita": 98.9010989010989, "cnt": 91}, "ANATOMIE SI FIZIOLOGIE UMANA, GENETICA SI ECOLOGIE UMANA": {"medie": 9.404545454545456, "reusita": 100.0, "cnt": 22}, "ISTORIE": {"medie": 9.350000000000001, "reusita": 98.88888888888889, "cnt": 90}, "GEOGRAFIE": {"medie": 9.427272727272728, "reusita": 100.0, "cnt": 11}, "FILOSOFIE": {"medie": 8.85, "reusita": 100.0, "cnt": 4}, "FIZICA TEO": {"medie": 8.751724137931035, "reusita": 96.55172413793103, "cnt": 29}, "CHIMIE ORGANICA TEO NIVEL I/II": {"medie": 9.26875, "reusita": 100.0, "cnt": 8}, "LOGICA, ARGUMENTARE SI COMUNICARE": {"medie": 9.284615384615385, "reusita": 96.29629629629629, "cnt": 27}, "INFORMATICA MI C/C++": {"medie": 8.896774193548389, "reusita": 100.0, "cnt": 31}, "PSIHOLOGIE": {"medie": 9.046666666666665, "reusita": 100.0, "cnt": 15}, "CHIMIE ANORGANICA TEO NIVEL I/II": {"medie": 8.25, "reusita": 100.0, "cnt": 1}, "SOCIOLOGIE": {"medie": 9.149999999999999, "reusita": 100.0, "cnt": 20}, "ECONOMIE": {"medie": 8.96923076923077, "reusita": 100.0, "cnt": 13}}, "nume": "COLEGIUL NATIONAL BILINGV \"GEORGE COSBUC\"\tBucure\u0219ti"}