{"specializari": {"MATEMATICA-INFORMATICA": 49, "FILOLOGIE": 31, "STIINTE ALE NATURII": 33}, "limba_moderna": {"LIMBA GERMANA MODERNA": 19, "LIMBA ENGLEZA": 85, "LIMBA FRANCEZA": 9}, "limba_materna": {"LIMBA ROMANA": 113}, "promotie_anterioara": {"NU": 113}, "materii": {"LIMBA ROMANA": {"medie": 8.900884955752216, "reusita": 100.0, "cnt": 113}, "BIOLOGIE VEGETALA SI ANIMALA": {"medie": 8.77, "reusita": 100.0, "cnt": 15}, "GENERAL": {"medie": 8.811651917404133, "reusita": 99.11504424778761, "cnt": 113}, "MATEMATICA MATE-INFO": {"medie": 8.798979591836735, "reusita": 100.0, "cnt": 49}, "ANATOMIE SI FIZIOLOGIE UMANA, GENETICA SI ECOLOGIE UMANA": {"medie": 9.171875000000002, "reusita": 100.0, "cnt": 32}, "ISTORIE": {"medie": 8.91290322580645, "reusita": 100.0, "cnt": 31}, "GEOGRAFIE": {"medie": 9.183333333333334, "reusita": 100.0, "cnt": 3}, "MATEMATICA ST-NAT": {"medie": 7.989393939393938, "reusita": 100.0, "cnt": 33}, "FIZICA TEO": {"medie": 8.908333333333333, "reusita": 100.0, "cnt": 6}, "CHIMIE ORGANICA TEO NIVEL I/II": {"medie": 8.01, "reusita": 100.0, "cnt": 5}, "LOGICA, ARGUMENTARE SI COMUNICARE": {"medie": 8.623076923076924, "reusita": 92.3076923076923, "cnt": 13}, "INFORMATICA MI C/C++": {"medie": 8.88125, "reusita": 100.0, "cnt": 24}, "PSIHOLOGIE": {"medie": 9.000000000000002, "reusita": 100.0, "cnt": 7}, "SOCIOLOGIE": {"medie": 9.4875, "reusita": 100.0, "cnt": 8}}, "nume": "COLEGIUL NATIONAL \"TRAIAN LALESCU\" RESITA\tCara\u0219-Severin"}