{"specializari": {"TEHNICIAN IN ACTIVITATI ECONOMICE": 154, "TEHNICIAN IN ADMINISTRATIE": 26, "TEHNICIAN IN GASTRONOMIE": 27, "TEHNICIAN IN TURISM": 46, "ORGANIZATOR BANQUETING": 23, "TEHNICIAN IN ACTIVITATI DE COMERT": 32}, "limba_moderna": {"LIMBA ENGLEZA": 287, "LIMBA FRANCEZA": 20, "LIMBA GERMANA MODERNA": 1}, "limba_materna": {"LIMBA ROMANA": 308}, "promotie_anterioara": {"NU": 264, "DA": 44}, "materii": {"LIMBA ROMANA": {"medie": 6.64183006535948, "reusita": 95.45454545454545, "cnt": 308}, "MATEMATICA TEHN": {"medie": 6.065196078431371, "reusita": 80.51948051948052, "cnt": 308}, "GENERAL": {"medie": 6.7876237623762306, "reusita": 71.1038961038961, "cnt": 308}, "GEOGRAFIE": {"medie": 7.660138248847926, "reusita": 94.14414414414415, "cnt": 222}, "LOGICA, ARGUMENTARE SI COMUNICARE": {"medie": 7.678947368421053, "reusita": 89.47368421052632, "cnt": 76}, "PSIHOLOGIE": {"medie": 7.35, "reusita": 100.0, "cnt": 2}, "ECONOMIE": {"medie": 6.5625, "reusita": 100.0, "cnt": 8}}, "nume": "COLEGIUL ECONOMIC \"PARTENIE COSMA\" ORADEA\tBihor"}