{"specializari": {"STIINTE ALE NATURII": 3, "INVATATOR - EDUCATOARE": 56, "FILOLOGIE": 31, "STIINTE SOCIALE": 30}, "limba_moderna": {"LIMBA FRANCEZA": 33, "LIMBA ENGLEZA": 86, "LIMBA GERMANA MODERNA": 1}, "limba_materna": {"LIMBA ROMANA": 120}, "promotie_anterioara": {"DA": 4, "NU": 116}, "materii": {"LIMBA ROMANA": {"medie": 8.288333333333332, "reusita": 99.16666666666667, "cnt": 120}, "BIOLOGIE VEGETALA SI ANIMALA": {"medie": 7.95, "reusita": 100.0, "cnt": 1}, "GENERAL": {"medie": 8.54694444444444, "reusita": 95.83333333333334, "cnt": 120}, "ANATOMIE SI FIZIOLOGIE UMANA, GENETICA SI ECOLOGIE UMANA": {"medie": 6.625, "reusita": 100.0, "cnt": 2}, "ISTORIE": {"medie": 8.672950819672133, "reusita": 100.0, "cnt": 61}, "GEOGRAFIE": {"medie": 9.35, "reusita": 100.0, "cnt": 1}, "MATEMATICA ST-NAT": {"medie": 4.916666666666667, "reusita": 66.66666666666666, "cnt": 3}, "LOGICA, ARGUMENTARE SI COMUNICARE": {"medie": 8.991810344827588, "reusita": 99.13793103448276, "cnt": 116}, "MATEMATICA PED": {"medie": 8.301785714285712, "reusita": 98.21428571428571, "cnt": 56}}, "nume": "COLEGIUL NATIONAL PEDAGOGIC \"CAROL I\" CAMPULUNG\tArge\u0219"}