{"specializari": {"TEOLOGIE MUSULMANA": 6, "INVATATOR - EDUCATOARE": 13, "FILOLOGIE": 22, "MATEMATICA-INFORMATICA": 4}, "limba_moderna": {"LIMBA ENGLEZA": 45}, "limba_materna": {"LIMBA TURCA": 6, "LIMBA ROMANA": 39}, "promotie_anterioara": {"NU": 30, "DA": 15}, "materii": {"LIMBA ROMANA": {"medie": 5.673863636363638, "reusita": 82.22222222222221, "cnt": 45}, "BIOLOGIE VEGETALA SI ANIMALA": {"medie": 3.35, "reusita": 0.0, "cnt": 1}, "GENERAL": {"medie": 5.897170542635656, "reusita": 48.888888888888886, "cnt": 45}, "MATEMATICA MATE-INFO": {"medie": 4.286666666666666, "reusita": 50.0, "cnt": 4}, "ANATOMIE SI FIZIOLOGIE UMANA, GENETICA SI ECOLOGIE UMANA": {"medie": 5.6499999999999995, "reusita": 66.66666666666666, "cnt": 3}, "ISTORIE": {"medie": 5.22037037037037, "reusita": 71.42857142857143, "cnt": 28}, "GEOGRAFIE": {"medie": 7.225, "reusita": 100.0, "cnt": 8}, "LOGICA, ARGUMENTARE SI COMUNICARE": {"medie": 5.94375, "reusita": 75.0, "cnt": 8}, "PSIHOLOGIE": {"medie": 7.158333333333334, "reusita": 96.0, "cnt": 25}, "MATEMATICA PED": {"medie": 4.430769230769231, "reusita": 53.84615384615385, "cnt": 13}, "LIMBA TURCA": {"medie": 8.325, "reusita": 100.0, "cnt": 6}}, "nume": "COLEGIUL NATIONAL \"KEMAL ATATURK\" MEDGIDIA\tConstan\u021ba"}