{"specializari": {"TEHNICIAN ANALIZE PRODUSE ALIMENTARE": 65, "TEHNICIAN IN INDUSTRIA ALIMENTARA": 49, "TEHNICIAN ELECTROMECANIC": 7}, "limba_moderna": {"LIMBA ENGLEZA": 119, "LIMBA FRANCEZA": 2}, "limba_materna": {"LIMBA ROMANA": 121}, "promotie_anterioara": {"DA": 59, "NU": 62}, "materii": {"LIMBA ROMANA": {"medie": 5.022173913043477, "reusita": 60.33057851239669, "cnt": 121}, "MATEMATICA TEHN": {"medie": 2.958482142857142, "reusita": 27.27272727272727, "cnt": 121}, "BIOLOGIE VEGETALA SI ANIMALA": {"medie": 5.4350000000000005, "reusita": 56.00000000000001, "cnt": 25}, "GENERAL": {"medie": 4.233962264150944, "reusita": 9.090909090909092, "cnt": 121}, "ANATOMIE SI FIZIOLOGIE UMANA, GENETICA SI ECOLOGIE UMANA": {"medie": 4.370652173913044, "reusita": 35.78947368421053, "cnt": 95}, "FIZICA TEH": {"medie": "-", "reusita": 0.0, "cnt": 1}}, "nume": "COLEGIUL TEHNIC DE INDUSTRIE ALIMENTARA \"DUMITRU MOTOC\"\tBucure\u0219ti"}