{"specializari": {"FILOLOGIE": 22, "STIINTE SOCIALE": 60, "MATEMATICA-INFORMATICA": 100, "STIINTE ALE NATURII": 99}, "limba_moderna": {"LIMBA ENGLEZA": 267, "LIMBA FRANCEZA": 11, "LIMBA GERMANA MODERNA": 3}, "limba_materna": {"LIMBA ROMANA": 281}, "promotie_anterioara": {"NU": 281}, "materii": {"LIMBA ROMANA": {"medie": 9.294128113879006, "reusita": 100.0, "cnt": 281}, "BIOLOGIE VEGETALA SI ANIMALA": {"medie": 9.608333333333333, "reusita": 100.0, "cnt": 6}, "GENERAL": {"medie": 9.331672597864772, "reusita": 100.0, "cnt": 281}, "MATEMATICA MATE-INFO": {"medie": 9.2185, "reusita": 100.0, "cnt": 100}, "ANATOMIE SI FIZIOLOGIE UMANA, GENETICA SI ECOLOGIE UMANA": {"medie": 9.613888888888887, "reusita": 100.0, "cnt": 18}, "ISTORIE": {"medie": 9.635975609756095, "reusita": 100.0, "cnt": 82}, "GEOGRAFIE": {"medie": 9.66, "reusita": 100.0, "cnt": 20}, "FILOSOFIE": {"medie": 9.65, "reusita": 100.0, "cnt": 1}, "MATEMATICA ST-NAT": {"medie": 9.20353535353535, "reusita": 100.0, "cnt": 99}, "FIZICA TEO": {"medie": 9.271232876712327, "reusita": 100.0, "cnt": 73}, "CHIMIE ORGANICA TEO NIVEL I/II": {"medie": 9.379365079365083, "reusita": 100.0, "cnt": 63}, "LOGICA, ARGUMENTARE SI COMUNICARE": {"medie": 9.604999999999999, "reusita": 100.0, "cnt": 30}, "INFORMATICA MI C/C++": {"medie": 9.205882352941176, "reusita": 100.0, "cnt": 34}, "PSIHOLOGIE": {"medie": 9.2, "reusita": 100.0, "cnt": 10}, "CHIMIE ANORGANICA TEO NIVEL I/II": {"medie": 9.325000000000001, "reusita": 100.0, "cnt": 4}, "SOCIOLOGIE": {"medie": 9.9, "reusita": 100.0, "cnt": 2}, "ECONOMIE": {"medie": 9.076315789473684, "reusita": 100.0, "cnt": 19}, "INFORMATICA SN C/C++": {"medie": 7.85, "reusita": 100.0, "cnt": 1}}, "nume": "COLEGIUL NATIONAL \"GHEORGHE LAZAR\"\tBucure\u0219ti"}