{"specializari": {"INVATATOR - EDUCATOARE": 83, "FILOLOGIE": 51}, "limba_moderna": {"LIMBA ENGLEZA": 133, "LIMBA FRANCEZA": 1}, "limba_materna": {"LIMBA GERMANA": 51, "LIMBA ROMANA": 83}, "promotie_anterioara": {"DA": 2, "NU": 132}, "materii": {"LIMBA ROMANA": {"medie": 7.954477611940299, "reusita": 100.0, "cnt": 134}, "GENERAL": {"medie": 8.006529850746272, "reusita": 97.01492537313433, "cnt": 134}, "ISTORIE": {"medie": 8.065686274509806, "reusita": 100.0, "cnt": 51}, "GEOGRAFIE": {"medie": 8.908333333333333, "reusita": 100.0, "cnt": 24}, "LOGICA, ARGUMENTARE SI COMUNICARE": {"medie": 8.47877358490566, "reusita": 98.11320754716981, "cnt": 106}, "PSIHOLOGIE": {"medie": 9.2125, "reusita": 100.0, "cnt": 4}, "LIMBA GERMANA": {"medie": 7.056862745098039, "reusita": 100.0, "cnt": 51}, "MATEMATICA PED": {"medie": 7.431927710843373, "reusita": 97.59036144578313, "cnt": 83}}, "nume": "COLEGIUL NATIONAL PEDAGOGIC \"ANDREI SAGUNA\" SIBIU\tSibiu"}