{"specializari": {"MATEMATICA-INFORMATICA": 33, "INVATATOR - EDUCATOARE": 30, "STIINTE ALE NATURII": 30, "FILOLOGIE": 26}, "limba_moderna": {"LIMBA ENGLEZA": 106, "LIMBA FRANCEZA": 2, "LIMBA GERMANA MODERNA": 11}, "limba_materna": {"LIMBA GERMANA": 2, "LIMBA ROMANA": 117}, "promotie_anterioara": {"DA": 16, "NU": 103}, "materii": {"LIMBA ROMANA": {"medie": 7.64873949579832, "reusita": 98.31932773109243, "cnt": 119}, "BIOLOGIE VEGETALA SI ANIMALA": {"medie": 6.414285714285714, "reusita": 85.71428571428571, "cnt": 7}, "GENERAL": {"medie": 7.602500000000001, "reusita": 78.15126050420169, "cnt": 119}, "MATEMATICA MATE-INFO": {"medie": 5.701562499999999, "reusita": 66.66666666666666, "cnt": 33}, "ANATOMIE SI FIZIOLOGIE UMANA, GENETICA SI ECOLOGIE UMANA": {"medie": 7.708139534883722, "reusita": 93.33333333333333, "cnt": 45}, "ISTORIE": {"medie": 8.648076923076925, "reusita": 100.0, "cnt": 26}, "GEOGRAFIE": {"medie": 9.542857142857143, "reusita": 100.0, "cnt": 7}, "MATEMATICA ST-NAT": {"medie": 5.912962962962962, "reusita": 73.33333333333333, "cnt": 30}, "CHIMIE ORGANICA TEO NIVEL I/II": {"medie": 9.05, "reusita": 100.0, "cnt": 1}, "LOGICA, ARGUMENTARE SI COMUNICARE": {"medie": 8.679591836734696, "reusita": 100.0, "cnt": 49}, "INFORMATICA MI C/C++": {"medie": 6.966666666666667, "reusita": 100.0, "cnt": 9}, "LIMBA GERMANA": {"medie": 3.0, "reusita": 50.0, "cnt": 2}, "MATEMATICA PED": {"medie": 7.906666666666668, "reusita": 96.66666666666667, "cnt": 30}, "INFORMATICA SN C/C++": {"medie": 5.05, "reusita": 100.0, "cnt": 1}}, "nume": "COLEGIUL NATIONAL \"C.D. LOGA\" CARANSEBES\tCara\u0219-Severin"}