{"specializari": {"STIINTE ALE NATURII": 57, "MATEMATICA-INFORMATICA": 30, "STIINTE SOCIALE": 38, "FILOLOGIE": 36, "TEHNICIAN ECOLOG SI PROTECTIA CALITATII MEDIULUI": 1}, "limba_moderna": {"LIMBA FRANCEZA": 71, "LIMBA ENGLEZA": 91}, "limba_materna": {"LIMBA ROMANA": 162}, "promotie_anterioara": {"NU": 143, "DA": 19}, "materii": {"LIMBA ROMANA": {"medie": 7.316358024691357, "reusita": 98.76543209876543, "cnt": 162}, "MATEMATICA TEHN": {"medie": 7.95, "reusita": 100.0, "cnt": 1}, "BIOLOGIE VEGETALA SI ANIMALA": {"medie": 5.875, "reusita": 50.0, "cnt": 2}, "GENERAL": {"medie": 7.779035639412998, "reusita": 83.9506172839506, "cnt": 162}, "MATEMATICA MATE-INFO": {"medie": 8.253333333333334, "reusita": 96.66666666666667, "cnt": 30}, "ANATOMIE SI FIZIOLOGIE UMANA, GENETICA SI ECOLOGIE UMANA": {"medie": 8.376612903225805, "reusita": 98.38709677419355, "cnt": 62}, "ISTORIE": {"medie": 8.23287671232877, "reusita": 98.64864864864865, "cnt": 74}, "GEOGRAFIE": {"medie": 8.362676056338028, "reusita": 97.22222222222221, "cnt": 72}, "MATEMATICA ST-NAT": {"medie": 5.988392857142858, "reusita": 75.43859649122807, "cnt": 57}, "INFORMATICA MI C/C++": {"medie": 9.391666666666667, "reusita": 100.0, "cnt": 24}, "PSIHOLOGIE": {"medie": 7.3, "reusita": 100.0, "cnt": 1}, "SOCIOLOGIE": {"medie": 9.0, "reusita": 100.0, "cnt": 1}}, "nume": "COLEGIUL NATIONAL \"AVRAM IANCU\" CAMPENI\tAlba"}