{"specializari": {"MATEMATICA-INFORMATICA": 92, "STIINTE ALE NATURII": 29, "FILOLOGIE": 70, "STIINTE SOCIALE": 37}, "limba_moderna": {"LIMBA ENGLEZA": 189, "LIMBA FRANCEZA": 35, "LIMBA RUSA": 3, "LIMBA ITALIANA": 1}, "limba_materna": {"LIMBA ROMANA": 228}, "promotie_anterioara": {"NU": 216, "DA": 12}, "materii": {"LIMBA ROMANA": {"medie": 8.121052631578946, "reusita": 99.56140350877193, "cnt": 228}, "BIOLOGIE VEGETALA SI ANIMALA": {"medie": 9.5, "reusita": 100.0, "cnt": 2}, "GENERAL": {"medie": 8.028539823008845, "reusita": 88.1578947368421, "cnt": 228}, "MATEMATICA MATE-INFO": {"medie": 7.291847826086956, "reusita": 88.04347826086956, "cnt": 92}, "ANATOMIE SI FIZIOLOGIE UMANA, GENETICA SI ECOLOGIE UMANA": {"medie": 8.307317073170731, "reusita": 97.5609756097561, "cnt": 41}, "ISTORIE": {"medie": 8.106074766355142, "reusita": 99.06542056074767, "cnt": 107}, "GEOGRAFIE": {"medie": 8.377272727272729, "reusita": 94.11764705882352, "cnt": 68}, "MATEMATICA ST-NAT": {"medie": 7.28448275862069, "reusita": 100.0, "cnt": 29}, "FIZICA TEO": {"medie": 9.175, "reusita": 100.0, "cnt": 4}, "CHIMIE ORGANICA TEO NIVEL I/II": {"medie": 8.454761904761902, "reusita": 100.0, "cnt": 21}, "LOGICA, ARGUMENTARE SI COMUNICARE": {"medie": 9.236111111111112, "reusita": 100.0, "cnt": 36}, "INFORMATICA MI C/C++": {"medie": 7.18846153846154, "reusita": 88.46153846153845, "cnt": 52}, "PSIHOLOGIE": {"medie": 8.6, "reusita": 100.0, "cnt": 3}, "CHIMIE ANORGANICA TEO NIVEL I/II": {"medie": 6.3, "reusita": 100.0, "cnt": 1}}, "nume": "COLEGIUL NATIONAL \"DRAGOS VODA\" SIGHETU MARMATIEI\tMaramure\u0219"}