{"specializari": {"STIINTE ALE NATURII": 33, "FILOLOGIE": 77, "MATEMATICA-INFORMATICA": 51, "INVATATOR - EDUCATOARE": 28, "STIINTE SOCIALE": 37}, "limba_moderna": {"LIMBA ENGLEZA": 183, "LIMBA FRANCEZA": 43}, "limba_materna": {"LIMBA ROMANA": 226}, "promotie_anterioara": {"NU": 225, "DA": 1}, "materii": {"LIMBA ROMANA": {"medie": 8.486222222222224, "reusita": 99.5575221238938, "cnt": 226}, "BIOLOGIE VEGETALA SI ANIMALA": {"medie": 8.95, "reusita": 100.0, "cnt": 1}, "GENERAL": {"medie": 8.361659259259264, "reusita": 91.5929203539823, "cnt": 226}, "MATEMATICA MATE-INFO": {"medie": 7.52843137254902, "reusita": 94.11764705882352, "cnt": 51}, "ANATOMIE SI FIZIOLOGIE UMANA, GENETICA SI ECOLOGIE UMANA": {"medie": 8.737209302325581, "reusita": 95.45454545454545, "cnt": 44}, "ISTORIE": {"medie": 8.384649122807017, "reusita": 98.24561403508771, "cnt": 114}, "GEOGRAFIE": {"medie": 9.061904761904762, "reusita": 98.4126984126984, "cnt": 63}, "FILOSOFIE": {"medie": 9.85, "reusita": 100.0, "cnt": 2}, "MATEMATICA ST-NAT": {"medie": 6.2984375, "reusita": 72.72727272727273, "cnt": 33}, "FIZICA TEO": {"medie": 7.08375, "reusita": 75.0, "cnt": 8}, "LOGICA, ARGUMENTARE SI COMUNICARE": {"medie": 8.814285714285715, "reusita": 100.0, "cnt": 7}, "INFORMATICA MI C/C++": {"medie": 7.774193548387097, "reusita": 96.7741935483871, "cnt": 31}, "PSIHOLOGIE": {"medie": 8.488235294117645, "reusita": 100.0, "cnt": 17}, "SOCIOLOGIE": {"medie": 8.950000000000001, "reusita": 97.77777777777777, "cnt": 45}, "ECONOMIE": {"medie": 8.7625, "reusita": 100.0, "cnt": 8}, "MATEMATICA PED": {"medie": 8.62857142857143, "reusita": 100.0, "cnt": 28}}, "nume": "COLEGIUL NATIONAL \"SPIRU HARET\" TG-JIU\tGorj"}