{"specializari": {"FILOLOGIE": 31, "STIINTE ALE NATURII": 29, "MATEMATICA-INFORMATICA": 24}, "limba_moderna": {"LIMBA ENGLEZA": 81, "LIMBA FRANCEZA": 3}, "limba_materna": {"LIMBA ROMANA": 84}, "promotie_anterioara": {"NU": 83, "DA": 1}, "materii": {"LIMBA ROMANA": {"medie": 8.037500000000003, "reusita": 100.0, "cnt": 84}, "BIOLOGIE VEGETALA SI ANIMALA": {"medie": 6.15, "reusita": 100.0, "cnt": 1}, "GENERAL": {"medie": 8.203373015873016, "reusita": 90.47619047619048, "cnt": 84}, "MATEMATICA MATE-INFO": {"medie": 7.854166666666665, "reusita": 87.5, "cnt": 24}, "ANATOMIE SI FIZIOLOGIE UMANA, GENETICA SI ECOLOGIE UMANA": {"medie": 8.921666666666665, "reusita": 100.0, "cnt": 30}, "ISTORIE": {"medie": 8.575806451612904, "reusita": 100.0, "cnt": 31}, "MATEMATICA ST-NAT": {"medie": 7.096551724137931, "reusita": 100.0, "cnt": 29}, "FIZICA TEO": {"medie": 9.314285714285713, "reusita": 100.0, "cnt": 7}, "CHIMIE ORGANICA TEO NIVEL I/II": {"medie": 9.235714285714286, "reusita": 100.0, "cnt": 7}, "LOGICA, ARGUMENTARE SI COMUNICARE": {"medie": 8.396666666666667, "reusita": 96.66666666666667, "cnt": 30}, "INFORMATICA MI C/C++": {"medie": 8.535714285714286, "reusita": 100.0, "cnt": 7}, "PSIHOLOGIE": {"medie": 9.8, "reusita": 100.0, "cnt": 1}, "CHIMIE ANORGANICA TEO NIVEL I/II": {"medie": 6.85, "reusita": 100.0, "cnt": 1}}, "nume": "COLEGIUL NATIONAL \"TITU MAIORESCU\" AIUD\tAlba"}