{"specializari": {"TEHNICIAN TRANSPORTURI": 19, "TEHNICIAN ELECTRICIAN/ELECTRONIST AUTO": 23, "TEHNICIAN MECATRONIST": 3, "MATEMATICA-INFORMATICA": 1}, "limba_moderna": {"LIMBA ENGLEZA": 42, "LIMBA FRANCEZA": 4}, "limba_materna": {"LIMBA ROMANA": 46}, "promotie_anterioara": {"NU": 37, "DA": 9}, "materii": {"LIMBA ROMANA": {"medie": 4.936904761904763, "reusita": 52.17391304347826, "cnt": 46}, "MATEMATICA TEHN": {"medie": 3.761538461538461, "reusita": 33.33333333333333, "cnt": 45}, "BIOLOGIE VEGETALA SI ANIMALA": {"medie": 4.286363636363636, "reusita": 36.36363636363637, "cnt": 33}, "GENERAL": {"medie": 4.369583333333333, "reusita": 23.91304347826087, "cnt": 46}, "MATEMATICA MATE-INFO": {"medie": 6.65, "reusita": 100.0, "cnt": 1}, "ANATOMIE SI FIZIOLOGIE UMANA, GENETICA SI ECOLOGIE UMANA": {"medie": 3.4, "reusita": 0.0, "cnt": 1}, "FIZICA TEH": {"medie": 3.964285714285714, "reusita": 18.181818181818183, "cnt": 11}, "CHIMIE ORGANICA TEH NIVEL I/II": {"medie": "-", "reusita": 0.0, "cnt": 1}}, "nume": "COLEGIUL TEHNIC DE TRANSPORTURI, MUNICIPIUL PIATRA-NEAMT\tNeam\u021b"}