{"specializari": {"TEHNICIAN IN GASTRONOMIE": 29, "TEHNICIAN IN TURISM": 31, "TEHNICIAN IN ACTIVITATI ECONOMICE": 119, "ORGANIZATOR BANQUETING": 29}, "limba_moderna": {"LIMBA ITALIANA": 7, "LIMBA ENGLEZA": 200, "LIMBA FRANCEZA": 1}, "limba_materna": {"LIMBA ROMANA": 208}, "promotie_anterioara": {"DA": 15, "NU": 193}, "materii": {"LIMBA ROMANA": {"medie": 7.123557692307688, "reusita": 96.15384615384616, "cnt": 208}, "MATEMATICA TEHN": {"medie": 7.148798076923076, "reusita": 92.78846153846155, "cnt": 208}, "GENERAL": {"medie": 7.591019417475726, "reusita": 87.98076923076923, "cnt": 208}, "GEOGRAFIE": {"medie": 8.436499999999999, "reusita": 96.03960396039604, "cnt": 202}, "LOGICA, ARGUMENTARE SI COMUNICARE": {"medie": 9.275, "reusita": 100.0, "cnt": 4}, "PSIHOLOGIE": {"medie": 8.35, "reusita": 100.0, "cnt": 2}}, "nume": "COLEGIUL ECONOMIC \"FRANCESCO SAVERIO NITTI\" TIMISOARA\tTimi\u0219"}