{"specializari": {"TEHNICIAN IN ACTIVITATI ECONOMICE": 126, "TEHNICIAN IN ACTIVITATI DE COMERT": 29, "ORGANIZATOR BANQUETING": 33, "TEHNICIAN IN TURISM": 34, "TEHNICIAN IN HOTELARIE": 3, "TEHNICIAN IN ACHIZITII SI CONTRACTARI": 1, "TEHNICIAN IN GASTRONOMIE": 3, "TEHNICIAN IN ADMINISTRATIE": 1}, "limba_moderna": {"LIMBA ENGLEZA": 216, "LIMBA FRANCEZA": 14}, "limba_materna": {"LIMBA ROMANA": 230}, "promotie_anterioara": {"NU": 204, "DA": 26}, "materii": {"LIMBA ROMANA": {"medie": 7.120925110132159, "reusita": 94.34782608695652, "cnt": 230}, "MATEMATICA TEHN": {"medie": 6.24669603524229, "reusita": 80.8695652173913, "cnt": 230}, "GENERAL": {"medie": 7.087684365781709, "reusita": 73.47826086956522, "cnt": 230}, "GEOGRAFIE": {"medie": 7.9105855855855856, "reusita": 93.77777777777779, "cnt": 225}, "ECONOMIE": {"medie": 6.42, "reusita": 80.0, "cnt": 5}}, "nume": "COLEGIUL ECONOMIC \"VIRGIL MADGEARU\" TG-JIU\tGorj"}