{"specializari": {"TEHNICIAN IN ACTIVITATI DE COMERT": 30, "TEHNICIAN IN ACTIVITATI ECONOMICE": 95, "TEHNICIAN IN TURISM": 3, "TEHNICIAN IN GASTRONOMIE": 6, "ORGANIZATOR BANQUETING": 4, "TEHNICIAN IN ACHIZITII SI CONTRACTARI": 29, "TEHNICIAN IN ADMINISTRATIE": 1}, "limba_moderna": {"LIMBA ENGLEZA": 138, "LIMBA FRANCEZA": 6, "LIMBA GERMANA MODERNA": 24}, "limba_materna": {"LIMBA ROMANA": 141, "LIMBA MAGHIARA": 27}, "promotie_anterioara": {"NU": 122, "DA": 46}, "materii": {"LIMBA ROMANA": {"medie": 6.233132530120484, "reusita": 87.5, "cnt": 168}, "MATEMATICA TEHN": {"medie": 5.572455089820357, "reusita": 75.0, "cnt": 168}, "GENERAL": {"medie": 6.396595528455283, "reusita": 55.952380952380956, "cnt": 168}, "GEOGRAFIE": {"medie": 7.159271523178805, "reusita": 86.45161290322581, "cnt": 155}, "LIMBA MAGHIARA (REAL)": {"medie": 6.533333333333332, "reusita": 96.29629629629629, "cnt": 27}, "LOGICA, ARGUMENTARE SI COMUNICARE": {"medie": 7.090000000000001, "reusita": 80.0, "cnt": 5}, "PSIHOLOGIE": {"medie": 7.500000000000001, "reusita": 100.0, "cnt": 8}}, "nume": "COLEGIUL ECONOMIC \"GHEORGHE DRAGOS\" SATU MARE\tSatu-Mare"}