{"specializari": {"TEHNICIAN OPERATOR TEHNICA DE CALCUL": 49, "ORGANIZATOR BANQUETING": 27, "TEHNICIAN MECATRONIST": 32, "TEHNICIAN IN ADMINISTRATIE": 25, "TEHNICIAN MECANIC PENTRU INTRETINERE SI REPARATII": 2}, "limba_moderna": {"LIMBA ENGLEZA": 133, "LIMBA FRANCEZA": 2}, "limba_materna": {"LIMBA ROMANA": 135}, "promotie_anterioara": {"NU": 88, "DA": 47}, "materii": {"LIMBA ROMANA": {"medie": 6.599999999999999, "reusita": 94.07407407407408, "cnt": 135}, "MATEMATICA TEHN": {"medie": 6.382706766917291, "reusita": 88.88888888888889, "cnt": 135}, "BIOLOGIE VEGETALA SI ANIMALA": {"medie": 5.847142857142859, "reusita": 72.22222222222221, "cnt": 72}, "GENERAL": {"medie": 6.64974358974359, "reusita": 63.70370370370371, "cnt": 135}, "FIZICA TEH": {"medie": 7.104545454545454, "reusita": 90.9090909090909, "cnt": 11}, "GEOGRAFIE": {"medie": 8.314, "reusita": 100.0, "cnt": 50}, "LOGICA, ARGUMENTARE SI COMUNICARE": {"medie": 7.9, "reusita": 100.0, "cnt": 2}}, "nume": "COLEGIUL TEHNIC \"HENRI COANDA\" TIMISOARA\tTimi\u0219"}