{"specializari": {"TEHNICIAN ANALIZE PRODUSE ALIMENTARE": 5, "TEHNICIAN IN INDUSTRIA ALIMENTARA": 1, "TEHNICIAN IN INSTALATII ELECTRICE": 3, "FILOLOGIE": 14, "TEHNICIAN ELECTROTEHNIST": 3, "TEHNICIAN IN INDUSTRIA TEXTILA": 1, "TEHNICIAN ECOLOG SI PROTECTIA CALITATII MEDIULUI": 27, "TEHNICIAN MECATRONIST": 4, "TEHNICIAN IN TURISM": 20, "TEHNICIAN OPERATOR TEHNICA DE CALCUL": 3, "STIINTE ALE NATURII": 7, "TEHNICIAN IN MORARIT, PANIFICATIE SI PRODUSE FAINOASE": 1, "MATEMATICA-INFORMATICA": 1, "TEHNICIAN PROIECTANT CAD": 2, "TEHNICIAN IN GASTRONOMIE": 2}, "limba_moderna": {"LIMBA ENGLEZA": 80, "LIMBA FRANCEZA": 14}, "limba_materna": {"LIMBA ROMANA": 94}, "promotie_anterioara": {"DA": 43, "NU": 51}, "materii": {"LIMBA ROMANA": {"medie": 5.957692307692308, "reusita": 87.2340425531915, "cnt": 94}, "MATEMATICA TEHN": {"medie": 4.261764705882352, "reusita": 43.05555555555556, "cnt": 72}, "BIOLOGIE VEGETALA SI ANIMALA": {"medie": 5.808064516129033, "reusita": 74.19354838709677, "cnt": 31}, "GENERAL": {"medie": 5.388095238095237, "reusita": 32.97872340425532, "cnt": 94}, "MATEMATICA MATE-INFO": {"medie": "-", "reusita": 0.0, "cnt": 1}, "ANATOMIE SI FIZIOLOGIE UMANA, GENETICA SI ECOLOGIE UMANA": {"medie": 5.630555555555556, "reusita": 68.42105263157895, "cnt": 19}, "FIZICA TEH": {"medie": 3.2083333333333335, "reusita": 12.5, "cnt": 8}, "ISTORIE": {"medie": 5.3374999999999995, "reusita": 50.0, "cnt": 14}, "GEOGRAFIE": {"medie": 6.595588235294118, "reusita": 68.57142857142857, "cnt": 35}, "MATEMATICA ST-NAT": {"medie": 2.2714285714285714, "reusita": 14.285714285714285, "cnt": 7}, "PSIHOLOGIE": {"medie": 7.3, "reusita": 100.0, "cnt": 1}}, "nume": "COLEGIUL TEHNIC \"COSTIN D. NENITESCU\"\tBr\u0103ila"}