{"specializari": {"TEHNICIAN CHIMIST DE LABORATOR": 1, "TEHNICIAN ECOLOG SI PROTECTIA CALITATII MEDIULUI": 49, "TEHNICIAN ANALIZE PRODUSE ALIMENTARE": 48, "TEHNICIAN OPERATOR TEHNICA DE CALCUL": 27, "TEHNICIAN IN CHIMIE INDUSTRIALA": 3, "TEHNICIAN IN INSTALATII ELECTRICE": 10}, "limba_moderna": {"LIMBA ENGLEZA": 127, "LIMBA FRANCEZA": 11}, "limba_materna": {"LIMBA ROMANA": 138}, "promotie_anterioara": {"DA": 41, "NU": 97}, "materii": {"LIMBA ROMANA": {"medie": 6.2658088235294125, "reusita": 86.95652173913044, "cnt": 138}, "MATEMATICA TEHN": {"medie": 5.624253731343286, "reusita": 70.28985507246377, "cnt": 138}, "BIOLOGIE VEGETALA SI ANIMALA": {"medie": 5.644444444444445, "reusita": 65.0, "cnt": 40}, "GENERAL": {"medie": 6.1285714285714326, "reusita": 55.79710144927537, "cnt": 138}, "ANATOMIE SI FIZIOLOGIE UMANA, GENETICA SI ECOLOGIE UMANA": {"medie": 6.757368421052633, "reusita": 87.5, "cnt": 96}, "FIZICA TEH": {"medie": 6.975, "reusita": 100.0, "cnt": 2}}, "nume": "COLEGIUL TEHNIC \"G-RAL GHEORGHE MAGHERU\" TG-JIU\tGorj"}