{"specializari": {"STIINTE ALE NATURII": 37, "MATEMATICA-INFORMATICA": 58, "FILOLOGIE": 69, "STIINTE SOCIALE": 37}, "limba_moderna": {"LIMBA ENGLEZA": 184, "LIMBA FRANCEZA": 17}, "limba_materna": {"LIMBA ROMANA": 201}, "promotie_anterioara": {"NU": 169, "DA": 32}, "materii": {"LIMBA ROMANA": {"medie": 7.567085427135679, "reusita": 95.52238805970148, "cnt": 201}, "BIOLOGIE VEGETALA SI ANIMALA": {"medie": 8.55, "reusita": 100.0, "cnt": 1}, "GENERAL": {"medie": 7.608375209380233, "reusita": 81.09452736318407, "cnt": 201}, "MATEMATICA MATE-INFO": {"medie": 6.601754385964912, "reusita": 84.48275862068965, "cnt": 58}, "ANATOMIE SI FIZIOLOGIE UMANA, GENETICA SI ECOLOGIE UMANA": {"medie": 8.124074074074075, "reusita": 96.29629629629629, "cnt": 81}, "ISTORIE": {"medie": 7.8221698113207525, "reusita": 98.11320754716981, "cnt": 106}, "GEOGRAFIE": {"medie": 7.985365853658535, "reusita": 97.5609756097561, "cnt": 82}, "FILOSOFIE": {"medie": 9.183333333333334, "reusita": 100.0, "cnt": 3}, "MATEMATICA ST-NAT": {"medie": 5.3608108108108095, "reusita": 67.56756756756756, "cnt": 37}, "FIZICA TEO": {"medie": 8.8125, "reusita": 100.0, "cnt": 4}, "LOGICA, ARGUMENTARE SI COMUNICARE": {"medie": 9.694999999999999, "reusita": 100.0, "cnt": 20}, "INFORMATICA MI C/C++": {"medie": 6.911111111111111, "reusita": 88.88888888888889, "cnt": 9}, "PSIHOLOGIE": {"medie": 9.4, "reusita": 100.0, "cnt": 1}}, "nume": "COLEGIUL NATIONAL \"SAMUIL VULCAN\" BEIUS\tBihor"}