{"specializari": {"MATEMATICA-INFORMATICA": 45}, "limba_moderna": {"LIMBA ENGLEZA": 45}, "limba_materna": {"LIMBA ROMANA": 45}, "promotie_anterioara": {"NU": 45}, "materii": {"LIMBA ROMANA": {"medie": 8.634444444444444, "reusita": 100.0, "cnt": 45}, "BIOLOGIE VEGETALA SI ANIMALA": {"medie": 8.373809523809525, "reusita": 100.0, "cnt": 21}, "GENERAL": {"medie": 8.115185185185183, "reusita": 93.33333333333333, "cnt": 45}, "MATEMATICA MATE-INFO": {"medie": 7.662222222222221, "reusita": 95.55555555555556, "cnt": 45}, "FIZICA TEO": {"medie": 7.747368421052633, "reusita": 89.47368421052632, "cnt": 19}, "INFORMATICA MI C/C++": {"medie": 7.83, "reusita": 100.0, "cnt": 5}}, "nume": "COLEGIUL NATIONAL MILITAR \"ALEXANDRU IOAN CUZA\" CONSTANTA\tConstan\u021ba"}