{"specializari": {"STIINTE SOCIALE": 29, "INVATATOR - EDUCATOARE": 50, "MATEMATICA-INFORMATICA": 28, "FILOLOGIE": 27}, "limba_moderna": {"LIMBA ENGLEZA": 122, "LIMBA FRANCEZA": 12}, "limba_materna": {"LIMBA ROMANA": 134}, "promotie_anterioara": {"DA": 1, "NU": 133}, "materii": {"LIMBA ROMANA": {"medie": 8.410074626865676, "reusita": 100.0, "cnt": 134}, "GENERAL": {"medie": 8.714179104477614, "reusita": 98.50746268656717, "cnt": 134}, "MATEMATICA MATE-INFO": {"medie": 8.151785714285714, "reusita": 100.0, "cnt": 28}, "ANATOMIE SI FIZIOLOGIE UMANA, GENETICA SI ECOLOGIE UMANA": {"medie": 9.32, "reusita": 100.0, "cnt": 10}, "ISTORIE": {"medie": 9.072321428571426, "reusita": 100.0, "cnt": 56}, "GEOGRAFIE": {"medie": 9.316666666666663, "reusita": 100.0, "cnt": 81}, "FIZICA TEO": {"medie": 8.968181818181819, "reusita": 100.0, "cnt": 11}, "LOGICA, ARGUMENTARE SI COMUNICARE": {"medie": 9.235714285714286, "reusita": 100.0, "cnt": 7}, "INFORMATICA MI C/C++": {"medie": 6.057142857142857, "reusita": 71.42857142857143, "cnt": 7}, "PSIHOLOGIE": {"medie": 8.43235294117647, "reusita": 100.0, "cnt": 17}, "SOCIOLOGIE": {"medie": 10.0, "reusita": 100.0, "cnt": 1}, "MATEMATICA PED": {"medie": 8.658999999999999, "reusita": 100.0, "cnt": 50}}, "nume": "COLEGIUL NATIONAL \"CONSTANTIN CANTACUZINO\" TARGOVISTE\tD\u00e2mbovi\u021ba"}