{"specializari": {"STIINTE SOCIALE": 37, "TEHNICIAN ECOLOG SI PROTECTIA CALITATII MEDIULUI": 13}, "limba_moderna": {"LIMBA ENGLEZA": 50}, "limba_materna": {"LIMBA ROMANA": 50}, "promotie_anterioara": {"DA": 24, "NU": 26}, "materii": {"LIMBA ROMANA": {"medie": 4.336363636363637, "reusita": 48.0, "cnt": 50}, "MATEMATICA TEHN": {"medie": 1.64375, "reusita": 7.6923076923076925, "cnt": 13}, "BIOLOGIE VEGETALA SI ANIMALA": {"medie": 5.114285714285714, "reusita": 41.66666666666667, "cnt": 12}, "GENERAL": {"medie": 4.616239316239317, "reusita": 10.0, "cnt": 50}, "ANATOMIE SI FIZIOLOGIE UMANA, GENETICA SI ECOLOGIE UMANA": {"medie": 2.3, "reusita": 0.0, "cnt": 1}, "ISTORIE": {"medie": 4.909677419354839, "reusita": 54.054054054054056, "cnt": 37}, "GEOGRAFIE": {"medie": 4.430000000000001, "reusita": 40.0, "cnt": 5}, "LOGICA, ARGUMENTARE SI COMUNICARE": {"medie": 5.5, "reusita": 60.0, "cnt": 5}, "SOCIOLOGIE": {"medie": 5.235714285714285, "reusita": 51.85185185185185, "cnt": 27}}, "nume": "COLEGIUL ECOLOGIC \"PROF.UNIV.DR. ALEXANDRU IONESCU\" PITESTI\tArge\u0219"}