{"specializari": {"TEHNICIAN IN INDUSTRIA PIELARIEI": 1, "FILOLOGIE": 3, "TEHNICIAN IN ACTIVITATI DE COMERT": 20, "TEHNICIAN IN INDUSTRIA TEXTILA": 2, "TEHNICIAN OPERATOR TEHNICA DE CALCUL": 3, "STIINTE ALE NATURII": 26}, "limba_moderna": {"LIMBA GERMANA MODERNA": 6, "LIMBA ENGLEZA": 47, "LIMBA FRANCEZA": 2}, "limba_materna": {"LIMBA ROMANA": 55}, "promotie_anterioara": {"DA": 12, "NU": 43}, "materii": {"LIMBA ROMANA": {"medie": 6.841818181818183, "reusita": 90.9090909090909, "cnt": 55}, "MATEMATICA TEHN": {"medie": 4.021739130434782, "reusita": 42.30769230769231, "cnt": 26}, "BIOLOGIE VEGETALA SI ANIMALA": {"medie": 6.95, "reusita": 40.0, "cnt": 5}, "GENERAL": {"medie": 6.773333333333335, "reusita": 60.0, "cnt": 55}, "ANATOMIE SI FIZIOLOGIE UMANA, GENETICA SI ECOLOGIE UMANA": {"medie": 8.365, "reusita": 100.0, "cnt": 20}, "FIZICA TEH": {"medie": "-", "reusita": 0.0, "cnt": 1}, "ISTORIE": {"medie": 6.216666666666666, "reusita": 100.0, "cnt": 3}, "GEOGRAFIE": {"medie": 7.047727272727272, "reusita": 91.30434782608695, "cnt": 23}, "MATEMATICA ST-NAT": {"medie": 6.700000000000002, "reusita": 92.3076923076923, "cnt": 26}, "FIZICA TEO": {"medie": 8.058333333333334, "reusita": 100.0, "cnt": 6}}, "nume": "COLEGIUL TEHNIC \"AUGUST TREBONIU LAURIAN\" AGNITA\tSibiu"}