{"specializari": {"MATEMATICA-INFORMATICA": 58, "FILOLOGIE": 32, "STIINTE SOCIALE": 35, "STIINTE ALE NATURII": 25, "TEHNICIAN MECANIC PENTRU INTRETINERE SI REPARATII": 7, "TEHNICIAN MECATRONIST": 13, "TEHNICIAN IN INDUSTRIA TEXTILA": 10, "TEHNICIAN ECOLOG SI PROTECTIA CALITATII MEDIULUI": 25, "TEHNICIAN IN ACTIVITATI ECONOMICE": 20, "TEHNICIAN OPERATOR TEHNICA DE CALCUL": 3, "TEHNICIAN IN PRELUCRAREA LEMNULUI": 4}, "limba_moderna": {"LIMBA ENGLEZA": 219, "LIMBA FRANCEZA": 13}, "limba_materna": {"LIMBA ROMANA": 232}, "promotie_anterioara": {"NU": 203, "DA": 29}, "materii": {"LIMBA ROMANA": {"medie": 7.424776785714282, "reusita": 89.22413793103449, "cnt": 232}, "MATEMATICA TEHN": {"medie": 3.5236111111111104, "reusita": 36.58536585365854, "cnt": 82}, "BIOLOGIE VEGETALA SI ANIMALA": {"medie": 3.6999999999999997, "reusita": 26.47058823529412, "cnt": 34}, "GENERAL": {"medie": 7.099315068493147, "reusita": 66.37931034482759, "cnt": 232}, "MATEMATICA MATE-INFO": {"medie": 7.389655172413794, "reusita": 89.65517241379311, "cnt": 58}, "ANATOMIE SI FIZIOLOGIE UMANA, GENETICA SI ECOLOGIE UMANA": {"medie": 7.044520547945205, "reusita": 74.32432432432432, "cnt": 74}, "FIZICA TEH": {"medie": 3.5, "reusita": 50.0, "cnt": 2}, "ISTORIE": {"medie": 8.336567164179105, "reusita": 97.01492537313433, "cnt": 67}, "GEOGRAFIE": {"medie": 8.279464285714285, "reusita": 98.24561403508771, "cnt": 57}, "MATEMATICA ST-NAT": {"medie": 7.698000000000002, "reusita": 100.0, "cnt": 25}, "FIZICA TEO": {"medie": 8.778260869565216, "reusita": 100.0, "cnt": 23}, "CHIMIE ORGANICA TEO NIVEL I/II": {"medie": 8.2, "reusita": 100.0, "cnt": 4}, "LOGICA, ARGUMENTARE SI COMUNICARE": {"medie": 8.666666666666666, "reusita": 100.0, "cnt": 3}, "INFORMATICA MI C/C++": {"medie": 9.133333333333333, "reusita": 100.0, "cnt": 6}, "PSIHOLOGIE": {"medie": 8.9, "reusita": 100.0, "cnt": 3}, "SOCIOLOGIE": {"medie": 7.54375, "reusita": 91.66666666666666, "cnt": 24}, "CHIMIE ANORGANICA TEH NIVEL I/II": {"medie": 3.9, "reusita": 0.0, "cnt": 1}, "CHIMIE ORGANICA TEH NIVEL I/II": {"medie": 1.0, "reusita": 0.0, "cnt": 1}}, "nume": "COLEGIUL TEHNIC \"DIMITRIE GHIKA\" COMANESTI\tBac\u0103u"}