{"specializari": {"MATEMATICA-INFORMATICA": 66, "STIINTE ALE NATURII": 62, "STIINTE SOCIALE": 58}, "limba_moderna": {"LIMBA ENGLEZA": 146, "LIMBA GERMANA MODERNA": 21, "LIMBA FRANCEZA": 19}, "limba_materna": {"LIMBA ROMANA": 186}, "promotie_anterioara": {"DA": 6, "NU": 180}, "materii": {"LIMBA ROMANA": {"medie": 8.462432432432434, "reusita": 98.9247311827957, "cnt": 186}, "BIOLOGIE VEGETALA SI ANIMALA": {"medie": 5.08, "reusita": 60.0, "cnt": 5}, "GENERAL": {"medie": 8.740540540540538, "reusita": 96.23655913978494, "cnt": 186}, "MATEMATICA MATE-INFO": {"medie": 8.881818181818183, "reusita": 95.45454545454545, "cnt": 66}, "ANATOMIE SI FIZIOLOGIE UMANA, GENETICA SI ECOLOGIE UMANA": {"medie": 9.237878787878792, "reusita": 97.01492537313433, "cnt": 67}, "ISTORIE": {"medie": 8.989655172413793, "reusita": 100.0, "cnt": 58}, "GEOGRAFIE": {"medie": 9.180000000000001, "reusita": 100.0, "cnt": 5}, "MATEMATICA ST-NAT": {"medie": 8.751639344262292, "reusita": 98.38709677419355, "cnt": 62}, "FIZICA TEO": {"medie": 9.344, "reusita": 100.0, "cnt": 25}, "CHIMIE ORGANICA TEO NIVEL I/II": {"medie": 8.666666666666666, "reusita": 100.0, "cnt": 3}, "LOGICA, ARGUMENTARE SI COMUNICARE": {"medie": 8.651020408163266, "reusita": 97.95918367346938, "cnt": 49}, "INFORMATICA MI C/C++": {"medie": 8.813999999999998, "reusita": 100.0, "cnt": 25}, "CHIMIE ANORGANICA TEO NIVEL I/II": {"medie": 5.6, "reusita": 100.0, "cnt": 1}, "SOCIOLOGIE": {"medie": 9.575, "reusita": 100.0, "cnt": 2}, "ECONOMIE": {"medie": 9.350000000000001, "reusita": 100.0, "cnt": 2}, "INFORMATICA SN C/C++": {"medie": 7.85, "reusita": 100.0, "cnt": 2}}, "nume": "COLEGIUL NATIONAL \"ALEXANDRU PAPIU ILARIAN\" TIRGU MURES\tMure\u0219"}