{"specializari": {"TEHNICIAN IN SILVICULTURA SI EXPLOATARI FORESTIERE": 59, "STIINTE ALE NATURII": 18, "MATEMATICA-INFORMATICA": 2}, "limba_moderna": {"LIMBA ENGLEZA": 74, "LIMBA FRANCEZA": 5}, "limba_materna": {"LIMBA ROMANA": 79}, "promotie_anterioara": {"NU": 43, "DA": 36}, "materii": {"LIMBA ROMANA": {"medie": 4.290000000000002, "reusita": 43.037974683544306, "cnt": 79}, "MATEMATICA TEHN": {"medie": 2.683653846153846, "reusita": 25.423728813559322, "cnt": 59}, "BIOLOGIE VEGETALA SI ANIMALA": {"medie": 3.7654411764705866, "reusita": 29.48717948717949, "cnt": 78}, "GENERAL": {"medie": 3.674074074074073, "reusita": 6.329113924050633, "cnt": 79}, "MATEMATICA MATE-INFO": {"medie": 3.725, "reusita": 50.0, "cnt": 2}, "ANATOMIE SI FIZIOLOGIE UMANA, GENETICA SI ECOLOGIE UMANA": {"medie": 1.8, "reusita": 0.0, "cnt": 1}, "MATEMATICA ST-NAT": {"medie": 2.4916666666666667, "reusita": 22.22222222222222, "cnt": 18}}, "nume": "COLEGIUL SILVIC \"THEODOR PIETRARU\" BRANESTI\tIlfov"}