{"specializari": {"TEHNICIAN IN ACTIVITATI ECONOMICE": 87, "TEHNICIAN IN HOTELARIE": 29, "MATEMATICA-INFORMATICA": 29, "TEHNICIAN IN ADMINISTRATIE": 4, "STIINTE ALE NATURII": 28, "STIINTE SOCIALE": 38, "TEHNICIAN IN ACTIVITATI DE COMERT": 27}, "limba_moderna": {"LIMBA ITALIANA": 5, "LIMBA ENGLEZA": 209, "LIMBA SPANIOLA": 3, "LIMBA FRANCEZA": 25}, "limba_materna": {"LIMBA ROMANA": 242}, "promotie_anterioara": {"DA": 40, "NU": 202}, "materii": {"LIMBA ROMANA": {"medie": 7.182987551867217, "reusita": 96.69421487603306, "cnt": 242}, "MATEMATICA TEHN": {"medie": 6.09722222222222, "reusita": 74.82993197278913, "cnt": 147}, "BIOLOGIE VEGETALA SI ANIMALA": {"medie": 5.4, "reusita": 100.0, "cnt": 1}, "GENERAL": {"medie": 7.161854951185499, "reusita": 74.79338842975206, "cnt": 242}, "MATEMATICA MATE-INFO": {"medie": 6.387931034482759, "reusita": 86.20689655172413, "cnt": 29}, "ANATOMIE SI FIZIOLOGIE UMANA, GENETICA SI ECOLOGIE UMANA": {"medie": 8.013333333333332, "reusita": 96.66666666666667, "cnt": 30}, "ISTORIE": {"medie": 7.877631578947367, "reusita": 100.0, "cnt": 38}, "GEOGRAFIE": {"medie": 7.893092105263159, "reusita": 96.1038961038961, "cnt": 154}, "FILOSOFIE": {"medie": 5.4, "reusita": 100.0, "cnt": 1}, "MATEMATICA ST-NAT": {"medie": 6.6678571428571445, "reusita": 92.85714285714286, "cnt": 28}, "FIZICA TEO": {"medie": 7.8, "reusita": 100.0, "cnt": 1}, "CHIMIE ORGANICA TEO NIVEL I/II": {"medie": 5.866666666666667, "reusita": 66.66666666666666, "cnt": 3}, "LOGICA, ARGUMENTARE SI COMUNICARE": {"medie": 7.85, "reusita": 86.20689655172413, "cnt": 29}, "INFORMATICA MI C/C++": {"medie": 7.541666666666667, "reusita": 100.0, "cnt": 18}, "PSIHOLOGIE": {"medie": 8.8, "reusita": 100.0, "cnt": 1}, "CHIMIE ANORGANICA TEO NIVEL I/II": {"medie": 5.6125, "reusita": 50.0, "cnt": 4}}, "nume": "COLEGIUL ECONOMIC \"ANGHEL RUGINA\", MUN. VASLUI\tVaslui"}