{"specializari": {"TEHNICIAN ELECTRONIST": 1, "TEHNICIAN MECANIC PENTRU INTRETINERE SI REPARATII": 8, "TEHNICIAN IN ACTIVITATI ECONOMICE": 42, "TEHNICIAN OPERATOR TEHNICA DE CALCUL": 9, "MATEMATICA-INFORMATICA": 31, "FILOLOGIE": 30, "TEHNICIAN ECOLOG SI PROTECTIA CALITATII MEDIULUI": 5}, "limba_moderna": {"LIMBA FRANCEZA": 50, "LIMBA ENGLEZA": 76}, "limba_materna": {"LIMBA ROMANA": 126}, "promotie_anterioara": {"DA": 59, "NU": 67}, "materii": {"LIMBA ROMANA": {"medie": 5.737804878048781, "reusita": 73.80952380952381, "cnt": 126}, "MATEMATICA TEHN": {"medie": 4.3330769230769235, "reusita": 53.84615384615385, "cnt": 65}, "BIOLOGIE VEGETALA SI ANIMALA": {"medie": 3.591025641025641, "reusita": 31.70731707317073, "cnt": 41}, "GENERAL": {"medie": 5.291463414634149, "reusita": 34.92063492063492, "cnt": 126}, "MATEMATICA MATE-INFO": {"medie": 2.3206896551724143, "reusita": 12.903225806451612, "cnt": 31}, "ANATOMIE SI FIZIOLOGIE UMANA, GENETICA SI ECOLOGIE UMANA": {"medie": 5.054545454545455, "reusita": 54.54545454545454, "cnt": 11}, "FIZICA TEH": {"medie": 3.425, "reusita": 50.0, "cnt": 2}, "ISTORIE": {"medie": 6.606666666666668, "reusita": 93.33333333333333, "cnt": 30}, "GEOGRAFIE": {"medie": 6.973333333333337, "reusita": 91.66666666666666, "cnt": 60}, "LOGICA, ARGUMENTARE SI COMUNICARE": {"medie": 6.555, "reusita": 80.0, "cnt": 10}, "PSIHOLOGIE": {"medie": 8.3, "reusita": 100.0, "cnt": 2}}, "nume": "COLEGIUL TEHNIC MATASARI\tGorj"}