{"specializari": {"STIINTE ALE NATURII": 4, "TEHNICIAN IN TURISM": 19, "MATEMATICA-INFORMATICA": 22, "TEHNICIAN IN GASTRONOMIE": 3, "FILOLOGIE": 4}, "limba_moderna": {"LIMBA ENGLEZA": 38, "LIMBA FRANCEZA": 14}, "limba_materna": {"LIMBA ROMANA": 52}, "promotie_anterioara": {"DA": 22, "NU": 30}, "materii": {"LIMBA ROMANA": {"medie": 6.195918367346939, "reusita": 90.38461538461539, "cnt": 52}, "MATEMATICA TEHN": {"medie": 3.2074999999999996, "reusita": 31.818181818181817, "cnt": 22}, "BIOLOGIE VEGETALA SI ANIMALA": {"medie": 6.507142857142857, "reusita": 75.0, "cnt": 8}, "GENERAL": {"medie": 5.681250000000001, "reusita": 40.38461538461539, "cnt": 52}, "MATEMATICA MATE-INFO": {"medie": 5.320454545454545, "reusita": 68.18181818181817, "cnt": 22}, "ANATOMIE SI FIZIOLOGIE UMANA, GENETICA SI ECOLOGIE UMANA": {"medie": 7.673076923076922, "reusita": 92.3076923076923, "cnt": 13}, "ISTORIE": {"medie": 5.8125, "reusita": 100.0, "cnt": 4}, "GEOGRAFIE": {"medie": 5.810416666666669, "reusita": 69.23076923076923, "cnt": 26}, "MATEMATICA ST-NAT": {"medie": 3.05, "reusita": 25.0, "cnt": 4}, "FIZICA TEO": {"medie": 5.05, "reusita": 100.0, "cnt": 1}, "CHIMIE ORGANICA TEO NIVEL I/II": {"medie": 7.85, "reusita": 100.0, "cnt": 1}, "INFORMATICA MI C/C++": {"medie": 8.3, "reusita": 100.0, "cnt": 1}, "CHIMIE ANORGANICA TEO NIVEL I/II": {"medie": 4.275, "reusita": 50.0, "cnt": 2}}, "nume": "COLEGIUL \"ION KALINDERU\", ORASUL BUSTENI\tPrahova"}