{"specializari": {"MATEMATICA-INFORMATICA": 117}, "limba_moderna": {"LIMBA ENGLEZA": 91, "LIMBA FRANCEZA": 26}, "limba_materna": {"LIMBA ROMANA": 117}, "promotie_anterioara": {"DA": 1, "NU": 116}, "materii": {"LIMBA ROMANA": {"medie": 8.776923076923078, "reusita": 100.0, "cnt": 117}, "BIOLOGIE VEGETALA SI ANIMALA": {"medie": 9.303333333333333, "reusita": 100.0, "cnt": 15}, "GENERAL": {"medie": 8.875213675213676, "reusita": 99.14529914529915, "cnt": 117}, "MATEMATICA MATE-INFO": {"medie": 8.867521367521372, "reusita": 100.0, "cnt": 117}, "FIZICA TEO": {"medie": 8.963978494623653, "reusita": 98.9247311827957, "cnt": 93}, "CHIMIE ORGANICA TEO NIVEL I/II": {"medie": 8.975000000000001, "reusita": 100.0, "cnt": 4}, "INFORMATICA MI C/C++": {"medie": 7.900000000000001, "reusita": 100.0, "cnt": 3}, "CHIMIE ANORGANICA TEO NIVEL I/II": {"medie": 9.0, "reusita": 100.0, "cnt": 2}}, "nume": "COLEGIUL NATIONAL MILITAR \"STEFAN CEL MARE\" CAMPULUNG MOLDOVENESC\tSuceava"}