{"specializari": {"STIINTE SOCIALE": 61, "STIINTE ALE NATURII": 74, "MATEMATICA-INFORMATICA": 61, "FILOLOGIE": 29}, "limba_moderna": {"LIMBA ENGLEZA": 173, "LIMBA FRANCEZA": 41, "LIMBA GERMANA MODERNA": 11}, "limba_materna": {"LIMBA GERMANA": 16, "LIMBA ROMANA": 209}, "promotie_anterioara": {"DA": 4, "NU": 221}, "materii": {"LIMBA ROMANA": {"medie": 8.528444444444444, "reusita": 100.0, "cnt": 225}, "BIOLOGIE VEGETALA SI ANIMALA": {"medie": 3.0, "reusita": 0.0, "cnt": 1}, "GENERAL": {"medie": 8.665848214285713, "reusita": 97.33333333333334, "cnt": 225}, "MATEMATICA MATE-INFO": {"medie": 8.340983606557378, "reusita": 98.36065573770492, "cnt": 61}, "ANATOMIE SI FIZIOLOGIE UMANA, GENETICA SI ECOLOGIE UMANA": {"medie": 9.252840909090908, "reusita": 98.86363636363636, "cnt": 88}, "ISTORIE": {"medie": 9.08944444444444, "reusita": 100.0, "cnt": 90}, "GEOGRAFIE": {"medie": 9.099999999999998, "reusita": 100.0, "cnt": 52}, "MATEMATICA ST-NAT": {"medie": 8.299324324324326, "reusita": 97.2972972972973, "cnt": 74}, "FIZICA TEO": {"medie": 7.946875000000001, "reusita": 94.11764705882352, "cnt": 17}, "CHIMIE ORGANICA TEO NIVEL I/II": {"medie": 8.825, "reusita": 100.0, "cnt": 2}, "LOGICA, ARGUMENTARE SI COMUNICARE": {"medie": 8.703125, "reusita": 100.0, "cnt": 32}, "INFORMATICA MI C/C++": {"medie": 7.923999999999999, "reusita": 100.0, "cnt": 25}, "PSIHOLOGIE": {"medie": 8.9, "reusita": 100.0, "cnt": 3}, "CHIMIE ANORGANICA TEO NIVEL I/II": {"medie": 10.0, "reusita": 100.0, "cnt": 1}, "LIMBA GERMANA": {"medie": 7.48125, "reusita": 100.0, "cnt": 16}, "SOCIOLOGIE": {"medie": 8.416666666666666, "reusita": 100.0, "cnt": 3}, "INFORMATICA SN C/C++": {"medie": 6.5, "reusita": 100.0, "cnt": 1}}, "nume": "COLEGIUL NATIONAL BANATEAN TIMISOARA\tTimi\u0219"}