{"specializari": {"MATEMATICA-INFORMATICA": 81, "FILOLOGIE": 39, "STIINTE SOCIALE": 78, "STIINTE ALE NATURII": 37}, "limba_moderna": {"LIMBA ENGLEZA": 223, "LIMBA GERMANA MODERNA": 8, "LIMBA ITALIANA": 4}, "limba_materna": {"LIMBA ROMANA": 235}, "promotie_anterioara": {"NU": 227, "DA": 8}, "materii": {"LIMBA ROMANA": {"medie": 8.17478632478632, "reusita": 99.57446808510639, "cnt": 235}, "GENERAL": {"medie": 8.292417739628043, "reusita": 94.8936170212766, "cnt": 235}, "MATEMATICA MATE-INFO": {"medie": 7.966874999999996, "reusita": 98.76543209876543, "cnt": 81}, "ANATOMIE SI FIZIOLOGIE UMANA, GENETICA SI ECOLOGIE UMANA": {"medie": 8.801388888888887, "reusita": 97.22222222222221, "cnt": 36}, "ISTORIE": {"medie": 8.61077586206897, "reusita": 96.58119658119658, "cnt": 117}, "GEOGRAFIE": {"medie": 9.06590909090909, "reusita": 100.0, "cnt": 22}, "MATEMATICA ST-NAT": {"medie": 7.710810810810813, "reusita": 100.0, "cnt": 37}, "FIZICA TEO": {"medie": 7.888461538461538, "reusita": 96.15384615384616, "cnt": 52}, "CHIMIE ORGANICA TEO NIVEL I/II": {"medie": 8.592857142857143, "reusita": 100.0, "cnt": 14}, "LOGICA, ARGUMENTARE SI COMUNICARE": {"medie": 8.870192307692308, "reusita": 96.22641509433963, "cnt": 53}, "INFORMATICA MI C/C++": {"medie": 7.725000000000001, "reusita": 92.85714285714286, "cnt": 14}, "PSIHOLOGIE": {"medie": 8.835714285714287, "reusita": 100.0, "cnt": 7}, "CHIMIE ANORGANICA TEO NIVEL I/II": {"medie": 6.05, "reusita": 100.0, "cnt": 2}, "SOCIOLOGIE": {"medie": 8.161999999999999, "reusita": 96.0, "cnt": 25}, "ECONOMIE": {"medie": 7.784999999999999, "reusita": 100.0, "cnt": 10}}, "nume": "COLEGIUL NATIONAL \"ION NECULCE\"\tBucure\u0219ti"}