{"specializari": {"MATEMATICA-INFORMATICA": 113, "STIINTE ALE NATURII": 61, "STIINTE SOCIALE": 30}, "limba_moderna": {"LIMBA ENGLEZA": 171, "LIMBA FRANCEZA": 10, "LIMBA GERMANA MODERNA": 23}, "limba_materna": {"LIMBA ROMANA": 204}, "promotie_anterioara": {"NU": 202, "DA": 2}, "materii": {"LIMBA ROMANA": {"medie": 9.13382352941176, "reusita": 100.0, "cnt": 204}, "GENERAL": {"medie": 9.090277777777777, "reusita": 100.0, "cnt": 204}, "MATEMATICA MATE-INFO": {"medie": 8.72212389380531, "reusita": 100.0, "cnt": 113}, "ANATOMIE SI FIZIOLOGIE UMANA, GENETICA SI ECOLOGIE UMANA": {"medie": 9.496938775510204, "reusita": 100.0, "cnt": 98}, "ISTORIE": {"medie": 8.955, "reusita": 100.0, "cnt": 30}, "GEOGRAFIE": {"medie": 9.205, "reusita": 100.0, "cnt": 10}, "MATEMATICA ST-NAT": {"medie": 8.890163934426232, "reusita": 100.0, "cnt": 61}, "FIZICA TEO": {"medie": 8.035714285714286, "reusita": 100.0, "cnt": 7}, "CHIMIE ORGANICA TEO NIVEL I/II": {"medie": 9.555263157894737, "reusita": 100.0, "cnt": 19}, "LOGICA, ARGUMENTARE SI COMUNICARE": {"medie": 9.563157894736841, "reusita": 100.0, "cnt": 19}, "INFORMATICA MI C/C++": {"medie": 9.048999999999998, "reusita": 100.0, "cnt": 50}, "PSIHOLOGIE": {"medie": 8.7, "reusita": 100.0, "cnt": 1}}, "nume": "COLEGIUL NATIONAL \"EMANUIL GOJDU\" ORADEA\tBihor"}