{"specializari": {"INVATATOR - EDUCATOARE": 56, "FILOLOGIE": 66, "MATEMATICA-INFORMATICA": 62, "STIINTE ALE NATURII": 62}, "limba_moderna": {"LIMBA ENGLEZA": 229, "LIMBA FRANCEZA": 16, "LIMBA GERMANA MODERNA": 1}, "limba_materna": {"LIMBA ROMANA": 246}, "promotie_anterioara": {"NU": 245, "DA": 1}, "materii": {"LIMBA ROMANA": {"medie": 8.689634146341463, "reusita": 100.0, "cnt": 246}, "GENERAL": {"medie": 8.724186991869919, "reusita": 98.3739837398374, "cnt": 246}, "MATEMATICA MATE-INFO": {"medie": 7.933064516129032, "reusita": 98.38709677419355, "cnt": 62}, "ANATOMIE SI FIZIOLOGIE UMANA, GENETICA SI ECOLOGIE UMANA": {"medie": 8.995679012345677, "reusita": 100.0, "cnt": 81}, "ISTORIE": {"medie": 9.020454545454545, "reusita": 100.0, "cnt": 66}, "GEOGRAFIE": {"medie": 9.410576923076924, "reusita": 100.0, "cnt": 52}, "MATEMATICA ST-NAT": {"medie": 7.976612903225806, "reusita": 100.0, "cnt": 62}, "FIZICA TEO": {"medie": 7.735000000000001, "reusita": 85.0, "cnt": 20}, "CHIMIE ORGANICA TEO NIVEL I/II": {"medie": 9.600000000000001, "reusita": 100.0, "cnt": 2}, "LOGICA, ARGUMENTARE SI COMUNICARE": {"medie": 9.363768115942031, "reusita": 100.0, "cnt": 69}, "INFORMATICA MI C/C++": {"medie": 8.249999999999998, "reusita": 100.0, "cnt": 20}, "PSIHOLOGIE": {"medie": 8.8, "reusita": 100.0, "cnt": 1}, "MATEMATICA PED": {"medie": 8.915178571428571, "reusita": 100.0, "cnt": 56}, "INFORMATICA SN C/C++": {"medie": 8.0, "reusita": 100.0, "cnt": 1}}, "nume": "COLEGIUL NATIONAL PEDAGOGIC \"STEFAN VELOVAN\" CRAIOVA\tDolj"}