{"specializari": {"TEHNICIAN MECATRONIST": 16, "TEHNICIAN IN INSTALATII ELECTRICE": 10, "STIINTE SOCIALE": 13, "FILOLOGIE": 1, "MATEMATICA-INFORMATICA": 1, "TEHNICIAN IN AUTOMATIZARI": 4, "TEHNICIAN ELECTRICIAN/ELECTRONIST AUTO": 1}, "limba_moderna": {"LIMBA ENGLEZA": 42, "LIMBA FRANCEZA": 4}, "limba_materna": {"LIMBA ROMANA": 46}, "promotie_anterioara": {"NU": 32, "DA": 14}, "materii": {"LIMBA ROMANA": {"medie": 5.9, "reusita": 82.6086956521739, "cnt": 46}, "MATEMATICA TEHN": {"medie": 3.6999999999999997, "reusita": 41.935483870967744, "cnt": 31}, "BIOLOGIE VEGETALA SI ANIMALA": {"medie": 4.8921052631578945, "reusita": 50.0, "cnt": 22}, "GENERAL": {"medie": 5.2300813008130085, "reusita": 30.434782608695656, "cnt": 46}, "MATEMATICA MATE-INFO": {"medie": "-", "reusita": 0.0, "cnt": 1}, "FIZICA TEH": {"medie": 3.075, "reusita": 20.0, "cnt": 10}, "ISTORIE": {"medie": 6.325, "reusita": 85.71428571428571, "cnt": 14}, "GEOGRAFIE": {"medie": 7.508333333333333, "reusita": 91.66666666666666, "cnt": 12}, "LOGICA, ARGUMENTARE SI COMUNICARE": {"medie": 9.4, "reusita": 100.0, "cnt": 1}, "SOCIOLOGIE": {"medie": 6.7, "reusita": 100.0, "cnt": 1}}, "nume": "COLEGIUL TEHNIC \"SAMUIL ISOPESCU\" SUCEAVA\tSuceava"}