{"specializari": {"FILOLOGIE": 30, "TEHNICIAN IN TURISM": 34, "MATEMATICA-INFORMATICA": 59, "ORGANIZATOR BANQUETING": 8, "TEHNICIAN IN GASTRONOMIE": 1, "TEHNICIAN MECANIC PENTRU INTRETINERE SI REPARATII": 1}, "limba_moderna": {"LIMBA ENGLEZA": 105, "LIMBA FRANCEZA": 28}, "limba_materna": {"LIMBA ROMANA": 133}, "promotie_anterioara": {"NU": 114, "DA": 19}, "materii": {"LIMBA ROMANA": {"medie": 7.435338345864663, "reusita": 96.2406015037594, "cnt": 133}, "MATEMATICA TEHN": {"medie": 5.594186046511627, "reusita": 68.18181818181817, "cnt": 44}, "BIOLOGIE VEGETALA SI ANIMALA": {"medie": 7.839583333333331, "reusita": 87.5, "cnt": 24}, "GENERAL": {"medie": 7.430788804071248, "reusita": 76.69172932330827, "cnt": 133}, "MATEMATICA MATE-INFO": {"medie": 7.211016949152542, "reusita": 79.66101694915254, "cnt": 59}, "ANATOMIE SI FIZIOLOGIE UMANA, GENETICA SI ECOLOGIE UMANA": {"medie": 8.875, "reusita": 100.0, "cnt": 6}, "ISTORIE": {"medie": 8.641666666666664, "reusita": 100.0, "cnt": 30}, "GEOGRAFIE": {"medie": 7.484259259259257, "reusita": 90.9090909090909, "cnt": 55}, "FIZICA TEO": {"medie": 8.919999999999998, "reusita": 100.0, "cnt": 10}, "CHIMIE ORGANICA TEO NIVEL I/II": {"medie": 9.4, "reusita": 100.0, "cnt": 5}, "LOGICA, ARGUMENTARE SI COMUNICARE": {"medie": 6.73125, "reusita": 87.5, "cnt": 8}, "INFORMATICA MI C/C++": {"medie": 7.407692307692306, "reusita": 100.0, "cnt": 13}, "PSIHOLOGIE": {"medie": 8.422222222222222, "reusita": 100.0, "cnt": 9}, "CHIMIE ANORGANICA TEO NIVEL I/II": {"medie": 4.45, "reusita": 50.0, "cnt": 2}, "SOCIOLOGIE": {"medie": 7.2, "reusita": 100.0, "cnt": 1}}, "nume": "COLEGIUL \"MIHAIL CANTACUZINO\", ORASUL SINAIA\tPrahova"}