{"specializari": {"TEHNICIAN IN ACTIVITATI ECONOMICE": 26, "TEHNICIAN ANALIZE PRODUSE ALIMENTARE": 33, "TEHNICIAN ECOLOG SI PROTECTIA CALITATII MEDIULUI": 28, "TEHNICIAN IN AGRICULTURA ECOLOGICA": 24, "ORGANIZATOR BANQUETING": 27, "TEHNICIAN HORTICULTOR": 2, "TEHNICIAN IN AGRICULTURA": 1}, "limba_moderna": {"LIMBA ENGLEZA": 116, "LIMBA FRANCEZA": 25}, "limba_materna": {"LIMBA ROMANA": 141}, "promotie_anterioara": {"NU": 111, "DA": 30}, "materii": {"LIMBA ROMANA": {"medie": 5.966666666666665, "reusita": 87.2340425531915, "cnt": 141}, "MATEMATICA TEHN": {"medie": 5.281851851851852, "reusita": 65.95744680851064, "cnt": 141}, "BIOLOGIE VEGETALA SI ANIMALA": {"medie": 7.5, "reusita": 100.0, "cnt": 1}, "GENERAL": {"medie": 5.759899749373433, "reusita": 43.262411347517734, "cnt": 141}, "ANATOMIE SI FIZIOLOGIE UMANA, GENETICA SI ECOLOGIE UMANA": {"medie": 5.61474358974359, "reusita": 67.07317073170732, "cnt": 82}, "FIZICA TEH": {"medie": 4.5, "reusita": 50.0, "cnt": 2}, "GEOGRAFIE": {"medie": 6.1774509803921545, "reusita": 80.3921568627451, "cnt": 51}, "LOGICA, ARGUMENTARE SI COMUNICARE": {"medie": 8.0, "reusita": 100.0, "cnt": 1}, "PSIHOLOGIE": {"medie": 8.2, "reusita": 100.0, "cnt": 1}, "CHIMIE ANORGANICA TEH NIVEL I/II": {"medie": 5.0, "reusita": 100.0, "cnt": 1}, "CHIMIE ORGANICA TEH NIVEL I/II": {"medie": 8.475, "reusita": 100.0, "cnt": 2}}, "nume": "COLEGIUL AGRICOL SI DE INDUSTRIE ALIMENTARA \"VASILE ADAMACHI\", IASI\tIa\u0219i"}