{"specializari": {"TEHNICIAN IN ACTIVITATI ECONOMICE": 135, "TEHNICIAN IN HOTELARIE": 28, "ORGANIZATOR BANQUETING": 25, "TEHNICIAN IN ACHIZITII SI CONTRACTARI": 1, "TEHNICIAN IN ACTIVITATI DE COMERT": 1, "TEHNICIAN IN GASTRONOMIE": 9}, "limba_moderna": {"LIMBA ENGLEZA": 175, "LIMBA FRANCEZA": 24}, "limba_materna": {"LIMBA ROMANA": 199}, "promotie_anterioara": {"NU": 194, "DA": 5}, "materii": {"LIMBA ROMANA": {"medie": 7.59572864321608, "reusita": 98.49246231155779, "cnt": 199}, "MATEMATICA TEHN": {"medie": 7.239646464646462, "reusita": 89.9497487437186, "cnt": 199}, "GENERAL": {"medie": 7.707154882154884, "reusita": 85.42713567839196, "cnt": 199}, "GEOGRAFIE": {"medie": 8.582539682539682, "reusita": 96.82539682539682, "cnt": 63}, "LOGICA, ARGUMENTARE SI COMUNICARE": {"medie": 8.106666666666667, "reusita": 93.33333333333333, "cnt": 135}, "ECONOMIE": {"medie": 8.5, "reusita": 100.0, "cnt": 1}}, "nume": "COLEGIUL ECONOMIC \"NICOLAE TITULESCU\" BAIA MARE\tMaramure\u0219"}