{"specializari": {"TEHNICIAN ANALIZE PRODUSE ALIMENTARE": 24, "TEHNICIAN ECOLOG SI PROTECTIA CALITATII MEDIULUI": 46, "TEHNICIAN IN SILVICULTURA SI EXPLOATARI FORESTIERE": 10, "TEHNICIAN CHIMIST DE LABORATOR": 4, "TEHNICIAN IN INSTALATII ELECTRICE": 3}, "limba_moderna": {"LIMBA ENGLEZA": 39, "LIMBA FRANCEZA": 48}, "limba_materna": {"LIMBA ROMANA": 87}, "promotie_anterioara": {"DA": 35, "NU": 52}, "materii": {"LIMBA ROMANA": {"medie": 5.539102564102563, "reusita": 67.81609195402298, "cnt": 87}, "MATEMATICA TEHN": {"medie": 3.785616438356165, "reusita": 36.7816091954023, "cnt": 87}, "BIOLOGIE VEGETALA SI ANIMALA": {"medie": 4.663636363636364, "reusita": 31.25, "cnt": 16}, "GENERAL": {"medie": 4.858809523809525, "reusita": 21.839080459770116, "cnt": 87}, "ANATOMIE SI FIZIOLOGIE UMANA, GENETICA SI ECOLOGIE UMANA": {"medie": 5.289516129032257, "reusita": 55.072463768115945, "cnt": 69}, "CHIMIE ANORGANICA TEH NIVEL I/II": {"medie": 2.0, "reusita": 0.0, "cnt": 2}}, "nume": "COLEGIUL TEHNIC \"C.D. NENITESCU\" BAIA MARE\tMaramure\u0219"}