{"specializari": {"MUZICA": 28, "COREGRAFIE": 7, "ARTE PLASTICE SI DECORATIVE": 33, "ARHITECTURA, ARTE AMBIENTALE SI DESIGN": 21}, "limba_moderna": {"LIMBA ENGLEZA": 89}, "limba_materna": {"LIMBA ROMANA": 89}, "promotie_anterioara": {"NU": 83, "DA": 6}, "materii": {"LIMBA ROMANA": {"medie": 7.122727272727271, "reusita": 96.62921348314607, "cnt": 89}, "GENERAL": {"medie": 7.581034482758618, "reusita": 82.02247191011236, "cnt": 89}, "ISTORIE": {"medie": 7.566477272727273, "reusita": 96.62921348314607, "cnt": 89}, "GEOGRAFIE": {"medie": 7.930357142857141, "reusita": 92.98245614035088, "cnt": 57}, "LOGICA, ARGUMENTARE SI COMUNICARE": {"medie": 8.089285714285715, "reusita": 89.65517241379311, "cnt": 29}, "PSIHOLOGIE": {"medie": 8.766666666666666, "reusita": 100.0, "cnt": 3}}, "nume": "COLEGIUL NATIONAL DE ARTA \"GEORGE APOSTU\" BACAU\tBac\u0103u"}