{"specializari": {"STIINTE ALE NATURII": 116, "MATEMATICA-INFORMATICA": 25, "STIINTE SOCIALE": 25}, "limba_moderna": {"LIMBA ENGLEZA": 153, "LIMBA GERMANA MODERNA": 5, "LIMBA FRANCEZA": 8}, "limba_materna": {"LIMBA ROMANA": 166}, "promotie_anterioara": {"NU": 160, "DA": 6}, "materii": {"LIMBA ROMANA": {"medie": 8.626969696969697, "reusita": 98.79518072289156, "cnt": 166}, "BIOLOGIE VEGETALA SI ANIMALA": {"medie": 8.3625, "reusita": 100.0, "cnt": 4}, "GENERAL": {"medie": 8.087575757575758, "reusita": 90.96385542168674, "cnt": 166}, "MATEMATICA MATE-INFO": {"medie": 7.217999999999998, "reusita": 96.0, "cnt": 25}, "ANATOMIE SI FIZIOLOGIE UMANA, GENETICA SI ECOLOGIE UMANA": {"medie": 8.890804597701147, "reusita": 97.72727272727273, "cnt": 88}, "ISTORIE": {"medie": 9.37, "reusita": 100.0, "cnt": 25}, "GEOGRAFIE": {"medie": 9.3625, "reusita": 100.0, "cnt": 4}, "MATEMATICA ST-NAT": {"medie": 6.799130434782611, "reusita": 90.51724137931035, "cnt": 116}, "FIZICA TEO": {"medie": 6.7, "reusita": 92.85714285714286, "cnt": 14}, "CHIMIE ORGANICA TEO NIVEL I/II": {"medie": 7.32, "reusita": 100.0, "cnt": 10}, "LOGICA, ARGUMENTARE SI COMUNICARE": {"medie": 8.905555555555555, "reusita": 100.0, "cnt": 18}, "INFORMATICA MI C/C++": {"medie": 7.925, "reusita": 100.0, "cnt": 10}, "PSIHOLOGIE": {"medie": 8.0, "reusita": 100.0, "cnt": 2}, "CHIMIE ANORGANICA TEO NIVEL I/II": {"medie": 7.071428571428571, "reusita": 92.85714285714286, "cnt": 14}, "SOCIOLOGIE": {"medie": 8.35, "reusita": 100.0, "cnt": 1}, "INFORMATICA SN C/C++": {"medie": 9.0, "reusita": 100.0, "cnt": 1}}, "nume": "COLEGIUL DE STIINTE ALE NATURII \"EMIL RACOVITA\" BRASOV\tBra\u0219ov"}