{"specializari": {"MATEMATICA-INFORMATICA": 147}, "limba_moderna": {"LIMBA ENGLEZA": 125, "LIMBA GERMANA MODERNA": 15, "LIMBA FRANCEZA": 7}, "limba_materna": {"LIMBA ROMANA": 147}, "promotie_anterioara": {"NU": 146, "DA": 1}, "materii": {"LIMBA ROMANA": {"medie": 8.874149659863942, "reusita": 100.0, "cnt": 147}, "BIOLOGIE VEGETALA SI ANIMALA": {"medie": 8.633333333333333, "reusita": 100.0, "cnt": 3}, "GENERAL": {"medie": 8.761337868480728, "reusita": 100.0, "cnt": 147}, "MATEMATICA MATE-INFO": {"medie": 8.418367346938778, "reusita": 100.0, "cnt": 147}, "ANATOMIE SI FIZIOLOGIE UMANA, GENETICA SI ECOLOGIE UMANA": {"medie": 9.247297297297298, "reusita": 100.0, "cnt": 37}, "FIZICA TEO": {"medie": 8.5, "reusita": 100.0, "cnt": 10}, "CHIMIE ORGANICA TEO NIVEL I/II": {"medie": 8.8, "reusita": 100.0, "cnt": 1}, "INFORMATICA MI C/C++": {"medie": 8.957291666666668, "reusita": 100.0, "cnt": 96}}, "nume": "COLEGIUL NATIONAL DE INFORMATICA \"GR. MOISIL\" BRASOV\tBra\u0219ov"}