{"specializari": {"MUZICA": 76, "ARTA ACTORULUI": 28}, "limba_moderna": {"LIMBA ENGLEZA": 100, "LIMBA FRANCEZA": 4}, "limba_materna": {"LIMBA ROMANA": 104}, "promotie_anterioara": {"NU": 89, "DA": 15}, "materii": {"LIMBA ROMANA": {"medie": 6.86442307692308, "reusita": 96.15384615384616, "cnt": 104}, "GENERAL": {"medie": 7.251779935275081, "reusita": 76.92307692307693, "cnt": 104}, "ISTORIE": {"medie": 7.199519230769233, "reusita": 91.34615384615384, "cnt": 104}, "GEOGRAFIE": {"medie": 7.08220338983051, "reusita": 88.13559322033898, "cnt": 59}, "LOGICA, ARGUMENTARE SI COMUNICARE": {"medie": 8.431578947368422, "reusita": 94.87179487179486, "cnt": 39}, "PSIHOLOGIE": {"medie": 8.216666666666667, "reusita": 100.0, "cnt": 6}}, "nume": "COLEGIUL NATIONAL DE ARTE \"DINU LIPATTI\"\tBucure\u0219ti"}