{"specializari": {"TEHNICIAN PRELUCRARI PE MASINI CU COMANDA NUMERICA": 6, "MATEMATICA-INFORMATICA": 24, "TEHNICIAN TRANSPORTURI": 1, "TEHNICIAN PROIECTANT CAD": 1, "TEHNICIAN OPERATOR TEHNICA DE CALCUL": 1, "TEHNICIAN ELECTRICIAN/ELECTRONIST AUTO": 15, "TEHNICIAN IN AUTOMATIZARI": 2}, "limba_moderna": {"LIMBA ENGLEZA": 45, "LIMBA FRANCEZA": 4, "LIMBA RUSA": 1}, "limba_materna": {"LIMBA ROMANA": 50}, "promotie_anterioara": {"NU": 36, "DA": 14}, "materii": {"LIMBA ROMANA": {"medie": 6.452040816326529, "reusita": 94.0, "cnt": 50}, "MATEMATICA TEHN": {"medie": 5.164, "reusita": 61.53846153846154, "cnt": 26}, "BIOLOGIE VEGETALA SI ANIMALA": {"medie": 5.9433333333333325, "reusita": 76.47058823529412, "cnt": 17}, "GENERAL": {"medie": 5.995075757575759, "reusita": 52.0, "cnt": 50}, "MATEMATICA MATE-INFO": {"medie": 5.814285714285714, "reusita": 75.0, "cnt": 24}, "FIZICA TEH": {"medie": 5.166666666666667, "reusita": 66.66666666666666, "cnt": 9}, "FIZICA TEO": {"medie": 5.92, "reusita": 80.0, "cnt": 5}, "INFORMATICA MI C/C++": {"medie": 7.6, "reusita": 100.0, "cnt": 1}, "CHIMIE ANORGANICA TEO NIVEL I/II": {"medie": 7.909090909090907, "reusita": 100.0, "cnt": 11}, "CHIMIE ANORGANICA TEH NIVEL I/II": {"medie": 3.7999999999999994, "reusita": 33.33333333333333, "cnt": 6}, "CHIMIE ORGANICA TEH NIVEL I/II": {"medie": 2.2, "reusita": 0.0, "cnt": 1}}, "nume": "COLEGIUL TEHNIC \"MIHAIL STURDZA\", IASI\tIa\u0219i"}