{"specializari": {"MATEMATICA-INFORMATICA": 46, "TEHNICIAN MECATRONIST": 23, "FILOLOGIE": 27, "STIINTE ALE NATURII": 19, "TEHNICIAN TRANSPORTURI": 12, "TEHNICIAN IN ACTIVITATI ECONOMICE": 63, "TEHNICIAN DESENATOR PENTRU CONSTRUCTII SI INSTALATII": 30, "STIINTE SOCIALE": 34, "TEHNICIAN IN INSTALATII ELECTRICE": 20, "TEHNICIAN IN INDUSTRIA TEXTILA": 10}, "limba_moderna": {"LIMBA ENGLEZA": 264, "LIMBA GERMANA MODERNA": 6, "LIMBA FRANCEZA": 12, "LIMBA RUSA": 2}, "limba_materna": {"LIMBA ROMANA": 284}, "promotie_anterioara": {"NU": 247, "DA": 37}, "materii": {"LIMBA ROMANA": {"medie": 6.673321554770315, "reusita": 92.25352112676056, "cnt": 284}, "MATEMATICA TEHN": {"medie": 5.171476510067115, "reusita": 60.75949367088608, "cnt": 158}, "BIOLOGIE VEGETALA SI ANIMALA": {"medie": 4.828651685393258, "reusita": 44.680851063829785, "cnt": 94}, "GENERAL": {"medie": 6.537345679012347, "reusita": 60.56338028169014, "cnt": 284}, "MATEMATICA MATE-INFO": {"medie": 6.2727272727272725, "reusita": 78.26086956521739, "cnt": 46}, "ANATOMIE SI FIZIOLOGIE UMANA, GENETICA SI ECOLOGIE UMANA": {"medie": 8.384, "reusita": 98.0, "cnt": 50}, "FIZICA TEH": {"medie": 6.2, "reusita": 100.0, "cnt": 1}, "ISTORIE": {"medie": 7.568032786885247, "reusita": 96.72131147540983, "cnt": 61}, "GEOGRAFIE": {"medie": 7.791176470588234, "reusita": 100.0, "cnt": 17}, "MATEMATICA ST-NAT": {"medie": 5.639473684210526, "reusita": 78.94736842105263, "cnt": 19}, "LOGICA, ARGUMENTARE SI COMUNICARE": {"medie": 7.66261682242991, "reusita": 89.7196261682243, "cnt": 107}, "INFORMATICA MI C/C++": {"medie": 7.3999999999999995, "reusita": 100.0, "cnt": 14}, "CHIMIE ORGANICA TEH NIVEL I/II": {"medie": 4.2, "reusita": 0.0, "cnt": 1}}, "nume": "COLEGIUL TEHNIC RADAUTI\tSuceava"}