{"specializari": {"MATEMATICA-INFORMATICA": 58, "STIINTE ALE NATURII": 25, "TEHNICIAN TRANSPORTURI": 24, "TEHNICIAN MECATRONIST": 16, "TEHNICIAN IN AUTOMATIZARI": 23, "TEHNICIAN MECANIC PENTRU INTRETINERE SI REPARATII": 14, "FILOLOGIE": 1, "TEHNICIAN ELECTROTEHNIST": 2, "TEHNICIAN PROIECTANT CAD": 4}, "limba_moderna": {"LIMBA ENGLEZA": 162, "LIMBA FRANCEZA": 5}, "limba_materna": {"LIMBA ROMANA": 167}, "promotie_anterioara": {"DA": 79, "NU": 88}, "materii": {"LIMBA ROMANA": {"medie": 5.352424242424241, "reusita": 70.65868263473054, "cnt": 167}, "MATEMATICA TEHN": {"medie": 2.5302816901408454, "reusita": 14.457831325301203, "cnt": 83}, "BIOLOGIE VEGETALA SI ANIMALA": {"medie": 3.4811688311688314, "reusita": 24.096385542168676, "cnt": 83}, "GENERAL": {"medie": 4.164512471655328, "reusita": 8.982035928143713, "cnt": 167}, "MATEMATICA MATE-INFO": {"medie": 2.826363636363636, "reusita": 22.413793103448278, "cnt": 58}, "ANATOMIE SI FIZIOLOGIE UMANA, GENETICA SI ECOLOGIE UMANA": {"medie": 5.493396226415096, "reusita": 66.07142857142857, "cnt": 56}, "FIZICA TEH": {"medie": 3.342857142857143, "reusita": 20.0, "cnt": 15}, "ISTORIE": {"medie": 9.45, "reusita": 100.0, "cnt": 1}, "GEOGRAFIE": {"medie": 9.2, "reusita": 100.0, "cnt": 1}, "MATEMATICA ST-NAT": {"medie": 3.50625, "reusita": 28.000000000000004, "cnt": 25}, "FIZICA TEO": {"medie": 2.96, "reusita": 0.0, "cnt": 5}, "INFORMATICA MI C/C++": {"medie": 3.56, "reusita": 20.0, "cnt": 5}, "CHIMIE ANORGANICA TEH NIVEL I/II": {"medie": 1.8, "reusita": 0.0, "cnt": 1}, "CHIMIE ORGANICA TEH NIVEL I/II": {"medie": 1.8, "reusita": 0.0, "cnt": 1}}, "nume": "COLEGIUL TEHNIC \"DIMITRIE LEONIDA\"\tBucure\u0219ti"}