{"specializari": {"STIINTE ALE NATURII": 20, "TEHNICIAN TRANSPORTURI": 12, "TEHNICIAN OPERATOR PROCESARE TEXT IMAGINE": 6, "TEHNICIAN IN INSTALATII ELECTRICE": 14, "TEHNICIAN DE TELECOMUNICATII": 15, "TEHNICIAN ELECTROMECANIC": 3, "TEHNICIAN MECANIC PENTRU INTRETINERE SI REPARATII": 4, "TEHNICIAN MECATRONIST": 1, "TEHNICIAN OPERATOR TEHNICA DE CALCUL": 4, "TEHNICIAN PROIECTANT CAD": 1, "TEHNICIAN ELECTROTEHNIST": 1, "TEHNICIAN ELECTRICIAN/ELECTRONIST AUTO": 1}, "limba_moderna": {"LIMBA FRANCEZA": 10, "LIMBA ENGLEZA": 72}, "limba_materna": {"LIMBA ROMANA": 82}, "promotie_anterioara": {"DA": 42, "NU": 40}, "materii": {"LIMBA ROMANA": {"medie": 5.7459999999999996, "reusita": 78.04878048780488, "cnt": 82}, "MATEMATICA TEHN": {"medie": 5.235849056603773, "reusita": 62.903225806451616, "cnt": 62}, "BIOLOGIE VEGETALA SI ANIMALA": {"medie": 5.4163461538461535, "reusita": 50.877192982456144, "cnt": 57}, "GENERAL": {"medie": 5.279234972677597, "reusita": 25.609756097560975, "cnt": 82}, "ANATOMIE SI FIZIOLOGIE UMANA, GENETICA SI ECOLOGIE UMANA": {"medie": 4.523076923076923, "reusita": 29.411764705882355, "cnt": 17}, "FIZICA TEH": {"medie": "-", "reusita": 0.0, "cnt": 3}, "MATEMATICA ST-NAT": {"medie": 2.4166666666666665, "reusita": 10.0, "cnt": 20}, "CHIMIE ANORGANICA TEH NIVEL I/II": {"medie": 6.7375, "reusita": 100.0, "cnt": 4}, "CHIMIE ORGANICA TEH NIVEL I/II": {"medie": 2.1, "reusita": 0.0, "cnt": 1}}, "nume": "COLEGIUL TEHNIC DE TRANSPORTURI BRASOV\tBra\u0219ov"}