{"specializari": {"MATEMATICA-INFORMATICA": 60, "STIINTE ALE NATURII": 29}, "limba_moderna": {"LIMBA ENGLEZA": 88, "LIMBA FRANCEZA": 1}, "limba_materna": {"LIMBA ROMANA": 89}, "promotie_anterioara": {"NU": 89}, "materii": {"LIMBA ROMANA": {"medie": 9.306179775280896, "reusita": 100.0, "cnt": 89}, "BIOLOGIE VEGETALA SI ANIMALA": {"medie": 9.8, "reusita": 100.0, "cnt": 1}, "GENERAL": {"medie": 9.419850187265917, "reusita": 100.0, "cnt": 89}, "MATEMATICA MATE-INFO": {"medie": 9.37833333333333, "reusita": 100.0, "cnt": 60}, "ANATOMIE SI FIZIOLOGIE UMANA, GENETICA SI ECOLOGIE UMANA": {"medie": 9.698, "reusita": 100.0, "cnt": 50}, "MATEMATICA ST-NAT": {"medie": 9.46896551724138, "reusita": 100.0, "cnt": 29}, "FIZICA TEO": {"medie": 8.994444444444445, "reusita": 100.0, "cnt": 9}, "CHIMIE ORGANICA TEO NIVEL I/II": {"medie": 9.75, "reusita": 100.0, "cnt": 2}, "INFORMATICA MI C/C++": {"medie": 9.48076923076923, "reusita": 100.0, "cnt": 26}, "CHIMIE ANORGANICA TEO NIVEL I/II": {"medie": 7.9, "reusita": 100.0, "cnt": 1}}, "nume": "COLEGIUL NATIONAL \"EMIL RACOVITA\" CLUJ-NAPOCA\tCluj"}