{"specializari": {"TEHNICIAN IN ACTIVITATI ECONOMICE": 82, "TEHNICIAN IN ADMINISTRATIE": 40, "TEHNICIAN IN ACTIVITATI DE COMERT": 38, "TEHNICIAN IN TURISM": 27, "TEHNICIAN IN GASTRONOMIE": 52, "ORGANIZATOR BANQUETING": 33}, "limba_moderna": {"LIMBA FRANCEZA": 86, "LIMBA ENGLEZA": 186}, "limba_materna": {"LIMBA ROMANA": 272}, "promotie_anterioara": {"NU": 206, "DA": 66}, "materii": {"LIMBA ROMANA": {"medie": 6.073134328358204, "reusita": 87.13235294117648, "cnt": 272}, "MATEMATICA TEHN": {"medie": 4.516030534351145, "reusita": 53.30882352941176, "cnt": 272}, "GENERAL": {"medie": 5.5905228758169905, "reusita": 36.39705882352941, "cnt": 272}, "GEOGRAFIE": {"medie": 6.428010471204188, "reusita": 79.08163265306123, "cnt": 196}, "LOGICA, ARGUMENTARE SI COMUNICARE": {"medie": 5.122058823529412, "reusita": 47.368421052631575, "cnt": 76}}, "nume": "COLEGIUL ECONOMIC \"GHEORGHE CHITU\" CRAIOVA\tDolj"}