{"specializari": {"FILOLOGIE": 36, "INSTRUCTOR PENTRU ACTIVITATI EXTRASCOLARE": 1, "INVATATOR - EDUCATOARE": 53, "STIINTE ALE NATURII": 30, "STIINTE SOCIALE": 33}, "limba_moderna": {"LIMBA ENGLEZA": 131, "LIMBA FRANCEZA": 22}, "limba_materna": {"LIMBA ROMANA": 153}, "promotie_anterioara": {"DA": 3, "NU": 150}, "materii": {"LIMBA ROMANA": {"medie": 8.029738562091499, "reusita": 100.0, "cnt": 153}, "GENERAL": {"medie": 8.144989106753808, "reusita": 96.07843137254902, "cnt": 153}, "ANATOMIE SI FIZIOLOGIE UMANA, GENETICA SI ECOLOGIE UMANA": {"medie": 8.779629629629627, "reusita": 100.0, "cnt": 27}, "ISTORIE": {"medie": 8.329285714285714, "reusita": 100.0, "cnt": 70}, "GEOGRAFIE": {"medie": 8.628571428571428, "reusita": 92.85714285714286, "cnt": 14}, "MATEMATICA ST-NAT": {"medie": 7.298333333333333, "reusita": 100.0, "cnt": 30}, "FIZICA TEO": {"medie": 6.4, "reusita": 100.0, "cnt": 2}, "CHIMIE ORGANICA TEO NIVEL I/II": {"medie": 10.0, "reusita": 100.0, "cnt": 1}, "LOGICA, ARGUMENTARE SI COMUNICARE": {"medie": 8.273958333333333, "reusita": 97.91666666666666, "cnt": 96}, "PSIHOLOGIE": {"medie": 8.85909090909091, "reusita": 100.0, "cnt": 11}, "SOCIOLOGIE": {"medie": 7.0, "reusita": 100.0, "cnt": 2}, "MATEMATICA PED": {"medie": 7.954716981132075, "reusita": 100.0, "cnt": 53}}, "nume": "COLEGIUL NATIONAL \"GHEORGHE ASACHI\", MUNICIPIUL PIATRA-NEAMT\tNeam\u021b"}