{"specializari": {"TEHNICIAN IN GASTRONOMIE": 28, "TEHNICIAN IN TURISM": 8, "ORGANIZATOR BANQUETING": 22, "TEHNICIAN DESIGNER VESTIMENTAR": 19, "TEHNICIAN MECANIC PENTRU INTRETINERE SI REPARATII": 1, "TEHNICIAN IN INDUSTRIA TEXTILA": 7, "TEHNICIAN IN HOTELARIE": 2}, "limba_moderna": {"LIMBA FRANCEZA": 30, "LIMBA ENGLEZA": 57}, "limba_materna": {"LIMBA ROMANA": 87}, "promotie_anterioara": {"NU": 50, "DA": 37}, "materii": {"LIMBA ROMANA": {"medie": 5.153658536585367, "reusita": 60.91954022988506, "cnt": 87}, "MATEMATICA TEHN": {"medie": 3.5846666666666662, "reusita": 32.18390804597701, "cnt": 87}, "BIOLOGIE VEGETALA SI ANIMALA": {"medie": 4.165000000000001, "reusita": 28.57142857142857, "cnt": 14}, "GENERAL": {"medie": 4.666888888888888, "reusita": 18.39080459770115, "cnt": 87}, "FIZICA TEH": {"medie": 3.1750000000000003, "reusita": 33.33333333333333, "cnt": 12}, "GEOGRAFIE": {"medie": 5.616666666666665, "reusita": 57.6271186440678, "cnt": 59}, "PSIHOLOGIE": {"medie": 9.7, "reusita": 100.0, "cnt": 1}, "CHIMIE ANORGANICA TEH NIVEL I/II": {"medie": 5.35, "reusita": 100.0, "cnt": 1}}, "nume": "COLEGIUL TEHNIC \"GHEORGHE ASACHI\" FOCSANI\tVrancea"}