{"specializari": {"STIINTE ALE NATURII": 95}, "limba_moderna": {"LIMBA ENGLEZA": 87, "LIMBA FRANCEZA": 8}, "limba_materna": {"LIMBA ROMANA": 95}, "promotie_anterioara": {"NU": 89, "DA": 6}, "materii": {"LIMBA ROMANA": {"medie": 7.926315789473685, "reusita": 98.94736842105263, "cnt": 95}, "BIOLOGIE VEGETALA SI ANIMALA": {"medie": 4.975, "reusita": 50.0, "cnt": 2}, "GENERAL": {"medie": 8.03, "reusita": 93.6842105263158, "cnt": 95}, "ANATOMIE SI FIZIOLOGIE UMANA, GENETICA SI ECOLOGIE UMANA": {"medie": 8.667187499999999, "reusita": 98.4375, "cnt": 64}, "MATEMATICA ST-NAT": {"medie": 7.795789473684212, "reusita": 97.89473684210527, "cnt": 95}, "FIZICA TEO": {"medie": 7.536363636363637, "reusita": 100.0, "cnt": 11}, "CHIMIE ORGANICA TEO NIVEL I/II": {"medie": 8.18888888888889, "reusita": 94.44444444444444, "cnt": 18}}, "nume": "COLEGIUL NATIONAL \"ANA ASLAN\"\tBr\u0103ila"}