{"specializari": {"TEHNICIAN IN ACTIVITATI DE COMERT": 57, "TEHNICIAN IN ACTIVITATI ECONOMICE": 91, "TEHNICIAN IN HOTELARIE": 66}, "limba_moderna": {"LIMBA FRANCEZA": 2, "LIMBA ENGLEZA": 212}, "limba_materna": {"LIMBA ROMANA": 214}, "promotie_anterioara": {"DA": 29, "NU": 185}, "materii": {"LIMBA ROMANA": {"medie": 6.995774647887321, "reusita": 97.19626168224299, "cnt": 214}, "MATEMATICA TEHN": {"medie": 6.091509433962268, "reusita": 79.90654205607477, "cnt": 214}, "GENERAL": {"medie": 6.866981132075468, "reusita": 74.29906542056075, "cnt": 214}, "GEOGRAFIE": {"medie": 7.662408759124086, "reusita": 94.20289855072464, "cnt": 138}, "LOGICA, ARGUMENTARE SI COMUNICARE": {"medie": 7.372131147540983, "reusita": 86.88524590163934, "cnt": 61}, "PSIHOLOGIE": {"medie": 8.708333333333334, "reusita": 100.0, "cnt": 6}, "ECONOMIE": {"medie": 5.172222222222223, "reusita": 88.88888888888889, "cnt": 9}}, "nume": "COLEGIUL ECONOMIC \"HERMES\"\tBucure\u0219ti"}