{"specializari": {"TEHNICIAN DESIGNER VESTIMENTAR": 23, "TEHNICIAN MULTIMEDIA": 33, "STIINTE SOCIALE": 11, "STIINTE ALE NATURII": 28, "TEHNICIAN IN INDUSTRIA TEXTILA": 4, "MATEMATICA-INFORMATICA": 4, "TEHNICIAN PROIECTANT CAD": 1, "TEHNICIAN OPERATOR TEHNICA DE CALCUL": 1, "TEHNICIAN PRODUCTIE FILM SI TELEVIZIUNE": 17}, "limba_moderna": {"LIMBA ENGLEZA": 113, "LIMBA FRANCEZA": 9}, "limba_materna": {"LIMBA ROMANA": 122}, "promotie_anterioara": {"DA": 53, "NU": 69}, "materii": {"LIMBA ROMANA": {"medie": 6.090254237288135, "reusita": 86.88524590163934, "cnt": 122}, "MATEMATICA TEHN": {"medie": 4.117532467532469, "reusita": 44.303797468354425, "cnt": 79}, "BIOLOGIE VEGETALA SI ANIMALA": {"medie": 4.636363636363636, "reusita": 44.285714285714285, "cnt": 70}, "GENERAL": {"medie": 5.296902654867257, "reusita": 26.229508196721312, "cnt": 122}, "MATEMATICA MATE-INFO": {"medie": 4.3, "reusita": 25.0, "cnt": 4}, "ANATOMIE SI FIZIOLOGIE UMANA, GENETICA SI ECOLOGIE UMANA": {"medie": 7.888095238095237, "reusita": 95.23809523809523, "cnt": 21}, "FIZICA TEH": {"medie": 4.9875, "reusita": 61.53846153846154, "cnt": 13}, "ISTORIE": {"medie": 6.455555555555557, "reusita": 72.72727272727273, "cnt": 11}, "GEOGRAFIE": {"medie": 5.35, "reusita": 100.0, "cnt": 1}, "MATEMATICA ST-NAT": {"medie": 4.027777777777778, "reusita": 39.285714285714285, "cnt": 28}, "FIZICA TEO": {"medie": 4.430000000000001, "reusita": 20.0, "cnt": 5}, "LOGICA, ARGUMENTARE SI COMUNICARE": {"medie": 7.85, "reusita": 100.0, "cnt": 2}, "CHIMIE ANORGANICA TEO NIVEL I/II": {"medie": 5.0, "reusita": 100.0, "cnt": 1}, "SOCIOLOGIE": {"medie": 7.3500000000000005, "reusita": 75.0, "cnt": 8}, "CHIMIE ANORGANICA TEH NIVEL I/II": {"medie": 7.25, "reusita": 100.0, "cnt": 1}}, "nume": "COLEGIUL TEHNIC \"GHEORGHE ASACHI\"\tBucure\u0219ti"}