{"specializari": {"TEHNICIAN IN TURISM": 61, "TEHNICIAN IN ACTIVITATI ECONOMICE": 55, "TEHNICIAN IN ACTIVITATI DE COMERT": 21, "ORGANIZATOR BANQUETING": 1}, "limba_moderna": {"LIMBA ENGLEZA": 138}, "limba_materna": {"LIMBA ROMANA": 138}, "promotie_anterioara": {"DA": 36, "NU": 102}, "materii": {"LIMBA ROMANA": {"medie": 6.48571428571429, "reusita": 87.68115942028986, "cnt": 138}, "MATEMATICA TEHN": {"medie": 4.4150375939849615, "reusita": 47.82608695652174, "cnt": 138}, "GENERAL": {"medie": 5.673358585858589, "reusita": 38.405797101449274, "cnt": 138}, "GEOGRAFIE": {"medie": 6.100000000000002, "reusita": 71.11111111111111, "cnt": 135}, "PSIHOLOGIE": {"medie": 6.7, "reusita": 50.0, "cnt": 2}, "ECONOMIE": {"medie": 5.0, "reusita": 100.0, "cnt": 1}}, "nume": "COLEGIUL ECONOMIC \"EMANUIL GOJDU\" HUNEDOARA\tHunedoara"}