{"specializari": {"MATEMATICA-INFORMATICA": 112, "STIINTE ALE NATURII": 59, "STIINTE SOCIALE": 27, "FILOLOGIE": 31}, "limba_moderna": {"LIMBA ENGLEZA": 209, "LIMBA FRANCEZA": 17, "LIMBA SPANIOLA": 3}, "limba_materna": {"LIMBA ROMANA": 229}, "promotie_anterioara": {"NU": 229}, "materii": {"LIMBA ROMANA": {"medie": 9.16441048034934, "reusita": 100.0, "cnt": 229}, "GENERAL": {"medie": 8.99614264919942, "reusita": 99.56331877729258, "cnt": 229}, "MATEMATICA MATE-INFO": {"medie": 8.828125000000002, "reusita": 100.0, "cnt": 112}, "ANATOMIE SI FIZIOLOGIE UMANA, GENETICA SI ECOLOGIE UMANA": {"medie": 9.315254237288134, "reusita": 100.0, "cnt": 59}, "ISTORIE": {"medie": 8.595689655172414, "reusita": 100.0, "cnt": 58}, "GEOGRAFIE": {"medie": 8.876923076923076, "reusita": 100.0, "cnt": 13}, "FILOSOFIE": {"medie": 9.85, "reusita": 100.0, "cnt": 2}, "MATEMATICA ST-NAT": {"medie": 9.231355932203385, "reusita": 100.0, "cnt": 59}, "FIZICA TEO": {"medie": 8.828703703703706, "reusita": 98.14814814814815, "cnt": 54}, "CHIMIE ORGANICA TEO NIVEL I/II": {"medie": 9.329545454545455, "reusita": 100.0, "cnt": 22}, "LOGICA, ARGUMENTARE SI COMUNICARE": {"medie": 8.751282051282052, "reusita": 100.0, "cnt": 39}, "INFORMATICA MI C/C++": {"medie": 8.398571428571426, "reusita": 100.0, "cnt": 35}, "PSIHOLOGIE": {"medie": 9.45, "reusita": 100.0, "cnt": 4}, "CHIMIE ANORGANICA TEO NIVEL I/II": {"medie": 10.0, "reusita": 100.0, "cnt": 1}}, "nume": "COLEGIUL NATIONAL \"MIHAI EMINESCU\" BOTOSANI\tBoto\u0219ani"}