{"specializari": {"MATEMATICA-INFORMATICA": 139, "FILOLOGIE": 32, "STIINTE ALE NATURII": 58}, "limba_moderna": {"LIMBA ENGLEZA": 219, "LIMBA GERMANA MODERNA": 2, "LIMBA FRANCEZA": 8}, "limba_materna": {"LIMBA ROMANA": 229}, "promotie_anterioara": {"NU": 227, "DA": 2}, "materii": {"LIMBA ROMANA": {"medie": 8.798908296943228, "reusita": 100.0, "cnt": 229}, "BIOLOGIE VEGETALA SI ANIMALA": {"medie": 8.8875, "reusita": 100.0, "cnt": 4}, "GENERAL": {"medie": 8.784061135371182, "reusita": 99.56331877729258, "cnt": 229}, "MATEMATICA MATE-INFO": {"medie": 8.568705035971224, "reusita": 100.0, "cnt": 139}, "ANATOMIE SI FIZIOLOGIE UMANA, GENETICA SI ECOLOGIE UMANA": {"medie": 9.36, "reusita": 100.0, "cnt": 110}, "ISTORIE": {"medie": 9.318750000000003, "reusita": 100.0, "cnt": 32}, "GEOGRAFIE": {"medie": 9.375, "reusita": 100.0, "cnt": 8}, "MATEMATICA ST-NAT": {"medie": 7.938793103448274, "reusita": 100.0, "cnt": 58}, "FIZICA TEO": {"medie": 9.046666666666665, "reusita": 100.0, "cnt": 15}, "CHIMIE ORGANICA TEO NIVEL I/II": {"medie": 9.013333333333334, "reusita": 100.0, "cnt": 15}, "LOGICA, ARGUMENTARE SI COMUNICARE": {"medie": 9.213157894736844, "reusita": 100.0, "cnt": 19}, "INFORMATICA MI C/C++": {"medie": 8.277450980392157, "reusita": 100.0, "cnt": 51}, "PSIHOLOGIE": {"medie": 8.775, "reusita": 100.0, "cnt": 4}, "CHIMIE ANORGANICA TEO NIVEL I/II": {"medie": 8.95, "reusita": 100.0, "cnt": 2}, "ECONOMIE": {"medie": 8.75, "reusita": 100.0, "cnt": 1}}, "nume": "COLEGIUL NATIONAL \"VASILE LUCACIU\" BAIA MARE\tMaramure\u0219"}