{"specializari": {"TEHNICIAN MECATRONIST": 3, "TEHNICIAN OPERATOR PROCESARE TEXT IMAGINE": 35, "TEHNICIAN ELECTROTEHNIST": 3, "TEHNICIAN ELECTRONIST": 5, "TEHNICIAN ELECTROMECANIC": 2, "TEHNICIAN IN AUTOMATIZARI": 2, "TEHNICIAN DE TELECOMUNICATII": 31, "TEHNICIAN OPERATOR TEHNICA DE CALCUL": 28, "TEHNICIAN IN ACTIVITATI DE POSTA": 24, "TEHNICIAN ELECTRICIAN/ELECTRONIST AUTO": 1}, "limba_moderna": {"LIMBA ENGLEZA": 131, "LIMBA FRANCEZA": 3}, "limba_materna": {"LIMBA ROMANA": 134}, "promotie_anterioara": {"DA": 49, "NU": 85}, "materii": {"LIMBA ROMANA": {"medie": 6.911742424242427, "reusita": 95.52238805970148, "cnt": 134}, "MATEMATICA TEHN": {"medie": 6.913999999999999, "reusita": 83.5820895522388, "cnt": 134}, "BIOLOGIE VEGETALA SI ANIMALA": {"medie": 6.74047619047619, "reusita": 84.61538461538461, "cnt": 65}, "GENERAL": {"medie": 7.057199999999998, "reusita": 72.38805970149254, "cnt": 134}, "FIZICA TEH": {"medie": 7.7, "reusita": 97.14285714285714, "cnt": 35}, "GEOGRAFIE": {"medie": 8.794444444444444, "reusita": 100.0, "cnt": 9}, "LOGICA, ARGUMENTARE SI COMUNICARE": {"medie": 7.536666666666666, "reusita": 86.66666666666667, "cnt": 15}, "CHIMIE ANORGANICA TEH NIVEL I/II": {"medie": 5.99375, "reusita": 66.66666666666666, "cnt": 9}, "CHIMIE ORGANICA TEH NIVEL I/II": {"medie": 7.6, "reusita": 100.0, "cnt": 1}}, "nume": "COLEGIUL TEHNIC DE COMUNICATII \"AUGUSTIN MAIOR\" CLUJ-NAPOCA\tCluj"}