{"specializari": {"TEHNICIAN VETERINAR": 27, "TEHNICIAN IN ACTIVITATI DE COMERT": 15, "TEHNICIAN IN INDUSTRIA ALIMENTARA": 4, "TEHNICIAN ANALIZE PRODUSE ALIMENTARE": 1, "TEHNICIAN AGROMONTAN": 6, "TEHNICIAN IN AGROTURISM": 11, "TEHNICIAN ZOOTEHNIST": 3, "TEHNICIAN IN ACTIVITATI ECONOMICE": 1}, "limba_moderna": {"LIMBA ENGLEZA": 56, "LIMBA FRANCEZA": 12}, "limba_materna": {"LIMBA ROMANA": 68}, "promotie_anterioara": {"NU": 29, "DA": 39}, "materii": {"LIMBA ROMANA": {"medie": 5.367272727272727, "reusita": 67.64705882352942, "cnt": 68}, "MATEMATICA TEHN": {"medie": 3.2433962264150935, "reusita": 23.52941176470588, "cnt": 68}, "BIOLOGIE VEGETALA SI ANIMALA": {"medie": 7.7, "reusita": 100.0, "cnt": 1}, "GENERAL": {"medie": 4.767320261437909, "reusita": 11.76470588235294, "cnt": 68}, "ANATOMIE SI FIZIOLOGIE UMANA, GENETICA SI ECOLOGIE UMANA": {"medie": 5.704761904761906, "reusita": 56.86274509803921, "cnt": 51}, "GEOGRAFIE": {"medie": 5.377272727272727, "reusita": 50.0, "cnt": 16}}, "nume": "COLEGIUL PENTRU AGRICULTURA SI INDUSTRIE ALIMENTARA \"TARA BARSEI\" PREJMER\tBra\u0219ov"}