{"specializari": {"FILOLOGIE": 65, "STIINTE ALE NATURII": 91, "STIINTE SOCIALE": 32, "MATEMATICA-INFORMATICA": 30}, "limba_moderna": {"LIMBA ENGLEZA": 202, "LIMBA FRANCEZA": 3, "LIMBA GERMANA MODERNA": 6, "LIMBA SPANIOLA": 7}, "limba_materna": {"LIMBA ROMANA": 215, "LIMBA MAGHIARA": 3}, "promotie_anterioara": {"NU": 218}, "materii": {"LIMBA ROMANA": {"medie": 8.935779816513762, "reusita": 100.0, "cnt": 218}, "BIOLOGIE VEGETALA SI ANIMALA": {"medie": 9.708695652173915, "reusita": 100.0, "cnt": 23}, "GENERAL": {"medie": 9.088933486238535, "reusita": 99.54128440366972, "cnt": 218}, "MATEMATICA MATE-INFO": {"medie": 8.823333333333334, "reusita": 100.0, "cnt": 30}, "ANATOMIE SI FIZIOLOGIE UMANA, GENETICA SI ECOLOGIE UMANA": {"medie": 9.574285714285711, "reusita": 100.0, "cnt": 70}, "ISTORIE": {"medie": 9.1979381443299, "reusita": 100.0, "cnt": 97}, "GEOGRAFIE": {"medie": 9.340909090909092, "reusita": 100.0, "cnt": 11}, "LIMBA MAGHIARA (REAL)": {"medie": 8.1, "reusita": 100.0, "cnt": 3}, "MATEMATICA ST-NAT": {"medie": 8.850549450549453, "reusita": 100.0, "cnt": 91}, "FIZICA TEO": {"medie": 7.45, "reusita": 100.0, "cnt": 3}, "CHIMIE ORGANICA TEO NIVEL I/II": {"medie": 9.25, "reusita": 100.0, "cnt": 1}, "LOGICA, ARGUMENTARE SI COMUNICARE": {"medie": 9.280588235294116, "reusita": 100.0, "cnt": 85}, "INFORMATICA MI C/C++": {"medie": 8.927777777777777, "reusita": 100.0, "cnt": 18}, "CHIMIE ANORGANICA TEO NIVEL I/II": {"medie": 9.35, "reusita": 100.0, "cnt": 2}, "ECONOMIE": {"medie": 3.6, "reusita": 0.0, "cnt": 1}, "INFORMATICA SN C/C++": {"medie": 8.1, "reusita": 100.0, "cnt": 4}}, "nume": "COLEGIUL NATIONAL \"OCTAVIAN GOGA\" SIBIU\tSibiu"}