{"specializari": {"TEHNICIAN IN GASTRONOMIE": 29, "TEHNICIAN IN ACTIVITATI ECONOMICE": 11, "COAFOR STILIST": 30}, "limba_moderna": {"LIMBA ENGLEZA": 69, "LIMBA FRANCEZA": 1}, "limba_materna": {"LIMBA ROMANA": 70}, "promotie_anterioara": {"NU": 56, "DA": 14}, "materii": {"LIMBA ROMANA": {"medie": 5.552857142857142, "reusita": 90.0, "cnt": 70}, "MATEMATICA TEHN": {"medie": 4.092537313432836, "reusita": 35.714285714285715, "cnt": 70}, "GENERAL": {"medie": 5.525621890547263, "reusita": 32.857142857142854, "cnt": 70}, "GEOGRAFIE": {"medie": 6.923571428571429, "reusita": 90.0, "cnt": 70}}, "nume": "COLEGIUL TEHNIC \"ION HOLBAN\", IASI\tIa\u0219i"}