{"specializari": {"MATEMATICA-INFORMATICA": 57, "STIINTE ALE NATURII": 21, "FILOLOGIE": 36, "STIINTE SOCIALE": 32}, "limba_moderna": {"LIMBA ENGLEZA": 131, "LIMBA FRANCEZA": 15}, "limba_materna": {"LIMBA ROMANA": 146}, "promotie_anterioara": {"NU": 131, "DA": 15}, "materii": {"LIMBA ROMANA": {"medie": 7.652142857142855, "reusita": 93.83561643835617, "cnt": 146}, "BIOLOGIE VEGETALA SI ANIMALA": {"medie": 7.25, "reusita": 100.0, "cnt": 1}, "GENERAL": {"medie": 7.560714285714286, "reusita": 76.71232876712328, "cnt": 146}, "MATEMATICA MATE-INFO": {"medie": 7.000000000000001, "reusita": 84.21052631578947, "cnt": 57}, "ANATOMIE SI FIZIOLOGIE UMANA, GENETICA SI ECOLOGIE UMANA": {"medie": 8.224590163934428, "reusita": 95.08196721311475, "cnt": 61}, "ISTORIE": {"medie": 8.07380952380952, "reusita": 92.64705882352942, "cnt": 68}, "GEOGRAFIE": {"medie": 7.062499999999999, "reusita": 80.0, "cnt": 20}, "FILOSOFIE": {"medie": 6.0, "reusita": 100.0, "cnt": 1}, "MATEMATICA ST-NAT": {"medie": 4.645238095238095, "reusita": 47.61904761904761, "cnt": 21}, "FIZICA TEO": {"medie": 7.466666666666666, "reusita": 100.0, "cnt": 3}, "CHIMIE ORGANICA TEO NIVEL I/II": {"medie": 8.25, "reusita": 100.0, "cnt": 1}, "LOGICA, ARGUMENTARE SI COMUNICARE": {"medie": 8.76875, "reusita": 100.0, "cnt": 16}, "INFORMATICA MI C/C++": {"medie": 7.504545454545454, "reusita": 81.81818181818183, "cnt": 11}, "PSIHOLOGIE": {"medie": 8.200000000000001, "reusita": 100.0, "cnt": 3}, "CHIMIE ANORGANICA TEO NIVEL I/II": {"medie": 7.8, "reusita": 100.0, "cnt": 1}, "SOCIOLOGIE": {"medie": 7.15576923076923, "reusita": 100.0, "cnt": 26}, "ECONOMIE": {"medie": 7.6, "reusita": 100.0, "cnt": 2}}, "nume": "COLEGIUL NATIONAL \"DRAGOS VODA\" CAMPULUNG MOLDOVENESC\tSuceava"}