{"specializari": {"STIINTE SOCIALE": 65, "FILOLOGIE": 64, "STIINTE ALE NATURII": 42}, "limba_moderna": {"LIMBA FRANCEZA": 80, "LIMBA ENGLEZA": 91}, "limba_materna": {"LIMBA ROMANA": 171}, "promotie_anterioara": {"DA": 31, "NU": 140}, "materii": {"LIMBA ROMANA": {"medie": 6.646726190476192, "reusita": 91.81286549707602, "cnt": 171}, "GENERAL": {"medie": 6.973115079365075, "reusita": 72.51461988304094, "cnt": 171}, "ANATOMIE SI FIZIOLOGIE UMANA, GENETICA SI ECOLOGIE UMANA": {"medie": 8.3375, "reusita": 93.93939393939394, "cnt": 33}, "ISTORIE": {"medie": 6.404330708661417, "reusita": 90.69767441860465, "cnt": 129}, "GEOGRAFIE": {"medie": 7.846774193548389, "reusita": 95.19999999999999, "cnt": 125}, "MATEMATICA ST-NAT": {"medie": 6.240243902439024, "reusita": 83.33333333333334, "cnt": 42}, "FIZICA TEO": {"medie": 7.958333333333333, "reusita": 83.33333333333334, "cnt": 6}, "CHIMIE ORGANICA TEO NIVEL I/II": {"medie": 6.866666666666667, "reusita": 66.66666666666666, "cnt": 3}, "SOCIOLOGIE": {"medie": 6.816666666666666, "reusita": 75.0, "cnt": 4}}, "nume": "COLEGIUL NATIONAL \"COSTACHE NEGRI\" TARGU OCNA\tBac\u0103u"}