{"specializari": {"MATEMATICA-INFORMATICA": 19, "FILOLOGIE": 31, "TEHNICIAN OPERATOR TEHNICA DE CALCUL": 1, "TEHNICIAN IN ACTIVITATI DE COMERT": 15, "TEHNICIAN IN ACTIVITATI ECONOMICE": 32, "TEHNICIAN ELECTROTEHNIST": 3, "STIINTE ALE NATURII": 41, "TEHNICIAN PROIECTANT CAD": 5, "TEHNICIAN TRANSPORTURI": 4, "TEHNICIAN IN AUTOMATIZARI": 30, "TEHNICIAN IN TURISM": 2, "TEHNICIAN ELECTRONIST": 1, "TEHNICIAN MECANIC PENTRU INTRETINERE SI REPARATII": 16}, "limba_moderna": {"LIMBA ENGLEZA": 200}, "limba_materna": {"LIMBA ROMANA": 200}, "promotie_anterioara": {"NU": 137, "DA": 63}, "materii": {"LIMBA ROMANA": {"medie": 6.330612244897959, "reusita": 85.0, "cnt": 200}, "MATEMATICA TEHN": {"medie": 3.8245192307692304, "reusita": 35.77981651376147, "cnt": 109}, "BIOLOGIE VEGETALA SI ANIMALA": {"medie": 4.7886075949367095, "reusita": 43.90243902439025, "cnt": 82}, "GENERAL": {"medie": 5.823655913978492, "reusita": 39.0, "cnt": 200}, "MATEMATICA MATE-INFO": {"medie": 5.042105263157895, "reusita": 57.89473684210527, "cnt": 19}, "ANATOMIE SI FIZIOLOGIE UMANA, GENETICA SI ECOLOGIE UMANA": {"medie": 8.0640625, "reusita": 82.35294117647058, "cnt": 34}, "FIZICA TEH": {"medie": 2.2, "reusita": 0.0, "cnt": 2}, "ISTORIE": {"medie": 6.7951612903225795, "reusita": 83.87096774193549, "cnt": 31}, "GEOGRAFIE": {"medie": 6.72792207792208, "reusita": 77.5, "cnt": 80}, "MATEMATICA ST-NAT": {"medie": 5.726249999999999, "reusita": 65.85365853658537, "cnt": 41}, "INFORMATICA MI C/C++": {"medie": 8.1, "reusita": 100.0, "cnt": 1}, "CHIMIE ANORGANICA TEH NIVEL I/II": {"medie": 7.15, "reusita": 100.0, "cnt": 1}}, "nume": "COLEGIUL TEHNIC \"ALEXANDRU ROMAN\" ALESD\tBihor"}