{"specializari": {"MATEMATICA-INFORMATICA": 49, "FILOLOGIE": 31, "STIINTE SOCIALE": 29}, "limba_moderna": {"LIMBA ENGLEZA": 100, "LIMBA FRANCEZA": 9}, "limba_materna": {"LIMBA ROMANA": 109}, "promotie_anterioara": {"NU": 95, "DA": 14}, "materii": {"LIMBA ROMANA": {"medie": 7.806422018348626, "reusita": 97.24770642201835, "cnt": 109}, "GENERAL": {"medie": 7.443081761006288, "reusita": 72.47706422018348, "cnt": 109}, "MATEMATICA MATE-INFO": {"medie": 4.636458333333334, "reusita": 48.97959183673469, "cnt": 49}, "ANATOMIE SI FIZIOLOGIE UMANA, GENETICA SI ECOLOGIE UMANA": {"medie": 7.103191489361701, "reusita": 73.46938775510205, "cnt": 49}, "ISTORIE": {"medie": 7.812499999999999, "reusita": 93.33333333333333, "cnt": 60}, "GEOGRAFIE": {"medie": 8.242, "reusita": 96.0, "cnt": 25}, "LOGICA, ARGUMENTARE SI COMUNICARE": {"medie": 8.845454545454546, "reusita": 96.96969696969697, "cnt": 33}, "PSIHOLOGIE": {"medie": 8.825, "reusita": 100.0, "cnt": 2}}, "nume": "COLEGIUL NATIONAL \"TEODOR NES\" SALONTA\tBihor"}