{"specializari": {"INVATATOR - EDUCATOARE": 83, "STIINTE SOCIALE": 31}, "limba_moderna": {"LIMBA ENGLEZA": 102, "LIMBA FRANCEZA": 12}, "limba_materna": {"LIMBA ROMANA": 114}, "promotie_anterioara": {"NU": 114}, "materii": {"LIMBA ROMANA": {"medie": 8.937280701754387, "reusita": 100.0, "cnt": 114}, "GENERAL": {"medie": 8.755847953216374, "reusita": 96.49122807017544, "cnt": 114}, "ISTORIE": {"medie": 9.038709677419357, "reusita": 100.0, "cnt": 31}, "GEOGRAFIE": {"medie": 9.192999999999998, "reusita": 100.0, "cnt": 50}, "LOGICA, ARGUMENTARE SI COMUNICARE": {"medie": 8.977358490566038, "reusita": 96.22641509433963, "cnt": 53}, "PSIHOLOGIE": {"medie": 8.986363636363635, "reusita": 100.0, "cnt": 11}, "MATEMATICA PED": {"medie": 7.965662650602408, "reusita": 97.59036144578313, "cnt": 83}}, "nume": "COLEGIUL NATIONAL PEDAGOGIC \"GHEORGHE LAZAR\" CLUJ-NAPOCA\tCluj"}