{"specializari": {"INVATATOR - EDUCATOARE": 56, "FILOLOGIE": 38, "MATEMATICA-INFORMATICA": 36, "STIINTE SOCIALE": 37}, "limba_moderna": {"LIMBA ENGLEZA": 164, "LIMBA FRANCEZA": 3}, "limba_materna": {"LIMBA ROMANA": 167}, "promotie_anterioara": {"NU": 161, "DA": 6}, "materii": {"LIMBA ROMANA": {"medie": 8.34491017964072, "reusita": 99.40119760479041, "cnt": 167}, "GENERAL": {"medie": 8.43253012048193, "reusita": 95.80838323353294, "cnt": 167}, "MATEMATICA MATE-INFO": {"medie": 7.355555555555554, "reusita": 97.22222222222221, "cnt": 36}, "ANATOMIE SI FIZIOLOGIE UMANA, GENETICA SI ECOLOGIE UMANA": {"medie": 9.278571428571428, "reusita": 100.0, "cnt": 7}, "ISTORIE": {"medie": 8.742666666666665, "reusita": 100.0, "cnt": 75}, "GEOGRAFIE": {"medie": 8.92272727272727, "reusita": 100.0, "cnt": 110}, "FILOSOFIE": {"medie": 8.4, "reusita": 100.0, "cnt": 2}, "FIZICA TEO": {"medie": 7.325, "reusita": 83.33333333333334, "cnt": 6}, "CHIMIE ORGANICA TEO NIVEL I/II": {"medie": 9.025, "reusita": 100.0, "cnt": 2}, "LOGICA, ARGUMENTARE SI COMUNICARE": {"medie": 9.625, "reusita": 100.0, "cnt": 4}, "INFORMATICA MI C/C++": {"medie": 7.646875, "reusita": 94.11764705882352, "cnt": 17}, "PSIHOLOGIE": {"medie": 8.587500000000002, "reusita": 100.0, "cnt": 8}, "CHIMIE ANORGANICA TEO NIVEL I/II": {"medie": 5.237500000000001, "reusita": 75.0, "cnt": 4}, "SOCIOLOGIE": {"medie": 7.324999999999999, "reusita": 100.0, "cnt": 4}, "ECONOMIE": {"medie": 6.283333333333334, "reusita": 100.0, "cnt": 3}, "MATEMATICA PED": {"medie": 8.4625, "reusita": 100.0, "cnt": 56}}, "nume": "COLEGIUL NATIONAL PEDAGOGIC \"REGINA MARIA\" DEVA\tHunedoara"}