{"specializari": {"TEHNICIAN IN ACTIVITATI ECONOMICE": 54, "TEHNICIAN IN TURISM": 63, "TEHNICIAN ECOLOG SI PROTECTIA CALITATII MEDIULUI": 21, "TEHNICIAN OPERATOR TEHNICA DE CALCUL": 16, "TEHNICIAN DESENATOR PENTRU CONSTRUCTII SI INSTALATII": 2, "MATEMATICA-INFORMATICA": 4, "TEHNICIAN MECATRONIST": 1, "TEHNICIAN PROIECTANT CAD": 2, "TEHNICIAN DE TELECOMUNICATII": 1}, "limba_moderna": {"LIMBA FRANCEZA": 23, "LIMBA ENGLEZA": 141}, "limba_materna": {"LIMBA ROMANA": 164}, "promotie_anterioara": {"DA": 40, "NU": 124}, "materii": {"LIMBA ROMANA": {"medie": 6.409375000000002, "reusita": 88.41463414634147, "cnt": 164}, "MATEMATICA TEHN": {"medie": 4.798322147651006, "reusita": 58.12500000000001, "cnt": 160}, "BIOLOGIE VEGETALA SI ANIMALA": {"medie": 4.764864864864865, "reusita": 47.61904761904761, "cnt": 42}, "GENERAL": {"medie": 6.01370614035088, "reusita": 45.1219512195122, "cnt": 164}, "MATEMATICA MATE-INFO": {"medie": 3.8125, "reusita": 50.0, "cnt": 4}, "ANATOMIE SI FIZIOLOGIE UMANA, GENETICA SI ECOLOGIE UMANA": {"medie": 4.7250000000000005, "reusita": 50.0, "cnt": 4}, "FIZICA TEH": {"medie": 5.35, "reusita": 100.0, "cnt": 1}, "GEOGRAFIE": {"medie": 7.389565217391306, "reusita": 86.32478632478633, "cnt": 117}}, "nume": "COLEGIUL TEHNIC \"ION MINCU\" FOCSANI\tVrancea"}