{"specializari": {"FILOLOGIE": 61, "MATEMATICA-INFORMATICA": 30, "STIINTE ALE NATURII": 36}, "limba_moderna": {"LIMBA GERMANA MODERNA": 20, "LIMBA ENGLEZA": 90, "LIMBA FRANCEZA": 17}, "limba_materna": {"LIMBA ROMANA": 127}, "promotie_anterioara": {"NU": 119, "DA": 8}, "materii": {"LIMBA ROMANA": {"medie": 8.055511811023623, "reusita": 100.0, "cnt": 127}, "GENERAL": {"medie": 8.086243386243385, "reusita": 88.9763779527559, "cnt": 127}, "MATEMATICA MATE-INFO": {"medie": 7.0216666666666665, "reusita": 90.0, "cnt": 30}, "ANATOMIE SI FIZIOLOGIE UMANA, GENETICA SI ECOLOGIE UMANA": {"medie": 8.719565217391303, "reusita": 93.61702127659575, "cnt": 47}, "ISTORIE": {"medie": 8.553278688524593, "reusita": 100.0, "cnt": 61}, "GEOGRAFIE": {"medie": 9.150000000000002, "reusita": 100.0, "cnt": 12}, "MATEMATICA ST-NAT": {"medie": 6.31142857142857, "reusita": 80.55555555555556, "cnt": 36}, "FIZICA TEO": {"medie": 9.1, "reusita": 100.0, "cnt": 1}, "LOGICA, ARGUMENTARE SI COMUNICARE": {"medie": 9.350000000000001, "reusita": 100.0, "cnt": 40}, "INFORMATICA MI C/C++": {"medie": 6.861111111111111, "reusita": 83.33333333333334, "cnt": 18}, "SOCIOLOGIE": {"medie": 7.716666666666667, "reusita": 100.0, "cnt": 9}}, "nume": "COLEGIUL NATIONAL \"ONISIFOR GHIBU\" ORADEA\tBihor"}