{"specializari": {"MATEMATICA-INFORMATICA": 47, "STIINTE ALE NATURII": 112, "FILOLOGIE": 41, "STIINTE SOCIALE": 41}, "limba_moderna": {"LIMBA ENGLEZA": 236, "LIMBA FRANCEZA": 4, "LIMBA GERMANA MODERNA": 1}, "limba_materna": {"LIMBA ROMANA": 241}, "promotie_anterioara": {"NU": 241}, "materii": {"LIMBA ROMANA": {"medie": 8.498547717842321, "reusita": 100.0, "cnt": 241}, "GENERAL": {"medie": 8.519847856154913, "reusita": 96.6804979253112, "cnt": 241}, "MATEMATICA MATE-INFO": {"medie": 8.225531914893617, "reusita": 100.0, "cnt": 47}, "ANATOMIE SI FIZIOLOGIE UMANA, GENETICA SI ECOLOGIE UMANA": {"medie": 9.125, "reusita": 100.0, "cnt": 84}, "ISTORIE": {"medie": 8.430487804878046, "reusita": 100.0, "cnt": 82}, "GEOGRAFIE": {"medie": 8.986842105263156, "reusita": 100.0, "cnt": 57}, "MATEMATICA ST-NAT": {"medie": 8.164285714285715, "reusita": 98.21428571428571, "cnt": 112}, "FIZICA TEO": {"medie": 8.334782608695653, "reusita": 89.13043478260869, "cnt": 46}, "CHIMIE ORGANICA TEO NIVEL I/II": {"medie": 7.6875, "reusita": 87.5, "cnt": 8}, "LOGICA, ARGUMENTARE SI COMUNICARE": {"medie": 8.531818181818181, "reusita": 100.0, "cnt": 11}, "INFORMATICA MI C/C++": {"medie": 8.5925, "reusita": 100.0, "cnt": 20}, "PSIHOLOGIE": {"medie": 8.866666666666665, "reusita": 100.0, "cnt": 6}, "SOCIOLOGIE": {"medie": 8.714285714285714, "reusita": 100.0, "cnt": 7}, "ECONOMIE": {"medie": 6.95, "reusita": 100.0, "cnt": 1}, "INFORMATICA SN C/C++": {"medie": 8.9, "reusita": 100.0, "cnt": 1}}, "nume": "COLEGIUL NATIONAL ALEXANDRU LAHOVARI, MUN. RM. VALCEA\tV\u00e2lcea"}