{"specializari": {"TEHNICIAN DESIGNER VESTIMENTAR": 58, "TEHNICIAN IN INDUSTRIA TEXTILA": 12, "TEHNICIAN IN INDUSTRIA PIELARIEI": 13, "COAFOR STILIST": 38, "TEHNICIAN IN TURISM": 3}, "limba_moderna": {"LIMBA ENGLEZA": 104, "LIMBA GERMANA MODERNA": 17, "LIMBA FRANCEZA": 3}, "limba_materna": {"LIMBA ROMANA": 124}, "promotie_anterioara": {"NU": 90, "DA": 34}, "materii": {"LIMBA ROMANA": {"medie": 6.1217213114754125, "reusita": 93.54838709677419, "cnt": 124}, "MATEMATICA TEHN": {"medie": 4.617391304347827, "reusita": 53.2258064516129, "cnt": 124}, "BIOLOGIE VEGETALA SI ANIMALA": {"medie": 5.010810810810811, "reusita": 53.16455696202531, "cnt": 79}, "GENERAL": {"medie": 5.50826086956522, "reusita": 34.67741935483871, "cnt": 124}, "FIZICA TEH": {"medie": "-", "reusita": 0.0, "cnt": 1}, "GEOGRAFIE": {"medie": 7.213333333333333, "reusita": 93.75, "cnt": 32}, "LOGICA, ARGUMENTARE SI COMUNICARE": {"medie": 6.816666666666666, "reusita": 88.88888888888889, "cnt": 9}, "CHIMIE ANORGANICA TEH NIVEL I/II": {"medie": 5.966666666666666, "reusita": 100.0, "cnt": 3}}, "nume": "COLEGIUL TEHNIC \"CIBINIUM\" SIBIU\tSibiu"}