{"specializari": {"ORGANIZATOR BANQUETING": 40, "TEHNICIAN IN ACTIVITATI ECONOMICE": 40, "TEHNICIAN IN GASTRONOMIE": 18, "TEHNICIAN IN ACHIZITII SI CONTRACTARI": 45, "TEHNICIAN IN TURISM": 45, "TEHNICIAN IN ACTIVITATI DE COMERT": 2, "TEHNICIAN IN HOTELARIE": 6}, "limba_moderna": {"LIMBA ENGLEZA": 191, "LIMBA FRANCEZA": 3, "LIMBA ITALIANA": 2}, "limba_materna": {"LIMBA ROMANA": 196}, "promotie_anterioara": {"NU": 115, "DA": 81}, "materii": {"LIMBA ROMANA": {"medie": 6.472368421052631, "reusita": 87.75510204081633, "cnt": 196}, "MATEMATICA TEHN": {"medie": 5.146486486486487, "reusita": 60.204081632653065, "cnt": 196}, "GENERAL": {"medie": 6.135185185185187, "reusita": 47.44897959183674, "cnt": 196}, "GEOGRAFIE": {"medie": 6.691988950276242, "reusita": 84.12698412698413, "cnt": 189}, "LOGICA, ARGUMENTARE SI COMUNICARE": {"medie": 7.85, "reusita": 100.0, "cnt": 1}, "PSIHOLOGIE": {"medie": 8.5, "reusita": 100.0, "cnt": 1}, "ECONOMIE": {"medie": 3.45, "reusita": 20.0, "cnt": 5}}, "nume": "COLEGIUL ECONOMIC \"HERMES\" PETROSANI\tHunedoara"}