{"specializari": {"STIINTE ALE NATURII": 12, "STIINTE SOCIALE": 26, "FILOLOGIE": 61, "MATEMATICA-INFORMATICA": 43}, "limba_moderna": {"LIMBA ENGLEZA": 124, "LIMBA ITALIANA": 8, "LIMBA FRANCEZA": 10}, "limba_materna": {"LIMBA ROMANA": 142}, "promotie_anterioara": {"DA": 8, "NU": 134}, "materii": {"LIMBA ROMANA": {"medie": 7.831914893617022, "reusita": 99.29577464788733, "cnt": 142}, "GENERAL": {"medie": 8.030357142857143, "reusita": 89.43661971830986, "cnt": 142}, "MATEMATICA MATE-INFO": {"medie": 8.269767441860465, "reusita": 100.0, "cnt": 43}, "ANATOMIE SI FIZIOLOGIE UMANA, GENETICA SI ECOLOGIE UMANA": {"medie": 8.291935483870969, "reusita": 93.54838709677419, "cnt": 31}, "ISTORIE": {"medie": 8.03953488372093, "reusita": 97.70114942528735, "cnt": 87}, "GEOGRAFIE": {"medie": 8.701333333333332, "reusita": 98.66666666666667, "cnt": 75}, "FILOSOFIE": {"medie": "-", "reusita": 0.0, "cnt": 1}, "MATEMATICA ST-NAT": {"medie": 5.018181818181817, "reusita": 58.333333333333336, "cnt": 12}, "FIZICA TEO": {"medie": 8.921428571428573, "reusita": 100.0, "cnt": 7}, "CHIMIE ORGANICA TEO NIVEL I/II": {"medie": 8.1, "reusita": 100.0, "cnt": 2}, "LOGICA, ARGUMENTARE SI COMUNICARE": {"medie": 9.4, "reusita": 100.0, "cnt": 2}, "INFORMATICA MI C/C++": {"medie": 7.266666666666667, "reusita": 100.0, "cnt": 6}, "PSIHOLOGIE": {"medie": 7.25, "reusita": 100.0, "cnt": 2}, "CHIMIE ANORGANICA TEO NIVEL I/II": {"medie": 6.122222222222223, "reusita": 88.88888888888889, "cnt": 9}, "SOCIOLOGIE": {"medie": 8.35, "reusita": 100.0, "cnt": 2}, "ECONOMIE": {"medie": 8.2, "reusita": 80.0, "cnt": 5}}, "nume": "COLEGIUL NATIONAL \"NICOLAE TITULESCU\" PUCIOASA\tD\u00e2mbovi\u021ba"}