{"specializari": {"STIINTE SOCIALE": 35, "STIINTE ALE NATURII": 33, "FILOLOGIE": 57, "MATEMATICA-INFORMATICA": 49}, "limba_moderna": {"LIMBA ENGLEZA": 157, "LIMBA FRANCEZA": 14, "LIMBA GERMANA MODERNA": 3}, "limba_materna": {"LIMBA ROMANA": 174}, "promotie_anterioara": {"NU": 174}, "materii": {"LIMBA ROMANA": {"medie": 8.531321839080462, "reusita": 100.0, "cnt": 174}, "GENERAL": {"medie": 8.672222222222215, "reusita": 97.70114942528735, "cnt": 174}, "MATEMATICA MATE-INFO": {"medie": 8.214285714285714, "reusita": 97.95918367346938, "cnt": 49}, "ANATOMIE SI FIZIOLOGIE UMANA, GENETICA SI ECOLOGIE UMANA": {"medie": 8.935555555555558, "reusita": 97.77777777777777, "cnt": 45}, "ISTORIE": {"medie": 9.104891304347825, "reusita": 100.0, "cnt": 92}, "GEOGRAFIE": {"medie": 9.01923076923077, "reusita": 100.0, "cnt": 26}, "MATEMATICA ST-NAT": {"medie": 8.271212121212121, "reusita": 100.0, "cnt": 33}, "FIZICA TEO": {"medie": 8.353846153846153, "reusita": 100.0, "cnt": 13}, "CHIMIE ORGANICA TEO NIVEL I/II": {"medie": 9.441666666666668, "reusita": 100.0, "cnt": 12}, "LOGICA, ARGUMENTARE SI COMUNICARE": {"medie": 8.682142857142855, "reusita": 96.42857142857143, "cnt": 56}, "INFORMATICA MI C/C++": {"medie": 7.795454545454543, "reusita": 90.9090909090909, "cnt": 11}, "PSIHOLOGIE": {"medie": 8.88888888888889, "reusita": 100.0, "cnt": 9}, "CHIMIE ANORGANICA TEO NIVEL I/II": {"medie": 10.0, "reusita": 100.0, "cnt": 1}, "SOCIOLOGIE": {"medie": 8.9, "reusita": 100.0, "cnt": 1}}, "nume": "COLEGIUL NATIONAL \"CALISTRAT HOGAS\", MUNICIPIUL PIATRA-NEAMT\tNeam\u021b"}