{"specializari": {"STIINTE ALE NATURII": 57, "MATEMATICA-INFORMATICA": 59, "FILOLOGIE": 60, "STIINTE SOCIALE": 27}, "limba_moderna": {"LIMBA ENGLEZA": 193, "LIMBA GERMANA MODERNA": 9, "LIMBA FRANCEZA": 1}, "limba_materna": {"LIMBA ROMANA": 203}, "promotie_anterioara": {"NU": 197, "DA": 6}, "materii": {"LIMBA ROMANA": {"medie": 8.055665024630542, "reusita": 99.01477832512316, "cnt": 203}, "BIOLOGIE VEGETALA SI ANIMALA": {"medie": 8.58943661971831, "reusita": 100.0, "cnt": 71}, "GENERAL": {"medie": 8.456896551724139, "reusita": 96.05911330049261, "cnt": 203}, "MATEMATICA MATE-INFO": {"medie": 8.408474576271187, "reusita": 98.30508474576271, "cnt": 59}, "ANATOMIE SI FIZIOLOGIE UMANA, GENETICA SI ECOLOGIE UMANA": {"medie": 9.52727272727273, "reusita": 100.0, "cnt": 11}, "ISTORIE": {"medie": 9.15919540229885, "reusita": 100.0, "cnt": 87}, "GEOGRAFIE": {"medie": 8.920588235294117, "reusita": 100.0, "cnt": 34}, "MATEMATICA ST-NAT": {"medie": 7.7, "reusita": 96.49122807017544, "cnt": 57}, "FIZICA TEO": {"medie": 9.5, "reusita": 100.0, "cnt": 3}, "CHIMIE ORGANICA TEO NIVEL I/II": {"medie": 8.629999999999999, "reusita": 80.0, "cnt": 5}, "LOGICA, ARGUMENTARE SI COMUNICARE": {"medie": 8.682075471698111, "reusita": 96.22641509433963, "cnt": 53}, "INFORMATICA MI C/C++": {"medie": 8.958, "reusita": 100.0, "cnt": 25}, "INFORMATICA SN C/C++": {"medie": 9.4, "reusita": 100.0, "cnt": 1}}, "nume": "COLEGIUL NATIONAL \"LUCIAN BLAGA\" SEBES\tAlba"}