{"specializari": {"FILOLOGIE": 33, "STIINTE SOCIALE": 32, "STIINTE ALE NATURII": 27, "MATEMATICA-INFORMATICA": 66, "INVATATOR - EDUCATOARE": 29}, "limba_moderna": {"LIMBA ENGLEZA": 177, "LIMBA FRANCEZA": 9, "LIMBA GERMANA MODERNA": 1}, "limba_materna": {"LIMBA ROMANA": 187}, "promotie_anterioara": {"NU": 187}, "materii": {"LIMBA ROMANA": {"medie": 9.03957219251337, "reusita": 100.0, "cnt": 187}, "GENERAL": {"medie": 9.068538324420683, "reusita": 97.86096256684492, "cnt": 187}, "MATEMATICA MATE-INFO": {"medie": 9.046212121212124, "reusita": 98.48484848484848, "cnt": 66}, "ANATOMIE SI FIZIOLOGIE UMANA, GENETICA SI ECOLOGIE UMANA": {"medie": 8.958333333333334, "reusita": 100.0, "cnt": 18}, "ISTORIE": {"medie": 8.956923076923076, "reusita": 100.0, "cnt": 65}, "GEOGRAFIE": {"medie": 9.226666666666667, "reusita": 100.0, "cnt": 30}, "FILOSOFIE": {"medie": 9.05, "reusita": 100.0, "cnt": 2}, "MATEMATICA ST-NAT": {"medie": 9.45, "reusita": 100.0, "cnt": 27}, "FIZICA TEO": {"medie": 9.041304347826085, "reusita": 97.82608695652173, "cnt": 46}, "CHIMIE ORGANICA TEO NIVEL I/II": {"medie": 9.778571428571428, "reusita": 100.0, "cnt": 14}, "LOGICA, ARGUMENTARE SI COMUNICARE": {"medie": 9.046, "reusita": 98.0, "cnt": 50}, "INFORMATICA MI C/C++": {"medie": 9.323333333333332, "reusita": 100.0, "cnt": 15}, "PSIHOLOGIE": {"medie": 9.049999999999999, "reusita": 100.0, "cnt": 7}, "SOCIOLOGIE": {"medie": 9.0, "reusita": 100.0, "cnt": 1}, "ECONOMIE": {"medie": 8.975000000000001, "reusita": 100.0, "cnt": 4}, "MATEMATICA PED": {"medie": 8.73448275862069, "reusita": 100.0, "cnt": 29}}, "nume": "COLEGIUL NATIONAL DE INFORMATICA MATEI BASARAB, MUN. RM. VALCEA\tV\u00e2lcea"}