{"specializari": {"TEHNICIAN IN TURISM": 38, "TEHNICIAN IN ACTIVITATI ECONOMICE": 57, "TEHNICIAN IN INSTALATII ELECTRICE": 28, "TEHNICIAN DE TELECOMUNICATII": 45, "TEHNICIAN ELECTRONIST": 2, "TEHNICIAN OPERATOR TEHNICA DE CALCUL": 24, "TEHNICIAN PROIECTANT CAD": 9, "TEHNICIAN ELECTROTEHNIST": 22, "TEHNICIAN ELECTROMECANIC": 8, "TEHNICIAN IN AUTOMATIZARI": 34, "TEHNICIAN IN ACTIVITATI DE COMERT": 3, "MATEMATICA-INFORMATICA": 1}, "limba_moderna": {"LIMBA ENGLEZA": 267, "LIMBA FRANCEZA": 3, "LIMBA GERMANA MODERNA": 1}, "limba_materna": {"LIMBA ROMANA": 271}, "promotie_anterioara": {"NU": 167, "DA": 104}, "materii": {"LIMBA ROMANA": {"medie": 5.986891385767788, "reusita": 87.4538745387454, "cnt": 271}, "MATEMATICA TEHN": {"medie": 4.866007905138341, "reusita": 58.88888888888889, "cnt": 270}, "BIOLOGIE VEGETALA SI ANIMALA": {"medie": 5.159440559440557, "reusita": 54.966887417218544, "cnt": 151}, "GENERAL": {"medie": 5.628333333333335, "reusita": 41.69741697416974, "cnt": 271}, "MATEMATICA MATE-INFO": {"medie": 3.7, "reusita": 0.0, "cnt": 1}, "FIZICA TEH": {"medie": 4.126470588235295, "reusita": 36.84210526315789, "cnt": 19}, "GEOGRAFIE": {"medie": 7.38409090909091, "reusita": 94.3820224719101, "cnt": 89}, "LOGICA, ARGUMENTARE SI COMUNICARE": {"medie": 6.949999999999999, "reusita": 100.0, "cnt": 2}, "PSIHOLOGIE": {"medie": 7.208333333333335, "reusita": 100.0, "cnt": 6}, "ECONOMIE": {"medie": 5.0, "reusita": 100.0, "cnt": 1}, "CHIMIE ANORGANICA TEH NIVEL I/II": {"medie": 2.783333333333333, "reusita": 0.0, "cnt": 3}}, "nume": "COLEGIUL TEHNIC \"EMANUIL UNGUREANU\" TIMISOARA\tTimi\u0219"}