{"specializari": {"ARHITECTURA, ARTE AMBIENTALE SI DESIGN": 12, "STIINTE ALE NATURII": 4, "TEHNICIAN IN CONSTRUCTII SI LUCRARI PUBLICE": 2, "TEHNICIAN ECOLOG SI PROTECTIA CALITATII MEDIULUI": 30, "TEHNICIAN PRODUCTIE FILM SI TELEVIZIUNE": 27, "TEHNICIAN PRELUCRARI MECANICE": 5, "TEHNICIAN OPERATOR TEHNICA DE CALCUL": 2, "TEHNICIAN MECATRONIST": 36, "TEHNICIAN DESENATOR PENTRU CONSTRUCTII SI INSTALATII": 13, "TEHNICIAN IN AUTOMATIZARI": 31, "TEHNICIAN MECANIC PENTRU INTRETINERE SI REPARATII": 1, "TEHNICIAN PROIECTANT CAD": 1, "TEHNICIAN PRELUCRARI PE MASINI CU COMANDA NUMERICA": 2}, "limba_moderna": {"LIMBA ENGLEZA": 152, "LIMBA FRANCEZA": 13, "LIMBA GERMANA MODERNA": 1}, "limba_materna": {"LIMBA ROMANA": 166}, "promotie_anterioara": {"DA": 63, "NU": 103}, "materii": {"LIMBA ROMANA": {"medie": 6.250304878048782, "reusita": 92.7710843373494, "cnt": 166}, "MATEMATICA TEHN": {"medie": 5.088275862068964, "reusita": 65.33333333333333, "cnt": 150}, "BIOLOGIE VEGETALA SI ANIMALA": {"medie": 5.13109756097561, "reusita": 50.588235294117645, "cnt": 85}, "GENERAL": {"medie": 5.543614718614721, "reusita": 39.1566265060241, "cnt": 166}, "ANATOMIE SI FIZIOLOGIE UMANA, GENETICA SI ECOLOGIE UMANA": {"medie": 5.9, "reusita": 73.33333333333333, "cnt": 15}, "FIZICA TEH": {"medie": 6.0, "reusita": 50.0, "cnt": 2}, "ISTORIE": {"medie": 6.145833333333333, "reusita": 100.0, "cnt": 12}, "GEOGRAFIE": {"medie": 6.0181818181818185, "reusita": 66.66666666666666, "cnt": 12}, "MATEMATICA ST-NAT": {"medie": 2.9333333333333336, "reusita": 25.0, "cnt": 4}, "CHIMIE ANORGANICA TEH NIVEL I/II": {"medie": 4.73921568627451, "reusita": 54.90196078431373, "cnt": 51}, "CHIMIE ORGANICA TEH NIVEL I/II": {"medie": "-", "reusita": 0.0, "cnt": 1}}, "nume": "COLEGIUL TEHNIC \"MIRCEA CRISTEA\" BRASOV\tBra\u0219ov"}