{"specializari": {"TEHNICIAN IN ACTIVITATI ECONOMICE": 82, "TEHNICIAN IN ACTIVITATI DE COMERT": 31, "TEHNICIAN IN TURISM": 29, "TEHNICIAN IN GASTRONOMIE": 32, "TEHNICIAN IN ADMINISTRATIE": 5}, "limba_moderna": {"LIMBA ENGLEZA": 177, "LIMBA FRANCEZA": 2}, "limba_materna": {"LIMBA ROMANA": 179}, "promotie_anterioara": {"NU": 160, "DA": 19}, "materii": {"LIMBA ROMANA": {"medie": 7.579213483146069, "reusita": 98.32402234636871, "cnt": 179}, "MATEMATICA TEHN": {"medie": 7.220738636363634, "reusita": 94.41340782122904, "cnt": 179}, "GENERAL": {"medie": 7.734943181818182, "reusita": 89.3854748603352, "cnt": 179}, "GEOGRAFIE": {"medie": 8.518045112781957, "reusita": 98.49624060150376, "cnt": 133}, "LOGICA, ARGUMENTARE SI COMUNICARE": {"medie": 8.138235294117647, "reusita": 94.44444444444444, "cnt": 36}, "PSIHOLOGIE": {"medie": 9.133333333333333, "reusita": 100.0, "cnt": 3}, "ECONOMIE": {"medie": 6.3999999999999995, "reusita": 100.0, "cnt": 7}}, "nume": "COLEGIUL ECONOMIC \"GEORGE BARITIU\" SIBIU\tSibiu"}