{"specializari": {"MATEMATICA-INFORMATICA": 27, "TEHNICIAN IN ACTIVITATI ECONOMICE": 92, "TEHNICIAN IN ACHIZITII SI CONTRACTARI": 90, "TEHNICIAN IN TURISM": 33, "TEHNICIAN IN GASTRONOMIE": 31, "ORGANIZATOR BANQUETING": 4}, "limba_moderna": {"LIMBA ENGLEZA": 256, "LIMBA FRANCEZA": 21}, "limba_materna": {"LIMBA ROMANA": 277}, "promotie_anterioara": {"NU": 262, "DA": 15}, "materii": {"LIMBA ROMANA": {"medie": 7.888949275362314, "reusita": 98.55595667870037, "cnt": 277}, "MATEMATICA TEHN": {"medie": 8.16686746987952, "reusita": 98.0, "cnt": 250}, "BIOLOGIE VEGETALA SI ANIMALA": {"medie": 7.389999999999999, "reusita": 100.0, "cnt": 5}, "GENERAL": {"medie": 8.150666666666666, "reusita": 93.50180505415162, "cnt": 277}, "MATEMATICA MATE-INFO": {"medie": 6.2370370370370365, "reusita": 77.77777777777779, "cnt": 27}, "ANATOMIE SI FIZIOLOGIE UMANA, GENETICA SI ECOLOGIE UMANA": {"medie": 4.233333333333333, "reusita": 0.0, "cnt": 3}, "GEOGRAFIE": {"medie": 7.808333333333334, "reusita": 94.44444444444444, "cnt": 18}, "FIZICA TEO": {"medie": 7.041666666666667, "reusita": 91.66666666666666, "cnt": 12}, "LOGICA, ARGUMENTARE SI COMUNICARE": {"medie": 8.816814159292033, "reusita": 96.9298245614035, "cnt": 228}, "INFORMATICA MI C/C++": {"medie": 7.8999999999999995, "reusita": 100.0, "cnt": 6}, "PSIHOLOGIE": {"medie": 8.175, "reusita": 100.0, "cnt": 2}, "CHIMIE ANORGANICA TEO NIVEL I/II": {"medie": 8.2, "reusita": 100.0, "cnt": 1}, "ECONOMIE": {"medie": 6.625, "reusita": 100.0, "cnt": 2}}, "nume": "COLEGIUL ECONOMIC \"VIRGIL MADGEARU\", MUNICIPIUL PLOIESTI\tPrahova"}