{"specializari": {"TEHNICIAN IN ACTIVITATI ECONOMICE": 128, "TEHNICIAN IN TURISM": 65}, "limba_moderna": {"LIMBA GERMANA MODERNA": 3, "LIMBA ENGLEZA": 177, "LIMBA FRANCEZA": 13}, "limba_materna": {"LIMBA ROMANA": 193}, "promotie_anterioara": {"DA": 8, "NU": 185}, "materii": {"LIMBA ROMANA": {"medie": 7.708900523560201, "reusita": 97.92746113989638, "cnt": 193}, "MATEMATICA TEHN": {"medie": 7.390575916230365, "reusita": 94.81865284974094, "cnt": 193}, "GENERAL": {"medie": 7.796858638743455, "reusita": 91.70984455958549, "cnt": 193}, "GEOGRAFIE": {"medie": 8.470689655172412, "reusita": 97.26027397260275, "cnt": 146}, "LOGICA, ARGUMENTARE SI COMUNICARE": {"medie": 7.981481481481483, "reusita": 92.5925925925926, "cnt": 27}, "PSIHOLOGIE": {"medie": 7.733333333333332, "reusita": 100.0, "cnt": 12}, "ECONOMIE": {"medie": 6.51875, "reusita": 100.0, "cnt": 8}}, "nume": "COLEGIUL ECONOMIC \"COSTIN C. KIRITESCU\"\tBucure\u0219ti"}