{"specializari": {"MATEMATICA-INFORMATICA": 42, "TEHNICIAN PROIECTANT CAD": 28, "TEHNICIAN IN TURISM": 57, "TEHNICIAN IN HOTELARIE": 32, "TEHNICIAN TRANSPORTURI": 23, "TEHNICIAN IN INSTALATII ELECTRICE": 1, "TEHNICIAN PRELUCRARI MECANICE": 7, "TEHNICIAN IN GASTRONOMIE": 19, "ORGANIZATOR BANQUETING": 17}, "limba_moderna": {"LIMBA ENGLEZA": 218, "LIMBA FRANCEZA": 8}, "limba_materna": {"LIMBA ROMANA": 226}, "promotie_anterioara": {"DA": 106, "NU": 120}, "materii": {"LIMBA ROMANA": {"medie": 5.1357466063348465, "reusita": 69.46902654867256, "cnt": 226}, "MATEMATICA TEHN": {"medie": 3.4033707865168537, "reusita": 32.608695652173914, "cnt": 184}, "BIOLOGIE VEGETALA SI ANIMALA": {"medie": 3.2736842105263158, "reusita": 19.672131147540984, "cnt": 61}, "GENERAL": {"medie": 4.594761904761903, "reusita": 16.8141592920354, "cnt": 226}, "MATEMATICA MATE-INFO": {"medie": 1.8297297297297295, "reusita": 7.142857142857142, "cnt": 42}, "ANATOMIE SI FIZIOLOGIE UMANA, GENETICA SI ECOLOGIE UMANA": {"medie": 5.185483870967742, "reusita": 47.05882352941176, "cnt": 34}, "GEOGRAFIE": {"medie": 6.538532110091743, "reusita": 82.30088495575221, "cnt": 113}, "INFORMATICA MI C/C++": {"medie": 3.75, "reusita": 0.0, "cnt": 1}, "PSIHOLOGIE": {"medie": 6.905000000000001, "reusita": 90.9090909090909, "cnt": 11}, "ECONOMIE": {"medie": 4.5, "reusita": 0.0, "cnt": 1}, "CHIMIE ANORGANICA TEH NIVEL I/II": {"medie": 2.8500000000000005, "reusita": 20.0, "cnt": 5}}, "nume": "COLEGIUL TEHNOLOGIC \"GRIGORE CERCHEZ\"\tBucure\u0219ti"}