{"specializari": {"STIINTE SOCIALE": 29, "STIINTE ALE NATURII": 26, "FILOLOGIE": 28, "MATEMATICA-INFORMATICA": 15}, "limba_moderna": {"LIMBA ENGLEZA": 92, "LIMBA FRANCEZA": 6}, "limba_materna": {"LIMBA ROMANA": 98}, "promotie_anterioara": {"NU": 89, "DA": 9}, "materii": {"LIMBA ROMANA": {"medie": 6.507216494845362, "reusita": 85.71428571428571, "cnt": 98}, "GENERAL": {"medie": 6.568947368421054, "reusita": 60.204081632653065, "cnt": 98}, "MATEMATICA MATE-INFO": {"medie": 1.925, "reusita": 6.666666666666667, "cnt": 15}, "ANATOMIE SI FIZIOLOGIE UMANA, GENETICA SI ECOLOGIE UMANA": {"medie": 6.010526315789473, "reusita": 65.85365853658537, "cnt": 41}, "ISTORIE": {"medie": 7.217543859649125, "reusita": 92.98245614035088, "cnt": 57}, "GEOGRAFIE": {"medie": 8.63157894736842, "reusita": 97.36842105263158, "cnt": 38}, "MATEMATICA ST-NAT": {"medie": 4.2250000000000005, "reusita": 46.15384615384615, "cnt": 26}, "LOGICA, ARGUMENTARE SI COMUNICARE": {"medie": 7.98888888888889, "reusita": 94.44444444444444, "cnt": 18}, "PSIHOLOGIE": {"medie": 9.6, "reusita": 100.0, "cnt": 1}}, "nume": "COLEGIUL NATIONAL \"TUDOR ARGHEZI\" TG-CARBUNESTI\tGorj"}