{"specializari": {"MATEMATICA-INFORMATICA": 253, "STIINTE ALE NATURII": 32}, "limba_moderna": {"LIMBA ENGLEZA": 268, "LIMBA FRANCEZA": 13, "LIMBA SPANIOLA": 2, "LIMBA GERMANA MODERNA": 2}, "limba_materna": {"LIMBA ROMANA": 285}, "promotie_anterioara": {"NU": 285}, "materii": {"LIMBA ROMANA": {"medie": 9.158771929824555, "reusita": 100.0, "cnt": 285}, "BIOLOGIE VEGETALA SI ANIMALA": {"medie": 9.683333333333334, "reusita": 100.0, "cnt": 6}, "GENERAL": {"medie": 9.252631578947366, "reusita": 100.0, "cnt": 285}, "MATEMATICA MATE-INFO": {"medie": 9.177667984189721, "reusita": 100.0, "cnt": 253}, "ANATOMIE SI FIZIOLOGIE UMANA, GENETICA SI ECOLOGIE UMANA": {"medie": 9.291304347826088, "reusita": 100.0, "cnt": 23}, "MATEMATICA ST-NAT": {"medie": 9.210937499999998, "reusita": 100.0, "cnt": 32}, "FIZICA TEO": {"medie": 9.493145161290323, "reusita": 100.0, "cnt": 124}, "CHIMIE ORGANICA TEO NIVEL I/II": {"medie": 9.355194805194808, "reusita": 100.0, "cnt": 77}, "INFORMATICA MI C/C++": {"medie": 9.359090909090911, "reusita": 100.0, "cnt": 55}}, "nume": "COLEGIUL NATIONAL \"MIHAI VITEAZUL\"\tBucure\u0219ti"}