{"specializari": {"STIINTE SOCIALE": 35, "STIINTE ALE NATURII": 62, "LICEU CU PROGRAM SPORTIV": 34, "MATEMATICA-INFORMATICA": 34, "FILOLOGIE": 36}, "limba_moderna": {"LIMBA ENGLEZA": 171, "LIMBA FRANCEZA": 30}, "limba_materna": {"LIMBA ROMANA": 201}, "promotie_anterioara": {"DA": 13, "NU": 188}, "materii": {"LIMBA ROMANA": {"medie": 8.172000000000004, "reusita": 99.00497512437812, "cnt": 201}, "GENERAL": {"medie": 8.04120603015075, "reusita": 91.54228855721394, "cnt": 201}, "MATEMATICA MATE-INFO": {"medie": 7.335294117647059, "reusita": 100.0, "cnt": 34}, "ANATOMIE SI FIZIOLOGIE UMANA, GENETICA SI ECOLOGIE UMANA": {"medie": 8.122857142857143, "reusita": 94.36619718309859, "cnt": 71}, "ISTORIE": {"medie": 8.015865384615388, "reusita": 97.14285714285714, "cnt": 105}, "GEOGRAFIE": {"medie": 8.145833333333334, "reusita": 92.0, "cnt": 25}, "MATEMATICA ST-NAT": {"medie": 7.120161290322582, "reusita": 91.93548387096774, "cnt": 62}, "FIZICA TEO": {"medie": 7.166666666666667, "reusita": 100.0, "cnt": 9}, "CHIMIE ORGANICA TEO NIVEL I/II": {"medie": 7.824999999999999, "reusita": 100.0, "cnt": 2}, "LOGICA, ARGUMENTARE SI COMUNICARE": {"medie": 8.599358974358976, "reusita": 94.87179487179486, "cnt": 78}, "INFORMATICA MI C/C++": {"medie": 8.591666666666667, "reusita": 100.0, "cnt": 12}, "PSIHOLOGIE": {"medie": 8.85, "reusita": 100.0, "cnt": 2}, "INFORMATICA SN C/C++": {"medie": 8.0, "reusita": 100.0, "cnt": 2}}, "nume": "COLEGIUL NATIONAL \"NICOLAE TITULESCU\" CRAIOVA\tDolj"}