{"specializari": {"INVATATOR - EDUCATOARE": 58, "FILOLOGIE": 91, "MATEMATICA-INFORMATICA": 52, "MUZICA": 1, "INSTRUCTOR PENTRU ACTIVITATI EXTRASCOLARE": 1}, "limba_moderna": {"LIMBA ENGLEZA": 189, "LIMBA FRANCEZA": 14}, "limba_materna": {"LIMBA ROMANA": 203}, "promotie_anterioara": {"NU": 194, "DA": 9}, "materii": {"LIMBA ROMANA": {"medie": 8.27925, "reusita": 97.53694581280789, "cnt": 203}, "BIOLOGIE VEGETALA SI ANIMALA": {"medie": 6.8625, "reusita": 100.0, "cnt": 4}, "GENERAL": {"medie": 8.091666666666667, "reusita": 91.13300492610837, "cnt": 203}, "MATEMATICA MATE-INFO": {"medie": 6.302941176470588, "reusita": 86.53846153846155, "cnt": 52}, "ANATOMIE SI FIZIOLOGIE UMANA, GENETICA SI ECOLOGIE UMANA": {"medie": 8.168421052631578, "reusita": 92.3076923076923, "cnt": 39}, "ISTORIE": {"medie": 8.218817204301077, "reusita": 97.84946236559139, "cnt": 93}, "GEOGRAFIE": {"medie": 8.714423076923076, "reusita": 99.03846153846155, "cnt": 104}, "FILOSOFIE": {"medie": 7.45, "reusita": 100.0, "cnt": 1}, "FIZICA TEO": {"medie": 8.535714285714286, "reusita": 100.0, "cnt": 7}, "LOGICA, ARGUMENTARE SI COMUNICARE": {"medie": 8.575000000000001, "reusita": 100.0, "cnt": 24}, "INFORMATICA MI C/C++": {"medie": 6.35, "reusita": 100.0, "cnt": 2}, "PSIHOLOGIE": {"medie": 8.075, "reusita": 100.0, "cnt": 14}, "SOCIOLOGIE": {"medie": 7.533333333333334, "reusita": 100.0, "cnt": 3}, "ECONOMIE": {"medie": 8.260000000000002, "reusita": 100.0, "cnt": 5}, "MATEMATICA PED": {"medie": 7.486206896551724, "reusita": 96.55172413793103, "cnt": 58}}, "nume": "COLEGIUL NATIONAL PEDAGOGIC \"MIRCEA SCARLAT\" ALEXANDRIA\tTeleorman"}