{"specializari": {"TEHNICIAN MECATRONIST": 13, "TEHNICIAN MECANIC PENTRU INTRETINERE SI REPARATII": 6, "MATEMATICA-INFORMATICA": 10, "TEHNICIAN TRANSPORTURI": 5, "TEHNICIAN IN TURISM": 20, "ORGANIZATOR BANQUETING": 34, "LICEU CU PROGRAM SPORTIV": 33, "TEHNICIAN IN AUTOMATIZARI": 6, "TEHNICIAN IN INSTALATII ELECTRICE": 1}, "limba_moderna": {"LIMBA ENGLEZA": 126, "LIMBA FRANCEZA": 2}, "limba_materna": {"LIMBA ROMANA": 128}, "promotie_anterioara": {"DA": 46, "NU": 82}, "materii": {"LIMBA ROMANA": {"medie": 5.506249999999998, "reusita": 80.46875, "cnt": 128}, "MATEMATICA TEHN": {"medie": 4.3746987951807235, "reusita": 51.76470588235295, "cnt": 85}, "BIOLOGIE VEGETALA SI ANIMALA": {"medie": 4.610416666666667, "reusita": 42.30769230769231, "cnt": 26}, "GENERAL": {"medie": 5.278000000000002, "reusita": 31.25, "cnt": 128}, "MATEMATICA MATE-INFO": {"medie": 1.6333333333333333, "reusita": 10.0, "cnt": 10}, "ANATOMIE SI FIZIOLOGIE UMANA, GENETICA SI ECOLOGIE UMANA": {"medie": 3.1, "reusita": 14.285714285714285, "cnt": 7}, "FIZICA TEH": {"medie": 2.2, "reusita": 0.0, "cnt": 1}, "ISTORIE": {"medie": 5.534848484848485, "reusita": 75.75757575757575, "cnt": 33}, "GEOGRAFIE": {"medie": 6.8619718309859135, "reusita": 88.88888888888889, "cnt": 72}, "LOGICA, ARGUMENTARE SI COMUNICARE": {"medie": 4.863636363636363, "reusita": 45.45454545454545, "cnt": 11}, "PSIHOLOGIE": {"medie": 5.775, "reusita": 75.0, "cnt": 4}, "CHIMIE ANORGANICA TEH NIVEL I/II": {"medie": 3.8714285714285714, "reusita": 42.857142857142854, "cnt": 7}}, "nume": "COLEGIUL TEHNIC \"DINICU GOLESCU\"\tBucure\u0219ti"}