{"specializari": {"MATEMATICA-INFORMATICA": 175}, "limba_moderna": {"LIMBA ENGLEZA": 152, "LIMBA GERMANA MODERNA": 17, "LIMBA FRANCEZA": 6}, "limba_materna": {"LIMBA ROMANA": 175}, "promotie_anterioara": {"DA": 5, "NU": 170}, "materii": {"LIMBA ROMANA": {"medie": 8.141142857142855, "reusita": 100.0, "cnt": 175}, "GENERAL": {"medie": 8.228666666666667, "reusita": 94.28571428571428, "cnt": 175}, "MATEMATICA MATE-INFO": {"medie": 8.079999999999997, "reusita": 97.14285714285714, "cnt": 175}, "ANATOMIE SI FIZIOLOGIE UMANA, GENETICA SI ECOLOGIE UMANA": {"medie": 8.641228070175435, "reusita": 96.49122807017544, "cnt": 57}, "FIZICA TEO": {"medie": 8.136000000000001, "reusita": 100.0, "cnt": 25}, "CHIMIE ORGANICA TEO NIVEL I/II": {"medie": 9.2, "reusita": 100.0, "cnt": 1}, "INFORMATICA MI C/C++": {"medie": 8.457142857142856, "reusita": 97.8021978021978, "cnt": 91}, "CHIMIE ANORGANICA TEO NIVEL I/II": {"medie": 6.6, "reusita": 100.0, "cnt": 1}}, "nume": "COLEGIUL NATIONAL DE INFORMATICA, MUNICIPIUL PIATRA-NEAMT\tNeam\u021b"}