{"specializari": {"MATEMATICA-INFORMATICA": 53, "FILOLOGIE": 82, "STIINTE ALE NATURII": 31}, "limba_moderna": {"LIMBA FRANCEZA": 50, "LIMBA ENGLEZA": 98, "LIMBA GERMANA MODERNA": 18}, "limba_materna": {"LIMBA ROMANA": 166}, "promotie_anterioara": {"NU": 166}, "materii": {"LIMBA ROMANA": {"medie": 8.709939759036141, "reusita": 99.3975903614458, "cnt": 166}, "GENERAL": {"medie": 8.847389558232928, "reusita": 99.3975903614458, "cnt": 166}, "MATEMATICA MATE-INFO": {"medie": 8.349056603773585, "reusita": 100.0, "cnt": 53}, "ANATOMIE SI FIZIOLOGIE UMANA, GENETICA SI ECOLOGIE UMANA": {"medie": 9.148039215686273, "reusita": 98.0392156862745, "cnt": 51}, "ISTORIE": {"medie": 9.127439024390243, "reusita": 100.0, "cnt": 82}, "GEOGRAFIE": {"medie": 9.474999999999998, "reusita": 100.0, "cnt": 78}, "MATEMATICA ST-NAT": {"medie": 8.490322580645161, "reusita": 100.0, "cnt": 31}, "FIZICA TEO": {"medie": 7.854166666666667, "reusita": 100.0, "cnt": 12}, "CHIMIE ORGANICA TEO NIVEL I/II": {"medie": 7.5, "reusita": 100.0, "cnt": 1}, "LOGICA, ARGUMENTARE SI COMUNICARE": {"medie": 9.675, "reusita": 100.0, "cnt": 2}, "INFORMATICA MI C/C++": {"medie": 8.1825, "reusita": 100.0, "cnt": 20}, "PSIHOLOGIE": {"medie": 9.25, "reusita": 100.0, "cnt": 1}, "SOCIOLOGIE": {"medie": 6.4, "reusita": 100.0, "cnt": 1}}, "nume": "COLEGIUL NATIONAL \"MIHAI EMINESCU\", IASI\tIa\u0219i"}