{"specializari": {"MATEMATICA-INFORMATICA": 118, "STIINTE ALE NATURII": 61, "FILOLOGIE": 34}, "limba_moderna": {"LIMBA ENGLEZA": 193, "LIMBA FRANCEZA": 20}, "limba_materna": {"LIMBA ROMANA": 213}, "promotie_anterioara": {"NU": 211, "DA": 2}, "materii": {"LIMBA ROMANA": {"medie": 8.693896713615022, "reusita": 100.0, "cnt": 213}, "GENERAL": {"medie": 8.731611893583729, "reusita": 97.65258215962442, "cnt": 213}, "MATEMATICA MATE-INFO": {"medie": 8.528813559322037, "reusita": 99.15254237288136, "cnt": 118}, "ANATOMIE SI FIZIOLOGIE UMANA, GENETICA SI ECOLOGIE UMANA": {"medie": 9.107142857142858, "reusita": 98.9795918367347, "cnt": 98}, "ISTORIE": {"medie": 8.975, "reusita": 100.0, "cnt": 34}, "GEOGRAFIE": {"medie": 8.836363636363636, "reusita": 100.0, "cnt": 22}, "FILOSOFIE": {"medie": 9.25, "reusita": 100.0, "cnt": 1}, "MATEMATICA ST-NAT": {"medie": 8.35, "reusita": 100.0, "cnt": 61}, "FIZICA TEO": {"medie": 9.288888888888888, "reusita": 100.0, "cnt": 27}, "INFORMATICA MI C/C++": {"medie": 8.533333333333333, "reusita": 100.0, "cnt": 54}, "PSIHOLOGIE": {"medie": 8.15, "reusita": 100.0, "cnt": 1}, "SOCIOLOGIE": {"medie": 9.09, "reusita": 100.0, "cnt": 10}}, "nume": "COLEGIUL NATIONAL \"ECATERINA TEODOROIU\" TG-JIU\tGorj"}