{"specializari": {"MATEMATICA-INFORMATICA": 56, "INVATATOR - EDUCATOARE": 54, "FILOLOGIE": 59}, "limba_moderna": {"LIMBA ENGLEZA": 114, "LIMBA FRANCEZA": 17, "LIMBA SPANIOLA": 19, "LIMBA GERMANA MODERNA": 19}, "limba_materna": {"LIMBA ROMANA": 169}, "promotie_anterioara": {"NU": 169}, "materii": {"LIMBA ROMANA": {"medie": 8.457396449704145, "reusita": 100.0, "cnt": 169}, "BIOLOGIE VEGETALA SI ANIMALA": {"medie": 8.774999999999999, "reusita": 100.0, "cnt": 4}, "GENERAL": {"medie": 8.590729783037473, "reusita": 97.63313609467455, "cnt": 169}, "MATEMATICA MATE-INFO": {"medie": 8.296428571428569, "reusita": 100.0, "cnt": 56}, "ANATOMIE SI FIZIOLOGIE UMANA, GENETICA SI ECOLOGIE UMANA": {"medie": 8.625, "reusita": 100.0, "cnt": 8}, "ISTORIE": {"medie": 8.289830508474578, "reusita": 100.0, "cnt": 59}, "GEOGRAFIE": {"medie": 8.950000000000001, "reusita": 100.0, "cnt": 4}, "FIZICA TEO": {"medie": 8.894827586206898, "reusita": 100.0, "cnt": 29}, "CHIMIE ORGANICA TEO NIVEL I/II": {"medie": 9.2, "reusita": 100.0, "cnt": 2}, "LOGICA, ARGUMENTARE SI COMUNICARE": {"medie": 8.80051020408163, "reusita": 95.91836734693877, "cnt": 98}, "INFORMATICA MI C/C++": {"medie": 8.296153846153846, "reusita": 100.0, "cnt": 13}, "PSIHOLOGIE": {"medie": 9.368181818181817, "reusita": 100.0, "cnt": 11}, "MATEMATICA PED": {"medie": 8.942592592592595, "reusita": 100.0, "cnt": 54}}, "nume": "COLEGIUL NATIONAL PEDAGOGIC \"REGINA MARIA\", MUNICIPIUL PLOIESTI\tPrahova"}