{"specializari": {"TEHNICIAN IN ACTIVITATI ECONOMICE": 80, "TEHNICIAN IN TURISM": 98, "TEHNICIAN IN ACTIVITATI DE COMERT": 1, "TEHNICIAN IN HOTELARIE": 2, "TEHNICIAN IN ACHIZITII SI CONTRACTARI": 70, "TEHNICIAN IN ADMINISTRATIE": 38, "TEHNICIAN IN GASTRONOMIE": 1}, "limba_moderna": {"LIMBA ENGLEZA": 265, "LIMBA FRANCEZA": 25}, "limba_materna": {"LIMBA ROMANA": 290}, "promotie_anterioara": {"DA": 121, "NU": 169}, "materii": {"LIMBA ROMANA": {"medie": 6.232517482517478, "reusita": 92.06896551724138, "cnt": 290}, "MATEMATICA TEHN": {"medie": 4.427956989247313, "reusita": 55.51724137931034, "cnt": 290}, "GENERAL": {"medie": 5.791515151515151, "reusita": 43.79310344827586, "cnt": 290}, "GEOGRAFIE": {"medie": 6.8114754098360715, "reusita": 86.8421052631579, "cnt": 190}, "LOGICA, ARGUMENTARE SI COMUNICARE": {"medie": 6.226086956521738, "reusita": 68.42105263157895, "cnt": 95}, "PSIHOLOGIE": {"medie": 7.862500000000001, "reusita": 100.0, "cnt": 4}, "ECONOMIE": {"medie": 5.1, "reusita": 100.0, "cnt": 1}}, "nume": "COLEGIUL NATIONAL ECONOMIC \"THEODOR COSTESCU\"\tMehedin\u021bi"}