{"specializari": {"ORGANIZATOR BANQUETING": 23, "TEHNICIAN IN ACTIVITATI ECONOMICE": 109, "TEHNICIAN IN ADMINISTRATIE": 55, "TEHNICIAN IN ACTIVITATI DE COMERT": 31, "TEHNICIAN IN TURISM": 28, "TEHNICIAN IN GASTRONOMIE": 22}, "limba_moderna": {"LIMBA ENGLEZA": 221, "LIMBA FRANCEZA": 47}, "limba_materna": {"LIMBA ROMANA": 268}, "promotie_anterioara": {"DA": 19, "NU": 249}, "materii": {"LIMBA ROMANA": {"medie": 7.374157303370787, "reusita": 98.13432835820896, "cnt": 268}, "MATEMATICA TEHN": {"medie": 6.929887218045113, "reusita": 93.28358208955224, "cnt": 268}, "GENERAL": {"medie": 7.488068181818183, "reusita": 88.80597014925374, "cnt": 268}, "GEOGRAFIE": {"medie": 8.529687500000001, "reusita": 96.96969696969697, "cnt": 33}, "LOGICA, ARGUMENTARE SI COMUNICARE": {"medie": 8.00343347639485, "reusita": 93.58974358974359, "cnt": 234}, "PSIHOLOGIE": {"medie": 7.1, "reusita": 100.0, "cnt": 1}}, "nume": "COLEGIUL ECONOMIC \"VIRGIL MADGEARU\", LOCALITATEA GALATI\tGala\u021bi"}