{"specializari": {"TEHNICIAN VETERINAR": 23, "TEHNICIAN IN INDUSTRIA ALIMENTARA": 31, "TEHNICIAN IN GASTRONOMIE": 14, "TEHNICIAN ANALIZE PRODUSE ALIMENTARE": 25, "TEHNICIAN TRANSPORTURI": 24, "STIINTE SOCIALE": 30, "TEHNICIAN ECOLOG SI PROTECTIA CALITATII MEDIULUI": 16, "TEHNICIAN ELECTROMECANIC": 9, "TEHNICIAN IN AGROTURISM": 1, "TEHNICIAN IN AUTOMATIZARI": 3, "TEHNICIAN MECATRONIST": 9, "TEHNICIAN ELECTRONIST": 1, "TEHNICIAN MECANIC PENTRU INTRETINERE SI REPARATII": 3, "TEHNICIAN DESENATOR PENTRU CONSTRUCTII SI INSTALATII": 1, "TEHNICIAN IN CONSTRUCTII SI LUCRARI PUBLICE": 1, "TEHNICIAN AGROMONTAN": 4, "TEHNICIAN HIDRO-METEOROLOG": 1}, "limba_moderna": {"LIMBA ENGLEZA": 141, "LIMBA FRANCEZA": 55}, "limba_materna": {"LIMBA ROMANA": 196}, "promotie_anterioara": {"NU": 116, "DA": 80}, "materii": {"LIMBA ROMANA": {"medie": 5.339062500000001, "reusita": 65.3061224489796, "cnt": 196}, "MATEMATICA TEHN": {"medie": 3.428911564625851, "reusita": 31.92771084337349, "cnt": 166}, "BIOLOGIE VEGETALA SI ANIMALA": {"medie": 3.922602739726028, "reusita": 29.761904761904763, "cnt": 84}, "GENERAL": {"medie": 5.047189922480621, "reusita": 28.061224489795915, "cnt": 196}, "ANATOMIE SI FIZIOLOGIE UMANA, GENETICA SI ECOLOGIE UMANA": {"medie": 5.65, "reusita": 63.888888888888886, "cnt": 36}, "FIZICA TEH": {"medie": 5.955555555555557, "reusita": 88.88888888888889, "cnt": 9}, "ISTORIE": {"medie": 7.881034482758621, "reusita": 93.33333333333333, "cnt": 30}, "GEOGRAFIE": {"medie": 7.563043478260869, "reusita": 91.66666666666666, "cnt": 24}, "LOGICA, ARGUMENTARE SI COMUNICARE": {"medie": 8.650000000000002, "reusita": 100.0, "cnt": 5}, "PSIHOLOGIE": {"medie": 8.3, "reusita": 100.0, "cnt": 2}, "SOCIOLOGIE": {"medie": 7.754166666666666, "reusita": 92.3076923076923, "cnt": 13}, "CHIMIE ANORGANICA TEH NIVEL I/II": {"medie": 4.917499999999999, "reusita": 60.0, "cnt": 20}, "CHIMIE ORGANICA TEH NIVEL I/II": {"medie": 4.2, "reusita": 66.66666666666666, "cnt": 3}}, "nume": "COLEGIUL TEHNIC \"VALERIU D. COTEA\" FOCSANI\tVrancea"}