{"specializari": {"MATEMATICA-INFORMATICA": 55, "STIINTE ALE NATURII": 32, "FILOLOGIE": 56}, "limba_moderna": {"LIMBA ENGLEZA": 132, "LIMBA FRANCEZA": 11}, "limba_materna": {"LIMBA ROMANA": 143}, "promotie_anterioara": {"NU": 141, "DA": 2}, "materii": {"LIMBA ROMANA": {"medie": 8.858450704225351, "reusita": 99.3006993006993, "cnt": 143}, "BIOLOGIE VEGETALA SI ANIMALA": {"medie": 8.85, "reusita": 100.0, "cnt": 1}, "GENERAL": {"medie": 8.875117370892015, "reusita": 97.9020979020979, "cnt": 143}, "MATEMATICA MATE-INFO": {"medie": 8.34351851851852, "reusita": 96.36363636363636, "cnt": 55}, "ANATOMIE SI FIZIOLOGIE UMANA, GENETICA SI ECOLOGIE UMANA": {"medie": 9.505952380952383, "reusita": 100.0, "cnt": 42}, "ISTORIE": {"medie": 9.105357142857143, "reusita": 100.0, "cnt": 56}, "GEOGRAFIE": {"medie": 9.052631578947368, "reusita": 100.0, "cnt": 19}, "MATEMATICA ST-NAT": {"medie": 8.4109375, "reusita": 100.0, "cnt": 32}, "FIZICA TEO": {"medie": 9.373333333333333, "reusita": 100.0, "cnt": 15}, "CHIMIE ORGANICA TEO NIVEL I/II": {"medie": 8.605555555555556, "reusita": 100.0, "cnt": 9}, "LOGICA, ARGUMENTARE SI COMUNICARE": {"medie": 8.64852941176471, "reusita": 97.05882352941177, "cnt": 34}, "INFORMATICA MI C/C++": {"medie": 9.121052631578948, "reusita": 95.0, "cnt": 20}, "PSIHOLOGIE": {"medie": 8.9, "reusita": 100.0, "cnt": 2}, "SOCIOLOGIE": {"medie": 10.0, "reusita": 100.0, "cnt": 1}}, "nume": "COLEGIUL NATIONAL \"MIHAI EMINESCU\" PETROSANI\tHunedoara"}