{"specializari": {"ORGANIZATOR BANQUETING": 45, "TEHNICIAN IN ACTIVITATI ECONOMICE": 61, "TEHNICIAN IN TURISM": 46, "TEHNICIAN IN ACTIVITATI DE COMERT": 73, "TEHNICIAN IN GASTRONOMIE": 8}, "limba_moderna": {"LIMBA ENGLEZA": 230, "LIMBA FRANCEZA": 3}, "limba_materna": {"LIMBA ROMANA": 233}, "promotie_anterioara": {"DA": 56, "NU": 177}, "materii": {"LIMBA ROMANA": {"medie": 5.909429824561401, "reusita": 83.2618025751073, "cnt": 233}, "MATEMATICA TEHN": {"medie": 5.537443946188342, "reusita": 68.24034334763948, "cnt": 233}, "GENERAL": {"medie": 6.1795107033639125, "reusita": 55.793991416309005, "cnt": 233}, "GEOGRAFIE": {"medie": 6.699122807017542, "reusita": 72.1311475409836, "cnt": 61}, "LOGICA, ARGUMENTARE SI COMUNICARE": {"medie": 7.046036585365851, "reusita": 80.23255813953489, "cnt": 172}}, "nume": "COLEGIUL ECONOMIC MANGALIA\tConstan\u021ba"}