{"specializari": {"STIINTE ALE NATURII": 146, "MATEMATICA-INFORMATICA": 30}, "limba_moderna": {"LIMBA ENGLEZA": 158, "LIMBA GERMANA MODERNA": 13, "LIMBA FRANCEZA": 5}, "limba_materna": {"LIMBA ROMANA": 176}, "promotie_anterioara": {"NU": 175, "DA": 1}, "materii": {"LIMBA ROMANA": {"medie": 8.796306818181819, "reusita": 100.0, "cnt": 176}, "BIOLOGIE VEGETALA SI ANIMALA": {"medie": 9.195333333333332, "reusita": 98.66666666666667, "cnt": 75}, "GENERAL": {"medie": 8.890151515151521, "reusita": 96.5909090909091, "cnt": 176}, "MATEMATICA MATE-INFO": {"medie": 8.851666666666665, "reusita": 100.0, "cnt": 30}, "ANATOMIE SI FIZIOLOGIE UMANA, GENETICA SI ECOLOGIE UMANA": {"medie": 9.598749999999999, "reusita": 100.0, "cnt": 40}, "MATEMATICA ST-NAT": {"medie": 8.603424657534244, "reusita": 97.26027397260275, "cnt": 146}, "FIZICA TEO": {"medie": 9.20909090909091, "reusita": 100.0, "cnt": 33}, "CHIMIE ORGANICA TEO NIVEL I/II": {"medie": 9.1, "reusita": 100.0, "cnt": 3}, "INFORMATICA MI C/C++": {"medie": 8.970833333333333, "reusita": 100.0, "cnt": 12}, "INFORMATICA SN C/C++": {"medie": 8.596153846153847, "reusita": 92.3076923076923, "cnt": 13}}, "nume": "COLEGIUL NATIONAL \"GHEORGHE LAZAR\" SIBIU\tSibiu"}