{"specializari": {"MATEMATICA-INFORMATICA": 133, "STIINTE SOCIALE": 36, "STIINTE ALE NATURII": 31}, "limba_moderna": {"LIMBA ENGLEZA": 176, "LIMBA FRANCEZA": 8, "LIMBA ITALIANA": 3, "LIMBA GERMANA MODERNA": 13}, "limba_materna": {"LIMBA ROMANA": 200}, "promotie_anterioara": {"NU": 200}, "materii": {"LIMBA ROMANA": {"medie": 8.967749999999995, "reusita": 100.0, "cnt": 200}, "GENERAL": {"medie": 8.959083333333338, "reusita": 99.5, "cnt": 200}, "MATEMATICA MATE-INFO": {"medie": 8.737969924812022, "reusita": 100.0, "cnt": 133}, "ANATOMIE SI FIZIOLOGIE UMANA, GENETICA SI ECOLOGIE UMANA": {"medie": 9.406923076923078, "reusita": 100.0, "cnt": 65}, "ISTORIE": {"medie": 9.351388888888888, "reusita": 100.0, "cnt": 36}, "GEOGRAFIE": {"medie": 9.468749999999998, "reusita": 100.0, "cnt": 8}, "FILOSOFIE": {"medie": 10.0, "reusita": 100.0, "cnt": 1}, "MATEMATICA ST-NAT": {"medie": 8.638709677419355, "reusita": 100.0, "cnt": 31}, "FIZICA TEO": {"medie": 8.860000000000001, "reusita": 100.0, "cnt": 15}, "CHIMIE ORGANICA TEO NIVEL I/II": {"medie": 9.742857142857144, "reusita": 100.0, "cnt": 14}, "LOGICA, ARGUMENTARE SI COMUNICARE": {"medie": 9.643181818181818, "reusita": 100.0, "cnt": 22}, "INFORMATICA MI C/C++": {"medie": 8.435507246376813, "reusita": 98.55072463768117, "cnt": 69}, "PSIHOLOGIE": {"medie": 8.925, "reusita": 100.0, "cnt": 4}, "CHIMIE ANORGANICA TEO NIVEL I/II": {"medie": 9.8, "reusita": 100.0, "cnt": 1}, "ECONOMIE": {"medie": 9.1, "reusita": 100.0, "cnt": 1}}, "nume": "COLEGIUL NATIONAL \"GHEORGHE SINCAI\" BAIA MARE\tMaramure\u0219"}