{"specializari": {"TEHNICIAN ELECTROTEHNIST": 3, "TEHNICIAN IN ADMINISTRATIE": 3, "TEHNICIAN DESIGNER VESTIMENTAR": 17, "TEHNICIAN TRANSPORTURI": 4, "ORGANIZATOR BANQUETING": 5, "TEHNICIAN IN TURISM": 6, "TEHNICIAN ELECTRONIST": 4, "TEHNICIAN IN HOTELARIE": 1, "TEHNICIAN MECATRONIST": 15, "TEHNICIAN PROIECTANT CAD": 6, "TEHNICIAN IN INSTALATII ELECTRICE": 10, "COAFOR STILIST": 6, "TEHNICIAN IN ACTIVITATI ECONOMICE": 2, "TEHNICIAN DE TELECOMUNICATII": 3, "MATEMATICA-INFORMATICA": 1, "TEHNICIAN IN INDUSTRIA TEXTILA": 1, "TEHNICIAN OPERATOR TEHNICA DE CALCUL": 1, "TEHNICIAN ELECTROMECANIC": 5, "TEHNICIAN IN AUTOMATIZARI": 13, "TEHNICIAN MECANIC PENTRU INTRETINERE SI REPARATII": 1, "TEHNICIAN ELECTRICIAN/ELECTRONIST AUTO": 11}, "limba_moderna": {"LIMBA ENGLEZA": 113, "LIMBA FRANCEZA": 5}, "limba_materna": {"LIMBA ROMANA": 112, "LIMBA MAGHIARA": 6}, "promotie_anterioara": {"DA": 65, "NU": 53}, "materii": {"LIMBA ROMANA": {"medie": 5.263716814159294, "reusita": 70.33898305084746, "cnt": 118}, "MATEMATICA TEHN": {"medie": 3.6485981308411204, "reusita": 37.60683760683761, "cnt": 117}, "BIOLOGIE VEGETALA SI ANIMALA": {"medie": 4.299019607843138, "reusita": 39.285714285714285, "cnt": 56}, "GENERAL": {"medie": 4.607516339869281, "reusita": 18.64406779661017, "cnt": 118}, "MATEMATICA MATE-INFO": {"medie": "-", "reusita": 0.0, "cnt": 1}, "FIZICA TEH": {"medie": 4.4875, "reusita": 36.84210526315789, "cnt": 38}, "GEOGRAFIE": {"medie": 5.455263157894737, "reusita": 54.54545454545454, "cnt": 22}, "LIMBA MAGHIARA (REAL)": {"medie": 5.041666666666667, "reusita": 50.0, "cnt": 6}, "ECONOMIE": {"medie": 3.85, "reusita": 0.0, "cnt": 1}, "CHIMIE ORGANICA TEH NIVEL I/II": {"medie": 7.15, "reusita": 100.0, "cnt": 1}}, "nume": "COLEGIUL TEHNIC \"TRAIAN VUIA\" ORADEA\tBihor"}