{"specializari": {"MATEMATICA-INFORMATICA": 94, "STIINTE ALE NATURII": 124}, "limba_moderna": {"LIMBA ENGLEZA": 188, "LIMBA FRANCEZA": 18, "LIMBA GERMANA MODERNA": 12}, "limba_materna": {"LIMBA ROMANA": 218}, "promotie_anterioara": {"NU": 216, "DA": 2}, "materii": {"LIMBA ROMANA": {"medie": 8.98709677419355, "reusita": 99.54128440366972, "cnt": 218}, "BIOLOGIE VEGETALA SI ANIMALA": {"medie": 9.45, "reusita": 100.0, "cnt": 1}, "GENERAL": {"medie": 9.160368663594472, "reusita": 98.1651376146789, "cnt": 218}, "MATEMATICA MATE-INFO": {"medie": 9.371808510638294, "reusita": 100.0, "cnt": 94}, "ANATOMIE SI FIZIOLOGIE UMANA, GENETICA SI ECOLOGIE UMANA": {"medie": 9.551666666666666, "reusita": 98.88888888888889, "cnt": 90}, "MATEMATICA ST-NAT": {"medie": 9.034552845528454, "reusita": 97.58064516129032, "cnt": 124}, "FIZICA TEO": {"medie": 9.064179104477612, "reusita": 97.05882352941177, "cnt": 68}, "CHIMIE ORGANICA TEO NIVEL I/II": {"medie": 9.407142857142857, "reusita": 100.0, "cnt": 35}, "INFORMATICA MI C/C++": {"medie": 9.038888888888888, "reusita": 100.0, "cnt": 18}, "CHIMIE ANORGANICA TEO NIVEL I/II": {"medie": 8.133333333333333, "reusita": 100.0, "cnt": 3}, "INFORMATICA SN C/C++": {"medie": 9.416666666666666, "reusita": 100.0, "cnt": 3}}, "nume": "COLEGIUL NATIONAL \"MIRCEA CEL BATRAN\" CONSTANTA\tConstan\u021ba"}