{"specializari": {"TEHNICIAN OPERATOR TEHNICA DE CALCUL": 25, "TEHNICIAN ELECTROMECANIC": 17, "TEHNICIAN ELECTROTEHNIST": 25, "TEHNICIAN IN ACTIVITATI ECONOMICE": 30, "TEHNICIAN MECANIC PENTRU INTRETINERE SI REPARATII": 4, "TEHNICIAN DESIGNER VESTIMENTAR": 1, "TEHNICIAN IN CONSTRUCTII SI LUCRARI PUBLICE": 5, "TEHNICIAN PROIECTANT CAD": 12, "LICEU CU PROGRAM SPORTIV": 1}, "limba_moderna": {"LIMBA ENGLEZA": 110, "LIMBA FRANCEZA": 10}, "limba_materna": {"LIMBA ROMANA": 120}, "promotie_anterioara": {"NU": 87, "DA": 33}, "materii": {"LIMBA ROMANA": {"medie": 6.179203539823009, "reusita": 82.5, "cnt": 120}, "MATEMATICA TEHN": {"medie": 5.154424778761064, "reusita": 62.18487394957983, "cnt": 119}, "BIOLOGIE VEGETALA SI ANIMALA": {"medie": 5.453846153846156, "reusita": 58.620689655172406, "cnt": 58}, "GENERAL": {"medie": 5.757964601769909, "reusita": 38.333333333333336, "cnt": 120}, "FIZICA TEH": {"medie": 5.3066666666666675, "reusita": 53.333333333333336, "cnt": 30}, "ISTORIE": {"medie": "-", "reusita": 0.0, "cnt": 1}, "GEOGRAFIE": {"medie": 8.566666666666666, "reusita": 100.0, "cnt": 12}, "LOGICA, ARGUMENTARE SI COMUNICARE": {"medie": 6.558823529411765, "reusita": 94.11764705882352, "cnt": 17}, "PSIHOLOGIE": {"medie": 8.25, "reusita": 100.0, "cnt": 2}, "CHIMIE ANORGANICA TEH NIVEL I/II": {"medie": 3.45, "reusita": 0.0, "cnt": 1}}, "nume": "COLEGIUL TEHNIC \"VICTOR UNGUREANU\" CAMPIA TURZII\tCluj"}