{"specializari": {"FILOLOGIE": 83, "STIINTE ALE NATURII": 64, "MATEMATICA-INFORMATICA": 121}, "limba_moderna": {"LIMBA ENGLEZA": 231, "LIMBA FRANCEZA": 25, "LIMBA GERMANA MODERNA": 3, "LIMBA SPANIOLA": 9}, "limba_materna": {"LIMBA ROMANA": 268}, "promotie_anterioara": {"DA": 1, "NU": 267}, "materii": {"LIMBA ROMANA": {"medie": 8.933395522388052, "reusita": 100.0, "cnt": 268}, "GENERAL": {"medie": 8.96529850746269, "reusita": 99.25373134328358, "cnt": 268}, "MATEMATICA MATE-INFO": {"medie": 8.549586776859508, "reusita": 98.34710743801654, "cnt": 121}, "ANATOMIE SI FIZIOLOGIE UMANA, GENETICA SI ECOLOGIE UMANA": {"medie": 9.314432989690719, "reusita": 100.0, "cnt": 97}, "ISTORIE": {"medie": 8.831325301204817, "reusita": 100.0, "cnt": 83}, "GEOGRAFIE": {"medie": 9.7, "reusita": 100.0, "cnt": 1}, "MATEMATICA ST-NAT": {"medie": 8.96796875, "reusita": 100.0, "cnt": 64}, "FIZICA TEO": {"medie": 9.20909090909091, "reusita": 100.0, "cnt": 33}, "CHIMIE ORGANICA TEO NIVEL I/II": {"medie": 9.46923076923077, "reusita": 100.0, "cnt": 13}, "LOGICA, ARGUMENTARE SI COMUNICARE": {"medie": 9.205844155844161, "reusita": 100.0, "cnt": 77}, "INFORMATICA MI C/C++": {"medie": 8.879268292682926, "reusita": 97.5609756097561, "cnt": 41}, "PSIHOLOGIE": {"medie": 10.0, "reusita": 100.0, "cnt": 3}, "CHIMIE ANORGANICA TEO NIVEL I/II": {"medie": 10.0, "reusita": 100.0, "cnt": 1}, "ECONOMIE": {"medie": 9.7, "reusita": 100.0, "cnt": 2}}, "nume": "COLEGIUL NATIONAL \"CAROL I\" CRAIOVA\tDolj"}