{"specializari": {"TEHNICIAN ENERGETICIAN": 8, "FILOLOGIE": 28, "MATEMATICA-INFORMATICA": 48, "TEHNICIAN IN HOTELARIE": 23, "TEHNICIAN MECANIC PENTRU INTRETINERE SI REPARATII": 15, "TEHNICIAN ELECTRONIST": 12, "TEHNICIAN ELECTROMECANIC": 20, "TEHNICIAN ELECTROTEHNIST": 5, "TEHNICIAN IN INSTALATII ELECTRICE": 13, "TEHNICIAN MECATRONIST": 4}, "limba_moderna": {"LIMBA ENGLEZA": 173, "LIMBA FRANCEZA": 3}, "limba_materna": {"LIMBA ROMANA": 176}, "promotie_anterioara": {"NU": 98, "DA": 78}, "materii": {"LIMBA ROMANA": {"medie": 5.3506134969325165, "reusita": 69.88636363636364, "cnt": 176}, "MATEMATICA TEHN": {"medie": 3.80888888888889, "reusita": 36.0, "cnt": 100}, "BIOLOGIE VEGETALA SI ANIMALA": {"medie": 4.307812500000002, "reusita": 38.028169014084504, "cnt": 71}, "GENERAL": {"medie": 4.9661073825503355, "reusita": 22.15909090909091, "cnt": 176}, "MATEMATICA MATE-INFO": {"medie": 3.060256410256411, "reusita": 20.833333333333336, "cnt": 48}, "ANATOMIE SI FIZIOLOGIE UMANA, GENETICA SI ECOLOGIE UMANA": {"medie": 5.9138888888888905, "reusita": 59.523809523809526, "cnt": 42}, "FIZICA TEH": {"medie": 5.449999999999999, "reusita": 66.66666666666666, "cnt": 3}, "ISTORIE": {"medie": 6.460714285714283, "reusita": 89.28571428571429, "cnt": 28}, "GEOGRAFIE": {"medie": 5.910937500000003, "reusita": 60.0, "cnt": 35}, "FIZICA TEO": {"medie": "-", "reusita": 0.0, "cnt": 2}, "LOGICA, ARGUMENTARE SI COMUNICARE": {"medie": 6.35, "reusita": 100.0, "cnt": 1}, "SOCIOLOGIE": {"medie": 6.540000000000001, "reusita": 86.66666666666667, "cnt": 15}, "CHIMIE ANORGANICA TEH NIVEL I/II": {"medie": 3.4, "reusita": 16.666666666666664, "cnt": 6}, "CHIMIE ORGANICA TEH NIVEL I/II": {"medie": 2.45, "reusita": 0.0, "cnt": 1}}, "nume": "COLEGIUL TEHNIC ENERGETIC\tBucure\u0219ti"}