{"specializari": {"LICEU CU PROGRAM SPORTIV": 35, "TEHNICIAN ELECTROTEHNIST": 3, "TEHNICIAN PROIECTANT CAD": 7, "TEHNICIAN IN INSTALATII ELECTRICE": 1, "TEHNICIAN OPERATOR TEHNICA DE CALCUL": 2, "TEHNICIAN ELECTRONIST": 1, "TEHNICIAN ECOLOG SI PROTECTIA CALITATII MEDIULUI": 2, "TEHNICIAN ELECTROMECANIC": 5, "TEHNICIAN METROLOG": 1, "TEHNICIAN MECANIC PENTRU INTRETINERE SI REPARATII": 1}, "limba_moderna": {"LIMBA ENGLEZA": 53, "LIMBA FRANCEZA": 5}, "limba_materna": {"LIMBA ROMANA": 58}, "promotie_anterioara": {"DA": 33, "NU": 25}, "materii": {"LIMBA ROMANA": {"medie": 5.738181818181818, "reusita": 82.75862068965517, "cnt": 58}, "MATEMATICA TEHN": {"medie": 3.4325, "reusita": 34.78260869565217, "cnt": 23}, "BIOLOGIE VEGETALA SI ANIMALA": {"medie": 4.506666666666667, "reusita": 33.33333333333333, "cnt": 18}, "GENERAL": {"medie": 5.521794871794871, "reusita": 29.310344827586203, "cnt": 58}, "FIZICA TEH": {"medie": 5.0, "reusita": 50.0, "cnt": 2}, "ISTORIE": {"medie": 6.1657142857142855, "reusita": 94.28571428571428, "cnt": 35}, "GEOGRAFIE": {"medie": 7.15357142857143, "reusita": 86.66666666666667, "cnt": 15}, "LOGICA, ARGUMENTARE SI COMUNICARE": {"medie": 6.035000000000001, "reusita": 70.0, "cnt": 20}, "CHIMIE ANORGANICA TEH NIVEL I/II": {"medie": 2.766666666666667, "reusita": 33.33333333333333, "cnt": 3}}, "nume": "COLEGIUL TEHNIC \"AUREL VLAICU\" BAIA MARE\tMaramure\u0219"}