{"specializari": {"FILOLOGIE": 62, "MATEMATICA-INFORMATICA": 88, "STIINTE ALE NATURII": 30, "STIINTE SOCIALE": 59}, "limba_moderna": {"LIMBA ENGLEZA": 202, "LIMBA FRANCEZA": 37}, "limba_materna": {"LIMBA ROMANA": 239}, "promotie_anterioara": {"DA": 3, "NU": 236}, "materii": {"LIMBA ROMANA": {"medie": 8.810084033613444, "reusita": 99.581589958159, "cnt": 239}, "BIOLOGIE VEGETALA SI ANIMALA": {"medie": 7.699999999999999, "reusita": 100.0, "cnt": 2}, "GENERAL": {"medie": 8.70532212885154, "reusita": 97.90794979079497, "cnt": 239}, "MATEMATICA MATE-INFO": {"medie": 8.148863636363638, "reusita": 98.86363636363636, "cnt": 88}, "ANATOMIE SI FIZIOLOGIE UMANA, GENETICA SI ECOLOGIE UMANA": {"medie": 9.23955223880597, "reusita": 100.0, "cnt": 67}, "ISTORIE": {"medie": 8.551666666666666, "reusita": 99.17355371900827, "cnt": 121}, "GEOGRAFIE": {"medie": 9.132222222222222, "reusita": 97.82608695652173, "cnt": 46}, "FILOSOFIE": {"medie": 9.525, "reusita": 100.0, "cnt": 2}, "MATEMATICA ST-NAT": {"medie": 8.55, "reusita": 96.66666666666667, "cnt": 30}, "FIZICA TEO": {"medie": 9.06153846153846, "reusita": 100.0, "cnt": 13}, "CHIMIE ORGANICA TEO NIVEL I/II": {"medie": 9.122222222222222, "reusita": 100.0, "cnt": 9}, "LOGICA, ARGUMENTARE SI COMUNICARE": {"medie": 8.739230769230769, "reusita": 98.46153846153847, "cnt": 65}, "INFORMATICA MI C/C++": {"medie": 8.378124999999999, "reusita": 100.0, "cnt": 16}, "PSIHOLOGIE": {"medie": 8.4375, "reusita": 100.0, "cnt": 4}, "CHIMIE ANORGANICA TEO NIVEL I/II": {"medie": 8.227272727272727, "reusita": 100.0, "cnt": 11}, "SOCIOLOGIE": {"medie": 7.583333333333333, "reusita": 100.0, "cnt": 3}, "ECONOMIE": {"medie": 5.55, "reusita": 100.0, "cnt": 1}}, "nume": "COLEGIUL NATIONAL \"NICU GANE\" FALTICENI\tSuceava"}