{"specializari": {"TEHNICIAN IN ACHIZITII SI CONTRACTARI": 33, "TEHNICIAN IN ACTIVITATI DE COMERT": 12, "TEHNICIAN IN GASTRONOMIE": 1, "ORGANIZATOR BANQUETING": 1, "TEHNICIAN IN ACTIVITATI ECONOMICE": 65}, "limba_moderna": {"LIMBA ENGLEZA": 104, "LIMBA FRANCEZA": 8}, "limba_materna": {"LIMBA ROMANA": 112}, "promotie_anterioara": {"NU": 101, "DA": 11}, "materii": {"LIMBA ROMANA": {"medie": 7.690540540540541, "reusita": 97.32142857142857, "cnt": 112}, "MATEMATICA TEHN": {"medie": 7.793693693693697, "reusita": 92.85714285714286, "cnt": 112}, "GENERAL": {"medie": 7.999099099099101, "reusita": 87.5, "cnt": 112}, "GEOGRAFIE": {"medie": 8.289344262295081, "reusita": 91.93548387096774, "cnt": 62}, "LOGICA, ARGUMENTARE SI COMUNICARE": {"medie": 8.786000000000001, "reusita": 96.0, "cnt": 50}}, "nume": "COLEGIUL ECONOMIC \"IULIAN POP\" CLUJ-NAPOCA\tCluj"}