{"specializari": {"STIINTE ALE NATURII": 90, "MATEMATICA-INFORMATICA": 121, "STIINTE SOCIALE": 35, "FILOLOGIE": 33}, "limba_moderna": {"LIMBA ENGLEZA": 239, "LIMBA FRANCEZA": 29, "LIMBA GERMANA MODERNA": 6, "LIMBA SPANIOLA": 5}, "limba_materna": {"LIMBA ROMANA": 279}, "promotie_anterioara": {"DA": 7, "NU": 272}, "materii": {"LIMBA ROMANA": {"medie": 8.099283154121867, "reusita": 99.6415770609319, "cnt": 279}, "BIOLOGIE VEGETALA SI ANIMALA": {"medie": 8.544444444444444, "reusita": 100.0, "cnt": 9}, "GENERAL": {"medie": 8.15388291517324, "reusita": 91.75627240143369, "cnt": 279}, "MATEMATICA MATE-INFO": {"medie": 7.589669421487604, "reusita": 94.21487603305785, "cnt": 121}, "ANATOMIE SI FIZIOLOGIE UMANA, GENETICA SI ECOLOGIE UMANA": {"medie": 9.02705882352941, "reusita": 100.0, "cnt": 85}, "ISTORIE": {"medie": 8.921323529411767, "reusita": 100.0, "cnt": 68}, "GEOGRAFIE": {"medie": 9.622727272727273, "reusita": 100.0, "cnt": 11}, "MATEMATICA ST-NAT": {"medie": 7.219444444444446, "reusita": 94.44444444444444, "cnt": 90}, "FIZICA TEO": {"medie": 7.857377049180323, "reusita": 91.80327868852459, "cnt": 61}, "CHIMIE ORGANICA TEO NIVEL I/II": {"medie": 8.25, "reusita": 100.0, "cnt": 4}, "LOGICA, ARGUMENTARE SI COMUNICARE": {"medie": 9.381730769230769, "reusita": 100.0, "cnt": 52}, "INFORMATICA MI C/C++": {"medie": 7.654255319148936, "reusita": 91.48936170212765, "cnt": 47}, "PSIHOLOGIE": {"medie": 8.533333333333333, "reusita": 100.0, "cnt": 3}, "CHIMIE ANORGANICA TEO NIVEL I/II": {"medie": 7.6, "reusita": 100.0, "cnt": 2}, "ECONOMIE": {"medie": 8.3, "reusita": 100.0, "cnt": 2}, "INFORMATICA SN C/C++": {"medie": 7.666666666666667, "reusita": 100.0, "cnt": 3}}, "nume": "COLEGIUL NATIONAL \"ALEXANDRU ODOBESCU\" PITESTI\tArge\u0219"}