{"specializari": {"STIINTE SOCIALE": 31, "FILOLOGIE": 33, "MATEMATICA-INFORMATICA": 143, "STIINTE ALE NATURII": 36}, "limba_moderna": {"LIMBA FRANCEZA": 19, "LIMBA ENGLEZA": 214, "LIMBA GERMANA MODERNA": 10}, "limba_materna": {"LIMBA ROMANA": 243}, "promotie_anterioara": {"DA": 1, "NU": 242}, "materii": {"LIMBA ROMANA": {"medie": 9.245473251028804, "reusita": 100.0, "cnt": 243}, "BIOLOGIE VEGETALA SI ANIMALA": {"medie": 10.0, "reusita": 100.0, "cnt": 1}, "GENERAL": {"medie": 9.248966942148767, "reusita": 98.76543209876543, "cnt": 243}, "MATEMATICA MATE-INFO": {"medie": 9.08450704225352, "reusita": 99.3006993006993, "cnt": 143}, "ANATOMIE SI FIZIOLOGIE UMANA, GENETICA SI ECOLOGIE UMANA": {"medie": 9.463235294117645, "reusita": 100.0, "cnt": 68}, "ISTORIE": {"medie": 9.165625000000002, "reusita": 100.0, "cnt": 64}, "GEOGRAFIE": {"medie": 9.338888888888887, "reusita": 100.0, "cnt": 9}, "MATEMATICA ST-NAT": {"medie": 9.181944444444449, "reusita": 100.0, "cnt": 36}, "FIZICA TEO": {"medie": 9.501694915254236, "reusita": 96.66666666666667, "cnt": 60}, "CHIMIE ORGANICA TEO NIVEL I/II": {"medie": 8.88888888888889, "reusita": 100.0, "cnt": 9}, "LOGICA, ARGUMENTARE SI COMUNICARE": {"medie": 9.29111111111111, "reusita": 100.0, "cnt": 45}, "INFORMATICA MI C/C++": {"medie": 9.258536585365851, "reusita": 100.0, "cnt": 41}, "PSIHOLOGIE": {"medie": 9.671428571428573, "reusita": 100.0, "cnt": 7}, "ECONOMIE": {"medie": 8.033333333333333, "reusita": 100.0, "cnt": 3}}, "nume": "COLEGIUL NATIONAL \"FRATII BUZESTI\" CRAIOVA\tDolj"}