{"specializari": {"TEHNICIAN IN INSTALATII ELECTRICE": 26, "TEHNICIAN IN AUTOMATIZARI": 34, "TEHNICIAN ELECTROTEHNIST": 3, "TEHNICIAN MECATRONIST": 3}, "limba_moderna": {"LIMBA ENGLEZA": 62, "LIMBA FRANCEZA": 4}, "limba_materna": {"LIMBA ROMANA": 49, "LIMBA GERMANA": 6, "LIMBA MAGHIARA": 11}, "promotie_anterioara": {"NU": 42, "DA": 24}, "materii": {"LIMBA ROMANA": {"medie": 5.628125, "reusita": 86.36363636363636, "cnt": 66}, "MATEMATICA TEHN": {"medie": 4.261904761904761, "reusita": 51.515151515151516, "cnt": 66}, "BIOLOGIE VEGETALA SI ANIMALA": {"medie": 4.041666666666667, "reusita": 29.629629629629626, "cnt": 54}, "GENERAL": {"medie": 4.75950292397661, "reusita": 21.21212121212121, "cnt": 66}, "FIZICA TEH": {"medie": 4.75, "reusita": 42.857142857142854, "cnt": 7}, "LIMBA MAGHIARA (REAL)": {"medie": 5.086363636363637, "reusita": 54.54545454545454, "cnt": 11}, "LIMBA GERMANA": {"medie": 5.766666666666667, "reusita": 100.0, "cnt": 6}, "CHIMIE ANORGANICA TEH NIVEL I/II": {"medie": 2.3666666666666667, "reusita": 0.0, "cnt": 4}, "CHIMIE ORGANICA TEH NIVEL I/II": {"medie": 5.0, "reusita": 100.0, "cnt": 1}}, "nume": "COLEGIUL TEHNIC ENERGETIC \"REMUS RADULET\" BRASOV\tBra\u0219ov"}