{"specializari": {"TEHNICIAN IN AGROTURISM": 19, "TEHNICIAN IN INDUSTRIA ALIMENTARA": 8, "TEHNICIAN IN ACTIVITATI ECONOMICE": 28, "TEHNICIAN ECOLOG SI PROTECTIA CALITATII MEDIULUI": 36, "TEHNICIAN ANALIZE PRODUSE ALIMENTARE": 36, "TEHNICIAN HIDRO-METEOROLOG": 14, "TEHNICIAN VETERINAR": 36, "STIINTE SOCIALE": 1, "TEHNICIAN IN AGRICULTURA": 2, "TEHNICIAN IN ADMINISTRATIE": 24}, "limba_moderna": {"LIMBA ENGLEZA": 200, "LIMBA FRANCEZA": 4}, "limba_materna": {"LIMBA ROMANA": 203, "LIMBA MAGHIARA": 1}, "promotie_anterioara": {"DA": 71, "NU": 133}, "materii": {"LIMBA ROMANA": {"medie": 5.531632653061222, "reusita": 73.0392156862745, "cnt": 204}, "MATEMATICA TEHN": {"medie": 4.258994708994709, "reusita": 46.30541871921182, "cnt": 203}, "BIOLOGIE VEGETALA SI ANIMALA": {"medie": 2.475, "reusita": 0.0, "cnt": 2}, "GENERAL": {"medie": 5.144316123188405, "reusita": 29.901960784313726, "cnt": 204}, "ANATOMIE SI FIZIOLOGIE UMANA, GENETICA SI ECOLOGIE UMANA": {"medie": 4.96413043478261, "reusita": 46.308724832214764, "cnt": 149}, "ISTORIE": {"medie": 5.3, "reusita": 100.0, "cnt": 1}, "GEOGRAFIE": {"medie": 7.378260869565217, "reusita": 85.1063829787234, "cnt": 47}, "LIMBA MAGHIARA (REAL)": {"medie": 5.0, "reusita": 100.0, "cnt": 1}, "LOGICA, ARGUMENTARE SI COMUNICARE": {"medie": 6.766666666666667, "reusita": 50.0, "cnt": 4}, "PSIHOLOGIE": {"medie": 4.775, "reusita": 50.0, "cnt": 2}}, "nume": "COLEGIUL AGRICOL \"TRAIAN SAVULESCU\" TIRGU MURES\tMure\u0219"}