{"specializari": {"TEHNICIAN MECANIC PENTRU INTRETINERE SI REPARATII": 12, "TEHNICIAN ECOLOG SI PROTECTIA CALITATII MEDIULUI": 23, "TEHNICIAN OPERATOR TEHNICA DE CALCUL": 33, "TEHNICIAN IN TURISM": 25, "TEHNICIAN DESIGNER VESTIMENTAR": 5, "TEHNICIAN TRANSPORTURI": 2, "TEHNICIAN IN INSTALATII ELECTRICE": 29, "TEHNICIAN IN INDUSTRIA TEXTILA": 1, "TEHNICIAN MECATRONIST": 1, "TEHNICIAN IN ACTIVITATI ECONOMICE": 34}, "limba_moderna": {"LIMBA ENGLEZA": 162, "LIMBA FRANCEZA": 3}, "limba_materna": {"LIMBA ROMANA": 165}, "promotie_anterioara": {"NU": 115, "DA": 50}, "materii": {"LIMBA ROMANA": {"medie": 6.036585365853658, "reusita": 79.39393939393939, "cnt": 165}, "MATEMATICA TEHN": {"medie": 5.309259259259259, "reusita": 66.66666666666666, "cnt": 165}, "BIOLOGIE VEGETALA SI ANIMALA": {"medie": 4.748026315789476, "reusita": 53.84615384615385, "cnt": 78}, "GENERAL": {"medie": 5.740329218106997, "reusita": 42.42424242424242, "cnt": 165}, "ANATOMIE SI FIZIOLOGIE UMANA, GENETICA SI ECOLOGIE UMANA": {"medie": 5.826190476190477, "reusita": 80.95238095238095, "cnt": 21}, "FIZICA TEH": {"medie": 5.757142857142857, "reusita": 85.71428571428571, "cnt": 7}, "GEOGRAFIE": {"medie": 6.973076923076922, "reusita": 100.0, "cnt": 13}, "LOGICA, ARGUMENTARE SI COMUNICARE": {"medie": 7.35434782608696, "reusita": 95.65217391304348, "cnt": 46}}, "nume": "COLEGIUL TEHNIC \"GRIGORE COBALCESCU\" MOINESTI\tBac\u0103u"}