{"specializari": {"FILOLOGIE": 58, "STIINTE ALE NATURII": 33, "MATEMATICA-INFORMATICA": 31, "STIINTE SOCIALE": 31}, "limba_moderna": {"LIMBA ENGLEZA": 114, "LIMBA FRANCEZA": 20, "LIMBA SPANIOLA": 18, "LIMBA GERMANA MODERNA": 1}, "limba_materna": {"LIMBA ROMANA": 153}, "promotie_anterioara": {"NU": 148, "DA": 5}, "materii": {"LIMBA ROMANA": {"medie": 8.64052287581699, "reusita": 100.0, "cnt": 153}, "BIOLOGIE VEGETALA SI ANIMALA": {"medie": 7.5, "reusita": 100.0, "cnt": 2}, "GENERAL": {"medie": 8.66798245614035, "reusita": 96.73202614379085, "cnt": 153}, "MATEMATICA MATE-INFO": {"medie": 7.661290322580644, "reusita": 93.54838709677419, "cnt": 31}, "ANATOMIE SI FIZIOLOGIE UMANA, GENETICA SI ECOLOGIE UMANA": {"medie": 8.915384615384617, "reusita": 100.0, "cnt": 26}, "ISTORIE": {"medie": 9.363483146067413, "reusita": 98.87640449438202, "cnt": 89}, "GEOGRAFIE": {"medie": 9.28125, "reusita": 100.0, "cnt": 16}, "MATEMATICA ST-NAT": {"medie": 7.709090909090909, "reusita": 100.0, "cnt": 33}, "CHIMIE ORGANICA TEO NIVEL I/II": {"medie": 7.325, "reusita": 100.0, "cnt": 2}, "LOGICA, ARGUMENTARE SI COMUNICARE": {"medie": 9.075, "reusita": 98.59154929577466, "cnt": 71}, "INFORMATICA MI C/C++": {"medie": 7.84761904761905, "reusita": 100.0, "cnt": 21}, "PSIHOLOGIE": {"medie": 8.65, "reusita": 100.0, "cnt": 2}, "CHIMIE ANORGANICA TEO NIVEL I/II": {"medie": 7.1692307692307695, "reusita": 84.61538461538461, "cnt": 13}}, "nume": "COLEGIUL NATIONAL \"UNIREA\" BRASOV\tBra\u0219ov"}