{"specializari": {"TEHNICIAN PROIECTANT CAD": 14, "TEHNICIAN IN ACTIVITATI ECONOMICE": 62, "TEHNICIAN ANALIZE PRODUSE ALIMENTARE": 35, "TEHNICIAN MECANIC PENTRU INTRETINERE SI REPARATII": 4, "TEHNICIAN IN AGRICULTURA": 11, "TEHNICIAN HORTICULTOR": 24, "TEHNICIAN IN INDUSTRIA ALIMENTARA": 4, "TEHNICIAN ECOLOG SI PROTECTIA CALITATII MEDIULUI": 27}, "limba_moderna": {"LIMBA ENGLEZA": 156, "LIMBA FRANCEZA": 25}, "limba_materna": {"LIMBA ROMANA": 181}, "promotie_anterioara": {"DA": 53, "NU": 128}, "materii": {"LIMBA ROMANA": {"medie": 5.964204545454544, "reusita": 85.6353591160221, "cnt": 181}, "MATEMATICA TEHN": {"medie": 4.85, "reusita": 55.80110497237569, "cnt": 181}, "BIOLOGIE VEGETALA SI ANIMALA": {"medie": 3.7968750000000004, "reusita": 33.33333333333333, "cnt": 18}, "GENERAL": {"medie": 5.617689161554191, "reusita": 40.88397790055249, "cnt": 181}, "ANATOMIE SI FIZIOLOGIE UMANA, GENETICA SI ECOLOGIE UMANA": {"medie": 5.257954545454545, "reusita": 61.458333333333336, "cnt": 96}, "GEOGRAFIE": {"medie": 8.20625, "reusita": 88.88888888888889, "cnt": 9}, "LOGICA, ARGUMENTARE SI COMUNICARE": {"medie": 7.4961538461538435, "reusita": 86.79245283018868, "cnt": 53}, "CHIMIE ANORGANICA TEH NIVEL I/II": {"medie": 4.76, "reusita": 40.0, "cnt": 5}}, "nume": "COLEGIUL AGRICOL \"DIMITRIE CANTEMIR\", MUN. HUSI\tVaslui"}