{"specializari": {"TEHNICIAN OPERATOR PROCESARE TEXT IMAGINE": 36, "TEHNICIAN POLIGRAF": 70, "TEHNICIAN PRODUCTIE FILM SI TELEVIZIUNE": 74, "LICEU CU PROGRAM SPORTIV": 57, "STIINTE ALE NATURII": 31, "MATEMATICA-INFORMATICA": 7, "TEHNICIAN MECATRONIST": 1}, "limba_moderna": {"LIMBA ENGLEZA": 275, "LIMBA FRANCEZA": 1}, "limba_materna": {"LIMBA ROMANA": 276}, "promotie_anterioara": {"NU": 166, "DA": 110}, "materii": {"LIMBA ROMANA": {"medie": 5.614391143911439, "reusita": 83.33333333333334, "cnt": 276}, "MATEMATICA TEHN": {"medie": 4.035755813953489, "reusita": 44.19889502762431, "cnt": 181}, "BIOLOGIE VEGETALA SI ANIMALA": {"medie": 4.62608695652174, "reusita": 44.57142857142857, "cnt": 175}, "GENERAL": {"medie": 5.069666666666666, "reusita": 24.637681159420293, "cnt": 276}, "MATEMATICA MATE-INFO": {"medie": 2.5900000000000003, "reusita": 14.285714285714285, "cnt": 7}, "ANATOMIE SI FIZIOLOGIE UMANA, GENETICA SI ECOLOGIE UMANA": {"medie": 5.6499999999999995, "reusita": 64.70588235294117, "cnt": 17}, "FIZICA TEH": {"medie": 4.40625, "reusita": 43.75, "cnt": 16}, "ISTORIE": {"medie": 5.833636363636363, "reusita": 61.40350877192983, "cnt": 57}, "GEOGRAFIE": {"medie": 6.350000000000001, "reusita": 70.2127659574468, "cnt": 47}, "MATEMATICA ST-NAT": {"medie": 3.615517241379311, "reusita": 35.483870967741936, "cnt": 31}, "LOGICA, ARGUMENTARE SI COMUNICARE": {"medie": 8.225, "reusita": 90.0, "cnt": 10}, "CHIMIE ANORGANICA TEO NIVEL I/II": {"medie": 5.866666666666667, "reusita": 100.0, "cnt": 3}, "CHIMIE ANORGANICA TEH NIVEL I/II": {"medie": 3.7299999999999995, "reusita": 20.0, "cnt": 5}, "CHIMIE ORGANICA TEH NIVEL I/II": {"medie": 5.666666666666667, "reusita": 66.66666666666666, "cnt": 3}}, "nume": "COLEGIUL TEHNIC \"MEDIA\"\tBucure\u0219ti"}