{"specializari": {"MATEMATICA-INFORMATICA": 32, "TEHNICIAN TRANSPORTURI": 13, "TEHNICIAN OPERATOR TEHNICA DE CALCUL": 29, "TEHNICIAN IN TURISM": 60, "STIINTE ALE NATURII": 35, "TEHNICIAN DESIGNER VESTIMENTAR": 27, "TEHNICIAN IN GASTRONOMIE": 20, "TEHNICIAN ELECTROMECANIC": 16, "STIINTE SOCIALE": 37, "FILOLOGIE": 33, "TEHNICIAN IN INSTALATII ELECTRICE": 3, "TEHNICIAN IN AUTOMATIZARI": 3}, "limba_moderna": {"LIMBA ENGLEZA": 280, "LIMBA FRANCEZA": 28}, "limba_materna": {"LIMBA ROMANA": 308}, "promotie_anterioara": {"NU": 267, "DA": 41}, "materii": {"LIMBA ROMANA": {"medie": 7.103973509933775, "reusita": 94.48051948051948, "cnt": 308}, "MATEMATICA TEHN": {"medie": 5.432424242424239, "reusita": 69.5906432748538, "cnt": 171}, "BIOLOGIE VEGETALA SI ANIMALA": {"medie": 4.953703703703703, "reusita": 48.80952380952381, "cnt": 84}, "GENERAL": {"medie": 6.8928731762065185, "reusita": 70.12987012987013, "cnt": 308}, "MATEMATICA MATE-INFO": {"medie": 7.298333333333332, "reusita": 90.625, "cnt": 32}, "ANATOMIE SI FIZIOLOGIE UMANA, GENETICA SI ECOLOGIE UMANA": {"medie": 8.313888888888888, "reusita": 90.9090909090909, "cnt": 55}, "FIZICA TEH": {"medie": 4.994444444444444, "reusita": 55.55555555555556, "cnt": 9}, "ISTORIE": {"medie": 7.798529411764707, "reusita": 94.28571428571428, "cnt": 70}, "GEOGRAFIE": {"medie": 8.313793103448276, "reusita": 93.33333333333333, "cnt": 30}, "MATEMATICA ST-NAT": {"medie": 6.425714285714286, "reusita": 85.71428571428571, "cnt": 35}, "FIZICA TEO": {"medie": 6.8, "reusita": 100.0, "cnt": 1}, "LOGICA, ARGUMENTARE SI COMUNICARE": {"medie": 8.225892857142854, "reusita": 96.52173913043478, "cnt": 115}, "INFORMATICA MI C/C++": {"medie": 6.35, "reusita": 87.5, "cnt": 8}, "PSIHOLOGIE": {"medie": 8.3, "reusita": 100.0, "cnt": 5}, "CHIMIE ANORGANICA TEO NIVEL I/II": {"medie": "-", "reusita": 0.0, "cnt": 1}}, "nume": "COLEGIUL TEHNIC \"MIHAI BACESCU\" FALTICENI\tSuceava"}