{"specializari": {"TEHNICIAN IN TURISM": 14, "TEHNICIAN TRANSPORTURI": 62, "TEHNICIAN DESIGNER VESTIMENTAR": 9, "TEHNICIAN ECOLOG SI PROTECTIA CALITATII MEDIULUI": 6, "TEHNICIAN ANALIZE PRODUSE ALIMENTARE": 4, "TEHNICIAN IN SILVICULTURA SI EXPLOATARI FORESTIERE": 3, "TEHNICIAN OPERATOR TEHNICA DE CALCUL": 1, "TEHNICIAN IN INDUSTRIA TEXTILA": 4, "TEHNICIAN ELECTRICIAN/ELECTRONIST AUTO": 1, "MATEMATICA-INFORMATICA": 1}, "limba_moderna": {"LIMBA FRANCEZA": 12, "LIMBA ENGLEZA": 93}, "limba_materna": {"LIMBA ROMANA": 105}, "promotie_anterioara": {"NU": 41, "DA": 64}, "materii": {"LIMBA ROMANA": {"medie": 4.206842105263156, "reusita": 37.142857142857146, "cnt": 105}, "MATEMATICA TEHN": {"medie": 2.639204545454546, "reusita": 22.115384615384613, "cnt": 104}, "BIOLOGIE VEGETALA SI ANIMALA": {"medie": 3.7119999999999997, "reusita": 31.03448275862069, "cnt": 29}, "GENERAL": {"medie": 3.4970085470085475, "reusita": 2.857142857142857, "cnt": 105}, "MATEMATICA MATE-INFO": {"medie": "-", "reusita": 0.0, "cnt": 1}, "ANATOMIE SI FIZIOLOGIE UMANA, GENETICA SI ECOLOGIE UMANA": {"medie": 2.533333333333333, "reusita": 10.0, "cnt": 10}, "FIZICA TEH": {"medie": 3.098529411764705, "reusita": 15.384615384615385, "cnt": 52}, "GEOGRAFIE": {"medie": 3.3555555555555556, "reusita": 22.22222222222222, "cnt": 9}, "LOGICA, ARGUMENTARE SI COMUNICARE": {"medie": 5.316666666666666, "reusita": 66.66666666666666, "cnt": 3}, "ECONOMIE": {"medie": 1.7999999999999998, "reusita": 0.0, "cnt": 2}}, "nume": "COLEGIUL AUTO \"TRAIAN VUIA\" TG-JIU\tGorj"}