{"specializari": {"TEHNICIAN IN GASTRONOMIE": 98, "TEHNICIAN IN ACTIVITATI ECONOMICE": 89, "TEHNICIAN IN TURISM": 69, "TEHNICIAN IN ACHIZITII SI CONTRACTARI": 35, "TEHNICIAN IN ACTIVITATI DE COMERT": 68, "ORGANIZATOR BANQUETING": 109}, "limba_moderna": {"LIMBA ENGLEZA": 432, "LIMBA FRANCEZA": 36}, "limba_materna": {"LIMBA ROMANA": 468}, "promotie_anterioara": {"NU": 339, "DA": 129}, "materii": {"LIMBA ROMANA": {"medie": 5.860239651416123, "reusita": 88.46153846153845, "cnt": 468}, "MATEMATICA TEHN": {"medie": 5.005973451327438, "reusita": 63.46153846153846, "cnt": 468}, "GENERAL": {"medie": 5.776260346124905, "reusita": 42.30769230769231, "cnt": 468}, "GEOGRAFIE": {"medie": 6.724397590361446, "reusita": 82.23495702005731, "cnt": 349}, "LOGICA, ARGUMENTARE SI COMUNICARE": {"medie": 5.334653465346534, "reusita": 53.84615384615385, "cnt": 104}, "PSIHOLOGIE": {"medie": 6.269230769230769, "reusita": 100.0, "cnt": 13}, "ECONOMIE": {"medie": 4.25, "reusita": 50.0, "cnt": 2}}, "nume": "COLEGIUL ECONOMIC \"VIILOR\"\tBucure\u0219ti"}