{"specializari": {"MATEMATICA-INFORMATICA": 127, "STIINTE ALE NATURII": 30, "FILOLOGIE": 31, "STIINTE SOCIALE": 27}, "limba_moderna": {"LIMBA ENGLEZA": 186, "LIMBA FRANCEZA": 28, "LIMBA GERMANA MODERNA": 1}, "limba_materna": {"LIMBA ROMANA": 215}, "promotie_anterioara": {"NU": 215}, "materii": {"LIMBA ROMANA": {"medie": 9.362093023255813, "reusita": 100.0, "cnt": 215}, "GENERAL": {"medie": 9.152170542635659, "reusita": 99.53488372093024, "cnt": 215}, "MATEMATICA MATE-INFO": {"medie": 8.895275590551183, "reusita": 100.0, "cnt": 127}, "ANATOMIE SI FIZIOLOGIE UMANA, GENETICA SI ECOLOGIE UMANA": {"medie": 9.568333333333333, "reusita": 100.0, "cnt": 30}, "ISTORIE": {"medie": 9.08103448275862, "reusita": 100.0, "cnt": 58}, "GEOGRAFIE": {"medie": 9.674999999999999, "reusita": 100.0, "cnt": 6}, "MATEMATICA ST-NAT": {"medie": 9.283333333333331, "reusita": 100.0, "cnt": 30}, "FIZICA TEO": {"medie": 8.96578947368421, "reusita": 100.0, "cnt": 57}, "CHIMIE ORGANICA TEO NIVEL I/II": {"medie": 9.192857142857141, "reusita": 100.0, "cnt": 28}, "LOGICA, ARGUMENTARE SI COMUNICARE": {"medie": 8.96875, "reusita": 97.5, "cnt": 40}, "INFORMATICA MI C/C++": {"medie": 9.030952380952376, "reusita": 100.0, "cnt": 42}, "PSIHOLOGIE": {"medie": 8.914285714285715, "reusita": 100.0, "cnt": 7}, "ECONOMIE": {"medie": 8.28, "reusita": 100.0, "cnt": 5}}, "nume": "COLEGIUL NATIONAL \"VASILE ALECSANDRI\", LOCALITATEA GALATI\tGala\u021bi"}