{"specializari": {"STIINTE SOCIALE": 31, "STIINTE ALE NATURII": 58, "TEHNICIAN IN AUTOMATIZARI": 1, "MATEMATICA-INFORMATICA": 54, "FILOLOGIE": 30}, "limba_moderna": {"LIMBA ENGLEZA": 166, "LIMBA GERMANA MODERNA": 8}, "limba_materna": {"LIMBA MAGHIARA": 174}, "promotie_anterioara": {"NU": 167, "DA": 7}, "materii": {"LIMBA ROMANA": {"medie": 7.5330459770115, "reusita": 99.42528735632183, "cnt": 174}, "MATEMATICA TEHN": {"medie": 5.0, "reusita": 100.0, "cnt": 1}, "BIOLOGIE VEGETALA SI ANIMALA": {"medie": 9.025, "reusita": 100.0, "cnt": 4}, "GENERAL": {"medie": 8.193678160919541, "reusita": 95.97701149425288, "cnt": 174}, "MATEMATICA MATE-INFO": {"medie": 7.95740740740741, "reusita": 100.0, "cnt": 54}, "ANATOMIE SI FIZIOLOGIE UMANA, GENETICA SI ECOLOGIE UMANA": {"medie": 9.411, "reusita": 100.0, "cnt": 50}, "ISTORIE": {"medie": 8.49344262295082, "reusita": 98.36065573770492, "cnt": 61}, "GEOGRAFIE": {"medie": 8.510714285714284, "reusita": 100.0, "cnt": 14}, "LIMBA MAGHIARA (REAL)": {"medie": 8.39690265486726, "reusita": 100.0, "cnt": 113}, "MATEMATICA ST-NAT": {"medie": 8.298275862068968, "reusita": 100.0, "cnt": 58}, "FIZICA TEO": {"medie": 10.0, "reusita": 100.0, "cnt": 1}, "CHIMIE ORGANICA TEO NIVEL I/II": {"medie": 8.525000000000002, "reusita": 100.0, "cnt": 10}, "LOGICA, ARGUMENTARE SI COMUNICARE": {"medie": 8.806666666666668, "reusita": 97.77777777777777, "cnt": 45}, "INFORMATICA MI C/C++": {"medie": 7.468421052631579, "reusita": 97.36842105263158, "cnt": 38}, "CHIMIE ANORGANICA TEO NIVEL I/II": {"medie": 8.075000000000001, "reusita": 90.0, "cnt": 10}, "SOCIOLOGIE": {"medie": 9.075, "reusita": 100.0, "cnt": 2}, "LIMBA MAGHIARA (UMAN)": {"medie": 8.345081967213119, "reusita": 100.0, "cnt": 61}}, "nume": "COLEGIUL NATIONAL \"MARTON ARON\" MIERCUREA CIUC\tHarghita"}