{"specializari": {"ARTE PLASTICE SI DECORATIVE": 59, "MUZICA": 56, "COREGRAFIE": 25, "ARTA ACTORULUI": 19, "ARHITECTURA, ARTE AMBIENTALE SI DESIGN": 27}, "limba_moderna": {"LIMBA ITALIANA": 14, "LIMBA ENGLEZA": 161, "LIMBA RUSA": 1, "LIMBA FRANCEZA": 8, "LIMBA GERMANA MODERNA": 2}, "limba_materna": {"LIMBA ROMANA": 186}, "promotie_anterioara": {"DA": 15, "NU": 171}, "materii": {"LIMBA ROMANA": {"medie": 7.2362702702702695, "reusita": 95.16129032258065, "cnt": 186}, "GENERAL": {"medie": 7.580452898550719, "reusita": 82.25806451612904, "cnt": 186}, "ISTORIE": {"medie": 7.512162162162159, "reusita": 94.6236559139785, "cnt": 186}, "GEOGRAFIE": {"medie": 7.858823529411768, "reusita": 94.21487603305785, "cnt": 121}, "FILOSOFIE": {"medie": 9.700000000000001, "reusita": 100.0, "cnt": 3}, "LOGICA, ARGUMENTARE SI COMUNICARE": {"medie": 7.941249999999999, "reusita": 87.5, "cnt": 40}, "PSIHOLOGIE": {"medie": 8.213636363636363, "reusita": 100.0, "cnt": 22}}, "nume": "COLEGIUL NATIONAL DE ARTA \"OCTAV BANCILA\", IASI\tIa\u0219i"}