{"specializari": {"MATEMATICA-INFORMATICA": 27, "TEHNICIAN IN ACTIVITATI ECONOMICE": 29, "STIINTE ALE NATURII": 30, "FILOLOGIE": 26}, "limba_moderna": {"LIMBA ENGLEZA": 102, "LIMBA GERMANA MODERNA": 10}, "limba_materna": {"LIMBA MAGHIARA": 112}, "promotie_anterioara": {"NU": 101, "DA": 11}, "materii": {"LIMBA ROMANA": {"medie": 7.2945945945945985, "reusita": 92.85714285714286, "cnt": 112}, "MATEMATICA TEHN": {"medie": 5.982758620689653, "reusita": 75.86206896551724, "cnt": 29}, "BIOLOGIE VEGETALA SI ANIMALA": {"medie": 7.7, "reusita": 100.0, "cnt": 3}, "GENERAL": {"medie": 7.515427927927928, "reusita": 80.35714285714286, "cnt": 112}, "MATEMATICA MATE-INFO": {"medie": 8.024074074074074, "reusita": 100.0, "cnt": 27}, "ANATOMIE SI FIZIOLOGIE UMANA, GENETICA SI ECOLOGIE UMANA": {"medie": 9.055128205128202, "reusita": 100.0, "cnt": 39}, "ISTORIE": {"medie": 8.23076923076923, "reusita": 100.0, "cnt": 26}, "GEOGRAFIE": {"medie": 7.198809523809525, "reusita": 97.61904761904762, "cnt": 42}, "LIMBA MAGHIARA (REAL)": {"medie": 7.441279069767442, "reusita": 98.83720930232558, "cnt": 86}, "MATEMATICA ST-NAT": {"medie": 6.673333333333333, "reusita": 86.66666666666667, "cnt": 30}, "FIZICA TEO": {"medie": 9.716666666666667, "reusita": 100.0, "cnt": 3}, "CHIMIE ORGANICA TEO NIVEL I/II": {"medie": 8.02142857142857, "reusita": 100.0, "cnt": 7}, "LOGICA, ARGUMENTARE SI COMUNICARE": {"medie": 5.65, "reusita": 50.0, "cnt": 2}, "INFORMATICA MI C/C++": {"medie": 7.43, "reusita": 100.0, "cnt": 5}, "PSIHOLOGIE": {"medie": 8.222727272727273, "reusita": 100.0, "cnt": 11}, "LIMBA MAGHIARA (UMAN)": {"medie": 7.665384615384616, "reusita": 100.0, "cnt": 26}}, "nume": "COLEGIUL NATIONAL \"APRILY LAJOS\" BRASOV\tBra\u0219ov"}