{"specializari": {"MATEMATICA-INFORMATICA": 104, "STIINTE ALE NATURII": 29, "STIINTE SOCIALE": 30, "FILOLOGIE": 49}, "limba_moderna": {"LIMBA ENGLEZA": 185, "LIMBA FRANCEZA": 27}, "limba_materna": {"LIMBA ROMANA": 212}, "promotie_anterioara": {"NU": 211, "DA": 1}, "materii": {"LIMBA ROMANA": {"medie": 8.586018957345967, "reusita": 99.52830188679245, "cnt": 212}, "GENERAL": {"medie": 8.642654028436015, "reusita": 95.75471698113208, "cnt": 212}, "MATEMATICA MATE-INFO": {"medie": 8.05288461538462, "reusita": 97.11538461538461, "cnt": 104}, "ANATOMIE SI FIZIOLOGIE UMANA, GENETICA SI ECOLOGIE UMANA": {"medie": 9.001315789473688, "reusita": 100.0, "cnt": 76}, "ISTORIE": {"medie": 9.028846153846152, "reusita": 98.73417721518987, "cnt": 79}, "GEOGRAFIE": {"medie": 9.308333333333334, "reusita": 92.3076923076923, "cnt": 13}, "FILOSOFIE": {"medie": 10.0, "reusita": 100.0, "cnt": 1}, "MATEMATICA ST-NAT": {"medie": 9.313793103448276, "reusita": 100.0, "cnt": 29}, "FIZICA TEO": {"medie": 7.659999999999999, "reusita": 85.0, "cnt": 20}, "CHIMIE ORGANICA TEO NIVEL I/II": {"medie": 9.5375, "reusita": 100.0, "cnt": 4}, "LOGICA, ARGUMENTARE SI COMUNICARE": {"medie": 9.15241935483871, "reusita": 100.0, "cnt": 62}, "INFORMATICA MI C/C++": {"medie": 7.986206896551724, "reusita": 96.55172413793103, "cnt": 29}, "PSIHOLOGIE": {"medie": 7.216666666666666, "reusita": 66.66666666666666, "cnt": 3}, "CHIMIE ANORGANICA TEO NIVEL I/II": {"medie": 6.483333333333333, "reusita": 100.0, "cnt": 3}, "INFORMATICA SN C/C++": {"medie": 10.0, "reusita": 100.0, "cnt": 1}}, "nume": "COLEGIUL NATIONAL \"A.T.LAURIAN\" BOTOSANI\tBoto\u0219ani"}