{"specializari": {"FILOLOGIE": 28, "STIINTE SOCIALE": 50, "MATEMATICA-INFORMATICA": 34}, "limba_moderna": {"LIMBA ENGLEZA": 112}, "limba_materna": {"LIMBA ROMANA": 112}, "promotie_anterioara": {"NU": 112}, "materii": {"LIMBA ROMANA": {"medie": 9.029017857142861, "reusita": 100.0, "cnt": 112}, "BIOLOGIE VEGETALA SI ANIMALA": {"medie": 10.0, "reusita": 100.0, "cnt": 1}, "GENERAL": {"medie": 9.238690476190476, "reusita": 100.0, "cnt": 112}, "MATEMATICA MATE-INFO": {"medie": 8.351470588235296, "reusita": 100.0, "cnt": 34}, "ANATOMIE SI FIZIOLOGIE UMANA, GENETICA SI ECOLOGIE UMANA": {"medie": 9.673333333333334, "reusita": 100.0, "cnt": 15}, "ISTORIE": {"medie": 9.793589743589742, "reusita": 100.0, "cnt": 78}, "GEOGRAFIE": {"medie": 9.5, "reusita": 100.0, "cnt": 4}, "FILOSOFIE": {"medie": 9.9, "reusita": 100.0, "cnt": 6}, "FIZICA TEO": {"medie": 8.2625, "reusita": 100.0, "cnt": 4}, "CHIMIE ORGANICA TEO NIVEL I/II": {"medie": 9.55, "reusita": 100.0, "cnt": 1}, "LOGICA, ARGUMENTARE SI COMUNICARE": {"medie": 9.490677966101698, "reusita": 100.0, "cnt": 59}, "INFORMATICA MI C/C++": {"medie": 8.680769230769231, "reusita": 100.0, "cnt": 13}, "PSIHOLOGIE": {"medie": 8.95, "reusita": 100.0, "cnt": 1}, "SOCIOLOGIE": {"medie": 9.216666666666667, "reusita": 100.0, "cnt": 3}, "ECONOMIE": {"medie": 8.120000000000001, "reusita": 100.0, "cnt": 5}}, "nume": "COLEGIUL NATIONAL \"GHEORGHE SINCAI\" CLUJ-NAPOCA\tCluj"}