{"specializari": {"TEHNICIAN DE TELECOMUNICATII": 71, "TEHNICIAN IN ACTIVITATI DE POSTA": 49, "ORGANIZATOR BANQUETING": 28, "TEHNICIAN IN GASTRONOMIE": 16, "STIINTE ALE NATURII": 39, "LICEU CU PROGRAM SPORTIV": 20, "MATEMATICA-INFORMATICA": 11, "TEHNICIAN ELECTRONIST": 3}, "limba_moderna": {"LIMBA ENGLEZA": 204, "LIMBA FRANCEZA": 31, "LIMBA GERMANA MODERNA": 2}, "limba_materna": {"LIMBA ROMANA": 237}, "promotie_anterioara": {"NU": 136, "DA": 101}, "materii": {"LIMBA ROMANA": {"medie": 5.797321428571428, "reusita": 81.0126582278481, "cnt": 237}, "MATEMATICA TEHN": {"medie": 3.8869281045751642, "reusita": 38.92215568862276, "cnt": 167}, "BIOLOGIE VEGETALA SI ANIMALA": {"medie": 4.764044943820226, "reusita": 41.17647058823529, "cnt": 102}, "GENERAL": {"medie": 5.1826860841423965, "reusita": 24.47257383966245, "cnt": 237}, "MATEMATICA MATE-INFO": {"medie": 3.211111111111111, "reusita": 27.27272727272727, "cnt": 11}, "ANATOMIE SI FIZIOLOGIE UMANA, GENETICA SI ECOLOGIE UMANA": {"medie": 6.333333333333333, "reusita": 100.0, "cnt": 3}, "FIZICA TEH": {"medie": 3.0375, "reusita": 16.666666666666664, "cnt": 6}, "ISTORIE": {"medie": 5.92, "reusita": 90.0, "cnt": 20}, "GEOGRAFIE": {"medie": 7.045454545454546, "reusita": 81.70731707317073, "cnt": 82}, "MATEMATICA ST-NAT": {"medie": 3.875714285714285, "reusita": 38.46153846153847, "cnt": 39}, "FIZICA TEO": {"medie": 2.7299999999999995, "reusita": 0.0, "cnt": 6}, "LOGICA, ARGUMENTARE SI COMUNICARE": {"medie": 4.74, "reusita": 40.0, "cnt": 5}, "PSIHOLOGIE": {"medie": 5.545999999999999, "reusita": 76.92307692307693, "cnt": 26}, "CHIMIE ANORGANICA TEH NIVEL I/II": {"medie": 3.5999999999999996, "reusita": 33.33333333333333, "cnt": 6}, "INFORMATICA SN C/C++": {"medie": 6.95, "reusita": 100.0, "cnt": 1}}, "nume": "COLEGIUL TEHNIC DE POSTA SI TELECOMUNICATII \"GHEORGHE AIRINEI\"\tBucure\u0219ti"}