{"specializari": {"TEHNICIAN IN ACTIVITATI ECONOMICE": 30, "TEHNICIAN MECATRONIST": 15, "TEHNICIAN ELECTRICIAN/ELECTRONIST AUTO": 14, "TEHNICIAN ELECTRONIST": 1, "TEHNICIAN DESIGNER VESTIMENTAR": 2, "TEHNICIAN IN ADMINISTRATIE": 3, "MATEMATICA-INFORMATICA": 1, "TEHNICIAN OPERATOR TEHNICA DE CALCUL": 1, "TEHNICIAN TRANSPORTURI": 7, "TEHNICIAN IN INDUSTRIA TEXTILA": 1}, "limba_moderna": {"LIMBA ENGLEZA": 73, "LIMBA FRANCEZA": 2}, "limba_materna": {"LIMBA ROMANA": 75}, "promotie_anterioara": {"NU": 51, "DA": 24}, "materii": {"LIMBA ROMANA": {"medie": 6.259154929577467, "reusita": 89.33333333333333, "cnt": 75}, "MATEMATICA TEHN": {"medie": 4.805, "reusita": 55.4054054054054, "cnt": 74}, "BIOLOGIE VEGETALA SI ANIMALA": {"medie": 5.668333333333332, "reusita": 60.0, "cnt": 35}, "GENERAL": {"medie": 5.943961352657005, "reusita": 46.666666666666664, "cnt": 75}, "MATEMATICA MATE-INFO": {"medie": 6.95, "reusita": 100.0, "cnt": 1}, "ANATOMIE SI FIZIOLOGIE UMANA, GENETICA SI ECOLOGIE UMANA": {"medie": 5.0, "reusita": 100.0, "cnt": 1}, "FIZICA TEH": {"medie": 8.48, "reusita": 100.0, "cnt": 5}, "GEOGRAFIE": {"medie": 8.036956521739128, "reusita": 95.83333333333334, "cnt": 24}, "LOGICA, ARGUMENTARE SI COMUNICARE": {"medie": 4.283333333333334, "reusita": 33.33333333333333, "cnt": 3}, "PSIHOLOGIE": {"medie": 7.291666666666667, "reusita": 100.0, "cnt": 6}, "CHIMIE ANORGANICA TEH NIVEL I/II": {"medie": 2.2, "reusita": 0.0, "cnt": 1}}, "nume": "COLEGIUL TEHNIC TURDA\tCluj"}