{"specializari": {"TEHNICIAN IN ACTIVITATI ECONOMICE": 33, "TEHNICIAN IN GASTRONOMIE": 24, "TEHNICIAN ECOLOG SI PROTECTIA CALITATII MEDIULUI": 12, "TEHNICIAN VETERINAR": 26, "TEHNICIAN PENTRU ANIMALE DE COMPANIE": 3, "TEHNICIAN IN AGRICULTURA": 3, "TEHNICIAN HORTICULTOR": 21, "TEHNICIAN IN SILVICULTURA SI EXPLOATARI FORESTIERE": 1}, "limba_moderna": {"LIMBA ENGLEZA": 122, "LIMBA FRANCEZA": 1}, "limba_materna": {"LIMBA ROMANA": 123}, "promotie_anterioara": {"NU": 77, "DA": 46}, "materii": {"LIMBA ROMANA": {"medie": 5.157142857142858, "reusita": 68.29268292682927, "cnt": 123}, "MATEMATICA TEHN": {"medie": 3.2334782608695645, "reusita": 29.268292682926827, "cnt": 123}, "BIOLOGIE VEGETALA SI ANIMALA": {"medie": 4.625, "reusita": 40.0, "cnt": 15}, "GENERAL": {"medie": 4.5269345238095235, "reusita": 15.447154471544716, "cnt": 123}, "ANATOMIE SI FIZIOLOGIE UMANA, GENETICA SI ECOLOGIE UMANA": {"medie": 4.722340425531914, "reusita": 41.17647058823529, "cnt": 51}, "GEOGRAFIE": {"medie": 5.520652173913044, "reusita": 63.829787234042556, "cnt": 47}, "LOGICA, ARGUMENTARE SI COMUNICARE": {"medie": 6.45, "reusita": 100.0, "cnt": 1}, "PSIHOLOGIE": {"medie": 5.925000000000001, "reusita": 100.0, "cnt": 4}, "ECONOMIE": {"medie": 4.2700000000000005, "reusita": 40.0, "cnt": 5}}, "nume": "COLEGIUL TEHNOLOGIC \"VIACESLAV HARNAJ\"\tBucure\u0219ti"}