{"specializari": {"MUZICA": 31, "ARHITECTURA, ARTE AMBIENTALE SI DESIGN": 30, "ARTE PLASTICE SI DECORATIVE": 28}, "limba_moderna": {"LIMBA ENGLEZA": 88, "LIMBA FRANCEZA": 1}, "limba_materna": {"LIMBA ROMANA": 89}, "promotie_anterioara": {"NU": 86, "DA": 3}, "materii": {"LIMBA ROMANA": {"medie": 8.08707865168539, "reusita": 100.0, "cnt": 89}, "GENERAL": {"medie": 8.437640449438204, "reusita": 98.87640449438202, "cnt": 89}, "ISTORIE": {"medie": 8.521910112359548, "reusita": 100.0, "cnt": 89}, "GEOGRAFIE": {"medie": 8.780952380952382, "reusita": 100.0, "cnt": 21}, "LOGICA, ARGUMENTARE SI COMUNICARE": {"medie": 8.637692307692308, "reusita": 98.46153846153847, "cnt": 65}, "PSIHOLOGIE": {"medie": 9.6, "reusita": 100.0, "cnt": 3}}, "nume": "COLEGIUL DE ARTA \"CARMEN SYLVA\", MUNICIPIUL PLOIESTI\tPrahova"}