{"specializari": {"MATEMATICA-INFORMATICA": 7, "TEHNICIAN MECATRONIST": 14, "LICEU CU PROGRAM SPORTIV": 31, "TEHNICIAN IN AUTOMATIZARI": 12, "TEHNICIAN ELECTRONIST": 5, "TEHNICIAN OPERATOR TEHNICA DE CALCUL": 9}, "limba_moderna": {"LIMBA ENGLEZA": 76, "LIMBA FRANCEZA": 2}, "limba_materna": {"LIMBA ROMANA": 78}, "promotie_anterioara": {"DA": 37, "NU": 41}, "materii": {"LIMBA ROMANA": {"medie": 5.249305555555555, "reusita": 60.256410256410255, "cnt": 78}, "MATEMATICA TEHN": {"medie": 3.5924242424242423, "reusita": 35.0, "cnt": 40}, "BIOLOGIE VEGETALA SI ANIMALA": {"medie": 4.299999999999999, "reusita": 34.21052631578947, "cnt": 38}, "GENERAL": {"medie": 4.924871794871792, "reusita": 23.076923076923077, "cnt": 78}, "MATEMATICA MATE-INFO": {"medie": 2.9857142857142853, "reusita": 42.857142857142854, "cnt": 7}, "ANATOMIE SI FIZIOLOGIE UMANA, GENETICA SI ECOLOGIE UMANA": {"medie": 4.7, "reusita": 66.66666666666666, "cnt": 3}, "FIZICA TEH": {"medie": 4.54, "reusita": 60.0, "cnt": 5}, "ISTORIE": {"medie": 5.575, "reusita": 67.74193548387096, "cnt": 31}, "GEOGRAFIE": {"medie": 6.31111111111111, "reusita": 70.0, "cnt": 20}, "LOGICA, ARGUMENTARE SI COMUNICARE": {"medie": 5.2333333333333325, "reusita": 36.36363636363637, "cnt": 11}, "CHIMIE ANORGANICA TEH NIVEL I/II": {"medie": 5.05, "reusita": 100.0, "cnt": 1}}, "nume": "COLEGIUL TEHNIC \"EDMOND NICOLAU\"\tBucure\u0219ti"}