{"specializari": {"TEHNICIAN IN GASTRONOMIE": 9, "TEHNICIAN IN ACTIVITATI ECONOMICE": 146, "TEHNICIAN IN ACTIVITATI DE COMERT": 30, "TEHNICIAN IN INDUSTRIA ALIMENTARA": 1, "TEHNICIAN IN ADMINISTRATIE": 1, "TEHNICIAN IN TURISM": 26}, "limba_moderna": {"LIMBA ENGLEZA": 200, "LIMBA FRANCEZA": 13}, "limba_materna": {"LIMBA ROMANA": 213}, "promotie_anterioara": {"DA": 12, "NU": 201}, "materii": {"LIMBA ROMANA": {"medie": 7.097867298578196, "reusita": 93.42723004694837, "cnt": 213}, "MATEMATICA TEHN": {"medie": 6.977251184834121, "reusita": 87.32394366197182, "cnt": 213}, "BIOLOGIE VEGETALA SI ANIMALA": {"medie": 9.4, "reusita": 100.0, "cnt": 1}, "GENERAL": {"medie": 7.372996794871801, "reusita": 80.75117370892019, "cnt": 213}, "GEOGRAFIE": {"medie": 7.613235294117648, "reusita": 85.29411764705883, "cnt": 34}, "LOGICA, ARGUMENTARE SI COMUNICARE": {"medie": 7.9309210526315805, "reusita": 90.25974025974025, "cnt": 154}, "PSIHOLOGIE": {"medie": 8.568750000000001, "reusita": 100.0, "cnt": 16}, "ECONOMIE": {"medie": 6.737500000000001, "reusita": 75.0, "cnt": 8}}, "nume": "COLEGIUL ECONOMIC \"MARIA TEIULEANU\" PITESTI\tArge\u0219"}