{"specializari": {"TEHNICIAN DESIGNER VESTIMENTAR": 53, "ORGANIZATOR BANQUETING": 10, "COAFOR STILIST": 29, "TEHNICIAN IN INDUSTRIA TEXTILA": 9, "TEHNICIAN IN TURISM": 29, "TEHNICIAN IN INDUSTRIA PIELARIEI": 1}, "limba_moderna": {"LIMBA ENGLEZA": 123, "LIMBA FRANCEZA": 5, "LIMBA GERMANA MODERNA": 3}, "limba_materna": {"LIMBA ROMANA": 131}, "promotie_anterioara": {"NU": 97, "DA": 34}, "materii": {"LIMBA ROMANA": {"medie": 6.615267175572522, "reusita": 98.47328244274809, "cnt": 131}, "MATEMATICA TEHN": {"medie": 5.882692307692307, "reusita": 82.44274809160305, "cnt": 131}, "BIOLOGIE VEGETALA SI ANIMALA": {"medie": 5.970175438596494, "reusita": 72.41379310344827, "cnt": 58}, "GENERAL": {"medie": 6.34457364341085, "reusita": 63.358778625954194, "cnt": 131}, "FIZICA TEH": {"medie": 7.2, "reusita": 100.0, "cnt": 1}, "GEOGRAFIE": {"medie": 7.268644067796609, "reusita": 88.33333333333333, "cnt": 60}, "LOGICA, ARGUMENTARE SI COMUNICARE": {"medie": 5.535714285714285, "reusita": 57.14285714285714, "cnt": 7}, "ECONOMIE": {"medie": 5.8, "reusita": 100.0, "cnt": 1}, "CHIMIE ANORGANICA TEH NIVEL I/II": {"medie": 5.025, "reusita": 100.0, "cnt": 4}}, "nume": "COLEGIUL TEHNIC \"MARIA BAIULESCU\" BRASOV\tBra\u0219ov"}