{"specializari": {"MATEMATICA-INFORMATICA": 52, "FILOLOGIE": 25, "STIINTE SOCIALE": 89, "INVATATOR - EDUCATOARE": 56}, "limba_moderna": {"LIMBA ENGLEZA": 217, "LIMBA GERMANA MODERNA": 1, "LIMBA FRANCEZA": 4}, "limba_materna": {"LIMBA ROMANA": 222}, "promotie_anterioara": {"NU": 220, "DA": 2}, "materii": {"LIMBA ROMANA": {"medie": 8.852927927927931, "reusita": 100.0, "cnt": 222}, "GENERAL": {"medie": 8.846003016591258, "reusita": 97.2972972972973, "cnt": 222}, "MATEMATICA MATE-INFO": {"medie": 8.185576923076924, "reusita": 92.3076923076923, "cnt": 52}, "ANATOMIE SI FIZIOLOGIE UMANA, GENETICA SI ECOLOGIE UMANA": {"medie": 8.830555555555556, "reusita": 100.0, "cnt": 18}, "ISTORIE": {"medie": 9.178761061946902, "reusita": 99.12280701754386, "cnt": 114}, "GEOGRAFIE": {"medie": 8.992857142857144, "reusita": 100.0, "cnt": 14}, "FILOSOFIE": {"medie": 8.1125, "reusita": 100.0, "cnt": 8}, "FIZICA TEO": {"medie": 8.76875, "reusita": 100.0, "cnt": 8}, "LOGICA, ARGUMENTARE SI COMUNICARE": {"medie": 9.099999999999996, "reusita": 99.17355371900827, "cnt": 121}, "INFORMATICA MI C/C++": {"medie": 8.313461538461537, "reusita": 100.0, "cnt": 26}, "PSIHOLOGIE": {"medie": 9.23, "reusita": 100.0, "cnt": 20}, "SOCIOLOGIE": {"medie": 9.799999999999999, "reusita": 100.0, "cnt": 6}, "ECONOMIE": {"medie": 7.4, "reusita": 100.0, "cnt": 1}, "MATEMATICA PED": {"medie": 8.338392857142857, "reusita": 98.21428571428571, "cnt": 56}}, "nume": "COLEGIUL NATIONAL \"MIHAI EMINESCU\" SUCEAVA\tSuceava"}