{"specializari": {"COAFOR STILIST": 12, "TEHNICIAN IN ACTIVITATI ECONOMICE": 18, "TEHNICIAN IN INDUSTRIA TEXTILA": 1, "TEHNICIAN DESENATOR PENTRU CONSTRUCTII SI INSTALATII": 2, "STIINTE ALE NATURII": 1, "TEHNICIAN OPERATOR TEHNICA DE CALCUL": 2, "TEHNICIAN ECOLOG SI PROTECTIA CALITATII MEDIULUI": 2}, "limba_moderna": {"LIMBA ENGLEZA": 38}, "limba_materna": {"LIMBA ROMANA": 38}, "promotie_anterioara": {"NU": 26, "DA": 12}, "materii": {"LIMBA ROMANA": {"medie": 5.805405405405406, "reusita": 86.8421052631579, "cnt": 38}, "MATEMATICA TEHN": {"medie": 4.598387096774193, "reusita": 43.24324324324324, "cnt": 37}, "BIOLOGIE VEGETALA SI ANIMALA": {"medie": 5.6499999999999995, "reusita": 66.66666666666666, "cnt": 6}, "GENERAL": {"medie": 5.541666666666665, "reusita": 31.57894736842105, "cnt": 38}, "FIZICA TEH": {"medie": 2.4, "reusita": 0.0, "cnt": 1}, "GEOGRAFIE": {"medie": 6.473076923076922, "reusita": 73.33333333333333, "cnt": 30}, "MATEMATICA ST-NAT": {"medie": "-", "reusita": 0.0, "cnt": 1}, "CHIMIE ANORGANICA TEH NIVEL I/II": {"medie": 5.45, "reusita": 100.0, "cnt": 1}}, "nume": "COLEGIUL TEHNIC \"MEDIENSIS\" MEDIAS\tSibiu"}