{"specializari": {"TEHNICIAN IN ADMINISTRATIE": 32, "TEHNICIAN IN TURISM": 31, "TEHNICIAN IN GASTRONOMIE": 39, "TEHNICIAN IN ACTIVITATI DE COMERT": 18, "TEHNICIAN IN ACTIVITATI ECONOMICE": 66}, "limba_moderna": {"LIMBA ENGLEZA": 185, "LIMBA FRANCEZA": 1}, "limba_materna": {"LIMBA ROMANA": 186}, "promotie_anterioara": {"NU": 150, "DA": 36}, "materii": {"LIMBA ROMANA": {"medie": 6.42377049180328, "reusita": 92.47311827956989, "cnt": 186}, "MATEMATICA TEHN": {"medie": 5.84364640883978, "reusita": 77.41935483870968, "cnt": 186}, "GENERAL": {"medie": 6.695131086142324, "reusita": 68.81720430107528, "cnt": 186}, "GEOGRAFIE": {"medie": 7.543529411764704, "reusita": 95.34883720930233, "cnt": 172}, "LOGICA, ARGUMENTARE SI COMUNICARE": {"medie": 8.904166666666667, "reusita": 100.0, "cnt": 12}, "PSIHOLOGIE": {"medie": 7.85, "reusita": 100.0, "cnt": 1}, "ECONOMIE": {"medie": 8.5, "reusita": 100.0, "cnt": 1}}, "nume": "COLEGIUL ECONOMIC ARAD\tArad"}