{"specializari": {"TEHNICIAN IN AUTOMATIZARI": 67, "TEHNICIAN MECANIC PENTRU INTRETINERE SI REPARATII": 24, "TEHNICIAN IN INSTALATII ELECTRICE": 34, "TEHNICIAN OPERATOR TEHNICA DE CALCUL": 26, "TEHNICIAN ELECTROTEHNIST": 24, "TEHNICIAN ECOLOG SI PROTECTIA CALITATII MEDIULUI": 23, "LICEU CU PROGRAM SPORTIV": 22, "TEHNICIAN MECATRONIST": 8, "MATEMATICA-INFORMATICA": 1}, "limba_moderna": {"LIMBA ENGLEZA": 213, "LIMBA FRANCEZA": 16}, "limba_materna": {"LIMBA ROMANA": 229}, "promotie_anterioara": {"DA": 37, "NU": 192}, "materii": {"LIMBA ROMANA": {"medie": 6.594978165938862, "reusita": 93.44978165938865, "cnt": 229}, "MATEMATICA TEHN": {"medie": 6.076097560975606, "reusita": 75.72815533980582, "cnt": 206}, "BIOLOGIE VEGETALA SI ANIMALA": {"medie": 4.987777777777779, "reusita": 57.35294117647059, "cnt": 136}, "GENERAL": {"medie": 6.225917767988253, "reusita": 56.76855895196506, "cnt": 229}, "MATEMATICA MATE-INFO": {"medie": 5.0, "reusita": 100.0, "cnt": 1}, "ANATOMIE SI FIZIOLOGIE UMANA, GENETICA SI ECOLOGIE UMANA": {"medie": 7.75, "reusita": 100.0, "cnt": 19}, "FIZICA TEH": {"medie": 7.210416666666667, "reusita": 83.33333333333334, "cnt": 48}, "ISTORIE": {"medie": 7.034090909090909, "reusita": 90.9090909090909, "cnt": 22}, "GEOGRAFIE": {"medie": 7.614285714285714, "reusita": 100.0, "cnt": 7}, "LOGICA, ARGUMENTARE SI COMUNICARE": {"medie": 6.033333333333333, "reusita": 80.0, "cnt": 15}, "CHIMIE ANORGANICA TEH NIVEL I/II": {"medie": 6.716666666666666, "reusita": 100.0, "cnt": 3}, "CHIMIE ORGANICA TEH NIVEL I/II": {"medie": 6.45, "reusita": 100.0, "cnt": 1}}, "nume": "COLEGIUL ENERGETIC, MUN. RM. VALCEA\tV\u00e2lcea"}