{"specializari": {"MATEMATICA-INFORMATICA": 59, "STIINTE ALE NATURII": 27, "FILOLOGIE": 62, "STIINTE SOCIALE": 27}, "limba_moderna": {"LIMBA ENGLEZA": 125, "LIMBA FRANCEZA": 50}, "limba_materna": {"LIMBA ROMANA": 175}, "promotie_anterioara": {"NU": 168, "DA": 7}, "materii": {"LIMBA ROMANA": {"medie": 8.265895953757223, "reusita": 98.85714285714286, "cnt": 175}, "BIOLOGIE VEGETALA SI ANIMALA": {"medie": 10.0, "reusita": 100.0, "cnt": 1}, "GENERAL": {"medie": 8.440406976744185, "reusita": 92.0, "cnt": 175}, "MATEMATICA MATE-INFO": {"medie": 8.394827586206894, "reusita": 96.61016949152543, "cnt": 59}, "ANATOMIE SI FIZIOLOGIE UMANA, GENETICA SI ECOLOGIE UMANA": {"medie": 9.028888888888888, "reusita": 93.61702127659575, "cnt": 47}, "ISTORIE": {"medie": 8.622159090909092, "reusita": 98.87640449438202, "cnt": 89}, "GEOGRAFIE": {"medie": 8.728260869565217, "reusita": 100.0, "cnt": 23}, "FILOSOFIE": {"medie": 9.35, "reusita": 80.0, "cnt": 5}, "MATEMATICA ST-NAT": {"medie": 6.596153846153848, "reusita": 81.48148148148148, "cnt": 27}, "FIZICA TEO": {"medie": 8.773684210526316, "reusita": 100.0, "cnt": 19}, "CHIMIE ORGANICA TEO NIVEL I/II": {"medie": 8.682142857142859, "reusita": 100.0, "cnt": 14}, "LOGICA, ARGUMENTARE SI COMUNICARE": {"medie": 8.758928571428571, "reusita": 94.64285714285714, "cnt": 56}, "INFORMATICA MI C/C++": {"medie": 8.98, "reusita": 100.0, "cnt": 5}, "PSIHOLOGIE": {"medie": 9.425, "reusita": 100.0, "cnt": 2}, "SOCIOLOGIE": {"medie": 7.4, "reusita": 100.0, "cnt": 1}, "ECONOMIE": {"medie": 5.875, "reusita": 100.0, "cnt": 2}}, "nume": "COLEGIUL NATIONAL \"ALEXANDRU VLAHUTA\" MUNICIPIUL RIMNICU SARAT\tBuz\u0103u"}