{"specializari": {"TEHNICIAN DESENATOR PENTRU CONSTRUCTII SI INSTALATII": 40, "ARHITECTURA, ARTE AMBIENTALE SI DESIGN": 102, "MATEMATICA-INFORMATICA": 28}, "limba_moderna": {"LIMBA ENGLEZA": 167, "LIMBA FRANCEZA": 3}, "limba_materna": {"LIMBA ROMANA": 170}, "promotie_anterioara": {"DA": 59, "NU": 111}, "materii": {"LIMBA ROMANA": {"medie": 6.142307692307694, "reusita": 90.58823529411765, "cnt": 170}, "MATEMATICA TEHN": {"medie": 3.898611111111111, "reusita": 37.5, "cnt": 40}, "BIOLOGIE VEGETALA SI ANIMALA": {"medie": 4.5562499999999995, "reusita": 42.22222222222222, "cnt": 45}, "GENERAL": {"medie": 6.041823899371068, "reusita": 45.294117647058826, "cnt": 170}, "MATEMATICA MATE-INFO": {"medie": 4.364814814814815, "reusita": 46.42857142857143, "cnt": 28}, "ANATOMIE SI FIZIOLOGIE UMANA, GENETICA SI ECOLOGIE UMANA": {"medie": 6.29, "reusita": 80.0, "cnt": 5}, "FIZICA TEH": {"medie": 2.3375000000000004, "reusita": 0.0, "cnt": 4}, "ISTORIE": {"medie": 6.603, "reusita": 90.19607843137256, "cnt": 102}, "GEOGRAFIE": {"medie": 7.6122950819672095, "reusita": 95.08196721311475, "cnt": 61}, "FILOSOFIE": {"medie": 6.325, "reusita": 100.0, "cnt": 2}, "INFORMATICA MI PASCAL": {"medie": 5.1625000000000005, "reusita": 50.0, "cnt": 4}, "FIZICA TEO": {"medie": 4.7625, "reusita": 25.0, "cnt": 4}, "CHIMIE ORGANICA TEO NIVEL I/II": {"medie": 6.15, "reusita": 100.0, "cnt": 1}, "LOGICA, ARGUMENTARE SI COMUNICARE": {"medie": 6.804285714285714, "reusita": 75.67567567567568, "cnt": 37}, "INFORMATICA MI C/C++": {"medie": 5.7, "reusita": 66.66666666666666, "cnt": 3}, "PSIHOLOGIE": {"medie": 5.75, "reusita": 100.0, "cnt": 2}, "CHIMIE ANORGANICA TEO NIVEL I/II": {"medie": 4.1, "reusita": 50.0, "cnt": 2}}, "nume": "COLEGIUL TEHNIC DE ARHITECTURA SI LUCRARI PUBLICE \"IOAN N. SOCOLESCU\"\tBucure\u0219ti"}