{"specializari": {"MATEMATICA-INFORMATICA": 123, "FILOLOGIE": 112, "STIINTE ALE NATURII": 4}, "limba_moderna": {"LIMBA ENGLEZA": 232, "LIMBA FRANCEZA": 7}, "limba_materna": {"LIMBA ROMANA": 239}, "promotie_anterioara": {"NU": 217, "DA": 22}, "materii": {"LIMBA ROMANA": {"medie": 8.231856540084383, "reusita": 98.32635983263597, "cnt": 239}, "BIOLOGIE VEGETALA SI ANIMALA": {"medie": 5.46875, "reusita": 55.55555555555556, "cnt": 9}, "GENERAL": {"medie": 8.136853448275858, "reusita": 87.44769874476988, "cnt": 239}, "MATEMATICA MATE-INFO": {"medie": 7.6347107438016515, "reusita": 94.3089430894309, "cnt": 123}, "ANATOMIE SI FIZIOLOGIE UMANA, GENETICA SI ECOLOGIE UMANA": {"medie": 8.542465753424658, "reusita": 95.94594594594594, "cnt": 74}, "ISTORIE": {"medie": 7.9700000000000015, "reusita": 91.96428571428571, "cnt": 112}, "GEOGRAFIE": {"medie": 8.375, "reusita": 92.10526315789474, "cnt": 76}, "FILOSOFIE": {"medie": 8.616666666666665, "reusita": 100.0, "cnt": 6}, "MATEMATICA ST-NAT": {"medie": 5.575, "reusita": 50.0, "cnt": 4}, "FIZICA TEO": {"medie": 8.509677419354839, "reusita": 93.54838709677419, "cnt": 31}, "CHIMIE ORGANICA TEO NIVEL I/II": {"medie": 9.24375, "reusita": 100.0, "cnt": 8}, "INFORMATICA MI C/C++": {"medie": 8.190000000000001, "reusita": 100.0, "cnt": 5}, "PSIHOLOGIE": {"medie": 8.9375, "reusita": 100.0, "cnt": 4}, "SOCIOLOGIE": {"medie": 8.122727272727273, "reusita": 100.0, "cnt": 22}, "ECONOMIE": {"medie": 7.7625, "reusita": 100.0, "cnt": 4}}, "nume": "COLEGIUL NATIONAL \"ALEXANDRU IOAN CUZA\" ALEXANDRIA\tTeleorman"}