{"specializari": {"MATEMATICA-INFORMATICA": 27, "STIINTE ALE NATURII": 95}, "limba_moderna": {"LIMBA ENGLEZA": 111, "LIMBA FRANCEZA": 11}, "limba_materna": {"LIMBA ROMANA": 122}, "promotie_anterioara": {"NU": 117, "DA": 5}, "materii": {"LIMBA ROMANA": {"medie": 8.420081967213115, "reusita": 100.0, "cnt": 122}, "BIOLOGIE VEGETALA SI ANIMALA": {"medie": 9.7, "reusita": 100.0, "cnt": 1}, "GENERAL": {"medie": 8.292699724517908, "reusita": 94.26229508196722, "cnt": 122}, "MATEMATICA MATE-INFO": {"medie": 7.701851851851853, "reusita": 100.0, "cnt": 27}, "ANATOMIE SI FIZIOLOGIE UMANA, GENETICA SI ECOLOGIE UMANA": {"medie": 8.981904761904762, "reusita": 100.0, "cnt": 105}, "MATEMATICA ST-NAT": {"medie": 7.560106382978723, "reusita": 95.78947368421052, "cnt": 95}, "INFORMATICA MI C/C++": {"medie": 7.879999999999999, "reusita": 100.0, "cnt": 15}, "INFORMATICA SN C/C++": {"medie": 7.8, "reusita": 100.0, "cnt": 1}}, "nume": "COLEGIUL NATIONAL \"ANA ASLAN\" TIMISOARA\tTimi\u0219"}