{"specializari": {"STIINTE ALE NATURII": 63, "MATEMATICA-INFORMATICA": 113, "FILOLOGIE": 32, "STIINTE SOCIALE": 34}, "limba_moderna": {"LIMBA ENGLEZA": 237, "LIMBA FRANCEZA": 3, "LIMBA GERMANA MODERNA": 2}, "limba_materna": {"LIMBA ROMANA": 242}, "promotie_anterioara": {"NU": 242}, "materii": {"LIMBA ROMANA": {"medie": 9.219628099173553, "reusita": 100.0, "cnt": 242}, "BIOLOGIE VEGETALA SI ANIMALA": {"medie": 9.475, "reusita": 100.0, "cnt": 4}, "GENERAL": {"medie": 9.005853994490357, "reusita": 98.7603305785124, "cnt": 242}, "MATEMATICA MATE-INFO": {"medie": 8.391592920353983, "reusita": 99.11504424778761, "cnt": 113}, "ANATOMIE SI FIZIOLOGIE UMANA, GENETICA SI ECOLOGIE UMANA": {"medie": 9.276229508196723, "reusita": 100.0, "cnt": 61}, "ISTORIE": {"medie": 9.540151515151516, "reusita": 100.0, "cnt": 66}, "GEOGRAFIE": {"medie": 9.522727272727273, "reusita": 100.0, "cnt": 11}, "MATEMATICA ST-NAT": {"medie": 8.845238095238095, "reusita": 100.0, "cnt": 63}, "FIZICA TEO": {"medie": 8.495689655172415, "reusita": 98.27586206896551, "cnt": 58}, "CHIMIE ORGANICA TEO NIVEL I/II": {"medie": 8.921875000000002, "reusita": 100.0, "cnt": 32}, "LOGICA, ARGUMENTARE SI COMUNICARE": {"medie": 9.534782608695652, "reusita": 100.0, "cnt": 23}, "INFORMATICA MI C/C++": {"medie": 8.238888888888887, "reusita": 100.0, "cnt": 18}, "PSIHOLOGIE": {"medie": 9.51, "reusita": 100.0, "cnt": 5}, "CHIMIE ANORGANICA TEO NIVEL I/II": {"medie": 8.916666666666666, "reusita": 100.0, "cnt": 3}, "SOCIOLOGIE": {"medie": 9.530952380952382, "reusita": 100.0, "cnt": 21}, "ECONOMIE": {"medie": 7.191666666666666, "reusita": 100.0, "cnt": 6}}, "nume": "COLEGIUL NATIONAL \"MATEI BASARAB\"\tBucure\u0219ti"}