{"specializari": {"MATEMATICA-INFORMATICA": 24, "TEHNICIAN IN INSTALATII ELECTRICE": 19, "LICEU CU PROGRAM SPORTIV": 102, "TEHNICIAN TRANSPORTURI": 14, "TEHNICIAN IN AUTOMATIZARI": 3}, "limba_moderna": {"LIMBA ENGLEZA": 160, "LIMBA FRANCEZA": 2}, "limba_materna": {"LIMBA ROMANA": 162}, "promotie_anterioara": {"NU": 104, "DA": 58}, "materii": {"LIMBA ROMANA": {"medie": 5.2102484472049655, "reusita": 69.1358024691358, "cnt": 162}, "MATEMATICA TEHN": {"medie": 3.1882352941176473, "reusita": 36.11111111111111, "cnt": 36}, "BIOLOGIE VEGETALA SI ANIMALA": {"medie": 3.679268292682927, "reusita": 25.581395348837212, "cnt": 43}, "GENERAL": {"medie": 5.293790849673199, "reusita": 35.18518518518518, "cnt": 162}, "MATEMATICA MATE-INFO": {"medie": 2.126190476190476, "reusita": 16.666666666666664, "cnt": 24}, "ANATOMIE SI FIZIOLOGIE UMANA, GENETICA SI ECOLOGIE UMANA": {"medie": 3.8722222222222222, "reusita": 20.0, "cnt": 10}, "FIZICA TEH": {"medie": 3.466666666666667, "reusita": 33.33333333333333, "cnt": 3}, "ISTORIE": {"medie": 6.006930693069307, "reusita": 85.29411764705883, "cnt": 102}, "GEOGRAFIE": {"medie": 6.768333333333331, "reusita": 84.44444444444444, "cnt": 90}, "LOGICA, ARGUMENTARE SI COMUNICARE": {"medie": 7.333333333333335, "reusita": 100.0, "cnt": 12}, "INFORMATICA MI C/C++": {"medie": 3.55, "reusita": 0.0, "cnt": 2}, "CHIMIE ANORGANICA TEH NIVEL I/II": {"medie": 5.35, "reusita": 100.0, "cnt": 1}, "CHIMIE ORGANICA TEH NIVEL I/II": {"medie": 2.5, "reusita": 0.0, "cnt": 1}}, "nume": "COLEGIUL TEHNIC FEROVIAR \"MIHAI I\"\tBucure\u0219ti"}