{"specializari": {"TEHNICIAN IN ACTIVITATI ECONOMICE": 59, "TEHNICIAN IN ADMINISTRATIE": 29, "TEHNICIAN IN ACHIZITII SI CONTRACTARI": 58, "TEHNICIAN IN TURISM": 27, "TEHNICIAN IN GASTRONOMIE": 26, "ORGANIZATOR BANQUETING": 25}, "limba_moderna": {"LIMBA ENGLEZA": 174, "LIMBA FRANCEZA": 50}, "limba_materna": {"LIMBA ROMANA": 224}, "promotie_anterioara": {"NU": 220, "DA": 4}, "materii": {"LIMBA ROMANA": {"medie": 7.928794642857146, "reusita": 100.0, "cnt": 224}, "MATEMATICA TEHN": {"medie": 8.079372197309414, "reusita": 98.66071428571429, "cnt": 224}, "GENERAL": {"medie": 8.317563527653217, "reusita": 96.875, "cnt": 224}, "GEOGRAFIE": {"medie": 9.048095238095234, "reusita": 99.52606635071089, "cnt": 211}, "LOGICA, ARGUMENTARE SI COMUNICARE": {"medie": 7.05, "reusita": 75.0, "cnt": 4}, "PSIHOLOGIE": {"medie": 8.825, "reusita": 100.0, "cnt": 2}, "ECONOMIE": {"medie": 6.564285714285714, "reusita": 85.71428571428571, "cnt": 7}}, "nume": "COLEGIUL ECONOMIC \"MIHAIL KOGALNICEANU\" FOCSANI\tVrancea"}