{"specializari": {"FILOLOGIE": 19, "TEOLOGIE ORTODOXA": 17, "MATEMATICA-INFORMATICA": 49, "STIINTE SOCIALE": 63}, "limba_moderna": {"LIMBA ENGLEZA": 117, "LIMBA FRANCEZA": 31}, "limba_materna": {"LIMBA ROMANA": 148}, "promotie_anterioara": {"NU": 134, "DA": 14}, "materii": {"LIMBA ROMANA": {"medie": 7.178040540540539, "reusita": 91.8918918918919, "cnt": 148}, "BIOLOGIE VEGETALA SI ANIMALA": {"medie": 6.492857142857143, "reusita": 71.42857142857143, "cnt": 7}, "GENERAL": {"medie": 7.373858447488582, "reusita": 77.02702702702703, "cnt": 148}, "MATEMATICA MATE-INFO": {"medie": 7.426530612244899, "reusita": 93.87755102040816, "cnt": 49}, "ISTORIE": {"medie": 7.071649484536084, "reusita": 83.83838383838383, "cnt": 99}, "GEOGRAFIE": {"medie": 7.321621621621624, "reusita": 89.1891891891892, "cnt": 37}, "FIZICA TEO": {"medie": 8.186956521739132, "reusita": 95.65217391304348, "cnt": 23}, "CHIMIE ORGANICA TEO NIVEL I/II": {"medie": 7.9071428571428575, "reusita": 100.0, "cnt": 14}, "LOGICA, ARGUMENTARE SI COMUNICARE": {"medie": 7.824590163934427, "reusita": 93.44262295081968, "cnt": 61}, "INFORMATICA MI C/C++": {"medie": 7.9125, "reusita": 75.0, "cnt": 4}, "PSIHOLOGIE": {"medie": 9.7, "reusita": 100.0, "cnt": 1}, "CHIMIE ANORGANICA TEO NIVEL I/II": {"medie": 3.3, "reusita": 0.0, "cnt": 1}}, "nume": "COLEGIUL NATIONAL \"UNIREA\" TURNU MAGURELE\tTeleorman"}