{"specializari": {"MATEMATICA-INFORMATICA": 60, "STIINTE ALE NATURII": 32, "FILOLOGIE": 32}, "limba_moderna": {"LIMBA ENGLEZA": 123, "LIMBA FRANCEZA": 1}, "limba_materna": {"LIMBA ROMANA": 123, "LIMBA MAGHIARA": 1}, "promotie_anterioara": {"DA": 2, "NU": 122}, "materii": {"LIMBA ROMANA": {"medie": 8.786290322580648, "reusita": 99.19354838709677, "cnt": 124}, "GENERAL": {"medie": 8.590423387096777, "reusita": 98.38709677419355, "cnt": 124}, "MATEMATICA MATE-INFO": {"medie": 7.870000000000001, "reusita": 100.0, "cnt": 60}, "ANATOMIE SI FIZIOLOGIE UMANA, GENETICA SI ECOLOGIE UMANA": {"medie": 9.232456140350877, "reusita": 100.0, "cnt": 57}, "ISTORIE": {"medie": 9.317187500000001, "reusita": 100.0, "cnt": 32}, "GEOGRAFIE": {"medie": 9.046666666666669, "reusita": 100.0, "cnt": 15}, "LIMBA MAGHIARA (REAL)": {"medie": 7.0, "reusita": 100.0, "cnt": 1}, "MATEMATICA ST-NAT": {"medie": 7.6187499999999995, "reusita": 93.75, "cnt": 32}, "FIZICA TEO": {"medie": 8.8, "reusita": 92.3076923076923, "cnt": 13}, "CHIMIE ORGANICA TEO NIVEL I/II": {"medie": 7.959999999999999, "reusita": 100.0, "cnt": 5}, "LOGICA, ARGUMENTARE SI COMUNICARE": {"medie": 8.971428571428572, "reusita": 100.0, "cnt": 14}, "INFORMATICA MI C/C++": {"medie": 6.9142857142857155, "reusita": 100.0, "cnt": 14}, "PSIHOLOGIE": {"medie": 9.175, "reusita": 100.0, "cnt": 2}, "CHIMIE ANORGANICA TEO NIVEL I/II": {"medie": 9.083333333333334, "reusita": 100.0, "cnt": 3}, "SOCIOLOGIE": {"medie": 7.25, "reusita": 100.0, "cnt": 1}}, "nume": "COLEGIUL NATIONAL \"ANDREI MURESANU\" DEJ\tCluj"}