{"specializari": {"STIINTE SOCIALE": 27, "FILOLOGIE": 27, "MATEMATICA-INFORMATICA": 33}, "limba_moderna": {"LIMBA ENGLEZA": 65, "LIMBA ITALIANA": 21, "LIMBA FRANCEZA": 1}, "limba_materna": {"LIMBA ROMANA": 87}, "promotie_anterioara": {"DA": 1, "NU": 86}, "materii": {"LIMBA ROMANA": {"medie": 8.525287356321838, "reusita": 100.0, "cnt": 87}, "BIOLOGIE VEGETALA SI ANIMALA": {"medie": 8.6, "reusita": 100.0, "cnt": 1}, "GENERAL": {"medie": 8.639655172413793, "reusita": 98.85057471264368, "cnt": 87}, "MATEMATICA MATE-INFO": {"medie": 8.16212121212121, "reusita": 100.0, "cnt": 33}, "ANATOMIE SI FIZIOLOGIE UMANA, GENETICA SI ECOLOGIE UMANA": {"medie": 9.205555555555556, "reusita": 100.0, "cnt": 9}, "ISTORIE": {"medie": 8.81388888888889, "reusita": 100.0, "cnt": 54}, "GEOGRAFIE": {"medie": 9.106666666666666, "reusita": 100.0, "cnt": 30}, "FILOSOFIE": {"medie": 9.85, "reusita": 100.0, "cnt": 2}, "FIZICA TEO": {"medie": 8.425, "reusita": 100.0, "cnt": 2}, "LOGICA, ARGUMENTARE SI COMUNICARE": {"medie": 8.514285714285716, "reusita": 95.23809523809523, "cnt": 21}, "INFORMATICA MI C/C++": {"medie": 8.473809523809525, "reusita": 100.0, "cnt": 21}, "SOCIOLOGIE": {"medie": 10.0, "reusita": 100.0, "cnt": 1}}, "nume": "COLEGIUL NATIONAL \"GEORGE BARITIU\" CLUJ-NAPOCA\tCluj"}