{"specializari": {"MATEMATICA-INFORMATICA": 64, "STIINTE ALE NATURII": 56, "FILOLOGIE": 26, "STIINTE SOCIALE": 31}, "limba_moderna": {"LIMBA ENGLEZA": 169, "LIMBA FRANCEZA": 7, "LIMBA GERMANA MODERNA": 1}, "limba_materna": {"LIMBA ROMANA": 177}, "promotie_anterioara": {"NU": 177}, "materii": {"LIMBA ROMANA": {"medie": 8.869491525423728, "reusita": 100.0, "cnt": 177}, "BIOLOGIE VEGETALA SI ANIMALA": {"medie": 8.8625, "reusita": 100.0, "cnt": 8}, "GENERAL": {"medie": 9.016950757575755, "reusita": 98.87005649717514, "cnt": 177}, "MATEMATICA MATE-INFO": {"medie": 9.075, "reusita": 100.0, "cnt": 64}, "ANATOMIE SI FIZIOLOGIE UMANA, GENETICA SI ECOLOGIE UMANA": {"medie": 9.382894736842106, "reusita": 100.0, "cnt": 38}, "ISTORIE": {"medie": 9.358928571428569, "reusita": 98.24561403508771, "cnt": 57}, "GEOGRAFIE": {"medie": 9.467142857142855, "reusita": 100.0, "cnt": 35}, "FILOSOFIE": {"medie": 10.0, "reusita": 100.0, "cnt": 1}, "MATEMATICA ST-NAT": {"medie": 8.666964285714284, "reusita": 100.0, "cnt": 56}, "FIZICA TEO": {"medie": 8.866304347826086, "reusita": 100.0, "cnt": 46}, "CHIMIE ORGANICA TEO NIVEL I/II": {"medie": 9.129999999999999, "reusita": 100.0, "cnt": 20}, "LOGICA, ARGUMENTARE SI COMUNICARE": {"medie": 9.012500000000001, "reusita": 100.0, "cnt": 12}, "INFORMATICA MI C/C++": {"medie": 9.185714285714287, "reusita": 100.0, "cnt": 7}, "PSIHOLOGIE": {"medie": 6.9, "reusita": 100.0, "cnt": 1}, "CHIMIE ANORGANICA TEO NIVEL I/II": {"medie": 9.35, "reusita": 100.0, "cnt": 1}, "SOCIOLOGIE": {"medie": 9.433333333333332, "reusita": 100.0, "cnt": 3}, "ECONOMIE": {"medie": 8.319999999999999, "reusita": 100.0, "cnt": 5}}, "nume": "COLEGIUL NATIONAL \"AL. I. CUZA\" FOCSANI\tVrancea"}