{"specializari": {"MATEMATICA-INFORMATICA": 85, "STIINTE ALE NATURII": 61, "FILOLOGIE": 22, "STIINTE SOCIALE": 62}, "limba_moderna": {"LIMBA ENGLEZA": 204, "LIMBA FRANCEZA": 25, "LIMBA GERMANA MODERNA": 1}, "limba_materna": {"LIMBA ROMANA": 230}, "promotie_anterioara": {"NU": 226, "DA": 4}, "materii": {"LIMBA ROMANA": {"medie": 9.113913043478266, "reusita": 99.1304347826087, "cnt": 230}, "BIOLOGIE VEGETALA SI ANIMALA": {"medie": 9.458333333333334, "reusita": 100.0, "cnt": 30}, "GENERAL": {"medie": 9.025836972343518, "reusita": 96.08695652173913, "cnt": 230}, "MATEMATICA MATE-INFO": {"medie": 9.025294117647059, "reusita": 100.0, "cnt": 85}, "ANATOMIE SI FIZIOLOGIE UMANA, GENETICA SI ECOLOGIE UMANA": {"medie": 8.15, "reusita": 75.0, "cnt": 4}, "ISTORIE": {"medie": 9.083928571428569, "reusita": 100.0, "cnt": 84}, "GEOGRAFIE": {"medie": 9.391666666666666, "reusita": 100.0, "cnt": 24}, "FILOSOFIE": {"medie": 9.0, "reusita": 100.0, "cnt": 2}, "MATEMATICA ST-NAT": {"medie": 8.918032786885242, "reusita": 96.72131147540983, "cnt": 61}, "FIZICA TEO": {"medie": 8.721186440677963, "reusita": 96.61016949152543, "cnt": 59}, "CHIMIE ORGANICA TEO NIVEL I/II": {"medie": 8.670689655172415, "reusita": 96.55172413793103, "cnt": 29}, "LOGICA, ARGUMENTARE SI COMUNICARE": {"medie": 8.616666666666667, "reusita": 93.33333333333333, "cnt": 15}, "INFORMATICA MI C/C++": {"medie": 8.784782608695652, "reusita": 100.0, "cnt": 23}, "PSIHOLOGIE": {"medie": 9.442857142857141, "reusita": 87.5, "cnt": 8}, "SOCIOLOGIE": {"medie": 9.416666666666666, "reusita": 100.0, "cnt": 9}, "ECONOMIE": {"medie": 8.657692307692308, "reusita": 100.0, "cnt": 26}, "INFORMATICA SN C/C++": {"medie": 8.5, "reusita": 100.0, "cnt": 1}}, "nume": "COLEGIUL NATIONAL \"SPIRU HARET\"\tBucure\u0219ti"}