{"specializari": {"MATEMATICA-INFORMATICA": 80, "STIINTE ALE NATURII": 50, "FILOLOGIE": 66}, "limba_moderna": {"LIMBA ENGLEZA": 181, "LIMBA FRANCEZA": 15}, "limba_materna": {"LIMBA ROMANA": 196}, "promotie_anterioara": {"NU": 194, "DA": 2}, "materii": {"LIMBA ROMANA": {"medie": 8.604336734693875, "reusita": 100.0, "cnt": 196}, "GENERAL": {"medie": 8.595748299319727, "reusita": 97.44897959183673, "cnt": 196}, "MATEMATICA MATE-INFO": {"medie": 8.534374999999997, "reusita": 100.0, "cnt": 80}, "ANATOMIE SI FIZIOLOGIE UMANA, GENETICA SI ECOLOGIE UMANA": {"medie": 9.11320754716981, "reusita": 100.0, "cnt": 53}, "ISTORIE": {"medie": 8.364393939393938, "reusita": 100.0, "cnt": 66}, "GEOGRAFIE": {"medie": 8.874285714285715, "reusita": 100.0, "cnt": 35}, "MATEMATICA ST-NAT": {"medie": 7.968000000000001, "reusita": 100.0, "cnt": 50}, "FIZICA TEO": {"medie": 8.362195121951217, "reusita": 95.1219512195122, "cnt": 41}, "CHIMIE ORGANICA TEO NIVEL I/II": {"medie": 8.921428571428573, "reusita": 100.0, "cnt": 7}, "LOGICA, ARGUMENTARE SI COMUNICARE": {"medie": 9.014999999999997, "reusita": 100.0, "cnt": 20}, "INFORMATICA MI C/C++": {"medie": 8.963793103448278, "reusita": 100.0, "cnt": 29}, "PSIHOLOGIE": {"medie": 7.95, "reusita": 100.0, "cnt": 2}, "SOCIOLOGIE": {"medie": 9.035714285714286, "reusita": 100.0, "cnt": 7}, "ECONOMIE": {"medie": 8.175, "reusita": 100.0, "cnt": 2}}, "nume": "COLEGIUL NATIONAL \"DIMITRIE CANTEMIR\" ONESTI\tBac\u0103u"}