{"specializari": {"MATEMATICA-INFORMATICA": 52, "STIINTE ALE NATURII": 85, "STIINTE SOCIALE": 31}, "limba_moderna": {"LIMBA ENGLEZA": 139, "LIMBA FRANCEZA": 28, "LIMBA GERMANA MODERNA": 1}, "limba_materna": {"LIMBA ROMANA": 168}, "promotie_anterioara": {"NU": 168}, "materii": {"LIMBA ROMANA": {"medie": 9.344642857142855, "reusita": 100.0, "cnt": 168}, "BIOLOGIE VEGETALA SI ANIMALA": {"medie": 9.738235294117647, "reusita": 100.0, "cnt": 17}, "GENERAL": {"medie": 9.411805555555556, "reusita": 100.0, "cnt": 168}, "MATEMATICA MATE-INFO": {"medie": 9.28557692307692, "reusita": 100.0, "cnt": 52}, "ANATOMIE SI FIZIOLOGIE UMANA, GENETICA SI ECOLOGIE UMANA": {"medie": 9.710526315789474, "reusita": 100.0, "cnt": 19}, "ISTORIE": {"medie": 9.82258064516129, "reusita": 100.0, "cnt": 31}, "GEOGRAFIE": {"medie": 8.96, "reusita": 100.0, "cnt": 5}, "MATEMATICA ST-NAT": {"medie": 9.358823529411762, "reusita": 100.0, "cnt": 85}, "FIZICA TEO": {"medie": 9.51764705882353, "reusita": 100.0, "cnt": 17}, "CHIMIE ORGANICA TEO NIVEL I/II": {"medie": 9.503571428571428, "reusita": 100.0, "cnt": 28}, "LOGICA, ARGUMENTARE SI COMUNICARE": {"medie": 9.773809523809524, "reusita": 100.0, "cnt": 21}, "INFORMATICA MI C/C++": {"medie": 9.22272727272727, "reusita": 100.0, "cnt": 33}, "PSIHOLOGIE": {"medie": 9.55, "reusita": 100.0, "cnt": 1}, "CHIMIE ANORGANICA TEO NIVEL I/II": {"medie": 9.084999999999997, "reusita": 100.0, "cnt": 20}, "SOCIOLOGIE": {"medie": 10.0, "reusita": 100.0, "cnt": 3}, "ECONOMIE": {"medie": 9.0, "reusita": 100.0, "cnt": 1}, "INFORMATICA SN C/C++": {"medie": 9.4, "reusita": 100.0, "cnt": 3}}, "nume": "COLEGIUL NATIONAL \"ANDREI SAGUNA\" BRASOV\tBra\u0219ov"}