{"specializari": {"TEHNICIAN IN AUTOMATIZARI": 28, "TEHNICIAN DE TELECOMUNICATII": 21, "TEHNICIAN IN INSTALATII ELECTRICE": 27, "TEHNICIAN ELECTROTEHNIST": 23, "TEHNICIAN ELECTROMECANIC": 38, "MATEMATICA-INFORMATICA": 4, "TEHNICIAN ELECTRONIST": 6, "TEHNICIAN ENERGETICIAN": 2}, "limba_moderna": {"LIMBA ENGLEZA": 142, "LIMBA GERMANA MODERNA": 5, "LIMBA FRANCEZA": 2}, "limba_materna": {"LIMBA ROMANA": 149}, "promotie_anterioara": {"NU": 102, "DA": 47}, "materii": {"LIMBA ROMANA": {"medie": 6.179655172413792, "reusita": 93.28859060402685, "cnt": 149}, "MATEMATICA TEHN": {"medie": 5.307352941176468, "reusita": 69.6551724137931, "cnt": 145}, "BIOLOGIE VEGETALA SI ANIMALA": {"medie": 5.435080645161288, "reusita": 63.90977443609023, "cnt": 133}, "GENERAL": {"medie": 5.657246376811594, "reusita": 42.281879194630875, "cnt": 149}, "MATEMATICA MATE-INFO": {"medie": 3.8249999999999997, "reusita": 50.0, "cnt": 4}, "FIZICA TEH": {"medie": 6.229166666666667, "reusita": 83.33333333333334, "cnt": 12}, "INFORMATICA MI C/C++": {"medie": 5.0, "reusita": 100.0, "cnt": 1}, "CHIMIE ANORGANICA TEH NIVEL I/II": {"medie": 5.1, "reusita": 33.33333333333333, "cnt": 3}}, "nume": "COLEGIUL TEHNIC ENERGETIC SIBIU\tSibiu"}