{"specializari": {"MATEMATICA-INFORMATICA": 49, "STIINTE SOCIALE": 92, "STIINTE ALE NATURII": 28, "FILOLOGIE": 61}, "limba_moderna": {"LIMBA ENGLEZA": 221, "LIMBA FRANCEZA": 9}, "limba_materna": {"LIMBA ROMANA": 230}, "promotie_anterioara": {"NU": 201, "DA": 29}, "materii": {"LIMBA ROMANA": {"medie": 7.070960698689954, "reusita": 90.8695652173913, "cnt": 230}, "GENERAL": {"medie": 7.205385735080055, "reusita": 75.21739130434783, "cnt": 230}, "MATEMATICA MATE-INFO": {"medie": 8.11734693877551, "reusita": 91.83673469387756, "cnt": 49}, "ANATOMIE SI FIZIOLOGIE UMANA, GENETICA SI ECOLOGIE UMANA": {"medie": 8.169791666666669, "reusita": 93.75, "cnt": 48}, "ISTORIE": {"medie": 7.08125, "reusita": 89.54248366013073, "cnt": 153}, "GEOGRAFIE": {"medie": 7.304347826086956, "reusita": 87.68115942028986, "cnt": 138}, "FILOSOFIE": {"medie": 7.2, "reusita": 100.0, "cnt": 1}, "MATEMATICA ST-NAT": {"medie": 4.971428571428572, "reusita": 60.71428571428571, "cnt": 28}, "FIZICA TEO": {"medie": 7.408333333333332, "reusita": 100.0, "cnt": 6}, "CHIMIE ORGANICA TEO NIVEL I/II": {"medie": 9.7, "reusita": 100.0, "cnt": 2}, "LOGICA, ARGUMENTARE SI COMUNICARE": {"medie": 5.2, "reusita": 57.14285714285714, "cnt": 7}, "INFORMATICA MI C/C++": {"medie": 8.8, "reusita": 100.0, "cnt": 3}, "PSIHOLOGIE": {"medie": 7.124999999999999, "reusita": 100.0, "cnt": 6}, "CHIMIE ANORGANICA TEO NIVEL I/II": {"medie": 7.716666666666665, "reusita": 100.0, "cnt": 18}, "SOCIOLOGIE": {"medie": 9.1, "reusita": 100.0, "cnt": 1}}, "nume": "COLEGIUL NATIONAL \"EMIL BOTTA\" ADJUD\tVrancea"}