{"specializari": {"FILOLOGIE": 59, "STIINTE ALE NATURII": 30, "MATEMATICA-INFORMATICA": 121}, "limba_moderna": {"LIMBA ENGLEZA": 178, "LIMBA FRANCEZA": 31, "LIMBA GERMANA MODERNA": 1}, "limba_materna": {"LIMBA ROMANA": 210}, "promotie_anterioara": {"NU": 208, "DA": 2}, "materii": {"LIMBA ROMANA": {"medie": 8.410952380952377, "reusita": 100.0, "cnt": 210}, "BIOLOGIE VEGETALA SI ANIMALA": {"medie": 7.4, "reusita": 100.0, "cnt": 2}, "GENERAL": {"medie": 8.490793650793654, "reusita": 95.71428571428572, "cnt": 210}, "MATEMATICA MATE-INFO": {"medie": 7.982644628099174, "reusita": 96.69421487603306, "cnt": 121}, "ANATOMIE SI FIZIOLOGIE UMANA, GENETICA SI ECOLOGIE UMANA": {"medie": 8.966101694915253, "reusita": 100.0, "cnt": 59}, "ISTORIE": {"medie": 9.2228813559322, "reusita": 100.0, "cnt": 59}, "GEOGRAFIE": {"medie": 9.595, "reusita": 100.0, "cnt": 10}, "MATEMATICA ST-NAT": {"medie": 8.65, "reusita": 100.0, "cnt": 30}, "FIZICA TEO": {"medie": 8.142241379310347, "reusita": 94.82758620689656, "cnt": 58}, "CHIMIE ORGANICA TEO NIVEL I/II": {"medie": 8.820833333333333, "reusita": 100.0, "cnt": 12}, "LOGICA, ARGUMENTARE SI COMUNICARE": {"medie": 8.939130434782609, "reusita": 95.65217391304348, "cnt": 23}, "INFORMATICA MI C/C++": {"medie": 8.171052631578947, "reusita": 100.0, "cnt": 19}, "PSIHOLOGIE": {"medie": 8.93888888888889, "reusita": 100.0, "cnt": 9}, "CHIMIE ANORGANICA TEO NIVEL I/II": {"medie": 7.45, "reusita": 100.0, "cnt": 1}, "SOCIOLOGIE": {"medie": 8.825000000000001, "reusita": 100.0, "cnt": 12}, "ECONOMIE": {"medie": 8.169999999999998, "reusita": 100.0, "cnt": 5}}, "nume": "COLEGIUL NATIONAL \"MIHAI EMINESCU\"\tBucure\u0219ti"}