{"specializari": {"MATEMATICA-INFORMATICA": 79, "STIINTE ALE NATURII": 29, "STIINTE SOCIALE": 33}, "limba_moderna": {"LIMBA FRANCEZA": 29, "LIMBA ENGLEZA": 112}, "limba_materna": {"LIMBA ROMANA": 141}, "promotie_anterioara": {"NU": 136, "DA": 5}, "materii": {"LIMBA ROMANA": {"medie": 8.383687943262409, "reusita": 100.0, "cnt": 141}, "BIOLOGIE VEGETALA SI ANIMALA": {"medie": 8.462068965517243, "reusita": 100.0, "cnt": 29}, "GENERAL": {"medie": 8.369739952718676, "reusita": 97.16312056737588, "cnt": 141}, "MATEMATICA MATE-INFO": {"medie": 8.024683544303794, "reusita": 97.46835443037975, "cnt": 79}, "ANATOMIE SI FIZIOLOGIE UMANA, GENETICA SI ECOLOGIE UMANA": {"medie": 9.292857142857143, "reusita": 100.0, "cnt": 7}, "ISTORIE": {"medie": 9.104545454545454, "reusita": 100.0, "cnt": 33}, "GEOGRAFIE": {"medie": 8.822222222222223, "reusita": 100.0, "cnt": 18}, "MATEMATICA ST-NAT": {"medie": 7.94655172413793, "reusita": 100.0, "cnt": 29}, "FIZICA TEO": {"medie": 7.9449999999999985, "reusita": 100.0, "cnt": 10}, "CHIMIE ORGANICA TEO NIVEL I/II": {"medie": 8.48030303030303, "reusita": 100.0, "cnt": 33}, "LOGICA, ARGUMENTARE SI COMUNICARE": {"medie": 8.943333333333333, "reusita": 100.0, "cnt": 15}, "INFORMATICA MI C/C++": {"medie": 7.956896551724139, "reusita": 100.0, "cnt": 29}}, "nume": "COLEGIUL NATIONAL \"RADU NEGRU\" FAGARAS\tBra\u0219ov"}