{"specializari": {"MATEMATICA-INFORMATICA": 58, "STIINTE ALE NATURII": 60, "FILOLOGIE": 70, "STIINTE SOCIALE": 43}, "limba_moderna": {"LIMBA ENGLEZA": 192, "LIMBA FRANCEZA": 39}, "limba_materna": {"LIMBA ROMANA": 231}, "promotie_anterioara": {"NU": 216, "DA": 15}, "materii": {"LIMBA ROMANA": {"medie": 8.453508771929823, "reusita": 98.7012987012987, "cnt": 231}, "BIOLOGIE VEGETALA SI ANIMALA": {"medie": 7.325, "reusita": 100.0, "cnt": 2}, "GENERAL": {"medie": 8.20577485380117, "reusita": 87.87878787878788, "cnt": 231}, "MATEMATICA MATE-INFO": {"medie": 8.025862068965518, "reusita": 98.27586206896551, "cnt": 58}, "ANATOMIE SI FIZIOLOGIE UMANA, GENETICA SI ECOLOGIE UMANA": {"medie": 8.368309859154929, "reusita": 97.1830985915493, "cnt": 71}, "ISTORIE": {"medie": 7.7665178571428575, "reusita": 94.69026548672566, "cnt": 113}, "GEOGRAFIE": {"medie": 8.302564102564103, "reusita": 94.87179487179486, "cnt": 39}, "MATEMATICA ST-NAT": {"medie": 7.058474576271188, "reusita": 85.0, "cnt": 60}, "FIZICA TEO": {"medie": 8.81410256410256, "reusita": 100.0, "cnt": 39}, "LOGICA, ARGUMENTARE SI COMUNICARE": {"medie": 7.342307692307691, "reusita": 85.71428571428571, "cnt": 14}, "INFORMATICA MI C/C++": {"medie": 9.424999999999999, "reusita": 100.0, "cnt": 6}, "PSIHOLOGIE": {"medie": 9.033333333333333, "reusita": 100.0, "cnt": 3}, "SOCIOLOGIE": {"medie": 8.670588235294119, "reusita": 100.0, "cnt": 51}, "ECONOMIE": {"medie": 9.0, "reusita": 100.0, "cnt": 6}}, "nume": "COLEGIUL NATIONAL \"GIB MIHAESCU\" DRAGASANI\tV\u00e2lcea"}