{"specializari": {"TEHNICIAN IN TURISM": 33, "MATEMATICA-INFORMATICA": 2, "TEHNICIAN IN ACTIVITATI ECONOMICE": 98, "TEHNICIAN IN GASTRONOMIE": 11, "TEHNICIAN IN ACTIVITATI DE COMERT": 38, "TEHNICIAN IN ADMINISTRATIE": 2}, "limba_moderna": {"LIMBA ENGLEZA": 179, "LIMBA FRANCEZA": 4, "LIMBA RUSA": 1}, "limba_materna": {"LIMBA ROMANA": 184}, "promotie_anterioara": {"NU": 132, "DA": 52}, "materii": {"LIMBA ROMANA": {"medie": 6.583967391304348, "reusita": 96.73913043478261, "cnt": 184}, "MATEMATICA TEHN": {"medie": 5.921839080459768, "reusita": 74.72527472527473, "cnt": 182}, "GENERAL": {"medie": 6.682183908045974, "reusita": 66.30434782608695, "cnt": 184}, "MATEMATICA MATE-INFO": {"medie": 1.2, "reusita": 0.0, "cnt": 2}, "ANATOMIE SI FIZIOLOGIE UMANA, GENETICA SI ECOLOGIE UMANA": {"medie": 4.1, "reusita": 0.0, "cnt": 2}, "GEOGRAFIE": {"medie": 7.569407894736845, "reusita": 92.85714285714286, "cnt": 154}, "LOGICA, ARGUMENTARE SI COMUNICARE": {"medie": 7.299999999999999, "reusita": 85.71428571428571, "cnt": 7}, "PSIHOLOGIE": {"medie": 6.0, "reusita": 100.0, "cnt": 3}, "ECONOMIE": {"medie": 7.113888888888888, "reusita": 100.0, "cnt": 18}}, "nume": "COLEGIUL ECONOMIC \"ION GHICA\"\tBr\u0103ila"}