{"specializari": {"TEHNICIAN OPERATOR TEHNICA DE CALCUL": 23, "TEHNICIAN IN CHIMIE INDUSTRIALA": 1, "TEHNICIAN DE TELECOMUNICATII": 28, "TEHNICIAN PRELUCRARI MECANICE": 1, "TEHNICIAN ANALIZE PRODUSE ALIMENTARE": 45, "TEHNICIAN ECOLOG SI PROTECTIA CALITATII MEDIULUI": 43, "TEHNICIAN MECATRONIST": 3, "TEHNICIAN CHIMIST DE LABORATOR": 5, "TEHNICIAN DESIGNER VESTIMENTAR": 1, "STIINTE SOCIALE": 23, "TEHNICIAN DESENATOR PENTRU CONSTRUCTII SI INSTALATII": 1, "TEHNICIAN IN INDUSTRIA ALIMENTARA": 20}, "limba_moderna": {"LIMBA ENGLEZA": 175, "LIMBA FRANCEZA": 19}, "limba_materna": {"LIMBA ROMANA": 194}, "promotie_anterioara": {"DA": 57, "NU": 137}, "materii": {"LIMBA ROMANA": {"medie": 5.629894179894181, "reusita": 82.4742268041237, "cnt": 194}, "MATEMATICA TEHN": {"medie": 4.176729559748429, "reusita": 45.614035087719294, "cnt": 171}, "BIOLOGIE VEGETALA SI ANIMALA": {"medie": 4.9655555555555555, "reusita": 51.11111111111111, "cnt": 45}, "GENERAL": {"medie": 5.191957364341087, "reusita": 29.381443298969074, "cnt": 194}, "ANATOMIE SI FIZIOLOGIE UMANA, GENETICA SI ECOLOGIE UMANA": {"medie": 5.3805000000000005, "reusita": 54.20560747663551, "cnt": 107}, "FIZICA TEH": {"medie": 5.541176470588235, "reusita": 73.68421052631578, "cnt": 19}, "ISTORIE": {"medie": 7.064285714285714, "reusita": 86.95652173913044, "cnt": 23}, "GEOGRAFIE": {"medie": 7.3062499999999995, "reusita": 72.72727272727273, "cnt": 11}, "LOGICA, ARGUMENTARE SI COMUNICARE": {"medie": 6.35625, "reusita": 45.45454545454545, "cnt": 11}, "PSIHOLOGIE": {"medie": 6.6, "reusita": 100.0, "cnt": 1}}, "nume": "COLEGIUL TEHNIC \"GHEORGHE CARTIANU\", MUNICIPIUL PIATRA-NEAMT\tNeam\u021b"}