{"specializari": {"TEHNICIAN IN HOTELARIE": 59, "TEHNICIAN ANALIZE PRODUSE ALIMENTARE": 27, "TEHNICIAN IN AUTOMATIZARI": 10, "TEHNICIAN IN INDUSTRIA ALIMENTARA": 25, "TEHNICIAN ECOLOG SI PROTECTIA CALITATII MEDIULUI": 24, "STIINTE SOCIALE": 42, "TEHNICIAN IN ACTIVITATI ECONOMICE": 39, "TEHNICIAN MECANIC PENTRU INTRETINERE SI REPARATII": 12, "TEHNICIAN IN SILVICULTURA SI EXPLOATARI FORESTIERE": 20, "TEHNICIAN IN CONSTRUCTII SI LUCRARI PUBLICE": 8, "TEHNICIAN IN AGROTURISM": 4, "MATEMATICA-INFORMATICA": 32, "TEHNICIAN VETERINAR": 5, "TEHNICIAN OPERATOR TEHNICA DE CALCUL": 1}, "limba_moderna": {"LIMBA ENGLEZA": 244, "LIMBA FRANCEZA": 64}, "limba_materna": {"LIMBA ROMANA": 308}, "promotie_anterioara": {"NU": 240, "DA": 68}, "materii": {"LIMBA ROMANA": {"medie": 5.950170648464157, "reusita": 75.97402597402598, "cnt": 308}, "MATEMATICA TEHN": {"medie": 3.466363636363636, "reusita": 32.47863247863248, "cnt": 234}, "BIOLOGIE VEGETALA SI ANIMALA": {"medie": 3.377272727272727, "reusita": 25.71428571428571, "cnt": 35}, "GENERAL": {"medie": 5.259633569739955, "reusita": 32.7922077922078, "cnt": 308}, "MATEMATICA MATE-INFO": {"medie": 4.2283333333333335, "reusita": 50.0, "cnt": 32}, "ANATOMIE SI FIZIOLOGIE UMANA, GENETICA SI ECOLOGIE UMANA": {"medie": 4.608333333333334, "reusita": 40.476190476190474, "cnt": 126}, "FIZICA TEH": {"medie": 2.5999999999999996, "reusita": 0.0, "cnt": 2}, "ISTORIE": {"medie": 6.9474358974358985, "reusita": 85.71428571428571, "cnt": 42}, "GEOGRAFIE": {"medie": 7.511176470588238, "reusita": 85.86956521739131, "cnt": 92}, "LOGICA, ARGUMENTARE SI COMUNICARE": {"medie": 6.8426829268292675, "reusita": 79.06976744186046, "cnt": 43}, "INFORMATICA MI C/C++": {"medie": 7.083333333333333, "reusita": 100.0, "cnt": 3}, "PSIHOLOGIE": {"medie": 8.575, "reusita": 100.0, "cnt": 4}, "ECONOMIE": {"medie": "-", "reusita": 0.0, "cnt": 1}, "CHIMIE ANORGANICA TEH NIVEL I/II": {"medie": 4.825, "reusita": 50.0, "cnt": 2}}, "nume": "COLEGIUL \"VASILE LOVINESCU\" FALTICENI\tSuceava"}