{"specializari": {"TEHNICIAN MECANIC PENTRU INTRETINERE SI REPARATII": 21, "TEHNICIAN ELECTROTEHNIST": 17, "TEHNICIAN INSTALATOR PENTRU CONSTRUCTII": 15, "TEHNICIAN DESENATOR PENTRU CONSTRUCTII SI INSTALATII": 21, "LICEU CU PROGRAM SPORTIV": 69, "TEHNICIAN ECOLOG SI PROTECTIA CALITATII MEDIULUI": 6, "TEHNICIAN MECATRONIST": 4, "TEHNICIAN IN CONSTRUCTII SI LUCRARI PUBLICE": 10}, "limba_moderna": {"LIMBA ENGLEZA": 159, "LIMBA FRANCEZA": 4}, "limba_materna": {"LIMBA ROMANA": 163}, "promotie_anterioara": {"NU": 56, "DA": 107}, "materii": {"LIMBA ROMANA": {"medie": 5.657187500000001, "reusita": 82.20858895705521, "cnt": 163}, "MATEMATICA TEHN": {"medie": 3.6598837209302353, "reusita": 38.297872340425535, "cnt": 94}, "BIOLOGIE VEGETALA SI ANIMALA": {"medie": 3.892307692307691, "reusita": 30.0, "cnt": 70}, "GENERAL": {"medie": 5.34724061810155, "reusita": 30.061349693251532, "cnt": 163}, "ANATOMIE SI FIZIOLOGIE UMANA, GENETICA SI ECOLOGIE UMANA": {"medie": 6.9, "reusita": 100.0, "cnt": 2}, "FIZICA TEH": {"medie": 3.3466666666666662, "reusita": 25.0, "cnt": 16}, "ISTORIE": {"medie": 6.883088235294117, "reusita": 94.20289855072464, "cnt": 69}, "GEOGRAFIE": {"medie": 7.1375, "reusita": 87.5, "cnt": 48}, "LOGICA, ARGUMENTARE SI COMUNICARE": {"medie": 6.646666666666666, "reusita": 73.33333333333333, "cnt": 15}, "PSIHOLOGIE": {"medie": 6.65, "reusita": 100.0, "cnt": 5}, "ECONOMIE": {"medie": 3.9, "reusita": 0.0, "cnt": 1}, "CHIMIE ANORGANICA TEH NIVEL I/II": {"medie": 3.2300000000000004, "reusita": 0.0, "cnt": 5}, "CHIMIE ORGANICA TEH NIVEL I/II": {"medie": "-", "reusita": 0.0, "cnt": 1}}, "nume": "COLEGIUL TEHNIC \"ANGHEL SALIGNY\"\tBucure\u0219ti"}