{"specializari": {"STIINTE ALE NATURII": 61, "FILOLOGIE": 37, "MATEMATICA-INFORMATICA": 109}, "limba_moderna": {"LIMBA ENGLEZA": 200, "LIMBA FRANCEZA": 7}, "limba_materna": {"LIMBA ROMANA": 207}, "promotie_anterioara": {"NU": 207}, "materii": {"LIMBA ROMANA": {"medie": 8.781159420289857, "reusita": 100.0, "cnt": 207}, "BIOLOGIE VEGETALA SI ANIMALA": {"medie": 8.9, "reusita": 100.0, "cnt": 1}, "GENERAL": {"medie": 8.739565217391306, "reusita": 98.06763285024155, "cnt": 207}, "MATEMATICA MATE-INFO": {"medie": 8.53119266055046, "reusita": 99.08256880733946, "cnt": 109}, "ANATOMIE SI FIZIOLOGIE UMANA, GENETICA SI ECOLOGIE UMANA": {"medie": 8.857142857142858, "reusita": 98.80952380952381, "cnt": 84}, "ISTORIE": {"medie": 9.277027027027026, "reusita": 100.0, "cnt": 37}, "GEOGRAFIE": {"medie": 9.684375, "reusita": 100.0, "cnt": 16}, "MATEMATICA ST-NAT": {"medie": 7.542622950819672, "reusita": 96.72131147540983, "cnt": 61}, "FIZICA TEO": {"medie": 9.404137931034484, "reusita": 100.0, "cnt": 29}, "CHIMIE ORGANICA TEO NIVEL I/II": {"medie": 9.320833333333333, "reusita": 100.0, "cnt": 12}, "LOGICA, ARGUMENTARE SI COMUNICARE": {"medie": 9.1, "reusita": 100.0, "cnt": 1}, "INFORMATICA MI C/C++": {"medie": 8.832954545454545, "reusita": 100.0, "cnt": 44}, "PSIHOLOGIE": {"medie": 9.52, "reusita": 100.0, "cnt": 5}, "SOCIOLOGIE": {"medie": 9.213636363636363, "reusita": 100.0, "cnt": 11}, "ECONOMIE": {"medie": 9.3, "reusita": 100.0, "cnt": 4}}, "nume": "COLEGIUL NATIONAL \"TUDOR VLADIMIRESCU\" TG-JIU\tGorj"}