{"specializari": {"TEHNICIAN IN INDUSTRIA ALIMENTARA": 18, "TEHNICIAN IN GASTRONOMIE": 23, "TEHNICIAN ANALIZE PRODUSE ALIMENTARE": 21}, "limba_moderna": {"LIMBA ENGLEZA": 61, "LIMBA FRANCEZA": 1}, "limba_materna": {"LIMBA ROMANA": 62}, "promotie_anterioara": {"DA": 22, "NU": 40}, "materii": {"LIMBA ROMANA": {"medie": 6.135245901639343, "reusita": 91.93548387096774, "cnt": 62}, "MATEMATICA TEHN": {"medie": 5.273333333333334, "reusita": 66.12903225806451, "cnt": 62}, "BIOLOGIE VEGETALA SI ANIMALA": {"medie": 4.64375, "reusita": 50.0, "cnt": 8}, "GENERAL": {"medie": 5.941111111111113, "reusita": 50.0, "cnt": 62}, "ANATOMIE SI FIZIOLOGIE UMANA, GENETICA SI ECOLOGIE UMANA": {"medie": 6.165217391304348, "reusita": 76.0, "cnt": 25}, "GEOGRAFIE": {"medie": 7.60952380952381, "reusita": 100.0, "cnt": 21}, "LOGICA, ARGUMENTARE SI COMUNICARE": {"medie": 7.525, "reusita": 100.0, "cnt": 2}, "CHIMIE ANORGANICA TEH NIVEL I/II": {"medie": 4.4750000000000005, "reusita": 33.33333333333333, "cnt": 6}}, "nume": "COLEGIUL TEHNIC \"RALUCA RIPAN\" CLUJ-NAPOCA\tCluj"}