{"specializari": {"FILOLOGIE": 31, "MATEMATICA-INFORMATICA": 90, "STIINTE ALE NATURII": 58, "STIINTE SOCIALE": 30}, "limba_moderna": {"LIMBA ENGLEZA": 200, "LIMBA GERMANA MODERNA": 6, "LIMBA FRANCEZA": 3}, "limba_materna": {"LIMBA ROMANA": 209}, "promotie_anterioara": {"DA": 2, "NU": 207}, "materii": {"LIMBA ROMANA": {"medie": 8.925358851674643, "reusita": 100.0, "cnt": 209}, "BIOLOGIE VEGETALA SI ANIMALA": {"medie": 9.156250000000002, "reusita": 100.0, "cnt": 16}, "GENERAL": {"medie": 9.020494417862846, "reusita": 99.52153110047847, "cnt": 209}, "MATEMATICA MATE-INFO": {"medie": 8.887777777777776, "reusita": 98.88888888888889, "cnt": 90}, "ANATOMIE SI FIZIOLOGIE UMANA, GENETICA SI ECOLOGIE UMANA": {"medie": 9.607594936708859, "reusita": 100.0, "cnt": 79}, "ISTORIE": {"medie": 9.398360655737706, "reusita": 100.0, "cnt": 61}, "GEOGRAFIE": {"medie": 9.766666666666667, "reusita": 100.0, "cnt": 9}, "MATEMATICA ST-NAT": {"medie": 8.613793103448277, "reusita": 100.0, "cnt": 58}, "FIZICA TEO": {"medie": 9.524999999999999, "reusita": 100.0, "cnt": 2}, "CHIMIE ORGANICA TEO NIVEL I/II": {"medie": 9.366666666666667, "reusita": 100.0, "cnt": 6}, "LOGICA, ARGUMENTARE SI COMUNICARE": {"medie": 9.716666666666667, "reusita": 100.0, "cnt": 3}, "INFORMATICA MI C/C++": {"medie": 8.669767441860463, "reusita": 100.0, "cnt": 43}, "CHIMIE ANORGANICA TEO NIVEL I/II": {"medie": 9.475000000000001, "reusita": 100.0, "cnt": 2}, "SOCIOLOGIE": {"medie": 8.760416666666668, "reusita": 100.0, "cnt": 48}, "ECONOMIE": {"medie": 7.6, "reusita": 100.0, "cnt": 1}}, "nume": "COLEGIUL NATIONAL \"CONSTANTIN DIACONOVICI LOGA\" TIMISOARA\tTimi\u0219"}