{"specializari": {"MATEMATICA-INFORMATICA": 82, "FILOLOGIE": 55, "STIINTE ALE NATURII": 32, "STIINTE SOCIALE": 36}, "limba_moderna": {"LIMBA ENGLEZA": 183, "LIMBA FRANCEZA": 20, "LIMBA GERMANA MODERNA": 2}, "limba_materna": {"LIMBA ROMANA": 205}, "promotie_anterioara": {"NU": 203, "DA": 2}, "materii": {"LIMBA ROMANA": {"medie": 8.67975609756098, "reusita": 100.0, "cnt": 205}, "BIOLOGIE VEGETALA SI ANIMALA": {"medie": 9.217741935483874, "reusita": 100.0, "cnt": 31}, "GENERAL": {"medie": 8.954308943089426, "reusita": 99.02439024390245, "cnt": 205}, "MATEMATICA MATE-INFO": {"medie": 8.472560975609753, "reusita": 98.78048780487805, "cnt": 82}, "ANATOMIE SI FIZIOLOGIE UMANA, GENETICA SI ECOLOGIE UMANA": {"medie": 9.542, "reusita": 100.0, "cnt": 25}, "ISTORIE": {"medie": 9.40659340659341, "reusita": 100.0, "cnt": 91}, "GEOGRAFIE": {"medie": 9.093103448275864, "reusita": 100.0, "cnt": 29}, "MATEMATICA ST-NAT": {"medie": 8.862499999999997, "reusita": 100.0, "cnt": 32}, "FIZICA TEO": {"medie": 7.530000000000001, "reusita": 100.0, "cnt": 5}, "CHIMIE ORGANICA TEO NIVEL I/II": {"medie": 9.442857142857141, "reusita": 100.0, "cnt": 7}, "LOGICA, ARGUMENTARE SI COMUNICARE": {"medie": 9.380701754385964, "reusita": 100.0, "cnt": 57}, "INFORMATICA MI C/C++": {"medie": 9.131521739130434, "reusita": 100.0, "cnt": 46}, "PSIHOLOGIE": {"medie": 9.3, "reusita": 100.0, "cnt": 1}, "SOCIOLOGIE": {"medie": 9.333333333333334, "reusita": 100.0, "cnt": 3}, "ECONOMIE": {"medie": 9.4, "reusita": 100.0, "cnt": 1}}, "nume": "COLEGIUL NATIONAL \"HOREA CLOSCA SI CRISAN\" ALBA IULIA\tAlba"}