{"specializari": {"TEHNICIAN IN ACTIVITATI ECONOMICE": 25, "TEHNICIAN IN HOTELARIE": 6, "TEHNICIAN IN INDUSTRIA ALIMENTARA": 15, "TEHNICIAN IN TURISM": 18, "TEHNICIAN IN ACTIVITATI DE COMERT": 5, "TEHNICIAN IN ACHIZITII SI CONTRACTARI": 1, "ORGANIZATOR BANQUETING": 3, "TEHNICIAN IN GASTRONOMIE": 2, "TEHNICIAN IN MORARIT, PANIFICATIE SI PRODUSE FAINOASE": 1}, "limba_moderna": {"LIMBA ENGLEZA": 75, "LIMBA FRANCEZA": 1}, "limba_materna": {"LIMBA ROMANA": 76}, "promotie_anterioara": {"NU": 50, "DA": 26}, "materii": {"LIMBA ROMANA": {"medie": 5.9013698630136995, "reusita": 82.89473684210526, "cnt": 76}, "MATEMATICA TEHN": {"medie": 4.908955223880596, "reusita": 57.89473684210527, "cnt": 76}, "BIOLOGIE VEGETALA SI ANIMALA": {"medie": 3.3649999999999998, "reusita": 30.0, "cnt": 10}, "GENERAL": {"medie": 5.822307692307693, "reusita": 39.473684210526315, "cnt": 76}, "ANATOMIE SI FIZIOLOGIE UMANA, GENETICA SI ECOLOGIE UMANA": {"medie": 4.508333333333334, "reusita": 50.0, "cnt": 6}, "GEOGRAFIE": {"medie": 7.030555555555555, "reusita": 81.35593220338984, "cnt": 59}, "PSIHOLOGIE": {"medie": 10.0, "reusita": 100.0, "cnt": 1}}, "nume": "COLEGIUL ECONOMIC AL BANATULUI MONTAN RESITA\tCara\u0219-Severin"}