{"specializari": {"STIINTE ALE NATURII": 60, "FILOLOGIE": 28, "MATEMATICA-INFORMATICA": 114, "STIINTE SOCIALE": 62}, "limba_moderna": {"LIMBA ENGLEZA": 217, "LIMBA FRANCEZA": 29, "LIMBA GERMANA MODERNA": 14, "LIMBA SPANIOLA": 4}, "limba_materna": {"LIMBA ROMANA": 264}, "promotie_anterioara": {"NU": 263, "DA": 1}, "materii": {"LIMBA ROMANA": {"medie": 8.929545454545455, "reusita": 100.0, "cnt": 264}, "GENERAL": {"medie": 9.115656565656565, "reusita": 99.62121212121212, "cnt": 264}, "MATEMATICA MATE-INFO": {"medie": 9.072368421052635, "reusita": 100.0, "cnt": 114}, "ANATOMIE SI FIZIOLOGIE UMANA, GENETICA SI ECOLOGIE UMANA": {"medie": 9.63571428571428, "reusita": 100.0, "cnt": 91}, "ISTORIE": {"medie": 9.291111111111114, "reusita": 100.0, "cnt": 90}, "GEOGRAFIE": {"medie": 9.36551724137931, "reusita": 100.0, "cnt": 29}, "MATEMATICA ST-NAT": {"medie": 8.890000000000002, "reusita": 100.0, "cnt": 60}, "FIZICA TEO": {"medie": 9.552, "reusita": 100.0, "cnt": 25}, "CHIMIE ORGANICA TEO NIVEL I/II": {"medie": 9.2375, "reusita": 100.0, "cnt": 8}, "LOGICA, ARGUMENTARE SI COMUNICARE": {"medie": 9.151282051282053, "reusita": 100.0, "cnt": 39}, "INFORMATICA MI C/C++": {"medie": 9.038541666666669, "reusita": 100.0, "cnt": 48}, "PSIHOLOGIE": {"medie": 8.700000000000001, "reusita": 100.0, "cnt": 6}, "CHIMIE ANORGANICA TEO NIVEL I/II": {"medie": 9.5, "reusita": 100.0, "cnt": 1}, "SOCIOLOGIE": {"medie": 8.776923076923076, "reusita": 100.0, "cnt": 13}, "ECONOMIE": {"medie": 7.416666666666667, "reusita": 100.0, "cnt": 3}, "INFORMATICA SN C/C++": {"medie": 8.4, "reusita": 100.0, "cnt": 1}}, "nume": "COLEGIUL NATIONAL \"PETRU RARES\" SUCEAVA\tSuceava"}