{"specializari": {"TEHNICIAN IN ACTIVITATI ECONOMICE": 90, "TEHNICIAN IN TURISM": 22, "TEHNICIAN IN GASTRONOMIE": 23, "MATEMATICA-INFORMATICA": 24, "TEHNICIAN IN ACTIVITATI DE COMERT": 1}, "limba_moderna": {"LIMBA ENGLEZA": 160}, "limba_materna": {"LIMBA ROMANA": 160}, "promotie_anterioara": {"NU": 130, "DA": 30}, "materii": {"LIMBA ROMANA": {"medie": 6.5234375, "reusita": 90.625, "cnt": 160}, "MATEMATICA TEHN": {"medie": 5.03609022556391, "reusita": 58.08823529411765, "cnt": 136}, "BIOLOGIE VEGETALA SI ANIMALA": {"medie": 6.797058823529412, "reusita": 82.35294117647058, "cnt": 17}, "GENERAL": {"medie": 6.221549893842885, "reusita": 53.125, "cnt": 160}, "MATEMATICA MATE-INFO": {"medie": 5.520833333333333, "reusita": 66.66666666666666, "cnt": 24}, "GEOGRAFIE": {"medie": 7.493258426966291, "reusita": 91.01123595505618, "cnt": 89}, "INFORMATICA MI PASCAL": {"medie": 5.358333333333333, "reusita": 100.0, "cnt": 6}, "FIZICA TEO": {"medie": 3.7, "reusita": 0.0, "cnt": 1}, "LOGICA, ARGUMENTARE SI COMUNICARE": {"medie": 9.7, "reusita": 100.0, "cnt": 1}, "PSIHOLOGIE": {"medie": 6.315789473684212, "reusita": 86.8421052631579, "cnt": 38}, "ECONOMIE": {"medie": 6.46875, "reusita": 87.5, "cnt": 8}}, "nume": "COLEGIUL ECONOMIC CALARASI\tC\u0103l\u0103ra\u0219i"}