{"specializari": {"STIINTE SOCIALE": 64, "MATEMATICA-INFORMATICA": 87, "STIINTE ALE NATURII": 57, "FILOLOGIE": 64}, "limba_moderna": {"LIMBA ENGLEZA": 254, "LIMBA FRANCEZA": 18}, "limba_materna": {"LIMBA ROMANA": 272}, "promotie_anterioara": {"NU": 266, "DA": 6}, "materii": {"LIMBA ROMANA": {"medie": 8.525925925925923, "reusita": 98.89705882352942, "cnt": 272}, "GENERAL": {"medie": 8.75561728395062, "reusita": 95.22058823529412, "cnt": 272}, "MATEMATICA MATE-INFO": {"medie": 8.751724137931031, "reusita": 100.0, "cnt": 87}, "ANATOMIE SI FIZIOLOGIE UMANA, GENETICA SI ECOLOGIE UMANA": {"medie": 9.079069767441862, "reusita": 97.72727272727273, "cnt": 44}, "ISTORIE": {"medie": 9.166141732283469, "reusita": 99.21875, "cnt": 128}, "GEOGRAFIE": {"medie": 9.19519230769231, "reusita": 98.07692307692307, "cnt": 52}, "FILOSOFIE": {"medie": 8.790000000000001, "reusita": 100.0, "cnt": 5}, "MATEMATICA ST-NAT": {"medie": 8.189285714285713, "reusita": 98.24561403508771, "cnt": 57}, "FIZICA TEO": {"medie": 7.915789473684212, "reusita": 89.47368421052632, "cnt": 19}, "CHIMIE ORGANICA TEO NIVEL I/II": {"medie": 9.345833333333333, "reusita": 100.0, "cnt": 12}, "LOGICA, ARGUMENTARE SI COMUNICARE": {"medie": 8.966666666666667, "reusita": 100.0, "cnt": 3}, "INFORMATICA MI C/C++": {"medie": 8.777272727272727, "reusita": 95.45454545454545, "cnt": 66}, "PSIHOLOGIE": {"medie": 8.278571428571428, "reusita": 87.5, "cnt": 8}, "SOCIOLOGIE": {"medie": 8.963559322033898, "reusita": 100.0, "cnt": 59}, "ECONOMIE": {"medie": 9.05, "reusita": 100.0, "cnt": 1}, "INFORMATICA SN C/C++": {"medie": 9.616666666666667, "reusita": 100.0, "cnt": 3}}, "nume": "COLEGIUL NATIONAL \"ROMAN VODA\", MUNICIPIUL ROMAN\tNeam\u021b"}