{"specializari": {"MATEMATICA-INFORMATICA": 123}, "limba_moderna": {"LIMBA ENGLEZA": 123}, "limba_materna": {"LIMBA ROMANA": 123}, "promotie_anterioara": {"DA": 1, "NU": 122}, "materii": {"LIMBA ROMANA": {"medie": 8.934146341463418, "reusita": 100.0, "cnt": 123}, "BIOLOGIE VEGETALA SI ANIMALA": {"medie": 8.794999999999998, "reusita": 95.0, "cnt": 20}, "GENERAL": {"medie": 8.874254742547427, "reusita": 98.3739837398374, "cnt": 123}, "MATEMATICA MATE-INFO": {"medie": 8.740650406504065, "reusita": 99.1869918699187, "cnt": 123}, "ANATOMIE SI FIZIOLOGIE UMANA, GENETICA SI ECOLOGIE UMANA": {"medie": 5.0, "reusita": 100.0, "cnt": 1}, "FIZICA TEO": {"medie": 9.107647058823531, "reusita": 100.0, "cnt": 85}, "CHIMIE ORGANICA TEO NIVEL I/II": {"medie": 9.2125, "reusita": 100.0, "cnt": 4}, "INFORMATICA MI C/C++": {"medie": 8.318181818181818, "reusita": 100.0, "cnt": 11}, "CHIMIE ANORGANICA TEO NIVEL I/II": {"medie": 8.600000000000001, "reusita": 100.0, "cnt": 2}}, "nume": "COLEGIUL NATIONAL MILITAR \"DIMITRIE CANTEMIR\" BREAZA\tPrahova"}