{"specializari": {"STIINTE ALE NATURII": 16, "TEHNICIAN ECOLOG SI PROTECTIA CALITATII MEDIULUI": 27, "TEHNICIAN PROIECTANT CAD": 25, "TEHNICIAN IN INSTALATII ELECTRICE": 5, "TEHNICIAN ELECTROMECANIC": 12, "TEHNICIAN TRANSPORTURI": 7, "TEHNICIAN PRELUCRARI MECANICE": 7, "TEHNICIAN MECATRONIST": 1, "TEHNICIAN ELECTROTEHNIST": 2, "TEHNICIAN METROLOG": 6, "TEHNICIAN OPERATOR TEHNICA DE CALCUL": 1}, "limba_moderna": {"LIMBA ENGLEZA": 107, "LIMBA FRANCEZA": 2}, "limba_materna": {"LIMBA ROMANA": 109}, "promotie_anterioara": {"NU": 38, "DA": 71}, "materii": {"LIMBA ROMANA": {"medie": 5.302020202020202, "reusita": 70.64220183486239, "cnt": 109}, "MATEMATICA TEHN": {"medie": 3.53125, "reusita": 39.784946236559136, "cnt": 93}, "BIOLOGIE VEGETALA SI ANIMALA": {"medie": 4.641428571428572, "reusita": 40.476190476190474, "cnt": 42}, "GENERAL": {"medie": 4.635740740740743, "reusita": 13.761467889908257, "cnt": 109}, "ANATOMIE SI FIZIOLOGIE UMANA, GENETICA SI ECOLOGIE UMANA": {"medie": 6.256578947368422, "reusita": 75.60975609756098, "cnt": 41}, "FIZICA TEH": {"medie": 2.9291666666666667, "reusita": 16.666666666666664, "cnt": 18}, "MATEMATICA ST-NAT": {"medie": 3.5625, "reusita": 25.0, "cnt": 16}, "CHIMIE ANORGANICA TEO NIVEL I/II": {"medie": 8.5, "reusita": 100.0, "cnt": 1}, "CHIMIE ANORGANICA TEH NIVEL I/II": {"medie": 2.3299999999999996, "reusita": 20.0, "cnt": 5}, "CHIMIE ORGANICA TEH NIVEL I/II": {"medie": 2.4, "reusita": 0.0, "cnt": 2}}, "nume": "COLEGIUL TEHNIC \"CAROL I\"\tBucure\u0219ti"}