{"specializari": {"FILOLOGIE": 58, "STIINTE ALE NATURII": 63, "STIINTE SOCIALE": 30, "MATEMATICA-INFORMATICA": 60}, "limba_moderna": {"LIMBA ENGLEZA": 135, "LIMBA FRANCEZA": 76}, "limba_materna": {"LIMBA ROMANA": 211}, "promotie_anterioara": {"NU": 209, "DA": 2}, "materii": {"LIMBA ROMANA": {"medie": 8.92464454976303, "reusita": 100.0, "cnt": 211}, "BIOLOGIE VEGETALA SI ANIMALA": {"medie": 8.845652173913043, "reusita": 95.65217391304348, "cnt": 23}, "GENERAL": {"medie": 8.958451816745656, "reusita": 97.6303317535545, "cnt": 211}, "MATEMATICA MATE-INFO": {"medie": 8.581666666666667, "reusita": 96.66666666666667, "cnt": 60}, "ANATOMIE SI FIZIOLOGIE UMANA, GENETICA SI ECOLOGIE UMANA": {"medie": 9.188636363636364, "reusita": 100.0, "cnt": 22}, "ISTORIE": {"medie": 9.18522727272727, "reusita": 100.0, "cnt": 88}, "GEOGRAFIE": {"medie": 9.4, "reusita": 100.0, "cnt": 2}, "MATEMATICA ST-NAT": {"medie": 8.922222222222224, "reusita": 100.0, "cnt": 63}, "FIZICA TEO": {"medie": 8.670588235294115, "reusita": 97.05882352941177, "cnt": 34}, "CHIMIE ORGANICA TEO NIVEL I/II": {"medie": 9.183333333333334, "reusita": 100.0, "cnt": 27}, "LOGICA, ARGUMENTARE SI COMUNICARE": {"medie": 9.254729729729728, "reusita": 98.64864864864865, "cnt": 74}, "INFORMATICA MI C/C++": {"medie": 8.849999999999998, "reusita": 100.0, "cnt": 14}, "PSIHOLOGIE": {"medie": 8.985714285714286, "reusita": 100.0, "cnt": 7}, "CHIMIE ANORGANICA TEO NIVEL I/II": {"medie": 7.425000000000001, "reusita": 100.0, "cnt": 2}, "ECONOMIE": {"medie": 8.16, "reusita": 100.0, "cnt": 5}, "INFORMATICA SN C/C++": {"medie": 7.85, "reusita": 100.0, "cnt": 1}}, "nume": "COLEGIUL NATIONAL \"ALEXANDRU IOAN CUZA\", MUNICIPIUL PLOIESTI\tPrahova"}