{"specializari": {"MATEMATICA-INFORMATICA": 136, "FILOLOGIE": 35, "STIINTE ALE NATURII": 62}, "limba_moderna": {"LIMBA ENGLEZA": 214, "LIMBA GERMANA MODERNA": 17, "LIMBA FRANCEZA": 2}, "limba_materna": {"LIMBA ROMANA": 177, "LIMBA MAGHIARA": 56}, "promotie_anterioara": {"NU": 233}, "materii": {"LIMBA ROMANA": {"medie": 8.763948497854077, "reusita": 100.0, "cnt": 233}, "GENERAL": {"medie": 8.840486409155936, "reusita": 97.42489270386267, "cnt": 233}, "MATEMATICA MATE-INFO": {"medie": 8.428308823529408, "reusita": 97.79411764705883, "cnt": 136}, "ANATOMIE SI FIZIOLOGIE UMANA, GENETICA SI ECOLOGIE UMANA": {"medie": 9.296400000000002, "reusita": 100.0, "cnt": 125}, "ISTORIE": {"medie": 9.659999999999998, "reusita": 100.0, "cnt": 35}, "GEOGRAFIE": {"medie": 9.715, "reusita": 100.0, "cnt": 10}, "LIMBA MAGHIARA (REAL)": {"medie": 8.945535714285711, "reusita": 100.0, "cnt": 56}, "MATEMATICA ST-NAT": {"medie": 7.9975806451612925, "reusita": 96.7741935483871, "cnt": 62}, "FIZICA TEO": {"medie": 8.992307692307694, "reusita": 100.0, "cnt": 13}, "CHIMIE ORGANICA TEO NIVEL I/II": {"medie": 8.885000000000002, "reusita": 100.0, "cnt": 10}, "LOGICA, ARGUMENTARE SI COMUNICARE": {"medie": 9.65, "reusita": 100.0, "cnt": 6}, "INFORMATICA MI C/C++": {"medie": 8.607291666666663, "reusita": 100.0, "cnt": 48}, "PSIHOLOGIE": {"medie": 9.424999999999999, "reusita": 100.0, "cnt": 4}, "CHIMIE ANORGANICA TEO NIVEL I/II": {"medie": 9.35, "reusita": 100.0, "cnt": 2}, "SOCIOLOGIE": {"medie": 9.034615384615384, "reusita": 100.0, "cnt": 13}, "ECONOMIE": {"medie": 8.125, "reusita": 100.0, "cnt": 2}}, "nume": "COLEGIUL NATIONAL \"SILVANIA\" ZALAU\tS\u0103laj"}