{"specializari": {"TEHNICIAN PROIECTANT CAD": 29, "TEHNICIAN OPERATOR TEHNICA DE CALCUL": 11, "TEHNICIAN IN TURISM": 1, "STIINTE ALE NATURII": 34, "TEHNICIAN ELECTRICIAN/ELECTRONIST AUTO": 36, "TEHNICIAN ELECTROMECANIC": 2, "MATEMATICA-INFORMATICA": 2, "TEHNICIAN IN ACHIZITII SI CONTRACTARI": 33, "TEHNICIAN IN ACTIVITATI ECONOMICE": 32, "TEHNICIAN IN ACTIVITATI DE COMERT": 31, "TEHNICIAN IN ADMINISTRATIE": 1, "TEHNICIAN IN INSTALATII ELECTRICE": 1, "TEHNICIAN PRELUCRARI MECANICE": 3, "TEHNICIAN TRANSPORTURI": 6, "TEHNICIAN IN PRELUCRAREA LEMNULUI": 1, "TEHNICIAN MECATRONIST": 1}, "limba_moderna": {"LIMBA ENGLEZA": 169, "LIMBA FRANCEZA": 55}, "limba_materna": {"LIMBA ROMANA": 224}, "promotie_anterioara": {"NU": 172, "DA": 52}, "materii": {"LIMBA ROMANA": {"medie": 6.697272727272729, "reusita": 90.17857142857143, "cnt": 224}, "MATEMATICA TEHN": {"medie": 5.563661202185789, "reusita": 69.68085106382979, "cnt": 188}, "BIOLOGIE VEGETALA SI ANIMALA": {"medie": 4.515000000000001, "reusita": 41.53846153846154, "cnt": 65}, "GENERAL": {"medie": 6.246666666666665, "reusita": 52.23214285714286, "cnt": 224}, "MATEMATICA MATE-INFO": {"medie": 1.85, "reusita": 0.0, "cnt": 2}, "ANATOMIE SI FIZIOLOGIE UMANA, GENETICA SI ECOLOGIE UMANA": {"medie": 7.1448275862068975, "reusita": 86.66666666666667, "cnt": 30}, "FIZICA TEH": {"medie": 8.233333333333334, "reusita": 100.0, "cnt": 3}, "GEOGRAFIE": {"medie": 7.933928571428572, "reusita": 98.24561403508771, "cnt": 57}, "MATEMATICA ST-NAT": {"medie": 5.588235294117648, "reusita": 70.58823529411765, "cnt": 34}, "FIZICA TEO": {"medie": 6.75, "reusita": 66.66666666666666, "cnt": 3}, "LOGICA, ARGUMENTARE SI COMUNICARE": {"medie": 7.534999999999999, "reusita": 95.0, "cnt": 40}, "PSIHOLOGIE": {"medie": 8.8, "reusita": 100.0, "cnt": 1}, "CHIMIE ANORGANICA TEO NIVEL I/II": {"medie": 8.1, "reusita": 100.0, "cnt": 1}, "CHIMIE ANORGANICA TEH NIVEL I/II": {"medie": 4.493181818181818, "reusita": 41.66666666666667, "cnt": 24}}, "nume": "COLEGIUL TEHNIC DE CAI FERATE \"UNIREA\", PASCANI\tIa\u0219i"}