{"specializari": {"MATEMATICA-INFORMATICA": 96, "STIINTE ALE NATURII": 30, "FILOLOGIE": 34}, "limba_moderna": {"LIMBA ENGLEZA": 156, "LIMBA FRANCEZA": 2, "LIMBA RUSA": 2}, "limba_materna": {"LIMBA ROMANA": 160}, "promotie_anterioara": {"NU": 158, "DA": 2}, "materii": {"LIMBA ROMANA": {"medie": 9.148750000000003, "reusita": 100.0, "cnt": 160}, "BIOLOGIE VEGETALA SI ANIMALA": {"medie": 9.15, "reusita": 100.0, "cnt": 1}, "GENERAL": {"medie": 9.12822916666667, "reusita": 99.375, "cnt": 160}, "MATEMATICA MATE-INFO": {"medie": 8.915104166666666, "reusita": 100.0, "cnt": 96}, "ANATOMIE SI FIZIOLOGIE UMANA, GENETICA SI ECOLOGIE UMANA": {"medie": 9.491509433962264, "reusita": 100.0, "cnt": 53}, "ISTORIE": {"medie": 9.467647058823529, "reusita": 100.0, "cnt": 34}, "GEOGRAFIE": {"medie": 9.308333333333332, "reusita": 100.0, "cnt": 12}, "MATEMATICA ST-NAT": {"medie": 9.081666666666667, "reusita": 100.0, "cnt": 30}, "FIZICA TEO": {"medie": 9.000000000000002, "reusita": 100.0, "cnt": 22}, "CHIMIE ORGANICA TEO NIVEL I/II": {"medie": 8.977777777777778, "reusita": 100.0, "cnt": 9}, "LOGICA, ARGUMENTARE SI COMUNICARE": {"medie": 9.704761904761906, "reusita": 100.0, "cnt": 21}, "INFORMATICA MI C/C++": {"medie": 8.54102564102564, "reusita": 100.0, "cnt": 39}, "CHIMIE ANORGANICA TEO NIVEL I/II": {"medie": 9.5, "reusita": 100.0, "cnt": 1}, "ECONOMIE": {"medie": 8.7, "reusita": 100.0, "cnt": 1}, "INFORMATICA SN C/C++": {"medie": 9.75, "reusita": 100.0, "cnt": 1}}, "nume": "COLEGIUL NATIONAL \"COSTACHE NEGRUZZI\", IASI\tIa\u0219i"}