{"specializari": {"FILOLOGIE": 122, "STIINTE SOCIALE": 27, "INVATATOR - EDUCATOARE": 51}, "limba_moderna": {"LIMBA FRANCEZA": 41, "LIMBA ENGLEZA": 138, "LIMBA SPANIOLA": 21}, "limba_materna": {"LIMBA ROMANA": 200}, "promotie_anterioara": {"NU": 199, "DA": 1}, "materii": {"LIMBA ROMANA": {"medie": 8.211809045226133, "reusita": 99.5, "cnt": 200}, "GENERAL": {"medie": 8.503768844221103, "reusita": 96.5, "cnt": 200}, "ISTORIE": {"medie": 8.939864864864862, "reusita": 99.32885906040269, "cnt": 149}, "GEOGRAFIE": {"medie": 8.978301886792455, "reusita": 99.06542056074767, "cnt": 107}, "FILOSOFIE": {"medie": 9.65, "reusita": 100.0, "cnt": 2}, "LOGICA, ARGUMENTARE SI COMUNICARE": {"medie": 8.631578947368421, "reusita": 94.73684210526315, "cnt": 19}, "PSIHOLOGIE": {"medie": 8.546153846153846, "reusita": 100.0, "cnt": 13}, "SOCIOLOGIE": {"medie": 8.576851851851853, "reusita": 100.0, "cnt": 54}, "ECONOMIE": {"medie": 7.56, "reusita": 100.0, "cnt": 5}, "MATEMATICA PED": {"medie": 7.302941176470587, "reusita": 90.19607843137256, "cnt": 51}}, "nume": "COLEGIUL NATIONAL PEDAGOGIC \"SPIRU HARET\" FOCSANI\tVrancea"}