{"specializari": {"STIINTE ALE NATURII": 105, "STIINTE SOCIALE": 40, "FILOLOGIE": 36, "MATEMATICA-INFORMATICA": 33}, "limba_moderna": {"LIMBA ENGLEZA": 200, "LIMBA FRANCEZA": 12, "LIMBA GERMANA MODERNA": 2}, "limba_materna": {"LIMBA ROMANA": 214}, "promotie_anterioara": {"NU": 210, "DA": 4}, "materii": {"LIMBA ROMANA": {"medie": 8.02873831775701, "reusita": 99.06542056074767, "cnt": 214}, "GENERAL": {"medie": 8.271806853582552, "reusita": 96.26168224299066, "cnt": 214}, "MATEMATICA MATE-INFO": {"medie": 7.96969696969697, "reusita": 96.96969696969697, "cnt": 33}, "ANATOMIE SI FIZIOLOGIE UMANA, GENETICA SI ECOLOGIE UMANA": {"medie": 8.835514018691583, "reusita": 96.26168224299066, "cnt": 107}, "ISTORIE": {"medie": 8.74736842105263, "reusita": 100.0, "cnt": 76}, "GEOGRAFIE": {"medie": 9.1375, "reusita": 100.0, "cnt": 16}, "MATEMATICA ST-NAT": {"medie": 7.62952380952381, "reusita": 97.14285714285714, "cnt": 105}, "FIZICA TEO": {"medie": 7.781578947368419, "reusita": 94.73684210526315, "cnt": 19}, "CHIMIE ORGANICA TEO NIVEL I/II": {"medie": 8.75, "reusita": 100.0, "cnt": 2}, "LOGICA, ARGUMENTARE SI COMUNICARE": {"medie": 8.697169811320753, "reusita": 98.11320754716981, "cnt": 53}, "INFORMATICA MI C/C++": {"medie": 8.25, "reusita": 100.0, "cnt": 4}, "PSIHOLOGIE": {"medie": 8.2, "reusita": 100.0, "cnt": 4}, "CHIMIE ANORGANICA TEO NIVEL I/II": {"medie": 8.53, "reusita": 100.0, "cnt": 5}, "ECONOMIE": {"medie": 9.266666666666667, "reusita": 100.0, "cnt": 3}, "INFORMATICA SN C/C++": {"medie": 9.3, "reusita": 100.0, "cnt": 1}}, "nume": "COLEGIUL NATIONAL \"MIHAI EMINESCU\" CONSTANTA\tConstan\u021ba"}