{"specializari": {"ORGANIZATOR BANQUETING": 32, "TEHNICIAN IN ACTIVITATI DE COMERT": 36, "TEHNICIAN IN ACTIVITATI ECONOMICE": 142, "TEHNICIAN IN ACHIZITII SI CONTRACTARI": 29, "MATEMATICA-INFORMATICA": 1, "TEHNICIAN IN ADMINISTRATIE": 1, "TEHNICIAN IN TURISM": 1, "TEHNICIAN IN GASTRONOMIE": 1, "TEHNICIAN IN HOTELARIE": 25}, "limba_moderna": {"LIMBA FRANCEZA": 6, "LIMBA ENGLEZA": 262}, "limba_materna": {"LIMBA ROMANA": 268}, "promotie_anterioara": {"DA": 17, "NU": 251}, "materii": {"LIMBA ROMANA": {"medie": 7.572264150943394, "reusita": 97.76119402985076, "cnt": 268}, "MATEMATICA TEHN": {"medie": 6.988973384030414, "reusita": 85.76779026217228, "cnt": 267}, "GENERAL": {"medie": 7.668773946360154, "reusita": 81.71641791044776, "cnt": 268}, "MATEMATICA MATE-INFO": {"medie": "-", "reusita": 0.0, "cnt": 1}, "ANATOMIE SI FIZIOLOGIE UMANA, GENETICA SI ECOLOGIE UMANA": {"medie": 6.15, "reusita": 100.0, "cnt": 1}, "GEOGRAFIE": {"medie": 8.392913385826775, "reusita": 96.12403100775194, "cnt": 258}, "LOGICA, ARGUMENTARE SI COMUNICARE": {"medie": 8.200000000000001, "reusita": 100.0, "cnt": 8}, "ECONOMIE": {"medie": 6.75, "reusita": 100.0, "cnt": 1}}, "nume": "COLEGIUL ECONOMIC \"ION GHICA\" TARGOVISTE\tD\u00e2mbovi\u021ba"}