{"specializari": {"TEHNICIAN DESENATOR PENTRU CONSTRUCTII SI INSTALATII": 20, "TEHNICIAN MECATRONIST": 25, "TEHNICIAN ELECTRICIAN/ELECTRONIST AUTO": 1, "TEHNICIAN MECANIC PENTRU INTRETINERE SI REPARATII": 1, "LICEU CU PROGRAM SPORTIV": 35, "TEHNICIAN IN INSTALATII ELECTRICE": 18, "TEHNICIAN PRELUCRARI PE MASINI CU COMANDA NUMERICA": 12, "TEHNICIAN ELECTROTEHNIST": 1}, "limba_moderna": {"LIMBA ENGLEZA": 104, "LIMBA FRANCEZA": 9}, "limba_materna": {"LIMBA ROMANA": 113}, "promotie_anterioara": {"NU": 72, "DA": 41}, "materii": {"LIMBA ROMANA": {"medie": 5.496875, "reusita": 86.72566371681415, "cnt": 113}, "MATEMATICA TEHN": {"medie": 3.8574324324324323, "reusita": 43.58974358974359, "cnt": 78}, "BIOLOGIE VEGETALA SI ANIMALA": {"medie": 4.0507042253521135, "reusita": 30.136986301369863, "cnt": 73}, "GENERAL": {"medie": 5.102932098765432, "reusita": 30.08849557522124, "cnt": 113}, "FIZICA TEH": {"medie": 4.925000000000001, "reusita": 50.0, "cnt": 2}, "ISTORIE": {"medie": 6.534285714285714, "reusita": 97.14285714285714, "cnt": 35}, "GEOGRAFIE": {"medie": 7.3758620689655165, "reusita": 96.55172413793103, "cnt": 29}, "LOGICA, ARGUMENTARE SI COMUNICARE": {"medie": 5.300000000000001, "reusita": 60.0, "cnt": 5}, "PSIHOLOGIE": {"medie": 6.0, "reusita": 100.0, "cnt": 1}, "CHIMIE ANORGANICA TEH NIVEL I/II": {"medie": 4.166666666666667, "reusita": 66.66666666666666, "cnt": 3}}, "nume": "COLEGIUL TEHNIC \"ANGHEL SALIGNY\" BAIA MARE\tMaramure\u0219"}