{"specializari": {"STIINTE ALE NATURII": 83, "FILOLOGIE": 57, "MATEMATICA-INFORMATICA": 31, "STIINTE SOCIALE": 36}, "limba_moderna": {"LIMBA ENGLEZA": 180, "LIMBA FRANCEZA": 27}, "limba_materna": {"LIMBA ROMANA": 207}, "promotie_anterioara": {"NU": 198, "DA": 9}, "materii": {"LIMBA ROMANA": {"medie": 7.879951690821261, "reusita": 100.0, "cnt": 207}, "GENERAL": {"medie": 8.255016181229779, "reusita": 94.68599033816425, "cnt": 207}, "MATEMATICA MATE-INFO": {"medie": 8.735483870967741, "reusita": 96.7741935483871, "cnt": 31}, "ANATOMIE SI FIZIOLOGIE UMANA, GENETICA SI ECOLOGIE UMANA": {"medie": 9.08421052631579, "reusita": 100.0, "cnt": 76}, "ISTORIE": {"medie": 8.152688172043009, "reusita": 98.9247311827957, "cnt": 93}, "GEOGRAFIE": {"medie": 8.925, "reusita": 100.0, "cnt": 2}, "MATEMATICA ST-NAT": {"medie": 8.10421686746988, "reusita": 98.79518072289156, "cnt": 83}, "FIZICA TEO": {"medie": 8.330000000000002, "reusita": 100.0, "cnt": 15}, "CHIMIE ORGANICA TEO NIVEL I/II": {"medie": 8.216666666666667, "reusita": 100.0, "cnt": 3}, "LOGICA, ARGUMENTARE SI COMUNICARE": {"medie": 8.352777777777776, "reusita": 94.5054945054945, "cnt": 91}, "INFORMATICA MI C/C++": {"medie": 9.03846153846154, "reusita": 100.0, "cnt": 13}, "CHIMIE ANORGANICA TEO NIVEL I/II": {"medie": 5.6, "reusita": 100.0, "cnt": 1}, "INFORMATICA SN C/C++": {"medie": 7.883333333333334, "reusita": 100.0, "cnt": 6}}, "nume": "COLEGIUL NATIONAL \"CUZA VODA\", MUN. HUSI\tVaslui"}