{"specializari": {"MATEMATICA-INFORMATICA": 16, "STIINTE ALE NATURII": 14, "TEOLOGIE REFORMATA": 26}, "limba_moderna": {"LIMBA ENGLEZA": 56}, "limba_materna": {"LIMBA MAGHIARA": 56}, "promotie_anterioara": {"NU": 53, "DA": 3}, "materii": {"LIMBA ROMANA": {"medie": 5.706249999999999, "reusita": 82.14285714285714, "cnt": 56}, "BIOLOGIE VEGETALA SI ANIMALA": {"medie": 8.425, "reusita": 100.0, "cnt": 4}, "GENERAL": {"medie": 7.457142857142856, "reusita": 82.14285714285714, "cnt": 56}, "MATEMATICA MATE-INFO": {"medie": 7.065625, "reusita": 100.0, "cnt": 16}, "ANATOMIE SI FIZIOLOGIE UMANA, GENETICA SI ECOLOGIE UMANA": {"medie": 9.085714285714285, "reusita": 100.0, "cnt": 21}, "ISTORIE": {"medie": 7.240384615384614, "reusita": 100.0, "cnt": 26}, "GEOGRAFIE": {"medie": 8.824, "reusita": 100.0, "cnt": 25}, "LIMBA MAGHIARA (REAL)": {"medie": 7.805357142857143, "reusita": 100.0, "cnt": 56}, "FILOSOFIE": {"medie": 9.8, "reusita": 100.0, "cnt": 1}, "MATEMATICA ST-NAT": {"medie": 8.332142857142857, "reusita": 100.0, "cnt": 14}, "INFORMATICA MI PASCAL": {"medie": 5.95, "reusita": 100.0, "cnt": 1}, "CHIMIE ORGANICA TEO NIVEL I/II": {"medie": 9.45, "reusita": 100.0, "cnt": 2}, "INFORMATICA MI C/C++": {"medie": 8.025, "reusita": 100.0, "cnt": 2}}, "nume": "COLEGIUL REFORMAT \"BACZKAMADARASI KIS GERGELY\" ODORHEIU SECUIESC\tHarghita"}