{"specializari": {"STIINTE ALE NATURII": 30, "FILOLOGIE": 66, "MATEMATICA-INFORMATICA": 26}, "limba_moderna": {"LIMBA ENGLEZA": 122}, "limba_materna": {"LIMBA ROMANA": 122}, "promotie_anterioara": {"NU": 108, "DA": 14}, "materii": {"LIMBA ROMANA": {"medie": 7.644999999999998, "reusita": 95.90163934426229, "cnt": 122}, "BIOLOGIE VEGETALA SI ANIMALA": {"medie": 6.425, "reusita": 83.33333333333334, "cnt": 6}, "GENERAL": {"medie": 7.823749999999999, "reusita": 81.14754098360656, "cnt": 122}, "MATEMATICA MATE-INFO": {"medie": 8.107692307692309, "reusita": 100.0, "cnt": 26}, "ANATOMIE SI FIZIOLOGIE UMANA, GENETICA SI ECOLOGIE UMANA": {"medie": 8.767647058823528, "reusita": 100.0, "cnt": 34}, "ISTORIE": {"medie": 8.129999999999999, "reusita": 95.45454545454545, "cnt": 66}, "GEOGRAFIE": {"medie": 8.82727272727273, "reusita": 97.77777777777777, "cnt": 45}, "FILOSOFIE": {"medie": 8.45, "reusita": 100.0, "cnt": 2}, "MATEMATICA ST-NAT": {"medie": 4.803333333333334, "reusita": 56.666666666666664, "cnt": 30}, "FIZICA TEO": {"medie": 10.0, "reusita": 100.0, "cnt": 1}, "INFORMATICA MI C/C++": {"medie": 7.996666666666669, "reusita": 100.0, "cnt": 15}, "PSIHOLOGIE": {"medie": 7.726315789473683, "reusita": 100.0, "cnt": 19}}, "nume": "COLEGIUL NATIONAL \"AVRAM IANCU\" STEI\tBihor"}