{"specializari": {"MATEMATICA-INFORMATICA": 95, "FILOLOGIE": 144, "STIINTE ALE NATURII": 37}, "limba_moderna": {"LIMBA ENGLEZA": 249, "LIMBA FRANCEZA": 12, "LIMBA GERMANA MODERNA": 2, "LIMBA SPANIOLA": 13}, "limba_materna": {"LIMBA ROMANA": 276}, "promotie_anterioara": {"NU": 273, "DA": 3}, "materii": {"LIMBA ROMANA": {"medie": 8.783514492753621, "reusita": 100.0, "cnt": 276}, "BIOLOGIE VEGETALA SI ANIMALA": {"medie": 9.059999999999999, "reusita": 100.0, "cnt": 5}, "GENERAL": {"medie": 8.749637681159415, "reusita": 98.55072463768117, "cnt": 276}, "MATEMATICA MATE-INFO": {"medie": 8.304736842105264, "reusita": 98.94736842105263, "cnt": 95}, "ANATOMIE SI FIZIOLOGIE UMANA, GENETICA SI ECOLOGIE UMANA": {"medie": 8.58103448275862, "reusita": 96.55172413793103, "cnt": 29}, "ISTORIE": {"medie": 9.225, "reusita": 100.0, "cnt": 144}, "GEOGRAFIE": {"medie": 9.289705882352944, "reusita": 100.0, "cnt": 34}, "MATEMATICA ST-NAT": {"medie": 8.29189189189189, "reusita": 100.0, "cnt": 37}, "FIZICA TEO": {"medie": 8.516666666666666, "reusita": 94.73684210526315, "cnt": 57}, "CHIMIE ORGANICA TEO NIVEL I/II": {"medie": 8.515909090909089, "reusita": 100.0, "cnt": 22}, "LOGICA, ARGUMENTARE SI COMUNICARE": {"medie": 8.845945945945944, "reusita": 100.0, "cnt": 37}, "INFORMATICA MI C/C++": {"medie": 8.323333333333334, "reusita": 100.0, "cnt": 15}, "PSIHOLOGIE": {"medie": 9.38888888888889, "reusita": 100.0, "cnt": 18}, "CHIMIE ANORGANICA TEO NIVEL I/II": {"medie": 7.950000000000001, "reusita": 100.0, "cnt": 4}, "SOCIOLOGIE": {"medie": 8.460869565217392, "reusita": 100.0, "cnt": 23}, "ECONOMIE": {"medie": 8.310937500000001, "reusita": 100.0, "cnt": 32}}, "nume": "COLEGIUL NATIONAL \"IULIA HASDEU\"\tBucure\u0219ti"}