{"specializari": {"TEHNICIAN IN CHIMIE INDUSTRIALA": 1, "TEHNICIAN IN ACTIVITATI DE COMERT": 1, "TEHNICIAN IN GASTRONOMIE": 10, "TEHNICIAN MECATRONIST": 3, "TEHNICIAN ECOLOG SI PROTECTIA CALITATII MEDIULUI": 3, "TEHNICIAN MECANIC PENTRU INTRETINERE SI REPARATII": 1, "TEHNICIAN IN TURISM": 5, "MATEMATICA-INFORMATICA": 2}, "limba_moderna": {"LIMBA ENGLEZA": 26}, "limba_materna": {"LIMBA ROMANA": 26}, "promotie_anterioara": {"DA": 16, "NU": 10}, "materii": {"LIMBA ROMANA": {"medie": 5.365384615384615, "reusita": 80.76923076923077, "cnt": 26}, "MATEMATICA TEHN": {"medie": 3.8409090909090904, "reusita": 37.5, "cnt": 24}, "BIOLOGIE VEGETALA SI ANIMALA": {"medie": 5.925, "reusita": 60.0, "cnt": 10}, "GENERAL": {"medie": 5.4451388888888905, "reusita": 34.61538461538461, "cnt": 26}, "MATEMATICA MATE-INFO": {"medie": 2.5, "reusita": 0.0, "cnt": 2}, "GEOGRAFIE": {"medie": 7.809374999999999, "reusita": 100.0, "cnt": 16}}, "nume": "COLEGIUL TEHNIC \"DR. ALEXANDRU BARBAT\" VICTORIA\tBra\u0219ov"}