{"specializari": {"TEHNICIAN IN ACTIVITATI ECONOMICE": 28, "TEHNICIAN IN ADMINISTRATIE": 26, "TEHNICIAN IN TURISM": 41, "TEHNICIAN IN GASTRONOMIE": 53, "TEHNICIAN ANALIZE PRODUSE ALIMENTARE": 28, "COAFOR STILIST": 38, "TEHNICIAN MECANIC PENTRU INTRETINERE SI REPARATII": 3, "TEHNICIAN IN INDUSTRIA ALIMENTARA": 2, "TEHNICIAN OPERATOR TEHNICA DE CALCUL": 12, "MATEMATICA-INFORMATICA": 2, "TEHNICIAN ECOLOG SI PROTECTIA CALITATII MEDIULUI": 2}, "limba_moderna": {"LIMBA ENGLEZA": 235}, "limba_materna": {"LIMBA ROMANA": 234, "LIMBA MAGHIARA": 1}, "promotie_anterioara": {"NU": 153, "DA": 82}, "materii": {"LIMBA ROMANA": {"medie": 5.768240343347638, "reusita": 86.80851063829788, "cnt": 235}, "MATEMATICA TEHN": {"medie": 4.101315789473684, "reusita": 42.91845493562232, "cnt": 233}, "BIOLOGIE VEGETALA SI ANIMALA": {"medie": 6.339285714285714, "reusita": 78.57142857142857, "cnt": 14}, "GENERAL": {"medie": 5.341831864904552, "reusita": 31.06382978723404, "cnt": 235}, "MATEMATICA MATE-INFO": {"medie": 1.0, "reusita": 0.0, "cnt": 2}, "ANATOMIE SI FIZIOLOGIE UMANA, GENETICA SI ECOLOGIE UMANA": {"medie": 5.548437500000001, "reusita": 61.76470588235294, "cnt": 34}, "FIZICA TEH": {"medie": 5.1, "reusita": 100.0, "cnt": 1}, "GEOGRAFIE": {"medie": 6.216417910447763, "reusita": 80.88235294117648, "cnt": 136}, "LIMBA MAGHIARA (REAL)": {"medie": 6.3, "reusita": 100.0, "cnt": 1}, "LOGICA, ARGUMENTARE SI COMUNICARE": {"medie": 6.079545454545453, "reusita": 68.88888888888889, "cnt": 45}, "PSIHOLOGIE": {"medie": 7.1, "reusita": 100.0, "cnt": 5}}, "nume": "COLEGIUL TEHNIC \"MIHAI VITEAZUL\" ORADEA\tBihor"}