{"specializari": {"TEHNICIAN IN TURISM": 25, "TEHNICIAN ECOLOG SI PROTECTIA CALITATII MEDIULUI": 33, "TEHNICIAN DESIGNER MOBILA SI AMENAJARI INTERIOARE": 14, "TEHNICIAN MECATRONIST": 18, "TEHNICIAN IN GASTRONOMIE": 3, "TEHNICIAN PROIECTANT CAD": 1, "TEHNICIAN IN INDUSTRIA TEXTILA": 1, "TEHNICIAN INSTALATOR PENTRU CONSTRUCTII": 2, "TEHNICIAN IN ACTIVITATI DE COMERT": 4, "TEHNICIAN ELECTROTEHNIST": 1, "TEHNICIAN ELECTROMECANIC": 7, "TEHNICIAN OPERATOR TEHNICA DE CALCUL": 2}, "limba_moderna": {"LIMBA ENGLEZA": 78, "LIMBA FRANCEZA": 33}, "limba_materna": {"LIMBA ROMANA": 111}, "promotie_anterioara": {"NU": 66, "DA": 45}, "materii": {"LIMBA ROMANA": {"medie": 6.155555555555553, "reusita": 93.69369369369369, "cnt": 111}, "MATEMATICA TEHN": {"medie": 4.877777777777778, "reusita": 61.261261261261254, "cnt": 111}, "BIOLOGIE VEGETALA SI ANIMALA": {"medie": 4.744565217391306, "reusita": 54.166666666666664, "cnt": 48}, "GENERAL": {"medie": 5.4177570093457925, "reusita": 36.03603603603604, "cnt": 111}, "ANATOMIE SI FIZIOLOGIE UMANA, GENETICA SI ECOLOGIE UMANA": {"medie": 5.159999999999999, "reusita": 60.0, "cnt": 5}, "FIZICA TEH": {"medie": 3.811111111111112, "reusita": 11.11111111111111, "cnt": 9}, "GEOGRAFIE": {"medie": 7.555, "reusita": 100.0, "cnt": 10}, "LOGICA, ARGUMENTARE SI COMUNICARE": {"medie": 6.997727272727271, "reusita": 86.36363636363636, "cnt": 22}, "CHIMIE ANORGANICA TEH NIVEL I/II": {"medie": 3.5312500000000004, "reusita": 29.411764705882355, "cnt": 17}}, "nume": "COLEGIUL TEHNIC CAMPULUNG\tArge\u0219"}