{"specializari": {"TEHNICIAN IN TURISM": 28, "TEHNICIAN IN ACTIVITATI DE COMERT": 32, "TEHNICIAN IN GASTRONOMIE": 46, "TEHNICIAN IN ACTIVITATI ECONOMICE": 68, "TEHNICIAN ANALIZE PRODUSE ALIMENTARE": 41, "TEHNICIAN IN INDUSTRIA ALIMENTARA": 28, "TEHNICIAN IN ADMINISTRATIE": 26}, "limba_moderna": {"LIMBA ENGLEZA": 217, "LIMBA FRANCEZA": 52}, "limba_materna": {"LIMBA ROMANA": 269}, "promotie_anterioara": {"DA": 46, "NU": 223}, "materii": {"LIMBA ROMANA": {"medie": 6.223396226415094, "reusita": 92.56505576208178, "cnt": 269}, "MATEMATICA TEHN": {"medie": 5.216477272727273, "reusita": 65.05576208178438, "cnt": 269}, "BIOLOGIE VEGETALA SI ANIMALA": {"medie": 5.0, "reusita": 100.0, "cnt": 1}, "GENERAL": {"medie": 6.11742712294043, "reusita": 53.53159851301115, "cnt": 269}, "ANATOMIE SI FIZIOLOGIE UMANA, GENETICA SI ECOLOGIE UMANA": {"medie": 6.276923076923075, "reusita": 77.27272727272727, "cnt": 66}, "GEOGRAFIE": {"medie": 7.219680851063832, "reusita": 91.05263157894737, "cnt": 190}, "LOGICA, ARGUMENTARE SI COMUNICARE": {"medie": 2.25, "reusita": 0.0, "cnt": 2}, "PSIHOLOGIE": {"medie": 6.9, "reusita": 100.0, "cnt": 1}, "ECONOMIE": {"medie": 5.971428571428571, "reusita": 85.71428571428571, "cnt": 7}, "CHIMIE ANORGANICA TEH NIVEL I/II": {"medie": 4.025, "reusita": 0.0, "cnt": 2}}, "nume": "COLEGIUL ECONOMIC, MUN. RM. VALCEA\tV\u00e2lcea"}