{"specializari": {"STIINTE ALE NATURII": 86, "MATEMATICA-INFORMATICA": 103, "FILOLOGIE": 39}, "limba_moderna": {"LIMBA ENGLEZA": 215, "LIMBA FRANCEZA": 13}, "limba_materna": {"LIMBA ROMANA": 228}, "promotie_anterioara": {"DA": 36, "NU": 192}, "materii": {"LIMBA ROMANA": {"medie": 7.783259911894272, "reusita": 99.12280701754386, "cnt": 228}, "GENERAL": {"medie": 7.168385650224214, "reusita": 69.73684210526315, "cnt": 228}, "MATEMATICA MATE-INFO": {"medie": 5.5366336633663344, "reusita": 69.90291262135922, "cnt": 103}, "ANATOMIE SI FIZIOLOGIE UMANA, GENETICA SI ECOLOGIE UMANA": {"medie": 7.686397058823527, "reusita": 91.36690647482014, "cnt": 139}, "ISTORIE": {"medie": 8.101282051282052, "reusita": 100.0, "cnt": 39}, "GEOGRAFIE": {"medie": 8.676666666666666, "reusita": 100.0, "cnt": 15}, "FILOSOFIE": {"medie": 6.6, "reusita": 100.0, "cnt": 1}, "MATEMATICA ST-NAT": {"medie": 5.6345238095238095, "reusita": 68.6046511627907, "cnt": 86}, "FIZICA TEO": {"medie": 5.3125, "reusita": 75.0, "cnt": 4}, "LOGICA, ARGUMENTARE SI COMUNICARE": {"medie": 8.502173913043478, "reusita": 100.0, "cnt": 23}, "INFORMATICA MI C/C++": {"medie": 6.9336956521739115, "reusita": 93.47826086956522, "cnt": 46}}, "nume": "COLEGIUL NATIONAL DE INFORMATICA \"SPIRU HARET\" SUCEAVA\tSuceava"}