{"specializari": {"TEHNICIAN IN ACTIVITATI ECONOMICE": 31, "STIINTE ALE NATURII": 59, "FILOLOGIE": 33, "STIINTE SOCIALE": 29, "MATEMATICA-INFORMATICA": 29}, "limba_moderna": {"LIMBA ENGLEZA": 180, "LIMBA FRANCEZA": 1}, "limba_materna": {"LIMBA ROMANA": 181}, "promotie_anterioara": {"NU": 173, "DA": 8}, "materii": {"LIMBA ROMANA": {"medie": 7.908839779005521, "reusita": 100.0, "cnt": 181}, "MATEMATICA TEHN": {"medie": 8.319354838709678, "reusita": 96.7741935483871, "cnt": 31}, "BIOLOGIE VEGETALA SI ANIMALA": {"medie": 6.116666666666667, "reusita": 100.0, "cnt": 3}, "GENERAL": {"medie": 7.932777777777778, "reusita": 84.5303867403315, "cnt": 181}, "MATEMATICA MATE-INFO": {"medie": 8.855172413793104, "reusita": 100.0, "cnt": 29}, "ANATOMIE SI FIZIOLOGIE UMANA, GENETICA SI ECOLOGIE UMANA": {"medie": 7.980487804878047, "reusita": 90.2439024390244, "cnt": 41}, "ISTORIE": {"medie": 8.433064516129033, "reusita": 100.0, "cnt": 62}, "GEOGRAFIE": {"medie": 9.299999999999999, "reusita": 100.0, "cnt": 6}, "FILOSOFIE": {"medie": 9.6, "reusita": 100.0, "cnt": 1}, "MATEMATICA ST-NAT": {"medie": 6.00344827586207, "reusita": 66.10169491525424, "cnt": 59}, "FIZICA TEO": {"medie": 7.643333333333333, "reusita": 100.0, "cnt": 15}, "CHIMIE ORGANICA TEO NIVEL I/II": {"medie": 9.05, "reusita": 100.0, "cnt": 1}, "LOGICA, ARGUMENTARE SI COMUNICARE": {"medie": 9.086470588235294, "reusita": 98.82352941176471, "cnt": 85}, "INFORMATICA MI C/C++": {"medie": 8.116666666666667, "reusita": 100.0, "cnt": 6}, "PSIHOLOGIE": {"medie": 8.2, "reusita": 100.0, "cnt": 1}, "CHIMIE ANORGANICA TEO NIVEL I/II": {"medie": 5.243181818181817, "reusita": 63.63636363636363, "cnt": 22}}, "nume": "COLEGIUL NATIONAL \"STEFAN CEL MARE\", HARLAU\tIa\u0219i"}