{"specializari": {"TEOLOGIE ADVENTISTA": 1, "TEHNICIAN IN ACTIVITATI ECONOMICE": 29, "TEHNICIAN IN TURISM": 1, "TEHNICIAN IN ADMINISTRATIE": 1}, "limba_moderna": {"LIMBA ENGLEZA": 26, "LIMBA FRANCEZA": 6}, "limba_materna": {"LIMBA ROMANA": 32}, "promotie_anterioara": {"NU": 29, "DA": 3}, "materii": {"LIMBA ROMANA": {"medie": 7.39375, "reusita": 100.0, "cnt": 32}, "MATEMATICA TEHN": {"medie": 6.946774193548387, "reusita": 87.09677419354838, "cnt": 31}, "GENERAL": {"medie": 7.584374999999999, "reusita": 78.125, "cnt": 32}, "ISTORIE": {"medie": 7.6, "reusita": 100.0, "cnt": 1}, "GEOGRAFIE": {"medie": 8.933333333333334, "reusita": 100.0, "cnt": 12}, "LOGICA, ARGUMENTARE SI COMUNICARE": {"medie": 8.067499999999999, "reusita": 90.0, "cnt": 20}}, "nume": "COLEGIUL TEHNOLOGIC \"SPIRU HARET\", MUNICIPIUL PIATRA-NEAMT\tNeam\u021b"}