{"specializari": {"MATEMATICA-INFORMATICA": 112, "STIINTE ALE NATURII": 28, "STIINTE SOCIALE": 31}, "limba_moderna": {"LIMBA ENGLEZA": 165, "LIMBA FRANCEZA": 5, "LIMBA GERMANA MODERNA": 1}, "limba_materna": {"LIMBA ROMANA": 171}, "promotie_anterioara": {"NU": 168, "DA": 3}, "materii": {"LIMBA ROMANA": {"medie": 8.609356725146199, "reusita": 100.0, "cnt": 171}, "BIOLOGIE VEGETALA SI ANIMALA": {"medie": 8.879999999999999, "reusita": 100.0, "cnt": 15}, "GENERAL": {"medie": 8.617348927875247, "reusita": 97.6608187134503, "cnt": 171}, "MATEMATICA MATE-INFO": {"medie": 8.432589285714288, "reusita": 100.0, "cnt": 112}, "ANATOMIE SI FIZIOLOGIE UMANA, GENETICA SI ECOLOGIE UMANA": {"medie": 9.243749999999999, "reusita": 100.0, "cnt": 16}, "ISTORIE": {"medie": 9.03225806451613, "reusita": 100.0, "cnt": 31}, "GEOGRAFIE": {"medie": 8.526315789473685, "reusita": 100.0, "cnt": 19}, "FILOSOFIE": {"medie": 9.2, "reusita": 100.0, "cnt": 2}, "MATEMATICA ST-NAT": {"medie": 7.714285714285715, "reusita": 96.42857142857143, "cnt": 28}, "FIZICA TEO": {"medie": 8.764423076923082, "reusita": 96.15384615384616, "cnt": 52}, "CHIMIE ORGANICA TEO NIVEL I/II": {"medie": 8.896296296296297, "reusita": 100.0, "cnt": 27}, "LOGICA, ARGUMENTARE SI COMUNICARE": {"medie": 9.389999999999999, "reusita": 100.0, "cnt": 5}, "INFORMATICA MI C/C++": {"medie": 8.758928571428573, "reusita": 100.0, "cnt": 28}, "CHIMIE ANORGANICA TEO NIVEL I/II": {"medie": 7.9, "reusita": 100.0, "cnt": 1}, "SOCIOLOGIE": {"medie": 8.56, "reusita": 100.0, "cnt": 5}, "INFORMATICA SN C/C++": {"medie": 7.7, "reusita": 100.0, "cnt": 1}}, "nume": "COLEGIUL NATIONAL \"NICOLAE BALCESCU\"\tBr\u0103ila"}