{"specializari": {"FILOLOGIE": 15, "STIINTE SOCIALE": 54, "STIINTE ALE NATURII": 15, "TEHNICIAN IN ACTIVITATI ECONOMICE": 15, "TEHNICIAN TRANSPORTURI": 8, "TEHNICIAN ELECTRICIAN/ELECTRONIST AUTO": 20, "TEHNICIAN MECANIC PENTRU INTRETINERE SI REPARATII": 4, "TEHNICIAN IN INSTALATII ELECTRICE": 7, "TEHNICIAN ELECTROTEHNIST": 2, "MATEMATICA-INFORMATICA": 1}, "limba_moderna": {"LIMBA FRANCEZA": 35, "LIMBA ENGLEZA": 106}, "limba_materna": {"LIMBA ROMANA": 141}, "promotie_anterioara": {"NU": 99, "DA": 42}, "materii": {"LIMBA ROMANA": {"medie": 5.961023622047247, "reusita": 73.75886524822694, "cnt": 141}, "MATEMATICA TEHN": {"medie": 4.13111111111111, "reusita": 37.5, "cnt": 56}, "BIOLOGIE VEGETALA SI ANIMALA": {"medie": 3.608695652173913, "reusita": 24.242424242424242, "cnt": 33}, "GENERAL": {"medie": 5.591873278236917, "reusita": 39.00709219858156, "cnt": 141}, "MATEMATICA MATE-INFO": {"medie": 1.15, "reusita": 0.0, "cnt": 1}, "ANATOMIE SI FIZIOLOGIE UMANA, GENETICA SI ECOLOGIE UMANA": {"medie": 4.923333333333334, "reusita": 46.666666666666664, "cnt": 15}, "FIZICA TEH": {"medie": 5.56875, "reusita": 62.5, "cnt": 8}, "ISTORIE": {"medie": 5.840625000000001, "reusita": 69.56521739130434, "cnt": 69}, "GEOGRAFIE": {"medie": 6.813157894736844, "reusita": 78.68852459016394, "cnt": 61}, "MATEMATICA ST-NAT": {"medie": 2.65, "reusita": 20.0, "cnt": 15}, "FIZICA TEO": {"medie": 7.95, "reusita": 100.0, "cnt": 1}, "LOGICA, ARGUMENTARE SI COMUNICARE": {"medie": 6.552631578947367, "reusita": 68.18181818181817, "cnt": 22}, "SOCIOLOGIE": {"medie": 8.35, "reusita": 100.0, "cnt": 1}}, "nume": "COLEGIUL TEHNIC \"ALEXANDRU IOAN CUZA\" SUCEAVA\tSuceava"}