{"specializari": {"STIINTE ALE NATURII": 30, "FILOLOGIE": 29, "STIINTE SOCIALE": 61, "MATEMATICA-INFORMATICA": 89, "TEHNICIAN PRELUCRARI MECANICE": 1}, "limba_moderna": {"LIMBA ENGLEZA": 195, "LIMBA FRANCEZA": 15}, "limba_materna": {"LIMBA ROMANA": 210}, "promotie_anterioara": {"NU": 209, "DA": 1}, "materii": {"LIMBA ROMANA": {"medie": 8.847142857142858, "reusita": 100.0, "cnt": 210}, "MATEMATICA TEHN": {"medie": "-", "reusita": 0.0, "cnt": 1}, "BIOLOGIE VEGETALA SI ANIMALA": {"medie": 8.83, "reusita": 100.0, "cnt": 10}, "GENERAL": {"medie": 8.807974481658691, "reusita": 98.57142857142858, "cnt": 210}, "MATEMATICA MATE-INFO": {"medie": 8.33820224719101, "reusita": 100.0, "cnt": 89}, "ANATOMIE SI FIZIOLOGIE UMANA, GENETICA SI ECOLOGIE UMANA": {"medie": 8.683333333333334, "reusita": 100.0, "cnt": 9}, "ISTORIE": {"medie": 9.077222222222222, "reusita": 100.0, "cnt": 90}, "GEOGRAFIE": {"medie": 9.245454545454544, "reusita": 100.0, "cnt": 11}, "FILOSOFIE": {"medie": 9.5, "reusita": 100.0, "cnt": 1}, "MATEMATICA ST-NAT": {"medie": 8.678333333333335, "reusita": 100.0, "cnt": 30}, "FIZICA TEO": {"medie": 8.863157894736844, "reusita": 100.0, "cnt": 38}, "CHIMIE ORGANICA TEO NIVEL I/II": {"medie": 8.931578947368422, "reusita": 100.0, "cnt": 19}, "LOGICA, ARGUMENTARE SI COMUNICARE": {"medie": 9.216666666666667, "reusita": 100.0, "cnt": 69}, "INFORMATICA MI C/C++": {"medie": 8.365, "reusita": 96.66666666666667, "cnt": 30}, "PSIHOLOGIE": {"medie": 8.633333333333333, "reusita": 100.0, "cnt": 6}, "CHIMIE ANORGANICA TEO NIVEL I/II": {"medie": 7.688461538461538, "reusita": 92.3076923076923, "cnt": 13}, "ECONOMIE": {"medie": 8.666666666666666, "reusita": 100.0, "cnt": 3}, "INFORMATICA SN C/C++": {"medie": 7.85, "reusita": 100.0, "cnt": 1}}, "nume": "COLEGIUL NATIONAL \"NICHITA STANESCU\", MUNICIPIUL PLOIESTI\tPrahova"}