{"specializari": {"MATEMATICA-INFORMATICA": 45, "STIINTE ALE NATURII": 60, "STIINTE SOCIALE": 63}, "limba_moderna": {"LIMBA ENGLEZA": 154, "LIMBA FRANCEZA": 14}, "limba_materna": {"LIMBA ROMANA": 168}, "promotie_anterioara": {"NU": 168}, "materii": {"LIMBA ROMANA": {"medie": 8.768154761904759, "reusita": 100.0, "cnt": 168}, "GENERAL": {"medie": 8.970138888888883, "reusita": 99.40476190476191, "cnt": 168}, "MATEMATICA MATE-INFO": {"medie": 9.164444444444445, "reusita": 100.0, "cnt": 45}, "ANATOMIE SI FIZIOLOGIE UMANA, GENETICA SI ECOLOGIE UMANA": {"medie": 9.208823529411765, "reusita": 100.0, "cnt": 34}, "ISTORIE": {"medie": 9.088095238095237, "reusita": 100.0, "cnt": 63}, "GEOGRAFIE": {"medie": 9.433333333333332, "reusita": 100.0, "cnt": 3}, "FILOSOFIE": {"medie": 9.6, "reusita": 100.0, "cnt": 1}, "MATEMATICA ST-NAT": {"medie": 8.899166666666666, "reusita": 100.0, "cnt": 60}, "FIZICA TEO": {"medie": 9.358695652173912, "reusita": 100.0, "cnt": 23}, "CHIMIE ORGANICA TEO NIVEL I/II": {"medie": 9.452000000000004, "reusita": 100.0, "cnt": 25}, "LOGICA, ARGUMENTARE SI COMUNICARE": {"medie": 8.786666666666665, "reusita": 100.0, "cnt": 45}, "INFORMATICA MI C/C++": {"medie": 8.9925, "reusita": 100.0, "cnt": 20}, "PSIHOLOGIE": {"medie": 8.633333333333335, "reusita": 100.0, "cnt": 6}, "SOCIOLOGIE": {"medie": 8.9, "reusita": 100.0, "cnt": 8}, "INFORMATICA SN C/C++": {"medie": 9.4, "reusita": 100.0, "cnt": 3}}, "nume": "COLEGIUL NATIONAL \"PETRU RARES\", MUNICIPIUL PIATRA-NEAMT\tNeam\u021b"}