{"specializari": {"MATEMATICA-INFORMATICA": 24, "TEHNICIAN IN SILVICULTURA SI EXPLOATARI FORESTIERE": 11, "TEHNICIAN IN ACTIVITATI ECONOMICE": 21, "TEHNICIAN IN ACTIVITATI DE COMERT": 10, "TEHNICIAN IN INDUSTRIA ALIMENTARA": 2, "TEHNICIAN ECOLOG SI PROTECTIA CALITATII MEDIULUI": 6, "TEHNICIAN OPERATOR TEHNICA DE CALCUL": 4}, "limba_moderna": {"LIMBA ENGLEZA": 71, "LIMBA FRANCEZA": 7}, "limba_materna": {"LIMBA ROMANA": 78}, "promotie_anterioara": {"NU": 24, "DA": 54}, "materii": {"LIMBA ROMANA": {"medie": 5.363571428571429, "reusita": 60.256410256410255, "cnt": 78}, "MATEMATICA TEHN": {"medie": 4.153333333333333, "reusita": 46.2962962962963, "cnt": 54}, "BIOLOGIE VEGETALA SI ANIMALA": {"medie": 4.4423076923076925, "reusita": 50.0, "cnt": 14}, "GENERAL": {"medie": 5.053333333333333, "reusita": 23.076923076923077, "cnt": 78}, "MATEMATICA MATE-INFO": {"medie": 3.8833333333333333, "reusita": 33.33333333333333, "cnt": 24}, "ANATOMIE SI FIZIOLOGIE UMANA, GENETICA SI ECOLOGIE UMANA": {"medie": 5.111999999999999, "reusita": 43.333333333333336, "cnt": 30}, "GEOGRAFIE": {"medie": 5.970370370370371, "reusita": 61.29032258064516, "cnt": 31}, "INFORMATICA MI C/C++": {"medie": 7.650000000000001, "reusita": 100.0, "cnt": 3}}, "nume": "COLEGIUL TEHNIC NR.1 VADU CRISULUI\tBihor"}