{"specializari": {"STIINTE ALE NATURII": 39, "TEHNICIAN DE TELECOMUNICATII": 9, "TEHNICIAN ECOLOG SI PROTECTIA CALITATII MEDIULUI": 32, "TEHNICIAN ELECTROMECANIC": 15, "TEHNICIAN IN AUTOMATIZARI": 16, "TEHNICIAN MECATRONIST": 3, "TEHNICIAN IN INDUSTRIA TEXTILA": 3, "TEHNICIAN MECANIC PENTRU INTRETINERE SI REPARATII": 5, "TEHNICIAN OPERATOR TEHNICA DE CALCUL": 4, "TEHNICIAN ELECTROTEHNIST": 3, "TEHNICIAN IN INDUSTRIA MATERIALELOR DE CONSTRUCTII": 1, "TEHNICIAN IN TURISM": 2}, "limba_moderna": {"LIMBA ENGLEZA": 117, "LIMBA FRANCEZA": 15}, "limba_materna": {"LIMBA ROMANA": 132}, "promotie_anterioara": {"DA": 68, "NU": 64}, "materii": {"LIMBA ROMANA": {"medie": 5.6960629921259835, "reusita": 78.03030303030303, "cnt": 132}, "MATEMATICA TEHN": {"medie": 3.832584269662921, "reusita": 39.784946236559136, "cnt": 93}, "BIOLOGIE VEGETALA SI ANIMALA": {"medie": 4.124107142857143, "reusita": 37.096774193548384, "cnt": 62}, "GENERAL": {"medie": 4.848179271708683, "reusita": 18.939393939393938, "cnt": 132}, "ANATOMIE SI FIZIOLOGIE UMANA, GENETICA SI ECOLOGIE UMANA": {"medie": 5.919827586206897, "reusita": 69.49152542372882, "cnt": 59}, "FIZICA TEH": {"medie": 2.5, "reusita": 0.0, "cnt": 4}, "GEOGRAFIE": {"medie": 2.2, "reusita": 0.0, "cnt": 2}, "MATEMATICA ST-NAT": {"medie": 3.7614285714285716, "reusita": 35.8974358974359, "cnt": 39}, "CHIMIE ORGANICA TEO NIVEL I/II": {"medie": 5.0, "reusita": 100.0, "cnt": 1}, "CHIMIE ANORGANICA TEH NIVEL I/II": {"medie": 3.9625, "reusita": 25.0, "cnt": 4}}, "nume": "COLEGIUL TEHNIC NR 2 TG-JIU\tGorj"}