{"specializari": {"MATEMATICA-INFORMATICA": 50, "TEHNICIAN OPERATOR TEHNICA DE CALCUL": 28, "TEHNICIAN DE TELECOMUNICATII": 30, "TEHNICIAN IN INSTALATII ELECTRICE": 31, "TEHNICIAN ELECTROMECANIC": 24, "TEHNICIAN PROIECTANT CAD": 26, "TEHNICIAN ELECTRONIST": 14, "TEHNICIAN MECATRONIST": 4, "TEHNICIAN TRANSPORTURI": 5, "TEHNICIAN CHIMIST DE LABORATOR": 1, "TEHNICIAN PRELUCRARI MECANICE": 2, "TEHNICIAN IN AUTOMATIZARI": 2}, "limba_moderna": {"LIMBA ENGLEZA": 198, "LIMBA FRANCEZA": 19}, "limba_materna": {"LIMBA ROMANA": 217}, "promotie_anterioara": {"NU": 147, "DA": 70}, "materii": {"LIMBA ROMANA": {"medie": 5.8583333333333325, "reusita": 79.26267281105991, "cnt": 217}, "MATEMATICA TEHN": {"medie": 4.802397260273971, "reusita": 56.886227544910184, "cnt": 167}, "BIOLOGIE VEGETALA SI ANIMALA": {"medie": 4.800370370370373, "reusita": 45.63758389261745, "cnt": 149}, "GENERAL": {"medie": 5.289516129032258, "reusita": 30.414746543778804, "cnt": 217}, "MATEMATICA MATE-INFO": {"medie": 4.2969387755102035, "reusita": 48.0, "cnt": 50}, "ANATOMIE SI FIZIOLOGIE UMANA, GENETICA SI ECOLOGIE UMANA": {"medie": 6.640000000000001, "reusita": 80.0, "cnt": 10}, "FIZICA TEH": {"medie": 6.911764705882352, "reusita": 55.55555555555556, "cnt": 27}, "FIZICA TEO": {"medie": 6.590000000000001, "reusita": 100.0, "cnt": 10}, "INFORMATICA MI C/C++": {"medie": 5.304545454545455, "reusita": 63.63636363636363, "cnt": 11}, "CHIMIE ANORGANICA TEO NIVEL I/II": {"medie": 6.6, "reusita": 100.0, "cnt": 2}, "CHIMIE ANORGANICA TEH NIVEL I/II": {"medie": 5.091666666666668, "reusita": 62.5, "cnt": 8}}, "nume": "COLEGIUL TEHNIC \"EDMOND NICOLAU\" FOCSANI\tVrancea"}