{"specializari": {"STIINTE ALE NATURII": 87, "MATEMATICA-INFORMATICA": 56, "FILOLOGIE": 34}, "limba_moderna": {"LIMBA ENGLEZA": 173, "LIMBA FRANCEZA": 4}, "limba_materna": {"LIMBA ROMANA": 177}, "promotie_anterioara": {"NU": 173, "DA": 4}, "materii": {"LIMBA ROMANA": {"medie": 8.918644067796606, "reusita": 100.0, "cnt": 177}, "BIOLOGIE VEGETALA SI ANIMALA": {"medie": 8.45, "reusita": 100.0, "cnt": 2}, "GENERAL": {"medie": 8.927777777777782, "reusita": 98.30508474576271, "cnt": 177}, "MATEMATICA MATE-INFO": {"medie": 8.662500000000003, "reusita": 100.0, "cnt": 56}, "ANATOMIE SI FIZIOLOGIE UMANA, GENETICA SI ECOLOGIE UMANA": {"medie": 9.165306122448978, "reusita": 100.0, "cnt": 49}, "ISTORIE": {"medie": 9.161764705882355, "reusita": 100.0, "cnt": 34}, "GEOGRAFIE": {"medie": 8.691176470588236, "reusita": 88.23529411764706, "cnt": 17}, "FILOSOFIE": {"medie": 8.9, "reusita": 100.0, "cnt": 2}, "MATEMATICA ST-NAT": {"medie": 8.777586206896556, "reusita": 100.0, "cnt": 87}, "FIZICA TEO": {"medie": 8.72272727272727, "reusita": 95.45454545454545, "cnt": 22}, "CHIMIE ORGANICA TEO NIVEL I/II": {"medie": 9.256666666666668, "reusita": 100.0, "cnt": 15}, "LOGICA, ARGUMENTARE SI COMUNICARE": {"medie": 9.459999999999999, "reusita": 100.0, "cnt": 5}, "INFORMATICA MI C/C++": {"medie": 9.093750000000004, "reusita": 100.0, "cnt": 40}, "PSIHOLOGIE": {"medie": 9.15, "reusita": 100.0, "cnt": 3}, "CHIMIE ANORGANICA TEO NIVEL I/II": {"medie": 9.35, "reusita": 100.0, "cnt": 8}, "SOCIOLOGIE": {"medie": 8.628571428571428, "reusita": 100.0, "cnt": 7}, "INFORMATICA SN C/C++": {"medie": 9.4, "reusita": 100.0, "cnt": 7}}, "nume": "COLEGIUL NATIONAL \"MOISE NICOARA\" ARAD\tArad"}