{"specializari": {"TEHNICIAN IN ACTIVITATI ECONOMICE": 29, "TEHNICIAN VETERINAR": 23, "TEHNICIAN ANALIZE PRODUSE ALIMENTARE": 2, "TEHNICIAN OPERATOR PROCESARE TEXT IMAGINE": 28, "TEHNICIAN IN TURISM": 29, "TEHNICIAN IN ACTIVITATI DE COMERT": 2}, "limba_moderna": {"LIMBA ENGLEZA": 111, "LIMBA GERMANA MODERNA": 2}, "limba_materna": {"LIMBA MAGHIARA": 113}, "promotie_anterioara": {"NU": 90, "DA": 23}, "materii": {"LIMBA ROMANA": {"medie": 3.4526548672566366, "reusita": 25.663716814159294, "cnt": 113}, "MATEMATICA TEHN": {"medie": 5.107079646017699, "reusita": 66.3716814159292, "cnt": 113}, "BIOLOGIE VEGETALA SI ANIMALA": {"medie": 5.75892857142857, "reusita": 78.57142857142857, "cnt": 28}, "GENERAL": {"medie": 5.366814159292037, "reusita": 18.58407079646018, "cnt": 113}, "ANATOMIE SI FIZIOLOGIE UMANA, GENETICA SI ECOLOGIE UMANA": {"medie": 5.966000000000001, "reusita": 80.0, "cnt": 25}, "GEOGRAFIE": {"medie": 6.936440677966099, "reusita": 94.91525423728814, "cnt": 59}, "LIMBA MAGHIARA (REAL)": {"medie": 6.4734513274336285, "reusita": 96.46017699115043, "cnt": 113}, "ECONOMIE": {"medie": 7.4, "reusita": 100.0, "cnt": 1}}, "nume": "COLEGIUL TEHNIC \"BATTHYANY IGNAC\" GHEORGHENI\tHarghita"}