{"specializari": {"FILOLOGIE": 32, "STIINTE ALE NATURII": 28, "MATEMATICA-INFORMATICA": 57}, "limba_moderna": {"LIMBA FRANCEZA": 19, "LIMBA ENGLEZA": 72, "LIMBA GERMANA MODERNA": 26}, "limba_materna": {"LIMBA ROMANA": 117}, "promotie_anterioara": {"NU": 110, "DA": 7}, "materii": {"LIMBA ROMANA": {"medie": 7.9294871794871815, "reusita": 100.0, "cnt": 117}, "BIOLOGIE VEGETALA SI ANIMALA": {"medie": 6.6, "reusita": 100.0, "cnt": 2}, "GENERAL": {"medie": 7.964347826086955, "reusita": 88.88888888888889, "cnt": 117}, "MATEMATICA MATE-INFO": {"medie": 7.956250000000002, "reusita": 91.22807017543859, "cnt": 57}, "ANATOMIE SI FIZIOLOGIE UMANA, GENETICA SI ECOLOGIE UMANA": {"medie": 8.844339622641508, "reusita": 98.11320754716981, "cnt": 53}, "ISTORIE": {"medie": 7.5890625, "reusita": 100.0, "cnt": 32}, "MATEMATICA ST-NAT": {"medie": 6.066666666666668, "reusita": 78.57142857142857, "cnt": 28}, "FIZICA TEO": {"medie": 7.699999999999999, "reusita": 100.0, "cnt": 3}, "CHIMIE ORGANICA TEO NIVEL I/II": {"medie": 6.9, "reusita": 100.0, "cnt": 1}, "LOGICA, ARGUMENTARE SI COMUNICARE": {"medie": 8.571875000000002, "reusita": 96.875, "cnt": 32}, "INFORMATICA MI C/C++": {"medie": 7.8420000000000005, "reusita": 96.0, "cnt": 25}, "INFORMATICA SN C/C++": {"medie": 9.0, "reusita": 100.0, "cnt": 1}}, "nume": "COLEGIUL NATIONAL \"TRAIAN DODA\" CARANSEBES\tCara\u0219-Severin"}