{"specializari": {"TEHNICIAN IN AUTOMATIZARI": 19, "INVATATOR - EDUCATOARE": 24, "TEHNICIAN IN ACTIVITATI ECONOMICE": 28, "TEHNICIAN IN INDUSTRIA TEXTILA": 1, "TEHNICIAN IN INSTALATII ELECTRICE": 3, "TEHNICIAN IN PRELUCRAREA LEMNULUI": 1, "ORGANIZATOR BANQUETING": 1, "TEHNICIAN MECANIC PENTRU INTRETINERE SI REPARATII": 1}, "limba_moderna": {"LIMBA ENGLEZA": 78}, "limba_materna": {"LIMBA ROMANA": 78}, "promotie_anterioara": {"NU": 59, "DA": 19}, "materii": {"LIMBA ROMANA": {"medie": 6.177922077922077, "reusita": 88.46153846153845, "cnt": 78}, "MATEMATICA TEHN": {"medie": 3.9788461538461535, "reusita": 44.44444444444444, "cnt": 54}, "BIOLOGIE VEGETALA SI ANIMALA": {"medie": 4.747619047619047, "reusita": 42.857142857142854, "cnt": 21}, "GENERAL": {"medie": 5.491333333333334, "reusita": 33.33333333333333, "cnt": 78}, "FIZICA TEH": {"medie": 5.5875, "reusita": 50.0, "cnt": 4}, "GEOGRAFIE": {"medie": 6.398039215686275, "reusita": 77.35849056603774, "cnt": 53}, "MATEMATICA PED": {"medie": 5.160416666666667, "reusita": 62.5, "cnt": 24}}, "nume": "COLEGIUL NATIONAL \"MIHAI EMINESCU\" TOPLITA\tHarghita"}