{"specializari": {"TEHNICIAN IN ACTIVITATI DE COMERT": 11, "TEHNICIAN PROIECTANT CAD": 16, "LICEU CU PROGRAM SPORTIV": 28, "TEHNICIAN MECANIC PENTRU INTRETINERE SI REPARATII": 5, "TEHNICIAN MECATRONIST": 3, "TEHNICIAN IN INSTALATII ELECTRICE": 2}, "limba_moderna": {"LIMBA ENGLEZA": 64, "LIMBA FRANCEZA": 1}, "limba_materna": {"LIMBA ROMANA": 65}, "promotie_anterioara": {"NU": 35, "DA": 30}, "materii": {"LIMBA ROMANA": {"medie": 5.047580645161291, "reusita": 72.3076923076923, "cnt": 65}, "MATEMATICA TEHN": {"medie": 3.9338235294117645, "reusita": 37.83783783783784, "cnt": 37}, "BIOLOGIE VEGETALA SI ANIMALA": {"medie": 4.086111111111111, "reusita": 30.0, "cnt": 20}, "GENERAL": {"medie": 5.0163793103448295, "reusita": 20.0, "cnt": 65}, "FIZICA TEH": {"medie": 2.2, "reusita": 0.0, "cnt": 3}, "ISTORIE": {"medie": 5.746296296296294, "reusita": 71.42857142857143, "cnt": 28}, "GEOGRAFIE": {"medie": 6.172916666666668, "reusita": 84.0, "cnt": 25}, "LOGICA, ARGUMENTARE SI COMUNICARE": {"medie": 5.426923076923076, "reusita": 64.28571428571429, "cnt": 14}, "CHIMIE ANORGANICA TEH NIVEL I/II": {"medie": 4.25, "reusita": 33.33333333333333, "cnt": 3}}, "nume": "COLEGIUL TEHNIC MECANIC \"GRIVITA\"\tBucure\u0219ti"}