{"specializari": {"FILOLOGIE": 57, "STIINTE ALE NATURII": 55}, "limba_moderna": {"LIMBA ENGLEZA": 90, "LIMBA FRANCEZA": 22}, "limba_materna": {"LIMBA GERMANA": 112}, "promotie_anterioara": {"DA": 2, "NU": 110}, "materii": {"LIMBA ROMANA": {"medie": 8.695535714285715, "reusita": 99.10714285714286, "cnt": 112}, "BIOLOGIE VEGETALA SI ANIMALA": {"medie": 9.700000000000001, "reusita": 100.0, "cnt": 3}, "GENERAL": {"medie": 8.460044642857145, "reusita": 98.21428571428571, "cnt": 112}, "ANATOMIE SI FIZIOLOGIE UMANA, GENETICA SI ECOLOGIE UMANA": {"medie": 9.473529411764709, "reusita": 100.0, "cnt": 34}, "ISTORIE": {"medie": 8.735087719298246, "reusita": 100.0, "cnt": 57}, "GEOGRAFIE": {"medie": 8.301923076923078, "reusita": 100.0, "cnt": 26}, "MATEMATICA ST-NAT": {"medie": 8.210909090909093, "reusita": 100.0, "cnt": 55}, "FIZICA TEO": {"medie": 8.95, "reusita": 100.0, "cnt": 5}, "CHIMIE ORGANICA TEO NIVEL I/II": {"medie": 7.6, "reusita": 100.0, "cnt": 1}, "LOGICA, ARGUMENTARE SI COMUNICARE": {"medie": 8.748, "reusita": 100.0, "cnt": 25}, "PSIHOLOGIE": {"medie": 8.325, "reusita": 100.0, "cnt": 4}, "CHIMIE ANORGANICA TEO NIVEL I/II": {"medie": 6.95, "reusita": 100.0, "cnt": 2}, "LIMBA GERMANA": {"medie": 7.877678571428575, "reusita": 100.0, "cnt": 112}, "ECONOMIE": {"medie": 8.725, "reusita": 100.0, "cnt": 2}, "INFORMATICA SN C/C++": {"medie": 8.165, "reusita": 100.0, "cnt": 10}}, "nume": "COLEGIUL NATIONAL \"JOHANNES HONTERUS\" BRASOV\tBra\u0219ov"}