{"specializari": {"FILOLOGIE": 31, "STIINTE ALE NATURII": 31, "MATEMATICA-INFORMATICA": 109, "STIINTE SOCIALE": 31}, "limba_moderna": {"LIMBA ENGLEZA": 191, "LIMBA FRANCEZA": 11}, "limba_materna": {"LIMBA ROMANA": 202}, "promotie_anterioara": {"NU": 201, "DA": 1}, "materii": {"LIMBA ROMANA": {"medie": 8.858208955223878, "reusita": 99.5049504950495, "cnt": 202}, "BIOLOGIE VEGETALA SI ANIMALA": {"medie": 9.8, "reusita": 100.0, "cnt": 2}, "GENERAL": {"medie": 8.846019900497508, "reusita": 98.51485148514851, "cnt": 202}, "MATEMATICA MATE-INFO": {"medie": 8.477981651376147, "reusita": 100.0, "cnt": 109}, "ANATOMIE SI FIZIOLOGIE UMANA, GENETICA SI ECOLOGIE UMANA": {"medie": 9.276388888888887, "reusita": 98.61111111111111, "cnt": 72}, "ISTORIE": {"medie": 9.225, "reusita": 100.0, "cnt": 62}, "GEOGRAFIE": {"medie": 9.35, "reusita": 100.0, "cnt": 3}, "FILOSOFIE": {"medie": 9.1, "reusita": 100.0, "cnt": 1}, "MATEMATICA ST-NAT": {"medie": 7.951612903225806, "reusita": 96.7741935483871, "cnt": 31}, "FIZICA TEO": {"medie": 8.92906976744186, "reusita": 97.72727272727273, "cnt": 44}, "CHIMIE ORGANICA TEO NIVEL I/II": {"medie": 8.716666666666667, "reusita": 100.0, "cnt": 12}, "LOGICA, ARGUMENTARE SI COMUNICARE": {"medie": 8.997916666666669, "reusita": 97.91666666666666, "cnt": 48}, "INFORMATICA MI C/C++": {"medie": 8.465, "reusita": 100.0, "cnt": 10}, "PSIHOLOGIE": {"medie": 8.51875, "reusita": 100.0, "cnt": 8}, "SOCIOLOGIE": {"medie": 9.5, "reusita": 100.0, "cnt": 2}}, "nume": "COLEGIUL NATIONAL \"MIHAI VITEAZUL\" SLOBOZIA\tIalomi\u021ba"}