{"specializari": {"MATEMATICA-INFORMATICA": 89, "FILOLOGIE": 114, "STIINTE SOCIALE": 5, "STIINTE ALE NATURII": 1}, "limba_moderna": {"LIMBA ENGLEZA": 195, "LIMBA FRANCEZA": 9, "LIMBA GERMANA MODERNA": 5}, "limba_materna": {"LIMBA ROMANA": 209}, "promotie_anterioara": {"NU": 197, "DA": 12}, "materii": {"LIMBA ROMANA": {"medie": 7.467788461538465, "reusita": 98.08612440191388, "cnt": 209}, "BIOLOGIE VEGETALA SI ANIMALA": {"medie": 7.8, "reusita": 100.0, "cnt": 3}, "GENERAL": {"medie": 7.683896940418682, "reusita": 82.77511961722487, "cnt": 209}, "MATEMATICA MATE-INFO": {"medie": 7.639325842696629, "reusita": 95.50561797752809, "cnt": 89}, "ANATOMIE SI FIZIOLOGIE UMANA, GENETICA SI ECOLOGIE UMANA": {"medie": 7.6, "reusita": 100.0, "cnt": 8}, "ISTORIE": {"medie": 7.577118644067794, "reusita": 92.43697478991596, "cnt": 119}, "GEOGRAFIE": {"medie": 8.295744680851065, "reusita": 96.84210526315789, "cnt": 95}, "FILOSOFIE": {"medie": 9.2, "reusita": 100.0, "cnt": 1}, "MATEMATICA ST-NAT": {"medie": 3.0, "reusita": 0.0, "cnt": 1}, "FIZICA TEO": {"medie": 7.657534246575342, "reusita": 90.41095890410958, "cnt": 73}, "CHIMIE ORGANICA TEO NIVEL I/II": {"medie": 4.300000000000001, "reusita": 0.0, "cnt": 2}, "LOGICA, ARGUMENTARE SI COMUNICARE": {"medie": 7.93, "reusita": 100.0, "cnt": 5}, "INFORMATICA MI C/C++": {"medie": 7.8125, "reusita": 100.0, "cnt": 4}, "PSIHOLOGIE": {"medie": 8.3125, "reusita": 100.0, "cnt": 4}, "SOCIOLOGIE": {"medie": 7.340000000000001, "reusita": 66.66666666666666, "cnt": 6}, "ECONOMIE": {"medie": 8.78125, "reusita": 100.0, "cnt": 8}}, "nume": "COLEGIUL NATIONAL \"ION MAIORESCU\" GIURGIU\tGiurgiu"}