{"specializari": {"TEHNICIAN ELECTROMECANIC": 1, "TEHNICIAN MECATRONIST": 7, "TEHNICIAN PRELUCRARI MECANICE": 17, "TEHNICIAN TRANSPORTURI": 1, "TEHNICIAN PROIECTANT CAD": 13, "COAFOR STILIST": 2, "TEHNICIAN AVIATIE": 29, "TEHNICIAN ANALIZE PRODUSE ALIMENTARE": 22}, "limba_moderna": {"LIMBA ENGLEZA": 86, "LIMBA FRANCEZA": 6}, "limba_materna": {"LIMBA ROMANA": 92}, "promotie_anterioara": {"DA": 44, "NU": 48}, "materii": {"LIMBA ROMANA": {"medie": 5.669021739130436, "reusita": 85.86956521739131, "cnt": 92}, "MATEMATICA TEHN": {"medie": 4.4965909090909095, "reusita": 52.17391304347826, "cnt": 92}, "BIOLOGIE VEGETALA SI ANIMALA": {"medie": 5.367543859649123, "reusita": 62.71186440677966, "cnt": 59}, "GENERAL": {"medie": 5.267241379310345, "reusita": 27.173913043478258, "cnt": 92}, "ANATOMIE SI FIZIOLOGIE UMANA, GENETICA SI ECOLOGIE UMANA": {"medie": 6.138636363636365, "reusita": 72.72727272727273, "cnt": 22}, "FIZICA TEH": {"medie": 6.719999999999999, "reusita": 83.33333333333334, "cnt": 6}, "GEOGRAFIE": {"medie": 7.675000000000001, "reusita": 100.0, "cnt": 2}, "CHIMIE ANORGANICA TEH NIVEL I/II": {"medie": "-", "reusita": 0.0, "cnt": 1}, "CHIMIE ORGANICA TEH NIVEL I/II": {"medie": 2.7, "reusita": 0.0, "cnt": 2}}, "nume": "COLEGIUL TEHNIC \"TRANSILVANIA\" BRASOV\tBra\u0219ov"}