{"specializari": {"TEHNICIAN IN ACTIVITATI DE COMERT": 32, "TEHNICIAN IN GASTRONOMIE": 24, "TEHNICIAN IN TURISM": 27, "TEHNICIAN IN ACTIVITATI ECONOMICE": 111, "TEHNICIAN IN ADMINISTRATIE": 26}, "limba_moderna": {"LIMBA ENGLEZA": 206, "LIMBA FRANCEZA": 14}, "limba_materna": {"LIMBA ROMANA": 220}, "promotie_anterioara": {"NU": 211, "DA": 9}, "materii": {"LIMBA ROMANA": {"medie": 7.703636363636357, "reusita": 98.18181818181819, "cnt": 220}, "MATEMATICA TEHN": {"medie": 7.47853881278539, "reusita": 95.9090909090909, "cnt": 220}, "GENERAL": {"medie": 7.800761035007607, "reusita": 91.36363636363637, "cnt": 220}, "GEOGRAFIE": {"medie": 8.482500000000003, "reusita": 97.5609756097561, "cnt": 41}, "LOGICA, ARGUMENTARE SI COMUNICARE": {"medie": 8.140782122905028, "reusita": 96.08938547486034, "cnt": 179}}, "nume": "COLEGIUL ECONOMIC \"OCTAV ONICESCU\" BOTOSANI\tBoto\u0219ani"}