{"specializari": {"MATEMATICA-INFORMATICA": 86, "STIINTE ALE NATURII": 24, "FILOLOGIE": 24}, "limba_moderna": {"LIMBA ENGLEZA": 118, "LIMBA GERMANA MODERNA": 14, "LIMBA FRANCEZA": 2}, "limba_materna": {"LIMBA ROMANA": 134}, "promotie_anterioara": {"NU": 134}, "materii": {"LIMBA ROMANA": {"medie": 9.392910447761194, "reusita": 100.0, "cnt": 134}, "GENERAL": {"medie": 9.605099502487565, "reusita": 100.0, "cnt": 134}, "MATEMATICA MATE-INFO": {"medie": 9.65639534883721, "reusita": 100.0, "cnt": 86}, "ANATOMIE SI FIZIOLOGIE UMANA, GENETICA SI ECOLOGIE UMANA": {"medie": 9.786666666666667, "reusita": 100.0, "cnt": 45}, "ISTORIE": {"medie": 9.795833333333333, "reusita": 100.0, "cnt": 24}, "GEOGRAFIE": {"medie": 9.735, "reusita": 100.0, "cnt": 10}, "FILOSOFIE": {"medie": 9.8, "reusita": 100.0, "cnt": 1}, "MATEMATICA ST-NAT": {"medie": 9.679166666666665, "reusita": 100.0, "cnt": 24}, "FIZICA TEO": {"medie": 9.806666666666668, "reusita": 100.0, "cnt": 45}, "CHIMIE ORGANICA TEO NIVEL I/II": {"medie": 9.808333333333335, "reusita": 100.0, "cnt": 6}, "LOGICA, ARGUMENTARE SI COMUNICARE": {"medie": 9.633333333333333, "reusita": 100.0, "cnt": 9}, "INFORMATICA MI C/C++": {"medie": 9.546428571428573, "reusita": 100.0, "cnt": 14}, "PSIHOLOGIE": {"medie": 9.35, "reusita": 100.0, "cnt": 2}, "ECONOMIE": {"medie": 9.0, "reusita": 100.0, "cnt": 2}}, "nume": "COLEGIUL NATIONAL, IASI\tIa\u0219i"}