{"specializari": {"MATEMATICA-INFORMATICA": 122, "FILOLOGIE": 64, "STIINTE SOCIALE": 32, "LICEU CU PROGRAM SPORTIV": 7}, "limba_moderna": {"LIMBA ENGLEZA": 196, "LIMBA FRANCEZA": 29}, "limba_materna": {"LIMBA ROMANA": 225}, "promotie_anterioara": {"NU": 204, "DA": 21}, "materii": {"LIMBA ROMANA": {"medie": 7.55045045045044, "reusita": 97.77777777777777, "cnt": 225}, "BIOLOGIE VEGETALA SI ANIMALA": {"medie": 5.1, "reusita": 50.0, "cnt": 2}, "GENERAL": {"medie": 7.477300150829561, "reusita": 78.66666666666666, "cnt": 225}, "MATEMATICA MATE-INFO": {"medie": 6.303305785123967, "reusita": 81.14754098360656, "cnt": 122}, "ANATOMIE SI FIZIOLOGIE UMANA, GENETICA SI ECOLOGIE UMANA": {"medie": 7.78706896551724, "reusita": 93.10344827586206, "cnt": 58}, "ISTORIE": {"medie": 8.231553398058253, "reusita": 99.02912621359224, "cnt": 103}, "GEOGRAFIE": {"medie": 8.815384615384612, "reusita": 96.29629629629629, "cnt": 27}, "FIZICA TEO": {"medie": 6.6863636363636365, "reusita": 95.45454545454545, "cnt": 22}, "CHIMIE ORGANICA TEO NIVEL I/II": {"medie": 6.7, "reusita": 83.33333333333334, "cnt": 6}, "LOGICA, ARGUMENTARE SI COMUNICARE": {"medie": 8.498571428571429, "reusita": 97.14285714285714, "cnt": 35}, "INFORMATICA MI C/C++": {"medie": 6.33225806451613, "reusita": 81.25, "cnt": 32}, "PSIHOLOGIE": {"medie": 7.875, "reusita": 100.0, "cnt": 4}, "CHIMIE ANORGANICA TEO NIVEL I/II": {"medie": 5.5, "reusita": 100.0, "cnt": 2}, "SOCIOLOGIE": {"medie": 7.742424242424242, "reusita": 100.0, "cnt": 33}, "ECONOMIE": {"medie": 8.9375, "reusita": 100.0, "cnt": 4}}, "nume": "COLEGIUL NATIONAL \"OCTAV ONICESCU\"\tBucure\u0219ti"}