{"specializari": {"MUZICA": 73}, "limba_moderna": {"LIMBA ENGLEZA": 73}, "limba_materna": {"LIMBA ROMANA": 73}, "promotie_anterioara": {"NU": 59, "DA": 14}, "materii": {"LIMBA ROMANA": {"medie": 7.008904109589044, "reusita": 93.15068493150685, "cnt": 73}, "GENERAL": {"medie": 7.518518518518517, "reusita": 78.08219178082192, "cnt": 73}, "ISTORIE": {"medie": 7.6111111111111125, "reusita": 91.78082191780823, "cnt": 73}, "GEOGRAFIE": {"medie": 7.856730769230769, "reusita": 88.67924528301887, "cnt": 53}, "LOGICA, ARGUMENTARE SI COMUNICARE": {"medie": 8.011764705882353, "reusita": 88.23529411764706, "cnt": 17}, "PSIHOLOGIE": {"medie": 7.633333333333333, "reusita": 100.0, "cnt": 3}}, "nume": "COLEGIUL NATIONAL DE MUZICA \"GEORGE ENESCU\"\tBucure\u0219ti"}