{"specializari": {"MATEMATICA-INFORMATICA": 58, "TEHNICIAN IN ACTIVITATI ECONOMICE": 86, "TEHNICIAN IN INSTALATII ELECTRICE": 33, "TEHNICIAN PRELUCRARI PE MASINI CU COMANDA NUMERICA": 21, "TEHNICIAN IN AUTOMATIZARI": 30, "TEHNICIAN ELECTROMECANIC": 32, "TEHNICIAN DE TELECOMUNICATII": 3, "TEHNICIAN MECATRONIST": 4, "TEHNICIAN TRANSPORTURI": 1}, "limba_moderna": {"LIMBA ENGLEZA": 264, "LIMBA FRANCEZA": 4}, "limba_materna": {"LIMBA ROMANA": 268}, "promotie_anterioara": {"NU": 240, "DA": 28}, "materii": {"LIMBA ROMANA": {"medie": 7.578651685393255, "reusita": 98.13432835820896, "cnt": 268}, "MATEMATICA TEHN": {"medie": 5.973317307692304, "reusita": 77.61904761904762, "cnt": 210}, "BIOLOGIE VEGETALA SI ANIMALA": {"medie": 5.522222222222224, "reusita": 63.013698630136986, "cnt": 73}, "GENERAL": {"medie": 6.979937106918238, "reusita": 67.91044776119402, "cnt": 268}, "MATEMATICA MATE-INFO": {"medie": 7.539655172413795, "reusita": 94.82758620689656, "cnt": 58}, "ANATOMIE SI FIZIOLOGIE UMANA, GENETICA SI ECOLOGIE UMANA": {"medie": 9.013636363636364, "reusita": 95.65217391304348, "cnt": 23}, "FIZICA TEH": {"medie": 5.610204081632654, "reusita": 63.26530612244898, "cnt": 49}, "GEOGRAFIE": {"medie": 8.339411764705881, "reusita": 95.29411764705881, "cnt": 85}, "FIZICA TEO": {"medie": 7.87, "reusita": 90.0, "cnt": 10}, "INFORMATICA MI C/C++": {"medie": 7.335000000000001, "reusita": 95.0, "cnt": 20}, "PSIHOLOGIE": {"medie": 9.7, "reusita": 100.0, "cnt": 1}, "CHIMIE ANORGANICA TEO NIVEL I/II": {"medie": 7.5200000000000005, "reusita": 80.0, "cnt": 5}, "CHIMIE ANORGANICA TEH NIVEL I/II": {"medie": 7.324999999999999, "reusita": 100.0, "cnt": 2}}, "nume": "COLEGIUL TEHNIC \"ALESANDRU PAPIU ILARIAN\" ZALAU\tS\u0103laj"}