{"specializari": {"TEHNICIAN IN INDUSTRIA PIELARIEI": 2, "TEHNICIAN IN TURISM": 60, "TEHNICIAN DESIGNER VESTIMENTAR": 8, "TEHNICIAN IN INDUSTRIA TEXTILA": 2}, "limba_moderna": {"LIMBA ENGLEZA": 71, "LIMBA FRANCEZA": 1}, "limba_materna": {"LIMBA ROMANA": 72}, "promotie_anterioara": {"DA": 20, "NU": 52}, "materii": {"LIMBA ROMANA": {"medie": 5.847857142857143, "reusita": 81.94444444444444, "cnt": 72}, "MATEMATICA TEHN": {"medie": 5.183333333333332, "reusita": 68.05555555555556, "cnt": 72}, "BIOLOGIE VEGETALA SI ANIMALA": {"medie": 4.824999999999999, "reusita": 50.0, "cnt": 8}, "GENERAL": {"medie": 6.197058823529411, "reusita": 59.72222222222222, "cnt": 72}, "ANATOMIE SI FIZIOLOGIE UMANA, GENETICA SI ECOLOGIE UMANA": {"medie": 5.9, "reusita": 100.0, "cnt": 2}, "FIZICA TEH": {"medie": 5.0, "reusita": 100.0, "cnt": 1}, "GEOGRAFIE": {"medie": 8.033333333333337, "reusita": 94.91525423728814, "cnt": 59}, "LOGICA, ARGUMENTARE SI COMUNICARE": {"medie": 8.95, "reusita": 100.0, "cnt": 1}, "CHIMIE ANORGANICA TEH NIVEL I/II": {"medie": 3.2, "reusita": 0.0, "cnt": 1}}, "nume": "COLEGIUL DE SERVICII IN TURISM \"NAPOCA\" CLUJ-NAPOCA\tCluj"}