{"specializari": {"TEHNICIAN MECATRONIST": 21, "TEHNICIAN ECOLOG SI PROTECTIA CALITATII MEDIULUI": 24, "TEHNICIAN PRELUCRARI MECANICE": 20, "TEHNICIAN MECANIC PENTRU INTRETINERE SI REPARATII": 19, "TEHNICIAN IN INSTALATII ELECTRICE": 32, "MATEMATICA-INFORMATICA": 35, "TEHNICIAN ELECTROTEHNIST": 2, "STIINTE ALE NATURII": 3, "STIINTE SOCIALE": 1, "FILOLOGIE": 34}, "limba_moderna": {"LIMBA ENGLEZA": 182, "LIMBA FRANCEZA": 9}, "limba_materna": {"LIMBA ROMANA": 191}, "promotie_anterioara": {"DA": 80, "NU": 111}, "materii": {"LIMBA ROMANA": {"medie": 6.351902173913039, "reusita": 83.7696335078534, "cnt": 191}, "MATEMATICA TEHN": {"medie": 3.8295238095238093, "reusita": 43.22033898305085, "cnt": 118}, "BIOLOGIE VEGETALA SI ANIMALA": {"medie": 4.411363636363638, "reusita": 39.58333333333333, "cnt": 96}, "GENERAL": {"medie": 5.755268199233716, "reusita": 41.8848167539267, "cnt": 191}, "MATEMATICA MATE-INFO": {"medie": 5.907142857142858, "reusita": 77.14285714285715, "cnt": 35}, "ANATOMIE SI FIZIOLOGIE UMANA, GENETICA SI ECOLOGIE UMANA": {"medie": 6.564893617021277, "reusita": 83.33333333333334, "cnt": 48}, "FIZICA TEH": {"medie": 3.9, "reusita": 25.0, "cnt": 4}, "ISTORIE": {"medie": 7.565714285714288, "reusita": 100.0, "cnt": 35}, "GEOGRAFIE": {"medie": 9.309090909090907, "reusita": 100.0, "cnt": 11}, "FILOSOFIE": {"medie": 5.0, "reusita": 100.0, "cnt": 1}, "MATEMATICA ST-NAT": {"medie": 5.85, "reusita": 66.66666666666666, "cnt": 3}, "FIZICA TEO": {"medie": 7.5, "reusita": 100.0, "cnt": 4}, "LOGICA, ARGUMENTARE SI COMUNICARE": {"medie": 7.2, "reusita": 100.0, "cnt": 1}, "INFORMATICA MI C/C++": {"medie": 5.75, "reusita": 100.0, "cnt": 2}, "SOCIOLOGIE": {"medie": 8.086363636363636, "reusita": 95.45454545454545, "cnt": 22}, "CHIMIE ANORGANICA TEH NIVEL I/II": {"medie": 2.2, "reusita": 0.0, "cnt": 2}}, "nume": "COLEGIUL TEHNIC \"PETRU MAIOR\"\tBucure\u0219ti"}