{"specializari": {"TEHNICIAN ANALIZE PRODUSE ALIMENTARE": 64, "TEHNICIAN IN MORARIT, PANIFICATIE SI PRODUSE FAINOASE": 30, "TEHNICIAN IN PRELUCRAREA PRODUSELOR DE ORIGINE ANIMALA": 28, "TEHNICIAN IN INDUSTRIA ALIMENTARA": 63, "TEHNICIAN IN IND. ALIM. FERMENTATIVA SI IN PREL. LEGUMELOR SI FRUCTELOR": 15, "TEHNICIAN IN GASTRONOMIE": 40}, "limba_moderna": {"LIMBA ENGLEZA": 195, "LIMBA FRANCEZA": 45}, "limba_materna": {"LIMBA ROMANA": 240}, "promotie_anterioara": {"NU": 166, "DA": 74}, "materii": {"LIMBA ROMANA": {"medie": 5.733766233766238, "reusita": 81.25, "cnt": 240}, "MATEMATICA TEHN": {"medie": 4.483920704845815, "reusita": 51.24999999999999, "cnt": 240}, "BIOLOGIE VEGETALA SI ANIMALA": {"medie": 5.438888888888888, "reusita": 66.66666666666666, "cnt": 9}, "GENERAL": {"medie": 5.3391369047619035, "reusita": 34.583333333333336, "cnt": 240}, "ANATOMIE SI FIZIOLOGIE UMANA, GENETICA SI ECOLOGIE UMANA": {"medie": 5.428654970760235, "reusita": 56.9060773480663, "cnt": 181}, "GEOGRAFIE": {"medie": 7.463157894736841, "reusita": 90.0, "cnt": 20}, "LOGICA, ARGUMENTARE SI COMUNICARE": {"medie": 7.897499999999999, "reusita": 100.0, "cnt": 20}, "CHIMIE ANORGANICA TEH NIVEL I/II": {"medie": 4.916666666666667, "reusita": 66.66666666666666, "cnt": 6}, "CHIMIE ORGANICA TEH NIVEL I/II": {"medie": 4.875, "reusita": 75.0, "cnt": 4}}, "nume": "COLEGIUL DE INDUSTRIE ALIMENTARA \"ELENA DOAMNA\", LOCALITATEA GALATI\tGala\u021bi"}