{"specializari": {"TEHNICIAN IN INSTALATII ELECTRICE": 25, "TEHNICIAN OPERATOR TEHNICA DE CALCUL": 25, "TEHNICIAN IN ACHIZITII SI CONTRACTARI": 31, "TEHNICIAN ECOLOG SI PROTECTIA CALITATII MEDIULUI": 49, "TEHNICIAN IN INDUSTRIA MATERIALELOR DE CONSTRUCTII": 2, "TEHNICIAN IN ACTIVITATI ECONOMICE": 32, "TEHNICIAN DESENATOR PENTRU CONSTRUCTII SI INSTALATII": 5, "TEHNICIAN ELECTROTEHNIST": 2, "TEHNICIAN MECANIC PENTRU INTRETINERE SI REPARATII": 2, "TEHNICIAN ELECTROMECANIC": 1, "TEHNICIAN IN CONSTRUCTII SI LUCRARI PUBLICE": 1}, "limba_moderna": {"LIMBA ENGLEZA": 141, "LIMBA FRANCEZA": 34}, "limba_materna": {"LIMBA ROMANA": 175}, "promotie_anterioara": {"NU": 141, "DA": 34}, "materii": {"LIMBA ROMANA": {"medie": 6.456896551724138, "reusita": 91.42857142857143, "cnt": 175}, "MATEMATICA TEHN": {"medie": 5.661627906976742, "reusita": 74.28571428571429, "cnt": 175}, "BIOLOGIE VEGETALA SI ANIMALA": {"medie": 5.523684210526315, "reusita": 62.06896551724138, "cnt": 58}, "GENERAL": {"medie": 6.41081871345029, "reusita": 60.0, "cnt": 175}, "ANATOMIE SI FIZIOLOGIE UMANA, GENETICA SI ECOLOGIE UMANA": {"medie": 7.480208333333331, "reusita": 87.5, "cnt": 48}, "FIZICA TEH": {"medie": 6.266666666666667, "reusita": 66.66666666666666, "cnt": 3}, "GEOGRAFIE": {"medie": 8.233333333333333, "reusita": 91.37931034482759, "cnt": 58}, "LOGICA, ARGUMENTARE SI COMUNICARE": {"medie": 5.3, "reusita": 100.0, "cnt": 1}, "PSIHOLOGIE": {"medie": 7.050000000000001, "reusita": 100.0, "cnt": 4}, "CHIMIE ANORGANICA TEH NIVEL I/II": {"medie": 5.85, "reusita": 50.0, "cnt": 2}, "CHIMIE ORGANICA TEH NIVEL I/II": {"medie": 9.2, "reusita": 100.0, "cnt": 1}}, "nume": "COLEGIUL TEHNIC \"PETRU PONI\", MUNICIPIUL ROMAN\tNeam\u021b"}