{"specializari": {"STIINTE ALE NATURII": 32, "FILOLOGIE": 70, "MATEMATICA-INFORMATICA": 92, "STIINTE SOCIALE": 35}, "limba_moderna": {"LIMBA ENGLEZA": 207, "LIMBA GERMANA MODERNA": 3, "LIMBA FRANCEZA": 19}, "limba_materna": {"LIMBA ROMANA": 229}, "promotie_anterioara": {"DA": 6, "NU": 223}, "materii": {"LIMBA ROMANA": {"medie": 8.733842794759822, "reusita": 100.0, "cnt": 229}, "BIOLOGIE VEGETALA SI ANIMALA": {"medie": 8.0, "reusita": 100.0, "cnt": 1}, "GENERAL": {"medie": 8.570014556040759, "reusita": 94.75982532751091, "cnt": 229}, "MATEMATICA MATE-INFO": {"medie": 7.973369565217388, "reusita": 97.82608695652173, "cnt": 92}, "ANATOMIE SI FIZIOLOGIE UMANA, GENETICA SI ECOLOGIE UMANA": {"medie": 9.01549295774648, "reusita": 100.0, "cnt": 71}, "ISTORIE": {"medie": 8.778095238095236, "reusita": 98.09523809523809, "cnt": 105}, "GEOGRAFIE": {"medie": 9.275000000000002, "reusita": 100.0, "cnt": 20}, "MATEMATICA ST-NAT": {"medie": 6.65625, "reusita": 93.75, "cnt": 32}, "FIZICA TEO": {"medie": 8.760416666666664, "reusita": 100.0, "cnt": 24}, "CHIMIE ORGANICA TEO NIVEL I/II": {"medie": 9.08, "reusita": 100.0, "cnt": 5}, "LOGICA, ARGUMENTARE SI COMUNICARE": {"medie": 8.523376623376624, "reusita": 93.5064935064935, "cnt": 77}, "INFORMATICA MI C/C++": {"medie": 8.829545454545455, "reusita": 100.0, "cnt": 22}, "PSIHOLOGIE": {"medie": 8.766666666666667, "reusita": 100.0, "cnt": 3}, "CHIMIE ANORGANICA TEO NIVEL I/II": {"medie": 8.7, "reusita": 100.0, "cnt": 1}, "ECONOMIE": {"medie": 8.9, "reusita": 100.0, "cnt": 5}}, "nume": "COLEGIUL NATIONAL \"GHEORGHE TITEICA\"\tMehedin\u021bi"}