{"specializari": {"TEHNICIAN IN ACTIVITATI DE COMERT": 4, "TEHNICIAN IN ADMINISTRATIE": 2, "COAFOR STILIST": 1, "TEHNICIAN VETERINAR": 21, "ORGANIZATOR BANQUETING": 16, "TEHNICIAN ELECTROMECANIC": 1, "TEHNICIAN IN TURISM": 2, "TEHNICIAN TRANSPORTURI": 1, "TEHNICIAN ANALIZE PRODUSE ALIMENTARE": 1, "TEHNICIAN IN HOTELARIE": 2, "TEHNICIAN IN INDUSTRIA ALIMENTARA": 1}, "limba_moderna": {"LIMBA ENGLEZA": 50, "LIMBA FRANCEZA": 2}, "limba_materna": {"LIMBA ROMANA": 52}, "promotie_anterioara": {"DA": 28, "NU": 24}, "materii": {"LIMBA ROMANA": {"medie": 6.318999999999999, "reusita": 86.53846153846155, "cnt": 52}, "MATEMATICA TEHN": {"medie": 4.7299999999999995, "reusita": 61.53846153846154, "cnt": 52}, "BIOLOGIE VEGETALA SI ANIMALA": {"medie": 5.1499999999999995, "reusita": 40.0, "cnt": 15}, "GENERAL": {"medie": 5.816666666666666, "reusita": 44.230769230769226, "cnt": 52}, "ANATOMIE SI FIZIOLOGIE UMANA, GENETICA SI ECOLOGIE UMANA": {"medie": 6.14375, "reusita": 55.55555555555556, "cnt": 9}, "FIZICA TEH": {"medie": 2.2, "reusita": 0.0, "cnt": 1}, "GEOGRAFIE": {"medie": 7.15, "reusita": 85.18518518518519, "cnt": 27}}, "nume": "COLEGIUL \"EMIL NEGRUTIU\" TURDA\tCluj"}