{"specializari": {"MUZICA": 70}, "limba_moderna": {"LIMBA ENGLEZA": 66, "LIMBA FRANCEZA": 4}, "limba_materna": {"LIMBA ROMANA": 46, "LIMBA MAGHIARA": 24}, "promotie_anterioara": {"DA": 2, "NU": 68}, "materii": {"LIMBA ROMANA": {"medie": 7.842857142857144, "reusita": 98.57142857142858, "cnt": 70}, "GENERAL": {"medie": 8.258630952380951, "reusita": 95.71428571428572, "cnt": 70}, "ISTORIE": {"medie": 8.577857142857141, "reusita": 100.0, "cnt": 70}, "GEOGRAFIE": {"medie": 8.2780303030303, "reusita": 100.0, "cnt": 66}, "LIMBA MAGHIARA (REAL)": {"medie": 8.383333333333333, "reusita": 100.0, "cnt": 24}, "FILOSOFIE": {"medie": 9.625, "reusita": 100.0, "cnt": 2}, "LOGICA, ARGUMENTARE SI COMUNICARE": {"medie": 8.850000000000001, "reusita": 100.0, "cnt": 2}}, "nume": "COLEGIUL DE MUZICA \"SIGISMUND TODUTA\" CLUJ-NAPOCA\tCluj"}