{"specializari": {"MUZICA": 27, "ARTE PLASTICE SI DECORATIVE": 31, "ARHITECTURA, ARTE AMBIENTALE SI DESIGN": 31}, "limba_moderna": {"LIMBA ENGLEZA": 82, "LIMBA FRANCEZA": 4, "LIMBA GERMANA MODERNA": 3}, "limba_materna": {"LIMBA ROMANA": 89}, "promotie_anterioara": {"NU": 77, "DA": 12}, "materii": {"LIMBA ROMANA": {"medie": 7.48988764044944, "reusita": 98.87640449438202, "cnt": 89}, "GENERAL": {"medie": 7.622846441947569, "reusita": 82.02247191011236, "cnt": 89}, "ISTORIE": {"medie": 7.75, "reusita": 98.87640449438202, "cnt": 89}, "GEOGRAFIE": {"medie": 7.71111111111111, "reusita": 100.0, "cnt": 9}, "FILOSOFIE": {"medie": 6.781818181818181, "reusita": 90.9090909090909, "cnt": 11}, "LOGICA, ARGUMENTARE SI COMUNICARE": {"medie": 7.7636363636363654, "reusita": 87.87878787878788, "cnt": 66}, "PSIHOLOGIE": {"medie": 7.516666666666667, "reusita": 100.0, "cnt": 3}}, "nume": "COLEGIUL DE ARTE BAIA MARE\tMaramure\u0219"}