{"specializari": {"TEHNICIAN IN ACTIVITATI DE COMERT": 32, "TEHNICIAN IN GASTRONOMIE": 64, "TEHNICIAN IN TURISM": 41, "TEHNICIAN IN ACTIVITATI ECONOMICE": 64, "TEHNICIAN IN ADMINISTRATIE": 7}, "limba_moderna": {"LIMBA FRANCEZA": 22, "LIMBA ENGLEZA": 183, "LIMBA RUSA": 3}, "limba_materna": {"LIMBA ROMANA": 208}, "promotie_anterioara": {"NU": 160, "DA": 48}, "materii": {"LIMBA ROMANA": {"medie": 6.492156862745097, "reusita": 96.15384615384616, "cnt": 208}, "MATEMATICA TEHN": {"medie": 5.69430693069307, "reusita": 73.07692307692307, "cnt": 208}, "GENERAL": {"medie": 6.50753768844221, "reusita": 63.46153846153846, "cnt": 208}, "GEOGRAFIE": {"medie": 7.2549019607843155, "reusita": 85.98726114649682, "cnt": 157}, "LOGICA, ARGUMENTARE SI COMUNICARE": {"medie": 7.407446808510642, "reusita": 81.63265306122449, "cnt": 49}, "ECONOMIE": {"medie": 6.225, "reusita": 100.0, "cnt": 2}}, "nume": "COLEGIUL ECONOMIC \"DELTA DUNARII\" TULCEA\tTulcea"}