{"specializari": {"MATEMATICA-INFORMATICA": 89, "FILOLOGIE": 28, "STIINTE ALE NATURII": 30, "STIINTE SOCIALE": 29}, "limba_moderna": {"LIMBA ENGLEZA": 158, "LIMBA FRANCEZA": 16, "LIMBA GERMANA MODERNA": 2}, "limba_materna": {"LIMBA ROMANA": 176}, "promotie_anterioara": {"NU": 176}, "materii": {"LIMBA ROMANA": {"medie": 8.811931818181813, "reusita": 100.0, "cnt": 176}, "BIOLOGIE VEGETALA SI ANIMALA": {"medie": 9.497058823529413, "reusita": 100.0, "cnt": 17}, "GENERAL": {"medie": 9.237500000000004, "reusita": 100.0, "cnt": 176}, "MATEMATICA MATE-INFO": {"medie": 9.193258426966292, "reusita": 100.0, "cnt": 89}, "ANATOMIE SI FIZIOLOGIE UMANA, GENETICA SI ECOLOGIE UMANA": {"medie": 8.8, "reusita": 100.0, "cnt": 8}, "ISTORIE": {"medie": 9.656140350877195, "reusita": 100.0, "cnt": 57}, "GEOGRAFIE": {"medie": 9.618965517241381, "reusita": 100.0, "cnt": 29}, "FILOSOFIE": {"medie": 10.0, "reusita": 100.0, "cnt": 1}, "MATEMATICA ST-NAT": {"medie": 9.493333333333334, "reusita": 100.0, "cnt": 30}, "FIZICA TEO": {"medie": 9.514843749999997, "reusita": 100.0, "cnt": 64}, "CHIMIE ORGANICA TEO NIVEL I/II": {"medie": 9.404545454545454, "reusita": 100.0, "cnt": 22}, "LOGICA, ARGUMENTARE SI COMUNICARE": {"medie": 9.854545454545454, "reusita": 100.0, "cnt": 11}, "INFORMATICA MI C/C++": {"medie": 9.925, "reusita": 100.0, "cnt": 8}, "PSIHOLOGIE": {"medie": 9.66, "reusita": 100.0, "cnt": 5}, "ECONOMIE": {"medie": 9.122727272727273, "reusita": 100.0, "cnt": 11}}, "nume": "COLEGIUL NATIONAL \"UNIREA\" FOCSANI\tVrancea"}