{"specializari": {"MATEMATICA-INFORMATICA": 62, "FILOLOGIE": 28, "STIINTE ALE NATURII": 30, "STIINTE SOCIALE": 30}, "limba_moderna": {"LIMBA ENGLEZA": 146, "LIMBA FRANCEZA": 3, "LIMBA RUSA": 1}, "limba_materna": {"LIMBA ROMANA": 150}, "promotie_anterioara": {"DA": 4, "NU": 146}, "materii": {"LIMBA ROMANA": {"medie": 8.097666666666663, "reusita": 98.0, "cnt": 150}, "GENERAL": {"medie": 7.738366890380312, "reusita": 77.33333333333333, "cnt": 150}, "MATEMATICA MATE-INFO": {"medie": 5.284426229508196, "reusita": 58.06451612903226, "cnt": 62}, "ANATOMIE SI FIZIOLOGIE UMANA, GENETICA SI ECOLOGIE UMANA": {"medie": 7.833333333333333, "reusita": 95.65217391304348, "cnt": 69}, "ISTORIE": {"medie": 8.46810344827586, "reusita": 96.55172413793103, "cnt": 58}, "GEOGRAFIE": {"medie": 8.95, "reusita": 100.0, "cnt": 8}, "FILOSOFIE": {"medie": 10.0, "reusita": 100.0, "cnt": 1}, "MATEMATICA ST-NAT": {"medie": 7.916666666666666, "reusita": 100.0, "cnt": 30}, "FIZICA TEO": {"medie": 8.223076923076924, "reusita": 84.61538461538461, "cnt": 13}, "CHIMIE ORGANICA TEO NIVEL I/II": {"medie": 4.975, "reusita": 50.0, "cnt": 2}, "LOGICA, ARGUMENTARE SI COMUNICARE": {"medie": 8.489024390243904, "reusita": 100.0, "cnt": 41}, "INFORMATICA MI C/C++": {"medie": 7.331249999999999, "reusita": 87.5, "cnt": 8}, "PSIHOLOGIE": {"medie": 7.575, "reusita": 100.0, "cnt": 2}, "SOCIOLOGIE": {"medie": 8.0, "reusita": 100.0, "cnt": 5}, "ECONOMIE": {"medie": 5.3, "reusita": 100.0, "cnt": 1}}, "nume": "COLEGIUL DOBROGEAN \"SPIRU HARET\" TULCEA\tTulcea"}