{"specializari": {"TEHNICIAN IN INSTALATII ELECTRICE": 19, "TEHNICIAN PROIECTANT CAD": 39, "COAFOR STILIST": 23, "TEHNICIAN IN ACTIVITATI DE COMERT": 38, "TEHNICIAN IN ACTIVITATI ECONOMICE": 37, "MATEMATICA-INFORMATICA": 1, "TEHNICIAN IN SILVICULTURA SI EXPLOATARI FORESTIERE": 15, "TEHNICIAN IN INDUSTRIA ALIMENTARA": 12, "TEHNICIAN IN GASTRONOMIE": 2, "TEHNICIAN DESENATOR PENTRU CONSTRUCTII SI INSTALATII": 3, "TEHNICIAN ANALIZE PRODUSE ALIMENTARE": 4, "TEHNICIAN DESIGNER MOBILA SI AMENAJARI INTERIOARE": 2}, "limba_moderna": {"LIMBA ENGLEZA": 195}, "limba_materna": {"LIMBA ROMANA": 195}, "promotie_anterioara": {"NU": 121, "DA": 74}, "materii": {"LIMBA ROMANA": {"medie": 5.517708333333331, "reusita": 76.92307692307693, "cnt": 195}, "MATEMATICA TEHN": {"medie": 3.6218421052631573, "reusita": 40.20618556701031, "cnt": 194}, "BIOLOGIE VEGETALA SI ANIMALA": {"medie": 4.058870967741934, "reusita": 37.5, "cnt": 64}, "GENERAL": {"medie": 4.926984126984125, "reusita": 27.17948717948718, "cnt": 195}, "MATEMATICA MATE-INFO": {"medie": 5.5, "reusita": 100.0, "cnt": 1}, "ANATOMIE SI FIZIOLOGIE UMANA, GENETICA SI ECOLOGIE UMANA": {"medie": 5.742857142857142, "reusita": 70.96774193548387, "cnt": 31}, "GEOGRAFIE": {"medie": 6.270555555555556, "reusita": 72.52747252747253, "cnt": 91}, "LOGICA, ARGUMENTARE SI COMUNICARE": {"medie": 8.966666666666665, "reusita": 100.0, "cnt": 9}}, "nume": "COLEGIUL TEHNIC \"IOAN CIORDAS\" BEIUS\tBihor"}