{"specializari": {"TEHNICIAN PRELUCRARI MECANICE": 3, "STIINTE ALE NATURII": 2, "TEHNICIAN OPERATOR TEHNICA DE CALCUL": 12, "TEHNICIAN IN ACTIVITATI ECONOMICE": 20, "TEHNICIAN PROIECTANT CAD": 5}, "limba_moderna": {"LIMBA ENGLEZA": 40, "LIMBA FRANCEZA": 2}, "limba_materna": {"LIMBA ROMANA": 42}, "promotie_anterioara": {"DA": 11, "NU": 31}, "materii": {"LIMBA ROMANA": {"medie": 5.806249999999999, "reusita": 85.71428571428571, "cnt": 42}, "MATEMATICA TEHN": {"medie": 4.730263157894737, "reusita": 55.00000000000001, "cnt": 40}, "BIOLOGIE VEGETALA SI ANIMALA": {"medie": 4.9825, "reusita": 45.45454545454545, "cnt": 22}, "GENERAL": {"medie": 5.449122807017544, "reusita": 35.714285714285715, "cnt": 42}, "GEOGRAFIE": {"medie": 7.371875, "reusita": 87.5, "cnt": 16}, "MATEMATICA ST-NAT": {"medie": "-", "reusita": 0.0, "cnt": 2}, "LOGICA, ARGUMENTARE SI COMUNICARE": {"medie": 3.8625000000000003, "reusita": 0.0, "cnt": 4}}, "nume": "COLEGIUL TEHNIC \"ION D. LAZARESCU\" CUGIR\tAlba"}