{"specializari": {"TEHNICIAN IN TURISM": 59, "TEHNICIAN IN ACTIVITATI ECONOMICE": 58, "TEHNICIAN IN ADMINISTRATIE": 30, "TEHNICIAN IN ACTIVITATI DE COMERT": 69, "TEHNICIAN IN GASTRONOMIE": 32}, "limba_moderna": {"LIMBA ENGLEZA": 226, "LIMBA FRANCEZA": 22}, "limba_materna": {"LIMBA ROMANA": 248}, "promotie_anterioara": {"NU": 227, "DA": 21}, "materii": {"LIMBA ROMANA": {"medie": 7.177530364372469, "reusita": 95.96774193548387, "cnt": 248}, "MATEMATICA TEHN": {"medie": 6.445081967213113, "reusita": 83.46774193548387, "cnt": 248}, "GENERAL": {"medie": 7.114462809917355, "reusita": 77.82258064516128, "cnt": 248}, "GEOGRAFIE": {"medie": 7.862132352941178, "reusita": 94.8905109489051, "cnt": 137}, "LOGICA, ARGUMENTARE SI COMUNICARE": {"medie": 7.429292929292929, "reusita": 86.0, "cnt": 100}, "PSIHOLOGIE": {"medie": 7.275, "reusita": 100.0, "cnt": 8}, "ECONOMIE": {"medie": 6.033333333333334, "reusita": 100.0, "cnt": 3}}, "nume": "COLEGIUL COMERCIAL \"CAROL I\" CONSTANTA\tConstan\u021ba"}