{"specializari": {"STIINTE SOCIALE": 93, "TEHNICIAN IN ACTIVITATI ECONOMICE": 54, "COAFOR STILIST": 24, "TEHNICIAN DE TELECOMUNICATII": 32, "TEHNICIAN OPERATOR TEHNICA DE CALCUL": 31, "MATEMATICA-INFORMATICA": 6, "ORGANIZATOR BANQUETING": 32, "TEHNICIAN ELECTRICIAN/ELECTRONIST AUTO": 22, "TEHNICIAN IN ACTIVITATI DE POSTA": 1, "TEHNICIAN IN INSTALATII ELECTRICE": 1}, "limba_moderna": {"LIMBA ENGLEZA": 289, "LIMBA FRANCEZA": 7}, "limba_materna": {"LIMBA ROMANA": 296}, "promotie_anterioara": {"NU": 239, "DA": 57}, "materii": {"LIMBA ROMANA": {"medie": 6.779759450171822, "reusita": 92.9054054054054, "cnt": 296}, "MATEMATICA TEHN": {"medie": 6.471827411167513, "reusita": 87.30964467005076, "cnt": 197}, "BIOLOGIE VEGETALA SI ANIMALA": {"medie": 6.266101694915254, "reusita": 80.0, "cnt": 60}, "GENERAL": {"medie": 6.944551724137931, "reusita": 72.2972972972973, "cnt": 296}, "MATEMATICA MATE-INFO": {"medie": 1.85, "reusita": 0.0, "cnt": 6}, "ANATOMIE SI FIZIOLOGIE UMANA, GENETICA SI ECOLOGIE UMANA": {"medie": 5.220000000000001, "reusita": 50.0, "cnt": 6}, "FIZICA TEH": {"medie": 8.53235294117647, "reusita": 100.0, "cnt": 17}, "ISTORIE": {"medie": 7.4342696629213485, "reusita": 89.24731182795699, "cnt": 93}, "GEOGRAFIE": {"medie": 8.07564102564102, "reusita": 93.71069182389937, "cnt": 159}, "FILOSOFIE": {"medie": "-", "reusita": 0.0, "cnt": 1}, "LOGICA, ARGUMENTARE SI COMUNICARE": {"medie": 6.269444444444443, "reusita": 75.0, "cnt": 36}, "PSIHOLOGIE": {"medie": 7.233333333333333, "reusita": 100.0, "cnt": 3}, "SOCIOLOGIE": {"medie": 6.720000000000001, "reusita": 100.0, "cnt": 5}, "CHIMIE ANORGANICA TEH NIVEL I/II": {"medie": 5.75, "reusita": 66.66666666666666, "cnt": 9}}, "nume": "COLEGIUL TEHNIC DE COMUNICATII \"N.VASILESCU-KARPEN\" BACAU\tBac\u0103u"}