{"specializari": {"FILOLOGIE": 53, "MATEMATICA-INFORMATICA": 60, "STIINTE ALE NATURII": 29, "TEHNICIAN IN ACTIVITATI ECONOMICE": 29}, "limba_moderna": {"LIMBA ENGLEZA": 162, "LIMBA FRANCEZA": 5, "LIMBA GERMANA MODERNA": 4}, "limba_materna": {"LIMBA ROMANA": 119, "LIMBA MAGHIARA": 52}, "promotie_anterioara": {"NU": 161, "DA": 10}, "materii": {"LIMBA ROMANA": {"medie": 7.649122807017543, "reusita": 95.32163742690058, "cnt": 171}, "MATEMATICA TEHN": {"medie": 8.1375, "reusita": 93.10344827586206, "cnt": 29}, "BIOLOGIE VEGETALA SI ANIMALA": {"medie": 8.73181818181818, "reusita": 100.0, "cnt": 22}, "GENERAL": {"medie": 8.09903846153846, "reusita": 87.71929824561403, "cnt": 171}, "MATEMATICA MATE-INFO": {"medie": 7.591666666666667, "reusita": 98.33333333333333, "cnt": 60}, "ANATOMIE SI FIZIOLOGIE UMANA, GENETICA SI ECOLOGIE UMANA": {"medie": 8.090909090909092, "reusita": 97.05882352941177, "cnt": 34}, "ISTORIE": {"medie": 8.293396226415096, "reusita": 100.0, "cnt": 53}, "GEOGRAFIE": {"medie": 8.972307692307695, "reusita": 98.48484848484848, "cnt": 66}, "LIMBA MAGHIARA (REAL)": {"medie": 8.526666666666667, "reusita": 100.0, "cnt": 30}, "FILOSOFIE": {"medie": 9.2, "reusita": 100.0, "cnt": 2}, "MATEMATICA ST-NAT": {"medie": 6.158620689655171, "reusita": 68.96551724137932, "cnt": 29}, "FIZICA TEO": {"medie": 8.852083333333335, "reusita": 100.0, "cnt": 24}, "INFORMATICA MI C/C++": {"medie": 7.6875, "reusita": 100.0, "cnt": 8}, "CHIMIE ANORGANICA TEO NIVEL I/II": {"medie": 9.6, "reusita": 100.0, "cnt": 1}, "SOCIOLOGIE": {"medie": 7.907142857142858, "reusita": 100.0, "cnt": 14}, "LIMBA MAGHIARA (UMAN)": {"medie": 8.138636363636364, "reusita": 100.0, "cnt": 22}}, "nume": "COLEGIUL NATIONAL \"SIMION BARNUTIU\" SIMLEU SILVANIEI\tS\u0103laj"}