{"specializari": {"FILOLOGIE": 30, "STIINTE SOCIALE": 33, "STIINTE ALE NATURII": 33, "MATEMATICA-INFORMATICA": 88}, "limba_moderna": {"LIMBA ENGLEZA": 183, "LIMBA FRANCEZA": 1}, "limba_materna": {"LIMBA ROMANA": 184}, "promotie_anterioara": {"NU": 184}, "materii": {"LIMBA ROMANA": {"medie": 8.777173913043477, "reusita": 100.0, "cnt": 184}, "GENERAL": {"medie": 8.71938405797102, "reusita": 98.36956521739131, "cnt": 184}, "MATEMATICA MATE-INFO": {"medie": 8.435227272727277, "reusita": 100.0, "cnt": 88}, "ANATOMIE SI FIZIOLOGIE UMANA, GENETICA SI ECOLOGIE UMANA": {"medie": 9.1575, "reusita": 100.0, "cnt": 40}, "ISTORIE": {"medie": 8.715079365079367, "reusita": 100.0, "cnt": 63}, "GEOGRAFIE": {"medie": 9.63125, "reusita": 100.0, "cnt": 8}, "MATEMATICA ST-NAT": {"medie": 8.61060606060606, "reusita": 100.0, "cnt": 33}, "FIZICA TEO": {"medie": 8.411538461538461, "reusita": 94.87179487179486, "cnt": 39}, "CHIMIE ORGANICA TEO NIVEL I/II": {"medie": 9.134375, "reusita": 100.0, "cnt": 16}, "LOGICA, ARGUMENTARE SI COMUNICARE": {"medie": 8.826744186046513, "reusita": 100.0, "cnt": 43}, "INFORMATICA MI C/C++": {"medie": 8.321153846153846, "reusita": 100.0, "cnt": 26}, "PSIHOLOGIE": {"medie": 9.0, "reusita": 100.0, "cnt": 3}, "SOCIOLOGIE": {"medie": 9.127777777777776, "reusita": 100.0, "cnt": 9}}, "nume": "COLEGIUL NATIONAL \"MIHAIL KOGALNICEANU\", LOCALITATEA GALATI\tGala\u021bi"}