{"specializari": {"STIINTE SOCIALE": 57, "MATEMATICA-INFORMATICA": 56, "STIINTE ALE NATURII": 30, "FILOLOGIE": 28}, "limba_moderna": {"LIMBA ENGLEZA": 165, "LIMBA FRANCEZA": 6}, "limba_materna": {"LIMBA ROMANA": 171}, "promotie_anterioara": {"NU": 170, "DA": 1}, "materii": {"LIMBA ROMANA": {"medie": 9.12456140350877, "reusita": 100.0, "cnt": 171}, "BIOLOGIE VEGETALA SI ANIMALA": {"medie": 8.707142857142857, "reusita": 100.0, "cnt": 7}, "GENERAL": {"medie": 9.173294346978562, "reusita": 99.41520467836257, "cnt": 171}, "MATEMATICA MATE-INFO": {"medie": 9.066071428571428, "reusita": 100.0, "cnt": 56}, "ANATOMIE SI FIZIOLOGIE UMANA, GENETICA SI ECOLOGIE UMANA": {"medie": 9.674999999999999, "reusita": 100.0, "cnt": 6}, "ISTORIE": {"medie": 9.32529411764706, "reusita": 100.0, "cnt": 85}, "GEOGRAFIE": {"medie": 9.657142857142857, "reusita": 100.0, "cnt": 7}, "MATEMATICA ST-NAT": {"medie": 9.189999999999998, "reusita": 100.0, "cnt": 30}, "FIZICA TEO": {"medie": 8.978846153846154, "reusita": 100.0, "cnt": 26}, "CHIMIE ORGANICA TEO NIVEL I/II": {"medie": 9.669444444444444, "reusita": 100.0, "cnt": 18}, "LOGICA, ARGUMENTARE SI COMUNICARE": {"medie": 9.088571428571427, "reusita": 100.0, "cnt": 70}, "INFORMATICA MI C/C++": {"medie": 9.320370370370371, "reusita": 100.0, "cnt": 27}, "PSIHOLOGIE": {"medie": 9.5, "reusita": 100.0, "cnt": 1}, "CHIMIE ANORGANICA TEO NIVEL I/II": {"medie": 8.5, "reusita": 100.0, "cnt": 2}, "ECONOMIE": {"medie": 8.72857142857143, "reusita": 100.0, "cnt": 7}}, "nume": "COLEGIUL NATIONAL \"NICOLAE GRIGORESCU\", MUNICIPIUL CAMPINA\tPrahova"}