{"specializari": {"STIINTE SOCIALE": 32, "STIINTE ALE NATURII": 56, "MATEMATICA-INFORMATICA": 29}, "limba_moderna": {"LIMBA ENGLEZA": 115, "LIMBA FRANCEZA": 2}, "limba_materna": {"LIMBA ROMANA": 117}, "promotie_anterioara": {"NU": 117}, "materii": {"LIMBA ROMANA": {"medie": 8.873076923076926, "reusita": 100.0, "cnt": 117}, "GENERAL": {"medie": 9.034757834757837, "reusita": 100.0, "cnt": 117}, "MATEMATICA MATE-INFO": {"medie": 9.193103448275862, "reusita": 100.0, "cnt": 29}, "ANATOMIE SI FIZIOLOGIE UMANA, GENETICA SI ECOLOGIE UMANA": {"medie": 9.594642857142858, "reusita": 100.0, "cnt": 56}, "ISTORIE": {"medie": 9.4125, "reusita": 100.0, "cnt": 32}, "GEOGRAFIE": {"medie": 9.139999999999999, "reusita": 100.0, "cnt": 15}, "MATEMATICA ST-NAT": {"medie": 8.394642857142857, "reusita": 100.0, "cnt": 56}, "FIZICA TEO": {"medie": 9.1625, "reusita": 100.0, "cnt": 8}, "LOGICA, ARGUMENTARE SI COMUNICARE": {"medie": 8.9125, "reusita": 100.0, "cnt": 8}, "INFORMATICA MI C/C++": {"medie": 8.954761904761904, "reusita": 100.0, "cnt": 21}, "SOCIOLOGIE": {"medie": 9.788888888888888, "reusita": 100.0, "cnt": 9}}, "nume": "COLEGIUL NATIONAL \"MIHAI VITEAZUL\" TURDA\tCluj"}