{"specializari": {"TEHNICIAN ANALIZE PRODUSE ALIMENTARE": 7, "TEHNICIAN ECOLOG SI PROTECTIA CALITATII MEDIULUI": 6, "ORGANIZATOR BANQUETING": 10, "TEHNICIAN IN ACTIVITATI ECONOMICE": 8, "MATEMATICA-INFORMATICA": 5, "TEHNICIAN IN TURISM": 2, "TEHNICIAN IN INDUSTRIA TEXTILA": 5, "TEHNICIAN IN INDUSTRIA ALIMENTARA": 2}, "limba_moderna": {"LIMBA FRANCEZA": 11, "LIMBA ENGLEZA": 34}, "limba_materna": {"LIMBA ROMANA": 45}, "promotie_anterioara": {"NU": 27, "DA": 18}, "materii": {"LIMBA ROMANA": {"medie": 5.713095238095238, "reusita": 80.0, "cnt": 45}, "MATEMATICA TEHN": {"medie": 4.227777777777778, "reusita": 52.5, "cnt": 40}, "GENERAL": {"medie": 5.58034188034188, "reusita": 35.55555555555556, "cnt": 45}, "MATEMATICA MATE-INFO": {"medie": 4.225, "reusita": 40.0, "cnt": 5}, "ANATOMIE SI FIZIOLOGIE UMANA, GENETICA SI ECOLOGIE UMANA": {"medie": 6.636666666666667, "reusita": 86.66666666666667, "cnt": 15}, "FIZICA TEH": {"medie": 3.1833333333333336, "reusita": 20.0, "cnt": 5}, "GEOGRAFIE": {"medie": 7.594999999999999, "reusita": 95.0, "cnt": 20}, "INFORMATICA MI C/C++": {"medie": 4.533333333333334, "reusita": 20.0, "cnt": 5}}, "nume": "COLEGIUL TEHNIC \"DANUBIANA\", MUNICIPIUL ROMAN\tNeam\u021b"}