{"specializari": {"TEHNICIAN TRANSPORTURI": 10, "TEHNICIAN IN GASTRONOMIE": 9, "TEHNICIAN DESIGNER VESTIMENTAR": 13, "STIINTE SOCIALE": 81, "TEHNICIAN IN TURISM": 67, "TEHNICIAN IN AUTOMATIZARI": 31, "TEHNICIAN INSTALATOR PENTRU CONSTRUCTII": 1, "TEHNICIAN IN ACTIVITATI ECONOMICE": 67, "FILOLOGIE": 32, "STIINTE ALE NATURII": 66, "TEHNICIAN IN HOTELARIE": 11, "TEHNICIAN IN ADMINISTRATIE": 10, "MATEMATICA-INFORMATICA": 61, "TEHNICIAN IN CONSTRUCTII SI LUCRARI PUBLICE": 7, "TEHNICIAN IN ACTIVITATI DE COMERT": 1}, "limba_moderna": {"LIMBA FRANCEZA": 106, "LIMBA ENGLEZA": 361}, "limba_materna": {"LIMBA ROMANA": 467}, "promotie_anterioara": {"DA": 118, "NU": 349}, "materii": {"LIMBA ROMANA": {"medie": 6.598651685393259, "reusita": 83.72591006423983, "cnt": 467}, "MATEMATICA TEHN": {"medie": 4.600228310502285, "reusita": 58.590308370044056, "cnt": 227}, "BIOLOGIE VEGETALA SI ANIMALA": {"medie": 3.7954545454545454, "reusita": 28.333333333333332, "cnt": 60}, "GENERAL": {"medie": 6.5080091533180795, "reusita": 55.88865096359743, "cnt": 467}, "MATEMATICA MATE-INFO": {"medie": 7.5600000000000005, "reusita": 95.08196721311475, "cnt": 61}, "ANATOMIE SI FIZIOLOGIE UMANA, GENETICA SI ECOLOGIE UMANA": {"medie": 8.688181818181821, "reusita": 99.0909090909091, "cnt": 110}, "FIZICA TEH": {"medie": 8.6, "reusita": 50.0, "cnt": 2}, "ISTORIE": {"medie": 6.962371134020616, "reusita": 73.45132743362832, "cnt": 113}, "GEOGRAFIE": {"medie": 6.3274725274725245, "reusita": 76.38190954773869, "cnt": 199}, "FILOSOFIE": {"medie": 7.425, "reusita": 100.0, "cnt": 2}, "MATEMATICA ST-NAT": {"medie": 6.868181818181819, "reusita": 95.45454545454545, "cnt": 66}, "FIZICA TEO": {"medie": 5.9, "reusita": 100.0, "cnt": 2}, "CHIMIE ORGANICA TEO NIVEL I/II": {"medie": 8.75, "reusita": 100.0, "cnt": 3}, "LOGICA, ARGUMENTARE SI COMUNICARE": {"medie": 8.204054054054058, "reusita": 94.66666666666667, "cnt": 75}, "INFORMATICA MI C/C++": {"medie": 8.927777777777779, "reusita": 100.0, "cnt": 9}, "PSIHOLOGIE": {"medie": 8.0, "reusita": 100.0, "cnt": 2}, "CHIMIE ANORGANICA TEO NIVEL I/II": {"medie": 8.200000000000001, "reusita": 100.0, "cnt": 3}}, "nume": "COLEGIUL \"ALEXANDRU CEL BUN\" GURA HUMORULUI\tSuceava"}