{"specializari": {"STIINTE SOCIALE": 45, "STIINTE ALE NATURII": 63, "MATEMATICA-INFORMATICA": 30, "FILOLOGIE": 32, "TEHNICIAN IN ACTIVITATI ECONOMICE": 29}, "limba_moderna": {"LIMBA ENGLEZA": 182, "LIMBA FRANCEZA": 15, "LIMBA GERMANA MODERNA": 2}, "limba_materna": {"LIMBA MAGHIARA": 22, "LIMBA ROMANA": 177}, "promotie_anterioara": {"DA": 2, "NU": 197}, "materii": {"LIMBA ROMANA": {"medie": 8.71767676767677, "reusita": 97.98994974874373, "cnt": 199}, "MATEMATICA TEHN": {"medie": 8.220689655172414, "reusita": 96.55172413793103, "cnt": 29}, "GENERAL": {"medie": 8.71311026936027, "reusita": 96.98492462311557, "cnt": 199}, "MATEMATICA MATE-INFO": {"medie": 8.323333333333332, "reusita": 100.0, "cnt": 30}, "ANATOMIE SI FIZIOLOGIE UMANA, GENETICA SI ECOLOGIE UMANA": {"medie": 9.550980392156859, "reusita": 98.07692307692307, "cnt": 52}, "ISTORIE": {"medie": 8.5025974025974, "reusita": 100.0, "cnt": 77}, "GEOGRAFIE": {"medie": 8.929245283018869, "reusita": 100.0, "cnt": 53}, "LIMBA MAGHIARA (REAL)": {"medie": 9.0, "reusita": 100.0, "cnt": 6}, "MATEMATICA ST-NAT": {"medie": 8.208870967741937, "reusita": 98.4126984126984, "cnt": 63}, "FIZICA TEO": {"medie": 9.309999999999999, "reusita": 100.0, "cnt": 5}, "CHIMIE ORGANICA TEO NIVEL I/II": {"medie": 9.186666666666666, "reusita": 100.0, "cnt": 15}, "LOGICA, ARGUMENTARE SI COMUNICARE": {"medie": 8.927551020408162, "reusita": 97.95918367346938, "cnt": 49}, "INFORMATICA MI C/C++": {"medie": 8.4875, "reusita": 100.0, "cnt": 16}, "PSIHOLOGIE": {"medie": 8.433333333333334, "reusita": 100.0, "cnt": 3}, "CHIMIE ANORGANICA TEO NIVEL I/II": {"medie": 7.7, "reusita": 100.0, "cnt": 2}, "SOCIOLOGIE": {"medie": 7.95, "reusita": 100.0, "cnt": 1}, "LIMBA MAGHIARA (UMAN)": {"medie": 7.76875, "reusita": 100.0, "cnt": 16}, "INFORMATICA SN C/C++": {"medie": 8.583333333333334, "reusita": 100.0, "cnt": 3}}, "nume": "COLEGIUL NATIONAL \"ANDREI MURESANU\" BISTRITA\tBistri\u021ba-N\u0103s\u0103ud"}