{"specializari": {"LICEU CU PROGRAM SPORTIV": 80, "FILOLOGIE": 35, "MATEMATICA-INFORMATICA": 25}, "limba_moderna": {"LIMBA ENGLEZA": 140}, "limba_materna": {"LIMBA ROMANA": 140}, "promotie_anterioara": {"NU": 119, "DA": 21}, "materii": {"LIMBA ROMANA": {"medie": 7.023741007194242, "reusita": 97.14285714285714, "cnt": 140}, "GENERAL": {"medie": 7.151678657074341, "reusita": 80.0, "cnt": 140}, "MATEMATICA MATE-INFO": {"medie": 5.9060000000000015, "reusita": 88.0, "cnt": 25}, "ANATOMIE SI FIZIOLOGIE UMANA, GENETICA SI ECOLOGIE UMANA": {"medie": 7.959374999999999, "reusita": 93.75, "cnt": 16}, "ISTORIE": {"medie": 6.899561403508772, "reusita": 93.04347826086956, "cnt": 115}, "GEOGRAFIE": {"medie": 8.09943181818182, "reusita": 95.50561797752809, "cnt": 89}, "FIZICA TEO": {"medie": 8.125, "reusita": 100.0, "cnt": 4}, "CHIMIE ORGANICA TEO NIVEL I/II": {"medie": 5.9, "reusita": 100.0, "cnt": 1}, "LOGICA, ARGUMENTARE SI COMUNICARE": {"medie": 6.645454545454545, "reusita": 86.36363636363636, "cnt": 22}, "INFORMATICA MI C/C++": {"medie": 4.4750000000000005, "reusita": 25.0, "cnt": 4}, "PSIHOLOGIE": {"medie": 8.0, "reusita": 100.0, "cnt": 2}, "SOCIOLOGIE": {"medie": 6.574999999999999, "reusita": 100.0, "cnt": 2}}, "nume": "COLEGIUL NATIONAL \"EMIL RACOVITA\"\tBucure\u0219ti"}