{"specializari": {"MATEMATICA-INFORMATICA": 257}, "limba_moderna": {"LIMBA ENGLEZA": 253, "LIMBA FRANCEZA": 3, "LIMBA GERMANA MODERNA": 1}, "limba_materna": {"LIMBA ROMANA": 257}, "promotie_anterioara": {"NU": 257}, "materii": {"LIMBA ROMANA": {"medie": 9.166601562499995, "reusita": 99.61089494163424, "cnt": 257}, "BIOLOGIE VEGETALA SI ANIMALA": {"medie": 9.399999999999999, "reusita": 100.0, "cnt": 2}, "GENERAL": {"medie": 9.297395833333336, "reusita": 99.22178988326849, "cnt": 257}, "MATEMATICA MATE-INFO": {"medie": 9.328906250000001, "reusita": 99.61089494163424, "cnt": 257}, "ANATOMIE SI FIZIOLOGIE UMANA, GENETICA SI ECOLOGIE UMANA": {"medie": 9.590625000000001, "reusita": 100.0, "cnt": 16}, "FIZICA TEO": {"medie": 9.475242718446603, "reusita": 99.03846153846155, "cnt": 104}, "CHIMIE ORGANICA TEO NIVEL I/II": {"medie": 9.3171875, "reusita": 96.875, "cnt": 32}, "INFORMATICA MI C/C++": {"medie": 9.318316831683168, "reusita": 100.0, "cnt": 101}, "CHIMIE ANORGANICA TEO NIVEL I/II": {"medie": 9.025, "reusita": 100.0, "cnt": 2}}, "nume": "COLEGIUL NATIONAL DE INFORMATICA \"TUDOR VIANU\"\tBucure\u0219ti"}