{"specializari": {"TEHNICIAN IN ACTIVITATI ECONOMICE": 35, "COAFOR STILIST": 42, "ORGANIZATOR BANQUETING": 14, "TEHNICIAN MECATRONIST": 5, "TEHNICIAN OPERATOR TEHNICA DE CALCUL": 1, "TEHNICIAN MECANIC PENTRU INTRETINERE SI REPARATII": 3, "TEHNICIAN IN GASTRONOMIE": 5}, "limba_moderna": {"LIMBA ENGLEZA": 105}, "limba_materna": {"LIMBA ROMANA": 105}, "promotie_anterioara": {"DA": 55, "NU": 50}, "materii": {"LIMBA ROMANA": {"medie": 5.099494949494949, "reusita": 63.8095238095238, "cnt": 105}, "MATEMATICA TEHN": {"medie": 3.2664893617021282, "reusita": 30.476190476190478, "cnt": 105}, "BIOLOGIE VEGETALA SI ANIMALA": {"medie": 4.720000000000001, "reusita": 60.0, "cnt": 5}, "GENERAL": {"medie": 4.668100358422939, "reusita": 14.285714285714285, "cnt": 105}, "ANATOMIE SI FIZIOLOGIE UMANA, GENETICA SI ECOLOGIE UMANA": {"medie": 8.45, "reusita": 100.0, "cnt": 1}, "FIZICA TEH": {"medie": 5.05, "reusita": 50.0, "cnt": 2}, "GEOGRAFIE": {"medie": 5.316964285714286, "reusita": 63.49206349206349, "cnt": 63}, "LOGICA, ARGUMENTARE SI COMUNICARE": {"medie": 4.65625, "reusita": 37.5, "cnt": 8}, "PSIHOLOGIE": {"medie": 6.03125, "reusita": 88.0, "cnt": 25}, "CHIMIE ORGANICA TEH NIVEL I/II": {"medie": 6.05, "reusita": 100.0, "cnt": 1}}, "nume": "COLEGIUL UCECOM \"SPIRU HARET\"\tBucure\u0219ti"}