{"specializari": {"MATEMATICA-INFORMATICA": 91, "FILOLOGIE": 63, "STIINTE ALE NATURII": 60, "STIINTE SOCIALE": 32}, "limba_moderna": {"LIMBA ENGLEZA": 242, "LIMBA FRANCEZA": 4}, "limba_materna": {"LIMBA ROMANA": 246}, "promotie_anterioara": {"DA": 3, "NU": 243}, "materii": {"LIMBA ROMANA": {"medie": 8.876626016260166, "reusita": 100.0, "cnt": 246}, "BIOLOGIE VEGETALA SI ANIMALA": {"medie": 9.0, "reusita": 100.0, "cnt": 2}, "GENERAL": {"medie": 8.937804878048787, "reusita": 97.15447154471545, "cnt": 246}, "MATEMATICA MATE-INFO": {"medie": 8.815384615384614, "reusita": 96.7032967032967, "cnt": 91}, "ANATOMIE SI FIZIOLOGIE UMANA, GENETICA SI ECOLOGIE UMANA": {"medie": 9.018333333333334, "reusita": 100.0, "cnt": 30}, "ISTORIE": {"medie": 9.479999999999999, "reusita": 100.0, "cnt": 95}, "GEOGRAFIE": {"medie": 9.293478260869565, "reusita": 100.0, "cnt": 69}, "MATEMATICA ST-NAT": {"medie": 8.414166666666667, "reusita": 96.66666666666667, "cnt": 60}, "FIZICA TEO": {"medie": 8.643396226415092, "reusita": 98.11320754716981, "cnt": 53}, "CHIMIE ORGANICA TEO NIVEL I/II": {"medie": 8.90731707317073, "reusita": 97.5609756097561, "cnt": 41}, "LOGICA, ARGUMENTARE SI COMUNICARE": {"medie": 8.8, "reusita": 100.0, "cnt": 1}, "INFORMATICA MI C/C++": {"medie": 8.720833333333333, "reusita": 100.0, "cnt": 24}, "PSIHOLOGIE": {"medie": 9.125, "reusita": 100.0, "cnt": 12}, "ECONOMIE": {"medie": 8.869230769230768, "reusita": 100.0, "cnt": 13}, "INFORMATICA SN C/C++": {"medie": 8.8, "reusita": 100.0, "cnt": 1}}, "nume": "COLEGIUL NATIONAL \"IENACHITA VACARESCU\" TARGOVISTE\tD\u00e2mbovi\u021ba"}