{"specializari": {"INVATATOR - EDUCATOARE": 116, "TEOLOGIE ROMANO-CATOLICA": 20}, "limba_moderna": {"LIMBA FRANCEZA": 25, "LIMBA ENGLEZA": 111}, "limba_materna": {"LIMBA ROMANA": 136}, "promotie_anterioara": {"DA": 2, "NU": 134}, "materii": {"LIMBA ROMANA": {"medie": 8.486029411764704, "reusita": 100.0, "cnt": 136}, "GENERAL": {"medie": 8.542647058823533, "reusita": 98.52941176470588, "cnt": 136}, "ISTORIE": {"medie": 8.4525, "reusita": 100.0, "cnt": 20}, "GEOGRAFIE": {"medie": 8.857647058823531, "reusita": 100.0, "cnt": 85}, "LOGICA, ARGUMENTARE SI COMUNICARE": {"medie": 9.132653061224493, "reusita": 100.0, "cnt": 49}, "PSIHOLOGIE": {"medie": 8.925, "reusita": 100.0, "cnt": 2}, "MATEMATICA PED": {"medie": 8.137931034482763, "reusita": 99.13793103448276, "cnt": 116}}, "nume": "COLEGIUL PEDAGOGIC \"VASILE LUPU\", IASI\tIa\u0219i"}