{"specializari": {"TEHNICIAN PROIECTANT CAD": 15, "MATEMATICA-INFORMATICA": 25, "TEHNICIAN OPERATOR TEHNICA DE CALCUL": 26, "TEHNICIAN IN INSTALATII ELECTRICE": 16, "TEHNICIAN IN ACTIVITATI ECONOMICE": 57, "TEHNICIAN ECOLOG SI PROTECTIA CALITATII MEDIULUI": 53, "TEHNICIAN INSTALATOR PENTRU CONSTRUCTII": 1, "TEHNICIAN IN CONSTRUCTII SI LUCRARI PUBLICE": 2, "TEHNICIAN DESENATOR PENTRU CONSTRUCTII SI INSTALATII": 4}, "limba_moderna": {"LIMBA ENGLEZA": 191, "LIMBA FRANCEZA": 8}, "limba_materna": {"LIMBA ROMANA": 199}, "promotie_anterioara": {"DA": 27, "NU": 172}, "materii": {"LIMBA ROMANA": {"medie": 6.592639593908625, "reusita": 91.95979899497488, "cnt": 199}, "MATEMATICA TEHN": {"medie": 6.108383233532933, "reusita": 75.86206896551724, "cnt": 174}, "BIOLOGIE VEGETALA SI ANIMALA": {"medie": 4.246874999999999, "reusita": 36.11111111111111, "cnt": 36}, "GENERAL": {"medie": 6.234205933682376, "reusita": 55.778894472361806, "cnt": 199}, "MATEMATICA MATE-INFO": {"medie": 5.064583333333334, "reusita": 60.0, "cnt": 25}, "ANATOMIE SI FIZIOLOGIE UMANA, GENETICA SI ECOLOGIE UMANA": {"medie": 7.351562499999998, "reusita": 96.875, "cnt": 32}, "FIZICA TEH": {"medie": 5.994444444444444, "reusita": 88.88888888888889, "cnt": 9}, "GEOGRAFIE": {"medie": 9.105, "reusita": 100.0, "cnt": 10}, "FIZICA TEO": {"medie": 5.3, "reusita": 100.0, "cnt": 1}, "CHIMIE ORGANICA TEO NIVEL I/II": {"medie": 3.2750000000000004, "reusita": 0.0, "cnt": 2}, "LOGICA, ARGUMENTARE SI COMUNICARE": {"medie": 7.479347826086957, "reusita": 93.61702127659575, "cnt": 47}, "INFORMATICA MI C/C++": {"medie": 6.273076923076924, "reusita": 78.57142857142857, "cnt": 14}, "CHIMIE ANORGANICA TEO NIVEL I/II": {"medie": 3.72, "reusita": 40.0, "cnt": 5}, "CHIMIE ANORGANICA TEH NIVEL I/II": {"medie": 4.129411764705882, "reusita": 35.294117647058826, "cnt": 17}, "CHIMIE ORGANICA TEH NIVEL I/II": {"medie": 5.211538461538462, "reusita": 61.53846153846154, "cnt": 26}}, "nume": "COLEGIUL TEHNIC \"GHEORGHE ASACHI\" ONESTI\tBac\u0103u"}