{"specializari": {"STIINTE ALE NATURII": 103, "FILOLOGIE": 33, "MATEMATICA-INFORMATICA": 57}, "limba_moderna": {"LIMBA ENGLEZA": 173, "LIMBA GERMANA MODERNA": 2, "LIMBA FRANCEZA": 17, "LIMBA RUSA": 1}, "limba_materna": {"LIMBA ROMANA": 193}, "promotie_anterioara": {"NU": 155, "DA": 38}, "materii": {"LIMBA ROMANA": {"medie": 8.393455497382195, "reusita": 96.37305699481865, "cnt": 193}, "BIOLOGIE VEGETALA SI ANIMALA": {"medie": 9.55, "reusita": 62.5, "cnt": 8}, "GENERAL": {"medie": 8.63223443223443, "reusita": 82.38341968911918, "cnt": 193}, "MATEMATICA MATE-INFO": {"medie": 9.096491228070175, "reusita": 96.49122807017544, "cnt": 57}, "ANATOMIE SI FIZIOLOGIE UMANA, GENETICA SI ECOLOGIE UMANA": {"medie": 8.455612244897958, "reusita": 91.0891089108911, "cnt": 101}, "ISTORIE": {"medie": 9.26060606060606, "reusita": 100.0, "cnt": 33}, "GEOGRAFIE": {"medie": 9.45, "reusita": 100.0, "cnt": 15}, "MATEMATICA ST-NAT": {"medie": 7.588297872340429, "reusita": 72.81553398058253, "cnt": 103}, "FIZICA TEO": {"medie": 8.928571428571429, "reusita": 85.71428571428571, "cnt": 7}, "CHIMIE ORGANICA TEO NIVEL I/II": {"medie": 9.37142857142857, "reusita": 100.0, "cnt": 7}, "LOGICA, ARGUMENTARE SI COMUNICARE": {"medie": 9.376666666666665, "reusita": 100.0, "cnt": 15}, "INFORMATICA MI C/C++": {"medie": 9.257142857142856, "reusita": 100.0, "cnt": 35}, "PSIHOLOGIE": {"medie": 9.55, "reusita": 100.0, "cnt": 2}, "CHIMIE ANORGANICA TEO NIVEL I/II": {"medie": 10.0, "reusita": 100.0, "cnt": 1}, "SOCIOLOGIE": {"medie": 10.0, "reusita": 100.0, "cnt": 1}, "INFORMATICA SN C/C++": {"medie": 9.1, "reusita": 100.0, "cnt": 1}}, "nume": "COLEGIUL NATIONAL \"EMIL RACOVITA\", IASI\tIa\u0219i"}