{"specializari": {"FILOLOGIE": 57, "STIINTE ALE NATURII": 86, "STIINTE SOCIALE": 65, "MATEMATICA-INFORMATICA": 63}, "limba_moderna": {"LIMBA ENGLEZA": 250, "LIMBA FRANCEZA": 11, "LIMBA GERMANA MODERNA": 10}, "limba_materna": {"LIMBA ROMANA": 271}, "promotie_anterioara": {"NU": 270, "DA": 1}, "materii": {"LIMBA ROMANA": {"medie": 8.737222222222217, "reusita": 99.63099630996311, "cnt": 271}, "GENERAL": {"medie": 8.814753086419755, "reusita": 98.1549815498155, "cnt": 271}, "MATEMATICA MATE-INFO": {"medie": 8.504761904761905, "reusita": 100.0, "cnt": 63}, "ANATOMIE SI FIZIOLOGIE UMANA, GENETICA SI ECOLOGIE UMANA": {"medie": 9.451515151515151, "reusita": 100.0, "cnt": 66}, "ISTORIE": {"medie": 9.218181818181817, "reusita": 99.18032786885246, "cnt": 122}, "GEOGRAFIE": {"medie": 9.219999999999997, "reusita": 100.0, "cnt": 25}, "MATEMATICA ST-NAT": {"medie": 8.195930232558142, "reusita": 100.0, "cnt": 86}, "FIZICA TEO": {"medie": 8.704411764705881, "reusita": 97.05882352941177, "cnt": 34}, "CHIMIE ORGANICA TEO NIVEL I/II": {"medie": 8.59, "reusita": 100.0, "cnt": 15}, "LOGICA, ARGUMENTARE SI COMUNICARE": {"medie": 9.07307692307692, "reusita": 98.73417721518987, "cnt": 79}, "INFORMATICA MI C/C++": {"medie": 8.262, "reusita": 96.0, "cnt": 25}, "PSIHOLOGIE": {"medie": 9.564285714285715, "reusita": 100.0, "cnt": 7}, "CHIMIE ANORGANICA TEO NIVEL I/II": {"medie": 8.350000000000001, "reusita": 100.0, "cnt": 6}, "SOCIOLOGIE": {"medie": 8.31, "reusita": 100.0, "cnt": 5}, "ECONOMIE": {"medie": 8.283333333333333, "reusita": 100.0, "cnt": 6}, "INFORMATICA SN C/C++": {"medie": 7.733333333333334, "reusita": 100.0, "cnt": 3}}, "nume": "COLEGIUL NATIONAL \"VASILE ALECSANDRI\" BACAU\tBac\u0103u"}