{"specializari": {"INVATATOR - EDUCATOARE": 28, "FILOLOGIE": 34, "STIINTE ALE NATURII": 31, "MATEMATICA-INFORMATICA": 57, "STIINTE SOCIALE": 28}, "limba_moderna": {"LIMBA ENGLEZA": 161, "LIMBA FRANCEZA": 17}, "limba_materna": {"LIMBA ROMANA": 178}, "promotie_anterioara": {"DA": 1, "NU": 177}, "materii": {"LIMBA ROMANA": {"medie": 9.101966292134831, "reusita": 100.0, "cnt": 178}, "GENERAL": {"medie": 9.154494382022472, "reusita": 100.0, "cnt": 178}, "MATEMATICA MATE-INFO": {"medie": 9.069298245614034, "reusita": 100.0, "cnt": 57}, "ANATOMIE SI FIZIOLOGIE UMANA, GENETICA SI ECOLOGIE UMANA": {"medie": 9.358108108108109, "reusita": 100.0, "cnt": 37}, "ISTORIE": {"medie": 9.44032258064516, "reusita": 100.0, "cnt": 62}, "GEOGRAFIE": {"medie": 9.597222222222223, "reusita": 100.0, "cnt": 18}, "FILOSOFIE": {"medie": 10.0, "reusita": 100.0, "cnt": 1}, "MATEMATICA ST-NAT": {"medie": 8.579032258064514, "reusita": 100.0, "cnt": 31}, "FIZICA TEO": {"medie": 9.515909090909089, "reusita": 100.0, "cnt": 22}, "CHIMIE ORGANICA TEO NIVEL I/II": {"medie": 9.258333333333335, "reusita": 100.0, "cnt": 6}, "LOGICA, ARGUMENTARE SI COMUNICARE": {"medie": 9.219767441860466, "reusita": 100.0, "cnt": 43}, "INFORMATICA MI C/C++": {"medie": 8.661904761904761, "reusita": 100.0, "cnt": 21}, "PSIHOLOGIE": {"medie": 9.258823529411764, "reusita": 100.0, "cnt": 17}, "CHIMIE ANORGANICA TEO NIVEL I/II": {"medie": 9.05, "reusita": 100.0, "cnt": 2}, "SOCIOLOGIE": {"medie": 9.5625, "reusita": 100.0, "cnt": 8}, "ECONOMIE": {"medie": 7.349999999999999, "reusita": 100.0, "cnt": 3}, "MATEMATICA PED": {"medie": 9.066071428571428, "reusita": 100.0, "cnt": 28}}, "nume": "COLEGIUL NATIONAL \"COSTACHE NEGRI\", LOCALITATEA GALATI\tGala\u021bi"}