{"specializari": {"MATEMATICA-INFORMATICA": 27, "STIINTE ALE NATURII": 26, "STIINTE SOCIALE": 31}, "limba_moderna": {"LIMBA ENGLEZA": 37, "LIMBA GERMANA MODERNA": 47}, "limba_materna": {"LIMBA MAGHIARA": 84}, "promotie_anterioara": {"NU": 82, "DA": 2}, "materii": {"LIMBA ROMANA": {"medie": 7.665476190476189, "reusita": 98.80952380952381, "cnt": 84}, "BIOLOGIE VEGETALA SI ANIMALA": {"medie": 7.5, "reusita": 100.0, "cnt": 1}, "GENERAL": {"medie": 8.566815476190477, "reusita": 96.42857142857143, "cnt": 84}, "MATEMATICA MATE-INFO": {"medie": 8.533333333333333, "reusita": 100.0, "cnt": 27}, "ANATOMIE SI FIZIOLOGIE UMANA, GENETICA SI ECOLOGIE UMANA": {"medie": 9.441666666666665, "reusita": 100.0, "cnt": 36}, "ISTORIE": {"medie": 8.774193548387098, "reusita": 100.0, "cnt": 31}, "GEOGRAFIE": {"medie": 8.133333333333333, "reusita": 100.0, "cnt": 3}, "LIMBA MAGHIARA (REAL)": {"medie": 9.135849056603776, "reusita": 100.0, "cnt": 53}, "MATEMATICA ST-NAT": {"medie": 8.01923076923077, "reusita": 96.15384615384616, "cnt": 26}, "FIZICA TEO": {"medie": 9.569999999999999, "reusita": 100.0, "cnt": 5}, "LOGICA, ARGUMENTARE SI COMUNICARE": {"medie": 8.722000000000001, "reusita": 96.0, "cnt": 25}, "INFORMATICA MI C/C++": {"medie": 8.98, "reusita": 100.0, "cnt": 10}, "CHIMIE ANORGANICA TEO NIVEL I/II": {"medie": 10.0, "reusita": 100.0, "cnt": 1}, "ECONOMIE": {"medie": 7.866666666666667, "reusita": 100.0, "cnt": 3}, "LIMBA MAGHIARA (UMAN)": {"medie": 8.979032258064517, "reusita": 100.0, "cnt": 31}}, "nume": "COLEGIUL NATIONAL \"SZEKELY MIKAL\" SFANTU GHEORGHE\tCovasna"}