{"specializari": {"TEHNICIAN IN TURISM": 7, "TEHNICIAN IN ACTIVITATI ECONOMICE": 26, "MATEMATICA-INFORMATICA": 13, "STIINTE ALE NATURII": 11}, "limba_moderna": {"LIMBA ENGLEZA": 57}, "limba_materna": {"LIMBA MAGHIARA": 57}, "promotie_anterioara": {"NU": 43, "DA": 14}, "materii": {"LIMBA ROMANA": {"medie": 5.726315789473684, "reusita": 75.43859649122807, "cnt": 57}, "MATEMATICA TEHN": {"medie": 5.3984848484848476, "reusita": 78.78787878787878, "cnt": 33}, "BIOLOGIE VEGETALA SI ANIMALA": {"medie": 6.5, "reusita": 100.0, "cnt": 1}, "GENERAL": {"medie": 7.01688596491228, "reusita": 63.1578947368421, "cnt": 57}, "MATEMATICA MATE-INFO": {"medie": 5.738461538461538, "reusita": 76.92307692307693, "cnt": 13}, "ANATOMIE SI FIZIOLOGIE UMANA, GENETICA SI ECOLOGIE UMANA": {"medie": 9.373076923076923, "reusita": 100.0, "cnt": 13}, "GEOGRAFIE": {"medie": 8.253125, "reusita": 100.0, "cnt": 32}, "LIMBA MAGHIARA (REAL)": {"medie": 8.332456140350876, "reusita": 100.0, "cnt": 57}, "MATEMATICA ST-NAT": {"medie": 6.459090909090909, "reusita": 100.0, "cnt": 11}, "FIZICA TEO": {"medie": 7.1, "reusita": 100.0, "cnt": 1}, "INFORMATICA MI C/C++": {"medie": 8.058333333333334, "reusita": 100.0, "cnt": 6}, "PSIHOLOGIE": {"medie": 6.7, "reusita": 100.0, "cnt": 1}, "CHIMIE ANORGANICA TEO NIVEL I/II": {"medie": 6.699999999999999, "reusita": 100.0, "cnt": 3}}, "nume": "COLEGIUL\"CSIKY GERGELY\" ARAD\tArad"}