{"specializari": {"STIINTE SOCIALE": 58, "MATEMATICA-INFORMATICA": 43, "TEOLOGIE ROMANO-CATOLICA": 16}, "limba_moderna": {"LIMBA ENGLEZA": 116, "LIMBA FRANCEZA": 1}, "limba_materna": {"LIMBA ROMANA": 117}, "promotie_anterioara": {"NU": 110, "DA": 7}, "materii": {"LIMBA ROMANA": {"medie": 7.929914529914531, "reusita": 100.0, "cnt": 117}, "BIOLOGIE VEGETALA SI ANIMALA": {"medie": 7.0600000000000005, "reusita": 86.66666666666667, "cnt": 15}, "GENERAL": {"medie": 7.904700854700851, "reusita": 84.61538461538461, "cnt": 117}, "MATEMATICA MATE-INFO": {"medie": 6.148837209302325, "reusita": 72.09302325581395, "cnt": 43}, "ISTORIE": {"medie": 8.835135135135136, "reusita": 100.0, "cnt": 74}, "GEOGRAFIE": {"medie": 8.325, "reusita": 100.0, "cnt": 20}, "FILOSOFIE": {"medie": 8.9, "reusita": 100.0, "cnt": 1}, "FIZICA TEO": {"medie": 8.85, "reusita": 100.0, "cnt": 2}, "CHIMIE ORGANICA TEO NIVEL I/II": {"medie": 7.3, "reusita": 100.0, "cnt": 1}, "LOGICA, ARGUMENTARE SI COMUNICARE": {"medie": 8.484375, "reusita": 97.91666666666666, "cnt": 48}, "INFORMATICA MI C/C++": {"medie": 7.653846153846152, "reusita": 92.3076923076923, "cnt": 13}, "PSIHOLOGIE": {"medie": 9.375, "reusita": 100.0, "cnt": 4}, "CHIMIE ANORGANICA TEO NIVEL I/II": {"medie": 6.083333333333335, "reusita": 91.66666666666666, "cnt": 12}, "ECONOMIE": {"medie": 5.0, "reusita": 100.0, "cnt": 1}}, "nume": "COLEGIUL NATIONAL CATOLIC \"SF.IOSIF\" BACAU\tBac\u0103u"}