{"specializari": {"STIINTE ALE NATURII": 57, "STIINTE SOCIALE": 59, "FILOLOGIE": 2, "MATEMATICA-INFORMATICA": 47}, "limba_moderna": {"LIMBA ENGLEZA": 120, "LIMBA FRANCEZA": 21, "LIMBA GERMANA MODERNA": 24}, "limba_materna": {"LIMBA MAGHIARA": 165}, "promotie_anterioara": {"NU": 159, "DA": 6}, "materii": {"LIMBA ROMANA": {"medie": 6.689090909090909, "reusita": 93.33333333333333, "cnt": 165}, "GENERAL": {"medie": 7.69575757575758, "reusita": 83.63636363636363, "cnt": 165}, "MATEMATICA MATE-INFO": {"medie": 7.719148936170212, "reusita": 93.61702127659575, "cnt": 47}, "ANATOMIE SI FIZIOLOGIE UMANA, GENETICA SI ECOLOGIE UMANA": {"medie": 8.508064516129036, "reusita": 100.0, "cnt": 62}, "ISTORIE": {"medie": 8.154098360655738, "reusita": 100.0, "cnt": 61}, "GEOGRAFIE": {"medie": 8.477272727272728, "reusita": 100.0, "cnt": 55}, "LIMBA MAGHIARA (REAL)": {"medie": 8.085096153846155, "reusita": 100.0, "cnt": 104}, "FILOSOFIE": {"medie": 6.5, "reusita": 100.0, "cnt": 1}, "MATEMATICA ST-NAT": {"medie": 6.5061403508771924, "reusita": 77.19298245614034, "cnt": 57}, "INFORMATICA MI PASCAL": {"medie": 9.203225806451613, "reusita": 100.0, "cnt": 31}, "FIZICA TEO": {"medie": 7.7875, "reusita": 100.0, "cnt": 4}, "CHIMIE ORGANICA TEO NIVEL I/II": {"medie": 8.225000000000001, "reusita": 100.0, "cnt": 2}, "LOGICA, ARGUMENTARE SI COMUNICARE": {"medie": 8.739999999999998, "reusita": 100.0, "cnt": 5}, "INFORMATICA MI C/C++": {"medie": 9.7, "reusita": 100.0, "cnt": 1}, "LIMBA MAGHIARA (UMAN)": {"medie": 8.046721311475409, "reusita": 100.0, "cnt": 61}, "INFORMATICA SN PASCAL": {"medie": 6.55, "reusita": 100.0, "cnt": 4}}, "nume": "COLEGIUL NATIONAL \"KOLCSEY FERENC\" SATU MARE\tSatu-Mare"}