{"specializari": {"STIINTE ALE NATURII": 32, "TEHNICIAN OPERATOR TEHNICA DE CALCUL": 33, "TEHNICIAN MECANIC PENTRU INTRETINERE SI REPARATII": 30, "MATEMATICA-INFORMATICA": 51, "TEHNICIAN ELECTRONIST": 30, "TEHNICIAN IN INSTALATII ELECTRICE": 32, "TEHNICIAN PROIECTANT CAD": 18, "FILOLOGIE": 32, "TEHNICIAN IN AUTOMATIZARI": 27, "STIINTE SOCIALE": 32, "TEHNICIAN MECATRONIST": 1}, "limba_moderna": {"LIMBA ENGLEZA": 301, "LIMBA FRANCEZA": 17}, "limba_materna": {"LIMBA ROMANA": 318}, "promotie_anterioara": {"NU": 257, "DA": 61}, "materii": {"LIMBA ROMANA": {"medie": 6.309713375796182, "reusita": 92.76729559748428, "cnt": 318}, "MATEMATICA TEHN": {"medie": 4.528834355828221, "reusita": 50.877192982456144, "cnt": 171}, "BIOLOGIE VEGETALA SI ANIMALA": {"medie": 4.273239436619718, "reusita": 32.69230769230769, "cnt": 156}, "GENERAL": {"medie": 5.783388704318935, "reusita": 43.39622641509434, "cnt": 318}, "MATEMATICA MATE-INFO": {"medie": 4.884693877551021, "reusita": 60.78431372549019, "cnt": 51}, "ANATOMIE SI FIZIOLOGIE UMANA, GENETICA SI ECOLOGIE UMANA": {"medie": 6.983870967741933, "reusita": 87.09677419354838, "cnt": 62}, "FIZICA TEH": {"medie": 6.823333333333334, "reusita": 81.25, "cnt": 16}, "ISTORIE": {"medie": 7.107812500000001, "reusita": 98.4375, "cnt": 64}, "GEOGRAFIE": {"medie": 8.288461538461538, "reusita": 100.0, "cnt": 13}, "MATEMATICA ST-NAT": {"medie": 4.74375, "reusita": 46.875, "cnt": 32}, "FIZICA TEO": {"medie": 5.575, "reusita": 75.0, "cnt": 8}, "LOGICA, ARGUMENTARE SI COMUNICARE": {"medie": 7.74607843137255, "reusita": 92.15686274509804, "cnt": 51}, "INFORMATICA MI C/C++": {"medie": 5.800000000000001, "reusita": 70.0, "cnt": 10}, "CHIMIE ANORGANICA TEO NIVEL I/II": {"medie": 5.875, "reusita": 100.0, "cnt": 2}}, "nume": "COLEGIUL TEHNIC \"GHEORGHE ASACHI\" BOTOSANI\tBoto\u0219ani"}