{"specializari": {"TEHNICIAN ELECTROMECANIC": 42, "TEHNICIAN MECATRONIST": 12, "TEHNICIAN CHIMIST DE LABORATOR": 77, "TEHNICIAN IN CHIMIE INDUSTRIALA": 5, "TEHNICIAN MECANIC PENTRU INTRETINERE SI REPARATII": 26, "STIINTE ALE NATURII": 1, "TEHNICIAN TRANSPORTURI": 3, "TEHNICIAN ECOLOG SI PROTECTIA CALITATII MEDIULUI": 47, "TEHNICIAN IN AUTOMATIZARI": 25, "TEHNICIAN OPERATOR TEHNICA DE CALCUL": 5, "TEHNICIAN IN ACTIVITATI ECONOMICE": 29}, "limba_moderna": {"LIMBA ENGLEZA": 232, "LIMBA FRANCEZA": 40}, "limba_materna": {"LIMBA ROMANA": 272}, "promotie_anterioara": {"DA": 73, "NU": 199}, "materii": {"LIMBA ROMANA": {"medie": 6.041449814126396, "reusita": 90.80882352941177, "cnt": 272}, "MATEMATICA TEHN": {"medie": 5.124144486692019, "reusita": 66.05166051660517, "cnt": 271}, "BIOLOGIE VEGETALA SI ANIMALA": {"medie": 5.540760869565214, "reusita": 61.578947368421055, "cnt": 190}, "GENERAL": {"medie": 5.725763358778626, "reusita": 47.794117647058826, "cnt": 272}, "ANATOMIE SI FIZIOLOGIE UMANA, GENETICA SI ECOLOGIE UMANA": {"medie": 7.527083333333334, "reusita": 87.5, "cnt": 24}, "FIZICA TEH": {"medie": 5.775, "reusita": 90.0, "cnt": 10}, "GEOGRAFIE": {"medie": 8.15, "reusita": 100.0, "cnt": 10}, "MATEMATICA ST-NAT": {"medie": 7.7, "reusita": 100.0, "cnt": 1}, "LOGICA, ARGUMENTARE SI COMUNICARE": {"medie": 7.5394736842105265, "reusita": 84.21052631578947, "cnt": 19}, "CHIMIE ANORGANICA TEH NIVEL I/II": {"medie": 5.072222222222221, "reusita": 72.22222222222221, "cnt": 18}, "CHIMIE ORGANICA TEH NIVEL I/II": {"medie": 1.9, "reusita": 0.0, "cnt": 1}}, "nume": "COLEGIUL TEHNIC \"COSTIN D. NENITESCU\" PITESTI\tArge\u0219"}