{"specializari": {"TEHNICIAN IN ACTIVITATI DE COMERT": 36, "TEHNICIAN MECATRONIST": 15, "MATEMATICA-INFORMATICA": 26, "TEHNICIAN IN AUTOMATIZARI": 36, "TEHNICIAN IN ACTIVITATI ECONOMICE": 27, "TEHNICIAN TRANSPORTURI": 5, "TEHNICIAN PROIECTANT CAD": 1, "FILOLOGIE": 1}, "limba_moderna": {"LIMBA FRANCEZA": 34, "LIMBA ENGLEZA": 113}, "limba_materna": {"LIMBA ROMANA": 147}, "promotie_anterioara": {"NU": 108, "DA": 39}, "materii": {"LIMBA ROMANA": {"medie": 6.073591549295775, "reusita": 79.59183673469387, "cnt": 147}, "MATEMATICA TEHN": {"medie": 4.90086956521739, "reusita": 54.166666666666664, "cnt": 120}, "BIOLOGIE VEGETALA SI ANIMALA": {"medie": 4.762500000000001, "reusita": 42.42424242424242, "cnt": 33}, "GENERAL": {"medie": 5.462681159420292, "reusita": 36.054421768707485, "cnt": 147}, "MATEMATICA MATE-INFO": {"medie": 2.997826086956522, "reusita": 23.076923076923077, "cnt": 26}, "ANATOMIE SI FIZIOLOGIE UMANA, GENETICA SI ECOLOGIE UMANA": {"medie": 3.696428571428572, "reusita": 25.0, "cnt": 16}, "FIZICA TEH": {"medie": 5.107407407407408, "reusita": 62.96296296296296, "cnt": 27}, "ISTORIE": {"medie": 5.3, "reusita": 100.0, "cnt": 1}, "GEOGRAFIE": {"medie": 7.051587301587303, "reusita": 85.71428571428571, "cnt": 63}, "INFORMATICA MI PASCAL": {"medie": 5.0, "reusita": 100.0, "cnt": 1}, "FIZICA TEO": {"medie": 5.35, "reusita": 100.0, "cnt": 1}, "INFORMATICA MI C/C++": {"medie": 3.266666666666667, "reusita": 33.33333333333333, "cnt": 3}, "PSIHOLOGIE": {"medie": 7.9, "reusita": 100.0, "cnt": 1}, "CHIMIE ORGANICA TEH NIVEL I/II": {"medie": 4.225, "reusita": 0.0, "cnt": 2}}, "nume": "COLEGIUL TEHNIC \"IULIU MANIU\" SIMLEU SILVANIEI\tS\u0103laj"}