{"specializari": {"MATEMATICA-INFORMATICA": 26, "STIINTE SOCIALE": 28, "STIINTE ALE NATURII": 27, "FILOLOGIE": 27}, "limba_moderna": {"LIMBA GERMANA MODERNA": 15, "LIMBA ENGLEZA": 93}, "limba_materna": {"LIMBA ROMANA": 54, "LIMBA GERMANA": 54}, "promotie_anterioara": {"NU": 108}, "materii": {"LIMBA ROMANA": {"medie": 8.73611111111111, "reusita": 100.0, "cnt": 108}, "BIOLOGIE VEGETALA SI ANIMALA": {"medie": 9.125, "reusita": 100.0, "cnt": 2}, "GENERAL": {"medie": 8.846219135802471, "reusita": 100.0, "cnt": 108}, "MATEMATICA MATE-INFO": {"medie": 7.892307692307692, "reusita": 100.0, "cnt": 26}, "ANATOMIE SI FIZIOLOGIE UMANA, GENETICA SI ECOLOGIE UMANA": {"medie": 9.43611111111111, "reusita": 100.0, "cnt": 18}, "ISTORIE": {"medie": 9.309090909090909, "reusita": 100.0, "cnt": 55}, "GEOGRAFIE": {"medie": 8.942857142857143, "reusita": 100.0, "cnt": 21}, "MATEMATICA ST-NAT": {"medie": 8.861111111111112, "reusita": 100.0, "cnt": 27}, "FIZICA TEO": {"medie": 8.916666666666668, "reusita": 100.0, "cnt": 18}, "CHIMIE ORGANICA TEO NIVEL I/II": {"medie": 9.214285714285714, "reusita": 100.0, "cnt": 7}, "LOGICA, ARGUMENTARE SI COMUNICARE": {"medie": 9.189583333333335, "reusita": 100.0, "cnt": 24}, "INFORMATICA MI C/C++": {"medie": 8.24, "reusita": 100.0, "cnt": 5}, "PSIHOLOGIE": {"medie": 8.727777777777778, "reusita": 100.0, "cnt": 9}, "CHIMIE ANORGANICA TEO NIVEL I/II": {"medie": 9.516666666666667, "reusita": 100.0, "cnt": 3}, "LIMBA GERMANA": {"medie": 8.741666666666667, "reusita": 100.0, "cnt": 54}, "SOCIOLOGIE": {"medie": 10.0, "reusita": 100.0, "cnt": 1}}, "nume": "COLEGIUL NATIONAL \"GEORGE COSBUC\" CLUJ-NAPOCA\tCluj"}