{"specializari": {"MATEMATICA-INFORMATICA": 29, "STIINTE ALE NATURII": 21, "STIINTE SOCIALE": 38, "FILOLOGIE": 27, "INVATATOR - EDUCATOARE": 3}, "limba_moderna": {"LIMBA ENGLEZA": 114, "LIMBA FRANCEZA": 1, "LIMBA GERMANA MODERNA": 3}, "limba_materna": {"LIMBA ROMANA": 118}, "promotie_anterioara": {"NU": 103, "DA": 15}, "materii": {"LIMBA ROMANA": {"medie": 7.603389830508474, "reusita": 98.30508474576271, "cnt": 118}, "BIOLOGIE VEGETALA SI ANIMALA": {"medie": 9.55, "reusita": 100.0, "cnt": 1}, "GENERAL": {"medie": 7.755890804597703, "reusita": 86.4406779661017, "cnt": 118}, "MATEMATICA MATE-INFO": {"medie": 7.415517241379311, "reusita": 96.55172413793103, "cnt": 29}, "ANATOMIE SI FIZIOLOGIE UMANA, GENETICA SI ECOLOGIE UMANA": {"medie": 9.09736842105263, "reusita": 100.0, "cnt": 38}, "ISTORIE": {"medie": 7.545312499999999, "reusita": 96.92307692307692, "cnt": 65}, "GEOGRAFIE": {"medie": 7.679591836734692, "reusita": 94.0, "cnt": 50}, "FILOSOFIE": {"medie": 7.65, "reusita": 100.0, "cnt": 1}, "MATEMATICA ST-NAT": {"medie": 6.754761904761906, "reusita": 80.95238095238095, "cnt": 21}, "FIZICA TEO": {"medie": 8.9375, "reusita": 100.0, "cnt": 4}, "CHIMIE ORGANICA TEO NIVEL I/II": {"medie": 8.3, "reusita": 100.0, "cnt": 1}, "LOGICA, ARGUMENTARE SI COMUNICARE": {"medie": 9.23125, "reusita": 100.0, "cnt": 8}, "INFORMATICA MI C/C++": {"medie": 7.74, "reusita": 100.0, "cnt": 5}, "PSIHOLOGIE": {"medie": 6.999999999999999, "reusita": 85.71428571428571, "cnt": 7}, "CHIMIE ANORGANICA TEO NIVEL I/II": {"medie": 5.35, "reusita": 100.0, "cnt": 1}, "SOCIOLOGIE": {"medie": 8.5, "reusita": 100.0, "cnt": 2}, "MATEMATICA PED": {"medie": 5.8, "reusita": 100.0, "cnt": 3}}, "nume": "COLEGIUL NATIONAL \"MIHAI VITEAZUL\" SFANTU GHEORGHE\tCovasna"}