{"specializari": {"MATEMATICA-INFORMATICA": 27, "STIINTE ALE NATURII": 53, "FILOLOGIE": 23, "STIINTE SOCIALE": 29}, "limba_moderna": {"LIMBA ENGLEZA": 83, "LIMBA FRANCEZA": 44, "LIMBA GERMANA MODERNA": 5}, "limba_materna": {"LIMBA ROMANA": 132}, "promotie_anterioara": {"NU": 132}, "materii": {"LIMBA ROMANA": {"medie": 8.596969696969696, "reusita": 100.0, "cnt": 132}, "BIOLOGIE VEGETALA SI ANIMALA": {"medie": 9.65, "reusita": 100.0, "cnt": 1}, "GENERAL": {"medie": 8.6087786259542, "reusita": 97.72727272727273, "cnt": 132}, "MATEMATICA MATE-INFO": {"medie": 8.101851851851851, "reusita": 100.0, "cnt": 27}, "ANATOMIE SI FIZIOLOGIE UMANA, GENETICA SI ECOLOGIE UMANA": {"medie": 9.20697674418605, "reusita": 100.0, "cnt": 43}, "ISTORIE": {"medie": 8.908823529411764, "reusita": 98.07692307692307, "cnt": 52}, "GEOGRAFIE": {"medie": 9.042857142857141, "reusita": 100.0, "cnt": 21}, "MATEMATICA ST-NAT": {"medie": 8.231132075471699, "reusita": 100.0, "cnt": 53}, "FIZICA TEO": {"medie": 6.716666666666668, "reusita": 100.0, "cnt": 3}, "CHIMIE ORGANICA TEO NIVEL I/II": {"medie": 9.6, "reusita": 100.0, "cnt": 1}, "LOGICA, ARGUMENTARE SI COMUNICARE": {"medie": 8.396153846153847, "reusita": 96.15384615384616, "cnt": 26}, "INFORMATICA MI C/C++": {"medie": 8.4, "reusita": 100.0, "cnt": 19}, "PSIHOLOGIE": {"medie": 8.375, "reusita": 100.0, "cnt": 2}, "CHIMIE ANORGANICA TEO NIVEL I/II": {"medie": 8.15, "reusita": 100.0, "cnt": 10}, "SOCIOLOGIE": {"medie": 8.366666666666667, "reusita": 100.0, "cnt": 3}, "INFORMATICA SN C/C++": {"medie": 7.599999999999999, "reusita": 66.66666666666666, "cnt": 3}}, "nume": "COLEGIUL NATIONAL \"GARABET IBRAILEANU\", IASI\tIa\u0219i"}