{"specializari": {"MATEMATICA-INFORMATICA": 101}, "limba_moderna": {"LIMBA ENGLEZA": 32, "LIMBA FRANCEZA": 69}, "limba_materna": {"LIMBA ROMANA": 101}, "promotie_anterioara": {"NU": 101}, "materii": {"LIMBA ROMANA": {"medie": 9.41336633663366, "reusita": 100.0, "cnt": 101}, "BIOLOGIE VEGETALA SI ANIMALA": {"medie": 8.656896551724138, "reusita": 100.0, "cnt": 29}, "GENERAL": {"medie": 8.687788778877886, "reusita": 99.00990099009901, "cnt": 101}, "MATEMATICA MATE-INFO": {"medie": 8.21287128712871, "reusita": 99.00990099009901, "cnt": 101}, "FIZICA TEO": {"medie": 8.646610169491526, "reusita": 100.0, "cnt": 59}, "CHIMIE ORGANICA TEO NIVEL I/II": {"medie": 9.9, "reusita": 100.0, "cnt": 1}, "INFORMATICA MI C/C++": {"medie": 6.514285714285714, "reusita": 100.0, "cnt": 7}, "CHIMIE ANORGANICA TEO NIVEL I/II": {"medie": 7.090000000000001, "reusita": 100.0, "cnt": 5}}, "nume": "COLEGIUL NATIONAL MILITAR \"TUDOR VLADIMIRESCU\" CRAIOVA\tDolj"}