{"specializari": {"FILOLOGIE": 71, "STIINTE SOCIALE": 41, "STIINTE ALE NATURII": 43, "INVATATOR - EDUCATOARE": 57, "MATEMATICA-INFORMATICA": 20}, "limba_moderna": {"LIMBA ENGLEZA": 183, "LIMBA FRANCEZA": 49}, "limba_materna": {"LIMBA ROMANA": 232}, "promotie_anterioara": {"DA": 26, "NU": 206}, "materii": {"LIMBA ROMANA": {"medie": 7.932969432314411, "reusita": 97.41379310344827, "cnt": 232}, "GENERAL": {"medie": 7.77004405286344, "reusita": 84.48275862068965, "cnt": 232}, "MATEMATICA MATE-INFO": {"medie": 6.5575, "reusita": 90.0, "cnt": 20}, "ANATOMIE SI FIZIOLOGIE UMANA, GENETICA SI ECOLOGIE UMANA": {"medie": 7.514583333333333, "reusita": 95.91836734693877, "cnt": 49}, "ISTORIE": {"medie": 8.02072072072072, "reusita": 96.42857142857143, "cnt": 112}, "GEOGRAFIE": {"medie": 8.650000000000002, "reusita": 97.87234042553192, "cnt": 47}, "MATEMATICA ST-NAT": {"medie": 5.946511627906976, "reusita": 79.06976744186046, "cnt": 43}, "FIZICA TEO": {"medie": 7.216666666666667, "reusita": 100.0, "cnt": 9}, "CHIMIE ORGANICA TEO NIVEL I/II": {"medie": 9.65, "reusita": 100.0, "cnt": 1}, "LOGICA, ARGUMENTARE SI COMUNICARE": {"medie": 7.739130434782613, "reusita": 92.24137931034483, "cnt": 116}, "INFORMATICA MI C/C++": {"medie": 6.9, "reusita": 75.0, "cnt": 4}, "PSIHOLOGIE": {"medie": 8.066666666666668, "reusita": 100.0, "cnt": 3}, "SOCIOLOGIE": {"medie": 8.683333333333334, "reusita": 100.0, "cnt": 3}, "MATEMATICA PED": {"medie": 7.648245614035089, "reusita": 94.73684210526315, "cnt": 57}}, "nume": "COLEGIUL NATIONAL PEDAGOGIC \"STEFAN ODOBLEJA\"\tMehedin\u021bi"}