{"specializari": {"STIINTE ALE NATURII": 37, "FILOLOGIE": 32, "STIINTE SOCIALE": 32, "MATEMATICA-INFORMATICA": 1}, "limba_moderna": {"LIMBA ENGLEZA": 87, "LIMBA FRANCEZA": 15}, "limba_materna": {"LIMBA ROMANA": 87, "LIMBA GERMANA": 15}, "promotie_anterioara": {"NU": 91, "DA": 11}, "materii": {"LIMBA ROMANA": {"medie": 6.606372549019611, "reusita": 93.13725490196079, "cnt": 102}, "BIOLOGIE VEGETALA SI ANIMALA": {"medie": 6.25, "reusita": 100.0, "cnt": 5}, "GENERAL": {"medie": 6.855065359477127, "reusita": 70.58823529411765, "cnt": 102}, "MATEMATICA MATE-INFO": {"medie": 1.2, "reusita": 0.0, "cnt": 1}, "ANATOMIE SI FIZIOLOGIE UMANA, GENETICA SI ECOLOGIE UMANA": {"medie": 7.413333333333333, "reusita": 93.33333333333333, "cnt": 15}, "ISTORIE": {"medie": 7.536718750000002, "reusita": 96.875, "cnt": 64}, "GEOGRAFIE": {"medie": 7.476666666666664, "reusita": 91.66666666666666, "cnt": 60}, "MATEMATICA ST-NAT": {"medie": 5.7081081081081075, "reusita": 67.56756756756756, "cnt": 37}, "FIZICA TEO": {"medie": 6.575, "reusita": 100.0, "cnt": 2}, "CHIMIE ORGANICA TEO NIVEL I/II": {"medie": 5.916666666666667, "reusita": 66.66666666666666, "cnt": 3}, "LOGICA, ARGUMENTARE SI COMUNICARE": {"medie": 8.65, "reusita": 100.0, "cnt": 4}, "CHIMIE ANORGANICA TEO NIVEL I/II": {"medie": 5.85, "reusita": 81.81818181818183, "cnt": 11}, "LIMBA GERMANA": {"medie": 5.586666666666667, "reusita": 66.66666666666666, "cnt": 15}, "INFORMATICA SN C/C++": {"medie": 9.4, "reusita": 100.0, "cnt": 2}}, "nume": "COLEGIUL NATIONAL \"DOAMNA STANCA\" FAGARAS\tBra\u0219ov"}