{"specializari": {"TEHNICIAN MECANIC PENTRU INTRETINERE SI REPARATII": 97, "TEHNICIAN IN INSTALATII ELECTRICE": 58, "MATEMATICA-INFORMATICA": 26, "TEHNICIAN IN AGROTURISM": 20, "STIINTE ALE NATURII": 34}, "limba_moderna": {"LIMBA ENGLEZA": 129, "LIMBA FRANCEZA": 106}, "limba_materna": {"LIMBA ROMANA": 235}, "promotie_anterioara": {"NU": 124, "DA": 111}, "materii": {"LIMBA ROMANA": {"medie": 5.7137614678899045, "reusita": 71.48936170212767, "cnt": 235}, "MATEMATICA TEHN": {"medie": 3.3031446540880505, "reusita": 32.0, "cnt": 175}, "BIOLOGIE VEGETALA SI ANIMALA": {"medie": 4.735761589403973, "reusita": 42.45810055865922, "cnt": 179}, "GENERAL": {"medie": 5.172166666666667, "reusita": 26.80851063829787, "cnt": 235}, "MATEMATICA MATE-INFO": {"medie": 5.244, "reusita": 61.53846153846154, "cnt": 26}, "ANATOMIE SI FIZIOLOGIE UMANA, GENETICA SI ECOLOGIE UMANA": {"medie": 8.21764705882353, "reusita": 96.15384615384616, "cnt": 52}, "MATEMATICA ST-NAT": {"medie": 6.390624999999999, "reusita": 76.47058823529412, "cnt": 34}, "FIZICA TEO": {"medie": 5.2, "reusita": 100.0, "cnt": 1}, "INFORMATICA MI C/C++": {"medie": 7.25, "reusita": 100.0, "cnt": 2}, "CHIMIE ORGANICA TEH NIVEL I/II": {"medie": 4.6, "reusita": 0.0, "cnt": 1}}, "nume": "COLEGIUL TEHNOLOGIC \"CONSTANTIN BRANCOVEANU\"\tMehedin\u021bi"}