{"specializari": {"FILOLOGIE": 31, "TEHNICIAN MECANIC PENTRU INTRETINERE SI REPARATII": 6, "TEHNICIAN MECATRONIST": 5, "MATEMATICA-INFORMATICA": 2, "STIINTE ALE NATURII": 7}, "limba_moderna": {"LIMBA ENGLEZA": 36, "LIMBA FRANCEZA": 15}, "limba_materna": {"LIMBA ROMANA": 51}, "promotie_anterioara": {"NU": 33, "DA": 18}, "materii": {"LIMBA ROMANA": {"medie": 6.926, "reusita": 88.23529411764706, "cnt": 51}, "MATEMATICA TEHN": {"medie": 3.94, "reusita": 45.45454545454545, "cnt": 11}, "BIOLOGIE VEGETALA SI ANIMALA": {"medie": 5.033333333333333, "reusita": 50.0, "cnt": 4}, "GENERAL": {"medie": 6.824829931972791, "reusita": 68.62745098039215, "cnt": 51}, "MATEMATICA MATE-INFO": {"medie": 4.6, "reusita": 50.0, "cnt": 2}, "ANATOMIE SI FIZIOLOGIE UMANA, GENETICA SI ECOLOGIE UMANA": {"medie": 6.161111111111111, "reusita": 77.77777777777779, "cnt": 9}, "FIZICA TEH": {"medie": 4.108333333333333, "reusita": 42.857142857142854, "cnt": 7}, "ISTORIE": {"medie": 7.654838709677419, "reusita": 93.54838709677419, "cnt": 31}, "GEOGRAFIE": {"medie": 7.970689655172414, "reusita": 96.55172413793103, "cnt": 29}, "FILOSOFIE": {"medie": 9.4, "reusita": 100.0, "cnt": 1}, "MATEMATICA ST-NAT": {"medie": 4.9142857142857155, "reusita": 71.42857142857143, "cnt": 7}, "PSIHOLOGIE": {"medie": 7.45, "reusita": 100.0, "cnt": 1}}, "nume": "COLEGIUL \"MIHAI VITEAZUL\" BUMBESTI-JIU\tGorj"}