{"specializari": {"MATEMATICA-INFORMATICA": 62, "STIINTE ALE NATURII": 57, "FILOLOGIE": 30, "STIINTE SOCIALE": 32}, "limba_moderna": {"LIMBA ENGLEZA": 178, "LIMBA FRANCEZA": 2, "LIMBA GERMANA MODERNA": 1}, "limba_materna": {"LIMBA ROMANA": 181}, "promotie_anterioara": {"NU": 181}, "materii": {"LIMBA ROMANA": {"medie": 9.080386740331495, "reusita": 100.0, "cnt": 181}, "BIOLOGIE VEGETALA SI ANIMALA": {"medie": 9.5875, "reusita": 100.0, "cnt": 4}, "GENERAL": {"medie": 9.098987108655615, "reusita": 100.0, "cnt": 181}, "MATEMATICA MATE-INFO": {"medie": 9.300806451612905, "reusita": 100.0, "cnt": 62}, "ANATOMIE SI FIZIOLOGIE UMANA, GENETICA SI ECOLOGIE UMANA": {"medie": 9.233333333333334, "reusita": 100.0, "cnt": 9}, "ISTORIE": {"medie": 9.345161290322581, "reusita": 100.0, "cnt": 62}, "GEOGRAFIE": {"medie": 9.388636363636364, "reusita": 100.0, "cnt": 22}, "FILOSOFIE": {"medie": 9.6, "reusita": 100.0, "cnt": 1}, "MATEMATICA ST-NAT": {"medie": 8.735087719298244, "reusita": 100.0, "cnt": 57}, "FIZICA TEO": {"medie": 9.25267857142857, "reusita": 100.0, "cnt": 56}, "CHIMIE ORGANICA TEO NIVEL I/II": {"medie": 8.845, "reusita": 100.0, "cnt": 40}, "LOGICA, ARGUMENTARE SI COMUNICARE": {"medie": 8.0, "reusita": 100.0, "cnt": 2}, "INFORMATICA MI C/C++": {"medie": 9.733333333333333, "reusita": 100.0, "cnt": 3}, "PSIHOLOGIE": {"medie": 8.608333333333333, "reusita": 100.0, "cnt": 6}, "CHIMIE ANORGANICA TEO NIVEL I/II": {"medie": 9.725, "reusita": 100.0, "cnt": 2}, "SOCIOLOGIE": {"medie": 9.008333333333331, "reusita": 100.0, "cnt": 24}, "ECONOMIE": {"medie": 7.728571428571428, "reusita": 100.0, "cnt": 7}, "INFORMATICA SN C/C++": {"medie": 9.419999999999998, "reusita": 100.0, "cnt": 5}}, "nume": "COLEGIUL NATIONAL \"GHEORGHE MUNTEANU MURGOCI\"\tBr\u0103ila"}