{"specializari": {"STIINTE ALE NATURII": 50, "TEHNICIAN OPERATOR TEHNICA DE CALCUL": 27, "TEHNICIAN IN TURISM": 65, "TEHNICIAN MECANIC PENTRU INTRETINERE SI REPARATII": 35, "TEHNICIAN IN CONSTRUCTII SI LUCRARI PUBLICE": 1, "TEHNICIAN ECOLOG SI PROTECTIA CALITATII MEDIULUI": 64, "TEHNICIAN IN ADMINISTRATIE": 32, "TEHNICIAN IN ACTIVITATI ECONOMICE": 29, "TEHNICIAN AGROMONTAN": 18, "TEHNICIAN ANALIZE PRODUSE ALIMENTARE": 3, "TEHNICIAN IN SILVICULTURA SI EXPLOATARI FORESTIERE": 29, "TEHNICIAN IN INSTALATII ELECTRICE": 8, "TEHNICIAN IN AUTOMATIZARI": 7, "TEHNICIAN IN GASTRONOMIE": 29}, "limba_moderna": {"LIMBA ENGLEZA": 314, "LIMBA FRANCEZA": 83}, "limba_materna": {"LIMBA ROMANA": 397}, "promotie_anterioara": {"DA": 100, "NU": 297}, "materii": {"LIMBA ROMANA": {"medie": 5.760422163588391, "reusita": 76.0705289672544, "cnt": 397}, "MATEMATICA TEHN": {"medie": 4.006707317073169, "reusita": 42.07492795389049, "cnt": 347}, "BIOLOGIE VEGETALA SI ANIMALA": {"medie": 3.886274509803923, "reusita": 33.33333333333333, "cnt": 54}, "GENERAL": {"medie": 5.0867300724637685, "reusita": 27.70780856423174, "cnt": 397}, "ANATOMIE SI FIZIOLOGIE UMANA, GENETICA SI ECOLOGIE UMANA": {"medie": 4.731597222222224, "reusita": 42.76729559748428, "cnt": 159}, "FIZICA TEH": {"medie": 3.5214285714285714, "reusita": 28.000000000000004, "cnt": 25}, "GEOGRAFIE": {"medie": 6.826315789473682, "reusita": 88.31168831168831, "cnt": 154}, "MATEMATICA ST-NAT": {"medie": 4.032222222222222, "reusita": 38.0, "cnt": 50}, "FIZICA TEO": {"medie": 7.3500000000000005, "reusita": 100.0, "cnt": 2}, "CHIMIE ANORGANICA TEO NIVEL I/II": {"medie": 6.55, "reusita": 100.0, "cnt": 1}, "ECONOMIE": {"medie": 1.85, "reusita": 0.0, "cnt": 1}, "CHIMIE ANORGANICA TEH NIVEL I/II": {"medie": 5.0, "reusita": 100.0, "cnt": 1}}, "nume": "COLEGIUL TEHNIC \"ION CREANGA\", ORAS TARGU NEAMT\tNeam\u021b"}