{"specializari": {"MATEMATICA-INFORMATICA": 58, "FILOLOGIE": 63, "INVATATOR - EDUCATOARE": 27, "STIINTE ALE NATURII": 26}, "limba_moderna": {"LIMBA GERMANA MODERNA": 1, "LIMBA ENGLEZA": 155, "LIMBA FRANCEZA": 18}, "limba_materna": {"LIMBA ROMANA": 174}, "promotie_anterioara": {"NU": 167, "DA": 7}, "materii": {"LIMBA ROMANA": {"medie": 8.743352601156065, "reusita": 99.42528735632183, "cnt": 174}, "GENERAL": {"medie": 8.482655038759688, "reusita": 95.40229885057471, "cnt": 174}, "MATEMATICA MATE-INFO": {"medie": 7.911206896551724, "reusita": 98.27586206896551, "cnt": 58}, "ANATOMIE SI FIZIOLOGIE UMANA, GENETICA SI ECOLOGIE UMANA": {"medie": 9.101298701298699, "reusita": 100.0, "cnt": 77}, "ISTORIE": {"medie": 8.140322580645163, "reusita": 98.4126984126984, "cnt": 63}, "GEOGRAFIE": {"medie": 8.242666666666667, "reusita": 96.05263157894737, "cnt": 76}, "MATEMATICA ST-NAT": {"medie": 7.644230769230772, "reusita": 100.0, "cnt": 26}, "CHIMIE ORGANICA TEO NIVEL I/II": {"medie": 6.85, "reusita": 100.0, "cnt": 1}, "LOGICA, ARGUMENTARE SI COMUNICARE": {"medie": 8.7375, "reusita": 80.0, "cnt": 5}, "INFORMATICA MI C/C++": {"medie": 8.916666666666666, "reusita": 100.0, "cnt": 6}, "PSIHOLOGIE": {"medie": 8.975000000000001, "reusita": 100.0, "cnt": 2}, "SOCIOLOGIE": {"medie": 8.6, "reusita": 100.0, "cnt": 7}, "MATEMATICA PED": {"medie": 8.166666666666666, "reusita": 100.0, "cnt": 27}}, "nume": "COLEGIUL NATIONAL \"GEORGE COSBUC\" NASAUD\tBistri\u021ba-N\u0103s\u0103ud"}