{"specializari": {"FILOLOGIE": 95, "TEHNICIAN IN TURISM": 15}, "limba_moderna": {"LIMBA ENGLEZA": 109, "LIMBA FRANCEZA": 1}, "limba_materna": {"LIMBA ROMANA": 110}, "promotie_anterioara": {"NU": 72, "DA": 38}, "materii": {"LIMBA ROMANA": {"medie": 6.687619047619048, "reusita": 87.27272727272727, "cnt": 110}, "MATEMATICA TEHN": {"medie": 3.595833333333333, "reusita": 33.33333333333333, "cnt": 15}, "GENERAL": {"medie": 7.115686274509804, "reusita": 66.36363636363637, "cnt": 110}, "ISTORIE": {"medie": 7.248913043478261, "reusita": 92.63157894736842, "cnt": 95}, "GEOGRAFIE": {"medie": 7.756593406593408, "reusita": 87.87878787878788, "cnt": 99}, "FILOSOFIE": {"medie": 5.25, "reusita": 100.0, "cnt": 1}, "LOGICA, ARGUMENTARE SI COMUNICARE": {"medie": 6.8, "reusita": 100.0, "cnt": 1}, "PSIHOLOGIE": {"medie": 6.75, "reusita": 75.0, "cnt": 4}, "SOCIOLOGIE": {"medie": 7.925000000000001, "reusita": 100.0, "cnt": 4}, "ECONOMIE": {"medie": 8.0, "reusita": 100.0, "cnt": 1}}, "nume": "COMPLEXUL SCOLAR \"CRONOS\"\tBucure\u0219ti"}