{"specializari": {"MATEMATICA-INFORMATICA": 11, "STIINTE SOCIALE": 19}, "limba_moderna": {"LIMBA GERMANA MODERNA": 6, "LIMBA FRANCEZA": 3, "LIMBA ITALIANA": 2, "LIMBA EBRAICA": 9, "LIMBA ENGLEZA": 9, "LIMBA SPANIOLA": 1}, "limba_materna": {"LIMBA ROMANA": 30}, "promotie_anterioara": {"NU": 30}, "materii": {"LIMBA ROMANA": {"medie": 9.503333333333334, "reusita": 100.0, "cnt": 30}, "GENERAL": {"medie": 9.5, "reusita": 100.0, "cnt": 30}, "MATEMATICA MATE-INFO": {"medie": 9.381818181818183, "reusita": 100.0, "cnt": 11}, "ISTORIE": {"medie": 9.642105263157895, "reusita": 100.0, "cnt": 19}, "GEOGRAFIE": {"medie": 9.309999999999999, "reusita": 100.0, "cnt": 5}, "FIZICA TEO": {"medie": 9.0625, "reusita": 100.0, "cnt": 4}, "CHIMIE ORGANICA TEO NIVEL I/II": {"medie": 9.275, "reusita": 100.0, "cnt": 2}, "INFORMATICA MI C/C++": {"medie": 9.790000000000001, "reusita": 100.0, "cnt": 5}, "PSIHOLOGIE": {"medie": 10.0, "reusita": 100.0, "cnt": 1}, "SOCIOLOGIE": {"medie": 9.52142857142857, "reusita": 100.0, "cnt": 7}, "ECONOMIE": {"medie": 9.424999999999999, "reusita": 100.0, "cnt": 6}}, "nume": "COMPLEXUL EDUCATIONAL LAUDE-REUT\tBucure\u0219ti"}