{"specializari": {"LICEU CU PROGRAM SPORTIV": 76}, "limba_moderna": {"LIMBA FRANCEZA": 12, "LIMBA ENGLEZA": 64}, "limba_materna": {"LIMBA ROMANA": 76}, "promotie_anterioara": {"NU": 55, "DA": 21}, "materii": {"LIMBA ROMANA": {"medie": 6.036301369863013, "reusita": 84.21052631578947, "cnt": 76}, "GENERAL": {"medie": 6.6758215962441305, "reusita": 65.78947368421053, "cnt": 76}, "ISTORIE": {"medie": 6.314383561643837, "reusita": 84.21052631578947, "cnt": 76}, "GEOGRAFIE": {"medie": 7.538571428571427, "reusita": 89.1891891891892, "cnt": 74}, "LOGICA, ARGUMENTARE SI COMUNICARE": {"medie": 7.425, "reusita": 100.0, "cnt": 2}}, "nume": "LICEUL CU PROGRAM SPORTIV \"CETATE\" DEVA\tHunedoara"}