{"specializari": {"TEHNICIAN HIDRO-METEOROLOG": 29, "TEHNICIAN IN AGRICULTURA": 24, "TEHNICIAN ECOLOG SI PROTECTIA CALITATII MEDIULUI": 8, "TEHNICIAN IN ACTIVITATI ECONOMICE": 1}, "limba_moderna": {"LIMBA ENGLEZA": 61, "LIMBA FRANCEZA": 1}, "limba_materna": {"LIMBA ROMANA": 62}, "promotie_anterioara": {"DA": 35, "NU": 27}, "materii": {"LIMBA ROMANA": {"medie": 3.8794642857142847, "reusita": 25.806451612903224, "cnt": 62}, "MATEMATICA TEHN": {"medie": 2.305, "reusita": 17.741935483870968, "cnt": 62}, "BIOLOGIE VEGETALA SI ANIMALA": {"medie": 2.876190476190476, "reusita": 20.833333333333336, "cnt": 24}, "GENERAL": {"medie": 3.193115942028986, "reusita": 1.6129032258064515, "cnt": 62}, "ANATOMIE SI FIZIOLOGIE UMANA, GENETICA SI ECOLOGIE UMANA": {"medie": 3.3222222222222233, "reusita": 13.513513513513514, "cnt": 37}, "GEOGRAFIE": {"medie": 6.35, "reusita": 100.0, "cnt": 1}}, "nume": "LICEUL AGRICOL POARTA ALBA\tConstan\u021ba"}