{"specializari": {"LICEU CU PROGRAM SPORTIV": 110, "FILOLOGIE": 1}, "limba_moderna": {"LIMBA ENGLEZA": 111}, "limba_materna": {"LIMBA ROMANA": 111}, "promotie_anterioara": {"DA": 30, "NU": 81}, "materii": {"LIMBA ROMANA": {"medie": 6.08772727272727, "reusita": 92.7927927927928, "cnt": 111}, "GENERAL": {"medie": 6.4918960244648325, "reusita": 66.66666666666666, "cnt": 111}, "ISTORIE": {"medie": 6.376363636363636, "reusita": 90.990990990991, "cnt": 111}, "GEOGRAFIE": {"medie": 6.954591836734695, "reusita": 92.92929292929293, "cnt": 99}, "LOGICA, ARGUMENTARE SI COMUNICARE": {"medie": 7.331818181818182, "reusita": 83.33333333333334, "cnt": 12}}, "nume": "LICEUL CU PROGRAM SPORTIV\tBr\u0103ila"}