{"specializari": {"LICEU CU PROGRAM SPORTIV": 22}, "limba_moderna": {"LIMBA ENGLEZA": 22}, "limba_materna": {"LIMBA ROMANA": 22}, "promotie_anterioara": {"DA": 8, "NU": 14}, "materii": {"LIMBA ROMANA": {"medie": 5.930952380952381, "reusita": 86.36363636363636, "cnt": 22}, "GENERAL": {"medie": 5.994444444444445, "reusita": 50.0, "cnt": 22}, "ISTORIE": {"medie": 5.588095238095239, "reusita": 77.27272727272727, "cnt": 22}, "GEOGRAFIE": {"medie": 6.276315789473683, "reusita": 75.0, "cnt": 20}, "LOGICA, ARGUMENTARE SI COMUNICARE": {"medie": 8.25, "reusita": 100.0, "cnt": 2}}, "nume": "LICEUL CU PROGRAM SPORTIV NR. 1 CLINCENI\tIlfov"}