{"specializari": {"LICEU CU PROGRAM SPORTIV": 144}, "limba_moderna": {"LIMBA ENGLEZA": 143, "LIMBA FRANCEZA": 1}, "limba_materna": {"LIMBA ROMANA": 144}, "promotie_anterioara": {"NU": 96, "DA": 48}, "materii": {"LIMBA ROMANA": {"medie": 5.834751773049645, "reusita": 81.25, "cnt": 144}, "GENERAL": {"medie": 6.209952038369305, "reusita": 51.388888888888886, "cnt": 144}, "ISTORIE": {"medie": 6.1187943262411375, "reusita": 77.08333333333334, "cnt": 144}, "GEOGRAFIE": {"medie": 6.648818897637795, "reusita": 77.27272727272727, "cnt": 132}, "LOGICA, ARGUMENTARE SI COMUNICARE": {"medie": 6.35, "reusita": 66.66666666666666, "cnt": 9}, "PSIHOLOGIE": {"medie": 7.116666666666667, "reusita": 100.0, "cnt": 3}}, "nume": "LICEUL CU PROGRAM SPORTIV \"BANATUL\" TIMISOARA\tTimi\u0219"}