{"specializari": {"STIINTE ALE NATURII": 49, "TEHNICIAN MECATRONIST": 27, "TEHNICIAN TRANSPORTURI": 22, "TEHNICIAN IN ACTIVITATI ECONOMICE": 34, "TEHNICIAN IN TURISM": 33, "MATEMATICA-INFORMATICA": 21, "FILOLOGIE": 37, "STIINTE SOCIALE": 37, "TEHNICIAN IN ACTIVITATI DE COMERT": 24, "TEHNICIAN IN GASTRONOMIE": 2}, "limba_moderna": {"LIMBA ENGLEZA": 286}, "limba_materna": {"LIMBA ROMANA": 286}, "promotie_anterioara": {"DA": 112, "NU": 174}, "materii": {"LIMBA ROMANA": {"medie": 5.611302681992336, "reusita": 68.53146853146853, "cnt": 286}, "MATEMATICA TEHN": {"medie": 3.9639130434782617, "reusita": 36.61971830985916, "cnt": 142}, "BIOLOGIE VEGETALA SI ANIMALA": {"medie": 5.265151515151516, "reusita": 51.21951219512195, "cnt": 82}, "GENERAL": {"medie": 5.536471408647136, "reusita": 32.86713286713287, "cnt": 286}, "MATEMATICA MATE-INFO": {"medie": 6.095, "reusita": 71.42857142857143, "cnt": 21}, "ANATOMIE SI FIZIOLOGIE UMANA, GENETICA SI ECOLOGIE UMANA": {"medie": 6.374999999999999, "reusita": 92.3076923076923, "cnt": 13}, "FIZICA TEH": {"medie": 3.3272727272727267, "reusita": 21.052631578947366, "cnt": 19}, "ISTORIE": {"medie": 6.347222222222222, "reusita": 87.83783783783784, "cnt": 74}, "GEOGRAFIE": {"medie": 6.514383561643837, "reusita": 77.21518987341773, "cnt": 158}, "FILOSOFIE": {"medie": 5.25, "reusita": 100.0, "cnt": 1}, "MATEMATICA ST-NAT": {"medie": 2.5624999999999996, "reusita": 18.367346938775512, "cnt": 49}, "FIZICA TEO": {"medie": "-", "reusita": 0.0, "cnt": 1}, "INFORMATICA MI C/C++": {"medie": 7.499999999999999, "reusita": 100.0, "cnt": 4}, "PSIHOLOGIE": {"medie": 8.066666666666666, "reusita": 100.0, "cnt": 3}, "ECONOMIE": {"medie": 8.26, "reusita": 100.0, "cnt": 5}}, "nume": "LICEUL BORSA\tMaramure\u0219"}