{"specializari": {"LICEU CU PROGRAM SPORTIV": 173, "STIINTE ALE NATURII": 40, "STIINTE SOCIALE": 37}, "limba_moderna": {"LIMBA ENGLEZA": 225, "LIMBA FRANCEZA": 24, "LIMBA SPANIOLA": 1}, "limba_materna": {"LIMBA ROMANA": 250}, "promotie_anterioara": {"NU": 191, "DA": 59}, "materii": {"LIMBA ROMANA": {"medie": 6.454048582995949, "reusita": 85.2, "cnt": 250}, "BIOLOGIE VEGETALA SI ANIMALA": {"medie": 7.525000000000001, "reusita": 81.81818181818183, "cnt": 11}, "GENERAL": {"medie": 6.849583333333331, "reusita": 66.0, "cnt": 250}, "ANATOMIE SI FIZIOLOGIE UMANA, GENETICA SI ECOLOGIE UMANA": {"medie": 7.348148148148147, "reusita": 92.85714285714286, "cnt": 28}, "ISTORIE": {"medie": 6.618536585365858, "reusita": 84.28571428571429, "cnt": 210}, "GEOGRAFIE": {"medie": 7.700914634146344, "reusita": 88.8235294117647, "cnt": 170}, "MATEMATICA ST-NAT": {"medie": 5.386249999999999, "reusita": 80.0, "cnt": 40}, "CHIMIE ORGANICA TEO NIVEL I/II": {"medie": 8.6, "reusita": 100.0, "cnt": 1}, "LOGICA, ARGUMENTARE SI COMUNICARE": {"medie": 7.110526315789474, "reusita": 76.31578947368422, "cnt": 38}, "PSIHOLOGIE": {"medie": 6.15, "reusita": 100.0, "cnt": 1}, "SOCIOLOGIE": {"medie": 8.05, "reusita": 100.0, "cnt": 1}}, "nume": "LICEUL CU PROGRAM SPORTIV \"MIRCEA ELIADE\"\tBucure\u0219ti"}