{"specializari": {"LICEU CU PROGRAM SPORTIV": 101}, "limba_moderna": {"LIMBA ENGLEZA": 101}, "limba_materna": {"LIMBA ROMANA": 101}, "promotie_anterioara": {"DA": 30, "NU": 71}, "materii": {"LIMBA ROMANA": {"medie": 5.652020202020201, "reusita": 81.1881188118812, "cnt": 101}, "GENERAL": {"medie": 5.947192982456139, "reusita": 44.554455445544555, "cnt": 101}, "ISTORIE": {"medie": 5.7589999999999995, "reusita": 73.26732673267327, "cnt": 101}, "GEOGRAFIE": {"medie": 6.423214285714285, "reusita": 77.38095238095238, "cnt": 84}, "LOGICA, ARGUMENTARE SI COMUNICARE": {"medie": 6.3, "reusita": 56.25, "cnt": 16}, "PSIHOLOGIE": {"medie": 5.3, "reusita": 100.0, "cnt": 1}}, "nume": "LICEUL CU PROGRAM SPORTIV BACAU\tBac\u0103u"}