{"specializari": {"LICEU CU PROGRAM SPORTIV": 95}, "limba_moderna": {"LIMBA ENGLEZA": 87, "LIMBA FRANCEZA": 8}, "limba_materna": {"LIMBA ROMANA": 95}, "promotie_anterioara": {"NU": 71, "DA": 24}, "materii": {"LIMBA ROMANA": {"medie": 6.071739130434784, "reusita": 88.42105263157895, "cnt": 95}, "GENERAL": {"medie": 6.1512820512820525, "reusita": 54.736842105263165, "cnt": 95}, "ISTORIE": {"medie": 5.930645161290324, "reusita": 83.15789473684211, "cnt": 95}, "GEOGRAFIE": {"medie": 6.902083333333334, "reusita": 87.75510204081633, "cnt": 49}, "FILOSOFIE": {"medie": 4.675000000000001, "reusita": 50.0, "cnt": 4}, "LOGICA, ARGUMENTARE SI COMUNICARE": {"medie": 5.8999999999999995, "reusita": 65.0, "cnt": 40}, "PSIHOLOGIE": {"medie": 7.2, "reusita": 100.0, "cnt": 2}}, "nume": "LICEUL CU PROGRAM SPORTIV BAIA MARE\tMaramure\u0219"}