{"specializari": {"LICEU CU PROGRAM SPORTIV": 106}, "limba_moderna": {"LIMBA ENGLEZA": 106}, "limba_materna": {"LIMBA ROMANA": 106}, "promotie_anterioara": {"NU": 86, "DA": 20}, "materii": {"LIMBA ROMANA": {"medie": 6.15952380952381, "reusita": 90.56603773584906, "cnt": 106}, "GENERAL": {"medie": 5.972442244224422, "reusita": 48.113207547169814, "cnt": 106}, "ISTORIE": {"medie": 5.596226415094338, "reusita": 79.24528301886792, "cnt": 106}, "GEOGRAFIE": {"medie": 6.510869565217392, "reusita": 76.0, "cnt": 25}, "LOGICA, ARGUMENTARE SI COMUNICARE": {"medie": 5.9846153846153864, "reusita": 65.4320987654321, "cnt": 81}}, "nume": "LICEUL CU PROGRAM SPORTIV, MUN. VASLUI\tVaslui"}