{"specializari": {"LICEU CU PROGRAM SPORTIV": 119}, "limba_moderna": {"LIMBA ENGLEZA": 117, "LIMBA FRANCEZA": 2}, "limba_materna": {"LIMBA ROMANA": 119}, "promotie_anterioara": {"DA": 23, "NU": 96}, "materii": {"LIMBA ROMANA": {"medie": 5.442241379310343, "reusita": 73.10924369747899, "cnt": 119}, "GENERAL": {"medie": 5.562536873156343, "reusita": 42.016806722689076, "cnt": 119}, "ISTORIE": {"medie": 5.266810344827588, "reusita": 62.18487394957983, "cnt": 119}, "GEOGRAFIE": {"medie": 5.433582089552236, "reusita": 60.0, "cnt": 70}, "LOGICA, ARGUMENTARE SI COMUNICARE": {"medie": 6.490624999999999, "reusita": 73.46938775510205, "cnt": 49}}, "nume": "LICEUL CU PROGRAM SPORTIV BOTOSANI\tBoto\u0219ani"}