{"specializari": {"LICEU CU PROGRAM SPORTIV": 99}, "limba_moderna": {"LIMBA ENGLEZA": 99}, "limba_materna": {"LIMBA ROMANA": 99}, "promotie_anterioara": {"NU": 71, "DA": 28}, "materii": {"LIMBA ROMANA": {"medie": 6.02956989247312, "reusita": 83.83838383838383, "cnt": 99}, "GENERAL": {"medie": 6.473333333333334, "reusita": 56.56565656565656, "cnt": 99}, "ISTORIE": {"medie": 6.135164835164834, "reusita": 79.7979797979798, "cnt": 99}, "GEOGRAFIE": {"medie": 7.101333333333336, "reusita": 91.02564102564102, "cnt": 78}, "FILOSOFIE": {"medie": 7.483333333333334, "reusita": 100.0, "cnt": 3}, "LOGICA, ARGUMENTARE SI COMUNICARE": {"medie": 7.405000000000001, "reusita": 83.33333333333334, "cnt": 12}, "PSIHOLOGIE": {"medie": 7.208333333333332, "reusita": 100.0, "cnt": 6}}, "nume": "LICEUL CU PROGRAM SPORTIV \"BIHORUL\" ORADEA\tBihor"}