{"specializari": {"LICEU CU PROGRAM SPORTIV": 77}, "limba_moderna": {"LIMBA ENGLEZA": 76, "LIMBA FRANCEZA": 1}, "limba_materna": {"LIMBA ROMANA": 77}, "promotie_anterioara": {"DA": 13, "NU": 64}, "materii": {"LIMBA ROMANA": {"medie": 5.759333333333333, "reusita": 75.32467532467533, "cnt": 77}, "GENERAL": {"medie": 5.865990990990992, "reusita": 48.05194805194805, "cnt": 77}, "ISTORIE": {"medie": 5.970666666666667, "reusita": 75.32467532467533, "cnt": 77}, "GEOGRAFIE": {"medie": 5.89453125, "reusita": 65.67164179104478, "cnt": 67}, "FILOSOFIE": {"medie": 3.1, "reusita": 0.0, "cnt": 1}, "LOGICA, ARGUMENTARE SI COMUNICARE": {"medie": 5.5625, "reusita": 62.5, "cnt": 8}, "PSIHOLOGIE": {"medie": 8.65, "reusita": 100.0, "cnt": 1}}, "nume": "LICEUL CU PROGRAM SPORTIV SLATINA\tOlt"}