{"specializari": {"STIINTE ALE NATURII": 8}, "limba_moderna": {"LIMBA ENGLEZA": 8}, "limba_materna": {"LIMBA ROMANA": 8}, "promotie_anterioara": {"NU": 8}, "materii": {"LIMBA ROMANA": {"medie": 8.63125, "reusita": 100.0, "cnt": 8}, "GENERAL": {"medie": 8.589583333333334, "reusita": 100.0, "cnt": 8}, "ANATOMIE SI FIZIOLOGIE UMANA, GENETICA SI ECOLOGIE UMANA": {"medie": 9.428571428571427, "reusita": 100.0, "cnt": 7}, "MATEMATICA ST-NAT": {"medie": 7.9625, "reusita": 100.0, "cnt": 8}, "CHIMIE ANORGANICA TEO NIVEL I/II": {"medie": 7.4, "reusita": 100.0, "cnt": 1}}, "nume": "LICEUL CRESTIN \"LOGOS\" BISTRITA\tBistri\u021ba-N\u0103s\u0103ud"}