{"specializari": {"LICEU CU PROGRAM SPORTIV": 69}, "limba_moderna": {"LIMBA ENGLEZA": 69}, "limba_materna": {"LIMBA ROMANA": 69}, "promotie_anterioara": {"NU": 60, "DA": 9}, "materii": {"LIMBA ROMANA": {"medie": 6.506617647058824, "reusita": 92.7536231884058, "cnt": 69}, "GENERAL": {"medie": 7.210447761194028, "reusita": 78.26086956521739, "cnt": 69}, "ISTORIE": {"medie": 7.661029411764705, "reusita": 92.7536231884058, "cnt": 69}, "GEOGRAFIE": {"medie": 7.332692307692309, "reusita": 89.28571428571429, "cnt": 28}, "FILOSOFIE": {"medie": 7.5, "reusita": 100.0, "cnt": 2}, "LOGICA, ARGUMENTARE SI COMUNICARE": {"medie": 7.4644736842105255, "reusita": 89.47368421052632, "cnt": 38}, "PSIHOLOGIE": {"medie": 6.95, "reusita": 100.0, "cnt": 1}}, "nume": "LICEUL CU PROGRAM SPORTIV ALBA IULIA\tAlba"}