{"specializari": {"STIINTE ALE NATURII": 68, "FILOLOGIE": 43, "TEHNICIAN AGROMONTAN": 5, "TEHNICIAN IN INSTALATII ELECTRICE": 39, "TEHNICIAN MECATRONIST": 15, "STIINTE SOCIALE": 36, "TEHNICIAN MECANIC PENTRU INTRETINERE SI REPARATII": 25, "TEHNICIAN ECOLOG SI PROTECTIA CALITATII MEDIULUI": 28, "TEHNICIAN IN INDUSTRIA TEXTILA": 11, "TEHNICIAN IN CONSTRUCTII SI LUCRARI PUBLICE": 3, "MATEMATICA-INFORMATICA": 31, "TEHNICIAN OPERATOR TEHNICA DE CALCUL": 1, "TEHNICIAN ELECTROTEHNIST": 17}, "limba_moderna": {"LIMBA FRANCEZA": 22, "LIMBA ENGLEZA": 300}, "limba_materna": {"LIMBA ROMANA": 322}, "promotie_anterioara": {"DA": 74, "NU": 248}, "materii": {"LIMBA ROMANA": {"medie": 6.858069620253167, "reusita": 86.95652173913044, "cnt": 322}, "MATEMATICA TEHN": {"medie": 3.303985507246378, "reusita": 34.02777777777778, "cnt": 144}, "BIOLOGIE VEGETALA SI ANIMALA": {"medie": 3.9188118811881187, "reusita": 36.44859813084112, "cnt": 107}, "GENERAL": {"medie": 6.316989247311828, "reusita": 53.72670807453416, "cnt": 322}, "MATEMATICA MATE-INFO": {"medie": 8.959999999999999, "reusita": 96.7741935483871, "cnt": 31}, "ANATOMIE SI FIZIOLOGIE UMANA, GENETICA SI ECOLOGIE UMANA": {"medie": 7.228640776699027, "reusita": 88.46153846153845, "cnt": 104}, "FIZICA TEH": {"medie": 7.3, "reusita": 100.0, "cnt": 1}, "ISTORIE": {"medie": 7.547435897435899, "reusita": 92.40506329113924, "cnt": 79}, "GEOGRAFIE": {"medie": 8.170588235294119, "reusita": 94.28571428571428, "cnt": 70}, "MATEMATICA ST-NAT": {"medie": 6.22348484848485, "reusita": 76.47058823529412, "cnt": 68}, "FIZICA TEO": {"medie": 9.37777777777778, "reusita": 100.0, "cnt": 18}, "CHIMIE ORGANICA TEO NIVEL I/II": {"medie": 8.9, "reusita": 100.0, "cnt": 1}, "INFORMATICA MI C/C++": {"medie": 9.225, "reusita": 100.0, "cnt": 6}, "PSIHOLOGIE": {"medie": 8.666666666666666, "reusita": 100.0, "cnt": 3}, "CHIMIE ANORGANICA TEO NIVEL I/II": {"medie": 7.15, "reusita": 100.0, "cnt": 2}, "SOCIOLOGIE": {"medie": 7.125, "reusita": 100.0, "cnt": 4}, "ECONOMIE": {"medie": 7.625, "reusita": 100.0, "cnt": 2}, "CHIMIE ANORGANICA TEH NIVEL I/II": {"medie": 2.1166666666666667, "reusita": 0.0, "cnt": 3}, "INFORMATICA SN C/C++": {"medie": 9.4, "reusita": 100.0, "cnt": 1}}, "nume": "LICEUL CONSTANTIN BRANCOVEANU, ORAS HOREZU\tV\u00e2lcea"}