{"specializari": {"TEHNICIAN TRANSPORTURI": 19, "TEHNICIAN MECATRONIST": 1, "TEHNICIAN IN INDUSTRIA ALIMENTARA": 14, "TEHNICIAN ECOLOG SI PROTECTIA CALITATII MEDIULUI": 17, "TEHNICIAN IN ACTIVITATI DE COMERT": 16, "TEHNICIAN IN AGRICULTURA": 1, "TEHNICIAN IN TURISM": 1, "TEHNICIAN IN AGRICULTURA ECOLOGICA": 4, "TEHNICIAN MECANIC PENTRU INTRETINERE SI REPARATII": 2, "TEHNICIAN IN GASTRONOMIE": 3, "TEHNICIAN IN AUTOMATIZARI": 1, "TEHNICIAN ANALIZE PRODUSE ALIMENTARE": 14}, "limba_moderna": {"LIMBA ENGLEZA": 77, "LIMBA FRANCEZA": 16}, "limba_materna": {"LIMBA ROMANA": 93}, "promotie_anterioara": {"NU": 64, "DA": 29}, "materii": {"LIMBA ROMANA": {"medie": 5.462068965517244, "reusita": 70.96774193548387, "cnt": 93}, "MATEMATICA TEHN": {"medie": 2.9732558139534877, "reusita": 23.655913978494624, "cnt": 93}, "BIOLOGIE VEGETALA SI ANIMALA": {"medie": 3.7031250000000004, "reusita": 26.08695652173913, "cnt": 69}, "GENERAL": {"medie": 4.358943089430892, "reusita": 13.978494623655912, "cnt": 93}, "ANATOMIE SI FIZIOLOGIE UMANA, GENETICA SI ECOLOGIE UMANA": {"medie": 5.0, "reusita": 100.0, "cnt": 1}, "FIZICA TEH": {"medie": 2.05, "reusita": 0.0, "cnt": 1}, "GEOGRAFIE": {"medie": 7.300000000000001, "reusita": 76.47058823529412, "cnt": 17}, "LOGICA, ARGUMENTARE SI COMUNICARE": {"medie": 9.033333333333333, "reusita": 100.0, "cnt": 3}, "CHIMIE ANORGANICA TEH NIVEL I/II": {"medie": 3.25, "reusita": 0.0, "cnt": 2}}, "nume": "LICEUL AGRICOL \"DR. C. ANGELESCU\" MUNICIPIUL BUZAU\tBuz\u0103u"}