{"specializari": {"LICEU CU PROGRAM SPORTIV": 148}, "limba_moderna": {"LIMBA ENGLEZA": 148}, "limba_materna": {"LIMBA ROMANA": 148}, "promotie_anterioara": {"NU": 129, "DA": 19}, "materii": {"LIMBA ROMANA": {"medie": 6.382534246575342, "reusita": 89.86486486486487, "cnt": 148}, "GENERAL": {"medie": 6.678850574712643, "reusita": 64.86486486486487, "cnt": 148}, "ISTORIE": {"medie": 6.683219178082192, "reusita": 87.16216216216216, "cnt": 148}, "GEOGRAFIE": {"medie": 7.063265306122447, "reusita": 88.0, "cnt": 100}, "LOGICA, ARGUMENTARE SI COMUNICARE": {"medie": 6.605555555555554, "reusita": 77.77777777777779, "cnt": 45}, "PSIHOLOGIE": {"medie": 8.416666666666666, "reusita": 100.0, "cnt": 3}}, "nume": "LICEUL CU PROGRAM SPORTIV CLUJ-NAPOCA\tCluj"}