{"specializari": {"LICEU CU PROGRAM SPORTIV": 71}, "limba_moderna": {"LIMBA ENGLEZA": 71}, "limba_materna": {"LIMBA ROMANA": 71}, "promotie_anterioara": {"NU": 56, "DA": 15}, "materii": {"LIMBA ROMANA": {"medie": 6.675714285714288, "reusita": 92.95774647887323, "cnt": 71}, "GENERAL": {"medie": 7.111764705882354, "reusita": 73.23943661971832, "cnt": 71}, "ISTORIE": {"medie": 7.292028985507244, "reusita": 91.54929577464789, "cnt": 71}, "GEOGRAFIE": {"medie": 7.23452380952381, "reusita": 88.63636363636364, "cnt": 44}, "LOGICA, ARGUMENTARE SI COMUNICARE": {"medie": 7.0473684210526315, "reusita": 78.94736842105263, "cnt": 19}, "PSIHOLOGIE": {"medie": 8.285714285714286, "reusita": 100.0, "cnt": 7}, "ECONOMIE": {"medie": 5.6, "reusita": 100.0, "cnt": 1}}, "nume": "LICEUL CU PROGRAM SPORTIV BRASOV\tBra\u0219ov"}