{"specializari": {"LICEU CU PROGRAM SPORTIV": 125}, "limba_moderna": {"LIMBA ENGLEZA": 122, "LIMBA FRANCEZA": 3}, "limba_materna": {"LIMBA ROMANA": 125}, "promotie_anterioara": {"NU": 90, "DA": 35}, "materii": {"LIMBA ROMANA": {"medie": 6.055241935483871, "reusita": 85.6, "cnt": 125}, "GENERAL": {"medie": 6.505149051490511, "reusita": 64.0, "cnt": 125}, "ISTORIE": {"medie": 6.212601626016259, "reusita": 90.4, "cnt": 125}, "GEOGRAFIE": {"medie": 7.172522522522522, "reusita": 89.28571428571429, "cnt": 112}, "LOGICA, ARGUMENTARE SI COMUNICARE": {"medie": 7.676923076923075, "reusita": 100.0, "cnt": 13}}, "nume": "LICEUL CU PROGRAM SPORTIV, IASI\tIa\u0219i"}