{"specializari": {"FILOLOGIE": 58, "LICEU CU PROGRAM SPORTIV": 110}, "limba_moderna": {"LIMBA ENGLEZA": 160, "LIMBA FRANCEZA": 8}, "limba_materna": {"LIMBA ROMANA": 168}, "promotie_anterioara": {"NU": 129, "DA": 39}, "materii": {"LIMBA ROMANA": {"medie": 6.2198170731707325, "reusita": 91.66666666666666, "cnt": 168}, "GENERAL": {"medie": 6.145679012345677, "reusita": 54.166666666666664, "cnt": 168}, "ISTORIE": {"medie": 5.972727272727274, "reusita": 83.33333333333334, "cnt": 168}, "GEOGRAFIE": {"medie": 7.095555555555554, "reusita": 82.6086956521739, "cnt": 46}, "LOGICA, ARGUMENTARE SI COMUNICARE": {"medie": 5.859829059829058, "reusita": 67.21311475409836, "cnt": 122}}, "nume": "LICEUL CU PROGRAM SPORTIV SUCEAVA\tSuceava"}