{"specializari": {"LICEU CU PROGRAM SPORTIV": 96}, "limba_moderna": {"LIMBA ENGLEZA": 86, "LIMBA FRANCEZA": 10}, "limba_materna": {"LIMBA ROMANA": 96}, "promotie_anterioara": {"NU": 76, "DA": 20}, "materii": {"LIMBA ROMANA": {"medie": 5.810752688172044, "reusita": 79.16666666666666, "cnt": 96}, "GENERAL": {"medie": 6.179304029304031, "reusita": 47.91666666666667, "cnt": 96}, "ISTORIE": {"medie": 6.076344086021503, "reusita": 73.95833333333334, "cnt": 96}, "GEOGRAFIE": {"medie": 6.539772727272725, "reusita": 77.17391304347827, "cnt": 92}, "LOGICA, ARGUMENTARE SI COMUNICARE": {"medie": 1.8, "reusita": 0.0, "cnt": 1}, "PSIHOLOGIE": {"medie": 7.5, "reusita": 100.0, "cnt": 3}}, "nume": "LICEUL CU PROGRAM SPORTIV, MUNICIPIUL ROMAN\tNeam\u021b"}