{"specializari": {"TEHNICIAN IN ACTIVITATI ECONOMICE": 28, "MATEMATICA-INFORMATICA": 10, "STIINTE SOCIALE": 39, "TEHNICIAN IN CONSTRUCTII SI LUCRARI PUBLICE": 1, "TEHNICIAN IN AGRICULTURA": 3, "TEHNICIAN MECANIC PENTRU INTRETINERE SI REPARATII": 1, "STIINTE ALE NATURII": 26}, "limba_moderna": {"LIMBA ENGLEZA": 108}, "limba_materna": {"LIMBA ROMANA": 108}, "promotie_anterioara": {"NU": 78, "DA": 30}, "materii": {"LIMBA ROMANA": {"medie": 5.841203703703705, "reusita": 78.70370370370371, "cnt": 108}, "MATEMATICA TEHN": {"medie": 2.848333333333333, "reusita": 21.21212121212121, "cnt": 33}, "BIOLOGIE VEGETALA SI ANIMALA": {"medie": 3.06, "reusita": 20.0, "cnt": 5}, "GENERAL": {"medie": 5.545049504950497, "reusita": 42.592592592592595, "cnt": 108}, "MATEMATICA MATE-INFO": {"medie": 2.6222222222222222, "reusita": 30.0, "cnt": 10}, "ANATOMIE SI FIZIOLOGIE UMANA, GENETICA SI ECOLOGIE UMANA": {"medie": 5.762499999999999, "reusita": 60.60606060606061, "cnt": 33}, "FIZICA TEH": {"medie": 2.8, "reusita": 0.0, "cnt": 1}, "ISTORIE": {"medie": 7.196052631578947, "reusita": 92.3076923076923, "cnt": 39}, "GEOGRAFIE": {"medie": 6.088461538461539, "reusita": 68.75, "cnt": 16}, "FILOSOFIE": {"medie": 7.45, "reusita": 100.0, "cnt": 1}, "MATEMATICA ST-NAT": {"medie": 3.9807692307692313, "reusita": 46.15384615384615, "cnt": 26}, "LOGICA, ARGUMENTARE SI COMUNICARE": {"medie": 6.2145833333333345, "reusita": 71.42857142857143, "cnt": 49}, "PSIHOLOGIE": {"medie": 6.85, "reusita": 100.0, "cnt": 1}, "CHIMIE ANORGANICA TEO NIVEL I/II": {"medie": 5.15, "reusita": 50.0, "cnt": 2}}, "nume": "LICEUL COBADIN\tConstan\u021ba"}