{"specializari": {"STIINTE SOCIALE": 10676, "STIINTE ALE NATURII": 17900, "MATEMATICA-INFORMATICA": 25491, "TEHNICIAN OPERATOR TEHNICA DE CALCUL": 2346, "FILOLOGIE": 21804, "ARTE PLASTICE SI DECORATIVE": 1257, "TEHNICIAN IN ADMINISTRATIE": 1132, "TEHNICIAN ECOLOG SI PROTECTIA CALITATII MEDIULUI": 3129, "TEHNICIAN IN AUTOMATIZARI": 1395, "TEHNICIAN ANALIZE PRODUSE ALIMENTARE": 1118, "TEHNICIAN IN ACTIVITATI DE COMERT": 2365, "TEHNICIAN IN INSTALATII ELECTRICE": 1912, "LICEU CU PROGRAM SPORTIV": 3898, "TEHNICIAN MECATRONIST": 1910, "TEHNICIAN ELECTROTEHNIST": 715, "TEHNICIAN ELECTRICIAN/ELECTRONIST AUTO": 567, "TEHNICIAN IN ACHIZITII SI CONTRACTARI": 851, "TEHNICIAN IN TURISM": 3785, "TEHNICIAN PROIECTANT CAD": 1076, "TEHNICIAN AVIATIE": 45, "TEOLOGIE UNITARIANA": 58, "TEHNICIAN IN INDUSTRIA MATERIALELOR DE CONSTRUCTII": 15, "TEHNICIAN IN INDUSTRIA STICLEI SI CERAMICII": 30, "MUZICA": 1116, "TEHNICIAN ELECTROMECANIC": 860, "TEHNICIAN VETERINAR": 592, "TEHNICIAN IN ACTIVITATI ECONOMICE": 9620, "ARHITECTURA, ARTE AMBIENTALE SI DESIGN": 761, "TEHNICIAN DE TELECOMUNICATII": 670, "TEHNICIAN DESIGNER VESTIMENTAR": 759, "TEHNICIAN PENTRU TEHNICI ARTISTICE - PATRIMONIU": 22, "TEHNICIAN IN INDUSTRIA ALIMENTARA": 709, "TEHNICIAN DESIGNER MOBILA SI AMENAJARI INTERIOARE": 314, "TEHNICIAN MECANIC PENTRU INTRETINERE SI REPARATII": 2286, "TEOLOGIE REFORMATA": 219, "TEHNICIAN IN CONSTRUCTII SI LUCRARI PUBLICE": 389, "TEHNICIAN TRANSPORTURI": 1504, "TEOLOGIE ORTODOXA": 861, "TEHNICIAN DESENATOR PENTRU CONSTRUCTII SI INSTALATII": 737, "TEHNICIAN INSTALATOR PENTRU CONSTRUCTII": 221, "TEHNICIAN IN GASTRONOMIE": 1954, "INVATATOR - EDUCATOARE": 1304, "TEOLOGIE ROMANO-CATOLICA": 351, "TEHNICIAN IN CHIMIE INDUSTRIALA": 136, "INSTRUCTOR PENTRU ACTIVITATI EXTRASCOLARE": 89, "TEHNICIAN IN PRELUCRAREA LEMNULUI": 249, "TEHNICIAN IN INDUSTRIA TEXTILA": 609, "TEHNICIAN IN HOTELARIE": 404, "TEHNICIAN IN AGRICULTURA ECOLOGICA": 114, "TEHNICIAN IN AGROTURISM": 197, "COAFOR STILIST": 717, "ORGANIZATOR BANQUETING": 1085, "TEHNICIAN IN SILVICULTURA SI EXPLOATARI FORESTIERE": 786, "TEHNICIAN PRELUCRARI LA CALD": 93, "TEHNICIAN ELECTRONIST": 292, "TEHNICIAN PRELUCRARI MECANICE": 267, "TEHNICIAN IN AGRICULTURA": 363, "TEHNICIAN AGROMONTAN": 92, "TEHNICIAN OPERATOR PROCESARE TEXT IMAGINE": 218, "TEHNICIAN IN MORARIT, PANIFICATIE SI PRODUSE FAINOASE": 106, "ARTA ACTORULUI": 258, "TEHNICIAN PROIECTANT PRODUSE FINITE DIN LEMN": 86, "TEHNICIAN IN INDUSTRIA PIELARIEI": 41, "TEHNICIAN CHIMIST DE LABORATOR": 355, "TEOLOGIE PENTICOSTALA": 138, "TEHNICIAN HORTICULTOR": 98, "TEOLOGIE BAPTISTA": 151, "GHID TURISM RELIGIOS": 15, "TEHNICIAN AUDIO-VIDEO": 1, "COREGRAFIE": 87, "TEOLOGIE GRECO-CATOLICA": 90, "TEHNICIAN IN PRELUCRAREA PRODUSELOR DE ORIGINE ANIMALA": 105, "TEHNICIAN AGRONOM": 174, "PATRIMONIU CULTURAL": 130, "TEHNICIAN IN ACTIVITATI DE POSTA": 102, "TEHNICIAN INSTALATII DE BORD (AVION)": 25, "TEHNICIAN PENTRU ANIMALE DE COMPANIE": 36, "TEHNICIAN ENERGETICIAN": 56, "TEHNICIAN METROLOG": 63, "TEHNICIAN PRELUCRARI PE MASINI CU COMANDA NUMERICA": 39, "TEHNICIAN IN IND. ALIM. FERMENTATIVA SI IN PREL. LEGUMELOR SI FRUCTELOR": 13, "TEHNICIAN HIDRO-METEOROLOG": 64, "TEHNICIAN OPERATOR TELEMATICA": 29, "TEHNICIAN ZOOTEHNIST": 42, "TEHNICIAN POLIGRAF": 63, "CONSERVARE - RESTAURARE": 9, "TEOLOGIE ADVENTISTA": 92, "MUZICA BISERICEASCA": 14, "TEHNICIAN VETERINAR PENTRU ANIMALE DE COMPANIE": 7, "EDUCATOR-PUERICULTOR": 51, "TEHNICIAN MULTIMEDIA": 20, "TEHNICIAN CONSTRUCTII NAVALE": 1, "BIBLIOTECAR DOCUMENTARIST": 9, "TEHNICIAN PRODUCTIE FILM SI TELEVIZIUNE": 68, "TEHNICIAN OPERATORI ROBOTI INDUSTRIALI": 15, "TEOLOGIE MUSULMANA": 2}, "limba_moderna": {"LIMBA FRANCEZA": 13200, "LIMBA ENGLEZA": 121507, "LIMBA GERMANA MODERNA": 1168, "LIMBA SPANIOLA": 687, "LIMBA RUSA": 119, "LIMBA ITALIANA": 373, "LIMBA PORTUGHEZA": 21, "LIMBA EBRAICA": 1, "LIMBA JAPONEZA": 14}, "limba_materna": {"LIMBA ROMANA": 129902, "LIMBA MAGHIARA": 6261, "LIMBA GERMANA": 775, "LIMBA SLOVACA": 46, "LIMBA UCRAINEANA": 72, "LIMBA CROATA": 2, "LIMBA ITALIANA": 8, "LIMBA SARBA": 22, "LIMBA TURCA": 2}, "promotie_anterioara": {"NU": 114847, "DA": 22243}, "materii": {"LIMBA ROMANA": {"medie": 6.731735061086033, "reusita": 85.41833831789334, "cnt": 137090}, "ISTORIE": {"medie": 7.068515636328405, "reusita": 93.56468523174723, "cnt": 42158}, "GEOGRAFIE": {"medie": 7.621710437563885, "reusita": 91.38961011546661, "cnt": 47373}, "GENERAL": {"medie": 6.9177923714798455, "reusita": 64.27675249835875, "cnt": 137090}, "MATEMATICA ST-NAT": {"medie": 7.045154361647339, "reusita": 82.56424581005587, "cnt": 17900}, "ANATOMIE SI FIZIOLOGIE UMANA, GENETICA SI ECOLOGIE UMANA": {"medie": 7.5894501573977, "reusita": 85.71660972832275, "cnt": 24588}, "MATEMATICA MATE-INFO": {"medie": 7.591616845121929, "reusita": 88.36059785806756, "cnt": 25491}, "BIOLOGIE VEGETALA SI ANIMALA": {"medie": 5.248971092601712, "reusita": 52.27456159659549, "cnt": 27258}, "FIZICA TEO": {"medie": 8.467660738714073, "reusita": 97.54529514903565, "cnt": 5133}, "MATEMATICA TEHN": {"medie": 5.30210526315791, "reusita": 60.52710153870653, "cnt": 50237}, "CHIMIE ORGANICA TEO NIVEL I/II": {"medie": 8.945438011518622, "reusita": 98.78861296184131, "cnt": 3302}, "LIMBA MAGHIARA (REAL)": {"medie": 7.464945652173898, "reusita": 94.17633883119527, "cnt": 4911}, "SOCIOLOGIE": {"medie": 7.660892857142831, "reusita": 93.04932735426009, "cnt": 3122}, "LIMBA MAGHIARA (UMAN)": {"medie": 7.39477221807318, "reusita": 97.4074074074074, "cnt": 1350}, "INFORMATICA SN C/C++": {"medie": 8.870909090909093, "reusita": 98.7878787878788, "cnt": 165}, "PSIHOLOGIE": {"medie": 7.171465968586385, "reusita": 84.62099125364432, "cnt": 1372}, "LOGICA, ARGUMENTARE SI COMUNICARE": {"medie": 8.510436480978196, "reusita": 94.56266756032171, "cnt": 11936}, "INFORMATICA MI C/C++": {"medie": 8.590154405086283, "reusita": 98.55046204022467, "cnt": 5519}, "ECONOMIE": {"medie": 7.681708407871201, "reusita": 90.0709219858156, "cnt": 1128}, "CHIMIE ANORGANICA TEH NIVEL I/II": {"medie": 5.781274961597543, "reusita": 66.68994413407822, "cnt": 1432}, "FIZICA TEH": {"medie": 5.1250442477876135, "reusita": 49.06347554630593, "cnt": 1922}, "LIMBA GERMANA": {"medie": 7.935351562499991, "reusita": 97.41935483870968, "cnt": 775}, "CHIMIE ANORGANICA TEO NIVEL I/II": {"medie": 7.969829424307039, "reusita": 95.43524416135881, "cnt": 942}, "CHIMIE ORGANICA TEH NIVEL I/II": {"medie": 5.422823779193202, "reusita": 57.55258126195029, "cnt": 523}, "MATEMATICA PED": {"medie": 7.197374517374526, "reusita": 88.57361963190185, "cnt": 1304}, "FILOSOFIE": {"medie": 7.184440227703983, "reusita": 90.85923217550274, "cnt": 547}, "INFORMATICA SN PASCAL": {"medie": 8.698484848484847, "reusita": 100.0, "cnt": 33}, "INFORMATICA MI PASCAL": {"medie": 8.232616940581545, "reusita": 97.86163522012579, "cnt": 795}, "LIMBA SLOVACA": {"medie": 6.831395348837208, "reusita": 84.78260869565217, "cnt": 46}, "LIMBA UCRAINEANA": {"medie": 7.498461538461539, "reusita": 88.88888888888889, "cnt": 72}, "LIMBA CROATA": {"medie": 8.5, "reusita": 100.0, "cnt": 2}, "LIMBA ITALIANA": {"medie": 6.42142857142857, "reusita": 87.5, "cnt": 8}, "LIMBA SARBA": {"medie": 8.759523809523808, "reusita": 95.45454545454545, "cnt": 22}, "LIMBA TURCA": {"medie": 1.075, "reusita": 0.0, "cnt": 2}}, "nume": "Rom\u00e2nia"}