{"specializari": {"MATEMATICA-INFORMATICA": 468, "STIINTE ALE NATURII": 337, "STIINTE SOCIALE": 112, "MUZICA": 32, "FILOLOGIE": 349, "INVATATOR - EDUCATOARE": 55, "ARTE PLASTICE SI DECORATIVE": 18, "TEHNICIAN IN ACTIVITATI ECONOMICE": 199, "ORGANIZATOR BANQUETING": 29, "TEOLOGIE ORTODOXA": 21, "LICEU CU PROGRAM SPORTIV": 81, "ARHITECTURA, ARTE AMBIENTALE SI DESIGN": 15, "TEHNICIAN IN TURISM": 30, "TEHNICIAN IN GASTRONOMIE": 30, "TEHNICIAN IN INDUSTRIA ALIMENTARA": 22, "TEOLOGIE GRECO-CATOLICA": 14, "TEHNICIAN DE TELECOMUNICATII": 37, "TEHNICIAN CHIMIST DE LABORATOR": 30, "TEHNICIAN IN ACTIVITATI DE COMERT": 41, "COAFOR STILIST": 27, "TEHNICIAN IN AGROTURISM": 18, "TEHNICIAN IN ADMINISTRATIE": 22, "TEHNICIAN PRELUCRARI MECANICE": 20, "TEHNICIAN IN INDUSTRIA PIELARIEI": 12, "TEOLOGIE ROMANO-CATOLICA": 20, "TEHNICIAN DESIGNER VESTIMENTAR": 20, "TEHNICIAN IN INDUSTRIA TEXTILA": 5, "TEHNICIAN IN AUTOMATIZARI": 18, "TEHNICIAN MECANIC PENTRU INTRETINERE SI REPARATII": 24, "TEHNICIAN TRANSPORTURI": 9, "TEHNICIAN OPERATOR TEHNICA DE CALCUL": 62, "TEHNICIAN HORTICULTOR": 25, "TEHNICIAN ELECTROTEHNIST": 3, "TEHNICIAN DESENATOR PENTRU CONSTRUCTII SI INSTALATII": 5, "TEHNICIAN IN SILVICULTURA SI EXPLOATARI FORESTIERE": 10, "TEHNICIAN IN PRELUCRAREA LEMNULUI": 3, "TEHNICIAN IN INDUSTRIA STICLEI SI CERAMICII": 18, "TEHNICIAN ANALIZE PRODUSE ALIMENTARE": 1, "TEHNICIAN VETERINAR": 10, "TEHNICIAN ELECTROMECANIC": 6, "TEHNICIAN IN ACHIZITII SI CONTRACTARI": 1, "TEHNICIAN PROIECTANT CAD": 7, "TEHNICIAN ECOLOG SI PROTECTIA CALITATII MEDIULUI": 1, "TEHNICIAN MECATRONIST": 5, "TEHNICIAN IN INSTALATII ELECTRICE": 14, "TEHNICIAN IN CONSTRUCTII SI LUCRARI PUBLICE": 2, "TEHNICIAN INSTALATOR PENTRU CONSTRUCTII": 1}, "limba_moderna": {"LIMBA ENGLEZA": 2183, "LIMBA GERMANA MODERNA": 11, "LIMBA FRANCEZA": 95}, "limba_materna": {"LIMBA ROMANA": 2204, "LIMBA MAGHIARA": 82, "LIMBA GERMANA": 3}, "promotie_anterioara": {"NU": 2086, "DA": 203}, "materii": {"LIMBA ROMANA": {"medie": 6.922363150867812, "reusita": 88.59764089121887, "cnt": 2289}, "MATEMATICA MATE-INFO": {"medie": 8.727575107296131, "reusita": 97.00854700854701, "cnt": 468}, "ANATOMIE SI FIZIOLOGIE UMANA, GENETICA SI ECOLOGIE UMANA": {"medie": 8.062499999999993, "reusita": 91.13573407202216, "cnt": 361}, "GENERAL": {"medie": 7.393600785735867, "reusita": 74.31192660550458, "cnt": 2289}, "MATEMATICA ST-NAT": {"medie": 8.105555555555553, "reusita": 93.76854599406528, "cnt": 337}, "CHIMIE ORGANICA TEO NIVEL I/II": {"medie": 9.254999999999999, "reusita": 100.0, "cnt": 20}, "CHIMIE ANORGANICA TEO NIVEL I/II": {"medie": 8.361904761904762, "reusita": 100.0, "cnt": 21}, "INFORMATICA MI C/C++": {"medie": 8.8251269035533, "reusita": 100.0, "cnt": 197}, "ISTORIE": {"medie": 7.928224582701067, "reusita": 96.07250755287009, "cnt": 662}, "LOGICA, ARGUMENTARE SI COMUNICARE": {"medie": 8.167303102625295, "reusita": 93.34916864608076, "cnt": 421}, "MATEMATICA PED": {"medie": 7.828181818181819, "reusita": 96.36363636363636, "cnt": 55}, "FIZICA TEO": {"medie": 9.167058823529414, "reusita": 98.82352941176471, "cnt": 85}, "SOCIOLOGIE": {"medie": 6.862500000000001, "reusita": 100.0, "cnt": 24}, "PSIHOLOGIE": {"medie": 7.828846153846153, "reusita": 100.0, "cnt": 26}, "GEOGRAFIE": {"medie": 7.731166666666663, "reusita": 92.35772357723577, "cnt": 615}, "INFORMATICA SN C/C++": {"medie": 7.685714285714286, "reusita": 100.0, "cnt": 7}, "BIOLOGIE VEGETALA SI ANIMALA": {"medie": 6.086004514672691, "reusita": 63.44086021505376, "cnt": 465}, "MATEMATICA TEHN": {"medie": 5.901385041551252, "reusita": 68.1877444589309, "cnt": 767}, "FILOSOFIE": {"medie": 8.633333333333333, "reusita": 100.0, "cnt": 3}, "LIMBA MAGHIARA (REAL)": {"medie": 8.458823529411768, "reusita": 96.22641509433963, "cnt": 53}, "LIMBA GERMANA": {"medie": 7.966666666666666, "reusita": 100.0, "cnt": 3}, "ECONOMIE": {"medie": 3.6999999999999997, "reusita": 14.285714285714285, "cnt": 7}, "LIMBA MAGHIARA (UMAN)": {"medie": 8.322413793103449, "reusita": 100.0, "cnt": 29}, "FIZICA TEH": {"medie": 5.425000000000001, "reusita": 60.0, "cnt": 20}, "CHIMIE ANORGANICA TEH NIVEL I/II": {"medie": 2.76875, "reusita": 11.76470588235294, "cnt": 17}}, "nume": "Alba"}