{"specializari": {"STIINTE ALE NATURII": 376, "INVATATOR - EDUCATOARE": 55, "FILOLOGIE": 519, "MATEMATICA-INFORMATICA": 485, "TEOLOGIE BAPTISTA": 30, "TEOLOGIE ORTODOXA": 17, "STIINTE SOCIALE": 63, "LICEU CU PROGRAM SPORTIV": 56, "ARTA ACTORULUI": 33, "ARHITECTURA, ARTE AMBIENTALE SI DESIGN": 29, "MUZICA": 28, "TEHNICIAN IN GASTRONOMIE": 43, "TEHNICIAN IN ACTIVITATI ECONOMICE": 266, "TEHNICIAN IN ADMINISTRATIE": 55, "TEHNICIAN IN TURISM": 79, "ARTE PLASTICE SI DECORATIVE": 25, "TEHNICIAN ECOLOG SI PROTECTIA CALITATII MEDIULUI": 49, "TEHNICIAN ANALIZE PRODUSE ALIMENTARE": 32, "TEOLOGIE PENTICOSTALA": 25, "TEHNICIAN IN INDUSTRIA ALIMENTARA": 19, "TEHNICIAN IN PRELUCRAREA PRODUSELOR DE ORIGINE ANIMALA": 10, "TEHNICIAN MECATRONIST": 46, "TEHNICIAN VETERINAR": 15, "TEHNICIAN IN AUTOMATIZARI": 25, "TEHNICIAN IN ACTIVITATI DE COMERT": 60, "TEHNICIAN ELECTROTEHNIST": 4, "TEHNICIAN DESENATOR PENTRU CONSTRUCTII SI INSTALATII": 12, "TEHNICIAN PROIECTANT CAD": 13, "TEHNICIAN IN SILVICULTURA SI EXPLOATARI FORESTIERE": 24, "TEHNICIAN MECANIC PENTRU INTRETINERE SI REPARATII": 33, "TEHNICIAN IN AGRICULTURA ECOLOGICA": 7, "TEHNICIAN DE TELECOMUNICATII": 19, "TEHNICIAN IN ACHIZITII SI CONTRACTARI": 14, "TEHNICIAN IN INSTALATII ELECTRICE": 19, "ORGANIZATOR BANQUETING": 1, "TEHNICIAN ELECTRONIST": 1, "TEHNICIAN PRELUCRARI MECANICE": 3, "TEHNICIAN OPERATOR TEHNICA DE CALCUL": 5, "COAFOR STILIST": 21, "TEHNICIAN DESIGNER VESTIMENTAR": 11, "TEHNICIAN ELECTRICIAN/ELECTRONIST AUTO": 3, "TEHNICIAN TRANSPORTURI": 11, "TEHNICIAN HIDRO-METEOROLOG": 3, "TEHNICIAN DESIGNER MOBILA SI AMENAJARI INTERIOARE": 5, "TEHNICIAN ZOOTEHNIST": 6, "TEHNICIAN IN CONSTRUCTII SI LUCRARI PUBLICE": 3, "TEHNICIAN ELECTROMECANIC": 12, "TEHNICIAN AGROMONTAN": 2, "TEHNICIAN CHIMIST DE LABORATOR": 1, "TEHNICIAN IN INDUSTRIA TEXTILA": 3, "TEHNICIAN IN PRELUCRAREA LEMNULUI": 2, "TEHNICIAN IN AGRICULTURA": 12}, "limba_moderna": {"LIMBA ENGLEZA": 2647, "LIMBA GERMANA MODERNA": 15, "LIMBA FRANCEZA": 22, "LIMBA SPANIOLA": 6}, "limba_materna": {"LIMBA ROMANA": 2597, "LIMBA SLOVACA": 12, "LIMBA GERMANA": 31, "LIMBA MAGHIARA": 50}, "promotie_anterioara": {"NU": 2292, "DA": 398}, "materii": {"LIMBA ROMANA": {"medie": 6.76949022614027, "reusita": 88.55018587360594, "cnt": 2690}, "MATEMATICA MATE-INFO": {"medie": 7.317012448132782, "reusita": 87.83505154639175, "cnt": 485}, "ANATOMIE SI FIZIOLOGIE UMANA, GENETICA SI ECOLOGIE UMANA": {"medie": 7.899529042386188, "reusita": 93.18885448916409, "cnt": 646}, "GENERAL": {"medie": 7.054239616193486, "reusita": 67.65799256505576, "cnt": 2690}, "MATEMATICA ST-NAT": {"medie": 7.515675675675677, "reusita": 86.96808510638297, "cnt": 376}, "CHIMIE ORGANICA TEO NIVEL I/II": {"medie": 8.834426229508196, "reusita": 98.36065573770492, "cnt": 61}, "CHIMIE ANORGANICA TEO NIVEL I/II": {"medie": 8.795833333333334, "reusita": 100.0, "cnt": 12}, "INFORMATICA MI C/C++": {"medie": 8.603821656050956, "reusita": 98.08917197452229, "cnt": 157}, "ISTORIE": {"medie": 7.282349323493241, "reusita": 91.51515151515152, "cnt": 825}, "LOGICA, ARGUMENTARE SI COMUNICARE": {"medie": 8.892905405405402, "reusita": 97.33333333333334, "cnt": 150}, "MATEMATICA PED": {"medie": 9.105454545454547, "reusita": 100.0, "cnt": 55}, "FIZICA TEO": {"medie": 8.658181818181816, "reusita": 98.18181818181819, "cnt": 55}, "SOCIOLOGIE": {"medie": 8.162999999999997, "reusita": 96.0, "cnt": 100}, "PSIHOLOGIE": {"medie": 7.743689320388347, "reusita": 99.02912621359224, "cnt": 103}, "GEOGRAFIE": {"medie": 7.54652981427176, "reusita": 89.28571428571429, "cnt": 1064}, "INFORMATICA SN C/C++": {"medie": 8.133333333333333, "reusita": 100.0, "cnt": 9}, "BIOLOGIE VEGETALA SI ANIMALA": {"medie": 5.2003265306122435, "reusita": 50.67567567567568, "cnt": 296}, "MATEMATICA TEHN": {"medie": 5.193624557260922, "reusita": 58.16649104320337, "cnt": 949}, "LIMBA MAGHIARA (REAL)": {"medie": 7.678999999999999, "reusita": 100.0, "cnt": 50}, "LIMBA GERMANA": {"medie": 7.084999999999999, "reusita": 90.32258064516128, "cnt": 31}, "ECONOMIE": {"medie": 9.65, "reusita": 100.0, "cnt": 2}, "CHIMIE ORGANICA TEH NIVEL I/II": {"medie": 4.98, "reusita": 60.0, "cnt": 5}, "LIMBA SLOVACA": {"medie": 7.983333333333333, "reusita": 100.0, "cnt": 12}, "FIZICA TEH": {"medie": 3.6071428571428568, "reusita": 21.428571428571427, "cnt": 14}, "CHIMIE ANORGANICA TEH NIVEL I/II": {"medie": 5.116666666666666, "reusita": 56.25, "cnt": 16}}, "nume": "Arad"}