{"specializari": {"MATEMATICA-INFORMATICA": 834, "STIINTE ALE NATURII": 509, "INVATATOR - EDUCATOARE": 55, "FILOLOGIE": 619, "STIINTE SOCIALE": 480, "TEOLOGIE PENTICOSTALA": 18, "TEHNICIAN OPERATOR PROCESARE TEXT IMAGINE": 15, "TEHNICIAN IN ACTIVITATI ECONOMICE": 155, "TEHNICIAN IN ACTIVITATI DE COMERT": 94, "ARHITECTURA, ARTE AMBIENTALE SI DESIGN": 29, "TEHNICIAN IN AUTOMATIZARI": 66, "TEHNICIAN IN TURISM": 30, "ARTE PLASTICE SI DECORATIVE": 33, "TEHNICIAN IN GASTRONOMIE": 94, "MUZICA": 29, "LICEU CU PROGRAM SPORTIV": 234, "TEHNICIAN CHIMIST DE LABORATOR": 75, "TEHNICIAN DE TELECOMUNICATII": 30, "TEOLOGIE ORTODOXA": 42, "TEHNICIAN MECANIC PENTRU INTRETINERE SI REPARATII": 63, "TEHNICIAN ECOLOG SI PROTECTIA CALITATII MEDIULUI": 164, "TEHNICIAN IN ADMINISTRATIE": 28, "TEHNICIAN IN INSTALATII ELECTRICE": 56, "PATRIMONIU CULTURAL": 13, "TEHNICIAN ELECTROMECANIC": 74, "TEHNICIAN OPERATOR TEHNICA DE CALCUL": 57, "TEHNICIAN DESIGNER MOBILA SI AMENAJARI INTERIOARE": 23, "TEHNICIAN VETERINAR": 12, "TEHNICIAN MECATRONIST": 59, "TEHNICIAN IN SILVICULTURA SI EXPLOATARI FORESTIERE": 20, "TEHNICIAN PROIECTANT CAD": 34, "TEHNICIAN PRELUCRARI MECANICE": 17, "TEHNICIAN TRANSPORTURI": 60, "TEHNICIAN IN INDUSTRIA ALIMENTARA": 1, "TEHNICIAN IN PRELUCRAREA LEMNULUI": 7, "TEHNICIAN PROIECTANT PRODUSE FINITE DIN LEMN": 23, "TEHNICIAN DESENATOR PENTRU CONSTRUCTII SI INSTALATII": 12, "TEHNICIAN ELECTRONIST": 1, "TEHNICIAN ELECTRICIAN/ELECTRONIST AUTO": 25, "TEHNICIAN DESIGNER VESTIMENTAR": 19, "TEHNICIAN IN CONSTRUCTII SI LUCRARI PUBLICE": 8, "TEHNICIAN PRELUCRARI PE MASINI CU COMANDA NUMERICA": 3, "TEHNICIAN ANALIZE PRODUSE ALIMENTARE": 5, "TEHNICIAN ELECTROTEHNIST": 8, "TEHNICIAN IN AGRICULTURA ECOLOGICA": 1, "TEHNICIAN IN INDUSTRIA TEXTILA": 4, "TEHNICIAN INSTALATOR PENTRU CONSTRUCTII": 2, "TEHNICIAN HIDRO-METEOROLOG": 4, "COAFOR STILIST": 1, "TEHNICIAN IN CHIMIE INDUSTRIALA": 1}, "limba_moderna": {"LIMBA ENGLEZA": 3813, "LIMBA FRANCEZA": 369, "LIMBA GERMANA MODERNA": 14, "LIMBA RUSA": 11, "LIMBA ITALIANA": 36, "LIMBA SPANIOLA": 3}, "limba_materna": {"LIMBA ROMANA": 4246}, "promotie_anterioara": {"NU": 3701, "DA": 545}, "materii": {"LIMBA ROMANA": {"medie": 6.901555396027732, "reusita": 90.15544041450777, "cnt": 4246}, "MATEMATICA MATE-INFO": {"medie": 8.160519951632418, "reusita": 93.64508393285371, "cnt": 834}, "ANATOMIE SI FIZIOLOGIE UMANA, GENETICA SI ECOLOGIE UMANA": {"medie": 8.269370229007636, "reusita": 94.54887218045113, "cnt": 532}, "GENERAL": {"medie": 7.276174223955773, "reusita": 74.28167687235045, "cnt": 4246}, "MATEMATICA ST-NAT": {"medie": 7.491082164328658, "reusita": 85.46168958742632, "cnt": 509}, "CHIMIE ORGANICA TEO NIVEL I/II": {"medie": 9.281874999999996, "reusita": 98.76543209876543, "cnt": 81}, "CHIMIE ANORGANICA TEO NIVEL I/II": {"medie": 8.068750000000001, "reusita": 100.0, "cnt": 8}, "INFORMATICA MI C/C++": {"medie": 8.543256578947362, "reusita": 99.01315789473685, "cnt": 304}, "ISTORIE": {"medie": 7.484292484766416, "reusita": 90.71476285905143, "cnt": 1497}, "LOGICA, ARGUMENTARE SI COMUNICARE": {"medie": 8.250422751729424, "reusita": 92.75914634146342, "cnt": 1312}, "MATEMATICA PED": {"medie": 8.738181818181818, "reusita": 98.18181818181819, "cnt": 55}, "FIZICA TEO": {"medie": 8.448412698412694, "reusita": 96.04743083003953, "cnt": 253}, "SOCIOLOGIE": {"medie": 7.5596153846153875, "reusita": 89.28571428571429, "cnt": 84}, "PSIHOLOGIE": {"medie": 8.31144578313253, "reusita": 100.0, "cnt": 83}, "GEOGRAFIE": {"medie": 7.608665105386412, "reusita": 90.22727272727272, "cnt": 440}, "INFORMATICA SN C/C++": {"medie": 7.6466666666666665, "reusita": 100.0, "cnt": 15}, "BIOLOGIE VEGETALA SI ANIMALA": {"medie": 5.90084388185655, "reusita": 67.3076923076923, "cnt": 988}, "MATEMATICA TEHN": {"medie": 6.034731934731939, "reusita": 74.09326424870466, "cnt": 1351}, "FILOSOFIE": {"medie": 8.3, "reusita": 100.0, "cnt": 4}, "ECONOMIE": {"medie": 8.006451612903225, "reusita": 100.0, "cnt": 31}, "CHIMIE ORGANICA TEH NIVEL I/II": {"medie": 6.1000000000000005, "reusita": 66.66666666666666, "cnt": 6}, "INFORMATICA MI PASCAL": {"medie": 8.15, "reusita": 100.0, "cnt": 5}, "FIZICA TEH": {"medie": 6.6040909090909095, "reusita": 83.09859154929578, "cnt": 71}, "CHIMIE ANORGANICA TEH NIVEL I/II": {"medie": 5.463793103448276, "reusita": 68.96551724137932, "cnt": 29}}, "nume": "Arge\u0219"}