{"specializari": {"MATEMATICA-INFORMATICA": 748, "FILOLOGIE": 516, "STIINTE ALE NATURII": 522, "STIINTE SOCIALE": 607, "INVATATOR - EDUCATOARE": 52, "COREGRAFIE": 14, "TEOLOGIE ROMANO-CATOLICA": 52, "MUZICA": 33, "ORGANIZATOR BANQUETING": 64, "TEHNICIAN IN TURISM": 109, "ARHITECTURA, ARTE AMBIENTALE SI DESIGN": 25, "ARTE PLASTICE SI DECORATIVE": 40, "TEHNICIAN IN ACTIVITATI ECONOMICE": 298, "TEHNICIAN IN ACTIVITATI DE COMERT": 34, "COAFOR STILIST": 22, "TEHNICIAN OPERATOR TEHNICA DE CALCUL": 59, "TEHNICIAN ELECTRICIAN/ELECTRONIST AUTO": 19, "TEHNICIAN ECOLOG SI PROTECTIA CALITATII MEDIULUI": 71, "TEHNICIAN IN GASTRONOMIE": 84, "TEHNICIAN IN ADMINISTRATIE": 29, "TEHNICIAN INSTALATII DE BORD (AVION)": 27, "LICEU CU PROGRAM SPORTIV": 105, "TEHNICIAN IN AGROTURISM": 8, "TEHNICIAN TRANSPORTURI": 25, "TEHNICIAN PROIECTANT CAD": 20, "TEHNICIAN MECATRONIST": 11, "TEHNICIAN AVIATIE": 10, "TEHNICIAN VETERINAR": 13, "TEHNICIAN AGRONOM": 15, "TEHNICIAN IN INSTALATII ELECTRICE": 14, "TEHNICIAN IN AGRICULTURA": 9, "TEHNICIAN ANALIZE PRODUSE ALIMENTARE": 4, "TEHNICIAN DESENATOR PENTRU CONSTRUCTII SI INSTALATII": 9, "TEHNICIAN MECANIC PENTRU INTRETINERE SI REPARATII": 19, "TEHNICIAN IN INDUSTRIA ALIMENTARA": 8, "TEHNICIAN DE TELECOMUNICATII": 4, "TEHNICIAN IN INDUSTRIA TEXTILA": 6, "TEHNICIAN DESIGNER VESTIMENTAR": 3, "TEHNICIAN IN CONSTRUCTII SI LUCRARI PUBLICE": 1, "TEHNICIAN IN PRELUCRAREA LEMNULUI": 2, "TEHNICIAN ELECTROMECANIC": 3, "TEHNICIAN IN ACTIVITATI DE POSTA": 1, "TEHNICIAN IN AUTOMATIZARI": 1}, "limba_moderna": {"LIMBA ENGLEZA": 3556, "LIMBA FRANCEZA": 158, "LIMBA GERMANA MODERNA": 1, "LIMBA ITALIANA": 1}, "limba_materna": {"LIMBA ROMANA": 3716}, "promotie_anterioara": {"NU": 3384, "DA": 332}, "materii": {"LIMBA ROMANA": {"medie": 7.299266304347801, "reusita": 93.56835306781485, "cnt": 3716}, "MATEMATICA MATE-INFO": {"medie": 8.408209959623163, "reusita": 95.58823529411765, "cnt": 748}, "ANATOMIE SI FIZIOLOGIE UMANA, GENETICA SI ECOLOGIE UMANA": {"medie": 8.02833099579243, "reusita": 94.03606102635229, "cnt": 721}, "GENERAL": {"medie": 7.5699852914138495, "reusita": 79.97847147470398, "cnt": 3716}, "MATEMATICA ST-NAT": {"medie": 8.164478764478758, "reusita": 93.29501915708812, "cnt": 522}, "CHIMIE ORGANICA TEO NIVEL I/II": {"medie": 8.98971962616822, "reusita": 99.06542056074767, "cnt": 107}, "CHIMIE ANORGANICA TEO NIVEL I/II": {"medie": 6.880303030303028, "reusita": 88.23529411764706, "cnt": 34}, "INFORMATICA MI C/C++": {"medie": 8.853441295546563, "reusita": 98.79032258064517, "cnt": 248}, "ISTORIE": {"medie": 7.343132267441875, "reusita": 91.88218390804597, "cnt": 1392}, "LOGICA, ARGUMENTARE SI COMUNICARE": {"medie": 8.043939393939391, "reusita": 94.25587467362925, "cnt": 766}, "MATEMATICA PED": {"medie": 9.269230769230772, "reusita": 100.0, "cnt": 52}, "FIZICA TEO": {"medie": 8.54579646017699, "reusita": 95.57522123893806, "cnt": 226}, "SOCIOLOGIE": {"medie": 7.591666666666667, "reusita": 93.75, "cnt": 80}, "PSIHOLOGIE": {"medie": 8.354545454545455, "reusita": 100.0, "cnt": 55}, "GEOGRAFIE": {"medie": 7.744415357766136, "reusita": 92.1165381319623, "cnt": 1167}, "INFORMATICA SN C/C++": {"medie": 7.43095238095238, "reusita": 95.23809523809523, "cnt": 21}, "BIOLOGIE VEGETALA SI ANIMALA": {"medie": 5.655307262569833, "reusita": 70.27027027027027, "cnt": 185}, "MATEMATICA TEHN": {"medie": 6.3629098360655725, "reusita": 80.03992015968065, "cnt": 1002}, "FILOSOFIE": {"medie": 8.875, "reusita": 100.0, "cnt": 4}, "ECONOMIE": {"medie": 7.224999999999999, "reusita": 76.92307692307693, "cnt": 13}, "CHIMIE ORGANICA TEH NIVEL I/II": {"medie": 6.699999999999999, "reusita": 100.0, "cnt": 6}, "FIZICA TEH": {"medie": 6.962500000000001, "reusita": 76.66666666666667, "cnt": 30}, "CHIMIE ANORGANICA TEH NIVEL I/II": {"medie": 5.88921568627451, "reusita": 73.58490566037736, "cnt": 53}}, "nume": "Bac\u0103u"}