{"specializari": {"STIINTE ALE NATURII": 552, "FILOLOGIE": 747, "MATEMATICA-INFORMATICA": 758, "STIINTE SOCIALE": 191, "INVATATOR - EDUCATOARE": 74, "TEOLOGIE GRECO-CATOLICA": 29, "TEOLOGIE PENTICOSTALA": 31, "TEOLOGIE BAPTISTA": 32, "TEHNICIAN IN ACTIVITATI ECONOMICE": 328, "ARHITECTURA, ARTE AMBIENTALE SI DESIGN": 39, "MUZICA": 40, "TEHNICIAN MECATRONIST": 53, "LICEU CU PROGRAM SPORTIV": 72, "TEOLOGIE ROMANO-CATOLICA": 15, "TEHNICIAN IN TURISM": 94, "ARTE PLASTICE SI DECORATIVE": 59, "TEOLOGIE ORTODOXA": 23, "ORGANIZATOR BANQUETING": 28, "TEHNICIAN OPERATOR TEHNICA DE CALCUL": 14, "TEHNICIAN IN GASTRONOMIE": 59, "TEHNICIAN ELECTROTEHNIST": 35, "TEHNICIAN IN AUTOMATIZARI": 19, "TEHNICIAN IN ACTIVITATI DE COMERT": 61, "TEHNICIAN VETERINAR": 12, "COAFOR STILIST": 37, "TEHNICIAN IN ADMINISTRATIE": 28, "TEHNICIAN IN INDUSTRIA ALIMENTARA": 10, "TEHNICIAN ELECTRICIAN/ELECTRONIST AUTO": 2, "TEOLOGIE REFORMATA": 16, "TEHNICIAN PROIECTANT CAD": 21, "TEHNICIAN IN HOTELARIE": 10, "TEHNICIAN DE TELECOMUNICATII": 4, "TEHNICIAN IN INSTALATII ELECTRICE": 7, "TEHNICIAN MECANIC PENTRU INTRETINERE SI REPARATII": 4, "TEHNICIAN TRANSPORTURI": 12, "TEHNICIAN DESENATOR PENTRU CONSTRUCTII SI INSTALATII": 9, "TEHNICIAN IN SILVICULTURA SI EXPLOATARI FORESTIERE": 24, "TEHNICIAN IN AGRICULTURA": 11, "TEHNICIAN IN CONSTRUCTII SI LUCRARI PUBLICE": 5, "TEHNICIAN ANALIZE PRODUSE ALIMENTARE": 13, "TEHNICIAN ELECTROMECANIC": 3, "TEHNICIAN OPERATOR PROCESARE TEXT IMAGINE": 1, "TEHNICIAN ECOLOG SI PROTECTIA CALITATII MEDIULUI": 2, "TEHNICIAN DESIGNER VESTIMENTAR": 6, "TEHNICIAN INSTALATOR PENTRU CONSTRUCTII": 2, "TEHNICIAN IN AGRICULTURA ECOLOGICA": 1, "TEHNICIAN ELECTRONIST": 1, "TEHNICIAN IN PRELUCRAREA LEMNULUI": 1}, "limba_moderna": {"LIMBA ENGLEZA": 3509, "LIMBA FRANCEZA": 37, "LIMBA GERMANA MODERNA": 44, "LIMBA SPANIOLA": 4, "LIMBA ITALIANA": 1}, "limba_materna": {"LIMBA ROMANA": 3011, "LIMBA MAGHIARA": 562, "LIMBA GERMANA": 10, "LIMBA SLOVACA": 12}, "promotie_anterioara": {"NU": 3180, "DA": 415}, "materii": {"LIMBA ROMANA": {"medie": 6.794564606741536, "reusita": 89.31849791376912, "cnt": 3595}, "MATEMATICA MATE-INFO": {"medie": 7.848543046357616, "reusita": 91.688654353562, "cnt": 758}, "ANATOMIE SI FIZIOLOGIE UMANA, GENETICA SI ECOLOGIE UMANA": {"medie": 8.088378099173555, "reusita": 94.15384615384616, "cnt": 975}, "GENERAL": {"medie": 7.341431740125951, "reusita": 73.82475660639778, "cnt": 3595}, "MATEMATICA ST-NAT": {"medie": 7.529097605893188, "reusita": 88.94927536231883, "cnt": 552}, "CHIMIE ORGANICA TEO NIVEL I/II": {"medie": 8.980769230769232, "reusita": 100.0, "cnt": 39}, "CHIMIE ANORGANICA TEO NIVEL I/II": {"medie": 7.616666666666667, "reusita": 100.0, "cnt": 3}, "INFORMATICA MI C/C++": {"medie": 8.598664122137404, "reusita": 99.23664122137404, "cnt": 262}, "ISTORIE": {"medie": 7.35322204968945, "reusita": 94.12673879443587, "cnt": 1294}, "LOGICA, ARGUMENTARE SI COMUNICARE": {"medie": 8.66589147286822, "reusita": 95.57692307692308, "cnt": 520}, "MATEMATICA PED": {"medie": 8.625000000000002, "reusita": 100.0, "cnt": 74}, "FIZICA TEO": {"medie": 8.374, "reusita": 100.0, "cnt": 50}, "SOCIOLOGIE": {"medie": 8.50483870967742, "reusita": 100.0, "cnt": 31}, "PSIHOLOGIE": {"medie": 7.431007751937983, "reusita": 96.89922480620154, "cnt": 129}, "GEOGRAFIE": {"medie": 7.613709677419353, "reusita": 92.81934996220711, "cnt": 1323}, "INFORMATICA SN C/C++": {"medie": 8.75, "reusita": 100.0, "cnt": 1}, "BIOLOGIE VEGETALA SI ANIMALA": {"medie": 5.917213114754098, "reusita": 65.0, "cnt": 200}, "MATEMATICA TEHN": {"medie": 5.859085714285715, "reusita": 72.19193020719739, "cnt": 917}, "FILOSOFIE": {"medie": 8.2625, "reusita": 100.0, "cnt": 4}, "LIMBA MAGHIARA (REAL)": {"medie": 7.7797136038186165, "reusita": 97.39952718676122, "cnt": 423}, "LIMBA GERMANA": {"medie": 6.95, "reusita": 100.0, "cnt": 10}, "ECONOMIE": {"medie": 7.166666666666665, "reusita": 100.0, "cnt": 6}, "CHIMIE ORGANICA TEH NIVEL I/II": {"medie": 5.4, "reusita": 100.0, "cnt": 2}, "LIMBA SLOVACA": {"medie": 8.045833333333334, "reusita": 100.0, "cnt": 12}, "LIMBA MAGHIARA (UMAN)": {"medie": 7.1708633093525185, "reusita": 95.68345323741008, "cnt": 139}, "FIZICA TEH": {"medie": 5.743181818181819, "reusita": 59.183673469387756, "cnt": 49}, "CHIMIE ANORGANICA TEH NIVEL I/II": {"medie": 5.45, "reusita": 100.0, "cnt": 1}}, "nume": "Bihor"}