{"specializari": {"MATEMATICA-INFORMATICA": 277, "STIINTE SOCIALE": 113, "INVATATOR - EDUCATOARE": 56, "STIINTE ALE NATURII": 348, "FILOLOGIE": 315, "TEHNICIAN IN ACTIVITATI ECONOMICE": 337, "TEHNICIAN MECANIC PENTRU INTRETINERE SI REPARATII": 32, "LICEU CU PROGRAM SPORTIV": 118, "MUZICA": 26, "ARHITECTURA, ARTE AMBIENTALE SI DESIGN": 29, "TEHNICIAN IN TURISM": 32, "ARTE PLASTICE SI DECORATIVE": 29, "TEHNICIAN IN AUTOMATIZARI": 29, "TEHNICIAN ECOLOG SI PROTECTIA CALITATII MEDIULUI": 89, "TEHNICIAN IN GASTRONOMIE": 15, "TEHNICIAN DE TELECOMUNICATII": 18, "TEHNICIAN IN SILVICULTURA SI EXPLOATARI FORESTIERE": 31, "TEHNICIAN HORTICULTOR": 12, "TEHNICIAN IN ACHIZITII SI CONTRACTARI": 30, "TEHNICIAN IN PRELUCRAREA LEMNULUI": 6, "TEHNICIAN AGROMONTAN": 2, "TEHNICIAN VETERINAR": 18, "TEHNICIAN IN INSTALATII ELECTRICE": 16, "COAFOR STILIST": 17, "TEHNICIAN ELECTROTEHNIST": 1, "TEHNICIAN ANALIZE PRODUSE ALIMENTARE": 5, "TEHNICIAN TRANSPORTURI": 8, "TEHNICIAN IN ACTIVITATI DE COMERT": 4, "TEHNICIAN MECATRONIST": 1, "TEHNICIAN PRELUCRARI PE MASINI CU COMANDA NUMERICA": 11, "TEHNICIAN IN HOTELARIE": 1, "ORGANIZATOR BANQUETING": 1, "TEHNICIAN IN INDUSTRIA TEXTILA": 3, "TEHNICIAN OPERATOR TEHNICA DE CALCUL": 1, "TEHNICIAN PROIECTANT CAD": 2}, "limba_moderna": {"LIMBA ENGLEZA": 1975, "LIMBA FRANCEZA": 47, "LIMBA GERMANA MODERNA": 5, "LIMBA ITALIANA": 6}, "limba_materna": {"LIMBA ROMANA": 1995, "LIMBA GERMANA": 9, "LIMBA MAGHIARA": 29}, "promotie_anterioara": {"NU": 1794, "DA": 239}, "materii": {"LIMBA ROMANA": {"medie": 6.962848605577687, "reusita": 91.09690113133301, "cnt": 2033}, "MATEMATICA MATE-INFO": {"medie": 8.395108695652175, "reusita": 94.58483754512635, "cnt": 277}, "ANATOMIE SI FIZIOLOGIE UMANA, GENETICA SI ECOLOGIE UMANA": {"medie": 8.091860465116286, "reusita": 94.70899470899471, "cnt": 567}, "GENERAL": {"medie": 7.330618782667324, "reusita": 73.24151500245942, "cnt": 2033}, "MATEMATICA ST-NAT": {"medie": 8.373410404624273, "reusita": 98.27586206896551, "cnt": 348}, "CHIMIE ORGANICA TEO NIVEL I/II": {"medie": 9.060000000000002, "reusita": 100.0, "cnt": 25}, "CHIMIE ANORGANICA TEO NIVEL I/II": {"medie": 8.25, "reusita": 100.0, "cnt": 2}, "INFORMATICA MI C/C++": {"medie": 8.888167938931293, "reusita": 98.47328244274809, "cnt": 131}, "ISTORIE": {"medie": 7.254895666131626, "reusita": 93.01587301587301, "cnt": 630}, "LOGICA, ARGUMENTARE SI COMUNICARE": {"medie": 8.988669950738915, "reusita": 97.53694581280789, "cnt": 203}, "MATEMATICA PED": {"medie": 8.453571428571431, "reusita": 98.21428571428571, "cnt": 56}, "FIZICA TEO": {"medie": 7.677777777777779, "reusita": 100.0, "cnt": 9}, "SOCIOLOGIE": {"medie": 8.35, "reusita": 98.55072463768117, "cnt": 69}, "PSIHOLOGIE": {"medie": 8.13888888888889, "reusita": 96.29629629629629, "cnt": 27}, "GEOGRAFIE": {"medie": 7.428042328042326, "reusita": 93.39378238341969, "cnt": 772}, "INFORMATICA SN C/C++": {"medie": 9.569999999999999, "reusita": 100.0, "cnt": 5}, "BIOLOGIE VEGETALA SI ANIMALA": {"medie": 5.690584415584416, "reusita": 66.45962732919256, "cnt": 161}, "MATEMATICA TEHN": {"medie": 5.760461760461765, "reusita": 66.4819944598338, "cnt": 722}, "FILOSOFIE": {"medie": 8.310999999999998, "reusita": 98.0, "cnt": 50}, "LIMBA MAGHIARA (REAL)": {"medie": 8.823333333333332, "reusita": 100.0, "cnt": 15}, "LIMBA GERMANA": {"medie": 8.583333333333334, "reusita": 100.0, "cnt": 9}, "ECONOMIE": {"medie": 7.45, "reusita": 100.0, "cnt": 2}, "CHIMIE ORGANICA TEH NIVEL I/II": {"medie": 7.574999999999999, "reusita": 100.0, "cnt": 2}, "LIMBA MAGHIARA (UMAN)": {"medie": 7.707142857142857, "reusita": 100.0, "cnt": 14}, "FIZICA TEH": {"medie": 5.766666666666668, "reusita": 71.42857142857143, "cnt": 7}, "CHIMIE ANORGANICA TEH NIVEL I/II": {"medie": 5.0, "reusita": 100.0, "cnt": 1}}, "nume": "Bistri\u021ba-N\u0103s\u0103ud"}