{"specializari": {"STIINTE ALE NATURII": 604, "MATEMATICA-INFORMATICA": 422, "INVATATOR - EDUCATOARE": 57, "FILOLOGIE": 368, "STIINTE SOCIALE": 339, "MUZICA": 31, "TEHNICIAN IN ACTIVITATI ECONOMICE": 105, "ARTE PLASTICE SI DECORATIVE": 34, "TEHNICIAN IN ADMINISTRATIE": 27, "TEOLOGIE ORTODOXA": 38, "TEHNICIAN IN ACTIVITATI DE COMERT": 61, "COAFOR STILIST": 13, "TEHNICIAN IN MORARIT, PANIFICATIE SI PRODUSE FAINOASE": 8, "TEHNICIAN IN GASTRONOMIE": 98, "TEHNICIAN IN TURISM": 29, "PATRIMONIU CULTURAL": 28, "LICEU CU PROGRAM SPORTIV": 105, "TEHNICIAN OPERATOR TEHNICA DE CALCUL": 40, "TEHNICIAN IN AUTOMATIZARI": 26, "TEHNICIAN ECOLOG SI PROTECTIA CALITATII MEDIULUI": 56, "TEHNICIAN ELECTRONIST": 22, "TEHNICIAN IN INDUSTRIA ALIMENTARA": 31, "TEHNICIAN MECANIC PENTRU INTRETINERE SI REPARATII": 58, "TEHNICIAN IN AGRICULTURA": 32, "TEHNICIAN DESIGNER VESTIMENTAR": 21, "TEHNICIAN IN INSTALATII ELECTRICE": 20, "TEHNICIAN HORTICULTOR": 17, "TEHNICIAN PROIECTANT CAD": 33, "TEHNICIAN ELECTROMECANIC": 9, "TEHNICIAN MECATRONIST": 3, "TEHNICIAN IN INDUSTRIA TEXTILA": 11, "TEHNICIAN AGRONOM": 1, "TEHNICIAN VETERINAR": 1, "TEHNICIAN IN PRELUCRAREA LEMNULUI": 7, "TEHNICIAN IN CONSTRUCTII SI LUCRARI PUBLICE": 1, "ARHITECTURA, ARTE AMBIENTALE SI DESIGN": 1, "TEHNICIAN INSTALATOR PENTRU CONSTRUCTII": 1}, "limba_moderna": {"LIMBA ENGLEZA": 2571, "LIMBA FRANCEZA": 187}, "limba_materna": {"LIMBA ROMANA": 2758}, "promotie_anterioara": {"NU": 2558, "DA": 200}, "materii": {"LIMBA ROMANA": {"medie": 6.875570272258995, "reusita": 89.41261783901378, "cnt": 2758}, "MATEMATICA MATE-INFO": {"medie": 8.052147971360387, "reusita": 91.23222748815166, "cnt": 422}, "ANATOMIE SI FIZIOLOGIE UMANA, GENETICA SI ECOLOGIE UMANA": {"medie": 7.535172413793108, "reusita": 88.60045146726863, "cnt": 886}, "GENERAL": {"medie": 7.159516728624528, "reusita": 71.71863669325597, "cnt": 2758}, "MATEMATICA ST-NAT": {"medie": 7.179426644182126, "reusita": 80.62913907284768, "cnt": 604}, "CHIMIE ORGANICA TEO NIVEL I/II": {"medie": 9.335185185185185, "reusita": 100.0, "cnt": 27}, "CHIMIE ANORGANICA TEO NIVEL I/II": {"medie": 8.532692307692308, "reusita": 92.3076923076923, "cnt": 26}, "INFORMATICA MI C/C++": {"medie": 8.65375939849624, "reusita": 99.25373134328358, "cnt": 134}, "ISTORIE": {"medie": 7.08299356223177, "reusita": 90.57203389830508, "cnt": 944}, "LOGICA, ARGUMENTARE SI COMUNICARE": {"medie": 8.224858757062137, "reusita": 92.59776536312849, "cnt": 716}, "MATEMATICA PED": {"medie": 9.50964912280702, "reusita": 100.0, "cnt": 57}, "FIZICA TEO": {"medie": 8.862499999999997, "reusita": 97.67441860465115, "cnt": 86}, "SOCIOLOGIE": {"medie": 7.307142857142856, "reusita": 92.85714285714286, "cnt": 14}, "PSIHOLOGIE": {"medie": 8.207692307692309, "reusita": 92.3076923076923, "cnt": 13}, "GEOGRAFIE": {"medie": 7.791036906854128, "reusita": 93.78238341968913, "cnt": 579}, "INFORMATICA SN C/C++": {"medie": 8.8125, "reusita": 100.0, "cnt": 4}, "BIOLOGIE VEGETALA SI ANIMALA": {"medie": 4.5340476190476195, "reusita": 39.189189189189186, "cnt": 222}, "MATEMATICA TEHN": {"medie": 5.627706552706547, "reusita": 64.29548563611492, "cnt": 731}, "FILOSOFIE": {"medie": 7.842857142857143, "reusita": 100.0, "cnt": 7}, "ECONOMIE": {"medie": 7.130000000000001, "reusita": 80.0, "cnt": 5}, "FIZICA TEH": {"medie": 4.326190476190477, "reusita": 39.130434782608695, "cnt": 23}, "CHIMIE ANORGANICA TEH NIVEL I/II": {"medie": 5.693333333333333, "reusita": 81.25, "cnt": 16}}, "nume": "Boto\u0219ani"}