{"specializari": {"FILOLOGIE": 264, "MATEMATICA-INFORMATICA": 323, "INVATATOR - EDUCATOARE": 53, "STIINTE ALE NATURII": 291, "STIINTE SOCIALE": 151, "LICEU CU PROGRAM SPORTIV": 89, "ARTA ACTORULUI": 27, "ARTE PLASTICE SI DECORATIVE": 34, "ARHITECTURA, ARTE AMBIENTALE SI DESIGN": 22, "MUZICA": 18, "TEHNICIAN ECOLOG SI PROTECTIA CALITATII MEDIULUI": 6, "TEHNICIAN IN ACTIVITATI ECONOMICE": 45, "TEHNICIAN IN ADMINISTRATIE": 22, "TEHNICIAN IN INDUSTRIA PIELARIEI": 9, "TEHNICIAN IN TURISM": 52, "TEHNICIAN ELECTROMECANIC": 9, "TEHNICIAN IN ACTIVITATI DE COMERT": 30, "TEHNICIAN ELECTRICIAN/ELECTRONIST AUTO": 20, "TEHNICIAN IN GASTRONOMIE": 10, "TEHNICIAN ANALIZE PRODUSE ALIMENTARE": 35, "TEHNICIAN PROIECTANT CAD": 11, "TEHNICIAN IN INSTALATII ELECTRICE": 10, "TEHNICIAN IN PRELUCRAREA LEMNULUI": 1, "TEHNICIAN DESIGNER MOBILA SI AMENAJARI INTERIOARE": 6, "TEHNICIAN MECANIC PENTRU INTRETINERE SI REPARATII": 9, "TEHNICIAN OPERATOR TEHNICA DE CALCUL": 12, "TEHNICIAN DESIGNER VESTIMENTAR": 2, "TEHNICIAN VETERINAR": 3, "TEHNICIAN TRANSPORTURI": 7, "TEHNICIAN IN INDUSTRIA TEXTILA": 5, "TEHNICIAN IN INDUSTRIA ALIMENTARA": 6, "TEHNICIAN MECATRONIST": 5, "COAFOR STILIST": 3, "TEHNICIAN ELECTROTEHNIST": 1, "TEHNICIAN ZOOTEHNIST": 1, "TEHNICIAN PRELUCRARI LA CALD": 1}, "limba_moderna": {"LIMBA ENGLEZA": 1538, "LIMBA FRANCEZA": 44, "LIMBA RUSA": 9, "LIMBA GERMANA MODERNA": 2}, "limba_materna": {"LIMBA ROMANA": 1593}, "promotie_anterioara": {"NU": 1427, "DA": 166}, "materii": {"LIMBA ROMANA": {"medie": 7.119291587602783, "reusita": 94.16195856873823, "cnt": 1593}, "MATEMATICA MATE-INFO": {"medie": 8.387066246056781, "reusita": 94.42724458204334, "cnt": 323}, "ANATOMIE SI FIZIOLOGIE UMANA, GENETICA SI ECOLOGIE UMANA": {"medie": 8.03439024390244, "reusita": 92.71844660194175, "cnt": 206}, "GENERAL": {"medie": 7.5735193500107, "reusita": 81.23038292529819, "cnt": 1593}, "MATEMATICA ST-NAT": {"medie": 8.093252595155715, "reusita": 93.81443298969072, "cnt": 291}, "CHIMIE ORGANICA TEO NIVEL I/II": {"medie": 9.085256410256411, "reusita": 100.0, "cnt": 78}, "INFORMATICA MI C/C++": {"medie": 8.862068965517238, "reusita": 98.86363636363636, "cnt": 88}, "ISTORIE": {"medie": 7.751497504159727, "reusita": 93.38842975206612, "cnt": 605}, "LOGICA, ARGUMENTARE SI COMUNICARE": {"medie": 7.7667525773195845, "reusita": 94.89795918367348, "cnt": 196}, "MATEMATICA PED": {"medie": 9.040566037735848, "reusita": 100.0, "cnt": 53}, "FIZICA TEO": {"medie": 9.117916666666671, "reusita": 99.16666666666667, "cnt": 120}, "SOCIOLOGIE": {"medie": 8.035714285714286, "reusita": 100.0, "cnt": 56}, "PSIHOLOGIE": {"medie": 7.534883720930233, "reusita": 95.34883720930233, "cnt": 43}, "GEOGRAFIE": {"medie": 7.8267258382642995, "reusita": 95.3125, "cnt": 512}, "INFORMATICA SN C/C++": {"medie": 8.040000000000001, "reusita": 90.0, "cnt": 10}, "BIOLOGIE VEGETALA SI ANIMALA": {"medie": 6.796995708154502, "reusita": 82.23140495867769, "cnt": 242}, "MATEMATICA TEHN": {"medie": 6.1815112540192905, "reusita": 79.43925233644859, "cnt": 321}, "FILOSOFIE": {"medie": 7.678571428571429, "reusita": 100.0, "cnt": 7}, "ECONOMIE": {"medie": 6.358333333333334, "reusita": 100.0, "cnt": 6}, "CHIMIE ORGANICA TEH NIVEL I/II": {"medie": 3.05, "reusita": 0.0, "cnt": 3}, "FIZICA TEH": {"medie": 4.312500000000001, "reusita": 46.666666666666664, "cnt": 15}, "CHIMIE ANORGANICA TEH NIVEL I/II": {"medie": 4.768181818181819, "reusita": 54.54545454545454, "cnt": 11}}, "nume": "Br\u0103ila"}