{"specializari": {"STIINTE ALE NATURII": 755, "MATEMATICA-INFORMATICA": 528, "STIINTE SOCIALE": 269, "FILOLOGIE": 371, "TEHNICIAN IN ACHIZITII SI CONTRACTARI": 29, "MUZICA": 29, "INVATATOR - EDUCATOARE": 46, "ARHITECTURA, ARTE AMBIENTALE SI DESIGN": 27, "ARTE PLASTICE SI DECORATIVE": 32, "TEHNICIAN IN TURISM": 65, "TEHNICIAN ECOLOG SI PROTECTIA CALITATII MEDIULUI": 51, "TEOLOGIE ORTODOXA": 48, "LICEU CU PROGRAM SPORTIV": 49, "ORGANIZATOR BANQUETING": 44, "TEHNICIAN IN ACTIVITATI ECONOMICE": 147, "TEHNICIAN ANALIZE PRODUSE ALIMENTARE": 15, "TEHNICIAN IN HOTELARIE": 62, "TEHNICIAN IN ACTIVITATI DE COMERT": 30, "TEHNICIAN IN AUTOMATIZARI": 53, "TEHNICIAN IN ADMINISTRATIE": 17, "TEHNICIAN PRODUCTIE FILM SI TELEVIZIUNE": 20, "COAFOR STILIST": 23, "TEHNICIAN AVIATIE": 29, "TEHNICIAN IN SILVICULTURA SI EXPLOATARI FORESTIERE": 45, "TEHNICIAN OPERATOR PROCESARE TEXT IMAGINE": 10, "TEHNICIAN DESIGNER VESTIMENTAR": 50, "TEHNICIAN OPERATOR TEHNICA DE CALCUL": 6, "TEHNICIAN IN GASTRONOMIE": 18, "TEHNICIAN PRELUCRARI MECANICE": 17, "TEHNICIAN IN INSTALATII ELECTRICE": 31, "TEHNICIAN VETERINAR": 13, "TEHNICIAN IN AGROTURISM": 9, "TEHNICIAN DESIGNER MOBILA SI AMENAJARI INTERIOARE": 23, "TEHNICIAN INSTALATII DE BORD (AVION)": 24, "TEHNICIAN IN INDUSTRIA TEXTILA": 10, "TEHNICIAN MECATRONIST": 60, "TEHNICIAN MECANIC PENTRU INTRETINERE SI REPARATII": 6, "TEHNICIAN PROIECTANT CAD": 22, "TEHNICIAN DESENATOR PENTRU CONSTRUCTII SI INSTALATII": 18, "TEHNICIAN AGROMONTAN": 3, "TEHNICIAN TRANSPORTURI": 9, "TEHNICIAN IN PRELUCRAREA LEMNULUI": 5, "TEHNICIAN ELECTRONIST": 1, "TEHNICIAN IN INDUSTRIA ALIMENTARA": 2, "TEHNICIAN ELECTRICIAN/ELECTRONIST AUTO": 2, "TEHNICIAN PRELUCRARI PE MASINI CU COMANDA NUMERICA": 12, "TEHNICIAN IN INDUSTRIA PIELARIEI": 1, "TEHNICIAN IN AGRICULTURA": 1}, "limba_moderna": {"LIMBA GERMANA MODERNA": 43, "LIMBA FRANCEZA": 127, "LIMBA ENGLEZA": 2955, "LIMBA SPANIOLA": 12}, "limba_materna": {"LIMBA ROMANA": 2899, "LIMBA GERMANA": 126, "LIMBA MAGHIARA": 112}, "promotie_anterioara": {"NU": 2767, "DA": 370}, "materii": {"LIMBA ROMANA": {"medie": 7.142500809847737, "reusita": 91.7118265859101, "cnt": 3137}, "MATEMATICA MATE-INFO": {"medie": 8.523142857142863, "reusita": 98.10606060606061, "cnt": 528}, "ANATOMIE SI FIZIOLOGIE UMANA, GENETICA SI ECOLOGIE UMANA": {"medie": 8.339161290322574, "reusita": 93.36734693877551, "cnt": 784}, "GENERAL": {"medie": 7.5189107849604, "reusita": 76.92062480076505, "cnt": 3137}, "MATEMATICA ST-NAT": {"medie": 8.185246995994657, "reusita": 93.50993377483444, "cnt": 755}, "CHIMIE ORGANICA TEO NIVEL I/II": {"medie": 8.897499999999999, "reusita": 97.53086419753086, "cnt": 81}, "CHIMIE ANORGANICA TEO NIVEL I/II": {"medie": 8.110000000000005, "reusita": 91.42857142857143, "cnt": 35}, "INFORMATICA MI C/C++": {"medie": 8.788602941176476, "reusita": 100.0, "cnt": 272}, "ISTORIE": {"medie": 7.583107274969167, "reusita": 93.6969696969697, "cnt": 825}, "LOGICA, ARGUMENTARE SI COMUNICARE": {"medie": 8.362343096234317, "reusita": 93.6082474226804, "cnt": 485}, "MATEMATICA PED": {"medie": 7.930434782608696, "reusita": 95.65217391304348, "cnt": 46}, "FIZICA TEO": {"medie": 8.854000000000003, "reusita": 97.36842105263158, "cnt": 76}, "SOCIOLOGIE": {"medie": 8.403125000000001, "reusita": 100.0, "cnt": 16}, "PSIHOLOGIE": {"medie": 7.176086956521738, "reusita": 92.0, "cnt": 25}, "GEOGRAFIE": {"medie": 7.766176470588241, "reusita": 92.62295081967213, "cnt": 732}, "INFORMATICA SN C/C++": {"medie": 8.695588235294117, "reusita": 100.0, "cnt": 34}, "BIOLOGIE VEGETALA SI ANIMALA": {"medie": 5.781837606837608, "reusita": 65.10204081632654, "cnt": 490}, "MATEMATICA TEHN": {"medie": 6.384673097534844, "reusita": 79.55239064089523, "cnt": 983}, "FILOSOFIE": {"medie": 8.2125, "reusita": 100.0, "cnt": 4}, "LIMBA MAGHIARA (REAL)": {"medie": 7.126000000000001, "reusita": 97.0, "cnt": 100}, "LIMBA GERMANA": {"medie": 8.17857142857143, "reusita": 98.4126984126984, "cnt": 126}, "ECONOMIE": {"medie": 6.92840909090909, "reusita": 97.72727272727273, "cnt": 44}, "CHIMIE ORGANICA TEH NIVEL I/II": {"medie": 4.85625, "reusita": 37.5, "cnt": 8}, "INFORMATICA MI PASCAL": {"medie": 5.0, "reusita": 100.0, "cnt": 1}, "LIMBA MAGHIARA (UMAN)": {"medie": 7.422727272727273, "reusita": 91.66666666666666, "cnt": 12}, "FIZICA TEH": {"medie": 6.053333333333333, "reusita": 66.66666666666666, "cnt": 18}, "CHIMIE ANORGANICA TEH NIVEL I/II": {"medie": 5.238461538461538, "reusita": 43.75, "cnt": 32}}, "nume": "Bra\u0219ov"}