{"specializari": {"MATEMATICA-INFORMATICA": 4122, "STIINTE ALE NATURII": 1945, "STIINTE SOCIALE": 1452, "FILOLOGIE": 2828, "LICEU CU PROGRAM SPORTIV": 683, "GHID TURISM RELIGIOS": 43, "INVATATOR - EDUCATOARE": 34, "ARTE PLASTICE SI DECORATIVE": 211, "MUZICA": 133, "ARHITECTURA, ARTE AMBIENTALE SI DESIGN": 88, "COREGRAFIE": 25, "TEHNICIAN IN ACTIVITATI ECONOMICE": 1217, "TEOLOGIE PENTICOSTALA": 29, "TEHNICIAN IN TURISM": 412, "TEOLOGIE BAPTISTA": 20, "TEHNICIAN IN ACHIZITII SI CONTRACTARI": 56, "TEHNICIAN IN HOTELARIE": 140, "ARTA ACTORULUI": 33, "TEOLOGIE ADVENTISTA": 55, "TEOLOGIE ORTODOXA": 35, "TEHNICIAN IN ACTIVITATI DE COMERT": 80, "TEHNICIAN ELECTRICIAN/ELECTRONIST AUTO": 35, "TEHNICIAN IN GASTRONOMIE": 168, "TEHNICIAN IN ADMINISTRATIE": 66, "TEHNICIAN ANALIZE PRODUSE ALIMENTARE": 54, "TEHNICIAN DESIGNER VESTIMENTAR": 36, "TEHNICIAN MECATRONIST": 123, "TEHNICIAN TRANSPORTURI": 71, "TEHNICIAN ECOLOG SI PROTECTIA CALITATII MEDIULUI": 106, "TEHNICIAN PRODUCTIE FILM SI TELEVIZIUNE": 52, "ORGANIZATOR BANQUETING": 121, "TEHNICIAN CHIMIST DE LABORATOR": 36, "TEHNICIAN IN INSTALATII ELECTRICE": 107, "TEHNICIAN DESENATOR PENTRU CONSTRUCTII SI INSTALATII": 34, "TEHNICIAN DE TELECOMUNICATII": 38, "TEHNICIAN AVIATIE": 29, "TEHNICIAN MECANIC PENTRU INTRETINERE SI REPARATII": 107, "TEHNICIAN OPERATOR TEHNICA DE CALCUL": 22, "TEHNICIAN ENERGETICIAN": 5, "COAFOR STILIST": 53, "TEHNICIAN MULTIMEDIA": 14, "TEHNICIAN IN ACTIVITATI DE POSTA": 48, "TEHNICIAN ELECTROTEHNIST": 27, "TEHNICIAN METROLOG": 32, "TEHNICIAN PROIECTANT CAD": 69, "TEHNICIAN ELECTROMECANIC": 29, "TEHNICIAN IN AUTOMATIZARI": 37, "TEHNICIAN DESIGNER MOBILA SI AMENAJARI INTERIOARE": 13, "TEHNICIAN IN INDUSTRIA ALIMENTARA": 11, "PATRIMONIU CULTURAL": 6, "TEHNICIAN POLIGRAF": 22, "TEHNICIAN PRELUCRARI PE MASINI CU COMANDA NUMERICA": 1, "TEHNICIAN PENTRU ANIMALE DE COMPANIE": 2, "TEHNICIAN PRELUCRARI MECANICE": 37, "TEHNICIAN INSTALATII DE BORD (AVION)": 18, "TEHNICIAN IN CONSTRUCTII SI LUCRARI PUBLICE": 16, "TEHNICIAN VETERINAR": 25, "TEHNICIAN OPERATOR PROCESARE TEXT IMAGINE": 42, "TEHNICIAN IN INDUSTRIA TEXTILA": 6, "TEHNICIAN ELECTRONIST": 7, "TEHNICIAN INSTALATOR PENTRU CONSTRUCTII": 10, "TEHNICIAN OPERATORI ROBOTI INDUSTRIALI": 1, "TEHNICIAN HORTICULTOR": 11, "TEHNICIAN IN AGRICULTURA": 1, "TEHNICIAN IN PRELUCRAREA LEMNULUI": 4, "TEHNICIAN IN INDUSTRIA PIELARIEI": 1, "TEHNICIAN IN CHIMIE INDUSTRIALA": 1, "TEHNICIAN PRELUCRARI LA CALD": 1}, "limba_moderna": {"LIMBA ENGLEZA": 14762, "LIMBA GERMANA MODERNA": 107, "LIMBA FRANCEZA": 363, "LIMBA JAPONEZA": 3, "LIMBA SPANIOLA": 95, "LIMBA ITALIANA": 44, "LIMBA EBRAICA": 4, "LIMBA PORTUGHEZA": 10, "LIMBA CHINEZA": 6, "LIMBA RUSA": 2}, "limba_materna": {"LIMBA ROMANA": 15302, "LIMBA GERMANA": 54, "LIMBA ITALIANA": 36, "LIMBA MAGHIARA": 4}, "promotie_anterioara": {"NU": 13540, "DA": 1856}, "materii": {"LIMBA ROMANA": {"medie": 7.219591997894219, "reusita": 91.38737334372564, "cnt": 15396}, "MATEMATICA MATE-INFO": {"medie": 8.245944621416296, "reusita": 93.86220281416789, "cnt": 4122}, "ANATOMIE SI FIZIOLOGIE UMANA, GENETICA SI ECOLOGIE UMANA": {"medie": 7.770125293656998, "reusita": 91.04878985785632, "cnt": 2603}, "GENERAL": {"medie": 7.514721345951621, "reusita": 76.44842816315926, "cnt": 15396}, "MATEMATICA ST-NAT": {"medie": 7.546548117154807, "reusita": 86.32390745501284, "cnt": 1945}, "CHIMIE ORGANICA TEO NIVEL I/II": {"medie": 9.183021806853583, "reusita": 98.76160990712074, "cnt": 646}, "CHIMIE ANORGANICA TEO NIVEL I/II": {"medie": 8.05810810810811, "reusita": 89.33333333333333, "cnt": 75}, "INFORMATICA MI C/C++": {"medie": 8.534182098765417, "reusita": 97.53656658968437, "cnt": 1299}, "ISTORIE": {"medie": 7.554134459823825, "reusita": 91.50859776635349, "cnt": 5641}, "LOGICA, ARGUMENTARE SI COMUNICARE": {"medie": 8.208788159111934, "reusita": 92.28662711090826, "cnt": 2191}, "MATEMATICA PED": {"medie": 9.208823529411761, "reusita": 100.0, "cnt": 34}, "FIZICA TEO": {"medie": 8.612321877619447, "reusita": 97.32441471571906, "cnt": 1196}, "SOCIOLOGIE": {"medie": 7.932828760643345, "reusita": 94.59962756052141, "cnt": 1074}, "PSIHOLOGIE": {"medie": 7.932034220532328, "reusita": 95.09433962264151, "cnt": 530}, "GEOGRAFIE": {"medie": 7.78823681489138, "reusita": 92.98423995932893, "cnt": 3934}, "INFORMATICA SN C/C++": {"medie": 7.954999999999999, "reusita": 93.33333333333333, "cnt": 30}, "BIOLOGIE VEGETALA SI ANIMALA": {"medie": 4.981077891424071, "reusita": 49.382716049382715, "cnt": 1377}, "MATEMATICA TEHN": {"medie": 6.13782970183485, "reusita": 73.09797482211276, "cnt": 3654}, "FILOSOFIE": {"medie": 7.475471698113205, "reusita": 92.5925925925926, "cnt": 54}, "LIMBA MAGHIARA (REAL)": {"medie": 8.05, "reusita": 100.0, "cnt": 4}, "LIMBA GERMANA": {"medie": 7.8833333333333355, "reusita": 100.0, "cnt": 54}, "ECONOMIE": {"medie": 7.853571428571425, "reusita": 96.44268774703558, "cnt": 253}, "CHIMIE ORGANICA TEH NIVEL I/II": {"medie": 5.385714285714286, "reusita": 50.0, "cnt": 8}, "INFORMATICA MI PASCAL": {"medie": 6.1, "reusita": 100.0, "cnt": 5}, "LIMBA ITALIANA": {"medie": 7.884722222222219, "reusita": 94.44444444444444, "cnt": 36}, "FIZICA TEH": {"medie": 4.123066666666666, "reusita": 40.229885057471265, "cnt": 87}, "CHIMIE ANORGANICA TEH NIVEL I/II": {"medie": 5.0600000000000005, "reusita": 52.94117647058824, "cnt": 34}}, "nume": "Bucure\u0219ti"}