{"specializari": {"MATEMATICA-INFORMATICA": 476, "FILOLOGIE": 600, "STIINTE SOCIALE": 195, "INVATATOR - EDUCATOARE": 55, "MUZICA": 15, "ARTE PLASTICE SI DECORATIVE": 29, "TEOLOGIE ORTODOXA": 23, "STIINTE ALE NATURII": 263, "TEHNICIAN IN ACTIVITATI ECONOMICE": 139, "ARHITECTURA, ARTE AMBIENTALE SI DESIGN": 31, "LICEU CU PROGRAM SPORTIV": 221, "TEHNICIAN IN ACTIVITATI DE COMERT": 74, "ARTA ACTORULUI": 16, "TEHNICIAN IN TURISM": 40, "TEHNICIAN TRANSPORTURI": 25, "TEHNICIAN ECOLOG SI PROTECTIA CALITATII MEDIULUI": 21, "TEHNICIAN IN GASTRONOMIE": 71, "TEHNICIAN IN INDUSTRIA ALIMENTARA": 23, "TEHNICIAN OPERATOR PROCESARE TEXT IMAGINE": 23, "TEHNICIAN DE TELECOMUNICATII": 10, "TEHNICIAN MECANIC PENTRU INTRETINERE SI REPARATII": 12, "TEHNICIAN IN INSTALATII ELECTRICE": 25, "TEHNICIAN IN ADMINISTRATIE": 26, "TEHNICIAN VETERINAR": 11, "TEHNICIAN IN HOTELARIE": 3, "TEHNICIAN IN AGRICULTURA": 7, "ORGANIZATOR BANQUETING": 8, "TEHNICIAN IN AGROTURISM": 5, "TEHNICIAN IN AUTOMATIZARI": 13, "TEHNICIAN IN PRELUCRAREA LEMNULUI": 1, "TEHNICIAN ANALIZE PRODUSE ALIMENTARE": 10, "TEHNICIAN OPERATOR TEHNICA DE CALCUL": 8, "TEHNICIAN OPERATOR TELEMATICA": 20, "TEHNICIAN IN CHIMIE INDUSTRIALA": 1, "TEHNICIAN DESENATOR PENTRU CONSTRUCTII SI INSTALATII": 4, "TEHNICIAN METROLOG": 16, "TEHNICIAN ELECTROTEHNIST": 2, "TEHNICIAN IN CONSTRUCTII SI LUCRARI PUBLICE": 1, "COAFOR STILIST": 1, "TEHNICIAN CHIMIST DE LABORATOR": 2, "TEHNICIAN MECATRONIST": 31}, "limba_moderna": {"LIMBA ENGLEZA": 2315, "LIMBA FRANCEZA": 235, "LIMBA SPANIOLA": 7}, "limba_materna": {"LIMBA ROMANA": 2557}, "promotie_anterioara": {"NU": 2368, "DA": 189}, "materii": {"LIMBA ROMANA": {"medie": 6.885006070416819, "reusita": 90.18380915134924, "cnt": 2557}, "MATEMATICA MATE-INFO": {"medie": 8.04576271186442, "reusita": 93.90756302521008, "cnt": 476}, "ANATOMIE SI FIZIOLOGIE UMANA, GENETICA SI ECOLOGIE UMANA": {"medie": 7.847826086956526, "reusita": 91.42857142857143, "cnt": 210}, "GENERAL": {"medie": 7.344350747291929, "reusita": 74.38404380132968, "cnt": 2557}, "MATEMATICA ST-NAT": {"medie": 7.8712643678160905, "reusita": 92.77566539923954, "cnt": 263}, "CHIMIE ORGANICA TEO NIVEL I/II": {"medie": 8.930882352941175, "reusita": 100.0, "cnt": 102}, "CHIMIE ANORGANICA TEO NIVEL I/II": {"medie": 8.950000000000001, "reusita": 100.0, "cnt": 3}, "INFORMATICA MI C/C++": {"medie": 8.652916666666663, "reusita": 97.5, "cnt": 120}, "ISTORIE": {"medie": 7.446269335759781, "reusita": 86.28318584070797, "cnt": 1130}, "LOGICA, ARGUMENTARE SI COMUNICARE": {"medie": 8.282616487455199, "reusita": 92.25352112676056, "cnt": 852}, "MATEMATICA PED": {"medie": 8.466363636363637, "reusita": 100.0, "cnt": 55}, "FIZICA TEO": {"medie": 8.439617486338802, "reusita": 98.36065573770492, "cnt": 183}, "SOCIOLOGIE": {"medie": 7.015624999999999, "reusita": 72.22222222222221, "cnt": 18}, "PSIHOLOGIE": {"medie": 8.247916666666667, "reusita": 95.91836734693877, "cnt": 49}, "GEOGRAFIE": {"medie": 7.468166383701192, "reusita": 86.97068403908796, "cnt": 614}, "INFORMATICA SN C/C++": {"medie": 8.3, "reusita": 100.0, "cnt": 2}, "BIOLOGIE VEGETALA SI ANIMALA": {"medie": 6.234075342465759, "reusita": 61.67146974063401, "cnt": 347}, "MATEMATICA TEHN": {"medie": 5.907042253521128, "reusita": 66.66666666666666, "cnt": 633}, "FILOSOFIE": {"medie": 8.066666666666666, "reusita": 100.0, "cnt": 3}, "ECONOMIE": {"medie": 8.254545454545452, "reusita": 100.0, "cnt": 11}, "FIZICA TEH": {"medie": 3.2651515151515156, "reusita": 21.62162162162162, "cnt": 37}, "CHIMIE ANORGANICA TEH NIVEL I/II": {"medie": 4.791666666666667, "reusita": 33.33333333333333, "cnt": 6}}, "nume": "Buz\u0103u"}