{"specializari": {"FILOLOGIE": 377, "MATEMATICA-INFORMATICA": 221, "STIINTE ALE NATURII": 148, "STIINTE SOCIALE": 68, "INVATATOR - EDUCATOARE": 26, "TEHNICIAN IN ACTIVITATI ECONOMICE": 171, "MUZICA": 7, "TEHNICIAN IN GASTRONOMIE": 26, "TEHNICIAN IN TURISM": 9, "ARTE PLASTICE SI DECORATIVE": 10, "TEHNICIAN IN INDUSTRIA TEXTILA": 28, "TEHNICIAN IN ACTIVITATI DE COMERT": 3, "TEHNICIAN TRANSPORTURI": 11, "TEHNICIAN ECOLOG SI PROTECTIA CALITATII MEDIULUI": 25, "TEHNICIAN VETERINAR": 17, "TEHNICIAN DESENATOR PENTRU CONSTRUCTII SI INSTALATII": 5, "TEHNICIAN IN AUTOMATIZARI": 18, "LICEU CU PROGRAM SPORTIV": 20, "TEHNICIAN HORTICULTOR": 1, "COAFOR STILIST": 20, "TEHNICIAN OPERATOR PROCESARE TEXT IMAGINE": 20, "TEHNICIAN ZOOTEHNIST": 1, "TEHNICIAN IN AGRICULTURA": 12, "TEHNICIAN MECATRONIST": 1, "TEHNICIAN MECANIC PENTRU INTRETINERE SI REPARATII": 29, "TEHNICIAN ELECTRICIAN/ELECTRONIST AUTO": 1, "TEHNICIAN DE TELECOMUNICATII": 5, "TEHNICIAN ELECTROMECANIC": 2, "TEHNICIAN IN AGROTURISM": 1, "TEHNICIAN OPERATOR TEHNICA DE CALCUL": 1, "TEHNICIAN IN INSTALATII ELECTRICE": 1}, "limba_moderna": {"LIMBA ENGLEZA": 1247, "LIMBA FRANCEZA": 38}, "limba_materna": {"LIMBA ROMANA": 1285}, "promotie_anterioara": {"NU": 1070, "DA": 215}, "materii": {"LIMBA ROMANA": {"medie": 6.196817082997586, "reusita": 76.57587548638134, "cnt": 1285}, "MATEMATICA MATE-INFO": {"medie": 7.107834101382485, "reusita": 78.73303167420815, "cnt": 221}, "ANATOMIE SI FIZIOLOGIE UMANA, GENETICA SI ECOLOGIE UMANA": {"medie": 6.749337748344376, "reusita": 80.64516129032258, "cnt": 155}, "GENERAL": {"medie": 6.494444444444447, "reusita": 57.43190661478599, "cnt": 1285}, "MATEMATICA ST-NAT": {"medie": 6.082867132867133, "reusita": 67.56756756756756, "cnt": 148}, "CHIMIE ORGANICA TEO NIVEL I/II": {"medie": 9.302941176470588, "reusita": 100.0, "cnt": 17}, "INFORMATICA MI C/C++": {"medie": 7.727419354838708, "reusita": 87.09677419354838, "cnt": 31}, "ISTORIE": {"medie": 6.889052631578951, "reusita": 84.85477178423237, "cnt": 482}, "LOGICA, ARGUMENTARE SI COMUNICARE": {"medie": 8.25, "reusita": 94.5945945945946, "cnt": 37}, "MATEMATICA PED": {"medie": 6.421999999999998, "reusita": 73.07692307692307, "cnt": 26}, "FIZICA TEO": {"medie": 8.335849056603777, "reusita": 92.5925925925926, "cnt": 54}, "SOCIOLOGIE": {"medie": 7.5553459119496855, "reusita": 93.7888198757764, "cnt": 161}, "PSIHOLOGIE": {"medie": 7.426315789473684, "reusita": 93.10344827586206, "cnt": 58}, "GEOGRAFIE": {"medie": 7.226600441501104, "reusita": 84.11016949152543, "cnt": 472}, "INFORMATICA SN C/C++": {"medie": 8.6, "reusita": 100.0, "cnt": 1}, "BIOLOGIE VEGETALA SI ANIMALA": {"medie": 5.659266409266411, "reusita": 55.47703180212014, "cnt": 283}, "MATEMATICA TEHN": {"medie": 4.728254847645431, "reusita": 48.529411764705884, "cnt": 408}, "ECONOMIE": {"medie": 7.612500000000001, "reusita": 88.88888888888889, "cnt": 9}, "FIZICA TEH": {"medie": 4.27, "reusita": 50.0, "cnt": 6}, "CHIMIE ANORGANICA TEH NIVEL I/II": {"medie": 5.2, "reusita": 100.0, "cnt": 1}}, "nume": "C\u0103l\u0103ra\u0219i"}