{"specializari": {"MATEMATICA-INFORMATICA": 315, "STIINTE ALE NATURII": 257, "FILOLOGIE": 376, "TEOLOGIE BAPTISTA": 18, "STIINTE SOCIALE": 39, "ARTE PLASTICE SI DECORATIVE": 21, "TEHNICIAN OPERATOR TEHNICA DE CALCUL": 50, "INVATATOR - EDUCATOARE": 30, "MUZICA": 9, "TEHNICIAN ECOLOG SI PROTECTIA CALITATII MEDIULUI": 66, "TEHNICIAN ELECTROMECANIC": 72, "TEHNICIAN IN ACTIVITATI DE COMERT": 19, "TEHNICIAN IN GASTRONOMIE": 27, "TEOLOGIE ORTODOXA": 32, "TEHNICIAN MECANIC PENTRU INTRETINERE SI REPARATII": 54, "TEHNICIAN IN ACTIVITATI ECONOMICE": 61, "TEHNICIAN IN INSTALATII ELECTRICE": 6, "TEHNICIAN IN TURISM": 28, "TEHNICIAN IN INDUSTRIA ALIMENTARA": 21, "TEHNICIAN ELECTRICIAN/ELECTRONIST AUTO": 11, "TEHNICIAN ELECTROTEHNIST": 9, "COAFOR STILIST": 8, "TEHNICIAN AVIATIE": 8, "TEHNICIAN IN ACHIZITII SI CONTRACTARI": 1, "LICEU CU PROGRAM SPORTIV": 6, "TEHNICIAN ELECTRONIST": 2, "TEHNICIAN IN SILVICULTURA SI EXPLOATARI FORESTIERE": 32, "TEHNICIAN DESIGNER MOBILA SI AMENAJARI INTERIOARE": 25, "TEHNICIAN DESENATOR PENTRU CONSTRUCTII SI INSTALATII": 6, "TEHNICIAN IN HOTELARIE": 19, "TEHNICIAN TRANSPORTURI": 12, "TEHNICIAN AGRONOM": 6, "TEHNICIAN IN AGRICULTURA": 2, "TEHNICIAN MECATRONIST": 17, "TEHNICIAN IN PRELUCRAREA LEMNULUI": 5, "TEHNICIAN PRELUCRARI LA CALD": 1, "TEHNICIAN PROIECTANT PRODUSE FINITE DIN LEMN": 3, "TEHNICIAN INSTALATOR PENTRU CONSTRUCTII": 5, "TEHNICIAN IN MORARIT, PANIFICATIE SI PRODUSE FAINOASE": 1, "TEHNICIAN IN CONSTRUCTII SI LUCRARI PUBLICE": 2, "TEHNICIAN IN INDUSTRIA TEXTILA": 1, "TEHNICIAN DESIGNER VESTIMENTAR": 3, "TEHNICIAN IN ADMINISTRATIE": 1, "TEHNICIAN PROIECTANT CAD": 1}, "limba_moderna": {"LIMBA ENGLEZA": 1550, "LIMBA FRANCEZA": 103, "LIMBA GERMANA MODERNA": 35}, "limba_materna": {"LIMBA ROMANA": 1673, "LIMBA CROATA": 6, "LIMBA GERMANA": 9}, "promotie_anterioara": {"NU": 1330, "DA": 358}, "materii": {"LIMBA ROMANA": {"medie": 6.720160791589362, "reusita": 84.6563981042654, "cnt": 1688}, "MATEMATICA MATE-INFO": {"medie": 7.702076677316298, "reusita": 92.38095238095238, "cnt": 315}, "ANATOMIE SI FIZIOLOGIE UMANA, GENETICA SI ECOLOGIE UMANA": {"medie": 7.311122047244087, "reusita": 86.61567877629062, "cnt": 523}, "GENERAL": {"medie": 6.937534923705148, "reusita": 64.57345971563981, "cnt": 1688}, "MATEMATICA ST-NAT": {"medie": 6.649999999999991, "reusita": 77.431906614786, "cnt": 257}, "CHIMIE ORGANICA TEO NIVEL I/II": {"medie": 10.0, "reusita": 100.0, "cnt": 1}, "INFORMATICA MI C/C++": {"medie": 8.485096153846154, "reusita": 99.03846153846155, "cnt": 104}, "ISTORIE": {"medie": 7.346341463414634, "reusita": 93.01397205588823, "cnt": 501}, "LOGICA, ARGUMENTARE SI COMUNICARE": {"medie": 8.214213197969547, "reusita": 92.5, "cnt": 200}, "MATEMATICA PED": {"medie": 8.75689655172414, "reusita": 96.66666666666667, "cnt": 30}, "FIZICA TEO": {"medie": 8.25, "reusita": 100.0, "cnt": 34}, "SOCIOLOGIE": {"medie": 7.389705882352941, "reusita": 91.42857142857143, "cnt": 35}, "PSIHOLOGIE": {"medie": 6.713888888888886, "reusita": 88.88888888888889, "cnt": 18}, "GEOGRAFIE": {"medie": 7.6716507177033515, "reusita": 90.82568807339449, "cnt": 436}, "BIOLOGIE VEGETALA SI ANIMALA": {"medie": 5.59829545454546, "reusita": 57.324840764331206, "cnt": 314}, "MATEMATICA TEHN": {"medie": 4.990100000000001, "reusita": 54.52991452991453, "cnt": 585}, "FILOSOFIE": {"medie": 9.56, "reusita": 100.0, "cnt": 5}, "LIMBA GERMANA": {"medie": 8.71111111111111, "reusita": 100.0, "cnt": 9}, "ECONOMIE": {"medie": 6.15, "reusita": 100.0, "cnt": 1}, "LIMBA CROATA": {"medie": 8.308333333333334, "reusita": 100.0, "cnt": 6}, "CHIMIE ORGANICA TEH NIVEL I/II": {"medie": 2.9000000000000004, "reusita": 0.0, "cnt": 2}, "FIZICA TEH": {"medie": 3.3500000000000005, "reusita": 16.666666666666664, "cnt": 12}, "CHIMIE ANORGANICA TEH NIVEL I/II": {"medie": 2.5, "reusita": 0.0, "cnt": 3}}, "nume": "Cara\u0219-Severin"}