{"specializari": {"MATEMATICA-INFORMATICA": 698, "STIINTE ALE NATURII": 785, "FILOLOGIE": 496, "TEHNICIAN IN ACTIVITATI ECONOMICE": 187, "STIINTE SOCIALE": 448, "INVATATOR - EDUCATOARE": 58, "MUZICA": 60, "ARTA ACTORULUI": 28, "TEHNICIAN OPERATOR TEHNICA DE CALCUL": 85, "TEOLOGIE UNITARIANA": 28, "TEOLOGIE ORTODOXA": 21, "TEHNICIAN IN ACHIZITII SI CONTRACTARI": 31, "TEHNICIAN DE TELECOMUNICATII": 27, "TEOLOGIE GRECO-CATOLICA": 24, "TEHNICIAN IN ACTIVITATI DE POSTA": 28, "LICEU CU PROGRAM SPORTIV": 195, "ARTE PLASTICE SI DECORATIVE": 79, "TEHNICIAN ECOLOG SI PROTECTIA CALITATII MEDIULUI": 51, "TEHNICIAN PROIECTANT CAD": 69, "TEOLOGIE REFORMATA": 19, "EDUCATOR-PUERICULTOR": 26, "COREGRAFIE": 18, "TEHNICIAN IN AUTOMATIZARI": 27, "TEHNICIAN CHIMIST DE LABORATOR": 23, "TEHNICIAN OPERATOR PROCESARE TEXT IMAGINE": 52, "TEHNICIAN IN INSTALATII ELECTRICE": 25, "ARHITECTURA, ARTE AMBIENTALE SI DESIGN": 29, "TEOLOGIE BAPTISTA": 29, "TEHNICIAN IN TURISM": 87, "TEOLOGIE ADVENTISTA": 19, "TEHNICIAN IN GASTRONOMIE": 54, "TEHNICIAN MECANIC PENTRU INTRETINERE SI REPARATII": 21, "TEHNICIAN ELECTRICIAN/ELECTRONIST AUTO": 31, "TEHNICIAN TRANSPORTURI": 30, "TEHNICIAN VETERINAR": 10, "TEHNICIAN IN ACTIVITATI DE COMERT": 7, "COAFOR STILIST": 18, "TEHNICIAN DESIGNER VESTIMENTAR": 7, "TEHNICIAN IN AGRICULTURA ECOLOGICA": 1, "TEHNICIAN IN INDUSTRIA ALIMENTARA": 11, "TEHNICIAN DESENATOR PENTRU CONSTRUCTII SI INSTALATII": 23, "ORGANIZATOR BANQUETING": 2, "TEHNICIAN ELECTROMECANIC": 3, "TEHNICIAN ANALIZE PRODUSE ALIMENTARE": 4, "TEHNICIAN ELECTRONIST": 6, "TEHNICIAN MECATRONIST": 1, "TEHNICIAN PRELUCRARI PE MASINI CU COMANDA NUMERICA": 2, "TEHNICIAN IN CONSTRUCTII SI LUCRARI PUBLICE": 11, "TEHNICIAN ELECTROTEHNIST": 5, "TEHNICIAN DESIGNER MOBILA SI AMENAJARI INTERIOARE": 1, "TEHNICIAN IN INDUSTRIA TEXTILA": 1, "TEHNICIAN IN ADMINISTRATIE": 1, "TEHNICIAN OPERATORI ROBOTI INDUSTRIALI": 1, "TEHNICIAN ENERGETICIAN": 1}, "limba_moderna": {"LIMBA ENGLEZA": 3768, "LIMBA GERMANA MODERNA": 61, "LIMBA FRANCEZA": 117, "LIMBA ITALIANA": 27, "LIMBA SPANIOLA": 26, "LIMBA PORTUGHEZA": 5}, "limba_materna": {"LIMBA ROMANA": 3536, "LIMBA GERMANA": 57, "LIMBA MAGHIARA": 411}, "promotie_anterioara": {"NU": 3675, "DA": 329}, "materii": {"LIMBA ROMANA": {"medie": 7.322542842741913, "reusita": 94.4055944055944, "cnt": 4004}, "MATEMATICA MATE-INFO": {"medie": 9.023672883787665, "reusita": 99.42693409742121, "cnt": 698}, "ANATOMIE SI FIZIOLOGIE UMANA, GENETICA SI ECOLOGIE UMANA": {"medie": 8.939174641148329, "reusita": 98.80668257756562, "cnt": 838}, "GENERAL": {"medie": 7.890709201830195, "reusita": 84.71528471528471, "cnt": 4004}, "MATEMATICA ST-NAT": {"medie": 8.642041078305521, "reusita": 96.94267515923568, "cnt": 785}, "CHIMIE ORGANICA TEO NIVEL I/II": {"medie": 9.256521739130434, "reusita": 100.0, "cnt": 69}, "CHIMIE ANORGANICA TEO NIVEL I/II": {"medie": 8.453947368421053, "reusita": 100.0, "cnt": 38}, "INFORMATICA MI C/C++": {"medie": 9.18253731343283, "reusita": 100.0, "cnt": 335}, "ISTORIE": {"medie": 7.934853528628513, "reusita": 95.98420013166556, "cnt": 1519}, "LOGICA, ARGUMENTARE SI COMUNICARE": {"medie": 8.524963181148745, "reusita": 95.45454545454545, "cnt": 682}, "MATEMATICA PED": {"medie": 9.159482758620687, "reusita": 100.0, "cnt": 58}, "FIZICA TEO": {"medie": 8.702499999999999, "reusita": 98.125, "cnt": 160}, "SOCIOLOGIE": {"medie": 8.225609756097564, "reusita": 97.61904761904762, "cnt": 42}, "PSIHOLOGIE": {"medie": 7.899545454545458, "reusita": 94.64285714285714, "cnt": 112}, "GEOGRAFIE": {"medie": 8.02201286764706, "reusita": 97.09355131698456, "cnt": 1101}, "INFORMATICA SN C/C++": {"medie": 8.745161290322581, "reusita": 100.0, "cnt": 31}, "BIOLOGIE VEGETALA SI ANIMALA": {"medie": 6.5608899297423875, "reusita": 76.23318385650224, "cnt": 446}, "MATEMATICA TEHN": {"medie": 6.883333333333331, "reusita": 85.0635593220339, "cnt": 944}, "FILOSOFIE": {"medie": 7.702564102564102, "reusita": 92.5, "cnt": 40}, "LIMBA MAGHIARA (REAL)": {"medie": 8.000288184438043, "reusita": 99.13793103448276, "cnt": 348}, "LIMBA GERMANA": {"medie": 8.353508771929825, "reusita": 100.0, "cnt": 57}, "ECONOMIE": {"medie": 5.760000000000001, "reusita": 86.66666666666667, "cnt": 15}, "CHIMIE ORGANICA TEH NIVEL I/II": {"medie": 4.246153846153846, "reusita": 46.15384615384615, "cnt": 13}, "INFORMATICA MI PASCAL": {"medie": 6.3, "reusita": 100.0, "cnt": 1}, "LIMBA MAGHIARA (UMAN)": {"medie": 7.278571428571429, "reusita": 98.4126984126984, "cnt": 63}, "FIZICA TEH": {"medie": 6.843650793650795, "reusita": 75.38461538461539, "cnt": 65}, "CHIMIE ANORGANICA TEH NIVEL I/II": {"medie": 6.856249999999999, "reusita": 100.0, "cnt": 16}}, "nume": "Cluj"}