{"specializari": {"MATEMATICA-INFORMATICA": 701, "STIINTE ALE NATURII": 820, "STIINTE SOCIALE": 398, "COREGRAFIE": 14, "FILOLOGIE": 483, "TEHNICIAN IN ACTIVITATI DE POSTA": 26, "TEHNICIAN IN ACTIVITATI ECONOMICE": 255, "INVATATOR - EDUCATOARE": 84, "MUZICA": 22, "ARTE PLASTICE SI DECORATIVE": 34, "TEHNICIAN IN ACTIVITATI DE COMERT": 107, "TEHNICIAN OPERATOR TEHNICA DE CALCUL": 93, "ARHITECTURA, ARTE AMBIENTALE SI DESIGN": 24, "TEHNICIAN IN AUTOMATIZARI": 120, "LICEU CU PROGRAM SPORTIV": 197, "TEHNICIAN DE TELECOMUNICATII": 61, "ARTA ACTORULUI": 13, "TEHNICIAN ECOLOG SI PROTECTIA CALITATII MEDIULUI": 73, "ORGANIZATOR BANQUETING": 62, "TEHNICIAN IN ADMINISTRATIE": 60, "TEOLOGIE ORTODOXA": 28, "TEHNICIAN ANALIZE PRODUSE ALIMENTARE": 55, "TEHNICIAN IN TURISM": 189, "TEHNICIAN IN INSTALATII ELECTRICE": 198, "TEHNICIAN ELECTRONIST": 27, "TEHNICIAN IN GASTRONOMIE": 91, "TEHNICIAN CHIMIST DE LABORATOR": 32, "TEHNICIAN IN CHIMIE INDUSTRIALA": 27, "TEHNICIAN ELECTROTEHNIST": 31, "TEHNICIAN ELECTROMECANIC": 49, "TEHNICIAN TRANSPORTURI": 25, "TEHNICIAN IN AGRICULTURA": 26, "COAFOR STILIST": 71, "TEHNICIAN IN HOTELARIE": 13, "TEHNICIAN PROIECTANT CAD": 61, "TEHNICIAN IN PRELUCRAREA PRODUSELOR DE ORIGINE ANIMALA": 10, "TEHNICIAN IN INDUSTRIA ALIMENTARA": 18, "TEHNICIAN AGRONOM": 2, "TEOLOGIE MUSULMANA": 6, "TEHNICIAN VETERINAR": 14, "TEHNICIAN HIDRO-METEOROLOG": 2, "TEHNICIAN MECANIC PENTRU INTRETINERE SI REPARATII": 42, "TEHNICIAN HORTICULTOR": 1, "TEHNICIAN ELECTRICIAN/ELECTRONIST AUTO": 9, "TEHNICIAN ZOOTEHNIST": 2, "TEHNICIAN MECATRONIST": 38, "TEHNICIAN IN ACHIZITII SI CONTRACTARI": 2, "TEHNICIAN PRELUCRARI LA CALD": 2, "TEHNICIAN IN CONSTRUCTII SI LUCRARI PUBLICE": 4, "TEHNICIAN PRELUCRARI MECANICE": 1, "TEHNICIAN DESENATOR PENTRU CONSTRUCTII SI INSTALATII": 2, "TEHNICIAN IN INDUSTRIA TEXTILA": 2, "TEHNICIAN IN SILVICULTURA SI EXPLOATARI FORESTIERE": 1, "TEHNICIAN DESIGNER VESTIMENTAR": 1, "TEHNICIAN PROIECTANT PRODUSE FINITE DIN LEMN": 1}, "limba_moderna": {"LIMBA ENGLEZA": 4544, "LIMBA FRANCEZA": 135, "LIMBA GERMANA MODERNA": 41, "LIMBA ITALIANA": 5, "LIMBA SPANIOLA": 4, "LIMBA RUSA": 1}, "limba_materna": {"LIMBA ROMANA": 4724, "LIMBA TURCA": 6}, "promotie_anterioara": {"NU": 4136, "DA": 594}, "materii": {"LIMBA ROMANA": {"medie": 6.762383834017712, "reusita": 87.23044397463002, "cnt": 4730}, "MATEMATICA MATE-INFO": {"medie": 8.408524355300854, "reusita": 97.28958630527818, "cnt": 701}, "ANATOMIE SI FIZIOLOGIE UMANA, GENETICA SI ECOLOGIE UMANA": {"medie": 7.847005703422051, "reusita": 91.06302916274694, "cnt": 1063}, "GENERAL": {"medie": 7.037991495471612, "reusita": 67.99154334038055, "cnt": 4730}, "MATEMATICA ST-NAT": {"medie": 8.240024630541877, "reusita": 90.97560975609757, "cnt": 820}, "CHIMIE ORGANICA TEO NIVEL I/II": {"medie": 9.09083333333333, "reusita": 96.72131147540983, "cnt": 61}, "CHIMIE ANORGANICA TEO NIVEL I/II": {"medie": 8.1625, "reusita": 100.0, "cnt": 8}, "INFORMATICA MI C/C++": {"medie": 8.47025, "reusita": 98.00995024875621, "cnt": 201}, "ISTORIE": {"medie": 6.9992500000000035, "reusita": 85.47990155865463, "cnt": 1219}, "LOGICA, ARGUMENTARE SI COMUNICARE": {"medie": 7.693756449948403, "reusita": 86.93467336683418, "cnt": 995}, "MATEMATICA PED": {"medie": 7.3710843373494, "reusita": 86.90476190476191, "cnt": 84}, "FIZICA TEO": {"medie": 8.521311475409842, "reusita": 97.95081967213115, "cnt": 244}, "SOCIOLOGIE": {"medie": 6.87325581395349, "reusita": 76.74418604651163, "cnt": 43}, "PSIHOLOGIE": {"medie": 6.5110091743119325, "reusita": 78.0701754385965, "cnt": 114}, "GEOGRAFIE": {"medie": 7.345077720207259, "reusita": 88.27655310621243, "cnt": 998}, "INFORMATICA SN C/C++": {"medie": 8.417647058823531, "reusita": 100.0, "cnt": 34}, "BIOLOGIE VEGETALA SI ANIMALA": {"medie": 5.283632596685078, "reusita": 53.23834196891192, "cnt": 772}, "MATEMATICA TEHN": {"medie": 5.805671806167395, "reusita": 69.88457502623295, "cnt": 1906}, "FILOSOFIE": {"medie": 7.899999999999999, "reusita": 100.0, "cnt": 3}, "ECONOMIE": {"medie": 7.036538461538464, "reusita": 96.15384615384616, "cnt": 26}, "CHIMIE ORGANICA TEH NIVEL I/II": {"medie": 7.7749999999999995, "reusita": 85.71428571428571, "cnt": 7}, "FIZICA TEH": {"medie": 4.951470588235299, "reusita": 49.645390070921984, "cnt": 141}, "CHIMIE ANORGANICA TEH NIVEL I/II": {"medie": 5.726315789473683, "reusita": 75.0, "cnt": 20}, "LIMBA TURCA": {"medie": 5.45, "reusita": 66.66666666666666, "cnt": 6}}, "nume": "Constan\u021ba"}