{"specializari": {"STIINTE ALE NATURII": 254, "MATEMATICA-INFORMATICA": 139, "FILOLOGIE": 162, "STIINTE SOCIALE": 141, "INVATATOR - EDUCATOARE": 28, "ARTE PLASTICE SI DECORATIVE": 21, "TEHNICIAN IN ACTIVITATI ECONOMICE": 21, "ARTA ACTORULUI": 7, "TEHNICIAN ECOLOG SI PROTECTIA CALITATII MEDIULUI": 23, "TEOLOGIE REFORMATA": 65, "TEHNICIAN IN ADMINISTRATIE": 6, "TEOLOGIE ROMANO-CATOLICA": 27, "MUZICA": 22, "TEHNICIAN IN ACHIZITII SI CONTRACTARI": 16, "TEHNICIAN MECATRONIST": 22, "TEHNICIAN AGROMONTAN": 1, "TEHNICIAN IN SILVICULTURA SI EXPLOATARI FORESTIERE": 16, "TEHNICIAN IN AUTOMATIZARI": 11, "TEHNICIAN VETERINAR": 13, "TEHNICIAN PRELUCRARI PE MASINI CU COMANDA NUMERICA": 10, "TEHNICIAN OPERATOR TEHNICA DE CALCUL": 34, "COAFOR STILIST": 2, "TEHNICIAN IN TURISM": 18, "TEHNICIAN IN ACTIVITATI DE COMERT": 2, "TEHNICIAN IN GASTRONOMIE": 1, "TEHNICIAN IN INDUSTRIA ALIMENTARA": 1, "ORGANIZATOR BANQUETING": 2, "TEHNICIAN TRANSPORTURI": 5, "TEHNICIAN ELECTRONIST": 2, "TEHNICIAN IN CONSTRUCTII SI LUCRARI PUBLICE": 2, "TEHNICIAN ELECTRICIAN/ELECTRONIST AUTO": 1, "TEHNICIAN DESENATOR PENTRU CONSTRUCTII SI INSTALATII": 1}, "limba_moderna": {"LIMBA ENGLEZA": 995, "LIMBA FRANCEZA": 4, "LIMBA GERMANA MODERNA": 77}, "limba_materna": {"LIMBA ROMANA": 300, "LIMBA MAGHIARA": 776}, "promotie_anterioara": {"NU": 914, "DA": 162}, "materii": {"LIMBA ROMANA": {"medie": 5.987979420018715, "reusita": 76.95167286245353, "cnt": 1076}, "MATEMATICA MATE-INFO": {"medie": 8.28093525179856, "reusita": 98.56115107913669, "cnt": 139}, "ANATOMIE SI FIZIOLOGIE UMANA, GENETICA SI ECOLOGIE UMANA": {"medie": 8.677226027397257, "reusita": 99.31506849315068, "cnt": 292}, "GENERAL": {"medie": 7.2700393081760994, "reusita": 71.46840148698885, "cnt": 1076}, "MATEMATICA ST-NAT": {"medie": 8.69762845849802, "reusita": 98.03149606299213, "cnt": 254}, "CHIMIE ORGANICA TEO NIVEL I/II": {"medie": 8.858333333333336, "reusita": 100.0, "cnt": 12}, "CHIMIE ANORGANICA TEO NIVEL I/II": {"medie": 7.480000000000001, "reusita": 93.33333333333333, "cnt": 15}, "INFORMATICA MI C/C++": {"medie": 8.5859375, "reusita": 100.0, "cnt": 32}, "ISTORIE": {"medie": 7.255518018018018, "reusita": 97.52808988764045, "cnt": 445}, "LOGICA, ARGUMENTARE SI COMUNICARE": {"medie": 8.52767857142857, "reusita": 100.0, "cnt": 56}, "MATEMATICA PED": {"medie": 7.776785714285713, "reusita": 96.42857142857143, "cnt": 28}, "FIZICA TEO": {"medie": 8.327380952380953, "reusita": 95.23809523809523, "cnt": 42}, "SOCIOLOGIE": {"medie": 8.316666666666666, "reusita": 95.83333333333334, "cnt": 24}, "PSIHOLOGIE": {"medie": 7.766666666666667, "reusita": 100.0, "cnt": 6}, "GEOGRAFIE": {"medie": 7.678777777777779, "reusita": 96.68141592920354, "cnt": 452}, "INFORMATICA SN C/C++": {"medie": 9.23, "reusita": 100.0, "cnt": 5}, "BIOLOGIE VEGETALA SI ANIMALA": {"medie": 5.485096153846149, "reusita": 62.727272727272734, "cnt": 110}, "MATEMATICA TEHN": {"medie": 5.618536585365852, "reusita": 71.42857142857143, "cnt": 210}, "FILOSOFIE": {"medie": 7.325, "reusita": 100.0, "cnt": 2}, "LIMBA MAGHIARA (REAL)": {"medie": 7.919782214156074, "reusita": 98.73417721518987, "cnt": 553}, "ECONOMIE": {"medie": 6.1, "reusita": 100.0, "cnt": 1}, "CHIMIE ORGANICA TEH NIVEL I/II": {"medie": 7.65, "reusita": 100.0, "cnt": 2}, "LIMBA MAGHIARA (UMAN)": {"medie": 7.571973094170405, "reusita": 95.06726457399103, "cnt": 223}, "FIZICA TEH": {"medie": 6.2749999999999995, "reusita": 75.0, "cnt": 4}, "CHIMIE ANORGANICA TEH NIVEL I/II": {"medie": 5.204761904761905, "reusita": 66.66666666666666, "cnt": 21}}, "nume": "Covasna"}