{"specializari": {"MATEMATICA-INFORMATICA": 704, "FILOLOGIE": 572, "STIINTE ALE NATURII": 339, "ARTE PLASTICE SI DECORATIVE": 28, "STIINTE SOCIALE": 281, "INVATATOR - EDUCATOARE": 55, "TEOLOGIE ORTODOXA": 13, "TEHNICIAN IN ACTIVITATI ECONOMICE": 152, "ARHITECTURA, ARTE AMBIENTALE SI DESIGN": 27, "MUZICA": 23, "TEHNICIAN IN HOTELARIE": 33, "ORGANIZATOR BANQUETING": 27, "TEHNICIAN IN ACHIZITII SI CONTRACTARI": 38, "TEHNICIAN MECANIC PENTRU INTRETINERE SI REPARATII": 20, "TEHNICIAN IN ADMINISTRATIE": 24, "TEHNICIAN OPERATOR TEHNICA DE CALCUL": 78, "LICEU CU PROGRAM SPORTIV": 114, "TEHNICIAN OPERATOR PROCESARE TEXT IMAGINE": 39, "TEHNICIAN IN GASTRONOMIE": 44, "TEHNICIAN IN ACTIVITATI DE COMERT": 29, "TEHNICIAN ECOLOG SI PROTECTIA CALITATII MEDIULUI": 67, "TEHNICIAN AGROMONTAN": 1, "TEHNICIAN IN INSTALATII ELECTRICE": 34, "TEHNICIAN IN INDUSTRIA ALIMENTARA": 6, "TEHNICIAN ELECTROMECANIC": 29, "TEHNICIAN TRANSPORTURI": 14, "TEHNICIAN DESIGNER VESTIMENTAR": 6, "TEHNICIAN IN AGROTURISM": 1, "TEHNICIAN MECATRONIST": 35, "TEHNICIAN PROIECTANT CAD": 23, "TEHNICIAN ELECTRONIST": 1, "TEHNICIAN INSTALATOR PENTRU CONSTRUCTII": 5, "TEHNICIAN DESIGNER MOBILA SI AMENAJARI INTERIOARE": 5, "TEHNICIAN MULTIMEDIA": 1, "TEHNICIAN ELECTRICIAN/ELECTRONIST AUTO": 7, "TEHNICIAN IN AUTOMATIZARI": 1, "TEHNICIAN IN SILVICULTURA SI EXPLOATARI FORESTIERE": 2, "COAFOR STILIST": 7, "TEHNICIAN IN INDUSTRIA TEXTILA": 5, "TEHNICIAN HORTICULTOR": 2, "TEHNICIAN ANALIZE PRODUSE ALIMENTARE": 1, "TEHNICIAN DE TELECOMUNICATII": 2}, "limba_moderna": {"LIMBA ENGLEZA": 2685, "LIMBA FRANCEZA": 197, "LIMBA ITALIANA": 11, "LIMBA GERMANA MODERNA": 2}, "limba_materna": {"LIMBA ROMANA": 2895}, "promotie_anterioara": {"NU": 2502, "DA": 393}, "materii": {"LIMBA ROMANA": {"medie": 7.07272887323942, "reusita": 90.29360967184802, "cnt": 2895}, "MATEMATICA MATE-INFO": {"medie": 7.217836676217776, "reusita": 85.22727272727273, "cnt": 704}, "ANATOMIE SI FIZIOLOGIE UMANA, GENETICA SI ECOLOGIE UMANA": {"medie": 7.423917197452231, "reusita": 88.66459627329193, "cnt": 644}, "GENERAL": {"medie": 7.127282255149967, "reusita": 68.67012089810018, "cnt": 2895}, "MATEMATICA ST-NAT": {"medie": 5.843939393939388, "reusita": 65.48672566371681, "cnt": 339}, "CHIMIE ORGANICA TEO NIVEL I/II": {"medie": 9.112337662337664, "reusita": 100.0, "cnt": 77}, "CHIMIE ANORGANICA TEO NIVEL I/II": {"medie": 7.171428571428572, "reusita": 100.0, "cnt": 14}, "INFORMATICA MI C/C++": {"medie": 8.51261682242991, "reusita": 99.06542056074767, "cnt": 107}, "ISTORIE": {"medie": 7.37583412774073, "reusita": 92.91115311909263, "cnt": 1058}, "LOGICA, ARGUMENTARE SI COMUNICARE": {"medie": 8.044720496894408, "reusita": 93.25153374233128, "cnt": 163}, "MATEMATICA PED": {"medie": 8.740909090909092, "reusita": 100.0, "cnt": 55}, "FIZICA TEO": {"medie": 8.625438596491229, "reusita": 97.3913043478261, "cnt": 115}, "SOCIOLOGIE": {"medie": 6.829807692307693, "reusita": 87.03703703703704, "cnt": 54}, "PSIHOLOGIE": {"medie": 7.641549295774647, "reusita": 90.14084507042254, "cnt": 71}, "GEOGRAFIE": {"medie": 8.0488606485539, "reusita": 94.38687392055267, "cnt": 1158}, "INFORMATICA SN C/C++": {"medie": 9.3, "reusita": 100.0, "cnt": 1}, "BIOLOGIE VEGETALA SI ANIMALA": {"medie": 5.317786069651744, "reusita": 55.00000000000001, "cnt": 440}, "MATEMATICA TEHN": {"medie": 5.165524781341106, "reusita": 57.7807848443843, "cnt": 739}, "FILOSOFIE": {"medie": 7.950000000000001, "reusita": 100.0, "cnt": 7}, "ECONOMIE": {"medie": 8.121428571428572, "reusita": 100.0, "cnt": 14}, "CHIMIE ORGANICA TEH NIVEL I/II": {"medie": 3.75, "reusita": 50.0, "cnt": 2}, "FIZICA TEH": {"medie": 3.6184210526315796, "reusita": 33.33333333333333, "cnt": 21}, "CHIMIE ANORGANICA TEH NIVEL I/II": {"medie": 4.416666666666667, "reusita": 57.14285714285714, "cnt": 7}}, "nume": "D\u00e2mbovi\u021ba"}