{"specializari": {"FILOLOGIE": 759, "MATEMATICA-INFORMATICA": 826, "STIINTE ALE NATURII": 624, "STIINTE SOCIALE": 236, "INVATATOR - EDUCATOARE": 57, "LICEU CU PROGRAM SPORTIV": 200, "TEOLOGIE ADVENTISTA": 31, "MUZICA": 39, "ARHITECTURA, ARTE AMBIENTALE SI DESIGN": 29, "TEHNICIAN IN GASTRONOMIE": 19, "TEHNICIAN IN ACTIVITATI ECONOMICE": 166, "ARTE PLASTICE SI DECORATIVE": 33, "TEHNICIAN IN ACTIVITATI DE COMERT": 59, "TEOLOGIE ORTODOXA": 17, "TEHNICIAN ECOLOG SI PROTECTIA CALITATII MEDIULUI": 58, "TEHNICIAN IN TURISM": 99, "TEHNICIAN PROIECTANT CAD": 36, "TEHNICIAN IN ADMINISTRATIE": 60, "TEHNICIAN OPERATOR TEHNICA DE CALCUL": 72, "TEHNICIAN MECATRONIST": 76, "ORGANIZATOR BANQUETING": 24, "TEHNICIAN IN INDUSTRIA ALIMENTARA": 3, "TEHNICIAN ELECTROTEHNIST": 32, "COAFOR STILIST": 19, "TEHNICIAN ELECTRICIAN/ELECTRONIST AUTO": 58, "TEHNICIAN DE TELECOMUNICATII": 27, "TEHNICIAN HORTICULTOR": 9, "TEHNICIAN IN INSTALATII ELECTRICE": 36, "TEHNICIAN TRANSPORTURI": 40, "TEHNICIAN IN AUTOMATIZARI": 12, "TEHNICIAN ANALIZE PRODUSE ALIMENTARE": 16, "TEHNICIAN VETERINAR": 22, "TEHNICIAN DESENATOR PENTRU CONSTRUCTII SI INSTALATII": 11, "TEHNICIAN MECANIC PENTRU INTRETINERE SI REPARATII": 81, "TEHNICIAN IN AGRICULTURA": 15, "TEHNICIAN INSTALATII DE BORD (AVION)": 2, "TEHNICIAN IN AGRICULTURA ECOLOGICA": 5, "TEHNICIAN DESIGNER VESTIMENTAR": 7, "TEHNICIAN ELECTROMECANIC": 5, "TEHNICIAN AGRONOM": 4, "TEHNICIAN IN ACTIVITATI DE POSTA": 2, "TEHNICIAN HIDRO-METEOROLOG": 1, "TEHNICIAN OPERATORI ROBOTI INDUSTRIALI": 1, "TEHNICIAN PRELUCRARI PE MASINI CU COMANDA NUMERICA": 4, "TEHNICIAN OPERATOR TELEMATICA": 1, "TEHNICIAN IN HOTELARIE": 1, "TEHNICIAN IN CONSTRUCTII SI LUCRARI PUBLICE": 2, "TEHNICIAN IN SILVICULTURA SI EXPLOATARI FORESTIERE": 1, "TEHNICIAN PRELUCRARI MECANICE": 1}, "limba_moderna": {"LIMBA ENGLEZA": 3601, "LIMBA FRANCEZA": 272, "LIMBA GERMANA MODERNA": 32, "LIMBA SPANIOLA": 33}, "limba_materna": {"LIMBA ROMANA": 3938}, "promotie_anterioara": {"NU": 3419, "DA": 519}, "materii": {"LIMBA ROMANA": {"medie": 6.968167414840198, "reusita": 87.25241239207719, "cnt": 3938}, "MATEMATICA MATE-INFO": {"medie": 8.251164215686266, "reusita": 92.61501210653753, "cnt": 826}, "ANATOMIE SI FIZIOLOGIE UMANA, GENETICA SI ECOLOGIE UMANA": {"medie": 7.732777232580952, "reusita": 87.15509039010466, "cnt": 1051}, "GENERAL": {"medie": 7.280495004541308, "reusita": 70.2133062468258, "cnt": 3938}, "MATEMATICA ST-NAT": {"medie": 7.7252873563218465, "reusita": 87.82051282051282, "cnt": 624}, "CHIMIE ORGANICA TEO NIVEL I/II": {"medie": 9.249999999999998, "reusita": 100.0, "cnt": 22}, "CHIMIE ANORGANICA TEO NIVEL I/II": {"medie": 9.716666666666667, "reusita": 100.0, "cnt": 3}, "INFORMATICA MI C/C++": {"medie": 8.946862745098032, "reusita": 100.0, "cnt": 255}, "ISTORIE": {"medie": 7.565873015873028, "reusita": 92.93154761904762, "cnt": 1344}, "LOGICA, ARGUMENTARE SI COMUNICARE": {"medie": 7.9406928645294785, "reusita": 88.6178861788618, "cnt": 984}, "MATEMATICA PED": {"medie": 9.674561403508768, "reusita": 100.0, "cnt": 57}, "FIZICA TEO": {"medie": 8.917857142857143, "reusita": 98.4126984126984, "cnt": 126}, "SOCIOLOGIE": {"medie": 8.007499999999999, "reusita": 95.0, "cnt": 20}, "PSIHOLOGIE": {"medie": 8.293333333333335, "reusita": 100.0, "cnt": 15}, "GEOGRAFIE": {"medie": 7.640150564617313, "reusita": 88.53658536585365, "cnt": 820}, "INFORMATICA SN C/C++": {"medie": 8.945833333333335, "reusita": 100.0, "cnt": 12}, "BIOLOGIE VEGETALA SI ANIMALA": {"medie": 5.350418410041843, "reusita": 47.512864493996574, "cnt": 583}, "MATEMATICA TEHN": {"medie": 4.8139040348963995, "reusita": 50.873965041398336, "cnt": 1087}, "FILOSOFIE": {"medie": 9.8, "reusita": 100.0, "cnt": 1}, "ECONOMIE": {"medie": 7.044999999999999, "reusita": 100.0, "cnt": 10}, "CHIMIE ORGANICA TEH NIVEL I/II": {"medie": 3.991666666666667, "reusita": 8.333333333333332, "cnt": 12}, "FIZICA TEH": {"medie": 4.9575, "reusita": 41.66666666666667, "cnt": 24}}, "nume": "Dolj"}