{"specializari": {"STIINTE ALE NATURII": 471, "MATEMATICA-INFORMATICA": 645, "STIINTE SOCIALE": 205, "TEHNICIAN IN ACTIVITATI ECONOMICE": 184, "FILOLOGIE": 516, "INVATATOR - EDUCATOARE": 27, "TEHNICIAN IN GASTRONOMIE": 103, "COREGRAFIE": 6, "MUZICA": 21, "TEOLOGIE ORTODOXA": 19, "TEHNICIAN ELECTRICIAN/ELECTRONIST AUTO": 20, "ORGANIZATOR BANQUETING": 64, "TEHNICIAN IN ACTIVITATI DE COMERT": 67, "TEHNICIAN OPERATORI ROBOTI INDUSTRIALI": 21, "LICEU CU PROGRAM SPORTIV": 87, "ARHITECTURA, ARTE AMBIENTALE SI DESIGN": 8, "TEHNICIAN IN ADMINISTRATIE": 54, "TEHNICIAN ECOLOG SI PROTECTIA CALITATII MEDIULUI": 71, "ARTE PLASTICE SI DECORATIVE": 20, "TEHNICIAN IN AUTOMATIZARI": 38, "TEHNICIAN IN TURISM": 84, "TEHNICIAN ANALIZE PRODUSE ALIMENTARE": 45, "TEHNICIAN PENTRU TEHNICI ARTISTICE - PATRIMONIU": 11, "TEHNICIAN MULTIMEDIA": 19, "TEHNICIAN OPERATOR TEHNICA DE CALCUL": 35, "TEHNICIAN IN INSTALATII ELECTRICE": 21, "TEHNICIAN IN HOTELARIE": 10, "TEHNICIAN HORTICULTOR": 19, "TEHNICIAN DESIGNER VESTIMENTAR": 48, "TEHNICIAN IN AGRICULTURA ECOLOGICA": 16, "TEHNICIAN PROIECTANT CAD": 27, "TEHNICIAN VETERINAR": 22, "TEHNICIAN IN MORARIT, PANIFICATIE SI PRODUSE FAINOASE": 9, "TEHNICIAN IN ACHIZITII SI CONTRACTARI": 19, "TEHNICIAN MECANIC PENTRU INTRETINERE SI REPARATII": 21, "TEHNICIAN ELECTROTEHNIST": 7, "TEHNICIAN IN PRELUCRAREA PRODUSELOR DE ORIGINE ANIMALA": 10, "TEHNICIAN IN INDUSTRIA ALIMENTARA": 20, "TEHNICIAN TRANSPORTURI": 11, "TEHNICIAN DESENATOR PENTRU CONSTRUCTII SI INSTALATII": 12, "TEHNICIAN ELECTROMECANIC": 18, "TEHNICIAN IN IND. ALIM. FERMENTATIVA SI IN PREL. LEGUMELOR SI FRUCTELOR": 3, "COAFOR STILIST": 8, "TEHNICIAN MECATRONIST": 8, "TEHNICIAN IN AGRICULTURA": 2, "TEHNICIAN DESIGNER MOBILA SI AMENAJARI INTERIOARE": 2, "TEHNICIAN PRELUCRARI PE MASINI CU COMANDA NUMERICA": 2, "TEHNICIAN AGRONOM": 10, "TEHNICIAN IN INDUSTRIA TEXTILA": 10, "TEHNICIAN IN CONSTRUCTII SI LUCRARI PUBLICE": 3, "TEHNICIAN VETERINAR PENTRU ANIMALE DE COMPANIE": 1, "TEHNICIAN PRELUCRARI LA CALD": 1, "TEHNICIAN CONSTRUCTII NAVALE": 1}, "limba_moderna": {"LIMBA ENGLEZA": 3022, "LIMBA FRANCEZA": 159, "LIMBA GERMANA MODERNA": 1}, "limba_materna": {"LIMBA ROMANA": 3182}, "promotie_anterioara": {"NU": 2821, "DA": 361}, "materii": {"LIMBA ROMANA": {"medie": 7.253423137876369, "reusita": 94.56316781898178, "cnt": 3182}, "MATEMATICA MATE-INFO": {"medie": 8.451872074883003, "reusita": 97.36434108527132, "cnt": 645}, "ANATOMIE SI FIZIOLOGIE UMANA, GENETICA SI ECOLOGIE UMANA": {"medie": 8.074213406292758, "reusita": 95.37414965986395, "cnt": 735}, "GENERAL": {"medie": 7.640352574438331, "reusita": 81.2382149591452, "cnt": 3182}, "MATEMATICA ST-NAT": {"medie": 8.506170212765957, "reusita": 97.45222929936305, "cnt": 471}, "CHIMIE ORGANICA TEO NIVEL I/II": {"medie": 8.982777777777775, "reusita": 96.66666666666667, "cnt": 90}, "CHIMIE ANORGANICA TEO NIVEL I/II": {"medie": 9.085714285714285, "reusita": 100.0, "cnt": 7}, "INFORMATICA MI C/C++": {"medie": 8.588992537313432, "reusita": 98.13432835820896, "cnt": 268}, "ISTORIE": {"medie": 7.87960227272729, "reusita": 94.73684210526315, "cnt": 893}, "LOGICA, ARGUMENTARE SI COMUNICARE": {"medie": 8.315815217391311, "reusita": 93.34763948497854, "cnt": 932}, "MATEMATICA PED": {"medie": 9.590740740740742, "reusita": 100.0, "cnt": 27}, "FIZICA TEO": {"medie": 8.857738095238094, "reusita": 98.21428571428571, "cnt": 168}, "SOCIOLOGIE": {"medie": 8.907142857142857, "reusita": 100.0, "cnt": 14}, "PSIHOLOGIE": {"medie": 8.936842105263157, "reusita": 100.0, "cnt": 38}, "GEOGRAFIE": {"medie": 7.845900000000004, "reusita": 95.25691699604744, "cnt": 506}, "INFORMATICA SN C/C++": {"medie": 7.906818181818181, "reusita": 100.0, "cnt": 22}, "BIOLOGIE VEGETALA SI ANIMALA": {"medie": 5.69695817490494, "reusita": 63.92857142857142, "cnt": 280}, "MATEMATICA TEHN": {"medie": 6.4876454789615075, "reusita": 81.67539267015707, "cnt": 1146}, "FILOSOFIE": {"medie": 8.608333333333333, "reusita": 85.71428571428571, "cnt": 7}, "ECONOMIE": {"medie": 7.390625000000002, "reusita": 100.0, "cnt": 16}, "CHIMIE ORGANICA TEH NIVEL I/II": {"medie": 6.177272727272727, "reusita": 82.35294117647058, "cnt": 34}, "FIZICA TEH": {"medie": 4.948913043478261, "reusita": 54.347826086956516, "cnt": 46}, "CHIMIE ANORGANICA TEH NIVEL I/II": {"medie": 6.519444444444444, "reusita": 89.47368421052632, "cnt": 19}}, "nume": "Gala\u021bi"}