{"specializari": {"MATEMATICA-INFORMATICA": 124, "INVATATOR - EDUCATOARE": 28, "FILOLOGIE": 272, "TEHNICIAN IN ACTIVITATI ECONOMICE": 192, "STIINTE ALE NATURII": 87, "STIINTE SOCIALE": 223, "TEHNICIAN ECOLOG SI PROTECTIA CALITATII MEDIULUI": 12, "TEHNICIAN IN INSTALATII ELECTRICE": 11, "TEHNICIAN IN ACTIVITATI DE COMERT": 29, "TEOLOGIE ORTODOXA": 10, "TEHNICIAN MECATRONIST": 16, "TEHNICIAN IN SILVICULTURA SI EXPLOATARI FORESTIERE": 10, "TEHNICIAN IN ACHIZITII SI CONTRACTARI": 6, "TEHNICIAN OPERATOR TEHNICA DE CALCUL": 6, "TEHNICIAN ELECTROTEHNIST": 2, "TEHNICIAN IN GASTRONOMIE": 12, "TEHNICIAN IN INDUSTRIA TEXTILA": 12, "TEHNICIAN MECANIC PENTRU INTRETINERE SI REPARATII": 13, "TEHNICIAN IN TURISM": 13, "TEHNICIAN AGRONOM": 3, "TEHNICIAN TRANSPORTURI": 3, "TEHNICIAN IN INDUSTRIA ALIMENTARA": 1, "TEHNICIAN INSTALATOR PENTRU CONSTRUCTII": 1, "TEHNICIAN VETERINAR": 1, "TEHNICIAN IN AGRICULTURA": 5, "TEHNICIAN IN ADMINISTRATIE": 1, "TEHNICIAN IN CONSTRUCTII SI LUCRARI PUBLICE": 1}, "limba_moderna": {"LIMBA ENGLEZA": 1017, "LIMBA GERMANA MODERNA": 18, "LIMBA FRANCEZA": 59}, "limba_materna": {"LIMBA ROMANA": 1094}, "promotie_anterioara": {"NU": 884, "DA": 210}, "materii": {"LIMBA ROMANA": {"medie": 6.136607142857147, "reusita": 81.62705667276052, "cnt": 1094}, "MATEMATICA MATE-INFO": {"medie": 7.589024390243902, "reusita": 88.70967741935483, "cnt": 124}, "ANATOMIE SI FIZIOLOGIE UMANA, GENETICA SI ECOLOGIE UMANA": {"medie": 6.805769230769231, "reusita": 88.88888888888889, "cnt": 108}, "GENERAL": {"medie": 6.505348380765467, "reusita": 55.11882998171846, "cnt": 1094}, "MATEMATICA ST-NAT": {"medie": 6.00529411764706, "reusita": 72.41379310344827, "cnt": 87}, "CHIMIE ORGANICA TEO NIVEL I/II": {"medie": 8.633333333333333, "reusita": 100.0, "cnt": 12}, "INFORMATICA MI C/C++": {"medie": 6.777777777777778, "reusita": 88.88888888888889, "cnt": 9}, "ISTORIE": {"medie": 6.219918699186994, "reusita": 78.21782178217822, "cnt": 505}, "LOGICA, ARGUMENTARE SI COMUNICARE": {"medie": 7.655092592592594, "reusita": 90.9090909090909, "cnt": 110}, "MATEMATICA PED": {"medie": 6.9625, "reusita": 85.71428571428571, "cnt": 28}, "FIZICA TEO": {"medie": 8.288028169014087, "reusita": 94.36619718309859, "cnt": 71}, "SOCIOLOGIE": {"medie": 6.518589743589747, "reusita": 78.2051282051282, "cnt": 78}, "PSIHOLOGIE": {"medie": 8.288636363636364, "reusita": 100.0, "cnt": 22}, "GEOGRAFIE": {"medie": 7.268994413407827, "reusita": 84.13547237076648, "cnt": 561}, "BIOLOGIE VEGETALA SI ANIMALA": {"medie": 5.233720930232559, "reusita": 52.94117647058824, "cnt": 102}, "MATEMATICA TEHN": {"medie": 5.1041269841269825, "reusita": 55.14285714285714, "cnt": 350}, "FILOSOFIE": {"medie": 6.0, "reusita": 50.0, "cnt": 2}, "ECONOMIE": {"medie": 8.43846153846154, "reusita": 100.0, "cnt": 13}, "FIZICA TEH": {"medie": 5.38, "reusita": 33.33333333333333, "cnt": 6}}, "nume": "Giurgiu"}