{"specializari": {"FILOLOGIE": 495, "MATEMATICA-INFORMATICA": 501, "TEHNICIAN IN ACTIVITATI ECONOMICE": 127, "STIINTE ALE NATURII": 349, "INVATATOR - EDUCATOARE": 28, "LICEU CU PROGRAM SPORTIV": 100, "STIINTE SOCIALE": 96, "TEHNICIAN IN ADMINISTRATIE": 56, "TEHNICIAN ANALIZE PRODUSE ALIMENTARE": 42, "TEOLOGIE ORTODOXA": 26, "ARHITECTURA, ARTE AMBIENTALE SI DESIGN": 17, "TEHNICIAN ECOLOG SI PROTECTIA CALITATII MEDIULUI": 116, "TEHNICIAN IN HOTELARIE": 35, "TEHNICIAN IN ACTIVITATI DE COMERT": 31, "ARTA ACTORULUI": 39, "TEHNICIAN OPERATOR TEHNICA DE CALCUL": 65, "TEHNICIAN IN AUTOMATIZARI": 110, "ORGANIZATOR BANQUETING": 27, "MUZICA": 31, "TEHNICIAN MECATRONIST": 72, "TEHNICIAN IN TURISM": 75, "TEHNICIAN DESENATOR PENTRU CONSTRUCTII SI INSTALATII": 22, "ARTE PLASTICE SI DECORATIVE": 19, "TEHNICIAN ELECTROMECANIC": 97, "TEHNICIAN VETERINAR": 13, "PATRIMONIU CULTURAL": 28, "TEHNICIAN CHIMIST DE LABORATOR": 6, "TEHNICIAN DE TELECOMUNICATII": 6, "TEHNICIAN IN INDUSTRIA ALIMENTARA": 14, "TEHNICIAN MECANIC PENTRU INTRETINERE SI REPARATII": 144, "TEHNICIAN TRANSPORTURI": 37, "TEHNICIAN IN INSTALATII ELECTRICE": 67, "TEHNICIAN METROLOG": 2, "TEHNICIAN OPERATOR TELEMATICA": 3, "TEHNICIAN DESIGNER VESTIMENTAR": 2, "MUZICA BISERICEASCA": 4, "TEHNICIAN AGROMONTAN": 16, "TEHNICIAN ELECTROTEHNIST": 7, "TEHNICIAN INSTALATOR PENTRU CONSTRUCTII": 20, "TEHNICIAN ELECTRICIAN/ELECTRONIST AUTO": 6, "TEHNICIAN IN AGRICULTURA": 1, "TEHNICIAN PRELUCRARI MECANICE": 2, "TEHNICIAN IN INDUSTRIA TEXTILA": 4, "TEHNICIAN IN CHIMIE INDUSTRIALA": 1, "TEHNICIAN IN CONSTRUCTII SI LUCRARI PUBLICE": 2, "TEHNICIAN PROIECTANT CAD": 1}, "limba_moderna": {"LIMBA FRANCEZA": 205, "LIMBA ENGLEZA": 2755, "LIMBA GERMANA MODERNA": 2}, "limba_materna": {"LIMBA ROMANA": 2962}, "promotie_anterioara": {"NU": 2394, "DA": 568}, "materii": {"LIMBA ROMANA": {"medie": 6.448933939182093, "reusita": 80.62120189061444, "cnt": 2962}, "MATEMATICA MATE-INFO": {"medie": 7.557505070993914, "reusita": 88.22355289421158, "cnt": 501}, "ANATOMIE SI FIZIOLOGIE UMANA, GENETICA SI ECOLOGIE UMANA": {"medie": 7.3703030303030355, "reusita": 89.73214285714286, "cnt": 672}, "GENERAL": {"medie": 6.697515565134096, "reusita": 60.600945307224855, "cnt": 2962}, "MATEMATICA ST-NAT": {"medie": 6.452923976608189, "reusita": 71.63323782234957, "cnt": 349}, "CHIMIE ORGANICA TEO NIVEL I/II": {"medie": 9.046590909090906, "reusita": 100.0, "cnt": 44}, "CHIMIE ANORGANICA TEO NIVEL I/II": {"medie": 5.841666666666668, "reusita": 83.33333333333334, "cnt": 6}, "INFORMATICA MI C/C++": {"medie": 8.714285714285708, "reusita": 100.0, "cnt": 154}, "ISTORIE": {"medie": 6.966547619047619, "reusita": 88.88888888888889, "cnt": 855}, "LOGICA, ARGUMENTARE SI COMUNICARE": {"medie": 7.87536231884058, "reusita": 92.85714285714286, "cnt": 140}, "MATEMATICA PED": {"medie": 9.301785714285714, "reusita": 100.0, "cnt": 28}, "FIZICA TEO": {"medie": 8.36518987341772, "reusita": 97.46835443037975, "cnt": 79}, "SOCIOLOGIE": {"medie": 8.687931034482759, "reusita": 96.66666666666667, "cnt": 30}, "PSIHOLOGIE": {"medie": 6.669879518072291, "reusita": 81.17647058823529, "cnt": 85}, "GEOGRAFIE": {"medie": 8.08801916932908, "reusita": 93.16062176165804, "cnt": 965}, "INFORMATICA SN C/C++": {"medie": 7.875, "reusita": 100.0, "cnt": 2}, "BIOLOGIE VEGETALA SI ANIMALA": {"medie": 4.854492512479201, "reusita": 50.9009009009009, "cnt": 666}, "MATEMATICA TEHN": {"medie": 5.296375545851532, "reusita": 63.22213181448332, "cnt": 1229}, "FILOSOFIE": {"medie": 7.733333333333333, "reusita": 100.0, "cnt": 3}, "ECONOMIE": {"medie": 6.613636363636363, "reusita": 100.0, "cnt": 11}, "CHIMIE ORGANICA TEH NIVEL I/II": {"medie": 5.6, "reusita": 80.0, "cnt": 5}, "FIZICA TEH": {"medie": 4.218055555555556, "reusita": 38.82352941176471, "cnt": 85}, "CHIMIE ANORGANICA TEH NIVEL I/II": {"medie": 6.264285714285714, "reusita": 86.66666666666667, "cnt": 15}}, "nume": "Gorj"}