{"specializari": {"STIINTE ALE NATURII": 365, "MATEMATICA-INFORMATICA": 237, "STIINTE SOCIALE": 191, "FILOLOGIE": 207, "INVATATOR - EDUCATOARE": 70, "ARHITECTURA, ARTE AMBIENTALE SI DESIGN": 35, "MUZICA": 57, "TEOLOGIE REFORMATA": 32, "TEHNICIAN IN TURISM": 132, "ARTE PLASTICE SI DECORATIVE": 42, "TEOLOGIE ROMANO-CATOLICA": 76, "TEHNICIAN IN ACTIVITATI ECONOMICE": 118, "TEHNICIAN ANALIZE PRODUSE ALIMENTARE": 31, "ORGANIZATOR BANQUETING": 30, "TEHNICIAN IN ADMINISTRATIE": 28, "TEHNICIAN IN ACTIVITATI DE COMERT": 30, "TEHNICIAN TRANSPORTURI": 31, "TEHNICIAN VETERINAR": 33, "TEHNICIAN IN ACHIZITII SI CONTRACTARI": 12, "TEHNICIAN IN INDUSTRIA ALIMENTARA": 25, "TEHNICIAN ECOLOG SI PROTECTIA CALITATII MEDIULUI": 34, "TEHNICIAN OPERATOR PROCESARE TEXT IMAGINE": 25, "TEOLOGIE UNITARIANA": 20, "TEHNICIAN IN SILVICULTURA SI EXPLOATARI FORESTIERE": 49, "COAFOR STILIST": 19, "TEHNICIAN IN INSTALATII ELECTRICE": 4, "TEHNICIAN IN GASTRONOMIE": 2, "TEHNICIAN IN AGROTURISM": 5, "TEHNICIAN DESENATOR PENTRU CONSTRUCTII SI INSTALATII": 20, "TEHNICIAN MECANIC PENTRU INTRETINERE SI REPARATII": 12, "TEHNICIAN IN AUTOMATIZARI": 6, "TEHNICIAN MECATRONIST": 15, "TEHNICIAN IN CONSTRUCTII SI LUCRARI PUBLICE": 2, "LICEU CU PROGRAM SPORTIV": 14, "TEHNICIAN OPERATOR TEHNICA DE CALCUL": 7, "TEHNICIAN ELECTRICIAN/ELECTRONIST AUTO": 12, "TEHNICIAN DESIGNER MOBILA SI AMENAJARI INTERIOARE": 2, "TEHNICIAN PRELUCRARI PE MASINI CU COMANDA NUMERICA": 8, "TEHNICIAN CHIMIST DE LABORATOR": 3, "TEHNICIAN IN PRELUCRAREA LEMNULUI": 2, "TEHNICIAN IN INDUSTRIA TEXTILA": 1, "TEHNICIAN AGROMONTAN": 3, "TEHNICIAN ELECTROMECANIC": 1, "TEHNICIAN HIDRO-METEOROLOG": 1, "TEHNICIAN POLIGRAF": 1}, "limba_moderna": {"LIMBA ENGLEZA": 1949, "LIMBA GERMANA MODERNA": 75, "LIMBA FRANCEZA": 26}, "limba_materna": {"LIMBA ROMANA": 458, "LIMBA MAGHIARA": 1592}, "promotie_anterioara": {"NU": 1726, "DA": 324}, "materii": {"LIMBA ROMANA": {"medie": 5.502853598014899, "reusita": 68.53658536585367, "cnt": 2050}, "MATEMATICA MATE-INFO": {"medie": 8.006329113924048, "reusita": 97.46835443037975, "cnt": 237}, "ANATOMIE SI FIZIOLOGIE UMANA, GENETICA SI ECOLOGIE UMANA": {"medie": 8.549759615384623, "reusita": 95.27186761229315, "cnt": 423}, "GENERAL": {"medie": 6.962065580618208, "reusita": 62.09756097560975, "cnt": 2050}, "MATEMATICA ST-NAT": {"medie": 8.019696969696973, "reusita": 93.69863013698631, "cnt": 365}, "CHIMIE ORGANICA TEO NIVEL I/II": {"medie": 8.928571428571427, "reusita": 95.23809523809523, "cnt": 21}, "CHIMIE ANORGANICA TEO NIVEL I/II": {"medie": 8.304, "reusita": 96.0, "cnt": 25}, "INFORMATICA MI C/C++": {"medie": 8.555000000000001, "reusita": 97.77777777777777, "cnt": 90}, "ISTORIE": {"medie": 7.330178837555891, "reusita": 98.96142433234422, "cnt": 674}, "LOGICA, ARGUMENTARE SI COMUNICARE": {"medie": 8.765254237288135, "reusita": 100.0, "cnt": 59}, "MATEMATICA PED": {"medie": 7.447857142857143, "reusita": 90.0, "cnt": 70}, "FIZICA TEO": {"medie": 8.296666666666663, "reusita": 97.77777777777777, "cnt": 45}, "SOCIOLOGIE": {"medie": 6.483333333333337, "reusita": 79.16666666666666, "cnt": 48}, "PSIHOLOGIE": {"medie": 7.395833333333335, "reusita": 100.0, "cnt": 36}, "GEOGRAFIE": {"medie": 7.791657922350484, "reusita": 96.76746611053181, "cnt": 959}, "INFORMATICA SN C/C++": {"medie": 7.874999999999999, "reusita": 100.0, "cnt": 8}, "BIOLOGIE VEGETALA SI ANIMALA": {"medie": 6.016089965397922, "reusita": 74.09836065573771, "cnt": 305}, "MATEMATICA TEHN": {"medie": 6.068731563421831, "reusita": 75.71022727272727, "cnt": 704}, "FILOSOFIE": {"medie": 7.691666666666667, "reusita": 100.0, "cnt": 12}, "LIMBA MAGHIARA (REAL)": {"medie": 7.4133058470764714, "reusita": 96.94940476190477, "cnt": 1344}, "ECONOMIE": {"medie": 7.4, "reusita": 100.0, "cnt": 1}, "INFORMATICA MI PASCAL": {"medie": 8.95, "reusita": 100.0, "cnt": 7}, "LIMBA MAGHIARA (UMAN)": {"medie": 8.007459677419353, "reusita": 97.58064516129032, "cnt": 248}, "FIZICA TEH": {"medie": 5.683333333333334, "reusita": 100.0, "cnt": 6}, "CHIMIE ANORGANICA TEH NIVEL I/II": {"medie": 6.325, "reusita": 100.0, "cnt": 2}, "INFORMATICA SN PASCAL": {"medie": 8.65, "reusita": 100.0, "cnt": 3}}, "nume": "Harghita"}