{"specializari": {"INVATATOR - EDUCATOARE": 44, "FILOLOGIE": 420, "MATEMATICA-INFORMATICA": 408, "STIINTE ALE NATURII": 440, "STIINTE SOCIALE": 119, "MUZICA": 25, "TEHNICIAN IN TURISM": 221, "TEOLOGIE ORTODOXA": 9, "EDUCATOR-PUERICULTOR": 13, "LICEU CU PROGRAM SPORTIV": 77, "ARTE PLASTICE SI DECORATIVE": 28, "ARHITECTURA, ARTE AMBIENTALE SI DESIGN": 32, "TEHNICIAN IN ACTIVITATI ECONOMICE": 122, "TEHNICIAN DE TELECOMUNICATII": 26, "TEHNICIAN TRANSPORTURI": 57, "TEHNICIAN ECOLOG SI PROTECTIA CALITATII MEDIULUI": 26, "TEHNICIAN MECANIC PENTRU INTRETINERE SI REPARATII": 25, "TEHNICIAN PROIECTANT CAD": 34, "TEHNICIAN MULTIMEDIA": 23, "TEHNICIAN MECATRONIST": 17, "TEHNICIAN IN GASTRONOMIE": 19, "ORGANIZATOR BANQUETING": 8, "TEHNICIAN IN ACTIVITATI DE COMERT": 49, "TEHNICIAN IN INSTALATII ELECTRICE": 21, "TEHNICIAN IN ACHIZITII SI CONTRACTARI": 7, "TEHNICIAN ELECTRICIAN/ELECTRONIST AUTO": 7, "TEHNICIAN OPERATOR TEHNICA DE CALCUL": 6, "TEHNICIAN OPERATOR PROCESARE TEXT IMAGINE": 1, "TEHNICIAN ELECTROTEHNIST": 4, "COAFOR STILIST": 6, "TEHNICIAN ELECTROMECANIC": 23, "TEHNICIAN IN AGROTURISM": 2, "TEHNICIAN IN INDUSTRIA ALIMENTARA": 3, "TEHNICIAN PROIECTANT PRODUSE FINITE DIN LEMN": 5, "TEHNICIAN IN AUTOMATIZARI": 9, "TEHNICIAN DESENATOR PENTRU CONSTRUCTII SI INSTALATII": 4, "TEHNICIAN IN PRELUCRAREA LEMNULUI": 1, "TEHNICIAN IN AGRICULTURA": 1, "TEHNICIAN PRELUCRARI MECANICE": 6, "TEHNICIAN IN SILVICULTURA SI EXPLOATARI FORESTIERE": 3, "TEHNICIAN IN CONSTRUCTII SI LUCRARI PUBLICE": 1, "TEHNICIAN IN INDUSTRIA TEXTILA": 1, "TEHNICIAN IN CHIMIE INDUSTRIALA": 1, "TEHNICIAN IN HOTELARIE": 1}, "limba_moderna": {"LIMBA ENGLEZA": 2280, "LIMBA GERMANA MODERNA": 4, "LIMBA FRANCEZA": 55, "LIMBA ITALIANA": 16}, "limba_materna": {"LIMBA ROMANA": 2314, "LIMBA GERMANA": 12, "LIMBA MAGHIARA": 29}, "promotie_anterioara": {"NU": 2048, "DA": 307}, "materii": {"LIMBA ROMANA": {"medie": 6.82904761904762, "reusita": 88.23779193205945, "cnt": 2355}, "MATEMATICA MATE-INFO": {"medie": 8.00540540540541, "reusita": 96.07843137254902, "cnt": 408}, "ANATOMIE SI FIZIOLOGIE UMANA, GENETICA SI ECOLOGIE UMANA": {"medie": 8.089688644688643, "reusita": 93.53680430879713, "cnt": 557}, "GENERAL": {"medie": 7.1183186101295615, "reusita": 71.04033970276008, "cnt": 2355}, "MATEMATICA ST-NAT": {"medie": 7.265277777777785, "reusita": 83.86363636363636, "cnt": 440}, "CHIMIE ORGANICA TEO NIVEL I/II": {"medie": 9.090425531914894, "reusita": 100.0, "cnt": 47}, "CHIMIE ANORGANICA TEO NIVEL I/II": {"medie": 7.9192307692307695, "reusita": 100.0, "cnt": 13}, "INFORMATICA MI C/C++": {"medie": 8.545070422535215, "reusita": 98.59154929577466, "cnt": 142}, "ISTORIE": {"medie": 7.160957004160892, "reusita": 93.63762102351313, "cnt": 723}, "LOGICA, ARGUMENTARE SI COMUNICARE": {"medie": 7.517063492063494, "reusita": 85.27131782945736, "cnt": 129}, "MATEMATICA PED": {"medie": 9.462499999999999, "reusita": 100.0, "cnt": 44}, "FIZICA TEO": {"medie": 8.540816326530612, "reusita": 95.91836734693877, "cnt": 49}, "SOCIOLOGIE": {"medie": 8.467361111111108, "reusita": 97.22222222222221, "cnt": 72}, "PSIHOLOGIE": {"medie": 8.151785714285714, "reusita": 98.24561403508771, "cnt": 57}, "GEOGRAFIE": {"medie": 7.7166305525460475, "reusita": 93.69658119658119, "cnt": 936}, "INFORMATICA SN C/C++": {"medie": 6.8125, "reusita": 100.0, "cnt": 4}, "BIOLOGIE VEGETALA SI ANIMALA": {"medie": 5.262410071942441, "reusita": 52.5974025974026, "cnt": 308}, "MATEMATICA TEHN": {"medie": 5.360522496371556, "reusita": 61.75675675675676, "cnt": 740}, "FILOSOFIE": {"medie": 8.933333333333332, "reusita": 100.0, "cnt": 3}, "LIMBA MAGHIARA (REAL)": {"medie": 6.229310344827587, "reusita": 86.20689655172413, "cnt": 29}, "LIMBA GERMANA": {"medie": 8.1, "reusita": 100.0, "cnt": 12}, "ECONOMIE": {"medie": 7.533333333333334, "reusita": 100.0, "cnt": 3}, "CHIMIE ORGANICA TEH NIVEL I/II": {"medie": 8.7, "reusita": 100.0, "cnt": 1}, "FIZICA TEH": {"medie": 5.25, "reusita": 50.0, "cnt": 14}, "CHIMIE ANORGANICA TEH NIVEL I/II": {"medie": 4.702499999999999, "reusita": 50.0, "cnt": 20}}, "nume": "Hunedoara"}