{"specializari": {"STIINTE ALE NATURII": 259, "MATEMATICA-INFORMATICA": 352, "INVATATOR - EDUCATOARE": 53, "FILOLOGIE": 219, "STIINTE SOCIALE": 119, "MUZICA": 14, "TEOLOGIE ORTODOXA": 15, "TEHNICIAN IN ACTIVITATI ECONOMICE": 138, "ARTE PLASTICE SI DECORATIVE": 44, "TEHNICIAN DESENATOR PENTRU CONSTRUCTII SI INSTALATII": 24, "TEHNICIAN IN TURISM": 23, "TEHNICIAN IN GASTRONOMIE": 38, "TEHNICIAN IN ACHIZITII SI CONTRACTARI": 21, "TEHNICIAN OPERATOR TEHNICA DE CALCUL": 42, "TEHNICIAN MECATRONIST": 53, "TEHNICIAN ELECTROMECANIC": 10, "TEHNICIAN MECANIC PENTRU INTRETINERE SI REPARATII": 16, "TEHNICIAN ANALIZE PRODUSE ALIMENTARE": 2, "TEHNICIAN IN INSTALATII ELECTRICE": 5, "TEHNICIAN CHIMIST DE LABORATOR": 2, "TEHNICIAN VETERINAR": 2, "LICEU CU PROGRAM SPORTIV": 1, "TEHNICIAN IN INDUSTRIA ALIMENTARA": 19, "EDUCATOR-PUERICULTOR": 1, "TEHNICIAN ECOLOG SI PROTECTIA CALITATII MEDIULUI": 3, "TEHNICIAN IN INDUSTRIA ALIMENTARA EXTRACTIVA": 12, "TEHNICIAN DESIGNER VESTIMENTAR": 19, "COAFOR STILIST": 10, "TEHNICIAN TRANSPORTURI": 17, "TEHNICIAN PROIECTANT CAD": 14, "TEHNICIAN IN AGRICULTURA": 1}, "limba_moderna": {"LIMBA ENGLEZA": 1481, "LIMBA FRANCEZA": 67}, "limba_materna": {"LIMBA ROMANA": 1548}, "promotie_anterioara": {"NU": 1361, "DA": 187}, "materii": {"LIMBA ROMANA": {"medie": 6.516485013623984, "reusita": 81.26614987080103, "cnt": 1548}, "MATEMATICA MATE-INFO": {"medie": 7.965229885057472, "reusita": 92.32954545454545, "cnt": 352}, "ANATOMIE SI FIZIOLOGIE UMANA, GENETICA SI ECOLOGIE UMANA": {"medie": 7.5667061611374375, "reusita": 82.08955223880598, "cnt": 469}, "GENERAL": {"medie": 6.81626647834275, "reusita": 60.46511627906976, "cnt": 1548}, "MATEMATICA ST-NAT": {"medie": 6.344266055045872, "reusita": 62.54826254826254, "cnt": 259}, "CHIMIE ORGANICA TEO NIVEL I/II": {"medie": 9.408333333333337, "reusita": 100.0, "cnt": 18}, "CHIMIE ANORGANICA TEO NIVEL I/II": {"medie": 9.8, "reusita": 100.0, "cnt": 1}, "INFORMATICA MI C/C++": {"medie": 8.54491525423729, "reusita": 98.30508474576271, "cnt": 59}, "ISTORIE": {"medie": 7.31524390243902, "reusita": 91.52542372881356, "cnt": 413}, "LOGICA, ARGUMENTARE SI COMUNICARE": {"medie": 7.821938775510209, "reusita": 89.56228956228956, "cnt": 297}, "MATEMATICA PED": {"medie": 8.27641509433962, "reusita": 100.0, "cnt": 53}, "FIZICA TEO": {"medie": 8.414457831325302, "reusita": 97.59036144578313, "cnt": 83}, "SOCIOLOGIE": {"medie": 7.914285714285713, "reusita": 100.0, "cnt": 7}, "PSIHOLOGIE": {"medie": 8.301041666666665, "reusita": 97.91666666666666, "cnt": 48}, "GEOGRAFIE": {"medie": 7.3307453416149135, "reusita": 85.8433734939759, "cnt": 332}, "INFORMATICA SN C/C++": {"medie": 9.35, "reusita": 100.0, "cnt": 1}, "BIOLOGIE VEGETALA SI ANIMALA": {"medie": 3.9280000000000044, "reusita": 27.77777777777778, "cnt": 198}, "MATEMATICA TEHN": {"medie": 4.360880195599021, "reusita": 42.038216560509554, "cnt": 471}, "FILOSOFIE": {"medie": 9.0, "reusita": 100.0, "cnt": 2}, "ECONOMIE": {"medie": 7.555, "reusita": 100.0, "cnt": 10}, "CHIMIE ORGANICA TEH NIVEL I/II": {"medie": 3.0, "reusita": 0.0, "cnt": 1}, "INFORMATICA MI PASCAL": {"medie": 5.862500000000001, "reusita": 75.0, "cnt": 4}, "FIZICA TEH": {"medie": 5.4, "reusita": 50.0, "cnt": 4}, "CHIMIE ANORGANICA TEH NIVEL I/II": {"medie": 2.1, "reusita": 0.0, "cnt": 14}}, "nume": "Ialomi\u021ba"}