{"specializari": {"MATEMATICA-INFORMATICA": 838, "FILOLOGIE": 651, "STIINTE ALE NATURII": 710, "INVATATOR - EDUCATOARE": 91, "TEHNICIAN OPERATOR TEHNICA DE CALCUL": 141, "STIINTE SOCIALE": 338, "MUZICA": 55, "TEHNICIAN IN TURISM": 80, "TEHNICIAN IN ACTIVITATI ECONOMICE": 565, "EDUCATOR-PUERICULTOR": 28, "ARHITECTURA, ARTE AMBIENTALE SI DESIGN": 63, "TEOLOGIE ROMANO-CATOLICA": 25, "TEHNICIAN INSTALATII DE BORD (AVION)": 6, "ORGANIZATOR BANQUETING": 106, "COREGRAFIE": 14, "TEHNICIAN IN ACTIVITATI DE COMERT": 109, "ARTE PLASTICE SI DECORATIVE": 59, "TEOLOGIE ORTODOXA": 59, "LICEU CU PROGRAM SPORTIV": 120, "TEHNICIAN DE TELECOMUNICATII": 11, "TEHNICIAN IN ACHIZITII SI CONTRACTARI": 48, "TEHNICIAN IN GASTRONOMIE": 70, "TEHNICIAN ECOLOG SI PROTECTIA CALITATII MEDIULUI": 81, "TEHNICIAN IN ADMINISTRATIE": 65, "ARTA ACTORULUI": 15, "TEHNICIAN ANALIZE PRODUSE ALIMENTARE": 51, "TEHNICIAN PROIECTANT CAD": 47, "PATRIMONIU CULTURAL": 31, "TEHNICIAN IN INDUSTRIA ALIMENTARA": 20, "TEHNICIAN ELECTRICIAN/ELECTRONIST AUTO": 31, "TEHNICIAN IN MORARIT, PANIFICATIE SI PRODUSE FAINOASE": 14, "TEHNICIAN TRANSPORTURI": 10, "TEHNICIAN DESIGNER VESTIMENTAR": 25, "TEHNICIAN DESENATOR PENTRU CONSTRUCTII SI INSTALATII": 88, "TEHNICIAN MECATRONIST": 33, "COAFOR STILIST": 55, "TEHNICIAN OPERATOR PROCESARE TEXT IMAGINE": 29, "TEHNICIAN IN HOTELARIE": 16, "TEHNICIAN ELECTROMECANIC": 25, "TEHNICIAN CHIMIST DE LABORATOR": 13, "TEHNICIAN PRELUCRARI PE MASINI CU COMANDA NUMERICA": 7, "TEHNICIAN AVIATIE": 7, "TEHNICIAN VETERINAR": 32, "TEHNICIAN HIDRO-METEOROLOG": 19, "TEHNICIAN MECANIC PENTRU INTRETINERE SI REPARATII": 26, "TEHNICIAN ELECTROTEHNIST": 11, "TEHNICIAN DESIGNER MOBILA SI AMENAJARI INTERIOARE": 28, "TEHNICIAN PRELUCRARI MECANICE": 14, "TEHNICIAN INSTALATOR PENTRU CONSTRUCTII": 5, "TEHNICIAN IN AGRICULTURA ECOLOGICA": 16, "TEHNICIAN IN INSTALATII ELECTRICE": 31, "TEHNICIAN IN AGRICULTURA": 11, "TEHNICIAN IN CONSTRUCTII SI LUCRARI PUBLICE": 4, "TEHNICIAN ZOOTEHNIST": 1, "TEHNICIAN MULTIMEDIA": 7, "TEHNICIAN IN CHIMIE INDUSTRIALA": 2, "TEHNICIAN IN INDUSTRIA TEXTILA": 4, "TEHNICIAN HORTICULTOR": 2, "TEHNICIAN IN AUTOMATIZARI": 5, "TEHNICIAN METROLOG": 4, "TEHNICIAN IN PRELUCRAREA LEMNULUI": 3, "TEHNICIAN POLIGRAF": 2}, "limba_moderna": {"LIMBA ENGLEZA": 4610, "LIMBA GERMANA MODERNA": 46, "LIMBA FRANCEZA": 350, "LIMBA RUSA": 59, "LIMBA ITALIANA": 7, "LIMBA SPANIOLA": 5}, "limba_materna": {"LIMBA ROMANA": 5077}, "promotie_anterioara": {"NU": 4643, "DA": 434}, "materii": {"LIMBA ROMANA": {"medie": 7.3133598409542575, "reusita": 94.4652353752216, "cnt": 5077}, "MATEMATICA MATE-INFO": {"medie": 8.793421052631562, "reusita": 97.25536992840095, "cnt": 838}, "ANATOMIE SI FIZIOLOGIE UMANA, GENETICA SI ECOLOGIE UMANA": {"medie": 8.261583577712617, "reusita": 95.08670520231213, "cnt": 1038}, "GENERAL": {"medie": 7.68281334413828, "reusita": 80.85483553279495, "cnt": 5077}, "MATEMATICA ST-NAT": {"medie": 8.370256776034234, "reusita": 92.67605633802816, "cnt": 710}, "CHIMIE ORGANICA TEO NIVEL I/II": {"medie": 9.459285714285716, "reusita": 100.0, "cnt": 70}, "CHIMIE ANORGANICA TEO NIVEL I/II": {"medie": 7.625454545454547, "reusita": 85.96491228070175, "cnt": 57}, "INFORMATICA MI C/C++": {"medie": 8.981621621621617, "reusita": 99.45945945945947, "cnt": 370}, "ISTORIE": {"medie": 7.715432525951554, "reusita": 93.75857338820302, "cnt": 1458}, "LOGICA, ARGUMENTARE SI COMUNICARE": {"medie": 8.598562500000007, "reusita": 97.3913043478261, "cnt": 805}, "MATEMATICA PED": {"medie": 8.818888888888889, "reusita": 96.7032967032967, "cnt": 91}, "FIZICA TEO": {"medie": 8.573129251700678, "reusita": 95.91836734693877, "cnt": 147}, "SOCIOLOGIE": {"medie": 8.74571428571428, "reusita": 100.0, "cnt": 35}, "PSIHOLOGIE": {"medie": 7.371999999999999, "reusita": 96.0, "cnt": 50}, "GEOGRAFIE": {"medie": 8.090184757505769, "reusita": 94.58380843785633, "cnt": 1754}, "INFORMATICA SN C/C++": {"medie": 8.640909090909092, "reusita": 100.0, "cnt": 44}, "BIOLOGIE VEGETALA SI ANIMALA": {"medie": 5.625365344467642, "reusita": 64.83300589390963, "cnt": 509}, "MATEMATICA TEHN": {"medie": 6.835901467505237, "reusita": 82.67676767676768, "cnt": 1980}, "FILOSOFIE": {"medie": 6.954545454545454, "reusita": 100.0, "cnt": 11}, "ECONOMIE": {"medie": 7.928571428571429, "reusita": 87.5, "cnt": 8}, "CHIMIE ORGANICA TEH NIVEL I/II": {"medie": 5.711538461538461, "reusita": 53.84615384615385, "cnt": 13}, "FIZICA TEH": {"medie": 5.222527472527472, "reusita": 57.291666666666664, "cnt": 96}, "CHIMIE ANORGANICA TEH NIVEL I/II": {"medie": 5.778985507246377, "reusita": 74.28571428571429, "cnt": 70}}, "nume": "Ia\u0219i"}