{"specializari": {"FILOLOGIE": 298, "MATEMATICA-INFORMATICA": 94, "STIINTE ALE NATURII": 164, "STIINTE SOCIALE": 48, "TEHNICIAN IN TURISM": 36, "INVATATOR - EDUCATOARE": 16, "TEHNICIAN IN ACTIVITATI ECONOMICE": 86, "TEHNICIAN OPERATOR TEHNICA DE CALCUL": 11, "TEHNICIAN VETERINAR": 46, "TEHNICIAN IN GASTRONOMIE": 28, "TEHNICIAN PENTRU TEHNICI ARTISTICE - PATRIMONIU": 28, "LICEU CU PROGRAM SPORTIV": 110, "TEHNICIAN IN AGROTURISM": 13, "TEHNICIAN IN SILVICULTURA SI EXPLOATARI FORESTIERE": 19, "TEHNICIAN MECANIC PENTRU INTRETINERE SI REPARATII": 22, "TEHNICIAN IN AGRICULTURA ECOLOGICA": 5, "TEHNICIAN IN AGRICULTURA": 5, "TEHNICIAN ELECTROTEHNIST": 13, "TEHNICIAN TRANSPORTURI": 7, "TEHNICIAN IN CONSTRUCTII SI LUCRARI PUBLICE": 7, "TEHNICIAN INSTALATOR PENTRU CONSTRUCTII": 3, "TEHNICIAN DESENATOR PENTRU CONSTRUCTII SI INSTALATII": 12, "TEHNICIAN IN HOTELARIE": 1, "TEHNICIAN IN INSTALATII ELECTRICE": 6, "TEHNICIAN IN ACTIVITATI DE COMERT": 4, "TEHNICIAN ECOLOG SI PROTECTIA CALITATII MEDIULUI": 1, "TEHNICIAN AGRONOM": 3, "TEHNICIAN IN INDUSTRIA ALIMENTARA": 1, "TEHNICIAN ELECTRICIAN/ELECTRONIST AUTO": 1}, "limba_moderna": {"LIMBA ENGLEZA": 1062, "LIMBA FRANCEZA": 14, "LIMBA SPANIOLA": 11, "LIMBA GERMANA MODERNA": 1}, "limba_materna": {"LIMBA ROMANA": 1083, "LIMBA GERMANA": 5}, "promotie_anterioara": {"NU": 842, "DA": 246}, "materii": {"LIMBA ROMANA": {"medie": 5.604395085066171, "reusita": 72.79411764705883, "cnt": 1088}, "MATEMATICA MATE-INFO": {"medie": 6.759782608695652, "reusita": 82.97872340425532, "cnt": 94}, "ANATOMIE SI FIZIOLOGIE UMANA, GENETICA SI ECOLOGIE UMANA": {"medie": 6.945628415300548, "reusita": 86.17021276595744, "cnt": 188}, "GENERAL": {"medie": 6.030602310231041, "reusita": 47.97794117647059, "cnt": 1088}, "MATEMATICA ST-NAT": {"medie": 5.337241379310347, "reusita": 60.97560975609756, "cnt": 164}, "CHIMIE ORGANICA TEO NIVEL I/II": {"medie": 7.762499999999999, "reusita": 100.0, "cnt": 4}, "CHIMIE ANORGANICA TEO NIVEL I/II": {"medie": 6.677272727272728, "reusita": 90.9090909090909, "cnt": 11}, "INFORMATICA MI C/C++": {"medie": 8.250000000000002, "reusita": 100.0, "cnt": 7}, "ISTORIE": {"medie": 6.025473684210521, "reusita": 75.20661157024794, "cnt": 484}, "LOGICA, ARGUMENTARE SI COMUNICARE": {"medie": 7.059210526315788, "reusita": 68.29268292682927, "cnt": 41}, "MATEMATICA PED": {"medie": 7.293749999999999, "reusita": 93.75, "cnt": 16}, "FIZICA TEO": {"medie": 7.550000000000001, "reusita": 92.3076923076923, "cnt": 13}, "SOCIOLOGIE": {"medie": 6.893529411764705, "reusita": 84.88372093023256, "cnt": 86}, "PSIHOLOGIE": {"medie": 6.934210526315789, "reusita": 89.47368421052632, "cnt": 19}, "GEOGRAFIE": {"medie": 7.099897750511248, "reusita": 87.5751503006012, "cnt": 499}, "BIOLOGIE VEGETALA SI ANIMALA": {"medie": 4.936052631578948, "reusita": 47.82608695652174, "cnt": 207}, "MATEMATICA TEHN": {"medie": 4.8384488448844865, "reusita": 55.757575757575765, "cnt": 330}, "FILOSOFIE": {"medie": 5.278571428571428, "reusita": 57.14285714285714, "cnt": 7}, "LIMBA GERMANA": {"medie": 9.530000000000001, "reusita": 100.0, "cnt": 5}, "ECONOMIE": {"medie": 6.7, "reusita": 100.0, "cnt": 3}, "CHIMIE ORGANICA TEH NIVEL I/II": {"medie": 3.6, "reusita": 0.0, "cnt": 1}, "FIZICA TEH": {"medie": 5.875, "reusita": 50.0, "cnt": 2}}, "nume": "Ilfov"}