{"specializari": {"MATEMATICA-INFORMATICA": 500, "STIINTE ALE NATURII": 474, "FILOLOGIE": 561, "STIINTE SOCIALE": 273, "TEHNICIAN IN ACTIVITATI ECONOMICE": 244, "MUZICA": 28, "INVATATOR - EDUCATOARE": 74, "LICEU CU PROGRAM SPORTIV": 130, "TEHNICIAN IN AUTOMATIZARI": 50, "ARTE PLASTICE SI DECORATIVE": 30, "EDUCATOR-PUERICULTOR": 24, "TEOLOGIE ORTODOXA": 38, "ARHITECTURA, ARTE AMBIENTALE SI DESIGN": 25, "TEHNICIAN IN GASTRONOMIE": 32, "TEHNICIAN IN TURISM": 135, "ORGANIZATOR BANQUETING": 20, "TEHNICIAN IN ADMINISTRATIE": 54, "TEOLOGIE PENTICOSTALA": 20, "TEHNICIAN ANALIZE PRODUSE ALIMENTARE": 25, "TEHNICIAN ELECTROTEHNIST": 5, "TEHNICIAN OPERATOR TEHNICA DE CALCUL": 91, "TEHNICIAN DESIGNER VESTIMENTAR": 67, "TEHNICIAN DESENATOR PENTRU CONSTRUCTII SI INSTALATII": 13, "TEHNICIAN ECOLOG SI PROTECTIA CALITATII MEDIULUI": 63, "TEHNICIAN MECATRONIST": 60, "TEHNICIAN ELECTRONIST": 17, "TEHNICIAN DE TELECOMUNICATII": 27, "TEHNICIAN MECANIC PENTRU INTRETINERE SI REPARATII": 26, "TEHNICIAN ELECTRICIAN/ELECTRONIST AUTO": 12, "TEHNICIAN ELECTROMECANIC": 9, "TEHNICIAN IN INDUSTRIA TEXTILA": 4, "TEHNICIAN CHIMIST DE LABORATOR": 2, "TEHNICIAN IN INSTALATII ELECTRICE": 11, "TEHNICIAN IN SILVICULTURA SI EXPLOATARI FORESTIERE": 20, "TEHNICIAN TRANSPORTURI": 22, "TEHNICIAN IN PRELUCRAREA LEMNULUI": 3, "TEHNICIAN IN ACTIVITATI DE COMERT": 14, "TEHNICIAN METROLOG": 1, "TEHNICIAN PRELUCRARI PE MASINI CU COMANDA NUMERICA": 5, "TEHNICIAN IN HOTELARIE": 2, "TEHNICIAN AGRONOM": 4, "TEHNICIAN DESIGNER MOBILA SI AMENAJARI INTERIOARE": 18, "TEHNICIAN HORTICULTOR": 1, "TEHNICIAN VETERINAR": 3, "TEHNICIAN POLIGRAF": 1, "INSTRUCTOR PENTRU ACTIVITATI EXTRASCOLARE": 1, "TEHNICIAN IN CONSTRUCTII SI LUCRARI PUBLICE": 1, "COAFOR STILIST": 1}, "limba_moderna": {"LIMBA ENGLEZA": 2974, "LIMBA FRANCEZA": 202, "LIMBA GERMANA MODERNA": 26, "LIMBA SPANIOLA": 17, "LIMBA ITALIANA": 5, "LIMBA RUSA": 17}, "limba_materna": {"LIMBA ROMANA": 3165, "LIMBA MAGHIARA": 54, "LIMBA UCRAINEANA": 22}, "promotie_anterioara": {"NU": 2827, "DA": 414}, "materii": {"LIMBA ROMANA": {"medie": 6.884795042897989, "reusita": 90.28077753779698, "cnt": 3241}, "MATEMATICA MATE-INFO": {"medie": 8.263927855711433, "reusita": 95.8, "cnt": 500}, "ANATOMIE SI FIZIOLOGIE UMANA, GENETICA SI ECOLOGIE UMANA": {"medie": 7.82046476761619, "reusita": 93.21533923303835, "cnt": 678}, "GENERAL": {"medie": 7.140884486305091, "reusita": 70.04011107682814, "cnt": 3241}, "MATEMATICA ST-NAT": {"medie": 6.629847494553382, "reusita": 75.73839662447257, "cnt": 474}, "CHIMIE ORGANICA TEO NIVEL I/II": {"medie": 9.452083333333333, "reusita": 100.0, "cnt": 48}, "CHIMIE ANORGANICA TEO NIVEL I/II": {"medie": 7.766666666666666, "reusita": 88.88888888888889, "cnt": 9}, "INFORMATICA MI C/C++": {"medie": 8.597513812154695, "reusita": 98.89502762430939, "cnt": 181}, "ISTORIE": {"medie": 7.100269541778989, "reusita": 92.83185840707965, "cnt": 1130}, "LOGICA, ARGUMENTARE SI COMUNICARE": {"medie": 8.238918918918934, "reusita": 95.34883720930233, "cnt": 559}, "MATEMATICA PED": {"medie": 7.588356164383562, "reusita": 90.54054054054053, "cnt": 74}, "FIZICA TEO": {"medie": 8.771052631578948, "reusita": 97.36842105263158, "cnt": 38}, "SOCIOLOGIE": {"medie": 7.785526315789475, "reusita": 97.36842105263158, "cnt": 38}, "PSIHOLOGIE": {"medie": 7.879166666666666, "reusita": 96.72131147540983, "cnt": 61}, "GEOGRAFIE": {"medie": 7.714525993883792, "reusita": 91.56862745098039, "cnt": 1020}, "INFORMATICA SN C/C++": {"medie": 5.821428571428571, "reusita": 85.71428571428571, "cnt": 14}, "BIOLOGIE VEGETALA SI ANIMALA": {"medie": 5.498614072494664, "reusita": 58.69980879541109, "cnt": 523}, "MATEMATICA TEHN": {"medie": 5.93341862845446, "reusita": 69.52022577610536, "cnt": 1063}, "FILOSOFIE": {"medie": 7.630952380952382, "reusita": 95.23809523809523, "cnt": 21}, "LIMBA MAGHIARA (REAL)": {"medie": 8.101428571428572, "reusita": 100.0, "cnt": 35}, "ECONOMIE": {"medie": 5.657142857142857, "reusita": 85.71428571428571, "cnt": 7}, "LIMBA MAGHIARA (UMAN)": {"medie": 7.31842105263158, "reusita": 94.73684210526315, "cnt": 19}, "FIZICA TEH": {"medie": 5.129166666666666, "reusita": 45.16129032258064, "cnt": 31}, "CHIMIE ANORGANICA TEH NIVEL I/II": {"medie": 4.763636363636364, "reusita": 46.15384615384615, "cnt": 13}, "LIMBA UCRAINEANA": {"medie": 7.847727272727272, "reusita": 100.0, "cnt": 22}}, "nume": "Maramure\u0219"}