{"specializari": {"FILOLOGIE": 250, "MATEMATICA-INFORMATICA": 355, "INVATATOR - EDUCATOARE": 58, "STIINTE ALE NATURII": 212, "STIINTE SOCIALE": 148, "ARTE PLASTICE SI DECORATIVE": 19, "EDUCATOR-PUERICULTOR": 31, "LICEU CU PROGRAM SPORTIV": 72, "MUZICA": 12, "TEHNICIAN IN ACTIVITATI ECONOMICE": 71, "TEHNICIAN IN TURISM": 53, "TEHNICIAN IN ACHIZITII SI CONTRACTARI": 37, "TEHNICIAN ECOLOG SI PROTECTIA CALITATII MEDIULUI": 45, "TEHNICIAN IN ADMINISTRATIE": 27, "TEHNICIAN MECANIC PENTRU INTRETINERE SI REPARATII": 68, "TEHNICIAN IN INSTALATII ELECTRICE": 89, "TEHNICIAN TRANSPORTURI": 21, "COAFOR STILIST": 9, "TEHNICIAN IN GASTRONOMIE": 23, "TEHNICIAN OPERATOR TEHNICA DE CALCUL": 6, "TEHNICIAN ELECTRONIST": 1, "TEHNICIAN ELECTRICIAN/ELECTRONIST AUTO": 21, "TEHNICIAN IN AUTOMATIZARI": 4, "TEHNICIAN ELECTROTEHNIST": 3, "TEHNICIAN IN CONSTRUCTII SI LUCRARI PUBLICE": 1, "TEHNICIAN IN INDUSTRIA ALIMENTARA": 8, "TEHNICIAN DE TELECOMUNICATII": 23, "TEHNICIAN CHIMIST DE LABORATOR": 4, "TEHNICIAN MECATRONIST": 11, "TEHNICIAN DESIGNER MOBILA SI AMENAJARI INTERIOARE": 7, "TEHNICIAN IN ACTIVITATI DE COMERT": 2, "TEHNICIAN PRELUCRARI LA CALD": 2, "TEHNICIAN IN AGRICULTURA": 7, "TEHNICIAN PRELUCRARI MECANICE": 14, "TEHNICIAN VETERINAR": 3, "TEHNICIAN IN AGROTURISM": 18, "TEHNICIAN IN PRELUCRAREA LEMNULUI": 1}, "limba_moderna": {"LIMBA ENGLEZA": 1598, "LIMBA FRANCEZA": 137, "LIMBA RUSA": 1}, "limba_materna": {"LIMBA ROMANA": 1736}, "promotie_anterioara": {"NU": 1369, "DA": 367}, "materii": {"LIMBA ROMANA": {"medie": 6.431264988009587, "reusita": 80.06912442396313, "cnt": 1736}, "MATEMATICA MATE-INFO": {"medie": 7.063798219584567, "reusita": 78.59154929577464, "cnt": 355}, "ANATOMIE SI FIZIOLOGIE UMANA, GENETICA SI ECOLOGIE UMANA": {"medie": 7.353688524590163, "reusita": 78.51662404092072, "cnt": 391}, "GENERAL": {"medie": 6.717653167185867, "reusita": 59.38940092165899, "cnt": 1736}, "MATEMATICA ST-NAT": {"medie": 5.855970149253733, "reusita": 65.09433962264151, "cnt": 212}, "CHIMIE ORGANICA TEO NIVEL I/II": {"medie": 8.599999999999998, "reusita": 90.9090909090909, "cnt": 22}, "CHIMIE ANORGANICA TEO NIVEL I/II": {"medie": 9.06875, "reusita": 100.0, "cnt": 8}, "INFORMATICA MI C/C++": {"medie": 8.428571428571429, "reusita": 100.0, "cnt": 35}, "ISTORIE": {"medie": 7.419769673704411, "reusita": 93.60902255639097, "cnt": 532}, "LOGICA, ARGUMENTARE SI COMUNICARE": {"medie": 8.14883333333334, "reusita": 92.3841059602649, "cnt": 302}, "MATEMATICA PED": {"medie": 8.383620689655174, "reusita": 100.0, "cnt": 58}, "FIZICA TEO": {"medie": 8.701515151515153, "reusita": 93.93939393939394, "cnt": 66}, "SOCIOLOGIE": {"medie": 7.615217391304348, "reusita": 95.65217391304348, "cnt": 23}, "PSIHOLOGIE": {"medie": 8.088461538461537, "reusita": 100.0, "cnt": 13}, "GEOGRAFIE": {"medie": 7.855978260869569, "reusita": 94.02985074626866, "cnt": 469}, "BIOLOGIE VEGETALA SI ANIMALA": {"medie": 4.904019292604498, "reusita": 44.173441734417345, "cnt": 369}, "MATEMATICA TEHN": {"medie": 4.488279773156897, "reusita": 50.431778929188255, "cnt": 579}, "FILOSOFIE": {"medie": 5.2, "reusita": 100.0, "cnt": 1}, "ECONOMIE": {"medie": 8.3875, "reusita": 100.0, "cnt": 4}, "FIZICA TEH": {"medie": 5.286842105263157, "reusita": 61.904761904761905, "cnt": 21}, "CHIMIE ANORGANICA TEH NIVEL I/II": {"medie": 6.129166666666666, "reusita": 83.33333333333334, "cnt": 12}}, "nume": "Mehedin\u021bi"}