{"specializari": {"STIINTE ALE NATURII": 667, "MATEMATICA-INFORMATICA": 310, "STIINTE SOCIALE": 378, "TEHNICIAN IN ACTIVITATI ECONOMICE": 132, "ARTE PLASTICE SI DECORATIVE": 34, "FILOLOGIE": 401, "TEHNICIAN OPERATOR TEHNICA DE CALCUL": 58, "ARTA ACTORULUI": 22, "TEHNICIAN IN ADMINISTRATIE": 89, "INVATATOR - EDUCATOARE": 85, "TEHNICIAN IN TURISM": 79, "MUZICA": 37, "TEOLOGIE REFORMATA": 30, "LICEU CU PROGRAM SPORTIV": 136, "TEHNICIAN IN ACTIVITATI DE COMERT": 89, "ARHITECTURA, ARTE AMBIENTALE SI DESIGN": 17, "TEHNICIAN IN AUTOMATIZARI": 51, "ORGANIZATOR BANQUETING": 44, "TEHNICIAN IN GASTRONOMIE": 55, "TEHNICIAN IN HOTELARIE": 76, "TEHNICIAN IN INSTALATII ELECTRICE": 63, "TEHNICIAN IN SILVICULTURA SI EXPLOATARI FORESTIERE": 27, "INSTRUCTOR PENTRU ACTIVITATI EXTRASCOLARE": 30, "TEHNICIAN TRANSPORTURI": 36, "TEHNICIAN DESENATOR PENTRU CONSTRUCTII SI INSTALATII": 16, "TEHNICIAN ECOLOG SI PROTECTIA CALITATII MEDIULUI": 45, "TEHNICIAN VETERINAR": 8, "TEHNICIAN IN PRELUCRAREA LEMNULUI": 15, "COAFOR STILIST": 13, "TEHNICIAN DESIGNER MOBILA SI AMENAJARI INTERIOARE": 14, "TEHNICIAN PROIECTANT CAD": 16, "TEHNICIAN MECATRONIST": 18, "TEHNICIAN ELECTROMECANIC": 10, "TEHNICIAN IN AGROTURISM": 4, "TEHNICIAN IN INDUSTRIA ALIMENTARA": 43, "TEHNICIAN ANALIZE PRODUSE ALIMENTARE": 9, "TEHNICIAN ELECTRICIAN/ELECTRONIST AUTO": 57, "TEHNICIAN IN CHIMIE INDUSTRIALA": 2, "TEHNICIAN ELECTROTEHNIST": 2, "TEHNICIAN IN AGRICULTURA": 4, "TEHNICIAN MECANIC PENTRU INTRETINERE SI REPARATII": 10, "TEHNICIAN OPERATOR PROCESARE TEXT IMAGINE": 1, "EDUCATOR-PUERICULTOR": 4, "TEHNICIAN HIDRO-METEOROLOG": 2, "TEHNICIAN IN INDUSTRIA STICLEI SI CERAMICII": 1, "TEHNICIAN IN INDUSTRIA TEXTILA": 3, "TEHNICIAN PROIECTANT PRODUSE FINITE DIN LEMN": 2, "TEOLOGIE ROMANO-CATOLICA": 4, "TEHNICIAN CHIMIST DE LABORATOR": 1}, "limba_moderna": {"LIMBA ENGLEZA": 3115, "LIMBA FRANCEZA": 67, "LIMBA GERMANA MODERNA": 60, "LIMBA ITALIANA": 8}, "limba_materna": {"LIMBA ROMANA": 2214, "LIMBA MAGHIARA": 987, "LIMBA GERMANA": 49}, "promotie_anterioara": {"NU": 2825, "DA": 425}, "materii": {"LIMBA ROMANA": {"medie": 6.584386792452818, "reusita": 85.53846153846155, "cnt": 3250}, "MATEMATICA MATE-INFO": {"medie": 8.36407766990291, "reusita": 93.2258064516129, "cnt": 310}, "ANATOMIE SI FIZIOLOGIE UMANA, GENETICA SI ECOLOGIE UMANA": {"medie": 8.021819425444601, "reusita": 91.94630872483222, "cnt": 745}, "GENERAL": {"medie": 7.158033804022248, "reusita": 69.07692307692308, "cnt": 3250}, "MATEMATICA ST-NAT": {"medie": 7.859111445783136, "reusita": 90.85457271364318, "cnt": 667}, "CHIMIE ORGANICA TEO NIVEL I/II": {"medie": 9.12075471698113, "reusita": 100.0, "cnt": 53}, "CHIMIE ANORGANICA TEO NIVEL I/II": {"medie": 9.233333333333334, "reusita": 100.0, "cnt": 3}, "INFORMATICA MI C/C++": {"medie": 8.816964285714283, "reusita": 100.0, "cnt": 112}, "ISTORIE": {"medie": 7.143219557195574, "reusita": 91.8572735590119, "cnt": 1093}, "LOGICA, ARGUMENTARE SI COMUNICARE": {"medie": 8.384375000000004, "reusita": 94.98069498069498, "cnt": 259}, "MATEMATICA PED": {"medie": 8.310493827160498, "reusita": 95.29411764705881, "cnt": 85}, "FIZICA TEO": {"medie": 8.910714285714285, "reusita": 96.42857142857143, "cnt": 56}, "SOCIOLOGIE": {"medie": 7.216666666666668, "reusita": 87.5, "cnt": 40}, "PSIHOLOGIE": {"medie": 7.236805555555553, "reusita": 90.66666666666666, "cnt": 75}, "GEOGRAFIE": {"medie": 7.627921597633138, "reusita": 95.19650655021834, "cnt": 1374}, "INFORMATICA SN C/C++": {"medie": 8.275806451612903, "reusita": 100.0, "cnt": 31}, "BIOLOGIE VEGETALA SI ANIMALA": {"medie": 5.177744807121661, "reusita": 55.5858310626703, "cnt": 367}, "MATEMATICA TEHN": {"medie": 5.858720930232551, "reusita": 70.95890410958904, "cnt": 1095}, "FILOSOFIE": {"medie": 8.15, "reusita": 100.0, "cnt": 3}, "LIMBA MAGHIARA (REAL)": {"medie": 7.4800859598853755, "reusita": 94.04255319148936, "cnt": 705}, "LIMBA GERMANA": {"medie": 7.0864583333333355, "reusita": 93.87755102040816, "cnt": 49}, "ECONOMIE": {"medie": 7.2375, "reusita": 100.0, "cnt": 4}, "CHIMIE ORGANICA TEH NIVEL I/II": {"medie": 5.9625, "reusita": 100.0, "cnt": 4}, "INFORMATICA MI PASCAL": {"medie": 9.025862068965518, "reusita": 96.66666666666667, "cnt": 30}, "LIMBA MAGHIARA (UMAN)": {"medie": 7.692678571428574, "reusita": 97.87234042553192, "cnt": 282}, "FIZICA TEH": {"medie": 6.207142857142857, "reusita": 71.23287671232876, "cnt": 73}, "CHIMIE ANORGANICA TEH NIVEL I/II": {"medie": 5.170000000000001, "reusita": 66.66666666666666, "cnt": 21}}, "nume": "Mure\u0219"}