{"specializari": {"MATEMATICA-INFORMATICA": 592, "TEHNICIAN OPERATOR TEHNICA DE CALCUL": 101, "STIINTE ALE NATURII": 321, "STIINTE SOCIALE": 331, "FILOLOGIE": 308, "LICEU CU PROGRAM SPORTIV": 181, "TEOLOGIE ORTODOXA": 46, "ARTE PLASTICE SI DECORATIVE": 37, "MUZICA": 35, "GHID TURISM RELIGIOS": 33, "TEHNICIAN IN ACTIVITATI ECONOMICE": 242, "ORGANIZATOR BANQUETING": 26, "INVATATOR - EDUCATOARE": 104, "TEHNICIAN IN ACHIZITII SI CONTRACTARI": 76, "TEHNICIAN ECOLOG SI PROTECTIA CALITATII MEDIULUI": 142, "TEHNICIAN IN TURISM": 128, "TEHNICIAN IN INSTALATII ELECTRICE": 42, "TEHNICIAN AGRONOM": 12, "TEOLOGIE ROMANO-CATOLICA": 8, "TEHNICIAN ANALIZE PRODUSE ALIMENTARE": 63, "TEHNICIAN IN HOTELARIE": 26, "TEHNICIAN IN ADMINISTRATIE": 28, "TEHNICIAN IN INDUSTRIA ALIMENTARA": 11, "TEHNICIAN DESENATOR PENTRU CONSTRUCTII SI INSTALATII": 29, "PATRIMONIU CULTURAL": 13, "TEHNICIAN TRANSPORTURI": 36, "TEHNICIAN IN GASTRONOMIE": 63, "TEHNICIAN MECANIC PENTRU INTRETINERE SI REPARATII": 13, "TEHNICIAN DE TELECOMUNICATII": 33, "TEHNICIAN IN INDUSTRIA TEXTILA": 25, "TEHNICIAN ELECTRICIAN/ELECTRONIST AUTO": 20, "TEHNICIAN IN SILVICULTURA SI EXPLOATARI FORESTIERE": 34, "TEHNICIAN PRELUCRARI MECANICE": 25, "TEHNICIAN MECATRONIST": 18, "TEHNICIAN VETERINAR": 5, "TEHNICIAN PROIECTANT PRODUSE FINITE DIN LEMN": 1, "TEHNICIAN IN INDUSTRIA MATERIALELOR DE CONSTRUCTII": 1, "TEHNICIAN IN PRELUCRAREA LEMNULUI": 5, "TEHNICIAN DESIGNER VESTIMENTAR": 10, "TEHNICIAN AGROMONTAN": 7, "TEHNICIAN IN AGROTURISM": 1, "TEHNICIAN ELECTROTEHNIST": 1, "TEHNICIAN IN ACTIVITATI DE COMERT": 1, "TEHNICIAN PRELUCRARI PE MASINI CU COMANDA NUMERICA": 1}, "limba_moderna": {"LIMBA ENGLEZA": 3068, "LIMBA FRANCEZA": 161, "LIMBA GERMANA MODERNA": 6}, "limba_materna": {"LIMBA ROMANA": 3235}, "promotie_anterioara": {"NU": 3006, "DA": 229}, "materii": {"LIMBA ROMANA": {"medie": 7.063749214330603, "reusita": 92.42658423493046, "cnt": 3235}, "MATEMATICA MATE-INFO": {"medie": 8.721996615905244, "reusita": 97.97297297297297, "cnt": 592}, "ANATOMIE SI FIZIOLOGIE UMANA, GENETICA SI ECOLOGIE UMANA": {"medie": 7.819117647058827, "reusita": 88.25806451612902, "cnt": 775}, "GENERAL": {"medie": 7.39216124228888, "reusita": 74.93044822256569, "cnt": 3235}, "MATEMATICA ST-NAT": {"medie": 8.305929487179498, "reusita": 91.58878504672897, "cnt": 321}, "CHIMIE ORGANICA TEO NIVEL I/II": {"medie": 9.226724137931035, "reusita": 100.0, "cnt": 58}, "CHIMIE ANORGANICA TEO NIVEL I/II": {"medie": 9.7, "reusita": 100.0, "cnt": 2}, "INFORMATICA MI C/C++": {"medie": 9.271461187214609, "reusita": 99.08675799086758, "cnt": 219}, "ISTORIE": {"medie": 7.747507629705, "reusita": 95.06048387096774, "cnt": 992}, "LOGICA, ARGUMENTARE SI COMUNICARE": {"medie": 7.9428835489833665, "reusita": 91.59049360146253, "cnt": 547}, "MATEMATICA PED": {"medie": 8.532038834951452, "reusita": 99.03846153846155, "cnt": 104}, "FIZICA TEO": {"medie": 8.91712962962963, "reusita": 99.08256880733946, "cnt": 109}, "SOCIOLOGIE": {"medie": 7.836516853932582, "reusita": 95.50561797752809, "cnt": 89}, "PSIHOLOGIE": {"medie": 7.393750000000001, "reusita": 93.15068493150685, "cnt": 73}, "GEOGRAFIE": {"medie": 7.636954261954264, "reusita": 95.56701030927836, "cnt": 970}, "INFORMATICA SN C/C++": {"medie": 8.466666666666667, "reusita": 100.0, "cnt": 3}, "BIOLOGIE VEGETALA SI ANIMALA": {"medie": 4.935869565217398, "reusita": 49.666666666666664, "cnt": 300}, "MATEMATICA TEHN": {"medie": 6.041166380789015, "reusita": 71.20717781402936, "cnt": 1226}, "FILOSOFIE": {"medie": 8.7375, "reusita": 100.0, "cnt": 4}, "ECONOMIE": {"medie": 8.216666666666667, "reusita": 100.0, "cnt": 3}, "CHIMIE ORGANICA TEH NIVEL I/II": {"medie": 6.266666666666667, "reusita": 66.66666666666666, "cnt": 3}, "FIZICA TEH": {"medie": 6.866666666666667, "reusita": 80.0, "cnt": 55}, "CHIMIE ANORGANICA TEH NIVEL I/II": {"medie": 6.104, "reusita": 84.0, "cnt": 25}}, "nume": "Neam\u021b"}