{"specializari": {"MATEMATICA-INFORMATICA": 445, "STIINTE ALE NATURII": 299, "INVATATOR - EDUCATOARE": 51, "FILOLOGIE": 645, "STIINTE SOCIALE": 239, "LICEU CU PROGRAM SPORTIV": 86, "TEHNICIAN IN ACTIVITATI ECONOMICE": 136, "COAFOR STILIST": 42, "TEHNICIAN IN ACTIVITATI DE COMERT": 37, "TEHNICIAN IN GASTRONOMIE": 50, "TEHNICIAN IN AUTOMATIZARI": 39, "TEHNICIAN IN ADMINISTRATIE": 23, "TEHNICIAN IN HOTELARIE": 23, "TEHNICIAN IN INDUSTRIA TEXTILA": 27, "TEHNICIAN IN AGRICULTURA": 21, "TEHNICIAN MECANIC PENTRU INTRETINERE SI REPARATII": 48, "TEHNICIAN MECATRONIST": 24, "TEHNICIAN IN ACHIZITII SI CONTRACTARI": 16, "TEHNICIAN TRANSPORTURI": 8, "TEHNICIAN IN INDUSTRIA ALIMENTARA": 43, "TEHNICIAN IN INSTALATII ELECTRICE": 20, "TEHNICIAN ECOLOG SI PROTECTIA CALITATII MEDIULUI": 24, "TEHNICIAN ELECTROTEHNIST": 8, "ARTE PLASTICE SI DECORATIVE": 5, "TEHNICIAN AGRONOM": 2, "TEHNICIAN ELECTRICIAN/ELECTRONIST AUTO": 25, "TEHNICIAN DESENATOR PENTRU CONSTRUCTII SI INSTALATII": 1, "TEHNICIAN OPERATOR TEHNICA DE CALCUL": 6, "TEHNICIAN CHIMIST DE LABORATOR": 1, "TEHNICIAN PROIECTANT CAD": 1, "TEHNICIAN VETERINAR": 2, "TEHNICIAN DESIGNER VESTIMENTAR": 4, "TEHNICIAN METROLOG": 1, "TEHNICIAN IN AGRICULTURA ECOLOGICA": 6, "ARHITECTURA, ARTE AMBIENTALE SI DESIGN": 1, "TEHNICIAN ANALIZE PRODUSE ALIMENTARE": 1, "TEHNICIAN PRELUCRARI MECANICE": 1}, "limba_moderna": {"LIMBA ENGLEZA": 2305, "LIMBA GERMANA MODERNA": 1, "LIMBA FRANCEZA": 105}, "limba_materna": {"LIMBA ROMANA": 2411}, "promotie_anterioara": {"NU": 2136, "DA": 275}, "materii": {"LIMBA ROMANA": {"medie": 6.578869047619047, "reusita": 83.69970966403983, "cnt": 2411}, "MATEMATICA MATE-INFO": {"medie": 7.614464692482911, "reusita": 86.74157303370787, "cnt": 445}, "ANATOMIE SI FIZIOLOGIE UMANA, GENETICA SI ECOLOGIE UMANA": {"medie": 7.380147058823526, "reusita": 88.84892086330936, "cnt": 556}, "GENERAL": {"medie": 6.921387073347855, "reusita": 66.11364579012857, "cnt": 2411}, "MATEMATICA ST-NAT": {"medie": 7.286317567567561, "reusita": 85.61872909698997, "cnt": 299}, "CHIMIE ORGANICA TEO NIVEL I/II": {"medie": 8.93888888888889, "reusita": 94.44444444444444, "cnt": 18}, "CHIMIE ANORGANICA TEO NIVEL I/II": {"medie": 9.35, "reusita": 100.0, "cnt": 1}, "INFORMATICA MI C/C++": {"medie": 8.418823529411767, "reusita": 95.34883720930233, "cnt": 86}, "ISTORIE": {"medie": 6.725128998968015, "reusita": 84.73360655737704, "cnt": 976}, "LOGICA, ARGUMENTARE SI COMUNICARE": {"medie": 7.970710059171592, "reusita": 91.3894324853229, "cnt": 511}, "MATEMATICA PED": {"medie": 8.244000000000002, "reusita": 98.0392156862745, "cnt": 51}, "FIZICA TEO": {"medie": 8.567021276595748, "reusita": 97.16312056737588, "cnt": 141}, "SOCIOLOGIE": {"medie": 6.839999999999998, "reusita": 88.88888888888889, "cnt": 45}, "PSIHOLOGIE": {"medie": 8.107352941176469, "reusita": 94.11764705882352, "cnt": 34}, "GEOGRAFIE": {"medie": 7.6121768707482955, "reusita": 91.43239625167337, "cnt": 747}, "INFORMATICA SN C/C++": {"medie": 5.8500000000000005, "reusita": 50.0, "cnt": 2}, "BIOLOGIE VEGETALA SI ANIMALA": {"medie": 4.835233160621761, "reusita": 44.15584415584416, "cnt": 231}, "MATEMATICA TEHN": {"medie": 4.851041666666671, "reusita": 50.31250000000001, "cnt": 640}, "ECONOMIE": {"medie": 7.952941176470589, "reusita": 100.0, "cnt": 17}, "CHIMIE ORGANICA TEH NIVEL I/II": {"medie": 5.4, "reusita": 100.0, "cnt": 1}, "INFORMATICA MI PASCAL": {"medie": 8.130769230769232, "reusita": 100.0, "cnt": 13}, "FIZICA TEH": {"medie": 5.164285714285714, "reusita": 62.5, "cnt": 8}}, "nume": "Olt"}