{"specializari": {"MATEMATICA-INFORMATICA": 1121, "STIINTE ALE NATURII": 500, "STIINTE SOCIALE": 269, "FILOLOGIE": 682, "INVATATOR - EDUCATOARE": 57, "ARHITECTURA, ARTE AMBIENTALE SI DESIGN": 27, "TEHNICIAN IN ACTIVITATI ECONOMICE": 433, "MUZICA": 19, "TEHNICIAN IN ADMINISTRATIE": 55, "TEHNICIAN IN HOTELARIE": 30, "TEHNICIAN IN ACHIZITII SI CONTRACTARI": 59, "TEHNICIAN PROIECTANT CAD": 26, "TEHNICIAN IN TURISM": 187, "ORGANIZATOR BANQUETING": 23, "ARTE PLASTICE SI DECORATIVE": 25, "TEHNICIAN IN ACTIVITATI DE COMERT": 124, "TEHNICIAN ECOLOG SI PROTECTIA CALITATII MEDIULUI": 119, "TEHNICIAN IN AUTOMATIZARI": 93, "TEHNICIAN ELECTROTEHNIST": 51, "LICEU CU PROGRAM SPORTIV": 57, "TEHNICIAN ELECTRONIST": 26, "TEHNICIAN IN INSTALATII ELECTRICE": 57, "TEHNICIAN TRANSPORTURI": 10, "TEHNICIAN MECATRONIST": 107, "TEHNICIAN IN GASTRONOMIE": 58, "COAFOR STILIST": 44, "TEHNICIAN IN INDUSTRIA TEXTILA": 35, "TEHNICIAN IN IND. ALIM. FERMENTATIVA SI IN PREL. LEGUMELOR SI FRUCTELOR": 20, "TEHNICIAN ENERGETICIAN": 41, "TEHNICIAN DESIGNER MOBILA SI AMENAJARI INTERIOARE": 41, "TEHNICIAN ANALIZE PRODUSE ALIMENTARE": 38, "TEHNICIAN IN SILVICULTURA SI EXPLOATARI FORESTIERE": 24, "TEHNICIAN INSTALATOR PENTRU CONSTRUCTII": 51, "TEHNICIAN AGROMONTAN": 4, "TEHNICIAN MECANIC PENTRU INTRETINERE SI REPARATII": 72, "TEHNICIAN ELECTROMECANIC": 40, "TEHNICIAN IN INDUSTRIA ALIMENTARA": 49, "TEHNICIAN IN CHIMIE INDUSTRIALA": 30, "TEHNICIAN PRELUCRARI LA CALD": 3, "TEHNICIAN IN CONSTRUCTII SI LUCRARI PUBLICE": 19, "TEHNICIAN VETERINAR": 7, "TEHNICIAN CHIMIST DE LABORATOR": 10, "TEHNICIAN IN PRELUCRAREA LEMNULUI": 22, "TEHNICIAN HIDRO-METEOROLOG": 12, "TEHNICIAN PROIECTANT PRODUSE FINITE DIN LEMN": 13, "TEHNICIAN IN AGRICULTURA": 3, "TEHNICIAN ELECTRICIAN/ELECTRONIST AUTO": 10, "TEHNICIAN DESENATOR PENTRU CONSTRUCTII SI INSTALATII": 11, "TEHNICIAN DESIGNER VESTIMENTAR": 1, "TEHNICIAN IN AGROTURISM": 2, "TEHNICIAN DE TELECOMUNICATII": 2, "TEHNICIAN AGRONOM": 1, "TEHNICIAN PENTRU ANIMALE DE COMPANIE": 1, "TEHNICIAN IN PRELUCRAREA PRODUSELOR DE ORIGINE ANIMALA": 2}, "limba_moderna": {"LIMBA ENGLEZA": 4530, "LIMBA FRANCEZA": 270, "LIMBA GERMANA MODERNA": 7, "LIMBA SPANIOLA": 16}, "limba_materna": {"LIMBA ROMANA": 4823}, "promotie_anterioara": {"NU": 4304, "DA": 519}, "materii": {"LIMBA ROMANA": {"medie": 7.101775583105684, "reusita": 92.41136222268298, "cnt": 4823}, "MATEMATICA MATE-INFO": {"medie": 8.41001788908766, "reusita": 95.71810883140054, "cnt": 1121}, "ANATOMIE SI FIZIOLOGIE UMANA, GENETICA SI ECOLOGIE UMANA": {"medie": 7.863319672131144, "reusita": 92.71255060728745, "cnt": 494}, "GENERAL": {"medie": 7.440916204296462, "reusita": 76.1766535351441, "cnt": 4823}, "MATEMATICA ST-NAT": {"medie": 8.290789473684214, "reusita": 93.60000000000001, "cnt": 500}, "CHIMIE ORGANICA TEO NIVEL I/II": {"medie": 9.20987124463519, "reusita": 99.14163090128756, "cnt": 233}, "CHIMIE ANORGANICA TEO NIVEL I/II": {"medie": 7.8127450980392155, "reusita": 98.0392156862745, "cnt": 51}, "INFORMATICA MI C/C++": {"medie": 8.63127035830619, "reusita": 99.35064935064936, "cnt": 308}, "ISTORIE": {"medie": 7.860455390334591, "reusita": 96.20018535681186, "cnt": 1079}, "LOGICA, ARGUMENTARE SI COMUNICARE": {"medie": 8.281872116018462, "reusita": 93.84010484927916, "cnt": 1526}, "MATEMATICA PED": {"medie": 9.529824561403508, "reusita": 100.0, "cnt": 57}, "FIZICA TEO": {"medie": 8.773197492163012, "reusita": 98.125, "cnt": 320}, "SOCIOLOGIE": {"medie": 8.305844155844154, "reusita": 96.20253164556962, "cnt": 79}, "PSIHOLOGIE": {"medie": 7.8118181818181816, "reusita": 96.36363636363636, "cnt": 55}, "GEOGRAFIE": {"medie": 7.758823529411768, "reusita": 94.17040358744396, "cnt": 446}, "INFORMATICA SN C/C++": {"medie": 8.450000000000001, "reusita": 100.0, "cnt": 16}, "BIOLOGIE VEGETALA SI ANIMALA": {"medie": 5.7255978742249765, "reusita": 63.42281879194631, "cnt": 1192}, "MATEMATICA TEHN": {"medie": 6.5481435022579095, "reusita": 80.00968054211036, "cnt": 2066}, "FILOSOFIE": {"medie": 7.8999999999999995, "reusita": 100.0, "cnt": 3}, "ECONOMIE": {"medie": 7.040000000000001, "reusita": 95.0, "cnt": 40}, "CHIMIE ORGANICA TEH NIVEL I/II": {"medie": 6.08, "reusita": 50.0, "cnt": 6}, "FIZICA TEH": {"medie": 5.719999999999999, "reusita": 74.19354838709677, "cnt": 31}, "CHIMIE ANORGANICA TEH NIVEL I/II": {"medie": 5.519565217391304, "reusita": 69.56521739130434, "cnt": 23}}, "nume": "Prahova"}