{"specializari": {"MATEMATICA-INFORMATICA": 337, "FILOLOGIE": 308, "STIINTE ALE NATURII": 200, "TEHNICIAN IN ACTIVITATI ECONOMICE": 157, "INVATATOR - EDUCATOARE": 47, "TEOLOGIE ORTODOXA": 22, "TEHNICIAN IN AUTOMATIZARI": 62, "MUZICA": 13, "ORGANIZATOR BANQUETING": 42, "STIINTE SOCIALE": 34, "TEHNICIAN IN ACTIVITATI DE COMERT": 33, "ARTE PLASTICE SI DECORATIVE": 10, "LICEU CU PROGRAM SPORTIV": 33, "TEHNICIAN IN INSTALATII ELECTRICE": 31, "TEOLOGIE REFORMATA": 24, "TEHNICIAN ELECTROMECANIC": 48, "TEHNICIAN IN ADMINISTRATIE": 11, "TEHNICIAN PRELUCRARI PE MASINI CU COMANDA NUMERICA": 22, "TEHNICIAN VETERINAR": 14, "TEHNICIAN ECOLOG SI PROTECTIA CALITATII MEDIULUI": 5, "TEHNICIAN OPERATOR TEHNICA DE CALCUL": 31, "TEHNICIAN MECANIC PENTRU INTRETINERE SI REPARATII": 30, "TEHNICIAN DE TELECOMUNICATII": 1, "TEHNICIAN DESENATOR PENTRU CONSTRUCTII SI INSTALATII": 17, "TEHNICIAN TRANSPORTURI": 3, "TEHNICIAN IN PRELUCRAREA LEMNULUI": 1, "TEHNICIAN ELECTROTEHNIST": 9, "TEHNICIAN MECATRONIST": 3, "TEHNICIAN MULTIMEDIA": 1, "TEHNICIAN IN TURISM": 1, "TEHNICIAN IN CONSTRUCTII SI LUCRARI PUBLICE": 3}, "limba_moderna": {"LIMBA ENGLEZA": 1488, "LIMBA GERMANA MODERNA": 24, "LIMBA FRANCEZA": 41}, "limba_materna": {"LIMBA ROMANA": 1294, "LIMBA MAGHIARA": 259}, "promotie_anterioara": {"NU": 1367, "DA": 186}, "materii": {"LIMBA ROMANA": {"medie": 6.634193121693123, "reusita": 84.80360592401803, "cnt": 1553}, "MATEMATICA MATE-INFO": {"medie": 7.99583333333334, "reusita": 93.17507418397626, "cnt": 337}, "ANATOMIE SI FIZIOLOGIE UMANA, GENETICA SI ECOLOGIE UMANA": {"medie": 8.193211920529802, "reusita": 94.75409836065573, "cnt": 305}, "GENERAL": {"medie": 7.101172755976542, "reusita": 67.73985833869929, "cnt": 1553}, "MATEMATICA ST-NAT": {"medie": 6.838659793814435, "reusita": 79.0, "cnt": 200}, "CHIMIE ORGANICA TEO NIVEL I/II": {"medie": 9.825, "reusita": 100.0, "cnt": 2}, "CHIMIE ANORGANICA TEO NIVEL I/II": {"medie": 8.177272727272726, "reusita": 100.0, "cnt": 11}, "INFORMATICA MI C/C++": {"medie": 8.322413793103445, "reusita": 100.0, "cnt": 87}, "ISTORIE": {"medie": 7.383636363636365, "reusita": 92.56756756756756, "cnt": 444}, "LOGICA, ARGUMENTARE SI COMUNICARE": {"medie": 8.450000000000001, "reusita": 100.0, "cnt": 24}, "MATEMATICA PED": {"medie": 8.336170212765959, "reusita": 100.0, "cnt": 47}, "FIZICA TEO": {"medie": 8.846808510638297, "reusita": 100.0, "cnt": 47}, "SOCIOLOGIE": {"medie": 8.224999999999998, "reusita": 96.25, "cnt": 80}, "PSIHOLOGIE": {"medie": 7.359999999999999, "reusita": 87.3015873015873, "cnt": 63}, "GEOGRAFIE": {"medie": 7.9243705035971255, "reusita": 93.63957597173145, "cnt": 566}, "BIOLOGIE VEGETALA SI ANIMALA": {"medie": 5.3972508591065305, "reusita": 53.230769230769226, "cnt": 325}, "MATEMATICA TEHN": {"medie": 5.533162217659136, "reusita": 61.33333333333333, "cnt": 525}, "FILOSOFIE": {"medie": 8.3, "reusita": 100.0, "cnt": 1}, "LIMBA MAGHIARA (REAL)": {"medie": 8.373177083333335, "reusita": 97.95918367346938, "cnt": 196}, "ECONOMIE": {"medie": 9.8, "reusita": 100.0, "cnt": 1}, "INFORMATICA MI PASCAL": {"medie": 6.4, "reusita": 100.0, "cnt": 2}, "LIMBA MAGHIARA (UMAN)": {"medie": 8.050793650793652, "reusita": 100.0, "cnt": 63}, "FIZICA TEH": {"medie": 5.749999999999999, "reusita": 67.56756756756756, "cnt": 37}, "CHIMIE ANORGANICA TEH NIVEL I/II": {"medie": 6.3, "reusita": 50.0, "cnt": 2}}, "nume": "S\u0103laj"}