{"specializari": {"MATEMATICA-INFORMATICA": 350, "STIINTE ALE NATURII": 321, "INVATATOR - EDUCATOARE": 27, "FILOLOGIE": 266, "STIINTE SOCIALE": 167, "ARTE PLASTICE SI DECORATIVE": 27, "TEHNICIAN AGRONOM": 12, "TEHNICIAN IN ACTIVITATI ECONOMICE": 151, "ARHITECTURA, ARTE AMBIENTALE SI DESIGN": 24, "TEHNICIAN MECATRONIST": 30, "MUZICA": 16, "TEHNICIAN IN ACTIVITATI DE COMERT": 28, "TEHNICIAN OPERATOR TEHNICA DE CALCUL": 33, "TEOLOGIE ROMANO-CATOLICA": 53, "LICEU CU PROGRAM SPORTIV": 41, "TEHNICIAN IN ACHIZITII SI CONTRACTARI": 31, "COAFOR STILIST": 14, "EDUCATOR-PUERICULTOR": 23, "TEHNICIAN IN TURISM": 28, "TEHNICIAN ANALIZE PRODUSE ALIMENTARE": 22, "TEOLOGIE ORTODOXA": 30, "TEHNICIAN IN GASTRONOMIE": 19, "TEHNICIAN IN INDUSTRIA ALIMENTARA": 7, "TEOLOGIE REFORMATA": 13, "TEHNICIAN ELECTRONIST": 30, "TEHNICIAN ECOLOG SI PROTECTIA CALITATII MEDIULUI": 28, "TEHNICIAN PROIECTANT CAD": 6, "TEHNICIAN DE TELECOMUNICATII": 3, "TEHNICIAN DESIGNER VESTIMENTAR": 17, "TEHNICIAN IN PRELUCRAREA LEMNULUI": 4, "TEHNICIAN ELECTRICIAN/ELECTRONIST AUTO": 22, "TEHNICIAN MECANIC PENTRU INTRETINERE SI REPARATII": 1, "TEHNICIAN TRANSPORTURI": 5, "TEHNICIAN IN AUTOMATIZARI": 4, "TEHNICIAN IN INDUSTRIA TEXTILA": 2, "TEHNICIAN IN SILVICULTURA SI EXPLOATARI FORESTIERE": 2}, "limba_moderna": {"LIMBA ENGLEZA": 1749, "LIMBA GERMANA MODERNA": 75, "LIMBA FRANCEZA": 33}, "limba_materna": {"LIMBA ROMANA": 1419, "LIMBA GERMANA": 44, "LIMBA MAGHIARA": 394}, "promotie_anterioara": {"NU": 1644, "DA": 213}, "materii": {"LIMBA ROMANA": {"medie": 6.499371927908251, "reusita": 85.78352180936996, "cnt": 1857}, "MATEMATICA MATE-INFO": {"medie": 8.190057636887605, "reusita": 95.42857142857143, "cnt": 350}, "ANATOMIE SI FIZIOLOGIE UMANA, GENETICA SI ECOLOGIE UMANA": {"medie": 8.429156010230171, "reusita": 97.22222222222221, "cnt": 396}, "GENERAL": {"medie": 7.190899244100295, "reusita": 72.37479806138933, "cnt": 1857}, "MATEMATICA ST-NAT": {"medie": 7.952689873417714, "reusita": 93.76947040498442, "cnt": 321}, "CHIMIE ORGANICA TEO NIVEL I/II": {"medie": 9.100000000000001, "reusita": 100.0, "cnt": 34}, "CHIMIE ANORGANICA TEO NIVEL I/II": {"medie": 8.496666666666666, "reusita": 100.0, "cnt": 15}, "INFORMATICA MI C/C++": {"medie": 8.811347517730502, "reusita": 100.0, "cnt": 141}, "ISTORIE": {"medie": 6.879740061162077, "reusita": 89.0909090909091, "cnt": 660}, "LOGICA, ARGUMENTARE SI COMUNICARE": {"medie": 8.70138888888889, "reusita": 100.0, "cnt": 36}, "MATEMATICA PED": {"medie": 9.168518518518518, "reusita": 100.0, "cnt": 27}, "FIZICA TEO": {"medie": 8.870833333333334, "reusita": 100.0, "cnt": 24}, "SOCIOLOGIE": {"medie": 7.779411764705882, "reusita": 94.11764705882352, "cnt": 17}, "PSIHOLOGIE": {"medie": 7.413157894736842, "reusita": 89.74358974358975, "cnt": 39}, "GEOGRAFIE": {"medie": 7.74192961165049, "reusita": 95.22102747909199, "cnt": 837}, "INFORMATICA SN C/C++": {"medie": 8.242307692307692, "reusita": 100.0, "cnt": 13}, "BIOLOGIE VEGETALA SI ANIMALA": {"medie": 5.78026315789474, "reusita": 67.37288135593221, "cnt": 236}, "MATEMATICA TEHN": {"medie": 5.844087136929457, "reusita": 68.93787575150301, "cnt": 499}, "FILOSOFIE": {"medie": 7.164814814814815, "reusita": 88.88888888888889, "cnt": 27}, "LIMBA MAGHIARA (REAL)": {"medie": 7.837699680511181, "reusita": 98.73417721518987, "cnt": 316}, "LIMBA GERMANA": {"medie": 9.204545454545455, "reusita": 100.0, "cnt": 44}, "ECONOMIE": {"medie": 6.3, "reusita": 100.0, "cnt": 2}, "INFORMATICA MI PASCAL": {"medie": 8.705357142857142, "reusita": 100.0, "cnt": 28}, "LIMBA MAGHIARA (UMAN)": {"medie": 8.174358974358976, "reusita": 98.71794871794873, "cnt": 78}, "FIZICA TEH": {"medie": 3.4187499999999997, "reusita": 25.0, "cnt": 8}, "CHIMIE ANORGANICA TEH NIVEL I/II": {"medie": 3.6125, "reusita": 25.0, "cnt": 4}}, "nume": "Satu-Mare"}