{"specializari": {"STIINTE ALE NATURII": 414, "FILOLOGIE": 425, "TEOLOGIE BAPTISTA": 15, "MATEMATICA-INFORMATICA": 215, "STIINTE SOCIALE": 124, "TEHNICIAN IN ACTIVITATI ECONOMICE": 189, "TEHNICIAN IN GASTRONOMIE": 45, "ARTE PLASTICE SI DECORATIVE": 30, "MUZICA": 18, "INVATATOR - EDUCATOARE": 82, "LICEU CU PROGRAM SPORTIV": 61, "TEHNICIAN IN ACHIZITII SI CONTRACTARI": 23, "TEHNICIAN IN TURISM": 111, "TEHNICIAN IN ACTIVITATI DE COMERT": 63, "TEHNICIAN ELECTRONIST": 18, "TEHNICIAN AGROMONTAN": 26, "TEHNICIAN IN AUTOMATIZARI": 42, "TEHNICIAN ELECTROMECANIC": 26, "COAFOR STILIST": 25, "TEHNICIAN ECOLOG SI PROTECTIA CALITATII MEDIULUI": 48, "TEHNICIAN OPERATOR TEHNICA DE CALCUL": 36, "TEHNICIAN VETERINAR": 34, "TEHNICIAN IN INSTALATII ELECTRICE": 15, "TEHNICIAN IN AGROTURISM": 30, "TEHNICIAN DESIGNER MOBILA SI AMENAJARI INTERIOARE": 20, "TEHNICIAN DESIGNER VESTIMENTAR": 44, "TEHNICIAN DESENATOR PENTRU CONSTRUCTII SI INSTALATII": 10, "TEOLOGIE ORTODOXA": 17, "TEHNICIAN PROIECTANT CAD": 9, "TEHNICIAN IN INDUSTRIA PIELARIEI": 1, "TEHNICIAN IN INDUSTRIA ALIMENTARA": 12, "TEHNICIAN MECANIC PENTRU INTRETINERE SI REPARATII": 11, "TEHNICIAN MECATRONIST": 20, "TEHNICIAN ANALIZE PRODUSE ALIMENTARE": 9, "TEHNICIAN ELECTRICIAN/ELECTRONIST AUTO": 2, "TEHNICIAN ELECTROTEHNIST": 3, "TEHNICIAN ENERGETICIAN": 1, "ORGANIZATOR BANQUETING": 5, "TEHNICIAN TRANSPORTURI": 9, "TEHNICIAN IN PRELUCRAREA LEMNULUI": 2, "TEHNICIAN IN SILVICULTURA SI EXPLOATARI FORESTIERE": 4, "TEHNICIAN IN ADMINISTRATIE": 4, "TEHNICIAN IN INDUSTRIA TEXTILA": 3, "TEHNICIAN DE TELECOMUNICATII": 1, "TEHNICIAN PRELUCRARI LA CALD": 8, "TEHNICIAN IN INDUSTRIA ALIMENTARA EXTRACTIVA": 1, "TEHNICIAN IN ACTIVITATI DE POSTA": 1, "ARHITECTURA, ARTE AMBIENTALE SI DESIGN": 1}, "limba_moderna": {"LIMBA ENGLEZA": 2252, "LIMBA GERMANA MODERNA": 33, "LIMBA FRANCEZA": 26, "LIMBA SPANIOLA": 2}, "limba_materna": {"LIMBA ROMANA": 2031, "LIMBA GERMANA": 281, "LIMBA MAGHIARA": 1}, "promotie_anterioara": {"NU": 2083, "DA": 230}, "materii": {"LIMBA ROMANA": {"medie": 6.935850310008861, "reusita": 90.18590575010809, "cnt": 2313}, "MATEMATICA MATE-INFO": {"medie": 8.756511627906974, "reusita": 98.13953488372093, "cnt": 215}, "ANATOMIE SI FIZIOLOGIE UMANA, GENETICA SI ECOLOGIE UMANA": {"medie": 8.449823943661963, "reusita": 97.55244755244755, "cnt": 286}, "GENERAL": {"medie": 7.45585860872189, "reusita": 76.30782533506269, "cnt": 2313}, "MATEMATICA ST-NAT": {"medie": 8.95536585365854, "reusita": 98.55072463768117, "cnt": 414}, "CHIMIE ORGANICA TEO NIVEL I/II": {"medie": 9.134375, "reusita": 100.0, "cnt": 16}, "CHIMIE ANORGANICA TEO NIVEL I/II": {"medie": 8.155555555555555, "reusita": 88.88888888888889, "cnt": 9}, "INFORMATICA MI C/C++": {"medie": 8.809090909090912, "reusita": 100.0, "cnt": 121}, "ISTORIE": {"medie": 6.966814159292034, "reusita": 86.5412445730825, "cnt": 691}, "LOGICA, ARGUMENTARE SI COMUNICARE": {"medie": 8.452744630071601, "reusita": 96.67458432304038, "cnt": 421}, "MATEMATICA PED": {"medie": 8.433536585365854, "reusita": 100.0, "cnt": 82}, "FIZICA TEO": {"medie": 8.776404494382021, "reusita": 100.0, "cnt": 89}, "SOCIOLOGIE": {"medie": 6.885416666666668, "reusita": 91.66666666666666, "cnt": 24}, "PSIHOLOGIE": {"medie": 7.3315789473684205, "reusita": 100.0, "cnt": 38}, "GEOGRAFIE": {"medie": 7.842475386779189, "reusita": 91.2398921832884, "cnt": 742}, "INFORMATICA SN C/C++": {"medie": 8.741999999999999, "reusita": 96.15384615384616, "cnt": 26}, "BIOLOGIE VEGETALA SI ANIMALA": {"medie": 6.8899558498896205, "reusita": 79.33194154488518, "cnt": 479}, "MATEMATICA TEHN": {"medie": 6.691637220259136, "reusita": 81.55872667398462, "cnt": 911}, "FILOSOFIE": {"medie": 7.6625000000000005, "reusita": 100.0, "cnt": 4}, "LIMBA MAGHIARA (REAL)": {"medie": 5.7, "reusita": 100.0, "cnt": 1}, "LIMBA GERMANA": {"medie": 8.019285714285713, "reusita": 98.93238434163702, "cnt": 281}, "ECONOMIE": {"medie": 6.255555555555556, "reusita": 70.0, "cnt": 10}, "CHIMIE ORGANICA TEH NIVEL I/II": {"medie": "-", "reusita": 0.0, "cnt": 1}, "FIZICA TEH": {"medie": 6.376190476190477, "reusita": 65.38461538461539, "cnt": 26}, "CHIMIE ANORGANICA TEH NIVEL I/II": {"medie": 4.822727272727273, "reusita": 23.809523809523807, "cnt": 21}}, "nume": "Sibiu"}