{"specializari": {"STIINTE ALE NATURII": 612, "FILOLOGIE": 663, "STIINTE SOCIALE": 695, "MATEMATICA-INFORMATICA": 1001, "TEHNICIAN IN ACTIVITATI ECONOMICE": 397, "INVATATOR - EDUCATOARE": 60, "ARHITECTURA, ARTE AMBIENTALE SI DESIGN": 33, "TEHNICIAN IN ADMINISTRATIE": 28, "MUZICA": 26, "TEHNICIAN IN TURISM": 296, "TEHNICIAN IN GASTRONOMIE": 60, "ORGANIZATOR BANQUETING": 92, "ARTE PLASTICE SI DECORATIVE": 28, "TEHNICIAN ANALIZE PRODUSE ALIMENTARE": 45, "TEHNICIAN IN HOTELARIE": 44, "TEHNICIAN IN SILVICULTURA SI EXPLOATARI FORESTIERE": 67, "TEHNICIAN IN INDUSTRIA ALIMENTARA": 42, "CONSERVARE - RESTAURARE": 29, "TEHNICIAN IN ACTIVITATI DE COMERT": 50, "LICEU CU PROGRAM SPORTIV": 111, "TEHNICIAN IN AUTOMATIZARI": 60, "TEOLOGIE ORTODOXA": 19, "TEHNICIAN ECOLOG SI PROTECTIA CALITATII MEDIULUI": 79, "TEHNICIAN VETERINAR": 32, "TEHNICIAN DESENATOR PENTRU CONSTRUCTII SI INSTALATII": 29, "TEHNICIAN IN AGROTURISM": 14, "TEHNICIAN MECANIC PENTRU INTRETINERE SI REPARATII": 76, "TEHNICIAN ELECTROMECANIC": 25, "TEHNICIAN IN INSTALATII ELECTRICE": 35, "TEHNICIAN IN INDUSTRIA TEXTILA": 23, "TEHNICIAN OPERATOR TEHNICA DE CALCUL": 13, "TEHNICIAN DESIGNER VESTIMENTAR": 28, "TEHNICIAN MECATRONIST": 35, "COAFOR STILIST": 1, "TEHNICIAN TRANSPORTURI": 55, "TEHNICIAN IN CONSTRUCTII SI LUCRARI PUBLICE": 5, "TEHNICIAN PROIECTANT CAD": 4, "TEHNICIAN ELECTRICIAN/ELECTRONIST AUTO": 4, "TEHNICIAN IN PRELUCRAREA LEMNULUI": 11, "TEHNICIAN IN INDUSTRIA PIELARIEI": 8, "TEOLOGIE ADVENTISTA": 1, "TEHNICIAN HORTICULTOR": 5, "TEHNICIAN AGRONOM": 1, "TEHNICIAN INSTALATOR PENTRU CONSTRUCTII": 1}, "limba_moderna": {"LIMBA ENGLEZA": 4565, "LIMBA FRANCEZA": 322, "LIMBA GERMANA MODERNA": 54, "LIMBA SPANIOLA": 2}, "limba_materna": {"LIMBA ROMANA": 4924, "LIMBA UCRAINEANA": 19}, "promotie_anterioara": {"NU": 4544, "DA": 399}, "materii": {"LIMBA ROMANA": {"medie": 7.075397973950793, "reusita": 90.39045114303055, "cnt": 4943}, "MATEMATICA MATE-INFO": {"medie": 8.261400817995906, "reusita": 92.6073926073926, "cnt": 1001}, "ANATOMIE SI FIZIOLOGIE UMANA, GENETICA SI ECOLOGIE UMANA": {"medie": 7.842178542178558, "reusita": 90.5675459632294, "cnt": 1251}, "GENERAL": {"medie": 7.378597128615558, "reusita": 74.83309730932632, "cnt": 4943}, "MATEMATICA ST-NAT": {"medie": 8.00993377483444, "reusita": 90.359477124183, "cnt": 612}, "CHIMIE ORGANICA TEO NIVEL I/II": {"medie": 9.32685185185185, "reusita": 100.0, "cnt": 54}, "CHIMIE ANORGANICA TEO NIVEL I/II": {"medie": 8.409090909090908, "reusita": 90.9090909090909, "cnt": 11}, "INFORMATICA MI C/C++": {"medie": 8.84723032069971, "reusita": 99.12790697674419, "cnt": 344}, "ISTORIE": {"medie": 7.339467005076145, "reusita": 92.14953271028037, "cnt": 1605}, "LOGICA, ARGUMENTARE SI COMUNICARE": {"medie": 8.346200980392155, "reusita": 94.30633520449078, "cnt": 1247}, "MATEMATICA PED": {"medie": 9.414166666666667, "reusita": 100.0, "cnt": 60}, "FIZICA TEO": {"medie": 8.755921052631578, "reusita": 96.73202614379085, "cnt": 153}, "SOCIOLOGIE": {"medie": 7.846666666666668, "reusita": 95.08196721311475, "cnt": 61}, "PSIHOLOGIE": {"medie": 7.51935483870968, "reusita": 95.23809523809523, "cnt": 63}, "GEOGRAFIE": {"medie": 7.74020661157026, "reusita": 92.94975688816855, "cnt": 1234}, "INFORMATICA SN C/C++": {"medie": 8.74, "reusita": 83.33333333333334, "cnt": 6}, "BIOLOGIE VEGETALA SI ANIMALA": {"medie": 5.008181818181819, "reusita": 44.779582366589324, "cnt": 431}, "MATEMATICA TEHN": {"medie": 5.890668348045395, "reusita": 69.48948948948949, "cnt": 1665}, "FILOSOFIE": {"medie": 7.826666666666666, "reusita": 100.0, "cnt": 15}, "ECONOMIE": {"medie": 7.761538461538461, "reusita": 100.0, "cnt": 13}, "CHIMIE ORGANICA TEH NIVEL I/II": {"medie": 8.1, "reusita": 100.0, "cnt": 1}, "FIZICA TEH": {"medie": 5.022368421052631, "reusita": 48.717948717948715, "cnt": 39}, "CHIMIE ANORGANICA TEH NIVEL I/II": {"medie": 5.465, "reusita": 70.0, "cnt": 20}, "LIMBA UCRAINEANA": {"medie": 7.9, "reusita": 89.47368421052632, "cnt": 19}}, "nume": "Suceava"}