{"specializari": {"MATEMATICA-INFORMATICA": 437, "FILOLOGIE": 636, "INVATATOR - EDUCATOARE": 55, "STIINTE SOCIALE": 159, "TEHNICIAN ECOLOG SI PROTECTIA CALITATII MEDIULUI": 39, "STIINTE ALE NATURII": 108, "TEHNICIAN IN ACTIVITATI ECONOMICE": 116, "TEOLOGIE ORTODOXA": 11, "LICEU CU PROGRAM SPORTIV": 43, "TEHNICIAN IN TURISM": 34, "TEHNICIAN TRANSPORTURI": 18, "TEHNICIAN VETERINAR": 10, "TEHNICIAN ELECTROMECANIC": 13, "TEHNICIAN MECATRONIST": 14, "TEHNICIAN MECANIC PENTRU INTRETINERE SI REPARATII": 21, "TEHNICIAN IN INSTALATII ELECTRICE": 12, "ORGANIZATOR BANQUETING": 7, "TEHNICIAN IN ACTIVITATI DE COMERT": 31, "TEHNICIAN IN AGRICULTURA": 5, "TEHNICIAN ANALIZE PRODUSE ALIMENTARE": 17, "TEHNICIAN IN GASTRONOMIE": 29, "TEHNICIAN PRELUCRARI MECANICE": 11, "TEHNICIAN ELECTROTEHNIST": 2, "TEHNICIAN AGROMONTAN": 1, "TEHNICIAN IN ADMINISTRATIE": 3, "TEHNICIAN IN HOTELARIE": 1, "TEHNICIAN ELECTRICIAN/ELECTRONIST AUTO": 1, "TEHNICIAN PROIECTANT CAD": 1}, "limba_moderna": {"LIMBA ENGLEZA": 1754, "LIMBA FRANCEZA": 80, "LIMBA SPANIOLA": 1}, "limba_materna": {"LIMBA ROMANA": 1835}, "promotie_anterioara": {"NU": 1566, "DA": 269}, "materii": {"LIMBA ROMANA": {"medie": 6.300312145289448, "reusita": 76.83923705722071, "cnt": 1835}, "MATEMATICA MATE-INFO": {"medie": 6.6975294117647035, "reusita": 75.51487414187643, "cnt": 437}, "ANATOMIE SI FIZIOLOGIE UMANA, GENETICA SI ECOLOGIE UMANA": {"medie": 6.2995956873315375, "reusita": 66.33165829145729, "cnt": 398}, "GENERAL": {"medie": 6.528557273087593, "reusita": 57.11171662125341, "cnt": 1835}, "MATEMATICA ST-NAT": {"medie": 4.028865979381444, "reusita": 39.81481481481482, "cnt": 108}, "CHIMIE ORGANICA TEO NIVEL I/II": {"medie": 9.286, "reusita": 96.0, "cnt": 25}, "INFORMATICA MI C/C++": {"medie": 8.0575, "reusita": 95.1219512195122, "cnt": 41}, "ISTORIE": {"medie": 6.6915662650602465, "reusita": 84.92343934040048, "cnt": 849}, "LOGICA, ARGUMENTARE SI COMUNICARE": {"medie": 8.257239819004525, "reusita": 92.85714285714286, "cnt": 224}, "MATEMATICA PED": {"medie": 7.969090909090908, "reusita": 90.9090909090909, "cnt": 55}, "FIZICA TEO": {"medie": 8.423295454545455, "reusita": 96.5909090909091, "cnt": 88}, "SOCIOLOGIE": {"medie": 5.986363636363636, "reusita": 61.53846153846154, "cnt": 78}, "PSIHOLOGIE": {"medie": 6.981666666666668, "reusita": 82.35294117647058, "cnt": 34}, "GEOGRAFIE": {"medie": 7.133060109289612, "reusita": 81.48631029986963, "cnt": 767}, "INFORMATICA SN C/C++": {"medie": 10.0, "reusita": 100.0, "cnt": 1}, "BIOLOGIE VEGETALA SI ANIMALA": {"medie": 4.50546218487395, "reusita": 39.86486486486486, "cnt": 148}, "MATEMATICA TEHN": {"medie": 3.8074534161490656, "reusita": 34.97409326424871, "cnt": 386}, "FILOSOFIE": {"medie": 7.383333333333334, "reusita": 100.0, "cnt": 6}, "ECONOMIE": {"medie": 7.021874999999999, "reusita": 100.0, "cnt": 16}, "CHIMIE ORGANICA TEH NIVEL I/II": {"medie": 6.9, "reusita": 100.0, "cnt": 1}, "FIZICA TEH": {"medie": 4.61, "reusita": 60.0, "cnt": 5}, "CHIMIE ANORGANICA TEH NIVEL I/II": {"medie": 4.983333333333333, "reusita": 66.66666666666666, "cnt": 3}}, "nume": "Teleorman"}