{"specializari": {"STIINTE SOCIALE": 293, "MATEMATICA-INFORMATICA": 756, "FILOLOGIE": 630, "INVATATOR - EDUCATOARE": 28, "STIINTE ALE NATURII": 561, "TEOLOGIE ORTODOXA": 29, "TEHNICIAN IN ACTIVITATI ECONOMICE": 446, "TEHNICIAN IN TURISM": 91, "MUZICA": 40, "TEHNICIAN OPERATOR TEHNICA DE CALCUL": 89, "TEHNICIAN IN ADMINISTRATIE": 87, "TEOLOGIE PENTICOSTALA": 23, "ORGANIZATOR BANQUETING": 58, "TEOLOGIE ROMANO-CATOLICA": 24, "ARTA ACTORULUI": 8, "TEHNICIAN ANALIZE PRODUSE ALIMENTARE": 93, "TEHNICIAN IN GASTRONOMIE": 60, "TEOLOGIE BAPTISTA": 31, "COREGRAFIE": 8, "LICEU CU PROGRAM SPORTIV": 131, "ARHITECTURA, ARTE AMBIENTALE SI DESIGN": 95, "ARTE PLASTICE SI DECORATIVE": 28, "COAFOR STILIST": 33, "TEHNICIAN IN ACTIVITATI DE COMERT": 29, "TEHNICIAN MECANIC PENTRU INTRETINERE SI REPARATII": 28, "TEHNICIAN OPERATORI ROBOTI INDUSTRIALI": 23, "TEHNICIAN ECOLOG SI PROTECTIA CALITATII MEDIULUI": 38, "TEHNICIAN IN AUTOMATIZARI": 58, "TEHNICIAN DE TELECOMUNICATII": 48, "TEHNICIAN MECATRONIST": 52, "TEHNICIAN DESIGNER MOBILA SI AMENAJARI INTERIOARE": 2, "TEHNICIAN IN INSTALATII ELECTRICE": 84, "TEHNICIAN TRANSPORTURI": 11, "TEHNICIAN DESENATOR PENTRU CONSTRUCTII SI INSTALATII": 38, "TEHNICIAN OPERATOR PROCESARE TEXT IMAGINE": 20, "TEHNICIAN IN SILVICULTURA SI EXPLOATARI FORESTIERE": 12, "TEHNICIAN IN CHIMIE INDUSTRIALA": 5, "TEHNICIAN ELECTROTEHNIST": 5, "TEHNICIAN ELECTROMECANIC": 13, "TEHNICIAN HORTICULTOR": 1, "TEHNICIAN PROIECTANT CAD": 2, "TEHNICIAN IN AGRICULTURA": 11, "TEHNICIAN IN ACTIVITATI DE POSTA": 2, "TEHNICIAN DESIGNER VESTIMENTAR": 13, "TEHNICIAN ENERGETICIAN": 6, "TEHNICIAN VETERINAR": 2, "TEHNICIAN AGRONOM": 1, "TEHNICIAN IN INDUSTRIA TEXTILA": 4, "TEHNICIAN IN INDUSTRIA PIELARIEI": 2, "TEHNICIAN CHIMIST DE LABORATOR": 2, "TEHNICIAN IN CONSTRUCTII SI LUCRARI PUBLICE": 2, "TEHNICIAN ELECTRICIAN/ELECTRONIST AUTO": 2, "TEHNICIAN IN PRELUCRAREA LEMNULUI": 1}, "limba_moderna": {"LIMBA ENGLEZA": 3955, "LIMBA FRANCEZA": 139, "LIMBA ITALIANA": 19, "LIMBA GERMANA MODERNA": 24, "LIMBA SPANIOLA": 22}, "limba_materna": {"LIMBA ROMANA": 3983, "LIMBA MAGHIARA": 43, "LIMBA SARBA": 20, "LIMBA GERMANA": 87, "LIMBA UCRAINEANA": 26}, "promotie_anterioara": {"NU": 3647, "DA": 512}, "materii": {"LIMBA ROMANA": {"medie": 6.642659074028188, "reusita": 86.31882664101947, "cnt": 4159}, "MATEMATICA MATE-INFO": {"medie": 8.096567967698524, "reusita": 90.60846560846561, "cnt": 756}, "ANATOMIE SI FIZIOLOGIE UMANA, GENETICA SI ECOLOGIE UMANA": {"medie": 7.90744797371304, "reusita": 89.36170212765957, "cnt": 940}, "GENERAL": {"medie": 7.046008136282739, "reusita": 67.82880500120221, "cnt": 4159}, "MATEMATICA ST-NAT": {"medie": 7.8252260397830105, "reusita": 90.73083778966132, "cnt": 561}, "CHIMIE ORGANICA TEO NIVEL I/II": {"medie": 9.54375, "reusita": 100.0, "cnt": 16}, "CHIMIE ANORGANICA TEO NIVEL I/II": {"medie": 8.155555555555557, "reusita": 100.0, "cnt": 18}, "INFORMATICA MI C/C++": {"medie": 8.814682539682542, "reusita": 99.60317460317461, "cnt": 252}, "ISTORIE": {"medie": 6.771780303030307, "reusita": 84.55223880597015, "cnt": 1340}, "LOGICA, ARGUMENTARE SI COMUNICARE": {"medie": 8.221774193548384, "reusita": 95.16129032258065, "cnt": 186}, "MATEMATICA PED": {"medie": 9.530357142857142, "reusita": 100.0, "cnt": 28}, "FIZICA TEO": {"medie": 8.608620689655172, "reusita": 100.0, "cnt": 58}, "SOCIOLOGIE": {"medie": 7.23090909090909, "reusita": 94.54545454545455, "cnt": 55}, "PSIHOLOGIE": {"medie": 7.146296296296294, "reusita": 98.76543209876543, "cnt": 81}, "GEOGRAFIE": {"medie": 7.664714204866996, "reusita": 89.99456226209897, "cnt": 1839}, "INFORMATICA SN C/C++": {"medie": 8.425, "reusita": 100.0, "cnt": 2}, "BIOLOGIE VEGETALA SI ANIMALA": {"medie": 5.548841059602647, "reusita": 59.66257668711656, "cnt": 652}, "MATEMATICA TEHN": {"medie": 5.8021851851851975, "reusita": 65.73948439620081, "cnt": 1474}, "FILOSOFIE": {"medie": 7.5, "reusita": 100.0, "cnt": 6}, "LIMBA MAGHIARA (REAL)": {"medie": 6.855769230769231, "reusita": 100.0, "cnt": 26}, "LIMBA GERMANA": {"medie": 7.439655172413793, "reusita": 100.0, "cnt": 87}, "ECONOMIE": {"medie": 7.107142857142857, "reusita": 100.0, "cnt": 7}, "CHIMIE ORGANICA TEH NIVEL I/II": {"medie": 4.0, "reusita": 0.0, "cnt": 1}, "INFORMATICA MI PASCAL": {"medie": 6.914285714285714, "reusita": 85.71428571428571, "cnt": 7}, "LIMBA MAGHIARA (UMAN)": {"medie": 5.1117647058823525, "reusita": 70.58823529411765, "cnt": 17}, "FIZICA TEH": {"medie": 6.40625, "reusita": 67.64705882352942, "cnt": 34}, "CHIMIE ANORGANICA TEH NIVEL I/II": {"medie": 4.183333333333334, "reusita": 40.0, "cnt": 5}, "LIMBA SARBA": {"medie": 8.7375, "reusita": 100.0, "cnt": 20}, "LIMBA UCRAINEANA": {"medie": 8.75576923076923, "reusita": 100.0, "cnt": 26}}, "nume": "Timi\u0219"}