{"specializari": {"MATEMATICA-INFORMATICA": 172, "INVATATOR - EDUCATOARE": 27, "STIINTE ALE NATURII": 125, "FILOLOGIE": 141, "STIINTE SOCIALE": 150, "TEHNICIAN IN ACTIVITATI ECONOMICE": 55, "ARHITECTURA, ARTE AMBIENTALE SI DESIGN": 10, "ARTE PLASTICE SI DECORATIVE": 16, "TEHNICIAN IN GASTRONOMIE": 20, "TEOLOGIE ORTODOXA": 27, "MUZICA": 11, "TEHNICIAN ECOLOG SI PROTECTIA CALITATII MEDIULUI": 77, "TEHNICIAN IN AGRICULTURA": 7, "TEHNICIAN IN TURISM": 28, "TEHNICIAN IN ACTIVITATI DE COMERT": 43, "TEHNICIAN IN INDUSTRIA TEXTILA": 13, "TEHNICIAN IN AUTOMATIZARI": 25, "LICEU CU PROGRAM SPORTIV": 36, "ARTA ACTORULUI": 11, "TEHNICIAN IN INDUSTRIA ALIMENTARA": 20, "TEHNICIAN ELECTROMECANIC": 26, "TEHNICIAN VETERINAR": 9, "TEHNICIAN IN ADMINISTRATIE": 4, "TEHNICIAN AGRONOM": 1, "TEHNICIAN INSTALATOR PENTRU CONSTRUCTII": 17, "TEHNICIAN ELECTROTEHNIST": 2, "TEHNICIAN ANALIZE PRODUSE ALIMENTARE": 19, "TEHNICIAN MECANIC PENTRU INTRETINERE SI REPARATII": 10, "TEHNICIAN MECATRONIST": 5, "TEHNICIAN IN CONSTRUCTII SI LUCRARI PUBLICE": 2, "TEHNICIAN IN AGROTURISM": 5, "TEHNICIAN DE TELECOMUNICATII": 2, "TEHNICIAN IN INSTALATII ELECTRICE": 1}, "limba_moderna": {"LIMBA ENGLEZA": 1080, "LIMBA RUSA": 5, "LIMBA FRANCEZA": 32}, "limba_materna": {"LIMBA ROMANA": 1117}, "promotie_anterioara": {"NU": 941, "DA": 176}, "materii": {"LIMBA ROMANA": {"medie": 6.856169429097627, "reusita": 88.54073410922113, "cnt": 1117}, "MATEMATICA MATE-INFO": {"medie": 7.497041420118343, "reusita": 83.72093023255815, "cnt": 172}, "ANATOMIE SI FIZIOLOGIE UMANA, GENETICA SI ECOLOGIE UMANA": {"medie": 7.775496688741723, "reusita": 86.83385579937304, "cnt": 319}, "GENERAL": {"medie": 7.153453738910011, "reusita": 66.78603401969562, "cnt": 1117}, "MATEMATICA ST-NAT": {"medie": 8.605284552845532, "reusita": 95.19999999999999, "cnt": 125}, "CHIMIE ORGANICA TEO NIVEL I/II": {"medie": 9.325, "reusita": 100.0, "cnt": 4}, "CHIMIE ANORGANICA TEO NIVEL I/II": {"medie": 7.958333333333335, "reusita": 91.66666666666666, "cnt": 24}, "INFORMATICA MI C/C++": {"medie": 8.45, "reusita": 100.0, "cnt": 10}, "ISTORIE": {"medie": 7.488510101010108, "reusita": 93.28358208955224, "cnt": 402}, "LOGICA, ARGUMENTARE SI COMUNICARE": {"medie": 8.242084942084942, "reusita": 91.95402298850574, "cnt": 261}, "MATEMATICA PED": {"medie": 8.02962962962963, "reusita": 96.29629629629629, "cnt": 27}, "FIZICA TEO": {"medie": 9.033000000000001, "reusita": 98.0, "cnt": 50}, "SOCIOLOGIE": {"medie": 8.61, "reusita": 100.0, "cnt": 5}, "PSIHOLOGIE": {"medie": 8.129999999999999, "reusita": 100.0, "cnt": 5}, "GEOGRAFIE": {"medie": 7.393881118881114, "reusita": 87.91946308724832, "cnt": 298}, "BIOLOGIE VEGETALA SI ANIMALA": {"medie": 5.199122807017543, "reusita": 52.03252032520326, "cnt": 123}, "MATEMATICA TEHN": {"medie": 5.313407821229049, "reusita": 56.52173913043478, "cnt": 391}, "FILOSOFIE": {"medie": "-", "reusita": 0.0, "cnt": 1}, "ECONOMIE": {"medie": 7.633333333333334, "reusita": 100.0, "cnt": 9}, "FIZICA TEH": {"medie": 4.357142857142857, "reusita": 25.0, "cnt": 8}}, "nume": "Tulcea"}