{"specializari": {"MATEMATICA-INFORMATICA": 340, "STIINTE ALE NATURII": 556, "INVATATOR - EDUCATOARE": 27, "STIINTE SOCIALE": 227, "FILOLOGIE": 281, "MUZICA": 31, "ARTE PLASTICE SI DECORATIVE": 37, "LICEU CU PROGRAM SPORTIV": 60, "TEHNICIAN IN ACTIVITATI ECONOMICE": 135, "TEHNICIAN ECOLOG SI PROTECTIA CALITATII MEDIULUI": 57, "TEHNICIAN IN TURISM": 53, "TEHNICIAN IN AUTOMATIZARI": 62, "TEHNICIAN IN GASTRONOMIE": 18, "TEOLOGIE ORTODOXA": 19, "TEHNICIAN IN SILVICULTURA SI EXPLOATARI FORESTIERE": 24, "TEHNICIAN MECATRONIST": 70, "TEHNICIAN IN ADMINISTRATIE": 46, "TEHNICIAN ANALIZE PRODUSE ALIMENTARE": 36, "TEHNICIAN OPERATOR TEHNICA DE CALCUL": 35, "TEHNICIAN IN INSTALATII ELECTRICE": 49, "TEHNICIAN IN ACTIVITATI DE COMERT": 21, "TEHNICIAN TRANSPORTURI": 28, "TEHNICIAN AGROMONTAN": 30, "TEHNICIAN PROIECTANT CAD": 24, "TEHNICIAN IN INDUSTRIA ALIMENTARA": 9, "TEHNICIAN ELECTROTEHNIST": 24, "TEHNICIAN MECANIC PENTRU INTRETINERE SI REPARATII": 42, "TEHNICIAN VETERINAR": 15, "TEHNICIAN ELECTRICIAN/ELECTRONIST AUTO": 12, "TEHNICIAN DESIGNER MOBILA SI AMENAJARI INTERIOARE": 4, "TEHNICIAN IN INDUSTRIA TEXTILA": 10, "TEHNICIAN HIDRO-METEOROLOG": 4, "TEHNICIAN DESIGNER VESTIMENTAR": 2, "TEHNICIAN DESENATOR PENTRU CONSTRUCTII SI INSTALATII": 1, "COAFOR STILIST": 1, "TEHNICIAN IN HOTELARIE": 1, "TEHNICIAN ELECTROMECANIC": 2}, "limba_moderna": {"LIMBA ENGLEZA": 2273, "LIMBA FRANCEZA": 120}, "limba_materna": {"LIMBA ROMANA": 2393}, "promotie_anterioara": {"NU": 2071, "DA": 322}, "materii": {"LIMBA ROMANA": {"medie": 7.396082168572653, "reusita": 93.35562055996657, "cnt": 2393}, "MATEMATICA MATE-INFO": {"medie": 8.616323529411764, "reusita": 95.88235294117648, "cnt": 340}, "ANATOMIE SI FIZIOLOGIE UMANA, GENETICA SI ECOLOGIE UMANA": {"medie": 7.521125827814572, "reusita": 87.53246753246754, "cnt": 770}, "GENERAL": {"medie": 7.438965715932005, "reusita": 75.21938988717092, "cnt": 2393}, "MATEMATICA ST-NAT": {"medie": 7.183180147058824, "reusita": 80.39568345323741, "cnt": 556}, "CHIMIE ORGANICA TEO NIVEL I/II": {"medie": 9.200000000000001, "reusita": 100.0, "cnt": 27}, "INFORMATICA MI C/C++": {"medie": 9.20420168067227, "reusita": 100.0, "cnt": 119}, "ISTORIE": {"medie": 7.643348623853232, "reusita": 97.86259541984734, "cnt": 655}, "LOGICA, ARGUMENTARE SI COMUNICARE": {"medie": 8.417587939698489, "reusita": 93.10344827586206, "cnt": 203}, "MATEMATICA PED": {"medie": 9.83148148148148, "reusita": 100.0, "cnt": 27}, "FIZICA TEO": {"medie": 9.205042016806722, "reusita": 100.0, "cnt": 119}, "SOCIOLOGIE": {"medie": 8.379577464788733, "reusita": 100.0, "cnt": 71}, "PSIHOLOGIE": {"medie": 7.9, "reusita": 100.0, "cnt": 20}, "GEOGRAFIE": {"medie": 8.018866459627317, "reusita": 95.84615384615385, "cnt": 650}, "INFORMATICA SN C/C++": {"medie": 8.45, "reusita": 90.0, "cnt": 10}, "BIOLOGIE VEGETALA SI ANIMALA": {"medie": 5.298452012383899, "reusita": 59.77011494252874, "cnt": 348}, "MATEMATICA TEHN": {"medie": 5.889599483204137, "reusita": 71.16564417177914, "cnt": 815}, "ECONOMIE": {"medie": 7.996153846153846, "reusita": 100.0, "cnt": 13}, "FIZICA TEH": {"medie": 7.95416666666667, "reusita": 91.8918918918919, "cnt": 37}, "CHIMIE ANORGANICA TEH NIVEL I/II": {"medie": 8.483333333333334, "reusita": 100.0, "cnt": 3}, "INFORMATICA SN PASCAL": {"medie": 8.933333333333332, "reusita": 100.0, "cnt": 3}}, "nume": "V\u00e2lcea"}