{"specializari": {"STIINTE ALE NATURII": 401, "MATEMATICA-INFORMATICA": 264, "INVATATOR - EDUCATOARE": 57, "STIINTE SOCIALE": 501, "FILOLOGIE": 387, "TEHNICIAN IN ACTIVITATI ECONOMICE": 185, "MUZICA": 24, "TEHNICIAN IN TURISM": 87, "TEHNICIAN IN AGRICULTURA": 20, "TEHNICIAN IN ACTIVITATI DE COMERT": 23, "TEHNICIAN ANALIZE PRODUSE ALIMENTARE": 42, "ARTE PLASTICE SI DECORATIVE": 28, "TEHNICIAN ECOLOG SI PROTECTIA CALITATII MEDIULUI": 52, "LICEU CU PROGRAM SPORTIV": 90, "TEHNICIAN IN GASTRONOMIE": 20, "ORGANIZATOR BANQUETING": 24, "INSTRUCTOR PENTRU ACTIVITATI EXTRASCOLARE": 21, "TEHNICIAN VETERINAR": 17, "TEHNICIAN IN HOTELARIE": 19, "TEOLOGIE ORTODOXA": 13, "TEHNICIAN IN INDUSTRIA TEXTILA": 11, "COAFOR STILIST": 27, "TEHNICIAN PRELUCRARI PE MASINI CU COMANDA NUMERICA": 15, "TEHNICIAN PROIECTANT CAD": 22, "TEHNICIAN OPERATOR TEHNICA DE CALCUL": 22, "TEHNICIAN HORTICULTOR": 19, "TEHNICIAN OPERATOR PROCESARE TEXT IMAGINE": 15, "TEHNICIAN ELECTRONIST": 3, "TEHNICIAN DE TELECOMUNICATII": 2, "TEHNICIAN DESIGNER VESTIMENTAR": 13, "TEHNICIAN TRANSPORTURI": 8, "TEHNICIAN IN CONSTRUCTII SI LUCRARI PUBLICE": 8, "TEHNICIAN IN INDUSTRIA ALIMENTARA": 14, "TEHNICIAN MECATRONIST": 14, "TEHNICIAN MECANIC PENTRU INTRETINERE SI REPARATII": 12, "TEHNICIAN ELECTRICIAN/ELECTRONIST AUTO": 12, "TEHNICIAN DESENATOR PENTRU CONSTRUCTII SI INSTALATII": 1, "TEHNICIAN IN INDUSTRIA PIELARIEI": 1, "TEHNICIAN AGRONOM": 1}, "limba_moderna": {"LIMBA ENGLEZA": 2304, "LIMBA FRANCEZA": 173, "LIMBA SPANIOLA": 12, "LIMBA ITALIANA": 6}, "limba_materna": {"LIMBA ROMANA": 2495}, "promotie_anterioara": {"NU": 2248, "DA": 247}, "materii": {"LIMBA ROMANA": {"medie": 6.746743996744, "reusita": 89.13827655310621, "cnt": 2495}, "MATEMATICA MATE-INFO": {"medie": 8.226615969581752, "reusita": 92.04545454545455, "cnt": 264}, "ANATOMIE SI FIZIOLOGIE UMANA, GENETICA SI ECOLOGIE UMANA": {"medie": 7.180534351145038, "reusita": 82.50460405156538, "cnt": 543}, "GENERAL": {"medie": 7.124244931733568, "reusita": 70.62124248496994, "cnt": 2495}, "MATEMATICA ST-NAT": {"medie": 8.010384615384618, "reusita": 88.7780548628429, "cnt": 401}, "CHIMIE ORGANICA TEO NIVEL I/II": {"medie": 9.447297297297297, "reusita": 100.0, "cnt": 37}, "CHIMIE ANORGANICA TEO NIVEL I/II": {"medie": 8.975, "reusita": 100.0, "cnt": 6}, "INFORMATICA MI C/C++": {"medie": 8.65187969924812, "reusita": 98.49624060150376, "cnt": 133}, "ISTORIE": {"medie": 7.336303317535546, "reusita": 89.94360902255639, "cnt": 1064}, "LOGICA, ARGUMENTARE SI COMUNICARE": {"medie": 7.917810650887566, "reusita": 92.47943595769684, "cnt": 851}, "MATEMATICA PED": {"medie": 7.984210526315789, "reusita": 96.49122807017544, "cnt": 57}, "FIZICA TEO": {"medie": 8.634999999999998, "reusita": 96.66666666666667, "cnt": 60}, "SOCIOLOGIE": {"medie": 8.028571428571428, "reusita": 92.85714285714286, "cnt": 14}, "PSIHOLOGIE": {"medie": 8.282692307692306, "reusita": 96.15384615384616, "cnt": 52}, "GEOGRAFIE": {"medie": 7.594237588652477, "reusita": 92.36111111111111, "cnt": 576}, "INFORMATICA SN C/C++": {"medie": 7.883333333333335, "reusita": 93.33333333333333, "cnt": 15}, "BIOLOGIE VEGETALA SI ANIMALA": {"medie": 4.4490196078431365, "reusita": 38.32335329341318, "cnt": 167}, "MATEMATICA TEHN": {"medie": 5.449103139013458, "reusita": 60.507757404795484, "cnt": 709}, "FILOSOFIE": {"medie": 7.1, "reusita": 100.0, "cnt": 2}, "ECONOMIE": {"medie": 7.918181818181818, "reusita": 90.9090909090909, "cnt": 11}, "CHIMIE ORGANICA TEH NIVEL I/II": {"medie": 8.35, "reusita": 100.0, "cnt": 1}, "FIZICA TEH": {"medie": 3.7466666666666675, "reusita": 40.0, "cnt": 15}, "CHIMIE ANORGANICA TEH NIVEL I/II": {"medie": 4.1875, "reusita": 41.66666666666667, "cnt": 12}}, "nume": "Vaslui"}