{"specializari": {"MATEMATICA-INFORMATICA": 298, "STIINTE SOCIALE": 243, "TEHNICIAN IN ADMINISTRATIE": 27, "STIINTE ALE NATURII": 155, "FILOLOGIE": 375, "INVATATOR - EDUCATOARE": 54, "LICEU CU PROGRAM SPORTIV": 83, "TEHNICIAN IN ACHIZITII SI CONTRACTARI": 47, "TEHNICIAN IN ACTIVITATI ECONOMICE": 172, "TEHNICIAN IN TURISM": 103, "TEHNICIAN IN GASTRONOMIE": 87, "ARHITECTURA, ARTE AMBIENTALE SI DESIGN": 23, "ORGANIZATOR BANQUETING": 45, "ARTE PLASTICE SI DECORATIVE": 35, "TEHNICIAN ELECTROMECANIC": 35, "TEHNICIAN ELECTRICIAN/ELECTRONIST AUTO": 8, "TEHNICIAN ECOLOG SI PROTECTIA CALITATII MEDIULUI": 40, "MUZICA": 31, "TEHNICIAN TRANSPORTURI": 44, "TEHNICIAN IN AUTOMATIZARI": 28, "TEHNICIAN MECANIC PENTRU INTRETINERE SI REPARATII": 9, "COAFOR STILIST": 25, "TEHNICIAN IN INDUSTRIA ALIMENTARA": 24, "TEHNICIAN IN INSTALATII ELECTRICE": 22, "TEHNICIAN IN HOTELARIE": 2, "TEHNICIAN DESENATOR PENTRU CONSTRUCTII SI INSTALATII": 2, "TEHNICIAN ELECTRONIST": 2, "TEHNICIAN CHIMIST DE LABORATOR": 1, "TEHNICIAN DESIGNER VESTIMENTAR": 6, "TEHNICIAN OPERATOR TEHNICA DE CALCUL": 8, "TEHNICIAN VETERINAR": 15, "TEHNICIAN DE TELECOMUNICATII": 2, "TEHNICIAN MECATRONIST": 13, "TEHNICIAN ANALIZE PRODUSE ALIMENTARE": 15, "TEHNICIAN DESIGNER MOBILA SI AMENAJARI INTERIOARE": 14, "TEHNICIAN AGROMONTAN": 3, "TEHNICIAN IN ACTIVITATI DE COMERT": 1, "TEHNICIAN IN SILVICULTURA SI EXPLOATARI FORESTIERE": 6, "TEHNICIAN IN INDUSTRIA TEXTILA": 3, "TEHNICIAN PROIECTANT CAD": 3, "TEHNICIAN PRELUCRARI MECANICE": 1}, "limba_moderna": {"LIMBA ENGLEZA": 1981, "LIMBA FRANCEZA": 119, "LIMBA SPANIOLA": 6, "LIMBA GERMANA MODERNA": 2, "LIMBA ITALIANA": 2}, "limba_materna": {"LIMBA ROMANA": 2110}, "promotie_anterioara": {"NU": 1887, "DA": 223}, "materii": {"LIMBA ROMANA": {"medie": 6.7463820549927584, "reusita": 87.1090047393365, "cnt": 2110}, "MATEMATICA MATE-INFO": {"medie": 8.27111486486487, "reusita": 91.2751677852349, "cnt": 298}, "ANATOMIE SI FIZIOLOGIE UMANA, GENETICA SI ECOLOGIE UMANA": {"medie": 7.485560344827581, "reusita": 82.00836820083683, "cnt": 239}, "GENERAL": {"medie": 7.163427532639229, "reusita": 69.14691943127961, "cnt": 2110}, "MATEMATICA ST-NAT": {"medie": 7.636274509803924, "reusita": 83.22580645161291, "cnt": 155}, "CHIMIE ORGANICA TEO NIVEL I/II": {"medie": 9.245588235294118, "reusita": 100.0, "cnt": 34}, "CHIMIE ANORGANICA TEO NIVEL I/II": {"medie": 8.25, "reusita": 100.0, "cnt": 9}, "INFORMATICA MI C/C++": {"medie": 8.79794520547945, "reusita": 94.52054794520548, "cnt": 73}, "ISTORIE": {"medie": 7.30691421254801, "reusita": 90.12658227848101, "cnt": 790}, "LOGICA, ARGUMENTARE SI COMUNICARE": {"medie": 8.453521126760565, "reusita": 91.20370370370371, "cnt": 216}, "MATEMATICA PED": {"medie": 8.356481481481481, "reusita": 98.14814814814815, "cnt": 54}, "FIZICA TEO": {"medie": 9.113636363636363, "reusita": 97.97979797979798, "cnt": 99}, "SOCIOLOGIE": {"medie": 8.532432432432431, "reusita": 100.0, "cnt": 37}, "PSIHOLOGIE": {"medie": 7.932558139534885, "reusita": 97.67441860465115, "cnt": 43}, "GEOGRAFIE": {"medie": 7.813977955911829, "reusita": 92.13372664700098, "cnt": 1017}, "BIOLOGIE VEGETALA SI ANIMALA": {"medie": 4.9250000000000025, "reusita": 45.525291828793776, "cnt": 257}, "MATEMATICA TEHN": {"medie": 5.982249674902467, "reusita": 67.28167281672816, "cnt": 813}, "FILOSOFIE": {"medie": 6.05, "reusita": 66.66666666666666, "cnt": 6}, "ECONOMIE": {"medie": 7.626470588235295, "reusita": 88.23529411764706, "cnt": 34}, "CHIMIE ORGANICA TEH NIVEL I/II": {"medie": 5.0, "reusita": 100.0, "cnt": 1}, "INFORMATICA MI PASCAL": {"medie": 8.316666666666666, "reusita": 100.0, "cnt": 9}, "FIZICA TEH": {"medie": 3.3678571428571424, "reusita": 29.411764705882355, "cnt": 17}, "CHIMIE ANORGANICA TEH NIVEL I/II": {"medie": 4.8218749999999995, "reusita": 52.63157894736842, "cnt": 19}}, "nume": "Vrancea"}