{"specializari": {"STIINTE SOCIALE": 2}, "limba_moderna": {"LIMBA ENGLEZA": 2}, "limba_materna": {"LIMBA ROMANA": 2}, "promotie_anterioara": {"NU": 1, "DA": 1}, "materii": {"LIMBA ROMANA": {"medie": 5.3, "reusita": 50.0, "cnt": 2}, "GENERAL": {"medie": 5.383333333333333, "reusita": 0.0, "cnt": 2}, "GEOGRAFIE": {"medie": 6.45, "reusita": 50.0, "cnt": 2}, "ISTORIE": {"medie": 4.4, "reusita": 0.0, "cnt": 2}}, "nume": "CENTRUL DE STUDII \"STEFAN CEL MARE SI SFANT - BUCOVINA\" CAMPULUNG MOLDOVENESC\tSuceava"}