{"specializari": {"COAFOR STILIST": 9, "TEHNICIAN IN GASTRONOMIE": 2}, "limba_moderna": {"LIMBA ENGLEZA": 11}, "limba_materna": {"LIMBA ROMANA": 11}, "promotie_anterioara": {"DA": 6, "NU": 5}, "materii": {"LIMBA ROMANA": {"medie": 4.4772727272727275, "reusita": 54.54545454545454, "cnt": 11}, "MATEMATICA TEHN": {"medie": 2.48, "reusita": 18.181818181818183, "cnt": 11}, "GENERAL": {"medie": 3.63, "reusita": 9.090909090909092, "cnt": 11}, "GEOGRAFIE": {"medie": 4.978571428571429, "reusita": 71.42857142857143, "cnt": 7}, "LOGICA, ARGUMENTARE SI COMUNICARE": {"medie": 1.7333333333333334, "reusita": 0.0, "cnt": 3}, "PSIHOLOGIE": {"medie": 5.0, "reusita": 100.0, "cnt": 1}}, "nume": "CENTRUL SCOLAR PENTRU EDUCATIE INCLUZIVA \"ALBATROS\" CONSTANTA\tConstan\u021ba"}