{"specializari": {"STIINTE ALE NATURII": 7}, "limba_moderna": {"LIMBA FRANCEZA": 7}, "limba_materna": {"LIMBA ROMANA": 7}, "promotie_anterioara": {"NU": 7}, "materii": {"LIMBA ROMANA": {"medie": 4.566666666666666, "reusita": 42.857142857142854, "cnt": 7}, "BIOLOGIE VEGETALA SI ANIMALA": {"medie": 4.1, "reusita": 28.57142857142857, "cnt": 7}, "GENERAL": {"medie": 3.275, "reusita": 0.0, "cnt": 7}, "MATEMATICA ST-NAT": {"medie": 1.1583333333333334, "reusita": 0.0, "cnt": 7}}, "nume": "CENTRUL SCOLAR PENTRU EDUCATIE INCLUZIVA \"ELENA DOAMNA\" FOCSANI\tVrancea"}