{"specializari": {"TEHNICIAN IN ACTIVITATI ECONOMICE": 57, "TEHNICIAN IN ACHIZITII SI CONTRACTARI": 23, "TEHNICIAN IN TURISM": 30, "TEHNICIAN IN GASTRONOMIE": 32, "ORGANIZATOR BANQUETING": 2, "TEHNICIAN IN ACTIVITATI DE COMERT": 1}, "limba_moderna": {"LIMBA ENGLEZA": 126, "LIMBA FRANCEZA": 15, "LIMBA GERMANA MODERNA": 4}, "limba_materna": {"LIMBA ROMANA": 145}, "promotie_anterioara": {"DA": 13, "NU": 132}, "materii": {"LIMBA ROMANA": {"medie": 7.4189655172413795, "reusita": 98.62068965517241, "cnt": 145}, "MATEMATICA TEHN": {"medie": 8.105172413793104, "reusita": 95.86206896551724, "cnt": 145}, "GENERAL": {"medie": 8.008912037037035, "reusita": 91.0344827586207, "cnt": 145}, "GEOGRAFIE": {"medie": 8.28483146067416, "reusita": 98.87640449438202, "cnt": 89}, "LOGICA, ARGUMENTARE SI COMUNICARE": {"medie": 8.83611111111111, "reusita": 96.36363636363636, "cnt": 55}, "ECONOMIE": {"medie": 5.0, "reusita": 100.0, "cnt": 1}}, "nume": "COLEGIUL ECONOMIC \"DIONISIE POP MARTIAN\" ALBA IULIA\tAlba"}