{"specializari": {"MATEMATICA-INFORMATICA": 26, "STIINTE ALE NATURII": 56, "TEHNICIAN ECOLOG SI PROTECTIA CALITATII MEDIULUI": 29}, "limba_moderna": {"LIMBA ENGLEZA": 106, "LIMBA GERMANA MODERNA": 3, "LIMBA FRANCEZA": 2}, "limba_materna": {"LIMBA ROMANA": 111}, "promotie_anterioara": {"NU": 110, "DA": 1}, "materii": {"LIMBA ROMANA": {"medie": 8.478828828828831, "reusita": 100.0, "cnt": 111}, "MATEMATICA TEHN": {"medie": 8.03103448275862, "reusita": 96.55172413793103, "cnt": 29}, "BIOLOGIE VEGETALA SI ANIMALA": {"medie": 7.125, "reusita": 100.0, "cnt": 2}, "GENERAL": {"medie": 8.186246246246244, "reusita": 93.69369369369369, "cnt": 111}, "MATEMATICA MATE-INFO": {"medie": 6.990384615384614, "reusita": 96.15384615384616, "cnt": 26}, "ANATOMIE SI FIZIOLOGIE UMANA, GENETICA SI ECOLOGIE UMANA": {"medie": 8.702061855670108, "reusita": 97.9381443298969, "cnt": 97}, "FIZICA TEO": {"medie": 7.475, "reusita": 100.0, "cnt": 2}, "INFORMATICA MI C/C++": {"medie": 8.007142857142856, "reusita": 100.0, "cnt": 7}, "MATEMATICA ST-NAT": {"medie": 7.387499999999998, "reusita": 94.64285714285714, "cnt": 56}, "CHIMIE ORGANICA TEO NIVEL I/II": {"medie": 9.056666666666667, "reusita": 100.0, "cnt": 3}}, "nume": "COLEGIUL DE STIINTE \"GRIGORE ANTIPA\" BRASOV\tBra\u0219ov"}