{"specializari": {"TEHNICIAN OPERATOR TEHNICA DE CALCUL": 22, "TEHNICIAN IN TURISM": 62, "TEHNICIAN DESIGNER VESTIMENTAR": 6, "MATEMATICA-INFORMATICA": 26, "TEHNICIAN ELECTROMECANIC": 22, "STIINTE ALE NATURII": 52, "TEHNICIAN IN GASTRONOMIE": 1, "FILOLOGIE": 35, "STIINTE SOCIALE": 35, "TEHNICIAN IN INDUSTRIA TEXTILA": 18, "TEHNICIAN IN INSTALATII ELECTRICE": 3, "TEHNICIAN IN AUTOMATIZARI": 1, "TEHNICIAN TRANSPORTURI": 7}, "limba_moderna": {"LIMBA ENGLEZA": 249, "LIMBA FRANCEZA": 41}, "limba_materna": {"LIMBA ROMANA": 290}, "promotie_anterioara": {"DA": 29, "NU": 261}, "materii": {"LIMBA ROMANA": {"medie": 6.6894642857142825, "reusita": 85.51724137931035, "cnt": 290}, "MATEMATICA TEHN": {"medie": 4.556976744186045, "reusita": 52.112676056338024, "cnt": 142}, "BIOLOGIE VEGETALA SI ANIMALA": {"medie": 4.108571428571428, "reusita": 30.76923076923077, "cnt": 78}, "GENERAL": {"medie": 6.368969696969697, "reusita": 57.931034482758626, "cnt": 290}, "MATEMATICA MATE-INFO": {"medie": 7.269230769230769, "reusita": 92.3076923076923, "cnt": 26}, "ANATOMIE SI FIZIOLOGIE UMANA, GENETICA SI ECOLOGIE UMANA": {"medie": 6.665217391304348, "reusita": 82.85714285714286, "cnt": 70}, "FIZICA TEO": {"medie": 7.475, "reusita": 100.0, "cnt": 2}, "GEOGRAFIE": {"medie": 7.70625, "reusita": 100.0, "cnt": 24}, "INFORMATICA MI C/C++": {"medie": 8.174999999999999, "reusita": 100.0, "cnt": 6}, "ISTORIE": {"medie": 6.862857142857145, "reusita": 90.0, "cnt": 70}, "LOGICA, ARGUMENTARE SI COMUNICARE": {"medie": 8.070560747663547, "reusita": 94.44444444444444, "cnt": 108}, "MATEMATICA ST-NAT": {"medie": 5.674509803921571, "reusita": 71.15384615384616, "cnt": 52}, "PSIHOLOGIE": {"medie": 8.3, "reusita": 100.0, "cnt": 1}, "FIZICA TEH": {"medie": 1.9, "reusita": 0.0, "cnt": 1}}, "nume": "COLEGIUL TEHNIC \"MIHAI BACESCU\" FALTICENI\tSuceava"}