{"specializari": {"ARHITECTURA, ARTE AMBIENTALE SI DESIGN": 2, "TEHNICIAN ECOLOG SI PROTECTIA CALITATII MEDIULUI": 32, "STIINTE ALE NATURII": 5, "TEHNICIAN MECATRONIST": 30, "TEHNICIAN PRODUCTIE FILM SI TELEVIZIUNE": 25, "TEHNICIAN DESENATOR PENTRU CONSTRUCTII SI INSTALATII": 18, "TEHNICIAN PROIECTANT CAD": 3, "TEHNICIAN MECANIC PENTRU INTRETINERE SI REPARATII": 1, "TEHNICIAN IN AUTOMATIZARI": 24, "TEHNICIAN IN INSTALATII ELECTRICE": 3, "TEHNICIAN PRELUCRARI PE MASINI CU COMANDA NUMERICA": 1, "TEHNICIAN IN CONSTRUCTII SI LUCRARI PUBLICE": 1}, "limba_moderna": {"LIMBA ENGLEZA": 133, "LIMBA FRANCEZA": 7, "LIMBA GERMANA MODERNA": 5}, "limba_materna": {"LIMBA ROMANA": 145}, "promotie_anterioara": {"DA": 46, "NU": 99}, "materii": {"LIMBA ROMANA": {"medie": 6.279020979020977, "reusita": 94.48275862068965, "cnt": 145}, "MATEMATICA TEHN": {"medie": 5.801162790697676, "reusita": 74.63768115942028, "cnt": 138}, "BIOLOGIE VEGETALA SI ANIMALA": {"medie": 5.329000000000002, "reusita": 56.730769230769226, "cnt": 104}, "GENERAL": {"medie": 5.8679586563307495, "reusita": 41.37931034482759, "cnt": 145}, "ANATOMIE SI FIZIOLOGIE UMANA, GENETICA SI ECOLOGIE UMANA": {"medie": 5.962068965517241, "reusita": 76.66666666666667, "cnt": 30}, "GEOGRAFIE": {"medie": 5.175, "reusita": 50.0, "cnt": 2}, "ISTORIE": {"medie": 6.5, "reusita": 100.0, "cnt": 2}, "MATEMATICA ST-NAT": {"medie": 3.016666666666667, "reusita": 0.0, "cnt": 5}, "CHIMIE ANORGANICA TEH NIVEL I/II": {"medie": 5.485714285714286, "reusita": 66.66666666666666, "cnt": 9}}, "nume": "COLEGIUL TEHNIC \"MIRCEA CRISTEA\" BRASOV\tBra\u0219ov"}