{"specializari": {"STIINTE ALE NATURII": 23, "GHID TURISM RELIGIOS": 23}, "limba_moderna": {"LIMBA ENGLEZA": 35, "LIMBA ITALIANA": 7, "LIMBA GERMANA MODERNA": 4}, "limba_materna": {"LIMBA ROMANA": 46}, "promotie_anterioara": {"DA": 2, "NU": 44}, "materii": {"LIMBA ROMANA": {"medie": 7.948913043478263, "reusita": 100.0, "cnt": 46}, "GENERAL": {"medie": 7.955681818181819, "reusita": 95.65217391304348, "cnt": 46}, "ANATOMIE SI FIZIOLOGIE UMANA, GENETICA SI ECOLOGIE UMANA": {"medie": 7.840476190476189, "reusita": 95.45454545454545, "cnt": 22}, "FIZICA TEO": {"medie": 7.5, "reusita": 100.0, "cnt": 1}, "GEOGRAFIE": {"medie": 8.594444444444443, "reusita": 90.0, "cnt": 10}, "ISTORIE": {"medie": 8.19782608695652, "reusita": 100.0, "cnt": 23}, "FILOSOFIE": {"medie": 8.825000000000001, "reusita": 100.0, "cnt": 6}, "LOGICA, ARGUMENTARE SI COMUNICARE": {"medie": 9.25, "reusita": 100.0, "cnt": 2}, "MATEMATICA ST-NAT": {"medie": 6.769565217391305, "reusita": 100.0, "cnt": 23}, "PSIHOLOGIE": {"medie": 7.959999999999999, "reusita": 100.0, "cnt": 5}}, "nume": "COLEGIUL ROMANO-CATOLIC \"SFANTUL IOSIF\"\tBucure\u0219ti"}