{"specializari": {"TEHNICIAN IN GASTRONOMIE": 35, "TEHNICIAN IN ACTIVITATI ECONOMICE": 55, "TEHNICIAN IN ADMINISTRATIE": 31, "TEHNICIAN IN ACHIZITII SI CONTRACTARI": 18, "TEHNICIAN IN ACTIVITATI DE COMERT": 22, "TEHNICIAN IN TURISM": 32, "TEHNICIAN IN HOTELARIE": 30, "ORGANIZATOR BANQUETING": 13}, "limba_moderna": {"LIMBA ENGLEZA": 227, "LIMBA GERMANA MODERNA": 6, "LIMBA FRANCEZA": 3}, "limba_materna": {"LIMBA ROMANA": 236}, "promotie_anterioara": {"DA": 26, "NU": 210}, "materii": {"LIMBA ROMANA": {"medie": 7.000431034482757, "reusita": 96.1864406779661, "cnt": 236}, "MATEMATICA TEHN": {"medie": 6.97510917030568, "reusita": 88.5593220338983, "cnt": 236}, "GENERAL": {"medie": 7.259365781710909, "reusita": 80.9322033898305, "cnt": 236}, "GEOGRAFIE": {"medie": 7.919767441860466, "reusita": 94.91525423728814, "cnt": 177}, "LOGICA, ARGUMENTARE SI COMUNICARE": {"medie": 8.14782608695652, "reusita": 91.66666666666666, "cnt": 24}, "PSIHOLOGIE": {"medie": 7.483333333333333, "reusita": 100.0, "cnt": 6}, "ECONOMIE": {"medie": 6.596428571428571, "reusita": 86.20689655172413, "cnt": 29}}, "nume": "COLEGIUL NATIONAL ECONOMIC \"ANDREI BARSEANU\" BRASOV\tBra\u0219ov"}