{"specializari": {"MATEMATICA-INFORMATICA": 188}, "limba_moderna": {"LIMBA ENGLEZA": 155, "LIMBA GERMANA MODERNA": 19, "LIMBA FRANCEZA": 14}, "limba_materna": {"LIMBA ROMANA": 188}, "promotie_anterioara": {"NU": 184, "DA": 4}, "materii": {"LIMBA ROMANA": {"medie": 8.387365591397854, "reusita": 98.40425531914893, "cnt": 188}, "BIOLOGIE VEGETALA SI ANIMALA": {"medie": 8.466666666666667, "reusita": 100.0, "cnt": 3}, "GENERAL": {"medie": 8.406396396396397, "reusita": 94.14893617021278, "cnt": 188}, "MATEMATICA MATE-INFO": {"medie": 8.125268817204299, "reusita": 96.80851063829788, "cnt": 188}, "ANATOMIE SI FIZIOLOGIE UMANA, GENETICA SI ECOLOGIE UMANA": {"medie": 8.294827586206896, "reusita": 93.33333333333333, "cnt": 60}, "FIZICA TEO": {"medie": 8.92325581395349, "reusita": 97.67441860465115, "cnt": 43}, "INFORMATICA MI C/C++": {"medie": 8.782716049382714, "reusita": 98.76543209876543, "cnt": 81}, "CHIMIE ORGANICA TEO NIVEL I/II": {"medie": 8.65, "reusita": 100.0, "cnt": 1}}, "nume": "COLEGIUL NATIONAL DE INFORMATICA, MUNICIPIUL PIATRA-NEAMT\tNeam\u021b"}