{"specializari": {"MATEMATICA-INFORMATICA": 32, "STIINTE ALE NATURII": 68, "STIINTE SOCIALE": 41, "FILOLOGIE": 32, "TEHNICIAN IN ACTIVITATI ECONOMICE": 32}, "limba_moderna": {"LIMBA ENGLEZA": 186, "LIMBA FRANCEZA": 17, "LIMBA GERMANA MODERNA": 2}, "limba_materna": {"LIMBA ROMANA": 184, "LIMBA MAGHIARA": 21}, "promotie_anterioara": {"NU": 204, "DA": 1}, "materii": {"LIMBA ROMANA": {"medie": 8.453902439024391, "reusita": 98.53658536585365, "cnt": 205}, "MATEMATICA TEHN": {"medie": 8.8078125, "reusita": 100.0, "cnt": 32}, "GENERAL": {"medie": 8.467381535947709, "reusita": 96.09756097560975, "cnt": 205}, "MATEMATICA MATE-INFO": {"medie": 8.321875, "reusita": 100.0, "cnt": 32}, "ANATOMIE SI FIZIOLOGIE UMANA, GENETICA SI ECOLOGIE UMANA": {"medie": 8.479661016949152, "reusita": 98.33333333333333, "cnt": 60}, "FIZICA TEO": {"medie": 8.332142857142857, "reusita": 100.0, "cnt": 14}, "GEOGRAFIE": {"medie": 8.994680851063828, "reusita": 100.0, "cnt": 47}, "INFORMATICA MI C/C++": {"medie": 9.086363636363636, "reusita": 100.0, "cnt": 11}, "ISTORIE": {"medie": 7.819863013698629, "reusita": 100.0, "cnt": 73}, "FILOSOFIE": {"medie": 9.4, "reusita": 100.0, "cnt": 1}, "LIMBA MAGHIARA (REAL)": {"medie": 9.245454545454546, "reusita": 100.0, "cnt": 11}, "LOGICA, ARGUMENTARE SI COMUNICARE": {"medie": 9.284615384615385, "reusita": 100.0, "cnt": 52}, "MATEMATICA ST-NAT": {"medie": 7.606617647058822, "reusita": 95.58823529411765, "cnt": 68}, "LIMBA MAGHIARA (UMAN)": {"medie": 8.305, "reusita": 100.0, "cnt": 10}, "PSIHOLOGIE": {"medie": 7.916666666666667, "reusita": 100.0, "cnt": 3}, "CHIMIE ANORGANICA TEO NIVEL I/II": {"medie": 7.300000000000001, "reusita": 100.0, "cnt": 2}, "CHIMIE ORGANICA TEO NIVEL I/II": {"medie": 9.706249999999999, "reusita": 100.0, "cnt": 8}, "SOCIOLOGIE": {"medie": 9.25, "reusita": 100.0, "cnt": 2}, "INFORMATICA SN C/C++": {"medie": 8.969999999999999, "reusita": 100.0, "cnt": 5}}, "nume": "COLEGIUL NATIONAL \"ANDREI MURESANU\" BISTRITA\tBistri\u021ba-N\u0103s\u0103ud"}