{"specializari": {"MATEMATICA-INFORMATICA": 151, "FILOLOGIE": 34, "STIINTE ALE NATURII": 61}, "limba_moderna": {"LIMBA FRANCEZA": 8, "LIMBA ENGLEZA": 231, "LIMBA GERMANA MODERNA": 7}, "limba_materna": {"LIMBA ROMANA": 185, "LIMBA MAGHIARA": 61}, "promotie_anterioara": {"NU": 246}, "materii": {"LIMBA ROMANA": {"medie": 8.400406504065037, "reusita": 99.59349593495935, "cnt": 246}, "GENERAL": {"medie": 8.663821138211384, "reusita": 98.3739837398374, "cnt": 246}, "MATEMATICA MATE-INFO": {"medie": 8.565562913907284, "reusita": 99.33774834437085, "cnt": 151}, "ANATOMIE SI FIZIOLOGIE UMANA, GENETICA SI ECOLOGIE UMANA": {"medie": 9.148550724637685, "reusita": 100.0, "cnt": 138}, "FIZICA TEO": {"medie": 8.875, "reusita": 100.0, "cnt": 8}, "GEOGRAFIE": {"medie": 9.243181818181819, "reusita": 100.0, "cnt": 22}, "INFORMATICA MI C/C++": {"medie": 8.779999999999998, "reusita": 98.18181818181819, "cnt": 55}, "ISTORIE": {"medie": 8.479411764705883, "reusita": 100.0, "cnt": 34}, "FILOSOFIE": {"medie": 9.7, "reusita": 100.0, "cnt": 1}, "LIMBA MAGHIARA (REAL)": {"medie": 8.55409836065574, "reusita": 100.0, "cnt": 61}, "LOGICA, ARGUMENTARE SI COMUNICARE": {"medie": 9.690000000000001, "reusita": 100.0, "cnt": 5}, "MATEMATICA ST-NAT": {"medie": 7.929508196721311, "reusita": 100.0, "cnt": 61}, "PSIHOLOGIE": {"medie": 10.0, "reusita": 100.0, "cnt": 1}, "CHIMIE ORGANICA TEO NIVEL I/II": {"medie": 9.499999999999998, "reusita": 100.0, "cnt": 11}, "SOCIOLOGIE": {"medie": 9.625, "reusita": 100.0, "cnt": 4}, "ECONOMIE": {"medie": 7.8, "reusita": 100.0, "cnt": 1}}, "nume": "COLEGIUL NATIONAL \"SILVANIA\" ZALAU\tS\u0103laj"}