{"specializari": {"FILOLOGIE": 95, "STIINTE ALE NATURII": 28, "TEHNICIAN TRANSPORTURI": 39, "MATEMATICA-INFORMATICA": 25, "TEHNICIAN IN INDUSTRIA TEXTILA": 14}, "limba_moderna": {"LIMBA ENGLEZA": 148, "LIMBA FRANCEZA": 53}, "limba_materna": {"LIMBA UCRAINEANA": 27, "LIMBA ROMANA": 174}, "promotie_anterioara": {"DA": 26, "NU": 175}, "materii": {"LIMBA ROMANA": {"medie": 6.541534391534388, "reusita": 79.1044776119403, "cnt": 201}, "MATEMATICA TEHN": {"medie": 4.017045454545454, "reusita": 33.9622641509434, "cnt": 53}, "BIOLOGIE VEGETALA SI ANIMALA": {"medie": 4.049999999999999, "reusita": 27.083333333333332, "cnt": 48}, "GENERAL": {"medie": 6.334520609318995, "reusita": 50.74626865671642, "cnt": 201}, "MATEMATICA MATE-INFO": {"medie": 6.166666666666667, "reusita": 76.0, "cnt": 25}, "ANATOMIE SI FIZIOLOGIE UMANA, GENETICA SI ECOLOGIE UMANA": {"medie": 8.17625, "reusita": 90.2439024390244, "cnt": 41}, "FIZICA TEO": {"medie": 8.92, "reusita": 100.0, "cnt": 5}, "GEOGRAFIE": {"medie": 6.155555555555555, "reusita": 70.27027027027027, "cnt": 37}, "INFORMATICA MI C/C++": {"medie": 5.84, "reusita": 60.0, "cnt": 5}, "ISTORIE": {"medie": 5.555494505494505, "reusita": 64.21052631578948, "cnt": 95}, "LOGICA, ARGUMENTARE SI COMUNICARE": {"medie": 7.652727272727274, "reusita": 75.86206896551724, "cnt": 58}, "MATEMATICA ST-NAT": {"medie": 7.683928571428572, "reusita": 89.28571428571429, "cnt": 28}, "FIZICA TEH": {"medie": 4.9375, "reusita": 50.0, "cnt": 4}, "CHIMIE ANORGANICA TEO NIVEL I/II": {"medie": 9.25, "reusita": 100.0, "cnt": 1}, "CHIMIE ORGANICA TEO NIVEL I/II": {"medie": 8.7, "reusita": 100.0, "cnt": 1}, "CHIMIE ORGANICA TEH NIVEL I/II": {"medie": 6.2, "reusita": 100.0, "cnt": 1}, "LIMBA UCRAINEANA": {"medie": 7.1796296296296305, "reusita": 100.0, "cnt": 27}}, "nume": "COLEGIUL TEHNIC \"LATCU VODA\" SIRET\tSuceava"}