{"specializari": {"TEHNICIAN MECATRONIST": 12, "TEHNICIAN PROIECTANT CAD": 18, "TEHNICIAN AVIATIE": 19, "TEHNICIAN ANALIZE PRODUSE ALIMENTARE": 8, "TEHNICIAN PRELUCRARI MECANICE": 23, "TEHNICIAN INSTALATII DE BORD (AVION)": 19, "TEHNICIAN MECANIC PENTRU INTRETINERE SI REPARATII": 1, "TEHNICIAN TRANSPORTURI": 2, "COAFOR STILIST": 2}, "limba_moderna": {"LIMBA ENGLEZA": 97, "LIMBA FRANCEZA": 7}, "limba_materna": {"LIMBA ROMANA": 104}, "promotie_anterioara": {"DA": 49, "NU": 55}, "materii": {"LIMBA ROMANA": {"medie": 5.988725490196076, "reusita": 92.3076923076923, "cnt": 104}, "MATEMATICA TEHN": {"medie": 5.459895833333333, "reusita": 64.42307692307693, "cnt": 104}, "BIOLOGIE VEGETALA SI ANIMALA": {"medie": 5.196913580246913, "reusita": 58.82352941176471, "cnt": 85}, "GENERAL": {"medie": 5.647517730496457, "reusita": 34.61538461538461, "cnt": 104}, "ANATOMIE SI FIZIOLOGIE UMANA, GENETICA SI ECOLOGIE UMANA": {"medie": 6.43, "reusita": 83.33333333333334, "cnt": 6}, "GEOGRAFIE": {"medie": 7.675000000000001, "reusita": 100.0, "cnt": 2}, "CHIMIE ANORGANICA TEH NIVEL I/II": {"medie": 5.7, "reusita": 100.0, "cnt": 1}, "FIZICA TEH": {"medie": 6.691666666666667, "reusita": 62.5, "cnt": 8}, "CHIMIE ORGANICA TEH NIVEL I/II": {"medie": 4.050000000000001, "reusita": 0.0, "cnt": 2}}, "nume": "COLEGIUL TEHNIC \"TRANSILVANIA\" BRASOV\tBra\u0219ov"}