{"specializari": {"MATEMATICA-INFORMATICA": 144, "STIINTE SOCIALE": 31, "STIINTE ALE NATURII": 62, "FILOLOGIE": 1}, "limba_moderna": {"LIMBA ENGLEZA": 210, "LIMBA FRANCEZA": 13, "LIMBA GERMANA MODERNA": 15}, "limba_materna": {"LIMBA ROMANA": 238}, "promotie_anterioara": {"NU": 237, "DA": 1}, "materii": {"LIMBA ROMANA": {"medie": 8.793037974683541, "reusita": 99.57983193277312, "cnt": 238}, "BIOLOGIE VEGETALA SI ANIMALA": {"medie": 8.716666666666667, "reusita": 100.0, "cnt": 3}, "GENERAL": {"medie": 8.601054852320676, "reusita": 97.05882352941177, "cnt": 238}, "MATEMATICA MATE-INFO": {"medie": 8.074125874125874, "reusita": 98.61111111111111, "cnt": 144}, "ANATOMIE SI FIZIOLOGIE UMANA, GENETICA SI ECOLOGIE UMANA": {"medie": 8.71487603305785, "reusita": 98.34710743801654, "cnt": 121}, "FIZICA TEO": {"medie": 7.783333333333334, "reusita": 100.0, "cnt": 12}, "GEOGRAFIE": {"medie": 9.575000000000001, "reusita": 100.0, "cnt": 8}, "INFORMATICA MI C/C++": {"medie": 8.789215686274508, "reusita": 98.07692307692307, "cnt": 52}, "ISTORIE": {"medie": 9.146875000000001, "reusita": 100.0, "cnt": 32}, "LOGICA, ARGUMENTARE SI COMUNICARE": {"medie": 9.05, "reusita": 100.0, "cnt": 21}, "MATEMATICA ST-NAT": {"medie": 8.074193548387099, "reusita": 98.38709677419355, "cnt": 62}, "CHIMIE ANORGANICA TEO NIVEL I/II": {"medie": 8.59, "reusita": 100.0, "cnt": 5}, "CHIMIE ORGANICA TEO NIVEL I/II": {"medie": 9.615384615384615, "reusita": 100.0, "cnt": 13}, "SOCIOLOGIE": {"medie": 10.0, "reusita": 100.0, "cnt": 1}, "ECONOMIE": {"medie": 8.3, "reusita": 100.0, "cnt": 2}}, "nume": "COLEGIUL NATIONAL \"VASILE LUCACIU\" BAIA MARE\tMaramure\u0219"}