{"specializari": {"FILOLOGIE": 32, "STIINTE SOCIALE": 32, "STIINTE ALE NATURII": 59, "MATEMATICA-INFORMATICA": 113}, "limba_moderna": {"LIMBA ENGLEZA": 227, "LIMBA SPANIOLA": 3, "LIMBA FRANCEZA": 6}, "limba_materna": {"LIMBA ROMANA": 236}, "promotie_anterioara": {"NU": 236}, "materii": {"LIMBA ROMANA": {"medie": 8.887393162393169, "reusita": 99.15254237288136, "cnt": 236}, "BIOLOGIE VEGETALA SI ANIMALA": {"medie": "-", "reusita": 0.0, "cnt": 1}, "GENERAL": {"medie": 8.964529914529908, "reusita": 97.45762711864407, "cnt": 236}, "MATEMATICA MATE-INFO": {"medie": 8.9125, "reusita": 98.23008849557522, "cnt": 113}, "ANATOMIE SI FIZIOLOGIE UMANA, GENETICA SI ECOLOGIE UMANA": {"medie": 9.246323529411766, "reusita": 98.55072463768117, "cnt": 69}, "FIZICA TEO": {"medie": 8.93269230769231, "reusita": 96.15384615384616, "cnt": 52}, "GEOGRAFIE": {"medie": 9.100000000000001, "reusita": 100.0, "cnt": 9}, "INFORMATICA MI C/C++": {"medie": 8.81666666666667, "reusita": 100.0, "cnt": 36}, "ISTORIE": {"medie": 8.79296875, "reusita": 100.0, "cnt": 64}, "LOGICA, ARGUMENTARE SI COMUNICARE": {"medie": 9.471698113207548, "reusita": 100.0, "cnt": 53}, "MATEMATICA ST-NAT": {"medie": 8.69051724137931, "reusita": 96.61016949152543, "cnt": 59}, "PSIHOLOGIE": {"medie": 9.275, "reusita": 100.0, "cnt": 2}, "CHIMIE ORGANICA TEO NIVEL I/II": {"medie": 9.667857142857143, "reusita": 100.0, "cnt": 14}}, "nume": "COLEGIUL NATIONAL \"MIHAI EMINESCU\" BOTOSANI\tBoto\u0219ani"}