{"specializari": {"MATEMATICA-INFORMATICA": 30, "STIINTE ALE NATURII": 91}, "limba_moderna": {"LIMBA ENGLEZA": 116, "LIMBA FRANCEZA": 5}, "limba_materna": {"LIMBA ROMANA": 121}, "promotie_anterioara": {"NU": 118, "DA": 3}, "materii": {"LIMBA ROMANA": {"medie": 8.07125, "reusita": 99.17355371900827, "cnt": 121}, "GENERAL": {"medie": 8.248472222222222, "reusita": 94.21487603305785, "cnt": 121}, "MATEMATICA MATE-INFO": {"medie": 8.433333333333335, "reusita": 100.0, "cnt": 30}, "ANATOMIE SI FIZIOLOGIE UMANA, GENETICA SI ECOLOGIE UMANA": {"medie": 8.959405940594062, "reusita": 100.0, "cnt": 101}, "FIZICA TEO": {"medie": 7.833333333333332, "reusita": 100.0, "cnt": 3}, "INFORMATICA MI C/C++": {"medie": 8.073333333333332, "reusita": 100.0, "cnt": 15}, "MATEMATICA ST-NAT": {"medie": 7.58956043956044, "reusita": 93.4065934065934, "cnt": 91}, "INFORMATICA SN C/C++": {"medie": 9.65, "reusita": 100.0, "cnt": 2}}, "nume": "COLEGIUL NATIONAL \"ANA ASLAN\" TIMISOARA\tTimi\u0219"}