{"specializari": {"MATEMATICA-INFORMATICA": 16, "TEHNICIAN OPERATOR TEHNICA DE CALCUL": 23, "TEHNICIAN PROIECTANT CAD": 23, "TEHNICIAN IN INSTALATII ELECTRICE": 2, "TEHNICIAN IN ACTIVITATI ECONOMICE": 56, "TEHNICIAN DESENATOR PENTRU CONSTRUCTII SI INSTALATII": 13, "TEHNICIAN MECANIC PENTRU INTRETINERE SI REPARATII": 1, "TEHNICIAN ECOLOG SI PROTECTIA CALITATII MEDIULUI": 51}, "limba_moderna": {"LIMBA FRANCEZA": 52, "LIMBA ENGLEZA": 133}, "limba_materna": {"LIMBA ROMANA": 185}, "promotie_anterioara": {"DA": 29, "NU": 156}, "materii": {"LIMBA ROMANA": {"medie": 6.283425414364641, "reusita": 89.1891891891892, "cnt": 185}, "MATEMATICA TEHN": {"medie": 5.639873417721515, "reusita": 63.905325443786985, "cnt": 169}, "BIOLOGIE VEGETALA SI ANIMALA": {"medie": 4.261764705882355, "reusita": 34.21052631578947, "cnt": 38}, "GENERAL": {"medie": 5.963662790697675, "reusita": 47.02702702702703, "cnt": 185}, "MATEMATICA MATE-INFO": {"medie": 4.859375, "reusita": 56.25, "cnt": 16}, "ANATOMIE SI FIZIOLOGIE UMANA, GENETICA SI ECOLOGIE UMANA": {"medie": 5.325555555555555, "reusita": 63.04347826086957, "cnt": 46}, "GEOGRAFIE": {"medie": 8.425, "reusita": 100.0, "cnt": 6}, "INFORMATICA MI C/C++": {"medie": 4.71875, "reusita": 62.5, "cnt": 8}, "LOGICA, ARGUMENTARE SI COMUNICARE": {"medie": 7.949000000000002, "reusita": 96.0, "cnt": 50}, "CHIMIE ANORGANICA TEH NIVEL I/II": {"medie": 5.3020000000000005, "reusita": 65.38461538461539, "cnt": 26}, "FIZICA TEH": {"medie": 5.3, "reusita": 75.0, "cnt": 4}, "CHIMIE ANORGANICA TEO NIVEL I/II": {"medie": 5.2, "reusita": 100.0, "cnt": 1}, "CHIMIE ORGANICA TEH NIVEL I/II": {"medie": 3.8666666666666667, "reusita": 33.33333333333333, "cnt": 6}}, "nume": "COLEGIUL TEHNIC \"GHEORGHE ASACHI\" ONESTI\tBac\u0103u"}