{"specializari": {"FILOLOGIE": 32, "MATEMATICA-INFORMATICA": 60, "STIINTE ALE NATURII": 27}, "limba_moderna": {"LIMBA ENGLEZA": 80, "LIMBA FRANCEZA": 14, "LIMBA GERMANA MODERNA": 25}, "limba_materna": {"LIMBA ROMANA": 119}, "promotie_anterioara": {"NU": 119}, "materii": {"LIMBA ROMANA": {"medie": 8.58403361344538, "reusita": 100.0, "cnt": 119}, "BIOLOGIE VEGETALA SI ANIMALA": {"medie": 8.475, "reusita": 100.0, "cnt": 12}, "GENERAL": {"medie": 8.79039548022599, "reusita": 99.15966386554622, "cnt": 119}, "MATEMATICA MATE-INFO": {"medie": 8.94333333333333, "reusita": 100.0, "cnt": 60}, "ANATOMIE SI FIZIOLOGIE UMANA, GENETICA SI ECOLOGIE UMANA": {"medie": 8.816666666666666, "reusita": 100.0, "cnt": 42}, "FIZICA TEO": {"medie": 9.105555555555558, "reusita": 100.0, "cnt": 9}, "GEOGRAFIE": {"medie": 9.083333333333334, "reusita": 100.0, "cnt": 3}, "INFORMATICA MI C/C++": {"medie": 9.09, "reusita": 100.0, "cnt": 20}, "ISTORIE": {"medie": 8.62258064516129, "reusita": 96.875, "cnt": 32}, "LOGICA, ARGUMENTARE SI COMUNICARE": {"medie": 9.34, "reusita": 95.23809523809523, "cnt": 21}, "MATEMATICA ST-NAT": {"medie": 8.614814814814817, "reusita": 100.0, "cnt": 27}, "PSIHOLOGIE": {"medie": 9.65, "reusita": 100.0, "cnt": 2}, "CHIMIE ORGANICA TEO NIVEL I/II": {"medie": 9.5875, "reusita": 100.0, "cnt": 4}, "SOCIOLOGIE": {"medie": 8.858333333333334, "reusita": 100.0, "cnt": 6}}, "nume": "COLEGIUL NATIONAL \"TRAIAN LALESCU\" RESITA\tCara\u0219-Severin"}