{"specializari": {"STIINTE ALE NATURII": 25, "MATEMATICA-INFORMATICA": 42, "FILOLOGIE": 63, "STIINTE SOCIALE": 29}, "limba_moderna": {"LIMBA ENGLEZA": 157, "LIMBA FRANCEZA": 2}, "limba_materna": {"LIMBA ROMANA": 159}, "promotie_anterioara": {"DA": 9, "NU": 150}, "materii": {"LIMBA ROMANA": {"medie": 7.422784810126581, "reusita": 94.9685534591195, "cnt": 159}, "GENERAL": {"medie": 7.522679324894513, "reusita": 77.35849056603774, "cnt": 159}, "MATEMATICA MATE-INFO": {"medie": 7.465476190476189, "reusita": 90.47619047619048, "cnt": 42}, "ANATOMIE SI FIZIOLOGIE UMANA, GENETICA SI ECOLOGIE UMANA": {"medie": 8.176271186440676, "reusita": 96.61016949152543, "cnt": 59}, "GEOGRAFIE": {"medie": 7.918103448275861, "reusita": 98.30508474576271, "cnt": 59}, "INFORMATICA MI C/C++": {"medie": 8.918750000000001, "reusita": 100.0, "cnt": 8}, "ISTORIE": {"medie": 6.863586956521738, "reusita": 92.3913043478261, "cnt": 92}, "LOGICA, ARGUMENTARE SI COMUNICARE": {"medie": 9.362903225806452, "reusita": 100.0, "cnt": 31}, "MATEMATICA ST-NAT": {"medie": 5.585999999999999, "reusita": 72.0, "cnt": 25}, "PSIHOLOGIE": {"medie": 5.025, "reusita": 50.0, "cnt": 2}}, "nume": "COLEGIUL NATIONAL \"SAMUIL VULCAN\" BEIUS\tBihor"}