{"specializari": {"FILOLOGIE": 110, "MATEMATICA-INFORMATICA": 63, "STIINTE SOCIALE": 34, "STIINTE ALE NATURII": 19}, "limba_moderna": {"LIMBA FRANCEZA": 11, "LIMBA ENGLEZA": 215}, "limba_materna": {"LIMBA ROMANA": 226}, "promotie_anterioara": {"DA": 18, "NU": 208}, "materii": {"LIMBA ROMANA": {"medie": 7.887219730941704, "reusita": 97.78761061946902, "cnt": 226}, "BIOLOGIE VEGETALA SI ANIMALA": {"medie": 6.525, "reusita": 100.0, "cnt": 2}, "GENERAL": {"medie": 8.069230769230765, "reusita": 89.38053097345133, "cnt": 226}, "MATEMATICA MATE-INFO": {"medie": 8.221428571428572, "reusita": 100.0, "cnt": 63}, "ANATOMIE SI FIZIOLOGIE UMANA, GENETICA SI ECOLOGIE UMANA": {"medie": 7.199999999999999, "reusita": 87.5, "cnt": 8}, "FIZICA TEO": {"medie": 8.436507936507935, "reusita": 96.82539682539682, "cnt": 63}, "GEOGRAFIE": {"medie": 8.844144144144144, "reusita": 99.10714285714286, "cnt": 112}, "INFORMATICA MI C/C++": {"medie": 6.05, "reusita": 100.0, "cnt": 1}, "ISTORIE": {"medie": 7.539361702127664, "reusita": 95.83333333333334, "cnt": 144}, "FILOSOFIE": {"medie": 9.5, "reusita": 100.0, "cnt": 1}, "LOGICA, ARGUMENTARE SI COMUNICARE": {"medie": 8.185714285714287, "reusita": 100.0, "cnt": 7}, "MATEMATICA ST-NAT": {"medie": 6.521052631578947, "reusita": 84.21052631578947, "cnt": 19}, "PSIHOLOGIE": {"medie": 8.47, "reusita": 100.0, "cnt": 5}, "CHIMIE ORGANICA TEO NIVEL I/II": {"medie": 9.2125, "reusita": 100.0, "cnt": 8}, "SOCIOLOGIE": {"medie": 8.15357142857143, "reusita": 92.85714285714286, "cnt": 14}, "ECONOMIE": {"medie": 9.27, "reusita": 100.0, "cnt": 5}}, "nume": "COLEGIUL NATIONAL \"ION MAIORESCU\" GIURGIU\tGiurgiu"}