{"specializari": {"TEHNICIAN ECOLOG SI PROTECTIA CALITATII MEDIULUI": 12, "TEHNICIAN IN ACTIVITATI ECONOMICE": 20, "TEHNICIAN IN AGRICULTURA": 6, "TEHNICIAN IN ADMINISTRATIE": 22, "TEHNICIAN VETERINAR": 13, "TEHNICIAN IN INDUSTRIA ALIMENTARA": 24, "TEHNICIAN ANALIZE PRODUSE ALIMENTARE": 23, "TEHNICIAN VETERINAR PENTRU ANIMALE DE COMPANIE": 1, "MATEMATICA-INFORMATICA": 1, "TEHNICIAN IN AGROTURISM": 4, "TEHNICIAN HIDRO-METEOROLOG": 2}, "limba_moderna": {"LIMBA ENGLEZA": 124, "LIMBA FRANCEZA": 4}, "limba_materna": {"LIMBA ROMANA": 128}, "promotie_anterioara": {"NU": 84, "DA": 44}, "materii": {"LIMBA ROMANA": {"medie": 5.612962962962964, "reusita": 71.875, "cnt": 128}, "MATEMATICA TEHN": {"medie": 4.656250000000001, "reusita": 46.45669291338583, "cnt": 127}, "BIOLOGIE VEGETALA SI ANIMALA": {"medie": 6.35, "reusita": 100.0, "cnt": 1}, "GENERAL": {"medie": 5.263592233009712, "reusita": 26.5625, "cnt": 128}, "MATEMATICA MATE-INFO": {"medie": 7.0, "reusita": 100.0, "cnt": 1}, "ANATOMIE SI FIZIOLOGIE UMANA, GENETICA SI ECOLOGIE UMANA": {"medie": 4.757462686567163, "reusita": 43.529411764705884, "cnt": 85}, "GEOGRAFIE": {"medie": 6.782926829268292, "reusita": 88.09523809523809, "cnt": 42}}, "nume": "COLEGIUL AGRICOL \"TRAIAN SAVULESCU\" TIRGU MURES\tMure\u0219"}