{"specializari": {"TEHNICIAN IN AUTOMATIZARI": 21, "TEHNICIAN MECANIC PENTRU INTRETINERE SI REPARATII": 2, "TEHNICIAN ECOLOG SI PROTECTIA CALITATII MEDIULUI": 10, "MATEMATICA-INFORMATICA": 27, "TEHNICIAN IN TURISM": 28, "TEHNICIAN IN ACTIVITATI ECONOMICE": 29, "TEHNICIAN IN ACTIVITATI DE COMERT": 2, "TEHNICIAN ELECTRONIST": 1, "TEHNICIAN INSTALATOR PENTRU CONSTRUCTII": 1}, "limba_moderna": {"LIMBA ENGLEZA": 112, "LIMBA GERMANA MODERNA": 9}, "limba_materna": {"LIMBA ROMANA": 120, "LIMBA MAGHIARA": 1}, "promotie_anterioara": {"DA": 15, "NU": 106}, "materii": {"LIMBA ROMANA": {"medie": 7.440909090909091, "reusita": 98.34710743801654, "cnt": 121}, "MATEMATICA TEHN": {"medie": 7.355913978494624, "reusita": 93.61702127659575, "cnt": 94}, "BIOLOGIE VEGETALA SI ANIMALA": {"medie": 7.0307692307692315, "reusita": 73.33333333333333, "cnt": 15}, "GENERAL": {"medie": 7.813165266106443, "reusita": 82.64462809917356, "cnt": 121}, "MATEMATICA MATE-INFO": {"medie": 8.803703703703706, "reusita": 100.0, "cnt": 27}, "FIZICA TEO": {"medie": 8.35, "reusita": 100.0, "cnt": 1}, "GEOGRAFIE": {"medie": 9.119491525423724, "reusita": 100.0, "cnt": 59}, "INFORMATICA MI C/C++": {"medie": 9.565, "reusita": 100.0, "cnt": 20}, "LIMBA MAGHIARA (REAL)": {"medie": 5.7, "reusita": 100.0, "cnt": 1}, "CHIMIE ANORGANICA TEH NIVEL I/II": {"medie": 5.6499999999999995, "reusita": 75.0, "cnt": 8}, "FIZICA TEH": {"medie": 5.690625, "reusita": 75.0, "cnt": 16}, "CHIMIE ORGANICA TEO NIVEL I/II": {"medie": 9.3, "reusita": 100.0, "cnt": 2}}, "nume": "COLEGIUL \"SCOALA NATIONALA DE GAZ\" MEDIAS\tSibiu"}