{"specializari": {"TEHNICIAN IN ACTIVITATI ECONOMICE": 19, "TEHNICIAN IN ADMINISTRATIE": 13, "TEHNICIAN MECANIC PENTRU INTRETINERE SI REPARATII": 6, "TEHNICIAN MECATRONIST": 2, "TEHNICIAN TRANSPORTURI": 3, "TEHNICIAN IN CONSTRUCTII SI LUCRARI PUBLICE": 3, "TEHNICIAN PROIECTANT CAD": 1}, "limba_moderna": {"LIMBA ENGLEZA": 46, "LIMBA FRANCEZA": 1}, "limba_materna": {"LIMBA ROMANA": 47}, "promotie_anterioara": {"DA": 27, "NU": 20}, "materii": {"LIMBA ROMANA": {"medie": 5.715217391304347, "reusita": 91.48936170212765, "cnt": 47}, "MATEMATICA TEHN": {"medie": 4.866666666666667, "reusita": 55.319148936170215, "cnt": 47}, "BIOLOGIE VEGETALA SI ANIMALA": {"medie": 4.636363636363637, "reusita": 41.66666666666667, "cnt": 12}, "GENERAL": {"medie": 5.618650793650795, "reusita": 31.914893617021278, "cnt": 47}, "GEOGRAFIE": {"medie": 7.087931034482756, "reusita": 93.33333333333333, "cnt": 30}, "LOGICA, ARGUMENTARE SI COMUNICARE": {"medie": 4.4, "reusita": 0.0, "cnt": 1}, "PSIHOLOGIE": {"medie": 7.4, "reusita": 100.0, "cnt": 1}, "FIZICA TEH": {"medie": 5.2, "reusita": 66.66666666666666, "cnt": 3}}, "nume": "COLEGIUL TEHNIC \"MIRCEA CEL BATRAN\"\tBucure\u0219ti"}