{"specializari": {"ARHITECTURA, ARTE AMBIENTALE SI DESIGN": 29, "MUZICA": 23, "COREGRAFIE": 9, "ARTE PLASTICE SI DECORATIVE": 33}, "limba_moderna": {"LIMBA ENGLEZA": 90, "LIMBA FRANCEZA": 4}, "limba_materna": {"LIMBA ROMANA": 94}, "promotie_anterioara": {"DA": 1, "NU": 93}, "materii": {"LIMBA ROMANA": {"medie": 6.6951086956521735, "reusita": 89.36170212765957, "cnt": 94}, "GENERAL": {"medie": 7.23550724637681, "reusita": 79.7872340425532, "cnt": 94}, "GEOGRAFIE": {"medie": 8.299193548387098, "reusita": 95.23809523809523, "cnt": 63}, "ISTORIE": {"medie": 6.570108695652172, "reusita": 87.2340425531915, "cnt": 94}, "FILOSOFIE": {"medie": 7.9, "reusita": 100.0, "cnt": 1}, "LOGICA, ARGUMENTARE SI COMUNICARE": {"medie": 8.733928571428573, "reusita": 93.10344827586206, "cnt": 29}, "PSIHOLOGIE": {"medie": 9.6, "reusita": 100.0, "cnt": 1}}, "nume": "COLEGIUL NATIONAL DE ARTA \"GEORGE APOSTU\" BACAU\tBac\u0103u"}