{"specializari": {"STIINTE ALE NATURII": 58, "FILOLOGIE": 56}, "limba_moderna": {"LIMBA FRANCEZA": 34, "LIMBA ENGLEZA": 80}, "limba_materna": {"LIMBA GERMANA": 114}, "promotie_anterioara": {"NU": 114}, "materii": {"LIMBA ROMANA": {"medie": 8.807894736842108, "reusita": 100.0, "cnt": 114}, "BIOLOGIE VEGETALA SI ANIMALA": {"medie": 9.275, "reusita": 100.0, "cnt": 2}, "GENERAL": {"medie": 8.751864035087722, "reusita": 100.0, "cnt": 114}, "ANATOMIE SI FIZIOLOGIE UMANA, GENETICA SI ECOLOGIE UMANA": {"medie": 9.35, "reusita": 100.0, "cnt": 30}, "FIZICA TEO": {"medie": 9.116666666666667, "reusita": 100.0, "cnt": 6}, "GEOGRAFIE": {"medie": 9.2, "reusita": 100.0, "cnt": 14}, "ISTORIE": {"medie": 8.292857142857141, "reusita": 100.0, "cnt": 56}, "LOGICA, ARGUMENTARE SI COMUNICARE": {"medie": 9.376190476190478, "reusita": 100.0, "cnt": 42}, "MATEMATICA ST-NAT": {"medie": 8.808620689655172, "reusita": 100.0, "cnt": 58}, "CHIMIE ANORGANICA TEO NIVEL I/II": {"medie": 7.725, "reusita": 100.0, "cnt": 2}, "CHIMIE ORGANICA TEO NIVEL I/II": {"medie": 8.87, "reusita": 100.0, "cnt": 5}, "INFORMATICA SN C/C++": {"medie": 9.242307692307692, "reusita": 100.0, "cnt": 13}, "LIMBA GERMANA": {"medie": 8.378508771929825, "reusita": 100.0, "cnt": 114}}, "nume": "COLEGIUL NATIONAL \"JOHANNES HONTERUS\" BRASOV\tBra\u0219ov"}