{"specializari": {"MATEMATICA-INFORMATICA": 173, "STIINTE ALE NATURII": 37, "FILOLOGIE": 23}, "limba_moderna": {"LIMBA ENGLEZA": 217, "LIMBA FRANCEZA": 10, "LIMBA GERMANA MODERNA": 6}, "limba_materna": {"LIMBA ROMANA": 233}, "promotie_anterioara": {"DA": 1, "NU": 232}, "materii": {"LIMBA ROMANA": {"medie": 9.265236051502141, "reusita": 100.0, "cnt": 233}, "BIOLOGIE VEGETALA SI ANIMALA": {"medie": 9.458333333333334, "reusita": 100.0, "cnt": 6}, "GENERAL": {"medie": 9.307112068965518, "reusita": 99.14163090128756, "cnt": 233}, "MATEMATICA MATE-INFO": {"medie": 9.046220930232558, "reusita": 99.42196531791907, "cnt": 173}, "ANATOMIE SI FIZIOLOGIE UMANA, GENETICA SI ECOLOGIE UMANA": {"medie": 9.62142857142857, "reusita": 87.5, "cnt": 8}, "FIZICA TEO": {"medie": 9.329605263157893, "reusita": 98.68421052631578, "cnt": 76}, "GEOGRAFIE": {"medie": 9.389999999999999, "reusita": 100.0, "cnt": 5}, "INFORMATICA MI C/C++": {"medie": 9.442307692307692, "reusita": 100.0, "cnt": 39}, "ISTORIE": {"medie": 9.241304347826087, "reusita": 100.0, "cnt": 23}, "LOGICA, ARGUMENTARE SI COMUNICARE": {"medie": 9.92, "reusita": 100.0, "cnt": 5}, "MATEMATICA ST-NAT": {"medie": 9.286486486486485, "reusita": 100.0, "cnt": 37}, "PSIHOLOGIE": {"medie": 9.450000000000001, "reusita": 100.0, "cnt": 3}, "CHIMIE ORGANICA TEO NIVEL I/II": {"medie": 9.783333333333333, "reusita": 100.0, "cnt": 81}, "SOCIOLOGIE": {"medie": 9.35, "reusita": 100.0, "cnt": 1}, "ECONOMIE": {"medie": 9.416666666666666, "reusita": 100.0, "cnt": 9}}, "nume": "COLEGIUL NATIONAL \"SFANTUL SAVA\"\tBucure\u0219ti"}