{"specializari": {"MATEMATICA-INFORMATICA": 113, "STIINTE ALE NATURII": 31, "FILOLOGIE": 31, "STIINTE SOCIALE": 31}, "limba_moderna": {"LIMBA ENGLEZA": 156, "LIMBA GERMANA MODERNA": 5, "LIMBA FRANCEZA": 45}, "limba_materna": {"LIMBA ROMANA": 206}, "promotie_anterioara": {"NU": 205, "DA": 1}, "materii": {"LIMBA ROMANA": {"medie": 8.88495145631068, "reusita": 100.0, "cnt": 206}, "GENERAL": {"medie": 8.874110032362458, "reusita": 99.02912621359224, "cnt": 206}, "MATEMATICA MATE-INFO": {"medie": 8.796460176991149, "reusita": 100.0, "cnt": 113}, "ANATOMIE SI FIZIOLOGIE UMANA, GENETICA SI ECOLOGIE UMANA": {"medie": 8.63953488372093, "reusita": 97.67441860465115, "cnt": 43}, "FIZICA TEO": {"medie": 8.725555555555555, "reusita": 100.0, "cnt": 45}, "GEOGRAFIE": {"medie": 9.15, "reusita": 100.0, "cnt": 4}, "INFORMATICA MI C/C++": {"medie": 9.415000000000001, "reusita": 100.0, "cnt": 40}, "ISTORIE": {"medie": 8.420967741935481, "reusita": 100.0, "cnt": 62}, "LOGICA, ARGUMENTARE SI COMUNICARE": {"medie": 9.539583333333335, "reusita": 100.0, "cnt": 48}, "MATEMATICA ST-NAT": {"medie": 8.393548387096775, "reusita": 100.0, "cnt": 31}, "PSIHOLOGIE": {"medie": 9.100000000000001, "reusita": 100.0, "cnt": 4}, "CHIMIE ANORGANICA TEO NIVEL I/II": {"medie": 9.85, "reusita": 100.0, "cnt": 1}, "CHIMIE ORGANICA TEO NIVEL I/II": {"medie": 9.553571428571429, "reusita": 100.0, "cnt": 14}, "SOCIOLOGIE": {"medie": 8.15, "reusita": 100.0, "cnt": 2}, "INFORMATICA SN C/C++": {"medie": 9.15, "reusita": 100.0, "cnt": 1}, "ECONOMIE": {"medie": 9.225, "reusita": 100.0, "cnt": 4}}, "nume": "COLEGIUL NATIONAL \"GHEORGHE VRANCEANU\" BACAU\tBac\u0103u"}