{"specializari": {"TEHNICIAN DESIGNER VESTIMENTAR": 34, "COAFOR STILIST": 17, "TEHNICIAN IN HOTELARIE": 26, "TEHNICIAN IN INDUSTRIA PIELARIEI": 1, "TEHNICIAN IN INDUSTRIA TEXTILA": 5, "ORGANIZATOR BANQUETING": 1, "TEHNICIAN IN TURISM": 3}, "limba_moderna": {"LIMBA GERMANA MODERNA": 16, "LIMBA ENGLEZA": 63, "LIMBA FRANCEZA": 8}, "limba_materna": {"LIMBA ROMANA": 87}, "promotie_anterioara": {"NU": 60, "DA": 27}, "materii": {"LIMBA ROMANA": {"medie": 6.493023255813955, "reusita": 94.25287356321839, "cnt": 87}, "MATEMATICA TEHN": {"medie": 6.722023809523809, "reusita": 90.80459770114942, "cnt": 87}, "BIOLOGIE VEGETALA SI ANIMALA": {"medie": 5.8125, "reusita": 72.22222222222221, "cnt": 36}, "GENERAL": {"medie": 6.751626016260161, "reusita": 64.36781609195403, "cnt": 87}, "GEOGRAFIE": {"medie": 7.6333333333333355, "reusita": 100.0, "cnt": 33}, "LOGICA, ARGUMENTARE SI COMUNICARE": {"medie": 8.299999999999999, "reusita": 91.66666666666666, "cnt": 12}, "CHIMIE ANORGANICA TEH NIVEL I/II": {"medie": 4.5375, "reusita": 50.0, "cnt": 4}, "PSIHOLOGIE": {"medie": 7.35, "reusita": 100.0, "cnt": 2}}, "nume": "COLEGIUL TEHNIC \"MARIA BAIULESCU\" BRASOV\tBra\u0219ov"}