{"specializari": {"STIINTE SOCIALE": 38, "FILOLOGIE": 74, "MATEMATICA-INFORMATICA": 91, "STIINTE ALE NATURII": 57}, "limba_moderna": {"LIMBA ENGLEZA": 221, "LIMBA FRANCEZA": 39}, "limba_materna": {"LIMBA ROMANA": 260}, "promotie_anterioara": {"NU": 257, "DA": 3}, "materii": {"LIMBA ROMANA": {"medie": 8.294230769230765, "reusita": 99.61538461538461, "cnt": 260}, "BIOLOGIE VEGETALA SI ANIMALA": {"medie": 8.410526315789474, "reusita": 100.0, "cnt": 19}, "GENERAL": {"medie": 8.455148005148, "reusita": 97.3076923076923, "cnt": 260}, "MATEMATICA MATE-INFO": {"medie": 8.262637362637363, "reusita": 98.9010989010989, "cnt": 91}, "ANATOMIE SI FIZIOLOGIE UMANA, GENETICA SI ECOLOGIE UMANA": {"medie": 8.602702702702702, "reusita": 100.0, "cnt": 37}, "FIZICA TEO": {"medie": 8.050943396226414, "reusita": 94.44444444444444, "cnt": 54}, "GEOGRAFIE": {"medie": 9.26734693877551, "reusita": 100.0, "cnt": 49}, "INFORMATICA MI C/C++": {"medie": 7.976190476190476, "reusita": 100.0, "cnt": 21}, "ISTORIE": {"medie": 8.612053571428577, "reusita": 100.0, "cnt": 112}, "LOGICA, ARGUMENTARE SI COMUNICARE": {"medie": 9.384000000000002, "reusita": 100.0, "cnt": 50}, "MATEMATICA ST-NAT": {"medie": 7.755263157894741, "reusita": 100.0, "cnt": 57}, "PSIHOLOGIE": {"medie": 9.629999999999999, "reusita": 100.0, "cnt": 10}, "CHIMIE ORGANICA TEO NIVEL I/II": {"medie": 8.521875, "reusita": 100.0, "cnt": 16}, "SOCIOLOGIE": {"medie": 7.675000000000001, "reusita": 100.0, "cnt": 2}, "INFORMATICA SN C/C++": {"medie": 9.1, "reusita": 100.0, "cnt": 1}, "ECONOMIE": {"medie": 10.0, "reusita": 100.0, "cnt": 1}}, "nume": "COLEGIUL NATIONAL \"MIHAI EMINESCU\" MUNICIPIUL BUZAU\tBuz\u0103u"}