{"specializari": {"INVATATOR - EDUCATOARE": 53, "STIINTE ALE NATURII": 28, "STIINTE SOCIALE": 31, "FILOLOGIE": 37}, "limba_moderna": {"LIMBA ENGLEZA": 120, "LIMBA FRANCEZA": 29}, "limba_materna": {"LIMBA ROMANA": 149}, "promotie_anterioara": {"NU": 148, "DA": 1}, "materii": {"LIMBA ROMANA": {"medie": 8.110402684563761, "reusita": 100.0, "cnt": 149}, "BIOLOGIE VEGETALA SI ANIMALA": {"medie": 8.4, "reusita": 100.0, "cnt": 1}, "GENERAL": {"medie": 8.17863534675615, "reusita": 97.31543624161074, "cnt": 149}, "ANATOMIE SI FIZIOLOGIE UMANA, GENETICA SI ECOLOGIE UMANA": {"medie": 8.17608695652174, "reusita": 100.0, "cnt": 23}, "FIZICA TEO": {"medie": 8.8, "reusita": 100.0, "cnt": 1}, "GEOGRAFIE": {"medie": 8.33695652173913, "reusita": 100.0, "cnt": 23}, "ISTORIE": {"medie": 7.352941176470589, "reusita": 98.52941176470588, "cnt": 68}, "LOGICA, ARGUMENTARE SI COMUNICARE": {"medie": 9.247701149425287, "reusita": 100.0, "cnt": 87}, "MATEMATICA ST-NAT": {"medie": 7.353571428571427, "reusita": 96.42857142857143, "cnt": 28}, "MATEMATICA PED": {"medie": 7.954716981132077, "reusita": 98.11320754716981, "cnt": 53}, "PSIHOLOGIE": {"medie": 8.533333333333333, "reusita": 100.0, "cnt": 6}, "CHIMIE ORGANICA TEO NIVEL I/II": {"medie": 6.7, "reusita": 100.0, "cnt": 1}, "SOCIOLOGIE": {"medie": 8.962500000000002, "reusita": 100.0, "cnt": 4}, "INFORMATICA SN C/C++": {"medie": 8.85, "reusita": 100.0, "cnt": 2}, "ECONOMIE": {"medie": 6.9, "reusita": 100.0, "cnt": 1}}, "nume": "COLEGIUL NATIONAL \"GHEORGHE ASACHI\", MUNICIPIUL PIATRA-NEAMT\tNeam\u021b"}