{"specializari": {"MATEMATICA-INFORMATICA": 65, "STIINTE ALE NATURII": 60, "STIINTE SOCIALE": 59, "FILOLOGIE": 28}, "limba_moderna": {"LIMBA GERMANA MODERNA": 45, "LIMBA ENGLEZA": 146, "LIMBA FRANCEZA": 21}, "limba_materna": {"LIMBA ROMANA": 212}, "promotie_anterioara": {"NU": 211, "DA": 1}, "materii": {"LIMBA ROMANA": {"medie": 8.718483412322271, "reusita": 99.52830188679245, "cnt": 212}, "GENERAL": {"medie": 8.796998420221165, "reusita": 98.58490566037736, "cnt": 212}, "MATEMATICA MATE-INFO": {"medie": 8.817692307692312, "reusita": 100.0, "cnt": 65}, "ANATOMIE SI FIZIOLOGIE UMANA, GENETICA SI ECOLOGIE UMANA": {"medie": 9.40963855421687, "reusita": 100.0, "cnt": 83}, "FIZICA TEO": {"medie": 9.4675, "reusita": 100.0, "cnt": 20}, "GEOGRAFIE": {"medie": 8.393333333333334, "reusita": 93.75, "cnt": 16}, "INFORMATICA MI C/C++": {"medie": 9.619444444444447, "reusita": 100.0, "cnt": 18}, "ISTORIE": {"medie": 8.556321839080457, "reusita": 100.0, "cnt": 87}, "FILOSOFIE": {"medie": 9.2, "reusita": 100.0, "cnt": 1}, "LOGICA, ARGUMENTARE SI COMUNICARE": {"medie": 8.862857142857141, "reusita": 98.57142857142858, "cnt": 70}, "MATEMATICA ST-NAT": {"medie": 8.038333333333332, "reusita": 100.0, "cnt": 60}, "CHIMIE ORGANICA TEO NIVEL I/II": {"medie": 9.7125, "reusita": 100.0, "cnt": 4}}, "nume": "COLEGIUL NATIONAL \"EUDOXIU HURMUZACHI\" RADAUTI\tSuceava"}