{"specializari": {"FILOLOGIE": 30, "TEHNICIAN IN ACTIVITATI ECONOMICE": 23, "STIINTE SOCIALE": 58, "TEHNICIAN IN INSTALATII ELECTRICE": 1, "MATEMATICA-INFORMATICA": 1, "TEHNICIAN TRANSPORTURI": 19, "TEHNICIAN ELECTRICIAN/ELECTRONIST AUTO": 13, "STIINTE ALE NATURII": 2, "TEHNICIAN MECANIC PENTRU INTRETINERE SI REPARATII": 2, "TEHNICIAN ELECTROTEHNIST": 1}, "limba_moderna": {"LIMBA FRANCEZA": 19, "LIMBA ENGLEZA": 131}, "limba_materna": {"LIMBA ROMANA": 150}, "promotie_anterioara": {"DA": 31, "NU": 119}, "materii": {"LIMBA ROMANA": {"medie": 5.386507936507935, "reusita": 62.0, "cnt": 150}, "MATEMATICA TEHN": {"medie": 3.9217948717948716, "reusita": 28.8135593220339, "cnt": 59}, "BIOLOGIE VEGETALA SI ANIMALA": {"medie": 4.177777777777778, "reusita": 28.125, "cnt": 32}, "GENERAL": {"medie": 5.571186440677967, "reusita": 32.666666666666664, "cnt": 150}, "MATEMATICA MATE-INFO": {"medie": "-", "reusita": 0.0, "cnt": 1}, "ANATOMIE SI FIZIOLOGIE UMANA, GENETICA SI ECOLOGIE UMANA": {"medie": 5.833333333333333, "reusita": 66.66666666666666, "cnt": 3}, "GEOGRAFIE": {"medie": 7.175, "reusita": 81.1881188118812, "cnt": 101}, "ISTORIE": {"medie": 5.209876543209875, "reusita": 57.95454545454546, "cnt": 88}, "LOGICA, ARGUMENTARE SI COMUNICARE": {"medie": 6.291666666666667, "reusita": 62.5, "cnt": 8}, "MATEMATICA ST-NAT": {"medie": 1.0, "reusita": 0.0, "cnt": 2}, "PSIHOLOGIE": {"medie": 6.25, "reusita": 100.0, "cnt": 2}, "FIZICA TEH": {"medie": 3.2499999999999996, "reusita": 25.0, "cnt": 4}}, "nume": "COLEGIUL TEHNIC \"ALEXANDRU IOAN CUZA\" SUCEAVA\tSuceava"}