{"specializari": {"STIINTE ALE NATURII": 56, "STIINTE SOCIALE": 33, "FILOLOGIE": 34, "MATEMATICA-INFORMATICA": 29}, "limba_moderna": {"LIMBA FRANCEZA": 38, "LIMBA ENGLEZA": 114}, "limba_materna": {"LIMBA ROMANA": 152}, "promotie_anterioara": {"DA": 6, "NU": 146}, "materii": {"LIMBA ROMANA": {"medie": 7.552302631578947, "reusita": 96.71052631578947, "cnt": 152}, "GENERAL": {"medie": 7.84671052631579, "reusita": 92.10526315789474, "cnt": 152}, "MATEMATICA MATE-INFO": {"medie": 8.01206896551724, "reusita": 96.55172413793103, "cnt": 29}, "ANATOMIE SI FIZIOLOGIE UMANA, GENETICA SI ECOLOGIE UMANA": {"medie": 8.645967741935484, "reusita": 100.0, "cnt": 62}, "GEOGRAFIE": {"medie": 8.278787878787881, "reusita": 98.48484848484848, "cnt": 66}, "INFORMATICA MI C/C++": {"medie": 9.193478260869563, "reusita": 100.0, "cnt": 23}, "ISTORIE": {"medie": 7.280597014925373, "reusita": 95.52238805970148, "cnt": 67}, "MATEMATICA ST-NAT": {"medie": 7.257142857142855, "reusita": 94.64285714285714, "cnt": 56}, "PSIHOLOGIE": {"medie": 9.7, "reusita": 100.0, "cnt": 1}}, "nume": "COLEGIUL NATIONAL \"AVRAM IANCU\" CAMPENI\tAlba"}