{"specializari": {"TEHNICIAN IN TURISM": 21, "TEHNICIAN IN ACTIVITATI ECONOMICE": 70, "TEHNICIAN ANALIZE PRODUSE ALIMENTARE": 23, "TEHNICIAN IN ADMINISTRATIE": 25, "TEHNICIAN IN INDUSTRIA ALIMENTARA": 20, "TEHNICIAN IN ACTIVITATI DE COMERT": 25, "TEHNICIAN IN GASTRONOMIE": 25}, "limba_moderna": {"LIMBA ENGLEZA": 157, "LIMBA FRANCEZA": 52}, "limba_materna": {"LIMBA ROMANA": 209}, "promotie_anterioara": {"DA": 17, "NU": 192}, "materii": {"LIMBA ROMANA": {"medie": 6.35024630541872, "reusita": 87.5598086124402, "cnt": 209}, "MATEMATICA TEHN": {"medie": 5.757500000000004, "reusita": 72.72727272727273, "cnt": 209}, "GENERAL": {"medie": 6.39941373534338, "reusita": 63.1578947368421, "cnt": 209}, "ANATOMIE SI FIZIOLOGIE UMANA, GENETICA SI ECOLOGIE UMANA": {"medie": 5.5875, "reusita": 65.11627906976744, "cnt": 43}, "GEOGRAFIE": {"medie": 7.29240506329114, "reusita": 90.6832298136646, "cnt": 161}, "LOGICA, ARGUMENTARE SI COMUNICARE": {"medie": 8.566666666666668, "reusita": 100.0, "cnt": 3}, "PSIHOLOGIE": {"medie": 9.7, "reusita": 100.0, "cnt": 1}, "ECONOMIE": {"medie": 6.25, "reusita": 100.0, "cnt": 1}}, "nume": "COLEGIUL ECONOMIC, MUN. RM. VALCEA\tV\u00e2lcea"}