{"specializari": {"MATEMATICA-INFORMATICA": 88, "STIINTE SOCIALE": 61, "STIINTE ALE NATURII": 31, "FILOLOGIE": 30}, "limba_moderna": {"LIMBA ENGLEZA": 203, "LIMBA GERMANA MODERNA": 1, "LIMBA FRANCEZA": 6}, "limba_materna": {"LIMBA ROMANA": 210}, "promotie_anterioara": {"NU": 210}, "materii": {"LIMBA ROMANA": {"medie": 8.6597619047619, "reusita": 100.0, "cnt": 210}, "BIOLOGIE VEGETALA SI ANIMALA": {"medie": 8.414285714285713, "reusita": 100.0, "cnt": 14}, "GENERAL": {"medie": 8.673825396825395, "reusita": 100.0, "cnt": 210}, "MATEMATICA MATE-INFO": {"medie": 8.50681818181818, "reusita": 100.0, "cnt": 88}, "ANATOMIE SI FIZIOLOGIE UMANA, GENETICA SI ECOLOGIE UMANA": {"medie": 8.9, "reusita": 100.0, "cnt": 12}, "FIZICA TEO": {"medie": 8.514137931034483, "reusita": 100.0, "cnt": 29}, "GEOGRAFIE": {"medie": 9.475, "reusita": 100.0, "cnt": 8}, "INFORMATICA MI C/C++": {"medie": 8.747222222222222, "reusita": 100.0, "cnt": 36}, "ISTORIE": {"medie": 8.150000000000002, "reusita": 100.0, "cnt": 91}, "FILOSOFIE": {"medie": 5.1, "reusita": 100.0, "cnt": 1}, "LOGICA, ARGUMENTARE SI COMUNICARE": {"medie": 9.435897435897436, "reusita": 100.0, "cnt": 78}, "MATEMATICA ST-NAT": {"medie": 8.416129032258064, "reusita": 100.0, "cnt": 31}, "CHIMIE ANORGANICA TEO NIVEL I/II": {"medie": 8.814285714285715, "reusita": 100.0, "cnt": 7}, "CHIMIE ORGANICA TEO NIVEL I/II": {"medie": 9.372222222222222, "reusita": 100.0, "cnt": 18}, "INFORMATICA SN C/C++": {"medie": 8.083333333333334, "reusita": 100.0, "cnt": 3}, "ECONOMIE": {"medie": 9.212499999999999, "reusita": 100.0, "cnt": 4}}, "nume": "COLEGIUL NATIONAL \"NICHITA STANESCU\", MUNICIPIUL PLOIESTI\tPrahova"}