{"specializari": {"MATEMATICA-INFORMATICA": 124, "STIINTE ALE NATURII": 31, "STIINTE SOCIALE": 30, "FILOLOGIE": 31}, "limba_moderna": {"LIMBA ENGLEZA": 189, "LIMBA FRANCEZA": 23, "LIMBA GERMANA MODERNA": 4}, "limba_materna": {"LIMBA ROMANA": 216}, "promotie_anterioara": {"DA": 22, "NU": 194}, "materii": {"LIMBA ROMANA": {"medie": 7.9137209302325555, "reusita": 98.61111111111111, "cnt": 216}, "BIOLOGIE VEGETALA SI ANIMALA": {"medie": 7.617117117117117, "reusita": 88.59649122807018, "cnt": 114}, "GENERAL": {"medie": 7.6441314553990605, "reusita": 76.85185185185185, "cnt": 216}, "MATEMATICA MATE-INFO": {"medie": 6.9036585365853655, "reusita": 83.87096774193549, "cnt": 124}, "ANATOMIE SI FIZIOLOGIE UMANA, GENETICA SI ECOLOGIE UMANA": {"medie": 8.809999999999999, "reusita": 100.0, "cnt": 10}, "FIZICA TEO": {"medie": 8.782500000000002, "reusita": 100.0, "cnt": 20}, "GEOGRAFIE": {"medie": 9.035454545454547, "reusita": 100.0, "cnt": 55}, "INFORMATICA MI C/C++": {"medie": 8.924999999999999, "reusita": 100.0, "cnt": 8}, "ISTORIE": {"medie": 7.639344262295082, "reusita": 98.36065573770492, "cnt": 61}, "LOGICA, ARGUMENTARE SI COMUNICARE": {"medie": 9.85, "reusita": 100.0, "cnt": 5}, "MATEMATICA ST-NAT": {"medie": 3.830645161290323, "reusita": 35.483870967741936, "cnt": 31}, "CHIMIE ORGANICA TEO NIVEL I/II": {"medie": 9.049999999999999, "reusita": 100.0, "cnt": 3}, "ECONOMIE": {"medie": 9.3, "reusita": 100.0, "cnt": 1}}, "nume": "COLEGIUL NATIONAL \"VLADIMIR STREINU\" GAESTI\tD\u00e2mbovi\u021ba"}