{"specializari": {"MATEMATICA-INFORMATICA": 287}, "limba_moderna": {"LIMBA ENGLEZA": 285, "LIMBA FRANCEZA": 1, "LIMBA GERMANA MODERNA": 1}, "limba_materna": {"LIMBA ROMANA": 287}, "promotie_anterioara": {"NU": 287}, "materii": {"LIMBA ROMANA": {"medie": 9.069337979094078, "reusita": 100.0, "cnt": 287}, "BIOLOGIE VEGETALA SI ANIMALA": {"medie": 9.241666666666667, "reusita": 100.0, "cnt": 6}, "GENERAL": {"medie": 9.212485481997673, "reusita": 99.65156794425087, "cnt": 287}, "MATEMATICA MATE-INFO": {"medie": 9.18362369337979, "reusita": 100.0, "cnt": 287}, "ANATOMIE SI FIZIOLOGIE UMANA, GENETICA SI ECOLOGIE UMANA": {"medie": 8.547058823529412, "reusita": 100.0, "cnt": 17}, "FIZICA TEO": {"medie": 9.450729927007298, "reusita": 99.27007299270073, "cnt": 137}, "INFORMATICA MI C/C++": {"medie": 9.397916666666664, "reusita": 100.0, "cnt": 96}, "CHIMIE ANORGANICA TEO NIVEL I/II": {"medie": 8.7625, "reusita": 100.0, "cnt": 4}, "CHIMIE ORGANICA TEO NIVEL I/II": {"medie": 9.65185185185185, "reusita": 100.0, "cnt": 27}}, "nume": "COLEGIUL NATIONAL DE INFORMATICA \"TUDOR VIANU\"\tBucure\u0219ti"}