{"specializari": {"TEHNICIAN IN TURISM": 3, "TEHNICIAN ECOLOG SI PROTECTIA CALITATII MEDIULUI": 23, "TEHNICIAN DESIGNER MOBILA SI AMENAJARI INTERIOARE": 4, "TEHNICIAN MECATRONIST": 5, "TEHNICIAN IN ACTIVITATI ECONOMICE": 22, "TEHNICIAN IN AUTOMATIZARI": 11, "TEHNICIAN TRANSPORTURI": 1, "TEHNICIAN IN PRELUCRAREA LEMNULUI": 1, "TEHNICIAN ELECTROMECANIC": 2, "TEHNICIAN IN ACTIVITATI DE COMERT": 1}, "limba_moderna": {"LIMBA ENGLEZA": 52, "LIMBA FRANCEZA": 21}, "limba_materna": {"LIMBA ROMANA": 73}, "promotie_anterioara": {"DA": 24, "NU": 49}, "materii": {"LIMBA ROMANA": {"medie": 6.080555555555557, "reusita": 87.67123287671232, "cnt": 73}, "MATEMATICA TEHN": {"medie": 5.405633802816903, "reusita": 68.4931506849315, "cnt": 73}, "BIOLOGIE VEGETALA SI ANIMALA": {"medie": 5.910714285714286, "reusita": 75.0, "cnt": 28}, "GENERAL": {"medie": 5.949033816425123, "reusita": 49.31506849315068, "cnt": 73}, "ANATOMIE SI FIZIOLOGIE UMANA, GENETICA SI ECOLOGIE UMANA": {"medie": 4.85, "reusita": 50.0, "cnt": 2}, "GEOGRAFIE": {"medie": 6.8500000000000005, "reusita": 83.33333333333334, "cnt": 12}, "LOGICA, ARGUMENTARE SI COMUNICARE": {"medie": 6.76923076923077, "reusita": 71.42857142857143, "cnt": 14}, "CHIMIE ANORGANICA TEH NIVEL I/II": {"medie": 4.2125, "reusita": 16.666666666666664, "cnt": 6}, "FIZICA TEH": {"medie": 6.581818181818181, "reusita": 90.9090909090909, "cnt": 11}}, "nume": "COLEGIUL TEHNIC CAMPULUNG\tArge\u0219"}