{"specializari": {"TEHNICIAN IN ACTIVITATI ECONOMICE": 53, "TEHNICIAN IN ADMINISTRATIE": 17, "TEHNICIAN IN TURISM": 31, "TEHNICIAN IN GASTRONOMIE": 30, "TEHNICIAN IN ACTIVITATI DE COMERT": 21}, "limba_moderna": {"LIMBA ENGLEZA": 134, "LIMBA FRANCEZA": 16, "LIMBA RUSA": 2}, "limba_materna": {"LIMBA ROMANA": 152}, "promotie_anterioara": {"NU": 128, "DA": 24}, "materii": {"LIMBA ROMANA": {"medie": 6.634539473684211, "reusita": 97.36842105263158, "cnt": 152}, "MATEMATICA TEHN": {"medie": 6.494039735099335, "reusita": 85.52631578947368, "cnt": 152}, "GENERAL": {"medie": 6.8744444444444435, "reusita": 74.3421052631579, "cnt": 152}, "GEOGRAFIE": {"medie": 7.191666666666667, "reusita": 96.11650485436894, "cnt": 103}, "LOGICA, ARGUMENTARE SI COMUNICARE": {"medie": 8.082653061224491, "reusita": 93.87755102040816, "cnt": 49}}, "nume": "COLEGIUL ECONOMIC \"DELTA DUNARII\" TULCEA\tTulcea"}