{"specializari": {"FILOLOGIE": 35, "MATEMATICA-INFORMATICA": 45, "STIINTE ALE NATURII": 55}, "limba_moderna": {"LIMBA ENGLEZA": 134, "LIMBA FRANCEZA": 1}, "limba_materna": {"LIMBA ROMANA": 135}, "promotie_anterioara": {"NU": 132, "DA": 3}, "materii": {"LIMBA ROMANA": {"medie": 8.316917293233084, "reusita": 98.51851851851852, "cnt": 135}, "BIOLOGIE VEGETALA SI ANIMALA": {"medie": 8.2, "reusita": 100.0, "cnt": 2}, "GENERAL": {"medie": 7.8323232323232315, "reusita": 85.18518518518519, "cnt": 135}, "MATEMATICA MATE-INFO": {"medie": 6.8090909090909095, "reusita": 91.11111111111111, "cnt": 45}, "ANATOMIE SI FIZIOLOGIE UMANA, GENETICA SI ECOLOGIE UMANA": {"medie": 7.853947368421053, "reusita": 92.5, "cnt": 40}, "FIZICA TEO": {"medie": 5.4125, "reusita": 50.0, "cnt": 4}, "GEOGRAFIE": {"medie": 8.945833333333333, "reusita": 91.66666666666666, "cnt": 12}, "INFORMATICA MI C/C++": {"medie": 7.408695652173912, "reusita": 91.30434782608695, "cnt": 23}, "ISTORIE": {"medie": 8.465714285714286, "reusita": 100.0, "cnt": 35}, "LOGICA, ARGUMENTARE SI COMUNICARE": {"medie": 8.84705882352941, "reusita": 100.0, "cnt": 17}, "MATEMATICA ST-NAT": {"medie": 6.575471698113208, "reusita": 83.63636363636363, "cnt": 55}, "PSIHOLOGIE": {"medie": 8.466666666666667, "reusita": 100.0, "cnt": 3}, "CHIMIE ANORGANICA TEO NIVEL I/II": {"medie": 7.980000000000001, "reusita": 100.0, "cnt": 5}, "CHIMIE ORGANICA TEO NIVEL I/II": {"medie": 8.156, "reusita": 100.0, "cnt": 25}, "SOCIOLOGIE": {"medie": 8.933333333333334, "reusita": 100.0, "cnt": 3}, "INFORMATICA SN C/C++": {"medie": 6.3, "reusita": 100.0, "cnt": 1}}, "nume": "COLEGIUL NATIONAL \"ELENA GHIBA BIRTA\" ARAD\tArad"}