{"specializari": {"TEHNICIAN IN INDUSTRIA ALIMENTARA": 21, "TEHNICIAN ANALIZE PRODUSE ALIMENTARE": 17, "TEHNICIAN ECOLOG SI PROTECTIA CALITATII MEDIULUI": 9, "TEHNICIAN MECATRONIST": 13, "TEHNICIAN IN TURISM": 25, "TEHNICIAN IN AUTOMATIZARI": 12}, "limba_moderna": {"LIMBA ENGLEZA": 97}, "limba_materna": {"LIMBA ROMANA": 97}, "promotie_anterioara": {"DA": 31, "NU": 66}, "materii": {"LIMBA ROMANA": {"medie": 6.015625, "reusita": 86.5979381443299, "cnt": 97}, "MATEMATICA TEHN": {"medie": 5.5549450549450565, "reusita": 70.10309278350515, "cnt": 97}, "BIOLOGIE VEGETALA SI ANIMALA": {"medie": 5.316666666666666, "reusita": 50.0, "cnt": 10}, "GENERAL": {"medie": 5.895318352059923, "reusita": 43.29896907216495, "cnt": 97}, "ANATOMIE SI FIZIOLOGIE UMANA, GENETICA SI ECOLOGIE UMANA": {"medie": 5.822222222222222, "reusita": 65.95744680851064, "cnt": 47}, "GEOGRAFIE": {"medie": 7.943333333333333, "reusita": 100.0, "cnt": 15}, "LOGICA, ARGUMENTARE SI COMUNICARE": {"medie": 7.835000000000001, "reusita": 90.0, "cnt": 10}, "FIZICA TEH": {"medie": 4.121428571428572, "reusita": 46.666666666666664, "cnt": 15}}, "nume": "COLEGIUL TEHNIC DE INDUSTRIE ALIMENTARA SUCEAVA\tSuceava"}