{"specializari": {"TEHNICIAN IN HOTELARIE": 31, "TEHNICIAN IN AUTOMATIZARI": 2, "TEHNICIAN MECANIC PENTRU INTRETINERE SI REPARATII": 4, "STIINTE SOCIALE": 37, "TEHNICIAN ECOLOG SI PROTECTIA CALITATII MEDIULUI": 10, "TEHNICIAN IN CONSTRUCTII SI LUCRARI PUBLICE": 4, "TEHNICIAN IN ACTIVITATI ECONOMICE": 22, "MATEMATICA-INFORMATICA": 27, "TEHNICIAN IN SILVICULTURA SI EXPLOATARI FORESTIERE": 7, "TEHNICIAN IN INDUSTRIA ALIMENTARA": 7, "TEHNICIAN IN AGROTURISM": 3, "TEHNICIAN ANALIZE PRODUSE ALIMENTARE": 13, "TEHNICIAN VETERINAR": 1, "TEHNICIAN OPERATOR TEHNICA DE CALCUL": 1}, "limba_moderna": {"LIMBA ENGLEZA": 111, "LIMBA FRANCEZA": 58}, "limba_materna": {"LIMBA ROMANA": 169}, "promotie_anterioara": {"DA": 37, "NU": 132}, "materii": {"LIMBA ROMANA": {"medie": 6.341212121212123, "reusita": 90.53254437869822, "cnt": 169}, "MATEMATICA TEHN": {"medie": 4.994736842105265, "reusita": 56.19047619047619, "cnt": 105}, "BIOLOGIE VEGETALA SI ANIMALA": {"medie": 5.025, "reusita": 50.0, "cnt": 18}, "GENERAL": {"medie": 6.298583877995645, "reusita": 50.887573964497044, "cnt": 169}, "MATEMATICA MATE-INFO": {"medie": 6.6722222222222225, "reusita": 81.48148148148148, "cnt": 27}, "ANATOMIE SI FIZIOLOGIE UMANA, GENETICA SI ECOLOGIE UMANA": {"medie": 5.656666666666665, "reusita": 69.56521739130434, "cnt": 46}, "GEOGRAFIE": {"medie": 7.426595744680851, "reusita": 95.83333333333334, "cnt": 48}, "INFORMATICA MI C/C++": {"medie": 8.977272727272727, "reusita": 100.0, "cnt": 11}, "ISTORIE": {"medie": 6.404545454545454, "reusita": 81.08108108108108, "cnt": 37}, "FILOSOFIE": {"medie": 7.05, "reusita": 100.0, "cnt": 1}, "LOGICA, ARGUMENTARE SI COMUNICARE": {"medie": 7.428749999999998, "reusita": 92.5, "cnt": 40}, "CHIMIE ANORGANICA TEH NIVEL I/II": {"medie": 6.9, "reusita": 100.0, "cnt": 1}, "PSIHOLOGIE": {"medie": 7.4, "reusita": 100.0, "cnt": 1}, "FIZICA TEH": {"medie": 2.75, "reusita": 0.0, "cnt": 2}, "CHIMIE ANORGANICA TEO NIVEL I/II": {"medie": 6.4, "reusita": 100.0, "cnt": 1}}, "nume": "COLEGIUL \"VASILE LOVINESCU\" FALTICENI\tSuceava"}