{"specializari": {"TEHNICIAN MECATRONIST": 23, "TEHNICIAN TRANSPORTURI": 3, "TEHNICIAN DESENATOR PENTRU CONSTRUCTII SI INSTALATII": 15, "TEHNICIAN IN ACTIVITATI ECONOMICE": 56, "MATEMATICA-INFORMATICA": 26, "STIINTE ALE NATURII": 21, "FILOLOGIE": 31, "STIINTE SOCIALE": 34, "TEHNICIAN IN INSTALATII ELECTRICE": 32, "TEHNICIAN MECANIC PENTRU INTRETINERE SI REPARATII": 1, "TEHNICIAN IN INDUSTRIA TEXTILA": 1}, "limba_moderna": {"LIMBA ENGLEZA": 223, "LIMBA FRANCEZA": 17, "LIMBA GERMANA MODERNA": 2, "LIMBA RUSA": 1}, "limba_materna": {"LIMBA ROMANA": 243}, "promotie_anterioara": {"DA": 25, "NU": 218}, "materii": {"LIMBA ROMANA": {"medie": 7.027499999999998, "reusita": 90.53497942386831, "cnt": 243}, "MATEMATICA TEHN": {"medie": 6.010714285714288, "reusita": 74.04580152671755, "cnt": 131}, "BIOLOGIE VEGETALA SI ANIMALA": {"medie": 4.81764705882353, "reusita": 47.22222222222222, "cnt": 72}, "GENERAL": {"medie": 7.075531914893615, "reusita": 74.48559670781893, "cnt": 243}, "MATEMATICA MATE-INFO": {"medie": 7.082692307692308, "reusita": 92.3076923076923, "cnt": 26}, "ANATOMIE SI FIZIOLOGIE UMANA, GENETICA SI ECOLOGIE UMANA": {"medie": 7.49107142857143, "reusita": 96.55172413793103, "cnt": 29}, "FIZICA TEO": {"medie": 8.4, "reusita": 100.0, "cnt": 1}, "GEOGRAFIE": {"medie": 8.593333333333334, "reusita": 100.0, "cnt": 15}, "INFORMATICA MI C/C++": {"medie": 8.996666666666668, "reusita": 100.0, "cnt": 15}, "ISTORIE": {"medie": 7.740000000000002, "reusita": 98.46153846153847, "cnt": 65}, "LOGICA, ARGUMENTARE SI COMUNICARE": {"medie": 8.766509433962261, "reusita": 99.05660377358491, "cnt": 106}, "MATEMATICA ST-NAT": {"medie": 6.56190476190476, "reusita": 95.23809523809523, "cnt": 21}, "CHIMIE ANORGANICA TEH NIVEL I/II": {"medie": 2.5, "reusita": 0.0, "cnt": 1}, "FIZICA TEH": {"medie": 7.55, "reusita": 100.0, "cnt": 3}, "CHIMIE ORGANICA TEO NIVEL I/II": {"medie": 8.1, "reusita": 100.0, "cnt": 1}}, "nume": "COLEGIUL TEHNIC RADAUTI\tSuceava"}