{"specializari": {"TEHNICIAN IN HOTELARIE": 73, "TEHNICIAN IN ACTIVITATI DE COMERT": 72, "TEHNICIAN IN ACTIVITATI ECONOMICE": 128}, "limba_moderna": {"LIMBA ENGLEZA": 273}, "limba_materna": {"LIMBA ROMANA": 273}, "promotie_anterioara": {"NU": 265, "DA": 8}, "materii": {"LIMBA ROMANA": {"medie": 6.910332103321033, "reusita": 96.33699633699634, "cnt": 273}, "MATEMATICA TEHN": {"medie": 6.407249070631965, "reusita": 86.44688644688645, "cnt": 273}, "GENERAL": {"medie": 6.997003745318355, "reusita": 78.3882783882784, "cnt": 273}, "GEOGRAFIE": {"medie": 7.855357142857142, "reusita": 95.97989949748744, "cnt": 199}, "LOGICA, ARGUMENTARE SI COMUNICARE": {"medie": 6.9542372881355945, "reusita": 89.83050847457628, "cnt": 59}, "PSIHOLOGIE": {"medie": 7.153571428571428, "reusita": 100.0, "cnt": 14}, "ECONOMIE": {"medie": 7.65, "reusita": 100.0, "cnt": 1}}, "nume": "COLEGIUL ECONOMIC \"HERMES\"\tBucure\u0219ti"}