{"specializari": {"STIINTE ALE NATURII": 30, "TEHNICIAN AGROMONTAN": 7, "TEHNICIAN IN ACTIVITATI ECONOMICE": 25, "TEHNICIAN IN ADMINISTRATIE": 28, "TEHNICIAN IN TURISM": 50, "TEHNICIAN IN AGRICULTURA": 1, "TEHNICIAN IN SILVICULTURA SI EXPLOATARI FORESTIERE": 18, "TEHNICIAN ECOLOG SI PROTECTIA CALITATII MEDIULUI": 35, "TEHNICIAN IN INSTALATII ELECTRICE": 2, "TEHNICIAN MECANIC PENTRU INTRETINERE SI REPARATII": 8, "TEHNICIAN ANALIZE PRODUSE ALIMENTARE": 20, "TEHNICIAN OPERATOR TEHNICA DE CALCUL": 16, "TEHNICIAN IN AGROTURISM": 2, "TEHNICIAN IN AUTOMATIZARI": 2}, "limba_moderna": {"LIMBA FRANCEZA": 44, "LIMBA ENGLEZA": 200}, "limba_materna": {"LIMBA ROMANA": 244}, "promotie_anterioara": {"DA": 39, "NU": 205}, "materii": {"LIMBA ROMANA": {"medie": 6.057468879668049, "reusita": 83.60655737704919, "cnt": 244}, "MATEMATICA TEHN": {"medie": 4.727, "reusita": 51.86915887850467, "cnt": 214}, "BIOLOGIE VEGETALA SI ANIMALA": {"medie": 5.203333333333333, "reusita": 70.58823529411765, "cnt": 17}, "GENERAL": {"medie": 5.619530102790012, "reusita": 40.57377049180328, "cnt": 244}, "ANATOMIE SI FIZIOLOGIE UMANA, GENETICA SI ECOLOGIE UMANA": {"medie": 4.904901960784314, "reusita": 52.336448598130836, "cnt": 107}, "FIZICA TEO": {"medie": 6.199999999999999, "reusita": 80.0, "cnt": 5}, "GEOGRAFIE": {"medie": 7.039795918367349, "reusita": 90.0, "cnt": 100}, "LOGICA, ARGUMENTARE SI COMUNICARE": {"medie": 8.233333333333333, "reusita": 100.0, "cnt": 3}, "MATEMATICA ST-NAT": {"medie": 5.275, "reusita": 76.66666666666667, "cnt": 30}, "CHIMIE ANORGANICA TEH NIVEL I/II": {"medie": 3.1, "reusita": 0.0, "cnt": 1}, "FIZICA TEH": {"medie": 4.181818181818182, "reusita": 36.36363636363637, "cnt": 11}}, "nume": "COLEGIUL TEHNIC \"ION CREANGA\", ORAS TARGU NEAMT\tNeam\u021b"}