{"specializari": {"MATEMATICA-INFORMATICA": 73, "STIINTE SOCIALE": 37, "FILOLOGIE": 37, "STIINTE ALE NATURII": 33}, "limba_moderna": {"LIMBA ENGLEZA": 131, "LIMBA FRANCEZA": 49}, "limba_materna": {"LIMBA ROMANA": 180}, "promotie_anterioara": {"DA": 7, "NU": 173}, "materii": {"LIMBA ROMANA": {"medie": 8.382402234636865, "reusita": 99.44444444444444, "cnt": 180}, "BIOLOGIE VEGETALA SI ANIMALA": {"medie": 8.276136363636365, "reusita": 100.0, "cnt": 44}, "GENERAL": {"medie": 8.310955056179775, "reusita": 96.11111111111111, "cnt": 180}, "MATEMATICA MATE-INFO": {"medie": 7.475694444444445, "reusita": 94.52054794520548, "cnt": 73}, "ANATOMIE SI FIZIOLOGIE UMANA, GENETICA SI ECOLOGIE UMANA": {"medie": 7.833333333333333, "reusita": 100.0, "cnt": 9}, "FIZICA TEO": {"medie": 8.912121212121212, "reusita": 100.0, "cnt": 33}, "GEOGRAFIE": {"medie": 9.346610169491527, "reusita": 100.0, "cnt": 59}, "INFORMATICA MI C/C++": {"medie": 6.65, "reusita": 100.0, "cnt": 1}, "ISTORIE": {"medie": 7.912328767123286, "reusita": 98.64864864864865, "cnt": 74}, "FILOSOFIE": {"medie": 9.233333333333333, "reusita": 100.0, "cnt": 3}, "LOGICA, ARGUMENTARE SI COMUNICARE": {"medie": 8.53125, "reusita": 100.0, "cnt": 8}, "MATEMATICA ST-NAT": {"medie": 7.656060606060605, "reusita": 96.96969696969697, "cnt": 33}, "PSIHOLOGIE": {"medie": 8.316666666666668, "reusita": 75.0, "cnt": 4}, "CHIMIE ORGANICA TEO NIVEL I/II": {"medie": 9.278947368421052, "reusita": 100.0, "cnt": 19}}, "nume": "COLEGIUL NATIONAL \"GEORGE COSBUC\" MOTRU\tGorj"}