{"specializari": {"STIINTE ALE NATURII": 83, "MATEMATICA-INFORMATICA": 62, "FILOLOGIE": 30}, "limba_moderna": {"LIMBA FRANCEZA": 24, "LIMBA ENGLEZA": 135, "LIMBA GERMANA MODERNA": 15, "LIMBA RUSA": 1}, "limba_materna": {"LIMBA ROMANA": 175}, "promotie_anterioara": {"DA": 26, "NU": 149}, "materii": {"LIMBA ROMANA": {"medie": 8.765517241379307, "reusita": 97.71428571428571, "cnt": 175}, "BIOLOGIE VEGETALA SI ANIMALA": {"medie": 8.577272727272726, "reusita": 90.9090909090909, "cnt": 11}, "GENERAL": {"medie": 8.827843137254906, "reusita": 86.85714285714286, "cnt": 175}, "MATEMATICA MATE-INFO": {"medie": 9.046774193548387, "reusita": 95.16129032258065, "cnt": 62}, "ANATOMIE SI FIZIOLOGIE UMANA, GENETICA SI ECOLOGIE UMANA": {"medie": 8.435443037974688, "reusita": 92.5, "cnt": 80}, "FIZICA TEO": {"medie": 9.259374999999999, "reusita": 100.0, "cnt": 16}, "GEOGRAFIE": {"medie": 9.465, "reusita": 100.0, "cnt": 10}, "INFORMATICA MI C/C++": {"medie": 9.724074074074075, "reusita": 100.0, "cnt": 27}, "ISTORIE": {"medie": 9.093333333333334, "reusita": 100.0, "cnt": 30}, "LOGICA, ARGUMENTARE SI COMUNICARE": {"medie": 9.7025, "reusita": 100.0, "cnt": 20}, "MATEMATICA ST-NAT": {"medie": 7.900632911392405, "reusita": 80.72289156626506, "cnt": 83}, "CHIMIE ORGANICA TEO NIVEL I/II": {"medie": 9.9375, "reusita": 100.0, "cnt": 8}, "INFORMATICA SN C/C++": {"medie": 8.65, "reusita": 100.0, "cnt": 3}}, "nume": "COLEGIUL NATIONAL \"EMIL RACOVITA\", IASI\tIa\u0219i"}