{"specializari": {"STIINTE ALE NATURII": 106, "MATEMATICA-INFORMATICA": 24, "FILOLOGIE": 32, "STIINTE SOCIALE": 29}, "limba_moderna": {"LIMBA ENGLEZA": 191}, "limba_materna": {"LIMBA ROMANA": 191}, "promotie_anterioara": {"DA": 6, "NU": 185}, "materii": {"LIMBA ROMANA": {"medie": 7.355235602094239, "reusita": 96.8586387434555, "cnt": 191}, "GENERAL": {"medie": 7.415183246073297, "reusita": 84.29319371727748, "cnt": 191}, "MATEMATICA MATE-INFO": {"medie": 7.172916666666667, "reusita": 87.5, "cnt": 24}, "ANATOMIE SI FIZIOLOGIE UMANA, GENETICA SI ECOLOGIE UMANA": {"medie": 7.829775280898875, "reusita": 93.25842696629213, "cnt": 89}, "FIZICA TEO": {"medie": 7.565909090909091, "reusita": 95.45454545454545, "cnt": 22}, "GEOGRAFIE": {"medie": 8.869642857142857, "reusita": 100.0, "cnt": 28}, "INFORMATICA MI C/C++": {"medie": 7.825, "reusita": 100.0, "cnt": 2}, "ISTORIE": {"medie": 7.191803278688521, "reusita": 100.0, "cnt": 61}, "FILOSOFIE": {"medie": 8.625, "reusita": 100.0, "cnt": 2}, "LOGICA, ARGUMENTARE SI COMUNICARE": {"medie": 7.944444444444445, "reusita": 100.0, "cnt": 18}, "MATEMATICA ST-NAT": {"medie": 6.647169811320753, "reusita": 85.84905660377359, "cnt": 106}, "PSIHOLOGIE": {"medie": 9.25, "reusita": 100.0, "cnt": 1}, "CHIMIE ANORGANICA TEO NIVEL I/II": {"medie": 7.0, "reusita": 100.0, "cnt": 1}, "CHIMIE ORGANICA TEO NIVEL I/II": {"medie": 8.309375, "reusita": 100.0, "cnt": 16}, "SOCIOLOGIE": {"medie": 7.65, "reusita": 100.0, "cnt": 11}, "ECONOMIE": {"medie": 7.7, "reusita": 100.0, "cnt": 1}}, "nume": "COLEGIUL NATIONAL \"VICTOR BABES\"\tBucure\u0219ti"}