{"specializari": {"MATEMATICA-INFORMATICA": 117, "STIINTE ALE NATURII": 27, "FILOLOGIE": 32, "STIINTE SOCIALE": 32}, "limba_moderna": {"LIMBA ENGLEZA": 194, "LIMBA FRANCEZA": 13, "LIMBA GERMANA MODERNA": 1}, "limba_materna": {"LIMBA ROMANA": 208}, "promotie_anterioara": {"NU": 208}, "materii": {"LIMBA ROMANA": {"medie": 9.285990338164249, "reusita": 99.51923076923077, "cnt": 208}, "GENERAL": {"medie": 9.23566827697262, "reusita": 99.51923076923077, "cnt": 208}, "MATEMATICA MATE-INFO": {"medie": 8.997863247863245, "reusita": 100.0, "cnt": 117}, "ANATOMIE SI FIZIOLOGIE UMANA, GENETICA SI ECOLOGIE UMANA": {"medie": 9.167647058823531, "reusita": 100.0, "cnt": 34}, "FIZICA TEO": {"medie": 9.24078947368421, "reusita": 100.0, "cnt": 38}, "GEOGRAFIE": {"medie": 9.745833333333334, "reusita": 100.0, "cnt": 12}, "INFORMATICA MI C/C++": {"medie": 9.508653846153845, "reusita": 100.0, "cnt": 52}, "ISTORIE": {"medie": 9.01796875, "reusita": 100.0, "cnt": 64}, "FILOSOFIE": {"medie": 10.0, "reusita": 100.0, "cnt": 2}, "LOGICA, ARGUMENTARE SI COMUNICARE": {"medie": 9.628125, "reusita": 100.0, "cnt": 32}, "MATEMATICA ST-NAT": {"medie": 8.785185185185183, "reusita": 100.0, "cnt": 27}, "PSIHOLOGIE": {"medie": 9.844444444444445, "reusita": 100.0, "cnt": 9}, "CHIMIE ANORGANICA TEO NIVEL I/II": {"medie": 9.8, "reusita": 100.0, "cnt": 1}, "CHIMIE ORGANICA TEO NIVEL I/II": {"medie": 9.40263157894737, "reusita": 100.0, "cnt": 19}, "ECONOMIE": {"medie": 9.227777777777776, "reusita": 100.0, "cnt": 9}}, "nume": "COLEGIUL NATIONAL \"VASILE ALECSANDRI\", LOCALITATEA GALATI\tGala\u021bi"}