{"specializari": {"TEHNICIAN IN TURISM": 32, "TEHNICIAN IN ACTIVITATI ECONOMICE": 283}, "limba_moderna": {"LIMBA ENGLEZA": 291, "LIMBA RUSA": 4, "LIMBA FRANCEZA": 19, "LIMBA ITALIANA": 1}, "limba_materna": {"LIMBA ROMANA": 315}, "promotie_anterioara": {"NU": 314, "DA": 1}, "materii": {"LIMBA ROMANA": {"medie": 8.203015873015882, "reusita": 100.0, "cnt": 315}, "MATEMATICA TEHN": {"medie": 8.85460317460317, "reusita": 99.36507936507937, "cnt": 315}, "GENERAL": {"medie": 8.696613756613763, "reusita": 98.09523809523809, "cnt": 315}, "GEOGRAFIE": {"medie": 9.103980099502492, "reusita": 100.0, "cnt": 201}, "LOGICA, ARGUMENTARE SI COMUNICARE": {"medie": 9.060588235294116, "reusita": 96.47058823529412, "cnt": 85}, "PSIHOLOGIE": {"medie": 8.432142857142857, "reusita": 100.0, "cnt": 14}, "ECONOMIE": {"medie": 8.47, "reusita": 100.0, "cnt": 15}}, "nume": "COLEGIUL ECONOMIC \"V. MADGEARU\"\tBucure\u0219ti"}