{"specializari": {"TEHNICIAN IN ACTIVITATI DE COMERT": 41, "TEHNICIAN ECOLOG SI PROTECTIA CALITATII MEDIULUI": 24, "TEHNICIAN DESIGNER VESTIMENTAR": 26, "TEHNICIAN OPERATOR TEHNICA DE CALCUL": 59, "TEHNICIAN IN INDUSTRIA TEXTILA": 2, "TEHNICIAN PROIECTANT CAD": 4}, "limba_moderna": {"LIMBA ENGLEZA": 135, "LIMBA FRANCEZA": 21}, "limba_materna": {"LIMBA ROMANA": 156}, "promotie_anterioara": {"DA": 44, "NU": 112}, "materii": {"LIMBA ROMANA": {"medie": 5.830132450331128, "reusita": 85.8974358974359, "cnt": 156}, "MATEMATICA TEHN": {"medie": 5.617999999999998, "reusita": 75.0, "cnt": 156}, "BIOLOGIE VEGETALA SI ANIMALA": {"medie": 6.014814814814816, "reusita": 71.26436781609196, "cnt": 87}, "GENERAL": {"medie": 6.09566210045662, "reusita": 51.92307692307693, "cnt": 156}, "ANATOMIE SI FIZIOLOGIE UMANA, GENETICA SI ECOLOGIE UMANA": {"medie": 7.941666666666667, "reusita": 100.0, "cnt": 24}, "GEOGRAFIE": {"medie": 7.19, "reusita": 100.0, "cnt": 5}, "LOGICA, ARGUMENTARE SI COMUNICARE": {"medie": 7.495588235294117, "reusita": 100.0, "cnt": 34}, "CHIMIE ANORGANICA TEH NIVEL I/II": {"medie": 8.4, "reusita": 100.0, "cnt": 1}, "PSIHOLOGIE": {"medie": 6.4, "reusita": 100.0, "cnt": 2}, "FIZICA TEH": {"medie": 5.866666666666667, "reusita": 100.0, "cnt": 3}}, "nume": "COLEGIUL TEHNIC \"ARMAND CALINESCU\" PITESTI\tArge\u0219"}