{"specializari": {"MATEMATICA-INFORMATICA": 36, "STIINTE ALE NATURII": 61, "STIINTE SOCIALE": 65, "FILOLOGIE": 35}, "limba_moderna": {"LIMBA FRANCEZA": 15, "LIMBA ENGLEZA": 173, "LIMBA GERMANA MODERNA": 9}, "limba_materna": {"LIMBA ROMANA": 197}, "promotie_anterioara": {"DA": 23, "NU": 174}, "materii": {"LIMBA ROMANA": {"medie": 7.0313684210526315, "reusita": 89.34010152284264, "cnt": 197}, "BIOLOGIE VEGETALA SI ANIMALA": {"medie": 4.7375, "reusita": 75.0, "cnt": 4}, "GENERAL": {"medie": 7.045294117647051, "reusita": 74.61928934010153, "cnt": 197}, "MATEMATICA MATE-INFO": {"medie": 7.15735294117647, "reusita": 88.88888888888889, "cnt": 36}, "ANATOMIE SI FIZIOLOGIE UMANA, GENETICA SI ECOLOGIE UMANA": {"medie": 7.45859375, "reusita": 95.38461538461539, "cnt": 65}, "FIZICA TEO": {"medie": 7.183333333333334, "reusita": 100.0, "cnt": 3}, "GEOGRAFIE": {"medie": 7.5369230769230775, "reusita": 85.5072463768116, "cnt": 69}, "INFORMATICA MI C/C++": {"medie": 8.01923076923077, "reusita": 100.0, "cnt": 13}, "ISTORIE": {"medie": 6.521354166666665, "reusita": 83.0, "cnt": 100}, "LOGICA, ARGUMENTARE SI COMUNICARE": {"medie": 8.847826086956522, "reusita": 95.83333333333334, "cnt": 24}, "MATEMATICA ST-NAT": {"medie": 5.9101694915254255, "reusita": 75.40983606557377, "cnt": 61}, "PSIHOLOGIE": {"medie": 6.4, "reusita": 100.0, "cnt": 2}, "CHIMIE ANORGANICA TEO NIVEL I/II": {"medie": 6.955555555555556, "reusita": 88.88888888888889, "cnt": 9}, "CHIMIE ORGANICA TEO NIVEL I/II": {"medie": 6.75, "reusita": 100.0, "cnt": 1}, "SOCIOLOGIE": {"medie": 8.7, "reusita": 100.0, "cnt": 5}, "INFORMATICA SN C/C++": {"medie": 6.95, "reusita": 100.0, "cnt": 1}, "INFORMATICA MI PASCAL": {"medie": 5.0, "reusita": 100.0, "cnt": 1}}, "nume": "COLEGIUL \"NICOLAE TITULESCU\" BRASOV\tBra\u0219ov"}