{"specializari": {"MATEMATICA-INFORMATICA": 20, "FILOLOGIE": 65, "STIINTE SOCIALE": 68, "STIINTE ALE NATURII": 30}, "limba_moderna": {"LIMBA ENGLEZA": 172, "LIMBA FRANCEZA": 11}, "limba_materna": {"LIMBA ROMANA": 183}, "promotie_anterioara": {"DA": 9, "NU": 174}, "materii": {"LIMBA ROMANA": {"medie": 7.171787709497207, "reusita": 90.7103825136612, "cnt": 183}, "GENERAL": {"medie": 7.255493482309124, "reusita": 75.95628415300546, "cnt": 183}, "MATEMATICA MATE-INFO": {"medie": 7.336842105263158, "reusita": 90.0, "cnt": 20}, "ANATOMIE SI FIZIOLOGIE UMANA, GENETICA SI ECOLOGIE UMANA": {"medie": 7.0858974358974365, "reusita": 87.5, "cnt": 40}, "FIZICA TEO": {"medie": 10.0, "reusita": 100.0, "cnt": 1}, "GEOGRAFIE": {"medie": 8.086486486486487, "reusita": 92.10526315789474, "cnt": 38}, "INFORMATICA MI C/C++": {"medie": 8.174999999999999, "reusita": 100.0, "cnt": 4}, "ISTORIE": {"medie": 6.5857692307692295, "reusita": 86.46616541353383, "cnt": 133}, "FILOSOFIE": {"medie": 8.2, "reusita": 100.0, "cnt": 2}, "LOGICA, ARGUMENTARE SI COMUNICARE": {"medie": 8.051898734177216, "reusita": 88.88888888888889, "cnt": 81}, "MATEMATICA ST-NAT": {"medie": 7.300000000000001, "reusita": 80.0, "cnt": 30}, "PSIHOLOGIE": {"medie": 6.73125, "reusita": 87.5, "cnt": 8}, "CHIMIE ORGANICA TEO NIVEL I/II": {"medie": 9.7375, "reusita": 100.0, "cnt": 4}, "SOCIOLOGIE": {"medie": 7.183333333333334, "reusita": 100.0, "cnt": 3}, "INFORMATICA SN C/C++": {"medie": 6.8, "reusita": 100.0, "cnt": 1}, "ECONOMIE": {"medie": 6.0, "reusita": 100.0, "cnt": 1}}, "nume": "COLEGIUL NATIONAL \"GRIGORE GHICA\" DOROHOI\tBoto\u0219ani"}