{"specializari": {"MATEMATICA-INFORMATICA": 59, "FILOLOGIE": 32, "TEHNICIAN IN INDUSTRIA TEXTILA": 11, "TEHNICIAN ECOLOG SI PROTECTIA CALITATII MEDIULUI": 22, "TEHNICIAN IN PRELUCRAREA LEMNULUI": 4, "STIINTE SOCIALE": 29, "STIINTE ALE NATURII": 26, "TEHNICIAN IN ACTIVITATI ECONOMICE": 54, "TEHNICIAN MECANIC PENTRU INTRETINERE SI REPARATII": 3, "TEHNICIAN MECATRONIST": 2}, "limba_moderna": {"LIMBA ENGLEZA": 208, "LIMBA FRANCEZA": 34}, "limba_materna": {"LIMBA ROMANA": 242}, "promotie_anterioara": {"DA": 24, "NU": 218}, "materii": {"LIMBA ROMANA": {"medie": 7.240167364016729, "reusita": 90.49586776859503, "cnt": 242}, "MATEMATICA TEHN": {"medie": 4.698888888888889, "reusita": 44.79166666666667, "cnt": 96}, "BIOLOGIE VEGETALA SI ANIMALA": {"medie": 3.835000000000001, "reusita": 36.36363636363637, "cnt": 22}, "GENERAL": {"medie": 7.095550847457625, "reusita": 68.18181818181817, "cnt": 242}, "MATEMATICA MATE-INFO": {"medie": 8.010169491525424, "reusita": 94.91525423728814, "cnt": 59}, "ANATOMIE SI FIZIOLOGIE UMANA, GENETICA SI ECOLOGIE UMANA": {"medie": 7.236619718309857, "reusita": 79.45205479452055, "cnt": 73}, "FIZICA TEO": {"medie": 7.858823529411764, "reusita": 82.35294117647058, "cnt": 17}, "GEOGRAFIE": {"medie": 7.939444444444446, "reusita": 97.77777777777777, "cnt": 90}, "INFORMATICA MI C/C++": {"medie": 8.135000000000002, "reusita": 100.0, "cnt": 10}, "ISTORIE": {"medie": 7.540983606557378, "reusita": 98.36065573770492, "cnt": 61}, "LOGICA, ARGUMENTARE SI COMUNICARE": {"medie": 9.25, "reusita": 100.0, "cnt": 2}, "MATEMATICA ST-NAT": {"medie": 7.280769230769232, "reusita": 92.3076923076923, "cnt": 26}, "FIZICA TEH": {"medie": 5.4, "reusita": 100.0, "cnt": 1}, "CHIMIE ORGANICA TEO NIVEL I/II": {"medie": 8.7, "reusita": 100.0, "cnt": 4}, "SOCIOLOGIE": {"medie": 8.176086956521738, "reusita": 100.0, "cnt": 23}}, "nume": "COLEGIUL TEHNIC \"DIMITRIE GHIKA\" COMANESTI\tBac\u0103u"}