{"specializari": {"FILOLOGIE": 31, "STIINTE ALE NATURII": 52, "STIINTE SOCIALE": 30, "MATEMATICA-INFORMATICA": 57}, "limba_moderna": {"LIMBA ENGLEZA": 154, "LIMBA GERMANA MODERNA": 16}, "limba_materna": {"LIMBA MAGHIARA": 170}, "promotie_anterioara": {"NU": 169, "DA": 1}, "materii": {"LIMBA ROMANA": {"medie": 6.314411764705882, "reusita": 94.70588235294117, "cnt": 170}, "BIOLOGIE VEGETALA SI ANIMALA": {"medie": 9.219999999999999, "reusita": 100.0, "cnt": 5}, "GENERAL": {"medie": 7.941250000000005, "reusita": 91.76470588235294, "cnt": 170}, "MATEMATICA MATE-INFO": {"medie": 8.10877192982456, "reusita": 98.24561403508771, "cnt": 57}, "ANATOMIE SI FIZIOLOGIE UMANA, GENETICA SI ECOLOGIE UMANA": {"medie": 8.577049180327872, "reusita": 98.36065573770492, "cnt": 61}, "FIZICA TEO": {"medie": 8.200000000000001, "reusita": 100.0, "cnt": 3}, "GEOGRAFIE": {"medie": 8.983333333333334, "reusita": 100.0, "cnt": 24}, "INFORMATICA MI C/C++": {"medie": 8.054166666666665, "reusita": 100.0, "cnt": 24}, "ISTORIE": {"medie": 8.004918032786884, "reusita": 98.36065573770492, "cnt": 61}, "LIMBA MAGHIARA (REAL)": {"medie": 9.07293577981651, "reusita": 100.0, "cnt": 109}, "LOGICA, ARGUMENTARE SI COMUNICARE": {"medie": 9.009722222222223, "reusita": 100.0, "cnt": 36}, "MATEMATICA ST-NAT": {"medie": 7.6798076923076914, "reusita": 96.15384615384616, "cnt": 52}, "LIMBA MAGHIARA (UMAN)": {"medie": 8.381147540983607, "reusita": 100.0, "cnt": 61}, "PSIHOLOGIE": {"medie": 8.2, "reusita": 100.0, "cnt": 1}, "CHIMIE ANORGANICA TEO NIVEL I/II": {"medie": 9.083333333333334, "reusita": 100.0, "cnt": 6}, "CHIMIE ORGANICA TEO NIVEL I/II": {"medie": 8.669999999999998, "reusita": 100.0, "cnt": 10}}, "nume": "COLEGIUL NATIONAL \"MARTON ARON\" MIERCUREA CIUC\tHarghita"}