{"specializari": {"FILOLOGIE": 66, "STIINTE ALE NATURII": 53, "MATEMATICA-INFORMATICA": 25, "STIINTE SOCIALE": 32, "TEOLOGIE GRECO-CATOLICA": 1}, "limba_moderna": {"LIMBA ENGLEZA": 118, "LIMBA GERMANA MODERNA": 31, "LIMBA FRANCEZA": 25, "LIMBA ITALIANA": 3}, "limba_materna": {"LIMBA ROMANA": 177}, "promotie_anterioara": {"NU": 169, "DA": 8}, "materii": {"LIMBA ROMANA": {"medie": 7.611016949152545, "reusita": 99.43502824858757, "cnt": 177}, "BIOLOGIE VEGETALA SI ANIMALA": {"medie": 6.602941176470588, "reusita": 82.35294117647058, "cnt": 17}, "GENERAL": {"medie": 7.523728813559326, "reusita": 87.57062146892656, "cnt": 177}, "MATEMATICA MATE-INFO": {"medie": 6.831999999999999, "reusita": 96.0, "cnt": 25}, "ANATOMIE SI FIZIOLOGIE UMANA, GENETICA SI ECOLOGIE UMANA": {"medie": 7.660714285714288, "reusita": 95.23809523809523, "cnt": 42}, "FIZICA TEO": {"medie": 6.85, "reusita": 100.0, "cnt": 2}, "GEOGRAFIE": {"medie": 7.774000000000001, "reusita": 98.66666666666667, "cnt": 75}, "INFORMATICA MI C/C++": {"medie": 7.25, "reusita": 100.0, "cnt": 14}, "ISTORIE": {"medie": 7.755050505050505, "reusita": 98.98989898989899, "cnt": 99}, "LOGICA, ARGUMENTARE SI COMUNICARE": {"medie": 9.25, "reusita": 100.0, "cnt": 8}, "MATEMATICA ST-NAT": {"medie": 6.598113207547168, "reusita": 86.79245283018868, "cnt": 53}, "PSIHOLOGIE": {"medie": 8.4875, "reusita": 100.0, "cnt": 8}, "CHIMIE ORGANICA TEO NIVEL I/II": {"medie": 9.0, "reusita": 100.0, "cnt": 3}, "SOCIOLOGIE": {"medie": 8.0, "reusita": 100.0, "cnt": 6}, "ECONOMIE": {"medie": 5.275, "reusita": 50.0, "cnt": 2}}, "nume": "COLEGIUL NATIONAL \"DOAMNA STANCA\" SATU MARE\tSatu-Mare"}