{"specializari": {"MATEMATICA-INFORMATICA": 56, "TEHNICIAN IN ACTIVITATI ECONOMICE": 88, "TEHNICIAN IN INSTALATII ELECTRICE": 27, "TEHNICIAN PRELUCRARI PE MASINI CU COMANDA NUMERICA": 25, "TEHNICIAN IN AUTOMATIZARI": 32, "TEHNICIAN ELECTROMECANIC": 34, "TEHNICIAN DE TELECOMUNICATII": 1, "TEHNICIAN MECATRONIST": 1}, "limba_moderna": {"LIMBA ENGLEZA": 252, "LIMBA FRANCEZA": 10, "LIMBA GERMANA MODERNA": 2}, "limba_materna": {"LIMBA ROMANA": 264}, "promotie_anterioara": {"DA": 24, "NU": 240}, "materii": {"LIMBA ROMANA": {"medie": 7.232432432432432, "reusita": 92.8030303030303, "cnt": 264}, "MATEMATICA TEHN": {"medie": 6.200247524752474, "reusita": 75.96153846153845, "cnt": 208}, "BIOLOGIE VEGETALA SI ANIMALA": {"medie": 4.971929824561404, "reusita": 54.23728813559322, "cnt": 59}, "GENERAL": {"medie": 6.941731770833336, "reusita": 70.45454545454545, "cnt": 264}, "MATEMATICA MATE-INFO": {"medie": 7.660909090909094, "reusita": 96.42857142857143, "cnt": 56}, "ANATOMIE SI FIZIOLOGIE UMANA, GENETICA SI ECOLOGIE UMANA": {"medie": 8.984, "reusita": 96.15384615384616, "cnt": 26}, "FIZICA TEO": {"medie": 7.166666666666667, "reusita": 100.0, "cnt": 6}, "GEOGRAFIE": {"medie": 8.342941176470587, "reusita": 98.83720930232558, "cnt": 86}, "INFORMATICA MI C/C++": {"medie": 7.90625, "reusita": 100.0, "cnt": 24}, "CHIMIE ANORGANICA TEH NIVEL I/II": {"medie": 6.85, "reusita": 100.0, "cnt": 1}, "PSIHOLOGIE": {"medie": 8.825, "reusita": 100.0, "cnt": 2}, "FIZICA TEH": {"medie": 5.9399999999999995, "reusita": 70.0, "cnt": 60}}, "nume": "COLEGIUL TEHNIC \"ALESANDRU PAPIU ILARIAN\" ZALAU\tS\u0103laj"}