{"specializari": {"TEHNICIAN DESIGNER VESTIMENTAR": 2, "TEHNICIAN TRANSPORTURI": 48, "TEHNICIAN IN TURISM": 7, "TEHNICIAN MECATRONIST": 2, "TEHNICIAN MECANIC PENTRU INTRETINERE SI REPARATII": 1, "TEHNICIAN IN INDUSTRIA TEXTILA": 2, "TEHNICIAN IN SILVICULTURA SI EXPLOATARI FORESTIERE": 2, "TEHNICIAN ECOLOG SI PROTECTIA CALITATII MEDIULUI": 1}, "limba_moderna": {"LIMBA ENGLEZA": 64, "LIMBA FRANCEZA": 1}, "limba_materna": {"LIMBA ROMANA": 65}, "promotie_anterioara": {"DA": 32, "NU": 33}, "materii": {"LIMBA ROMANA": {"medie": 4.527777777777778, "reusita": 47.69230769230769, "cnt": 65}, "MATEMATICA TEHN": {"medie": 3.733962264150943, "reusita": 35.38461538461539, "cnt": 65}, "BIOLOGIE VEGETALA SI ANIMALA": {"medie": 3.9619999999999997, "reusita": 25.0, "cnt": 32}, "GENERAL": {"medie": 4.310740740740742, "reusita": 10.76923076923077, "cnt": 65}, "ANATOMIE SI FIZIOLOGIE UMANA, GENETICA SI ECOLOGIE UMANA": {"medie": 2.525, "reusita": 0.0, "cnt": 2}, "GEOGRAFIE": {"medie": 6.5, "reusita": 100.0, "cnt": 1}, "LOGICA, ARGUMENTARE SI COMUNICARE": {"medie": 3.716666666666667, "reusita": 33.33333333333333, "cnt": 6}, "FIZICA TEH": {"medie": 4.760714285714286, "reusita": 41.66666666666667, "cnt": 24}}, "nume": "COLEGIUL AUTO \"TRAIAN VUIA\" TG-JIU\tGorj"}