{"specializari": {"MATEMATICA-INFORMATICA": 106, "STIINTE ALE NATURII": 25, "STIINTE SOCIALE": 28, "FILOLOGIE": 46}, "limba_moderna": {"LIMBA ENGLEZA": 180, "LIMBA FRANCEZA": 25}, "limba_materna": {"LIMBA ROMANA": 205}, "promotie_anterioara": {"NU": 204, "DA": 1}, "materii": {"LIMBA ROMANA": {"medie": 8.652941176470588, "reusita": 99.51219512195122, "cnt": 205}, "GENERAL": {"medie": 8.60049019607843, "reusita": 97.5609756097561, "cnt": 205}, "MATEMATICA MATE-INFO": {"medie": 8.365094339622642, "reusita": 99.05660377358491, "cnt": 106}, "ANATOMIE SI FIZIOLOGIE UMANA, GENETICA SI ECOLOGIE UMANA": {"medie": 8.654054054054054, "reusita": 100.0, "cnt": 74}, "FIZICA TEO": {"medie": 8.245238095238095, "reusita": 95.23809523809523, "cnt": 21}, "GEOGRAFIE": {"medie": 9.008333333333335, "reusita": 100.0, "cnt": 6}, "INFORMATICA MI C/C++": {"medie": 8.628787878787879, "reusita": 100.0, "cnt": 33}, "ISTORIE": {"medie": 8.48630136986301, "reusita": 98.64864864864865, "cnt": 74}, "FILOSOFIE": {"medie": 9.7, "reusita": 100.0, "cnt": 1}, "LOGICA, ARGUMENTARE SI COMUNICARE": {"medie": 9.239843749999997, "reusita": 96.92307692307692, "cnt": 65}, "MATEMATICA ST-NAT": {"medie": 7.816000000000002, "reusita": 100.0, "cnt": 25}, "CHIMIE ANORGANICA TEO NIVEL I/II": {"medie": 8.075, "reusita": 100.0, "cnt": 2}, "CHIMIE ORGANICA TEO NIVEL I/II": {"medie": 8.4, "reusita": 100.0, "cnt": 1}, "ECONOMIE": {"medie": 9.375, "reusita": 100.0, "cnt": 2}}, "nume": "COLEGIUL NATIONAL \"A.T.LAURIAN\" BOTOSANI\tBoto\u0219ani"}