{"specializari": {"TEHNICIAN IN ACTIVITATI ECONOMICE": 40, "TEHNICIAN MECATRONIST": 20, "STIINTE ALE NATURII": 25, "TEHNICIAN IN ACTIVITATI DE COMERT": 14, "MATEMATICA-INFORMATICA": 27, "FILOLOGIE": 34, "TEHNICIAN ELECTRONIST": 7, "TEHNICIAN ELECTROTEHNIST": 1}, "limba_moderna": {"LIMBA ENGLEZA": 124, "LIMBA FRANCEZA": 44}, "limba_materna": {"LIMBA ROMANA": 168}, "promotie_anterioara": {"DA": 30, "NU": 138}, "materii": {"LIMBA ROMANA": {"medie": 6.913803680981595, "reusita": 88.69047619047619, "cnt": 168}, "MATEMATICA TEHN": {"medie": 4.773076923076923, "reusita": 52.4390243902439, "cnt": 82}, "BIOLOGIE VEGETALA SI ANIMALA": {"medie": 4.026923076923075, "reusita": 44.44444444444444, "cnt": 27}, "GENERAL": {"medie": 6.770000000000003, "reusita": 62.5, "cnt": 168}, "MATEMATICA MATE-INFO": {"medie": 8.58148148148148, "reusita": 100.0, "cnt": 27}, "ANATOMIE SI FIZIOLOGIE UMANA, GENETICA SI ECOLOGIE UMANA": {"medie": 8.3921875, "reusita": 100.0, "cnt": 32}, "FIZICA TEO": {"medie": 9.215384615384615, "reusita": 100.0, "cnt": 13}, "GEOGRAFIE": {"medie": 7.665131578947368, "reusita": 86.74698795180723, "cnt": 83}, "INFORMATICA MI C/C++": {"medie": 8.0625, "reusita": 100.0, "cnt": 4}, "ISTORIE": {"medie": 6.889062499999999, "reusita": 94.11764705882352, "cnt": 34}, "FILOSOFIE": {"medie": 9.45, "reusita": 100.0, "cnt": 1}, "MATEMATICA ST-NAT": {"medie": 5.757999999999999, "reusita": 68.0, "cnt": 25}, "PSIHOLOGIE": {"medie": 10.0, "reusita": 100.0, "cnt": 1}, "FIZICA TEH": {"medie": 2.5, "reusita": 0.0, "cnt": 1}, "CHIMIE ANORGANICA TEO NIVEL I/II": {"medie": 7.95, "reusita": 100.0, "cnt": 1}, "CHIMIE ORGANICA TEO NIVEL I/II": {"medie": 5.55, "reusita": 100.0, "cnt": 1}, "SOCIOLOGIE": {"medie": 9.416666666666666, "reusita": 100.0, "cnt": 3}, "INFORMATICA SN C/C++": {"medie": 5.1, "reusita": 100.0, "cnt": 1}}, "nume": "COLEGIUL \"MIHAI VITEAZUL\" INEU\tArad"}