{"specializari": {"MATEMATICA-INFORMATICA": 90, "STIINTE ALE NATURII": 30, "FILOLOGIE": 32, "STIINTE SOCIALE": 30}, "limba_moderna": {"LIMBA ENGLEZA": 135, "LIMBA FRANCEZA": 47}, "limba_materna": {"LIMBA ROMANA": 182}, "promotie_anterioara": {"DA": 2, "NU": 180}, "materii": {"LIMBA ROMANA": {"medie": 8.074585635359114, "reusita": 98.35164835164835, "cnt": 182}, "BIOLOGIE VEGETALA SI ANIMALA": {"medie": 8.825, "reusita": 100.0, "cnt": 4}, "GENERAL": {"medie": 8.188240740740737, "reusita": 95.05494505494505, "cnt": 182}, "MATEMATICA MATE-INFO": {"medie": 7.87078651685393, "reusita": 96.66666666666667, "cnt": 90}, "ANATOMIE SI FIZIOLOGIE UMANA, GENETICA SI ECOLOGIE UMANA": {"medie": 8.289010989010992, "reusita": 96.73913043478261, "cnt": 92}, "FIZICA TEO": {"medie": 7.960714285714284, "reusita": 100.0, "cnt": 14}, "GEOGRAFIE": {"medie": 8.134615384615385, "reusita": 100.0, "cnt": 13}, "INFORMATICA MI C/C++": {"medie": 8.831249999999999, "reusita": 100.0, "cnt": 8}, "ISTORIE": {"medie": 8.086290322580645, "reusita": 100.0, "cnt": 62}, "LOGICA, ARGUMENTARE SI COMUNICARE": {"medie": 9.451086956521744, "reusita": 97.87234042553192, "cnt": 47}, "MATEMATICA ST-NAT": {"medie": 7.2749999999999995, "reusita": 96.66666666666667, "cnt": 30}, "CHIMIE ORGANICA TEO NIVEL I/II": {"medie": 9.725, "reusita": 100.0, "cnt": 2}, "SOCIOLOGIE": {"medie": 9.05, "reusita": 100.0, "cnt": 2}}, "nume": "COLEGIUL NATIONAL \"NICOLAE IORGA\", ORASUL VALENII DE MUNTE\tPrahova"}