{"specializari": {"TEHNICIAN MECANIC PENTRU INTRETINERE SI REPARATII": 3, "TEHNICIAN ECOLOG SI PROTECTIA CALITATII MEDIULUI": 4, "TEHNICIAN TRANSPORTURI": 2, "TEHNICIAN ELECTROMECANIC": 8, "TEHNICIAN OPERATOR TEHNICA DE CALCUL": 5, "TEHNICIAN IN INDUSTRIA ALIMENTARA": 2, "TEHNICIAN IN CONSTRUCTII SI LUCRARI PUBLICE": 3, "TEHNICIAN ELECTROTEHNIST": 2, "TEHNICIAN INSTALATOR PENTRU CONSTRUCTII": 1, "STIINTE ALE NATURII": 1, "TEHNICIAN IN INSTALATII ELECTRICE": 1, "TEHNICIAN CHIMIST DE LABORATOR": 1}, "limba_moderna": {"LIMBA ENGLEZA": 28, "LIMBA FRANCEZA": 4, "LIMBA SPANIOLA": 1}, "limba_materna": {"LIMBA ROMANA": 33}, "promotie_anterioara": {"DA": 23, "NU": 10}, "materii": {"LIMBA ROMANA": {"medie": 5.398076923076923, "reusita": 60.60606060606061, "cnt": 33}, "MATEMATICA TEHN": {"medie": 4.813999999999999, "reusita": 53.125, "cnt": 32}, "BIOLOGIE VEGETALA SI ANIMALA": {"medie": 4.137499999999999, "reusita": 28.57142857142857, "cnt": 21}, "GENERAL": {"medie": 4.688095238095238, "reusita": 9.090909090909092, "cnt": 33}, "MATEMATICA ST-NAT": {"medie": "-", "reusita": 0.0, "cnt": 1}, "FIZICA TEH": {"medie": 2.961111111111111, "reusita": 8.333333333333332, "cnt": 12}}, "nume": "COLEGIUL TEHNIC \"VICEAMIRAL IOAN BALANESCU\" GIURGIU\tGiurgiu"}