{"specializari": {"TEHNICIAN IN ACTIVITATI ECONOMICE": 23, "TEHNICIAN TRANSPORTURI": 27, "TEHNICIAN IN HOTELARIE": 22, "TEHNICIAN IN TURISM": 22, "TEHNICIAN MECATRONIST": 8}, "limba_moderna": {"LIMBA ENGLEZA": 101, "LIMBA FRANCEZA": 1}, "limba_materna": {"LIMBA ROMANA": 102}, "promotie_anterioara": {"DA": 17, "NU": 85}, "materii": {"LIMBA ROMANA": {"medie": 5.976530612244897, "reusita": 83.33333333333334, "cnt": 102}, "MATEMATICA TEHN": {"medie": 5.05357142857143, "reusita": 53.92156862745098, "cnt": 102}, "BIOLOGIE VEGETALA SI ANIMALA": {"medie": 4.875757575757577, "reusita": 54.54545454545454, "cnt": 33}, "GENERAL": {"medie": 5.786224489795918, "reusita": 38.23529411764706, "cnt": 102}, "GEOGRAFIE": {"medie": 7.4710526315789485, "reusita": 92.3076923076923, "cnt": 39}, "LOGICA, ARGUMENTARE SI COMUNICARE": {"medie": 4.1, "reusita": 50.0, "cnt": 2}, "CHIMIE ANORGANICA TEH NIVEL I/II": {"medie": 2.4, "reusita": 0.0, "cnt": 1}, "PSIHOLOGIE": {"medie": 6.947826086956521, "reusita": 80.76923076923077, "cnt": 26}, "FIZICA TEH": {"medie": 5.0, "reusita": 100.0, "cnt": 1}}, "nume": "COLEGIUL TEHNIC \"MIRON COSTIN\", MUNICIPIUL ROMAN\tNeam\u021b"}