{"specializari": {"MATEMATICA-INFORMATICA": 111, "FILOLOGIE": 72, "STIINTE ALE NATURII": 29}, "limba_moderna": {"LIMBA ENGLEZA": 211, "LIMBA FRANCEZA": 1}, "limba_materna": {"LIMBA ROMANA": 212}, "promotie_anterioara": {"NU": 206, "DA": 6}, "materii": {"LIMBA ROMANA": {"medie": 8.190801886792453, "reusita": 98.58490566037736, "cnt": 212}, "BIOLOGIE VEGETALA SI ANIMALA": {"medie": 7.4705128205128215, "reusita": 97.43589743589743, "cnt": 39}, "GENERAL": {"medie": 8.176336477987414, "reusita": 91.98113207547169, "cnt": 212}, "MATEMATICA MATE-INFO": {"medie": 8.062162162162162, "reusita": 97.2972972972973, "cnt": 111}, "ANATOMIE SI FIZIOLOGIE UMANA, GENETICA SI ECOLOGIE UMANA": {"medie": 8.673809523809524, "reusita": 100.0, "cnt": 21}, "FIZICA TEO": {"medie": 8.498780487804876, "reusita": 95.1219512195122, "cnt": 41}, "GEOGRAFIE": {"medie": 9.015151515151517, "reusita": 96.96969696969697, "cnt": 33}, "INFORMATICA MI C/C++": {"medie": 7.261538461538461, "reusita": 92.3076923076923, "cnt": 13}, "ISTORIE": {"medie": 8.072916666666666, "reusita": 98.61111111111111, "cnt": 72}, "MATEMATICA ST-NAT": {"medie": 6.758620689655172, "reusita": 93.10344827586206, "cnt": 29}, "PSIHOLOGIE": {"medie": 10.0, "reusita": 100.0, "cnt": 2}, "CHIMIE ORGANICA TEO NIVEL I/II": {"medie": 9.15576923076923, "reusita": 100.0, "cnt": 26}, "SOCIOLOGIE": {"medie": 8.60588235294118, "reusita": 97.05882352941177, "cnt": 34}, "ECONOMIE": {"medie": 9.016666666666666, "reusita": 100.0, "cnt": 3}}, "nume": "COLEGIUL NATIONAL \"BARBU STIRBEI\" CALARASI\tC\u0103l\u0103ra\u0219i"}