{"specializari": {"MATEMATICA-INFORMATICA": 63, "FILOLOGIE": 119}, "limba_moderna": {"LIMBA ENGLEZA": 121, "LIMBA FRANCEZA": 61}, "limba_materna": {"LIMBA ROMANA": 182}, "promotie_anterioara": {"NU": 179, "DA": 3}, "materii": {"LIMBA ROMANA": {"medie": 8.092857142857145, "reusita": 99.45054945054946, "cnt": 182}, "GENERAL": {"medie": 8.062179487179485, "reusita": 94.5054945054945, "cnt": 182}, "MATEMATICA MATE-INFO": {"medie": 7.428571428571428, "reusita": 96.82539682539682, "cnt": 63}, "ANATOMIE SI FIZIOLOGIE UMANA, GENETICA SI ECOLOGIE UMANA": {"medie": 7.9896551724137925, "reusita": 100.0, "cnt": 29}, "FIZICA TEO": {"medie": 7.146874999999999, "reusita": 87.5, "cnt": 16}, "GEOGRAFIE": {"medie": 8.718518518518518, "reusita": 100.0, "cnt": 27}, "INFORMATICA MI C/C++": {"medie": 8.672727272727272, "reusita": 100.0, "cnt": 11}, "ISTORIE": {"medie": 7.8798319327731114, "reusita": 98.31932773109243, "cnt": 119}, "FILOSOFIE": {"medie": 8.45, "reusita": 100.0, "cnt": 1}, "LOGICA, ARGUMENTARE SI COMUNICARE": {"medie": 8.673529411764704, "reusita": 98.0392156862745, "cnt": 51}, "PSIHOLOGIE": {"medie": 8.95, "reusita": 100.0, "cnt": 10}, "CHIMIE ORGANICA TEO NIVEL I/II": {"medie": 7.721428571428571, "reusita": 100.0, "cnt": 7}, "SOCIOLOGIE": {"medie": 8.391666666666667, "reusita": 100.0, "cnt": 18}, "ECONOMIE": {"medie": 8.424999999999999, "reusita": 100.0, "cnt": 12}}, "nume": "COLEGIUL NATIONAL \"SCOALA CENTRALA\"\tBucure\u0219ti"}