{"specializari": {"TEHNICIAN ECOLOG SI PROTECTIA CALITATII MEDIULUI": 15, "TEHNICIAN MECANIC PENTRU INTRETINERE SI REPARATII": 11, "TEHNICIAN IN SILVICULTURA SI EXPLOATARI FORESTIERE": 24, "TEHNICIAN PROIECTANT PRODUSE FINITE DIN LEMN": 1}, "limba_moderna": {"LIMBA ENGLEZA": 51}, "limba_materna": {"LIMBA ROMANA": 51}, "promotie_anterioara": {"DA": 16, "NU": 35}, "materii": {"LIMBA ROMANA": {"medie": 5.460000000000001, "reusita": 70.58823529411765, "cnt": 51}, "MATEMATICA TEHN": {"medie": 4.1068181818181815, "reusita": 33.33333333333333, "cnt": 51}, "BIOLOGIE VEGETALA SI ANIMALA": {"medie": 3.9416666666666664, "reusita": 18.181818181818183, "cnt": 11}, "GENERAL": {"medie": 4.736046511627908, "reusita": 15.686274509803921, "cnt": 51}, "ANATOMIE SI FIZIOLOGIE UMANA, GENETICA SI ECOLOGIE UMANA": {"medie": 4.66212121212121, "reusita": 44.44444444444444, "cnt": 36}, "CHIMIE ANORGANICA TEH NIVEL I/II": {"medie": 5.550000000000001, "reusita": 100.0, "cnt": 4}}, "nume": "COLEGIUL TEHNIC FORESTIER, MUNICIPIUL PIATRA-NEAMT\tNeam\u021b"}