{"specializari": {"TEHNICIAN IN ACTIVITATI ECONOMICE": 57, "TEHNICIAN IN ACTIVITATI DE COMERT": 40, "ORGANIZATOR BANQUETING": 9, "TEHNICIAN IN TURISM": 43, "TEHNICIAN IN GASTRONOMIE": 43}, "limba_moderna": {"LIMBA ENGLEZA": 185, "LIMBA FRANCEZA": 7}, "limba_materna": {"LIMBA ROMANA": 192}, "promotie_anterioara": {"NU": 157, "DA": 35}, "materii": {"LIMBA ROMANA": {"medie": 5.867112299465245, "reusita": 84.89583333333334, "cnt": 192}, "MATEMATICA TEHN": {"medie": 5.895135135135139, "reusita": 73.95833333333334, "cnt": 192}, "GENERAL": {"medie": 6.319112318840576, "reusita": 59.895833333333336, "cnt": 192}, "GEOGRAFIE": {"medie": 7.144531249999999, "reusita": 89.55223880597015, "cnt": 67}, "LOGICA, ARGUMENTARE SI COMUNICARE": {"medie": 7.170081967213117, "reusita": 85.6, "cnt": 125}}, "nume": "COLEGIUL ECONOMIC MANGALIA\tConstan\u021ba"}