{"specializari": {"MATEMATICA-INFORMATICA": 79, "FILOLOGIE": 73, "STIINTE SOCIALE": 36, "STIINTE ALE NATURII": 32}, "limba_moderna": {"LIMBA ENGLEZA": 197, "LIMBA GERMANA MODERNA": 3, "LIMBA FRANCEZA": 20}, "limba_materna": {"LIMBA ROMANA": 220}, "promotie_anterioara": {"NU": 212, "DA": 8}, "materii": {"LIMBA ROMANA": {"medie": 8.584090909090907, "reusita": 100.0, "cnt": 220}, "GENERAL": {"medie": 8.461666666666666, "reusita": 94.54545454545455, "cnt": 220}, "MATEMATICA MATE-INFO": {"medie": 7.899367088607593, "reusita": 92.40506329113924, "cnt": 79}, "ANATOMIE SI FIZIOLOGIE UMANA, GENETICA SI ECOLOGIE UMANA": {"medie": 8.409154929577467, "reusita": 100.0, "cnt": 71}, "FIZICA TEO": {"medie": 8.517647058823528, "reusita": 100.0, "cnt": 17}, "GEOGRAFIE": {"medie": 9.324418604651164, "reusita": 100.0, "cnt": 43}, "INFORMATICA MI C/C++": {"medie": 8.3, "reusita": 85.71428571428571, "cnt": 7}, "ISTORIE": {"medie": 8.361926605504584, "reusita": 99.08256880733946, "cnt": 109}, "LOGICA, ARGUMENTARE SI COMUNICARE": {"medie": 8.937931034482757, "reusita": 100.0, "cnt": 58}, "MATEMATICA ST-NAT": {"medie": 7.0734375, "reusita": 100.0, "cnt": 32}, "PSIHOLOGIE": {"medie": 7.3, "reusita": 100.0, "cnt": 1}, "CHIMIE ANORGANICA TEO NIVEL I/II": {"medie": 9.7, "reusita": 100.0, "cnt": 1}, "CHIMIE ORGANICA TEO NIVEL I/II": {"medie": 9.389999999999999, "reusita": 100.0, "cnt": 15}, "ECONOMIE": {"medie": 8.17142857142857, "reusita": 100.0, "cnt": 7}}, "nume": "COLEGIUL NATIONAL \"GHEORGHE TITEICA\"\tMehedin\u021bi"}