{"specializari": {"STIINTE ALE NATURII": 30, "MATEMATICA-INFORMATICA": 31, "INVATATOR - EDUCATOARE": 28, "FILOLOGIE": 30, "TEOLOGIE ORTODOXA": 24}, "limba_moderna": {"LIMBA ENGLEZA": 143}, "limba_materna": {"LIMBA ROMANA": 143}, "promotie_anterioara": {"NU": 140, "DA": 3}, "materii": {"LIMBA ROMANA": {"medie": 8.347902097902091, "reusita": 100.0, "cnt": 143}, "BIOLOGIE VEGETALA SI ANIMALA": {"medie": 7.225, "reusita": 66.66666666666666, "cnt": 3}, "GENERAL": {"medie": 8.495187793427228, "reusita": 95.1048951048951, "cnt": 143}, "MATEMATICA MATE-INFO": {"medie": 8.691935483870967, "reusita": 100.0, "cnt": 31}, "ANATOMIE SI FIZIOLOGIE UMANA, GENETICA SI ECOLOGIE UMANA": {"medie": 9.586170212765957, "reusita": 100.0, "cnt": 47}, "FIZICA TEO": {"medie": 9.35, "reusita": 100.0, "cnt": 2}, "GEOGRAFIE": {"medie": 8.827966101694917, "reusita": 100.0, "cnt": 59}, "INFORMATICA MI C/C++": {"medie": 8.985714285714284, "reusita": 100.0, "cnt": 7}, "ISTORIE": {"medie": 7.544444444444445, "reusita": 94.44444444444444, "cnt": 54}, "FILOSOFIE": {"medie": 6.050000000000001, "reusita": 100.0, "cnt": 2}, "LOGICA, ARGUMENTARE SI COMUNICARE": {"medie": 10.0, "reusita": 100.0, "cnt": 1}, "MATEMATICA ST-NAT": {"medie": 7.808333333333334, "reusita": 100.0, "cnt": 30}, "MATEMATICA PED": {"medie": 8.814285714285715, "reusita": 100.0, "cnt": 28}, "PSIHOLOGIE": {"medie": 8.583333333333334, "reusita": 100.0, "cnt": 12}, "CHIMIE ORGANICA TEO NIVEL I/II": {"medie": 8.7, "reusita": 100.0, "cnt": 1}, "SOCIOLOGIE": {"medie": 8.76875, "reusita": 100.0, "cnt": 8}, "INFORMATICA SN C/C++": {"medie": 6.2, "reusita": 100.0, "cnt": 1}}, "nume": "COLEGIUL NATIONAL PEDAGOGIC \"CARMEN SYLVA\" TIMISOARA\tTimi\u0219"}