{"specializari": {"STIINTE ALE NATURII": 77, "STIINTE SOCIALE": 31, "MATEMATICA-INFORMATICA": 61}, "limba_moderna": {"LIMBA ENGLEZA": 164, "LIMBA FRANCEZA": 5}, "limba_materna": {"LIMBA ROMANA": 169}, "promotie_anterioara": {"NU": 167, "DA": 2}, "materii": {"LIMBA ROMANA": {"medie": 8.017455621301776, "reusita": 100.0, "cnt": 169}, "GENERAL": {"medie": 8.433333333333337, "reusita": 98.22485207100591, "cnt": 169}, "MATEMATICA MATE-INFO": {"medie": 8.986065573770489, "reusita": 100.0, "cnt": 61}, "ANATOMIE SI FIZIOLOGIE UMANA, GENETICA SI ECOLOGIE UMANA": {"medie": 8.940972222222223, "reusita": 100.0, "cnt": 72}, "FIZICA TEO": {"medie": 9.135714285714284, "reusita": 100.0, "cnt": 7}, "GEOGRAFIE": {"medie": 8.408333333333333, "reusita": 100.0, "cnt": 24}, "INFORMATICA MI C/C++": {"medie": 9.335869565217392, "reusita": 100.0, "cnt": 46}, "ISTORIE": {"medie": 7.9951612903225815, "reusita": 96.7741935483871, "cnt": 31}, "LOGICA, ARGUMENTARE SI COMUNICARE": {"medie": 9.275, "reusita": 100.0, "cnt": 4}, "MATEMATICA ST-NAT": {"medie": 7.853246753246755, "reusita": 98.7012987012987, "cnt": 77}, "PSIHOLOGIE": {"medie": 8.325, "reusita": 100.0, "cnt": 2}, "CHIMIE ORGANICA TEO NIVEL I/II": {"medie": 9.84, "reusita": 100.0, "cnt": 5}, "INFORMATICA SN C/C++": {"medie": 9.1375, "reusita": 100.0, "cnt": 8}, "ECONOMIE": {"medie": 5.05, "reusita": 100.0, "cnt": 1}}, "nume": "COLEGIUL NATIONAL \"MIHAI EMINESCU\" SATU MARE\tSatu-Mare"}