{"specializari": {"TEHNICIAN MECANIC PENTRU INTRETINERE SI REPARATII": 2, "TEHNICIAN IN TURISM": 8, "TEHNICIAN TRANSPORTURI": 1}, "limba_moderna": {"LIMBA ENGLEZA": 11}, "limba_materna": {"LIMBA ROMANA": 11}, "promotie_anterioara": {"DA": 3, "NU": 8}, "materii": {"LIMBA ROMANA": {"medie": 5.125, "reusita": 45.45454545454545, "cnt": 11}, "MATEMATICA TEHN": {"medie": 4.61875, "reusita": 36.36363636363637, "cnt": 11}, "BIOLOGIE VEGETALA SI ANIMALA": {"medie": 2.1, "reusita": 0.0, "cnt": 3}, "GENERAL": {"medie": 4.941666666666666, "reusita": 36.36363636363637, "cnt": 11}, "GEOGRAFIE": {"medie": 6.075, "reusita": 62.5, "cnt": 8}}, "nume": "COLEGIUL TEHNIC \"DR. ALEXANDRU BARBAT\" VICTORIA\tBra\u0219ov"}