{"specializari": {"TEHNICIAN IN ACTIVITATI ECONOMICE": 58, "STIINTE ALE NATURII": 26, "MATEMATICA-INFORMATICA": 24, "STIINTE SOCIALE": 37, "TEHNICIAN IN HOTELARIE": 22, "TEHNICIAN IN ACTIVITATI DE COMERT": 22, "TEHNICIAN IN ADMINISTRATIE": 2, "TEHNICIAN IN TURISM": 1}, "limba_moderna": {"LIMBA ITALIANA": 4, "LIMBA ENGLEZA": 159, "LIMBA FRANCEZA": 28, "LIMBA SPANIOLA": 1}, "limba_materna": {"LIMBA ROMANA": 192}, "promotie_anterioara": {"DA": 15, "NU": 177}, "materii": {"LIMBA ROMANA": {"medie": 6.874473684210525, "reusita": 96.875, "cnt": 192}, "MATEMATICA TEHN": {"medie": 6.297087378640776, "reusita": 84.76190476190476, "cnt": 105}, "GENERAL": {"medie": 7.111497326203208, "reusita": 77.60416666666666, "cnt": 192}, "MATEMATICA MATE-INFO": {"medie": 6.466666666666668, "reusita": 91.66666666666666, "cnt": 24}, "ANATOMIE SI FIZIOLOGIE UMANA, GENETICA SI ECOLOGIE UMANA": {"medie": 6.097142857142856, "reusita": 82.85714285714286, "cnt": 35}, "GEOGRAFIE": {"medie": 8.478512396694212, "reusita": 96.7479674796748, "cnt": 123}, "INFORMATICA MI C/C++": {"medie": 7.894999999999999, "reusita": 90.0, "cnt": 10}, "ISTORIE": {"medie": 7.217567567567568, "reusita": 100.0, "cnt": 37}, "LOGICA, ARGUMENTARE SI COMUNICARE": {"medie": 8.152631578947368, "reusita": 94.73684210526315, "cnt": 19}, "MATEMATICA ST-NAT": {"medie": 5.916, "reusita": 65.38461538461539, "cnt": 26}, "CHIMIE ANORGANICA TEO NIVEL I/II": {"medie": 8.0, "reusita": 100.0, "cnt": 3}, "CHIMIE ORGANICA TEO NIVEL I/II": {"medie": 8.775, "reusita": 100.0, "cnt": 2}}, "nume": "COLEGIUL ECONOMIC \"ANGHEL RUGINA\", MUN. VASLUI\tVaslui"}