{"specializari": {"TEHNICIAN VETERINAR": 33, "TEHNICIAN ECOLOG SI PROTECTIA CALITATII MEDIULUI": 2, "TEHNICIAN AGROMONTAN": 32, "TEHNICIAN IN ACHIZITII SI CONTRACTARI": 23, "TEHNICIAN IN AGROTURISM": 30, "TEHNICIAN MECANIC PENTRU INTRETINERE SI REPARATII": 25, "TEHNICIAN TRANSPORTURI": 1}, "limba_moderna": {"LIMBA ENGLEZA": 140, "LIMBA GERMANA MODERNA": 3, "LIMBA FRANCEZA": 3}, "limba_materna": {"LIMBA ROMANA": 146}, "promotie_anterioara": {"DA": 21, "NU": 125}, "materii": {"LIMBA ROMANA": {"medie": 6.475874125874125, "reusita": 95.2054794520548, "cnt": 146}, "MATEMATICA TEHN": {"medie": 5.586879432624114, "reusita": 73.28767123287672, "cnt": 146}, "BIOLOGIE VEGETALA SI ANIMALA": {"medie": 5.996296296296294, "reusita": 75.22123893805309, "cnt": 113}, "GENERAL": {"medie": 6.150719424460432, "reusita": 52.054794520547944, "cnt": 146}, "ANATOMIE SI FIZIOLOGIE UMANA, GENETICA SI ECOLOGIE UMANA": {"medie": 6.115, "reusita": 90.0, "cnt": 10}, "GEOGRAFIE": {"medie": 8.05, "reusita": 100.0, "cnt": 17}, "LOGICA, ARGUMENTARE SI COMUNICARE": {"medie": 8.85, "reusita": 75.0, "cnt": 4}, "ECONOMIE": {"medie": 7.050000000000001, "reusita": 100.0, "cnt": 2}}, "nume": "COLEGIUL AGRICOL \"DANIIL POPOVICI BARCIANU\" SIBIU\tSibiu"}