{"specializari": {"TEHNICIAN IN ACTIVITATI ECONOMICE": 43, "TEHNICIAN IN GASTRONOMIE": 5, "TEHNICIAN IN TURISM": 15, "MATEMATICA-INFORMATICA": 19}, "limba_moderna": {"LIMBA ENGLEZA": 81, "LIMBA FRANCEZA": 1}, "limba_materna": {"LIMBA ROMANA": 82}, "promotie_anterioara": {"DA": 20, "NU": 62}, "materii": {"LIMBA ROMANA": {"medie": 6.528395061728395, "reusita": 97.5609756097561, "cnt": 82}, "MATEMATICA TEHN": {"medie": 6.001612903225806, "reusita": 80.95238095238095, "cnt": 63}, "BIOLOGIE VEGETALA SI ANIMALA": {"medie": 6.075, "reusita": 76.92307692307693, "cnt": 13}, "GENERAL": {"medie": 6.3967948717948735, "reusita": 64.63414634146342, "cnt": 82}, "MATEMATICA MATE-INFO": {"medie": 4.880555555555556, "reusita": 57.89473684210527, "cnt": 19}, "FIZICA TEO": {"medie": 8.8, "reusita": 100.0, "cnt": 1}, "GEOGRAFIE": {"medie": 7.292391304347825, "reusita": 93.61702127659575, "cnt": 47}, "PSIHOLOGIE": {"medie": 6.37, "reusita": 86.66666666666667, "cnt": 15}, "ECONOMIE": {"medie": 6.05, "reusita": 100.0, "cnt": 1}, "INFORMATICA MI PASCAL": {"medie": 5.725, "reusita": 80.0, "cnt": 5}}, "nume": "COLEGIUL ECONOMIC CALARASI\tC\u0103l\u0103ra\u0219i"}