{"specializari": {"TEHNICIAN IN GASTRONOMIE": 32, "TEHNICIAN IN CONSTRUCTII SI LUCRARI PUBLICE": 4, "TEHNICIAN IN INSTALATII ELECTRICE": 9, "TEHNICIAN MECANIC PENTRU INTRETINERE SI REPARATII": 16, "TEHNICIAN INSTALATOR PENTRU CONSTRUCTII": 3, "TEHNICIAN IN INDUSTRIA MATERIALELOR DE CONSTRUCTII": 1, "TEHNICIAN ELECTROTEHNIST": 1, "STIINTE ALE NATURII": 30, "TEHNICIAN CHIMIST DE LABORATOR": 18, "TEHNICIAN DESENATOR PENTRU CONSTRUCTII SI INSTALATII": 12, "TEHNICIAN MECATRONIST": 1, "TEHNICIAN IN HOTELARIE": 2}, "limba_moderna": {"LIMBA ENGLEZA": 114, "LIMBA FRANCEZA": 15}, "limba_materna": {"LIMBA ROMANA": 129}, "promotie_anterioara": {"DA": 63, "NU": 66}, "materii": {"LIMBA ROMANA": {"medie": 6.353515624999998, "reusita": 93.02325581395348, "cnt": 129}, "MATEMATICA TEHN": {"medie": 4.768556701030928, "reusita": 59.59595959595959, "cnt": 99}, "BIOLOGIE VEGETALA SI ANIMALA": {"medie": 5.416346153846154, "reusita": 67.85714285714286, "cnt": 56}, "GENERAL": {"medie": 5.445765027322405, "reusita": 34.10852713178294, "cnt": 129}, "ANATOMIE SI FIZIOLOGIE UMANA, GENETICA SI ECOLOGIE UMANA": {"medie": 5.449999999999998, "reusita": 65.38461538461539, "cnt": 26}, "GEOGRAFIE": {"medie": 6.038000000000002, "reusita": 76.0, "cnt": 25}, "LOGICA, ARGUMENTARE SI COMUNICARE": {"medie": 5.687500000000001, "reusita": 62.5, "cnt": 8}, "MATEMATICA ST-NAT": {"medie": 3.533333333333333, "reusita": 40.0, "cnt": 30}, "CHIMIE ANORGANICA TEH NIVEL I/II": {"medie": 4.3625, "reusita": 40.0, "cnt": 10}, "PSIHOLOGIE": {"medie": 3.6, "reusita": 0.0, "cnt": 1}, "FIZICA TEH": {"medie": 6.55, "reusita": 100.0, "cnt": 1}, "CHIMIE ORGANICA TEO NIVEL I/II": {"medie": 4.675, "reusita": 50.0, "cnt": 2}}, "nume": "COLEGIUL TEHNIC \"MIHAI BRAVU\"\tBucure\u0219ti"}