{"specializari": {"MATEMATICA-INFORMATICA": 94, "STIINTE ALE NATURII": 29, "STIINTE SOCIALE": 33, "FILOLOGIE": 31}, "limba_moderna": {"LIMBA ENGLEZA": 186, "LIMBA FRANCEZA": 1}, "limba_materna": {"LIMBA ROMANA": 187}, "promotie_anterioara": {"NU": 172, "DA": 15}, "materii": {"LIMBA ROMANA": {"medie": 8.004812834224596, "reusita": 98.93048128342245, "cnt": 187}, "GENERAL": {"medie": 7.911200716845877, "reusita": 90.37433155080214, "cnt": 187}, "MATEMATICA MATE-INFO": {"medie": 6.925806451612902, "reusita": 93.61702127659575, "cnt": 94}, "ANATOMIE SI FIZIOLOGIE UMANA, GENETICA SI ECOLOGIE UMANA": {"medie": 8.001190476190478, "reusita": 92.94117647058823, "cnt": 85}, "FIZICA TEO": {"medie": 8.42941176470588, "reusita": 88.23529411764706, "cnt": 17}, "GEOGRAFIE": {"medie": 9.145454545454545, "reusita": 100.0, "cnt": 11}, "INFORMATICA MI C/C++": {"medie": 7.171052631578948, "reusita": 94.73684210526315, "cnt": 19}, "ISTORIE": {"medie": 8.13984375, "reusita": 98.4375, "cnt": 64}, "FILOSOFIE": {"medie": 8.3, "reusita": 100.0, "cnt": 1}, "LOGICA, ARGUMENTARE SI COMUNICARE": {"medie": 9.071249999999997, "reusita": 100.0, "cnt": 40}, "MATEMATICA ST-NAT": {"medie": 7.410344827586208, "reusita": 93.10344827586206, "cnt": 29}, "PSIHOLOGIE": {"medie": 8.95, "reusita": 100.0, "cnt": 5}, "CHIMIE ORGANICA TEO NIVEL I/II": {"medie": 6.0, "reusita": 100.0, "cnt": 1}, "SOCIOLOGIE": {"medie": 8.440000000000001, "reusita": 100.0, "cnt": 5}, "INFORMATICA SN C/C++": {"medie": 7.95, "reusita": 100.0, "cnt": 1}, "ECONOMIE": {"medie": 9.25, "reusita": 100.0, "cnt": 2}}, "nume": "COLEGIUL DOBROGEAN \"SPIRU HARET\" TULCEA\tTulcea"}