{"specializari": {"MATEMATICA-INFORMATICA": 51, "INVATATOR - EDUCATOARE": 55, "FILOLOGIE": 81}, "limba_moderna": {"LIMBA ENGLEZA": 182, "LIMBA FRANCEZA": 5}, "limba_materna": {"LIMBA ROMANA": 187}, "promotie_anterioara": {"DA": 3, "NU": 184}, "materii": {"LIMBA ROMANA": {"medie": 8.019354838709678, "reusita": 97.86096256684492, "cnt": 187}, "GENERAL": {"medie": 7.991576086956522, "reusita": 85.56149732620321, "cnt": 187}, "MATEMATICA MATE-INFO": {"medie": 6.400999999999999, "reusita": 76.47058823529412, "cnt": 51}, "ANATOMIE SI FIZIOLOGIE UMANA, GENETICA SI ECOLOGIE UMANA": {"medie": 7.115151515151516, "reusita": 82.85714285714286, "cnt": 35}, "FIZICA TEO": {"medie": 8.3, "reusita": 100.0, "cnt": 9}, "GEOGRAFIE": {"medie": 8.799999999999999, "reusita": 100.0, "cnt": 91}, "INFORMATICA MI C/C++": {"medie": 8.357142857142858, "reusita": 100.0, "cnt": 7}, "ISTORIE": {"medie": 7.877777777777778, "reusita": 97.53086419753086, "cnt": 81}, "FILOSOFIE": {"medie": 9.1, "reusita": 100.0, "cnt": 1}, "LOGICA, ARGUMENTARE SI COMUNICARE": {"medie": 9.53611111111111, "reusita": 100.0, "cnt": 18}, "MATEMATICA PED": {"medie": 7.857407407407408, "reusita": 92.72727272727272, "cnt": 55}, "PSIHOLOGIE": {"medie": 8.516666666666667, "reusita": 100.0, "cnt": 6}, "SOCIOLOGIE": {"medie": 8.375, "reusita": 100.0, "cnt": 16}, "ECONOMIE": {"medie": 7.8125, "reusita": 100.0, "cnt": 4}}, "nume": "COLEGIUL NATIONAL PEDAGOGIC \"MIRCEA SCARLAT\" ALEXANDRIA\tTeleorman"}