{"specializari": {"MATEMATICA-INFORMATICA": 78, "STIINTE ALE NATURII": 60, "FILOLOGIE": 22, "STIINTE SOCIALE": 56}, "limba_moderna": {"LIMBA ENGLEZA": 207, "LIMBA FRANCEZA": 7, "LIMBA GERMANA MODERNA": 2}, "limba_materna": {"LIMBA ROMANA": 216}, "promotie_anterioara": {"NU": 215, "DA": 1}, "materii": {"LIMBA ROMANA": {"medie": 9.088317757009346, "reusita": 99.07407407407408, "cnt": 216}, "BIOLOGIE VEGETALA SI ANIMALA": {"medie": 9.014285714285714, "reusita": 100.0, "cnt": 42}, "GENERAL": {"medie": 9.055242566510174, "reusita": 98.61111111111111, "cnt": 216}, "MATEMATICA MATE-INFO": {"medie": 8.810389610389606, "reusita": 98.71794871794873, "cnt": 78}, "ANATOMIE SI FIZIOLOGIE UMANA, GENETICA SI ECOLOGIE UMANA": {"medie": 8.793478260869565, "reusita": 100.0, "cnt": 23}, "FIZICA TEO": {"medie": 9.061290322580644, "reusita": 96.875, "cnt": 32}, "GEOGRAFIE": {"medie": 9.488235294117647, "reusita": 100.0, "cnt": 17}, "INFORMATICA MI C/C++": {"medie": 9.604545454545455, "reusita": 100.0, "cnt": 22}, "ISTORIE": {"medie": 8.922077922077923, "reusita": 98.71794871794873, "cnt": 78}, "LOGICA, ARGUMENTARE SI COMUNICARE": {"medie": 9.369047619047617, "reusita": 95.45454545454545, "cnt": 22}, "MATEMATICA ST-NAT": {"medie": 8.738333333333335, "reusita": 100.0, "cnt": 60}, "PSIHOLOGIE": {"medie": 9.367857142857142, "reusita": 100.0, "cnt": 14}, "CHIMIE ANORGANICA TEO NIVEL I/II": {"medie": 9.2, "reusita": 100.0, "cnt": 1}, "CHIMIE ORGANICA TEO NIVEL I/II": {"medie": 9.378125, "reusita": 100.0, "cnt": 16}, "SOCIOLOGIE": {"medie": 9.440000000000001, "reusita": 100.0, "cnt": 10}, "INFORMATICA SN C/C++": {"medie": 9.85, "reusita": 100.0, "cnt": 2}, "ECONOMIE": {"medie": 9.106666666666666, "reusita": 100.0, "cnt": 15}}, "nume": "COLEGIUL NATIONAL \"SPIRU HARET\"\tBucure\u0219ti"}