{"specializari": {"TEHNICIAN IN TURISM": 58, "TEHNICIAN IN ACTIVITATI ECONOMICE": 170}, "limba_moderna": {"LIMBA ENGLEZA": 200, "LIMBA CHINEZA": 14, "LIMBA FRANCEZA": 5, "LIMBA SPANIOLA": 9}, "limba_materna": {"LIMBA ROMANA": 228}, "promotie_anterioara": {"DA": 5, "NU": 223}, "materii": {"LIMBA ROMANA": {"medie": 7.6526431718061625, "reusita": 99.12280701754386, "cnt": 228}, "MATEMATICA TEHN": {"medie": 7.473568281938325, "reusita": 95.6140350877193, "cnt": 228}, "GENERAL": {"medie": 7.849706314243761, "reusita": 91.66666666666666, "cnt": 228}, "GEOGRAFIE": {"medie": 8.675312499999999, "reusita": 98.75776397515527, "cnt": 161}, "LOGICA, ARGUMENTARE SI COMUNICARE": {"medie": 7.7439024390243905, "reusita": 95.1219512195122, "cnt": 41}, "PSIHOLOGIE": {"medie": 8.177777777777779, "reusita": 100.0, "cnt": 9}, "ECONOMIE": {"medie": 7.814705882352943, "reusita": 100.0, "cnt": 17}}, "nume": "COLEGIUL ECONOMIC \"A.D.XENOPOL\"\tBucure\u0219ti"}