{"specializari": {"MUZICA": 60}, "limba_moderna": {"LIMBA ENGLEZA": 60}, "limba_materna": {"LIMBA ROMANA": 60}, "promotie_anterioara": {"DA": 5, "NU": 55}, "materii": {"LIMBA ROMANA": {"medie": 7.098305084745762, "reusita": 90.0, "cnt": 60}, "GENERAL": {"medie": 7.3738505747126455, "reusita": 73.33333333333333, "cnt": 60}, "GEOGRAFIE": {"medie": 8.490625, "reusita": 96.96969696969697, "cnt": 33}, "ISTORIE": {"medie": 7.039999999999997, "reusita": 88.33333333333333, "cnt": 60}, "FILOSOFIE": {"medie": 8.283333333333333, "reusita": 100.0, "cnt": 3}, "LOGICA, ARGUMENTARE SI COMUNICARE": {"medie": 6.477777777777778, "reusita": 66.66666666666666, "cnt": 18}, "PSIHOLOGIE": {"medie": 8.391666666666666, "reusita": 100.0, "cnt": 6}}, "nume": "COLEGIUL NATIONAL DE MUZICA \"GEORGE ENESCU\"\tBucure\u0219ti"}