{"specializari": {"STIINTE SOCIALE": 27, "MATEMATICA-INFORMATICA": 16, "STIINTE ALE NATURII": 15, "FILOLOGIE": 26}, "limba_moderna": {"LIMBA ENGLEZA": 82, "LIMBA FRANCEZA": 2}, "limba_materna": {"LIMBA ROMANA": 84}, "promotie_anterioara": {"DA": 3, "NU": 81}, "materii": {"LIMBA ROMANA": {"medie": 7.5023809523809515, "reusita": 97.61904761904762, "cnt": 84}, "GENERAL": {"medie": 7.718253968253973, "reusita": 90.47619047619048, "cnt": 84}, "MATEMATICA MATE-INFO": {"medie": 7.937499999999999, "reusita": 93.75, "cnt": 16}, "ANATOMIE SI FIZIOLOGIE UMANA, GENETICA SI ECOLOGIE UMANA": {"medie": 8.321428571428571, "reusita": 95.23809523809523, "cnt": 21}, "GEOGRAFIE": {"medie": 8.251, "reusita": 100.0, "cnt": 50}, "INFORMATICA MI C/C++": {"medie": 9.285, "reusita": 100.0, "cnt": 10}, "ISTORIE": {"medie": 6.9028301886792445, "reusita": 96.22641509433963, "cnt": 53}, "LOGICA, ARGUMENTARE SI COMUNICARE": {"medie": 8.7, "reusita": 100.0, "cnt": 2}, "MATEMATICA ST-NAT": {"medie": 7.790000000000001, "reusita": 100.0, "cnt": 15}, "PSIHOLOGIE": {"medie": 7.55, "reusita": 100.0, "cnt": 1}}, "nume": "COLEGIUL NATIONAL \"OCTAVIAN GOGA\" MIERCUREA CIUC\tHarghita"}