{"specializari": {"FILOLOGIE": 25, "MATEMATICA-INFORMATICA": 62, "STIINTE SOCIALE": 94, "INVATATOR - EDUCATOARE": 56}, "limba_moderna": {"LIMBA FRANCEZA": 17, "LIMBA ENGLEZA": 208, "LIMBA GERMANA MODERNA": 12}, "limba_materna": {"LIMBA ROMANA": 237}, "promotie_anterioara": {"DA": 2, "NU": 235}, "materii": {"LIMBA ROMANA": {"medie": 8.344067796610167, "reusita": 99.57805907172997, "cnt": 237}, "GENERAL": {"medie": 8.522740112994349, "reusita": 96.62447257383965, "cnt": 237}, "MATEMATICA MATE-INFO": {"medie": 8.080645161290324, "reusita": 96.7741935483871, "cnt": 62}, "ANATOMIE SI FIZIOLOGIE UMANA, GENETICA SI ECOLOGIE UMANA": {"medie": 7.808620689655173, "reusita": 100.0, "cnt": 29}, "FIZICA TEO": {"medie": 8.215, "reusita": 100.0, "cnt": 10}, "GEOGRAFIE": {"medie": 9.111290322580645, "reusita": 100.0, "cnt": 31}, "INFORMATICA MI C/C++": {"medie": 8.819565217391304, "reusita": 95.65217391304348, "cnt": 23}, "ISTORIE": {"medie": 8.296610169491522, "reusita": 98.31932773109243, "cnt": 119}, "LOGICA, ARGUMENTARE SI COMUNICARE": {"medie": 9.1692, "reusita": 99.20634920634922, "cnt": 126}, "MATEMATICA PED": {"medie": 8.625892857142858, "reusita": 98.21428571428571, "cnt": 56}, "PSIHOLOGIE": {"medie": 8.984615384615385, "reusita": 100.0, "cnt": 13}, "SOCIOLOGIE": {"medie": 9.9, "reusita": 100.0, "cnt": 2}, "ECONOMIE": {"medie": 8.4, "reusita": 100.0, "cnt": 3}}, "nume": "COLEGIUL NATIONAL \"MIHAI EMINESCU\" SUCEAVA\tSuceava"}