{"specializari": {"STIINTE ALE NATURII": 27, "FILOLOGIE": 32, "MATEMATICA-INFORMATICA": 33}, "limba_moderna": {"LIMBA ENGLEZA": 90, "LIMBA FRANCEZA": 2}, "limba_materna": {"LIMBA ROMANA": 92}, "promotie_anterioara": {"DA": 3, "NU": 89}, "materii": {"LIMBA ROMANA": {"medie": 8.198369565217387, "reusita": 96.73913043478261, "cnt": 92}, "BIOLOGIE VEGETALA SI ANIMALA": {"medie": 6.15, "reusita": 100.0, "cnt": 1}, "GENERAL": {"medie": 8.000549450549453, "reusita": 86.95652173913044, "cnt": 92}, "MATEMATICA MATE-INFO": {"medie": 8.375757575757577, "reusita": 100.0, "cnt": 33}, "ANATOMIE SI FIZIOLOGIE UMANA, GENETICA SI ECOLOGIE UMANA": {"medie": 8.40731707317073, "reusita": 100.0, "cnt": 41}, "FIZICA TEO": {"medie": 9.424999999999999, "reusita": 100.0, "cnt": 8}, "GEOGRAFIE": {"medie": 8.7, "reusita": 100.0, "cnt": 1}, "INFORMATICA MI C/C++": {"medie": 9.1125, "reusita": 100.0, "cnt": 8}, "ISTORIE": {"medie": 7.075, "reusita": 93.75, "cnt": 32}, "FILOSOFIE": {"medie": 9.5, "reusita": 100.0, "cnt": 2}, "LOGICA, ARGUMENTARE SI COMUNICARE": {"medie": 8.23103448275862, "reusita": 96.55172413793103, "cnt": 29}, "MATEMATICA ST-NAT": {"medie": 5.946153846153846, "reusita": 77.77777777777779, "cnt": 27}, "CHIMIE ORGANICA TEO NIVEL I/II": {"medie": 9.025, "reusita": 100.0, "cnt": 2}}, "nume": "COLEGIUL NATIONAL \"TITU MAIORESCU\" AIUD\tAlba"}