{"specializari": {"TEHNICIAN MECANIC PENTRU INTRETINERE SI REPARATII": 89, "MATEMATICA-INFORMATICA": 26, "TEHNICIAN IN INSTALATII ELECTRICE": 45, "STIINTE ALE NATURII": 30, "TEHNICIAN IN AGROTURISM": 4}, "limba_moderna": {"LIMBA ENGLEZA": 103, "LIMBA FRANCEZA": 91}, "limba_materna": {"LIMBA ROMANA": 194}, "promotie_anterioara": {"DA": 88, "NU": 106}, "materii": {"LIMBA ROMANA": {"medie": 5.74281767955801, "reusita": 70.61855670103093, "cnt": 194}, "MATEMATICA TEHN": {"medie": 5.192857142857143, "reusita": 66.66666666666666, "cnt": 138}, "BIOLOGIE VEGETALA SI ANIMALA": {"medie": 5.2924603174603195, "reusita": 55.00000000000001, "cnt": 140}, "GENERAL": {"medie": 5.751515151515151, "reusita": 41.75257731958763, "cnt": 194}, "MATEMATICA MATE-INFO": {"medie": 5.219230769230768, "reusita": 57.692307692307686, "cnt": 26}, "ANATOMIE SI FIZIOLOGIE UMANA, GENETICA SI ECOLOGIE UMANA": {"medie": 7.609615384615385, "reusita": 94.23076923076923, "cnt": 52}, "INFORMATICA MI C/C++": {"medie": 9.65, "reusita": 100.0, "cnt": 1}, "MATEMATICA ST-NAT": {"medie": 6.975862068965517, "reusita": 96.66666666666667, "cnt": 30}, "CHIMIE ANORGANICA TEH NIVEL I/II": {"medie": 6.1, "reusita": 100.0, "cnt": 1}}, "nume": "COLEGIUL TEHNOLOGIC \"CONSTANTIN BRANCOVEANU\"\tMehedin\u021bi"}