{"specializari": {"MATEMATICA-INFORMATICA": 119, "STIINTE ALE NATURII": 63, "FILOLOGIE": 33}, "limba_moderna": {"LIMBA ENGLEZA": 207, "LIMBA FRANCEZA": 8}, "limba_materna": {"LIMBA ROMANA": 215}, "promotie_anterioara": {"NU": 215}, "materii": {"LIMBA ROMANA": {"medie": 8.815887850467288, "reusita": 99.53488372093024, "cnt": 215}, "GENERAL": {"medie": 8.722507788161991, "reusita": 99.06976744186046, "cnt": 215}, "MATEMATICA MATE-INFO": {"medie": 8.604237288135593, "reusita": 99.15966386554622, "cnt": 119}, "ANATOMIE SI FIZIOLOGIE UMANA, GENETICA SI ECOLOGIE UMANA": {"medie": 8.950467289719626, "reusita": 100.0, "cnt": 107}, "FIZICA TEO": {"medie": 8.96, "reusita": 100.0, "cnt": 15}, "GEOGRAFIE": {"medie": 9.123913043478263, "reusita": 100.0, "cnt": 23}, "INFORMATICA MI C/C++": {"medie": 8.728070175438596, "reusita": 98.27586206896551, "cnt": 58}, "ISTORIE": {"medie": 7.616666666666666, "reusita": 100.0, "cnt": 33}, "LOGICA, ARGUMENTARE SI COMUNICARE": {"medie": 8.45, "reusita": 100.0, "cnt": 3}, "MATEMATICA ST-NAT": {"medie": 8.656349206349205, "reusita": 100.0, "cnt": 63}, "PSIHOLOGIE": {"medie": 8.4, "reusita": 100.0, "cnt": 1}, "CHIMIE ORGANICA TEO NIVEL I/II": {"medie": 8.95, "reusita": 100.0, "cnt": 1}, "SOCIOLOGIE": {"medie": 9.075, "reusita": 100.0, "cnt": 4}, "INFORMATICA SN C/C++": {"medie": 10.0, "reusita": 100.0, "cnt": 1}, "ECONOMIE": {"medie": 6.4, "reusita": 100.0, "cnt": 2}}, "nume": "COLEGIUL NATIONAL \"ECATERINA TEODOROIU\" TG-JIU\tGorj"}