{"specializari": {"INVATATOR - EDUCATOARE": 53, "MATEMATICA-INFORMATICA": 28, "STIINTE SOCIALE": 26, "STIINTE ALE NATURII": 26, "FILOLOGIE": 28}, "limba_moderna": {"LIMBA ENGLEZA": 152, "LIMBA FRANCEZA": 9}, "limba_materna": {"LIMBA ROMANA": 161}, "promotie_anterioara": {"NU": 161}, "materii": {"LIMBA ROMANA": {"medie": 8.754968944099376, "reusita": 100.0, "cnt": 161}, "BIOLOGIE VEGETALA SI ANIMALA": {"medie": 8.65, "reusita": 100.0, "cnt": 1}, "GENERAL": {"medie": 8.728571428571428, "reusita": 98.13664596273291, "cnt": 161}, "MATEMATICA MATE-INFO": {"medie": 7.355357142857143, "reusita": 96.42857142857143, "cnt": 28}, "ANATOMIE SI FIZIOLOGIE UMANA, GENETICA SI ECOLOGIE UMANA": {"medie": 8.991025641025644, "reusita": 100.0, "cnt": 39}, "FIZICA TEO": {"medie": 7.883333333333333, "reusita": 100.0, "cnt": 12}, "GEOGRAFIE": {"medie": 9.51025641025641, "reusita": 100.0, "cnt": 78}, "INFORMATICA MI C/C++": {"medie": 9.4, "reusita": 100.0, "cnt": 1}, "ISTORIE": {"medie": 9.131481481481481, "reusita": 100.0, "cnt": 54}, "LOGICA, ARGUMENTARE SI COMUNICARE": {"medie": 8.719999999999999, "reusita": 100.0, "cnt": 5}, "MATEMATICA ST-NAT": {"medie": 7.234615384615383, "reusita": 92.3076923076923, "cnt": 26}, "MATEMATICA PED": {"medie": 8.424528301886793, "reusita": 100.0, "cnt": 53}, "PSIHOLOGIE": {"medie": 8.988235294117645, "reusita": 100.0, "cnt": 17}, "CHIMIE ORGANICA TEO NIVEL I/II": {"medie": 9.9, "reusita": 100.0, "cnt": 1}, "ECONOMIE": {"medie": 8.757142857142856, "reusita": 100.0, "cnt": 7}}, "nume": "COLEGIUL NATIONAL \"CONSTANTIN CANTACUZINO\" TARGOVISTE\tD\u00e2mbovi\u021ba"}