{"specializari": {"TEHNICIAN IN AUTOMATIZARI": 19, "TEHNICIAN DE TELECOMUNICATII": 4, "TEHNICIAN IN INSTALATII ELECTRICE": 7, "TEHNICIAN ELECTROMECANIC": 30, "TEHNICIAN ENERGETICIAN": 25, "MATEMATICA-INFORMATICA": 26, "TEHNICIAN ELECTRONIST": 15, "TEHNICIAN ELECTROTEHNIST": 1}, "limba_moderna": {"LIMBA ENGLEZA": 121, "LIMBA GERMANA MODERNA": 6}, "limba_materna": {"LIMBA ROMANA": 127}, "promotie_anterioara": {"DA": 28, "NU": 99}, "materii": {"LIMBA ROMANA": {"medie": 6.257142857142857, "reusita": 89.76377952755905, "cnt": 127}, "MATEMATICA TEHN": {"medie": 5.935567010309279, "reusita": 80.19801980198021, "cnt": 101}, "BIOLOGIE VEGETALA SI ANIMALA": {"medie": 5.573181818181815, "reusita": 61.94690265486725, "cnt": 113}, "GENERAL": {"medie": 6.018032786885248, "reusita": 47.24409448818898, "cnt": 127}, "MATEMATICA MATE-INFO": {"medie": 6.636538461538461, "reusita": 100.0, "cnt": 26}, "INFORMATICA MI C/C++": {"medie": 8.75, "reusita": 100.0, "cnt": 5}, "CHIMIE ANORGANICA TEH NIVEL I/II": {"medie": 6.0, "reusita": 100.0, "cnt": 2}, "FIZICA TEH": {"medie": 4.983333333333333, "reusita": 42.857142857142854, "cnt": 7}}, "nume": "COLEGIUL TEHNIC ENERGETIC SIBIU\tSibiu"}