{"specializari": {"TEHNICIAN IN ACTIVITATI ECONOMICE": 80, "TEHNICIAN IN ACTIVITATI DE COMERT": 33, "TEHNICIAN IN TURISM": 34, "TEHNICIAN IN ADMINISTRATIE": 24, "ORGANIZATOR BANQUETING": 27, "TEHNICIAN IN HOTELARIE": 2, "TEHNICIAN IN GASTRONOMIE": 2}, "limba_moderna": {"LIMBA ENGLEZA": 188, "LIMBA FRANCEZA": 14}, "limba_materna": {"LIMBA ROMANA": 202}, "promotie_anterioara": {"DA": 25, "NU": 177}, "materii": {"LIMBA ROMANA": {"medie": 7.545049504950498, "reusita": 97.52475247524752, "cnt": 202}, "MATEMATICA TEHN": {"medie": 6.949748743718594, "reusita": 91.0891089108911, "cnt": 202}, "GENERAL": {"medie": 7.527040816326531, "reusita": 80.19801980198021, "cnt": 202}, "GEOGRAFIE": {"medie": 8.008629441624366, "reusita": 97.0, "cnt": 200}, "LOGICA, ARGUMENTARE SI COMUNICARE": {"medie": 5.25, "reusita": 100.0, "cnt": 1}, "ECONOMIE": {"medie": 5.7, "reusita": 100.0, "cnt": 1}}, "nume": "COLEGIUL ECONOMIC \"VIRGIL MADGEARU\" TG-JIU\tGorj"}