{"specializari": {"MATEMATICA-INFORMATICA": 26, "FILOLOGIE": 28, "STIINTE SOCIALE": 29, "INVATATOR - EDUCATOARE": 56}, "limba_moderna": {"LIMBA ENGLEZA": 139}, "limba_materna": {"LIMBA ROMANA": 139}, "promotie_anterioara": {"DA": 1, "NU": 138}, "materii": {"LIMBA ROMANA": {"medie": 8.196762589928055, "reusita": 100.0, "cnt": 139}, "GENERAL": {"medie": 8.143840579710147, "reusita": 93.5251798561151, "cnt": 139}, "MATEMATICA MATE-INFO": {"medie": 7.7480769230769235, "reusita": 100.0, "cnt": 26}, "ANATOMIE SI FIZIOLOGIE UMANA, GENETICA SI ECOLOGIE UMANA": {"medie": 8.383333333333333, "reusita": 100.0, "cnt": 6}, "FIZICA TEO": {"medie": 8.209999999999999, "reusita": 100.0, "cnt": 5}, "GEOGRAFIE": {"medie": 9.160000000000002, "reusita": 100.0, "cnt": 15}, "INFORMATICA MI C/C++": {"medie": 8.6, "reusita": 100.0, "cnt": 8}, "ISTORIE": {"medie": 7.973684210526316, "reusita": 98.24561403508771, "cnt": 57}, "LOGICA, ARGUMENTARE SI COMUNICARE": {"medie": 8.587499999999999, "reusita": 96.29629629629629, "cnt": 81}, "MATEMATICA PED": {"medie": 7.432142857142858, "reusita": 92.85714285714286, "cnt": 56}, "PSIHOLOGIE": {"medie": 8.05, "reusita": 100.0, "cnt": 10}, "CHIMIE ORGANICA TEO NIVEL I/II": {"medie": 8.357142857142858, "reusita": 100.0, "cnt": 7}, "ECONOMIE": {"medie": 6.957142857142856, "reusita": 100.0, "cnt": 7}}, "nume": "COLEGIUL NATIONAL PEDAGOGIC \"CONSTANTIN BRATESCU\" CONSTANTA\tConstan\u021ba"}