{"specializari": {"MATEMATICA-INFORMATICA": 91, "STIINTE ALE NATURII": 32, "FILOLOGIE": 29, "STIINTE SOCIALE": 32}, "limba_moderna": {"LIMBA ENGLEZA": 180, "LIMBA GERMANA MODERNA": 2, "LIMBA FRANCEZA": 2}, "limba_materna": {"LIMBA ROMANA": 184}, "promotie_anterioara": {"NU": 184}, "materii": {"LIMBA ROMANA": {"medie": 9.053532608695651, "reusita": 100.0, "cnt": 184}, "BIOLOGIE VEGETALA SI ANIMALA": {"medie": 9.340909090909092, "reusita": 100.0, "cnt": 11}, "GENERAL": {"medie": 9.104076086956521, "reusita": 100.0, "cnt": 184}, "MATEMATICA MATE-INFO": {"medie": 9.072527472527472, "reusita": 100.0, "cnt": 91}, "ANATOMIE SI FIZIOLOGIE UMANA, GENETICA SI ECOLOGIE UMANA": {"medie": 8.39375, "reusita": 100.0, "cnt": 8}, "FIZICA TEO": {"medie": 9.231818181818182, "reusita": 100.0, "cnt": 33}, "GEOGRAFIE": {"medie": 9.7125, "reusita": 100.0, "cnt": 16}, "INFORMATICA MI C/C++": {"medie": 8.941666666666666, "reusita": 100.0, "cnt": 30}, "ISTORIE": {"medie": 9.054918032786883, "reusita": 100.0, "cnt": 61}, "FILOSOFIE": {"medie": 10.0, "reusita": 100.0, "cnt": 1}, "LOGICA, ARGUMENTARE SI COMUNICARE": {"medie": 9.137500000000001, "reusita": 100.0, "cnt": 12}, "MATEMATICA ST-NAT": {"medie": 8.553125000000001, "reusita": 100.0, "cnt": 32}, "PSIHOLOGIE": {"medie": 9.650000000000002, "reusita": 100.0, "cnt": 7}, "CHIMIE ANORGANICA TEO NIVEL I/II": {"medie": 9.8, "reusita": 100.0, "cnt": 1}, "CHIMIE ORGANICA TEO NIVEL I/II": {"medie": 9.4125, "reusita": 100.0, "cnt": 40}, "SOCIOLOGIE": {"medie": 9.694117647058825, "reusita": 100.0, "cnt": 17}, "ECONOMIE": {"medie": 8.93125, "reusita": 100.0, "cnt": 8}}, "nume": "COLEGIUL NATIONAL \"GHEORGHE MUNTEANU MURGOCI\"\tBr\u0103ila"}