{"specializari": {"MATEMATICA-INFORMATICA": 16, "TEHNICIAN IN HOTELARIE": 16, "TEHNICIAN IN TURISM": 17, "TEHNICIAN TRANSPORTURI": 9, "ORGANIZATOR BANQUETING": 6, "TEHNICIAN PROIECTANT CAD": 10, "TEHNICIAN PRELUCRARI MECANICE": 5, "TEHNICIAN IN GASTRONOMIE": 10, "TEHNICIAN IN INSTALATII ELECTRICE": 1}, "limba_moderna": {"LIMBA ENGLEZA": 88, "LIMBA FRANCEZA": 2}, "limba_materna": {"LIMBA ROMANA": 90}, "promotie_anterioara": {"DA": 73, "NU": 17}, "materii": {"LIMBA ROMANA": {"medie": 5.121764705882355, "reusita": 67.77777777777779, "cnt": 90}, "MATEMATICA TEHN": {"medie": 3.8, "reusita": 36.486486486486484, "cnt": 74}, "BIOLOGIE VEGETALA SI ANIMALA": {"medie": 4.2749999999999995, "reusita": 40.74074074074074, "cnt": 27}, "GENERAL": {"medie": 4.87763157894737, "reusita": 17.77777777777778, "cnt": 90}, "MATEMATICA MATE-INFO": {"medie": 3.8214285714285716, "reusita": 37.5, "cnt": 16}, "ANATOMIE SI FIZIOLOGIE UMANA, GENETICA SI ECOLOGIE UMANA": {"medie": 6.072222222222222, "reusita": 60.0, "cnt": 10}, "GEOGRAFIE": {"medie": 6.736585365853658, "reusita": 82.6086956521739, "cnt": 46}, "INFORMATICA MI C/C++": {"medie": 5.65, "reusita": 100.0, "cnt": 1}, "CHIMIE ANORGANICA TEH NIVEL I/II": {"medie": 2.0, "reusita": 0.0, "cnt": 1}, "PSIHOLOGIE": {"medie": 8.483333333333333, "reusita": 100.0, "cnt": 3}, "FIZICA TEH": {"medie": 2.05, "reusita": 0.0, "cnt": 2}}, "nume": "COLEGIUL TEHNOLOGIC \"GRIGORE CERCHEZ\"\tBucure\u0219ti"}