{"specializari": {"INVATATOR - EDUCATOARE": 54, "FILOLOGIE": 40, "MATEMATICA-INFORMATICA": 59, "STIINTE ALE NATURII": 63}, "limba_moderna": {"LIMBA ENGLEZA": 198, "LIMBA FRANCEZA": 18}, "limba_materna": {"LIMBA ROMANA": 216}, "promotie_anterioara": {"NU": 216}, "materii": {"LIMBA ROMANA": {"medie": 8.117523364485972, "reusita": 98.14814814814815, "cnt": 216}, "GENERAL": {"medie": 8.468613707165114, "reusita": 93.51851851851852, "cnt": 216}, "MATEMATICA MATE-INFO": {"medie": 8.13859649122807, "reusita": 93.22033898305084, "cnt": 59}, "ANATOMIE SI FIZIOLOGIE UMANA, GENETICA SI ECOLOGIE UMANA": {"medie": 8.71923076923077, "reusita": 92.40506329113924, "cnt": 79}, "FIZICA TEO": {"medie": 8.58, "reusita": 93.75, "cnt": 16}, "GEOGRAFIE": {"medie": 9.41764705882353, "reusita": 100.0, "cnt": 34}, "INFORMATICA MI C/C++": {"medie": 8.643478260869566, "reusita": 100.0, "cnt": 23}, "ISTORIE": {"medie": 8.391250000000003, "reusita": 100.0, "cnt": 40}, "LOGICA, ARGUMENTARE SI COMUNICARE": {"medie": 9.571052631578944, "reusita": 100.0, "cnt": 57}, "MATEMATICA ST-NAT": {"medie": 7.448412698412699, "reusita": 95.23809523809523, "cnt": 63}, "MATEMATICA PED": {"medie": 9.187962962962965, "reusita": 100.0, "cnt": 54}, "PSIHOLOGIE": {"medie": 9.266666666666667, "reusita": 100.0, "cnt": 3}, "CHIMIE ORGANICA TEO NIVEL I/II": {"medie": 8.700000000000001, "reusita": 100.0, "cnt": 3}, "INFORMATICA SN C/C++": {"medie": 7.5, "reusita": 100.0, "cnt": 1}}, "nume": "COLEGIUL NATIONAL PEDAGOGIC \"STEFAN VELOVAN\" CRAIOVA\tDolj"}