{"specializari": {"ORGANIZATOR BANQUETING": 9, "STIINTE SOCIALE": 12, "TEHNICIAN OPERATOR TEHNICA DE CALCUL": 1, "TEHNICIAN ECOLOG SI PROTECTIA CALITATII MEDIULUI": 1}, "limba_moderna": {"LIMBA ENGLEZA": 20, "LIMBA FRANCEZA": 3}, "limba_materna": {"LIMBA ROMANA": 23}, "promotie_anterioara": {"DA": 11, "NU": 12}, "materii": {"LIMBA ROMANA": {"medie": 5.118421052631578, "reusita": 60.86956521739131, "cnt": 23}, "MATEMATICA TEHN": {"medie": 3.2636363636363637, "reusita": 27.27272727272727, "cnt": 11}, "BIOLOGIE VEGETALA SI ANIMALA": {"medie": 4.9, "reusita": 50.0, "cnt": 2}, "GENERAL": {"medie": 4.8194444444444455, "reusita": 17.391304347826086, "cnt": 23}, "GEOGRAFIE": {"medie": 5.631249999999999, "reusita": 61.904761904761905, "cnt": 21}, "ISTORIE": {"medie": 5.0055555555555555, "reusita": 50.0, "cnt": 12}}, "nume": "COLEGIUL \"AUREL VIJOLI\" FAGARAS\tBra\u0219ov"}