{"specializari": {"TEHNICIAN ECOLOG SI PROTECTIA CALITATII MEDIULUI": 35, "TEHNICIAN ANALIZE PRODUSE ALIMENTARE": 28, "TEHNICIAN IN INSTALATII ELECTRICE": 13, "TEHNICIAN CHIMIST DE LABORATOR": 13, "TEHNICIAN IN INDUSTRIA TEXTILA": 1, "TEHNICIAN IN CHIMIE INDUSTRIALA": 2, "TEHNICIAN OPERATOR TEHNICA DE CALCUL": 2}, "limba_moderna": {"LIMBA ENGLEZA": 90, "LIMBA FRANCEZA": 4}, "limba_materna": {"LIMBA ROMANA": 94}, "promotie_anterioara": {"NU": 68, "DA": 26}, "materii": {"LIMBA ROMANA": {"medie": 6.357526881720434, "reusita": 86.17021276595744, "cnt": 94}, "MATEMATICA TEHN": {"medie": 5.4602150537634415, "reusita": 69.14893617021278, "cnt": 94}, "BIOLOGIE VEGETALA SI ANIMALA": {"medie": 5.691379310344828, "reusita": 64.51612903225806, "cnt": 31}, "GENERAL": {"medie": 5.861721611721609, "reusita": 44.680851063829785, "cnt": 94}, "ANATOMIE SI FIZIOLOGIE UMANA, GENETICA SI ECOLOGIE UMANA": {"medie": 5.746774193548388, "reusita": 71.42857142857143, "cnt": 63}}, "nume": "COLEGIUL TEHNIC \"G-RAL GHEORGHE MAGHERU\" TG-JIU\tGorj"}