{"specializari": {"MATEMATICA-INFORMATICA": 61, "FILOLOGIE": 69, "STIINTE SOCIALE": 33, "STIINTE ALE NATURII": 29}, "limba_moderna": {"LIMBA FRANCEZA": 48, "LIMBA GERMANA MODERNA": 22, "LIMBA ENGLEZA": 122}, "limba_materna": {"LIMBA ROMANA": 192}, "promotie_anterioara": {"NU": 192}, "materii": {"LIMBA ROMANA": {"medie": 8.59505208333334, "reusita": 100.0, "cnt": 192}, "GENERAL": {"medie": 8.779513888888891, "reusita": 98.4375, "cnt": 192}, "MATEMATICA MATE-INFO": {"medie": 8.187704918032788, "reusita": 100.0, "cnt": 61}, "ANATOMIE SI FIZIOLOGIE UMANA, GENETICA SI ECOLOGIE UMANA": {"medie": 9.063076923076927, "reusita": 100.0, "cnt": 65}, "FIZICA TEO": {"medie": 8.705555555555556, "reusita": 100.0, "cnt": 9}, "GEOGRAFIE": {"medie": 9.21086956521739, "reusita": 100.0, "cnt": 23}, "INFORMATICA MI C/C++": {"medie": 9.131818181818183, "reusita": 100.0, "cnt": 11}, "ISTORIE": {"medie": 8.799019607843139, "reusita": 100.0, "cnt": 102}, "FILOSOFIE": {"medie": 8.8, "reusita": 100.0, "cnt": 2}, "LOGICA, ARGUMENTARE SI COMUNICARE": {"medie": 9.391666666666662, "reusita": 100.0, "cnt": 72}, "MATEMATICA ST-NAT": {"medie": 8.348275862068968, "reusita": 100.0, "cnt": 29}, "PSIHOLOGIE": {"medie": 9.55, "reusita": 100.0, "cnt": 2}, "CHIMIE ANORGANICA TEO NIVEL I/II": {"medie": 7.65, "reusita": 100.0, "cnt": 1}, "CHIMIE ORGANICA TEO NIVEL I/II": {"medie": 9.575, "reusita": 100.0, "cnt": 4}, "SOCIOLOGIE": {"medie": 9.775, "reusita": 100.0, "cnt": 2}, "ECONOMIE": {"medie": 9.55, "reusita": 100.0, "cnt": 1}}, "nume": "COLEGIUL NATIONAL \"CALISTRAT HOGAS\", MUNICIPIUL PIATRA-NEAMT\tNeam\u021b"}