{"specializari": {"INVATATOR - EDUCATOARE": 27, "STIINTE SOCIALE": 38, "MATEMATICA-INFORMATICA": 59, "FILOLOGIE": 37, "STIINTE ALE NATURII": 36}, "limba_moderna": {"LIMBA ENGLEZA": 149, "LIMBA FRANCEZA": 27, "LIMBA GERMANA MODERNA": 21}, "limba_materna": {"LIMBA ROMANA": 197}, "promotie_anterioara": {"NU": 197}, "materii": {"LIMBA ROMANA": {"medie": 8.78020304568528, "reusita": 100.0, "cnt": 197}, "GENERAL": {"medie": 8.974404761904761, "reusita": 99.49238578680203, "cnt": 197}, "MATEMATICA MATE-INFO": {"medie": 8.785593220338981, "reusita": 100.0, "cnt": 59}, "ANATOMIE SI FIZIOLOGIE UMANA, GENETICA SI ECOLOGIE UMANA": {"medie": 9.273863636363638, "reusita": 97.77777777777777, "cnt": 45}, "FIZICA TEO": {"medie": 9.144736842105262, "reusita": 100.0, "cnt": 19}, "GEOGRAFIE": {"medie": 8.929166666666667, "reusita": 100.0, "cnt": 24}, "INFORMATICA MI C/C++": {"medie": 9.163888888888888, "reusita": 100.0, "cnt": 18}, "ISTORIE": {"medie": 8.76, "reusita": 100.0, "cnt": 75}, "LOGICA, ARGUMENTARE SI COMUNICARE": {"medie": 9.64259259259259, "reusita": 100.0, "cnt": 54}, "MATEMATICA ST-NAT": {"medie": 9.226388888888888, "reusita": 100.0, "cnt": 36}, "MATEMATICA PED": {"medie": 8.855555555555556, "reusita": 100.0, "cnt": 27}, "PSIHOLOGIE": {"medie": 8.816666666666668, "reusita": 100.0, "cnt": 12}, "CHIMIE ORGANICA TEO NIVEL I/II": {"medie": 9.676923076923078, "reusita": 100.0, "cnt": 13}, "SOCIOLOGIE": {"medie": 8.950000000000001, "reusita": 100.0, "cnt": 6}, "ECONOMIE": {"medie": 8.391666666666667, "reusita": 100.0, "cnt": 6}}, "nume": "COLEGIUL NATIONAL DE INFORMATICA MATEI BASARAB, MUN. RM. VALCEA\tV\u00e2lcea"}