{"specializari": {"TEHNICIAN IN ACTIVITATI ECONOMICE": 28, "TEHNICIAN IN ADMINISTRATIE": 5, "TEHNICIAN IN TURISM": 33, "TEHNICIAN IN GASTRONOMIE": 34, "TEHNICIAN ANALIZE PRODUSE ALIMENTARE": 7, "COAFOR STILIST": 18, "TEHNICIAN ECOLOG SI PROTECTIA CALITATII MEDIULUI": 17, "TEHNICIAN OPERATOR TEHNICA DE CALCUL": 11, "TEHNICIAN MECANIC PENTRU INTRETINERE SI REPARATII": 1, "MATEMATICA-INFORMATICA": 1}, "limba_moderna": {"LIMBA ENGLEZA": 154, "LIMBA GERMANA MODERNA": 1}, "limba_materna": {"LIMBA ROMANA": 155}, "promotie_anterioara": {"DA": 55, "NU": 100}, "materii": {"LIMBA ROMANA": {"medie": 5.862999999999998, "reusita": 79.35483870967742, "cnt": 155}, "MATEMATICA TEHN": {"medie": 4.847872340425528, "reusita": 51.298701298701296, "cnt": 154}, "BIOLOGIE VEGETALA SI ANIMALA": {"medie": 4.1049999999999995, "reusita": 40.0, "cnt": 10}, "GENERAL": {"medie": 5.744809523809525, "reusita": 30.32258064516129, "cnt": 155}, "MATEMATICA MATE-INFO": {"medie": 5.9, "reusita": 100.0, "cnt": 1}, "ANATOMIE SI FIZIOLOGIE UMANA, GENETICA SI ECOLOGIE UMANA": {"medie": 6.8, "reusita": 86.95652173913044, "cnt": 23}, "GEOGRAFIE": {"medie": 6.373214285714286, "reusita": 79.7752808988764, "cnt": 89}, "LOGICA, ARGUMENTARE SI COMUNICARE": {"medie": 7.470370370370369, "reusita": 82.14285714285714, "cnt": 28}, "CHIMIE ANORGANICA TEH NIVEL I/II": {"medie": 7.82, "reusita": 100.0, "cnt": 1}, "PSIHOLOGIE": {"medie": 5.1, "reusita": 100.0, "cnt": 1}, "FIZICA TEH": {"medie": 6.875, "reusita": 100.0, "cnt": 2}, "CHIMIE ORGANICA TEH NIVEL I/II": {"medie": 7.6, "reusita": 100.0, "cnt": 1}}, "nume": "COLEGIUL TEHNIC \"MIHAI VITEAZUL\" ORADEA\tBihor"}