{"specializari": {"MATEMATICA-INFORMATICA": 84, "STIINTE ALE NATURII": 32, "STIINTE SOCIALE": 36, "FILOLOGIE": 64}, "limba_moderna": {"LIMBA ENGLEZA": 205, "LIMBA GERMANA MODERNA": 4, "LIMBA ITALIANA": 5, "LIMBA FRANCEZA": 2}, "limba_materna": {"LIMBA ROMANA": 216}, "promotie_anterioara": {"DA": 5, "NU": 211}, "materii": {"LIMBA ROMANA": {"medie": 8.059722222222218, "reusita": 99.53703703703704, "cnt": 216}, "BIOLOGIE VEGETALA SI ANIMALA": {"medie": 7.8, "reusita": 100.0, "cnt": 1}, "GENERAL": {"medie": 8.229552469135799, "reusita": 93.98148148148148, "cnt": 216}, "MATEMATICA MATE-INFO": {"medie": 7.935119047619046, "reusita": 98.80952380952381, "cnt": 84}, "ANATOMIE SI FIZIOLOGIE UMANA, GENETICA SI ECOLOGIE UMANA": {"medie": 8.308333333333332, "reusita": 93.75, "cnt": 48}, "FIZICA TEO": {"medie": 8.229166666666666, "reusita": 95.83333333333334, "cnt": 24}, "GEOGRAFIE": {"medie": 8.936363636363636, "reusita": 100.0, "cnt": 22}, "INFORMATICA MI C/C++": {"medie": 8.34032258064516, "reusita": 96.7741935483871, "cnt": 31}, "ISTORIE": {"medie": 8.174000000000001, "reusita": 100.0, "cnt": 100}, "FILOSOFIE": {"medie": 9.9, "reusita": 100.0, "cnt": 1}, "LOGICA, ARGUMENTARE SI COMUNICARE": {"medie": 9.004761904761907, "reusita": 97.61904761904762, "cnt": 42}, "MATEMATICA ST-NAT": {"medie": 7.957812500000001, "reusita": 90.625, "cnt": 32}, "PSIHOLOGIE": {"medie": 9.09, "reusita": 100.0, "cnt": 15}, "CHIMIE ANORGANICA TEO NIVEL I/II": {"medie": 6.25, "reusita": 100.0, "cnt": 1}, "CHIMIE ORGANICA TEO NIVEL I/II": {"medie": 9.455555555555556, "reusita": 100.0, "cnt": 9}, "SOCIOLOGIE": {"medie": 8.221875, "reusita": 100.0, "cnt": 16}, "INFORMATICA SN C/C++": {"medie": 8.45, "reusita": 100.0, "cnt": 2}, "ECONOMIE": {"medie": 7.4375, "reusita": 75.0, "cnt": 4}}, "nume": "COLEGIUL NATIONAL \"ION NECULCE\"\tBucure\u0219ti"}