{"specializari": {"TEHNICIAN IN ACTIVITATI ECONOMICE": 79, "TEHNICIAN IN GASTRONOMIE": 27, "TEHNICIAN IN ACTIVITATI DE COMERT": 20, "TEHNICIAN IN TURISM": 27, "TEHNICIAN IN ADMINISTRATIE": 26}, "limba_moderna": {"LIMBA ENGLEZA": 165, "LIMBA FRANCEZA": 14}, "limba_materna": {"LIMBA ROMANA": 179}, "promotie_anterioara": {"DA": 4, "NU": 175}, "materii": {"LIMBA ROMANA": {"medie": 7.444662921348319, "reusita": 97.20670391061452, "cnt": 179}, "MATEMATICA TEHN": {"medie": 7.560335195530724, "reusita": 95.53072625698324, "cnt": 179}, "GENERAL": {"medie": 7.796254681647943, "reusita": 87.70949720670392, "cnt": 179}, "GEOGRAFIE": {"medie": 8.03, "reusita": 97.5, "cnt": 40}, "LOGICA, ARGUMENTARE SI COMUNICARE": {"medie": 8.41642335766423, "reusita": 95.62043795620438, "cnt": 137}, "PSIHOLOGIE": {"medie": 9.55, "reusita": 100.0, "cnt": 2}}, "nume": "COLEGIUL ECONOMIC \"OCTAV ONICESCU\" BOTOSANI\tBoto\u0219ani"}