{"specializari": {"TEHNICIAN IN ACTIVITATI ECONOMICE": 55, "TEHNICIAN IN ADMINISTRATIE": 29, "TEHNICIAN IN ACTIVITATI DE COMERT": 34, "TEHNICIAN IN TURISM": 31, "TEHNICIAN IN GASTRONOMIE": 38}, "limba_moderna": {"LIMBA ENGLEZA": 179, "LIMBA FRANCEZA": 7, "LIMBA GERMANA MODERNA": 1}, "limba_materna": {"LIMBA ROMANA": 187}, "promotie_anterioara": {"NU": 183, "DA": 4}, "materii": {"LIMBA ROMANA": {"medie": 7.416939890710381, "reusita": 93.58288770053476, "cnt": 187}, "MATEMATICA TEHN": {"medie": 7.411475409836064, "reusita": 87.70053475935828, "cnt": 187}, "GENERAL": {"medie": 7.58005464480874, "reusita": 85.56149732620321, "cnt": 187}, "GEOGRAFIE": {"medie": 7.860576923076924, "reusita": 93.75, "cnt": 160}, "LOGICA, ARGUMENTARE SI COMUNICARE": {"medie": 8.207407407407407, "reusita": 88.88888888888889, "cnt": 27}}, "nume": "COLEGIUL ECONOMIC \"TRANSILVANIA\" TIRGU MURES\tMure\u0219"}