{"specializari": {"MATEMATICA-INFORMATICA": 150, "STIINTE ALE NATURII": 61, "FILOLOGIE": 60}, "limba_moderna": {"LIMBA ENGLEZA": 263, "LIMBA FRANCEZA": 8}, "limba_materna": {"LIMBA ROMANA": 271}, "promotie_anterioara": {"NU": 271}, "materii": {"LIMBA ROMANA": {"medie": 8.780073800738007, "reusita": 100.0, "cnt": 271}, "BIOLOGIE VEGETALA SI ANIMALA": {"medie": 9.385, "reusita": 100.0, "cnt": 10}, "GENERAL": {"medie": 8.955227552275524, "reusita": 99.2619926199262, "cnt": 271}, "MATEMATICA MATE-INFO": {"medie": 8.954999999999998, "reusita": 100.0, "cnt": 150}, "ANATOMIE SI FIZIOLOGIE UMANA, GENETICA SI ECOLOGIE UMANA": {"medie": 9.15, "reusita": 100.0, "cnt": 38}, "FIZICA TEO": {"medie": 9.171232876712327, "reusita": 98.63013698630137, "cnt": 73}, "GEOGRAFIE": {"medie": 9.365217391304347, "reusita": 100.0, "cnt": 23}, "INFORMATICA MI C/C++": {"medie": 9.332812499999998, "reusita": 100.0, "cnt": 32}, "ISTORIE": {"medie": 8.749166666666666, "reusita": 100.0, "cnt": 60}, "FILOSOFIE": {"medie": 9.9, "reusita": 100.0, "cnt": 1}, "LOGICA, ARGUMENTARE SI COMUNICARE": {"medie": 9.187499999999998, "reusita": 93.75, "cnt": 16}, "MATEMATICA ST-NAT": {"medie": 8.619672131147539, "reusita": 100.0, "cnt": 61}, "PSIHOLOGIE": {"medie": 9.3375, "reusita": 100.0, "cnt": 4}, "CHIMIE ANORGANICA TEO NIVEL I/II": {"medie": 8.299999999999999, "reusita": 100.0, "cnt": 4}, "CHIMIE ORGANICA TEO NIVEL I/II": {"medie": 9.544444444444446, "reusita": 100.0, "cnt": 54}, "SOCIOLOGIE": {"medie": 9.608333333333333, "reusita": 100.0, "cnt": 6}, "ECONOMIE": {"medie": 8.159999999999998, "reusita": 100.0, "cnt": 10}}, "nume": "COLEGIUL NATIONAL \"GHEORGHE SINCAI\"\tBucure\u0219ti"}