{"specializari": {"TEHNICIAN IN PRELUCRAREA LEMNULUI": 4, "TEHNICIAN IN ACTIVITATI ECONOMICE": 27, "TEHNICIAN CHIMIST DE LABORATOR": 1, "TEHNICIAN PROIECTANT CAD": 12, "TEHNICIAN IN INDUSTRIA ALIMENTARA": 2, "TEHNICIAN ECOLOG SI PROTECTIA CALITATII MEDIULUI": 3, "TEHNICIAN IN GASTRONOMIE": 3, "TEHNICIAN ELECTROTEHNIST": 1, "TEHNICIAN IN INSTALATII ELECTRICE": 2}, "limba_moderna": {"LIMBA ENGLEZA": 53, "LIMBA FRANCEZA": 2}, "limba_materna": {"LIMBA ROMANA": 55}, "promotie_anterioara": {"DA": 19, "NU": 36}, "materii": {"LIMBA ROMANA": {"medie": 5.95943396226415, "reusita": 85.45454545454545, "cnt": 55}, "MATEMATICA TEHN": {"medie": 5.6160000000000005, "reusita": 67.27272727272727, "cnt": 55}, "BIOLOGIE VEGETALA SI ANIMALA": {"medie": 3.7714285714285714, "reusita": 30.0, "cnt": 10}, "GENERAL": {"medie": 6.052898550724637, "reusita": 41.81818181818181, "cnt": 55}, "ANATOMIE SI FIZIOLOGIE UMANA, GENETICA SI ECOLOGIE UMANA": {"medie": 5.2, "reusita": 50.0, "cnt": 2}, "GEOGRAFIE": {"medie": 6.8, "reusita": 100.0, "cnt": 3}, "LOGICA, ARGUMENTARE SI COMUNICARE": {"medie": 7.204000000000002, "reusita": 80.76923076923077, "cnt": 26}, "CHIMIE ANORGANICA TEH NIVEL I/II": {"medie": 5.705, "reusita": 46.15384615384615, "cnt": 13}, "PSIHOLOGIE": {"medie": 5.7, "reusita": 100.0, "cnt": 1}}, "nume": "COLEGIUL TEHNIC \"SIMION MEHEDINTI\" CODLEA\tBra\u0219ov"}