{"specializari": {"MATEMATICA-INFORMATICA": 86, "STIINTE SOCIALE": 67, "STIINTE ALE NATURII": 27}, "limba_moderna": {"LIMBA ENGLEZA": 156, "LIMBA FRANCEZA": 18, "LIMBA SPANIOLA": 3, "LIMBA GERMANA MODERNA": 3}, "limba_materna": {"LIMBA ROMANA": 180}, "promotie_anterioara": {"DA": 4, "NU": 176}, "materii": {"LIMBA ROMANA": {"medie": 8.5975, "reusita": 100.0, "cnt": 180}, "GENERAL": {"medie": 8.63685185185185, "reusita": 96.66666666666667, "cnt": 180}, "MATEMATICA MATE-INFO": {"medie": 8.174418604651164, "reusita": 100.0, "cnt": 86}, "ANATOMIE SI FIZIOLOGIE UMANA, GENETICA SI ECOLOGIE UMANA": {"medie": 8.971153846153845, "reusita": 98.07692307692307, "cnt": 52}, "FIZICA TEO": {"medie": 8.165000000000001, "reusita": 95.0, "cnt": 20}, "GEOGRAFIE": {"medie": 9.491176470588236, "reusita": 100.0, "cnt": 17}, "INFORMATICA MI C/C++": {"medie": 8.448648648648652, "reusita": 94.5945945945946, "cnt": 37}, "ISTORIE": {"medie": 8.701492537313435, "reusita": 100.0, "cnt": 67}, "LOGICA, ARGUMENTARE SI COMUNICARE": {"medie": 9.480232558139534, "reusita": 100.0, "cnt": 43}, "MATEMATICA ST-NAT": {"medie": 7.970370370370373, "reusita": 96.29629629629629, "cnt": 27}, "PSIHOLOGIE": {"medie": 9.616666666666667, "reusita": 100.0, "cnt": 3}, "CHIMIE ORGANICA TEO NIVEL I/II": {"medie": 9.9, "reusita": 100.0, "cnt": 2}, "SOCIOLOGIE": {"medie": 9.9, "reusita": 100.0, "cnt": 2}, "INFORMATICA SN C/C++": {"medie": 8.7, "reusita": 100.0, "cnt": 2}, "ECONOMIE": {"medie": 8.95, "reusita": 100.0, "cnt": 2}}, "nume": "COLEGIUL NATIONAL \"FERDINAND I\" BACAU\tBac\u0103u"}