{"specializari": {"MATEMATICA-INFORMATICA": 33, "STIINTE ALE NATURII": 26, "STIINTE SOCIALE": 31}, "limba_moderna": {"LIMBA GERMANA MODERNA": 57, "LIMBA ENGLEZA": 33}, "limba_materna": {"LIMBA MAGHIARA": 90}, "promotie_anterioara": {"NU": 90}, "materii": {"LIMBA ROMANA": {"medie": 7.212777777777779, "reusita": 97.77777777777777, "cnt": 90}, "BIOLOGIE VEGETALA SI ANIMALA": {"medie": 8.2, "reusita": 100.0, "cnt": 1}, "GENERAL": {"medie": 8.227638888888892, "reusita": 96.66666666666667, "cnt": 90}, "MATEMATICA MATE-INFO": {"medie": 8.62121212121212, "reusita": 100.0, "cnt": 33}, "ANATOMIE SI FIZIOLOGIE UMANA, GENETICA SI ECOLOGIE UMANA": {"medie": 8.841249999999999, "reusita": 100.0, "cnt": 40}, "FIZICA TEO": {"medie": 9.091666666666667, "reusita": 100.0, "cnt": 6}, "GEOGRAFIE": {"medie": 7.833333333333335, "reusita": 100.0, "cnt": 6}, "INFORMATICA MI C/C++": {"medie": 8.777272727272727, "reusita": 100.0, "cnt": 11}, "ISTORIE": {"medie": 7.575806451612902, "reusita": 96.7741935483871, "cnt": 31}, "LIMBA MAGHIARA (REAL)": {"medie": 9.144915254237285, "reusita": 100.0, "cnt": 59}, "LOGICA, ARGUMENTARE SI COMUNICARE": {"medie": 8.678, "reusita": 100.0, "cnt": 25}, "MATEMATICA ST-NAT": {"medie": 7.7153846153846155, "reusita": 100.0, "cnt": 26}, "LIMBA MAGHIARA (UMAN)": {"medie": 8.614516129032259, "reusita": 100.0, "cnt": 31}, "CHIMIE ORGANICA TEO NIVEL I/II": {"medie": 9.35, "reusita": 100.0, "cnt": 1}}, "nume": "COLEGIUL NATIONAL \"SZEKELY MIKAL\" SFANTU GHEORGHE\tCovasna"}