{"specializari": {"FILOLOGIE": 12, "MATEMATICA-INFORMATICA": 19}, "limba_moderna": {"LIMBA ENGLEZA": 31}, "limba_materna": {"LIMBA ROMANA": 31}, "promotie_anterioara": {"NU": 31}, "materii": {"LIMBA ROMANA": {"medie": 8.538709677419353, "reusita": 100.0, "cnt": 31}, "GENERAL": {"medie": 8.630645161290321, "reusita": 100.0, "cnt": 31}, "MATEMATICA MATE-INFO": {"medie": 8.773684210526316, "reusita": 100.0, "cnt": 19}, "ANATOMIE SI FIZIOLOGIE UMANA, GENETICA SI ECOLOGIE UMANA": {"medie": 9.277777777777779, "reusita": 100.0, "cnt": 9}, "FIZICA TEO": {"medie": 8.833333333333334, "reusita": 100.0, "cnt": 3}, "GEOGRAFIE": {"medie": 8.95, "reusita": 100.0, "cnt": 7}, "INFORMATICA MI C/C++": {"medie": 8.583333333333334, "reusita": 100.0, "cnt": 6}, "ISTORIE": {"medie": 7.833333333333333, "reusita": 100.0, "cnt": 12}, "LOGICA, ARGUMENTARE SI COMUNICARE": {"medie": 8.870000000000001, "reusita": 100.0, "cnt": 5}, "CHIMIE ORGANICA TEO NIVEL I/II": {"medie": 8.75, "reusita": 100.0, "cnt": 1}}, "nume": "COLEGIUL \"RICHARD WURMBRAND\", IASI\tIa\u0219i"}