{"specializari": {"MUZICA": 24, "ARTE PLASTICE SI DECORATIVE": 25, "ARHITECTURA, ARTE AMBIENTALE SI DESIGN": 29}, "limba_moderna": {"LIMBA ENGLEZA": 74, "LIMBA FRANCEZA": 4}, "limba_materna": {"LIMBA ROMANA": 78}, "promotie_anterioara": {"NU": 77, "DA": 1}, "materii": {"LIMBA ROMANA": {"medie": 7.810897435897434, "reusita": 100.0, "cnt": 78}, "GENERAL": {"medie": 8.307264957264957, "reusita": 97.43589743589743, "cnt": 78}, "GEOGRAFIE": {"medie": 7.742857142857142, "reusita": 100.0, "cnt": 7}, "ISTORIE": {"medie": 8.171153846153844, "reusita": 100.0, "cnt": 78}, "LOGICA, ARGUMENTARE SI COMUNICARE": {"medie": 9.113636363636363, "reusita": 98.48484848484848, "cnt": 66}, "PSIHOLOGIE": {"medie": 8.633333333333333, "reusita": 100.0, "cnt": 3}, "ECONOMIE": {"medie": 7.85, "reusita": 100.0, "cnt": 2}}, "nume": "COLEGIUL DE ARTA \"CARMEN SYLVA\", MUNICIPIUL PLOIESTI\tPrahova"}