{"specializari": {"TEHNICIAN PROIECTANT CAD": 7, "TEHNICIAN HIDRO-METEOROLOG": 11, "TEHNICIAN IN TURISM": 19, "TEHNICIAN IN ACTIVITATI DE COMERT": 24, "TEHNICIAN ELECTROMECANIC": 1}, "limba_moderna": {"LIMBA ENGLEZA": 43, "LIMBA FRANCEZA": 19}, "limba_materna": {"LIMBA ROMANA": 62}, "promotie_anterioara": {"NU": 61, "DA": 1}, "materii": {"LIMBA ROMANA": {"medie": 5.415789473684209, "reusita": 70.96774193548387, "cnt": 62}, "MATEMATICA TEHN": {"medie": 4.555454545454545, "reusita": 40.32258064516129, "cnt": 62}, "GENERAL": {"medie": 5.467272727272727, "reusita": 30.64516129032258, "cnt": 62}, "ANATOMIE SI FIZIOLOGIE UMANA, GENETICA SI ECOLOGIE UMANA": {"medie": 5.970000000000001, "reusita": 63.63636363636363, "cnt": 11}, "GEOGRAFIE": {"medie": 7.164285714285713, "reusita": 92.10526315789474, "cnt": 38}, "LOGICA, ARGUMENTARE SI COMUNICARE": {"medie": 5.65, "reusita": 40.0, "cnt": 5}, "FIZICA TEH": {"medie": 3.7071428571428577, "reusita": 25.0, "cnt": 8}}, "nume": "COLEGIUL TEHNIC \"PETRU MUSAT\" SUCEAVA\tSuceava"}