{"specializari": {"MUZICA": 54, "ARTA ACTORULUI": 24}, "limba_moderna": {"LIMBA ENGLEZA": 78}, "limba_materna": {"LIMBA ROMANA": 78}, "promotie_anterioara": {"NU": 74, "DA": 4}, "materii": {"LIMBA ROMANA": {"medie": 7.051948051948053, "reusita": 97.43589743589743, "cnt": 78}, "GENERAL": {"medie": 7.476623376623376, "reusita": 83.33333333333334, "cnt": 78}, "GEOGRAFIE": {"medie": 7.602702702702701, "reusita": 92.10526315789474, "cnt": 38}, "ISTORIE": {"medie": 7.235714285714287, "reusita": 93.58974358974359, "cnt": 78}, "LOGICA, ARGUMENTARE SI COMUNICARE": {"medie": 8.797142857142859, "reusita": 100.0, "cnt": 35}, "PSIHOLOGIE": {"medie": 7.8999999999999995, "reusita": 100.0, "cnt": 3}, "ECONOMIE": {"medie": 7.025, "reusita": 100.0, "cnt": 2}}, "nume": "COLEGIUL NATIONAL DE ARTE \"DINU LIPATTI\"\tBucure\u0219ti"}