{"specializari": {"TEHNICIAN ELECTRICIAN/ELECTRONIST AUTO": 16, "TEHNICIAN TRANSPORTURI": 19, "MATEMATICA-INFORMATICA": 1}, "limba_moderna": {"LIMBA ENGLEZA": 35, "LIMBA FRANCEZA": 1}, "limba_materna": {"LIMBA ROMANA": 36}, "promotie_anterioara": {"DA": 7, "NU": 29}, "materii": {"LIMBA ROMANA": {"medie": 5.390277777777778, "reusita": 63.888888888888886, "cnt": 36}, "MATEMATICA TEHN": {"medie": 4.385714285714286, "reusita": 48.57142857142857, "cnt": 35}, "BIOLOGIE VEGETALA SI ANIMALA": {"medie": 4.4904761904761905, "reusita": 42.857142857142854, "cnt": 21}, "GENERAL": {"medie": 4.849074074074074, "reusita": 25.0, "cnt": 36}, "MATEMATICA MATE-INFO": {"medie": 6.65, "reusita": 100.0, "cnt": 1}, "ANATOMIE SI FIZIOLOGIE UMANA, GENETICA SI ECOLOGIE UMANA": {"medie": 5.8, "reusita": 100.0, "cnt": 1}, "FIZICA TEH": {"medie": 4.957142857142856, "reusita": 50.0, "cnt": 14}}, "nume": "COLEGIUL TEHNIC DE TRANSPORTURI, MUNICIPIUL PIATRA-NEAMT\tNeam\u021b"}