{"specializari": {"STIINTE ALE NATURII": 55, "MATEMATICA-INFORMATICA": 30, "FILOLOGIE": 34, "STIINTE SOCIALE": 33}, "limba_moderna": {"LIMBA ENGLEZA": 133, "LIMBA FRANCEZA": 19}, "limba_materna": {"LIMBA ROMANA": 152}, "promotie_anterioara": {"DA": 8, "NU": 144}, "materii": {"LIMBA ROMANA": {"medie": 8.134105960264897, "reusita": 99.3421052631579, "cnt": 152}, "BIOLOGIE VEGETALA SI ANIMALA": {"medie": 3.55, "reusita": 0.0, "cnt": 1}, "GENERAL": {"medie": 7.828666666666665, "reusita": 90.13157894736842, "cnt": 152}, "MATEMATICA MATE-INFO": {"medie": 6.951666666666667, "reusita": 93.33333333333333, "cnt": 30}, "ANATOMIE SI FIZIOLOGIE UMANA, GENETICA SI ECOLOGIE UMANA": {"medie": 7.023076923076925, "reusita": 90.9090909090909, "cnt": 66}, "FIZICA TEO": {"medie": 7.15, "reusita": 100.0, "cnt": 1}, "GEOGRAFIE": {"medie": 8.869444444444447, "reusita": 100.0, "cnt": 18}, "INFORMATICA MI C/C++": {"medie": 6.442857142857142, "reusita": 71.42857142857143, "cnt": 7}, "ISTORIE": {"medie": 8.036363636363635, "reusita": 98.50746268656717, "cnt": 67}, "LOGICA, ARGUMENTARE SI COMUNICARE": {"medie": 8.794565217391305, "reusita": 100.0, "cnt": 46}, "MATEMATICA ST-NAT": {"medie": 7.116666666666667, "reusita": 96.36363636363636, "cnt": 55}, "PSIHOLOGIE": {"medie": 9.100000000000001, "reusita": 100.0, "cnt": 2}, "CHIMIE ANORGANICA TEO NIVEL I/II": {"medie": 8.158333333333333, "reusita": 100.0, "cnt": 6}, "CHIMIE ORGANICA TEO NIVEL I/II": {"medie": 8.7, "reusita": 100.0, "cnt": 2}, "INFORMATICA SN C/C++": {"medie": 6.375, "reusita": 100.0, "cnt": 2}, "ECONOMIE": {"medie": 8.7, "reusita": 100.0, "cnt": 1}}, "nume": "COLEGIUL \"MIHAI EMINESCU\" BACAU\tBac\u0103u"}