{"specializari": {"LICEU CU PROGRAM SPORTIV": 63, "FILOLOGIE": 30, "MATEMATICA-INFORMATICA": 27}, "limba_moderna": {"LIMBA ENGLEZA": 89, "LIMBA FRANCEZA": 31}, "limba_materna": {"LIMBA ROMANA": 120}, "promotie_anterioara": {"DA": 8, "NU": 112}, "materii": {"LIMBA ROMANA": {"medie": 7.389316239316237, "reusita": 97.5, "cnt": 120}, "BIOLOGIE VEGETALA SI ANIMALA": {"medie": 7.4, "reusita": 100.0, "cnt": 1}, "GENERAL": {"medie": 7.405652173913046, "reusita": 77.5, "cnt": 120}, "MATEMATICA MATE-INFO": {"medie": 6.8999999999999995, "reusita": 92.5925925925926, "cnt": 27}, "ANATOMIE SI FIZIOLOGIE UMANA, GENETICA SI ECOLOGIE UMANA": {"medie": 7.525, "reusita": 93.75, "cnt": 16}, "FIZICA TEO": {"medie": 6.8, "reusita": 100.0, "cnt": 7}, "GEOGRAFIE": {"medie": 8.406349206349203, "reusita": 93.84615384615384, "cnt": 65}, "INFORMATICA MI C/C++": {"medie": 6.5, "reusita": 100.0, "cnt": 1}, "ISTORIE": {"medie": 6.619230769230767, "reusita": 83.87096774193549, "cnt": 93}, "LOGICA, ARGUMENTARE SI COMUNICARE": {"medie": 8.326190476190476, "reusita": 90.9090909090909, "cnt": 22}, "PSIHOLOGIE": {"medie": 8.175, "reusita": 100.0, "cnt": 2}, "CHIMIE ANORGANICA TEO NIVEL I/II": {"medie": 8.899999999999999, "reusita": 100.0, "cnt": 2}, "SOCIOLOGIE": {"medie": 8.45, "reusita": 100.0, "cnt": 2}, "ECONOMIE": {"medie": 7.675, "reusita": 100.0, "cnt": 2}}, "nume": "COLEGIUL NATIONAL \"EMIL RACOVITA\"\tBucure\u0219ti"}