{"specializari": {"INVATATOR - EDUCATOARE": 24, "STIINTE ALE NATURII": 15, "MATEMATICA-INFORMATICA": 15, "ORGANIZATOR BANQUETING": 1, "TEHNICIAN IN TURISM": 1}, "limba_moderna": {"LIMBA ENGLEZA": 56}, "limba_materna": {"LIMBA MAGHIARA": 56}, "promotie_anterioara": {"DA": 5, "NU": 51}, "materii": {"LIMBA ROMANA": {"medie": 7.21909090909091, "reusita": 94.64285714285714, "cnt": 56}, "MATEMATICA TEHN": {"medie": 5.1, "reusita": 100.0, "cnt": 2}, "GENERAL": {"medie": 7.487045454545454, "reusita": 76.78571428571429, "cnt": 56}, "MATEMATICA MATE-INFO": {"medie": 7.56, "reusita": 86.66666666666667, "cnt": 15}, "ANATOMIE SI FIZIOLOGIE UMANA, GENETICA SI ECOLOGIE UMANA": {"medie": 8.35625, "reusita": 100.0, "cnt": 16}, "GEOGRAFIE": {"medie": 7.54047619047619, "reusita": 100.0, "cnt": 21}, "INFORMATICA MI C/C++": {"medie": 8.410714285714286, "reusita": 92.85714285714286, "cnt": 14}, "LIMBA MAGHIARA (REAL)": {"medie": 7.464062499999998, "reusita": 93.75, "cnt": 32}, "MATEMATICA ST-NAT": {"medie": 6.593333333333334, "reusita": 86.66666666666667, "cnt": 15}, "MATEMATICA PED": {"medie": 6.743750000000001, "reusita": 83.33333333333334, "cnt": 24}, "LIMBA MAGHIARA (UMAN)": {"medie": 7.8812500000000005, "reusita": 100.0, "cnt": 24}, "PSIHOLOGIE": {"medie": 9.2, "reusita": 100.0, "cnt": 5}}, "nume": "COLEGIUL NATIONAL \"BETHLEN GABOR\" AIUD\tAlba"}