{"specializari": {"MATEMATICA-INFORMATICA": 80, "STIINTE ALE NATURII": 25, "FILOLOGIE": 32}, "limba_moderna": {"LIMBA FRANCEZA": 25, "LIMBA ENGLEZA": 112}, "limba_materna": {"LIMBA ROMANA": 137}, "promotie_anterioara": {"DA": 2, "NU": 135}, "materii": {"LIMBA ROMANA": {"medie": 8.12956204379562, "reusita": 99.27007299270073, "cnt": 137}, "BIOLOGIE VEGETALA SI ANIMALA": {"medie": 7.370370370370371, "reusita": 88.88888888888889, "cnt": 27}, "GENERAL": {"medie": 8.205596107055955, "reusita": 95.62043795620438, "cnt": 137}, "MATEMATICA MATE-INFO": {"medie": 7.7112500000000015, "reusita": 93.75, "cnt": 80}, "ANATOMIE SI FIZIOLOGIE UMANA, GENETICA SI ECOLOGIE UMANA": {"medie": 8.903846153846153, "reusita": 100.0, "cnt": 13}, "FIZICA TEO": {"medie": 8.674999999999999, "reusita": 100.0, "cnt": 18}, "GEOGRAFIE": {"medie": 9.26875, "reusita": 100.0, "cnt": 8}, "INFORMATICA MI C/C++": {"medie": 7.997826086956521, "reusita": 100.0, "cnt": 23}, "ISTORIE": {"medie": 8.287500000000001, "reusita": 100.0, "cnt": 32}, "LOGICA, ARGUMENTARE SI COMUNICARE": {"medie": 8.783333333333333, "reusita": 100.0, "cnt": 18}, "MATEMATICA ST-NAT": {"medie": 8.607999999999999, "reusita": 100.0, "cnt": 25}, "PSIHOLOGIE": {"medie": 9.250000000000002, "reusita": 100.0, "cnt": 3}, "CHIMIE ORGANICA TEO NIVEL I/II": {"medie": 9.214583333333332, "reusita": 100.0, "cnt": 24}, "SOCIOLOGIE": {"medie": 9.4, "reusita": 100.0, "cnt": 1}, "ECONOMIE": {"medie": 8.025, "reusita": 100.0, "cnt": 2}}, "nume": "COLEGIUL NATIONAL \"RADU NEGRU\" FAGARAS\tBra\u0219ov"}