{"specializari": {"TEHNICIAN IN ACTIVITATI ECONOMICE": 31, "TEHNICIAN ELECTROMECANIC": 17, "STIINTE ALE NATURII": 2, "TEHNICIAN PRELUCRARI MECANICE": 12, "TEHNICIAN MECATRONIST": 1, "TEHNICIAN OPERATOR TEHNICA DE CALCUL": 1, "TEHNICIAN IN INSTALATII ELECTRICE": 1, "TEHNICIAN PROIECTANT CAD": 2}, "limba_moderna": {"LIMBA ENGLEZA": 65, "LIMBA FRANCEZA": 2}, "limba_materna": {"LIMBA ROMANA": 67}, "promotie_anterioara": {"DA": 14, "NU": 53}, "materii": {"LIMBA ROMANA": {"medie": 5.5204545454545455, "reusita": 68.65671641791045, "cnt": 67}, "MATEMATICA TEHN": {"medie": 5.368253968253968, "reusita": 64.61538461538461, "cnt": 65}, "BIOLOGIE VEGETALA SI ANIMALA": {"medie": 4.435, "reusita": 42.857142857142854, "cnt": 35}, "GENERAL": {"medie": 5.685215053763442, "reusita": 46.26865671641791, "cnt": 67}, "GEOGRAFIE": {"medie": 7.347619047619046, "reusita": 90.47619047619048, "cnt": 21}, "LOGICA, ARGUMENTARE SI COMUNICARE": {"medie": 8.510000000000002, "reusita": 100.0, "cnt": 10}, "MATEMATICA ST-NAT": {"medie": 1.125, "reusita": 0.0, "cnt": 2}, "FIZICA TEH": {"medie": 2.0, "reusita": 0.0, "cnt": 1}}, "nume": "COLEGIUL TEHNIC \"ION D. LAZARESCU\" CUGIR\tAlba"}