{"specializari": {"TEHNICIAN DESENATOR PENTRU CONSTRUCTII SI INSTALATII": 11, "LICEU CU PROGRAM SPORTIV": 25, "TEHNICIAN IN INSTALATII ELECTRICE": 9, "TEHNICIAN PRELUCRARI PE MASINI CU COMANDA NUMERICA": 13, "TEHNICIAN MECANIC PENTRU INTRETINERE SI REPARATII": 1, "TEHNICIAN TRANSPORTURI": 1, "TEHNICIAN MECATRONIST": 17}, "limba_moderna": {"LIMBA ENGLEZA": 74, "LIMBA FRANCEZA": 3}, "limba_materna": {"LIMBA ROMANA": 77}, "promotie_anterioara": {"DA": 31, "NU": 46}, "materii": {"LIMBA ROMANA": {"medie": 5.595999999999999, "reusita": 81.81818181818183, "cnt": 77}, "MATEMATICA TEHN": {"medie": 4.384444444444445, "reusita": 46.15384615384615, "cnt": 52}, "BIOLOGIE VEGETALA SI ANIMALA": {"medie": 3.7918918918918916, "reusita": 23.25581395348837, "cnt": 43}, "GENERAL": {"medie": 5.272222222222223, "reusita": 29.87012987012987, "cnt": 77}, "GEOGRAFIE": {"medie": 7.726315789473683, "reusita": 100.0, "cnt": 19}, "ISTORIE": {"medie": 5.924000000000001, "reusita": 92.0, "cnt": 25}, "LOGICA, ARGUMENTARE SI COMUNICARE": {"medie": 7.5249999999999995, "reusita": 83.33333333333334, "cnt": 6}, "CHIMIE ANORGANICA TEH NIVEL I/II": {"medie": 2.05, "reusita": 0.0, "cnt": 1}, "FIZICA TEH": {"medie": 4.5874999999999995, "reusita": 75.0, "cnt": 8}}, "nume": "COLEGIUL TEHNIC \"ANGHEL SALIGNY\" BAIA MARE\tMaramure\u0219"}