{"specializari": {"ARHITECTURA, ARTE AMBIENTALE SI DESIGN": 70, "MATEMATICA-INFORMATICA": 24, "TEHNICIAN DESENATOR PENTRU CONSTRUCTII SI INSTALATII": 24}, "limba_moderna": {"LIMBA ENGLEZA": 118}, "limba_materna": {"LIMBA ROMANA": 118}, "promotie_anterioara": {"DA": 40, "NU": 78}, "materii": {"LIMBA ROMANA": {"medie": 5.889406779661017, "reusita": 87.28813559322035, "cnt": 118}, "MATEMATICA TEHN": {"medie": 4.681818181818181, "reusita": 50.0, "cnt": 24}, "BIOLOGIE VEGETALA SI ANIMALA": {"medie": 4.815217391304348, "reusita": 51.85185185185185, "cnt": 27}, "GENERAL": {"medie": 5.861969696969697, "reusita": 37.28813559322034, "cnt": 118}, "MATEMATICA MATE-INFO": {"medie": 4.935416666666666, "reusita": 45.83333333333333, "cnt": 24}, "ANATOMIE SI FIZIOLOGIE UMANA, GENETICA SI ECOLOGIE UMANA": {"medie": 7.199999999999999, "reusita": 100.0, "cnt": 8}, "FIZICA TEO": {"medie": 5.5, "reusita": 100.0, "cnt": 2}, "GEOGRAFIE": {"medie": 6.783870967741937, "reusita": 90.625, "cnt": 32}, "INFORMATICA MI C/C++": {"medie": 5.483333333333334, "reusita": 40.0, "cnt": 5}, "ISTORIE": {"medie": 5.469285714285714, "reusita": 72.85714285714285, "cnt": 70}, "FILOSOFIE": {"medie": 5.1, "reusita": 100.0, "cnt": 1}, "LOGICA, ARGUMENTARE SI COMUNICARE": {"medie": 7.119642857142857, "reusita": 75.0, "cnt": 28}, "PSIHOLOGIE": {"medie": 6.757142857142857, "reusita": 100.0, "cnt": 7}, "CHIMIE ORGANICA TEO NIVEL I/II": {"medie": 6.15, "reusita": 100.0, "cnt": 1}, "ECONOMIE": {"medie": 3.7, "reusita": 0.0, "cnt": 2}, "INFORMATICA MI PASCAL": {"medie": 4.725, "reusita": 50.0, "cnt": 4}, "CHIMIE ORGANICA TEH NIVEL I/II": {"medie": 5.7, "reusita": 100.0, "cnt": 1}}, "nume": "COLEGIUL TEHNIC DE ARHITECTURA SI LUCRARI PUBLICE \"IOAN N. SOCOLESCU\"\tBucure\u0219ti"}