{"specializari": {"TEHNICIAN IN INSTALATII ELECTRICE": 1, "TEHNICIAN MECATRONIST": 2, "STIINTE SOCIALE": 2, "TEHNICIAN ELECTRICIAN/ELECTRONIST AUTO": 19, "TEHNICIAN IN AUTOMATIZARI": 17, "FILOLOGIE": 10, "TEHNICIAN DESENATOR PENTRU CONSTRUCTII SI INSTALATII": 3}, "limba_moderna": {"LIMBA ENGLEZA": 51, "LIMBA FRANCEZA": 3}, "limba_materna": {"LIMBA ROMANA": 54}, "promotie_anterioara": {"DA": 12, "NU": 42}, "materii": {"LIMBA ROMANA": {"medie": 5.043023255813952, "reusita": 51.85185185185185, "cnt": 54}, "MATEMATICA TEHN": {"medie": 4.557812500000001, "reusita": 38.095238095238095, "cnt": 42}, "BIOLOGIE VEGETALA SI ANIMALA": {"medie": 4.307812499999999, "reusita": 36.58536585365854, "cnt": 41}, "GENERAL": {"medie": 4.898780487804877, "reusita": 27.77777777777778, "cnt": 54}, "GEOGRAFIE": {"medie": 8.308333333333335, "reusita": 85.71428571428571, "cnt": 7}, "ISTORIE": {"medie": 4.9, "reusita": 58.333333333333336, "cnt": 12}, "LOGICA, ARGUMENTARE SI COMUNICARE": {"medie": 5.183333333333334, "reusita": 50.0, "cnt": 4}, "CHIMIE ANORGANICA TEH NIVEL I/II": {"medie": "-", "reusita": 0.0, "cnt": 1}, "SOCIOLOGIE": {"medie": 6.7, "reusita": 100.0, "cnt": 1}}, "nume": "COLEGIUL TEHNIC \"SAMUIL ISOPESCU\" SUCEAVA\tSuceava"}