{"specializari": {"TEHNICIAN OPERATOR TEHNICA DE CALCUL": 25, "TEHNICIAN ELECTROTEHNIST": 1, "TEHNICIAN MECANIC PENTRU INTRETINERE SI REPARATII": 3, "TEHNICIAN ELECTROMECANIC": 4, "TEHNICIAN IN ACTIVITATI ECONOMICE": 30, "TEHNICIAN DESIGNER VESTIMENTAR": 13, "TEHNICIAN IN CONSTRUCTII SI LUCRARI PUBLICE": 2, "TEHNICIAN PROIECTANT CAD": 3}, "limba_moderna": {"LIMBA ENGLEZA": 72, "LIMBA FRANCEZA": 9}, "limba_materna": {"LIMBA ROMANA": 81}, "promotie_anterioara": {"DA": 20, "NU": 61}, "materii": {"LIMBA ROMANA": {"medie": 5.9275, "reusita": 82.71604938271605, "cnt": 81}, "MATEMATICA TEHN": {"medie": 5.514374999999999, "reusita": 64.19753086419753, "cnt": 81}, "BIOLOGIE VEGETALA SI ANIMALA": {"medie": 5.135714285714284, "reusita": 58.333333333333336, "cnt": 36}, "GENERAL": {"medie": 5.729746835443038, "reusita": 45.67901234567901, "cnt": 81}, "GEOGRAFIE": {"medie": 7.95, "reusita": 100.0, "cnt": 8}, "LOGICA, ARGUMENTARE SI COMUNICARE": {"medie": 5.749999999999999, "reusita": 54.54545454545454, "cnt": 22}, "FIZICA TEH": {"medie": 6.036666666666666, "reusita": 80.0, "cnt": 15}}, "nume": "COLEGIUL TEHNIC \"VICTOR UNGUREANU\" CAMPIA TURZII\tCluj"}