{"specializari": {"MATEMATICA-INFORMATICA": 53, "STIINTE ALE NATURII": 55, "STIINTE SOCIALE": 66}, "limba_moderna": {"LIMBA ENGLEZA": 130, "LIMBA FRANCEZA": 44}, "limba_materna": {"LIMBA ROMANA": 174}, "promotie_anterioara": {"NU": 174}, "materii": {"LIMBA ROMANA": {"medie": 8.754022988505747, "reusita": 100.0, "cnt": 174}, "GENERAL": {"medie": 8.829501915708807, "reusita": 100.0, "cnt": 174}, "MATEMATICA MATE-INFO": {"medie": 8.997169811320756, "reusita": 100.0, "cnt": 53}, "ANATOMIE SI FIZIOLOGIE UMANA, GENETICA SI ECOLOGIE UMANA": {"medie": 8.817777777777776, "reusita": 100.0, "cnt": 45}, "FIZICA TEO": {"medie": 9.183333333333334, "reusita": 100.0, "cnt": 24}, "GEOGRAFIE": {"medie": 8.772727272727273, "reusita": 100.0, "cnt": 11}, "INFORMATICA MI C/C++": {"medie": 9.058333333333334, "reusita": 100.0, "cnt": 18}, "ISTORIE": {"medie": 8.45, "reusita": 100.0, "cnt": 66}, "FILOSOFIE": {"medie": 9.466666666666667, "reusita": 100.0, "cnt": 3}, "LOGICA, ARGUMENTARE SI COMUNICARE": {"medie": 9.571111111111112, "reusita": 100.0, "cnt": 45}, "MATEMATICA ST-NAT": {"medie": 8.530909090909091, "reusita": 100.0, "cnt": 55}, "PSIHOLOGIE": {"medie": 9.1, "reusita": 100.0, "cnt": 1}, "CHIMIE ANORGANICA TEO NIVEL I/II": {"medie": 9.25, "reusita": 100.0, "cnt": 1}, "CHIMIE ORGANICA TEO NIVEL I/II": {"medie": 9.2075, "reusita": 100.0, "cnt": 20}, "ECONOMIE": {"medie": 7.283333333333334, "reusita": 100.0, "cnt": 6}}, "nume": "COLEGIUL NATIONAL \"PETRU RARES\", MUNICIPIUL PIATRA-NEAMT\tNeam\u021b"}