{"specializari": {"TEHNICIAN IN HOTELARIE": 26, "TEHNICIAN IN ACTIVITATI ECONOMICE": 138, "TEHNICIAN IN GASTRONOMIE": 24, "TEHNICIAN IN ACTIVITATI DE COMERT": 24, "TEHNICIAN IN ADMINISTRATIE": 1}, "limba_moderna": {"LIMBA ENGLEZA": 194, "LIMBA FRANCEZA": 19}, "limba_materna": {"LIMBA ROMANA": 213}, "promotie_anterioara": {"DA": 7, "NU": 206}, "materii": {"LIMBA ROMANA": {"medie": 7.302122641509429, "reusita": 96.71361502347418, "cnt": 213}, "MATEMATICA TEHN": {"medie": 7.143867924528304, "reusita": 91.54929577464789, "cnt": 213}, "GENERAL": {"medie": 7.532148499210107, "reusita": 82.62910798122066, "cnt": 213}, "GEOGRAFIE": {"medie": 8.25388349514563, "reusita": 98.05825242718447, "cnt": 103}, "LOGICA, ARGUMENTARE SI COMUNICARE": {"medie": 7.927981651376143, "reusita": 90.82568807339449, "cnt": 109}, "PSIHOLOGIE": {"medie": 6.8, "reusita": 100.0, "cnt": 1}}, "nume": "COLEGIUL ECONOMIC \"NICOLAE TITULESCU\" BAIA MARE\tMaramure\u0219"}