{"specializari": {"MATEMATICA-INFORMATICA": 3, "TEHNICIAN ELECTRONIST": 2, "TEHNICIAN IN AUTOMATIZARI": 16, "TEHNICIAN MECATRONIST": 12, "LICEU CU PROGRAM SPORTIV": 17, "FILOLOGIE": 1, "TEHNICIAN OPERATOR TEHNICA DE CALCUL": 6}, "limba_moderna": {"LIMBA ENGLEZA": 55, "LIMBA FRANCEZA": 2}, "limba_materna": {"LIMBA ROMANA": 57}, "promotie_anterioara": {"DA": 25, "NU": 32}, "materii": {"LIMBA ROMANA": {"medie": 5.272641509433963, "reusita": 63.1578947368421, "cnt": 57}, "MATEMATICA TEHN": {"medie": 4.553225806451613, "reusita": 52.77777777777778, "cnt": 36}, "BIOLOGIE VEGETALA SI ANIMALA": {"medie": 4.636363636363635, "reusita": 40.54054054054054, "cnt": 37}, "GENERAL": {"medie": 4.980718954248366, "reusita": 31.57894736842105, "cnt": 57}, "MATEMATICA MATE-INFO": {"medie": 1.05, "reusita": 0.0, "cnt": 3}, "GEOGRAFIE": {"medie": 5.908333333333333, "reusita": 72.22222222222221, "cnt": 18}, "ISTORIE": {"medie": 4.852777777777778, "reusita": 50.0, "cnt": 18}, "FIZICA TEH": {"medie": 5.55, "reusita": 100.0, "cnt": 2}}, "nume": "COLEGIUL TEHNIC \"EDMOND NICOLAU\"\tBucure\u0219ti"}