{"specializari": {"MATEMATICA-INFORMATICA": 34, "STIINTE SOCIALE": 33, "STIINTE ALE NATURII": 51, "FILOLOGIE": 30}, "limba_moderna": {"LIMBA GERMANA MODERNA": 4, "LIMBA FRANCEZA": 16, "LIMBA ENGLEZA": 128}, "limba_materna": {"LIMBA ROMANA": 132, "LIMBA MAGHIARA": 16}, "promotie_anterioara": {"NU": 145, "DA": 3}, "materii": {"LIMBA ROMANA": {"medie": 8.463851351351353, "reusita": 100.0, "cnt": 148}, "BIOLOGIE VEGETALA SI ANIMALA": {"medie": 8.0, "reusita": 100.0, "cnt": 1}, "GENERAL": {"medie": 8.456278153153152, "reusita": 94.5945945945946, "cnt": 148}, "MATEMATICA MATE-INFO": {"medie": 8.494117647058822, "reusita": 100.0, "cnt": 34}, "ANATOMIE SI FIZIOLOGIE UMANA, GENETICA SI ECOLOGIE UMANA": {"medie": 8.631632653061224, "reusita": 100.0, "cnt": 49}, "FIZICA TEO": {"medie": 9.55, "reusita": 100.0, "cnt": 16}, "GEOGRAFIE": {"medie": 9.072972972972975, "reusita": 100.0, "cnt": 37}, "INFORMATICA MI C/C++": {"medie": 7.4625, "reusita": 100.0, "cnt": 4}, "ISTORIE": {"medie": 8.27857142857143, "reusita": 100.0, "cnt": 63}, "LIMBA MAGHIARA (REAL)": {"medie": 7.934375000000001, "reusita": 100.0, "cnt": 16}, "LOGICA, ARGUMENTARE SI COMUNICARE": {"medie": 9.228947368421052, "reusita": 100.0, "cnt": 19}, "MATEMATICA ST-NAT": {"medie": 7.180392156862744, "reusita": 86.27450980392157, "cnt": 51}, "PSIHOLOGIE": {"medie": 9.025, "reusita": 100.0, "cnt": 4}, "CHIMIE ANORGANICA TEO NIVEL I/II": {"medie": 9.35, "reusita": 100.0, "cnt": 1}, "CHIMIE ORGANICA TEO NIVEL I/II": {"medie": 8.14642857142857, "reusita": 100.0, "cnt": 14}, "SOCIOLOGIE": {"medie": 9.033333333333333, "reusita": 100.0, "cnt": 3}}, "nume": "COLEGIUL NATIONAL \"ANDREI MURESANU\" DEJ\tCluj"}