{"specializari": {"INVATATOR - EDUCATOARE": 88, "EDUCATOR-PUERICULTOR": 28, "TEOLOGIE ROMANO-CATOLICA": 27}, "limba_moderna": {"LIMBA ENGLEZA": 112, "LIMBA FRANCEZA": 31}, "limba_materna": {"LIMBA ROMANA": 143}, "promotie_anterioara": {"NU": 143}, "materii": {"LIMBA ROMANA": {"medie": 8.297552447552446, "reusita": 99.3006993006993, "cnt": 143}, "GENERAL": {"medie": 8.403613053613057, "reusita": 94.4055944055944, "cnt": 143}, "GEOGRAFIE": {"medie": 8.705392156862741, "reusita": 99.01960784313727, "cnt": 102}, "ISTORIE": {"medie": 7.375454545454547, "reusita": 98.18181818181819, "cnt": 55}, "LOGICA, ARGUMENTARE SI COMUNICARE": {"medie": 9.007317073170732, "reusita": 100.0, "cnt": 41}, "MATEMATICA PED": {"medie": 8.587500000000004, "reusita": 98.86363636363636, "cnt": 88}}, "nume": "COLEGIUL PEDAGOGIC \"VASILE LUPU\", IASI\tIa\u0219i"}