{"specializari": {"TEHNICIAN IN INSTALATII ELECTRICE": 1, "LICEU CU PROGRAM SPORTIV": 32, "TEHNICIAN ELECTROMECANIC": 5, "TEHNICIAN ELECTROTEHNIST": 2, "TEHNICIAN MECANIC PENTRU INTRETINERE SI REPARATII": 1, "INVATATOR - EDUCATOARE": 1, "TEHNICIAN PROIECTANT CAD": 2, "INSTRUCTOR PENTRU ACTIVITATI EXTRASCOLARE": 1}, "limba_moderna": {"LIMBA ENGLEZA": 40, "LIMBA FRANCEZA": 5}, "limba_materna": {"LIMBA ROMANA": 45}, "promotie_anterioara": {"DA": 21, "NU": 24}, "materii": {"LIMBA ROMANA": {"medie": 5.813095238095238, "reusita": 88.88888888888889, "cnt": 45}, "MATEMATICA TEHN": {"medie": 3.894444444444444, "reusita": 36.36363636363637, "cnt": 11}, "BIOLOGIE VEGETALA SI ANIMALA": {"medie": 4.692857142857142, "reusita": 37.5, "cnt": 8}, "GENERAL": {"medie": 6.031707317073172, "reusita": 51.11111111111111, "cnt": 45}, "GEOGRAFIE": {"medie": 7.7875, "reusita": 90.47619047619048, "cnt": 21}, "ISTORIE": {"medie": 6.108064516129033, "reusita": 84.84848484848484, "cnt": 33}, "LOGICA, ARGUMENTARE SI COMUNICARE": {"medie": 6.445833333333333, "reusita": 69.23076923076923, "cnt": 13}, "MATEMATICA PED": {"medie": 5.0, "reusita": 100.0, "cnt": 1}, "CHIMIE ANORGANICA TEH NIVEL I/II": {"medie": 3.35, "reusita": 50.0, "cnt": 2}, "FIZICA TEH": {"medie": 5.0, "reusita": 100.0, "cnt": 1}}, "nume": "COLEGIUL TEHNIC \"AUREL VLAICU\" BAIA MARE\tMaramure\u0219"}