{"specializari": {"TEHNICIAN ELECTROMECANIC": 15, "TEHNICIAN TRANSPORTURI": 3, "TEHNICIAN DESIGNER VESTIMENTAR": 1, "COAFOR STILIST": 12, "TEHNICIAN MECANIC PENTRU INTRETINERE SI REPARATII": 8, "TEHNICIAN INSTALATOR PENTRU CONSTRUCTII": 6, "TEHNICIAN PRELUCRARI MECANICE": 2, "TEHNICIAN DE TELECOMUNICATII": 1, "TEHNICIAN IN CONSTRUCTII SI LUCRARI PUBLICE": 2, "TEHNICIAN IN INSTALATII ELECTRICE": 3, "TEHNICIAN MECATRONIST": 2, "TEHNICIAN OPERATOR TEHNICA DE CALCUL": 1, "TEHNICIAN ELECTROTEHNIST": 1}, "limba_moderna": {"LIMBA ENGLEZA": 46, "LIMBA FRANCEZA": 9, "LIMBA GERMANA MODERNA": 2}, "limba_materna": {"LIMBA ROMANA": 57}, "promotie_anterioara": {"DA": 29, "NU": 28}, "materii": {"LIMBA ROMANA": {"medie": 5.301063829787233, "reusita": 56.14035087719298, "cnt": 57}, "MATEMATICA TEHN": {"medie": 4.091111111111111, "reusita": 38.59649122807017, "cnt": 57}, "BIOLOGIE VEGETALA SI ANIMALA": {"medie": 4.185416666666668, "reusita": 40.625, "cnt": 32}, "GENERAL": {"medie": 4.605681818181818, "reusita": 12.280701754385964, "cnt": 57}, "GEOGRAFIE": {"medie": 6.485000000000001, "reusita": 66.66666666666666, "cnt": 12}, "CHIMIE ANORGANICA TEH NIVEL I/II": {"medie": 3.725, "reusita": 50.0, "cnt": 2}, "FIZICA TEH": {"medie": 2.8312500000000003, "reusita": 10.0, "cnt": 10}, "CHIMIE ORGANICA TEH NIVEL I/II": {"medie": 2.1, "reusita": 0.0, "cnt": 1}}, "nume": "COLEGIUL TEHNIC RESITA\tCara\u0219-Severin"}