{"specializari": {"TEHNICIAN PROIECTANT CAD": 20, "TEHNICIAN IN ADMINISTRATIE": 3, "STIINTE ALE NATURII": 31, "TEHNICIAN PRELUCRARI MECANICE": 4, "TEHNICIAN IN ACTIVITATI ECONOMICE": 30, "TEHNICIAN OPERATOR TEHNICA DE CALCUL": 28, "TEHNICIAN IN INSTALATII ELECTRICE": 19, "TEHNICIAN DESIGNER MOBILA SI AMENAJARI INTERIOARE": 11, "TEHNICIAN ELECTRICIAN/ELECTRONIST AUTO": 5, "TEHNICIAN TRANSPORTURI": 4, "MATEMATICA-INFORMATICA": 1, "TEHNICIAN IN ACHIZITII SI CONTRACTARI": 1}, "limba_moderna": {"LIMBA ENGLEZA": 118, "LIMBA FRANCEZA": 39}, "limba_materna": {"LIMBA ROMANA": 157}, "promotie_anterioara": {"DA": 29, "NU": 128}, "materii": {"LIMBA ROMANA": {"medie": 7.042948717948721, "reusita": 97.45222929936305, "cnt": 157}, "MATEMATICA TEHN": {"medie": 5.8602459016393444, "reusita": 75.2, "cnt": 125}, "BIOLOGIE VEGETALA SI ANIMALA": {"medie": 5.422142857142856, "reusita": 59.72222222222222, "cnt": 72}, "GENERAL": {"medie": 6.454333333333332, "reusita": 56.05095541401274, "cnt": 157}, "MATEMATICA MATE-INFO": {"medie": "-", "reusita": 0.0, "cnt": 1}, "ANATOMIE SI FIZIOLOGIE UMANA, GENETICA SI ECOLOGIE UMANA": {"medie": 6.75, "reusita": 91.30434782608695, "cnt": 23}, "GEOGRAFIE": {"medie": 8.561904761904762, "reusita": 95.45454545454545, "cnt": 22}, "LOGICA, ARGUMENTARE SI COMUNICARE": {"medie": 8.258333333333331, "reusita": 100.0, "cnt": 12}, "MATEMATICA ST-NAT": {"medie": 5.613333333333333, "reusita": 74.19354838709677, "cnt": 31}, "CHIMIE ANORGANICA TEH NIVEL I/II": {"medie": 6.066666666666666, "reusita": 77.77777777777779, "cnt": 18}, "FIZICA TEH": {"medie": 5.925000000000001, "reusita": 50.0, "cnt": 2}, "CHIMIE ANORGANICA TEO NIVEL I/II": {"medie": 6.93125, "reusita": 100.0, "cnt": 8}}, "nume": "COLEGIUL TEHNIC DE CAI FERATE \"UNIREA\", PASCANI\tIa\u0219i"}