{"specializari": {"MATEMATICA-INFORMATICA": 90, "FILOLOGIE": 30, "STIINTE ALE NATURII": 27, "STIINTE SOCIALE": 30}, "limba_moderna": {"LIMBA ENGLEZA": 168, "LIMBA FRANCEZA": 9}, "limba_materna": {"LIMBA ROMANA": 177}, "promotie_anterioara": {"DA": 5, "NU": 172}, "materii": {"LIMBA ROMANA": {"medie": 8.514204545454543, "reusita": 99.43502824858757, "cnt": 177}, "GENERAL": {"medie": 8.644285714285717, "reusita": 95.48022598870057, "cnt": 177}, "MATEMATICA MATE-INFO": {"medie": 8.337078651685392, "reusita": 95.55555555555556, "cnt": 90}, "ANATOMIE SI FIZIOLOGIE UMANA, GENETICA SI ECOLOGIE UMANA": {"medie": 8.707692307692307, "reusita": 100.0, "cnt": 65}, "FIZICA TEO": {"medie": 9.532692307692308, "reusita": 100.0, "cnt": 26}, "GEOGRAFIE": {"medie": 9.107317073170732, "reusita": 97.61904761904762, "cnt": 42}, "INFORMATICA MI C/C++": {"medie": 9.241666666666669, "reusita": 100.0, "cnt": 24}, "ISTORIE": {"medie": 8.4271186440678, "reusita": 96.66666666666667, "cnt": 60}, "FILOSOFIE": {"medie": 10.0, "reusita": 100.0, "cnt": 1}, "LOGICA, ARGUMENTARE SI COMUNICARE": {"medie": 9.608333333333333, "reusita": 100.0, "cnt": 12}, "MATEMATICA ST-NAT": {"medie": 7.940740740740742, "reusita": 96.29629629629629, "cnt": 27}, "PSIHOLOGIE": {"medie": 9.85, "reusita": 100.0, "cnt": 2}, "CHIMIE ORGANICA TEO NIVEL I/II": {"medie": 7.95, "reusita": 100.0, "cnt": 1}, "INFORMATICA SN C/C++": {"medie": 9.2, "reusita": 100.0, "cnt": 1}, "ECONOMIE": {"medie": 9.200000000000001, "reusita": 100.0, "cnt": 3}}, "nume": "COLEGIUL NATIONAL \"SPIRU HARET\", LOCALITATEA TECUCI\tGala\u021bi"}