{"specializari": {"TEHNICIAN ECOLOG SI PROTECTIA CALITATII MEDIULUI": 22, "TEHNICIAN PROIECTANT CAD": 17, "TEHNICIAN ANALIZE PRODUSE ALIMENTARE": 27, "TEHNICIAN IN INDUSTRIA ALIMENTARA": 25, "TEHNICIAN HORTICULTOR": 25, "TEHNICIAN IN ACTIVITATI ECONOMICE": 28, "TEHNICIAN IN AGRICULTURA": 19, "TEHNICIAN MECANIC PENTRU INTRETINERE SI REPARATII": 15}, "limba_moderna": {"LIMBA ENGLEZA": 159, "LIMBA FRANCEZA": 19}, "limba_materna": {"LIMBA ROMANA": 178}, "promotie_anterioara": {"NU": 155, "DA": 23}, "materii": {"LIMBA ROMANA": {"medie": 5.445779220779222, "reusita": 63.48314606741573, "cnt": 178}, "MATEMATICA TEHN": {"medie": 4.830536912751677, "reusita": 49.43820224719101, "cnt": 178}, "BIOLOGIE VEGETALA SI ANIMALA": {"medie": 3.9904761904761896, "reusita": 37.03703703703704, "cnt": 27}, "GENERAL": {"medie": 5.2306487695749455, "reusita": 27.52808988764045, "cnt": 178}, "ANATOMIE SI FIZIOLOGIE UMANA, GENETICA SI ECOLOGIE UMANA": {"medie": 5.174000000000001, "reusita": 50.43478260869565, "cnt": 115}, "GEOGRAFIE": {"medie": 7.030000000000001, "reusita": 100.0, "cnt": 10}, "LOGICA, ARGUMENTARE SI COMUNICARE": {"medie": 7.5058823529411764, "reusita": 88.88888888888889, "cnt": 18}, "CHIMIE ANORGANICA TEH NIVEL I/II": {"medie": 4.79, "reusita": 37.5, "cnt": 8}}, "nume": "COLEGIUL AGRICOL \"DIMITRIE CANTEMIR\", MUN. HUSI\tVaslui"}