{"specializari": {"TEHNICIAN VETERINAR": 11, "TEHNICIAN IN GASTRONOMIE": 20, "TEHNICIAN ANALIZE PRODUSE ALIMENTARE": 22, "TEHNICIAN IN INDUSTRIA ALIMENTARA": 21, "TEHNICIAN TRANSPORTURI": 12, "TEHNICIAN ECOLOG SI PROTECTIA CALITATII MEDIULUI": 5, "TEHNICIAN ELECTROMECANIC": 2, "TEHNICIAN MECATRONIST": 3, "TEHNICIAN MECANIC PENTRU INTRETINERE SI REPARATII": 6, "STIINTE SOCIALE": 31, "TEHNICIAN DESENATOR PENTRU CONSTRUCTII SI INSTALATII": 1, "TEHNICIAN AGROMONTAN": 1}, "limba_moderna": {"LIMBA ENGLEZA": 108, "LIMBA FRANCEZA": 27}, "limba_materna": {"LIMBA ROMANA": 135}, "promotie_anterioara": {"DA": 44, "NU": 91}, "materii": {"LIMBA ROMANA": {"medie": 5.743359374999998, "reusita": 75.55555555555556, "cnt": 135}, "MATEMATICA TEHN": {"medie": 4.168279569892474, "reusita": 42.30769230769231, "cnt": 104}, "BIOLOGIE VEGETALA SI ANIMALA": {"medie": 4.224545454545454, "reusita": 39.34426229508197, "cnt": 61}, "GENERAL": {"medie": 5.484986225895315, "reusita": 38.51851851851852, "cnt": 135}, "ANATOMIE SI FIZIOLOGIE UMANA, GENETICA SI ECOLOGIE UMANA": {"medie": 5.896428571428572, "reusita": 71.42857142857143, "cnt": 14}, "GEOGRAFIE": {"medie": 7.820930232558136, "reusita": 88.63636363636364, "cnt": 44}, "ISTORIE": {"medie": 6.130645161290324, "reusita": 96.7741935483871, "cnt": 31}, "LOGICA, ARGUMENTARE SI COMUNICARE": {"medie": 7.987500000000001, "reusita": 100.0, "cnt": 4}, "CHIMIE ANORGANICA TEH NIVEL I/II": {"medie": 3.9, "reusita": 0.0, "cnt": 3}, "PSIHOLOGIE": {"medie": 6.9, "reusita": 100.0, "cnt": 1}, "FIZICA TEH": {"medie": 5.35, "reusita": 50.0, "cnt": 4}, "SOCIOLOGIE": {"medie": 8.35, "reusita": 100.0, "cnt": 2}, "CHIMIE ORGANICA TEH NIVEL I/II": {"medie": 4.15, "reusita": 50.0, "cnt": 2}}, "nume": "COLEGIUL TEHNIC \"VALERIU D. COTEA\" FOCSANI\tVrancea"}