{"specializari": {"TEHNICIAN ANALIZE PRODUSE ALIMENTARE": 54, "TEHNICIAN IN INDUSTRIA ALIMENTARA": 9, "TEHNICIAN ELECTROMECANIC": 9}, "limba_moderna": {"LIMBA ENGLEZA": 70, "LIMBA FRANCEZA": 2}, "limba_materna": {"LIMBA ROMANA": 72}, "promotie_anterioara": {"DA": 62, "NU": 10}, "materii": {"LIMBA ROMANA": {"medie": 5.404411764705883, "reusita": 76.38888888888889, "cnt": 72}, "MATEMATICA TEHN": {"medie": 4.6275, "reusita": 44.44444444444444, "cnt": 72}, "BIOLOGIE VEGETALA SI ANIMALA": {"medie": 4.467499999999999, "reusita": 37.03703703703704, "cnt": 27}, "GENERAL": {"medie": 4.930116959064329, "reusita": 12.5, "cnt": 72}, "ANATOMIE SI FIZIOLOGIE UMANA, GENETICA SI ECOLOGIE UMANA": {"medie": 4.87560975609756, "reusita": 51.162790697674424, "cnt": 43}, "FIZICA TEH": {"medie": 2.1, "reusita": 0.0, "cnt": 2}}, "nume": "COLEGIUL TEHNIC DE INDUSTRIE ALIMENTARA \"DUMITRU MOTOC\"\tBucure\u0219ti"}