{"specializari": {"MATEMATICA-INFORMATICA": 33}, "limba_moderna": {"LIMBA ENGLEZA": 33}, "limba_materna": {"LIMBA ROMANA": 33}, "promotie_anterioara": {"NU": 33}, "materii": {"LIMBA ROMANA": {"medie": 7.862121212121211, "reusita": 100.0, "cnt": 33}, "BIOLOGIE VEGETALA SI ANIMALA": {"medie": 7.765625, "reusita": 93.75, "cnt": 16}, "GENERAL": {"medie": 7.912121212121213, "reusita": 96.96969696969697, "cnt": 33}, "MATEMATICA MATE-INFO": {"medie": 7.8651515151515135, "reusita": 100.0, "cnt": 33}, "FIZICA TEO": {"medie": 8.715000000000002, "reusita": 100.0, "cnt": 10}, "INFORMATICA MI C/C++": {"medie": 7.557142857142858, "reusita": 100.0, "cnt": 7}}, "nume": "COLEGIUL NATIONAL MILITAR \"ALEXANDRU IOAN CUZA\" CONSTANTA\tConstan\u021ba"}