{"specializari": {"STIINTE ALE NATURII": 66, "MATEMATICA-INFORMATICA": 66, "FILOLOGIE": 147}, "limba_moderna": {"LIMBA ENGLEZA": 220, "LIMBA FRANCEZA": 27, "LIMBA SPANIOLA": 14, "LIMBA GERMANA MODERNA": 18}, "limba_materna": {"LIMBA ROMANA": 279}, "promotie_anterioara": {"NU": 277, "DA": 2}, "materii": {"LIMBA ROMANA": {"medie": 8.194265232974912, "reusita": 99.2831541218638, "cnt": 279}, "BIOLOGIE VEGETALA SI ANIMALA": {"medie": 5.3, "reusita": 100.0, "cnt": 1}, "GENERAL": {"medie": 8.49599761051374, "reusita": 95.6989247311828, "cnt": 279}, "MATEMATICA MATE-INFO": {"medie": 8.596969696969696, "reusita": 100.0, "cnt": 66}, "ANATOMIE SI FIZIOLOGIE UMANA, GENETICA SI ECOLOGIE UMANA": {"medie": 9.097435897435897, "reusita": 100.0, "cnt": 78}, "FIZICA TEO": {"medie": 8.821428571428571, "reusita": 100.0, "cnt": 14}, "GEOGRAFIE": {"medie": 9.295833333333333, "reusita": 100.0, "cnt": 12}, "INFORMATICA MI C/C++": {"medie": 9.069444444444445, "reusita": 100.0, "cnt": 36}, "ISTORIE": {"medie": 8.08707482993197, "reusita": 97.95918367346938, "cnt": 147}, "LOGICA, ARGUMENTARE SI COMUNICARE": {"medie": 9.153629032258063, "reusita": 99.19354838709677, "cnt": 124}, "MATEMATICA ST-NAT": {"medie": 8.143939393939398, "reusita": 98.48484848484848, "cnt": 66}, "PSIHOLOGIE": {"medie": 7.55, "reusita": 75.0, "cnt": 4}, "CHIMIE ORGANICA TEO NIVEL I/II": {"medie": 9.266666666666666, "reusita": 100.0, "cnt": 3}, "SOCIOLOGIE": {"medie": 9.775, "reusita": 100.0, "cnt": 2}, "ECONOMIE": {"medie": 8.44, "reusita": 100.0, "cnt": 5}}, "nume": "COLEGIUL NATIONAL \"ELENA CUZA\" CRAIOVA\tDolj"}