{"specializari": {"COAFOR STILIST": 27, "STIINTE SOCIALE": 85, "TEHNICIAN IN ACTIVITATI ECONOMICE": 32, "TEHNICIAN DE TELECOMUNICATII": 22, "TEHNICIAN OPERATOR TEHNICA DE CALCUL": 25, "TEHNICIAN ELECTRICIAN/ELECTRONIST AUTO": 2, "MATEMATICA-INFORMATICA": 4, "ORGANIZATOR BANQUETING": 28, "TEHNICIAN INSTALATII DE BORD (AVION)": 22}, "limba_moderna": {"LIMBA ENGLEZA": 240, "LIMBA FRANCEZA": 7}, "limba_materna": {"LIMBA ROMANA": 247}, "promotie_anterioara": {"DA": 42, "NU": 205}, "materii": {"LIMBA ROMANA": {"medie": 7.098163265306122, "reusita": 95.54655870445345, "cnt": 247}, "MATEMATICA TEHN": {"medie": 7.682484076433122, "reusita": 97.46835443037975, "cnt": 158}, "BIOLOGIE VEGETALA SI ANIMALA": {"medie": 6.636904761904762, "reusita": 86.04651162790698, "cnt": 43}, "GENERAL": {"medie": 7.431420765027319, "reusita": 84.21052631578947, "cnt": 247}, "MATEMATICA MATE-INFO": {"medie": 2.6166666666666667, "reusita": 25.0, "cnt": 4}, "ANATOMIE SI FIZIOLOGIE UMANA, GENETICA SI ECOLOGIE UMANA": {"medie": 6.75, "reusita": 100.0, "cnt": 1}, "GEOGRAFIE": {"medie": 8.579310344827585, "reusita": 100.0, "cnt": 145}, "ISTORIE": {"medie": 6.569642857142856, "reusita": 91.76470588235294, "cnt": 85}, "LOGICA, ARGUMENTARE SI COMUNICARE": {"medie": 7.418421052631579, "reusita": 89.47368421052632, "cnt": 19}, "CHIMIE ANORGANICA TEH NIVEL I/II": {"medie": 7.092857142857143, "reusita": 100.0, "cnt": 7}, "PSIHOLOGIE": {"medie": 6.8, "reusita": 100.0, "cnt": 1}, "FIZICA TEH": {"medie": 7.452083333333335, "reusita": 91.66666666666666, "cnt": 24}, "SOCIOLOGIE": {"medie": 6.7, "reusita": 100.0, "cnt": 6}, "ECONOMIE": {"medie": 6.9, "reusita": 100.0, "cnt": 1}}, "nume": "COLEGIUL N.V. KARPEN\" BACAU\tBac\u0103u"}