{"specializari": {"TEHNICIAN IN ACTIVITATI ECONOMICE": 22, "TEHNICIAN IN HOTELARIE": 1, "TEHNICIAN IN INDUSTRIA ALIMENTARA": 4, "TEHNICIAN IN ACTIVITATI DE COMERT": 20, "TEHNICIAN IN TURISM": 20, "ORGANIZATOR BANQUETING": 1, "TEHNICIAN IN GASTRONOMIE": 2}, "limba_moderna": {"LIMBA ENGLEZA": 70}, "limba_materna": {"LIMBA ROMANA": 70}, "promotie_anterioara": {"DA": 15, "NU": 55}, "materii": {"LIMBA ROMANA": {"medie": 5.654411764705882, "reusita": 75.71428571428571, "cnt": 70}, "MATEMATICA TEHN": {"medie": 5.308333333333335, "reusita": 57.14285714285714, "cnt": 70}, "BIOLOGIE VEGETALA SI ANIMALA": {"medie": 7.05, "reusita": 100.0, "cnt": 1}, "GENERAL": {"medie": 6.042171717171719, "reusita": 42.857142857142854, "cnt": 70}, "ANATOMIE SI FIZIOLOGIE UMANA, GENETICA SI ECOLOGIE UMANA": {"medie": 6.066666666666666, "reusita": 100.0, "cnt": 3}, "GEOGRAFIE": {"medie": 7.395192307692308, "reusita": 92.5925925925926, "cnt": 54}, "PSIHOLOGIE": {"medie": 4.67, "reusita": 60.0, "cnt": 5}, "ECONOMIE": {"medie": 6.707142857142857, "reusita": 100.0, "cnt": 7}}, "nume": "COLEGIUL ECONOMIC AL BANATULUI MONTAN RESITA\tCara\u0219-Severin"}