{"specializari": {"STIINTE SOCIALE": 12, "TEHNICIAN IN INDUSTRIA ALIMENTARA": 9, "TEHNICIAN OPERATOR TEHNICA DE CALCUL": 34, "TEHNICIAN DE TELECOMUNICATII": 15, "TEHNICIAN ECOLOG SI PROTECTIA CALITATII MEDIULUI": 31, "TEHNICIAN ANALIZE PRODUSE ALIMENTARE": 45, "TEHNICIAN CHIMIST DE LABORATOR": 7, "TEHNICIAN IN CHIMIE INDUSTRIALA": 1, "TEHNICIAN DESENATOR PENTRU CONSTRUCTII SI INSTALATII": 1, "TEHNICIAN DESIGNER VESTIMENTAR": 1}, "limba_moderna": {"LIMBA ENGLEZA": 140, "LIMBA FRANCEZA": 16}, "limba_materna": {"LIMBA ROMANA": 156}, "promotie_anterioara": {"DA": 43, "NU": 113}, "materii": {"LIMBA ROMANA": {"medie": 5.800333333333332, "reusita": 79.48717948717949, "cnt": 156}, "MATEMATICA TEHN": {"medie": 4.875954198473282, "reusita": 53.47222222222222, "cnt": 144}, "BIOLOGIE VEGETALA SI ANIMALA": {"medie": 4.85125, "reusita": 52.27272727272727, "cnt": 44}, "GENERAL": {"medie": 5.328057553956838, "reusita": 30.76923076923077, "cnt": 156}, "ANATOMIE SI FIZIOLOGIE UMANA, GENETICA SI ECOLOGIE UMANA": {"medie": 5.297999999999999, "reusita": 54.87804878048781, "cnt": 82}, "GEOGRAFIE": {"medie": 6.557142857142858, "reusita": 85.71428571428571, "cnt": 7}, "ISTORIE": {"medie": 5.220833333333334, "reusita": 50.0, "cnt": 12}, "LOGICA, ARGUMENTARE SI COMUNICARE": {"medie": 5.875, "reusita": 50.0, "cnt": 4}, "CHIMIE ANORGANICA TEH NIVEL I/II": {"medie": 3.0, "reusita": 0.0, "cnt": 1}, "PSIHOLOGIE": {"medie": 6.0, "reusita": 100.0, "cnt": 1}, "FIZICA TEH": {"medie": 5.488235294117647, "reusita": 82.35294117647058, "cnt": 17}}, "nume": "COLEGIUL TEHNIC \"GHEORGHE CARTIANU\", MUNICIPIUL PIATRA-NEAMT\tNeam\u021b"}