{"specializari": {"STIINTE ALE NATURII": 58, "FILOLOGIE": 26, "MATEMATICA-INFORMATICA": 32}, "limba_moderna": {"LIMBA ENGLEZA": 100, "LIMBA SPANIOLA": 16}, "limba_materna": {"LIMBA GERMANA": 116}, "promotie_anterioara": {"NU": 116}, "materii": {"LIMBA ROMANA": {"medie": 8.946551724137931, "reusita": 100.0, "cnt": 116}, "BIOLOGIE VEGETALA SI ANIMALA": {"medie": 9.213461538461537, "reusita": 100.0, "cnt": 26}, "GENERAL": {"medie": 8.966702586206894, "reusita": 99.13793103448276, "cnt": 116}, "MATEMATICA MATE-INFO": {"medie": 9.215625, "reusita": 100.0, "cnt": 32}, "ANATOMIE SI FIZIOLOGIE UMANA, GENETICA SI ECOLOGIE UMANA": {"medie": 9.702173913043477, "reusita": 100.0, "cnt": 23}, "FIZICA TEO": {"medie": 8.91, "reusita": 93.33333333333333, "cnt": 15}, "GEOGRAFIE": {"medie": 10.0, "reusita": 100.0, "cnt": 1}, "INFORMATICA MI C/C++": {"medie": 9.621052631578946, "reusita": 100.0, "cnt": 19}, "ISTORIE": {"medie": 8.609615384615385, "reusita": 100.0, "cnt": 26}, "LOGICA, ARGUMENTARE SI COMUNICARE": {"medie": 9.308, "reusita": 100.0, "cnt": 25}, "MATEMATICA ST-NAT": {"medie": 8.61637931034483, "reusita": 100.0, "cnt": 58}, "CHIMIE ORGANICA TEO NIVEL I/II": {"medie": 9.15, "reusita": 100.0, "cnt": 1}, "INFORMATICA SN C/C++": {"medie": 9.525, "reusita": 100.0, "cnt": 6}, "LIMBA GERMANA": {"medie": 8.75948275862069, "reusita": 100.0, "cnt": 116}}, "nume": "COLEGIUL NATIONAL \"SAMUEL VON BRUKENTHAL\" SIBIU\tSibiu"}