{"specializari": {"STIINTE SOCIALE": 63, "MATEMATICA-INFORMATICA": 56, "STIINTE ALE NATURII": 54, "FILOLOGIE": 31}, "limba_moderna": {"LIMBA ENGLEZA": 180, "LIMBA FRANCEZA": 24}, "limba_materna": {"LIMBA ROMANA": 204}, "promotie_anterioara": {"DA": 1, "NU": 203}, "materii": {"LIMBA ROMANA": {"medie": 8.406372549019606, "reusita": 100.0, "cnt": 204}, "BIOLOGIE VEGETALA SI ANIMALA": {"medie": 8.8, "reusita": 100.0, "cnt": 1}, "GENERAL": {"medie": 8.602205882352946, "reusita": 98.0392156862745, "cnt": 204}, "MATEMATICA MATE-INFO": {"medie": 8.233928571428567, "reusita": 100.0, "cnt": 56}, "ANATOMIE SI FIZIOLOGIE UMANA, GENETICA SI ECOLOGIE UMANA": {"medie": 8.665178571428571, "reusita": 100.0, "cnt": 56}, "FIZICA TEO": {"medie": 9.071875, "reusita": 100.0, "cnt": 32}, "GEOGRAFIE": {"medie": 9.801923076923076, "reusita": 100.0, "cnt": 26}, "INFORMATICA MI C/C++": {"medie": 8.468181818181817, "reusita": 100.0, "cnt": 11}, "ISTORIE": {"medie": 8.563297872340424, "reusita": 100.0, "cnt": 94}, "FILOSOFIE": {"medie": 8.0, "reusita": 100.0, "cnt": 1}, "LOGICA, ARGUMENTARE SI COMUNICARE": {"medie": 8.64245283018868, "reusita": 96.22641509433963, "cnt": 53}, "MATEMATICA ST-NAT": {"medie": 8.560185185185185, "reusita": 98.14814814814815, "cnt": 54}, "PSIHOLOGIE": {"medie": 8.383333333333333, "reusita": 100.0, "cnt": 6}, "CHIMIE ANORGANICA TEO NIVEL I/II": {"medie": 9.6, "reusita": 100.0, "cnt": 1}, "CHIMIE ORGANICA TEO NIVEL I/II": {"medie": 9.72857142857143, "reusita": 100.0, "cnt": 7}, "SOCIOLOGIE": {"medie": 9.833333333333334, "reusita": 100.0, "cnt": 3}, "INFORMATICA SN C/C++": {"medie": 9.675, "reusita": 100.0, "cnt": 2}, "ECONOMIE": {"medie": 9.22, "reusita": 100.0, "cnt": 5}}, "nume": "COLEGIUL NATIONAL \"GH. ROSCA CODREANU\", MUN. BARLAD\tVaslui"}