{"specializari": {"TEHNICIAN IN INSTALATII ELECTRICE": 22, "TEHNICIAN OPERATOR TEHNICA DE CALCUL": 4, "TEHNICIAN IN ACTIVITATI ECONOMICE": 22, "TEHNICIAN IN ACHIZITII SI CONTRACTARI": 23, "TEHNICIAN ECOLOG SI PROTECTIA CALITATII MEDIULUI": 25, "STIINTE ALE NATURII": 24, "TEHNICIAN DESENATOR PENTRU CONSTRUCTII SI INSTALATII": 22, "TEHNICIAN IN INDUSTRIA MATERIALELOR DE CONSTRUCTII": 1, "TEHNICIAN ELECTROMECANIC": 1}, "limba_moderna": {"LIMBA ENGLEZA": 130, "LIMBA FRANCEZA": 14}, "limba_materna": {"LIMBA ROMANA": 144}, "promotie_anterioara": {"DA": 18, "NU": 126}, "materii": {"LIMBA ROMANA": {"medie": 6.513636363636362, "reusita": 91.66666666666666, "cnt": 144}, "MATEMATICA TEHN": {"medie": 5.720000000000001, "reusita": 75.0, "cnt": 120}, "BIOLOGIE VEGETALA SI ANIMALA": {"medie": 5.553, "reusita": 60.78431372549019, "cnt": 51}, "GENERAL": {"medie": 6.390559440559438, "reusita": 61.111111111111114, "cnt": 144}, "ANATOMIE SI FIZIOLOGIE UMANA, GENETICA SI ECOLOGIE UMANA": {"medie": 7.411956521739131, "reusita": 93.47826086956522, "cnt": 46}, "GEOGRAFIE": {"medie": 8.040697674418603, "reusita": 97.67441860465115, "cnt": 43}, "LOGICA, ARGUMENTARE SI COMUNICARE": {"medie": 8.5, "reusita": 100.0, "cnt": 1}, "MATEMATICA ST-NAT": {"medie": 5.615217391304349, "reusita": 75.0, "cnt": 24}, "PSIHOLOGIE": {"medie": 6.5, "reusita": 100.0, "cnt": 1}, "FIZICA TEH": {"medie": 5.55, "reusita": 100.0, "cnt": 1}, "CHIMIE ORGANICA TEO NIVEL I/II": {"medie": 9.65, "reusita": 100.0, "cnt": 1}}, "nume": "COLEGIUL TEHNIC \"PETRU PONI\", MUNICIPIUL ROMAN\tNeam\u021b"}