{"specializari": {"MATEMATICA-INFORMATICA": 113, "STIINTE ALE NATURII": 67, "FILOLOGIE": 36, "STIINTE SOCIALE": 33}, "limba_moderna": {"LIMBA ENGLEZA": 210, "LIMBA FRANCEZA": 17, "LIMBA GERMANA MODERNA": 19, "LIMBA ITALIANA": 3}, "limba_materna": {"LIMBA ROMANA": 249}, "promotie_anterioara": {"NU": 249}, "materii": {"LIMBA ROMANA": {"medie": 8.946184738955818, "reusita": 100.0, "cnt": 249}, "BIOLOGIE VEGETALA SI ANIMALA": {"medie": 8.625, "reusita": 100.0, "cnt": 2}, "GENERAL": {"medie": 8.728380187416336, "reusita": 98.79518072289156, "cnt": 249}, "MATEMATICA MATE-INFO": {"medie": 8.887168141592923, "reusita": 100.0, "cnt": 113}, "ANATOMIE SI FIZIOLOGIE UMANA, GENETICA SI ECOLOGIE UMANA": {"medie": 8.641764705882352, "reusita": 100.0, "cnt": 85}, "FIZICA TEO": {"medie": 8.370454545454546, "reusita": 95.45454545454545, "cnt": 22}, "GEOGRAFIE": {"medie": 8.637142857142857, "reusita": 97.14285714285714, "cnt": 35}, "INFORMATICA MI C/C++": {"medie": 9.625454545454547, "reusita": 100.0, "cnt": 55}, "ISTORIE": {"medie": 8.103623188405795, "reusita": 100.0, "cnt": 69}, "LOGICA, ARGUMENTARE SI COMUNICARE": {"medie": 9.512500000000001, "reusita": 100.0, "cnt": 4}, "MATEMATICA ST-NAT": {"medie": 7.623880597014924, "reusita": 98.50746268656717, "cnt": 67}, "PSIHOLOGIE": {"medie": 8.620000000000001, "reusita": 100.0, "cnt": 5}, "CHIMIE ORGANICA TEO NIVEL I/II": {"medie": 9.314285714285715, "reusita": 100.0, "cnt": 14}, "SOCIOLOGIE": {"medie": 9.305263157894736, "reusita": 100.0, "cnt": 19}, "INFORMATICA SN C/C++": {"medie": 8.25, "reusita": 100.0, "cnt": 2}, "ECONOMIE": {"medie": 7.633333333333333, "reusita": 100.0, "cnt": 6}}, "nume": "COLEGIUL NATIONAL \"TUDOR VLADIMIRESCU\" TG-JIU\tGorj"}