{"specializari": {"TEHNICIAN IN ADMINISTRATIE": 1, "TEHNICIAN IN AUTOMATIZARI": 4, "TEHNICIAN IN INDUSTRIA ALIMENTARA": 32, "TEHNICIAN DESENATOR PENTRU CONSTRUCTII SI INSTALATII": 10, "TEHNICIAN IN INDUSTRIA TEXTILA": 8, "TEHNICIAN MECANIC PENTRU INTRETINERE SI REPARATII": 44, "TEHNICIAN IN ACTIVITATI ECONOMICE": 28, "TEHNICIAN ECOLOG SI PROTECTIA CALITATII MEDIULUI": 24, "TEHNICIAN OPERATOR TEHNICA DE CALCUL": 31, "TEHNICIAN ELECTROMECANIC": 23, "TEHNICIAN IN INSTALATII ELECTRICE": 6, "MATEMATICA-INFORMATICA": 10, "TEHNICIAN ELECTROTEHNIST": 1}, "limba_moderna": {"LIMBA ENGLEZA": 190, "LIMBA FRANCEZA": 32}, "limba_materna": {"LIMBA ROMANA": 222}, "promotie_anterioara": {"DA": 69, "NU": 153}, "materii": {"LIMBA ROMANA": {"medie": 5.669431279620852, "reusita": 74.32432432432432, "cnt": 222}, "MATEMATICA TEHN": {"medie": 5.203500000000002, "reusita": 66.50943396226415, "cnt": 212}, "BIOLOGIE VEGETALA SI ANIMALA": {"medie": 5.171226415094342, "reusita": 57.26495726495726, "cnt": 117}, "GENERAL": {"medie": 5.485784313725489, "reusita": 34.234234234234236, "cnt": 222}, "MATEMATICA MATE-INFO": {"medie": 3.3000000000000003, "reusita": 30.0, "cnt": 10}, "ANATOMIE SI FIZIOLOGIE UMANA, GENETICA SI ECOLOGIE UMANA": {"medie": 5.396, "reusita": 66.66666666666666, "cnt": 51}, "FIZICA TEO": {"medie": 5.01, "reusita": 80.0, "cnt": 5}, "GEOGRAFIE": {"medie": 7.313793103448277, "reusita": 96.55172413793103, "cnt": 29}, "FIZICA TEH": {"medie": 4.687499999999999, "reusita": 40.0, "cnt": 15}, "CHIMIE ORGANICA TEH NIVEL I/II": {"medie": 7.480000000000001, "reusita": 100.0, "cnt": 5}}, "nume": "COLEGIUL TEHNIC MOTRU\tGorj"}