{"specializari": {"STIINTE ALE NATURII": 181, "MATEMATICA-INFORMATICA": 29}, "limba_moderna": {"LIMBA ENGLEZA": 200, "LIMBA FRANCEZA": 4, "LIMBA GERMANA MODERNA": 6}, "limba_materna": {"LIMBA ROMANA": 210}, "promotie_anterioara": {"DA": 1, "NU": 209}, "materii": {"LIMBA ROMANA": {"medie": 8.909047619047616, "reusita": 99.52380952380952, "cnt": 210}, "BIOLOGIE VEGETALA SI ANIMALA": {"medie": 8.807058823529411, "reusita": 100.0, "cnt": 85}, "GENERAL": {"medie": 8.788015873015873, "reusita": 98.09523809523809, "cnt": 210}, "MATEMATICA MATE-INFO": {"medie": 8.768965517241378, "reusita": 100.0, "cnt": 29}, "ANATOMIE SI FIZIOLOGIE UMANA, GENETICA SI ECOLOGIE UMANA": {"medie": 8.965789473684211, "reusita": 100.0, "cnt": 57}, "FIZICA TEO": {"medie": 9.249999999999998, "reusita": 100.0, "cnt": 23}, "INFORMATICA MI C/C++": {"medie": 9.399999999999999, "reusita": 100.0, "cnt": 20}, "MATEMATICA ST-NAT": {"medie": 8.44779005524862, "reusita": 98.34254143646409, "cnt": 181}, "CHIMIE ORGANICA TEO NIVEL I/II": {"medie": 9.333333333333334, "reusita": 100.0, "cnt": 6}, "INFORMATICA SN C/C++": {"medie": 8.726315789473682, "reusita": 100.0, "cnt": 19}}, "nume": "COLEGIUL NATIONAL \"GHEORGHE LAZAR\" SIBIU\tSibiu"}