{"specializari": {"MATEMATICA-INFORMATICA": 120, "STIINTE ALE NATURII": 63, "FILOLOGIE": 60, "STIINTE SOCIALE": 64}, "limba_moderna": {"LIMBA ENGLEZA": 287, "LIMBA GERMANA MODERNA": 9, "LIMBA FRANCEZA": 11}, "limba_materna": {"LIMBA ROMANA": 307}, "promotie_anterioara": {"NU": 307}, "materii": {"LIMBA ROMANA": {"medie": 8.933006535947712, "reusita": 99.6742671009772, "cnt": 307}, "BIOLOGIE VEGETALA SI ANIMALA": {"medie": 9.283333333333333, "reusita": 100.0, "cnt": 6}, "GENERAL": {"medie": 9.196187363834422, "reusita": 99.6742671009772, "cnt": 307}, "MATEMATICA MATE-INFO": {"medie": 9.239583333333337, "reusita": 100.0, "cnt": 120}, "ANATOMIE SI FIZIOLOGIE UMANA, GENETICA SI ECOLOGIE UMANA": {"medie": 9.489285714285714, "reusita": 100.0, "cnt": 14}, "FIZICA TEO": {"medie": 9.309374999999996, "reusita": 98.46153846153847, "cnt": 65}, "GEOGRAFIE": {"medie": 9.55689655172414, "reusita": 100.0, "cnt": 29}, "INFORMATICA MI C/C++": {"medie": 9.551724137931034, "reusita": 100.0, "cnt": 29}, "ISTORIE": {"medie": 9.575403225806452, "reusita": 100.0, "cnt": 124}, "FILOSOFIE": {"medie": 9.524999999999999, "reusita": 100.0, "cnt": 2}, "LOGICA, ARGUMENTARE SI COMUNICARE": {"medie": 9.395967741935486, "reusita": 100.0, "cnt": 62}, "MATEMATICA ST-NAT": {"medie": 8.576612903225808, "reusita": 98.4126984126984, "cnt": 63}, "PSIHOLOGIE": {"medie": 9.44375, "reusita": 100.0, "cnt": 16}, "CHIMIE ORGANICA TEO NIVEL I/II": {"medie": 9.413768115942027, "reusita": 100.0, "cnt": 69}, "SOCIOLOGIE": {"medie": 9.75, "reusita": 100.0, "cnt": 3}, "ECONOMIE": {"medie": 9.229166666666666, "reusita": 100.0, "cnt": 12}}, "nume": "COLEGIUL NATIONAL \"B. P. HASDEU\" MUNICIPIUL BUZAU\tBuz\u0103u"}