{"specializari": {"TEHNICIAN IN INSTALATII ELECTRICE": 35, "TEHNICIAN IN AUTOMATIZARI": 34, "TEHNICIAN ELECTROTEHNIST": 2, "TEHNICIAN ELECTROMECANIC": 1}, "limba_moderna": {"LIMBA ENGLEZA": 71, "LIMBA FRANCEZA": 1}, "limba_materna": {"LIMBA ROMANA": 72}, "promotie_anterioara": {"NU": 53, "DA": 19}, "materii": {"LIMBA ROMANA": {"medie": 6.323571428571426, "reusita": 90.27777777777779, "cnt": 72}, "MATEMATICA TEHN": {"medie": 6.664705882352941, "reusita": 87.5, "cnt": 72}, "BIOLOGIE VEGETALA SI ANIMALA": {"medie": 5.793333333333332, "reusita": 70.2127659574468, "cnt": 47}, "GENERAL": {"medie": 6.303482587064677, "reusita": 56.94444444444444, "cnt": 72}, "CHIMIE ANORGANICA TEH NIVEL I/II": {"medie": 5.866666666666666, "reusita": 77.77777777777779, "cnt": 9}, "FIZICA TEH": {"medie": 5.973333333333333, "reusita": 75.0, "cnt": 16}}, "nume": "COLEGIUL TEHNIC ENERGETIC CLUJ-NAPOCA\tCluj"}