{"specializari": {"MATEMATICA-INFORMATICA": 97, "STIINTE ALE NATURII": 89, "STIINTE SOCIALE": 65, "FILOLOGIE": 30}, "limba_moderna": {"LIMBA ENGLEZA": 268, "LIMBA FRANCEZA": 9, "LIMBA GERMANA MODERNA": 4}, "limba_materna": {"LIMBA ROMANA": 281}, "promotie_anterioara": {"NU": 281}, "materii": {"LIMBA ROMANA": {"medie": 9.10910714285714, "reusita": 99.644128113879, "cnt": 281}, "BIOLOGIE VEGETALA SI ANIMALA": {"medie": 9.54, "reusita": 100.0, "cnt": 5}, "GENERAL": {"medie": 9.235119047619047, "reusita": 99.644128113879, "cnt": 281}, "MATEMATICA MATE-INFO": {"medie": 9.14123711340206, "reusita": 100.0, "cnt": 97}, "ANATOMIE SI FIZIOLOGIE UMANA, GENETICA SI ECOLOGIE UMANA": {"medie": 9.482812500000001, "reusita": 100.0, "cnt": 32}, "FIZICA TEO": {"medie": 9.272033898305088, "reusita": 100.0, "cnt": 59}, "GEOGRAFIE": {"medie": 9.524444444444446, "reusita": 100.0, "cnt": 45}, "INFORMATICA MI C/C++": {"medie": 9.582758620689654, "reusita": 100.0, "cnt": 29}, "ISTORIE": {"medie": 9.230851063829784, "reusita": 98.94736842105263, "cnt": 95}, "FILOSOFIE": {"medie": 9.9, "reusita": 100.0, "cnt": 1}, "LOGICA, ARGUMENTARE SI COMUNICARE": {"medie": 9.508333333333333, "reusita": 100.0, "cnt": 24}, "MATEMATICA ST-NAT": {"medie": 8.985393258426965, "reusita": 100.0, "cnt": 89}, "PSIHOLOGIE": {"medie": 9.467857142857143, "reusita": 100.0, "cnt": 14}, "CHIMIE ANORGANICA TEO NIVEL I/II": {"medie": 9.775, "reusita": 100.0, "cnt": 2}, "CHIMIE ORGANICA TEO NIVEL I/II": {"medie": 9.649999999999997, "reusita": 100.0, "cnt": 58}, "SOCIOLOGIE": {"medie": 9.925, "reusita": 100.0, "cnt": 2}, "INFORMATICA SN C/C++": {"medie": 8.3, "reusita": 100.0, "cnt": 1}, "ECONOMIE": {"medie": 8.877777777777776, "reusita": 100.0, "cnt": 9}}, "nume": "COLEGIUL NATIONAL \"GHEORGHE LAZAR\"\tBucure\u0219ti"}