{"specializari": {"TEHNICIAN TRANSPORTURI": 7, "TEHNICIAN MECATRONIST": 3, "TEHNICIAN IN ACTIVITATI ECONOMICE": 19, "TEHNICIAN ELECTRONIST": 9, "TEHNICIAN IN ADMINISTRATIE": 3, "TEHNICIAN PROIECTANT CAD": 1, "TEHNICIAN DESIGNER VESTIMENTAR": 1}, "limba_moderna": {"LIMBA ENGLEZA": 43}, "limba_materna": {"LIMBA ROMANA": 43}, "promotie_anterioara": {"DA": 16, "NU": 27}, "materii": {"LIMBA ROMANA": {"medie": 6.274999999999999, "reusita": 83.72093023255815, "cnt": 43}, "MATEMATICA TEHN": {"medie": 6.529729729729731, "reusita": 76.74418604651163, "cnt": 43}, "BIOLOGIE VEGETALA SI ANIMALA": {"medie": 4.313333333333333, "reusita": 44.44444444444444, "cnt": 18}, "GENERAL": {"medie": 6.300900900900902, "reusita": 58.139534883720934, "cnt": 43}, "GEOGRAFIE": {"medie": 7.618181818181816, "reusita": 100.0, "cnt": 11}, "LOGICA, ARGUMENTARE SI COMUNICARE": {"medie": 2.3, "reusita": 0.0, "cnt": 1}, "PSIHOLOGIE": {"medie": 7.3125, "reusita": 88.88888888888889, "cnt": 9}, "FIZICA TEH": {"medie": 6.699999999999999, "reusita": 66.66666666666666, "cnt": 3}, "ECONOMIE": {"medie": "-", "reusita": 0.0, "cnt": 1}}, "nume": "COLEGIUL TEHNIC TURDA\tCluj"}