{"specializari": {"STIINTE ALE NATURII": 60, "MATEMATICA-INFORMATICA": 123, "FILOLOGIE": 35, "STIINTE SOCIALE": 33}, "limba_moderna": {"LIMBA ENGLEZA": 234, "LIMBA FRANCEZA": 15, "LIMBA GERMANA MODERNA": 2}, "limba_materna": {"LIMBA ROMANA": 251}, "promotie_anterioara": {"NU": 250, "DA": 1}, "materii": {"LIMBA ROMANA": {"medie": 8.863400000000002, "reusita": 99.60159362549801, "cnt": 251}, "BIOLOGIE VEGETALA SI ANIMALA": {"medie": 8.669999999999998, "reusita": 100.0, "cnt": 5}, "GENERAL": {"medie": 8.940093708165994, "reusita": 98.80478087649402, "cnt": 251}, "MATEMATICA MATE-INFO": {"medie": 8.713008130081304, "reusita": 100.0, "cnt": 123}, "ANATOMIE SI FIZIOLOGIE UMANA, GENETICA SI ECOLOGIE UMANA": {"medie": 8.942567567567568, "reusita": 100.0, "cnt": 74}, "FIZICA TEO": {"medie": 8.707575757575759, "reusita": 100.0, "cnt": 33}, "GEOGRAFIE": {"medie": 9.018749999999999, "reusita": 100.0, "cnt": 8}, "INFORMATICA MI C/C++": {"medie": 9.014893617021276, "reusita": 100.0, "cnt": 47}, "ISTORIE": {"medie": 9.280597014925375, "reusita": 98.52941176470588, "cnt": 68}, "LOGICA, ARGUMENTARE SI COMUNICARE": {"medie": 9.667857142857143, "reusita": 93.33333333333333, "cnt": 15}, "MATEMATICA ST-NAT": {"medie": 8.681666666666665, "reusita": 100.0, "cnt": 60}, "PSIHOLOGIE": {"medie": 9.570833333333335, "reusita": 100.0, "cnt": 12}, "CHIMIE ANORGANICA TEO NIVEL I/II": {"medie": 9.7, "reusita": 100.0, "cnt": 2}, "CHIMIE ORGANICA TEO NIVEL I/II": {"medie": 9.402272727272727, "reusita": 100.0, "cnt": 22}, "SOCIOLOGIE": {"medie": 9.675, "reusita": 95.23809523809523, "cnt": 21}, "ECONOMIE": {"medie": 9.004166666666666, "reusita": 100.0, "cnt": 12}}, "nume": "COLEGIUL NATIONAL \"MATEI BASARAB\"\tBucure\u0219ti"}