{"specializari": {"TEHNICIAN IN INSTALATII ELECTRICE": 3, "TEHNICIAN PROIECTANT CAD": 16, "TEHNICIAN IN ACTIVITATI ECONOMICE": 31, "TEHNICIAN IN ACTIVITATI DE COMERT": 6, "COAFOR STILIST": 3, "TEHNICIAN IN GASTRONOMIE": 22, "TEHNICIAN IN INDUSTRIA ALIMENTARA": 21, "TEHNICIAN IN SILVICULTURA SI EXPLOATARI FORESTIERE": 30, "TEHNICIAN IN INDUSTRIA TEXTILA": 1}, "limba_moderna": {"LIMBA ENGLEZA": 133}, "limba_materna": {"LIMBA ROMANA": 133}, "promotie_anterioara": {"DA": 25, "NU": 108}, "materii": {"LIMBA ROMANA": {"medie": 5.111904761904762, "reusita": 58.64661654135338, "cnt": 133}, "MATEMATICA TEHN": {"medie": 4.0128, "reusita": 38.34586466165413, "cnt": 133}, "BIOLOGIE VEGETALA SI ANIMALA": {"medie": 4.205555555555556, "reusita": 40.0, "cnt": 20}, "GENERAL": {"medie": 4.876478494623656, "reusita": 24.81203007518797, "cnt": 133}, "ANATOMIE SI FIZIOLOGIE UMANA, GENETICA SI ECOLOGIE UMANA": {"medie": 3.4361702127659575, "reusita": 27.450980392156865, "cnt": 51}, "GEOGRAFIE": {"medie": 7.136538461538463, "reusita": 84.90566037735849, "cnt": 53}, "LOGICA, ARGUMENTARE SI COMUNICARE": {"medie": 9.266666666666667, "reusita": 100.0, "cnt": 9}}, "nume": "COLEGIUL TEHNIC \"IOAN CIORDAS\" BEIUS\tBihor"}