{"specializari": {"TEHNICIAN IN CONSTRUCTII SI LUCRARI PUBLICE": 18, "TEHNICIAN ECOLOG SI PROTECTIA CALITATII MEDIULUI": 21, "TEHNICIAN DESIGNER MOBILA SI AMENAJARI INTERIOARE": 3, "TEHNICIAN IN PRELUCRAREA LEMNULUI": 1, "TEHNICIAN INSTALATOR PENTRU CONSTRUCTII": 1, "TEHNICIAN DESENATOR PENTRU CONSTRUCTII SI INSTALATII": 2, "TEHNICIAN ELECTROTEHNIST": 1}, "limba_moderna": {"LIMBA ENGLEZA": 45, "LIMBA FRANCEZA": 2}, "limba_materna": {"LIMBA ROMANA": 47}, "promotie_anterioara": {"NU": 31, "DA": 16}, "materii": {"LIMBA ROMANA": {"medie": 5.551063829787234, "reusita": 78.72340425531915, "cnt": 47}, "MATEMATICA TEHN": {"medie": 4.697777777777778, "reusita": 55.319148936170215, "cnt": 47}, "BIOLOGIE VEGETALA SI ANIMALA": {"medie": 4.169736842105264, "reusita": 35.8974358974359, "cnt": 39}, "GENERAL": {"medie": 4.951515151515152, "reusita": 23.404255319148938, "cnt": 47}, "ANATOMIE SI FIZIOLOGIE UMANA, GENETICA SI ECOLOGIE UMANA": {"medie": 5.61, "reusita": 100.0, "cnt": 5}, "CHIMIE ANORGANICA TEH NIVEL I/II": {"medie": 6.175000000000001, "reusita": 100.0, "cnt": 2}, "FIZICA TEH": {"medie": 2.7, "reusita": 0.0, "cnt": 1}}, "nume": "COLEGIUL TEHNIC \"ANGHEL SALIGNY\" CLUJ-NAPOCA\tCluj"}