{"specializari": {"MATEMATICA-INFORMATICA": 115}, "limba_moderna": {"LIMBA ENGLEZA": 103, "LIMBA FRANCEZA": 12}, "limba_materna": {"LIMBA ROMANA": 115}, "promotie_anterioara": {"NU": 115}, "materii": {"LIMBA ROMANA": {"medie": 8.796521739130435, "reusita": 100.0, "cnt": 115}, "BIOLOGIE VEGETALA SI ANIMALA": {"medie": 8.43421052631579, "reusita": 100.0, "cnt": 19}, "GENERAL": {"medie": 8.801594202898547, "reusita": 100.0, "cnt": 115}, "MATEMATICA MATE-INFO": {"medie": 8.688695652173914, "reusita": 100.0, "cnt": 115}, "FIZICA TEO": {"medie": 9.138125, "reusita": 100.0, "cnt": 80}, "INFORMATICA MI C/C++": {"medie": 7.761111111111112, "reusita": 100.0, "cnt": 9}, "CHIMIE ANORGANICA TEO NIVEL I/II": {"medie": 8.0, "reusita": 100.0, "cnt": 1}, "CHIMIE ORGANICA TEO NIVEL I/II": {"medie": 9.433333333333335, "reusita": 100.0, "cnt": 6}}, "nume": "COLEGIUL NATIONAL MILITAR \"STEFAN CEL MARE\" CAMPULUNG MOLDOVENESC\tSuceava"}