{"specializari": {"TEHNICIAN IN GASTRONOMIE": 29, "TEHNICIAN IN TURISM": 22, "TEHNICIAN IN ACTIVITATI ECONOMICE": 125, "TEHNICIAN IN ACTIVITATI DE COMERT": 26, "TEHNICIAN IN ADMINISTRATIE": 22}, "limba_moderna": {"LIMBA ENGLEZA": 202, "LIMBA FRANCEZA": 22}, "limba_materna": {"LIMBA ROMANA": 224}, "promotie_anterioara": {"DA": 8, "NU": 216}, "materii": {"LIMBA ROMANA": {"medie": 6.906726457399103, "reusita": 96.875, "cnt": 224}, "MATEMATICA TEHN": {"medie": 7.260454545454547, "reusita": 91.51785714285714, "cnt": 224}, "GENERAL": {"medie": 7.466742424242427, "reusita": 86.16071428571429, "cnt": 224}, "GEOGRAFIE": {"medie": 8.169642857142856, "reusita": 100.0, "cnt": 56}, "LOGICA, ARGUMENTARE SI COMUNICARE": {"medie": 8.22331081081081, "reusita": 94.63087248322147, "cnt": 149}, "PSIHOLOGIE": {"medie": 8.260714285714288, "reusita": 100.0, "cnt": 14}, "ECONOMIE": {"medie": 7.269999999999999, "reusita": 100.0, "cnt": 5}}, "nume": "COLEGIUL ECONOMIC \"MARIA TEIULEANU\" PITESTI\tArge\u0219"}