{"specializari": {"STIINTE ALE NATURII": 30, "FILOLOGIE": 29, "STIINTE SOCIALE": 31, "MATEMATICA-INFORMATICA": 10}, "limba_moderna": {"LIMBA ENGLEZA": 98, "LIMBA FRANCEZA": 2}, "limba_materna": {"LIMBA ROMANA": 88, "LIMBA GERMANA": 12}, "promotie_anterioara": {"DA": 10, "NU": 90}, "materii": {"LIMBA ROMANA": {"medie": 6.56010101010101, "reusita": 87.0, "cnt": 100}, "BIOLOGIE VEGETALA SI ANIMALA": {"medie": 6.622727272727274, "reusita": 75.0, "cnt": 12}, "GENERAL": {"medie": 6.684736394557824, "reusita": 62.0, "cnt": 100}, "MATEMATICA MATE-INFO": {"medie": 7.215000000000001, "reusita": 90.0, "cnt": 10}, "ANATOMIE SI FIZIOLOGIE UMANA, GENETICA SI ECOLOGIE UMANA": {"medie": 5.95, "reusita": 63.63636363636363, "cnt": 11}, "FIZICA TEO": {"medie": 7.975, "reusita": 100.0, "cnt": 2}, "GEOGRAFIE": {"medie": 7.682608695652173, "reusita": 97.82608695652173, "cnt": 46}, "INFORMATICA MI C/C++": {"medie": 7.866666666666667, "reusita": 100.0, "cnt": 3}, "ISTORIE": {"medie": 6.48, "reusita": 88.33333333333333, "cnt": 60}, "LOGICA, ARGUMENTARE SI COMUNICARE": {"medie": 7.119230769230769, "reusita": 76.92307692307693, "cnt": 13}, "MATEMATICA ST-NAT": {"medie": 5.3, "reusita": 60.0, "cnt": 30}, "PSIHOLOGIE": {"medie": 6.9, "reusita": 100.0, "cnt": 1}, "CHIMIE ANORGANICA TEO NIVEL I/II": {"medie": 6.58, "reusita": 100.0, "cnt": 5}, "CHIMIE ORGANICA TEO NIVEL I/II": {"medie": 7.828571428571429, "reusita": 100.0, "cnt": 7}, "LIMBA GERMANA": {"medie": 6.995833333333333, "reusita": 91.66666666666666, "cnt": 12}}, "nume": "COLEGIUL NATIONAL \"DOAMNA STANCA\" FAGARAS\tBra\u0219ov"}