{"specializari": {"STIINTE ALE NATURII": 61, "STIINTE SOCIALE": 61, "FILOLOGIE": 60, "MATEMATICA-INFORMATICA": 86}, "limba_moderna": {"LIMBA ENGLEZA": 244, "LIMBA GERMANA MODERNA": 7, "LIMBA FRANCEZA": 17}, "limba_materna": {"LIMBA ROMANA": 268}, "promotie_anterioara": {"DA": 2, "NU": 266}, "materii": {"LIMBA ROMANA": {"medie": 8.46917293233083, "reusita": 99.25373134328358, "cnt": 268}, "BIOLOGIE VEGETALA SI ANIMALA": {"medie": 9.3, "reusita": 100.0, "cnt": 1}, "GENERAL": {"medie": 8.671257861635215, "reusita": 96.26865671641791, "cnt": 268}, "MATEMATICA MATE-INFO": {"medie": 8.684883720930234, "reusita": 100.0, "cnt": 86}, "ANATOMIE SI FIZIOLOGIE UMANA, GENETICA SI ECOLOGIE UMANA": {"medie": 9.266393442622949, "reusita": 98.38709677419355, "cnt": 62}, "FIZICA TEO": {"medie": 9.525, "reusita": 100.0, "cnt": 14}, "GEOGRAFIE": {"medie": 8.961904761904762, "reusita": 100.0, "cnt": 42}, "INFORMATICA MI C/C++": {"medie": 9.514999999999997, "reusita": 100.0, "cnt": 60}, "ISTORIE": {"medie": 8.133613445378149, "reusita": 95.86776859504133, "cnt": 121}, "LOGICA, ARGUMENTARE SI COMUNICARE": {"medie": 9.166666666666666, "reusita": 100.0, "cnt": 9}, "MATEMATICA ST-NAT": {"medie": 8.373770491803278, "reusita": 100.0, "cnt": 61}, "PSIHOLOGIE": {"medie": 9.333333333333334, "reusita": 100.0, "cnt": 3}, "CHIMIE ORGANICA TEO NIVEL I/II": {"medie": 9.472222222222221, "reusita": 100.0, "cnt": 9}, "SOCIOLOGIE": {"medie": 8.810317460317462, "reusita": 96.92307692307692, "cnt": 65}, "INFORMATICA SN C/C++": {"medie": 9.4, "reusita": 100.0, "cnt": 1}, "ECONOMIE": {"medie": 7.7250000000000005, "reusita": 100.0, "cnt": 2}}, "nume": "COLEGIUL NATIONAL \"ROMAN VODA\", MUNICIPIUL ROMAN\tNeam\u021b"}