{"specializari": {"MATEMATICA-INFORMATICA": 56, "STIINTE ALE NATURII": 68, "STIINTE SOCIALE": 30, "FILOLOGIE": 58}, "limba_moderna": {"LIMBA GERMANA MODERNA": 14, "LIMBA ENGLEZA": 175, "LIMBA FRANCEZA": 23}, "limba_materna": {"LIMBA ROMANA": 201, "LIMBA GERMANA": 11}, "promotie_anterioara": {"NU": 212}, "materii": {"LIMBA ROMANA": {"medie": 8.719575471698112, "reusita": 100.0, "cnt": 212}, "BIOLOGIE VEGETALA SI ANIMALA": {"medie": 9.75, "reusita": 100.0, "cnt": 1}, "GENERAL": {"medie": 8.639819182389935, "reusita": 95.75471698113208, "cnt": 212}, "MATEMATICA MATE-INFO": {"medie": 8.985714285714286, "reusita": 100.0, "cnt": 56}, "ANATOMIE SI FIZIOLOGIE UMANA, GENETICA SI ECOLOGIE UMANA": {"medie": 8.896575342465754, "reusita": 97.26027397260275, "cnt": 73}, "FIZICA TEO": {"medie": 9.766666666666666, "reusita": 100.0, "cnt": 3}, "GEOGRAFIE": {"medie": 9.339655172413792, "reusita": 100.0, "cnt": 29}, "INFORMATICA MI C/C++": {"medie": 9.582051282051285, "reusita": 100.0, "cnt": 39}, "ISTORIE": {"medie": 7.660795454545457, "reusita": 97.72727272727273, "cnt": 88}, "FILOSOFIE": {"medie": 9.6, "reusita": 100.0, "cnt": 1}, "LOGICA, ARGUMENTARE SI COMUNICARE": {"medie": 8.542452830188678, "reusita": 96.22641509433963, "cnt": 53}, "MATEMATICA ST-NAT": {"medie": 8.199264705882355, "reusita": 95.58823529411765, "cnt": 68}, "PSIHOLOGIE": {"medie": 8.516666666666666, "reusita": 100.0, "cnt": 3}, "CHIMIE ANORGANICA TEO NIVEL I/II": {"medie": 9.55, "reusita": 100.0, "cnt": 2}, "CHIMIE ORGANICA TEO NIVEL I/II": {"medie": 9.1, "reusita": 100.0, "cnt": 4}, "SOCIOLOGIE": {"medie": 7.75, "reusita": 100.0, "cnt": 2}, "INFORMATICA SN C/C++": {"medie": 9.3, "reusita": 100.0, "cnt": 2}, "LIMBA GERMANA": {"medie": 8.172727272727272, "reusita": 100.0, "cnt": 11}}, "nume": "COLEGIUL NATIONAL \"LIVIU REBREANU\" BISTRITA\tBistri\u021ba-N\u0103s\u0103ud"}