{"specializari": {"STIINTE ALE NATURII": 21, "TEHNICIAN ECOLOG SI PROTECTIA CALITATII MEDIULUI": 24, "TEHNICIAN OPERATOR TEHNICA DE CALCUL": 2, "TEHNICIAN PROIECTANT CAD": 7, "TEHNICIAN IN INSTALATII ELECTRICE": 2, "TEHNICIAN TRANSPORTURI": 13, "TEHNICIAN PRELUCRARI MECANICE": 3, "TEHNICIAN ELECTROMECANIC": 1, "TEHNICIAN METROLOG": 2, "TEHNICIAN ELECTROTEHNIST": 1}, "limba_moderna": {"LIMBA ENGLEZA": 76}, "limba_materna": {"LIMBA ROMANA": 76}, "promotie_anterioara": {"DA": 33, "NU": 43}, "materii": {"LIMBA ROMANA": {"medie": 5.238732394366198, "reusita": 68.42105263157895, "cnt": 76}, "MATEMATICA TEHN": {"medie": 3.6120370370370356, "reusita": 41.81818181818181, "cnt": 55}, "BIOLOGIE VEGETALA SI ANIMALA": {"medie": 3.542, "reusita": 30.76923076923077, "cnt": 26}, "GENERAL": {"medie": 4.178743961352658, "reusita": 5.263157894736842, "cnt": 76}, "ANATOMIE SI FIZIOLOGIE UMANA, GENETICA SI ECOLOGIE UMANA": {"medie": 4.696341463414635, "reusita": 47.72727272727273, "cnt": 44}, "MATEMATICA ST-NAT": {"medie": 2.0710526315789473, "reusita": 4.761904761904762, "cnt": 21}, "CHIMIE ANORGANICA TEH NIVEL I/II": {"medie": 2.15, "reusita": 0.0, "cnt": 3}, "FIZICA TEH": {"medie": 5.0, "reusita": 66.66666666666666, "cnt": 3}}, "nume": "COLEGIUL TEHNIC \"CAROL I\"\tBucure\u0219ti"}