{"specializari": {"MATEMATICA-INFORMATICA": 103, "FILOLOGIE": 52, "STIINTE ALE NATURII": 32}, "limba_moderna": {"LIMBA ENGLEZA": 166, "LIMBA FRANCEZA": 17, "LIMBA GERMANA MODERNA": 4}, "limba_materna": {"LIMBA ROMANA": 187}, "promotie_anterioara": {"DA": 2, "NU": 185}, "materii": {"LIMBA ROMANA": {"medie": 8.413101604278076, "reusita": 100.0, "cnt": 187}, "BIOLOGIE VEGETALA SI ANIMALA": {"medie": 8.350000000000001, "reusita": 100.0, "cnt": 4}, "GENERAL": {"medie": 8.362299465240639, "reusita": 98.93048128342245, "cnt": 187}, "MATEMATICA MATE-INFO": {"medie": 7.949999999999999, "reusita": 100.0, "cnt": 103}, "ANATOMIE SI FIZIOLOGIE UMANA, GENETICA SI ECOLOGIE UMANA": {"medie": 8.611999999999998, "reusita": 100.0, "cnt": 50}, "FIZICA TEO": {"medie": 8.423749999999998, "reusita": 100.0, "cnt": 40}, "GEOGRAFIE": {"medie": 9.155, "reusita": 100.0, "cnt": 20}, "INFORMATICA MI C/C++": {"medie": 8.00576923076923, "reusita": 100.0, "cnt": 26}, "ISTORIE": {"medie": 8.882692307692308, "reusita": 100.0, "cnt": 52}, "LOGICA, ARGUMENTARE SI COMUNICARE": {"medie": 9.305, "reusita": 100.0, "cnt": 10}, "MATEMATICA ST-NAT": {"medie": 7.346875, "reusita": 93.75, "cnt": 32}, "PSIHOLOGIE": {"medie": 8.685714285714285, "reusita": 100.0, "cnt": 7}, "CHIMIE ANORGANICA TEO NIVEL I/II": {"medie": 7.95, "reusita": 100.0, "cnt": 3}, "CHIMIE ORGANICA TEO NIVEL I/II": {"medie": 8.6, "reusita": 100.0, "cnt": 12}, "SOCIOLOGIE": {"medie": 9.561111111111112, "reusita": 100.0, "cnt": 9}, "ECONOMIE": {"medie": 7.166666666666668, "reusita": 100.0, "cnt": 6}}, "nume": "COLEGIUL NATIONAL \"MIHAI EMINESCU\"\tBucure\u0219ti"}