{"specializari": {"MATEMATICA-INFORMATICA": 11, "STIINTE ALE NATURII": 1, "FILOLOGIE": 11, "TEHNICIAN IN TURISM": 16, "TEHNICIAN IN GASTRONOMIE": 12}, "limba_moderna": {"LIMBA ENGLEZA": 38, "LIMBA FRANCEZA": 13}, "limba_materna": {"LIMBA ROMANA": 51}, "promotie_anterioara": {"DA": 7, "NU": 44}, "materii": {"LIMBA ROMANA": {"medie": 5.81304347826087, "reusita": 80.3921568627451, "cnt": 51}, "MATEMATICA TEHN": {"medie": 3.1521739130434776, "reusita": 17.857142857142858, "cnt": 28}, "GENERAL": {"medie": 5.475378787878787, "reusita": 31.372549019607842, "cnt": 51}, "MATEMATICA MATE-INFO": {"medie": 5.954545454545454, "reusita": 81.81818181818183, "cnt": 11}, "ANATOMIE SI FIZIOLOGIE UMANA, GENETICA SI ECOLOGIE UMANA": {"medie": 6.2555555555555555, "reusita": 60.0, "cnt": 10}, "FIZICA TEO": {"medie": 5.05, "reusita": 100.0, "cnt": 1}, "GEOGRAFIE": {"medie": 6.373437499999999, "reusita": 80.55555555555556, "cnt": 36}, "INFORMATICA MI C/C++": {"medie": 9.1, "reusita": 100.0, "cnt": 1}, "ISTORIE": {"medie": 5.231818181818182, "reusita": 72.72727272727273, "cnt": 11}, "LOGICA, ARGUMENTARE SI COMUNICARE": {"medie": 3.925, "reusita": 0.0, "cnt": 2}, "MATEMATICA ST-NAT": {"medie": 5.4, "reusita": 100.0, "cnt": 1}, "ECONOMIE": {"medie": 5.8, "reusita": 100.0, "cnt": 1}}, "nume": "COLEGIUL \"ION KALINDERU\", ORASUL BUSTENI\tPrahova"}