{"specializari": {"ARHITECTURA, ARTE AMBIENTALE SI DESIGN": 25, "TEHNICIAN ECOLOG SI PROTECTIA CALITATII MEDIULUI": 28, "TEHNICIAN DESIGNER MOBILA SI AMENAJARI INTERIOARE": 31, "TEHNICIAN PROIECTANT CAD": 39, "TEHNICIAN OPERATOR TEHNICA DE CALCUL": 5, "TEHNICIAN DESENATOR PENTRU CONSTRUCTII SI INSTALATII": 47, "TEHNICIAN ELECTRICIAN/ELECTRONIST AUTO": 26, "STIINTE ALE NATURII": 29, "FILOLOGIE": 31, "TEHNICIAN INSTALATOR PENTRU CONSTRUCTII": 5, "TEHNICIAN TRANSPORTURI": 2, "TEHNICIAN IN CONSTRUCTII SI LUCRARI PUBLICE": 2}, "limba_moderna": {"LIMBA ENGLEZA": 254, "LIMBA RUSA": 6, "LIMBA FRANCEZA": 10}, "limba_materna": {"LIMBA ROMANA": 270}, "promotie_anterioara": {"DA": 54, "NU": 216}, "materii": {"LIMBA ROMANA": {"medie": 6.527186311787071, "reusita": 91.85185185185185, "cnt": 270}, "MATEMATICA TEHN": {"medie": 5.887428571428571, "reusita": 73.51351351351352, "cnt": 185}, "BIOLOGIE VEGETALA SI ANIMALA": {"medie": 4.770526315789474, "reusita": 43.13725490196079, "cnt": 102}, "GENERAL": {"medie": 6.218393094289512, "reusita": 46.666666666666664, "cnt": 270}, "ANATOMIE SI FIZIOLOGIE UMANA, GENETICA SI ECOLOGIE UMANA": {"medie": 6.695238095238096, "reusita": 81.3953488372093, "cnt": 43}, "FIZICA TEO": {"medie": 8.0375, "reusita": 100.0, "cnt": 8}, "GEOGRAFIE": {"medie": 7.912857142857143, "reusita": 91.8918918918919, "cnt": 37}, "ISTORIE": {"medie": 6.381730769230769, "reusita": 83.92857142857143, "cnt": 56}, "LOGICA, ARGUMENTARE SI COMUNICARE": {"medie": 8.038888888888888, "reusita": 100.0, "cnt": 18}, "MATEMATICA ST-NAT": {"medie": 7.079310344827586, "reusita": 96.55172413793103, "cnt": 29}, "CHIMIE ANORGANICA TEH NIVEL I/II": {"medie": 6.557142857142858, "reusita": 71.42857142857143, "cnt": 7}, "PSIHOLOGIE": {"medie": 7.7, "reusita": 100.0, "cnt": 1}, "FIZICA TEH": {"medie": 4.795121951219512, "reusita": 46.666666666666664, "cnt": 45}, "CHIMIE ORGANICA TEH NIVEL I/II": {"medie": 5.566666666666666, "reusita": 66.66666666666666, "cnt": 9}}, "nume": "COLEGIUL TEHNIC \"GHEORGHE ASACHI\", IASI\tIa\u0219i"}