{"specializari": {"MATEMATICA-INFORMATICA": 38, "INVATATOR - EDUCATOARE": 56, "FILOLOGIE": 31}, "limba_moderna": {"LIMBA ENGLEZA": 118, "LIMBA FRANCEZA": 6, "LIMBA RUSA": 1}, "limba_materna": {"LIMBA ROMANA": 125}, "promotie_anterioara": {"DA": 12, "NU": 113}, "materii": {"LIMBA ROMANA": {"medie": 7.665200000000001, "reusita": 99.2, "cnt": 125}, "GENERAL": {"medie": 7.684552845528457, "reusita": 88.0, "cnt": 125}, "MATEMATICA MATE-INFO": {"medie": 6.701351351351353, "reusita": 92.10526315789474, "cnt": 38}, "ANATOMIE SI FIZIOLOGIE UMANA, GENETICA SI ECOLOGIE UMANA": {"medie": 7.30909090909091, "reusita": 96.96969696969697, "cnt": 33}, "FIZICA TEO": {"medie": 6.05, "reusita": 50.0, "cnt": 2}, "GEOGRAFIE": {"medie": 8.714705882352943, "reusita": 100.0, "cnt": 51}, "INFORMATICA MI C/C++": {"medie": 6.425000000000001, "reusita": 100.0, "cnt": 2}, "ISTORIE": {"medie": 7.332258064516129, "reusita": 100.0, "cnt": 31}, "FILOSOFIE": {"medie": 7.5874999999999995, "reusita": 100.0, "cnt": 4}, "LOGICA, ARGUMENTARE SI COMUNICARE": {"medie": 8.995238095238093, "reusita": 100.0, "cnt": 21}, "MATEMATICA PED": {"medie": 7.2690909090909095, "reusita": 91.07142857142857, "cnt": 56}, "PSIHOLOGIE": {"medie": 8.235, "reusita": 90.9090909090909, "cnt": 11}, "CHIMIE ORGANICA TEO NIVEL I/II": {"medie": 8.05, "reusita": 100.0, "cnt": 1}}, "nume": "COLEGIUL NATIONAL PEDAGOGIC \"REGELE FERDINAND\" SIGHETU MARMATIEI\tMaramure\u0219"}