{"specializari": {"STIINTE ALE NATURII": 30, "MATEMATICA-INFORMATICA": 67, "INVATATOR - EDUCATOARE": 24, "STIINTE SOCIALE": 31, "FILOLOGIE": 31}, "limba_moderna": {"LIMBA ENGLEZA": 181, "LIMBA FRANCEZA": 2}, "limba_materna": {"LIMBA ROMANA": 183}, "promotie_anterioara": {"NU": 179, "DA": 4}, "materii": {"LIMBA ROMANA": {"medie": 7.940163934426223, "reusita": 100.0, "cnt": 183}, "BIOLOGIE VEGETALA SI ANIMALA": {"medie": 6.8, "reusita": 100.0, "cnt": 2}, "GENERAL": {"medie": 8.258561020036424, "reusita": 97.26775956284153, "cnt": 183}, "MATEMATICA MATE-INFO": {"medie": 8.16940298507463, "reusita": 100.0, "cnt": 67}, "ANATOMIE SI FIZIOLOGIE UMANA, GENETICA SI ECOLOGIE UMANA": {"medie": 8.636170212765958, "reusita": 100.0, "cnt": 47}, "FIZICA TEO": {"medie": 8.775, "reusita": 100.0, "cnt": 4}, "GEOGRAFIE": {"medie": 8.86705882352941, "reusita": 100.0, "cnt": 85}, "INFORMATICA MI C/C++": {"medie": 8.565909090909093, "reusita": 100.0, "cnt": 44}, "ISTORIE": {"medie": 8.182258064516127, "reusita": 100.0, "cnt": 62}, "MATEMATICA ST-NAT": {"medie": 8.311666666666666, "reusita": 100.0, "cnt": 30}, "MATEMATICA PED": {"medie": 7.589583333333334, "reusita": 91.66666666666666, "cnt": 24}, "PSIHOLOGIE": {"medie": 9.55, "reusita": 100.0, "cnt": 1}}, "nume": "COLEGIUL NATIONAL \"IOAN SLAVICI\" SATU MARE\tSatu-Mare"}