{"specializari": {"TEHNICIAN ELECTRONIST": 4, "TEHNICIAN OPERATOR PROCESARE TEXT IMAGINE": 24, "TEHNICIAN MECATRONIST": 2, "TEHNICIAN OPERATOR TEHNICA DE CALCUL": 30, "TEHNICIAN DE TELECOMUNICATII": 30, "TEHNICIAN IN ACTIVITATI DE POSTA": 28, "TEHNICIAN ELECTROMECANIC": 1, "TEHNICIAN IN AUTOMATIZARI": 1}, "limba_moderna": {"LIMBA ENGLEZA": 118, "LIMBA FRANCEZA": 2}, "limba_materna": {"LIMBA ROMANA": 120}, "promotie_anterioara": {"DA": 21, "NU": 99}, "materii": {"LIMBA ROMANA": {"medie": 6.668220338983052, "reusita": 91.66666666666666, "cnt": 120}, "MATEMATICA TEHN": {"medie": 7.294915254237287, "reusita": 91.66666666666666, "cnt": 120}, "BIOLOGIE VEGETALA SI ANIMALA": {"medie": 6.5321428571428575, "reusita": 77.58620689655173, "cnt": 58}, "GENERAL": {"medie": 6.930225988700568, "reusita": 75.0, "cnt": 120}, "GEOGRAFIE": {"medie": 8.145, "reusita": 95.0, "cnt": 20}, "LOGICA, ARGUMENTARE SI COMUNICARE": {"medie": 8.675, "reusita": 100.0, "cnt": 8}, "CHIMIE ANORGANICA TEH NIVEL I/II": {"medie": 5.972222222222223, "reusita": 77.77777777777779, "cnt": 9}, "FIZICA TEH": {"medie": 6.151999999999999, "reusita": 72.0, "cnt": 25}}, "nume": "COLEGIUL TEHNIC DE COMUNICATII \"AUGUSTIN MAIOR\" CLUJ-NAPOCA\tCluj"}