{"specializari": {"COAFOR STILIST": 40, "TEHNICIAN IN ACTIVITATI ECONOMICE": 17, "ORGANIZATOR BANQUETING": 7, "TEHNICIAN IN GASTRONOMIE": 6, "TEHNICIAN OPERATOR TEHNICA DE CALCUL": 2, "TEHNICIAN MECATRONIST": 1}, "limba_moderna": {"LIMBA ENGLEZA": 73}, "limba_materna": {"LIMBA ROMANA": 73}, "promotie_anterioara": {"DA": 33, "NU": 40}, "materii": {"LIMBA ROMANA": {"medie": 5.336619718309859, "reusita": 71.23287671232876, "cnt": 73}, "MATEMATICA TEHN": {"medie": 4.409848484848485, "reusita": 52.054794520547944, "cnt": 73}, "BIOLOGIE VEGETALA SI ANIMALA": {"medie": 3.7999999999999994, "reusita": 33.33333333333333, "cnt": 3}, "GENERAL": {"medie": 5.307692307692308, "reusita": 27.397260273972602, "cnt": 73}, "GEOGRAFIE": {"medie": 6.343181818181818, "reusita": 80.0, "cnt": 45}, "LOGICA, ARGUMENTARE SI COMUNICARE": {"medie": 5.927777777777779, "reusita": 36.36363636363637, "cnt": 11}, "PSIHOLOGIE": {"medie": 6.06923076923077, "reusita": 100.0, "cnt": 13}, "ECONOMIE": {"medie": 5.7, "reusita": 100.0, "cnt": 1}}, "nume": "COLEGIUL UCECOM \"SPIRU HARET\"\tBucure\u0219ti"}