{"specializari": {"MATEMATICA-INFORMATICA": 50, "TEHNICIAN IN ACTIVITATI ECONOMICE": 54, "TEHNICIAN IN INSTALATII ELECTRICE": 23, "TEHNICIAN IN AUTOMATIZARI": 21, "TEHNICIAN DE TELECOMUNICATII": 7, "TEHNICIAN TRANSPORTURI": 5}, "limba_moderna": {"LIMBA ENGLEZA": 146, "LIMBA ITALIANA": 3, "LIMBA FRANCEZA": 10, "LIMBA GERMANA MODERNA": 1}, "limba_materna": {"LIMBA ROMANA": 160}, "promotie_anterioara": {"NU": 136, "DA": 24}, "materii": {"LIMBA ROMANA": {"medie": 6.645569620253162, "reusita": 94.375, "cnt": 160}, "MATEMATICA TEHN": {"medie": 7.020093457943924, "reusita": 94.54545454545455, "cnt": 110}, "BIOLOGIE VEGETALA SI ANIMALA": {"medie": 5.764062499999999, "reusita": 70.1492537313433, "cnt": 67}, "GENERAL": {"medie": 6.984508547008541, "reusita": 75.0, "cnt": 160}, "MATEMATICA MATE-INFO": {"medie": 6.884000000000001, "reusita": 94.0, "cnt": 50}, "ANATOMIE SI FIZIOLOGIE UMANA, GENETICA SI ECOLOGIE UMANA": {"medie": 8.25, "reusita": 90.9090909090909, "cnt": 11}, "GEOGRAFIE": {"medie": 8.15344827586207, "reusita": 100.0, "cnt": 29}, "INFORMATICA MI C/C++": {"medie": 8.257692307692308, "reusita": 100.0, "cnt": 26}, "LOGICA, ARGUMENTARE SI COMUNICARE": {"medie": 8.69, "reusita": 100.0, "cnt": 25}, "CHIMIE ANORGANICA TEH NIVEL I/II": {"medie": 6.25, "reusita": 100.0, "cnt": 1}, "CHIMIE ORGANICA TEO NIVEL I/II": {"medie": 9.3, "reusita": 100.0, "cnt": 1}}, "nume": "COLEGIUL TEHNIC \"INFOEL\" BISTRITA\tBistri\u021ba-N\u0103s\u0103ud"}