{"specializari": {"TEHNICIAN IN AUTOMATIZARI": 48, "TEHNICIAN IN INSTALATII ELECTRICE": 12, "TEHNICIAN ELECTROTEHNIST": 10, "TEHNICIAN OPERATOR TEHNICA DE CALCUL": 19, "TEHNICIAN MECANIC PENTRU INTRETINERE SI REPARATII": 13, "LICEU CU PROGRAM SPORTIV": 29, "TEHNICIAN ECOLOG SI PROTECTIA CALITATII MEDIULUI": 16, "TEHNICIAN MECATRONIST": 8, "MATEMATICA-INFORMATICA": 2, "TEHNICIAN DESENATOR PENTRU CONSTRUCTII SI INSTALATII": 1}, "limba_moderna": {"LIMBA ENGLEZA": 145, "LIMBA FRANCEZA": 13}, "limba_materna": {"LIMBA ROMANA": 158}, "promotie_anterioara": {"DA": 37, "NU": 121}, "materii": {"LIMBA ROMANA": {"medie": 6.899741935483871, "reusita": 93.0379746835443, "cnt": 158}, "MATEMATICA TEHN": {"medie": 6.812903225806448, "reusita": 84.25196850393701, "cnt": 127}, "BIOLOGIE VEGETALA SI ANIMALA": {"medie": 5.487341772151899, "reusita": 69.51219512195121, "cnt": 82}, "GENERAL": {"medie": 6.804517543859646, "reusita": 68.9873417721519, "cnt": 158}, "MATEMATICA MATE-INFO": {"medie": 3.0, "reusita": 50.0, "cnt": 2}, "ANATOMIE SI FIZIOLOGIE UMANA, GENETICA SI ECOLOGIE UMANA": {"medie": 8.164705882352944, "reusita": 100.0, "cnt": 17}, "GEOGRAFIE": {"medie": 7.9, "reusita": 100.0, "cnt": 10}, "ISTORIE": {"medie": 6.596551724137931, "reusita": 100.0, "cnt": 29}, "LOGICA, ARGUMENTARE SI COMUNICARE": {"medie": 8.655263157894737, "reusita": 89.47368421052632, "cnt": 19}, "CHIMIE ANORGANICA TEH NIVEL I/II": {"medie": 7.4750000000000005, "reusita": 100.0, "cnt": 6}, "FIZICA TEH": {"medie": 7.51521739130435, "reusita": 95.65217391304348, "cnt": 23}, "INFORMATICA MI PASCAL": {"medie": 5.0, "reusita": 100.0, "cnt": 1}}, "nume": "COLEGIUL ENERGETIC, MUN. RM. VALCEA\tV\u00e2lcea"}