{"specializari": {"STIINTE ALE NATURII": 62, "TEHNICIAN IN AUTOMATIZARI": 16, "TEHNICIAN TRANSPORTURI": 11, "TEHNICIAN IN TURISM": 44, "STIINTE SOCIALE": 61, "FILOLOGIE": 34, "TEHNICIAN IN ACTIVITATI ECONOMICE": 32, "MATEMATICA-INFORMATICA": 55, "TEHNICIAN DESIGNER VESTIMENTAR": 3, "TEHNICIAN IN GASTRONOMIE": 1, "TEHNICIAN IN HOTELARIE": 1, "TEHNICIAN IN ADMINISTRATIE": 5}, "limba_moderna": {"LIMBA ENGLEZA": 275, "LIMBA FRANCEZA": 50}, "limba_materna": {"LIMBA ROMANA": 325}, "promotie_anterioara": {"NU": 275, "DA": 50}, "materii": {"LIMBA ROMANA": {"medie": 6.612732919254658, "reusita": 89.84615384615384, "cnt": 325}, "MATEMATICA TEHN": {"medie": 4.215596330275229, "reusita": 42.47787610619469, "cnt": 113}, "BIOLOGIE VEGETALA SI ANIMALA": {"medie": 4.3103448275862055, "reusita": 41.37931034482759, "cnt": 29}, "GENERAL": {"medie": 6.625341745531025, "reusita": 60.0, "cnt": 325}, "MATEMATICA MATE-INFO": {"medie": 7.655454545454544, "reusita": 96.36363636363636, "cnt": 55}, "ANATOMIE SI FIZIOLOGIE UMANA, GENETICA SI ECOLOGIE UMANA": {"medie": 8.167187499999997, "reusita": 97.91666666666666, "cnt": 96}, "FIZICA TEO": {"medie": 7.637499999999999, "reusita": 100.0, "cnt": 4}, "GEOGRAFIE": {"medie": 6.637647058823529, "reusita": 85.39325842696628, "cnt": 89}, "INFORMATICA MI C/C++": {"medie": 8.121875, "reusita": 100.0, "cnt": 16}, "ISTORIE": {"medie": 6.696315789473685, "reusita": 88.42105263157895, "cnt": 95}, "LOGICA, ARGUMENTARE SI COMUNICARE": {"medie": 7.416666666666667, "reusita": 89.02439024390245, "cnt": 82}, "MATEMATICA ST-NAT": {"medie": 6.537903225806452, "reusita": 85.48387096774194, "cnt": 62}, "CHIMIE ANORGANICA TEH NIVEL I/II": {"medie": "-", "reusita": 0.0, "cnt": 1}, "PSIHOLOGIE": {"medie": 9.366666666666665, "reusita": 100.0, "cnt": 3}, "CHIMIE ORGANICA TEO NIVEL I/II": {"medie": 10.0, "reusita": 100.0, "cnt": 1}, "SOCIOLOGIE": {"medie": 7.933333333333334, "reusita": 100.0, "cnt": 3}, "ECONOMIE": {"medie": 8.4, "reusita": 100.0, "cnt": 1}}, "nume": "COLEGIUL \"ALEXANDRU CEL BUN\" GURA HUMORULUI\tSuceava"}