{"specializari": {"TEHNICIAN IN ACTIVITATI ECONOMICE": 29, "INVATATOR - EDUCATOARE": 21, "TEHNICIAN IN INSTALATII ELECTRICE": 17, "TEHNICIAN IN PRELUCRAREA LEMNULUI": 2, "TEHNICIAN INSTALATOR PENTRU CONSTRUCTII": 1, "TEHNICIAN MECANIC PENTRU INTRETINERE SI REPARATII": 1, "TEHNICIAN IN AUTOMATIZARI": 1}, "limba_moderna": {"LIMBA ENGLEZA": 72}, "limba_materna": {"LIMBA ROMANA": 72}, "promotie_anterioara": {"DA": 12, "NU": 60}, "materii": {"LIMBA ROMANA": {"medie": 6.131944444444445, "reusita": 81.94444444444444, "cnt": 72}, "MATEMATICA TEHN": {"medie": 4.500000000000001, "reusita": 52.94117647058824, "cnt": 51}, "BIOLOGIE VEGETALA SI ANIMALA": {"medie": 3.7342105263157896, "reusita": 31.57894736842105, "cnt": 19}, "GENERAL": {"medie": 5.808685446009391, "reusita": 44.44444444444444, "cnt": 72}, "GEOGRAFIE": {"medie": 7.269512195121953, "reusita": 95.1219512195122, "cnt": 41}, "MATEMATICA PED": {"medie": 6.388095238095237, "reusita": 85.71428571428571, "cnt": 21}, "PSIHOLOGIE": {"medie": 6.633333333333334, "reusita": 100.0, "cnt": 9}, "FIZICA TEH": {"medie": 4.716666666666667, "reusita": 33.33333333333333, "cnt": 3}}, "nume": "COLEGIUL NATIONAL \"MIHAI EMINESCU\" TOPLITA\tHarghita"}