{"specializari": {"FILOLOGIE": 42, "STIINTE ALE NATURII": 31, "MATEMATICA-INFORMATICA": 36, "LICEU CU PROGRAM SPORTIV": 26, "STIINTE SOCIALE": 15}, "limba_moderna": {"LIMBA ENGLEZA": 142, "LIMBA GERMANA MODERNA": 8}, "limba_materna": {"LIMBA ROMANA": 105, "LIMBA MAGHIARA": 45}, "promotie_anterioara": {"NU": 134, "DA": 16}, "materii": {"LIMBA ROMANA": {"medie": 7.04, "reusita": 92.0, "cnt": 150}, "BIOLOGIE VEGETALA SI ANIMALA": {"medie": 6.099999999999999, "reusita": 66.66666666666666, "cnt": 3}, "GENERAL": {"medie": 7.3107941834451955, "reusita": 75.33333333333333, "cnt": 150}, "MATEMATICA MATE-INFO": {"medie": 7.9833333333333325, "reusita": 97.22222222222221, "cnt": 36}, "ANATOMIE SI FIZIOLOGIE UMANA, GENETICA SI ECOLOGIE UMANA": {"medie": 8.302380952380952, "reusita": 100.0, "cnt": 42}, "FIZICA TEO": {"medie": 10.0, "reusita": 100.0, "cnt": 1}, "GEOGRAFIE": {"medie": 7.244155844155845, "reusita": 91.02564102564102, "cnt": 78}, "ISTORIE": {"medie": 6.561445783132532, "reusita": 87.95180722891565, "cnt": 83}, "FILOSOFIE": {"medie": 9.6, "reusita": 100.0, "cnt": 1}, "LIMBA MAGHIARA (REAL)": {"medie": 8.055555555555554, "reusita": 100.0, "cnt": 18}, "LOGICA, ARGUMENTARE SI COMUNICARE": {"medie": 8.65, "reusita": 100.0, "cnt": 2}, "MATEMATICA ST-NAT": {"medie": 6.301612903225807, "reusita": 77.41935483870968, "cnt": 31}, "LIMBA MAGHIARA (UMAN)": {"medie": 7.51111111111111, "reusita": 100.0, "cnt": 27}, "PSIHOLOGIE": {"medie": 9.7, "reusita": 100.0, "cnt": 1}, "CHIMIE ANORGANICA TEO NIVEL I/II": {"medie": 8.25, "reusita": 100.0, "cnt": 1}, "SOCIOLOGIE": {"medie": 8.45, "reusita": 100.0, "cnt": 1}, "INFORMATICA MI PASCAL": {"medie": 8.845000000000002, "reusita": 100.0, "cnt": 20}}, "nume": "COLEGIUL NATIONAL \"MIRCEA ELIADE\" SIGHISOARA\tMure\u0219"}