{"specializari": {"TEHNICIAN DESIGNER VESTIMENTAR": 47, "TEHNICIAN IN INDUSTRIA TEXTILA": 5, "TEHNICIAN IN INDUSTRIA PIELARIEI": 4, "TEHNICIAN IN TURISM": 24, "COAFOR STILIST": 33}, "limba_moderna": {"LIMBA ENGLEZA": 109, "LIMBA FRANCEZA": 4}, "limba_materna": {"LIMBA ROMANA": 113}, "promotie_anterioara": {"DA": 35, "NU": 78}, "materii": {"LIMBA ROMANA": {"medie": 6.486607142857145, "reusita": 96.46017699115043, "cnt": 113}, "MATEMATICA TEHN": {"medie": 5.706756756756753, "reusita": 82.30088495575221, "cnt": 113}, "BIOLOGIE VEGETALA SI ANIMALA": {"medie": 5.7182692307692315, "reusita": 79.62962962962963, "cnt": 54}, "GENERAL": {"medie": 6.320489296636089, "reusita": 54.86725663716814, "cnt": 113}, "GEOGRAFIE": {"medie": 7.8852941176470575, "reusita": 94.28571428571428, "cnt": 35}, "LOGICA, ARGUMENTARE SI COMUNICARE": {"medie": 7.525, "reusita": 90.9090909090909, "cnt": 22}, "FIZICA TEH": {"medie": 5.5, "reusita": 100.0, "cnt": 2}}, "nume": "COLEGIUL TEHNIC \"CIBINIUM\" SIBIU\tSibiu"}