{"specializari": {"MATEMATICA-INFORMATICA": 114, "FILOLOGIE": 55, "LICEU CU PROGRAM SPORTIV": 26, "STIINTE ALE NATURII": 55, "STIINTE SOCIALE": 27}, "limba_moderna": {"LIMBA ENGLEZA": 249, "LIMBA FRANCEZA": 19, "LIMBA GERMANA MODERNA": 9}, "limba_materna": {"LIMBA ROMANA": 277}, "promotie_anterioara": {"NU": 276, "DA": 1}, "materii": {"LIMBA ROMANA": {"medie": 8.651268115942026, "reusita": 99.63898916967509, "cnt": 277}, "BIOLOGIE VEGETALA SI ANIMALA": {"medie": 9.18846153846154, "reusita": 100.0, "cnt": 26}, "GENERAL": {"medie": 8.902415458937192, "reusita": 98.55595667870037, "cnt": 277}, "MATEMATICA MATE-INFO": {"medie": 9.348245614035084, "reusita": 100.0, "cnt": 114}, "ANATOMIE SI FIZIOLOGIE UMANA, GENETICA SI ECOLOGIE UMANA": {"medie": 9.6, "reusita": 100.0, "cnt": 7}, "FIZICA TEO": {"medie": 9.361363636363636, "reusita": 100.0, "cnt": 66}, "GEOGRAFIE": {"medie": 9.30625, "reusita": 100.0, "cnt": 8}, "INFORMATICA MI C/C++": {"medie": 9.356818181818182, "reusita": 100.0, "cnt": 22}, "ISTORIE": {"medie": 8.062149532710281, "reusita": 96.29629629629629, "cnt": 108}, "FILOSOFIE": {"medie": 9.55, "reusita": 100.0, "cnt": 2}, "LOGICA, ARGUMENTARE SI COMUNICARE": {"medie": 9.360588235294113, "reusita": 98.83720930232558, "cnt": 86}, "MATEMATICA ST-NAT": {"medie": 8.74363636363636, "reusita": 100.0, "cnt": 55}, "PSIHOLOGIE": {"medie": 9.516666666666666, "reusita": 100.0, "cnt": 6}, "CHIMIE ANORGANICA TEO NIVEL I/II": {"medie": 8.05, "reusita": 100.0, "cnt": 2}, "CHIMIE ORGANICA TEO NIVEL I/II": {"medie": 9.310975609756097, "reusita": 100.0, "cnt": 41}, "INFORMATICA SN C/C++": {"medie": 9.120000000000001, "reusita": 100.0, "cnt": 5}, "ECONOMIE": {"medie": 9.108333333333334, "reusita": 100.0, "cnt": 6}}, "nume": "COLEGIUL NATIONAL \"MIHAI VITEAZUL\", MUNICIPIUL PLOIESTI\tPrahova"}