{"specializari": {"MATEMATICA-INFORMATICA": 23, "STIINTE ALE NATURII": 18, "STIINTE SOCIALE": 30, "FILOLOGIE": 29}, "limba_moderna": {"LIMBA ENGLEZA": 78, "LIMBA FRANCEZA": 22}, "limba_materna": {"LIMBA ROMANA": 100}, "promotie_anterioara": {"NU": 88, "DA": 12}, "materii": {"LIMBA ROMANA": {"medie": 7.126500000000001, "reusita": 95.0, "cnt": 100}, "GENERAL": {"medie": 6.77670068027211, "reusita": 63.0, "cnt": 100}, "MATEMATICA MATE-INFO": {"medie": 4.220454545454547, "reusita": 52.17391304347826, "cnt": 23}, "ANATOMIE SI FIZIOLOGIE UMANA, GENETICA SI ECOLOGIE UMANA": {"medie": 5.882432432432433, "reusita": 68.42105263157895, "cnt": 38}, "GEOGRAFIE": {"medie": 8.391818181818183, "reusita": 100.0, "cnt": 55}, "INFORMATICA MI C/C++": {"medie": 7.8, "reusita": 100.0, "cnt": 3}, "ISTORIE": {"medie": 6.460169491525422, "reusita": 93.22033898305084, "cnt": 59}, "LOGICA, ARGUMENTARE SI COMUNICARE": {"medie": 7.675000000000001, "reusita": 75.0, "cnt": 4}, "MATEMATICA ST-NAT": {"medie": 4.9833333333333325, "reusita": 61.111111111111114, "cnt": 18}}, "nume": "COLEGIUL NATIONAL \"TUDOR ARGHEZI\" TG-CARBUNESTI\tGorj"}