{"specializari": {"MATEMATICA-INFORMATICA": 45, "TEHNICIAN OPERATOR TEHNICA DE CALCUL": 24, "TEHNICIAN DE TELECOMUNICATII": 13, "TEHNICIAN IN INSTALATII ELECTRICE": 7, "TEHNICIAN ELECTROMECANIC": 39, "TEHNICIAN PROIECTANT CAD": 19, "TEHNICIAN ELECTRONIST": 2, "TEHNICIAN CHIMIST DE LABORATOR": 1, "TEHNICIAN PRELUCRARI MECANICE": 2, "TEHNICIAN IN AUTOMATIZARI": 1, "TEHNICIAN TRANSPORTURI": 1}, "limba_moderna": {"LIMBA FRANCEZA": 32, "LIMBA ENGLEZA": 122}, "limba_materna": {"LIMBA ROMANA": 154}, "promotie_anterioara": {"DA": 40, "NU": 114}, "materii": {"LIMBA ROMANA": {"medie": 5.632196969696969, "reusita": 68.18181818181817, "cnt": 154}, "MATEMATICA TEHN": {"medie": 4.390340909090909, "reusita": 40.36697247706422, "cnt": 109}, "BIOLOGIE VEGETALA SI ANIMALA": {"medie": 4.495698924731182, "reusita": 43.269230769230774, "cnt": 104}, "GENERAL": {"medie": 5.019250645994834, "reusita": 24.025974025974026, "cnt": 154}, "MATEMATICA MATE-INFO": {"medie": 5.003333333333334, "reusita": 57.77777777777777, "cnt": 45}, "ANATOMIE SI FIZIOLOGIE UMANA, GENETICA SI ECOLOGIE UMANA": {"medie": 6.5, "reusita": 81.81818181818183, "cnt": 11}, "FIZICA TEO": {"medie": 7.783333333333334, "reusita": 100.0, "cnt": 3}, "INFORMATICA MI C/C++": {"medie": 5.564285714285715, "reusita": 71.42857142857143, "cnt": 7}, "CHIMIE ANORGANICA TEH NIVEL I/II": {"medie": 4.281818181818182, "reusita": 33.33333333333333, "cnt": 12}, "FIZICA TEH": {"medie": 7.2125, "reusita": 26.666666666666668, "cnt": 15}, "CHIMIE ANORGANICA TEO NIVEL I/II": {"medie": 3.425, "reusita": 0.0, "cnt": 2}}, "nume": "COLEGIUL TEHNIC \"EDMOND NICOLAU\" FOCSANI\tVrancea"}