{"specializari": {"TEHNICIAN IN ACTIVITATI DE COMERT": 5, "TEHNICIAN IN ACTIVITATI ECONOMICE": 67, "TEHNICIAN IN HOTELARIE": 29}, "limba_moderna": {"LIMBA FRANCEZA": 5, "LIMBA ENGLEZA": 96}, "limba_materna": {"LIMBA ROMANA": 101}, "promotie_anterioara": {"DA": 8, "NU": 93}, "materii": {"LIMBA ROMANA": {"medie": 7.868500000000004, "reusita": 98.01980198019803, "cnt": 101}, "MATEMATICA TEHN": {"medie": 8.566, "reusita": 97.02970297029702, "cnt": 101}, "GENERAL": {"medie": 8.403999999999998, "reusita": 95.04950495049505, "cnt": 101}, "GEOGRAFIE": {"medie": 8.593333333333332, "reusita": 98.36065573770492, "cnt": 61}, "LOGICA, ARGUMENTARE SI COMUNICARE": {"medie": 9.060256410256411, "reusita": 97.43589743589743, "cnt": 39}, "PSIHOLOGIE": {"medie": 8.8, "reusita": 100.0, "cnt": 1}}, "nume": "COLEGIUL ECONOMIC \"IULIAN POP\" CLUJ-NAPOCA\tCluj"}