{"specializari": {"TEHNICIAN IN GASTRONOMIE": 36, "COAFOR STILIST": 30, "TEHNICIAN DESIGNER VESTIMENTAR": 23, "TEHNICIAN IN INDUSTRIA TEXTILA": 3, "TEHNICIAN IN HOTELARIE": 14, "TEHNICIAN PROIECTANT CAD": 3}, "limba_moderna": {"LIMBA ENGLEZA": 82, "LIMBA FRANCEZA": 27}, "limba_materna": {"LIMBA ROMANA": 109}, "promotie_anterioara": {"DA": 36, "NU": 73}, "materii": {"LIMBA ROMANA": {"medie": 6.136893203883496, "reusita": 86.23853211009175, "cnt": 109}, "MATEMATICA TEHN": {"medie": 5.311224489795917, "reusita": 57.798165137614674, "cnt": 109}, "BIOLOGIE VEGETALA SI ANIMALA": {"medie": 4.310526315789473, "reusita": 36.84210526315789, "cnt": 19}, "GENERAL": {"medie": 5.906972789115651, "reusita": 42.201834862385326, "cnt": 109}, "GEOGRAFIE": {"medie": 7.225, "reusita": 91.66666666666666, "cnt": 60}, "LOGICA, ARGUMENTARE SI COMUNICARE": {"medie": 7.0888888888888895, "reusita": 80.0, "cnt": 10}, "CHIMIE ANORGANICA TEH NIVEL I/II": {"medie": 4.366666666666667, "reusita": 66.66666666666666, "cnt": 3}, "PSIHOLOGIE": {"medie": 6.3, "reusita": 100.0, "cnt": 1}, "FIZICA TEH": {"medie": 2.6999999999999997, "reusita": 0.0, "cnt": 7}, "ECONOMIE": {"medie": 5.655555555555555, "reusita": 66.66666666666666, "cnt": 9}}, "nume": "COLEGIUL TEHNIC \"IOAN C. STEFANESCU\", IASI\tIa\u0219i"}