{"specializari": {"TEHNICIAN IN ACTIVITATI DE COMERT": 32, "TEHNICIAN IN HOTELARIE": 3, "TEHNICIAN IN ACTIVITATI ECONOMICE": 119, "TEHNICIAN IN ADMINISTRATIE": 27, "TEHNICIAN IN ACHIZITII SI CONTRACTARI": 32, "TEHNICIAN IN GASTRONOMIE": 27, "TEHNICIAN IN TURISM": 23, "ORGANIZATOR BANQUETING": 1}, "limba_moderna": {"LIMBA FRANCEZA": 24, "LIMBA ENGLEZA": 237, "LIMBA GERMANA MODERNA": 3}, "limba_materna": {"LIMBA ROMANA": 264}, "promotie_anterioara": {"DA": 18, "NU": 246}, "materii": {"LIMBA ROMANA": {"medie": 7.420419847328244, "reusita": 96.96969696969697, "cnt": 264}, "MATEMATICA TEHN": {"medie": 7.091762452107285, "reusita": 88.25757575757575, "cnt": 264}, "GENERAL": {"medie": 7.646232439335889, "reusita": 83.33333333333334, "cnt": 264}, "GEOGRAFIE": {"medie": 8.499390243902436, "reusita": 95.98393574297188, "cnt": 249}, "LOGICA, ARGUMENTARE SI COMUNICARE": {"medie": 6.963636363636363, "reusita": 81.81818181818183, "cnt": 11}, "PSIHOLOGIE": {"medie": 6.800000000000001, "reusita": 100.0, "cnt": 2}, "ECONOMIE": {"medie": 8.25, "reusita": 100.0, "cnt": 2}}, "nume": "COLEGIUL ECONOMIC \"ION GHICA\" TARGOVISTE\tD\u00e2mbovi\u021ba"}