{"specializari": {"TEHNICIAN MECANIC PENTRU INTRETINERE SI REPARATII": 5, "TEHNICIAN ECOLOG SI PROTECTIA CALITATII MEDIULUI": 17, "TEHNICIAN TRANSPORTURI": 4, "TEHNICIAN IN INSTALATII ELECTRICE": 12, "TEHNICIAN OPERATOR TEHNICA DE CALCUL": 21, "TEHNICIAN IN ACTIVITATI ECONOMICE": 13, "TEHNICIAN IN TURISM": 23, "TEHNICIAN DESIGNER VESTIMENTAR": 2, "TEHNICIAN MECATRONIST": 1}, "limba_moderna": {"LIMBA ENGLEZA": 97, "LIMBA FRANCEZA": 1}, "limba_materna": {"LIMBA ROMANA": 98}, "promotie_anterioara": {"DA": 43, "NU": 55}, "materii": {"LIMBA ROMANA": {"medie": 5.820408163265307, "reusita": 89.79591836734694, "cnt": 98}, "MATEMATICA TEHN": {"medie": 5.921052631578945, "reusita": 81.63265306122449, "cnt": 98}, "BIOLOGIE VEGETALA SI ANIMALA": {"medie": 5.826829268292683, "reusita": 72.09302325581395, "cnt": 43}, "GENERAL": {"medie": 6.155789473684212, "reusita": 50.0, "cnt": 98}, "ANATOMIE SI FIZIOLOGIE UMANA, GENETICA SI ECOLOGIE UMANA": {"medie": 5.88125, "reusita": 70.58823529411765, "cnt": 17}, "GEOGRAFIE": {"medie": 8.009375, "reusita": 100.0, "cnt": 16}, "LOGICA, ARGUMENTARE SI COMUNICARE": {"medie": 8.06842105263158, "reusita": 100.0, "cnt": 19}, "PSIHOLOGIE": {"medie": 6.5, "reusita": 100.0, "cnt": 1}, "FIZICA TEH": {"medie": 6.55, "reusita": 100.0, "cnt": 2}}, "nume": "COLEGIUL TEHNIC \"GRIGORE COBALCESCU\" MOINESTI\tBac\u0103u"}