{"specializari": {"MATEMATICA-INFORMATICA": 85, "STIINTE ALE NATURII": 65, "STIINTE SOCIALE": 34}, "limba_moderna": {"LIMBA ENGLEZA": 154, "LIMBA GERMANA MODERNA": 14, "LIMBA SPANIOLA": 9, "LIMBA FRANCEZA": 7}, "limba_materna": {"LIMBA ROMANA": 184}, "promotie_anterioara": {"NU": 184}, "materii": {"LIMBA ROMANA": {"medie": 8.889945652173912, "reusita": 100.0, "cnt": 184}, "BIOLOGIE VEGETALA SI ANIMALA": {"medie": 9.15, "reusita": 100.0, "cnt": 2}, "GENERAL": {"medie": 9.00978260869565, "reusita": 100.0, "cnt": 184}, "MATEMATICA MATE-INFO": {"medie": 9.14, "reusita": 100.0, "cnt": 85}, "ANATOMIE SI FIZIOLOGIE UMANA, GENETICA SI ECOLOGIE UMANA": {"medie": 9.063076923076922, "reusita": 100.0, "cnt": 65}, "FIZICA TEO": {"medie": 9.128260869565217, "reusita": 100.0, "cnt": 23}, "GEOGRAFIE": {"medie": 9.3, "reusita": 100.0, "cnt": 1}, "INFORMATICA MI C/C++": {"medie": 9.616666666666665, "reusita": 100.0, "cnt": 48}, "ISTORIE": {"medie": 8.873529411764707, "reusita": 100.0, "cnt": 34}, "LOGICA, ARGUMENTARE SI COMUNICARE": {"medie": 9.325000000000001, "reusita": 100.0, "cnt": 26}, "MATEMATICA ST-NAT": {"medie": 8.373076923076923, "reusita": 100.0, "cnt": 65}, "PSIHOLOGIE": {"medie": 10.0, "reusita": 100.0, "cnt": 2}, "CHIMIE ORGANICA TEO NIVEL I/II": {"medie": 9.799999999999999, "reusita": 100.0, "cnt": 12}, "SOCIOLOGIE": {"medie": 9.3, "reusita": 100.0, "cnt": 1}, "ECONOMIE": {"medie": 9.299999999999999, "reusita": 100.0, "cnt": 4}}, "nume": "COLEGIUL NATIONAL \"STEFAN CEL MARE\" SUCEAVA\tSuceava"}