{"specializari": {"LICEU CU PROGRAM SPORTIV": 27, "STIINTE SOCIALE": 33, "STIINTE ALE NATURII": 49, "FILOLOGIE": 32, "MATEMATICA-INFORMATICA": 83}, "limba_moderna": {"LIMBA ENGLEZA": 166, "LIMBA FRANCEZA": 29, "LIMBA GERMANA MODERNA": 29}, "limba_materna": {"LIMBA ROMANA": 224}, "promotie_anterioara": {"DA": 4, "NU": 220}, "materii": {"LIMBA ROMANA": {"medie": 8.4204954954955, "reusita": 97.76785714285714, "cnt": 224}, "BIOLOGIE VEGETALA SI ANIMALA": {"medie": 8.3, "reusita": 66.66666666666666, "cnt": 3}, "GENERAL": {"medie": 8.527601809954751, "reusita": 94.64285714285714, "cnt": 224}, "MATEMATICA MATE-INFO": {"medie": 8.882926829268294, "reusita": 98.79518072289156, "cnt": 83}, "ANATOMIE SI FIZIOLOGIE UMANA, GENETICA SI ECOLOGIE UMANA": {"medie": 9.415217391304349, "reusita": 97.87234042553192, "cnt": 47}, "FIZICA TEO": {"medie": 9.425555555555558, "reusita": 100.0, "cnt": 45}, "GEOGRAFIE": {"medie": 8.450925925925926, "reusita": 100.0, "cnt": 54}, "INFORMATICA MI C/C++": {"medie": 9.543103448275861, "reusita": 96.66666666666667, "cnt": 30}, "ISTORIE": {"medie": 7.319021739130435, "reusita": 96.73913043478261, "cnt": 92}, "LOGICA, ARGUMENTARE SI COMUNICARE": {"medie": 5.225, "reusita": 50.0, "cnt": 4}, "MATEMATICA ST-NAT": {"medie": 8.41595744680851, "reusita": 93.87755102040816, "cnt": 49}, "PSIHOLOGIE": {"medie": 8.924999999999999, "reusita": 100.0, "cnt": 6}, "CHIMIE ORGANICA TEO NIVEL I/II": {"medie": 9.891666666666667, "reusita": 100.0, "cnt": 6}, "SOCIOLOGIE": {"medie": 8.741176470588234, "reusita": 100.0, "cnt": 17}, "INFORMATICA SN C/C++": {"medie": 9.9, "reusita": 100.0, "cnt": 1}, "ECONOMIE": {"medie": 8.354545454545455, "reusita": 100.0, "cnt": 11}}, "nume": "COLEGIUL NATIONAL MIRCEA CEL BATRAN, MUN. RM. VALCEA\tV\u00e2lcea"}