{"specializari": {"TEHNICIAN IN TURISM": 14, "TEHNICIAN IN HOTELARIE": 15, "LICEU CU PROGRAM SPORTIV": 18, "TEHNICIAN TRANSPORTURI": 27, "TEHNICIAN ELECTRICIAN/ELECTRONIST AUTO": 12, "MATEMATICA-INFORMATICA": 10, "TEHNICIAN ELECTROTEHNIST": 1, "TEHNICIAN OPERATOR TEHNICA DE CALCUL": 1}, "limba_moderna": {"LIMBA ENGLEZA": 96, "LIMBA FRANCEZA": 2}, "limba_materna": {"LIMBA ROMANA": 98}, "promotie_anterioara": {"DA": 50, "NU": 48}, "materii": {"LIMBA ROMANA": {"medie": 5.5596774193548395, "reusita": 76.53061224489795, "cnt": 98}, "MATEMATICA TEHN": {"medie": 4.225384615384618, "reusita": 51.42857142857142, "cnt": 70}, "BIOLOGIE VEGETALA SI ANIMALA": {"medie": 5.034285714285715, "reusita": 57.49999999999999, "cnt": 40}, "GENERAL": {"medie": 5.206470588235292, "reusita": 27.55102040816326, "cnt": 98}, "MATEMATICA MATE-INFO": {"medie": 2.072222222222222, "reusita": 10.0, "cnt": 10}, "GEOGRAFIE": {"medie": 6.659090909090909, "reusita": 76.08695652173914, "cnt": 46}, "ISTORIE": {"medie": 5.6611111111111105, "reusita": 88.88888888888889, "cnt": 18}, "LOGICA, ARGUMENTARE SI COMUNICARE": {"medie": 2.3, "reusita": 0.0, "cnt": 1}, "FIZICA TEH": {"medie": 3.45625, "reusita": 27.27272727272727, "cnt": 11}}, "nume": "COLEGIUL TEHNIC \"IULIU MANIU\"\tBucure\u0219ti"}