{"specializari": {"STIINTE SOCIALE": 31, "MATEMATICA-INFORMATICA": 92, "STIINTE ALE NATURII": 31, "FILOLOGIE": 28}, "limba_moderna": {"LIMBA ENGLEZA": 177, "LIMBA FRANCEZA": 2, "LIMBA GERMANA MODERNA": 3}, "limba_materna": {"LIMBA ROMANA": 182}, "promotie_anterioara": {"NU": 182}, "materii": {"LIMBA ROMANA": {"medie": 8.752197802197804, "reusita": 100.0, "cnt": 182}, "BIOLOGIE VEGETALA SI ANIMALA": {"medie": 8.71764705882353, "reusita": 100.0, "cnt": 17}, "GENERAL": {"medie": 8.958058608058613, "reusita": 99.45054945054946, "cnt": 182}, "MATEMATICA MATE-INFO": {"medie": 9.01684782608695, "reusita": 100.0, "cnt": 92}, "ANATOMIE SI FIZIOLOGIE UMANA, GENETICA SI ECOLOGIE UMANA": {"medie": 8.775, "reusita": 100.0, "cnt": 20}, "FIZICA TEO": {"medie": 9.109090909090906, "reusita": 100.0, "cnt": 33}, "GEOGRAFIE": {"medie": 9.454545454545455, "reusita": 100.0, "cnt": 22}, "INFORMATICA MI C/C++": {"medie": 9.505882352941176, "reusita": 100.0, "cnt": 34}, "ISTORIE": {"medie": 8.76864406779661, "reusita": 100.0, "cnt": 59}, "FILOSOFIE": {"medie": 9.85, "reusita": 100.0, "cnt": 2}, "LOGICA, ARGUMENTARE SI COMUNICARE": {"medie": 9.49047619047619, "reusita": 100.0, "cnt": 21}, "MATEMATICA ST-NAT": {"medie": 8.658064516129034, "reusita": 96.7741935483871, "cnt": 31}, "PSIHOLOGIE": {"medie": 9.4, "reusita": 100.0, "cnt": 4}, "CHIMIE ANORGANICA TEO NIVEL I/II": {"medie": 8.25, "reusita": 100.0, "cnt": 2}, "CHIMIE ORGANICA TEO NIVEL I/II": {"medie": 9.723529411764705, "reusita": 100.0, "cnt": 17}, "SOCIOLOGIE": {"medie": 8.8, "reusita": 100.0, "cnt": 1}, "ECONOMIE": {"medie": 8.911111111111111, "reusita": 100.0, "cnt": 9}}, "nume": "COLEGIUL NATIONAL \"UNIREA\" FOCSANI\tVrancea"}