{"specializari": {"TEHNICIAN IN TURISM": 15, "TEHNICIAN IN ACTIVITATI ECONOMICE": 75, "TEHNICIAN IN ACTIVITATI DE COMERT": 10, "TEHNICIAN IN GASTRONOMIE": 5}, "limba_moderna": {"LIMBA ENGLEZA": 102, "LIMBA RUSA": 1, "LIMBA FRANCEZA": 2}, "limba_materna": {"LIMBA ROMANA": 105}, "promotie_anterioara": {"DA": 18, "NU": 87}, "materii": {"LIMBA ROMANA": {"medie": 7.122815533980584, "reusita": 95.23809523809523, "cnt": 105}, "MATEMATICA TEHN": {"medie": 6.643939393939392, "reusita": 84.76190476190476, "cnt": 105}, "GENERAL": {"medie": 7.247619047619049, "reusita": 79.04761904761905, "cnt": 105}, "GEOGRAFIE": {"medie": 7.711797752808993, "reusita": 93.47826086956522, "cnt": 92}, "LOGICA, ARGUMENTARE SI COMUNICARE": {"medie": 8.778571428571428, "reusita": 100.0, "cnt": 7}, "ECONOMIE": {"medie": 7.625000000000001, "reusita": 100.0, "cnt": 6}}, "nume": "COLEGIUL ECONOMIC \"ION GHICA\"\tBr\u0103ila"}