{"specializari": {"COAFOR STILIST": 26, "TEHNICIAN IN GASTRONOMIE": 25, "TEHNICIAN IN ACTIVITATI ECONOMICE": 1}, "limba_moderna": {"LIMBA ENGLEZA": 52}, "limba_materna": {"LIMBA ROMANA": 52}, "promotie_anterioara": {"DA": 9, "NU": 43}, "materii": {"LIMBA ROMANA": {"medie": 5.7799999999999985, "reusita": 76.92307692307693, "cnt": 52}, "MATEMATICA TEHN": {"medie": 4.213829787234043, "reusita": 32.69230769230769, "cnt": 52}, "GENERAL": {"medie": 5.529078014184399, "reusita": 30.76923076923077, "cnt": 52}, "GEOGRAFIE": {"medie": 6.535, "reusita": 88.46153846153845, "cnt": 52}}, "nume": "COLEGIUL TEHNIC \"ION HOLBAN\", IASI\tIa\u0219i"}