{"specializari": {"MATEMATICA-INFORMATICA": 110}, "limba_moderna": {"LIMBA ENGLEZA": 27, "LIMBA FRANCEZA": 83}, "limba_materna": {"LIMBA ROMANA": 110}, "promotie_anterioara": {"NU": 110}, "materii": {"LIMBA ROMANA": {"medie": 8.54, "reusita": 100.0, "cnt": 110}, "BIOLOGIE VEGETALA SI ANIMALA": {"medie": 9.4325, "reusita": 100.0, "cnt": 40}, "GENERAL": {"medie": 8.693181818181822, "reusita": 100.0, "cnt": 110}, "MATEMATICA MATE-INFO": {"medie": 8.468636363636364, "reusita": 100.0, "cnt": 110}, "FIZICA TEO": {"medie": 8.959482758620688, "reusita": 100.0, "cnt": 58}, "INFORMATICA MI C/C++": {"medie": 8.325, "reusita": 100.0, "cnt": 10}, "CHIMIE ANORGANICA TEO NIVEL I/II": {"medie": 8.8, "reusita": 100.0, "cnt": 2}}, "nume": "COLEGIUL NATIONAL MILITAR \"TUDOR VLADIMIRESCU\" CRAIOVA\tDolj"}