{"specializari": {"FILOLOGIE": 75, "STIINTE ALE NATURII": 66, "MATEMATICA-INFORMATICA": 115}, "limba_moderna": {"LIMBA SPANIOLA": 11, "LIMBA ENGLEZA": 222, "LIMBA FRANCEZA": 18, "LIMBA GERMANA MODERNA": 5}, "limba_materna": {"LIMBA ROMANA": 256}, "promotie_anterioara": {"NU": 256}, "materii": {"LIMBA ROMANA": {"medie": 8.366406249999999, "reusita": 100.0, "cnt": 256}, "GENERAL": {"medie": 8.640885416666672, "reusita": 98.4375, "cnt": 256}, "MATEMATICA MATE-INFO": {"medie": 8.650869565217393, "reusita": 99.1304347826087, "cnt": 115}, "ANATOMIE SI FIZIOLOGIE UMANA, GENETICA SI ECOLOGIE UMANA": {"medie": 9.283018867924527, "reusita": 100.0, "cnt": 106}, "FIZICA TEO": {"medie": 8.857142857142858, "reusita": 100.0, "cnt": 28}, "GEOGRAFIE": {"medie": 9.383333333333333, "reusita": 100.0, "cnt": 9}, "INFORMATICA MI C/C++": {"medie": 9.192682926829269, "reusita": 100.0, "cnt": 41}, "ISTORIE": {"medie": 7.6453333333333315, "reusita": 97.33333333333334, "cnt": 75}, "LOGICA, ARGUMENTARE SI COMUNICARE": {"medie": 9.301612903225806, "reusita": 100.0, "cnt": 62}, "MATEMATICA ST-NAT": {"medie": 8.52727272727273, "reusita": 100.0, "cnt": 66}, "PSIHOLOGIE": {"medie": 9.85, "reusita": 100.0, "cnt": 1}, "CHIMIE ORGANICA TEO NIVEL I/II": {"medie": 9.616666666666665, "reusita": 100.0, "cnt": 6}, "ECONOMIE": {"medie": 8.583333333333334, "reusita": 100.0, "cnt": 3}}, "nume": "COLEGIUL NATIONAL \"CAROL I\" CRAIOVA\tDolj"}