{"specializari": {"MATEMATICA-INFORMATICA": 31, "STIINTE ALE NATURII": 29, "STIINTE SOCIALE": 28, "FILOLOGIE": 25}, "limba_moderna": {"LIMBA FRANCEZA": 10, "LIMBA ENGLEZA": 103}, "limba_materna": {"LIMBA ROMANA": 113}, "promotie_anterioara": {"NU": 112, "DA": 1}, "materii": {"LIMBA ROMANA": {"medie": 8.787053571428574, "reusita": 99.11504424778761, "cnt": 113}, "BIOLOGIE VEGETALA SI ANIMALA": {"medie": "-", "reusita": 0.0, "cnt": 1}, "GENERAL": {"medie": 8.673511904761906, "reusita": 99.11504424778761, "cnt": 113}, "MATEMATICA MATE-INFO": {"medie": 8.130645161290323, "reusita": 100.0, "cnt": 31}, "ANATOMIE SI FIZIOLOGIE UMANA, GENETICA SI ECOLOGIE UMANA": {"medie": 9.385416666666668, "reusita": 100.0, "cnt": 24}, "FIZICA TEO": {"medie": 7.8875, "reusita": 100.0, "cnt": 4}, "GEOGRAFIE": {"medie": 9.277999999999999, "reusita": 100.0, "cnt": 25}, "INFORMATICA MI C/C++": {"medie": 8.838235294117647, "reusita": 100.0, "cnt": 17}, "ISTORIE": {"medie": 8.034905660377357, "reusita": 100.0, "cnt": 53}, "LOGICA, ARGUMENTARE SI COMUNICARE": {"medie": 9.122727272727273, "reusita": 100.0, "cnt": 22}, "MATEMATICA ST-NAT": {"medie": 8.807142857142859, "reusita": 96.55172413793103, "cnt": 29}, "PSIHOLOGIE": {"medie": 9.25, "reusita": 100.0, "cnt": 2}, "CHIMIE ANORGANICA TEO NIVEL I/II": {"medie": 8.11, "reusita": 100.0, "cnt": 10}, "CHIMIE ORGANICA TEO NIVEL I/II": {"medie": 9.5, "reusita": 100.0, "cnt": 1}, "SOCIOLOGIE": {"medie": 9.4, "reusita": 100.0, "cnt": 1}, "INFORMATICA SN C/C++": {"medie": 7.966666666666668, "reusita": 100.0, "cnt": 3}, "ECONOMIE": {"medie": 7.8500000000000005, "reusita": 100.0, "cnt": 3}}, "nume": "COLEGIUL NATIONAL \"GARABET IBRAILEANU\", IASI\tIa\u0219i"}