{"specializari": {"MATEMATICA-INFORMATICA": 86, "FILOLOGIE": 24, "STIINTE ALE NATURII": 31}, "limba_moderna": {"LIMBA ENGLEZA": 125, "LIMBA GERMANA MODERNA": 15, "LIMBA FRANCEZA": 1}, "limba_materna": {"LIMBA ROMANA": 141}, "promotie_anterioara": {"NU": 141}, "materii": {"LIMBA ROMANA": {"medie": 9.322695035460988, "reusita": 100.0, "cnt": 141}, "GENERAL": {"medie": 9.384880952380948, "reusita": 99.29078014184397, "cnt": 141}, "MATEMATICA MATE-INFO": {"medie": 9.175, "reusita": 100.0, "cnt": 86}, "ANATOMIE SI FIZIOLOGIE UMANA, GENETICA SI ECOLOGIE UMANA": {"medie": 9.416666666666668, "reusita": 100.0, "cnt": 54}, "FIZICA TEO": {"medie": 9.685185185185185, "reusita": 96.42857142857143, "cnt": 28}, "GEOGRAFIE": {"medie": 9.516666666666666, "reusita": 100.0, "cnt": 21}, "INFORMATICA MI C/C++": {"medie": 9.457692307692309, "reusita": 100.0, "cnt": 26}, "ISTORIE": {"medie": 9.554166666666665, "reusita": 100.0, "cnt": 24}, "FILOSOFIE": {"medie": 9.1, "reusita": 100.0, "cnt": 1}, "LOGICA, ARGUMENTARE SI COMUNICARE": {"medie": 9.8, "reusita": 100.0, "cnt": 1}, "MATEMATICA ST-NAT": {"medie": 9.516129032258066, "reusita": 100.0, "cnt": 31}, "PSIHOLOGIE": {"medie": 9.2, "reusita": 100.0, "cnt": 1}, "CHIMIE ORGANICA TEO NIVEL I/II": {"medie": 9.377777777777776, "reusita": 100.0, "cnt": 9}}, "nume": "COLEGIUL NATIONAL, IASI\tIa\u0219i"}