{"specializari": {"STIINTE ALE NATURII": 52, "STIINTE SOCIALE": 32, "MATEMATICA-INFORMATICA": 29}, "limba_moderna": {"LIMBA ENGLEZA": 113}, "limba_materna": {"LIMBA ROMANA": 113}, "promotie_anterioara": {"NU": 112, "DA": 1}, "materii": {"LIMBA ROMANA": {"medie": 8.574336283185842, "reusita": 100.0, "cnt": 113}, "GENERAL": {"medie": 8.769321533923302, "reusita": 99.11504424778761, "cnt": 113}, "MATEMATICA MATE-INFO": {"medie": 8.74655172413793, "reusita": 100.0, "cnt": 29}, "ANATOMIE SI FIZIOLOGIE UMANA, GENETICA SI ECOLOGIE UMANA": {"medie": 9.286842105263158, "reusita": 100.0, "cnt": 57}, "FIZICA TEO": {"medie": 9.65, "reusita": 100.0, "cnt": 2}, "GEOGRAFIE": {"medie": 8.909090909090908, "reusita": 100.0, "cnt": 22}, "INFORMATICA MI C/C++": {"medie": 9.144736842105264, "reusita": 100.0, "cnt": 19}, "ISTORIE": {"medie": 8.9390625, "reusita": 100.0, "cnt": 32}, "LOGICA, ARGUMENTARE SI COMUNICARE": {"medie": 9.664285714285715, "reusita": 100.0, "cnt": 7}, "MATEMATICA ST-NAT": {"medie": 8.100961538461537, "reusita": 98.07692307692307, "cnt": 52}, "PSIHOLOGIE": {"medie": 9.15, "reusita": 100.0, "cnt": 1}, "CHIMIE ANORGANICA TEO NIVEL I/II": {"medie": 9.274999999999999, "reusita": 100.0, "cnt": 2}, "CHIMIE ORGANICA TEO NIVEL I/II": {"medie": 9.7, "reusita": 100.0, "cnt": 1}, "SOCIOLOGIE": {"medie": 9.75, "reusita": 100.0, "cnt": 2}}, "nume": "COLEGIUL NATIONAL \"MIHAI VITEAZUL\" TURDA\tCluj"}