{"specializari": {"TEHNICIAN MECATRONIST": 5, "TEHNICIAN IN ACTIVITATI ECONOMICE": 17, "TEHNICIAN ECOLOG SI PROTECTIA CALITATII MEDIULUI": 48, "TEHNICIAN CHIMIST DE LABORATOR": 77, "TEHNICIAN OPERATOR TEHNICA DE CALCUL": 18, "TEHNICIAN IN AUTOMATIZARI": 24, "TEHNICIAN MECANIC PENTRU INTRETINERE SI REPARATII": 19, "TEHNICIAN ELECTROMECANIC": 43, "TEHNICIAN IN CHIMIE INDUSTRIALA": 4, "TEHNICIAN TRANSPORTURI": 2, "TEHNICIAN IN INSTALATII ELECTRICE": 1}, "limba_moderna": {"LIMBA FRANCEZA": 56, "LIMBA ENGLEZA": 201, "LIMBA GERMANA MODERNA": 1}, "limba_materna": {"LIMBA ROMANA": 258}, "promotie_anterioara": {"DA": 59, "NU": 199}, "materii": {"LIMBA ROMANA": {"medie": 5.934738955823294, "reusita": 79.84496124031007, "cnt": 258}, "MATEMATICA TEHN": {"medie": 5.263900414937756, "reusita": 62.01550387596899, "cnt": 258}, "BIOLOGIE VEGETALA SI ANIMALA": {"medie": 5.178212290502793, "reusita": 58.46153846153847, "cnt": 195}, "GENERAL": {"medie": 5.646866096866093, "reusita": 41.47286821705426, "cnt": 258}, "ANATOMIE SI FIZIOLOGIE UMANA, GENETICA SI ECOLOGIE UMANA": {"medie": 6.850000000000001, "reusita": 86.20689655172413, "cnt": 29}, "GEOGRAFIE": {"medie": 7.935714285714288, "reusita": 85.71428571428571, "cnt": 7}, "LOGICA, ARGUMENTARE SI COMUNICARE": {"medie": 9.03, "reusita": 100.0, "cnt": 10}, "CHIMIE ANORGANICA TEH NIVEL I/II": {"medie": 4.166666666666667, "reusita": 50.0, "cnt": 6}, "FIZICA TEH": {"medie": 7.1375, "reusita": 63.63636363636363, "cnt": 11}}, "nume": "COLEGIUL TEHNIC \"COSTIN D. NENITESCU\" PITESTI\tArge\u0219"}