{"specializari": {"TEHNICIAN IN ACTIVITATI ECONOMICE": 65, "TEHNICIAN IN ADMINISTRATIE": 36, "TEHNICIAN IN ACHIZITII SI CONTRACTARI": 25, "TEHNICIAN IN TURISM": 52, "TEHNICIAN IN ACTIVITATI DE COMERT": 1}, "limba_moderna": {"LIMBA FRANCEZA": 23, "LIMBA ENGLEZA": 156}, "limba_materna": {"LIMBA ROMANA": 179}, "promotie_anterioara": {"NU": 126, "DA": 53}, "materii": {"LIMBA ROMANA": {"medie": 6.222832369942196, "reusita": 89.3854748603352, "cnt": 179}, "MATEMATICA TEHN": {"medie": 5.002958579881655, "reusita": 60.33519553072626, "cnt": 179}, "GENERAL": {"medie": 6.042063492063495, "reusita": 45.81005586592179, "cnt": 179}, "GEOGRAFIE": {"medie": 7.100000000000003, "reusita": 89.8989898989899, "cnt": 99}, "LOGICA, ARGUMENTARE SI COMUNICARE": {"medie": 6.504929577464789, "reusita": 72.36842105263158, "cnt": 76}, "PSIHOLOGIE": {"medie": 7.233333333333334, "reusita": 100.0, "cnt": 3}, "ECONOMIE": {"medie": 6.25, "reusita": 100.0, "cnt": 1}}, "nume": "COLEGIUL NATIONAL ECONOMIC \"THEODOR COSTESCU\"\tMehedin\u021bi"}