{"specializari": {"MATEMATICA-INFORMATICA": 53, "STIINTE ALE NATURII": 66, "STIINTE SOCIALE": 58}, "limba_moderna": {"LIMBA ENGLEZA": 160, "LIMBA FRANCEZA": 3, "LIMBA GERMANA MODERNA": 14}, "limba_materna": {"LIMBA ROMANA": 177}, "promotie_anterioara": {"NU": 177}, "materii": {"LIMBA ROMANA": {"medie": 8.918361581920905, "reusita": 100.0, "cnt": 177}, "BIOLOGIE VEGETALA SI ANIMALA": {"medie": 6.6, "reusita": 100.0, "cnt": 1}, "GENERAL": {"medie": 8.898116760828625, "reusita": 98.87005649717514, "cnt": 177}, "MATEMATICA MATE-INFO": {"medie": 9.225471698113207, "reusita": 100.0, "cnt": 53}, "ANATOMIE SI FIZIOLOGIE UMANA, GENETICA SI ECOLOGIE UMANA": {"medie": 9.217424242424242, "reusita": 100.0, "cnt": 66}, "FIZICA TEO": {"medie": 9.307500000000001, "reusita": 100.0, "cnt": 20}, "GEOGRAFIE": {"medie": 8.9, "reusita": 100.0, "cnt": 8}, "INFORMATICA MI C/C++": {"medie": 9.117391304347825, "reusita": 100.0, "cnt": 23}, "ISTORIE": {"medie": 8.114655172413794, "reusita": 96.55172413793103, "cnt": 58}, "LOGICA, ARGUMENTARE SI COMUNICARE": {"medie": 8.943333333333333, "reusita": 100.0, "cnt": 45}, "MATEMATICA ST-NAT": {"medie": 8.716666666666669, "reusita": 100.0, "cnt": 66}, "PSIHOLOGIE": {"medie": 9.4, "reusita": 100.0, "cnt": 1}, "CHIMIE ANORGANICA TEO NIVEL I/II": {"medie": 7.9, "reusita": 100.0, "cnt": 1}, "CHIMIE ORGANICA TEO NIVEL I/II": {"medie": 9.393749999999999, "reusita": 100.0, "cnt": 8}, "SOCIOLOGIE": {"medie": 8.516666666666667, "reusita": 100.0, "cnt": 3}, "ECONOMIE": {"medie": 9.0, "reusita": 100.0, "cnt": 1}}, "nume": "COLEGIUL NATIONAL \"ALEXANDRU PAPIU ILARIAN\" TIRGU MURES\tMure\u0219"}