{"specializari": {"MATEMATICA-INFORMATICA": 145, "STIINTE ALE NATURII": 58, "FILOLOGIE": 88}, "limba_moderna": {"LIMBA GERMANA MODERNA": 16, "LIMBA ENGLEZA": 246, "LIMBA FRANCEZA": 29}, "limba_materna": {"LIMBA ROMANA": 291}, "promotie_anterioara": {"NU": 291}, "materii": {"LIMBA ROMANA": {"medie": 8.471477663230239, "reusita": 100.0, "cnt": 291}, "BIOLOGIE VEGETALA SI ANIMALA": {"medie": 9.216666666666667, "reusita": 100.0, "cnt": 21}, "GENERAL": {"medie": 8.630057471264362, "reusita": 97.9381443298969, "cnt": 291}, "MATEMATICA MATE-INFO": {"medie": 8.652068965517241, "reusita": 99.3103448275862, "cnt": 145}, "ANATOMIE SI FIZIOLOGIE UMANA, GENETICA SI ECOLOGIE UMANA": {"medie": 8.50625, "reusita": 100.0, "cnt": 32}, "FIZICA TEO": {"medie": 8.74672131147541, "reusita": 100.0, "cnt": 61}, "GEOGRAFIE": {"medie": 9.300000000000002, "reusita": 100.0, "cnt": 11}, "INFORMATICA MI C/C++": {"medie": 8.567187500000001, "reusita": 100.0, "cnt": 32}, "ISTORIE": {"medie": 8.19318181818182, "reusita": 97.72727272727273, "cnt": 88}, "LOGICA, ARGUMENTARE SI COMUNICARE": {"medie": 9.052272727272728, "reusita": 98.50746268656717, "cnt": 67}, "MATEMATICA ST-NAT": {"medie": 8.447413793103447, "reusita": 100.0, "cnt": 58}, "PSIHOLOGIE": {"medie": 9.2, "reusita": 100.0, "cnt": 5}, "CHIMIE ANORGANICA TEO NIVEL I/II": {"medie": 8.950000000000001, "reusita": 100.0, "cnt": 3}, "CHIMIE ORGANICA TEO NIVEL I/II": {"medie": 9.176, "reusita": 100.0, "cnt": 50}, "SOCIOLOGIE": {"medie": 8.4, "reusita": 100.0, "cnt": 1}, "INFORMATICA SN C/C++": {"medie": 9.8375, "reusita": 100.0, "cnt": 4}, "ECONOMIE": {"medie": 8.9, "reusita": 100.0, "cnt": 4}}, "nume": "COLEGIUL NATIONAL \"ION LUCA CARAGIALE\", MUNICIPIUL PLOIESTI\tPrahova"}