{"specializari": {"MATEMATICA-INFORMATICA": 105}, "limba_moderna": {"LIMBA FRANCEZA": 54, "LIMBA ENGLEZA": 51}, "limba_materna": {"LIMBA ROMANA": 105}, "promotie_anterioara": {"NU": 105}, "materii": {"LIMBA ROMANA": {"medie": 8.892380952380954, "reusita": 100.0, "cnt": 105}, "BIOLOGIE VEGETALA SI ANIMALA": {"medie": 8.764814814814814, "reusita": 100.0, "cnt": 27}, "GENERAL": {"medie": 8.971587301587304, "reusita": 100.0, "cnt": 105}, "MATEMATICA MATE-INFO": {"medie": 8.931904761904763, "reusita": 100.0, "cnt": 105}, "FIZICA TEO": {"medie": 9.212337662337662, "reusita": 100.0, "cnt": 77}, "INFORMATICA MI C/C++": {"medie": 8.5, "reusita": 100.0, "cnt": 1}}, "nume": "COLEGIUL NATIONAL MILITAR \"MIHAI VITEAZUL\" ALBA IULIA\tAlba"}