{"specializari": {"TEHNICIAN ANALIZE PRODUSE ALIMENTARE": 4, "FILOLOGIE": 12, "TEHNICIAN IN TURISM": 1, "MATEMATICA-INFORMATICA": 1, "TEHNICIAN IN GASTRONOMIE": 15, "TEHNICIAN MECATRONIST": 3, "STIINTE ALE NATURII": 2, "TEHNICIAN ECOLOG SI PROTECTIA CALITATII MEDIULUI": 6, "TEHNICIAN MECANIC PENTRU INTRETINERE SI REPARATII": 5}, "limba_moderna": {"LIMBA ENGLEZA": 31, "LIMBA FRANCEZA": 18}, "limba_materna": {"LIMBA ROMANA": 49}, "promotie_anterioara": {"DA": 22, "NU": 27}, "materii": {"LIMBA ROMANA": {"medie": 5.816666666666667, "reusita": 81.63265306122449, "cnt": 49}, "MATEMATICA TEHN": {"medie": 4.581818181818181, "reusita": 50.0, "cnt": 34}, "BIOLOGIE VEGETALA SI ANIMALA": {"medie": 4.515, "reusita": 50.0, "cnt": 10}, "GENERAL": {"medie": 5.792962962962963, "reusita": 38.775510204081634, "cnt": 49}, "MATEMATICA MATE-INFO": {"medie": 1.0, "reusita": 0.0, "cnt": 1}, "ANATOMIE SI FIZIOLOGIE UMANA, GENETICA SI ECOLOGIE UMANA": {"medie": 6.644444444444444, "reusita": 80.0, "cnt": 10}, "GEOGRAFIE": {"medie": 7.257142857142855, "reusita": 89.28571428571429, "cnt": 28}, "ISTORIE": {"medie": 6.309090909090909, "reusita": 83.33333333333334, "cnt": 12}, "MATEMATICA ST-NAT": {"medie": "-", "reusita": 0.0, "cnt": 2}, "CHIMIE ORGANICA TEH NIVEL I/II": {"medie": 2.2, "reusita": 0.0, "cnt": 1}}, "nume": "COLEGIUL TEHNIC \"COSTIN D. NENITESCU\"\tBr\u0103ila"}