{"specializari": {"FILOLOGIE": 28, "MATEMATICA-INFORMATICA": 63, "STIINTE ALE NATURII": 89}, "limba_moderna": {"LIMBA FRANCEZA": 34, "LIMBA GERMANA MODERNA": 35, "LIMBA ENGLEZA": 111}, "limba_materna": {"LIMBA ROMANA": 180}, "promotie_anterioara": {"NU": 180}, "materii": {"LIMBA ROMANA": {"medie": 9.017777777777779, "reusita": 100.0, "cnt": 180}, "BIOLOGIE VEGETALA SI ANIMALA": {"medie": 9.860000000000001, "reusita": 100.0, "cnt": 5}, "GENERAL": {"medie": 9.048611111111114, "reusita": 100.0, "cnt": 180}, "MATEMATICA MATE-INFO": {"medie": 9.061111111111112, "reusita": 100.0, "cnt": 63}, "ANATOMIE SI FIZIOLOGIE UMANA, GENETICA SI ECOLOGIE UMANA": {"medie": 9.288709677419352, "reusita": 100.0, "cnt": 93}, "FIZICA TEO": {"medie": 9.286363636363635, "reusita": 100.0, "cnt": 11}, "GEOGRAFIE": {"medie": 9.5, "reusita": 100.0, "cnt": 5}, "INFORMATICA MI C/C++": {"medie": 9.346969696969696, "reusita": 100.0, "cnt": 33}, "ISTORIE": {"medie": 9.219642857142857, "reusita": 100.0, "cnt": 28}, "LOGICA, ARGUMENTARE SI COMUNICARE": {"medie": 9.536842105263158, "reusita": 100.0, "cnt": 19}, "MATEMATICA ST-NAT": {"medie": 8.434831460674152, "reusita": 100.0, "cnt": 89}, "PSIHOLOGIE": {"medie": 8.983333333333333, "reusita": 100.0, "cnt": 3}, "CHIMIE ANORGANICA TEO NIVEL I/II": {"medie": 9.15, "reusita": 100.0, "cnt": 1}, "CHIMIE ORGANICA TEO NIVEL I/II": {"medie": 9.683333333333334, "reusita": 100.0, "cnt": 6}, "SOCIOLOGIE": {"medie": 10.0, "reusita": 100.0, "cnt": 1}, "INFORMATICA SN C/C++": {"medie": 8.9, "reusita": 100.0, "cnt": 3}}, "nume": "COLEGIUL NATIONAL \"DR. IOAN MESOTA\" BRASOV\tBra\u0219ov"}