{"specializari": {"FILOLOGIE": 66, "STIINTE SOCIALE": 31, "STIINTE ALE NATURII": 27, "MATEMATICA-INFORMATICA": 31}, "limba_moderna": {"LIMBA ENGLEZA": 102, "LIMBA SPANIOLA": 26, "LIMBA FRANCEZA": 27}, "limba_materna": {"LIMBA ROMANA": 155}, "promotie_anterioara": {"DA": 2, "NU": 153}, "materii": {"LIMBA ROMANA": {"medie": 8.56774193548387, "reusita": 99.35483870967742, "cnt": 155}, "BIOLOGIE VEGETALA SI ANIMALA": {"medie": 8.82, "reusita": 100.0, "cnt": 5}, "GENERAL": {"medie": 8.53225806451613, "reusita": 97.41935483870968, "cnt": 155}, "MATEMATICA MATE-INFO": {"medie": 7.967741935483871, "reusita": 100.0, "cnt": 31}, "ANATOMIE SI FIZIOLOGIE UMANA, GENETICA SI ECOLOGIE UMANA": {"medie": 8.677777777777779, "reusita": 100.0, "cnt": 36}, "FIZICA TEO": {"medie": 8.8, "reusita": 100.0, "cnt": 4}, "GEOGRAFIE": {"medie": 8.827272727272726, "reusita": 100.0, "cnt": 11}, "INFORMATICA MI C/C++": {"medie": 9.116666666666669, "reusita": 100.0, "cnt": 12}, "ISTORIE": {"medie": 8.22680412371134, "reusita": 97.9381443298969, "cnt": 97}, "FILOSOFIE": {"medie": 8.6, "reusita": 100.0, "cnt": 1}, "LOGICA, ARGUMENTARE SI COMUNICARE": {"medie": 9.072297297297299, "reusita": 98.64864864864865, "cnt": 74}, "MATEMATICA ST-NAT": {"medie": 7.846296296296297, "reusita": 96.29629629629629, "cnt": 27}, "PSIHOLOGIE": {"medie": 8.9, "reusita": 100.0, "cnt": 5}, "CHIMIE ANORGANICA TEO NIVEL I/II": {"medie": 6.1, "reusita": 100.0, "cnt": 1}, "SOCIOLOGIE": {"medie": 8.983333333333334, "reusita": 100.0, "cnt": 6}}, "nume": "COLEGIUL NATIONAL \"UNIREA\" BRASOV\tBra\u0219ov"}