{"specializari": {"FILOLOGIE": 30, "MATEMATICA-INFORMATICA": 58, "STIINTE ALE NATURII": 30}, "limba_moderna": {"LIMBA FRANCEZA": 19, "LIMBA ENGLEZA": 82, "LIMBA GERMANA MODERNA": 17}, "limba_materna": {"LIMBA ROMANA": 118}, "promotie_anterioara": {"DA": 6, "NU": 112}, "materii": {"LIMBA ROMANA": {"medie": 7.41538461538461, "reusita": 96.61016949152543, "cnt": 118}, "BIOLOGIE VEGETALA SI ANIMALA": {"medie": 6.3, "reusita": 100.0, "cnt": 2}, "GENERAL": {"medie": 7.493103448275866, "reusita": 80.50847457627118, "cnt": 118}, "MATEMATICA MATE-INFO": {"medie": 7.556034482758623, "reusita": 98.27586206896551, "cnt": 58}, "ANATOMIE SI FIZIOLOGIE UMANA, GENETICA SI ECOLOGIE UMANA": {"medie": 7.562142857142858, "reusita": 93.05555555555556, "cnt": 72}, "FIZICA TEO": {"medie": 10.0, "reusita": 100.0, "cnt": 2}, "INFORMATICA MI C/C++": {"medie": 8.681818181818182, "reusita": 100.0, "cnt": 11}, "ISTORIE": {"medie": 7.833333333333334, "reusita": 100.0, "cnt": 30}, "LOGICA, ARGUMENTARE SI COMUNICARE": {"medie": 9.100000000000001, "reusita": 100.0, "cnt": 30}, "MATEMATICA ST-NAT": {"medie": 4.7844827586206895, "reusita": 50.0, "cnt": 30}, "CHIMIE ORGANICA TEO NIVEL I/II": {"medie": 9.85, "reusita": 100.0, "cnt": 1}}, "nume": "COLEGIUL NATIONAL \"TRAIAN DODA\" CARANSEBES\tCara\u0219-Severin"}