{"specializari": {"STIINTE ALE NATURII": 9, "STIINTE SOCIALE": 10, "TEHNICIAN IN SILVICULTURA SI EXPLOATARI FORESTIERE": 23}, "limba_moderna": {"LIMBA ENGLEZA": 42}, "limba_materna": {"LIMBA ROMANA": 42}, "promotie_anterioara": {"NU": 25, "DA": 17}, "materii": {"LIMBA ROMANA": {"medie": 4.7974358974359, "reusita": 50.0, "cnt": 42}, "MATEMATICA TEHN": {"medie": 4.357142857142857, "reusita": 47.82608695652174, "cnt": 23}, "BIOLOGIE VEGETALA SI ANIMALA": {"medie": 5.326190476190477, "reusita": 60.0, "cnt": 25}, "GENERAL": {"medie": 4.785185185185187, "reusita": 21.428571428571427, "cnt": 42}, "ANATOMIE SI FIZIOLOGIE UMANA, GENETICA SI ECOLOGIE UMANA": {"medie": 3.6928571428571426, "reusita": 28.57142857142857, "cnt": 7}, "GEOGRAFIE": {"medie": 7.044444444444445, "reusita": 70.0, "cnt": 10}, "ISTORIE": {"medie": 5.288888888888889, "reusita": 50.0, "cnt": 10}, "MATEMATICA ST-NAT": {"medie": 2.4499999999999997, "reusita": 22.22222222222222, "cnt": 9}}, "nume": "COLEGIUL SILVIC \"THEODOR PIETRARU\" BRANESTI\tIlfov"}