{"specializari": {"MATEMATICA-INFORMATICA": 43, "STIINTE ALE NATURII": 134, "FILOLOGIE": 31, "STIINTE SOCIALE": 41}, "limba_moderna": {"LIMBA ENGLEZA": 247, "LIMBA GERMANA MODERNA": 1, "LIMBA FRANCEZA": 1}, "limba_materna": {"LIMBA ROMANA": 249}, "promotie_anterioara": {"NU": 247, "DA": 2}, "materii": {"LIMBA ROMANA": {"medie": 8.088554216867465, "reusita": 100.0, "cnt": 249}, "GENERAL": {"medie": 8.219745649263718, "reusita": 97.18875502008032, "cnt": 249}, "MATEMATICA MATE-INFO": {"medie": 8.527906976744184, "reusita": 100.0, "cnt": 43}, "ANATOMIE SI FIZIOLOGIE UMANA, GENETICA SI ECOLOGIE UMANA": {"medie": 8.56081081081081, "reusita": 99.09909909909909, "cnt": 111}, "FIZICA TEO": {"medie": 8.602173913043478, "reusita": 100.0, "cnt": 46}, "GEOGRAFIE": {"medie": 8.895762711864405, "reusita": 98.30508474576271, "cnt": 59}, "INFORMATICA MI C/C++": {"medie": 9.466666666666665, "reusita": 100.0, "cnt": 18}, "ISTORIE": {"medie": 7.779166666666665, "reusita": 98.61111111111111, "cnt": 72}, "LOGICA, ARGUMENTARE SI COMUNICARE": {"medie": 9.633333333333333, "reusita": 100.0, "cnt": 6}, "MATEMATICA ST-NAT": {"medie": 7.597014925373133, "reusita": 98.50746268656717, "cnt": 134}, "PSIHOLOGIE": {"medie": 9.36, "reusita": 100.0, "cnt": 5}, "CHIMIE ORGANICA TEO NIVEL I/II": {"medie": 9.95, "reusita": 100.0, "cnt": 1}, "SOCIOLOGIE": {"medie": 9.275, "reusita": 100.0, "cnt": 2}, "INFORMATICA SN C/C++": {"medie": 7.0, "reusita": 100.0, "cnt": 1}}, "nume": "COLEGIUL NATIONAL ALEXANDRU LAHOVARI, MUN. RM. VALCEA\tV\u00e2lcea"}