{"specializari": {"FILOLOGIE": 60, "MATEMATICA-INFORMATICA": 28, "STIINTE ALE NATURII": 30}, "limba_moderna": {"LIMBA FRANCEZA": 34, "LIMBA ENGLEZA": 58, "LIMBA GERMANA MODERNA": 26}, "limba_materna": {"LIMBA ROMANA": 118}, "promotie_anterioara": {"NU": 116, "DA": 2}, "materii": {"LIMBA ROMANA": {"medie": 8.513247863247864, "reusita": 99.15254237288136, "cnt": 118}, "GENERAL": {"medie": 8.423706896551721, "reusita": 97.45762711864407, "cnt": 118}, "MATEMATICA MATE-INFO": {"medie": 8.407142857142857, "reusita": 100.0, "cnt": 28}, "ANATOMIE SI FIZIOLOGIE UMANA, GENETICA SI ECOLOGIE UMANA": {"medie": 9.076190476190474, "reusita": 100.0, "cnt": 42}, "FIZICA TEO": {"medie": 8.75, "reusita": 100.0, "cnt": 2}, "GEOGRAFIE": {"medie": 8.375000000000002, "reusita": 100.0, "cnt": 10}, "INFORMATICA MI C/C++": {"medie": 8.700000000000001, "reusita": 100.0, "cnt": 13}, "ISTORIE": {"medie": 7.532203389830507, "reusita": 96.66666666666667, "cnt": 60}, "LOGICA, ARGUMENTARE SI COMUNICARE": {"medie": 9.362820512820512, "reusita": 97.5, "cnt": 40}, "MATEMATICA ST-NAT": {"medie": 7.139655172413795, "reusita": 96.66666666666667, "cnt": 30}, "CHIMIE ANORGANICA TEO NIVEL I/II": {"medie": 9.7, "reusita": 100.0, "cnt": 1}, "SOCIOLOGIE": {"medie": 9.045, "reusita": 100.0, "cnt": 10}}, "nume": "COLEGIUL NATIONAL \"ONISIFOR GHIBU\" ORADEA\tBihor"}