{"specializari": {"STIINTE ALE NATURII": 1, "MATEMATICA-INFORMATICA": 31, "FILOLOGIE": 31}, "limba_moderna": {"LIMBA ENGLEZA": 61, "LIMBA FRANCEZA": 2}, "limba_materna": {"LIMBA GERMANA": 63}, "promotie_anterioara": {"DA": 1, "NU": 62}, "materii": {"LIMBA ROMANA": {"medie": 8.760317460317458, "reusita": 100.0, "cnt": 63}, "BIOLOGIE VEGETALA SI ANIMALA": {"medie": 3.6, "reusita": 0.0, "cnt": 1}, "GENERAL": {"medie": 8.521428571428569, "reusita": 98.4126984126984, "cnt": 63}, "MATEMATICA MATE-INFO": {"medie": 8.229032258064517, "reusita": 100.0, "cnt": 31}, "ANATOMIE SI FIZIOLOGIE UMANA, GENETICA SI ECOLOGIE UMANA": {"medie": 9.15, "reusita": 100.0, "cnt": 2}, "FIZICA TEO": {"medie": 8.556818181818182, "reusita": 100.0, "cnt": 22}, "GEOGRAFIE": {"medie": 9.55, "reusita": 100.0, "cnt": 2}, "INFORMATICA MI C/C++": {"medie": 8.883333333333335, "reusita": 100.0, "cnt": 6}, "ISTORIE": {"medie": 8.370967741935484, "reusita": 100.0, "cnt": 31}, "LOGICA, ARGUMENTARE SI COMUNICARE": {"medie": 8.942592592592591, "reusita": 100.0, "cnt": 27}, "MATEMATICA ST-NAT": {"medie": 5.7, "reusita": 100.0, "cnt": 1}, "PSIHOLOGIE": {"medie": 9.0, "reusita": 100.0, "cnt": 1}, "CHIMIE ORGANICA TEO NIVEL I/II": {"medie": 9.2, "reusita": 100.0, "cnt": 1}, "ECONOMIE": {"medie": 8.0, "reusita": 100.0, "cnt": 1}, "LIMBA GERMANA": {"medie": 8.333333333333334, "reusita": 100.0, "cnt": 63}}, "nume": "COLEGIUL GERMAN \"GOETHE\"\tBucure\u0219ti"}