{"specializari": {"MUZICA": 24, "ARHITECTURA, ARTE AMBIENTALE SI DESIGN": 29, "ARTE PLASTICE SI DECORATIVE": 25}, "limba_moderna": {"LIMBA ENGLEZA": 75, "LIMBA FRANCEZA": 2, "LIMBA GERMANA MODERNA": 1}, "limba_materna": {"LIMBA ROMANA": 78}, "promotie_anterioara": {"DA": 2, "NU": 76}, "materii": {"LIMBA ROMANA": {"medie": 7.675641025641026, "reusita": 96.15384615384616, "cnt": 78}, "GENERAL": {"medie": 7.657792207792209, "reusita": 84.61538461538461, "cnt": 78}, "GEOGRAFIE": {"medie": 8.967857142857143, "reusita": 100.0, "cnt": 14}, "ISTORIE": {"medie": 7.055844155844154, "reusita": 92.3076923076923, "cnt": 78}, "FILOSOFIE": {"medie": 7.391176470588236, "reusita": 94.11764705882352, "cnt": 17}, "LOGICA, ARGUMENTARE SI COMUNICARE": {"medie": 8.22872340425532, "reusita": 97.87234042553192, "cnt": 47}}, "nume": "COLEGIUL DE ARTE BAIA MARE\tMaramure\u0219"}