{"specializari": {"MATEMATICA-INFORMATICA": 100, "STIINTE ALE NATURII": 31, "STIINTE SOCIALE": 34, "FILOLOGIE": 33}, "limba_moderna": {"LIMBA ENGLEZA": 194, "LIMBA FRANCEZA": 1, "LIMBA GERMANA MODERNA": 3}, "limba_materna": {"LIMBA ROMANA": 198}, "promotie_anterioara": {"NU": 198}, "materii": {"LIMBA ROMANA": {"medie": 9.07853535353535, "reusita": 100.0, "cnt": 198}, "BIOLOGIE VEGETALA SI ANIMALA": {"medie": 9.25, "reusita": 100.0, "cnt": 8}, "GENERAL": {"medie": 8.985101010101014, "reusita": 99.4949494949495, "cnt": 198}, "MATEMATICA MATE-INFO": {"medie": 8.919000000000002, "reusita": 100.0, "cnt": 100}, "ANATOMIE SI FIZIOLOGIE UMANA, GENETICA SI ECOLOGIE UMANA": {"medie": 8.89516129032258, "reusita": 100.0, "cnt": 31}, "FIZICA TEO": {"medie": 9.066129032258065, "reusita": 100.0, "cnt": 31}, "GEOGRAFIE": {"medie": 9.320833333333335, "reusita": 100.0, "cnt": 12}, "INFORMATICA MI C/C++": {"medie": 9.243181818181817, "reusita": 100.0, "cnt": 44}, "ISTORIE": {"medie": 8.526865671641794, "reusita": 98.50746268656717, "cnt": 67}, "LOGICA, ARGUMENTARE SI COMUNICARE": {"medie": 9.385714285714286, "reusita": 100.0, "cnt": 28}, "MATEMATICA ST-NAT": {"medie": 8.464516129032257, "reusita": 100.0, "cnt": 31}, "PSIHOLOGIE": {"medie": 9.257142857142856, "reusita": 100.0, "cnt": 7}, "CHIMIE ANORGANICA TEO NIVEL I/II": {"medie": 8.34, "reusita": 100.0, "cnt": 5}, "CHIMIE ORGANICA TEO NIVEL I/II": {"medie": 9.2875, "reusita": 100.0, "cnt": 12}, "SOCIOLOGIE": {"medie": 9.277777777777779, "reusita": 100.0, "cnt": 9}, "ECONOMIE": {"medie": 9.127272727272727, "reusita": 100.0, "cnt": 11}}, "nume": "COLEGIUL NATIONAL \"GRIGORE MOISIL\"\tBucure\u0219ti"}