{"specializari": {"MATEMATICA-INFORMATICA": 31, "TEHNICIAN IN ACHIZITII SI CONTRACTARI": 88, "TEHNICIAN IN ACTIVITATI ECONOMICE": 90, "TEHNICIAN IN TURISM": 29, "TEHNICIAN IN GASTRONOMIE": 30, "ORGANIZATOR BANQUETING": 1}, "limba_moderna": {"LIMBA ENGLEZA": 222, "LIMBA FRANCEZA": 46, "LIMBA GERMANA MODERNA": 1}, "limba_materna": {"LIMBA ROMANA": 269}, "promotie_anterioara": {"DA": 5, "NU": 264}, "materii": {"LIMBA ROMANA": {"medie": 7.684831460674158, "reusita": 98.51301115241635, "cnt": 269}, "MATEMATICA TEHN": {"medie": 8.26144067796611, "reusita": 97.89915966386555, "cnt": 238}, "BIOLOGIE VEGETALA SI ANIMALA": {"medie": 8.005555555555555, "reusita": 88.88888888888889, "cnt": 9}, "GENERAL": {"medie": 8.237453183520596, "reusita": 95.16728624535315, "cnt": 269}, "MATEMATICA MATE-INFO": {"medie": 8.038709677419355, "reusita": 100.0, "cnt": 31}, "ANATOMIE SI FIZIOLOGIE UMANA, GENETICA SI ECOLOGIE UMANA": {"medie": 7.0, "reusita": 100.0, "cnt": 1}, "FIZICA TEO": {"medie": 8.45, "reusita": 100.0, "cnt": 8}, "GEOGRAFIE": {"medie": 8.007692307692308, "reusita": 85.71428571428571, "cnt": 14}, "INFORMATICA MI C/C++": {"medie": 8.4375, "reusita": 100.0, "cnt": 12}, "LOGICA, ARGUMENTARE SI COMUNICARE": {"medie": 8.934123222748815, "reusita": 98.58490566037736, "cnt": 212}, "PSIHOLOGIE": {"medie": 8.75, "reusita": 100.0, "cnt": 6}, "CHIMIE ANORGANICA TEO NIVEL I/II": {"medie": 8.4, "reusita": 100.0, "cnt": 1}, "ECONOMIE": {"medie": 8.241666666666665, "reusita": 100.0, "cnt": 6}}, "nume": "COLEGIUL ECONOMIC \"VIRGIL MADGEARU\", MUNICIPIUL PLOIESTI\tPrahova"}