{"specializari": {"STIINTE SOCIALE": 39, "MATEMATICA-INFORMATICA": 65, "FILOLOGIE": 73, "STIINTE ALE NATURII": 21}, "limba_moderna": {"LIMBA ENGLEZA": 184, "LIMBA FRANCEZA": 14}, "limba_materna": {"LIMBA ROMANA": 198}, "promotie_anterioara": {"DA": 23, "NU": 175}, "materii": {"LIMBA ROMANA": {"medie": 7.373711340206188, "reusita": 92.92929292929293, "cnt": 198}, "BIOLOGIE VEGETALA SI ANIMALA": {"medie": 2.9, "reusita": 0.0, "cnt": 1}, "GENERAL": {"medie": 7.222222222222228, "reusita": 70.2020202020202, "cnt": 198}, "MATEMATICA MATE-INFO": {"medie": 7.7446153846153845, "reusita": 92.3076923076923, "cnt": 65}, "ANATOMIE SI FIZIOLOGIE UMANA, GENETICA SI ECOLOGIE UMANA": {"medie": 6.8175675675675675, "reusita": 81.08108108108108, "cnt": 37}, "FIZICA TEO": {"medie": 8.38076923076923, "reusita": 100.0, "cnt": 26}, "GEOGRAFIE": {"medie": 7.766666666666665, "reusita": 89.65517241379311, "cnt": 29}, "INFORMATICA MI C/C++": {"medie": 9.05, "reusita": 100.0, "cnt": 2}, "ISTORIE": {"medie": 6.281018518518521, "reusita": 83.92857142857143, "cnt": 112}, "LOGICA, ARGUMENTARE SI COMUNICARE": {"medie": 7.497435897435898, "reusita": 87.5, "cnt": 80}, "MATEMATICA ST-NAT": {"medie": 5.023684210526315, "reusita": 52.38095238095239, "cnt": 21}, "PSIHOLOGIE": {"medie": 6.8, "reusita": 100.0, "cnt": 2}, "CHIMIE ANORGANICA TEO NIVEL I/II": {"medie": 8.45, "reusita": 100.0, "cnt": 4}, "CHIMIE ORGANICA TEO NIVEL I/II": {"medie": 8.646666666666667, "reusita": 100.0, "cnt": 15}, "INFORMATICA SN C/C++": {"medie": 1.8, "reusita": 0.0, "cnt": 1}, "ECONOMIE": {"medie": 8.85, "reusita": 100.0, "cnt": 1}}, "nume": "COLEGIUL NATIONAL \"ION LUCA CARAGIALE\" MORENI\tD\u00e2mbovi\u021ba"}