{"specializari": {"MATEMATICA-INFORMATICA": 64, "STIINTE SOCIALE": 31, "STIINTE ALE NATURII": 56, "FILOLOGIE": 32}, "limba_moderna": {"LIMBA ENGLEZA": 151, "LIMBA FRANCEZA": 32}, "limba_materna": {"LIMBA ROMANA": 183}, "promotie_anterioara": {"NU": 179, "DA": 4}, "materii": {"LIMBA ROMANA": {"medie": 7.306593406593406, "reusita": 95.08196721311475, "cnt": 183}, "GENERAL": {"medie": 7.390201465201462, "reusita": 77.04918032786885, "cnt": 183}, "MATEMATICA MATE-INFO": {"medie": 8.166406250000001, "reusita": 96.875, "cnt": 64}, "ANATOMIE SI FIZIOLOGIE UMANA, GENETICA SI ECOLOGIE UMANA": {"medie": 7.788659793814433, "reusita": 94.84536082474226, "cnt": 97}, "FIZICA TEO": {"medie": 8.274999999999999, "reusita": 90.0, "cnt": 20}, "GEOGRAFIE": {"medie": 8.005434782608699, "reusita": 97.87234042553192, "cnt": 47}, "INFORMATICA MI C/C++": {"medie": 8.933333333333334, "reusita": 100.0, "cnt": 3}, "ISTORIE": {"medie": 7.2798387096774215, "reusita": 90.47619047619048, "cnt": 63}, "LOGICA, ARGUMENTARE SI COMUNICARE": {"medie": 7.658333333333334, "reusita": 100.0, "cnt": 6}, "MATEMATICA ST-NAT": {"medie": 5.1491071428571455, "reusita": 58.92857142857143, "cnt": 56}, "PSIHOLOGIE": {"medie": 8.63, "reusita": 100.0, "cnt": 5}, "SOCIOLOGIE": {"medie": 8.9, "reusita": 100.0, "cnt": 2}, "ECONOMIE": {"medie": 6.6499999999999995, "reusita": 100.0, "cnt": 3}}, "nume": "COLEGIUL NATIONAL\"GRIGORE MOISIL\" URZICENI\tIalomi\u021ba"}