{"specializari": {"STIINTE ALE NATURII": 57, "MATEMATICA-INFORMATICA": 81, "FILOLOGIE": 111, "STIINTE SOCIALE": 30}, "limba_moderna": {"LIMBA ENGLEZA": 237, "LIMBA FRANCEZA": 19, "LIMBA GERMANA MODERNA": 23}, "limba_materna": {"LIMBA ROMANA": 209, "LIMBA MAGHIARA": 70}, "promotie_anterioara": {"NU": 272, "DA": 7}, "materii": {"LIMBA ROMANA": {"medie": 8.016726618705034, "reusita": 92.1146953405018, "cnt": 279}, "GENERAL": {"medie": 8.340092925659476, "reusita": 89.24731182795699, "cnt": 279}, "MATEMATICA MATE-INFO": {"medie": 7.317901234567901, "reusita": 95.06172839506173, "cnt": 81}, "ANATOMIE SI FIZIOLOGIE UMANA, GENETICA SI ECOLOGIE UMANA": {"medie": 8.69011627906977, "reusita": 100.0, "cnt": 86}, "FIZICA TEO": {"medie": 7.26, "reusita": 80.0, "cnt": 5}, "GEOGRAFIE": {"medie": 8.966176470588232, "reusita": 100.0, "cnt": 68}, "INFORMATICA MI C/C++": {"medie": 8.788749999999997, "reusita": 100.0, "cnt": 40}, "ISTORIE": {"medie": 8.601773049645388, "reusita": 100.0, "cnt": 141}, "FILOSOFIE": {"medie": 8.52, "reusita": 100.0, "cnt": 5}, "LIMBA MAGHIARA (REAL)": {"medie": 7.491836734693879, "reusita": 97.95918367346938, "cnt": 49}, "LOGICA, ARGUMENTARE SI COMUNICARE": {"medie": 9.46132075471698, "reusita": 98.11320754716981, "cnt": 53}, "MATEMATICA ST-NAT": {"medie": 7.481578947368419, "reusita": 91.22807017543859, "cnt": 57}, "LIMBA MAGHIARA (UMAN)": {"medie": 7.014285714285716, "reusita": 100.0, "cnt": 21}, "PSIHOLOGIE": {"medie": 8.758333333333333, "reusita": 100.0, "cnt": 6}, "CHIMIE ANORGANICA TEO NIVEL I/II": {"medie": 5.2, "reusita": 100.0, "cnt": 1}, "CHIMIE ORGANICA TEO NIVEL I/II": {"medie": 8.75, "reusita": 100.0, "cnt": 6}, "SOCIOLOGIE": {"medie": 8.581249999999999, "reusita": 100.0, "cnt": 8}, "ECONOMIE": {"medie": 8.2, "reusita": 100.0, "cnt": 1}}, "nume": "COLEGIUL NATIONAL \"MIHAI EMINESCU\" ORADEA\tBihor"}