{"specializari": {"MATEMATICA-INFORMATICA": 52, "STIINTE ALE NATURII": 30}, "limba_moderna": {"LIMBA ENGLEZA": 80, "LIMBA FRANCEZA": 2}, "limba_materna": {"LIMBA ROMANA": 82}, "promotie_anterioara": {"NU": 82}, "materii": {"LIMBA ROMANA": {"medie": 9.191463414634146, "reusita": 100.0, "cnt": 82}, "GENERAL": {"medie": 9.272154471544717, "reusita": 100.0, "cnt": 82}, "MATEMATICA MATE-INFO": {"medie": 9.171153846153848, "reusita": 100.0, "cnt": 52}, "ANATOMIE SI FIZIOLOGIE UMANA, GENETICA SI ECOLOGIE UMANA": {"medie": 9.438372093023256, "reusita": 100.0, "cnt": 43}, "FIZICA TEO": {"medie": 9.339285714285714, "reusita": 100.0, "cnt": 14}, "INFORMATICA MI C/C++": {"medie": 9.523684210526316, "reusita": 100.0, "cnt": 19}, "MATEMATICA ST-NAT": {"medie": 9.141666666666667, "reusita": 100.0, "cnt": 30}, "CHIMIE ANORGANICA TEO NIVEL I/II": {"medie": 9.875, "reusita": 100.0, "cnt": 2}, "CHIMIE ORGANICA TEO NIVEL I/II": {"medie": 9.7, "reusita": 100.0, "cnt": 4}}, "nume": "COLEGIUL NATIONAL \"EMIL RACOVITA\" CLUJ-NAPOCA\tCluj"}