{"specializari": {"MATEMATICA-INFORMATICA": 106, "FILOLOGIE": 59, "STIINTE ALE NATURII": 27, "STIINTE SOCIALE": 31}, "limba_moderna": {"LIMBA ENGLEZA": 218, "LIMBA FRANCEZA": 5}, "limba_materna": {"LIMBA ROMANA": 223}, "promotie_anterioara": {"NU": 223}, "materii": {"LIMBA ROMANA": {"medie": 8.389686098654709, "reusita": 100.0, "cnt": 223}, "BIOLOGIE VEGETALA SI ANIMALA": {"medie": 7.525, "reusita": 100.0, "cnt": 10}, "GENERAL": {"medie": 8.259491778774292, "reusita": 95.06726457399103, "cnt": 223}, "MATEMATICA MATE-INFO": {"medie": 7.751886792452832, "reusita": 95.28301886792453, "cnt": 106}, "ANATOMIE SI FIZIOLOGIE UMANA, GENETICA SI ECOLOGIE UMANA": {"medie": 8.298958333333333, "reusita": 97.91666666666666, "cnt": 96}, "FIZICA TEO": {"medie": 8.97777777777778, "reusita": 100.0, "cnt": 9}, "GEOGRAFIE": {"medie": 8.692424242424243, "reusita": 100.0, "cnt": 33}, "INFORMATICA MI C/C++": {"medie": 8.259090909090908, "reusita": 90.9090909090909, "cnt": 11}, "ISTORIE": {"medie": 8.097777777777782, "reusita": 97.77777777777777, "cnt": 90}, "FILOSOFIE": {"medie": 8.0, "reusita": 100.0, "cnt": 1}, "LOGICA, ARGUMENTARE SI COMUNICARE": {"medie": 9.093137254901961, "reusita": 100.0, "cnt": 51}, "MATEMATICA ST-NAT": {"medie": 7.346296296296296, "reusita": 96.29629629629629, "cnt": 27}, "PSIHOLOGIE": {"medie": 9.5125, "reusita": 100.0, "cnt": 4}, "CHIMIE ANORGANICA TEO NIVEL I/II": {"medie": 7.49, "reusita": 80.0, "cnt": 5}, "CHIMIE ORGANICA TEO NIVEL I/II": {"medie": 9.925, "reusita": 100.0, "cnt": 2}, "ECONOMIE": {"medie": 8.3, "reusita": 100.0, "cnt": 1}}, "nume": "COLEGIUL NATIONAL \"NICU GANE\" FALTICENI\tSuceava"}