{"specializari": {"INVATATOR - EDUCATOARE": 57, "STIINTE SOCIALE": 27, "MATEMATICA-INFORMATICA": 25, "FILOLOGIE": 54}, "limba_moderna": {"LIMBA FRANCEZA": 12, "LIMBA ENGLEZA": 150, "LIMBA SPANIOLA": 1}, "limba_materna": {"LIMBA ROMANA": 163}, "promotie_anterioara": {"NU": 161, "DA": 2}, "materii": {"LIMBA ROMANA": {"medie": 8.242331288343559, "reusita": 100.0, "cnt": 163}, "BIOLOGIE VEGETALA SI ANIMALA": {"medie": 9.683333333333334, "reusita": 100.0, "cnt": 3}, "GENERAL": {"medie": 8.568813905930472, "reusita": 98.77300613496932, "cnt": 163}, "MATEMATICA MATE-INFO": {"medie": 8.012, "reusita": 100.0, "cnt": 25}, "ANATOMIE SI FIZIOLOGIE UMANA, GENETICA SI ECOLOGIE UMANA": {"medie": 8.175, "reusita": 100.0, "cnt": 2}, "FIZICA TEO": {"medie": 7.2562500000000005, "reusita": 100.0, "cnt": 8}, "GEOGRAFIE": {"medie": 8.931249999999999, "reusita": 100.0, "cnt": 16}, "INFORMATICA MI C/C++": {"medie": 8.587499999999999, "reusita": 100.0, "cnt": 8}, "ISTORIE": {"medie": 8.046296296296298, "reusita": 100.0, "cnt": 81}, "LOGICA, ARGUMENTARE SI COMUNICARE": {"medie": 9.343333333333335, "reusita": 99.16666666666667, "cnt": 120}, "MATEMATICA PED": {"medie": 8.873684210526317, "reusita": 100.0, "cnt": 57}, "PSIHOLOGIE": {"medie": 8.8, "reusita": 100.0, "cnt": 2}, "CHIMIE ANORGANICA TEO NIVEL I/II": {"medie": 8.7, "reusita": 100.0, "cnt": 1}, "CHIMIE ORGANICA TEO NIVEL I/II": {"medie": 8.75, "reusita": 100.0, "cnt": 3}}, "nume": "COLEGIUL NATIONAL PEDAGOGIC \"SPIRU HARET\" MUNICIPIUL BUZAU\tBuz\u0103u"}