{"specializari": {"FILOLOGIE": 83, "STIINTE ALE NATURII": 27, "MATEMATICA-INFORMATICA": 58}, "limba_moderna": {"LIMBA ENGLEZA": 96, "LIMBA FRANCEZA": 44, "LIMBA GERMANA MODERNA": 27, "LIMBA RUSA": 1}, "limba_materna": {"LIMBA ROMANA": 168}, "promotie_anterioara": {"NU": 168}, "materii": {"LIMBA ROMANA": {"medie": 8.934821428571425, "reusita": 100.0, "cnt": 168}, "BIOLOGIE VEGETALA SI ANIMALA": {"medie": 9.34, "reusita": 100.0, "cnt": 5}, "GENERAL": {"medie": 8.94623015873016, "reusita": 98.21428571428571, "cnt": 168}, "MATEMATICA MATE-INFO": {"medie": 8.787931034482758, "reusita": 100.0, "cnt": 58}, "ANATOMIE SI FIZIOLOGIE UMANA, GENETICA SI ECOLOGIE UMANA": {"medie": 9.196511627906979, "reusita": 100.0, "cnt": 43}, "FIZICA TEO": {"medie": 8.102941176470589, "reusita": 88.23529411764706, "cnt": 17}, "GEOGRAFIE": {"medie": 9.55, "reusita": 100.0, "cnt": 45}, "INFORMATICA MI C/C++": {"medie": 8.774999999999999, "reusita": 100.0, "cnt": 18}, "ISTORIE": {"medie": 8.93855421686747, "reusita": 100.0, "cnt": 83}, "LOGICA, ARGUMENTARE SI COMUNICARE": {"medie": 9.219354838709679, "reusita": 100.0, "cnt": 31}, "MATEMATICA ST-NAT": {"medie": 8.112962962962962, "reusita": 92.5925925925926, "cnt": 27}, "PSIHOLOGIE": {"medie": 9.15, "reusita": 100.0, "cnt": 6}, "CHIMIE ORGANICA TEO NIVEL I/II": {"medie": 9.45, "reusita": 100.0, "cnt": 2}, "SOCIOLOGIE": {"medie": 10.0, "reusita": 100.0, "cnt": 1}}, "nume": "COLEGIUL NATIONAL \"MIHAI EMINESCU\", IASI\tIa\u0219i"}