{"specializari": {"STIINTE SOCIALE": 31, "TEHNICIAN ECOLOG SI PROTECTIA CALITATII MEDIULUI": 6}, "limba_moderna": {"LIMBA ENGLEZA": 37}, "limba_materna": {"LIMBA ROMANA": 37}, "promotie_anterioara": {"DA": 19, "NU": 18}, "materii": {"LIMBA ROMANA": {"medie": 4.616176470588234, "reusita": 51.35135135135135, "cnt": 37}, "MATEMATICA TEHN": {"medie": 5.125, "reusita": 33.33333333333333, "cnt": 6}, "BIOLOGIE VEGETALA SI ANIMALA": {"medie": 5.075, "reusita": 16.666666666666664, "cnt": 6}, "GENERAL": {"medie": 5.327976190476192, "reusita": 24.324324324324326, "cnt": 37}, "GEOGRAFIE": {"medie": 5.6, "reusita": 100.0, "cnt": 2}, "ISTORIE": {"medie": 5.007142857142857, "reusita": 58.06451612903226, "cnt": 31}, "LOGICA, ARGUMENTARE SI COMUNICARE": {"medie": 5.95, "reusita": 33.33333333333333, "cnt": 6}, "SOCIOLOGIE": {"medie": 6.413636363636362, "reusita": 82.6086956521739, "cnt": 23}}, "nume": "COLEGIUL ECOLOGIC \"PROF.UNIV.DR. ALEXANDRU IONESCU\" PITESTI\tArge\u0219"}