{"specializari": {"TEHNICIAN IN INSTALATII ELECTRICE": 6, "TEHNICIAN ECOLOG SI PROTECTIA CALITATII MEDIULUI": 17, "TEHNICIAN ANALIZE PRODUSE ALIMENTARE": 16, "TEHNICIAN CHIMIST DE LABORATOR": 2, "TEHNICIAN IN SILVICULTURA SI EXPLOATARI FORESTIERE": 4}, "limba_moderna": {"LIMBA ENGLEZA": 26, "LIMBA FRANCEZA": 19}, "limba_materna": {"LIMBA ROMANA": 45}, "promotie_anterioara": {"DA": 20, "NU": 25}, "materii": {"LIMBA ROMANA": {"medie": 5.484523809523809, "reusita": 71.11111111111111, "cnt": 45}, "MATEMATICA TEHN": {"medie": 4.023684210526315, "reusita": 33.33333333333333, "cnt": 45}, "BIOLOGIE VEGETALA SI ANIMALA": {"medie": 3.966666666666667, "reusita": 50.0, "cnt": 6}, "GENERAL": {"medie": 4.627777777777777, "reusita": 20.0, "cnt": 45}, "ANATOMIE SI FIZIOLOGIE UMANA, GENETICA SI ECOLOGIE UMANA": {"medie": 4.751515151515153, "reusita": 44.44444444444444, "cnt": 36}, "CHIMIE ANORGANICA TEH NIVEL I/II": {"medie": 5.25, "reusita": 100.0, "cnt": 1}, "FIZICA TEH": {"medie": 1.3, "reusita": 0.0, "cnt": 2}}, "nume": "COLEGIUL TEHNIC \"CD NENITESCU\" BAIA MARE\tMaramure\u0219"}