{"specializari": {"TEHNICIAN DE TELECOMUNICATII": 50, "TEHNICIAN IN ACTIVITATI DE POSTA": 30, "STIINTE ALE NATURII": 27, "LICEU CU PROGRAM SPORTIV": 13, "MATEMATICA-INFORMATICA": 3, "ORGANIZATOR BANQUETING": 30, "TEHNICIAN IN GASTRONOMIE": 15, "TEHNICIAN ELECTRONIST": 2}, "limba_moderna": {"LIMBA ENGLEZA": 136, "LIMBA FRANCEZA": 31, "LIMBA GERMANA MODERNA": 3}, "limba_materna": {"LIMBA ROMANA": 170}, "promotie_anterioara": {"DA": 66, "NU": 104}, "materii": {"LIMBA ROMANA": {"medie": 5.740184049079756, "reusita": 81.76470588235294, "cnt": 170}, "MATEMATICA TEHN": {"medie": 4.272649572649572, "reusita": 44.881889763779526, "cnt": 127}, "BIOLOGIE VEGETALA SI ANIMALA": {"medie": 5.3500000000000005, "reusita": 62.903225806451616, "cnt": 62}, "GENERAL": {"medie": 5.2775974025974035, "reusita": 27.647058823529413, "cnt": 170}, "MATEMATICA MATE-INFO": {"medie": 4.816666666666666, "reusita": 66.66666666666666, "cnt": 3}, "ANATOMIE SI FIZIOLOGIE UMANA, GENETICA SI ECOLOGIE UMANA": {"medie": 5.533333333333334, "reusita": 100.0, "cnt": 3}, "FIZICA TEO": {"medie": 5.016666666666667, "reusita": 40.0, "cnt": 5}, "GEOGRAFIE": {"medie": 6.301470588235293, "reusita": 76.05633802816901, "cnt": 71}, "ISTORIE": {"medie": 5.038461538461538, "reusita": 61.53846153846154, "cnt": 13}, "LOGICA, ARGUMENTARE SI COMUNICARE": {"medie": 6.8, "reusita": 100.0, "cnt": 2}, "MATEMATICA ST-NAT": {"medie": 4.499999999999999, "reusita": 51.85185185185185, "cnt": 27}, "CHIMIE ANORGANICA TEH NIVEL I/II": {"medie": 2.05, "reusita": 0.0, "cnt": 2}, "PSIHOLOGIE": {"medie": 5.3428571428571425, "reusita": 66.66666666666666, "cnt": 15}, "FIZICA TEH": {"medie": 3.95625, "reusita": 33.33333333333333, "cnt": 9}, "CHIMIE ORGANICA TEO NIVEL I/II": {"medie": 5.45, "reusita": 100.0, "cnt": 1}}, "nume": "COLEGIUL TEHNIC DE POSTA SI TELECOMUNICATII \"GHEORGHE AIRINEI\"\tBucure\u0219ti"}