{"specializari": {"TEHNICIAN IN TURISM": 4, "TEHNICIAN IN INSTALATII ELECTRICE": 9, "TEHNICIAN ELECTRONIST": 4, "TEHNICIAN ELECTROMECANIC": 4, "TEHNICIAN ELECTRICIAN/ELECTRONIST AUTO": 8, "TEHNICIAN MECATRONIST": 11, "TEHNICIAN ELECTROTEHNIST": 2, "TEHNICIAN IN ADMINISTRATIE": 1, "TEHNICIAN IN HOTELARIE": 13, "TEHNICIAN TRANSPORTURI": 1, "ORGANIZATOR BANQUETING": 1, "TEHNICIAN IN ACTIVITATI ECONOMICE": 1, "TEHNICIAN DE TELECOMUNICATII": 3, "TEHNICIAN IN AUTOMATIZARI": 1}, "limba_moderna": {"LIMBA ENGLEZA": 63}, "limba_materna": {"LIMBA ROMANA": 62, "LIMBA MAGHIARA": 1}, "promotie_anterioara": {"DA": 32, "NU": 31}, "materii": {"LIMBA ROMANA": {"medie": 5.680327868852458, "reusita": 80.95238095238095, "cnt": 63}, "MATEMATICA TEHN": {"medie": 4.710344827586207, "reusita": 53.96825396825397, "cnt": 63}, "BIOLOGIE VEGETALA SI ANIMALA": {"medie": 4.897916666666666, "reusita": 50.0, "cnt": 28}, "GENERAL": {"medie": 5.3627272727272715, "reusita": 23.809523809523807, "cnt": 63}, "GEOGRAFIE": {"medie": 7.469444444444444, "reusita": 94.44444444444444, "cnt": 18}, "LIMBA MAGHIARA (REAL)": {"medie": 7.05, "reusita": 100.0, "cnt": 1}, "LOGICA, ARGUMENTARE SI COMUNICARE": {"medie": 6.25, "reusita": 100.0, "cnt": 1}, "FIZICA TEH": {"medie": 3.934615384615384, "reusita": 23.076923076923077, "cnt": 13}, "ECONOMIE": {"medie": 5.05, "reusita": 100.0, "cnt": 1}, "CHIMIE ORGANICA TEH NIVEL I/II": {"medie": 4.7, "reusita": 50.0, "cnt": 2}}, "nume": "COLEGIUL TEHNIC \"TRAIAN VUIA\" ORADEA\tBihor"}