{"specializari": {"STIINTE ALE NATURII": 13, "FILOLOGIE": 36, "MATEMATICA-INFORMATICA": 31}, "limba_moderna": {"LIMBA ENGLEZA": 80}, "limba_materna": {"LIMBA ROMANA": 74, "LIMBA GERMANA": 6}, "promotie_anterioara": {"DA": 6, "NU": 74}, "materii": {"LIMBA ROMANA": {"medie": 7.205625, "reusita": 97.5, "cnt": 80}, "BIOLOGIE VEGETALA SI ANIMALA": {"medie": 6.125, "reusita": 75.0, "cnt": 4}, "GENERAL": {"medie": 7.206354166666668, "reusita": 82.5, "cnt": 80}, "MATEMATICA MATE-INFO": {"medie": 7.319354838709677, "reusita": 100.0, "cnt": 31}, "ANATOMIE SI FIZIOLOGIE UMANA, GENETICA SI ECOLOGIE UMANA": {"medie": 7.497368421052631, "reusita": 94.73684210526315, "cnt": 19}, "FIZICA TEO": {"medie": 6.2, "reusita": 100.0, "cnt": 3}, "GEOGRAFIE": {"medie": 8.245, "reusita": 100.0, "cnt": 20}, "INFORMATICA MI C/C++": {"medie": 7.38235294117647, "reusita": 94.11764705882352, "cnt": 17}, "ISTORIE": {"medie": 6.812500000000001, "reusita": 97.22222222222221, "cnt": 36}, "LOGICA, ARGUMENTARE SI COMUNICARE": {"medie": 8.3, "reusita": 100.0, "cnt": 4}, "MATEMATICA ST-NAT": {"medie": 6.4653846153846155, "reusita": 84.61538461538461, "cnt": 13}, "PSIHOLOGIE": {"medie": 6.590000000000001, "reusita": 80.0, "cnt": 5}, "CHIMIE ORGANICA TEO NIVEL I/II": {"medie": 7.75, "reusita": 100.0, "cnt": 1}, "SOCIOLOGIE": {"medie": 7.192857142857143, "reusita": 100.0, "cnt": 7}, "LIMBA GERMANA": {"medie": 7.575, "reusita": 100.0, "cnt": 6}}, "nume": "COLEGIUL NATIONAL \"DIACONOVICI TIETZ\" RESITA\tCara\u0219-Severin"}