{"specializari": {"TEHNICIAN IN ACTIVITATI DE COMERT": 28, "TEHNICIAN IN ACTIVITATI ECONOMICE": 90, "TEHNICIAN IN TURISM": 30, "TEHNICIAN IN GASTRONOMIE": 29, "TEHNICIAN IN ADMINISTRATIE": 1}, "limba_moderna": {"LIMBA FRANCEZA": 4, "LIMBA ENGLEZA": 172, "LIMBA GERMANA MODERNA": 2}, "limba_materna": {"LIMBA ROMANA": 178}, "promotie_anterioara": {"DA": 9, "NU": 169}, "materii": {"LIMBA ROMANA": {"medie": 7.294034090909091, "reusita": 96.62921348314607, "cnt": 178}, "MATEMATICA TEHN": {"medie": 7.493390804597697, "reusita": 94.3820224719101, "cnt": 178}, "GENERAL": {"medie": 7.79288499025341, "reusita": 88.20224719101124, "cnt": 178}, "GEOGRAFIE": {"medie": 8.51264367816092, "reusita": 95.55555555555556, "cnt": 90}, "LOGICA, ARGUMENTARE SI COMUNICARE": {"medie": 8.593421052631578, "reusita": 93.58974358974359, "cnt": 78}, "PSIHOLOGIE": {"medie": 9.3, "reusita": 100.0, "cnt": 1}, "ECONOMIE": {"medie": 7.344444444444445, "reusita": 100.0, "cnt": 9}}, "nume": "COLEGIUL ECONOMIC \"GEORGE BARITIU\" SIBIU\tSibiu"}