{"specializari": {"MATEMATICA-INFORMATICA": 113, "STIINTE ALE NATURII": 60, "STIINTE SOCIALE": 30}, "limba_moderna": {"LIMBA ENGLEZA": 187, "LIMBA GERMANA MODERNA": 13, "LIMBA FRANCEZA": 3}, "limba_materna": {"LIMBA ROMANA": 203}, "promotie_anterioara": {"NU": 203}, "materii": {"LIMBA ROMANA": {"medie": 9.066748768472905, "reusita": 100.0, "cnt": 203}, "GENERAL": {"medie": 9.086699507389168, "reusita": 100.0, "cnt": 203}, "MATEMATICA MATE-INFO": {"medie": 8.993362831858411, "reusita": 100.0, "cnt": 113}, "ANATOMIE SI FIZIOLOGIE UMANA, GENETICA SI ECOLOGIE UMANA": {"medie": 9.33571428571428, "reusita": 100.0, "cnt": 112}, "FIZICA TEO": {"medie": 9.883333333333333, "reusita": 100.0, "cnt": 6}, "GEOGRAFIE": {"medie": 8.791666666666666, "reusita": 100.0, "cnt": 6}, "INFORMATICA MI C/C++": {"medie": 9.321951219512194, "reusita": 100.0, "cnt": 41}, "ISTORIE": {"medie": 8.266666666666667, "reusita": 100.0, "cnt": 30}, "FILOSOFIE": {"medie": 9.35, "reusita": 100.0, "cnt": 1}, "LOGICA, ARGUMENTARE SI COMUNICARE": {"medie": 9.595238095238095, "reusita": 100.0, "cnt": 21}, "MATEMATICA ST-NAT": {"medie": 8.805000000000003, "reusita": 100.0, "cnt": 60}, "PSIHOLOGIE": {"medie": 9.2, "reusita": 100.0, "cnt": 1}, "CHIMIE ANORGANICA TEO NIVEL I/II": {"medie": 9.3, "reusita": 100.0, "cnt": 5}, "CHIMIE ORGANICA TEO NIVEL I/II": {"medie": 9.30625, "reusita": 100.0, "cnt": 8}, "SOCIOLOGIE": {"medie": 9.85, "reusita": 100.0, "cnt": 1}, "INFORMATICA SN C/C++": {"medie": 10.0, "reusita": 100.0, "cnt": 1}}, "nume": "COLEGIUL NATIONAL \"EMANUIL GOJDU\" ORADEA\tBihor"}