{"specializari": {"INVATATOR - EDUCATOARE": 75, "FILOLOGIE": 50}, "limba_moderna": {"LIMBA ENGLEZA": 120, "LIMBA FRANCEZA": 5}, "limba_materna": {"LIMBA ROMANA": 79, "LIMBA GERMANA": 46}, "promotie_anterioara": {"NU": 125}, "materii": {"LIMBA ROMANA": {"medie": 7.616800000000003, "reusita": 99.2, "cnt": 125}, "GENERAL": {"medie": 7.762127371273713, "reusita": 88.8, "cnt": 125}, "GEOGRAFIE": {"medie": 8.988235294117647, "reusita": 100.0, "cnt": 17}, "ISTORIE": {"medie": 6.328571428571428, "reusita": 90.0, "cnt": 50}, "LOGICA, ARGUMENTARE SI COMUNICARE": {"medie": 8.254716981132074, "reusita": 96.22641509433963, "cnt": 106}, "MATEMATICA PED": {"medie": 7.99864864864865, "reusita": 97.33333333333334, "cnt": 75}, "PSIHOLOGIE": {"medie": 9.75, "reusita": 100.0, "cnt": 1}, "SOCIOLOGIE": {"medie": 9.55, "reusita": 100.0, "cnt": 1}, "LIMBA GERMANA": {"medie": 7.0054347826086945, "reusita": 95.65217391304348, "cnt": 46}}, "nume": "COLEGIUL NATIONAL PEDAGOGIC \"ANDREI SAGUNA\" SIBIU\tSibiu"}