{"specializari": {"STIINTE ALE NATURII": 58, "STIINTE SOCIALE": 31, "MATEMATICA-INFORMATICA": 57, "FILOLOGIE": 60}, "limba_moderna": {"LIMBA ENGLEZA": 191, "LIMBA GERMANA MODERNA": 15}, "limba_materna": {"LIMBA ROMANA": 206}, "promotie_anterioara": {"DA": 6, "NU": 200}, "materii": {"LIMBA ROMANA": {"medie": 8.223786407766987, "reusita": 98.05825242718447, "cnt": 206}, "BIOLOGIE VEGETALA SI ANIMALA": {"medie": 8.708928571428572, "reusita": 96.49122807017544, "cnt": 57}, "GENERAL": {"medie": 8.439297385620916, "reusita": 94.66019417475728, "cnt": 206}, "MATEMATICA MATE-INFO": {"medie": 8.805263157894737, "reusita": 100.0, "cnt": 57}, "ANATOMIE SI FIZIOLOGIE UMANA, GENETICA SI ECOLOGIE UMANA": {"medie": 9.355172413793104, "reusita": 100.0, "cnt": 29}, "FIZICA TEO": {"medie": 9.375, "reusita": 100.0, "cnt": 6}, "GEOGRAFIE": {"medie": 8.567021276595746, "reusita": 100.0, "cnt": 47}, "INFORMATICA MI C/C++": {"medie": 9.46470588235294, "reusita": 100.0, "cnt": 17}, "ISTORIE": {"medie": 7.60054945054945, "reusita": 97.8021978021978, "cnt": 91}, "LOGICA, ARGUMENTARE SI COMUNICARE": {"medie": 9.411363636363635, "reusita": 100.0, "cnt": 44}, "MATEMATICA ST-NAT": {"medie": 7.9675438596491235, "reusita": 93.10344827586206, "cnt": 58}, "CHIMIE ORGANICA TEO NIVEL I/II": {"medie": 9.05, "reusita": 100.0, "cnt": 4}, "INFORMATICA SN C/C++": {"medie": 9.8, "reusita": 100.0, "cnt": 2}}, "nume": "COLEGIUL NATIONAL \"LUCIAN BLAGA\" SEBES\tAlba"}