{"specializari": {"TEHNICIAN IN ACTIVITATI ECONOMICE": 92, "TEHNICIAN IN ACTIVITATI DE COMERT": 25, "TEHNICIAN IN ACHIZITII SI CONTRACTARI": 26, "TEHNICIAN IN TURISM": 24, "TEHNICIAN IN GASTRONOMIE": 3, "ORGANIZATOR BANQUETING": 2}, "limba_moderna": {"LIMBA ENGLEZA": 161, "LIMBA FRANCEZA": 7, "LIMBA GERMANA MODERNA": 4}, "limba_materna": {"LIMBA ROMANA": 166, "LIMBA MAGHIARA": 6}, "promotie_anterioara": {"NU": 148, "DA": 24}, "materii": {"LIMBA ROMANA": {"medie": 5.972093023255812, "reusita": 87.20930232558139, "cnt": 172}, "MATEMATICA TEHN": {"medie": 6.236257309941522, "reusita": 85.46511627906976, "cnt": 172}, "GENERAL": {"medie": 6.486911764705882, "reusita": 67.44186046511628, "cnt": 172}, "GEOGRAFIE": {"medie": 7.221856287425148, "reusita": 94.04761904761905, "cnt": 168}, "LIMBA MAGHIARA (REAL)": {"medie": 6.658333333333334, "reusita": 100.0, "cnt": 6}, "PSIHOLOGIE": {"medie": 7.8, "reusita": 100.0, "cnt": 1}, "ECONOMIE": {"medie": 7.266666666666667, "reusita": 100.0, "cnt": 3}}, "nume": "COLEGIUL ECONOMIC \"GHEORGHE DRAGOS\" SATU MARE\tSatu-Mare"}