{"specializari": {"MATEMATICA-INFORMATICA": 162, "STIINTE ALE NATURII": 39, "STIINTE SOCIALE": 35, "FILOLOGIE": 30}, "limba_moderna": {"LIMBA FRANCEZA": 28, "LIMBA ENGLEZA": 218, "LIMBA GERMANA MODERNA": 20}, "limba_materna": {"LIMBA ROMANA": 266}, "promotie_anterioara": {"NU": 264, "DA": 2}, "materii": {"LIMBA ROMANA": {"medie": 8.852819548872176, "reusita": 100.0, "cnt": 266}, "GENERAL": {"medie": 9.082264150943395, "reusita": 98.49624060150376, "cnt": 266}, "MATEMATICA MATE-INFO": {"medie": 8.850925925925926, "reusita": 99.38271604938271, "cnt": 162}, "ANATOMIE SI FIZIOLOGIE UMANA, GENETICA SI ECOLOGIE UMANA": {"medie": 9.395327102803737, "reusita": 99.07407407407408, "cnt": 108}, "FIZICA TEO": {"medie": 9.205357142857142, "reusita": 100.0, "cnt": 28}, "GEOGRAFIE": {"medie": 9.625, "reusita": 100.0, "cnt": 8}, "INFORMATICA MI C/C++": {"medie": 9.545535714285716, "reusita": 100.0, "cnt": 56}, "ISTORIE": {"medie": 8.882307692307691, "reusita": 98.46153846153847, "cnt": 65}, "LOGICA, ARGUMENTARE SI COMUNICARE": {"medie": 9.54107142857143, "reusita": 98.21428571428571, "cnt": 56}, "MATEMATICA ST-NAT": {"medie": 9.217948717948717, "reusita": 100.0, "cnt": 39}, "PSIHOLOGIE": {"medie": 9.2, "reusita": 100.0, "cnt": 1}, "CHIMIE ANORGANICA TEO NIVEL I/II": {"medie": 9.9, "reusita": 100.0, "cnt": 1}, "CHIMIE ORGANICA TEO NIVEL I/II": {"medie": 9.71875, "reusita": 100.0, "cnt": 8}}, "nume": "COLEGIUL NATIONAL \"FRATII BUZESTI\" CRAIOVA\tDolj"}