{"specializari": {"MATEMATICA-INFORMATICA": 16, "TEHNICIAN PROIECTANT CAD": 1, "TEHNICIAN ELECTRICIAN/ELECTRONIST AUTO": 10, "TEHNICIAN PRELUCRARI PE MASINI CU COMANDA NUMERICA": 8, "TEHNICIAN IN AUTOMATIZARI": 1}, "limba_moderna": {"LIMBA ENGLEZA": 30, "LIMBA FRANCEZA": 6}, "limba_materna": {"LIMBA ROMANA": 36}, "promotie_anterioara": {"DA": 7, "NU": 29}, "materii": {"LIMBA ROMANA": {"medie": 6.9367647058823545, "reusita": 94.44444444444444, "cnt": 36}, "MATEMATICA TEHN": {"medie": 6.921052631578948, "reusita": 90.0, "cnt": 20}, "BIOLOGIE VEGETALA SI ANIMALA": {"medie": 5.95909090909091, "reusita": 81.81818181818183, "cnt": 11}, "GENERAL": {"medie": 6.717204301075269, "reusita": 58.333333333333336, "cnt": 36}, "MATEMATICA MATE-INFO": {"medie": 5.907692307692309, "reusita": 75.0, "cnt": 16}, "ANATOMIE SI FIZIOLOGIE UMANA, GENETICA SI ECOLOGIE UMANA": {"medie": 7.75, "reusita": 66.66666666666666, "cnt": 6}, "FIZICA TEO": {"medie": 5.3, "reusita": 50.0, "cnt": 2}, "INFORMATICA MI C/C++": {"medie": 6.3500000000000005, "reusita": 66.66666666666666, "cnt": 3}, "CHIMIE ANORGANICA TEH NIVEL I/II": {"medie": 7.035714285714286, "reusita": 85.71428571428571, "cnt": 7}, "FIZICA TEH": {"medie": 3.15, "reusita": 0.0, "cnt": 1}, "CHIMIE ANORGANICA TEO NIVEL I/II": {"medie": 8.239999999999998, "reusita": 100.0, "cnt": 5}, "CHIMIE ORGANICA TEH NIVEL I/II": {"medie": "-", "reusita": 0.0, "cnt": 1}}, "nume": "COLEGIUL TEHNIC \"MIHAIL STURDZA\", IASI\tIa\u0219i"}