{"specializari": {"TEHNICIAN IN TURISM": 60, "TEHNICIAN IN ACTIVITATI ECONOMICE": 34, "TEHNICIAN IN ACTIVITATI DE COMERT": 57, "TEHNICIAN IN GASTRONOMIE": 35, "TEHNICIAN IN ADMINISTRATIE": 28}, "limba_moderna": {"LIMBA FRANCEZA": 12, "LIMBA ENGLEZA": 202}, "limba_materna": {"LIMBA ROMANA": 214}, "promotie_anterioara": {"DA": 17, "NU": 197}, "materii": {"LIMBA ROMANA": {"medie": 7.260093896713615, "reusita": 98.13084112149532, "cnt": 214}, "MATEMATICA TEHN": {"medie": 6.857783018867925, "reusita": 87.85046728971963, "cnt": 214}, "GENERAL": {"medie": 7.407460317460317, "reusita": 83.64485981308411, "cnt": 214}, "GEOGRAFIE": {"medie": 8.104901960784312, "reusita": 97.0873786407767, "cnt": 103}, "LOGICA, ARGUMENTARE SI COMUNICARE": {"medie": 8.101020408163263, "reusita": 93.0, "cnt": 100}, "PSIHOLOGIE": {"medie": 7.1499999999999995, "reusita": 100.0, "cnt": 6}, "ECONOMIE": {"medie": 6.530000000000001, "reusita": 60.0, "cnt": 5}}, "nume": "COLEGIUL COMERCIAL \"CAROL I\" CONSTANTA\tConstan\u021ba"}