{"specializari": {"MATEMATICA-INFORMATICA": 74, "FILOLOGIE": 89}, "limba_moderna": {"LIMBA ENGLEZA": 162, "LIMBA FRANCEZA": 1}, "limba_materna": {"LIMBA ROMANA": 163}, "promotie_anterioara": {"NU": 162, "DA": 1}, "materii": {"LIMBA ROMANA": {"medie": 8.9340490797546, "reusita": 100.0, "cnt": 163}, "GENERAL": {"medie": 9.019018404907971, "reusita": 100.0, "cnt": 163}, "MATEMATICA MATE-INFO": {"medie": 8.672972972972975, "reusita": 100.0, "cnt": 74}, "ANATOMIE SI FIZIOLOGIE UMANA, GENETICA SI ECOLOGIE UMANA": {"medie": 9.282142857142858, "reusita": 100.0, "cnt": 14}, "FIZICA TEO": {"medie": 8.978571428571428, "reusita": 100.0, "cnt": 21}, "GEOGRAFIE": {"medie": 9.4875, "reusita": 100.0, "cnt": 8}, "INFORMATICA MI C/C++": {"medie": 9.483823529411765, "reusita": 100.0, "cnt": 34}, "ISTORIE": {"medie": 8.90786516853933, "reusita": 100.0, "cnt": 89}, "FILOSOFIE": {"medie": 9.083333333333334, "reusita": 100.0, "cnt": 3}, "LOGICA, ARGUMENTARE SI COMUNICARE": {"medie": 9.504761904761907, "reusita": 100.0, "cnt": 21}, "PSIHOLOGIE": {"medie": 9.533333333333335, "reusita": 100.0, "cnt": 15}, "CHIMIE ORGANICA TEO NIVEL I/II": {"medie": 9.299999999999999, "reusita": 100.0, "cnt": 5}, "SOCIOLOGIE": {"medie": 9.399999999999999, "reusita": 100.0, "cnt": 29}, "ECONOMIE": {"medie": 8.742307692307692, "reusita": 100.0, "cnt": 13}}, "nume": "COLEGIUL NATIONAL BILINGV \"GEORGE COSBUC\"\tBucure\u0219ti"}