{"specializari": {"MATEMATICA-INFORMATICA": 92, "STIINTE ALE NATURII": 25, "FILOLOGIE": 35}, "limba_moderna": {"LIMBA ENGLEZA": 150, "LIMBA GERMANA MODERNA": 2}, "limba_materna": {"LIMBA ROMANA": 152}, "promotie_anterioara": {"NU": 151, "DA": 1}, "materii": {"LIMBA ROMANA": {"medie": 9.128947368421047, "reusita": 100.0, "cnt": 152}, "GENERAL": {"medie": 9.202850877192981, "reusita": 99.3421052631579, "cnt": 152}, "MATEMATICA MATE-INFO": {"medie": 8.917934782608697, "reusita": 100.0, "cnt": 92}, "ANATOMIE SI FIZIOLOGIE UMANA, GENETICA SI ECOLOGIE UMANA": {"medie": 9.378048780487807, "reusita": 100.0, "cnt": 41}, "FIZICA TEO": {"medie": 9.175, "reusita": 100.0, "cnt": 12}, "GEOGRAFIE": {"medie": 9.583333333333336, "reusita": 100.0, "cnt": 18}, "INFORMATICA MI C/C++": {"medie": 9.27179487179487, "reusita": 97.43589743589743, "cnt": 39}, "ISTORIE": {"medie": 9.335714285714287, "reusita": 100.0, "cnt": 35}, "LOGICA, ARGUMENTARE SI COMUNICARE": {"medie": 9.732142857142858, "reusita": 100.0, "cnt": 14}, "MATEMATICA ST-NAT": {"medie": 9.059999999999999, "reusita": 100.0, "cnt": 25}, "PSIHOLOGIE": {"medie": 8.6, "reusita": 100.0, "cnt": 1}, "CHIMIE ANORGANICA TEO NIVEL I/II": {"medie": 8.6, "reusita": 100.0, "cnt": 1}, "CHIMIE ORGANICA TEO NIVEL I/II": {"medie": 9.786956521739128, "reusita": 100.0, "cnt": 23}, "SOCIOLOGIE": {"medie": 10.0, "reusita": 100.0, "cnt": 2}, "INFORMATICA SN C/C++": {"medie": 7.95, "reusita": 100.0, "cnt": 1}}, "nume": "COLEGIUL NATIONAL \"COSTACHE NEGRUZZI\", IASI\tIa\u0219i"}