{"specializari": {"FILOLOGIE": 72, "STIINTE ALE NATURII": 26, "MATEMATICA-INFORMATICA": 56}, "limba_moderna": {"LIMBA ENGLEZA": 143, "LIMBA FRANCEZA": 11}, "limba_materna": {"LIMBA ROMANA": 154}, "promotie_anterioara": {"DA": 10, "NU": 144}, "materii": {"LIMBA ROMANA": {"medie": 7.961764705882354, "reusita": 98.7012987012987, "cnt": 154}, "GENERAL": {"medie": 7.6562091503267995, "reusita": 83.76623376623377, "cnt": 154}, "MATEMATICA MATE-INFO": {"medie": 7.26607142857143, "reusita": 92.85714285714286, "cnt": 56}, "ANATOMIE SI FIZIOLOGIE UMANA, GENETICA SI ECOLOGIE UMANA": {"medie": 7.83560606060606, "reusita": 98.48484848484848, "cnt": 66}, "FIZICA TEO": {"medie": 6.3875, "reusita": 87.5, "cnt": 8}, "GEOGRAFIE": {"medie": 8.328571428571431, "reusita": 96.875, "cnt": 64}, "INFORMATICA MI C/C++": {"medie": 8.335714285714287, "reusita": 85.71428571428571, "cnt": 7}, "ISTORIE": {"medie": 7.0992957746478895, "reusita": 90.27777777777779, "cnt": 72}, "LOGICA, ARGUMENTARE SI COMUNICARE": {"medie": 8.200000000000001, "reusita": 100.0, "cnt": 3}, "MATEMATICA ST-NAT": {"medie": 6.03076923076923, "reusita": 73.07692307692307, "cnt": 26}, "PSIHOLOGIE": {"medie": 9.166666666666668, "reusita": 100.0, "cnt": 3}, "CHIMIE ORGANICA TEO NIVEL I/II": {"medie": 10.0, "reusita": 100.0, "cnt": 1}, "ECONOMIE": {"medie": 7.45, "reusita": 100.0, "cnt": 2}}, "nume": "COLEGIUL NATIONAL \"NEAGOE BASARAB\" OLTENITA\tC\u0103l\u0103ra\u0219i"}