{"specializari": {"INVATATOR - EDUCATOARE": 27, "MATEMATICA-INFORMATICA": 34, "FILOLOGIE": 34}, "limba_moderna": {"LIMBA ENGLEZA": 79, "LIMBA FRANCEZA": 4, "LIMBA GERMANA MODERNA": 12}, "limba_materna": {"LIMBA ROMANA": 95}, "promotie_anterioara": {"NU": 95}, "materii": {"LIMBA ROMANA": {"medie": 9.05684210526316, "reusita": 100.0, "cnt": 95}, "GENERAL": {"medie": 9.142631578947368, "reusita": 100.0, "cnt": 95}, "MATEMATICA MATE-INFO": {"medie": 8.905882352941177, "reusita": 100.0, "cnt": 34}, "ANATOMIE SI FIZIOLOGIE UMANA, GENETICA SI ECOLOGIE UMANA": {"medie": 9.08, "reusita": 100.0, "cnt": 10}, "FIZICA TEO": {"medie": 8.914285714285713, "reusita": 100.0, "cnt": 7}, "GEOGRAFIE": {"medie": 9.464285714285714, "reusita": 100.0, "cnt": 14}, "INFORMATICA MI C/C++": {"medie": 9.57, "reusita": 100.0, "cnt": 15}, "ISTORIE": {"medie": 9.141176470588235, "reusita": 100.0, "cnt": 34}, "LOGICA, ARGUMENTARE SI COMUNICARE": {"medie": 9.263513513513514, "reusita": 100.0, "cnt": 37}, "MATEMATICA PED": {"medie": 9.103703703703703, "reusita": 100.0, "cnt": 27}, "PSIHOLOGIE": {"medie": 9.8, "reusita": 100.0, "cnt": 1}, "CHIMIE ORGANICA TEO NIVEL I/II": {"medie": 9.825, "reusita": 100.0, "cnt": 2}, "SOCIOLOGIE": {"medie": 9.377777777777778, "reusita": 100.0, "cnt": 9}}, "nume": "COLEGIUL NATIONAL \"PREPARANDIA-DIMITRIE TICHINDEAL\" ARAD\tArad"}