{"specializari": {"FILOLOGIE": 30, "MATEMATICA-INFORMATICA": 63, "STIINTE ALE NATURII": 64, "STIINTE SOCIALE": 60}, "limba_moderna": {"LIMBA ENGLEZA": 212, "LIMBA GERMANA MODERNA": 3, "LIMBA FRANCEZA": 2}, "limba_materna": {"LIMBA ROMANA": 217}, "promotie_anterioara": {"NU": 214, "DA": 3}, "materii": {"LIMBA ROMANA": {"medie": 8.50483870967742, "reusita": 100.0, "cnt": 217}, "BIOLOGIE VEGETALA SI ANIMALA": {"medie": 8.737499999999999, "reusita": 100.0, "cnt": 8}, "GENERAL": {"medie": 8.592626728110606, "reusita": 97.6958525345622, "cnt": 217}, "MATEMATICA MATE-INFO": {"medie": 8.376984126984128, "reusita": 98.4126984126984, "cnt": 63}, "ANATOMIE SI FIZIOLOGIE UMANA, GENETICA SI ECOLOGIE UMANA": {"medie": 9.119565217391301, "reusita": 100.0, "cnt": 69}, "FIZICA TEO": {"medie": 8.322727272727272, "reusita": 100.0, "cnt": 11}, "GEOGRAFIE": {"medie": 9.090243902439026, "reusita": 100.0, "cnt": 82}, "INFORMATICA MI C/C++": {"medie": 8.481428571428571, "reusita": 100.0, "cnt": 35}, "ISTORIE": {"medie": 8.41555555555556, "reusita": 98.88888888888889, "cnt": 90}, "LOGICA, ARGUMENTARE SI COMUNICARE": {"medie": 9.049999999999999, "reusita": 100.0, "cnt": 4}, "MATEMATICA ST-NAT": {"medie": 8.14296875, "reusita": 100.0, "cnt": 64}, "CHIMIE ANORGANICA TEO NIVEL I/II": {"medie": 10.0, "reusita": 100.0, "cnt": 1}, "CHIMIE ORGANICA TEO NIVEL I/II": {"medie": 9.183333333333335, "reusita": 100.0, "cnt": 3}, "SOCIOLOGIE": {"medie": 8.8125, "reusita": 100.0, "cnt": 4}}, "nume": "COLEGIUL NATIONAL BANATEAN TIMISOARA\tTimi\u0219"}