{"specializari": {"MATEMATICA-INFORMATICA": 31, "STIINTE SOCIALE": 28, "FILOLOGIE": 25}, "limba_moderna": {"LIMBA ENGLEZA": 63, "LIMBA ITALIANA": 21}, "limba_materna": {"LIMBA ROMANA": 84}, "promotie_anterioara": {"NU": 83, "DA": 1}, "materii": {"LIMBA ROMANA": {"medie": 8.248809523809522, "reusita": 100.0, "cnt": 84}, "GENERAL": {"medie": 8.505555555555555, "reusita": 97.61904761904762, "cnt": 84}, "MATEMATICA MATE-INFO": {"medie": 8.353225806451613, "reusita": 100.0, "cnt": 31}, "ANATOMIE SI FIZIOLOGIE UMANA, GENETICA SI ECOLOGIE UMANA": {"medie": 9.02, "reusita": 100.0, "cnt": 5}, "FIZICA TEO": {"medie": 8.525, "reusita": 100.0, "cnt": 2}, "GEOGRAFIE": {"medie": 9.297222222222222, "reusita": 100.0, "cnt": 36}, "INFORMATICA MI C/C++": {"medie": 8.850000000000001, "reusita": 100.0, "cnt": 22}, "ISTORIE": {"medie": 8.110377358490565, "reusita": 98.11320754716981, "cnt": 53}, "LOGICA, ARGUMENTARE SI COMUNICARE": {"medie": 9.25625, "reusita": 100.0, "cnt": 16}, "CHIMIE ANORGANICA TEO NIVEL I/II": {"medie": 6.325, "reusita": 100.0, "cnt": 2}, "ECONOMIE": {"medie": 9.4, "reusita": 100.0, "cnt": 1}}, "nume": "COLEGIUL NATIONAL \"GEORGE BARITIU\" CLUJ-NAPOCA\tCluj"}