{"specializari": {"TEHNICIAN IN ACTIVITATI DE COMERT": 6, "LICEU CU PROGRAM SPORTIV": 25, "TEHNICIAN MECANIC PENTRU INTRETINERE SI REPARATII": 2, "TEHNICIAN PROIECTANT CAD": 9, "FILOLOGIE": 21, "TEHNICIAN MECATRONIST": 1, "TEHNICIAN PRELUCRARI MECANICE": 1}, "limba_moderna": {"LIMBA ENGLEZA": 63, "LIMBA FRANCEZA": 2}, "limba_materna": {"LIMBA ROMANA": 65}, "promotie_anterioara": {"DA": 18, "NU": 47}, "materii": {"LIMBA ROMANA": {"medie": 5.40952380952381, "reusita": 75.38461538461539, "cnt": 65}, "MATEMATICA TEHN": {"medie": 3.888888888888888, "reusita": 42.10526315789473, "cnt": 19}, "BIOLOGIE VEGETALA SI ANIMALA": {"medie": 3.55, "reusita": 30.76923076923077, "cnt": 13}, "GENERAL": {"medie": 5.527222222222224, "reusita": 36.92307692307693, "cnt": 65}, "GEOGRAFIE": {"medie": 6.848000000000002, "reusita": 92.3076923076923, "cnt": 26}, "ISTORIE": {"medie": 5.5793478260869565, "reusita": 76.08695652173914, "cnt": 46}, "LOGICA, ARGUMENTARE SI COMUNICARE": {"medie": 6.2972222222222225, "reusita": 72.22222222222221, "cnt": 18}, "PSIHOLOGIE": {"medie": 6.09375, "reusita": 87.5, "cnt": 8}}, "nume": "COLEGIUL TEHNIC MECANIC \"GRIVITA\"\tBucure\u0219ti"}