{"specializari": {"TEHNICIAN IN TURISM": 32, "TEHNICIAN MECANIC PENTRU INTRETINERE SI REPARATII": 1, "MATEMATICA-INFORMATICA": 53, "TEHNICIAN IN HOTELARIE": 1, "TEHNICIAN IN PRELUCRAREA LEMNULUI": 2, "TEHNICIAN IN CONSTRUCTII SI LUCRARI PUBLICE": 1, "TEHNICIAN IN INDUSTRIA TEXTILA": 1}, "limba_moderna": {"LIMBA ENGLEZA": 81, "LIMBA FRANCEZA": 10}, "limba_materna": {"LIMBA ROMANA": 91}, "promotie_anterioara": {"DA": 19, "NU": 72}, "materii": {"LIMBA ROMANA": {"medie": 6.344382022471913, "reusita": 85.71428571428571, "cnt": 91}, "MATEMATICA TEHN": {"medie": 5.14736842105263, "reusita": 63.1578947368421, "cnt": 38}, "BIOLOGIE VEGETALA SI ANIMALA": {"medie": 6.735185185185184, "reusita": 85.71428571428571, "cnt": 28}, "GENERAL": {"medie": 6.387356321839079, "reusita": 60.43956043956044, "cnt": 91}, "MATEMATICA MATE-INFO": {"medie": 6.396153846153847, "reusita": 81.13207547169812, "cnt": 53}, "ANATOMIE SI FIZIOLOGIE UMANA, GENETICA SI ECOLOGIE UMANA": {"medie": 7.1, "reusita": 91.66666666666666, "cnt": 12}, "FIZICA TEO": {"medie": 7.716666666666666, "reusita": 100.0, "cnt": 6}, "GEOGRAFIE": {"medie": 6.476562499999999, "reusita": 90.625, "cnt": 32}, "INFORMATICA MI C/C++": {"medie": 7.4, "reusita": 100.0, "cnt": 1}, "LOGICA, ARGUMENTARE SI COMUNICARE": {"medie": 7.85, "reusita": 100.0, "cnt": 1}, "CHIMIE ORGANICA TEO NIVEL I/II": {"medie": 8.075, "reusita": 100.0, "cnt": 10}, "INFORMATICA MI PASCAL": {"medie": "-", "reusita": 0.0, "cnt": 1}}, "nume": "COLEGIUL \"FERDINAND I\", COMUNA MANECIU\tPrahova"}