{"specializari": {"TEHNICIAN IN ACTIVITATI ECONOMICE": 120, "TEHNICIAN IN TURISM": 32, "ORGANIZATOR BANQUETING": 34, "TEHNICIAN IN GASTRONOMIE": 28}, "limba_moderna": {"LIMBA ENGLEZA": 211, "LIMBA ITALIANA": 2, "LIMBA FRANCEZA": 1}, "limba_materna": {"LIMBA ROMANA": 214}, "promotie_anterioara": {"NU": 201, "DA": 13}, "materii": {"LIMBA ROMANA": {"medie": 7.161792452830186, "reusita": 97.19626168224299, "cnt": 214}, "MATEMATICA TEHN": {"medie": 7.57440758293839, "reusita": 93.45794392523365, "cnt": 214}, "GENERAL": {"medie": 7.741785150078991, "reusita": 89.25233644859813, "cnt": 214}, "GEOGRAFIE": {"medie": 8.463768115942031, "reusita": 99.51923076923077, "cnt": 208}, "LOGICA, ARGUMENTARE SI COMUNICARE": {"medie": 8.591666666666667, "reusita": 100.0, "cnt": 6}}, "nume": "COLEGIUL ECONOMIC \"FRANCESCO SAVERIO NITTI\" TIMISOARA\tTimi\u0219"}