{"specializari": {"MATEMATICA-INFORMATICA": 60, "STIINTE ALE NATURII": 26, "STIINTE SOCIALE": 36}, "limba_moderna": {"LIMBA ENGLEZA": 122}, "limba_materna": {"LIMBA ROMANA": 122}, "promotie_anterioara": {"NU": 115, "DA": 7}, "materii": {"LIMBA ROMANA": {"medie": 7.777459016393442, "reusita": 100.0, "cnt": 122}, "GENERAL": {"medie": 7.572267759562841, "reusita": 88.52459016393442, "cnt": 122}, "MATEMATICA MATE-INFO": {"medie": 6.661666666666666, "reusita": 86.66666666666667, "cnt": 60}, "ANATOMIE SI FIZIOLOGIE UMANA, GENETICA SI ECOLOGIE UMANA": {"medie": 7.581147540983609, "reusita": 93.44262295081968, "cnt": 61}, "FIZICA TEO": {"medie": 8.55, "reusita": 100.0, "cnt": 8}, "GEOGRAFIE": {"medie": 8.6, "reusita": 100.0, "cnt": 20}, "INFORMATICA MI C/C++": {"medie": 7.946666666666667, "reusita": 100.0, "cnt": 15}, "ISTORIE": {"medie": 7.134722222222221, "reusita": 100.0, "cnt": 36}, "LOGICA, ARGUMENTARE SI COMUNICARE": {"medie": 8.88, "reusita": 100.0, "cnt": 5}, "MATEMATICA ST-NAT": {"medie": 7.536538461538462, "reusita": 100.0, "cnt": 26}, "CHIMIE ORGANICA TEO NIVEL I/II": {"medie": 7.625, "reusita": 100.0, "cnt": 2}, "SOCIOLOGIE": {"medie": 8.036363636363637, "reusita": 100.0, "cnt": 11}}, "nume": "COLEGIUL NATIONAL DE INFORMATICA \"CARMEN SYLVA\" PETROSANI\tHunedoara"}