{"specializari": {"TEHNICIAN IN TURISM": 32, "TEHNICIAN DE TELECOMUNICATII": 33, "TEHNICIAN PROIECTANT CAD": 2, "TEHNICIAN OPERATOR TEHNICA DE CALCUL": 16, "TEHNICIAN IN HOTELARIE": 5, "TEHNICIAN IN AUTOMATIZARI": 29, "TEHNICIAN IN ACTIVITATI ECONOMICE": 47, "TEHNICIAN ELECTROMECANIC": 9, "TEHNICIAN IN INSTALATII ELECTRICE": 23, "TEHNICIAN ELECTROTEHNIST": 5, "TEHNICIAN ELECTRONIST": 2, "TEHNICIAN IN ACTIVITATI DE COMERT": 2}, "limba_moderna": {"LIMBA ENGLEZA": 203, "LIMBA GERMANA MODERNA": 2}, "limba_materna": {"LIMBA ROMANA": 205}, "promotie_anterioara": {"DA": 54, "NU": 151}, "materii": {"LIMBA ROMANA": {"medie": 6.051758793969851, "reusita": 86.34146341463415, "cnt": 205}, "MATEMATICA TEHN": {"medie": 5.698477157360406, "reusita": 77.07317073170732, "cnt": 205}, "BIOLOGIE VEGETALA SI ANIMALA": {"medie": 4.829000000000001, "reusita": 55.23809523809524, "cnt": 105}, "GENERAL": {"medie": 5.91982456140351, "reusita": 45.36585365853659, "cnt": 205}, "GEOGRAFIE": {"medie": 7.704000000000001, "reusita": 92.3076923076923, "cnt": 78}, "LOGICA, ARGUMENTARE SI COMUNICARE": {"medie": 4.775, "reusita": 50.0, "cnt": 2}, "PSIHOLOGIE": {"medie": 6.483333333333333, "reusita": 100.0, "cnt": 6}, "FIZICA TEH": {"medie": 3.845, "reusita": 14.285714285714285, "cnt": 14}}, "nume": "COLEGIUL TEHNIC \"EMANUIL UNGUREANU\" TIMISOARA\tTimi\u0219"}