{"specializari": {"STIINTE ALE NATURII": 31, "TEHNICIAN IN AUTOMATIZARI": 27, "TEHNICIAN ELECTROMECANIC": 9, "TEHNICIAN MECANIC PENTRU INTRETINERE SI REPARATII": 5, "TEHNICIAN MECATRONIST": 3, "FILOLOGIE": 29, "TEHNICIAN ELECTROTEHNIST": 7}, "limba_moderna": {"LIMBA ENGLEZA": 89, "LIMBA FRANCEZA": 22}, "limba_materna": {"LIMBA ROMANA": 111}, "promotie_anterioara": {"DA": 45, "NU": 66}, "materii": {"LIMBA ROMANA": {"medie": 6.402702702702703, "reusita": 89.1891891891892, "cnt": 111}, "MATEMATICA TEHN": {"medie": 4.356, "reusita": 58.82352941176471, "cnt": 51}, "BIOLOGIE VEGETALA SI ANIMALA": {"medie": 3.5267441860465105, "reusita": 21.73913043478261, "cnt": 46}, "GENERAL": {"medie": 5.602083333333336, "reusita": 33.33333333333333, "cnt": 111}, "ANATOMIE SI FIZIOLOGIE UMANA, GENETICA SI ECOLOGIE UMANA": {"medie": 6.175862068965516, "reusita": 77.41935483870968, "cnt": 31}, "GEOGRAFIE": {"medie": 7.311363636363637, "reusita": 86.36363636363636, "cnt": 22}, "ISTORIE": {"medie": 6.5568965517241375, "reusita": 96.55172413793103, "cnt": 29}, "MATEMATICA ST-NAT": {"medie": 3.648333333333334, "reusita": 32.25806451612903, "cnt": 31}, "CHIMIE ANORGANICA TEH NIVEL I/II": {"medie": "-", "reusita": 0.0, "cnt": 1}, "PSIHOLOGIE": {"medie": 9.15, "reusita": 100.0, "cnt": 6}, "FIZICA TEH": {"medie": 4.866666666666667, "reusita": 50.0, "cnt": 4}, "SOCIOLOGIE": {"medie": 8.9, "reusita": 100.0, "cnt": 1}}, "nume": "COLEGIUL \"GHEORGHE TATARESCU\" ROVINARI\tGorj"}