{"specializari": {"INVATATOR - EDUCATOARE": 30, "MATEMATICA-INFORMATICA": 56, "STIINTE ALE NATURII": 29, "FILOLOGIE": 31, "STIINTE SOCIALE": 2}, "limba_moderna": {"LIMBA ENGLEZA": 132, "LIMBA FRANCEZA": 15, "LIMBA GERMANA MODERNA": 1}, "limba_materna": {"LIMBA ROMANA": 148}, "promotie_anterioara": {"DA": 5, "NU": 143}, "materii": {"LIMBA ROMANA": {"medie": 8.40856164383562, "reusita": 98.64864864864865, "cnt": 148}, "GENERAL": {"medie": 8.221609195402294, "reusita": 91.21621621621621, "cnt": 148}, "MATEMATICA MATE-INFO": {"medie": 8.31090909090909, "reusita": 96.42857142857143, "cnt": 56}, "ANATOMIE SI FIZIOLOGIE UMANA, GENETICA SI ECOLOGIE UMANA": {"medie": 8.777173913043477, "reusita": 97.82608695652173, "cnt": 46}, "GEOGRAFIE": {"medie": 7.518571428571428, "reusita": 97.14285714285714, "cnt": 35}, "INFORMATICA MI C/C++": {"medie": 9.00897435897436, "reusita": 100.0, "cnt": 39}, "ISTORIE": {"medie": 7.068181818181819, "reusita": 100.0, "cnt": 33}, "LOGICA, ARGUMENTARE SI COMUNICARE": {"medie": 9.20217391304348, "reusita": 95.83333333333334, "cnt": 24}, "MATEMATICA ST-NAT": {"medie": 7.431034482758621, "reusita": 96.55172413793103, "cnt": 29}, "MATEMATICA PED": {"medie": 7.2586206896551735, "reusita": 86.66666666666667, "cnt": 30}, "PSIHOLOGIE": {"medie": 9.6, "reusita": 100.0, "cnt": 1}, "SOCIOLOGIE": {"medie": 8.6, "reusita": 100.0, "cnt": 3}}, "nume": "COLEGIUL NATIONAL \"INOCHENTIE MICU CLAIN\" BLAJ\tAlba"}