{"specializari": {"MATEMATICA-INFORMATICA": 64, "STIINTE SOCIALE": 32, "INVATATOR - EDUCATOARE": 28, "FILOLOGIE": 27, "STIINTE ALE NATURII": 30}, "limba_moderna": {"LIMBA ENGLEZA": 161, "LIMBA FRANCEZA": 20}, "limba_materna": {"LIMBA ROMANA": 181}, "promotie_anterioara": {"NU": 181}, "materii": {"LIMBA ROMANA": {"medie": 8.865469613259668, "reusita": 100.0, "cnt": 181}, "GENERAL": {"medie": 9.019981583793733, "reusita": 100.0, "cnt": 181}, "MATEMATICA MATE-INFO": {"medie": 8.590624999999998, "reusita": 100.0, "cnt": 64}, "ANATOMIE SI FIZIOLOGIE UMANA, GENETICA SI ECOLOGIE UMANA": {"medie": 9.258333333333333, "reusita": 100.0, "cnt": 36}, "FIZICA TEO": {"medie": 8.833333333333334, "reusita": 100.0, "cnt": 21}, "GEOGRAFIE": {"medie": 9.534375, "reusita": 100.0, "cnt": 16}, "INFORMATICA MI C/C++": {"medie": 9.061904761904762, "reusita": 100.0, "cnt": 21}, "ISTORIE": {"medie": 9.04406779661017, "reusita": 100.0, "cnt": 59}, "FILOSOFIE": {"medie": 9.266666666666666, "reusita": 100.0, "cnt": 3}, "LOGICA, ARGUMENTARE SI COMUNICARE": {"medie": 9.567857142857145, "reusita": 100.0, "cnt": 42}, "MATEMATICA ST-NAT": {"medie": 8.908333333333331, "reusita": 100.0, "cnt": 30}, "MATEMATICA PED": {"medie": 9.30892857142857, "reusita": 100.0, "cnt": 28}, "PSIHOLOGIE": {"medie": 9.289285714285715, "reusita": 100.0, "cnt": 14}, "CHIMIE ANORGANICA TEO NIVEL I/II": {"medie": 8.9, "reusita": 100.0, "cnt": 1}, "CHIMIE ORGANICA TEO NIVEL I/II": {"medie": 9.353846153846153, "reusita": 100.0, "cnt": 13}, "SOCIOLOGIE": {"medie": 9.708333333333334, "reusita": 100.0, "cnt": 6}, "INFORMATICA SN C/C++": {"medie": 9.375, "reusita": 100.0, "cnt": 2}, "ECONOMIE": {"medie": 8.841666666666665, "reusita": 100.0, "cnt": 6}}, "nume": "COLEGIUL NATIONAL \"COSTACHE NEGRI\", LOCALITATEA GALATI\tGala\u021bi"}