{"specializari": {"TEHNICIAN IN ACTIVITATI ECONOMICE": 100, "TEHNICIAN IN ACTIVITATI DE COMERT": 45, "TEHNICIAN IN ADMINISTRATIE": 49, "ORGANIZATOR BANQUETING": 27, "TEHNICIAN IN TURISM": 23}, "limba_moderna": {"LIMBA ENGLEZA": 192, "LIMBA FRANCEZA": 52}, "limba_materna": {"LIMBA ROMANA": 244}, "promotie_anterioara": {"NU": 237, "DA": 7}, "materii": {"LIMBA ROMANA": {"medie": 7.062345679012342, "reusita": 97.54098360655738, "cnt": 244}, "MATEMATICA TEHN": {"medie": 7.184016393442626, "reusita": 93.44262295081968, "cnt": 244}, "GENERAL": {"medie": 7.521056241426612, "reusita": 86.47540983606558, "cnt": 244}, "GEOGRAFIE": {"medie": 8.07093023255814, "reusita": 97.67441860465115, "cnt": 43}, "LOGICA, ARGUMENTARE SI COMUNICARE": {"medie": 8.370750000000005, "reusita": 96.0, "cnt": 200}, "PSIHOLOGIE": {"medie": 7.6, "reusita": 100.0, "cnt": 1}}, "nume": "COLEGIUL ECONOMIC \"VIRGIL MADGEARU\", LOCALITATEA GALATI\tGala\u021bi"}