{"specializari": {"MATEMATICA-INFORMATICA": 6, "TEHNICIAN IN ACTIVITATI DE COMERT": 6, "TEHNICIAN IN ACTIVITATI ECONOMICE": 19, "FILOLOGIE": 14, "TEHNICIAN ECOLOG SI PROTECTIA CALITATII MEDIULUI": 1, "TEHNICIAN IN INDUSTRIA ALIMENTARA": 1, "TEHNICIAN IN SILVICULTURA SI EXPLOATARI FORESTIERE": 3}, "limba_moderna": {"LIMBA ENGLEZA": 49, "LIMBA FRANCEZA": 1}, "limba_materna": {"LIMBA ROMANA": 50}, "promotie_anterioara": {"DA": 16, "NU": 34}, "materii": {"LIMBA ROMANA": {"medie": 6.162765957446808, "reusita": 74.0, "cnt": 50}, "MATEMATICA TEHN": {"medie": 5.2185185185185174, "reusita": 56.666666666666664, "cnt": 30}, "BIOLOGIE VEGETALA SI ANIMALA": {"medie": 4.566666666666666, "reusita": 50.0, "cnt": 4}, "GENERAL": {"medie": 6.284108527131783, "reusita": 42.0, "cnt": 50}, "MATEMATICA MATE-INFO": {"medie": 3.09, "reusita": 16.666666666666664, "cnt": 6}, "ANATOMIE SI FIZIOLOGIE UMANA, GENETICA SI ECOLOGIE UMANA": {"medie": 5.608333333333333, "reusita": 71.42857142857143, "cnt": 7}, "GEOGRAFIE": {"medie": 7.158108108108109, "reusita": 87.17948717948718, "cnt": 39}, "ISTORIE": {"medie": 7.117857142857143, "reusita": 78.57142857142857, "cnt": 14}}, "nume": "COLEGIUL TEHNIC NR.1 VADU CRISULUI\tBihor"}