{"specializari": {"TEHNICIAN IN INDUSTRIA ALIMENTARA": 1, "TEHNICIAN VETERINAR": 20, "TEHNICIAN IN ACTIVITATI DE COMERT": 3, "TEHNICIAN AGROMONTAN": 2, "TEHNICIAN ZOOTEHNIST": 2, "TEHNICIAN IN AGROTURISM": 22, "TEHNICIAN PENTRU ANIMALE DE COMPANIE": 1, "TEHNICIAN IN ACTIVITATI ECONOMICE": 1}, "limba_moderna": {"LIMBA ENGLEZA": 47, "LIMBA FRANCEZA": 5}, "limba_materna": {"LIMBA ROMANA": 52}, "promotie_anterioara": {"DA": 19, "NU": 33}, "materii": {"LIMBA ROMANA": {"medie": 5.214893617021278, "reusita": 63.46153846153846, "cnt": 52}, "MATEMATICA TEHN": {"medie": 4.528409090909093, "reusita": 44.230769230769226, "cnt": 52}, "GENERAL": {"medie": 5.003100775193797, "reusita": 26.923076923076923, "cnt": 52}, "ANATOMIE SI FIZIOLOGIE UMANA, GENETICA SI ECOLOGIE UMANA": {"medie": 5.00595238095238, "reusita": 43.75, "cnt": 48}, "GEOGRAFIE": {"medie": 7.650000000000001, "reusita": 75.0, "cnt": 4}}, "nume": "COLEGIUL PENTRU AGRICULTURA SI INDUSTRIE ALIMENTARA \"TARA BARSEI\" PREJMER\tBra\u0219ov"}