{"specializari": {"STIINTE ALE NATURII": 85, "MATEMATICA-INFORMATICA": 59, "FILOLOGIE": 31}, "limba_moderna": {"LIMBA ENGLEZA": 172, "LIMBA FRANCEZA": 3}, "limba_materna": {"LIMBA ROMANA": 175}, "promotie_anterioara": {"NU": 175}, "materii": {"LIMBA ROMANA": {"medie": 9.159999999999998, "reusita": 100.0, "cnt": 175}, "GENERAL": {"medie": 8.973333333333331, "reusita": 98.28571428571429, "cnt": 175}, "MATEMATICA MATE-INFO": {"medie": 8.433898305084746, "reusita": 100.0, "cnt": 59}, "ANATOMIE SI FIZIOLOGIE UMANA, GENETICA SI ECOLOGIE UMANA": {"medie": 9.193396226415096, "reusita": 100.0, "cnt": 53}, "FIZICA TEO": {"medie": 8.81206896551724, "reusita": 96.55172413793103, "cnt": 29}, "GEOGRAFIE": {"medie": 9.445833333333333, "reusita": 100.0, "cnt": 12}, "INFORMATICA MI C/C++": {"medie": 9.340277777777779, "reusita": 100.0, "cnt": 36}, "ISTORIE": {"medie": 9.096774193548388, "reusita": 100.0, "cnt": 31}, "FILOSOFIE": {"medie": 7.75, "reusita": 100.0, "cnt": 1}, "LOGICA, ARGUMENTARE SI COMUNICARE": {"medie": 9.61, "reusita": 100.0, "cnt": 5}, "MATEMATICA ST-NAT": {"medie": 8.559411764705883, "reusita": 98.82352941176471, "cnt": 85}, "PSIHOLOGIE": {"medie": 9.700000000000001, "reusita": 100.0, "cnt": 3}, "CHIMIE ANORGANICA TEO NIVEL I/II": {"medie": 8.842857142857143, "reusita": 100.0, "cnt": 7}, "CHIMIE ORGANICA TEO NIVEL I/II": {"medie": 8.773076923076923, "reusita": 100.0, "cnt": 13}, "SOCIOLOGIE": {"medie": 9.215, "reusita": 100.0, "cnt": 10}, "INFORMATICA SN C/C++": {"medie": 9.241666666666667, "reusita": 100.0, "cnt": 6}}, "nume": "COLEGIUL NATIONAL \"MOISE NICOARA\" ARAD\tArad"}