{"specializari": {"MATEMATICA-INFORMATICA": 51, "STIINTE ALE NATURII": 57, "FILOLOGIE": 27, "STIINTE SOCIALE": 32}, "limba_moderna": {"LIMBA ENGLEZA": 154, "LIMBA FRANCEZA": 11, "LIMBA GERMANA MODERNA": 2}, "limba_materna": {"LIMBA ROMANA": 167}, "promotie_anterioara": {"DA": 1, "NU": 166}, "materii": {"LIMBA ROMANA": {"medie": 8.489520958083833, "reusita": 100.0, "cnt": 167}, "BIOLOGIE VEGETALA SI ANIMALA": {"medie": 8.759374999999999, "reusita": 100.0, "cnt": 16}, "GENERAL": {"medie": 8.725803212851405, "reusita": 97.0059880239521, "cnt": 167}, "MATEMATICA MATE-INFO": {"medie": 8.58921568627451, "reusita": 100.0, "cnt": 51}, "ANATOMIE SI FIZIOLOGIE UMANA, GENETICA SI ECOLOGIE UMANA": {"medie": 8.807142857142859, "reusita": 96.55172413793103, "cnt": 29}, "FIZICA TEO": {"medie": 8.148275862068964, "reusita": 89.65517241379311, "cnt": 29}, "GEOGRAFIE": {"medie": 9.580232558139537, "reusita": 100.0, "cnt": 43}, "INFORMATICA MI C/C++": {"medie": 9.090909090909092, "reusita": 100.0, "cnt": 11}, "ISTORIE": {"medie": 8.964406779661019, "reusita": 100.0, "cnt": 59}, "LOGICA, ARGUMENTARE SI COMUNICARE": {"medie": 9.72, "reusita": 100.0, "cnt": 5}, "MATEMATICA ST-NAT": {"medie": 8.351754385964911, "reusita": 100.0, "cnt": 57}, "CHIMIE ORGANICA TEO NIVEL I/II": {"medie": 9.283333333333335, "reusita": 100.0, "cnt": 21}, "SOCIOLOGIE": {"medie": 9.1, "reusita": 100.0, "cnt": 6}, "INFORMATICA SN C/C++": {"medie": 9.725000000000001, "reusita": 100.0, "cnt": 2}, "ECONOMIE": {"medie": 8.860000000000001, "reusita": 100.0, "cnt": 5}}, "nume": "COLEGIUL NATIONAL \"AL. I. CUZA\" FOCSANI\tVrancea"}