{"specializari": {"TEHNICIAN MECANIC PENTRU INTRETINERE SI REPARATII": 5, "TEHNICIAN ECOLOG SI PROTECTIA CALITATII MEDIULUI": 11, "TEHNICIAN IN INDUSTRIA ALIMENTARA": 3, "TEHNICIAN MECATRONIST": 9, "TEHNICIAN IN AUTOMATIZARI": 6, "TEHNICIAN IN ACTIVITATI ECONOMICE": 10, "TEHNICIAN IN TURISM": 14, "TEHNICIAN OPERATOR PROCESARE TEXT IMAGINE": 1}, "limba_moderna": {"LIMBA ENGLEZA": 48, "LIMBA FRANCEZA": 11}, "limba_materna": {"LIMBA ROMANA": 59}, "promotie_anterioara": {"DA": 23, "NU": 36}, "materii": {"LIMBA ROMANA": {"medie": 5.718421052631578, "reusita": 76.27118644067797, "cnt": 59}, "MATEMATICA TEHN": {"medie": 4.293859649122806, "reusita": 47.45762711864407, "cnt": 59}, "BIOLOGIE VEGETALA SI ANIMALA": {"medie": 4.4868421052631575, "reusita": 50.0, "cnt": 20}, "GENERAL": {"medie": 5.211011904761905, "reusita": 28.8135593220339, "cnt": 59}, "ANATOMIE SI FIZIOLOGIE UMANA, GENETICA SI ECOLOGIE UMANA": {"medie": 4.549999999999999, "reusita": 50.0, "cnt": 10}, "GEOGRAFIE": {"medie": 6.282608695652173, "reusita": 69.56521739130434, "cnt": 23}, "CHIMIE ANORGANICA TEH NIVEL I/II": {"medie": 6.075, "reusita": 100.0, "cnt": 2}, "FIZICA TEH": {"medie": 7.416666666666667, "reusita": 100.0, "cnt": 3}, "ECONOMIE": {"medie": 5.1, "reusita": 100.0, "cnt": 1}}, "nume": "COLEGIUL TEHNIC \"GHEORGHE BALS\" ADJUD\tVrancea"}