{"specializari": {"FILOLOGIE": 21, "TEOLOGIE MUSULMANA": 4, "INVATATOR - EDUCATOARE": 19, "MATEMATICA-INFORMATICA": 1}, "limba_moderna": {"LIMBA ENGLEZA": 45}, "limba_materna": {"LIMBA ROMANA": 41, "LIMBA TURCA": 4}, "promotie_anterioara": {"DA": 10, "NU": 35}, "materii": {"LIMBA ROMANA": {"medie": 5.898809523809524, "reusita": 77.77777777777779, "cnt": 45}, "GENERAL": {"medie": 5.5409375, "reusita": 22.22222222222222, "cnt": 45}, "MATEMATICA MATE-INFO": {"medie": 1.5, "reusita": 0.0, "cnt": 1}, "ANATOMIE SI FIZIOLOGIE UMANA, GENETICA SI ECOLOGIE UMANA": {"medie": 7.9, "reusita": 100.0, "cnt": 1}, "GEOGRAFIE": {"medie": 7.2375, "reusita": 100.0, "cnt": 4}, "ISTORIE": {"medie": 4.654545454545455, "reusita": 52.0, "cnt": 25}, "LOGICA, ARGUMENTARE SI COMUNICARE": {"medie": 7.099999999999999, "reusita": 75.0, "cnt": 4}, "MATEMATICA PED": {"medie": 4.780555555555556, "reusita": 52.63157894736842, "cnt": 19}, "PSIHOLOGIE": {"medie": 5.692424242424242, "reusita": 69.44444444444444, "cnt": 36}, "LIMBA TURCA": {"medie": 8.1, "reusita": 75.0, "cnt": 4}}, "nume": "COLEGIUL NATIONAL \"KEMAL ATATURK\" MEDGIDIA\tConstan\u021ba"}