{"specializari": {"STIINTE ALE NATURII": 41, "MATEMATICA-INFORMATICA": 54, "STIINTE SOCIALE": 42, "FILOLOGIE": 1}, "limba_moderna": {"LIMBA ENGLEZA": 116, "LIMBA GERMANA MODERNA": 22}, "limba_materna": {"LIMBA MAGHIARA": 138}, "promotie_anterioara": {"DA": 7, "NU": 131}, "materii": {"LIMBA ROMANA": {"medie": 5.943795620437954, "reusita": 86.23188405797102, "cnt": 138}, "GENERAL": {"medie": 7.813878676470587, "reusita": 84.78260869565217, "cnt": 138}, "MATEMATICA MATE-INFO": {"medie": 8.187037037037037, "reusita": 100.0, "cnt": 54}, "ANATOMIE SI FIZIOLOGIE UMANA, GENETICA SI ECOLOGIE UMANA": {"medie": 8.426415094339623, "reusita": 100.0, "cnt": 53}, "FIZICA TEO": {"medie": 7.699999999999999, "reusita": 100.0, "cnt": 12}, "GEOGRAFIE": {"medie": 8.607352941176472, "reusita": 100.0, "cnt": 34}, "INFORMATICA MI C/C++": {"medie": 9.433333333333332, "reusita": 100.0, "cnt": 3}, "ISTORIE": {"medie": 7.983720930232557, "reusita": 100.0, "cnt": 43}, "LIMBA MAGHIARA (REAL)": {"medie": 8.906315789473682, "reusita": 100.0, "cnt": 95}, "LOGICA, ARGUMENTARE SI COMUNICARE": {"medie": 9.144444444444442, "reusita": 100.0, "cnt": 9}, "MATEMATICA ST-NAT": {"medie": 7.107500000000002, "reusita": 95.1219512195122, "cnt": 41}, "LIMBA MAGHIARA (UMAN)": {"medie": 8.758139534883721, "reusita": 100.0, "cnt": 43}, "CHIMIE ORGANICA TEO NIVEL I/II": {"medie": 8.575, "reusita": 100.0, "cnt": 2}, "INFORMATICA MI PASCAL": {"medie": 8.836000000000002, "reusita": 100.0, "cnt": 25}}, "nume": "COLEGIUL NATIONAL \"KOLCSEY FERENC\" SATU MARE\tSatu-Mare"}