{"specializari": {"TEHNICIAN IN ACTIVITATI ECONOMICE": 75, "TEHNICIAN IN ADMINISTRATIE": 44, "TEHNICIAN IN ACTIVITATI DE COMERT": 26, "TEHNICIAN IN GASTRONOMIE": 30, "ORGANIZATOR BANQUETING": 5, "TEHNICIAN IN TURISM": 21}, "limba_moderna": {"LIMBA FRANCEZA": 42, "LIMBA ENGLEZA": 159}, "limba_materna": {"LIMBA ROMANA": 201}, "promotie_anterioara": {"DA": 43, "NU": 158}, "materii": {"LIMBA ROMANA": {"medie": 5.7100529100529105, "reusita": 78.60696517412936, "cnt": 201}, "MATEMATICA TEHN": {"medie": 5.065675675675675, "reusita": 57.2139303482587, "cnt": 201}, "GENERAL": {"medie": 5.888043478260869, "reusita": 43.28358208955223, "cnt": 201}, "GEOGRAFIE": {"medie": 7.020155038759692, "reusita": 83.94160583941606, "cnt": 137}, "LOGICA, ARGUMENTARE SI COMUNICARE": {"medie": 6.512280701754386, "reusita": 69.35483870967742, "cnt": 62}, "ECONOMIE": {"medie": 5.225, "reusita": 50.0, "cnt": 2}}, "nume": "COLEGIUL ECONOMIC \"GHEORGHE CHITU\" CRAIOVA\tDolj"}