{"specializari": {"ORGANIZATOR BANQUETING": 20, "TEHNICIAN IN ACHIZITII SI CONTRACTARI": 49, "TEHNICIAN IN GASTRONOMIE": 18, "TEHNICIAN IN ACTIVITATI ECONOMICE": 47, "TEHNICIAN IN ADMINISTRATIE": 29, "TEHNICIAN IN TURISM": 21}, "limba_moderna": {"LIMBA ENGLEZA": 107, "LIMBA FRANCEZA": 77}, "limba_materna": {"LIMBA ROMANA": 184}, "promotie_anterioara": {"NU": 184}, "materii": {"LIMBA ROMANA": {"medie": 7.429395604395602, "reusita": 98.36956521739131, "cnt": 184}, "MATEMATICA TEHN": {"medie": 8.294505494505495, "reusita": 98.91304347826086, "cnt": 184}, "GENERAL": {"medie": 8.168040293040288, "reusita": 97.28260869565217, "cnt": 184}, "GEOGRAFIE": {"medie": 8.786158192090396, "reusita": 98.88268156424581, "cnt": 179}, "LOGICA, ARGUMENTARE SI COMUNICARE": {"medie": 9.325, "reusita": 100.0, "cnt": 2}, "ECONOMIE": {"medie": 8.066666666666666, "reusita": 100.0, "cnt": 3}}, "nume": "COLEGIUL ECONOMIC \"MIHAIL KOGALNICEANU\" FOCSANI\tVrancea"}