{"specializari": {"TEHNICIAN ECOLOG SI PROTECTIA CALITATII MEDIULUI": 28, "TEHNICIAN IN INSTALATII ELECTRICE": 8, "FILOLOGIE": 30, "STIINTE SOCIALE": 29, "MATEMATICA-INFORMATICA": 31, "TEHNICIAN ELECTROMECANIC": 15, "TEHNICIAN MECATRONIST": 19, "TEHNICIAN ELECTROTEHNIST": 4, "TEHNICIAN PRELUCRARI MECANICE": 4, "TEHNICIAN MECANIC PENTRU INTRETINERE SI REPARATII": 8, "STIINTE ALE NATURII": 2}, "limba_moderna": {"LIMBA ENGLEZA": 152, "LIMBA FRANCEZA": 8, "LIMBA SPANIOLA": 18}, "limba_materna": {"LIMBA ROMANA": 178}, "promotie_anterioara": {"DA": 47, "NU": 131}, "materii": {"LIMBA ROMANA": {"medie": 6.609714285714284, "reusita": 91.01123595505618, "cnt": 178}, "MATEMATICA TEHN": {"medie": 4.7579268292682935, "reusita": 61.627906976744185, "cnt": 86}, "BIOLOGIE VEGETALA SI ANIMALA": {"medie": 4.383333333333334, "reusita": 47.16981132075472, "cnt": 53}, "GENERAL": {"medie": 5.952450980392157, "reusita": 45.50561797752809, "cnt": 178}, "MATEMATICA MATE-INFO": {"medie": 5.548387096774195, "reusita": 80.64516129032258, "cnt": 31}, "ANATOMIE SI FIZIOLOGIE UMANA, GENETICA SI ECOLOGIE UMANA": {"medie": 4.935714285714287, "reusita": 55.10204081632652, "cnt": 49}, "FIZICA TEO": {"medie": 4.8375, "reusita": 75.0, "cnt": 4}, "GEOGRAFIE": {"medie": 9.026470588235293, "reusita": 100.0, "cnt": 17}, "INFORMATICA MI C/C++": {"medie": 5.599999999999999, "reusita": 66.66666666666666, "cnt": 3}, "ISTORIE": {"medie": 5.96949152542373, "reusita": 83.05084745762711, "cnt": 59}, "FILOSOFIE": {"medie": 8.9, "reusita": 100.0, "cnt": 1}, "LOGICA, ARGUMENTARE SI COMUNICARE": {"medie": 9.8, "reusita": 100.0, "cnt": 1}, "MATEMATICA ST-NAT": {"medie": 3.55, "reusita": 50.0, "cnt": 2}, "CHIMIE ANORGANICA TEH NIVEL I/II": {"medie": 4.975, "reusita": 33.33333333333333, "cnt": 3}, "PSIHOLOGIE": {"medie": 8.487499999999999, "reusita": 100.0, "cnt": 4}, "FIZICA TEH": {"medie": 3.391666666666667, "reusita": 16.666666666666664, "cnt": 6}, "CHIMIE ANORGANICA TEO NIVEL I/II": {"medie": 5.95, "reusita": 100.0, "cnt": 1}, "SOCIOLOGIE": {"medie": 8.002857142857142, "reusita": 97.14285714285714, "cnt": 35}, "ECONOMIE": {"medie": 7.25, "reusita": 100.0, "cnt": 1}}, "nume": "COLEGIUL TEHNIC \"PETRU MAIOR\"\tBucure\u0219ti"}