{"specializari": {"TEHNICIAN IN ACTIVITATI DE COMERT": 2, "TEHNICIAN VETERINAR": 16, "TEHNICIAN IN HOTELARIE": 1, "TEHNICIAN TRANSPORTURI": 1, "COAFOR STILIST": 1, "TEHNICIAN IN TURISM": 1, "ORGANIZATOR BANQUETING": 2, "TEHNICIAN DESENATOR PENTRU CONSTRUCTII SI INSTALATII": 1, "TEHNICIAN IN INDUSTRIA ALIMENTARA": 1}, "limba_moderna": {"LIMBA ENGLEZA": 26}, "limba_materna": {"LIMBA ROMANA": 26}, "promotie_anterioara": {"DA": 16, "NU": 10}, "materii": {"LIMBA ROMANA": {"medie": 6.038000000000002, "reusita": 92.3076923076923, "cnt": 26}, "MATEMATICA TEHN": {"medie": 5.470454545454545, "reusita": 65.38461538461539, "cnt": 26}, "BIOLOGIE VEGETALA SI ANIMALA": {"medie": 5.7733333333333325, "reusita": 68.75, "cnt": 16}, "GENERAL": {"medie": 5.8560606060606055, "reusita": 34.61538461538461, "cnt": 26}, "ANATOMIE SI FIZIOLOGIE UMANA, GENETICA SI ECOLOGIE UMANA": {"medie": 3.35, "reusita": 33.33333333333333, "cnt": 3}, "GEOGRAFIE": {"medie": 6.85, "reusita": 100.0, "cnt": 7}}, "nume": "COLEGIUL \"EMIL NEGRUTIU\" TURDA\tCluj"}