{"specializari": {"MATEMATICA-INFORMATICA": 112, "FILOLOGIE": 60}, "limba_moderna": {"LIMBA ENGLEZA": 170, "LIMBA FRANCEZA": 2}, "limba_materna": {"LIMBA ROMANA": 172}, "promotie_anterioara": {"NU": 171, "DA": 1}, "materii": {"LIMBA ROMANA": {"medie": 8.731104651162788, "reusita": 100.0, "cnt": 172}, "BIOLOGIE VEGETALA SI ANIMALA": {"medie": 5.4, "reusita": 100.0, "cnt": 1}, "GENERAL": {"medie": 8.794379844961245, "reusita": 99.4186046511628, "cnt": 172}, "MATEMATICA MATE-INFO": {"medie": 8.429910714285716, "reusita": 100.0, "cnt": 112}, "ANATOMIE SI FIZIOLOGIE UMANA, GENETICA SI ECOLOGIE UMANA": {"medie": 8.865, "reusita": 97.5, "cnt": 40}, "FIZICA TEO": {"medie": 9.180263157894736, "reusita": 100.0, "cnt": 38}, "GEOGRAFIE": {"medie": 9.401020408163264, "reusita": 100.0, "cnt": 49}, "INFORMATICA MI C/C++": {"medie": 8.761111111111111, "reusita": 100.0, "cnt": 27}, "ISTORIE": {"medie": 8.784999999999998, "reusita": 100.0, "cnt": 60}, "LOGICA, ARGUMENTARE SI COMUNICARE": {"medie": 9.799999999999999, "reusita": 100.0, "cnt": 3}, "PSIHOLOGIE": {"medie": 9.14, "reusita": 100.0, "cnt": 5}, "CHIMIE ORGANICA TEO NIVEL I/II": {"medie": 9.808333333333334, "reusita": 100.0, "cnt": 6}, "ECONOMIE": {"medie": 8.299999999999999, "reusita": 100.0, "cnt": 3}}, "nume": "COLEGIUL NATIONAL \"CONSTANTIN CARABELLA\" TARGOVISTE\tD\u00e2mbovi\u021ba"}