{"specializari": {"TEHNICIAN IN AGRICULTURA ECOLOGICA": 6, "TEHNICIAN IN ACTIVITATI ECONOMICE": 27, "TEHNICIAN HORTICULTOR": 8, "TEHNICIAN ECOLOG SI PROTECTIA CALITATII MEDIULUI": 15, "ORGANIZATOR BANQUETING": 27, "TEHNICIAN ANALIZE PRODUSE ALIMENTARE": 23, "TEHNICIAN IN AGRICULTURA": 1}, "limba_moderna": {"LIMBA FRANCEZA": 14, "LIMBA ENGLEZA": 93}, "limba_materna": {"LIMBA ROMANA": 107}, "promotie_anterioara": {"DA": 15, "NU": 92}, "materii": {"LIMBA ROMANA": {"medie": 6.461682242990654, "reusita": 94.39252336448598, "cnt": 107}, "MATEMATICA TEHN": {"medie": 6.279126213592233, "reusita": 82.2429906542056, "cnt": 107}, "GENERAL": {"medie": 6.627184466019417, "reusita": 67.28971962616822, "cnt": 107}, "ANATOMIE SI FIZIOLOGIE UMANA, GENETICA SI ECOLOGIE UMANA": {"medie": 6.593, "reusita": 84.61538461538461, "cnt": 52}, "GEOGRAFIE": {"medie": 7.38425925925926, "reusita": 90.74074074074075, "cnt": 54}, "FIZICA TEH": {"medie": 7.45, "reusita": 100.0, "cnt": 1}}, "nume": "COLEGIUL AGRICOL SI DE INDUSTRIE ALIMENTARA \"VASILE ADAMACHI\", IASI\tIa\u0219i"}