{"specializari": {"MATEMATICA-INFORMATICA": 87, "FILOLOGIE": 38, "STIINTE ALE NATURII": 93}, "limba_moderna": {"LIMBA ENGLEZA": 206, "LIMBA FRANCEZA": 12}, "limba_materna": {"LIMBA ROMANA": 218}, "promotie_anterioara": {"DA": 26, "NU": 192}, "materii": {"LIMBA ROMANA": {"medie": 7.450917431192668, "reusita": 97.70642201834863, "cnt": 218}, "GENERAL": {"medie": 7.184715821812596, "reusita": 76.14678899082568, "cnt": 218}, "MATEMATICA MATE-INFO": {"medie": 6.414534883720932, "reusita": 83.9080459770115, "cnt": 87}, "ANATOMIE SI FIZIOLOGIE UMANA, GENETICA SI ECOLOGIE UMANA": {"medie": 7.530451127819549, "reusita": 95.48872180451127, "cnt": 133}, "FIZICA TEO": {"medie": 8.166666666666666, "reusita": 100.0, "cnt": 3}, "GEOGRAFIE": {"medie": 7.6521739130434785, "reusita": 95.65217391304348, "cnt": 23}, "INFORMATICA MI C/C++": {"medie": 7.738372093023258, "reusita": 97.67441860465115, "cnt": 43}, "ISTORIE": {"medie": 7.505263157894737, "reusita": 94.73684210526315, "cnt": 38}, "LOGICA, ARGUMENTARE SI COMUNICARE": {"medie": 8.99, "reusita": 100.0, "cnt": 15}, "MATEMATICA ST-NAT": {"medie": 6.015591397849463, "reusita": 78.49462365591397, "cnt": 93}, "CHIMIE ANORGANICA TEO NIVEL I/II": {"medie": 5.25, "reusita": 100.0, "cnt": 1}}, "nume": "COLEGIUL NATIONAL DE INFORMATICA \"SPIRU HARET\" SUCEAVA\tSuceava"}