{"specializari": {"FILOLOGIE": 38, "MATEMATICA-INFORMATICA": 54, "INVATATOR - EDUCATOARE": 57}, "limba_moderna": {"LIMBA SPANIOLA": 16, "LIMBA ENGLEZA": 101, "LIMBA FRANCEZA": 25, "LIMBA GERMANA MODERNA": 7}, "limba_materna": {"LIMBA ROMANA": 149}, "promotie_anterioara": {"DA": 1, "NU": 148}, "materii": {"LIMBA ROMANA": {"medie": 8.240268456375842, "reusita": 99.32885906040269, "cnt": 149}, "BIOLOGIE VEGETALA SI ANIMALA": {"medie": 6.25, "reusita": 100.0, "cnt": 1}, "GENERAL": {"medie": 8.486017897091717, "reusita": 98.65771812080537, "cnt": 149}, "MATEMATICA MATE-INFO": {"medie": 8.004629629629633, "reusita": 100.0, "cnt": 54}, "ANATOMIE SI FIZIOLOGIE UMANA, GENETICA SI ECOLOGIE UMANA": {"medie": 7.625, "reusita": 100.0, "cnt": 18}, "FIZICA TEO": {"medie": 8.517499999999998, "reusita": 100.0, "cnt": 20}, "GEOGRAFIE": {"medie": 8.93, "reusita": 100.0, "cnt": 5}, "INFORMATICA MI C/C++": {"medie": 7.722727272727272, "reusita": 100.0, "cnt": 11}, "ISTORIE": {"medie": 7.740789473684213, "reusita": 100.0, "cnt": 38}, "LOGICA, ARGUMENTARE SI COMUNICARE": {"medie": 9.471686746987947, "reusita": 100.0, "cnt": 83}, "MATEMATICA PED": {"medie": 8.979824561403506, "reusita": 100.0, "cnt": 57}, "PSIHOLOGIE": {"medie": 9.45, "reusita": 100.0, "cnt": 6}, "CHIMIE ANORGANICA TEO NIVEL I/II": {"medie": 9.3, "reusita": 100.0, "cnt": 1}, "CHIMIE ORGANICA TEO NIVEL I/II": {"medie": 7.466666666666666, "reusita": 100.0, "cnt": 3}, "SOCIOLOGIE": {"medie": 9.2, "reusita": 100.0, "cnt": 1}}, "nume": "COLEGIUL NATIONAL PEDAGOGIC \"REGINA MARIA\", MUNICIPIUL PLOIESTI\tPrahova"}