{"specializari": {"FILOLOGIE": 19, "TEHNICIAN IN ACTIVITATI ECONOMICE": 9}, "limba_moderna": {"LIMBA ENGLEZA": 26, "LIMBA FRANCEZA": 2}, "limba_materna": {"LIMBA ROMANA": 28}, "promotie_anterioara": {"DA": 10, "NU": 18}, "materii": {"LIMBA ROMANA": {"medie": 5.831481481481482, "reusita": 82.14285714285714, "cnt": 28}, "MATEMATICA TEHN": {"medie": 4.625, "reusita": 55.55555555555556, "cnt": 9}, "GENERAL": {"medie": 6.117307692307694, "reusita": 50.0, "cnt": 28}, "GEOGRAFIE": {"medie": 6.428125, "reusita": 87.5, "cnt": 16}, "ISTORIE": {"medie": 6.116666666666665, "reusita": 84.21052631578947, "cnt": 19}, "LOGICA, ARGUMENTARE SI COMUNICARE": {"medie": 3.95, "reusita": 0.0, "cnt": 1}, "SOCIOLOGIE": {"medie": 7.849999999999998, "reusita": 100.0, "cnt": 11}}, "nume": "COLEGIUL PARTICULAR \"VASILE GOLDIS\" ARAD\tArad"}