{"specializari": {"TEHNICIAN MECATRONIST": 4, "MATEMATICA-INFORMATICA": 1, "TEHNICIAN MECANIC PENTRU INTRETINERE SI REPARATII": 6, "FILOLOGIE": 23, "STIINTE ALE NATURII": 5}, "limba_moderna": {"LIMBA FRANCEZA": 21, "LIMBA ENGLEZA": 18}, "limba_materna": {"LIMBA ROMANA": 39}, "promotie_anterioara": {"DA": 15, "NU": 24}, "materii": {"LIMBA ROMANA": {"medie": 6.217105263157896, "reusita": 87.17948717948718, "cnt": 39}, "MATEMATICA TEHN": {"medie": 4.35625, "reusita": 50.0, "cnt": 10}, "BIOLOGIE VEGETALA SI ANIMALA": {"medie": 6.6, "reusita": 66.66666666666666, "cnt": 3}, "GENERAL": {"medie": 6.440196078431373, "reusita": 48.717948717948715, "cnt": 39}, "MATEMATICA MATE-INFO": {"medie": 4.1, "reusita": 0.0, "cnt": 1}, "ANATOMIE SI FIZIOLOGIE UMANA, GENETICA SI ECOLOGIE UMANA": {"medie": 5.574999999999999, "reusita": 60.0, "cnt": 5}, "GEOGRAFIE": {"medie": 7.6499999999999995, "reusita": 94.73684210526315, "cnt": 19}, "ISTORIE": {"medie": 6.456521739130435, "reusita": 95.65217391304348, "cnt": 23}, "FILOSOFIE": {"medie": 7.85, "reusita": 100.0, "cnt": 1}, "MATEMATICA ST-NAT": {"medie": 6.81, "reusita": 80.0, "cnt": 5}, "CHIMIE ANORGANICA TEH NIVEL I/II": {"medie": 5.6, "reusita": 100.0, "cnt": 1}, "PSIHOLOGIE": {"medie": 8.683333333333334, "reusita": 100.0, "cnt": 3}, "FIZICA TEH": {"medie": 5.75, "reusita": 50.0, "cnt": 6}, "INFORMATICA SN C/C++": {"medie": 6.35, "reusita": 100.0, "cnt": 1}}, "nume": "COLEGIUL \"MIHAI VITEAZUL\" BUMBESTI-JIU\tGorj"}