{"specializari": {"MATEMATICA-INFORMATICA": 59, "STIINTE ALE NATURII": 66, "FILOLOGIE": 31}, "limba_moderna": {"LIMBA ENGLEZA": 91, "LIMBA FRANCEZA": 46, "LIMBA GERMANA MODERNA": 19}, "limba_materna": {"LIMBA ROMANA": 140, "LIMBA GERMANA": 16}, "promotie_anterioara": {"NU": 155, "DA": 1}, "materii": {"LIMBA ROMANA": {"medie": 8.76153846153846, "reusita": 100.0, "cnt": 156}, "BIOLOGIE VEGETALA SI ANIMALA": {"medie": 9.6, "reusita": 100.0, "cnt": 1}, "GENERAL": {"medie": 8.59190705128205, "reusita": 97.43589743589743, "cnt": 156}, "MATEMATICA MATE-INFO": {"medie": 8.64322033898305, "reusita": 100.0, "cnt": 59}, "ANATOMIE SI FIZIOLOGIE UMANA, GENETICA SI ECOLOGIE UMANA": {"medie": 8.919999999999996, "reusita": 100.0, "cnt": 60}, "FIZICA TEO": {"medie": 8.347619047619045, "reusita": 90.47619047619048, "cnt": 21}, "GEOGRAFIE": {"medie": 8.9125, "reusita": 100.0, "cnt": 24}, "INFORMATICA MI C/C++": {"medie": 8.63076923076923, "reusita": 100.0, "cnt": 26}, "ISTORIE": {"medie": 8.154838709677419, "reusita": 100.0, "cnt": 31}, "LOGICA, ARGUMENTARE SI COMUNICARE": {"medie": 10.0, "reusita": 100.0, "cnt": 1}, "MATEMATICA ST-NAT": {"medie": 7.975757575757576, "reusita": 96.96969696969697, "cnt": 66}, "PSIHOLOGIE": {"medie": 8.430000000000001, "reusita": 100.0, "cnt": 5}, "CHIMIE ANORGANICA TEO NIVEL I/II": {"medie": 7.409999999999999, "reusita": 100.0, "cnt": 5}, "CHIMIE ORGANICA TEO NIVEL I/II": {"medie": 9.577272727272728, "reusita": 100.0, "cnt": 11}, "SOCIOLOGIE": {"medie": 7.9, "reusita": 100.0, "cnt": 1}, "INFORMATICA SN C/C++": {"medie": 6.05, "reusita": 100.0, "cnt": 1}, "LIMBA GERMANA": {"medie": 8.153125, "reusita": 100.0, "cnt": 16}}, "nume": "COLEGIUL NATIONAL \"DECEBAL\" DEVA\tHunedoara"}