{"specializari": {"TEHNICIAN OPERATOR TEHNICA DE CALCUL": 57, "TEHNICIAN MECATRONIST": 30, "TEHNICIAN IN ADMINISTRATIE": 29, "ORGANIZATOR BANQUETING": 30}, "limba_moderna": {"LIMBA ENGLEZA": 146}, "limba_materna": {"LIMBA ROMANA": 146}, "promotie_anterioara": {"DA": 40, "NU": 106}, "materii": {"LIMBA ROMANA": {"medie": 6.880419580419581, "reusita": 96.57534246575342, "cnt": 146}, "MATEMATICA TEHN": {"medie": 6.702464788732392, "reusita": 86.3013698630137, "cnt": 146}, "BIOLOGIE VEGETALA SI ANIMALA": {"medie": 5.816666666666669, "reusita": 78.26086956521739, "cnt": 69}, "GENERAL": {"medie": 6.841304347826085, "reusita": 68.4931506849315, "cnt": 146}, "GEOGRAFIE": {"medie": 7.8702127659574455, "reusita": 95.91836734693877, "cnt": 49}, "LOGICA, ARGUMENTARE SI COMUNICARE": {"medie": 8.23125, "reusita": 100.0, "cnt": 8}, "PSIHOLOGIE": {"medie": 8.5, "reusita": 100.0, "cnt": 1}, "FIZICA TEH": {"medie": 7.011764705882352, "reusita": 88.88888888888889, "cnt": 18}, "ECONOMIE": {"medie": 4.4, "reusita": 0.0, "cnt": 1}}, "nume": "COLEGIUL TEHNIC \"HENRI COANDA\" TIMISOARA\tTimi\u0219"}