{"specializari": {"STIINTE ALE NATURII": 22, "MATEMATICA-INFORMATICA": 26, "FILOLOGIE": 34, "STIINTE SOCIALE": 33, "INVATATOR - EDUCATOARE": 1}, "limba_moderna": {"LIMBA ENGLEZA": 109, "LIMBA GERMANA MODERNA": 3, "LIMBA FRANCEZA": 4}, "limba_materna": {"LIMBA ROMANA": 116}, "promotie_anterioara": {"DA": 3, "NU": 113}, "materii": {"LIMBA ROMANA": {"medie": 7.573275862068969, "reusita": 98.27586206896551, "cnt": 116}, "GENERAL": {"medie": 7.849710144927537, "reusita": 89.65517241379311, "cnt": 116}, "MATEMATICA MATE-INFO": {"medie": 8.37692307692308, "reusita": 100.0, "cnt": 26}, "ANATOMIE SI FIZIOLOGIE UMANA, GENETICA SI ECOLOGIE UMANA": {"medie": 8.38030303030303, "reusita": 96.96969696969697, "cnt": 33}, "FIZICA TEO": {"medie": 9.277777777777779, "reusita": 100.0, "cnt": 9}, "GEOGRAFIE": {"medie": 8.431632653061225, "reusita": 100.0, "cnt": 49}, "INFORMATICA MI C/C++": {"medie": 9.1, "reusita": 100.0, "cnt": 6}, "ISTORIE": {"medie": 7.305223880597014, "reusita": 97.01492537313433, "cnt": 67}, "FILOSOFIE": {"medie": 7.5, "reusita": 100.0, "cnt": 1}, "LOGICA, ARGUMENTARE SI COMUNICARE": {"medie": 9.184375, "reusita": 100.0, "cnt": 16}, "MATEMATICA ST-NAT": {"medie": 6.435714285714286, "reusita": 81.81818181818183, "cnt": 22}, "MATEMATICA PED": {"medie": 6.3, "reusita": 100.0, "cnt": 1}, "PSIHOLOGIE": {"medie": 9.7, "reusita": 100.0, "cnt": 1}, "ECONOMIE": {"medie": 4.0, "reusita": 0.0, "cnt": 1}}, "nume": "COLEGIUL NATIONAL \"MIHAI VITEAZUL\" SFANTU GHEORGHE\tCovasna"}