{"specializari": {"MATEMATICA-INFORMATICA": 19, "TEHNICIAN IN ACTIVITATI ECONOMICE": 130, "TEHNICIAN IN TURISM": 43, "ORGANIZATOR BANQUETING": 30, "TEHNICIAN IN ACTIVITATI DE COMERT": 26, "TEHNICIAN IN ADMINISTRATIE": 22, "TEHNICIAN IN GASTRONOMIE": 26}, "limba_moderna": {"LIMBA FRANCEZA": 21, "LIMBA ENGLEZA": 275}, "limba_materna": {"LIMBA ROMANA": 296}, "promotie_anterioara": {"DA": 23, "NU": 273}, "materii": {"LIMBA ROMANA": {"medie": 6.447269624573372, "reusita": 93.24324324324324, "cnt": 296}, "MATEMATICA TEHN": {"medie": 5.867343173431734, "reusita": 74.36823104693141, "cnt": 277}, "GENERAL": {"medie": 6.582291666666667, "reusita": 63.85135135135135, "cnt": 296}, "MATEMATICA MATE-INFO": {"medie": 6.171052631578949, "reusita": 73.68421052631578, "cnt": 19}, "ANATOMIE SI FIZIOLOGIE UMANA, GENETICA SI ECOLOGIE UMANA": {"medie": 6.875, "reusita": 72.72727272727273, "cnt": 11}, "FIZICA TEO": {"medie": 4.4, "reusita": 0.0, "cnt": 1}, "GEOGRAFIE": {"medie": 7.556770833333328, "reusita": 95.36082474226805, "cnt": 194}, "INFORMATICA MI C/C++": {"medie": 5.685714285714285, "reusita": 71.42857142857143, "cnt": 7}, "LOGICA, ARGUMENTARE SI COMUNICARE": {"medie": 7.2906666666666675, "reusita": 83.11688311688312, "cnt": 77}, "PSIHOLOGIE": {"medie": 5.875, "reusita": 50.0, "cnt": 2}, "ECONOMIE": {"medie": 5.2125, "reusita": 75.0, "cnt": 4}}, "nume": "COLEGIUL ECONOMIC \"ION GHICA\" BACAU\tBac\u0103u"}