{"specializari": {"TEHNICIAN OPERATOR TEHNICA DE CALCUL": 1, "TEHNICIAN IN AUTOMATIZARI": 5, "MATEMATICA-INFORMATICA": 21, "STIINTE ALE NATURII": 19, "FILOLOGIE": 30, "TEHNICIAN IN ACTIVITATI ECONOMICE": 29, "TEHNICIAN IN ACTIVITATI DE COMERT": 12, "TEHNICIAN ELECTROTEHNIST": 11, "TEHNICIAN PROIECTANT CAD": 1, "TEHNICIAN TRANSPORTURI": 2, "TEHNICIAN MECANIC PENTRU INTRETINERE SI REPARATII": 3}, "limba_moderna": {"LIMBA ENGLEZA": 134}, "limba_materna": {"LIMBA ROMANA": 134}, "promotie_anterioara": {"DA": 25, "NU": 109}, "materii": {"LIMBA ROMANA": {"medie": 7.067669172932329, "reusita": 95.52238805970148, "cnt": 134}, "MATEMATICA TEHN": {"medie": 5.356451612903225, "reusita": 68.75, "cnt": 64}, "BIOLOGIE VEGETALA SI ANIMALA": {"medie": 5.34655172413793, "reusita": 63.33333333333333, "cnt": 30}, "GENERAL": {"medie": 6.770737913486005, "reusita": 64.92537313432835, "cnt": 134}, "MATEMATICA MATE-INFO": {"medie": 6.669047619047619, "reusita": 85.71428571428571, "cnt": 21}, "ANATOMIE SI FIZIOLOGIE UMANA, GENETICA SI ECOLOGIE UMANA": {"medie": 7.6448275862068975, "reusita": 93.10344827586206, "cnt": 29}, "GEOGRAFIE": {"medie": 7.858333333333332, "reusita": 95.45454545454545, "cnt": 66}, "INFORMATICA MI C/C++": {"medie": 7.949999999999999, "reusita": 100.0, "cnt": 4}, "ISTORIE": {"medie": 7.778333333333333, "reusita": 100.0, "cnt": 30}, "LOGICA, ARGUMENTARE SI COMUNICARE": {"medie": 8.275, "reusita": 100.0, "cnt": 2}, "MATEMATICA ST-NAT": {"medie": 3.822222222222222, "reusita": 42.10526315789473, "cnt": 19}, "PSIHOLOGIE": {"medie": 9.333333333333334, "reusita": 100.0, "cnt": 3}}, "nume": "COLEGIUL TEHNIC \"ALEXANDRU ROMAN\" ALESD\tBihor"}