{"specializari": {"TEHNICIAN IN ACTIVITATI ECONOMICE": 21, "MATEMATICA-INFORMATICA": 12, "STIINTE ALE NATURII": 14, "TEHNICIAN IN TURISM": 6, "TEHNICIAN ELECTROTEHNIST": 1, "FILOLOGIE": 1}, "limba_moderna": {"LIMBA ENGLEZA": 55}, "limba_materna": {"LIMBA MAGHIARA": 55}, "promotie_anterioara": {"DA": 5, "NU": 50}, "materii": {"LIMBA ROMANA": {"medie": 6.452727272727272, "reusita": 85.45454545454545, "cnt": 55}, "MATEMATICA TEHN": {"medie": 6.989285714285714, "reusita": 96.42857142857143, "cnt": 28}, "GENERAL": {"medie": 7.554090909090908, "reusita": 78.18181818181819, "cnt": 55}, "MATEMATICA MATE-INFO": {"medie": 7.670833333333333, "reusita": 100.0, "cnt": 12}, "ANATOMIE SI FIZIOLOGIE UMANA, GENETICA SI ECOLOGIE UMANA": {"medie": 8.726666666666667, "reusita": 100.0, "cnt": 15}, "FIZICA TEO": {"medie": 6.25, "reusita": 100.0, "cnt": 1}, "GEOGRAFIE": {"medie": 7.976785714285713, "reusita": 96.42857142857143, "cnt": 28}, "INFORMATICA MI C/C++": {"medie": 7.031249999999999, "reusita": 75.0, "cnt": 8}, "ISTORIE": {"medie": 5.1, "reusita": 100.0, "cnt": 1}, "LIMBA MAGHIARA (REAL)": {"medie": 8.66666666666667, "reusita": 100.0, "cnt": 54}, "MATEMATICA ST-NAT": {"medie": 7.046428571428571, "reusita": 100.0, "cnt": 14}, "LIMBA MAGHIARA (UMAN)": {"medie": 5.0, "reusita": 100.0, "cnt": 1}, "CHIMIE ANORGANICA TEO NIVEL I/II": {"medie": 8.583333333333334, "reusita": 100.0, "cnt": 3}}, "nume": "COLEGIUL\"CSIKY GERGELY\" ARAD\tArad"}