{"specializari": {"MATEMATICA-INFORMATICA": 114, "FILOLOGIE": 64, "STIINTE SOCIALE": 56, "LICEU CU PROGRAM SPORTIV": 1}, "limba_moderna": {"LIMBA ENGLEZA": 210, "LIMBA FRANCEZA": 25}, "limba_materna": {"LIMBA ROMANA": 235}, "promotie_anterioara": {"DA": 15, "NU": 220}, "materii": {"LIMBA ROMANA": {"medie": 7.547446808510643, "reusita": 99.57446808510639, "cnt": 235}, "BIOLOGIE VEGETALA SI ANIMALA": {"medie": 9.3, "reusita": 100.0, "cnt": 1}, "GENERAL": {"medie": 7.5747150997151, "reusita": 88.51063829787233, "cnt": 235}, "MATEMATICA MATE-INFO": {"medie": 6.651327433628318, "reusita": 92.10526315789474, "cnt": 114}, "ANATOMIE SI FIZIOLOGIE UMANA, GENETICA SI ECOLOGIE UMANA": {"medie": 7.012931034482758, "reusita": 88.13559322033898, "cnt": 59}, "FIZICA TEO": {"medie": 6.164285714285714, "reusita": 78.57142857142857, "cnt": 14}, "GEOGRAFIE": {"medie": 8.681249999999997, "reusita": 100.0, "cnt": 40}, "INFORMATICA MI C/C++": {"medie": 7.460256410256411, "reusita": 94.87179487179486, "cnt": 39}, "ISTORIE": {"medie": 7.738429752066113, "reusita": 98.34710743801654, "cnt": 121}, "LOGICA, ARGUMENTARE SI COMUNICARE": {"medie": 8.751470588235293, "reusita": 100.0, "cnt": 34}, "PSIHOLOGIE": {"medie": 7.621428571428573, "reusita": 100.0, "cnt": 7}, "CHIMIE ANORGANICA TEO NIVEL I/II": {"medie": 9.6, "reusita": 100.0, "cnt": 1}, "SOCIOLOGIE": {"medie": 9.007692307692306, "reusita": 100.0, "cnt": 39}, "ECONOMIE": {"medie": 8.6, "reusita": 100.0, "cnt": 1}}, "nume": "COLEGIUL NATIONAL \"OCTAV ONICESCU\"\tBucure\u0219ti"}