{"specializari": {"MATEMATICA-INFORMATICA": 32, "STIINTE SOCIALE": 58, "TEOLOGIE ROMANO-CATOLICA": 13}, "limba_moderna": {"LIMBA ENGLEZA": 103}, "limba_materna": {"LIMBA ROMANA": 103}, "promotie_anterioara": {"DA": 5, "NU": 98}, "materii": {"LIMBA ROMANA": {"medie": 7.877184466019419, "reusita": 100.0, "cnt": 103}, "BIOLOGIE VEGETALA SI ANIMALA": {"medie": 8.56875, "reusita": 100.0, "cnt": 8}, "GENERAL": {"medie": 8.13284789644013, "reusita": 94.1747572815534, "cnt": 103}, "MATEMATICA MATE-INFO": {"medie": 7.7359374999999995, "reusita": 96.875, "cnt": 32}, "FIZICA TEO": {"medie": 9.23, "reusita": 100.0, "cnt": 10}, "GEOGRAFIE": {"medie": 8.625, "reusita": 100.0, "cnt": 12}, "INFORMATICA MI C/C++": {"medie": 9.091666666666667, "reusita": 100.0, "cnt": 6}, "ISTORIE": {"medie": 7.726760563380287, "reusita": 100.0, "cnt": 71}, "FILOSOFIE": {"medie": 7.366666666666667, "reusita": 100.0, "cnt": 3}, "LOGICA, ARGUMENTARE SI COMUNICARE": {"medie": 9.124468085106384, "reusita": 100.0, "cnt": 47}, "PSIHOLOGIE": {"medie": 8.825, "reusita": 100.0, "cnt": 6}, "CHIMIE ANORGANICA TEO NIVEL I/II": {"medie": 6.75, "reusita": 71.42857142857143, "cnt": 7}, "CHIMIE ORGANICA TEO NIVEL I/II": {"medie": 8.0, "reusita": 100.0, "cnt": 1}, "SOCIOLOGIE": {"medie": 10.0, "reusita": 100.0, "cnt": 2}, "ECONOMIE": {"medie": 7.5, "reusita": 100.0, "cnt": 1}}, "nume": "COLEGIUL NATIONAL CATOLIC \"SF.IOSIF\" BACAU\tBac\u0103u"}