{"specializari": {"MATEMATICA-INFORMATICA": 108, "FILOLOGIE": 95, "STIINTE ALE NATURII": 1}, "limba_moderna": {"LIMBA ENGLEZA": 179, "LIMBA FRANCEZA": 25}, "limba_materna": {"LIMBA ROMANA": 204}, "promotie_anterioara": {"DA": 13, "NU": 191}, "materii": {"LIMBA ROMANA": {"medie": 8.31806930693069, "reusita": 98.52941176470588, "cnt": 204}, "BIOLOGIE VEGETALA SI ANIMALA": {"medie": 7.95, "reusita": 100.0, "cnt": 4}, "GENERAL": {"medie": 7.990583333333335, "reusita": 85.7843137254902, "cnt": 204}, "MATEMATICA MATE-INFO": {"medie": 7.758411214953271, "reusita": 94.44444444444444, "cnt": 108}, "ANATOMIE SI FIZIOLOGIE UMANA, GENETICA SI ECOLOGIE UMANA": {"medie": 8.137500000000001, "reusita": 87.87878787878788, "cnt": 66}, "FIZICA TEO": {"medie": 8.8, "reusita": 96.7741935483871, "cnt": 31}, "GEOGRAFIE": {"medie": 8.053333333333333, "reusita": 97.82608695652173, "cnt": 46}, "INFORMATICA MI C/C++": {"medie": 8.325000000000001, "reusita": 100.0, "cnt": 6}, "ISTORIE": {"medie": 6.7193548387096795, "reusita": 84.21052631578947, "cnt": 95}, "FILOSOFIE": {"medie": 7.45, "reusita": 100.0, "cnt": 2}, "LOGICA, ARGUMENTARE SI COMUNICARE": {"medie": 9.016666666666666, "reusita": 100.0, "cnt": 3}, "MATEMATICA ST-NAT": {"medie": 5.2, "reusita": 100.0, "cnt": 1}, "PSIHOLOGIE": {"medie": 8.758333333333335, "reusita": 100.0, "cnt": 6}, "CHIMIE ORGANICA TEO NIVEL I/II": {"medie": 9.75, "reusita": 100.0, "cnt": 2}, "SOCIOLOGIE": {"medie": 8.754411764705882, "reusita": 100.0, "cnt": 34}, "ECONOMIE": {"medie": 7.125, "reusita": 75.0, "cnt": 4}}, "nume": "COLEGIUL NATIONAL \"ALEXANDRU IOAN CUZA\" ALEXANDRIA\tTeleorman"}