{"specializari": {"MATEMATICA-INFORMATICA": 29, "STIINTE ALE NATURII": 62, "STIINTE SOCIALE": 31, "FILOLOGIE": 28}, "limba_moderna": {"LIMBA ENGLEZA": 127, "LIMBA GERMANA MODERNA": 13, "LIMBA FRANCEZA": 10}, "limba_materna": {"LIMBA ROMANA": 149, "LIMBA MAGHIARA": 1}, "promotie_anterioara": {"DA": 3, "NU": 147}, "materii": {"LIMBA ROMANA": {"medie": 8.769666666666662, "reusita": 99.33333333333333, "cnt": 150}, "BIOLOGIE VEGETALA SI ANIMALA": {"medie": 3.6, "reusita": 0.0, "cnt": 2}, "GENERAL": {"medie": 8.887360178970916, "reusita": 97.33333333333334, "cnt": 150}, "MATEMATICA MATE-INFO": {"medie": 8.78793103448276, "reusita": 96.55172413793103, "cnt": 29}, "ANATOMIE SI FIZIOLOGIE UMANA, GENETICA SI ECOLOGIE UMANA": {"medie": 9.263829787234043, "reusita": 100.0, "cnt": 47}, "FIZICA TEO": {"medie": 9.416666666666664, "reusita": 100.0, "cnt": 9}, "GEOGRAFIE": {"medie": 8.888888888888888, "reusita": 100.0, "cnt": 18}, "INFORMATICA MI C/C++": {"medie": 9.750000000000002, "reusita": 100.0, "cnt": 22}, "ISTORIE": {"medie": 8.13135593220339, "reusita": 98.30508474576271, "cnt": 59}, "LIMBA MAGHIARA (REAL)": {"medie": 7.75, "reusita": 100.0, "cnt": 1}, "LOGICA, ARGUMENTARE SI COMUNICARE": {"medie": 9.287878787878789, "reusita": 100.0, "cnt": 33}, "MATEMATICA ST-NAT": {"medie": 9.008870967741936, "reusita": 100.0, "cnt": 62}, "PSIHOLOGIE": {"medie": 9.12142857142857, "reusita": 100.0, "cnt": 7}, "CHIMIE ORGANICA TEO NIVEL I/II": {"medie": 8.98, "reusita": 100.0, "cnt": 10}, "SOCIOLOGIE": {"medie": 8.9, "reusita": 100.0, "cnt": 1}, "INFORMATICA SN C/C++": {"medie": 8.5, "reusita": 100.0, "cnt": 1}}, "nume": "COLEGIUL NATIONAL \"UNIREA\" TIRGU MURES\tMure\u0219"}