{"specializari": {"ORGANIZATOR BANQUETING": 37, "STIINTE ALE NATURII": 21, "STIINTE SOCIALE": 27, "FILOLOGIE": 21, "TEHNICIAN IN ACTIVITATI ECONOMICE": 24, "TEHNICIAN IN INDUSTRIA ALIMENTARA": 16, "TEHNICIAN IN TURISM": 20, "TEHNICIAN ECOLOG SI PROTECTIA CALITATII MEDIULUI": 10, "TEHNICIAN VETERINAR": 18, "TEHNICIAN ANALIZE PRODUSE ALIMENTARE": 3}, "limba_moderna": {"LIMBA ENGLEZA": 172, "LIMBA FRANCEZA": 17, "LIMBA GERMANA MODERNA": 8}, "limba_materna": {"LIMBA ROMANA": 197}, "promotie_anterioara": {"DA": 22, "NU": 175}, "materii": {"LIMBA ROMANA": {"medie": 6.339896373056993, "reusita": 84.26395939086294, "cnt": 197}, "MATEMATICA TEHN": {"medie": 4.3935344827586205, "reusita": 45.3125, "cnt": 128}, "BIOLOGIE VEGETALA SI ANIMALA": {"medie": 5.475, "reusita": 50.0, "cnt": 2}, "GENERAL": {"medie": 5.9179417122040086, "reusita": 48.223350253807105, "cnt": 197}, "ANATOMIE SI FIZIOLOGIE UMANA, GENETICA SI ECOLOGIE UMANA": {"medie": 4.515833333333334, "reusita": 40.909090909090914, "cnt": 66}, "GEOGRAFIE": {"medie": 7.1000000000000005, "reusita": 86.76470588235294, "cnt": 68}, "ISTORIE": {"medie": 6.452083333333333, "reusita": 93.75, "cnt": 48}, "LOGICA, ARGUMENTARE SI COMUNICARE": {"medie": 7.843333333333335, "reusita": 90.1639344262295, "cnt": 61}, "MATEMATICA ST-NAT": {"medie": 3.8119047619047612, "reusita": 42.857142857142854, "cnt": 21}}, "nume": "COLEGIUL \"ANDRONIC MOTRESCU\" RADAUTI\tSuceava"}