{"specializari": {"STIINTE ALE NATURII": 31, "MATEMATICA-INFORMATICA": 136, "STIINTE SOCIALE": 34}, "limba_moderna": {"LIMBA ENGLEZA": 166, "LIMBA FRANCEZA": 13, "LIMBA GERMANA MODERNA": 19, "LIMBA ITALIANA": 3}, "limba_materna": {"LIMBA ROMANA": 201}, "promotie_anterioara": {"NU": 201}, "materii": {"LIMBA ROMANA": {"medie": 8.898507462686569, "reusita": 100.0, "cnt": 201}, "BIOLOGIE VEGETALA SI ANIMALA": {"medie": 9.233333333333333, "reusita": 100.0, "cnt": 3}, "GENERAL": {"medie": 8.754228855721392, "reusita": 98.50746268656717, "cnt": 201}, "MATEMATICA MATE-INFO": {"medie": 8.498161764705886, "reusita": 99.26470588235294, "cnt": 136}, "ANATOMIE SI FIZIOLOGIE UMANA, GENETICA SI ECOLOGIE UMANA": {"medie": 8.638815789473686, "reusita": 100.0, "cnt": 76}, "FIZICA TEO": {"medie": 9.335, "reusita": 100.0, "cnt": 10}, "GEOGRAFIE": {"medie": 8.9, "reusita": 100.0, "cnt": 1}, "INFORMATICA MI C/C++": {"medie": 8.574999999999998, "reusita": 100.0, "cnt": 54}, "ISTORIE": {"medie": 8.669117647058824, "reusita": 100.0, "cnt": 34}, "FILOSOFIE": {"medie": 8.2, "reusita": 100.0, "cnt": 1}, "LOGICA, ARGUMENTARE SI COMUNICARE": {"medie": 8.917647058823531, "reusita": 94.11764705882352, "cnt": 17}, "MATEMATICA ST-NAT": {"medie": 8.648387096774195, "reusita": 100.0, "cnt": 31}, "PSIHOLOGIE": {"medie": 9.505555555555555, "reusita": 100.0, "cnt": 9}, "CHIMIE ANORGANICA TEO NIVEL I/II": {"medie": 9.05, "reusita": 100.0, "cnt": 1}, "CHIMIE ORGANICA TEO NIVEL I/II": {"medie": 9.456521739130435, "reusita": 100.0, "cnt": 23}, "SOCIOLOGIE": {"medie": 9.030000000000001, "reusita": 100.0, "cnt": 5}, "ECONOMIE": {"medie": 5.0, "reusita": 100.0, "cnt": 1}}, "nume": "COLEGIUL NATIONAL \"GHEORGHE SINCAI\" BAIA MARE\tMaramure\u0219"}