{"specializari": {"STIINTE ALE NATURII": 82}, "limba_moderna": {"LIMBA ENGLEZA": 71, "LIMBA FRANCEZA": 11}, "limba_materna": {"LIMBA ROMANA": 82}, "promotie_anterioara": {"DA": 5, "NU": 77}, "materii": {"LIMBA ROMANA": {"medie": 7.6654320987654305, "reusita": 95.1219512195122, "cnt": 82}, "BIOLOGIE VEGETALA SI ANIMALA": {"medie": 6.8, "reusita": 100.0, "cnt": 1}, "GENERAL": {"medie": 7.815637860082304, "reusita": 85.36585365853658, "cnt": 82}, "ANATOMIE SI FIZIOLOGIE UMANA, GENETICA SI ECOLOGIE UMANA": {"medie": 8.058653846153847, "reusita": 94.23076923076923, "cnt": 52}, "FIZICA TEO": {"medie": 7.92857142857143, "reusita": 93.33333333333333, "cnt": 15}, "MATEMATICA ST-NAT": {"medie": 7.66296296296296, "reusita": 93.90243902439023, "cnt": 82}, "CHIMIE ORGANICA TEO NIVEL I/II": {"medie": 8.625000000000002, "reusita": 100.0, "cnt": 14}}, "nume": "COLEGIUL NATIONAL \"ANA ASLAN\"\tBr\u0103ila"}