{"specializari": {"STIINTE ALE NATURII": 22, "TEHNICIAN IN AUTOMATIZARI": 16, "TEHNICIAN ECOLOG SI PROTECTIA CALITATII MEDIULUI": 23, "TEHNICIAN ELECTROMECANIC": 3, "TEHNICIAN IN INDUSTRIA TEXTILA": 2, "TEHNICIAN MECATRONIST": 2, "TEHNICIAN MECANIC PENTRU INTRETINERE SI REPARATII": 2, "TEHNICIAN DE TELECOMUNICATII": 3, "TEHNICIAN OPERATOR TEHNICA DE CALCUL": 1, "TEHNICIAN ELECTROTEHNIST": 1}, "limba_moderna": {"LIMBA ENGLEZA": 64, "LIMBA FRANCEZA": 11}, "limba_materna": {"LIMBA ROMANA": 75}, "promotie_anterioara": {"DA": 35, "NU": 40}, "materii": {"LIMBA ROMANA": {"medie": 5.620945945945945, "reusita": 77.33333333333333, "cnt": 75}, "MATEMATICA TEHN": {"medie": 3.78235294117647, "reusita": 43.39622641509434, "cnt": 53}, "BIOLOGIE VEGETALA SI ANIMALA": {"medie": 4.4519230769230775, "reusita": 50.0, "cnt": 28}, "GENERAL": {"medie": 4.428260869565218, "reusita": 12.0, "cnt": 75}, "ANATOMIE SI FIZIOLOGIE UMANA, GENETICA SI ECOLOGIE UMANA": {"medie": 4.3225, "reusita": 33.33333333333333, "cnt": 42}, "MATEMATICA ST-NAT": {"medie": 2.3738095238095234, "reusita": 13.636363636363635, "cnt": 22}, "FIZICA TEH": {"medie": 3.2750000000000004, "reusita": 0.0, "cnt": 4}, "CHIMIE ORGANICA TEO NIVEL I/II": {"medie": 4.5, "reusita": 0.0, "cnt": 1}}, "nume": "COLEGIUL TEHNIC NR 2 TG-JIU\tGorj"}