{"specializari": {"TEHNICIAN IN ACTIVITATI ECONOMICE": 9, "COAFOR STILIST": 5, "TEHNICIAN OPERATOR TEHNICA DE CALCUL": 2, "TEHNICIAN DESENATOR PENTRU CONSTRUCTII SI INSTALATII": 2}, "limba_moderna": {"LIMBA ENGLEZA": 18}, "limba_materna": {"LIMBA ROMANA": 18}, "promotie_anterioara": {"DA": 9, "NU": 9}, "materii": {"LIMBA ROMANA": {"medie": 5.883333333333333, "reusita": 100.0, "cnt": 18}, "MATEMATICA TEHN": {"medie": 5.823529411764706, "reusita": 72.22222222222221, "cnt": 18}, "BIOLOGIE VEGETALA SI ANIMALA": {"medie": 5.55, "reusita": 50.0, "cnt": 4}, "GENERAL": {"medie": 6.371875, "reusita": 61.111111111111114, "cnt": 18}, "GEOGRAFIE": {"medie": 7.857142857142856, "reusita": 92.85714285714286, "cnt": 14}}, "nume": "COLEGIUL TEHNIC \"MEDIENSIS\" MEDIAS\tSibiu"}