{"specializari": {"STIINTE ALE NATURII": 24, "FILOLOGIE": 39, "STIINTE SOCIALE": 36, "MATEMATICA-INFORMATICA": 78}, "limba_moderna": {"LIMBA ENGLEZA": 174, "LIMBA FRANCEZA": 3}, "limba_materna": {"LIMBA ROMANA": 177}, "promotie_anterioara": {"DA": 7, "NU": 170}, "materii": {"LIMBA ROMANA": {"medie": 8.24406779661017, "reusita": 98.87005649717514, "cnt": 177}, "GENERAL": {"medie": 8.11038095238095, "reusita": 88.13559322033898, "cnt": 177}, "MATEMATICA MATE-INFO": {"medie": 8.469736842105263, "reusita": 94.87179487179486, "cnt": 78}, "ANATOMIE SI FIZIOLOGIE UMANA, GENETICA SI ECOLOGIE UMANA": {"medie": 7.4976744186046504, "reusita": 88.63636363636364, "cnt": 44}, "FIZICA TEO": {"medie": 8.82843137254902, "reusita": 98.0392156862745, "cnt": 51}, "GEOGRAFIE": {"medie": 9.34375, "reusita": 100.0, "cnt": 16}, "INFORMATICA MI C/C++": {"medie": 7.314285714285715, "reusita": 85.71428571428571, "cnt": 7}, "ISTORIE": {"medie": 7.365999999999999, "reusita": 97.33333333333334, "cnt": 75}, "LOGICA, ARGUMENTARE SI COMUNICARE": {"medie": 8.965384615384616, "reusita": 100.0, "cnt": 39}, "MATEMATICA ST-NAT": {"medie": 4.977083333333334, "reusita": 62.5, "cnt": 24}, "SOCIOLOGIE": {"medie": 8.881578947368421, "reusita": 100.0, "cnt": 19}, "ECONOMIE": {"medie": 10.0, "reusita": 100.0, "cnt": 1}}, "nume": "COLEGIUL NATIONAL \"TRAIAN\"\tMehedin\u021bi"}