{"specializari": {"MATEMATICA-INFORMATICA": 26, "STIINTE ALE NATURII": 118, "STIINTE SOCIALE": 29}, "limba_moderna": {"LIMBA GERMANA MODERNA": 2, "LIMBA ENGLEZA": 170, "LIMBA FRANCEZA": 1}, "limba_materna": {"LIMBA ROMANA": 173}, "promotie_anterioara": {"DA": 9, "NU": 164}, "materii": {"LIMBA ROMANA": {"medie": 8.128901734104044, "reusita": 100.0, "cnt": 173}, "BIOLOGIE VEGETALA SI ANIMALA": {"medie": 6.3, "reusita": 100.0, "cnt": 1}, "GENERAL": {"medie": 7.818313953488365, "reusita": 90.17341040462428, "cnt": 173}, "MATEMATICA MATE-INFO": {"medie": 7.069230769230769, "reusita": 96.15384615384616, "cnt": 26}, "ANATOMIE SI FIZIOLOGIE UMANA, GENETICA SI ECOLOGIE UMANA": {"medie": 8.23302752293578, "reusita": 95.45454545454545, "cnt": 110}, "FIZICA TEO": {"medie": 8.129999999999999, "reusita": 100.0, "cnt": 5}, "GEOGRAFIE": {"medie": 8.404166666666669, "reusita": 100.0, "cnt": 12}, "INFORMATICA MI C/C++": {"medie": 7.5590909090909095, "reusita": 90.9090909090909, "cnt": 11}, "ISTORIE": {"medie": 7.593103448275862, "reusita": 100.0, "cnt": 29}, "LOGICA, ARGUMENTARE SI COMUNICARE": {"medie": 9.249999999999998, "reusita": 100.0, "cnt": 11}, "MATEMATICA ST-NAT": {"medie": 6.935169491525424, "reusita": 92.37288135593221, "cnt": 118}, "PSIHOLOGIE": {"medie": 7.550000000000001, "reusita": 100.0, "cnt": 4}, "CHIMIE ANORGANICA TEO NIVEL I/II": {"medie": 7.495454545454546, "reusita": 100.0, "cnt": 11}, "CHIMIE ORGANICA TEO NIVEL I/II": {"medie": 8.7, "reusita": 100.0, "cnt": 3}, "SOCIOLOGIE": {"medie": 9.85, "reusita": 100.0, "cnt": 2}, "INFORMATICA SN C/C++": {"medie": 8.166666666666666, "reusita": 100.0, "cnt": 3}}, "nume": "COLEGIUL DE STIINTE ALE NATURII \"EMIL RACOVITA\" BRASOV\tBra\u0219ov"}