{"specializari": {"FILOLOGIE": 27, "TEHNICIAN OPERATOR TEHNICA DE CALCUL": 18, "TEHNICIAN IN INDUSTRIA TEXTILA": 2, "TEHNICIAN IN INDUSTRIA PIELARIEI": 1, "TEHNICIAN IN ACTIVITATI DE COMERT": 3, "STIINTE ALE NATURII": 1}, "limba_moderna": {"LIMBA GERMANA MODERNA": 1, "LIMBA ENGLEZA": 50, "LIMBA FRANCEZA": 1}, "limba_materna": {"LIMBA ROMANA": 52}, "promotie_anterioara": {"DA": 10, "NU": 42}, "materii": {"LIMBA ROMANA": {"medie": 6.069000000000001, "reusita": 86.53846153846155, "cnt": 52}, "MATEMATICA TEHN": {"medie": 5.535416666666666, "reusita": 70.83333333333334, "cnt": 24}, "BIOLOGIE VEGETALA SI ANIMALA": {"medie": 5.384375, "reusita": 64.70588235294117, "cnt": 17}, "GENERAL": {"medie": 6.276190476190477, "reusita": 50.0, "cnt": 52}, "ANATOMIE SI FIZIOLOGIE UMANA, GENETICA SI ECOLOGIE UMANA": {"medie": 6.6, "reusita": 100.0, "cnt": 1}, "GEOGRAFIE": {"medie": 7.704999999999999, "reusita": 100.0, "cnt": 30}, "ISTORIE": {"medie": 5.766666666666664, "reusita": 70.37037037037037, "cnt": 27}, "MATEMATICA ST-NAT": {"medie": 5.0, "reusita": 100.0, "cnt": 1}, "FIZICA TEH": {"medie": 7.7625, "reusita": 100.0, "cnt": 4}}, "nume": "COLEGIUL TEHNIC \"AUGUST TREBONIU LAURIAN\" AGNITA\tSibiu"}