{"specializari": {"STIINTE SOCIALE": 31, "MATEMATICA-INFORMATICA": 59, "STIINTE ALE NATURII": 28, "FILOLOGIE": 54}, "limba_moderna": {"LIMBA ENGLEZA": 153, "LIMBA FRANCEZA": 19}, "limba_materna": {"LIMBA ROMANA": 172}, "promotie_anterioara": {"DA": 2, "NU": 170}, "materii": {"LIMBA ROMANA": {"medie": 7.800290697674418, "reusita": 100.0, "cnt": 172}, "BIOLOGIE VEGETALA SI ANIMALA": {"medie": 9.4, "reusita": 100.0, "cnt": 2}, "GENERAL": {"medie": 8.087209302325583, "reusita": 93.6046511627907, "cnt": 172}, "MATEMATICA MATE-INFO": {"medie": 8.233898305084745, "reusita": 100.0, "cnt": 59}, "ANATOMIE SI FIZIOLOGIE UMANA, GENETICA SI ECOLOGIE UMANA": {"medie": 8.73653846153846, "reusita": 100.0, "cnt": 52}, "FIZICA TEO": {"medie": 9.142857142857142, "reusita": 100.0, "cnt": 21}, "GEOGRAFIE": {"medie": 8.925925925925924, "reusita": 100.0, "cnt": 27}, "INFORMATICA MI C/C++": {"medie": 7.125, "reusita": 83.33333333333334, "cnt": 6}, "ISTORIE": {"medie": 7.429999999999997, "reusita": 98.82352941176471, "cnt": 85}, "FILOSOFIE": {"medie": 8.533333333333333, "reusita": 100.0, "cnt": 3}, "LOGICA, ARGUMENTARE SI COMUNICARE": {"medie": 8.998936170212765, "reusita": 100.0, "cnt": 47}, "MATEMATICA ST-NAT": {"medie": 6.676785714285714, "reusita": 89.28571428571429, "cnt": 28}, "PSIHOLOGIE": {"medie": 8.600000000000001, "reusita": 100.0, "cnt": 2}, "CHIMIE ORGANICA TEO NIVEL I/II": {"medie": 9.666666666666666, "reusita": 100.0, "cnt": 6}, "SOCIOLOGIE": {"medie": 9.075000000000001, "reusita": 100.0, "cnt": 6}}, "nume": "COLEGIUL NATIONAL \"ALEXANDRU VLAHUTA\" MUNICIPIUL RIMNICU SARAT\tBuz\u0103u"}