{"specializari": {"MATEMATICA-INFORMATICA": 100, "STIINTE ALE NATURII": 34, "FILOLOGIE": 26}, "limba_moderna": {"LIMBA ENGLEZA": 152, "LIMBA GERMANA MODERNA": 5, "LIMBA FRANCEZA": 3}, "limba_materna": {"LIMBA ROMANA": 160}, "promotie_anterioara": {"DA": 3, "NU": 157}, "materii": {"LIMBA ROMANA": {"medie": 8.500000000000002, "reusita": 99.375, "cnt": 160}, "BIOLOGIE VEGETALA SI ANIMALA": {"medie": 8.3, "reusita": 100.0, "cnt": 20}, "GENERAL": {"medie": 8.40748945147679, "reusita": 95.625, "cnt": 160}, "MATEMATICA MATE-INFO": {"medie": 8.31581632653061, "reusita": 98.0, "cnt": 100}, "ANATOMIE SI FIZIOLOGIE UMANA, GENETICA SI ECOLOGIE UMANA": {"medie": 8.022222222222222, "reusita": 100.0, "cnt": 18}, "FIZICA TEO": {"medie": 8.3296875, "reusita": 90.9090909090909, "cnt": 33}, "GEOGRAFIE": {"medie": 8.294444444444444, "reusita": 100.0, "cnt": 9}, "INFORMATICA MI C/C++": {"medie": 8.543749999999998, "reusita": 96.0, "cnt": 25}, "ISTORIE": {"medie": 8.032692307692306, "reusita": 96.15384615384616, "cnt": 26}, "LOGICA, ARGUMENTARE SI COMUNICARE": {"medie": 9.444444444444445, "reusita": 100.0, "cnt": 9}, "MATEMATICA ST-NAT": {"medie": 7.733823529411766, "reusita": 97.05882352941177, "cnt": 34}, "PSIHOLOGIE": {"medie": 9.2, "reusita": 100.0, "cnt": 1}, "CHIMIE ORGANICA TEO NIVEL I/II": {"medie": 8.972368421052632, "reusita": 100.0, "cnt": 38}, "SOCIOLOGIE": {"medie": 8.82857142857143, "reusita": 100.0, "cnt": 7}}, "nume": "COLEGIUL NATIONAL \"NICOLAE BALCESCU\"\tBr\u0103ila"}