{"specializari": {"STIINTE ALE NATURII": 88, "STIINTE SOCIALE": 60, "MATEMATICA-INFORMATICA": 25, "FILOLOGIE": 62}, "limba_moderna": {"LIMBA ENGLEZA": 167, "LIMBA FRANCEZA": 68}, "limba_materna": {"LIMBA ROMANA": 235}, "promotie_anterioara": {"NU": 234, "DA": 1}, "materii": {"LIMBA ROMANA": {"medie": 7.7074468085106345, "reusita": 99.57446808510639, "cnt": 235}, "GENERAL": {"medie": 8.216025641025638, "reusita": 97.87234042553192, "cnt": 235}, "MATEMATICA MATE-INFO": {"medie": 9.022, "reusita": 100.0, "cnt": 25}, "ANATOMIE SI FIZIOLOGIE UMANA, GENETICA SI ECOLOGIE UMANA": {"medie": 8.832926829268294, "reusita": 100.0, "cnt": 82}, "FIZICA TEO": {"medie": 9.214285714285714, "reusita": 100.0, "cnt": 14}, "GEOGRAFIE": {"medie": 8.358333333333334, "reusita": 100.0, "cnt": 6}, "INFORMATICA MI C/C++": {"medie": 9.4, "reusita": 100.0, "cnt": 10}, "ISTORIE": {"medie": 7.8413223140495845, "reusita": 98.36065573770492, "cnt": 122}, "LOGICA, ARGUMENTARE SI COMUNICARE": {"medie": 8.823275862068966, "reusita": 100.0, "cnt": 116}, "MATEMATICA ST-NAT": {"medie": 8.00340909090909, "reusita": 98.86363636363636, "cnt": 88}, "CHIMIE ORGANICA TEO NIVEL I/II": {"medie": 9.583333333333334, "reusita": 100.0, "cnt": 6}, "INFORMATICA SN C/C++": {"medie": 10.0, "reusita": 100.0, "cnt": 1}}, "nume": "COLEGIUL NATIONAL \"CUZA VODA\", MUN. HUSI\tVaslui"}