{"specializari": {"MATEMATICA-INFORMATICA": 50, "STIINTE ALE NATURII": 27, "FILOLOGIE": 30}, "limba_moderna": {"LIMBA ENGLEZA": 92, "LIMBA FRANCEZA": 15}, "limba_materna": {"LIMBA ROMANA": 107}, "promotie_anterioara": {"NU": 107}, "materii": {"LIMBA ROMANA": {"medie": 8.306074766355142, "reusita": 100.0, "cnt": 107}, "BIOLOGIE VEGETALA SI ANIMALA": {"medie": 9.533333333333333, "reusita": 100.0, "cnt": 3}, "GENERAL": {"medie": 8.42554517133956, "reusita": 98.13084112149532, "cnt": 107}, "MATEMATICA MATE-INFO": {"medie": 8.581000000000003, "reusita": 100.0, "cnt": 50}, "ANATOMIE SI FIZIOLOGIE UMANA, GENETICA SI ECOLOGIE UMANA": {"medie": 8.558620689655172, "reusita": 100.0, "cnt": 29}, "FIZICA TEO": {"medie": 8.806666666666667, "reusita": 100.0, "cnt": 15}, "GEOGRAFIE": {"medie": 8.02142857142857, "reusita": 100.0, "cnt": 7}, "INFORMATICA MI C/C++": {"medie": 9.18611111111111, "reusita": 100.0, "cnt": 18}, "ISTORIE": {"medie": 7.794999999999999, "reusita": 96.66666666666667, "cnt": 30}, "LOGICA, ARGUMENTARE SI COMUNICARE": {"medie": 8.954545454545455, "reusita": 100.0, "cnt": 22}, "MATEMATICA ST-NAT": {"medie": 7.8203703703703695, "reusita": 100.0, "cnt": 27}, "PSIHOLOGIE": {"medie": 8.9, "reusita": 100.0, "cnt": 1}, "CHIMIE ORGANICA TEO NIVEL I/II": {"medie": 8.791666666666668, "reusita": 100.0, "cnt": 12}}, "nume": "COLEGIUL NATIONAL \"MIHAI EMINESCU\" PETROSANI\tHunedoara"}