{"specializari": {"MATEMATICA-INFORMATICA": 58, "STIINTE ALE NATURII": 59, "STIINTE SOCIALE": 33, "FILOLOGIE": 58}, "limba_moderna": {"LIMBA ENGLEZA": 167, "LIMBA FRANCEZA": 41}, "limba_materna": {"LIMBA ROMANA": 208}, "promotie_anterioara": {"DA": 2, "NU": 206}, "materii": {"LIMBA ROMANA": {"medie": 8.59014423076923, "reusita": 99.51923076923077, "cnt": 208}, "BIOLOGIE VEGETALA SI ANIMALA": {"medie": 9.25, "reusita": 100.0, "cnt": 11}, "GENERAL": {"medie": 8.785657051282055, "reusita": 99.03846153846155, "cnt": 208}, "MATEMATICA MATE-INFO": {"medie": 8.972413793103447, "reusita": 100.0, "cnt": 58}, "ANATOMIE SI FIZIOLOGIE UMANA, GENETICA SI ECOLOGIE UMANA": {"medie": 9.065, "reusita": 100.0, "cnt": 20}, "FIZICA TEO": {"medie": 9.0675, "reusita": 100.0, "cnt": 20}, "GEOGRAFIE": {"medie": 8.629999999999999, "reusita": 100.0, "cnt": 5}, "INFORMATICA MI C/C++": {"medie": 8.805357142857144, "reusita": 100.0, "cnt": 28}, "ISTORIE": {"medie": 8.457692307692307, "reusita": 97.8021978021978, "cnt": 91}, "FILOSOFIE": {"medie": 8.0, "reusita": 100.0, "cnt": 1}, "LOGICA, ARGUMENTARE SI COMUNICARE": {"medie": 9.316153846153847, "reusita": 100.0, "cnt": 65}, "MATEMATICA ST-NAT": {"medie": 8.569491525423727, "reusita": 100.0, "cnt": 59}, "PSIHOLOGIE": {"medie": 9.514285714285714, "reusita": 100.0, "cnt": 7}, "CHIMIE ANORGANICA TEO NIVEL I/II": {"medie": 5.35, "reusita": 100.0, "cnt": 1}, "CHIMIE ORGANICA TEO NIVEL I/II": {"medie": 9.231081081081077, "reusita": 100.0, "cnt": 37}, "SOCIOLOGIE": {"medie": 9.34, "reusita": 100.0, "cnt": 5}, "ECONOMIE": {"medie": 9.0, "reusita": 100.0, "cnt": 8}}, "nume": "COLEGIUL NATIONAL \"ALEXANDRU IOAN CUZA\", MUNICIPIUL PLOIESTI\tPrahova"}