{"specializari": {"TEHNICIAN IN ACTIVITATI DE COMERT": 2, "TEHNICIAN IN TURISM": 45, "TEHNICIAN IN ACTIVITATI ECONOMICE": 27}, "limba_moderna": {"LIMBA ENGLEZA": 74}, "limba_materna": {"LIMBA ROMANA": 74}, "promotie_anterioara": {"DA": 12, "NU": 62}, "materii": {"LIMBA ROMANA": {"medie": 6.442142857142858, "reusita": 86.48648648648648, "cnt": 74}, "MATEMATICA TEHN": {"medie": 5.426428571428569, "reusita": 60.810810810810814, "cnt": 74}, "GENERAL": {"medie": 6.435323383084577, "reusita": 51.35135135135135, "cnt": 74}, "GEOGRAFIE": {"medie": 7.25703125, "reusita": 83.82352941176471, "cnt": 68}, "LOGICA, ARGUMENTARE SI COMUNICARE": {"medie": 7.375, "reusita": 40.0, "cnt": 5}, "PSIHOLOGIE": {"medie": 8.5, "reusita": 100.0, "cnt": 1}}, "nume": "COLEGIUL ECONOMIC \"EMANUIL GOJDU\" HUNEDOARA\tHunedoara"}