{"specializari": {"MATEMATICA-INFORMATICA": 83, "STIINTE ALE NATURII": 50, "FILOLOGIE": 64}, "limba_moderna": {"LIMBA ENGLEZA": 173, "LIMBA FRANCEZA": 24}, "limba_materna": {"LIMBA ROMANA": 197}, "promotie_anterioara": {"DA": 1, "NU": 196}, "materii": {"LIMBA ROMANA": {"medie": 8.442893401015231, "reusita": 100.0, "cnt": 197}, "BIOLOGIE VEGETALA SI ANIMALA": {"medie": 7.25, "reusita": 100.0, "cnt": 1}, "GENERAL": {"medie": 8.531556683587139, "reusita": 97.96954314720813, "cnt": 197}, "MATEMATICA MATE-INFO": {"medie": 8.731927710843374, "reusita": 98.79518072289156, "cnt": 83}, "ANATOMIE SI FIZIOLOGIE UMANA, GENETICA SI ECOLOGIE UMANA": {"medie": 8.620754716981132, "reusita": 100.0, "cnt": 53}, "FIZICA TEO": {"medie": 9.185, "reusita": 100.0, "cnt": 50}, "GEOGRAFIE": {"medie": 8.619736842105263, "reusita": 100.0, "cnt": 38}, "INFORMATICA MI C/C++": {"medie": 9.658695652173913, "reusita": 100.0, "cnt": 23}, "ISTORIE": {"medie": 7.629687500000001, "reusita": 100.0, "cnt": 64}, "LOGICA, ARGUMENTARE SI COMUNICARE": {"medie": 9.463333333333333, "reusita": 100.0, "cnt": 15}, "MATEMATICA ST-NAT": {"medie": 8.059, "reusita": 100.0, "cnt": 50}, "PSIHOLOGIE": {"medie": 8.4, "reusita": 100.0, "cnt": 2}, "CHIMIE ORGANICA TEO NIVEL I/II": {"medie": 8.709999999999999, "reusita": 100.0, "cnt": 5}, "SOCIOLOGIE": {"medie": 9.022222222222222, "reusita": 100.0, "cnt": 9}, "INFORMATICA SN C/C++": {"medie": 6.3, "reusita": 100.0, "cnt": 1}}, "nume": "COLEGIUL NATIONAL \"DIMITRIE CANTEMIR\" ONESTI\tBac\u0103u"}