{"specializari": {"MATEMATICA-INFORMATICA": 28, "STIINTE SOCIALE": 63, "TEHNICIAN IN ACTIVITATI ECONOMICE": 27, "FILOLOGIE": 32, "STIINTE ALE NATURII": 33}, "limba_moderna": {"LIMBA ENGLEZA": 160, "LIMBA FRANCEZA": 23}, "limba_materna": {"LIMBA ROMANA": 183}, "promotie_anterioara": {"NU": 176, "DA": 7}, "materii": {"LIMBA ROMANA": {"medie": 7.847777777777781, "reusita": 97.26775956284153, "cnt": 183}, "MATEMATICA TEHN": {"medie": 8.716666666666667, "reusita": 100.0, "cnt": 27}, "BIOLOGIE VEGETALA SI ANIMALA": {"medie": 7.9, "reusita": 50.0, "cnt": 2}, "GENERAL": {"medie": 8.022659176029958, "reusita": 89.07103825136612, "cnt": 183}, "MATEMATICA MATE-INFO": {"medie": 9.205555555555554, "reusita": 96.42857142857143, "cnt": 28}, "ANATOMIE SI FIZIOLOGIE UMANA, GENETICA SI ECOLOGIE UMANA": {"medie": 7.748333333333332, "reusita": 90.625, "cnt": 32}, "FIZICA TEO": {"medie": 8.583333333333336, "reusita": 100.0, "cnt": 9}, "GEOGRAFIE": {"medie": 9.45, "reusita": 100.0, "cnt": 20}, "INFORMATICA MI C/C++": {"medie": 8.82, "reusita": 100.0, "cnt": 5}, "ISTORIE": {"medie": 6.8983870967741945, "reusita": 91.57894736842105, "cnt": 95}, "LOGICA, ARGUMENTARE SI COMUNICARE": {"medie": 8.806565656565661, "reusita": 96.96969696969697, "cnt": 99}, "MATEMATICA ST-NAT": {"medie": 7.170967741935484, "reusita": 84.84848484848484, "cnt": 33}, "PSIHOLOGIE": {"medie": 8.566666666666666, "reusita": 100.0, "cnt": 3}, "CHIMIE ANORGANICA TEO NIVEL I/II": {"medie": 7.963636363636363, "reusita": 100.0, "cnt": 11}, "CHIMIE ORGANICA TEO NIVEL I/II": {"medie": 9.55, "reusita": 100.0, "cnt": 1}, "INFORMATICA SN C/C++": {"medie": 7.5, "reusita": 100.0, "cnt": 1}}, "nume": "COLEGIUL NATIONAL \"STEFAN CEL MARE\", HARLAU\tIa\u0219i"}