{"specializari": {"STIINTE SOCIALE": 31, "MATEMATICA-INFORMATICA": 83, "STIINTE ALE NATURII": 32, "FILOLOGIE": 55}, "limba_moderna": {"LIMBA ENGLEZA": 176, "LIMBA FRANCEZA": 24, "LIMBA GERMANA MODERNA": 1}, "limba_materna": {"LIMBA ROMANA": 201}, "promotie_anterioara": {"NU": 200, "DA": 1}, "materii": {"LIMBA ROMANA": {"medie": 8.609452736318412, "reusita": 100.0, "cnt": 201}, "BIOLOGIE VEGETALA SI ANIMALA": {"medie": 9.252083333333333, "reusita": 96.0, "cnt": 25}, "GENERAL": {"medie": 8.841833333333339, "reusita": 98.50746268656717, "cnt": 201}, "MATEMATICA MATE-INFO": {"medie": 8.826506024096389, "reusita": 100.0, "cnt": 83}, "ANATOMIE SI FIZIOLOGIE UMANA, GENETICA SI ECOLOGIE UMANA": {"medie": 9.636111111111113, "reusita": 100.0, "cnt": 18}, "FIZICA TEO": {"medie": 9.266666666666667, "reusita": 100.0, "cnt": 9}, "GEOGRAFIE": {"medie": 9.0, "reusita": 100.0, "cnt": 17}, "INFORMATICA MI C/C++": {"medie": 9.055434782608698, "reusita": 97.82608695652173, "cnt": 46}, "ISTORIE": {"medie": 8.33953488372093, "reusita": 100.0, "cnt": 86}, "LOGICA, ARGUMENTARE SI COMUNICARE": {"medie": 9.405303030303028, "reusita": 98.48484848484848, "cnt": 66}, "MATEMATICA ST-NAT": {"medie": 8.8296875, "reusita": 100.0, "cnt": 32}, "PSIHOLOGIE": {"medie": 8.4, "reusita": 100.0, "cnt": 1}, "CHIMIE ANORGANICA TEO NIVEL I/II": {"medie": 6.95, "reusita": 100.0, "cnt": 1}, "CHIMIE ORGANICA TEO NIVEL I/II": {"medie": 9.425, "reusita": 100.0, "cnt": 16}, "SOCIOLOGIE": {"medie": 9.4, "reusita": 100.0, "cnt": 1}, "ECONOMIE": {"medie": 9.1, "reusita": 100.0, "cnt": 1}}, "nume": "COLEGIUL NATIONAL \"HOREA CLOSCA SI CRISAN\" ALBA IULIA\tAlba"}