{"specializari": {"MATEMATICA-INFORMATICA": 26, "TEHNICIAN IN ACTIVITATI ECONOMICE": 139, "TEHNICIAN IN ADMINISTRATIE": 30, "TEHNICIAN IN ACTIVITATI DE COMERT": 25, "COAFOR STILIST": 25, "TEHNICIAN IN TURISM": 53, "TEHNICIAN IN GASTRONOMIE": 29}, "limba_moderna": {"LIMBA ENGLEZA": 250, "LIMBA FRANCEZA": 77}, "limba_materna": {"LIMBA ROMANA": 327}, "promotie_anterioara": {"NU": 316, "DA": 11}, "materii": {"LIMBA ROMANA": {"medie": 7.137654320987658, "reusita": 96.63608562691131, "cnt": 327}, "MATEMATICA TEHN": {"medie": 6.901190476190479, "reusita": 89.3687707641196, "cnt": 301}, "GENERAL": {"medie": 7.4028125000000005, "reusita": 84.09785932721712, "cnt": 327}, "MATEMATICA MATE-INFO": {"medie": 8.063461538461539, "reusita": 100.0, "cnt": 26}, "ANATOMIE SI FIZIOLOGIE UMANA, GENETICA SI ECOLOGIE UMANA": {"medie": 8.291666666666668, "reusita": 100.0, "cnt": 12}, "FIZICA TEO": {"medie": 8.9375, "reusita": 100.0, "cnt": 4}, "GEOGRAFIE": {"medie": 8.118283582089552, "reusita": 99.25373134328358, "cnt": 134}, "INFORMATICA MI C/C++": {"medie": 8.665000000000001, "reusita": 100.0, "cnt": 10}, "LOGICA, ARGUMENTARE SI COMUNICARE": {"medie": 7.905279503105591, "reusita": 92.12121212121212, "cnt": 165}, "PSIHOLOGIE": {"medie": 5.949999999999999, "reusita": 50.0, "cnt": 2}}, "nume": "COLEGIUL ECONOMIC \"DIMITRIE CANTEMIR\" SUCEAVA\tSuceava"}