{"specializari": {"MATEMATICA-INFORMATICA": 93, "FILOLOGIE": 30, "STIINTE ALE NATURII": 28, "STIINTE SOCIALE": 30}, "limba_moderna": {"LIMBA ENGLEZA": 151, "LIMBA FRANCEZA": 30}, "limba_materna": {"LIMBA ROMANA": 181}, "promotie_anterioara": {"DA": 2, "NU": 179}, "materii": {"LIMBA ROMANA": {"medie": 8.676519337016572, "reusita": 100.0, "cnt": 181}, "GENERAL": {"medie": 8.786924493554327, "reusita": 99.4475138121547, "cnt": 181}, "MATEMATICA MATE-INFO": {"medie": 8.48172043010753, "reusita": 100.0, "cnt": 93}, "ANATOMIE SI FIZIOLOGIE UMANA, GENETICA SI ECOLOGIE UMANA": {"medie": 8.76875, "reusita": 100.0, "cnt": 32}, "FIZICA TEO": {"medie": 9.251538461538463, "reusita": 100.0, "cnt": 65}, "GEOGRAFIE": {"medie": 9.537500000000001, "reusita": 100.0, "cnt": 4}, "INFORMATICA MI C/C++": {"medie": 9.109375, "reusita": 100.0, "cnt": 16}, "ISTORIE": {"medie": 8.274166666666666, "reusita": 100.0, "cnt": 60}, "LOGICA, ARGUMENTARE SI COMUNICARE": {"medie": 9.626785714285715, "reusita": 100.0, "cnt": 56}, "MATEMATICA ST-NAT": {"medie": 8.41607142857143, "reusita": 100.0, "cnt": 28}, "CHIMIE ORGANICA TEO NIVEL I/II": {"medie": 9.375, "reusita": 100.0, "cnt": 8}}, "nume": "COLEGIUL NATIONAL \"MIHAIL KOGALNICEANU\", LOCALITATEA GALATI\tGala\u021bi"}