{"specializari": {"MATEMATICA-INFORMATICA": 126, "STIINTE ALE NATURII": 32}, "limba_moderna": {"LIMBA ENGLEZA": 154, "LIMBA GERMANA MODERNA": 4}, "limba_materna": {"LIMBA ROMANA": 158}, "promotie_anterioara": {"NU": 157, "DA": 1}, "materii": {"LIMBA ROMANA": {"medie": 8.705063291139238, "reusita": 100.0, "cnt": 158}, "BIOLOGIE VEGETALA SI ANIMALA": {"medie": 8.872499999999999, "reusita": 100.0, "cnt": 20}, "GENERAL": {"medie": 8.667405063291138, "reusita": 98.73417721518987, "cnt": 158}, "MATEMATICA MATE-INFO": {"medie": 8.450793650793651, "reusita": 100.0, "cnt": 126}, "ANATOMIE SI FIZIOLOGIE UMANA, GENETICA SI ECOLOGIE UMANA": {"medie": 8.729166666666666, "reusita": 100.0, "cnt": 24}, "FIZICA TEO": {"medie": 8.522222222222222, "reusita": 100.0, "cnt": 36}, "INFORMATICA MI C/C++": {"medie": 9.087931034482759, "reusita": 100.0, "cnt": 58}, "MATEMATICA ST-NAT": {"medie": 8.2296875, "reusita": 93.75, "cnt": 32}, "CHIMIE ORGANICA TEO NIVEL I/II": {"medie": 9.328947368421055, "reusita": 100.0, "cnt": 19}, "INFORMATICA SN C/C++": {"medie": 6.7, "reusita": 100.0, "cnt": 1}}, "nume": "COLEGIUL NATIONAL \"CANTEMIR VODA\"\tBucure\u0219ti"}