{"specializari": {"TEHNICIAN ELECTRICIAN/ELECTRONIST AUTO": 37, "TEHNICIAN ELECTROMECANIC": 1, "TEHNICIAN OPERATOR TEHNICA DE CALCUL": 21, "TEHNICIAN OPERATORI ROBOTI INDUSTRIALI": 1, "TEHNICIAN TRANSPORTURI": 2}, "limba_moderna": {"LIMBA ENGLEZA": 60, "LIMBA FRANCEZA": 2}, "limba_materna": {"LIMBA MAGHIARA": 9, "LIMBA ROMANA": 53}, "promotie_anterioara": {"DA": 11, "NU": 51}, "materii": {"LIMBA ROMANA": {"medie": 5.370833333333334, "reusita": 66.12903225806451, "cnt": 62}, "MATEMATICA TEHN": {"medie": 4.0853448275862085, "reusita": 41.935483870967744, "cnt": 62}, "BIOLOGIE VEGETALA SI ANIMALA": {"medie": 4.247413793103449, "reusita": 32.25806451612903, "cnt": 62}, "GENERAL": {"medie": 4.6535087719298245, "reusita": 16.129032258064516, "cnt": 62}, "LIMBA MAGHIARA (REAL)": {"medie": 6.461111111111111, "reusita": 88.88888888888889, "cnt": 9}}, "nume": "COLEGIUL TEHNIC DE TRANSPORTURI \"TRANSILVANIA\" CLUJ-NAPOCA\tCluj"}