{"specializari": {"STIINTE SOCIALE": 30, "INVATATOR - EDUCATOARE": 89}, "limba_moderna": {"LIMBA FRANCEZA": 20, "LIMBA ENGLEZA": 99}, "limba_materna": {"LIMBA ROMANA": 119}, "promotie_anterioara": {"NU": 119}, "materii": {"LIMBA ROMANA": {"medie": 8.412711864406782, "reusita": 99.15966386554622, "cnt": 119}, "GENERAL": {"medie": 8.602401129943507, "reusita": 97.47899159663865, "cnt": 119}, "GEOGRAFIE": {"medie": 8.94268292682927, "reusita": 100.0, "cnt": 41}, "ISTORIE": {"medie": 8.84137931034483, "reusita": 96.66666666666667, "cnt": 30}, "FILOSOFIE": {"medie": 9.25, "reusita": 100.0, "cnt": 1}, "LOGICA, ARGUMENTARE SI COMUNICARE": {"medie": 8.867241379310345, "reusita": 98.30508474576271, "cnt": 59}, "MATEMATICA PED": {"medie": 8.390449438202246, "reusita": 97.75280898876404, "cnt": 89}, "PSIHOLOGIE": {"medie": 8.844444444444443, "reusita": 100.0, "cnt": 18}}, "nume": "COLEGIUL NATIONAL PEDAGOGIC \"GHEORGHE LAZAR\" CLUJ-NAPOCA\tCluj"}