{"specializari": {"TEHNICIAN TRANSPORTURI": 21, "TEHNICIAN OPERATOR PROCESARE TEXT IMAGINE": 3, "STIINTE ALE NATURII": 11, "TEHNICIAN MECANIC PENTRU INTRETINERE SI REPARATII": 5, "TEHNICIAN OPERATOR TEHNICA DE CALCUL": 3, "TEHNICIAN ELECTRICIAN/ELECTRONIST AUTO": 8, "MATEMATICA-INFORMATICA": 1, "TEHNICIAN IN INSTALATII ELECTRICE": 2, "TEHNICIAN PROIECTANT CAD": 1, "TEHNICIAN DE TELECOMUNICATII": 2}, "limba_moderna": {"LIMBA ENGLEZA": 52, "LIMBA FRANCEZA": 5}, "limba_materna": {"LIMBA ROMANA": 57}, "promotie_anterioara": {"DA": 34, "NU": 23}, "materii": {"LIMBA ROMANA": {"medie": 5.533636363636365, "reusita": 84.21052631578947, "cnt": 57}, "MATEMATICA TEHN": {"medie": 5.335526315789474, "reusita": 60.0, "cnt": 45}, "BIOLOGIE VEGETALA SI ANIMALA": {"medie": 5.633333333333332, "reusita": 70.73170731707317, "cnt": 41}, "GENERAL": {"medie": 5.343181818181817, "reusita": 35.08771929824561, "cnt": 57}, "MATEMATICA MATE-INFO": {"medie": 5.85, "reusita": 100.0, "cnt": 1}, "ANATOMIE SI FIZIOLOGIE UMANA, GENETICA SI ECOLOGIE UMANA": {"medie": 4.3625, "reusita": 36.36363636363637, "cnt": 11}, "MATEMATICA ST-NAT": {"medie": 3.366666666666667, "reusita": 18.181818181818183, "cnt": 11}, "CHIMIE ANORGANICA TEH NIVEL I/II": {"medie": 5.3, "reusita": 100.0, "cnt": 1}, "FIZICA TEH": {"medie": 2.7750000000000004, "reusita": 0.0, "cnt": 2}, "INFORMATICA SN C/C++": {"medie": 7.85, "reusita": 100.0, "cnt": 1}, "CHIMIE ORGANICA TEH NIVEL I/II": {"medie": 1.9, "reusita": 0.0, "cnt": 1}}, "nume": "COLEGIUL TEHNIC DE TRANSPORTURI BRASOV\tBra\u0219ov"}