{"specializari": {"MATEMATICA-INFORMATICA": 93, "FILOLOGIE": 60, "STIINTE ALE NATURII": 31, "STIINTE SOCIALE": 31}, "limba_moderna": {"LIMBA ENGLEZA": 197, "LIMBA RUSA": 3, "LIMBA FRANCEZA": 14, "LIMBA ITALIANA": 1}, "limba_materna": {"LIMBA ROMANA": 215}, "promotie_anterioara": {"DA": 12, "NU": 203}, "materii": {"LIMBA ROMANA": {"medie": 8.172429906542058, "reusita": 99.53488372093024, "cnt": 215}, "BIOLOGIE VEGETALA SI ANIMALA": {"medie": "-", "reusita": 0.0, "cnt": 1}, "GENERAL": {"medie": 8.189984350547729, "reusita": 92.55813953488372, "cnt": 215}, "MATEMATICA MATE-INFO": {"medie": 7.951630434782604, "reusita": 93.54838709677419, "cnt": 93}, "ANATOMIE SI FIZIOLOGIE UMANA, GENETICA SI ECOLOGIE UMANA": {"medie": 8.076, "reusita": 98.0392156862745, "cnt": 51}, "FIZICA TEO": {"medie": 8.058333333333332, "reusita": 100.0, "cnt": 6}, "GEOGRAFIE": {"medie": 8.6271186440678, "reusita": 100.0, "cnt": 59}, "INFORMATICA MI C/C++": {"medie": 8.423529411764708, "reusita": 100.0, "cnt": 51}, "ISTORIE": {"medie": 7.78021978021978, "reusita": 96.7032967032967, "cnt": 91}, "FILOSOFIE": {"medie": 7.55, "reusita": 100.0, "cnt": 1}, "LOGICA, ARGUMENTARE SI COMUNICARE": {"medie": 9.23448275862069, "reusita": 100.0, "cnt": 29}, "MATEMATICA ST-NAT": {"medie": 7.670967741935484, "reusita": 100.0, "cnt": 31}, "CHIMIE ORGANICA TEO NIVEL I/II": {"medie": 9.156666666666666, "reusita": 100.0, "cnt": 15}, "ECONOMIE": {"medie": 7.675, "reusita": 100.0, "cnt": 2}}, "nume": "COLEGIUL NATIONAL \"DRAGOS VODA\" SIGHETU MARMATIEI\tMaramure\u0219"}