{"specializari": {"STIINTE SOCIALE": 85, "STIINTE ALE NATURII": 35, "FILOLOGIE": 63, "MATEMATICA-INFORMATICA": 56}, "limba_moderna": {"LIMBA FRANCEZA": 52, "LIMBA ENGLEZA": 187}, "limba_materna": {"LIMBA ROMANA": 239}, "promotie_anterioara": {"DA": 24, "NU": 215}, "materii": {"LIMBA ROMANA": {"medie": 6.933333333333333, "reusita": 89.1213389121339, "cnt": 239}, "GENERAL": {"medie": 7.196794871794871, "reusita": 71.1297071129707, "cnt": 239}, "MATEMATICA MATE-INFO": {"medie": 8.656249999999998, "reusita": 98.21428571428571, "cnt": 56}, "ANATOMIE SI FIZIOLOGIE UMANA, GENETICA SI ECOLOGIE UMANA": {"medie": 7.725000000000001, "reusita": 95.16129032258065, "cnt": 62}, "FIZICA TEO": {"medie": 8.727272727272728, "reusita": 90.9090909090909, "cnt": 11}, "GEOGRAFIE": {"medie": 7.8516260162601625, "reusita": 92.85714285714286, "cnt": 126}, "INFORMATICA MI C/C++": {"medie": 8.415, "reusita": 100.0, "cnt": 10}, "ISTORIE": {"medie": 6.484353741496602, "reusita": 81.75675675675676, "cnt": 148}, "LOGICA, ARGUMENTARE SI COMUNICARE": {"medie": 8.883333333333335, "reusita": 100.0, "cnt": 3}, "MATEMATICA ST-NAT": {"medie": 4.199999999999998, "reusita": 34.285714285714285, "cnt": 35}, "PSIHOLOGIE": {"medie": 7.803333333333333, "reusita": 100.0, "cnt": 15}, "CHIMIE ANORGANICA TEO NIVEL I/II": {"medie": 8.375, "reusita": 100.0, "cnt": 4}, "CHIMIE ORGANICA TEO NIVEL I/II": {"medie": 9.8625, "reusita": 100.0, "cnt": 4}, "SOCIOLOGIE": {"medie": 7.525, "reusita": 100.0, "cnt": 2}, "ECONOMIE": {"medie": 8.05, "reusita": 100.0, "cnt": 2}}, "nume": "COLEGIUL NATIONAL \"EMIL BOTTA\" ADJUD\tVrancea"}