{"specializari": {"MATEMATICA-INFORMATICA": 116, "FILOLOGIE": 33, "STIINTE ALE NATURII": 26, "STIINTE SOCIALE": 34}, "limba_moderna": {"LIMBA ENGLEZA": 187, "LIMBA GERMANA MODERNA": 2, "LIMBA FRANCEZA": 20}, "limba_materna": {"LIMBA ROMANA": 209}, "promotie_anterioara": {"NU": 208, "DA": 1}, "materii": {"LIMBA ROMANA": {"medie": 8.050478468899522, "reusita": 99.52153110047847, "cnt": 209}, "BIOLOGIE VEGETALA SI ANIMALA": {"medie": 8.52608695652174, "reusita": 100.0, "cnt": 23}, "GENERAL": {"medie": 8.371610845295056, "reusita": 97.60765550239235, "cnt": 209}, "MATEMATICA MATE-INFO": {"medie": 8.402155172413798, "reusita": 100.0, "cnt": 116}, "ANATOMIE SI FIZIOLOGIE UMANA, GENETICA SI ECOLOGIE UMANA": {"medie": 9.029166666666667, "reusita": 100.0, "cnt": 24}, "FIZICA TEO": {"medie": 8.523863636363636, "reusita": 100.0, "cnt": 44}, "GEOGRAFIE": {"medie": 9.052564102564105, "reusita": 100.0, "cnt": 39}, "INFORMATICA MI C/C++": {"medie": 8.413157894736841, "reusita": 100.0, "cnt": 19}, "ISTORIE": {"medie": 8.214179104477612, "reusita": 98.50746268656717, "cnt": 67}, "LOGICA, ARGUMENTARE SI COMUNICARE": {"medie": 6.475, "reusita": 50.0, "cnt": 2}, "MATEMATICA ST-NAT": {"medie": 7.546153846153847, "reusita": 88.46153846153845, "cnt": 26}, "PSIHOLOGIE": {"medie": 9.1875, "reusita": 100.0, "cnt": 24}, "CHIMIE ORGANICA TEO NIVEL I/II": {"medie": 9.1515625, "reusita": 100.0, "cnt": 32}, "ECONOMIE": {"medie": 9.1, "reusita": 100.0, "cnt": 2}}, "nume": "COLEGIUL NATIONAL \"VLAICU VODA\" CURTEA DE ARGES\tArge\u0219"}