{"specializari": {"TEHNICIAN OPERATOR TEHNICA DE CALCUL": 6, "FILOLOGIE": 28, "TEHNICIAN IN ACTIVITATI ECONOMICE": 35, "MATEMATICA-INFORMATICA": 26, "TEHNICIAN MECANIC PENTRU INTRETINERE SI REPARATII": 4, "TEHNICIAN ECOLOG SI PROTECTIA CALITATII MEDIULUI": 4}, "limba_moderna": {"LIMBA FRANCEZA": 30, "LIMBA ENGLEZA": 73}, "limba_materna": {"LIMBA ROMANA": 103}, "promotie_anterioara": {"DA": 41, "NU": 62}, "materii": {"LIMBA ROMANA": {"medie": 6.5320388349514555, "reusita": 89.32038834951457, "cnt": 103}, "MATEMATICA TEHN": {"medie": 5.485416666666668, "reusita": 85.71428571428571, "cnt": 49}, "BIOLOGIE VEGETALA SI ANIMALA": {"medie": 4.378571428571428, "reusita": 43.47826086956522, "cnt": 23}, "GENERAL": {"medie": 6.247500000000001, "reusita": 56.310679611650485, "cnt": 103}, "MATEMATICA MATE-INFO": {"medie": 3.9780000000000006, "reusita": 46.15384615384615, "cnt": 26}, "ANATOMIE SI FIZIOLOGIE UMANA, GENETICA SI ECOLOGIE UMANA": {"medie": 4.9818181818181815, "reusita": 54.54545454545454, "cnt": 11}, "FIZICA TEO": {"medie": 4.933333333333333, "reusita": 66.66666666666666, "cnt": 3}, "GEOGRAFIE": {"medie": 7.755172413793104, "reusita": 96.55172413793103, "cnt": 58}, "INFORMATICA MI C/C++": {"medie": 5.449999999999999, "reusita": 50.0, "cnt": 2}, "ISTORIE": {"medie": 7.214285714285715, "reusita": 100.0, "cnt": 28}, "LOGICA, ARGUMENTARE SI COMUNICARE": {"medie": 7.239999999999999, "reusita": 80.0, "cnt": 5}, "FIZICA TEH": {"medie": 4.0, "reusita": 0.0, "cnt": 1}}, "nume": "COLEGIUL TEHNIC MATASARI\tGorj"}