{"specializari": {"TEHNICIAN IN ACTIVITATI ECONOMICE": 26, "TEHNICIAN OPERATOR PROCESARE TEXT IMAGINE": 20, "TEHNICIAN VETERINAR": 7, "TEHNICIAN ANALIZE PRODUSE ALIMENTARE": 13, "TEHNICIAN IN TURISM": 5}, "limba_moderna": {"LIMBA ENGLEZA": 70, "LIMBA GERMANA MODERNA": 1}, "limba_materna": {"LIMBA MAGHIARA": 71}, "promotie_anterioara": {"NU": 53, "DA": 18}, "materii": {"LIMBA ROMANA": {"medie": 3.2818840579710153, "reusita": 23.943661971830984, "cnt": 71}, "MATEMATICA TEHN": {"medie": 5.965714285714286, "reusita": 78.87323943661971, "cnt": 71}, "BIOLOGIE VEGETALA SI ANIMALA": {"medie": 5.295, "reusita": 66.66666666666666, "cnt": 21}, "GENERAL": {"medie": 5.5023897058823525, "reusita": 19.718309859154928, "cnt": 71}, "ANATOMIE SI FIZIOLOGIE UMANA, GENETICA SI ECOLOGIE UMANA": {"medie": 5.431578947368422, "reusita": 57.89473684210527, "cnt": 19}, "GEOGRAFIE": {"medie": 6.966666666666666, "reusita": 96.7741935483871, "cnt": 31}, "LIMBA MAGHIARA (REAL)": {"medie": 6.747857142857143, "reusita": 94.36619718309859, "cnt": 71}}, "nume": "COLEGIUL TEHNIC \"BATTHYANY IGNAC\" GHEORGHENI\tHarghita"}