{"specializari": {"MATEMATICA-INFORMATICA": 60, "STIINTE SOCIALE": 60, "FILOLOGIE": 29, "STIINTE ALE NATURII": 30}, "limba_moderna": {"LIMBA GERMANA MODERNA": 5, "LIMBA ENGLEZA": 156, "LIMBA FRANCEZA": 18}, "limba_materna": {"LIMBA ROMANA": 179}, "promotie_anterioara": {"NU": 178, "DA": 1}, "materii": {"LIMBA ROMANA": {"medie": 8.567039106145254, "reusita": 100.0, "cnt": 179}, "BIOLOGIE VEGETALA SI ANIMALA": {"medie": 8.125, "reusita": 100.0, "cnt": 2}, "GENERAL": {"medie": 8.794785847299812, "reusita": 98.32402234636871, "cnt": 179}, "MATEMATICA MATE-INFO": {"medie": 8.783333333333335, "reusita": 98.33333333333333, "cnt": 60}, "ANATOMIE SI FIZIOLOGIE UMANA, GENETICA SI ECOLOGIE UMANA": {"medie": 8.6775, "reusita": 100.0, "cnt": 20}, "FIZICA TEO": {"medie": 9.134375, "reusita": 100.0, "cnt": 16}, "GEOGRAFIE": {"medie": 9.433333333333335, "reusita": 100.0, "cnt": 9}, "INFORMATICA MI C/C++": {"medie": 9.272222222222226, "reusita": 100.0, "cnt": 36}, "ISTORIE": {"medie": 8.435955056179779, "reusita": 100.0, "cnt": 89}, "LOGICA, ARGUMENTARE SI COMUNICARE": {"medie": 9.371428571428568, "reusita": 98.7012987012987, "cnt": 77}, "MATEMATICA ST-NAT": {"medie": 8.641666666666667, "reusita": 100.0, "cnt": 30}, "CHIMIE ANORGANICA TEO NIVEL I/II": {"medie": 9.425, "reusita": 100.0, "cnt": 2}, "CHIMIE ORGANICA TEO NIVEL I/II": {"medie": 9.445454545454545, "reusita": 100.0, "cnt": 11}, "SOCIOLOGIE": {"medie": 7.9, "reusita": 100.0, "cnt": 1}, "INFORMATICA SN C/C++": {"medie": 9.466666666666667, "reusita": 100.0, "cnt": 3}, "ECONOMIE": {"medie": 8.475, "reusita": 100.0, "cnt": 2}}, "nume": "COLEGIUL NATIONAL \"NICOLAE GRIGORESCU\", MUNICIPIUL CAMPINA\tPrahova"}