{"specializari": {"TEHNICIAN ANALIZE PRODUSE ALIMENTARE": 31, "TEHNICIAN IN AGRICULTURA": 3, "TEHNICIAN ECOLOG SI PROTECTIA CALITATII MEDIULUI": 42, "TEHNICIAN VETERINAR": 18, "TEHNICIAN HORTICULTOR": 9, "TEHNICIAN IN ACTIVITATI ECONOMICE": 73, "TEHNICIAN PENTRU ANIMALE DE COMPANIE": 1, "TEHNICIAN AGRONOM": 9}, "limba_moderna": {"LIMBA ENGLEZA": 183, "LIMBA FRANCEZA": 3}, "limba_materna": {"LIMBA ROMANA": 186}, "promotie_anterioara": {"DA": 47, "NU": 139}, "materii": {"LIMBA ROMANA": {"medie": 6.124860335195526, "reusita": 86.55913978494624, "cnt": 186}, "MATEMATICA TEHN": {"medie": 6.045321637426899, "reusita": 73.65591397849462, "cnt": 186}, "BIOLOGIE VEGETALA SI ANIMALA": {"medie": 4.1, "reusita": 50.0, "cnt": 2}, "GENERAL": {"medie": 6.32083333333333, "reusita": 51.075268817204304, "cnt": 186}, "ANATOMIE SI FIZIOLOGIE UMANA, GENETICA SI ECOLOGIE UMANA": {"medie": 5.377659574468085, "reusita": 58.415841584158414, "cnt": 101}, "GEOGRAFIE": {"medie": 8.680597014925372, "reusita": 97.05882352941177, "cnt": 68}, "LOGICA, ARGUMENTARE SI COMUNICARE": {"medie": 8.625, "reusita": 100.0, "cnt": 4}, "ECONOMIE": {"medie": 9.3, "reusita": 100.0, "cnt": 1}, "CHIMIE ORGANICA TEH NIVEL I/II": {"medie": 3.87, "reusita": 20.0, "cnt": 10}}, "nume": "COLEGIUL NATIONAL DE AGRICULTURA SI ECONOMIE, LOCALITATEA TECUCI\tGala\u021bi"}