{"specializari": {"MATEMATICA-INFORMATICA": 36, "STIINTE ALE NATURII": 28, "TEHNICIAN TRANSPORTURI": 10, "TEHNICIAN MECATRONIST": 12, "TEHNICIAN IN AUTOMATIZARI": 18, "TEHNICIAN MECANIC PENTRU INTRETINERE SI REPARATII": 9, "TEHNICIAN PROIECTANT CAD": 4}, "limba_moderna": {"LIMBA ENGLEZA": 114, "LIMBA FRANCEZA": 3}, "limba_materna": {"LIMBA ROMANA": 117}, "promotie_anterioara": {"DA": 51, "NU": 66}, "materii": {"LIMBA ROMANA": {"medie": 5.27105263157895, "reusita": 70.94017094017094, "cnt": 117}, "MATEMATICA TEHN": {"medie": 3.6299999999999994, "reusita": 26.41509433962264, "cnt": 53}, "BIOLOGIE VEGETALA SI ANIMALA": {"medie": 3.461458333333333, "reusita": 32.69230769230769, "cnt": 52}, "GENERAL": {"medie": 4.344391025641024, "reusita": 8.547008547008547, "cnt": 117}, "MATEMATICA MATE-INFO": {"medie": 3.2305555555555556, "reusita": 30.555555555555557, "cnt": 36}, "ANATOMIE SI FIZIOLOGIE UMANA, GENETICA SI ECOLOGIE UMANA": {"medie": 5.276923076923078, "reusita": 57.407407407407405, "cnt": 54}, "MATEMATICA ST-NAT": {"medie": 2.968, "reusita": 14.285714285714285, "cnt": 28}, "FIZICA TEH": {"medie": 3.3388888888888886, "reusita": 22.22222222222222, "cnt": 9}, "CHIMIE ANORGANICA TEO NIVEL I/II": {"medie": 2.3, "reusita": 0.0, "cnt": 2}}, "nume": "COLEGIUL TEHNIC \"DIMITRIE LEONIDA\"\tBucure\u0219ti"}