{"specializari": {"TEHNICIAN IN ACTIVITATI ECONOMICE": 22, "TEHNICIAN IN GASTRONOMIE": 27, "TEHNICIAN PENTRU ANIMALE DE COMPANIE": 7, "TEHNICIAN HORTICULTOR": 11, "TEHNICIAN VETERINAR": 15, "TEHNICIAN ECOLOG SI PROTECTIA CALITATII MEDIULUI": 4}, "limba_moderna": {"LIMBA ENGLEZA": 86}, "limba_materna": {"LIMBA ROMANA": 86}, "promotie_anterioara": {"DA": 25, "NU": 61}, "materii": {"LIMBA ROMANA": {"medie": 5.2719512195121965, "reusita": 70.93023255813954, "cnt": 86}, "MATEMATICA TEHN": {"medie": 3.943589743589745, "reusita": 37.2093023255814, "cnt": 86}, "BIOLOGIE VEGETALA SI ANIMALA": {"medie": 6.312499999999999, "reusita": 77.77777777777779, "cnt": 9}, "GENERAL": {"medie": 4.885930735930734, "reusita": 17.441860465116278, "cnt": 86}, "ANATOMIE SI FIZIOLOGIE UMANA, GENETICA SI ECOLOGIE UMANA": {"medie": 4.036538461538461, "reusita": 35.714285714285715, "cnt": 28}, "GEOGRAFIE": {"medie": 5.840243902439024, "reusita": 72.09302325581395, "cnt": 43}, "LOGICA, ARGUMENTARE SI COMUNICARE": {"medie": 7.666666666666667, "reusita": 100.0, "cnt": 3}, "ECONOMIE": {"medie": 5.550000000000001, "reusita": 33.33333333333333, "cnt": 3}}, "nume": "COLEGIUL TEHNOLOGIC \"VIACESLAV HARNAJ\"\tBucure\u0219ti"}