{"specializari": {"MATEMATICA-INFORMATICA": 57, "STIINTE ALE NATURII": 58, "FILOLOGIE": 30, "STIINTE SOCIALE": 29}, "limba_moderna": {"LIMBA ENGLEZA": 168, "LIMBA GERMANA MODERNA": 3, "LIMBA FRANCEZA": 3}, "limba_materna": {"LIMBA ROMANA": 174}, "promotie_anterioara": {"NU": 174}, "materii": {"LIMBA ROMANA": {"medie": 8.975287356321838, "reusita": 100.0, "cnt": 174}, "BIOLOGIE VEGETALA SI ANIMALA": {"medie": 9.344444444444443, "reusita": 100.0, "cnt": 9}, "GENERAL": {"medie": 9.044731800766282, "reusita": 98.85057471264368, "cnt": 174}, "MATEMATICA MATE-INFO": {"medie": 9.003508771929823, "reusita": 100.0, "cnt": 57}, "ANATOMIE SI FIZIOLOGIE UMANA, GENETICA SI ECOLOGIE UMANA": {"medie": 9.510526315789473, "reusita": 100.0, "cnt": 76}, "FIZICA TEO": {"medie": 9.03, "reusita": 100.0, "cnt": 5}, "GEOGRAFIE": {"medie": 9.530357142857143, "reusita": 100.0, "cnt": 28}, "INFORMATICA MI C/C++": {"medie": 9.389999999999999, "reusita": 100.0, "cnt": 20}, "ISTORIE": {"medie": 8.769491525423728, "reusita": 100.0, "cnt": 59}, "LOGICA, ARGUMENTARE SI COMUNICARE": {"medie": 9.540000000000001, "reusita": 100.0, "cnt": 5}, "MATEMATICA ST-NAT": {"medie": 8.554310344827586, "reusita": 96.55172413793103, "cnt": 58}, "PSIHOLOGIE": {"medie": 9.7, "reusita": 100.0, "cnt": 1}, "CHIMIE ANORGANICA TEO NIVEL I/II": {"medie": 9.8, "reusita": 100.0, "cnt": 1}, "CHIMIE ORGANICA TEO NIVEL I/II": {"medie": 9.85, "reusita": 100.0, "cnt": 2}, "SOCIOLOGIE": {"medie": 8.777083333333335, "reusita": 100.0, "cnt": 24}, "INFORMATICA SN C/C++": {"medie": 9.575, "reusita": 100.0, "cnt": 2}, "ECONOMIE": {"medie": 9.5, "reusita": 100.0, "cnt": 1}}, "nume": "COLEGIUL NATIONAL \"CONSTANTIN DIACONOVICI LOGA\" TIMISOARA\tTimi\u0219"}