{"specializari": {"TEHNICIAN IN GASTRONOMIE": 23, "ORGANIZATOR BANQUETING": 3, "TEHNICIAN DESIGNER VESTIMENTAR": 16, "TEHNICIAN IN TURISM": 2, "TEHNICIAN IN HOTELARIE": 10, "TEHNICIAN IN INDUSTRIA TEXTILA": 5}, "limba_moderna": {"LIMBA ENGLEZA": 50, "LIMBA FRANCEZA": 9}, "limba_materna": {"LIMBA ROMANA": 59}, "promotie_anterioara": {"DA": 24, "NU": 35}, "materii": {"LIMBA ROMANA": {"medie": 5.416666666666669, "reusita": 72.88135593220339, "cnt": 59}, "MATEMATICA TEHN": {"medie": 3.769811320754717, "reusita": 33.89830508474576, "cnt": 59}, "BIOLOGIE VEGETALA SI ANIMALA": {"medie": 3.845833333333333, "reusita": 33.33333333333333, "cnt": 12}, "GENERAL": {"medie": 4.906333333333334, "reusita": 20.33898305084746, "cnt": 59}, "GEOGRAFIE": {"medie": 6.301515151515153, "reusita": 65.71428571428571, "cnt": 35}, "PSIHOLOGIE": {"medie": 6.025, "reusita": 100.0, "cnt": 2}, "FIZICA TEH": {"medie": 4.441666666666666, "reusita": 44.44444444444444, "cnt": 9}, "ECONOMIE": {"medie": 5.2, "reusita": 100.0, "cnt": 1}}, "nume": "COLEGIUL TEHNIC \"GHEORGHE ASACHI\" FOCSANI\tVrancea"}