{"specializari": {"STIINTE ALE NATURII": 63, "TEHNICIAN IN SILVICULTURA SI EXPLOATARI FORESTIERE": 34, "TEHNICIAN IN ACTIVITATI ECONOMICE": 30, "TEHNICIAN DESIGNER MOBILA SI AMENAJARI INTERIOARE": 35}, "limba_moderna": {"LIMBA ENGLEZA": 146, "LIMBA FRANCEZA": 16}, "limba_materna": {"LIMBA ROMANA": 162}, "promotie_anterioara": {"DA": 28, "NU": 134}, "materii": {"LIMBA ROMANA": {"medie": 6.9159375, "reusita": 96.91358024691358, "cnt": 162}, "MATEMATICA TEHN": {"medie": 5.828282828282826, "reusita": 70.70707070707071, "cnt": 99}, "BIOLOGIE VEGETALA SI ANIMALA": {"medie": 4.939473684210525, "reusita": 53.84615384615385, "cnt": 39}, "GENERAL": {"medie": 6.6307127882599595, "reusita": 61.111111111111114, "cnt": 162}, "ANATOMIE SI FIZIOLOGIE UMANA, GENETICA SI ECOLOGIE UMANA": {"medie": 7.2267045454545435, "reusita": 88.76404494382022, "cnt": 89}, "FIZICA TEO": {"medie": 8.4, "reusita": 100.0, "cnt": 1}, "GEOGRAFIE": {"medie": 8.649999999999999, "reusita": 100.0, "cnt": 2}, "LOGICA, ARGUMENTARE SI COMUNICARE": {"medie": 9.01607142857143, "reusita": 92.85714285714286, "cnt": 28}, "MATEMATICA ST-NAT": {"medie": 6.000793650793651, "reusita": 84.12698412698413, "cnt": 63}, "FIZICA TEH": {"medie": 3.7, "reusita": 0.0, "cnt": 1}, "CHIMIE ORGANICA TEO NIVEL I/II": {"medie": 8.4, "reusita": 100.0, "cnt": 1}, "INFORMATICA SN C/C++": {"medie": 8.0, "reusita": 100.0, "cnt": 1}}, "nume": "COLEGIUL TEHNIC FORESTIER, MUNICIPIUL CAMPINA\tPrahova"}