{"specializari": {"TEHNICIAN IN ACTIVITATI DE COMERT": 30, "TEHNICIAN IN AUTOMATIZARI": 20, "MATEMATICA-INFORMATICA": 6, "TEHNICIAN IN ACTIVITATI ECONOMICE": 28, "TEHNICIAN TRANSPORTURI": 2, "TEHNICIAN ELECTROTEHNIST": 9, "TEHNICIAN IN PRELUCRAREA LEMNULUI": 1}, "limba_moderna": {"LIMBA FRANCEZA": 17, "LIMBA ENGLEZA": 79}, "limba_materna": {"LIMBA ROMANA": 96}, "promotie_anterioara": {"DA": 20, "NU": 76}, "materii": {"LIMBA ROMANA": {"medie": 6.04255319148936, "reusita": 80.20833333333334, "cnt": 96}, "MATEMATICA TEHN": {"medie": 5.127586206896552, "reusita": 58.88888888888889, "cnt": 90}, "BIOLOGIE VEGETALA SI ANIMALA": {"medie": 4.192, "reusita": 44.0, "cnt": 25}, "GENERAL": {"medie": 5.729891304347827, "reusita": 39.58333333333333, "cnt": 96}, "MATEMATICA MATE-INFO": {"medie": 4.53, "reusita": 50.0, "cnt": 6}, "ANATOMIE SI FIZIOLOGIE UMANA, GENETICA SI ECOLOGIE UMANA": {"medie": 6.483333333333333, "reusita": 100.0, "cnt": 3}, "GEOGRAFIE": {"medie": 6.865384615384615, "reusita": 85.18518518518519, "cnt": 54}, "LOGICA, ARGUMENTARE SI COMUNICARE": {"medie": 8.9, "reusita": 100.0, "cnt": 2}, "PSIHOLOGIE": {"medie": 8.55, "reusita": 100.0, "cnt": 2}, "FIZICA TEH": {"medie": 5.45, "reusita": 66.66666666666666, "cnt": 9}, "INFORMATICA MI PASCAL": {"medie": 5.0, "reusita": 100.0, "cnt": 1}}, "nume": "COLEGIUL TEHNIC \"IULIU MANIU\" SIMLEU SILVANIEI\tS\u0103laj"}