{"specializari": {"TEHNICIAN ANALIZE PRODUSE ALIMENTARE": 6, "TEHNICIAN IN GASTRONOMIE": 20, "TEHNICIAN IN INDUSTRIA ALIMENTARA": 16}, "limba_moderna": {"LIMBA ENGLEZA": 42}, "limba_materna": {"LIMBA ROMANA": 42}, "promotie_anterioara": {"DA": 14, "NU": 28}, "materii": {"LIMBA ROMANA": {"medie": 6.052380952380953, "reusita": 90.47619047619048, "cnt": 42}, "MATEMATICA TEHN": {"medie": 6.402439024390244, "reusita": 80.95238095238095, "cnt": 42}, "BIOLOGIE VEGETALA SI ANIMALA": {"medie": 4.125, "reusita": 33.33333333333333, "cnt": 6}, "GENERAL": {"medie": 6.288617886178861, "reusita": 47.61904761904761, "cnt": 42}, "ANATOMIE SI FIZIOLOGIE UMANA, GENETICA SI ECOLOGIE UMANA": {"medie": 5.926666666666667, "reusita": 60.0, "cnt": 15}, "GEOGRAFIE": {"medie": 6.894444444444444, "reusita": 77.77777777777779, "cnt": 9}, "LOGICA, ARGUMENTARE SI COMUNICARE": {"medie": 8.095454545454546, "reusita": 90.9090909090909, "cnt": 11}, "CHIMIE ORGANICA TEH NIVEL I/II": {"medie": 5.0, "reusita": 100.0, "cnt": 1}}, "nume": "COLEGIUL TEHNIC \"RALUCA RIPAN\" CLUJ-NAPOCA\tCluj"}