{"specializari": {"FILOLOGIE": 158, "STIINTE SOCIALE": 67, "EDUCATOR-PUERICULTOR": 28}, "limba_moderna": {"LIMBA ENGLEZA": 167, "LIMBA SPANIOLA": 22, "LIMBA FRANCEZA": 42, "LIMBA ITALIANA": 17, "LIMBA GERMANA MODERNA": 5}, "limba_materna": {"LIMBA ROMANA": 253}, "promotie_anterioara": {"DA": 7, "NU": 246}, "materii": {"LIMBA ROMANA": {"medie": 8.081746031746032, "reusita": 98.41897233201581, "cnt": 253}, "GENERAL": {"medie": 8.139616402116403, "reusita": 94.46640316205533, "cnt": 253}, "GEOGRAFIE": {"medie": 8.436082474226804, "reusita": 96.93877551020408, "cnt": 98}, "ISTORIE": {"medie": 7.67142857142857, "reusita": 97.62845849802372, "cnt": 253}, "FILOSOFIE": {"medie": 9.0, "reusita": 100.0, "cnt": 1}, "LOGICA, ARGUMENTARE SI COMUNICARE": {"medie": 8.841197183098592, "reusita": 97.88732394366197, "cnt": 142}, "PSIHOLOGIE": {"medie": 8.6, "reusita": 100.0, "cnt": 11}, "SOCIOLOGIE": {"medie": 6.4, "reusita": 100.0, "cnt": 1}}, "nume": "COLEGIUL NATIONAL \"MIHAI EMINESCU\" BAIA MARE\tMaramure\u0219"}