{"specializari": {"MUZICA": 58, "ARHITECTURA, ARTE AMBIENTALE SI DESIGN": 37, "ARTE PLASTICE SI DECORATIVE": 67, "COREGRAFIE": 14, "ARTA ACTORULUI": 18}, "limba_moderna": {"LIMBA ENGLEZA": 188, "LIMBA GERMANA MODERNA": 5, "LIMBA ITALIANA": 1}, "limba_materna": {"LIMBA ROMANA": 194}, "promotie_anterioara": {"NU": 180, "DA": 14}, "materii": {"LIMBA ROMANA": {"medie": 7.3898963730569935, "reusita": 96.3917525773196, "cnt": 194}, "GENERAL": {"medie": 7.44730902777778, "reusita": 81.95876288659794, "cnt": 194}, "GEOGRAFIE": {"medie": 8.040601503759394, "reusita": 97.03703703703704, "cnt": 135}, "ISTORIE": {"medie": 6.830989583333333, "reusita": 91.23711340206185, "cnt": 194}, "FILOSOFIE": {"medie": 5.35, "reusita": 100.0, "cnt": 1}, "LOGICA, ARGUMENTARE SI COMUNICARE": {"medie": 8.06, "reusita": 92.5, "cnt": 40}, "PSIHOLOGIE": {"medie": 8.788888888888888, "reusita": 100.0, "cnt": 18}}, "nume": "COLEGIUL NATIONAL DE ARTA \"OCTAV BANCILA\", IASI\tIa\u0219i"}