{"specializari": {"MATEMATICA-INFORMATICA": 159, "STIINTE ALE NATURII": 67, "STIINTE SOCIALE": 65, "FILOLOGIE": 68}, "limba_moderna": {"LIMBA ENGLEZA": 328, "LIMBA FRANCEZA": 29, "LIMBA GERMANA MODERNA": 2}, "limba_materna": {"LIMBA ROMANA": 359}, "promotie_anterioara": {"DA": 1, "NU": 358}, "materii": {"LIMBA ROMANA": {"medie": 8.389215686274506, "reusita": 99.44289693593315, "cnt": 359}, "BIOLOGIE VEGETALA SI ANIMALA": {"medie": 8.218749999999998, "reusita": 100.0, "cnt": 8}, "GENERAL": {"medie": 8.813352007469648, "reusita": 98.88579387186628, "cnt": 359}, "MATEMATICA MATE-INFO": {"medie": 9.075632911392407, "reusita": 98.74213836477988, "cnt": 159}, "ANATOMIE SI FIZIOLOGIE UMANA, GENETICA SI ECOLOGIE UMANA": {"medie": 8.962142857142858, "reusita": 100.0, "cnt": 70}, "FIZICA TEO": {"medie": 9.29036144578313, "reusita": 100.0, "cnt": 83}, "GEOGRAFIE": {"medie": 9.5375, "reusita": 100.0, "cnt": 4}, "INFORMATICA MI C/C++": {"medie": 9.344285714285716, "reusita": 97.22222222222221, "cnt": 36}, "ISTORIE": {"medie": 8.72218045112782, "reusita": 100.0, "cnt": 133}, "LOGICA, ARGUMENTARE SI COMUNICARE": {"medie": 9.376842105263158, "reusita": 100.0, "cnt": 95}, "MATEMATICA ST-NAT": {"medie": 8.460447761194027, "reusita": 100.0, "cnt": 67}, "PSIHOLOGIE": {"medie": 9.5, "reusita": 100.0, "cnt": 8}, "CHIMIE ORGANICA TEO NIVEL I/II": {"medie": 9.571428571428571, "reusita": 100.0, "cnt": 28}, "SOCIOLOGIE": {"medie": 8.575, "reusita": 100.0, "cnt": 2}, "INFORMATICA SN C/C++": {"medie": 9.85, "reusita": 100.0, "cnt": 1}, "ECONOMIE": {"medie": 8.616666666666665, "reusita": 100.0, "cnt": 24}}, "nume": "COLEGIUL NATIONAL \"ION C. BRATIANU\" PITESTI\tArge\u0219"}