{"specializari": {"TEHNICIAN IN SILVICULTURA SI EXPLOATARI FORESTIERE": 90, "TEHNICIAN ECOLOG SI PROTECTIA CALITATII MEDIULUI": 21, "TEHNICIAN IN ACTIVITATI ECONOMICE": 22, "TEHNICIAN IN ADMINISTRATIE": 7, "TEHNICIAN IN TURISM": 21, "FILOLOGIE": 1}, "limba_moderna": {"LIMBA ENGLEZA": 146, "LIMBA FRANCEZA": 16}, "limba_materna": {"LIMBA ROMANA": 162}, "promotie_anterioara": {"DA": 43, "NU": 119}, "materii": {"LIMBA ROMANA": {"medie": 6.455095541401273, "reusita": 85.18518518518519, "cnt": 162}, "MATEMATICA TEHN": {"medie": 5.4486928104575165, "reusita": 59.006211180124225, "cnt": 161}, "BIOLOGIE VEGETALA SI ANIMALA": {"medie": 5.7, "reusita": 100.0, "cnt": 1}, "GENERAL": {"medie": 6.008057395143493, "reusita": 41.9753086419753, "cnt": 162}, "ANATOMIE SI FIZIOLOGIE UMANA, GENETICA SI ECOLOGIE UMANA": {"medie": 5.025999999999999, "reusita": 51.886792452830186, "cnt": 106}, "GEOGRAFIE": {"medie": 7.709782608695652, "reusita": 100.0, "cnt": 46}, "ISTORIE": {"medie": 8.15, "reusita": 100.0, "cnt": 1}, "ECONOMIE": {"medie": 6.590000000000001, "reusita": 60.0, "cnt": 5}, "CHIMIE ORGANICA TEH NIVEL I/II": {"medie": 8.9625, "reusita": 100.0, "cnt": 4}}, "nume": "COLEGIUL SILVIC \"BUCOVINA\" CAMPULUNG MOLDOVENESC\tSuceava"}