{"specializari": {"TEHNICIAN TRANSPORTURI": 9, "MATEMATICA-INFORMATICA": 9, "TEHNICIAN ELECTROTEHNIST": 2, "TEHNICIAN MECATRONIST": 5, "TEHNICIAN ELECTRICIAN/ELECTRONIST AUTO": 15, "TEHNICIAN MECANIC PENTRU INTRETINERE SI REPARATII": 9, "TEHNICIAN OPERATOR TEHNICA DE CALCUL": 5, "TEHNICIAN ECOLOG SI PROTECTIA CALITATII MEDIULUI": 7, "TEHNICIAN IN AUTOMATIZARI": 4}, "limba_moderna": {"LIMBA ENGLEZA": 61, "LIMBA FRANCEZA": 4}, "limba_materna": {"LIMBA ROMANA": 65}, "promotie_anterioara": {"DA": 46, "NU": 19}, "materii": {"LIMBA ROMANA": {"medie": 5.163492063492062, "reusita": 64.61538461538461, "cnt": 65}, "MATEMATICA TEHN": {"medie": 3.8867346938775515, "reusita": 42.857142857142854, "cnt": 56}, "BIOLOGIE VEGETALA SI ANIMALA": {"medie": 4.637837837837837, "reusita": 46.51162790697674, "cnt": 43}, "GENERAL": {"medie": 4.570977011494253, "reusita": 15.384615384615385, "cnt": 65}, "MATEMATICA MATE-INFO": {"medie": 4.194444444444445, "reusita": 33.33333333333333, "cnt": 9}, "ANATOMIE SI FIZIOLOGIE UMANA, GENETICA SI ECOLOGIE UMANA": {"medie": 5.095833333333334, "reusita": 69.23076923076923, "cnt": 13}, "CHIMIE ANORGANICA TEH NIVEL I/II": {"medie": 2.05, "reusita": 0.0, "cnt": 1}, "FIZICA TEH": {"medie": 3.6562499999999996, "reusita": 37.5, "cnt": 8}}, "nume": "COLEGIUL TEHNIC \"HENRI COANDA\" TG-JIU\tGorj"}