{"specializari": {"ORGANIZATOR BANQUETING": 5, "TEHNICIAN IN ACHIZITII SI CONTRACTARI": 24, "TEHNICIAN IN ACTIVITATI ECONOMICE": 24, "TEHNICIAN IN TURISM": 27, "TEHNICIAN IN GASTRONOMIE": 17, "TEHNICIAN IN ACTIVITATI DE COMERT": 1}, "limba_moderna": {"LIMBA ENGLEZA": 94, "LIMBA FRANCEZA": 3, "LIMBA ITALIANA": 1}, "limba_materna": {"LIMBA ROMANA": 98}, "promotie_anterioara": {"DA": 30, "NU": 68}, "materii": {"LIMBA ROMANA": {"medie": 6.192592592592593, "reusita": 77.55102040816327, "cnt": 98}, "MATEMATICA TEHN": {"medie": 5.472077922077923, "reusita": 52.04081632653062, "cnt": 98}, "GENERAL": {"medie": 6.200649350649348, "reusita": 44.89795918367347, "cnt": 98}, "GEOGRAFIE": {"medie": 6.870987654320989, "reusita": 73.46938775510205, "cnt": 98}}, "nume": "COLEGIUL ECONOMIC \"HERMES\" PETROSANI\tHunedoara"}