{"specializari": {"TEHNICIAN IN GASTRONOMIE": 17, "TEHNICIAN MECANIC PENTRU INTRETINERE SI REPARATII": 1, "TEHNICIAN IN HOTELARIE": 1, "ORGANIZATOR BANQUETING": 2, "TEHNICIAN IN TURISM": 1}, "limba_moderna": {"LIMBA ENGLEZA": 22}, "limba_materna": {"LIMBA ROMANA": 22}, "promotie_anterioara": {"NU": 17, "DA": 5}, "materii": {"LIMBA ROMANA": {"medie": 6.5166666666666675, "reusita": 81.81818181818183, "cnt": 22}, "MATEMATICA TEHN": {"medie": 4.704761904761904, "reusita": 45.45454545454545, "cnt": 22}, "GENERAL": {"medie": 6.295238095238095, "reusita": 45.45454545454545, "cnt": 22}, "GEOGRAFIE": {"medie": 7.650000000000001, "reusita": 100.0, "cnt": 20}, "LOGICA, ARGUMENTARE SI COMUNICARE": {"medie": 7.95, "reusita": 100.0, "cnt": 1}, "CHIMIE ANORGANICA TEH NIVEL I/II": {"medie": "-", "reusita": 0.0, "cnt": 1}}, "nume": "COLEGIUL ECONOMIC \"PINTEA VITEAZUL\" CAVNIC\tMaramure\u0219"}