{"specializari": {"MATEMATICA-INFORMATICA": 129, "FILOLOGIE": 35, "STIINTE ALE NATURII": 69, "STIINTE SOCIALE": 30}, "limba_moderna": {"LIMBA FRANCEZA": 14, "LIMBA ENGLEZA": 245, "LIMBA GERMANA MODERNA": 2, "LIMBA SPANIOLA": 2}, "limba_materna": {"LIMBA ROMANA": 263}, "promotie_anterioara": {"NU": 255, "DA": 8}, "materii": {"LIMBA ROMANA": {"medie": 7.986259541984733, "reusita": 99.23954372623575, "cnt": 263}, "BIOLOGIE VEGETALA SI ANIMALA": {"medie": 7.37, "reusita": 100.0, "cnt": 5}, "GENERAL": {"medie": 8.13167305236271, "reusita": 93.5361216730038, "cnt": 263}, "MATEMATICA MATE-INFO": {"medie": 7.747656250000003, "reusita": 95.34883720930233, "cnt": 129}, "ANATOMIE SI FIZIOLOGIE UMANA, GENETICA SI ECOLOGIE UMANA": {"medie": 8.781451612903224, "reusita": 98.4126984126984, "cnt": 63}, "FIZICA TEO": {"medie": 8.063934426229507, "reusita": 98.36065573770492, "cnt": 61}, "GEOGRAFIE": {"medie": 9.0, "reusita": 100.0, "cnt": 10}, "INFORMATICA MI C/C++": {"medie": 8.286666666666667, "reusita": 100.0, "cnt": 60}, "ISTORIE": {"medie": 8.158461538461538, "reusita": 98.46153846153847, "cnt": 65}, "LOGICA, ARGUMENTARE SI COMUNICARE": {"medie": 9.196808510638299, "reusita": 100.0, "cnt": 47}, "MATEMATICA ST-NAT": {"medie": 7.608823529411764, "reusita": 94.20289855072464, "cnt": 69}, "PSIHOLOGIE": {"medie": 9.2625, "reusita": 100.0, "cnt": 4}, "CHIMIE ORGANICA TEO NIVEL I/II": {"medie": 8.975, "reusita": 100.0, "cnt": 8}, "SOCIOLOGIE": {"medie": 9.85, "reusita": 100.0, "cnt": 2}, "INFORMATICA SN C/C++": {"medie": 8.75, "reusita": 100.0, "cnt": 1}, "ECONOMIE": {"medie": 8.375, "reusita": 100.0, "cnt": 2}}, "nume": "COLEGIUL NATIONAL \"ALEXANDRU ODOBESCU\" PITESTI\tArge\u0219"}