{"specializari": {"TEHNICIAN IN ACTIVITATI ECONOMICE": 28, "TEHNICIAN IN ACHIZITII SI CONTRACTARI": 19, "TEHNICIAN IN ADMINISTRATIE": 2}, "limba_moderna": {"LIMBA ENGLEZA": 48, "LIMBA FRANCEZA": 1}, "limba_materna": {"LIMBA ROMANA": 49}, "promotie_anterioara": {"NU": 45, "DA": 4}, "materii": {"LIMBA ROMANA": {"medie": 7.832653061224487, "reusita": 100.0, "cnt": 49}, "MATEMATICA TEHN": {"medie": 7.9418367346938785, "reusita": 100.0, "cnt": 49}, "GENERAL": {"medie": 8.10034013605442, "reusita": 91.83673469387756, "cnt": 49}, "GEOGRAFIE": {"medie": 8.779687500000003, "reusita": 100.0, "cnt": 32}, "LOGICA, ARGUMENTARE SI COMUNICARE": {"medie": 8.05, "reusita": 94.11764705882352, "cnt": 17}}, "nume": "COLEGIUL TEHNOLOGIC \"SPIRU HARET\", MUNICIPIUL PIATRA-NEAMT\tNeam\u021b"}