{"specializari": {"STIINTE ALE NATURII": 29, "MATEMATICA-INFORMATICA": 27, "FILOLOGIE": 63}, "limba_moderna": {"LIMBA ENGLEZA": 101, "LIMBA FRANCEZA": 18}, "limba_materna": {"LIMBA ROMANA": 119}, "promotie_anterioara": {"DA": 9, "NU": 110}, "materii": {"LIMBA ROMANA": {"medie": 7.1629310344827575, "reusita": 90.75630252100841, "cnt": 119}, "GENERAL": {"medie": 6.912463768115941, "reusita": 65.54621848739495, "cnt": 119}, "MATEMATICA MATE-INFO": {"medie": 7.278846153846156, "reusita": 85.18518518518519, "cnt": 27}, "ANATOMIE SI FIZIOLOGIE UMANA, GENETICA SI ECOLOGIE UMANA": {"medie": 7.38804347826087, "reusita": 85.41666666666666, "cnt": 48}, "FIZICA TEO": {"medie": 5.0, "reusita": 100.0, "cnt": 2}, "GEOGRAFIE": {"medie": 7.6645161290322585, "reusita": 98.4126984126984, "cnt": 63}, "INFORMATICA MI C/C++": {"medie": 9.116666666666667, "reusita": 100.0, "cnt": 6}, "ISTORIE": {"medie": 5.508064516129033, "reusita": 73.01587301587301, "cnt": 63}, "MATEMATICA ST-NAT": {"medie": 5.505555555555555, "reusita": 68.96551724137932, "cnt": 29}}, "nume": "COLEGIUL NATIONAL \"OCTAVIAN GOGA\" MARGHITA\tBihor"}