{"specializari": {"MATEMATICA-INFORMATICA": 59, "STIINTE ALE NATURII": 84, "STIINTE SOCIALE": 26}, "limba_moderna": {"LIMBA ENGLEZA": 80, "LIMBA FRANCEZA": 64, "LIMBA GERMANA MODERNA": 25}, "limba_materna": {"LIMBA ROMANA": 169}, "promotie_anterioara": {"NU": 169}, "materii": {"LIMBA ROMANA": {"medie": 9.36153846153846, "reusita": 100.0, "cnt": 169}, "BIOLOGIE VEGETALA SI ANIMALA": {"medie": 9.665, "reusita": 100.0, "cnt": 10}, "GENERAL": {"medie": 9.224260355029596, "reusita": 99.40828402366864, "cnt": 169}, "MATEMATICA MATE-INFO": {"medie": 9.198305084745764, "reusita": 100.0, "cnt": 59}, "ANATOMIE SI FIZIOLOGIE UMANA, GENETICA SI ECOLOGIE UMANA": {"medie": 8.828947368421051, "reusita": 97.36842105263158, "cnt": 38}, "FIZICA TEO": {"medie": 8.735714285714286, "reusita": 100.0, "cnt": 14}, "GEOGRAFIE": {"medie": 9.799999999999999, "reusita": 100.0, "cnt": 3}, "INFORMATICA MI C/C++": {"medie": 9.54512195121951, "reusita": 100.0, "cnt": 41}, "ISTORIE": {"medie": 9.694230769230769, "reusita": 100.0, "cnt": 26}, "LOGICA, ARGUMENTARE SI COMUNICARE": {"medie": 9.719230769230771, "reusita": 100.0, "cnt": 13}, "MATEMATICA ST-NAT": {"medie": 8.707142857142857, "reusita": 100.0, "cnt": 84}, "PSIHOLOGIE": {"medie": 9.483333333333334, "reusita": 100.0, "cnt": 3}, "CHIMIE ANORGANICA TEO NIVEL I/II": {"medie": 8.826315789473687, "reusita": 100.0, "cnt": 19}, "CHIMIE ORGANICA TEO NIVEL I/II": {"medie": 9.65, "reusita": 100.0, "cnt": 17}, "SOCIOLOGIE": {"medie": 9.774999999999999, "reusita": 100.0, "cnt": 4}, "INFORMATICA SN C/C++": {"medie": 9.9, "reusita": 100.0, "cnt": 4}, "ECONOMIE": {"medie": 9.333333333333334, "reusita": 100.0, "cnt": 3}}, "nume": "COLEGIUL NATIONAL \"ANDREI SAGUNA\" BRASOV\tBra\u0219ov"}