{"specializari": {"STIINTE ALE NATURII": 24, "MATEMATICA-INFORMATICA": 45, "STIINTE SOCIALE": 30, "FILOLOGIE": 31, "TEHNICIAN OPERATOR TEHNICA DE CALCUL": 21, "TEHNICIAN IN AUTOMATIZARI": 17, "TEHNICIAN ELECTRONIST": 29, "TEHNICIAN IN INSTALATII ELECTRICE": 30, "TEHNICIAN MECATRONIST": 25, "TEHNICIAN MECANIC PENTRU INTRETINERE SI REPARATII": 18, "TEHNICIAN PROIECTANT CAD": 2}, "limba_moderna": {"LIMBA FRANCEZA": 26, "LIMBA ENGLEZA": 246}, "limba_materna": {"LIMBA ROMANA": 272}, "promotie_anterioara": {"DA": 55, "NU": 217}, "materii": {"LIMBA ROMANA": {"medie": 6.307358490566036, "reusita": 88.60294117647058, "cnt": 272}, "MATEMATICA TEHN": {"medie": 4.964552238805971, "reusita": 58.45070422535211, "cnt": 142}, "BIOLOGIE VEGETALA SI ANIMALA": {"medie": 4.184234234234234, "reusita": 38.13559322033898, "cnt": 118}, "GENERAL": {"medie": 5.853141025641027, "reusita": 41.544117647058826, "cnt": 272}, "MATEMATICA MATE-INFO": {"medie": 4.904545454545454, "reusita": 66.66666666666666, "cnt": 45}, "ANATOMIE SI FIZIOLOGIE UMANA, GENETICA SI ECOLOGIE UMANA": {"medie": 6.887777777777775, "reusita": 93.61702127659575, "cnt": 47}, "GEOGRAFIE": {"medie": 8.281818181818181, "reusita": 95.65217391304348, "cnt": 23}, "INFORMATICA MI C/C++": {"medie": 5.04, "reusita": 65.0, "cnt": 20}, "ISTORIE": {"medie": 6.540833333333334, "reusita": 86.88524590163934, "cnt": 61}, "LOGICA, ARGUMENTARE SI COMUNICARE": {"medie": 8.930263157894737, "reusita": 100.0, "cnt": 38}, "MATEMATICA ST-NAT": {"medie": 5.495833333333334, "reusita": 66.66666666666666, "cnt": 24}, "CHIMIE ANORGANICA TEH NIVEL I/II": {"medie": 6.866666666666667, "reusita": 100.0, "cnt": 3}, "FIZICA TEH": {"medie": 4.9739130434782615, "reusita": 52.17391304347826, "cnt": 23}}, "nume": "COLEGIUL TEHNIC \"GHEORGHE ASACHI\" BOTOSANI\tBoto\u0219ani"}