{"specializari": {"INVATATOR - EDUCATOARE": 32, "MATEMATICA-INFORMATICA": 59, "FILOLOGIE": 59}, "limba_moderna": {"LIMBA ENGLEZA": 140, "LIMBA FRANCEZA": 9, "LIMBA SPANIOLA": 1}, "limba_materna": {"LIMBA ROMANA": 150}, "promotie_anterioara": {"NU": 148, "DA": 2}, "materii": {"LIMBA ROMANA": {"medie": 8.591333333333331, "reusita": 100.0, "cnt": 150}, "BIOLOGIE VEGETALA SI ANIMALA": {"medie": 8.620000000000001, "reusita": 100.0, "cnt": 5}, "GENERAL": {"medie": 8.732102908277401, "reusita": 98.0, "cnt": 150}, "MATEMATICA MATE-INFO": {"medie": 8.31186440677966, "reusita": 98.30508474576271, "cnt": 59}, "ANATOMIE SI FIZIOLOGIE UMANA, GENETICA SI ECOLOGIE UMANA": {"medie": 8.4, "reusita": 100.0, "cnt": 3}, "FIZICA TEO": {"medie": 8.645833333333332, "reusita": 100.0, "cnt": 12}, "GEOGRAFIE": {"medie": 9.488372093023253, "reusita": 100.0, "cnt": 43}, "INFORMATICA MI C/C++": {"medie": 8.725, "reusita": 100.0, "cnt": 36}, "ISTORIE": {"medie": 8.550862068965516, "reusita": 96.61016949152543, "cnt": 59}, "FILOSOFIE": {"medie": 9.6, "reusita": 100.0, "cnt": 1}, "LOGICA, ARGUMENTARE SI COMUNICARE": {"medie": 9.0075, "reusita": 100.0, "cnt": 20}, "MATEMATICA PED": {"medie": 9.2015625, "reusita": 100.0, "cnt": 32}, "PSIHOLOGIE": {"medie": 9.246153846153847, "reusita": 100.0, "cnt": 13}, "CHIMIE ANORGANICA TEO NIVEL I/II": {"medie": 6.65, "reusita": 100.0, "cnt": 2}, "CHIMIE ORGANICA TEO NIVEL I/II": {"medie": 9.35, "reusita": 100.0, "cnt": 1}, "SOCIOLOGIE": {"medie": 8.8, "reusita": 100.0, "cnt": 12}, "ECONOMIE": {"medie": 6.8, "reusita": 100.0, "cnt": 2}}, "nume": "COLEGIUL NATIONAL \"ELENA CUZA\"\tBucure\u0219ti"}