{"specializari": {"MATEMATICA-INFORMATICA": 15, "TEHNICIAN IN INSTALATII ELECTRICE": 8, "TEHNICIAN TRANSPORTURI": 9, "LICEU CU PROGRAM SPORTIV": 79, "TEHNICIAN IN AUTOMATIZARI": 1, "TEHNICIAN ELECTROTEHNIST": 1}, "limba_moderna": {"LIMBA ENGLEZA": 112, "LIMBA FRANCEZA": 1}, "limba_materna": {"LIMBA ROMANA": 113}, "promotie_anterioara": {"DA": 38, "NU": 75}, "materii": {"LIMBA ROMANA": {"medie": 5.777064220183486, "reusita": 77.87610619469027, "cnt": 113}, "MATEMATICA TEHN": {"medie": 3.1176470588235294, "reusita": 31.57894736842105, "cnt": 19}, "BIOLOGIE VEGETALA SI ANIMALA": {"medie": 4.419444444444445, "reusita": 42.10526315789473, "cnt": 19}, "GENERAL": {"medie": 5.819255663430418, "reusita": 43.36283185840708, "cnt": 113}, "MATEMATICA MATE-INFO": {"medie": 3.9458333333333333, "reusita": 33.33333333333333, "cnt": 15}, "ANATOMIE SI FIZIOLOGIE UMANA, GENETICA SI ECOLOGIE UMANA": {"medie": 5.120833333333334, "reusita": 53.84615384615385, "cnt": 13}, "GEOGRAFIE": {"medie": 7.028676470588233, "reusita": 84.28571428571429, "cnt": 70}, "ISTORIE": {"medie": 5.752597402597406, "reusita": 84.81012658227847, "cnt": 79}, "LOGICA, ARGUMENTARE SI COMUNICARE": {"medie": 7.2666666666666675, "reusita": 88.88888888888889, "cnt": 9}, "FIZICA TEH": {"medie": 1.6, "reusita": 0.0, "cnt": 1}, "CHIMIE ANORGANICA TEO NIVEL I/II": {"medie": 8.5, "reusita": 100.0, "cnt": 1}}, "nume": "COLEGIUL TEHNIC FEROVIAR \"MIHAI I\"\tBucure\u0219ti"}