{"specializari": {"STIINTE SOCIALE": 36, "STIINTE ALE NATURII": 62, "FILOLOGIE": 34, "MATEMATICA-INFORMATICA": 32, "LICEU CU PROGRAM SPORTIV": 30}, "limba_moderna": {"LIMBA ENGLEZA": 162, "LIMBA FRANCEZA": 32}, "limba_materna": {"LIMBA ROMANA": 194}, "promotie_anterioara": {"DA": 6, "NU": 188}, "materii": {"LIMBA ROMANA": {"medie": 7.334196891191711, "reusita": 97.9381443298969, "cnt": 194}, "BIOLOGIE VEGETALA SI ANIMALA": {"medie": 7.908333333333332, "reusita": 100.0, "cnt": 6}, "GENERAL": {"medie": 7.620920138888889, "reusita": 88.65979381443299, "cnt": 194}, "MATEMATICA MATE-INFO": {"medie": 7.131249999999999, "reusita": 100.0, "cnt": 32}, "ANATOMIE SI FIZIOLOGIE UMANA, GENETICA SI ECOLOGIE UMANA": {"medie": 8.375, "reusita": 100.0, "cnt": 66}, "FIZICA TEO": {"medie": 7.366666666666667, "reusita": 100.0, "cnt": 12}, "GEOGRAFIE": {"medie": 9.135294117647058, "reusita": 100.0, "cnt": 17}, "INFORMATICA MI C/C++": {"medie": 7.216666666666667, "reusita": 88.88888888888889, "cnt": 9}, "ISTORIE": {"medie": 7.003999999999998, "reusita": 94.0, "cnt": 100}, "LOGICA, ARGUMENTARE SI COMUNICARE": {"medie": 8.73481012658228, "reusita": 96.25, "cnt": 80}, "MATEMATICA ST-NAT": {"medie": 7.055645161290323, "reusita": 91.93548387096774, "cnt": 62}, "PSIHOLOGIE": {"medie": 7.0, "reusita": 100.0, "cnt": 2}, "SOCIOLOGIE": {"medie": 8.5, "reusita": 100.0, "cnt": 1}, "INFORMATICA SN C/C++": {"medie": 9.6, "reusita": 100.0, "cnt": 1}}, "nume": "COLEGIUL NATIONAL \"NICOLAE TITULESCU\" CRAIOVA\tDolj"}