{"specializari": {"TEHNICIAN DESIGNER VESTIMENTAR": 15, "COAFOR STILIST": 28, "TEHNICIAN CHIMIST DE LABORATOR": 24, "TEHNICIAN IN INDUSTRIA STICLEI SI CERAMICII": 26, "TEHNICIAN IN INDUSTRIA TEXTILA": 1, "STIINTE ALE NATURII": 1}, "limba_moderna": {"LIMBA ENGLEZA": 95}, "limba_materna": {"LIMBA ROMANA": 95}, "promotie_anterioara": {"DA": 17, "NU": 78}, "materii": {"LIMBA ROMANA": {"medie": 6.1318681318681305, "reusita": 83.15789473684211, "cnt": 95}, "MATEMATICA TEHN": {"medie": 6.037777777777777, "reusita": 77.6595744680851, "cnt": 94}, "BIOLOGIE VEGETALA SI ANIMALA": {"medie": 5.599180327868852, "reusita": 61.53846153846154, "cnt": 65}, "GENERAL": {"medie": 6.102380952380954, "reusita": 47.368421052631575, "cnt": 95}, "GEOGRAFIE": {"medie": 7.555263157894737, "reusita": 100.0, "cnt": 19}, "LOGICA, ARGUMENTARE SI COMUNICARE": {"medie": 6.794444444444445, "reusita": 77.77777777777779, "cnt": 9}, "MATEMATICA ST-NAT": {"medie": 6.6, "reusita": 100.0, "cnt": 1}, "FIZICA TEH": {"medie": 5.85, "reusita": 50.0, "cnt": 2}}, "nume": "COLEGIUL TEHNIC \"APULUM\" ALBA IULIA\tAlba"}