{"specializari": {"TEHNICIAN DESIGNER VESTIMENTAR": 4, "TEHNICIAN IN TURISM": 60, "TEHNICIAN IN INDUSTRIA TEXTILA": 2}, "limba_moderna": {"LIMBA ENGLEZA": 57, "LIMBA FRANCEZA": 9}, "limba_materna": {"LIMBA ROMANA": 66}, "promotie_anterioara": {"DA": 10, "NU": 56}, "materii": {"LIMBA ROMANA": {"medie": 6.231060606060605, "reusita": 90.9090909090909, "cnt": 66}, "MATEMATICA TEHN": {"medie": 5.124218750000001, "reusita": 63.63636363636363, "cnt": 66}, "BIOLOGIE VEGETALA SI ANIMALA": {"medie": 5.77, "reusita": 60.0, "cnt": 5}, "GENERAL": {"medie": 6.308072916666667, "reusita": 59.09090909090909, "cnt": 66}, "GEOGRAFIE": {"medie": 7.702631578947369, "reusita": 96.49122807017544, "cnt": 57}, "PSIHOLOGIE": {"medie": 7.450000000000001, "reusita": 100.0, "cnt": 4}}, "nume": "COLEGIUL DE SERVICII IN TURISM \"NAPOCA\" CLUJ-NAPOCA\tCluj"}