{"specializari": {"MATEMATICA-INFORMATICA": 111}, "limba_moderna": {"LIMBA ENGLEZA": 111}, "limba_materna": {"LIMBA ROMANA": 111}, "promotie_anterioara": {"NU": 111}, "materii": {"LIMBA ROMANA": {"medie": 8.409009009009006, "reusita": 100.0, "cnt": 111}, "BIOLOGIE VEGETALA SI ANIMALA": {"medie": 8.782, "reusita": 100.0, "cnt": 25}, "GENERAL": {"medie": 8.707357357357358, "reusita": 100.0, "cnt": 111}, "MATEMATICA MATE-INFO": {"medie": 8.905405405405405, "reusita": 100.0, "cnt": 111}, "FIZICA TEO": {"medie": 8.886363636363635, "reusita": 100.0, "cnt": 66}, "INFORMATICA MI C/C++": {"medie": 8.480555555555556, "reusita": 100.0, "cnt": 18}, "CHIMIE ANORGANICA TEO NIVEL I/II": {"medie": 9.75, "reusita": 100.0, "cnt": 1}, "CHIMIE ORGANICA TEO NIVEL I/II": {"medie": 9.2, "reusita": 100.0, "cnt": 1}}, "nume": "COLEGIUL NATIONAL MILITAR \"DIMITRIE CANTEMIR\" BREAZA\tPrahova"}