{"specializari": {"TEHNICIAN ELECTROTEHNIST": 11, "TEHNICIAN INSTALATOR PENTRU CONSTRUCTII": 4, "TEHNICIAN DESENATOR PENTRU CONSTRUCTII SI INSTALATII": 15, "LICEU CU PROGRAM SPORTIV": 57, "TEHNICIAN MECATRONIST": 2, "TEHNICIAN ECOLOG SI PROTECTIA CALITATII MEDIULUI": 7, "TEHNICIAN MECANIC PENTRU INTRETINERE SI REPARATII": 11, "TEHNICIAN IN CONSTRUCTII SI LUCRARI PUBLICE": 4}, "limba_moderna": {"LIMBA ENGLEZA": 109, "LIMBA FRANCEZA": 2}, "limba_materna": {"LIMBA ROMANA": 111}, "promotie_anterioara": {"DA": 50, "NU": 61}, "materii": {"LIMBA ROMANA": {"medie": 5.616513761467889, "reusita": 76.57657657657657, "cnt": 111}, "MATEMATICA TEHN": {"medie": 4.656000000000001, "reusita": 64.81481481481481, "cnt": 54}, "BIOLOGIE VEGETALA SI ANIMALA": {"medie": 4.852857142857141, "reusita": 48.717948717948715, "cnt": 39}, "GENERAL": {"medie": 5.707833333333333, "reusita": 35.13513513513514, "cnt": 111}, "ANATOMIE SI FIZIOLOGIE UMANA, GENETICA SI ECOLOGIE UMANA": {"medie": 5.128571428571428, "reusita": 57.14285714285714, "cnt": 7}, "GEOGRAFIE": {"medie": 6.99871794871795, "reusita": 95.0, "cnt": 40}, "ISTORIE": {"medie": 6.062280701754386, "reusita": 87.71929824561403, "cnt": 57}, "FILOSOFIE": {"medie": 4.0, "reusita": 0.0, "cnt": 1}, "LOGICA, ARGUMENTARE SI COMUNICARE": {"medie": 7.4833333333333325, "reusita": 80.0, "cnt": 10}, "PSIHOLOGIE": {"medie": 6.941666666666667, "reusita": 83.33333333333334, "cnt": 6}, "FIZICA TEH": {"medie": 4.7299999999999995, "reusita": 42.857142857142854, "cnt": 7}, "CHIMIE ORGANICA TEH NIVEL I/II": {"medie": 1.8, "reusita": 0.0, "cnt": 1}}, "nume": "COLEGIUL TEHNIC \"ANGHEL SALIGNY\"\tBucure\u0219ti"}