{"specializari": {"INVATATOR - EDUCATOARE": 46, "STIINTE ALE NATURII": 26, "MATEMATICA-INFORMATICA": 28, "FILOLOGIE": 28}, "limba_moderna": {"LIMBA GERMANA MODERNA": 3, "LIMBA ENGLEZA": 105, "LIMBA FRANCEZA": 8, "LIMBA SPANIOLA": 12}, "limba_materna": {"LIMBA MAGHIARA": 19, "LIMBA ROMANA": 109}, "promotie_anterioara": {"DA": 3, "NU": 125}, "materii": {"LIMBA ROMANA": {"medie": 8.101181102362204, "reusita": 97.65625, "cnt": 128}, "BIOLOGIE VEGETALA SI ANIMALA": {"medie": 9.65, "reusita": 100.0, "cnt": 1}, "GENERAL": {"medie": 8.257677165354332, "reusita": 92.1875, "cnt": 128}, "MATEMATICA MATE-INFO": {"medie": 7.189285714285715, "reusita": 96.42857142857143, "cnt": 28}, "ANATOMIE SI FIZIOLOGIE UMANA, GENETICA SI ECOLOGIE UMANA": {"medie": 8.46951219512195, "reusita": 100.0, "cnt": 41}, "FIZICA TEO": {"medie": 9.0, "reusita": 100.0, "cnt": 1}, "GEOGRAFIE": {"medie": 8.906060606060604, "reusita": 97.05882352941177, "cnt": 34}, "INFORMATICA MI C/C++": {"medie": 8.865, "reusita": 100.0, "cnt": 10}, "ISTORIE": {"medie": 7.803571428571428, "reusita": 96.42857142857143, "cnt": 28}, "LOGICA, ARGUMENTARE SI COMUNICARE": {"medie": 9.42027027027027, "reusita": 100.0, "cnt": 37}, "MATEMATICA ST-NAT": {"medie": 6.626923076923077, "reusita": 88.46153846153845, "cnt": 26}, "MATEMATICA PED": {"medie": 8.634444444444444, "reusita": 97.82608695652173, "cnt": 46}, "LIMBA MAGHIARA (UMAN)": {"medie": 7.652777777777778, "reusita": 94.73684210526315, "cnt": 19}, "PSIHOLOGIE": {"medie": 9.433333333333334, "reusita": 100.0, "cnt": 3}, "INFORMATICA SN C/C++": {"medie": 9.7, "reusita": 100.0, "cnt": 1}}, "nume": "COLEGIUL NATIONAL \"IOSIF VULCAN\" ORADEA\tBihor"}