{"specializari": {"MATEMATICA-INFORMATICA": 89, "FILOLOGIE": 66, "STIINTE SOCIALE": 36, "STIINTE ALE NATURII": 22}, "limba_moderna": {"LIMBA ENGLEZA": 201, "LIMBA GERMANA MODERNA": 5, "LIMBA FRANCEZA": 7}, "limba_materna": {"LIMBA ROMANA": 213}, "promotie_anterioara": {"DA": 6, "NU": 207}, "materii": {"LIMBA ROMANA": {"medie": 8.429285714285712, "reusita": 98.12206572769952, "cnt": 213}, "BIOLOGIE VEGETALA SI ANIMALA": {"medie": 9.275, "reusita": 100.0, "cnt": 2}, "GENERAL": {"medie": 8.230769230769239, "reusita": 90.14084507042254, "cnt": 213}, "MATEMATICA MATE-INFO": {"medie": 8.038764044943822, "reusita": 95.50561797752809, "cnt": 89}, "ANATOMIE SI FIZIOLOGIE UMANA, GENETICA SI ECOLOGIE UMANA": {"medie": 8.2948275862069, "reusita": 100.0, "cnt": 58}, "FIZICA TEO": {"medie": 8.841463414634145, "reusita": 100.0, "cnt": 41}, "GEOGRAFIE": {"medie": 8.823913043478262, "reusita": 100.0, "cnt": 23}, "INFORMATICA MI C/C++": {"medie": 8.63888888888889, "reusita": 88.88888888888889, "cnt": 9}, "ISTORIE": {"medie": 7.097959183673469, "reusita": 92.15686274509804, "cnt": 102}, "LOGICA, ARGUMENTARE SI COMUNICARE": {"medie": 8.885454545454548, "reusita": 91.37931034482759, "cnt": 58}, "MATEMATICA ST-NAT": {"medie": 7.285714285714287, "reusita": 86.36363636363636, "cnt": 22}, "PSIHOLOGIE": {"medie": 8.814705882352943, "reusita": 100.0, "cnt": 17}, "CHIMIE ORGANICA TEO NIVEL I/II": {"medie": 5.05, "reusita": 100.0, "cnt": 1}, "ECONOMIE": {"medie": 8.6875, "reusita": 100.0, "cnt": 4}}, "nume": "COLEGIUL NATIONAL \"RADU GRECEANU\" SLATINA\tOlt"}