{"specializari": {"STIINTE ALE NATURII": 84, "MATEMATICA-INFORMATICA": 53, "STIINTE SOCIALE": 34, "FILOLOGIE": 33}, "limba_moderna": {"LIMBA ENGLEZA": 141, "LIMBA FRANCEZA": 63}, "limba_materna": {"LIMBA ROMANA": 204}, "promotie_anterioara": {"NU": 201, "DA": 3}, "materii": {"LIMBA ROMANA": {"medie": 7.710837438423639, "reusita": 98.52941176470588, "cnt": 204}, "GENERAL": {"medie": 7.9220853858784865, "reusita": 92.64705882352942, "cnt": 204}, "MATEMATICA MATE-INFO": {"medie": 8.155660377358489, "reusita": 100.0, "cnt": 53}, "ANATOMIE SI FIZIOLOGIE UMANA, GENETICA SI ECOLOGIE UMANA": {"medie": 7.798333333333335, "reusita": 96.66666666666667, "cnt": 60}, "FIZICA TEO": {"medie": 8.522727272727275, "reusita": 100.0, "cnt": 33}, "GEOGRAFIE": {"medie": 8.773076923076923, "reusita": 100.0, "cnt": 39}, "INFORMATICA MI C/C++": {"medie": 8.611904761904762, "reusita": 100.0, "cnt": 21}, "ISTORIE": {"medie": 6.962878787878791, "reusita": 89.55223880597015, "cnt": 67}, "FILOSOFIE": {"medie": 9.1, "reusita": 100.0, "cnt": 2}, "LOGICA, ARGUMENTARE SI COMUNICARE": {"medie": 9.40625, "reusita": 88.88888888888889, "cnt": 9}, "MATEMATICA ST-NAT": {"medie": 7.7875, "reusita": 94.04761904761905, "cnt": 84}, "PSIHOLOGIE": {"medie": 8.566666666666666, "reusita": 100.0, "cnt": 15}, "CHIMIE ANORGANICA TEO NIVEL I/II": {"medie": 8.8, "reusita": 100.0, "cnt": 1}, "CHIMIE ORGANICA TEO NIVEL I/II": {"medie": 9.175, "reusita": 100.0, "cnt": 18}, "SOCIOLOGIE": {"medie": 8.95, "reusita": 100.0, "cnt": 1}, "INFORMATICA SN C/C++": {"medie": 7.25, "reusita": 100.0, "cnt": 4}, "ECONOMIE": {"medie": 7.3, "reusita": 100.0, "cnt": 1}}, "nume": "COLEGIUL NATIONAL \"GRIGORE MOISIL\" ONESTI\tBac\u0103u"}