{"specializari": {"MUZICA": 22, "ARHITECTURA, ARTE AMBIENTALE SI DESIGN": 29, "ARTE PLASTICE SI DECORATIVE": 34, "COREGRAFIE": 15, "ARTA ACTORULUI": 14}, "limba_moderna": {"LIMBA ENGLEZA": 114}, "limba_materna": {"LIMBA ROMANA": 114}, "promotie_anterioara": {"DA": 7, "NU": 107}, "materii": {"LIMBA ROMANA": {"medie": 7.586842105263155, "reusita": 96.49122807017544, "cnt": 114}, "GENERAL": {"medie": 7.453801169590642, "reusita": 82.45614035087719, "cnt": 114}, "GEOGRAFIE": {"medie": 8.747674418604651, "reusita": 95.34883720930233, "cnt": 43}, "ISTORIE": {"medie": 6.836403508771925, "reusita": 92.10526315789474, "cnt": 114}, "LOGICA, ARGUMENTARE SI COMUNICARE": {"medie": 7.442857142857143, "reusita": 83.6734693877551, "cnt": 49}, "PSIHOLOGIE": {"medie": 7.381578947368422, "reusita": 94.73684210526315, "cnt": 19}, "ECONOMIE": {"medie": 7.95, "reusita": 100.0, "cnt": 3}}, "nume": "COLEGIUL NATIONAL DE ARTE \"REGINA MARIA\" CONSTANTA\tConstan\u021ba"}