{"specializari": {"STIINTE SOCIALE": 35, "INVATATOR - EDUCATOARE": 27, "FILOLOGIE": 32, "MATEMATICA-INFORMATICA": 34}, "limba_moderna": {"LIMBA ENGLEZA": 127, "LIMBA FRANCEZA": 1}, "limba_materna": {"LIMBA ROMANA": 128}, "promotie_anterioara": {"NU": 125, "DA": 3}, "materii": {"LIMBA ROMANA": {"medie": 8.25546875, "reusita": 97.65625, "cnt": 128}, "BIOLOGIE VEGETALA SI ANIMALA": {"medie": 8.15, "reusita": 100.0, "cnt": 2}, "GENERAL": {"medie": 8.306167979002623, "reusita": 94.53125, "cnt": 128}, "MATEMATICA MATE-INFO": {"medie": 7.489705882352943, "reusita": 94.11764705882352, "cnt": 34}, "ANATOMIE SI FIZIOLOGIE UMANA, GENETICA SI ECOLOGIE UMANA": {"medie": 6.527777777777778, "reusita": 77.77777777777779, "cnt": 9}, "FIZICA TEO": {"medie": 8.81875, "reusita": 100.0, "cnt": 8}, "GEOGRAFIE": {"medie": 8.966666666666667, "reusita": 97.5609756097561, "cnt": 82}, "INFORMATICA MI C/C++": {"medie": 8.226923076923077, "reusita": 100.0, "cnt": 13}, "ISTORIE": {"medie": 7.545454545454544, "reusita": 95.52238805970148, "cnt": 67}, "FILOSOFIE": {"medie": 8.3, "reusita": 100.0, "cnt": 2}, "LOGICA, ARGUMENTARE SI COMUNICARE": {"medie": 9.2, "reusita": 100.0, "cnt": 1}, "MATEMATICA PED": {"medie": 9.337037037037037, "reusita": 100.0, "cnt": 27}, "PSIHOLOGIE": {"medie": 9.27142857142857, "reusita": 100.0, "cnt": 7}, "CHIMIE ANORGANICA TEO NIVEL I/II": {"medie": 8.7, "reusita": 100.0, "cnt": 1}, "CHIMIE ORGANICA TEO NIVEL I/II": {"medie": 8.95, "reusita": 100.0, "cnt": 1}, "SOCIOLOGIE": {"medie": 9.75, "reusita": 100.0, "cnt": 2}}, "nume": "COLEGIUL NATIONAL PEDAGOGIC \"REGINA MARIA\" DEVA\tHunedoara"}