{"specializari": {"TEHNICIAN TRANSPORTURI": 27, "TEHNICIAN ELECTRICIAN/ELECTRONIST AUTO": 16, "TEHNICIAN MECATRONIST": 1}, "limba_moderna": {"LIMBA ENGLEZA": 39, "LIMBA FRANCEZA": 5}, "limba_materna": {"LIMBA ROMANA": 44}, "promotie_anterioara": {"DA": 23, "NU": 21}, "materii": {"LIMBA ROMANA": {"medie": 5.741860465116279, "reusita": 81.81818181818183, "cnt": 44}, "MATEMATICA TEHN": {"medie": 5.791250000000002, "reusita": 75.0, "cnt": 44}, "BIOLOGIE VEGETALA SI ANIMALA": {"medie": 5.7299999999999995, "reusita": 72.72727272727273, "cnt": 22}, "GENERAL": {"medie": 5.919583333333333, "reusita": 43.18181818181818, "cnt": 44}, "CHIMIE ANORGANICA TEH NIVEL I/II": {"medie": 5.64, "reusita": 80.0, "cnt": 5}, "FIZICA TEH": {"medie": 6.576470588235296, "reusita": 88.23529411764706, "cnt": 17}}, "nume": "COLEGIUL TEHNIC AUTO \"TRAIAN VUIA\" FOCSANI\tVrancea"}