{"specializari": {"MATEMATICA-INFORMATICA": 29, "STIINTE SOCIALE": 24, "STIINTE ALE NATURII": 30, "FILOLOGIE": 23}, "limba_moderna": {"LIMBA GERMANA MODERNA": 29, "LIMBA ENGLEZA": 77}, "limba_materna": {"LIMBA ROMANA": 53, "LIMBA GERMANA": 53}, "promotie_anterioara": {"NU": 106}, "materii": {"LIMBA ROMANA": {"medie": 8.683018867924531, "reusita": 100.0, "cnt": 106}, "BIOLOGIE VEGETALA SI ANIMALA": {"medie": 9.325, "reusita": 100.0, "cnt": 4}, "GENERAL": {"medie": 8.487154088050312, "reusita": 97.16981132075472, "cnt": 106}, "MATEMATICA MATE-INFO": {"medie": 7.23448275862069, "reusita": 96.55172413793103, "cnt": 29}, "ANATOMIE SI FIZIOLOGIE UMANA, GENETICA SI ECOLOGIE UMANA": {"medie": 8.807407407407409, "reusita": 100.0, "cnt": 27}, "FIZICA TEO": {"medie": 8.808333333333334, "reusita": 100.0, "cnt": 6}, "GEOGRAFIE": {"medie": 8.494736842105263, "reusita": 94.73684210526315, "cnt": 19}, "INFORMATICA MI C/C++": {"medie": 8.272222222222222, "reusita": 100.0, "cnt": 9}, "ISTORIE": {"medie": 8.402127659574468, "reusita": 95.74468085106383, "cnt": 47}, "LOGICA, ARGUMENTARE SI COMUNICARE": {"medie": 9.270833333333336, "reusita": 100.0, "cnt": 24}, "MATEMATICA ST-NAT": {"medie": 8.39, "reusita": 100.0, "cnt": 30}, "PSIHOLOGIE": {"medie": 9.700000000000001, "reusita": 100.0, "cnt": 3}, "CHIMIE ANORGANICA TEO NIVEL I/II": {"medie": 7.0, "reusita": 100.0, "cnt": 1}, "CHIMIE ORGANICA TEO NIVEL I/II": {"medie": 9.545454545454547, "reusita": 100.0, "cnt": 11}, "SOCIOLOGIE": {"medie": 9.8, "reusita": 100.0, "cnt": 1}, "INFORMATICA SN C/C++": {"medie": 10.0, "reusita": 100.0, "cnt": 1}, "LIMBA GERMANA": {"medie": 7.981509433962263, "reusita": 98.11320754716981, "cnt": 53}}, "nume": "COLEGIUL NATIONAL \"GEORGE COSBUC\" CLUJ-NAPOCA\tCluj"}