{"specializari": {"TEHNICIAN OPERATOR PROCESARE TEXT IMAGINE": 19, "TEHNICIAN PRODUCTIE FILM SI TELEVIZIUNE": 59, "LICEU CU PROGRAM SPORTIV": 46, "STIINTE ALE NATURII": 21, "TEHNICIAN POLIGRAF": 25, "TEHNICIAN MECATRONIST": 1, "MATEMATICA-INFORMATICA": 4, "FILOLOGIE": 2}, "limba_moderna": {"LIMBA ENGLEZA": 177}, "limba_materna": {"LIMBA ROMANA": 177}, "promotie_anterioara": {"DA": 81, "NU": 96}, "materii": {"LIMBA ROMANA": {"medie": 5.7294285714285715, "reusita": 85.31073446327684, "cnt": 177}, "MATEMATICA TEHN": {"medie": 4.540306122448979, "reusita": 52.88461538461539, "cnt": 104}, "BIOLOGIE VEGETALA SI ANIMALA": {"medie": 4.63659793814433, "reusita": 50.48543689320388, "cnt": 103}, "GENERAL": {"medie": 5.329115226337448, "reusita": 29.37853107344633, "cnt": 177}, "MATEMATICA MATE-INFO": {"medie": 5.25, "reusita": 75.0, "cnt": 4}, "ANATOMIE SI FIZIOLOGIE UMANA, GENETICA SI ECOLOGIE UMANA": {"medie": 5.488235294117647, "reusita": 64.70588235294117, "cnt": 17}, "GEOGRAFIE": {"medie": 7.159459459459461, "reusita": 87.8048780487805, "cnt": 41}, "ISTORIE": {"medie": 5.384374999999999, "reusita": 68.75, "cnt": 48}, "LOGICA, ARGUMENTARE SI COMUNICARE": {"medie": 6.242857142857142, "reusita": 71.42857142857143, "cnt": 7}, "MATEMATICA ST-NAT": {"medie": 4.437500000000001, "reusita": 47.61904761904761, "cnt": 21}, "CHIMIE ANORGANICA TEH NIVEL I/II": {"medie": 5.0125, "reusita": 75.0, "cnt": 4}, "FIZICA TEH": {"medie": 4.3, "reusita": 50.0, "cnt": 2}, "CHIMIE ANORGANICA TEO NIVEL I/II": {"medie": 6.45, "reusita": 100.0, "cnt": 3}}, "nume": "COLEGIUL TEHNIC \"MEDIA\"\tBucure\u0219ti"}