{"specializari": {"INVATATOR - EDUCATOARE": 56, "FILOLOGIE": 28, "STIINTE SOCIALE": 30, "STIINTE ALE NATURII": 1}, "limba_moderna": {"LIMBA ENGLEZA": 108, "LIMBA FRANCEZA": 5, "LIMBA GERMANA MODERNA": 2}, "limba_materna": {"LIMBA ROMANA": 115}, "promotie_anterioara": {"NU": 112, "DA": 3}, "materii": {"LIMBA ROMANA": {"medie": 8.290434782608695, "reusita": 100.0, "cnt": 115}, "BIOLOGIE VEGETALA SI ANIMALA": {"medie": 8.05, "reusita": 100.0, "cnt": 1}, "GENERAL": {"medie": 8.345652173913042, "reusita": 95.65217391304348, "cnt": 115}, "GEOGRAFIE": {"medie": 8.799999999999999, "reusita": 100.0, "cnt": 82}, "ISTORIE": {"medie": 7.467241379310346, "reusita": 96.55172413793103, "cnt": 58}, "LOGICA, ARGUMENTARE SI COMUNICARE": {"medie": 8.85, "reusita": 100.0, "cnt": 16}, "MATEMATICA ST-NAT": {"medie": 5.2, "reusita": 100.0, "cnt": 1}, "MATEMATICA PED": {"medie": 8.457142857142854, "reusita": 98.21428571428571, "cnt": 56}, "PSIHOLOGIE": {"medie": 9.02, "reusita": 100.0, "cnt": 5}, "SOCIOLOGIE": {"medie": 8.872727272727273, "reusita": 100.0, "cnt": 11}}, "nume": "COLEGIUL NATIONAL PEDAGOGIC \"DUMITRU PANAITESCU PERPESSICIUS\"\tBr\u0103ila"}