{"specializari": {"MATEMATICA-INFORMATICA": 57, "STIINTE ALE NATURII": 24, "TEHNICIAN IN ACTIVITATI ECONOMICE": 30, "FILOLOGIE": 57}, "limba_moderna": {"LIMBA ENGLEZA": 158, "LIMBA FRANCEZA": 8, "LIMBA GERMANA MODERNA": 2}, "limba_materna": {"LIMBA MAGHIARA": 56, "LIMBA ROMANA": 112}, "promotie_anterioara": {"DA": 5, "NU": 163}, "materii": {"LIMBA ROMANA": {"medie": 7.151190476190477, "reusita": 89.88095238095238, "cnt": 168}, "MATEMATICA TEHN": {"medie": 8.649999999999999, "reusita": 100.0, "cnt": 30}, "BIOLOGIE VEGETALA SI ANIMALA": {"medie": 7.906521739130436, "reusita": 95.65217391304348, "cnt": 23}, "GENERAL": {"medie": 7.961681547619047, "reusita": 85.11904761904762, "cnt": 168}, "MATEMATICA MATE-INFO": {"medie": 7.428947368421053, "reusita": 98.24561403508771, "cnt": 57}, "ANATOMIE SI FIZIOLOGIE UMANA, GENETICA SI ECOLOGIE UMANA": {"medie": 8.346153846153848, "reusita": 100.0, "cnt": 26}, "FIZICA TEO": {"medie": 8.260416666666666, "reusita": 95.83333333333334, "cnt": 24}, "GEOGRAFIE": {"medie": 8.779333333333337, "reusita": 100.0, "cnt": 75}, "INFORMATICA MI C/C++": {"medie": 7.807142857142858, "reusita": 100.0, "cnt": 7}, "ISTORIE": {"medie": 8.143859649122806, "reusita": 98.24561403508771, "cnt": 57}, "LIMBA MAGHIARA (REAL)": {"medie": 9.182142857142859, "reusita": 100.0, "cnt": 28}, "MATEMATICA ST-NAT": {"medie": 6.737500000000002, "reusita": 87.5, "cnt": 24}, "LIMBA MAGHIARA (UMAN)": {"medie": 8.933928571428572, "reusita": 100.0, "cnt": 28}, "CHIMIE ORGANICA TEO NIVEL I/II": {"medie": 8.0, "reusita": 100.0, "cnt": 1}, "SOCIOLOGIE": {"medie": 8.258333333333335, "reusita": 91.66666666666666, "cnt": 12}}, "nume": "COLEGIUL NATIONAL \"SIMION BARNUTIU\" SIMLEU SILVANIEI\tS\u0103laj"}