{"specializari": {"MATEMATICA-INFORMATICA": 123, "STIINTE ALE NATURII": 58, "FILOLOGIE": 59, "STIINTE SOCIALE": 37}, "limba_moderna": {"LIMBA ENGLEZA": 253, "LIMBA FRANCEZA": 24}, "limba_materna": {"LIMBA ROMANA": 277}, "promotie_anterioara": {"NU": 271, "DA": 6}, "materii": {"LIMBA ROMANA": {"medie": 8.078700361010837, "reusita": 99.63898916967509, "cnt": 277}, "BIOLOGIE VEGETALA SI ANIMALA": {"medie": 7.0, "reusita": 100.0, "cnt": 2}, "GENERAL": {"medie": 8.280445246690732, "reusita": 95.30685920577618, "cnt": 277}, "MATEMATICA MATE-INFO": {"medie": 8.009756097560976, "reusita": 97.5609756097561, "cnt": 123}, "ANATOMIE SI FIZIOLOGIE UMANA, GENETICA SI ECOLOGIE UMANA": {"medie": 8.521875000000001, "reusita": 96.875, "cnt": 128}, "FIZICA TEO": {"medie": 8.568333333333333, "reusita": 100.0, "cnt": 30}, "GEOGRAFIE": {"medie": 8.964615384615385, "reusita": 98.46153846153847, "cnt": 65}, "INFORMATICA MI C/C++": {"medie": 9.067857142857145, "reusita": 100.0, "cnt": 14}, "ISTORIE": {"medie": 8.402083333333335, "reusita": 98.95833333333334, "cnt": 96}, "LOGICA, ARGUMENTARE SI COMUNICARE": {"medie": 8.771739130434781, "reusita": 100.0, "cnt": 23}, "MATEMATICA ST-NAT": {"medie": 7.732758620689652, "reusita": 93.10344827586206, "cnt": 58}, "PSIHOLOGIE": {"medie": 6.8, "reusita": 100.0, "cnt": 1}, "CHIMIE ANORGANICA TEO NIVEL I/II": {"medie": 8.55, "reusita": 100.0, "cnt": 2}, "CHIMIE ORGANICA TEO NIVEL I/II": {"medie": 9.64, "reusita": 100.0, "cnt": 5}, "SOCIOLOGIE": {"medie": 8.22857142857143, "reusita": 100.0, "cnt": 7}}, "nume": "COLEGIUL NATIONAL \"STEFAN CEL MARE\", ORAS TARGU NEAMT\tNeam\u021b"}