{"specializari": {"TEHNICIAN IN TURISM": 33, "FILOLOGIE": 30, "MATEMATICA-INFORMATICA": 57, "ORGANIZATOR BANQUETING": 1}, "limba_moderna": {"LIMBA FRANCEZA": 25, "LIMBA ENGLEZA": 96}, "limba_materna": {"LIMBA ROMANA": 121}, "promotie_anterioara": {"DA": 9, "NU": 112}, "materii": {"LIMBA ROMANA": {"medie": 6.658264462809918, "reusita": 91.73553719008265, "cnt": 121}, "MATEMATICA TEHN": {"medie": 4.439705882352941, "reusita": 38.23529411764706, "cnt": 34}, "BIOLOGIE VEGETALA SI ANIMALA": {"medie": 7.588461538461536, "reusita": 96.15384615384616, "cnt": 26}, "GENERAL": {"medie": 6.878650137741045, "reusita": 71.07438016528926, "cnt": 121}, "MATEMATICA MATE-INFO": {"medie": 7.392982456140349, "reusita": 89.47368421052632, "cnt": 57}, "ANATOMIE SI FIZIOLOGIE UMANA, GENETICA SI ECOLOGIE UMANA": {"medie": 9.222222222222221, "reusita": 100.0, "cnt": 9}, "FIZICA TEO": {"medie": 9.109090909090908, "reusita": 100.0, "cnt": 11}, "GEOGRAFIE": {"medie": 7.073255813953488, "reusita": 93.02325581395348, "cnt": 43}, "INFORMATICA MI C/C++": {"medie": 8.333333333333334, "reusita": 100.0, "cnt": 6}, "ISTORIE": {"medie": 6.950000000000001, "reusita": 90.0, "cnt": 30}, "LOGICA, ARGUMENTARE SI COMUNICARE": {"medie": 6.249999999999999, "reusita": 70.0, "cnt": 10}, "PSIHOLOGIE": {"medie": 5.75, "reusita": 66.66666666666666, "cnt": 6}, "CHIMIE ANORGANICA TEO NIVEL I/II": {"medie": 3.4, "reusita": 0.0, "cnt": 1}, "CHIMIE ORGANICA TEO NIVEL I/II": {"medie": 7.425, "reusita": 75.0, "cnt": 4}, "SOCIOLOGIE": {"medie": 9.14, "reusita": 100.0, "cnt": 5}}, "nume": "COLEGIUL \"MIHAIL CANTACUZINO\", ORASUL SINAIA\tPrahova"}