{"specializari": {"MATEMATICA-INFORMATICA": 43, "STIINTE ALE NATURII": 26, "LICEU CU PROGRAM SPORTIV": 49, "FILOLOGIE": 63}, "limba_moderna": {"LIMBA ENGLEZA": 177, "LIMBA FRANCEZA": 3, "LIMBA GERMANA MODERNA": 1}, "limba_materna": {"LIMBA ROMANA": 181}, "promotie_anterioara": {"DA": 22, "NU": 159}, "materii": {"LIMBA ROMANA": {"medie": 7.150276243093923, "reusita": 97.23756906077348, "cnt": 181}, "BIOLOGIE VEGETALA SI ANIMALA": {"medie": 6.9125, "reusita": 100.0, "cnt": 4}, "GENERAL": {"medie": 6.737037037037037, "reusita": 67.95580110497238, "cnt": 181}, "MATEMATICA MATE-INFO": {"medie": 5.361627906976745, "reusita": 67.44186046511628, "cnt": 43}, "ANATOMIE SI FIZIOLOGIE UMANA, GENETICA SI ECOLOGIE UMANA": {"medie": 6.026666666666666, "reusita": 71.11111111111111, "cnt": 45}, "FIZICA TEO": {"medie": 6.62, "reusita": 100.0, "cnt": 5}, "GEOGRAFIE": {"medie": 7.174590163934428, "reusita": 90.32258064516128, "cnt": 62}, "INFORMATICA MI C/C++": {"medie": 7.029166666666668, "reusita": 100.0, "cnt": 12}, "ISTORIE": {"medie": 6.402232142857142, "reusita": 88.39285714285714, "cnt": 112}, "FILOSOFIE": {"medie": 8.9, "reusita": 100.0, "cnt": 1}, "LOGICA, ARGUMENTARE SI COMUNICARE": {"medie": 8.053703703703704, "reusita": 88.88888888888889, "cnt": 27}, "MATEMATICA ST-NAT": {"medie": 5.384615384615385, "reusita": 69.23076923076923, "cnt": 26}, "PSIHOLOGIE": {"medie": 7.449999999999999, "reusita": 100.0, "cnt": 6}, "CHIMIE ORGANICA TEO NIVEL I/II": {"medie": 7.983333333333334, "reusita": 100.0, "cnt": 3}, "SOCIOLOGIE": {"medie": 8.077777777777776, "reusita": 100.0, "cnt": 9}, "ECONOMIE": {"medie": 6.499999999999999, "reusita": 100.0, "cnt": 7}}, "nume": "COLEGIUL NATIONAL \"AUREL VLAICU\"\tBucure\u0219ti"}