{"specializari": {"TEHNICIAN IN TURISM": 30, "TEHNICIAN IN GASTRONOMIE": 2, "TEHNICIAN IN ACTIVITATI DE COMERT": 29, "TEHNICIAN IN ACTIVITATI ECONOMICE": 95, "TEHNICIAN IN ADMINISTRATIE": 2}, "limba_moderna": {"LIMBA ENGLEZA": 158}, "limba_materna": {"LIMBA ROMANA": 158}, "promotie_anterioara": {"DA": 11, "NU": 147}, "materii": {"LIMBA ROMANA": {"medie": 7.204545454545454, "reusita": 96.83544303797468, "cnt": 158}, "MATEMATICA TEHN": {"medie": 6.722875816993465, "reusita": 87.9746835443038, "cnt": 158}, "GENERAL": {"medie": 7.352960526315789, "reusita": 81.64556962025317, "cnt": 158}, "GEOGRAFIE": {"medie": 8.06487603305785, "reusita": 97.54098360655738, "cnt": 122}, "LOGICA, ARGUMENTARE SI COMUNICARE": {"medie": 8.304166666666667, "reusita": 92.3076923076923, "cnt": 13}, "PSIHOLOGIE": {"medie": 7.945652173913044, "reusita": 100.0, "cnt": 23}}, "nume": "COLEGIUL ECONOMIC ARAD\tArad"}