{"specializari": {"INVATATOR - EDUCATOARE": 52, "STIINTE SOCIALE": 30, "FILOLOGIE": 31, "STIINTE ALE NATURII": 2}, "limba_moderna": {"LIMBA ENGLEZA": 106, "LIMBA FRANCEZA": 9}, "limba_materna": {"LIMBA ROMANA": 115}, "promotie_anterioara": {"NU": 113, "DA": 2}, "materii": {"LIMBA ROMANA": {"medie": 7.644782608695652, "reusita": 100.0, "cnt": 115}, "BIOLOGIE VEGETALA SI ANIMALA": {"medie": 7.45, "reusita": 100.0, "cnt": 1}, "GENERAL": {"medie": 8.119005847953217, "reusita": 91.30434782608695, "cnt": 115}, "ANATOMIE SI FIZIOLOGIE UMANA, GENETICA SI ECOLOGIE UMANA": {"medie": "-", "reusita": 0.0, "cnt": 1}, "GEOGRAFIE": {"medie": 9.375, "reusita": 100.0, "cnt": 4}, "ISTORIE": {"medie": 7.652459016393442, "reusita": 96.72131147540983, "cnt": 61}, "LOGICA, ARGUMENTARE SI COMUNICARE": {"medie": 8.86435185185185, "reusita": 99.07407407407408, "cnt": 108}, "MATEMATICA ST-NAT": {"medie": 4.175, "reusita": 50.0, "cnt": 2}, "MATEMATICA PED": {"medie": 8.0875, "reusita": 94.23076923076923, "cnt": 52}, "PSIHOLOGIE": {"medie": 9.7, "reusita": 100.0, "cnt": 1}}, "nume": "COLEGIUL NATIONAL PEDAGOGIC \"CAROL I\" CAMPULUNG\tArge\u0219"}