{"specializari": {"TEHNICIAN IN ADMINISTRATIE": 1, "TEHNICIAN IN ACTIVITATI ECONOMICE": 154, "TEHNICIAN IN TURISM": 58, "TEHNICIAN IN GASTRONOMIE": 4, "TEHNICIAN IN ACTIVITATI DE COMERT": 22, "ORGANIZATOR BANQUETING": 22}, "limba_moderna": {"LIMBA ENGLEZA": 253, "LIMBA FRANCEZA": 7, "LIMBA GERMANA MODERNA": 1}, "limba_materna": {"LIMBA ROMANA": 261}, "promotie_anterioara": {"DA": 21, "NU": 240}, "materii": {"LIMBA ROMANA": {"medie": 6.559459459459462, "reusita": 92.33716475095785, "cnt": 261}, "MATEMATICA TEHN": {"medie": 6.212548262548263, "reusita": 84.2911877394636, "cnt": 261}, "GENERAL": {"medie": 6.775482625482625, "reusita": 72.03065134099617, "cnt": 261}, "GEOGRAFIE": {"medie": 7.409343434343432, "reusita": 93.46733668341709, "cnt": 199}, "LOGICA, ARGUMENTARE SI COMUNICARE": {"medie": 7.9390909090909085, "reusita": 94.54545454545455, "cnt": 55}, "ECONOMIE": {"medie": 8.285714285714285, "reusita": 100.0, "cnt": 7}}, "nume": "COLEGIUL ECONOMIC \"PARTENIE COSMA\" ORADEA\tBihor"}