{"specializari": {"MATEMATICA-INFORMATICA": 279, "STIINTE ALE NATURII": 35}, "limba_moderna": {"LIMBA ENGLEZA": 297, "LIMBA FRANCEZA": 14, "LIMBA GERMANA MODERNA": 2, "LIMBA SPANIOLA": 1}, "limba_materna": {"LIMBA ROMANA": 314}, "promotie_anterioara": {"NU": 314}, "materii": {"LIMBA ROMANA": {"medie": 9.143471337579617, "reusita": 100.0, "cnt": 314}, "BIOLOGIE VEGETALA SI ANIMALA": {"medie": 8.847499999999998, "reusita": 100.0, "cnt": 20}, "GENERAL": {"medie": 9.080138445154418, "reusita": 99.36305732484077, "cnt": 314}, "MATEMATICA MATE-INFO": {"medie": 8.857014388489212, "reusita": 99.6415770609319, "cnt": 279}, "ANATOMIE SI FIZIOLOGIE UMANA, GENETICA SI ECOLOGIE UMANA": {"medie": 9.031944444444443, "reusita": 100.0, "cnt": 36}, "FIZICA TEO": {"medie": 9.152654867256642, "reusita": 100.0, "cnt": 113}, "INFORMATICA MI C/C++": {"medie": 9.383088235294117, "reusita": 100.0, "cnt": 68}, "MATEMATICA ST-NAT": {"medie": 8.854285714285716, "reusita": 100.0, "cnt": 35}, "CHIMIE ORGANICA TEO NIVEL I/II": {"medie": 9.441447368421054, "reusita": 98.7012987012987, "cnt": 77}}, "nume": "COLEGIUL NATIONAL \"MIHAI VITEAZUL\"\tBucure\u0219ti"}