{"specializari": {"TEHNICIAN MULTIMEDIA": 13, "STIINTE SOCIALE": 1, "TEHNICIAN DESIGNER VESTIMENTAR": 16, "STIINTE ALE NATURII": 17, "MATEMATICA-INFORMATICA": 1, "TEHNICIAN PRODUCTIE FILM SI TELEVIZIUNE": 4, "TEHNICIAN OPERATOR TEHNICA DE CALCUL": 1, "TEHNICIAN IN INDUSTRIA TEXTILA": 2}, "limba_moderna": {"LIMBA ENGLEZA": 49, "LIMBA FRANCEZA": 6}, "limba_materna": {"LIMBA ROMANA": 55}, "promotie_anterioara": {"DA": 35, "NU": 20}, "materii": {"LIMBA ROMANA": {"medie": 6.125, "reusita": 87.27272727272727, "cnt": 55}, "MATEMATICA TEHN": {"medie": 5.2176470588235295, "reusita": 66.66666666666666, "cnt": 36}, "BIOLOGIE VEGETALA SI ANIMALA": {"medie": 5.162068965517241, "reusita": 61.76470588235294, "cnt": 34}, "GENERAL": {"medie": 5.727333333333332, "reusita": 40.0, "cnt": 55}, "MATEMATICA MATE-INFO": {"medie": 1.0, "reusita": 0.0, "cnt": 1}, "ANATOMIE SI FIZIOLOGIE UMANA, GENETICA SI ECOLOGIE UMANA": {"medie": 7.105882352941175, "reusita": 88.23529411764706, "cnt": 17}, "FIZICA TEO": {"medie": 4.275, "reusita": 50.0, "cnt": 2}, "ISTORIE": {"medie": 5.2, "reusita": 100.0, "cnt": 1}, "MATEMATICA ST-NAT": {"medie": 5.435294117647058, "reusita": 76.47058823529412, "cnt": 17}, "FIZICA TEH": {"medie": 5.0, "reusita": 100.0, "cnt": 1}, "SOCIOLOGIE": {"medie": 6.2, "reusita": 100.0, "cnt": 1}}, "nume": "COLEGIUL TEHNIC \"GHEORGHE ASACHI\"\tBucure\u0219ti"}