{"specializari": {"TEHNICIAN ECOLOG SI PROTECTIA CALITATII MEDIULUI": 26, "TEHNICIAN CHIMIST DE LABORATOR": 24, "TEHNICIAN IN CHIMIE INDUSTRIALA": 4, "COAFOR STILIST": 2}, "limba_moderna": {"LIMBA ENGLEZA": 52, "LIMBA FRANCEZA": 4}, "limba_materna": {"LIMBA ROMANA": 56}, "promotie_anterioara": {"NU": 43, "DA": 13}, "materii": {"LIMBA ROMANA": {"medie": 6.926363636363636, "reusita": 96.42857142857143, "cnt": 56}, "MATEMATICA TEHN": {"medie": 6.358181818181818, "reusita": 82.14285714285714, "cnt": 56}, "BIOLOGIE VEGETALA SI ANIMALA": {"medie": 6.238235294117648, "reusita": 76.47058823529412, "cnt": 17}, "GENERAL": {"medie": 6.708950617283953, "reusita": 60.71428571428571, "cnt": 56}, "ANATOMIE SI FIZIOLOGIE UMANA, GENETICA SI ECOLOGIE UMANA": {"medie": 7.415000000000001, "reusita": 90.0, "cnt": 20}, "GEOGRAFIE": {"medie": 5.0, "reusita": 100.0, "cnt": 1}, "LOGICA, ARGUMENTARE SI COMUNICARE": {"medie": 3.6, "reusita": 0.0, "cnt": 1}, "CHIMIE ANORGANICA TEH NIVEL I/II": {"medie": 6.157142857142857, "reusita": 78.57142857142857, "cnt": 14}, "FIZICA TEH": {"medie": 9.274999999999999, "reusita": 100.0, "cnt": 2}, "CHIMIE ORGANICA TEH NIVEL I/II": {"medie": 9.45, "reusita": 100.0, "cnt": 1}}, "nume": "COLEGIUL TEHNIC \"ANA ASLAN\" CLUJ-NAPOCA\tCluj"}