{"specializari": {"FILOLOGIE": 28, "STIINTE SOCIALE": 57, "MATEMATICA-INFORMATICA": 27}, "limba_moderna": {"LIMBA ENGLEZA": 112}, "limba_materna": {"LIMBA ROMANA": 112}, "promotie_anterioara": {"NU": 112}, "materii": {"LIMBA ROMANA": {"medie": 8.525892857142855, "reusita": 100.0, "cnt": 112}, "BIOLOGIE VEGETALA SI ANIMALA": {"medie": 9.583333333333334, "reusita": 100.0, "cnt": 3}, "GENERAL": {"medie": 8.856101190476187, "reusita": 98.21428571428571, "cnt": 112}, "MATEMATICA MATE-INFO": {"medie": 7.87037037037037, "reusita": 100.0, "cnt": 27}, "ANATOMIE SI FIZIOLOGIE UMANA, GENETICA SI ECOLOGIE UMANA": {"medie": 8.849999999999998, "reusita": 100.0, "cnt": 10}, "GEOGRAFIE": {"medie": 8.553846153846154, "reusita": 100.0, "cnt": 13}, "INFORMATICA MI C/C++": {"medie": 8.875, "reusita": 100.0, "cnt": 12}, "ISTORIE": {"medie": 9.115882352941178, "reusita": 100.0, "cnt": 85}, "FILOSOFIE": {"medie": 9.2, "reusita": 100.0, "cnt": 1}, "LOGICA, ARGUMENTARE SI COMUNICARE": {"medie": 9.503225806451617, "reusita": 100.0, "cnt": 62}, "PSIHOLOGIE": {"medie": 9.3875, "reusita": 100.0, "cnt": 4}, "CHIMIE ANORGANICA TEO NIVEL I/II": {"medie": 8.1, "reusita": 100.0, "cnt": 1}, "CHIMIE ORGANICA TEO NIVEL I/II": {"medie": 7.5, "reusita": 100.0, "cnt": 1}, "SOCIOLOGIE": {"medie": 9.7, "reusita": 100.0, "cnt": 3}, "ECONOMIE": {"medie": 8.899999999999999, "reusita": 100.0, "cnt": 2}}, "nume": "COLEGIUL NATIONAL \"GHEORGHE SINCAI\" CLUJ-NAPOCA\tCluj"}