{"specializari": {"FILOLOGIE": 61, "MATEMATICA-INFORMATICA": 60, "STIINTE SOCIALE": 64, "STIINTE ALE NATURII": 59}, "limba_moderna": {"LIMBA ENGLEZA": 210, "LIMBA FRANCEZA": 30, "LIMBA GERMANA MODERNA": 4}, "limba_materna": {"LIMBA ROMANA": 244}, "promotie_anterioara": {"DA": 1, "NU": 243}, "materii": {"LIMBA ROMANA": {"medie": 8.470247933884298, "reusita": 99.18032786885246, "cnt": 244}, "GENERAL": {"medie": 8.53775933609958, "reusita": 98.36065573770492, "cnt": 244}, "MATEMATICA MATE-INFO": {"medie": 7.990833333333334, "reusita": 100.0, "cnt": 60}, "ANATOMIE SI FIZIOLOGIE UMANA, GENETICA SI ECOLOGIE UMANA": {"medie": 8.607638888888888, "reusita": 98.63013698630137, "cnt": 73}, "FIZICA TEO": {"medie": 8.523076923076923, "reusita": 100.0, "cnt": 13}, "GEOGRAFIE": {"medie": 9.530000000000003, "reusita": 100.0, "cnt": 30}, "INFORMATICA MI C/C++": {"medie": 8.452, "reusita": 100.0, "cnt": 25}, "ISTORIE": {"medie": 8.345967741935485, "reusita": 99.2, "cnt": 125}, "LOGICA, ARGUMENTARE SI COMUNICARE": {"medie": 9.013698630136982, "reusita": 100.0, "cnt": 73}, "MATEMATICA ST-NAT": {"medie": 8.347368421052629, "reusita": 96.61016949152543, "cnt": 59}, "PSIHOLOGIE": {"medie": 9.214285714285714, "reusita": 100.0, "cnt": 7}, "CHIMIE ORGANICA TEO NIVEL I/II": {"medie": 8.916666666666666, "reusita": 100.0, "cnt": 6}, "SOCIOLOGIE": {"medie": 9.100000000000001, "reusita": 90.0, "cnt": 10}, "INFORMATICA SN C/C++": {"medie": 9.85, "reusita": 100.0, "cnt": 2}, "ECONOMIE": {"medie": 8.16, "reusita": 100.0, "cnt": 5}}, "nume": "COLEGIUL NATIONAL \"VASILE ALECSANDRI\" BACAU\tBac\u0103u"}