{"specializari": {"TEHNICIAN DESENATOR PENTRU CONSTRUCTII SI INSTALATII": 3, "TEHNICIAN IN TURISM": 27, "TEHNICIAN ECOLOG SI PROTECTIA CALITATII MEDIULUI": 13, "TEHNICIAN IN CONSTRUCTII SI LUCRARI PUBLICE": 1, "TEHNICIAN PROIECTANT CAD": 4, "TEHNICIAN MECATRONIST": 1, "TEHNICIAN OPERATOR TEHNICA DE CALCUL": 1}, "limba_moderna": {"LIMBA ENGLEZA": 40, "LIMBA FRANCEZA": 10}, "limba_materna": {"LIMBA ROMANA": 50}, "promotie_anterioara": {"DA": 25, "NU": 25}, "materii": {"LIMBA ROMANA": {"medie": 5.657142857142856, "reusita": 76.0, "cnt": 50}, "MATEMATICA TEHN": {"medie": 4.7909999999999995, "reusita": 60.0, "cnt": 50}, "BIOLOGIE VEGETALA SI ANIMALA": {"medie": 6.05, "reusita": 83.33333333333334, "cnt": 12}, "GENERAL": {"medie": 5.343537414965985, "reusita": 30.0, "cnt": 50}, "ANATOMIE SI FIZIOLOGIE UMANA, GENETICA SI ECOLOGIE UMANA": {"medie": 4.386363636363637, "reusita": 54.54545454545454, "cnt": 11}, "GEOGRAFIE": {"medie": 6.015384615384617, "reusita": 84.61538461538461, "cnt": 26}, "ECONOMIE": {"medie": 2.55, "reusita": 0.0, "cnt": 1}}, "nume": "COLEGIUL TEHNIC \"ION MINCU\" TG-JIU\tGorj"}