{"specializari": {"TEHNICIAN IN TURISM": 20, "ORGANIZATOR BANQUETING": 29, "TEHNICIAN MECATRONIST": 6, "LICEU CU PROGRAM SPORTIV": 29, "TEHNICIAN MECANIC PENTRU INTRETINERE SI REPARATII": 3, "TEHNICIAN TRANSPORTURI": 1, "MATEMATICA-INFORMATICA": 5, "TEHNICIAN IN PRELUCRAREA LEMNULUI": 1, "TEHNICIAN IN AUTOMATIZARI": 1}, "limba_moderna": {"LIMBA ENGLEZA": 95}, "limba_materna": {"LIMBA ROMANA": 95}, "promotie_anterioara": {"DA": 26, "NU": 69}, "materii": {"LIMBA ROMANA": {"medie": 5.761111111111112, "reusita": 80.0, "cnt": 95}, "MATEMATICA TEHN": {"medie": 4.572321428571428, "reusita": 54.09836065573771, "cnt": 61}, "BIOLOGIE VEGETALA SI ANIMALA": {"medie": 5.996153846153846, "reusita": 66.66666666666666, "cnt": 15}, "GENERAL": {"medie": 5.654705882352943, "reusita": 41.05263157894737, "cnt": 95}, "MATEMATICA MATE-INFO": {"medie": 3.1500000000000004, "reusita": 20.0, "cnt": 5}, "GEOGRAFIE": {"medie": 6.545901639344261, "reusita": 82.8125, "cnt": 64}, "ISTORIE": {"medie": 4.91206896551724, "reusita": 72.41379310344827, "cnt": 29}, "LOGICA, ARGUMENTARE SI COMUNICARE": {"medie": 5.9449999999999985, "reusita": 54.54545454545454, "cnt": 11}, "CHIMIE ANORGANICA TEH NIVEL I/II": {"medie": 5.025, "reusita": 50.0, "cnt": 2}, "PSIHOLOGIE": {"medie": 7.9750000000000005, "reusita": 66.66666666666666, "cnt": 3}}, "nume": "COLEGIUL TEHNIC \"DINICU GOLESCU\"\tBucure\u0219ti"}