{"specializari": {"TEHNICIAN ANALIZE PRODUSE ALIMENTARE": 12, "TEHNICIAN IN MORARIT, PANIFICATIE SI PRODUSE FAINOASE": 13, "TEHNICIAN IN PRELUCRAREA PRODUSELOR DE ORIGINE ANIMALA": 10, "TEHNICIAN IN INDUSTRIA ALIMENTARA": 21, "TEHNICIAN IN IND. ALIM. FERMENTATIVA SI IN PREL. LEGUMELOR SI FRUCTELOR": 4, "TEHNICIAN IN GASTRONOMIE": 40}, "limba_moderna": {"LIMBA ENGLEZA": 83, "LIMBA FRANCEZA": 17}, "limba_materna": {"LIMBA ROMANA": 100}, "promotie_anterioara": {"DA": 45, "NU": 55}, "materii": {"LIMBA ROMANA": {"medie": 6.471717171717171, "reusita": 93.0, "cnt": 100}, "MATEMATICA TEHN": {"medie": 6.002040816326533, "reusita": 80.0, "cnt": 100}, "BIOLOGIE VEGETALA SI ANIMALA": {"medie": 5.87, "reusita": 80.0, "cnt": 5}, "GENERAL": {"medie": 6.402604166666666, "reusita": 55.00000000000001, "cnt": 100}, "ANATOMIE SI FIZIOLOGIE UMANA, GENETICA SI ECOLOGIE UMANA": {"medie": 5.371428571428571, "reusita": 68.62745098039215, "cnt": 51}, "GEOGRAFIE": {"medie": 8.399999999999999, "reusita": 92.85714285714286, "cnt": 14}, "LOGICA, ARGUMENTARE SI COMUNICARE": {"medie": 8.221153846153847, "reusita": 96.15384615384616, "cnt": 26}, "CHIMIE ANORGANICA TEH NIVEL I/II": {"medie": 5.3, "reusita": 50.0, "cnt": 4}}, "nume": "COLEGIUL DE INDUSTRIE ALIMENTARA \"ELENA DOAMNA\", LOCALITATEA GALATI\tGala\u021bi"}