{"specializari": {"TEHNICIAN IN INDUSTRIA ALIMENTARA": 2, "MATEMATICA-INFORMATICA": 5, "TEHNICIAN ECOLOG SI PROTECTIA CALITATII MEDIULUI": 6, "ORGANIZATOR BANQUETING": 6, "TEHNICIAN ANALIZE PRODUSE ALIMENTARE": 12, "TEHNICIAN MECANIC PENTRU INTRETINERE SI REPARATII": 1, "TEHNICIAN IN INDUSTRIA TEXTILA": 5}, "limba_moderna": {"LIMBA ENGLEZA": 33, "LIMBA FRANCEZA": 4}, "limba_materna": {"LIMBA ROMANA": 37}, "promotie_anterioara": {"DA": 10, "NU": 27}, "materii": {"LIMBA ROMANA": {"medie": 5.782432432432434, "reusita": 86.48648648648648, "cnt": 37}, "MATEMATICA TEHN": {"medie": 5.4375, "reusita": 78.125, "cnt": 32}, "BIOLOGIE VEGETALA SI ANIMALA": {"medie": 3.983333333333333, "reusita": 25.0, "cnt": 4}, "GENERAL": {"medie": 5.776851851851852, "reusita": 45.94594594594595, "cnt": 37}, "MATEMATICA MATE-INFO": {"medie": 3.6100000000000003, "reusita": 40.0, "cnt": 5}, "ANATOMIE SI FIZIOLOGIE UMANA, GENETICA SI ECOLOGIE UMANA": {"medie": 6.9350000000000005, "reusita": 100.0, "cnt": 20}, "FIZICA TEO": {"medie": 3.7, "reusita": 0.0, "cnt": 1}, "GEOGRAFIE": {"medie": 8.575, "reusita": 100.0, "cnt": 6}, "INFORMATICA MI C/C++": {"medie": 2.8333333333333335, "reusita": 33.33333333333333, "cnt": 3}, "FIZICA TEH": {"medie": 5.3, "reusita": 66.66666666666666, "cnt": 3}}, "nume": "COLEGIUL TEHNIC \"DANUBIANA\", MUNICIPIUL ROMAN\tNeam\u021b"}