{"specializari": {"TEHNICIAN IN ACTIVITATI ECONOMICE": 60, "TEHNICIAN IN TURISM": 31, "TEHNICIAN ECOLOG SI PROTECTIA CALITATII MEDIULUI": 20, "TEHNICIAN OPERATOR TEHNICA DE CALCUL": 5, "TEHNICIAN PROIECTANT CAD": 8, "TEHNICIAN DESENATOR PENTRU CONSTRUCTII SI INSTALATII": 5, "MATEMATICA-INFORMATICA": 2}, "limba_moderna": {"LIMBA FRANCEZA": 18, "LIMBA ENGLEZA": 113}, "limba_materna": {"LIMBA ROMANA": 131}, "promotie_anterioara": {"DA": 32, "NU": 99}, "materii": {"LIMBA ROMANA": {"medie": 6.0165354330708665, "reusita": 80.1526717557252, "cnt": 131}, "MATEMATICA TEHN": {"medie": 4.648333333333334, "reusita": 50.3875968992248, "cnt": 129}, "BIOLOGIE VEGETALA SI ANIMALA": {"medie": 4.747619047619048, "reusita": 50.0, "cnt": 24}, "GENERAL": {"medie": 5.812672176308542, "reusita": 33.587786259541986, "cnt": 131}, "MATEMATICA MATE-INFO": {"medie": 3.725, "reusita": 50.0, "cnt": 2}, "ANATOMIE SI FIZIOLOGIE UMANA, GENETICA SI ECOLOGIE UMANA": {"medie": 4.640000000000001, "reusita": 46.666666666666664, "cnt": 15}, "GEOGRAFIE": {"medie": 7.375280898876402, "reusita": 91.20879120879121, "cnt": 91}, "FIZICA TEH": {"medie": 7.8, "reusita": 100.0, "cnt": 1}}, "nume": "COLEGIUL TEHNIC \"ION MINCU\" FOCSANI\tVrancea"}