{"specializari": {"STIINTE ALE NATURII": 63, "FILOLOGIE": 59, "MATEMATICA-INFORMATICA": 86, "STIINTE SOCIALE": 35}, "limba_moderna": {"LIMBA ENGLEZA": 208, "LIMBA JAPONEZA": 19, "LIMBA FRANCEZA": 16}, "limba_materna": {"LIMBA ROMANA": 243}, "promotie_anterioara": {"NU": 243}, "materii": {"LIMBA ROMANA": {"medie": 8.420164609053497, "reusita": 100.0, "cnt": 243}, "BIOLOGIE VEGETALA SI ANIMALA": {"medie": 7.6, "reusita": 100.0, "cnt": 1}, "GENERAL": {"medie": 8.714746227709195, "reusita": 98.76543209876543, "cnt": 243}, "MATEMATICA MATE-INFO": {"medie": 8.747093023255815, "reusita": 100.0, "cnt": 86}, "ANATOMIE SI FIZIOLOGIE UMANA, GENETICA SI ECOLOGIE UMANA": {"medie": 8.865116279069767, "reusita": 100.0, "cnt": 43}, "FIZICA TEO": {"medie": 8.899056603773584, "reusita": 98.11320754716981, "cnt": 53}, "GEOGRAFIE": {"medie": 9.273809523809524, "reusita": 100.0, "cnt": 21}, "INFORMATICA MI C/C++": {"medie": 8.857692307692307, "reusita": 100.0, "cnt": 26}, "ISTORIE": {"medie": 8.742021276595747, "reusita": 100.0, "cnt": 94}, "FILOSOFIE": {"medie": 9.766666666666666, "reusita": 100.0, "cnt": 3}, "LOGICA, ARGUMENTARE SI COMUNICARE": {"medie": 9.545588235294119, "reusita": 100.0, "cnt": 34}, "MATEMATICA ST-NAT": {"medie": 8.44761904761905, "reusita": 100.0, "cnt": 63}, "PSIHOLOGIE": {"medie": 9.549999999999999, "reusita": 100.0, "cnt": 6}, "CHIMIE ANORGANICA TEO NIVEL I/II": {"medie": 8.0, "reusita": 100.0, "cnt": 1}, "CHIMIE ORGANICA TEO NIVEL I/II": {"medie": 9.325000000000001, "reusita": 100.0, "cnt": 24}, "SOCIOLOGIE": {"medie": 9.328125, "reusita": 100.0, "cnt": 16}, "INFORMATICA SN C/C++": {"medie": 9.05, "reusita": 100.0, "cnt": 1}, "ECONOMIE": {"medie": 8.142857142857142, "reusita": 92.85714285714286, "cnt": 14}}, "nume": "COLEGIUL NATIONAL \"ION CREANGA\"\tBucure\u0219ti"}