{"specializari": {"MUZICA": 33, "ARTE PLASTICE SI DECORATIVE": 31, "ARHITECTURA, ARTE AMBIENTALE SI DESIGN": 29, "ARTA ACTORULUI": 28}, "limba_moderna": {"LIMBA ENGLEZA": 121}, "limba_materna": {"LIMBA ROMANA": 121}, "promotie_anterioara": {"NU": 111, "DA": 10}, "materii": {"LIMBA ROMANA": {"medie": 7.367768595041324, "reusita": 97.52066115702479, "cnt": 121}, "GENERAL": {"medie": 7.343137254901962, "reusita": 76.85950413223141, "cnt": 121}, "GEOGRAFIE": {"medie": 7.999999999999998, "reusita": 98.71794871794873, "cnt": 78}, "ISTORIE": {"medie": 6.79831932773109, "reusita": 87.60330578512396, "cnt": 121}, "FILOSOFIE": {"medie": 6.9, "reusita": 100.0, "cnt": 2}, "LOGICA, ARGUMENTARE SI COMUNICARE": {"medie": 7.9312499999999995, "reusita": 75.0, "cnt": 8}, "PSIHOLOGIE": {"medie": 7.4625, "reusita": 93.93939393939394, "cnt": 33}}, "nume": "COLEGIUL DE ARTE \"SABIN DRAGOI\" ARAD\tArad"}