{"specializari": {"MATEMATICA-INFORMATICA": 146}, "limba_moderna": {"LIMBA ENGLEZA": 138, "LIMBA GERMANA MODERNA": 7, "LIMBA FRANCEZA": 1}, "limba_materna": {"LIMBA ROMANA": 146}, "promotie_anterioara": {"NU": 145, "DA": 1}, "materii": {"LIMBA ROMANA": {"medie": 8.599657534246571, "reusita": 100.0, "cnt": 146}, "BIOLOGIE VEGETALA SI ANIMALA": {"medie": 9.15, "reusita": 100.0, "cnt": 1}, "GENERAL": {"medie": 8.686986301369863, "reusita": 99.31506849315068, "cnt": 146}, "MATEMATICA MATE-INFO": {"medie": 8.55650684931507, "reusita": 100.0, "cnt": 146}, "ANATOMIE SI FIZIOLOGIE UMANA, GENETICA SI ECOLOGIE UMANA": {"medie": 8.803703703703702, "reusita": 98.14814814814815, "cnt": 54}, "FIZICA TEO": {"medie": 8.510000000000002, "reusita": 100.0, "cnt": 5}, "INFORMATICA MI C/C++": {"medie": 8.967469879518074, "reusita": 100.0, "cnt": 83}, "CHIMIE ANORGANICA TEO NIVEL I/II": {"medie": 9.35, "reusita": 100.0, "cnt": 1}, "CHIMIE ORGANICA TEO NIVEL I/II": {"medie": 9.675, "reusita": 100.0, "cnt": 2}}, "nume": "COLEGIUL NATIONAL DE INFORMATICA \"GR. MOISIL\" BRASOV\tBra\u0219ov"}