{"specializari": {"MATEMATICA-INFORMATICA": 80, "FILOLOGIE": 58, "STIINTE ALE NATURII": 33, "MUZICA": 1}, "limba_moderna": {"LIMBA ENGLEZA": 165, "LIMBA FRANCEZA": 7}, "limba_materna": {"LIMBA ROMANA": 172}, "promotie_anterioara": {"DA": 15, "NU": 157}, "materii": {"LIMBA ROMANA": {"medie": 7.372781065088756, "reusita": 90.69767441860465, "cnt": 172}, "GENERAL": {"medie": 7.202380952380955, "reusita": 73.83720930232558, "cnt": 172}, "MATEMATICA MATE-INFO": {"medie": 6.460389610389613, "reusita": 78.75, "cnt": 80}, "ANATOMIE SI FIZIOLOGIE UMANA, GENETICA SI ECOLOGIE UMANA": {"medie": 7.08258426966292, "reusita": 85.86956521739131, "cnt": 92}, "FIZICA TEO": {"medie": 8.218181818181819, "reusita": 90.9090909090909, "cnt": 11}, "GEOGRAFIE": {"medie": 8.697560975609756, "reusita": 100.0, "cnt": 41}, "INFORMATICA MI C/C++": {"medie": 9.165000000000003, "reusita": 100.0, "cnt": 10}, "ISTORIE": {"medie": 7.457627118644068, "reusita": 94.91525423728814, "cnt": 59}, "LOGICA, ARGUMENTARE SI COMUNICARE": {"medie": 7.6000000000000005, "reusita": 100.0, "cnt": 3}, "MATEMATICA ST-NAT": {"medie": 4.650000000000001, "reusita": 60.60606060606061, "cnt": 33}, "PSIHOLOGIE": {"medie": 8.75, "reusita": 100.0, "cnt": 5}, "SOCIOLOGIE": {"medie": 7.783333333333334, "reusita": 100.0, "cnt": 6}, "ECONOMIE": {"medie": 7.0625, "reusita": 75.0, "cnt": 4}}, "nume": "COLEGIUL NATIONAL \"ANASTASESCU\" ROSIORI DE VEDE\tTeleorman"}