{"specializari": {"TEOLOGIE REFORMATA": 29, "MATEMATICA-INFORMATICA": 12, "STIINTE ALE NATURII": 14}, "limba_moderna": {"LIMBA ENGLEZA": 55}, "limba_materna": {"LIMBA MAGHIARA": 55}, "promotie_anterioara": {"NU": 53, "DA": 2}, "materii": {"LIMBA ROMANA": {"medie": 5.934545454545455, "reusita": 85.45454545454545, "cnt": 55}, "GENERAL": {"medie": 7.222272727272728, "reusita": 76.36363636363637, "cnt": 55}, "MATEMATICA MATE-INFO": {"medie": 7.762500000000002, "reusita": 100.0, "cnt": 12}, "ANATOMIE SI FIZIOLOGIE UMANA, GENETICA SI ECOLOGIE UMANA": {"medie": 7.654761904761905, "reusita": 100.0, "cnt": 21}, "GEOGRAFIE": {"medie": 8.200000000000001, "reusita": 100.0, "cnt": 27}, "INFORMATICA MI C/C++": {"medie": 7.825, "reusita": 100.0, "cnt": 4}, "ISTORIE": {"medie": 5.505172413793103, "reusita": 72.41379310344827, "cnt": 29}, "LIMBA MAGHIARA (REAL)": {"medie": 8.449090909090911, "reusita": 100.0, "cnt": 55}, "MATEMATICA ST-NAT": {"medie": 7.692857142857145, "reusita": 100.0, "cnt": 14}, "PSIHOLOGIE": {"medie": 7.0, "reusita": 100.0, "cnt": 1}, "CHIMIE ORGANICA TEO NIVEL I/II": {"medie": 8.85, "reusita": 100.0, "cnt": 1}, "ECONOMIE": {"medie": 8.0, "reusita": 100.0, "cnt": 1}}, "nume": "COLEGIUL REFORMAT \"BACZKAMADARASI KIS GERGELY\" ODORHEIU SECUIESC\tHarghita"}