{"specializari": {"MATEMATICA-INFORMATICA": 38, "STIINTE ALE NATURII": 11, "STIINTE SOCIALE": 21, "FILOLOGIE": 52}, "limba_moderna": {"LIMBA ENGLEZA": 99, "LIMBA ITALIANA": 21, "LIMBA FRANCEZA": 2}, "limba_materna": {"LIMBA ROMANA": 122}, "promotie_anterioara": {"DA": 9, "NU": 113}, "materii": {"LIMBA ROMANA": {"medie": 7.842213114754096, "reusita": 100.0, "cnt": 122}, "GENERAL": {"medie": 7.789944903581268, "reusita": 86.88524590163934, "cnt": 122}, "MATEMATICA MATE-INFO": {"medie": 7.631578947368421, "reusita": 94.73684210526315, "cnt": 38}, "ANATOMIE SI FIZIOLOGIE UMANA, GENETICA SI ECOLOGIE UMANA": {"medie": 7.508823529411764, "reusita": 91.17647058823529, "cnt": 34}, "FIZICA TEO": {"medie": 10.0, "reusita": 100.0, "cnt": 1}, "GEOGRAFIE": {"medie": 8.555072463768116, "reusita": 98.57142857142858, "cnt": 70}, "INFORMATICA MI C/C++": {"medie": 8.354545454545454, "reusita": 100.0, "cnt": 11}, "ISTORIE": {"medie": 7.458904109589048, "reusita": 100.0, "cnt": 73}, "MATEMATICA ST-NAT": {"medie": 4.300000000000001, "reusita": 45.45454545454545, "cnt": 11}, "PSIHOLOGIE": {"medie": 8.5, "reusita": 100.0, "cnt": 2}, "CHIMIE ANORGANICA TEO NIVEL I/II": {"medie": 7.3, "reusita": 100.0, "cnt": 1}, "CHIMIE ORGANICA TEO NIVEL I/II": {"medie": 9.25, "reusita": 100.0, "cnt": 2}, "ECONOMIE": {"medie": 9.9, "reusita": 100.0, "cnt": 1}}, "nume": "COLEGIUL NATIONAL \"NICOLAE TITULESCU\" PUCIOASA\tD\u00e2mbovi\u021ba"}