{"specializari": {"MATEMATICA-INFORMATICA": 98, "FILOLOGIE": 58, "STIINTE ALE NATURII": 36, "STIINTE SOCIALE": 29}, "limba_moderna": {"LIMBA ENGLEZA": 215, "LIMBA FRANCEZA": 6}, "limba_materna": {"LIMBA ROMANA": 221}, "promotie_anterioara": {"NU": 218, "DA": 3}, "materii": {"LIMBA ROMANA": {"medie": 8.876470588235291, "reusita": 100.0, "cnt": 221}, "GENERAL": {"medie": 8.906938159879335, "reusita": 97.73755656108597, "cnt": 221}, "MATEMATICA MATE-INFO": {"medie": 8.818367346938775, "reusita": 100.0, "cnt": 98}, "ANATOMIE SI FIZIOLOGIE UMANA, GENETICA SI ECOLOGIE UMANA": {"medie": 8.87625, "reusita": 100.0, "cnt": 40}, "FIZICA TEO": {"medie": 9.243333333333334, "reusita": 96.66666666666667, "cnt": 30}, "GEOGRAFIE": {"medie": 9.288596491228072, "reusita": 100.0, "cnt": 57}, "INFORMATICA MI C/C++": {"medie": 8.93235294117647, "reusita": 100.0, "cnt": 34}, "ISTORIE": {"medie": 8.860344827586209, "reusita": 100.0, "cnt": 87}, "LOGICA, ARGUMENTARE SI COMUNICARE": {"medie": 9.7, "reusita": 100.0, "cnt": 1}, "MATEMATICA ST-NAT": {"medie": 7.865277777777777, "reusita": 100.0, "cnt": 36}, "PSIHOLOGIE": {"medie": 9.642307692307693, "reusita": 100.0, "cnt": 13}, "CHIMIE ANORGANICA TEO NIVEL I/II": {"medie": 8.3, "reusita": 100.0, "cnt": 1}, "CHIMIE ORGANICA TEO NIVEL I/II": {"medie": 9.450000000000003, "reusita": 100.0, "cnt": 29}, "ECONOMIE": {"medie": 8.90625, "reusita": 100.0, "cnt": 16}}, "nume": "COLEGIUL NATIONAL \"IENACHITA VACARESCU\" TARGOVISTE\tD\u00e2mbovi\u021ba"}