{"specializari": {"MATEMATICA-INFORMATICA": 26, "STIINTE ALE NATURII": 11, "FILOLOGIE": 66, "STIINTE SOCIALE": 22}, "limba_moderna": {"LIMBA FRANCEZA": 56, "LIMBA ENGLEZA": 69}, "limba_materna": {"LIMBA ROMANA": 125}, "promotie_anterioara": {"NU": 112, "DA": 13}, "materii": {"LIMBA ROMANA": {"medie": 7.354838709677419, "reusita": 98.4, "cnt": 125}, "GENERAL": {"medie": 7.360433604336045, "reusita": 80.0, "cnt": 125}, "MATEMATICA MATE-INFO": {"medie": 7.5442307692307695, "reusita": 100.0, "cnt": 26}, "ANATOMIE SI FIZIOLOGIE UMANA, GENETICA SI ECOLOGIE UMANA": {"medie": 7.949999999999999, "reusita": 96.0, "cnt": 25}, "FIZICA TEO": {"medie": 8.166666666666666, "reusita": 100.0, "cnt": 3}, "GEOGRAFIE": {"medie": 8.399999999999999, "reusita": 98.80952380952381, "cnt": 84}, "INFORMATICA MI C/C++": {"medie": 7.292857142857143, "reusita": 85.71428571428571, "cnt": 7}, "ISTORIE": {"medie": 6.3471590909090905, "reusita": 93.18181818181817, "cnt": 88}, "MATEMATICA ST-NAT": {"medie": 4.577272727272727, "reusita": 63.63636363636363, "cnt": 11}, "PSIHOLOGIE": {"medie": 9.7, "reusita": 100.0, "cnt": 1}, "CHIMIE ORGANICA TEO NIVEL I/II": {"medie": 6.1, "reusita": 100.0, "cnt": 2}, "SOCIOLOGIE": {"medie": 8.9, "reusita": 100.0, "cnt": 3}}, "nume": "COLEGIUL NATIONAL \"COSTACHE NEGRI\" TARGU OCNA\tBac\u0103u"}