{"specializari": {"FILOLOGIE": 72, "TEHNICIAN IN TURISM": 10}, "limba_moderna": {"LIMBA ENGLEZA": 80, "LIMBA FRANCEZA": 2}, "limba_materna": {"LIMBA ROMANA": 82}, "promotie_anterioara": {"DA": 27, "NU": 55}, "materii": {"LIMBA ROMANA": {"medie": 6.484, "reusita": 86.58536585365853, "cnt": 82}, "MATEMATICA TEHN": {"medie": 3.8444444444444446, "reusita": 30.0, "cnt": 10}, "GENERAL": {"medie": 6.696296296296299, "reusita": 57.3170731707317, "cnt": 82}, "GEOGRAFIE": {"medie": 7.593548387096774, "reusita": 84.05797101449275, "cnt": 69}, "ISTORIE": {"medie": 6.1106060606060595, "reusita": 76.38888888888889, "cnt": 72}, "FILOSOFIE": {"medie": 6.65, "reusita": 100.0, "cnt": 1}, "LOGICA, ARGUMENTARE SI COMUNICARE": {"medie": 6.1499999999999995, "reusita": 50.0, "cnt": 4}, "PSIHOLOGIE": {"medie": 7.449999999999999, "reusita": 100.0, "cnt": 2}, "SOCIOLOGIE": {"medie": 9.05, "reusita": 100.0, "cnt": 5}, "ECONOMIE": {"medie": 7.7, "reusita": 100.0, "cnt": 1}}, "nume": "COMPLEXUL SCOLAR \"CRONOS\"\tBucure\u0219ti"}