{"specializari": {"STIINTE SOCIALE": 12, "MATEMATICA-INFORMATICA": 10}, "limba_moderna": {"LIMBA EBRAICA": 7, "LIMBA ENGLEZA": 9, "LIMBA FRANCEZA": 1, "LIMBA GERMANA MODERNA": 4, "LIMBA ITALIANA": 1}, "limba_materna": {"LIMBA ROMANA": 22}, "promotie_anterioara": {"NU": 22}, "materii": {"LIMBA ROMANA": {"medie": 8.888636363636364, "reusita": 100.0, "cnt": 22}, "GENERAL": {"medie": 9.132575757575761, "reusita": 100.0, "cnt": 22}, "MATEMATICA MATE-INFO": {"medie": 9.004999999999999, "reusita": 100.0, "cnt": 10}, "FIZICA TEO": {"medie": 8.67, "reusita": 100.0, "cnt": 5}, "GEOGRAFIE": {"medie": 8.9, "reusita": 100.0, "cnt": 1}, "INFORMATICA MI C/C++": {"medie": 10.0, "reusita": 100.0, "cnt": 1}, "ISTORIE": {"medie": 9.279166666666667, "reusita": 100.0, "cnt": 12}, "FILOSOFIE": {"medie": 8.8, "reusita": 100.0, "cnt": 1}, "PSIHOLOGIE": {"medie": 9.4, "reusita": 100.0, "cnt": 1}, "CHIMIE ORGANICA TEO NIVEL I/II": {"medie": 9.412500000000001, "reusita": 100.0, "cnt": 4}, "SOCIOLOGIE": {"medie": 9.744444444444445, "reusita": 100.0, "cnt": 9}}, "nume": "COMPLEXUL EDUCATIONAL LAUDE-REUT\tBucure\u0219ti"}