{"specializari": {"LICEU CU PROGRAM SPORTIV": 86}, "limba_moderna": {"LIMBA ENGLEZA": 81, "LIMBA FRANCEZA": 5}, "limba_materna": {"LIMBA ROMANA": 86}, "promotie_anterioara": {"DA": 11, "NU": 75}, "materii": {"LIMBA ROMANA": {"medie": 5.832352941176469, "reusita": 84.88372093023256, "cnt": 86}, "GENERAL": {"medie": 6.474698795180726, "reusita": 65.11627906976744, "cnt": 86}, "GEOGRAFIE": {"medie": 7.202777777777778, "reusita": 90.54054054054053, "cnt": 74}, "ISTORIE": {"medie": 6.454761904761902, "reusita": 88.37209302325581, "cnt": 86}, "FILOSOFIE": {"medie": 7.475, "reusita": 100.0, "cnt": 2}, "LOGICA, ARGUMENTARE SI COMUNICARE": {"medie": 5.795, "reusita": 60.0, "cnt": 10}}, "nume": "LICEUL CU PROGRAM SPORTIV FOCSANI\tVrancea"}