{"specializari": {"LICEU CU PROGRAM SPORTIV": 48}, "limba_moderna": {"LIMBA ENGLEZA": 48}, "limba_materna": {"LIMBA ROMANA": 48}, "promotie_anterioara": {"DA": 19, "NU": 29}, "materii": {"LIMBA ROMANA": {"medie": 5.512499999999999, "reusita": 79.16666666666666, "cnt": 48}, "GENERAL": {"medie": 5.823983739837399, "reusita": 39.58333333333333, "cnt": 48}, "GEOGRAFIE": {"medie": 7.027272727272728, "reusita": 89.36170212765957, "cnt": 47}, "ISTORIE": {"medie": 4.863636363636363, "reusita": 64.58333333333334, "cnt": 48}, "LOGICA, ARGUMENTARE SI COMUNICARE": {"medie": "-", "reusita": 0.0, "cnt": 1}}, "nume": "LICEUL CU PROGRAM SPORTIV ARAD\tArad"}