{"specializari": {"STIINTE ALE NATURII": 14}, "limba_moderna": {"LIMBA ENGLEZA": 14}, "limba_materna": {"LIMBA ROMANA": 14}, "promotie_anterioara": {"NU": 14}, "materii": {"LIMBA ROMANA": {"medie": 7.621428571428571, "reusita": 92.85714285714286, "cnt": 14}, "GENERAL": {"medie": 7.6297619047619065, "reusita": 85.71428571428571, "cnt": 14}, "ANATOMIE SI FIZIOLOGIE UMANA, GENETICA SI ECOLOGIE UMANA": {"medie": 7.723076923076922, "reusita": 100.0, "cnt": 13}, "MATEMATICA ST-NAT": {"medie": 7.417857142857144, "reusita": 100.0, "cnt": 14}, "CHIMIE ORGANICA TEO NIVEL I/II": {"medie": 9.5, "reusita": 100.0, "cnt": 1}}, "nume": "LICEUL CRESTIN \"LOGOS\" BISTRITA\tBistri\u021ba-N\u0103s\u0103ud"}