{"specializari": {"FILOLOGIE": 32, "LICEU CU PROGRAM SPORTIV": 129}, "limba_moderna": {"LIMBA ENGLEZA": 158, "LIMBA FRANCEZA": 3}, "limba_materna": {"LIMBA ROMANA": 161}, "promotie_anterioara": {"DA": 28, "NU": 133}, "materii": {"LIMBA ROMANA": {"medie": 5.559935897435899, "reusita": 72.04968944099379, "cnt": 161}, "GENERAL": {"medie": 5.482891832229583, "reusita": 37.88819875776397, "cnt": 161}, "GEOGRAFIE": {"medie": 6.741836734693879, "reusita": 82.0, "cnt": 50}, "ISTORIE": {"medie": 5.088709677419359, "reusita": 55.90062111801242, "cnt": 161}, "LOGICA, ARGUMENTARE SI COMUNICARE": {"medie": 5.315533980582526, "reusita": 51.81818181818182, "cnt": 110}, "PSIHOLOGIE": {"medie": 9.35, "reusita": 100.0, "cnt": 1}}, "nume": "LICEUL CU PROGRAM SPORTIV SUCEAVA\tSuceava"}