{"specializari": {"TEHNICIAN IN ACTIVITATI ECONOMICE": 27, "STIINTE SOCIALE": 31, "TEHNICIAN IN CONSTRUCTII SI LUCRARI PUBLICE": 1, "STIINTE ALE NATURII": 24, "MATEMATICA-INFORMATICA": 2, "TEHNICIAN IN AGRICULTURA": 1}, "limba_moderna": {"LIMBA ENGLEZA": 86}, "limba_materna": {"LIMBA ROMANA": 86}, "promotie_anterioara": {"DA": 14, "NU": 72}, "materii": {"LIMBA ROMANA": {"medie": 6.421341463414634, "reusita": 83.72093023255815, "cnt": 86}, "MATEMATICA TEHN": {"medie": 3.5652173913043477, "reusita": 27.586206896551722, "cnt": 29}, "BIOLOGIE VEGETALA SI ANIMALA": {"medie": 2.5, "reusita": 0.0, "cnt": 1}, "GENERAL": {"medie": 6.040888888888888, "reusita": 43.02325581395349, "cnt": 86}, "MATEMATICA MATE-INFO": {"medie": 5.05, "reusita": 50.0, "cnt": 2}, "ANATOMIE SI FIZIOLOGIE UMANA, GENETICA SI ECOLOGIE UMANA": {"medie": 5.965999999999999, "reusita": 65.38461538461539, "cnt": 26}, "GEOGRAFIE": {"medie": 7.435714285714286, "reusita": 75.0, "cnt": 16}, "ISTORIE": {"medie": 6.9816666666666665, "reusita": 93.54838709677419, "cnt": 31}, "LOGICA, ARGUMENTARE SI COMUNICARE": {"medie": 6.280303030303029, "reusita": 60.526315789473685, "cnt": 38}, "MATEMATICA ST-NAT": {"medie": 4.343750000000001, "reusita": 45.83333333333333, "cnt": 24}, "PSIHOLOGIE": {"medie": 5.775, "reusita": 50.0, "cnt": 2}, "FIZICA TEH": {"medie": 1.3, "reusita": 0.0, "cnt": 1}, "SOCIOLOGIE": {"medie": 4.85, "reusita": 50.0, "cnt": 2}}, "nume": "LICEUL COBADIN\tConstan\u021ba"}