{"specializari": {"LICEU CU PROGRAM SPORTIV": 77}, "limba_moderna": {"LIMBA FRANCEZA": 1, "LIMBA ENGLEZA": 76}, "limba_materna": {"LIMBA ROMANA": 77}, "promotie_anterioara": {"DA": 9, "NU": 68}, "materii": {"LIMBA ROMANA": {"medie": 5.127333333333334, "reusita": 63.63636363636363, "cnt": 77}, "GENERAL": {"medie": 5.55990990990991, "reusita": 35.064935064935064, "cnt": 77}, "GEOGRAFIE": {"medie": 6.760135135135134, "reusita": 84.21052631578947, "cnt": 76}, "ISTORIE": {"medie": 4.726351351351352, "reusita": 54.54545454545454, "cnt": 77}, "LOGICA, ARGUMENTARE SI COMUNICARE": {"medie": 9.2, "reusita": 100.0, "cnt": 1}}, "nume": "LICEUL CU PROGRAM SPORTIV \"CETATE\" DEVA\tHunedoara"}