{"specializari": {"LICEU CU PROGRAM SPORTIV": 110}, "limba_moderna": {"LIMBA ENGLEZA": 108, "LIMBA FRANCEZA": 2}, "limba_materna": {"LIMBA ROMANA": 110}, "promotie_anterioara": {"NU": 88, "DA": 22}, "materii": {"LIMBA ROMANA": {"medie": 5.687745098039216, "reusita": 75.45454545454545, "cnt": 110}, "GENERAL": {"medie": 5.8897306397306375, "reusita": 43.63636363636363, "cnt": 110}, "GEOGRAFIE": {"medie": 6.518867924528302, "reusita": 82.75862068965517, "cnt": 58}, "ISTORIE": {"medie": 5.100485436893204, "reusita": 67.27272727272727, "cnt": 110}, "LOGICA, ARGUMENTARE SI COMUNICARE": {"medie": 7.093617021276594, "reusita": 75.0, "cnt": 52}}, "nume": "LICEUL CU PROGRAM SPORTIV BOTOSANI\tBoto\u0219ani"}