{"specializari": {"FILOLOGIE": 46, "TEHNICIAN AGROMONTAN": 30, "TEHNICIAN MECANIC PENTRU INTRETINERE SI REPARATII": 26, "MATEMATICA-INFORMATICA": 28, "STIINTE ALE NATURII": 59, "STIINTE SOCIALE": 35, "TEHNICIAN IN INSTALATII ELECTRICE": 29, "TEHNICIAN ELECTROTEHNIST": 16, "TEHNICIAN IN INDUSTRIA TEXTILA": 13, "TEHNICIAN MECATRONIST": 5, "TEHNICIAN ECOLOG SI PROTECTIA CALITATII MEDIULUI": 4, "TEHNICIAN IN CONSTRUCTII SI LUCRARI PUBLICE": 2}, "limba_moderna": {"LIMBA ENGLEZA": 267, "LIMBA FRANCEZA": 26}, "limba_materna": {"LIMBA ROMANA": 293}, "promotie_anterioara": {"DA": 42, "NU": 251}, "materii": {"LIMBA ROMANA": {"medie": 6.698214285714286, "reusita": 80.88737201365188, "cnt": 293}, "MATEMATICA TEHN": {"medie": 3.6936363636363643, "reusita": 34.4, "cnt": 125}, "BIOLOGIE VEGETALA SI ANIMALA": {"medie": 3.525999999999999, "reusita": 25.842696629213485, "cnt": 89}, "GENERAL": {"medie": 6.265196078431372, "reusita": 53.92491467576792, "cnt": 293}, "MATEMATICA MATE-INFO": {"medie": 8.376785714285713, "reusita": 100.0, "cnt": 28}, "ANATOMIE SI FIZIOLOGIE UMANA, GENETICA SI ECOLOGIE UMANA": {"medie": 7.057619047619051, "reusita": 84.11214953271028, "cnt": 107}, "FIZICA TEO": {"medie": 9.291666666666666, "reusita": 100.0, "cnt": 12}, "GEOGRAFIE": {"medie": 7.680833333333337, "reusita": 88.88888888888889, "cnt": 63}, "INFORMATICA MI C/C++": {"medie": 8.4, "reusita": 100.0, "cnt": 1}, "ISTORIE": {"medie": 6.6000000000000005, "reusita": 88.88888888888889, "cnt": 81}, "FILOSOFIE": {"medie": 5.3, "reusita": 100.0, "cnt": 1}, "LOGICA, ARGUMENTARE SI COMUNICARE": {"medie": 9.533333333333333, "reusita": 100.0, "cnt": 3}, "MATEMATICA ST-NAT": {"medie": 6.592372881355933, "reusita": 89.83050847457628, "cnt": 59}, "PSIHOLOGIE": {"medie": 7.449999999999999, "reusita": 100.0, "cnt": 3}, "FIZICA TEH": {"medie": 2.9, "reusita": 0.0, "cnt": 2}, "CHIMIE ORGANICA TEO NIVEL I/II": {"medie": 10.0, "reusita": 100.0, "cnt": 1}, "SOCIOLOGIE": {"medie": 7.210000000000001, "reusita": 100.0, "cnt": 10}, "ECONOMIE": {"medie": 5.3, "reusita": 100.0, "cnt": 1}}, "nume": "LICEUL CONSTANTIN BRANCOVEANU, ORAS HOREZU\tV\u00e2lcea"}