{"specializari": {"STIINTE ALE NATURII": 22, "MATEMATICA-INFORMATICA": 18, "FILOLOGIE": 29, "TEHNICIAN MECANIC PENTRU INTRETINERE SI REPARATII": 9, "TEHNICIAN MECATRONIST": 6, "TEHNICIAN ELECTROMECANIC": 15, "TEHNICIAN INSTALATOR PENTRU CONSTRUCTII": 1, "TEHNICIAN IN GASTRONOMIE": 3}, "limba_moderna": {"LIMBA ENGLEZA": 95, "LIMBA GERMANA MODERNA": 6, "LIMBA FRANCEZA": 2}, "limba_materna": {"LIMBA ROMANA": 103}, "promotie_anterioara": {"NU": 89, "DA": 14}, "materii": {"LIMBA ROMANA": {"medie": 6.356060606060605, "reusita": 78.64077669902912, "cnt": 103}, "MATEMATICA TEHN": {"medie": 4.0946428571428575, "reusita": 38.23529411764706, "cnt": 34}, "BIOLOGIE VEGETALA SI ANIMALA": {"medie": 3.727777777777778, "reusita": 36.666666666666664, "cnt": 30}, "GENERAL": {"medie": 5.971134020618557, "reusita": 47.57281553398058, "cnt": 103}, "MATEMATICA MATE-INFO": {"medie": 7.322222222222221, "reusita": 94.44444444444444, "cnt": 18}, "ANATOMIE SI FIZIOLOGIE UMANA, GENETICA SI ECOLOGIE UMANA": {"medie": 5.748387096774194, "reusita": 70.96774193548387, "cnt": 31}, "GEOGRAFIE": {"medie": 8.441666666666668, "reusita": 100.0, "cnt": 12}, "INFORMATICA MI C/C++": {"medie": 8.594444444444445, "reusita": 100.0, "cnt": 9}, "ISTORIE": {"medie": 6.441379310344829, "reusita": 93.10344827586206, "cnt": 29}, "LOGICA, ARGUMENTARE SI COMUNICARE": {"medie": 8.157500000000002, "reusita": 95.0, "cnt": 20}, "MATEMATICA ST-NAT": {"medie": 2.9204545454545454, "reusita": 27.27272727272727, "cnt": 22}, "FIZICA TEH": {"medie": "-", "reusita": 0.0, "cnt": 1}}, "nume": "LICEUL BANATEAN OTELU ROSU\tCara\u0219-Severin"}