{"specializari": {"LICEU CU PROGRAM SPORTIV": 30}, "limba_moderna": {"LIMBA ENGLEZA": 30}, "limba_materna": {"LIMBA ROMANA": 30}, "promotie_anterioara": {"DA": 5, "NU": 25}, "materii": {"LIMBA ROMANA": {"medie": 5.1625, "reusita": 66.66666666666666, "cnt": 30}, "GENERAL": {"medie": 5.597916666666666, "reusita": 40.0, "cnt": 30}, "GEOGRAFIE": {"medie": 7.028571428571429, "reusita": 90.9090909090909, "cnt": 22}, "ISTORIE": {"medie": 4.9559999999999995, "reusita": 56.666666666666664, "cnt": 30}, "LOGICA, ARGUMENTARE SI COMUNICARE": {"medie": 3.575, "reusita": 12.5, "cnt": 8}}, "nume": "LICEUL CU PROGRAM SPORTIV \"HELMUT DUCKADAM\" CLINCENI\tIlfov"}