{"specializari": {"LICEU CU PROGRAM SPORTIV": 98, "STIINTE ALE NATURII": 3}, "limba_moderna": {"LIMBA ENGLEZA": 85, "LIMBA FRANCEZA": 16}, "limba_materna": {"LIMBA ROMANA": 101}, "promotie_anterioara": {"DA": 21, "NU": 80}, "materii": {"LIMBA ROMANA": {"medie": 5.694897959183675, "reusita": 81.1881188118812, "cnt": 101}, "GENERAL": {"medie": 6.132474226804124, "reusita": 55.44554455445545, "cnt": 101}, "ANATOMIE SI FIZIOLOGIE UMANA, GENETICA SI ECOLOGIE UMANA": {"medie": 5.0, "reusita": 100.0, "cnt": 1}, "GEOGRAFIE": {"medie": 6.569444444444445, "reusita": 84.21052631578947, "cnt": 19}, "ISTORIE": {"medie": 5.591237113402066, "reusita": 78.57142857142857, "cnt": 98}, "LOGICA, ARGUMENTARE SI COMUNICARE": {"medie": 7.359615384615384, "reusita": 83.54430379746836, "cnt": 79}, "MATEMATICA ST-NAT": {"medie": 4.483333333333333, "reusita": 66.66666666666666, "cnt": 3}, "CHIMIE ANORGANICA TEO NIVEL I/II": {"medie": 3.65, "reusita": 0.0, "cnt": 1}, "CHIMIE ORGANICA TEO NIVEL I/II": {"medie": 5.05, "reusita": 100.0, "cnt": 1}}, "nume": "LICEUL CU PROGRAM SPORTIV, LOCALITATEA GALATI\tGala\u021bi"}