{"specializari": {"LICEU CU PROGRAM SPORTIV": 106}, "limba_moderna": {"LIMBA ENGLEZA": 90, "LIMBA FRANCEZA": 16}, "limba_materna": {"LIMBA ROMANA": 106}, "promotie_anterioara": {"NU": 96, "DA": 10}, "materii": {"LIMBA ROMANA": {"medie": 5.759895833333335, "reusita": 74.52830188679245, "cnt": 106}, "GENERAL": {"medie": 5.8135087719298255, "reusita": 40.56603773584906, "cnt": 106}, "GEOGRAFIE": {"medie": 6.598351648351649, "reusita": 74.50980392156863, "cnt": 102}, "ISTORIE": {"medie": 5.035263157894739, "reusita": 53.77358490566038, "cnt": 106}, "PSIHOLOGIE": {"medie": 7.7, "reusita": 100.0, "cnt": 4}}, "nume": "LICEUL CU PROGRAM SPORTIV, MUNICIPIUL ROMAN\tNeam\u021b"}