{"specializari": {"TEHNICIAN TRANSPORTURI": 12, "TEHNICIAN MECATRONIST": 1, "TEHNICIAN IN AGROTURISM": 5, "TEHNICIAN IN AUTOMATIZARI": 2, "TEHNICIAN IN TURISM": 11, "TEHNICIAN IN ACTIVITATI DE COMERT": 9, "TEHNICIAN IN AGRICULTURA ECOLOGICA": 2, "TEHNICIAN IN INDUSTRIA ALIMENTARA": 1, "TEHNICIAN MECANIC PENTRU INTRETINERE SI REPARATII": 1, "TEHNICIAN IN GASTRONOMIE": 1, "TEHNICIAN ECOLOG SI PROTECTIA CALITATII MEDIULUI": 7, "TEHNICIAN ANALIZE PRODUSE ALIMENTARE": 1}, "limba_moderna": {"LIMBA ENGLEZA": 48, "LIMBA FRANCEZA": 5}, "limba_materna": {"LIMBA ROMANA": 53}, "promotie_anterioara": {"DA": 20, "NU": 33}, "materii": {"LIMBA ROMANA": {"medie": 5.3471153846153845, "reusita": 67.9245283018868, "cnt": 53}, "MATEMATICA TEHN": {"medie": 5.039795918367348, "reusita": 62.264150943396224, "cnt": 53}, "BIOLOGIE VEGETALA SI ANIMALA": {"medie": 4.0613636363636365, "reusita": 28.57142857142857, "cnt": 28}, "GENERAL": {"medie": 5.3270370370370355, "reusita": 30.18867924528302, "cnt": 53}, "ANATOMIE SI FIZIOLOGIE UMANA, GENETICA SI ECOLOGIE UMANA": {"medie": "-", "reusita": 0.0, "cnt": 1}, "GEOGRAFIE": {"medie": 7.838461538461538, "reusita": 100.0, "cnt": 13}, "LOGICA, ARGUMENTARE SI COMUNICARE": {"medie": 6.356249999999999, "reusita": 75.0, "cnt": 8}, "FIZICA TEH": {"medie": 2.8666666666666667, "reusita": 0.0, "cnt": 3}}, "nume": "LICEUL AGRICOL \"DR. C. ANGELESCU\" MUNICIPIUL BUZAU\tBuz\u0103u"}