{"specializari": {"TEHNICIAN HORTICULTOR": 2, "TEHNICIAN HIDRO-METEOROLOG": 15, "TEHNICIAN IN AGRICULTURA": 7, "TEHNICIAN IN ACTIVITATI ECONOMICE": 1, "TEHNICIAN ECOLOG SI PROTECTIA CALITATII MEDIULUI": 2}, "limba_moderna": {"LIMBA ENGLEZA": 26, "LIMBA FRANCEZA": 1}, "limba_materna": {"LIMBA ROMANA": 27}, "promotie_anterioara": {"DA": 12, "NU": 15}, "materii": {"LIMBA ROMANA": {"medie": 4.732, "reusita": 51.85185185185185, "cnt": 27}, "MATEMATICA TEHN": {"medie": 3.4349999999999996, "reusita": 22.22222222222222, "cnt": 27}, "BIOLOGIE VEGETALA SI ANIMALA": {"medie": 3.933333333333333, "reusita": 28.57142857142857, "cnt": 7}, "GENERAL": {"medie": 4.230208333333334, "reusita": 0.0, "cnt": 27}, "ANATOMIE SI FIZIOLOGIE UMANA, GENETICA SI ECOLOGIE UMANA": {"medie": 3.8366666666666664, "reusita": 26.31578947368421, "cnt": 19}, "GEOGRAFIE": {"medie": 6.35, "reusita": 100.0, "cnt": 1}}, "nume": "LICEUL AGRICOL POARTA ALBA\tConstan\u021ba"}