{"specializari": {"LICEU CU PROGRAM SPORTIV": 59}, "limba_moderna": {"LIMBA ENGLEZA": 59}, "limba_materna": {"LIMBA ROMANA": 59}, "promotie_anterioara": {"DA": 16, "NU": 43}, "materii": {"LIMBA ROMANA": {"medie": 5.235964912280701, "reusita": 59.32203389830508, "cnt": 59}, "GENERAL": {"medie": 5.835714285714286, "reusita": 44.06779661016949, "cnt": 59}, "GEOGRAFIE": {"medie": 6.809649122807018, "reusita": 88.13559322033898, "cnt": 59}, "ISTORIE": {"medie": 5.459482758620689, "reusita": 79.66101694915254, "cnt": 59}}, "nume": "LICEUL CU PROGRAM SPORTIV SATU MARE\tSatu-Mare"}