{"specializari": {"LICEU CU PROGRAM SPORTIV": 30}, "limba_moderna": {"LIMBA ENGLEZA": 29, "LIMBA FRANCEZA": 1}, "limba_materna": {"LIMBA ROMANA": 30}, "promotie_anterioara": {"NU": 25, "DA": 5}, "materii": {"LIMBA ROMANA": {"medie": 5.28103448275862, "reusita": 73.33333333333333, "cnt": 30}, "GENERAL": {"medie": 5.911309523809524, "reusita": 43.333333333333336, "cnt": 30}, "GEOGRAFIE": {"medie": 7.43076923076923, "reusita": 100.0, "cnt": 26}, "ISTORIE": {"medie": 5.169642857142857, "reusita": 70.0, "cnt": 30}, "LOGICA, ARGUMENTARE SI COMUNICARE": {"medie": 5.883333333333333, "reusita": 75.0, "cnt": 4}}, "nume": "LICEUL CU PROGRAM SPORTIV \"AVRAM IANCU\" ZALAU\tS\u0103laj"}