{"specializari": {"LICEU CU PROGRAM SPORTIV": 81}, "limba_moderna": {"LIMBA ENGLEZA": 69, "LIMBA FRANCEZA": 12}, "limba_materna": {"LIMBA ROMANA": 81}, "promotie_anterioara": {"DA": 16, "NU": 65}, "materii": {"LIMBA ROMANA": {"medie": 5.8194805194805195, "reusita": 83.9506172839506, "cnt": 81}, "GENERAL": {"medie": 6.025450450450451, "reusita": 41.9753086419753, "cnt": 81}, "GEOGRAFIE": {"medie": 6.917647058823528, "reusita": 94.11764705882352, "cnt": 34}, "ISTORIE": {"medie": 5.480921052631578, "reusita": 71.60493827160494, "cnt": 81}, "LOGICA, ARGUMENTARE SI COMUNICARE": {"medie": 6.59736842105263, "reusita": 64.28571428571429, "cnt": 42}, "PSIHOLOGIE": {"medie": 5.675, "reusita": 20.0, "cnt": 5}}, "nume": "LICEUL CU PROGRAM SPORTIV BAIA MARE\tMaramure\u0219"}