{"specializari": {"LICEU CU PROGRAM SPORTIV": 115, "STIINTE ALE NATURII": 16, "STIINTE SOCIALE": 33, "FILOLOGIE": 30, "MATEMATICA-INFORMATICA": 1}, "limba_moderna": {"LIMBA ENGLEZA": 164, "LIMBA FRANCEZA": 31}, "limba_materna": {"LIMBA ROMANA": 195}, "promotie_anterioara": {"DA": 32, "NU": 163}, "materii": {"LIMBA ROMANA": {"medie": 6.0397905759162285, "reusita": 88.2051282051282, "cnt": 195}, "BIOLOGIE VEGETALA SI ANIMALA": {"medie": 6.726666666666668, "reusita": 81.25, "cnt": 16}, "GENERAL": {"medie": 6.4152557319224, "reusita": 60.0, "cnt": 195}, "MATEMATICA MATE-INFO": {"medie": 5.0, "reusita": 100.0, "cnt": 1}, "ANATOMIE SI FIZIOLOGIE UMANA, GENETICA SI ECOLOGIE UMANA": {"medie": 8.3, "reusita": 100.0, "cnt": 1}, "GEOGRAFIE": {"medie": 6.98, "reusita": 84.82142857142857, "cnt": 112}, "ISTORIE": {"medie": 5.964857142857146, "reusita": 80.89887640449437, "cnt": 178}, "LOGICA, ARGUMENTARE SI COMUNICARE": {"medie": 7.871875, "reusita": 87.87878787878788, "cnt": 66}, "MATEMATICA ST-NAT": {"medie": 5.190624999999999, "reusita": 68.75, "cnt": 16}}, "nume": "LICEUL CU PROGRAM SPORTIV \"IOLANDA BALAS SOTER\" MUNICIPIUL BUZAU\tBuz\u0103u"}