{"specializari": {"TEHNICIAN IN TURISM": 29, "LICEU CU PROGRAM SPORTIV": 87, "TEHNICIAN ECOLOG SI PROTECTIA CALITATII MEDIULUI": 18}, "limba_moderna": {"LIMBA ENGLEZA": 130, "LIMBA FRANCEZA": 4}, "limba_materna": {"LIMBA ROMANA": 134}, "promotie_anterioara": {"DA": 25, "NU": 109}, "materii": {"LIMBA ROMANA": {"medie": 5.8511450381679415, "reusita": 80.59701492537313, "cnt": 134}, "MATEMATICA TEHN": {"medie": 6.044565217391304, "reusita": 87.2340425531915, "cnt": 47}, "BIOLOGIE VEGETALA SI ANIMALA": {"medie": 5.8694444444444445, "reusita": 77.77777777777779, "cnt": 18}, "GENERAL": {"medie": 6.039276485788114, "reusita": 41.04477611940299, "cnt": 134}, "GEOGRAFIE": {"medie": 7.114285714285711, "reusita": 93.57798165137615, "cnt": 109}, "ISTORIE": {"medie": 4.895238095238095, "reusita": 65.51724137931035, "cnt": 87}, "FILOSOFIE": {"medie": 5.7, "reusita": 100.0, "cnt": 1}, "LOGICA, ARGUMENTARE SI COMUNICARE": {"medie": 6.533333333333334, "reusita": 66.66666666666666, "cnt": 6}}, "nume": "LICEUL CU PROGRAM SPORTIV BISTRITA\tBistri\u021ba-N\u0103s\u0103ud"}