{"specializari": {"LICEU CU PROGRAM SPORTIV": 53}, "limba_moderna": {"LIMBA ENGLEZA": 53}, "limba_materna": {"LIMBA ROMANA": 53}, "promotie_anterioara": {"DA": 6, "NU": 47}, "materii": {"LIMBA ROMANA": {"medie": 5.985849056603773, "reusita": 83.01886792452831, "cnt": 53}, "GENERAL": {"medie": 6.567295597484278, "reusita": 67.9245283018868, "cnt": 53}, "GEOGRAFIE": {"medie": 7.818, "reusita": 96.0, "cnt": 25}, "ISTORIE": {"medie": 6.375471698113208, "reusita": 92.45283018867924, "cnt": 53}, "LOGICA, ARGUMENTARE SI COMUNICARE": {"medie": 6.9142857142857155, "reusita": 85.71428571428571, "cnt": 28}}, "nume": "LICEUL CU PROGRAM SPORTIV ALBA IULIA\tAlba"}