{"specializari": {"LICEU CU PROGRAM SPORTIV": 127}, "limba_moderna": {"LIMBA ENGLEZA": 127}, "limba_materna": {"LIMBA ROMANA": 127}, "promotie_anterioara": {"DA": 16, "NU": 111}, "materii": {"LIMBA ROMANA": {"medie": 6.092682926829269, "reusita": 85.03937007874016, "cnt": 127}, "GENERAL": {"medie": 6.5075880758807605, "reusita": 63.77952755905512, "cnt": 127}, "GEOGRAFIE": {"medie": 7.302688172043007, "reusita": 90.72164948453609, "cnt": 97}, "ISTORIE": {"medie": 6.1829268292682915, "reusita": 84.25196850393701, "cnt": 127}, "LOGICA, ARGUMENTARE SI COMUNICARE": {"medie": 7.017307692307692, "reusita": 84.61538461538461, "cnt": 26}, "PSIHOLOGIE": {"medie": 8.55, "reusita": 100.0, "cnt": 2}, "ECONOMIE": {"medie": 6.35, "reusita": 100.0, "cnt": 2}}, "nume": "LICEUL CU PROGRAM SPORTIV CLUJ-NAPOCA\tCluj"}