{"specializari": {"LICEU CU PROGRAM SPORTIV": 91}, "limba_moderna": {"LIMBA ENGLEZA": 90, "LIMBA FRANCEZA": 1}, "limba_materna": {"LIMBA ROMANA": 91}, "promotie_anterioara": {"DA": 16, "NU": 75}, "materii": {"LIMBA ROMANA": {"medie": 5.5813953488372094, "reusita": 69.23076923076923, "cnt": 91}, "GENERAL": {"medie": 5.924801587301589, "reusita": 46.15384615384615, "cnt": 91}, "GEOGRAFIE": {"medie": 6.911111111111111, "reusita": 85.33333333333334, "cnt": 75}, "ISTORIE": {"medie": 5.356395348837209, "reusita": 65.93406593406593, "cnt": 91}, "LOGICA, ARGUMENTARE SI COMUNICARE": {"medie": 5.64, "reusita": 42.857142857142854, "cnt": 7}, "PSIHOLOGIE": {"medie": 6.394444444444445, "reusita": 88.88888888888889, "cnt": 9}}, "nume": "LICEUL CU PROGRAM SPORTIV \"BIHORUL\" ORADEA\tBihor"}