{"specializari": {"LICEU CU PROGRAM SPORTIV": 110, "STIINTE ALE NATURII": 22}, "limba_moderna": {"LIMBA ENGLEZA": 123, "LIMBA FRANCEZA": 9}, "limba_materna": {"LIMBA ROMANA": 132}, "promotie_anterioara": {"DA": 37, "NU": 95}, "materii": {"LIMBA ROMANA": {"medie": 5.4950757575757585, "reusita": 71.96969696969697, "cnt": 132}, "GENERAL": {"medie": 5.838582677165353, "reusita": 48.484848484848484, "cnt": 132}, "ANATOMIE SI FIZIOLOGIE UMANA, GENETICA SI ECOLOGIE UMANA": {"medie": 4.957894736842105, "reusita": 54.54545454545454, "cnt": 22}, "GEOGRAFIE": {"medie": 6.611764705882352, "reusita": 88.57142857142857, "cnt": 70}, "ISTORIE": {"medie": 5.470454545454547, "reusita": 84.54545454545455, "cnt": 110}, "MATEMATICA ST-NAT": {"medie": 4.564285714285714, "reusita": 54.54545454545454, "cnt": 22}, "PSIHOLOGIE": {"medie": 7.1862499999999985, "reusita": 92.5, "cnt": 40}}, "nume": "LICEUL CU PROGRAM SPORTIV TG-JIU\tGorj"}