{"specializari": {"TEHNICIAN IN GASTRONOMIE": 1}, "limba_moderna": {"LIMBA ENGLEZA": 1}, "limba_materna": {"LIMBA ROMANA": 1}, "promotie_anterioara": {"NU": 1}, "materii": {"LIMBA ROMANA": {"medie": 5.9, "reusita": 100.0, "cnt": 1}, "GENERAL": {"medie": 7.6499999999999995, "reusita": 100.0, "cnt": 1}, "GEOGRAFIE": {"medie": 7.55, "reusita": 100.0, "cnt": 1}, "MATEMATICA TEHN": {"medie": 9.5, "reusita": 100.0, "cnt": 1}}, "nume": "CENTRUL SCOLAR PENTRU EDUCATIE INCLUZIVA \"ALBATROS\" CONSTANTA\tConstan\u021ba"}