{"specializari": {"STIINTE ALE NATURII": 13}, "limba_moderna": {"LIMBA FRANCEZA": 13}, "limba_materna": {"LIMBA ROMANA": 13}, "promotie_anterioara": {"NU": 8, "DA": 5}, "materii": {"LIMBA ROMANA": {"medie": 2.525, "reusita": 15.384615384615385, "cnt": 13}, "BIOLOGIE VEGETALA SI ANIMALA": {"medie": 3.1153846153846154, "reusita": 23.076923076923077, "cnt": 13}, "GENERAL": {"medie": 2.4196969696969703, "reusita": 0.0, "cnt": 13}, "MATEMATICA ST-NAT": {"medie": 2.0083333333333333, "reusita": 15.384615384615385, "cnt": 13}}, "nume": "CENTRUL SCOLAR PENTRU EDUCATIE INCLUZIVA \"ELENA DOAMNA\" FOCSANI\tVrancea"}