{"specializari": {"TEHNICIAN IN ACTIVITATI ECONOMICE": 9, "TEHNICIAN IN ACTIVITATI DE POSTA": 2, "TEHNICIAN IN TURISM": 5}, "limba_moderna": {"LIMBA ENGLEZA": 14, "LIMBA FRANCEZA": 2}, "limba_materna": {"LIMBA ROMANA": 16}, "promotie_anterioara": {"NU": 9, "DA": 7}, "materii": {"LIMBA ROMANA": {"medie": 3.8791666666666678, "reusita": 12.5, "cnt": 16}, "GENERAL": {"medie": 4.754545454545455, "reusita": 6.25, "cnt": 16}, "GEOGRAFIE": {"medie": 5.358333333333334, "reusita": 56.25, "cnt": 16}, "MATEMATICA TEHN": {"medie": 5.55, "reusita": 50.0, "cnt": 16}}, "nume": "CENTRUL DE STUDII \"STEFAN CEL MARE SI SFANT - BUCOVINA\" CAMPULUNG MOLDOVENESC\tSuceava"}