{"specializari": {"TEHNICIAN IN CONSTRUCTII SI LUCRARI PUBLICE": 26, "TEHNICIAN INSTALATOR PENTRU CONSTRUCTII": 14, "TEHNICIAN DESIGNER VESTIMENTAR": 15, "TEHNICIAN IN INDUSTRIA TEXTILA": 9, "TEHNICIAN DESIGNER MOBILA SI AMENAJARI INTERIOARE": 7, "TEHNICIAN MECANIC PENTRU INTRETINERE SI REPARATII": 11, "TEHNICIAN DESENATOR PENTRU CONSTRUCTII SI INSTALATII": 2}, "limba_moderna": {"LIMBA ENGLEZA": 60, "LIMBA FRANCEZA": 24}, "limba_materna": {"LIMBA ROMANA": 84}, "promotie_anterioara": {"NU": 76, "DA": 8}, "materii": {"LIMBA ROMANA": {"medie": 4.8525, "reusita": 15.476190476190476, "cnt": 84}, "BIOLOGIE VEGETALA SI ANIMALA": {"medie": 3.539473684210526, "reusita": 7.142857142857142, "cnt": 84}, "GENERAL": {"medie": 4.406249999999999, "reusita": 3.571428571428571, "cnt": 84}, "MATEMATICA TEHN": {"medie": 3.6973684210526314, "reusita": 7.142857142857142, "cnt": 84}}, "nume": "COELGIUL TEHNIC CARASAN\tCara\u0219-Severin"}