{"specializari": {"INVATATOR - EDUCATOARE": 32, "STIINTE ALE NATURII": 63, "MATEMATICA-INFORMATICA": 29, "FILOLOGIE": 32, "STIINTE SOCIALE": 36}, "limba_moderna": {"LIMBA ENGLEZA": 170, "LIMBA FRANCEZA": 22}, "limba_materna": {"LIMBA ROMANA": 192}, "promotie_anterioara": {"NU": 180, "DA": 12}, "materii": {"LIMBA ROMANA": {"medie": 7.269371727748691, "reusita": 96.875, "cnt": 192}, "MATEMATICA MATE-INFO": {"medie": 6.322413793103451, "reusita": 82.75862068965517, "cnt": 29}, "BIOLOGIE VEGETALA SI ANIMALA": {"medie": 7.25, "reusita": 100.0, "cnt": 2}, "GENERAL": {"medie": 7.325350877192983, "reusita": 78.64583333333334, "cnt": 192}, "CHIMIE ORGANICA TEO NIVEL I/II": {"medie": 7.95, "reusita": 100.0, "cnt": 6}, "INFORMATICA MI C/C++": {"medie": 5.199999999999999, "reusita": 61.53846153846154, "cnt": 13}, "CHIMIE ANORGANICA TEO NIVEL I/II": {"medie": 6.536363636363635, "reusita": 100.0, "cnt": 11}, "ISTORIE": {"medie": 7.83014705882353, "reusita": 98.52941176470588, "cnt": 68}, "GEOGRAFIE": {"medie": 8.0455223880597, "reusita": 100.0, "cnt": 67}, "PSIHOLOGIE": {"medie": 7.2749999999999995, "reusita": 100.0, "cnt": 4}, "MATEMATICA ST-NAT": {"medie": 6.6039682539682545, "reusita": 85.71428571428571, "cnt": 63}, "ANATOMIE SI FIZIOLOGIE UMANA, GENETICA SI ECOLOGIE UMANA": {"medie": 7.240740740740739, "reusita": 87.27272727272727, "cnt": 55}, "FIZICA TEO": {"medie": 5.325, "reusita": 100.0, "cnt": 4}, "INFORMATICA SN C/C++": {"medie": 7.5, "reusita": 100.0, "cnt": 1}, "ECONOMIE": {"medie": 7.2, "reusita": 100.0, "cnt": 1}, "LOGICA, ARGUMENTARE SI COMUNICARE": {"medie": 9.14, "reusita": 100.0, "cnt": 5}, "MATEMATICA PED": {"medie": 8.295312500000001, "reusita": 96.875, "cnt": 32}, "SOCIOLOGIE": {"medie": 7.3826086956521735, "reusita": 91.30434782608695, "cnt": 23}}, "nume": "COLEGIUL NATIONAL PEDAGOGIC \"STEFAN CEL MARE\" BACAU\tBac\u0103u"}