{"specializari": {"LICEU CU PROGRAM SPORTIV": 22, "TEHNICIAN TRANSPORTURI": 11, "TEHNICIAN IN INSTALATII ELECTRICE": 7, "TEHNICIAN MECANIC PENTRU INTRETINERE SI REPARATII": 14, "TEHNICIAN IN AUTOMATIZARI": 29, "TEHNICIAN IN PRELUCRAREA LEMNULUI": 1, "TEHNICIAN MECATRONIST": 6}, "limba_moderna": {"LIMBA ENGLEZA": 82, "LIMBA FRANCEZA": 8}, "limba_materna": {"LIMBA ROMANA": 90}, "promotie_anterioara": {"DA": 52, "NU": 38}, "materii": {"LIMBA ROMANA": {"medie": 5.503333333333334, "reusita": 75.55555555555556, "cnt": 90}, "BIOLOGIE VEGETALA SI ANIMALA": {"medie": 4.922499999999999, "reusita": 66.66666666666666, "cnt": 42}, "GENERAL": {"medie": 5.461960784313724, "reusita": 28.888888888888886, "cnt": 90}, "ISTORIE": {"medie": 5.51590909090909, "reusita": 90.9090909090909, "cnt": 22}, "GEOGRAFIE": {"medie": 7.572727272727272, "reusita": 100.0, "cnt": 22}, "MATEMATICA TEHN": {"medie": 5.270312499999999, "reusita": 64.70588235294117, "cnt": 68}, "FIZICA TEH": {"medie": 5.0, "reusita": 100.0, "cnt": 1}, "CHIMIE ANORGANICA TEH NIVEL I/II": {"medie": 4.456, "reusita": 40.0, "cnt": 25}}, "nume": "COLEGIUL TEHNIC \"DINICU GOLESCU\"\tBucure\u0219ti"}