{"specializari": {"MATEMATICA-INFORMATICA": 24, "FILOLOGIE": 33, "STIINTE SOCIALE": 63}, "limba_moderna": {"LIMBA ENGLEZA": 118, "LIMBA FRANCEZA": 2}, "limba_materna": {"LIMBA ROMANA": 120}, "promotie_anterioara": {"NU": 120}, "materii": {"LIMBA ROMANA": {"medie": 8.724583333333332, "reusita": 100.0, "cnt": 120}, "MATEMATICA MATE-INFO": {"medie": 8.908333333333333, "reusita": 100.0, "cnt": 24}, "BIOLOGIE VEGETALA SI ANIMALA": {"medie": 8.85, "reusita": 100.0, "cnt": 6}, "GENERAL": {"medie": 9.018194444444443, "reusita": 100.0, "cnt": 120}, "CHIMIE ORGANICA TEO NIVEL I/II": {"medie": 7.6, "reusita": 100.0, "cnt": 1}, "INFORMATICA MI C/C++": {"medie": 8.070833333333335, "reusita": 100.0, "cnt": 12}, "CHIMIE ANORGANICA TEO NIVEL I/II": {"medie": 9.075, "reusita": 100.0, "cnt": 2}, "ISTORIE": {"medie": 9.307812499999999, "reusita": 100.0, "cnt": 96}, "GEOGRAFIE": {"medie": 8.891666666666664, "reusita": 100.0, "cnt": 24}, "PSIHOLOGIE": {"medie": 9.833333333333334, "reusita": 100.0, "cnt": 3}, "ANATOMIE SI FIZIOLOGIE UMANA, GENETICA SI ECOLOGIE UMANA": {"medie": 9.85, "reusita": 100.0, "cnt": 2}, "FIZICA TEO": {"medie": 7.0, "reusita": 100.0, "cnt": 1}, "FILOSOFIE": {"medie": 9.166666666666666, "reusita": 100.0, "cnt": 9}, "ECONOMIE": {"medie": 9.425, "reusita": 100.0, "cnt": 4}, "LOGICA, ARGUMENTARE SI COMUNICARE": {"medie": 9.466346153846152, "reusita": 100.0, "cnt": 52}, "SOCIOLOGIE": {"medie": 8.625, "reusita": 100.0, "cnt": 4}}, "nume": "COLEGIUL NATIONAL \"GHEORGHE SINCAI\" CLUJ-NAPOCA\tCluj"}