{"specializari": {"TEHNICIAN OPERATOR TEHNICA DE CALCUL": 3, "TEHNICIAN IN ACTIVITATI ECONOMICE": 43, "TEHNICIAN ANALIZE PRODUSE ALIMENTARE": 4, "TEHNICIAN VETERINAR": 3, "TEHNICIAN TRANSPORTURI": 11, "TEHNICIAN AGRONOM": 16, "TEHNICIAN IN ACTIVITATI DE COMERT": 14, "TEHNICIAN IN AGRICULTURA": 1}, "limba_moderna": {"LIMBA ENGLEZA": 70, "LIMBA FRANCEZA": 25}, "limba_materna": {"LIMBA ROMANA": 95}, "promotie_anterioara": {"DA": 31, "NU": 64}, "materii": {"LIMBA ROMANA": {"medie": 3.5319999999999996, "reusita": 29.47368421052631, "cnt": 95}, "BIOLOGIE VEGETALA SI ANIMALA": {"medie": 3.1138888888888885, "reusita": 19.047619047619047, "cnt": 21}, "GENERAL": {"medie": 3.0218137254901967, "reusita": 2.1052631578947367, "cnt": 95}, "GEOGRAFIE": {"medie": 3.7511904761904757, "reusita": 22.807017543859647, "cnt": 57}, "ANATOMIE SI FIZIOLOGIE UMANA, GENETICA SI ECOLOGIE UMANA": {"medie": 4.425, "reusita": 33.33333333333333, "cnt": 6}, "MATEMATICA TEHN": {"medie": 2.0971830985915494, "reusita": 11.578947368421053, "cnt": 95}, "FIZICA TEH": {"medie": 1.4499999999999997, "reusita": 0.0, "cnt": 11}}, "nume": "COLEGIUL NATIONAL AGRICOL \"CAROL I\" SLATINA\tOlt"}