{"specializari": {"TEHNICIAN IN ACTIVITATI ECONOMICE": 63, "TEHNICIAN IN GASTRONOMIE": 8, "TEHNICIAN IN TURISM": 87, "TEHNICIAN IN ADMINISTRATIE": 28, "TEHNICIAN IN ACHIZITII SI CONTRACTARI": 26, "TEHNICIAN IN ACTIVITATI DE COMERT": 4}, "limba_moderna": {"LIMBA ENGLEZA": 200, "LIMBA FRANCEZA": 16}, "limba_materna": {"LIMBA ROMANA": 216}, "promotie_anterioara": {"NU": 191, "DA": 25}, "materii": {"LIMBA ROMANA": {"medie": 6.223397129186601, "reusita": 88.42592592592592, "cnt": 216}, "GENERAL": {"medie": 6.8354207119741055, "reusita": 68.51851851851852, "cnt": 216}, "GEOGRAFIE": {"medie": 7.184693877551023, "reusita": 93.56435643564357, "cnt": 202}, "PSIHOLOGIE": {"medie": 6.60625, "reusita": 75.0, "cnt": 8}, "MATEMATICA TEHN": {"medie": 7.033971291866029, "reusita": 83.33333333333334, "cnt": 216}, "ECONOMIE": {"medie": 6.516666666666667, "reusita": 100.0, "cnt": 6}}, "nume": "COLEGIUL ECONOMIC ARAD\tArad"}