{"specializari": {"MATEMATICA-INFORMATICA": 182, "FILOLOGIE": 62}, "limba_moderna": {"LIMBA ENGLEZA": 235, "LIMBA FRANCEZA": 8, "LIMBA GERMANA MODERNA": 1}, "limba_materna": {"LIMBA ROMANA": 244}, "promotie_anterioara": {"NU": 242, "DA": 2}, "materii": {"LIMBA ROMANA": {"medie": 8.772336065573768, "reusita": 100.0, "cnt": 244}, "MATEMATICA MATE-INFO": {"medie": 8.884615384615381, "reusita": 99.45054945054946, "cnt": 182}, "BIOLOGIE VEGETALA SI ANIMALA": {"medie": 8.571428571428573, "reusita": 85.71428571428571, "cnt": 7}, "GENERAL": {"medie": 8.838661202185795, "reusita": 99.18032786885246, "cnt": 244}, "CHIMIE ORGANICA TEO NIVEL I/II": {"medie": 9.548684210526314, "reusita": 100.0, "cnt": 38}, "INFORMATICA MI C/C++": {"medie": 8.95526315789474, "reusita": 100.0, "cnt": 38}, "ISTORIE": {"medie": 8.25241935483871, "reusita": 100.0, "cnt": 62}, "GEOGRAFIE": {"medie": 8.8875, "reusita": 100.0, "cnt": 28}, "PSIHOLOGIE": {"medie": 10.0, "reusita": 100.0, "cnt": 1}, "ANATOMIE SI FIZIOLOGIE UMANA, GENETICA SI ECOLOGIE UMANA": {"medie": 9.054716981132074, "reusita": 100.0, "cnt": 53}, "FIZICA TEO": {"medie": 8.379347826086958, "reusita": 100.0, "cnt": 46}, "ECONOMIE": {"medie": 9.8, "reusita": 100.0, "cnt": 1}, "LOGICA, ARGUMENTARE SI COMUNICARE": {"medie": 9.4890625, "reusita": 100.0, "cnt": 32}}, "nume": "COLEGIUL NATIONAL \"GHEORGHE VRANCEANU\" BACAU\tBac\u0103u"}