{"specializari": {"TEHNICIAN VETERINAR": 10, "TEHNICIAN ANALIZE PRODUSE ALIMENTARE": 14, "TEHNICIAN IN AGROTURISM": 11, "TEHNICIAN AGROMONTAN": 5, "TEHNICIAN IN ACTIVITATI ECONOMICE": 4, "TEHNICIAN PENTRU ANIMALE DE COMPANIE": 3, "TEHNICIAN IN INDUSTRIA ALIMENTARA": 1, "TEHNICIAN IN ACTIVITATI DE COMERT": 1}, "limba_moderna": {"LIMBA ENGLEZA": 34, "LIMBA FRANCEZA": 15}, "limba_materna": {"LIMBA ROMANA": 49}, "promotie_anterioara": {"NU": 28, "DA": 21}, "materii": {"LIMBA ROMANA": {"medie": 4.785555555555556, "reusita": 57.14285714285714, "cnt": 49}, "GENERAL": {"medie": 4.924206349206349, "reusita": 24.489795918367346, "cnt": 49}, "GEOGRAFIE": {"medie": 5.9799999999999995, "reusita": 80.0, "cnt": 5}, "ANATOMIE SI FIZIOLOGIE UMANA, GENETICA SI ECOLOGIE UMANA": {"medie": 4.890789473684211, "reusita": 48.78048780487805, "cnt": 41}, "MATEMATICA TEHN": {"medie": 4.738095238095237, "reusita": 51.02040816326531, "cnt": 49}, "CHIMIE ORGANICA TEH NIVEL I/II": {"medie": 5.574999999999999, "reusita": 33.33333333333333, "cnt": 3}}, "nume": "COLEGIUL PENTRU AGRICULTURA SI INDUSTRIE ALIMENTARA \"TARA BARSEI\" PREJMER\tBra\u0219ov"}