{"specializari": {"STIINTE SOCIALE": 31, "MATEMATICA-INFORMATICA": 81, "STIINTE ALE NATURII": 31, "FILOLOGIE": 31}, "limba_moderna": {"LIMBA ENGLEZA": 166, "LIMBA FRANCEZA": 6, "LIMBA RUSA": 2}, "limba_materna": {"LIMBA ROMANA": 174}, "promotie_anterioara": {"NU": 174}, "materii": {"LIMBA ROMANA": {"medie": 8.764655172413791, "reusita": 100.0, "cnt": 174}, "MATEMATICA MATE-INFO": {"medie": 8.966666666666667, "reusita": 100.0, "cnt": 81}, "BIOLOGIE VEGETALA SI ANIMALA": {"medie": 8.959615384615384, "reusita": 100.0, "cnt": 26}, "GENERAL": {"medie": 8.827011494252874, "reusita": 99.42528735632183, "cnt": 174}, "CHIMIE ORGANICA TEO NIVEL I/II": {"medie": 9.380303030303033, "reusita": 100.0, "cnt": 33}, "INFORMATICA MI C/C++": {"medie": 9.866666666666667, "reusita": 100.0, "cnt": 3}, "ISTORIE": {"medie": 8.385483870967743, "reusita": 100.0, "cnt": 62}, "GEOGRAFIE": {"medie": 9.183333333333334, "reusita": 100.0, "cnt": 30}, "PSIHOLOGIE": {"medie": 9.55, "reusita": 100.0, "cnt": 7}, "MATEMATICA ST-NAT": {"medie": 8.600000000000003, "reusita": 100.0, "cnt": 31}, "ANATOMIE SI FIZIOLOGIE UMANA, GENETICA SI ECOLOGIE UMANA": {"medie": 9.766666666666667, "reusita": 100.0, "cnt": 6}, "FIZICA TEO": {"medie": 8.620454545454546, "reusita": 100.0, "cnt": 44}, "FILOSOFIE": {"medie": 8.475000000000001, "reusita": 100.0, "cnt": 2}, "ECONOMIE": {"medie": 8.465, "reusita": 100.0, "cnt": 10}, "LOGICA, ARGUMENTARE SI COMUNICARE": {"medie": 9.125, "reusita": 100.0, "cnt": 2}, "SOCIOLOGIE": {"medie": 8.877272727272727, "reusita": 100.0, "cnt": 11}}, "nume": "COLEGIUL NATIONAL \"GHEORGHE MUNTEANU MURGOCI\"\tBr\u0103ila"}