{"specializari": {"MATEMATICA-INFORMATICA": 175, "FILOLOGIE": 104, "STIINTE ALE NATURII": 35}, "limba_moderna": {"LIMBA ENGLEZA": 241, "LIMBA FRANCEZA": 40, "LIMBA GERMANA MODERNA": 1, "LIMBA SPANIOLA": 32}, "limba_materna": {"LIMBA ROMANA": 314}, "promotie_anterioara": {"NU": 309, "DA": 5}, "materii": {"LIMBA ROMANA": {"medie": 8.651273885350315, "reusita": 100.0, "cnt": 314}, "MATEMATICA MATE-INFO": {"medie": 9.100000000000003, "reusita": 99.42857142857143, "cnt": 175}, "BIOLOGIE VEGETALA SI ANIMALA": {"medie": 9.533333333333333, "reusita": 100.0, "cnt": 3}, "GENERAL": {"medie": 8.84819532908706, "reusita": 98.72611464968153, "cnt": 314}, "CHIMIE ORGANICA TEO NIVEL I/II": {"medie": 9.784615384615385, "reusita": 100.0, "cnt": 13}, "INFORMATICA MI C/C++": {"medie": 9.037878787878785, "reusita": 100.0, "cnt": 33}, "ISTORIE": {"medie": 8.363942307692309, "reusita": 99.03846153846155, "cnt": 104}, "GEOGRAFIE": {"medie": 9.014999999999999, "reusita": 100.0, "cnt": 10}, "PSIHOLOGIE": {"medie": 9.816666666666666, "reusita": 100.0, "cnt": 3}, "MATEMATICA ST-NAT": {"medie": 8.061428571428573, "reusita": 100.0, "cnt": 35}, "ANATOMIE SI FIZIOLOGIE UMANA, GENETICA SI ECOLOGIE UMANA": {"medie": 9.131690140845073, "reusita": 99.29577464788733, "cnt": 142}, "FIZICA TEO": {"medie": 8.26578947368421, "reusita": 100.0, "cnt": 19}, "FILOSOFIE": {"medie": 10.0, "reusita": 100.0, "cnt": 1}, "ECONOMIE": {"medie": 8.73125, "reusita": 100.0, "cnt": 8}, "LOGICA, ARGUMENTARE SI COMUNICARE": {"medie": 9.35246913580247, "reusita": 98.76543209876543, "cnt": 81}, "SOCIOLOGIE": {"medie": 9.2, "reusita": 100.0, "cnt": 1}}, "nume": "COLEGIUL NATIONAL \"CAROL I\" CRAIOVA\tDolj"}