{"specializari": {"FILOLOGIE": 17, "MATEMATICA-INFORMATICA": 11}, "limba_moderna": {"LIMBA ENGLEZA": 28}, "limba_materna": {"LIMBA ROMANA": 28}, "promotie_anterioara": {"NU": 28}, "materii": {"LIMBA ROMANA": {"medie": 8.516071428571427, "reusita": 100.0, "cnt": 28}, "MATEMATICA MATE-INFO": {"medie": 9.69090909090909, "reusita": 100.0, "cnt": 11}, "BIOLOGIE VEGETALA SI ANIMALA": {"medie": 9.2, "reusita": 100.0, "cnt": 1}, "GENERAL": {"medie": 8.857142857142856, "reusita": 100.0, "cnt": 28}, "CHIMIE ORGANICA TEO NIVEL I/II": {"medie": 9.35, "reusita": 100.0, "cnt": 1}, "INFORMATICA MI C/C++": {"medie": 9.2625, "reusita": 100.0, "cnt": 4}, "ISTORIE": {"medie": 8.51764705882353, "reusita": 100.0, "cnt": 17}, "GEOGRAFIE": {"medie": 8.790625, "reusita": 100.0, "cnt": 16}, "PSIHOLOGIE": {"medie": 9.7, "reusita": 100.0, "cnt": 1}, "ANATOMIE SI FIZIOLOGIE UMANA, GENETICA SI ECOLOGIE UMANA": {"medie": 9.64, "reusita": 100.0, "cnt": 5}}, "nume": "COLEGIUL \"RICHARD WURMBRAND\", IASI\tIa\u0219i"}