{"specializari": {"STIINTE SOCIALE": 34, "MATEMATICA-INFORMATICA": 160, "FILOLOGIE": 33, "STIINTE ALE NATURII": 31}, "limba_moderna": {"LIMBA ENGLEZA": 222, "LIMBA FRANCEZA": 29, "LIMBA GERMANA MODERNA": 7}, "limba_materna": {"LIMBA ROMANA": 258}, "promotie_anterioara": {"NU": 256, "DA": 2}, "materii": {"LIMBA ROMANA": {"medie": 8.410465116279068, "reusita": 100.0, "cnt": 258}, "MATEMATICA MATE-INFO": {"medie": 9.1365625, "reusita": 98.75, "cnt": 160}, "BIOLOGIE VEGETALA SI ANIMALA": {"medie": 8.146875, "reusita": 100.0, "cnt": 16}, "GENERAL": {"medie": 8.738824289405684, "reusita": 99.2248062015504, "cnt": 258}, "CHIMIE ORGANICA TEO NIVEL I/II": {"medie": 9.239285714285714, "reusita": 100.0, "cnt": 14}, "INFORMATICA MI C/C++": {"medie": 9.325000000000001, "reusita": 100.0, "cnt": 28}, "CHIMIE ANORGANICA TEO NIVEL I/II": {"medie": 9.75, "reusita": 100.0, "cnt": 2}, "ISTORIE": {"medie": 8.653731343283582, "reusita": 100.0, "cnt": 67}, "GEOGRAFIE": {"medie": 9.274999999999999, "reusita": 100.0, "cnt": 4}, "PSIHOLOGIE": {"medie": 9.13, "reusita": 100.0, "cnt": 5}, "MATEMATICA ST-NAT": {"medie": 8.338709677419354, "reusita": 100.0, "cnt": 31}, "ANATOMIE SI FIZIOLOGIE UMANA, GENETICA SI ECOLOGIE UMANA": {"medie": 9.152205882352938, "reusita": 100.0, "cnt": 68}, "FIZICA TEO": {"medie": 8.442857142857143, "reusita": 100.0, "cnt": 63}, "ECONOMIE": {"medie": 8.628260869565219, "reusita": 100.0, "cnt": 23}, "LOGICA, ARGUMENTARE SI COMUNICARE": {"medie": 9.187499999999998, "reusita": 100.0, "cnt": 12}, "SOCIOLOGIE": {"medie": 9.034782608695652, "reusita": 100.0, "cnt": 23}}, "nume": "COLEGIUL NATIONAL \"ION C. BRATIANU\" PITESTI\tArge\u0219"}