{"specializari": {"TEHNICIAN IN ADMINISTRATIE": 28, "TEHNICIAN IN ACTIVITATI DE COMERT": 3, "TEHNICIAN IN ACHIZITII SI CONTRACTARI": 39, "TEHNICIAN IN TURISM": 59, "TEHNICIAN IN ACTIVITATI ECONOMICE": 82, "TEHNICIAN IN HOTELARIE": 4, "TEHNICIAN IN GASTRONOMIE": 2}, "limba_moderna": {"LIMBA ENGLEZA": 186, "LIMBA FRANCEZA": 30, "LIMBA GERMANA MODERNA": 1}, "limba_materna": {"LIMBA ROMANA": 217}, "promotie_anterioara": {"NU": 186, "DA": 31}, "materii": {"LIMBA ROMANA": {"medie": 6.075235849056603, "reusita": 83.87096774193549, "cnt": 217}, "GENERAL": {"medie": 6.535087719298243, "reusita": 59.907834101382484, "cnt": 217}, "GEOGRAFIE": {"medie": 7.362559241706158, "reusita": 92.09302325581396, "cnt": 215}, "MATEMATICA TEHN": {"medie": 6.140845070422533, "reusita": 71.42857142857143, "cnt": 217}, "ECONOMIE": {"medie": 7.4, "reusita": 100.0, "cnt": 2}}, "nume": "COLEGIUL NATIONAL ECONOMIC \"THEODOR COSTESCU\"\tMehedin\u021bi"}