{"specializari": {"TEHNICIAN IN AGRICULTURA ECOLOGICA": 3, "TEHNICIAN HORTICULTOR": 1, "TEHNICIAN ECOLOG SI PROTECTIA CALITATII MEDIULUI": 17, "TEHNICIAN ANALIZE PRODUSE ALIMENTARE": 17, "TEHNICIAN IN INDUSTRIA ALIMENTARA": 4, "TEHNICIAN IN ACTIVITATI ECONOMICE": 25, "TEHNICIAN IN AGRICULTURA": 1}, "limba_moderna": {"LIMBA FRANCEZA": 24, "LIMBA ENGLEZA": 44}, "limba_materna": {"LIMBA ROMANA": 68}, "promotie_anterioara": {"NU": 46, "DA": 22}, "materii": {"LIMBA ROMANA": {"medie": 5.731538461538462, "reusita": 80.88235294117648, "cnt": 68}, "BIOLOGIE VEGETALA SI ANIMALA": {"medie": 6.035714285714285, "reusita": 100.0, "cnt": 7}, "GENERAL": {"medie": 6.370833333333334, "reusita": 55.88235294117647, "cnt": 68}, "GEOGRAFIE": {"medie": 7.104166666666667, "reusita": 92.0, "cnt": 25}, "ANATOMIE SI FIZIOLOGIE UMANA, GENETICA SI ECOLOGIE UMANA": {"medie": 6.333870967741935, "reusita": 79.41176470588235, "cnt": 34}, "MATEMATICA TEHN": {"medie": 6.61328125, "reusita": 80.88235294117648, "cnt": 68}, "CHIMIE ANORGANICA TEH NIVEL I/II": {"medie": 8.675, "reusita": 100.0, "cnt": 2}}, "nume": "COLEGIUL AGRICOL SI DE INDUSTRIE ALIMENTARA \"VASILE ADAMACHI\", IASI\tIa\u0219i"}