{"specializari": {"MATEMATICA-INFORMATICA": 175, "STIINTE ALE NATURII": 58, "FILOLOGIE": 33, "ORGANIZATOR BANQUETING": 1}, "limba_moderna": {"LIMBA ENGLEZA": 250, "LIMBA GERMANA MODERNA": 12, "LIMBA FRANCEZA": 5}, "limba_materna": {"LIMBA ROMANA": 207, "LIMBA MAGHIARA": 60}, "promotie_anterioara": {"NU": 266, "DA": 1}, "materii": {"LIMBA ROMANA": {"medie": 8.50711610486891, "reusita": 99.625468164794, "cnt": 267}, "MATEMATICA MATE-INFO": {"medie": 8.924857142857144, "reusita": 100.0, "cnt": 175}, "GENERAL": {"medie": 8.792025593008741, "reusita": 98.12734082397003, "cnt": 267}, "CHIMIE ORGANICA TEO NIVEL I/II": {"medie": 9.200000000000001, "reusita": 100.0, "cnt": 14}, "INFORMATICA MI C/C++": {"medie": 9.1, "reusita": 100.0, "cnt": 1}, "CHIMIE ANORGANICA TEO NIVEL I/II": {"medie": 7.970000000000001, "reusita": 100.0, "cnt": 10}, "ISTORIE": {"medie": 9.40151515151515, "reusita": 100.0, "cnt": 33}, "GEOGRAFIE": {"medie": 9.285714285714286, "reusita": 100.0, "cnt": 28}, "PSIHOLOGIE": {"medie": 9.399999999999999, "reusita": 100.0, "cnt": 2}, "MATEMATICA ST-NAT": {"medie": 8.232758620689657, "reusita": 100.0, "cnt": 58}, "ANATOMIE SI FIZIOLOGIE UMANA, GENETICA SI ECOLOGIE UMANA": {"medie": 9.230952380952381, "reusita": 100.0, "cnt": 126}, "FIZICA TEO": {"medie": 7.583333333333332, "reusita": 93.33333333333333, "cnt": 15}, "MATEMATICA TEHN": {"medie": 3.05, "reusita": 0.0, "cnt": 1}, "ECONOMIE": {"medie": 9.9, "reusita": 100.0, "cnt": 1}, "LOGICA, ARGUMENTARE SI COMUNICARE": {"medie": 9.6, "reusita": 100.0, "cnt": 3}, "INFORMATICA MI PASCAL": {"medie": 9.226119402985073, "reusita": 100.0, "cnt": 67}, "LIMBA MAGHIARA (REAL)": {"medie": 8.214166666666669, "reusita": 100.0, "cnt": 60}}, "nume": "COLEGIUL NATIONAL \"SILVANIA\" ZALAU\tS\u0103laj"}