{"specializari": {"TEHNICIAN PROIECTANT CAD": 13, "TEHNICIAN OPERATOR TEHNICA DE CALCUL": 9, "LICEU CU PROGRAM SPORTIV": 17, "TEHNICIAN ECOLOG SI PROTECTIA CALITATII MEDIULUI": 5, "TEHNICIAN ELECTRONIST": 2, "TEHNICIAN IN INSTALATII ELECTRICE": 2, "MATEMATICA-INFORMATICA": 7, "TEHNICIAN ELECTROMECANIC": 6, "TEHNICIAN MECATRONIST": 6, "INVATATOR - EDUCATOARE": 23, "TEHNICIAN METROLOG": 4}, "limba_moderna": {"LIMBA FRANCEZA": 17, "LIMBA ENGLEZA": 77}, "limba_materna": {"LIMBA ROMANA": 94}, "promotie_anterioara": {"DA": 32, "NU": 62}, "materii": {"LIMBA ROMANA": {"medie": 5.971264367816092, "reusita": 81.91489361702128, "cnt": 94}, "MATEMATICA MATE-INFO": {"medie": 5.335714285714286, "reusita": 85.71428571428571, "cnt": 7}, "BIOLOGIE VEGETALA SI ANIMALA": {"medie": 5.24125, "reusita": 70.45454545454545, "cnt": 44}, "GENERAL": {"medie": 5.805823293172691, "reusita": 32.97872340425532, "cnt": 94}, "ISTORIE": {"medie": 6.438235294117646, "reusita": 94.11764705882352, "cnt": 17}, "GEOGRAFIE": {"medie": 6.246969696969697, "reusita": 85.71428571428571, "cnt": 35}, "PSIHOLOGIE": {"medie": 7.8375, "reusita": 100.0, "cnt": 4}, "MATEMATICA TEHN": {"medie": 5.774999999999999, "reusita": 55.319148936170215, "cnt": 47}, "FIZICA TEH": {"medie": 5.750000000000001, "reusita": 50.0, "cnt": 8}, "MATEMATICA PED": {"medie": 4.8977272727272725, "reusita": 47.82608695652174, "cnt": 23}, "CHIMIE ANORGANICA TEH NIVEL I/II": {"medie": 5.4, "reusita": 33.33333333333333, "cnt": 3}}, "nume": "COLEGIUL TEHNIC \"AUREL VLAICU\" BAIA MARE\tMaramure\u0219"}