{"specializari": {"MATEMATICA-INFORMATICA": 38, "TEHNICIAN IN ACTIVITATI ECONOMICE": 144, "TEHNICIAN IN ACTIVITATI DE COMERT": 56, "TEHNICIAN IN ADMINISTRATIE": 23, "TEHNICIAN IN TURISM": 60, "TEHNICIAN IN GASTRONOMIE": 28}, "limba_moderna": {"LIMBA ENGLEZA": 268, "LIMBA FRANCEZA": 80, "LIMBA GERMANA MODERNA": 1}, "limba_materna": {"LIMBA ROMANA": 349}, "promotie_anterioara": {"NU": 333, "DA": 16}, "materii": {"LIMBA ROMANA": {"medie": 6.798396501457727, "reusita": 93.98280802292264, "cnt": 349}, "MATEMATICA MATE-INFO": {"medie": 7.7815789473684225, "reusita": 94.73684210526315, "cnt": 38}, "GENERAL": {"medie": 7.431170108161259, "reusita": 79.94269340974212, "cnt": 349}, "INFORMATICA MI C/C++": {"medie": 7.883333333333332, "reusita": 100.0, "cnt": 18}, "GEOGRAFIE": {"medie": 8.204259259259256, "reusita": 97.11191335740072, "cnt": 277}, "PSIHOLOGIE": {"medie": 5.65, "reusita": 100.0, "cnt": 1}, "ANATOMIE SI FIZIOLOGIE UMANA, GENETICA SI ECOLOGIE UMANA": {"medie": 7.918749999999999, "reusita": 100.0, "cnt": 16}, "FIZICA TEO": {"medie": 5.300000000000001, "reusita": 75.0, "cnt": 4}, "MATEMATICA TEHN": {"medie": 7.408443708609275, "reusita": 88.10289389067523, "cnt": 311}, "ECONOMIE": {"medie": 6.941304347826086, "reusita": 95.65217391304348, "cnt": 23}, "LOGICA, ARGUMENTARE SI COMUNICARE": {"medie": 7.815, "reusita": 100.0, "cnt": 10}}, "nume": "COLEGIUL ECONOMIC \"DIMITRIE CANTEMIR\" SUCEAVA\tSuceava"}