{"specializari": {"TEHNICIAN OPERATOR TEHNICA DE CALCUL": 35, "TEHNICIAN DE TELECOMUNICATII": 16, "TEHNICIAN IN ACTIVITATI ECONOMICE": 33, "TEHNICIAN IN AUTOMATIZARI": 18, "TEHNICIAN IN ACTIVITATI DE POSTA": 1, "COAFOR STILIST": 20}, "limba_moderna": {"LIMBA ENGLEZA": 104, "LIMBA FRANCEZA": 19}, "limba_materna": {"LIMBA ROMANA": 123}, "promotie_anterioara": {"DA": 18, "NU": 105}, "materii": {"LIMBA ROMANA": {"medie": 6.061475409836065, "reusita": 98.3739837398374, "cnt": 123}, "BIOLOGIE VEGETALA SI ANIMALA": {"medie": 5.992857142857143, "reusita": 80.95238095238095, "cnt": 42}, "GENERAL": {"medie": 7.210382513661202, "reusita": 85.36585365853658, "cnt": 123}, "GEOGRAFIE": {"medie": 7.865686274509803, "reusita": 98.07692307692307, "cnt": 52}, "MATEMATICA TEHN": {"medie": 8.36885245901639, "reusita": 97.5609756097561, "cnt": 123}, "FIZICA TEH": {"medie": 8.441666666666666, "reusita": 100.0, "cnt": 6}, "LOGICA, ARGUMENTARE SI COMUNICARE": {"medie": 8.1, "reusita": 100.0, "cnt": 2}, "CHIMIE ANORGANICA TEH NIVEL I/II": {"medie": 7.561904761904761, "reusita": 100.0, "cnt": 21}}, "nume": "COLEGIUL N.V. KARPEN\" BACAU\tBac\u0103u"}