{"specializari": {"TEHNICIAN MECANIC PENTRU INTRETINERE SI REPARATII": 80, "TEHNICIAN IN ADMINISTRATIE": 23, "TEHNICIAN ANALIZE PRODUSE ALIMENTARE": 24, "TEHNICIAN ELECTRICIAN/ELECTRONIST AUTO": 20, "TEHNICIAN IN AGRICULTURA": 12, "TEHNICIAN IN SILVICULTURA SI EXPLOATARI FORESTIERE": 20, "TEHNICIAN IN TURISM": 29, "TEHNICIAN IN ACTIVITATI ECONOMICE": 29, "TEHNICIAN IN CONSTRUCTII SI LUCRARI PUBLICE": 15, "TEHNICIAN AGROMONTAN": 19, "TEHNICIAN IN INSTALATII ELECTRICE": 12, "TEHNICIAN DE TELECOMUNICATII": 3, "STIINTE ALE NATURII": 28, "TEHNICIAN OPERATOR TEHNICA DE CALCUL": 22, "TEHNICIAN IN GASTRONOMIE": 52, "TEHNICIAN ECOLOG SI PROTECTIA CALITATII MEDIULUI": 37, "TEHNICIAN VETERINAR": 1, "TEHNICIAN IN AUTOMATIZARI": 24, "TEHNICIAN TRANSPORTURI": 1, "TEHNICIAN IN INDUSTRIA TEXTILA": 2}, "limba_moderna": {"LIMBA ENGLEZA": 302, "LIMBA FRANCEZA": 151}, "limba_materna": {"LIMBA ROMANA": 453}, "promotie_anterioara": {"DA": 102, "NU": 351}, "materii": {"LIMBA ROMANA": {"medie": 5.751466992665035, "reusita": 75.27593818984548, "cnt": 453}, "BIOLOGIE VEGETALA SI ANIMALA": {"medie": 4.3679487179487175, "reusita": 40.44117647058824, "cnt": 136}, "GENERAL": {"medie": 5.958479532163736, "reusita": 45.033112582781456, "cnt": 453}, "GEOGRAFIE": {"medie": 7.689224137931036, "reusita": 95.0413223140496, "cnt": 121}, "MATEMATICA ST-NAT": {"medie": 4.134090909090909, "reusita": 42.857142857142854, "cnt": 28}, "ANATOMIE SI FIZIOLOGIE UMANA, GENETICA SI ECOLOGIE UMANA": {"medie": 6.4325, "reusita": 81.95488721804512, "cnt": 133}, "MATEMATICA TEHN": {"medie": 6.077648578811368, "reusita": 77.17647058823529, "cnt": 425}, "FIZICA TEH": {"medie": 4.819444444444444, "reusita": 55.81395348837209, "cnt": 43}, "ECONOMIE": {"medie": 6.375, "reusita": 100.0, "cnt": 12}, "CHIMIE ANORGANICA TEH NIVEL I/II": {"medie": 5.971428571428571, "reusita": 100.0, "cnt": 7}, "CHIMIE ORGANICA TEH NIVEL I/II": {"medie": 8.9, "reusita": 100.0, "cnt": 1}}, "nume": "COLEGIUL TEHNIC \"ION CREANGA\", ORAS TARGU NEAMT\tNeam\u021b"}