{"specializari": {"FILOLOGIE": 62, "STIINTE ALE NATURII": 33, "MATEMATICA-INFORMATICA": 57}, "limba_moderna": {"LIMBA ENGLEZA": 139, "LIMBA FRANCEZA": 13}, "limba_materna": {"LIMBA ROMANA": 152}, "promotie_anterioara": {"NU": 151, "DA": 1}, "materii": {"LIMBA ROMANA": {"medie": 7.924999999999998, "reusita": 100.0, "cnt": 152}, "MATEMATICA MATE-INFO": {"medie": 9.242105263157896, "reusita": 100.0, "cnt": 57}, "GENERAL": {"medie": 8.384429824561405, "reusita": 100.0, "cnt": 152}, "CHIMIE ORGANICA TEO NIVEL I/II": {"medie": 8.886666666666667, "reusita": 100.0, "cnt": 15}, "ISTORIE": {"medie": 7.619354838709677, "reusita": 98.38709677419355, "cnt": 62}, "GEOGRAFIE": {"medie": 9.173749999999998, "reusita": 100.0, "cnt": 40}, "PSIHOLOGIE": {"medie": 9.5, "reusita": 100.0, "cnt": 2}, "MATEMATICA ST-NAT": {"medie": 7.927272727272728, "reusita": 100.0, "cnt": 33}, "ANATOMIE SI FIZIOLOGIE UMANA, GENETICA SI ECOLOGIE UMANA": {"medie": 9.069491525423727, "reusita": 100.0, "cnt": 59}, "FIZICA TEO": {"medie": 7.679166666666667, "reusita": 100.0, "cnt": 12}, "ECONOMIE": {"medie": 9.15, "reusita": 100.0, "cnt": 4}, "LOGICA, ARGUMENTARE SI COMUNICARE": {"medie": 8.608333333333333, "reusita": 100.0, "cnt": 6}, "SOCIOLOGIE": {"medie": 8.72, "reusita": 100.0, "cnt": 10}, "INFORMATICA MI PASCAL": {"medie": 8.9875, "reusita": 100.0, "cnt": 4}}, "nume": "COLEGIUL NATIONAL \"MIHAI EMINESCU\" PETROSANI\tHunedoara"}