{"specializari": {"STIINTE ALE NATURII": 55, "LICEU CU PROGRAM SPORTIV": 1, "MATEMATICA-INFORMATICA": 77}, "limba_moderna": {"LIMBA ENGLEZA": 104, "LIMBA FRANCEZA": 28, "LIMBA GERMANA MODERNA": 1}, "limba_materna": {"LIMBA ROMANA": 133}, "promotie_anterioara": {"NU": 102, "DA": 31}, "materii": {"LIMBA ROMANA": {"medie": 6.451136363636364, "reusita": 90.97744360902256, "cnt": 133}, "MATEMATICA MATE-INFO": {"medie": 5.520666666666669, "reusita": 68.83116883116884, "cnt": 77}, "GENERAL": {"medie": 6.332041343669246, "reusita": 56.390977443609025, "cnt": 133}, "CHIMIE ORGANICA TEO NIVEL I/II": {"medie": 9.899999999999999, "reusita": 100.0, "cnt": 4}, "INFORMATICA MI C/C++": {"medie": 7.3625, "reusita": 100.0, "cnt": 32}, "ISTORIE": {"medie": 3.3, "reusita": 0.0, "cnt": 1}, "GEOGRAFIE": {"medie": 2.6, "reusita": 0.0, "cnt": 1}, "MATEMATICA ST-NAT": {"medie": 5.2245283018867905, "reusita": 61.81818181818181, "cnt": 55}, "ANATOMIE SI FIZIOLOGIE UMANA, GENETICA SI ECOLOGIE UMANA": {"medie": 6.977127659574468, "reusita": 80.20833333333334, "cnt": 96}}, "nume": "COLEGIUL NATIONAL DE INFORMATICA \"SPIRU HARET\" SUCEAVA\tSuceava"}