{"specializari": {"MATEMATICA-INFORMATICA": 25, "FILOLOGIE": 32, "STIINTE ALE NATURII": 18, "STIINTE SOCIALE": 28}, "limba_moderna": {"LIMBA ENGLEZA": 72, "LIMBA FRANCEZA": 31}, "limba_materna": {"LIMBA ROMANA": 103}, "promotie_anterioara": {"NU": 91, "DA": 12}, "materii": {"LIMBA ROMANA": {"medie": 6.92233009708738, "reusita": 90.29126213592234, "cnt": 103}, "MATEMATICA MATE-INFO": {"medie": 7.28, "reusita": 92.0, "cnt": 25}, "GENERAL": {"medie": 7.083986928104575, "reusita": 75.72815533980582, "cnt": 103}, "ISTORIE": {"medie": 6.376666666666667, "reusita": 96.66666666666667, "cnt": 60}, "GEOGRAFIE": {"medie": 8.334259259259262, "reusita": 100.0, "cnt": 54}, "MATEMATICA ST-NAT": {"medie": 5.538888888888888, "reusita": 77.77777777777779, "cnt": 18}, "ANATOMIE SI FIZIOLOGIE UMANA, GENETICA SI ECOLOGIE UMANA": {"medie": 7.3050000000000015, "reusita": 85.36585365853658, "cnt": 41}, "FIZICA TEO": {"medie": 7.5, "reusita": 100.0, "cnt": 1}, "LOGICA, ARGUMENTARE SI COMUNICARE": {"medie": 7.566666666666666, "reusita": 100.0, "cnt": 3}, "SOCIOLOGIE": {"medie": 5.733333333333334, "reusita": 100.0, "cnt": 3}, "INFORMATICA MI PASCAL": {"medie": 6.75, "reusita": 100.0, "cnt": 1}}, "nume": "COLEGIUL NATIONAL \"TUDOR ARGHEZI\" TG-CARBUNESTI\tGorj"}