{"specializari": {"MATEMATICA-INFORMATICA": 107, "STIINTE ALE NATURII": 67, "FILOLOGIE": 33, "STIINTE SOCIALE": 34}, "limba_moderna": {"LIMBA ENGLEZA": 177, "LIMBA FRANCEZA": 44, "LIMBA SPANIOLA": 19, "LIMBA GERMANA MODERNA": 1}, "limba_materna": {"LIMBA ROMANA": 241}, "promotie_anterioara": {"NU": 236, "DA": 5}, "materii": {"LIMBA ROMANA": {"medie": 7.219502074688797, "reusita": 99.5850622406639, "cnt": 241}, "MATEMATICA MATE-INFO": {"medie": 8.241121495327105, "reusita": 99.06542056074767, "cnt": 107}, "BIOLOGIE VEGETALA SI ANIMALA": {"medie": 8.208333333333336, "reusita": 100.0, "cnt": 60}, "GENERAL": {"medie": 7.864384508990314, "reusita": 95.0207468879668, "cnt": 241}, "CHIMIE ORGANICA TEO NIVEL I/II": {"medie": 9.154545454545454, "reusita": 100.0, "cnt": 11}, "INFORMATICA MI C/C++": {"medie": 8.313461538461539, "reusita": 96.15384615384616, "cnt": 26}, "CHIMIE ANORGANICA TEO NIVEL I/II": {"medie": 7.4, "reusita": 100.0, "cnt": 2}, "ISTORIE": {"medie": 7.956716417910447, "reusita": 100.0, "cnt": 67}, "GEOGRAFIE": {"medie": 8.934210526315791, "reusita": 100.0, "cnt": 19}, "PSIHOLOGIE": {"medie": 9.308333333333332, "reusita": 100.0, "cnt": 6}, "MATEMATICA ST-NAT": {"medie": 7.545522388059697, "reusita": 98.50746268656717, "cnt": 67}, "ANATOMIE SI FIZIOLOGIE UMANA, GENETICA SI ECOLOGIE UMANA": {"medie": 7.962500000000003, "reusita": 97.5, "cnt": 40}, "FIZICA TEO": {"medie": 7.975806451612903, "reusita": 96.7741935483871, "cnt": 31}, "INFORMATICA SN C/C++": {"medie": 6.5, "reusita": 100.0, "cnt": 2}, "ECONOMIE": {"medie": 9.5, "reusita": 100.0, "cnt": 3}, "SOCIOLOGIE": {"medie": 9.07179487179487, "reusita": 100.0, "cnt": 39}, "INFORMATICA MI PASCAL": {"medie": 7.4, "reusita": 100.0, "cnt": 2}}, "nume": "COLEGIUL NATIONAL \"ALEXANDRU ODOBESCU\" PITESTI\tArge\u0219"}