{"specializari": {"FILOLOGIE": 37, "MATEMATICA-INFORMATICA": 53, "STIINTE ALE NATURII": 58, "STIINTE SOCIALE": 81, "TEHNICIAN PROIECTANT CAD": 4, "TEHNICIAN IN AUTOMATIZARI": 1, "TEHNICIAN MECANIC PENTRU INTRETINERE SI REPARATII": 3, "TEHNICIAN PRELUCRARI MECANICE": 2, "TEHNICIAN MECATRONIST": 1}, "limba_moderna": {"LIMBA ENGLEZA": 219, "LIMBA FRANCEZA": 21}, "limba_materna": {"LIMBA ROMANA": 240}, "promotie_anterioara": {"NU": 177, "DA": 63}, "materii": {"LIMBA ROMANA": {"medie": 5.7614224137931025, "reusita": 80.0, "cnt": 240}, "MATEMATICA MATE-INFO": {"medie": 5.527450980392157, "reusita": 84.90566037735849, "cnt": 53}, "BIOLOGIE VEGETALA SI ANIMALA": {"medie": 5.426190476190476, "reusita": 73.4375, "cnt": 64}, "GENERAL": {"medie": 6.083551673944691, "reusita": 47.5, "cnt": 240}, "CHIMIE ORGANICA TEO NIVEL I/II": {"medie": 6.45, "reusita": 100.0, "cnt": 1}, "INFORMATICA MI C/C++": {"medie": 6.188888888888889, "reusita": 88.88888888888889, "cnt": 9}, "CHIMIE ANORGANICA TEO NIVEL I/II": {"medie": 6.811111111111111, "reusita": 92.5925925925926, "cnt": 27}, "ISTORIE": {"medie": 6.1899122807017575, "reusita": 94.0677966101695, "cnt": 118}, "GEOGRAFIE": {"medie": 7.415178571428569, "reusita": 93.16239316239316, "cnt": 117}, "MATEMATICA ST-NAT": {"medie": 5.726315789473684, "reusita": 82.75862068965517, "cnt": 58}, "ANATOMIE SI FIZIOLOGIE UMANA, GENETICA SI ECOLOGIE UMANA": {"medie": 6.407142857142857, "reusita": 80.0, "cnt": 15}, "FIZICA TEO": {"medie": 5.0, "reusita": 50.0, "cnt": 2}, "MATEMATICA TEHN": {"medie": 4.51, "reusita": 63.63636363636363, "cnt": 11}, "FIZICA TEH": {"medie": 1.6, "reusita": 0.0, "cnt": 1}, "SOCIOLOGIE": {"medie": 5.0, "reusita": 100.0, "cnt": 1}, "INFORMATICA MI PASCAL": {"medie": 5.5, "reusita": 50.0, "cnt": 2}, "CHIMIE ORGANICA TEH NIVEL I/II": {"medie": "-", "reusita": 0.0, "cnt": 1}}, "nume": "COLEGIUL \"NICOLAE TITULESCU\" BRASOV\tBra\u0219ov"}