{"specializari": {"ARHITECTURA, ARTE AMBIENTALE SI DESIGN": 31, "MUZICA": 29, "ARTE PLASTICE SI DECORATIVE": 33}, "limba_moderna": {"LIMBA ENGLEZA": 93}, "limba_materna": {"LIMBA ROMANA": 93}, "promotie_anterioara": {"NU": 87, "DA": 6}, "materii": {"LIMBA ROMANA": {"medie": 7.179032258064517, "reusita": 97.84946236559139, "cnt": 93}, "GENERAL": {"medie": 7.6541218637992845, "reusita": 90.32258064516128, "cnt": 93}, "ISTORIE": {"medie": 7.620967741935484, "reusita": 95.6989247311828, "cnt": 93}, "GEOGRAFIE": {"medie": 7.7714285714285705, "reusita": 95.23809523809523, "cnt": 21}, "PSIHOLOGIE": {"medie": 7.6375, "reusita": 100.0, "cnt": 4}, "FILOSOFIE": {"medie": 8.560526315789472, "reusita": 100.0, "cnt": 19}, "ECONOMIE": {"medie": 9.55, "reusita": 100.0, "cnt": 1}, "LOGICA, ARGUMENTARE SI COMUNICARE": {"medie": 8.190624999999999, "reusita": 93.75, "cnt": 48}}, "nume": "COLEGIUL DE ARTE BAIA MARE\tMaramure\u0219"}