{"specializari": {"TEHNICIAN CHIMIST DE LABORATOR": 7, "STIINTE ALE NATURII": 11, "TEHNICIAN MECANIC PENTRU INTRETINERE SI REPARATII": 46, "TEHNICIAN IN INDUSTRIA STICLEI SI CERAMICII": 2, "TEHNICIAN DESENATOR PENTRU CONSTRUCTII SI INSTALATII": 35, "TEHNICIAN IN INSTALATII ELECTRICE": 12, "TEHNICIAN ELECTROMECANIC": 7, "MATEMATICA-INFORMATICA": 1, "TEHNICIAN ELECTROTEHNIST": 11, "TEHNICIAN INSTALATOR PENTRU CONSTRUCTII": 4, "TEHNICIAN IN INDUSTRIA MATERIALELOR DE CONSTRUCTII": 1, "TEHNICIAN IN CONSTRUCTII SI LUCRARI PUBLICE": 4, "TEHNICIAN MECATRONIST": 7}, "limba_moderna": {"LIMBA ENGLEZA": 118, "LIMBA FRANCEZA": 30}, "limba_materna": {"LIMBA ROMANA": 148}, "promotie_anterioara": {"NU": 53, "DA": 95}, "materii": {"LIMBA ROMANA": {"medie": 4.815734265734266, "reusita": 58.78378378378378, "cnt": 148}, "MATEMATICA MATE-INFO": {"medie": 2.2, "reusita": 0.0, "cnt": 1}, "BIOLOGIE VEGETALA SI ANIMALA": {"medie": 4.46923076923077, "reusita": 45.45454545454545, "cnt": 110}, "GENERAL": {"medie": 4.722139303482587, "reusita": 9.45945945945946, "cnt": 148}, "MATEMATICA ST-NAT": {"medie": 3.7363636363636363, "reusita": 36.36363636363637, "cnt": 11}, "ANATOMIE SI FIZIOLOGIE UMANA, GENETICA SI ECOLOGIE UMANA": {"medie": 6.3, "reusita": 100.0, "cnt": 1}, "MATEMATICA TEHN": {"medie": 4.884920634920639, "reusita": 60.29411764705882, "cnt": 136}, "FIZICA TEH": {"medie": 4.125, "reusita": 30.76923076923077, "cnt": 13}, "CHIMIE ANORGANICA TEH NIVEL I/II": {"medie": 4.610526315789473, "reusita": 45.45454545454545, "cnt": 22}, "CHIMIE ORGANICA TEH NIVEL I/II": {"medie": 4.55, "reusita": 50.0, "cnt": 2}}, "nume": "COLEGIUL TEHNIC \"MIHAI BRAVU\"\tBucure\u0219ti"}