{"specializari": {"ARHITECTURA, ARTE AMBIENTALE SI DESIGN": 74, "TEHNICIAN DESENATOR PENTRU CONSTRUCTII SI INSTALATII": 53, "MATEMATICA-INFORMATICA": 30}, "limba_moderna": {"LIMBA ENGLEZA": 156, "LIMBA FRANCEZA": 1}, "limba_materna": {"LIMBA ROMANA": 157}, "promotie_anterioara": {"NU": 85, "DA": 72}, "materii": {"LIMBA ROMANA": {"medie": 6.411935483870966, "reusita": 92.35668789808918, "cnt": 157}, "MATEMATICA MATE-INFO": {"medie": 5.30357142857143, "reusita": 73.33333333333333, "cnt": 30}, "BIOLOGIE VEGETALA SI ANIMALA": {"medie": 5.6546875, "reusita": 64.70588235294117, "cnt": 68}, "GENERAL": {"medie": 6.42117117117117, "reusita": 57.324840764331206, "cnt": 157}, "CHIMIE ANORGANICA TEO NIVEL I/II": {"medie": 6.266666666666666, "reusita": 100.0, "cnt": 3}, "ISTORIE": {"medie": 6.438194444444445, "reusita": 93.24324324324324, "cnt": 74}, "GEOGRAFIE": {"medie": 7.86212121212121, "reusita": 100.0, "cnt": 66}, "ANATOMIE SI FIZIOLOGIE UMANA, GENETICA SI ECOLOGIE UMANA": {"medie": 7.3, "reusita": 100.0, "cnt": 3}, "FIZICA TEO": {"medie": 4.216666666666666, "reusita": 50.0, "cnt": 4}, "MATEMATICA TEHN": {"medie": 5.9333333333333345, "reusita": 79.24528301886792, "cnt": 53}, "FIZICA TEH": {"medie": 4.9125, "reusita": 50.0, "cnt": 4}, "ECONOMIE": {"medie": 5.0, "reusita": 100.0, "cnt": 1}, "LOGICA, ARGUMENTARE SI COMUNICARE": {"medie": 6.764285714285714, "reusita": 85.71428571428571, "cnt": 7}, "CHIMIE ANORGANICA TEH NIVEL I/II": {"medie": 6.35, "reusita": 100.0, "cnt": 1}}, "nume": "COLEGIUL TEHNIC DE ARHITECTURA SI LUCRARI PUBLICE \"IOAN N. SOCOLESCU\"\tBucure\u0219ti"}