{"specializari": {"FILOLOGIE": 61, "MATEMATICA-INFORMATICA": 82, "STIINTE ALE NATURII": 28, "STIINTE SOCIALE": 33}, "limba_moderna": {"LIMBA ENGLEZA": 171, "LIMBA FRANCEZA": 33}, "limba_materna": {"LIMBA ROMANA": 204}, "promotie_anterioara": {"NU": 199, "DA": 5}, "materii": {"LIMBA ROMANA": {"medie": 8.18406862745098, "reusita": 98.52941176470588, "cnt": 204}, "MATEMATICA MATE-INFO": {"medie": 8.415243902439027, "reusita": 100.0, "cnt": 82}, "BIOLOGIE VEGETALA SI ANIMALA": {"medie": 7.700000000000002, "reusita": 86.66666666666667, "cnt": 30}, "GENERAL": {"medie": 8.440755336617405, "reusita": 94.11764705882352, "cnt": 204}, "CHIMIE ORGANICA TEO NIVEL I/II": {"medie": 9.285294117647059, "reusita": 100.0, "cnt": 17}, "INFORMATICA MI C/C++": {"medie": 9.142857142857142, "reusita": 100.0, "cnt": 7}, "ISTORIE": {"medie": 8.29521276595745, "reusita": 98.93617021276596, "cnt": 94}, "GEOGRAFIE": {"medie": 8.964084507042253, "reusita": 100.0, "cnt": 71}, "MATEMATICA ST-NAT": {"medie": 8.735714285714284, "reusita": 100.0, "cnt": 28}, "ANATOMIE SI FIZIOLOGIE UMANA, GENETICA SI ECOLOGIE UMANA": {"medie": 9.28888888888889, "reusita": 100.0, "cnt": 27}, "FIZICA TEO": {"medie": 7.5955172413793095, "reusita": 93.10344827586206, "cnt": 29}, "ECONOMIE": {"medie": 9.4, "reusita": 100.0, "cnt": 5}, "LOGICA, ARGUMENTARE SI COMUNICARE": {"medie": 9.295, "reusita": 100.0, "cnt": 10}, "SOCIOLOGIE": {"medie": 9.24375, "reusita": 100.0, "cnt": 8}}, "nume": "COLEGIUL NATIONAL \"GH. ROSCA CODREANU\", MUN. BARLAD\tVaslui"}