{"specializari": {"STIINTE ALE NATURII": 75, "MATEMATICA-INFORMATICA": 27}, "limba_moderna": {"LIMBA ENGLEZA": 95, "LIMBA FRANCEZA": 6, "LIMBA GERMANA MODERNA": 1}, "limba_materna": {"LIMBA ROMANA": 102}, "promotie_anterioara": {"DA": 9, "NU": 93}, "materii": {"LIMBA ROMANA": {"medie": 6.453, "reusita": 90.19607843137256, "cnt": 102}, "MATEMATICA MATE-INFO": {"medie": 7.47037037037037, "reusita": 92.5925925925926, "cnt": 27}, "BIOLOGIE VEGETALA SI ANIMALA": {"medie": 7.9220588235294125, "reusita": 91.42857142857143, "cnt": 35}, "GENERAL": {"medie": 7.289393939393936, "reusita": 82.35294117647058, "cnt": 102}, "INFORMATICA MI C/C++": {"medie": 6.35, "reusita": 100.0, "cnt": 1}, "MATEMATICA ST-NAT": {"medie": 6.957432432432433, "reusita": 89.33333333333333, "cnt": 75}, "ANATOMIE SI FIZIOLOGIE UMANA, GENETICA SI ECOLOGIE UMANA": {"medie": 8.447656250000003, "reusita": 98.46153846153847, "cnt": 65}, "FIZICA TEO": {"medie": "-", "reusita": 0.0, "cnt": 1}}, "nume": "COLEGIUL NATIONAL \"ANA ASLAN\" TIMISOARA\tTimi\u0219"}