{"specializari": {"MATEMATICA-INFORMATICA": 117, "STIINTE ALE NATURII": 33, "STIINTE SOCIALE": 35, "FILOLOGIE": 37}, "limba_moderna": {"LIMBA ENGLEZA": 216, "LIMBA FRANCEZA": 6}, "limba_materna": {"LIMBA ROMANA": 222}, "promotie_anterioara": {"NU": 218, "DA": 4}, "materii": {"LIMBA ROMANA": {"medie": 7.428603603603603, "reusita": 95.94594594594594, "cnt": 222}, "MATEMATICA MATE-INFO": {"medie": 8.352991452991452, "reusita": 99.14529914529915, "cnt": 117}, "BIOLOGIE VEGETALA SI ANIMALA": {"medie": 8.187499999999998, "reusita": 100.0, "cnt": 20}, "GENERAL": {"medie": 7.839864864864868, "reusita": 90.54054054054053, "cnt": 222}, "CHIMIE ORGANICA TEO NIVEL I/II": {"medie": 8.245833333333334, "reusita": 100.0, "cnt": 12}, "INFORMATICA MI C/C++": {"medie": 8.3, "reusita": 100.0, "cnt": 19}, "CHIMIE ANORGANICA TEO NIVEL I/II": {"medie": 7.6, "reusita": 100.0, "cnt": 1}, "ISTORIE": {"medie": 8.181249999999999, "reusita": 100.0, "cnt": 72}, "GEOGRAFIE": {"medie": 8.557142857142857, "reusita": 100.0, "cnt": 21}, "PSIHOLOGIE": {"medie": 8.2, "reusita": 100.0, "cnt": 2}, "MATEMATICA ST-NAT": {"medie": 6.875757575757577, "reusita": 87.87878787878788, "cnt": 33}, "ANATOMIE SI FIZIOLOGIE UMANA, GENETICA SI ECOLOGIE UMANA": {"medie": 7.6923076923076925, "reusita": 96.15384615384616, "cnt": 78}, "FIZICA TEO": {"medie": 7.3549999999999995, "reusita": 90.0, "cnt": 20}, "ECONOMIE": {"medie": 8.89, "reusita": 100.0, "cnt": 5}, "SOCIOLOGIE": {"medie": 8.256818181818183, "reusita": 100.0, "cnt": 44}}, "nume": "COLEGIUL NATIONAL \"MATEI BASARAB\"\tBucure\u0219ti"}