{"specializari": {"TEHNICIAN DESIGNER VESTIMENTAR": 19, "TEHNICIAN IN TURISM": 33, "TEHNICIAN IN INDUSTRIA TEXTILA": 8, "TEHNICIAN IN INDUSTRIA STICLEI SI CERAMICII": 1}, "limba_moderna": {"LIMBA ENGLEZA": 58, "LIMBA FRANCEZA": 3}, "limba_materna": {"LIMBA ROMANA": 60, "LIMBA MAGHIARA": 1}, "promotie_anterioara": {"NU": 36, "DA": 25}, "materii": {"LIMBA ROMANA": {"medie": 5.542372881355932, "reusita": 77.04918032786885, "cnt": 61}, "BIOLOGIE VEGETALA SI ANIMALA": {"medie": 4.439473684210527, "reusita": 38.095238095238095, "cnt": 21}, "GENERAL": {"medie": 6.453216374269008, "reusita": 47.540983606557376, "cnt": 61}, "GEOGRAFIE": {"medie": 7.910344827586207, "reusita": 93.33333333333333, "cnt": 30}, "PSIHOLOGIE": {"medie": 6.8, "reusita": 100.0, "cnt": 2}, "ANATOMIE SI FIZIOLOGIE UMANA, GENETICA SI ECOLOGIE UMANA": {"medie": 3.1, "reusita": 0.0, "cnt": 1}, "MATEMATICA TEHN": {"medie": 7.3258620689655185, "reusita": 83.60655737704919, "cnt": 61}, "FIZICA TEH": {"medie": 6.1, "reusita": 100.0, "cnt": 1}, "LOGICA, ARGUMENTARE SI COMUNICARE": {"medie": 9.0, "reusita": 100.0, "cnt": 1}, "CHIMIE ANORGANICA TEH NIVEL I/II": {"medie": 4.025, "reusita": 33.33333333333333, "cnt": 3}, "LIMBA MAGHIARA (REAL)": {"medie": 6.3, "reusita": 100.0, "cnt": 1}, "CHIMIE ORGANICA TEH NIVEL I/II": {"medie": 4.875, "reusita": 50.0, "cnt": 2}}, "nume": "COLEGIUL DE SERVICII IN TURISM \"NAPOCA\" CLUJ-NAPOCA\tCluj"}