{"specializari": {"TEHNICIAN IN ACTIVITATI ECONOMICE": 80, "TEHNICIAN IN GASTRONOMIE": 11, "TEHNICIAN IN TURISM": 20, "MATEMATICA-INFORMATICA": 11, "TEHNICIAN IN ACTIVITATI DE COMERT": 15, "TEHNICIAN IN ADMINISTRATIE": 5}, "limba_moderna": {"LIMBA ENGLEZA": 140, "LIMBA FRANCEZA": 2}, "limba_materna": {"LIMBA ROMANA": 142}, "promotie_anterioara": {"NU": 118, "DA": 24}, "materii": {"LIMBA ROMANA": {"medie": 6.870567375886525, "reusita": 93.66197183098592, "cnt": 142}, "MATEMATICA MATE-INFO": {"medie": 6.604545454545454, "reusita": 90.9090909090909, "cnt": 11}, "BIOLOGIE VEGETALA SI ANIMALA": {"medie": 7.305, "reusita": 80.0, "cnt": 10}, "GENERAL": {"medie": 7.045772946859903, "reusita": 70.4225352112676, "cnt": 142}, "GEOGRAFIE": {"medie": 7.449545454545455, "reusita": 96.42857142857143, "cnt": 112}, "PSIHOLOGIE": {"medie": 6.333333333333333, "reusita": 100.0, "cnt": 3}, "ANATOMIE SI FIZIOLOGIE UMANA, GENETICA SI ECOLOGIE UMANA": {"medie": 7.5, "reusita": 100.0, "cnt": 1}, "MATEMATICA TEHN": {"medie": 7.114453125000002, "reusita": 89.31297709923665, "cnt": 131}, "ECONOMIE": {"medie": 5.290625, "reusita": 81.25, "cnt": 16}}, "nume": "COLEGIUL ECONOMIC CALARASI\tC\u0103l\u0103ra\u0219i"}