{"specializari": {"STIINTE ALE NATURII": 29, "FILOLOGIE": 34, "MATEMATICA-INFORMATICA": 54}, "limba_moderna": {"LIMBA ENGLEZA": 116, "LIMBA FRANCEZA": 1}, "limba_materna": {"LIMBA GERMANA": 117}, "promotie_anterioara": {"NU": 117}, "materii": {"LIMBA ROMANA": {"medie": 8.263247863247864, "reusita": 100.0, "cnt": 117}, "MATEMATICA MATE-INFO": {"medie": 8.612962962962964, "reusita": 98.14814814814815, "cnt": 54}, "BIOLOGIE VEGETALA SI ANIMALA": {"medie": 9.209090909090909, "reusita": 100.0, "cnt": 33}, "GENERAL": {"medie": 8.497542735042735, "reusita": 99.14529914529915, "cnt": 117}, "CHIMIE ORGANICA TEO NIVEL I/II": {"medie": 10.0, "reusita": 100.0, "cnt": 1}, "INFORMATICA MI C/C++": {"medie": 8.823684210526318, "reusita": 100.0, "cnt": 19}, "CHIMIE ANORGANICA TEO NIVEL I/II": {"medie": 8.5, "reusita": 100.0, "cnt": 1}, "ISTORIE": {"medie": 7.576470588235295, "reusita": 100.0, "cnt": 34}, "GEOGRAFIE": {"medie": 8.118518518518517, "reusita": 100.0, "cnt": 27}, "PSIHOLOGIE": {"medie": 8.3, "reusita": 100.0, "cnt": 1}, "MATEMATICA ST-NAT": {"medie": 8.565517241379311, "reusita": 100.0, "cnt": 29}, "ANATOMIE SI FIZIOLOGIE UMANA, GENETICA SI ECOLOGIE UMANA": {"medie": 9.731578947368419, "reusita": 100.0, "cnt": 19}, "FIZICA TEO": {"medie": 8.556249999999999, "reusita": 100.0, "cnt": 8}, "FILOSOFIE": {"medie": 8.583333333333334, "reusita": 100.0, "cnt": 3}, "LIMBA GERMANA": {"medie": 8.503418803418802, "reusita": 100.0, "cnt": 117}, "INFORMATICA SN C/C++": {"medie": 9.9, "reusita": 100.0, "cnt": 2}, "LOGICA, ARGUMENTARE SI COMUNICARE": {"medie": 9.200000000000001, "reusita": 100.0, "cnt": 3}}, "nume": "COLEGIUL NATIONAL \"SAMUEL VON BRUKENTHAL\" SIBIU\tSibiu"}