{"specializari": {"MATEMATICA-INFORMATICA": 39, "STIINTE ALE NATURII": 34, "FILOLOGIE": 44, "INVATATOR - EDUCATOARE": 25}, "limba_moderna": {"LIMBA ENGLEZA": 108, "LIMBA FRANCEZA": 34}, "limba_materna": {"LIMBA GERMANA": 13, "LIMBA ROMANA": 129}, "promotie_anterioara": {"NU": 127, "DA": 15}, "materii": {"LIMBA ROMANA": {"medie": 6.602482269503545, "reusita": 91.54929577464789, "cnt": 142}, "MATEMATICA MATE-INFO": {"medie": 6.19342105263158, "reusita": 71.7948717948718, "cnt": 39}, "BIOLOGIE VEGETALA SI ANIMALA": {"medie": 5.85, "reusita": 66.66666666666666, "cnt": 12}, "GENERAL": {"medie": 6.622842789598109, "reusita": 66.19718309859155, "cnt": 142}, "CHIMIE ORGANICA TEO NIVEL I/II": {"medie": 8.499999999999998, "reusita": 100.0, "cnt": 6}, "INFORMATICA MI C/C++": {"medie": 7.815384615384614, "reusita": 92.3076923076923, "cnt": 13}, "ISTORIE": {"medie": 6.836363636363637, "reusita": 100.0, "cnt": 44}, "GEOGRAFIE": {"medie": 8.541176470588235, "reusita": 100.0, "cnt": 17}, "PSIHOLOGIE": {"medie": 7.633333333333333, "reusita": 100.0, "cnt": 3}, "MATEMATICA ST-NAT": {"medie": 4.616176470588236, "reusita": 55.88235294117647, "cnt": 34}, "ANATOMIE SI FIZIOLOGIE UMANA, GENETICA SI ECOLOGIE UMANA": {"medie": 5.63875, "reusita": 65.0, "cnt": 40}, "FIZICA TEO": {"medie": 4.75, "reusita": 50.0, "cnt": 2}, "FILOSOFIE": {"medie": 9.7, "reusita": 100.0, "cnt": 1}, "LIMBA GERMANA": {"medie": 4.8625, "reusita": 53.84615384615385, "cnt": 13}, "LOGICA, ARGUMENTARE SI COMUNICARE": {"medie": 8.312765957446809, "reusita": 95.74468085106383, "cnt": 47}, "MATEMATICA PED": {"medie": 6.6739999999999995, "reusita": 84.0, "cnt": 25}, "SOCIOLOGIE": {"medie": 5.15, "reusita": 100.0, "cnt": 1}}, "nume": "COLEGIUL NATIONAL \"C.D. LOGA\" CARANSEBES\tCara\u0219-Severin"}