{"specializari": {"FILOLOGIE": 78, "STIINTE ALE NATURII": 40, "MATEMATICA-INFORMATICA": 118}, "limba_moderna": {"LIMBA ENGLEZA": 202, "LIMBA FRANCEZA": 33, "LIMBA SPANIOLA": 1}, "limba_materna": {"LIMBA ROMANA": 236}, "promotie_anterioara": {"NU": 229, "DA": 7}, "materii": {"LIMBA ROMANA": {"medie": 8.157203389830507, "reusita": 99.15254237288136, "cnt": 236}, "MATEMATICA MATE-INFO": {"medie": 7.713983050847459, "reusita": 91.52542372881356, "cnt": 118}, "BIOLOGIE VEGETALA SI ANIMALA": {"medie": 8.286764705882353, "reusita": 100.0, "cnt": 34}, "GENERAL": {"medie": 7.8276129943502815, "reusita": 86.4406779661017, "cnt": 236}, "CHIMIE ORGANICA TEO NIVEL I/II": {"medie": 9.281250000000002, "reusita": 100.0, "cnt": 8}, "INFORMATICA MI C/C++": {"medie": 8.554166666666669, "reusita": 100.0, "cnt": 12}, "CHIMIE ANORGANICA TEO NIVEL I/II": {"medie": 5.4399999999999995, "reusita": 80.0, "cnt": 5}, "ISTORIE": {"medie": 7.231410256410257, "reusita": 97.43589743589743, "cnt": 78}, "GEOGRAFIE": {"medie": 8.185416666666667, "reusita": 100.0, "cnt": 48}, "PSIHOLOGIE": {"medie": 5.0, "reusita": 100.0, "cnt": 1}, "MATEMATICA ST-NAT": {"medie": 6.950000000000001, "reusita": 85.0, "cnt": 40}, "ANATOMIE SI FIZIOLOGIE UMANA, GENETICA SI ECOLOGIE UMANA": {"medie": 8.181914893617021, "reusita": 95.74468085106383, "cnt": 47}, "FIZICA TEO": {"medie": 7.388775510204083, "reusita": 89.79591836734694, "cnt": 49}, "ECONOMIE": {"medie": 7.133333333333333, "reusita": 66.66666666666666, "cnt": 3}, "LOGICA, ARGUMENTARE SI COMUNICARE": {"medie": 8.85, "reusita": 100.0, "cnt": 2}, "SOCIOLOGIE": {"medie": 7.179166666666666, "reusita": 95.83333333333334, "cnt": 24}, "INFORMATICA MI PASCAL": {"medie": 7.6000000000000005, "reusita": 100.0, "cnt": 3}}, "nume": "COLEGIUL NATIONAL \"RADU GRECEANU\" SLATINA\tOlt"}