{"specializari": {"MATEMATICA-INFORMATICA": 72, "STIINTE SOCIALE": 28, "FILOLOGIE": 61, "STIINTE ALE NATURII": 13}, "limba_moderna": {"LIMBA ENGLEZA": 157, "LIMBA FRANCEZA": 1, "LIMBA ITALIANA": 16}, "limba_materna": {"LIMBA ROMANA": 174}, "promotie_anterioara": {"NU": 166, "DA": 8}, "materii": {"LIMBA ROMANA": {"medie": 7.36896551724138, "reusita": 96.55172413793103, "cnt": 174}, "MATEMATICA MATE-INFO": {"medie": 7.65347222222222, "reusita": 91.66666666666666, "cnt": 72}, "GENERAL": {"medie": 7.6984496124031, "reusita": 86.7816091954023, "cnt": 174}, "CHIMIE ORGANICA TEO NIVEL I/II": {"medie": 8.416666666666666, "reusita": 100.0, "cnt": 6}, "CHIMIE ANORGANICA TEO NIVEL I/II": {"medie": 6.775, "reusita": 100.0, "cnt": 2}, "ISTORIE": {"medie": 7.585393258426967, "reusita": 97.75280898876404, "cnt": 89}, "GEOGRAFIE": {"medie": 8.802325581395344, "reusita": 100.0, "cnt": 86}, "MATEMATICA ST-NAT": {"medie": 5.154545454545454, "reusita": 69.23076923076923, "cnt": 13}, "ANATOMIE SI FIZIOLOGIE UMANA, GENETICA SI ECOLOGIE UMANA": {"medie": 7.738392857142858, "reusita": 89.65517241379311, "cnt": 58}, "FIZICA TEO": {"medie": 6.875, "reusita": 92.85714285714286, "cnt": 14}, "FILOSOFIE": {"medie": 10.0, "reusita": 100.0, "cnt": 1}, "ECONOMIE": {"medie": 8.95, "reusita": 100.0, "cnt": 2}, "INFORMATICA MI PASCAL": {"medie": 7.840000000000001, "reusita": 100.0, "cnt": 5}}, "nume": "COLEGIUL NATIONAL \"NICOLAE TITULESCU\" PUCIOASA\tD\u00e2mbovi\u021ba"}