{"specializari": {"MATEMATICA-INFORMATICA": 55, "FILOLOGIE": 36, "TEHNICIAN IN ACTIVITATI ECONOMICE": 1, "STIINTE SOCIALE": 26}, "limba_moderna": {"LIMBA ENGLEZA": 110, "LIMBA FRANCEZA": 8}, "limba_materna": {"LIMBA ROMANA": 118}, "promotie_anterioara": {"NU": 113, "DA": 5}, "materii": {"LIMBA ROMANA": {"medie": 7.397435897435899, "reusita": 96.61016949152543, "cnt": 118}, "MATEMATICA MATE-INFO": {"medie": 8.281818181818183, "reusita": 100.0, "cnt": 55}, "BIOLOGIE VEGETALA SI ANIMALA": {"medie": 9.358333333333333, "reusita": 100.0, "cnt": 18}, "GENERAL": {"medie": 7.862820512820516, "reusita": 94.0677966101695, "cnt": 118}, "INFORMATICA MI C/C++": {"medie": 7.25, "reusita": 83.33333333333334, "cnt": 6}, "ISTORIE": {"medie": 7.633606557377051, "reusita": 98.38709677419355, "cnt": 62}, "GEOGRAFIE": {"medie": 8.088000000000001, "reusita": 96.07843137254902, "cnt": 51}, "PSIHOLOGIE": {"medie": 9.7, "reusita": 100.0, "cnt": 2}, "ANATOMIE SI FIZIOLOGIE UMANA, GENETICA SI ECOLOGIE UMANA": {"medie": 7.648148148148149, "reusita": 100.0, "cnt": 27}, "FIZICA TEO": {"medie": 6.675, "reusita": 100.0, "cnt": 4}, "MATEMATICA TEHN": {"medie": 4.45, "reusita": 0.0, "cnt": 1}, "LOGICA, ARGUMENTARE SI COMUNICARE": {"medie": 9.98, "reusita": 100.0, "cnt": 10}}, "nume": "COLEGIUL NATIONAL \"TEODOR NES\" SALONTA\tBihor"}