{"specializari": {"TEHNICIAN DE TELECOMUNICATII": 9, "TEHNICIAN OPERATOR PROCESARE TEXT IMAGINE": 11, "TEHNICIAN TRANSPORTURI": 16, "TEHNICIAN OPERATOR TEHNICA DE CALCUL": 10, "TEHNICIAN IN INSTALATII ELECTRICE": 3, "TEHNICIAN MECANIC PENTRU INTRETINERE SI REPARATII": 2, "TEHNICIAN IN AUTOMATIZARI": 1, "MATEMATICA-INFORMATICA": 1, "TEHNICIAN PROIECTANT CAD": 3, "TEHNICIAN ELECTRONIST": 1, "TEHNICIAN ELECTROTEHNIST": 1}, "limba_moderna": {"LIMBA ENGLEZA": 45, "LIMBA FRANCEZA": 13}, "limba_materna": {"LIMBA ROMANA": 58}, "promotie_anterioara": {"NU": 22, "DA": 36}, "materii": {"LIMBA ROMANA": {"medie": 5.519642857142856, "reusita": 81.03448275862068, "cnt": 58}, "MATEMATICA MATE-INFO": {"medie": "-", "reusita": 0.0, "cnt": 1}, "BIOLOGIE VEGETALA SI ANIMALA": {"medie": 5.3744897959183655, "reusita": 71.42857142857143, "cnt": 49}, "GENERAL": {"medie": 5.735617283950619, "reusita": 39.6551724137931, "cnt": 58}, "ANATOMIE SI FIZIOLOGIE UMANA, GENETICA SI ECOLOGIE UMANA": {"medie": 5.0, "reusita": 100.0, "cnt": 1}, "MATEMATICA TEHN": {"medie": 6.36875, "reusita": 78.94736842105263, "cnt": 57}, "FIZICA TEH": {"medie": 4.406666666666666, "reusita": 33.33333333333333, "cnt": 3}, "CHIMIE ANORGANICA TEH NIVEL I/II": {"medie": 4.1125, "reusita": 40.0, "cnt": 5}}, "nume": "COLEGIUL TEHNIC DE TRANSPORTURI BRASOV\tBra\u0219ov"}