{"specializari": {"TEHNICIAN OPERATOR TEHNICA DE CALCUL": 39, "TEHNICIAN MECANIC PENTRU INTRETINERE SI REPARATII": 18, "TEHNICIAN ECOLOG SI PROTECTIA CALITATII MEDIULUI": 30, "TEHNICIAN IN ACTIVITATI ECONOMICE": 27, "TEHNICIAN DESIGNER VESTIMENTAR": 17, "TEHNICIAN IN TURISM": 13, "TEHNICIAN TRANSPORTURI": 24, "TEHNICIAN MECATRONIST": 13, "TEHNICIAN IN INSTALATII ELECTRICE": 2, "FILOLOGIE": 1, "TEHNICIAN IN INDUSTRIA TEXTILA": 9, "TEHNICIAN ELECTRONIST": 1}, "limba_moderna": {"LIMBA FRANCEZA": 25, "LIMBA ENGLEZA": 169}, "limba_materna": {"LIMBA ROMANA": 194}, "promotie_anterioara": {"NU": 98, "DA": 96}, "materii": {"LIMBA ROMANA": {"medie": 5.676052631578948, "reusita": 78.8659793814433, "cnt": 194}, "BIOLOGIE VEGETALA SI ANIMALA": {"medie": 6.061688311688314, "reusita": 83.75, "cnt": 80}, "GENERAL": {"medie": 6.493063063063071, "reusita": 61.855670103092784, "cnt": 194}, "ISTORIE": {"medie": 5.9, "reusita": 100.0, "cnt": 1}, "GEOGRAFIE": {"medie": 8.00921052631579, "reusita": 97.43589743589743, "cnt": 39}, "ANATOMIE SI FIZIOLOGIE UMANA, GENETICA SI ECOLOGIE UMANA": {"medie": 7.463793103448274, "reusita": 100.0, "cnt": 29}, "MATEMATICA TEHN": {"medie": 7.124462365591399, "reusita": 91.19170984455958, "cnt": 193}, "FIZICA TEH": {"medie": 5.843181818181818, "reusita": 68.18181818181817, "cnt": 22}, "ECONOMIE": {"medie": 8.0, "reusita": 100.0, "cnt": 1}, "LOGICA, ARGUMENTARE SI COMUNICARE": {"medie": 9.3, "reusita": 100.0, "cnt": 1}, "CHIMIE ANORGANICA TEH NIVEL I/II": {"medie": 6.0, "reusita": 93.75, "cnt": 16}, "CHIMIE ORGANICA TEH NIVEL I/II": {"medie": 4.625, "reusita": 66.66666666666666, "cnt": 6}}, "nume": "COLEGIUL TEHNIC \"GRIGORE COBALCESCU\" MOINESTI\tBac\u0103u"}