{"specializari": {"MATEMATICA-INFORMATICA": 29, "COAFOR STILIST": 26, "STIINTE ALE NATURII": 4, "TEHNICIAN IN INDUSTRIA MATERIALELOR DE CONSTRUCTII": 3, "TEHNICIAN DESIGNER VESTIMENTAR": 27, "TEHNICIAN IN INDUSTRIA STICLEI SI CERAMICII": 15, "TEHNICIAN CHIMIST DE LABORATOR": 35, "TEHNICIAN IN INDUSTRIA PIELARIEI": 1, "TEHNICIAN IN INDUSTRIA TEXTILA": 32}, "limba_moderna": {"LIMBA ENGLEZA": 165, "LIMBA FRANCEZA": 7}, "limba_materna": {"LIMBA ROMANA": 172}, "promotie_anterioara": {"NU": 139, "DA": 33}, "materii": {"LIMBA ROMANA": {"medie": 6.055000000000001, "reusita": 75.5813953488372, "cnt": 172}, "MATEMATICA MATE-INFO": {"medie": 7.410344827586208, "reusita": 96.55172413793103, "cnt": 29}, "BIOLOGIE VEGETALA SI ANIMALA": {"medie": 5.847321428571428, "reusita": 65.8119658119658, "cnt": 117}, "GENERAL": {"medie": 6.367111111111109, "reusita": 50.0, "cnt": 172}, "GEOGRAFIE": {"medie": 7.030769230769229, "reusita": 88.46153846153845, "cnt": 26}, "MATEMATICA ST-NAT": {"medie": 4.95, "reusita": 50.0, "cnt": 4}, "ANATOMIE SI FIZIOLOGIE UMANA, GENETICA SI ECOLOGIE UMANA": {"medie": 2.3, "reusita": 0.0, "cnt": 1}, "MATEMATICA TEHN": {"medie": 6.516260162601625, "reusita": 68.34532374100719, "cnt": 139}, "FIZICA TEH": {"medie": 2.572222222222222, "reusita": 6.25, "cnt": 16}, "INFORMATICA MI PASCAL": {"medie": 8.19375, "reusita": 100.0, "cnt": 8}, "CHIMIE ANORGANICA TEH NIVEL I/II": {"medie": 8.1, "reusita": 50.0, "cnt": 2}, "CHIMIE ORGANICA TEH NIVEL I/II": {"medie": 6.125, "reusita": 100.0, "cnt": 2}}, "nume": "COLEGIUL TEHNIC \"APULUM\" ALBA IULIA\tAlba"}