{"specializari": {"TEHNICIAN ECOLOG SI PROTECTIA CALITATII MEDIULUI": 34, "TEHNICIAN IN SILVICULTURA SI EXPLOATARI FORESTIERE": 7, "TEHNICIAN IN CHIMIE INDUSTRIALA": 1, "TEHNICIAN CHIMIST DE LABORATOR": 3}, "limba_moderna": {"LIMBA FRANCEZA": 26, "LIMBA ENGLEZA": 19}, "limba_materna": {"LIMBA ROMANA": 45}, "promotie_anterioara": {"NU": 24, "DA": 21}, "materii": {"LIMBA ROMANA": {"medie": 5.764772727272728, "reusita": 80.0, "cnt": 45}, "BIOLOGIE VEGETALA SI ANIMALA": {"medie": 5.511842105263159, "reusita": 78.57142857142857, "cnt": 42}, "GENERAL": {"medie": 5.703658536585366, "reusita": 40.0, "cnt": 45}, "MATEMATICA TEHN": {"medie": 5.847674418604652, "reusita": 71.11111111111111, "cnt": 45}, "CHIMIE ANORGANICA TEH NIVEL I/II": {"medie": 4.783333333333334, "reusita": 66.66666666666666, "cnt": 3}}, "nume": "COLEGIUL TEHNIC \"CD NENITESCU\" BAIA MARE\tMaramure\u0219"}