{"specializari": {"MATEMATICA-INFORMATICA": 52, "STIINTE ALE NATURII": 62, "FILOLOGIE": 68, "STIINTE SOCIALE": 34}, "limba_moderna": {"LIMBA ENGLEZA": 209, "LIMBA FRANCEZA": 5, "LIMBA RUSA": 2}, "limba_materna": {"LIMBA ROMANA": 215, "LIMBA GERMANA": 1}, "promotie_anterioara": {"NU": 210, "DA": 6}, "materii": {"LIMBA ROMANA": {"medie": 8.395348837209308, "reusita": 99.53703703703704, "cnt": 216}, "MATEMATICA MATE-INFO": {"medie": 8.365686274509805, "reusita": 96.15384615384616, "cnt": 52}, "BIOLOGIE VEGETALA SI ANIMALA": {"medie": 7.94, "reusita": 90.0, "cnt": 10}, "GENERAL": {"medie": 8.402674418604645, "reusita": 96.29629629629629, "cnt": 216}, "CHIMIE ORGANICA TEO NIVEL I/II": {"medie": 9.25, "reusita": 100.0, "cnt": 1}, "INFORMATICA MI C/C++": {"medie": 8.66153846153846, "reusita": 100.0, "cnt": 13}, "CHIMIE ANORGANICA TEO NIVEL I/II": {"medie": 7.05, "reusita": 100.0, "cnt": 1}, "ISTORIE": {"medie": 8.281372549019608, "reusita": 100.0, "cnt": 102}, "GEOGRAFIE": {"medie": 8.941780821917808, "reusita": 100.0, "cnt": 73}, "PSIHOLOGIE": {"medie": 9.280000000000001, "reusita": 100.0, "cnt": 5}, "MATEMATICA ST-NAT": {"medie": 8.164516129032258, "reusita": 98.38709677419355, "cnt": 62}, "ANATOMIE SI FIZIOLOGIE UMANA, GENETICA SI ECOLOGIE UMANA": {"medie": 8.71164383561644, "reusita": 97.2972972972973, "cnt": 74}, "FIZICA TEO": {"medie": 7.2333333333333325, "reusita": 100.0, "cnt": 15}, "FILOSOFIE": {"medie": 6.359999999999999, "reusita": 60.0, "cnt": 5}, "LIMBA GERMANA": {"medie": 6.1, "reusita": 100.0, "cnt": 1}, "SOCIOLOGIE": {"medie": 8.042105263157895, "reusita": 100.0, "cnt": 19}}, "nume": "COLEGIUL NATIONAL BANATEAN TIMISOARA\tTimi\u0219"}