{"specializari": {"MATEMATICA-INFORMATICA": 59, "STIINTE SOCIALE": 30, "STIINTE ALE NATURII": 46, "TEHNICIAN IN ACTIVITATI ECONOMICE": 27, "FILOLOGIE": 32, "TEHNICIAN ECOLOG SI PROTECTIA CALITATII MEDIULUI": 55, "TEHNICIAN MECANIC PENTRU INTRETINERE SI REPARATII": 10, "TEHNICIAN IN INDUSTRIA TEXTILA": 12, "TEHNICIAN IN PRELUCRAREA LEMNULUI": 5, "TEHNICIAN OPERATOR TEHNICA DE CALCUL": 21}, "limba_moderna": {"LIMBA ENGLEZA": 279, "LIMBA FRANCEZA": 18}, "limba_materna": {"LIMBA ROMANA": 297}, "promotie_anterioara": {"NU": 249, "DA": 48}, "materii": {"LIMBA ROMANA": {"medie": 6.133508771929823, "reusita": 74.07407407407408, "cnt": 297}, "MATEMATICA MATE-INFO": {"medie": 8.4, "reusita": 96.61016949152543, "cnt": 59}, "BIOLOGIE VEGETALA SI ANIMALA": {"medie": 3.8525862068965515, "reusita": 33.33333333333333, "cnt": 63}, "GENERAL": {"medie": 6.223214285714287, "reusita": 54.20875420875421, "cnt": 297}, "CHIMIE ORGANICA TEO NIVEL I/II": {"medie": 8.205263157894738, "reusita": 94.73684210526315, "cnt": 19}, "INFORMATICA MI C/C++": {"medie": 8.533333333333333, "reusita": 100.0, "cnt": 12}, "ISTORIE": {"medie": 6.929032258064517, "reusita": 98.38709677419355, "cnt": 62}, "GEOGRAFIE": {"medie": 7.610810810810815, "reusita": 93.33333333333333, "cnt": 75}, "MATEMATICA ST-NAT": {"medie": 6.272826086956522, "reusita": 84.78260869565217, "cnt": 46}, "ANATOMIE SI FIZIOLOGIE UMANA, GENETICA SI ECOLOGIE UMANA": {"medie": 6.309090909090908, "reusita": 63.95348837209303, "cnt": 86}, "FIZICA TEO": {"medie": 7.676470588235294, "reusita": 94.11764705882352, "cnt": 17}, "FILOSOFIE": {"medie": 9.6, "reusita": 100.0, "cnt": 1}, "MATEMATICA TEHN": {"medie": 4.1353448275862075, "reusita": 48.46153846153846, "cnt": 130}, "FIZICA TEH": {"medie": 8.083333333333334, "reusita": 100.0, "cnt": 3}, "SOCIOLOGIE": {"medie": 8.688461538461539, "reusita": 100.0, "cnt": 13}, "CHIMIE ANORGANICA TEH NIVEL I/II": {"medie": 2.87, "reusita": 0.0, "cnt": 5}, "CHIMIE ORGANICA TEH NIVEL I/II": {"medie": 3.716666666666667, "reusita": 33.33333333333333, "cnt": 3}}, "nume": "COLEGIUL TEHNIC \"DIMITRIE GHIKA\" COMANESTI\tBac\u0103u"}