{"specializari": {"MATEMATICA-INFORMATICA": 130, "STIINTE ALE NATURII": 30, "FILOLOGIE": 32}, "limba_moderna": {"LIMBA FRANCEZA": 6, "LIMBA ENGLEZA": 184, "LIMBA GERMANA MODERNA": 2}, "limba_materna": {"LIMBA ROMANA": 192}, "promotie_anterioara": {"NU": 191, "DA": 1}, "materii": {"LIMBA ROMANA": {"medie": 8.220157068062827, "reusita": 98.95833333333334, "cnt": 192}, "MATEMATICA MATE-INFO": {"medie": 8.74457364341085, "reusita": 96.92307692307692, "cnt": 130}, "GENERAL": {"medie": 8.497469458987778, "reusita": 97.39583333333334, "cnt": 192}, "CHIMIE ORGANICA TEO NIVEL I/II": {"medie": 8.903125, "reusita": 100.0, "cnt": 32}, "INFORMATICA MI C/C++": {"medie": 8.940000000000003, "reusita": 100.0, "cnt": 35}, "CHIMIE ANORGANICA TEO NIVEL I/II": {"medie": 7.8999999999999995, "reusita": 100.0, "cnt": 3}, "ISTORIE": {"medie": 7.801562499999999, "reusita": 100.0, "cnt": 32}, "GEOGRAFIE": {"medie": 8.657142857142858, "reusita": 100.0, "cnt": 28}, "PSIHOLOGIE": {"medie": 6.3, "reusita": 100.0, "cnt": 1}, "MATEMATICA ST-NAT": {"medie": 7.6899999999999995, "reusita": 100.0, "cnt": 30}, "ANATOMIE SI FIZIOLOGIE UMANA, GENETICA SI ECOLOGIE UMANA": {"medie": 8.925657894736844, "reusita": 98.7012987012987, "cnt": 77}, "FIZICA TEO": {"medie": 8.830769230769231, "reusita": 100.0, "cnt": 13}, "SOCIOLOGIE": {"medie": 9.083333333333334, "reusita": 100.0, "cnt": 3}}, "nume": "COLEGIUL NATIONAL \"EMANUIL GOJDU\" ORADEA\tBihor"}