{"specializari": {"INVATATOR - EDUCATOARE": 63, "MATEMATICA-INFORMATICA": 57, "FILOLOGIE": 31}, "limba_moderna": {"LIMBA ENGLEZA": 89, "LIMBA FRANCEZA": 45, "LIMBA SPANIOLA": 14, "LIMBA GERMANA MODERNA": 3}, "limba_materna": {"LIMBA ROMANA": 151}, "promotie_anterioara": {"NU": 151}, "materii": {"LIMBA ROMANA": {"medie": 7.8119999999999985, "reusita": 98.67549668874173, "cnt": 151}, "MATEMATICA MATE-INFO": {"medie": 8.533333333333335, "reusita": 96.49122807017544, "cnt": 57}, "BIOLOGIE VEGETALA SI ANIMALA": {"medie": 5.8, "reusita": 50.0, "cnt": 2}, "GENERAL": {"medie": 8.264333333333331, "reusita": 95.36423841059603, "cnt": 151}, "CHIMIE ORGANICA TEO NIVEL I/II": {"medie": 7.666666666666667, "reusita": 83.33333333333334, "cnt": 6}, "INFORMATICA MI C/C++": {"medie": 7.3, "reusita": 100.0, "cnt": 4}, "ISTORIE": {"medie": 7.653225806451615, "reusita": 100.0, "cnt": 31}, "GEOGRAFIE": {"medie": 8.48333333333333, "reusita": 100.0, "cnt": 21}, "PSIHOLOGIE": {"medie": 8.066666666666666, "reusita": 100.0, "cnt": 3}, "ANATOMIE SI FIZIOLOGIE UMANA, GENETICA SI ECOLOGIE UMANA": {"medie": 8.795, "reusita": 100.0, "cnt": 20}, "FIZICA TEO": {"medie": 7.79, "reusita": 96.0, "cnt": 25}, "ECONOMIE": {"medie": 7.1, "reusita": 100.0, "cnt": 1}, "LOGICA, ARGUMENTARE SI COMUNICARE": {"medie": 8.955147058823528, "reusita": 100.0, "cnt": 68}, "MATEMATICA PED": {"medie": 8.797619047619051, "reusita": 96.82539682539682, "cnt": 63}, "SOCIOLOGIE": {"medie": 8.9, "reusita": 100.0, "cnt": 1}}, "nume": "COLEGIUL NATIONAL PEDAGOGIC \"REGINA MARIA\", MUNICIPIUL PLOIESTI\tPrahova"}