{"specializari": {"MATEMATICA-INFORMATICA": 98, "STIINTE ALE NATURII": 35, "FILOLOGIE": 31, "TEHNICIAN OPERATOR TEHNICA DE CALCUL": 1}, "limba_moderna": {"LIMBA ENGLEZA": 153, "LIMBA FRANCEZA": 12}, "limba_materna": {"LIMBA ROMANA": 165}, "promotie_anterioara": {"NU": 153, "DA": 12}, "materii": {"LIMBA ROMANA": {"medie": 7.443030303030304, "reusita": 98.18181818181819, "cnt": 165}, "MATEMATICA MATE-INFO": {"medie": 6.790816326530612, "reusita": 84.6938775510204, "cnt": 98}, "BIOLOGIE VEGETALA SI ANIMALA": {"medie": 4.15, "reusita": 0.0, "cnt": 1}, "GENERAL": {"medie": 7.35849593495935, "reusita": 81.21212121212122, "cnt": 165}, "CHIMIE ORGANICA TEO NIVEL I/II": {"medie": 8.424999999999999, "reusita": 100.0, "cnt": 6}, "INFORMATICA MI C/C++": {"medie": 8.466666666666667, "reusita": 100.0, "cnt": 12}, "ISTORIE": {"medie": 7.953225806451611, "reusita": 96.7741935483871, "cnt": 31}, "GEOGRAFIE": {"medie": 8.071052631578949, "reusita": 100.0, "cnt": 19}, "PSIHOLOGIE": {"medie": 9.0, "reusita": 100.0, "cnt": 1}, "MATEMATICA ST-NAT": {"medie": 6.888571428571429, "reusita": 88.57142857142857, "cnt": 35}, "ANATOMIE SI FIZIOLOGIE UMANA, GENETICA SI ECOLOGIE UMANA": {"medie": 7.312812499999999, "reusita": 90.625, "cnt": 96}, "FIZICA TEO": {"medie": 7.063157894736841, "reusita": 100.0, "cnt": 19}, "MATEMATICA TEHN": {"medie": 5.0, "reusita": 100.0, "cnt": 1}, "ECONOMIE": {"medie": 8.2, "reusita": 100.0, "cnt": 5}, "LOGICA, ARGUMENTARE SI COMUNICARE": {"medie": 8.2, "reusita": 100.0, "cnt": 2}, "SOCIOLOGIE": {"medie": 8.3125, "reusita": 100.0, "cnt": 4}}, "nume": "COLEGIUL DOBROGEAN \"SPIRU HARET\" TULCEA\tTulcea"}