{"specializari": {"MATEMATICA-INFORMATICA": 57, "FILOLOGIE": 68, "STIINTE ALE NATURII": 34, "STIINTE SOCIALE": 33}, "limba_moderna": {"LIMBA ENGLEZA": 178, "LIMBA FRANCEZA": 13, "LIMBA GERMANA MODERNA": 1}, "limba_materna": {"LIMBA ROMANA": 192}, "promotie_anterioara": {"NU": 189, "DA": 3}, "materii": {"LIMBA ROMANA": {"medie": 8.382291666666662, "reusita": 100.0, "cnt": 192}, "MATEMATICA MATE-INFO": {"medie": 8.592105263157894, "reusita": 98.24561403508771, "cnt": 57}, "GENERAL": {"medie": 8.522663139329806, "reusita": 97.91666666666666, "cnt": 192}, "CHIMIE ORGANICA TEO NIVEL I/II": {"medie": 8.875, "reusita": 100.0, "cnt": 4}, "INFORMATICA MI C/C++": {"medie": 7.94, "reusita": 100.0, "cnt": 5}, "CHIMIE ANORGANICA TEO NIVEL I/II": {"medie": 6.766666666666666, "reusita": 100.0, "cnt": 3}, "ISTORIE": {"medie": 7.943564356435641, "reusita": 100.0, "cnt": 101}, "GEOGRAFIE": {"medie": 9.054098360655736, "reusita": 100.0, "cnt": 61}, "PSIHOLOGIE": {"medie": 9.05, "reusita": 100.0, "cnt": 1}, "MATEMATICA ST-NAT": {"medie": 8.52941176470588, "reusita": 100.0, "cnt": 34}, "ANATOMIE SI FIZIOLOGIE UMANA, GENETICA SI ECOLOGIE UMANA": {"medie": 8.884426229508197, "reusita": 100.0, "cnt": 61}, "FIZICA TEO": {"medie": 7.880555555555556, "reusita": 94.44444444444444, "cnt": 18}, "FILOSOFIE": {"medie": 9.625, "reusita": 100.0, "cnt": 4}, "ECONOMIE": {"medie": 9.1375, "reusita": 100.0, "cnt": 4}, "LOGICA, ARGUMENTARE SI COMUNICARE": {"medie": 9.060526315789474, "reusita": 100.0, "cnt": 19}, "SOCIOLOGIE": {"medie": 8.9375, "reusita": 100.0, "cnt": 12}}, "nume": "COLEGIUL NATIONAL \"CALISTRAT HOGAS\", MUNICIPIUL PIATRA-NEAMT\tNeam\u021b"}