{"specializari": {"TEHNICIAN IN ACTIVITATI ECONOMICE": 6, "COAFOR STILIST": 19, "TEHNICIAN IN GASTRONOMIE": 12, "TEHNICIAN IN INDUSTRIA TEXTILA": 2}, "limba_moderna": {"LIMBA ENGLEZA": 38, "LIMBA FRANCEZA": 1}, "limba_materna": {"LIMBA ROMANA": 39}, "promotie_anterioara": {"NU": 31, "DA": 8}, "materii": {"LIMBA ROMANA": {"medie": 5.341891891891893, "reusita": 66.66666666666666, "cnt": 39}, "BIOLOGIE VEGETALA SI ANIMALA": {"medie": 1.7999999999999998, "reusita": 0.0, "cnt": 2}, "GENERAL": {"medie": 6.081018518518519, "reusita": 35.8974358974359, "cnt": 39}, "GEOGRAFIE": {"medie": 7.151388888888889, "reusita": 97.2972972972973, "cnt": 37}, "MATEMATICA TEHN": {"medie": 6.009722222222222, "reusita": 69.23076923076923, "cnt": 39}}, "nume": "COLEGIUL TEHNIC \"ION HOLBAN\", IASI\tIa\u0219i"}