{"specializari": {"INVATATOR - EDUCATOARE": 52, "MATEMATICA-INFORMATICA": 22, "STIINTE ALE NATURII": 28, "FILOLOGIE": 28}, "limba_moderna": {"LIMBA ENGLEZA": 106, "LIMBA SPANIOLA": 24}, "limba_materna": {"LIMBA ROMANA": 107, "LIMBA MAGHIARA": 23}, "promotie_anterioara": {"NU": 129, "DA": 1}, "materii": {"LIMBA ROMANA": {"medie": 7.449999999999998, "reusita": 93.84615384615384, "cnt": 130}, "MATEMATICA MATE-INFO": {"medie": 7.35909090909091, "reusita": 95.45454545454545, "cnt": 22}, "GENERAL": {"medie": 7.765128205128205, "reusita": 85.38461538461539, "cnt": 130}, "CHIMIE ORGANICA TEO NIVEL I/II": {"medie": 8.93, "reusita": 100.0, "cnt": 10}, "INFORMATICA MI C/C++": {"medie": 7.705555555555555, "reusita": 100.0, "cnt": 9}, "ISTORIE": {"medie": 6.508928571428571, "reusita": 100.0, "cnt": 28}, "GEOGRAFIE": {"medie": 8.191666666666668, "reusita": 100.0, "cnt": 72}, "PSIHOLOGIE": {"medie": 9.075000000000001, "reusita": 100.0, "cnt": 6}, "MATEMATICA ST-NAT": {"medie": 8.269642857142856, "reusita": 100.0, "cnt": 28}, "ANATOMIE SI FIZIOLOGIE UMANA, GENETICA SI ECOLOGIE UMANA": {"medie": 8.796666666666665, "reusita": 96.66666666666667, "cnt": 30}, "FIZICA TEO": {"medie": 6.55, "reusita": 100.0, "cnt": 1}, "FILOSOFIE": {"medie": 7.35, "reusita": 100.0, "cnt": 1}, "MATEMATICA PED": {"medie": 6.909615384615384, "reusita": 78.84615384615384, "cnt": 52}, "SOCIOLOGIE": {"medie": 9.6, "reusita": 100.0, "cnt": 1}, "LIMBA MAGHIARA (UMAN)": {"medie": 7.919565217391306, "reusita": 100.0, "cnt": 23}}, "nume": "COLEGIUL NATIONAL \"IOSIF VULCAN\" ORADEA\tBihor"}