{"specializari": {"MATEMATICA-INFORMATICA": 61, "STIINTE ALE NATURII": 33, "FILOLOGIE": 33, "STIINTE SOCIALE": 36, "INVATATOR - EDUCATOARE": 30}, "limba_moderna": {"LIMBA FRANCEZA": 28, "LIMBA ENGLEZA": 164, "LIMBA GERMANA MODERNA": 1}, "limba_materna": {"LIMBA ROMANA": 193}, "promotie_anterioara": {"NU": 191, "DA": 2}, "materii": {"LIMBA ROMANA": {"medie": 8.595854922279795, "reusita": 100.0, "cnt": 193}, "MATEMATICA MATE-INFO": {"medie": 9.30655737704918, "reusita": 100.0, "cnt": 61}, "BIOLOGIE VEGETALA SI ANIMALA": {"medie": 9.564285714285715, "reusita": 100.0, "cnt": 7}, "GENERAL": {"medie": 8.628324697754746, "reusita": 98.44559585492227, "cnt": 193}, "CHIMIE ORGANICA TEO NIVEL I/II": {"medie": 9.181818181818182, "reusita": 100.0, "cnt": 11}, "INFORMATICA MI C/C++": {"medie": 9.377777777777776, "reusita": 100.0, "cnt": 9}, "CHIMIE ANORGANICA TEO NIVEL I/II": {"medie": 9.350000000000001, "reusita": 100.0, "cnt": 2}, "ISTORIE": {"medie": 7.636956521739128, "reusita": 98.55072463768117, "cnt": 69}, "GEOGRAFIE": {"medie": 8.811940298507468, "reusita": 100.0, "cnt": 67}, "PSIHOLOGIE": {"medie": 7.8875, "reusita": 100.0, "cnt": 20}, "MATEMATICA ST-NAT": {"medie": 8.33181818181818, "reusita": 96.96969696969697, "cnt": 33}, "ANATOMIE SI FIZIOLOGIE UMANA, GENETICA SI ECOLOGIE UMANA": {"medie": 8.923529411764704, "reusita": 100.0, "cnt": 34}, "FIZICA TEO": {"medie": 7.41388888888889, "reusita": 100.0, "cnt": 18}, "FILOSOFIE": {"medie": 8.4, "reusita": 100.0, "cnt": 2}, "LOGICA, ARGUMENTARE SI COMUNICARE": {"medie": 9.22857142857143, "reusita": 100.0, "cnt": 7}, "MATEMATICA PED": {"medie": 9.746666666666666, "reusita": 100.0, "cnt": 30}, "SOCIOLOGIE": {"medie": 7.666666666666667, "reusita": 100.0, "cnt": 3}, "INFORMATICA MI PASCAL": {"medie": 8.762500000000001, "reusita": 100.0, "cnt": 12}, "INFORMATICA SN PASCAL": {"medie": 9.2, "reusita": 100.0, "cnt": 1}}, "nume": "COLEGIUL NATIONAL DE INFORMATICA MATEI BASARAB, MUN. RM. VALCEA\tV\u00e2lcea"}