{"specializari": {"TEHNICIAN ELECTRONIST": 10, "TEHNICIAN IN AUTOMATIZARI": 35, "MATEMATICA-INFORMATICA": 54, "TEHNICIAN MECATRONIST": 17, "TEHNICIAN OPERATOR TEHNICA DE CALCUL": 15, "TEHNICIAN ELECTROTEHNIST": 1, "TEHNICIAN IN INDUSTRIA ALIMENTARA": 1}, "limba_moderna": {"LIMBA ENGLEZA": 131, "LIMBA FRANCEZA": 2}, "limba_materna": {"LIMBA ROMANA": 133}, "promotie_anterioara": {"DA": 94, "NU": 39}, "materii": {"LIMBA ROMANA": {"medie": 4.9281250000000005, "reusita": 63.1578947368421, "cnt": 133}, "MATEMATICA MATE-INFO": {"medie": 3.620754716981132, "reusita": 37.03703703703704, "cnt": 54}, "BIOLOGIE VEGETALA SI ANIMALA": {"medie": 4.7523364485981325, "reusita": 54.385964912280706, "cnt": 114}, "GENERAL": {"medie": 4.497916666666667, "reusita": 9.022556390977442, "cnt": 133}, "ANATOMIE SI FIZIOLOGIE UMANA, GENETICA SI ECOLOGIE UMANA": {"medie": 4.725, "reusita": 50.0, "cnt": 4}, "FIZICA TEO": {"medie": 6.05, "reusita": 100.0, "cnt": 1}, "MATEMATICA TEHN": {"medie": 4.073287671232878, "reusita": 51.89873417721519, "cnt": 79}, "FIZICA TEH": {"medie": 4.70625, "reusita": 55.55555555555556, "cnt": 9}, "CHIMIE ANORGANICA TEH NIVEL I/II": {"medie": 3.65, "reusita": 50.0, "cnt": 4}, "CHIMIE ORGANICA TEH NIVEL I/II": {"medie": 7.85, "reusita": 100.0, "cnt": 1}}, "nume": "COLEGIUL TEHNIC \"EDMOND NICOLAU\"\tBucure\u0219ti"}