{"specializari": {"TEHNICIAN IN ACTIVITATI ECONOMICE": 59, "TEHNICIAN IN INDUSTRIA ALIMENTARA": 30, "TEHNICIAN DESIGNER MOBILA SI AMENAJARI INTERIOARE": 17, "MATEMATICA-INFORMATICA": 5, "TEHNICIAN IN PRELUCRAREA LEMNULUI": 6, "TEHNICIAN PROIECTANT CAD": 20, "TEHNICIAN IN INDUSTRIA TEXTILA": 3, "TEHNICIAN MECANIC PENTRU INTRETINERE SI REPARATII": 3, "TEHNICIAN IN SILVICULTURA SI EXPLOATARI FORESTIERE": 29, "TEHNICIAN IN ACTIVITATI DE COMERT": 2, "TEHNICIAN DESENATOR PENTRU CONSTRUCTII SI INSTALATII": 8}, "limba_moderna": {"LIMBA ENGLEZA": 172, "LIMBA FRANCEZA": 10}, "limba_materna": {"LIMBA ROMANA": 182}, "promotie_anterioara": {"NU": 158, "DA": 24}, "materii": {"LIMBA ROMANA": {"medie": 5.531284916201119, "reusita": 74.72527472527473, "cnt": 182}, "MATEMATICA MATE-INFO": {"medie": 6.1, "reusita": 100.0, "cnt": 5}, "BIOLOGIE VEGETALA SI ANIMALA": {"medie": 3.785714285714287, "reusita": 26.923076923076923, "cnt": 52}, "GENERAL": {"medie": 5.707941176470587, "reusita": 34.065934065934066, "cnt": 182}, "GEOGRAFIE": {"medie": 8.24016393442623, "reusita": 100.0, "cnt": 61}, "ANATOMIE SI FIZIOLOGIE UMANA, GENETICA SI ECOLOGIE UMANA": {"medie": 3.55, "reusita": 20.3125, "cnt": 64}, "MATEMATICA TEHN": {"medie": 6.1097701149425285, "reusita": 76.27118644067797, "cnt": 177}, "FIZICA TEH": {"medie": 6.540000000000001, "reusita": 100.0, "cnt": 5}}, "nume": "COLEGIUL TEHNIC \"IOAN CIORDAS\" BEIUS\tBihor"}