{"specializari": {"MATEMATICA-INFORMATICA": 47, "FILOLOGIE": 155, "STIINTE ALE NATURII": 67}, "limba_moderna": {"LIMBA ENGLEZA": 155, "LIMBA FRANCEZA": 69, "LIMBA GERMANA MODERNA": 22, "LIMBA SPANIOLA": 23}, "limba_materna": {"LIMBA ROMANA": 269}, "promotie_anterioara": {"NU": 268, "DA": 1}, "materii": {"LIMBA ROMANA": {"medie": 8.093656716417915, "reusita": 98.88475836431226, "cnt": 269}, "MATEMATICA MATE-INFO": {"medie": 8.788297872340424, "reusita": 100.0, "cnt": 47}, "BIOLOGIE VEGETALA SI ANIMALA": {"medie": 8.59, "reusita": 100.0, "cnt": 5}, "GENERAL": {"medie": 8.317288557213928, "reusita": 95.16728624535315, "cnt": 269}, "CHIMIE ORGANICA TEO NIVEL I/II": {"medie": 9.225, "reusita": 100.0, "cnt": 6}, "INFORMATICA MI C/C++": {"medie": 8.275000000000002, "reusita": 100.0, "cnt": 16}, "ISTORIE": {"medie": 7.949025974025972, "reusita": 98.70967741935483, "cnt": 155}, "GEOGRAFIE": {"medie": 8.7475, "reusita": 95.0, "cnt": 20}, "MATEMATICA ST-NAT": {"medie": 8.039552238805973, "reusita": 98.50746268656717, "cnt": 67}, "ANATOMIE SI FIZIOLOGIE UMANA, GENETICA SI ECOLOGIE UMANA": {"medie": 9.074000000000002, "reusita": 100.0, "cnt": 75}, "FIZICA TEO": {"medie": 6.004545454545454, "reusita": 81.81818181818183, "cnt": 11}, "FILOSOFIE": {"medie": 7.866666666666667, "reusita": 100.0, "cnt": 3}, "INFORMATICA SN C/C++": {"medie": 8.45, "reusita": 100.0, "cnt": 1}, "ECONOMIE": {"medie": 6.225, "reusita": 75.0, "cnt": 4}, "LOGICA, ARGUMENTARE SI COMUNICARE": {"medie": 9.092410714285714, "reusita": 99.11504424778761, "cnt": 113}, "SOCIOLOGIE": {"medie": 7.640000000000001, "reusita": 100.0, "cnt": 15}}, "nume": "COLEGIUL NATIONAL \"ELENA CUZA\" CRAIOVA\tDolj"}