{"specializari": {"TEHNICIAN ECOLOG SI PROTECTIA CALITATII MEDIULUI": 20, "TEHNICIAN IN SILVICULTURA SI EXPLOATARI FORESTIERE": 13, "TEHNICIAN PROIECTANT PRODUSE FINITE DIN LEMN": 9, "TEHNICIAN IN INSTALATII ELECTRICE": 7, "TEHNICIAN MECATRONIST": 3, "TEHNICIAN DESIGNER MOBILA SI AMENAJARI INTERIOARE": 1, "TEHNICIAN MECANIC PENTRU INTRETINERE SI REPARATII": 1}, "limba_moderna": {"LIMBA ENGLEZA": 52, "LIMBA FRANCEZA": 2}, "limba_materna": {"LIMBA ROMANA": 54}, "promotie_anterioara": {"DA": 18, "NU": 36}, "materii": {"LIMBA ROMANA": {"medie": 4.822999999999999, "reusita": 53.70370370370371, "cnt": 54}, "BIOLOGIE VEGETALA SI ANIMALA": {"medie": 3.176666666666667, "reusita": 15.789473684210526, "cnt": 19}, "GENERAL": {"medie": 4.797278911564627, "reusita": 22.22222222222222, "cnt": 54}, "ANATOMIE SI FIZIOLOGIE UMANA, GENETICA SI ECOLOGIE UMANA": {"medie": 6.103448275862069, "reusita": 79.3103448275862, "cnt": 29}, "MATEMATICA TEHN": {"medie": 4.563999999999999, "reusita": 55.55555555555556, "cnt": 54}, "FIZICA TEH": {"medie": 1.6, "reusita": 0.0, "cnt": 2}, "CHIMIE ANORGANICA TEH NIVEL I/II": {"medie": 3.5999999999999996, "reusita": 0.0, "cnt": 4}}, "nume": "COLEGIUL TEHNIC FORESTIER, MUNICIPIUL PIATRA-NEAMT\tNeam\u021b"}