{"specializari": {"ARTE PLASTICE SI DECORATIVE": 37, "MUZICA": 32, "ARTA ACTORULUI": 35, "ARHITECTURA, ARTE AMBIENTALE SI DESIGN": 32}, "limba_moderna": {"LIMBA ENGLEZA": 135, "LIMBA FRANCEZA": 1}, "limba_materna": {"LIMBA ROMANA": 136}, "promotie_anterioara": {"NU": 125, "DA": 11}, "materii": {"LIMBA ROMANA": {"medie": 6.451145038167938, "reusita": 85.29411764705883, "cnt": 136}, "GENERAL": {"medie": 6.844186046511631, "reusita": 64.70588235294117, "cnt": 136}, "ISTORIE": {"medie": 6.483082706766917, "reusita": 83.82352941176471, "cnt": 136}, "GEOGRAFIE": {"medie": 7.487596899224804, "reusita": 92.53731343283582, "cnt": 134}, "PSIHOLOGIE": {"medie": 6.9, "reusita": 100.0, "cnt": 1}, "FILOSOFIE": {"medie": 9.4, "reusita": 100.0, "cnt": 1}}, "nume": "COLEGIUL DE ARTE \"SABIN DRAGOI\" ARAD\tArad"}