{"specializari": {"TEHNICIAN IN CHIMIE INDUSTRIALA": 2, "TEHNICIAN MECATRONIST": 2, "TEHNICIAN IN ACTIVITATI DE COMERT": 1, "MATEMATICA-INFORMATICA": 4, "TEHNICIAN IN TURISM": 8, "TEHNICIAN TRANSPORTURI": 3}, "limba_moderna": {"LIMBA ENGLEZA": 20}, "limba_materna": {"LIMBA ROMANA": 20}, "promotie_anterioara": {"DA": 9, "NU": 11}, "materii": {"LIMBA ROMANA": {"medie": 5.450000000000001, "reusita": 50.0, "cnt": 20}, "MATEMATICA MATE-INFO": {"medie": 4.466666666666667, "reusita": 50.0, "cnt": 4}, "BIOLOGIE VEGETALA SI ANIMALA": {"medie": 6.6, "reusita": 57.14285714285714, "cnt": 7}, "GENERAL": {"medie": 6.026388888888889, "reusita": 30.0, "cnt": 20}, "GEOGRAFIE": {"medie": 7.335714285714286, "reusita": 77.77777777777779, "cnt": 9}, "MATEMATICA TEHN": {"medie": 5.677777777777777, "reusita": 43.75, "cnt": 16}, "FIZICA TEH": {"medie": "-", "reusita": 0.0, "cnt": 3}, "CHIMIE ANORGANICA TEH NIVEL I/II": {"medie": 5.25, "reusita": 100.0, "cnt": 1}}, "nume": "COLEGIUL TEHNIC \"DR. ALEXANDRU BARBAT\" VICTORIA\tBra\u0219ov"}