{"specializari": {"MATEMATICA-INFORMATICA": 56, "STIINTE ALE NATURII": 25, "TEHNICIAN IN INSTALATII ELECTRICE": 15, "TEHNICIAN MECANIC PENTRU INTRETINERE SI REPARATII": 19, "TEHNICIAN ELECTRONIST": 23, "TEHNICIAN PROIECTANT CAD": 9, "TEHNICIAN IN AUTOMATIZARI": 17, "TEHNICIAN MECATRONIST": 6, "STIINTE SOCIALE": 36, "TEHNICIAN OPERATOR TEHNICA DE CALCUL": 19, "FILOLOGIE": 31}, "limba_moderna": {"LIMBA ENGLEZA": 241, "LIMBA FRANCEZA": 15}, "limba_materna": {"LIMBA ROMANA": 256}, "promotie_anterioara": {"NU": 202, "DA": 54}, "materii": {"LIMBA ROMANA": {"medie": 5.887944664031618, "reusita": 87.109375, "cnt": 256}, "MATEMATICA MATE-INFO": {"medie": 5.1018181818181825, "reusita": 62.5, "cnt": 56}, "BIOLOGIE VEGETALA SI ANIMALA": {"medie": 4.620430107526882, "reusita": 48.93617021276596, "cnt": 94}, "GENERAL": {"medie": 6.046318607764392, "reusita": 48.4375, "cnt": 256}, "CHIMIE ORGANICA TEO NIVEL I/II": {"medie": 8.65, "reusita": 100.0, "cnt": 1}, "INFORMATICA MI C/C++": {"medie": 5.824999999999999, "reusita": 85.0, "cnt": 20}, "ISTORIE": {"medie": 6.691791044776119, "reusita": 95.52238805970148, "cnt": 67}, "GEOGRAFIE": {"medie": 8.165714285714285, "reusita": 97.22222222222221, "cnt": 36}, "PSIHOLOGIE": {"medie": 7.033333333333334, "reusita": 100.0, "cnt": 3}, "MATEMATICA ST-NAT": {"medie": 4.291999999999999, "reusita": 52.0, "cnt": 25}, "ANATOMIE SI FIZIOLOGIE UMANA, GENETICA SI ECOLOGIE UMANA": {"medie": 6.526724137931034, "reusita": 81.35593220338984, "cnt": 59}, "FILOSOFIE": {"medie": 9.7, "reusita": 100.0, "cnt": 1}, "MATEMATICA TEHN": {"medie": 6.8314285714285745, "reusita": 90.74074074074075, "cnt": 108}, "FIZICA TEH": {"medie": 5.2192307692307685, "reusita": 64.28571428571429, "cnt": 14}, "LOGICA, ARGUMENTARE SI COMUNICARE": {"medie": 7.657407407407407, "reusita": 96.29629629629629, "cnt": 27}, "CHIMIE ANORGANICA TEH NIVEL I/II": {"medie": 5.0, "reusita": 100.0, "cnt": 1}}, "nume": "COLEGIUL TEHNIC \"GHEORGHE ASACHI\" BOTOSANI\tBoto\u0219ani"}