{"specializari": {"TEHNICIAN MECATRONIST": 34, "TEHNICIAN TRANSPORTURI": 21, "TEHNICIAN IN INSTALATII ELECTRICE": 9, "TEHNICIAN ELECTRICIAN/ELECTRONIST AUTO": 17, "MATEMATICA-INFORMATICA": 1, "TEHNICIAN ELECTROTEHNIST": 1, "FILOLOGIE": 2}, "limba_moderna": {"LIMBA ENGLEZA": 82, "LIMBA FRANCEZA": 3}, "limba_materna": {"LIMBA ROMANA": 85}, "promotie_anterioara": {"NU": 49, "DA": 36}, "materii": {"LIMBA ROMANA": {"medie": 5.03445945945946, "reusita": 55.294117647058826, "cnt": 85}, "MATEMATICA MATE-INFO": {"medie": 2.1, "reusita": 0.0, "cnt": 1}, "BIOLOGIE VEGETALA SI ANIMALA": {"medie": 4.277500000000002, "reusita": 35.2112676056338, "cnt": 71}, "GENERAL": {"medie": 4.965740740740742, "reusita": 20.0, "cnt": 85}, "ISTORIE": {"medie": 4.875, "reusita": 50.0, "cnt": 2}, "FIZICA TEO": {"medie": 6.45, "reusita": 100.0, "cnt": 1}, "MATEMATICA TEHN": {"medie": 5.460563380281691, "reusita": 62.19512195121951, "cnt": 82}, "FIZICA TEH": {"medie": 5.027272727272727, "reusita": 81.81818181818183, "cnt": 11}, "LOGICA, ARGUMENTARE SI COMUNICARE": {"medie": 8.3, "reusita": 100.0, "cnt": 1}, "SOCIOLOGIE": {"medie": 6.5, "reusita": 100.0, "cnt": 1}}, "nume": "COLEGIUL TEHNIC DE TRANSPORTURI, MUNICIPIUL PIATRA-NEAMT\tNeam\u021b"}