{"specializari": {"MATEMATICA-INFORMATICA": 179, "STIINTE ALE NATURII": 35, "FILOLOGIE": 34}, "limba_moderna": {"LIMBA ENGLEZA": 233, "LIMBA FRANCEZA": 13, "LIMBA GERMANA MODERNA": 2}, "limba_materna": {"LIMBA ROMANA": 248}, "promotie_anterioara": {"NU": 247, "DA": 1}, "materii": {"LIMBA ROMANA": {"medie": 8.913709677419353, "reusita": 100.0, "cnt": 248}, "MATEMATICA MATE-INFO": {"medie": 9.38575418994414, "reusita": 100.0, "cnt": 179}, "BIOLOGIE VEGETALA SI ANIMALA": {"medie": 9.056666666666667, "reusita": 100.0, "cnt": 15}, "GENERAL": {"medie": 9.117204301075269, "reusita": 99.59677419354838, "cnt": 248}, "CHIMIE ORGANICA TEO NIVEL I/II": {"medie": 9.611486486486486, "reusita": 100.0, "cnt": 74}, "INFORMATICA MI C/C++": {"medie": 9.177777777777777, "reusita": 100.0, "cnt": 9}, "CHIMIE ANORGANICA TEO NIVEL I/II": {"medie": 8.793750000000001, "reusita": 100.0, "cnt": 16}, "ISTORIE": {"medie": 9.063235294117646, "reusita": 100.0, "cnt": 34}, "GEOGRAFIE": {"medie": 9.269047619047619, "reusita": 100.0, "cnt": 21}, "PSIHOLOGIE": {"medie": 8.9, "reusita": 100.0, "cnt": 3}, "MATEMATICA ST-NAT": {"medie": 9.047142857142859, "reusita": 100.0, "cnt": 35}, "ANATOMIE SI FIZIOLOGIE UMANA, GENETICA SI ECOLOGIE UMANA": {"medie": 8.938095238095238, "reusita": 100.0, "cnt": 21}, "FIZICA TEO": {"medie": 8.859493670886076, "reusita": 100.0, "cnt": 79}, "ECONOMIE": {"medie": 9.1, "reusita": 100.0, "cnt": 2}, "SOCIOLOGIE": {"medie": 8.775, "reusita": 100.0, "cnt": 8}}, "nume": "COLEGIUL NATIONAL \"SFANTUL SAVA\"\tBucure\u0219ti"}