{"specializari": {"TEHNICIAN MECATRONIST": 9, "TEHNICIAN IN AUTOMATIZARI": 9, "TEHNICIAN PROIECTANT CAD": 15, "TEHNICIAN ELECTRICIAN/ELECTRONIST AUTO": 31, "TEHNICIAN MECANIC PENTRU INTRETINERE SI REPARATII": 4, "TEHNICIAN OPERATOR TEHNICA DE CALCUL": 3, "TEHNICIAN TRANSPORTURI": 1}, "limba_moderna": {"LIMBA ENGLEZA": 63, "LIMBA FRANCEZA": 9}, "limba_materna": {"LIMBA ROMANA": 72}, "promotie_anterioara": {"NU": 51, "DA": 21}, "materii": {"LIMBA ROMANA": {"medie": 5.590350877192982, "reusita": 59.72222222222222, "cnt": 72}, "BIOLOGIE VEGETALA SI ANIMALA": {"medie": 4.5125, "reusita": 35.0, "cnt": 40}, "GENERAL": {"medie": 5.372868217054261, "reusita": 16.666666666666664, "cnt": 72}, "MATEMATICA TEHN": {"medie": 5.398000000000001, "reusita": 47.22222222222222, "cnt": 72}, "FIZICA TEH": {"medie": 4.458333333333334, "reusita": 18.51851851851852, "cnt": 27}, "CHIMIE ANORGANICA TEH NIVEL I/II": {"medie": 4.449999999999999, "reusita": 50.0, "cnt": 4}, "CHIMIE ORGANICA TEH NIVEL I/II": {"medie": 5.6, "reusita": 100.0, "cnt": 1}}, "nume": "COLEGIUL TEHNIC \"MIHAIL STURDZA\", IASI\tIa\u0219i"}