{"specializari": {"TEHNICIAN IN ACTIVITATI ECONOMICE": 28, "TEHNICIAN INSTALATOR PENTRU CONSTRUCTII": 10, "INVATATOR - EDUCATOARE": 30, "TEHNICIAN IN AUTOMATIZARI": 24, "TEHNICIAN IN INSTALATII ELECTRICE": 2, "TEHNICIAN IN INDUSTRIA TEXTILA": 1, "TEHNICIAN MECANIC PENTRU INTRETINERE SI REPARATII": 2, "TEHNICIAN IN PRELUCRAREA LEMNULUI": 2, "FILOLOGIE": 2}, "limba_moderna": {"LIMBA ENGLEZA": 101}, "limba_materna": {"LIMBA ROMANA": 101}, "promotie_anterioara": {"NU": 85, "DA": 16}, "materii": {"LIMBA ROMANA": {"medie": 6.281632653061225, "reusita": 83.16831683168317, "cnt": 101}, "BIOLOGIE VEGETALA SI ANIMALA": {"medie": 4.141481481481481, "reusita": 44.827586206896555, "cnt": 29}, "GENERAL": {"medie": 6.489587628865979, "reusita": 60.396039603960396, "cnt": 101}, "ISTORIE": {"medie": 5.45, "reusita": 50.0, "cnt": 2}, "GEOGRAFIE": {"medie": 8.140833333333337, "reusita": 100.0, "cnt": 60}, "MATEMATICA TEHN": {"medie": 6.275373134328359, "reusita": 75.36231884057972, "cnt": 69}, "FIZICA TEH": {"medie": 4.3125, "reusita": 41.66666666666667, "cnt": 12}, "MATEMATICA PED": {"medie": 7.118333333333335, "reusita": 93.33333333333333, "cnt": 30}}, "nume": "COLEGIUL NATIONAL \"MIHAI EMINESCU\" TOPLITA\tHarghita"}