{"specializari": {"MATEMATICA-INFORMATICA": 221}, "limba_moderna": {"LIMBA ENGLEZA": 219, "LIMBA GERMANA MODERNA": 1, "LIMBA FRANCEZA": 1}, "limba_materna": {"LIMBA ROMANA": 221}, "promotie_anterioara": {"NU": 221}, "materii": {"LIMBA ROMANA": {"medie": 8.208597285067878, "reusita": 99.5475113122172, "cnt": 221}, "MATEMATICA MATE-INFO": {"medie": 9.158863636363638, "reusita": 99.5475113122172, "cnt": 221}, "BIOLOGIE VEGETALA SI ANIMALA": {"medie": 9.0734375, "reusita": 100.0, "cnt": 32}, "GENERAL": {"medie": 8.74022727272727, "reusita": 98.64253393665159, "cnt": 221}, "CHIMIE ORGANICA TEO NIVEL I/II": {"medie": 9.157894736842106, "reusita": 100.0, "cnt": 38}, "INFORMATICA MI C/C++": {"medie": 9.228676470588237, "reusita": 100.0, "cnt": 68}, "CHIMIE ANORGANICA TEO NIVEL I/II": {"medie": 9.533333333333333, "reusita": 100.0, "cnt": 3}, "ANATOMIE SI FIZIOLOGIE UMANA, GENETICA SI ECOLOGIE UMANA": {"medie": 9.25, "reusita": 100.0, "cnt": 2}, "FIZICA TEO": {"medie": 8.244155844155848, "reusita": 98.71794871794873, "cnt": 78}}, "nume": "COLEGIUL NATIONAL DE INFORMATICA \"TUDOR VIANU\"\tBucure\u0219ti"}