{"specializari": {"MATEMATICA-INFORMATICA": 87, "STIINTE SOCIALE": 34, "STIINTE ALE NATURII": 17, "FILOLOGIE": 73}, "limba_moderna": {"LIMBA ENGLEZA": 190, "LIMBA GERMANA MODERNA": 3, "LIMBA FRANCEZA": 18}, "limba_materna": {"LIMBA ROMANA": 211}, "promotie_anterioara": {"NU": 206, "DA": 5}, "materii": {"LIMBA ROMANA": {"medie": 7.8314285714285665, "reusita": 99.52606635071089, "cnt": 211}, "MATEMATICA MATE-INFO": {"medie": 8.773563218390809, "reusita": 100.0, "cnt": 87}, "BIOLOGIE VEGETALA SI ANIMALA": {"medie": 4.8999999999999995, "reusita": 66.66666666666666, "cnt": 9}, "GENERAL": {"medie": 7.955238095238093, "reusita": 92.41706161137441, "cnt": 211}, "CHIMIE ORGANICA TEO NIVEL I/II": {"medie": 9.394444444444444, "reusita": 100.0, "cnt": 9}, "ISTORIE": {"medie": 8.007075471698116, "reusita": 99.06542056074767, "cnt": 107}, "GEOGRAFIE": {"medie": 8.286666666666669, "reusita": 98.33333333333333, "cnt": 60}, "PSIHOLOGIE": {"medie": 8.47777777777778, "reusita": 100.0, "cnt": 9}, "MATEMATICA ST-NAT": {"medie": 6.5470588235294125, "reusita": 88.23529411764706, "cnt": 17}, "ANATOMIE SI FIZIOLOGIE UMANA, GENETICA SI ECOLOGIE UMANA": {"medie": 8.358333333333334, "reusita": 100.0, "cnt": 18}, "FIZICA TEO": {"medie": 7.486029411764705, "reusita": 100.0, "cnt": 68}, "FILOSOFIE": {"medie": 2.4, "reusita": 0.0, "cnt": 1}, "ECONOMIE": {"medie": 7.757142857142857, "reusita": 100.0, "cnt": 7}, "LOGICA, ARGUMENTARE SI COMUNICARE": {"medie": 9.233333333333333, "reusita": 100.0, "cnt": 3}, "SOCIOLOGIE": {"medie": 7.6076923076923055, "reusita": 88.88888888888889, "cnt": 27}}, "nume": "COLEGIUL NATIONAL \"ION MAIORESCU\" GIURGIU\tGiurgiu"}