{"specializari": {"FILOLOGIE": 61, "MATEMATICA-INFORMATICA": 43, "STIINTE SOCIALE": 32, "STIINTE ALE NATURII": 31}, "limba_moderna": {"LIMBA ENGLEZA": 126, "LIMBA FRANCEZA": 17, "LIMBA ITALIANA": 19, "LIMBA GERMANA MODERNA": 1, "LIMBA SPANIOLA": 4}, "limba_materna": {"LIMBA ROMANA": 167}, "promotie_anterioara": {"NU": 163, "DA": 4}, "materii": {"LIMBA ROMANA": {"medie": 7.671257485029937, "reusita": 99.40119760479041, "cnt": 167}, "MATEMATICA MATE-INFO": {"medie": 8.219767441860466, "reusita": 100.0, "cnt": 43}, "GENERAL": {"medie": 8.077409638554224, "reusita": 95.80838323353294, "cnt": 167}, "CHIMIE ORGANICA TEO NIVEL I/II": {"medie": 8.25, "reusita": 100.0, "cnt": 4}, "INFORMATICA MI C/C++": {"medie": 8.373529411764707, "reusita": 100.0, "cnt": 17}, "CHIMIE ANORGANICA TEO NIVEL I/II": {"medie": 7.35, "reusita": 100.0, "cnt": 2}, "ISTORIE": {"medie": 7.573655913978495, "reusita": 100.0, "cnt": 93}, "GEOGRAFIE": {"medie": 8.452499999999999, "reusita": 100.0, "cnt": 60}, "PSIHOLOGIE": {"medie": 7.550000000000001, "reusita": 100.0, "cnt": 2}, "MATEMATICA ST-NAT": {"medie": 7.97741935483871, "reusita": 100.0, "cnt": 31}, "ANATOMIE SI FIZIOLOGIE UMANA, GENETICA SI ECOLOGIE UMANA": {"medie": 9.139361702127658, "reusita": 97.91666666666666, "cnt": 48}, "FIZICA TEO": {"medie": 8.333333333333334, "reusita": 100.0, "cnt": 3}, "LOGICA, ARGUMENTARE SI COMUNICARE": {"medie": 9.10925925925926, "reusita": 100.0, "cnt": 27}, "SOCIOLOGIE": {"medie": 8.55, "reusita": 100.0, "cnt": 4}}, "nume": "COLEGIUL NATIONAL \"GARABET IBRAILEANU\", IASI\tIa\u0219i"}