{"specializari": {"MATEMATICA-INFORMATICA": 85, "STIINTE ALE NATURII": 68, "FILOLOGIE": 67, "STIINTE SOCIALE": 67}, "limba_moderna": {"LIMBA ENGLEZA": 253, "LIMBA FRANCEZA": 34}, "limba_materna": {"LIMBA ROMANA": 287}, "promotie_anterioara": {"NU": 284, "DA": 3}, "materii": {"LIMBA ROMANA": {"medie": 8.532982456140351, "reusita": 98.95470383275261, "cnt": 287}, "MATEMATICA MATE-INFO": {"medie": 9.332352941176472, "reusita": 100.0, "cnt": 85}, "BIOLOGIE VEGETALA SI ANIMALA": {"medie": 8.175, "reusita": 100.0, "cnt": 2}, "GENERAL": {"medie": 8.746432748538005, "reusita": 98.60627177700349, "cnt": 287}, "CHIMIE ORGANICA TEO NIVEL I/II": {"medie": 9.431944444444442, "reusita": 100.0, "cnt": 36}, "INFORMATICA MI C/C++": {"medie": 9.263392857142856, "reusita": 100.0, "cnt": 56}, "ISTORIE": {"medie": 7.856060606060605, "reusita": 97.76119402985076, "cnt": 134}, "GEOGRAFIE": {"medie": 9.021649484536084, "reusita": 100.0, "cnt": 97}, "PSIHOLOGIE": {"medie": 7.725, "reusita": 100.0, "cnt": 2}, "MATEMATICA ST-NAT": {"medie": 8.915441176470594, "reusita": 100.0, "cnt": 68}, "ANATOMIE SI FIZIOLOGIE UMANA, GENETICA SI ECOLOGIE UMANA": {"medie": 9.587272727272726, "reusita": 100.0, "cnt": 55}, "FIZICA TEO": {"medie": 9.05, "reusita": 100.0, "cnt": 4}, "FILOSOFIE": {"medie": "-", "reusita": 0.0, "cnt": 1}, "ECONOMIE": {"medie": 8.575, "reusita": 100.0, "cnt": 4}, "LOGICA, ARGUMENTARE SI COMUNICARE": {"medie": 9.2, "reusita": 100.0, "cnt": 1}, "SOCIOLOGIE": {"medie": 8.485714285714284, "reusita": 96.55172413793103, "cnt": 29}}, "nume": "COLEGIUL NATIONAL \"ROMAN VODA\", MUNICIPIUL ROMAN\tNeam\u021b"}