{"specializari": {"TEHNICIAN IN ACTIVITATI ECONOMICE": 108, "TEHNICIAN IN ADMINISTRATIE": 17, "TEHNICIAN IN GASTRONOMIE": 17, "TEHNICIAN IN ACTIVITATI DE COMERT": 27, "TEHNICIAN IN TURISM": 28, "ORGANIZATOR BANQUETING": 23}, "limba_moderna": {"LIMBA ENGLEZA": 215, "LIMBA FRANCEZA": 4, "LIMBA GERMANA MODERNA": 1}, "limba_materna": {"LIMBA ROMANA": 220}, "promotie_anterioara": {"NU": 185, "DA": 35}, "materii": {"LIMBA ROMANA": {"medie": 6.810273972602736, "reusita": 95.45454545454545, "cnt": 220}, "GENERAL": {"medie": 7.689400921658986, "reusita": 85.9090909090909, "cnt": 220}, "GEOGRAFIE": {"medie": 7.900949367088608, "reusita": 98.75, "cnt": 160}, "PSIHOLOGIE": {"medie": 7.199999999999999, "reusita": 100.0, "cnt": 2}, "MATEMATICA TEHN": {"medie": 8.099543378995433, "reusita": 96.36363636363636, "cnt": 220}, "ECONOMIE": {"medie": 8.00625, "reusita": 100.0, "cnt": 8}, "LOGICA, ARGUMENTARE SI COMUNICARE": {"medie": 8.863, "reusita": 100.0, "cnt": 50}}, "nume": "COLEGIUL ECONOMIC \"PARTENIE COSMA\" ORADEA\tBihor"}