{"specializari": {"MATEMATICA-INFORMATICA": 19, "STIINTE ALE NATURII": 20, "FILOLOGIE": 1, "TEHNICIAN IN ACTIVITATI ECONOMICE": 35, "TEHNICIAN IN ADMINISTRATIE": 21, "TEHNICIAN IN INSTALATII ELECTRICE": 9, "TEHNICIAN OPERATOR TEHNICA DE CALCUL": 29, "TEHNICIAN ELECTRICIAN/ELECTRONIST AUTO": 12, "TEHNICIAN PROIECTANT CAD": 22, "TEHNICIAN MECATRONIST": 10, "TEHNICIAN IN ACTIVITATI DE COMERT": 9, "TEHNICIAN PRELUCRARI MECANICE": 2, "TEHNICIAN ELECTROMECANIC": 4, "TEHNICIAN TRANSPORTURI": 1}, "limba_moderna": {"LIMBA FRANCEZA": 77, "LIMBA ENGLEZA": 117}, "limba_materna": {"LIMBA ROMANA": 194}, "promotie_anterioara": {"NU": 137, "DA": 57}, "materii": {"LIMBA ROMANA": {"medie": 6.152319587628867, "reusita": 93.29896907216495, "cnt": 194}, "MATEMATICA MATE-INFO": {"medie": 5.376315789473684, "reusita": 84.21052631578947, "cnt": 19}, "BIOLOGIE VEGETALA SI ANIMALA": {"medie": 4.625833333333334, "reusita": 46.774193548387096, "cnt": 62}, "GENERAL": {"medie": 6.3166666666666655, "reusita": 51.03092783505154, "cnt": 194}, "CHIMIE ANORGANICA TEO NIVEL I/II": {"medie": 6.724999999999999, "reusita": 100.0, "cnt": 8}, "ISTORIE": {"medie": 5.4, "reusita": 100.0, "cnt": 1}, "GEOGRAFIE": {"medie": 7.54375, "reusita": 100.0, "cnt": 24}, "MATEMATICA ST-NAT": {"medie": 5.09, "reusita": 70.0, "cnt": 20}, "ANATOMIE SI FIZIOLOGIE UMANA, GENETICA SI ECOLOGIE UMANA": {"medie": 5.8999999999999995, "reusita": 75.86206896551724, "cnt": 29}, "MATEMATICA TEHN": {"medie": 6.638486842105264, "reusita": 79.87012987012987, "cnt": 154}, "FIZICA TEH": {"medie": 5.58125, "reusita": 75.0, "cnt": 8}, "LOGICA, ARGUMENTARE SI COMUNICARE": {"medie": 8.829761904761904, "reusita": 100.0, "cnt": 42}, "CHIMIE ANORGANICA TEH NIVEL I/II": {"medie": 6.626190476190477, "reusita": 90.47619047619048, "cnt": 21}}, "nume": "COLEGIUL TEHNIC DE CAI FERATE \"UNIREA\", PASCANI\tIa\u0219i"}