{"specializari": {"MATEMATICA-INFORMATICA": 119, "STIINTE ALE NATURII": 32, "STIINTE SOCIALE": 33, "FILOLOGIE": 31}, "limba_moderna": {"LIMBA ENGLEZA": 184, "LIMBA FRANCEZA": 28, "LIMBA GERMANA MODERNA": 3}, "limba_materna": {"LIMBA ROMANA": 215}, "promotie_anterioara": {"NU": 215}, "materii": {"LIMBA ROMANA": {"medie": 8.215116279069768, "reusita": 100.0, "cnt": 215}, "MATEMATICA MATE-INFO": {"medie": 8.990756302521005, "reusita": 100.0, "cnt": 119}, "BIOLOGIE VEGETALA SI ANIMALA": {"medie": 8.137142857142855, "reusita": 100.0, "cnt": 35}, "GENERAL": {"medie": 8.70286821705426, "reusita": 99.06976744186046, "cnt": 215}, "CHIMIE ORGANICA TEO NIVEL I/II": {"medie": 9.206818181818182, "reusita": 100.0, "cnt": 22}, "INFORMATICA MI C/C++": {"medie": 9.131034482758619, "reusita": 100.0, "cnt": 29}, "ISTORIE": {"medie": 9.07890625, "reusita": 100.0, "cnt": 64}, "GEOGRAFIE": {"medie": 9.36829268292683, "reusita": 100.0, "cnt": 41}, "PSIHOLOGIE": {"medie": 9.9, "reusita": 100.0, "cnt": 3}, "MATEMATICA ST-NAT": {"medie": 8.570312500000002, "reusita": 100.0, "cnt": 32}, "ANATOMIE SI FIZIOLOGIE UMANA, GENETICA SI ECOLOGIE UMANA": {"medie": 9.1, "reusita": 100.0, "cnt": 27}, "FIZICA TEO": {"medie": 8.58947368421053, "reusita": 97.36842105263158, "cnt": 38}, "FILOSOFIE": {"medie": 8.925, "reusita": 100.0, "cnt": 2}, "ECONOMIE": {"medie": 9.20909090909091, "reusita": 100.0, "cnt": 11}, "SOCIOLOGIE": {"medie": 9.242857142857144, "reusita": 100.0, "cnt": 7}}, "nume": "COLEGIUL NATIONAL \"UNIREA\" FOCSANI\tVrancea"}