{"specializari": {"INVATATOR - EDUCATOARE": 64, "STIINTE SOCIALE": 36, "FILOLOGIE": 74, "MATEMATICA-INFORMATICA": 17}, "limba_moderna": {"LIMBA ENGLEZA": 135, "LIMBA FRANCEZA": 37, "LIMBA SPANIOLA": 19}, "limba_materna": {"LIMBA ROMANA": 191}, "promotie_anterioara": {"NU": 185, "DA": 6}, "materii": {"LIMBA ROMANA": {"medie": 7.626178010471201, "reusita": 96.33507853403141, "cnt": 191}, "MATEMATICA MATE-INFO": {"medie": 7.68235294117647, "reusita": 100.0, "cnt": 17}, "BIOLOGIE VEGETALA SI ANIMALA": {"medie": 8.120000000000001, "reusita": 90.0, "cnt": 10}, "GENERAL": {"medie": 7.7036649214659665, "reusita": 90.57591623036649, "cnt": 191}, "ISTORIE": {"medie": 7.001818181818179, "reusita": 95.45454545454545, "cnt": 110}, "GEOGRAFIE": {"medie": 8.347619047619045, "reusita": 99.20634920634922, "cnt": 126}, "PSIHOLOGIE": {"medie": 8.2, "reusita": 100.0, "cnt": 2}, "FIZICA TEO": {"medie": 6.335714285714286, "reusita": 85.71428571428571, "cnt": 7}, "FILOSOFIE": {"medie": 4.883333333333333, "reusita": 66.66666666666666, "cnt": 3}, "ECONOMIE": {"medie": 9.0125, "reusita": 100.0, "cnt": 4}, "LOGICA, ARGUMENTARE SI COMUNICARE": {"medie": 8.084000000000001, "reusita": 100.0, "cnt": 25}, "MATEMATICA PED": {"medie": 8.150781249999998, "reusita": 93.75, "cnt": 64}, "SOCIOLOGIE": {"medie": 6.328571428571428, "reusita": 100.0, "cnt": 14}}, "nume": "COLEGIUL NATIONAL PEDAGOGIC \"SPIRU HARET\" MUNICIPIUL BUZAU\tBuz\u0103u"}