{"specializari": {"TEHNICIAN IN AUTOMATIZARI": 31, "TEHNICIAN ELECTROMECANIC": 23, "TEHNICIAN ENERGETICIAN": 23, "TEHNICIAN IN INSTALATII ELECTRICE": 33, "TEHNICIAN DE TELECOMUNICATII": 22, "TEHNICIAN ELECTROTEHNIST": 13}, "limba_moderna": {"LIMBA ENGLEZA": 135, "LIMBA GERMANA MODERNA": 10}, "limba_materna": {"LIMBA ROMANA": 145}, "promotie_anterioara": {"NU": 117, "DA": 28}, "materii": {"LIMBA ROMANA": {"medie": 5.1535460992907804, "reusita": 71.72413793103448, "cnt": 145}, "BIOLOGIE VEGETALA SI ANIMALA": {"medie": 5.186538461538463, "reusita": 57.46268656716418, "cnt": 134}, "GENERAL": {"medie": 5.673640661938534, "reusita": 38.62068965517241, "cnt": 145}, "MATEMATICA TEHN": {"medie": 6.644326241134751, "reusita": 81.37931034482759, "cnt": 145}, "FIZICA TEH": {"medie": 5.48125, "reusita": 62.5, "cnt": 8}, "CHIMIE ANORGANICA TEH NIVEL I/II": {"medie": 6.116666666666667, "reusita": 100.0, "cnt": 3}}, "nume": "COLEGIUL TEHNIC ENERGETIC SIBIU\tSibiu"}