{"specializari": {"MATEMATICA-INFORMATICA": 48, "STIINTE ALE NATURII": 29, "STIINTE SOCIALE": 35}, "limba_moderna": {"LIMBA ENGLEZA": 103, "LIMBA GERMANA MODERNA": 9}, "limba_materna": {"LIMBA MAGHIARA": 112}, "promotie_anterioara": {"NU": 107, "DA": 5}, "materii": {"LIMBA ROMANA": {"medie": 7.263063063063061, "reusita": 94.64285714285714, "cnt": 112}, "MATEMATICA MATE-INFO": {"medie": 8.494791666666666, "reusita": 100.0, "cnt": 48}, "BIOLOGIE VEGETALA SI ANIMALA": {"medie": 6.89375, "reusita": 100.0, "cnt": 8}, "GENERAL": {"medie": 7.7180180180180145, "reusita": 89.28571428571429, "cnt": 112}, "CHIMIE ORGANICA TEO NIVEL I/II": {"medie": 8.039285714285713, "reusita": 100.0, "cnt": 14}, "INFORMATICA MI C/C++": {"medie": 7.030000000000001, "reusita": 80.0, "cnt": 5}, "ISTORIE": {"medie": 6.479999999999999, "reusita": 97.14285714285714, "cnt": 35}, "GEOGRAFIE": {"medie": 7.670312499999998, "reusita": 96.875, "cnt": 32}, "MATEMATICA ST-NAT": {"medie": 7.44310344827586, "reusita": 96.55172413793103, "cnt": 29}, "ANATOMIE SI FIZIOLOGIE UMANA, GENETICA SI ECOLOGIE UMANA": {"medie": 8.220967741935484, "reusita": 100.0, "cnt": 31}, "FIZICA TEO": {"medie": 6.408333333333333, "reusita": 88.88888888888889, "cnt": 18}, "FILOSOFIE": {"medie": 9.125, "reusita": 100.0, "cnt": 2}, "ECONOMIE": {"medie": 9.6, "reusita": 100.0, "cnt": 1}, "INFORMATICA MI PASCAL": {"medie": 9.65, "reusita": 100.0, "cnt": 1}, "LIMBA MAGHIARA (REAL)": {"medie": 8.645454545454546, "reusita": 100.0, "cnt": 77}, "LIMBA MAGHIARA (UMAN)": {"medie": 7.681428571428571, "reusita": 100.0, "cnt": 35}}, "nume": "COLEGIUL NATIONAL \"SZEKELY MIKO\" SFANTU GHEORGHE\tCovasna"}