{"specializari": {"FILOLOGIE": 31, "MATEMATICA-INFORMATICA": 118}, "limba_moderna": {"LIMBA ENGLEZA": 138, "LIMBA FRANCEZA": 11}, "limba_materna": {"LIMBA ROMANA": 149}, "promotie_anterioara": {"NU": 147, "DA": 2}, "materii": {"LIMBA ROMANA": {"medie": 7.619127516778528, "reusita": 100.0, "cnt": 149}, "MATEMATICA MATE-INFO": {"medie": 8.818644067796612, "reusita": 100.0, "cnt": 118}, "GENERAL": {"medie": 8.244966442953022, "reusita": 98.65771812080537, "cnt": 149}, "CHIMIE ORGANICA TEO NIVEL I/II": {"medie": 8.1825, "reusita": 100.0, "cnt": 20}, "INFORMATICA MI C/C++": {"medie": 8.906034482758622, "reusita": 100.0, "cnt": 58}, "ISTORIE": {"medie": 8.046774193548387, "reusita": 100.0, "cnt": 31}, "GEOGRAFIE": {"medie": 8.266666666666666, "reusita": 100.0, "cnt": 15}, "ANATOMIE SI FIZIOLOGIE UMANA, GENETICA SI ECOLOGIE UMANA": {"medie": 7.9027777777777795, "reusita": 97.22222222222221, "cnt": 36}, "FIZICA TEO": {"medie": 8.4, "reusita": 100.0, "cnt": 4}, "FILOSOFIE": {"medie": 8.55, "reusita": 100.0, "cnt": 2}, "ECONOMIE": {"medie": 7.266666666666666, "reusita": 100.0, "cnt": 3}, "LOGICA, ARGUMENTARE SI COMUNICARE": {"medie": 8.93, "reusita": 100.0, "cnt": 10}, "SOCIOLOGIE": {"medie": 9.7, "reusita": 100.0, "cnt": 1}}, "nume": "COLEGIUL NATIONAL \"MIHAIL KOGALNICEANU\", LOCALITATEA GALATI\tGala\u021bi"}