{"specializari": {"TEHNICIAN IN INDUSTRIA TEXTILA": 2, "TEHNICIAN PROIECTANT CAD": 4, "TEHNICIAN DESIGNER MOBILA SI AMENAJARI INTERIOARE": 1, "TEHNICIAN MECATRONIST": 1, "TEHNICIAN MECANIC PENTRU INTRETINERE SI REPARATII": 3, "TEHNICIAN DESIGNER VESTIMENTAR": 6, "ORGANIZATOR BANQUETING": 7, "COAFOR STILIST": 2, "TEHNICIAN IN TURISM": 1, "TEHNICIAN IN ACTIVITATI ECONOMICE": 1, "TEHNICIAN IN PRELUCRAREA LEMNULUI": 1}, "limba_moderna": {"LIMBA ENGLEZA": 28, "LIMBA FRANCEZA": 1}, "limba_materna": {"LIMBA ROMANA": 29}, "promotie_anterioara": {"DA": 15, "NU": 14}, "materii": {"LIMBA ROMANA": {"medie": 5.955172413793104, "reusita": 86.20689655172413, "cnt": 29}, "BIOLOGIE VEGETALA SI ANIMALA": {"medie": 5.103846153846154, "reusita": 61.53846153846154, "cnt": 13}, "GENERAL": {"medie": 5.845238095238095, "reusita": 37.93103448275862, "cnt": 29}, "GEOGRAFIE": {"medie": 7.622727272727272, "reusita": 100.0, "cnt": 11}, "ANATOMIE SI FIZIOLOGIE UMANA, GENETICA SI ECOLOGIE UMANA": {"medie": "-", "reusita": 0.0, "cnt": 1}, "MATEMATICA TEHN": {"medie": 5.417241379310344, "reusita": 75.86206896551724, "cnt": 29}, "FIZICA TEH": {"medie": 5.275, "reusita": 75.0, "cnt": 4}}, "nume": "COLEGIUL TEHNIC \"ANDREI SAGUNA\" ORADEA\tBihor"}