{"specializari": {"TEHNICIAN DE TELECOMUNICATII": 16, "TEHNICIAN ELECTROTEHNIST": 3, "TEHNICIAN IN INSTALATII ELECTRICE": 6, "TEHNICIAN OPERATOR TEHNICA DE CALCUL": 2, "COAFOR STILIST": 18, "TEHNICIAN TRANSPORTURI": 1, "TEHNICIAN ELECTROMECANIC": 11, "TEHNICIAN MECATRONIST": 3, "TEHNICIAN MECANIC PENTRU INTRETINERE SI REPARATII": 14, "TEHNICIAN ECOLOG SI PROTECTIA CALITATII MEDIULUI": 13, "TEHNICIAN PRELUCRARI MECANICE": 10, "TEHNICIAN ELECTRONIST": 2}, "limba_moderna": {"LIMBA ENGLEZA": 63, "LIMBA GERMANA MODERNA": 9, "LIMBA FRANCEZA": 27}, "limba_materna": {"LIMBA ROMANA": 99}, "promotie_anterioara": {"DA": 35, "NU": 64}, "materii": {"LIMBA ROMANA": {"medie": 4.500641025641024, "reusita": 38.38383838383838, "cnt": 99}, "BIOLOGIE VEGETALA SI ANIMALA": {"medie": 4.030952380952381, "reusita": 26.984126984126984, "cnt": 63}, "GENERAL": {"medie": 4.154497354497355, "reusita": 8.080808080808081, "cnt": 99}, "GEOGRAFIE": {"medie": 4.157142857142857, "reusita": 27.77777777777778, "cnt": 18}, "MATEMATICA TEHN": {"medie": 3.423972602739726, "reusita": 25.252525252525253, "cnt": 99}, "FIZICA TEH": {"medie": 5.4125, "reusita": 50.0, "cnt": 6}, "CHIMIE ANORGANICA TEH NIVEL I/II": {"medie": 3.775, "reusita": 10.0, "cnt": 10}, "CHIMIE ORGANICA TEH NIVEL I/II": {"medie": 2.675, "reusita": 0.0, "cnt": 2}}, "nume": "COLEGIUL TEHNIC RESITA\tCara\u0219-Severin"}