{"specializari": {"TEHNICIAN OPERATOR TEHNICA DE CALCUL": 26, "TEHNICIAN DESIGNER VESTIMENTAR": 14, "MATEMATICA-INFORMATICA": 27, "TEHNICIAN IN INDUSTRIA TEXTILA": 7, "TEHNICIAN IN INDUSTRIA PIELARIEI": 3}, "limba_moderna": {"LIMBA FRANCEZA": 22, "LIMBA ENGLEZA": 54, "LIMBA GERMANA MODERNA": 1}, "limba_materna": {"LIMBA ROMANA": 77}, "promotie_anterioara": {"NU": 59, "DA": 18}, "materii": {"LIMBA ROMANA": {"medie": 6.824657534246575, "reusita": 81.81818181818183, "cnt": 77}, "MATEMATICA MATE-INFO": {"medie": 6.674074074074072, "reusita": 88.88888888888889, "cnt": 27}, "BIOLOGIE VEGETALA SI ANIMALA": {"medie": 5.74326923076923, "reusita": 71.42857142857143, "cnt": 56}, "GENERAL": {"medie": 6.359624413145541, "reusita": 54.54545454545454, "cnt": 77}, "CHIMIE ORGANICA TEO NIVEL I/II": {"medie": 9.35, "reusita": 100.0, "cnt": 1}, "ANATOMIE SI FIZIOLOGIE UMANA, GENETICA SI ECOLOGIE UMANA": {"medie": 7.9750000000000005, "reusita": 100.0, "cnt": 4}, "FIZICA TEO": {"medie": 7.8625, "reusita": 100.0, "cnt": 8}, "MATEMATICA TEHN": {"medie": 6.081818181818182, "reusita": 70.0, "cnt": 50}, "FIZICA TEH": {"medie": 3.9, "reusita": 33.33333333333333, "cnt": 6}, "CHIMIE ANORGANICA TEH NIVEL I/II": {"medie": 2.1, "reusita": 0.0, "cnt": 1}, "CHIMIE ORGANICA TEH NIVEL I/II": {"medie": 2.0, "reusita": 0.0, "cnt": 1}}, "nume": "COLEGIUL TEHNIC \"AUGUST TREBONIU LAURIAN\" AGNITA\tSibiu"}