{"specializari": {"TEHNICIAN IN ACTIVITATI ECONOMICE": 30, "TEHNICIAN IN ADMINISTRATIE": 28, "TEHNICIAN VETERINAR": 11, "TEHNICIAN MECANIC PENTRU INTRETINERE SI REPARATII": 8, "TEHNICIAN IN SILVICULTURA SI EXPLOATARI FORESTIERE": 17, "TEHNICIAN IN CONSTRUCTII SI LUCRARI PUBLICE": 5, "TEHNICIAN OPERATOR TEHNICA DE CALCUL": 5, "MATEMATICA-INFORMATICA": 16, "TEHNICIAN IN HOTELARIE": 21, "TEHNICIAN ANALIZE PRODUSE ALIMENTARE": 25, "TEHNICIAN HORTICULTOR": 3, "TEHNICIAN ECOLOG SI PROTECTIA CALITATII MEDIULUI": 27, "TEHNICIAN IN AUTOMATIZARI": 14, "TEHNICIAN IN INDUSTRIA ALIMENTARA": 1, "TEHNICIAN IN AGRICULTURA": 1}, "limba_moderna": {"LIMBA ENGLEZA": 171, "LIMBA FRANCEZA": 41}, "limba_materna": {"LIMBA ROMANA": 212}, "promotie_anterioara": {"NU": 165, "DA": 47}, "materii": {"LIMBA ROMANA": {"medie": 5.541584158415841, "reusita": 67.45283018867924, "cnt": 212}, "MATEMATICA MATE-INFO": {"medie": 5.506666666666666, "reusita": 62.5, "cnt": 16}, "BIOLOGIE VEGETALA SI ANIMALA": {"medie": 5.176956521739131, "reusita": 57.02479338842975, "cnt": 121}, "GENERAL": {"medie": 5.840683760683763, "reusita": 42.45283018867924, "cnt": 212}, "INFORMATICA MI C/C++": {"medie": 8.649999999999999, "reusita": 100.0, "cnt": 3}, "GEOGRAFIE": {"medie": 8.220634920634918, "reusita": 94.02985074626866, "cnt": 67}, "ANATOMIE SI FIZIOLOGIE UMANA, GENETICA SI ECOLOGIE UMANA": {"medie": 4.24, "reusita": 40.0, "cnt": 5}, "MATEMATICA TEHN": {"medie": 5.730481283422458, "reusita": 66.83673469387756, "cnt": 196}, "FIZICA TEH": {"medie": 2.6833333333333336, "reusita": 0.0, "cnt": 4}, "ECONOMIE": {"medie": 6.5, "reusita": 75.0, "cnt": 12}}, "nume": "COLEGIUL \"VASILE LOVINESCU\" FALTICENI\tSuceava"}