{"specializari": {"TEHNICIAN OPERATOR PROCESARE TEXT IMAGINE": 13, "TEHNICIAN ELECTROTEHNIST": 3, "TEHNICIAN ELECTRONIST": 5, "TEHNICIAN IN AUTOMATIZARI": 2, "TEHNICIAN ELECTRICIAN/ELECTRONIST AUTO": 4, "TEHNICIAN ELECTROMECANIC": 1, "TEHNICIAN OPERATOR TEHNICA DE CALCUL": 2}, "limba_moderna": {"LIMBA ENGLEZA": 24, "LIMBA FRANCEZA": 6}, "limba_materna": {"LIMBA ROMANA": 30}, "promotie_anterioara": {"NU": 14, "DA": 16}, "materii": {"LIMBA ROMANA": {"medie": 5.488333333333333, "reusita": 80.0, "cnt": 30}, "BIOLOGIE VEGETALA SI ANIMALA": {"medie": 4.791304347826086, "reusita": 60.86956521739131, "cnt": 23}, "GENERAL": {"medie": 5.543333333333335, "reusita": 33.33333333333333, "cnt": 30}, "ANATOMIE SI FIZIOLOGIE UMANA, GENETICA SI ECOLOGIE UMANA": {"medie": 2.2, "reusita": 0.0, "cnt": 1}, "MATEMATICA TEHN": {"medie": 6.165, "reusita": 96.66666666666667, "cnt": 30}, "FIZICA TEH": {"medie": 6.340000000000001, "reusita": 60.0, "cnt": 5}, "CHIMIE ANORGANICA TEH NIVEL I/II": {"medie": 5.2, "reusita": 100.0, "cnt": 1}}, "nume": "COLEGIUL TEHNIC \"EDMOND NICOLAU\" CLUJ-NAPOCA\tCluj"}