{"specializari": {"TEHNICIAN IN AUTOMATIZARI": 36, "TEHNICIAN MECANIC PENTRU INTRETINERE SI REPARATII": 11, "TEHNICIAN INSTALATOR PENTRU CONSTRUCTII": 14, "MATEMATICA-INFORMATICA": 32, "TEHNICIAN ECOLOG SI PROTECTIA CALITATII MEDIULUI": 32, "TEHNICIAN IN ACTIVITATI ECONOMICE": 30, "TEHNICIAN ELECTRONIST": 7, "TEHNICIAN IN ACTIVITATI DE COMERT": 7, "TEHNICIAN CHIMIST DE LABORATOR": 1}, "limba_moderna": {"LIMBA ENGLEZA": 168, "LIMBA FRANCEZA": 1, "LIMBA GERMANA MODERNA": 1}, "limba_materna": {"LIMBA ROMANA": 161, "LIMBA MAGHIARA": 9}, "promotie_anterioara": {"NU": 139, "DA": 31}, "materii": {"LIMBA ROMANA": {"medie": 7.068181818181817, "reusita": 90.58823529411765, "cnt": 170}, "MATEMATICA MATE-INFO": {"medie": 8.9375, "reusita": 100.0, "cnt": 32}, "BIOLOGIE VEGETALA SI ANIMALA": {"medie": 5.721774193548387, "reusita": 73.4375, "cnt": 64}, "GENERAL": {"medie": 7.470267489711936, "reusita": 70.58823529411765, "cnt": 170}, "CHIMIE ORGANICA TEO NIVEL I/II": {"medie": 9.316666666666666, "reusita": 100.0, "cnt": 3}, "INFORMATICA MI C/C++": {"medie": 8.753703703703703, "reusita": 100.0, "cnt": 27}, "CHIMIE ANORGANICA TEO NIVEL I/II": {"medie": 6.4, "reusita": 100.0, "cnt": 1}, "GEOGRAFIE": {"medie": 8.296774193548389, "reusita": 90.625, "cnt": 32}, "ANATOMIE SI FIZIOLOGIE UMANA, GENETICA SI ECOLOGIE UMANA": {"medie": 6.7125, "reusita": 100.0, "cnt": 8}, "FIZICA TEO": {"medie": 7.45, "reusita": 100.0, "cnt": 1}, "MATEMATICA TEHN": {"medie": 8.017424242424239, "reusita": 88.40579710144928, "cnt": 138}, "FIZICA TEH": {"medie": 5.130000000000001, "reusita": 46.15384615384615, "cnt": 13}, "ECONOMIE": {"medie": 8.989999999999998, "reusita": 100.0, "cnt": 5}, "CHIMIE ANORGANICA TEH NIVEL I/II": {"medie": 5.953846153846153, "reusita": 69.23076923076923, "cnt": 13}, "LIMBA MAGHIARA (REAL)": {"medie": 6.144444444444444, "reusita": 100.0, "cnt": 9}, "CHIMIE ORGANICA TEH NIVEL I/II": {"medie": 9.566666666666666, "reusita": 100.0, "cnt": 3}}, "nume": "COLEGIUL \"SCOALA NATIONALA DE GAZ\" MEDIAS\tSibiu"}