{"specializari": {"STIINTE ALE NATURII": 32, "FILOLOGIE": 66, "STIINTE SOCIALE": 36, "MATEMATICA-INFORMATICA": 137, "LICEU CU PROGRAM SPORTIV": 30}, "limba_moderna": {"LIMBA ENGLEZA": 249, "LIMBA FRANCEZA": 38, "LIMBA GERMANA MODERNA": 10, "LIMBA SPANIOLA": 4}, "limba_materna": {"LIMBA ROMANA": 301}, "promotie_anterioara": {"NU": 299, "DA": 2}, "materii": {"LIMBA ROMANA": {"medie": 8.041499999999997, "reusita": 99.00332225913621, "cnt": 301}, "MATEMATICA MATE-INFO": {"medie": 8.94306569343066, "reusita": 98.54014598540147, "cnt": 137}, "BIOLOGIE VEGETALA SI ANIMALA": {"medie": 8.635714285714286, "reusita": 100.0, "cnt": 35}, "GENERAL": {"medie": 8.342055555555552, "reusita": 95.01661129568106, "cnt": 301}, "CHIMIE ORGANICA TEO NIVEL I/II": {"medie": 8.925, "reusita": 100.0, "cnt": 40}, "INFORMATICA MI C/C++": {"medie": 8.699999999999998, "reusita": 100.0, "cnt": 9}, "CHIMIE ANORGANICA TEO NIVEL I/II": {"medie": 8.440000000000001, "reusita": 100.0, "cnt": 5}, "ISTORIE": {"medie": 7.725190839694658, "reusita": 97.72727272727273, "cnt": 132}, "GEOGRAFIE": {"medie": 8.478333333333333, "reusita": 100.0, "cnt": 30}, "PSIHOLOGIE": {"medie": 8.8375, "reusita": 100.0, "cnt": 4}, "MATEMATICA ST-NAT": {"medie": 8.495312499999999, "reusita": 100.0, "cnt": 32}, "ANATOMIE SI FIZIOLOGIE UMANA, GENETICA SI ECOLOGIE UMANA": {"medie": 8.307142857142859, "reusita": 95.23809523809523, "cnt": 21}, "FIZICA TEO": {"medie": 8.185849056603772, "reusita": 98.11320754716981, "cnt": 53}, "FILOSOFIE": {"medie": 7.733333333333333, "reusita": 100.0, "cnt": 3}, "ECONOMIE": {"medie": 7.968181818181819, "reusita": 90.9090909090909, "cnt": 11}, "LOGICA, ARGUMENTARE SI COMUNICARE": {"medie": 8.941566265060239, "reusita": 96.42857142857143, "cnt": 84}, "INFORMATICA MI PASCAL": {"medie": 9.266666666666667, "reusita": 100.0, "cnt": 6}}, "nume": "COLEGIUL NATIONAL \"MIHAI VITEAZUL\", MUNICIPIUL PLOIESTI\tPrahova"}