{"specializari": {"TEHNICIAN IN ACTIVITATI ECONOMICE": 155, "TEHNICIAN IN ACTIVITATI DE COMERT": 45, "TEHNICIAN IN GASTRONOMIE": 22, "TEHNICIAN IN TURISM": 11}, "limba_moderna": {"LIMBA ENGLEZA": 189, "LIMBA FRANCEZA": 39, "LIMBA GERMANA MODERNA": 5}, "limba_materna": {"LIMBA ROMANA": 202, "LIMBA MAGHIARA": 31}, "promotie_anterioara": {"NU": 200, "DA": 33}, "materii": {"LIMBA ROMANA": {"medie": 6.127173913043476, "reusita": 81.54506437768241, "cnt": 233}, "GENERAL": {"medie": 6.633665191740411, "reusita": 61.80257510729614, "cnt": 233}, "GEOGRAFIE": {"medie": 6.977168949771692, "reusita": 92.7927927927928, "cnt": 222}, "MATEMATICA TEHN": {"medie": 6.779735682819381, "reusita": 84.12017167381974, "cnt": 233}, "ECONOMIE": {"medie": 3.786363636363637, "reusita": 27.27272727272727, "cnt": 11}, "LIMBA MAGHIARA (REAL)": {"medie": 6.809677419354839, "reusita": 93.54838709677419, "cnt": 31}}, "nume": "COLEGIUL ECONOMIC \"GHEORGHE DRAGOS\" SATU MARE\tSatu-Mare"}