{"specializari": {"TEHNICIAN IN INDUSTRIA ALIMENTARA": 16, "TEHNICIAN IN ACTIVITATI ECONOMICE": 18, "TEHNICIAN MECANIC PENTRU INTRETINERE SI REPARATII": 14, "MATEMATICA-INFORMATICA": 10, "TEHNICIAN OPERATOR TEHNICA DE CALCUL": 17, "TEHNICIAN IN INDUSTRIA TEXTILA": 8, "TEHNICIAN ECOLOG SI PROTECTIA CALITATII MEDIULUI": 18, "TEHNICIAN ANALIZE PRODUSE ALIMENTARE": 19, "TEHNICIAN MECATRONIST": 2, "ORGANIZATOR BANQUETING": 15, "TEHNICIAN IN TURISM": 1}, "limba_moderna": {"LIMBA FRANCEZA": 31, "LIMBA ENGLEZA": 107}, "limba_materna": {"LIMBA ROMANA": 138}, "promotie_anterioara": {"NU": 103, "DA": 35}, "materii": {"LIMBA ROMANA": {"medie": 5.3910156250000005, "reusita": 67.3913043478261, "cnt": 138}, "MATEMATICA MATE-INFO": {"medie": 4.7555555555555555, "reusita": 50.0, "cnt": 10}, "BIOLOGIE VEGETALA SI ANIMALA": {"medie": 3.361666666666667, "reusita": 20.588235294117645, "cnt": 34}, "GENERAL": {"medie": 5.3563685636856375, "reusita": 33.33333333333333, "cnt": 138}, "CHIMIE ORGANICA TEO NIVEL I/II": {"medie": 8.4, "reusita": 100.0, "cnt": 1}, "GEOGRAFIE": {"medie": 7.5290322580645155, "reusita": 90.9090909090909, "cnt": 33}, "PSIHOLOGIE": {"medie": 8.9, "reusita": 100.0, "cnt": 1}, "ANATOMIE SI FIZIOLOGIE UMANA, GENETICA SI ECOLOGIE UMANA": {"medie": 6.087254901960784, "reusita": 75.47169811320755, "cnt": 53}, "FIZICA TEO": {"medie": 2.357142857142857, "reusita": 0.0, "cnt": 8}, "MATEMATICA TEHN": {"medie": 5.076470588235295, "reusita": 56.25, "cnt": 128}, "FIZICA TEH": {"medie": 4.385714285714285, "reusita": 62.5, "cnt": 8}}, "nume": "COLEGIUL TEHNIC \"DANUBIANA\", MUNICIPIUL ROMAN\tNeam\u021b"}