{"specializari": {"TEHNICIAN ANALIZE PRODUSE ALIMENTARE": 21, "TEHNICIAN PROIECTANT CAD": 20, "TEHNICIAN IN ACTIVITATI ECONOMICE": 24, "TEHNICIAN HORTICULTOR": 48, "TEHNICIAN MECANIC PENTRU INTRETINERE SI REPARATII": 15, "TEHNICIAN IN AGRICULTURA": 4, "TEHNICIAN IN INDUSTRIA ALIMENTARA": 4, "TEHNICIAN TRANSPORTURI": 1}, "limba_moderna": {"LIMBA ENGLEZA": 110, "LIMBA FRANCEZA": 27}, "limba_materna": {"LIMBA ROMANA": 137}, "promotie_anterioara": {"NU": 93, "DA": 44}, "materii": {"LIMBA ROMANA": {"medie": 6.018749999999997, "reusita": 78.1021897810219, "cnt": 137}, "BIOLOGIE VEGETALA SI ANIMALA": {"medie": 4.723913043478261, "reusita": 35.714285714285715, "cnt": 28}, "GENERAL": {"medie": 5.999917355371903, "reusita": 44.52554744525548, "cnt": 137}, "GEOGRAFIE": {"medie": 7.539130434782609, "reusita": 100.0, "cnt": 23}, "ANATOMIE SI FIZIOLOGIE UMANA, GENETICA SI ECOLOGIE UMANA": {"medie": 5.778676470588235, "reusita": 65.75342465753424, "cnt": 73}, "MATEMATICA TEHN": {"medie": 5.95546875, "reusita": 73.72262773722628, "cnt": 137}, "FIZICA TEH": {"medie": 5.15, "reusita": 100.0, "cnt": 1}, "ECONOMIE": {"medie": 9.15, "reusita": 100.0, "cnt": 1}, "CHIMIE ANORGANICA TEH NIVEL I/II": {"medie": 4.906363636363637, "reusita": 54.54545454545454, "cnt": 11}}, "nume": "COLEGIUL AGRICOL \"DIMITRIE CANTEMIR\", MUN. HUSI\tVaslui"}