{"specializari": {"MATEMATICA-INFORMATICA": 91, "FILOLOGIE": 69, "STIINTE ALE NATURII": 35, "STIINTE SOCIALE": 38}, "limba_moderna": {"LIMBA ENGLEZA": 167, "LIMBA FRANCEZA": 66}, "limba_materna": {"LIMBA ROMANA": 233}, "promotie_anterioara": {"NU": 226, "DA": 7}, "materii": {"LIMBA ROMANA": {"medie": 7.774891774891775, "reusita": 97.85407725321889, "cnt": 233}, "MATEMATICA MATE-INFO": {"medie": 7.610000000000002, "reusita": 90.10989010989012, "cnt": 91}, "BIOLOGIE VEGETALA SI ANIMALA": {"medie": 7.71578947368421, "reusita": 94.73684210526315, "cnt": 19}, "GENERAL": {"medie": 7.838311688311687, "reusita": 90.55793991416309, "cnt": 233}, "CHIMIE ORGANICA TEO NIVEL I/II": {"medie": 8.541666666666666, "reusita": 100.0, "cnt": 6}, "INFORMATICA MI C/C++": {"medie": 8.35, "reusita": 100.0, "cnt": 7}, "CHIMIE ANORGANICA TEO NIVEL I/II": {"medie": 7.363043478260872, "reusita": 93.61702127659575, "cnt": 47}, "ISTORIE": {"medie": 7.88584905660377, "reusita": 98.13084112149532, "cnt": 107}, "GEOGRAFIE": {"medie": 8.118181818181817, "reusita": 98.87640449438202, "cnt": 89}, "PSIHOLOGIE": {"medie": 9.9, "reusita": 100.0, "cnt": 3}, "MATEMATICA ST-NAT": {"medie": 6.761428571428571, "reusita": 97.14285714285714, "cnt": 35}, "ANATOMIE SI FIZIOLOGIE UMANA, GENETICA SI ECOLOGIE UMANA": {"medie": 8.756666666666664, "reusita": 97.77777777777777, "cnt": 45}, "FIZICA TEO": {"medie": 8.55, "reusita": 100.0, "cnt": 2}, "FILOSOFIE": {"medie": 8.65, "reusita": 100.0, "cnt": 2}, "LOGICA, ARGUMENTARE SI COMUNICARE": {"medie": 8.534615384615385, "reusita": 100.0, "cnt": 13}}, "nume": "COLEGIUL NATIONAL \"NICU GANE\" FALTICENI\tSuceava"}