{"specializari": {"MATEMATICA-INFORMATICA": 21, "FILOLOGIE": 21, "STIINTE ALE NATURII": 8, "TEHNICIAN IN TURISM": 21, "TEHNICIAN IN GASTRONOMIE": 13, "ORGANIZATOR BANQUETING": 15, "TEHNICIAN CHIMIST DE LABORATOR": 1, "TEHNICIAN ELECTROMECANIC": 1, "TEHNICIAN IN ACTIVITATI DE COMERT": 1, "TEHNICIAN IN HOTELARIE": 1}, "limba_moderna": {"LIMBA ENGLEZA": 78, "LIMBA FRANCEZA": 25}, "limba_materna": {"LIMBA ROMANA": 103}, "promotie_anterioara": {"NU": 69, "DA": 34}, "materii": {"LIMBA ROMANA": {"medie": 5.767676767676767, "reusita": 74.75728155339806, "cnt": 103}, "MATEMATICA MATE-INFO": {"medie": 7.8880952380952385, "reusita": 95.23809523809523, "cnt": 21}, "BIOLOGIE VEGETALA SI ANIMALA": {"medie": 4.675, "reusita": 50.0, "cnt": 6}, "GENERAL": {"medie": 6.339298245614038, "reusita": 50.48543689320388, "cnt": 103}, "CHIMIE ORGANICA TEO NIVEL I/II": {"medie": 8.95, "reusita": 100.0, "cnt": 1}, "ISTORIE": {"medie": 5.66904761904762, "reusita": 90.47619047619048, "cnt": 21}, "GEOGRAFIE": {"medie": 7.135483870967743, "reusita": 85.07462686567165, "cnt": 67}, "MATEMATICA ST-NAT": {"medie": 5.075, "reusita": 87.5, "cnt": 8}, "ANATOMIE SI FIZIOLOGIE UMANA, GENETICA SI ECOLOGIE UMANA": {"medie": 7.520000000000001, "reusita": 100.0, "cnt": 20}, "FIZICA TEO": {"medie": 8.799999999999999, "reusita": 100.0, "cnt": 3}, "MATEMATICA TEHN": {"medie": 5.548979591836735, "reusita": 64.15094339622641, "cnt": 53}, "ECONOMIE": {"medie": 4.25, "reusita": 60.0, "cnt": 5}, "INFORMATICA MI PASCAL": {"medie": 7.85, "reusita": 100.0, "cnt": 1}}, "nume": "COLEGIUL \"ION KALINDERU\", ORASUL BUSTENI\tPrahova"}