{"specializari": {"MUZICA": 64}, "limba_moderna": {"LIMBA ENGLEZA": 61, "LIMBA FRANCEZA": 3}, "limba_materna": {"LIMBA ROMANA": 47, "LIMBA MAGHIARA": 17}, "promotie_anterioara": {"NU": 58, "DA": 6}, "materii": {"LIMBA ROMANA": {"medie": 6.798387096774195, "reusita": 92.1875, "cnt": 64}, "GENERAL": {"medie": 7.403125000000001, "reusita": 84.375, "cnt": 64}, "ISTORIE": {"medie": 7.370312500000003, "reusita": 100.0, "cnt": 64}, "GEOGRAFIE": {"medie": 7.8053571428571455, "reusita": 96.55172413793103, "cnt": 58}, "FILOSOFIE": {"medie": 7.17, "reusita": 83.33333333333334, "cnt": 6}, "LIMBA MAGHIARA (REAL)": {"medie": 7.765625, "reusita": 94.11764705882352, "cnt": 17}}, "nume": "COLEGIUL DE MUZICA \"SIGISMUND TODUTA\" CLUJ-NAPOCA\tCluj"}