{"specializari": {"STIINTE ALE NATURII": 72, "MATEMATICA-INFORMATICA": 51, "FILOLOGIE": 27}, "limba_moderna": {"LIMBA ENGLEZA": 139, "LIMBA GERMANA MODERNA": 3, "LIMBA FRANCEZA": 8}, "limba_materna": {"LIMBA ROMANA": 150}, "promotie_anterioara": {"NU": 150}, "materii": {"LIMBA ROMANA": {"medie": 8.292333333333334, "reusita": 99.33333333333333, "cnt": 150}, "MATEMATICA MATE-INFO": {"medie": 9.092156862745098, "reusita": 100.0, "cnt": 51}, "GENERAL": {"medie": 8.520355555555552, "reusita": 98.66666666666667, "cnt": 150}, "CHIMIE ORGANICA TEO NIVEL I/II": {"medie": 9.223846153846154, "reusita": 100.0, "cnt": 13}, "INFORMATICA MI C/C++": {"medie": 8.992857142857144, "reusita": 100.0, "cnt": 21}, "CHIMIE ANORGANICA TEO NIVEL I/II": {"medie": 7.659999999999999, "reusita": 100.0, "cnt": 5}, "ISTORIE": {"medie": 7.912962962962963, "reusita": 100.0, "cnt": 27}, "GEOGRAFIE": {"medie": 8.959999999999999, "reusita": 100.0, "cnt": 10}, "MATEMATICA ST-NAT": {"medie": 8.397916666666667, "reusita": 100.0, "cnt": 72}, "ANATOMIE SI FIZIOLOGIE UMANA, GENETICA SI ECOLOGIE UMANA": {"medie": 8.825000000000003, "reusita": 100.0, "cnt": 50}, "FIZICA TEO": {"medie": 8.637500000000003, "reusita": 100.0, "cnt": 32}, "INFORMATICA SN C/C++": {"medie": 9.275, "reusita": 100.0, "cnt": 2}, "LOGICA, ARGUMENTARE SI COMUNICARE": {"medie": 9.1, "reusita": 100.0, "cnt": 1}, "SOCIOLOGIE": {"medie": 7.8968750000000005, "reusita": 100.0, "cnt": 16}}, "nume": "COLEGIUL NATIONAL \"MOISE NICOARA\" ARAD\tArad"}