{"specializari": {"TEHNICIAN IN AUTOMATIZARI": 27, "TEHNICIAN IN ACTIVITATI ECONOMICE": 31, "MATEMATICA-INFORMATICA": 30, "TEHNICIAN TRANSPORTURI": 22, "TEHNICIAN IN PRELUCRAREA LEMNULUI": 7, "TEHNICIAN ELECTROTEHNIST": 2, "TEHNICIAN IN INDUSTRIA TEXTILA": 1}, "limba_moderna": {"LIMBA ENGLEZA": 83, "LIMBA FRANCEZA": 37}, "limba_materna": {"LIMBA ROMANA": 120}, "promotie_anterioara": {"NU": 101, "DA": 19}, "materii": {"LIMBA ROMANA": {"medie": 5.876068376068375, "reusita": 77.5, "cnt": 120}, "MATEMATICA MATE-INFO": {"medie": 4.378333333333332, "reusita": 60.0, "cnt": 30}, "BIOLOGIE VEGETALA SI ANIMALA": {"medie": 4.4462264150943405, "reusita": 45.45454545454545, "cnt": 55}, "GENERAL": {"medie": 5.6954678362573095, "reusita": 42.5, "cnt": 120}, "GEOGRAFIE": {"medie": 8.553225806451614, "reusita": 100.0, "cnt": 31}, "MATEMATICA TEHN": {"medie": 6.039655172413792, "reusita": 67.77777777777779, "cnt": 90}, "FIZICA TEH": {"medie": 2.3428571428571425, "reusita": 0.0, "cnt": 10}, "INFORMATICA MI PASCAL": {"medie": 4.974999999999999, "reusita": 70.83333333333334, "cnt": 24}}, "nume": "COLEGIUL TEHNIC \"IULIU MANIU\" SIMLEU SILVANIEI\tS\u0103laj"}