{"specializari": {"STIINTE ALE NATURII": 37, "MATEMATICA-INFORMATICA": 56, "STIINTE SOCIALE": 33, "FILOLOGIE": 35}, "limba_moderna": {"LIMBA ENGLEZA": 123, "LIMBA FRANCEZA": 38}, "limba_materna": {"LIMBA ROMANA": 161}, "promotie_anterioara": {"NU": 157, "DA": 4}, "materii": {"LIMBA ROMANA": {"medie": 7.365189873417719, "reusita": 95.03105590062113, "cnt": 161}, "MATEMATICA MATE-INFO": {"medie": 7.7818181818181795, "reusita": 94.64285714285714, "cnt": 56}, "BIOLOGIE VEGETALA SI ANIMALA": {"medie": 8.2, "reusita": 100.0, "cnt": 1}, "GENERAL": {"medie": 7.602215189873416, "reusita": 84.472049689441, "cnt": 161}, "CHIMIE ANORGANICA TEO NIVEL I/II": {"medie": 9.466666666666667, "reusita": 100.0, "cnt": 3}, "ISTORIE": {"medie": 6.9536764705882375, "reusita": 94.11764705882352, "cnt": 68}, "GEOGRAFIE": {"medie": 8.368032786885248, "reusita": 98.36065573770492, "cnt": 61}, "MATEMATICA ST-NAT": {"medie": 6.121428571428571, "reusita": 78.37837837837837, "cnt": 37}, "ANATOMIE SI FIZIOLOGIE UMANA, GENETICA SI ECOLOGIE UMANA": {"medie": 8.261607142857146, "reusita": 93.22033898305084, "cnt": 59}, "SOCIOLOGIE": {"medie": 7.664285714285714, "reusita": 100.0, "cnt": 7}, "INFORMATICA MI PASCAL": {"medie": 8.71, "reusita": 100.0, "cnt": 30}}, "nume": "COLEGIUL NATIONAL \"AVRAM IANCU\" CAMPENI\tAlba"}