{"specializari": {"TEHNICIAN IN ACTIVITATI ECONOMICE": 61, "TEHNICIAN IN ADMINISTRATIE": 33, "TEHNICIAN IN TURISM": 39, "TEHNICIAN IN GASTRONOMIE": 59, "TEHNICIAN IN ACTIVITATI DE COMERT": 25}, "limba_moderna": {"LIMBA ENGLEZA": 174, "LIMBA RUSA": 4, "LIMBA FRANCEZA": 39}, "limba_materna": {"LIMBA ROMANA": 217}, "promotie_anterioara": {"NU": 188, "DA": 29}, "materii": {"LIMBA ROMANA": {"medie": 6.256542056074762, "reusita": 88.94009216589862, "cnt": 217}, "GENERAL": {"medie": 7.06251956181534, "reusita": 73.73271889400922, "cnt": 217}, "GEOGRAFIE": {"medie": 7.634031413612569, "reusita": 97.40932642487047, "cnt": 193}, "MATEMATICA TEHN": {"medie": 7.269302325581395, "reusita": 85.25345622119815, "cnt": 217}, "ECONOMIE": {"medie": 7.024999999999999, "reusita": 95.83333333333334, "cnt": 24}}, "nume": "COLEGIUL ECONOMIC \"DELTA DUNARII\" TULCEA\tTulcea"}