{"specializari": {"STIINTE ALE NATURII": 40, "FILOLOGIE": 36, "MATEMATICA-INFORMATICA": 22, "STIINTE SOCIALE": 1}, "limba_moderna": {"LIMBA ENGLEZA": 99}, "limba_materna": {"LIMBA ROMANA": 99}, "promotie_anterioara": {"NU": 86, "DA": 13}, "materii": {"LIMBA ROMANA": {"medie": 7.358673469387752, "reusita": 94.94949494949495, "cnt": 99}, "MATEMATICA MATE-INFO": {"medie": 8.129545454545458, "reusita": 100.0, "cnt": 22}, "BIOLOGIE VEGETALA SI ANIMALA": {"medie": 6.075, "reusita": 100.0, "cnt": 4}, "GENERAL": {"medie": 7.69020618556701, "reusita": 80.8080808080808, "cnt": 99}, "CHIMIE ORGANICA TEO NIVEL I/II": {"medie": 7.95, "reusita": 100.0, "cnt": 3}, "CHIMIE ANORGANICA TEO NIVEL I/II": {"medie": 8.285714285714285, "reusita": 100.0, "cnt": 7}, "ISTORIE": {"medie": 7.990540540540541, "reusita": 100.0, "cnt": 37}, "GEOGRAFIE": {"medie": 8.450000000000001, "reusita": 100.0, "cnt": 7}, "PSIHOLOGIE": {"medie": 8.75, "reusita": 100.0, "cnt": 2}, "MATEMATICA ST-NAT": {"medie": 6.371052631578946, "reusita": 80.0, "cnt": 40}, "ANATOMIE SI FIZIOLOGIE UMANA, GENETICA SI ECOLOGIE UMANA": {"medie": 7.954166666666669, "reusita": 94.5945945945946, "cnt": 37}, "FIZICA TEO": {"medie": 7.187500000000001, "reusita": 100.0, "cnt": 4}, "FILOSOFIE": {"medie": 9.4, "reusita": 100.0, "cnt": 1}, "LOGICA, ARGUMENTARE SI COMUNICARE": {"medie": 8.973076923076924, "reusita": 100.0, "cnt": 26}, "SOCIOLOGIE": {"medie": 9.25, "reusita": 100.0, "cnt": 1}, "INFORMATICA MI PASCAL": {"medie": 8.885714285714284, "reusita": 100.0, "cnt": 7}}, "nume": "COLEGIUL NATIONAL \"TITU MAIORESCU\" AIUD\tAlba"}