{"specializari": {"TEHNICIAN ECOLOG SI PROTECTIA CALITATII MEDIULUI": 30, "MATEMATICA-INFORMATICA": 20, "TEHNICIAN OPERATOR TEHNICA DE CALCUL": 23, "TEHNICIAN TRANSPORTURI": 37, "TEHNICIAN MECANIC PENTRU INTRETINERE SI REPARATII": 22, "TEHNICIAN MECATRONIST": 10, "TEHNICIAN IN AUTOMATIZARI": 4}, "limba_moderna": {"LIMBA ENGLEZA": 112, "LIMBA FRANCEZA": 34}, "limba_materna": {"LIMBA ROMANA": 146}, "promotie_anterioara": {"NU": 106, "DA": 40}, "materii": {"LIMBA ROMANA": {"medie": 5.507307692307693, "reusita": 67.12328767123287, "cnt": 146}, "MATEMATICA MATE-INFO": {"medie": 5.4725, "reusita": 85.0, "cnt": 20}, "BIOLOGIE VEGETALA SI ANIMALA": {"medie": 4.827380952380953, "reusita": 46.464646464646464, "cnt": 99}, "GENERAL": {"medie": 5.15066666666667, "reusita": 22.602739726027394, "cnt": 146}, "ANATOMIE SI FIZIOLOGIE UMANA, GENETICA SI ECOLOGIE UMANA": {"medie": 6.409677419354838, "reusita": 87.09677419354838, "cnt": 31}, "MATEMATICA TEHN": {"medie": 4.583486238532111, "reusita": 51.587301587301596, "cnt": 126}, "FIZICA TEH": {"medie": 3.003846153846154, "reusita": 18.75, "cnt": 16}}, "nume": "COLEGIUL TEHNIC \"HENRI COANDA\" TG-JIU\tGorj"}