{"specializari": {"ARTA ACTORULUI": 32, "MUZICA": 44, "ARHITECTURA, ARTE AMBIENTALE SI DESIGN": 29, "COREGRAFIE": 31, "ARTE PLASTICE SI DECORATIVE": 66}, "limba_moderna": {"LIMBA ENGLEZA": 192, "LIMBA RUSA": 1, "LIMBA ITALIANA": 9}, "limba_materna": {"LIMBA ROMANA": 202}, "promotie_anterioara": {"NU": 180, "DA": 22}, "materii": {"LIMBA ROMANA": {"medie": 6.8548223350253705, "reusita": 92.07920792079209, "cnt": 202}, "GENERAL": {"medie": 6.9841065292096145, "reusita": 75.74257425742574, "cnt": 202}, "ISTORIE": {"medie": 6.430050505050507, "reusita": 91.0891089108911, "cnt": 202}, "GEOGRAFIE": {"medie": 7.5195876288659775, "reusita": 94.87179487179486, "cnt": 195}, "PSIHOLOGIE": {"medie": 8.32, "reusita": 100.0, "cnt": 5}, "FILOSOFIE": {"medie": 5.825, "reusita": 100.0, "cnt": 2}}, "nume": "COLEGIUL NATIONAL DE ARTA \"OCTAV BANCILA\", IASI\tIa\u0219i"}