{"specializari": {"TEHNICIAN ANALIZE PRODUSE ALIMENTARE": 92, "TEHNICIAN IN INDUSTRIA ALIMENTARA": 50, "TEHNICIAN ELECTROMECANIC": 20, "TEHNICIAN MECANIC PENTRU INTRETINERE SI REPARATII": 1}, "limba_moderna": {"LIMBA ENGLEZA": 150, "LIMBA FRANCEZA": 13}, "limba_materna": {"LIMBA ROMANA": 163}, "promotie_anterioara": {"DA": 108, "NU": 55}, "materii": {"LIMBA ROMANA": {"medie": 4.7253124999999985, "reusita": 58.282208588957054, "cnt": 163}, "BIOLOGIE VEGETALA SI ANIMALA": {"medie": 4.620000000000002, "reusita": 52.112676056338024, "cnt": 142}, "GENERAL": {"medie": 4.704166666666667, "reusita": 15.950920245398773, "cnt": 163}, "GEOGRAFIE": {"medie": 3.15, "reusita": 0.0, "cnt": 1}, "ANATOMIE SI FIZIOLOGIE UMANA, GENETICA SI ECOLOGIE UMANA": {"medie": 5.1000000000000005, "reusita": 57.14285714285714, "cnt": 7}, "MATEMATICA TEHN": {"medie": 4.863225806451613, "reusita": 61.34969325153374, "cnt": 163}, "FIZICA TEH": {"medie": 2.855555555555556, "reusita": 9.090909090909092, "cnt": 11}, "CHIMIE ANORGANICA TEH NIVEL I/II": {"medie": 4.05, "reusita": 50.0, "cnt": 2}}, "nume": "COLEGIUL TEHNIC DE INDUSTRIE ALIMENTARA \"DUMITRU MOTOC\"\tBucure\u0219ti"}