{"specializari": {"TEHNICIAN ELECTRONIST": 26, "TEHNICIAN MECATRONIST": 13, "TEHNICIAN IN HOTELARIE": 53, "TEHNICIAN ELECTROTEHNIST": 11, "TEHNICIAN IN TURISM": 24, "TEHNICIAN IN INSTALATII ELECTRICE": 21, "TEHNICIAN IN PRELUCRAREA LEMNULUI": 1, "TEHNICIAN DESIGNER VESTIMENTAR": 1, "TEHNICIAN IN ACTIVITATI ECONOMICE": 24, "TEHNICIAN TRANSPORTURI": 9, "TEHNICIAN DE TELECOMUNICATII": 4, "MATEMATICA-INFORMATICA": 6, "TEHNICIAN OPERATOR TEHNICA DE CALCUL": 5, "TEHNICIAN IN ADMINISTRATIE": 4}, "limba_moderna": {"LIMBA ENGLEZA": 199, "LIMBA FRANCEZA": 2, "LIMBA GERMANA MODERNA": 1}, "limba_materna": {"LIMBA ROMANA": 183, "LIMBA MAGHIARA": 19}, "promotie_anterioara": {"NU": 120, "DA": 82}, "materii": {"LIMBA ROMANA": {"medie": 4.805494505494506, "reusita": 57.920792079207914, "cnt": 202}, "MATEMATICA MATE-INFO": {"medie": 5.466666666666666, "reusita": 100.0, "cnt": 6}, "BIOLOGIE VEGETALA SI ANIMALA": {"medie": 3.226666666666667, "reusita": 20.37037037037037, "cnt": 54}, "GENERAL": {"medie": 5.307135728542914, "reusita": 25.247524752475247, "cnt": 202}, "INFORMATICA MI C/C++": {"medie": 6.075, "reusita": 100.0, "cnt": 6}, "GEOGRAFIE": {"medie": 7.240526315789473, "reusita": 90.38461538461539, "cnt": 104}, "ANATOMIE SI FIZIOLOGIE UMANA, GENETICA SI ECOLOGIE UMANA": {"medie": 4.2, "reusita": 0.0, "cnt": 1}, "MATEMATICA TEHN": {"medie": 5.279096045197739, "reusita": 59.693877551020414, "cnt": 196}, "FIZICA TEH": {"medie": 3.5409090909090897, "reusita": 26.08695652173913, "cnt": 23}, "LOGICA, ARGUMENTARE SI COMUNICARE": {"medie": 8.8, "reusita": 100.0, "cnt": 1}, "CHIMIE ANORGANICA TEH NIVEL I/II": {"medie": 3.4333333333333336, "reusita": 33.33333333333333, "cnt": 3}, "LIMBA MAGHIARA (REAL)": {"medie": 5.930000000000001, "reusita": 68.42105263157895, "cnt": 19}, "CHIMIE ORGANICA TEH NIVEL I/II": {"medie": 5.406249999999999, "reusita": 50.0, "cnt": 10}}, "nume": "COLEGIUL TEHNIC \"TRAIAN VUIA\" ORADEA\tBihor"}