{"specializari": {"FILOLOGIE": 34, "MATEMATICA-INFORMATICA": 129}, "limba_moderna": {"LIMBA FRANCEZA": 32, "LIMBA ENGLEZA": 131}, "limba_materna": {"LIMBA ROMANA": 163}, "promotie_anterioara": {"NU": 160, "DA": 3}, "materii": {"LIMBA ROMANA": {"medie": 7.3171779141104265, "reusita": 98.77300613496932, "cnt": 163}, "MATEMATICA MATE-INFO": {"medie": 7.914728682170541, "reusita": 99.2248062015504, "cnt": 129}, "BIOLOGIE VEGETALA SI ANIMALA": {"medie": 7.88, "reusita": 100.0, "cnt": 10}, "GENERAL": {"medie": 7.794376278118605, "reusita": 96.31901840490798, "cnt": 163}, "CHIMIE ORGANICA TEO NIVEL I/II": {"medie": 8.883333333333335, "reusita": 100.0, "cnt": 6}, "INFORMATICA MI C/C++": {"medie": 7.608333333333332, "reusita": 100.0, "cnt": 12}, "CHIMIE ANORGANICA TEO NIVEL I/II": {"medie": 9.075, "reusita": 100.0, "cnt": 2}, "ISTORIE": {"medie": 8.405882352941177, "reusita": 100.0, "cnt": 34}, "GEOGRAFIE": {"medie": 8.352941176470589, "reusita": 94.11764705882352, "cnt": 17}, "PSIHOLOGIE": {"medie": 9.7, "reusita": 100.0, "cnt": 2}, "ANATOMIE SI FIZIOLOGIE UMANA, GENETICA SI ECOLOGIE UMANA": {"medie": 8.37313432835821, "reusita": 100.0, "cnt": 67}, "FIZICA TEO": {"medie": 6.862499999999999, "reusita": 96.875, "cnt": 32}, "FILOSOFIE": {"medie": 8.666666666666666, "reusita": 100.0, "cnt": 3}, "ECONOMIE": {"medie": 8.4, "reusita": 100.0, "cnt": 2}, "LOGICA, ARGUMENTARE SI COMUNICARE": {"medie": 8.6, "reusita": 100.0, "cnt": 3}, "SOCIOLOGIE": {"medie": 8.542857142857143, "reusita": 100.0, "cnt": 7}}, "nume": "COLEGIUL NATIONAL \"MIHAI EMINESCU\"\tBucure\u0219ti"}