{"specializari": {"MATEMATICA-INFORMATICA": 34, "FILOLOGIE": 34, "STIINTE SOCIALE": 55}, "limba_moderna": {"LIMBA ENGLEZA": 94, "LIMBA ITALIANA": 27, "LIMBA FRANCEZA": 2}, "limba_materna": {"LIMBA ROMANA": 123}, "promotie_anterioara": {"NU": 119, "DA": 4}, "materii": {"LIMBA ROMANA": {"medie": 6.618595041322313, "reusita": 87.8048780487805, "cnt": 123}, "MATEMATICA MATE-INFO": {"medie": 8.739705882352942, "reusita": 100.0, "cnt": 34}, "BIOLOGIE VEGETALA SI ANIMALA": {"medie": 8.77142857142857, "reusita": 100.0, "cnt": 14}, "GENERAL": {"medie": 7.748760330578511, "reusita": 86.1788617886179, "cnt": 123}, "CHIMIE ORGANICA TEO NIVEL I/II": {"medie": 9.4, "reusita": 100.0, "cnt": 1}, "INFORMATICA MI C/C++": {"medie": 8.689999999999998, "reusita": 100.0, "cnt": 15}, "ISTORIE": {"medie": 7.6825842696629225, "reusita": 97.75280898876404, "cnt": 89}, "GEOGRAFIE": {"medie": 7.929268292682926, "reusita": 100.0, "cnt": 41}, "PSIHOLOGIE": {"medie": 9.3, "reusita": 100.0, "cnt": 2}, "ANATOMIE SI FIZIOLOGIE UMANA, GENETICA SI ECOLOGIE UMANA": {"medie": 8.875, "reusita": 100.0, "cnt": 4}, "FILOSOFIE": {"medie": 7.9, "reusita": 100.0, "cnt": 1}, "LOGICA, ARGUMENTARE SI COMUNICARE": {"medie": 9.559999999999999, "reusita": 100.0, "cnt": 5}, "SOCIOLOGIE": {"medie": 8.864999999999998, "reusita": 100.0, "cnt": 40}}, "nume": "COLEGIUL NATIONAL \"GEORGE BARITIU\" CLUJ-NAPOCA\tCluj"}