{"specializari": {"STIINTE SOCIALE": 33, "STIINTE ALE NATURII": 101, "MATEMATICA-INFORMATICA": 49, "FILOLOGIE": 33}, "limba_moderna": {"LIMBA ENGLEZA": 210, "LIMBA FRANCEZA": 6}, "limba_materna": {"LIMBA ROMANA": 216}, "promotie_anterioara": {"NU": 215, "DA": 1}, "materii": {"LIMBA ROMANA": {"medie": 8.134651162790698, "reusita": 98.14814814814815, "cnt": 216}, "MATEMATICA MATE-INFO": {"medie": 8.938775510204083, "reusita": 100.0, "cnt": 49}, "GENERAL": {"medie": 8.37118380062306, "reusita": 95.83333333333334, "cnt": 216}, "CHIMIE ORGANICA TEO NIVEL I/II": {"medie": 8.952380952380954, "reusita": 100.0, "cnt": 21}, "INFORMATICA MI C/C++": {"medie": 9.299999999999999, "reusita": 100.0, "cnt": 7}, "ISTORIE": {"medie": 8.438636363636364, "reusita": 100.0, "cnt": 66}, "GEOGRAFIE": {"medie": 8.984000000000002, "reusita": 100.0, "cnt": 50}, "MATEMATICA ST-NAT": {"medie": 7.755555555555557, "reusita": 98.01980198019803, "cnt": 101}, "ANATOMIE SI FIZIOLOGIE UMANA, GENETICA SI ECOLOGIE UMANA": {"medie": 8.763194444444444, "reusita": 95.94594594594594, "cnt": 74}, "FIZICA TEO": {"medie": 8.187500000000002, "reusita": 93.75, "cnt": 48}, "ECONOMIE": {"medie": 9.58, "reusita": 100.0, "cnt": 5}, "SOCIOLOGIE": {"medie": 8.518181818181818, "reusita": 100.0, "cnt": 11}}, "nume": "COLEGIUL NATIONAL ALEXANDRU LAHOVARI, MUN. RM. VALCEA\tV\u00e2lcea"}