{"specializari": {"MATEMATICA-INFORMATICA": 83, "STIINTE ALE NATURII": 31, "FILOLOGIE": 55, "STIINTE SOCIALE": 27}, "limba_moderna": {"LIMBA ENGLEZA": 186, "LIMBA GERMANA MODERNA": 9, "LIMBA FRANCEZA": 1}, "limba_materna": {"LIMBA ROMANA": 196}, "promotie_anterioara": {"NU": 191, "DA": 5}, "materii": {"LIMBA ROMANA": {"medie": 7.573724489795914, "reusita": 97.95918367346938, "cnt": 196}, "MATEMATICA MATE-INFO": {"medie": 8.378313253012049, "reusita": 97.59036144578313, "cnt": 83}, "BIOLOGIE VEGETALA SI ANIMALA": {"medie": 8.426506024096385, "reusita": 100.0, "cnt": 83}, "GENERAL": {"medie": 8.09770408163266, "reusita": 93.87755102040816, "cnt": 196}, "INFORMATICA MI C/C++": {"medie": 8.196153846153846, "reusita": 100.0, "cnt": 13}, "CHIMIE ANORGANICA TEO NIVEL I/II": {"medie": 8.733333333333333, "reusita": 100.0, "cnt": 3}, "ISTORIE": {"medie": 7.474390243902438, "reusita": 95.1219512195122, "cnt": 82}, "GEOGRAFIE": {"medie": 8.903731343283582, "reusita": 100.0, "cnt": 67}, "MATEMATICA ST-NAT": {"medie": 8.579032258064515, "reusita": 100.0, "cnt": 31}, "ANATOMIE SI FIZIOLOGIE UMANA, GENETICA SI ECOLOGIE UMANA": {"medie": 9.4, "reusita": 100.0, "cnt": 10}, "FIZICA TEO": {"medie": 8.533333333333333, "reusita": 100.0, "cnt": 3}, "FILOSOFIE": {"medie": 8.0, "reusita": 100.0, "cnt": 1}, "LOGICA, ARGUMENTARE SI COMUNICARE": {"medie": 9.525, "reusita": 100.0, "cnt": 14}, "INFORMATICA MI PASCAL": {"medie": 6.55, "reusita": 100.0, "cnt": 2}}, "nume": "COLEGIUL NATIONAL \"LUCIAN BLAGA\" SEBES\tAlba"}