{"specializari": {"TEHNICIAN OPERATOR TEHNICA DE CALCUL": 31, "TEHNICIAN DESENATOR PENTRU CONSTRUCTII SI INSTALATII": 16, "TEHNICIAN PROIECTANT CAD": 21, "TEHNICIAN IN ACTIVITATI ECONOMICE": 56, "TEHNICIAN ECOLOG SI PROTECTIA CALITATII MEDIULUI": 23, "MATEMATICA-INFORMATICA": 16, "TEHNICIAN INSTALATOR PENTRU CONSTRUCTII": 11, "TEHNICIAN IN CONSTRUCTII SI LUCRARI PUBLICE": 9, "TEHNICIAN IN INSTALATII ELECTRICE": 20, "TEHNICIAN MECANIC PENTRU INTRETINERE SI REPARATII": 5}, "limba_moderna": {"LIMBA ENGLEZA": 204, "LIMBA FRANCEZA": 4}, "limba_materna": {"LIMBA ROMANA": 208}, "promotie_anterioara": {"NU": 164, "DA": 44}, "materii": {"LIMBA ROMANA": {"medie": 6.050746268656717, "reusita": 83.17307692307693, "cnt": 208}, "MATEMATICA MATE-INFO": {"medie": 6.171875, "reusita": 87.5, "cnt": 16}, "BIOLOGIE VEGETALA SI ANIMALA": {"medie": 4.385714285714286, "reusita": 42.66666666666667, "cnt": 75}, "GENERAL": {"medie": 6.0777495769881575, "reusita": 48.07692307692308, "cnt": 208}, "CHIMIE ANORGANICA TEO NIVEL I/II": {"medie": 6.492857142857143, "reusita": 100.0, "cnt": 7}, "GEOGRAFIE": {"medie": 7.21909090909091, "reusita": 98.18181818181819, "cnt": 55}, "PSIHOLOGIE": {"medie": 8.85, "reusita": 100.0, "cnt": 1}, "ANATOMIE SI FIZIOLOGIE UMANA, GENETICA SI ECOLOGIE UMANA": {"medie": 7.416666666666667, "reusita": 100.0, "cnt": 6}, "FIZICA TEO": {"medie": 5.974999999999999, "reusita": 100.0, "cnt": 6}, "MATEMATICA TEHN": {"medie": 6.325956284153005, "reusita": 74.47916666666666, "cnt": 192}, "FIZICA TEH": {"medie": 5.23, "reusita": 66.66666666666666, "cnt": 15}, "CHIMIE ANORGANICA TEH NIVEL I/II": {"medie": 5.3113636363636365, "reusita": 66.66666666666666, "cnt": 24}, "CHIMIE ORGANICA TEH NIVEL I/II": {"medie": 7.98888888888889, "reusita": 94.73684210526315, "cnt": 19}}, "nume": "COLEGIUL TEHNIC \"GHEORGHE ASACHI\" ONESTI\tBac\u0103u"}