{"specializari": {"TEHNICIAN IN ACTIVITATI ECONOMICE": 154, "TEHNICIAN IN TURISM": 35, "TEHNICIAN IN INDUSTRIA ALIMENTARA": 1}, "limba_moderna": {"LIMBA ENGLEZA": 179, "LIMBA FRANCEZA": 11}, "limba_materna": {"LIMBA ROMANA": 190}, "promotie_anterioara": {"NU": 180, "DA": 10}, "materii": {"LIMBA ROMANA": {"medie": 6.4373015873015875, "reusita": 97.36842105263158, "cnt": 190}, "GENERAL": {"medie": 7.408818342151672, "reusita": 91.57894736842105, "cnt": 190}, "GEOGRAFIE": {"medie": 7.614150943396226, "reusita": 99.37106918238993, "cnt": 159}, "PSIHOLOGIE": {"medie": 6.5200000000000005, "reusita": 100.0, "cnt": 5}, "ANATOMIE SI FIZIOLOGIE UMANA, GENETICA SI ECOLOGIE UMANA": {"medie": 6.4, "reusita": 100.0, "cnt": 1}, "MATEMATICA TEHN": {"medie": 8.2721052631579, "reusita": 98.94736842105263, "cnt": 190}, "ECONOMIE": {"medie": 7.035416666666667, "reusita": 95.83333333333334, "cnt": 24}, "LOGICA, ARGUMENTARE SI COMUNICARE": {"medie": 8.7, "reusita": 100.0, "cnt": 1}}, "nume": "COLEGIUL ECONOMIC \"COSTIN C. KIRITESCU\"\tBucure\u0219ti"}