{"specializari": {"STIINTE ALE NATURII": 30, "MATEMATICA-INFORMATICA": 49}, "limba_moderna": {"LIMBA ENGLEZA": 78, "LIMBA FRANCEZA": 1}, "limba_materna": {"LIMBA ROMANA": 79}, "promotie_anterioara": {"NU": 79}, "materii": {"LIMBA ROMANA": {"medie": 8.570886075949366, "reusita": 100.0, "cnt": 79}, "MATEMATICA MATE-INFO": {"medie": 9.638775510204082, "reusita": 100.0, "cnt": 49}, "BIOLOGIE VEGETALA SI ANIMALA": {"medie": 8.950000000000001, "reusita": 100.0, "cnt": 5}, "GENERAL": {"medie": 9.014556962025319, "reusita": 100.0, "cnt": 79}, "CHIMIE ORGANICA TEO NIVEL I/II": {"medie": 9.267647058823528, "reusita": 100.0, "cnt": 17}, "INFORMATICA MI C/C++": {"medie": 8.751923076923077, "reusita": 100.0, "cnt": 26}, "CHIMIE ANORGANICA TEO NIVEL I/II": {"medie": 8.5, "reusita": 100.0, "cnt": 7}, "MATEMATICA ST-NAT": {"medie": 9.081666666666665, "reusita": 100.0, "cnt": 30}, "ANATOMIE SI FIZIOLOGIE UMANA, GENETICA SI ECOLOGIE UMANA": {"medie": 9.536842105263158, "reusita": 100.0, "cnt": 19}, "FIZICA TEO": {"medie": 8.809999999999999, "reusita": 100.0, "cnt": 5}}, "nume": "COLEGIUL NATIONAL \"EMIL RACOVITA\" CLUJ-NAPOCA\tCluj"}