{"specializari": {"TEHNICIAN IN ACTIVITATI ECONOMICE": 34, "TEHNICIAN IN ADMINISTRATIE": 30, "TEHNICIAN IN TURISM": 40, "TEHNICIAN IN GASTRONOMIE": 58, "TEHNICIAN IN ACTIVITATI DE COMERT": 59, "ORGANIZATOR BANQUETING": 25, "TEHNICIAN ECOLOG SI PROTECTIA CALITATII MEDIULUI": 1}, "limba_moderna": {"LIMBA ENGLEZA": 247}, "limba_materna": {"LIMBA ROMANA": 247}, "promotie_anterioara": {"NU": 226, "DA": 21}, "materii": {"LIMBA ROMANA": {"medie": 4.9052521008403325, "reusita": 57.89473684210527, "cnt": 247}, "BIOLOGIE VEGETALA SI ANIMALA": {"medie": 2.25, "reusita": 0.0, "cnt": 1}, "GENERAL": {"medie": 5.542640692640689, "reusita": 34.41295546558704, "cnt": 247}, "GEOGRAFIE": {"medie": 6.013218390804595, "reusita": 76.21621621621621, "cnt": 185}, "PSIHOLOGIE": {"medie": 3.9, "reusita": 0.0, "cnt": 1}, "MATEMATICA TEHN": {"medie": 5.248945147679327, "reusita": 57.89473684210527, "cnt": 247}, "ECONOMIE": {"medie": 7.949999999999999, "reusita": 100.0, "cnt": 4}, "LOGICA, ARGUMENTARE SI COMUNICARE": {"medie": 7.171428571428572, "reusita": 89.28571428571429, "cnt": 56}}, "nume": "COLEGIUL ECONOMIC MANGALIA\tConstan\u021ba"}