{"specializari": {"STIINTE ALE NATURII": 68, "MATEMATICA-INFORMATICA": 63, "TEHNICIAN ECOLOG SI PROTECTIA CALITATII MEDIULUI": 1}, "limba_moderna": {"LIMBA ENGLEZA": 117, "LIMBA FRANCEZA": 9, "LIMBA GERMANA MODERNA": 6}, "limba_materna": {"LIMBA ROMANA": 132}, "promotie_anterioara": {"NU": 124, "DA": 8}, "materii": {"LIMBA ROMANA": {"medie": 7.077272727272729, "reusita": 99.24242424242425, "cnt": 132}, "MATEMATICA MATE-INFO": {"medie": 7.100806451612902, "reusita": 93.65079365079364, "cnt": 63}, "BIOLOGIE VEGETALA SI ANIMALA": {"medie": 7.3374999999999995, "reusita": 100.0, "cnt": 12}, "GENERAL": {"medie": 7.120865139949112, "reusita": 86.36363636363636, "cnt": 132}, "CHIMIE ORGANICA TEO NIVEL I/II": {"medie": 8.739999999999998, "reusita": 100.0, "cnt": 5}, "INFORMATICA MI C/C++": {"medie": 6.6388888888888875, "reusita": 94.44444444444444, "cnt": 18}, "CHIMIE ANORGANICA TEO NIVEL I/II": {"medie": 7.122580645161292, "reusita": 96.7741935483871, "cnt": 31}, "MATEMATICA ST-NAT": {"medie": 6.932352941176469, "reusita": 92.64705882352942, "cnt": 68}, "ANATOMIE SI FIZIOLOGIE UMANA, GENETICA SI ECOLOGIE UMANA": {"medie": 7.396969696969697, "reusita": 90.9090909090909, "cnt": 66}, "MATEMATICA TEHN": {"medie": 7.1, "reusita": 100.0, "cnt": 1}}, "nume": "COLEGIUL DE STIINTE \"GRIGORE ANTIPA\" BRASOV\tBra\u0219ov"}