{"specializari": {"MATEMATICA-INFORMATICA": 53, "STIINTE ALE NATURII": 55, "FILOLOGIE": 32, "STIINTE SOCIALE": 32}, "limba_moderna": {"LIMBA ENGLEZA": 159, "LIMBA FRANCEZA": 13}, "limba_materna": {"LIMBA ROMANA": 172}, "promotie_anterioara": {"NU": 172}, "materii": {"LIMBA ROMANA": {"medie": 7.855647058823526, "reusita": 98.25581395348837, "cnt": 172}, "MATEMATICA MATE-INFO": {"medie": 8.69433962264151, "reusita": 100.0, "cnt": 53}, "BIOLOGIE VEGETALA SI ANIMALA": {"medie": 8.176785714285717, "reusita": 96.42857142857143, "cnt": 28}, "GENERAL": {"medie": 8.238941176470592, "reusita": 94.18604651162791, "cnt": 172}, "CHIMIE ORGANICA TEO NIVEL I/II": {"medie": 8.988888888888889, "reusita": 100.0, "cnt": 27}, "INFORMATICA MI C/C++": {"medie": 8.65, "reusita": 100.0, "cnt": 1}, "CHIMIE ANORGANICA TEO NIVEL I/II": {"medie": 8.216666666666667, "reusita": 100.0, "cnt": 3}, "ISTORIE": {"medie": 8.168750000000001, "reusita": 100.0, "cnt": 64}, "GEOGRAFIE": {"medie": 9.176415094339625, "reusita": 100.0, "cnt": 53}, "PSIHOLOGIE": {"medie": 8.766666666666667, "reusita": 100.0, "cnt": 3}, "MATEMATICA ST-NAT": {"medie": 7.8, "reusita": 98.18181818181819, "cnt": 55}, "ANATOMIE SI FIZIOLOGIE UMANA, GENETICA SI ECOLOGIE UMANA": {"medie": 9.10588235294118, "reusita": 94.44444444444444, "cnt": 18}, "FIZICA TEO": {"medie": 7.4306451612903235, "reusita": 96.7741935483871, "cnt": 31}, "FILOSOFIE": {"medie": 9.7, "reusita": 100.0, "cnt": 1}, "ECONOMIE": {"medie": 8.7125, "reusita": 100.0, "cnt": 4}, "LOGICA, ARGUMENTARE SI COMUNICARE": {"medie": 10.0, "reusita": 100.0, "cnt": 1}, "SOCIOLOGIE": {"medie": 8.05, "reusita": 100.0, "cnt": 2}}, "nume": "COLEGIUL NATIONAL \"AL. I. CUZA\" FOCSANI\tVrancea"}