{"specializari": {"TEHNICIAN OPERATOR TEHNICA DE CALCUL": 26, "TEHNICIAN PROIECTANT CAD": 10, "TEHNICIAN IN ACTIVITATI ECONOMICE": 21, "TEHNICIAN MECATRONIST": 1, "TEHNICIAN IN INSTALATII ELECTRICE": 5, "TEHNICIAN ELECTROMECANIC": 1, "TEHNICIAN CHIMIST DE LABORATOR": 1}, "limba_moderna": {"LIMBA ENGLEZA": 60, "LIMBA FRANCEZA": 5}, "limba_materna": {"LIMBA ROMANA": 65}, "promotie_anterioara": {"NU": 52, "DA": 13}, "materii": {"LIMBA ROMANA": {"medie": 6.510483870967741, "reusita": 87.6923076923077, "cnt": 65}, "BIOLOGIE VEGETALA SI ANIMALA": {"medie": 4.527777777777778, "reusita": 46.34146341463415, "cnt": 41}, "GENERAL": {"medie": 6.5247222222222225, "reusita": 53.84615384615385, "cnt": 65}, "GEOGRAFIE": {"medie": 8.457142857142857, "reusita": 100.0, "cnt": 21}, "MATEMATICA TEHN": {"medie": 7.123770491803278, "reusita": 80.0, "cnt": 65}, "FIZICA TEH": {"medie": 3.483333333333334, "reusita": 33.33333333333333, "cnt": 3}}, "nume": "COLEGIUL TEHNIC \"ION D. LAZARESCU\" CUGIR\tAlba"}