{"specializari": {"TEHNICIAN IN TURISM": 43, "TEHNICIAN IN ACTIVITATI ECONOMICE": 81, "ORGANIZATOR BANQUETING": 28, "TEHNICIAN IN GASTRONOMIE": 32, "TEHNICIAN IN ADMINISTRATIE": 21, "TEHNICIAN IN ACTIVITATI DE COMERT": 8, "TEHNICIAN IN ACHIZITII SI CONTRACTARI": 23}, "limba_moderna": {"LIMBA ENGLEZA": 212, "LIMBA FRANCEZA": 23, "LIMBA GERMANA MODERNA": 1}, "limba_materna": {"LIMBA ROMANA": 236}, "promotie_anterioara": {"NU": 177, "DA": 59}, "materii": {"LIMBA ROMANA": {"medie": 6.291276595744681, "reusita": 94.49152542372882, "cnt": 236}, "GENERAL": {"medie": 7.090289855072465, "reusita": 77.54237288135593, "cnt": 236}, "GEOGRAFIE": {"medie": 7.524523809523806, "reusita": 96.72897196261682, "cnt": 214}, "PSIHOLOGIE": {"medie": 5.574999999999999, "reusita": 75.0, "cnt": 4}, "MATEMATICA TEHN": {"medie": 7.491845493562228, "reusita": 90.2542372881356, "cnt": 236}, "ECONOMIE": {"medie": 6.494117647058823, "reusita": 88.23529411764706, "cnt": 17}, "LOGICA, ARGUMENTARE SI COMUNICARE": {"medie": 8.3, "reusita": 100.0, "cnt": 1}}, "nume": "COLEGIUL NATIONAL ECONOMIC \"ANDREI BARSEANU\" BRASOV\tBra\u0219ov"}