{"specializari": {"TEOLOGIE MUSULMANA": 10, "INVATATOR - EDUCATOARE": 19, "FILOLOGIE": 17, "MATEMATICA-INFORMATICA": 16}, "limba_moderna": {"LIMBA ENGLEZA": 62}, "limba_materna": {"LIMBA TURCA": 10, "LIMBA ROMANA": 52}, "promotie_anterioara": {"NU": 45, "DA": 17}, "materii": {"LIMBA ROMANA": {"medie": 4.33125, "reusita": 33.87096774193548, "cnt": 62}, "MATEMATICA MATE-INFO": {"medie": 2.907142857142857, "reusita": 25.0, "cnt": 16}, "BIOLOGIE VEGETALA SI ANIMALA": {"medie": 3.055555555555556, "reusita": 10.0, "cnt": 10}, "GENERAL": {"medie": 4.638734567901234, "reusita": 12.903225806451612, "cnt": 62}, "ISTORIE": {"medie": 4.865999999999999, "reusita": 55.55555555555556, "cnt": 27}, "GEOGRAFIE": {"medie": 6.364705882352942, "reusita": 75.0, "cnt": 20}, "PSIHOLOGIE": {"medie": 5.298076923076923, "reusita": 65.38461538461539, "cnt": 26}, "ANATOMIE SI FIZIOLOGIE UMANA, GENETICA SI ECOLOGIE UMANA": {"medie": 6.0249999999999995, "reusita": 100.0, "cnt": 6}, "MATEMATICA PED": {"medie": 3.6789473684210523, "reusita": 36.84210526315789, "cnt": 19}, "LIMBA TURCA": {"medie": 7.1850000000000005, "reusita": 100.0, "cnt": 10}}, "nume": "COLEGIUL NATIONAL \"KEMAL ATATURK\" MEDGIDIA\tConstan\u021ba"}