{"specializari": {"TEHNICIAN MECATRONIST": 16, "TEHNICIAN PROIECTANT CAD": 35, "TEHNICIAN MECANIC PENTRU INTRETINERE SI REPARATII": 15, "TEHNICIAN PRELUCRARI LA CALD": 30, "MATEMATICA-INFORMATICA": 1}, "limba_moderna": {"LIMBA ENGLEZA": 94, "LIMBA FRANCEZA": 3}, "limba_materna": {"LIMBA ROMANA": 97}, "promotie_anterioara": {"NU": 59, "DA": 38}, "materii": {"LIMBA ROMANA": {"medie": 4.955, "reusita": 42.2680412371134, "cnt": 97}, "MATEMATICA MATE-INFO": {"medie": 6.0, "reusita": 100.0, "cnt": 1}, "BIOLOGIE VEGETALA SI ANIMALA": {"medie": 3.6846153846153835, "reusita": 28.000000000000004, "cnt": 50}, "GENERAL": {"medie": 4.188461538461539, "reusita": 10.309278350515463, "cnt": 97}, "ANATOMIE SI FIZIOLOGIE UMANA, GENETICA SI ECOLOGIE UMANA": {"medie": 6.5, "reusita": 100.0, "cnt": 1}, "MATEMATICA TEHN": {"medie": 4.005970149253732, "reusita": 33.33333333333333, "cnt": 96}, "FIZICA TEH": {"medie": 3.3296296296296295, "reusita": 15.217391304347828, "cnt": 46}}, "nume": "COLEGIUL TEHNIC \"MIRON NICOLESCU\"\tBucure\u0219ti"}