{"specializari": {"TEHNICIAN IN GASTRONOMIE": 38, "TEHNICIAN IN ACTIVITATI ECONOMICE": 83, "TEHNICIAN IN ACTIVITATI DE COMERT": 48, "TEHNICIAN IN TURISM": 21, "TEHNICIAN IN ADMINISTRATIE": 1}, "limba_moderna": {"LIMBA ENGLEZA": 183, "LIMBA FRANCEZA": 8}, "limba_materna": {"LIMBA ROMANA": 191}, "promotie_anterioara": {"NU": 157, "DA": 34}, "materii": {"LIMBA ROMANA": {"medie": 6.747326203208556, "reusita": 96.33507853403141, "cnt": 191}, "GENERAL": {"medie": 7.203243243243243, "reusita": 78.53403141361257, "cnt": 191}, "GEOGRAFIE": {"medie": 7.599444444444444, "reusita": 95.67567567567568, "cnt": 185}, "PSIHOLOGIE": {"medie": 6.0, "reusita": 100.0, "cnt": 1}, "MATEMATICA TEHN": {"medie": 7.278918918918915, "reusita": 88.48167539267016, "cnt": 191}, "ECONOMIE": {"medie": 6.13, "reusita": 80.0, "cnt": 5}}, "nume": "COLEGIUL ECONOMIC \"ION GHICA\"\tBr\u0103ila"}