{"specializari": {"TEHNICIAN ECOLOG SI PROTECTIA CALITATII MEDIULUI": 32, "TEHNICIAN DESIGNER VESTIMENTAR": 22, "TEHNICIAN ANALIZE PRODUSE ALIMENTARE": 50, "TEHNICIAN IN GASTRONOMIE": 55, "TEHNICIAN CHIMIST DE LABORATOR": 22, "TEHNICIAN DE TELECOMUNICATII": 20, "TEHNICIAN DESENATOR PENTRU CONSTRUCTII SI INSTALATII": 14, "TEHNICIAN MECATRONIST": 10, "TEHNICIAN PRELUCRARI PE MASINI CU COMANDA NUMERICA": 14, "TEHNICIAN OPERATOR TEHNICA DE CALCUL": 31, "TEHNICIAN IN INDUSTRIA ALIMENTARA": 20, "TEHNICIAN IN CONSTRUCTII SI LUCRARI PUBLICE": 1, "MATEMATICA-INFORMATICA": 3, "TEHNICIAN ELECTROTEHNIST": 1, "TEHNICIAN OPERATOR PROCESARE TEXT IMAGINE": 2, "TEHNICIAN PRELUCRARI MECANICE": 1, "STIINTE ALE NATURII": 1, "TEHNICIAN IN CHIMIE INDUSTRIALA": 1, "FILOLOGIE": 1}, "limba_moderna": {"LIMBA FRANCEZA": 35, "LIMBA ENGLEZA": 266}, "limba_materna": {"LIMBA ROMANA": 301}, "promotie_anterioara": {"NU": 240, "DA": 61}, "materii": {"LIMBA ROMANA": {"medie": 5.034892086330934, "reusita": 57.475083056478404, "cnt": 301}, "MATEMATICA MATE-INFO": {"medie": 5.775, "reusita": 66.66666666666666, "cnt": 3}, "BIOLOGIE VEGETALA SI ANIMALA": {"medie": 3.5366379310344827, "reusita": 27.819548872180448, "cnt": 133}, "GENERAL": {"medie": 5.089100126742712, "reusita": 31.561461794019934, "cnt": 301}, "ISTORIE": {"medie": 6.45, "reusita": 100.0, "cnt": 1}, "GEOGRAFIE": {"medie": 7.1720000000000015, "reusita": 100.0, "cnt": 25}, "PSIHOLOGIE": {"medie": 5.4, "reusita": 100.0, "cnt": 1}, "MATEMATICA ST-NAT": {"medie": 5.5, "reusita": 100.0, "cnt": 1}, "ANATOMIE SI FIZIOLOGIE UMANA, GENETICA SI ECOLOGIE UMANA": {"medie": 4.885119047619047, "reusita": 48.421052631578945, "cnt": 95}, "MATEMATICA TEHN": {"medie": 5.182641509433965, "reusita": 56.08108108108109, "cnt": 296}, "FIZICA TEH": {"medie": 6.24, "reusita": 100.0, "cnt": 5}, "LOGICA, ARGUMENTARE SI COMUNICARE": {"medie": 7.827586206896552, "reusita": 96.55172413793103, "cnt": 29}, "SOCIOLOGIE": {"medie": 3.55, "reusita": 0.0, "cnt": 1}, "CHIMIE ANORGANICA TEH NIVEL I/II": {"medie": 5.42, "reusita": 83.33333333333334, "cnt": 6}, "CHIMIE ORGANICA TEH NIVEL I/II": {"medie": 5.275, "reusita": 66.66666666666666, "cnt": 6}}, "nume": "COLEGIUL TEHNIC \"GHEORGHE CARTIANU\", MUNICIPIUL PIATRA-NEAMT\tNeam\u021b"}