{"specializari": {"MATEMATICA-INFORMATICA": 38, "STIINTE ALE NATURII": 28, "FILOLOGIE": 61, "LICEU CU PROGRAM SPORTIV": 18}, "limba_moderna": {"LIMBA ENGLEZA": 134, "LIMBA GERMANA MODERNA": 11}, "limba_materna": {"LIMBA ROMANA": 100, "LIMBA MAGHIARA": 45}, "promotie_anterioara": {"NU": 140, "DA": 5}, "materii": {"LIMBA ROMANA": {"medie": 6.5906896551724135, "reusita": 82.06896551724138, "cnt": 145}, "MATEMATICA MATE-INFO": {"medie": 8.081578947368422, "reusita": 94.73684210526315, "cnt": 38}, "BIOLOGIE VEGETALA SI ANIMALA": {"medie": 9.23846153846154, "reusita": 100.0, "cnt": 13}, "GENERAL": {"medie": 7.26976273148148, "reusita": 75.17241379310344, "cnt": 145}, "ISTORIE": {"medie": 6.576582278481016, "reusita": 97.46835443037975, "cnt": 79}, "GEOGRAFIE": {"medie": 7.8590909090909085, "reusita": 100.0, "cnt": 77}, "MATEMATICA ST-NAT": {"medie": 6.714285714285714, "reusita": 89.28571428571429, "cnt": 28}, "ANATOMIE SI FIZIOLOGIE UMANA, GENETICA SI ECOLOGIE UMANA": {"medie": 8.100000000000001, "reusita": 97.43589743589743, "cnt": 39}, "FIZICA TEO": {"medie": 6.2, "reusita": 100.0, "cnt": 1}, "ECONOMIE": {"medie": 8.175, "reusita": 100.0, "cnt": 2}, "INFORMATICA MI PASCAL": {"medie": 9.2, "reusita": 100.0, "cnt": 13}, "LIMBA MAGHIARA (REAL)": {"medie": 7.173333333333334, "reusita": 100.0, "cnt": 15}, "LIMBA MAGHIARA (UMAN)": {"medie": 6.513333333333334, "reusita": 90.0, "cnt": 30}}, "nume": "COLEGIUL NATIONAL \"MIRCEA ELIADE\" SIGHISOARA\tMure\u0219"}