{"specializari": {"TEHNICIAN ANALIZE PRODUSE ALIMENTARE": 37, "TEHNICIAN IN INDUSTRIA ALIMENTARA": 18}, "limba_moderna": {"LIMBA ENGLEZA": 55}, "limba_materna": {"LIMBA ROMANA": 55}, "promotie_anterioara": {"NU": 41, "DA": 14}, "materii": {"LIMBA ROMANA": {"medie": 4.581, "reusita": 49.09090909090909, "cnt": 55}, "BIOLOGIE VEGETALA SI ANIMALA": {"medie": 3.536363636363637, "reusita": 25.0, "cnt": 12}, "GENERAL": {"medie": 4.706028368794325, "reusita": 16.363636363636363, "cnt": 55}, "ANATOMIE SI FIZIOLOGIE UMANA, GENETICA SI ECOLOGIE UMANA": {"medie": 4.225806451612902, "reusita": 30.555555555555557, "cnt": 36}, "MATEMATICA TEHN": {"medie": 5.3812500000000005, "reusita": 58.18181818181818, "cnt": 55}, "CHIMIE ANORGANICA TEH NIVEL I/II": {"medie": 5.0, "reusita": 57.14285714285714, "cnt": 7}}, "nume": "COLEGIUL TEHNIC \"RALUCA RIPAN\" CLUJ-NAPOCA\tCluj"}