{"specializari": {"TEHNICIAN IN SILVICULTURA SI EXPLOATARI FORESTIERE": 38, "STIINTE ALE NATURII": 27, "MATEMATICA-INFORMATICA": 4}, "limba_moderna": {"LIMBA FRANCEZA": 24, "LIMBA ENGLEZA": 45}, "limba_materna": {"LIMBA ROMANA": 69}, "promotie_anterioara": {"DA": 33, "NU": 36}, "materii": {"LIMBA ROMANA": {"medie": 4.199242424242424, "reusita": 43.47826086956522, "cnt": 69}, "MATEMATICA MATE-INFO": {"medie": 4.3375, "reusita": 75.0, "cnt": 4}, "BIOLOGIE VEGETALA SI ANIMALA": {"medie": 4.805833333333333, "reusita": 44.927536231884055, "cnt": 69}, "GENERAL": {"medie": 4.3919753086419755, "reusita": 5.797101449275362, "cnt": 69}, "MATEMATICA ST-NAT": {"medie": 1.5785714285714285, "reusita": 0.0, "cnt": 27}, "MATEMATICA TEHN": {"medie": 4.506756756756757, "reusita": 55.26315789473685, "cnt": 38}}, "nume": "COLEGIUL SILVIC \"THEODOR PIETRARU\" BRANESTI\tIlfov"}