{"specializari": {"TEHNICIAN IN ACTIVITATI ECONOMICE": 142, "TEHNICIAN IN ACHIZITII SI CONTRACTARI": 25, "ORGANIZATOR BANQUETING": 27, "TEHNICIAN IN ADMINISTRATIE": 26, "TEHNICIAN IN HOTELARIE": 22, "TEHNICIAN IN GASTRONOMIE": 8, "TEHNICIAN IN TURISM": 2, "TEHNICIAN IN ACTIVITATI DE COMERT": 1}, "limba_moderna": {"LIMBA ENGLEZA": 189, "LIMBA FRANCEZA": 62, "LIMBA GERMANA MODERNA": 2}, "limba_materna": {"LIMBA ROMANA": 253}, "promotie_anterioara": {"NU": 237, "DA": 16}, "materii": {"LIMBA ROMANA": {"medie": 7.147628458498021, "reusita": 95.25691699604744, "cnt": 253}, "GENERAL": {"medie": 7.909933333333328, "reusita": 87.74703557312253, "cnt": 253}, "GEOGRAFIE": {"medie": 7.910810810810812, "reusita": 97.98657718120806, "cnt": 149}, "MATEMATICA TEHN": {"medie": 8.3444, "reusita": 92.88537549407114, "cnt": 253}, "ECONOMIE": {"medie": 7.591666666666666, "reusita": 100.0, "cnt": 6}, "LOGICA, ARGUMENTARE SI COMUNICARE": {"medie": 8.685714285714289, "reusita": 100.0, "cnt": 98}}, "nume": "COLEGIUL ECONOMIC \"NICOLAE TITULESCU\" BAIA MARE\tMaramure\u0219"}