{"specializari": {"MATEMATICA-INFORMATICA": 101, "FILOLOGIE": 68, "STIINTE ALE NATURII": 28}, "limba_moderna": {"LIMBA ENGLEZA": 194, "LIMBA FRANCEZA": 3}, "limba_materna": {"LIMBA ROMANA": 197}, "promotie_anterioara": {"NU": 195, "DA": 2}, "materii": {"LIMBA ROMANA": {"medie": 7.979846938775511, "reusita": 97.46192893401016, "cnt": 197}, "MATEMATICA MATE-INFO": {"medie": 8.51, "reusita": 98.01980198019803, "cnt": 101}, "BIOLOGIE VEGETALA SI ANIMALA": {"medie": 8.059701492537316, "reusita": 92.64705882352942, "cnt": 68}, "GENERAL": {"medie": 7.943537414965984, "reusita": 92.38578680203045, "cnt": 197}, "CHIMIE ORGANICA TEO NIVEL I/II": {"medie": 9.354166666666666, "reusita": 100.0, "cnt": 12}, "ISTORIE": {"medie": 7.324264705882356, "reusita": 97.05882352941177, "cnt": 68}, "GEOGRAFIE": {"medie": 8.213750000000001, "reusita": 97.5, "cnt": 40}, "PSIHOLOGIE": {"medie": 7.199999999999999, "reusita": 100.0, "cnt": 2}, "MATEMATICA ST-NAT": {"medie": 7.057142857142857, "reusita": 92.85714285714286, "cnt": 28}, "ANATOMIE SI FIZIOLOGIE UMANA, GENETICA SI ECOLOGIE UMANA": {"medie": 7.5249999999999995, "reusita": 100.0, "cnt": 8}, "FIZICA TEO": {"medie": 7.343055555555556, "reusita": 100.0, "cnt": 36}, "ECONOMIE": {"medie": 7.275, "reusita": 100.0, "cnt": 2}, "SOCIOLOGIE": {"medie": 8.008333333333331, "reusita": 100.0, "cnt": 24}, "INFORMATICA MI PASCAL": {"medie": 6.720000000000001, "reusita": 100.0, "cnt": 5}}, "nume": "COLEGIUL NATIONAL \"BARBU STIRBEI\" CALARASI\tC\u0103l\u0103ra\u0219i"}