{"specializari": {"TEHNICIAN IN ACTIVITATI ECONOMICE": 33, "FILOLOGIE": 33, "STIINTE SOCIALE": 30, "STIINTE ALE NATURII": 28, "MATEMATICA-INFORMATICA": 25, "TEHNICIAN ELECTROTEHNIST": 1}, "limba_moderna": {"LIMBA FRANCEZA": 62, "LIMBA ENGLEZA": 88}, "limba_materna": {"LIMBA ROMANA": 150}, "promotie_anterioara": {"NU": 141, "DA": 9}, "materii": {"LIMBA ROMANA": {"medie": 7.130666666666665, "reusita": 97.33333333333334, "cnt": 150}, "MATEMATICA MATE-INFO": {"medie": 8.838, "reusita": 100.0, "cnt": 25}, "GENERAL": {"medie": 7.685906040268455, "reusita": 93.33333333333333, "cnt": 150}, "CHIMIE ORGANICA TEO NIVEL I/II": {"medie": 9.6, "reusita": 100.0, "cnt": 2}, "INFORMATICA MI C/C++": {"medie": 9.018749999999999, "reusita": 100.0, "cnt": 8}, "CHIMIE ANORGANICA TEO NIVEL I/II": {"medie": 8.85, "reusita": 100.0, "cnt": 2}, "ISTORIE": {"medie": 7.400793650793649, "reusita": 98.4126984126984, "cnt": 63}, "GEOGRAFIE": {"medie": 8.146666666666665, "reusita": 100.0, "cnt": 75}, "PSIHOLOGIE": {"medie": 7.885714285714286, "reusita": 100.0, "cnt": 7}, "MATEMATICA ST-NAT": {"medie": 7.946428571428571, "reusita": 100.0, "cnt": 28}, "ANATOMIE SI FIZIOLOGIE UMANA, GENETICA SI ECOLOGIE UMANA": {"medie": 7.305128205128206, "reusita": 92.3076923076923, "cnt": 39}, "FIZICA TEO": {"medie": 8.15, "reusita": 100.0, "cnt": 2}, "FILOSOFIE": {"medie": 6.5, "reusita": 100.0, "cnt": 1}, "MATEMATICA TEHN": {"medie": 8.44090909090909, "reusita": 97.05882352941177, "cnt": 34}, "FIZICA TEH": {"medie": 5.0, "reusita": 100.0, "cnt": 1}, "SOCIOLOGIE": {"medie": 7.569230769230769, "reusita": 100.0, "cnt": 13}}, "nume": "COLEGIUL NATIONAL \"PETRU RARES\" BECLEAN\tBistri\u021ba-N\u0103s\u0103ud"}