{"specializari": {"INVATATOR - EDUCATOARE": 89, "STIINTE SOCIALE": 64, "FILOLOGIE": 4}, "limba_moderna": {"LIMBA ENGLEZA": 153, "LIMBA FRANCEZA": 4}, "limba_materna": {"LIMBA ROMANA": 97, "LIMBA MAGHIARA": 60}, "promotie_anterioara": {"NU": 150, "DA": 7}, "materii": {"LIMBA ROMANA": {"medie": 6.576114649681529, "reusita": 85.35031847133759, "cnt": 157}, "GENERAL": {"medie": 7.353397027600846, "reusita": 77.70700636942675, "cnt": 157}, "ISTORIE": {"medie": 6.881617647058823, "reusita": 100.0, "cnt": 68}, "GEOGRAFIE": {"medie": 8.106418918918921, "reusita": 100.0, "cnt": 148}, "PSIHOLOGIE": {"medie": 8.39375, "reusita": 100.0, "cnt": 8}, "FILOSOFIE": {"medie": 6.6, "reusita": 100.0, "cnt": 1}, "MATEMATICA PED": {"medie": 7.362921348314604, "reusita": 87.64044943820225, "cnt": 89}, "LIMBA MAGHIARA (UMAN)": {"medie": 7.775000000000004, "reusita": 100.0, "cnt": 60}}, "nume": "COLEGIUL NATIONAL PEDAGOGIC \"MIHAI EMINESCU\" TIRGU MURES\tMure\u0219"}