{"specializari": {"TEHNICIAN DE TELECOMUNICATII": 1, "MATEMATICA-INFORMATICA": 112, "STIINTE ALE NATURII": 33, "FILOLOGIE": 37}, "limba_moderna": {"LIMBA ENGLEZA": 129, "LIMBA FRANCEZA": 44, "LIMBA GERMANA MODERNA": 5, "LIMBA RUSA": 5}, "limba_materna": {"LIMBA ROMANA": 183}, "promotie_anterioara": {"DA": 7, "NU": 176}, "materii": {"LIMBA ROMANA": {"medie": 7.834426229508198, "reusita": 99.4535519125683, "cnt": 183}, "MATEMATICA MATE-INFO": {"medie": 8.96607142857143, "reusita": 100.0, "cnt": 112}, "BIOLOGIE VEGETALA SI ANIMALA": {"medie": 8.354347826086956, "reusita": 95.65217391304348, "cnt": 23}, "GENERAL": {"medie": 8.434523809523812, "reusita": 96.72131147540983, "cnt": 183}, "CHIMIE ORGANICA TEO NIVEL I/II": {"medie": 8.52826086956522, "reusita": 100.0, "cnt": 23}, "INFORMATICA MI C/C++": {"medie": 9.029577464788733, "reusita": 100.0, "cnt": 71}, "CHIMIE ANORGANICA TEO NIVEL I/II": {"medie": 8.1, "reusita": 100.0, "cnt": 1}, "ISTORIE": {"medie": 8.465277777777779, "reusita": 97.2972972972973, "cnt": 37}, "GEOGRAFIE": {"medie": 9.058823529411766, "reusita": 100.0, "cnt": 17}, "MATEMATICA ST-NAT": {"medie": 8.034848484848485, "reusita": 100.0, "cnt": 33}, "ANATOMIE SI FIZIOLOGIE UMANA, GENETICA SI ECOLOGIE UMANA": {"medie": 9.4, "reusita": 100.0, "cnt": 6}, "FIZICA TEO": {"medie": 7.975, "reusita": 95.0, "cnt": 20}, "FILOSOFIE": {"medie": 8.4, "reusita": 100.0, "cnt": 1}, "MATEMATICA TEHN": {"medie": 5.25, "reusita": 100.0, "cnt": 1}, "INFORMATICA SN C/C++": {"medie": 8.05, "reusita": 100.0, "cnt": 2}, "ECONOMIE": {"medie": 9.85, "reusita": 50.0, "cnt": 2}, "LOGICA, ARGUMENTARE SI COMUNICARE": {"medie": 9.279411764705882, "reusita": 100.0, "cnt": 17}}, "nume": "COLEGIUL NATIONAL \"DINICU GOLESCU\" CAMPULUNG\tArge\u0219"}