{"specializari": {"MATEMATICA-INFORMATICA": 105}, "limba_moderna": {"LIMBA ENGLEZA": 104, "LIMBA FRANCEZA": 1}, "limba_materna": {"LIMBA ROMANA": 105}, "promotie_anterioara": {"NU": 105}, "materii": {"LIMBA ROMANA": {"medie": 8.685714285714285, "reusita": 100.0, "cnt": 105}, "MATEMATICA MATE-INFO": {"medie": 9.59047619047619, "reusita": 100.0, "cnt": 105}, "BIOLOGIE VEGETALA SI ANIMALA": {"medie": 8.539024390243902, "reusita": 100.0, "cnt": 41}, "GENERAL": {"medie": 9.009682539682537, "reusita": 100.0, "cnt": 105}, "CHIMIE ORGANICA TEO NIVEL I/II": {"medie": 9.0, "reusita": 100.0, "cnt": 2}, "INFORMATICA MI C/C++": {"medie": 9.15, "reusita": 100.0, "cnt": 2}, "CHIMIE ANORGANICA TEO NIVEL I/II": {"medie": 8.425, "reusita": 100.0, "cnt": 2}, "FIZICA TEO": {"medie": 8.89310344827586, "reusita": 100.0, "cnt": 58}}, "nume": "COLEGIUL NATIONAL MILITAR \"MIHAI VITEAZUL\" ALBA IULIA\tAlba"}