{"specializari": {"MATEMATICA-INFORMATICA": 106, "FILOLOGIE": 35, "STIINTE SOCIALE": 36, "STIINTE ALE NATURII": 35}, "limba_moderna": {"LIMBA ENGLEZA": 205, "LIMBA FRANCEZA": 7}, "limba_materna": {"LIMBA ROMANA": 212}, "promotie_anterioara": {"NU": 210, "DA": 2}, "materii": {"LIMBA ROMANA": {"medie": 7.905450236966826, "reusita": 99.05660377358491, "cnt": 212}, "MATEMATICA MATE-INFO": {"medie": 8.584905660377355, "reusita": 98.11320754716981, "cnt": 106}, "BIOLOGIE VEGETALA SI ANIMALA": {"medie": 7.851063829787234, "reusita": 97.87234042553192, "cnt": 47}, "GENERAL": {"medie": 8.28436018957346, "reusita": 95.75471698113208, "cnt": 212}, "CHIMIE ORGANICA TEO NIVEL I/II": {"medie": 8.95625, "reusita": 100.0, "cnt": 8}, "INFORMATICA MI C/C++": {"medie": 8.029032258064518, "reusita": 100.0, "cnt": 31}, "CHIMIE ANORGANICA TEO NIVEL I/II": {"medie": 7.35, "reusita": 100.0, "cnt": 1}, "ISTORIE": {"medie": 7.978873239436622, "reusita": 100.0, "cnt": 71}, "GEOGRAFIE": {"medie": 9.45, "reusita": 100.0, "cnt": 3}, "MATEMATICA ST-NAT": {"medie": 8.384285714285715, "reusita": 100.0, "cnt": 35}, "ANATOMIE SI FIZIOLOGIE UMANA, GENETICA SI ECOLOGIE UMANA": {"medie": 8.98191489361702, "reusita": 100.0, "cnt": 47}, "FIZICA TEO": {"medie": 8.757142857142856, "reusita": 100.0, "cnt": 7}, "ECONOMIE": {"medie": 8.857142857142858, "reusita": 100.0, "cnt": 7}, "LOGICA, ARGUMENTARE SI COMUNICARE": {"medie": 9.8, "reusita": 100.0, "cnt": 2}, "SOCIOLOGIE": {"medie": 8.915254237288137, "reusita": 100.0, "cnt": 59}}, "nume": "COLEGIUL NATIONAL \"CONSTANTIN DIACONOVICI LOGA\" TIMISOARA\tTimi\u0219"}