{"specializari": {"FILOLOGIE": 128, "STIINTE SOCIALE": 35, "STIINTE ALE NATURII": 52, "MATEMATICA-INFORMATICA": 72}, "limba_moderna": {"LIMBA ENGLEZA": 190, "LIMBA FRANCEZA": 97}, "limba_materna": {"LIMBA ROMANA": 287}, "promotie_anterioara": {"NU": 284, "DA": 3}, "materii": {"LIMBA ROMANA": {"medie": 8.001228070175436, "reusita": 99.30313588850174, "cnt": 287}, "MATEMATICA MATE-INFO": {"medie": 7.931249999999998, "reusita": 98.61111111111111, "cnt": 72}, "BIOLOGIE VEGETALA SI ANIMALA": {"medie": 7.784374999999998, "reusita": 95.83333333333334, "cnt": 48}, "GENERAL": {"medie": 8.023099415204682, "reusita": 96.16724738675958, "cnt": 287}, "CHIMIE ORGANICA TEO NIVEL I/II": {"medie": 7.8999999999999995, "reusita": 93.10344827586206, "cnt": 29}, "INFORMATICA MI C/C++": {"medie": 8.8, "reusita": 100.0, "cnt": 1}, "ISTORIE": {"medie": 7.862037037037039, "reusita": 98.77300613496932, "cnt": 163}, "GEOGRAFIE": {"medie": 8.696484375, "reusita": 99.2248062015504, "cnt": 129}, "PSIHOLOGIE": {"medie": 8.866666666666665, "reusita": 100.0, "cnt": 3}, "MATEMATICA ST-NAT": {"medie": 7.452941176470591, "reusita": 94.23076923076923, "cnt": 52}, "ANATOMIE SI FIZIOLOGIE UMANA, GENETICA SI ECOLOGIE UMANA": {"medie": 8.055172413793104, "reusita": 100.0, "cnt": 29}, "FIZICA TEO": {"medie": 7.1117647058823525, "reusita": 100.0, "cnt": 17}, "FILOSOFIE": {"medie": 7.533333333333334, "reusita": 100.0, "cnt": 3}, "ECONOMIE": {"medie": 7.438888888888889, "reusita": 100.0, "cnt": 9}, "LOGICA, ARGUMENTARE SI COMUNICARE": {"medie": 9.48125, "reusita": 100.0, "cnt": 8}, "SOCIOLOGIE": {"medie": 8.299999999999999, "reusita": 100.0, "cnt": 11}}, "nume": "COLEGIUL NATIONAL \"MIHAI EMINESCU\" MUNICIPIUL BUZAU\tBuz\u0103u"}