{"specializari": {"MATEMATICA-INFORMATICA": 93, "STIINTE ALE NATURII": 25, "FILOLOGIE": 66}, "limba_moderna": {"LIMBA FRANCEZA": 13, "LIMBA ENGLEZA": 161, "LIMBA SPANIOLA": 10}, "limba_materna": {"LIMBA ROMANA": 184}, "promotie_anterioara": {"NU": 175, "DA": 9}, "materii": {"LIMBA ROMANA": {"medie": 8.35489130434782, "reusita": 99.45652173913044, "cnt": 184}, "MATEMATICA MATE-INFO": {"medie": 8.716666666666663, "reusita": 100.0, "cnt": 93}, "BIOLOGIE VEGETALA SI ANIMALA": {"medie": 5.025, "reusita": 100.0, "cnt": 2}, "GENERAL": {"medie": 8.132509157509155, "reusita": 94.56521739130434, "cnt": 184}, "CHIMIE ORGANICA TEO NIVEL I/II": {"medie": 8.25, "reusita": 100.0, "cnt": 8}, "INFORMATICA MI C/C++": {"medie": 9.214285714285714, "reusita": 100.0, "cnt": 14}, "ISTORIE": {"medie": 7.117424242424245, "reusita": 100.0, "cnt": 66}, "GEOGRAFIE": {"medie": 8.104545454545455, "reusita": 100.0, "cnt": 33}, "MATEMATICA ST-NAT": {"medie": 6.91875, "reusita": 96.0, "cnt": 25}, "ANATOMIE SI FIZIOLOGIE UMANA, GENETICA SI ECOLOGIE UMANA": {"medie": 7.83793103448276, "reusita": 100.0, "cnt": 58}, "FIZICA TEO": {"medie": 7.70142857142857, "reusita": 97.22222222222221, "cnt": 36}, "FILOSOFIE": {"medie": 9.4, "reusita": 100.0, "cnt": 2}, "LOGICA, ARGUMENTARE SI COMUNICARE": {"medie": 9.486363636363636, "reusita": 100.0, "cnt": 11}, "SOCIOLOGIE": {"medie": 8.0725, "reusita": 100.0, "cnt": 20}}, "nume": "COLEGIUL NATIONAL \"DIMITRIE CANTEMIR\" ONESTI\tBac\u0103u"}