{"specializari": {"TEHNICIAN MECANIC PENTRU INTRETINERE SI REPARATII": 1, "TEHNICIAN PROIECTANT CAD": 24, "TEHNICIAN DESENATOR PENTRU CONSTRUCTII SI INSTALATII": 17, "TEHNICIAN MECATRONIST": 4, "TEHNICIAN ECOLOG SI PROTECTIA CALITATII MEDIULUI": 19, "TEHNICIAN IN TURISM": 31, "TEHNICIAN INSTALATOR PENTRU CONSTRUCTII": 1, "TEHNICIAN OPERATOR TEHNICA DE CALCUL": 1}, "limba_moderna": {"LIMBA ENGLEZA": 81, "LIMBA FRANCEZA": 17}, "limba_materna": {"LIMBA ROMANA": 98}, "promotie_anterioara": {"NU": 72, "DA": 26}, "materii": {"LIMBA ROMANA": {"medie": 5.771354166666668, "reusita": 89.79591836734694, "cnt": 98}, "BIOLOGIE VEGETALA SI ANIMALA": {"medie": 4.672131147540982, "reusita": 58.730158730158735, "cnt": 63}, "GENERAL": {"medie": 5.465036231884058, "reusita": 33.6734693877551, "cnt": 98}, "GEOGRAFIE": {"medie": 7.0216666666666665, "reusita": 96.7741935483871, "cnt": 31}, "ANATOMIE SI FIZIOLOGIE UMANA, GENETICA SI ECOLOGIE UMANA": {"medie": 5.95, "reusita": 100.0, "cnt": 2}, "MATEMATICA TEHN": {"medie": 5.049999999999999, "reusita": 66.3265306122449, "cnt": 98}, "FIZICA TEH": {"medie": 8.1, "reusita": 100.0, "cnt": 2}}, "nume": "COLEGIUL TEHNIC \"ION MINCU\" TG-JIU\tGorj"}