{"specializari": {"MATEMATICA-INFORMATICA": 57, "STIINTE ALE NATURII": 61, "FILOLOGIE": 30, "LICEU CU PROGRAM SPORTIV": 32, "STIINTE SOCIALE": 30}, "limba_moderna": {"LIMBA ENGLEZA": 158, "LIMBA FRANCEZA": 52}, "limba_materna": {"LIMBA ROMANA": 210}, "promotie_anterioara": {"NU": 192, "DA": 18}, "materii": {"LIMBA ROMANA": {"medie": 7.550000000000001, "reusita": 99.04761904761905, "cnt": 210}, "MATEMATICA MATE-INFO": {"medie": 7.311403508771931, "reusita": 91.22807017543859, "cnt": 57}, "BIOLOGIE VEGETALA SI ANIMALA": {"medie": 5.35, "reusita": 100.0, "cnt": 2}, "GENERAL": {"medie": 7.357222222222228, "reusita": 84.76190476190476, "cnt": 210}, "CHIMIE ORGANICA TEO NIVEL I/II": {"medie": 7.466666666666666, "reusita": 100.0, "cnt": 3}, "INFORMATICA MI C/C++": {"medie": 8.583333333333334, "reusita": 100.0, "cnt": 9}, "CHIMIE ANORGANICA TEO NIVEL I/II": {"medie": 4.2, "reusita": 0.0, "cnt": 1}, "ISTORIE": {"medie": 6.9913043478260875, "reusita": 97.82608695652173, "cnt": 92}, "GEOGRAFIE": {"medie": 7.796913580246913, "reusita": 97.53086419753086, "cnt": 81}, "MATEMATICA ST-NAT": {"medie": 6.118852459016391, "reusita": 83.60655737704919, "cnt": 61}, "ANATOMIE SI FIZIOLOGIE UMANA, GENETICA SI ECOLOGIE UMANA": {"medie": 7.549499999999999, "reusita": 92.0, "cnt": 100}, "LOGICA, ARGUMENTARE SI COMUNICARE": {"medie": 8.925, "reusita": 100.0, "cnt": 4}, "SOCIOLOGIE": {"medie": 7.621428571428573, "reusita": 100.0, "cnt": 7}, "INFORMATICA MI PASCAL": {"medie": 8.75, "reusita": 100.0, "cnt": 3}}, "nume": "COLEGIUL NATIONAL \"NICOLAE TITULESCU\" CRAIOVA\tDolj"}