{"specializari": {"STIINTE SOCIALE": 34, "MATEMATICA-INFORMATICA": 20, "INVATATOR - EDUCATOARE": 61}, "limba_moderna": {"LIMBA ENGLEZA": 100, "LIMBA FRANCEZA": 15}, "limba_materna": {"LIMBA ROMANA": 115}, "promotie_anterioara": {"NU": 111, "DA": 4}, "materii": {"LIMBA ROMANA": {"medie": 8.01260869565217, "reusita": 99.1304347826087, "cnt": 115}, "MATEMATICA MATE-INFO": {"medie": 6.6800000000000015, "reusita": 90.0, "cnt": 20}, "BIOLOGIE VEGETALA SI ANIMALA": {"medie": 6.854545454545454, "reusita": 81.81818181818183, "cnt": 11}, "GENERAL": {"medie": 8.210724637681158, "reusita": 95.65217391304348, "cnt": 115}, "INFORMATICA MI C/C++": {"medie": 7.7125, "reusita": 100.0, "cnt": 4}, "CHIMIE ANORGANICA TEO NIVEL I/II": {"medie": 8.325000000000001, "reusita": 100.0, "cnt": 4}, "ISTORIE": {"medie": 8.297058823529412, "reusita": 100.0, "cnt": 34}, "GEOGRAFIE": {"medie": 8.413888888888891, "reusita": 100.0, "cnt": 54}, "PSIHOLOGIE": {"medie": 9.1, "reusita": 100.0, "cnt": 6}, "ANATOMIE SI FIZIOLOGIE UMANA, GENETICA SI ECOLOGIE UMANA": {"medie": 9.7, "reusita": 100.0, "cnt": 1}, "FILOSOFIE": {"medie": 6.2, "reusita": 100.0, "cnt": 1}, "LOGICA, ARGUMENTARE SI COMUNICARE": {"medie": 9.12962962962963, "reusita": 100.0, "cnt": 27}, "MATEMATICA PED": {"medie": 8.562295081967212, "reusita": 100.0, "cnt": 61}, "SOCIOLOGIE": {"medie": 8.907142857142857, "reusita": 100.0, "cnt": 7}}, "nume": "COLEGIUL NATIONAL PEDAGOGIC \"GHEORGHE LAZAR\" CLUJ-NAPOCA\tCluj"}