{"specializari": {"STIINTE ALE NATURII": 138, "FILOLOGIE": 33, "MATEMATICA-INFORMATICA": 30, "STIINTE SOCIALE": 1}, "limba_moderna": {"LIMBA ENGLEZA": 173, "LIMBA FRANCEZA": 15, "LIMBA SPANIOLA": 5, "LIMBA GERMANA MODERNA": 9}, "limba_materna": {"LIMBA ROMANA": 202}, "promotie_anterioara": {"NU": 179, "DA": 23}, "materii": {"LIMBA ROMANA": {"medie": 7.045273631840795, "reusita": 96.03960396039604, "cnt": 202}, "MATEMATICA MATE-INFO": {"medie": 5.727586206896553, "reusita": 76.66666666666667, "cnt": 30}, "BIOLOGIE VEGETALA SI ANIMALA": {"medie": 6.729807692307688, "reusita": 81.48148148148148, "cnt": 54}, "GENERAL": {"medie": 7.142546063651598, "reusita": 82.17821782178217, "cnt": 202}, "CHIMIE ORGANICA TEO NIVEL I/II": {"medie": 6.586666666666665, "reusita": 100.0, "cnt": 15}, "INFORMATICA MI C/C++": {"medie": 5.733333333333333, "reusita": 100.0, "cnt": 3}, "CHIMIE ANORGANICA TEO NIVEL I/II": {"medie": 6.3625, "reusita": 100.0, "cnt": 4}, "ISTORIE": {"medie": 8.007352941176471, "reusita": 100.0, "cnt": 34}, "GEOGRAFIE": {"medie": 8.453333333333333, "reusita": 93.75, "cnt": 16}, "MATEMATICA ST-NAT": {"medie": 7.234057971014489, "reusita": 97.82608695652173, "cnt": 138}, "ANATOMIE SI FIZIOLOGIE UMANA, GENETICA SI ECOLOGIE UMANA": {"medie": 7.285064935064934, "reusita": 92.20779220779221, "cnt": 77}, "FIZICA TEO": {"medie": 6.328571428571427, "reusita": 85.71428571428571, "cnt": 14}, "FILOSOFIE": {"medie": 9.55, "reusita": 100.0, "cnt": 1}, "INFORMATICA SN C/C++": {"medie": 8.95, "reusita": 100.0, "cnt": 1}, "LOGICA, ARGUMENTARE SI COMUNICARE": {"medie": 8.632352941176471, "reusita": 100.0, "cnt": 17}}, "nume": "COLEGIUL DE STIINTE ALE NATURII \"EMIL RACOVITA\" BRASOV\tBra\u0219ov"}