{"specializari": {"TEHNICIAN IN AUTOMATIZARI": 24, "TEHNICIAN IN INSTALATII ELECTRICE": 11, "TEHNICIAN OPERATOR TEHNICA DE CALCUL": 9, "TEHNICIAN MECATRONIST": 5, "TEHNICIAN ELECTROTEHNIST": 4, "TEHNICIAN ELECTRONIST": 1, "MATEMATICA-INFORMATICA": 1}, "limba_moderna": {"LIMBA ENGLEZA": 52, "LIMBA FRANCEZA": 3}, "limba_materna": {"LIMBA ROMANA": 48, "LIMBA MAGHIARA": 7}, "promotie_anterioara": {"DA": 32, "NU": 23}, "materii": {"LIMBA ROMANA": {"medie": 5.380555555555556, "reusita": 74.54545454545455, "cnt": 55}, "MATEMATICA MATE-INFO": {"medie": 5.05, "reusita": 100.0, "cnt": 1}, "BIOLOGIE VEGETALA SI ANIMALA": {"medie": 4.486000000000001, "reusita": 42.857142857142854, "cnt": 28}, "GENERAL": {"medie": 5.698055555555555, "reusita": 32.72727272727273, "cnt": 55}, "FIZICA TEO": {"medie": 5.0, "reusita": 100.0, "cnt": 1}, "MATEMATICA TEHN": {"medie": 6.6000000000000005, "reusita": 88.88888888888889, "cnt": 54}, "FIZICA TEH": {"medie": 5.622222222222224, "reusita": 66.66666666666666, "cnt": 9}, "CHIMIE ANORGANICA TEH NIVEL I/II": {"medie": 5.387142857142856, "reusita": 52.94117647058824, "cnt": 17}, "LIMBA MAGHIARA (REAL)": {"medie": 5.571428571428571, "reusita": 85.71428571428571, "cnt": 7}}, "nume": "COLEGIUL TEHNIC ENERGETIC \"REMUS RADULET\" BRASOV\tBra\u0219ov"}