{"specializari": {"MATEMATICA-INFORMATICA": 50, "STIINTE ALE NATURII": 32, "FILOLOGIE": 44}, "limba_moderna": {"LIMBA GERMANA MODERNA": 31, "LIMBA ENGLEZA": 87, "LIMBA FRANCEZA": 8}, "limba_materna": {"LIMBA ROMANA": 126}, "promotie_anterioara": {"NU": 111, "DA": 15}, "materii": {"LIMBA ROMANA": {"medie": 6.8797619047619065, "reusita": 92.06349206349206, "cnt": 126}, "MATEMATICA MATE-INFO": {"medie": 7.516, "reusita": 92.0, "cnt": 50}, "BIOLOGIE VEGETALA SI ANIMALA": {"medie": 6.959677419354837, "reusita": 88.70967741935483, "cnt": 62}, "GENERAL": {"medie": 7.171693121693124, "reusita": 77.77777777777779, "cnt": 126}, "CHIMIE ORGANICA TEO NIVEL I/II": {"medie": 7.900000000000001, "reusita": 100.0, "cnt": 3}, "INFORMATICA MI C/C++": {"medie": 9.0, "reusita": 100.0, "cnt": 11}, "ISTORIE": {"medie": 6.728409090909091, "reusita": 100.0, "cnt": 44}, "GEOGRAFIE": {"medie": 8.064473684210528, "reusita": 100.0, "cnt": 38}, "MATEMATICA ST-NAT": {"medie": 6.2875000000000005, "reusita": 90.625, "cnt": 32}, "ANATOMIE SI FIZIOLOGIE UMANA, GENETICA SI ECOLOGIE UMANA": {"medie": 9.291666666666668, "reusita": 100.0, "cnt": 6}, "LOGICA, ARGUMENTARE SI COMUNICARE": {"medie": 9.1, "reusita": 100.0, "cnt": 6}}, "nume": "COLEGIUL NATIONAL \"TRAIAN DODA\" CARANSEBES\tCara\u0219-Severin"}