{"specializari": {"TEHNICIAN IN ACTIVITATI ECONOMICE": 65, "TEHNICIAN IN ACHIZITII SI CONTRACTARI": 33, "TEHNICIAN IN HOTELARIE": 28, "TEHNICIAN IN GASTRONOMIE": 7, "ORGANIZATOR BANQUETING": 4, "TEHNICIAN IN TURISM": 1, "TEHNICIAN IN ACTIVITATI DE COMERT": 1}, "limba_moderna": {"LIMBA ENGLEZA": 113, "LIMBA FRANCEZA": 26}, "limba_materna": {"LIMBA ROMANA": 134, "LIMBA MAGHIARA": 5}, "promotie_anterioara": {"NU": 125, "DA": 14}, "materii": {"LIMBA ROMANA": {"medie": 7.0079136690647506, "reusita": 97.84172661870504, "cnt": 139}, "GENERAL": {"medie": 7.9251498800959235, "reusita": 91.36690647482014, "cnt": 139}, "GEOGRAFIE": {"medie": 8.245652173913044, "reusita": 100.0, "cnt": 115}, "MATEMATICA TEHN": {"medie": 8.652158273381295, "reusita": 97.84172661870504, "cnt": 139}, "ECONOMIE": {"medie": 2.7, "reusita": 0.0, "cnt": 1}, "LOGICA, ARGUMENTARE SI COMUNICARE": {"medie": 7.826086956521739, "reusita": 95.65217391304348, "cnt": 23}, "LIMBA MAGHIARA (REAL)": {"medie": 4.54, "reusita": 80.0, "cnt": 5}}, "nume": "COLEGIUL ECONOMIC \"IULIAN POP\" CLUJ-NAPOCA\tCluj"}