{"specializari": {"TEHNICIAN IN ACTIVITATI ECONOMICE": 115, "TEHNICIAN VETERINAR": 30, "TEHNICIAN AGRONOM": 15, "TEHNICIAN ECOLOG SI PROTECTIA CALITATII MEDIULUI": 46, "TEHNICIAN HORTICULTOR": 23, "TEHNICIAN PENTRU ANIMALE DE COMPANIE": 10, "TEHNICIAN ANALIZE PRODUSE ALIMENTARE": 13, "TEHNICIAN IN AGRICULTURA": 4}, "limba_moderna": {"LIMBA ENGLEZA": 239, "LIMBA FRANCEZA": 17}, "limba_materna": {"LIMBA ROMANA": 256}, "promotie_anterioara": {"NU": 191, "DA": 65}, "materii": {"LIMBA ROMANA": {"medie": 5.5300403225806445, "reusita": 78.90625, "cnt": 256}, "BIOLOGIE VEGETALA SI ANIMALA": {"medie": 5.599999999999999, "reusita": 61.53846153846154, "cnt": 13}, "GENERAL": {"medie": 6.163016528925615, "reusita": 46.875, "cnt": 256}, "GEOGRAFIE": {"medie": 8.161160714285714, "reusita": 96.52173913043478, "cnt": 115}, "ANATOMIE SI FIZIOLOGIE UMANA, GENETICA SI ECOLOGIE UMANA": {"medie": 5.697368421052629, "reusita": 70.16129032258065, "cnt": 124}, "MATEMATICA TEHN": {"medie": 6.114285714285709, "reusita": 69.921875, "cnt": 256}, "CHIMIE ORGANICA TEH NIVEL I/II": {"medie": 5.6625, "reusita": 75.0, "cnt": 4}}, "nume": "COLEGIUL NATIONAL DE AGRICULTURA SI ECONOMIE, LOCALITATEA TECUCI\tGala\u021bi"}