{"specializari": {"TEHNICIAN ECOLOG SI PROTECTIA CALITATII MEDIULUI": 30}, "limba_moderna": {"LIMBA ENGLEZA": 30}, "limba_materna": {"LIMBA ROMANA": 30}, "promotie_anterioara": {"NU": 14, "DA": 16}, "materii": {"LIMBA ROMANA": {"medie": 4.578333333333334, "reusita": 60.0, "cnt": 30}, "BIOLOGIE VEGETALA SI ANIMALA": {"medie": 4.8596153846153864, "reusita": 46.42857142857143, "cnt": 28}, "GENERAL": {"medie": 4.627777777777777, "reusita": 23.333333333333332, "cnt": 30}, "ANATOMIE SI FIZIOLOGIE UMANA, GENETICA SI ECOLOGIE UMANA": {"medie": 9.7, "reusita": 50.0, "cnt": 2}, "MATEMATICA TEHN": {"medie": 4.283928571428571, "reusita": 46.666666666666664, "cnt": 30}}, "nume": "COLEGIUL ECOLOGIC \"PROF.UNIV.DR. ALEXANDRU IONESCU\" PITESTI\tArge\u0219"}