{"specializari": {"INVATATOR - EDUCATOARE": 30, "FILOLOGIE": 59, "MATEMATICA-INFORMATICA": 61, "INSTRUCTOR PENTRU ACTIVITATI EXTRASCOLARE": 1}, "limba_moderna": {"LIMBA ENGLEZA": 146, "LIMBA FRANCEZA": 3, "LIMBA SPANIOLA": 2}, "limba_materna": {"LIMBA ROMANA": 151}, "promotie_anterioara": {"NU": 148, "DA": 3}, "materii": {"LIMBA ROMANA": {"medie": 7.330132450331125, "reusita": 98.01324503311258, "cnt": 151}, "MATEMATICA MATE-INFO": {"medie": 8.103278688524586, "reusita": 100.0, "cnt": 61}, "BIOLOGIE VEGETALA SI ANIMALA": {"medie": 7.115277777777779, "reusita": 97.22222222222221, "cnt": 36}, "GENERAL": {"medie": 7.833333333333336, "reusita": 94.03973509933775, "cnt": 151}, "CHIMIE ORGANICA TEO NIVEL I/II": {"medie": 7.550000000000001, "reusita": 100.0, "cnt": 3}, "INFORMATICA MI C/C++": {"medie": 7.896875, "reusita": 100.0, "cnt": 16}, "ISTORIE": {"medie": 7.397499999999997, "reusita": 100.0, "cnt": 60}, "GEOGRAFIE": {"medie": 8.931666666666665, "reusita": 100.0, "cnt": 60}, "PSIHOLOGIE": {"medie": 8.84375, "reusita": 100.0, "cnt": 16}, "ANATOMIE SI FIZIOLOGIE UMANA, GENETICA SI ECOLOGIE UMANA": {"medie": 6.699999999999999, "reusita": 100.0, "cnt": 2}, "FIZICA TEO": {"medie": 6.2125, "reusita": 100.0, "cnt": 4}, "FILOSOFIE": {"medie": 8.683333333333332, "reusita": 100.0, "cnt": 3}, "ECONOMIE": {"medie": 9.2, "reusita": 100.0, "cnt": 2}, "LOGICA, ARGUMENTARE SI COMUNICARE": {"medie": 8.6625, "reusita": 100.0, "cnt": 4}, "MATEMATICA PED": {"medie": 8.671666666666665, "reusita": 100.0, "cnt": 30}, "SOCIOLOGIE": {"medie": 8.690000000000001, "reusita": 100.0, "cnt": 5}}, "nume": "COLEGIUL NATIONAL \"ELENA CUZA\"\tBucure\u0219ti"}