{"specializari": {"TEHNICIAN CHIMIST DE LABORATOR": 16, "TEHNICIAN ECOLOG SI PROTECTIA CALITATII MEDIULUI": 36, "STIINTE ALE NATURII": 30, "TEHNICIAN DESIGNER VESTIMENTAR": 35, "TEHNICIAN IN CHIMIE INDUSTRIALA": 9, "TEHNICIAN MECATRONIST": 1, "TEHNICIAN IN INDUSTRIA PIELARIEI": 7}, "limba_moderna": {"LIMBA ENGLEZA": 128, "LIMBA FRANCEZA": 6}, "limba_materna": {"LIMBA ROMANA": 134}, "promotie_anterioara": {"DA": 99, "NU": 35}, "materii": {"LIMBA ROMANA": {"medie": 5.544400000000004, "reusita": 74.6268656716418, "cnt": 134}, "BIOLOGIE VEGETALA SI ANIMALA": {"medie": 5.111688311688311, "reusita": 64.93506493506493, "cnt": 77}, "GENERAL": {"medie": 5.480416666666668, "reusita": 32.83582089552239, "cnt": 134}, "CHIMIE ORGANICA TEO NIVEL I/II": {"medie": 5.6, "reusita": 100.0, "cnt": 4}, "MATEMATICA ST-NAT": {"medie": 5.191379310344828, "reusita": 80.0, "cnt": 30}, "ANATOMIE SI FIZIOLOGIE UMANA, GENETICA SI ECOLOGIE UMANA": {"medie": 6.230000000000001, "reusita": 81.81818181818183, "cnt": 33}, "FIZICA TEO": {"medie": 3.25, "reusita": 0.0, "cnt": 2}, "MATEMATICA TEHN": {"medie": 5.56938775510204, "reusita": 74.03846153846155, "cnt": 104}, "FIZICA TEH": {"medie": 4.15, "reusita": 60.0, "cnt": 5}, "CHIMIE ANORGANICA TEH NIVEL I/II": {"medie": 4.125, "reusita": 50.0, "cnt": 2}, "CHIMIE ORGANICA TEH NIVEL I/II": {"medie": 5.35, "reusita": 81.81818181818183, "cnt": 11}}, "nume": "COLEGIUL TEHNIC \"PETRU RARES\"\tBucure\u0219ti"}