{"specializari": {"MATEMATICA-INFORMATICA": 93, "FILOLOGIE": 34, "STIINTE SOCIALE": 34, "TEHNICIAN MECANIC PENTRU INTRETINERE SI REPARATII": 1, "STIINTE ALE NATURII": 29, "TEHNICIAN PRELUCRARI MECANICE": 1}, "limba_moderna": {"LIMBA ENGLEZA": 167, "LIMBA FRANCEZA": 24, "LIMBA RUSA": 1}, "limba_materna": {"LIMBA ROMANA": 192}, "promotie_anterioara": {"NU": 187, "DA": 5}, "materii": {"LIMBA ROMANA": {"medie": 7.135602094240837, "reusita": 95.83333333333334, "cnt": 192}, "MATEMATICA MATE-INFO": {"medie": 8.057065217391306, "reusita": 95.6989247311828, "cnt": 93}, "BIOLOGIE VEGETALA SI ANIMALA": {"medie": 7.899999999999998, "reusita": 100.0, "cnt": 9}, "GENERAL": {"medie": 7.709162303664923, "reusita": 90.625, "cnt": 192}, "CHIMIE ORGANICA TEO NIVEL I/II": {"medie": 8.850000000000001, "reusita": 100.0, "cnt": 4}, "INFORMATICA MI C/C++": {"medie": 9.321428571428571, "reusita": 100.0, "cnt": 7}, "ISTORIE": {"medie": 7.074264705882354, "reusita": 100.0, "cnt": 68}, "GEOGRAFIE": {"medie": 8.61, "reusita": 100.0, "cnt": 45}, "MATEMATICA ST-NAT": {"medie": 6.751724137931036, "reusita": 93.10344827586206, "cnt": 29}, "ANATOMIE SI FIZIOLOGIE UMANA, GENETICA SI ECOLOGIE UMANA": {"medie": 8.34885057471264, "reusita": 97.72727272727273, "cnt": 88}, "FIZICA TEO": {"medie": 8.169999999999998, "reusita": 100.0, "cnt": 15}, "FILOSOFIE": {"medie": 9.6, "reusita": 100.0, "cnt": 1}, "MATEMATICA TEHN": {"medie": 5.9, "reusita": 100.0, "cnt": 2}, "ECONOMIE": {"medie": 9.200000000000001, "reusita": 100.0, "cnt": 3}, "LOGICA, ARGUMENTARE SI COMUNICARE": {"medie": 9.142105263157896, "reusita": 94.73684210526315, "cnt": 19}, "CHIMIE ORGANICA TEH NIVEL I/II": {"medie": 5.55, "reusita": 100.0, "cnt": 1}}, "nume": "COLEGIUL NATIONAL \"NICOLAE IORGA\", ORASUL VALENII DE MUNTE\tPrahova"}