{"specializari": {"TEHNICIAN ECOLOG SI PROTECTIA CALITATII MEDIULUI": 60, "TEHNICIAN MECATRONIST": 4, "TEHNICIAN CHIMIST DE LABORATOR": 54, "TEHNICIAN ELECTROMECANIC": 50, "TEHNICIAN OPERATOR TEHNICA DE CALCUL": 6, "TEHNICIAN IN AUTOMATIZARI": 30, "TEHNICIAN ELECTROTEHNIST": 2, "TEHNICIAN ELECTRONIST": 1, "TEHNICIAN TRANSPORTURI": 2, "TEHNICIAN DE TELECOMUNICATII": 2, "TEHNICIAN IN INSTALATII ELECTRICE": 1, "TEHNICIAN IN CHIMIE INDUSTRIALA": 20, "TEHNICIAN MECANIC PENTRU INTRETINERE SI REPARATII": 11, "MATEMATICA-INFORMATICA": 1}, "limba_moderna": {"LIMBA ENGLEZA": 178, "LIMBA FRANCEZA": 60, "LIMBA GERMANA MODERNA": 6}, "limba_materna": {"LIMBA ROMANA": 244}, "promotie_anterioara": {"NU": 172, "DA": 72}, "materii": {"LIMBA ROMANA": {"medie": 5.7595833333333335, "reusita": 83.19672131147541, "cnt": 244}, "MATEMATICA MATE-INFO": {"medie": 1.0, "reusita": 0.0, "cnt": 1}, "BIOLOGIE VEGETALA SI ANIMALA": {"medie": 5.282499999999998, "reusita": 60.83916083916085, "cnt": 143}, "GENERAL": {"medie": 6.031886524822699, "reusita": 45.90163934426229, "cnt": 244}, "ANATOMIE SI FIZIOLOGIE UMANA, GENETICA SI ECOLOGIE UMANA": {"medie": 6.821999999999998, "reusita": 94.0, "cnt": 50}, "MATEMATICA TEHN": {"medie": 6.614915966386558, "reusita": 79.83539094650206, "cnt": 243}, "FIZICA TEH": {"medie": 4.767857142857143, "reusita": 57.14285714285714, "cnt": 14}, "CHIMIE ANORGANICA TEH NIVEL I/II": {"medie": 6.108260869565218, "reusita": 86.95652173913044, "cnt": 23}, "CHIMIE ORGANICA TEH NIVEL I/II": {"medie": 5.833846153846154, "reusita": 85.71428571428571, "cnt": 14}}, "nume": "COLEGIUL TEHNIC \"COSTIN D. NENITESCU\" PITESTI\tArge\u0219"}