{"specializari": {"MUZICA": 44, "ARTA ACTORULUI": 32}, "limba_moderna": {"LIMBA ENGLEZA": 76}, "limba_materna": {"LIMBA ROMANA": 76}, "promotie_anterioara": {"NU": 66, "DA": 10}, "materii": {"LIMBA ROMANA": {"medie": 6.475333333333334, "reusita": 90.78947368421053, "cnt": 76}, "GENERAL": {"medie": 7.150913242009132, "reusita": 71.05263157894737, "cnt": 76}, "ISTORIE": {"medie": 7.337999999999999, "reusita": 93.42105263157895, "cnt": 76}, "GEOGRAFIE": {"medie": 7.463768115942029, "reusita": 95.77464788732394, "cnt": 71}, "PSIHOLOGIE": {"medie": 7.0, "reusita": 100.0, "cnt": 2}, "LOGICA, ARGUMENTARE SI COMUNICARE": {"medie": 8.733333333333333, "reusita": 100.0, "cnt": 3}}, "nume": "COLEGIUL NATIONAL DE ARTE \"DINU LIPATTI\"\tBucure\u0219ti"}