{"specializari": {"MATEMATICA-INFORMATICA": 27, "STIINTE SOCIALE": 35, "FILOLOGIE": 96}, "limba_moderna": {"LIMBA ENGLEZA": 100, "LIMBA SPANIOLA": 31, "LIMBA GERMANA MODERNA": 1, "LIMBA FRANCEZA": 25, "LIMBA RUSA": 1}, "limba_materna": {"LIMBA ROMANA": 158}, "promotie_anterioara": {"NU": 151, "DA": 7}, "materii": {"LIMBA ROMANA": {"medie": 8.063057324840761, "reusita": 98.73417721518987, "cnt": 158}, "MATEMATICA MATE-INFO": {"medie": 8.39074074074074, "reusita": 100.0, "cnt": 27}, "BIOLOGIE VEGETALA SI ANIMALA": {"medie": 7.818181818181818, "reusita": 100.0, "cnt": 11}, "GENERAL": {"medie": 8.293736730360934, "reusita": 96.83544303797468, "cnt": 158}, "CHIMIE ORGANICA TEO NIVEL I/II": {"medie": 8.5, "reusita": 100.0, "cnt": 1}, "INFORMATICA MI C/C++": {"medie": 9.312499999999998, "reusita": 100.0, "cnt": 8}, "ISTORIE": {"medie": 8.124230769230769, "reusita": 99.23664122137404, "cnt": 131}, "GEOGRAFIE": {"medie": 8.742682926829268, "reusita": 97.61904761904762, "cnt": 42}, "PSIHOLOGIE": {"medie": 8.175, "reusita": 100.0, "cnt": 4}, "ANATOMIE SI FIZIOLOGIE UMANA, GENETICA SI ECOLOGIE UMANA": {"medie": 7.166666666666667, "reusita": 83.33333333333334, "cnt": 6}, "FIZICA TEO": {"medie": 8.6, "reusita": 100.0, "cnt": 1}, "ECONOMIE": {"medie": 7.3, "reusita": 100.0, "cnt": 1}, "LOGICA, ARGUMENTARE SI COMUNICARE": {"medie": 8.787341772151896, "reusita": 97.46835443037975, "cnt": 79}, "SOCIOLOGIE": {"medie": 8.9, "reusita": 100.0, "cnt": 5}}, "nume": "COLEGIUL NATIONAL \"UNIREA\" BRASOV\tBra\u0219ov"}