{"specializari": {"MATEMATICA-INFORMATICA": 140, "STIINTE ALE NATURII": 32, "FILOLOGIE": 34, "STIINTE SOCIALE": 35}, "limba_moderna": {"LIMBA ENGLEZA": 208, "LIMBA GERMANA MODERNA": 5, "LIMBA FRANCEZA": 28}, "limba_materna": {"LIMBA ROMANA": 241}, "promotie_anterioara": {"NU": 241}, "materii": {"LIMBA ROMANA": {"medie": 9.051867219917014, "reusita": 100.0, "cnt": 241}, "MATEMATICA MATE-INFO": {"medie": 9.448571428571428, "reusita": 100.0, "cnt": 140}, "BIOLOGIE VEGETALA SI ANIMALA": {"medie": 10.0, "reusita": 100.0, "cnt": 1}, "GENERAL": {"medie": 9.119917012448129, "reusita": 100.0, "cnt": 241}, "CHIMIE ORGANICA TEO NIVEL I/II": {"medie": 9.368749999999999, "reusita": 100.0, "cnt": 16}, "INFORMATICA MI C/C++": {"medie": 9.430263157894737, "reusita": 100.0, "cnt": 38}, "CHIMIE ANORGANICA TEO NIVEL I/II": {"medie": 9.316666666666666, "reusita": 100.0, "cnt": 3}, "ISTORIE": {"medie": 8.62753623188406, "reusita": 100.0, "cnt": 69}, "GEOGRAFIE": {"medie": 9.46551724137931, "reusita": 100.0, "cnt": 29}, "PSIHOLOGIE": {"medie": 9.666666666666666, "reusita": 100.0, "cnt": 3}, "MATEMATICA ST-NAT": {"medie": 8.981250000000001, "reusita": 100.0, "cnt": 32}, "ANATOMIE SI FIZIOLOGIE UMANA, GENETICA SI ECOLOGIE UMANA": {"medie": 9.225000000000001, "reusita": 100.0, "cnt": 62}, "FIZICA TEO": {"medie": 8.68173076923077, "reusita": 100.0, "cnt": 52}, "ECONOMIE": {"medie": 7.758333333333333, "reusita": 100.0, "cnt": 6}, "LOGICA, ARGUMENTARE SI COMUNICARE": {"medie": 9.259677419354839, "reusita": 100.0, "cnt": 31}}, "nume": "COLEGIUL NATIONAL \"FRATII BUZESTI\" CRAIOVA\tDolj"}