{"specializari": {"TEHNICIAN IN ADMINISTRATIE": 30, "TEHNICIAN IN ACTIVITATI DE COMERT": 29, "TEHNICIAN IN ACTIVITATI ECONOMICE": 112, "TEHNICIAN IN TURISM": 34, "TEHNICIAN IN GASTRONOMIE": 1}, "limba_moderna": {"LIMBA ENGLEZA": 191, "LIMBA FRANCEZA": 15}, "limba_materna": {"LIMBA ROMANA": 206}, "promotie_anterioara": {"NU": 196, "DA": 10}, "materii": {"LIMBA ROMANA": {"medie": 6.389077669902909, "reusita": 96.60194174757282, "cnt": 206}, "GENERAL": {"medie": 7.598844884488454, "reusita": 87.86407766990291, "cnt": 206}, "GEOGRAFIE": {"medie": 8.011, "reusita": 98.67549668874173, "cnt": 151}, "MATEMATICA TEHN": {"medie": 8.285049019607849, "reusita": 93.20388349514563, "cnt": 206}, "ECONOMIE": {"medie": 6.919999999999999, "reusita": 100.0, "cnt": 5}, "LOGICA, ARGUMENTARE SI COMUNICARE": {"medie": 8.329, "reusita": 96.0, "cnt": 50}}, "nume": "COLEGIUL ECONOMIC \"OCTAV ONICESCU\" BOTOSANI\tBoto\u0219ani"}