{"specializari": {"TEHNICIAN IN ADMINISTRATIE": 26, "TEHNICIAN IN GASTRONOMIE": 85, "TEHNICIAN IN ACTIVITATI DE COMERT": 85, "ORGANIZATOR BANQUETING": 71, "TEHNICIAN IN ACTIVITATI ECONOMICE": 74, "TEHNICIAN IN TURISM": 86, "TEHNICIAN OPERATOR TEHNICA DE CALCUL": 1}, "limba_moderna": {"LIMBA ENGLEZA": 300, "LIMBA FRANCEZA": 128}, "limba_materna": {"LIMBA ROMANA": 428}, "promotie_anterioara": {"NU": 313, "DA": 115}, "materii": {"LIMBA ROMANA": {"medie": 5.855168269230765, "reusita": 82.4766355140187, "cnt": 428}, "BIOLOGIE VEGETALA SI ANIMALA": {"medie": 6.9, "reusita": 100.0, "cnt": 1}, "GENERAL": {"medie": 6.32903225806451, "reusita": 56.074766355140184, "cnt": 428}, "GEOGRAFIE": {"medie": 7.06942257217848, "reusita": 92.19143576826197, "cnt": 397}, "MATEMATICA TEHN": {"medie": 6.099632352941179, "reusita": 71.02803738317756, "cnt": 428}, "ECONOMIE": {"medie": 4.7294117647058815, "reusita": 47.05882352941176, "cnt": 17}, "LOGICA, ARGUMENTARE SI COMUNICARE": {"medie": 5.365384615384615, "reusita": 46.15384615384615, "cnt": 13}}, "nume": "COLEGIUL ECONOMIC \"GHEORGHE CHITU\" CRAIOVA\tDolj"}