{"specializari": {"MATEMATICA-INFORMATICA": 141, "STIINTE ALE NATURII": 67, "FILOLOGIE": 69}, "limba_moderna": {"LIMBA ENGLEZA": 256, "LIMBA FRANCEZA": 20, "LIMBA GERMANA MODERNA": 1}, "limba_materna": {"LIMBA ROMANA": 277}, "promotie_anterioara": {"NU": 275, "DA": 2}, "materii": {"LIMBA ROMANA": {"medie": 8.481521739130434, "reusita": 98.91696750902527, "cnt": 277}, "MATEMATICA MATE-INFO": {"medie": 8.972695035460994, "reusita": 98.58156028368793, "cnt": 141}, "BIOLOGIE VEGETALA SI ANIMALA": {"medie": 8.591818181818184, "reusita": 100.0, "cnt": 55}, "GENERAL": {"medie": 8.627294685990336, "reusita": 97.11191335740072, "cnt": 277}, "CHIMIE ORGANICA TEO NIVEL I/II": {"medie": 9.078333333333331, "reusita": 100.0, "cnt": 60}, "INFORMATICA MI C/C++": {"medie": 9.264705882352942, "reusita": 100.0, "cnt": 17}, "CHIMIE ANORGANICA TEO NIVEL I/II": {"medie": 8.103846153846154, "reusita": 100.0, "cnt": 13}, "ISTORIE": {"medie": 8.379710144927538, "reusita": 98.55072463768117, "cnt": 69}, "GEOGRAFIE": {"medie": 9.156521739130435, "reusita": 100.0, "cnt": 23}, "MATEMATICA ST-NAT": {"medie": 8.228358208955227, "reusita": 98.50746268656717, "cnt": 67}, "ANATOMIE SI FIZIOLOGIE UMANA, GENETICA SI ECOLOGIE UMANA": {"medie": 8.678125000000001, "reusita": 100.0, "cnt": 16}, "FIZICA TEO": {"medie": 8.019444444444444, "reusita": 100.0, "cnt": 36}, "ECONOMIE": {"medie": 8.522727272727273, "reusita": 100.0, "cnt": 11}, "LOGICA, ARGUMENTARE SI COMUNICARE": {"medie": 8.934285714285714, "reusita": 100.0, "cnt": 35}, "INFORMATICA MI PASCAL": {"medie": 8.58181818181818, "reusita": 100.0, "cnt": 11}}, "nume": "COLEGIUL NATIONAL \"ION LUCA CARAGIALE\", MUNICIPIUL PLOIESTI\tPrahova"}