{"specializari": {"MATEMATICA-INFORMATICA": 53, "STIINTE ALE NATURII": 71, "FILOLOGIE": 37, "STIINTE SOCIALE": 2}, "limba_moderna": {"LIMBA ENGLEZA": 125, "LIMBA GERMANA MODERNA": 14, "LIMBA FRANCEZA": 24}, "limba_materna": {"LIMBA ROMANA": 151, "LIMBA GERMANA": 12}, "promotie_anterioara": {"NU": 162, "DA": 1}, "materii": {"LIMBA ROMANA": {"medie": 8.036196319018401, "reusita": 98.15950920245399, "cnt": 163}, "MATEMATICA MATE-INFO": {"medie": 9.179245283018865, "reusita": 100.0, "cnt": 53}, "BIOLOGIE VEGETALA SI ANIMALA": {"medie": 8.032142857142857, "reusita": 86.66666666666667, "cnt": 15}, "GENERAL": {"medie": 8.319032921810695, "reusita": 91.41104294478528, "cnt": 163}, "CHIMIE ORGANICA TEO NIVEL I/II": {"medie": 8.4625, "reusita": 100.0, "cnt": 4}, "CHIMIE ANORGANICA TEO NIVEL I/II": {"medie": 7.308333333333334, "reusita": 88.88888888888889, "cnt": 18}, "ISTORIE": {"medie": 7.735897435897434, "reusita": 100.0, "cnt": 39}, "GEOGRAFIE": {"medie": 8.131481481481483, "reusita": 100.0, "cnt": 27}, "PSIHOLOGIE": {"medie": 5.0, "reusita": 100.0, "cnt": 1}, "MATEMATICA ST-NAT": {"medie": 8.278169014084508, "reusita": 100.0, "cnt": 71}, "ANATOMIE SI FIZIOLOGIE UMANA, GENETICA SI ECOLOGIE UMANA": {"medie": 9.112727272727273, "reusita": 100.0, "cnt": 55}, "FIZICA TEO": {"medie": 8.335714285714285, "reusita": 100.0, "cnt": 14}, "LIMBA GERMANA": {"medie": 8.029166666666667, "reusita": 100.0, "cnt": 12}, "INFORMATICA SN C/C++": {"medie": 9.85, "reusita": 100.0, "cnt": 1}, "LOGICA, ARGUMENTARE SI COMUNICARE": {"medie": 9.3, "reusita": 100.0, "cnt": 1}, "SOCIOLOGIE": {"medie": 7.1049999999999995, "reusita": 90.0, "cnt": 10}, "INFORMATICA MI PASCAL": {"medie": 8.958823529411765, "reusita": 100.0, "cnt": 17}}, "nume": "COLEGIUL NATIONAL \"DECEBAL\" DEVA\tHunedoara"}