{"specializari": {"TEHNICIAN IN SILVICULTURA SI EXPLOATARI FORESTIERE": 27, "TEHNICIAN IN INDUSTRIA TEXTILA": 19, "TEHNICIAN TRANSPORTURI": 144, "TEHNICIAN DESIGNER VESTIMENTAR": 6, "TEHNICIAN MECATRONIST": 8, "TEHNICIAN ECOLOG SI PROTECTIA CALITATII MEDIULUI": 1, "COAFOR STILIST": 1}, "limba_moderna": {"LIMBA ENGLEZA": 194, "LIMBA FRANCEZA": 12}, "limba_materna": {"LIMBA ROMANA": 206}, "promotie_anterioara": {"NU": 137, "DA": 69}, "materii": {"LIMBA ROMANA": {"medie": 4.108695652173915, "reusita": 37.37864077669903, "cnt": 206}, "BIOLOGIE VEGETALA SI ANIMALA": {"medie": 3.014583333333334, "reusita": 16.363636363636363, "cnt": 110}, "GENERAL": {"medie": 3.2482716049382714, "reusita": 0.48543689320388345, "cnt": 206}, "GEOGRAFIE": {"medie": 5.0, "reusita": 100.0, "cnt": 1}, "ANATOMIE SI FIZIOLOGIE UMANA, GENETICA SI ECOLOGIE UMANA": {"medie": 3.675, "reusita": 30.76923076923077, "cnt": 13}, "MATEMATICA TEHN": {"medie": 2.6647435897435896, "reusita": 22.815533980582526, "cnt": 206}, "FIZICA TEH": {"medie": 2.3095238095238093, "reusita": 8.75, "cnt": 80}, "CHIMIE ANORGANICA TEH NIVEL I/II": {"medie": 2.4, "reusita": 0.0, "cnt": 2}}, "nume": "COLEGIUL AUTO \"TRAIAN VUIA\" TG-JIU\tGorj"}