{"specializari": {"MATEMATICA-INFORMATICA": 19, "STIINTE SOCIALE": 32, "STIINTE ALE NATURII": 28, "FILOLOGIE": 20}, "limba_moderna": {"LIMBA ENGLEZA": 88, "LIMBA GERMANA MODERNA": 11}, "limba_materna": {"LIMBA ROMANA": 51, "LIMBA GERMANA": 48}, "promotie_anterioara": {"NU": 98, "DA": 1}, "materii": {"LIMBA ROMANA": {"medie": 7.8838383838383885, "reusita": 100.0, "cnt": 99}, "MATEMATICA MATE-INFO": {"medie": 8.26842105263158, "reusita": 94.73684210526315, "cnt": 19}, "BIOLOGIE VEGETALA SI ANIMALA": {"medie": 6.6375, "reusita": 100.0, "cnt": 4}, "GENERAL": {"medie": 8.162752525252523, "reusita": 95.95959595959596, "cnt": 99}, "CHIMIE ORGANICA TEO NIVEL I/II": {"medie": 9.5, "reusita": 100.0, "cnt": 7}, "INFORMATICA MI C/C++": {"medie": 8.1, "reusita": 100.0, "cnt": 9}, "CHIMIE ANORGANICA TEO NIVEL I/II": {"medie": 9.225, "reusita": 100.0, "cnt": 4}, "ISTORIE": {"medie": 8.086538461538463, "reusita": 98.07692307692307, "cnt": 52}, "GEOGRAFIE": {"medie": 8.412500000000001, "reusita": 100.0, "cnt": 24}, "PSIHOLOGIE": {"medie": 6.75, "reusita": 83.33333333333334, "cnt": 6}, "MATEMATICA ST-NAT": {"medie": 8.624999999999998, "reusita": 100.0, "cnt": 28}, "ANATOMIE SI FIZIOLOGIE UMANA, GENETICA SI ECOLOGIE UMANA": {"medie": 8.23, "reusita": 100.0, "cnt": 5}, "FIZICA TEO": {"medie": 7.572222222222223, "reusita": 100.0, "cnt": 18}, "FILOSOFIE": {"medie": 6.9, "reusita": 100.0, "cnt": 1}, "LIMBA GERMANA": {"medie": 8.582291666666665, "reusita": 100.0, "cnt": 48}, "LOGICA, ARGUMENTARE SI COMUNICARE": {"medie": 8.4625, "reusita": 100.0, "cnt": 16}, "SOCIOLOGIE": {"medie": 9.709999999999999, "reusita": 100.0, "cnt": 5}}, "nume": "COLEGIUL NATIONAL \"GEORGE COSBUC\" CLUJ-NAPOCA\tCluj"}