{"specializari": {"TEHNICIAN IN TURISM": 33, "TEHNICIAN IN GASTRONOMIE": 32, "ORGANIZATOR BANQUETING": 37, "TEHNICIAN DESIGNER VESTIMENTAR": 33, "TEHNICIAN IN INDUSTRIA TEXTILA": 17, "TEHNICIAN IN HOTELARIE": 5, "STIINTE ALE NATURII": 1}, "limba_moderna": {"LIMBA ENGLEZA": 131, "LIMBA FRANCEZA": 27}, "limba_materna": {"LIMBA ROMANA": 158}, "promotie_anterioara": {"NU": 100, "DA": 58}, "materii": {"LIMBA ROMANA": {"medie": 5.187407407407408, "reusita": 61.39240506329114, "cnt": 158}, "BIOLOGIE VEGETALA SI ANIMALA": {"medie": 4.719230769230769, "reusita": 51.61290322580645, "cnt": 31}, "GENERAL": {"medie": 5.21349862258953, "reusita": 22.151898734177212, "cnt": 158}, "GEOGRAFIE": {"medie": 6.289010989010991, "reusita": 70.1923076923077, "cnt": 104}, "PSIHOLOGIE": {"medie": 7.15, "reusita": 100.0, "cnt": 2}, "MATEMATICA ST-NAT": {"medie": 4.3, "reusita": 0.0, "cnt": 1}, "MATEMATICA TEHN": {"medie": 4.645312499999998, "reusita": 45.22292993630573, "cnt": 157}, "FIZICA TEH": {"medie": 3.211538461538462, "reusita": 15.0, "cnt": 20}, "ECONOMIE": {"medie": 5.3, "reusita": 100.0, "cnt": 1}}, "nume": "COLEGIUL TEHNIC \"GHEORGHE ASACHI\" FOCSANI\tVrancea"}