{"specializari": {"MATEMATICA-INFORMATICA": 129, "STIINTE ALE NATURII": 36, "FILOLOGIE": 34}, "limba_moderna": {"LIMBA ENGLEZA": 146, "LIMBA FRANCEZA": 53}, "limba_materna": {"LIMBA ROMANA": 199}, "promotie_anterioara": {"NU": 198, "DA": 1}, "materii": {"LIMBA ROMANA": {"medie": 8.100502512562814, "reusita": 99.49748743718592, "cnt": 199}, "MATEMATICA MATE-INFO": {"medie": 8.05736434108527, "reusita": 96.89922480620154, "cnt": 129}, "BIOLOGIE VEGETALA SI ANIMALA": {"medie": 8.006451612903225, "reusita": 100.0, "cnt": 31}, "GENERAL": {"medie": 8.243216080402014, "reusita": 96.4824120603015, "cnt": 199}, "CHIMIE ORGANICA TEO NIVEL I/II": {"medie": 9.37142857142857, "reusita": 100.0, "cnt": 7}, "INFORMATICA MI C/C++": {"medie": 8.204166666666666, "reusita": 100.0, "cnt": 12}, "CHIMIE ANORGANICA TEO NIVEL I/II": {"medie": 9.0, "reusita": 100.0, "cnt": 4}, "ISTORIE": {"medie": 8.58235294117647, "reusita": 100.0, "cnt": 34}, "GEOGRAFIE": {"medie": 8.555, "reusita": 100.0, "cnt": 30}, "PSIHOLOGIE": {"medie": 8.5, "reusita": 100.0, "cnt": 1}, "MATEMATICA ST-NAT": {"medie": 7.400000000000002, "reusita": 100.0, "cnt": 36}, "ANATOMIE SI FIZIOLOGIE UMANA, GENETICA SI ECOLOGIE UMANA": {"medie": 8.942682926829269, "reusita": 98.78048780487805, "cnt": 82}, "FIZICA TEO": {"medie": 7.8500000000000005, "reusita": 100.0, "cnt": 6}, "FILOSOFIE": {"medie": 9.55, "reusita": 100.0, "cnt": 1}, "ECONOMIE": {"medie": 6.3, "reusita": 100.0, "cnt": 1}, "LOGICA, ARGUMENTARE SI COMUNICARE": {"medie": 6.5, "reusita": 100.0, "cnt": 1}, "INFORMATICA MI PASCAL": {"medie": 8.497826086956522, "reusita": 100.0, "cnt": 23}}, "nume": "COLEGIUL NATIONAL \"VASILE LUCACIU\" BAIA MARE\tMaramure\u0219"}