{"specializari": {"TEHNICIAN IN ACTIVITATI ECONOMICE": 181, "TEHNICIAN IN TURISM": 68}, "limba_moderna": {"LIMBA ENGLEZA": 215, "LIMBA FRANCEZA": 26, "LIMBA SPANIOLA": 8}, "limba_materna": {"LIMBA ROMANA": 249}, "promotie_anterioara": {"NU": 228, "DA": 21}, "materii": {"LIMBA ROMANA": {"medie": 6.149190283400808, "reusita": 84.73895582329317, "cnt": 249}, "GENERAL": {"medie": 6.96349527665317, "reusita": 73.49397590361446, "cnt": 249}, "GEOGRAFIE": {"medie": 7.929370629370625, "reusita": 100.0, "cnt": 143}, "PSIHOLOGIE": {"medie": 6.966666666666666, "reusita": 100.0, "cnt": 9}, "MATEMATICA TEHN": {"medie": 7.759839357429717, "reusita": 91.56626506024097, "cnt": 249}, "ECONOMIE": {"medie": 5.468041237113402, "reusita": 70.10309278350515, "cnt": 97}}, "nume": "COLEGIUL ECONOMIC \"A.D.XENOPOL\"\tBucure\u0219ti"}