{"specializari": {"MATEMATICA-INFORMATICA": 143, "STIINTE ALE NATURII": 32, "FILOLOGIE": 67, "STIINTE SOCIALE": 68}, "limba_moderna": {"LIMBA ENGLEZA": 273, "LIMBA FRANCEZA": 34, "LIMBA GERMANA MODERNA": 3}, "limba_materna": {"LIMBA ROMANA": 310}, "promotie_anterioara": {"NU": 310}, "materii": {"LIMBA ROMANA": {"medie": 8.929870129870126, "reusita": 99.35483870967742, "cnt": 310}, "MATEMATICA MATE-INFO": {"medie": 9.361888111888115, "reusita": 100.0, "cnt": 143}, "BIOLOGIE VEGETALA SI ANIMALA": {"medie": 9.147727272727273, "reusita": 100.0, "cnt": 22}, "GENERAL": {"medie": 9.071915584415585, "reusita": 99.35483870967742, "cnt": 310}, "CHIMIE ORGANICA TEO NIVEL I/II": {"medie": 9.357258064516127, "reusita": 100.0, "cnt": 62}, "INFORMATICA MI C/C++": {"medie": 9.23611111111111, "reusita": 100.0, "cnt": 18}, "ISTORIE": {"medie": 9.350751879699253, "reusita": 98.51851851851852, "cnt": 135}, "GEOGRAFIE": {"medie": 9.299494949494953, "reusita": 98.01980198019803, "cnt": 101}, "PSIHOLOGIE": {"medie": 8.825, "reusita": 100.0, "cnt": 4}, "MATEMATICA ST-NAT": {"medie": 8.7734375, "reusita": 100.0, "cnt": 32}, "ANATOMIE SI FIZIOLOGIE UMANA, GENETICA SI ECOLOGIE UMANA": {"medie": 9.12, "reusita": 100.0, "cnt": 15}, "FIZICA TEO": {"medie": 7.962931034482759, "reusita": 100.0, "cnt": 58}, "FILOSOFIE": {"medie": 9.0, "reusita": 100.0, "cnt": 1}, "ECONOMIE": {"medie": 8.727777777777778, "reusita": 100.0, "cnt": 18}, "LOGICA, ARGUMENTARE SI COMUNICARE": {"medie": 9.425, "reusita": 100.0, "cnt": 8}, "SOCIOLOGIE": {"medie": 8.383333333333333, "reusita": 100.0, "cnt": 3}}, "nume": "COLEGIUL NATIONAL \"B. P. HASDEU\" MUNICIPIUL BUZAU\tBuz\u0103u"}