{"specializari": {"TEHNICIAN PROIECTANT CAD": 4, "TEHNICIAN IN AUTOMATIZARI": 13, "TEHNICIAN OPERATOR TEHNICA DE CALCUL": 9, "TEHNICIAN ELECTROTEHNIST": 17, "TEHNICIAN MECANIC PENTRU INTRETINERE SI REPARATII": 18, "TEHNICIAN MECATRONIST": 30, "TEHNICIAN IN INDUSTRIA TEXTILA": 27, "TEHNICIAN ECOLOG SI PROTECTIA CALITATII MEDIULUI": 24, "TEHNICIAN DE TELECOMUNICATII": 15, "TEHNICIAN IN INDUSTRIA MATERIALELOR DE CONSTRUCTII": 1}, "limba_moderna": {"LIMBA ENGLEZA": 89, "LIMBA FRANCEZA": 69}, "limba_materna": {"LIMBA ROMANA": 158}, "promotie_anterioara": {"DA": 71, "NU": 87}, "materii": {"LIMBA ROMANA": {"medie": 5.601633986928103, "reusita": 79.11392405063292, "cnt": 158}, "BIOLOGIE VEGETALA SI ANIMALA": {"medie": 5.060975609756097, "reusita": 67.1875, "cnt": 128}, "GENERAL": {"medie": 5.404777777777778, "reusita": 28.48101265822785, "cnt": 158}, "ANATOMIE SI FIZIOLOGIE UMANA, GENETICA SI ECOLOGIE UMANA": {"medie": 5.066666666666666, "reusita": 66.66666666666666, "cnt": 3}, "MATEMATICA TEHN": {"medie": 5.530844155844157, "reusita": 79.11392405063292, "cnt": 158}, "FIZICA TEH": {"medie": 4.210714285714286, "reusita": 43.75, "cnt": 16}, "CHIMIE ORGANICA TEH NIVEL I/II": {"medie": 5.781818181818182, "reusita": 81.81818181818183, "cnt": 11}}, "nume": "COLEGIUL TEHNIC NR 2 TG-JIU\tGorj"}