{"specializari": {"TEHNICIAN IN TURISM": 55, "TEHNICIAN IN ACTIVITATI ECONOMICE": 60, "TEHNICIAN IN ACTIVITATI DE COMERT": 34, "TEHNICIAN IN ADMINISTRATIE": 32, "TEHNICIAN IN GASTRONOMIE": 50}, "limba_moderna": {"LIMBA ENGLEZA": 216, "LIMBA FRANCEZA": 5, "LIMBA ITALIANA": 10}, "limba_materna": {"LIMBA ROMANA": 231}, "promotie_anterioara": {"NU": 204, "DA": 27}, "materii": {"LIMBA ROMANA": {"medie": 7.136725663716812, "reusita": 93.07359307359307, "cnt": 231}, "GENERAL": {"medie": 7.752444444444446, "reusita": 84.84848484848484, "cnt": 231}, "GEOGRAFIE": {"medie": 8.035874439461884, "reusita": 97.36842105263158, "cnt": 228}, "PSIHOLOGIE": {"medie": 8.716666666666667, "reusita": 100.0, "cnt": 3}, "MATEMATICA TEHN": {"medie": 8.072666666666665, "reusita": 92.20779220779221, "cnt": 231}}, "nume": "COLEGIUL ECONOMIC \"TRANSILVANIA\" TIRGU MURES\tMure\u0219"}