{"specializari": {"TEHNICIAN IN TURISM": 2, "TEHNICIAN IN INDUSTRIA ALIMENTARA": 24, "TEHNICIAN IN IND. ALIM. FERMENTATIVA SI IN PREL. LEGUMELOR SI FRUCTELOR": 9, "TEHNICIAN IN MORARIT, PANIFICATIE SI PRODUSE FAINOASE": 13, "TEHNICIAN IN GASTRONOMIE": 33, "TEHNICIAN ANALIZE PRODUSE ALIMENTARE": 24, "TEHNICIAN IN PRELUCRAREA PRODUSELOR DE ORIGINE ANIMALA": 14}, "limba_moderna": {"LIMBA ENGLEZA": 82, "LIMBA FRANCEZA": 37}, "limba_materna": {"LIMBA ROMANA": 119}, "promotie_anterioara": {"DA": 58, "NU": 61}, "materii": {"LIMBA ROMANA": {"medie": 5.61068376068376, "reusita": 80.67226890756302, "cnt": 119}, "BIOLOGIE VEGETALA SI ANIMALA": {"medie": 5.316666666666667, "reusita": 100.0, "cnt": 3}, "GENERAL": {"medie": 6.134502923976609, "reusita": 54.621848739495796, "cnt": 119}, "GEOGRAFIE": {"medie": 6.964705882352941, "reusita": 91.17647058823529, "cnt": 34}, "ANATOMIE SI FIZIOLOGIE UMANA, GENETICA SI ECOLOGIE UMANA": {"medie": 5.745652173913043, "reusita": 73.61111111111111, "cnt": 72}, "MATEMATICA TEHN": {"medie": 6.596052631578948, "reusita": 83.19327731092437, "cnt": 119}, "ECONOMIE": {"medie": 6.5, "reusita": 100.0, "cnt": 1}, "CHIMIE ANORGANICA TEH NIVEL I/II": {"medie": 7.169999999999999, "reusita": 100.0, "cnt": 5}, "CHIMIE ORGANICA TEH NIVEL I/II": {"medie": 5.85, "reusita": 100.0, "cnt": 4}}, "nume": "COLEGIUL DE INDUSTRIE ALIMENTARA \"ELENA DOAMNA\", LOCALITATEA GALATI\tGala\u021bi"}