{"specializari": {"MATEMATICA-INFORMATICA": 20, "INVATATOR - EDUCATOARE": 30, "TEHNICIAN IN ACTIVITATI ECONOMICE": 2, "TEOLOGIE REFORMATA": 1}, "limba_moderna": {"LIMBA ENGLEZA": 51, "LIMBA ITALIANA": 2}, "limba_materna": {"LIMBA MAGHIARA": 53}, "promotie_anterioara": {"NU": 45, "DA": 8}, "materii": {"LIMBA ROMANA": {"medie": 5.735849056603773, "reusita": 69.81132075471697, "cnt": 53}, "MATEMATICA MATE-INFO": {"medie": 7.1925, "reusita": 95.0, "cnt": 20}, "GENERAL": {"medie": 7.043867924528301, "reusita": 54.71698113207547, "cnt": 53}, "ISTORIE": {"medie": 7.3, "reusita": 100.0, "cnt": 1}, "GEOGRAFIE": {"medie": 8.14782608695652, "reusita": 100.0, "cnt": 23}, "PSIHOLOGIE": {"medie": 8.59, "reusita": 100.0, "cnt": 10}, "ANATOMIE SI FIZIOLOGIE UMANA, GENETICA SI ECOLOGIE UMANA": {"medie": 8.191666666666668, "reusita": 100.0, "cnt": 6}, "MATEMATICA TEHN": {"medie": 6.025, "reusita": 100.0, "cnt": 2}, "MATEMATICA PED": {"medie": 6.349999999999999, "reusita": 63.33333333333333, "cnt": 30}, "INFORMATICA MI PASCAL": {"medie": 7.696428571428571, "reusita": 100.0, "cnt": 14}, "LIMBA MAGHIARA (REAL)": {"medie": 7.1, "reusita": 100.0, "cnt": 23}, "LIMBA MAGHIARA (UMAN)": {"medie": 8.07, "reusita": 100.0, "cnt": 30}}, "nume": "COLEGIUL NATIONAL \"BETHLEN GABOR\" AIUD\tAlba"}