{"specializari": {"FILOLOGIE": 65, "MATEMATICA-INFORMATICA": 48, "STIINTE ALE NATURII": 27, "INVATATOR - EDUCATOARE": 30}, "limba_moderna": {"LIMBA ENGLEZA": 153, "LIMBA FRANCEZA": 17}, "limba_materna": {"LIMBA ROMANA": 170}, "promotie_anterioara": {"NU": 167, "DA": 3}, "materii": {"LIMBA ROMANA": {"medie": 7.599704142011833, "reusita": 97.6470588235294, "cnt": 170}, "MATEMATICA MATE-INFO": {"medie": 8.509375, "reusita": 97.91666666666666, "cnt": 48}, "GENERAL": {"medie": 7.977380952380954, "reusita": 91.17647058823529, "cnt": 170}, "CHIMIE ORGANICA TEO NIVEL I/II": {"medie": 9.083333333333334, "reusita": 100.0, "cnt": 6}, "INFORMATICA MI C/C++": {"medie": 9.325, "reusita": 100.0, "cnt": 2}, "ISTORIE": {"medie": 8.086507936507937, "reusita": 96.92307692307692, "cnt": 65}, "GEOGRAFIE": {"medie": 8.695294117647057, "reusita": 97.70114942528735, "cnt": 87}, "PSIHOLOGIE": {"medie": 8.657142857142857, "reusita": 100.0, "cnt": 7}, "MATEMATICA ST-NAT": {"medie": 6.598148148148148, "reusita": 92.5925925925926, "cnt": 27}, "ANATOMIE SI FIZIOLOGIE UMANA, GENETICA SI ECOLOGIE UMANA": {"medie": 8.32153846153846, "reusita": 100.0, "cnt": 65}, "FIZICA TEO": {"medie": 8.025, "reusita": 100.0, "cnt": 2}, "FILOSOFIE": {"medie": 10.0, "reusita": 100.0, "cnt": 1}, "MATEMATICA PED": {"medie": 6.756666666666667, "reusita": 83.33333333333334, "cnt": 30}}, "nume": "COLEGIUL NATIONAL \"GEORGE COSBUC\" NASAUD\tBistri\u021ba-N\u0103s\u0103ud"}