{"specializari": {"MATEMATICA-INFORMATICA": 123, "MUZICA": 1}, "limba_moderna": {"LIMBA ENGLEZA": 121, "LIMBA FRANCEZA": 3}, "limba_materna": {"LIMBA ROMANA": 124}, "promotie_anterioara": {"NU": 110, "DA": 14}, "materii": {"LIMBA ROMANA": {"medie": 6.69959677419355, "reusita": 97.58064516129032, "cnt": 124}, "MATEMATICA MATE-INFO": {"medie": 6.02520325203252, "reusita": 80.48780487804879, "cnt": 123}, "GENERAL": {"medie": 6.370833333333332, "reusita": 59.67741935483871, "cnt": 124}, "CHIMIE ORGANICA TEO NIVEL I/II": {"medie": 6.205555555555557, "reusita": 100.0, "cnt": 9}, "INFORMATICA MI C/C++": {"medie": 5.4375, "reusita": 75.0, "cnt": 4}, "ISTORIE": {"medie": 5.0, "reusita": 100.0, "cnt": 1}, "GEOGRAFIE": {"medie": 6.6, "reusita": 100.0, "cnt": 1}, "ANATOMIE SI FIZIOLOGIE UMANA, GENETICA SI ECOLOGIE UMANA": {"medie": 6.414062500000001, "reusita": 89.58333333333334, "cnt": 96}, "FIZICA TEO": {"medie": 8.274999999999999, "reusita": 100.0, "cnt": 4}, "INFORMATICA MI PASCAL": {"medie": 6.005, "reusita": 90.0, "cnt": 10}}, "nume": "COLEGIUL NATIONAL DE INFORMATICA \"CARMEN SYLVA\" PETROSANI\tHunedoara"}