{"specializari": {"MATEMATICA-INFORMATICA": 118, "FILOLOGIE": 34}, "limba_moderna": {"LIMBA ENGLEZA": 144, "LIMBA GERMANA MODERNA": 1, "LIMBA FRANCEZA": 7}, "limba_materna": {"LIMBA ROMANA": 152}, "promotie_anterioara": {"NU": 151, "DA": 1}, "materii": {"LIMBA ROMANA": {"medie": 8.794407894736842, "reusita": 100.0, "cnt": 152}, "MATEMATICA MATE-INFO": {"medie": 9.004237288135593, "reusita": 99.15254237288136, "cnt": 118}, "BIOLOGIE VEGETALA SI ANIMALA": {"medie": 8.1, "reusita": 100.0, "cnt": 1}, "GENERAL": {"medie": 8.920971302428256, "reusita": 98.02631578947368, "cnt": 152}, "CHIMIE ORGANICA TEO NIVEL I/II": {"medie": 8.226086956521739, "reusita": 100.0, "cnt": 23}, "INFORMATICA MI C/C++": {"medie": 9.35625, "reusita": 100.0, "cnt": 24}, "ISTORIE": {"medie": 8.806060606060607, "reusita": 97.05882352941177, "cnt": 34}, "GEOGRAFIE": {"medie": 9.176666666666668, "reusita": 100.0, "cnt": 30}, "PSIHOLOGIE": {"medie": 9.0, "reusita": 50.0, "cnt": 2}, "ANATOMIE SI FIZIOLOGIE UMANA, GENETICA SI ECOLOGIE UMANA": {"medie": 9.194354838709677, "reusita": 100.0, "cnt": 62}, "FIZICA TEO": {"medie": 7.90625, "reusita": 87.5, "cnt": 8}, "ECONOMIE": {"medie": 8.7, "reusita": 100.0, "cnt": 2}}, "nume": "COLEGIUL NATIONAL \"COSTACHE NEGRUZZI\", IASI\tIa\u0219i"}