{"specializari": {"INVATATOR - EDUCATOARE": 60, "MATEMATICA-INFORMATICA": 58, "FILOLOGIE": 111, "INSTRUCTOR PENTRU ACTIVITATI EXTRASCOLARE": 3}, "limba_moderna": {"LIMBA ENGLEZA": 179, "LIMBA FRANCEZA": 50, "LIMBA SPANIOLA": 3}, "limba_materna": {"LIMBA ROMANA": 232}, "promotie_anterioara": {"NU": 208, "DA": 24}, "materii": {"LIMBA ROMANA": {"medie": 7.198913043478265, "reusita": 94.39655172413794, "cnt": 232}, "MATEMATICA MATE-INFO": {"medie": 6.673275862068966, "reusita": 84.48275862068965, "cnt": 58}, "BIOLOGIE VEGETALA SI ANIMALA": {"medie": 7.824909090909091, "reusita": 94.54545454545455, "cnt": 55}, "GENERAL": {"medie": 7.594956521739129, "reusita": 82.75862068965517, "cnt": 232}, "ISTORIE": {"medie": 6.714912280701751, "reusita": 95.6140350877193, "cnt": 114}, "GEOGRAFIE": {"medie": 8.579341317365266, "reusita": 99.40476190476191, "cnt": 168}, "PSIHOLOGIE": {"medie": 8.266666666666667, "reusita": 100.0, "cnt": 3}, "ANATOMIE SI FIZIOLOGIE UMANA, GENETICA SI ECOLOGIE UMANA": {"medie": 8.566666666666668, "reusita": 100.0, "cnt": 3}, "ECONOMIE": {"medie": 8.833333333333334, "reusita": 100.0, "cnt": 3}, "MATEMATICA PED": {"medie": 8.533898305084746, "reusita": 91.66666666666666, "cnt": 60}}, "nume": "COLEGIUL NATIONAL PEDAGOGIC \"MIRCEA SCARLAT\" ALEXANDRIA\tTeleorman"}