{"specializari": {"MUZICA": 32, "ARTE PLASTICE SI DECORATIVE": 31, "ARHITECTURA, ARTE AMBIENTALE SI DESIGN": 32}, "limba_moderna": {"LIMBA ENGLEZA": 94, "LIMBA FRANCEZA": 1}, "limba_materna": {"LIMBA ROMANA": 95}, "promotie_anterioara": {"NU": 90, "DA": 5}, "materii": {"LIMBA ROMANA": {"medie": 7.163297872340425, "reusita": 94.73684210526315, "cnt": 95}, "GENERAL": {"medie": 7.548387096774195, "reusita": 89.47368421052632, "cnt": 95}, "ISTORIE": {"medie": 7.221808510638297, "reusita": 93.6842105263158, "cnt": 95}, "GEOGRAFIE": {"medie": 8.163043478260873, "reusita": 100.0, "cnt": 92}, "PSIHOLOGIE": {"medie": 7.65, "reusita": 100.0, "cnt": 2}, "LOGICA, ARGUMENTARE SI COMUNICARE": {"medie": 9.8, "reusita": 100.0, "cnt": 1}}, "nume": "COLEGIUL NATIONAL DE ARTA \"GEORGE APOSTU\" BACAU\tBac\u0103u"}