{"specializari": {"TEHNICIAN IN ACTIVITATI ECONOMICE": 69, "TEHNICIAN ECOLOG SI PROTECTIA CALITATII MEDIULUI": 52, "TEHNICIAN OPERATOR TEHNICA DE CALCUL": 44, "TEHNICIAN DESENATOR PENTRU CONSTRUCTII SI INSTALATII": 21, "TEHNICIAN IN INDUSTRIA MATERIALELOR DE CONSTRUCTII": 6, "TEHNICIAN IN INSTALATII ELECTRICE": 8, "TEHNICIAN MECATRONIST": 3, "TEHNICIAN MECANIC PENTRU INTRETINERE SI REPARATII": 3, "TEHNICIAN ELECTROTEHNIST": 1, "TEHNICIAN ELECTRONIST": 1}, "limba_moderna": {"LIMBA ENGLEZA": 162, "LIMBA FRANCEZA": 46}, "limba_materna": {"LIMBA ROMANA": 208}, "promotie_anterioara": {"NU": 174, "DA": 34}, "materii": {"LIMBA ROMANA": {"medie": 6.228974358974359, "reusita": 81.73076923076923, "cnt": 208}, "BIOLOGIE VEGETALA SI ANIMALA": {"medie": 4.9818181818181815, "reusita": 49.31506849315068, "cnt": 73}, "GENERAL": {"medie": 6.534920634920638, "reusita": 57.21153846153846, "cnt": 208}, "GEOGRAFIE": {"medie": 8.123684210526315, "reusita": 95.0, "cnt": 40}, "PSIHOLOGIE": {"medie": 5.3, "reusita": 50.0, "cnt": 2}, "ANATOMIE SI FIZIOLOGIE UMANA, GENETICA SI ECOLOGIE UMANA": {"medie": 7.678124999999999, "reusita": 89.58333333333334, "cnt": 48}, "MATEMATICA TEHN": {"medie": 6.462886597938142, "reusita": 72.11538461538461, "cnt": 208}, "FIZICA TEH": {"medie": 5.35, "reusita": 75.0, "cnt": 4}, "LOGICA, ARGUMENTARE SI COMUNICARE": {"medie": 8.522916666666665, "reusita": 81.48148148148148, "cnt": 27}, "CHIMIE ANORGANICA TEH NIVEL I/II": {"medie": 5.046153846153846, "reusita": 50.0, "cnt": 14}}, "nume": "COLEGIUL TEHNIC \"PETRU PONI\", MUNICIPIUL ROMAN\tNeam\u021b"}