{"specializari": {"TEHNICIAN IN HOTELARIE": 1, "TEHNICIAN IN GASTRONOMIE": 14, "TEHNICIAN MECANIC PENTRU INTRETINERE SI REPARATII": 1, "ORGANIZATOR BANQUETING": 9}, "limba_moderna": {"LIMBA ENGLEZA": 25}, "limba_materna": {"LIMBA ROMANA": 25}, "promotie_anterioara": {"DA": 2, "NU": 23}, "materii": {"LIMBA ROMANA": {"medie": 6.176, "reusita": 96.0, "cnt": 25}, "GENERAL": {"medie": 6.287333333333334, "reusita": 68.0, "cnt": 25}, "GEOGRAFIE": {"medie": 7.291304347826087, "reusita": 100.0, "cnt": 23}, "MATEMATICA TEHN": {"medie": 5.6160000000000005, "reusita": 72.0, "cnt": 25}, "ECONOMIE": {"medie": 6.0, "reusita": 100.0, "cnt": 1}, "CHIMIE ANORGANICA TEH NIVEL I/II": {"medie": 3.05, "reusita": 0.0, "cnt": 1}}, "nume": "COLEGIUL ECONOMIC \"PINTEA VITEAZUL\" CAVNIC\tMaramure\u0219"}