{"specializari": {"FILOLOGIE": 32, "MATEMATICA-INFORMATICA": 29, "STIINTE ALE NATURII": 93}, "limba_moderna": {"LIMBA ENGLEZA": 106, "LIMBA SPANIOLA": 3, "LIMBA FRANCEZA": 32, "LIMBA GERMANA MODERNA": 13}, "limba_materna": {"LIMBA ROMANA": 154}, "promotie_anterioara": {"NU": 154}, "materii": {"LIMBA ROMANA": {"medie": 8.537337662337663, "reusita": 100.0, "cnt": 154}, "MATEMATICA MATE-INFO": {"medie": 9.22413793103448, "reusita": 100.0, "cnt": 29}, "BIOLOGIE VEGETALA SI ANIMALA": {"medie": 9.180952380952382, "reusita": 100.0, "cnt": 21}, "GENERAL": {"medie": 8.749025974025978, "reusita": 99.35064935064936, "cnt": 154}, "CHIMIE ORGANICA TEO NIVEL I/II": {"medie": 8.927631578947368, "reusita": 100.0, "cnt": 38}, "INFORMATICA MI C/C++": {"medie": 9.604166666666666, "reusita": 100.0, "cnt": 12}, "CHIMIE ANORGANICA TEO NIVEL I/II": {"medie": 8.153846153846153, "reusita": 100.0, "cnt": 13}, "ISTORIE": {"medie": 9.268749999999999, "reusita": 100.0, "cnt": 32}, "GEOGRAFIE": {"medie": 8.988235294117647, "reusita": 100.0, "cnt": 17}, "MATEMATICA ST-NAT": {"medie": 8.434408602150537, "reusita": 100.0, "cnt": 93}, "ANATOMIE SI FIZIOLOGIE UMANA, GENETICA SI ECOLOGIE UMANA": {"medie": 9.144642857142857, "reusita": 100.0, "cnt": 28}, "FIZICA TEO": {"medie": 8.266666666666666, "reusita": 100.0, "cnt": 9}, "INFORMATICA SN C/C++": {"medie": 8.0, "reusita": 100.0, "cnt": 1}, "ECONOMIE": {"medie": 5.55, "reusita": 100.0, "cnt": 1}, "LOGICA, ARGUMENTARE SI COMUNICARE": {"medie": 9.192857142857141, "reusita": 100.0, "cnt": 14}}, "nume": "COLEGIUL NATIONAL \"DR. IOAN MESOTA\" BRASOV\tBra\u0219ov"}