{"specializari": {"TEHNICIAN IN ACTIVITATI ECONOMICE": 158, "TEHNICIAN IN ADMINISTRATIE": 30, "TEHNICIAN IN ACHIZITII SI CONTRACTARI": 28}, "limba_moderna": {"LIMBA ENGLEZA": 197, "LIMBA FRANCEZA": 13, "LIMBA RUSA": 6}, "limba_materna": {"LIMBA ROMANA": 216}, "promotie_anterioara": {"NU": 203, "DA": 13}, "materii": {"LIMBA ROMANA": {"medie": 6.848356807511741, "reusita": 94.44444444444444, "cnt": 216}, "GENERAL": {"medie": 7.828205128205125, "reusita": 88.42592592592592, "cnt": 216}, "GEOGRAFIE": {"medie": 8.025628140703514, "reusita": 96.56862745098039, "cnt": 204}, "PSIHOLOGIE": {"medie": 9.05, "reusita": 100.0, "cnt": 2}, "MATEMATICA TEHN": {"medie": 8.508962264150941, "reusita": 94.9074074074074, "cnt": 216}, "LOGICA, ARGUMENTARE SI COMUNICARE": {"medie": 8.205, "reusita": 100.0, "cnt": 10}}, "nume": "COLEGIUL ECONOMIC ADMINISTRATIV, IASI\tIa\u0219i"}