{"specializari": {"MATEMATICA-INFORMATICA": 32, "TEHNICIAN OPERATOR TEHNICA DE CALCUL": 46, "TEHNICIAN DESENATOR PENTRU CONSTRUCTII SI INSTALATII": 26, "TEHNICIAN IN ACTIVITATI ECONOMICE": 20, "TEHNICIAN MECATRONIST": 6, "TEHNICIAN MECANIC PENTRU INTRETINERE SI REPARATII": 1, "TEHNICIAN DE TELECOMUNICATII": 7}, "limba_moderna": {"LIMBA ENGLEZA": 105, "LIMBA FRANCEZA": 33}, "limba_materna": {"LIMBA ROMANA": 138}, "promotie_anterioara": {"NU": 88, "DA": 50}, "materii": {"LIMBA ROMANA": {"medie": 5.603383458646616, "reusita": 74.63768115942028, "cnt": 138}, "MATEMATICA MATE-INFO": {"medie": 4.1241379310344835, "reusita": 37.5, "cnt": 32}, "BIOLOGIE VEGETALA SI ANIMALA": {"medie": 5.411619047619049, "reusita": 72.07207207207207, "cnt": 111}, "GENERAL": {"medie": 5.726250000000001, "reusita": 34.05797101449276, "cnt": 138}, "GEOGRAFIE": {"medie": 7.834999999999999, "reusita": 100.0, "cnt": 20}, "FIZICA TEO": {"medie": 8.8, "reusita": 100.0, "cnt": 1}, "MATEMATICA TEHN": {"medie": 5.961299999999999, "reusita": 75.47169811320755, "cnt": 106}, "FIZICA TEH": {"medie": 3.25, "reusita": 16.666666666666664, "cnt": 6}}, "nume": "COLEGIUL TEHNIC \"ION MINCU\" FOCSANI\tVrancea"}