{"specializari": {"MATEMATICA-INFORMATICA": 102, "FILOLOGIE": 35, "STIINTE SOCIALE": 37, "LICEU CU PROGRAM SPORTIV": 34, "STIINTE ALE NATURII": 3}, "limba_moderna": {"LIMBA ENGLEZA": 199, "LIMBA FRANCEZA": 12}, "limba_materna": {"LIMBA ROMANA": 211}, "promotie_anterioara": {"NU": 175, "DA": 36}, "materii": {"LIMBA ROMANA": {"medie": 6.890952380952379, "reusita": 95.73459715639811, "cnt": 211}, "MATEMATICA MATE-INFO": {"medie": 6.870098039215685, "reusita": 91.17647058823529, "cnt": 102}, "BIOLOGIE VEGETALA SI ANIMALA": {"medie": 6.285897435897437, "reusita": 82.05128205128204, "cnt": 39}, "GENERAL": {"medie": 7.217543859649125, "reusita": 81.51658767772511, "cnt": 211}, "INFORMATICA MI C/C++": {"medie": 7.734374999999999, "reusita": 100.0, "cnt": 32}, "ISTORIE": {"medie": 7.717619047619048, "reusita": 98.11320754716981, "cnt": 106}, "GEOGRAFIE": {"medie": 7.913333333333337, "reusita": 100.0, "cnt": 90}, "PSIHOLOGIE": {"medie": 9.3, "reusita": 100.0, "cnt": 2}, "MATEMATICA ST-NAT": {"medie": 3.6333333333333333, "reusita": 33.33333333333333, "cnt": 3}, "ANATOMIE SI FIZIOLOGIE UMANA, GENETICA SI ECOLOGIE UMANA": {"medie": 7.389393939393941, "reusita": 93.93939393939394, "cnt": 33}, "FIZICA TEO": {"medie": 3.65, "reusita": 0.0, "cnt": 1}, "LOGICA, ARGUMENTARE SI COMUNICARE": {"medie": 9.916666666666666, "reusita": 100.0, "cnt": 6}, "SOCIOLOGIE": {"medie": 7.342857142857143, "reusita": 87.5, "cnt": 8}}, "nume": "COLEGIUL NATIONAL \"OCTAV ONICESCU\"\tBucure\u0219ti"}