{"specializari": {"MATEMATICA-INFORMATICA": 109}, "limba_moderna": {"LIMBA ENGLEZA": 109}, "limba_materna": {"LIMBA ROMANA": 109}, "promotie_anterioara": {"NU": 109}, "materii": {"LIMBA ROMANA": {"medie": 8.312844036697244, "reusita": 100.0, "cnt": 109}, "MATEMATICA MATE-INFO": {"medie": 9.385779816513763, "reusita": 100.0, "cnt": 109}, "BIOLOGIE VEGETALA SI ANIMALA": {"medie": 9.016666666666664, "reusita": 100.0, "cnt": 45}, "GENERAL": {"medie": 8.885779816513761, "reusita": 100.0, "cnt": 109}, "CHIMIE ORGANICA TEO NIVEL I/II": {"medie": 9.092857142857143, "reusita": 100.0, "cnt": 7}, "CHIMIE ANORGANICA TEO NIVEL I/II": {"medie": 9.075, "reusita": 100.0, "cnt": 4}, "FIZICA TEO": {"medie": 8.937499999999996, "reusita": 100.0, "cnt": 40}, "INFORMATICA MI PASCAL": {"medie": 8.715384615384615, "reusita": 100.0, "cnt": 13}}, "nume": "COLEGIUL NATIONAL MILITAR \"DIMITRIE CANTEMIR\" BREAZA\tPrahova"}