{"specializari": {"MATEMATICA-INFORMATICA": 26, "TEHNICIAN OPERATOR TEHNICA DE CALCUL": 26, "TEHNICIAN IN AUTOMATIZARI": 22, "TEHNICIAN DE TELECOMUNICATII": 33, "TEHNICIAN ELECTROMECANIC": 29, "TEHNICIAN ELECTRONIST": 30, "TEHNICIAN PRELUCRARI MECANICE": 21, "TEHNICIAN PROIECTANT CAD": 31, "TEHNICIAN IN INSTALATII ELECTRICE": 11, "TEHNICIAN TRANSPORTURI": 20, "TEHNICIAN MECATRONIST": 20, "TEHNICIAN MECANIC PENTRU INTRETINERE SI REPARATII": 2}, "limba_moderna": {"LIMBA ENGLEZA": 223, "LIMBA FRANCEZA": 48}, "limba_materna": {"LIMBA ROMANA": 271}, "promotie_anterioara": {"NU": 198, "DA": 73}, "materii": {"LIMBA ROMANA": {"medie": 5.304313725490198, "reusita": 71.58671586715867, "cnt": 271}, "MATEMATICA MATE-INFO": {"medie": 6.503846153846154, "reusita": 84.61538461538461, "cnt": 26}, "BIOLOGIE VEGETALA SI ANIMALA": {"medie": 4.918877551020409, "reusita": 52.336448598130836, "cnt": 214}, "GENERAL": {"medie": 5.629131652661064, "reusita": 32.10332103321033, "cnt": 271}, "INFORMATICA MI C/C++": {"medie": 7.01, "reusita": 100.0, "cnt": 5}, "CHIMIE ANORGANICA TEO NIVEL I/II": {"medie": 3.15, "reusita": 0.0, "cnt": 1}, "ANATOMIE SI FIZIOLOGIE UMANA, GENETICA SI ECOLOGIE UMANA": {"medie": 6.921428571428572, "reusita": 85.71428571428571, "cnt": 7}, "FIZICA TEO": {"medie": 7.25, "reusita": 100.0, "cnt": 4}, "MATEMATICA TEHN": {"medie": 6.193777777777777, "reusita": 75.10204081632654, "cnt": 245}, "FIZICA TEH": {"medie": 5.6187499999999995, "reusita": 53.84615384615385, "cnt": 26}, "CHIMIE ANORGANICA TEH NIVEL I/II": {"medie": 6.053846153846153, "reusita": 85.71428571428571, "cnt": 14}}, "nume": "COLEGIUL TEHNIC \"EDMOND NICOLAU\" FOCSANI\tVrancea"}