{"specializari": {"MUZICA": 67}, "limba_moderna": {"LIMBA ENGLEZA": 67}, "limba_materna": {"LIMBA ROMANA": 67}, "promotie_anterioara": {"NU": 52, "DA": 15}, "materii": {"LIMBA ROMANA": {"medie": 6.365873015873018, "reusita": 80.59701492537313, "cnt": 67}, "GENERAL": {"medie": 6.864516129032261, "reusita": 65.67164179104478, "cnt": 67}, "ISTORIE": {"medie": 6.596031746031748, "reusita": 85.07462686567165, "cnt": 67}, "GEOGRAFIE": {"medie": 7.427000000000003, "reusita": 86.79245283018868, "cnt": 53}, "PSIHOLOGIE": {"medie": 5.633333333333333, "reusita": 100.0, "cnt": 3}, "FILOSOFIE": {"medie": 10.0, "reusita": 100.0, "cnt": 1}, "ECONOMIE": {"medie": 7.85, "reusita": 100.0, "cnt": 1}, "LOGICA, ARGUMENTARE SI COMUNICARE": {"medie": 8.594444444444445, "reusita": 100.0, "cnt": 9}}, "nume": "COLEGIUL NATIONAL DE MUZICA \"GEORGE ENESCU\"\tBucure\u0219ti"}