{"specializari": {"STIINTE ALE NATURII": 25, "TEHNICIAN IN INDUSTRIA TEXTILA": 1, "MATEMATICA-INFORMATICA": 30, "FILOLOGIE": 82, "LICEU CU PROGRAM SPORTIV": 1}, "limba_moderna": {"LIMBA ENGLEZA": 135, "LIMBA FRANCEZA": 4}, "limba_materna": {"LIMBA ROMANA": 139}, "promotie_anterioara": {"DA": 4, "NU": 135}, "materii": {"LIMBA ROMANA": {"medie": 6.8696721311475395, "reusita": 78.41726618705036, "cnt": 139}, "MATEMATICA MATE-INFO": {"medie": 8.501785714285715, "reusita": 90.0, "cnt": 30}, "BIOLOGIE VEGETALA SI ANIMALA": {"medie": 2.8, "reusita": 0.0, "cnt": 1}, "GENERAL": {"medie": 7.565694444444445, "reusita": 75.53956834532374, "cnt": 139}, "ISTORIE": {"medie": 7.355882352941176, "reusita": 78.3132530120482, "cnt": 83}, "GEOGRAFIE": {"medie": 8.178125000000001, "reusita": 77.21518987341773, "cnt": 79}, "MATEMATICA ST-NAT": {"medie": 7.547916666666667, "reusita": 96.0, "cnt": 25}, "ANATOMIE SI FIZIOLOGIE UMANA, GENETICA SI ECOLOGIE UMANA": {"medie": 8.08627450980392, "reusita": 96.22641509433963, "cnt": 53}, "FIZICA TEO": {"medie": 9.8, "reusita": 50.0, "cnt": 2}, "MATEMATICA TEHN": {"medie": 7.65, "reusita": 100.0, "cnt": 1}, "LOGICA, ARGUMENTARE SI COMUNICARE": {"medie": 9.5125, "reusita": 100.0, "cnt": 4}}, "nume": "COLEGIUL NATIONAL \"OCTAVIAN GOGA\" MARGHITA\tBihor"}