{"specializari": {"FILOLOGIE": 35, "STIINTE SOCIALE": 68, "MATEMATICA-INFORMATICA": 46, "STIINTE ALE NATURII": 58}, "limba_moderna": {"LIMBA FRANCEZA": 29, "LIMBA ENGLEZA": 160, "LIMBA GERMANA MODERNA": 18}, "limba_materna": {"LIMBA ROMANA": 207}, "promotie_anterioara": {"NU": 206, "DA": 1}, "materii": {"LIMBA ROMANA": {"medie": 8.063349514563107, "reusita": 99.51690821256038, "cnt": 207}, "MATEMATICA MATE-INFO": {"medie": 8.459782608695653, "reusita": 100.0, "cnt": 46}, "GENERAL": {"medie": 8.244255663430417, "reusita": 93.23671497584542, "cnt": 207}, "CHIMIE ORGANICA TEO NIVEL I/II": {"medie": 7.7299999999999995, "reusita": 100.0, "cnt": 10}, "INFORMATICA MI C/C++": {"medie": 9.046875, "reusita": 100.0, "cnt": 16}, "CHIMIE ANORGANICA TEO NIVEL I/II": {"medie": 5.05, "reusita": 100.0, "cnt": 1}, "ISTORIE": {"medie": 8.20194174757282, "reusita": 99.02912621359224, "cnt": 103}, "GEOGRAFIE": {"medie": 8.447674418604649, "reusita": 100.0, "cnt": 43}, "PSIHOLOGIE": {"medie": 9.225000000000001, "reusita": 100.0, "cnt": 2}, "MATEMATICA ST-NAT": {"medie": 7.6807017543859635, "reusita": 91.37931034482759, "cnt": 58}, "ANATOMIE SI FIZIOLOGIE UMANA, GENETICA SI ECOLOGIE UMANA": {"medie": 8.29662162162162, "reusita": 97.33333333333334, "cnt": 75}, "FIZICA TEO": {"medie": 9.7, "reusita": 100.0, "cnt": 1}, "FILOSOFIE": {"medie": 9.5, "reusita": 100.0, "cnt": 3}, "INFORMATICA SN C/C++": {"medie": 8.4, "reusita": 100.0, "cnt": 1}, "LOGICA, ARGUMENTARE SI COMUNICARE": {"medie": 8.96, "reusita": 96.36363636363636, "cnt": 55}}, "nume": "COLEGIUL NATIONAL \"EUDOXIU HURMUZACHI\" RADAUTI\tSuceava"}