{"specializari": {"TEHNICIAN IN ADMINISTRATIE": 20, "TEHNICIAN IN ACTIVITATI ECONOMICE": 30, "TEHNICIAN ANALIZE PRODUSE ALIMENTARE": 15, "TEHNICIAN IN GASTRONOMIE": 20, "TEHNICIAN IN ACTIVITATI DE COMERT": 12, "TEHNICIAN IN HOTELARIE": 10, "TEHNICIAN IN INDUSTRIA ALIMENTARA": 2, "TEHNICIAN IN TURISM": 4, "TEHNICIAN IN ACHIZITII SI CONTRACTARI": 4}, "limba_moderna": {"LIMBA ENGLEZA": 91, "LIMBA FRANCEZA": 15, "LIMBA GERMANA MODERNA": 11}, "limba_materna": {"LIMBA ROMANA": 117}, "promotie_anterioara": {"NU": 84, "DA": 33}, "materii": {"LIMBA ROMANA": {"medie": 5.477678571428569, "reusita": 74.35897435897436, "cnt": 117}, "BIOLOGIE VEGETALA SI ANIMALA": {"medie": 3.58125, "reusita": 22.22222222222222, "cnt": 9}, "GENERAL": {"medie": 5.3805295950155765, "reusita": 36.75213675213676, "cnt": 117}, "GEOGRAFIE": {"medie": 5.652127659574466, "reusita": 68.68686868686868, "cnt": 99}, "ANATOMIE SI FIZIOLOGIE UMANA, GENETICA SI ECOLOGIE UMANA": {"medie": 5.21875, "reusita": 75.0, "cnt": 8}, "MATEMATICA TEHN": {"medie": 5.147222222222222, "reusita": 52.991452991452995, "cnt": 117}, "ECONOMIE": {"medie": 2.7, "reusita": 0.0, "cnt": 1}}, "nume": "COLEGIUL ECONOMIC AL BANATULUI MONTAN RESITA\tCara\u0219-Severin"}