{"specializari": {"TEHNICIAN ECOLOG SI PROTECTIA CALITATII MEDIULUI": 7, "TEHNICIAN DESENATOR PENTRU CONSTRUCTII SI INSTALATII": 46, "TEHNICIAN ELECTROTEHNIST": 1, "ARHITECTURA, ARTE AMBIENTALE SI DESIGN": 19, "MATEMATICA-INFORMATICA": 10, "TEHNICIAN PROIECTANT CAD": 12, "TEHNICIAN ELECTRICIAN/ELECTRONIST AUTO": 10, "TEHNICIAN IN CONSTRUCTII SI LUCRARI PUBLICE": 6, "TEHNICIAN TRANSPORTURI": 2, "TEHNICIAN DESIGNER MOBILA SI AMENAJARI INTERIOARE": 2, "TEHNICIAN OPERATOR TEHNICA DE CALCUL": 2, "TEHNICIAN HIDRO-METEOROLOG": 1}, "limba_moderna": {"LIMBA FRANCEZA": 10, "LIMBA ENGLEZA": 101, "LIMBA RUSA": 7}, "limba_materna": {"LIMBA ROMANA": 118}, "promotie_anterioara": {"NU": 55, "DA": 63}, "materii": {"LIMBA ROMANA": {"medie": 6.0444915254237275, "reusita": 88.13559322033898, "cnt": 118}, "MATEMATICA MATE-INFO": {"medie": 7.4, "reusita": 90.0, "cnt": 10}, "BIOLOGIE VEGETALA SI ANIMALA": {"medie": 4.816666666666666, "reusita": 53.57142857142857, "cnt": 56}, "GENERAL": {"medie": 6.279166666666667, "reusita": 54.23728813559322, "cnt": 118}, "CHIMIE ORGANICA TEO NIVEL I/II": {"medie": 9.5, "reusita": 100.0, "cnt": 1}, "INFORMATICA MI C/C++": {"medie": 9.0, "reusita": 100.0, "cnt": 1}, "ISTORIE": {"medie": 6.594736842105264, "reusita": 94.73684210526315, "cnt": 19}, "GEOGRAFIE": {"medie": 7.707894736842104, "reusita": 100.0, "cnt": 19}, "ANATOMIE SI FIZIOLOGIE UMANA, GENETICA SI ECOLOGIE UMANA": {"medie": 4.999999999999999, "reusita": 60.0, "cnt": 5}, "FIZICA TEO": {"medie": 6.05, "reusita": 100.0, "cnt": 5}, "MATEMATICA TEHN": {"medie": 6.7261627906976775, "reusita": 88.76404494382022, "cnt": 89}, "FIZICA TEH": {"medie": 6.31764705882353, "reusita": 77.77777777777779, "cnt": 18}, "CHIMIE ANORGANICA TEH NIVEL I/II": {"medie": 4.49, "reusita": 40.0, "cnt": 5}, "CHIMIE ORGANICA TEH NIVEL I/II": {"medie": 7.6125, "reusita": 100.0, "cnt": 8}}, "nume": "COLEGIUL TEHNIC \"GHEORGHE ASACHI\", IASI\tIa\u0219i"}