{"specializari": {"MATEMATICA-INFORMATICA": 75, "STIINTE ALE NATURII": 66, "FILOLOGIE": 34, "STIINTE SOCIALE": 42, "LICEU CU PROGRAM SPORTIV": 37}, "limba_moderna": {"LIMBA ENGLEZA": 237, "LIMBA FRANCEZA": 15, "LIMBA GERMANA MODERNA": 2}, "limba_materna": {"LIMBA ROMANA": 254}, "promotie_anterioara": {"NU": 247, "DA": 7}, "materii": {"LIMBA ROMANA": {"medie": 7.96811023622047, "reusita": 98.81889763779527, "cnt": 254}, "MATEMATICA MATE-INFO": {"medie": 8.572666666666665, "reusita": 98.66666666666667, "cnt": 75}, "BIOLOGIE VEGETALA SI ANIMALA": {"medie": 8.79090909090909, "reusita": 100.0, "cnt": 22}, "GENERAL": {"medie": 8.078590250329384, "reusita": 94.09448818897637, "cnt": 254}, "CHIMIE ORGANICA TEO NIVEL I/II": {"medie": 8.785, "reusita": 100.0, "cnt": 10}, "INFORMATICA MI C/C++": {"medie": 8.853846153846156, "reusita": 100.0, "cnt": 39}, "CHIMIE ANORGANICA TEO NIVEL I/II": {"medie": 8.85, "reusita": 100.0, "cnt": 2}, "ISTORIE": {"medie": 7.006194690265489, "reusita": 97.34513274336283, "cnt": 113}, "GEOGRAFIE": {"medie": 8.534117647058823, "reusita": 98.83720930232558, "cnt": 86}, "PSIHOLOGIE": {"medie": 8.64, "reusita": 100.0, "cnt": 5}, "MATEMATICA ST-NAT": {"medie": 8.310606060606059, "reusita": 100.0, "cnt": 66}, "ANATOMIE SI FIZIOLOGIE UMANA, GENETICA SI ECOLOGIE UMANA": {"medie": 8.743902439024392, "reusita": 97.5609756097561, "cnt": 41}, "FIZICA TEO": {"medie": 6.735714285714285, "reusita": 90.47619047619048, "cnt": 21}, "INFORMATICA SN C/C++": {"medie": 9.2, "reusita": 100.0, "cnt": 1}, "ECONOMIE": {"medie": 8.75, "reusita": 100.0, "cnt": 3}, "LOGICA, ARGUMENTARE SI COMUNICARE": {"medie": 8.9, "reusita": 100.0, "cnt": 1}, "SOCIOLOGIE": {"medie": 8.249999999999998, "reusita": 94.44444444444444, "cnt": 18}, "INFORMATICA MI PASCAL": {"medie": 6.109999999999999, "reusita": 100.0, "cnt": 5}}, "nume": "COLEGIUL NATIONAL MIRCEA CEL BATRAN, MUN. RM. VALCEA\tV\u00e2lcea"}