{"specializari": {"STIINTE SOCIALE": 33, "TEHNICIAN IN ACTIVITATI ECONOMICE": 31, "MATEMATICA-INFORMATICA": 26, "STIINTE ALE NATURII": 48, "FILOLOGIE": 34}, "limba_moderna": {"LIMBA ENGLEZA": 129, "LIMBA FRANCEZA": 43}, "limba_materna": {"LIMBA ROMANA": 172}, "promotie_anterioara": {"NU": 164, "DA": 8}, "materii": {"LIMBA ROMANA": {"medie": 6.805325443786985, "reusita": 93.02325581395348, "cnt": 172}, "MATEMATICA MATE-INFO": {"medie": 8.276923076923078, "reusita": 100.0, "cnt": 26}, "GENERAL": {"medie": 7.391717171717169, "reusita": 79.65116279069767, "cnt": 172}, "INFORMATICA MI C/C++": {"medie": 9.65, "reusita": 100.0, "cnt": 1}, "CHIMIE ANORGANICA TEO NIVEL I/II": {"medie": 7.1625, "reusita": 93.10344827586206, "cnt": 29}, "ISTORIE": {"medie": 7.047727272727272, "reusita": 95.52238805970148, "cnt": 67}, "GEOGRAFIE": {"medie": 8.347101449275362, "reusita": 98.57142857142858, "cnt": 70}, "PSIHOLOGIE": {"medie": 8.775, "reusita": 100.0, "cnt": 2}, "MATEMATICA ST-NAT": {"medie": 6.220000000000001, "reusita": 87.5, "cnt": 48}, "ANATOMIE SI FIZIOLOGIE UMANA, GENETICA SI ECOLOGIE UMANA": {"medie": 6.822972972972974, "reusita": 89.1891891891892, "cnt": 37}, "FIZICA TEO": {"medie": 6.65, "reusita": 100.0, "cnt": 7}, "MATEMATICA TEHN": {"medie": 9.21774193548387, "reusita": 100.0, "cnt": 31}, "LOGICA, ARGUMENTARE SI COMUNICARE": {"medie": 8.461538461538462, "reusita": 100.0, "cnt": 26}}, "nume": "COLEGIUL NATIONAL \"STEFAN CEL MARE\", HARLAU\tIa\u0219i"}