{"specializari": {"TEHNICIAN IN ACTIVITATI ECONOMICE": 106, "TEHNICIAN IN GASTRONOMIE": 47, "TEHNICIAN IN ACTIVITATI DE COMERT": 28, "TEHNICIAN IN HOTELARIE": 1, "TEHNICIAN IN ACHIZITII SI CONTRACTARI": 30, "TEHNICIAN IN ADMINISTRATIE": 27, "ORGANIZATOR BANQUETING": 27}, "limba_moderna": {"LIMBA ENGLEZA": 245, "LIMBA FRANCEZA": 21}, "limba_materna": {"LIMBA ROMANA": 266}, "promotie_anterioara": {"NU": 249, "DA": 17}, "materii": {"LIMBA ROMANA": {"medie": 6.919886363636364, "reusita": 93.23308270676691, "cnt": 266}, "GENERAL": {"medie": 7.936248415716099, "reusita": 88.34586466165413, "cnt": 266}, "GEOGRAFIE": {"medie": 8.39166666666666, "reusita": 98.0392156862745, "cnt": 255}, "PSIHOLOGIE": {"medie": 5.4, "reusita": 100.0, "cnt": 1}, "MATEMATICA TEHN": {"medie": 8.494106463878321, "reusita": 93.60902255639097, "cnt": 266}, "ECONOMIE": {"medie": 8.44, "reusita": 100.0, "cnt": 10}}, "nume": "COLEGIUL ECONOMIC \"ION GHICA\" TARGOVISTE\tD\u00e2mbovi\u021ba"}