{"specializari": {"MATEMATICA-INFORMATICA": 44, "TEHNICIAN IN ACTIVITATI ECONOMICE": 1, "FILOLOGIE": 33, "TEHNICIAN IN TURISM": 35, "ORGANIZATOR BANQUETING": 24, "TEHNICIAN MECANIC PENTRU INTRETINERE SI REPARATII": 4, "TEHNICIAN IN GASTRONOMIE": 1, "STIINTE ALE NATURII": 1}, "limba_moderna": {"LIMBA ENGLEZA": 118, "LIMBA FRANCEZA": 25}, "limba_materna": {"LIMBA ROMANA": 143}, "promotie_anterioara": {"NU": 129, "DA": 14}, "materii": {"LIMBA ROMANA": {"medie": 6.390647482014389, "reusita": 76.22377622377621, "cnt": 143}, "MATEMATICA MATE-INFO": {"medie": 8.579545454545453, "reusita": 97.72727272727273, "cnt": 44}, "BIOLOGIE VEGETALA SI ANIMALA": {"medie": 7.036666666666666, "reusita": 80.0, "cnt": 15}, "GENERAL": {"medie": 6.8971604938271565, "reusita": 64.33566433566433, "cnt": 143}, "CHIMIE ORGANICA TEO NIVEL I/II": {"medie": 8.9625, "reusita": 100.0, "cnt": 8}, "CHIMIE ANORGANICA TEO NIVEL I/II": {"medie": 5.325, "reusita": 50.0, "cnt": 4}, "ISTORIE": {"medie": 7.127272727272728, "reusita": 96.96969696969697, "cnt": 33}, "GEOGRAFIE": {"medie": 6.865384615384614, "reusita": 78.04878048780488, "cnt": 82}, "PSIHOLOGIE": {"medie": 5.05, "reusita": 100.0, "cnt": 2}, "MATEMATICA ST-NAT": {"medie": 6.6, "reusita": 100.0, "cnt": 1}, "ANATOMIE SI FIZIOLOGIE UMANA, GENETICA SI ECOLOGIE UMANA": {"medie": 6.716666666666666, "reusita": 100.0, "cnt": 3}, "FIZICA TEO": {"medie": 7.654166666666668, "reusita": 100.0, "cnt": 12}, "MATEMATICA TEHN": {"medie": 5.938333333333334, "reusita": 60.0, "cnt": 65}, "FIZICA TEH": {"medie": 2.8, "reusita": 0.0, "cnt": 1}, "ECONOMIE": {"medie": 7.044444444444445, "reusita": 88.88888888888889, "cnt": 9}, "LOGICA, ARGUMENTARE SI COMUNICARE": {"medie": 5.6, "reusita": 100.0, "cnt": 1}, "INFORMATICA MI PASCAL": {"medie": 8.966666666666667, "reusita": 100.0, "cnt": 6}}, "nume": "COLEGIUL \"MIHAIL CANTACUZINO\", ORASUL SINAIA\tPrahova"}