{"specializari": {"MATEMATICA-INFORMATICA": 142, "STIINTE ALE NATURII": 32, "STIINTE SOCIALE": 68, "FILOLOGIE": 35}, "limba_moderna": {"LIMBA ENGLEZA": 243, "LIMBA FRANCEZA": 34}, "limba_materna": {"LIMBA ROMANA": 277}, "promotie_anterioara": {"NU": 275, "DA": 2}, "materii": {"LIMBA ROMANA": {"medie": 8.257581227436827, "reusita": 99.63898916967509, "cnt": 277}, "MATEMATICA MATE-INFO": {"medie": 9.10105633802817, "reusita": 99.29577464788733, "cnt": 142}, "BIOLOGIE VEGETALA SI ANIMALA": {"medie": 8.836538461538463, "reusita": 100.0, "cnt": 26}, "GENERAL": {"medie": 8.707460890493385, "reusita": 97.47292418772562, "cnt": 277}, "CHIMIE ORGANICA TEO NIVEL I/II": {"medie": 9.277380952380948, "reusita": 100.0, "cnt": 42}, "INFORMATICA MI C/C++": {"medie": 9.038636363636364, "reusita": 100.0, "cnt": 44}, "CHIMIE ANORGANICA TEO NIVEL I/II": {"medie": 7.875000000000001, "reusita": 100.0, "cnt": 4}, "ISTORIE": {"medie": 8.572815533980583, "reusita": 100.0, "cnt": 103}, "GEOGRAFIE": {"medie": 9.350000000000001, "reusita": 100.0, "cnt": 9}, "PSIHOLOGIE": {"medie": 9.85, "reusita": 100.0, "cnt": 6}, "MATEMATICA ST-NAT": {"medie": 9.020312500000001, "reusita": 100.0, "cnt": 32}, "ANATOMIE SI FIZIOLOGIE UMANA, GENETICA SI ECOLOGIE UMANA": {"medie": 9.204166666666667, "reusita": 100.0, "cnt": 24}, "FIZICA TEO": {"medie": 7.98125, "reusita": 96.875, "cnt": 32}, "FILOSOFIE": {"medie": 9.55, "reusita": 100.0, "cnt": 2}, "INFORMATICA SN C/C++": {"medie": 6.4, "reusita": 100.0, "cnt": 1}, "ECONOMIE": {"medie": 9.115, "reusita": 100.0, "cnt": 20}, "LOGICA, ARGUMENTARE SI COMUNICARE": {"medie": 9.5578125, "reusita": 100.0, "cnt": 32}, "SOCIOLOGIE": {"medie": 8.62205882352941, "reusita": 100.0, "cnt": 34}, "INFORMATICA MI PASCAL": {"medie": 9.6, "reusita": 100.0, "cnt": 1}}, "nume": "COLEGIUL NATIONAL \"GHEORGHE LAZAR\"\tBucure\u0219ti"}