{"specializari": {"MATEMATICA-INFORMATICA": 55, "STIINTE ALE NATURII": 61, "STIINTE SOCIALE": 28}, "limba_moderna": {"LIMBA ENGLEZA": 108, "LIMBA FRANCEZA": 35, "LIMBA GERMANA MODERNA": 1}, "limba_materna": {"LIMBA ROMANA": 144}, "promotie_anterioara": {"NU": 144}, "materii": {"LIMBA ROMANA": {"medie": 8.772569444444443, "reusita": 100.0, "cnt": 144}, "MATEMATICA MATE-INFO": {"medie": 9.195454545454545, "reusita": 100.0, "cnt": 55}, "BIOLOGIE VEGETALA SI ANIMALA": {"medie": 9.1375, "reusita": 100.0, "cnt": 8}, "GENERAL": {"medie": 9.053240740740746, "reusita": 100.0, "cnt": 144}, "CHIMIE ORGANICA TEO NIVEL I/II": {"medie": 9.276249999999997, "reusita": 100.0, "cnt": 40}, "INFORMATICA MI C/C++": {"medie": 9.149999999999997, "reusita": 100.0, "cnt": 34}, "CHIMIE ANORGANICA TEO NIVEL I/II": {"medie": 9.016666666666666, "reusita": 100.0, "cnt": 9}, "ISTORIE": {"medie": 9.542857142857144, "reusita": 100.0, "cnt": 28}, "GEOGRAFIE": {"medie": 9.65, "reusita": 100.0, "cnt": 6}, "PSIHOLOGIE": {"medie": 9.7, "reusita": 100.0, "cnt": 1}, "MATEMATICA ST-NAT": {"medie": 9.059016393442624, "reusita": 100.0, "cnt": 61}, "ANATOMIE SI FIZIOLOGIE UMANA, GENETICA SI ECOLOGIE UMANA": {"medie": 9.5, "reusita": 100.0, "cnt": 4}, "FIZICA TEO": {"medie": 8.57142857142857, "reusita": 100.0, "cnt": 21}, "FILOSOFIE": {"medie": 9.5, "reusita": 100.0, "cnt": 2}, "ECONOMIE": {"medie": 9.466666666666667, "reusita": 100.0, "cnt": 3}, "LOGICA, ARGUMENTARE SI COMUNICARE": {"medie": 9.523333333333333, "reusita": 100.0, "cnt": 15}, "SOCIOLOGIE": {"medie": 9.95, "reusita": 100.0, "cnt": 1}}, "nume": "COLEGIUL NATIONAL \"ANDREI SAGUNA\" BRASOV\tBra\u0219ov"}