{"specializari": {"MATEMATICA-INFORMATICA": 62, "TEHNICIAN PROIECTANT CAD": 53, "TEHNICIAN IN TURISM": 60, "TEHNICIAN TRANSPORTURI": 29, "TEHNICIAN MECANIC PENTRU INTRETINERE SI REPARATII": 1, "TEHNICIAN PRELUCRARI MECANICE": 1, "TEHNICIAN IN INSTALATII ELECTRICE": 4, "TEHNICIAN IN HOTELARIE": 16}, "limba_moderna": {"LIMBA ENGLEZA": 206, "LIMBA FRANCEZA": 20}, "limba_materna": {"LIMBA ROMANA": 226}, "promotie_anterioara": {"NU": 136, "DA": 90}, "materii": {"LIMBA ROMANA": {"medie": 4.840640394088671, "reusita": 57.07964601769911, "cnt": 226}, "MATEMATICA MATE-INFO": {"medie": 3.8602272727272733, "reusita": 29.03225806451613, "cnt": 62}, "BIOLOGIE VEGETALA SI ANIMALA": {"medie": 4.790909090909092, "reusita": 40.0, "cnt": 115}, "GENERAL": {"medie": 5.158377896613189, "reusita": 24.336283185840706, "cnt": 226}, "CHIMIE ANORGANICA TEO NIVEL I/II": {"medie": 5.375, "reusita": 100.0, "cnt": 2}, "GEOGRAFIE": {"medie": 7.367333333333335, "reusita": 94.73684210526315, "cnt": 76}, "ANATOMIE SI FIZIOLOGIE UMANA, GENETICA SI ECOLOGIE UMANA": {"medie": 5.908333333333332, "reusita": 66.66666666666666, "cnt": 6}, "MATEMATICA TEHN": {"medie": 4.96689189189189, "reusita": 58.536585365853654, "cnt": 164}, "FIZICA TEH": {"medie": 5.7, "reusita": 100.0, "cnt": 1}, "CHIMIE ANORGANICA TEH NIVEL I/II": {"medie": 4.322727272727272, "reusita": 34.61538461538461, "cnt": 26}}, "nume": "COLEGIUL TEHNOLOGIC \"GRIGORE CERCHEZ\"\tBucure\u0219ti"}