{"specializari": {"FILOLOGIE": 21, "STIINTE ALE NATURII": 33, "TEHNICIAN IN ACTIVITATI ECONOMICE": 31, "MATEMATICA-INFORMATICA": 33}, "limba_moderna": {"LIMBA ENGLEZA": 116, "LIMBA GERMANA MODERNA": 2}, "limba_materna": {"LIMBA MAGHIARA": 118}, "promotie_anterioara": {"NU": 101, "DA": 17}, "materii": {"LIMBA ROMANA": {"medie": 6.450854700854702, "reusita": 88.13559322033898, "cnt": 118}, "MATEMATICA MATE-INFO": {"medie": 8.466666666666667, "reusita": 100.0, "cnt": 33}, "BIOLOGIE VEGETALA SI ANIMALA": {"medie": 6.884042553191488, "reusita": 85.41666666666666, "cnt": 48}, "GENERAL": {"medie": 7.207371794871794, "reusita": 74.57627118644068, "cnt": 118}, "CHIMIE ORGANICA TEO NIVEL I/II": {"medie": 7.9875, "reusita": 100.0, "cnt": 4}, "INFORMATICA MI C/C++": {"medie": 8.18125, "reusita": 87.5, "cnt": 8}, "ISTORIE": {"medie": 7.3880952380952385, "reusita": 100.0, "cnt": 21}, "GEOGRAFIE": {"medie": 7.7894736842105265, "reusita": 100.0, "cnt": 38}, "PSIHOLOGIE": {"medie": 6.38125, "reusita": 100.0, "cnt": 8}, "MATEMATICA ST-NAT": {"medie": 4.965625, "reusita": 57.57575757575758, "cnt": 33}, "ANATOMIE SI FIZIOLOGIE UMANA, GENETICA SI ECOLOGIE UMANA": {"medie": 8.3, "reusita": 100.0, "cnt": 5}, "FIZICA TEO": {"medie": 5.75, "reusita": 100.0, "cnt": 1}, "MATEMATICA TEHN": {"medie": 8.540322580645162, "reusita": 100.0, "cnt": 31}, "LOGICA, ARGUMENTARE SI COMUNICARE": {"medie": 6.8, "reusita": 100.0, "cnt": 2}, "SOCIOLOGIE": {"medie": 6.800000000000001, "reusita": 100.0, "cnt": 4}, "LIMBA MAGHIARA (REAL)": {"medie": 7.858854166666668, "reusita": 98.96907216494846, "cnt": 97}, "LIMBA MAGHIARA (UMAN)": {"medie": 7.1238095238095225, "reusita": 100.0, "cnt": 21}}, "nume": "COLEGIUL NATIONAL \"APRILY LAJOS\" BRASOV\tBra\u0219ov"}