{"specializari": {"MATEMATICA-INFORMATICA": 71, "STIINTE ALE NATURII": 33, "FILOLOGIE": 62, "STIINTE SOCIALE": 37}, "limba_moderna": {"LIMBA ENGLEZA": 166, "LIMBA FRANCEZA": 37}, "limba_materna": {"LIMBA ROMANA": 203}, "promotie_anterioara": {"NU": 203}, "materii": {"LIMBA ROMANA": {"medie": 8.153448275862068, "reusita": 99.01477832512316, "cnt": 203}, "MATEMATICA MATE-INFO": {"medie": 9.183098591549296, "reusita": 100.0, "cnt": 71}, "BIOLOGIE VEGETALA SI ANIMALA": {"medie": 8.090789473684211, "reusita": 97.36842105263158, "cnt": 38}, "GENERAL": {"medie": 8.437027914614118, "reusita": 96.05911330049261, "cnt": 203}, "CHIMIE ORGANICA TEO NIVEL I/II": {"medie": 9.343333333333335, "reusita": 100.0, "cnt": 30}, "CHIMIE ANORGANICA TEO NIVEL I/II": {"medie": 8.975, "reusita": 100.0, "cnt": 4}, "ISTORIE": {"medie": 7.884848484848483, "reusita": 100.0, "cnt": 99}, "GEOGRAFIE": {"medie": 8.967307692307692, "reusita": 100.0, "cnt": 52}, "MATEMATICA ST-NAT": {"medie": 9.118181818181817, "reusita": 100.0, "cnt": 33}, "ANATOMIE SI FIZIOLOGIE UMANA, GENETICA SI ECOLOGIE UMANA": {"medie": 9.2125, "reusita": 100.0, "cnt": 4}, "FIZICA TEO": {"medie": 8.45, "reusita": 100.0, "cnt": 4}, "ECONOMIE": {"medie": 8.725, "reusita": 100.0, "cnt": 2}, "LOGICA, ARGUMENTARE SI COMUNICARE": {"medie": 9.466666666666667, "reusita": 100.0, "cnt": 15}, "SOCIOLOGIE": {"medie": 7.2716666666666665, "reusita": 100.0, "cnt": 30}, "INFORMATICA MI PASCAL": {"medie": 8.804166666666667, "reusita": 100.0, "cnt": 24}}, "nume": "COLEGIUL NATIONAL \"HOREA CLOSCA SI CRISAN\" ALBA IULIA\tAlba"}