{"specializari": {"TEHNICIAN IN ACTIVITATI DE COMERT": 1, "TEHNICIAN IN ACTIVITATI ECONOMICE": 16, "TEHNICIAN OPERATOR PROCESARE TEXT IMAGINE": 14, "TEHNICIAN ANALIZE PRODUSE ALIMENTARE": 5, "TEHNICIAN VETERINAR": 1, "TEHNICIAN IN TURISM": 17}, "limba_moderna": {"LIMBA ENGLEZA": 48, "LIMBA GERMANA MODERNA": 6}, "limba_materna": {"LIMBA MAGHIARA": 54}, "promotie_anterioara": {"DA": 13, "NU": 41}, "materii": {"LIMBA ROMANA": {"medie": 3.3205882352941183, "reusita": 22.22222222222222, "cnt": 54}, "BIOLOGIE VEGETALA SI ANIMALA": {"medie": 5.303571428571429, "reusita": 71.42857142857143, "cnt": 14}, "GENERAL": {"medie": 5.66775, "reusita": 14.814814814814813, "cnt": 54}, "GEOGRAFIE": {"medie": 6.613793103448274, "reusita": 96.66666666666667, "cnt": 30}, "ANATOMIE SI FIZIOLOGIE UMANA, GENETICA SI ECOLOGIE UMANA": {"medie": 6.7299999999999995, "reusita": 83.33333333333334, "cnt": 6}, "MATEMATICA TEHN": {"medie": 6.791509433962264, "reusita": 90.74074074074075, "cnt": 54}, "ECONOMIE": {"medie": 5.300000000000001, "reusita": 50.0, "cnt": 4}, "LIMBA MAGHIARA (REAL)": {"medie": 6.2375000000000025, "reusita": 90.74074074074075, "cnt": 54}}, "nume": "COLEGIUL TEHNIC \"BATTHYANY IGNAC\" GHEORGHENI\tHarghita"}