{"specializari": {"MATEMATICA-INFORMATICA": 59, "STIINTE ALE NATURII": 58, "FILOLOGIE": 31, "STIINTE SOCIALE": 32}, "limba_moderna": {"LIMBA ENGLEZA": 145, "LIMBA FRANCEZA": 35}, "limba_materna": {"LIMBA ROMANA": 180}, "promotie_anterioara": {"NU": 173, "DA": 7}, "materii": {"LIMBA ROMANA": {"medie": 6.6290502793296096, "reusita": 96.11111111111111, "cnt": 180}, "MATEMATICA MATE-INFO": {"medie": 7.93189655172414, "reusita": 89.83050847457628, "cnt": 59}, "BIOLOGIE VEGETALA SI ANIMALA": {"medie": 6.05, "reusita": 100.0, "cnt": 1}, "GENERAL": {"medie": 7.250749063670417, "reusita": 84.44444444444444, "cnt": 180}, "ISTORIE": {"medie": 6.991269841269843, "reusita": 96.82539682539682, "cnt": 63}, "GEOGRAFIE": {"medie": 8.163157894736845, "reusita": 98.24561403508771, "cnt": 57}, "MATEMATICA ST-NAT": {"medie": 6.852631578947369, "reusita": 89.65517241379311, "cnt": 58}, "ANATOMIE SI FIZIOLOGIE UMANA, GENETICA SI ECOLOGIE UMANA": {"medie": 7.76363636363636, "reusita": 96.0, "cnt": 100}, "FIZICA TEO": {"medie": 7.675, "reusita": 100.0, "cnt": 16}, "ECONOMIE": {"medie": 6.025, "reusita": 100.0, "cnt": 2}, "SOCIOLOGIE": {"medie": 8.1375, "reusita": 100.0, "cnt": 4}}, "nume": "COLEGIUL NATIONAL\"GRIGORE MOISIL\" URZICENI\tIalomi\u021ba"}