{"specializari": {"FILOLOGIE": 7}, "limba_moderna": {"LIMBA ENGLEZA": 7}, "limba_materna": {"LIMBA ROMANA": 7}, "promotie_anterioara": {"NU": 2, "DA": 5}, "materii": {"LIMBA ROMANA": {"medie": 4.3, "reusita": 28.57142857142857, "cnt": 7}, "GENERAL": {"medie": 4.596666666666666, "reusita": 14.285714285714285, "cnt": 7}, "ISTORIE": {"medie": 5.158333333333332, "reusita": 57.14285714285714, "cnt": 7}, "GEOGRAFIE": {"medie": 5.328571428571429, "reusita": 71.42857142857143, "cnt": 7}}, "nume": "COLEGIUL PARTICULAR \"DIMITRIE CANTEMIR\" GALATI\tGala\u021bi"}