{"specializari": {"MATEMATICA-INFORMATICA": 88, "STIINTE ALE NATURII": 32, "STIINTE SOCIALE": 33, "FILOLOGIE": 31}, "limba_moderna": {"LIMBA ENGLEZA": 169, "LIMBA FRANCEZA": 15}, "limba_materna": {"LIMBA ROMANA": 184}, "promotie_anterioara": {"NU": 181, "DA": 3}, "materii": {"LIMBA ROMANA": {"medie": 7.54021739130435, "reusita": 98.91304347826086, "cnt": 184}, "MATEMATICA MATE-INFO": {"medie": 8.498295454545456, "reusita": 100.0, "cnt": 88}, "GENERAL": {"medie": 8.191941391941391, "reusita": 96.73913043478261, "cnt": 184}, "CHIMIE ORGANICA TEO NIVEL I/II": {"medie": 9.12692307692308, "reusita": 100.0, "cnt": 13}, "INFORMATICA MI C/C++": {"medie": 8.782000000000004, "reusita": 100.0, "cnt": 25}, "CHIMIE ANORGANICA TEO NIVEL I/II": {"medie": 7.35, "reusita": 100.0, "cnt": 1}, "ISTORIE": {"medie": 8.386718750000004, "reusita": 100.0, "cnt": 64}, "GEOGRAFIE": {"medie": 8.434545454545452, "reusita": 100.0, "cnt": 55}, "PSIHOLOGIE": {"medie": 9.283333333333333, "reusita": 100.0, "cnt": 6}, "MATEMATICA ST-NAT": {"medie": 8.140625, "reusita": 93.75, "cnt": 32}, "ANATOMIE SI FIZIOLOGIE UMANA, GENETICA SI ECOLOGIE UMANA": {"medie": 8.426119402985075, "reusita": 100.0, "cnt": 67}, "FIZICA TEO": {"medie": 8.635714285714284, "reusita": 100.0, "cnt": 14}, "LOGICA, ARGUMENTARE SI COMUNICARE": {"medie": 8.833333333333332, "reusita": 100.0, "cnt": 3}}, "nume": "COLEGIUL NATIONAL \"SPIRU HARET\", LOCALITATEA TECUCI\tGala\u021bi"}