{"specializari": {"TEHNICIAN ECOLOG SI PROTECTIA CALITATII MEDIULUI": 26, "TEHNICIAN IN CHIMIE INDUSTRIALA": 16, "TEHNICIAN CHIMIST DE LABORATOR": 24, "COAFOR STILIST": 2, "TEHNICIAN ELECTROTEHNIST": 1, "STIINTE ALE NATURII": 1}, "limba_moderna": {"LIMBA FRANCEZA": 37, "LIMBA ENGLEZA": 33}, "limba_materna": {"LIMBA ROMANA": 70}, "promotie_anterioara": {"NU": 50, "DA": 20}, "materii": {"LIMBA ROMANA": {"medie": 5.618115942028986, "reusita": 78.57142857142857, "cnt": 70}, "BIOLOGIE VEGETALA SI ANIMALA": {"medie": 4.656000000000001, "reusita": 40.74074074074074, "cnt": 27}, "GENERAL": {"medie": 6.09607843137255, "reusita": 45.714285714285715, "cnt": 70}, "CHIMIE ANORGANICA TEO NIVEL I/II": {"medie": 5.0, "reusita": 100.0, "cnt": 1}, "GEOGRAFIE": {"medie": 6.2, "reusita": 100.0, "cnt": 2}, "MATEMATICA ST-NAT": {"medie": 5.0, "reusita": 100.0, "cnt": 1}, "ANATOMIE SI FIZIOLOGIE UMANA, GENETICA SI ECOLOGIE UMANA": {"medie": 6.449999999999999, "reusita": 75.0, "cnt": 4}, "MATEMATICA TEHN": {"medie": 7.023134328358206, "reusita": 88.40579710144928, "cnt": 69}, "CHIMIE ANORGANICA TEH NIVEL I/II": {"medie": 6.243055555555555, "reusita": 94.44444444444444, "cnt": 36}}, "nume": "COLEGIUL TEHNIC \"ANA ASLAN\" CLUJ-NAPOCA\tCluj"}