{"specializari": {"TEHNICIAN IN INSTALATII ELECTRICE": 37, "TEHNICIAN MECANIC PENTRU INTRETINERE SI REPARATII": 66, "STIINTE ALE NATURII": 30, "TEHNICIAN IN AGROTURISM": 14, "MATEMATICA-INFORMATICA": 62, "TEHNICIAN DESIGNER VESTIMENTAR": 1, "TEHNICIAN ANALIZE PRODUSE ALIMENTARE": 1, "TEHNICIAN IN TURISM": 1, "TEHNICIAN IN AUTOMATIZARI": 1}, "limba_moderna": {"LIMBA FRANCEZA": 75, "LIMBA ENGLEZA": 138}, "limba_materna": {"LIMBA ROMANA": 213}, "promotie_anterioara": {"NU": 166, "DA": 47}, "materii": {"LIMBA ROMANA": {"medie": 5.382758620689657, "reusita": 62.91079812206573, "cnt": 213}, "MATEMATICA MATE-INFO": {"medie": 4.941071428571429, "reusita": 51.61290322580645, "cnt": 62}, "BIOLOGIE VEGETALA SI ANIMALA": {"medie": 4.258646616541353, "reusita": 38.297872340425535, "cnt": 141}, "GENERAL": {"medie": 5.643850000000002, "reusita": 35.68075117370892, "cnt": 213}, "INFORMATICA MI C/C++": {"medie": 7.3, "reusita": 100.0, "cnt": 1}, "GEOGRAFIE": {"medie": 8.0, "reusita": 100.0, "cnt": 1}, "MATEMATICA ST-NAT": {"medie": 5.624999999999999, "reusita": 96.66666666666667, "cnt": 30}, "ANATOMIE SI FIZIOLOGIE UMANA, GENETICA SI ECOLOGIE UMANA": {"medie": 8.509322033898304, "reusita": 98.30508474576271, "cnt": 59}, "MATEMATICA TEHN": {"medie": 6.417731092436976, "reusita": 90.9090909090909, "cnt": 121}, "CHIMIE ANORGANICA TEH NIVEL I/II": {"medie": 5.15, "reusita": 80.0, "cnt": 10}, "CHIMIE ORGANICA TEH NIVEL I/II": {"medie": 5.5, "reusita": 100.0, "cnt": 1}}, "nume": "COLEGIUL TEHNOLOGIC \"CONSTANTIN BRANCOVEANU\"\tMehedin\u021bi"}