{"specializari": {"MATEMATICA-INFORMATICA": 112, "STIINTE SOCIALE": 62, "FILOLOGIE": 53, "STIINTE ALE NATURII": 35}, "limba_moderna": {"LIMBA ENGLEZA": 200, "LIMBA FRANCEZA": 44, "LIMBA SPANIOLA": 4, "LIMBA GERMANA MODERNA": 14}, "limba_materna": {"LIMBA ROMANA": 262}, "promotie_anterioara": {"NU": 262}, "materii": {"LIMBA ROMANA": {"medie": 8.721946564885494, "reusita": 100.0, "cnt": 262}, "MATEMATICA MATE-INFO": {"medie": 8.943750000000003, "reusita": 100.0, "cnt": 112}, "BIOLOGIE VEGETALA SI ANIMALA": {"medie": 8.916666666666666, "reusita": 100.0, "cnt": 3}, "GENERAL": {"medie": 8.82302798982189, "reusita": 99.61832061068702, "cnt": 262}, "CHIMIE ORGANICA TEO NIVEL I/II": {"medie": 9.011363636363635, "reusita": 100.0, "cnt": 22}, "INFORMATICA MI C/C++": {"medie": 9.3225, "reusita": 100.0, "cnt": 40}, "CHIMIE ANORGANICA TEO NIVEL I/II": {"medie": 9.6, "reusita": 100.0, "cnt": 1}, "ISTORIE": {"medie": 8.522608695652176, "reusita": 99.1304347826087, "cnt": 115}, "GEOGRAFIE": {"medie": 9.121739130434786, "reusita": 100.0, "cnt": 69}, "PSIHOLOGIE": {"medie": 8.649999999999999, "reusita": 100.0, "cnt": 6}, "MATEMATICA ST-NAT": {"medie": 8.975714285714286, "reusita": 100.0, "cnt": 35}, "ANATOMIE SI FIZIOLOGIE UMANA, GENETICA SI ECOLOGIE UMANA": {"medie": 9.063709677419354, "reusita": 100.0, "cnt": 62}, "FIZICA TEO": {"medie": 7.639473684210526, "reusita": 100.0, "cnt": 19}, "FILOSOFIE": {"medie": 10.0, "reusita": 100.0, "cnt": 1}, "ECONOMIE": {"medie": 8.625, "reusita": 100.0, "cnt": 10}, "LOGICA, ARGUMENTARE SI COMUNICARE": {"medie": 9.098214285714285, "reusita": 100.0, "cnt": 28}, "SOCIOLOGIE": {"medie": 6.9, "reusita": 100.0, "cnt": 1}}, "nume": "COLEGIUL NATIONAL \"PETRU RARES\" SUCEAVA\tSuceava"}