{"specializari": {"TEHNICIAN ANALIZE PRODUSE ALIMENTARE": 78, "TEHNICIAN ECOLOG SI PROTECTIA CALITATII MEDIULUI": 41, "TEHNICIAN IN TURISM": 20, "TEHNICIAN IN AUTOMATIZARI": 21, "TEHNICIAN MECATRONIST": 17, "TEHNICIAN IN INDUSTRIA ALIMENTARA": 5, "TEHNICIAN AGRONOM": 1, "TEHNICIAN MECANIC PENTRU INTRETINERE SI REPARATII": 1}, "limba_moderna": {"LIMBA ENGLEZA": 160, "LIMBA FRANCEZA": 24}, "limba_materna": {"LIMBA ROMANA": 184}, "promotie_anterioara": {"NU": 137, "DA": 47}, "materii": {"LIMBA ROMANA": {"medie": 5.311666666666668, "reusita": 70.1086956521739, "cnt": 184}, "BIOLOGIE VEGETALA SI ANIMALA": {"medie": 4.009615384615383, "reusita": 33.33333333333333, "cnt": 30}, "GENERAL": {"medie": 5.151754385964914, "reusita": 32.608695652173914, "cnt": 184}, "GEOGRAFIE": {"medie": 7.9925000000000015, "reusita": 95.0, "cnt": 20}, "ANATOMIE SI FIZIOLOGIE UMANA, GENETICA SI ECOLOGIE UMANA": {"medie": 5.214912280701756, "reusita": 59.82905982905983, "cnt": 117}, "MATEMATICA TEHN": {"medie": 4.676149425287356, "reusita": 53.2608695652174, "cnt": 184}, "FIZICA TEH": {"medie": 5.331818181818182, "reusita": 69.23076923076923, "cnt": 13}, "CHIMIE ANORGANICA TEH NIVEL I/II": {"medie": 6.1, "reusita": 100.0, "cnt": 4}}, "nume": "COLEGIUL TEHNIC DE INDUSTRIE ALIMENTARA SUCEAVA\tSuceava"}