{"specializari": {"TEHNICIAN OPERATOR TEHNICA DE CALCUL": 32, "TEHNICIAN IN ADMINISTRATIE": 32, "TEHNICIAN ECOLOG SI PROTECTIA CALITATII MEDIULUI": 39, "TEHNICIAN IN INDUSTRIA ALIMENTARA": 39, "TEHNICIAN MECANIC PENTRU INTRETINERE SI REPARATII": 106, "TEHNICIAN IN INDUSTRIA TEXTILA": 17, "TEHNICIAN IN AUTOMATIZARI": 31, "TEHNICIAN DESENATOR PENTRU CONSTRUCTII SI INSTALATII": 43, "TEHNICIAN ELECTRICIAN/ELECTRONIST AUTO": 1, "TEHNICIAN IN INSTALATII ELECTRICE": 6, "TEHNICIAN ELECTROMECANIC": 2, "TEHNICIAN IN ACTIVITATI ECONOMICE": 4, "TEHNICIAN ELECTROTEHNIST": 11, "MATEMATICA-INFORMATICA": 1}, "limba_moderna": {"LIMBA ENGLEZA": 328, "LIMBA FRANCEZA": 36}, "limba_materna": {"LIMBA ROMANA": 364}, "promotie_anterioara": {"NU": 273, "DA": 91}, "materii": {"LIMBA ROMANA": {"medie": 5.7468838526912185, "reusita": 76.64835164835165, "cnt": 364}, "MATEMATICA MATE-INFO": {"medie": 1.0, "reusita": 0.0, "cnt": 1}, "BIOLOGIE VEGETALA SI ANIMALA": {"medie": 4.847584541062802, "reusita": 53.990610328638496, "cnt": 213}, "GENERAL": {"medie": 5.863532763532762, "reusita": 44.78021978021978, "cnt": 364}, "GEOGRAFIE": {"medie": 9.09558823529412, "reusita": 100.0, "cnt": 34}, "PSIHOLOGIE": {"medie": 7.8, "reusita": 100.0, "cnt": 2}, "ANATOMIE SI FIZIOLOGIE UMANA, GENETICA SI ECOLOGIE UMANA": {"medie": 6.6851562499999995, "reusita": 95.52238805970148, "cnt": 67}, "MATEMATICA TEHN": {"medie": 6.175495750708217, "reusita": 79.33884297520662, "cnt": 363}, "FIZICA TEH": {"medie": 5.253124999999999, "reusita": 82.35294117647058, "cnt": 17}, "CHIMIE ORGANICA TEH NIVEL I/II": {"medie": 5.45, "reusita": 77.41935483870968, "cnt": 31}}, "nume": "COLEGIUL TEHNIC MOTRU\tGorj"}