{"specializari": {"TEHNICIAN IN ACTIVITATI ECONOMICE": 35, "TEHNICIAN IN ACTIVITATI DE COMERT": 45, "MATEMATICA-INFORMATICA": 32, "TEHNICIAN IN SILVICULTURA SI EXPLOATARI FORESTIERE": 22, "TEHNICIAN OPERATOR TEHNICA DE CALCUL": 26, "TEHNICIAN IN CONSTRUCTII SI LUCRARI PUBLICE": 2, "TEHNICIAN IN INDUSTRIA ALIMENTARA": 12, "TEHNICIAN ECOLOG SI PROTECTIA CALITATII MEDIULUI": 10, "TEHNICIAN ELECTRICIAN/ELECTRONIST AUTO": 1, "TEHNICIAN IN ADMINISTRATIE": 1, "TEHNICIAN IN GASTRONOMIE": 1, "TEHNICIAN DESENATOR PENTRU CONSTRUCTII SI INSTALATII": 1, "TEHNICIAN MECANIC PENTRU INTRETINERE SI REPARATII": 1, "TEHNICIAN IN INSTALATII ELECTRICE": 1, "STIINTE ALE NATURII": 2}, "limba_moderna": {"LIMBA ENGLEZA": 174, "LIMBA FRANCEZA": 18}, "limba_materna": {"LIMBA ROMANA": 192}, "promotie_anterioara": {"NU": 155, "DA": 37}, "materii": {"LIMBA ROMANA": {"medie": 4.395962732919253, "reusita": 37.5, "cnt": 192}, "MATEMATICA MATE-INFO": {"medie": 2.840384615384615, "reusita": 25.0, "cnt": 32}, "BIOLOGIE VEGETALA SI ANIMALA": {"medie": 6.002083333333334, "reusita": 71.42857142857143, "cnt": 105}, "GENERAL": {"medie": 5.669892473118279, "reusita": 26.5625, "cnt": 192}, "GEOGRAFIE": {"medie": 7.528688524590163, "reusita": 72.8395061728395, "cnt": 81}, "MATEMATICA ST-NAT": {"medie": 1.75, "reusita": 0.0, "cnt": 2}, "ANATOMIE SI FIZIOLOGIE UMANA, GENETICA SI ECOLOGIE UMANA": {"medie": 5.066666666666666, "reusita": 75.0, "cnt": 4}, "MATEMATICA TEHN": {"medie": 6.692857142857142, "reusita": 74.68354430379746, "cnt": 158}, "ECONOMIE": {"medie": 6.3, "reusita": 100.0, "cnt": 1}, "CHIMIE ORGANICA TEH NIVEL I/II": {"medie": 5.15, "reusita": 100.0, "cnt": 1}}, "nume": "COLEGIUL TEHNIC NR.1 VADU CRISULUI\tBihor"}