{"specializari": {"FILOLOGIE": 95, "STIINTE SOCIALE": 32, "STIINTE ALE NATURII": 65, "MATEMATICA-INFORMATICA": 23}, "limba_moderna": {"LIMBA ENGLEZA": 191, "LIMBA SPANIOLA": 18, "LIMBA FRANCEZA": 2, "LIMBA GERMANA MODERNA": 4}, "limba_materna": {"LIMBA ROMANA": 214, "LIMBA MAGHIARA": 1}, "promotie_anterioara": {"NU": 214, "DA": 1}, "materii": {"LIMBA ROMANA": {"medie": 8.067674418604652, "reusita": 100.0, "cnt": 215}, "MATEMATICA MATE-INFO": {"medie": 8.795652173913043, "reusita": 100.0, "cnt": 23}, "BIOLOGIE VEGETALA SI ANIMALA": {"medie": 9.185526315789472, "reusita": 100.0, "cnt": 38}, "GENERAL": {"medie": 8.473953488372096, "reusita": 98.6046511627907, "cnt": 215}, "CHIMIE ORGANICA TEO NIVEL I/II": {"medie": 9.6, "reusita": 100.0, "cnt": 1}, "INFORMATICA MI C/C++": {"medie": 7.941666666666667, "reusita": 100.0, "cnt": 6}, "CHIMIE ANORGANICA TEO NIVEL I/II": {"medie": 8.25, "reusita": 100.0, "cnt": 2}, "ISTORIE": {"medie": 8.095275590551182, "reusita": 100.0, "cnt": 127}, "GEOGRAFIE": {"medie": 8.793382352941174, "reusita": 100.0, "cnt": 68}, "PSIHOLOGIE": {"medie": 9.55, "reusita": 100.0, "cnt": 2}, "MATEMATICA ST-NAT": {"medie": 8.679230769230767, "reusita": 98.46153846153847, "cnt": 65}, "ANATOMIE SI FIZIOLOGIE UMANA, GENETICA SI ECOLOGIE UMANA": {"medie": 9.4625, "reusita": 100.0, "cnt": 40}, "FIZICA TEO": {"medie": 7.45, "reusita": 100.0, "cnt": 1}, "FILOSOFIE": {"medie": 8.15, "reusita": 100.0, "cnt": 2}, "ECONOMIE": {"medie": 8.2, "reusita": 100.0, "cnt": 1}, "LOGICA, ARGUMENTARE SI COMUNICARE": {"medie": 8.996938775510204, "reusita": 100.0, "cnt": 49}, "SOCIOLOGIE": {"medie": 8.940000000000001, "reusita": 100.0, "cnt": 5}, "LIMBA MAGHIARA (REAL)": {"medie": 5.2, "reusita": 100.0, "cnt": 1}}, "nume": "COLEGIUL NATIONAL \"OCTAVIAN GOGA\" SIBIU\tSibiu"}