{"specializari": {"MATEMATICA-INFORMATICA": 61, "STIINTE ALE NATURII": 61, "FILOLOGIE": 66, "STIINTE SOCIALE": 29}, "limba_moderna": {"LIMBA ENGLEZA": 158, "LIMBA FRANCEZA": 59}, "limba_materna": {"LIMBA ROMANA": 217}, "promotie_anterioara": {"NU": 175, "DA": 42}, "materii": {"LIMBA ROMANA": {"medie": 6.902083333333335, "reusita": 92.62672811059907, "cnt": 217}, "MATEMATICA MATE-INFO": {"medie": 8.928688524590164, "reusita": 98.36065573770492, "cnt": 61}, "BIOLOGIE VEGETALA SI ANIMALA": {"medie": 5.175000000000001, "reusita": 33.33333333333333, "cnt": 3}, "GENERAL": {"medie": 7.026279069767442, "reusita": 74.65437788018433, "cnt": 217}, "CHIMIE ORGANICA TEO NIVEL I/II": {"medie": 9.73, "reusita": 100.0, "cnt": 5}, "INFORMATICA MI C/C++": {"medie": 8.216666666666667, "reusita": 100.0, "cnt": 6}, "CHIMIE ANORGANICA TEO NIVEL I/II": {"medie": 6.749999999999998, "reusita": 88.88888888888889, "cnt": 54}, "ISTORIE": {"medie": 6.433684210526312, "reusita": 93.6842105263158, "cnt": 95}, "GEOGRAFIE": {"medie": 8.067204301075272, "reusita": 98.9247311827957, "cnt": 93}, "PSIHOLOGIE": {"medie": 9.05, "reusita": 100.0, "cnt": 2}, "MATEMATICA ST-NAT": {"medie": 4.986065573770491, "reusita": 72.1311475409836, "cnt": 61}, "ANATOMIE SI FIZIOLOGIE UMANA, GENETICA SI ECOLOGIE UMANA": {"medie": 6.526041666666667, "reusita": 93.75, "cnt": 48}, "FIZICA TEO": {"medie": 7.099999999999999, "reusita": 100.0, "cnt": 6}}, "nume": "COLEGIUL NATIONAL \"EMIL BOTTA\" ADJUD\tVrancea"}