{"specializari": {"MATEMATICA-INFORMATICA": 17, "FILOLOGIE": 12, "TEHNICIAN IN TURISM": 16, "TEHNICIAN IN AUTOMATIZARI": 3, "TEHNICIAN IN ACTIVITATI ECONOMICE": 20}, "limba_moderna": {"LIMBA ENGLEZA": 68}, "limba_materna": {"LIMBA MAGHIARA": 68}, "promotie_anterioara": {"NU": 64, "DA": 4}, "materii": {"LIMBA ROMANA": {"medie": 5.411060606060608, "reusita": 66.17647058823529, "cnt": 68}, "MATEMATICA MATE-INFO": {"medie": 7.852941176470588, "reusita": 94.11764705882352, "cnt": 17}, "BIOLOGIE VEGETALA SI ANIMALA": {"medie": 7.479999999999998, "reusita": 86.66666666666667, "cnt": 15}, "GENERAL": {"medie": 6.468192307692308, "reusita": 52.94117647058824, "cnt": 68}, "CHIMIE ORGANICA TEO NIVEL I/II": {"medie": 8.033333333333333, "reusita": 100.0, "cnt": 3}, "INFORMATICA MI C/C++": {"medie": 6.15, "reusita": 100.0, "cnt": 1}, "ISTORIE": {"medie": 5.81, "reusita": 75.0, "cnt": 12}, "GEOGRAFIE": {"medie": 7.00909090909091, "reusita": 91.30434782608695, "cnt": 46}, "PSIHOLOGIE": {"medie": 7.9, "reusita": 100.0, "cnt": 2}, "FIZICA TEO": {"medie": 8.65, "reusita": 100.0, "cnt": 1}, "MATEMATICA TEHN": {"medie": 5.675000000000001, "reusita": 64.1025641025641, "cnt": 39}, "LIMBA MAGHIARA (REAL)": {"medie": 7.168750000000004, "reusita": 96.42857142857143, "cnt": 56}, "LIMBA MAGHIARA (UMAN)": {"medie": 6.130000000000001, "reusita": 75.0, "cnt": 12}}, "nume": "COLEGIUL\"CSIKY GERGELY\" ARAD\tArad"}