{"specializari": {"MATEMATICA-INFORMATICA": 155}, "limba_moderna": {"LIMBA ENGLEZA": 143, "LIMBA FRANCEZA": 3, "LIMBA GERMANA MODERNA": 9}, "limba_materna": {"LIMBA ROMANA": 155}, "promotie_anterioara": {"NU": 153, "DA": 2}, "materii": {"LIMBA ROMANA": {"medie": 7.821935483870961, "reusita": 100.0, "cnt": 155}, "MATEMATICA MATE-INFO": {"medie": 8.731290322580646, "reusita": 99.35483870967742, "cnt": 155}, "BIOLOGIE VEGETALA SI ANIMALA": {"medie": 8.069565217391306, "reusita": 95.65217391304348, "cnt": 23}, "GENERAL": {"medie": 8.36430107526882, "reusita": 96.12903225806451, "cnt": 155}, "CHIMIE ORGANICA TEO NIVEL I/II": {"medie": 8.7, "reusita": 100.0, "cnt": 6}, "INFORMATICA MI C/C++": {"medie": 8.647727272727277, "reusita": 99.0909090909091, "cnt": 110}, "CHIMIE ANORGANICA TEO NIVEL I/II": {"medie": 8.28, "reusita": 100.0, "cnt": 5}, "ANATOMIE SI FIZIOLOGIE UMANA, GENETICA SI ECOLOGIE UMANA": {"medie": 8.47272727272727, "reusita": 100.0, "cnt": 11}}, "nume": "COLEGIUL NATIONAL DE INFORMATICA \"GR. MOISIL\" BRASOV\tBra\u0219ov"}