{"specializari": {"TEHNICIAN IN ACTIVITATI ECONOMICE": 86, "TEHNICIAN IN ADMINISTRATIE": 52, "TEHNICIAN IN ACTIVITATI DE COMERT": 107, "TEHNICIAN IN TURISM": 78, "ORGANIZATOR BANQUETING": 31, "TEHNICIAN IN GASTRONOMIE": 4}, "limba_moderna": {"LIMBA FRANCEZA": 75, "LIMBA ENGLEZA": 283}, "limba_materna": {"LIMBA ROMANA": 358}, "promotie_anterioara": {"NU": 319, "DA": 39}, "materii": {"LIMBA ROMANA": {"medie": 6.605898876404493, "reusita": 93.85474860335195, "cnt": 358}, "GENERAL": {"medie": 7.432955618508027, "reusita": 86.59217877094973, "cnt": 358}, "GEOGRAFIE": {"medie": 7.56363636363637, "reusita": 98.98989898989899, "cnt": 297}, "PSIHOLOGIE": {"medie": 5.53, "reusita": 80.0, "cnt": 5}, "MATEMATICA TEHN": {"medie": 8.304661016949156, "reusita": 96.08938547486034, "cnt": 358}, "ECONOMIE": {"medie": 6.126190476190475, "reusita": 90.69767441860465, "cnt": 43}, "LOGICA, ARGUMENTARE SI COMUNICARE": {"medie": 7.325, "reusita": 76.92307692307693, "cnt": 13}}, "nume": "COLEGIUL ECONOMIC \"VIRGIL MADGEARU\", LOCALITATEA GALATI\tGala\u021bi"}