{"specializari": {"STIINTE SOCIALE": 32, "FILOLOGIE": 65, "MATEMATICA-INFORMATICA": 108, "STIINTE ALE NATURII": 36}, "limba_moderna": {"LIMBA ENGLEZA": 229, "LIMBA FRANCEZA": 12}, "limba_materna": {"LIMBA ROMANA": 241}, "promotie_anterioara": {"NU": 238, "DA": 3}, "materii": {"LIMBA ROMANA": {"medie": 8.238333333333335, "reusita": 97.9253112033195, "cnt": 241}, "MATEMATICA MATE-INFO": {"medie": 9.143925233644861, "reusita": 98.14814814814815, "cnt": 108}, "GENERAL": {"medie": 8.58701388888889, "reusita": 96.6804979253112, "cnt": 241}, "CHIMIE ORGANICA TEO NIVEL I/II": {"medie": 9.2, "reusita": 100.0, "cnt": 9}, "INFORMATICA MI C/C++": {"medie": 8.575, "reusita": 100.0, "cnt": 16}, "ISTORIE": {"medie": 7.784020618556703, "reusita": 96.90721649484536, "cnt": 97}, "GEOGRAFIE": {"medie": 8.949404761904763, "reusita": 100.0, "cnt": 84}, "PSIHOLOGIE": {"medie": 8.7625, "reusita": 100.0, "cnt": 4}, "MATEMATICA ST-NAT": {"medie": 9.225, "reusita": 100.0, "cnt": 36}, "ANATOMIE SI FIZIOLOGIE UMANA, GENETICA SI ECOLOGIE UMANA": {"medie": 9.125688073394493, "reusita": 99.0909090909091, "cnt": 110}, "FIZICA TEO": {"medie": 6.7, "reusita": 100.0, "cnt": 9}, "FILOSOFIE": {"medie": 9.16, "reusita": 100.0, "cnt": 5}, "SOCIOLOGIE": {"medie": 8.075, "reusita": 100.0, "cnt": 4}}, "nume": "COLEGIUL NATIONAL \"STEFAN CEL MARE\", ORAS TARGU NEAMT\tNeam\u021b"}