{"specializari": {"TEHNICIAN DESIGNER MOBILA SI AMENAJARI INTERIOARE": 9, "TEHNICIAN ECOLOG SI PROTECTIA CALITATII MEDIULUI": 17, "TEHNICIAN IN CONSTRUCTII SI LUCRARI PUBLICE": 13, "TEHNICIAN DESENATOR PENTRU CONSTRUCTII SI INSTALATII": 28, "TEHNICIAN ELECTROTEHNIST": 7, "TEHNICIAN IN PRELUCRAREA LEMNULUI": 2, "TEHNICIAN IN CHIMIE INDUSTRIALA": 1, "TEHNICIAN INSTALATOR PENTRU CONSTRUCTII": 2}, "limba_moderna": {"LIMBA ENGLEZA": 70, "LIMBA FRANCEZA": 9}, "limba_materna": {"LIMBA ROMANA": 79}, "promotie_anterioara": {"NU": 31, "DA": 48}, "materii": {"LIMBA ROMANA": {"medie": 5.425333333333333, "reusita": 74.68354430379746, "cnt": 79}, "BIOLOGIE VEGETALA SI ANIMALA": {"medie": 5.211320754716982, "reusita": 62.5, "cnt": 56}, "GENERAL": {"medie": 5.577083333333333, "reusita": 34.177215189873415, "cnt": 79}, "ANATOMIE SI FIZIOLOGIE UMANA, GENETICA SI ECOLOGIE UMANA": {"medie": 2.3, "reusita": 0.0, "cnt": 1}, "MATEMATICA TEHN": {"medie": 6.103289473684209, "reusita": 81.0126582278481, "cnt": 79}, "FIZICA TEH": {"medie": 1.6000000000000003, "reusita": 0.0, "cnt": 3}, "CHIMIE ANORGANICA TEH NIVEL I/II": {"medie": 5.065625, "reusita": 50.0, "cnt": 18}, "CHIMIE ORGANICA TEH NIVEL I/II": {"medie": 5.9, "reusita": 100.0, "cnt": 1}}, "nume": "COLEGIUL TEHNIC \"ANGHEL SALIGNY\" CLUJ-NAPOCA\tCluj"}