{"specializari": {"TEHNICIAN MECANIC PENTRU INTRETINERE SI REPARATII": 9, "TEHNICIAN PROIECTANT CAD": 25, "TEHNICIAN MECATRONIST": 7, "TEHNICIAN PRELUCRARI MECANICE": 1}, "limba_moderna": {"LIMBA ENGLEZA": 40, "LIMBA FRANCEZA": 2}, "limba_materna": {"LIMBA ROMANA": 42}, "promotie_anterioara": {"DA": 26, "NU": 16}, "materii": {"LIMBA ROMANA": {"medie": 5.060714285714286, "reusita": 71.42857142857143, "cnt": 42}, "BIOLOGIE VEGETALA SI ANIMALA": {"medie": 3.5107142857142852, "reusita": 30.0, "cnt": 30}, "GENERAL": {"medie": 4.3999999999999995, "reusita": 11.904761904761903, "cnt": 42}, "MATEMATICA TEHN": {"medie": 4.654761904761906, "reusita": 57.14285714285714, "cnt": 42}, "FIZICA TEH": {"medie": 2.2666666666666666, "reusita": 14.285714285714285, "cnt": 7}, "CHIMIE ANORGANICA TEH NIVEL I/II": {"medie": 4.39, "reusita": 40.0, "cnt": 5}}, "nume": "COLEGIUL TEHNIC MECANIC \"GRIVITA\"\tBucure\u0219ti"}