{"specializari": {"ARHITECTURA, ARTE AMBIENTALE SI DESIGN": 33, "ARTE PLASTICE SI DECORATIVE": 32, "MUZICA": 30, "COREGRAFIE": 20}, "limba_moderna": {"LIMBA ENGLEZA": 107, "LIMBA ITALIANA": 5, "LIMBA FRANCEZA": 3}, "limba_materna": {"LIMBA ROMANA": 115}, "promotie_anterioara": {"NU": 115}, "materii": {"LIMBA ROMANA": {"medie": 7.069130434782607, "reusita": 93.04347826086956, "cnt": 115}, "GENERAL": {"medie": 7.348115942028984, "reusita": 84.34782608695653, "cnt": 115}, "ISTORIE": {"medie": 6.7386956521739085, "reusita": 92.17391304347827, "cnt": 115}, "GEOGRAFIE": {"medie": 8.223181818181816, "reusita": 99.0909090909091, "cnt": 110}, "PSIHOLOGIE": {"medie": 8.733333333333334, "reusita": 100.0, "cnt": 3}, "ECONOMIE": {"medie": 7.05, "reusita": 100.0, "cnt": 1}, "LOGICA, ARGUMENTARE SI COMUNICARE": {"medie": 9.4, "reusita": 100.0, "cnt": 1}}, "nume": "COLEGIUL NATIONAL DE ARTE \"REGINA MARIA\" CONSTANTA\tConstan\u021ba"}