{"specializari": {"TEHNICIAN IN AGROTURISM": 1, "MATEMATICA-INFORMATICA": 25, "TEHNICIAN IN AUTOMATIZARI": 29, "TEHNICIAN OPERATOR TEHNICA DE CALCUL": 21, "TEHNICIAN IN INSTALATII ELECTRICE": 12, "TEHNICIAN ELECTROTEHNIST": 12, "TEHNICIAN MECATRONIST": 18, "LICEU CU PROGRAM SPORTIV": 23, "TEHNICIAN ECOLOG SI PROTECTIA CALITATII MEDIULUI": 20, "TEHNICIAN MECANIC PENTRU INTRETINERE SI REPARATII": 3, "TEHNICIAN IN AGRICULTURA": 1, "STIINTE ALE NATURII": 1}, "limba_moderna": {"LIMBA ENGLEZA": 164, "LIMBA FRANCEZA": 2}, "limba_materna": {"LIMBA ROMANA": 166}, "promotie_anterioara": {"NU": 141, "DA": 25}, "materii": {"LIMBA ROMANA": {"medie": 6.589263803680981, "reusita": 89.1566265060241, "cnt": 166}, "MATEMATICA MATE-INFO": {"medie": 8.556, "reusita": 96.0, "cnt": 25}, "BIOLOGIE VEGETALA SI ANIMALA": {"medie": 7.3620879120879135, "reusita": 90.42553191489363, "cnt": 94}, "GENERAL": {"medie": 7.287060041407866, "reusita": 72.89156626506023, "cnt": 166}, "CHIMIE ORGANICA TEO NIVEL I/II": {"medie": 6.6, "reusita": 100.0, "cnt": 1}, "ISTORIE": {"medie": 5.58409090909091, "reusita": 73.91304347826086, "cnt": 23}, "GEOGRAFIE": {"medie": 7.370588235294116, "reusita": 100.0, "cnt": 17}, "MATEMATICA ST-NAT": {"medie": 3.2, "reusita": 0.0, "cnt": 1}, "ANATOMIE SI FIZIOLOGIE UMANA, GENETICA SI ECOLOGIE UMANA": {"medie": 9.225, "reusita": 100.0, "cnt": 10}, "FIZICA TEO": {"medie": 7.688461538461538, "reusita": 100.0, "cnt": 13}, "MATEMATICA TEHN": {"medie": 8.083478260869567, "reusita": 92.3076923076923, "cnt": 117}, "FIZICA TEH": {"medie": 6.607499999999999, "reusita": 80.0, "cnt": 20}, "LOGICA, ARGUMENTARE SI COMUNICARE": {"medie": 6.825, "reusita": 83.33333333333334, "cnt": 6}, "INFORMATICA MI PASCAL": {"medie": 7.983333333333333, "reusita": 100.0, "cnt": 3}, "CHIMIE ANORGANICA TEH NIVEL I/II": {"medie": 8.225, "reusita": 100.0, "cnt": 2}}, "nume": "COLEGIUL ENERGETIC, MUN. RM. VALCEA\tV\u00e2lcea"}