{"specializari": {"MATEMATICA-INFORMATICA": 53, "FILOLOGIE": 54, "STIINTE ALE NATURII": 32, "TEHNICIAN IN ACTIVITATI ECONOMICE": 31}, "limba_moderna": {"LIMBA ENGLEZA": 151, "LIMBA FRANCEZA": 16, "LIMBA GERMANA MODERNA": 3}, "limba_materna": {"LIMBA ROMANA": 122, "LIMBA MAGHIARA": 48}, "promotie_anterioara": {"NU": 166, "DA": 4}, "materii": {"LIMBA ROMANA": {"medie": 7.2776785714285745, "reusita": 91.76470588235294, "cnt": 170}, "MATEMATICA MATE-INFO": {"medie": 8.308490566037735, "reusita": 98.11320754716981, "cnt": 53}, "BIOLOGIE VEGETALA SI ANIMALA": {"medie": 9.272727272727273, "reusita": 100.0, "cnt": 22}, "GENERAL": {"medie": 8.055734126984133, "reusita": 88.23529411764706, "cnt": 170}, "CHIMIE ORGANICA TEO NIVEL I/II": {"medie": 9.35, "reusita": 100.0, "cnt": 3}, "INFORMATICA MI C/C++": {"medie": 3.7, "reusita": 0.0, "cnt": 1}, "ISTORIE": {"medie": 7.803269230769232, "reusita": 96.29629629629629, "cnt": 54}, "GEOGRAFIE": {"medie": 8.87241379310345, "reusita": 98.30508474576271, "cnt": 59}, "PSIHOLOGIE": {"medie": 9.45, "reusita": 100.0, "cnt": 2}, "MATEMATICA ST-NAT": {"medie": 6.362499999999999, "reusita": 96.875, "cnt": 32}, "ANATOMIE SI FIZIOLOGIE UMANA, GENETICA SI ECOLOGIE UMANA": {"medie": 8.071875, "reusita": 96.875, "cnt": 32}, "FIZICA TEO": {"medie": 9.221052631578948, "reusita": 100.0, "cnt": 19}, "FILOSOFIE": {"medie": 9.425, "reusita": 80.0, "cnt": 5}, "MATEMATICA TEHN": {"medie": 9.574193548387097, "reusita": 100.0, "cnt": 31}, "SOCIOLOGIE": {"medie": 9.476315789473686, "reusita": 100.0, "cnt": 19}, "INFORMATICA MI PASCAL": {"medie": 7.48125, "reusita": 100.0, "cnt": 8}, "LIMBA MAGHIARA (REAL)": {"medie": 7.816, "reusita": 100.0, "cnt": 25}, "LIMBA MAGHIARA (UMAN)": {"medie": 6.919047619047619, "reusita": 91.30434782608695, "cnt": 23}}, "nume": "COLEGIUL NATIONAL \"SIMION BARNUTIU\" SIMLEU SILVANIEI\tS\u0103laj"}