{"specializari": {"MATEMATICA-INFORMATICA": 64, "STIINTE ALE NATURII": 68, "FILOLOGIE": 35}, "limba_moderna": {"LIMBA ENGLEZA": 127, "LIMBA FRANCEZA": 33, "LIMBA GERMANA MODERNA": 4, "LIMBA RUSA": 3}, "limba_materna": {"LIMBA ROMANA": 167}, "promotie_anterioara": {"NU": 142, "DA": 25}, "materii": {"LIMBA ROMANA": {"medie": 8.154191616766472, "reusita": 95.80838323353294, "cnt": 167}, "MATEMATICA MATE-INFO": {"medie": 9.155555555555557, "reusita": 98.4375, "cnt": 64}, "BIOLOGIE VEGETALA SI ANIMALA": {"medie": 5.5375, "reusita": 75.0, "cnt": 4}, "GENERAL": {"medie": 8.292078189300417, "reusita": 82.63473053892216, "cnt": 167}, "CHIMIE ORGANICA TEO NIVEL I/II": {"medie": 8.963636363636365, "reusita": 100.0, "cnt": 11}, "INFORMATICA MI C/C++": {"medie": 9.586363636363636, "reusita": 100.0, "cnt": 22}, "CHIMIE ANORGANICA TEO NIVEL I/II": {"medie": 8.280000000000001, "reusita": 100.0, "cnt": 5}, "ISTORIE": {"medie": 8.687142857142856, "reusita": 100.0, "cnt": 35}, "GEOGRAFIE": {"medie": 9.198333333333332, "reusita": 100.0, "cnt": 30}, "MATEMATICA ST-NAT": {"medie": 7.003846153846153, "reusita": 75.0, "cnt": 68}, "ANATOMIE SI FIZIOLOGIE UMANA, GENETICA SI ECOLOGIE UMANA": {"medie": 7.678846153846152, "reusita": 87.34177215189874, "cnt": 79}, "FIZICA TEO": {"medie": 8.695, "reusita": 100.0, "cnt": 10}, "INFORMATICA SN C/C++": {"medie": 2.5, "reusita": 0.0, "cnt": 1}, "ECONOMIE": {"medie": 9.799999999999999, "reusita": 100.0, "cnt": 3}, "LOGICA, ARGUMENTARE SI COMUNICARE": {"medie": 9.7, "reusita": 100.0, "cnt": 2}}, "nume": "COLEGIUL NATIONAL \"EMIL RACOVITA\", IASI\tIa\u0219i"}