{"specializari": {"MATEMATICA-INFORMATICA": 54, "TEHNICIAN OPERATOR TEHNICA DE CALCUL": 1, "TEHNICIAN IN ACTIVITATI ECONOMICE": 88, "TEHNICIAN DE TELECOMUNICATII": 28, "TEHNICIAN MECATRONIST": 24, "TEHNICIAN TRANSPORTURI": 23, "TEHNICIAN IN AUTOMATIZARI": 27, "TEHNICIAN ELECTROMECANIC": 22, "FILOLOGIE": 1}, "limba_moderna": {"LIMBA ENGLEZA": 238, "LIMBA FRANCEZA": 29, "LIMBA GERMANA MODERNA": 1}, "limba_materna": {"LIMBA ROMANA": 268}, "promotie_anterioara": {"NU": 252, "DA": 16}, "materii": {"LIMBA ROMANA": {"medie": 7.233646616541352, "reusita": 94.02985074626866, "cnt": 268}, "MATEMATICA MATE-INFO": {"medie": 7.283962264150944, "reusita": 92.5925925925926, "cnt": 54}, "BIOLOGIE VEGETALA SI ANIMALA": {"medie": 6.67125, "reusita": 80.16528925619835, "cnt": 121}, "GENERAL": {"medie": 7.475441919191919, "reusita": 79.8507462686567, "cnt": 268}, "CHIMIE ANORGANICA TEO NIVEL I/II": {"medie": 8.120000000000001, "reusita": 100.0, "cnt": 5}, "ISTORIE": {"medie": 5.0, "reusita": 100.0, "cnt": 1}, "GEOGRAFIE": {"medie": 8.64942528735632, "reusita": 98.86363636363636, "cnt": 88}, "ANATOMIE SI FIZIOLOGIE UMANA, GENETICA SI ECOLOGIE UMANA": {"medie": "-", "reusita": 0.0, "cnt": 1}, "FIZICA TEO": {"medie": 6.074999999999999, "reusita": 100.0, "cnt": 2}, "MATEMATICA TEHN": {"medie": 7.726066350710894, "reusita": 91.54929577464789, "cnt": 213}, "FIZICA TEH": {"medie": 6.467499999999999, "reusita": 85.0, "cnt": 20}, "ECONOMIE": {"medie": 9.25, "reusita": 100.0, "cnt": 1}, "INFORMATICA MI PASCAL": {"medie": 8.078846153846154, "reusita": 96.15384615384616, "cnt": 26}, "CHIMIE ANORGANICA TEH NIVEL I/II": {"medie": 7.324999999999999, "reusita": 75.0, "cnt": 4}}, "nume": "COLEGIUL TEHNIC \"ALESANDRU PAPIU ILARIAN\" ZALAU\tS\u0103laj"}