{"specializari": {"MATEMATICA-INFORMATICA": 26, "FILOLOGIE": 27}, "limba_moderna": {"LIMBA ENGLEZA": 53}, "limba_materna": {"LIMBA GERMANA": 53}, "promotie_anterioara": {"NU": 53}, "materii": {"LIMBA ROMANA": {"medie": 6.54056603773585, "reusita": 88.67924528301887, "cnt": 53}, "MATEMATICA MATE-INFO": {"medie": 8.186538461538463, "reusita": 100.0, "cnt": 26}, "BIOLOGIE VEGETALA SI ANIMALA": {"medie": 7.433333333333333, "reusita": 100.0, "cnt": 3}, "GENERAL": {"medie": 7.3620283018867925, "reusita": 81.13207547169812, "cnt": 53}, "CHIMIE ORGANICA TEO NIVEL I/II": {"medie": 7.925000000000001, "reusita": 100.0, "cnt": 2}, "INFORMATICA MI C/C++": {"medie": 7.85, "reusita": 100.0, "cnt": 4}, "CHIMIE ANORGANICA TEO NIVEL I/II": {"medie": 9.0, "reusita": 100.0, "cnt": 1}, "ISTORIE": {"medie": 7.037037037037036, "reusita": 96.29629629629629, "cnt": 27}, "ANATOMIE SI FIZIOLOGIE UMANA, GENETICA SI ECOLOGIE UMANA": {"medie": 8.741666666666667, "reusita": 100.0, "cnt": 6}, "FIZICA TEO": {"medie": 6.17, "reusita": 90.0, "cnt": 10}, "LIMBA GERMANA": {"medie": 7.941509433962263, "reusita": 100.0, "cnt": 53}, "ECONOMIE": {"medie": 9.6, "reusita": 100.0, "cnt": 1}, "SOCIOLOGIE": {"medie": 7.232692307692308, "reusita": 100.0, "cnt": 26}}, "nume": "COLEGIUL GERMAN \"GOETHE\"\tBucure\u0219ti"}