{"specializari": {"TEHNICIAN IN AUTOMATIZARI": 28, "STIINTE ALE NATURII": 30, "TEHNICIAN MECANIC PENTRU INTRETINERE SI REPARATII": 49, "TEHNICIAN MECATRONIST": 25, "TEHNICIAN ELECTROTEHNIST": 23, "TEHNICIAN ELECTROMECANIC": 40}, "limba_moderna": {"LIMBA ENGLEZA": 169, "LIMBA FRANCEZA": 26}, "limba_materna": {"LIMBA ROMANA": 195}, "promotie_anterioara": {"NU": 163, "DA": 32}, "materii": {"LIMBA ROMANA": {"medie": 5.76994382022472, "reusita": 68.71794871794872, "cnt": 195}, "BIOLOGIE VEGETALA SI ANIMALA": {"medie": 5.99396551724138, "reusita": 80.32786885245902, "cnt": 122}, "GENERAL": {"medie": 6.033236994219653, "reusita": 41.53846153846154, "cnt": 195}, "MATEMATICA ST-NAT": {"medie": 6.818333333333334, "reusita": 100.0, "cnt": 30}, "ANATOMIE SI FIZIOLOGIE UMANA, GENETICA SI ECOLOGIE UMANA": {"medie": 9.501666666666669, "reusita": 100.0, "cnt": 30}, "MATEMATICA TEHN": {"medie": 5.773287671232876, "reusita": 72.12121212121212, "cnt": 165}, "FIZICA TEH": {"medie": 4.277777777777778, "reusita": 54.54545454545454, "cnt": 11}, "CHIMIE ANORGANICA TEH NIVEL I/II": {"medie": 3.5523809523809526, "reusita": 6.25, "cnt": 32}}, "nume": "COLEGIUL \"GHEORGHE TATARESCU\" ROVINARI\tGorj"}