{"specializari": {"TEHNICIAN MECANIC PENTRU INTRETINERE SI REPARATII": 24, "MATEMATICA-INFORMATICA": 68, "TEHNICIAN IN INDUSTRIA TEXTILA": 5, "TEHNICIAN IN TURISM": 7, "TEHNICIAN IN PRELUCRAREA LEMNULUI": 7, "TEHNICIAN IN CONSTRUCTII SI LUCRARI PUBLICE": 4, "TEHNICIAN ECOLOG SI PROTECTIA CALITATII MEDIULUI": 22, "TEHNICIAN IN HOTELARIE": 2}, "limba_moderna": {"LIMBA FRANCEZA": 39, "LIMBA ENGLEZA": 100}, "limba_materna": {"LIMBA ROMANA": 139}, "promotie_anterioara": {"NU": 109, "DA": 30}, "materii": {"LIMBA ROMANA": {"medie": 4.988518518518519, "reusita": 61.15107913669065, "cnt": 139}, "MATEMATICA MATE-INFO": {"medie": 6.537878787878789, "reusita": 83.82352941176471, "cnt": 68}, "BIOLOGIE VEGETALA SI ANIMALA": {"medie": 5.366666666666664, "reusita": 59.78260869565217, "cnt": 92}, "GENERAL": {"medie": 5.443692307692309, "reusita": 36.69064748201439, "cnt": 139}, "CHIMIE ORGANICA TEO NIVEL I/II": {"medie": 7.5545, "reusita": 95.0, "cnt": 20}, "GEOGRAFIE": {"medie": 7.0777777777777775, "reusita": 100.0, "cnt": 9}, "ANATOMIE SI FIZIOLOGIE UMANA, GENETICA SI ECOLOGIE UMANA": {"medie": 8.65, "reusita": 100.0, "cnt": 1}, "FIZICA TEO": {"medie": 6.1, "reusita": 100.0, "cnt": 2}, "MATEMATICA TEHN": {"medie": 4.372727272727272, "reusita": 45.07042253521127, "cnt": 71}, "FIZICA TEH": {"medie": 3.7583333333333333, "reusita": 28.57142857142857, "cnt": 7}, "INFORMATICA MI PASCAL": {"medie": 7.016666666666666, "reusita": 100.0, "cnt": 3}, "CHIMIE ORGANICA TEH NIVEL I/II": {"medie": 5.45, "reusita": 80.0, "cnt": 5}}, "nume": "COLEGIUL \"FERDINAND I\", COMUNA MANECIU\tPrahova"}