{"specializari": {"TEHNICIAN VETERINAR": 19, "TEHNICIAN IN ACHIZITII SI CONTRACTARI": 35, "TEHNICIAN IN AGROTURISM": 8, "TEHNICIAN IN ACTIVITATI DE COMERT": 30, "TEHNICIAN AGROMONTAN": 17, "TEHNICIAN IN AGRICULTURA": 20, "TEHNICIAN TRANSPORTURI": 1, "TEHNICIAN IN ACTIVITATI ECONOMICE": 1}, "limba_moderna": {"LIMBA ENGLEZA": 121, "LIMBA FRANCEZA": 10}, "limba_materna": {"LIMBA ROMANA": 131}, "promotie_anterioara": {"NU": 101, "DA": 30}, "materii": {"LIMBA ROMANA": {"medie": 5.763199999999999, "reusita": 79.38931297709924, "cnt": 131}, "BIOLOGIE VEGETALA SI ANIMALA": {"medie": 5.400781250000001, "reusita": 67.6923076923077, "cnt": 65}, "GENERAL": {"medie": 5.731317204301073, "reusita": 42.74809160305343, "cnt": 131}, "GEOGRAFIE": {"medie": 6.560169491525424, "reusita": 82.8125, "cnt": 64}, "MATEMATICA TEHN": {"medie": 5.490322580645161, "reusita": 59.541984732824424, "cnt": 131}, "ECONOMIE": {"medie": 4.075, "reusita": 50.0, "cnt": 2}}, "nume": "COLEGIUL AGRICOL \"DANIIL POPOVICI BARCIANU\" SIBIU\tSibiu"}