{"specializari": {"TEHNICIAN TRANSPORTURI": 16, "TEHNICIAN INSTALATOR PENTRU CONSTRUCTII": 1, "TEHNICIAN IN INSTALATII ELECTRICE": 14, "MATEMATICA-INFORMATICA": 71, "TEHNICIAN DESENATOR PENTRU CONSTRUCTII SI INSTALATII": 14, "TEHNICIAN IN ACTIVITATI ECONOMICE": 63, "TEHNICIAN IN INDUSTRIA TEXTILA": 7, "TEHNICIAN MECATRONIST": 15, "TEHNICIAN MECANIC PENTRU INTRETINERE SI REPARATII": 1, "FILOLOGIE": 31, "STIINTE ALE NATURII": 27}, "limba_moderna": {"LIMBA ENGLEZA": 233, "LIMBA FRANCEZA": 26, "LIMBA RUSA": 1}, "limba_materna": {"LIMBA ROMANA": 260}, "promotie_anterioara": {"DA": 31, "NU": 229}, "materii": {"LIMBA ROMANA": {"medie": 6.809411764705885, "reusita": 92.3076923076923, "cnt": 260}, "MATEMATICA MATE-INFO": {"medie": 6.814788732394368, "reusita": 84.50704225352112, "cnt": 71}, "BIOLOGIE VEGETALA SI ANIMALA": {"medie": 5.134677419354839, "reusita": 70.96774193548387, "cnt": 62}, "GENERAL": {"medie": 7.112845849802374, "reusita": 73.46153846153847, "cnt": 260}, "CHIMIE ORGANICA TEO NIVEL I/II": {"medie": 9.049999999999999, "reusita": 100.0, "cnt": 3}, "INFORMATICA MI C/C++": {"medie": 7.8928571428571415, "reusita": 100.0, "cnt": 14}, "ISTORIE": {"medie": 7.4951612903225815, "reusita": 100.0, "cnt": 31}, "GEOGRAFIE": {"medie": 8.45068493150685, "reusita": 96.05263157894737, "cnt": 76}, "PSIHOLOGIE": {"medie": 6.2, "reusita": 100.0, "cnt": 1}, "MATEMATICA ST-NAT": {"medie": 6.45, "reusita": 92.5925925925926, "cnt": 27}, "ANATOMIE SI FIZIOLOGIE UMANA, GENETICA SI ECOLOGIE UMANA": {"medie": 7.917808219178084, "reusita": 91.78082191780823, "cnt": 73}, "FIZICA TEO": {"medie": 7.241666666666667, "reusita": 100.0, "cnt": 6}, "FILOSOFIE": {"medie": 2.6, "reusita": 0.0, "cnt": 1}, "MATEMATICA TEHN": {"medie": 7.256746031746029, "reusita": 92.36641221374046, "cnt": 131}, "FIZICA TEH": {"medie": 6.28125, "reusita": 87.5, "cnt": 8}, "LOGICA, ARGUMENTARE SI COMUNICARE": {"medie": 9.365625, "reusita": 100.0, "cnt": 16}}, "nume": "COLEGIUL TEHNIC RADAUTI\tSuceava"}