{"specializari": {"TEHNICIAN TRANSPORTURI": 82, "TEHNICIAN ELECTRICIAN/ELECTRONIST AUTO": 39, "TEHNICIAN MECATRONIST": 10}, "limba_moderna": {"LIMBA ENGLEZA": 129, "LIMBA FRANCEZA": 2}, "limba_materna": {"LIMBA ROMANA": 131}, "promotie_anterioara": {"NU": 80, "DA": 51}, "materii": {"LIMBA ROMANA": {"medie": 4.784146341463415, "reusita": 57.25190839694656, "cnt": 131}, "BIOLOGIE VEGETALA SI ANIMALA": {"medie": 3.9592105263157897, "reusita": 30.48780487804878, "cnt": 82}, "GENERAL": {"medie": 5.070512820512821, "reusita": 20.610687022900763, "cnt": 131}, "MATEMATICA TEHN": {"medie": 5.776250000000003, "reusita": 70.22900763358778, "cnt": 131}, "FIZICA TEH": {"medie": 5.93846153846154, "reusita": 70.96774193548387, "cnt": 31}, "CHIMIE ANORGANICA TEH NIVEL I/II": {"medie": 5.529411764705882, "reusita": 72.22222222222221, "cnt": 18}}, "nume": "COLEGIUL TEHNIC AUTO \"TRAIAN VUIA\" FOCSANI\tVrancea"}