{"specializari": {"MATEMATICA-INFORMATICA": 26, "TEHNICIAN IN ACTIVITATI ECONOMICE": 128, "TEHNICIAN ANALIZE PRODUSE ALIMENTARE": 31, "TEHNICIAN IN ADMINISTRATIE": 28, "TEHNICIAN IN TURISM": 30, "TEHNICIAN IN INDUSTRIA ALIMENTARA": 4, "TEHNICIAN IN ACTIVITATI DE COMERT": 6}, "limba_moderna": {"LIMBA ENGLEZA": 182, "LIMBA FRANCEZA": 71}, "limba_materna": {"LIMBA ROMANA": 253}, "promotie_anterioara": {"NU": 229, "DA": 24}, "materii": {"LIMBA ROMANA": {"medie": 6.7247035573122504, "reusita": 94.86166007905138, "cnt": 253}, "MATEMATICA MATE-INFO": {"medie": 8.086538461538462, "reusita": 96.15384615384616, "cnt": 26}, "BIOLOGIE VEGETALA SI ANIMALA": {"medie": 8.139999999999999, "reusita": 100.0, "cnt": 5}, "GENERAL": {"medie": 7.531159420289847, "reusita": 86.95652173913044, "cnt": 253}, "INFORMATICA MI C/C++": {"medie": 8.566666666666668, "reusita": 100.0, "cnt": 24}, "GEOGRAFIE": {"medie": 8.127989130434782, "reusita": 100.0, "cnt": 184}, "ANATOMIE SI FIZIOLOGIE UMANA, GENETICA SI ECOLOGIE UMANA": {"medie": 7.4078125, "reusita": 93.75, "cnt": 32}, "MATEMATICA TEHN": {"medie": 7.744933920704845, "reusita": 96.91629955947137, "cnt": 227}, "ECONOMIE": {"medie": 8.44375, "reusita": 100.0, "cnt": 8}}, "nume": "COLEGIUL ECONOMIC, MUN. RM. VALCEA\tV\u00e2lcea"}