{"specializari": {"TEHNICIAN IN ACHIZITII SI CONTRACTARI": 31, "TEHNICIAN IN ACTIVITATI DE COMERT": 16, "TEHNICIAN IN GASTRONOMIE": 28, "ORGANIZATOR BANQUETING": 29, "TEHNICIAN IN TURISM": 32, "TEHNICIAN IN ACTIVITATI ECONOMICE": 66, "TEHNICIAN IN HOTELARIE": 32}, "limba_moderna": {"LIMBA ENGLEZA": 218, "LIMBA FRANCEZA": 13, "LIMBA ITALIANA": 3}, "limba_materna": {"LIMBA ROMANA": 234}, "promotie_anterioara": {"NU": 175, "DA": 59}, "materii": {"LIMBA ROMANA": {"medie": 6.33668122270742, "reusita": 84.61538461538461, "cnt": 234}, "GENERAL": {"medie": 6.4702643171806145, "reusita": 58.119658119658126, "cnt": 234}, "GEOGRAFIE": {"medie": 7.170627802690583, "reusita": 93.36283185840708, "cnt": 226}, "MATEMATICA TEHN": {"medie": 5.989254385964909, "reusita": 75.21367521367522, "cnt": 234}, "ECONOMIE": {"medie": 3.707142857142857, "reusita": 25.0, "cnt": 8}}, "nume": "COLEGIUL ECONOMIC \"HERMES\" PETROSANI\tHunedoara"}