{"specializari": {"TEHNICIAN IN INDUSTRIA ALIMENTARA": 8, "TEHNICIAN ECOLOG SI PROTECTIA CALITATII MEDIULUI": 19, "TEHNICIAN IN TURISM": 19, "TEHNICIAN MECATRONIST": 29, "TEHNICIAN MECANIC PENTRU INTRETINERE SI REPARATII": 10, "TEHNICIAN IN ACTIVITATI ECONOMICE": 21, "TEHNICIAN DESIGNER VESTIMENTAR": 4, "TEHNICIAN IN INDUSTRIA TEXTILA": 1, "TEHNICIAN ELECTRICIAN/ELECTRONIST AUTO": 2, "TEHNICIAN IN ACTIVITATI DE COMERT": 2}, "limba_moderna": {"LIMBA ENGLEZA": 95, "LIMBA FRANCEZA": 20}, "limba_materna": {"LIMBA ROMANA": 115}, "promotie_anterioara": {"DA": 61, "NU": 54}, "materii": {"LIMBA ROMANA": {"medie": 5.642105263157895, "reusita": 78.26086956521739, "cnt": 115}, "BIOLOGIE VEGETALA SI ANIMALA": {"medie": 4.9568627450980385, "reusita": 67.3076923076923, "cnt": 52}, "GENERAL": {"medie": 6.133933933933936, "reusita": 48.69565217391305, "cnt": 115}, "GEOGRAFIE": {"medie": 7.607500000000002, "reusita": 97.5609756097561, "cnt": 41}, "PSIHOLOGIE": {"medie": 8.0, "reusita": 100.0, "cnt": 1}, "ANATOMIE SI FIZIOLOGIE UMANA, GENETICA SI ECOLOGIE UMANA": {"medie": 6.825, "reusita": 100.0, "cnt": 2}, "MATEMATICA TEHN": {"medie": 6.666814159292036, "reusita": 90.43478260869566, "cnt": 115}, "FIZICA TEH": {"medie": 5.890909090909091, "reusita": 66.66666666666666, "cnt": 12}, "CHIMIE ANORGANICA TEH NIVEL I/II": {"medie": 6.264285714285714, "reusita": 85.71428571428571, "cnt": 7}}, "nume": "COLEGIUL TEHNIC \"GHEORGHE BALS\" ADJUD\tVrancea"}