{"specializari": {"MATEMATICA-INFORMATICA": 42, "FILOLOGIE": 30, "STIINTE ALE NATURII": 65, "STIINTE SOCIALE": 32}, "limba_moderna": {"LIMBA ENGLEZA": 152, "LIMBA FRANCEZA": 17}, "limba_materna": {"LIMBA ROMANA": 169}, "promotie_anterioara": {"NU": 168, "DA": 1}, "materii": {"LIMBA ROMANA": {"medie": 8.386982248520706, "reusita": 100.0, "cnt": 169}, "MATEMATICA MATE-INFO": {"medie": 8.371951219512194, "reusita": 97.61904761904762, "cnt": 42}, "BIOLOGIE VEGETALA SI ANIMALA": {"medie": 7.928571428571429, "reusita": 100.0, "cnt": 7}, "GENERAL": {"medie": 8.284821428571425, "reusita": 96.44970414201184, "cnt": 169}, "CHIMIE ORGANICA TEO NIVEL I/II": {"medie": 9.155882352941179, "reusita": 100.0, "cnt": 34}, "INFORMATICA MI C/C++": {"medie": 8.933333333333335, "reusita": 100.0, "cnt": 12}, "ISTORIE": {"medie": 7.825806451612906, "reusita": 98.38709677419355, "cnt": 62}, "GEOGRAFIE": {"medie": 8.783673469387754, "reusita": 100.0, "cnt": 49}, "PSIHOLOGIE": {"medie": 10.0, "reusita": 100.0, "cnt": 1}, "MATEMATICA ST-NAT": {"medie": 8.232307692307693, "reusita": 100.0, "cnt": 65}, "ANATOMIE SI FIZIOLOGIE UMANA, GENETICA SI ECOLOGIE UMANA": {"medie": 7.644230769230769, "reusita": 92.5925925925926, "cnt": 27}, "FIZICA TEO": {"medie": 6.657692307692306, "reusita": 100.0, "cnt": 26}, "FILOSOFIE": {"medie": 9.3, "reusita": 100.0, "cnt": 1}, "INFORMATICA SN C/C++": {"medie": 8.0, "reusita": 100.0, "cnt": 1}, "ECONOMIE": {"medie": 9.65, "reusita": 100.0, "cnt": 3}, "LOGICA, ARGUMENTARE SI COMUNICARE": {"medie": 10.0, "reusita": 100.0, "cnt": 1}, "SOCIOLOGIE": {"medie": 8.642857142857142, "reusita": 100.0, "cnt": 7}}, "nume": "COLEGIUL NATIONAL \"GRIGORE MOISIL\" ONESTI\tBac\u0103u"}