{"specializari": {"MATEMATICA-INFORMATICA": 85, "STIINTE SOCIALE": 32, "FILOLOGIE": 65, "STIINTE ALE NATURII": 35}, "limba_moderna": {"LIMBA ENGLEZA": 208, "LIMBA FRANCEZA": 9}, "limba_materna": {"LIMBA ROMANA": 217}, "promotie_anterioara": {"NU": 212, "DA": 5}, "materii": {"LIMBA ROMANA": {"medie": 7.837962962962961, "reusita": 98.61751152073732, "cnt": 217}, "MATEMATICA MATE-INFO": {"medie": 8.571951219512192, "reusita": 94.11764705882352, "cnt": 85}, "BIOLOGIE VEGETALA SI ANIMALA": {"medie": 9.073076923076922, "reusita": 100.0, "cnt": 13}, "GENERAL": {"medie": 8.289797507788158, "reusita": 94.47004608294931, "cnt": 217}, "CHIMIE ORGANICA TEO NIVEL I/II": {"medie": 8.54642857142857, "reusita": 100.0, "cnt": 14}, "INFORMATICA MI C/C++": {"medie": 7.71875, "reusita": 72.72727272727273, "cnt": 11}, "ISTORIE": {"medie": 8.218041237113402, "reusita": 98.96907216494846, "cnt": 97}, "GEOGRAFIE": {"medie": 9.000632911392408, "reusita": 100.0, "cnt": 79}, "PSIHOLOGIE": {"medie": 9.633333333333333, "reusita": 100.0, "cnt": 3}, "MATEMATICA ST-NAT": {"medie": 7.840000000000001, "reusita": 97.14285714285714, "cnt": 35}, "ANATOMIE SI FIZIOLOGIE UMANA, GENETICA SI ECOLOGIE UMANA": {"medie": 8.769090909090908, "reusita": 98.18181818181819, "cnt": 55}, "FIZICA TEO": {"medie": 8.175925925925926, "reusita": 100.0, "cnt": 27}, "FILOSOFIE": {"medie": 5.2, "reusita": 100.0, "cnt": 2}, "ECONOMIE": {"medie": 8.816666666666666, "reusita": 100.0, "cnt": 12}, "SOCIOLOGIE": {"medie": 7.25, "reusita": 100.0, "cnt": 1}}, "nume": "COLEGIUL NATIONAL \"IENACHITA VACARESCU\" TARGOVISTE\tD\u00e2mbovi\u021ba"}