{"specializari": {"INVATATOR - EDUCATOARE": 34, "STIINTE SOCIALE": 34, "MATEMATICA-INFORMATICA": 21, "FILOLOGIE": 34}, "limba_moderna": {"LIMBA ENGLEZA": 117, "LIMBA GERMANA MODERNA": 2, "LIMBA FRANCEZA": 4}, "limba_materna": {"LIMBA ROMANA": 123}, "promotie_anterioara": {"NU": 122, "DA": 1}, "materii": {"LIMBA ROMANA": {"medie": 7.842213114754097, "reusita": 98.3739837398374, "cnt": 123}, "MATEMATICA MATE-INFO": {"medie": 8.416666666666666, "reusita": 100.0, "cnt": 21}, "BIOLOGIE VEGETALA SI ANIMALA": {"medie": 7.8875, "reusita": 100.0, "cnt": 4}, "GENERAL": {"medie": 8.389617486338802, "reusita": 93.4959349593496, "cnt": 123}, "CHIMIE ORGANICA TEO NIVEL I/II": {"medie": 8.774999999999999, "reusita": 100.0, "cnt": 2}, "INFORMATICA MI C/C++": {"medie": 9.02142857142857, "reusita": 100.0, "cnt": 7}, "ISTORIE": {"medie": 8.68955223880597, "reusita": 98.52941176470588, "cnt": 68}, "GEOGRAFIE": {"medie": 8.704878048780486, "reusita": 100.0, "cnt": 41}, "PSIHOLOGIE": {"medie": 8.599999999999998, "reusita": 100.0, "cnt": 23}, "ANATOMIE SI FIZIOLOGIE UMANA, GENETICA SI ECOLOGIE UMANA": {"medie": 8.11875, "reusita": 100.0, "cnt": 8}, "FILOSOFIE": {"medie": 9.625, "reusita": 100.0, "cnt": 2}, "LOGICA, ARGUMENTARE SI COMUNICARE": {"medie": 9.566666666666666, "reusita": 100.0, "cnt": 3}, "MATEMATICA PED": {"medie": 8.913235294117646, "reusita": 100.0, "cnt": 34}, "SOCIOLOGIE": {"medie": 8.5, "reusita": 90.9090909090909, "cnt": 33}}, "nume": "COLEGIUL NATIONAL \"PREPARANDIA-DIMITRIE TICHINDEAL\" ARAD\tArad"}