{"specializari": {"FILOLOGIE": 97, "MATEMATICA-INFORMATICA": 70, "STIINTE ALE NATURII": 5, "STIINTE SOCIALE": 1}, "limba_moderna": {"LIMBA ENGLEZA": 149, "LIMBA FRANCEZA": 24}, "limba_materna": {"LIMBA ROMANA": 173}, "promotie_anterioara": {"NU": 153, "DA": 20}, "materii": {"LIMBA ROMANA": {"medie": 7.772807017543859, "reusita": 95.37572254335261, "cnt": 173}, "MATEMATICA MATE-INFO": {"medie": 7.2928571428571445, "reusita": 90.0, "cnt": 70}, "GENERAL": {"medie": 7.504678362573101, "reusita": 80.34682080924856, "cnt": 173}, "CHIMIE ORGANICA TEO NIVEL I/II": {"medie": 9.016666666666667, "reusita": 100.0, "cnt": 6}, "ISTORIE": {"medie": 6.771428571428571, "reusita": 93.87755102040816, "cnt": 98}, "GEOGRAFIE": {"medie": 7.663333333333333, "reusita": 96.0, "cnt": 75}, "PSIHOLOGIE": {"medie": 7.2125, "reusita": 100.0, "cnt": 4}, "MATEMATICA ST-NAT": {"medie": 3.4250000000000003, "reusita": 40.0, "cnt": 5}, "ANATOMIE SI FIZIOLOGIE UMANA, GENETICA SI ECOLOGIE UMANA": {"medie": 7.942105263157895, "reusita": 96.55172413793103, "cnt": 58}, "FIZICA TEO": {"medie": 8.36, "reusita": 100.0, "cnt": 5}, "FILOSOFIE": {"medie": 6.4375, "reusita": 100.0, "cnt": 4}, "ECONOMIE": {"medie": 7.333333333333333, "reusita": 100.0, "cnt": 3}, "LOGICA, ARGUMENTARE SI COMUNICARE": {"medie": 7.85, "reusita": 100.0, "cnt": 2}, "SOCIOLOGIE": {"medie": 7.824999999999998, "reusita": 100.0, "cnt": 10}, "INFORMATICA MI PASCAL": {"medie": 8.891666666666667, "reusita": 100.0, "cnt": 6}}, "nume": "COLEGIUL NATIONAL \"NEAGOE BASARAB\" OLTENITA\tC\u0103l\u0103ra\u0219i"}