{"specializari": {"MATEMATICA-INFORMATICA": 28, "STIINTE SOCIALE": 41, "FILOLOGIE": 30}, "limba_moderna": {"LIMBA ENGLEZA": 93, "LIMBA FRANCEZA": 6}, "limba_materna": {"LIMBA ROMANA": 86, "LIMBA GERMANA": 13}, "promotie_anterioara": {"NU": 85, "DA": 14}, "materii": {"LIMBA ROMANA": {"medie": 6.556185567010311, "reusita": 85.85858585858585, "cnt": 99}, "MATEMATICA MATE-INFO": {"medie": 6.483928571428573, "reusita": 92.85714285714286, "cnt": 28}, "BIOLOGIE VEGETALA SI ANIMALA": {"medie": 6.46, "reusita": 93.33333333333333, "cnt": 15}, "GENERAL": {"medie": 6.984314236111115, "reusita": 77.77777777777779, "cnt": 99}, "CHIMIE ORGANICA TEO NIVEL I/II": {"medie": 8.325, "reusita": 100.0, "cnt": 2}, "INFORMATICA MI C/C++": {"medie": 7.960000000000001, "reusita": 100.0, "cnt": 5}, "ISTORIE": {"medie": 6.691428571428572, "reusita": 98.59154929577466, "cnt": 71}, "GEOGRAFIE": {"medie": 8.019402985074628, "reusita": 98.52941176470588, "cnt": 68}, "PSIHOLOGIE": {"medie": 7.1, "reusita": 100.0, "cnt": 2}, "ANATOMIE SI FIZIOLOGIE UMANA, GENETICA SI ECOLOGIE UMANA": {"medie": 8.6, "reusita": 100.0, "cnt": 1}, "FIZICA TEO": {"medie": 7.303999999999999, "reusita": 100.0, "cnt": 5}, "LIMBA GERMANA": {"medie": 6.780769230769229, "reusita": 100.0, "cnt": 13}, "ECONOMIE": {"medie": 5.9, "reusita": 100.0, "cnt": 1}}, "nume": "COLEGIUL NATIONAL \"DOAMNA STANCA\" FAGARAS\tBra\u0219ov"}