{"specializari": {"STIINTE SOCIALE": 38, "TEHNICIAN OPERATOR TEHNICA DE CALCUL": 6, "TEHNICIAN TRANSPORTURI": 19, "TEHNICIAN ELECTROTEHNIST": 1, "TEHNICIAN DE TELECOMUNICATII": 1}, "limba_moderna": {"LIMBA ENGLEZA": 40, "LIMBA FRANCEZA": 25}, "limba_materna": {"LIMBA ROMANA": 65}, "promotie_anterioara": {"NU": 48, "DA": 17}, "materii": {"LIMBA ROMANA": {"medie": 3.0255319148936173, "reusita": 15.384615384615385, "cnt": 65}, "BIOLOGIE VEGETALA SI ANIMALA": {"medie": 2.5749999999999997, "reusita": 12.5, "cnt": 24}, "GENERAL": {"medie": 3.727777777777778, "reusita": 4.615384615384616, "cnt": 65}, "ISTORIE": {"medie": 4.736, "reusita": 34.21052631578947, "cnt": 38}, "GEOGRAFIE": {"medie": 5.479166666666665, "reusita": 39.473684210526315, "cnt": 38}, "MATEMATICA TEHN": {"medie": 2.6166666666666663, "reusita": 22.22222222222222, "cnt": 27}, "FIZICA TEH": {"medie": 6.050000000000001, "reusita": 66.66666666666666, "cnt": 3}}, "nume": "COLEGIUL \"AUREL VIJOLI\" FAGARAS\tBra\u0219ov"}