{"specializari": {"MATEMATICA-INFORMATICA": 48, "FILOLOGIE": 37, "STIINTE ALE NATURII": 25}, "limba_moderna": {"LIMBA ENGLEZA": 100, "LIMBA FRANCEZA": 9, "LIMBA GERMANA MODERNA": 1}, "limba_materna": {"LIMBA GERMANA": 20, "LIMBA ROMANA": 90}, "promotie_anterioara": {"NU": 89, "DA": 21}, "materii": {"LIMBA ROMANA": {"medie": 6.340366972477065, "reusita": 91.81818181818183, "cnt": 110}, "MATEMATICA MATE-INFO": {"medie": 7.096808510638295, "reusita": 89.58333333333334, "cnt": 48}, "BIOLOGIE VEGETALA SI ANIMALA": {"medie": 6.204761904761904, "reusita": 80.95238095238095, "cnt": 21}, "GENERAL": {"medie": 6.588862928348909, "reusita": 64.54545454545455, "cnt": 110}, "CHIMIE ORGANICA TEO NIVEL I/II": {"medie": 9.3, "reusita": 100.0, "cnt": 1}, "INFORMATICA MI C/C++": {"medie": 7.525000000000002, "reusita": 94.11764705882352, "cnt": 34}, "CHIMIE ANORGANICA TEO NIVEL I/II": {"medie": 6.95, "reusita": 100.0, "cnt": 1}, "ISTORIE": {"medie": 5.8689189189189195, "reusita": 83.78378378378379, "cnt": 37}, "GEOGRAFIE": {"medie": 6.735185185185186, "reusita": 92.5925925925926, "cnt": 27}, "MATEMATICA ST-NAT": {"medie": 5.694, "reusita": 76.0, "cnt": 25}, "ANATOMIE SI FIZIOLOGIE UMANA, GENETICA SI ECOLOGIE UMANA": {"medie": 7.643333333333332, "reusita": 87.5, "cnt": 16}, "FILOSOFIE": {"medie": 5.375, "reusita": 75.0, "cnt": 4}, "LIMBA GERMANA": {"medie": 7.952500000000001, "reusita": 100.0, "cnt": 20}, "SOCIOLOGIE": {"medie": 5.991666666666667, "reusita": 83.33333333333334, "cnt": 6}}, "nume": "COLEGIUL NATIONAL \"DIACONOVICI TIETZ\" RESITA\tCara\u0219-Severin"}