{"specializari": {"MATEMATICA-INFORMATICA": 105, "FILOLOGIE": 65, "STIINTE SOCIALE": 34, "STIINTE ALE NATURII": 69}, "limba_moderna": {"LIMBA ENGLEZA": 246, "LIMBA FRANCEZA": 23, "LIMBA GERMANA MODERNA": 4}, "limba_materna": {"LIMBA ROMANA": 273}, "promotie_anterioara": {"NU": 269, "DA": 4}, "materii": {"LIMBA ROMANA": {"medie": 8.279304029304026, "reusita": 100.0, "cnt": 273}, "MATEMATICA MATE-INFO": {"medie": 9.06047619047619, "reusita": 100.0, "cnt": 105}, "BIOLOGIE VEGETALA SI ANIMALA": {"medie": 7.996296296296295, "reusita": 100.0, "cnt": 27}, "GENERAL": {"medie": 8.54060049019608, "reusita": 98.9010989010989, "cnt": 273}, "CHIMIE ORGANICA TEO NIVEL I/II": {"medie": 9.488666666666667, "reusita": 100.0, "cnt": 15}, "INFORMATICA MI C/C++": {"medie": 8.614772727272724, "reusita": 100.0, "cnt": 44}, "ISTORIE": {"medie": 8.685353535353538, "reusita": 100.0, "cnt": 99}, "GEOGRAFIE": {"medie": 9.424999999999999, "reusita": 100.0, "cnt": 26}, "PSIHOLOGIE": {"medie": 9.309999999999999, "reusita": 100.0, "cnt": 5}, "MATEMATICA ST-NAT": {"medie": 8.177205882352942, "reusita": 98.55072463768117, "cnt": 69}, "ANATOMIE SI FIZIOLOGIE UMANA, GENETICA SI ECOLOGIE UMANA": {"medie": 8.65595238095238, "reusita": 97.61904761904762, "cnt": 42}, "FIZICA TEO": {"medie": 8.078260869565218, "reusita": 100.0, "cnt": 46}, "ECONOMIE": {"medie": 9.114285714285714, "reusita": 100.0, "cnt": 7}, "SOCIOLOGIE": {"medie": 8.631147540983607, "reusita": 100.0, "cnt": 61}}, "nume": "COLEGIUL NATIONAL \"ZINCA GOLESCU\" PITESTI\tArge\u0219"}