{"specializari": {"FILOLOGIE": 32, "STIINTE SOCIALE": 31, "MATEMATICA-INFORMATICA": 136}, "limba_moderna": {"LIMBA ENGLEZA": 175, "LIMBA SPANIOLA": 14, "LIMBA FRANCEZA": 10}, "limba_materna": {"LIMBA ROMANA": 199}, "promotie_anterioara": {"NU": 188, "DA": 11}, "materii": {"LIMBA ROMANA": {"medie": 7.953768844221108, "reusita": 100.0, "cnt": 199}, "MATEMATICA MATE-INFO": {"medie": 8.011397058823524, "reusita": 100.0, "cnt": 136}, "BIOLOGIE VEGETALA SI ANIMALA": {"medie": 6.908333333333334, "reusita": 93.33333333333333, "cnt": 30}, "GENERAL": {"medie": 8.088442211055277, "reusita": 96.4824120603015, "cnt": 199}, "CHIMIE ORGANICA TEO NIVEL I/II": {"medie": 8.657142857142858, "reusita": 100.0, "cnt": 7}, "INFORMATICA MI C/C++": {"medie": 8.267647058823533, "reusita": 100.0, "cnt": 51}, "CHIMIE ANORGANICA TEO NIVEL I/II": {"medie": 7.155555555555556, "reusita": 100.0, "cnt": 9}, "ISTORIE": {"medie": 8.33571428571429, "reusita": 100.0, "cnt": 63}, "GEOGRAFIE": {"medie": 8.453030303030305, "reusita": 100.0, "cnt": 33}, "ANATOMIE SI FIZIOLOGIE UMANA, GENETICA SI ECOLOGIE UMANA": {"medie": 8.114583333333332, "reusita": 100.0, "cnt": 24}, "FIZICA TEO": {"medie": 8.046666666666665, "reusita": 93.33333333333333, "cnt": 15}, "ECONOMIE": {"medie": 10.0, "reusita": 100.0, "cnt": 1}, "LOGICA, ARGUMENTARE SI COMUNICARE": {"medie": 9.565217391304348, "reusita": 100.0, "cnt": 23}, "SOCIOLOGIE": {"medie": 8.833333333333334, "reusita": 100.0, "cnt": 6}}, "nume": "COLEGIUL NATIONAL \"FERDINAND I\" BACAU\tBac\u0103u"}