{"specializari": {"TEHNICIAN IN ACTIVITATI ECONOMICE": 95, "MATEMATICA-INFORMATICA": 21, "TEHNICIAN IN ADMINISTRATIE": 42, "TEHNICIAN IN TURISM": 44}, "limba_moderna": {"LIMBA ENGLEZA": 189, "LIMBA FRANCEZA": 6, "LIMBA SPANIOLA": 6, "LIMBA ITALIANA": 1}, "limba_materna": {"LIMBA ROMANA": 202}, "promotie_anterioara": {"NU": 182, "DA": 20}, "materii": {"LIMBA ROMANA": {"medie": 6.202261306532662, "reusita": 90.0990099009901, "cnt": 202}, "MATEMATICA MATE-INFO": {"medie": 5.685714285714285, "reusita": 80.95238095238095, "cnt": 21}, "BIOLOGIE VEGETALA SI ANIMALA": {"medie": 5.75, "reusita": 66.66666666666666, "cnt": 3}, "GENERAL": {"medie": 7.381377551020409, "reusita": 78.21782178217822, "cnt": 202}, "INFORMATICA MI C/C++": {"medie": 6.239999999999999, "reusita": 80.0, "cnt": 5}, "CHIMIE ANORGANICA TEO NIVEL I/II": {"medie": 6.925000000000001, "reusita": 100.0, "cnt": 4}, "ISTORIE": {"medie": 6.25, "reusita": 100.0, "cnt": 1}, "GEOGRAFIE": {"medie": 8.547435897435896, "reusita": 98.73417721518987, "cnt": 158}, "ANATOMIE SI FIZIOLOGIE UMANA, GENETICA SI ECOLOGIE UMANA": {"medie": 6.06875, "reusita": 75.0, "cnt": 8}, "FIZICA TEO": {"medie": 5.25, "reusita": 100.0, "cnt": 1}, "MATEMATICA TEHN": {"medie": 7.856534090909094, "reusita": 93.33333333333333, "cnt": 180}, "ECONOMIE": {"medie": 8.825, "reusita": 100.0, "cnt": 2}, "LOGICA, ARGUMENTARE SI COMUNICARE": {"medie": 8.252380952380951, "reusita": 95.23809523809523, "cnt": 21}}, "nume": "COLEGIUL ECONOMIC \"ANGHEL RUGINA\", MUN. VASLUI\tVaslui"}