{"specializari": {"MATEMATICA-INFORMATICA": 101}, "limba_moderna": {"LIMBA ENGLEZA": 101}, "limba_materna": {"LIMBA ROMANA": 101}, "promotie_anterioara": {"NU": 101}, "materii": {"LIMBA ROMANA": {"medie": 7.987128712871288, "reusita": 100.0, "cnt": 101}, "MATEMATICA MATE-INFO": {"medie": 9.437128712871287, "reusita": 100.0, "cnt": 101}, "BIOLOGIE VEGETALA SI ANIMALA": {"medie": 8.728571428571428, "reusita": 100.0, "cnt": 14}, "GENERAL": {"medie": 8.606600660066006, "reusita": 100.0, "cnt": 101}, "CHIMIE ORGANICA TEO NIVEL I/II": {"medie": 9.459999999999999, "reusita": 100.0, "cnt": 5}, "INFORMATICA MI C/C++": {"medie": 7.777777777777778, "reusita": 100.0, "cnt": 9}, "CHIMIE ANORGANICA TEO NIVEL I/II": {"medie": 8.942499999999999, "reusita": 100.0, "cnt": 20}, "FIZICA TEO": {"medie": 8.105660377358491, "reusita": 100.0, "cnt": 53}}, "nume": "COLEGIUL NATIONAL MILITAR \"STEFAN CEL MARE\" CAMPULUNG MOLDOVENESC\tSuceava"}