{"specializari": {"TEHNICIAN ECOLOG SI PROTECTIA CALITATII MEDIULUI": 21, "TEHNICIAN ANALIZE PRODUSE ALIMENTARE": 22, "TEHNICIAN IN ADMINISTRATIE": 19, "TEHNICIAN VETERINAR": 10, "TEHNICIAN IN AGROTURISM": 15, "TEHNICIAN IN INDUSTRIA ALIMENTARA": 42, "TEHNICIAN IN AGRICULTURA": 5, "TEHNICIAN IN ACTIVITATI ECONOMICE": 25, "TEOLOGIE ORTODOXA": 1, "MATEMATICA-INFORMATICA": 1, "TEHNICIAN VETERINAR PENTRU ANIMALE DE COMPANIE": 1}, "limba_moderna": {"LIMBA FRANCEZA": 13, "LIMBA ENGLEZA": 149}, "limba_materna": {"LIMBA ROMANA": 162}, "promotie_anterioara": {"DA": 63, "NU": 99}, "materii": {"LIMBA ROMANA": {"medie": 5.065000000000001, "reusita": 59.876543209876544, "cnt": 162}, "MATEMATICA MATE-INFO": {"medie": 1.0, "reusita": 0.0, "cnt": 1}, "BIOLOGIE VEGETALA SI ANIMALA": {"medie": "-", "reusita": 0.0, "cnt": 1}, "GENERAL": {"medie": 5.284909909909909, "reusita": 22.839506172839506, "cnt": 162}, "ISTORIE": {"medie": 2.2, "reusita": 0.0, "cnt": 1}, "GEOGRAFIE": {"medie": 7.320000000000002, "reusita": 97.77777777777777, "cnt": 45}, "ANATOMIE SI FIZIOLOGIE UMANA, GENETICA SI ECOLOGIE UMANA": {"medie": 5.428846153846153, "reusita": 65.51724137931035, "cnt": 116}, "MATEMATICA TEHN": {"medie": 4.799662162162166, "reusita": 58.75, "cnt": 160}}, "nume": "COLEGIUL AGRICOL \"TRAIAN SAVULESCU\" TIRGU MURES\tMure\u0219"}