{"specializari": {"MATEMATICA-INFORMATICA": 51, "STIINTE ALE NATURII": 41, "FILOLOGIE": 33}, "limba_moderna": {"LIMBA ENGLEZA": 119, "LIMBA FRANCEZA": 6}, "limba_materna": {"LIMBA ROMANA": 105, "LIMBA MAGHIARA": 20}, "promotie_anterioara": {"NU": 118, "DA": 7}, "materii": {"LIMBA ROMANA": {"medie": 7.314112903225806, "reusita": 96.0, "cnt": 125}, "MATEMATICA MATE-INFO": {"medie": 8.329591836734695, "reusita": 92.15686274509804, "cnt": 51}, "BIOLOGIE VEGETALA SI ANIMALA": {"medie": 6.8428571428571425, "reusita": 100.0, "cnt": 7}, "GENERAL": {"medie": 7.847594850948509, "reusita": 89.60000000000001, "cnt": 125}, "CHIMIE ORGANICA TEO NIVEL I/II": {"medie": 8.133333333333335, "reusita": 100.0, "cnt": 39}, "INFORMATICA MI C/C++": {"medie": 7.57, "reusita": 100.0, "cnt": 10}, "CHIMIE ANORGANICA TEO NIVEL I/II": {"medie": 8.700000000000001, "reusita": 100.0, "cnt": 3}, "ISTORIE": {"medie": 7.727272727272728, "reusita": 100.0, "cnt": 33}, "GEOGRAFIE": {"medie": 9.05, "reusita": 100.0, "cnt": 31}, "MATEMATICA ST-NAT": {"medie": 7.243902439024389, "reusita": 97.5609756097561, "cnt": 41}, "ANATOMIE SI FIZIOLOGIE UMANA, GENETICA SI ECOLOGIE UMANA": {"medie": 8.613793103448277, "reusita": 90.32258064516128, "cnt": 31}, "FIZICA TEO": {"medie": 8.45, "reusita": 100.0, "cnt": 1}, "LOGICA, ARGUMENTARE SI COMUNICARE": {"medie": 8.975, "reusita": 100.0, "cnt": 2}, "INFORMATICA MI PASCAL": {"medie": 5.85, "reusita": 100.0, "cnt": 1}, "LIMBA MAGHIARA (REAL)": {"medie": 6.777500000000001, "reusita": 100.0, "cnt": 20}}, "nume": "COLEGIUL NATIONAL \"ANDREI MURESANU\" DEJ\tCluj"}