{"specializari": {"STIINTE ALE NATURII": 30, "MATEMATICA-INFORMATICA": 245}, "limba_moderna": {"LIMBA ENGLEZA": 258, "LIMBA FRANCEZA": 13, "LIMBA SPANIOLA": 4}, "limba_materna": {"LIMBA ROMANA": 275}, "promotie_anterioara": {"NU": 275}, "materii": {"LIMBA ROMANA": {"medie": 8.401454545454545, "reusita": 99.63636363636364, "cnt": 275}, "MATEMATICA MATE-INFO": {"medie": 9.353877551020407, "reusita": 100.0, "cnt": 245}, "BIOLOGIE VEGETALA SI ANIMALA": {"medie": 9.266666666666667, "reusita": 100.0, "cnt": 33}, "GENERAL": {"medie": 8.870727272727269, "reusita": 99.63636363636364, "cnt": 275}, "CHIMIE ORGANICA TEO NIVEL I/II": {"medie": 9.223595505617975, "reusita": 100.0, "cnt": 89}, "INFORMATICA MI C/C++": {"medie": 9.159375, "reusita": 100.0, "cnt": 32}, "CHIMIE ANORGANICA TEO NIVEL I/II": {"medie": 8.940000000000001, "reusita": 100.0, "cnt": 10}, "MATEMATICA ST-NAT": {"medie": 8.348333333333334, "reusita": 100.0, "cnt": 30}, "ANATOMIE SI FIZIOLOGIE UMANA, GENETICA SI ECOLOGIE UMANA": {"medie": 9.361538461538462, "reusita": 100.0, "cnt": 26}, "FIZICA TEO": {"medie": 8.390588235294118, "reusita": 98.82352941176471, "cnt": 85}}, "nume": "COLEGIUL NATIONAL \"MIHAI VITEAZUL\"\tBucure\u0219ti"}