{"specializari": {"TEHNICIAN INSTALATOR PENTRU CONSTRUCTII": 1, "MATEMATICA-INFORMATICA": 28, "FILOLOGIE": 31, "TEHNICIAN IN ACTIVITATI ECONOMICE": 32, "TEHNICIAN TRANSPORTURI": 7, "STIINTE ALE NATURII": 28, "TEHNICIAN ELECTROTEHNIST": 19, "TEHNICIAN IN AUTOMATIZARI": 25, "TEHNICIAN PROIECTANT CAD": 18, "TEHNICIAN IN ACTIVITATI DE COMERT": 1, "TEHNICIAN MECANIC PENTRU INTRETINERE SI REPARATII": 3, "TEHNICIAN ANALIZE PRODUSE ALIMENTARE": 2}, "limba_moderna": {"LIMBA ENGLEZA": 191, "LIMBA FRANCEZA": 4}, "limba_materna": {"LIMBA ROMANA": 194, "LIMBA MAGHIARA": 1}, "promotie_anterioara": {"NU": 163, "DA": 32}, "materii": {"LIMBA ROMANA": {"medie": 5.648952879581152, "reusita": 73.33333333333333, "cnt": 195}, "MATEMATICA MATE-INFO": {"medie": 6.801785714285715, "reusita": 82.14285714285714, "cnt": 28}, "BIOLOGIE VEGETALA SI ANIMALA": {"medie": 6.0978260869565215, "reusita": 69.0721649484536, "cnt": 97}, "GENERAL": {"medie": 6.497373188405797, "reusita": 54.35897435897436, "cnt": 195}, "CHIMIE ORGANICA TEO NIVEL I/II": {"medie": 7.9, "reusita": 100.0, "cnt": 5}, "INFORMATICA MI C/C++": {"medie": 6.299999999999999, "reusita": 75.0, "cnt": 4}, "CHIMIE ANORGANICA TEO NIVEL I/II": {"medie": 8.09, "reusita": 80.0, "cnt": 5}, "ISTORIE": {"medie": 6.5629032258064495, "reusita": 93.54838709677419, "cnt": 31}, "GEOGRAFIE": {"medie": 8.491509433962266, "reusita": 100.0, "cnt": 53}, "PSIHOLOGIE": {"medie": 7.714285714285714, "reusita": 100.0, "cnt": 7}, "MATEMATICA ST-NAT": {"medie": 5.55, "reusita": 85.71428571428571, "cnt": 28}, "ANATOMIE SI FIZIOLOGIE UMANA, GENETICA SI ECOLOGIE UMANA": {"medie": 7.958333333333332, "reusita": 91.66666666666666, "cnt": 12}, "FIZICA TEO": {"medie": 7.65, "reusita": 100.0, "cnt": 1}, "MATEMATICA TEHN": {"medie": 6.967452830188682, "reusita": 86.11111111111111, "cnt": 108}, "FIZICA TEH": {"medie": 2.3625000000000003, "reusita": 20.0, "cnt": 5}, "SOCIOLOGIE": {"medie": 9.3875, "reusita": 100.0, "cnt": 4}, "INFORMATICA MI PASCAL": {"medie": 5.4, "reusita": 100.0, "cnt": 1}, "CHIMIE ANORGANICA TEH NIVEL I/II": {"medie": 4.2, "reusita": 0.0, "cnt": 1}, "LIMBA MAGHIARA (REAL)": {"medie": 5.0, "reusita": 100.0, "cnt": 1}}, "nume": "COLEGIUL TEHNIC \"ALEXANDRU ROMAN\" ALESD\tBihor"}