{"specializari": {"COAFOR STILIST": 38, "TEHNICIAN IN ACTIVITATI ECONOMICE": 44, "TEHNICIAN MECANIC PENTRU INTRETINERE SI REPARATII": 8, "TEHNICIAN OPERATOR TEHNICA DE CALCUL": 14, "TEHNICIAN IN GASTRONOMIE": 8, "ORGANIZATOR BANQUETING": 11, "TEHNICIAN MECATRONIST": 17}, "limba_moderna": {"LIMBA ENGLEZA": 140}, "limba_materna": {"LIMBA ROMANA": 140}, "promotie_anterioara": {"NU": 48, "DA": 92}, "materii": {"LIMBA ROMANA": {"medie": 4.162, "reusita": 40.714285714285715, "cnt": 140}, "BIOLOGIE VEGETALA SI ANIMALA": {"medie": 5.11, "reusita": 57.14285714285714, "cnt": 21}, "GENERAL": {"medie": 4.86304347826087, "reusita": 15.714285714285714, "cnt": 140}, "GEOGRAFIE": {"medie": 6.163440860215054, "reusita": 79.20792079207921, "cnt": 101}, "MATEMATICA TEHN": {"medie": 4.8324000000000025, "reusita": 53.57142857142857, "cnt": 140}, "FIZICA TEH": {"medie": 3.2352941176470593, "reusita": 27.77777777777778, "cnt": 18}}, "nume": "COLEGIUL UCECOM \"SPIRU HARET\"\tBucure\u0219ti"}