{"specializari": {"TEHNICIAN OPERATOR TEHNICA DE CALCUL": 18, "TEHNICIAN IN ACTIVITATI ECONOMICE": 24, "STIINTE ALE NATURII": 3, "COAFOR STILIST": 7, "TEHNICIAN DESENATOR PENTRU CONSTRUCTII SI INSTALATII": 18, "TEHNICIAN IN ACTIVITATI DE COMERT": 3, "TEHNICIAN IN ADMINISTRATIE": 5, "TEHNICIAN IN INDUSTRIA TEXTILA": 2, "TEHNICIAN ECOLOG SI PROTECTIA CALITATII MEDIULUI": 1}, "limba_moderna": {"LIMBA ENGLEZA": 80, "LIMBA FRANCEZA": 1}, "limba_materna": {"LIMBA ROMANA": 81}, "promotie_anterioara": {"DA": 34, "NU": 47}, "materii": {"LIMBA ROMANA": {"medie": 6.080379746835443, "reusita": 90.12345679012346, "cnt": 81}, "BIOLOGIE VEGETALA SI ANIMALA": {"medie": 5.1078125, "reusita": 69.6969696969697, "cnt": 33}, "GENERAL": {"medie": 6.372727272727273, "reusita": 53.086419753086425, "cnt": 81}, "GEOGRAFIE": {"medie": 7.407692307692309, "reusita": 97.43589743589743, "cnt": 39}, "MATEMATICA ST-NAT": {"medie": 2.533333333333333, "reusita": 33.33333333333333, "cnt": 3}, "ANATOMIE SI FIZIOLOGIE UMANA, GENETICA SI ECOLOGIE UMANA": {"medie": 3.8, "reusita": 0.0, "cnt": 1}, "MATEMATICA TEHN": {"medie": 6.848000000000002, "reusita": 84.61538461538461, "cnt": 78}, "FIZICA TEH": {"medie": 5.625, "reusita": 100.0, "cnt": 2}, "CHIMIE ANORGANICA TEH NIVEL I/II": {"medie": 6.975, "reusita": 66.66666666666666, "cnt": 6}}, "nume": "COLEGIUL TEHNIC \"MEDIENSIS\" MEDIAS\tSibiu"}