{"specializari": {"STIINTE ALE NATURII": 127, "MATEMATICA-INFORMATICA": 53}, "limba_moderna": {"LIMBA ENGLEZA": 169, "LIMBA GERMANA MODERNA": 9, "LIMBA FRANCEZA": 2}, "limba_materna": {"LIMBA ROMANA": 180}, "promotie_anterioara": {"NU": 179, "DA": 1}, "materii": {"LIMBA ROMANA": {"medie": 8.17, "reusita": 99.44444444444444, "cnt": 180}, "MATEMATICA MATE-INFO": {"medie": 8.98679245283019, "reusita": 100.0, "cnt": 53}, "BIOLOGIE VEGETALA SI ANIMALA": {"medie": 8.576250000000002, "reusita": 100.0, "cnt": 80}, "GENERAL": {"medie": 8.484450651769086, "reusita": 96.66666666666667, "cnt": 180}, "CHIMIE ORGANICA TEO NIVEL I/II": {"medie": 9.325, "reusita": 100.0, "cnt": 2}, "INFORMATICA MI C/C++": {"medie": 8.652000000000001, "reusita": 100.0, "cnt": 25}, "CHIMIE ANORGANICA TEO NIVEL I/II": {"medie": 8.65, "reusita": 100.0, "cnt": 1}, "MATEMATICA ST-NAT": {"medie": 8.376984126984123, "reusita": 98.4251968503937, "cnt": 127}, "ANATOMIE SI FIZIOLOGIE UMANA, GENETICA SI ECOLOGIE UMANA": {"medie": 9.25394736842105, "reusita": 100.0, "cnt": 38}, "FIZICA TEO": {"medie": 8.631818181818183, "reusita": 100.0, "cnt": 22}, "INFORMATICA SN C/C++": {"medie": 8.174999999999999, "reusita": 83.33333333333334, "cnt": 12}}, "nume": "COLEGIUL NATIONAL \"GHEORGHE LAZAR\" SIBIU\tSibiu"}