{"specializari": {"INVATATOR - EDUCATOARE": 27, "MATEMATICA-INFORMATICA": 28, "STIINTE SOCIALE": 31, "STIINTE ALE NATURII": 22, "FILOLOGIE": 31, "LICEU CU PROGRAM SPORTIV": 1}, "limba_moderna": {"LIMBA ENGLEZA": 136, "LIMBA GERMANA MODERNA": 4}, "limba_materna": {"LIMBA ROMANA": 140}, "promotie_anterioara": {"DA": 10, "NU": 130}, "materii": {"LIMBA ROMANA": {"medie": 7.667499999999995, "reusita": 97.14285714285714, "cnt": 140}, "MATEMATICA MATE-INFO": {"medie": 9.094642857142858, "reusita": 100.0, "cnt": 28}, "BIOLOGIE VEGETALA SI ANIMALA": {"medie": 6.0, "reusita": 100.0, "cnt": 1}, "GENERAL": {"medie": 7.851904761904765, "reusita": 90.0, "cnt": 140}, "INFORMATICA MI C/C++": {"medie": 9.825, "reusita": 100.0, "cnt": 4}, "ISTORIE": {"medie": 7.69761904761905, "reusita": 98.4126984126984, "cnt": 63}, "GEOGRAFIE": {"medie": 7.689024390243901, "reusita": 95.1219512195122, "cnt": 82}, "MATEMATICA ST-NAT": {"medie": 6.579545454545456, "reusita": 90.9090909090909, "cnt": 22}, "ANATOMIE SI FIZIOLOGIE UMANA, GENETICA SI ECOLOGIE UMANA": {"medie": 8.720512820512822, "reusita": 100.0, "cnt": 39}, "FIZICA TEO": {"medie": 9.125, "reusita": 100.0, "cnt": 6}, "FILOSOFIE": {"medie": 5.65, "reusita": 100.0, "cnt": 1}, "ECONOMIE": {"medie": 6.35, "reusita": 100.0, "cnt": 1}, "LOGICA, ARGUMENTARE SI COMUNICARE": {"medie": 9.299999999999999, "reusita": 100.0, "cnt": 6}, "MATEMATICA PED": {"medie": 7.4648148148148135, "reusita": 96.29629629629629, "cnt": 27}}, "nume": "COLEGIUL NATIONAL \"MIHAI VITEAZUL\" SFANTU GHEORGHE\tCovasna"}