{"specializari": {"TEHNICIAN ECOLOG SI PROTECTIA CALITATII MEDIULUI": 26, "TEHNICIAN IN TURISM": 34, "TEHNICIAN IN ACTIVITATI DE COMERT": 18, "TEHNICIAN ELECTROMECANIC": 10, "TEHNICIAN ELECTRONIST": 12, "TEHNICIAN DESIGNER MOBILA SI AMENAJARI INTERIOARE": 4, "TEHNICIAN TRANSPORTURI": 13, "TEHNICIAN MECATRONIST": 16, "TEHNICIAN IN GASTRONOMIE": 5, "TEHNICIAN PROIECTANT CAD": 6, "TEHNICIAN INSTALATOR PENTRU CONSTRUCTII": 4, "TEHNICIAN PRELUCRARI MECANICE": 1, "TEHNICIAN IN INDUSTRIA TEXTILA": 2, "TEHNICIAN OPERATOR TEHNICA DE CALCUL": 3, "TEHNICIAN VETERINAR": 1, "TEHNICIAN IN PRELUCRAREA LEMNULUI": 4}, "limba_moderna": {"LIMBA ENGLEZA": 107, "LIMBA FRANCEZA": 52}, "limba_materna": {"LIMBA ROMANA": 159}, "promotie_anterioara": {"NU": 95, "DA": 64}, "materii": {"LIMBA ROMANA": {"medie": 5.457947019867548, "reusita": 76.72955974842768, "cnt": 159}, "BIOLOGIE VEGETALA SI ANIMALA": {"medie": 5.322857142857141, "reusita": 59.72222222222222, "cnt": 72}, "GENERAL": {"medie": 5.7178004535147355, "reusita": 41.509433962264154, "cnt": 159}, "GEOGRAFIE": {"medie": 7.721568627450977, "reusita": 90.9090909090909, "cnt": 55}, "ANATOMIE SI FIZIOLOGIE UMANA, GENETICA SI ECOLOGIE UMANA": {"medie": 5.092857142857143, "reusita": 71.42857142857143, "cnt": 7}, "MATEMATICA TEHN": {"medie": 5.513758389261746, "reusita": 66.66666666666666, "cnt": 159}, "FIZICA TEH": {"medie": 9.5, "reusita": 100.0, "cnt": 1}, "LOGICA, ARGUMENTARE SI COMUNICARE": {"medie": 7.9, "reusita": 100.0, "cnt": 2}, "CHIMIE ANORGANICA TEH NIVEL I/II": {"medie": 4.540909090909091, "reusita": 54.54545454545454, "cnt": 22}}, "nume": "COLEGIUL TEHNIC CAMPULUNG\tArge\u0219"}