{"specializari": {"MATEMATICA-INFORMATICA": 45, "STIINTE SOCIALE": 87, "STIINTE ALE NATURII": 61}, "limba_moderna": {"LIMBA ENGLEZA": 188, "LIMBA FRANCEZA": 3, "LIMBA GERMANA MODERNA": 2}, "limba_materna": {"LIMBA ROMANA": 176, "LIMBA GERMANA": 17}, "promotie_anterioara": {"NU": 193}, "materii": {"LIMBA ROMANA": {"medie": 8.000518134715026, "reusita": 98.96373056994818, "cnt": 193}, "MATEMATICA MATE-INFO": {"medie": 9.427777777777779, "reusita": 100.0, "cnt": 45}, "BIOLOGIE VEGETALA SI ANIMALA": {"medie": 7.540000000000001, "reusita": 100.0, "cnt": 5}, "GENERAL": {"medie": 8.370574265975819, "reusita": 98.96373056994818, "cnt": 193}, "CHIMIE ORGANICA TEO NIVEL I/II": {"medie": 8.466666666666665, "reusita": 100.0, "cnt": 15}, "INFORMATICA MI C/C++": {"medie": 7.636363636363637, "reusita": 100.0, "cnt": 11}, "CHIMIE ANORGANICA TEO NIVEL I/II": {"medie": 7.15, "reusita": 100.0, "cnt": 2}, "ISTORIE": {"medie": 7.652873563218393, "reusita": 100.0, "cnt": 87}, "GEOGRAFIE": {"medie": 9.010869565217392, "reusita": 100.0, "cnt": 46}, "PSIHOLOGIE": {"medie": 9.45, "reusita": 100.0, "cnt": 2}, "MATEMATICA ST-NAT": {"medie": 8.31065573770492, "reusita": 100.0, "cnt": 61}, "ANATOMIE SI FIZIOLOGIE UMANA, GENETICA SI ECOLOGIE UMANA": {"medie": 9.087931034482759, "reusita": 100.0, "cnt": 58}, "FIZICA TEO": {"medie": 9.511111111111111, "reusita": 100.0, "cnt": 9}, "FILOSOFIE": {"medie": 6.1, "reusita": 100.0, "cnt": 1}, "LIMBA GERMANA": {"medie": 8.132352941176471, "reusita": 100.0, "cnt": 17}, "LOGICA, ARGUMENTARE SI COMUNICARE": {"medie": 8.711764705882352, "reusita": 100.0, "cnt": 34}, "SOCIOLOGIE": {"medie": 9.2875, "reusita": 100.0, "cnt": 4}, "INFORMATICA MI PASCAL": {"medie": 8.241666666666667, "reusita": 100.0, "cnt": 6}}, "nume": "COLEGIUL NATIONAL \"ALEXANDRU PAPIU ILARIAN\" TIRGU MURES\tMure\u0219"}