{"specializari": {"TEHNICIAN IN ADMINISTRATIE": 16, "TEHNICIAN VETERINAR": 7, "TEHNICIAN IN ACTIVITATI DE COMERT": 8, "TEHNICIAN ELECTROMECANIC": 1, "TEHNICIAN IN INDUSTRIA ALIMENTARA": 4, "TEHNICIAN IN ACTIVITATI ECONOMICE": 2, "TEHNICIAN IN HOTELARIE": 1, "TEHNICIAN ECOLOG SI PROTECTIA CALITATII MEDIULUI": 1}, "limba_moderna": {"LIMBA ENGLEZA": 40}, "limba_materna": {"LIMBA ROMANA": 40}, "promotie_anterioara": {"NU": 21, "DA": 19}, "materii": {"LIMBA ROMANA": {"medie": 5.253947368421052, "reusita": 65.0, "cnt": 40}, "BIOLOGIE VEGETALA SI ANIMALA": {"medie": 6.125, "reusita": 77.77777777777779, "cnt": 9}, "GENERAL": {"medie": 6.143055555555557, "reusita": 45.0, "cnt": 40}, "GEOGRAFIE": {"medie": 6.922222222222224, "reusita": 96.29629629629629, "cnt": 27}, "ANATOMIE SI FIZIOLOGIE UMANA, GENETICA SI ECOLOGIE UMANA": {"medie": 3.675, "reusita": 33.33333333333333, "cnt": 3}, "MATEMATICA TEHN": {"medie": 6.7202702702702695, "reusita": 82.5, "cnt": 40}, "FIZICA TEH": {"medie": 2.9, "reusita": 0.0, "cnt": 1}}, "nume": "COLEGIUL \"EMIL NEGRUTIU\" TURDA\tCluj"}