{"specializari": {"TEHNICIAN IN ACTIVITATI ECONOMICE": 57, "TEHNICIAN IN GASTRONOMIE": 30, "TEHNICIAN IN TURISM": 15, "TEHNICIAN IN ACHIZITII SI CONTRACTARI": 57, "TEHNICIAN IN ADMINISTRATIE": 27, "ORGANIZATOR BANQUETING": 2}, "limba_moderna": {"LIMBA ENGLEZA": 170, "LIMBA FRANCEZA": 18}, "limba_materna": {"LIMBA ROMANA": 188}, "promotie_anterioara": {"NU": 174, "DA": 14}, "materii": {"LIMBA ROMANA": {"medie": 6.770320855614969, "reusita": 97.87234042553192, "cnt": 188}, "GENERAL": {"medie": 7.940860215053761, "reusita": 93.08510638297872, "cnt": 188}, "GEOGRAFIE": {"medie": 8.441369047619052, "reusita": 99.40828402366864, "cnt": 169}, "PSIHOLOGIE": {"medie": 7.8, "reusita": 100.0, "cnt": 4}, "MATEMATICA TEHN": {"medie": 8.674999999999999, "reusita": 96.27659574468085, "cnt": 188}, "ECONOMIE": {"medie": 6.949999999999998, "reusita": 100.0, "cnt": 13}, "LOGICA, ARGUMENTARE SI COMUNICARE": {"medie": 6.3, "reusita": 100.0, "cnt": 2}}, "nume": "COLEGIUL ECONOMIC \"MIHAIL KOGALNICEANU\" FOCSANI\tVrancea"}