{"specializari": {"TEHNICIAN OPERATOR TEHNICA DE CALCUL": 1, "TEHNICIAN DESENATOR PENTRU CONSTRUCTII SI INSTALATII": 3, "TEHNICIAN IN AUTOMATIZARI": 12, "TEHNICIAN ELECTRICIAN/ELECTRONIST AUTO": 9, "TEHNICIAN DE TELECOMUNICATII": 3, "TEHNICIAN ELECTROMECANIC": 3, "TEHNICIAN TRANSPORTURI": 6}, "limba_moderna": {"LIMBA ENGLEZA": 37}, "limba_materna": {"LIMBA ROMANA": 36, "LIMBA MAGHIARA": 1}, "promotie_anterioara": {"DA": 16, "NU": 21}, "materii": {"LIMBA ROMANA": {"medie": 5.3999999999999995, "reusita": 75.67567567567568, "cnt": 37}, "BIOLOGIE VEGETALA SI ANIMALA": {"medie": 4.663333333333333, "reusita": 56.25, "cnt": 16}, "GENERAL": {"medie": 5.759374999999999, "reusita": 45.94594594594595, "cnt": 37}, "MATEMATICA TEHN": {"medie": 6.8094594594594575, "reusita": 91.8918918918919, "cnt": 37}, "FIZICA TEH": {"medie": 5.5874999999999995, "reusita": 87.5, "cnt": 8}, "CHIMIE ANORGANICA TEH NIVEL I/II": {"medie": 5.1923076923076925, "reusita": 76.92307692307693, "cnt": 13}, "LIMBA MAGHIARA (REAL)": {"medie": 5.3, "reusita": 100.0, "cnt": 1}}, "nume": "COLEGIUL TEHNIC DE TRANSPORTURI \"TRANSILVANIA\" CLUJ-NAPOCA\tCluj"}