{"specializari": {"FILOLOGIE": 32, "STIINTE SOCIALE": 34, "MATEMATICA-INFORMATICA": 48, "INVATATOR - EDUCATOARE": 30}, "limba_moderna": {"LIMBA ENGLEZA": 141, "LIMBA SPANIOLA": 1, "LIMBA FRANCEZA": 2}, "limba_materna": {"LIMBA ROMANA": 144}, "promotie_anterioara": {"NU": 141, "DA": 3}, "materii": {"LIMBA ROMANA": {"medie": 6.471875000000004, "reusita": 89.58333333333334, "cnt": 144}, "MATEMATICA MATE-INFO": {"medie": 6.953124999999999, "reusita": 85.41666666666666, "cnt": 48}, "BIOLOGIE VEGETALA SI ANIMALA": {"medie": 6.025, "reusita": 100.0, "cnt": 2}, "GENERAL": {"medie": 7.280555555555553, "reusita": 82.63888888888889, "cnt": 144}, "CHIMIE ORGANICA TEO NIVEL I/II": {"medie": 7.295000000000002, "reusita": 100.0, "cnt": 10}, "INFORMATICA MI C/C++": {"medie": 7.0, "reusita": 100.0, "cnt": 5}, "CHIMIE ANORGANICA TEO NIVEL I/II": {"medie": 5.4, "reusita": 100.0, "cnt": 1}, "ISTORIE": {"medie": 7.453787878787878, "reusita": 96.96969696969697, "cnt": 66}, "GEOGRAFIE": {"medie": 7.997999999999998, "reusita": 100.0, "cnt": 50}, "PSIHOLOGIE": {"medie": 9.0, "reusita": 100.0, "cnt": 3}, "ANATOMIE SI FIZIOLOGIE UMANA, GENETICA SI ECOLOGIE UMANA": {"medie": 6.9543478260869565, "reusita": 95.65217391304348, "cnt": 23}, "FIZICA TEO": {"medie": 7.242857142857143, "reusita": 100.0, "cnt": 7}, "FILOSOFIE": {"medie": 8.0, "reusita": 100.0, "cnt": 2}, "LOGICA, ARGUMENTARE SI COMUNICARE": {"medie": 9.229268292682928, "reusita": 100.0, "cnt": 41}, "MATEMATICA PED": {"medie": 7.673333333333333, "reusita": 93.33333333333333, "cnt": 30}}, "nume": "COLEGIUL NATIONAL PEDAGOGIC \"CONSTANTIN BRATESCU\" CONSTANTA\tConstan\u021ba"}