{"specializari": {"MATEMATICA-INFORMATICA": 32, "TEHNICIAN MECATRONIST": 23, "TEHNICIAN TRANSPORTURI": 18, "TEHNICIAN IN AUTOMATIZARI": 17, "TEHNICIAN MECANIC PENTRU INTRETINERE SI REPARATII": 17, "TEHNICIAN PROIECTANT CAD": 25, "STIINTE ALE NATURII": 1, "TEHNICIAN ELECTROTEHNIST": 1}, "limba_moderna": {"LIMBA ENGLEZA": 132, "LIMBA FRANCEZA": 2}, "limba_materna": {"LIMBA ROMANA": 134}, "promotie_anterioara": {"DA": 71, "NU": 63}, "materii": {"LIMBA ROMANA": {"medie": 5.1022727272727275, "reusita": 64.92537313432835, "cnt": 134}, "MATEMATICA MATE-INFO": {"medie": 4.21, "reusita": 56.25, "cnt": 32}, "BIOLOGIE VEGETALA SI ANIMALA": {"medie": 4.219565217391305, "reusita": 43.29896907216495, "cnt": 97}, "GENERAL": {"medie": 4.608743169398906, "reusita": 14.17910447761194, "cnt": 134}, "MATEMATICA ST-NAT": {"medie": 3.5, "reusita": 0.0, "cnt": 1}, "ANATOMIE SI FIZIOLOGIE UMANA, GENETICA SI ECOLOGIE UMANA": {"medie": 4.522222222222222, "reusita": 44.44444444444444, "cnt": 18}, "FIZICA TEO": {"medie": 3.733333333333333, "reusita": 33.33333333333333, "cnt": 3}, "MATEMATICA TEHN": {"medie": 4.739893617021277, "reusita": 56.43564356435643, "cnt": 101}, "FIZICA TEH": {"medie": 3.3600000000000003, "reusita": 28.57142857142857, "cnt": 7}, "CHIMIE ANORGANICA TEH NIVEL I/II": {"medie": 3.1187500000000004, "reusita": 0.0, "cnt": 9}}, "nume": "COLEGIUL TEHNIC \"DIMITRIE LEONIDA\"\tBucure\u0219ti"}