{"specializari": {"INVATATOR - EDUCATOARE": 52, "STIINTE SOCIALE": 36, "FILOLOGIE": 43, "STIINTE ALE NATURII": 31, "INSTRUCTOR PENTRU ACTIVITATI EXTRASCOLARE": 2}, "limba_moderna": {"LIMBA ENGLEZA": 145, "LIMBA FRANCEZA": 19}, "limba_materna": {"LIMBA ROMANA": 164}, "promotie_anterioara": {"NU": 147, "DA": 17}, "materii": {"LIMBA ROMANA": {"medie": 7.040548780487808, "reusita": 96.34146341463415, "cnt": 164}, "GENERAL": {"medie": 7.507867494824015, "reusita": 84.7560975609756, "cnt": 164}, "CHIMIE ORGANICA TEO NIVEL I/II": {"medie": 8.975, "reusita": 100.0, "cnt": 2}, "ISTORIE": {"medie": 7.516666666666666, "reusita": 98.76543209876543, "cnt": 81}, "GEOGRAFIE": {"medie": 8.333333333333334, "reusita": 98.50746268656717, "cnt": 67}, "PSIHOLOGIE": {"medie": 8.2, "reusita": 100.0, "cnt": 1}, "MATEMATICA ST-NAT": {"medie": 6.098333333333333, "reusita": 90.32258064516128, "cnt": 31}, "ANATOMIE SI FIZIOLOGIE UMANA, GENETICA SI ECOLOGIE UMANA": {"medie": 8.374137931034483, "reusita": 100.0, "cnt": 29}, "FILOSOFIE": {"medie": 8.299999999999999, "reusita": 100.0, "cnt": 3}, "LOGICA, ARGUMENTARE SI COMUNICARE": {"medie": 8.588235294117647, "reusita": 100.0, "cnt": 51}, "MATEMATICA PED": {"medie": 7.203846153846154, "reusita": 94.23076923076923, "cnt": 52}, "SOCIOLOGIE": {"medie": 6.604545454545455, "reusita": 90.9090909090909, "cnt": 11}}, "nume": "COLEGIUL NATIONAL \"GHEORGHE ASACHI\", MUNICIPIUL PIATRA-NEAMT\tNeam\u021b"}