{"specializari": {"MATEMATICA-INFORMATICA": 115, "FILOLOGIE": 98}, "limba_moderna": {"LIMBA ENGLEZA": 162, "LIMBA FRANCEZA": 14, "LIMBA SPANIOLA": 37}, "limba_materna": {"LIMBA ROMANA": 213}, "promotie_anterioara": {"NU": 207, "DA": 6}, "materii": {"LIMBA ROMANA": {"medie": 7.770422535211268, "reusita": 98.59154929577466, "cnt": 213}, "MATEMATICA MATE-INFO": {"medie": 8.618695652173912, "reusita": 98.26086956521739, "cnt": 115}, "BIOLOGIE VEGETALA SI ANIMALA": {"medie": 8.165000000000004, "reusita": 97.5, "cnt": 40}, "GENERAL": {"medie": 8.160534591194963, "reusita": 94.36619718309859, "cnt": 213}, "CHIMIE ORGANICA TEO NIVEL I/II": {"medie": 8.6375, "reusita": 100.0, "cnt": 8}, "INFORMATICA MI C/C++": {"medie": 9.018181818181818, "reusita": 100.0, "cnt": 22}, "CHIMIE ANORGANICA TEO NIVEL I/II": {"medie": 7.15, "reusita": 100.0, "cnt": 1}, "ISTORIE": {"medie": 7.9076530612244875, "reusita": 97.95918367346938, "cnt": 98}, "GEOGRAFIE": {"medie": 8.39054054054054, "reusita": 97.2972972972973, "cnt": 37}, "PSIHOLOGIE": {"medie": 9.090909090909092, "reusita": 100.0, "cnt": 11}, "ANATOMIE SI FIZIOLOGIE UMANA, GENETICA SI ECOLOGIE UMANA": {"medie": 8.500000000000002, "reusita": 100.0, "cnt": 13}, "FIZICA TEO": {"medie": 7.727419354838711, "reusita": 96.7741935483871, "cnt": 31}, "ECONOMIE": {"medie": 7.592857142857143, "reusita": 95.23809523809523, "cnt": 21}, "LOGICA, ARGUMENTARE SI COMUNICARE": {"medie": 9.6, "reusita": 100.0, "cnt": 1}, "SOCIOLOGIE": {"medie": 9.158928571428572, "reusita": 100.0, "cnt": 28}}, "nume": "COLEGIUL NATIONAL \"IULIA HASDEU\"\tBucure\u0219ti"}