{"specializari": {"MATEMATICA-INFORMATICA": 28, "STIINTE SOCIALE": 56, "TEOLOGIE ROMANO-CATOLICA": 16}, "limba_moderna": {"LIMBA ENGLEZA": 91, "LIMBA FRANCEZA": 9}, "limba_materna": {"LIMBA ROMANA": 100}, "promotie_anterioara": {"NU": 93, "DA": 7}, "materii": {"LIMBA ROMANA": {"medie": 6.9529999999999985, "reusita": 91.0, "cnt": 100}, "MATEMATICA MATE-INFO": {"medie": 6.816071428571427, "reusita": 100.0, "cnt": 28}, "BIOLOGIE VEGETALA SI ANIMALA": {"medie": 8.8, "reusita": 100.0, "cnt": 9}, "GENERAL": {"medie": 7.4605, "reusita": 85.0, "cnt": 100}, "INFORMATICA MI C/C++": {"medie": 8.155555555555555, "reusita": 100.0, "cnt": 9}, "CHIMIE ANORGANICA TEO NIVEL I/II": {"medie": 7.2333333333333325, "reusita": 100.0, "cnt": 9}, "ISTORIE": {"medie": 7.041666666666667, "reusita": 98.61111111111111, "cnt": 72}, "GEOGRAFIE": {"medie": 7.858064516129032, "reusita": 100.0, "cnt": 31}, "FIZICA TEO": {"medie": 5.0, "reusita": 100.0, "cnt": 1}, "ECONOMIE": {"medie": 10.0, "reusita": 100.0, "cnt": 1}, "LOGICA, ARGUMENTARE SI COMUNICARE": {"medie": 9.245945945945943, "reusita": 100.0, "cnt": 37}, "SOCIOLOGIE": {"medie": 8.866666666666667, "reusita": 100.0, "cnt": 3}}, "nume": "COLEGIUL NATIONAL CATOLIC \"SF.IOSIF\" BACAU\tBac\u0103u"}