{"specializari": {"LICEU CU PROGRAM SPORTIV": 32, "MATEMATICA-INFORMATICA": 26, "TEHNICIAN IN AUTOMATIZARI": 15, "TEHNICIAN TRANSPORTURI": 36, "TEHNICIAN IN INSTALATII ELECTRICE": 17, "TEHNICIAN ELECTROTEHNIST": 1}, "limba_moderna": {"LIMBA ENGLEZA": 122, "LIMBA FRANCEZA": 5}, "limba_materna": {"LIMBA ROMANA": 127}, "promotie_anterioara": {"NU": 59, "DA": 68}, "materii": {"LIMBA ROMANA": {"medie": 4.98512396694215, "reusita": 62.20472440944882, "cnt": 127}, "MATEMATICA MATE-INFO": {"medie": 4.538461538461538, "reusita": 61.53846153846154, "cnt": 26}, "BIOLOGIE VEGETALA SI ANIMALA": {"medie": 4.303225806451614, "reusita": 37.3134328358209, "cnt": 67}, "GENERAL": {"medie": 4.790972222222222, "reusita": 19.68503937007874, "cnt": 127}, "ISTORIE": {"medie": 5.5919354838709685, "reusita": 87.5, "cnt": 32}, "GEOGRAFIE": {"medie": 7.394642857142858, "reusita": 93.10344827586206, "cnt": 29}, "PSIHOLOGIE": {"medie": 3.2, "reusita": 0.0, "cnt": 1}, "ANATOMIE SI FIZIOLOGIE UMANA, GENETICA SI ECOLOGIE UMANA": {"medie": 6.35, "reusita": 100.0, "cnt": 2}, "MATEMATICA TEHN": {"medie": 4.12578125, "reusita": 44.927536231884055, "cnt": 69}, "FIZICA TEH": {"medie": 2.926086956521739, "reusita": 25.0, "cnt": 24}, "LOGICA, ARGUMENTARE SI COMUNICARE": {"medie": 8.25, "reusita": 100.0, "cnt": 2}, "CHIMIE ANORGANICA TEH NIVEL I/II": {"medie": 2.5, "reusita": 0.0, "cnt": 2}}, "nume": "COLEGIUL TEHNIC FEROVIAR \"MIHAI I\"\tBucure\u0219ti"}