{"specializari": {"STIINTE SOCIALE": 32, "MATEMATICA-INFORMATICA": 86, "FILOLOGIE": 33, "TEHNICIAN IN GASTRONOMIE": 1}, "limba_moderna": {"LIMBA FRANCEZA": 12, "LIMBA ENGLEZA": 139, "LIMBA SPANIOLA": 1}, "limba_materna": {"LIMBA ROMANA": 152}, "promotie_anterioara": {"NU": 142, "DA": 10}, "materii": {"LIMBA ROMANA": {"medie": 6.986000000000001, "reusita": 93.42105263157895, "cnt": 152}, "MATEMATICA MATE-INFO": {"medie": 7.496987951807225, "reusita": 83.72093023255815, "cnt": 86}, "BIOLOGIE VEGETALA SI ANIMALA": {"medie": 7.512222222222224, "reusita": 93.47826086956522, "cnt": 46}, "GENERAL": {"medie": 7.318018018018016, "reusita": 77.63157894736842, "cnt": 152}, "CHIMIE ORGANICA TEO NIVEL I/II": {"medie": 9.001923076923076, "reusita": 100.0, "cnt": 26}, "INFORMATICA MI C/C++": {"medie": 8.02, "reusita": 100.0, "cnt": 5}, "ISTORIE": {"medie": 6.565625, "reusita": 93.84615384615384, "cnt": 65}, "GEOGRAFIE": {"medie": 7.885714285714286, "reusita": 100.0, "cnt": 14}, "ANATOMIE SI FIZIOLOGIE UMANA, GENETICA SI ECOLOGIE UMANA": {"medie": 6.6, "reusita": 100.0, "cnt": 1}, "FIZICA TEO": {"medie": 8.5, "reusita": 100.0, "cnt": 8}, "MATEMATICA TEHN": {"medie": 1.0, "reusita": 0.0, "cnt": 1}, "LOGICA, ARGUMENTARE SI COMUNICARE": {"medie": 7.428431372549019, "reusita": 88.46153846153845, "cnt": 52}}, "nume": "COLEGIUL NATIONAL \"UNIREA\" TURNU MAGURELE\tTeleorman"}