{"specializari": {"FILOLOGIE": 91, "MATEMATICA-INFORMATICA": 56, "STIINTE ALE NATURII": 33}, "limba_moderna": {"LIMBA ENGLEZA": 107, "LIMBA FRANCEZA": 70, "LIMBA GERMANA MODERNA": 3}, "limba_materna": {"LIMBA ROMANA": 180}, "promotie_anterioara": {"NU": 180}, "materii": {"LIMBA ROMANA": {"medie": 8.519999999999998, "reusita": 98.88888888888889, "cnt": 180}, "MATEMATICA MATE-INFO": {"medie": 9.010714285714286, "reusita": 100.0, "cnt": 56}, "BIOLOGIE VEGETALA SI ANIMALA": {"medie": 9.725, "reusita": 100.0, "cnt": 2}, "GENERAL": {"medie": 8.78901303538175, "reusita": 98.88888888888889, "cnt": 180}, "CHIMIE ORGANICA TEO NIVEL I/II": {"medie": 8.65625, "reusita": 100.0, "cnt": 8}, "INFORMATICA MI C/C++": {"medie": 8.9125, "reusita": 100.0, "cnt": 16}, "CHIMIE ANORGANICA TEO NIVEL I/II": {"medie": 7.63, "reusita": 100.0, "cnt": 10}, "ISTORIE": {"medie": 8.546666666666662, "reusita": 98.9010989010989, "cnt": 91}, "GEOGRAFIE": {"medie": 9.259333333333332, "reusita": 100.0, "cnt": 75}, "PSIHOLOGIE": {"medie": 8.25, "reusita": 100.0, "cnt": 3}, "MATEMATICA ST-NAT": {"medie": 8.868181818181817, "reusita": 100.0, "cnt": 33}, "ANATOMIE SI FIZIOLOGIE UMANA, GENETICA SI ECOLOGIE UMANA": {"medie": 9.120192307692307, "reusita": 100.0, "cnt": 52}, "FIZICA TEO": {"medie": 8.55, "reusita": 100.0, "cnt": 1}, "FILOSOFIE": {"medie": 9.6, "reusita": 100.0, "cnt": 1}, "ECONOMIE": {"medie": 9.066666666666665, "reusita": 75.0, "cnt": 4}, "LOGICA, ARGUMENTARE SI COMUNICARE": {"medie": 9.3125, "reusita": 100.0, "cnt": 8}}, "nume": "COLEGIUL NATIONAL \"MIHAI EMINESCU\", IASI\tIa\u0219i"}