{"specializari": {"TEHNICIAN IN ACTIVITATI ECONOMICE": 127, "TEHNICIAN IN TURISM": 38, "ORGANIZATOR BANQUETING": 34, "TEHNICIAN IN GASTRONOMIE": 17}, "limba_moderna": {"LIMBA ENGLEZA": 191, "LIMBA FRANCEZA": 12, "LIMBA ITALIANA": 12, "LIMBA GERMANA MODERNA": 1}, "limba_materna": {"LIMBA ROMANA": 216}, "promotie_anterioara": {"NU": 193, "DA": 23}, "materii": {"LIMBA ROMANA": {"medie": 6.293488372093022, "reusita": 91.66666666666666, "cnt": 216}, "GENERAL": {"medie": 7.219984202211685, "reusita": 77.77777777777779, "cnt": 216}, "GEOGRAFIE": {"medie": 7.739756097560972, "reusita": 97.1291866028708, "cnt": 209}, "PSIHOLOGIE": {"medie": 7.6, "reusita": 100.0, "cnt": 2}, "MATEMATICA TEHN": {"medie": 7.612676056338027, "reusita": 88.88888888888889, "cnt": 216}, "ECONOMIE": {"medie": 6.67, "reusita": 100.0, "cnt": 5}}, "nume": "COLEGIUL ECONOMIC \"FRANCESCO SAVERIO NITTI\" TIMISOARA\tTimi\u0219"}