{"specializari": {"MATEMATICA-INFORMATICA": 53, "STIINTE ALE NATURII": 45, "FILOLOGIE": 63, "STIINTE SOCIALE": 34}, "limba_moderna": {"LIMBA ENGLEZA": 160, "LIMBA FRANCEZA": 33, "LIMBA SPANIOLA": 2}, "limba_materna": {"LIMBA ROMANA": 195}, "promotie_anterioara": {"NU": 192, "DA": 3}, "materii": {"LIMBA ROMANA": {"medie": 7.850515463917521, "reusita": 97.94871794871794, "cnt": 195}, "MATEMATICA MATE-INFO": {"medie": 8.341509433962267, "reusita": 98.11320754716981, "cnt": 53}, "GENERAL": {"medie": 7.732383419689119, "reusita": 88.71794871794872, "cnt": 195}, "CHIMIE ORGANICA TEO NIVEL I/II": {"medie": 9.081250000000002, "reusita": 100.0, "cnt": 24}, "INFORMATICA MI C/C++": {"medie": 8.010000000000002, "reusita": 100.0, "cnt": 5}, "ISTORIE": {"medie": 6.821875000000002, "reusita": 96.90721649484536, "cnt": 97}, "GEOGRAFIE": {"medie": 8.298795180722891, "reusita": 98.79518072289156, "cnt": 83}, "PSIHOLOGIE": {"medie": 5.5, "reusita": 100.0, "cnt": 1}, "MATEMATICA ST-NAT": {"medie": 6.442222222222223, "reusita": 84.44444444444444, "cnt": 45}, "ANATOMIE SI FIZIOLOGIE UMANA, GENETICA SI ECOLOGIE UMANA": {"medie": 8.241346153846155, "reusita": 98.11320754716981, "cnt": 53}, "FIZICA TEO": {"medie": 7.2093750000000005, "reusita": 93.75, "cnt": 16}, "FILOSOFIE": {"medie": 5.0, "reusita": 100.0, "cnt": 1}, "ECONOMIE": {"medie": 7.025, "reusita": 66.66666666666666, "cnt": 3}, "SOCIOLOGIE": {"medie": 6.800000000000001, "reusita": 88.88888888888889, "cnt": 9}}, "nume": "COLEGIUL NATIONAL \"ALEXANDRU VLAHUTA\" MUNICIPIUL RIMNICU SARAT\tBuz\u0103u"}