{"specializari": {"MATEMATICA-INFORMATICA": 100, "FILOLOGIE": 30, "STIINTE ALE NATURII": 33}, "limba_moderna": {"LIMBA ENGLEZA": 141, "LIMBA FRANCEZA": 18, "LIMBA GERMANA MODERNA": 4}, "limba_materna": {"LIMBA ROMANA": 163}, "promotie_anterioara": {"NU": 163}, "materii": {"LIMBA ROMANA": {"medie": 8.728395061728397, "reusita": 99.38650306748467, "cnt": 163}, "MATEMATICA MATE-INFO": {"medie": 9.2475, "reusita": 100.0, "cnt": 100}, "BIOLOGIE VEGETALA SI ANIMALA": {"medie": 8.410416666666666, "reusita": 96.0, "cnt": 25}, "GENERAL": {"medie": 8.883127572016456, "reusita": 99.38650306748467, "cnt": 163}, "CHIMIE ORGANICA TEO NIVEL I/II": {"medie": 8.99313725490196, "reusita": 100.0, "cnt": 51}, "INFORMATICA MI C/C++": {"medie": 9.299999999999999, "reusita": 100.0, "cnt": 19}, "CHIMIE ANORGANICA TEO NIVEL I/II": {"medie": 9.125, "reusita": 100.0, "cnt": 2}, "ISTORIE": {"medie": 9.158333333333333, "reusita": 100.0, "cnt": 30}, "GEOGRAFIE": {"medie": 9.1625, "reusita": 100.0, "cnt": 20}, "MATEMATICA ST-NAT": {"medie": 8.460937500000002, "reusita": 96.96969696969697, "cnt": 33}, "ANATOMIE SI FIZIOLOGIE UMANA, GENETICA SI ECOLOGIE UMANA": {"medie": 8.25, "reusita": 100.0, "cnt": 9}, "FIZICA TEO": {"medie": 8.398148148148149, "reusita": 100.0, "cnt": 27}, "ECONOMIE": {"medie": 9.4625, "reusita": 100.0, "cnt": 4}, "LOGICA, ARGUMENTARE SI COMUNICARE": {"medie": 9.6, "reusita": 100.0, "cnt": 1}, "SOCIOLOGIE": {"medie": 9.16, "reusita": 100.0, "cnt": 5}}, "nume": "COLEGIUL NATIONAL \"NICOLAE BALCESCU\"\tBr\u0103ila"}