{"specializari": {"TEHNICIAN MECANIC PENTRU INTRETINERE SI REPARATII": 1, "TEHNICIAN MECATRONIST": 19, "TEHNICIAN DESENATOR PENTRU CONSTRUCTII SI INSTALATII": 28, "LICEU CU PROGRAM SPORTIV": 33, "TEHNICIAN ELECTROTEHNIST": 4, "TEHNICIAN IN INSTALATII ELECTRICE": 12, "TEHNICIAN IN CONSTRUCTII SI LUCRARI PUBLICE": 3}, "limba_moderna": {"LIMBA ENGLEZA": 88, "LIMBA FRANCEZA": 12}, "limba_materna": {"LIMBA ROMANA": 100}, "promotie_anterioara": {"DA": 36, "NU": 64}, "materii": {"LIMBA ROMANA": {"medie": 5.644949494949498, "reusita": 75.0, "cnt": 100}, "BIOLOGIE VEGETALA SI ANIMALA": {"medie": 5.363207547169813, "reusita": 68.51851851851852, "cnt": 54}, "GENERAL": {"medie": 5.772395833333334, "reusita": 49.0, "cnt": 100}, "ISTORIE": {"medie": 5.486363636363635, "reusita": 84.84848484848484, "cnt": 33}, "GEOGRAFIE": {"medie": 7.9546874999999995, "reusita": 96.96969696969697, "cnt": 33}, "MATEMATICA TEHN": {"medie": 5.582812500000001, "reusita": 67.16417910447761, "cnt": 67}, "FIZICA TEH": {"medie": 4.866666666666667, "reusita": 55.55555555555556, "cnt": 9}, "CHIMIE ANORGANICA TEH NIVEL I/II": {"medie": 4.4625, "reusita": 50.0, "cnt": 4}}, "nume": "COLEGIUL TEHNIC \"ANGHEL SALIGNY\" BAIA MARE\tMaramure\u0219"}