{"specializari": {"STIINTE ALE NATURII": 53, "FILOLOGIE": 47}, "limba_moderna": {"LIMBA ENGLEZA": 100}, "limba_materna": {"LIMBA GERMANA": 100}, "promotie_anterioara": {"NU": 98, "DA": 2}, "materii": {"LIMBA ROMANA": {"medie": 7.355499999999998, "reusita": 98.0, "cnt": 100}, "BIOLOGIE VEGETALA SI ANIMALA": {"medie": 8.779545454545454, "reusita": 100.0, "cnt": 22}, "GENERAL": {"medie": 7.882, "reusita": 96.0, "cnt": 100}, "CHIMIE ORGANICA TEO NIVEL I/II": {"medie": 8.89375, "reusita": 100.0, "cnt": 8}, "CHIMIE ANORGANICA TEO NIVEL I/II": {"medie": 8.1, "reusita": 100.0, "cnt": 3}, "ISTORIE": {"medie": 6.792553191489362, "reusita": 100.0, "cnt": 47}, "GEOGRAFIE": {"medie": 8.34268292682927, "reusita": 100.0, "cnt": 41}, "PSIHOLOGIE": {"medie": 7.7125, "reusita": 100.0, "cnt": 4}, "MATEMATICA ST-NAT": {"medie": 8.338679245283016, "reusita": 100.0, "cnt": 53}, "ANATOMIE SI FIZIOLOGIE UMANA, GENETICA SI ECOLOGIE UMANA": {"medie": 8.93846153846154, "reusita": 100.0, "cnt": 13}, "FIZICA TEO": {"medie": 7.6625, "reusita": 100.0, "cnt": 4}, "LIMBA GERMANA": {"medie": 8.066999999999997, "reusita": 100.0, "cnt": 100}, "INFORMATICA SN C/C++": {"medie": 8.266666666666667, "reusita": 100.0, "cnt": 3}, "LOGICA, ARGUMENTARE SI COMUNICARE": {"medie": 8.100000000000001, "reusita": 100.0, "cnt": 2}}, "nume": "COLEGIUL NATIONAL \"JOHANNES HONTERUS\" BRASOV\tBra\u0219ov"}