{"specializari": {"TEHNICIAN IN TURISM": 26, "TEHNICIAN DESIGNER VESTIMENTAR": 40, "COAFOR STILIST": 21, "TEHNICIAN IN INDUSTRIA TEXTILA": 9}, "limba_moderna": {"LIMBA ENGLEZA": 93, "LIMBA GERMANA MODERNA": 3}, "limba_materna": {"LIMBA ROMANA": 96}, "promotie_anterioara": {"NU": 71, "DA": 25}, "materii": {"LIMBA ROMANA": {"medie": 5.48031914893617, "reusita": 83.33333333333334, "cnt": 96}, "BIOLOGIE VEGETALA SI ANIMALA": {"medie": 5.118604651162792, "reusita": 59.09090909090909, "cnt": 44}, "GENERAL": {"medie": 5.743632958801496, "reusita": 35.41666666666667, "cnt": 96}, "GEOGRAFIE": {"medie": 6.735555555555556, "reusita": 82.97872340425532, "cnt": 47}, "MATEMATICA TEHN": {"medie": 5.805913978494625, "reusita": 71.875, "cnt": 96}, "FIZICA TEH": {"medie": 3.183333333333333, "reusita": 0.0, "cnt": 5}}, "nume": "COLEGIUL TEHNIC \"CIBINIUM\" SIBIU\tSibiu"}