{"specializari": {"MATEMATICA-INFORMATICA": 166, "STIINTE SOCIALE": 1}, "limba_moderna": {"LIMBA ENGLEZA": 161, "LIMBA FRANCEZA": 6}, "limba_materna": {"LIMBA ROMANA": 167}, "promotie_anterioara": {"NU": 160, "DA": 7}, "materii": {"LIMBA ROMANA": {"medie": 7.556363636363639, "reusita": 97.0059880239521, "cnt": 167}, "MATEMATICA MATE-INFO": {"medie": 8.032012195121952, "reusita": 97.59036144578313, "cnt": 166}, "BIOLOGIE VEGETALA SI ANIMALA": {"medie": 7.066666666666667, "reusita": 100.0, "cnt": 3}, "GENERAL": {"medie": 7.865955284552847, "reusita": 88.62275449101796, "cnt": 167}, "CHIMIE ORGANICA TEO NIVEL I/II": {"medie": 8.733333333333333, "reusita": 100.0, "cnt": 3}, "INFORMATICA MI C/C++": {"medie": 8.097916666666668, "reusita": 95.91836734693877, "cnt": 49}, "ISTORIE": {"medie": 5.2, "reusita": 100.0, "cnt": 1}, "GEOGRAFIE": {"medie": 6.2, "reusita": 100.0, "cnt": 1}, "ANATOMIE SI FIZIOLOGIE UMANA, GENETICA SI ECOLOGIE UMANA": {"medie": 8.437333333333335, "reusita": 98.68421052631578, "cnt": 76}, "FIZICA TEO": {"medie": 6.91857142857143, "reusita": 94.28571428571428, "cnt": 35}}, "nume": "COLEGIUL NATIONAL DE INFORMATICA, MUNICIPIUL PIATRA-NEAMT\tNeam\u021b"}