{"specializari": {"FILOLOGIE": 21, "MATEMATICA-INFORMATICA": 28, "STIINTE ALE NATURII": 39, "STIINTE SOCIALE": 36, "TEHNICIAN TRANSPORTURI": 14, "TEHNICIAN MECANIC PENTRU INTRETINERE SI REPARATII": 11, "TEHNICIAN IN INSTALATII ELECTRICE": 15, "TEHNICIAN ELECTRICIAN/ELECTRONIST AUTO": 15, "TEHNICIAN MECATRONIST": 4, "TEHNICIAN ELECTROTEHNIST": 1}, "limba_moderna": {"LIMBA ENGLEZA": 146, "LIMBA FRANCEZA": 38}, "limba_materna": {"LIMBA ROMANA": 184}, "promotie_anterioara": {"NU": 151, "DA": 33}, "materii": {"LIMBA ROMANA": {"medie": 5.556508875739646, "reusita": 65.76086956521739, "cnt": 184}, "MATEMATICA MATE-INFO": {"medie": 4.503846153846154, "reusita": 50.0, "cnt": 28}, "BIOLOGIE VEGETALA SI ANIMALA": {"medie": 3.7510000000000012, "reusita": 33.33333333333333, "cnt": 57}, "GENERAL": {"medie": 5.546262626262625, "reusita": 36.95652173913043, "cnt": 184}, "INFORMATICA MI C/C++": {"medie": 4.7, "reusita": 0.0, "cnt": 1}, "ISTORIE": {"medie": 6.890740740740741, "reusita": 91.22807017543859, "cnt": 57}, "GEOGRAFIE": {"medie": 8.28804347826087, "reusita": 93.87755102040816, "cnt": 49}, "MATEMATICA ST-NAT": {"medie": 3.416666666666667, "reusita": 30.76923076923077, "cnt": 39}, "ANATOMIE SI FIZIOLOGIE UMANA, GENETICA SI ECOLOGIE UMANA": {"medie": 6.5448275862069, "reusita": 77.77777777777779, "cnt": 63}, "FIZICA TEO": {"medie": 6.5, "reusita": 50.0, "cnt": 2}, "MATEMATICA TEHN": {"medie": 3.9301886792452834, "reusita": 40.0, "cnt": 60}, "FIZICA TEH": {"medie": 5.8500000000000005, "reusita": 50.0, "cnt": 4}, "LOGICA, ARGUMENTARE SI COMUNICARE": {"medie": 6.271428571428571, "reusita": 100.0, "cnt": 7}, "SOCIOLOGIE": {"medie": 10.0, "reusita": 100.0, "cnt": 1}}, "nume": "COLEGIUL TEHNIC \"ALEXANDRU IOAN CUZA\" SUCEAVA\tSuceava"}