{"specializari": {"TEHNICIAN DESIGNER VESTIMENTAR": 32, "TEHNICIAN IN INDUSTRIA TEXTILA": 8, "COAFOR STILIST": 20, "TEHNICIAN IN TURISM": 26, "ORGANIZATOR BANQUETING": 2, "TEHNICIAN IN INDUSTRIA PIELARIEI": 1}, "limba_moderna": {"LIMBA ENGLEZA": 77, "LIMBA FRANCEZA": 12}, "limba_materna": {"LIMBA ROMANA": 89}, "promotie_anterioara": {"DA": 44, "NU": 45}, "materii": {"LIMBA ROMANA": {"medie": 5.870786516853933, "reusita": 88.76404494382022, "cnt": 89}, "BIOLOGIE VEGETALA SI ANIMALA": {"medie": 5.144, "reusita": 60.0, "cnt": 25}, "GENERAL": {"medie": 6.060795454545453, "reusita": 48.31460674157304, "cnt": 89}, "GEOGRAFIE": {"medie": 6.568292682926829, "reusita": 78.57142857142857, "cnt": 42}, "MATEMATICA TEHN": {"medie": 6.447727272727274, "reusita": 85.39325842696628, "cnt": 89}, "ECONOMIE": {"medie": 5.608333333333333, "reusita": 50.0, "cnt": 6}, "CHIMIE ANORGANICA TEH NIVEL I/II": {"medie": 5.1156250000000005, "reusita": 68.75, "cnt": 16}}, "nume": "COLEGIUL TEHNIC \"MARIA BAIULESCU\" BRASOV\tBra\u0219ov"}