{"specializari": {"STIINTE ALE NATURII": 20, "STIINTE SOCIALE": 29, "FILOLOGIE": 31, "MATEMATICA-INFORMATICA": 45}, "limba_moderna": {"LIMBA ENGLEZA": 90, "LIMBA FRANCEZA": 35}, "limba_materna": {"LIMBA ROMANA": 125}, "promotie_anterioara": {"NU": 109, "DA": 16}, "materii": {"LIMBA ROMANA": {"medie": 6.874193548387095, "reusita": 95.19999999999999, "cnt": 125}, "MATEMATICA MATE-INFO": {"medie": 6.845555555555555, "reusita": 100.0, "cnt": 45}, "GENERAL": {"medie": 7.20994623655914, "reusita": 84.0, "cnt": 125}, "INFORMATICA MI C/C++": {"medie": 8.120000000000001, "reusita": 100.0, "cnt": 5}, "CHIMIE ANORGANICA TEO NIVEL I/II": {"medie": 7.2562500000000005, "reusita": 100.0, "cnt": 8}, "ISTORIE": {"medie": 7.232500000000003, "reusita": 100.0, "cnt": 60}, "GEOGRAFIE": {"medie": 8.295918367346939, "reusita": 100.0, "cnt": 49}, "MATEMATICA ST-NAT": {"medie": 7.0200000000000005, "reusita": 100.0, "cnt": 20}, "ANATOMIE SI FIZIOLOGIE UMANA, GENETICA SI ECOLOGIE UMANA": {"medie": 7.0409999999999995, "reusita": 94.0, "cnt": 50}, "FIZICA TEO": {"medie": 5.15, "reusita": 100.0, "cnt": 2}, "LOGICA, ARGUMENTARE SI COMUNICARE": {"medie": 9.0, "reusita": 100.0, "cnt": 7}, "SOCIOLOGIE": {"medie": 6.875, "reusita": 100.0, "cnt": 4}}, "nume": "COLEGIUL \"MIHAI EMINESCU\" BACAU\tBac\u0103u"}