{"specializari": {"STIINTE ALE NATURII": 49, "MATEMATICA-INFORMATICA": 88, "FILOLOGIE": 83, "STIINTE SOCIALE": 39}, "limba_moderna": {"LIMBA ENGLEZA": 218, "LIMBA FRANCEZA": 41}, "limba_materna": {"LIMBA ROMANA": 259}, "promotie_anterioara": {"NU": 239, "DA": 20}, "materii": {"LIMBA ROMANA": {"medie": 7.495294117647055, "reusita": 95.36679536679536, "cnt": 259}, "MATEMATICA MATE-INFO": {"medie": 8.091860465116282, "reusita": 93.18181818181817, "cnt": 88}, "BIOLOGIE VEGETALA SI ANIMALA": {"medie": 7.45, "reusita": 100.0, "cnt": 1}, "GENERAL": {"medie": 7.71922572178478, "reusita": 86.48648648648648, "cnt": 259}, "CHIMIE ORGANICA TEO NIVEL I/II": {"medie": 9.485, "reusita": 100.0, "cnt": 10}, "INFORMATICA MI C/C++": {"medie": 7.675, "reusita": 75.0, "cnt": 4}, "ISTORIE": {"medie": 7.5608333333333375, "reusita": 97.54098360655738, "cnt": 122}, "GEOGRAFIE": {"medie": 8.407058823529413, "reusita": 97.67441860465115, "cnt": 86}, "PSIHOLOGIE": {"medie": 9.104545454545454, "reusita": 91.66666666666666, "cnt": 12}, "MATEMATICA ST-NAT": {"medie": 5.60625, "reusita": 73.46938775510205, "cnt": 49}, "ANATOMIE SI FIZIOLOGIE UMANA, GENETICA SI ECOLOGIE UMANA": {"medie": 8.027222222222225, "reusita": 96.73913043478261, "cnt": 92}, "FIZICA TEO": {"medie": 8.027586206896553, "reusita": 100.0, "cnt": 29}, "FILOSOFIE": {"medie": 6.0, "reusita": 100.0, "cnt": 1}, "INFORMATICA SN C/C++": {"medie": 7.6, "reusita": 100.0, "cnt": 1}, "ECONOMIE": {"medie": 8.36111111111111, "reusita": 100.0, "cnt": 9}, "LOGICA, ARGUMENTARE SI COMUNICARE": {"medie": 8.253571428571428, "reusita": 92.85714285714286, "cnt": 14}}, "nume": "COLEGIUL NATIONAL \"GIB MIHAESCU\" DRAGASANI\tV\u00e2lcea"}