{"specializari": {"MATEMATICA-INFORMATICA": 93, "STIINTE ALE NATURII": 36, "FILOLOGIE": 69}, "limba_moderna": {"LIMBA ENGLEZA": 189, "LIMBA FRANCEZA": 9}, "limba_materna": {"LIMBA ROMANA": 198}, "promotie_anterioara": {"NU": 185, "DA": 13}, "materii": {"LIMBA ROMANA": {"medie": 6.6128205128205115, "reusita": 89.8989898989899, "cnt": 198}, "MATEMATICA MATE-INFO": {"medie": 6.367741935483872, "reusita": 79.56989247311827, "cnt": 93}, "BIOLOGIE VEGETALA SI ANIMALA": {"medie": 7.625, "reusita": 100.0, "cnt": 2}, "GENERAL": {"medie": 7.0683937823834215, "reusita": 74.24242424242425, "cnt": 198}, "CHIMIE ORGANICA TEO NIVEL I/II": {"medie": 8.0625, "reusita": 87.5, "cnt": 8}, "INFORMATICA MI C/C++": {"medie": 7.995454545454546, "reusita": 100.0, "cnt": 11}, "ISTORIE": {"medie": 7.298484848484848, "reusita": 95.65217391304348, "cnt": 69}, "GEOGRAFIE": {"medie": 8.380833333333335, "reusita": 100.0, "cnt": 60}, "PSIHOLOGIE": {"medie": 8.5, "reusita": 50.0, "cnt": 4}, "MATEMATICA ST-NAT": {"medie": 6.545833333333333, "reusita": 83.33333333333334, "cnt": 36}, "ANATOMIE SI FIZIOLOGIE UMANA, GENETICA SI ECOLOGIE UMANA": {"medie": 7.4568627450980385, "reusita": 95.09803921568627, "cnt": 102}, "FIZICA TEO": {"medie": 8.15, "reusita": 100.0, "cnt": 6}, "FILOSOFIE": {"medie": 8.9, "reusita": 100.0, "cnt": 1}, "ECONOMIE": {"medie": 7.0, "reusita": 100.0, "cnt": 1}, "LOGICA, ARGUMENTARE SI COMUNICARE": {"medie": 8.2, "reusita": 50.0, "cnt": 2}, "SOCIOLOGIE": {"medie": 7.1, "reusita": 100.0, "cnt": 1}}, "nume": "COLEGIUL NATIONAL \"CALISTRAT HOGAS\", LOCALITATEA TECUCI\tGala\u021bi"}