{"specializari": {"STIINTE ALE NATURII": 21, "MATEMATICA-INFORMATICA": 34, "FILOLOGIE": 63}, "limba_moderna": {"LIMBA ENGLEZA": 97, "LIMBA GERMANA MODERNA": 11, "LIMBA FRANCEZA": 10}, "limba_materna": {"LIMBA ROMANA": 118}, "promotie_anterioara": {"NU": 113, "DA": 5}, "materii": {"LIMBA ROMANA": {"medie": 7.3131355932203395, "reusita": 97.45762711864407, "cnt": 118}, "MATEMATICA MATE-INFO": {"medie": 7.774999999999999, "reusita": 94.11764705882352, "cnt": 34}, "BIOLOGIE VEGETALA SI ANIMALA": {"medie": 5.125, "reusita": 50.0, "cnt": 2}, "GENERAL": {"medie": 7.723076923076921, "reusita": 91.52542372881356, "cnt": 118}, "INFORMATICA MI C/C++": {"medie": 7.3136363636363635, "reusita": 100.0, "cnt": 11}, "ISTORIE": {"medie": 7.2880952380952415, "reusita": 100.0, "cnt": 63}, "GEOGRAFIE": {"medie": 8.583333333333334, "reusita": 100.0, "cnt": 9}, "MATEMATICA ST-NAT": {"medie": 6.840476190476189, "reusita": 100.0, "cnt": 21}, "ANATOMIE SI FIZIOLOGIE UMANA, GENETICA SI ECOLOGIE UMANA": {"medie": 8.432926829268297, "reusita": 97.61904761904762, "cnt": 42}, "FILOSOFIE": {"medie": 9.2, "reusita": 100.0, "cnt": 1}, "LOGICA, ARGUMENTARE SI COMUNICARE": {"medie": 9.198958333333335, "reusita": 100.0, "cnt": 48}, "SOCIOLOGIE": {"medie": 5.86, "reusita": 60.0, "cnt": 5}}, "nume": "COLEGIUL NATIONAL \"ONISIFOR GHIBU\" ORADEA\tBihor"}