{"specializari": {"MATEMATICA-INFORMATICA": 2, "TEHNICIAN PRELUCRARI MECANICE": 9, "TEHNICIAN ANALIZE PRODUSE ALIMENTARE": 11, "TEHNICIAN PROIECTANT CAD": 33, "TEHNICIAN OPERATOR TEHNICA DE CALCUL": 5, "TEHNICIAN ELECTROMECANIC": 5, "TEHNICIAN MECATRONIST": 16, "TEHNICIAN TRANSPORTURI": 4, "TEHNICIAN PRELUCRARI LA CALD": 1, "TEHNICIAN AVIATIE": 2, "TEHNICIAN IN PRELUCRAREA PRODUSELOR DE ORIGINE ANIMALA": 1, "TEHNICIAN MECANIC PENTRU INTRETINERE SI REPARATII": 2, "COAFOR STILIST": 2, "TEHNICIAN PRELUCRARI PE MASINI CU COMANDA NUMERICA": 1, "TEHNICIAN IN AUTOMATIZARI": 1}, "limba_moderna": {"LIMBA FRANCEZA": 9, "LIMBA ENGLEZA": 86}, "limba_materna": {"LIMBA ROMANA": 95}, "promotie_anterioara": {"DA": 60, "NU": 35}, "materii": {"LIMBA ROMANA": {"medie": 5.345789473684211, "reusita": 78.94736842105263, "cnt": 95}, "MATEMATICA MATE-INFO": {"medie": 5.574999999999999, "reusita": 100.0, "cnt": 2}, "BIOLOGIE VEGETALA SI ANIMALA": {"medie": 5.063013698630137, "reusita": 58.44155844155844, "cnt": 77}, "GENERAL": {"medie": 5.409545454545455, "reusita": 31.57894736842105, "cnt": 95}, "GEOGRAFIE": {"medie": 6.7, "reusita": 100.0, "cnt": 2}, "ANATOMIE SI FIZIOLOGIE UMANA, GENETICA SI ECOLOGIE UMANA": {"medie": 4.05, "reusita": 0.0, "cnt": 2}, "FIZICA TEO": {"medie": 4.47, "reusita": 0.0, "cnt": 1}, "MATEMATICA TEHN": {"medie": 5.6252808988764045, "reusita": 75.26881720430107, "cnt": 93}, "FIZICA TEH": {"medie": 5.4875, "reusita": 75.0, "cnt": 4}, "CHIMIE ANORGANICA TEH NIVEL I/II": {"medie": 5.764285714285714, "reusita": 75.0, "cnt": 8}, "CHIMIE ORGANICA TEH NIVEL I/II": {"medie": 2.1, "reusita": 0.0, "cnt": 1}}, "nume": "COLEGIUL TEHNIC \"TRANSILVANIA\" BRASOV\tBra\u0219ov"}