{"specializari": {"MATEMATICA-INFORMATICA": 22, "STIINTE ALE NATURII": 56, "STIINTE SOCIALE": 34}, "limba_moderna": {"LIMBA ENGLEZA": 111, "LIMBA FRANCEZA": 1}, "limba_materna": {"LIMBA ROMANA": 112}, "promotie_anterioara": {"NU": 111, "DA": 1}, "materii": {"LIMBA ROMANA": {"medie": 7.617410714285716, "reusita": 98.21428571428571, "cnt": 112}, "MATEMATICA MATE-INFO": {"medie": 9.418181818181818, "reusita": 100.0, "cnt": 22}, "BIOLOGIE VEGETALA SI ANIMALA": {"medie": 9.6, "reusita": 100.0, "cnt": 2}, "GENERAL": {"medie": 8.240922619047618, "reusita": 97.32142857142857, "cnt": 112}, "INFORMATICA MI C/C++": {"medie": 8.892499999999998, "reusita": 100.0, "cnt": 20}, "CHIMIE ANORGANICA TEO NIVEL I/II": {"medie": 9.6, "reusita": 100.0, "cnt": 3}, "ISTORIE": {"medie": 8.363235294117644, "reusita": 100.0, "cnt": 34}, "GEOGRAFIE": {"medie": 8.593749999999998, "reusita": 100.0, "cnt": 24}, "MATEMATICA ST-NAT": {"medie": 7.750892857142858, "reusita": 100.0, "cnt": 56}, "ANATOMIE SI FIZIOLOGIE UMANA, GENETICA SI ECOLOGIE UMANA": {"medie": 8.998979591836733, "reusita": 100.0, "cnt": 49}, "INFORMATICA SN C/C++": {"medie": 8.012500000000001, "reusita": 100.0, "cnt": 4}, "LOGICA, ARGUMENTARE SI COMUNICARE": {"medie": 7.300000000000001, "reusita": 100.0, "cnt": 2}, "SOCIOLOGIE": {"medie": 8.8125, "reusita": 100.0, "cnt": 8}}, "nume": "COLEGIUL NATIONAL \"MIHAI VITEAZUL\" TURDA\tCluj"}