{"specializari": {"MATEMATICA-INFORMATICA": 92, "FILOLOGIE": 62, "STIINTE ALE NATURII": 37, "STIINTE SOCIALE": 32}, "limba_moderna": {"LIMBA ENGLEZA": 149, "LIMBA ITALIANA": 5, "LIMBA FRANCEZA": 64, "LIMBA RUSA": 5}, "limba_materna": {"LIMBA ROMANA": 223}, "promotie_anterioara": {"NU": 217, "DA": 6}, "materii": {"LIMBA ROMANA": {"medie": 7.347085201793724, "reusita": 95.51569506726457, "cnt": 223}, "MATEMATICA MATE-INFO": {"medie": 7.967391304347825, "reusita": 96.73913043478261, "cnt": 92}, "GENERAL": {"medie": 7.875037369207769, "reusita": 90.13452914798206, "cnt": 223}, "CHIMIE ORGANICA TEO NIVEL I/II": {"medie": 9.239285714285714, "reusita": 100.0, "cnt": 28}, "INFORMATICA MI C/C++": {"medie": 9.507692307692308, "reusita": 100.0, "cnt": 26}, "CHIMIE ANORGANICA TEO NIVEL I/II": {"medie": 8.65, "reusita": 100.0, "cnt": 3}, "ISTORIE": {"medie": 7.613297872340421, "reusita": 97.87234042553192, "cnt": 94}, "GEOGRAFIE": {"medie": 7.942391304347825, "reusita": 98.91304347826086, "cnt": 92}, "PSIHOLOGIE": {"medie": 10.0, "reusita": 100.0, "cnt": 1}, "MATEMATICA ST-NAT": {"medie": 8.172972972972975, "reusita": 100.0, "cnt": 37}, "ANATOMIE SI FIZIOLOGIE UMANA, GENETICA SI ECOLOGIE UMANA": {"medie": 8.315972222222221, "reusita": 98.61111111111111, "cnt": 72}, "ECONOMIE": {"medie": 7.65, "reusita": 100.0, "cnt": 1}}, "nume": "COLEGIUL NATIONAL \"DRAGOS VODA\" SIGHETU MARMATIEI\tMaramure\u0219"}