{"specializari": {"MATEMATICA-INFORMATICA": 64, "FILOLOGIE": 63, "STIINTE ALE NATURII": 27, "STIINTE SOCIALE": 29}, "limba_moderna": {"LIMBA ENGLEZA": 135, "LIMBA FRANCEZA": 48}, "limba_materna": {"LIMBA ROMANA": 183}, "promotie_anterioara": {"NU": 176, "DA": 7}, "materii": {"LIMBA ROMANA": {"medie": 7.099450549450546, "reusita": 96.17486338797814, "cnt": 183}, "MATEMATICA MATE-INFO": {"medie": 8.53359375, "reusita": 100.0, "cnt": 64}, "BIOLOGIE VEGETALA SI ANIMALA": {"medie": 8.666666666666666, "reusita": 100.0, "cnt": 6}, "GENERAL": {"medie": 7.741528545119703, "reusita": 89.61748633879782, "cnt": 183}, "CHIMIE ORGANICA TEO NIVEL I/II": {"medie": 10.0, "reusita": 100.0, "cnt": 2}, "INFORMATICA MI C/C++": {"medie": 8.724999999999998, "reusita": 100.0, "cnt": 14}, "CHIMIE ANORGANICA TEO NIVEL I/II": {"medie": 8.0, "reusita": 100.0, "cnt": 3}, "ISTORIE": {"medie": 7.311111111111113, "reusita": 97.82608695652173, "cnt": 92}, "GEOGRAFIE": {"medie": 8.183333333333334, "reusita": 96.42857142857143, "cnt": 28}, "PSIHOLOGIE": {"medie": 9.6, "reusita": 100.0, "cnt": 1}, "MATEMATICA ST-NAT": {"medie": 6.381481481481482, "reusita": 88.88888888888889, "cnt": 27}, "ANATOMIE SI FIZIOLOGIE UMANA, GENETICA SI ECOLOGIE UMANA": {"medie": 9.105555555555558, "reusita": 100.0, "cnt": 63}, "FIZICA TEO": {"medie": 7.033333333333334, "reusita": 100.0, "cnt": 3}, "FILOSOFIE": {"medie": 9.1, "reusita": 100.0, "cnt": 1}, "ECONOMIE": {"medie": 8.6, "reusita": 100.0, "cnt": 2}, "LOGICA, ARGUMENTARE SI COMUNICARE": {"medie": 8.4, "reusita": 100.0, "cnt": 1}, "SOCIOLOGIE": {"medie": 7.9267241379310365, "reusita": 98.30508474576271, "cnt": 59}}, "nume": "COLEGIUL NATIONAL \"DRAGOS VODA\" CAMPULUNG MOLDOVENESC\tSuceava"}