{"specializari": {"INVATATOR - EDUCATOARE": 28, "FILOLOGIE": 38, "STIINTE SOCIALE": 38, "STIINTE ALE NATURII": 30, "MATEMATICA-INFORMATICA": 20}, "limba_moderna": {"LIMBA ENGLEZA": 132, "LIMBA FRANCEZA": 18, "LIMBA RUSA": 4}, "limba_materna": {"LIMBA ROMANA": 154}, "promotie_anterioara": {"NU": 153, "DA": 1}, "materii": {"LIMBA ROMANA": {"medie": 8.115584415584415, "reusita": 100.0, "cnt": 154}, "MATEMATICA MATE-INFO": {"medie": 7.63, "reusita": 100.0, "cnt": 20}, "BIOLOGIE VEGETALA SI ANIMALA": {"medie": 7.802083333333333, "reusita": 100.0, "cnt": 24}, "GENERAL": {"medie": 8.095454545454547, "reusita": 98.7012987012987, "cnt": 154}, "CHIMIE ORGANICA TEO NIVEL I/II": {"medie": 8.407142857142857, "reusita": 100.0, "cnt": 14}, "ISTORIE": {"medie": 7.7269736842105265, "reusita": 100.0, "cnt": 76}, "GEOGRAFIE": {"medie": 8.620103092783506, "reusita": 100.0, "cnt": 97}, "PSIHOLOGIE": {"medie": 7.3, "reusita": 100.0, "cnt": 1}, "MATEMATICA ST-NAT": {"medie": 7.776666666666668, "reusita": 100.0, "cnt": 30}, "ANATOMIE SI FIZIOLOGIE UMANA, GENETICA SI ECOLOGIE UMANA": {"medie": 8.4125, "reusita": 100.0, "cnt": 12}, "FILOSOFIE": {"medie": 7.4, "reusita": 100.0, "cnt": 1}, "ECONOMIE": {"medie": 5.6, "reusita": 100.0, "cnt": 1}, "MATEMATICA PED": {"medie": 7.980357142857144, "reusita": 100.0, "cnt": 28}, "SOCIOLOGIE": {"medie": 7.8375, "reusita": 100.0, "cnt": 4}}, "nume": "COLEGIUL NATIONAL PEDAGOGIC \"DUMITRU PANAITESCU PERPESSICIUS\"\tBr\u0103ila"}