{"specializari": {"MATEMATICA-INFORMATICA": 79, "STIINTE ALE NATURII": 62, "STIINTE SOCIALE": 32, "FILOLOGIE": 24}, "limba_moderna": {"LIMBA ENGLEZA": 193, "LIMBA FRANCEZA": 4}, "limba_materna": {"LIMBA ROMANA": 197}, "promotie_anterioara": {"NU": 197}, "materii": {"LIMBA ROMANA": {"medie": 7.877664974619285, "reusita": 98.47715736040608, "cnt": 197}, "MATEMATICA MATE-INFO": {"medie": 8.803797468354434, "reusita": 100.0, "cnt": 79}, "BIOLOGIE VEGETALA SI ANIMALA": {"medie": 8.297058823529412, "reusita": 97.05882352941177, "cnt": 34}, "GENERAL": {"medie": 8.221065989847716, "reusita": 94.9238578680203, "cnt": 197}, "CHIMIE ORGANICA TEO NIVEL I/II": {"medie": 8.642105263157896, "reusita": 100.0, "cnt": 19}, "INFORMATICA MI C/C++": {"medie": 8.975641025641027, "reusita": 100.0, "cnt": 39}, "CHIMIE ANORGANICA TEO NIVEL I/II": {"medie": 8.15, "reusita": 100.0, "cnt": 4}, "ISTORIE": {"medie": 7.502678571428573, "reusita": 96.42857142857143, "cnt": 56}, "GEOGRAFIE": {"medie": 8.697916666666664, "reusita": 100.0, "cnt": 48}, "MATEMATICA ST-NAT": {"medie": 7.934677419354841, "reusita": 98.38709677419355, "cnt": 62}, "ANATOMIE SI FIZIOLOGIE UMANA, GENETICA SI ECOLOGIE UMANA": {"medie": 8.705128205128206, "reusita": 100.0, "cnt": 39}, "FIZICA TEO": {"medie": 7.2, "reusita": 100.0, "cnt": 6}, "ECONOMIE": {"medie": 8.066666666666666, "reusita": 100.0, "cnt": 3}, "LOGICA, ARGUMENTARE SI COMUNICARE": {"medie": 9.3125, "reusita": 100.0, "cnt": 4}, "SOCIOLOGIE": {"medie": 8.55, "reusita": 100.0, "cnt": 1}}, "nume": "COLEGIUL NATIONAL \"MIHAI EMINESCU\" SATU MARE\tSatu-Mare"}