{"specializari": {"TEHNICIAN PROIECTANT CAD": 10, "TEHNICIAN PROIECTANT PRODUSE FINITE DIN LEMN": 5, "TEHNICIAN IN TURISM": 18, "TEHNICIAN IN ACTIVITATI DE COMERT": 7, "TEHNICIAN IN ACTIVITATI ECONOMICE": 11, "TEHNICIAN ECOLOG SI PROTECTIA CALITATII MEDIULUI": 12, "TEHNICIAN DESIGNER VESTIMENTAR": 1, "TEHNICIAN IN CHIMIE INDUSTRIALA": 1, "TEHNICIAN OPERATOR TEHNICA DE CALCUL": 1, "TEHNICIAN IN PRELUCRAREA LEMNULUI": 1, "TEHNICIAN PRELUCRARI MECANICE": 1, "TEHNICIAN DESIGNER MOBILA SI AMENAJARI INTERIOARE": 1}, "limba_moderna": {"LIMBA ENGLEZA": 53, "LIMBA FRANCEZA": 16}, "limba_materna": {"LIMBA ROMANA": 69}, "promotie_anterioara": {"NU": 52, "DA": 17}, "materii": {"LIMBA ROMANA": {"medie": 5.100746268656716, "reusita": 65.21739130434783, "cnt": 69}, "BIOLOGIE VEGETALA SI ANIMALA": {"medie": 3.9899999999999998, "reusita": 35.294117647058826, "cnt": 17}, "GENERAL": {"medie": 5.013333333333335, "reusita": 31.88405797101449, "cnt": 69}, "GEOGRAFIE": {"medie": 6.525925925925925, "reusita": 85.71428571428571, "cnt": 28}, "ANATOMIE SI FIZIOLOGIE UMANA, GENETICA SI ECOLOGIE UMANA": {"medie": 5.325, "reusita": 58.333333333333336, "cnt": 12}, "MATEMATICA TEHN": {"medie": 4.559848484848483, "reusita": 50.72463768115942, "cnt": 69}, "FIZICA TEH": {"medie": 3.0833333333333335, "reusita": 33.33333333333333, "cnt": 3}, "ECONOMIE": {"medie": 4.164285714285714, "reusita": 25.0, "cnt": 8}, "CHIMIE ANORGANICA TEH NIVEL I/II": {"medie": 5.0, "reusita": 100.0, "cnt": 1}}, "nume": "COLEGIUL TEHNIC \"PETRU MUSAT\" SUCEAVA\tSuceava"}