{"specializari": {"STIINTE ALE NATURII": 98, "MATEMATICA-INFORMATICA": 89, "STIINTE SOCIALE": 40}, "limba_moderna": {"LIMBA ENGLEZA": 170, "LIMBA FRANCEZA": 32, "LIMBA GERMANA MODERNA": 25}, "limba_materna": {"LIMBA ROMANA": 227}, "promotie_anterioara": {"NU": 226, "DA": 1}, "materii": {"LIMBA ROMANA": {"medie": 8.445333333333336, "reusita": 98.6784140969163, "cnt": 227}, "MATEMATICA MATE-INFO": {"medie": 9.366853932584272, "reusita": 100.0, "cnt": 89}, "BIOLOGIE VEGETALA SI ANIMALA": {"medie": 8.903703703703703, "reusita": 100.0, "cnt": 27}, "GENERAL": {"medie": 8.772666666666662, "reusita": 98.23788546255507, "cnt": 227}, "CHIMIE ORGANICA TEO NIVEL I/II": {"medie": 8.9390625, "reusita": 96.96969696969697, "cnt": 33}, "INFORMATICA MI C/C++": {"medie": 9.352777777777778, "reusita": 100.0, "cnt": 18}, "ISTORIE": {"medie": 8.597435897435897, "reusita": 97.5, "cnt": 40}, "GEOGRAFIE": {"medie": 9.372727272727273, "reusita": 95.65217391304348, "cnt": 23}, "PSIHOLOGIE": {"medie": 9.2, "reusita": 100.0, "cnt": 2}, "MATEMATICA ST-NAT": {"medie": 8.718041237113406, "reusita": 98.9795918367347, "cnt": 98}, "ANATOMIE SI FIZIOLOGIE UMANA, GENETICA SI ECOLOGIE UMANA": {"medie": 8.805263157894737, "reusita": 100.0, "cnt": 76}, "FIZICA TEO": {"medie": 8.5125, "reusita": 100.0, "cnt": 32}, "INFORMATICA SN C/C++": {"medie": 8.8, "reusita": 100.0, "cnt": 1}, "ECONOMIE": {"medie": 8.760000000000002, "reusita": 100.0, "cnt": 5}, "LOGICA, ARGUMENTARE SI COMUNICARE": {"medie": 9.561111111111112, "reusita": 100.0, "cnt": 9}, "SOCIOLOGIE": {"medie": 7.1, "reusita": 100.0, "cnt": 1}}, "nume": "COLEGIUL NATIONAL \"MIRCEA CEL BATRAN\" CONSTANTA\tConstan\u021ba"}