{"specializari": {"MATEMATICA-INFORMATICA": 113, "STIINTE ALE NATURII": 27, "TEHNICIAN IN AUTOMATIZARI": 30, "TEHNICIAN DE TELECOMUNICATII": 7, "TEHNICIAN MECANIC PENTRU INTRETINERE SI REPARATII": 50, "TEHNICIAN MECATRONIST": 56}, "limba_moderna": {"LIMBA ENGLEZA": 271, "LIMBA FRANCEZA": 12}, "limba_materna": {"LIMBA ROMANA": 283}, "promotie_anterioara": {"NU": 235, "DA": 48}, "materii": {"LIMBA ROMANA": {"medie": 6.293262411347511, "reusita": 93.63957597173145, "cnt": 283}, "MATEMATICA MATE-INFO": {"medie": 7.215929203539821, "reusita": 98.23008849557522, "cnt": 113}, "BIOLOGIE VEGETALA SI ANIMALA": {"medie": 5.650588235294116, "reusita": 66.86046511627907, "cnt": 172}, "GENERAL": {"medie": 6.509345238095239, "reusita": 63.60424028268551, "cnt": 283}, "CHIMIE ORGANICA TEO NIVEL I/II": {"medie": 6.292307692307691, "reusita": 84.61538461538461, "cnt": 13}, "INFORMATICA MI C/C++": {"medie": 6.308333333333334, "reusita": 83.33333333333334, "cnt": 6}, "CHIMIE ANORGANICA TEO NIVEL I/II": {"medie": 6.1312500000000005, "reusita": 75.0, "cnt": 8}, "MATEMATICA ST-NAT": {"medie": 7.537037037037037, "reusita": 100.0, "cnt": 27}, "ANATOMIE SI FIZIOLOGIE UMANA, GENETICA SI ECOLOGIE UMANA": {"medie": 7.846875, "reusita": 100.0, "cnt": 16}, "FIZICA TEO": {"medie": 6.636363636363638, "reusita": 90.9090909090909, "cnt": 22}, "MATEMATICA TEHN": {"medie": 6.992198581560283, "reusita": 86.01398601398601, "cnt": 143}, "FIZICA TEH": {"medie": 6.461904761904763, "reusita": 80.95238095238095, "cnt": 21}, "INFORMATICA MI PASCAL": {"medie": 6.682352941176469, "reusita": 100.0, "cnt": 17}, "CHIMIE ANORGANICA TEH NIVEL I/II": {"medie": 3.05, "reusita": 0.0, "cnt": 2}, "CHIMIE ORGANICA TEH NIVEL I/II": {"medie": 7.808333333333333, "reusita": 100.0, "cnt": 6}}, "nume": "COLEGIUL \"SPIRU HARET\", MUNICIPIUL PLOIESTI\tPrahova"}