{"specializari": {"TEHNICIAN IN TURISM": 34, "TEHNICIAN IN ACTIVITATI ECONOMICE": 253}, "limba_moderna": {"LIMBA ENGLEZA": 282, "LIMBA FRANCEZA": 4, "LIMBA GERMANA MODERNA": 1}, "limba_materna": {"LIMBA ROMANA": 287}, "promotie_anterioara": {"NU": 282, "DA": 5}, "materii": {"LIMBA ROMANA": {"medie": 7.563588850174215, "reusita": 99.65156794425087, "cnt": 287}, "GENERAL": {"medie": 8.474444444444444, "reusita": 97.21254355400697, "cnt": 287}, "GEOGRAFIE": {"medie": 8.598068669527896, "reusita": 99.57264957264957, "cnt": 234}, "PSIHOLOGIE": {"medie": 7.074999999999999, "reusita": 100.0, "cnt": 2}, "MATEMATICA TEHN": {"medie": 9.35979020979021, "reusita": 98.60627177700349, "cnt": 287}, "ECONOMIE": {"medie": 7.91764705882353, "reusita": 98.0392156862745, "cnt": 51}}, "nume": "COLEGIUL ECONOMIC \"V. MADGEARU\"\tBucure\u0219ti"}