{"specializari": {"TEHNICIAN DESIGNER MOBILA SI AMENAJARI INTERIOARE": 32, "TEHNICIAN IN SILVICULTURA SI EXPLOATARI FORESTIERE": 32, "TEHNICIAN IN ACTIVITATI ECONOMICE": 29, "STIINTE ALE NATURII": 45, "TEHNICIAN IN PRELUCRAREA LEMNULUI": 3, "TEHNICIAN ECOLOG SI PROTECTIA CALITATII MEDIULUI": 2}, "limba_moderna": {"LIMBA ENGLEZA": 106, "LIMBA FRANCEZA": 37}, "limba_materna": {"LIMBA ROMANA": 143}, "promotie_anterioara": {"NU": 109, "DA": 34}, "materii": {"LIMBA ROMANA": {"medie": 5.780075187969927, "reusita": 75.52447552447552, "cnt": 143}, "BIOLOGIE VEGETALA SI ANIMALA": {"medie": 5.5519480519480515, "reusita": 62.5, "cnt": 88}, "GENERAL": {"medie": 6.194576719576722, "reusita": 51.048951048951054, "cnt": 143}, "CHIMIE ORGANICA TEO NIVEL I/II": {"medie": 7.425, "reusita": 100.0, "cnt": 2}, "GEOGRAFIE": {"medie": 8.266666666666667, "reusita": 100.0, "cnt": 6}, "MATEMATICA ST-NAT": {"medie": 6.0777777777777775, "reusita": 93.33333333333333, "cnt": 45}, "ANATOMIE SI FIZIOLOGIE UMANA, GENETICA SI ECOLOGIE UMANA": {"medie": 7.6899999999999995, "reusita": 95.0, "cnt": 20}, "MATEMATICA TEHN": {"medie": 6.221022727272726, "reusita": 72.44897959183673, "cnt": 98}, "FIZICA TEH": {"medie": 1.95, "reusita": 0.0, "cnt": 1}, "LOGICA, ARGUMENTARE SI COMUNICARE": {"medie": 7.909523809523808, "reusita": 86.95652173913044, "cnt": 23}, "CHIMIE ANORGANICA TEH NIVEL I/II": {"medie": 5.75, "reusita": 66.66666666666666, "cnt": 3}}, "nume": "COLEGIUL TEHNIC FORESTIER, MUNICIPIUL CAMPINA\tPrahova"}