{"specializari": {"TEHNICIAN ANALIZE PRODUSE ALIMENTARE": 6, "TEHNICIAN IN CONSTRUCTII SI LUCRARI PUBLICE": 1, "TEHNICIAN IN ACTIVITATI ECONOMICE": 18, "TEHNICIAN IN GASTRONOMIE": 3, "TEHNICIAN IN INDUSTRIA ALIMENTARA": 3, "TEHNICIAN CHIMIST DE LABORATOR": 2, "TEHNICIAN ECOLOG SI PROTECTIA CALITATII MEDIULUI": 13, "TEHNICIAN IN INSTALATII ELECTRICE": 9, "TEHNICIAN IN PRELUCRAREA LEMNULUI": 4, "TEHNICIAN MECANIC PENTRU INTRETINERE SI REPARATII": 4, "TEHNICIAN OPERATOR TEHNICA DE CALCUL": 1, "TEHNICIAN ELECTROTEHNIST": 1}, "limba_moderna": {"LIMBA ENGLEZA": 55, "LIMBA GERMANA MODERNA": 5, "LIMBA FRANCEZA": 5}, "limba_materna": {"LIMBA ROMANA": 65}, "promotie_anterioara": {"NU": 32, "DA": 33}, "materii": {"LIMBA ROMANA": {"medie": 5.204918032786885, "reusita": 76.92307692307693, "cnt": 65}, "BIOLOGIE VEGETALA SI ANIMALA": {"medie": 4.161538461538462, "reusita": 43.75, "cnt": 16}, "GENERAL": {"medie": 5.778869047619049, "reusita": 35.38461538461539, "cnt": 65}, "GEOGRAFIE": {"medie": 7.489473684210526, "reusita": 100.0, "cnt": 19}, "ANATOMIE SI FIZIOLOGIE UMANA, GENETICA SI ECOLOGIE UMANA": {"medie": 3.5875, "reusita": 25.0, "cnt": 4}, "MATEMATICA TEHN": {"medie": 6.183898305084748, "reusita": 76.92307692307693, "cnt": 65}, "FIZICA TEH": {"medie": 3.1, "reusita": 0.0, "cnt": 1}, "LOGICA, ARGUMENTARE SI COMUNICARE": {"medie": 8.850000000000001, "reusita": 100.0, "cnt": 2}, "CHIMIE ANORGANICA TEH NIVEL I/II": {"medie": 5.510526315789473, "reusita": 52.17391304347826, "cnt": 23}}, "nume": "COLEGIUL TEHNIC \"SIMION MEHEDINTI\" CODLEA\tBra\u0219ov"}