{"specializari": {"MATEMATICA-INFORMATICA": 150, "STIINTE ALE NATURII": 31, "FILOLOGIE": 32}, "limba_moderna": {"LIMBA ENGLEZA": 194, "LIMBA FRANCEZA": 19}, "limba_materna": {"LIMBA ROMANA": 213}, "promotie_anterioara": {"NU": 212, "DA": 1}, "materii": {"LIMBA ROMANA": {"medie": 8.21995305164319, "reusita": 100.0, "cnt": 213}, "MATEMATICA MATE-INFO": {"medie": 9.340666666666666, "reusita": 100.0, "cnt": 150}, "BIOLOGIE VEGETALA SI ANIMALA": {"medie": 9.399999999999999, "reusita": 100.0, "cnt": 2}, "GENERAL": {"medie": 8.923082942097023, "reusita": 99.53051643192488, "cnt": 213}, "CHIMIE ORGANICA TEO NIVEL I/II": {"medie": 9.68666666666667, "reusita": 100.0, "cnt": 15}, "INFORMATICA MI C/C++": {"medie": 9.558510638297873, "reusita": 100.0, "cnt": 47}, "CHIMIE ANORGANICA TEO NIVEL I/II": {"medie": 7.2, "reusita": 100.0, "cnt": 3}, "ISTORIE": {"medie": 8.34375, "reusita": 100.0, "cnt": 32}, "GEOGRAFIE": {"medie": 9.411666666666667, "reusita": 100.0, "cnt": 30}, "PSIHOLOGIE": {"medie": 8.55, "reusita": 100.0, "cnt": 2}, "MATEMATICA ST-NAT": {"medie": 9.18225806451613, "reusita": 100.0, "cnt": 31}, "ANATOMIE SI FIZIOLOGIE UMANA, GENETICA SI ECOLOGIE UMANA": {"medie": 9.542941176470588, "reusita": 100.0, "cnt": 85}, "FIZICA TEO": {"medie": 8.713793103448277, "reusita": 100.0, "cnt": 29}}, "nume": "COLEGIUL NATIONAL \"ECATERINA TEODOROIU\" TG-JIU\tGorj"}