{"specializari": {"FILOLOGIE": 31, "STIINTE SOCIALE": 32, "STIINTE ALE NATURII": 32, "MATEMATICA-INFORMATICA": 59}, "limba_moderna": {"LIMBA ENGLEZA": 138, "LIMBA GERMANA MODERNA": 16}, "limba_materna": {"LIMBA MAGHIARA": 154}, "promotie_anterioara": {"NU": 153, "DA": 1}, "materii": {"LIMBA ROMANA": {"medie": 6.779411764705882, "reusita": 92.20779220779221, "cnt": 154}, "MATEMATICA MATE-INFO": {"medie": 7.810169491525423, "reusita": 96.61016949152543, "cnt": 59}, "BIOLOGIE VEGETALA SI ANIMALA": {"medie": 6.987500000000001, "reusita": 60.0, "cnt": 5}, "GENERAL": {"medie": 8.041748366013069, "reusita": 91.55844155844156, "cnt": 154}, "CHIMIE ORGANICA TEO NIVEL I/II": {"medie": 8.383333333333333, "reusita": 100.0, "cnt": 12}, "INFORMATICA MI C/C++": {"medie": 8.743478260869567, "reusita": 100.0, "cnt": 46}, "CHIMIE ANORGANICA TEO NIVEL I/II": {"medie": 7.449999999999998, "reusita": 100.0, "cnt": 5}, "ISTORIE": {"medie": 8.838095238095237, "reusita": 100.0, "cnt": 63}, "GEOGRAFIE": {"medie": 9.053846153846154, "reusita": 100.0, "cnt": 26}, "PSIHOLOGIE": {"medie": 8.4, "reusita": 100.0, "cnt": 6}, "MATEMATICA ST-NAT": {"medie": 8.343548387096776, "reusita": 96.875, "cnt": 32}, "ANATOMIE SI FIZIOLOGIE UMANA, GENETICA SI ECOLOGIE UMANA": {"medie": 8.540000000000001, "reusita": 100.0, "cnt": 20}, "FIZICA TEO": {"medie": 7.866666666666667, "reusita": 100.0, "cnt": 3}, "LOGICA, ARGUMENTARE SI COMUNICARE": {"medie": 8.11896551724138, "reusita": 100.0, "cnt": 29}, "SOCIOLOGIE": {"medie": 8.5, "reusita": 100.0, "cnt": 2}, "LIMBA MAGHIARA (REAL)": {"medie": 8.505, "reusita": 98.9010989010989, "cnt": 91}, "LIMBA MAGHIARA (UMAN)": {"medie": 8.602380952380953, "reusita": 100.0, "cnt": 63}}, "nume": "COLEGIUL NATIONAL \"MARTON ARON\" MIERCUREA CIUC\tHarghita"}