{"specializari": {"STIINTE ALE NATURII": 22, "FILOLOGIE": 27, "TEHNICIAN OPERATOR TEHNICA DE CALCUL": 10, "TEHNICIAN ELECTROMECANIC": 9, "TEHNICIAN IN ACTIVITATI ECONOMICE": 19, "TEHNICIAN IN ACTIVITATI DE COMERT": 10, "TEHNICIAN MECANIC PENTRU INTRETINERE SI REPARATII": 8, "MATEMATICA-INFORMATICA": 32, "TEHNICIAN IN CONSTRUCTII SI LUCRARI PUBLICE": 2, "STIINTE SOCIALE": 4}, "limba_moderna": {"LIMBA ENGLEZA": 137, "LIMBA ITALIANA": 6}, "limba_materna": {"LIMBA ROMANA": 143}, "promotie_anterioara": {"NU": 110, "DA": 33}, "materii": {"LIMBA ROMANA": {"medie": 6.053308823529412, "reusita": 85.3146853146853, "cnt": 143}, "MATEMATICA MATE-INFO": {"medie": 6.387096774193547, "reusita": 84.375, "cnt": 32}, "BIOLOGIE VEGETALA SI ANIMALA": {"medie": 3.756521739130434, "reusita": 20.0, "cnt": 25}, "GENERAL": {"medie": 6.301492537313433, "reusita": 53.84615384615385, "cnt": 143}, "CHIMIE ORGANICA TEO NIVEL I/II": {"medie": 7.2, "reusita": 100.0, "cnt": 1}, "CHIMIE ANORGANICA TEO NIVEL I/II": {"medie": 6.175, "reusita": 100.0, "cnt": 4}, "ISTORIE": {"medie": 6.379032258064516, "reusita": 100.0, "cnt": 31}, "GEOGRAFIE": {"medie": 6.794230769230769, "reusita": 88.88888888888889, "cnt": 27}, "MATEMATICA ST-NAT": {"medie": 4.952272727272726, "reusita": 68.18181818181817, "cnt": 22}, "ANATOMIE SI FIZIOLOGIE UMANA, GENETICA SI ECOLOGIE UMANA": {"medie": 7.530208333333335, "reusita": 95.91836734693877, "cnt": 49}, "MATEMATICA TEHN": {"medie": 5.540566037735851, "reusita": 77.58620689655173, "cnt": 58}, "FIZICA TEH": {"medie": 5.0, "reusita": 100.0, "cnt": 1}, "LOGICA, ARGUMENTARE SI COMUNICARE": {"medie": 8.384375, "reusita": 96.96969696969697, "cnt": 33}, "CHIMIE ANORGANICA TEH NIVEL I/II": {"medie": 4.3999999999999995, "reusita": 33.33333333333333, "cnt": 3}}, "nume": "COLEGIUL TEHNIC \"CONSTANTIN BRANCUSI\" PETRILA\tHunedoara"}