{"specializari": {"MATEMATICA-INFORMATICA": 77, "STIINTE ALE NATURII": 32, "STIINTE SOCIALE": 34, "FILOLOGIE": 34}, "limba_moderna": {"LIMBA ENGLEZA": 158, "LIMBA FRANCEZA": 19}, "limba_materna": {"LIMBA ROMANA": 177}, "promotie_anterioara": {"NU": 175, "DA": 2}, "materii": {"LIMBA ROMANA": {"medie": 8.38096590909091, "reusita": 99.43502824858757, "cnt": 177}, "MATEMATICA MATE-INFO": {"medie": 9.186842105263159, "reusita": 97.40259740259741, "cnt": 77}, "BIOLOGIE VEGETALA SI ANIMALA": {"medie": 10.0, "reusita": 100.0, "cnt": 1}, "GENERAL": {"medie": 8.691477272727276, "reusita": 98.87005649717514, "cnt": 177}, "CHIMIE ORGANICA TEO NIVEL I/II": {"medie": 9.275806451612903, "reusita": 100.0, "cnt": 31}, "INFORMATICA MI C/C++": {"medie": 8.17083333333333, "reusita": 100.0, "cnt": 24}, "ISTORIE": {"medie": 8.368382352941177, "reusita": 100.0, "cnt": 68}, "GEOGRAFIE": {"medie": 9.292592592592591, "reusita": 100.0, "cnt": 27}, "PSIHOLOGIE": {"medie": 7.9, "reusita": 100.0, "cnt": 10}, "MATEMATICA ST-NAT": {"medie": 8.835937499999998, "reusita": 100.0, "cnt": 32}, "ANATOMIE SI FIZIOLOGIE UMANA, GENETICA SI ECOLOGIE UMANA": {"medie": 9.032352941176473, "reusita": 100.0, "cnt": 34}, "FIZICA TEO": {"medie": 8.349999999999998, "reusita": 94.73684210526315, "cnt": 19}, "FILOSOFIE": {"medie": 9.25, "reusita": 100.0, "cnt": 2}, "ECONOMIE": {"medie": 8.72857142857143, "reusita": 100.0, "cnt": 7}, "LOGICA, ARGUMENTARE SI COMUNICARE": {"medie": 9.299999999999999, "reusita": 100.0, "cnt": 20}, "SOCIOLOGIE": {"medie": 8.75, "reusita": 100.0, "cnt": 2}}, "nume": "COLEGIUL NATIONAL \"PETRU RARES\", MUNICIPIUL PIATRA-NEAMT\tNeam\u021b"}