{"specializari": {"TEHNICIAN IN TURISM": 27, "TEHNICIAN IN ACTIVITATI DE COMERT": 74, "TEHNICIAN IN ACTIVITATI ECONOMICE": 56, "TEHNICIAN IN GASTRONOMIE": 63, "LICEU CU PROGRAM SPORTIV": 1}, "limba_moderna": {"LIMBA ENGLEZA": 206, "LIMBA FRANCEZA": 15}, "limba_materna": {"LIMBA ROMANA": 221}, "promotie_anterioara": {"NU": 198, "DA": 23}, "materii": {"LIMBA ROMANA": {"medie": 6.128538812785388, "reusita": 90.04524886877829, "cnt": 221}, "GENERAL": {"medie": 7.137114197530859, "reusita": 77.82805429864254, "cnt": 221}, "ISTORIE": {"medie": 5.0, "reusita": 100.0, "cnt": 1}, "GEOGRAFIE": {"medie": 7.741822429906541, "reusita": 97.23502304147466, "cnt": 217}, "MATEMATICA TEHN": {"medie": 7.499305555555561, "reusita": 90.9090909090909, "cnt": 220}, "ECONOMIE": {"medie": 7.0125, "reusita": 100.0, "cnt": 4}}, "nume": "COLEGIUL COMERCIAL \"CAROL I\" CONSTANTA\tConstan\u021ba"}