{"specializari": {"TEHNICIAN IN ACTIVITATI ECONOMICE": 152, "TEHNICIAN IN HOTELARIE": 48, "ORGANIZATOR BANQUETING": 30, "TEHNICIAN IN ACTIVITATI DE COMERT": 58, "TEHNICIAN IN GASTRONOMIE": 15, "TEHNICIAN IN TURISM": 30}, "limba_moderna": {"LIMBA ENGLEZA": 290, "LIMBA FRANCEZA": 43}, "limba_materna": {"LIMBA ROMANA": 333}, "promotie_anterioara": {"NU": 299, "DA": 34}, "materii": {"LIMBA ROMANA": {"medie": 6.919054878048776, "reusita": 92.7927927927928, "cnt": 333}, "GENERAL": {"medie": 7.525954592363261, "reusita": 82.58258258258259, "cnt": 333}, "GEOGRAFIE": {"medie": 7.8075235109717855, "reusita": 94.80122324159022, "cnt": 327}, "MATEMATICA TEHN": {"medie": 7.786615384615383, "reusita": 91.8918918918919, "cnt": 333}, "ECONOMIE": {"medie": 8.65, "reusita": 100.0, "cnt": 6}}, "nume": "COLEGIUL ECONOMIC \"VIRGIL MADGEARU\" TG-JIU\tGorj"}