{"specializari": {"FILOLOGIE": 1, "TEHNICIAN IN GASTRONOMIE": 40, "TEHNICIAN IN TURISM": 32, "TEHNICIAN IN ACTIVITATI DE COMERT": 73, "TEHNICIAN IN ACTIVITATI ECONOMICE": 95, "TEHNICIAN IN ADMINISTRATIE": 32}, "limba_moderna": {"LIMBA ENGLEZA": 217, "LIMBA FRANCEZA": 48, "LIMBA GERMANA MODERNA": 8}, "limba_materna": {"LIMBA ROMANA": 273}, "promotie_anterioara": {"NU": 246, "DA": 27}, "materii": {"LIMBA ROMANA": {"medie": 6.530952380952381, "reusita": 93.77289377289377, "cnt": 273}, "GENERAL": {"medie": 7.459401709401709, "reusita": 82.41758241758241, "cnt": 273}, "ISTORIE": {"medie": 5.9, "reusita": 100.0, "cnt": 1}, "GEOGRAFIE": {"medie": 7.989851485148509, "reusita": 100.0, "cnt": 202}, "PSIHOLOGIE": {"medie": 9.5, "reusita": 100.0, "cnt": 6}, "MATEMATICA TEHN": {"medie": 8.149448529411767, "reusita": 93.38235294117648, "cnt": 272}, "ECONOMIE": {"medie": 6.087209302325581, "reusita": 83.72093023255815, "cnt": 43}, "LOGICA, ARGUMENTARE SI COMUNICARE": {"medie": 7.775, "reusita": 90.9090909090909, "cnt": 22}}, "nume": "COLEGIUL ECONOMIC \"MARIA TEIULEANU\" PITESTI\tArge\u0219"}