{"specializari": {"MATEMATICA-INFORMATICA": 82, "STIINTE SOCIALE": 36, "STIINTE ALE NATURII": 35}, "limba_moderna": {"LIMBA ENGLEZA": 148, "LIMBA FRANCEZA": 5}, "limba_materna": {"LIMBA ROMANA": 153}, "promotie_anterioara": {"NU": 150, "DA": 3}, "materii": {"LIMBA ROMANA": {"medie": 7.125163398692813, "reusita": 96.73202614379085, "cnt": 153}, "MATEMATICA MATE-INFO": {"medie": 8.291463414634146, "reusita": 96.34146341463415, "cnt": 82}, "BIOLOGIE VEGETALA SI ANIMALA": {"medie": 7.9688679245283005, "reusita": 98.11320754716981, "cnt": 53}, "GENERAL": {"medie": 7.810043572984745, "reusita": 94.77124183006535, "cnt": 153}, "CHIMIE ORGANICA TEO NIVEL I/II": {"medie": 8.299999999999999, "reusita": 100.0, "cnt": 11}, "INFORMATICA MI C/C++": {"medie": 8.236363636363636, "reusita": 100.0, "cnt": 22}, "CHIMIE ANORGANICA TEO NIVEL I/II": {"medie": 8.4, "reusita": 100.0, "cnt": 1}, "ISTORIE": {"medie": 7.529166666666667, "reusita": 97.22222222222221, "cnt": 36}, "GEOGRAFIE": {"medie": 8.666666666666666, "reusita": 100.0, "cnt": 33}, "MATEMATICA ST-NAT": {"medie": 7.42, "reusita": 100.0, "cnt": 35}, "ANATOMIE SI FIZIOLOGIE UMANA, GENETICA SI ECOLOGIE UMANA": {"medie": 9.46111111111111, "reusita": 100.0, "cnt": 18}, "FIZICA TEO": {"medie": 8.23, "reusita": 100.0, "cnt": 12}, "ECONOMIE": {"medie": 6.9, "reusita": 100.0, "cnt": 1}, "SOCIOLOGIE": {"medie": 9.4, "reusita": 100.0, "cnt": 2}}, "nume": "COLEGIUL NATIONAL \"RADU NEGRU\" FAGARAS\tBra\u0219ov"}