{"specializari": {"FILOLOGIE": 65, "STIINTE SOCIALE": 35, "STIINTE ALE NATURII": 29, "MATEMATICA-INFORMATICA": 110}, "limba_moderna": {"LIMBA ENGLEZA": 224, "LIMBA FRANCEZA": 7, "LIMBA SPANIOLA": 8}, "limba_materna": {"LIMBA ROMANA": 239}, "promotie_anterioara": {"NU": 237, "DA": 2}, "materii": {"LIMBA ROMANA": {"medie": 7.680962343096229, "reusita": 97.90794979079497, "cnt": 239}, "MATEMATICA MATE-INFO": {"medie": 7.92681818181818, "reusita": 94.54545454545455, "cnt": 110}, "GENERAL": {"medie": 8.000836820083675, "reusita": 89.1213389121339, "cnt": 239}, "CHIMIE ORGANICA TEO NIVEL I/II": {"medie": 7.800000000000001, "reusita": 100.0, "cnt": 9}, "INFORMATICA MI C/C++": {"medie": 8.8375, "reusita": 100.0, "cnt": 8}, "ISTORIE": {"medie": 8.4695, "reusita": 99.0, "cnt": 100}, "GEOGRAFIE": {"medie": 9.081052631578945, "reusita": 100.0, "cnt": 95}, "PSIHOLOGIE": {"medie": 6.7, "reusita": 100.0, "cnt": 2}, "MATEMATICA ST-NAT": {"medie": 5.843103448275862, "reusita": 75.86206896551724, "cnt": 29}, "ANATOMIE SI FIZIOLOGIE UMANA, GENETICA SI ECOLOGIE UMANA": {"medie": 8.160752688172044, "reusita": 97.84946236559139, "cnt": 93}, "FIZICA TEO": {"medie": 7.245238095238094, "reusita": 95.23809523809523, "cnt": 21}, "ECONOMIE": {"medie": 9.05, "reusita": 100.0, "cnt": 2}, "SOCIOLOGIE": {"medie": 6.2, "reusita": 100.0, "cnt": 1}, "INFORMATICA MI PASCAL": {"medie": 7.5125, "reusita": 100.0, "cnt": 8}}, "nume": "COLEGIUL NATIONAL \"GHEORGHE TITEICA\"\tMehedin\u021bi"}