{"specializari": {"MATEMATICA-INFORMATICA": 65, "STIINTE SOCIALE": 34, "STIINTE ALE NATURII": 30, "FILOLOGIE": 34}, "limba_moderna": {"LIMBA ENGLEZA": 138, "LIMBA FRANCEZA": 25}, "limba_materna": {"LIMBA ROMANA": 163}, "promotie_anterioara": {"NU": 162, "DA": 1}, "materii": {"LIMBA ROMANA": {"medie": 8.304294478527606, "reusita": 100.0, "cnt": 163}, "MATEMATICA MATE-INFO": {"medie": 8.909230769230769, "reusita": 98.46153846153847, "cnt": 65}, "BIOLOGIE VEGETALA SI ANIMALA": {"medie": 8.11, "reusita": 95.0, "cnt": 20}, "GENERAL": {"medie": 8.45971370143149, "reusita": 99.38650306748467, "cnt": 163}, "CHIMIE ORGANICA TEO NIVEL I/II": {"medie": 8.52, "reusita": 100.0, "cnt": 15}, "INFORMATICA MI C/C++": {"medie": 9.167857142857143, "reusita": 100.0, "cnt": 14}, "CHIMIE ANORGANICA TEO NIVEL I/II": {"medie": 7.824999999999999, "reusita": 100.0, "cnt": 2}, "ISTORIE": {"medie": 7.831617647058821, "reusita": 100.0, "cnt": 68}, "GEOGRAFIE": {"medie": 9.29, "reusita": 100.0, "cnt": 5}, "MATEMATICA ST-NAT": {"medie": 8.188333333333334, "reusita": 100.0, "cnt": 30}, "ANATOMIE SI FIZIOLOGIE UMANA, GENETICA SI ECOLOGIE UMANA": {"medie": 8.816666666666668, "reusita": 100.0, "cnt": 6}, "FIZICA TEO": {"medie": 7.950000000000001, "reusita": 100.0, "cnt": 33}, "ECONOMIE": {"medie": 7.6, "reusita": 100.0, "cnt": 1}, "LOGICA, ARGUMENTARE SI COMUNICARE": {"medie": 9.312903225806453, "reusita": 100.0, "cnt": 62}, "INFORMATICA MI PASCAL": {"medie": 9.040000000000001, "reusita": 100.0, "cnt": 5}}, "nume": "COLEGIUL NATIONAL \"NICOLAE GRIGORESCU\", MUNICIPIUL CAMPINA\tPrahova"}