{"specializari": {"TEHNICIAN IN ADMINISTRATIE": 1, "TEHNICIAN IN GASTRONOMIE": 97, "TEHNICIAN IN TURISM": 88, "ORGANIZATOR BANQUETING": 65, "TEHNICIAN IN ACTIVITATI ECONOMICE": 55, "TEHNICIAN IN ACTIVITATI DE COMERT": 46, "TEHNICIAN IN ACHIZITII SI CONTRACTARI": 9}, "limba_moderna": {"LIMBA ENGLEZA": 334, "LIMBA FRANCEZA": 27}, "limba_materna": {"LIMBA ROMANA": 361}, "promotie_anterioara": {"DA": 139, "NU": 222}, "materii": {"LIMBA ROMANA": {"medie": 5.312359550561792, "reusita": 76.45429362880887, "cnt": 361}, "GENERAL": {"medie": 6.202516619183288, "reusita": 53.46260387811634, "cnt": 361}, "GEOGRAFIE": {"medie": 6.799435028248589, "reusita": 94.42896935933148, "cnt": 359}, "MATEMATICA TEHN": {"medie": 6.471267605633806, "reusita": 85.59556786703601, "cnt": 361}, "ECONOMIE": {"medie": 5.074999999999999, "reusita": 100.0, "cnt": 2}}, "nume": "COLEGIUL ECONOMIC \"VIILOR\"\tBucure\u0219ti"}