{"specializari": {"STIINTE ALE NATURII": 74, "MATEMATICA-INFORMATICA": 50, "STIINTE SOCIALE": 51, "FILOLOGIE": 33, "TEHNICIAN IN ACTIVITATI ECONOMICE": 31}, "limba_moderna": {"LIMBA FRANCEZA": 33, "LIMBA ENGLEZA": 201, "LIMBA GERMANA MODERNA": 5}, "limba_materna": {"LIMBA ROMANA": 199, "LIMBA MAGHIARA": 40}, "promotie_anterioara": {"NU": 229, "DA": 10}, "materii": {"LIMBA ROMANA": {"medie": 7.538865546218488, "reusita": 92.88702928870293, "cnt": 239}, "MATEMATICA MATE-INFO": {"medie": 7.555999999999999, "reusita": 92.0, "cnt": 50}, "BIOLOGIE VEGETALA SI ANIMALA": {"medie": 8.46, "reusita": 100.0, "cnt": 10}, "GENERAL": {"medie": 7.989978902953586, "reusita": 89.5397489539749, "cnt": 239}, "CHIMIE ORGANICA TEO NIVEL I/II": {"medie": 8.366, "reusita": 100.0, "cnt": 25}, "INFORMATICA MI C/C++": {"medie": 8.261904761904761, "reusita": 100.0, "cnt": 21}, "CHIMIE ANORGANICA TEO NIVEL I/II": {"medie": 7.4, "reusita": 100.0, "cnt": 1}, "ISTORIE": {"medie": 7.531325301204816, "reusita": 97.61904761904762, "cnt": 84}, "GEOGRAFIE": {"medie": 8.274418604651162, "reusita": 98.85057471264368, "cnt": 87}, "PSIHOLOGIE": {"medie": 9.366666666666665, "reusita": 100.0, "cnt": 3}, "MATEMATICA ST-NAT": {"medie": 7.707432432432431, "reusita": 97.2972972972973, "cnt": 74}, "ANATOMIE SI FIZIOLOGIE UMANA, GENETICA SI ECOLOGIE UMANA": {"medie": 8.280303030303031, "reusita": 95.52238805970148, "cnt": 67}, "FILOSOFIE": {"medie": 9.0, "reusita": 100.0, "cnt": 1}, "MATEMATICA TEHN": {"medie": 9.548387096774194, "reusita": 100.0, "cnt": 31}, "LOGICA, ARGUMENTARE SI COMUNICARE": {"medie": 9.416666666666666, "reusita": 100.0, "cnt": 24}, "LIMBA MAGHIARA (REAL)": {"medie": 8.419444444444444, "reusita": 100.0, "cnt": 18}, "LIMBA MAGHIARA (UMAN)": {"medie": 6.929545454545454, "reusita": 100.0, "cnt": 22}}, "nume": "COLEGIUL NATIONAL \"ANDREI MURESANU\" BISTRITA\tBistri\u021ba-N\u0103s\u0103ud"}