{"specializari": {"TEHNICIAN IN TURISM": 26, "TEHNICIAN IN ACTIVITATI ECONOMICE": 60, "TEHNICIAN IN ACHIZITII SI CONTRACTARI": 31, "TEHNICIAN IN GASTRONOMIE": 29, "ORGANIZATOR BANQUETING": 33}, "limba_moderna": {"LIMBA ENGLEZA": 166, "LIMBA FRANCEZA": 13}, "limba_materna": {"LIMBA ROMANA": 179}, "promotie_anterioara": {"NU": 156, "DA": 23}, "materii": {"LIMBA ROMANA": {"medie": 7.081034482758621, "reusita": 92.17877094972067, "cnt": 179}, "GENERAL": {"medie": 7.931695568400771, "reusita": 86.03351955307262, "cnt": 179}, "GEOGRAFIE": {"medie": 8.210365853658534, "reusita": 96.44970414201184, "cnt": 169}, "MATEMATICA TEHN": {"medie": 8.44884393063584, "reusita": 93.29608938547486, "cnt": 179}, "LOGICA, ARGUMENTARE SI COMUNICARE": {"medie": 8.870000000000001, "reusita": 100.0, "cnt": 10}}, "nume": "COLEGIUL ECONOMIC \"DIONISIE POP MARTIAN\" ALBA IULIA\tAlba"}