{"specializari": {"INVATATOR - EDUCATOARE": 28, "FILOLOGIE": 34, "STIINTE SOCIALE": 35, "STIINTE ALE NATURII": 42, "MATEMATICA-INFORMATICA": 4}, "limba_moderna": {"LIMBA ENGLEZA": 94, "LIMBA FRANCEZA": 48, "LIMBA GERMANA MODERNA": 1}, "limba_materna": {"LIMBA ROMANA": 143}, "promotie_anterioara": {"NU": 130, "DA": 13}, "materii": {"LIMBA ROMANA": {"medie": 6.70034965034965, "reusita": 96.5034965034965, "cnt": 143}, "MATEMATICA MATE-INFO": {"medie": 4.175000000000001, "reusita": 50.0, "cnt": 4}, "BIOLOGIE VEGETALA SI ANIMALA": {"medie": 6.632352941176471, "reusita": 88.23529411764706, "cnt": 17}, "GENERAL": {"medie": 7.311538461538461, "reusita": 79.72027972027972, "cnt": 143}, "CHIMIE ORGANICA TEO NIVEL I/II": {"medie": 7.675, "reusita": 100.0, "cnt": 2}, "INFORMATICA MI C/C++": {"medie": 5.4, "reusita": 100.0, "cnt": 1}, "ISTORIE": {"medie": 7.813043478260871, "reusita": 100.0, "cnt": 69}, "GEOGRAFIE": {"medie": 8.915, "reusita": 100.0, "cnt": 10}, "MATEMATICA ST-NAT": {"medie": 5.176190476190476, "reusita": 64.28571428571429, "cnt": 42}, "ANATOMIE SI FIZIOLOGIE UMANA, GENETICA SI ECOLOGIE UMANA": {"medie": 5.73125, "reusita": 100.0, "cnt": 8}, "FIZICA TEO": {"medie": 4.458333333333333, "reusita": 33.33333333333333, "cnt": 6}, "INFORMATICA SN C/C++": {"medie": 7.208333333333333, "reusita": 100.0, "cnt": 12}, "LOGICA, ARGUMENTARE SI COMUNICARE": {"medie": 9.20574712643678, "reusita": 100.0, "cnt": 87}, "MATEMATICA PED": {"medie": 7.951785714285714, "reusita": 96.42857142857143, "cnt": 28}}, "nume": "COLEGIUL NATIONAL PEDAGOGIC \"CAROL I\" CAMPULUNG\tArge\u0219"}