{"specializari": {"MATEMATICA-INFORMATICA": 62, "TEHNICIAN IN TURISM": 31, "TEHNICIAN ELECTRICIAN/ELECTRONIST AUTO": 66, "TEHNICIAN IN CONSTRUCTII SI LUCRARI PUBLICE": 1, "TEHNICIAN TRANSPORTURI": 116, "TEHNICIAN OPERATOR TEHNICA DE CALCUL": 8, "TEHNICIAN ELECTROTEHNIST": 4, "TEHNICIAN IN HOTELARIE": 4, "TEHNICIAN ELECTRONIST": 1, "TEHNICIAN IN SILVICULTURA SI EXPLOATARI FORESTIERE": 1}, "limba_moderna": {"LIMBA ENGLEZA": 284, "LIMBA FRANCEZA": 10}, "limba_materna": {"LIMBA ROMANA": 294}, "promotie_anterioara": {"NU": 157, "DA": 137}, "materii": {"LIMBA ROMANA": {"medie": 4.840977443609021, "reusita": 56.4625850340136, "cnt": 294}, "MATEMATICA MATE-INFO": {"medie": 3.6383928571428577, "reusita": 32.25806451612903, "cnt": 62}, "BIOLOGIE VEGETALA SI ANIMALA": {"medie": 3.790510948905109, "reusita": 29.48717948717949, "cnt": 156}, "GENERAL": {"medie": 4.474739583333336, "reusita": 9.183673469387756, "cnt": 294}, "CHIMIE ORGANICA TEO NIVEL I/II": {"medie": 8.8, "reusita": 100.0, "cnt": 1}, "CHIMIE ANORGANICA TEO NIVEL I/II": {"medie": 5.75, "reusita": 100.0, "cnt": 1}, "GEOGRAFIE": {"medie": 6.838571428571428, "reusita": 97.14285714285714, "cnt": 35}, "ANATOMIE SI FIZIOLOGIE UMANA, GENETICA SI ECOLOGIE UMANA": {"medie": 4.1225, "reusita": 30.0, "cnt": 20}, "MATEMATICA TEHN": {"medie": 4.508653846153847, "reusita": 53.01724137931034, "cnt": 232}, "FIZICA TEH": {"medie": 3.4943548387096777, "reusita": 25.31645569620253, "cnt": 79}, "CHIMIE ORGANICA TEH NIVEL I/II": {"medie": 2.8, "reusita": 0.0, "cnt": 2}}, "nume": "COLEGIUL TEHNIC \"IULIU MANIU\"\tBucure\u0219ti"}