{"specializari": {"TEHNICIAN PENTRU ANIMALE DE COMPANIE": 19, "TEHNICIAN IN ACTIVITATI ECONOMICE": 32, "TEHNICIAN IN AGRICULTURA": 13, "TEHNICIAN ECOLOG SI PROTECTIA CALITATII MEDIULUI": 16, "TEHNICIAN VETERINAR": 18, "TEHNICIAN HORTICULTOR": 2}, "limba_moderna": {"LIMBA ENGLEZA": 98, "LIMBA FRANCEZA": 2}, "limba_materna": {"LIMBA ROMANA": 100}, "promotie_anterioara": {"DA": 52, "NU": 48}, "materii": {"LIMBA ROMANA": {"medie": 5.3365979381443305, "reusita": 71.0, "cnt": 100}, "BIOLOGIE VEGETALA SI ANIMALA": {"medie": 4.5578947368421066, "reusita": 47.45762711864407, "cnt": 59}, "GENERAL": {"medie": 4.932291666666667, "reusita": 23.0, "cnt": 100}, "GEOGRAFIE": {"medie": 5.790322580645162, "reusita": 81.25, "cnt": 32}, "ANATOMIE SI FIZIOLOGIE UMANA, GENETICA SI ECOLOGIE UMANA": {"medie": 4.3375, "reusita": 50.0, "cnt": 4}, "MATEMATICA TEHN": {"medie": 4.490816326530613, "reusita": 54.0, "cnt": 100}, "CHIMIE ANORGANICA TEH NIVEL I/II": {"medie": 4.8, "reusita": 60.0, "cnt": 5}}, "nume": "COLEGIUL TEHNOLOGIC \"VIACESLAV HARNAJ\"\tBucure\u0219ti"}