{"specializari": {"STIINTE ALE NATURII": 82}, "limba_moderna": {"LIMBA ENGLEZA": 52, "LIMBA FRANCEZA": 30}, "limba_materna": {"LIMBA ROMANA": 82}, "promotie_anterioara": {"NU": 79, "DA": 3}, "materii": {"LIMBA ROMANA": {"medie": 7.150625, "reusita": 96.34146341463415, "cnt": 82}, "GENERAL": {"medie": 7.514791666666666, "reusita": 90.2439024390244, "cnt": 82}, "CHIMIE ORGANICA TEO NIVEL I/II": {"medie": 7.673076923076923, "reusita": 96.15384615384616, "cnt": 26}, "MATEMATICA ST-NAT": {"medie": 7.365625000000001, "reusita": 97.5609756097561, "cnt": 82}, "ANATOMIE SI FIZIOLOGIE UMANA, GENETICA SI ECOLOGIE UMANA": {"medie": 8.199074074074074, "reusita": 96.42857142857143, "cnt": 56}}, "nume": "COLEGIUL NATIONAL \"ANA ASLAN\"\tBr\u0103ila"}