{"specializari": {"TEHNICIAN DE TELECOMUNICATII": 38, "TEHNICIAN OPERATOR TEHNICA DE CALCUL": 64, "TEHNICIAN IN AUTOMATIZARI": 31, "TEHNICIAN ELECTRONIST": 13}, "limba_moderna": {"LIMBA ENGLEZA": 110, "LIMBA FRANCEZA": 36}, "limba_materna": {"LIMBA ROMANA": 146}, "promotie_anterioara": {"NU": 123, "DA": 23}, "materii": {"LIMBA ROMANA": {"medie": 5.919655172413797, "reusita": 83.56164383561644, "cnt": 146}, "BIOLOGIE VEGETALA SI ANIMALA": {"medie": 6.487777777777776, "reusita": 83.21167883211679, "cnt": 137}, "GENERAL": {"medie": 6.5151515151515165, "reusita": 59.589041095890416, "cnt": 146}, "MATEMATICA TEHN": {"medie": 7.131118881118882, "reusita": 87.67123287671232, "cnt": 146}, "FIZICA TEH": {"medie": 6.4312499999999995, "reusita": 88.88888888888889, "cnt": 9}}, "nume": "COLEGIUL TEHNIC \"GEORGE BARITIU\" BAIA MARE\tMaramure\u0219"}