{"specializari": {"TEHNICIAN MECATRONIST": 45, "FILOLOGIE": 30, "MATEMATICA-INFORMATICA": 30, "TEHNICIAN MECANIC PENTRU INTRETINERE SI REPARATII": 11}, "limba_moderna": {"LIMBA FRANCEZA": 65, "LIMBA ENGLEZA": 51}, "limba_materna": {"LIMBA ROMANA": 116}, "promotie_anterioara": {"NU": 93, "DA": 23}, "materii": {"LIMBA ROMANA": {"medie": 6.650000000000001, "reusita": 84.48275862068965, "cnt": 116}, "MATEMATICA MATE-INFO": {"medie": 7.193333333333333, "reusita": 93.33333333333333, "cnt": 30}, "BIOLOGIE VEGETALA SI ANIMALA": {"medie": 4.6720930232558135, "reusita": 52.17391304347826, "cnt": 46}, "GENERAL": {"medie": 6.316060606060609, "reusita": 54.310344827586206, "cnt": 116}, "INFORMATICA MI C/C++": {"medie": 8.2, "reusita": 100.0, "cnt": 1}, "ISTORIE": {"medie": 7.033333333333333, "reusita": 100.0, "cnt": 30}, "GEOGRAFIE": {"medie": 8.378333333333334, "reusita": 100.0, "cnt": 30}, "ANATOMIE SI FIZIOLOGIE UMANA, GENETICA SI ECOLOGIE UMANA": {"medie": 7.627999999999998, "reusita": 100.0, "cnt": 25}, "FIZICA TEO": {"medie": 8.775, "reusita": 100.0, "cnt": 4}, "MATEMATICA TEHN": {"medie": 4.13076923076923, "reusita": 48.214285714285715, "cnt": 56}, "FIZICA TEH": {"medie": 3.91, "reusita": 40.0, "cnt": 5}, "CHIMIE ANORGANICA TEH NIVEL I/II": {"medie": 5.4, "reusita": 100.0, "cnt": 1}, "CHIMIE ORGANICA TEH NIVEL I/II": {"medie": 3.9333333333333336, "reusita": 25.0, "cnt": 4}}, "nume": "COLEGIUL \"MIHAI VITEAZUL\" BUMBESTI-JIU\tGorj"}