{"specializari": {"MATEMATICA-INFORMATICA": 31, "TEOLOGIE REFORMATA": 33}, "limba_moderna": {"LIMBA ENGLEZA": 64}, "limba_materna": {"LIMBA MAGHIARA": 64}, "promotie_anterioara": {"NU": 62, "DA": 2}, "materii": {"LIMBA ROMANA": {"medie": 5.871875000000001, "reusita": 92.1875, "cnt": 64}, "MATEMATICA MATE-INFO": {"medie": 7.546774193548385, "reusita": 93.54838709677419, "cnt": 31}, "GENERAL": {"medie": 7.212499999999999, "reusita": 87.5, "cnt": 64}, "ISTORIE": {"medie": 6.887878787878787, "reusita": 100.0, "cnt": 33}, "GEOGRAFIE": {"medie": 7.777419354838709, "reusita": 100.0, "cnt": 31}, "PSIHOLOGIE": {"medie": 8.05, "reusita": 100.0, "cnt": 2}, "ANATOMIE SI FIZIOLOGIE UMANA, GENETICA SI ECOLOGIE UMANA": {"medie": 7.51470588235294, "reusita": 94.11764705882352, "cnt": 17}, "INFORMATICA MI PASCAL": {"medie": 7.3357142857142845, "reusita": 100.0, "cnt": 14}, "LIMBA MAGHIARA (REAL)": {"medie": 8.1515625, "reusita": 100.0, "cnt": 64}}, "nume": "COLEGIUL REFORMAT \"BACZKAMADARASI KIS GERGELY\" ODORHEIU SECUIESC\tHarghita"}