{"specializari": {"TEHNICIAN IN CONSTRUCTII SI LUCRARI PUBLICE": 6, "TEHNICIAN IN ADMINISTRATIE": 8, "TEHNICIAN OPERATOR TEHNICA DE CALCUL": 22, "TEHNICIAN DESENATOR PENTRU CONSTRUCTII SI INSTALATII": 11, "TEHNICIAN MECATRONIST": 13, "TEHNICIAN IN AUTOMATIZARI": 5, "TEHNICIAN TRANSPORTURI": 17, "TEHNICIAN IN TURISM": 57, "TEHNICIAN IN ACTIVITATI ECONOMICE": 54}, "limba_moderna": {"LIMBA ENGLEZA": 179, "LIMBA FRANCEZA": 14}, "limba_materna": {"LIMBA ROMANA": 193}, "promotie_anterioara": {"NU": 152, "DA": 41}, "materii": {"LIMBA ROMANA": {"medie": 5.874607329842933, "reusita": 86.52849740932642, "cnt": 193}, "BIOLOGIE VEGETALA SI ANIMALA": {"medie": 4.478985507246376, "reusita": 49.275362318840585, "cnt": 69}, "GENERAL": {"medie": 6.250179211469535, "reusita": 56.476683937823836, "cnt": 193}, "GEOGRAFIE": {"medie": 7.697345132743368, "reusita": 99.11504424778761, "cnt": 113}, "PSIHOLOGIE": {"medie": 6.15, "reusita": 80.0, "cnt": 5}, "MATEMATICA TEHN": {"medie": 6.273157894736845, "reusita": 74.61139896373057, "cnt": 193}, "LOGICA, ARGUMENTARE SI COMUNICARE": {"medie": 9.0, "reusita": 100.0, "cnt": 1}, "CHIMIE ANORGANICA TEH NIVEL I/II": {"medie": 4.3, "reusita": 40.0, "cnt": 5}}, "nume": "COLEGIUL TEHNIC \"MIRON COSTIN\", MUNICIPIUL ROMAN\tNeam\u021b"}