{"specializari": {"MATEMATICA-INFORMATICA": 47, "FILOLOGIE": 33, "STIINTE ALE NATURII": 34, "TEHNICIAN IN INDUSTRIA TEXTILA": 5, "TEHNICIAN IN AUTOMATIZARI": 14, "TEHNICIAN DESIGNER VESTIMENTAR": 4, "STIINTE SOCIALE": 28, "TEHNICIAN IN TURISM": 50, "TEHNICIAN ELECTROMECANIC": 2, "TEHNICIAN TRANSPORTURI": 7, "TEHNICIAN OPERATOR TEHNICA DE CALCUL": 22, "TEHNICIAN IN GASTRONOMIE": 2, "TEHNICIAN IN INSTALATII ELECTRICE": 1}, "limba_moderna": {"LIMBA ENGLEZA": 202, "LIMBA FRANCEZA": 47}, "limba_materna": {"LIMBA ROMANA": 249}, "promotie_anterioara": {"NU": 228, "DA": 21}, "materii": {"LIMBA ROMANA": {"medie": 6.125714285714288, "reusita": 80.32128514056225, "cnt": 249}, "MATEMATICA MATE-INFO": {"medie": 7.547826086956523, "reusita": 89.36170212765957, "cnt": 47}, "BIOLOGIE VEGETALA SI ANIMALA": {"medie": 4.643750000000002, "reusita": 45.614035087719294, "cnt": 57}, "GENERAL": {"medie": 6.653909465020577, "reusita": 64.2570281124498, "cnt": 249}, "CHIMIE ORGANICA TEO NIVEL I/II": {"medie": 9.579166666666666, "reusita": 100.0, "cnt": 12}, "INFORMATICA MI C/C++": {"medie": 9.0, "reusita": 100.0, "cnt": 1}, "CHIMIE ANORGANICA TEO NIVEL I/II": {"medie": 7.714999999999999, "reusita": 100.0, "cnt": 10}, "ISTORIE": {"medie": 6.55762711864407, "reusita": 91.80327868852459, "cnt": 61}, "GEOGRAFIE": {"medie": 7.835087719298246, "reusita": 98.27586206896551, "cnt": 58}, "PSIHOLOGIE": {"medie": 9.7, "reusita": 100.0, "cnt": 1}, "MATEMATICA ST-NAT": {"medie": 7.277941176470587, "reusita": 94.11764705882352, "cnt": 34}, "ANATOMIE SI FIZIOLOGIE UMANA, GENETICA SI ECOLOGIE UMANA": {"medie": 8.662745098039215, "reusita": 98.07692307692307, "cnt": 52}, "FIZICA TEO": {"medie": 7.866666666666667, "reusita": 100.0, "cnt": 3}, "MATEMATICA TEHN": {"medie": 5.510377358490568, "reusita": 74.76635514018692, "cnt": 107}, "LOGICA, ARGUMENTARE SI COMUNICARE": {"medie": 7.928301886792449, "reusita": 92.5925925925926, "cnt": 54}, "CHIMIE ANORGANICA TEH NIVEL I/II": {"medie": 6.0, "reusita": 100.0, "cnt": 1}}, "nume": "COLEGIUL TEHNIC \"MIHAI BACESCU\" FALTICENI\tSuceava"}