{"specializari": {"ORGANIZATOR BANQUETING": 20, "TEHNICIAN ECOLOG SI PROTECTIA CALITATII MEDIULUI": 3, "TEHNICIAN DESENATOR PENTRU CONSTRUCTII SI INSTALATII": 5, "TEHNICIAN IN TURISM": 3, "TEHNICIAN TRANSPORTURI": 1, "TEHNICIAN IN ACTIVITATI ECONOMICE": 14}, "limba_moderna": {"LIMBA ENGLEZA": 33, "LIMBA FRANCEZA": 13}, "limba_materna": {"LIMBA ROMANA": 46}, "promotie_anterioara": {"NU": 28, "DA": 18}, "materii": {"LIMBA ROMANA": {"medie": 5.645454545454545, "reusita": 82.6086956521739, "cnt": 46}, "BIOLOGIE VEGETALA SI ANIMALA": {"medie": 4.380000000000001, "reusita": 40.0, "cnt": 5}, "GENERAL": {"medie": 6.519512195121951, "reusita": 54.347826086956516, "cnt": 46}, "GEOGRAFIE": {"medie": 7.438235294117648, "reusita": 97.14285714285714, "cnt": 35}, "PSIHOLOGIE": {"medie": 7.75, "reusita": 100.0, "cnt": 1}, "ANATOMIE SI FIZIOLOGIE UMANA, GENETICA SI ECOLOGIE UMANA": {"medie": 5.85, "reusita": 66.66666666666666, "cnt": 3}, "MATEMATICA TEHN": {"medie": 6.926136363636361, "reusita": 93.47826086956522, "cnt": 46}, "ECONOMIE": {"medie": 5.45, "reusita": 100.0, "cnt": 1}, "CHIMIE ANORGANICA TEH NIVEL I/II": {"medie": "-", "reusita": 0.0, "cnt": 1}}, "nume": "COLEGIUL TEHNIC \"DR. IOAN RATIU\" TURDA\tCluj"}