{"specializari": {"MATEMATICA-INFORMATICA": 29, "STIINTE ALE NATURII": 62, "STIINTE SOCIALE": 30, "FILOLOGIE": 29}, "limba_moderna": {"LIMBA ENGLEZA": 146, "LIMBA FRANCEZA": 3, "LIMBA GERMANA MODERNA": 1}, "limba_materna": {"LIMBA ROMANA": 123, "LIMBA MAGHIARA": 27}, "promotie_anterioara": {"NU": 149, "DA": 1}, "materii": {"LIMBA ROMANA": {"medie": 8.471666666666664, "reusita": 98.0, "cnt": 150}, "MATEMATICA MATE-INFO": {"medie": 9.61551724137931, "reusita": 100.0, "cnt": 29}, "BIOLOGIE VEGETALA SI ANIMALA": {"medie": 8.433333333333332, "reusita": 100.0, "cnt": 6}, "GENERAL": {"medie": 8.824249999999996, "reusita": 97.33333333333334, "cnt": 150}, "CHIMIE ORGANICA TEO NIVEL I/II": {"medie": 9.113333333333335, "reusita": 100.0, "cnt": 15}, "INFORMATICA MI C/C++": {"medie": 9.353333333333333, "reusita": 100.0, "cnt": 15}, "ISTORIE": {"medie": 8.507627118644068, "reusita": 100.0, "cnt": 59}, "GEOGRAFIE": {"medie": 9.089534883720932, "reusita": 100.0, "cnt": 43}, "PSIHOLOGIE": {"medie": 9.200000000000001, "reusita": 100.0, "cnt": 3}, "MATEMATICA ST-NAT": {"medie": 9.044354838709676, "reusita": 100.0, "cnt": 62}, "ANATOMIE SI FIZIOLOGIE UMANA, GENETICA SI ECOLOGIE UMANA": {"medie": 9.186458333333333, "reusita": 100.0, "cnt": 48}, "FIZICA TEO": {"medie": 9.475, "reusita": 100.0, "cnt": 6}, "FILOSOFIE": {"medie": 10.0, "reusita": 100.0, "cnt": 1}, "INFORMATICA SN C/C++": {"medie": 10.0, "reusita": 100.0, "cnt": 1}, "ECONOMIE": {"medie": 9.239999999999998, "reusita": 100.0, "cnt": 5}, "LOGICA, ARGUMENTARE SI COMUNICARE": {"medie": 9.375, "reusita": 100.0, "cnt": 4}, "SOCIOLOGIE": {"medie": 9.3, "reusita": 100.0, "cnt": 3}, "LIMBA MAGHIARA (REAL)": {"medie": 7.111111111111111, "reusita": 96.29629629629629, "cnt": 27}}, "nume": "COLEGIUL NATIONAL \"UNIREA\" TIRGU MURES\tMure\u0219"}