{"specializari": {"INVATATOR - EDUCATOARE": 67, "MATEMATICA-INFORMATICA": 59, "FILOLOGIE": 24}, "limba_moderna": {"LIMBA ENGLEZA": 134, "LIMBA FRANCEZA": 16}, "limba_materna": {"LIMBA ROMANA": 150}, "promotie_anterioara": {"NU": 146, "DA": 4}, "materii": {"LIMBA ROMANA": {"medie": 6.901333333333332, "reusita": 94.0, "cnt": 150}, "MATEMATICA MATE-INFO": {"medie": 5.370338983050848, "reusita": 77.96610169491525, "cnt": 59}, "GENERAL": {"medie": 6.930222222222222, "reusita": 74.0, "cnt": 150}, "ISTORIE": {"medie": 7.479166666666667, "reusita": 100.0, "cnt": 24}, "GEOGRAFIE": {"medie": 7.855294117647055, "reusita": 100.0, "cnt": 85}, "PSIHOLOGIE": {"medie": 7.008333333333334, "reusita": 83.33333333333334, "cnt": 6}, "ANATOMIE SI FIZIOLOGIE UMANA, GENETICA SI ECOLOGIE UMANA": {"medie": 6.572033898305085, "reusita": 89.83050847457628, "cnt": 59}, "MATEMATICA PED": {"medie": 7.306716417910447, "reusita": 94.02985074626866, "cnt": 67}}, "nume": "COLEGIUL NATIONAL PEDAGOGIC \"REGELE FERDINAND\" SIGHETU MARMATIEI\tMaramure\u0219"}