{"specializari": {"MATEMATICA-INFORMATICA": 103, "FILOLOGIE": 67}, "limba_moderna": {"LIMBA ENGLEZA": 130, "LIMBA FRANCEZA": 40}, "limba_materna": {"LIMBA ROMANA": 170}, "promotie_anterioara": {"NU": 168, "DA": 2}, "materii": {"LIMBA ROMANA": {"medie": 7.505357142857137, "reusita": 95.29411764705881, "cnt": 170}, "MATEMATICA MATE-INFO": {"medie": 8.375728155339807, "reusita": 96.11650485436894, "cnt": 103}, "BIOLOGIE VEGETALA SI ANIMALA": {"medie": 6.928571428571429, "reusita": 71.42857142857143, "cnt": 7}, "GENERAL": {"medie": 8.02857142857143, "reusita": 89.41176470588236, "cnt": 170}, "CHIMIE ORGANICA TEO NIVEL I/II": {"medie": 9.383333333333333, "reusita": 100.0, "cnt": 6}, "INFORMATICA MI C/C++": {"medie": 8.179999999999998, "reusita": 100.0, "cnt": 40}, "CHIMIE ANORGANICA TEO NIVEL I/II": {"medie": 5.6863636363636365, "reusita": 72.72727272727273, "cnt": 11}, "ISTORIE": {"medie": 8.403787878787877, "reusita": 98.50746268656717, "cnt": 67}, "GEOGRAFIE": {"medie": 8.341129032258065, "reusita": 96.82539682539682, "cnt": 63}, "ANATOMIE SI FIZIOLOGIE UMANA, GENETICA SI ECOLOGIE UMANA": {"medie": 9.34423076923077, "reusita": 100.0, "cnt": 26}, "FIZICA TEO": {"medie": 6.5307692307692315, "reusita": 84.61538461538461, "cnt": 13}, "ECONOMIE": {"medie": 9.4625, "reusita": 100.0, "cnt": 4}}, "nume": "COLEGIUL NATIONAL \"CONSTANTIN CARABELLA\" TARGOVISTE\tD\u00e2mbovi\u021ba"}