{"specializari": {"MATEMATICA-INFORMATICA": 25, "TEHNICIAN PROIECTANT CAD": 16, "TEHNICIAN OPERATOR TEHNICA DE CALCUL": 14, "TEHNICIAN DESIGNER VESTIMENTAR": 52, "TEHNICIAN IN INDUSTRIA TEXTILA": 26, "TEHNICIAN ECOLOG SI PROTECTIA CALITATII MEDIULUI": 1}, "limba_moderna": {"LIMBA ENGLEZA": 121, "LIMBA FRANCEZA": 13}, "limba_materna": {"LIMBA ROMANA": 134}, "promotie_anterioara": {"NU": 57, "DA": 77}, "materii": {"LIMBA ROMANA": {"medie": 5.1255200000000025, "reusita": 62.68656716417911, "cnt": 134}, "MATEMATICA MATE-INFO": {"medie": 5.195833333333333, "reusita": 60.0, "cnt": 25}, "BIOLOGIE VEGETALA SI ANIMALA": {"medie": 4.4215053763440855, "reusita": 42.857142857142854, "cnt": 98}, "GENERAL": {"medie": 4.730491803278688, "reusita": 16.417910447761194, "cnt": 134}, "ANATOMIE SI FIZIOLOGIE UMANA, GENETICA SI ECOLOGIE UMANA": {"medie": 6.7, "reusita": 50.0, "cnt": 2}, "FIZICA TEO": {"medie": 4.824999999999999, "reusita": 50.0, "cnt": 2}, "MATEMATICA TEHN": {"medie": 4.438700000000001, "reusita": 48.62385321100918, "cnt": 109}, "FIZICA TEH": {"medie": 4.226470588235294, "reusita": 52.38095238095239, "cnt": 21}, "CHIMIE ANORGANICA TEH NIVEL I/II": {"medie": 4.694444444444445, "reusita": 60.0, "cnt": 10}, "CHIMIE ORGANICA TEH NIVEL I/II": {"medie": 6.0, "reusita": 100.0, "cnt": 1}}, "nume": "COLEGIUL TEHNIC \"GHEORGHE ASACHI\"\tBucure\u0219ti"}