{"specializari": {"FILOLOGIE": 32, "MATEMATICA-INFORMATICA": 79, "LICEU CU PROGRAM SPORTIV": 26}, "limba_moderna": {"LIMBA ENGLEZA": 124, "LIMBA FRANCEZA": 13}, "limba_materna": {"LIMBA ROMANA": 137}, "promotie_anterioara": {"NU": 96, "DA": 41}, "materii": {"LIMBA ROMANA": {"medie": 6.532962962962963, "reusita": 93.43065693430657, "cnt": 137}, "MATEMATICA MATE-INFO": {"medie": 5.647402597402595, "reusita": 77.21518987341773, "cnt": 79}, "BIOLOGIE VEGETALA SI ANIMALA": {"medie": 6.0852941176470585, "reusita": 88.23529411764706, "cnt": 17}, "GENERAL": {"medie": 6.338432835820896, "reusita": 55.47445255474452, "cnt": 137}, "INFORMATICA MI C/C++": {"medie": 6.85, "reusita": 100.0, "cnt": 1}, "CHIMIE ANORGANICA TEO NIVEL I/II": {"medie": 5.1, "reusita": 50.0, "cnt": 2}, "ISTORIE": {"medie": 6.562068965517242, "reusita": 98.27586206896551, "cnt": 58}, "GEOGRAFIE": {"medie": 7.5024999999999995, "reusita": 95.0, "cnt": 40}, "PSIHOLOGIE": {"medie": 8.525, "reusita": 100.0, "cnt": 2}, "ANATOMIE SI FIZIOLOGIE UMANA, GENETICA SI ECOLOGIE UMANA": {"medie": 5.757692307692309, "reusita": 70.9090909090909, "cnt": 55}, "FIZICA TEO": {"medie": 4.9375, "reusita": 75.0, "cnt": 4}, "ECONOMIE": {"medie": 5.65, "reusita": 100.0, "cnt": 1}, "SOCIOLOGIE": {"medie": 6.586666666666667, "reusita": 100.0, "cnt": 15}}, "nume": "COLEGIUL NATIONAL \"AUREL VLAICU\"\tBucure\u0219ti"}