{"specializari": {"MATEMATICA-INFORMATICA": 78, "FILOLOGIE": 36, "STIINTE ALE NATURII": 29}, "limba_moderna": {"LIMBA ENGLEZA": 143}, "limba_materna": {"LIMBA ROMANA": 143}, "promotie_anterioara": {"NU": 141, "DA": 2}, "materii": {"LIMBA ROMANA": {"medie": 8.07342657342657, "reusita": 100.0, "cnt": 143}, "MATEMATICA MATE-INFO": {"medie": 7.2294871794871804, "reusita": 96.15384615384616, "cnt": 78}, "BIOLOGIE VEGETALA SI ANIMALA": {"medie": 8.600000000000001, "reusita": 100.0, "cnt": 2}, "GENERAL": {"medie": 7.940209790209792, "reusita": 91.6083916083916, "cnt": 143}, "CHIMIE ORGANICA TEO NIVEL I/II": {"medie": 7.683333333333334, "reusita": 94.44444444444444, "cnt": 18}, "INFORMATICA MI C/C++": {"medie": 7.5828125, "reusita": 100.0, "cnt": 32}, "CHIMIE ANORGANICA TEO NIVEL I/II": {"medie": 6.128571428571428, "reusita": 100.0, "cnt": 7}, "ISTORIE": {"medie": 8.91527777777778, "reusita": 100.0, "cnt": 36}, "GEOGRAFIE": {"medie": 9.165384615384614, "reusita": 100.0, "cnt": 26}, "PSIHOLOGIE": {"medie": 9.3, "reusita": 100.0, "cnt": 4}, "MATEMATICA ST-NAT": {"medie": 6.300000000000001, "reusita": 86.20689655172413, "cnt": 29}, "ANATOMIE SI FIZIOLOGIE UMANA, GENETICA SI ECOLOGIE UMANA": {"medie": 8.988372093023257, "reusita": 100.0, "cnt": 43}, "FIZICA TEO": {"medie": 5.500000000000001, "reusita": 60.0, "cnt": 5}, "ECONOMIE": {"medie": 10.0, "reusita": 100.0, "cnt": 1}, "LOGICA, ARGUMENTARE SI COMUNICARE": {"medie": 10.0, "reusita": 100.0, "cnt": 1}, "SOCIOLOGIE": {"medie": 8.4375, "reusita": 100.0, "cnt": 4}}, "nume": "COLEGIUL NATIONAL \"ELENA GHIBA BIRTA\" ARAD\tArad"}