{"specializari": {"TEHNICIAN ECOLOG SI PROTECTIA CALITATII MEDIULUI": 50, "TEHNICIAN CHIMIST DE LABORATOR": 19, "TEHNICIAN IN INSTALATII ELECTRICE": 17, "TEHNICIAN DESIGNER VESTIMENTAR": 4, "TEHNICIAN IN INDUSTRIA TEXTILA": 4, "TEHNICIAN PRELUCRARI MECANICE": 1, "TEHNICIAN ANALIZE PRODUSE ALIMENTARE": 5, "TEHNICIAN IN CHIMIE INDUSTRIALA": 1}, "limba_moderna": {"LIMBA ENGLEZA": 84, "LIMBA FRANCEZA": 17}, "limba_materna": {"LIMBA ROMANA": 101}, "promotie_anterioara": {"NU": 68, "DA": 33}, "materii": {"LIMBA ROMANA": {"medie": 6.5136363636363654, "reusita": 91.0891089108911, "cnt": 101}, "BIOLOGIE VEGETALA SI ANIMALA": {"medie": 5.668421052631579, "reusita": 66.66666666666666, "cnt": 39}, "GENERAL": {"medie": 6.662105263157893, "reusita": 58.415841584158414, "cnt": 101}, "ANATOMIE SI FIZIOLOGIE UMANA, GENETICA SI ECOLOGIE UMANA": {"medie": 8.010638297872338, "reusita": 95.83333333333334, "cnt": 48}, "MATEMATICA TEHN": {"medie": 6.656565656565656, "reusita": 84.15841584158416, "cnt": 101}, "FIZICA TEH": {"medie": 4.475, "reusita": 41.66666666666667, "cnt": 12}, "CHIMIE ANORGANICA TEH NIVEL I/II": {"medie": 9.2, "reusita": 50.0, "cnt": 2}}, "nume": "COLEGIUL TEHNIC \"G-RAL GHEORGHE MAGHERU\" TG-JIU\tGorj"}