{"specializari": {"TEHNICIAN OPERATOR TEHNICA DE CALCUL": 34, "TEHNICIAN DE TELECOMUNICATII": 125, "ARHITECTURA, ARTE AMBIENTALE SI DESIGN": 36, "TEHNICIAN DESENATOR PENTRU CONSTRUCTII SI INSTALATII": 50, "TEHNICIAN DESIGNER MOBILA SI AMENAJARI INTERIOARE": 11, "TEHNICIAN ELECTRONIST": 3}, "limba_moderna": {"LIMBA ENGLEZA": 244, "LIMBA FRANCEZA": 13, "LIMBA GERMANA MODERNA": 2}, "limba_materna": {"LIMBA ROMANA": 259}, "promotie_anterioara": {"NU": 186, "DA": 73}, "materii": {"LIMBA ROMANA": {"medie": 5.511553784860554, "reusita": 79.92277992277992, "cnt": 259}, "BIOLOGIE VEGETALA SI ANIMALA": {"medie": 4.988048780487805, "reusita": 58.21596244131455, "cnt": 213}, "GENERAL": {"medie": 5.767146776406033, "reusita": 47.49034749034749, "cnt": 259}, "ISTORIE": {"medie": 6.087142857142858, "reusita": 86.11111111111111, "cnt": 36}, "GEOGRAFIE": {"medie": 7.783870967741934, "reusita": 93.93939393939394, "cnt": 33}, "PSIHOLOGIE": {"medie": 7.266666666666667, "reusita": 100.0, "cnt": 3}, "MATEMATICA TEHN": {"medie": 6.249999999999999, "reusita": 74.43946188340807, "cnt": 223}, "FIZICA TEH": {"medie": 5.191666666666667, "reusita": 37.5, "cnt": 8}, "CHIMIE ANORGANICA TEH NIVEL I/II": {"medie": 7.525, "reusita": 100.0, "cnt": 2}}, "nume": "COLEGIUL TEHNIC \"ION MINCU\" MUN.TIMISOARA\tTimi\u0219"}