{"specializari": {"TEHNICIAN IN SILVICULTURA SI EXPLOATARI FORESTIERE": 134, "TEHNICIAN ECOLOG SI PROTECTIA CALITATII MEDIULUI": 25, "FILOLOGIE": 21, "TEHNICIAN IN ACTIVITATI ECONOMICE": 18, "TEHNICIAN IN TURISM": 27, "TEHNICIAN IN ADMINISTRATIE": 20, "MATEMATICA-INFORMATICA": 2}, "limba_moderna": {"LIMBA ENGLEZA": 239, "LIMBA FRANCEZA": 8}, "limba_materna": {"LIMBA ROMANA": 247}, "promotie_anterioara": {"NU": 233, "DA": 14}, "materii": {"LIMBA ROMANA": {"medie": 4.568277310924371, "reusita": 51.821862348178136, "cnt": 247}, "MATEMATICA MATE-INFO": {"medie": 3.9, "reusita": 50.0, "cnt": 2}, "BIOLOGIE VEGETALA SI ANIMALA": {"medie": 5.587096774193548, "reusita": 70.96774193548387, "cnt": 31}, "GENERAL": {"medie": 5.482768361581915, "reusita": 35.62753036437247, "cnt": 247}, "ISTORIE": {"medie": 6.5023809523809515, "reusita": 95.23809523809523, "cnt": 21}, "GEOGRAFIE": {"medie": 6.784210526315788, "reusita": 91.02564102564102, "cnt": 78}, "ANATOMIE SI FIZIOLOGIE UMANA, GENETICA SI ECOLOGIE UMANA": {"medie": 4.939837398373984, "reusita": 50.76923076923077, "cnt": 130}, "FILOSOFIE": {"medie": 5.95, "reusita": 100.0, "cnt": 3}, "MATEMATICA TEHN": {"medie": 6.1751162790697665, "reusita": 75.44642857142857, "cnt": 224}, "SOCIOLOGIE": {"medie": 5.279999999999999, "reusita": 80.0, "cnt": 5}}, "nume": "COLEGIUL SILVIC \"BUCOVINA\" CAMPULUNG MOLDOVENESC\tSuceava"}