{"specializari": {"TEHNICIAN IN INSTALATII ELECTRICE": 17, "TEHNICIAN ENERGETICIAN": 14, "TEHNICIAN IN AUTOMATIZARI": 22, "TEHNICIAN ELECTROTEHNIST": 11}, "limba_moderna": {"LIMBA ENGLEZA": 61, "LIMBA FRANCEZA": 3}, "limba_materna": {"LIMBA ROMANA": 64}, "promotie_anterioara": {"NU": 39, "DA": 25}, "materii": {"LIMBA ROMANA": {"medie": 5.443650793650793, "reusita": 78.125, "cnt": 64}, "BIOLOGIE VEGETALA SI ANIMALA": {"medie": 5.002222222222222, "reusita": 61.702127659574465, "cnt": 47}, "GENERAL": {"medie": 5.82956989247312, "reusita": 32.8125, "cnt": 64}, "MATEMATICA TEHN": {"medie": 7.012096774193547, "reusita": 92.1875, "cnt": 64}, "FIZICA TEH": {"medie": 5.263636363636364, "reusita": 63.63636363636363, "cnt": 11}, "CHIMIE ANORGANICA TEH NIVEL I/II": {"medie": 4.4, "reusita": 60.0, "cnt": 5}, "CHIMIE ORGANICA TEH NIVEL I/II": {"medie": 5.15, "reusita": 100.0, "cnt": 1}}, "nume": "COLEGIUL TEHNIC ENERGETIC CLUJ-NAPOCA\tCluj"}