{"specializari": {"MATEMATICA-INFORMATICA": 118, "FILOLOGIE": 31}, "limba_moderna": {"LIMBA ENGLEZA": 140, "LIMBA FRANCEZA": 9}, "limba_materna": {"LIMBA ROMANA": 149}, "promotie_anterioara": {"NU": 148, "DA": 1}, "materii": {"LIMBA ROMANA": {"medie": 7.716442953020131, "reusita": 100.0, "cnt": 149}, "MATEMATICA MATE-INFO": {"medie": 9.195762711864404, "reusita": 100.0, "cnt": 118}, "BIOLOGIE VEGETALA SI ANIMALA": {"medie": 8.33076923076923, "reusita": 97.43589743589743, "cnt": 39}, "GENERAL": {"medie": 8.412639821029085, "reusita": 98.65771812080537, "cnt": 149}, "CHIMIE ORGANICA TEO NIVEL I/II": {"medie": 8.66875, "reusita": 100.0, "cnt": 8}, "INFORMATICA MI C/C++": {"medie": 7.18, "reusita": 100.0, "cnt": 5}, "CHIMIE ANORGANICA TEO NIVEL I/II": {"medie": 7.8, "reusita": 100.0, "cnt": 2}, "ISTORIE": {"medie": 8.288709677419359, "reusita": 100.0, "cnt": 31}, "GEOGRAFIE": {"medie": 9.221153846153847, "reusita": 100.0, "cnt": 26}, "PSIHOLOGIE": {"medie": 9.75, "reusita": 100.0, "cnt": 2}, "ANATOMIE SI FIZIOLOGIE UMANA, GENETICA SI ECOLOGIE UMANA": {"medie": 8.957142857142857, "reusita": 100.0, "cnt": 7}, "FIZICA TEO": {"medie": 8.049999999999999, "reusita": 100.0, "cnt": 31}, "ECONOMIE": {"medie": 8.950000000000001, "reusita": 100.0, "cnt": 3}, "INFORMATICA MI PASCAL": {"medie": 8.63653846153846, "reusita": 100.0, "cnt": 26}}, "nume": "COLEGIUL NATIONAL \"GRIGORE MOISIL\"\tBucure\u0219ti"}