{"specializari": {"FILOLOGIE": 61, "STIINTE SOCIALE": 33, "STIINTE ALE NATURII": 64, "MATEMATICA-INFORMATICA": 50}, "limba_moderna": {"LIMBA ENGLEZA": 181, "LIMBA FRANCEZA": 26, "LIMBA RUSA": 1}, "limba_materna": {"LIMBA ROMANA": 208}, "promotie_anterioara": {"NU": 203, "DA": 5}, "materii": {"LIMBA ROMANA": {"medie": 7.856490384615378, "reusita": 99.51923076923077, "cnt": 208}, "MATEMATICA MATE-INFO": {"medie": 8.639, "reusita": 98.0, "cnt": 50}, "GENERAL": {"medie": 8.147423510466991, "reusita": 95.1923076923077, "cnt": 208}, "CHIMIE ORGANICA TEO NIVEL I/II": {"medie": 8.928846153846154, "reusita": 100.0, "cnt": 26}, "INFORMATICA MI C/C++": {"medie": 8.711111111111114, "reusita": 100.0, "cnt": 18}, "CHIMIE ANORGANICA TEO NIVEL I/II": {"medie": 7.9, "reusita": 90.0, "cnt": 10}, "ISTORIE": {"medie": 7.203191489361701, "reusita": 98.93617021276596, "cnt": 94}, "GEOGRAFIE": {"medie": 8.61060606060606, "reusita": 100.0, "cnt": 66}, "PSIHOLOGIE": {"medie": 8.233333333333333, "reusita": 100.0, "cnt": 3}, "MATEMATICA ST-NAT": {"medie": 8.044531249999999, "reusita": 98.4375, "cnt": 64}, "ANATOMIE SI FIZIOLOGIE UMANA, GENETICA SI ECOLOGIE UMANA": {"medie": 8.892500000000002, "reusita": 100.0, "cnt": 60}, "FILOSOFIE": {"medie": 9.149999999999999, "reusita": 100.0, "cnt": 2}, "LOGICA, ARGUMENTARE SI COMUNICARE": {"medie": 9.425, "reusita": 100.0, "cnt": 12}, "SOCIOLOGIE": {"medie": 8.654545454545454, "reusita": 100.0, "cnt": 11}}, "nume": "COLEGIUL NATIONAL \"MIHAIL SADOVEANU\", PASCANI\tIa\u0219i"}