{"specializari": {"TEHNICIAN OPERATOR TEHNICA DE CALCUL": 21, "TEHNICIAN DE TELECOMUNICATII": 40, "TEHNICIAN IN ACTIVITATI DE POSTA": 24, "TEHNICIAN ELECTRONIST": 8}, "limba_moderna": {"LIMBA ENGLEZA": 86, "LIMBA FRANCEZA": 7}, "limba_materna": {"LIMBA ROMANA": 93}, "promotie_anterioara": {"NU": 82, "DA": 11}, "materii": {"LIMBA ROMANA": {"medie": 6.11086956521739, "reusita": 91.39784946236558, "cnt": 93}, "BIOLOGIE VEGETALA SI ANIMALA": {"medie": 5.93125, "reusita": 87.5, "cnt": 32}, "GENERAL": {"medie": 7.287545787545789, "reusita": 82.79569892473118, "cnt": 93}, "GEOGRAFIE": {"medie": 7.681818181818183, "reusita": 100.0, "cnt": 11}, "MATEMATICA TEHN": {"medie": 8.590760869565214, "reusita": 98.9247311827957, "cnt": 93}, "LOGICA, ARGUMENTARE SI COMUNICARE": {"medie": 8.207692307692307, "reusita": 100.0, "cnt": 13}, "CHIMIE ANORGANICA TEH NIVEL I/II": {"medie": 7.617647058823529, "reusita": 94.28571428571428, "cnt": 35}, "CHIMIE ORGANICA TEH NIVEL I/II": {"medie": 6.575, "reusita": 100.0, "cnt": 2}}, "nume": "COLEGIUL TEHNIC DE COMUNICATII \"AUGUSTIN MAIOR\" CLUJ-NAPOCA\tCluj"}