{"specializari": {"TEHNICIAN DESENATOR PENTRU CONSTRUCTII SI INSTALATII": 17, "TEHNICIAN INSTALATOR PENTRU CONSTRUCTII": 16, "TEHNICIAN IN CONSTRUCTII SI LUCRARI PUBLICE": 27, "TEHNICIAN MECANIC PENTRU INTRETINERE SI REPARATII": 23, "TEHNICIAN IN ACHIZITII SI CONTRACTARI": 10, "TEHNICIAN MECATRONIST": 1, "TEHNICIAN IN INSTALATII ELECTRICE": 1}, "limba_moderna": {"LIMBA ENGLEZA": 64, "LIMBA FRANCEZA": 31}, "limba_materna": {"LIMBA ROMANA": 95}, "promotie_anterioara": {"NU": 71, "DA": 24}, "materii": {"LIMBA ROMANA": {"medie": 3.8421052631578947, "reusita": 23.157894736842106, "cnt": 95}, "BIOLOGIE VEGETALA SI ANIMALA": {"medie": 3.2187500000000004, "reusita": 25.0, "cnt": 36}, "GENERAL": {"medie": 3.3500000000000005, "reusita": 6.315789473684211, "cnt": 95}, "GEOGRAFIE": {"medie": 4.866666666666667, "reusita": 55.55555555555556, "cnt": 9}, "PSIHOLOGIE": {"medie": 6.0, "reusita": 100.0, "cnt": 1}, "MATEMATICA TEHN": {"medie": 2.7839285714285715, "reusita": 17.894736842105264, "cnt": 95}, "FIZICA TEH": {"medie": 2.320588235294118, "reusita": 4.166666666666666, "cnt": 48}, "CHIMIE ANORGANICA TEH NIVEL I/II": {"medie": "-", "reusita": 0.0, "cnt": 1}}, "nume": "COLEGIUL TEHNIC \"ION MINCU\" SLATINA\tOlt"}