{"specializari": {"INVATATOR - EDUCATOARE": 30, "FILOLOGIE": 124, "STIINTE SOCIALE": 32, "STIINTE ALE NATURII": 1}, "limba_moderna": {"LIMBA FRANCEZA": 22, "LIMBA ENGLEZA": 117, "LIMBA SPANIOLA": 48}, "limba_materna": {"LIMBA ROMANA": 187}, "promotie_anterioara": {"NU": 183, "DA": 4}, "materii": {"LIMBA ROMANA": {"medie": 7.305645161290321, "reusita": 95.72192513368985, "cnt": 187}, "BIOLOGIE VEGETALA SI ANIMALA": {"medie": 6.2, "reusita": 100.0, "cnt": 1}, "GENERAL": {"medie": 7.76594202898551, "reusita": 89.3048128342246, "cnt": 187}, "ISTORIE": {"medie": 7.352272727272724, "reusita": 96.7948717948718, "cnt": 156}, "GEOGRAFIE": {"medie": 8.60167597765363, "reusita": 98.88888888888889, "cnt": 180}, "PSIHOLOGIE": {"medie": 7.2, "reusita": 100.0, "cnt": 1}, "MATEMATICA ST-NAT": {"medie": 2.0, "reusita": 0.0, "cnt": 1}, "FILOSOFIE": {"medie": 8.766666666666666, "reusita": 100.0, "cnt": 3}, "MATEMATICA PED": {"medie": 7.666666666666669, "reusita": 90.0, "cnt": 30}, "SOCIOLOGIE": {"medie": 8.1, "reusita": 100.0, "cnt": 2}}, "nume": "COLEGIUL NATIONAL PEDAGOGIC \"SPIRU HARET\" FOCSANI\tVrancea"}