{"specializari": {"INVATATOR - EDUCATOARE": 31, "MATEMATICA-INFORMATICA": 37, "STIINTE ALE NATURII": 41, "FILOLOGIE": 68, "STIINTE SOCIALE": 37, "BIBLIOTECAR DOCUMENTARIST": 2}, "limba_moderna": {"LIMBA ENGLEZA": 170, "LIMBA FRANCEZA": 46}, "limba_materna": {"LIMBA ROMANA": 216}, "promotie_anterioara": {"NU": 201, "DA": 15}, "materii": {"LIMBA ROMANA": {"medie": 6.9813953488372125, "reusita": 94.9074074074074, "cnt": 216}, "MATEMATICA MATE-INFO": {"medie": 6.495833333333334, "reusita": 81.08108108108108, "cnt": 37}, "GENERAL": {"medie": 7.226336477987423, "reusita": 75.92592592592592, "cnt": 216}, "CHIMIE ORGANICA TEO NIVEL I/II": {"medie": 6.658333333333334, "reusita": 100.0, "cnt": 12}, "ISTORIE": {"medie": 7.1716981132075475, "reusita": 98.13084112149532, "cnt": 107}, "GEOGRAFIE": {"medie": 8.284146341463414, "reusita": 97.61904761904762, "cnt": 42}, "MATEMATICA ST-NAT": {"medie": 4.736249999999999, "reusita": 56.09756097560976, "cnt": 41}, "ANATOMIE SI FIZIOLOGIE UMANA, GENETICA SI ECOLOGIE UMANA": {"medie": 7.267460317460317, "reusita": 95.23809523809523, "cnt": 63}, "FIZICA TEO": {"medie": 6.566666666666667, "reusita": 100.0, "cnt": 3}, "ECONOMIE": {"medie": 8.8625, "reusita": 100.0, "cnt": 4}, "LOGICA, ARGUMENTARE SI COMUNICARE": {"medie": 8.590340909090907, "reusita": 97.75280898876404, "cnt": 89}, "MATEMATICA PED": {"medie": 7.620967741935486, "reusita": 93.54838709677419, "cnt": 31}, "SOCIOLOGIE": {"medie": 6.833333333333333, "reusita": 66.66666666666666, "cnt": 3}}, "nume": "COLEGIUL NATIONAL PEDAGOGIC \"STEFAN ODOBLEJA\"\tMehedin\u021bi"}