{"specializari": {"STIINTE ALE NATURII": 31, "MATEMATICA-INFORMATICA": 138, "STIINTE SOCIALE": 32}, "limba_moderna": {"LIMBA ENGLEZA": 181, "LIMBA FRANCEZA": 18, "LIMBA ITALIANA": 1, "LIMBA GERMANA MODERNA": 1}, "limba_materna": {"LIMBA ROMANA": 201}, "promotie_anterioara": {"NU": 201}, "materii": {"LIMBA ROMANA": {"medie": 8.534328358208946, "reusita": 100.0, "cnt": 201}, "MATEMATICA MATE-INFO": {"medie": 8.805797101449278, "reusita": 100.0, "cnt": 138}, "GENERAL": {"medie": 8.709286898839137, "reusita": 99.00497512437812, "cnt": 201}, "CHIMIE ORGANICA TEO NIVEL I/II": {"medie": 9.694444444444443, "reusita": 100.0, "cnt": 9}, "INFORMATICA MI C/C++": {"medie": 9.097727272727273, "reusita": 100.0, "cnt": 22}, "CHIMIE ANORGANICA TEO NIVEL I/II": {"medie": 9.3, "reusita": 100.0, "cnt": 1}, "ISTORIE": {"medie": 8.192187499999998, "reusita": 100.0, "cnt": 32}, "GEOGRAFIE": {"medie": 9.034210526315789, "reusita": 100.0, "cnt": 19}, "MATEMATICA ST-NAT": {"medie": 7.990322580645162, "reusita": 96.7741935483871, "cnt": 31}, "ANATOMIE SI FIZIOLOGIE UMANA, GENETICA SI ECOLOGIE UMANA": {"medie": 9.011111111111111, "reusita": 100.0, "cnt": 99}, "FIZICA TEO": {"medie": 8.575, "reusita": 100.0, "cnt": 6}, "FILOSOFIE": {"medie": 9.5, "reusita": 100.0, "cnt": 1}, "ECONOMIE": {"medie": 7.0, "reusita": 100.0, "cnt": 2}, "LOGICA, ARGUMENTARE SI COMUNICARE": {"medie": 8.84, "reusita": 100.0, "cnt": 5}, "SOCIOLOGIE": {"medie": 9.569999999999999, "reusita": 100.0, "cnt": 5}, "INFORMATICA MI PASCAL": {"medie": 8.868749999999999, "reusita": 100.0, "cnt": 32}}, "nume": "COLEGIUL NATIONAL \"GHEORGHE SINCAI\" BAIA MARE\tMaramure\u0219"}