{"specializari": {"STIINTE SOCIALE": 32, "MATEMATICA-INFORMATICA": 118, "FILOLOGIE": 32, "STIINTE ALE NATURII": 33, "TEOLOGIE ORTODOXA": 1}, "limba_moderna": {"LIMBA ENGLEZA": 175, "LIMBA FRANCEZA": 41}, "limba_materna": {"LIMBA ROMANA": 216}, "promotie_anterioara": {"NU": 210, "DA": 6}, "materii": {"LIMBA ROMANA": {"medie": 7.6652777777777725, "reusita": 97.22222222222221, "cnt": 216}, "MATEMATICA MATE-INFO": {"medie": 8.950847457627122, "reusita": 100.0, "cnt": 118}, "BIOLOGIE VEGETALA SI ANIMALA": {"medie": 7.864925373134329, "reusita": 97.01492537313433, "cnt": 67}, "GENERAL": {"medie": 8.16473765432099, "reusita": 92.12962962962963, "cnt": 216}, "CHIMIE ORGANICA TEO NIVEL I/II": {"medie": 9.37, "reusita": 100.0, "cnt": 15}, "INFORMATICA MI C/C++": {"medie": 8.7, "reusita": 100.0, "cnt": 2}, "ISTORIE": {"medie": 8.183076923076925, "reusita": 100.0, "cnt": 65}, "GEOGRAFIE": {"medie": 8.897619047619045, "reusita": 100.0, "cnt": 42}, "PSIHOLOGIE": {"medie": 7.175, "reusita": 100.0, "cnt": 2}, "MATEMATICA ST-NAT": {"medie": 6.977272727272728, "reusita": 87.87878787878788, "cnt": 33}, "ANATOMIE SI FIZIOLOGIE UMANA, GENETICA SI ECOLOGIE UMANA": {"medie": 8.459259259259259, "reusita": 100.0, "cnt": 27}, "FIZICA TEO": {"medie": 8.355882352941176, "reusita": 100.0, "cnt": 34}, "ECONOMIE": {"medie": 8.329166666666666, "reusita": 100.0, "cnt": 12}, "LOGICA, ARGUMENTARE SI COMUNICARE": {"medie": 9.025, "reusita": 100.0, "cnt": 4}, "SOCIOLOGIE": {"medie": 8.690000000000001, "reusita": 100.0, "cnt": 5}, "INFORMATICA MI PASCAL": {"medie": 8.625, "reusita": 100.0, "cnt": 6}}, "nume": "COLEGIUL NATIONAL \"MIHAI VITEAZUL\" SLOBOZIA\tIalomi\u021ba"}