{"specializari": {"TEHNICIAN ECOLOG SI PROTECTIA CALITATII MEDIULUI": 57, "TEHNICIAN IN INDUSTRIA ALIMENTARA": 59, "TEHNICIAN ANALIZE PRODUSE ALIMENTARE": 32, "TEHNICIAN VETERINAR": 13, "TEHNICIAN TRANSPORTURI": 26, "TEHNICIAN MECANIC PENTRU INTRETINERE SI REPARATII": 12, "TEHNICIAN AGROMONTAN": 14, "TEHNICIAN ELECTROMECANIC": 6, "TEHNICIAN IN AUTOMATIZARI": 11, "TEHNICIAN MECATRONIST": 17, "TEHNICIAN DESENATOR PENTRU CONSTRUCTII SI INSTALATII": 4, "TEHNICIAN ELECTRONIST": 1}, "limba_moderna": {"LIMBA ENGLEZA": 185, "LIMBA FRANCEZA": 67}, "limba_materna": {"LIMBA ROMANA": 252}, "promotie_anterioara": {"NU": 119, "DA": 133}, "materii": {"LIMBA ROMANA": {"medie": 5.338209606986902, "reusita": 68.25396825396825, "cnt": 252}, "BIOLOGIE VEGETALA SI ANIMALA": {"medie": 5.3103125, "reusita": 63.1578947368421, "cnt": 171}, "GENERAL": {"medie": 5.038571428571428, "reusita": 18.650793650793652, "cnt": 252}, "ANATOMIE SI FIZIOLOGIE UMANA, GENETICA SI ECOLOGIE UMANA": {"medie": 4.338571428571428, "reusita": 47.368421052631575, "cnt": 38}, "MATEMATICA TEHN": {"medie": 4.554888888888889, "reusita": 50.0, "cnt": 252}, "FIZICA TEH": {"medie": 4.331818181818182, "reusita": 33.33333333333333, "cnt": 12}, "CHIMIE ANORGANICA TEH NIVEL I/II": {"medie": 5.722222222222221, "reusita": 56.52173913043478, "cnt": 23}, "CHIMIE ORGANICA TEH NIVEL I/II": {"medie": 6.762499999999999, "reusita": 37.5, "cnt": 8}}, "nume": "COLEGIUL TEHNIC \"VALERIU D. COTEA\" FOCSANI\tVrancea"}