{"specializari": {"MATEMATICA-INFORMATICA": 23, "TEOLOGIE ROMANO-CATOLICA": 36}, "limba_moderna": {"LIMBA GERMANA MODERNA": 5, "LIMBA ENGLEZA": 53, "LIMBA FRANCEZA": 1}, "limba_materna": {"LIMBA ROMANA": 59}, "promotie_anterioara": {"NU": 52, "DA": 7}, "materii": {"LIMBA ROMANA": {"medie": 6.77372881355932, "reusita": 94.91525423728814, "cnt": 59}, "MATEMATICA MATE-INFO": {"medie": 7.958695652173913, "reusita": 100.0, "cnt": 23}, "BIOLOGIE VEGETALA SI ANIMALA": {"medie": 6.6, "reusita": 100.0, "cnt": 2}, "GENERAL": {"medie": 7.131073446327687, "reusita": 74.57627118644068, "cnt": 59}, "CHIMIE ORGANICA TEO NIVEL I/II": {"medie": 8.316666666666666, "reusita": 100.0, "cnt": 3}, "CHIMIE ANORGANICA TEO NIVEL I/II": {"medie": 7.8, "reusita": 100.0, "cnt": 6}, "ISTORIE": {"medie": 6.524999999999999, "reusita": 97.22222222222221, "cnt": 36}, "GEOGRAFIE": {"medie": 7.587499999999998, "reusita": 96.875, "cnt": 32}, "PSIHOLOGIE": {"medie": 7.949999999999999, "reusita": 100.0, "cnt": 3}, "ANATOMIE SI FIZIOLOGIE UMANA, GENETICA SI ECOLOGIE UMANA": {"medie": 6.75, "reusita": 62.5, "cnt": 8}, "FIZICA TEO": {"medie": 8.475, "reusita": 100.0, "cnt": 4}, "ECONOMIE": {"medie": 5.1, "reusita": 100.0, "cnt": 1}}, "nume": "COLEGIUL ROMANO-CATOLIC \"SFANTUL IOSIF\"\tBucure\u0219ti"}