{"specializari": {"INVATATOR - EDUCATOARE": 56, "FILOLOGIE": 51}, "limba_moderna": {"LIMBA ENGLEZA": 105, "LIMBA FRANCEZA": 1, "LIMBA SPANIOLA": 1}, "limba_materna": {"LIMBA ROMANA": 61, "LIMBA GERMANA": 46}, "promotie_anterioara": {"NU": 106, "DA": 1}, "materii": {"LIMBA ROMANA": {"medie": 6.673831775700934, "reusita": 92.5233644859813, "cnt": 107}, "GENERAL": {"medie": 7.420204402515723, "reusita": 85.98130841121495, "cnt": 107}, "ISTORIE": {"medie": 7.190999999999999, "reusita": 98.0392156862745, "cnt": 51}, "GEOGRAFIE": {"medie": 7.848999999999998, "reusita": 96.0, "cnt": 50}, "LIMBA GERMANA": {"medie": 6.804347826086955, "reusita": 100.0, "cnt": 46}, "LOGICA, ARGUMENTARE SI COMUNICARE": {"medie": 8.486734693877551, "reusita": 94.0, "cnt": 50}, "MATEMATICA PED": {"medie": 8.147321428571425, "reusita": 96.42857142857143, "cnt": 56}, "SOCIOLOGIE": {"medie": 6.192857142857143, "reusita": 100.0, "cnt": 7}}, "nume": "COLEGIUL NATIONAL PEDAGOGIC \"ANDREI SAGUNA\" SIBIU\tSibiu"}