{"specializari": {"LICEU CU PROGRAM SPORTIV": 66, "TEHNICIAN DESENATOR PENTRU CONSTRUCTII SI INSTALATII": 37, "TEHNICIAN ELECTROTEHNIST": 13, "TEHNICIAN MECATRONIST": 21, "TEHNICIAN MECANIC PENTRU INTRETINERE SI REPARATII": 18, "MATEMATICA-INFORMATICA": 2, "TEHNICIAN IN CONSTRUCTII SI LUCRARI PUBLICE": 21}, "limba_moderna": {"LIMBA ENGLEZA": 170, "LIMBA FRANCEZA": 8}, "limba_materna": {"LIMBA ROMANA": 178}, "promotie_anterioara": {"NU": 84, "DA": 94}, "materii": {"LIMBA ROMANA": {"medie": 4.941317365269463, "reusita": 60.1123595505618, "cnt": 178}, "MATEMATICA MATE-INFO": {"medie": 5.125, "reusita": 100.0, "cnt": 2}, "BIOLOGIE VEGETALA SI ANIMALA": {"medie": 4.180555555555558, "reusita": 34.93975903614458, "cnt": 83}, "GENERAL": {"medie": 5.068181818181819, "reusita": 19.101123595505616, "cnt": 178}, "ISTORIE": {"medie": 5.713636363636364, "reusita": 89.39393939393939, "cnt": 66}, "GEOGRAFIE": {"medie": 6.449999999999999, "reusita": 87.5, "cnt": 64}, "MATEMATICA TEHN": {"medie": 4.763402061855672, "reusita": 56.36363636363636, "cnt": 110}, "FIZICA TEH": {"medie": 3.1681818181818184, "reusita": 16.0, "cnt": 25}, "LOGICA, ARGUMENTARE SI COMUNICARE": {"medie": 6.199999999999999, "reusita": 50.0, "cnt": 2}, "CHIMIE ANORGANICA TEH NIVEL I/II": {"medie": 4.633333333333334, "reusita": 66.66666666666666, "cnt": 3}, "CHIMIE ORGANICA TEH NIVEL I/II": {"medie": "-", "reusita": 0.0, "cnt": 1}}, "nume": "COLEGIUL TEHNIC \"ANGHEL SALIGNY\"\tBucure\u0219ti"}