{"specializari": {"MATEMATICA-INFORMATICA": 148, "STIINTE SOCIALE": 33, "STIINTE ALE NATURII": 33, "FILOLOGIE": 35}, "limba_moderna": {"LIMBA ENGLEZA": 210, "LIMBA GERMANA MODERNA": 1, "LIMBA FRANCEZA": 38}, "limba_materna": {"LIMBA ROMANA": 249}, "promotie_anterioara": {"NU": 216, "DA": 33}, "materii": {"LIMBA ROMANA": {"medie": 8.774899598393574, "reusita": 100.0, "cnt": 249}, "MATEMATICA MATE-INFO": {"medie": 9.222972972972972, "reusita": 100.0, "cnt": 148}, "GENERAL": {"medie": 9.006024096385541, "reusita": 99.59839357429718, "cnt": 249}, "CHIMIE ORGANICA TEO NIVEL I/II": {"medie": 9.35846153846154, "reusita": 100.0, "cnt": 65}, "INFORMATICA MI C/C++": {"medie": 9.711956521739127, "reusita": 100.0, "cnt": 46}, "ISTORIE": {"medie": 8.723529411764705, "reusita": 100.0, "cnt": 68}, "GEOGRAFIE": {"medie": 9.417647058823531, "reusita": 100.0, "cnt": 34}, "PSIHOLOGIE": {"medie": 9.3625, "reusita": 100.0, "cnt": 4}, "MATEMATICA ST-NAT": {"medie": 8.989393939393937, "reusita": 100.0, "cnt": 33}, "ANATOMIE SI FIZIOLOGIE UMANA, GENETICA SI ECOLOGIE UMANA": {"medie": 9.171999999999999, "reusita": 100.0, "cnt": 25}, "FIZICA TEO": {"medie": 8.214444444444444, "reusita": 100.0, "cnt": 45}, "FILOSOFIE": {"medie": 9.091666666666667, "reusita": 100.0, "cnt": 6}, "ECONOMIE": {"medie": 8.731818181818182, "reusita": 100.0, "cnt": 11}, "LOGICA, ARGUMENTARE SI COMUNICARE": {"medie": 9.737499999999999, "reusita": 100.0, "cnt": 12}, "SOCIOLOGIE": {"medie": 8.6, "reusita": 100.0, "cnt": 1}}, "nume": "COLEGIUL NATIONAL \"VASILE ALECSANDRI\", LOCALITATEA GALATI\tGala\u021bi"}