{"specializari": {"MATEMATICA-INFORMATICA": 145, "STIINTE ALE NATURII": 30, "FILOLOGIE": 68}, "limba_moderna": {"LIMBA ENGLEZA": 234, "LIMBA FRANCEZA": 9}, "limba_materna": {"LIMBA ROMANA": 243}, "promotie_anterioara": {"NU": 242, "DA": 1}, "materii": {"LIMBA ROMANA": {"medie": 8.191975308641975, "reusita": 100.0, "cnt": 243}, "MATEMATICA MATE-INFO": {"medie": 9.184482758620693, "reusita": 100.0, "cnt": 145}, "BIOLOGIE VEGETALA SI ANIMALA": {"medie": 8.821, "reusita": 100.0, "cnt": 50}, "GENERAL": {"medie": 8.584156378600822, "reusita": 100.0, "cnt": 243}, "CHIMIE ORGANICA TEO NIVEL I/II": {"medie": 8.945161290322579, "reusita": 100.0, "cnt": 31}, "INFORMATICA MI C/C++": {"medie": 8.783333333333331, "reusita": 100.0, "cnt": 21}, "CHIMIE ANORGANICA TEO NIVEL I/II": {"medie": 8.825, "reusita": 100.0, "cnt": 2}, "ISTORIE": {"medie": 8.025, "reusita": 100.0, "cnt": 68}, "GEOGRAFIE": {"medie": 8.961764705882352, "reusita": 100.0, "cnt": 17}, "PSIHOLOGIE": {"medie": 8.45, "reusita": 100.0, "cnt": 4}, "MATEMATICA ST-NAT": {"medie": 8.445, "reusita": 100.0, "cnt": 30}, "ANATOMIE SI FIZIOLOGIE UMANA, GENETICA SI ECOLOGIE UMANA": {"medie": 8.95, "reusita": 100.0, "cnt": 9}, "FIZICA TEO": {"medie": 8.487903225806452, "reusita": 100.0, "cnt": 62}, "ECONOMIE": {"medie": 8.971428571428572, "reusita": 100.0, "cnt": 7}, "LOGICA, ARGUMENTARE SI COMUNICARE": {"medie": 9.488888888888889, "reusita": 100.0, "cnt": 18}, "SOCIOLOGIE": {"medie": 8.60909090909091, "reusita": 100.0, "cnt": 22}}, "nume": "COLEGIUL NATIONAL \"GHEORGHE SINCAI\"\tBucure\u0219ti"}