{"specializari": {"TEHNICIAN IN ACHIZITII SI CONTRACTARI": 25, "TEHNICIAN IN ACTIVITATI ECONOMICE": 24, "TEHNICIAN IN TURISM": 1, "TEHNICIAN IN ADMINISTRATIE": 1}, "limba_moderna": {"LIMBA ENGLEZA": 40, "LIMBA FRANCEZA": 11}, "limba_materna": {"LIMBA ROMANA": 51}, "promotie_anterioara": {"NU": 46, "DA": 5}, "materii": {"LIMBA ROMANA": {"medie": 6.6647058823529415, "reusita": 96.07843137254902, "cnt": 51}, "GENERAL": {"medie": 7.6673333333333344, "reusita": 82.35294117647058, "cnt": 51}, "GEOGRAFIE": {"medie": 8.15, "reusita": 100.0, "cnt": 8}, "MATEMATICA TEHN": {"medie": 7.968000000000001, "reusita": 90.19607843137256, "cnt": 51}, "LOGICA, ARGUMENTARE SI COMUNICARE": {"medie": 8.367441860465117, "reusita": 100.0, "cnt": 43}}, "nume": "COLEGIUL TEHNOLOGIC \"SPIRU HARET\", MUNICIPIUL PIATRA-NEAMT\tNeam\u021b"}