{"specializari": {"STIINTE ALE NATURII": 97, "MATEMATICA-INFORMATICA": 26, "FILOLOGIE": 37, "STIINTE SOCIALE": 30}, "limba_moderna": {"LIMBA ENGLEZA": 171, "LIMBA FRANCEZA": 19}, "limba_materna": {"LIMBA ROMANA": 190}, "promotie_anterioara": {"NU": 152, "DA": 38}, "materii": {"LIMBA ROMANA": {"medie": 6.283947368421053, "reusita": 94.73684210526315, "cnt": 190}, "MATEMATICA MATE-INFO": {"medie": 7.621153846153846, "reusita": 92.3076923076923, "cnt": 26}, "BIOLOGIE VEGETALA SI ANIMALA": {"medie": 6.050000000000001, "reusita": 66.66666666666666, "cnt": 9}, "GENERAL": {"medie": 6.775396825396825, "reusita": 74.73684210526315, "cnt": 190}, "CHIMIE ORGANICA TEO NIVEL I/II": {"medie": 7.364285714285714, "reusita": 92.85714285714286, "cnt": 14}, "CHIMIE ANORGANICA TEO NIVEL I/II": {"medie": 6.75, "reusita": 100.0, "cnt": 3}, "ISTORIE": {"medie": 6.380597014925375, "reusita": 86.56716417910447, "cnt": 67}, "GEOGRAFIE": {"medie": 7.581944444444444, "reusita": 100.0, "cnt": 36}, "PSIHOLOGIE": {"medie": 6.6, "reusita": 100.0, "cnt": 1}, "MATEMATICA ST-NAT": {"medie": 6.576041666666666, "reusita": 95.87628865979381, "cnt": 97}, "ANATOMIE SI FIZIOLOGIE UMANA, GENETICA SI ECOLOGIE UMANA": {"medie": 7.370103092783503, "reusita": 95.87628865979381, "cnt": 97}, "FILOSOFIE": {"medie": 6.938888888888889, "reusita": 100.0, "cnt": 9}, "ECONOMIE": {"medie": 6.175, "reusita": 100.0, "cnt": 2}, "LOGICA, ARGUMENTARE SI COMUNICARE": {"medie": 8.899999999999999, "reusita": 100.0, "cnt": 4}, "SOCIOLOGIE": {"medie": 7.9366666666666665, "reusita": 100.0, "cnt": 15}}, "nume": "COLEGIUL NATIONAL \"VICTOR BABES\"\tBucure\u0219ti"}