{"specializari": {"STIINTE ALE NATURII": 31, "TEHNICIAN ANALIZE PRODUSE ALIMENTARE": 21, "TEHNICIAN CHIMIST DE LABORATOR": 29, "TEHNICIAN IN AUTOMATIZARI": 29, "TEHNICIAN IN CHIMIE INDUSTRIALA": 8, "TEHNICIAN ELECTROMECANIC": 5, "TEHNICIAN MECANIC PENTRU INTRETINERE SI REPARATII": 1, "TEHNICIAN ECOLOG SI PROTECTIA CALITATII MEDIULUI": 8, "MATEMATICA-INFORMATICA": 3, "TEHNICIAN ELECTROTEHNIST": 1}, "limba_moderna": {"LIMBA ENGLEZA": 132, "LIMBA FRANCEZA": 4}, "limba_materna": {"LIMBA ROMANA": 136}, "promotie_anterioara": {"NU": 66, "DA": 70}, "materii": {"LIMBA ROMANA": {"medie": 5.189097744360902, "reusita": 69.85294117647058, "cnt": 136}, "MATEMATICA MATE-INFO": {"medie": 4.916666666666667, "reusita": 66.66666666666666, "cnt": 3}, "BIOLOGIE VEGETALA SI ANIMALA": {"medie": 4.308720930232559, "reusita": 38.46153846153847, "cnt": 91}, "GENERAL": {"medie": 4.928346456692915, "reusita": 19.11764705882353, "cnt": 136}, "CHIMIE ORGANICA TEO NIVEL I/II": {"medie": 6.470833333333332, "reusita": 100.0, "cnt": 12}, "MATEMATICA ST-NAT": {"medie": 5.008064516129033, "reusita": 74.19354838709677, "cnt": 31}, "ANATOMIE SI FIZIOLOGIE UMANA, GENETICA SI ECOLOGIE UMANA": {"medie": 5.933333333333333, "reusita": 66.66666666666666, "cnt": 3}, "FIZICA TEO": {"medie": 5.25, "reusita": 100.0, "cnt": 1}, "MATEMATICA TEHN": {"medie": 4.7556701030927835, "reusita": 55.88235294117647, "cnt": 102}, "FIZICA TEH": {"medie": 4.135, "reusita": 40.0, "cnt": 10}, "CHIMIE ANORGANICA TEH NIVEL I/II": {"medie": 4.24, "reusita": 28.57142857142857, "cnt": 7}, "CHIMIE ORGANICA TEH NIVEL I/II": {"medie": 6.154545454545455, "reusita": 83.33333333333334, "cnt": 12}}, "nume": "COLEGIUL TEHNIC \"COSTIN D. NENITESCU\"\tBucure\u0219ti"}