{"specializari": {"TEHNICIAN ECOLOG SI PROTECTIA CALITATII MEDIULUI": 14, "TEHNICIAN PROIECTANT CAD": 7, "TEHNICIAN DE TELECOMUNICATII": 12, "TEHNICIAN MECATRONIST": 11, "TEHNICIAN IN CONSTRUCTII SI LUCRARI PUBLICE": 4, "ARHITECTURA, ARTE AMBIENTALE SI DESIGN": 3, "STIINTE ALE NATURII": 5, "TEHNICIAN DESENATOR PENTRU CONSTRUCTII SI INSTALATII": 19, "TEHNICIAN MECANIC PENTRU INTRETINERE SI REPARATII": 4, "TEHNICIAN IN INSTALATII ELECTRICE": 4, "TEHNICIAN ELECTROTEHNIST": 4, "TEHNICIAN OPERATOR TEHNICA DE CALCUL": 10, "TEHNICIAN INSTALATOR PENTRU CONSTRUCTII": 2, "TEHNICIAN PRELUCRARI PE MASINI CU COMANDA NUMERICA": 7, "TEHNICIAN PRELUCRARI MECANICE": 3, "TEHNICIAN ELECTRONIST": 1, "TEHNICIAN IN AUTOMATIZARI": 7, "TEHNICIAN IN PRELUCRAREA LEMNULUI": 1}, "limba_moderna": {"LIMBA ENGLEZA": 107, "LIMBA FRANCEZA": 10, "LIMBA GERMANA MODERNA": 1}, "limba_materna": {"LIMBA ROMANA": 118}, "promotie_anterioara": {"NU": 47, "DA": 71}, "materii": {"LIMBA ROMANA": {"medie": 5.734513274336284, "reusita": 83.05084745762711, "cnt": 118}, "BIOLOGIE VEGETALA SI ANIMALA": {"medie": 4.942741935483872, "reusita": 57.35294117647059, "cnt": 68}, "GENERAL": {"medie": 5.901401869158879, "reusita": 40.67796610169492, "cnt": 118}, "ISTORIE": {"medie": 5.8500000000000005, "reusita": 100.0, "cnt": 3}, "GEOGRAFIE": {"medie": 5.733333333333333, "reusita": 66.66666666666666, "cnt": 3}, "MATEMATICA ST-NAT": {"medie": 3.8400000000000007, "reusita": 40.0, "cnt": 5}, "ANATOMIE SI FIZIOLOGIE UMANA, GENETICA SI ECOLOGIE UMANA": {"medie": 6.5, "reusita": 100.0, "cnt": 1}, "MATEMATICA TEHN": {"medie": 6.662380952380954, "reusita": 84.54545454545455, "cnt": 110}, "FIZICA TEH": {"medie": 4.5, "reusita": 33.33333333333333, "cnt": 3}, "CHIMIE ANORGANICA TEH NIVEL I/II": {"medie": 5.952380952380953, "reusita": 69.76744186046511, "cnt": 43}}, "nume": "COLEGIUL TEHNIC \"MIRCEA CRISTEA\" BRASOV\tBra\u0219ov"}