{"specializari": {"TEHNICIAN MECATRONIST": 24, "TEHNICIAN IN INSTALATII ELECTRICE": 39, "MATEMATICA-INFORMATICA": 22, "TEHNICIAN ELECTROMECANIC": 21, "TEHNICIAN ELECTROTEHNIST": 9, "TEHNICIAN PRELUCRARI MECANICE": 1, "TEHNICIAN ELECTRONIST": 8, "TEHNICIAN MECANIC PENTRU INTRETINERE SI REPARATII": 12}, "limba_moderna": {"LIMBA ENGLEZA": 124, "LIMBA FRANCEZA": 12}, "limba_materna": {"LIMBA ROMANA": 136}, "promotie_anterioara": {"DA": 75, "NU": 61}, "materii": {"LIMBA ROMANA": {"medie": 4.657575757575757, "reusita": 55.88235294117647, "cnt": 136}, "MATEMATICA MATE-INFO": {"medie": 5.661363636363636, "reusita": 77.27272727272727, "cnt": 22}, "BIOLOGIE VEGETALA SI ANIMALA": {"medie": 4.027222222222223, "reusita": 41.48936170212766, "cnt": 94}, "GENERAL": {"medie": 4.7135170603674545, "reusita": 20.588235294117645, "cnt": 136}, "CHIMIE ANORGANICA TEO NIVEL I/II": {"medie": 4.1, "reusita": 0.0, "cnt": 1}, "ANATOMIE SI FIZIOLOGIE UMANA, GENETICA SI ECOLOGIE UMANA": {"medie": 7.302777777777777, "reusita": 100.0, "cnt": 18}, "FIZICA TEO": {"medie": 4.375, "reusita": 25.0, "cnt": 4}, "MATEMATICA TEHN": {"medie": 4.802803738317759, "reusita": 53.50877192982456, "cnt": 114}, "FIZICA TEH": {"medie": 4.2437499999999995, "reusita": 44.44444444444444, "cnt": 9}, "CHIMIE ANORGANICA TEH NIVEL I/II": {"medie": 3.7875, "reusita": 20.0, "cnt": 5}, "CHIMIE ORGANICA TEH NIVEL I/II": {"medie": 4.42, "reusita": 60.0, "cnt": 5}}, "nume": "COLEGIUL TEHNIC ENERGETIC\tBucure\u0219ti"}