{"specializari": {"MATEMATICA-INFORMATICA": 121, "STIINTE SOCIALE": 33, "STIINTE ALE NATURII": 31, "FILOLOGIE": 34}, "limba_moderna": {"LIMBA ENGLEZA": 166, "LIMBA FRANCEZA": 31, "LIMBA GERMANA MODERNA": 6, "LIMBA SPANIOLA": 16}, "limba_materna": {"LIMBA ROMANA": 219}, "promotie_anterioara": {"NU": 216, "DA": 3}, "materii": {"LIMBA ROMANA": {"medie": 8.068721461187213, "reusita": 100.0, "cnt": 219}, "MATEMATICA MATE-INFO": {"medie": 8.892148760330581, "reusita": 100.0, "cnt": 121}, "BIOLOGIE VEGETALA SI ANIMALA": {"medie": 7.528947368421053, "reusita": 100.0, "cnt": 19}, "GENERAL": {"medie": 8.21150684931507, "reusita": 98.17351598173516, "cnt": 219}, "CHIMIE ORGANICA TEO NIVEL I/II": {"medie": 9.053157894736842, "reusita": 100.0, "cnt": 19}, "INFORMATICA MI C/C++": {"medie": 8.33, "reusita": 100.0, "cnt": 5}, "ISTORIE": {"medie": 7.762686567164179, "reusita": 100.0, "cnt": 67}, "GEOGRAFIE": {"medie": 8.41086956521739, "reusita": 100.0, "cnt": 46}, "PSIHOLOGIE": {"medie": 8.737499999999999, "reusita": 100.0, "cnt": 8}, "MATEMATICA ST-NAT": {"medie": 7.574193548387097, "reusita": 100.0, "cnt": 31}, "ANATOMIE SI FIZIOLOGIE UMANA, GENETICA SI ECOLOGIE UMANA": {"medie": 8.12625, "reusita": 100.0, "cnt": 40}, "FIZICA TEO": {"medie": 7.903623188405799, "reusita": 97.10144927536231, "cnt": 69}, "ECONOMIE": {"medie": 8.7, "reusita": 100.0, "cnt": 4}, "LOGICA, ARGUMENTARE SI COMUNICARE": {"medie": 8.899999999999999, "reusita": 100.0, "cnt": 2}, "SOCIOLOGIE": {"medie": 8.65, "reusita": 100.0, "cnt": 7}}, "nume": "COLEGIUL NATIONAL \"VLAICU VODA\" CURTEA DE ARGES\tArge\u0219"}