{"specializari": {"INVATATOR - EDUCATOARE": 28, "STIINTE SOCIALE": 27, "FILOLOGIE": 24, "MATEMATICA-INFORMATICA": 19, "INSTRUCTOR PENTRU ACTIVITATI EXTRASCOLARE": 1}, "limba_moderna": {"LIMBA ENGLEZA": 91, "LIMBA FRANCEZA": 8}, "limba_materna": {"LIMBA ROMANA": 99}, "promotie_anterioara": {"NU": 96, "DA": 3}, "materii": {"LIMBA ROMANA": {"medie": 7.541326530612246, "reusita": 97.97979797979798, "cnt": 99}, "MATEMATICA MATE-INFO": {"medie": 7.466666666666667, "reusita": 89.47368421052632, "cnt": 19}, "BIOLOGIE VEGETALA SI ANIMALA": {"medie": 8.149999999999999, "reusita": 100.0, "cnt": 8}, "GENERAL": {"medie": 7.956872852233675, "reusita": 92.92929292929293, "cnt": 99}, "CHIMIE ORGANICA TEO NIVEL I/II": {"medie": 3.9, "reusita": 0.0, "cnt": 1}, "ISTORIE": {"medie": 7.380769230769228, "reusita": 100.0, "cnt": 52}, "GEOGRAFIE": {"medie": 8.634666666666668, "reusita": 100.0, "cnt": 75}, "PSIHOLOGIE": {"medie": 6.8, "reusita": 100.0, "cnt": 1}, "FIZICA TEO": {"medie": 7.1, "reusita": 83.33333333333334, "cnt": 6}, "FILOSOFIE": {"medie": 8.4, "reusita": 100.0, "cnt": 1}, "ECONOMIE": {"medie": 7.583333333333333, "reusita": 100.0, "cnt": 3}, "MATEMATICA PED": {"medie": 8.969642857142857, "reusita": 100.0, "cnt": 28}, "INFORMATICA MI PASCAL": {"medie": 7.737500000000001, "reusita": 100.0, "cnt": 4}}, "nume": "COLEGIUL NATIONAL \"CONSTANTIN CANTACUZINO\" TARGOVISTE\tD\u00e2mbovi\u021ba"}