{"specializari": {"TEHNICIAN IN ACTIVITATI ECONOMICE": 150, "TEHNICIAN IN ADMINISTRATIE": 13, "TEHNICIAN IN ACTIVITATI DE COMERT": 31, "TEHNICIAN IN TURISM": 15, "TEHNICIAN IN GASTRONOMIE": 3}, "limba_moderna": {"LIMBA ENGLEZA": 185, "LIMBA FRANCEZA": 27}, "limba_materna": {"LIMBA ROMANA": 212}, "promotie_anterioara": {"NU": 198, "DA": 14}, "materii": {"LIMBA ROMANA": {"medie": 6.90683962264151, "reusita": 95.28301886792453, "cnt": 212}, "GENERAL": {"medie": 7.578436018957347, "reusita": 86.79245283018868, "cnt": 212}, "GEOGRAFIE": {"medie": 7.969704433497536, "reusita": 98.52216748768473, "cnt": 203}, "PSIHOLOGIE": {"medie": 7.1, "reusita": 100.0, "cnt": 1}, "MATEMATICA TEHN": {"medie": 7.902843601895735, "reusita": 91.50943396226415, "cnt": 212}, "ECONOMIE": {"medie": 6.9375, "reusita": 87.5, "cnt": 8}}, "nume": "COLEGIUL ECONOMIC MUNICIPIUL BUZAU\tBuz\u0103u"}