{"specializari": {"TEHNICIAN DE TELECOMUNICATII": 121, "ORGANIZATOR BANQUETING": 52, "TEHNICIAN IN GASTRONOMIE": 12, "TEHNICIAN ELECTRONIST": 52, "TEHNICIAN IN ACTIVITATI DE POSTA": 30, "MATEMATICA-INFORMATICA": 30}, "limba_moderna": {"LIMBA ENGLEZA": 203, "LIMBA FRANCEZA": 85, "LIMBA GERMANA MODERNA": 9}, "limba_materna": {"LIMBA ROMANA": 297}, "promotie_anterioara": {"NU": 123, "DA": 174}, "materii": {"LIMBA ROMANA": {"medie": 5.21077738515901, "reusita": 65.993265993266, "cnt": 297}, "MATEMATICA MATE-INFO": {"medie": 4.31923076923077, "reusita": 43.333333333333336, "cnt": 30}, "BIOLOGIE VEGETALA SI ANIMALA": {"medie": 4.729615384615383, "reusita": 50.0, "cnt": 140}, "GENERAL": {"medie": 5.29488636363636, "reusita": 25.252525252525253, "cnt": 297}, "CHIMIE ORGANICA TEO NIVEL I/II": {"medie": "-", "reusita": 0.0, "cnt": 1}, "INFORMATICA MI C/C++": {"medie": 7.324999999999999, "reusita": 100.0, "cnt": 4}, "CHIMIE ANORGANICA TEO NIVEL I/II": {"medie": 3.5, "reusita": 0.0, "cnt": 1}, "GEOGRAFIE": {"medie": 6.90843373493976, "reusita": 88.63636363636364, "cnt": 88}, "PSIHOLOGIE": {"medie": 6.82, "reusita": 100.0, "cnt": 5}, "ANATOMIE SI FIZIOLOGIE UMANA, GENETICA SI ECOLOGIE UMANA": {"medie": 7.45, "reusita": 100.0, "cnt": 1}, "MATEMATICA TEHN": {"medie": 5.300597609561749, "reusita": 65.91760299625467, "cnt": 267}, "FIZICA TEH": {"medie": 4.175806451612903, "reusita": 50.0, "cnt": 36}, "ECONOMIE": {"medie": 5.25, "reusita": 100.0, "cnt": 1}, "CHIMIE ANORGANICA TEH NIVEL I/II": {"medie": 4.4437500000000005, "reusita": 50.0, "cnt": 10}, "CHIMIE ORGANICA TEH NIVEL I/II": {"medie": 3.4611111111111112, "reusita": 20.0, "cnt": 10}}, "nume": "COLEGIUL TEHNIC DE POSTA SI TELECOMUNICATII \"GHEORGHE AIRINEI\"\tBucure\u0219ti"}