{"specializari": {"TEHNICIAN ECOLOG SI PROTECTIA CALITATII MEDIULUI": 33, "TEHNICIAN IN INSTALATII ELECTRICE": 9, "TEHNICIAN PRELUCRARI MECANICE": 38, "TEHNICIAN ELECTROTEHNIST": 8, "TEHNICIAN PROIECTANT CAD": 43, "TEHNICIAN ELECTROMECANIC": 28, "TEHNICIAN TRANSPORTURI": 35, "TEHNICIAN OPERATOR TEHNICA DE CALCUL": 12, "TEHNICIAN MECATRONIST": 19, "TEHNICIAN METROLOG": 14, "MATEMATICA-INFORMATICA": 1}, "limba_moderna": {"LIMBA ENGLEZA": 232, "LIMBA FRANCEZA": 8}, "limba_materna": {"LIMBA ROMANA": 240}, "promotie_anterioara": {"DA": 129, "NU": 111}, "materii": {"LIMBA ROMANA": {"medie": 4.652702702702701, "reusita": 52.916666666666664, "cnt": 240}, "MATEMATICA MATE-INFO": {"medie": 2.2, "reusita": 0.0, "cnt": 1}, "BIOLOGIE VEGETALA SI ANIMALA": {"medie": 4.108849557522125, "reusita": 37.1900826446281, "cnt": 121}, "GENERAL": {"medie": 4.526811594202899, "reusita": 9.166666666666666, "cnt": 240}, "ANATOMIE SI FIZIOLOGIE UMANA, GENETICA SI ECOLOGIE UMANA": {"medie": 4.378125, "reusita": 43.75, "cnt": 16}, "MATEMATICA TEHN": {"medie": 4.836238532110093, "reusita": 61.92468619246861, "cnt": 239}, "FIZICA TEH": {"medie": 4.377173913043478, "reusita": 55.10204081632652, "cnt": 49}, "CHIMIE ANORGANICA TEH NIVEL I/II": {"medie": 3.526190476190476, "reusita": 14.814814814814813, "cnt": 54}}, "nume": "COLEGIUL TEHNIC \"CAROL I\"\tBucure\u0219ti"}