{"specializari": {"TEHNICIAN IN INDUSTRIA TEXTILA": 19, "MATEMATICA-INFORMATICA": 26, "STIINTE ALE NATURII": 31, "TEHNICIAN TRANSPORTURI": 77, "FILOLOGIE": 56, "TEHNICIAN MECATRONIST": 12}, "limba_moderna": {"LIMBA FRANCEZA": 18, "LIMBA ENGLEZA": 203}, "limba_materna": {"LIMBA ROMANA": 203, "LIMBA UCRAINEANA": 18}, "promotie_anterioara": {"NU": 178, "DA": 43}, "materii": {"LIMBA ROMANA": {"medie": 5.888755980861246, "reusita": 73.7556561085973, "cnt": 221}, "MATEMATICA MATE-INFO": {"medie": 8.999999999999998, "reusita": 100.0, "cnt": 26}, "BIOLOGIE VEGETALA SI ANIMALA": {"medie": 4.203846153846154, "reusita": 31.11111111111111, "cnt": 90}, "GENERAL": {"medie": 5.9790208333333315, "reusita": 44.34389140271493, "cnt": 221}, "CHIMIE ORGANICA TEO NIVEL I/II": {"medie": 9.58125, "reusita": 100.0, "cnt": 8}, "ISTORIE": {"medie": 5.930555555555554, "reusita": 85.71428571428571, "cnt": 56}, "GEOGRAFIE": {"medie": 8.067441860465117, "reusita": 91.48936170212765, "cnt": 47}, "PSIHOLOGIE": {"medie": 9.4, "reusita": 100.0, "cnt": 1}, "MATEMATICA ST-NAT": {"medie": 5.6564516129032265, "reusita": 80.64516129032258, "cnt": 31}, "ANATOMIE SI FIZIOLOGIE UMANA, GENETICA SI ECOLOGIE UMANA": {"medie": 7.977173913043481, "reusita": 97.82608695652173, "cnt": 46}, "FIZICA TEO": {"medie": 6.2125, "reusita": 75.0, "cnt": 4}, "MATEMATICA TEHN": {"medie": 4.276344086021504, "reusita": 48.148148148148145, "cnt": 108}, "FIZICA TEH": {"medie": 4.7375, "reusita": 66.66666666666666, "cnt": 9}, "ECONOMIE": {"medie": 10.0, "reusita": 100.0, "cnt": 1}, "LOGICA, ARGUMENTARE SI COMUNICARE": {"medie": 8.764285714285714, "reusita": 100.0, "cnt": 7}, "CHIMIE ANORGANICA TEH NIVEL I/II": {"medie": 2.75, "reusita": 0.0, "cnt": 3}, "CHIMIE ORGANICA TEH NIVEL I/II": {"medie": 4.32, "reusita": 40.0, "cnt": 5}, "LIMBA UCRAINEANA": {"medie": 7.8999999999999995, "reusita": 88.88888888888889, "cnt": 18}}, "nume": "COLEGIUL TEHNIC \"LATCU VODA\" SIRET\tSuceava"}