{"specializari": {"FILOLOGIE": 29, "MATEMATICA-INFORMATICA": 52, "STIINTE ALE NATURII": 34, "INVATATOR - EDUCATOARE": 28, "STIINTE SOCIALE": 31}, "limba_moderna": {"LIMBA ENGLEZA": 148, "LIMBA FRANCEZA": 25, "LIMBA GERMANA MODERNA": 1}, "limba_materna": {"LIMBA ROMANA": 174}, "promotie_anterioara": {"NU": 166, "DA": 8}, "materii": {"LIMBA ROMANA": {"medie": 7.032369942196532, "reusita": 93.10344827586206, "cnt": 174}, "MATEMATICA MATE-INFO": {"medie": 8.853846153846154, "reusita": 100.0, "cnt": 52}, "BIOLOGIE VEGETALA SI ANIMALA": {"medie": 8.45, "reusita": 100.0, "cnt": 1}, "GENERAL": {"medie": 7.462909441233139, "reusita": 81.03448275862068, "cnt": 174}, "CHIMIE ANORGANICA TEO NIVEL I/II": {"medie": 8.33, "reusita": 100.0, "cnt": 5}, "ISTORIE": {"medie": 6.696666666666666, "reusita": 96.66666666666667, "cnt": 60}, "GEOGRAFIE": {"medie": 7.504347826086957, "reusita": 100.0, "cnt": 69}, "PSIHOLOGIE": {"medie": 8.405555555555557, "reusita": 100.0, "cnt": 9}, "MATEMATICA ST-NAT": {"medie": 6.6469696969696965, "reusita": 88.23529411764706, "cnt": 34}, "ANATOMIE SI FIZIOLOGIE UMANA, GENETICA SI ECOLOGIE UMANA": {"medie": 7.814655172413795, "reusita": 93.22033898305084, "cnt": 59}, "LOGICA, ARGUMENTARE SI COMUNICARE": {"medie": 9.225, "reusita": 100.0, "cnt": 8}, "MATEMATICA PED": {"medie": 7.341071428571428, "reusita": 96.42857142857143, "cnt": 28}, "SOCIOLOGIE": {"medie": 8.25, "reusita": 100.0, "cnt": 2}, "INFORMATICA MI PASCAL": {"medie": 8.688095238095238, "reusita": 100.0, "cnt": 21}}, "nume": "COLEGIUL NATIONAL \"INOCHENTIE MICU CLAIN\" BLAJ\tAlba"}