{"specializari": {"FILOLOGIE": 66, "MATEMATICA-INFORMATICA": 57, "STIINTE ALE NATURII": 31}, "limba_moderna": {"LIMBA ENGLEZA": 121, "LIMBA FRANCEZA": 33}, "limba_materna": {"LIMBA ROMANA": 154}, "promotie_anterioara": {"NU": 151, "DA": 3}, "materii": {"LIMBA ROMANA": {"medie": 7.737337662337664, "reusita": 100.0, "cnt": 154}, "MATEMATICA MATE-INFO": {"medie": 8.795614035087718, "reusita": 100.0, "cnt": 57}, "BIOLOGIE VEGETALA SI ANIMALA": {"medie": 8.9, "reusita": 100.0, "cnt": 1}, "GENERAL": {"medie": 8.366450216450216, "reusita": 100.0, "cnt": 154}, "CHIMIE ORGANICA TEO NIVEL I/II": {"medie": 9.05, "reusita": 100.0, "cnt": 7}, "INFORMATICA MI C/C++": {"medie": 8.85925925925926, "reusita": 100.0, "cnt": 27}, "ISTORIE": {"medie": 8.171212121212122, "reusita": 100.0, "cnt": 66}, "GEOGRAFIE": {"medie": 8.139583333333333, "reusita": 100.0, "cnt": 24}, "PSIHOLOGIE": {"medie": 8.9, "reusita": 100.0, "cnt": 5}, "MATEMATICA ST-NAT": {"medie": 8.711290322580647, "reusita": 100.0, "cnt": 31}, "ANATOMIE SI FIZIOLOGIE UMANA, GENETICA SI ECOLOGIE UMANA": {"medie": 9.199999999999998, "reusita": 100.0, "cnt": 31}, "FIZICA TEO": {"medie": 8.932500000000001, "reusita": 100.0, "cnt": 20}, "FILOSOFIE": {"medie": 9.7, "reusita": 100.0, "cnt": 1}, "INFORMATICA SN C/C++": {"medie": 8.25, "reusita": 100.0, "cnt": 2}, "ECONOMIE": {"medie": 7.025, "reusita": 100.0, "cnt": 4}, "LOGICA, ARGUMENTARE SI COMUNICARE": {"medie": 9.216666666666669, "reusita": 100.0, "cnt": 30}, "SOCIOLOGIE": {"medie": 8.55, "reusita": 100.0, "cnt": 2}}, "nume": "COLEGIUL NATIONAL \"ALEXANDRU IOAN CUZA\", LOCALITATEA GALATI\tGala\u021bi"}