{"specializari": {"MATEMATICA-INFORMATICA": 61, "STIINTE ALE NATURII": 65, "FILOLOGIE": 70, "STIINTE SOCIALE": 34}, "limba_moderna": {"LIMBA ENGLEZA": 168, "LIMBA FRANCEZA": 61, "LIMBA GERMANA MODERNA": 1}, "limba_materna": {"LIMBA ROMANA": 230}, "promotie_anterioara": {"NU": 228, "DA": 2}, "materii": {"LIMBA ROMANA": {"medie": 7.841228070175433, "reusita": 99.1304347826087, "cnt": 230}, "MATEMATICA MATE-INFO": {"medie": 9.378688524590162, "reusita": 100.0, "cnt": 61}, "BIOLOGIE VEGETALA SI ANIMALA": {"medie": 7.8999999999999995, "reusita": 94.87179487179486, "cnt": 39}, "GENERAL": {"medie": 8.420979532163745, "reusita": 96.95652173913044, "cnt": 230}, "CHIMIE ORGANICA TEO NIVEL I/II": {"medie": 8.9875, "reusita": 100.0, "cnt": 36}, "INFORMATICA MI C/C++": {"medie": 9.424999999999999, "reusita": 100.0, "cnt": 8}, "ISTORIE": {"medie": 8.660194174757283, "reusita": 99.03846153846155, "cnt": 104}, "GEOGRAFIE": {"medie": 8.654166666666667, "reusita": 92.3076923076923, "cnt": 13}, "PSIHOLOGIE": {"medie": 9.2125, "reusita": 100.0, "cnt": 4}, "MATEMATICA ST-NAT": {"medie": 7.961538461538462, "reusita": 100.0, "cnt": 65}, "ANATOMIE SI FIZIOLOGIE UMANA, GENETICA SI ECOLOGIE UMANA": {"medie": 8.305000000000001, "reusita": 100.0, "cnt": 10}, "FIZICA TEO": {"medie": 8.005555555555556, "reusita": 100.0, "cnt": 27}, "ECONOMIE": {"medie": 8.6075, "reusita": 100.0, "cnt": 20}, "LOGICA, ARGUMENTARE SI COMUNICARE": {"medie": 9.48793103448276, "reusita": 100.0, "cnt": 58}, "SOCIOLOGIE": {"medie": 9.094444444444445, "reusita": 100.0, "cnt": 9}, "INFORMATICA MI PASCAL": {"medie": 8.433333333333334, "reusita": 100.0, "cnt": 6}}, "nume": "COLEGIUL NATIONAL \"ALEXANDRU IOAN CUZA\", MUNICIPIUL PLOIESTI\tPrahova"}