{"specializari": {"MATEMATICA-INFORMATICA": 44, "STIINTE ALE NATURII": 81, "STIINTE SOCIALE": 30, "FILOLOGIE": 55}, "limba_moderna": {"LIMBA ENGLEZA": 176, "LIMBA FRANCEZA": 33, "LIMBA GERMANA MODERNA": 1}, "limba_materna": {"LIMBA ROMANA": 189, "LIMBA GERMANA": 21}, "promotie_anterioara": {"NU": 207, "DA": 3}, "materii": {"LIMBA ROMANA": {"medie": 8.133571428571429, "reusita": 100.0, "cnt": 210}, "MATEMATICA MATE-INFO": {"medie": 9.288636363636362, "reusita": 100.0, "cnt": 44}, "GENERAL": {"medie": 8.391606858054223, "reusita": 96.19047619047619, "cnt": 210}, "CHIMIE ORGANICA TEO NIVEL I/II": {"medie": 8.506666666666668, "reusita": 100.0, "cnt": 15}, "INFORMATICA MI C/C++": {"medie": 9.22777777777778, "reusita": 100.0, "cnt": 36}, "ISTORIE": {"medie": 8.246470588235294, "reusita": 98.82352941176471, "cnt": 85}, "GEOGRAFIE": {"medie": 8.522580645161288, "reusita": 98.38709677419355, "cnt": 62}, "PSIHOLOGIE": {"medie": 9.02, "reusita": 100.0, "cnt": 5}, "MATEMATICA ST-NAT": {"medie": 7.796913580246913, "reusita": 96.29629629629629, "cnt": 81}, "ANATOMIE SI FIZIOLOGIE UMANA, GENETICA SI ECOLOGIE UMANA": {"medie": 8.594366197183097, "reusita": 97.1830985915493, "cnt": 71}, "FIZICA TEO": {"medie": 5.2, "reusita": 100.0, "cnt": 1}, "FILOSOFIE": {"medie": 7.983333333333334, "reusita": 83.33333333333334, "cnt": 6}, "LIMBA GERMANA": {"medie": 8.02857142857143, "reusita": 100.0, "cnt": 21}, "INFORMATICA SN C/C++": {"medie": 8.9, "reusita": 100.0, "cnt": 2}, "LOGICA, ARGUMENTARE SI COMUNICARE": {"medie": 9.483333333333333, "reusita": 100.0, "cnt": 12}}, "nume": "COLEGIUL NATIONAL \"LIVIU REBREANU\" BISTRITA\tBistri\u021ba-N\u0103s\u0103ud"}