{"specializari": {"MATEMATICA-INFORMATICA": 122, "FILOLOGIE": 26}, "limba_moderna": {"LIMBA ENGLEZA": 133, "LIMBA FRANCEZA": 8, "LIMBA GERMANA MODERNA": 7}, "limba_materna": {"LIMBA ROMANA": 148}, "promotie_anterioara": {"NU": 148}, "materii": {"LIMBA ROMANA": {"medie": 9.148648648648653, "reusita": 100.0, "cnt": 148}, "MATEMATICA MATE-INFO": {"medie": 9.536065573770488, "reusita": 100.0, "cnt": 122}, "BIOLOGIE VEGETALA SI ANIMALA": {"medie": 9.879999999999999, "reusita": 100.0, "cnt": 5}, "GENERAL": {"medie": 9.323423423423428, "reusita": 100.0, "cnt": 148}, "CHIMIE ORGANICA TEO NIVEL I/II": {"medie": 9.509375000000002, "reusita": 100.0, "cnt": 16}, "INFORMATICA MI C/C++": {"medie": 9.220588235294118, "reusita": 100.0, "cnt": 17}, "ISTORIE": {"medie": 9.161538461538461, "reusita": 100.0, "cnt": 26}, "GEOGRAFIE": {"medie": 9.184782608695652, "reusita": 100.0, "cnt": 23}, "ANATOMIE SI FIZIOLOGIE UMANA, GENETICA SI ECOLOGIE UMANA": {"medie": 9.504166666666665, "reusita": 100.0, "cnt": 60}, "FIZICA TEO": {"medie": 8.995833333333334, "reusita": 100.0, "cnt": 24}, "ECONOMIE": {"medie": 9.425, "reusita": 100.0, "cnt": 2}, "SOCIOLOGIE": {"medie": 9.45, "reusita": 100.0, "cnt": 1}}, "nume": "COLEGIUL NATIONAL, IASI\tIa\u0219i"}