{"specializari": {"FILOLOGIE": 95, "STIINTE SOCIALE": 32, "INVATATOR - EDUCATOARE": 31, "STIINTE ALE NATURII": 31, "MATEMATICA-INFORMATICA": 57, "ORGANIZATOR BANQUETING": 1}, "limba_moderna": {"LIMBA ENGLEZA": 193, "LIMBA FRANCEZA": 54}, "limba_materna": {"LIMBA ROMANA": 247}, "promotie_anterioara": {"NU": 245, "DA": 2}, "materii": {"LIMBA ROMANA": {"medie": 8.6849593495935, "reusita": 99.19028340080972, "cnt": 247}, "MATEMATICA MATE-INFO": {"medie": 9.273214285714287, "reusita": 98.24561403508771, "cnt": 57}, "BIOLOGIE VEGETALA SI ANIMALA": {"medie": 9.266666666666667, "reusita": 100.0, "cnt": 3}, "GENERAL": {"medie": 8.507994579945802, "reusita": 97.97570850202429, "cnt": 247}, "CHIMIE ORGANICA TEO NIVEL I/II": {"medie": 9.5, "reusita": 100.0, "cnt": 2}, "INFORMATICA MI C/C++": {"medie": 8.252083333333331, "reusita": 96.0, "cnt": 25}, "ISTORIE": {"medie": 7.631102362204724, "reusita": 99.21259842519686, "cnt": 127}, "GEOGRAFIE": {"medie": 8.81666666666667, "reusita": 100.0, "cnt": 123}, "PSIHOLOGIE": {"medie": 7.9625, "reusita": 100.0, "cnt": 4}, "MATEMATICA ST-NAT": {"medie": 7.038709677419353, "reusita": 100.0, "cnt": 31}, "ANATOMIE SI FIZIOLOGIE UMANA, GENETICA SI ECOLOGIE UMANA": {"medie": 8.961818181818181, "reusita": 100.0, "cnt": 55}, "FIZICA TEO": {"medie": 6.95, "reusita": 100.0, "cnt": 2}, "MATEMATICA TEHN": {"medie": 6.55, "reusita": 100.0, "cnt": 1}, "INFORMATICA SN C/C++": {"medie": 9.35, "reusita": 100.0, "cnt": 1}, "ECONOMIE": {"medie": 9.414285714285715, "reusita": 100.0, "cnt": 7}, "LOGICA, ARGUMENTARE SI COMUNICARE": {"medie": 9.434999999999999, "reusita": 100.0, "cnt": 10}, "MATEMATICA PED": {"medie": 8.732258064516131, "reusita": 96.7741935483871, "cnt": 31}, "SOCIOLOGIE": {"medie": 8.063333333333334, "reusita": 100.0, "cnt": 15}}, "nume": "COLEGIUL NATIONAL \"SPIRU HARET\" TG-JIU\tGorj"}