{"specializari": {"TEHNICIAN IN GASTRONOMIE": 80, "TEHNICIAN IN ACTIVITATI ECONOMICE": 32, "TEHNICIAN IN TURISM": 47, "COAFOR STILIST": 22, "TEHNICIAN HORTICULTOR": 1, "TEHNICIAN OPERATOR TEHNICA DE CALCUL": 42, "TEHNICIAN ECOLOG SI PROTECTIA CALITATII MEDIULUI": 29, "TEHNICIAN IN ADMINISTRATIE": 20, "TEHNICIAN MECANIC PENTRU INTRETINERE SI REPARATII": 9, "TEHNICIAN ANALIZE PRODUSE ALIMENTARE": 3, "MATEMATICA-INFORMATICA": 8, "TEHNICIAN IN INDUSTRIA ALIMENTARA": 1}, "limba_moderna": {"LIMBA ENGLEZA": 288, "LIMBA FRANCEZA": 4, "LIMBA RUSA": 1, "LIMBA GERMANA MODERNA": 1}, "limba_materna": {"LIMBA ROMANA": 265, "LIMBA MAGHIARA": 29}, "promotie_anterioara": {"DA": 99, "NU": 195}, "materii": {"LIMBA ROMANA": {"medie": 5.091754385964911, "reusita": 70.74829931972789, "cnt": 294}, "MATEMATICA MATE-INFO": {"medie": 4.70625, "reusita": 75.0, "cnt": 8}, "BIOLOGIE VEGETALA SI ANIMALA": {"medie": 4.683695652173913, "reusita": 43.75, "cnt": 48}, "GENERAL": {"medie": 5.616577060931898, "reusita": 32.31292517006803, "cnt": 294}, "GEOGRAFIE": {"medie": 6.663333333333333, "reusita": 86.56716417910447, "cnt": 201}, "ANATOMIE SI FIZIOLOGIE UMANA, GENETICA SI ECOLOGIE UMANA": {"medie": 6.284615384615383, "reusita": 95.0, "cnt": 40}, "MATEMATICA TEHN": {"medie": 5.468840579710145, "reusita": 65.38461538461539, "cnt": 286}, "FIZICA TEH": {"medie": 3.0374999999999996, "reusita": 25.0, "cnt": 4}, "LIMBA MAGHIARA (REAL)": {"medie": 6.510714285714287, "reusita": 96.55172413793103, "cnt": 29}, "CHIMIE ORGANICA TEH NIVEL I/II": {"medie": 8.7, "reusita": 100.0, "cnt": 1}}, "nume": "COLEGIUL TEHNIC \"MIHAI VITEAZUL\" ORADEA\tBihor"}