{"specializari": {"TEHNICIAN IN ACTIVITATI DE COMERT": 50, "TEHNICIAN OPERATOR TEHNICA DE CALCUL": 23, "TEHNICIAN DESIGNER VESTIMENTAR": 78, "TEHNICIAN IN INDUSTRIA TEXTILA": 8, "TEHNICIAN ECOLOG SI PROTECTIA CALITATII MEDIULUI": 3, "MATEMATICA-INFORMATICA": 1}, "limba_moderna": {"LIMBA FRANCEZA": 49, "LIMBA ENGLEZA": 114}, "limba_materna": {"LIMBA ROMANA": 163}, "promotie_anterioara": {"DA": 73, "NU": 90}, "materii": {"LIMBA ROMANA": {"medie": 5.647500000000002, "reusita": 84.66257668711657, "cnt": 163}, "MATEMATICA MATE-INFO": {"medie": 5.25, "reusita": 100.0, "cnt": 1}, "BIOLOGIE VEGETALA SI ANIMALA": {"medie": 4.9071428571428575, "reusita": 55.670103092783506, "cnt": 97}, "GENERAL": {"medie": 5.902666666666668, "reusita": 46.012269938650306, "cnt": 163}, "GEOGRAFIE": {"medie": 7.435227272727272, "reusita": 93.47826086956522, "cnt": 46}, "MATEMATICA TEHN": {"medie": 6.214610389610391, "reusita": 76.5432098765432, "cnt": 162}, "FIZICA TEH": {"medie": 5.3, "reusita": 75.0, "cnt": 4}, "ECONOMIE": {"medie": 5.574999999999999, "reusita": 75.0, "cnt": 4}, "CHIMIE ANORGANICA TEH NIVEL I/II": {"medie": 6.139999999999999, "reusita": 90.0, "cnt": 10}, "CHIMIE ORGANICA TEH NIVEL I/II": {"medie": 2.0, "reusita": 0.0, "cnt": 2}}, "nume": "COLEGIUL TEHNIC \"ARMAND CALINESCU\" PITESTI\tArge\u0219"}