{"specializari": {"FILOLOGIE": 96, "MATEMATICA-INFORMATICA": 85, "STIINTE ALE NATURII": 31}, "limba_moderna": {"LIMBA ENGLEZA": 182, "LIMBA FRANCEZA": 21, "LIMBA JAPONEZA": 9}, "limba_materna": {"LIMBA ROMANA": 212}, "promotie_anterioara": {"NU": 204, "DA": 8}, "materii": {"LIMBA ROMANA": {"medie": 7.908490566037734, "reusita": 100.0, "cnt": 212}, "MATEMATICA MATE-INFO": {"medie": 8.558823529411763, "reusita": 98.82352941176471, "cnt": 85}, "BIOLOGIE VEGETALA SI ANIMALA": {"medie": 7.440909090909091, "reusita": 90.9090909090909, "cnt": 22}, "GENERAL": {"medie": 8.225078616352198, "reusita": 97.16981132075472, "cnt": 212}, "CHIMIE ORGANICA TEO NIVEL I/II": {"medie": 8.966666666666665, "reusita": 100.0, "cnt": 9}, "INFORMATICA MI C/C++": {"medie": 8.916666666666666, "reusita": 100.0, "cnt": 12}, "ISTORIE": {"medie": 8.405729166666669, "reusita": 100.0, "cnt": 96}, "GEOGRAFIE": {"medie": 8.883823529411766, "reusita": 100.0, "cnt": 34}, "PSIHOLOGIE": {"medie": 9.0, "reusita": 100.0, "cnt": 9}, "MATEMATICA ST-NAT": {"medie": 7.951612903225807, "reusita": 100.0, "cnt": 31}, "ANATOMIE SI FIZIOLOGIE UMANA, GENETICA SI ECOLOGIE UMANA": {"medie": 8.839285714285714, "reusita": 100.0, "cnt": 42}, "FIZICA TEO": {"medie": 7.411666666666666, "reusita": 100.0, "cnt": 30}, "FILOSOFIE": {"medie": 9.0, "reusita": 100.0, "cnt": 3}, "INFORMATICA SN C/C++": {"medie": 6.8, "reusita": 100.0, "cnt": 1}, "ECONOMIE": {"medie": 7.75, "reusita": 100.0, "cnt": 8}, "LOGICA, ARGUMENTARE SI COMUNICARE": {"medie": 8.125, "reusita": 100.0, "cnt": 4}, "SOCIOLOGIE": {"medie": 8.348684210526315, "reusita": 100.0, "cnt": 38}}, "nume": "COLEGIUL NATIONAL \"ION CREANGA\"\tBucure\u0219ti"}