{"specializari": {"TEHNICIAN TRANSPORTURI": 4, "TEHNICIAN DESIGNER VESTIMENTAR": 2, "TEHNICIAN ELECTRONIST": 3, "TEHNICIAN IN ADMINISTRATIE": 21, "TEHNICIAN ELECTRICIAN/ELECTRONIST AUTO": 5, "TEHNICIAN OPERATOR TEHNICA DE CALCUL": 9, "TEHNICIAN MECATRONIST": 7, "TEHNICIAN PROIECTANT CAD": 4}, "limba_moderna": {"LIMBA ENGLEZA": 55}, "limba_materna": {"LIMBA ROMANA": 55}, "promotie_anterioara": {"DA": 29, "NU": 26}, "materii": {"LIMBA ROMANA": {"medie": 6.055555555555555, "reusita": 89.0909090909091, "cnt": 55}, "BIOLOGIE VEGETALA SI ANIMALA": {"medie": 6.058, "reusita": 75.0, "cnt": 28}, "GENERAL": {"medie": 6.695666666666667, "reusita": 67.27272727272727, "cnt": 55}, "GEOGRAFIE": {"medie": 7.490000000000002, "reusita": 100.0, "cnt": 20}, "PSIHOLOGIE": {"medie": 6.15, "reusita": 100.0, "cnt": 1}, "ANATOMIE SI FIZIOLOGIE UMANA, GENETICA SI ECOLOGIE UMANA": {"medie": 5.6, "reusita": 100.0, "cnt": 1}, "MATEMATICA TEHN": {"medie": 7.18235294117647, "reusita": 87.27272727272727, "cnt": 55}, "FIZICA TEH": {"medie": 7.366666666666667, "reusita": 66.66666666666666, "cnt": 3}, "CHIMIE ANORGANICA TEH NIVEL I/II": {"medie": 4.825, "reusita": 50.0, "cnt": 2}}, "nume": "COLEGIUL TEHNIC TURDA\tCluj"}