{"specializari": {"TEHNICIAN ELECTROMECANIC": 5, "TEHNICIAN IN INDUSTRIA ALIMENTARA": 5, "TEHNICIAN ECOLOG SI PROTECTIA CALITATII MEDIULUI": 4, "TEHNICIAN CHIMIST DE LABORATOR": 1, "TEHNICIAN ELECTROTEHNIST": 5, "TEHNICIAN IN PRELUCRAREA LEMNULUI": 1, "TEHNICIAN IN INSTALATII ELECTRICE": 3}, "limba_moderna": {"LIMBA ENGLEZA": 22, "LIMBA FRANCEZA": 2}, "limba_materna": {"LIMBA ROMANA": 24}, "promotie_anterioara": {"NU": 4, "DA": 20}, "materii": {"LIMBA ROMANA": {"medie": 5.254545454545454, "reusita": 62.5, "cnt": 24}, "BIOLOGIE VEGETALA SI ANIMALA": {"medie": 4.925, "reusita": 50.0, "cnt": 4}, "GENERAL": {"medie": 5.1341269841269845, "reusita": 29.166666666666668, "cnt": 24}, "ANATOMIE SI FIZIOLOGIE UMANA, GENETICA SI ECOLOGIE UMANA": {"medie": 5.883333333333333, "reusita": 83.33333333333334, "cnt": 6}, "MATEMATICA TEHN": {"medie": 4.656818181818182, "reusita": 58.333333333333336, "cnt": 24}, "FIZICA TEH": {"medie": 6.033333333333334, "reusita": 100.0, "cnt": 3}, "CHIMIE ANORGANICA TEH NIVEL I/II": {"medie": 5.069999999999999, "reusita": 72.72727272727273, "cnt": 11}}, "nume": "COLEGIUL TEHNIC \"LETEA\" BACAU\tBac\u0103u"}