{"specializari": {"INVATATOR - EDUCATOARE": 32, "MATEMATICA-INFORMATICA": 52, "FILOLOGIE": 33, "TEOLOGIE ORTODOXA": 29}, "limba_moderna": {"LIMBA ENGLEZA": 146}, "limba_materna": {"LIMBA ROMANA": 146}, "promotie_anterioara": {"NU": 141, "DA": 5}, "materii": {"LIMBA ROMANA": {"medie": 7.874657534246577, "reusita": 93.83561643835617, "cnt": 146}, "MATEMATICA MATE-INFO": {"medie": 8.396153846153847, "reusita": 100.0, "cnt": 52}, "BIOLOGIE VEGETALA SI ANIMALA": {"medie": 8.915714285714287, "reusita": 100.0, "cnt": 35}, "GENERAL": {"medie": 8.011986301369863, "reusita": 89.72602739726028, "cnt": 146}, "INFORMATICA MI C/C++": {"medie": 8.5, "reusita": 100.0, "cnt": 1}, "ISTORIE": {"medie": 6.925000000000002, "reusita": 88.70967741935483, "cnt": 62}, "GEOGRAFIE": {"medie": 7.791874999999997, "reusita": 92.5, "cnt": 80}, "PSIHOLOGIE": {"medie": 8.25, "reusita": 100.0, "cnt": 4}, "ANATOMIE SI FIZIOLOGIE UMANA, GENETICA SI ECOLOGIE UMANA": {"medie": 9.580000000000002, "reusita": 100.0, "cnt": 15}, "FIZICA TEO": {"medie": 6.95, "reusita": 100.0, "cnt": 1}, "FILOSOFIE": {"medie": 8.333333333333334, "reusita": 100.0, "cnt": 3}, "MATEMATICA PED": {"medie": 8.709375000000001, "reusita": 100.0, "cnt": 32}, "SOCIOLOGIE": {"medie": 8.907142857142857, "reusita": 100.0, "cnt": 7}}, "nume": "COLEGIUL NATIONAL PEDAGOGIC \"CARMEN SYLVA\" TIMISOARA\tTimi\u0219"}