{"specializari": {"MATEMATICA-INFORMATICA": 135, "STIINTE SOCIALE": 36}, "limba_moderna": {"LIMBA ENGLEZA": 168, "LIMBA SPANIOLA": 2, "LIMBA FRANCEZA": 1}, "limba_materna": {"LIMBA ROMANA": 171}, "promotie_anterioara": {"NU": 167, "DA": 4}, "materii": {"LIMBA ROMANA": {"medie": 7.876023391812865, "reusita": 100.0, "cnt": 171}, "MATEMATICA MATE-INFO": {"medie": 8.382222222222225, "reusita": 99.25925925925925, "cnt": 135}, "BIOLOGIE VEGETALA SI ANIMALA": {"medie": 8.197272727272727, "reusita": 98.18181818181819, "cnt": 55}, "GENERAL": {"medie": 8.123879142300195, "reusita": 96.49122807017544, "cnt": 171}, "CHIMIE ORGANICA TEO NIVEL I/II": {"medie": 8.515625, "reusita": 100.0, "cnt": 16}, "INFORMATICA MI C/C++": {"medie": 8.155319148936169, "reusita": 97.87234042553192, "cnt": 47}, "ISTORIE": {"medie": 7.806944444444446, "reusita": 100.0, "cnt": 36}, "GEOGRAFIE": {"medie": 9.05, "reusita": 100.0, "cnt": 8}, "PSIHOLOGIE": {"medie": 8.95, "reusita": 100.0, "cnt": 2}, "ANATOMIE SI FIZIOLOGIE UMANA, GENETICA SI ECOLOGIE UMANA": {"medie": 9.1, "reusita": 100.0, "cnt": 3}, "FIZICA TEO": {"medie": 6.992857142857143, "reusita": 92.85714285714286, "cnt": 14}, "FILOSOFIE": {"medie": 9.2, "reusita": 100.0, "cnt": 2}, "ECONOMIE": {"medie": 8.173684210526316, "reusita": 100.0, "cnt": 19}, "LOGICA, ARGUMENTARE SI COMUNICARE": {"medie": 9.666666666666666, "reusita": 100.0, "cnt": 3}, "SOCIOLOGIE": {"medie": 9.75, "reusita": 100.0, "cnt": 2}}, "nume": "COLEGIUL NATIONAL \"CANTEMIR VODA\"\tBucure\u0219ti"}