{"specializari": {"TEHNICIAN MECANIC PENTRU INTRETINERE SI REPARATII": 22, "TEHNICIAN IN ADMINISTRATIE": 9, "TEHNICIAN DESENATOR PENTRU CONSTRUCTII SI INSTALATII": 10, "TEHNICIAN PROIECTANT CAD": 10, "TEHNICIAN MECATRONIST": 5, "TEHNICIAN IN CONSTRUCTII SI LUCRARI PUBLICE": 5}, "limba_moderna": {"LIMBA ENGLEZA": 54, "LIMBA FRANCEZA": 7}, "limba_materna": {"LIMBA ROMANA": 61}, "promotie_anterioara": {"NU": 31, "DA": 30}, "materii": {"LIMBA ROMANA": {"medie": 5.17844827586207, "reusita": 63.934426229508205, "cnt": 61}, "BIOLOGIE VEGETALA SI ANIMALA": {"medie": 3.590789473684211, "reusita": 22.5, "cnt": 40}, "GENERAL": {"medie": 4.479473684210527, "reusita": 11.475409836065573, "cnt": 61}, "GEOGRAFIE": {"medie": 7.030000000000001, "reusita": 66.66666666666666, "cnt": 6}, "MATEMATICA TEHN": {"medie": 4.288421052631579, "reusita": 47.540983606557376, "cnt": 61}, "FIZICA TEH": {"medie": 3.2428571428571433, "reusita": 28.57142857142857, "cnt": 7}, "ECONOMIE": {"medie": 2.766666666666667, "reusita": 0.0, "cnt": 3}, "CHIMIE ANORGANICA TEH NIVEL I/II": {"medie": 5.09, "reusita": 60.0, "cnt": 5}}, "nume": "COLEGIUL TEHNIC \"MIRCEA CEL BATRAN\"\tBucure\u0219ti"}