{"specializari": {"STIINTE ALE NATURII": 60, "TEHNICIAN IN AUTOMATIZARI": 29, "STIINTE SOCIALE": 33, "TEHNICIAN IN CONSTRUCTII SI LUCRARI PUBLICE": 10, "TEHNICIAN TRANSPORTURI": 17, "MATEMATICA-INFORMATICA": 57, "TEHNICIAN IN TURISM": 61, "TEHNICIAN IN HOTELARIE": 29, "FILOLOGIE": 32, "TEHNICIAN IN ACTIVITATI ECONOMICE": 31, "TEHNICIAN DESIGNER VESTIMENTAR": 3, "LICEU CU PROGRAM SPORTIV": 1, "TEHNICIAN IN ACTIVITATI DE COMERT": 4, "TEHNICIAN IN ADMINISTRATIE": 3, "TEHNICIAN MECATRONIST": 1, "TEHNICIAN PRODUCTIE FILM SI TELEVIZIUNE": 1}, "limba_moderna": {"LIMBA ENGLEZA": 296, "LIMBA FRANCEZA": 76}, "limba_materna": {"LIMBA ROMANA": 372}, "promotie_anterioara": {"NU": 329, "DA": 43}, "materii": {"LIMBA ROMANA": {"medie": 6.776527777777778, "reusita": 88.17204301075269, "cnt": 372}, "MATEMATICA MATE-INFO": {"medie": 8.245614035087716, "reusita": 96.49122807017544, "cnt": 57}, "BIOLOGIE VEGETALA SI ANIMALA": {"medie": 5.352040816326531, "reusita": 64.91228070175438, "cnt": 57}, "GENERAL": {"medie": 7.206824512534822, "reusita": 79.83870967741935, "cnt": 372}, "CHIMIE ORGANICA TEO NIVEL I/II": {"medie": 9.083333333333334, "reusita": 100.0, "cnt": 3}, "INFORMATICA MI C/C++": {"medie": 8.742857142857144, "reusita": 100.0, "cnt": 7}, "CHIMIE ANORGANICA TEO NIVEL I/II": {"medie": 8.566666666666668, "reusita": 100.0, "cnt": 3}, "ISTORIE": {"medie": 7.668181818181819, "reusita": 100.0, "cnt": 66}, "GEOGRAFIE": {"medie": 7.934821428571429, "reusita": 98.24561403508771, "cnt": 171}, "MATEMATICA ST-NAT": {"medie": 7.010000000000001, "reusita": 98.33333333333333, "cnt": 60}, "ANATOMIE SI FIZIOLOGIE UMANA, GENETICA SI ECOLOGIE UMANA": {"medie": 8.193689320388346, "reusita": 99.02912621359224, "cnt": 103}, "FIZICA TEO": {"medie": 9.05, "reusita": 100.0, "cnt": 1}, "FILOSOFIE": {"medie": 7.5, "reusita": 100.0, "cnt": 1}, "MATEMATICA TEHN": {"medie": 6.464325842696631, "reusita": 85.18518518518519, "cnt": 189}, "FIZICA TEH": {"medie": 4.8999999999999995, "reusita": 66.66666666666666, "cnt": 3}, "ECONOMIE": {"medie": 9.25, "reusita": 100.0, "cnt": 2}, "LOGICA, ARGUMENTARE SI COMUNICARE": {"medie": 9.59, "reusita": 100.0, "cnt": 20}, "CHIMIE ANORGANICA TEH NIVEL I/II": {"medie": 5.0, "reusita": 100.0, "cnt": 1}}, "nume": "COLEGIUL \"ALEXANDRU CEL BUN\" GURA HUMORULUI\tSuceava"}