{"specializari": {"TEHNICIAN OPERATOR TEHNICA DE CALCUL": 24, "TEHNICIAN MECANIC PENTRU INTRETINERE SI REPARATII": 5, "TEHNICIAN ECOLOG SI PROTECTIA CALITATII MEDIULUI": 6, "TEHNICIAN TRANSPORTURI": 29, "TEHNICIAN INSTALATOR PENTRU CONSTRUCTII": 16, "TEHNICIAN DE TELECOMUNICATII": 9, "TEHNICIAN IN INSTALATII ELECTRICE": 27, "TEHNICIAN ELECTROTEHNIST": 3, "TEHNICIAN IN CONSTRUCTII SI LUCRARI PUBLICE": 3, "TEHNICIAN ELECTROMECANIC": 7, "TEHNICIAN MECATRONIST": 2, "TEHNICIAN CHIMIST DE LABORATOR": 1, "TEHNICIAN IN INDUSTRIA ALIMENTARA": 1, "TEHNICIAN IN AUTOMATIZARI": 2, "TEHNICIAN ANALIZE PRODUSE ALIMENTARE": 2}, "limba_moderna": {"LIMBA ENGLEZA": 131, "LIMBA FRANCEZA": 5, "LIMBA RUSA": 1}, "limba_materna": {"LIMBA ROMANA": 137}, "promotie_anterioara": {"NU": 91, "DA": 46}, "materii": {"LIMBA ROMANA": {"medie": 3.1361344537815143, "reusita": 24.817518248175183, "cnt": 137}, "BIOLOGIE VEGETALA SI ANIMALA": {"medie": 2.993150684931507, "reusita": 14.634146341463413, "cnt": 82}, "GENERAL": {"medie": 2.744339622641509, "reusita": 2.18978102189781, "cnt": 137}, "MATEMATICA TEHN": {"medie": 2.416071428571428, "reusita": 16.78832116788321, "cnt": 137}, "FIZICA TEH": {"medie": 1.9814285714285704, "reusita": 3.7735849056603774, "cnt": 53}, "CHIMIE ANORGANICA TEH NIVEL I/II": {"medie": 2.8, "reusita": 0.0, "cnt": 1}, "CHIMIE ORGANICA TEH NIVEL I/II": {"medie": 1.9, "reusita": 0.0, "cnt": 1}}, "nume": "COLEGIUL TEHNIC \"VICEAMIRAL IOAN BALANESCU\" GIURGIU\tGiurgiu"}