{"specializari": {"TEHNICIAN IN CONSTRUCTII SI LUCRARI PUBLICE": 2, "TEHNICIAN DESENATOR PENTRU CONSTRUCTII SI INSTALATII": 3, "TEHNICIAN MECATRONIST": 3, "TEHNICIAN INSTALATOR PENTRU CONSTRUCTII": 1}, "limba_moderna": {"LIMBA ENGLEZA": 7, "LIMBA FRANCEZA": 2}, "limba_materna": {"LIMBA ROMANA": 9}, "promotie_anterioara": {"NU": 5, "DA": 4}, "materii": {"LIMBA ROMANA": {"medie": 4.944444444444445, "reusita": 66.66666666666666, "cnt": 9}, "BIOLOGIE VEGETALA SI ANIMALA": {"medie": 5.0928571428571425, "reusita": 57.14285714285714, "cnt": 7}, "GENERAL": {"medie": 4.568518518518519, "reusita": 22.22222222222222, "cnt": 9}, "MATEMATICA TEHN": {"medie": 4.305555555555555, "reusita": 66.66666666666666, "cnt": 9}, "FIZICA TEH": {"medie": 2.225, "reusita": 0.0, "cnt": 2}}, "nume": "COLEGIUL \"ION MINCU\" DEVA\tHunedoara"}