{"specializari": {"MATEMATICA-INFORMATICA": 31, "TEHNICIAN MECANIC PENTRU INTRETINERE SI REPARATII": 2, "TEHNICIAN IN INSTALATII ELECTRICE": 13, "TEHNICIAN PROIECTANT CAD": 29, "TEHNICIAN MECATRONIST": 18, "TEHNICIAN AVIATIE": 29, "TEHNICIAN INSTALATII DE BORD (AVION)": 14, "TEHNICIAN PRELUCRARI MECANICE": 1}, "limba_moderna": {"LIMBA FRANCEZA": 11, "LIMBA ENGLEZA": 126}, "limba_materna": {"LIMBA ROMANA": 137}, "promotie_anterioara": {"DA": 79, "NU": 58}, "materii": {"LIMBA ROMANA": {"medie": 5.559629629629629, "reusita": 74.45255474452554, "cnt": 137}, "MATEMATICA MATE-INFO": {"medie": 5.164516129032258, "reusita": 67.74193548387096, "cnt": 31}, "BIOLOGIE VEGETALA SI ANIMALA": {"medie": 4.70648148148148, "reusita": 54.054054054054056, "cnt": 111}, "GENERAL": {"medie": 5.075814536340853, "reusita": 26.277372262773724, "cnt": 137}, "INFORMATICA MI C/C++": {"medie": 5.65, "reusita": 100.0, "cnt": 4}, "ANATOMIE SI FIZIOLOGIE UMANA, GENETICA SI ECOLOGIE UMANA": {"medie": 5.05, "reusita": 50.0, "cnt": 2}, "MATEMATICA TEHN": {"medie": 5.131904761904762, "reusita": 62.264150943396224, "cnt": 106}, "FIZICA TEH": {"medie": 3.4666666666666672, "reusita": 26.666666666666668, "cnt": 15}, "CHIMIE ANORGANICA TEH NIVEL I/II": {"medie": 3.6999999999999997, "reusita": 33.33333333333333, "cnt": 3}, "CHIMIE ORGANICA TEH NIVEL I/II": {"medie": 3.65, "reusita": 50.0, "cnt": 2}}, "nume": "COLEGIUL TEHNIC DE AERONAUTICA \"HENRI COANDA\"\tBucure\u0219ti"}