{"specializari": {"LICEU CU PROGRAM SPORTIV": 29, "FILOLOGIE": 34, "MATEMATICA-INFORMATICA": 23}, "limba_moderna": {"LIMBA ENGLEZA": 85, "LIMBA FRANCEZA": 1}, "limba_materna": {"LIMBA ROMANA": 86}, "promotie_anterioara": {"NU": 73, "DA": 13}, "materii": {"LIMBA ROMANA": {"medie": 6.32732558139535, "reusita": 91.86046511627907, "cnt": 86}, "MATEMATICA MATE-INFO": {"medie": 4.865217391304348, "reusita": 65.21739130434783, "cnt": 23}, "BIOLOGIE VEGETALA SI ANIMALA": {"medie": 6.5, "reusita": 100.0, "cnt": 1}, "GENERAL": {"medie": 6.804844961240309, "reusita": 73.25581395348837, "cnt": 86}, "CHIMIE ANORGANICA TEO NIVEL I/II": {"medie": 2.8, "reusita": 0.0, "cnt": 1}, "ISTORIE": {"medie": 6.951587301587302, "reusita": 95.23809523809523, "cnt": 63}, "GEOGRAFIE": {"medie": 8.080434782608696, "reusita": 97.82608695652173, "cnt": 46}, "PSIHOLOGIE": {"medie": 6.49, "reusita": 100.0, "cnt": 5}, "ANATOMIE SI FIZIOLOGIE UMANA, GENETICA SI ECOLOGIE UMANA": {"medie": 7.777500000000002, "reusita": 100.0, "cnt": 20}, "FIZICA TEO": {"medie": 4.7, "reusita": 0.0, "cnt": 1}, "ECONOMIE": {"medie": 7.641666666666667, "reusita": 100.0, "cnt": 6}, "LOGICA, ARGUMENTARE SI COMUNICARE": {"medie": 8.575, "reusita": 100.0, "cnt": 2}, "SOCIOLOGIE": {"medie": 6.2375, "reusita": 75.0, "cnt": 4}}, "nume": "COLEGIUL NATIONAL \"EMIL RACOVITA\"\tBucure\u0219ti"}