{"specializari": {"TEHNICIAN IN GASTRONOMIE": 17, "TEHNICIAN DESIGNER VESTIMENTAR": 14, "COAFOR STILIST": 4, "TEHNICIAN OPERATOR TEHNICA DE CALCUL": 10, "TEHNICIAN IN INDUSTRIA TEXTILA": 5, "MATEMATICA-INFORMATICA": 1, "TEHNICIAN PROIECTANT CAD": 5, "TEHNICIAN OPERATOR PROCESARE TEXT IMAGINE": 1}, "limba_moderna": {"LIMBA FRANCEZA": 15, "LIMBA ENGLEZA": 42}, "limba_materna": {"LIMBA ROMANA": 57}, "promotie_anterioara": {"NU": 30, "DA": 27}, "materii": {"LIMBA ROMANA": {"medie": 5.618421052631579, "reusita": 80.7017543859649, "cnt": 57}, "MATEMATICA MATE-INFO": {"medie": 6.0, "reusita": 100.0, "cnt": 1}, "BIOLOGIE VEGETALA SI ANIMALA": {"medie": 4.16, "reusita": 34.78260869565217, "cnt": 23}, "GENERAL": {"medie": 5.710576923076922, "reusita": 35.08771929824561, "cnt": 57}, "GEOGRAFIE": {"medie": 7.027777777777778, "reusita": 88.88888888888889, "cnt": 18}, "ANATOMIE SI FIZIOLOGIE UMANA, GENETICA SI ECOLOGIE UMANA": {"medie": 6.574999999999999, "reusita": 100.0, "cnt": 2}, "MATEMATICA TEHN": {"medie": 5.870754716981132, "reusita": 75.0, "cnt": 56}, "FIZICA TEH": {"medie": 3.5099999999999993, "reusita": 40.0, "cnt": 5}, "LOGICA, ARGUMENTARE SI COMUNICARE": {"medie": 8.049999999999999, "reusita": 100.0, "cnt": 3}, "CHIMIE ANORGANICA TEH NIVEL I/II": {"medie": 6.108333333333333, "reusita": 66.66666666666666, "cnt": 6}}, "nume": "COLEGIUL TEHNIC \"IOAN C. STEFANESCU\", IASI\tIa\u0219i"}