{"specializari": {"TEHNICIAN IN ACTIVITATI ECONOMICE": 85, "TEHNICIAN IN ACTIVITATI DE COMERT": 33, "TEHNICIAN IN TURISM": 31, "TEHNICIAN IN GASTRONOMIE": 58, "TEHNICIAN IN ADMINISTRATIE": 21}, "limba_moderna": {"LIMBA ENGLEZA": 215, "LIMBA FRANCEZA": 13}, "limba_materna": {"LIMBA ROMANA": 228}, "promotie_anterioara": {"NU": 208, "DA": 20}, "materii": {"LIMBA ROMANA": {"medie": 6.751106194690263, "reusita": 93.42105263157895, "cnt": 228}, "GENERAL": {"medie": 7.487723214285714, "reusita": 83.77192982456141, "cnt": 228}, "GEOGRAFIE": {"medie": 7.681188118811878, "reusita": 95.63106796116504, "cnt": 206}, "MATEMATICA TEHN": {"medie": 8.11, "reusita": 93.85964912280701, "cnt": 228}, "ECONOMIE": {"medie": 6.447727272727271, "reusita": 86.36363636363636, "cnt": 22}}, "nume": "COLEGIUL ECONOMIC \"GEORGE BARITIU\" SIBIU\tSibiu"}