{"specializari": {"FILOLOGIE": 32, "INVATATOR - EDUCATOARE": 25, "STIINTE ALE NATURII": 31, "STIINTE SOCIALE": 33, "MATEMATICA-INFORMATICA": 34}, "limba_moderna": {"LIMBA FRANCEZA": 44, "LIMBA ENGLEZA": 110, "LIMBA GERMANA MODERNA": 1}, "limba_materna": {"LIMBA ROMANA": 155}, "promotie_anterioara": {"NU": 155}, "materii": {"LIMBA ROMANA": {"medie": 7.73741935483871, "reusita": 99.35483870967742, "cnt": 155}, "MATEMATICA MATE-INFO": {"medie": 9.116176470588236, "reusita": 100.0, "cnt": 34}, "GENERAL": {"medie": 8.411935483870968, "reusita": 98.06451612903226, "cnt": 155}, "CHIMIE ORGANICA TEO NIVEL I/II": {"medie": 8.831818181818182, "reusita": 100.0, "cnt": 22}, "INFORMATICA MI C/C++": {"medie": 9.649999999999999, "reusita": 100.0, "cnt": 2}, "ISTORIE": {"medie": 7.929230769230769, "reusita": 100.0, "cnt": 65}, "GEOGRAFIE": {"medie": 8.654838709677419, "reusita": 100.0, "cnt": 31}, "PSIHOLOGIE": {"medie": 9.75, "reusita": 100.0, "cnt": 4}, "MATEMATICA ST-NAT": {"medie": 8.651612903225807, "reusita": 100.0, "cnt": 31}, "ANATOMIE SI FIZIOLOGIE UMANA, GENETICA SI ECOLOGIE UMANA": {"medie": 9.653571428571428, "reusita": 100.0, "cnt": 28}, "FIZICA TEO": {"medie": 7.923076923076923, "reusita": 100.0, "cnt": 13}, "FILOSOFIE": {"medie": 8.4, "reusita": 100.0, "cnt": 1}, "ECONOMIE": {"medie": 9.7, "reusita": 100.0, "cnt": 1}, "LOGICA, ARGUMENTARE SI COMUNICARE": {"medie": 8.777999999999999, "reusita": 100.0, "cnt": 50}, "MATEMATICA PED": {"medie": 9.524000000000001, "reusita": 100.0, "cnt": 25}, "SOCIOLOGIE": {"medie": 9.799999999999999, "reusita": 100.0, "cnt": 3}}, "nume": "COLEGIUL NATIONAL \"COSTACHE NEGRI\", LOCALITATEA GALATI\tGala\u021bi"}