{"specializari": {"MATEMATICA-INFORMATICA": 37, "TEHNICIAN IN ACTIVITATI ECONOMICE": 54, "TEHNICIAN DE TELECOMUNICATII": 22, "TEHNICIAN IN AUTOMATIZARI": 9, "TEHNICIAN IN INSTALATII ELECTRICE": 31, "TEHNICIAN ELECTROTEHNIST": 4, "TEHNICIAN ELECTRONIST": 1, "TEHNICIAN TRANSPORTURI": 2}, "limba_moderna": {"LIMBA ENGLEZA": 145, "LIMBA ITALIANA": 8, "LIMBA FRANCEZA": 6, "LIMBA GERMANA MODERNA": 1}, "limba_materna": {"LIMBA ROMANA": 160}, "promotie_anterioara": {"NU": 130, "DA": 30}, "materii": {"LIMBA ROMANA": {"medie": 6.02458064516129, "reusita": 85.625, "cnt": 160}, "MATEMATICA MATE-INFO": {"medie": 6.828378378378379, "reusita": 97.2972972972973, "cnt": 37}, "BIOLOGIE VEGETALA SI ANIMALA": {"medie": 4.233035714285713, "reusita": 29.508196721311474, "cnt": 61}, "GENERAL": {"medie": 6.518649237472767, "reusita": 58.75, "cnt": 160}, "INFORMATICA MI C/C++": {"medie": 6.918181818181819, "reusita": 95.45454545454545, "cnt": 22}, "GEOGRAFIE": {"medie": 7.953773584905658, "reusita": 100.0, "cnt": 53}, "PSIHOLOGIE": {"medie": 5.0, "reusita": 100.0, "cnt": 1}, "ANATOMIE SI FIZIOLOGIE UMANA, GENETICA SI ECOLOGIE UMANA": {"medie": 7.265384615384615, "reusita": 85.71428571428571, "cnt": 14}, "MATEMATICA TEHN": {"medie": 7.329752066115701, "reusita": 92.6829268292683, "cnt": 123}, "FIZICA TEH": {"medie": 4.442857142857143, "reusita": 50.0, "cnt": 8}, "CHIMIE ORGANICA TEH NIVEL I/II": {"medie": 9.4, "reusita": 100.0, "cnt": 1}}, "nume": "COLEGIUL TEHNIC \"INFOEL\" BISTRITA\tBistri\u021ba-N\u0103s\u0103ud"}