{"specializari": {"MATEMATICA-INFORMATICA": 61, "FILOLOGIE": 64, "STIINTE ALE NATURII": 98, "INVATATOR - EDUCATOARE": 60}, "limba_moderna": {"LIMBA ENGLEZA": 250, "LIMBA FRANCEZA": 32, "LIMBA GERMANA MODERNA": 1}, "limba_materna": {"LIMBA ROMANA": 283}, "promotie_anterioara": {"NU": 273, "DA": 10}, "materii": {"LIMBA ROMANA": {"medie": 7.9173144876325106, "reusita": 100.0, "cnt": 283}, "MATEMATICA MATE-INFO": {"medie": 7.844262295081968, "reusita": 98.36065573770492, "cnt": 61}, "BIOLOGIE VEGETALA SI ANIMALA": {"medie": 7.08, "reusita": 80.0, "cnt": 5}, "GENERAL": {"medie": 8.001531213191988, "reusita": 92.57950530035336, "cnt": 283}, "CHIMIE ORGANICA TEO NIVEL I/II": {"medie": 8.85, "reusita": 100.0, "cnt": 8}, "INFORMATICA MI C/C++": {"medie": 6.99375, "reusita": 100.0, "cnt": 8}, "ISTORIE": {"medie": 7.449218749999997, "reusita": 98.4375, "cnt": 64}, "GEOGRAFIE": {"medie": 8.84578947368421, "reusita": 100.0, "cnt": 95}, "PSIHOLOGIE": {"medie": 8.9, "reusita": 100.0, "cnt": 1}, "MATEMATICA ST-NAT": {"medie": 7.069897959183675, "reusita": 92.85714285714286, "cnt": 98}, "ANATOMIE SI FIZIOLOGIE UMANA, GENETICA SI ECOLOGIE UMANA": {"medie": 8.245955882352943, "reusita": 97.79411764705883, "cnt": 136}, "FIZICA TEO": {"medie": 6.925, "reusita": 100.0, "cnt": 2}, "ECONOMIE": {"medie": 10.0, "reusita": 100.0, "cnt": 1}, "LOGICA, ARGUMENTARE SI COMUNICARE": {"medie": 8.98529411764706, "reusita": 94.11764705882352, "cnt": 17}, "MATEMATICA PED": {"medie": 8.800833333333339, "reusita": 98.33333333333333, "cnt": 60}, "SOCIOLOGIE": {"medie": 6.709999999999999, "reusita": 80.0, "cnt": 10}}, "nume": "COLEGIUL NATIONAL PEDAGOGIC \"STEFAN VELOVAN\" CRAIOVA\tDolj"}