{"specializari": {"MATEMATICA-INFORMATICA": 23, "TEHNICIAN ELECTRICIAN/ELECTRONIST AUTO": 16, "TEHNICIAN MECATRONIST": 8, "TEHNICIAN IN AUTOMATIZARI": 20, "TEHNICIAN DESENATOR PENTRU CONSTRUCTII SI INSTALATII": 9, "TEHNICIAN IN INSTALATII ELECTRICE": 2, "TEHNICIAN PRELUCRARI MECANICE": 1}, "limba_moderna": {"LIMBA ENGLEZA": 77, "LIMBA FRANCEZA": 2}, "limba_materna": {"LIMBA ROMANA": 79}, "promotie_anterioara": {"NU": 56, "DA": 23}, "materii": {"LIMBA ROMANA": {"medie": 4.65, "reusita": 54.43037974683544, "cnt": 79}, "MATEMATICA MATE-INFO": {"medie": 3.7974999999999994, "reusita": 43.47826086956522, "cnt": 23}, "BIOLOGIE VEGETALA SI ANIMALA": {"medie": 3.5490384615384625, "reusita": 24.561403508771928, "cnt": 57}, "GENERAL": {"medie": 4.227777777777778, "reusita": 13.924050632911392, "cnt": 79}, "INFORMATICA MI C/C++": {"medie": 5.475, "reusita": 75.0, "cnt": 4}, "ANATOMIE SI FIZIOLOGIE UMANA, GENETICA SI ECOLOGIE UMANA": {"medie": 5.453846153846154, "reusita": 53.333333333333336, "cnt": 15}, "FIZICA TEO": {"medie": 2.425, "reusita": 0.0, "cnt": 2}, "MATEMATICA TEHN": {"medie": 4.325510204081632, "reusita": 50.0, "cnt": 56}, "FIZICA TEH": {"medie": 2.55, "reusita": 0.0, "cnt": 1}}, "nume": "COLEGIUL TEHNIC \"SAMUIL ISOPESCU\" SUCEAVA\tSuceava"}