{"specializari": {"TEHNICIAN IN ACTIVITATI ECONOMICE": 46, "TEHNICIAN DE TELECOMUNICATII": 3, "MATEMATICA-INFORMATICA": 1, "TEHNICIAN IN TURISM": 54, "TEHNICIAN IN INSTALATII ELECTRICE": 11, "TEHNICIAN IN AUTOMATIZARI": 24, "TEHNICIAN ELECTROTEHNIST": 19, "TEHNICIAN PROIECTANT CAD": 19, "TEHNICIAN IN ACTIVITATI DE COMERT": 6}, "limba_moderna": {"LIMBA ENGLEZA": 176, "LIMBA FRANCEZA": 7}, "limba_materna": {"LIMBA ROMANA": 183}, "promotie_anterioara": {"NU": 134, "DA": 49}, "materii": {"LIMBA ROMANA": {"medie": 5.261428571428572, "reusita": 69.39890710382514, "cnt": 183}, "MATEMATICA MATE-INFO": {"medie": 1.05, "reusita": 0.0, "cnt": 1}, "BIOLOGIE VEGETALA SI ANIMALA": {"medie": 4.008219178082191, "reusita": 32.0, "cnt": 75}, "GENERAL": {"medie": 5.372350674373796, "reusita": 32.240437158469945, "cnt": 183}, "GEOGRAFIE": {"medie": 6.59940476190476, "reusita": 86.66666666666667, "cnt": 90}, "PSIHOLOGIE": {"medie": 5.275, "reusita": 66.66666666666666, "cnt": 3}, "ANATOMIE SI FIZIOLOGIE UMANA, GENETICA SI ECOLOGIE UMANA": {"medie": 2.6, "reusita": 0.0, "cnt": 1}, "MATEMATICA TEHN": {"medie": 5.399710982658961, "reusita": 62.637362637362635, "cnt": 182}, "FIZICA TEH": {"medie": 5.2, "reusita": 100.0, "cnt": 1}, "ECONOMIE": {"medie": 6.426923076923076, "reusita": 100.0, "cnt": 13}}, "nume": "COLEGIUL TEHNIC \"EMANUIL UNGUREANU\" TIMISOARA\tTimi\u0219"}