{"specializari": {"TEHNICIAN PROIECTANT CAD": 24, "TEHNICIAN MECANIC PENTRU INTRETINERE SI REPARATII": 17, "TEHNICIAN ELECTROMECANIC": 13, "TEHNICIAN IN ACTIVITATI ECONOMICE": 28, "TEHNICIAN OPERATOR TEHNICA DE CALCUL": 27, "TEHNICIAN IN CONSTRUCTII SI LUCRARI PUBLICE": 4, "TEHNICIAN DESIGNER VESTIMENTAR": 10, "TEHNICIAN INSTALATOR PENTRU CONSTRUCTII": 2, "TEHNICIAN ELECTROTEHNIST": 10, "TEHNICIAN IN INDUSTRIA TEXTILA": 1, "TEHNICIAN IN INSTALATII ELECTRICE": 3, "MATEMATICA-INFORMATICA": 1, "TEHNICIAN PRELUCRARI LA CALD": 1}, "limba_moderna": {"LIMBA ENGLEZA": 138, "LIMBA FRANCEZA": 3}, "limba_materna": {"LIMBA ROMANA": 141}, "promotie_anterioara": {"NU": 112, "DA": 29}, "materii": {"LIMBA ROMANA": {"medie": 5.750000000000001, "reusita": 68.08510638297872, "cnt": 141}, "MATEMATICA MATE-INFO": {"medie": 1.0, "reusita": 0.0, "cnt": 1}, "BIOLOGIE VEGETALA SI ANIMALA": {"medie": 3.9825000000000004, "reusita": 36.76470588235294, "cnt": 68}, "GENERAL": {"medie": 6.300130208333333, "reusita": 46.808510638297875, "cnt": 141}, "GEOGRAFIE": {"medie": 8.719642857142858, "reusita": 100.0, "cnt": 28}, "FIZICA TEO": {"medie": 2.2, "reusita": 0.0, "cnt": 1}, "MATEMATICA TEHN": {"medie": 7.234732824427484, "reusita": 80.71428571428572, "cnt": 140}, "FIZICA TEH": {"medie": 6.237179487179487, "reusita": 75.0, "cnt": 40}, "CHIMIE ANORGANICA TEH NIVEL I/II": {"medie": 4.3, "reusita": 50.0, "cnt": 4}}, "nume": "COLEGIUL TEHNIC \"VICTOR UNGUREANU\" CAMPIA TURZII\tCluj"}