{"specializari": {"TEHNICIAN IN ACTIVITATI ECONOMICE": 49}, "limba_moderna": {"LIMBA ENGLEZA": 45, "LIMBA FRANCEZA": 4}, "limba_materna": {"LIMBA ROMANA": 49}, "promotie_anterioara": {"NU": 26, "DA": 23}, "materii": {"LIMBA ROMANA": {"medie": 4.262500000000001, "reusita": 48.97959183673469, "cnt": 49}, "GENERAL": {"medie": 4.3, "reusita": 10.204081632653061, "cnt": 49}, "GEOGRAFIE": {"medie": 6.118421052631579, "reusita": 59.183673469387756, "cnt": 49}, "MATEMATICA TEHN": {"medie": 2.619736842105263, "reusita": 22.448979591836736, "cnt": 49}}, "nume": "COLEGIUL PARTICULAR \"VASILE GOLDIS\" ARAD\tArad"}