{"specializari": {"MUZICA": 24, "ARTE PLASTICE SI DECORATIVE": 30, "ARHITECTURA, ARTE AMBIENTALE SI DESIGN": 32}, "limba_moderna": {"LIMBA ENGLEZA": 86}, "limba_materna": {"LIMBA ROMANA": 86}, "promotie_anterioara": {"NU": 84, "DA": 2}, "materii": {"LIMBA ROMANA": {"medie": 7.407058823529409, "reusita": 98.83720930232558, "cnt": 86}, "GENERAL": {"medie": 7.63012048192771, "reusita": 87.20930232558139, "cnt": 86}, "ISTORIE": {"medie": 7.322619047619047, "reusita": 94.18604651162791, "cnt": 86}, "GEOGRAFIE": {"medie": 8.011428571428572, "reusita": 100.0, "cnt": 35}, "PSIHOLOGIE": {"medie": 5.9, "reusita": 50.0, "cnt": 2}, "ECONOMIE": {"medie": 5.1, "reusita": 100.0, "cnt": 1}, "LOGICA, ARGUMENTARE SI COMUNICARE": {"medie": 8.280434782608696, "reusita": 95.83333333333334, "cnt": 48}}, "nume": "COLEGIUL DE ARTA \"CARMEN SYLVA\", MUNICIPIUL PLOIESTI\tPrahova"}