{"specializari": {"TEHNICIAN IN ACTIVITATI ECONOMICE": 39, "TEHNICIAN IN TURISM": 30, "ORGANIZATOR BANQUETING": 19, "TEHNICIAN ANALIZE PRODUSE ALIMENTARE": 26, "TEHNICIAN ECOLOG SI PROTECTIA CALITATII MEDIULUI": 25, "TEHNICIAN IN INDUSTRIA ALIMENTARA": 9, "TEHNICIAN VETERINAR": 14}, "limba_moderna": {"LIMBA FRANCEZA": 24, "LIMBA ENGLEZA": 137, "LIMBA RUSA": 1}, "limba_materna": {"LIMBA ROMANA": 162}, "promotie_anterioara": {"NU": 137, "DA": 25}, "materii": {"LIMBA ROMANA": {"medie": 6.148742138364782, "reusita": 86.41975308641975, "cnt": 162}, "BIOLOGIE VEGETALA SI ANIMALA": {"medie": 4.611458333333334, "reusita": 42.857142857142854, "cnt": 49}, "GENERAL": {"medie": 6.0405844155844175, "reusita": 48.76543209876543, "cnt": 162}, "GEOGRAFIE": {"medie": 7.8434523809523835, "reusita": 98.82352941176471, "cnt": 85}, "PSIHOLOGIE": {"medie": 7.9, "reusita": 100.0, "cnt": 1}, "ANATOMIE SI FIZIOLOGIE UMANA, GENETICA SI ECOLOGIE UMANA": {"medie": 6.158695652173913, "reusita": 64.0, "cnt": 25}, "MATEMATICA TEHN": {"medie": 5.353525641025641, "reusita": 66.66666666666666, "cnt": 162}, "ECONOMIE": {"medie": 6.575, "reusita": 100.0, "cnt": 2}}, "nume": "COLEGIUL \"ANDRONIC MOTRESCU\" RADAUTI\tSuceava"}