{"specializari": {"MATEMATICA-INFORMATICA": 135, "STIINTE ALE NATURII": 33, "FILOLOGIE": 69}, "limba_moderna": {"LIMBA ENGLEZA": 204, "LIMBA FRANCEZA": 33}, "limba_materna": {"LIMBA ROMANA": 237}, "promotie_anterioara": {"NU": 203, "DA": 34}, "materii": {"LIMBA ROMANA": {"medie": 7.087130801687764, "reusita": 97.8902953586498, "cnt": 237}, "MATEMATICA MATE-INFO": {"medie": 7.080000000000004, "reusita": 90.37037037037037, "cnt": 135}, "BIOLOGIE VEGETALA SI ANIMALA": {"medie": 6.6, "reusita": 100.0, "cnt": 1}, "GENERAL": {"medie": 7.240141843971637, "reusita": 74.26160337552743, "cnt": 237}, "CHIMIE ORGANICA TEO NIVEL I/II": {"medie": 8.685714285714285, "reusita": 100.0, "cnt": 7}, "INFORMATICA MI C/C++": {"medie": 8.433333333333334, "reusita": 100.0, "cnt": 3}, "CHIMIE ANORGANICA TEO NIVEL I/II": {"medie": 7.675, "reusita": 100.0, "cnt": 2}, "ISTORIE": {"medie": 7.0318840579710145, "reusita": 100.0, "cnt": 69}, "GEOGRAFIE": {"medie": 8.704761904761906, "reusita": 98.4126984126984, "cnt": 63}, "PSIHOLOGIE": {"medie": 7.35, "reusita": 100.0, "cnt": 2}, "MATEMATICA ST-NAT": {"medie": 4.9803030303030305, "reusita": 54.54545454545454, "cnt": 33}, "ANATOMIE SI FIZIOLOGIE UMANA, GENETICA SI ECOLOGIE UMANA": {"medie": 7.492692307692308, "reusita": 89.39393939393939, "cnt": 132}, "FIZICA TEO": {"medie": 6.5633333333333335, "reusita": 100.0, "cnt": 15}, "ECONOMIE": {"medie": 8.8, "reusita": 100.0, "cnt": 2}, "SOCIOLOGIE": {"medie": 6.050000000000001, "reusita": 100.0, "cnt": 2}, "INFORMATICA MI PASCAL": {"medie": 8.63125, "reusita": 100.0, "cnt": 8}}, "nume": "COLEGIUL NATIONAL \"ANASTASESCU\" ROSIORI DE VEDE\tTeleorman"}