{"specializari": {"FILOLOGIE": 95, "MATEMATICA-INFORMATICA": 83}, "limba_moderna": {"LIMBA ENGLEZA": 170, "LIMBA FRANCEZA": 5, "LIMBA SPANIOLA": 2, "LIMBA GERMANA MODERNA": 1}, "limba_materna": {"LIMBA ROMANA": 178}, "promotie_anterioara": {"NU": 178}, "materii": {"LIMBA ROMANA": {"medie": 8.390168539325844, "reusita": 99.43820224719101, "cnt": 178}, "MATEMATICA MATE-INFO": {"medie": 9.103614457831323, "reusita": 100.0, "cnt": 83}, "BIOLOGIE VEGETALA SI ANIMALA": {"medie": 8.283333333333333, "reusita": 100.0, "cnt": 3}, "GENERAL": {"medie": 8.84541198501873, "reusita": 98.87640449438202, "cnt": 178}, "CHIMIE ORGANICA TEO NIVEL I/II": {"medie": 9.16, "reusita": 100.0, "cnt": 5}, "INFORMATICA MI C/C++": {"medie": 9.226086956521739, "reusita": 100.0, "cnt": 46}, "ISTORIE": {"medie": 9.269473684210524, "reusita": 100.0, "cnt": 95}, "GEOGRAFIE": {"medie": 9.297058823529412, "reusita": 100.0, "cnt": 17}, "PSIHOLOGIE": {"medie": 9.1, "reusita": 100.0, "cnt": 9}, "ANATOMIE SI FIZIOLOGIE UMANA, GENETICA SI ECOLOGIE UMANA": {"medie": 8.560714285714287, "reusita": 100.0, "cnt": 14}, "FIZICA TEO": {"medie": 8.586666666666668, "reusita": 100.0, "cnt": 15}, "FILOSOFIE": {"medie": 9.700000000000001, "reusita": 100.0, "cnt": 3}, "ECONOMIE": {"medie": 7.7875, "reusita": 95.0, "cnt": 20}, "LOGICA, ARGUMENTARE SI COMUNICARE": {"medie": 9.481818181818182, "reusita": 100.0, "cnt": 11}, "SOCIOLOGIE": {"medie": 9.171428571428574, "reusita": 100.0, "cnt": 35}}, "nume": "COLEGIUL NATIONAL BILINGV \"GEORGE COSBUC\"\tBucure\u0219ti"}