{"specializari": {"TEHNICIAN IN TURISM": 30, "TEHNICIAN IN ACTIVITATI ECONOMICE": 87, "ORGANIZATOR BANQUETING": 23, "TEHNICIAN IN ACTIVITATI DE COMERT": 10, "TEHNICIAN IN INDUSTRIA TEXTILA": 1, "TEHNICIAN IN INDUSTRIA ALIMENTARA": 1}, "limba_moderna": {"LIMBA ENGLEZA": 148, "LIMBA FRANCEZA": 3, "LIMBA RUSA": 1}, "limba_materna": {"LIMBA ROMANA": 152}, "promotie_anterioara": {"NU": 124, "DA": 28}, "materii": {"LIMBA ROMANA": {"medie": 6.172260273972603, "reusita": 81.57894736842105, "cnt": 152}, "BIOLOGIE VEGETALA SI ANIMALA": {"medie": 2.8, "reusita": 0.0, "cnt": 1}, "GENERAL": {"medie": 6.6530516431924855, "reusita": 57.23684210526315, "cnt": 152}, "GEOGRAFIE": {"medie": 7.174113475177305, "reusita": 85.8108108108108, "cnt": 148}, "MATEMATICA TEHN": {"medie": 6.440625, "reusita": 71.05263157894737, "cnt": 152}, "ECONOMIE": {"medie": 9.6, "reusita": 100.0, "cnt": 2}, "CHIMIE ANORGANICA TEH NIVEL I/II": {"medie": 3.0, "reusita": 0.0, "cnt": 1}}, "nume": "COLEGIUL ECONOMIC \"EMANUIL GOJDU\" HUNEDOARA\tHunedoara"}