{"specializari": {"MATEMATICA-INFORMATICA": 3, "STIINTE SOCIALE": 3}, "limba_moderna": {"LIMBA ENGLEZA": 6}, "limba_materna": {"LIMBA ROMANA": 6}, "promotie_anterioara": {"NU": 6}, "materii": {"LIMBA ROMANA": {"medie": 7.425000000000001, "reusita": 100.0, "cnt": 6}, "MATEMATICA MATE-INFO": {"medie": 8.950000000000001, "reusita": 100.0, "cnt": 3}, "GENERAL": {"medie": 8.258333333333333, "reusita": 100.0, "cnt": 6}, "ISTORIE": {"medie": 9.233333333333333, "reusita": 100.0, "cnt": 3}, "GEOGRAFIE": {"medie": 9.35, "reusita": 100.0, "cnt": 2}, "PSIHOLOGIE": {"medie": 9.7, "reusita": 100.0, "cnt": 1}, "FIZICA TEO": {"medie": 7.05, "reusita": 100.0, "cnt": 3}}, "nume": "COMPLEXUL EDUCATIONAL LAUDE-REUT\tBucure\u0219ti"}