{"specializari": {"FILOLOGIE": 43, "TEHNICIAN IN TURISM": 72}, "limba_moderna": {"LIMBA ENGLEZA": 100, "LIMBA FRANCEZA": 15}, "limba_materna": {"LIMBA ROMANA": 115}, "promotie_anterioara": {"NU": 50, "DA": 65}, "materii": {"LIMBA ROMANA": {"medie": 5.565486725663719, "reusita": 79.13043478260869, "cnt": 115}, "GENERAL": {"medie": 6.099382716049383, "reusita": 40.0, "cnt": 115}, "ISTORIE": {"medie": 6.96860465116279, "reusita": 100.0, "cnt": 43}, "GEOGRAFIE": {"medie": 7.193577981651374, "reusita": 92.92035398230088, "cnt": 113}, "PSIHOLOGIE": {"medie": 5.325, "reusita": 100.0, "cnt": 2}, "MATEMATICA TEHN": {"medie": 4.538805970149254, "reusita": 55.55555555555556, "cnt": 72}}, "nume": "COMPLEXUL SCOLAR \"CRONOS\"\tBucure\u0219ti"}