{"specializari": {"FILOLOGIE": 9}, "limba_moderna": {"LIMBA ENGLEZA": 9}, "limba_materna": {"LIMBA ROMANA": 9}, "promotie_anterioara": {"NU": 9}, "materii": {"LIMBA ROMANA": {"medie": 3.2357142857142853, "reusita": 11.11111111111111, "cnt": 9}, "GENERAL": {"medie": 4.438888888888889, "reusita": 0.0, "cnt": 9}, "ISTORIE": {"medie": 4.885714285714285, "reusita": 44.44444444444444, "cnt": 9}, "GEOGRAFIE": {"medie": 5.708333333333333, "reusita": 55.55555555555556, "cnt": 9}}, "nume": "FUNDATIA CULTURAL UMANITARA HENRI COANDA ORADEA-SCOALA POSTLICEALA HENRI COANDA ORADEA\tBihor"}