{"specializari": {"MATEMATICA-INFORMATICA": 1}, "limba_moderna": {"LIMBA ENGLEZA": 1}, "limba_materna": {"LIMBA ROMANA": 1}, "promotie_anterioara": {"DA": 1}, "materii": {"LIMBA ROMANA": {"medie": 6.15, "reusita": 100.0, "cnt": 1}, "MATEMATICA MATE-INFO": {"medie": 5.3, "reusita": 100.0, "cnt": 1}, "GENERAL": {"medie": 4.95, "reusita": 0.0, "cnt": 1}, "ANATOMIE SI FIZIOLOGIE UMANA, GENETICA SI ECOLOGIE UMANA": {"medie": 3.4, "reusita": 0.0, "cnt": 1}}, "nume": "GRADINITA SFANTUL ANDREI\tBucure\u0219ti"}