{"specializari": {"TEHNICIAN MECANIC PENTRU INTRETINERE SI REPARATII": 1, "COAFOR STILIST": 1}, "limba_moderna": {"LIMBA ENGLEZA": 2}, "limba_materna": {"LIMBA ROMANA": 2}, "promotie_anterioara": {"DA": 1, "NU": 1}, "materii": {"LIMBA ROMANA": {"medie": 6.45, "reusita": 100.0, "cnt": 2}, "BIOLOGIE VEGETALA SI ANIMALA": {"medie": 1.9, "reusita": 0.0, "cnt": 1}, "GENERAL": {"medie": 6.225, "reusita": 50.0, "cnt": 2}, "GEOGRAFIE": {"medie": 9.25, "reusita": 100.0, "cnt": 1}, "MATEMATICA TEHN": {"medie": 6.65, "reusita": 100.0, "cnt": 2}}, "nume": "GRUP SCOLAR DE ARTE SI MESERII \"SPIRU HARET\" IASI\tIa\u0219i"}