{"specializari": {"TEHNICIAN ECOLOG SI PROTECTIA CALITATII MEDIULUI": 21, "TEHNICIAN HIDRO-METEOROLOG": 29, "TEHNICIAN IN ACTIVITATI ECONOMICE": 5, "TEHNICIAN IN AGRICULTURA": 51, "STIINTE ALE NATURII": 1}, "limba_moderna": {"LIMBA ENGLEZA": 107}, "limba_materna": {"LIMBA ROMANA": 107}, "promotie_anterioara": {"DA": 37, "NU": 70}, "materii": {"LIMBA ROMANA": {"medie": 4.930808080808081, "reusita": 59.813084112149525, "cnt": 107}, "BIOLOGIE VEGETALA SI ANIMALA": {"medie": 4.760897435897437, "reusita": 48.148148148148145, "cnt": 81}, "GENERAL": {"medie": 5.139518900343644, "reusita": 15.887850467289718, "cnt": 107}, "GEOGRAFIE": {"medie": 6.29, "reusita": 100.0, "cnt": 5}, "MATEMATICA ST-NAT": {"medie": 5.8, "reusita": 100.0, "cnt": 1}, "ANATOMIE SI FIZIOLOGIE UMANA, GENETICA SI ECOLOGIE UMANA": {"medie": 6.263333333333332, "reusita": 72.22222222222221, "cnt": 18}, "MATEMATICA TEHN": {"medie": 5.2722772277227685, "reusita": 67.9245283018868, "cnt": 106}, "CHIMIE ANORGANICA TEH NIVEL I/II": {"medie": 7.7, "reusita": 100.0, "cnt": 3}}, "nume": "LICEUL AGRICOL POARTA ALBA\tConstan\u021ba"}