{"specializari": {"LICEU CU PROGRAM SPORTIV": 85, "FILOLOGIE": 23}, "limba_moderna": {"LIMBA ENGLEZA": 97, "LIMBA FRANCEZA": 11}, "limba_materna": {"LIMBA ROMANA": 108}, "promotie_anterioara": {"NU": 99, "DA": 9}, "materii": {"LIMBA ROMANA": {"medie": 5.842788461538461, "reusita": 83.33333333333334, "cnt": 108}, "GENERAL": {"medie": 6.368151815181521, "reusita": 62.03703703703704, "cnt": 108}, "ISTORIE": {"medie": 5.754368932038837, "reusita": 86.11111111111111, "cnt": 108}, "GEOGRAFIE": {"medie": 7.451515151515154, "reusita": 91.34615384615384, "cnt": 104}, "PSIHOLOGIE": {"medie": 7.45, "reusita": 100.0, "cnt": 3}, "SOCIOLOGIE": {"medie": 7.85, "reusita": 100.0, "cnt": 1}}, "nume": "LICEUL CU PROGRAM SPORTIV\tBr\u0103ila"}