{"specializari": {"LICEU CU PROGRAM SPORTIV": 89}, "limba_moderna": {"LIMBA ENGLEZA": 76, "LIMBA FRANCEZA": 13}, "limba_materna": {"LIMBA ROMANA": 89}, "promotie_anterioara": {"NU": 79, "DA": 10}, "materii": {"LIMBA ROMANA": {"medie": 5.4581395348837205, "reusita": 74.15730337078652, "cnt": 89}, "GENERAL": {"medie": 6.515447154471545, "reusita": 58.42696629213483, "cnt": 89}, "ISTORIE": {"medie": 6.292528735632182, "reusita": 91.01123595505618, "cnt": 89}, "GEOGRAFIE": {"medie": 7.779761904761903, "reusita": 96.55172413793103, "cnt": 87}, "FILOSOFIE": {"medie": 5.65, "reusita": 100.0, "cnt": 2}}, "nume": "LICEUL CU PROGRAM SPORTIV FOCSANI\tVrancea"}