{"specializari": {"MATEMATICA-INFORMATICA": 30, "TEHNICIAN IN ACTIVITATI ECONOMICE": 21, "TEHNICIAN IN AGRICULTURA": 16, "TEHNICIAN MECANIC PENTRU INTRETINERE SI REPARATII": 10, "STIINTE SOCIALE": 14, "TEHNICIAN IN CONSTRUCTII SI LUCRARI PUBLICE": 3}, "limba_moderna": {"LIMBA ENGLEZA": 93, "LIMBA FRANCEZA": 1}, "limba_materna": {"LIMBA ROMANA": 94}, "promotie_anterioara": {"NU": 53, "DA": 41}, "materii": {"LIMBA ROMANA": {"medie": 5.05505617977528, "reusita": 63.829787234042556, "cnt": 94}, "MATEMATICA MATE-INFO": {"medie": 6.358620689655171, "reusita": 93.33333333333333, "cnt": 30}, "BIOLOGIE VEGETALA SI ANIMALA": {"medie": 5.1638888888888905, "reusita": 55.26315789473685, "cnt": 38}, "GENERAL": {"medie": 5.153831417624522, "reusita": 15.957446808510639, "cnt": 94}, "INFORMATICA MI C/C++": {"medie": 5.0, "reusita": 100.0, "cnt": 1}, "ISTORIE": {"medie": 6.200000000000001, "reusita": 100.0, "cnt": 14}, "GEOGRAFIE": {"medie": 6.042424242424242, "reusita": 84.84848484848484, "cnt": 33}, "PSIHOLOGIE": {"medie": 6.85, "reusita": 100.0, "cnt": 1}, "ANATOMIE SI FIZIOLOGIE UMANA, GENETICA SI ECOLOGIE UMANA": {"medie": 6.871428571428572, "reusita": 85.71428571428571, "cnt": 7}, "MATEMATICA TEHN": {"medie": 3.9369565217391314, "reusita": 44.0, "cnt": 50}, "FIZICA TEH": {"medie": 2.0999999999999996, "reusita": 9.090909090909092, "cnt": 11}, "ECONOMIE": {"medie": 5.3, "reusita": 100.0, "cnt": 1}, "CHIMIE ANORGANICA TEH NIVEL I/II": {"medie": 3.45, "reusita": 0.0, "cnt": 2}}, "nume": "LICEUL COBADIN\tConstan\u021ba"}