{"specializari": {"LICEU CU PROGRAM SPORTIV": 86}, "limba_moderna": {"LIMBA ENGLEZA": 86}, "limba_materna": {"LIMBA ROMANA": 86}, "promotie_anterioara": {"DA": 35, "NU": 51}, "materii": {"LIMBA ROMANA": {"medie": 4.960000000000001, "reusita": 66.27906976744185, "cnt": 86}, "GENERAL": {"medie": 5.720934959349592, "reusita": 38.372093023255815, "cnt": 86}, "ISTORIE": {"medie": 5.557647058823529, "reusita": 81.3953488372093, "cnt": 86}, "GEOGRAFIE": {"medie": 6.577710843373493, "reusita": 88.23529411764706, "cnt": 85}, "LOGICA, ARGUMENTARE SI COMUNICARE": {"medie": 9.2, "reusita": 100.0, "cnt": 1}}, "nume": "LICEUL CU PROGRAM SPORTIV BACAU\tBac\u0103u"}