{"specializari": {"LICEU CU PROGRAM SPORTIV": 109}, "limba_moderna": {"LIMBA ENGLEZA": 108, "LIMBA FRANCEZA": 1}, "limba_materna": {"LIMBA ROMANA": 109}, "promotie_anterioara": {"NU": 75, "DA": 34}, "materii": {"LIMBA ROMANA": {"medie": 4.70801886792453, "reusita": 59.63302752293578, "cnt": 109}, "GENERAL": {"medie": 5.553968253968255, "reusita": 28.440366972477065, "cnt": 109}, "ISTORIE": {"medie": 5.3467889908256865, "reusita": 78.89908256880734, "cnt": 109}, "GEOGRAFIE": {"medie": 6.6212264150943385, "reusita": 90.65420560747664, "cnt": 107}, "FILOSOFIE": {"medie": 5.2, "reusita": 100.0, "cnt": 1}, "LOGICA, ARGUMENTARE SI COMUNICARE": {"medie": 7.2, "reusita": 100.0, "cnt": 1}}, "nume": "LICEUL CU PROGRAM SPORTIV BOTOSANI\tBoto\u0219ani"}