{"specializari": {"MATEMATICA-INFORMATICA": 60, "STIINTE ALE NATURII": 43, "FILOLOGIE": 34, "STIINTE SOCIALE": 38, "TEHNICIAN MECATRONIST": 36, "TEHNICIAN IN INSTALATII ELECTRICE": 45, "TEHNICIAN MECANIC PENTRU INTRETINERE SI REPARATII": 22, "TEHNICIAN ECOLOG SI PROTECTIA CALITATII MEDIULUI": 35, "TEHNICIAN IN CONSTRUCTII SI LUCRARI PUBLICE": 20, "TEHNICIAN IN INDUSTRIA TEXTILA": 21, "TEHNICIAN AGROMONTAN": 3, "TEHNICIAN ELECTROTEHNIST": 11}, "limba_moderna": {"LIMBA ENGLEZA": 321, "LIMBA FRANCEZA": 47}, "limba_materna": {"LIMBA ROMANA": 368}, "promotie_anterioara": {"NU": 301, "DA": 67}, "materii": {"LIMBA ROMANA": {"medie": 6.093502824858759, "reusita": 74.45652173913044, "cnt": 368}, "MATEMATICA MATE-INFO": {"medie": 7.778333333333333, "reusita": 96.66666666666667, "cnt": 60}, "BIOLOGIE VEGETALA SI ANIMALA": {"medie": 4.00390625, "reusita": 36.55172413793103, "cnt": 145}, "GENERAL": {"medie": 5.881561302681993, "reusita": 49.184782608695656, "cnt": 368}, "CHIMIE ANORGANICA TEO NIVEL I/II": {"medie": 8.6, "reusita": 100.0, "cnt": 1}, "ISTORIE": {"medie": 6.934722222222222, "reusita": 97.22222222222221, "cnt": 72}, "GEOGRAFIE": {"medie": 7.894262295081967, "reusita": 100.0, "cnt": 61}, "PSIHOLOGIE": {"medie": 8.1, "reusita": 100.0, "cnt": 1}, "MATEMATICA ST-NAT": {"medie": 5.6767441860465135, "reusita": 79.06976744186046, "cnt": 43}, "ANATOMIE SI FIZIOLOGIE UMANA, GENETICA SI ECOLOGIE UMANA": {"medie": 7.347916666666664, "reusita": 90.83333333333333, "cnt": 120}, "FIZICA TEO": {"medie": 8.377272727272727, "reusita": 100.0, "cnt": 11}, "MATEMATICA TEHN": {"medie": 3.8414772727272744, "reusita": 37.30569948186528, "cnt": 193}, "FIZICA TEH": {"medie": 2.6611111111111114, "reusita": 10.0, "cnt": 10}, "ECONOMIE": {"medie": 5.7, "reusita": 100.0, "cnt": 1}, "SOCIOLOGIE": {"medie": 6.955555555555555, "reusita": 88.88888888888889, "cnt": 9}, "INFORMATICA MI PASCAL": {"medie": 8.142857142857142, "reusita": 100.0, "cnt": 7}, "CHIMIE ANORGANICA TEH NIVEL I/II": {"medie": 3.075, "reusita": 0.0, "cnt": 2}}, "nume": "LICEUL CONSTANTIN BRANCOVEANU, ORAS HOREZU\tV\u00e2lcea"}