{"specializari": {"LICEU CU PROGRAM SPORTIV": 66}, "limba_moderna": {"LIMBA ENGLEZA": 66}, "limba_materna": {"LIMBA ROMANA": 66}, "promotie_anterioara": {"NU": 56, "DA": 10}, "materii": {"LIMBA ROMANA": {"medie": 5.373076923076923, "reusita": 69.6969696969697, "cnt": 66}, "GENERAL": {"medie": 5.717435897435896, "reusita": 31.818181818181817, "cnt": 66}, "ISTORIE": {"medie": 5.267692307692308, "reusita": 72.72727272727273, "cnt": 66}, "GEOGRAFIE": {"medie": 6.45793650793651, "reusita": 85.9375, "cnt": 64}, "LOGICA, ARGUMENTARE SI COMUNICARE": {"medie": 8.2, "reusita": 100.0, "cnt": 2}}, "nume": "LICEUL CU PROGRAM SPORTIV BRASOV\tBra\u0219ov"}