{"specializari": {"STIINTE ALE NATURII": 22, "LICEU CU PROGRAM SPORTIV": 79}, "limba_moderna": {"LIMBA ENGLEZA": 95, "LIMBA FRANCEZA": 6}, "limba_materna": {"LIMBA ROMANA": 101}, "promotie_anterioara": {"NU": 74, "DA": 27}, "materii": {"LIMBA ROMANA": {"medie": 5.360937499999999, "reusita": 66.33663366336634, "cnt": 101}, "GENERAL": {"medie": 6.003037037037036, "reusita": 47.524752475247524, "cnt": 101}, "CHIMIE ORGANICA TEO NIVEL I/II": {"medie": 4.8462499999999995, "reusita": 62.5, "cnt": 8}, "ISTORIE": {"medie": 6.027333333333334, "reusita": 89.87341772151899, "cnt": 79}, "GEOGRAFIE": {"medie": 6.802702702702705, "reusita": 82.27848101265823, "cnt": 79}, "MATEMATICA ST-NAT": {"medie": 5.845454545454545, "reusita": 77.27272727272727, "cnt": 22}, "ANATOMIE SI FIZIOLOGIE UMANA, GENETICA SI ECOLOGIE UMANA": {"medie": 5.913636363636363, "reusita": 72.72727272727273, "cnt": 11}, "FIZICA TEO": {"medie": 5.95, "reusita": 100.0, "cnt": 3}}, "nume": "LICEUL CU PROGRAM SPORTIV, LOCALITATEA GALATI\tGala\u021bi"}