{"specializari": {"LICEU CU PROGRAM SPORTIV": 92}, "limba_moderna": {"LIMBA ENGLEZA": 92}, "limba_materna": {"LIMBA ROMANA": 92}, "promotie_anterioara": {"NU": 84, "DA": 8}, "materii": {"LIMBA ROMANA": {"medie": 5.3552325581395355, "reusita": 67.3913043478261, "cnt": 92}, "GENERAL": {"medie": 5.9648809523809545, "reusita": 44.565217391304344, "cnt": 92}, "ISTORIE": {"medie": 5.741666666666667, "reusita": 79.34782608695652, "cnt": 92}, "GEOGRAFIE": {"medie": 6.641250000000002, "reusita": 84.52380952380952, "cnt": 84}, "LOGICA, ARGUMENTARE SI COMUNICARE": {"medie": 7.7124999999999995, "reusita": 87.5, "cnt": 8}}, "nume": "LICEUL CU PROGRAM SPORTIV, MUN. VASLUI\tVaslui"}