{"specializari": {"LICEU CU PROGRAM SPORTIV": 124, "TEHNICIAN ECOLOG SI PROTECTIA CALITATII MEDIULUI": 20, "TEHNICIAN IN TURISM": 27, "TEHNICIAN IN ACTIVITATI ECONOMICE": 1}, "limba_moderna": {"LIMBA ENGLEZA": 158, "LIMBA FRANCEZA": 14}, "limba_materna": {"LIMBA ROMANA": 172}, "promotie_anterioara": {"NU": 150, "DA": 22}, "materii": {"LIMBA ROMANA": {"medie": 5.745370370370369, "reusita": 79.65116279069767, "cnt": 172}, "BIOLOGIE VEGETALA SI ANIMALA": {"medie": 5.973684210526316, "reusita": 65.0, "cnt": 20}, "GENERAL": {"medie": 6.414301075268817, "reusita": 56.97674418604651, "cnt": 172}, "ISTORIE": {"medie": 6.387280701754388, "reusita": 84.67741935483872, "cnt": 124}, "GEOGRAFIE": {"medie": 6.856569343065693, "reusita": 86.75496688741721, "cnt": 151}, "MATEMATICA TEHN": {"medie": 7.290425531914893, "reusita": 89.58333333333334, "cnt": 48}, "ECONOMIE": {"medie": 9.15, "reusita": 100.0, "cnt": 1}}, "nume": "LICEUL CU PROGRAM SPORTIV BISTRITA\tBistri\u021ba-N\u0103s\u0103ud"}