{"specializari": {"LICEU CU PROGRAM SPORTIV": 104}, "limba_moderna": {"LIMBA ENGLEZA": 86, "LIMBA FRANCEZA": 18}, "limba_materna": {"LIMBA ROMANA": 104}, "promotie_anterioara": {"NU": 74, "DA": 30}, "materii": {"LIMBA ROMANA": {"medie": 5.058585858585857, "reusita": 60.57692307692307, "cnt": 104}, "GENERAL": {"medie": 5.7374570446735405, "reusita": 41.34615384615385, "cnt": 104}, "ISTORIE": {"medie": 5.3025, "reusita": 73.07692307692307, "cnt": 104}, "GEOGRAFIE": {"medie": 6.880208333333336, "reusita": 85.85858585858585, "cnt": 99}, "PSIHOLOGIE": {"medie": 4.966666666666666, "reusita": 25.0, "cnt": 4}, "LOGICA, ARGUMENTARE SI COMUNICARE": {"medie": 3.7, "reusita": 0.0, "cnt": 1}}, "nume": "LICEUL CU PROGRAM SPORTIV, MUNICIPIUL ROMAN\tNeam\u021b"}