{"specializari": {"TEHNICIAN TRANSPORTURI": 17, "TEHNICIAN ECOLOG SI PROTECTIA CALITATII MEDIULUI": 29, "TEHNICIAN IN AGRICULTURA ECOLOGICA": 7, "TEHNICIAN IN AGRICULTURA": 3, "TEHNICIAN MECATRONIST": 8, "TEHNICIAN IN ACTIVITATI DE COMERT": 31, "TEHNICIAN IN INDUSTRIA ALIMENTARA": 24, "TEHNICIAN MECANIC PENTRU INTRETINERE SI REPARATII": 7, "TEHNICIAN IN GASTRONOMIE": 2, "TEHNICIAN OPERATOR TEHNICA DE CALCUL": 13, "TEHNICIAN IN AUTOMATIZARI": 3, "TEHNICIAN ANALIZE PRODUSE ALIMENTARE": 1}, "limba_moderna": {"LIMBA FRANCEZA": 56, "LIMBA ENGLEZA": 89}, "limba_materna": {"LIMBA ROMANA": 145}, "promotie_anterioara": {"DA": 38, "NU": 107}, "materii": {"LIMBA ROMANA": {"medie": 5.951102941176472, "reusita": 82.06896551724138, "cnt": 145}, "BIOLOGIE VEGETALA SI ANIMALA": {"medie": 3.737878787878789, "reusita": 27.27272727272727, "cnt": 110}, "GENERAL": {"medie": 5.025581395348836, "reusita": 28.27586206896552, "cnt": 145}, "GEOGRAFIE": {"medie": 6.498275862068965, "reusita": 93.33333333333333, "cnt": 30}, "ANATOMIE SI FIZIOLOGIE UMANA, GENETICA SI ECOLOGIE UMANA": {"medie": 7.05, "reusita": 100.0, "cnt": 1}, "MATEMATICA TEHN": {"medie": 4.487313432835821, "reusita": 49.6551724137931, "cnt": 145}, "FIZICA TEH": {"medie": 8.1, "reusita": 100.0, "cnt": 1}, "LOGICA, ARGUMENTARE SI COMUNICARE": {"medie": 7.383333333333333, "reusita": 100.0, "cnt": 3}}, "nume": "LICEUL AGRICOL \"DR. C. ANGELESCU\" MUNICIPIUL BUZAU\tBuz\u0103u"}