{"specializari": {"LICEU CU PROGRAM SPORTIV": 76}, "limba_moderna": {"LIMBA FRANCEZA": 21, "LIMBA ENGLEZA": 55}, "limba_materna": {"LIMBA ROMANA": 76}, "promotie_anterioara": {"NU": 63, "DA": 13}, "materii": {"LIMBA ROMANA": {"medie": 5.321527777777778, "reusita": 71.05263157894737, "cnt": 76}, "GENERAL": {"medie": 6.152314814814814, "reusita": 56.57894736842105, "cnt": 76}, "ISTORIE": {"medie": 5.731506849315069, "reusita": 76.31578947368422, "cnt": 76}, "GEOGRAFIE": {"medie": 7.376470588235296, "reusita": 92.45283018867924, "cnt": 53}, "PSIHOLOGIE": {"medie": 7.5, "reusita": 100.0, "cnt": 1}, "LOGICA, ARGUMENTARE SI COMUNICARE": {"medie": 7.428571428571427, "reusita": 86.36363636363636, "cnt": 22}}, "nume": "LICEUL CU PROGRAM SPORTIV CAMPULUNG\tArge\u0219"}