{"specializari": {"LICEU CU PROGRAM SPORTIV": 126}, "limba_moderna": {"LIMBA ENGLEZA": 125, "LIMBA FRANCEZA": 1}, "limba_materna": {"LIMBA ROMANA": 126}, "promotie_anterioara": {"DA": 33, "NU": 93}, "materii": {"LIMBA ROMANA": {"medie": 5.835655737704917, "reusita": 76.98412698412699, "cnt": 126}, "GENERAL": {"medie": 6.464705882352939, "reusita": 55.55555555555556, "cnt": 126}, "ISTORIE": {"medie": 6.261157024793391, "reusita": 90.47619047619048, "cnt": 126}, "GEOGRAFIE": {"medie": 7.374299065420559, "reusita": 89.47368421052632, "cnt": 114}, "LOGICA, ARGUMENTARE SI COMUNICARE": {"medie": 6.2250000000000005, "reusita": 58.333333333333336, "cnt": 12}}, "nume": "LICEUL CU PROGRAM SPORTIV CLUJ-NAPOCA\tCluj"}