{"specializari": {"LICEU CU PROGRAM SPORTIV": 55}, "limba_moderna": {"LIMBA ENGLEZA": 55}, "limba_materna": {"LIMBA ROMANA": 55}, "promotie_anterioara": {"NU": 37, "DA": 18}, "materii": {"LIMBA ROMANA": {"medie": 4.975961538461538, "reusita": 65.45454545454545, "cnt": 55}, "GENERAL": {"medie": 5.642666666666668, "reusita": 32.72727272727273, "cnt": 55}, "ISTORIE": {"medie": 5.0127450980392165, "reusita": 67.27272727272727, "cnt": 55}, "GEOGRAFIE": {"medie": 6.913725490196081, "reusita": 90.9090909090909, "cnt": 55}}, "nume": "LICEUL CU PROGRAM SPORTIV ARAD\tArad"}