{"specializari": {"LICEU CU PROGRAM SPORTIV": 69}, "limba_moderna": {"LIMBA FRANCEZA": 6, "LIMBA ENGLEZA": 63}, "limba_materna": {"LIMBA ROMANA": 69}, "promotie_anterioara": {"DA": 19, "NU": 50}, "materii": {"LIMBA ROMANA": {"medie": 5.552238805970149, "reusita": 78.26086956521739, "cnt": 69}, "GENERAL": {"medie": 6.238802083333334, "reusita": 56.52173913043478, "cnt": 69}, "ISTORIE": {"medie": 5.946153846153849, "reusita": 79.71014492753623, "cnt": 69}, "GEOGRAFIE": {"medie": 7.150757575757574, "reusita": 95.58823529411765, "cnt": 68}, "LOGICA, ARGUMENTARE SI COMUNICARE": {"medie": "-", "reusita": 0.0, "cnt": 1}}, "nume": "LICEUL CU PROGRAM SPORTIV BAIA MARE\tMaramure\u0219"}