{"specializari": {"MATEMATICA-INFORMATICA": 20, "TEHNICIAN IN INSTALATII ELECTRICE": 3, "TEHNICIAN MECANIC PENTRU INTRETINERE SI REPARATII": 4, "TEHNICIAN ELECTROMECANIC": 20, "FILOLOGIE": 37, "STIINTE ALE NATURII": 32, "TEHNICIAN IN GASTRONOMIE": 8, "TEHNICIAN MECATRONIST": 3}, "limba_moderna": {"LIMBA ENGLEZA": 114, "LIMBA FRANCEZA": 7, "LIMBA GERMANA MODERNA": 6}, "limba_materna": {"LIMBA ROMANA": 127}, "promotie_anterioara": {"NU": 106, "DA": 21}, "materii": {"LIMBA ROMANA": {"medie": 6.366806722689078, "reusita": 80.31496062992126, "cnt": 127}, "MATEMATICA MATE-INFO": {"medie": 8.2925, "reusita": 100.0, "cnt": 20}, "BIOLOGIE VEGETALA SI ANIMALA": {"medie": 6.130000000000002, "reusita": 67.3469387755102, "cnt": 49}, "GENERAL": {"medie": 6.282062146892656, "reusita": 55.118110236220474, "cnt": 127}, "INFORMATICA MI C/C++": {"medie": 8.011111111111111, "reusita": 100.0, "cnt": 9}, "ISTORIE": {"medie": 5.731081081081081, "reusita": 83.78378378378379, "cnt": 37}, "GEOGRAFIE": {"medie": 6.959090909090909, "reusita": 91.11111111111111, "cnt": 45}, "MATEMATICA ST-NAT": {"medie": 5.394999999999999, "reusita": 65.625, "cnt": 32}, "ANATOMIE SI FIZIOLOGIE UMANA, GENETICA SI ECOLOGIE UMANA": {"medie": 6.052777777777777, "reusita": 73.68421052631578, "cnt": 19}, "MATEMATICA TEHN": {"medie": 4.8218749999999995, "reusita": 50.0, "cnt": 38}, "FIZICA TEH": {"medie": 6.025, "reusita": 60.0, "cnt": 5}}, "nume": "LICEUL BANATEAN OTELU ROSU\tCara\u0219-Severin"}