{"specializari": {"MATEMATICA-INFORMATICA": 55, "STIINTE ALE NATURII": 31, "FILOLOGIE": 26, "TEHNICIAN IN AUTOMATIZARI": 1, "TEHNICIAN IN GASTRONOMIE": 22, "TEHNICIAN IN ACTIVITATI ECONOMICE": 23, "TEHNICIAN IN TURISM": 25, "TEHNICIAN MECATRONIST": 30, "TEHNICIAN TRANSPORTURI": 81, "TEHNICIAN IN ACTIVITATI DE COMERT": 14, "TEHNICIAN ELECTROTEHNIST": 5, "TEHNICIAN IN INSTALATII ELECTRICE": 1, "TEHNICIAN ELECTROMECANIC": 1, "TEHNICIAN IN ACHIZITII SI CONTRACTARI": 1, "TEHNICIAN OPERATOR TEHNICA DE CALCUL": 1, "TEHNICIAN IN PRELUCRAREA LEMNULUI": 1, "TEOLOGIE ORTODOXA": 1}, "limba_moderna": {"LIMBA ENGLEZA": 316, "LIMBA FRANCEZA": 3}, "limba_materna": {"LIMBA ROMANA": 319}, "promotie_anterioara": {"NU": 244, "DA": 75}, "materii": {"LIMBA ROMANA": {"medie": 6.01939501779359, "reusita": 68.02507836990596, "cnt": 319}, "MATEMATICA MATE-INFO": {"medie": 8.25909090909091, "reusita": 94.54545454545455, "cnt": 55}, "BIOLOGIE VEGETALA SI ANIMALA": {"medie": 5.59607142857143, "reusita": 55.757575757575765, "cnt": 165}, "GENERAL": {"medie": 6.105534591194966, "reusita": 41.692789968652036, "cnt": 319}, "ISTORIE": {"medie": 6.23888888888889, "reusita": 92.5925925925926, "cnt": 27}, "GEOGRAFIE": {"medie": 7.036936936936934, "reusita": 92.85714285714286, "cnt": 112}, "MATEMATICA ST-NAT": {"medie": 6.041071428571429, "reusita": 70.96774193548387, "cnt": 31}, "ANATOMIE SI FIZIOLOGIE UMANA, GENETICA SI ECOLOGIE UMANA": {"medie": 8.975, "reusita": 100.0, "cnt": 4}, "MATEMATICA TEHN": {"medie": 5.424418604651165, "reusita": 62.62135922330098, "cnt": 206}, "FIZICA TEH": {"medie": 3.151785714285715, "reusita": 29.72972972972973, "cnt": 37}, "INFORMATICA MI PASCAL": {"medie": 9.5, "reusita": 100.0, "cnt": 1}}, "nume": "LICEUL BORSA\tMaramure\u0219"}