{"specializari": {"LICEU CU PROGRAM SPORTIV": 105}, "limba_moderna": {"LIMBA ENGLEZA": 102, "LIMBA FRANCEZA": 3}, "limba_materna": {"LIMBA ROMANA": 105}, "promotie_anterioara": {"NU": 76, "DA": 29}, "materii": {"LIMBA ROMANA": {"medie": 5.906565656565657, "reusita": 74.28571428571429, "cnt": 105}, "GENERAL": {"medie": 6.293197278911566, "reusita": 52.38095238095239, "cnt": 105}, "ISTORIE": {"medie": 5.7845, "reusita": 77.14285714285715, "cnt": 105}, "GEOGRAFIE": {"medie": 7.156565656565657, "reusita": 90.47619047619048, "cnt": 105}}, "nume": "LICEUL CU PROGRAM SPORTIV, IASI\tIa\u0219i"}