{"specializari": {"LICEU CU PROGRAM SPORTIV": 32}, "limba_moderna": {"LIMBA ENGLEZA": 32}, "limba_materna": {"LIMBA ROMANA": 32}, "promotie_anterioara": {"NU": 29, "DA": 3}, "materii": {"LIMBA ROMANA": {"medie": 6.114062500000002, "reusita": 90.625, "cnt": 32}, "GENERAL": {"medie": 6.726041666666667, "reusita": 71.875, "cnt": 32}, "ISTORIE": {"medie": 6.2796875000000005, "reusita": 93.75, "cnt": 32}, "GEOGRAFIE": {"medie": 7.7612903225806456, "reusita": 96.7741935483871, "cnt": 31}, "LOGICA, ARGUMENTARE SI COMUNICARE": {"medie": 8.5, "reusita": 100.0, "cnt": 1}}, "nume": "LICEUL CU PROGRAM SPORTIV ALBA IULIA\tAlba"}