{"specializari": {"TEHNICIAN IN ACTIVITATI ECONOMICE": 10, "TEHNICIAN IN ACTIVITATI DE POSTA": 6, "TEHNICIAN IN TURISM": 11, "TEHNICIAN IN ADMINISTRATIE": 2, "STIINTE SOCIALE": 5, "FILOLOGIE": 4}, "limba_moderna": {"LIMBA ENGLEZA": 31, "LIMBA FRANCEZA": 7}, "limba_materna": {"LIMBA ROMANA": 38}, "promotie_anterioara": {"NU": 21, "DA": 17}, "materii": {"LIMBA ROMANA": {"medie": 3.4302631578947373, "reusita": 13.157894736842104, "cnt": 38}, "GENERAL": {"medie": 4.196929824561403, "reusita": 15.789473684210526, "cnt": 38}, "ISTORIE": {"medie": 3.7777777777777777, "reusita": 0.0, "cnt": 9}, "GEOGRAFIE": {"medie": 4.7407894736842096, "reusita": 34.21052631578947, "cnt": 38}, "MATEMATICA TEHN": {"medie": 4.618965517241379, "reusita": 34.48275862068966, "cnt": 29}}, "nume": "CENTRUL DE STUDII \"STEFAN CEL MARE SI SFANT - BUCOVINA\" CAMPULUNG MOLDOVENESC\tSuceava"}