{"specializari": {"TEHNICIAN IN CONSTRUCTII SI LUCRARI PUBLICE": 95, "TEHNICIAN INSTALATOR PENTRU CONSTRUCTII": 40, "TEHNICIAN DESIGNER VESTIMENTAR": 57, "TEHNICIAN IN INDUSTRIA TEXTILA": 24, "TEHNICIAN DESIGNER MOBILA SI AMENAJARI INTERIOARE": 7, "TEHNICIAN MECANIC PENTRU INTRETINERE SI REPARATII": 70, "TEHNICIAN DESENATOR PENTRU CONSTRUCTII SI INSTALATII": 3}, "limba_moderna": {"LIMBA ENGLEZA": 258, "LIMBA FRANCEZA": 38}, "limba_materna": {"LIMBA ROMANA": 296}, "promotie_anterioara": {"NU": 271, "DA": 25}, "materii": {"LIMBA ROMANA": {"medie": 2.0923986486486488, "reusita": 7.77027027027027, "cnt": 296}, "BIOLOGIE VEGETALA SI ANIMALA": {"medie": 1.6433898305084746, "reusita": 2.711864406779661, "cnt": 295}, "GENERAL": {"medie": 1.8121621621621624, "reusita": 4.72972972972973, "cnt": 296}, "MATEMATICA TEHN": {"medie": 1.7028716216216215, "reusita": 5.743243243243244, "cnt": 296}, "FIZICA TEH": {"medie": 1.0, "reusita": 0.0, "cnt": 1}}, "nume": "COELGIUL TEHNIC CARASAN\tCara\u0219-Severin"}