{"specializari": {"TEHNICIAN OPERATOR TEHNICA DE CALCUL": 167, "TEHNICIAN MECANIC PENTRU INTRETINERE SI REPARATII": 40, "TEHNICIAN ECOLOG SI PROTECTIA CALITATII MEDIULUI": 120, "TEHNICIAN IN ACTIVITATI ECONOMICE": 143, "TEHNICIAN DESIGNER VESTIMENTAR": 59, "TEHNICIAN IN TURISM": 116, "TEHNICIAN TRANSPORTURI": 54, "TEHNICIAN MECATRONIST": 19, "TEHNICIAN IN INSTALATII ELECTRICE": 73, "FILOLOGIE": 1, "TEHNICIAN IN INDUSTRIA TEXTILA": 13, "TEHNICIAN ELECTRONIST": 1}, "limba_moderna": {"LIMBA FRANCEZA": 41, "LIMBA ENGLEZA": 765}, "limba_materna": {"LIMBA ROMANA": 806}, "promotie_anterioara": {"NU": 544, "DA": 262}, "materii": {"LIMBA ROMANA": {"medie": 5.8590570719602955, "reusita": 47.64267990074442, "cnt": 806}, "BIOLOGIE VEGETALA SI ANIMALA": {"medie": 4.984968354430379, "reusita": 33.860759493670884, "cnt": 316}, "GENERAL": {"medie": 6.043444995864356, "reusita": 53.72208436724566, "cnt": 806}, "ISTORIE": {"medie": 5.9, "reusita": 0.0, "cnt": 1}, "GEOGRAFIE": {"medie": 7.612499999999996, "reusita": 89.44444444444444, "cnt": 180}, "ANATOMIE SI FIZIOLOGIE UMANA, GENETICA SI ECOLOGIE UMANA": {"medie": 7.005909090909088, "reusita": 74.54545454545455, "cnt": 110}, "MATEMATICA TEHN": {"medie": 6.026273291925466, "reusita": 53.66459627329192, "cnt": 805}, "FIZICA TEH": {"medie": 5.7641975308641955, "reusita": 44.44444444444444, "cnt": 81}, "ECONOMIE": {"medie": 8.0, "reusita": 100.0, "cnt": 1}, "LOGICA, ARGUMENTARE SI COMUNICARE": {"medie": 7.825316455696202, "reusita": 87.34177215189874, "cnt": 79}, "CHIMIE ANORGANICA TEH NIVEL I/II": {"medie": 5.843749999999999, "reusita": 43.75, "cnt": 32}, "CHIMIE ORGANICA TEH NIVEL I/II": {"medie": 5.335714285714286, "reusita": 28.57142857142857, "cnt": 7}}, "nume": "COLEGIUL TEHNIC \"GRIGORE COBALCESCU\" MOINESTI\tBac\u0103u"}