{"specializari": {"INVATATOR - EDUCATOARE": 544, "FILOLOGIE": 378}, "limba_moderna": {"LIMBA ENGLEZA": 907, "LIMBA FRANCEZA": 10, "LIMBA SPANIOLA": 4, "LIMBA GERMANA MODERNA": 1}, "limba_materna": {"LIMBA ROMANA": 549, "LIMBA GERMANA": 373}, "promotie_anterioara": {"NU": 907, "DA": 15}, "materii": {"LIMBA ROMANA": {"medie": 7.346583514099783, "reusita": 80.6941431670282, "cnt": 922}, "GENERAL": {"medie": 7.7782447577729625, "reusita": 92.73318872017353, "cnt": 922}, "ISTORIE": {"medie": 7.939814814814811, "reusita": 89.41798941798942, "cnt": 378}, "GEOGRAFIE": {"medie": 8.192499999999997, "reusita": 94.58333333333333, "cnt": 240}, "PSIHOLOGIE": {"medie": 8.495833333333332, "reusita": 91.66666666666666, "cnt": 12}, "FILOSOFIE": {"medie": 8.25, "reusita": 100.0, "cnt": 4}, "LIMBA GERMANA": {"medie": 7.115281501340478, "reusita": 78.82037533512064, "cnt": 373}, "LOGICA, ARGUMENTARE SI COMUNICARE": {"medie": 8.494854070660523, "reusita": 94.00921658986175, "cnt": 651}, "MATEMATICA PED": {"medie": 7.6419117647058705, "reusita": 86.02941176470588, "cnt": 544}, "SOCIOLOGIE": {"medie": 7.456666666666667, "reusita": 66.66666666666666, "cnt": 15}}, "nume": "COLEGIUL NATIONAL PEDAGOGIC \"ANDREI SAGUNA\" SIBIU\tSibiu"}