{"specializari": {"MATEMATICA-INFORMATICA": 403, "STIINTE SOCIALE": 221, "STIINTE ALE NATURII": 236, "TEHNICIAN IN ACTIVITATI ECONOMICE": 204, "FILOLOGIE": 220, "TEHNICIAN ECOLOG SI PROTECTIA CALITATII MEDIULUI": 176, "TEHNICIAN MECANIC PENTRU INTRETINERE SI REPARATII": 62, "TEHNICIAN IN INDUSTRIA TEXTILA": 75, "TEHNICIAN IN PRELUCRAREA LEMNULUI": 35, "TEHNICIAN OPERATOR TEHNICA DE CALCUL": 33, "TEHNICIAN MECATRONIST": 54}, "limba_moderna": {"LIMBA ENGLEZA": 1621, "LIMBA FRANCEZA": 98}, "limba_materna": {"LIMBA ROMANA": 1719}, "promotie_anterioara": {"NU": 1521, "DA": 198}, "materii": {"LIMBA ROMANA": {"medie": 7.035282140779517, "reusita": 71.20418848167539, "cnt": 1719}, "MATEMATICA MATE-INFO": {"medie": 8.15545905707196, "reusita": 89.0818858560794, "cnt": 403}, "BIOLOGIE VEGETALA SI ANIMALA": {"medie": 3.7347272727272736, "reusita": 14.545454545454545, "cnt": 275}, "GENERAL": {"medie": 6.835165794066338, "reusita": 68.58638743455498, "cnt": 1719}, "CHIMIE ORGANICA TEO NIVEL I/II": {"medie": 8.4172131147541, "reusita": 95.08196721311475, "cnt": 61}, "INFORMATICA MI C/C++": {"medie": 8.361718750000001, "reusita": 89.0625, "cnt": 64}, "ISTORIE": {"medie": 7.6321995464852685, "reusita": 84.12698412698413, "cnt": 441}, "GEOGRAFIE": {"medie": 7.608545034642027, "reusita": 86.83602771362587, "cnt": 433}, "PSIHOLOGIE": {"medie": 8.55, "reusita": 100.0, "cnt": 8}, "MATEMATICA ST-NAT": {"medie": 7.215042372881355, "reusita": 77.54237288135593, "cnt": 236}, "ANATOMIE SI FIZIOLOGIE UMANA, GENETICA SI ECOLOGIE UMANA": {"medie": 7.390062111801239, "reusita": 77.63975155279503, "cnt": 483}, "FIZICA TEO": {"medie": 8.453308823529408, "reusita": 94.11764705882352, "cnt": 136}, "FILOSOFIE": {"medie": 8.8, "reusita": 100.0, "cnt": 4}, "MATEMATICA TEHN": {"medie": 4.30946791862285, "reusita": 29.890453834115803, "cnt": 639}, "FIZICA TEH": {"medie": 4.52258064516129, "reusita": 32.25806451612903, "cnt": 31}, "ECONOMIE": {"medie": 5.533333333333332, "reusita": 33.33333333333333, "cnt": 6}, "LOGICA, ARGUMENTARE SI COMUNICARE": {"medie": 8.4625, "reusita": 100.0, "cnt": 4}, "SOCIOLOGIE": {"medie": 8.19315789473684, "reusita": 92.63157894736842, "cnt": 190}, "CHIMIE ANORGANICA TEH NIVEL I/II": {"medie": 3.923076923076923, "reusita": 15.384615384615385, "cnt": 13}, "CHIMIE ORGANICA TEH NIVEL I/II": {"medie": 3.5090909090909093, "reusita": 9.090909090909092, "cnt": 11}}, "nume": "COLEGIUL TEHNIC \"DIMITRIE GHIKA\" COMANESTI\tBac\u0103u"}