{"specializari": {"MATEMATICA-INFORMATICA": 769, "STIINTE ALE NATURII": 223, "STIINTE SOCIALE": 224, "FILOLOGIE": 210}, "limba_moderna": {"LIMBA ENGLEZA": 1312, "LIMBA FRANCEZA": 101, "LIMBA GERMANA MODERNA": 11, "LIMBA ITALIANA": 2}, "limba_materna": {"LIMBA ROMANA": 1426}, "promotie_anterioara": {"NU": 1426}, "materii": {"LIMBA ROMANA": {"medie": 8.732223001402541, "reusita": 98.73772791023842, "cnt": 1426}, "MATEMATICA MATE-INFO": {"medie": 9.128153446033808, "reusita": 97.91937581274382, "cnt": 769}, "BIOLOGIE VEGETALA SI ANIMALA": {"medie": 8.803020134228188, "reusita": 97.98657718120806, "cnt": 149}, "GENERAL": {"medie": 8.98609163160355, "reusita": 99.71949509116409, "cnt": 1426}, "CHIMIE ORGANICA TEO NIVEL I/II": {"medie": 9.285026737967911, "reusita": 98.3957219251337, "cnt": 187}, "INFORMATICA MI C/C++": {"medie": 9.083870967741934, "reusita": 99.35483870967742, "cnt": 155}, "ISTORIE": {"medie": 8.993202764976965, "reusita": 98.61751152073732, "cnt": 434}, "GEOGRAFIE": {"medie": 9.39563318777293, "reusita": 100.0, "cnt": 229}, "PSIHOLOGIE": {"medie": 9.466666666666667, "reusita": 100.0, "cnt": 30}, "MATEMATICA ST-NAT": {"medie": 9.130269058295958, "reusita": 99.10313901345292, "cnt": 223}, "ANATOMIE SI FIZIOLOGIE UMANA, GENETICA SI ECOLOGIE UMANA": {"medie": 8.874390243902432, "reusita": 98.78048780487805, "cnt": 82}, "FIZICA TEO": {"medie": 9.115311004784685, "reusita": 97.60765550239235, "cnt": 418}, "FILOSOFIE": {"medie": 9.14, "reusita": 100.0, "cnt": 5}, "INFORMATICA SN C/C++": {"medie": 10.0, "reusita": 100.0, "cnt": 1}, "ECONOMIE": {"medie": 9.07236842105263, "reusita": 100.0, "cnt": 76}, "LOGICA, ARGUMENTARE SI COMUNICARE": {"medie": 9.56388888888889, "reusita": 100.0, "cnt": 18}, "SOCIOLOGIE": {"medie": 9.01184210526316, "reusita": 98.68421052631578, "cnt": 76}}, "nume": "COLEGIUL NATIONAL \"UNIREA\" FOCSANI\tVrancea"}