{"specializari": {"STIINTE ALE NATURII": 257, "STIINTE SOCIALE": 277, "FILOLOGIE": 188, "MATEMATICA-INFORMATICA": 152}, "limba_moderna": {"LIMBA ENGLEZA": 791, "LIMBA FRANCEZA": 83}, "limba_materna": {"LIMBA ROMANA": 874}, "promotie_anterioara": {"NU": 834, "DA": 40}, "materii": {"LIMBA ROMANA": {"medie": 7.659096109839818, "reusita": 87.98627002288329, "cnt": 874}, "MATEMATICA MATE-INFO": {"medie": 7.090131578947366, "reusita": 74.3421052631579, "cnt": 152}, "BIOLOGIE VEGETALA SI ANIMALA": {"medie": 7.015384615384615, "reusita": 76.92307692307693, "cnt": 13}, "GENERAL": {"medie": 7.771224256292905, "reusita": 91.07551487414187, "cnt": 874}, "CHIMIE ORGANICA TEO NIVEL I/II": {"medie": 8.475, "reusita": 100.0, "cnt": 6}, "INFORMATICA MI C/C++": {"medie": 7.526250000000002, "reusita": 87.5, "cnt": 40}, "CHIMIE ANORGANICA TEO NIVEL I/II": {"medie": 8.435576923076924, "reusita": 96.15384615384616, "cnt": 52}, "ISTORIE": {"medie": 7.906344086021501, "reusita": 88.81720430107526, "cnt": 465}, "GEOGRAFIE": {"medie": 8.596442687747038, "reusita": 97.23320158102767, "cnt": 253}, "PSIHOLOGIE": {"medie": 8.466666666666667, "reusita": 100.0, "cnt": 9}, "MATEMATICA ST-NAT": {"medie": 7.470428015564201, "reusita": 84.43579766536965, "cnt": 257}, "ANATOMIE SI FIZIOLOGIE UMANA, GENETICA SI ECOLOGIE UMANA": {"medie": 7.365441176470591, "reusita": 83.45588235294117, "cnt": 272}, "FIZICA TEO": {"medie": 5.6312500000000005, "reusita": 37.5, "cnt": 16}, "FILOSOFIE": {"medie": 7.5, "reusita": 100.0, "cnt": 1}, "INFORMATICA SN C/C++": {"medie": 5.9350000000000005, "reusita": 30.0, "cnt": 10}, "LOGICA, ARGUMENTARE SI COMUNICARE": {"medie": 8.531666666666666, "reusita": 93.33333333333333, "cnt": 180}, "SOCIOLOGIE": {"medie": 8.143181818181818, "reusita": 95.45454545454545, "cnt": 22}}, "nume": "COLEGIUL \"MIHAI EMINESCU\" BACAU\tBac\u0103u"}