{"specializari": {"TEHNICIAN OPERATOR TEHNICA DE CALCUL": 19, "TEHNICIAN IN ACTIVITATI ECONOMICE": 53, "TEHNICIAN ANALIZE PRODUSE ALIMENTARE": 6, "TEHNICIAN VETERINAR": 36, "TEHNICIAN TRANSPORTURI": 23, "TEHNICIAN AGRONOM": 25, "TEHNICIAN IN ACTIVITATI DE COMERT": 19, "TEHNICIAN IN AGRICULTURA": 1, "TEHNICIAN ECOLOG SI PROTECTIA CALITATII MEDIULUI": 2, "TEHNICIAN IN AGRICULTURA ECOLOGICA": 1}, "limba_moderna": {"LIMBA ENGLEZA": 154, "LIMBA FRANCEZA": 31}, "limba_materna": {"LIMBA ROMANA": 185}, "promotie_anterioara": {"DA": 72, "NU": 113}, "materii": {"LIMBA ROMANA": {"medie": 3.5499999999999994, "reusita": 13.513513513513514, "cnt": 185}, "BIOLOGIE VEGETALA SI ANIMALA": {"medie": 3.0187499999999985, "reusita": 12.5, "cnt": 56}, "GENERAL": {"medie": 3.0602702702702693, "reusita": 7.567567567567568, "cnt": 185}, "GEOGRAFIE": {"medie": 3.5361111111111105, "reusita": 18.055555555555554, "cnt": 72}, "ANATOMIE SI FIZIOLOGIE UMANA, GENETICA SI ECOLOGIE UMANA": {"medie": 4.05, "reusita": 20.588235294117645, "cnt": 34}, "MATEMATICA TEHN": {"medie": 2.3197297297297297, "reusita": 8.64864864864865, "cnt": 185}, "FIZICA TEH": {"medie": 2.226086956521739, "reusita": 8.695652173913043, "cnt": 23}}, "nume": "COLEGIUL NATIONAL AGRICOL \"CAROL I\" SLATINA\tOlt"}