{"specializari": {"STIINTE ALE NATURII": 1083, "MATEMATICA-INFORMATICA": 252, "FILOLOGIE": 1}, "limba_moderna": {"LIMBA ENGLEZA": 1202, "LIMBA GERMANA MODERNA": 65, "LIMBA FRANCEZA": 69}, "limba_materna": {"LIMBA ROMANA": 1336}, "promotie_anterioara": {"NU": 1333, "DA": 3}, "materii": {"LIMBA ROMANA": {"medie": 8.596841317365275, "reusita": 97.52994011976048, "cnt": 1336}, "MATEMATICA MATE-INFO": {"medie": 9.012698412698414, "reusita": 98.01587301587301, "cnt": 252}, "BIOLOGIE VEGETALA SI ANIMALA": {"medie": 8.965696649029987, "reusita": 98.05996472663139, "cnt": 567}, "GENERAL": {"medie": 8.783490518962072, "reusita": 98.57784431137725, "cnt": 1336}, "CHIMIE ORGANICA TEO NIVEL I/II": {"medie": 8.817499999999999, "reusita": 95.0, "cnt": 40}, "INFORMATICA MI C/C++": {"medie": 9.0969696969697, "reusita": 100.0, "cnt": 165}, "CHIMIE ANORGANICA TEO NIVEL I/II": {"medie": 8.2075, "reusita": 100.0, "cnt": 20}, "ISTORIE": {"medie": 5.85, "reusita": 0.0, "cnt": 1}, "GEOGRAFIE": {"medie": 5.1, "reusita": 0.0, "cnt": 1}, "MATEMATICA ST-NAT": {"medie": 8.70318559556787, "reusita": 97.04524469067405, "cnt": 1083}, "ANATOMIE SI FIZIOLOGIE UMANA, GENETICA SI ECOLOGIE UMANA": {"medie": 9.213508771929822, "reusita": 99.64912280701755, "cnt": 285}, "FIZICA TEO": {"medie": 8.845769230769232, "reusita": 97.6923076923077, "cnt": 130}, "INFORMATICA SN C/C++": {"medie": 8.858984375000002, "reusita": 96.875, "cnt": 128}}, "nume": "COLEGIUL NATIONAL \"GHEORGHE LAZAR\" SIBIU\tSibiu"}