{"specializari": {"TEHNICIAN INSTALATOR PENTRU CONSTRUCTII": 1, "MATEMATICA-INFORMATICA": 125, "FILOLOGIE": 224, "TEHNICIAN IN ACTIVITATI ECONOMICE": 199, "TEHNICIAN TRANSPORTURI": 44, "STIINTE ALE NATURII": 223, "TEHNICIAN ELECTROTEHNIST": 92, "TEHNICIAN IN AUTOMATIZARI": 113, "TEHNICIAN PROIECTANT CAD": 80, "TEHNICIAN IN ACTIVITATI DE COMERT": 98, "TEHNICIAN MECANIC PENTRU INTRETINERE SI REPARATII": 21, "TEHNICIAN ANALIZE PRODUSE ALIMENTARE": 6, "TEHNICIAN IN TURISM": 58, "TEHNICIAN ELECTRONIST": 8, "TEHNICIAN DESIGNER VESTIMENTAR": 1, "TEHNICIAN OPERATOR TEHNICA DE CALCUL": 1}, "limba_moderna": {"LIMBA ENGLEZA": 1274, "LIMBA FRANCEZA": 20}, "limba_materna": {"LIMBA ROMANA": 1292, "LIMBA MAGHIARA": 2}, "promotie_anterioara": {"NU": 1017, "DA": 277}, "materii": {"LIMBA ROMANA": {"medie": 6.144165378670793, "reusita": 51.23647604327666, "cnt": 1294}, "MATEMATICA MATE-INFO": {"medie": 6.902800000000001, "reusita": 65.60000000000001, "cnt": 125}, "BIOLOGIE VEGETALA SI ANIMALA": {"medie": 4.921578947368412, "reusita": 35.78947368421053, "cnt": 475}, "GENERAL": {"medie": 6.166248068006181, "reusita": 52.62751159196291, "cnt": 1294}, "CHIMIE ORGANICA TEO NIVEL I/II": {"medie": 8.35, "reusita": 85.71428571428571, "cnt": 7}, "INFORMATICA MI C/C++": {"medie": 7.787499999999999, "reusita": 91.66666666666666, "cnt": 12}, "CHIMIE ANORGANICA TEO NIVEL I/II": {"medie": 8.268749999999999, "reusita": 87.5, "cnt": 8}, "ISTORIE": {"medie": 7.0078125, "reusita": 69.64285714285714, "cnt": 224}, "GEOGRAFIE": {"medie": 7.461849192100545, "reusita": 80.61041292639139, "cnt": 557}, "PSIHOLOGIE": {"medie": 7.345833333333332, "reusita": 75.0, "cnt": 12}, "MATEMATICA ST-NAT": {"medie": 5.751793721973096, "reusita": 49.775784753363226, "cnt": 223}, "ANATOMIE SI FIZIOLOGIE UMANA, GENETICA SI ECOLOGIE UMANA": {"medie": 7.633513513513512, "reusita": 80.0, "cnt": 185}, "FIZICA TEO": {"medie": 6.65, "reusita": 60.0, "cnt": 5}, "FILOSOFIE": {"medie": 7.833333333333333, "reusita": 100.0, "cnt": 3}, "MATEMATICA TEHN": {"medie": 5.33296398891967, "reusita": 44.18282548476454, "cnt": 722}, "FIZICA TEH": {"medie": 2.167857142857143, "reusita": 0.0, "cnt": 14}, "INFORMATICA SN C/C++": {"medie": 9.1, "reusita": 100.0, "cnt": 1}, "LOGICA, ARGUMENTARE SI COMUNICARE": {"medie": 8.85, "reusita": 100.0, "cnt": 3}, "SOCIOLOGIE": {"medie": 9.3875, "reusita": 100.0, "cnt": 4}, "INFORMATICA MI PASCAL": {"medie": 5.4, "reusita": 0.0, "cnt": 2}, "CHIMIE ANORGANICA TEH NIVEL I/II": {"medie": 5.841666666666668, "reusita": 66.66666666666666, "cnt": 6}, "LIMBA MAGHIARA (REAL)": {"medie": 5.0, "reusita": 0.0, "cnt": 2}}, "nume": "COLEGIUL TEHNIC \"ALEXANDRU ROMAN\" ALESD\tBihor"}