{"specializari": {"TEHNICIAN IN GASTRONOMIE": 228, "TEHNICIAN DESIGNER VESTIMENTAR": 87, "COAFOR STILIST": 186, "TEHNICIAN OPERATOR TEHNICA DE CALCUL": 68, "TEHNICIAN IN INDUSTRIA TEXTILA": 23, "MATEMATICA-INFORMATICA": 1, "TEHNICIAN PROIECTANT CAD": 27, "TEHNICIAN OPERATOR PROCESARE TEXT IMAGINE": 9, "TEHNICIAN POLIGRAF": 26, "FILOLOGIE": 1, "TEHNICIAN IN HOTELARIE": 36}, "limba_moderna": {"LIMBA FRANCEZA": 119, "LIMBA ENGLEZA": 573}, "limba_materna": {"LIMBA ROMANA": 692}, "promotie_anterioara": {"NU": 463, "DA": 229}, "materii": {"LIMBA ROMANA": {"medie": 5.36690751445087, "reusita": 36.84971098265896, "cnt": 692}, "MATEMATICA MATE-INFO": {"medie": 6.0, "reusita": 100.0, "cnt": 1}, "BIOLOGIE VEGETALA SI ANIMALA": {"medie": 4.089820359281437, "reusita": 25.748502994011975, "cnt": 167}, "GENERAL": {"medie": 5.068039499036606, "reusita": 30.63583815028902, "cnt": 692}, "ISTORIE": {"medie": 5.2, "reusita": 0.0, "cnt": 1}, "GEOGRAFIE": {"medie": 6.322460937500002, "reusita": 62.5, "cnt": 256}, "PSIHOLOGIE": {"medie": 5.1125, "reusita": 0.0, "cnt": 4}, "ANATOMIE SI FIZIOLOGIE UMANA, GENETICA SI ECOLOGIE UMANA": {"medie": 6.449999999999999, "reusita": 100.0, "cnt": 3}, "MATEMATICA TEHN": {"medie": 4.438913043478261, "reusita": 30.289855072463766, "cnt": 690}, "FIZICA TEH": {"medie": 3.394117647058823, "reusita": 11.76470588235294, "cnt": 34}, "ECONOMIE": {"medie": 4.644117647058824, "reusita": 29.411764705882355, "cnt": 17}, "LOGICA, ARGUMENTARE SI COMUNICARE": {"medie": 5.897413793103446, "reusita": 56.32183908045977, "cnt": 174}, "CHIMIE ANORGANICA TEH NIVEL I/II": {"medie": 4.894117647058824, "reusita": 32.35294117647059, "cnt": 34}, "CHIMIE ORGANICA TEH NIVEL I/II": {"medie": 1.6833333333333336, "reusita": 0.0, "cnt": 3}}, "nume": "COLEGIUL TEHNIC \"IOAN C. STEFANESCU\", IASI\tIa\u0219i"}