{"specializari": {"ARTA ACTORULUI": 171, "MUZICA": 346, "ARHITECTURA, ARTE AMBIENTALE SI DESIGN": 209, "COREGRAFIE": 153, "ARTE PLASTICE SI DECORATIVE": 476}, "limba_moderna": {"LIMBA ENGLEZA": 1242, "LIMBA RUSA": 5, "LIMBA ITALIANA": 80, "LIMBA GERMANA MODERNA": 9, "LIMBA FRANCEZA": 19}, "limba_materna": {"LIMBA ROMANA": 1355}, "promotie_anterioara": {"NU": 1229, "DA": 126}, "materii": {"LIMBA ROMANA": {"medie": 7.226391143911431, "reusita": 76.30996309963099, "cnt": 1355}, "GENERAL": {"medie": 7.260888068880691, "reusita": 80.73800738007381, "cnt": 1355}, "ISTORIE": {"medie": 6.931845018450185, "reusita": 67.60147601476014, "cnt": 1355}, "GEOGRAFIE": {"medie": 7.559521739130448, "reusita": 84.26086956521739, "cnt": 1150}, "PSIHOLOGIE": {"medie": 7.856349206349207, "reusita": 92.06349206349206, "cnt": 63}, "FILOSOFIE": {"medie": 7.684375000000001, "reusita": 81.25, "cnt": 16}, "ECONOMIE": {"medie": 6.75, "reusita": 66.66666666666666, "cnt": 3}, "LOGICA, ARGUMENTARE SI COMUNICARE": {"medie": 8.126016260162602, "reusita": 89.43089430894308, "cnt": 123}}, "nume": "COLEGIUL NATIONAL DE ARTA \"OCTAV BANCILA\", IASI\tIa\u0219i"}