{"specializari": {"MATEMATICA-INFORMATICA": 857, "STIINTE SOCIALE": 221, "STIINTE ALE NATURII": 244, "FILOLOGIE": 214}, "limba_moderna": {"LIMBA ENGLEZA": 1306, "LIMBA GERMANA MODERNA": 6, "LIMBA FRANCEZA": 224}, "limba_materna": {"LIMBA ROMANA": 1536}, "promotie_anterioara": {"NU": 1398, "DA": 138}, "materii": {"LIMBA ROMANA": {"medie": 7.581022135416681, "reusita": 83.13802083333334, "cnt": 1536}, "MATEMATICA MATE-INFO": {"medie": 7.276021003500581, "reusita": 72.34539089848307, "cnt": 857}, "BIOLOGIE VEGETALA SI ANIMALA": {"medie": 7.470714285714285, "reusita": 83.0952380952381, "cnt": 840}, "GENERAL": {"medie": 7.541666666666668, "reusita": 81.90104166666666, "cnt": 1536}, "CHIMIE ORGANICA TEO NIVEL I/II": {"medie": 8.860000000000001, "reusita": 100.0, "cnt": 10}, "INFORMATICA MI C/C++": {"medie": 8.69642857142857, "reusita": 96.42857142857143, "cnt": 28}, "ISTORIE": {"medie": 7.545517241379315, "reusita": 84.59770114942529, "cnt": 435}, "GEOGRAFIE": {"medie": 8.771882352941168, "reusita": 96.94117647058823, "cnt": 425}, "PSIHOLOGIE": {"medie": 8.2375, "reusita": 100.0, "cnt": 4}, "MATEMATICA ST-NAT": {"medie": 5.434016393442626, "reusita": 37.704918032786885, "cnt": 244}, "ANATOMIE SI FIZIOLOGIE UMANA, GENETICA SI ECOLOGIE UMANA": {"medie": 8.205555555555556, "reusita": 89.68253968253968, "cnt": 126}, "FIZICA TEO": {"medie": 8.396907216494844, "reusita": 88.65979381443299, "cnt": 97}, "ECONOMIE": {"medie": 7.44, "reusita": 100.0, "cnt": 5}, "SOCIOLOGIE": {"medie": 9.7, "reusita": 100.0, "cnt": 1}}, "nume": "COLEGIUL NATIONAL \"VLADIMIR STREINU\" GAESTI\tD\u00e2mbovi\u021ba"}