{"specializari": {"STIINTE ALE NATURII": 487}, "limba_moderna": {"LIMBA ENGLEZA": 401, "LIMBA FRANCEZA": 85, "LIMBA GERMANA MODERNA": 1}, "limba_materna": {"LIMBA ROMANA": 487}, "promotie_anterioara": {"NU": 472, "DA": 15}, "materii": {"LIMBA ROMANA": {"medie": 7.193326488706364, "reusita": 81.3141683778234, "cnt": 487}, "BIOLOGIE VEGETALA SI ANIMALA": {"medie": 6.98888888888889, "reusita": 77.77777777777779, "cnt": 9}, "GENERAL": {"medie": 7.7498631074606426, "reusita": 92.81314168377823, "cnt": 487}, "CHIMIE ORGANICA TEO NIVEL I/II": {"medie": 7.96910569105691, "reusita": 89.43089430894308, "cnt": 123}, "MATEMATICA ST-NAT": {"medie": 7.897638603696098, "reusita": 90.96509240246407, "cnt": 487}, "ANATOMIE SI FIZIOLOGIE UMANA, GENETICA SI ECOLOGIE UMANA": {"medie": 8.337343750000006, "reusita": 94.375, "cnt": 320}, "FIZICA TEO": {"medie": 7.491428571428571, "reusita": 82.85714285714286, "cnt": 35}}, "nume": "COLEGIUL NATIONAL \"ANA ASLAN\"\tBr\u0103ila"}