{"specializari": {"TEHNICIAN IN ACTIVITATI ECONOMICE": 590, "MATEMATICA-INFORMATICA": 154, "TEHNICIAN IN ADMINISTRATIE": 109, "TEHNICIAN IN TURISM": 162, "STIINTE SOCIALE": 107, "TEHNICIAN IN ACTIVITATI DE COMERT": 44, "STIINTE ALE NATURII": 70, "TEHNICIAN IN HOTELARIE": 55}, "limba_moderna": {"LIMBA ENGLEZA": 1161, "LIMBA FRANCEZA": 81, "LIMBA SPANIOLA": 19, "LIMBA ITALIANA": 30}, "limba_materna": {"LIMBA ROMANA": 1291}, "promotie_anterioara": {"NU": 1149, "DA": 142}, "materii": {"LIMBA ROMANA": {"medie": 6.713284275755232, "reusita": 67.62199845081332, "cnt": 1291}, "MATEMATICA MATE-INFO": {"medie": 6.317207792207793, "reusita": 53.246753246753244, "cnt": 154}, "BIOLOGIE VEGETALA SI ANIMALA": {"medie": 4.679411764705883, "reusita": 23.52941176470588, "cnt": 17}, "GENERAL": {"medie": 7.121740253033829, "reusita": 78.46630518977537, "cnt": 1291}, "CHIMIE ORGANICA TEO NIVEL I/II": {"medie": 7.288888888888888, "reusita": 77.77777777777779, "cnt": 9}, "INFORMATICA MI C/C++": {"medie": 7.4367187500000025, "reusita": 81.25, "cnt": 64}, "CHIMIE ANORGANICA TEO NIVEL I/II": {"medie": 7.10263157894737, "reusita": 84.21052631578947, "cnt": 19}, "ISTORIE": {"medie": 7.525000000000004, "reusita": 82.4074074074074, "cnt": 108}, "GEOGRAFIE": {"medie": 8.011657458563535, "reusita": 91.71270718232044, "cnt": 905}, "PSIHOLOGIE": {"medie": 8.3, "reusita": 100.0, "cnt": 2}, "MATEMATICA ST-NAT": {"medie": 6.372857142857143, "reusita": 54.285714285714285, "cnt": 70}, "ANATOMIE SI FIZIOLOGIE UMANA, GENETICA SI ECOLOGIE UMANA": {"medie": 7.074107142857146, "reusita": 75.0, "cnt": 112}, "FIZICA TEO": {"medie": 7.3500000000000005, "reusita": 66.66666666666666, "cnt": 3}, "FILOSOFIE": {"medie": 5.4, "reusita": 0.0, "cnt": 1}, "MATEMATICA TEHN": {"medie": 6.844264859228362, "reusita": 67.25755995828987, "cnt": 959}, "ECONOMIE": {"medie": 7.425, "reusita": 66.66666666666666, "cnt": 6}, "LOGICA, ARGUMENTARE SI COMUNICARE": {"medie": 8.057843137254904, "reusita": 90.19607843137256, "cnt": 153}}, "nume": "COLEGIUL ECONOMIC \"ANGHEL RUGINA\", MUN. VASLUI\tVaslui"}