{"specializari": {"TEHNICIAN OPERATOR TEHNICA DE CALCUL": 167, "TEHNICIAN DESENATOR PENTRU CONSTRUCTII SI INSTALATII": 77, "TEHNICIAN PROIECTANT CAD": 120, "TEHNICIAN IN ACTIVITATI ECONOMICE": 381, "TEHNICIAN ECOLOG SI PROTECTIA CALITATII MEDIULUI": 306, "MATEMATICA-INFORMATICA": 134, "TEHNICIAN INSTALATOR PENTRU CONSTRUCTII": 21, "TEHNICIAN IN CONSTRUCTII SI LUCRARI PUBLICE": 51, "TEHNICIAN IN INSTALATII ELECTRICE": 63, "TEHNICIAN MECANIC PENTRU INTRETINERE SI REPARATII": 6, "TEHNICIAN ELECTROTEHNIST": 1}, "limba_moderna": {"LIMBA ENGLEZA": 1301, "LIMBA FRANCEZA": 26}, "limba_materna": {"LIMBA ROMANA": 1327}, "promotie_anterioara": {"NU": 1142, "DA": 185}, "materii": {"LIMBA ROMANA": {"medie": 6.338131122833464, "reusita": 57.573474001507165, "cnt": 1327}, "MATEMATICA MATE-INFO": {"medie": 5.957835820895524, "reusita": 52.98507462686567, "cnt": 134}, "BIOLOGIE VEGETALA SI ANIMALA": {"medie": 4.584251968503935, "reusita": 29.92125984251969, "cnt": 254}, "GENERAL": {"medie": 6.258377292137664, "reusita": 58.477769404672195, "cnt": 1327}, "CHIMIE ORGANICA TEO NIVEL I/II": {"medie": 5.528571428571429, "reusita": 42.857142857142854, "cnt": 14}, "INFORMATICA MI C/C++": {"medie": 6.443442622950819, "reusita": 59.01639344262295, "cnt": 61}, "CHIMIE ANORGANICA TEO NIVEL I/II": {"medie": 6.11590909090909, "reusita": 59.09090909090909, "cnt": 22}, "GEOGRAFIE": {"medie": 7.693238434163703, "reusita": 87.90035587188612, "cnt": 281}, "PSIHOLOGIE": {"medie": 8.85, "reusita": 100.0, "cnt": 1}, "ANATOMIE SI FIZIOLOGIE UMANA, GENETICA SI ECOLOGIE UMANA": {"medie": 7.160377358490566, "reusita": 77.9874213836478, "cnt": 159}, "FIZICA TEO": {"medie": 5.673684210526315, "reusita": 31.57894736842105, "cnt": 19}, "MATEMATICA TEHN": {"medie": 6.08654652137468, "reusita": 55.993294216261525, "cnt": 1193}, "FIZICA TEH": {"medie": 6.366842105263158, "reusita": 64.21052631578948, "cnt": 95}, "LOGICA, ARGUMENTARE SI COMUNICARE": {"medie": 7.609090909090909, "reusita": 87.87878787878788, "cnt": 99}, "CHIMIE ANORGANICA TEH NIVEL I/II": {"medie": 5.564411764705881, "reusita": 38.23529411764706, "cnt": 170}, "CHIMIE ORGANICA TEH NIVEL I/II": {"medie": 6.275328947368419, "reusita": 57.23684210526315, "cnt": 152}}, "nume": "COLEGIUL TEHNIC \"GHEORGHE ASACHI\" ONESTI\tBac\u0103u"}