{"specializari": {"FILOLOGIE": 408, "MATEMATICA-INFORMATICA": 318, "LICEU CU PROGRAM SPORTIV": 278, "STIINTE SOCIALE": 1, "STIINTE ALE NATURII": 41}, "limba_moderna": {"LIMBA ENGLEZA": 991, "LIMBA FRANCEZA": 51, "LIMBA GERMANA MODERNA": 3, "LIMBA EBRAICA": 1}, "limba_materna": {"LIMBA ROMANA": 1046}, "promotie_anterioara": {"NU": 816, "DA": 230}, "materii": {"LIMBA ROMANA": {"medie": 6.597036328871902, "reusita": 64.91395793499044, "cnt": 1046}, "MATEMATICA MATE-INFO": {"medie": 5.354402515723272, "reusita": 35.53459119496855, "cnt": 318}, "BIOLOGIE VEGETALA SI ANIMALA": {"medie": 6.034482758620689, "reusita": 63.793103448275865, "cnt": 58}, "GENERAL": {"medie": 6.572833014659025, "reusita": 65.5831739961759, "cnt": 1046}, "CHIMIE ORGANICA TEO NIVEL I/II": {"medie": 8.4, "reusita": 100.0, "cnt": 1}, "INFORMATICA MI C/C++": {"medie": 5.791999999999999, "reusita": 48.0, "cnt": 25}, "CHIMIE ANORGANICA TEO NIVEL I/II": {"medie": 7.05, "reusita": 83.33333333333334, "cnt": 6}, "ISTORIE": {"medie": 6.754075691411936, "reusita": 65.64774381368268, "cnt": 687}, "GEOGRAFIE": {"medie": 7.217880085653098, "reusita": 81.5845824411135, "cnt": 467}, "PSIHOLOGIE": {"medie": 8.418571428571427, "reusita": 94.28571428571428, "cnt": 35}, "MATEMATICA ST-NAT": {"medie": 5.9939024390243905, "reusita": 53.65853658536586, "cnt": 41}, "ANATOMIE SI FIZIOLOGIE UMANA, GENETICA SI ECOLOGIE UMANA": {"medie": 6.051639344262296, "reusita": 54.91803278688525, "cnt": 244}, "FIZICA TEO": {"medie": 7.026190476190477, "reusita": 76.19047619047619, "cnt": 21}, "FILOSOFIE": {"medie": 6.575, "reusita": 50.0, "cnt": 2}, "INFORMATICA SN C/C++": {"medie": 5.825, "reusita": 50.0, "cnt": 4}, "ECONOMIE": {"medie": 4.825, "reusita": 25.0, "cnt": 8}, "LOGICA, ARGUMENTARE SI COMUNICARE": {"medie": 7.166666666666669, "reusita": 80.64516129032258, "cnt": 93}, "SOCIOLOGIE": {"medie": 6.828658536585368, "reusita": 68.29268292682927, "cnt": 82}}, "nume": "COLEGIUL NATIONAL \"AUREL VLAICU\"\tBucure\u0219ti"}