{"specializari": {"TEHNICIAN IN ACTIVITATI ECONOMICE": 440, "TEHNICIAN IN ADMINISTRATIE": 139, "TEHNICIAN IN TURISM": 220, "TEHNICIAN IN GASTRONOMIE": 355, "TEHNICIAN IN ACTIVITATI DE COMERT": 161}, "limba_moderna": {"LIMBA ENGLEZA": 1135, "LIMBA RUSA": 20, "LIMBA FRANCEZA": 160}, "limba_materna": {"LIMBA ROMANA": 1315}, "promotie_anterioara": {"NU": 1133, "DA": 182}, "materii": {"LIMBA ROMANA": {"medie": 6.710418250950577, "reusita": 67.52851711026616, "cnt": 1315}, "GENERAL": {"medie": 6.75518377693282, "reusita": 70.34220532319392, "cnt": 1315}, "GEOGRAFIE": {"medie": 7.151631912964639, "reusita": 80.68902991840436, "cnt": 1103}, "MATEMATICA TEHN": {"medie": 6.388669201520923, "reusita": 60.608365019011416, "cnt": 1315}, "ECONOMIE": {"medie": 7.121875000000001, "reusita": 75.0, "cnt": 80}, "LOGICA, ARGUMENTARE SI COMUNICARE": {"medie": 7.31742424242424, "reusita": 78.03030303030303, "cnt": 132}}, "nume": "COLEGIUL ECONOMIC \"DELTA DUNARII\" TULCEA\tTulcea"}