{"specializari": {"TEHNICIAN IN SILVICULTURA SI EXPLOATARI FORESTIERE": 771, "TEHNICIAN ECOLOG SI PROTECTIA CALITATII MEDIULUI": 172, "FILOLOGIE": 76, "TEHNICIAN IN ACTIVITATI ECONOMICE": 198, "TEHNICIAN IN TURISM": 160, "TEHNICIAN IN ADMINISTRATIE": 38, "MATEMATICA-INFORMATICA": 2, "TEHNICIAN IN GASTRONOMIE": 17, "LICEU CU PROGRAM SPORTIV": 1}, "limba_moderna": {"LIMBA ENGLEZA": 1314, "LIMBA FRANCEZA": 121}, "limba_materna": {"LIMBA ROMANA": 1435}, "promotie_anterioara": {"NU": 1137, "DA": 298}, "materii": {"LIMBA ROMANA": {"medie": 5.7969337979094115, "reusita": 48.362369337979096, "cnt": 1435}, "MATEMATICA MATE-INFO": {"medie": 3.9, "reusita": 50.0, "cnt": 2}, "BIOLOGIE VEGETALA SI ANIMALA": {"medie": 5.216086956521739, "reusita": 33.04347826086956, "cnt": 115}, "GENERAL": {"medie": 5.862873403019756, "reusita": 47.177700348432055, "cnt": 1435}, "ISTORIE": {"medie": 5.444155844155844, "reusita": 29.87012987012987, "cnt": 77}, "GEOGRAFIE": {"medie": 7.17477578475336, "reusita": 77.57847533632287, "cnt": 446}, "PSIHOLOGIE": {"medie": 6.812068965517242, "reusita": 62.06896551724138, "cnt": 29}, "ANATOMIE SI FIZIOLOGIE UMANA, GENETICA SI ECOLOGIE UMANA": {"medie": 5.698936170212765, "reusita": 52.94117647058824, "cnt": 799}, "FILOSOFIE": {"medie": 5.95, "reusita": 33.33333333333333, "cnt": 3}, "MATEMATICA TEHN": {"medie": 5.622617994100291, "reusita": 50.073746312684364, "cnt": 1356}, "FIZICA TEH": {"medie": 6.53235294117647, "reusita": 58.82352941176471, "cnt": 17}, "ECONOMIE": {"medie": 7.371428571428572, "reusita": 85.71428571428571, "cnt": 7}, "SOCIOLOGIE": {"medie": 5.279999999999999, "reusita": 20.0, "cnt": 5}, "CHIMIE ANORGANICA TEH NIVEL I/II": {"medie": 7.6571428571428575, "reusita": 85.71428571428571, "cnt": 7}, "CHIMIE ORGANICA TEH NIVEL I/II": {"medie": 8.357142857142858, "reusita": 85.71428571428571, "cnt": 7}}, "nume": "COLEGIUL SILVIC \"BUCOVINA\" CAMPULUNG MOLDOVENESC\tSuceava"}