{"specializari": {"MATEMATICA-INFORMATICA": 689, "STIINTE SOCIALE": 201, "STIINTE ALE NATURII": 186, "FILOLOGIE": 201}, "limba_moderna": {"LIMBA ENGLEZA": 1028, "LIMBA FRANCEZA": 205, "LIMBA GERMANA MODERNA": 28, "LIMBA SPANIOLA": 16}, "limba_materna": {"LIMBA ROMANA": 1277}, "promotie_anterioara": {"NU": 1259, "DA": 18}, "materii": {"LIMBA ROMANA": {"medie": 8.196045418950668, "reusita": 94.36178543461237, "cnt": 1277}, "MATEMATICA MATE-INFO": {"medie": 8.522931785195947, "reusita": 93.46879535558782, "cnt": 689}, "BIOLOGIE VEGETALA SI ANIMALA": {"medie": 8.39393063583815, "reusita": 93.64161849710982, "cnt": 173}, "GENERAL": {"medie": 8.295839206473513, "reusita": 96.6327329678935, "cnt": 1277}, "CHIMIE ORGANICA TEO NIVEL I/II": {"medie": 8.852515337423311, "reusita": 96.31901840490798, "cnt": 163}, "INFORMATICA MI C/C++": {"medie": 8.000769230769231, "reusita": 87.6923076923077, "cnt": 65}, "ISTORIE": {"medie": 7.586069651741291, "reusita": 84.07960199004975, "cnt": 402}, "GEOGRAFIE": {"medie": 8.931754385964908, "reusita": 100.0, "cnt": 285}, "PSIHOLOGIE": {"medie": 8.698387096774194, "reusita": 96.7741935483871, "cnt": 31}, "MATEMATICA ST-NAT": {"medie": 7.90403225806451, "reusita": 86.02150537634408, "cnt": 186}, "ANATOMIE SI FIZIOLOGIE UMANA, GENETICA SI ECOLOGIE UMANA": {"medie": 8.551075268817206, "reusita": 95.6989247311828, "cnt": 93}, "FIZICA TEO": {"medie": 8.278346456692908, "reusita": 92.38845144356955, "cnt": 381}, "FILOSOFIE": {"medie": 5.15, "reusita": 0.0, "cnt": 2}, "ECONOMIE": {"medie": 8.356976744186044, "reusita": 90.69767441860465, "cnt": 43}, "LOGICA, ARGUMENTARE SI COMUNICARE": {"medie": 9.041176470588237, "reusita": 100.0, "cnt": 17}, "SOCIOLOGIE": {"medie": 9.164583333333331, "reusita": 100.0, "cnt": 24}}, "nume": "COLEGIUL NATIONAL \"VLAICU VODA\" CURTEA DE ARGES\tArge\u0219"}