{"specializari": {"MUZICA": 449}, "limba_moderna": {"LIMBA ENGLEZA": 404, "LIMBA FRANCEZA": 45}, "limba_materna": {"LIMBA ROMANA": 323, "LIMBA MAGHIARA": 126}, "promotie_anterioara": {"NU": 432, "DA": 17}, "materii": {"LIMBA ROMANA": {"medie": 7.634855233853008, "reusita": 87.08240534521158, "cnt": 449}, "GENERAL": {"medie": 7.801206384558284, "reusita": 92.42761692650335, "cnt": 449}, "ISTORIE": {"medie": 7.744988864142538, "reusita": 84.4097995545657, "cnt": 449}, "GEOGRAFIE": {"medie": 7.93621553884711, "reusita": 92.73182957393483, "cnt": 399}, "PSIHOLOGIE": {"medie": 6.8, "reusita": 66.66666666666666, "cnt": 3}, "FILOSOFIE": {"medie": 8.063793103448276, "reusita": 86.20689655172413, "cnt": 29}, "LOGICA, ARGUMENTARE SI COMUNICARE": {"medie": 8.22777777777778, "reusita": 88.88888888888889, "cnt": 18}, "LIMBA MAGHIARA (REAL)": {"medie": 7.955158730158733, "reusita": 89.68253968253968, "cnt": 126}}, "nume": "COLEGIUL DE MUZICA \"SIGISMUND TODUTA\" CLUJ-NAPOCA\tCluj"}