{"specializari": {"TEHNICIAN IN INDUSTRIA ALIMENTARA": 47, "TEHNICIAN IN ACTIVITATI ECONOMICE": 75, "TEHNICIAN MECANIC PENTRU INTRETINERE SI REPARATII": 24, "MATEMATICA-INFORMATICA": 26, "TEHNICIAN OPERATOR TEHNICA DE CALCUL": 23, "TEHNICIAN IN INDUSTRIA TEXTILA": 22, "TEHNICIAN ECOLOG SI PROTECTIA CALITATII MEDIULUI": 76, "TEHNICIAN ANALIZE PRODUSE ALIMENTARE": 59, "TEHNICIAN MECATRONIST": 4, "ORGANIZATOR BANQUETING": 58, "TEHNICIAN IN TURISM": 52}, "limba_moderna": {"LIMBA FRANCEZA": 103, "LIMBA ENGLEZA": 363}, "limba_materna": {"LIMBA ROMANA": 466}, "promotie_anterioara": {"NU": 343, "DA": 123}, "materii": {"LIMBA ROMANA": {"medie": 5.370815450643779, "reusita": 38.412017167381975, "cnt": 466}, "MATEMATICA MATE-INFO": {"medie": 4.43076923076923, "reusita": 23.076923076923077, "cnt": 26}, "BIOLOGIE VEGETALA SI ANIMALA": {"medie": 3.7717391304347827, "reusita": 19.565217391304348, "cnt": 46}, "GENERAL": {"medie": 5.5627324749642355, "reusita": 43.776824034334766, "cnt": 466}, "CHIMIE ORGANICA TEO NIVEL I/II": {"medie": 8.4, "reusita": 100.0, "cnt": 1}, "INFORMATICA MI C/C++": {"medie": 4.05, "reusita": 25.0, "cnt": 8}, "GEOGRAFIE": {"medie": 7.509668508287295, "reusita": 83.42541436464089, "cnt": 181}, "PSIHOLOGIE": {"medie": 8.1, "reusita": 100.0, "cnt": 2}, "ANATOMIE SI FIZIOLOGIE UMANA, GENETICA SI ECOLOGIE UMANA": {"medie": 6.295967741935484, "reusita": 58.602150537634415, "cnt": 186}, "FIZICA TEO": {"medie": 2.7, "reusita": 10.0, "cnt": 10}, "MATEMATICA TEHN": {"medie": 5.098977272727271, "reusita": 38.40909090909091, "cnt": 440}, "FIZICA TEH": {"medie": 3.939655172413793, "reusita": 20.689655172413794, "cnt": 29}, "LOGICA, ARGUMENTARE SI COMUNICARE": {"medie": 3.15, "reusita": 0.0, "cnt": 2}, "CHIMIE ANORGANICA TEH NIVEL I/II": {"medie": 6.8, "reusita": 100.0, "cnt": 1}}, "nume": "COLEGIUL TEHNIC \"DANUBIANA\", MUNICIPIUL ROMAN\tNeam\u021b"}