{"specializari": {"MATEMATICA-INFORMATICA": 381, "STIINTE ALE NATURII": 294, "FILOLOGIE": 224, "STIINTE SOCIALE": 88}, "limba_moderna": {"LIMBA ENGLEZA": 945, "LIMBA FRANCEZA": 42}, "limba_materna": {"LIMBA ROMANA": 879, "LIMBA MAGHIARA": 108}, "promotie_anterioara": {"NU": 961, "DA": 26}, "materii": {"LIMBA ROMANA": {"medie": 8.099240121580543, "reusita": 90.0709219858156, "cnt": 987}, "MATEMATICA MATE-INFO": {"medie": 8.482152230971135, "reusita": 92.6509186351706, "cnt": 381}, "BIOLOGIE VEGETALA SI ANIMALA": {"medie": 6.961428571428573, "reusita": 77.14285714285715, "cnt": 35}, "GENERAL": {"medie": 8.268207531239447, "reusita": 94.32624113475178, "cnt": 987}, "CHIMIE ORGANICA TEO NIVEL I/II": {"medie": 8.060057471264365, "reusita": 91.37931034482759, "cnt": 174}, "INFORMATICA MI C/C++": {"medie": 7.695289855072468, "reusita": 82.6086956521739, "cnt": 138}, "CHIMIE ANORGANICA TEO NIVEL I/II": {"medie": 8.079310344827586, "reusita": 89.65517241379311, "cnt": 29}, "ISTORIE": {"medie": 8.27099358974359, "reusita": 92.3076923076923, "cnt": 312}, "GEOGRAFIE": {"medie": 8.827464788732392, "reusita": 98.59154929577466, "cnt": 213}, "PSIHOLOGIE": {"medie": 8.996428571428572, "reusita": 100.0, "cnt": 14}, "MATEMATICA ST-NAT": {"medie": 7.878231292517005, "reusita": 84.35374149659864, "cnt": 294}, "ANATOMIE SI FIZIOLOGIE UMANA, GENETICA SI ECOLOGIE UMANA": {"medie": 8.804940711462454, "reusita": 97.23320158102767, "cnt": 253}, "FIZICA TEO": {"medie": 8.605555555555554, "reusita": 95.55555555555556, "cnt": 45}, "FILOSOFIE": {"medie": 9.32, "reusita": 100.0, "cnt": 5}, "LOGICA, ARGUMENTARE SI COMUNICARE": {"medie": 8.771917808219179, "reusita": 97.26027397260275, "cnt": 73}, "SOCIOLOGIE": {"medie": 9.064285714285713, "reusita": 100.0, "cnt": 7}, "INFORMATICA MI PASCAL": {"medie": 5.85, "reusita": 0.0, "cnt": 1}, "LIMBA MAGHIARA (REAL)": {"medie": 7.356944444444447, "reusita": 82.4074074074074, "cnt": 108}}, "nume": "COLEGIUL NATIONAL \"ANDREI MURESANU\" DEJ\tCluj"}