{"specializari": {"MATEMATICA-INFORMATICA": 390, "STIINTE ALE NATURII": 540, "STIINTE SOCIALE": 207, "FILOLOGIE": 382}, "limba_moderna": {"LIMBA ENGLEZA": 1312, "LIMBA FRANCEZA": 176, "LIMBA GERMANA MODERNA": 31}, "limba_materna": {"LIMBA ROMANA": 1385, "LIMBA GERMANA": 134}, "promotie_anterioara": {"NU": 1506, "DA": 13}, "materii": {"LIMBA ROMANA": {"medie": 8.622350230414735, "reusita": 96.05003291639235, "cnt": 1519}, "MATEMATICA MATE-INFO": {"medie": 9.085000000000008, "reusita": 97.43589743589743, "cnt": 390}, "BIOLOGIE VEGETALA SI ANIMALA": {"medie": 9.85, "reusita": 100.0, "cnt": 1}, "GENERAL": {"medie": 8.687324445907405, "reusita": 97.63001974983541, "cnt": 1519}, "CHIMIE ORGANICA TEO NIVEL I/II": {"medie": 8.813917525773196, "reusita": 98.96907216494846, "cnt": 97}, "INFORMATICA MI C/C++": {"medie": 9.077142857142858, "reusita": 98.57142857142858, "cnt": 280}, "CHIMIE ANORGANICA TEO NIVEL I/II": {"medie": 9.208333333333334, "reusita": 100.0, "cnt": 6}, "ISTORIE": {"medie": 8.390152801358228, "reusita": 93.88794567062818, "cnt": 589}, "GEOGRAFIE": {"medie": 8.55422960725076, "reusita": 97.2809667673716, "cnt": 331}, "PSIHOLOGIE": {"medie": 8.589743589743588, "reusita": 97.43589743589743, "cnt": 39}, "MATEMATICA ST-NAT": {"medie": 8.19259259259259, "reusita": 90.74074074074075, "cnt": 540}, "ANATOMIE SI FIZIOLOGIE UMANA, GENETICA SI ECOLOGIE UMANA": {"medie": 9.153507014028051, "reusita": 98.79759519038076, "cnt": 499}, "FIZICA TEO": {"medie": 9.0475, "reusita": 95.0, "cnt": 20}, "FILOSOFIE": {"medie": 7.671428571428573, "reusita": 85.71428571428571, "cnt": 14}, "LIMBA GERMANA": {"medie": 8.049999999999997, "reusita": 94.02985074626866, "cnt": 134}, "INFORMATICA SN C/C++": {"medie": 8.746296296296295, "reusita": 96.29629629629629, "cnt": 27}, "ECONOMIE": {"medie": 9.5, "reusita": 100.0, "cnt": 1}, "LOGICA, ARGUMENTARE SI COMUNICARE": {"medie": 9.127556818181814, "reusita": 97.72727272727273, "cnt": 176}, "SOCIOLOGIE": {"medie": 9.130357142857141, "reusita": 100.0, "cnt": 28}}, "nume": "COLEGIUL NATIONAL \"LIVIU REBREANU\" BISTRITA\tBistri\u021ba-N\u0103s\u0103ud"}