{"specializari": {"TEHNICIAN IN ACTIVITATI ECONOMICE": 1329, "TEHNICIAN IN ADMINISTRATIE": 193, "TEHNICIAN IN ACHIZITII SI CONTRACTARI": 357}, "limba_moderna": {"LIMBA ENGLEZA": 1662, "LIMBA FRANCEZA": 185, "LIMBA RUSA": 32}, "limba_materna": {"LIMBA ROMANA": 1879}, "promotie_anterioara": {"NU": 1820, "DA": 59}, "materii": {"LIMBA ROMANA": {"medie": 7.295955295369896, "reusita": 83.92762107503991, "cnt": 1879}, "GENERAL": {"medie": 7.584566258648217, "reusita": 88.71740287386908, "cnt": 1879}, "GEOGRAFIE": {"medie": 7.952266483516486, "reusita": 93.4065934065934, "cnt": 1456}, "PSIHOLOGIE": {"medie": 7.390625, "reusita": 68.75, "cnt": 16}, "MATEMATICA TEHN": {"medie": 7.462613092070249, "reusita": 81.26663118680149, "cnt": 1879}, "ECONOMIE": {"medie": 6.0, "reusita": 50.0, "cnt": 2}, "LOGICA, ARGUMENTARE SI COMUNICARE": {"medie": 8.182962962962964, "reusita": 92.09876543209876, "cnt": 405}}, "nume": "COLEGIUL ECONOMIC ADMINISTRATIV, IASI\tIa\u0219i"}