{"specializari": {"MATEMATICA-INFORMATICA": 772, "FILOLOGIE": 896, "STIINTE ALE NATURII": 101}, "limba_moderna": {"LIMBA ENGLEZA": 1549, "LIMBA FRANCEZA": 73, "LIMBA SPANIOLA": 144, "LIMBA GERMANA MODERNA": 3}, "limba_materna": {"LIMBA ROMANA": 1769}, "promotie_anterioara": {"NU": 1747, "DA": 22}, "materii": {"LIMBA ROMANA": {"medie": 8.445138496325614, "reusita": 96.3256076879593, "cnt": 1769}, "MATEMATICA MATE-INFO": {"medie": 8.654663212435235, "reusita": 95.59585492227978, "cnt": 772}, "BIOLOGIE VEGETALA SI ANIMALA": {"medie": 8.429032258064517, "reusita": 96.7741935483871, "cnt": 124}, "GENERAL": {"medie": 8.537676653476542, "reusita": 97.73883550028265, "cnt": 1769}, "CHIMIE ORGANICA TEO NIVEL I/II": {"medie": 8.530722891566263, "reusita": 95.18072289156626, "cnt": 83}, "INFORMATICA MI C/C++": {"medie": 8.500740740740742, "reusita": 96.29629629629629, "cnt": 135}, "CHIMIE ANORGANICA TEO NIVEL I/II": {"medie": 7.778571428571427, "reusita": 92.85714285714286, "cnt": 14}, "ISTORIE": {"medie": 8.490624999999998, "reusita": 94.53125, "cnt": 896}, "GEOGRAFIE": {"medie": 8.851870748299328, "reusita": 97.27891156462584, "cnt": 294}, "PSIHOLOGIE": {"medie": 8.754716981132077, "reusita": 99.05660377358491, "cnt": 106}, "MATEMATICA ST-NAT": {"medie": 8.109900990099012, "reusita": 90.0990099009901, "cnt": 101}, "ANATOMIE SI FIZIOLOGIE UMANA, GENETICA SI ECOLOGIE UMANA": {"medie": 8.626536312849161, "reusita": 95.53072625698324, "cnt": 179}, "FIZICA TEO": {"medie": 8.68955223880597, "reusita": 95.22388059701493, "cnt": 335}, "FILOSOFIE": {"medie": 9.9, "reusita": 100.0, "cnt": 2}, "INFORMATICA SN C/C++": {"medie": 9.516666666666666, "reusita": 100.0, "cnt": 3}, "ECONOMIE": {"medie": 8.511940298507461, "reusita": 96.26865671641791, "cnt": 134}, "LOGICA, ARGUMENTARE SI COMUNICARE": {"medie": 8.89273504273504, "reusita": 98.29059829059828, "cnt": 117}, "SOCIOLOGIE": {"medie": 8.383333333333331, "reusita": 94.65020576131687, "cnt": 243}}, "nume": "COLEGIUL NATIONAL \"IULIA HASDEU\"\tBucure\u0219ti"}