{"specializari": {"MATEMATICA-INFORMATICA": 378, "STIINTE ALE NATURII": 339, "STIINTE SOCIALE": 290, "FILOLOGIE": 267, "TEHNICIAN IN CONSTRUCTII SI LUCRARI PUBLICE": 1}, "limba_moderna": {"LIMBA ENGLEZA": 1267, "LIMBA FRANCEZA": 8}, "limba_materna": {"LIMBA ROMANA": 1275}, "promotie_anterioara": {"NU": 1200, "DA": 75}, "materii": {"LIMBA ROMANA": {"medie": 7.751372549019614, "reusita": 86.3529411764706, "cnt": 1275}, "MATEMATICA MATE-INFO": {"medie": 7.301322751322745, "reusita": 74.07407407407408, "cnt": 378}, "BIOLOGIE VEGETALA SI ANIMALA": {"medie": 7.630152671755726, "reusita": 78.62595419847328, "cnt": 131}, "GENERAL": {"medie": 7.811116339869285, "reusita": 87.29411764705883, "cnt": 1275}, "CHIMIE ORGANICA TEO NIVEL I/II": {"medie": 8.392857142857148, "reusita": 90.97744360902256, "cnt": 133}, "INFORMATICA MI C/C++": {"medie": 7.909374999999999, "reusita": 87.5, "cnt": 128}, "CHIMIE ANORGANICA TEO NIVEL I/II": {"medie": 6.611538461538462, "reusita": 64.1025641025641, "cnt": 39}, "ISTORIE": {"medie": 7.95933572710953, "reusita": 86.35547576301616, "cnt": 557}, "GEOGRAFIE": {"medie": 8.230608974358974, "reusita": 91.98717948717949, "cnt": 312}, "PSIHOLOGIE": {"medie": 8.6825, "reusita": 100.0, "cnt": 20}, "MATEMATICA ST-NAT": {"medie": 7.5230088495575265, "reusita": 78.76106194690266, "cnt": 339}, "ANATOMIE SI FIZIOLOGIE UMANA, GENETICA SI ECOLOGIE UMANA": {"medie": 7.982064777327934, "reusita": 88.66396761133603, "cnt": 247}, "FIZICA TEO": {"medie": 8.185416666666667, "reusita": 87.5, "cnt": 24}, "FILOSOFIE": {"medie": 8.1875, "reusita": 83.33333333333334, "cnt": 12}, "MATEMATICA TEHN": {"medie": 5.8, "reusita": 0.0, "cnt": 1}, "INFORMATICA SN C/C++": {"medie": 7.4781249999999995, "reusita": 81.25, "cnt": 16}, "ECONOMIE": {"medie": 9.425, "reusita": 100.0, "cnt": 2}, "LOGICA, ARGUMENTARE SI COMUNICARE": {"medie": 9.207142857142856, "reusita": 95.23809523809523, "cnt": 21}, "SOCIOLOGIE": {"medie": 7.996842105263162, "reusita": 91.05263157894737, "cnt": 190}}, "nume": "COLEGIUL NATIONAL \"IANCU DE HUNEDOARA\" HUNEDOARA\tHunedoara"}