{"specializari": {"TEHNICIAN IN ACTIVITATI ECONOMICE": 931, "TEHNICIAN IN GASTRONOMIE": 132, "TEHNICIAN IN ACTIVITATI DE COMERT": 222, "TEHNICIAN IN HOTELARIE": 86, "TEHNICIAN IN ACHIZITII SI CONTRACTARI": 211, "TEHNICIAN IN ADMINISTRATIE": 169, "ORGANIZATOR BANQUETING": 119, "TEHNICIAN IN TURISM": 85, "MATEMATICA-INFORMATICA": 2}, "limba_moderna": {"LIMBA ENGLEZA": 1851, "LIMBA FRANCEZA": 106}, "limba_materna": {"LIMBA ROMANA": 1957}, "promotie_anterioara": {"NU": 1849, "DA": 108}, "materii": {"LIMBA ROMANA": {"medie": 7.314435360245263, "reusita": 77.36331119059786, "cnt": 1957}, "MATEMATICA MATE-INFO": {"medie": 1.0, "reusita": 0.0, "cnt": 2}, "GENERAL": {"medie": 7.67689490717085, "reusita": 84.77261113949923, "cnt": 1957}, "GEOGRAFIE": {"medie": 8.245731707317075, "reusita": 91.62248144220572, "cnt": 1886}, "PSIHOLOGIE": {"medie": 6.675000000000001, "reusita": 50.0, "cnt": 2}, "ANATOMIE SI FIZIOLOGIE UMANA, GENETICA SI ECOLOGIE UMANA": {"medie": 6.15, "reusita": 100.0, "cnt": 2}, "MATEMATICA TEHN": {"medie": 7.490204603580565, "reusita": 78.56777493606138, "cnt": 1955}, "ECONOMIE": {"medie": 7.843333333333334, "reusita": 83.33333333333334, "cnt": 30}, "LOGICA, ARGUMENTARE SI COMUNICARE": {"medie": 8.07972972972973, "reusita": 91.8918918918919, "cnt": 37}}, "nume": "COLEGIUL ECONOMIC \"ION GHICA\" TARGOVISTE\tD\u00e2mbovi\u021ba"}