{"specializari": {"MATEMATICA-INFORMATICA": 317, "TEHNICIAN IN ACTIVITATI ECONOMICE": 391, "TEHNICIAN DE TELECOMUNICATII": 186, "TEHNICIAN IN AUTOMATIZARI": 137, "TEHNICIAN IN INSTALATII ELECTRICE": 141, "TEHNICIAN ELECTROTEHNIST": 7, "TEHNICIAN ELECTRONIST": 2, "TEHNICIAN TRANSPORTURI": 90, "TEHNICIAN ELECTROMECANIC": 10}, "limba_moderna": {"LIMBA ENGLEZA": 1217, "LIMBA ITALIANA": 26, "LIMBA FRANCEZA": 32, "LIMBA GERMANA MODERNA": 6}, "limba_materna": {"LIMBA ROMANA": 1281}, "promotie_anterioara": {"NU": 1112, "DA": 169}, "materii": {"LIMBA ROMANA": {"medie": 6.639984387197513, "reusita": 63.54410616705699, "cnt": 1281}, "MATEMATICA MATE-INFO": {"medie": 6.883438485804418, "reusita": 70.97791798107255, "cnt": 317}, "BIOLOGIE VEGETALA SI ANIMALA": {"medie": 5.468439108061749, "reusita": 44.4253859348199, "cnt": 583}, "GENERAL": {"medie": 6.661129326047362, "reusita": 66.58860265417643, "cnt": 1281}, "CHIMIE ORGANICA TEO NIVEL I/II": {"medie": 7.0375000000000005, "reusita": 91.66666666666666, "cnt": 12}, "INFORMATICA MI C/C++": {"medie": 7.390609137055835, "reusita": 81.21827411167513, "cnt": 197}, "GEOGRAFIE": {"medie": 8.215994623655911, "reusita": 96.23655913978494, "cnt": 372}, "PSIHOLOGIE": {"medie": 6.866666666666667, "reusita": 66.66666666666666, "cnt": 3}, "ANATOMIE SI FIZIOLOGIE UMANA, GENETICA SI ECOLOGIE UMANA": {"medie": 6.774324324324326, "reusita": 75.67567567567568, "cnt": 37}, "FIZICA TEO": {"medie": 9.7, "reusita": 100.0, "cnt": 1}, "MATEMATICA TEHN": {"medie": 6.589263485477187, "reusita": 62.863070539419084, "cnt": 964}, "FIZICA TEH": {"medie": 4.6000000000000005, "reusita": 35.294117647058826, "cnt": 17}, "ECONOMIE": {"medie": 5.625, "reusita": 0.0, "cnt": 2}, "LOGICA, ARGUMENTARE SI COMUNICARE": {"medie": 8.821428571428571, "reusita": 92.85714285714286, "cnt": 14}, "CHIMIE ANORGANICA TEH NIVEL I/II": {"medie": 5.5710526315789455, "reusita": 47.368421052631575, "cnt": 19}, "CHIMIE ORGANICA TEH NIVEL I/II": {"medie": 7.2583333333333355, "reusita": 83.33333333333334, "cnt": 24}}, "nume": "COLEGIUL TEHNIC \"INFOEL\" BISTRITA\tBistri\u021ba-N\u0103s\u0103ud"}