{"specializari": {"TEHNICIAN IN ACTIVITATI ECONOMICE": 391, "TEHNICIAN IN GASTRONOMIE": 185, "TEHNICIAN IN TURISM": 176, "TEHNICIAN IN ACHIZITII SI CONTRACTARI": 369, "TEHNICIAN IN ADMINISTRATIE": 202, "ORGANIZATOR BANQUETING": 146}, "limba_moderna": {"LIMBA ENGLEZA": 1340, "LIMBA FRANCEZA": 129}, "limba_materna": {"LIMBA ROMANA": 1469}, "promotie_anterioara": {"NU": 1412, "DA": 57}, "materii": {"LIMBA ROMANA": {"medie": 7.631960517358747, "reusita": 87.95098706603132, "cnt": 1469}, "GENERAL": {"medie": 8.163104152484685, "reusita": 95.30292716133424, "cnt": 1469}, "GEOGRAFIE": {"medie": 8.66456977584959, "reusita": 97.54157628344178, "cnt": 1383}, "PSIHOLOGIE": {"medie": 7.807894736842105, "reusita": 89.47368421052632, "cnt": 19}, "MATEMATICA TEHN": {"medie": 8.268618107556161, "reusita": 92.3076923076923, "cnt": 1469}, "ECONOMIE": {"medie": 7.288775510204084, "reusita": 75.51020408163265, "cnt": 49}, "LOGICA, ARGUMENTARE SI COMUNICARE": {"medie": 7.125, "reusita": 66.66666666666666, "cnt": 18}}, "nume": "COLEGIUL ECONOMIC \"MIHAIL KOGALNICEANU\" FOCSANI\tVrancea"}