{"specializari": {"FILOLOGIE": 450, "MATEMATICA-INFORMATICA": 370, "STIINTE ALE NATURII": 209, "INVATATOR - EDUCATOARE": 175}, "limba_moderna": {"LIMBA ENGLEZA": 1093, "LIMBA FRANCEZA": 106, "LIMBA GERMANA MODERNA": 5}, "limba_materna": {"LIMBA ROMANA": 1204}, "promotie_anterioara": {"NU": 1173, "DA": 31}, "materii": {"LIMBA ROMANA": {"medie": 8.216694352159472, "reusita": 92.44186046511628, "cnt": 1204}, "MATEMATICA MATE-INFO": {"medie": 7.9870270270270245, "reusita": 87.02702702702703, "cnt": 370}, "GENERAL": {"medie": 8.230107973421923, "reusita": 93.6046511627907, "cnt": 1204}, "CHIMIE ORGANICA TEO NIVEL I/II": {"medie": 8.851785714285716, "reusita": 100.0, "cnt": 28}, "INFORMATICA MI C/C++": {"medie": 8.627906976744185, "reusita": 97.67441860465115, "cnt": 43}, "CHIMIE ANORGANICA TEO NIVEL I/II": {"medie": 8.183333333333334, "reusita": 100.0, "cnt": 3}, "ISTORIE": {"medie": 7.840000000000002, "reusita": 84.44444444444444, "cnt": 450}, "GEOGRAFIE": {"medie": 8.451339285714287, "reusita": 95.17857142857142, "cnt": 560}, "PSIHOLOGIE": {"medie": 8.226923076923075, "reusita": 92.3076923076923, "cnt": 26}, "MATEMATICA ST-NAT": {"medie": 7.820334928229666, "reusita": 87.5598086124402, "cnt": 209}, "ANATOMIE SI FIZIOLOGIE UMANA, GENETICA SI ECOLOGIE UMANA": {"medie": 8.844979508196726, "reusita": 97.54098360655738, "cnt": 488}, "FIZICA TEO": {"medie": 8.716666666666667, "reusita": 100.0, "cnt": 15}, "FILOSOFIE": {"medie": 8.620000000000001, "reusita": 100.0, "cnt": 5}, "INFORMATICA SN C/C++": {"medie": 6.6, "reusita": 100.0, "cnt": 1}, "ECONOMIE": {"medie": 8.1, "reusita": 100.0, "cnt": 1}, "LOGICA, ARGUMENTARE SI COMUNICARE": {"medie": 8.218421052631578, "reusita": 89.47368421052632, "cnt": 19}, "MATEMATICA PED": {"medie": 7.665142857142862, "reusita": 80.57142857142857, "cnt": 175}, "SOCIOLOGIE": {"medie": 8.414285714285715, "reusita": 100.0, "cnt": 14}, "INFORMATICA MI PASCAL": {"medie": 6.3, "reusita": 100.0, "cnt": 1}}, "nume": "COLEGIUL NATIONAL \"GEORGE COSBUC\" NASAUD\tBistri\u021ba-N\u0103s\u0103ud"}