{"specializari": {"MATEMATICA-INFORMATICA": 246, "FILOLOGIE": 224, "STIINTE ALE NATURII": 281, "TEHNICIAN IN INDUSTRIA TEXTILA": 21, "TEHNICIAN IN AUTOMATIZARI": 62, "TEHNICIAN DESIGNER VESTIMENTAR": 81, "STIINTE SOCIALE": 233, "TEHNICIAN IN TURISM": 325, "TEHNICIAN ELECTROMECANIC": 62, "TEHNICIAN TRANSPORTURI": 39, "TEHNICIAN OPERATOR TEHNICA DE CALCUL": 109, "TEHNICIAN IN GASTRONOMIE": 123, "TEHNICIAN IN INSTALATII ELECTRICE": 22}, "limba_moderna": {"LIMBA ENGLEZA": 1570, "LIMBA FRANCEZA": 257, "LIMBA RUSA": 1}, "limba_materna": {"LIMBA ROMANA": 1828}, "promotie_anterioara": {"NU": 1666, "DA": 162}, "materii": {"LIMBA ROMANA": {"medie": 6.465891684901542, "reusita": 61.050328227571114, "cnt": 1828}, "MATEMATICA MATE-INFO": {"medie": 7.288414634146344, "reusita": 78.86178861788618, "cnt": 246}, "BIOLOGIE VEGETALA SI ANIMALA": {"medie": 4.551719576719578, "reusita": 25.925925925925924, "cnt": 378}, "GENERAL": {"medie": 6.512746170678335, "reusita": 65.48140043763676, "cnt": 1828}, "CHIMIE ORGANICA TEO NIVEL I/II": {"medie": 9.072727272727272, "reusita": 100.0, "cnt": 22}, "INFORMATICA MI C/C++": {"medie": 7.739999999999998, "reusita": 80.0, "cnt": 30}, "CHIMIE ANORGANICA TEO NIVEL I/II": {"medie": 7.120930232558138, "reusita": 74.4186046511628, "cnt": 86}, "ISTORIE": {"medie": 6.922975929978114, "reusita": 70.02188183807439, "cnt": 457}, "GEOGRAFIE": {"medie": 7.480664062499997, "reusita": 88.671875, "cnt": 256}, "PSIHOLOGIE": {"medie": 8.48125, "reusita": 100.0, "cnt": 8}, "MATEMATICA ST-NAT": {"medie": 6.951245551601422, "reusita": 70.46263345195729, "cnt": 281}, "ANATOMIE SI FIZIOLOGIE UMANA, GENETICA SI ECOLOGIE UMANA": {"medie": 7.867222222222219, "reusita": 88.33333333333333, "cnt": 360}, "FIZICA TEO": {"medie": 7.01111111111111, "reusita": 72.22222222222221, "cnt": 18}, "MATEMATICA TEHN": {"medie": 4.9281990521327055, "reusita": 35.54502369668246, "cnt": 844}, "FIZICA TEH": {"medie": 4.1365384615384615, "reusita": 15.384615384615385, "cnt": 26}, "LOGICA, ARGUMENTARE SI COMUNICARE": {"medie": 7.792823712948526, "reusita": 88.76755070202809, "cnt": 641}, "CHIMIE ANORGANICA TEH NIVEL I/II": {"medie": 6.0, "reusita": 100.0, "cnt": 3}}, "nume": "COLEGIUL TEHNIC \"MIHAI BACESCU\" FALTICENI\tSuceava"}