{"specializari": {"TEHNICIAN IN CONSTRUCTII SI LUCRARI PUBLICE": 17, "TEHNICIAN IN ADMINISTRATIE": 10, "TEHNICIAN OPERATOR TEHNICA DE CALCUL": 50, "TEHNICIAN DESENATOR PENTRU CONSTRUCTII SI INSTALATII": 64, "TEHNICIAN MECATRONIST": 55, "TEHNICIAN IN AUTOMATIZARI": 9, "TEHNICIAN TRANSPORTURI": 195, "TEHNICIAN IN TURISM": 206, "TEHNICIAN IN ACTIVITATI ECONOMICE": 250, "TEHNICIAN IN HOTELARIE": 115, "TEHNICIAN IN INDUSTRIA ALIMENTARA": 2}, "limba_moderna": {"LIMBA ENGLEZA": 936, "LIMBA FRANCEZA": 37}, "limba_materna": {"LIMBA ROMANA": 973}, "promotie_anterioara": {"NU": 807, "DA": 166}, "materii": {"LIMBA ROMANA": {"medie": 5.889568345323745, "reusita": 48.098663926002054, "cnt": 973}, "BIOLOGIE VEGETALA SI ANIMALA": {"medie": 4.127897574123987, "reusita": 19.137466307277627, "cnt": 371}, "GENERAL": {"medie": 5.896420006851657, "reusita": 50.87358684480987, "cnt": 973}, "GEOGRAFIE": {"medie": 7.394795539033452, "reusita": 84.75836431226766, "cnt": 538}, "PSIHOLOGIE": {"medie": 6.7266666666666675, "reusita": 73.33333333333333, "cnt": 30}, "MATEMATICA TEHN": {"medie": 5.763566289825289, "reusita": 50.976361767728676, "cnt": 973}, "FIZICA TEH": {"medie": 3.3833333333333333, "reusita": 0.0, "cnt": 6}, "ECONOMIE": {"medie": 4.95, "reusita": 33.33333333333333, "cnt": 3}, "LOGICA, ARGUMENTARE SI COMUNICARE": {"medie": 6.15, "reusita": 60.0, "cnt": 10}, "CHIMIE ANORGANICA TEH NIVEL I/II": {"medie": 4.323333333333334, "reusita": 20.0, "cnt": 15}}, "nume": "COLEGIUL TEHNIC \"MIRON COSTIN\", MUNICIPIUL ROMAN\tNeam\u021b"}