{"specializari": {"MATEMATICA-INFORMATICA": 78, "FILOLOGIE": 13, "TEHNICIAN IN TURISM": 96, "TEHNICIAN IN AUTOMATIZARI": 4, "TEHNICIAN IN ACTIVITATI ECONOMICE": 131, "STIINTE ALE NATURII": 65}, "limba_moderna": {"LIMBA ENGLEZA": 381, "LIMBA GERMANA MODERNA": 6}, "limba_materna": {"LIMBA MAGHIARA": 387}, "promotie_anterioara": {"NU": 332, "DA": 55}, "materii": {"LIMBA ROMANA": {"medie": 5.802273901808778, "reusita": 47.54521963824289, "cnt": 387}, "MATEMATICA MATE-INFO": {"medie": 7.019230769230769, "reusita": 66.66666666666666, "cnt": 78}, "BIOLOGIE VEGETALA SI ANIMALA": {"medie": 7.309523809523808, "reusita": 71.42857142857143, "cnt": 21}, "GENERAL": {"medie": 6.733158914728684, "reusita": 61.49870801033591, "cnt": 387}, "CHIMIE ORGANICA TEO NIVEL I/II": {"medie": 8.95, "reusita": 85.71428571428571, "cnt": 7}, "INFORMATICA MI C/C++": {"medie": 7.793103448275861, "reusita": 82.75862068965517, "cnt": 29}, "CHIMIE ANORGANICA TEO NIVEL I/II": {"medie": 8.022222222222222, "reusita": 88.88888888888889, "cnt": 9}, "ISTORIE": {"medie": 5.015384615384614, "reusita": 23.076923076923077, "cnt": 13}, "GEOGRAFIE": {"medie": 7.416438356164387, "reusita": 84.01826484018264, "cnt": 219}, "PSIHOLOGIE": {"medie": 5.147619047619048, "reusita": 42.857142857142854, "cnt": 21}, "MATEMATICA ST-NAT": {"medie": 6.902307692307692, "reusita": 70.76923076923077, "cnt": 65}, "ANATOMIE SI FIZIOLOGIE UMANA, GENETICA SI ECOLOGIE UMANA": {"medie": 8.92051282051282, "reusita": 98.71794871794873, "cnt": 78}, "FIZICA TEO": {"medie": 7.849999999999999, "reusita": 100.0, "cnt": 3}, "MATEMATICA TEHN": {"medie": 5.501948051948049, "reusita": 42.42424242424242, "cnt": 231}, "LIMBA MAGHIARA (REAL)": {"medie": 7.515641711229945, "reusita": 83.68983957219251, "cnt": 374}, "LIMBA MAGHIARA (UMAN)": {"medie": 5.253846153846155, "reusita": 53.84615384615385, "cnt": 13}}, "nume": "COLEGIUL\"CSIKY GERGELY\" ARAD\tArad"}