{"specializari": {"FILOLOGIE": 200, "STIINTE SOCIALE": 215, "MATEMATICA-INFORMATICA": 230, "INVATATOR - EDUCATOARE": 308}, "limba_moderna": {"LIMBA ENGLEZA": 948, "LIMBA SPANIOLA": 1, "LIMBA FRANCEZA": 3, "LIMBA GERMANA MODERNA": 1}, "limba_materna": {"LIMBA ROMANA": 953}, "promotie_anterioara": {"NU": 925, "DA": 28}, "materii": {"LIMBA ROMANA": {"medie": 7.298111227701996, "reusita": 78.59391395592866, "cnt": 953}, "MATEMATICA MATE-INFO": {"medie": 7.190652173913047, "reusita": 76.52173913043478, "cnt": 230}, "BIOLOGIE VEGETALA SI ANIMALA": {"medie": 6.208333333333333, "reusita": 33.33333333333333, "cnt": 6}, "GENERAL": {"medie": 7.741570479188518, "reusita": 90.97586568730324, "cnt": 953}, "CHIMIE ORGANICA TEO NIVEL I/II": {"medie": 7.1000000000000005, "reusita": 79.48717948717949, "cnt": 39}, "INFORMATICA MI C/C++": {"medie": 7.688749999999999, "reusita": 92.5, "cnt": 40}, "CHIMIE ANORGANICA TEO NIVEL I/II": {"medie": 5.525, "reusita": 0.0, "cnt": 2}, "ISTORIE": {"medie": 7.946506024096387, "reusita": 89.63855421686748, "cnt": 415}, "GEOGRAFIE": {"medie": 7.898046875, "reusita": 89.0625, "cnt": 128}, "PSIHOLOGIE": {"medie": 8.04473684210526, "reusita": 92.10526315789474, "cnt": 38}, "ANATOMIE SI FIZIOLOGIE UMANA, GENETICA SI ECOLOGIE UMANA": {"medie": 7.644660194174757, "reusita": 81.55339805825243, "cnt": 103}, "FIZICA TEO": {"medie": 7.543750000000001, "reusita": 80.0, "cnt": 40}, "FILOSOFIE": {"medie": 7.714999999999999, "reusita": 90.0, "cnt": 10}, "ECONOMIE": {"medie": 8.124999999999998, "reusita": 100.0, "cnt": 10}, "LOGICA, ARGUMENTARE SI COMUNICARE": {"medie": 8.734550561797759, "reusita": 96.06741573033707, "cnt": 534}, "MATEMATICA PED": {"medie": 7.593668831168831, "reusita": 86.03896103896103, "cnt": 308}, "SOCIOLOGIE": {"medie": 8.783333333333333, "reusita": 100.0, "cnt": 3}}, "nume": "COLEGIUL NATIONAL PEDAGOGIC \"CONSTANTIN BRATESCU\" CONSTANTA\tConstan\u021ba"}