{"specializari": {"TEHNICIAN ECOLOG SI PROTECTIA CALITATII MEDIULUI": 374, "TEHNICIAN DESIGNER VESTIMENTAR": 110, "TEHNICIAN ANALIZE PRODUSE ALIMENTARE": 368, "TEHNICIAN IN GASTRONOMIE": 89, "TEHNICIAN CHIMIST DE LABORATOR": 130, "TEHNICIAN DE TELECOMUNICATII": 162, "TEHNICIAN DESENATOR PENTRU CONSTRUCTII SI INSTALATII": 79, "TEHNICIAN MECATRONIST": 75, "TEHNICIAN PRELUCRARI PE MASINI CU COMANDA NUMERICA": 28, "TEHNICIAN OPERATOR TEHNICA DE CALCUL": 144, "TEHNICIAN IN INDUSTRIA ALIMENTARA": 113, "TEHNICIAN IN CONSTRUCTII SI LUCRARI PUBLICE": 4, "MATEMATICA-INFORMATICA": 3, "TEHNICIAN ELECTROTEHNIST": 3, "TEHNICIAN OPERATOR PROCESARE TEXT IMAGINE": 2, "TEHNICIAN PRELUCRARI MECANICE": 2, "STIINTE ALE NATURII": 2, "TEHNICIAN IN CHIMIE INDUSTRIALA": 4, "FILOLOGIE": 7, "STIINTE SOCIALE": 89}, "limba_moderna": {"LIMBA FRANCEZA": 155, "LIMBA ENGLEZA": 1633}, "limba_materna": {"LIMBA ROMANA": 1788}, "promotie_anterioara": {"NU": 1444, "DA": 344}, "materii": {"LIMBA ROMANA": {"medie": 4.84177852348993, "reusita": 30.033557046979865, "cnt": 1788}, "MATEMATICA MATE-INFO": {"medie": 4.183333333333334, "reusita": 0.0, "cnt": 3}, "BIOLOGIE VEGETALA SI ANIMALA": {"medie": 3.4845670391061443, "reusita": 17.178770949720672, "cnt": 716}, "GENERAL": {"medie": 4.460328113348253, "reusita": 25.838926174496645, "cnt": 1788}, "ISTORIE": {"medie": 5.4171875, "reusita": 36.45833333333333, "cnt": 96}, "GEOGRAFIE": {"medie": 6.056626506024098, "reusita": 60.24096385542169, "cnt": 83}, "PSIHOLOGIE": {"medie": 6.875000000000002, "reusita": 80.0, "cnt": 10}, "MATEMATICA ST-NAT": {"medie": 5.25, "reusita": 0.0, "cnt": 2}, "ANATOMIE SI FIZIOLOGIE UMANA, GENETICA SI ECOLOGIE UMANA": {"medie": 4.760359116022106, "reusita": 35.22099447513812, "cnt": 724}, "MATEMATICA TEHN": {"medie": 4.091375222288085, "reusita": 26.911677534084173, "cnt": 1687}, "FIZICA TEH": {"medie": 4.64, "reusita": 25.263157894736842, "cnt": 95}, "LOGICA, ARGUMENTARE SI COMUNICARE": {"medie": 5.728235294117648, "reusita": 55.294117647058826, "cnt": 85}, "SOCIOLOGIE": {"medie": 4.357142857142857, "reusita": 28.57142857142857, "cnt": 7}, "CHIMIE ANORGANICA TEH NIVEL I/II": {"medie": 4.668918918918919, "reusita": 29.72972972972973, "cnt": 37}, "CHIMIE ORGANICA TEH NIVEL I/II": {"medie": 5.774193548387097, "reusita": 61.29032258064516, "cnt": 31}}, "nume": "COLEGIUL TEHNIC \"GHEORGHE CARTIANU\", MUNICIPIUL PIATRA-NEAMT\tNeam\u021b"}