{"specializari": {"MATEMATICA-INFORMATICA": 171, "TEHNICIAN IN TURISM": 203, "TEHNICIAN ELECTRICIAN/ELECTRONIST AUTO": 185, "TEHNICIAN IN CONSTRUCTII SI LUCRARI PUBLICE": 2, "TEHNICIAN TRANSPORTURI": 381, "TEHNICIAN OPERATOR TEHNICA DE CALCUL": 22, "TEHNICIAN ELECTROTEHNIST": 32, "TEHNICIAN IN HOTELARIE": 81, "TEHNICIAN ELECTRONIST": 1, "TEHNICIAN IN SILVICULTURA SI EXPLOATARI FORESTIERE": 1, "TEHNICIAN DE TELECOMUNICATII": 1, "TEHNICIAN ANALIZE PRODUSE ALIMENTARE": 1, "TEHNICIAN ECOLOG SI PROTECTIA CALITATII MEDIULUI": 1, "LICEU CU PROGRAM SPORTIV": 50}, "limba_moderna": {"LIMBA ENGLEZA": 1108, "LIMBA FRANCEZA": 24}, "limba_materna": {"LIMBA ROMANA": 1132}, "promotie_anterioara": {"NU": 550, "DA": 582}, "materii": {"LIMBA ROMANA": {"medie": 4.912720848056547, "reusita": 27.915194346289752, "cnt": 1132}, "MATEMATICA MATE-INFO": {"medie": 3.4584795321637425, "reusita": 11.695906432748536, "cnt": 171}, "BIOLOGIE VEGETALA SI ANIMALA": {"medie": 3.790900900900897, "reusita": 17.83783783783784, "cnt": 555}, "GENERAL": {"medie": 4.492770906949351, "reusita": 17.137809187279153, "cnt": 1132}, "CHIMIE ORGANICA TEO NIVEL I/II": {"medie": 8.275, "reusita": 100.0, "cnt": 2}, "CHIMIE ANORGANICA TEO NIVEL I/II": {"medie": 6.5, "reusita": 50.0, "cnt": 2}, "ISTORIE": {"medie": 5.318, "reusita": 24.0, "cnt": 50}, "GEOGRAFIE": {"medie": 6.3855421686747, "reusita": 65.36144578313254, "cnt": 332}, "ANATOMIE SI FIZIOLOGIE UMANA, GENETICA SI ECOLOGIE UMANA": {"medie": 4.636363636363637, "reusita": 12.121212121212121, "cnt": 33}, "MATEMATICA TEHN": {"medie": 4.123216245883647, "reusita": 25.57628979143798, "cnt": 911}, "FIZICA TEH": {"medie": 3.2121212121212115, "reusita": 9.090909090909092, "cnt": 198}, "LOGICA, ARGUMENTARE SI COMUNICARE": {"medie": 5.5, "reusita": 50.0, "cnt": 2}, "CHIMIE ANORGANICA TEH NIVEL I/II": {"medie": 6.225, "reusita": 100.0, "cnt": 2}, "CHIMIE ORGANICA TEH NIVEL I/II": {"medie": 2.7916666666666665, "reusita": 0.0, "cnt": 6}}, "nume": "COLEGIUL TEHNIC \"IULIU MANIU\"\tBucure\u0219ti"}