{"specializari": {"STIINTE ALE NATURII": 200, "MATEMATICA-INFORMATICA": 210, "FILOLOGIE": 218}, "limba_moderna": {"LIMBA ENGLEZA": 604, "LIMBA GERMANA MODERNA": 13, "LIMBA FRANCEZA": 7, "LIMBA SPANIOLA": 4}, "limba_materna": {"LIMBA ROMANA": 628}, "promotie_anterioara": {"DA": 129, "NU": 499}, "materii": {"LIMBA ROMANA": {"medie": 6.970621019108283, "reusita": 75.47770700636943, "cnt": 628}, "MATEMATICA MATE-INFO": {"medie": 5.026190476190475, "reusita": 37.142857142857146, "cnt": 210}, "BIOLOGIE VEGETALA SI ANIMALA": {"medie": 6.13243243243243, "reusita": 61.261261261261254, "cnt": 222}, "GENERAL": {"medie": 6.557802547770689, "reusita": 65.76433121019109, "cnt": 628}, "CHIMIE ORGANICA TEO NIVEL I/II": {"medie": 6.616666666666666, "reusita": 55.55555555555556, "cnt": 9}, "INFORMATICA MI C/C++": {"medie": 5.9612500000000015, "reusita": 48.75, "cnt": 80}, "ISTORIE": {"medie": 7.089908256880731, "reusita": 75.22935779816514, "cnt": 218}, "GEOGRAFIE": {"medie": 7.759200000000002, "reusita": 89.60000000000001, "cnt": 125}, "PSIHOLOGIE": {"medie": 7.6499999999999995, "reusita": 90.9090909090909, "cnt": 11}, "MATEMATICA ST-NAT": {"medie": 5.19125, "reusita": 37.5, "cnt": 200}, "ANATOMIE SI FIZIOLOGIE UMANA, GENETICA SI ECOLOGIE UMANA": {"medie": 7.172680412371131, "reusita": 77.31958762886599, "cnt": 97}, "FIZICA TEO": {"medie": 5.15, "reusita": 0.0, "cnt": 1}, "ECONOMIE": {"medie": 3.25, "reusita": 0.0, "cnt": 1}, "LOGICA, ARGUMENTARE SI COMUNICARE": {"medie": 8.434415584415586, "reusita": 93.5064935064935, "cnt": 77}, "SOCIOLOGIE": {"medie": 6.387499999999999, "reusita": 75.0, "cnt": 4}, "INFORMATICA MI PASCAL": {"medie": 6.95, "reusita": 100.0, "cnt": 1}}, "nume": "COLEGIUL NATIONAL \"MIRCEA ELIADE\" RESITA\tCara\u0219-Severin"}