{"specializari": {"MATEMATICA-INFORMATICA": 183, "STIINTE ALE NATURII": 393, "STIINTE SOCIALE": 232}, "limba_moderna": {"LIMBA ENGLEZA": 804, "LIMBA FRANCEZA": 4}, "limba_materna": {"LIMBA ROMANA": 808}, "promotie_anterioara": {"NU": 806, "DA": 2}, "materii": {"LIMBA ROMANA": {"medie": 8.275556930693075, "reusita": 94.92574257425743, "cnt": 808}, "MATEMATICA MATE-INFO": {"medie": 9.399999999999995, "reusita": 99.4535519125683, "cnt": 183}, "BIOLOGIE VEGETALA SI ANIMALA": {"medie": 9.6, "reusita": 100.0, "cnt": 2}, "GENERAL": {"medie": 8.755981848184822, "reusita": 99.25742574257426, "cnt": 808}, "CHIMIE ORGANICA TEO NIVEL I/II": {"medie": 8.683333333333334, "reusita": 100.0, "cnt": 6}, "INFORMATICA MI C/C++": {"medie": 9.15496688741722, "reusita": 99.33774834437085, "cnt": 151}, "CHIMIE ANORGANICA TEO NIVEL I/II": {"medie": 9.20952380952381, "reusita": 100.0, "cnt": 21}, "ISTORIE": {"medie": 8.946982758620686, "reusita": 98.70689655172413, "cnt": 232}, "GEOGRAFIE": {"medie": 8.582352941176474, "reusita": 96.32352941176471, "cnt": 136}, "MATEMATICA ST-NAT": {"medie": 8.591857506361327, "reusita": 98.21882951653944, "cnt": 393}, "ANATOMIE SI FIZIOLOGIE UMANA, GENETICA SI ECOLOGIE UMANA": {"medie": 9.333239436619719, "reusita": 99.71830985915493, "cnt": 355}, "FIZICA TEO": {"medie": 8.44047619047619, "reusita": 95.23809523809523, "cnt": 21}, "FILOSOFIE": {"medie": 10.0, "reusita": 100.0, "cnt": 1}, "INFORMATICA SN C/C++": {"medie": 8.3325, "reusita": 95.0, "cnt": 20}, "ECONOMIE": {"medie": 9.8, "reusita": 100.0, "cnt": 1}, "LOGICA, ARGUMENTARE SI COMUNICARE": {"medie": 9.238775510204082, "reusita": 95.91836734693877, "cnt": 49}, "SOCIOLOGIE": {"medie": 9.363333333333333, "reusita": 97.77777777777777, "cnt": 45}}, "nume": "COLEGIUL NATIONAL \"MIHAI VITEAZUL\" TURDA\tCluj"}