{"specializari": {"MATEMATICA-INFORMATICA": 1217, "STIINTE SOCIALE": 2}, "limba_moderna": {"LIMBA ENGLEZA": 1173, "LIMBA FRANCEZA": 26, "LIMBA GERMANA MODERNA": 20}, "limba_materna": {"LIMBA ROMANA": 1219}, "promotie_anterioara": {"NU": 1188, "DA": 31}, "materii": {"LIMBA ROMANA": {"medie": 7.847703035274812, "reusita": 91.46841673502871, "cnt": 1219}, "MATEMATICA MATE-INFO": {"medie": 8.164009860312252, "reusita": 87.42810188989318, "cnt": 1217}, "BIOLOGIE VEGETALA SI ANIMALA": {"medie": 8.080769230769231, "reusita": 92.3076923076923, "cnt": 13}, "GENERAL": {"medie": 8.069100355482643, "reusita": 92.616899097621, "cnt": 1219}, "CHIMIE ORGANICA TEO NIVEL I/II": {"medie": 8.496428571428568, "reusita": 92.85714285714286, "cnt": 28}, "INFORMATICA MI C/C++": {"medie": 8.3431506849315, "reusita": 91.26712328767124, "cnt": 584}, "CHIMIE ANORGANICA TEO NIVEL I/II": {"medie": 8.05, "reusita": 100.0, "cnt": 2}, "ISTORIE": {"medie": 5.2, "reusita": 0.0, "cnt": 2}, "GEOGRAFIE": {"medie": 6.800000000000001, "reusita": 100.0, "cnt": 2}, "ANATOMIE SI FIZIOLOGIE UMANA, GENETICA SI ECOLOGIE UMANA": {"medie": 8.21423444976077, "reusita": 91.38755980861244, "cnt": 418}, "FIZICA TEO": {"medie": 7.661337209302322, "reusita": 83.13953488372093, "cnt": 172}}, "nume": "COLEGIUL NATIONAL DE INFORMATICA, MUNICIPIUL PIATRA-NEAMT\tNeam\u021b"}