{"specializari": {"TEHNICIAN OPERATOR TEHNICA DE CALCUL": 105, "TEHNICIAN PROIECTANT CAD": 44, "TEHNICIAN IN ACTIVITATI ECONOMICE": 129, "TEHNICIAN MECATRONIST": 7, "TEHNICIAN IN INSTALATII ELECTRICE": 5, "TEHNICIAN ELECTROMECANIC": 14, "TEHNICIAN CHIMIST DE LABORATOR": 1, "STIINTE ALE NATURII": 6, "TEHNICIAN PRELUCRARI MECANICE": 6}, "limba_moderna": {"LIMBA ENGLEZA": 287, "LIMBA FRANCEZA": 30}, "limba_materna": {"LIMBA ROMANA": 317}, "promotie_anterioara": {"NU": 254, "DA": 63}, "materii": {"LIMBA ROMANA": {"medie": 5.819400630914823, "reusita": 48.580441640378545, "cnt": 317}, "BIOLOGIE VEGETALA SI ANIMALA": {"medie": 4.332692307692308, "reusita": 29.67032967032967, "cnt": 182}, "GENERAL": {"medie": 5.717928496319663, "reusita": 47.3186119873817, "cnt": 317}, "GEOGRAFIE": {"medie": 7.712500000000003, "reusita": 87.0, "cnt": 100}, "MATEMATICA ST-NAT": {"medie": 1.5333333333333332, "reusita": 0.0, "cnt": 6}, "MATEMATICA TEHN": {"medie": 5.758520900321543, "reusita": 48.87459807073955, "cnt": 311}, "FIZICA TEH": {"medie": 3.1625000000000005, "reusita": 0.0, "cnt": 4}, "ECONOMIE": {"medie": 8.3, "reusita": 100.0, "cnt": 1}, "LOGICA, ARGUMENTARE SI COMUNICARE": {"medie": 7.198214285714286, "reusita": 71.42857142857143, "cnt": 28}, "CHIMIE ORGANICA TEH NIVEL I/II": {"medie": 5.3, "reusita": 0.0, "cnt": 2}}, "nume": "COLEGIUL TEHNIC \"ION D. LAZARESCU\" CUGIR\tAlba"}