{"specializari": {"TEHNICIAN IN ACTIVITATI ECONOMICE": 1246, "TEHNICIAN IN TURISM": 452, "MATEMATICA-INFORMATICA": 1}, "limba_moderna": {"LIMBA ENGLEZA": 1529, "LIMBA FRANCEZA": 86, "LIMBA SPANIOLA": 71, "LIMBA TURCA MODERNA": 5, "LIMBA CHINEZA": 8}, "limba_materna": {"LIMBA ROMANA": 1699}, "promotie_anterioara": {"NU": 1606, "DA": 93}, "materii": {"LIMBA ROMANA": {"medie": 7.0067686874632145, "reusita": 76.75103001765744, "cnt": 1699}, "MATEMATICA MATE-INFO": {"medie": 3.35, "reusita": 0.0, "cnt": 1}, "BIOLOGIE VEGETALA SI ANIMALA": {"medie": 6.0, "reusita": 100.0, "cnt": 1}, "GENERAL": {"medie": 7.44909750833824, "reusita": 86.63919952913479, "cnt": 1699}, "GEOGRAFIE": {"medie": 8.340165224232887, "reusita": 97.24626278520849, "cnt": 1271}, "PSIHOLOGIE": {"medie": 6.962244897959181, "reusita": 73.46938775510205, "cnt": 49}, "MATEMATICA TEHN": {"medie": 7.4314193168433444, "reusita": 81.38987043580683, "cnt": 1698}, "ECONOMIE": {"medie": 6.208059210526315, "reusita": 56.25, "cnt": 304}, "LOGICA, ARGUMENTARE SI COMUNICARE": {"medie": 8.20135135135135, "reusita": 97.2972972972973, "cnt": 74}}, "nume": "COLEGIUL ECONOMIC \"A.D.XENOPOL\"\tBucure\u0219ti"}