{"specializari": {"FILOLOGIE": 312, "MATEMATICA-INFORMATICA": 228, "STIINTE SOCIALE": 240, "STIINTE ALE NATURII": 367}, "limba_moderna": {"LIMBA ENGLEZA": 922, "LIMBA FRANCEZA": 178, "LIMBA ITALIANA": 34, "LIMBA GERMANA MODERNA": 6, "LIMBA SPANIOLA": 6, "LIMBA RUSA": 1}, "limba_materna": {"LIMBA ROMANA": 1147}, "promotie_anterioara": {"NU": 1135, "DA": 12}, "materii": {"LIMBA ROMANA": {"medie": 8.239450741063647, "reusita": 94.76896251089799, "cnt": 1147}, "MATEMATICA MATE-INFO": {"medie": 8.528508771929827, "reusita": 96.05263157894737, "cnt": 228}, "BIOLOGIE VEGETALA SI ANIMALA": {"medie": 9.1375, "reusita": 100.0, "cnt": 4}, "GENERAL": {"medie": 8.418541121766939, "reusita": 97.38448125544899, "cnt": 1147}, "CHIMIE ORGANICA TEO NIVEL I/II": {"medie": 8.872916666666669, "reusita": 97.91666666666666, "cnt": 48}, "INFORMATICA MI C/C++": {"medie": 8.552941176470584, "reusita": 96.07843137254902, "cnt": 102}, "CHIMIE ANORGANICA TEO NIVEL I/II": {"medie": 8.111999999999998, "reusita": 92.0, "cnt": 25}, "ISTORIE": {"medie": 8.024275362318841, "reusita": 94.02173913043478, "cnt": 552}, "GEOGRAFIE": {"medie": 8.719349845201243, "reusita": 98.45201238390094, "cnt": 323}, "PSIHOLOGIE": {"medie": 8.78888888888889, "reusita": 100.0, "cnt": 9}, "MATEMATICA ST-NAT": {"medie": 8.407356948228887, "reusita": 94.00544959128065, "cnt": 367}, "ANATOMIE SI FIZIOLOGIE UMANA, GENETICA SI ECOLOGIE UMANA": {"medie": 9.032692307692304, "reusita": 98.62637362637363, "cnt": 364}, "FIZICA TEO": {"medie": 7.556, "reusita": 80.0, "cnt": 25}, "FILOSOFIE": {"medie": 4.4, "reusita": 50.0, "cnt": 2}, "INFORMATICA SN C/C++": {"medie": 8.457407407407409, "reusita": 92.5925925925926, "cnt": 27}, "ECONOMIE": {"medie": 9.049999999999999, "reusita": 100.0, "cnt": 6}, "LOGICA, ARGUMENTARE SI COMUNICARE": {"medie": 8.836419753086417, "reusita": 96.91358024691358, "cnt": 162}, "SOCIOLOGIE": {"medie": 8.506, "reusita": 98.0, "cnt": 50}}, "nume": "COLEGIUL NATIONAL \"GARABET IBRAILEANU\", IASI\tIa\u0219i"}