{"specializari": {"MATEMATICA-INFORMATICA": 965, "FILOLOGIE": 665, "STIINTE ALE NATURII": 397}, "limba_moderna": {"LIMBA ENGLEZA": 1696, "LIMBA FRANCEZA": 204, "LIMBA GERMANA MODERNA": 8, "LIMBA SPANIOLA": 119}, "limba_materna": {"LIMBA ROMANA": 2027}, "promotie_anterioara": {"NU": 2015, "DA": 12}, "materii": {"LIMBA ROMANA": {"medie": 8.489985199802666, "reusita": 96.15194869264924, "cnt": 2027}, "MATEMATICA MATE-INFO": {"medie": 8.840880829015536, "reusita": 95.85492227979275, "cnt": 965}, "BIOLOGIE VEGETALA SI ANIMALA": {"medie": 8.854166666666666, "reusita": 91.66666666666666, "cnt": 12}, "GENERAL": {"medie": 8.75498273310313, "reusita": 98.66798223976319, "cnt": 2027}, "CHIMIE ORGANICA TEO NIVEL I/II": {"medie": 9.372727272727275, "reusita": 100.0, "cnt": 66}, "INFORMATICA MI C/C++": {"medie": 9.034230769230764, "reusita": 98.07692307692307, "cnt": 260}, "CHIMIE ANORGANICA TEO NIVEL I/II": {"medie": 10.0, "reusita": 100.0, "cnt": 1}, "ISTORIE": {"medie": 8.347293233082697, "reusita": 94.13533834586467, "cnt": 665}, "GEOGRAFIE": {"medie": 9.215625000000001, "reusita": 100.0, "cnt": 32}, "PSIHOLOGIE": {"medie": 9.035416666666665, "reusita": 100.0, "cnt": 24}, "MATEMATICA ST-NAT": {"medie": 8.85541561712846, "reusita": 97.48110831234257, "cnt": 397}, "ANATOMIE SI FIZIOLOGIE UMANA, GENETICA SI ECOLOGIE UMANA": {"medie": 9.07625298329356, "reusita": 98.56801909307876, "cnt": 838}, "FIZICA TEO": {"medie": 8.832162162162161, "reusita": 95.13513513513514, "cnt": 185}, "FILOSOFIE": {"medie": 7.45, "reusita": 50.0, "cnt": 4}, "ECONOMIE": {"medie": 8.835483870967739, "reusita": 100.0, "cnt": 31}, "LOGICA, ARGUMENTARE SI COMUNICARE": {"medie": 9.220942408376974, "reusita": 99.12739965095986, "cnt": 573}, "SOCIOLOGIE": {"medie": 9.2, "reusita": 100.0, "cnt": 1}}, "nume": "COLEGIUL NATIONAL \"CAROL I\" CRAIOVA\tDolj"}