{"specializari": {"ORGANIZATOR BANQUETING": 155, "TEHNICIAN OPERATOR TEHNICA DE CALCUL": 318, "TEHNICIAN MECANIC PENTRU INTRETINERE SI REPARATII": 27, "TEHNICIAN IN ADMINISTRATIE": 205, "TEHNICIAN MECATRONIST": 232}, "limba_moderna": {"LIMBA ENGLEZA": 921, "LIMBA GERMANA MODERNA": 7, "LIMBA FRANCEZA": 9}, "limba_materna": {"LIMBA ROMANA": 937}, "promotie_anterioara": {"DA": 227, "NU": 710}, "materii": {"LIMBA ROMANA": {"medie": 6.1525613660619065, "reusita": 53.255069370330844, "cnt": 937}, "BIOLOGIE VEGETALA SI ANIMALA": {"medie": 5.13320079522863, "reusita": 39.960238568588466, "cnt": 503}, "GENERAL": {"medie": 6.1358235503379674, "reusita": 57.20384204909285, "cnt": 937}, "GEOGRAFIE": {"medie": 7.494602272727269, "reusita": 86.36363636363636, "cnt": 352}, "PSIHOLOGIE": {"medie": 5.61, "reusita": 40.0, "cnt": 5}, "MATEMATICA TEHN": {"medie": 6.153201707577375, "reusita": 56.45677694770544, "cnt": 937}, "FIZICA TEH": {"medie": 6.173611111111108, "reusita": 51.388888888888886, "cnt": 72}, "LOGICA, ARGUMENTARE SI COMUNICARE": {"medie": 5.6000000000000005, "reusita": 66.66666666666666, "cnt": 3}, "CHIMIE ANORGANICA TEH NIVEL I/II": {"medie": 3.925, "reusita": 50.0, "cnt": 2}}, "nume": "COLEGIUL TEHNIC \"HENRI COANDA\" TIMISOARA\tTimi\u0219"}