{"specializari": {"TEHNICIAN ECOLOG SI PROTECTIA CALITATII MEDIULUI": 61, "TEHNICIAN CHIMIST DE LABORATOR": 78, "TEHNICIAN IN AUTOMATIZARI": 37, "TEHNICIAN ELECTROMECANIC": 34, "TEHNICIAN IN CHIMIE INDUSTRIALA": 7, "TEHNICIAN MECANIC PENTRU INTRETINERE SI REPARATII": 3}, "limba_moderna": {"LIMBA ENGLEZA": 192, "LIMBA GERMANA MODERNA": 2, "LIMBA FRANCEZA": 26}, "limba_materna": {"LIMBA ROMANA": 220}, "promotie_anterioara": {"NU": 179, "DA": 41}, "materii": {"LIMBA ROMANA": {"medie": 6.156818181818188, "reusita": 55.90909090909091, "cnt": 220}, "BIOLOGIE VEGETALA SI ANIMALA": {"medie": 5.975652173913048, "reusita": 55.65217391304348, "cnt": 115}, "GENERAL": {"medie": 6.226893939393942, "reusita": 63.18181818181819, "cnt": 220}, "ANATOMIE SI FIZIOLOGIE UMANA, GENETICA SI ECOLOGIE UMANA": {"medie": 6.875510204081634, "reusita": 73.46938775510205, "cnt": 49}, "MATEMATICA TEHN": {"medie": 6.40068181818182, "reusita": 65.0, "cnt": 220}, "FIZICA TEH": {"medie": 6.314285714285714, "reusita": 57.14285714285714, "cnt": 14}, "CHIMIE ANORGANICA TEH NIVEL I/II": {"medie": 5.652777777777778, "reusita": 38.88888888888889, "cnt": 36}, "CHIMIE ORGANICA TEH NIVEL I/II": {"medie": 5.183333333333334, "reusita": 16.666666666666664, "cnt": 6}}, "nume": "COLEGIUL TEHNIC \"COSTIN D. NENITESCU\"\tArge\u0219"}