{"specializari": {"MATEMATICA-INFORMATICA": 719, "FILOLOGIE": 448}, "limba_moderna": {"LIMBA ENGLEZA": 1048, "LIMBA FRANCEZA": 119}, "limba_materna": {"LIMBA ROMANA": 1167}, "promotie_anterioara": {"NU": 1142, "DA": 25}, "materii": {"LIMBA ROMANA": {"medie": 8.084532990574118, "reusita": 91.08826049700086, "cnt": 1167}, "MATEMATICA MATE-INFO": {"medie": 8.317037552155774, "reusita": 90.82058414464534, "cnt": 719}, "BIOLOGIE VEGETALA SI ANIMALA": {"medie": 7.179166666666667, "reusita": 75.0, "cnt": 12}, "GENERAL": {"medie": 8.308754641530996, "reusita": 94.60154241645245, "cnt": 1167}, "CHIMIE ORGANICA TEO NIVEL I/II": {"medie": 8.588297872340426, "reusita": 91.48936170212765, "cnt": 47}, "INFORMATICA MI C/C++": {"medie": 7.660659898477153, "reusita": 79.69543147208121, "cnt": 197}, "CHIMIE ANORGANICA TEO NIVEL I/II": {"medie": 6.354347826086956, "reusita": 65.21739130434783, "cnt": 23}, "ISTORIE": {"medie": 8.451450892857146, "reusita": 94.64285714285714, "cnt": 448}, "GEOGRAFIE": {"medie": 8.758674698795184, "reusita": 97.59036144578313, "cnt": 415}, "PSIHOLOGIE": {"medie": 8.577777777777778, "reusita": 100.0, "cnt": 9}, "ANATOMIE SI FIZIOLOGIE UMANA, GENETICA SI ECOLOGIE UMANA": {"medie": 8.755144032921802, "reusita": 97.11934156378601, "cnt": 243}, "FIZICA TEO": {"medie": 8.614720812182739, "reusita": 93.4010152284264, "cnt": 197}, "ECONOMIE": {"medie": 8.873333333333333, "reusita": 100.0, "cnt": 15}, "SOCIOLOGIE": {"medie": 8.138888888888888, "reusita": 100.0, "cnt": 9}}, "nume": "COLEGIUL NATIONAL \"CONSTANTIN CARABELLA\" TARGOVISTE\tD\u00e2mbovi\u021ba"}