{"specializari": {"FILOLOGIE": 209, "STIINTE SOCIALE": 221, "STIINTE ALE NATURII": 384, "MATEMATICA-INFORMATICA": 399, "TEHNICIAN IN AUTOMATIZARI": 2}, "limba_moderna": {"LIMBA ENGLEZA": 1118, "LIMBA GERMANA MODERNA": 97}, "limba_materna": {"LIMBA MAGHIARA": 1215}, "promotie_anterioara": {"NU": 1194, "DA": 21}, "materii": {"LIMBA ROMANA": {"medie": 6.852921810699596, "reusita": 75.22633744855966, "cnt": 1215}, "MATEMATICA MATE-INFO": {"medie": 8.134962406015042, "reusita": 91.22807017543859, "cnt": 399}, "BIOLOGIE VEGETALA SI ANIMALA": {"medie": 7.681818181818182, "reusita": 81.81818181818183, "cnt": 22}, "GENERAL": {"medie": 7.97692386831277, "reusita": 93.90946502057614, "cnt": 1215}, "CHIMIE ORGANICA TEO NIVEL I/II": {"medie": 8.514166666666666, "reusita": 95.0, "cnt": 120}, "INFORMATICA MI C/C++": {"medie": 8.331834532374096, "reusita": 92.44604316546763, "cnt": 278}, "CHIMIE ANORGANICA TEO NIVEL I/II": {"medie": 8.020454545454545, "reusita": 90.9090909090909, "cnt": 44}, "ISTORIE": {"medie": 8.289767441860459, "reusita": 95.34883720930233, "cnt": 430}, "GEOGRAFIE": {"medie": 8.864024390243904, "reusita": 98.78048780487805, "cnt": 82}, "PSIHOLOGIE": {"medie": 7.842105263157895, "reusita": 94.73684210526315, "cnt": 19}, "MATEMATICA ST-NAT": {"medie": 8.315234374999998, "reusita": 93.48958333333334, "cnt": 384}, "ANATOMIE SI FIZIOLOGIE UMANA, GENETICA SI ECOLOGIE UMANA": {"medie": 8.984343434343431, "reusita": 98.31649831649831, "cnt": 297}, "FIZICA TEO": {"medie": 8.666666666666666, "reusita": 94.44444444444444, "cnt": 18}, "FILOSOFIE": {"medie": 8.4625, "reusita": 100.0, "cnt": 4}, "MATEMATICA TEHN": {"medie": 4.375, "reusita": 0.0, "cnt": 2}, "INFORMATICA SN C/C++": {"medie": 8.416666666666668, "reusita": 100.0, "cnt": 6}, "ECONOMIE": {"medie": 7.424999999999999, "reusita": 75.0, "cnt": 4}, "LOGICA, ARGUMENTARE SI COMUNICARE": {"medie": 8.586057692307687, "reusita": 95.83333333333334, "cnt": 312}, "SOCIOLOGIE": {"medie": 8.63888888888889, "reusita": 100.0, "cnt": 9}, "LIMBA MAGHIARA (REAL)": {"medie": 8.365605095541401, "reusita": 97.70700636942675, "cnt": 785}, "LIMBA MAGHIARA (UMAN)": {"medie": 7.980465116279063, "reusita": 95.81395348837209, "cnt": 430}}, "nume": "COLEGIUL NATIONAL \"MARTON ARON\" MIERCUREA CIUC\tHarghita"}