{"specializari": {"TEHNICIAN IN GASTRONOMIE": 254, "TEHNICIAN IN ACTIVITATI ECONOMICE": 184, "TEHNICIAN IN TURISM": 240, "COAFOR STILIST": 164, "TEHNICIAN HORTICULTOR": 2, "TEHNICIAN OPERATOR TEHNICA DE CALCUL": 165, "TEHNICIAN ECOLOG SI PROTECTIA CALITATII MEDIULUI": 62, "TEHNICIAN IN ADMINISTRATIE": 121, "TEHNICIAN MECANIC PENTRU INTRETINERE SI REPARATII": 24, "TEHNICIAN ANALIZE PRODUSE ALIMENTARE": 112, "MATEMATICA-INFORMATICA": 49, "TEHNICIAN IN INDUSTRIA ALIMENTARA": 5}, "limba_moderna": {"LIMBA ENGLEZA": 1368, "LIMBA FRANCEZA": 8, "LIMBA RUSA": 2, "LIMBA GERMANA MODERNA": 4}, "limba_materna": {"LIMBA ROMANA": 1332, "LIMBA MAGHIARA": 50}, "promotie_anterioara": {"DA": 427, "NU": 955}, "materii": {"LIMBA ROMANA": {"medie": 5.404124457308254, "reusita": 35.528219971056444, "cnt": 1382}, "MATEMATICA MATE-INFO": {"medie": 3.805102040816326, "reusita": 14.285714285714285, "cnt": 49}, "BIOLOGIE VEGETALA SI ANIMALA": {"medie": 4.664655172413791, "reusita": 28.160919540229884, "cnt": 174}, "GENERAL": {"medie": 5.332570549927638, "reusita": 32.63386396526773, "cnt": 1382}, "INFORMATICA MI C/C++": {"medie": 6.0875, "reusita": 50.0, "cnt": 8}, "GEOGRAFIE": {"medie": 6.230213567839203, "reusita": 61.55778894472361, "cnt": 796}, "PSIHOLOGIE": {"medie": 6.005, "reusita": 60.0, "cnt": 10}, "ANATOMIE SI FIZIOLOGIE UMANA, GENETICA SI ECOLOGIE UMANA": {"medie": 5.633649289099529, "reusita": 48.34123222748815, "cnt": 211}, "MATEMATICA TEHN": {"medie": 4.600412603150795, "reusita": 26.70667666916729, "cnt": 1333}, "FIZICA TEH": {"medie": 4.749999999999998, "reusita": 30.0, "cnt": 20}, "ECONOMIE": {"medie": 7.175000000000001, "reusita": 100.0, "cnt": 2}, "LOGICA, ARGUMENTARE SI COMUNICARE": {"medie": 6.860322580645164, "reusita": 69.6774193548387, "cnt": 155}, "LIMBA MAGHIARA (REAL)": {"medie": 6.397, "reusita": 80.0, "cnt": 50}, "CHIMIE ORGANICA TEH NIVEL I/II": {"medie": 7.258333333333334, "reusita": 100.0, "cnt": 6}}, "nume": "COLEGIUL TEHNIC \"MIHAI VITEAZUL\" ORADEA\tBihor"}