{"specializari": {"ORGANIZATOR BANQUETING": 84, "TEHNICIAN ECOLOG SI PROTECTIA CALITATII MEDIULUI": 15, "TEHNICIAN DESENATOR PENTRU CONSTRUCTII SI INSTALATII": 23, "TEHNICIAN IN TURISM": 23, "TEHNICIAN TRANSPORTURI": 19, "TEHNICIAN IN ACTIVITATI ECONOMICE": 40, "TEHNICIAN ELECTROMECANIC": 2, "COAFOR STILIST": 8, "TEHNICIAN MECATRONIST": 1, "TEHNICIAN INSTALATOR PENTRU CONSTRUCTII": 1}, "limba_moderna": {"LIMBA ENGLEZA": 188, "LIMBA FRANCEZA": 28}, "limba_materna": {"LIMBA ROMANA": 216}, "promotie_anterioara": {"NU": 171, "DA": 45}, "materii": {"LIMBA ROMANA": {"medie": 5.693518518518516, "reusita": 47.22222222222222, "cnt": 216}, "BIOLOGIE VEGETALA SI ANIMALA": {"medie": 4.969056603773586, "reusita": 41.509433962264154, "cnt": 53}, "GENERAL": {"medie": 5.980416666666669, "reusita": 55.55555555555556, "cnt": 216}, "GEOGRAFIE": {"medie": 7.068402777777779, "reusita": 78.47222222222221, "cnt": 144}, "PSIHOLOGIE": {"medie": 5.15, "reusita": 50.0, "cnt": 4}, "ANATOMIE SI FIZIOLOGIE UMANA, GENETICA SI ECOLOGIE UMANA": {"medie": 4.55, "reusita": 25.0, "cnt": 4}, "MATEMATICA TEHN": {"medie": 5.934722222222224, "reusita": 59.25925925925925, "cnt": 216}, "FIZICA TEH": {"medie": 1.6, "reusita": 0.0, "cnt": 1}, "ECONOMIE": {"medie": 5.7, "reusita": 40.0, "cnt": 5}, "LOGICA, ARGUMENTARE SI COMUNICARE": {"medie": 3.25, "reusita": 0.0, "cnt": 2}, "CHIMIE ANORGANICA TEH NIVEL I/II": {"medie": 2.3333333333333335, "reusita": 0.0, "cnt": 3}}, "nume": "COLEGIUL TEHNIC \"DR. IOAN RATIU\" TURDA\tCluj"}