{"specializari": {"MATEMATICA-INFORMATICA": 356, "STIINTE ALE NATURII": 197, "FILOLOGIE": 237}, "limba_moderna": {"LIMBA ENGLEZA": 727, "LIMBA FRANCEZA": 31, "LIMBA GERMANA MODERNA": 32}, "limba_materna": {"LIMBA ROMANA": 790}, "promotie_anterioara": {"NU": 760, "DA": 30}, "materii": {"LIMBA ROMANA": {"medie": 8.25006329113923, "reusita": 92.40506329113924, "cnt": 790}, "MATEMATICA MATE-INFO": {"medie": 8.953230337078656, "reusita": 97.75280898876404, "cnt": 356}, "BIOLOGIE VEGETALA SI ANIMALA": {"medie": 8.363030303030301, "reusita": 96.36363636363636, "cnt": 165}, "GENERAL": {"medie": 8.420316455696211, "reusita": 95.69620253164557, "cnt": 790}, "CHIMIE ORGANICA TEO NIVEL I/II": {"medie": 8.848484848484848, "reusita": 96.96969696969697, "cnt": 33}, "INFORMATICA MI C/C++": {"medie": 8.758611111111108, "reusita": 97.22222222222221, "cnt": 180}, "ISTORIE": {"medie": 7.734177215189875, "reusita": 81.85654008438819, "cnt": 237}, "GEOGRAFIE": {"medie": 7.96115107913669, "reusita": 93.5251798561151, "cnt": 139}, "PSIHOLOGIE": {"medie": 8.02727272727273, "reusita": 86.36363636363636, "cnt": 22}, "MATEMATICA ST-NAT": {"medie": 8.408629441624358, "reusita": 94.41624365482234, "cnt": 197}, "ANATOMIE SI FIZIOLOGIE UMANA, GENETICA SI ECOLOGIE UMANA": {"medie": 9.08161764705882, "reusita": 99.26470588235294, "cnt": 136}, "FIZICA TEO": {"medie": 8.17763157894737, "reusita": 89.47368421052632, "cnt": 38}, "FILOSOFIE": {"medie": 8.837499999999999, "reusita": 100.0, "cnt": 4}, "INFORMATICA SN C/C++": {"medie": 6.75, "reusita": 100.0, "cnt": 1}, "LOGICA, ARGUMENTARE SI COMUNICARE": {"medie": 8.860833333333336, "reusita": 98.33333333333333, "cnt": 60}, "SOCIOLOGIE": {"medie": 9.208333333333334, "reusita": 100.0, "cnt": 12}}, "nume": "COLEGIUL NATIONAL \"TRAIAN LALESCU\" RESITA\tCara\u0219-Severin"}