{"specializari": {"MATEMATICA-INFORMATICA": 847, "STIINTE ALE NATURII": 353, "STIINTE SOCIALE": 279, "FILOLOGIE": 276}, "limba_moderna": {"LIMBA ENGLEZA": 1711, "LIMBA FRANCEZA": 39, "LIMBA GERMANA MODERNA": 5}, "limba_materna": {"LIMBA ROMANA": 1755}, "promotie_anterioara": {"NU": 1732, "DA": 23}, "materii": {"LIMBA ROMANA": {"medie": 8.480968660968662, "reusita": 95.66951566951568, "cnt": 1755}, "MATEMATICA MATE-INFO": {"medie": 8.490082644628107, "reusita": 94.21487603305785, "cnt": 847}, "BIOLOGIE VEGETALA SI ANIMALA": {"medie": 8.30869565217391, "reusita": 93.47826086956522, "cnt": 46}, "GENERAL": {"medie": 8.574966761633435, "reusita": 96.92307692307692, "cnt": 1755}, "CHIMIE ORGANICA TEO NIVEL I/II": {"medie": 8.71267123287671, "reusita": 97.94520547945206, "cnt": 146}, "INFORMATICA MI C/C++": {"medie": 8.314527027027026, "reusita": 93.24324324324324, "cnt": 148}, "CHIMIE ANORGANICA TEO NIVEL I/II": {"medie": 8.292857142857143, "reusita": 92.85714285714286, "cnt": 14}, "ISTORIE": {"medie": 8.720180180180183, "reusita": 95.67567567567568, "cnt": 555}, "GEOGRAFIE": {"medie": 8.878124999999995, "reusita": 100.0, "cnt": 64}, "PSIHOLOGIE": {"medie": 8.868333333333332, "reusita": 100.0, "cnt": 30}, "MATEMATICA ST-NAT": {"medie": 8.583427762039658, "reusita": 96.03399433427762, "cnt": 353}, "ANATOMIE SI FIZIOLOGIE UMANA, GENETICA SI ECOLOGIE UMANA": {"medie": 8.629663865546224, "reusita": 96.63865546218487, "cnt": 595}, "FIZICA TEO": {"medie": 8.424180327868864, "reusita": 94.26229508196722, "cnt": 244}, "FILOSOFIE": {"medie": 9.633333333333333, "reusita": 100.0, "cnt": 3}, "ECONOMIE": {"medie": 8.45, "reusita": 95.08196721311475, "cnt": 61}, "LOGICA, ARGUMENTARE SI COMUNICARE": {"medie": 9.238888888888887, "reusita": 96.66666666666667, "cnt": 90}, "SOCIOLOGIE": {"medie": 8.946091205211726, "reusita": 97.71986970684038, "cnt": 307}, "INFORMATICA MI PASCAL": {"medie": 7.821428571428572, "reusita": 85.71428571428571, "cnt": 7}}, "nume": "COLEGIUL NATIONAL \"MATEI BASARAB\"\tBucure\u0219ti"}