{"specializari": {"MATEMATICA-INFORMATICA": 773, "FILOLOGIE": 506, "STIINTE ALE NATURII": 219}, "limba_moderna": {"LIMBA ENGLEZA": 1447, "LIMBA FRANCEZA": 51}, "limba_materna": {"LIMBA ROMANA": 1498}, "promotie_anterioara": {"NU": 1432, "DA": 66}, "materii": {"LIMBA ROMANA": {"medie": 7.932977303070768, "reusita": 89.51935914552736, "cnt": 1498}, "MATEMATICA MATE-INFO": {"medie": 7.979107373868059, "reusita": 83.18240620957309, "cnt": 773}, "BIOLOGIE VEGETALA SI ANIMALA": {"medie": 7.524153498871331, "reusita": 80.58690744920993, "cnt": 443}, "GENERAL": {"medie": 7.938317757009346, "reusita": 89.51935914552736, "cnt": 1498}, "CHIMIE ORGANICA TEO NIVEL I/II": {"medie": 9.32950819672131, "reusita": 100.0, "cnt": 122}, "INFORMATICA MI C/C++": {"medie": 7.644186046511628, "reusita": 83.72093023255815, "cnt": 43}, "CHIMIE ANORGANICA TEO NIVEL I/II": {"medie": 9.5, "reusita": 100.0, "cnt": 1}, "ISTORIE": {"medie": 7.80237154150198, "reusita": 82.6086956521739, "cnt": 506}, "GEOGRAFIE": {"medie": 8.672906403940885, "reusita": 96.55172413793103, "cnt": 203}, "PSIHOLOGIE": {"medie": 8.411111111111111, "reusita": 88.88888888888889, "cnt": 9}, "MATEMATICA ST-NAT": {"medie": 7.3488584474885785, "reusita": 78.53881278538812, "cnt": 219}, "ANATOMIE SI FIZIOLOGIE UMANA, GENETICA SI ECOLOGIE UMANA": {"medie": 7.505797101449275, "reusita": 81.15942028985508, "cnt": 69}, "FIZICA TEO": {"medie": 8.296428571428565, "reusita": 91.78571428571428, "cnt": 280}, "FILOSOFIE": {"medie": 9.4, "reusita": 100.0, "cnt": 1}, "ECONOMIE": {"medie": 8.21551724137931, "reusita": 93.10344827586206, "cnt": 29}, "LOGICA, ARGUMENTARE SI COMUNICARE": {"medie": 7.683333333333333, "reusita": 100.0, "cnt": 3}, "SOCIOLOGIE": {"medie": 7.871647509578544, "reusita": 89.65517241379311, "cnt": 261}, "INFORMATICA MI PASCAL": {"medie": 7.469117647058825, "reusita": 82.35294117647058, "cnt": 34}}, "nume": "COLEGIUL NATIONAL \"BARBU STIRBEI\" CALARASI\tC\u0103l\u0103ra\u0219i"}