{"specializari": {"MATEMATICA-INFORMATICA": 836, "STIINTE SOCIALE": 463, "FILOLOGIE": 170, "STIINTE ALE NATURII": 379}, "limba_moderna": {"LIMBA ENGLEZA": 1478, "LIMBA FRANCEZA": 193, "LIMBA SPANIOLA": 40, "LIMBA GERMANA MODERNA": 137}, "limba_materna": {"LIMBA ROMANA": 1848}, "promotie_anterioara": {"NU": 1844, "DA": 4}, "materii": {"LIMBA ROMANA": {"medie": 8.596861471861464, "reusita": 98.32251082251082, "cnt": 1848}, "MATEMATICA MATE-INFO": {"medie": 9.051255980861246, "reusita": 97.84688995215312, "cnt": 836}, "BIOLOGIE VEGETALA SI ANIMALA": {"medie": 8.157692307692308, "reusita": 100.0, "cnt": 13}, "GENERAL": {"medie": 8.837157287157288, "reusita": 99.13419913419914, "cnt": 1848}, "CHIMIE ORGANICA TEO NIVEL I/II": {"medie": 9.080722891566266, "reusita": 97.59036144578313, "cnt": 83}, "INFORMATICA MI C/C++": {"medie": 9.063343108504403, "reusita": 97.0674486803519, "cnt": 341}, "CHIMIE ANORGANICA TEO NIVEL I/II": {"medie": 8.75625, "reusita": 100.0, "cnt": 8}, "ISTORIE": {"medie": 8.721721958925752, "reusita": 96.6824644549763, "cnt": 633}, "GEOGRAFIE": {"medie": 9.051509433962268, "reusita": 99.24528301886792, "cnt": 265}, "PSIHOLOGIE": {"medie": 8.924999999999997, "reusita": 100.0, "cnt": 42}, "MATEMATICA ST-NAT": {"medie": 8.83034300791557, "reusita": 98.41688654353563, "cnt": 379}, "ANATOMIE SI FIZIOLOGIE UMANA, GENETICA SI ECOLOGIE UMANA": {"medie": 9.119800332778707, "reusita": 98.66888519134775, "cnt": 601}, "FIZICA TEO": {"medie": 8.897878787878787, "reusita": 96.36363636363636, "cnt": 165}, "FILOSOFIE": {"medie": 9.25625, "reusita": 100.0, "cnt": 8}, "INFORMATICA SN C/C++": {"medie": 7.800000000000001, "reusita": 75.0, "cnt": 4}, "ECONOMIE": {"medie": 8.408510638297873, "reusita": 97.87234042553192, "cnt": 47}, "LOGICA, ARGUMENTARE SI COMUNICARE": {"medie": 8.988683127572013, "reusita": 99.1769547325103, "cnt": 243}, "SOCIOLOGIE": {"medie": 8.716071428571428, "reusita": 96.42857142857143, "cnt": 28}}, "nume": "COLEGIUL NATIONAL \"PETRU RARES\" SUCEAVA\tSuceava"}