{"specializari": {"STIINTE SOCIALE": 302, "MATEMATICA-INFORMATICA": 70, "INVATATOR - EDUCATOARE": 392, "EDUCATOR-PUERICULTOR": 25}, "limba_moderna": {"LIMBA ENGLEZA": 646, "LIMBA FRANCEZA": 143}, "limba_materna": {"LIMBA ROMANA": 789}, "promotie_anterioara": {"NU": 770, "DA": 19}, "materii": {"LIMBA ROMANA": {"medie": 8.26096324461345, "reusita": 95.05703422053232, "cnt": 789}, "MATEMATICA MATE-INFO": {"medie": 7.650714285714285, "reusita": 82.85714285714286, "cnt": 70}, "BIOLOGIE VEGETALA SI ANIMALA": {"medie": 7.4409090909090905, "reusita": 86.36363636363636, "cnt": 22}, "GENERAL": {"medie": 8.448119983100964, "reusita": 97.59188846641318, "cnt": 789}, "CHIMIE ORGANICA TEO NIVEL I/II": {"medie": 8.45, "reusita": 100.0, "cnt": 1}, "INFORMATICA MI C/C++": {"medie": 8.705, "reusita": 96.66666666666667, "cnt": 30}, "CHIMIE ANORGANICA TEO NIVEL I/II": {"medie": 7.675000000000001, "reusita": 91.66666666666666, "cnt": 12}, "ISTORIE": {"medie": 8.62308868501529, "reusita": 95.71865443425077, "cnt": 327}, "GEOGRAFIE": {"medie": 8.774385964912279, "reusita": 99.64912280701755, "cnt": 285}, "PSIHOLOGIE": {"medie": 8.611718750000001, "reusita": 93.75, "cnt": 64}, "ANATOMIE SI FIZIOLOGIE UMANA, GENETICA SI ECOLOGIE UMANA": {"medie": 9.279999999999998, "reusita": 100.0, "cnt": 5}, "FILOSOFIE": {"medie": 7.85, "reusita": 100.0, "cnt": 2}, "ECONOMIE": {"medie": 7.8, "reusita": 100.0, "cnt": 3}, "LOGICA, ARGUMENTARE SI COMUNICARE": {"medie": 8.84688385269122, "reusita": 97.73371104815864, "cnt": 353}, "MATEMATICA PED": {"medie": 8.253698979591837, "reusita": 94.89795918367348, "cnt": 392}, "SOCIOLOGIE": {"medie": 8.529166666666665, "reusita": 100.0, "cnt": 12}}, "nume": "COLEGIUL NATIONAL PEDAGOGIC \"GHEORGHE LAZAR\" CLUJ-NAPOCA\tCluj"}