{"specializari": {"TEHNICIAN CHIMIST DE LABORATOR": 62, "TEHNICIAN ECOLOG SI PROTECTIA CALITATII MEDIULUI": 145, "STIINTE ALE NATURII": 177, "TEHNICIAN DESIGNER VESTIMENTAR": 81, "TEHNICIAN IN CHIMIE INDUSTRIALA": 14, "TEHNICIAN MECATRONIST": 1, "TEHNICIAN IN INDUSTRIA PIELARIEI": 40}, "limba_moderna": {"LIMBA ENGLEZA": 471, "LIMBA FRANCEZA": 49}, "limba_materna": {"LIMBA ROMANA": 520}, "promotie_anterioara": {"DA": 322, "NU": 198}, "materii": {"LIMBA ROMANA": {"medie": 5.624038461538464, "reusita": 41.15384615384615, "cnt": 520}, "BIOLOGIE VEGETALA SI ANIMALA": {"medie": 4.900476190476189, "reusita": 33.01587301587301, "cnt": 315}, "GENERAL": {"medie": 5.221730769230771, "reusita": 31.92307692307692, "cnt": 520}, "CHIMIE ORGANICA TEO NIVEL I/II": {"medie": 5.97, "reusita": 40.0, "cnt": 5}, "CHIMIE ANORGANICA TEO NIVEL I/II": {"medie": 6.5249999999999995, "reusita": 75.0, "cnt": 4}, "MATEMATICA ST-NAT": {"medie": 4.8909604519774, "reusita": 31.07344632768362, "cnt": 177}, "ANATOMIE SI FIZIOLOGIE UMANA, GENETICA SI ECOLOGIE UMANA": {"medie": 5.763422818791946, "reusita": 46.97986577181208, "cnt": 149}, "FIZICA TEO": {"medie": 4.81875, "reusita": 37.5, "cnt": 8}, "MATEMATICA TEHN": {"medie": 4.950874635568509, "reusita": 34.69387755102041, "cnt": 343}, "FIZICA TEH": {"medie": 3.0900000000000003, "reusita": 6.666666666666667, "cnt": 15}, "CHIMIE ANORGANICA TEH NIVEL I/II": {"medie": 4.125, "reusita": 50.0, "cnt": 2}, "CHIMIE ORGANICA TEH NIVEL I/II": {"medie": 4.820454545454545, "reusita": 18.181818181818183, "cnt": 22}}, "nume": "COLEGIUL TEHNIC \"PETRU RARES\"\tBucure\u0219ti"}