{"specializari": {"TEHNICIAN TRANSPORTURI": 85, "TEHNICIAN INSTALATOR PENTRU CONSTRUCTII": 3, "TEHNICIAN IN INSTALATII ELECTRICE": 100, "MATEMATICA-INFORMATICA": 367, "TEHNICIAN DESENATOR PENTRU CONSTRUCTII SI INSTALATII": 116, "TEHNICIAN IN ACTIVITATI ECONOMICE": 460, "TEHNICIAN IN INDUSTRIA TEXTILA": 53, "TEHNICIAN MECATRONIST": 158, "TEHNICIAN MECANIC PENTRU INTRETINERE SI REPARATII": 2, "FILOLOGIE": 219, "STIINTE ALE NATURII": 178, "STIINTE SOCIALE": 136}, "limba_moderna": {"LIMBA ENGLEZA": 1711, "LIMBA FRANCEZA": 141, "LIMBA RUSA": 11, "LIMBA GERMANA MODERNA": 14}, "limba_materna": {"LIMBA ROMANA": 1877}, "promotie_anterioara": {"DA": 209, "NU": 1668}, "materii": {"LIMBA ROMANA": {"medie": 6.671683537559942, "reusita": 67.39477890250399, "cnt": 1877}, "MATEMATICA MATE-INFO": {"medie": 6.603678474114437, "reusita": 61.58038147138964, "cnt": 367}, "BIOLOGIE VEGETALA SI ANIMALA": {"medie": 4.686639676113364, "reusita": 31.57894736842105, "cnt": 494}, "GENERAL": {"medie": 6.7221275084354355, "reusita": 69.09962706446457, "cnt": 1877}, "CHIMIE ORGANICA TEO NIVEL I/II": {"medie": 9.049999999999999, "reusita": 100.0, "cnt": 3}, "INFORMATICA MI C/C++": {"medie": 7.474347826086958, "reusita": 80.0, "cnt": 115}, "CHIMIE ANORGANICA TEO NIVEL I/II": {"medie": 7.15, "reusita": 100.0, "cnt": 1}, "ISTORIE": {"medie": 7.614929577464788, "reusita": 87.88732394366198, "cnt": 355}, "GEOGRAFIE": {"medie": 8.041546762589931, "reusita": 93.5251798561151, "cnt": 278}, "PSIHOLOGIE": {"medie": 6.300000000000001, "reusita": 100.0, "cnt": 2}, "MATEMATICA ST-NAT": {"medie": 6.762921348314608, "reusita": 69.66292134831461, "cnt": 178}, "ANATOMIE SI FIZIOLOGIE UMANA, GENETICA SI ECOLOGIE UMANA": {"medie": 8.251378446115291, "reusita": 91.22807017543859, "cnt": 399}, "FIZICA TEO": {"medie": 8.2875, "reusita": 87.5, "cnt": 16}, "FILOSOFIE": {"medie": 2.6, "reusita": 0.0, "cnt": 1}, "MATEMATICA TEHN": {"medie": 5.772159672466737, "reusita": 49.84646878198567, "cnt": 977}, "FIZICA TEH": {"medie": 6.787096774193546, "reusita": 74.19354838709677, "cnt": 31}, "LOGICA, ARGUMENTARE SI COMUNICARE": {"medie": 7.965384615384617, "reusita": 88.74296435272045, "cnt": 533}, "SOCIOLOGIE": {"medie": 5.7, "reusita": 0.0, "cnt": 1}, "CHIMIE ORGANICA TEH NIVEL I/II": {"medie": 4.383333333333333, "reusita": 0.0, "cnt": 3}}, "nume": "COLEGIUL TEHNIC RADAUTI\tSuceava"}