{"specializari": {"MATEMATICA-INFORMATICA": 1180, "STIINTE ALE NATURII": 428, "FILOLOGIE": 240, "ORGANIZATOR BANQUETING": 1, "STIINTE SOCIALE": 1}, "limba_moderna": {"LIMBA ENGLEZA": 1729, "LIMBA GERMANA MODERNA": 106, "LIMBA FRANCEZA": 15}, "limba_materna": {"LIMBA ROMANA": 1442, "LIMBA MAGHIARA": 408}, "promotie_anterioara": {"NU": 1836, "DA": 14}, "materii": {"LIMBA ROMANA": {"medie": 8.411243243243227, "reusita": 95.2972972972973, "cnt": 1850}, "MATEMATICA MATE-INFO": {"medie": 8.676271186440678, "reusita": 94.57627118644068, "cnt": 1180}, "BIOLOGIE VEGETALA SI ANIMALA": {"medie": 8.675, "reusita": 100.0, "cnt": 2}, "GENERAL": {"medie": 8.69688738738738, "reusita": 97.94594594594595, "cnt": 1850}, "CHIMIE ORGANICA TEO NIVEL I/II": {"medie": 8.629901960784315, "reusita": 95.09803921568627, "cnt": 102}, "INFORMATICA MI C/C++": {"medie": 8.851627906976747, "reusita": 98.13953488372093, "cnt": 215}, "CHIMIE ANORGANICA TEO NIVEL I/II": {"medie": 8.388235294117647, "reusita": 94.11764705882352, "cnt": 17}, "ISTORIE": {"medie": 9.069294605809128, "reusita": 97.5103734439834, "cnt": 241}, "GEOGRAFIE": {"medie": 9.146350364963501, "reusita": 97.8102189781022, "cnt": 137}, "PSIHOLOGIE": {"medie": 9.309259259259258, "reusita": 100.0, "cnt": 27}, "MATEMATICA ST-NAT": {"medie": 8.28796728971963, "reusita": 93.69158878504673, "cnt": 428}, "ANATOMIE SI FIZIOLOGIE UMANA, GENETICA SI ECOLOGIE UMANA": {"medie": 9.07817124735729, "reusita": 99.36575052854123, "cnt": 946}, "FIZICA TEO": {"medie": 8.424468085106385, "reusita": 95.74468085106383, "cnt": 94}, "FILOSOFIE": {"medie": 8.492857142857144, "reusita": 100.0, "cnt": 7}, "MATEMATICA TEHN": {"medie": 3.05, "reusita": 0.0, "cnt": 1}, "INFORMATICA SN C/C++": {"medie": 7.65, "reusita": 100.0, "cnt": 1}, "ECONOMIE": {"medie": 9.05, "reusita": 100.0, "cnt": 5}, "LOGICA, ARGUMENTARE SI COMUNICARE": {"medie": 9.480357142857143, "reusita": 100.0, "cnt": 28}, "SOCIOLOGIE": {"medie": 9.11578947368421, "reusita": 100.0, "cnt": 38}, "INFORMATICA MI PASCAL": {"medie": 8.877608695652176, "reusita": 96.52173913043478, "cnt": 230}, "LIMBA MAGHIARA (REAL)": {"medie": 8.637990196078427, "reusita": 99.26470588235294, "cnt": 408}, "INFORMATICA SN PASCAL": {"medie": 9.8, "reusita": 100.0, "cnt": 1}}, "nume": "COLEGIUL NATIONAL \"SILVANIA\" ZALAU\tS\u0103laj"}