{"specializari": {"MATEMATICA-INFORMATICA": 265, "STIINTE ALE NATURII": 241, "FILOLOGIE": 429, "LICEU CU PROGRAM SPORTIV": 146}, "limba_moderna": {"LIMBA ENGLEZA": 1018, "LIMBA GERMANA MODERNA": 58, "LIMBA ITALIANA": 5}, "limba_materna": {"LIMBA ROMANA": 748, "LIMBA MAGHIARA": 333}, "promotie_anterioara": {"NU": 977, "DA": 104}, "materii": {"LIMBA ROMANA": {"medie": 6.800851063829797, "reusita": 66.6049953746531, "cnt": 1081}, "MATEMATICA MATE-INFO": {"medie": 8.104528301886793, "reusita": 86.0377358490566, "cnt": 265}, "BIOLOGIE VEGETALA SI ANIMALA": {"medie": 7.480729166666667, "reusita": 78.125, "cnt": 96}, "GENERAL": {"medie": 7.293902251002163, "reusita": 75.76318223866791, "cnt": 1081}, "CHIMIE ORGANICA TEO NIVEL I/II": {"medie": 8.26, "reusita": 100.0, "cnt": 5}, "ISTORIE": {"medie": 6.717878260869569, "reusita": 59.30434782608695, "cnt": 575}, "GEOGRAFIE": {"medie": 7.347761194029846, "reusita": 81.52985074626866, "cnt": 536}, "PSIHOLOGIE": {"medie": 5.71607142857143, "reusita": 42.857142857142854, "cnt": 28}, "MATEMATICA ST-NAT": {"medie": 7.288174273858918, "reusita": 79.66804979253112, "cnt": 241}, "ANATOMIE SI FIZIOLOGIE UMANA, GENETICA SI ECOLOGIE UMANA": {"medie": 8.492391304347827, "reusita": 93.11594202898551, "cnt": 276}, "FIZICA TEO": {"medie": 8.066666666666668, "reusita": 100.0, "cnt": 6}, "ECONOMIE": {"medie": 7.883333333333334, "reusita": 83.33333333333334, "cnt": 6}, "LOGICA, ARGUMENTARE SI COMUNICARE": {"medie": 9.85, "reusita": 100.0, "cnt": 1}, "SOCIOLOGIE": {"medie": 7.8625, "reusita": 75.0, "cnt": 4}, "INFORMATICA MI PASCAL": {"medie": 8.824590163934428, "reusita": 100.0, "cnt": 122}, "LIMBA MAGHIARA (REAL)": {"medie": 7.354000000000002, "reusita": 81.6, "cnt": 125}, "LIMBA MAGHIARA (UMAN)": {"medie": 6.314182692307688, "reusita": 58.17307692307693, "cnt": 208}, "INFORMATICA SN PASCAL": {"medie": 8.15, "reusita": 100.0, "cnt": 1}}, "nume": "COLEGIUL NATIONAL \"MIRCEA ELIADE\" SIGHISOARA\tMure\u0219"}