{"specializari": {"ARTE PLASTICE SI DECORATIVE": 245, "MUZICA": 210, "ARTA ACTORULUI": 182, "ARHITECTURA, ARTE AMBIENTALE SI DESIGN": 115}, "limba_moderna": {"LIMBA ENGLEZA": 749, "LIMBA FRANCEZA": 3}, "limba_materna": {"LIMBA ROMANA": 752}, "promotie_anterioara": {"NU": 669, "DA": 83}, "materii": {"LIMBA ROMANA": {"medie": 6.451329787234053, "reusita": 61.170212765957444, "cnt": 752}, "GENERAL": {"medie": 6.780851063829784, "reusita": 70.34574468085107, "cnt": 752}, "ISTORIE": {"medie": 6.52214095744681, "reusita": 56.25, "cnt": 752}, "GEOGRAFIE": {"medie": 7.355110062893083, "reusita": 81.44654088050315, "cnt": 636}, "PSIHOLOGIE": {"medie": 7.447058823529411, "reusita": 88.23529411764706, "cnt": 102}, "FILOSOFIE": {"medie": 7.4125, "reusita": 50.0, "cnt": 4}, "LOGICA, ARGUMENTARE SI COMUNICARE": {"medie": 7.445, "reusita": 70.0, "cnt": 10}}, "nume": "COLEGIUL DE ARTE \"SABIN DRAGOI\" ARAD\tArad"}