{"specializari": {"MATEMATICA-INFORMATICA": 624, "FILOLOGIE": 223, "STIINTE ALE NATURII": 231, "STIINTE SOCIALE": 436, "TEHNICIAN PRELUCRARI MECANICE": 2}, "limba_moderna": {"LIMBA ENGLEZA": 1375, "LIMBA FRANCEZA": 140, "LIMBA GERMANA MODERNA": 1}, "limba_materna": {"LIMBA ROMANA": 1516}, "promotie_anterioara": {"NU": 1488, "DA": 28}, "materii": {"LIMBA ROMANA": {"medie": 8.250197889182054, "reusita": 93.86543535620054, "cnt": 1516}, "MATEMATICA MATE-INFO": {"medie": 8.450320512820507, "reusita": 93.75, "cnt": 624}, "BIOLOGIE VEGETALA SI ANIMALA": {"medie": 7.813286713286711, "reusita": 87.41258741258741, "cnt": 143}, "GENERAL": {"medie": 8.400758575197889, "reusita": 96.76781002638522, "cnt": 1516}, "CHIMIE ORGANICA TEO NIVEL I/II": {"medie": 8.632352941176471, "reusita": 96.63865546218487, "cnt": 119}, "INFORMATICA MI C/C++": {"medie": 8.634864864864861, "reusita": 94.5945945945946, "cnt": 185}, "CHIMIE ANORGANICA TEO NIVEL I/II": {"medie": 8.066842105263158, "reusita": 90.52631578947368, "cnt": 95}, "ISTORIE": {"medie": 8.228528072837634, "reusita": 92.56449165402124, "cnt": 659}, "GEOGRAFIE": {"medie": 8.74736842105263, "reusita": 96.05263157894737, "cnt": 76}, "PSIHOLOGIE": {"medie": 8.870370370370372, "reusita": 100.0, "cnt": 27}, "MATEMATICA ST-NAT": {"medie": 8.519696969696971, "reusita": 90.9090909090909, "cnt": 231}, "ANATOMIE SI FIZIOLOGIE UMANA, GENETICA SI ECOLOGIE UMANA": {"medie": 8.521428571428574, "reusita": 98.4126984126984, "cnt": 63}, "FIZICA TEO": {"medie": 8.323318385650223, "reusita": 95.06726457399103, "cnt": 223}, "FILOSOFIE": {"medie": 6.633333333333333, "reusita": 66.66666666666666, "cnt": 3}, "MATEMATICA TEHN": {"medie": 1.0, "reusita": 0.0, "cnt": 2}, "INFORMATICA SN C/C++": {"medie": 7.2125, "reusita": 75.0, "cnt": 4}, "ECONOMIE": {"medie": 8.224242424242425, "reusita": 96.96969696969697, "cnt": 33}, "LOGICA, ARGUMENTARE SI COMUNICARE": {"medie": 9.087258687258702, "reusita": 98.64864864864865, "cnt": 518}, "SOCIOLOGIE": {"medie": 7.35, "reusita": 50.0, "cnt": 2}, "INFORMATICA MI PASCAL": {"medie": 7.347727272727273, "reusita": 90.9090909090909, "cnt": 22}, "INFORMATICA SN PASCAL": {"medie": 8.133333333333333, "reusita": 100.0, "cnt": 3}}, "nume": "COLEGIUL NATIONAL \"NICHITA STANESCU\", MUNICIPIUL PLOIESTI\tPrahova"}