{"specializari": {"MATEMATICA-INFORMATICA": 367, "STIINTE SOCIALE": 199, "FILOLOGIE": 539, "STIINTE ALE NATURII": 120}, "limba_moderna": {"LIMBA ENGLEZA": 1063, "LIMBA FRANCEZA": 47, "LIMBA ITALIANA": 115}, "limba_materna": {"LIMBA ROMANA": 1225}, "promotie_anterioara": {"NU": 1165, "DA": 60}, "materii": {"LIMBA ROMANA": {"medie": 7.719755102040824, "reusita": 83.75510204081633, "cnt": 1225}, "MATEMATICA MATE-INFO": {"medie": 8.208719346049044, "reusita": 88.8283378746594, "cnt": 367}, "GENERAL": {"medie": 7.813142857142856, "reusita": 88.24489795918367, "cnt": 1225}, "CHIMIE ORGANICA TEO NIVEL I/II": {"medie": 8.925862068965518, "reusita": 96.55172413793103, "cnt": 29}, "INFORMATICA MI C/C++": {"medie": 8.18541666666667, "reusita": 87.5, "cnt": 24}, "CHIMIE ANORGANICA TEO NIVEL I/II": {"medie": 6.76547619047619, "reusita": 66.66666666666666, "cnt": 42}, "ISTORIE": {"medie": 7.49159891598916, "reusita": 79.67479674796748, "cnt": 738}, "GEOGRAFIE": {"medie": 8.601020408163262, "reusita": 96.6472303206997, "cnt": 686}, "PSIHOLOGIE": {"medie": 7.784615384615386, "reusita": 92.3076923076923, "cnt": 13}, "MATEMATICA ST-NAT": {"medie": 4.7408333333333355, "reusita": 30.833333333333336, "cnt": 120}, "ANATOMIE SI FIZIOLOGIE UMANA, GENETICA SI ECOLOGIE UMANA": {"medie": 7.768350168350172, "reusita": 81.48148148148148, "cnt": 297}, "FIZICA TEO": {"medie": 8.290588235294118, "reusita": 88.23529411764706, "cnt": 85}, "FILOSOFIE": {"medie": 7.4799999999999995, "reusita": 80.0, "cnt": 5}, "ECONOMIE": {"medie": 8.75, "reusita": 92.3076923076923, "cnt": 13}, "LOGICA, ARGUMENTARE SI COMUNICARE": {"medie": 9.024999999999999, "reusita": 100.0, "cnt": 4}, "SOCIOLOGIE": {"medie": 7.217647058823529, "reusita": 70.58823529411765, "cnt": 17}, "INFORMATICA MI PASCAL": {"medie": 8.35, "reusita": 90.0, "cnt": 10}}, "nume": "COLEGIUL NATIONAL \"NICOLAE TITULESCU\" PUCIOASA\tD\u00e2mbovi\u021ba"}