{"specializari": {"TEHNICIAN MECATRONIST": 68, "TEHNICIAN IN INSTALATII ELECTRICE": 133, "MATEMATICA-INFORMATICA": 197, "TEHNICIAN ELECTROMECANIC": 102, "TEHNICIAN ELECTROTEHNIST": 48, "TEHNICIAN PRELUCRARI MECANICE": 1, "TEHNICIAN ELECTRONIST": 58, "TEHNICIAN MECANIC PENTRU INTRETINERE SI REPARATII": 65, "TEHNICIAN ENERGETICIAN": 8, "FILOLOGIE": 28, "TEHNICIAN IN HOTELARIE": 23}, "limba_moderna": {"LIMBA ENGLEZA": 709, "LIMBA FRANCEZA": 22}, "limba_materna": {"LIMBA ROMANA": 731}, "promotie_anterioara": {"DA": 362, "NU": 369}, "materii": {"LIMBA ROMANA": {"medie": 5.029343365253081, "reusita": 23.25581395348837, "cnt": 731}, "MATEMATICA MATE-INFO": {"medie": 4.52182741116751, "reusita": 27.918781725888326, "cnt": 197}, "BIOLOGIE VEGETALA SI ANIMALA": {"medie": 4.133786848072558, "reusita": 21.08843537414966, "cnt": 441}, "GENERAL": {"medie": 4.727154582763341, "reusita": 23.392612859097127, "cnt": 731}, "CHIMIE ORGANICA TEO NIVEL I/II": {"medie": 5.900000000000001, "reusita": 66.66666666666666, "cnt": 3}, "CHIMIE ANORGANICA TEO NIVEL I/II": {"medie": 5.199999999999999, "reusita": 33.33333333333333, "cnt": 6}, "ISTORIE": {"medie": 6.460714285714283, "reusita": 53.57142857142857, "cnt": 28}, "GEOGRAFIE": {"medie": 5.490000000000003, "reusita": 48.57142857142857, "cnt": 35}, "ANATOMIE SI FIZIOLOGIE UMANA, GENETICA SI ECOLOGIE UMANA": {"medie": 6.142816091954023, "reusita": 63.793103448275865, "cnt": 174}, "FIZICA TEO": {"medie": 3.542857142857143, "reusita": 0.0, "cnt": 7}, "MATEMATICA TEHN": {"medie": 4.286857707509884, "reusita": 25.889328063241106, "cnt": 506}, "FIZICA TEH": {"medie": 3.7916666666666665, "reusita": 12.5, "cnt": 24}, "LOGICA, ARGUMENTARE SI COMUNICARE": {"medie": 6.35, "reusita": 100.0, "cnt": 1}, "SOCIOLOGIE": {"medie": 6.540000000000001, "reusita": 73.33333333333333, "cnt": 15}, "CHIMIE ANORGANICA TEH NIVEL I/II": {"medie": 3.12, "reusita": 6.666666666666667, "cnt": 15}, "CHIMIE ORGANICA TEH NIVEL I/II": {"medie": 4.94, "reusita": 20.0, "cnt": 10}}, "nume": "COLEGIUL TEHNIC ENERGETIC\tBucure\u0219ti"}