{"specializari": {"STIINTE SOCIALE": 177, "MATEMATICA-INFORMATICA": 476, "STIINTE ALE NATURII": 304, "FILOLOGIE": 163}, "limba_moderna": {"LIMBA ENGLEZA": 1094, "LIMBA FRANCEZA": 20, "LIMBA RUSA": 3, "LIMBA GERMANA MODERNA": 3}, "limba_materna": {"LIMBA ROMANA": 1120}, "promotie_anterioara": {"NU": 1120}, "materii": {"LIMBA ROMANA": {"medie": 8.811785714285707, "reusita": 99.10714285714286, "cnt": 1120}, "MATEMATICA MATE-INFO": {"medie": 9.216596638655462, "reusita": 99.36974789915966, "cnt": 476}, "BIOLOGIE VEGETALA SI ANIMALA": {"medie": 8.931958762886598, "reusita": 98.96907216494846, "cnt": 97}, "GENERAL": {"medie": 8.95571428571429, "reusita": 99.82142857142857, "cnt": 1120}, "CHIMIE ORGANICA TEO NIVEL I/II": {"medie": 9.17015209125475, "reusita": 99.23954372623575, "cnt": 263}, "INFORMATICA MI C/C++": {"medie": 9.289393939393939, "reusita": 98.48484848484848, "cnt": 66}, "CHIMIE ANORGANICA TEO NIVEL I/II": {"medie": 9.725, "reusita": 100.0, "cnt": 2}, "ISTORIE": {"medie": 8.725588235294115, "reusita": 96.76470588235294, "cnt": 340}, "GEOGRAFIE": {"medie": 9.251398601398597, "reusita": 99.3006993006993, "cnt": 143}, "PSIHOLOGIE": {"medie": 9.235714285714286, "reusita": 100.0, "cnt": 28}, "MATEMATICA ST-NAT": {"medie": 8.92944078947368, "reusita": 99.01315789473685, "cnt": 304}, "ANATOMIE SI FIZIOLOGIE UMANA, GENETICA SI ECOLOGIE UMANA": {"medie": 9.070512820512821, "reusita": 94.87179487179486, "cnt": 39}, "FIZICA TEO": {"medie": 9.014495114006516, "reusita": 97.71986970684038, "cnt": 307}, "FILOSOFIE": {"medie": 8.86875, "reusita": 100.0, "cnt": 8}, "INFORMATICA SN C/C++": {"medie": 9.308333333333332, "reusita": 100.0, "cnt": 6}, "ECONOMIE": {"medie": 8.215, "reusita": 92.5, "cnt": 40}, "LOGICA, ARGUMENTARE SI COMUNICARE": {"medie": 8.939795918367347, "reusita": 95.91836734693877, "cnt": 49}, "SOCIOLOGIE": {"medie": 8.982638888888888, "reusita": 100.0, "cnt": 72}}, "nume": "COLEGIUL NATIONAL \"GHEORGHE MUNTEANU MURGOCI\"\tBr\u0103ila"}