{"specializari": {"MATEMATICA-INFORMATICA": 706, "FILOLOGIE": 453, "STIINTE ALE NATURII": 146, "STIINTE SOCIALE": 261}, "limba_moderna": {"LIMBA ENGLEZA": 1382, "LIMBA FRANCEZA": 26, "LIMBA ITALIANA": 142, "LIMBA GERMANA MODERNA": 16}, "limba_materna": {"LIMBA ROMANA": 1566}, "promotie_anterioara": {"NU": 1456, "DA": 110}, "materii": {"LIMBA ROMANA": {"medie": 7.632886334610468, "reusita": 87.86717752234993, "cnt": 1566}, "MATEMATICA MATE-INFO": {"medie": 7.796317280453256, "reusita": 85.41076487252126, "cnt": 706}, "BIOLOGIE VEGETALA SI ANIMALA": {"medie": 7.705882352941178, "reusita": 85.29411764705883, "cnt": 34}, "GENERAL": {"medie": 7.841089825457652, "reusita": 91.37931034482759, "cnt": 1566}, "CHIMIE ORGANICA TEO NIVEL I/II": {"medie": 8.192567567567565, "reusita": 87.83783783783784, "cnt": 74}, "INFORMATICA MI C/C++": {"medie": 7.457853403141357, "reusita": 81.15183246073299, "cnt": 191}, "CHIMIE ANORGANICA TEO NIVEL I/II": {"medie": 6.904545454545455, "reusita": 81.81818181818183, "cnt": 11}, "ISTORIE": {"medie": 7.703641456582647, "reusita": 82.91316526610645, "cnt": 714}, "GEOGRAFIE": {"medie": 8.609249999999998, "reusita": 97.5, "cnt": 200}, "PSIHOLOGIE": {"medie": 8.668478260869566, "reusita": 100.0, "cnt": 46}, "MATEMATICA ST-NAT": {"medie": 7.7390410958904114, "reusita": 84.93150684931507, "cnt": 146}, "ANATOMIE SI FIZIOLOGIE UMANA, GENETICA SI ECOLOGIE UMANA": {"medie": 8.086531365313657, "reusita": 90.03690036900369, "cnt": 271}, "FIZICA TEO": {"medie": 8.128426966292137, "reusita": 90.63670411985018, "cnt": 267}, "FILOSOFIE": {"medie": 9.040000000000001, "reusita": 100.0, "cnt": 5}, "INFORMATICA SN C/C++": {"medie": 5.283333333333333, "reusita": 0.0, "cnt": 3}, "ECONOMIE": {"medie": 7.915714285714285, "reusita": 94.28571428571428, "cnt": 35}, "LOGICA, ARGUMENTARE SI COMUNICARE": {"medie": 8.471746575342465, "reusita": 94.52054794520548, "cnt": 292}, "SOCIOLOGIE": {"medie": 7.926838235294116, "reusita": 89.70588235294117, "cnt": 136}, "INFORMATICA MI PASCAL": {"medie": 8.95, "reusita": 100.0, "cnt": 1}}, "nume": "COLEGIUL NATIONAL \"ION NECULCE\"\tBucure\u0219ti"}