{"specializari": {"INVATATOR - EDUCATOARE": 180, "STIINTE SOCIALE": 211, "MATEMATICA-INFORMATICA": 160, "FILOLOGIE": 203}, "limba_moderna": {"LIMBA ENGLEZA": 702, "LIMBA GERMANA MODERNA": 21, "LIMBA FRANCEZA": 31}, "limba_materna": {"LIMBA ROMANA": 754}, "promotie_anterioara": {"NU": 745, "DA": 9}, "materii": {"LIMBA ROMANA": {"medie": 8.071883289124665, "reusita": 91.64456233421751, "cnt": 754}, "MATEMATICA MATE-INFO": {"medie": 8.344062500000001, "reusita": 92.5, "cnt": 160}, "BIOLOGIE VEGETALA SI ANIMALA": {"medie": 7.422727272727272, "reusita": 63.63636363636363, "cnt": 11}, "GENERAL": {"medie": 8.44529177718834, "reusita": 96.81697612732096, "cnt": 754}, "CHIMIE ORGANICA TEO NIVEL I/II": {"medie": 8.774999999999999, "reusita": 100.0, "cnt": 2}, "INFORMATICA MI C/C++": {"medie": 8.844949494949494, "reusita": 97.97979797979798, "cnt": 99}, "CHIMIE ANORGANICA TEO NIVEL I/II": {"medie": 8.141666666666667, "reusita": 100.0, "cnt": 6}, "ISTORIE": {"medie": 8.484661835748787, "reusita": 94.68599033816425, "cnt": 414}, "GEOGRAFIE": {"medie": 8.727374301675974, "reusita": 97.20670391061452, "cnt": 179}, "PSIHOLOGIE": {"medie": 8.652222222222221, "reusita": 97.77777777777777, "cnt": 45}, "ANATOMIE SI FIZIOLOGIE UMANA, GENETICA SI ECOLOGIE UMANA": {"medie": 8.802631578947368, "reusita": 100.0, "cnt": 38}, "FIZICA TEO": {"medie": 8.825, "reusita": 100.0, "cnt": 4}, "FILOSOFIE": {"medie": 8.808333333333334, "reusita": 100.0, "cnt": 6}, "ECONOMIE": {"medie": 9.6, "reusita": 100.0, "cnt": 1}, "LOGICA, ARGUMENTARE SI COMUNICARE": {"medie": 9.155769230769232, "reusita": 98.71794871794873, "cnt": 234}, "MATEMATICA PED": {"medie": 8.622222222222222, "reusita": 95.55555555555556, "cnt": 180}, "SOCIOLOGIE": {"medie": 8.27441860465116, "reusita": 92.24806201550388, "cnt": 129}}, "nume": "COLEGIUL NATIONAL \"PREPARANDIA-DIMITRIE TICHINDEAL\" ARAD\tArad"}