{"specializari": {"TEHNICIAN IN ACTIVITATI ECONOMICE": 254, "TEHNICIAN IN TURISM": 237, "ORGANIZATOR BANQUETING": 174, "TEHNICIAN ANALIZE PRODUSE ALIMENTARE": 165, "TEHNICIAN ECOLOG SI PROTECTIA CALITATII MEDIULUI": 95, "TEHNICIAN IN INDUSTRIA ALIMENTARA": 142, "TEHNICIAN VETERINAR": 89, "STIINTE SOCIALE": 86, "STIINTE ALE NATURII": 52, "FILOLOGIE": 87}, "limba_moderna": {"LIMBA FRANCEZA": 196, "LIMBA ENGLEZA": 1183, "LIMBA RUSA": 1, "LIMBA GERMANA MODERNA": 1}, "limba_materna": {"LIMBA ROMANA": 1381}, "promotie_anterioara": {"NU": 1199, "DA": 182}, "materii": {"LIMBA ROMANA": {"medie": 6.061440984793626, "reusita": 55.6842867487328, "cnt": 1381}, "BIOLOGIE VEGETALA SI ANIMALA": {"medie": 4.976296296296296, "reusita": 33.33333333333333, "cnt": 135}, "GENERAL": {"medie": 5.6975862901279335, "reusita": 44.89500362056481, "cnt": 1381}, "ISTORIE": {"medie": 6.699132947976878, "reusita": 66.47398843930635, "cnt": 173}, "GEOGRAFIE": {"medie": 7.308050847457638, "reusita": 81.52542372881356, "cnt": 590}, "PSIHOLOGIE": {"medie": 7.9, "reusita": 100.0, "cnt": 5}, "MATEMATICA ST-NAT": {"medie": 5.226923076923077, "reusita": 38.46153846153847, "cnt": 52}, "ANATOMIE SI FIZIOLOGIE UMANA, GENETICA SI ECOLOGIE UMANA": {"medie": 4.837939698492458, "reusita": 32.663316582914575, "cnt": 398}, "FILOSOFIE": {"medie": 8.733333333333333, "reusita": 100.0, "cnt": 3}, "MATEMATICA TEHN": {"medie": 4.347145328719718, "reusita": 27.162629757785467, "cnt": 1156}, "ECONOMIE": {"medie": 6.575, "reusita": 50.0, "cnt": 2}, "LOGICA, ARGUMENTARE SI COMUNICARE": {"medie": 7.333403361344533, "reusita": 77.73109243697479, "cnt": 238}, "CHIMIE ANORGANICA TEH NIVEL I/II": {"medie": 5.21875, "reusita": 37.5, "cnt": 8}, "CHIMIE ORGANICA TEH NIVEL I/II": {"medie": 1.6, "reusita": 0.0, "cnt": 2}}, "nume": "COLEGIUL \"ANDRONIC MOTRESCU\" RADAUTI\tSuceava"}