{"specializari": {"FILOLOGIE": 669, "MATEMATICA-INFORMATICA": 620, "STIINTE ALE NATURII": 368}, "limba_moderna": {"LIMBA ENGLEZA": 1361, "LIMBA FRANCEZA": 221, "LIMBA JAPONEZA": 71, "LIMBA GERMANA MODERNA": 4}, "limba_materna": {"LIMBA ROMANA": 1657}, "promotie_anterioara": {"NU": 1638, "DA": 19}, "materii": {"LIMBA ROMANA": {"medie": 8.462190706095347, "reusita": 97.04284852142426, "cnt": 1657}, "MATEMATICA MATE-INFO": {"medie": 8.877419354838723, "reusita": 98.22580645161291, "cnt": 620}, "BIOLOGIE VEGETALA SI ANIMALA": {"medie": 8.204375, "reusita": 88.75, "cnt": 80}, "GENERAL": {"medie": 8.648088915711122, "reusita": 98.49124924562463, "cnt": 1657}, "CHIMIE ORGANICA TEO NIVEL I/II": {"medie": 8.924679487179487, "reusita": 98.71794871794873, "cnt": 156}, "INFORMATICA MI C/C++": {"medie": 8.680588235294117, "reusita": 96.47058823529412, "cnt": 85}, "CHIMIE ANORGANICA TEO NIVEL I/II": {"medie": 9.35, "reusita": 100.0, "cnt": 3}, "ISTORIE": {"medie": 8.524887892376691, "reusita": 94.46935724962631, "cnt": 669}, "GEOGRAFIE": {"medie": 9.123823529411766, "reusita": 99.41176470588235, "cnt": 170}, "PSIHOLOGIE": {"medie": 8.86595744680851, "reusita": 100.0, "cnt": 47}, "MATEMATICA ST-NAT": {"medie": 8.857336956521742, "reusita": 99.45652173913044, "cnt": 368}, "ANATOMIE SI FIZIOLOGIE UMANA, GENETICA SI ECOLOGIE UMANA": {"medie": 8.951607142857137, "reusita": 98.92857142857143, "cnt": 280}, "FIZICA TEO": {"medie": 8.56078947368421, "reusita": 95.0, "cnt": 380}, "FILOSOFIE": {"medie": 9.13181818181818, "reusita": 100.0, "cnt": 22}, "INFORMATICA SN C/C++": {"medie": 7.9625, "reusita": 100.0, "cnt": 4}, "ECONOMIE": {"medie": 8.492, "reusita": 96.0, "cnt": 75}, "LOGICA, ARGUMENTARE SI COMUNICARE": {"medie": 9.009689922480618, "reusita": 98.44961240310077, "cnt": 129}, "SOCIOLOGIE": {"medie": 8.528539823008845, "reusita": 96.01769911504425, "cnt": 226}}, "nume": "COLEGIUL NATIONAL \"ION CREANGA\"\tBucure\u0219ti"}