{"specializari": {"MUZICA": 207, "ARTE PLASTICE SI DECORATIVE": 218, "ARHITECTURA, ARTE AMBIENTALE SI DESIGN": 180, "COREGRAFIE": 28}, "limba_moderna": {"LIMBA ENGLEZA": 631, "LIMBA FRANCEZA": 2}, "limba_materna": {"LIMBA ROMANA": 633}, "promotie_anterioara": {"NU": 605, "DA": 28}, "materii": {"LIMBA ROMANA": {"medie": 7.396603475513437, "reusita": 80.56872037914692, "cnt": 633}, "GENERAL": {"medie": 7.58791469194312, "reusita": 86.88783570300158, "cnt": 633}, "ISTORIE": {"medie": 7.227646129541866, "reusita": 74.88151658767772, "cnt": 633}, "GEOGRAFIE": {"medie": 8.091958762886595, "reusita": 92.16494845360825, "cnt": 485}, "PSIHOLOGIE": {"medie": 8.659090909090908, "reusita": 90.9090909090909, "cnt": 11}, "ECONOMIE": {"medie": 7.833333333333333, "reusita": 100.0, "cnt": 3}, "LOGICA, ARGUMENTARE SI COMUNICARE": {"medie": 8.27574626865671, "reusita": 91.04477611940298, "cnt": 134}}, "nume": "COLEGIUL NATIONAL DE ARTA \"GEORGE APOSTU\" BACAU\tBac\u0103u"}