{"specializari": {"MATEMATICA-INFORMATICA": 182, "TEHNICIAN MECATRONIST": 309, "TEHNICIAN IN INSTALATII ELECTRICE": 229, "TEHNICIAN ECOLOG SI PROTECTIA CALITATII MEDIULUI": 188, "TEHNICIAN MECANIC PENTRU INTRETINERE SI REPARATII": 60, "TEHNICIAN ELECTROTEHNIST": 34, "TEHNICIAN PRELUCRARI MECANICE": 89, "FILOLOGIE": 131, "STIINTE ALE NATURII": 34, "STIINTE SOCIALE": 34}, "limba_moderna": {"LIMBA ENGLEZA": 1167, "LIMBA FRANCEZA": 123}, "limba_materna": {"LIMBA ROMANA": 1290}, "promotie_anterioara": {"NU": 822, "DA": 468}, "materii": {"LIMBA ROMANA": {"medie": 5.493100775193809, "reusita": 40.0, "cnt": 1290}, "MATEMATICA MATE-INFO": {"medie": 5.960714285714284, "reusita": 51.098901098901095, "cnt": 182}, "BIOLOGIE VEGETALA SI ANIMALA": {"medie": 4.197106918238995, "reusita": 23.270440251572328, "cnt": 795}, "GENERAL": {"medie": 5.129741602067191, "reusita": 34.651162790697676, "cnt": 1290}, "CHIMIE ORGANICA TEO NIVEL I/II": {"medie": 4.7, "reusita": 0.0, "cnt": 1}, "INFORMATICA MI C/C++": {"medie": 5.630952380952382, "reusita": 33.33333333333333, "cnt": 21}, "CHIMIE ANORGANICA TEO NIVEL I/II": {"medie": 6.7, "reusita": 100.0, "cnt": 1}, "ISTORIE": {"medie": 6.883030303030306, "reusita": 75.15151515151514, "cnt": 165}, "GEOGRAFIE": {"medie": 8.214814814814817, "reusita": 94.44444444444444, "cnt": 54}, "PSIHOLOGIE": {"medie": 7.8083333333333345, "reusita": 83.33333333333334, "cnt": 6}, "MATEMATICA ST-NAT": {"medie": 4.602941176470588, "reusita": 20.588235294117645, "cnt": 34}, "ANATOMIE SI FIZIOLOGIE UMANA, GENETICA SI ECOLOGIE UMANA": {"medie": 5.932425742574256, "reusita": 53.960396039603964, "cnt": 202}, "FIZICA TEO": {"medie": 5.9423076923076925, "reusita": 53.84615384615385, "cnt": 13}, "FILOSOFIE": {"medie": 7.5375, "reusita": 75.0, "cnt": 4}, "MATEMATICA TEHN": {"medie": 4.433663366336635, "reusita": 27.062706270627064, "cnt": 909}, "FIZICA TEH": {"medie": 3.7106382978723405, "reusita": 27.659574468085108, "cnt": 47}, "ECONOMIE": {"medie": 6.775, "reusita": 100.0, "cnt": 2}, "LOGICA, ARGUMENTARE SI COMUNICARE": {"medie": 7.916666666666665, "reusita": 100.0, "cnt": 3}, "SOCIOLOGIE": {"medie": 7.371354166666669, "reusita": 82.29166666666666, "cnt": 96}, "CHIMIE ANORGANICA TEH NIVEL I/II": {"medie": 3.7243243243243245, "reusita": 13.513513513513514, "cnt": 37}, "CHIMIE ORGANICA TEH NIVEL I/II": {"medie": 4.88125, "reusita": 0.0, "cnt": 8}}, "nume": "COLEGIUL TEHNIC \"PETRU MAIOR\"\tBucure\u0219ti"}