{"specializari": {"MATEMATICA-INFORMATICA": 644}, "limba_moderna": {"LIMBA ENGLEZA": 551, "LIMBA FRANCEZA": 93}, "limba_materna": {"LIMBA ROMANA": 644}, "promotie_anterioara": {"NU": 644}, "materii": {"LIMBA ROMANA": {"medie": 8.735248447204986, "reusita": 99.37888198757764, "cnt": 644}, "MATEMATICA MATE-INFO": {"medie": 9.296894409937897, "reusita": 99.84472049689441, "cnt": 644}, "BIOLOGIE VEGETALA SI ANIMALA": {"medie": 8.607975460122699, "reusita": 100.0, "cnt": 163}, "GENERAL": {"medie": 8.968737060041406, "reusita": 100.0, "cnt": 644}, "CHIMIE ORGANICA TEO NIVEL I/II": {"medie": 9.242857142857144, "reusita": 100.0, "cnt": 7}, "INFORMATICA MI C/C++": {"medie": 8.165000000000001, "reusita": 100.0, "cnt": 10}, "CHIMIE ANORGANICA TEO NIVEL I/II": {"medie": 7.983333333333334, "reusita": 100.0, "cnt": 6}, "FIZICA TEO": {"medie": 8.990283842794751, "reusita": 99.34497816593887, "cnt": 458}}, "nume": "COLEGIUL NATIONAL MILITAR \"MIHAI VITEAZUL\" ALBA IULIA\tAlba"}