{"specializari": {"STIINTE ALE NATURII": 209, "TEHNICIAN IN INDUSTRIA TEXTILA": 1, "MATEMATICA-INFORMATICA": 207, "FILOLOGIE": 589, "LICEU CU PROGRAM SPORTIV": 1, "TEHNICIAN IN SILVICULTURA SI EXPLOATARI FORESTIERE": 1}, "limba_moderna": {"LIMBA ENGLEZA": 1003, "LIMBA FRANCEZA": 5}, "limba_materna": {"LIMBA ROMANA": 1008}, "promotie_anterioara": {"DA": 95, "NU": 913}, "materii": {"LIMBA ROMANA": {"medie": 6.7980654761904775, "reusita": 67.7579365079365, "cnt": 1008}, "MATEMATICA MATE-INFO": {"medie": 7.207004830917874, "reusita": 74.39613526570048, "cnt": 207}, "BIOLOGIE VEGETALA SI ANIMALA": {"medie": 6.480000000000001, "reusita": 60.0, "cnt": 5}, "GENERAL": {"medie": 7.080191798941804, "reusita": 75.59523809523809, "cnt": 1008}, "CHIMIE ORGANICA TEO NIVEL I/II": {"medie": 8.400000000000002, "reusita": 100.0, "cnt": 5}, "INFORMATICA MI C/C++": {"medie": 7.396, "reusita": 80.0, "cnt": 25}, "ISTORIE": {"medie": 6.685677966101696, "reusita": 67.45762711864407, "cnt": 590}, "GEOGRAFIE": {"medie": 7.357664233576639, "reusita": 80.47445255474453, "cnt": 548}, "PSIHOLOGIE": {"medie": 7.3, "reusita": 60.0, "cnt": 5}, "MATEMATICA ST-NAT": {"medie": 6.756698564593299, "reusita": 68.42105263157895, "cnt": 209}, "ANATOMIE SI FIZIOLOGIE UMANA, GENETICA SI ECOLOGIE UMANA": {"medie": 7.99640957446808, "reusita": 88.29787234042553, "cnt": 376}, "FIZICA TEO": {"medie": 6.691666666666666, "reusita": 66.66666666666666, "cnt": 6}, "FILOSOFIE": {"medie": 8.0, "reusita": 100.0, "cnt": 1}, "MATEMATICA TEHN": {"medie": 6.325, "reusita": 50.0, "cnt": 2}, "INFORMATICA SN C/C++": {"medie": 8.5, "reusita": 100.0, "cnt": 1}, "LOGICA, ARGUMENTARE SI COMUNICARE": {"medie": 8.520588235294117, "reusita": 88.23529411764706, "cnt": 34}, "SOCIOLOGIE": {"medie": 8.025, "reusita": 100.0, "cnt": 2}}, "nume": "COLEGIUL NATIONAL \"OCTAVIAN GOGA\" MARGHITA\tBihor"}