{"specializari": {"STIINTE SOCIALE": 210, "MATEMATICA-INFORMATICA": 783, "FILOLOGIE": 218, "STIINTE ALE NATURII": 213, "TEOLOGIE ORTODOXA": 2, "TEHNICIAN IN ACTIVITATI ECONOMICE": 1}, "limba_moderna": {"LIMBA ENGLEZA": 1302, "LIMBA FRANCEZA": 125}, "limba_materna": {"LIMBA ROMANA": 1427}, "promotie_anterioara": {"NU": 1409, "DA": 18}, "materii": {"LIMBA ROMANA": {"medie": 8.474702172389627, "reusita": 94.53398738612474, "cnt": 1427}, "MATEMATICA MATE-INFO": {"medie": 8.914495530012779, "reusita": 96.04086845466155, "cnt": 783}, "BIOLOGIE VEGETALA SI ANIMALA": {"medie": 8.344949494949494, "reusita": 89.8989898989899, "cnt": 99}, "GENERAL": {"medie": 8.708829712683933, "reusita": 97.68745620182202, "cnt": 1427}, "CHIMIE ORGANICA TEO NIVEL I/II": {"medie": 9.067129629629628, "reusita": 98.14814814814815, "cnt": 108}, "INFORMATICA MI C/C++": {"medie": 8.802941176470588, "reusita": 98.52941176470588, "cnt": 68}, "CHIMIE ANORGANICA TEO NIVEL I/II": {"medie": 9.069999999999999, "reusita": 100.0, "cnt": 5}, "ISTORIE": {"medie": 8.650000000000004, "reusita": 95.81395348837209, "cnt": 430}, "GEOGRAFIE": {"medie": 8.957482993197281, "reusita": 97.95918367346938, "cnt": 147}, "PSIHOLOGIE": {"medie": 8.571428571428573, "reusita": 95.23809523809523, "cnt": 21}, "MATEMATICA ST-NAT": {"medie": 8.289201877934271, "reusita": 93.42723004694837, "cnt": 213}, "ANATOMIE SI FIZIOLOGIE UMANA, GENETICA SI ECOLOGIE UMANA": {"medie": 8.970936639118461, "reusita": 98.62258953168043, "cnt": 363}, "FIZICA TEO": {"medie": 8.794219653179185, "reusita": 94.79768786127167, "cnt": 346}, "FILOSOFIE": {"medie": 9.2, "reusita": 100.0, "cnt": 2}, "MATEMATICA TEHN": {"medie": 6.65, "reusita": 100.0, "cnt": 1}, "INFORMATICA SN C/C++": {"medie": 7.95, "reusita": 100.0, "cnt": 1}, "ECONOMIE": {"medie": 8.775675675675673, "reusita": 100.0, "cnt": 37}, "LOGICA, ARGUMENTARE SI COMUNICARE": {"medie": 9.2625, "reusita": 98.52941176470588, "cnt": 204}, "SOCIOLOGIE": {"medie": 8.98, "reusita": 100.0, "cnt": 20}, "INFORMATICA MI PASCAL": {"medie": 8.625, "reusita": 100.0, "cnt": 6}}, "nume": "COLEGIUL NATIONAL \"MIHAI VITEAZUL\" SLOBOZIA\tIalomi\u021ba"}