{"specializari": {"FILOLOGIE": 586, "STIINTE ALE NATURII": 369, "MATEMATICA-INFORMATICA": 692, "STIINTE SOCIALE": 162}, "limba_moderna": {"LIMBA ENGLEZA": 1655, "LIMBA FRANCEZA": 146, "LIMBA SPANIOLA": 4, "LIMBA GERMANA MODERNA": 4}, "limba_materna": {"LIMBA ROMANA": 1809}, "promotie_anterioara": {"NU": 1751, "DA": 58}, "materii": {"LIMBA ROMANA": {"medie": 8.164731896075194, "reusita": 91.92924267551133, "cnt": 1809}, "MATEMATICA MATE-INFO": {"medie": 8.139161849710971, "reusita": 86.5606936416185, "cnt": 692}, "BIOLOGIE VEGETALA SI ANIMALA": {"medie": 7.855932203389826, "reusita": 87.28813559322035, "cnt": 118}, "GENERAL": {"medie": 8.118126036484231, "reusita": 91.98452183526811, "cnt": 1809}, "CHIMIE ORGANICA TEO NIVEL I/II": {"medie": 8.840697674418605, "reusita": 97.67441860465115, "cnt": 43}, "INFORMATICA MI C/C++": {"medie": 8.475824175824176, "reusita": 95.6043956043956, "cnt": 91}, "CHIMIE ANORGANICA TEO NIVEL I/II": {"medie": 5.391666666666667, "reusita": 16.666666666666664, "cnt": 6}, "ISTORIE": {"medie": 7.63295454545455, "reusita": 81.95187165775401, "cnt": 748}, "GEOGRAFIE": {"medie": 8.546177370030584, "reusita": 96.94189602446484, "cnt": 327}, "PSIHOLOGIE": {"medie": 8.45735294117647, "reusita": 94.11764705882352, "cnt": 34}, "MATEMATICA ST-NAT": {"medie": 7.518428184281834, "reusita": 79.13279132791328, "cnt": 369}, "ANATOMIE SI FIZIOLOGIE UMANA, GENETICA SI ECOLOGIE UMANA": {"medie": 8.570397489539749, "reusita": 95.18828451882845, "cnt": 478}, "FIZICA TEO": {"medie": 8.154267912772584, "reusita": 89.09657320872275, "cnt": 321}, "FILOSOFIE": {"medie": 8.774999999999999, "reusita": 100.0, "cnt": 2}, "ECONOMIE": {"medie": 8.420338983050847, "reusita": 93.22033898305084, "cnt": 59}, "LOGICA, ARGUMENTARE SI COMUNICARE": {"medie": 8.551271186440678, "reusita": 94.49152542372882, "cnt": 236}, "SOCIOLOGIE": {"medie": 7.798333333333334, "reusita": 86.66666666666667, "cnt": 90}, "INFORMATICA MI PASCAL": {"medie": 7.4, "reusita": 100.0, "cnt": 4}}, "nume": "COLEGIUL NATIONAL \"RADU GRECEANU\" SLATINA\tOlt"}