{"specializari": {"MATEMATICA-INFORMATICA": 922, "FILOLOGIE": 923, "STIINTE SOCIALE": 31}, "limba_moderna": {"LIMBA ENGLEZA": 1617, "LIMBA GERMANA MODERNA": 237, "LIMBA FRANCEZA": 22}, "limba_materna": {"LIMBA ROMANA": 1876}, "promotie_anterioara": {"NU": 1846, "DA": 30}, "materii": {"LIMBA ROMANA": {"medie": 8.21764392324093, "reusita": 95.1492537313433, "cnt": 1876}, "MATEMATICA MATE-INFO": {"medie": 8.159707158351413, "reusita": 91.54013015184381, "cnt": 922}, "BIOLOGIE VEGETALA SI ANIMALA": {"medie": 7.894557823129249, "reusita": 89.1156462585034, "cnt": 147}, "GENERAL": {"medie": 8.32464285714286, "reusita": 96.85501066098081, "cnt": 1876}, "CHIMIE ORGANICA TEO NIVEL I/II": {"medie": 8.491764705882352, "reusita": 95.29411764705881, "cnt": 85}, "INFORMATICA MI C/C++": {"medie": 7.904571428571435, "reusita": 90.57142857142857, "cnt": 350}, "CHIMIE ANORGANICA TEO NIVEL I/II": {"medie": 8.081578947368422, "reusita": 100.0, "cnt": 19}, "ISTORIE": {"medie": 8.634329140461213, "reusita": 96.0167714884696, "cnt": 954}, "GEOGRAFIE": {"medie": 8.996787148594377, "reusita": 100.0, "cnt": 249}, "PSIHOLOGIE": {"medie": 8.246428571428572, "reusita": 90.47619047619048, "cnt": 42}, "ANATOMIE SI FIZIOLOGIE UMANA, GENETICA SI ECOLOGIE UMANA": {"medie": 8.125203252032524, "reusita": 94.3089430894309, "cnt": 123}, "FIZICA TEO": {"medie": 8.223181818181818, "reusita": 89.39393939393939, "cnt": 198}, "FILOSOFIE": {"medie": 8.063636363636364, "reusita": 90.9090909090909, "cnt": 33}, "ECONOMIE": {"medie": 8.333490566037735, "reusita": 97.16981132075472, "cnt": 106}, "LOGICA, ARGUMENTARE SI COMUNICARE": {"medie": 9.037304075235106, "reusita": 98.43260188087774, "cnt": 319}, "SOCIOLOGIE": {"medie": 7.929024390243905, "reusita": 88.78048780487805, "cnt": 205}}, "nume": "COLEGIUL NATIONAL \"I.L.CARAGIALE\"\tBucure\u0219ti"}