{"specializari": {"ARTE PLASTICE SI DECORATIVE": 172, "FILOLOGIE": 193, "CONSERVARE - RESTAURARE": 81, "ARHITECTURA, ARTE AMBIENTALE SI DESIGN": 193, "MUZICA": 192, "PATRIMONIU CULTURAL": 37}, "limba_moderna": {"LIMBA ENGLEZA": 862, "LIMBA FRANCEZA": 31}, "limba_materna": {"LIMBA ROMANA": 893}, "promotie_anterioara": {"NU": 846, "DA": 47}, "materii": {"LIMBA ROMANA": {"medie": 7.483034714445699, "reusita": 85.33034714445688, "cnt": 893}, "GENERAL": {"medie": 7.39078014184398, "reusita": 87.34602463605823, "cnt": 893}, "ISTORIE": {"medie": 6.931858902575597, "reusita": 70.54871220604704, "cnt": 893}, "GEOGRAFIE": {"medie": 7.803464203233247, "reusita": 88.2217090069284, "cnt": 433}, "PSIHOLOGIE": {"medie": 7.26551724137931, "reusita": 75.86206896551724, "cnt": 29}, "FILOSOFIE": {"medie": 7.206250000000002, "reusita": 81.25, "cnt": 16}, "ECONOMIE": {"medie": 8.399999999999999, "reusita": 100.0, "cnt": 2}, "LOGICA, ARGUMENTARE SI COMUNICARE": {"medie": 7.749999999999996, "reusita": 85.71428571428571, "cnt": 406}, "SOCIOLOGIE": {"medie": 8.457142857142859, "reusita": 100.0, "cnt": 7}}, "nume": "COLEGIUL DE ARTA \"CIPRIAN PORUMBESCU\" SUCEAVA\tSuceava"}