{"specializari": {"TEHNICIAN ECOLOG SI PROTECTIA CALITATII MEDIULUI": 350, "TEHNICIAN MECATRONIST": 54, "TEHNICIAN CHIMIST DE LABORATOR": 406, "TEHNICIAN ELECTROMECANIC": 199, "TEHNICIAN OPERATOR TEHNICA DE CALCUL": 63, "TEHNICIAN IN AUTOMATIZARI": 164, "TEHNICIAN ELECTROTEHNIST": 5, "TEHNICIAN ELECTRONIST": 2, "TEHNICIAN TRANSPORTURI": 13, "TEHNICIAN DE TELECOMUNICATII": 4, "TEHNICIAN IN INSTALATII ELECTRICE": 3, "TEHNICIAN IN CHIMIE INDUSTRIALA": 37, "TEHNICIAN MECANIC PENTRU INTRETINERE SI REPARATII": 95, "MATEMATICA-INFORMATICA": 1, "TEHNICIAN IN ACTIVITATI ECONOMICE": 94, "STIINTE ALE NATURII": 2}, "limba_moderna": {"LIMBA ENGLEZA": 1218, "LIMBA FRANCEZA": 255, "LIMBA GERMANA MODERNA": 19}, "limba_materna": {"LIMBA ROMANA": 1492}, "promotie_anterioara": {"NU": 1128, "DA": 364}, "materii": {"LIMBA ROMANA": {"medie": 6.144772117962471, "reusita": 54.557640750670245, "cnt": 1492}, "MATEMATICA MATE-INFO": {"medie": 1.0, "reusita": 0.0, "cnt": 1}, "BIOLOGIE VEGETALA SI ANIMALA": {"medie": 5.478955866523136, "reusita": 44.02583423035522, "cnt": 929}, "GENERAL": {"medie": 5.868684092940142, "reusita": 50.201072386058975, "cnt": 1492}, "GEOGRAFIE": {"medie": 8.496, "reusita": 100.0, "cnt": 25}, "PSIHOLOGIE": {"medie": 8.7, "reusita": 100.0, "cnt": 1}, "MATEMATICA ST-NAT": {"medie": 4.35, "reusita": 50.0, "cnt": 2}, "ANATOMIE SI FIZIOLOGIE UMANA, GENETICA SI ECOLOGIE UMANA": {"medie": 7.000754716981134, "reusita": 75.47169811320755, "cnt": 265}, "MATEMATICA TEHN": {"medie": 5.523438549361991, "reusita": 45.5339153794493, "cnt": 1489}, "FIZICA TEH": {"medie": 5.532191780821919, "reusita": 46.57534246575342, "cnt": 73}, "ECONOMIE": {"medie": 7.325, "reusita": 83.33333333333334, "cnt": 12}, "LOGICA, ARGUMENTARE SI COMUNICARE": {"medie": 8.090178571428572, "reusita": 91.07142857142857, "cnt": 56}, "CHIMIE ANORGANICA TEH NIVEL I/II": {"medie": 5.816111111111112, "reusita": 46.2962962962963, "cnt": 108}, "CHIMIE ORGANICA TEH NIVEL I/II": {"medie": 5.519130434782608, "reusita": 30.434782608695656, "cnt": 23}}, "nume": "COLEGIUL TEHNIC \"COSTIN D. NENITESCU\" PITESTI\tArge\u0219"}