{"specializari": {"TEHNICIAN OPERATOR TEHNICA DE CALCUL": 216, "TEHNICIAN IN ADMINISTRATIE": 115, "TEHNICIAN ECOLOG SI PROTECTIA CALITATII MEDIULUI": 193, "TEHNICIAN IN INDUSTRIA ALIMENTARA": 225, "TEHNICIAN MECANIC PENTRU INTRETINERE SI REPARATII": 507, "TEHNICIAN IN INDUSTRIA TEXTILA": 104, "TEHNICIAN IN AUTOMATIZARI": 184, "TEHNICIAN DESENATOR PENTRU CONSTRUCTII SI INSTALATII": 191, "TEHNICIAN ELECTRICIAN/ELECTRONIST AUTO": 1, "TEHNICIAN IN INSTALATII ELECTRICE": 176, "TEHNICIAN ELECTROMECANIC": 6, "TEHNICIAN IN ACTIVITATI ECONOMICE": 87, "TEHNICIAN ELECTROTEHNIST": 26, "MATEMATICA-INFORMATICA": 178}, "limba_moderna": {"LIMBA ENGLEZA": 1846, "LIMBA FRANCEZA": 363}, "limba_materna": {"LIMBA ROMANA": 2209}, "promotie_anterioara": {"NU": 1625, "DA": 584}, "materii": {"LIMBA ROMANA": {"medie": 5.2801041195110985, "reusita": 40.606609325486644, "cnt": 2209}, "MATEMATICA MATE-INFO": {"medie": 2.258707865168539, "reusita": 7.303370786516854, "cnt": 178}, "BIOLOGIE VEGETALA SI ANIMALA": {"medie": 4.4551020408163335, "reusita": 27.656579873328642, "cnt": 1421}, "GENERAL": {"medie": 5.220499471857552, "reusita": 35.94386600271616, "cnt": 2209}, "CHIMIE ORGANICA TEO NIVEL I/II": {"medie": 3.72, "reusita": 40.0, "cnt": 5}, "GEOGRAFIE": {"medie": 7.983750000000002, "reusita": 90.0, "cnt": 200}, "PSIHOLOGIE": {"medie": 7.8, "reusita": 100.0, "cnt": 2}, "ANATOMIE SI FIZIOLOGIE UMANA, GENETICA SI ECOLOGIE UMANA": {"medie": 6.410192837465564, "reusita": 71.34986225895317, "cnt": 363}, "FIZICA TEO": {"medie": 3.5161764705882357, "reusita": 8.823529411764707, "cnt": 34}, "MATEMATICA TEHN": {"medie": 5.3992368291482125, "reusita": 43.328409650418514, "cnt": 2031}, "FIZICA TEH": {"medie": 6.815263157894737, "reusita": 60.0, "cnt": 95}, "CHIMIE ORGANICA TEH NIVEL I/II": {"medie": 5.719662921348314, "reusita": 37.07865168539326, "cnt": 89}}, "nume": "COLEGIUL TEHNIC MOTRU\tGorj"}