{"specializari": {"MATEMATICA-INFORMATICA": 707, "FILOLOGIE": 232, "STIINTE ALE NATURII": 151}, "limba_moderna": {"LIMBA ENGLEZA": 1056, "LIMBA GERMANA MODERNA": 13, "LIMBA FRANCEZA": 16, "LIMBA RUSA": 5}, "limba_materna": {"LIMBA ROMANA": 1090}, "promotie_anterioara": {"NU": 1086, "DA": 4}, "materii": {"LIMBA ROMANA": {"medie": 8.971192660550466, "reusita": 98.89908256880734, "cnt": 1090}, "MATEMATICA MATE-INFO": {"medie": 9.108557284299854, "reusita": 98.72701555869872, "cnt": 707}, "BIOLOGIE VEGETALA SI ANIMALA": {"medie": 8.88125, "reusita": 100.0, "cnt": 16}, "GENERAL": {"medie": 9.07187767584098, "reusita": 99.35779816513761, "cnt": 1090}, "CHIMIE ORGANICA TEO NIVEL I/II": {"medie": 9.031999999999998, "reusita": 97.33333333333334, "cnt": 75}, "INFORMATICA MI C/C++": {"medie": 9.018125000000001, "reusita": 96.66666666666667, "cnt": 240}, "CHIMIE ANORGANICA TEO NIVEL I/II": {"medie": 9.325, "reusita": 100.0, "cnt": 6}, "ISTORIE": {"medie": 8.877370689655173, "reusita": 98.27586206896551, "cnt": 232}, "GEOGRAFIE": {"medie": 9.232042253521122, "reusita": 100.0, "cnt": 142}, "PSIHOLOGIE": {"medie": 7.366666666666667, "reusita": 83.33333333333334, "cnt": 6}, "MATEMATICA ST-NAT": {"medie": 9.232119205298016, "reusita": 99.33774834437085, "cnt": 151}, "ANATOMIE SI FIZIOLOGIE UMANA, GENETICA SI ECOLOGIE UMANA": {"medie": 9.337064676616913, "reusita": 99.00497512437812, "cnt": 402}, "FIZICA TEO": {"medie": 8.899903846153844, "reusita": 97.11538461538461, "cnt": 104}, "FILOSOFIE": {"medie": 9.049999999999999, "reusita": 100.0, "cnt": 3}, "INFORMATICA SN C/C++": {"medie": 8.363333333333333, "reusita": 93.33333333333333, "cnt": 15}, "ECONOMIE": {"medie": 9.12, "reusita": 100.0, "cnt": 5}, "LOGICA, ARGUMENTARE SI COMUNICARE": {"medie": 9.48066666666667, "reusita": 100.0, "cnt": 75}, "SOCIOLOGIE": {"medie": 9.8, "reusita": 100.0, "cnt": 1}}, "nume": "COLEGIUL NATIONAL \"COSTACHE NEGRUZZI\", IASI\tIa\u0219i"}