{"specializari": {"TEHNICIAN IN AUTOMATIZARI": 221, "STIINTE ALE NATURII": 302, "TEHNICIAN MECANIC PENTRU INTRETINERE SI REPARATII": 115, "TEHNICIAN MECATRONIST": 74, "TEHNICIAN ELECTROTEHNIST": 79, "TEHNICIAN ELECTROMECANIC": 200}, "limba_moderna": {"LIMBA ENGLEZA": 830, "LIMBA FRANCEZA": 161}, "limba_materna": {"LIMBA ROMANA": 991}, "promotie_anterioara": {"NU": 766, "DA": 225}, "materii": {"LIMBA ROMANA": {"medie": 5.459889001009091, "reusita": 43.7941473259334, "cnt": 991}, "BIOLOGIE VEGETALA SI ANIMALA": {"medie": 4.214811490125669, "reusita": 22.800718132854577, "cnt": 557}, "GENERAL": {"medie": 5.055364951227711, "reusita": 32.49243188698285, "cnt": 991}, "CHIMIE ORGANICA TEO NIVEL I/II": {"medie": 9.05, "reusita": 100.0, "cnt": 2}, "CHIMIE ANORGANICA TEO NIVEL I/II": {"medie": 6.185294117647057, "reusita": 47.05882352941176, "cnt": 17}, "MATEMATICA ST-NAT": {"medie": 5.8256622516556265, "reusita": 52.64900662251656, "cnt": 302}, "ANATOMIE SI FIZIOLOGIE UMANA, GENETICA SI ECOLOGIE UMANA": {"medie": 7.954856115107911, "reusita": 87.05035971223022, "cnt": 278}, "FIZICA TEO": {"medie": 5.35, "reusita": 40.0, "cnt": 5}, "MATEMATICA TEHN": {"medie": 3.9913642960812803, "reusita": 21.77068214804064, "cnt": 689}, "FIZICA TEH": {"medie": 2.893396226415093, "reusita": 13.20754716981132, "cnt": 53}, "CHIMIE ANORGANICA TEH NIVEL I/II": {"medie": 3.1265822784810133, "reusita": 8.860759493670885, "cnt": 79}}, "nume": "COLEGIUL \"GHEORGHE TATARESCU\" ROVINARI\tGorj"}