{"specializari": {"STIINTE ALE NATURII": 400, "FILOLOGIE": 200, "MATEMATICA-INFORMATICA": 228}, "limba_moderna": {"LIMBA ENGLEZA": 819, "LIMBA FRANCEZA": 2, "LIMBA SPANIOLA": 7}, "limba_materna": {"LIMBA GERMANA": 828}, "promotie_anterioara": {"NU": 825, "DA": 3}, "materii": {"LIMBA ROMANA": {"medie": 8.829227053140105, "reusita": 98.30917874396135, "cnt": 828}, "MATEMATICA MATE-INFO": {"medie": 9.016228070175442, "reusita": 99.56140350877193, "cnt": 228}, "BIOLOGIE VEGETALA SI ANIMALA": {"medie": 9.321428571428573, "reusita": 99.31972789115646, "cnt": 147}, "GENERAL": {"medie": 8.85624999999999, "reusita": 99.51690821256038, "cnt": 828}, "CHIMIE ORGANICA TEO NIVEL I/II": {"medie": 9.124999999999996, "reusita": 100.0, "cnt": 34}, "INFORMATICA MI C/C++": {"medie": 9.06958041958042, "reusita": 100.0, "cnt": 143}, "CHIMIE ANORGANICA TEO NIVEL I/II": {"medie": 8.0, "reusita": 100.0, "cnt": 4}, "ISTORIE": {"medie": 8.448499999999997, "reusita": 93.5, "cnt": 200}, "GEOGRAFIE": {"medie": 8.672043010752683, "reusita": 97.84946236559139, "cnt": 93}, "PSIHOLOGIE": {"medie": 8.7125, "reusita": 100.0, "cnt": 8}, "MATEMATICA ST-NAT": {"medie": 8.909375000000004, "reusita": 98.25, "cnt": 400}, "ANATOMIE SI FIZIOLOGIE UMANA, GENETICA SI ECOLOGIE UMANA": {"medie": 9.50282051282052, "reusita": 100.0, "cnt": 195}, "FIZICA TEO": {"medie": 9.040555555555551, "reusita": 94.44444444444444, "cnt": 90}, "FILOSOFIE": {"medie": 8.583333333333334, "reusita": 100.0, "cnt": 3}, "LIMBA GERMANA": {"medie": 8.606159420289856, "reusita": 97.46376811594203, "cnt": 828}, "INFORMATICA SN C/C++": {"medie": 8.693333333333333, "reusita": 100.0, "cnt": 15}, "ECONOMIE": {"medie": 8.05, "reusita": 100.0, "cnt": 2}, "LOGICA, ARGUMENTARE SI COMUNICARE": {"medie": 9.160752688172042, "reusita": 98.9247311827957, "cnt": 93}, "SOCIOLOGIE": {"medie": 9.7, "reusita": 100.0, "cnt": 1}}, "nume": "COLEGIUL NATIONAL \"SAMUEL VON BRUKENTHAL\" SIBIU\tSibiu"}