{"specializari": {"MATEMATICA-INFORMATICA": 731, "FILOLOGIE": 380, "STIINTE SOCIALE": 227, "LICEU CU PROGRAM SPORTIV": 188, "STIINTE ALE NATURII": 5}, "limba_moderna": {"LIMBA ENGLEZA": 1417, "LIMBA FRANCEZA": 114}, "limba_materna": {"LIMBA ROMANA": 1531}, "promotie_anterioara": {"NU": 1348, "DA": 183}, "materii": {"LIMBA ROMANA": {"medie": 7.369758327890266, "reusita": 82.36446766819073, "cnt": 1531}, "MATEMATICA MATE-INFO": {"medie": 6.904514363885084, "reusita": 70.31463748290014, "cnt": 731}, "BIOLOGIE VEGETALA SI ANIMALA": {"medie": 6.159027777777778, "reusita": 54.166666666666664, "cnt": 72}, "GENERAL": {"medie": 7.394752884824732, "reusita": 83.60548661005879, "cnt": 1531}, "CHIMIE ORGANICA TEO NIVEL I/II": {"medie": 7.3374999999999995, "reusita": 87.5, "cnt": 8}, "INFORMATICA MI C/C++": {"medie": 7.557171314741034, "reusita": 84.4621513944223, "cnt": 251}, "CHIMIE ANORGANICA TEO NIVEL I/II": {"medie": 6.810526315789472, "reusita": 63.1578947368421, "cnt": 19}, "ISTORIE": {"medie": 7.34465408805032, "reusita": 77.48427672955975, "cnt": 795}, "GEOGRAFIE": {"medie": 8.032808988764037, "reusita": 90.78651685393258, "cnt": 445}, "PSIHOLOGIE": {"medie": 8.254166666666668, "reusita": 95.83333333333334, "cnt": 24}, "MATEMATICA ST-NAT": {"medie": 4.470000000000001, "reusita": 20.0, "cnt": 5}, "ANATOMIE SI FIZIOLOGIE UMANA, GENETICA SI ECOLOGIE UMANA": {"medie": 7.299701492537314, "reusita": 78.80597014925374, "cnt": 335}, "FIZICA TEO": {"medie": 6.950980392156864, "reusita": 70.58823529411765, "cnt": 51}, "ECONOMIE": {"medie": 8.385714285714286, "reusita": 100.0, "cnt": 14}, "LOGICA, ARGUMENTARE SI COMUNICARE": {"medie": 8.299086757990867, "reusita": 89.49771689497716, "cnt": 219}, "SOCIOLOGIE": {"medie": 7.919892473118281, "reusita": 91.39784946236558, "cnt": 93}}, "nume": "COLEGIUL NATIONAL \"OCTAV ONICESCU\"\tBucure\u0219ti"}