{"specializari": {"STIINTE ALE NATURII": 602, "MATEMATICA-INFORMATICA": 367, "FILOLOGIE": 209}, "limba_moderna": {"LIMBA ENGLEZA": 1133, "LIMBA GERMANA MODERNA": 6, "LIMBA FRANCEZA": 39}, "limba_materna": {"LIMBA ROMANA": 1178}, "promotie_anterioara": {"NU": 1165, "DA": 13}, "materii": {"LIMBA ROMANA": {"medie": 8.654584040747022, "reusita": 96.5195246179966, "cnt": 1178}, "MATEMATICA MATE-INFO": {"medie": 8.859673024523154, "reusita": 96.45776566757493, "cnt": 367}, "BIOLOGIE VEGETALA SI ANIMALA": {"medie": 8.08125, "reusita": 100.0, "cnt": 8}, "GENERAL": {"medie": 8.825384833050364, "reusita": 98.81154499151104, "cnt": 1178}, "CHIMIE ORGANICA TEO NIVEL I/II": {"medie": 9.127692307692305, "reusita": 99.3006993006993, "cnt": 143}, "INFORMATICA MI C/C++": {"medie": 8.905963302752294, "reusita": 99.08256880733946, "cnt": 218}, "CHIMIE ANORGANICA TEO NIVEL I/II": {"medie": 8.845161290322581, "reusita": 96.7741935483871, "cnt": 31}, "ISTORIE": {"medie": 8.521531100478471, "reusita": 97.60765550239235, "cnt": 209}, "GEOGRAFIE": {"medie": 8.907692307692313, "reusita": 98.29059829059828, "cnt": 117}, "PSIHOLOGIE": {"medie": 8.828571428571427, "reusita": 100.0, "cnt": 7}, "MATEMATICA ST-NAT": {"medie": 9.057142857142864, "reusita": 97.8405315614618, "cnt": 602}, "ANATOMIE SI FIZIOLOGIE UMANA, GENETICA SI ECOLOGIE UMANA": {"medie": 8.890801186943623, "reusita": 97.62611275964392, "cnt": 337}, "FIZICA TEO": {"medie": 9.001999999999999, "reusita": 96.5, "cnt": 200}, "FILOSOFIE": {"medie": 8.45, "reusita": 100.0, "cnt": 4}, "INFORMATICA SN C/C++": {"medie": 9.253124999999999, "reusita": 100.0, "cnt": 32}, "ECONOMIE": {"medie": 7.5, "reusita": 100.0, "cnt": 2}, "LOGICA, ARGUMENTARE SI COMUNICARE": {"medie": 9.115, "reusita": 100.0, "cnt": 20}, "SOCIOLOGIE": {"medie": 8.398305084745761, "reusita": 98.30508474576271, "cnt": 59}}, "nume": "COLEGIUL NATIONAL \"MOISE NICOARA\" ARAD\tArad"}