{"specializari": {"TEHNICIAN IN INSTALATII ELECTRICE": 276, "TEHNICIAN MECANIC PENTRU INTRETINERE SI REPARATII": 510, "STIINTE ALE NATURII": 205, "TEHNICIAN IN AGROTURISM": 108, "MATEMATICA-INFORMATICA": 263, "TEHNICIAN DESIGNER VESTIMENTAR": 1, "TEHNICIAN ANALIZE PRODUSE ALIMENTARE": 3, "TEHNICIAN IN TURISM": 1, "TEHNICIAN IN AUTOMATIZARI": 2, "TEHNICIAN IN AGRICULTURA": 2, "TEHNICIAN DESIGNER MOBILA SI AMENAJARI INTERIOARE": 1}, "limba_moderna": {"LIMBA FRANCEZA": 566, "LIMBA ENGLEZA": 806}, "limba_materna": {"LIMBA ROMANA": 1372}, "promotie_anterioara": {"NU": 1027, "DA": 345}, "materii": {"LIMBA ROMANA": {"medie": 5.198542274052486, "reusita": 40.160349854227405, "cnt": 1372}, "MATEMATICA MATE-INFO": {"medie": 5.6809885931558926, "reusita": 52.47148288973384, "cnt": 263}, "BIOLOGIE VEGETALA SI ANIMALA": {"medie": 3.586659772492245, "reusita": 17.063081695966908, "cnt": 967}, "GENERAL": {"medie": 4.76251700680273, "reusita": 31.268221574344025, "cnt": 1372}, "CHIMIE ORGANICA TEO NIVEL I/II": {"medie": 7.816666666666667, "reusita": 100.0, "cnt": 3}, "INFORMATICA MI C/C++": {"medie": 8.163636363636364, "reusita": 100.0, "cnt": 11}, "CHIMIE ANORGANICA TEO NIVEL I/II": {"medie": 6.75, "reusita": 100.0, "cnt": 1}, "GEOGRAFIE": {"medie": 8.0, "reusita": 100.0, "cnt": 1}, "MATEMATICA ST-NAT": {"medie": 5.567317073170729, "reusita": 48.292682926829265, "cnt": 205}, "ANATOMIE SI FIZIOLOGIE UMANA, GENETICA SI ECOLOGIE UMANA": {"medie": 8.087743732590534, "reusita": 91.92200557103064, "cnt": 359}, "FIZICA TEO": {"medie": 7.4, "reusita": 50.0, "cnt": 4}, "MATEMATICA TEHN": {"medie": 3.5068252212389366, "reusita": 21.349557522123895, "cnt": 904}, "FIZICA TEH": {"medie": 1.4000000000000001, "reusita": 0.0, "cnt": 3}, "INFORMATICA MI PASCAL": {"medie": 8.600000000000001, "reusita": 100.0, "cnt": 4}, "CHIMIE ANORGANICA TEH NIVEL I/II": {"medie": 5.085294117647059, "reusita": 5.88235294117647, "cnt": 17}, "CHIMIE ORGANICA TEH NIVEL I/II": {"medie": 5.05, "reusita": 0.0, "cnt": 2}}, "nume": "COLEGIUL TEHNOLOGIC \"CONSTANTIN BRANCOVEANU\"\tMehedin\u021bi"}