{"specializari": {"TEHNICIAN MECATRONIST": 78, "TEHNICIAN TRANSPORTURI": 109, "TEHNICIAN IN INSTALATII ELECTRICE": 23, "TEHNICIAN ELECTRICIAN/ELECTRONIST AUTO": 103, "MATEMATICA-INFORMATICA": 7, "TEHNICIAN ELECTROTEHNIST": 2, "FILOLOGIE": 8, "STIINTE ALE NATURII": 1}, "limba_moderna": {"LIMBA ENGLEZA": 317, "LIMBA FRANCEZA": 14}, "limba_materna": {"LIMBA ROMANA": 331}, "promotie_anterioara": {"NU": 201, "DA": 130}, "materii": {"LIMBA ROMANA": {"medie": 4.714803625377642, "reusita": 20.84592145015106, "cnt": 331}, "MATEMATICA MATE-INFO": {"medie": 4.742857142857142, "reusita": 42.857142857142854, "cnt": 7}, "BIOLOGIE VEGETALA SI ANIMALA": {"medie": 4.136281588447654, "reusita": 22.743682310469314, "cnt": 277}, "GENERAL": {"medie": 4.4948136958711, "reusita": 20.54380664652568, "cnt": 331}, "ISTORIE": {"medie": 5.3999999999999995, "reusita": 37.5, "cnt": 8}, "MATEMATICA ST-NAT": {"medie": 2.3, "reusita": 0.0, "cnt": 1}, "ANATOMIE SI FIZIOLOGIE UMANA, GENETICA SI ECOLOGIE UMANA": {"medie": 4.6499999999999995, "reusita": 0.0, "cnt": 4}, "FIZICA TEO": {"medie": 6.45, "reusita": 100.0, "cnt": 1}, "MATEMATICA TEHN": {"medie": 4.498253968253966, "reusita": 30.158730158730158, "cnt": 315}, "FIZICA TEH": {"medie": 4.494999999999999, "reusita": 35.0, "cnt": 40}, "LOGICA, ARGUMENTARE SI COMUNICARE": {"medie": 8.3, "reusita": 100.0, "cnt": 2}, "SOCIOLOGIE": {"medie": 6.483333333333334, "reusita": 83.33333333333334, "cnt": 6}, "CHIMIE ORGANICA TEH NIVEL I/II": {"medie": 1.0, "reusita": 0.0, "cnt": 1}}, "nume": "COLEGIUL TEHNIC DE TRANSPORTURI, MUNICIPIUL PIATRA-NEAMT\tNeam\u021b"}