{"specializari": {"MATEMATICA-INFORMATICA": 568, "STIINTE ALE NATURII": 236, "FILOLOGIE": 423, "STIINTE SOCIALE": 237}, "limba_moderna": {"LIMBA ENGLEZA": 1272, "LIMBA FRANCEZA": 189, "LIMBA GERMANA MODERNA": 3}, "limba_materna": {"LIMBA ROMANA": 1464}, "promotie_anterioara": {"NU": 1448, "DA": 16}, "materii": {"LIMBA ROMANA": {"medie": 8.540163934426229, "reusita": 95.42349726775956, "cnt": 1464}, "MATEMATICA MATE-INFO": {"medie": 8.934419014084499, "reusita": 95.77464788732394, "cnt": 568}, "BIOLOGIE VEGETALA SI ANIMALA": {"medie": 8.70639269406393, "reusita": 95.4337899543379, "cnt": 219}, "GENERAL": {"medie": 8.737613843351543, "reusita": 97.88251366120218, "cnt": 1464}, "CHIMIE ORGANICA TEO NIVEL I/II": {"medie": 9.109259259259252, "reusita": 100.0, "cnt": 135}, "INFORMATICA MI C/C++": {"medie": 8.862237762237765, "reusita": 97.9020979020979, "cnt": 143}, "CHIMIE ANORGANICA TEO NIVEL I/II": {"medie": 8.828947368421053, "reusita": 100.0, "cnt": 19}, "ISTORIE": {"medie": 8.444469696969694, "reusita": 92.42424242424242, "cnt": 660}, "GEOGRAFIE": {"medie": 9.034983498349831, "reusita": 99.33993399339934, "cnt": 303}, "PSIHOLOGIE": {"medie": 7.099999999999999, "reusita": 83.33333333333334, "cnt": 6}, "MATEMATICA ST-NAT": {"medie": 8.965254237288134, "reusita": 97.88135593220339, "cnt": 236}, "ANATOMIE SI FIZIOLOGIE UMANA, GENETICA SI ECOLOGIE UMANA": {"medie": 9.225700934579438, "reusita": 100.0, "cnt": 107}, "FIZICA TEO": {"medie": 8.812499999999996, "reusita": 100.0, "cnt": 32}, "FILOSOFIE": {"medie": 9.35, "reusita": 100.0, "cnt": 1}, "INFORMATICA SN C/C++": {"medie": 9.8, "reusita": 100.0, "cnt": 1}, "ECONOMIE": {"medie": 8.674999999999999, "reusita": 100.0, "cnt": 4}, "LOGICA, ARGUMENTARE SI COMUNICARE": {"medie": 9.144035087719297, "reusita": 97.89473684210527, "cnt": 285}, "SOCIOLOGIE": {"medie": 7.6811475409836065, "reusita": 86.88524590163934, "cnt": 61}, "INFORMATICA MI PASCAL": {"medie": 9.186486486486487, "reusita": 100.0, "cnt": 148}}, "nume": "COLEGIUL NATIONAL \"HOREA CLOSCA SI CRISAN\" ALBA IULIA\tAlba"}