{"specializari": {"STIINTE ALE NATURII": 522, "MATEMATICA-INFORMATICA": 216, "STIINTE SOCIALE": 307, "FILOLOGIE": 265, "TEHNICIAN IN ACTIVITATI ECONOMICE": 205, "INVATATOR - EDUCATOARE": 31}, "limba_moderna": {"LIMBA FRANCEZA": 136, "LIMBA ENGLEZA": 1398, "LIMBA GERMANA MODERNA": 12}, "limba_materna": {"LIMBA ROMANA": 1300, "LIMBA MAGHIARA": 246}, "promotie_anterioara": {"NU": 1504, "DA": 42}, "materii": {"LIMBA ROMANA": {"medie": 8.140232858990936, "reusita": 89.71539456662354, "cnt": 1546}, "MATEMATICA MATE-INFO": {"medie": 7.876620370370373, "reusita": 86.57407407407408, "cnt": 216}, "BIOLOGIE VEGETALA SI ANIMALA": {"medie": 8.74090909090909, "reusita": 100.0, "cnt": 22}, "GENERAL": {"medie": 8.345022100043114, "reusita": 92.88486416558862, "cnt": 1546}, "CHIMIE ORGANICA TEO NIVEL I/II": {"medie": 8.965384615384616, "reusita": 99.35897435897436, "cnt": 156}, "INFORMATICA MI C/C++": {"medie": 8.209195402298848, "reusita": 93.10344827586206, "cnt": 87}, "CHIMIE ANORGANICA TEO NIVEL I/II": {"medie": 8.283333333333335, "reusita": 100.0, "cnt": 15}, "ISTORIE": {"medie": 7.92237762237762, "reusita": 83.04195804195804, "cnt": 572}, "GEOGRAFIE": {"medie": 8.356493506493505, "reusita": 90.6926406926407, "cnt": 462}, "PSIHOLOGIE": {"medie": 8.11153846153846, "reusita": 100.0, "cnt": 13}, "MATEMATICA ST-NAT": {"medie": 8.336781609195407, "reusita": 91.95402298850574, "cnt": 522}, "ANATOMIE SI FIZIOLOGIE UMANA, GENETICA SI ECOLOGIE UMANA": {"medie": 8.804368932038841, "reusita": 96.35922330097088, "cnt": 412}, "FIZICA TEO": {"medie": 8.41818181818182, "reusita": 93.93939393939394, "cnt": 33}, "FILOSOFIE": {"medie": 7.423529411764705, "reusita": 76.47058823529412, "cnt": 17}, "MATEMATICA TEHN": {"medie": 8.815853658536586, "reusita": 96.58536585365853, "cnt": 205}, "INFORMATICA SN C/C++": {"medie": 8.676923076923078, "reusita": 92.3076923076923, "cnt": 13}, "LOGICA, ARGUMENTARE SI COMUNICARE": {"medie": 9.100844594594598, "reusita": 96.62162162162163, "cnt": 296}, "MATEMATICA PED": {"medie": 7.801612903225808, "reusita": 90.32258064516128, "cnt": 31}, "SOCIOLOGIE": {"medie": 8.357499999999998, "reusita": 100.0, "cnt": 20}, "LIMBA MAGHIARA (REAL)": {"medie": 8.338095238095239, "reusita": 98.09523809523809, "cnt": 105}, "LIMBA MAGHIARA (UMAN)": {"medie": 6.819858156028371, "reusita": 76.59574468085107, "cnt": 141}}, "nume": "COLEGIUL NATIONAL \"ANDREI MURESANU\" BISTRITA\tBistri\u021ba-N\u0103s\u0103ud"}