{"specializari": {"MATEMATICA-INFORMATICA": 372, "TEHNICIAN OPERATOR TEHNICA DE CALCUL": 2, "TEHNICIAN IN ACTIVITATI ECONOMICE": 585, "TEHNICIAN DE TELECOMUNICATII": 139, "TEHNICIAN MECATRONIST": 112, "TEHNICIAN TRANSPORTURI": 61, "TEHNICIAN IN AUTOMATIZARI": 195, "TEHNICIAN ELECTROMECANIC": 199, "FILOLOGIE": 1, "TEHNICIAN PRELUCRARI PE MASINI CU COMANDA NUMERICA": 60, "TEHNICIAN IN INSTALATII ELECTRICE": 57}, "limba_moderna": {"LIMBA ENGLEZA": 1720, "LIMBA FRANCEZA": 59, "LIMBA GERMANA MODERNA": 4}, "limba_materna": {"LIMBA ROMANA": 1783}, "promotie_anterioara": {"NU": 1643, "DA": 140}, "materii": {"LIMBA ROMANA": {"medie": 7.132501402131256, "reusita": 77.7902411665732, "cnt": 1783}, "MATEMATICA MATE-INFO": {"medie": 7.231720430107528, "reusita": 76.61290322580645, "cnt": 372}, "BIOLOGIE VEGETALA SI ANIMALA": {"medie": 5.679185867895543, "reusita": 46.39016897081413, "cnt": 651}, "GENERAL": {"medie": 6.882024677509814, "reusita": 71.06001121704992, "cnt": 1783}, "INFORMATICA MI C/C++": {"medie": 7.452884615384615, "reusita": 82.6923076923077, "cnt": 52}, "CHIMIE ANORGANICA TEO NIVEL I/II": {"medie": 7.95625, "reusita": 95.83333333333334, "cnt": 24}, "ISTORIE": {"medie": 5.0, "reusita": 0.0, "cnt": 1}, "GEOGRAFIE": {"medie": 8.204482758620683, "reusita": 94.3103448275862, "cnt": 580}, "PSIHOLOGIE": {"medie": 9.299999999999999, "reusita": 100.0, "cnt": 3}, "ANATOMIE SI FIZIOLOGIE UMANA, GENETICA SI ECOLOGIE UMANA": {"medie": 7.887096774193548, "reusita": 89.51612903225806, "cnt": 124}, "FIZICA TEO": {"medie": 6.90377358490566, "reusita": 73.58490566037736, "cnt": 53}, "MATEMATICA TEHN": {"medie": 6.396560283687952, "reusita": 60.709219858156025, "cnt": 1410}, "FIZICA TEH": {"medie": 6.247849462365593, "reusita": 58.06451612903226, "cnt": 186}, "ECONOMIE": {"medie": 8.033333333333333, "reusita": 100.0, "cnt": 3}, "INFORMATICA MI PASCAL": {"medie": 7.897972972972969, "reusita": 89.1891891891892, "cnt": 74}, "CHIMIE ANORGANICA TEH NIVEL I/II": {"medie": 6.171212121212122, "reusita": 57.57575757575758, "cnt": 33}}, "nume": "COLEGIUL TEHNIC \"ALESANDRU PAPIU ILARIAN\" ZALAU\tS\u0103laj"}