{"specializari": {"FILOLOGIE": 233, "MATEMATICA-INFORMATICA": 390, "STIINTE ALE NATURII": 219, "INVATATOR - EDUCATOARE": 165, "STIINTE SOCIALE": 163}, "limba_moderna": {"LIMBA ENGLEZA": 995, "LIMBA FRANCEZA": 157, "LIMBA GERMANA MODERNA": 18}, "limba_materna": {"LIMBA ROMANA": 1170}, "promotie_anterioara": {"NU": 1111, "DA": 59}, "materii": {"LIMBA ROMANA": {"medie": 7.7235897435897645, "reusita": 84.95726495726495, "cnt": 1170}, "MATEMATICA MATE-INFO": {"medie": 8.211794871794877, "reusita": 87.6923076923077, "cnt": 390}, "BIOLOGIE VEGETALA SI ANIMALA": {"medie": 8.335, "reusita": 95.0, "cnt": 20}, "GENERAL": {"medie": 7.8460826210826236, "reusita": 87.52136752136752, "cnt": 1170}, "CHIMIE ORGANICA TEO NIVEL I/II": {"medie": 8.542857142857143, "reusita": 100.0, "cnt": 7}, "INFORMATICA MI C/C++": {"medie": 8.967307692307696, "reusita": 100.0, "cnt": 52}, "CHIMIE ANORGANICA TEO NIVEL I/II": {"medie": 8.364285714285714, "reusita": 100.0, "cnt": 7}, "ISTORIE": {"medie": 6.927146464646458, "reusita": 66.91919191919192, "cnt": 396}, "GEOGRAFIE": {"medie": 7.655851063829785, "reusita": 87.2340425531915, "cnt": 282}, "PSIHOLOGIE": {"medie": 7.939999999999998, "reusita": 88.0, "cnt": 25}, "MATEMATICA ST-NAT": {"medie": 8.001369863013702, "reusita": 88.58447488584474, "cnt": 219}, "ANATOMIE SI FIZIOLOGIE UMANA, GENETICA SI ECOLOGIE UMANA": {"medie": 8.706916426512963, "reusita": 93.65994236311239, "cnt": 347}, "FIZICA TEO": {"medie": 7.2, "reusita": 50.0, "cnt": 2}, "LOGICA, ARGUMENTARE SI COMUNICARE": {"medie": 7.943000000000003, "reusita": 88.0, "cnt": 200}, "MATEMATICA PED": {"medie": 7.195757575757577, "reusita": 75.15151515151514, "cnt": 165}, "SOCIOLOGIE": {"medie": 7.662962962962964, "reusita": 87.03703703703704, "cnt": 54}, "INFORMATICA MI PASCAL": {"medie": 8.453448275862069, "reusita": 95.40229885057471, "cnt": 174}}, "nume": "COLEGIUL NATIONAL \"INOCHENTIE MICU CLAIN\" BLAJ\tAlba"}