{"specializari": {"TEHNICIAN OPERATOR TEHNICA DE CALCUL": 75, "TEHNICIAN IN ACTIVITATI ECONOMICE": 85, "STIINTE ALE NATURII": 9, "COAFOR STILIST": 56, "TEHNICIAN DESENATOR PENTRU CONSTRUCTII SI INSTALATII": 66, "TEHNICIAN IN ACTIVITATI DE COMERT": 16, "TEHNICIAN IN ADMINISTRATIE": 16, "TEHNICIAN IN INDUSTRIA TEXTILA": 6, "TEHNICIAN ECOLOG SI PROTECTIA CALITATII MEDIULUI": 8, "TEHNICIAN DESIGNER VESTIMENTAR": 2}, "limba_moderna": {"LIMBA ENGLEZA": 337, "LIMBA FRANCEZA": 2}, "limba_materna": {"LIMBA ROMANA": 339}, "promotie_anterioara": {"DA": 141, "NU": 198}, "materii": {"LIMBA ROMANA": {"medie": 5.805457227138645, "reusita": 51.91740412979351, "cnt": 339}, "BIOLOGIE VEGETALA SI ANIMALA": {"medie": 4.931640625, "reusita": 32.03125, "cnt": 128}, "GENERAL": {"medie": 5.813126843657815, "reusita": 50.14749262536873, "cnt": 339}, "GEOGRAFIE": {"medie": 6.770231213872831, "reusita": 78.03468208092485, "cnt": 173}, "MATEMATICA ST-NAT": {"medie": 2.8833333333333337, "reusita": 0.0, "cnt": 9}, "ANATOMIE SI FIZIOLOGIE UMANA, GENETICA SI ECOLOGIE UMANA": {"medie": 3.5, "reusita": 0.0, "cnt": 5}, "MATEMATICA TEHN": {"medie": 5.72893939393939, "reusita": 50.60606060606061, "cnt": 330}, "FIZICA TEH": {"medie": 6.453846153846154, "reusita": 53.84615384615385, "cnt": 13}, "CHIMIE ANORGANICA TEH NIVEL I/II": {"medie": 6.100000000000001, "reusita": 63.1578947368421, "cnt": 19}, "CHIMIE ORGANICA TEH NIVEL I/II": {"medie": 7.6, "reusita": 100.0, "cnt": 1}}, "nume": "COLEGIUL TEHNIC \"MEDIENSIS\" MEDIAS\tSibiu"}