{"specializari": {"TEHNICIAN IN ACTIVITATI ECONOMICE": 872, "TEHNICIAN IN HOTELARIE": 97, "ORGANIZATOR BANQUETING": 183, "TEHNICIAN IN ACTIVITATI DE COMERT": 287, "TEHNICIAN IN GASTRONOMIE": 81, "TEHNICIAN IN TURISM": 182, "TEHNICIAN IN ADMINISTRATIE": 26, "TEHNICIAN IN ACHIZITII SI CONTRACTARI": 1}, "limba_moderna": {"LIMBA ENGLEZA": 1556, "LIMBA FRANCEZA": 173}, "limba_materna": {"LIMBA ROMANA": 1729}, "promotie_anterioara": {"NU": 1571, "DA": 158}, "materii": {"LIMBA ROMANA": {"medie": 7.117669172932333, "reusita": 77.67495662232504, "cnt": 1729}, "GENERAL": {"medie": 7.290794293425872, "reusita": 81.78137651821862, "cnt": 1729}, "GEOGRAFIE": {"medie": 7.829220398593195, "reusita": 90.38686987104337, "cnt": 1706}, "MATEMATICA TEHN": {"medie": 6.926113360323873, "reusita": 71.71775592828224, "cnt": 1729}, "ECONOMIE": {"medie": 7.782608695652173, "reusita": 69.56521739130434, "cnt": 23}}, "nume": "COLEGIUL ECONOMIC \"VIRGIL MADGEARU\" TG-JIU\tGorj"}