{"specializari": {"MATEMATICA-INFORMATICA": 1006, "STIINTE ALE NATURII": 330, "FILOLOGIE": 368}, "limba_moderna": {"LIMBA ENGLEZA": 1623, "LIMBA FRANCEZA": 81}, "limba_materna": {"LIMBA ROMANA": 1704}, "promotie_anterioara": {"NU": 1700, "DA": 4}, "materii": {"LIMBA ROMANA": {"medie": 8.802406103286398, "reusita": 97.88732394366197, "cnt": 1704}, "MATEMATICA MATE-INFO": {"medie": 9.212176938369781, "reusita": 99.40357852882704, "cnt": 1006}, "BIOLOGIE VEGETALA SI ANIMALA": {"medie": 9.055275229357793, "reusita": 98.1651376146789, "cnt": 218}, "GENERAL": {"medie": 8.967987089201882, "reusita": 99.47183098591549, "cnt": 1704}, "CHIMIE ORGANICA TEO NIVEL I/II": {"medie": 9.160508474576265, "reusita": 98.30508474576271, "cnt": 295}, "INFORMATICA MI C/C++": {"medie": 9.02326388888889, "reusita": 97.91666666666666, "cnt": 144}, "CHIMIE ANORGANICA TEO NIVEL I/II": {"medie": 8.713333333333333, "reusita": 93.33333333333333, "cnt": 15}, "ISTORIE": {"medie": 8.47459239130435, "reusita": 94.02173913043478, "cnt": 368}, "GEOGRAFIE": {"medie": 9.187401574803149, "reusita": 100.0, "cnt": 127}, "PSIHOLOGIE": {"medie": 9.066129032258063, "reusita": 100.0, "cnt": 31}, "MATEMATICA ST-NAT": {"medie": 9.13212121212121, "reusita": 99.69696969696969, "cnt": 330}, "ANATOMIE SI FIZIOLOGIE UMANA, GENETICA SI ECOLOGIE UMANA": {"medie": 9.122108843537411, "reusita": 100.0, "cnt": 147}, "FIZICA TEO": {"medie": 9.053411306042872, "reusita": 98.635477582846, "cnt": 513}, "FILOSOFIE": {"medie": 9.55, "reusita": 100.0, "cnt": 2}, "INFORMATICA SN C/C++": {"medie": 9.5, "reusita": 100.0, "cnt": 4}, "ECONOMIE": {"medie": 8.572916666666666, "reusita": 93.75, "cnt": 48}, "LOGICA, ARGUMENTARE SI COMUNICARE": {"medie": 9.310416666666667, "reusita": 97.91666666666666, "cnt": 96}, "SOCIOLOGIE": {"medie": 8.489062500000003, "reusita": 92.1875, "cnt": 64}}, "nume": "COLEGIUL NATIONAL \"GHEORGHE SINCAI\"\tBucure\u0219ti"}