{"specializari": {"STIINTE ALE NATURII": 217, "MATEMATICA-INFORMATICA": 923, "STIINTE SOCIALE": 234}, "limba_moderna": {"LIMBA ENGLEZA": 1233, "LIMBA FRANCEZA": 72, "LIMBA ITALIANA": 19, "LIMBA GERMANA MODERNA": 50}, "limba_materna": {"LIMBA ROMANA": 1374}, "promotie_anterioara": {"NU": 1374}, "materii": {"LIMBA ROMANA": {"medie": 8.837409024745272, "reusita": 98.61717612809315, "cnt": 1374}, "MATEMATICA MATE-INFO": {"medie": 9.09371614301191, "reusita": 99.1332611050921, "cnt": 923}, "BIOLOGIE VEGETALA SI ANIMALA": {"medie": 8.999999999999998, "reusita": 100.0, "cnt": 17}, "GENERAL": {"medie": 8.982617661329446, "reusita": 99.56331877729258, "cnt": 1374}, "CHIMIE ORGANICA TEO NIVEL I/II": {"medie": 9.286190476190479, "reusita": 98.09523809523809, "cnt": 105}, "INFORMATICA MI C/C++": {"medie": 8.943016759776537, "reusita": 97.20670391061452, "cnt": 358}, "CHIMIE ANORGANICA TEO NIVEL I/II": {"medie": 9.353333333333333, "reusita": 100.0, "cnt": 15}, "ISTORIE": {"medie": 8.78397435897436, "reusita": 95.2991452991453, "cnt": 234}, "GEOGRAFIE": {"medie": 9.193750000000001, "reusita": 100.0, "cnt": 64}, "PSIHOLOGIE": {"medie": 8.862962962962962, "reusita": 100.0, "cnt": 27}, "MATEMATICA ST-NAT": {"medie": 8.892626728110601, "reusita": 98.15668202764977, "cnt": 217}, "ANATOMIE SI FIZIOLOGIE UMANA, GENETICA SI ECOLOGIE UMANA": {"medie": 9.144049904030714, "reusita": 99.23224568138195, "cnt": 521}, "FIZICA TEO": {"medie": 9.176612903225804, "reusita": 98.38709677419355, "cnt": 62}, "FILOSOFIE": {"medie": 9.5, "reusita": 100.0, "cnt": 6}, "ECONOMIE": {"medie": 7.992857142857142, "reusita": 100.0, "cnt": 7}, "LOGICA, ARGUMENTARE SI COMUNICARE": {"medie": 9.287280701754383, "reusita": 100.0, "cnt": 114}, "SOCIOLOGIE": {"medie": 9.028124999999998, "reusita": 100.0, "cnt": 16}, "INFORMATICA MI PASCAL": {"medie": 9.004838709677422, "reusita": 96.7741935483871, "cnt": 62}}, "nume": "COLEGIUL NATIONAL \"GHEORGHE SINCAI\" BAIA MARE\tMaramure\u0219"}