{"specializari": {"FILOLOGIE": 909, "MATEMATICA-INFORMATICA": 562}, "limba_moderna": {"LIMBA FRANCEZA": 385, "LIMBA ENGLEZA": 1086}, "limba_materna": {"LIMBA ROMANA": 1471}, "promotie_anterioara": {"NU": 1428, "DA": 43}, "materii": {"LIMBA ROMANA": {"medie": 7.973249490142756, "reusita": 92.72603670972128, "cnt": 1471}, "MATEMATICA MATE-INFO": {"medie": 7.855516014234873, "reusita": 90.2135231316726, "cnt": 562}, "BIOLOGIE VEGETALA SI ANIMALA": {"medie": 6.226923076923076, "reusita": 53.84615384615385, "cnt": 26}, "GENERAL": {"medie": 8.02320416949921, "reusita": 95.03738953093134, "cnt": 1471}, "CHIMIE ORGANICA TEO NIVEL I/II": {"medie": 8.530000000000001, "reusita": 97.14285714285714, "cnt": 35}, "INFORMATICA MI C/C++": {"medie": 7.6871710526315775, "reusita": 89.47368421052632, "cnt": 152}, "CHIMIE ANORGANICA TEO NIVEL I/II": {"medie": 9.6, "reusita": 100.0, "cnt": 1}, "ISTORIE": {"medie": 8.025027502750271, "reusita": 90.0990099009901, "cnt": 909}, "GEOGRAFIE": {"medie": 8.6, "reusita": 97.82608695652173, "cnt": 184}, "PSIHOLOGIE": {"medie": 8.364788732394366, "reusita": 95.77464788732394, "cnt": 71}, "ANATOMIE SI FIZIOLOGIE UMANA, GENETICA SI ECOLOGIE UMANA": {"medie": 8.354999999999999, "reusita": 95.0, "cnt": 200}, "FIZICA TEO": {"medie": 7.6145270270270276, "reusita": 82.43243243243244, "cnt": 148}, "FILOSOFIE": {"medie": 8.063157894736841, "reusita": 92.98245614035088, "cnt": 57}, "ECONOMIE": {"medie": 7.780120481927708, "reusita": 84.33734939759037, "cnt": 83}, "LOGICA, ARGUMENTARE SI COMUNICARE": {"medie": 8.5585308056872, "reusita": 94.3127962085308, "cnt": 211}, "SOCIOLOGIE": {"medie": 8.066831683168315, "reusita": 92.73927392739274, "cnt": 303}}, "nume": "COLEGIUL NATIONAL \"SCOALA CENTRALA\"\tBucure\u0219ti"}