{"specializari": {"STIINTE ALE NATURII": 726, "MATEMATICA-INFORMATICA": 168, "FILOLOGIE": 203, "STIINTE SOCIALE": 210}, "limba_moderna": {"LIMBA ENGLEZA": 1259, "LIMBA FRANCEZA": 48}, "limba_materna": {"LIMBA ROMANA": 1307}, "promotie_anterioara": {"NU": 1091, "DA": 216}, "materii": {"LIMBA ROMANA": {"medie": 7.110596786534059, "reusita": 77.81178270849273, "cnt": 1307}, "MATEMATICA MATE-INFO": {"medie": 7.530952380952388, "reusita": 83.92857142857143, "cnt": 168}, "BIOLOGIE VEGETALA SI ANIMALA": {"medie": 6.340243902439024, "reusita": 63.41463414634146, "cnt": 41}, "GENERAL": {"medie": 7.307638357561841, "reusita": 84.16220351951033, "cnt": 1307}, "CHIMIE ORGANICA TEO NIVEL I/II": {"medie": 7.778947368421049, "reusita": 91.57894736842105, "cnt": 95}, "INFORMATICA MI C/C++": {"medie": 7.045833333333333, "reusita": 75.0, "cnt": 12}, "CHIMIE ANORGANICA TEO NIVEL I/II": {"medie": 7.156521739130435, "reusita": 76.81159420289855, "cnt": 69}, "ISTORIE": {"medie": 7.281234866828081, "reusita": 79.1767554479419, "cnt": 413}, "GEOGRAFIE": {"medie": 8.048060344827585, "reusita": 96.98275862068965, "cnt": 232}, "PSIHOLOGIE": {"medie": 5.483333333333333, "reusita": 66.66666666666666, "cnt": 3}, "MATEMATICA ST-NAT": {"medie": 6.911088154269981, "reusita": 73.69146005509641, "cnt": 726}, "ANATOMIE SI FIZIOLOGIE UMANA, GENETICA SI ECOLOGIE UMANA": {"medie": 7.720648734177219, "reusita": 87.5, "cnt": 632}, "FIZICA TEO": {"medie": 7.064772727272726, "reusita": 75.0, "cnt": 44}, "FILOSOFIE": {"medie": 7.318181818181819, "reusita": 81.81818181818183, "cnt": 11}, "INFORMATICA SN C/C++": {"medie": 4.2, "reusita": 0.0, "cnt": 1}, "ECONOMIE": {"medie": 7.136666666666666, "reusita": 73.33333333333333, "cnt": 15}, "LOGICA, ARGUMENTARE SI COMUNICARE": {"medie": 8.461594202898553, "reusita": 94.20289855072464, "cnt": 69}, "SOCIOLOGIE": {"medie": 7.7481927710843435, "reusita": 91.56626506024097, "cnt": 83}}, "nume": "COLEGIUL NATIONAL \"VICTOR BABES\"\tBucure\u0219ti"}