{"specializari": {"TEHNICIAN ECOLOG SI PROTECTIA CALITATII MEDIULUI": 120, "TEHNICIAN IN SILVICULTURA SI EXPLOATARI FORESTIERE": 239, "TEHNICIAN PROIECTANT PRODUSE FINITE DIN LEMN": 29, "TEHNICIAN IN INSTALATII ELECTRICE": 11, "TEHNICIAN MECATRONIST": 4, "TEHNICIAN DESIGNER MOBILA SI AMENAJARI INTERIOARE": 5, "TEHNICIAN MECANIC PENTRU INTRETINERE SI REPARATII": 58, "FILOLOGIE": 3}, "limba_moderna": {"LIMBA ENGLEZA": 463, "LIMBA FRANCEZA": 6}, "limba_materna": {"LIMBA ROMANA": 469}, "promotie_anterioara": {"DA": 99, "NU": 370}, "materii": {"LIMBA ROMANA": {"medie": 5.283155650319826, "reusita": 38.16631130063966, "cnt": 469}, "BIOLOGIE VEGETALA SI ANIMALA": {"medie": 3.5759036144578302, "reusita": 20.481927710843372, "cnt": 83}, "GENERAL": {"medie": 4.968159203980101, "reusita": 29.850746268656714, "cnt": 469}, "ISTORIE": {"medie": 5.633333333333333, "reusita": 33.33333333333333, "cnt": 3}, "ANATOMIE SI FIZIOLOGIE UMANA, GENETICA SI ECOLOGIE UMANA": {"medie": 6.031287425149701, "reusita": 56.287425149700596, "cnt": 334}, "MATEMATICA TEHN": {"medie": 4.149999999999997, "reusita": 23.819742489270386, "cnt": 466}, "FIZICA TEH": {"medie": 4.730769230769231, "reusita": 38.46153846153847, "cnt": 13}, "SOCIOLOGIE": {"medie": 5.833333333333333, "reusita": 66.66666666666666, "cnt": 3}, "CHIMIE ANORGANICA TEH NIVEL I/II": {"medie": 4.73, "reusita": 28.57142857142857, "cnt": 35}, "CHIMIE ORGANICA TEH NIVEL I/II": {"medie": 5.8, "reusita": 0.0, "cnt": 1}}, "nume": "COLEGIUL TEHNIC FORESTIER, MUNICIPIUL PIATRA-NEAMT\tNeam\u021b"}