{"specializari": {"MATEMATICA-INFORMATICA": 603, "FILOLOGIE": 293, "STIINTE SOCIALE": 220, "TEHNICIAN MECANIC PENTRU INTRETINERE SI REPARATII": 1, "STIINTE ALE NATURII": 228, "TEHNICIAN PRELUCRARI MECANICE": 1, "TEHNICIAN ELECTRONIST": 1, "TEHNICIAN OPERATOR TEHNICA DE CALCUL": 1}, "limba_moderna": {"LIMBA ENGLEZA": 1103, "LIMBA FRANCEZA": 244, "LIMBA RUSA": 1}, "limba_materna": {"LIMBA ROMANA": 1348}, "promotie_anterioara": {"NU": 1323, "DA": 25}, "materii": {"LIMBA ROMANA": {"medie": 7.694102373887249, "reusita": 87.46290801186943, "cnt": 1348}, "MATEMATICA MATE-INFO": {"medie": 8.053648424543942, "reusita": 86.06965174129353, "cnt": 603}, "BIOLOGIE VEGETALA SI ANIMALA": {"medie": 7.227499999999999, "reusita": 85.0, "cnt": 20}, "GENERAL": {"medie": 8.015590999010891, "reusita": 94.13946587537092, "cnt": 1348}, "CHIMIE ORGANICA TEO NIVEL I/II": {"medie": 9.108333333333333, "reusita": 100.0, "cnt": 48}, "INFORMATICA MI C/C++": {"medie": 8.71470588235294, "reusita": 100.0, "cnt": 34}, "CHIMIE ANORGANICA TEO NIVEL I/II": {"medie": 9.9, "reusita": 100.0, "cnt": 1}, "ISTORIE": {"medie": 7.534210526315789, "reusita": 85.38011695906432, "cnt": 513}, "GEOGRAFIE": {"medie": 8.10941176470588, "reusita": 93.52941176470588, "cnt": 170}, "MATEMATICA ST-NAT": {"medie": 7.37982456140351, "reusita": 82.89473684210526, "cnt": 228}, "ANATOMIE SI FIZIOLOGIE UMANA, GENETICA SI ECOLOGIE UMANA": {"medie": 8.590455341506134, "reusita": 96.32224168126095, "cnt": 571}, "FIZICA TEO": {"medie": 8.34363057324841, "reusita": 94.26751592356688, "cnt": 157}, "FILOSOFIE": {"medie": 9.575, "reusita": 100.0, "cnt": 2}, "MATEMATICA TEHN": {"medie": 3.625, "reusita": 25.0, "cnt": 4}, "FIZICA TEH": {"medie": 1.0, "reusita": 0.0, "cnt": 1}, "INFORMATICA SN C/C++": {"medie": 7.2749999999999995, "reusita": 100.0, "cnt": 2}, "ECONOMIE": {"medie": 8.209999999999999, "reusita": 80.0, "cnt": 10}, "LOGICA, ARGUMENTARE SI COMUNICARE": {"medie": 9.130335365853664, "reusita": 98.17073170731707, "cnt": 328}, "SOCIOLOGIE": {"medie": 8.716666666666667, "reusita": 100.0, "cnt": 3}, "CHIMIE ORGANICA TEH NIVEL I/II": {"medie": 5.55, "reusita": 0.0, "cnt": 1}}, "nume": "COLEGIUL NATIONAL \"NICOLAE IORGA\", ORASUL VALENII DE MUNTE\tPrahova"}