{"specializari": {"MATEMATICA-INFORMATICA": 667, "FILOLOGIE": 31, "STIINTE ALE NATURII": 208, "STIINTE SOCIALE": 150}, "limba_moderna": {"LIMBA ENGLEZA": 1000, "LIMBA FRANCEZA": 42, "LIMBA GERMANA MODERNA": 13, "LIMBA RUSA": 1}, "limba_materna": {"LIMBA ROMANA": 1056}, "promotie_anterioara": {"NU": 1049, "DA": 7}, "materii": {"LIMBA ROMANA": {"medie": 8.278039772727283, "reusita": 95.54924242424242, "cnt": 1056}, "MATEMATICA MATE-INFO": {"medie": 8.743928035982004, "reusita": 95.80209895052474, "cnt": 667}, "BIOLOGIE VEGETALA SI ANIMALA": {"medie": 8.075657894736839, "reusita": 92.76315789473685, "cnt": 152}, "GENERAL": {"medie": 8.513560606060599, "reusita": 98.67424242424242, "cnt": 1056}, "CHIMIE ORGANICA TEO NIVEL I/II": {"medie": 8.910352422907492, "reusita": 98.6784140969163, "cnt": 227}, "INFORMATICA MI C/C++": {"medie": 8.567578125, "reusita": 95.3125, "cnt": 128}, "CHIMIE ANORGANICA TEO NIVEL I/II": {"medie": 9.128571428571428, "reusita": 100.0, "cnt": 7}, "ISTORIE": {"medie": 8.620441988950272, "reusita": 97.23756906077348, "cnt": 181}, "GEOGRAFIE": {"medie": 8.723300970873787, "reusita": 95.14563106796116, "cnt": 103}, "PSIHOLOGIE": {"medie": 8.7625, "reusita": 100.0, "cnt": 4}, "MATEMATICA ST-NAT": {"medie": 8.422115384615381, "reusita": 94.23076923076923, "cnt": 208}, "ANATOMIE SI FIZIOLOGIE UMANA, GENETICA SI ECOLOGIE UMANA": {"medie": 8.47985074626866, "reusita": 97.01492537313433, "cnt": 67}, "FIZICA TEO": {"medie": 8.606164383561639, "reusita": 93.83561643835617, "cnt": 292}, "FILOSOFIE": {"medie": 9.366666666666667, "reusita": 100.0, "cnt": 3}, "INFORMATICA SN C/C++": {"medie": 7.6, "reusita": 100.0, "cnt": 2}, "ECONOMIE": {"medie": 8.983333333333333, "reusita": 100.0, "cnt": 9}, "LOGICA, ARGUMENTARE SI COMUNICARE": {"medie": 9.012499999999998, "reusita": 100.0, "cnt": 36}, "SOCIOLOGIE": {"medie": 8.117307692307692, "reusita": 88.46153846153845, "cnt": 26}}, "nume": "COLEGIUL NATIONAL \"NICOLAE BALCESCU\"\tBr\u0103ila"}