{"specializari": {"INVATATOR - EDUCATOARE": 309, "STIINTE SOCIALE": 211, "FILOLOGIE": 193, "MATEMATICA-INFORMATICA": 87, "INSTRUCTOR PENTRU ACTIVITATI EXTRASCOLARE": 2}, "limba_moderna": {"LIMBA ENGLEZA": 715, "LIMBA FRANCEZA": 87}, "limba_materna": {"LIMBA ROMANA": 802}, "promotie_anterioara": {"NU": 787, "DA": 15}, "materii": {"LIMBA ROMANA": {"medie": 7.9319825436409035, "reusita": 90.27431421446383, "cnt": 802}, "MATEMATICA MATE-INFO": {"medie": 7.687356321839081, "reusita": 83.9080459770115, "cnt": 87}, "BIOLOGIE VEGETALA SI ANIMALA": {"medie": 8.059999999999999, "reusita": 100.0, "cnt": 10}, "GENERAL": {"medie": 8.235494596841217, "reusita": 95.38653366583542, "cnt": 802}, "CHIMIE ORGANICA TEO NIVEL I/II": {"medie": 3.9, "reusita": 0.0, "cnt": 1}, "INFORMATICA MI C/C++": {"medie": 6.057142857142857, "reusita": 57.14285714285714, "cnt": 7}, "ISTORIE": {"medie": 8.137561576354676, "reusita": 90.14778325123153, "cnt": 406}, "GEOGRAFIE": {"medie": 8.719230769230784, "reusita": 97.6923076923077, "cnt": 650}, "PSIHOLOGIE": {"medie": 8.107894736842104, "reusita": 94.73684210526315, "cnt": 38}, "ANATOMIE SI FIZIOLOGIE UMANA, GENETICA SI ECOLOGIE UMANA": {"medie": 8.758823529411766, "reusita": 97.05882352941177, "cnt": 34}, "FIZICA TEO": {"medie": 8.033870967741935, "reusita": 96.7741935483871, "cnt": 31}, "FILOSOFIE": {"medie": 7.825, "reusita": 100.0, "cnt": 2}, "ECONOMIE": {"medie": 7.822727272727272, "reusita": 100.0, "cnt": 11}, "LOGICA, ARGUMENTARE SI COMUNICARE": {"medie": 9.105555555555556, "reusita": 100.0, "cnt": 9}, "MATEMATICA PED": {"medie": 8.31601941747573, "reusita": 93.20388349514563, "cnt": 309}, "SOCIOLOGIE": {"medie": 9.379999999999999, "reusita": 100.0, "cnt": 5}, "INFORMATICA MI PASCAL": {"medie": 7.737500000000001, "reusita": 100.0, "cnt": 4}}, "nume": "COLEGIUL NATIONAL \"CONSTANTIN CANTACUZINO\" TARGOVISTE\tD\u00e2mbovi\u021ba"}