{"specializari": {"FILOLOGIE": 500, "MATEMATICA-INFORMATICA": 372, "STIINTE ALE NATURII": 146}, "limba_moderna": {"LIMBA ENGLEZA": 787, "LIMBA FRANCEZA": 191, "LIMBA ITALIANA": 2, "LIMBA GERMANA MODERNA": 38}, "limba_materna": {"LIMBA ROMANA": 1018}, "promotie_anterioara": {"NU": 1015, "DA": 3}, "materii": {"LIMBA ROMANA": {"medie": 8.116404715127716, "reusita": 95.57956777996071, "cnt": 1018}, "MATEMATICA MATE-INFO": {"medie": 8.282661290322578, "reusita": 91.93548387096774, "cnt": 372}, "BIOLOGIE VEGETALA SI ANIMALA": {"medie": 8.14, "reusita": 100.0, "cnt": 5}, "GENERAL": {"medie": 8.398395546823842, "reusita": 98.91944990176817, "cnt": 1018}, "CHIMIE ORGANICA TEO NIVEL I/II": {"medie": 8.871111111111112, "reusita": 100.0, "cnt": 45}, "INFORMATICA MI C/C++": {"medie": 8.479750000000003, "reusita": 97.0, "cnt": 200}, "CHIMIE ANORGANICA TEO NIVEL I/II": {"medie": 8.15, "reusita": 100.0, "cnt": 1}, "ISTORIE": {"medie": 8.314099999999998, "reusita": 95.6, "cnt": 500}, "GEOGRAFIE": {"medie": 8.636986301369861, "reusita": 97.26027397260275, "cnt": 73}, "PSIHOLOGIE": {"medie": 8.096296296296297, "reusita": 88.88888888888889, "cnt": 27}, "MATEMATICA ST-NAT": {"medie": 8.707876712328773, "reusita": 97.26027397260275, "cnt": 146}, "ANATOMIE SI FIZIOLOGIE UMANA, GENETICA SI ECOLOGIE UMANA": {"medie": 9.03509933774834, "reusita": 98.67549668874173, "cnt": 151}, "FIZICA TEO": {"medie": 8.709821428571432, "reusita": 98.21428571428571, "cnt": 112}, "FILOSOFIE": {"medie": 8.299999999999999, "reusita": 100.0, "cnt": 3}, "INFORMATICA SN C/C++": {"medie": 8.6, "reusita": 100.0, "cnt": 4}, "ECONOMIE": {"medie": 7.5055555555555555, "reusita": 88.88888888888889, "cnt": 9}, "LOGICA, ARGUMENTARE SI COMUNICARE": {"medie": 8.820448548812664, "reusita": 98.68073878627969, "cnt": 379}, "SOCIOLOGIE": {"medie": 8.216666666666665, "reusita": 100.0, "cnt": 9}}, "nume": "COLEGIUL NATIONAL \"ALEXANDRU IOAN CUZA\", LOCALITATEA GALATI\tGala\u021bi"}