{"specializari": {"MATEMATICA-INFORMATICA": 291, "STIINTE SOCIALE": 323, "STIINTE ALE NATURII": 500, "FILOLOGIE": 410}, "limba_moderna": {"LIMBA FRANCEZA": 398, "LIMBA ENGLEZA": 1121, "LIMBA SPANIOLA": 4, "LIMBA GERMANA MODERNA": 1}, "limba_materna": {"LIMBA ROMANA": 1524}, "promotie_anterioara": {"NU": 1488, "DA": 36}, "materii": {"LIMBA ROMANA": {"medie": 7.740157480314952, "reusita": 87.53280839895014, "cnt": 1524}, "MATEMATICA MATE-INFO": {"medie": 9.089690721649484, "reusita": 97.59450171821305, "cnt": 291}, "BIOLOGIE VEGETALA SI ANIMALA": {"medie": 7.375, "reusita": 50.0, "cnt": 2}, "GENERAL": {"medie": 8.279367891513576, "reusita": 95.07874015748031, "cnt": 1524}, "CHIMIE ORGANICA TEO NIVEL I/II": {"medie": 8.76397849462365, "reusita": 100.0, "cnt": 93}, "INFORMATICA MI C/C++": {"medie": 9.105309734513275, "reusita": 99.11504424778761, "cnt": 113}, "CHIMIE ANORGANICA TEO NIVEL I/II": {"medie": 7.325, "reusita": 50.0, "cnt": 2}, "ISTORIE": {"medie": 7.903888130968622, "reusita": 87.44884038199181, "cnt": 733}, "GEOGRAFIE": {"medie": 8.020999999999999, "reusita": 86.0, "cnt": 50}, "PSIHOLOGIE": {"medie": 9.4, "reusita": 100.0, "cnt": 1}, "MATEMATICA ST-NAT": {"medie": 8.4974, "reusita": 92.80000000000001, "cnt": 500}, "ANATOMIE SI FIZIOLOGIE UMANA, GENETICA SI ECOLOGIE UMANA": {"medie": 8.91864224137931, "reusita": 98.0603448275862, "cnt": 464}, "FIZICA TEO": {"medie": 8.604787234042554, "reusita": 95.74468085106383, "cnt": 94}, "INFORMATICA SN C/C++": {"medie": 7.819565217391304, "reusita": 73.91304347826086, "cnt": 23}, "LOGICA, ARGUMENTARE SI COMUNICARE": {"medie": 8.737785923753668, "reusita": 96.33431085043989, "cnt": 682}}, "nume": "COLEGIUL NATIONAL \"CUZA VODA\", MUN. HUSI\tVaslui"}