{"specializari": {"FILOLOGIE": 658, "MATEMATICA-INFORMATICA": 588}, "limba_moderna": {"LIMBA ENGLEZA": 1186, "LIMBA FRANCEZA": 33, "LIMBA SPANIOLA": 2, "LIMBA GERMANA MODERNA": 25}, "limba_materna": {"LIMBA ROMANA": 1246}, "promotie_anterioara": {"NU": 1244, "DA": 2}, "materii": {"LIMBA ROMANA": {"medie": 8.78081861958266, "reusita": 98.23434991974318, "cnt": 1246}, "MATEMATICA MATE-INFO": {"medie": 8.993792517006804, "reusita": 97.95918367346938, "cnt": 588}, "BIOLOGIE VEGETALA SI ANIMALA": {"medie": 8.3375, "reusita": 75.0, "cnt": 8}, "GENERAL": {"medie": 8.96423220973782, "reusita": 99.19743178170144, "cnt": 1246}, "CHIMIE ORGANICA TEO NIVEL I/II": {"medie": 9.066326530612244, "reusita": 97.95918367346938, "cnt": 49}, "INFORMATICA MI C/C++": {"medie": 9.194296577946776, "reusita": 98.85931558935361, "cnt": 263}, "CHIMIE ANORGANICA TEO NIVEL I/II": {"medie": 8.25, "reusita": 100.0, "cnt": 1}, "ISTORIE": {"medie": 9.079711246200615, "reusita": 98.32826747720364, "cnt": 658}, "GEOGRAFIE": {"medie": 9.336475409836067, "reusita": 100.0, "cnt": 122}, "PSIHOLOGIE": {"medie": 9.056164383561642, "reusita": 100.0, "cnt": 73}, "ANATOMIE SI FIZIOLOGIE UMANA, GENETICA SI ECOLOGIE UMANA": {"medie": 9.099553571428565, "reusita": 99.10714285714286, "cnt": 112}, "FIZICA TEO": {"medie": 8.805806451612904, "reusita": 96.12903225806451, "cnt": 155}, "FILOSOFIE": {"medie": 9.034210526315789, "reusita": 100.0, "cnt": 19}, "ECONOMIE": {"medie": 8.761734693877552, "reusita": 96.93877551020408, "cnt": 98}, "LOGICA, ARGUMENTARE SI COMUNICARE": {"medie": 9.23932291666666, "reusita": 99.47916666666666, "cnt": 192}, "SOCIOLOGIE": {"medie": 8.953571428571426, "reusita": 99.35064935064936, "cnt": 154}}, "nume": "COLEGIUL NATIONAL BILINGV \"GEORGE COSBUC\"\tBucure\u0219ti"}