{"specializari": {"MATEMATICA-INFORMATICA": 80, "INVATATOR - EDUCATOARE": 171, "TEHNICIAN IN ACTIVITATI ECONOMICE": 4, "TEOLOGIE REFORMATA": 1, "TEHNICIAN IN TURISM": 118, "TEHNICIAN IN CONSTRUCTII SI LUCRARI PUBLICE": 2, "STIINTE ALE NATURII": 127, "TEHNICIAN IN AUTOMATIZARI": 2, "ORGANIZATOR BANQUETING": 4}, "limba_moderna": {"LIMBA ENGLEZA": 506, "LIMBA ITALIANA": 3}, "limba_materna": {"LIMBA MAGHIARA": 509}, "promotie_anterioara": {"NU": 446, "DA": 63}, "materii": {"LIMBA ROMANA": {"medie": 6.387328094302555, "reusita": 62.47544204322201, "cnt": 509}, "MATEMATICA MATE-INFO": {"medie": 7.438749999999999, "reusita": 77.5, "cnt": 80}, "GENERAL": {"medie": 7.05306974459725, "reusita": 69.9410609037328, "cnt": 509}, "CHIMIE ORGANICA TEO NIVEL I/II": {"medie": 7.525000000000001, "reusita": 91.66666666666666, "cnt": 12}, "INFORMATICA MI C/C++": {"medie": 8.316071428571428, "reusita": 96.42857142857143, "cnt": 28}, "ISTORIE": {"medie": 7.3, "reusita": 100.0, "cnt": 1}, "GEOGRAFIE": {"medie": 6.906179775280897, "reusita": 72.65917602996255, "cnt": 267}, "PSIHOLOGIE": {"medie": 7.45483870967742, "reusita": 83.87096774193549, "cnt": 31}, "MATEMATICA ST-NAT": {"medie": 7.7862204724409425, "reusita": 88.18897637795276, "cnt": 127}, "ANATOMIE SI FIZIOLOGIE UMANA, GENETICA SI ECOLOGIE UMANA": {"medie": 8.42482269503546, "reusita": 89.36170212765957, "cnt": 141}, "FIZICA TEO": {"medie": 4.35, "reusita": 0.0, "cnt": 1}, "MATEMATICA TEHN": {"medie": 5.639615384615386, "reusita": 45.38461538461539, "cnt": 130}, "INFORMATICA SN C/C++": {"medie": 9.5, "reusita": 100.0, "cnt": 2}, "MATEMATICA PED": {"medie": 6.864327485380117, "reusita": 71.34502923976608, "cnt": 171}, "INFORMATICA MI PASCAL": {"medie": 7.4319999999999995, "reusita": 72.0, "cnt": 25}, "CHIMIE ANORGANICA TEH NIVEL I/II": {"medie": 5.3, "reusita": 0.0, "cnt": 2}, "LIMBA MAGHIARA (REAL)": {"medie": 7.327810650887572, "reusita": 79.58579881656804, "cnt": 338}, "LIMBA MAGHIARA (UMAN)": {"medie": 7.766374269005848, "reusita": 89.47368421052632, "cnt": 171}}, "nume": "COLEGIUL NATIONAL \"BETHLEN GABOR\" AIUD\tAlba"}