{"specializari": {"TEHNICIAN CHIMIST DE LABORATOR": 141, "STIINTE ALE NATURII": 187, "TEHNICIAN MECANIC PENTRU INTRETINERE SI REPARATII": 311, "TEHNICIAN IN INDUSTRIA STICLEI SI CERAMICII": 3, "TEHNICIAN DESENATOR PENTRU CONSTRUCTII SI INSTALATII": 166, "TEHNICIAN IN INSTALATII ELECTRICE": 103, "TEHNICIAN ELECTROMECANIC": 26, "MATEMATICA-INFORMATICA": 2, "TEHNICIAN ELECTROTEHNIST": 26, "TEHNICIAN INSTALATOR PENTRU CONSTRUCTII": 30, "TEHNICIAN IN INDUSTRIA MATERIALELOR DE CONSTRUCTII": 3, "TEHNICIAN IN CONSTRUCTII SI LUCRARI PUBLICE": 29, "TEHNICIAN MECATRONIST": 20, "TEHNICIAN ECOLOG SI PROTECTIA CALITATII MEDIULUI": 2, "TEHNICIAN IN ACTIVITATI ECONOMICE": 2, "TEHNICIAN PRELUCRARI PE MASINI CU COMANDA NUMERICA": 4, "TEHNICIAN IN HOTELARIE": 21, "TEHNICIAN IN GASTRONOMIE": 74, "TEHNICIAN IN CHIMIE INDUSTRIALA": 2}, "limba_moderna": {"LIMBA ENGLEZA": 999, "LIMBA FRANCEZA": 153}, "limba_materna": {"LIMBA ROMANA": 1152}, "promotie_anterioara": {"NU": 588, "DA": 564}, "materii": {"LIMBA ROMANA": {"medie": 5.227821180555559, "reusita": 32.29166666666667, "cnt": 1152}, "MATEMATICA MATE-INFO": {"medie": 1.8, "reusita": 0.0, "cnt": 2}, "BIOLOGIE VEGETALA SI ANIMALA": {"medie": 4.108343868520857, "reusita": 21.11251580278129, "cnt": 791}, "GENERAL": {"medie": 4.569892939814813, "reusita": 20.3125, "cnt": 1152}, "CHIMIE ORGANICA TEO NIVEL I/II": {"medie": 4.983333333333333, "reusita": 33.33333333333333, "cnt": 3}, "GEOGRAFIE": {"medie": 6.610897435897437, "reusita": 71.7948717948718, "cnt": 78}, "PSIHOLOGIE": {"medie": 5.825, "reusita": 50.0, "cnt": 4}, "MATEMATICA ST-NAT": {"medie": 4.696256684491978, "reusita": 27.807486631016044, "cnt": 187}, "ANATOMIE SI FIZIOLOGIE UMANA, GENETICA SI ECOLOGIE UMANA": {"medie": 6.144578313253014, "reusita": 67.46987951807229, "cnt": 83}, "FIZICA TEO": {"medie": 4.475, "reusita": 0.0, "cnt": 2}, "MATEMATICA TEHN": {"medie": 3.9633956386292857, "reusita": 20.768431983385256, "cnt": 963}, "FIZICA TEH": {"medie": 4.083333333333333, "reusita": 21.666666666666668, "cnt": 60}, "ECONOMIE": {"medie": 2.2, "reusita": 0.0, "cnt": 1}, "LOGICA, ARGUMENTARE SI COMUNICARE": {"medie": 7.557142857142858, "reusita": 85.71428571428571, "cnt": 14}, "CHIMIE ANORGANICA TEH NIVEL I/II": {"medie": 3.500485436893204, "reusita": 14.563106796116504, "cnt": 103}, "CHIMIE ORGANICA TEH NIVEL I/II": {"medie": 2.8038461538461537, "reusita": 7.6923076923076925, "cnt": 13}}, "nume": "COLEGIUL TEHNIC \"MIHAI BRAVU\"\tBucure\u0219ti"}