{"specializari": {"MATEMATICA-INFORMATICA": 514, "STIINTE ALE NATURII": 586, "FILOLOGIE": 300, "STIINTE SOCIALE": 62}, "limba_moderna": {"LIMBA ENGLEZA": 1169, "LIMBA GERMANA MODERNA": 74, "LIMBA FRANCEZA": 197, "LIMBA SPANIOLA": 22}, "limba_materna": {"LIMBA ROMANA": 1364, "LIMBA GERMANA": 98}, "promotie_anterioara": {"NU": 1440, "DA": 22}, "materii": {"LIMBA ROMANA": {"medie": 8.443536251709986, "reusita": 95.48563611491107, "cnt": 1462}, "MATEMATICA MATE-INFO": {"medie": 8.755447470817122, "reusita": 96.49805447470817, "cnt": 514}, "BIOLOGIE VEGETALA SI ANIMALA": {"medie": 7.23932584269663, "reusita": 78.65168539325843, "cnt": 89}, "GENERAL": {"medie": 8.552550729594158, "reusita": 96.10123119015049, "cnt": 1462}, "CHIMIE ORGANICA TEO NIVEL I/II": {"medie": 8.948550724637679, "reusita": 97.10144927536231, "cnt": 69}, "INFORMATICA MI C/C++": {"medie": 8.701507537688437, "reusita": 95.97989949748744, "cnt": 199}, "CHIMIE ANORGANICA TEO NIVEL I/II": {"medie": 7.865094339622639, "reusita": 83.9622641509434, "cnt": 106}, "ISTORIE": {"medie": 8.1993093922652, "reusita": 89.22651933701657, "cnt": 362}, "GEOGRAFIE": {"medie": 8.68688811188811, "reusita": 98.6013986013986, "cnt": 286}, "PSIHOLOGIE": {"medie": 8.363636363636365, "reusita": 81.81818181818183, "cnt": 11}, "MATEMATICA ST-NAT": {"medie": 8.65554607508533, "reusita": 93.51535836177474, "cnt": 586}, "ANATOMIE SI FIZIOLOGIE UMANA, GENETICA SI ECOLOGIE UMANA": {"medie": 9.016358024691353, "reusita": 98.14814814814815, "cnt": 486}, "FIZICA TEO": {"medie": 8.682558139534883, "reusita": 93.02325581395348, "cnt": 86}, "FILOSOFIE": {"medie": 9.635714285714286, "reusita": 100.0, "cnt": 7}, "LIMBA GERMANA": {"medie": 7.7051020408163255, "reusita": 88.77551020408163, "cnt": 98}, "INFORMATICA SN C/C++": {"medie": 8.670000000000003, "reusita": 100.0, "cnt": 20}, "ECONOMIE": {"medie": 9.39, "reusita": 100.0, "cnt": 10}, "LOGICA, ARGUMENTARE SI COMUNICARE": {"medie": 9.0875, "reusita": 100.0, "cnt": 8}, "SOCIOLOGIE": {"medie": 8.32, "reusita": 85.0, "cnt": 40}, "INFORMATICA MI PASCAL": {"medie": 8.97325581395349, "reusita": 100.0, "cnt": 43}, "INFORMATICA SN PASCAL": {"medie": 8.775, "reusita": 100.0, "cnt": 2}}, "nume": "COLEGIUL NATIONAL \"DECEBAL\" DEVA\tHunedoara"}