{"specializari": {"MATEMATICA-INFORMATICA": 392, "FILOLOGIE": 455, "STIINTE ALE NATURII": 226, "STIINTE SOCIALE": 241}, "limba_moderna": {"LIMBA ENGLEZA": 1229, "LIMBA FRANCEZA": 67, "LIMBA GERMANA MODERNA": 18}, "limba_materna": {"LIMBA ROMANA": 1314}, "promotie_anterioara": {"NU": 1304, "DA": 10}, "materii": {"LIMBA ROMANA": {"medie": 8.47366818873668, "reusita": 97.1841704718417, "cnt": 1314}, "MATEMATICA MATE-INFO": {"medie": 8.926785714285721, "reusita": 97.95918367346938, "cnt": 392}, "BIOLOGIE VEGETALA SI ANIMALA": {"medie": 8.51875, "reusita": 87.5, "cnt": 8}, "GENERAL": {"medie": 8.73510908168443, "reusita": 98.32572298325722, "cnt": 1314}, "CHIMIE ORGANICA TEO NIVEL I/II": {"medie": 9.165079365079366, "reusita": 100.0, "cnt": 63}, "INFORMATICA MI C/C++": {"medie": 8.520833333333332, "reusita": 91.66666666666666, "cnt": 48}, "CHIMIE ANORGANICA TEO NIVEL I/II": {"medie": 8.465, "reusita": 90.0, "cnt": 10}, "ISTORIE": {"medie": 8.577298850574707, "reusita": 95.25862068965517, "cnt": 696}, "GEOGRAFIE": {"medie": 9.007196969696972, "reusita": 99.62121212121212, "cnt": 264}, "PSIHOLOGIE": {"medie": 9.146875, "reusita": 100.0, "cnt": 32}, "MATEMATICA ST-NAT": {"medie": 8.763495575221244, "reusita": 97.34513274336283, "cnt": 226}, "ANATOMIE SI FIZIOLOGIE UMANA, GENETICA SI ECOLOGIE UMANA": {"medie": 9.171857142857144, "reusita": 98.57142857142858, "cnt": 350}, "FIZICA TEO": {"medie": 8.819424460431653, "reusita": 97.84172661870504, "cnt": 139}, "FILOSOFIE": {"medie": 9.522222222222222, "reusita": 100.0, "cnt": 9}, "ECONOMIE": {"medie": 9.045652173913044, "reusita": 100.0, "cnt": 23}, "LOGICA, ARGUMENTARE SI COMUNICARE": {"medie": 9.088785046728974, "reusita": 98.4423676012461, "cnt": 321}, "SOCIOLOGIE": {"medie": 8.354255319148937, "reusita": 87.2340425531915, "cnt": 47}}, "nume": "COLEGIUL NATIONAL \"CALISTRAT HOGAS\", MUNICIPIUL PIATRA-NEAMT\tNeam\u021b"}