{"specializari": {"TEHNICIAN IN AUTOMATIZARI": 214, "TEHNICIAN IN ACTIVITATI ECONOMICE": 195, "MATEMATICA-INFORMATICA": 170, "TEHNICIAN TRANSPORTURI": 133, "TEHNICIAN IN PRELUCRAREA LEMNULUI": 23, "TEHNICIAN ELECTROTEHNIST": 2, "TEHNICIAN IN INDUSTRIA TEXTILA": 1, "TEHNICIAN IN ACTIVITATI DE COMERT": 170, "TEHNICIAN MECATRONIST": 15, "TEHNICIAN PROIECTANT CAD": 1, "FILOLOGIE": 1}, "limba_moderna": {"LIMBA ENGLEZA": 620, "LIMBA FRANCEZA": 305}, "limba_materna": {"LIMBA ROMANA": 925}, "promotie_anterioara": {"NU": 746, "DA": 179}, "materii": {"LIMBA ROMANA": {"medie": 5.791351351351356, "reusita": 49.513513513513516, "cnt": 925}, "MATEMATICA MATE-INFO": {"medie": 3.7408823529411785, "reusita": 12.941176470588237, "cnt": 170}, "BIOLOGIE VEGETALA SI ANIMALA": {"medie": 3.779272151898737, "reusita": 17.405063291139243, "cnt": 316}, "GENERAL": {"medie": 5.336702702702701, "reusita": 37.83783783783784, "cnt": 925}, "INFORMATICA MI C/C++": {"medie": 4.512499999999999, "reusita": 25.0, "cnt": 8}, "CHIMIE ANORGANICA TEO NIVEL I/II": {"medie": 4.5, "reusita": 0.0, "cnt": 1}, "ISTORIE": {"medie": 5.3, "reusita": 0.0, "cnt": 1}, "GEOGRAFIE": {"medie": 7.344875346260387, "reusita": 81.7174515235457, "cnt": 361}, "PSIHOLOGIE": {"medie": 7.65, "reusita": 100.0, "cnt": 2}, "ANATOMIE SI FIZIOLOGIE UMANA, GENETICA SI ECOLOGIE UMANA": {"medie": 4.594186046511629, "reusita": 30.23255813953488, "cnt": 43}, "FIZICA TEO": {"medie": 5.074999999999999, "reusita": 25.0, "cnt": 4}, "MATEMATICA TEHN": {"medie": 5.0574933687002686, "reusita": 37.93103448275862, "cnt": 754}, "FIZICA TEH": {"medie": 4.610454545454544, "reusita": 25.454545454545453, "cnt": 110}, "LOGICA, ARGUMENTARE SI COMUNICARE": {"medie": 3.75, "reusita": 0.0, "cnt": 3}, "INFORMATICA MI PASCAL": {"medie": 4.685333333333333, "reusita": 12.0, "cnt": 75}, "CHIMIE ORGANICA TEH NIVEL I/II": {"medie": 4.225, "reusita": 0.0, "cnt": 2}}, "nume": "COLEGIUL TEHNIC \"IULIU MANIU\" SIMLEU SILVANIEI\tS\u0103laj"}