{"specializari": {"FILOLOGIE": 196, "MATEMATICA-INFORMATICA": 123, "TEHNICIAN IN INDUSTRIA ALIMENTARA": 30, "TEHNICIAN IN ACTIVITATI ECONOMICE": 248, "TEHNICIAN MECANIC PENTRU INTRETINERE SI REPARATII": 65, "TEHNICIAN ELECTRONIST": 16, "TEHNICIAN ELECTROMECANIC": 3, "TEHNICIAN PROIECTANT CAD": 1, "TEHNICIAN OPERATOR TEHNICA DE CALCUL": 71, "TEHNICIAN ECOLOG SI PROTECTIA CALITATII MEDIULUI": 62}, "limba_moderna": {"LIMBA FRANCEZA": 306, "LIMBA ENGLEZA": 509}, "limba_materna": {"LIMBA ROMANA": 815}, "promotie_anterioara": {"NU": 599, "DA": 216}, "materii": {"LIMBA ROMANA": {"medie": 5.589509202453988, "reusita": 46.13496932515338, "cnt": 815}, "MATEMATICA MATE-INFO": {"medie": 4.111382113821138, "reusita": 27.64227642276423, "cnt": 123}, "BIOLOGIE VEGETALA SI ANIMALA": {"medie": 3.1447802197802224, "reusita": 10.989010989010989, "cnt": 182}, "GENERAL": {"medie": 5.286339468302659, "reusita": 38.895705521472394, "cnt": 815}, "INFORMATICA MI C/C++": {"medie": 2.2, "reusita": 0.0, "cnt": 2}, "ISTORIE": {"medie": 6.809693877551024, "reusita": 66.3265306122449, "cnt": 196}, "GEOGRAFIE": {"medie": 7.326724137931042, "reusita": 85.71428571428571, "cnt": 406}, "PSIHOLOGIE": {"medie": 6.533333333333334, "reusita": 66.66666666666666, "cnt": 3}, "ANATOMIE SI FIZIOLOGIE UMANA, GENETICA SI ECOLOGIE UMANA": {"medie": 4.9202702702702705, "reusita": 29.72972972972973, "cnt": 148}, "FIZICA TEO": {"medie": 7.125000000000001, "reusita": 75.0, "cnt": 4}, "FILOSOFIE": {"medie": 5.95, "reusita": 66.66666666666666, "cnt": 3}, "MATEMATICA TEHN": {"medie": 3.7482862903225755, "reusita": 17.540322580645164, "cnt": 496}, "FIZICA TEH": {"medie": 3.230882352941176, "reusita": 17.647058823529413, "cnt": 34}, "LOGICA, ARGUMENTARE SI COMUNICARE": {"medie": 6.646875, "reusita": 65.625, "cnt": 32}, "CHIMIE ANORGANICA TEH NIVEL I/II": {"medie": 2.0, "reusita": 0.0, "cnt": 1}}, "nume": "COLEGIUL TEHNIC MATASARI\tGorj"}