{"specializari": {"TEHNICIAN MECANIC PENTRU INTRETINERE SI REPARATII": 85, "TEHNICIAN IN ADMINISTRATIE": 195, "TEHNICIAN DESENATOR PENTRU CONSTRUCTII SI INSTALATII": 30, "TEHNICIAN PROIECTANT CAD": 62, "TEHNICIAN MECATRONIST": 54, "TEHNICIAN IN CONSTRUCTII SI LUCRARI PUBLICE": 16, "TEHNICIAN TRANSPORTURI": 13, "TEHNICIAN IN ACTIVITATI ECONOMICE": 40}, "limba_moderna": {"LIMBA ENGLEZA": 478, "LIMBA FRANCEZA": 17}, "limba_materna": {"LIMBA ROMANA": 495}, "promotie_anterioara": {"NU": 283, "DA": 212}, "materii": {"LIMBA ROMANA": {"medie": 5.23020202020202, "reusita": 36.56565656565657, "cnt": 495}, "BIOLOGIE VEGETALA SI ANIMALA": {"medie": 3.3590243902439028, "reusita": 16.585365853658537, "cnt": 205}, "GENERAL": {"medie": 4.5585791245791265, "reusita": 19.5959595959596, "cnt": 495}, "GEOGRAFIE": {"medie": 6.361282051282056, "reusita": 66.15384615384615, "cnt": 195}, "PSIHOLOGIE": {"medie": 6.840000000000001, "reusita": 60.0, "cnt": 5}, "MATEMATICA TEHN": {"medie": 3.78240404040404, "reusita": 17.575757575757574, "cnt": 495}, "FIZICA TEH": {"medie": 3.85897435897436, "reusita": 25.64102564102564, "cnt": 39}, "ECONOMIE": {"medie": 3.4681818181818174, "reusita": 6.0606060606060606, "cnt": 33}, "LOGICA, ARGUMENTARE SI COMUNICARE": {"medie": 2.25, "reusita": 0.0, "cnt": 2}, "CHIMIE ANORGANICA TEH NIVEL I/II": {"medie": 4.97, "reusita": 26.666666666666668, "cnt": 15}, "CHIMIE ORGANICA TEH NIVEL I/II": {"medie": 1.0, "reusita": 0.0, "cnt": 1}}, "nume": "COLEGIUL TEHNIC \"MIRCEA CEL BATRAN\"\tBucure\u0219ti"}