{"specializari": {"MATEMATICA-INFORMATICA": 1785}, "limba_moderna": {"LIMBA ENGLEZA": 1745, "LIMBA GERMANA MODERNA": 9, "LIMBA FRANCEZA": 31}, "limba_materna": {"LIMBA ROMANA": 1785}, "promotie_anterioara": {"NU": 1782, "DA": 3}, "materii": {"LIMBA ROMANA": {"medie": 8.887675070028015, "reusita": 98.8795518207283, "cnt": 1785}, "MATEMATICA MATE-INFO": {"medie": 9.356134453781506, "reusita": 98.99159663865547, "cnt": 1785}, "BIOLOGIE VEGETALA SI ANIMALA": {"medie": 8.898672566371681, "reusita": 97.34513274336283, "cnt": 113}, "GENERAL": {"medie": 9.134646125116719, "reusita": 99.43977591036415, "cnt": 1785}, "CHIMIE ORGANICA TEO NIVEL I/II": {"medie": 9.267326732673267, "reusita": 99.00990099009901, "cnt": 202}, "INFORMATICA MI C/C++": {"medie": 9.229166666666673, "reusita": 99.33333333333333, "cnt": 600}, "CHIMIE ANORGANICA TEO NIVEL I/II": {"medie": 9.5, "reusita": 100.0, "cnt": 21}, "ANATOMIE SI FIZIOLOGIE UMANA, GENETICA SI ECOLOGIE UMANA": {"medie": 9.067889908256879, "reusita": 97.24770642201835, "cnt": 109}, "FIZICA TEO": {"medie": 9.118756756756756, "reusita": 97.70270270270271, "cnt": 740}}, "nume": "COLEGIUL NATIONAL DE INFORMATICA \"TUDOR VIANU\"\tBucure\u0219ti"}