{"specializari": {"MATEMATICA-INFORMATICA": 216, "STIINTE ALE NATURII": 227, "FILOLOGIE": 278, "INVATATOR - EDUCATOARE": 190, "BIBLIOTECAR DOCUMENTARIST": 1}, "limba_moderna": {"LIMBA ENGLEZA": 791, "LIMBA FRANCEZA": 71, "LIMBA GERMANA MODERNA": 50}, "limba_materna": {"LIMBA GERMANA": 24, "LIMBA ROMANA": 888}, "promotie_anterioara": {"NU": 830, "DA": 82}, "materii": {"LIMBA ROMANA": {"medie": 7.245833333333338, "reusita": 79.49561403508771, "cnt": 912}, "MATEMATICA MATE-INFO": {"medie": 6.642824074074071, "reusita": 62.03703703703704, "cnt": 216}, "BIOLOGIE VEGETALA SI ANIMALA": {"medie": 6.288135593220338, "reusita": 67.79661016949152, "cnt": 59}, "GENERAL": {"medie": 7.337696454678367, "reusita": 78.0701754385965, "cnt": 912}, "CHIMIE ORGANICA TEO NIVEL I/II": {"medie": 7.972727272727272, "reusita": 90.9090909090909, "cnt": 11}, "INFORMATICA MI C/C++": {"medie": 7.603164556962024, "reusita": 79.74683544303798, "cnt": 79}, "ISTORIE": {"medie": 7.540501792114699, "reusita": 77.77777777777779, "cnt": 279}, "GEOGRAFIE": {"medie": 8.763636363636362, "reusita": 100.0, "cnt": 44}, "PSIHOLOGIE": {"medie": 7.8199999999999985, "reusita": 80.0, "cnt": 5}, "MATEMATICA ST-NAT": {"medie": 5.688325991189426, "reusita": 47.136563876651984, "cnt": 227}, "ANATOMIE SI FIZIOLOGIE UMANA, GENETICA SI ECOLOGIE UMANA": {"medie": 7.171874999999995, "reusita": 79.41176470588235, "cnt": 272}, "FIZICA TEO": {"medie": 6.6187499999999995, "reusita": 75.0, "cnt": 8}, "FILOSOFIE": {"medie": 8.5, "reusita": 100.0, "cnt": 2}, "LIMBA GERMANA": {"medie": 4.058333333333333, "reusita": 16.666666666666664, "cnt": 24}, "INFORMATICA SN C/C++": {"medie": 6.889285714285713, "reusita": 64.28571428571429, "cnt": 14}, "LOGICA, ARGUMENTARE SI COMUNICARE": {"medie": 8.655168269230776, "reusita": 95.4326923076923, "cnt": 416}, "MATEMATICA PED": {"medie": 7.701315789473686, "reusita": 85.26315789473684, "cnt": 190}, "SOCIOLOGIE": {"medie": 7.05, "reusita": 50.0, "cnt": 2}}, "nume": "COLEGIUL NATIONAL \"C.D. LOGA\" CARANSEBES\tCara\u0219-Severin"}