{"specializari": {"TEHNICIAN DESENATOR PENTRU CONSTRUCTII SI INSTALATII": 17, "TEHNICIAN INSTALATOR PENTRU CONSTRUCTII": 16, "TEHNICIAN IN CONSTRUCTII SI LUCRARI PUBLICE": 27, "TEHNICIAN MECANIC PENTRU INTRETINERE SI REPARATII": 23, "TEHNICIAN IN ACHIZITII SI CONTRACTARI": 10, "TEHNICIAN MECATRONIST": 1, "TEHNICIAN IN INSTALATII ELECTRICE": 1}, "limba_moderna": {"LIMBA ENGLEZA": 64, "LIMBA FRANCEZA": 31}, "limba_materna": {"LIMBA ROMANA": 95}, "promotie_anterioara": {"NU": 71, "DA": 24}, "materii": {"LIMBA ROMANA": {"medie": 2.705263157894737, "reusita": 11.578947368421053, "cnt": 95}, "BIOLOGIE VEGETALA SI ANIMALA": {"medie": 2.479166666666667, "reusita": 2.7777777777777777, "cnt": 36}, "GENERAL": {"medie": 2.3242105263157895, "reusita": 6.315789473684211, "cnt": 95}, "GEOGRAFIE": {"medie": 4.866666666666667, "reusita": 33.33333333333333, "cnt": 9}, "PSIHOLOGIE": {"medie": 6.0, "reusita": 100.0, "cnt": 1}, "MATEMATICA TEHN": {"medie": 2.0515789473684216, "reusita": 11.578947368421053, "cnt": 95}, "FIZICA TEH": {"medie": 1.4677083333333334, "reusita": 2.083333333333333, "cnt": 48}, "CHIMIE ANORGANICA TEH NIVEL I/II": {"medie": 1.0, "reusita": 0.0, "cnt": 1}}, "nume": "COLEGIUL TEHNIC \"ION MINCU\" SLATINA\tOlt"}