{"specializari": {"TEHNICIAN ECOLOG SI PROTECTIA CALITATII MEDIULUI": 158, "MATEMATICA-INFORMATICA": 57, "TEHNICIAN OPERATOR TEHNICA DE CALCUL": 75, "TEHNICIAN TRANSPORTURI": 154, "TEHNICIAN MECANIC PENTRU INTRETINERE SI REPARATII": 51, "TEHNICIAN MECATRONIST": 20, "TEHNICIAN IN AUTOMATIZARI": 44, "TEHNICIAN ELECTROTEHNIST": 15, "STIINTE ALE NATURII": 1}, "limba_moderna": {"LIMBA ENGLEZA": 455, "LIMBA FRANCEZA": 120}, "limba_materna": {"LIMBA ROMANA": 575}, "promotie_anterioara": {"NU": 376, "DA": 199}, "materii": {"LIMBA ROMANA": {"medie": 4.88191304347826, "reusita": 34.26086956521739, "cnt": 575}, "MATEMATICA MATE-INFO": {"medie": 4.35701754385965, "reusita": 21.052631578947366, "cnt": 57}, "BIOLOGIE VEGETALA SI ANIMALA": {"medie": 3.930133333333333, "reusita": 19.466666666666665, "cnt": 375}, "GENERAL": {"medie": 4.306434782608699, "reusita": 15.82608695652174, "cnt": 575}, "MATEMATICA ST-NAT": {"medie": 4.1, "reusita": 0.0, "cnt": 1}, "ANATOMIE SI FIZIOLOGIE UMANA, GENETICA SI ECOLOGIE UMANA": {"medie": 5.558064516129031, "reusita": 45.806451612903224, "cnt": 155}, "FIZICA TEO": {"medie": 6.7, "reusita": 100.0, "cnt": 1}, "MATEMATICA TEHN": {"medie": 3.6878143133462253, "reusita": 17.2147001934236, "cnt": 517}, "FIZICA TEH": {"medie": 2.6848837209302325, "reusita": 6.976744186046512, "cnt": 43}, "CHIMIE ORGANICA TEH NIVEL I/II": {"medie": 5.0, "reusita": 0.0, "cnt": 1}}, "nume": "COLEGIUL TEHNIC \"HENRI COANDA\" TG-JIU\tGorj"}