{"specializari": {"TEHNICIAN MECANIC PENTRU INTRETINERE SI REPARATII": 263, "TEHNICIAN IN ADMINISTRATIE": 172, "TEHNICIAN ANALIZE PRODUSE ALIMENTARE": 92, "TEHNICIAN ELECTRICIAN/ELECTRONIST AUTO": 33, "TEHNICIAN IN AGRICULTURA": 42, "TEHNICIAN IN SILVICULTURA SI EXPLOATARI FORESTIERE": 146, "TEHNICIAN IN TURISM": 339, "TEHNICIAN IN ACTIVITATI ECONOMICE": 201, "TEHNICIAN IN CONSTRUCTII SI LUCRARI PUBLICE": 19, "TEHNICIAN AGROMONTAN": 87, "TEHNICIAN IN INSTALATII ELECTRICE": 80, "TEHNICIAN DE TELECOMUNICATII": 4, "STIINTE ALE NATURII": 161, "TEHNICIAN OPERATOR TEHNICA DE CALCUL": 127, "TEHNICIAN IN GASTRONOMIE": 155, "TEHNICIAN ECOLOG SI PROTECTIA CALITATII MEDIULUI": 334, "TEHNICIAN VETERINAR": 1, "TEHNICIAN IN AUTOMATIZARI": 72, "TEHNICIAN TRANSPORTURI": 1, "TEHNICIAN IN INDUSTRIA TEXTILA": 6, "TEHNICIAN IN INDUSTRIA ALIMENTARA": 2}, "limba_moderna": {"LIMBA ENGLEZA": 1698, "LIMBA FRANCEZA": 639}, "limba_materna": {"LIMBA ROMANA": 2337}, "promotie_anterioara": {"DA": 468, "NU": 1869}, "materii": {"LIMBA ROMANA": {"medie": 5.458686350021406, "reusita": 40.22250748823278, "cnt": 2337}, "BIOLOGIE VEGETALA SI ANIMALA": {"medie": 3.6929175475687086, "reusita": 13.107822410147993, "cnt": 473}, "GENERAL": {"medie": 5.225082013978039, "reusita": 35.30166880616174, "cnt": 2337}, "CHIMIE ORGANICA TEO NIVEL I/II": {"medie": 7.8, "reusita": 100.0, "cnt": 1}, "CHIMIE ANORGANICA TEO NIVEL I/II": {"medie": 6.55, "reusita": 100.0, "cnt": 2}, "GEOGRAFIE": {"medie": 7.029016786570739, "reusita": 75.41966426858512, "cnt": 834}, "MATEMATICA ST-NAT": {"medie": 4.142857142857142, "reusita": 21.73913043478261, "cnt": 161}, "ANATOMIE SI FIZIOLOGIE UMANA, GENETICA SI ECOLOGIE UMANA": {"medie": 5.2851254480286665, "reusita": 41.21863799283154, "cnt": 837}, "FIZICA TEO": {"medie": 7.2, "reusita": 100.0, "cnt": 3}, "MATEMATICA TEHN": {"medie": 4.729296875000001, "reusita": 34.69669117647059, "cnt": 2176}, "FIZICA TEH": {"medie": 4.122799999999999, "reusita": 22.400000000000002, "cnt": 125}, "ECONOMIE": {"medie": 5.127272727272727, "reusita": 33.33333333333333, "cnt": 33}, "CHIMIE ANORGANICA TEH NIVEL I/II": {"medie": 5.312962962962963, "reusita": 33.33333333333333, "cnt": 27}, "CHIMIE ORGANICA TEH NIVEL I/II": {"medie": 7.525, "reusita": 100.0, "cnt": 2}}, "nume": "COLEGIUL TEHNIC \"ION CREANGA\", ORAS TARGU NEAMT\tNeam\u021b"}