{"specializari": {"TEHNICIAN IN ACTIVITATI ECONOMICE": 439, "TEHNICIAN IN ACHIZITII SI CONTRACTARI": 218, "TEHNICIAN IN HOTELARIE": 79, "TEHNICIAN IN GASTRONOMIE": 43, "ORGANIZATOR BANQUETING": 11, "TEHNICIAN IN TURISM": 88, "TEHNICIAN IN ACTIVITATI DE COMERT": 26}, "limba_moderna": {"LIMBA ENGLEZA": 767, "LIMBA FRANCEZA": 137}, "limba_materna": {"LIMBA ROMANA": 899, "LIMBA MAGHIARA": 5}, "promotie_anterioara": {"NU": 849, "DA": 55}, "materii": {"LIMBA ROMANA": {"medie": 7.6893805309734535, "reusita": 87.16814159292035, "cnt": 904}, "GENERAL": {"medie": 8.013804387905592, "reusita": 92.58849557522124, "cnt": 904}, "GEOGRAFIE": {"medie": 8.237659235668783, "reusita": 94.5859872611465, "cnt": 628}, "MATEMATICA TEHN": {"medie": 8.10829646017699, "reusita": 90.37610619469027, "cnt": 904}, "ECONOMIE": {"medie": 5.4375, "reusita": 50.0, "cnt": 4}, "LOGICA, ARGUMENTARE SI COMUNICARE": {"medie": 8.309742647058826, "reusita": 92.27941176470588, "cnt": 272}, "LIMBA MAGHIARA (REAL)": {"medie": 4.54, "reusita": 0.0, "cnt": 5}}, "nume": "COLEGIUL ECONOMIC \"IULIAN POP\" CLUJ-NAPOCA\tCluj"}