{"specializari": {"STIINTE SOCIALE": 353, "MATEMATICA-INFORMATICA": 475, "FILOLOGIE": 205, "TEHNICIAN IN GASTRONOMIE": 2, "TEOLOGIE ORTODOXA": 64}, "limba_moderna": {"LIMBA FRANCEZA": 128, "LIMBA ENGLEZA": 969, "LIMBA SPANIOLA": 2}, "limba_materna": {"LIMBA ROMANA": 1099}, "promotie_anterioara": {"NU": 1002, "DA": 97}, "materii": {"LIMBA ROMANA": {"medie": 7.013057324840768, "reusita": 69.60873521383076, "cnt": 1099}, "MATEMATICA MATE-INFO": {"medie": 7.507684210526315, "reusita": 74.94736842105263, "cnt": 475}, "BIOLOGIE VEGETALA SI ANIMALA": {"medie": 7.132822085889576, "reusita": 77.91411042944786, "cnt": 163}, "GENERAL": {"medie": 7.335031847133759, "reusita": 78.343949044586, "cnt": 1099}, "CHIMIE ORGANICA TEO NIVEL I/II": {"medie": 8.299635036496348, "reusita": 88.32116788321169, "cnt": 137}, "INFORMATICA MI C/C++": {"medie": 7.41590909090909, "reusita": 72.72727272727273, "cnt": 22}, "CHIMIE ANORGANICA TEO NIVEL I/II": {"medie": 3.3, "reusita": 0.0, "cnt": 1}, "ISTORIE": {"medie": 6.814469453376208, "reusita": 64.63022508038586, "cnt": 622}, "GEOGRAFIE": {"medie": 7.530749999999996, "reusita": 80.0, "cnt": 200}, "PSIHOLOGIE": {"medie": 9.030000000000001, "reusita": 100.0, "cnt": 5}, "ANATOMIE SI FIZIOLOGIE UMANA, GENETICA SI ECOLOGIE UMANA": {"medie": 8.879166666666666, "reusita": 100.0, "cnt": 12}, "FIZICA TEO": {"medie": 8.711870503597124, "reusita": 93.5251798561151, "cnt": 139}, "FILOSOFIE": {"medie": 8.825, "reusita": 100.0, "cnt": 2}, "MATEMATICA TEHN": {"medie": 3.7, "reusita": 50.0, "cnt": 2}, "ECONOMIE": {"medie": 9.233333333333333, "reusita": 100.0, "cnt": 3}, "LOGICA, ARGUMENTARE SI COMUNICARE": {"medie": 7.910386473429948, "reusita": 86.71497584541062, "cnt": 414}, "INFORMATICA MI PASCAL": {"medie": 8.9, "reusita": 100.0, "cnt": 1}}, "nume": "COLEGIUL NATIONAL \"UNIREA\" TURNU MAGURELE\tTeleorman"}