{"specializari": {"FILOLOGIE": 462, "STIINTE SOCIALE": 222, "STIINTE ALE NATURII": 538, "MATEMATICA-INFORMATICA": 204}, "limba_moderna": {"LIMBA ENGLEZA": 1326, "LIMBA SPANIOLA": 29, "LIMBA FRANCEZA": 35, "LIMBA GERMANA MODERNA": 36}, "limba_materna": {"LIMBA ROMANA": 1411, "LIMBA MAGHIARA": 15}, "promotie_anterioara": {"NU": 1418, "DA": 8}, "materii": {"LIMBA ROMANA": {"medie": 8.627678821879389, "reusita": 97.12482468443197, "cnt": 1426}, "MATEMATICA MATE-INFO": {"medie": 8.957107843137257, "reusita": 98.0392156862745, "cnt": 204}, "BIOLOGIE VEGETALA SI ANIMALA": {"medie": 9.231597222222222, "reusita": 99.30555555555556, "cnt": 288}, "GENERAL": {"medie": 8.85766596540441, "reusita": 99.08835904628332, "cnt": 1426}, "CHIMIE ORGANICA TEO NIVEL I/II": {"medie": 8.99732142857143, "reusita": 100.0, "cnt": 56}, "INFORMATICA MI C/C++": {"medie": 8.872330097087382, "reusita": 100.0, "cnt": 103}, "CHIMIE ANORGANICA TEO NIVEL I/II": {"medie": 9.040000000000001, "reusita": 100.0, "cnt": 5}, "ISTORIE": {"medie": 8.61001461988304, "reusita": 96.05263157894737, "cnt": 684}, "GEOGRAFIE": {"medie": 9.031871345029238, "reusita": 100.0, "cnt": 171}, "PSIHOLOGIE": {"medie": 9.05, "reusita": 100.0, "cnt": 3}, "MATEMATICA ST-NAT": {"medie": 8.921282527881042, "reusita": 98.51301115241635, "cnt": 538}, "ANATOMIE SI FIZIOLOGIE UMANA, GENETICA SI ECOLOGIE UMANA": {"medie": 9.348760330578513, "reusita": 98.34710743801654, "cnt": 242}, "FIZICA TEO": {"medie": 8.81818181818182, "reusita": 96.96969696969697, "cnt": 33}, "FILOSOFIE": {"medie": 8.728571428571428, "reusita": 100.0, "cnt": 7}, "INFORMATICA SN C/C++": {"medie": 8.79, "reusita": 100.0, "cnt": 15}, "ECONOMIE": {"medie": 7.7, "reusita": 75.0, "cnt": 4}, "LOGICA, ARGUMENTARE SI COMUNICARE": {"medie": 9.216122448979599, "reusita": 98.9795918367347, "cnt": 490}, "SOCIOLOGIE": {"medie": 9.227777777777778, "reusita": 100.0, "cnt": 9}, "LIMBA MAGHIARA (REAL)": {"medie": 7.7733333333333325, "reusita": 80.0, "cnt": 15}}, "nume": "COLEGIUL NATIONAL \"OCTAVIAN GOGA\" SIBIU\tSibiu"}