{"specializari": {"MATEMATICA-INFORMATICA": 937, "FILOLOGIE": 228, "STIINTE ALE NATURII": 65, "STIINTE SOCIALE": 33}, "limba_moderna": {"LIMBA ENGLEZA": 1222, "LIMBA FRANCEZA": 32, "LIMBA GERMANA MODERNA": 9}, "limba_materna": {"LIMBA ROMANA": 1263}, "promotie_anterioara": {"NU": 1258, "DA": 5}, "materii": {"LIMBA ROMANA": {"medie": 8.610174188440212, "reusita": 97.22882026920031, "cnt": 1263}, "MATEMATICA MATE-INFO": {"medie": 8.937033084311624, "reusita": 98.18569903948773, "cnt": 937}, "BIOLOGIE VEGETALA SI ANIMALA": {"medie": 8.456115107913666, "reusita": 95.68345323741008, "cnt": 139}, "GENERAL": {"medie": 8.782620744259699, "reusita": 98.97070467141727, "cnt": 1263}, "CHIMIE ORGANICA TEO NIVEL I/II": {"medie": 8.963963963963963, "reusita": 97.2972972972973, "cnt": 111}, "INFORMATICA MI C/C++": {"medie": 8.880686695278966, "reusita": 98.28326180257511, "cnt": 233}, "CHIMIE ANORGANICA TEO NIVEL I/II": {"medie": 8.105263157894736, "reusita": 100.0, "cnt": 19}, "ISTORIE": {"medie": 8.69329501915709, "reusita": 96.16858237547893, "cnt": 261}, "GEOGRAFIE": {"medie": 9.330241935483869, "reusita": 100.0, "cnt": 124}, "PSIHOLOGIE": {"medie": 9.176923076923078, "reusita": 100.0, "cnt": 26}, "MATEMATICA ST-NAT": {"medie": 8.49923076923077, "reusita": 100.0, "cnt": 65}, "ANATOMIE SI FIZIOLOGIE UMANA, GENETICA SI ECOLOGIE UMANA": {"medie": 9.02405660377358, "reusita": 99.05660377358491, "cnt": 106}, "FIZICA TEO": {"medie": 8.743749999999997, "reusita": 96.25, "cnt": 320}, "FILOSOFIE": {"medie": 6.7, "reusita": 100.0, "cnt": 1}, "INFORMATICA SN C/C++": {"medie": 8.25, "reusita": 100.0, "cnt": 1}, "ECONOMIE": {"medie": 8.9, "reusita": 100.0, "cnt": 22}, "LOGICA, ARGUMENTARE SI COMUNICARE": {"medie": 9.176515151515153, "reusita": 96.96969696969697, "cnt": 66}, "SOCIOLOGIE": {"medie": 8.774999999999999, "reusita": 95.45454545454545, "cnt": 22}, "INFORMATICA MI PASCAL": {"medie": 8.960958904109589, "reusita": 98.63013698630137, "cnt": 73}}, "nume": "COLEGIUL NATIONAL \"GRIGORE MOISIL\"\tBucure\u0219ti"}