{"specializari": {"TEHNICIAN MECANIC PENTRU INTRETINERE SI REPARATII": 71, "MATEMATICA-INFORMATICA": 419, "TEHNICIAN IN INDUSTRIA TEXTILA": 29, "TEHNICIAN IN TURISM": 140, "TEHNICIAN IN PRELUCRAREA LEMNULUI": 37, "TEHNICIAN IN CONSTRUCTII SI LUCRARI PUBLICE": 6, "TEHNICIAN ECOLOG SI PROTECTIA CALITATII MEDIULUI": 38, "TEHNICIAN IN HOTELARIE": 4, "TEHNICIAN IN ACTIVITATI DE COMERT": 66}, "limba_moderna": {"LIMBA FRANCEZA": 116, "LIMBA ENGLEZA": 694}, "limba_materna": {"LIMBA ROMANA": 810}, "promotie_anterioara": {"NU": 656, "DA": 154}, "materii": {"LIMBA ROMANA": {"medie": 6.103024691358031, "reusita": 52.22222222222223, "cnt": 810}, "MATEMATICA MATE-INFO": {"medie": 6.968615751789975, "reusita": 72.0763723150358, "cnt": 419}, "BIOLOGIE VEGETALA SI ANIMALA": {"medie": 4.997368421052631, "reusita": 37.24696356275304, "cnt": 247}, "GENERAL": {"medie": 6.124152263374491, "reusita": 55.18518518518518, "cnt": 810}, "CHIMIE ORGANICA TEO NIVEL I/II": {"medie": 8.242448979591837, "reusita": 94.5578231292517, "cnt": 147}, "INFORMATICA MI C/C++": {"medie": 6.85, "reusita": 61.904761904761905, "cnt": 21}, "GEOGRAFIE": {"medie": 6.437438423645316, "reusita": 66.00985221674877, "cnt": 203}, "ANATOMIE SI FIZIOLOGIE UMANA, GENETICA SI ECOLOGIE UMANA": {"medie": 6.711235955056179, "reusita": 61.79775280898876, "cnt": 89}, "FIZICA TEO": {"medie": 7.734, "reusita": 80.0, "cnt": 50}, "MATEMATICA TEHN": {"medie": 4.668542199488486, "reusita": 30.69053708439898, "cnt": 391}, "FIZICA TEH": {"medie": 3.7649999999999997, "reusita": 10.0, "cnt": 10}, "ECONOMIE": {"medie": 5.45, "reusita": 0.0, "cnt": 2}, "LOGICA, ARGUMENTARE SI COMUNICARE": {"medie": 7.4, "reusita": 60.0, "cnt": 5}, "INFORMATICA MI PASCAL": {"medie": 7.1125, "reusita": 75.0, "cnt": 16}, "CHIMIE ORGANICA TEH NIVEL I/II": {"medie": 5.65, "reusita": 65.0, "cnt": 20}}, "nume": "COLEGIUL \"FERDINAND I\", COMUNA MANECIU\tPrahova"}