{"specializari": {"MATEMATICA-INFORMATICA": 689, "STIINTE ALE NATURII": 491, "FILOLOGIE": 194, "STIINTE SOCIALE": 207}, "limba_moderna": {"LIMBA ENGLEZA": 1302, "LIMBA FRANCEZA": 206, "LIMBA SPANIOLA": 58, "LIMBA GERMANA MODERNA": 15}, "limba_materna": {"LIMBA ROMANA": 1581}, "promotie_anterioara": {"NU": 1551, "DA": 30}, "materii": {"LIMBA ROMANA": {"medie": 7.956040480708415, "reusita": 92.97912713472486, "cnt": 1581}, "MATEMATICA MATE-INFO": {"medie": 7.939404934687955, "reusita": 86.35703918722787, "cnt": 689}, "BIOLOGIE VEGETALA SI ANIMALA": {"medie": 8.464150943396223, "reusita": 96.22641509433963, "cnt": 106}, "GENERAL": {"medie": 8.13725490196079, "reusita": 94.56040480708413, "cnt": 1581}, "CHIMIE ORGANICA TEO NIVEL I/II": {"medie": 9.092857142857143, "reusita": 100.0, "cnt": 56}, "INFORMATICA MI C/C++": {"medie": 8.255708661417321, "reusita": 91.73228346456693, "cnt": 254}, "CHIMIE ANORGANICA TEO NIVEL I/II": {"medie": 8.042857142857143, "reusita": 100.0, "cnt": 7}, "ISTORIE": {"medie": 7.992892768079803, "reusita": 91.77057356608479, "cnt": 401}, "GEOGRAFIE": {"medie": 9.056194690265492, "reusita": 99.11504424778761, "cnt": 113}, "PSIHOLOGIE": {"medie": 9.086363636363636, "reusita": 100.0, "cnt": 22}, "MATEMATICA ST-NAT": {"medie": 7.738594704684323, "reusita": 86.35437881873727, "cnt": 491}, "ANATOMIE SI FIZIOLOGIE UMANA, GENETICA SI ECOLOGIE UMANA": {"medie": 8.761086474501116, "reusita": 95.56541019955654, "cnt": 451}, "FIZICA TEO": {"medie": 7.978571428571431, "reusita": 88.50174216027874, "cnt": 287}, "FILOSOFIE": {"medie": 5.05, "reusita": 0.0, "cnt": 2}, "INFORMATICA SN C/C++": {"medie": 8.03529411764706, "reusita": 88.23529411764706, "cnt": 17}, "ECONOMIE": {"medie": 8.544117647058826, "reusita": 100.0, "cnt": 17}, "LOGICA, ARGUMENTARE SI COMUNICARE": {"medie": 9.013157894736842, "reusita": 98.42105263157895, "cnt": 190}, "SOCIOLOGIE": {"medie": 8.74035087719298, "reusita": 96.49122807017544, "cnt": 57}, "INFORMATICA MI PASCAL": {"medie": 7.4, "reusita": 100.0, "cnt": 2}}, "nume": "COLEGIUL NATIONAL \"ALEXANDRU ODOBESCU\" PITESTI\tArge\u0219"}