{"specializari": {"TEHNICIAN IN AUTOMATIZARI": 191, "TEHNICIAN ELECTROMECANIC": 166, "TEHNICIAN ENERGETICIAN": 62, "TEHNICIAN IN INSTALATII ELECTRICE": 162, "TEHNICIAN DE TELECOMUNICATII": 91, "TEHNICIAN ELECTROTEHNIST": 135, "TEHNICIAN ELECTRONIST": 70, "MATEMATICA-INFORMATICA": 45}, "limba_moderna": {"LIMBA ENGLEZA": 877, "LIMBA GERMANA MODERNA": 40, "LIMBA FRANCEZA": 5}, "limba_materna": {"LIMBA ROMANA": 922}, "promotie_anterioara": {"NU": 716, "DA": 206}, "materii": {"LIMBA ROMANA": {"medie": 5.6619305856832955, "reusita": 42.299349240780906, "cnt": 922}, "MATEMATICA MATE-INFO": {"medie": 6.614444444444441, "reusita": 68.88888888888889, "cnt": 45}, "BIOLOGIE VEGETALA SI ANIMALA": {"medie": 5.157776427703524, "reusita": 37.78857837181045, "cnt": 823}, "GENERAL": {"medie": 5.481869125090376, "reusita": 40.780911062906725, "cnt": 922}, "CHIMIE ORGANICA TEO NIVEL I/II": {"medie": 6.5, "reusita": 100.0, "cnt": 1}, "INFORMATICA MI C/C++": {"medie": 6.466666666666667, "reusita": 61.111111111111114, "cnt": 18}, "FIZICA TEO": {"medie": 4.35, "reusita": 0.0, "cnt": 1}, "MATEMATICA TEHN": {"medie": 5.509977194982895, "reusita": 42.87343215507411, "cnt": 877}, "FIZICA TEH": {"medie": 5.8439655172413785, "reusita": 48.275862068965516, "cnt": 58}, "CHIMIE ANORGANICA TEH NIVEL I/II": {"medie": 4.838095238095238, "reusita": 28.57142857142857, "cnt": 21}}, "nume": "COLEGIUL TEHNIC ENERGETIC SIBIU\tSibiu"}