{"specializari": {"STIINTE ALE NATURII": 160, "FILOLOGIE": 436, "MATEMATICA-INFORMATICA": 169, "TEHNICIAN IN TURISM": 7, "TEHNICIAN OPERATOR TEHNICA DE CALCUL": 1}, "limba_moderna": {"LIMBA ENGLEZA": 726, "LIMBA FRANCEZA": 47}, "limba_materna": {"LIMBA ROMANA": 773}, "promotie_anterioara": {"NU": 701, "DA": 72}, "materii": {"LIMBA ROMANA": {"medie": 6.961966364812424, "reusita": 69.08150064683053, "cnt": 773}, "MATEMATICA MATE-INFO": {"medie": 7.8893491124260375, "reusita": 80.4733727810651, "cnt": 169}, "BIOLOGIE VEGETALA SI ANIMALA": {"medie": 7.13153153153153, "reusita": 70.27027027027027, "cnt": 111}, "GENERAL": {"medie": 7.115071151358351, "reusita": 71.41009055627426, "cnt": 773}, "INFORMATICA MI C/C++": {"medie": 7.986315789473682, "reusita": 87.36842105263159, "cnt": 95}, "ISTORIE": {"medie": 6.8121559633027475, "reusita": 66.74311926605505, "cnt": 436}, "GEOGRAFIE": {"medie": 7.526315789473688, "reusita": 81.99445983379502, "cnt": 361}, "PSIHOLOGIE": {"medie": 7.504430379746834, "reusita": 82.27848101265823, "cnt": 79}, "MATEMATICA ST-NAT": {"medie": 5.382187500000002, "reusita": 42.5, "cnt": 160}, "ANATOMIE SI FIZIOLOGIE UMANA, GENETICA SI ECOLOGIE UMANA": {"medie": 8.2896694214876, "reusita": 89.25619834710744, "cnt": 121}, "FIZICA TEO": {"medie": 9.65, "reusita": 100.0, "cnt": 2}, "FILOSOFIE": {"medie": 8.166666666666666, "reusita": 100.0, "cnt": 3}, "MATEMATICA TEHN": {"medie": 4.6375, "reusita": 37.5, "cnt": 8}, "INFORMATICA SN C/C++": {"medie": 9.6, "reusita": 100.0, "cnt": 1}}, "nume": "COLEGIUL NATIONAL \"AVRAM IANCU\" STEI\tBihor"}