{"specializari": {"MATEMATICA-INFORMATICA": 521, "STIINTE ALE NATURII": 229, "FILOLOGIE": 205, "TEHNICIAN OPERATOR TEHNICA DE CALCUL": 2, "STIINTE SOCIALE": 149, "TEHNICIAN IN ACTIVITATI ECONOMICE": 1}, "limba_moderna": {"LIMBA ENGLEZA": 1068, "LIMBA FRANCEZA": 36, "LIMBA RUSA": 3}, "limba_materna": {"LIMBA ROMANA": 1107}, "promotie_anterioara": {"NU": 1056, "DA": 51}, "materii": {"LIMBA ROMANA": {"medie": 7.960840108401086, "reusita": 91.32791327913279, "cnt": 1107}, "MATEMATICA MATE-INFO": {"medie": 7.159884836852206, "reusita": 70.8253358925144, "cnt": 521}, "BIOLOGIE VEGETALA SI ANIMALA": {"medie": 3.325, "reusita": 0.0, "cnt": 2}, "GENERAL": {"medie": 7.849978922011453, "reusita": 89.06955736224029, "cnt": 1107}, "CHIMIE ORGANICA TEO NIVEL I/II": {"medie": 8.568965517241379, "reusita": 93.10344827586206, "cnt": 29}, "INFORMATICA MI C/C++": {"medie": 7.693617021276595, "reusita": 87.2340425531915, "cnt": 47}, "ISTORIE": {"medie": 7.498446327683614, "reusita": 81.63841807909604, "cnt": 354}, "GEOGRAFIE": {"medie": 8.111290322580645, "reusita": 96.7741935483871, "cnt": 93}, "PSIHOLOGIE": {"medie": 8.106666666666667, "reusita": 100.0, "cnt": 15}, "MATEMATICA ST-NAT": {"medie": 7.932532751091707, "reusita": 87.77292576419214, "cnt": 229}, "ANATOMIE SI FIZIOLOGIE UMANA, GENETICA SI ECOLOGIE UMANA": {"medie": 8.014029038112517, "reusita": 88.38475499092559, "cnt": 551}, "FIZICA TEO": {"medie": 8.219512195121949, "reusita": 91.869918699187, "cnt": 123}, "FILOSOFIE": {"medie": 9.475, "reusita": 100.0, "cnt": 4}, "MATEMATICA TEHN": {"medie": 5.683333333333334, "reusita": 33.33333333333333, "cnt": 3}, "ECONOMIE": {"medie": 8.14090909090909, "reusita": 90.9090909090909, "cnt": 11}, "LOGICA, ARGUMENTARE SI COMUNICARE": {"medie": 8.623267326732677, "reusita": 98.51485148514851, "cnt": 202}, "SOCIOLOGIE": {"medie": 8.333333333333332, "reusita": 96.66666666666667, "cnt": 30}}, "nume": "COLEGIUL DOBROGEAN \"SPIRU HARET\" TULCEA\tTulcea"}