{"specializari": {"TEHNICIAN IN ACTIVITATI ECONOMICE": 837, "TEHNICIAN IN ADMINISTRATIE": 61, "TEHNICIAN IN GASTRONOMIE": 167, "TEHNICIAN IN ACTIVITATI DE COMERT": 163, "TEHNICIAN IN TURISM": 199, "ORGANIZATOR BANQUETING": 111}, "limba_moderna": {"LIMBA ENGLEZA": 1462, "LIMBA FRANCEZA": 67, "LIMBA GERMANA MODERNA": 9}, "limba_materna": {"LIMBA ROMANA": 1538}, "promotie_anterioara": {"NU": 1337, "DA": 201}, "materii": {"LIMBA ROMANA": {"medie": 6.673276983094944, "reusita": 65.7997399219766, "cnt": 1538}, "GENERAL": {"medie": 7.023883831816202, "reusita": 76.20286085825748, "cnt": 1538}, "GEOGRAFIE": {"medie": 7.454146576663449, "reusita": 84.86017357762778, "cnt": 1037}, "PSIHOLOGIE": {"medie": 6.833333333333333, "reusita": 66.66666666666666, "cnt": 6}, "MATEMATICA TEHN": {"medie": 6.738524057217161, "reusita": 66.12483745123538, "cnt": 1538}, "ECONOMIE": {"medie": 7.878205128205127, "reusita": 92.3076923076923, "cnt": 39}, "LOGICA, ARGUMENTARE SI COMUNICARE": {"medie": 8.119846491228065, "reusita": 89.91228070175438, "cnt": 456}}, "nume": "COLEGIUL ECONOMIC \"PARTENIE COSMA\" ORADEA\tBihor"}