{"specializari": {"TEHNICIAN IN ACTIVITATI ECONOMICE": 905, "TEHNICIAN IN ACHIZITII SI CONTRACTARI": 74, "ORGANIZATOR BANQUETING": 104, "TEHNICIAN IN ADMINISTRATIE": 167, "TEHNICIAN IN HOTELARIE": 111, "TEHNICIAN IN GASTRONOMIE": 47, "TEHNICIAN IN TURISM": 116, "TEHNICIAN IN ACTIVITATI DE COMERT": 82}, "limba_moderna": {"LIMBA ENGLEZA": 1320, "LIMBA FRANCEZA": 282, "LIMBA GERMANA MODERNA": 4}, "limba_materna": {"LIMBA ROMANA": 1606}, "promotie_anterioara": {"NU": 1544, "DA": 62}, "materii": {"LIMBA ROMANA": {"medie": 7.592216687422169, "reusita": 84.30884184308842, "cnt": 1606}, "GENERAL": {"medie": 7.782482357824829, "reusita": 88.6052303860523, "cnt": 1606}, "GEOGRAFIE": {"medie": 8.159348198970845, "reusita": 92.10977701543739, "cnt": 583}, "PSIHOLOGIE": {"medie": 8.95, "reusita": 100.0, "cnt": 1}, "MATEMATICA TEHN": {"medie": 7.591874221668734, "reusita": 82.50311332503114, "cnt": 1606}, "ECONOMIE": {"medie": 7.700000000000001, "reusita": 92.0, "cnt": 25}, "LOGICA, ARGUMENTARE SI COMUNICARE": {"medie": 8.176529588766307, "reusita": 90.37111334002006, "cnt": 997}}, "nume": "COLEGIUL ECONOMIC \"NICOLAE TITULESCU\" BAIA MARE\tMaramure\u0219"}