{"specializari": {"MATEMATICA-INFORMATICA": 1013, "STIINTE ALE NATURII": 243, "FILOLOGIE": 231, "STIINTE SOCIALE": 233}, "limba_moderna": {"LIMBA ENGLEZA": 1530, "LIMBA GERMANA MODERNA": 59, "LIMBA FRANCEZA": 131}, "limba_materna": {"LIMBA ROMANA": 1720}, "promotie_anterioara": {"NU": 1717, "DA": 3}, "materii": {"LIMBA ROMANA": {"medie": 8.881104651162799, "reusita": 98.77906976744187, "cnt": 1720}, "MATEMATICA MATE-INFO": {"medie": 9.268065153010843, "reusita": 98.81539980256665, "cnt": 1013}, "BIOLOGIE VEGETALA SI ANIMALA": {"medie": 9.975, "reusita": 100.0, "cnt": 4}, "GENERAL": {"medie": 9.105610465116271, "reusita": 99.70930232558139, "cnt": 1720}, "CHIMIE ORGANICA TEO NIVEL I/II": {"medie": 9.364864864864863, "reusita": 100.0, "cnt": 74}, "INFORMATICA MI C/C++": {"medie": 9.31459143968871, "reusita": 99.22178988326849, "cnt": 257}, "CHIMIE ANORGANICA TEO NIVEL I/II": {"medie": 9.4875, "reusita": 100.0, "cnt": 4}, "ISTORIE": {"medie": 8.875215517241378, "reusita": 97.84482758620689, "cnt": 464}, "GEOGRAFIE": {"medie": 9.552247191011235, "reusita": 100.0, "cnt": 89}, "PSIHOLOGIE": {"medie": 9.40967741935484, "reusita": 100.0, "cnt": 31}, "MATEMATICA ST-NAT": {"medie": 9.254938271604948, "reusita": 100.0, "cnt": 243}, "ANATOMIE SI FIZIOLOGIE UMANA, GENETICA SI ECOLOGIE UMANA": {"medie": 9.250673076923084, "reusita": 99.42307692307692, "cnt": 520}, "FIZICA TEO": {"medie": 9.18489847715736, "reusita": 98.73096446700508, "cnt": 394}, "FILOSOFIE": {"medie": 6.6, "reusita": 100.0, "cnt": 1}, "INFORMATICA SN C/C++": {"medie": 9.333333333333334, "reusita": 100.0, "cnt": 3}, "ECONOMIE": {"medie": 8.96632653061224, "reusita": 95.91836734693877, "cnt": 49}, "LOGICA, ARGUMENTARE SI COMUNICARE": {"medie": 9.331569965870314, "reusita": 99.31740614334471, "cnt": 293}, "SOCIOLOGIE": {"medie": 10.0, "reusita": 100.0, "cnt": 1}}, "nume": "COLEGIUL NATIONAL \"FRATII BUZESTI\" CRAIOVA\tDolj"}