{"specializari": {"STIINTE SOCIALE": 427, "FILOLOGIE": 356, "MATEMATICA-INFORMATICA": 392, "STIINTE ALE NATURII": 366}, "limba_moderna": {"LIMBA ENGLEZA": 1488, "LIMBA FRANCEZA": 40, "LIMBA GERMANA MODERNA": 13}, "limba_materna": {"LIMBA ROMANA": 1541}, "promotie_anterioara": {"NU": 1535, "DA": 6}, "materii": {"LIMBA ROMANA": {"medie": 8.436015574302392, "reusita": 95.58728098637248, "cnt": 1541}, "MATEMATICA MATE-INFO": {"medie": 8.618239795918369, "reusita": 96.93877551020408, "cnt": 392}, "BIOLOGIE VEGETALA SI ANIMALA": {"medie": 8.383333333333333, "reusita": 100.0, "cnt": 9}, "GENERAL": {"medie": 8.6386761842959, "reusita": 98.44256975989617, "cnt": 1541}, "CHIMIE ORGANICA TEO NIVEL I/II": {"medie": 8.88971631205674, "reusita": 96.45390070921985, "cnt": 141}, "INFORMATICA MI C/C++": {"medie": 8.15905797101449, "reusita": 89.85507246376811, "cnt": 138}, "CHIMIE ANORGANICA TEO NIVEL I/II": {"medie": 8.184259259259262, "reusita": 94.44444444444444, "cnt": 54}, "ISTORIE": {"medie": 8.560919540229886, "reusita": 95.01915708812261, "cnt": 783}, "GEOGRAFIE": {"medie": 9.089148936170206, "reusita": 99.57446808510639, "cnt": 235}, "PSIHOLOGIE": {"medie": 9.087837837837837, "reusita": 94.5945945945946, "cnt": 37}, "MATEMATICA ST-NAT": {"medie": 8.591666666666663, "reusita": 97.26775956284153, "cnt": 366}, "ANATOMIE SI FIZIOLOGIE UMANA, GENETICA SI ECOLOGIE UMANA": {"medie": 9.320036101083032, "reusita": 100.0, "cnt": 277}, "FIZICA TEO": {"medie": 8.462692307692304, "reusita": 93.84615384615384, "cnt": 130}, "FILOSOFIE": {"medie": 8.922222222222222, "reusita": 100.0, "cnt": 9}, "INFORMATICA SN C/C++": {"medie": 7.96111111111111, "reusita": 88.88888888888889, "cnt": 9}, "ECONOMIE": {"medie": 8.179032258064517, "reusita": 96.7741935483871, "cnt": 31}, "LOGICA, ARGUMENTARE SI COMUNICARE": {"medie": 9.178906249999992, "reusita": 98.95833333333334, "cnt": 384}, "SOCIOLOGIE": {"medie": 8.386206896551723, "reusita": 97.70114942528735, "cnt": 87}}, "nume": "COLEGIUL NATIONAL \"VASILE ALECSANDRI\" BACAU\tBac\u0103u"}