{"specializari": {"STIINTE ALE NATURII": 415, "TEHNICIAN IN AUTOMATIZARI": 161, "STIINTE SOCIALE": 376, "TEHNICIAN IN CONSTRUCTII SI LUCRARI PUBLICE": 25, "TEHNICIAN TRANSPORTURI": 143, "MATEMATICA-INFORMATICA": 396, "TEHNICIAN IN TURISM": 290, "TEHNICIAN IN HOTELARIE": 80, "FILOLOGIE": 226, "TEHNICIAN IN ACTIVITATI ECONOMICE": 393, "TEHNICIAN DESIGNER VESTIMENTAR": 69, "LICEU CU PROGRAM SPORTIV": 5, "TEHNICIAN IN ACTIVITATI DE COMERT": 8, "TEHNICIAN IN ADMINISTRATIE": 62, "TEHNICIAN MECATRONIST": 1, "TEHNICIAN PRODUCTIE FILM SI TELEVIZIUNE": 1, "TEHNICIAN IN GASTRONOMIE": 127, "TEHNICIAN INSTALATOR PENTRU CONSTRUCTII": 14}, "limba_moderna": {"LIMBA ENGLEZA": 2174, "LIMBA FRANCEZA": 618}, "limba_materna": {"LIMBA ROMANA": 2792}, "promotie_anterioara": {"NU": 2396, "DA": 396}, "materii": {"LIMBA ROMANA": {"medie": 6.3809455587392385, "reusita": 60.60171919770774, "cnt": 2792}, "MATEMATICA MATE-INFO": {"medie": 8.19381313131313, "reusita": 89.64646464646465, "cnt": 396}, "BIOLOGIE VEGETALA SI ANIMALA": {"medie": 3.913867684478373, "reusita": 14.50381679389313, "cnt": 393}, "GENERAL": {"medie": 6.473674785100301, "reusita": 61.568767908309454, "cnt": 2792}, "CHIMIE ORGANICA TEO NIVEL I/II": {"medie": 8.705000000000002, "reusita": 95.0, "cnt": 20}, "INFORMATICA MI C/C++": {"medie": 8.721428571428572, "reusita": 100.0, "cnt": 56}, "CHIMIE ANORGANICA TEO NIVEL I/II": {"medie": 8.00294117647059, "reusita": 94.11764705882352, "cnt": 17}, "ISTORIE": {"medie": 6.646128500823725, "reusita": 65.7331136738056, "cnt": 607}, "GEOGRAFIE": {"medie": 6.656606990622336, "reusita": 71.52600170502984, "cnt": 1173}, "PSIHOLOGIE": {"medie": 7.409999999999999, "reusita": 80.0, "cnt": 5}, "MATEMATICA ST-NAT": {"medie": 7.06192771084338, "reusita": 73.25301204819277, "cnt": 415}, "ANATOMIE SI FIZIOLOGIE UMANA, GENETICA SI ECOLOGIE UMANA": {"medie": 8.407380607814758, "reusita": 94.50072358900144, "cnt": 691}, "FIZICA TEO": {"medie": 8.358, "reusita": 96.0, "cnt": 25}, "FILOSOFIE": {"medie": 7.6, "reusita": 90.0, "cnt": 10}, "MATEMATICA TEHN": {"medie": 4.84315866084425, "reusita": 32.096069868995635, "cnt": 1374}, "FIZICA TEH": {"medie": 3.6476190476190475, "reusita": 19.047619047619047, "cnt": 21}, "INFORMATICA SN C/C++": {"medie": 10.0, "reusita": 100.0, "cnt": 1}, "ECONOMIE": {"medie": 8.616666666666667, "reusita": 100.0, "cnt": 3}, "LOGICA, ARGUMENTARE SI COMUNICARE": {"medie": 8.377393617021275, "reusita": 91.75531914893617, "cnt": 376}, "CHIMIE ANORGANICA TEH NIVEL I/II": {"medie": 5.0, "reusita": 0.0, "cnt": 1}}, "nume": "COLEGIUL \"ALEXANDRU CEL BUN\" GURA HUMORULUI\tSuceava"}