{"specializari": {"MATEMATICA-INFORMATICA": 315, "STIINTE ALE NATURII": 382, "STIINTE SOCIALE": 255, "FILOLOGIE": 138}, "limba_moderna": {"LIMBA ENGLEZA": 984, "LIMBA GERMANA MODERNA": 85, "LIMBA FRANCEZA": 21}, "limba_materna": {"LIMBA MAGHIARA": 1090}, "promotie_anterioara": {"NU": 1043, "DA": 47}, "materii": {"LIMBA ROMANA": {"medie": 6.665917431192668, "reusita": 70.36697247706421, "cnt": 1090}, "MATEMATICA MATE-INFO": {"medie": 7.804920634920633, "reusita": 84.76190476190476, "cnt": 315}, "GENERAL": {"medie": 7.712603211009177, "reusita": 86.97247706422019, "cnt": 1090}, "CHIMIE ORGANICA TEO NIVEL I/II": {"medie": 8.10483870967742, "reusita": 96.7741935483871, "cnt": 62}, "INFORMATICA MI C/C++": {"medie": 9.399999999999999, "reusita": 100.0, "cnt": 2}, "CHIMIE ANORGANICA TEO NIVEL I/II": {"medie": 8.7, "reusita": 100.0, "cnt": 1}, "ISTORIE": {"medie": 7.898091603053431, "reusita": 88.80407124681933, "cnt": 393}, "GEOGRAFIE": {"medie": 8.257981927710846, "reusita": 97.28915662650603, "cnt": 332}, "MATEMATICA ST-NAT": {"medie": 7.420418848167538, "reusita": 79.31937172774869, "cnt": 382}, "ANATOMIE SI FIZIOLOGIE UMANA, GENETICA SI ECOLOGIE UMANA": {"medie": 8.34232876712329, "reusita": 93.69863013698631, "cnt": 365}, "FIZICA TEO": {"medie": 8.123999999999999, "reusita": 80.0, "cnt": 25}, "FILOSOFIE": {"medie": 8.326041666666667, "reusita": 97.91666666666666, "cnt": 48}, "ECONOMIE": {"medie": 8.083333333333334, "reusita": 100.0, "cnt": 6}, "LOGICA, ARGUMENTARE SI COMUNICARE": {"medie": 8.614285714285716, "reusita": 100.0, "cnt": 7}, "INFORMATICA MI PASCAL": {"medie": 8.582467532467533, "reusita": 96.53679653679653, "cnt": 231}, "LIMBA MAGHIARA (REAL)": {"medie": 8.390889526542331, "reusita": 97.13055954088952, "cnt": 697}, "LIMBA MAGHIARA (UMAN)": {"medie": 7.683460559796439, "reusita": 92.1119592875318, "cnt": 393}, "INFORMATICA SN PASCAL": {"medie": 7.75, "reusita": 72.72727272727273, "cnt": 11}}, "nume": "COLEGIUL NATIONAL \"KOLCSEY FERENC\" SATU MARE\tSatu-Mare"}