{"specializari": {"MATEMATICA-INFORMATICA": 575, "STIINTE SOCIALE": 227, "FILOLOGIE": 436, "STIINTE ALE NATURII": 320}, "limba_moderna": {"LIMBA ENGLEZA": 1502, "LIMBA FRANCEZA": 56}, "limba_materna": {"LIMBA ROMANA": 1558}, "promotie_anterioara": {"NU": 1540, "DA": 18}, "materii": {"LIMBA ROMANA": {"medie": 8.480551989730417, "reusita": 95.18613607188703, "cnt": 1558}, "MATEMATICA MATE-INFO": {"medie": 8.89339130434783, "reusita": 93.73913043478261, "cnt": 575}, "BIOLOGIE VEGETALA SI ANIMALA": {"medie": 8.483333333333333, "reusita": 92.85714285714286, "cnt": 42}, "GENERAL": {"medie": 8.68310868635002, "reusita": 96.98331193838254, "cnt": 1558}, "CHIMIE ORGANICA TEO NIVEL I/II": {"medie": 8.790954773869352, "reusita": 96.4824120603015, "cnt": 199}, "INFORMATICA MI C/C++": {"medie": 8.237264150943396, "reusita": 92.45283018867924, "cnt": 106}, "CHIMIE ANORGANICA TEO NIVEL I/II": {"medie": 8.766666666666667, "reusita": 100.0, "cnt": 3}, "ISTORIE": {"medie": 8.654223227752635, "reusita": 95.62594268476622, "cnt": 663}, "GEOGRAFIE": {"medie": 8.987811900191938, "reusita": 98.65642994241843, "cnt": 521}, "PSIHOLOGIE": {"medie": 9.067021276595742, "reusita": 100.0, "cnt": 47}, "MATEMATICA ST-NAT": {"medie": 8.591874999999998, "reusita": 95.3125, "cnt": 320}, "ANATOMIE SI FIZIOLOGIE UMANA, GENETICA SI ECOLOGIE UMANA": {"medie": 8.790239043824702, "reusita": 96.81274900398407, "cnt": 251}, "FIZICA TEO": {"medie": 8.968600682593856, "reusita": 96.58703071672356, "cnt": 293}, "FILOSOFIE": {"medie": 7.175, "reusita": 50.0, "cnt": 6}, "INFORMATICA SN C/C++": {"medie": 8.8, "reusita": 100.0, "cnt": 1}, "ECONOMIE": {"medie": 8.670129870129868, "reusita": 96.1038961038961, "cnt": 77}, "LOGICA, ARGUMENTARE SI COMUNICARE": {"medie": 8.962500000000002, "reusita": 100.0, "cnt": 4}, "SOCIOLOGIE": {"medie": 8.487499999999999, "reusita": 100.0, "cnt": 8}}, "nume": "COLEGIUL NATIONAL \"IENACHITA VACARESCU\" TARGOVISTE\tD\u00e2mbovi\u021ba"}