{"specializari": {"MATEMATICA-INFORMATICA": 202, "FILOLOGIE": 201, "STIINTE SOCIALE": 432}, "limba_moderna": {"LIMBA ENGLEZA": 831, "LIMBA FRANCEZA": 4}, "limba_materna": {"LIMBA ROMANA": 835}, "promotie_anterioara": {"NU": 835}, "materii": {"LIMBA ROMANA": {"medie": 8.6765868263473, "reusita": 97.8443113772455, "cnt": 835}, "MATEMATICA MATE-INFO": {"medie": 8.787871287128711, "reusita": 98.51485148514851, "cnt": 202}, "BIOLOGIE VEGETALA SI ANIMALA": {"medie": 9.158823529411766, "reusita": 100.0, "cnt": 34}, "GENERAL": {"medie": 9.013992015968062, "reusita": 99.88023952095809, "cnt": 835}, "CHIMIE ORGANICA TEO NIVEL I/II": {"medie": 9.107142857142856, "reusita": 100.0, "cnt": 14}, "INFORMATICA MI C/C++": {"medie": 8.72378048780488, "reusita": 100.0, "cnt": 82}, "CHIMIE ANORGANICA TEO NIVEL I/II": {"medie": 9.035714285714286, "reusita": 100.0, "cnt": 7}, "ISTORIE": {"medie": 9.20450236966825, "reusita": 99.52606635071089, "cnt": 633}, "GEOGRAFIE": {"medie": 8.936538461538461, "reusita": 100.0, "cnt": 104}, "PSIHOLOGIE": {"medie": 9.44807692307692, "reusita": 100.0, "cnt": 26}, "ANATOMIE SI FIZIOLOGIE UMANA, GENETICA SI ECOLOGIE UMANA": {"medie": 9.376724137931033, "reusita": 100.0, "cnt": 58}, "FIZICA TEO": {"medie": 8.457142857142856, "reusita": 100.0, "cnt": 7}, "FILOSOFIE": {"medie": 9.494999999999997, "reusita": 100.0, "cnt": 40}, "ECONOMIE": {"medie": 8.689473684210526, "reusita": 100.0, "cnt": 19}, "LOGICA, ARGUMENTARE SI COMUNICARE": {"medie": 9.472439024390258, "reusita": 100.0, "cnt": 410}, "SOCIOLOGIE": {"medie": 9.09705882352941, "reusita": 100.0, "cnt": 34}}, "nume": "COLEGIUL NATIONAL \"GHEORGHE SINCAI\" CLUJ-NAPOCA\tCluj"}