{"specializari": {"STIINTE ALE NATURII": 228, "STIINTE SOCIALE": 269, "MATEMATICA-INFORMATICA": 588, "FILOLOGIE": 265}, "limba_moderna": {"LIMBA FRANCEZA": 164, "LIMBA ENGLEZA": 1186}, "limba_materna": {"LIMBA ROMANA": 1350}, "promotie_anterioara": {"NU": 1301, "DA": 49}, "materii": {"LIMBA ROMANA": {"medie": 7.830481481481492, "reusita": 87.48148148148148, "cnt": 1350}, "MATEMATICA MATE-INFO": {"medie": 7.745578231292511, "reusita": 80.4421768707483, "cnt": 588}, "BIOLOGIE VEGETALA SI ANIMALA": {"medie": 7.9188790560472, "reusita": 89.97050147492625, "cnt": 339}, "GENERAL": {"medie": 8.023429629629625, "reusita": 91.7037037037037, "cnt": 1350}, "CHIMIE ORGANICA TEO NIVEL I/II": {"medie": 8.798984771573606, "reusita": 97.96954314720813, "cnt": 197}, "INFORMATICA MI C/C++": {"medie": 9.11, "reusita": 100.0, "cnt": 5}, "ISTORIE": {"medie": 7.3853932584269755, "reusita": 79.02621722846442, "cnt": 534}, "GEOGRAFIE": {"medie": 8.848249452954049, "reusita": 97.59299781181619, "cnt": 457}, "PSIHOLOGIE": {"medie": 8.15, "reusita": 100.0, "cnt": 4}, "MATEMATICA ST-NAT": {"medie": 8.326096491228071, "reusita": 92.10526315789474, "cnt": 228}, "ANATOMIE SI FIZIOLOGIE UMANA, GENETICA SI ECOLOGIE UMANA": {"medie": 8.455, "reusita": 90.0, "cnt": 20}, "FIZICA TEO": {"medie": 8.648000000000001, "reusita": 94.90196078431372, "cnt": 255}, "FILOSOFIE": {"medie": 8.21153846153846, "reusita": 92.3076923076923, "cnt": 26}, "ECONOMIE": {"medie": 8.527272727272726, "reusita": 100.0, "cnt": 11}, "LOGICA, ARGUMENTARE SI COMUNICARE": {"medie": 8.461428571428574, "reusita": 94.28571428571428, "cnt": 35}, "SOCIOLOGIE": {"medie": 9.7, "reusita": 100.0, "cnt": 1}}, "nume": "COLEGIUL NATIONAL \"GEORGE COSBUC\" MOTRU\tGorj"}