{"specializari": {"MATEMATICA-INFORMATICA": 85, "TEHNICIAN OPERATOR TEHNICA DE CALCUL": 122, "TEHNICIAN DESENATOR PENTRU CONSTRUCTII SI INSTALATII": 59, "TEHNICIAN IN ACTIVITATI ECONOMICE": 244, "TEHNICIAN MECATRONIST": 26, "TEHNICIAN MECANIC PENTRU INTRETINERE SI REPARATII": 4, "TEHNICIAN DE TELECOMUNICATII": 51, "TEHNICIAN ECOLOG SI PROTECTIA CALITATII MEDIULUI": 133, "TEHNICIAN PROIECTANT CAD": 12, "TEHNICIAN IN TURISM": 200, "TEHNICIAN IN INSTALATII ELECTRICE": 1}, "limba_moderna": {"LIMBA ENGLEZA": 819, "LIMBA FRANCEZA": 118}, "limba_materna": {"LIMBA ROMANA": 937}, "promotie_anterioara": {"NU": 681, "DA": 256}, "materii": {"LIMBA ROMANA": {"medie": 5.922251867662756, "reusita": 52.61472785485593, "cnt": 937}, "MATEMATICA MATE-INFO": {"medie": 4.394117647058824, "reusita": 23.52941176470588, "cnt": 85}, "BIOLOGIE VEGETALA SI ANIMALA": {"medie": 4.800396270396268, "reusita": 31.23543123543124, "cnt": 429}, "GENERAL": {"medie": 5.609622909996437, "reusita": 41.6221985058698, "cnt": 937}, "INFORMATICA MI C/C++": {"medie": 5.116666666666667, "reusita": 0.0, "cnt": 3}, "CHIMIE ANORGANICA TEO NIVEL I/II": {"medie": 4.4, "reusita": 0.0, "cnt": 1}, "GEOGRAFIE": {"medie": 7.31927437641723, "reusita": 80.04535147392289, "cnt": 441}, "PSIHOLOGIE": {"medie": 6.516666666666667, "reusita": 66.66666666666666, "cnt": 3}, "ANATOMIE SI FIZIOLOGIE UMANA, GENETICA SI ECOLOGIE UMANA": {"medie": 5.5375, "reusita": 44.44444444444444, "cnt": 36}, "FIZICA TEO": {"medie": 8.8, "reusita": 100.0, "cnt": 1}, "MATEMATICA TEHN": {"medie": 4.970692488262915, "reusita": 37.67605633802817, "cnt": 852}, "FIZICA TEH": {"medie": 3.319565217391304, "reusita": 4.3478260869565215, "cnt": 23}}, "nume": "COLEGIUL TEHNIC \"ION MINCU\" FOCSANI\tVrancea"}