{"specializari": {"STIINTE ALE NATURII": 196, "FILOLOGIE": 140, "TEHNICIAN OPERATOR TEHNICA DE CALCUL": 31, "TEHNICIAN ELECTROMECANIC": 49, "TEHNICIAN IN ACTIVITATI ECONOMICE": 174, "TEHNICIAN IN ACTIVITATI DE COMERT": 80, "TEHNICIAN MECANIC PENTRU INTRETINERE SI REPARATII": 43, "MATEMATICA-INFORMATICA": 115, "TEHNICIAN IN CONSTRUCTII SI LUCRARI PUBLICE": 5, "STIINTE SOCIALE": 94, "TEHNICIAN IN INSTALATII ELECTRICE": 1}, "limba_moderna": {"LIMBA ENGLEZA": 903, "LIMBA ITALIANA": 25}, "limba_materna": {"LIMBA ROMANA": 928}, "promotie_anterioara": {"NU": 704, "DA": 224}, "materii": {"LIMBA ROMANA": {"medie": 6.484590517241381, "reusita": 61.745689655172406, "cnt": 928}, "MATEMATICA MATE-INFO": {"medie": 5.729130434782609, "reusita": 44.34782608695652, "cnt": 115}, "BIOLOGIE VEGETALA SI ANIMALA": {"medie": 3.9583333333333313, "reusita": 16.666666666666664, "cnt": 120}, "GENERAL": {"medie": 6.235847701149419, "reusita": 56.46551724137932, "cnt": 928}, "CHIMIE ORGANICA TEO NIVEL I/II": {"medie": 8.458333333333334, "reusita": 100.0, "cnt": 6}, "INFORMATICA MI C/C++": {"medie": 8.25, "reusita": 100.0, "cnt": 2}, "CHIMIE ANORGANICA TEO NIVEL I/II": {"medie": 6.638709677419353, "reusita": 58.06451612903226, "cnt": 31}, "ISTORIE": {"medie": 6.258547008547008, "reusita": 44.871794871794876, "cnt": 234}, "GEOGRAFIE": {"medie": 6.971489361702124, "reusita": 76.17021276595744, "cnt": 235}, "MATEMATICA ST-NAT": {"medie": 5.595918367346937, "reusita": 48.46938775510204, "cnt": 196}, "ANATOMIE SI FIZIOLOGIE UMANA, GENETICA SI ECOLOGIE UMANA": {"medie": 7.114575645756461, "reusita": 78.96678966789668, "cnt": 271}, "FIZICA TEO": {"medie": 9.35, "reusita": 100.0, "cnt": 1}, "MATEMATICA TEHN": {"medie": 4.941775456919062, "reusita": 36.29242819843342, "cnt": 383}, "FIZICA TEH": {"medie": 3.475, "reusita": 0.0, "cnt": 6}, "LOGICA, ARGUMENTARE SI COMUNICARE": {"medie": 7.400197628458492, "reusita": 86.16600790513834, "cnt": 253}, "CHIMIE ANORGANICA TEH NIVEL I/II": {"medie": 4.3999999999999995, "reusita": 0.0, "cnt": 3}}, "nume": "COLEGIUL TEHNIC \"CONSTANTIN BRANCUSI\" PETRILA\tHunedoara"}