{"specializari": {"MATEMATICA-INFORMATICA": 310, "TEHNICIAN IN ACTIVITATI ECONOMICE": 2, "FILOLOGIE": 226, "TEHNICIAN IN TURISM": 191, "ORGANIZATOR BANQUETING": 113, "TEHNICIAN MECANIC PENTRU INTRETINERE SI REPARATII": 9, "TEHNICIAN IN GASTRONOMIE": 5, "STIINTE ALE NATURII": 1}, "limba_moderna": {"LIMBA ENGLEZA": 707, "LIMBA FRANCEZA": 150}, "limba_materna": {"LIMBA ROMANA": 857}, "promotie_anterioara": {"NU": 758, "DA": 99}, "materii": {"LIMBA ROMANA": {"medie": 6.999299883313884, "reusita": 71.29521586931156, "cnt": 857}, "MATEMATICA MATE-INFO": {"medie": 7.900806451612905, "reusita": 82.9032258064516, "cnt": 310}, "BIOLOGIE VEGETALA SI ANIMALA": {"medie": 7.785858585858587, "reusita": 83.83838383838383, "cnt": 99}, "GENERAL": {"medie": 7.123842862699328, "reusita": 73.3955659276546, "cnt": 857}, "CHIMIE ORGANICA TEO NIVEL I/II": {"medie": 8.45, "reusita": 96.0, "cnt": 50}, "INFORMATICA MI C/C++": {"medie": 7.720833333333332, "reusita": 75.0, "cnt": 24}, "CHIMIE ANORGANICA TEO NIVEL I/II": {"medie": 6.303846153846154, "reusita": 69.23076923076923, "cnt": 13}, "ISTORIE": {"medie": 7.696681415929199, "reusita": 82.30088495575221, "cnt": 226}, "GEOGRAFIE": {"medie": 7.158099352051829, "reusita": 78.83369330453563, "cnt": 463}, "PSIHOLOGIE": {"medie": 7.29, "reusita": 72.0, "cnt": 25}, "MATEMATICA ST-NAT": {"medie": 6.6, "reusita": 100.0, "cnt": 1}, "ANATOMIE SI FIZIOLOGIE UMANA, GENETICA SI ECOLOGIE UMANA": {"medie": 8.677999999999999, "reusita": 92.0, "cnt": 25}, "FIZICA TEO": {"medie": 8.04246575342466, "reusita": 90.41095890410958, "cnt": 73}, "MATEMATICA TEHN": {"medie": 5.365937499999999, "reusita": 40.625, "cnt": 320}, "FIZICA TEH": {"medie": 3.5833333333333335, "reusita": 0.0, "cnt": 3}, "ECONOMIE": {"medie": 7.333333333333334, "reusita": 80.0, "cnt": 15}, "LOGICA, ARGUMENTARE SI COMUNICARE": {"medie": 7.377586206896551, "reusita": 68.96551724137932, "cnt": 29}, "SOCIOLOGIE": {"medie": 7.840000000000001, "reusita": 100.0, "cnt": 5}, "INFORMATICA MI PASCAL": {"medie": 8.17121212121212, "reusita": 87.87878787878788, "cnt": 33}}, "nume": "COLEGIUL \"MIHAIL CANTACUZINO\", ORASUL SINAIA\tPrahova"}