{"specializari": {"TEHNICIAN DE TELECOMUNICATII": 503, "ORGANIZATOR BANQUETING": 204, "TEHNICIAN IN GASTRONOMIE": 37, "TEHNICIAN ELECTRONIST": 97, "TEHNICIAN IN ACTIVITATI DE POSTA": 208, "MATEMATICA-INFORMATICA": 121, "TEHNICIAN OPERATOR TEHNICA DE CALCUL": 1, "LICEU CU PROGRAM SPORTIV": 64, "STIINTE ALE NATURII": 75}, "limba_moderna": {"LIMBA ENGLEZA": 1068, "LIMBA FRANCEZA": 228, "LIMBA GERMANA MODERNA": 14}, "limba_materna": {"LIMBA ROMANA": 1310}, "promotie_anterioara": {"NU": 649, "DA": 661}, "materii": {"LIMBA ROMANA": {"medie": 5.483320610687023, "reusita": 38.2442748091603, "cnt": 1310}, "MATEMATICA MATE-INFO": {"medie": 4.144628099173553, "reusita": 17.355371900826448, "cnt": 121}, "BIOLOGIE VEGETALA SI ANIMALA": {"medie": 4.42451768488746, "reusita": 24.115755627009648, "cnt": 622}, "GENERAL": {"medie": 5.10284987277353, "reusita": 30.38167938931298, "cnt": 1310}, "CHIMIE ORGANICA TEO NIVEL I/II": {"medie": 1.0, "reusita": 0.0, "cnt": 1}, "INFORMATICA MI C/C++": {"medie": 7.25, "reusita": 75.0, "cnt": 12}, "CHIMIE ANORGANICA TEO NIVEL I/II": {"medie": 5.08, "reusita": 40.0, "cnt": 5}, "ISTORIE": {"medie": 5.76171875, "reusita": 39.0625, "cnt": 64}, "GEOGRAFIE": {"medie": 6.300230414746543, "reusita": 62.44239631336406, "cnt": 434}, "PSIHOLOGIE": {"medie": 5.785849056603776, "reusita": 43.39622641509434, "cnt": 53}, "MATEMATICA ST-NAT": {"medie": 4.285333333333334, "reusita": 18.666666666666668, "cnt": 75}, "ANATOMIE SI FIZIOLOGIE UMANA, GENETICA SI ECOLOGIE UMANA": {"medie": 6.935714285714286, "reusita": 71.42857142857143, "cnt": 7}, "FIZICA TEO": {"medie": 3.908333333333333, "reusita": 25.0, "cnt": 12}, "MATEMATICA TEHN": {"medie": 4.7723809523809555, "reusita": 33.714285714285715, "cnt": 1050}, "FIZICA TEH": {"medie": 3.7798969072164956, "reusita": 19.587628865979383, "cnt": 97}, "INFORMATICA SN C/C++": {"medie": 6.95, "reusita": 100.0, "cnt": 1}, "ECONOMIE": {"medie": 5.716666666666666, "reusita": 16.666666666666664, "cnt": 6}, "LOGICA, ARGUMENTARE SI COMUNICARE": {"medie": 5.76, "reusita": 55.00000000000001, "cnt": 20}, "INFORMATICA MI PASCAL": {"medie": 6.55, "reusita": 100.0, "cnt": 1}, "CHIMIE ANORGANICA TEH NIVEL I/II": {"medie": 3.592, "reusita": 4.0, "cnt": 25}, "CHIMIE ORGANICA TEH NIVEL I/II": {"medie": 3.3642857142857143, "reusita": 14.285714285714285, "cnt": 14}}, "nume": "COLEGIUL TEHNIC DE POSTA SI TELECOMUNICATII \"GHEORGHE AIRINEI\"\tBucure\u0219ti"}