{"specializari": {"MATEMATICA-INFORMATICA": 718, "FILOLOGIE": 435, "STIINTE ALE NATURII": 219, "STIINTE SOCIALE": 396}, "limba_moderna": {"LIMBA ENGLEZA": 1443, "LIMBA FRANCEZA": 324, "LIMBA RUSA": 1}, "limba_materna": {"LIMBA ROMANA": 1768}, "promotie_anterioara": {"NU": 1741, "DA": 27}, "materii": {"LIMBA ROMANA": {"medie": 8.154326923076919, "reusita": 93.15610859728507, "cnt": 1768}, "MATEMATICA MATE-INFO": {"medie": 8.21483286908079, "reusita": 89.69359331476323, "cnt": 718}, "BIOLOGIE VEGETALA SI ANIMALA": {"medie": 8.115625000000003, "reusita": 90.625, "cnt": 64}, "GENERAL": {"medie": 8.207145550527907, "reusita": 94.45701357466064, "cnt": 1768}, "CHIMIE ORGANICA TEO NIVEL I/II": {"medie": 8.836842105263159, "reusita": 98.94736842105263, "cnt": 95}, "INFORMATICA MI C/C++": {"medie": 8.59784946236559, "reusita": 95.6989247311828, "cnt": 93}, "CHIMIE ANORGANICA TEO NIVEL I/II": {"medie": 8.001627906976742, "reusita": 89.30232558139535, "cnt": 215}, "ISTORIE": {"medie": 7.803971119133575, "reusita": 87.72563176895306, "cnt": 831}, "GEOGRAFIE": {"medie": 8.517894736842106, "reusita": 97.10526315789474, "cnt": 380}, "PSIHOLOGIE": {"medie": 7.916666666666668, "reusita": 86.66666666666667, "cnt": 30}, "MATEMATICA ST-NAT": {"medie": 7.850684931506848, "reusita": 86.7579908675799, "cnt": 219}, "ANATOMIE SI FIZIOLOGIE UMANA, GENETICA SI ECOLOGIE UMANA": {"medie": 8.70687500000001, "reusita": 95.75, "cnt": 400}, "FIZICA TEO": {"medie": 8.289999999999997, "reusita": 90.0, "cnt": 70}, "FILOSOFIE": {"medie": 7.55, "reusita": 81.81818181818183, "cnt": 11}, "ECONOMIE": {"medie": 8.1625, "reusita": 75.0, "cnt": 4}, "LOGICA, ARGUMENTARE SI COMUNICARE": {"medie": 8.592467532467532, "reusita": 94.8051948051948, "cnt": 385}, "SOCIOLOGIE": {"medie": 8.152380952380954, "reusita": 85.71428571428571, "cnt": 21}}, "nume": "COLEGIUL NATIONAL \"NICU GANE\" FALTICENI\tSuceava"}