{"specializari": {"MATEMATICA-INFORMATICA": 148, "STIINTE ALE NATURII": 212, "FILOLOGIE": 374, "STIINTE SOCIALE": 280}, "limba_moderna": {"LIMBA FRANCEZA": 411, "LIMBA ENGLEZA": 603}, "limba_materna": {"LIMBA ROMANA": 1014}, "promotie_anterioara": {"NU": 894, "DA": 120}, "materii": {"LIMBA ROMANA": {"medie": 6.964398422090727, "reusita": 71.30177514792899, "cnt": 1014}, "MATEMATICA MATE-INFO": {"medie": 7.508783783783778, "reusita": 81.08108108108108, "cnt": 148}, "BIOLOGIE VEGETALA SI ANIMALA": {"medie": 9.8, "reusita": 100.0, "cnt": 1}, "GENERAL": {"medie": 7.166683103221563, "reusita": 79.28994082840237, "cnt": 1014}, "CHIMIE ORGANICA TEO NIVEL I/II": {"medie": 6.941666666666666, "reusita": 66.66666666666666, "cnt": 6}, "INFORMATICA MI C/C++": {"medie": 8.06, "reusita": 85.0, "cnt": 20}, "CHIMIE ANORGANICA TEO NIVEL I/II": {"medie": 6.444444444444445, "reusita": 66.66666666666666, "cnt": 9}, "ISTORIE": {"medie": 6.5188837920489275, "reusita": 59.021406727828754, "cnt": 654}, "GEOGRAFIE": {"medie": 7.9959234608985055, "reusita": 91.34775374376039, "cnt": 601}, "PSIHOLOGIE": {"medie": 8.391666666666667, "reusita": 100.0, "cnt": 6}, "MATEMATICA ST-NAT": {"medie": 6.367452830188678, "reusita": 58.490566037735846, "cnt": 212}, "ANATOMIE SI FIZIOLOGIE UMANA, GENETICA SI ECOLOGIE UMANA": {"medie": 8.180219780219783, "reusita": 93.04029304029304, "cnt": 273}, "FIZICA TEO": {"medie": 7.269000000000001, "reusita": 78.0, "cnt": 50}, "INFORMATICA SN C/C++": {"medie": 5.9, "reusita": 0.0, "cnt": 1}, "LOGICA, ARGUMENTARE SI COMUNICARE": {"medie": 4.995, "reusita": 20.0, "cnt": 10}, "SOCIOLOGIE": {"medie": 6.366216216216217, "reusita": 67.56756756756756, "cnt": 37}}, "nume": "COLEGIUL NATIONAL \"COSTACHE NEGRI\" TARGU OCNA\tBac\u0103u"}