{"specializari": {"INVATATOR - EDUCATOARE": 369, "STIINTE SOCIALE": 283, "FILOLOGIE": 268, "STIINTE ALE NATURII": 215, "INSTRUCTOR PENTRU ACTIVITATI EXTRASCOLARE": 4, "PEDAGOG SCOLAR": 1}, "limba_moderna": {"LIMBA ENGLEZA": 1059, "LIMBA FRANCEZA": 81}, "limba_materna": {"LIMBA ROMANA": 1140}, "promotie_anterioara": {"NU": 1088, "DA": 52}, "materii": {"LIMBA ROMANA": {"medie": 7.602061403508778, "reusita": 85.17543859649123, "cnt": 1140}, "GENERAL": {"medie": 7.900921052631565, "reusita": 90.96491228070175, "cnt": 1140}, "CHIMIE ORGANICA TEO NIVEL I/II": {"medie": 8.965789473684211, "reusita": 100.0, "cnt": 19}, "CHIMIE ANORGANICA TEO NIVEL I/II": {"medie": 5.1, "reusita": 0.0, "cnt": 1}, "ISTORIE": {"medie": 7.765107913669059, "reusita": 82.91366906474819, "cnt": 556}, "GEOGRAFIE": {"medie": 8.248931623931625, "reusita": 91.88034188034187, "cnt": 234}, "PSIHOLOGIE": {"medie": 8.749999999999998, "reusita": 100.0, "cnt": 30}, "MATEMATICA ST-NAT": {"medie": 7.3253488372093045, "reusita": 77.67441860465117, "cnt": 215}, "ANATOMIE SI FIZIOLOGIE UMANA, GENETICA SI ECOLOGIE UMANA": {"medie": 8.891052631578942, "reusita": 97.89473684210527, "cnt": 190}, "FIZICA TEO": {"medie": 7.859999999999999, "reusita": 80.0, "cnt": 5}, "FILOSOFIE": {"medie": 8.258333333333333, "reusita": 83.33333333333334, "cnt": 6}, "LOGICA, ARGUMENTARE SI COMUNICARE": {"medie": 8.521473851030118, "reusita": 94.77020602218701, "cnt": 631}, "MATEMATICA PED": {"medie": 7.613956639566399, "reusita": 83.73983739837398, "cnt": 369}, "SOCIOLOGIE": {"medie": 5.395833333333333, "reusita": 54.166666666666664, "cnt": 24}}, "nume": "COLEGIUL NATIONAL \"GHEORGHE ASACHI\", MUNICIPIUL PIATRA-NEAMT\tNeam\u021b"}