{"specializari": {"MATEMATICA-INFORMATICA": 745}, "limba_moderna": {"LIMBA ENGLEZA": 719, "LIMBA FRANCEZA": 26}, "limba_materna": {"LIMBA ROMANA": 745}, "promotie_anterioara": {"NU": 744, "DA": 1}, "materii": {"LIMBA ROMANA": {"medie": 8.40959731543624, "reusita": 97.71812080536913, "cnt": 745}, "MATEMATICA MATE-INFO": {"medie": 9.028993288590616, "reusita": 99.06040268456375, "cnt": 745}, "BIOLOGIE VEGETALA SI ANIMALA": {"medie": 8.215638766519819, "reusita": 96.47577092511013, "cnt": 227}, "GENERAL": {"medie": 8.659753914988825, "reusita": 99.19463087248323, "cnt": 745}, "CHIMIE ORGANICA TEO NIVEL I/II": {"medie": 9.126923076923077, "reusita": 100.0, "cnt": 26}, "INFORMATICA MI C/C++": {"medie": 7.913095238095237, "reusita": 90.47619047619048, "cnt": 42}, "CHIMIE ANORGANICA TEO NIVEL I/II": {"medie": 8.786792452830188, "reusita": 100.0, "cnt": 53}, "FIZICA TEO": {"medie": 8.721662468513848, "reusita": 97.22921914357683, "cnt": 397}}, "nume": "COLEGIUL NATIONAL MILITAR \"STEFAN CEL MARE\" CAMPULUNG MOLDOVENESC\tSuceava"}