{"specializari": {"MATEMATICA-INFORMATICA": 1047, "FILOLOGIE": 321, "STIINTE ALE NATURII": 85, "STIINTE SOCIALE": 31}, "limba_moderna": {"LIMBA ENGLEZA": 1419, "LIMBA FRANCEZA": 50, "LIMBA GERMANA MODERNA": 15}, "limba_materna": {"LIMBA ROMANA": 1484}, "promotie_anterioara": {"NU": 1481, "DA": 3}, "materii": {"LIMBA ROMANA": {"medie": 9.00293126684635, "reusita": 99.25876010781671, "cnt": 1484}, "MATEMATICA MATE-INFO": {"medie": 8.989159503342892, "reusita": 97.23018147086916, "cnt": 1047}, "BIOLOGIE VEGETALA SI ANIMALA": {"medie": 9.261904761904763, "reusita": 95.23809523809523, "cnt": 21}, "GENERAL": {"medie": 9.038623090745741, "reusita": 99.25876010781671, "cnt": 1484}, "CHIMIE ORGANICA TEO NIVEL I/II": {"medie": 9.310109289617484, "reusita": 98.90710382513662, "cnt": 183}, "INFORMATICA MI C/C++": {"medie": 9.036195286195285, "reusita": 97.64309764309765, "cnt": 297}, "CHIMIE ANORGANICA TEO NIVEL I/II": {"medie": 8.716666666666667, "reusita": 91.66666666666666, "cnt": 12}, "ISTORIE": {"medie": 8.813778409090915, "reusita": 98.01136363636364, "cnt": 352}, "GEOGRAFIE": {"medie": 9.221538461538461, "reusita": 100.0, "cnt": 65}, "PSIHOLOGIE": {"medie": 9.58, "reusita": 100.0, "cnt": 15}, "MATEMATICA ST-NAT": {"medie": 9.013529411764708, "reusita": 100.0, "cnt": 85}, "ANATOMIE SI FIZIOLOGIE UMANA, GENETICA SI ECOLOGIE UMANA": {"medie": 9.285490196078428, "reusita": 99.6078431372549, "cnt": 255}, "FIZICA TEO": {"medie": 8.971349862258952, "reusita": 98.62258953168043, "cnt": 363}, "FILOSOFIE": {"medie": 9.3, "reusita": 100.0, "cnt": 2}, "INFORMATICA SN C/C++": {"medie": 8.3, "reusita": 100.0, "cnt": 1}, "ECONOMIE": {"medie": 8.680645161290323, "reusita": 96.7741935483871, "cnt": 31}, "LOGICA, ARGUMENTARE SI COMUNICARE": {"medie": 9.407692307692304, "reusita": 100.0, "cnt": 234}, "SOCIOLOGIE": {"medie": 9.569999999999999, "reusita": 100.0, "cnt": 5}}, "nume": "COLEGIUL NATIONAL \"GHEORGHE VRANCEANU\" BACAU\tBac\u0103u"}