{"specializari": {"INVATATOR - EDUCATOARE": 285, "FILOLOGIE": 284, "STIINTE SOCIALE": 228, "STIINTE ALE NATURII": 131, "MATEMATICA-INFORMATICA": 7, "TEHNICIAN IN ACTIVITATI DE COMERT": 1}, "limba_moderna": {"LIMBA ENGLEZA": 683, "LIMBA FRANCEZA": 240, "LIMBA GERMANA MODERNA": 13}, "limba_materna": {"LIMBA ROMANA": 936}, "promotie_anterioara": {"NU": 872, "DA": 64}, "materii": {"LIMBA ROMANA": {"medie": 7.2485042735042855, "reusita": 77.24358974358975, "cnt": 936}, "MATEMATICA MATE-INFO": {"medie": 3.4071428571428575, "reusita": 14.285714285714285, "cnt": 7}, "BIOLOGIE VEGETALA SI ANIMALA": {"medie": 6.762500000000003, "reusita": 70.0, "cnt": 80}, "GENERAL": {"medie": 7.710648148148144, "reusita": 86.53846153846155, "cnt": 936}, "CHIMIE ORGANICA TEO NIVEL I/II": {"medie": 6.933333333333334, "reusita": 66.66666666666666, "cnt": 3}, "INFORMATICA MI C/C++": {"medie": 5.4, "reusita": 0.0, "cnt": 1}, "CHIMIE ANORGANICA TEO NIVEL I/II": {"medie": 5.775, "reusita": 50.0, "cnt": 2}, "ISTORIE": {"medie": 7.600097656250005, "reusita": 78.125, "cnt": 512}, "GEOGRAFIE": {"medie": 8.630434782608694, "reusita": 100.0, "cnt": 23}, "PSIHOLOGIE": {"medie": 8.8, "reusita": 100.0, "cnt": 1}, "MATEMATICA ST-NAT": {"medie": 5.558396946564887, "reusita": 40.458015267175576, "cnt": 131}, "ANATOMIE SI FIZIOLOGIE UMANA, GENETICA SI ECOLOGIE UMANA": {"medie": 6.361999999999998, "reusita": 56.00000000000001, "cnt": 25}, "FIZICA TEO": {"medie": 5.495, "reusita": 50.0, "cnt": 10}, "MATEMATICA TEHN": {"medie": 5.0, "reusita": 0.0, "cnt": 1}, "INFORMATICA SN C/C++": {"medie": 7.655882352941177, "reusita": 88.23529411764706, "cnt": 17}, "LOGICA, ARGUMENTARE SI COMUNICARE": {"medie": 8.852461139896365, "reusita": 97.02072538860104, "cnt": 772}, "MATEMATICA PED": {"medie": 7.876140350877186, "reusita": 85.26315789473684, "cnt": 285}, "SOCIOLOGIE": {"medie": 4.825, "reusita": 50.0, "cnt": 2}}, "nume": "COLEGIUL NATIONAL PEDAGOGIC \"CAROL I\" CAMPULUNG\tArge\u0219"}