{"specializari": {"MATEMATICA-INFORMATICA": 441, "STIINTE ALE NATURII": 380, "FILOLOGIE": 406, "STIINTE SOCIALE": 205}, "limba_moderna": {"LIMBA ENGLEZA": 1341, "LIMBA GERMANA MODERNA": 80, "LIMBA FRANCEZA": 11}, "limba_materna": {"LIMBA ROMANA": 1432}, "promotie_anterioara": {"NU": 1411, "DA": 21}, "materii": {"LIMBA ROMANA": {"medie": 7.940817039106153, "reusita": 87.56983240223464, "cnt": 1432}, "MATEMATICA MATE-INFO": {"medie": 8.668730158730156, "reusita": 92.7437641723356, "cnt": 441}, "BIOLOGIE VEGETALA SI ANIMALA": {"medie": 8.686220472440944, "reusita": 96.06299212598425, "cnt": 508}, "GENERAL": {"medie": 8.314434357541895, "reusita": 95.11173184357543, "cnt": 1432}, "CHIMIE ORGANICA TEO NIVEL I/II": {"medie": 8.250000000000002, "reusita": 83.33333333333334, "cnt": 12}, "INFORMATICA MI C/C++": {"medie": 8.339788732394371, "reusita": 91.54929577464789, "cnt": 142}, "CHIMIE ANORGANICA TEO NIVEL I/II": {"medie": 8.617857142857144, "reusita": 92.85714285714286, "cnt": 14}, "ISTORIE": {"medie": 7.7895253682487775, "reusita": 86.08837970540098, "cnt": 611}, "GEOGRAFIE": {"medie": 8.896246973365619, "reusita": 99.0314769975787, "cnt": 413}, "MATEMATICA ST-NAT": {"medie": 8.415789473684207, "reusita": 93.15789473684211, "cnt": 380}, "ANATOMIE SI FIZIOLOGIE UMANA, GENETICA SI ECOLOGIE UMANA": {"medie": 9.322131147540986, "reusita": 100.0, "cnt": 122}, "FIZICA TEO": {"medie": 8.683333333333334, "reusita": 93.33333333333333, "cnt": 15}, "FILOSOFIE": {"medie": 8.475, "reusita": 100.0, "cnt": 2}, "INFORMATICA SN C/C++": {"medie": 7.82, "reusita": 80.0, "cnt": 5}, "LOGICA, ARGUMENTARE SI COMUNICARE": {"medie": 8.86615384615385, "reusita": 96.92307692307692, "cnt": 195}, "SOCIOLOGIE": {"medie": 1.0, "reusita": 0.0, "cnt": 1}, "INFORMATICA MI PASCAL": {"medie": 6.55, "reusita": 100.0, "cnt": 2}, "INFORMATICA SN PASCAL": {"medie": 10.0, "reusita": 100.0, "cnt": 1}}, "nume": "COLEGIUL NATIONAL \"LUCIAN BLAGA\" SEBES\tAlba"}