{"specializari": {"MATEMATICA-INFORMATICA": 223, "TEHNICIAN MECATRONIST": 103, "TEHNICIAN TRANSPORTURI": 97, "TEHNICIAN IN AUTOMATIZARI": 91, "TEHNICIAN MECANIC PENTRU INTRETINERE SI REPARATII": 67, "TEHNICIAN PROIECTANT CAD": 74, "STIINTE ALE NATURII": 78, "TEHNICIAN ELECTROTEHNIST": 9, "TEHNICIAN OPERATOR TEHNICA DE CALCUL": 1, "TEHNICIAN ELECTRONIST": 1, "TEHNICIAN PRELUCRARI MECANICE": 1, "FILOLOGIE": 1}, "limba_moderna": {"LIMBA ENGLEZA": 730, "LIMBA FRANCEZA": 14, "LIMBA GERMANA MODERNA": 1, "LIMBA SPANIOLA": 1}, "limba_materna": {"LIMBA ROMANA": 746}, "promotie_anterioara": {"DA": 401, "NU": 345}, "materii": {"LIMBA ROMANA": {"medie": 5.2022117962466545, "reusita": 32.84182305630027, "cnt": 746}, "MATEMATICA MATE-INFO": {"medie": 3.678026905829596, "reusita": 11.659192825112108, "cnt": 223}, "BIOLOGIE VEGETALA SI ANIMALA": {"medie": 3.9654897494305232, "reusita": 17.76765375854214, "cnt": 439}, "GENERAL": {"medie": 4.410857908847188, "reusita": 16.353887399463808, "cnt": 746}, "CHIMIE ORGANICA TEO NIVEL I/II": {"medie": 8.35, "reusita": 100.0, "cnt": 1}, "INFORMATICA MI C/C++": {"medie": 4.573076923076923, "reusita": 15.384615384615385, "cnt": 13}, "ISTORIE": {"medie": 9.45, "reusita": 100.0, "cnt": 1}, "GEOGRAFIE": {"medie": 9.2, "reusita": 100.0, "cnt": 1}, "MATEMATICA ST-NAT": {"medie": 3.497435897435897, "reusita": 14.102564102564102, "cnt": 78}, "ANATOMIE SI FIZIOLOGIE UMANA, GENETICA SI ECOLOGIE UMANA": {"medie": 5.176485148514851, "reusita": 34.65346534653465, "cnt": 202}, "FIZICA TEO": {"medie": 3.6230769230769235, "reusita": 7.6923076923076925, "cnt": 13}, "MATEMATICA TEHN": {"medie": 3.8914414414414407, "reusita": 21.396396396396398, "cnt": 444}, "FIZICA TEH": {"medie": 3.348837209302325, "reusita": 16.27906976744186, "cnt": 43}, "CHIMIE ANORGANICA TEH NIVEL I/II": {"medie": 3.1625000000000005, "reusita": 6.25, "cnt": 32}, "CHIMIE ORGANICA TEH NIVEL I/II": {"medie": 2.3, "reusita": 0.0, "cnt": 2}}, "nume": "COLEGIUL TEHNIC \"DIMITRIE LEONIDA\"\tBucure\u0219ti"}