{"specializari": {"MUZICA": 415}, "limba_moderna": {"LIMBA ENGLEZA": 413, "LIMBA FRANCEZA": 2}, "limba_materna": {"LIMBA ROMANA": 415}, "promotie_anterioara": {"NU": 368, "DA": 47}, "materii": {"LIMBA ROMANA": {"medie": 6.50409638554217, "reusita": 61.9277108433735, "cnt": 415}, "GENERAL": {"medie": 7.037188755020085, "reusita": 77.59036144578313, "cnt": 415}, "ISTORIE": {"medie": 6.8827710843373575, "reusita": 68.43373493975903, "cnt": 415}, "GEOGRAFIE": {"medie": 7.852245508982033, "reusita": 88.02395209580838, "cnt": 334}, "PSIHOLOGIE": {"medie": 6.826666666666665, "reusita": 73.33333333333333, "cnt": 15}, "FILOSOFIE": {"medie": 10.0, "reusita": 100.0, "cnt": 1}, "ECONOMIE": {"medie": 7.85, "reusita": 100.0, "cnt": 1}, "LOGICA, ARGUMENTARE SI COMUNICARE": {"medie": 7.232031250000002, "reusita": 73.4375, "cnt": 64}}, "nume": "COLEGIUL NATIONAL DE MUZICA \"GEORGE ENESCU\"\tBucure\u0219ti"}