{"specializari": {"MATEMATICA-INFORMATICA": 326, "STIINTE ALE NATURII": 409, "FILOLOGIE": 289, "LICEU CU PROGRAM SPORTIV": 222, "STIINTE SOCIALE": 250}, "limba_moderna": {"LIMBA ENGLEZA": 1209, "LIMBA FRANCEZA": 287}, "limba_materna": {"LIMBA ROMANA": 1496}, "promotie_anterioara": {"NU": 1426, "DA": 70}, "materii": {"LIMBA ROMANA": {"medie": 7.46841577540107, "reusita": 84.89304812834224, "cnt": 1496}, "MATEMATICA MATE-INFO": {"medie": 7.1651840490797545, "reusita": 72.39263803680981, "cnt": 326}, "BIOLOGIE VEGETALA SI ANIMALA": {"medie": 7.425, "reusita": 66.66666666666666, "cnt": 6}, "GENERAL": {"medie": 7.5201426024955484, "reusita": 87.83422459893048, "cnt": 1496}, "CHIMIE ORGANICA TEO NIVEL I/II": {"medie": 6.246428571428571, "reusita": 57.14285714285714, "cnt": 14}, "INFORMATICA MI C/C++": {"medie": 7.712903225806453, "reusita": 88.17204301075269, "cnt": 93}, "CHIMIE ANORGANICA TEO NIVEL I/II": {"medie": 5.175000000000001, "reusita": 50.0, "cnt": 2}, "ISTORIE": {"medie": 7.264388961892238, "reusita": 75.68988173455979, "cnt": 761}, "GEOGRAFIE": {"medie": 7.846723646723645, "reusita": 91.45299145299145, "cnt": 351}, "PSIHOLOGIE": {"medie": 8.303333333333335, "reusita": 86.66666666666667, "cnt": 15}, "MATEMATICA ST-NAT": {"medie": 7.168337408312953, "reusita": 80.440097799511, "cnt": 409}, "ANATOMIE SI FIZIOLOGIE UMANA, GENETICA SI ECOLOGIE UMANA": {"medie": 7.706384892086329, "reusita": 86.15107913669064, "cnt": 556}, "FIZICA TEO": {"medie": 6.9450980392156865, "reusita": 70.58823529411765, "cnt": 51}, "FILOSOFIE": {"medie": 8.0, "reusita": 100.0, "cnt": 1}, "INFORMATICA SN C/C++": {"medie": 7.8549999999999995, "reusita": 100.0, "cnt": 10}, "ECONOMIE": {"medie": 5.6, "reusita": 0.0, "cnt": 1}, "LOGICA, ARGUMENTARE SI COMUNICARE": {"medie": 8.372427440633247, "reusita": 92.61213720316623, "cnt": 379}, "SOCIOLOGIE": {"medie": 8.060714285714287, "reusita": 100.0, "cnt": 14}, "INFORMATICA MI PASCAL": {"medie": 8.75, "reusita": 100.0, "cnt": 3}}, "nume": "COLEGIUL NATIONAL \"NICOLAE TITULESCU\" CRAIOVA\tDolj"}