{"specializari": {"MATEMATICA-INFORMATICA": 809, "STIINTE ALE NATURII": 551, "STIINTE SOCIALE": 466, "FILOLOGIE": 213}, "limba_moderna": {"LIMBA ENGLEZA": 1905, "LIMBA FRANCEZA": 122, "LIMBA GERMANA MODERNA": 12}, "limba_materna": {"LIMBA ROMANA": 2039}, "promotie_anterioara": {"NU": 2034, "DA": 5}, "materii": {"LIMBA ROMANA": {"medie": 8.971922511034814, "reusita": 99.2643452672879, "cnt": 2039}, "MATEMATICA MATE-INFO": {"medie": 9.355377008652654, "reusita": 99.01112484548825, "cnt": 809}, "BIOLOGIE VEGETALA SI ANIMALA": {"medie": 9.026623376623379, "reusita": 97.40259740259741, "cnt": 77}, "GENERAL": {"medie": 9.176107569069819, "reusita": 99.46051986267778, "cnt": 2039}, "CHIMIE ORGANICA TEO NIVEL I/II": {"medie": 9.392177589852011, "reusita": 99.36575052854123, "cnt": 473}, "INFORMATICA MI C/C++": {"medie": 9.173198198198197, "reusita": 99.54954954954955, "cnt": 222}, "CHIMIE ANORGANICA TEO NIVEL I/II": {"medie": 9.07105263157895, "reusita": 100.0, "cnt": 19}, "ISTORIE": {"medie": 9.119513991163469, "reusita": 98.52724594992637, "cnt": 679}, "GEOGRAFIE": {"medie": 9.549019607843135, "reusita": 100.0, "cnt": 102}, "PSIHOLOGIE": {"medie": 9.35, "reusita": 100.0, "cnt": 56}, "MATEMATICA ST-NAT": {"medie": 9.306442831215964, "reusita": 99.45553539019963, "cnt": 551}, "ANATOMIE SI FIZIOLOGIE UMANA, GENETICA SI ECOLOGIE UMANA": {"medie": 9.383437499999996, "reusita": 99.375, "cnt": 160}, "FIZICA TEO": {"medie": 9.211007957559676, "reusita": 98.6737400530504, "cnt": 377}, "FILOSOFIE": {"medie": 9.53, "reusita": 100.0, "cnt": 5}, "INFORMATICA SN C/C++": {"medie": 8.873529411764705, "reusita": 94.11764705882352, "cnt": 17}, "ECONOMIE": {"medie": 9.162790697674424, "reusita": 98.83720930232558, "cnt": 172}, "LOGICA, ARGUMENTARE SI COMUNICARE": {"medie": 9.501584507042251, "reusita": 100.0, "cnt": 284}, "SOCIOLOGIE": {"medie": 8.7425, "reusita": 93.33333333333333, "cnt": 60}, "INFORMATICA MI PASCAL": {"medie": 8.889285714285714, "reusita": 100.0, "cnt": 14}, "INFORMATICA SN PASCAL": {"medie": 8.2, "reusita": 100.0, "cnt": 1}}, "nume": "COLEGIUL NATIONAL \"GHEORGHE LAZAR\"\tBucure\u0219ti"}