{"specializari": {"MATEMATICA-INFORMATICA": 913, "STIINTE ALE NATURII": 394, "FILOLOGIE": 427, "STIINTE SOCIALE": 452}, "limba_moderna": {"LIMBA ENGLEZA": 2021, "LIMBA FRANCEZA": 155, "LIMBA GERMANA MODERNA": 10}, "limba_materna": {"LIMBA ROMANA": 2186}, "promotie_anterioara": {"NU": 2185, "DA": 1}, "materii": {"LIMBA ROMANA": {"medie": 8.667451967063114, "reusita": 98.49039341262579, "cnt": 2186}, "MATEMATICA MATE-INFO": {"medie": 9.290032858707544, "reusita": 99.23329682365826, "cnt": 913}, "BIOLOGIE VEGETALA SI ANIMALA": {"medie": 8.891747572815534, "reusita": 100.0, "cnt": 103}, "GENERAL": {"medie": 9.02285452881975, "reusita": 99.67978042086003, "cnt": 2186}, "CHIMIE ORGANICA TEO NIVEL I/II": {"medie": 9.147400000000003, "reusita": 99.6, "cnt": 500}, "INFORMATICA MI C/C++": {"medie": 9.117378048780488, "reusita": 99.39024390243902, "cnt": 164}, "CHIMIE ANORGANICA TEO NIVEL I/II": {"medie": 9.425, "reusita": 100.0, "cnt": 2}, "ISTORIE": {"medie": 9.314505119453933, "reusita": 99.43117178612059, "cnt": 879}, "GEOGRAFIE": {"medie": 9.2432135728543, "reusita": 99.40119760479041, "cnt": 501}, "PSIHOLOGIE": {"medie": 9.366326530612245, "reusita": 100.0, "cnt": 49}, "MATEMATICA ST-NAT": {"medie": 9.012055837563445, "reusita": 99.74619289340102, "cnt": 394}, "ANATOMIE SI FIZIOLOGIE UMANA, GENETICA SI ECOLOGIE UMANA": {"medie": 8.954545454545455, "reusita": 97.72727272727273, "cnt": 44}, "FIZICA TEO": {"medie": 9.065273833671398, "reusita": 96.95740365111561, "cnt": 493}, "FILOSOFIE": {"medie": 9.466666666666665, "reusita": 100.0, "cnt": 9}, "INFORMATICA SN C/C++": {"medie": 7.25, "reusita": 100.0, "cnt": 1}, "ECONOMIE": {"medie": 9.070000000000004, "reusita": 100.0, "cnt": 110}, "LOGICA, ARGUMENTARE SI COMUNICARE": {"medie": 9.350282485875711, "reusita": 98.30508474576271, "cnt": 177}, "SOCIOLOGIE": {"medie": 9.183333333333334, "reusita": 100.0, "cnt": 33}}, "nume": "COLEGIUL NATIONAL \"B. P. HASDEU\" MUNICIPIUL BUZAU\tBuz\u0103u"}