{"specializari": {"MATEMATICA-INFORMATICA": 595, "STIINTE ALE NATURII": 425, "FILOLOGIE": 441, "STIINTE SOCIALE": 449}, "limba_moderna": {"LIMBA ENGLEZA": 1731, "LIMBA FRANCEZA": 179}, "limba_materna": {"LIMBA ROMANA": 1910}, "promotie_anterioara": {"NU": 1889, "DA": 21}, "materii": {"LIMBA ROMANA": {"medie": 8.37356020942408, "reusita": 96.07329842931938, "cnt": 1910}, "MATEMATICA MATE-INFO": {"medie": 9.117058823529424, "reusita": 98.31932773109243, "cnt": 595}, "BIOLOGIE VEGETALA SI ANIMALA": {"medie": 8.65, "reusita": 100.0, "cnt": 5}, "GENERAL": {"medie": 8.6978272251309, "reusita": 97.85340314136126, "cnt": 1910}, "CHIMIE ORGANICA TEO NIVEL I/II": {"medie": 9.146666666666665, "reusita": 98.66666666666667, "cnt": 150}, "INFORMATICA MI C/C++": {"medie": 9.107403189066055, "reusita": 97.49430523917995, "cnt": 439}, "CHIMIE ANORGANICA TEO NIVEL I/II": {"medie": 7.7, "reusita": 100.0, "cnt": 1}, "ISTORIE": {"medie": 8.47196629213483, "reusita": 93.82022471910112, "cnt": 890}, "GEOGRAFIE": {"medie": 8.935164835164839, "reusita": 98.43014128728414, "cnt": 637}, "PSIHOLOGIE": {"medie": 8.315384615384614, "reusita": 92.3076923076923, "cnt": 26}, "MATEMATICA ST-NAT": {"medie": 8.683176470588235, "reusita": 96.23529411764706, "cnt": 425}, "ANATOMIE SI FIZIOLOGIE UMANA, GENETICA SI ECOLOGIE UMANA": {"medie": 9.246565934065929, "reusita": 98.9010989010989, "cnt": 364}, "FIZICA TEO": {"medie": 8.417924528301885, "reusita": 90.56603773584906, "cnt": 53}, "FILOSOFIE": {"medie": 7.659523809523808, "reusita": 80.95238095238095, "cnt": 21}, "INFORMATICA SN C/C++": {"medie": 9.356250000000001, "reusita": 100.0, "cnt": 8}, "ECONOMIE": {"medie": 8.99, "reusita": 100.0, "cnt": 15}, "LOGICA, ARGUMENTARE SI COMUNICARE": {"medie": 8.95818181818182, "reusita": 98.18181818181819, "cnt": 55}, "SOCIOLOGIE": {"medie": 8.719485294117646, "reusita": 97.79411764705883, "cnt": 136}}, "nume": "COLEGIUL NATIONAL \"ROMAN VODA\", MUNICIPIUL ROMAN\tNeam\u021b"}