{"specializari": {"MATEMATICA-INFORMATICA": 293, "FILOLOGIE": 191, "STIINTE ALE NATURII": 384, "STIINTE SOCIALE": 194}, "limba_moderna": {"LIMBA ENGLEZA": 982, "LIMBA FRANCEZA": 80}, "limba_materna": {"LIMBA ROMANA": 1062}, "promotie_anterioara": {"NU": 1042, "DA": 20}, "materii": {"LIMBA ROMANA": {"medie": 8.280979284369119, "reusita": 95.10357815442562, "cnt": 1062}, "MATEMATICA MATE-INFO": {"medie": 8.191126279863486, "reusita": 87.37201365187714, "cnt": 293}, "BIOLOGIE VEGETALA SI ANIMALA": {"medie": 7.821052631578947, "reusita": 84.21052631578947, "cnt": 19}, "GENERAL": {"medie": 8.382423101067165, "reusita": 95.38606403013182, "cnt": 1062}, "CHIMIE ORGANICA TEO NIVEL I/II": {"medie": 9.243251533742331, "reusita": 97.54601226993866, "cnt": 163}, "INFORMATICA MI C/C++": {"medie": 8.433653846153849, "reusita": 94.23076923076923, "cnt": 104}, "ISTORIE": {"medie": 7.899090909090909, "reusita": 87.79220779220779, "cnt": 385}, "GEOGRAFIE": {"medie": 8.842210144927542, "reusita": 98.18840579710145, "cnt": 276}, "PSIHOLOGIE": {"medie": 8.995454545454546, "reusita": 100.0, "cnt": 11}, "MATEMATICA ST-NAT": {"medie": 8.640104166666662, "reusita": 94.79166666666666, "cnt": 384}, "ANATOMIE SI FIZIOLOGIE UMANA, GENETICA SI ECOLOGIE UMANA": {"medie": 8.462804878048777, "reusita": 94.3089430894309, "cnt": 246}, "FIZICA TEO": {"medie": 7.848449612403101, "reusita": 84.49612403100775, "cnt": 129}, "FILOSOFIE": {"medie": 7.95, "reusita": 100.0, "cnt": 4}, "INFORMATICA SN C/C++": {"medie": 8.065625, "reusita": 87.5, "cnt": 16}, "ECONOMIE": {"medie": 7.878571428571428, "reusita": 71.42857142857143, "cnt": 7}, "LOGICA, ARGUMENTARE SI COMUNICARE": {"medie": 8.895890410958904, "reusita": 98.63013698630137, "cnt": 73}, "SOCIOLOGIE": {"medie": 8.685714285714287, "reusita": 100.0, "cnt": 14}}, "nume": "COLEGIUL NATIONAL \"GRIGORE MOISIL\" ONESTI\tBac\u0103u"}