{"specializari": {"MATEMATICA-INFORMATICA": 232, "STIINTE ALE NATURII": 474, "STIINTE SOCIALE": 372, "FILOLOGIE": 173}, "limba_moderna": {"LIMBA ENGLEZA": 1190, "LIMBA FRANCEZA": 32, "LIMBA GERMANA MODERNA": 29}, "limba_materna": {"LIMBA ROMANA": 983, "LIMBA MAGHIARA": 268}, "promotie_anterioara": {"NU": 1246, "DA": 5}, "materii": {"LIMBA ROMANA": {"medie": 8.399480415667472, "reusita": 93.60511590727418, "cnt": 1251}, "MATEMATICA MATE-INFO": {"medie": 9.33362068965517, "reusita": 97.41379310344827, "cnt": 232}, "BIOLOGIE VEGETALA SI ANIMALA": {"medie": 8.455, "reusita": 100.0, "cnt": 30}, "GENERAL": {"medie": 8.770153876898481, "reusita": 98.2414068745004, "cnt": 1251}, "CHIMIE ORGANICA TEO NIVEL I/II": {"medie": 8.74764705882353, "reusita": 98.82352941176471, "cnt": 85}, "INFORMATICA MI C/C++": {"medie": 9.372426470588232, "reusita": 100.0, "cnt": 136}, "CHIMIE ANORGANICA TEO NIVEL I/II": {"medie": 6.25, "reusita": 20.0, "cnt": 5}, "ISTORIE": {"medie": 8.598623853211013, "reusita": 96.5137614678899, "cnt": 545}, "GEOGRAFIE": {"medie": 8.775602409638557, "reusita": 98.79518072289156, "cnt": 332}, "PSIHOLOGIE": {"medie": 8.883333333333333, "reusita": 100.0, "cnt": 27}, "MATEMATICA ST-NAT": {"medie": 8.98037974683544, "reusita": 98.94514767932489, "cnt": 474}, "ANATOMIE SI FIZIOLOGIE UMANA, GENETICA SI ECOLOGIE UMANA": {"medie": 9.191842105263158, "reusita": 97.63157894736842, "cnt": 380}, "FIZICA TEO": {"medie": 9.20983606557377, "reusita": 100.0, "cnt": 61}, "FILOSOFIE": {"medie": 9.366666666666667, "reusita": 100.0, "cnt": 9}, "INFORMATICA SN C/C++": {"medie": 8.183333333333332, "reusita": 100.0, "cnt": 9}, "ECONOMIE": {"medie": 8.909090909090908, "reusita": 100.0, "cnt": 11}, "LOGICA, ARGUMENTARE SI COMUNICARE": {"medie": 9.067982456140355, "reusita": 98.24561403508771, "cnt": 114}, "SOCIOLOGIE": {"medie": 9.072115384615383, "reusita": 98.07692307692307, "cnt": 52}, "LIMBA MAGHIARA (REAL)": {"medie": 7.923734177215194, "reusita": 92.40506329113924, "cnt": 158}, "LIMBA MAGHIARA (UMAN)": {"medie": 7.804545454545455, "reusita": 95.45454545454545, "cnt": 110}}, "nume": "COLEGIUL NATIONAL \"UNIREA\" TIRGU MURES\tMure\u0219"}