{"specializari": {"MATEMATICA-INFORMATICA": 200, "FILOLOGIE": 248, "STIINTE ALE NATURII": 114}, "limba_moderna": {"LIMBA ENGLEZA": 524, "LIMBA FRANCEZA": 32, "LIMBA GERMANA MODERNA": 6}, "limba_materna": {"LIMBA GERMANA": 70, "LIMBA ROMANA": 492}, "promotie_anterioara": {"NU": 473, "DA": 89}, "materii": {"LIMBA ROMANA": {"medie": 6.6386120996441305, "reusita": 66.01423487544484, "cnt": 562}, "MATEMATICA MATE-INFO": {"medie": 6.767749999999998, "reusita": 66.0, "cnt": 200}, "BIOLOGIE VEGETALA SI ANIMALA": {"medie": 7.0212765957446805, "reusita": 74.46808510638297, "cnt": 94}, "GENERAL": {"medie": 6.822775800711746, "reusita": 70.46263345195729, "cnt": 562}, "CHIMIE ORGANICA TEO NIVEL I/II": {"medie": 9.22, "reusita": 100.0, "cnt": 5}, "INFORMATICA MI C/C++": {"medie": 6.721180555555555, "reusita": 68.05555555555556, "cnt": 144}, "CHIMIE ANORGANICA TEO NIVEL I/II": {"medie": 6.95, "reusita": 100.0, "cnt": 1}, "ISTORIE": {"medie": 6.6711693548387085, "reusita": 58.46774193548387, "cnt": 248}, "GEOGRAFIE": {"medie": 7.380964467005078, "reusita": 79.18781725888326, "cnt": 197}, "PSIHOLOGIE": {"medie": 6.75, "reusita": 100.0, "cnt": 2}, "MATEMATICA ST-NAT": {"medie": 6.557456140350876, "reusita": 58.77192982456141, "cnt": 114}, "ANATOMIE SI FIZIOLOGIE UMANA, GENETICA SI ECOLOGIE UMANA": {"medie": 7.6899999999999995, "reusita": 78.57142857142857, "cnt": 70}, "FILOSOFIE": {"medie": 5.4799999999999995, "reusita": 40.0, "cnt": 5}, "LIMBA GERMANA": {"medie": 7.821428571428573, "reusita": 88.57142857142857, "cnt": 70}, "LOGICA, ARGUMENTARE SI COMUNICARE": {"medie": 5.872222222222222, "reusita": 55.55555555555556, "cnt": 9}, "SOCIOLOGIE": {"medie": 6.284285714285713, "reusita": 62.857142857142854, "cnt": 35}}, "nume": "COLEGIUL NATIONAL \"DIACONOVICI TIETZ\" RESITA\tCara\u0219-Severin"}