{"specializari": {"TEHNICIAN IN ACTIVITATI ECONOMICE": 144}, "limba_moderna": {"LIMBA ENGLEZA": 133, "LIMBA FRANCEZA": 11}, "limba_materna": {"LIMBA ROMANA": 144}, "promotie_anterioara": {"NU": 118, "DA": 26}, "materii": {"LIMBA ROMANA": {"medie": 5.970138888888886, "reusita": 50.0, "cnt": 144}, "GENERAL": {"medie": 6.2141203703703685, "reusita": 52.77777777777778, "cnt": 144}, "GEOGRAFIE": {"medie": 7.232291666666667, "reusita": 81.94444444444444, "cnt": 144}, "MATEMATICA TEHN": {"medie": 5.439930555555557, "reusita": 40.97222222222222, "cnt": 144}}, "nume": "LICEUL TEHNOLOGIC \"ION CAIAN ROMANUL\" CAIANU MIC\tBistri\u021ba-N\u0103s\u0103ud"}