{"specializari": {"STIINTE ALE NATURII": 236, "FILOLOGIE": 248, "TEOLOGIE BAPTISTA": 145, "MATEMATICA-INFORMATICA": 5, "COAFOR STILIST": 1}, "limba_moderna": {"LIMBA ENGLEZA": 628, "LIMBA FRANCEZA": 5, "LIMBA GERMANA MODERNA": 2}, "limba_materna": {"LIMBA ROMANA": 635}, "promotie_anterioara": {"NU": 601, "DA": 34}, "materii": {"LIMBA ROMANA": {"medie": 7.64697637795276, "reusita": 86.2992125984252, "cnt": 635}, "MATEMATICA MATE-INFO": {"medie": 5.99, "reusita": 40.0, "cnt": 5}, "BIOLOGIE VEGETALA SI ANIMALA": {"medie": 8.120606060606063, "reusita": 93.33333333333333, "cnt": 165}, "GENERAL": {"medie": 7.682167979002628, "reusita": 89.29133858267716, "cnt": 635}, "CHIMIE ORGANICA TEO NIVEL I/II": {"medie": 7.109999999999999, "reusita": 60.0, "cnt": 5}, "INFORMATICA MI C/C++": {"medie": 5.09, "reusita": 0.0, "cnt": 5}, "CHIMIE ANORGANICA TEO NIVEL I/II": {"medie": 8.7, "reusita": 100.0, "cnt": 3}, "ISTORIE": {"medie": 7.263358778625945, "reusita": 77.09923664122137, "cnt": 393}, "GEOGRAFIE": {"medie": 7.835483870967744, "reusita": 89.86175115207374, "cnt": 217}, "PSIHOLOGIE": {"medie": 7.584210526315791, "reusita": 89.47368421052632, "cnt": 19}, "MATEMATICA ST-NAT": {"medie": 7.618432203389825, "reusita": 88.13559322033898, "cnt": 236}, "ANATOMIE SI FIZIOLOGIE UMANA, GENETICA SI ECOLOGIE UMANA": {"medie": 8.373404255319148, "reusita": 97.87234042553192, "cnt": 47}, "FIZICA TEO": {"medie": 7.3999999999999995, "reusita": 90.9090909090909, "cnt": 11}, "FILOSOFIE": {"medie": 7.625, "reusita": 100.0, "cnt": 2}, "MATEMATICA TEHN": {"medie": 6.7, "reusita": 100.0, "cnt": 1}, "INFORMATICA SN C/C++": {"medie": 7.76, "reusita": 100.0, "cnt": 5}, "LOGICA, ARGUMENTARE SI COMUNICARE": {"medie": 8.333333333333336, "reusita": 90.97222222222221, "cnt": 144}, "SOCIOLOGIE": {"medie": 7.433333333333334, "reusita": 91.66666666666666, "cnt": 12}}, "nume": "LICEUL TEORETIC \"CONSTANTIN NOICA\" SIBIU\tSibiu"}