{"specializari": {"TEHNICIAN PROIECTANT CAD": 44, "TEHNICIAN IN CONSTRUCTII SI LUCRARI PUBLICE": 65, "TEHNICIAN DESENATOR PENTRU CONSTRUCTII SI INSTALATII": 84, "TEHNICIAN PRELUCRARI MECANICE": 74, "TEHNICIAN MECATRONIST": 72, "TEHNICIAN IN INSTALATII ELECTRICE": 30, "TEHNICIAN INSTALATOR PENTRU CONSTRUCTII": 66, "TEHNICIAN IN INDUSTRIA TEXTILA": 1, "MATEMATICA-INFORMATICA": 16, "TEHNICIAN MECANIC PENTRU INTRETINERE SI REPARATII": 37, "TEHNICIAN METROLOG": 15}, "limba_moderna": {"LIMBA ENGLEZA": 448, "LIMBA FRANCEZA": 56}, "limba_materna": {"LIMBA ROMANA": 504}, "promotie_anterioara": {"NU": 247, "DA": 257}, "materii": {"LIMBA ROMANA": {"medie": 4.331845238095241, "reusita": 16.666666666666664, "cnt": 504}, "MATEMATICA MATE-INFO": {"medie": 2.0374999999999996, "reusita": 6.25, "cnt": 16}, "BIOLOGIE VEGETALA SI ANIMALA": {"medie": 3.6899755501222513, "reusita": 16.13691931540342, "cnt": 409}, "GENERAL": {"medie": 3.83158068783069, "reusita": 8.531746031746032, "cnt": 504}, "ANATOMIE SI FIZIOLOGIE UMANA, GENETICA SI ECOLOGIE UMANA": {"medie": 5.0625, "reusita": 50.0, "cnt": 8}, "MATEMATICA TEHN": {"medie": 3.5693647540983617, "reusita": 18.237704918032787, "cnt": 488}, "FIZICA TEH": {"medie": 2.2780487804878042, "reusita": 0.0, "cnt": 41}, "CHIMIE ANORGANICA TEH NIVEL I/II": {"medie": 4.2151162790697665, "reusita": 18.6046511627907, "cnt": 43}, "CHIMIE ORGANICA TEH NIVEL I/II": {"medie": 3.766666666666667, "reusita": 33.33333333333333, "cnt": 3}}, "nume": "LICEUL TEHNOLOGIC \"TOMIS\" CONSTANTA\tConstan\u021ba"}