{"specializari": {"TEHNICIAN IN AGRICULTURA": 68, "TEHNICIAN ZOOTEHNIST": 8}, "limba_moderna": {"LIMBA ENGLEZA": 76}, "limba_materna": {"LIMBA ROMANA": 76}, "promotie_anterioara": {"NU": 69, "DA": 7}, "materii": {"LIMBA ROMANA": {"medie": 4.12828947368421, "reusita": 18.421052631578945, "cnt": 76}, "BIOLOGIE VEGETALA SI ANIMALA": {"medie": 3.8863636363636362, "reusita": 21.818181818181817, "cnt": 55}, "GENERAL": {"medie": 3.496271929824562, "reusita": 9.210526315789473, "cnt": 76}, "ANATOMIE SI FIZIOLOGIE UMANA, GENETICA SI ECOLOGIE UMANA": {"medie": 3.8333333333333326, "reusita": 14.285714285714285, "cnt": 21}, "MATEMATICA TEHN": {"medie": 2.488815789473685, "reusita": 3.9473684210526314, "cnt": 76}}, "nume": "LICEUL TEHNOLOGIC NR.1 BORCEA\tC\u0103l\u0103ra\u0219i"}