{"specializari": {"FILOLOGIE": 50, "MUZICA": 1}, "limba_moderna": {"LIMBA ENGLEZA": 51}, "limba_materna": {"LIMBA ROMANA": 51}, "promotie_anterioara": {"NU": 48, "DA": 3}, "materii": {"LIMBA ROMANA": {"medie": 6.428431372549018, "reusita": 58.82352941176471, "cnt": 51}, "GENERAL": {"medie": 6.57156862745098, "reusita": 66.66666666666666, "cnt": 51}, "ISTORIE": {"medie": 6.659803921568627, "reusita": 68.62745098039215, "cnt": 51}, "GEOGRAFIE": {"medie": 6.755172413793103, "reusita": 72.41379310344827, "cnt": 29}, "PSIHOLOGIE": {"medie": 8.5, "reusita": 100.0, "cnt": 1}, "FILOSOFIE": {"medie": 6.35952380952381, "reusita": 66.66666666666666, "cnt": 21}}, "nume": "LICEUL SPECIAL \"MOLDOVA\", TARGU FRUMOS\tIa\u0219i"}