{"specializari": {"MUZICA": 125, "ARHITECTURA, ARTE AMBIENTALE SI DESIGN": 144, "ARTA ACTORULUI": 160, "ARTE PLASTICE SI DECORATIVE": 154}, "limba_moderna": {"LIMBA ENGLEZA": 531, "LIMBA FRANCEZA": 52}, "limba_materna": {"LIMBA ROMANA": 583}, "promotie_anterioara": {"NU": 545, "DA": 38}, "materii": {"LIMBA ROMANA": {"medie": 7.517838765008576, "reusita": 83.87650085763293, "cnt": 583}, "GENERAL": {"medie": 7.487735849056603, "reusita": 89.02229845626071, "cnt": 583}, "ISTORIE": {"medie": 7.174356775300176, "reusita": 75.8147512864494, "cnt": 583}, "GEOGRAFIE": {"medie": 7.657829181494665, "reusita": 91.10320284697508, "cnt": 281}, "PSIHOLOGIE": {"medie": 7.806896551724138, "reusita": 96.55172413793103, "cnt": 29}, "FILOSOFIE": {"medie": 7.090000000000001, "reusita": 80.0, "cnt": 10}, "ECONOMIE": {"medie": 7.433333333333333, "reusita": 66.66666666666666, "cnt": 3}, "LOGICA, ARGUMENTARE SI COMUNICARE": {"medie": 7.919423076923078, "reusita": 89.23076923076924, "cnt": 260}}, "nume": "LICEUL DE ARTE \"HARICLEA DARCLEE\"\tBr\u0103ila"}