{"specializari": {"TEHNICIAN IN GASTRONOMIE": 30, "TEHNICIAN ELECTROMECANIC": 34, "TEHNICIAN MECATRONIST": 38, "TEHNICIAN IN SILVICULTURA SI EXPLOATARI FORESTIERE": 111, "TEHNICIAN MECANIC PENTRU INTRETINERE SI REPARATII": 47, "TEHNICIAN DESIGNER MOBILA SI AMENAJARI INTERIOARE": 17, "TEHNICIAN IN ACTIVITATI ECONOMICE": 192, "TEHNICIAN IN PRELUCRAREA LEMNULUI": 41, "TEHNICIAN PRELUCRARI MECANICE": 1, "TEHNICIAN IN INSTALATII ELECTRICE": 46, "TEHNICIAN ELECTROTEHNIST": 6, "TEHNICIAN ECOLOG SI PROTECTIA CALITATII MEDIULUI": 58, "TEHNICIAN IN AUTOMATIZARI": 14, "TEHNICIAN IN INDUSTRIA TEXTILA": 15, "TEHNICIAN TRANSPORTURI": 1}, "limba_moderna": {"LIMBA ENGLEZA": 637, "LIMBA FRANCEZA": 14}, "limba_materna": {"LIMBA ROMANA": 651}, "promotie_anterioara": {"NU": 280, "DA": 371}, "materii": {"LIMBA ROMANA": {"medie": 4.976113671274965, "reusita": 33.94777265745007, "cnt": 651}, "BIOLOGIE VEGETALA SI ANIMALA": {"medie": 4.502739726027394, "reusita": 30.41095890410959, "cnt": 365}, "GENERAL": {"medie": 4.9088581669226885, "reusita": 29.80030721966206, "cnt": 651}, "GEOGRAFIE": {"medie": 6.761486486486487, "reusita": 76.12612612612612, "cnt": 222}, "MATEMATICA TEHN": {"medie": 4.712211981566818, "reusita": 35.17665130568356, "cnt": 651}, "FIZICA TEH": {"medie": 2.11484375, "reusita": 3.125, "cnt": 64}}, "nume": "LICEUL TEHNOLOGIC SILVIC CIMPENI\tAlba"}