{"specializari": {"FILOLOGIE": 169, "TEHNICIAN IN ACTIVITATI DE COMERT": 29, "STIINTE ALE NATURII": 115, "TEHNICIAN DESIGNER VESTIMENTAR": 37, "STIINTE SOCIALE": 161, "MATEMATICA-INFORMATICA": 111, "TEHNICIAN IN INDUSTRIA TEXTILA": 10, "TEHNICIAN INSTALATOR PENTRU CONSTRUCTII": 1, "TEHNICIAN IN CONSTRUCTII SI LUCRARI PUBLICE": 3}, "limba_moderna": {"LIMBA ENGLEZA": 596, "LIMBA FRANCEZA": 40}, "limba_materna": {"LIMBA ROMANA": 636}, "promotie_anterioara": {"NU": 577, "DA": 59}, "materii": {"LIMBA ROMANA": {"medie": 7.143317610062888, "reusita": 74.21383647798741, "cnt": 636}, "MATEMATICA MATE-INFO": {"medie": 7.996846846846846, "reusita": 80.18018018018019, "cnt": 111}, "BIOLOGIE VEGETALA SI ANIMALA": {"medie": 4.172321428571429, "reusita": 26.785714285714285, "cnt": 56}, "GENERAL": {"medie": 7.102908805031437, "reusita": 74.21383647798741, "cnt": 636}, "CHIMIE ORGANICA TEO NIVEL I/II": {"medie": 6.803906250000002, "reusita": 60.9375, "cnt": 64}, "INFORMATICA MI C/C++": {"medie": 8.313541666666667, "reusita": 85.41666666666666, "cnt": 48}, "ISTORIE": {"medie": 7.1674242424242465, "reusita": 69.6969696969697, "cnt": 330}, "GEOGRAFIE": {"medie": 8.133196721311478, "reusita": 87.70491803278688, "cnt": 122}, "PSIHOLOGIE": {"medie": 6.85, "reusita": 100.0, "cnt": 2}, "MATEMATICA ST-NAT": {"medie": 5.578260869565218, "reusita": 46.95652173913044, "cnt": 115}, "ANATOMIE SI FIZIOLOGIE UMANA, GENETICA SI ECOLOGIE UMANA": {"medie": 7.745049504950493, "reusita": 82.17821782178217, "cnt": 101}, "FIZICA TEO": {"medie": 7.985714285714285, "reusita": 71.42857142857143, "cnt": 7}, "MATEMATICA TEHN": {"medie": 3.2062499999999994, "reusita": 10.0, "cnt": 80}, "FIZICA TEH": {"medie": 1.0, "reusita": 0.0, "cnt": 1}, "ECONOMIE": {"medie": 9.5, "reusita": 100.0, "cnt": 1}, "LOGICA, ARGUMENTARE SI COMUNICARE": {"medie": 8.271581196581192, "reusita": 91.88034188034187, "cnt": 234}}, "nume": "LICEUL TEORETIC \"ION BORCEA\" BUHUSI\tBac\u0103u"}