{"specializari": {"FILOLOGIE": 178}, "limba_moderna": {"LIMBA ENGLEZA": 178}, "limba_materna": {"LIMBA ROMANA": 178}, "promotie_anterioara": {"NU": 158, "DA": 20}, "materii": {"LIMBA ROMANA": {"medie": 6.93005617977528, "reusita": 67.41573033707866, "cnt": 178}, "GENERAL": {"medie": 7.104213483146061, "reusita": 81.46067415730337, "cnt": 178}, "ISTORIE": {"medie": 6.717696629213483, "reusita": 64.04494382022472, "cnt": 178}, "GEOGRAFIE": {"medie": 7.6345864661654135, "reusita": 88.7218045112782, "cnt": 133}, "FILOSOFIE": {"medie": 7.1, "reusita": 100.0, "cnt": 2}, "ECONOMIE": {"medie": 7.7749999999999995, "reusita": 66.66666666666666, "cnt": 6}, "LOGICA, ARGUMENTARE SI COMUNICARE": {"medie": 5.35, "reusita": 0.0, "cnt": 1}, "SOCIOLOGIE": {"medie": 7.854166666666667, "reusita": 91.66666666666666, "cnt": 36}}, "nume": "LICEUL TEORETIC WALDORF\tBucure\u0219ti"}