{"specializari": {"MATEMATICA-INFORMATICA": 167, "FILOLOGIE": 132, "STIINTE ALE NATURII": 45}, "limba_moderna": {"LIMBA ENGLEZA": 326, "LIMBA SPANIOLA": 14, "LIMBA TURCA MODERNA": 3, "LIMBA GERMANA MODERNA": 1}, "limba_materna": {"LIMBA ROMANA": 344}, "promotie_anterioara": {"NU": 321, "DA": 23}, "materii": {"LIMBA ROMANA": {"medie": 7.621366279069765, "reusita": 80.81395348837209, "cnt": 344}, "MATEMATICA MATE-INFO": {"medie": 7.59970059880239, "reusita": 73.65269461077844, "cnt": 167}, "BIOLOGIE VEGETALA SI ANIMALA": {"medie": 7.260000000000001, "reusita": 90.0, "cnt": 10}, "GENERAL": {"medie": 7.602906976744194, "reusita": 81.3953488372093, "cnt": 344}, "CHIMIE ORGANICA TEO NIVEL I/II": {"medie": 8.799999999999999, "reusita": 100.0, "cnt": 3}, "INFORMATICA MI C/C++": {"medie": 8.128703703703703, "reusita": 85.18518518518519, "cnt": 54}, "CHIMIE ANORGANICA TEO NIVEL I/II": {"medie": 9.95, "reusita": 100.0, "cnt": 1}, "ISTORIE": {"medie": 6.971212121212123, "reusita": 70.45454545454545, "cnt": 132}, "GEOGRAFIE": {"medie": 7.726999999999997, "reusita": 82.0, "cnt": 50}, "PSIHOLOGIE": {"medie": 6.85, "reusita": 50.0, "cnt": 2}, "MATEMATICA ST-NAT": {"medie": 6.189999999999999, "reusita": 48.888888888888886, "cnt": 45}, "ANATOMIE SI FIZIOLOGIE UMANA, GENETICA SI ECOLOGIE UMANA": {"medie": 7.741517857142855, "reusita": 90.17857142857143, "cnt": 112}, "FIZICA TEO": {"medie": 8.9390625, "reusita": 93.75, "cnt": 32}, "FILOSOFIE": {"medie": 4.883333333333334, "reusita": 33.33333333333333, "cnt": 3}, "LOGICA, ARGUMENTARE SI COMUNICARE": {"medie": 8.322727272727278, "reusita": 89.6103896103896, "cnt": 77}}, "nume": "LICEUL TEORETIC INTERNATIONAL DE INFORMATICA CONSTANTA\tConstan\u021ba"}