{"specializari": {"TEHNICIAN IN ACTIVITATI ECONOMICE": 152, "STIINTE ALE NATURII": 175, "MATEMATICA-INFORMATICA": 114, "FILOLOGIE": 392, "STIINTE SOCIALE": 30}, "limba_moderna": {"LIMBA ENGLEZA": 753, "LIMBA FRANCEZA": 110}, "limba_materna": {"LIMBA ROMANA": 863}, "promotie_anterioara": {"NU": 742, "DA": 121}, "materii": {"LIMBA ROMANA": {"medie": 6.625202780996524, "reusita": 61.993047508690616, "cnt": 863}, "MATEMATICA MATE-INFO": {"medie": 7.199122807017546, "reusita": 71.05263157894737, "cnt": 114}, "BIOLOGIE VEGETALA SI ANIMALA": {"medie": 5.661170212765957, "reusita": 41.48936170212766, "cnt": 94}, "GENERAL": {"medie": 6.967149478563147, "reusita": 71.49478563151797, "cnt": 863}, "CHIMIE ORGANICA TEO NIVEL I/II": {"medie": 9.04375, "reusita": 93.75, "cnt": 16}, "INFORMATICA MI C/C++": {"medie": 9.03, "reusita": 100.0, "cnt": 5}, "ISTORIE": {"medie": 6.71552132701422, "reusita": 59.95260663507109, "cnt": 422}, "GEOGRAFIE": {"medie": 7.570164609053494, "reusita": 83.9506172839506, "cnt": 243}, "PSIHOLOGIE": {"medie": 8.366666666666667, "reusita": 83.33333333333334, "cnt": 6}, "MATEMATICA ST-NAT": {"medie": 5.434285714285715, "reusita": 40.0, "cnt": 175}, "ANATOMIE SI FIZIOLOGIE UMANA, GENETICA SI ECOLOGIE UMANA": {"medie": 7.437500000000001, "reusita": 75.0, "cnt": 108}, "FIZICA TEO": {"medie": 8.066, "reusita": 84.0, "cnt": 25}, "MATEMATICA TEHN": {"medie": 7.329605263157895, "reusita": 76.31578947368422, "cnt": 152}, "ECONOMIE": {"medie": 7.516666666666667, "reusita": 100.0, "cnt": 3}, "LOGICA, ARGUMENTARE SI COMUNICARE": {"medie": 8.174999999999999, "reusita": 90.99378881987577, "cnt": 322}, "INFORMATICA MI PASCAL": {"medie": 8.093055555555557, "reusita": 91.66666666666666, "cnt": 36}, "INFORMATICA SN PASCAL": {"medie": 7.55, "reusita": 80.0, "cnt": 5}}, "nume": "LICEUL TEORETIC \"IOAN SLAVICI\" PANCIU\tVrancea"}