{"specializari": {"MATEMATICA-INFORMATICA": 181, "TEHNICIAN IN INDUSTRIA TEXTILA": 21, "TEHNICIAN IN INSTALATII ELECTRICE": 197, "STIINTE ALE NATURII": 548, "FILOLOGIE": 217, "TEHNICIAN MECANIC PENTRU INTRETINERE SI REPARATII": 68, "TEHNICIAN MECATRONIST": 166, "TEHNICIAN ELECTROMECANIC": 1, "TEHNICIAN ELECTROTEHNIST": 1, "ARTA ACTORULUI": 1}, "limba_moderna": {"LIMBA ENGLEZA": 1316, "LIMBA FRANCEZA": 85}, "limba_materna": {"LIMBA ROMANA": 1227, "LIMBA MAGHIARA": 174}, "promotie_anterioara": {"NU": 1176, "DA": 225}, "materii": {"LIMBA ROMANA": {"medie": 6.808315488936473, "reusita": 68.66523911491792, "cnt": 1401}, "MATEMATICA MATE-INFO": {"medie": 7.914088397790058, "reusita": 86.1878453038674, "cnt": 181}, "BIOLOGIE VEGETALA SI ANIMALA": {"medie": 3.7600763358778617, "reusita": 14.75826972010178, "cnt": 393}, "GENERAL": {"medie": 6.398429098263147, "reusita": 58.17273376159886, "cnt": 1401}, "CHIMIE ORGANICA TEO NIVEL I/II": {"medie": 7.155621301775145, "reusita": 75.7396449704142, "cnt": 169}, "INFORMATICA MI C/C++": {"medie": 7.592941176470585, "reusita": 85.88235294117646, "cnt": 85}, "CHIMIE ANORGANICA TEO NIVEL I/II": {"medie": 4.275, "reusita": 50.0, "cnt": 2}, "ISTORIE": {"medie": 7.287155963302752, "reusita": 81.65137614678899, "cnt": 218}, "GEOGRAFIE": {"medie": 7.178260869565217, "reusita": 78.26086956521739, "cnt": 23}, "PSIHOLOGIE": {"medie": 8.25, "reusita": 100.0, "cnt": 7}, "MATEMATICA ST-NAT": {"medie": 6.277645985401461, "reusita": 59.12408759124088, "cnt": 548}, "ANATOMIE SI FIZIOLOGIE UMANA, GENETICA SI ECOLOGIE UMANA": {"medie": 7.345915841584153, "reusita": 78.46534653465346, "cnt": 404}, "FIZICA TEO": {"medie": 7.4575471698113205, "reusita": 81.13207547169812, "cnt": 53}, "MATEMATICA TEHN": {"medie": 4.272577092511012, "reusita": 25.55066079295154, "cnt": 454}, "FIZICA TEH": {"medie": 4.924561403508771, "reusita": 26.31578947368421, "cnt": 57}, "INFORMATICA SN C/C++": {"medie": 7.2299999999999995, "reusita": 80.0, "cnt": 5}, "LOGICA, ARGUMENTARE SI COMUNICARE": {"medie": 8.403457446808506, "reusita": 91.48936170212765, "cnt": 188}, "CHIMIE ANORGANICA TEH NIVEL I/II": {"medie": 4.064285714285714, "reusita": 14.285714285714285, "cnt": 7}, "LIMBA MAGHIARA (REAL)": {"medie": 6.687643678160917, "reusita": 67.81609195402298, "cnt": 174}, "CHIMIE ORGANICA TEH NIVEL I/II": {"medie": 5.1875, "reusita": 25.0, "cnt": 8}}, "nume": "LICEUL TEHNOLOGIC NR.1 LUDUS\tMure\u0219"}