{"specializari": {"TEHNICIAN ECOLOG SI PROTECTIA CALITATII MEDIULUI": 31, "TEHNICIAN IN ACTIVITATI ECONOMICE": 86, "TEHNICIAN IN INSTALATII ELECTRICE": 12, "TEHNICIAN IN CHIMIE INDUSTRIALA": 1, "TEHNICIAN IN PRELUCRAREA LEMNULUI": 50, "TEHNICIAN IN ACTIVITATI DE COMERT": 8, "TEHNICIAN ELECTROTEHNIST": 9}, "limba_moderna": {"LIMBA FRANCEZA": 24, "LIMBA ENGLEZA": 172, "LIMBA GERMANA MODERNA": 1}, "limba_materna": {"LIMBA ROMANA": 197}, "promotie_anterioara": {"NU": 125, "DA": 72}, "materii": {"LIMBA ROMANA": {"medie": 4.68274111675127, "reusita": 20.812182741116754, "cnt": 197}, "BIOLOGIE VEGETALA SI ANIMALA": {"medie": 3.9895522388059685, "reusita": 23.88059701492537, "cnt": 67}, "GENERAL": {"medie": 4.066074450084604, "reusita": 15.736040609137056, "cnt": 197}, "GEOGRAFIE": {"medie": 4.96968085106383, "reusita": 40.42553191489361, "cnt": 94}, "ANATOMIE SI FIZIOLOGIE UMANA, GENETICA SI ECOLOGIE UMANA": {"medie": 4.777272727272727, "reusita": 31.818181818181817, "cnt": 22}, "MATEMATICA TEHN": {"medie": 3.0664974619289334, "reusita": 12.18274111675127, "cnt": 197}, "FIZICA TEH": {"medie": 3.1875, "reusita": 25.0, "cnt": 4}, "CHIMIE ANORGANICA TEH NIVEL I/II": {"medie": 2.415, "reusita": 0.0, "cnt": 10}}, "nume": "LICEUL TEHNOLOGIC BISTRITA\tBistri\u021ba-N\u0103s\u0103ud"}