{"specializari": {"TEHNICIAN PROIECTANT CAD": 20, "TEHNICIAN ELECTROMECANIC": 24, "TEHNICIAN ELECTRICIAN/ELECTRONIST AUTO": 17, "TEHNICIAN VETERINAR": 37, "TEHNICIAN TRANSPORTURI": 36, "TEHNICIAN ECOLOG SI PROTECTIA CALITATII MEDIULUI": 15, "TEHNICIAN IN INDUSTRIA ALIMENTARA": 77, "TEHNICIAN MECANIC PENTRU INTRETINERE SI REPARATII": 126, "TEHNICIAN DESIGNER VESTIMENTAR": 11, "TEHNICIAN IN AGRICULTURA": 45, "TEHNICIAN IN INSTALATII ELECTRICE": 10, "TEHNICIAN PRELUCRARI LA CALD": 4, "TEHNICIAN PENTRU ANIMALE DE COMPANIE": 5, "TEHNICIAN AGROMONTAN": 6, "LICEU CU PROGRAM SPORTIV": 13, "TEHNICIAN ANALIZE PRODUSE ALIMENTARE": 5, "TEHNICIAN DESENATOR PENTRU CONSTRUCTII SI INSTALATII": 3, "TEHNICIAN IN AGROTURISM": 12, "STIINTE ALE NATURII": 1}, "limba_moderna": {"LIMBA ENGLEZA": 400, "LIMBA FRANCEZA": 64, "LIMBA RUSA": 3}, "limba_materna": {"LIMBA ROMANA": 467}, "promotie_anterioara": {"DA": 243, "NU": 224}, "materii": {"LIMBA ROMANA": {"medie": 4.73404710920771, "reusita": 27.194860813704498, "cnt": 467}, "BIOLOGIE VEGETALA SI ANIMALA": {"medie": 3.2769083969465655, "reusita": 13.740458015267176, "cnt": 262}, "GENERAL": {"medie": 3.9860456816559604, "reusita": 8.35117773019272, "cnt": 467}, "ISTORIE": {"medie": 5.2807692307692315, "reusita": 23.076923076923077, "cnt": 13}, "GEOGRAFIE": {"medie": 6.3538461538461535, "reusita": 61.53846153846154, "cnt": 13}, "MATEMATICA ST-NAT": {"medie": 1.0, "reusita": 0.0, "cnt": 1}, "ANATOMIE SI FIZIOLOGIE UMANA, GENETICA SI ECOLOGIE UMANA": {"medie": 4.0121875, "reusita": 19.375, "cnt": 160}, "MATEMATICA TEHN": {"medie": 3.5873068432671076, "reusita": 16.114790286975715, "cnt": 453}, "FIZICA TEH": {"medie": 3.2038461538461536, "reusita": 0.0, "cnt": 26}, "CHIMIE ANORGANICA TEH NIVEL I/II": {"medie": 2.091666666666667, "reusita": 0.0, "cnt": 6}}, "nume": "LICEUL TEHNOLOGIC \"VICTOR FRUNZA\" MUNICIPIUL RIMNICU SARAT\tBuz\u0103u"}