{"specializari": {"TEHNICIAN IN INDUSTRIA ALIMENTARA": 116, "TEHNICIAN CHIMIST DE LABORATOR": 69, "TEHNICIAN ANALIZE PRODUSE ALIMENTARE": 151, "TEHNICIAN DESIGNER MOBILA SI AMENAJARI INTERIOARE": 40, "TEHNICIAN IN SILVICULTURA SI EXPLOATARI FORESTIERE": 177, "TEHNICIAN IN PRELUCRAREA LEMNULUI": 1, "TEHNICIAN HIDRO-METEOROLOG": 22}, "limba_moderna": {"LIMBA GERMANA MODERNA": 159, "LIMBA ENGLEZA": 416, "LIMBA FRANCEZA": 1}, "limba_materna": {"LIMBA MAGHIARA": 576}, "promotie_anterioara": {"NU": 442, "DA": 134}, "materii": {"LIMBA ROMANA": {"medie": 3.151909722222222, "reusita": 5.729166666666666, "cnt": 576}, "BIOLOGIE VEGETALA SI ANIMALA": {"medie": 4.913948919449897, "reusita": 34.9705304518664, "cnt": 509}, "GENERAL": {"medie": 4.590820312499997, "reusita": 12.847222222222221, "cnt": 576}, "ANATOMIE SI FIZIOLOGIE UMANA, GENETICA SI ECOLOGIE UMANA": {"medie": 7.0, "reusita": 100.0, "cnt": 1}, "MATEMATICA TEHN": {"medie": 4.375434027777776, "reusita": 23.4375, "cnt": 576}, "FIZICA TEH": {"medie": 3.0, "reusita": 0.0, "cnt": 2}, "LIMBA MAGHIARA (REAL)": {"medie": 5.927777777777776, "reusita": 57.11805555555556, "cnt": 576}, "CHIMIE ORGANICA TEH NIVEL I/II": {"medie": 4.8890625, "reusita": 34.375, "cnt": 64}}, "nume": "LICEUL TEHNOLOGIC \"VENCZEL JOZSEF\" MIERCUREA CIUC\tHarghita"}