{"specializari": {"INVATATOR - EDUCATOARE": 187, "MATEMATICA-INFORMATICA": 88, "FILOLOGIE": 206, "EDUCATOR-PUERICULTOR": 44}, "limba_moderna": {"LIMBA ENGLEZA": 343, "LIMBA GERMANA MODERNA": 182}, "limba_materna": {"LIMBA MAGHIARA": 525}, "promotie_anterioara": {"DA": 96, "NU": 429}, "materii": {"LIMBA ROMANA": {"medie": 4.91361904761905, "reusita": 28.38095238095238, "cnt": 525}, "MATEMATICA MATE-INFO": {"medie": 5.868181818181819, "reusita": 44.31818181818182, "cnt": 88}, "BIOLOGIE VEGETALA SI ANIMALA": {"medie": 7.184166666666664, "reusita": 80.0, "cnt": 60}, "GENERAL": {"medie": 6.5713095238095285, "reusita": 55.42857142857143, "cnt": 525}, "CHIMIE ANORGANICA TEO NIVEL I/II": {"medie": 4.166666666666667, "reusita": 0.0, "cnt": 6}, "ISTORIE": {"medie": 6.781399999999994, "reusita": 68.4, "cnt": 250}, "GEOGRAFIE": {"medie": 7.199508599508597, "reusita": 85.01228501228502, "cnt": 407}, "PSIHOLOGIE": {"medie": 8.15, "reusita": 100.0, "cnt": 1}, "ANATOMIE SI FIZIOLOGIE UMANA, GENETICA SI ECOLOGIE UMANA": {"medie": 7.671428571428571, "reusita": 85.71428571428571, "cnt": 14}, "FIZICA TEO": {"medie": 6.449999999999999, "reusita": 50.0, "cnt": 2}, "ECONOMIE": {"medie": 5.2, "reusita": 0.0, "cnt": 2}, "LOGICA, ARGUMENTARE SI COMUNICARE": {"medie": 8.307407407407407, "reusita": 88.88888888888889, "cnt": 27}, "MATEMATICA PED": {"medie": 6.9379679144385005, "reusita": 72.72727272727273, "cnt": 187}, "INFORMATICA MI PASCAL": {"medie": 7.125, "reusita": 83.33333333333334, "cnt": 6}, "LIMBA MAGHIARA (REAL)": {"medie": 7.54261363636364, "reusita": 88.63636363636364, "cnt": 88}, "LIMBA MAGHIARA (UMAN)": {"medie": 7.448627002288318, "reusita": 90.16018306636155, "cnt": 437}}, "nume": "LICEUL PEDAGOGIC \"BOD PETER\" TARGU SECUIESC\tCovasna"}