{"specializari": {"MUZICA": 133, "ARTE PLASTICE SI DECORATIVE": 124, "FILOLOGIE": 217, "MATEMATICA-INFORMATICA": 375, "ARHITECTURA, ARTE AMBIENTALE SI DESIGN": 82, "TEHNICIAN IN ACTIVITATI ECONOMICE": 3, "TEHNICIAN DESENATOR PENTRU CONSTRUCTII SI INSTALATII": 1, "TEHNICIAN TRANSPORTURI": 1}, "limba_moderna": {"LIMBA ENGLEZA": 926, "LIMBA FRANCEZA": 10}, "limba_materna": {"LIMBA ROMANA": 936}, "promotie_anterioara": {"NU": 880, "DA": 56}, "materii": {"LIMBA ROMANA": {"medie": 7.5785790598290665, "reusita": 80.87606837606837, "cnt": 936}, "MATEMATICA MATE-INFO": {"medie": 8.065199999999999, "reusita": 87.73333333333333, "cnt": 375}, "BIOLOGIE VEGETALA SI ANIMALA": {"medie": 6.3999999999999995, "reusita": 66.66666666666666, "cnt": 3}, "GENERAL": {"medie": 7.7748931623931545, "reusita": 88.35470085470085, "cnt": 936}, "CHIMIE ORGANICA TEO NIVEL I/II": {"medie": 8.610416666666666, "reusita": 91.66666666666666, "cnt": 24}, "INFORMATICA MI C/C++": {"medie": 8.453125, "reusita": 100.0, "cnt": 16}, "CHIMIE ANORGANICA TEO NIVEL I/II": {"medie": 7.413636363636363, "reusita": 90.9090909090909, "cnt": 11}, "ISTORIE": {"medie": 7.185521582733811, "reusita": 73.56115107913669, "cnt": 556}, "GEOGRAFIE": {"medie": 7.468298969072169, "reusita": 86.08247422680412, "cnt": 194}, "PSIHOLOGIE": {"medie": 8.319230769230769, "reusita": 76.92307692307693, "cnt": 13}, "ANATOMIE SI FIZIOLOGIE UMANA, GENETICA SI ECOLOGIE UMANA": {"medie": 8.526774193548386, "reusita": 97.41935483870968, "cnt": 155}, "FIZICA TEO": {"medie": 7.981250000000001, "reusita": 86.30952380952381, "cnt": 168}, "MATEMATICA TEHN": {"medie": 4.720000000000001, "reusita": 40.0, "cnt": 5}, "ECONOMIE": {"medie": 8.583333333333334, "reusita": 83.33333333333334, "cnt": 6}, "LOGICA, ARGUMENTARE SI COMUNICARE": {"medie": 8.61507246376813, "reusita": 93.6231884057971, "cnt": 345}, "SOCIOLOGIE": {"medie": 9.3, "reusita": 100.0, "cnt": 1}}, "nume": "LICEUL DE ARTE \"IONEL PERLEA\" SLOBOZIA\tIalomi\u021ba"}