{"specializari": {"MATEMATICA-INFORMATICA": 201, "FILOLOGIE": 397, "ORGANIZATOR BANQUETING": 2, "STIINTE ALE NATURII": 3, "TEHNICIAN IN HOTELARIE": 1}, "limba_moderna": {"LIMBA ENGLEZA": 588, "LIMBA FRANCEZA": 16}, "limba_materna": {"LIMBA ROMANA": 604}, "promotie_anterioara": {"DA": 66, "NU": 538}, "materii": {"LIMBA ROMANA": {"medie": 7.034271523178812, "reusita": 73.17880794701986, "cnt": 604}, "MATEMATICA MATE-INFO": {"medie": 7.232089552238804, "reusita": 72.13930348258707, "cnt": 201}, "BIOLOGIE VEGETALA SI ANIMALA": {"medie": 6.701639344262294, "reusita": 68.85245901639344, "cnt": 61}, "GENERAL": {"medie": 7.238576158940402, "reusita": 82.28476821192054, "cnt": 604}, "CHIMIE ORGANICA TEO NIVEL I/II": {"medie": 7.600000000000001, "reusita": 85.71428571428571, "cnt": 7}, "INFORMATICA MI C/C++": {"medie": 8.007142857142856, "reusita": 92.85714285714286, "cnt": 14}, "ISTORIE": {"medie": 6.879596977329976, "reusita": 66.49874055415617, "cnt": 397}, "GEOGRAFIE": {"medie": 7.43116883116883, "reusita": 84.4155844155844, "cnt": 77}, "PSIHOLOGIE": {"medie": 7.521428571428571, "reusita": 85.71428571428571, "cnt": 7}, "MATEMATICA ST-NAT": {"medie": 3.8666666666666667, "reusita": 0.0, "cnt": 3}, "ANATOMIE SI FIZIOLOGIE UMANA, GENETICA SI ECOLOGIE UMANA": {"medie": 7.872164948453607, "reusita": 86.5979381443299, "cnt": 97}, "FIZICA TEO": {"medie": 7.561999999999999, "reusita": 80.0, "cnt": 25}, "FILOSOFIE": {"medie": 6.7, "reusita": 100.0, "cnt": 1}, "MATEMATICA TEHN": {"medie": 5.133333333333333, "reusita": 0.0, "cnt": 3}, "ECONOMIE": {"medie": 8.424999999999999, "reusita": 83.33333333333334, "cnt": 6}, "LOGICA, ARGUMENTARE SI COMUNICARE": {"medie": 7.924172185430455, "reusita": 88.74172185430463, "cnt": 302}, "SOCIOLOGIE": {"medie": 7.685714285714285, "reusita": 100.0, "cnt": 7}}, "nume": "LICEUL TEORETIC \"AUREL VLAICU\", ORASUL BREAZA\tPrahova"}