{"specializari": {"TEHNICIAN IN ACTIVITATI ECONOMICE": 112, "TEHNICIAN IN AGROTURISM": 61, "TEHNICIAN IN GASTRONOMIE": 136, "TEHNICIAN IN INDUSTRIA ALIMENTARA": 112, "TEHNICIAN MECANIC PENTRU INTRETINERE SI REPARATII": 13, "TEHNICIAN IN AGRICULTURA": 27, "TEHNICIAN AGROMONTAN": 8, "TEHNICIAN ECOLOG SI PROTECTIA CALITATII MEDIULUI": 11, "TEHNICIAN IN ACTIVITATI DE COMERT": 31}, "limba_moderna": {"LIMBA FRANCEZA": 57, "LIMBA ENGLEZA": 454}, "limba_materna": {"LIMBA ROMANA": 511}, "promotie_anterioara": {"NU": 365, "DA": 146}, "materii": {"LIMBA ROMANA": {"medie": 4.953424657534245, "reusita": 26.418786692759294, "cnt": 511}, "BIOLOGIE VEGETALA SI ANIMALA": {"medie": 3.436666666666666, "reusita": 13.333333333333334, "cnt": 15}, "GENERAL": {"medie": 5.167312459230272, "reusita": 29.354207436399214, "cnt": 511}, "GEOGRAFIE": {"medie": 6.544139194139191, "reusita": 71.42857142857143, "cnt": 273}, "PSIHOLOGIE": {"medie": 6.05, "reusita": 25.0, "cnt": 4}, "ANATOMIE SI FIZIOLOGIE UMANA, GENETICA SI ECOLOGIE UMANA": {"medie": 6.166774193548388, "reusita": 64.0552995391705, "cnt": 217}, "MATEMATICA TEHN": {"medie": 4.272407045009785, "reusita": 21.722113502935418, "cnt": 511}, "ECONOMIE": {"medie": 3.3, "reusita": 0.0, "cnt": 2}}, "nume": "LICEUL TEHNOLOGIC \"IOAN BOJOR\" REGHIN\tMure\u0219"}