{"specializari": {"MATEMATICA-INFORMATICA": 132, "FILOLOGIE": 278, "STIINTE ALE NATURII": 184, "TEHNICIAN IN AGRICULTURA": 1, "TEHNICIAN TRANSPORTURI": 1, "TEHNICIAN VETERINAR PENTRU ANIMALE DE COMPANIE": 2, "TEHNICIAN IN TURISM": 1, "TEHNICIAN IN HOTELARIE": 1, "TEHNICIAN ELECTRONIST": 1, "STIINTE SOCIALE": 4, "LICEU CU PROGRAM SPORTIV": 2}, "limba_moderna": {"LIMBA ENGLEZA": 566, "LIMBA FRANCEZA": 41}, "limba_materna": {"LIMBA ROMANA": 607}, "promotie_anterioara": {"NU": 452, "DA": 155}, "materii": {"LIMBA ROMANA": {"medie": 5.805436573311361, "reusita": 46.952224052718286, "cnt": 607}, "MATEMATICA MATE-INFO": {"medie": 4.632954545454546, "reusita": 36.36363636363637, "cnt": 132}, "BIOLOGIE VEGETALA SI ANIMALA": {"medie": 5.975, "reusita": 50.0, "cnt": 2}, "GENERAL": {"medie": 5.695908841295991, "reusita": 43.82207578253707, "cnt": 607}, "ISTORIE": {"medie": 6.384330985915487, "reusita": 58.80281690140845, "cnt": 284}, "GEOGRAFIE": {"medie": 6.8164000000000025, "reusita": 70.39999999999999, "cnt": 250}, "PSIHOLOGIE": {"medie": 7.9142857142857155, "reusita": 90.47619047619048, "cnt": 21}, "MATEMATICA ST-NAT": {"medie": 3.331249999999999, "reusita": 17.391304347826086, "cnt": 184}, "ANATOMIE SI FIZIOLOGIE UMANA, GENETICA SI ECOLOGIE UMANA": {"medie": 5.607523510971787, "reusita": 48.589341692789965, "cnt": 319}, "FILOSOFIE": {"medie": 6.889999999999999, "reusita": 70.0, "cnt": 10}, "MATEMATICA TEHN": {"medie": 4.571428571428571, "reusita": 14.285714285714285, "cnt": 7}, "SOCIOLOGIE": {"medie": 7.75, "reusita": 100.0, "cnt": 5}}, "nume": "LICEUL TEORETIC \"NICOLAE JIGA\" TINCA\tBihor"}