{"specializari": {"TEHNICIAN IN HOTELARIE": 4, "TEHNICIAN IN ACTIVITATI DE COMERT": 70, "TEHNICIAN IN ADMINISTRATIE": 88, "ORGANIZATOR BANQUETING": 9, "TEHNICIAN IN GASTRONOMIE": 49, "COAFOR STILIST": 25, "TEHNICIAN IN ACTIVITATI ECONOMICE": 290, "TEHNICIAN IN ACHIZITII SI CONTRACTARI": 193, "TEHNICIAN IN TURISM": 227, "TEHNICIAN HORTICULTOR": 2}, "limba_moderna": {"LIMBA ENGLEZA": 785, "LIMBA GERMANA MODERNA": 163, "LIMBA FRANCEZA": 9}, "limba_materna": {"LIMBA MAGHIARA": 832, "LIMBA ROMANA": 125}, "promotie_anterioara": {"DA": 194, "NU": 763}, "materii": {"LIMBA ROMANA": {"medie": 5.225653082549637, "reusita": 33.646812957157785, "cnt": 957}, "BIOLOGIE VEGETALA SI ANIMALA": {"medie": 3.0, "reusita": 0.0, "cnt": 2}, "GENERAL": {"medie": 6.392816962730762, "reusita": 58.82967607105538, "cnt": 957}, "GEOGRAFIE": {"medie": 7.200299043062208, "reusita": 82.29665071770334, "cnt": 836}, "PSIHOLOGIE": {"medie": 7.101851851851849, "reusita": 76.85185185185185, "cnt": 108}, "MATEMATICA TEHN": {"medie": 6.379017763845355, "reusita": 61.546499477533956, "cnt": 957}, "ECONOMIE": {"medie": 6.11, "reusita": 50.0, "cnt": 10}, "LOGICA, ARGUMENTARE SI COMUNICARE": {"medie": 6.0, "reusita": 100.0, "cnt": 1}, "LIMBA MAGHIARA (REAL)": {"medie": 7.00691105769231, "reusita": 82.57211538461539, "cnt": 832}}, "nume": "LICEUL TEHNOLOGIC \"JOANNES KAJONI\" MIERCUREA CIUC\tHarghita"}