{"specializari": {"LICEU CU PROGRAM SPORTIV": 612}, "limba_moderna": {"LIMBA ENGLEZA": 506, "LIMBA FRANCEZA": 106}, "limba_materna": {"LIMBA ROMANA": 612}, "promotie_anterioara": {"NU": 502, "DA": 110}, "materii": {"LIMBA ROMANA": {"medie": 5.322385620915028, "reusita": 35.45751633986928, "cnt": 612}, "GENERAL": {"medie": 5.708306100217867, "reusita": 43.790849673202615, "cnt": 612}, "ISTORIE": {"medie": 5.549591503267978, "reusita": 33.49673202614379, "cnt": 612}, "GEOGRAFIE": {"medie": 6.286767169179231, "reusita": 60.971524288107204, "cnt": 597}, "PSIHOLOGIE": {"medie": 6.009090909090909, "reusita": 63.63636363636363, "cnt": 11}, "LOGICA, ARGUMENTARE SI COMUNICARE": {"medie": 1.875, "reusita": 0.0, "cnt": 4}}, "nume": "LICEUL CU PROGRAM SPORTIV, MUNICIPIUL ROMAN\tNeam\u021b"}