{"specializari": {"MATEMATICA-INFORMATICA": 2, "STIINTE ALE NATURII": 178, "TEHNICIAN VETERINAR": 1, "TEOLOGIE ROMANO-CATOLICA": 179}, "limba_moderna": {"LIMBA ENGLEZA": 356, "LIMBA GERMANA MODERNA": 4}, "limba_materna": {"LIMBA MAGHIARA": 360}, "promotie_anterioara": {"NU": 284, "DA": 76}, "materii": {"LIMBA ROMANA": {"medie": 3.914583333333332, "reusita": 13.333333333333334, "cnt": 360}, "MATEMATICA MATE-INFO": {"medie": 8.0, "reusita": 100.0, "cnt": 2}, "GENERAL": {"medie": 5.652604166666664, "reusita": 28.055555555555557, "cnt": 360}, "ISTORIE": {"medie": 5.717039106145253, "reusita": 35.754189944134076, "cnt": 179}, "GEOGRAFIE": {"medie": 6.8309659090909065, "reusita": 71.02272727272727, "cnt": 176}, "PSIHOLOGIE": {"medie": 7.5, "reusita": 100.0, "cnt": 2}, "MATEMATICA ST-NAT": {"medie": 4.546629213483146, "reusita": 21.34831460674157, "cnt": 178}, "ANATOMIE SI FIZIOLOGIE UMANA, GENETICA SI ECOLOGIE UMANA": {"medie": 7.373055555555557, "reusita": 83.88888888888889, "cnt": 180}, "FIZICA TEO": {"medie": 4.7, "reusita": 0.0, "cnt": 1}, "FILOSOFIE": {"medie": 7.0, "reusita": 100.0, "cnt": 1}, "MATEMATICA TEHN": {"medie": 1.0, "reusita": 0.0, "cnt": 1}, "LIMBA MAGHIARA (REAL)": {"medie": 6.457638888888886, "reusita": 68.33333333333333, "cnt": 360}}, "nume": "LICEUL TEOLOGIC ROMANO-CATOLIC \"SZENT ERZSEBET\" LUNCA DE SUS\tHarghita"}