{"specializari": {"STIINTE ALE NATURII": 137, "TEHNICIAN IN ACHIZITII SI CONTRACTARI": 15}, "limba_moderna": {"LIMBA ENGLEZA": 150, "LIMBA FRANCEZA": 2}, "limba_materna": {"LIMBA ROMANA": 152}, "promotie_anterioara": {"NU": 70, "DA": 82}, "materii": {"LIMBA ROMANA": {"medie": 5.771381578947372, "reusita": 44.07894736842105, "cnt": 152}, "BIOLOGIE VEGETALA SI ANIMALA": {"medie": 4.424074074074075, "reusita": 29.629629629629626, "cnt": 27}, "GENERAL": {"medie": 4.9287280701754375, "reusita": 26.973684210526315, "cnt": 152}, "GEOGRAFIE": {"medie": 5.746666666666667, "reusita": 60.0, "cnt": 15}, "MATEMATICA ST-NAT": {"medie": 4.247080291970804, "reusita": 25.547445255474454, "cnt": 137}, "ANATOMIE SI FIZIOLOGIE UMANA, GENETICA SI ECOLOGIE UMANA": {"medie": 4.780275229357799, "reusita": 41.284403669724774, "cnt": 109}, "FIZICA TEO": {"medie": 1.95, "reusita": 0.0, "cnt": 1}, "MATEMATICA TEHN": {"medie": 3.9833333333333325, "reusita": 20.0, "cnt": 15}}, "nume": "LICEUL TEORETIC \"GH. VASILICHI\" CETATE\tDolj"}