{"specializari": {"TEHNICIAN IN INSTALATII ELECTRICE": 11, "TEHNICIAN DESENATOR PENTRU CONSTRUCTII SI INSTALATII": 14, "TEHNICIAN MECATRONIST": 35, "MATEMATICA-INFORMATICA": 39, "TEHNICIAN MECANIC PENTRU INTRETINERE SI REPARATII": 24, "TEOLOGIE ORTODOXA": 1, "FILOLOGIE": 92}, "limba_moderna": {"LIMBA ENGLEZA": 181, "LIMBA FRANCEZA": 35}, "limba_materna": {"LIMBA ROMANA": 216}, "promotie_anterioara": {"DA": 77, "NU": 139}, "materii": {"LIMBA ROMANA": {"medie": 5.7194444444444414, "reusita": 46.75925925925926, "cnt": 216}, "MATEMATICA MATE-INFO": {"medie": 4.355128205128206, "reusita": 17.94871794871795, "cnt": 39}, "BIOLOGIE VEGETALA SI ANIMALA": {"medie": 5.206034482758619, "reusita": 37.93103448275862, "cnt": 116}, "GENERAL": {"medie": 5.544135802469136, "reusita": 37.03703703703704, "cnt": 216}, "ISTORIE": {"medie": 6.404838709677421, "reusita": 62.365591397849464, "cnt": 93}, "GEOGRAFIE": {"medie": 6.743421052631579, "reusita": 64.47368421052632, "cnt": 76}, "FIZICA TEO": {"medie": 6.65, "reusita": 100.0, "cnt": 1}, "MATEMATICA TEHN": {"medie": 3.9440476190476206, "reusita": 21.428571428571427, "cnt": 84}, "FIZICA TEH": {"medie": 5.075, "reusita": 33.33333333333333, "cnt": 6}, "LOGICA, ARGUMENTARE SI COMUNICARE": {"medie": 6.288235294117647, "reusita": 64.70588235294117, "cnt": 17}}, "nume": "LICEUL TEHNOLOGIC \"SF. MUCENIC SAVA\" COMUNA BERCA\tBuz\u0103u"}