{"specializari": {"MATEMATICA-INFORMATICA": 45, "STIINTE ALE NATURII": 157, "FILOLOGIE": 164, "STIINTE SOCIALE": 241}, "limba_moderna": {"LIMBA ENGLEZA": 497, "LIMBA FRANCEZA": 106, "LIMBA RUSA": 4}, "limba_materna": {"LIMBA ROMANA": 607}, "promotie_anterioara": {"NU": 450, "DA": 157}, "materii": {"LIMBA ROMANA": {"medie": 5.944069192751236, "reusita": 45.46952224052718, "cnt": 607}, "MATEMATICA MATE-INFO": {"medie": 5.352222222222223, "reusita": 31.11111111111111, "cnt": 45}, "BIOLOGIE VEGETALA SI ANIMALA": {"medie": 5.5313333333333325, "reusita": 41.333333333333336, "cnt": 150}, "GENERAL": {"medie": 6.317957166392094, "reusita": 60.13179571663921, "cnt": 607}, "CHIMIE ORGANICA TEO NIVEL I/II": {"medie": 6.077272727272728, "reusita": 54.54545454545454, "cnt": 11}, "INFORMATICA MI C/C++": {"medie": 6.0, "reusita": 100.0, "cnt": 1}, "CHIMIE ANORGANICA TEO NIVEL I/II": {"medie": 6.225, "reusita": 50.0, "cnt": 10}, "ISTORIE": {"medie": 6.761111111111116, "reusita": 60.98765432098765, "cnt": 405}, "GEOGRAFIE": {"medie": 7.321621621621622, "reusita": 88.28828828828829, "cnt": 222}, "PSIHOLOGIE": {"medie": 7.295833333333332, "reusita": 91.66666666666666, "cnt": 12}, "MATEMATICA ST-NAT": {"medie": 5.383439490445859, "reusita": 42.675159235668794, "cnt": 157}, "ANATOMIE SI FIZIOLOGIE UMANA, GENETICA SI ECOLOGIE UMANA": {"medie": 5.254999999999999, "reusita": 40.0, "cnt": 20}, "FIZICA TEO": {"medie": 5.550000000000001, "reusita": 50.0, "cnt": 4}, "FILOSOFIE": {"medie": 6.8199999999999985, "reusita": 60.0, "cnt": 5}, "INFORMATICA SN C/C++": {"medie": 7.933333333333334, "reusita": 100.0, "cnt": 6}, "ECONOMIE": {"medie": 8.75, "reusita": 100.0, "cnt": 1}, "LOGICA, ARGUMENTARE SI COMUNICARE": {"medie": 7.214864864864865, "reusita": 81.08108108108108, "cnt": 148}, "SOCIOLOGIE": {"medie": 6.432352941176471, "reusita": 58.82352941176471, "cnt": 17}}, "nume": "LICEUL TEORETIC \"MIHAIL SEBASTIAN\"\tBr\u0103ila"}