{"specializari": {"MATEMATICA-INFORMATICA": 199, "FILOLOGIE": 167, "STIINTE ALE NATURII": 200, "TEHNICIAN ELECTRONIST": 1}, "limba_moderna": {"LIMBA ENGLEZA": 539, "LIMBA FRANCEZA": 28}, "limba_materna": {"LIMBA ROMANA": 567}, "promotie_anterioara": {"NU": 506, "DA": 61}, "materii": {"LIMBA ROMANA": {"medie": 6.827954144620811, "reusita": 69.1358024691358, "cnt": 567}, "MATEMATICA MATE-INFO": {"medie": 8.6929648241206, "reusita": 93.46733668341709, "cnt": 199}, "GENERAL": {"medie": 7.098530276308061, "reusita": 71.78130511463846, "cnt": 567}, "CHIMIE ORGANICA TEO NIVEL I/II": {"medie": 8.51, "reusita": 100.0, "cnt": 15}, "INFORMATICA MI C/C++": {"medie": 8.105555555555556, "reusita": 88.88888888888889, "cnt": 9}, "CHIMIE ANORGANICA TEO NIVEL I/II": {"medie": 7.275, "reusita": 100.0, "cnt": 2}, "ISTORIE": {"medie": 6.20329341317365, "reusita": 43.712574850299404, "cnt": 167}, "GEOGRAFIE": {"medie": 6.433673469387755, "reusita": 61.224489795918366, "cnt": 98}, "PSIHOLOGIE": {"medie": 6.739062500000001, "reusita": 70.3125, "cnt": 64}, "MATEMATICA ST-NAT": {"medie": 5.620249999999996, "reusita": 48.5, "cnt": 200}, "ANATOMIE SI FIZIOLOGIE UMANA, GENETICA SI ECOLOGIE UMANA": {"medie": 7.653151260504202, "reusita": 86.5546218487395, "cnt": 238}, "FIZICA TEO": {"medie": 8.752222222222219, "reusita": 94.81481481481482, "cnt": 135}, "FILOSOFIE": {"medie": 1.0, "reusita": 0.0, "cnt": 1}, "MATEMATICA TEHN": {"medie": 5.7, "reusita": 0.0, "cnt": 1}, "FIZICA TEH": {"medie": 1.0, "reusita": 0.0, "cnt": 1}, "ECONOMIE": {"medie": 5.45, "reusita": 0.0, "cnt": 2}, "SOCIOLOGIE": {"medie": 7.35, "reusita": 100.0, "cnt": 2}}, "nume": "LICEUL TEORETIC \"ANGHEL SALIGNY\" CERNAVODA\tConstan\u021ba"}