{"specializari": {"TEHNICIAN TRANSPORTURI": 143, "TEHNICIAN ELECTROTEHNIST": 28, "TEHNICIAN MECATRONIST": 72, "TEHNICIAN OPERATOR TEHNICA DE CALCUL": 121, "TEHNICIAN ELECTRICIAN/ELECTRONIST AUTO": 107, "TEHNICIAN MECANIC PENTRU INTRETINERE SI REPARATII": 24, "STIINTE SOCIALE": 5, "TEHNICIAN IN INDUSTRIA ALIMENTARA": 2}, "limba_moderna": {"LIMBA ENGLEZA": 500, "LIMBA FRANCEZA": 2}, "limba_materna": {"LIMBA ROMANA": 502}, "promotie_anterioara": {"NU": 260, "DA": 242}, "materii": {"LIMBA ROMANA": {"medie": 4.632071713147413, "reusita": 18.326693227091635, "cnt": 502}, "BIOLOGIE VEGETALA SI ANIMALA": {"medie": 3.564857881136954, "reusita": 15.762273901808785, "cnt": 387}, "GENERAL": {"medie": 4.037981407702526, "reusita": 11.952191235059761, "cnt": 502}, "ISTORIE": {"medie": 4.01, "reusita": 0.0, "cnt": 5}, "ANATOMIE SI FIZIOLOGIE UMANA, GENETICA SI ECOLOGIE UMANA": {"medie": 3.2, "reusita": 0.0, "cnt": 1}, "MATEMATICA TEHN": {"medie": 4.005231388329976, "reusita": 21.32796780684105, "cnt": 497}, "FIZICA TEH": {"medie": 3.103, "reusita": 10.0, "cnt": 100}, "SOCIOLOGIE": {"medie": 5.319999999999999, "reusita": 40.0, "cnt": 5}, "CHIMIE ANORGANICA TEH NIVEL I/II": {"medie": 3.0625, "reusita": 0.0, "cnt": 4}, "CHIMIE ORGANICA TEH NIVEL I/II": {"medie": 2.66, "reusita": 0.0, "cnt": 5}}, "nume": "LICEUL TEHNOLOGIC \"DIMITRIE LEONIDA\" CONSTANTA\tConstan\u021ba"}