{"specializari": {"TEHNICIAN OPERATOR TEHNICA DE CALCUL": 170, "TEHNICIAN ECOLOG SI PROTECTIA CALITATII MEDIULUI": 109, "TEHNICIAN IN ACTIVITATI ECONOMICE": 169, "TEHNICIAN IN TURISM": 146, "TEHNICIAN DESIGNER VESTIMENTAR": 6, "TEHNICIAN MECATRONIST": 5, "TEHNICIAN AGRONOM": 1, "TEHNICIAN IN HOTELARIE": 4, "TEOLOGIE GRECO-CATOLICA": 1, "TEHNICIAN TRANSPORTURI": 4, "TEHNICIAN IN ACTIVITATI DE COMERT": 2, "STIINTE SOCIALE": 27, "MATEMATICA-INFORMATICA": 1}, "limba_moderna": {"LIMBA ENGLEZA": 630, "LIMBA FRANCEZA": 15}, "limba_materna": {"LIMBA ROMANA": 645}, "promotie_anterioara": {"NU": 547, "DA": 98}, "materii": {"LIMBA ROMANA": {"medie": 6.1591472868217085, "reusita": 54.72868217054263, "cnt": 645}, "MATEMATICA MATE-INFO": {"medie": 1.7, "reusita": 0.0, "cnt": 1}, "BIOLOGIE VEGETALA SI ANIMALA": {"medie": 6.511849710982657, "reusita": 69.36416184971098, "cnt": 173}, "GENERAL": {"medie": 6.196821705426355, "reusita": 54.88372093023256, "cnt": 645}, "ISTORIE": {"medie": 5.510714285714287, "reusita": 46.42857142857143, "cnt": 28}, "GEOGRAFIE": {"medie": 7.084730538922164, "reusita": 78.74251497005989, "cnt": 334}, "PSIHOLOGIE": {"medie": 6.733333333333334, "reusita": 66.66666666666666, "cnt": 3}, "ANATOMIE SI FIZIOLOGIE UMANA, GENETICA SI ECOLOGIE UMANA": {"medie": 7.798598130841121, "reusita": 85.04672897196261, "cnt": 107}, "FILOSOFIE": {"medie": 4.6000000000000005, "reusita": 9.090909090909092, "cnt": 11}, "MATEMATICA TEHN": {"medie": 5.418100649350648, "reusita": 42.2077922077922, "cnt": 616}, "FIZICA TEH": {"medie": 9.25, "reusita": 100.0, "cnt": 1}, "SOCIOLOGIE": {"medie": 7.8, "reusita": 100.0, "cnt": 1}, "CHIMIE ANORGANICA TEH NIVEL I/II": {"medie": 7.146428571428571, "reusita": 78.57142857142857, "cnt": 14}, "CHIMIE ORGANICA TEH NIVEL I/II": {"medie": 9.45, "reusita": 100.0, "cnt": 1}}, "nume": "LICEUL TEHNOLOGIC \"IONITA G. ANDRON\" NEGRESTI-OAS\tSatu-Mare"}