{"specializari": {"FILOLOGIE": 193, "STIINTE ALE NATURII": 315, "MATEMATICA-INFORMATICA": 323}, "limba_moderna": {"LIMBA ENGLEZA": 818, "LIMBA FRANCEZA": 10, "LIMBA SPANIOLA": 2, "LIMBA GERMANA MODERNA": 1}, "limba_materna": {"LIMBA ROMANA": 831}, "promotie_anterioara": {"NU": 830, "DA": 1}, "materii": {"LIMBA ROMANA": {"medie": 8.873525872442848, "reusita": 99.15764139590854, "cnt": 831}, "MATEMATICA MATE-INFO": {"medie": 9.401547987616103, "reusita": 99.38080495356037, "cnt": 323}, "BIOLOGIE VEGETALA SI ANIMALA": {"medie": 9.001785714285715, "reusita": 100.0, "cnt": 28}, "GENERAL": {"medie": 9.156698756518253, "reusita": 99.63898916967509, "cnt": 831}, "CHIMIE ORGANICA TEO NIVEL I/II": {"medie": 9.365, "reusita": 100.0, "cnt": 40}, "INFORMATICA MI C/C++": {"medie": 9.316666666666668, "reusita": 100.0, "cnt": 6}, "CHIMIE ANORGANICA TEO NIVEL I/II": {"medie": 9.334782608695651, "reusita": 100.0, "cnt": 23}, "ISTORIE": {"medie": 9.218393782383421, "reusita": 98.96373056994818, "cnt": 193}, "GEOGRAFIE": {"medie": 8.819014084507044, "reusita": 97.1830985915493, "cnt": 71}, "PSIHOLOGIE": {"medie": 8.900000000000002, "reusita": 100.0, "cnt": 22}, "MATEMATICA ST-NAT": {"medie": 9.316349206349205, "reusita": 99.68253968253968, "cnt": 315}, "ANATOMIE SI FIZIOLOGIE UMANA, GENETICA SI ECOLOGIE UMANA": {"medie": 9.478486055776894, "reusita": 99.60159362549801, "cnt": 251}, "FIZICA TEO": {"medie": 9.25, "reusita": 100.0, "cnt": 30}, "FILOSOFIE": {"medie": 6.8999999999999995, "reusita": 66.66666666666666, "cnt": 3}, "INFORMATICA SN C/C++": {"medie": 9.413333333333332, "reusita": 100.0, "cnt": 15}, "ECONOMIE": {"medie": 8.2, "reusita": 100.0, "cnt": 1}, "LOGICA, ARGUMENTARE SI COMUNICARE": {"medie": 9.309677419354838, "reusita": 100.0, "cnt": 93}, "SOCIOLOGIE": {"medie": 7.716666666666666, "reusita": 66.66666666666666, "cnt": 3}, "INFORMATICA MI PASCAL": {"medie": 9.251054852320676, "reusita": 99.57805907172997, "cnt": 237}, "INFORMATICA SN PASCAL": {"medie": 9.4875, "reusita": 100.0, "cnt": 8}}, "nume": "LICEUL TEORETIC \"NICOLAE BALCESCU\" CLUJ-NAPOCA\tCluj"}