{"specializari": {"STIINTE ALE NATURII": 268, "TEHNICIAN IN ACTIVITATI ECONOMICE": 271, "MATEMATICA-INFORMATICA": 174, "TEHNICIAN MECANIC PENTRU INTRETINERE SI REPARATII": 240, "TEHNICIAN IN INDUSTRIA TEXTILA": 37, "FILOLOGIE": 233, "TEHNICIAN VETERINAR": 73}, "limba_moderna": {"LIMBA ENGLEZA": 967, "LIMBA FRANCEZA": 329}, "limba_materna": {"LIMBA ROMANA": 1296}, "promotie_anterioara": {"NU": 1054, "DA": 242}, "materii": {"LIMBA ROMANA": {"medie": 5.849112654320994, "reusita": 52.46913580246913, "cnt": 1296}, "MATEMATICA MATE-INFO": {"medie": 5.745402298850574, "reusita": 52.29885057471264, "cnt": 174}, "BIOLOGIE VEGETALA SI ANIMALA": {"medie": 2.6637362637362636, "reusita": 5.86080586080586, "cnt": 273}, "GENERAL": {"medie": 5.597170781892993, "reusita": 46.06481481481482, "cnt": 1296}, "CHIMIE ORGANICA TEO NIVEL I/II": {"medie": 9.3, "reusita": 100.0, "cnt": 1}, "INFORMATICA MI C/C++": {"medie": 6.322222222222222, "reusita": 66.66666666666666, "cnt": 9}, "CHIMIE ANORGANICA TEO NIVEL I/II": {"medie": 8.8, "reusita": 100.0, "cnt": 1}, "ISTORIE": {"medie": 7.274463519313306, "reusita": 75.53648068669528, "cnt": 233}, "GEOGRAFIE": {"medie": 7.223475609756091, "reusita": 77.23577235772358, "cnt": 492}, "PSIHOLOGIE": {"medie": 7.516666666666667, "reusita": 83.33333333333334, "cnt": 6}, "MATEMATICA ST-NAT": {"medie": 5.813619402985072, "reusita": 51.49253731343284, "cnt": 268}, "ANATOMIE SI FIZIOLOGIE UMANA, GENETICA SI ECOLOGIE UMANA": {"medie": 6.733434343434346, "reusita": 68.28282828282828, "cnt": 495}, "FIZICA TEO": {"medie": 7.737499999999999, "reusita": 75.0, "cnt": 4}, "MATEMATICA TEHN": {"medie": 3.367632850241546, "reusita": 17.06924315619968, "cnt": 621}, "FIZICA TEH": {"medie": 2.7875000000000005, "reusita": 25.0, "cnt": 8}, "INFORMATICA SN C/C++": {"medie": 5.1, "reusita": 0.0, "cnt": 1}, "ECONOMIE": {"medie": 7.45, "reusita": 100.0, "cnt": 1}, "LOGICA, ARGUMENTARE SI COMUNICARE": {"medie": 7.45, "reusita": 80.0, "cnt": 5}}, "nume": "LICEUL TEHNOLOGIC PETRACHE POENARU, ORAS BALCESTI\tV\u00e2lcea"}