{"specializari": {"TEHNICIAN MECANIC PENTRU INTRETINERE SI REPARATII": 9, "TEHNICIAN DESENATOR PENTRU CONSTRUCTII SI INSTALATII": 38, "MATEMATICA-INFORMATICA": 54, "TEHNICIAN DESIGNER VESTIMENTAR": 50, "TEHNICIAN TRANSPORTURI": 38, "TEHNICIAN IN CONSTRUCTII SI LUCRARI PUBLICE": 18, "TEHNICIAN PROIECTANT CAD": 53, "TEHNICIAN INSTALATOR PENTRU CONSTRUCTII": 13, "TEHNICIAN OPERATOR PROCESARE TEXT IMAGINE": 2, "TEHNICIAN IN AGRICULTURA": 2, "TEHNICIAN IN GASTRONOMIE": 31, "TEHNICIAN DESIGNER MOBILA SI AMENAJARI INTERIOARE": 6, "TEHNICIAN IN PRELUCRAREA LEMNULUI": 1}, "limba_moderna": {"LIMBA ENGLEZA": 294, "LIMBA FRANCEZA": 21}, "limba_materna": {"LIMBA ROMANA": 315}, "promotie_anterioara": {"NU": 153, "DA": 162}, "materii": {"LIMBA ROMANA": {"medie": 5.1455555555555526, "reusita": 29.841269841269842, "cnt": 315}, "MATEMATICA MATE-INFO": {"medie": 4.185185185185184, "reusita": 16.666666666666664, "cnt": 54}, "BIOLOGIE VEGETALA SI ANIMALA": {"medie": 4.218435754189945, "reusita": 28.49162011173184, "cnt": 179}, "GENERAL": {"medie": 4.735555555555557, "reusita": 21.904761904761905, "cnt": 315}, "INFORMATICA MI C/C++": {"medie": 5.543750000000001, "reusita": 43.75, "cnt": 16}, "CHIMIE ANORGANICA TEO NIVEL I/II": {"medie": 5.8, "reusita": 80.0, "cnt": 5}, "GEOGRAFIE": {"medie": 6.096666666666667, "reusita": 60.0, "cnt": 15}, "PSIHOLOGIE": {"medie": 6.4, "reusita": 62.5, "cnt": 8}, "ANATOMIE SI FIZIOLOGIE UMANA, GENETICA SI ECOLOGIE UMANA": {"medie": 6.511538461538461, "reusita": 38.46153846153847, "cnt": 13}, "FIZICA TEO": {"medie": 5.492857142857143, "reusita": 42.857142857142854, "cnt": 7}, "MATEMATICA TEHN": {"medie": 4.379693486590038, "reusita": 23.371647509578544, "cnt": 261}, "FIZICA TEH": {"medie": 9.8, "reusita": 100.0, "cnt": 1}, "ECONOMIE": {"medie": 5.628571428571428, "reusita": 71.42857142857143, "cnt": 7}, "LOGICA, ARGUMENTARE SI COMUNICARE": {"medie": 2.65, "reusita": 0.0, "cnt": 1}, "CHIMIE ANORGANICA TEH NIVEL I/II": {"medie": 4.678571428571429, "reusita": 23.809523809523807, "cnt": 63}}, "nume": "LICEUL TEHNOLOGIC \"ANGHEL SALIGNY\" BACAU\tBac\u0103u"}