{"specializari": {"STIINTE ALE NATURII": 227, "MATEMATICA-INFORMATICA": 170, "STIINTE SOCIALE": 206, "FILOLOGIE": 203}, "limba_moderna": {"LIMBA FRANCEZA": 43, "LIMBA ENGLEZA": 724, "LIMBA GERMANA MODERNA": 39}, "limba_materna": {"LIMBA ROMANA": 806}, "promotie_anterioara": {"NU": 787, "DA": 19}, "materii": {"LIMBA ROMANA": {"medie": 8.136724565756833, "reusita": 93.79652605459057, "cnt": 806}, "MATEMATICA MATE-INFO": {"medie": 7.784117647058819, "reusita": 92.94117647058823, "cnt": 170}, "BIOLOGIE VEGETALA SI ANIMALA": {"medie": 5.949999999999999, "reusita": 75.0, "cnt": 4}, "GENERAL": {"medie": 8.312200165425974, "reusita": 97.14640198511167, "cnt": 806}, "CHIMIE ORGANICA TEO NIVEL I/II": {"medie": 8.841666666666667, "reusita": 100.0, "cnt": 12}, "INFORMATICA MI C/C++": {"medie": 7.648148148148149, "reusita": 88.88888888888889, "cnt": 54}, "CHIMIE ANORGANICA TEO NIVEL I/II": {"medie": 9.85, "reusita": 100.0, "cnt": 1}, "ISTORIE": {"medie": 8.36381418092909, "reusita": 92.42053789731052, "cnt": 409}, "GEOGRAFIE": {"medie": 8.468, "reusita": 98.66666666666667, "cnt": 75}, "PSIHOLOGIE": {"medie": 8.461111111111112, "reusita": 100.0, "cnt": 9}, "MATEMATICA ST-NAT": {"medie": 8.27951541850221, "reusita": 91.62995594713657, "cnt": 227}, "ANATOMIE SI FIZIOLOGIE UMANA, GENETICA SI ECOLOGIE UMANA": {"medie": 8.817868338558, "reusita": 96.86520376175548, "cnt": 319}, "FIZICA TEO": {"medie": 6.385714285714285, "reusita": 57.14285714285714, "cnt": 7}, "FILOSOFIE": {"medie": 8.67093023255814, "reusita": 97.67441860465115, "cnt": 43}, "LOGICA, ARGUMENTARE SI COMUNICARE": {"medie": 8.590000000000005, "reusita": 96.78571428571429, "cnt": 280}, "SOCIOLOGIE": {"medie": 8.75, "reusita": 100.0, "cnt": 2}}, "nume": "LICEUL TEORETIC \"AUREL LAZAR\" ORADEA\tBihor"}