{"specializari": {"STIINTE ALE NATURII": 319, "MATEMATICA-INFORMATICA": 486, "FILOLOGIE": 281, "STIINTE SOCIALE": 351}, "limba_moderna": {"LIMBA ENGLEZA": 1304, "LIMBA FRANCEZA": 133}, "limba_materna": {"LIMBA ROMANA": 1437}, "promotie_anterioara": {"NU": 1323, "DA": 114}, "materii": {"LIMBA ROMANA": {"medie": 7.347216423103695, "reusita": 82.04592901878914, "cnt": 1437}, "MATEMATICA MATE-INFO": {"medie": 6.6774691358024745, "reusita": 65.84362139917695, "cnt": 486}, "BIOLOGIE VEGETALA SI ANIMALA": {"medie": 7.417509363295884, "reusita": 82.95880149812734, "cnt": 534}, "GENERAL": {"medie": 7.407898399443299, "reusita": 85.17745302713988, "cnt": 1437}, "CHIMIE ORGANICA TEO NIVEL I/II": {"medie": 7.458888888888889, "reusita": 84.44444444444444, "cnt": 45}, "INFORMATICA MI C/C++": {"medie": 6.934057971014494, "reusita": 73.91304347826086, "cnt": 69}, "CHIMIE ANORGANICA TEO NIVEL I/II": {"medie": 6.671428571428571, "reusita": 42.857142857142854, "cnt": 7}, "ISTORIE": {"medie": 7.582357594936712, "reusita": 83.06962025316456, "cnt": 632}, "GEOGRAFIE": {"medie": 8.248279569892473, "reusita": 94.6236559139785, "cnt": 465}, "PSIHOLOGIE": {"medie": 7.880645161290323, "reusita": 93.54838709677419, "cnt": 31}, "MATEMATICA ST-NAT": {"medie": 6.826959247648906, "reusita": 74.60815047021944, "cnt": 319}, "ANATOMIE SI FIZIOLOGIE UMANA, GENETICA SI ECOLOGIE UMANA": {"medie": 7.98253968253968, "reusita": 85.71428571428571, "cnt": 63}, "FIZICA TEO": {"medie": 7.623529411764707, "reusita": 87.05882352941177, "cnt": 85}, "INFORMATICA SN C/C++": {"medie": 7.95, "reusita": 100.0, "cnt": 2}, "ECONOMIE": {"medie": 8.207142857142857, "reusita": 100.0, "cnt": 7}, "LOGICA, ARGUMENTARE SI COMUNICARE": {"medie": 8.428571428571429, "reusita": 93.87755102040816, "cnt": 49}, "SOCIOLOGIE": {"medie": 7.7956249999999985, "reusita": 83.75, "cnt": 80}}, "nume": "LICEUL TEORETIC \"TUDOR VLADIMIRESCU\"\tBucure\u0219ti"}