{"specializari": {"MATEMATICA-INFORMATICA": 248, "FILOLOGIE": 374, "STIINTE SOCIALE": 307, "TEHNICIAN IN CONSTRUCTII SI LUCRARI PUBLICE": 1, "TEHNICIAN IN INSTALATII ELECTRICE": 1}, "limba_moderna": {"LIMBA ENGLEZA": 877, "LIMBA FRANCEZA": 54}, "limba_materna": {"LIMBA ROMANA": 931}, "promotie_anterioara": {"NU": 742, "DA": 189}, "materii": {"LIMBA ROMANA": {"medie": 6.429914070891516, "reusita": 57.03544575725027, "cnt": 931}, "MATEMATICA MATE-INFO": {"medie": 7.123790322580648, "reusita": 69.75806451612904, "cnt": 248}, "BIOLOGIE VEGETALA SI ANIMALA": {"medie": 6.5, "reusita": 57.14285714285714, "cnt": 14}, "GENERAL": {"medie": 6.654171142141072, "reusita": 65.3061224489796, "cnt": 931}, "CHIMIE ORGANICA TEO NIVEL I/II": {"medie": 9.25, "reusita": 100.0, "cnt": 2}, "ISTORIE": {"medie": 5.923715124816446, "reusita": 39.94126284875183, "cnt": 681}, "GEOGRAFIE": {"medie": 7.045725646123265, "reusita": 74.35387673956262, "cnt": 503}, "PSIHOLOGIE": {"medie": 5.2, "reusita": 0.0, "cnt": 1}, "ANATOMIE SI FIZIOLOGIE UMANA, GENETICA SI ECOLOGIE UMANA": {"medie": 8.00021929824561, "reusita": 81.57894736842105, "cnt": 228}, "FIZICA TEO": {"medie": 6.800000000000001, "reusita": 66.66666666666666, "cnt": 6}, "FILOSOFIE": {"medie": 4.725, "reusita": 50.0, "cnt": 2}, "MATEMATICA TEHN": {"medie": 3.0, "reusita": 0.0, "cnt": 2}, "LOGICA, ARGUMENTARE SI COMUNICARE": {"medie": 7.824999999999999, "reusita": 100.0, "cnt": 2}, "SOCIOLOGIE": {"medie": 7.187572254335261, "reusita": 75.72254335260115, "cnt": 173}}, "nume": "LICEUL TEORETIC \"CONSTANTIN BRANCOVEANU\" DABULENI\tDolj"}