{"specializari": {"TEHNICIAN IN ADMINISTRATIE": 280, "TEHNICIAN DESENATOR PENTRU CONSTRUCTII SI INSTALATII": 43, "TEHNICIAN PROIECTANT CAD": 8, "TEHNICIAN IN INDUSTRIA TEXTILA": 9}, "limba_moderna": {"LIMBA ENGLEZA": 290, "LIMBA FRANCEZA": 50}, "limba_materna": {"LIMBA ROMANA": 340}, "promotie_anterioara": {"NU": 301, "DA": 39}, "materii": {"LIMBA ROMANA": {"medie": 6.771470588235292, "reusita": 72.35294117647058, "cnt": 340}, "BIOLOGIE VEGETALA SI ANIMALA": {"medie": 5.901, "reusita": 52.0, "cnt": 50}, "GENERAL": {"medie": 6.850343137254902, "reusita": 71.47058823529412, "cnt": 340}, "GEOGRAFIE": {"medie": 7.723476702508957, "reusita": 91.39784946236558, "cnt": 279}, "PSIHOLOGIE": {"medie": 6.4, "reusita": 100.0, "cnt": 1}, "ANATOMIE SI FIZIOLOGIE UMANA, GENETICA SI ECOLOGIE UMANA": {"medie": 5.2125, "reusita": 50.0, "cnt": 4}, "MATEMATICA TEHN": {"medie": 6.404117647058829, "reusita": 60.0, "cnt": 340}, "FIZICA TEH": {"medie": 5.083333333333333, "reusita": 16.666666666666664, "cnt": 6}}, "nume": "LICEUL TEHNOLOGIC \"VICTOR MIHAILESCU CRAIU\", BELCESTI\tIa\u0219i"}