{"specializari": {"TEHNICIAN IN INDUSTRIA TEXTILA": 70}, "limba_moderna": {"LIMBA ENGLEZA": 70}, "limba_materna": {"LIMBA ROMANA": 70}, "promotie_anterioara": {"NU": 56, "DA": 14}, "materii": {"LIMBA ROMANA": {"medie": 4.672857142857142, "reusita": 22.857142857142858, "cnt": 70}, "BIOLOGIE VEGETALA SI ANIMALA": {"medie": 3.75, "reusita": 14.285714285714285, "cnt": 70}, "GENERAL": {"medie": 3.9830952380952382, "reusita": 17.142857142857142, "cnt": 70}, "MATEMATICA TEHN": {"medie": 3.5264285714285717, "reusita": 22.857142857142858, "cnt": 70}}, "nume": "LICEUL TEHNOLOGIC \"DIMITRIE CANTEMIR\", SAT FALCIU\tVaslui"}