{"specializari": {"FILOLOGIE": 223, "MATEMATICA-INFORMATICA": 158, "TEHNICIAN IN ACTIVITATI ECONOMICE": 190, "STIINTE SOCIALE": 1}, "limba_moderna": {"LIMBA ENGLEZA": 558, "LIMBA GERMANA MODERNA": 14}, "limba_materna": {"LIMBA MAGHIARA": 571, "LIMBA ROMANA": 1}, "promotie_anterioara": {"NU": 546, "DA": 26}, "materii": {"LIMBA ROMANA": {"medie": 7.174737762237756, "reusita": 78.14685314685315, "cnt": 572}, "MATEMATICA MATE-INFO": {"medie": 8.288291139240508, "reusita": 94.30379746835443, "cnt": 158}, "BIOLOGIE VEGETALA SI ANIMALA": {"medie": 8.323809523809524, "reusita": 100.0, "cnt": 21}, "GENERAL": {"medie": 7.867395104895108, "reusita": 93.53146853146853, "cnt": 572}, "CHIMIE ORGANICA TEO NIVEL I/II": {"medie": 8.245000000000001, "reusita": 90.0, "cnt": 10}, "INFORMATICA MI C/C++": {"medie": 8.84491525423729, "reusita": 100.0, "cnt": 59}, "CHIMIE ANORGANICA TEO NIVEL I/II": {"medie": 7.2, "reusita": 66.66666666666666, "cnt": 3}, "ISTORIE": {"medie": 8.09888392857143, "reusita": 92.41071428571429, "cnt": 224}, "GEOGRAFIE": {"medie": 8.109228650137752, "reusita": 96.41873278236915, "cnt": 363}, "PSIHOLOGIE": {"medie": 8.3, "reusita": 93.75, "cnt": 16}, "ANATOMIE SI FIZIOLOGIE UMANA, GENETICA SI ECOLOGIE UMANA": {"medie": 8.6175, "reusita": 95.0, "cnt": 40}, "FIZICA TEO": {"medie": 7.2280000000000015, "reusita": 84.0, "cnt": 25}, "FILOSOFIE": {"medie": 8.55, "reusita": 93.54838709677419, "cnt": 31}, "MATEMATICA TEHN": {"medie": 8.123947368421051, "reusita": 93.6842105263158, "cnt": 190}, "ECONOMIE": {"medie": 5.266666666666667, "reusita": 33.33333333333333, "cnt": 3}, "LOGICA, ARGUMENTARE SI COMUNICARE": {"medie": 7.0, "reusita": 100.0, "cnt": 1}, "LIMBA MAGHIARA (REAL)": {"medie": 7.8484195402298775, "reusita": 96.26436781609196, "cnt": 348}, "LIMBA MAGHIARA (UMAN)": {"medie": 8.082511210762334, "reusita": 96.41255605381166, "cnt": 223}}, "nume": "LICEUL TEORETIC \"APACZAI CSERE JANOS\" CLUJ-NAPOCA\tCluj"}