{"specializari": {"TEHNICIAN IN ACTIVITATI ECONOMICE": 166, "STIINTE ALE NATURII": 63, "TEHNICIAN IN ACTIVITATI DE COMERT": 89, "TEHNICIAN AGROMONTAN": 9}, "limba_moderna": {"LIMBA ENGLEZA": 325, "LIMBA FRANCEZA": 2}, "limba_materna": {"LIMBA ROMANA": 327}, "promotie_anterioara": {"NU": 249, "DA": 78}, "materii": {"LIMBA ROMANA": {"medie": 5.51223241590214, "reusita": 40.36697247706422, "cnt": 327}, "BIOLOGIE VEGETALA SI ANIMALA": {"medie": 5.725, "reusita": 0.0, "cnt": 2}, "GENERAL": {"medie": 5.456523955147805, "reusita": 41.896024464831804, "cnt": 327}, "GEOGRAFIE": {"medie": 5.962156862745099, "reusita": 60.0, "cnt": 255}, "MATEMATICA ST-NAT": {"medie": 4.890476190476191, "reusita": 31.746031746031743, "cnt": 63}, "ANATOMIE SI FIZIOLOGIE UMANA, GENETICA SI ECOLOGIE UMANA": {"medie": 7.163571428571426, "reusita": 77.14285714285715, "cnt": 70}, "MATEMATICA TEHN": {"medie": 4.579545454545453, "reusita": 32.95454545454545, "cnt": 264}}, "nume": "LICEUL \"SEVER BOCU\" LIPOVA\tArad"}