{"specializari": {"TEHNICIAN IN SILVICULTURA SI EXPLOATARI FORESTIERE": 382, "TEHNICIAN IN PRELUCRAREA LEMNULUI": 11, "MATEMATICA-INFORMATICA": 5, "TEHNICIAN MECATRONIST": 3, "TEHNICIAN ECOLOG SI PROTECTIA CALITATII MEDIULUI": 3}, "limba_moderna": {"LIMBA ENGLEZA": 347, "LIMBA FRANCEZA": 57}, "limba_materna": {"LIMBA ROMANA": 404}, "promotie_anterioara": {"NU": 278, "DA": 126}, "materii": {"LIMBA ROMANA": {"medie": 5.602227722772278, "reusita": 37.87128712871287, "cnt": 404}, "MATEMATICA MATE-INFO": {"medie": 5.340000000000001, "reusita": 0.0, "cnt": 5}, "BIOLOGIE VEGETALA SI ANIMALA": {"medie": 5.631465295629821, "reusita": 46.27249357326478, "cnt": 389}, "GENERAL": {"medie": 5.398135313531351, "reusita": 35.148514851485146, "cnt": 404}, "ANATOMIE SI FIZIOLOGIE UMANA, GENETICA SI ECOLOGIE UMANA": {"medie": 5.0, "reusita": 37.5, "cnt": 8}, "MATEMATICA TEHN": {"medie": 4.9733082706766885, "reusita": 34.83709273182957, "cnt": 399}, "FIZICA TEH": {"medie": 5.15, "reusita": 0.0, "cnt": 2}, "INFORMATICA MI PASCAL": {"medie": 5.05, "reusita": 0.0, "cnt": 4}, "CHIMIE ORGANICA TEH NIVEL I/II": {"medie": 7.05, "reusita": 100.0, "cnt": 1}}, "nume": "LICEUL SILVIC GURGHIU\tMure\u0219"}