{"specializari": {"MATEMATICA-INFORMATICA": 183, "TEHNICIAN MECATRONIST": 139, "TEHNICIAN MECANIC PENTRU INTRETINERE SI REPARATII": 141, "TEHNICIAN INSTALATOR PENTRU CONSTRUCTII": 123, "TEHNICIAN IN INSTALATII ELECTRICE": 187, "STIINTE ALE NATURII": 33, "TEHNICIAN ELECTROTEHNIST": 243, "TEHNICIAN ELECTROMECANIC": 137, "TEHNICIAN IN AUTOMATIZARI": 39, "TEHNICIAN ELECTRONIST": 91, "FILOLOGIE": 273, "TEHNICIAN ENERGETICIAN": 183, "TEHNICIAN ECOLOG SI PROTECTIA CALITATII MEDIULUI": 61}, "limba_moderna": {"LIMBA ENGLEZA": 1630, "LIMBA FRANCEZA": 203}, "limba_materna": {"LIMBA ROMANA": 1833}, "promotie_anterioara": {"NU": 1348, "DA": 485}, "materii": {"LIMBA ROMANA": {"medie": 5.859683578832517, "reusita": 46.808510638297875, "cnt": 1833}, "MATEMATICA MATE-INFO": {"medie": 6.021584699453552, "reusita": 50.81967213114754, "cnt": 183}, "BIOLOGIE VEGETALA SI ANIMALA": {"medie": 5.087647492625371, "reusita": 36.57817109144543, "cnt": 1356}, "GENERAL": {"medie": 5.597608656119296, "reusita": 43.04418985270049, "cnt": 1833}, "CHIMIE ORGANICA TEO NIVEL I/II": {"medie": 6.683333333333333, "reusita": 66.66666666666666, "cnt": 3}, "INFORMATICA MI C/C++": {"medie": 6.266071428571428, "reusita": 57.14285714285714, "cnt": 28}, "CHIMIE ANORGANICA TEO NIVEL I/II": {"medie": 6.65, "reusita": 50.0, "cnt": 10}, "ISTORIE": {"medie": 6.71428571428571, "reusita": 68.4981684981685, "cnt": 273}, "GEOGRAFIE": {"medie": 7.157792207792206, "reusita": 77.92207792207793, "cnt": 77}, "PSIHOLOGIE": {"medie": 8.04375, "reusita": 75.0, "cnt": 8}, "MATEMATICA ST-NAT": {"medie": 2.410606060606061, "reusita": 3.0303030303030303, "cnt": 33}, "ANATOMIE SI FIZIOLOGIE UMANA, GENETICA SI ECOLOGIE UMANA": {"medie": 5.308333333333334, "reusita": 33.33333333333333, "cnt": 6}, "FIZICA TEO": {"medie": 5.17, "reusita": 40.0, "cnt": 5}, "FILOSOFIE": {"medie": 6.0625, "reusita": 50.0, "cnt": 4}, "MATEMATICA TEHN": {"medie": 5.2658482142857155, "reusita": 40.476190476190474, "cnt": 1344}, "FIZICA TEH": {"medie": 4.561428571428571, "reusita": 27.142857142857142, "cnt": 70}, "ECONOMIE": {"medie": 3.3666666666666667, "reusita": 0.0, "cnt": 3}, "LOGICA, ARGUMENTARE SI COMUNICARE": {"medie": 7.622580645161287, "reusita": 78.70967741935485, "cnt": 155}, "SOCIOLOGIE": {"medie": 6.49423076923077, "reusita": 69.23076923076923, "cnt": 26}, "CHIMIE ANORGANICA TEH NIVEL I/II": {"medie": 4.9515625, "reusita": 32.8125, "cnt": 64}, "CHIMIE ORGANICA TEH NIVEL I/II": {"medie": 5.205555555555557, "reusita": 38.88888888888889, "cnt": 18}}, "nume": "LICEUL TEHNOLOGIC ENERGETIC \"ELIE RADU\", MUNICIPIUL PLOIESTI\tPrahova"}