{"specializari": {"TEHNICIAN IN ACTIVITATI ECONOMICE": 228, "TEHNICIAN IN ACTIVITATI DE COMERT": 125, "TEHNICIAN IN GASTRONOMIE": 149, "FILOLOGIE": 83, "MATEMATICA-INFORMATICA": 3, "TEHNICIAN IN ACTIVITATI DE POSTA": 1, "INVATATOR - EDUCATOARE": 16}, "limba_moderna": {"LIMBA ENGLEZA": 605}, "limba_materna": {"LIMBA ROMANA": 605}, "promotie_anterioara": {"DA": 202, "NU": 403}, "materii": {"LIMBA ROMANA": {"medie": 4.937355371900819, "reusita": 25.454545454545453, "cnt": 605}, "MATEMATICA MATE-INFO": {"medie": 1.7, "reusita": 0.0, "cnt": 3}, "BIOLOGIE VEGETALA SI ANIMALA": {"medie": 6.55, "reusita": 33.33333333333333, "cnt": 3}, "GENERAL": {"medie": 5.138044077134993, "reusita": 30.413223140495866, "cnt": 605}, "ISTORIE": {"medie": 5.903614457831327, "reusita": 37.34939759036144, "cnt": 83}, "GEOGRAFIE": {"medie": 5.965561694290969, "reusita": 55.98526703499079, "cnt": 543}, "PSIHOLOGIE": {"medie": 6.283333333333332, "reusita": 55.55555555555556, "cnt": 27}, "MATEMATICA TEHN": {"medie": 4.193538767395627, "reusita": 25.24850894632207, "cnt": 503}, "ECONOMIE": {"medie": 4.05, "reusita": 33.33333333333333, "cnt": 3}, "LOGICA, ARGUMENTARE SI COMUNICARE": {"medie": 8.4, "reusita": 100.0, "cnt": 1}, "MATEMATICA PED": {"medie": 6.637499999999999, "reusita": 75.0, "cnt": 16}, "SOCIOLOGIE": {"medie": 6.380357142857142, "reusita": 53.57142857142857, "cnt": 28}}, "nume": "LICEUL TEHNOLOGIC \"BARBU A. STIRBEY\" BUFTEA\tIlfov"}