{"specializari": {"TEHNICIAN ECOLOG SI PROTECTIA CALITATII MEDIULUI": 192, "TEHNICIAN MECANIC PENTRU INTRETINERE SI REPARATII": 34, "TEHNICIAN VETERINAR": 38, "TEHNICIAN IN AGRICULTURA": 41, "TEHNICIAN IN AGROTURISM": 40, "TEHNICIAN ANALIZE PRODUSE ALIMENTARE": 6, "TEHNICIAN IN ACTIVITATI ECONOMICE": 90, "TEHNICIAN IN INDUSTRIA ALIMENTARA": 2, "TEHNICIAN HORTICULTOR": 1, "TEHNICIAN AGRONOM": 14, "TEHNICIAN PENTRU ANIMALE DE COMPANIE": 2}, "limba_moderna": {"LIMBA FRANCEZA": 25, "LIMBA ENGLEZA": 435}, "limba_materna": {"LIMBA ROMANA": 460}, "promotie_anterioara": {"NU": 360, "DA": 100}, "materii": {"LIMBA ROMANA": {"medie": 4.447934782608697, "reusita": 25.65217391304348, "cnt": 460}, "BIOLOGIE VEGETALA SI ANIMALA": {"medie": 3.226363636363635, "reusita": 20.0, "cnt": 110}, "GENERAL": {"medie": 3.996413043478262, "reusita": 19.34782608695652, "cnt": 460}, "GEOGRAFIE": {"medie": 4.773863636363637, "reusita": 35.22727272727273, "cnt": 88}, "PSIHOLOGIE": {"medie": 7.425000000000001, "reusita": 100.0, "cnt": 2}, "ANATOMIE SI FIZIOLOGIE UMANA, GENETICA SI ECOLOGIE UMANA": {"medie": 4.967500000000002, "reusita": 45.0, "cnt": 260}, "MATEMATICA TEHN": {"medie": 3.0165217391304355, "reusita": 14.782608695652174, "cnt": 460}}, "nume": "LICEUL TEHNOLOGIC AGRICOL \"NICOLAE CORNATEANU\" TULCEA\tTulcea"}