{"specializari": {"MATEMATICA-INFORMATICA": 487, "STIINTE ALE NATURII": 349, "FILOLOGIE": 341}, "limba_moderna": {"LIMBA ENGLEZA": 1074, "LIMBA FRANCEZA": 99, "LIMBA GERMANA MODERNA": 4}, "limba_materna": {"LIMBA ROMANA": 1177}, "promotie_anterioara": {"NU": 1069, "DA": 108}, "materii": {"LIMBA ROMANA": {"medie": 7.332540356839434, "reusita": 81.81818181818183, "cnt": 1177}, "MATEMATICA MATE-INFO": {"medie": 5.963860369609862, "reusita": 50.308008213552355, "cnt": 487}, "BIOLOGIE VEGETALA SI ANIMALA": {"medie": 6.597777777777779, "reusita": 66.66666666666666, "cnt": 90}, "GENERAL": {"medie": 7.12846219201359, "reusita": 76.46559048428207, "cnt": 1177}, "CHIMIE ORGANICA TEO NIVEL I/II": {"medie": 7.049999999999999, "reusita": 78.57142857142857, "cnt": 14}, "INFORMATICA MI C/C++": {"medie": 7.470454545454547, "reusita": 82.95454545454545, "cnt": 88}, "CHIMIE ANORGANICA TEO NIVEL I/II": {"medie": 6.460416666666666, "reusita": 62.5, "cnt": 24}, "ISTORIE": {"medie": 8.075513196480939, "reusita": 90.32258064516128, "cnt": 341}, "GEOGRAFIE": {"medie": 8.474545454545451, "reusita": 95.45454545454545, "cnt": 110}, "PSIHOLOGIE": {"medie": 7.876923076923078, "reusita": 92.3076923076923, "cnt": 13}, "MATEMATICA ST-NAT": {"medie": 6.24412607449857, "reusita": 61.60458452722063, "cnt": 349}, "ANATOMIE SI FIZIOLOGIE UMANA, GENETICA SI ECOLOGIE UMANA": {"medie": 7.155676328502417, "reusita": 75.60386473429952, "cnt": 414}, "FIZICA TEO": {"medie": 6.142058823529414, "reusita": 54.70588235294118, "cnt": 170}, "INFORMATICA SN C/C++": {"medie": 6.766666666666666, "reusita": 66.66666666666666, "cnt": 3}, "ECONOMIE": {"medie": 7.637499999999999, "reusita": 100.0, "cnt": 8}, "LOGICA, ARGUMENTARE SI COMUNICARE": {"medie": 8.860614525139662, "reusita": 97.20670391061452, "cnt": 179}, "SOCIOLOGIE": {"medie": 8.583870967741936, "reusita": 93.54838709677419, "cnt": 31}, "INFORMATICA MI PASCAL": {"medie": 6.766129032258066, "reusita": 70.96774193548387, "cnt": 31}, "INFORMATICA SN PASCAL": {"medie": 6.7, "reusita": 50.0, "cnt": 2}}, "nume": "LICEUL TEORETIC \"ION BARBU\" PITESTI\tArge\u0219"}