{"specializari": {"TEHNICIAN DESENATOR PENTRU CONSTRUCTII SI INSTALATII": 44, "TEHNICIAN OPERATOR TEHNICA DE CALCUL": 105}, "limba_moderna": {"LIMBA ENGLEZA": 149}, "limba_materna": {"LIMBA ROMANA": 149}, "promotie_anterioara": {"NU": 131, "DA": 18}, "materii": {"LIMBA ROMANA": {"medie": 7.0030201342281915, "reusita": 71.81208053691275, "cnt": 149}, "BIOLOGIE VEGETALA SI ANIMALA": {"medie": 5.907894736842104, "reusita": 48.68421052631579, "cnt": 76}, "GENERAL": {"medie": 6.769239373601794, "reusita": 67.11409395973155, "cnt": 149}, "MATEMATICA TEHN": {"medie": 6.939261744966443, "reusita": 70.46979865771812, "cnt": 149}, "FIZICA TEH": {"medie": 8.512500000000001, "reusita": 100.0, "cnt": 4}, "CHIMIE ANORGANICA TEH NIVEL I/II": {"medie": 6.7449275362318835, "reusita": 65.21739130434783, "cnt": 69}}, "nume": "LICEUL TEHNOLOGIC \"SFANTUL IOAN DE LA SALLE\", SAT PILDESTI, COMUNA CORDUN\tNeam\u021b"}