{"specializari": {"MATEMATICA-INFORMATICA": 401, "FILOLOGIE": 181, "STIINTE ALE NATURII": 186, "STIINTE SOCIALE": 355}, "limba_moderna": {"LIMBA ENGLEZA": 996, "LIMBA FRANCEZA": 127}, "limba_materna": {"LIMBA ROMANA": 1123}, "promotie_anterioara": {"NU": 1002, "DA": 121}, "materii": {"LIMBA ROMANA": {"medie": 7.120747996438117, "reusita": 73.10774710596615, "cnt": 1123}, "MATEMATICA MATE-INFO": {"medie": 7.0649625935162135, "reusita": 71.571072319202, "cnt": 401}, "BIOLOGIE VEGETALA SI ANIMALA": {"medie": 4.883333333333334, "reusita": 33.33333333333333, "cnt": 3}, "GENERAL": {"medie": 6.993707331552386, "reusita": 73.28584149599287, "cnt": 1123}, "CHIMIE ORGANICA TEO NIVEL I/II": {"medie": 8.9375, "reusita": 100.0, "cnt": 4}, "INFORMATICA MI C/C++": {"medie": 7.877272727272727, "reusita": 85.45454545454545, "cnt": 55}, "ISTORIE": {"medie": 7.15214552238806, "reusita": 72.57462686567165, "cnt": 536}, "GEOGRAFIE": {"medie": 8.150515463917523, "reusita": 96.3917525773196, "cnt": 194}, "MATEMATICA ST-NAT": {"medie": 3.903225806451612, "reusita": 16.666666666666664, "cnt": 186}, "ANATOMIE SI FIZIOLOGIE UMANA, GENETICA SI ECOLOGIE UMANA": {"medie": 6.497427983539094, "reusita": 61.934156378600825, "cnt": 486}, "FIZICA TEO": {"medie": 7.948717948717949, "reusita": 79.48717948717949, "cnt": 39}, "FILOSOFIE": {"medie": 9.7, "reusita": 100.0, "cnt": 2}, "ECONOMIE": {"medie": 7.583333333333334, "reusita": 86.66666666666667, "cnt": 15}, "LOGICA, ARGUMENTARE SI COMUNICARE": {"medie": 7.8245791245791265, "reusita": 86.19528619528619, "cnt": 297}, "SOCIOLOGIE": {"medie": 6.533928571428571, "reusita": 64.28571428571429, "cnt": 28}}, "nume": "LICEUL TEORETIC \"ION MIHALACHE\" TOPOLOVENI\tArge\u0219"}