{"specializari": {"TEHNICIAN IN TURISM": 11, "MATEMATICA-INFORMATICA": 114, "TEHNICIAN IN GASTRONOMIE": 86, "FILOLOGIE": 232, "TEHNICIAN IN ACTIVITATI DE COMERT": 2, "STIINTE SOCIALE": 1}, "limba_moderna": {"LIMBA ENGLEZA": 355, "LIMBA FRANCEZA": 91}, "limba_materna": {"LIMBA ROMANA": 446}, "promotie_anterioara": {"NU": 375, "DA": 71}, "materii": {"LIMBA ROMANA": {"medie": 5.539013452914796, "reusita": 42.152466367713004, "cnt": 446}, "MATEMATICA MATE-INFO": {"medie": 5.768859649122803, "reusita": 50.877192982456144, "cnt": 114}, "BIOLOGIE VEGETALA SI ANIMALA": {"medie": 5.7878688524590185, "reusita": 44.26229508196721, "cnt": 61}, "GENERAL": {"medie": 5.521718983557547, "reusita": 43.27354260089686, "cnt": 446}, "INFORMATICA MI C/C++": {"medie": 7.95, "reusita": 100.0, "cnt": 1}, "ISTORIE": {"medie": 5.53326180257511, "reusita": 39.05579399141631, "cnt": 233}, "GEOGRAFIE": {"medie": 5.598913043478264, "reusita": 50.0, "cnt": 230}, "PSIHOLOGIE": {"medie": 8.9, "reusita": 100.0, "cnt": 1}, "ANATOMIE SI FIZIOLOGIE UMANA, GENETICA SI ECOLOGIE UMANA": {"medie": 7.78061224489796, "reusita": 89.79591836734694, "cnt": 49}, "FIZICA TEO": {"medie": 9.3, "reusita": 100.0, "cnt": 3}, "MATEMATICA TEHN": {"medie": 2.689898989898991, "reusita": 7.07070707070707, "cnt": 99}, "LOGICA, ARGUMENTARE SI COMUNICARE": {"medie": 6.3015, "reusita": 62.0, "cnt": 100}, "SOCIOLOGIE": {"medie": 7.5, "reusita": 100.0, "cnt": 1}}, "nume": "LICEUL TEHNOLOGIC \"TOMSA VODA\" SOLCA\tSuceava"}