{"specializari": {"MATEMATICA-INFORMATICA": 331, "TEHNICIAN MECATRONIST": 76, "TEHNICIAN IN ACTIVITATI DE COMERT": 4, "TEHNICIAN IN ACTIVITATI ECONOMICE": 486, "TEHNICIAN INSTALATOR PENTRU CONSTRUCTII": 35, "TEHNICIAN MECANIC PENTRU INTRETINERE SI REPARATII": 4, "TEHNICIAN DESENATOR PENTRU CONSTRUCTII SI INSTALATII": 91, "TEHNICIAN IN CONSTRUCTII SI LUCRARI PUBLICE": 5, "STIINTE ALE NATURII": 106, "TEHNICIAN IN TURISM": 159, "TEHNICIAN IN ACHIZITII SI CONTRACTARI": 108}, "limba_moderna": {"LIMBA ENGLEZA": 1297, "LIMBA FRANCEZA": 108}, "limba_materna": {"LIMBA ROMANA": 1405}, "promotie_anterioara": {"DA": 249, "NU": 1156}, "materii": {"LIMBA ROMANA": {"medie": 5.90804270462634, "reusita": 47.046263345195726, "cnt": 1405}, "MATEMATICA MATE-INFO": {"medie": 5.0054380664652545, "reusita": 30.513595166163142, "cnt": 331}, "BIOLOGIE VEGETALA SI ANIMALA": {"medie": 3.9113636363636366, "reusita": 16.161616161616163, "cnt": 198}, "GENERAL": {"medie": 5.795610913404514, "reusita": 45.83629893238434, "cnt": 1405}, "CHIMIE ORGANICA TEO NIVEL I/II": {"medie": 6.4, "reusita": 100.0, "cnt": 1}, "INFORMATICA MI C/C++": {"medie": 6.581818181818181, "reusita": 63.63636363636363, "cnt": 11}, "CHIMIE ANORGANICA TEO NIVEL I/II": {"medie": 1.0, "reusita": 0.0, "cnt": 1}, "GEOGRAFIE": {"medie": 6.933618581907092, "reusita": 76.03911980440098, "cnt": 409}, "PSIHOLOGIE": {"medie": 5.703703703703703, "reusita": 59.25925925925925, "cnt": 27}, "MATEMATICA ST-NAT": {"medie": 4.172169811320756, "reusita": 19.81132075471698, "cnt": 106}, "ANATOMIE SI FIZIOLOGIE UMANA, GENETICA SI ECOLOGIE UMANA": {"medie": 6.2928802588996735, "reusita": 61.48867313915858, "cnt": 309}, "FIZICA TEO": {"medie": 4.75, "reusita": 40.0, "cnt": 5}, "MATEMATICA TEHN": {"medie": 5.4443698347107405, "reusita": 44.111570247933884, "cnt": 968}, "FIZICA TEH": {"medie": 4.4642857142857135, "reusita": 21.428571428571427, "cnt": 28}, "ECONOMIE": {"medie": 7.308333333333333, "reusita": 100.0, "cnt": 6}, "LOGICA, ARGUMENTARE SI COMUNICARE": {"medie": 6.862539682539681, "reusita": 70.15873015873015, "cnt": 315}, "INFORMATICA MI PASCAL": {"medie": 6.4923076923076914, "reusita": 63.73626373626373, "cnt": 91}, "CHIMIE ANORGANICA TEH NIVEL I/II": {"medie": 6.2, "reusita": 50.0, "cnt": 4}}, "nume": "LICEUL TEHNOLOGIC \"AL.IOAN CUZA\" SLOBOZIA\tIalomi\u021ba"}