{"specializari": {"MATEMATICA-INFORMATICA": 167, "FILOLOGIE": 233, "STIINTE ALE NATURII": 234, "STIINTE SOCIALE": 156, "LICEU CU PROGRAM SPORTIV": 113}, "limba_moderna": {"LIMBA ENGLEZA": 888, "LIMBA FRANCEZA": 15}, "limba_materna": {"LIMBA ROMANA": 903}, "promotie_anterioara": {"NU": 863, "DA": 40}, "materii": {"LIMBA ROMANA": {"medie": 7.419822812846066, "reusita": 83.2779623477298, "cnt": 903}, "MATEMATICA MATE-INFO": {"medie": 7.242814371257479, "reusita": 75.44910179640718, "cnt": 167}, "BIOLOGIE VEGETALA SI ANIMALA": {"medie": 7.295833333333333, "reusita": 83.33333333333334, "cnt": 84}, "GENERAL": {"medie": 7.728792912513849, "reusita": 88.92580287929125, "cnt": 903}, "CHIMIE ORGANICA TEO NIVEL I/II": {"medie": 8.400000000000002, "reusita": 95.0, "cnt": 20}, "INFORMATICA MI C/C++": {"medie": 8.243119266055043, "reusita": 92.66055045871559, "cnt": 109}, "CHIMIE ANORGANICA TEO NIVEL I/II": {"medie": 6.4475, "reusita": 65.0, "cnt": 20}, "ISTORIE": {"medie": 7.4446215139442184, "reusita": 78.48605577689243, "cnt": 502}, "GEOGRAFIE": {"medie": 8.744315789473674, "reusita": 95.57894736842105, "cnt": 475}, "PSIHOLOGIE": {"medie": 8.044117647058822, "reusita": 94.11764705882352, "cnt": 17}, "MATEMATICA ST-NAT": {"medie": 7.177564102564102, "reusita": 75.64102564102564, "cnt": 234}, "ANATOMIE SI FIZIOLOGIE UMANA, GENETICA SI ECOLOGIE UMANA": {"medie": 8.466352201257857, "reusita": 94.33962264150944, "cnt": 159}, "FIZICA TEO": {"medie": 8.107142857142858, "reusita": 85.71428571428571, "cnt": 7}, "FILOSOFIE": {"medie": 8.5, "reusita": 100.0, "cnt": 1}, "INFORMATICA SN C/C++": {"medie": 9.125, "reusita": 100.0, "cnt": 2}, "ECONOMIE": {"medie": 8.799999999999999, "reusita": 100.0, "cnt": 3}, "SOCIOLOGIE": {"medie": 9.375, "reusita": 100.0, "cnt": 6}}, "nume": "LICEUL TEORETIC \"AXENTE SEVER\" MEDIAS\tSibiu"}