{"specializari": {"TEOLOGIE ORTODOXA": 233, "MUZICA BISERICEASCA": 8, "GHID TURISM RELIGIOS": 108}, "limba_moderna": {"LIMBA ENGLEZA": 334, "LIMBA FRANCEZA": 15}, "limba_materna": {"LIMBA ROMANA": 349}, "promotie_anterioara": {"NU": 299, "DA": 50}, "materii": {"LIMBA ROMANA": {"medie": 6.49985673352435, "reusita": 63.323782234957015, "cnt": 349}, "GENERAL": {"medie": 6.988156638013375, "reusita": 77.36389684813754, "cnt": 349}, "ISTORIE": {"medie": 6.788825214899722, "reusita": 63.61031518624641, "cnt": 349}, "GEOGRAFIE": {"medie": 7.673020527859229, "reusita": 88.26979472140762, "cnt": 341}, "PSIHOLOGIE": {"medie": 6.5, "reusita": 50.0, "cnt": 2}, "FILOSOFIE": {"medie": 6.85, "reusita": 50.0, "cnt": 2}, "LOGICA, ARGUMENTARE SI COMUNICARE": {"medie": 8.9125, "reusita": 100.0, "cnt": 4}}, "nume": "LICEUL TEOLOGIC \"EPISCOP MELCHISEDEC\", MUNICIPIUL ROMAN\tNeam\u021b"}