{"specializari": {"TEHNICIAN IN AUTOMATIZARI": 172, "TEHNICIAN MECATRONIST": 79, "STIINTE ALE NATURII": 220, "TEHNICIAN IN ADMINISTRATIE": 143, "TEHNICIAN TRANSPORTURI": 5, "TEHNICIAN DESENATOR PENTRU CONSTRUCTII SI INSTALATII": 96, "TEHNICIAN IN PRELUCRAREA LEMNULUI": 2, "TEHNICIAN IN CONSTRUCTII SI LUCRARI PUBLICE": 14, "TEHNICIAN MECANIC PENTRU INTRETINERE SI REPARATII": 18, "TEHNICIAN INSTALATOR PENTRU CONSTRUCTII": 1}, "limba_moderna": {"LIMBA ENGLEZA": 595, "LIMBA FRANCEZA": 153, "LIMBA ITALIANA": 2}, "limba_materna": {"LIMBA ROMANA": 750}, "promotie_anterioara": {"DA": 193, "NU": 557}, "materii": {"LIMBA ROMANA": {"medie": 5.227160000000001, "reusita": 34.8, "cnt": 750}, "BIOLOGIE VEGETALA SI ANIMALA": {"medie": 3.950316455696201, "reusita": 20.464135021097047, "cnt": 474}, "GENERAL": {"medie": 4.740697777777774, "reusita": 26.0, "cnt": 750}, "CHIMIE ORGANICA TEO NIVEL I/II": {"medie": 6.1625, "reusita": 50.0, "cnt": 4}, "CHIMIE ANORGANICA TEO NIVEL I/II": {"medie": 5.3055555555555545, "reusita": 33.33333333333333, "cnt": 9}, "GEOGRAFIE": {"medie": 6.60909090909091, "reusita": 72.02797202797203, "cnt": 143}, "MATEMATICA ST-NAT": {"medie": 4.146136363636365, "reusita": 22.272727272727273, "cnt": 220}, "ANATOMIE SI FIZIOLOGIE UMANA, GENETICA SI ECOLOGIE UMANA": {"medie": 6.720121951219512, "reusita": 79.26829268292683, "cnt": 82}, "FIZICA TEO": {"medie": 5.625, "reusita": 50.0, "cnt": 4}, "MATEMATICA TEHN": {"medie": 4.220754716981132, "reusita": 21.88679245283019, "cnt": 530}, "FIZICA TEH": {"medie": 4.329999999999999, "reusita": 10.0, "cnt": 20}, "CHIMIE ANORGANICA TEH NIVEL I/II": {"medie": 4.642857142857143, "reusita": 14.285714285714285, "cnt": 7}, "CHIMIE ORGANICA TEH NIVEL I/II": {"medie": 2.064285714285714, "reusita": 0.0, "cnt": 7}}, "nume": "LICEUL TEHNOLOGIC \"MIHAI VITEAZUL\" ZALAU\tS\u0103laj"}