{"specializari": {"STIINTE SOCIALE": 200, "MATEMATICA-INFORMATICA": 275, "FILOLOGIE": 197, "STIINTE ALE NATURII": 278}, "limba_moderna": {"LIMBA FRANCEZA": 74, "LIMBA ENGLEZA": 876}, "limba_materna": {"LIMBA ROMANA": 950}, "promotie_anterioara": {"NU": 854, "DA": 96}, "materii": {"LIMBA ROMANA": {"medie": 7.481842105263166, "reusita": 82.73684210526315, "cnt": 950}, "MATEMATICA MATE-INFO": {"medie": 6.359272727272725, "reusita": 58.909090909090914, "cnt": 275}, "BIOLOGIE VEGETALA SI ANIMALA": {"medie": 6.998607594936709, "reusita": 78.22784810126582, "cnt": 395}, "GENERAL": {"medie": 7.3309543859649215, "reusita": 77.78947368421053, "cnt": 950}, "CHIMIE ORGANICA TEO NIVEL I/II": {"medie": 8.582142857142857, "reusita": 92.85714285714286, "cnt": 14}, "INFORMATICA MI C/C++": {"medie": 7.104761904761904, "reusita": 76.19047619047619, "cnt": 21}, "ISTORIE": {"medie": 7.754156171284634, "reusita": 82.87153652392946, "cnt": 397}, "GEOGRAFIE": {"medie": 8.380973451327433, "reusita": 95.57522123893806, "cnt": 113}, "PSIHOLOGIE": {"medie": 8.335, "reusita": 100.0, "cnt": 10}, "MATEMATICA ST-NAT": {"medie": 5.5955035971223, "reusita": 45.68345323741007, "cnt": 278}, "ANATOMIE SI FIZIOLOGIE UMANA, GENETICA SI ECOLOGIE UMANA": {"medie": 8.397272727272728, "reusita": 92.72727272727272, "cnt": 55}, "FIZICA TEO": {"medie": 7.805781250000001, "reusita": 85.9375, "cnt": 64}, "INFORMATICA SN C/C++": {"medie": 7.5125, "reusita": 100.0, "cnt": 4}, "ECONOMIE": {"medie": 9.9, "reusita": 100.0, "cnt": 2}, "LOGICA, ARGUMENTARE SI COMUNICARE": {"medie": 8.623151750972763, "reusita": 93.77431906614785, "cnt": 257}, "SOCIOLOGIE": {"medie": 7.406666666666666, "reusita": 86.66666666666667, "cnt": 15}}, "nume": "LICEUL TEORETIC \"IULIA ZAMFIRESCU\" MIOVENI\tArge\u0219"}