{"specializari": {"TEHNICIAN IN ACTIVITATI ECONOMICE": 211, "TEHNICIAN IN TURISM": 183, "STIINTE ALE NATURII": 787, "STIINTE SOCIALE": 495, "FILOLOGIE": 474, "MATEMATICA-INFORMATICA": 320, "LICEU CU PROGRAM SPORTIV": 1, "COAFOR STILIST": 1, "TEHNICIAN VETERINAR": 1}, "limba_moderna": {"LIMBA ENGLEZA": 2153, "LIMBA FRANCEZA": 317, "LIMBA RUSA": 3}, "limba_materna": {"LIMBA ROMANA": 2473}, "promotie_anterioara": {"NU": 2263, "DA": 210}, "materii": {"LIMBA ROMANA": {"medie": 6.854468257177525, "reusita": 73.19045693489689, "cnt": 2473}, "MATEMATICA MATE-INFO": {"medie": 5.736562499999998, "reusita": 48.125, "cnt": 320}, "BIOLOGIE VEGETALA SI ANIMALA": {"medie": 6.448571428571431, "reusita": 68.57142857142857, "cnt": 105}, "GENERAL": {"medie": 7.017091252190325, "reusita": 74.2013748483623, "cnt": 2473}, "CHIMIE ORGANICA TEO NIVEL I/II": {"medie": 7.432407407407404, "reusita": 87.03703703703704, "cnt": 54}, "INFORMATICA MI C/C++": {"medie": 7.239999999999999, "reusita": 72.3076923076923, "cnt": 65}, "ISTORIE": {"medie": 7.110257731958749, "reusita": 71.85567010309278, "cnt": 970}, "GEOGRAFIE": {"medie": 7.770139860139871, "reusita": 88.53146853146853, "cnt": 715}, "PSIHOLOGIE": {"medie": 7.0839285714285705, "reusita": 82.14285714285714, "cnt": 28}, "MATEMATICA ST-NAT": {"medie": 5.96257941550191, "reusita": 52.60482846251588, "cnt": 787}, "ANATOMIE SI FIZIOLOGIE UMANA, GENETICA SI ECOLOGIE UMANA": {"medie": 7.031920199501241, "reusita": 74.68827930174564, "cnt": 802}, "FIZICA TEO": {"medie": 6.703389830508475, "reusita": 66.10169491525424, "cnt": 59}, "FILOSOFIE": {"medie": 7.75, "reusita": 100.0, "cnt": 4}, "MATEMATICA TEHN": {"medie": 7.172979797979799, "reusita": 74.74747474747475, "cnt": 396}, "INFORMATICA SN C/C++": {"medie": 7.53695652173913, "reusita": 73.91304347826086, "cnt": 23}, "ECONOMIE": {"medie": 9.485714285714286, "reusita": 100.0, "cnt": 7}, "LOGICA, ARGUMENTARE SI COMUNICARE": {"medie": 8.685714285714292, "reusita": 94.8051948051948, "cnt": 539}, "SOCIOLOGIE": {"medie": 7.67361111111111, "reusita": 86.11111111111111, "cnt": 72}}, "nume": "LICEUL TEORETIC \"MIHAI EMINESCU\", MUN. BARLAD\tVaslui"}