{"specializari": {"TEHNICIAN IN TURISM": 167, "TEHNICIAN DESIGNER VESTIMENTAR": 11}, "limba_moderna": {"LIMBA ENGLEZA": 143, "LIMBA FRANCEZA": 35}, "limba_materna": {"LIMBA ROMANA": 178}, "promotie_anterioara": {"NU": 99, "DA": 79}, "materii": {"LIMBA ROMANA": {"medie": 4.632022471910112, "reusita": 17.415730337078653, "cnt": 178}, "BIOLOGIE VEGETALA SI ANIMALA": {"medie": 3.122727272727273, "reusita": 0.0, "cnt": 11}, "GENERAL": {"medie": 4.3876404494382015, "reusita": 10.674157303370785, "cnt": 178}, "GEOGRAFIE": {"medie": 5.848802395209577, "reusita": 64.07185628742515, "cnt": 167}, "MATEMATICA TEHN": {"medie": 2.850561797752808, "reusita": 5.617977528089887, "cnt": 178}}, "nume": "LICEUL TEHNOLOGIC \"ALEXANDRU FILIPASCU\" PETROVA\tMaramure\u0219"}