{"specializari": {"TEHNICIAN DE TELECOMUNICATII": 3, "MATEMATICA-INFORMATICA": 576, "FILOLOGIE": 334, "TEHNICIAN MECATRONIST": 182, "TEHNICIAN IN INSTALATII ELECTRICE": 111, "STIINTE SOCIALE": 364, "STIINTE ALE NATURII": 359, "TEHNICIAN PROIECTANT CAD": 2, "TEHNICIAN MECANIC PENTRU INTRETINERE SI REPARATII": 224, "TEHNICIAN ECOLOG SI PROTECTIA CALITATII MEDIULUI": 8, "TEHNICIAN ANALIZE PRODUSE ALIMENTARE": 3, "INSTRUCTOR PENTRU ACTIVITATI EXTRASCOLARE": 2, "TEHNICIAN VETERINAR": 1, "TEHNICIAN IN GASTRONOMIE": 1, "TEHNICIAN IN ACTIVITATI ECONOMICE": 5, "LICEU CU PROGRAM SPORTIV": 3, "TEHNICIAN TRANSPORTURI": 1, "TEHNICIAN PRELUCRARI MECANICE": 4, "MUZICA BISERICEASCA": 2, "TEHNICIAN IN AGRICULTURA": 1, "TEHNICIAN ELECTROMECANIC": 1, "TEHNICIAN IN TURISM": 1}, "limba_moderna": {"LIMBA ENGLEZA": 2061, "LIMBA FRANCEZA": 47, "LIMBA SPANIOLA": 80}, "limba_materna": {"LIMBA ROMANA": 2188}, "promotie_anterioara": {"NU": 1717, "DA": 471}, "materii": {"LIMBA ROMANA": {"medie": 5.169721206581353, "reusita": 39.39670932358318, "cnt": 2188}, "MATEMATICA MATE-INFO": {"medie": 5.774739583333333, "reusita": 47.22222222222222, "cnt": 576}, "BIOLOGIE VEGETALA SI ANIMALA": {"medie": 3.798476112026364, "reusita": 22.40527182866557, "cnt": 1214}, "GENERAL": {"medie": 4.774611517367452, "reusita": 32.40402193784278, "cnt": 2188}, "CHIMIE ORGANICA TEO NIVEL I/II": {"medie": 8.075, "reusita": 100.0, "cnt": 10}, "CHIMIE ANORGANICA TEO NIVEL I/II": {"medie": 9.1, "reusita": 100.0, "cnt": 1}, "ISTORIE": {"medie": 5.580992907801419, "reusita": 32.62411347517731, "cnt": 705}, "GEOGRAFIE": {"medie": 6.437632508833924, "reusita": 65.7243816254417, "cnt": 566}, "PSIHOLOGIE": {"medie": 5.863636363636363, "reusita": 40.909090909090914, "cnt": 22}, "MATEMATICA ST-NAT": {"medie": 2.6217270194986084, "reusita": 7.520891364902507, "cnt": 359}, "ANATOMIE SI FIZIOLOGIE UMANA, GENETICA SI ECOLOGIE UMANA": {"medie": 5.690355329949235, "reusita": 46.192893401015226, "cnt": 197}, "FIZICA TEO": {"medie": 8.505357142857143, "reusita": 96.42857142857143, "cnt": 28}, "FILOSOFIE": {"medie": 2.65, "reusita": 0.0, "cnt": 3}, "MATEMATICA TEHN": {"medie": 1.8468065693430658, "reusita": 3.64963503649635, "cnt": 548}, "FIZICA TEH": {"medie": 2.521428571428571, "reusita": 9.523809523809524, "cnt": 21}, "ECONOMIE": {"medie": 9.3, "reusita": 100.0, "cnt": 1}, "LOGICA, ARGUMENTARE SI COMUNICARE": {"medie": 7.6941747572815515, "reusita": 87.37864077669903, "cnt": 103}, "SOCIOLOGIE": {"medie": 5.994117647058823, "reusita": 52.94117647058824, "cnt": 17}, "CHIMIE ANORGANICA TEH NIVEL I/II": {"medie": 3.4899999999999998, "reusita": 20.0, "cnt": 5}}, "nume": "LICEUL TEORETIC VIDELE\tTeleorman"}