{"specializari": {"FILOLOGIE": 49}, "limba_moderna": {"LIMBA ENGLEZA": 44, "LIMBA FRANCEZA": 5}, "limba_materna": {"LIMBA ROMANA": 49}, "promotie_anterioara": {"NU": 29, "DA": 20}, "materii": {"LIMBA ROMANA": {"medie": 4.611224489795917, "reusita": 26.53061224489796, "cnt": 49}, "GENERAL": {"medie": 5.038095238095238, "reusita": 40.816326530612244, "cnt": 49}, "ISTORIE": {"medie": 5.055102040816326, "reusita": 30.612244897959183, "cnt": 49}, "GEOGRAFIE": {"medie": 5.528888888888889, "reusita": 46.666666666666664, "cnt": 45}, "LOGICA, ARGUMENTARE SI COMUNICARE": {"medie": 6.875, "reusita": 100.0, "cnt": 2}, "SOCIOLOGIE": {"medie": 2.2, "reusita": 0.0, "cnt": 2}}, "nume": "LICEUL PARTICULAR NR. 1, SAT BISTRITA, COMUNA ALEXANDRU CEL BUN\tNeam\u021b"}