{"specializari": {"MATEMATICA-INFORMATICA": 212, "STIINTE ALE NATURII": 325, "FILOLOGIE": 33, "STIINTE SOCIALE": 28}, "limba_moderna": {"LIMBA ENGLEZA": 376, "LIMBA FRANCEZA": 222}, "limba_materna": {"LIMBA ROMANA": 598}, "promotie_anterioara": {"NU": 447, "DA": 151}, "materii": {"LIMBA ROMANA": {"medie": 6.523662207357854, "reusita": 63.21070234113713, "cnt": 598}, "MATEMATICA MATE-INFO": {"medie": 4.826650943396227, "reusita": 28.30188679245283, "cnt": 212}, "BIOLOGIE VEGETALA SI ANIMALA": {"medie": 9.2, "reusita": 100.0, "cnt": 1}, "GENERAL": {"medie": 6.518561872909699, "reusita": 59.86622073578596, "cnt": 598}, "CHIMIE ORGANICA TEO NIVEL I/II": {"medie": 5.85, "reusita": 0.0, "cnt": 1}, "INFORMATICA MI C/C++": {"medie": 4.8999999999999995, "reusita": 25.0, "cnt": 4}, "ISTORIE": {"medie": 6.939344262295083, "reusita": 75.40983606557377, "cnt": 61}, "GEOGRAFIE": {"medie": 7.709722222222222, "reusita": 83.33333333333334, "cnt": 36}, "PSIHOLOGIE": {"medie": 7.1, "reusita": 100.0, "cnt": 1}, "MATEMATICA ST-NAT": {"medie": 5.473076923076924, "reusita": 42.15384615384615, "cnt": 325}, "ANATOMIE SI FIZIOLOGIE UMANA, GENETICA SI ECOLOGIE UMANA": {"medie": 7.634069097888666, "reusita": 88.48368522072937, "cnt": 521}, "FIZICA TEO": {"medie": 5.483333333333333, "reusita": 66.66666666666666, "cnt": 3}, "LOGICA, ARGUMENTARE SI COMUNICARE": {"medie": 8.865217391304348, "reusita": 100.0, "cnt": 23}, "SOCIOLOGIE": {"medie": 9.1, "reusita": 100.0, "cnt": 1}, "INFORMATICA MI PASCAL": {"medie": 5.964285714285714, "reusita": 42.857142857142854, "cnt": 7}}, "nume": "LICEUL \"CHARLES LAUGIER\" CRAIOVA\tDolj"}