{"specializari": {"TEHNICIAN IN ACTIVITATI ECONOMICE": 295}, "limba_moderna": {"LIMBA ENGLEZA": 295}, "limba_materna": {"LIMBA ROMANA": 295}, "promotie_anterioara": {"DA": 215, "NU": 80}, "materii": {"LIMBA ROMANA": {"medie": 4.851118644067797, "reusita": 25.76271186440678, "cnt": 295}, "GENERAL": {"medie": 4.917717514124293, "reusita": 28.474576271186443, "cnt": 295}, "GEOGRAFIE": {"medie": 6.174149659863946, "reusita": 62.585034013605444, "cnt": 294}, "PSIHOLOGIE": {"medie": 8.25, "reusita": 100.0, "cnt": 1}, "MATEMATICA TEHN": {"medie": 3.7208474576271167, "reusita": 20.33898305084746, "cnt": 295}}, "nume": "LICEUL \"PROFESIA\"\tBucure\u0219ti"}