{"specializari": {"FILOLOGIE": 455, "MATEMATICA-INFORMATICA": 317, "STIINTE SOCIALE": 366, "STIINTE ALE NATURII": 329}, "limba_moderna": {"LIMBA ENGLEZA": 1411, "LIMBA FRANCEZA": 56}, "limba_materna": {"LIMBA ROMANA": 1467}, "promotie_anterioara": {"NU": 1172, "DA": 295}, "materii": {"LIMBA ROMANA": {"medie": 6.294444444444443, "reusita": 57.94137695978186, "cnt": 1467}, "MATEMATICA MATE-INFO": {"medie": 5.187854889589902, "reusita": 34.06940063091483, "cnt": 317}, "BIOLOGIE VEGETALA SI ANIMALA": {"medie": 5.0235576923076914, "reusita": 38.94230769230769, "cnt": 208}, "GENERAL": {"medie": 6.3927289252442625, "reusita": 62.71301976823449, "cnt": 1467}, "CHIMIE ORGANICA TEO NIVEL I/II": {"medie": 6.328, "reusita": 48.0, "cnt": 25}, "INFORMATICA MI C/C++": {"medie": 5.663157894736844, "reusita": 42.10526315789473, "cnt": 38}, "CHIMIE ANORGANICA TEO NIVEL I/II": {"medie": 6.688888888888889, "reusita": 88.88888888888889, "cnt": 9}, "ISTORIE": {"medie": 7.035322777101092, "reusita": 73.44701583434835, "cnt": 821}, "GEOGRAFIE": {"medie": 7.555645161290325, "reusita": 85.48387096774194, "cnt": 310}, "PSIHOLOGIE": {"medie": 7.084999999999999, "reusita": 70.0, "cnt": 10}, "MATEMATICA ST-NAT": {"medie": 4.638297872340425, "reusita": 23.404255319148938, "cnt": 329}, "ANATOMIE SI FIZIOLOGIE UMANA, GENETICA SI ECOLOGIE UMANA": {"medie": 6.066314199395773, "reusita": 56.797583081571, "cnt": 331}, "FIZICA TEO": {"medie": 6.080000000000001, "reusita": 52.0, "cnt": 25}, "FILOSOFIE": {"medie": 7.55, "reusita": 100.0, "cnt": 1}, "INFORMATICA SN C/C++": {"medie": 6.558333333333334, "reusita": 66.66666666666666, "cnt": 6}, "ECONOMIE": {"medie": 7.908333333333334, "reusita": 83.33333333333334, "cnt": 6}, "LOGICA, ARGUMENTARE SI COMUNICARE": {"medie": 8.053930131004368, "reusita": 92.13973799126637, "cnt": 229}, "SOCIOLOGIE": {"medie": 7.306981132075473, "reusita": 79.62264150943396, "cnt": 265}, "INFORMATICA MI PASCAL": {"medie": 6.824999999999999, "reusita": 75.0, "cnt": 4}}, "nume": "LICEUL TEORETIC \"C-TIN BRANCOVEANU\"\tBucure\u0219ti"}