{"specializari": {"FILOLOGIE": 177}, "limba_moderna": {"LIMBA ENGLEZA": 177}, "limba_materna": {"LIMBA ROMANA": 177}, "promotie_anterioara": {"NU": 121, "DA": 56}, "materii": {"LIMBA ROMANA": {"medie": 4.969209039548024, "reusita": 28.24858757062147, "cnt": 177}, "GENERAL": {"medie": 5.294256120527305, "reusita": 31.07344632768362, "cnt": 177}, "ISTORIE": {"medie": 5.282203389830511, "reusita": 32.20338983050847, "cnt": 177}, "GEOGRAFIE": {"medie": 5.6173333333333355, "reusita": 48.66666666666667, "cnt": 150}, "PSIHOLOGIE": {"medie": 7.066666666666666, "reusita": 66.66666666666666, "cnt": 3}, "FILOSOFIE": {"medie": 4.716666666666666, "reusita": 0.0, "cnt": 3}, "LOGICA, ARGUMENTARE SI COMUNICARE": {"medie": 4.608333333333333, "reusita": 33.33333333333333, "cnt": 6}, "SOCIOLOGIE": {"medie": 6.076666666666667, "reusita": 60.0, "cnt": 15}}, "nume": "LICEUL TEORETIC \"ATLAS\"\tBucure\u0219ti"}