{"specializari": {"STIINTE SOCIALE": 37, "FILOLOGIE": 16}, "limba_moderna": {"LIMBA ENGLEZA": 49, "LIMBA FRANCEZA": 4}, "limba_materna": {"LIMBA ROMANA": 53}, "promotie_anterioara": {"NU": 25, "DA": 28}, "materii": {"LIMBA ROMANA": {"medie": 4.6084905660377355, "reusita": 16.9811320754717, "cnt": 53}, "GENERAL": {"medie": 5.517295597484277, "reusita": 28.30188679245283, "cnt": 53}, "ISTORIE": {"medie": 5.6245283018867935, "reusita": 32.075471698113205, "cnt": 53}, "GEOGRAFIE": {"medie": 6.395918367346937, "reusita": 61.224489795918366, "cnt": 49}, "PSIHOLOGIE": {"medie": 5.25, "reusita": 0.0, "cnt": 1}, "SOCIOLOGIE": {"medie": 5.416666666666667, "reusita": 66.66666666666666, "cnt": 3}}, "nume": "LICEUL TEORETIC \"GRIGORE MOISIL\" BACAU\tBac\u0103u"}