{"specializari": {"TEHNICIAN ECOLOG SI PROTECTIA CALITATII MEDIULUI": 106, "TEHNICIAN DESIGNER MOBILA SI AMENAJARI INTERIOARE": 95, "MATEMATICA-INFORMATICA": 94, "TEHNICIAN IN PRELUCRAREA LEMNULUI": 32, "TEHNICIAN IN TURISM": 6}, "limba_moderna": {"LIMBA ENGLEZA": 326, "LIMBA FRANCEZA": 7}, "limba_materna": {"LIMBA ROMANA": 333}, "promotie_anterioara": {"NU": 144, "DA": 189}, "materii": {"LIMBA ROMANA": {"medie": 5.1744744744744775, "reusita": 31.83183183183183, "cnt": 333}, "MATEMATICA MATE-INFO": {"medie": 3.7675531914893616, "reusita": 4.25531914893617, "cnt": 94}, "BIOLOGIE VEGETALA SI ANIMALA": {"medie": 3.6753456221198175, "reusita": 16.129032258064516, "cnt": 217}, "GENERAL": {"medie": 4.324174174174179, "reusita": 13.213213213213212, "cnt": 333}, "INFORMATICA MI C/C++": {"medie": 7.049999999999999, "reusita": 100.0, "cnt": 7}, "CHIMIE ANORGANICA TEO NIVEL I/II": {"medie": 3.925, "reusita": 0.0, "cnt": 2}, "GEOGRAFIE": {"medie": 6.3500000000000005, "reusita": 83.33333333333334, "cnt": 6}, "ANATOMIE SI FIZIOLOGIE UMANA, GENETICA SI ECOLOGIE UMANA": {"medie": 4.8226562500000005, "reusita": 31.25, "cnt": 64}, "MATEMATICA TEHN": {"medie": 3.6918410041840994, "reusita": 20.920502092050206, "cnt": 239}, "FIZICA TEH": {"medie": 2.1375, "reusita": 0.0, "cnt": 8}, "CHIMIE ANORGANICA TEH NIVEL I/II": {"medie": 4.88448275862069, "reusita": 27.586206896551722, "cnt": 29}}, "nume": "LICEUL TEHNOLOGIC \"CONSTANTIN BRANCUSI\"\tBucure\u0219ti"}