{"specializari": {"STIINTE ALE NATURII": 246, "MATEMATICA-INFORMATICA": 162, "TEHNICIAN CHIMIST DE LABORATOR": 186, "TEHNICIAN IN CHIMIE INDUSTRIALA": 130, "TEHNICIAN MECANIC PENTRU INTRETINERE SI REPARATII": 43, "TEHNICIAN MECATRONIST": 133, "TEHNICIAN ANALIZE PRODUSE ALIMENTARE": 235, "TEHNICIAN IN CONSTRUCTII SI LUCRARI PUBLICE": 118, "TEHNICIAN IN INDUSTRIA ALIMENTARA": 204, "TEHNICIAN ECOLOG SI PROTECTIA CALITATII MEDIULUI": 280, "TEHNICIAN ELECTROTEHNIST": 147, "FILOLOGIE": 2, "TEHNICIAN ELECTROMECANIC": 39, "TEHNICIAN INSTALATOR PENTRU CONSTRUCTII": 37, "TEHNICIAN IN INDUSTRIA MATERIALELOR DE CONSTRUCTII": 29, "TEHNICIAN IN ACTIVITATI ECONOMICE": 3}, "limba_moderna": {"LIMBA ENGLEZA": 1773, "LIMBA FRANCEZA": 221}, "limba_materna": {"LIMBA ROMANA": 1994}, "promotie_anterioara": {"NU": 1448, "DA": 546}, "materii": {"LIMBA ROMANA": {"medie": 5.743455366098306, "reusita": 45.135406218655966, "cnt": 1994}, "MATEMATICA MATE-INFO": {"medie": 4.8916666666666675, "reusita": 28.39506172839506, "cnt": 162}, "BIOLOGIE VEGETALA SI ANIMALA": {"medie": 4.613274336283192, "reusita": 28.023598820058996, "cnt": 1695}, "GENERAL": {"medie": 5.122576061517886, "reusita": 31.995987963891675, "cnt": 1994}, "CHIMIE ORGANICA TEO NIVEL I/II": {"medie": 6.485365853658535, "reusita": 60.97560975609756, "cnt": 41}, "INFORMATICA MI C/C++": {"medie": 6.426000000000001, "reusita": 60.0, "cnt": 25}, "CHIMIE ANORGANICA TEO NIVEL I/II": {"medie": 6.614285714285715, "reusita": 71.42857142857143, "cnt": 7}, "ISTORIE": {"medie": 2.55, "reusita": 0.0, "cnt": 2}, "GEOGRAFIE": {"medie": 5.125, "reusita": 50.0, "cnt": 4}, "MATEMATICA ST-NAT": {"medie": 5.707520325203253, "reusita": 49.1869918699187, "cnt": 246}, "ANATOMIE SI FIZIOLOGIE UMANA, GENETICA SI ECOLOGIE UMANA": {"medie": 5.995454545454546, "reusita": 50.0, "cnt": 44}, "FIZICA TEO": {"medie": 6.207142857142856, "reusita": 50.0, "cnt": 14}, "MATEMATICA TEHN": {"medie": 4.717045454545463, "reusita": 29.797979797979796, "cnt": 1584}, "FIZICA TEH": {"medie": 4.205769230769231, "reusita": 19.230769230769234, "cnt": 26}, "INFORMATICA SN C/C++": {"medie": 8.7, "reusita": 100.0, "cnt": 1}, "LOGICA, ARGUMENTARE SI COMUNICARE": {"medie": 5.0, "reusita": 0.0, "cnt": 1}, "INFORMATICA MI PASCAL": {"medie": 7.15, "reusita": 100.0, "cnt": 1}, "CHIMIE ANORGANICA TEH NIVEL I/II": {"medie": 5.274305555555555, "reusita": 37.5, "cnt": 72}, "CHIMIE ORGANICA TEH NIVEL I/II": {"medie": 5.458730158730159, "reusita": 39.682539682539684, "cnt": 63}}, "nume": "LICEUL TEHNOLOGIC \"LAZAR EDELEANU\", MUNICIPIUL PLOIESTI\tPrahova"}