{"specializari": {"MATEMATICA-INFORMATICA": 43, "FILOLOGIE": 383, "STIINTE ALE NATURII": 507, "STIINTE SOCIALE": 210}, "limba_moderna": {"LIMBA ENGLEZA": 1079, "LIMBA FRANCEZA": 59, "LIMBA GERMANA MODERNA": 5}, "limba_materna": {"LIMBA ROMANA": 782, "LIMBA MAGHIARA": 361}, "promotie_anterioara": {"NU": 1057, "DA": 86}, "materii": {"LIMBA ROMANA": {"medie": 6.785301837270345, "reusita": 67.10411198600174, "cnt": 1143}, "MATEMATICA MATE-INFO": {"medie": 7.25813953488372, "reusita": 76.74418604651163, "cnt": 43}, "BIOLOGIE VEGETALA SI ANIMALA": {"medie": 6.3478571428571415, "reusita": 61.42857142857143, "cnt": 70}, "GENERAL": {"medie": 7.225207786526693, "reusita": 75.50306211723534, "cnt": 1143}, "CHIMIE ORGANICA TEO NIVEL I/II": {"medie": 7.771052631578947, "reusita": 94.73684210526315, "cnt": 19}, "INFORMATICA MI C/C++": {"medie": 8.683333333333334, "reusita": 100.0, "cnt": 3}, "CHIMIE ANORGANICA TEO NIVEL I/II": {"medie": 8.728125, "reusita": 93.75, "cnt": 16}, "ISTORIE": {"medie": 6.739966273187182, "reusita": 64.75548060708263, "cnt": 593}, "GEOGRAFIE": {"medie": 7.597018348623849, "reusita": 86.69724770642202, "cnt": 436}, "PSIHOLOGIE": {"medie": 6.755, "reusita": 90.0, "cnt": 10}, "MATEMATICA ST-NAT": {"medie": 6.993786982248517, "reusita": 68.63905325443787, "cnt": 507}, "ANATOMIE SI FIZIOLOGIE UMANA, GENETICA SI ECOLOGIE UMANA": {"medie": 8.543052109181144, "reusita": 93.79652605459057, "cnt": 403}, "FIZICA TEO": {"medie": 8.288235294117648, "reusita": 100.0, "cnt": 17}, "INFORMATICA SN C/C++": {"medie": 7.063636363636363, "reusita": 72.72727272727273, "cnt": 22}, "LOGICA, ARGUMENTARE SI COMUNICARE": {"medie": 8.08666666666667, "reusita": 86.66666666666667, "cnt": 60}, "SOCIOLOGIE": {"medie": 6.847701149425289, "reusita": 72.41379310344827, "cnt": 87}, "LIMBA MAGHIARA (REAL)": {"medie": 7.119633507853401, "reusita": 78.01047120418848, "cnt": 191}, "LIMBA MAGHIARA (UMAN)": {"medie": 6.9735294117647015, "reusita": 78.82352941176471, "cnt": 170}}, "nume": "LICEUL TEORETIC \"ANDREI BARSEANU\" TARNAVENI\tMure\u0219"}