{"specializari": {"FILOLOGIE": 272, "MATEMATICA-INFORMATICA": 82, "TEHNICIAN MECANIC PENTRU INTRETINERE SI REPARATII": 33, "TEHNICIAN IN ACTIVITATI DE COMERT": 85, "STIINTE ALE NATURII": 96}, "limba_moderna": {"LIMBA ENGLEZA": 331, "LIMBA GERMANA MODERNA": 237}, "limba_materna": {"LIMBA MAGHIARA": 568}, "promotie_anterioara": {"DA": 246, "NU": 322}, "materii": {"LIMBA ROMANA": {"medie": 3.4168133802816887, "reusita": 10.387323943661972, "cnt": 568}, "MATEMATICA MATE-INFO": {"medie": 5.908536585365853, "reusita": 57.3170731707317, "cnt": 82}, "BIOLOGIE VEGETALA SI ANIMALA": {"medie": 6.389759036144574, "reusita": 59.036144578313255, "cnt": 166}, "GENERAL": {"medie": 5.606615316901411, "reusita": 23.41549295774648, "cnt": 568}, "ISTORIE": {"medie": 6.291727941176472, "reusita": 61.029411764705884, "cnt": 272}, "GEOGRAFIE": {"medie": 6.802172619047617, "reusita": 76.78571428571429, "cnt": 336}, "PSIHOLOGIE": {"medie": 6.3052631578947365, "reusita": 63.1578947368421, "cnt": 19}, "MATEMATICA ST-NAT": {"medie": 5.149479166666667, "reusita": 41.66666666666667, "cnt": 96}, "ANATOMIE SI FIZIOLOGIE UMANA, GENETICA SI ECOLOGIE UMANA": {"medie": 7.318181818181818, "reusita": 100.0, "cnt": 11}, "FIZICA TEO": {"medie": 5.303333333333334, "reusita": 6.666666666666667, "cnt": 15}, "MATEMATICA TEHN": {"medie": 5.268220338983048, "reusita": 45.76271186440678, "cnt": 118}, "FIZICA TEH": {"medie": 3.811111111111111, "reusita": 22.22222222222222, "cnt": 18}, "ECONOMIE": {"medie": 2.5, "reusita": 0.0, "cnt": 2}, "CHIMIE ANORGANICA TEH NIVEL I/II": {"medie": 2.6, "reusita": 0.0, "cnt": 1}, "LIMBA MAGHIARA (REAL)": {"medie": 6.500844594594589, "reusita": 68.24324324324324, "cnt": 296}, "LIMBA MAGHIARA (UMAN)": {"medie": 6.834926470588235, "reusita": 75.36764705882352, "cnt": 272}}, "nume": "LICEUL TEORETIC \"BOCSKAI ISTVAN\" MIERCUREA NIRAJULUI\tMure\u0219"}