{"specializari": {"MATEMATICA-INFORMATICA": 108, "STIINTE ALE NATURII": 108, "FILOLOGIE": 370, "TEHNICIAN OPERATOR TEHNICA DE CALCUL": 27, "TEHNICIAN ECOLOG SI PROTECTIA CALITATII MEDIULUI": 39, "TEHNICIAN MECANIC PENTRU INTRETINERE SI REPARATII": 19, "TEHNICIAN IN TURISM": 1, "TEHNICIAN IN PRELUCRAREA LEMNULUI": 8}, "limba_moderna": {"LIMBA ENGLEZA": 563, "LIMBA FRANCEZA": 117}, "limba_materna": {"LIMBA ROMANA": 680}, "promotie_anterioara": {"NU": 577, "DA": 103}, "materii": {"LIMBA ROMANA": {"medie": 6.108161764705883, "reusita": 54.55882352941176, "cnt": 680}, "MATEMATICA MATE-INFO": {"medie": 6.110648148148148, "reusita": 50.0, "cnt": 108}, "BIOLOGIE VEGETALA SI ANIMALA": {"medie": 5.050566037735848, "reusita": 37.735849056603776, "cnt": 265}, "GENERAL": {"medie": 5.8946568627451, "reusita": 50.294117647058826, "cnt": 680}, "CHIMIE ORGANICA TEO NIVEL I/II": {"medie": 8.75, "reusita": 100.0, "cnt": 1}, "CHIMIE ANORGANICA TEO NIVEL I/II": {"medie": 7.159999999999999, "reusita": 80.0, "cnt": 5}, "ISTORIE": {"medie": 6.002702702702705, "reusita": 48.37837837837838, "cnt": 370}, "GEOGRAFIE": {"medie": 7.127190332326285, "reusita": 79.45619335347432, "cnt": 331}, "PSIHOLOGIE": {"medie": 6.997222222222223, "reusita": 77.77777777777779, "cnt": 18}, "MATEMATICA ST-NAT": {"medie": 3.831481481481482, "reusita": 14.814814814814813, "cnt": 108}, "ANATOMIE SI FIZIOLOGIE UMANA, GENETICA SI ECOLOGIE UMANA": {"medie": 7.235000000000001, "reusita": 60.0, "cnt": 10}, "FIZICA TEO": {"medie": 6.7299999999999995, "reusita": 65.0, "cnt": 20}, "FILOSOFIE": {"medie": 5.6, "reusita": 0.0, "cnt": 1}, "MATEMATICA TEHN": {"medie": 3.4468085106382986, "reusita": 12.76595744680851, "cnt": 94}, "FIZICA TEH": {"medie": 3.6999999999999997, "reusita": 16.666666666666664, "cnt": 6}, "LOGICA, ARGUMENTARE SI COMUNICARE": {"medie": 6.644117647058821, "reusita": 70.58823529411765, "cnt": 17}, "SOCIOLOGIE": {"medie": 6.725, "reusita": 75.0, "cnt": 4}, "CHIMIE ORGANICA TEH NIVEL I/II": {"medie": 5.1, "reusita": 0.0, "cnt": 2}}, "nume": "LICEUL TEORETIC \"NICOLAE IORGA\" ORAS NEHOIU\tBuz\u0103u"}