{"specializari": {"MATEMATICA-INFORMATICA": 170, "FILOLOGIE": 270, "STIINTE ALE NATURII": 491, "STIINTE SOCIALE": 167}, "limba_moderna": {"LIMBA ENGLEZA": 940, "LIMBA FRANCEZA": 155, "LIMBA GERMANA MODERNA": 3}, "limba_materna": {"LIMBA ROMANA": 1098}, "promotie_anterioara": {"NU": 1000, "DA": 98}, "materii": {"LIMBA ROMANA": {"medie": 7.281056466302373, "reusita": 79.87249544626593, "cnt": 1098}, "MATEMATICA MATE-INFO": {"medie": 6.591764705882351, "reusita": 62.35294117647059, "cnt": 170}, "BIOLOGIE VEGETALA SI ANIMALA": {"medie": 7.050721153846156, "reusita": 75.0, "cnt": 208}, "GENERAL": {"medie": 7.314890710382504, "reusita": 81.3296903460838, "cnt": 1098}, "CHIMIE ORGANICA TEO NIVEL I/II": {"medie": 7.760714285714286, "reusita": 78.57142857142857, "cnt": 14}, "INFORMATICA MI C/C++": {"medie": 6.8703125, "reusita": 65.625, "cnt": 32}, "CHIMIE ANORGANICA TEO NIVEL I/II": {"medie": 8.083333333333334, "reusita": 100.0, "cnt": 3}, "ISTORIE": {"medie": 7.715102974828375, "reusita": 83.06636155606407, "cnt": 437}, "GEOGRAFIE": {"medie": 8.130973451327433, "reusita": 92.92035398230088, "cnt": 113}, "PSIHOLOGIE": {"medie": 8.6625, "reusita": 100.0, "cnt": 16}, "MATEMATICA ST-NAT": {"medie": 6.0817718940936905, "reusita": 55.193482688391036, "cnt": 491}, "ANATOMIE SI FIZIOLOGIE UMANA, GENETICA SI ECOLOGIE UMANA": {"medie": 7.962462462462468, "reusita": 87.08708708708708, "cnt": 333}, "FIZICA TEO": {"medie": 7.274603174603176, "reusita": 79.36507936507937, "cnt": 63}, "FILOSOFIE": {"medie": 7.8, "reusita": 100.0, "cnt": 1}, "INFORMATICA SN C/C++": {"medie": 6.8375, "reusita": 75.0, "cnt": 8}, "ECONOMIE": {"medie": 8.933333333333335, "reusita": 100.0, "cnt": 3}, "LOGICA, ARGUMENTARE SI COMUNICARE": {"medie": 8.516592920353983, "reusita": 95.57522123893806, "cnt": 226}, "SOCIOLOGIE": {"medie": 7.972435897435894, "reusita": 92.3076923076923, "cnt": 78}}, "nume": "LICEUL TEORETIC \"ION CANTACUZINO\" PITESTI\tArge\u0219"}