{"specializari": {"TEHNICIAN IN INDUSTRIA TEXTILA": 10, "TEHNICIAN OPERATOR TEHNICA DE CALCUL": 160, "TEHNICIAN PRELUCRARI MECANICE": 1, "TEHNICIAN MECANIC PENTRU INTRETINERE SI REPARATII": 25}, "limba_moderna": {"LIMBA ENGLEZA": 147, "LIMBA FRANCEZA": 49}, "limba_materna": {"LIMBA ROMANA": 196}, "promotie_anterioara": {"NU": 174, "DA": 22}, "materii": {"LIMBA ROMANA": {"medie": 6.980357142857148, "reusita": 76.53061224489795, "cnt": 196}, "BIOLOGIE VEGETALA SI ANIMALA": {"medie": 5.7820512820512775, "reusita": 53.84615384615385, "cnt": 156}, "GENERAL": {"medie": 6.061649659863948, "reusita": 47.44897959183674, "cnt": 196}, "MATEMATICA TEHN": {"medie": 5.582908163265309, "reusita": 43.36734693877551, "cnt": 196}, "FIZICA TEH": {"medie": 4.848684210526316, "reusita": 23.684210526315788, "cnt": 38}, "CHIMIE ANORGANICA TEH NIVEL I/II": {"medie": 5.9, "reusita": 0.0, "cnt": 1}, "CHIMIE ORGANICA TEH NIVEL I/II": {"medie": 9.7, "reusita": 100.0, "cnt": 1}}, "nume": "LICEUL TEHNOLOGIC \"PETRE P.CARP\", TIBANESTI\tIa\u0219i"}