{"specializari": {"TEHNICIAN IN INDUSTRIA ALIMENTARA": 2, "STIINTE ALE NATURII": 29, "TEHNICIAN PROIECTANT CAD": 48, "TEHNICIAN OPERATOR TEHNICA DE CALCUL": 62, "TEHNICIAN IN CONSTRUCTII SI LUCRARI PUBLICE": 11, "MATEMATICA-INFORMATICA": 3, "STIINTE SOCIALE": 2, "TEHNICIAN DESENATOR PENTRU CONSTRUCTII SI INSTALATII": 18, "TEHNICIAN IN INSTALATII ELECTRICE": 14, "TEHNICIAN IN AGRICULTURA": 2, "TEHNICIAN IN ADMINISTRATIE": 1, "FILOLOGIE": 1, "LICEU CU PROGRAM SPORTIV": 78, "TEHNICIAN IN AGROTURISM": 1, "TEHNICIAN INSTALATOR PENTRU CONSTRUCTII": 1, "TEHNICIAN ELECTROMECANIC": 5, "TEHNICIAN MECANIC PENTRU INTRETINERE SI REPARATII": 1}, "limba_moderna": {"LIMBA FRANCEZA": 20, "LIMBA ENGLEZA": 259}, "limba_materna": {"LIMBA ROMANA": 279}, "promotie_anterioara": {"DA": 134, "NU": 145}, "materii": {"LIMBA ROMANA": {"medie": 5.018996415770611, "reusita": 24.731182795698924, "cnt": 279}, "MATEMATICA MATE-INFO": {"medie": 5.1499999999999995, "reusita": 0.0, "cnt": 3}, "BIOLOGIE VEGETALA SI ANIMALA": {"medie": 4.130180722891568, "reusita": 22.289156626506024, "cnt": 166}, "GENERAL": {"medie": 4.658255675029867, "reusita": 23.655913978494624, "cnt": 279}, "CHIMIE ORGANICA TEO NIVEL I/II": {"medie": 2.525, "reusita": 0.0, "cnt": 2}, "ISTORIE": {"medie": 4.794444444444444, "reusita": 16.049382716049383, "cnt": 81}, "GEOGRAFIE": {"medie": 6.168987341772151, "reusita": 62.0253164556962, "cnt": 79}, "MATEMATICA ST-NAT": {"medie": 2.282758620689654, "reusita": 6.896551724137931, "cnt": 29}, "ANATOMIE SI FIZIOLOGIE UMANA, GENETICA SI ECOLOGIE UMANA": {"medie": 4.137500000000001, "reusita": 25.0, "cnt": 16}, "MATEMATICA TEHN": {"medie": 4.382831325301205, "reusita": 21.686746987951807, "cnt": 166}, "FIZICA TEH": {"medie": 3.4357142857142864, "reusita": 14.285714285714285, "cnt": 7}, "LOGICA, ARGUMENTARE SI COMUNICARE": {"medie": 4.25, "reusita": 33.33333333333333, "cnt": 3}, "CHIMIE ANORGANICA TEH NIVEL I/II": {"medie": 2.2, "reusita": 0.0, "cnt": 1}, "CHIMIE ORGANICA TEH NIVEL I/II": {"medie": 4.0249999999999995, "reusita": 25.0, "cnt": 4}, "INFORMATICA SN PASCAL": {"medie": 1.8, "reusita": 0.0, "cnt": 1}}, "nume": "LICEUL TEHNOLOGIC FERDINAND I, MUN. RM. VALCEA\tV\u00e2lcea"}