{"specializari": {"STIINTE SOCIALE": 223, "STIINTE ALE NATURII": 210, "MATEMATICA-INFORMATICA": 182, "FILOLOGIE": 75}, "limba_moderna": {"LIMBA ENGLEZA": 666, "LIMBA FRANCEZA": 15, "LIMBA GERMANA MODERNA": 9}, "limba_materna": {"LIMBA MAGHIARA": 690}, "promotie_anterioara": {"DA": 38, "NU": 652}, "materii": {"LIMBA ROMANA": {"medie": 6.608028985507245, "reusita": 68.40579710144927, "cnt": 690}, "MATEMATICA MATE-INFO": {"medie": 7.118681318681322, "reusita": 75.27472527472527, "cnt": 182}, "BIOLOGIE VEGETALA SI ANIMALA": {"medie": 8.254945054945056, "reusita": 95.6043956043956, "cnt": 91}, "GENERAL": {"medie": 7.774869565217383, "reusita": 91.01449275362319, "cnt": 690}, "CHIMIE ORGANICA TEO NIVEL I/II": {"medie": 7.6468750000000005, "reusita": 87.5, "cnt": 16}, "INFORMATICA MI C/C++": {"medie": 7.6701612903225795, "reusita": 82.25806451612904, "cnt": 62}, "ISTORIE": {"medie": 8.35620805369127, "reusita": 95.63758389261746, "cnt": 298}, "GEOGRAFIE": {"medie": 7.836842105263156, "reusita": 94.15204678362574, "cnt": 171}, "MATEMATICA ST-NAT": {"medie": 8.215238095238094, "reusita": 94.28571428571428, "cnt": 210}, "ANATOMIE SI FIZIOLOGIE UMANA, GENETICA SI ECOLOGIE UMANA": {"medie": 8.617233009708738, "reusita": 97.57281553398059, "cnt": 206}, "FIZICA TEO": {"medie": 7.767857142857144, "reusita": 78.57142857142857, "cnt": 14}, "FILOSOFIE": {"medie": 8.177631578947368, "reusita": 92.10526315789474, "cnt": 76}, "INFORMATICA SN C/C++": {"medie": 7.3, "reusita": 66.66666666666666, "cnt": 3}, "ECONOMIE": {"medie": 8.14333333333333, "reusita": 93.33333333333333, "cnt": 15}, "LOGICA, ARGUMENTARE SI COMUNICARE": {"medie": 8.42361111111111, "reusita": 88.88888888888889, "cnt": 36}, "LIMBA MAGHIARA (REAL)": {"medie": 8.35357142857143, "reusita": 98.21428571428571, "cnt": 392}, "LIMBA MAGHIARA (UMAN)": {"medie": 8.294127516778524, "reusita": 96.30872483221476, "cnt": 298}}, "nume": "LICEUL TEORETIC \"MIKES KELEMEN\" SFANTU GHEORGHE\tCovasna"}