{"specializari": {"STIINTE ALE NATURII": 408, "TEHNICIAN IN AGRICULTURA": 103, "TEHNICIAN AGRONOM": 86}, "limba_moderna": {"LIMBA ENGLEZA": 580, "LIMBA FRANCEZA": 17}, "limba_materna": {"LIMBA ROMANA": 597}, "promotie_anterioara": {"DA": 74, "NU": 523}, "materii": {"LIMBA ROMANA": {"medie": 5.64246231155779, "reusita": 50.083752093802346, "cnt": 597}, "BIOLOGIE VEGETALA SI ANIMALA": {"medie": 6.35, "reusita": 100.0, "cnt": 1}, "GENERAL": {"medie": 5.221887213847014, "reusita": 38.69346733668342, "cnt": 597}, "CHIMIE ORGANICA TEO NIVEL I/II": {"medie": 9.5, "reusita": 100.0, "cnt": 1}, "CHIMIE ANORGANICA TEO NIVEL I/II": {"medie": 7.698666666666665, "reusita": 89.33333333333333, "cnt": 75}, "MATEMATICA ST-NAT": {"medie": 5.275857843137256, "reusita": 37.99019607843137, "cnt": 408}, "ANATOMIE SI FIZIOLOGIE UMANA, GENETICA SI ECOLOGIE UMANA": {"medie": 5.295078740157479, "reusita": 45.2755905511811, "cnt": 508}, "FIZICA TEO": {"medie": 6.225, "reusita": 62.5, "cnt": 8}, "MATEMATICA TEHN": {"medie": 2.5121693121693127, "reusita": 7.4074074074074066, "cnt": 189}, "CHIMIE ANORGANICA TEH NIVEL I/II": {"medie": 5.8875, "reusita": 75.0, "cnt": 4}}, "nume": "LICEUL \"DEMOSTENE BOTEZ\" TRUSESTI\tBoto\u0219ani"}