{"specializari": {"MATEMATICA-INFORMATICA": 168, "FILOLOGIE": 181, "TEHNICIAN MECANIC PENTRU INTRETINERE SI REPARATII": 99, "STIINTE ALE NATURII": 6}, "limba_moderna": {"LIMBA ENGLEZA": 401, "LIMBA FRANCEZA": 52, "LIMBA RUSA": 1}, "limba_materna": {"LIMBA ROMANA": 454}, "promotie_anterioara": {"NU": 378, "DA": 76}, "materii": {"LIMBA ROMANA": {"medie": 6.028414096916301, "reusita": 49.77973568281938, "cnt": 454}, "MATEMATICA MATE-INFO": {"medie": 5.763095238095239, "reusita": 44.642857142857146, "cnt": 168}, "BIOLOGIE VEGETALA SI ANIMALA": {"medie": 5.019949494949496, "reusita": 41.41414141414141, "cnt": 198}, "GENERAL": {"medie": 6.014537444933927, "reusita": 54.40528634361234, "cnt": 454}, "CHIMIE ORGANICA TEO NIVEL I/II": {"medie": 9.450000000000001, "reusita": 100.0, "cnt": 3}, "INFORMATICA MI C/C++": {"medie": 8.166666666666666, "reusita": 100.0, "cnt": 3}, "CHIMIE ANORGANICA TEO NIVEL I/II": {"medie": 8.8, "reusita": 100.0, "cnt": 2}, "ISTORIE": {"medie": 6.972375690607738, "reusita": 74.03314917127072, "cnt": 181}, "GEOGRAFIE": {"medie": 7.58220858895706, "reusita": 85.88957055214725, "cnt": 163}, "PSIHOLOGIE": {"medie": 5.708333333333333, "reusita": 66.66666666666666, "cnt": 6}, "MATEMATICA ST-NAT": {"medie": 2.033333333333333, "reusita": 0.0, "cnt": 6}, "ANATOMIE SI FIZIOLOGIE UMANA, GENETICA SI ECOLOGIE UMANA": {"medie": 7.234821428571431, "reusita": 78.57142857142857, "cnt": 56}, "FIZICA TEO": {"medie": 8.28, "reusita": 90.0, "cnt": 10}, "MATEMATICA TEHN": {"medie": 3.345454545454546, "reusita": 9.090909090909092, "cnt": 99}, "ECONOMIE": {"medie": 7.1, "reusita": 50.0, "cnt": 2}, "LOGICA, ARGUMENTARE SI COMUNICARE": {"medie": 3.8375000000000004, "reusita": 25.0, "cnt": 4}, "SOCIOLOGIE": {"medie": 4.408333333333334, "reusita": 16.666666666666664, "cnt": 6}, "CHIMIE ANORGANICA TEH NIVEL I/II": {"medie": 2.8, "reusita": 0.0, "cnt": 1}}, "nume": "LICEUL TEORETIC \"GEORGE VALSAN\"\tBr\u0103ila"}