{"specializari": {"MATEMATICA-INFORMATICA": 98, "FILOLOGIE": 158, "STIINTE ALE NATURII": 123}, "limba_moderna": {"LIMBA ENGLEZA": 338, "LIMBA GERMANA MODERNA": 41}, "limba_materna": {"LIMBA MAGHIARA": 379}, "promotie_anterioara": {"NU": 340, "DA": 39}, "materii": {"LIMBA ROMANA": {"medie": 6.306728232189964, "reusita": 59.10290237467019, "cnt": 379}, "MATEMATICA MATE-INFO": {"medie": 7.2637755102040815, "reusita": 69.38775510204081, "cnt": 98}, "BIOLOGIE VEGETALA SI ANIMALA": {"medie": 7.472115384615384, "reusita": 78.84615384615384, "cnt": 52}, "GENERAL": {"medie": 6.93502638522427, "reusita": 68.33773087071239, "cnt": 379}, "CHIMIE ORGANICA TEO NIVEL I/II": {"medie": 7.893749999999999, "reusita": 75.0, "cnt": 8}, "INFORMATICA MI C/C++": {"medie": 7.940624999999999, "reusita": 81.25, "cnt": 16}, "CHIMIE ANORGANICA TEO NIVEL I/II": {"medie": 8.664285714285715, "reusita": 100.0, "cnt": 7}, "ISTORIE": {"medie": 6.551898734177211, "reusita": 55.06329113924051, "cnt": 158}, "GEOGRAFIE": {"medie": 7.542105263157894, "reusita": 78.94736842105263, "cnt": 19}, "PSIHOLOGIE": {"medie": 6.546195652173913, "reusita": 63.04347826086957, "cnt": 92}, "MATEMATICA ST-NAT": {"medie": 6.465040650406506, "reusita": 60.16260162601627, "cnt": 123}, "ANATOMIE SI FIZIOLOGIE UMANA, GENETICA SI ECOLOGIE UMANA": {"medie": 8.150555555555556, "reusita": 88.88888888888889, "cnt": 90}, "FIZICA TEO": {"medie": 7.8357142857142845, "reusita": 100.0, "cnt": 7}, "FILOSOFIE": {"medie": 8.2, "reusita": 87.5, "cnt": 8}, "ECONOMIE": {"medie": 6.05, "reusita": 100.0, "cnt": 1}, "LOGICA, ARGUMENTARE SI COMUNICARE": {"medie": 6.548214285714287, "reusita": 64.28571428571429, "cnt": 28}, "SOCIOLOGIE": {"medie": 8.684999999999999, "reusita": 100.0, "cnt": 10}, "INFORMATICA MI PASCAL": {"medie": 7.8000000000000025, "reusita": 81.57894736842105, "cnt": 38}, "LIMBA MAGHIARA (REAL)": {"medie": 7.577149321266963, "reusita": 83.710407239819, "cnt": 221}, "LIMBA MAGHIARA (UMAN)": {"medie": 6.784493670886075, "reusita": 67.72151898734177, "cnt": 158}, "INFORMATICA SN PASCAL": {"medie": 7.633333333333333, "reusita": 100.0, "cnt": 3}}, "nume": "LICEUL TEORETIC \"NEMETH LASZLO\" BAIA MARE\tMaramure\u0219"}