{"specializari": {"FILOLOGIE": 244, "MATEMATICA-INFORMATICA": 164, "TEHNICIAN OPERATOR TEHNICA DE CALCUL": 270, "TEHNICIAN MECANIC PENTRU INTRETINERE SI REPARATII": 185, "TEHNICIAN DESENATOR PENTRU CONSTRUCTII SI INSTALATII": 208, "TEHNICIAN IN ACTIVITATI ECONOMICE": 238, "TEHNICIAN IN TURISM": 235, "TEHNICIAN ECOLOG SI PROTECTIA CALITATII MEDIULUI": 343, "TEHNICIAN OPERATORI ROBOTI INDUSTRIALI": 64, "TEHNICIAN METROLOG": 27, "STIINTE ALE NATURII": 106, "TEHNICIAN IN AGRICULTURA": 2, "TEHNICIAN DESIGNER VESTIMENTAR": 1, "TEHNICIAN ELECTROTEHNIST": 1}, "limba_moderna": {"LIMBA ENGLEZA": 1808, "LIMBA FRANCEZA": 280}, "limba_materna": {"LIMBA ROMANA": 2088}, "promotie_anterioara": {"NU": 1721, "DA": 367}, "materii": {"LIMBA ROMANA": {"medie": 5.968845785440615, "reusita": 55.12452107279694, "cnt": 2088}, "MATEMATICA MATE-INFO": {"medie": 7.783231707317075, "reusita": 80.48780487804879, "cnt": 164}, "BIOLOGIE VEGETALA SI ANIMALA": {"medie": 2.9881386861313888, "reusita": 9.306569343065693, "cnt": 548}, "GENERAL": {"medie": 5.634690293742033, "reusita": 47.36590038314176, "cnt": 2088}, "CHIMIE ORGANICA TEO NIVEL I/II": {"medie": 7.832142857142857, "reusita": 85.71428571428571, "cnt": 42}, "INFORMATICA MI C/C++": {"medie": 8.083333333333334, "reusita": 87.87878787878788, "cnt": 33}, "ISTORIE": {"medie": 7.593237704918032, "reusita": 79.50819672131148, "cnt": 244}, "GEOGRAFIE": {"medie": 7.500646551724147, "reusita": 84.05172413793103, "cnt": 464}, "PSIHOLOGIE": {"medie": 8.046666666666665, "reusita": 80.0, "cnt": 15}, "MATEMATICA ST-NAT": {"medie": 7.691037735849057, "reusita": 84.90566037735849, "cnt": 106}, "ANATOMIE SI FIZIOLOGIE UMANA, GENETICA SI ECOLOGIE UMANA": {"medie": 6.1500982318271085, "reusita": 55.5992141453831, "cnt": 509}, "FIZICA TEO": {"medie": 8.28888888888889, "reusita": 88.88888888888889, "cnt": 9}, "MATEMATICA TEHN": {"medie": 4.487452350698867, "reusita": 33.10038119440915, "cnt": 1574}, "FIZICA TEH": {"medie": 3.398387096774193, "reusita": 19.35483870967742, "cnt": 31}, "INFORMATICA SN C/C++": {"medie": 9.35, "reusita": 100.0, "cnt": 2}, "ECONOMIE": {"medie": 7.590000000000001, "reusita": 80.0, "cnt": 5}, "LOGICA, ARGUMENTARE SI COMUNICARE": {"medie": 8.425751072961377, "reusita": 91.41630901287554, "cnt": 233}, "CHIMIE ORGANICA TEH NIVEL I/II": {"medie": 3.3535532994923862, "reusita": 17.766497461928935, "cnt": 197}}, "nume": "LICEUL TEHNOLOGIC \"DIMITRIE FILISANU\" FILIASI\tDolj"}