{"specializari": {"MATEMATICA-INFORMATICA": 304, "STIINTE ALE NATURII": 306, "STIINTE SOCIALE": 401, "INVATATOR - EDUCATOARE": 221, "FILOLOGIE": 254}, "limba_moderna": {"LIMBA ENGLEZA": 1088, "LIMBA FRANCEZA": 398}, "limba_materna": {"LIMBA ROMANA": 1486}, "promotie_anterioara": {"NU": 1395, "DA": 91}, "materii": {"LIMBA ROMANA": {"medie": 7.531709286675641, "reusita": 82.09959623149395, "cnt": 1486}, "MATEMATICA MATE-INFO": {"medie": 6.816118421052627, "reusita": 68.0921052631579, "cnt": 304}, "GENERAL": {"medie": 7.671361597128772, "reusita": 85.1278600269179, "cnt": 1486}, "CHIMIE ORGANICA TEO NIVEL I/II": {"medie": 6.458333333333333, "reusita": 66.66666666666666, "cnt": 6}, "INFORMATICA MI C/C++": {"medie": 7.596370967741933, "reusita": 82.25806451612904, "cnt": 124}, "ISTORIE": {"medie": 7.758854961832056, "reusita": 83.51145038167938, "cnt": 655}, "GEOGRAFIE": {"medie": 8.475000000000003, "reusita": 96.26436781609196, "cnt": 348}, "PSIHOLOGIE": {"medie": 8.299999999999999, "reusita": 86.95652173913044, "cnt": 23}, "MATEMATICA ST-NAT": {"medie": 6.269117647058821, "reusita": 55.88235294117647, "cnt": 306}, "ANATOMIE SI FIZIOLOGIE UMANA, GENETICA SI ECOLOGIE UMANA": {"medie": 7.628650442477881, "reusita": 84.070796460177, "cnt": 452}, "FIZICA TEO": {"medie": 6.778571428571429, "reusita": 60.71428571428571, "cnt": 28}, "FILOSOFIE": {"medie": 8.316666666666666, "reusita": 100.0, "cnt": 3}, "ECONOMIE": {"medie": 8.5, "reusita": 100.0, "cnt": 1}, "LOGICA, ARGUMENTARE SI COMUNICARE": {"medie": 8.6134693877551, "reusita": 91.83673469387756, "cnt": 490}, "MATEMATICA PED": {"medie": 8.370180995475115, "reusita": 91.4027149321267, "cnt": 221}, "SOCIOLOGIE": {"medie": 6.50909090909091, "reusita": 72.72727272727273, "cnt": 11}}, "nume": "LICEUL PEDAGOGIC \"NICOLAE IORGA\" BOTOSANI\tBoto\u0219ani"}