{"specializari": {"MATEMATICA-INFORMATICA": 215, "STIINTE SOCIALE": 191, "FILOLOGIE": 155, "LICEU CU PROGRAM SPORTIV": 222, "STIINTE ALE NATURII": 163}, "limba_moderna": {"LIMBA ENGLEZA": 927, "LIMBA GERMANA MODERNA": 14, "LIMBA FRANCEZA": 5}, "limba_materna": {"LIMBA ROMANA": 946}, "promotie_anterioara": {"NU": 829, "DA": 117}, "materii": {"LIMBA ROMANA": {"medie": 7.2446617336152235, "reusita": 74.94714587737845, "cnt": 946}, "MATEMATICA MATE-INFO": {"medie": 7.9581395348837205, "reusita": 87.44186046511628, "cnt": 215}, "BIOLOGIE VEGETALA SI ANIMALA": {"medie": 7.9807432432432455, "reusita": 89.1891891891892, "cnt": 148}, "GENERAL": {"medie": 7.343340380549689, "reusita": 79.70401691331924, "cnt": 946}, "CHIMIE ORGANICA TEO NIVEL I/II": {"medie": 8.290000000000001, "reusita": 100.0, "cnt": 5}, "INFORMATICA MI C/C++": {"medie": 7.620535714285718, "reusita": 83.92857142857143, "cnt": 56}, "ISTORIE": {"medie": 6.822623239436608, "reusita": 63.20422535211267, "cnt": 568}, "GEOGRAFIE": {"medie": 7.359637404580156, "reusita": 81.29770992366412, "cnt": 524}, "PSIHOLOGIE": {"medie": 7.756666666666667, "reusita": 86.66666666666667, "cnt": 15}, "MATEMATICA ST-NAT": {"medie": 7.304601226993863, "reusita": 79.75460122699386, "cnt": 163}, "ANATOMIE SI FIZIOLOGIE UMANA, GENETICA SI ECOLOGIE UMANA": {"medie": 8.716528925619835, "reusita": 97.52066115702479, "cnt": 121}, "FIZICA TEO": {"medie": 7.222340425531915, "reusita": 80.85106382978722, "cnt": 47}, "FILOSOFIE": {"medie": 6.76, "reusita": 70.0, "cnt": 10}, "INFORMATICA SN C/C++": {"medie": 5.05, "reusita": 0.0, "cnt": 1}, "ECONOMIE": {"medie": 6.5, "reusita": 100.0, "cnt": 1}, "LOGICA, ARGUMENTARE SI COMUNICARE": {"medie": 6.26764705882353, "reusita": 70.58823529411765, "cnt": 17}, "SOCIOLOGIE": {"medie": 8.05, "reusita": 100.0, "cnt": 1}}, "nume": "LICEUL TEORETIC \"TRAIAN VUIA\" RESITA\tCara\u0219-Severin"}