{"specializari": {"MATEMATICA-INFORMATICA": 234, "TEHNICIAN OPERATOR TEHNICA DE CALCUL": 248, "TEHNICIAN MECANIC PENTRU INTRETINERE SI REPARATII": 68}, "limba_moderna": {"LIMBA ENGLEZA": 530, "LIMBA FRANCEZA": 20}, "limba_materna": {"LIMBA ROMANA": 550}, "promotie_anterioara": {"NU": 389, "DA": 161}, "materii": {"LIMBA ROMANA": {"medie": 4.7567272727272725, "reusita": 32.0, "cnt": 550}, "MATEMATICA MATE-INFO": {"medie": 4.869871794871794, "reusita": 34.18803418803419, "cnt": 234}, "BIOLOGIE VEGETALA SI ANIMALA": {"medie": 3.459177215189874, "reusita": 14.873417721518987, "cnt": 316}, "GENERAL": {"medie": 4.349757575757573, "reusita": 21.454545454545453, "cnt": 550}, "ANATOMIE SI FIZIOLOGIE UMANA, GENETICA SI ECOLOGIE UMANA": {"medie": 6.480555555555551, "reusita": 65.38461538461539, "cnt": 234}, "MATEMATICA TEHN": {"medie": 2.5689873417721523, "reusita": 6.329113924050633, "cnt": 316}}, "nume": "LICEUL TEORETIC \"MIHAI VITEAZUL\" VISINA\tD\u00e2mbovi\u021ba"}