{"specializari": {"TEHNICIAN OPERATOR TEHNICA DE CALCUL": 63, "TEHNICIAN ELECTROTEHNIST": 10, "TEHNICIAN MECANIC PENTRU INTRETINERE SI REPARATII": 2, "TEHNICIAN PROIECTANT CAD": 11, "TEHNICIAN CONSTRUCTII NAVALE": 1, "TEHNICIAN MECATRONIST": 42, "STIINTE ALE NATURII": 20, "TEHNICIAN IN AUTOMATIZARI": 2}, "limba_moderna": {"LIMBA ENGLEZA": 144, "LIMBA FRANCEZA": 7}, "limba_materna": {"LIMBA ROMANA": 151}, "promotie_anterioara": {"DA": 60, "NU": 91}, "materii": {"LIMBA ROMANA": {"medie": 5.297682119205297, "reusita": 29.13907284768212, "cnt": 151}, "BIOLOGIE VEGETALA SI ANIMALA": {"medie": 4.268359375000002, "reusita": 22.65625, "cnt": 128}, "GENERAL": {"medie": 4.849006622516556, "reusita": 21.85430463576159, "cnt": 151}, "MATEMATICA ST-NAT": {"medie": 4.505, "reusita": 15.0, "cnt": 20}, "ANATOMIE SI FIZIOLOGIE UMANA, GENETICA SI ECOLOGIE UMANA": {"medie": 5.925, "reusita": 50.0, "cnt": 2}, "MATEMATICA TEHN": {"medie": 4.728625954198473, "reusita": 38.16793893129771, "cnt": 131}, "FIZICA TEH": {"medie": 5.658333333333332, "reusita": 75.0, "cnt": 12}, "CHIMIE ANORGANICA TEH NIVEL I/II": {"medie": 6.777777777777778, "reusita": 66.66666666666666, "cnt": 9}}, "nume": "LICEUL TEHNOLOGIC \"ANGHEL SALIGNY\"\tBr\u0103ila"}