{"specializari": {"STIINTE SOCIALE": 464, "MATEMATICA-INFORMATICA": 238, "STIINTE ALE NATURII": 242, "FILOLOGIE": 395, "TEHNICIAN MECANIC PENTRU INTRETINERE SI REPARATII": 1}, "limba_moderna": {"LIMBA ENGLEZA": 1198, "LIMBA FRANCEZA": 142}, "limba_materna": {"LIMBA ROMANA": 1340}, "promotie_anterioara": {"NU": 1038, "DA": 302}, "materii": {"LIMBA ROMANA": {"medie": 5.7575597014925455, "reusita": 41.343283582089555, "cnt": 1340}, "MATEMATICA MATE-INFO": {"medie": 3.629831932773108, "reusita": 10.084033613445378, "cnt": 238}, "BIOLOGIE VEGETALA SI ANIMALA": {"medie": 5.24, "reusita": 50.0, "cnt": 10}, "GENERAL": {"medie": 5.792781094527363, "reusita": 45.59701492537314, "cnt": 1340}, "CHIMIE ORGANICA TEO NIVEL I/II": {"medie": 5.1, "reusita": 50.0, "cnt": 2}, "INFORMATICA MI C/C++": {"medie": 4.572222222222222, "reusita": 22.22222222222222, "cnt": 27}, "CHIMIE ANORGANICA TEO NIVEL I/II": {"medie": 8.0, "reusita": 100.0, "cnt": 1}, "ISTORIE": {"medie": 6.2873108265425, "reusita": 52.15366705471478, "cnt": 859}, "GEOGRAFIE": {"medie": 6.842804428044284, "reusita": 74.04674046740467, "cnt": 813}, "PSIHOLOGIE": {"medie": 7.3304347826086955, "reusita": 86.95652173913044, "cnt": 23}, "MATEMATICA ST-NAT": {"medie": 4.035123966942151, "reusita": 19.00826446280992, "cnt": 242}, "ANATOMIE SI FIZIOLOGIE UMANA, GENETICA SI ECOLOGIE UMANA": {"medie": 5.125514874141882, "reusita": 40.96109839816934, "cnt": 437}, "FIZICA TEO": {"medie": 2.766666666666667, "reusita": 0.0, "cnt": 3}, "FILOSOFIE": {"medie": 8.15, "reusita": 100.0, "cnt": 2}, "MATEMATICA TEHN": {"medie": 2.0, "reusita": 0.0, "cnt": 1}, "INFORMATICA SN C/C++": {"medie": 4.25, "reusita": 0.0, "cnt": 1}, "LOGICA, ARGUMENTARE SI COMUNICARE": {"medie": 7.1, "reusita": 100.0, "cnt": 1}, "SOCIOLOGIE": {"medie": 6.3500000000000005, "reusita": 70.0, "cnt": 20}}, "nume": "LICEUL TEORETIC \"ION HELIADE RADULESCU\" TARGOVISTE\tD\u00e2mbovi\u021ba"}