{"specializari": {"STIINTE ALE NATURII": 223, "FILOLOGIE": 268, "MATEMATICA-INFORMATICA": 196}, "limba_moderna": {"LIMBA ENGLEZA": 684, "LIMBA FRANCEZA": 3}, "limba_materna": {"LIMBA ROMANA": 687}, "promotie_anterioara": {"NU": 573, "DA": 114}, "materii": {"LIMBA ROMANA": {"medie": 6.956550218340615, "reusita": 71.32459970887919, "cnt": 687}, "MATEMATICA MATE-INFO": {"medie": 6.959183673469388, "reusita": 71.42857142857143, "cnt": 196}, "BIOLOGIE VEGETALA SI ANIMALA": {"medie": 6.737142857142858, "reusita": 70.95238095238095, "cnt": 210}, "GENERAL": {"medie": 6.9561377971858365, "reusita": 72.92576419213974, "cnt": 687}, "CHIMIE ORGANICA TEO NIVEL I/II": {"medie": 8.163636363636364, "reusita": 90.9090909090909, "cnt": 22}, "INFORMATICA MI C/C++": {"medie": 6.345454545454545, "reusita": 54.54545454545454, "cnt": 11}, "CHIMIE ANORGANICA TEO NIVEL I/II": {"medie": 6.5048387096774185, "reusita": 58.87096774193549, "cnt": 124}, "ISTORIE": {"medie": 6.985261194029846, "reusita": 71.64179104477611, "cnt": 268}, "GEOGRAFIE": {"medie": 7.7031400966183625, "reusita": 87.92270531400966, "cnt": 207}, "PSIHOLOGIE": {"medie": 7.545454545454544, "reusita": 86.36363636363636, "cnt": 22}, "MATEMATICA ST-NAT": {"medie": 6.052242152466365, "reusita": 52.01793721973094, "cnt": 223}, "ANATOMIE SI FIZIOLOGIE UMANA, GENETICA SI ECOLOGIE UMANA": {"medie": 8.413636363636362, "reusita": 90.9090909090909, "cnt": 33}, "FIZICA TEO": {"medie": 8.200000000000001, "reusita": 89.47368421052632, "cnt": 19}, "FILOSOFIE": {"medie": 8.2, "reusita": 100.0, "cnt": 1}, "ECONOMIE": {"medie": 7.7749999999999995, "reusita": 100.0, "cnt": 6}, "LOGICA, ARGUMENTARE SI COMUNICARE": {"medie": 8.040909090909091, "reusita": 90.9090909090909, "cnt": 11}, "SOCIOLOGIE": {"medie": 7.7928571428571445, "reusita": 80.95238095238095, "cnt": 21}}, "nume": "LICEUL TEORETIC \"IOAN PETRUS\" OTOPENI\tIlfov"}