{"specializari": {"FILOLOGIE": 252, "MATEMATICA-INFORMATICA": 184, "LICEU CU PROGRAM SPORTIV": 115, "STIINTE SOCIALE": 266, "STIINTE ALE NATURII": 133}, "limba_moderna": {"LIMBA ENGLEZA": 812, "LIMBA FRANCEZA": 138}, "limba_materna": {"LIMBA ROMANA": 950}, "promotie_anterioara": {"NU": 803, "DA": 147}, "materii": {"LIMBA ROMANA": {"medie": 5.917736842105264, "reusita": 49.1578947368421, "cnt": 950}, "MATEMATICA MATE-INFO": {"medie": 7.516576086956525, "reusita": 79.34782608695652, "cnt": 184}, "BIOLOGIE VEGETALA SI ANIMALA": {"medie": 5.947916666666667, "reusita": 41.66666666666667, "cnt": 24}, "GENERAL": {"medie": 6.191543859649124, "reusita": 58.42105263157895, "cnt": 950}, "CHIMIE ORGANICA TEO NIVEL I/II": {"medie": 8.8125, "reusita": 100.0, "cnt": 4}, "INFORMATICA MI C/C++": {"medie": 7.95, "reusita": 100.0, "cnt": 2}, "CHIMIE ANORGANICA TEO NIVEL I/II": {"medie": 8.0, "reusita": 100.0, "cnt": 1}, "ISTORIE": {"medie": 5.625197472353864, "reusita": 36.492890995260666, "cnt": 633}, "GEOGRAFIE": {"medie": 7.059818481848184, "reusita": 73.26732673267327, "cnt": 606}, "PSIHOLOGIE": {"medie": 7.6875, "reusita": 75.0, "cnt": 8}, "MATEMATICA ST-NAT": {"medie": 2.9383458646616543, "reusita": 12.030075187969924, "cnt": 133}, "ANATOMIE SI FIZIOLOGIE UMANA, GENETICA SI ECOLOGIE UMANA": {"medie": 6.842125984251968, "reusita": 69.68503937007874, "cnt": 254}, "FIZICA TEO": {"medie": 8.070689655172414, "reusita": 86.20689655172413, "cnt": 29}, "FILOSOFIE": {"medie": 9.25, "reusita": 100.0, "cnt": 2}, "ECONOMIE": {"medie": 9.4, "reusita": 100.0, "cnt": 1}, "SOCIOLOGIE": {"medie": 7.543749999999999, "reusita": 87.5, "cnt": 16}, "INFORMATICA MI PASCAL": {"medie": 9.083333333333334, "reusita": 100.0, "cnt": 3}}, "nume": "LICEUL TEORETIC ZIMNICEA\tTeleorman"}