{"specializari": {"LICEU CU PROGRAM SPORTIV": 598}, "limba_moderna": {"LIMBA ENGLEZA": 576, "LIMBA FRANCEZA": 17, "LIMBA GERMANA MODERNA": 5}, "limba_materna": {"LIMBA MAGHIARA": 267, "LIMBA ROMANA": 331}, "promotie_anterioara": {"NU": 446, "DA": 152}, "materii": {"LIMBA ROMANA": {"medie": 5.132692307692314, "reusita": 28.929765886287623, "cnt": 598}, "GENERAL": {"medie": 5.732608695652177, "reusita": 44.14715719063545, "cnt": 598}, "ISTORIE": {"medie": 5.449163879598658, "reusita": 31.270903010033447, "cnt": 598}, "GEOGRAFIE": {"medie": 6.49261261261261, "reusita": 68.82882882882882, "cnt": 555}, "PSIHOLOGIE": {"medie": 4.785714285714285, "reusita": 33.33333333333333, "cnt": 21}, "FILOSOFIE": {"medie": 4.783333333333333, "reusita": 33.33333333333333, "cnt": 3}, "LOGICA, ARGUMENTARE SI COMUNICARE": {"medie": 4.3842105263157904, "reusita": 31.57894736842105, "cnt": 19}, "LIMBA MAGHIARA (REAL)": {"medie": 6.309550561797762, "reusita": 68.16479400749064, "cnt": 267}}, "nume": "LICEUL CU PROGRAM SPORTIV \"SZASZ ADALBERT\" TIRGU MURES\tMure\u0219"}