{"specializari": {"TEHNICIAN ELECTRICIAN/ELECTRONIST AUTO": 7, "MATEMATICA-INFORMATICA": 3, "TEHNICIAN IN AUTOMATIZARI": 6, "TEOLOGIE ORTODOXA": 158, "TEHNICIAN IN ACTIVITATI DE POSTA": 14, "TEHNICIAN ELECTRONIST": 1}, "limba_moderna": {"LIMBA ENGLEZA": 189}, "limba_materna": {"LIMBA ROMANA": 189}, "promotie_anterioara": {"DA": 62, "NU": 127}, "materii": {"LIMBA ROMANA": {"medie": 6.590211640211638, "reusita": 62.96296296296296, "cnt": 189}, "MATEMATICA MATE-INFO": {"medie": 5.583333333333333, "reusita": 33.33333333333333, "cnt": 3}, "BIOLOGIE VEGETALA SI ANIMALA": {"medie": 5.042307692307692, "reusita": 30.76923076923077, "cnt": 13}, "GENERAL": {"medie": 6.735185185185186, "reusita": 68.25396825396825, "cnt": 189}, "INFORMATICA MI C/C++": {"medie": 5.9, "reusita": 0.0, "cnt": 1}, "ISTORIE": {"medie": 7.0740506329113915, "reusita": 76.58227848101265, "cnt": 158}, "GEOGRAFIE": {"medie": 7.31913580246914, "reusita": 79.01234567901234, "cnt": 162}, "PSIHOLOGIE": {"medie": 7.833333333333333, "reusita": 100.0, "cnt": 3}, "ANATOMIE SI FIZIOLOGIE UMANA, GENETICA SI ECOLOGIE UMANA": {"medie": 6.574999999999999, "reusita": 50.0, "cnt": 2}, "MATEMATICA TEHN": {"medie": 3.741071428571428, "reusita": 14.285714285714285, "cnt": 28}, "FIZICA TEH": {"medie": 2.05, "reusita": 0.0, "cnt": 1}, "ECONOMIE": {"medie": 5.416666666666667, "reusita": 0.0, "cnt": 6}, "LOGICA, ARGUMENTARE SI COMUNICARE": {"medie": 5.75, "reusita": 0.0, "cnt": 1}}, "nume": "LICEUL ORTODOX \"EPISCOP ROMAN CIOROGARIU\" ORADEA\tBihor"}