{"specializari": {"TEHNICIAN ELECTRICIAN/ELECTRONIST AUTO": 28, "TEHNICIAN PROIECTANT CAD": 94, "TEHNICIAN TRANSPORTURI": 29, "TEHNICIAN PRELUCRARI MECANICE": 12, "MATEMATICA-INFORMATICA": 2, "TEHNICIAN MECATRONIST": 1, "TEHNICIAN IN INSTALATII ELECTRICE": 11}, "limba_moderna": {"LIMBA ENGLEZA": 175, "LIMBA FRANCEZA": 2}, "limba_materna": {"LIMBA ROMANA": 177}, "promotie_anterioara": {"NU": 89, "DA": 88}, "materii": {"LIMBA ROMANA": {"medie": 4.9443502824858765, "reusita": 23.163841807909606, "cnt": 177}, "MATEMATICA MATE-INFO": {"medie": 4.875, "reusita": 50.0, "cnt": 2}, "BIOLOGIE VEGETALA SI ANIMALA": {"medie": 4.56111111111111, "reusita": 30.37037037037037, "cnt": 135}, "GENERAL": {"medie": 4.532956685499059, "reusita": 19.2090395480226, "cnt": 177}, "MATEMATICA TEHN": {"medie": 4.357714285714286, "reusita": 25.71428571428571, "cnt": 175}, "FIZICA TEH": {"medie": 2.71, "reusita": 6.666666666666667, "cnt": 15}, "CHIMIE ANORGANICA TEH NIVEL I/II": {"medie": 3.7277777777777774, "reusita": 11.11111111111111, "cnt": 9}, "CHIMIE ORGANICA TEH NIVEL I/II": {"medie": 3.863888888888889, "reusita": 16.666666666666664, "cnt": 18}}, "nume": "LICEUL TEHNOLOGIC \"AUREL VLAICU\" ARAD\tArad"}