{"specializari": {"TEHNICIAN MECANIC PENTRU INTRETINERE SI REPARATII": 43, "TEHNICIAN ECOLOG SI PROTECTIA CALITATII MEDIULUI": 145, "TEHNICIAN IN INSTALATII ELECTRICE": 17, "TEHNICIAN MECATRONIST": 71, "TEHNICIAN OPERATOR TEHNICA DE CALCUL": 78, "STIINTE SOCIALE": 195, "TEHNICIAN ELECTROMECANIC": 31, "TEHNICIAN METROLOG": 1, "TEHNICIAN PROIECTANT CAD": 20, "TEHNICIAN IN CHIMIE INDUSTRIALA": 1, "STIINTE ALE NATURII": 2, "TEHNICIAN DESIGNER VESTIMENTAR": 1, "TEHNICIAN ELECTRONIST": 1}, "limba_moderna": {"LIMBA ENGLEZA": 516, "LIMBA FRANCEZA": 90}, "limba_materna": {"LIMBA ROMANA": 606}, "promotie_anterioara": {"NU": 389, "DA": 217}, "materii": {"LIMBA ROMANA": {"medie": 4.87937293729373, "reusita": 27.722772277227726, "cnt": 606}, "BIOLOGIE VEGETALA SI ANIMALA": {"medie": 3.6694444444444443, "reusita": 15.656565656565657, "cnt": 198}, "GENERAL": {"medie": 4.420902090209018, "reusita": 18.48184818481848, "cnt": 606}, "ISTORIE": {"medie": 4.89897435897436, "reusita": 23.589743589743588, "cnt": 195}, "GEOGRAFIE": {"medie": 5.684049079754603, "reusita": 56.44171779141104, "cnt": 163}, "PSIHOLOGIE": {"medie": 4.75, "reusita": 66.66666666666666, "cnt": 3}, "MATEMATICA ST-NAT": {"medie": 3.6, "reusita": 0.0, "cnt": 2}, "ANATOMIE SI FIZIOLOGIE UMANA, GENETICA SI ECOLOGIE UMANA": {"medie": 4.559154929577463, "reusita": 23.943661971830984, "cnt": 142}, "FILOSOFIE": {"medie": 6.05, "reusita": 50.0, "cnt": 4}, "MATEMATICA TEHN": {"medie": 3.5348410757946183, "reusita": 16.87041564792176, "cnt": 409}, "FIZICA TEH": {"medie": 2.807692307692307, "reusita": 7.6923076923076925, "cnt": 26}, "SOCIOLOGIE": {"medie": 5.047999999999999, "reusita": 24.0, "cnt": 25}, "CHIMIE ANORGANICA TEH NIVEL I/II": {"medie": 2.691666666666667, "reusita": 0.0, "cnt": 12}, "CHIMIE ORGANICA TEH NIVEL I/II": {"medie": 3.08030303030303, "reusita": 9.090909090909092, "cnt": 33}}, "nume": "LICEUL TEHNOLOGIC \"NICOLAE CIORANESCU\" TARGOVISTE\tD\u00e2mbovi\u021ba"}