{"specializari": {"MATEMATICA-INFORMATICA": 58, "FILOLOGIE": 42}, "limba_moderna": {"LIMBA ENGLEZA": 100}, "limba_materna": {"LIMBA ROMANA": 100}, "promotie_anterioara": {"NU": 82, "DA": 18}, "materii": {"LIMBA ROMANA": {"medie": 6.239000000000001, "reusita": 56.00000000000001, "cnt": 100}, "MATEMATICA MATE-INFO": {"medie": 5.366379310344828, "reusita": 37.93103448275862, "cnt": 58}, "BIOLOGIE VEGETALA SI ANIMALA": {"medie": 6.719444444444444, "reusita": 68.51851851851852, "cnt": 54}, "GENERAL": {"medie": 6.313333333333333, "reusita": 64.0, "cnt": 100}, "INFORMATICA MI C/C++": {"medie": 6.2875, "reusita": 75.0, "cnt": 4}, "ISTORIE": {"medie": 6.353571428571428, "reusita": 59.523809523809526, "cnt": 42}, "GEOGRAFIE": {"medie": 7.300000000000002, "reusita": 82.5, "cnt": 40}, "PSIHOLOGIE": {"medie": 7.0, "reusita": 100.0, "cnt": 1}, "ECONOMIE": {"medie": 5.0, "reusita": 0.0, "cnt": 1}}, "nume": "LICEUL TEORETIC DUMBRAVENI\tSibiu"}