{"specializari": {"MATEMATICA-INFORMATICA": 448, "STIINTE ALE NATURII": 259, "FILOLOGIE": 417}, "limba_moderna": {"LIMBA ENGLEZA": 1016, "LIMBA FRANCEZA": 108}, "limba_materna": {"LIMBA ROMANA": 1124}, "promotie_anterioara": {"NU": 1044, "DA": 80}, "materii": {"LIMBA ROMANA": {"medie": 7.299955516014229, "reusita": 78.64768683274022, "cnt": 1124}, "MATEMATICA MATE-INFO": {"medie": 8.058147321428573, "reusita": 86.38392857142857, "cnt": 448}, "BIOLOGIE VEGETALA SI ANIMALA": {"medie": 5.908333333333334, "reusita": 66.66666666666666, "cnt": 6}, "GENERAL": {"medie": 7.557784697508899, "reusita": 84.69750889679716, "cnt": 1124}, "CHIMIE ORGANICA TEO NIVEL I/II": {"medie": 8.6, "reusita": 90.0, "cnt": 10}, "INFORMATICA MI C/C++": {"medie": 8.402105263157894, "reusita": 93.6842105263158, "cnt": 95}, "CHIMIE ANORGANICA TEO NIVEL I/II": {"medie": 7.529999999999999, "reusita": 80.0, "cnt": 5}, "ISTORIE": {"medie": 7.255155875299759, "reusita": 75.29976019184652, "cnt": 417}, "GEOGRAFIE": {"medie": 8.038686131386862, "reusita": 91.24087591240875, "cnt": 137}, "PSIHOLOGIE": {"medie": 8.245, "reusita": 90.0, "cnt": 10}, "MATEMATICA ST-NAT": {"medie": 5.840540540540541, "reusita": 47.87644787644788, "cnt": 259}, "ANATOMIE SI FIZIOLOGIE UMANA, GENETICA SI ECOLOGIE UMANA": {"medie": 8.16151515151516, "reusita": 92.72727272727272, "cnt": 495}, "FIZICA TEO": {"medie": 8.120108695652174, "reusita": 86.95652173913044, "cnt": 92}, "FILOSOFIE": {"medie": 9.9, "reusita": 100.0, "cnt": 2}, "INFORMATICA SN C/C++": {"medie": 8.9375, "reusita": 100.0, "cnt": 4}, "ECONOMIE": {"medie": 9.0, "reusita": 100.0, "cnt": 4}, "LOGICA, ARGUMENTARE SI COMUNICARE": {"medie": 7.997509578544061, "reusita": 88.50574712643679, "cnt": 261}, "SOCIOLOGIE": {"medie": 8.200000000000001, "reusita": 100.0, "cnt": 3}}, "nume": "LICEUL TEORETIC \"NICOLAE BALCESCU\" MEDGIDIA\tConstan\u021ba"}