{"specializari": {"MATEMATICA-INFORMATICA": 479, "STIINTE ALE NATURII": 284, "FILOLOGIE": 441, "STIINTE SOCIALE": 203, "TEHNICIAN IN ACTIVITATI DE COMERT": 1}, "limba_moderna": {"LIMBA ENGLEZA": 1272, "LIMBA FRANCEZA": 136}, "limba_materna": {"LIMBA ROMANA": 1408}, "promotie_anterioara": {"NU": 1291, "DA": 117}, "materii": {"LIMBA ROMANA": {"medie": 6.984623579545455, "reusita": 71.94602272727273, "cnt": 1408}, "MATEMATICA MATE-INFO": {"medie": 7.277453027139877, "reusita": 74.11273486430062, "cnt": 479}, "BIOLOGIE VEGETALA SI ANIMALA": {"medie": 6.7379999999999995, "reusita": 72.0, "cnt": 25}, "GENERAL": {"medie": 6.990885416666678, "reusita": 71.5909090909091, "cnt": 1408}, "CHIMIE ORGANICA TEO NIVEL I/II": {"medie": 8.352631578947369, "reusita": 78.94736842105263, "cnt": 19}, "INFORMATICA MI C/C++": {"medie": 7.667073170731709, "reusita": 75.60975609756098, "cnt": 82}, "CHIMIE ANORGANICA TEO NIVEL I/II": {"medie": 7.8625, "reusita": 91.66666666666666, "cnt": 12}, "ISTORIE": {"medie": 6.689440993788819, "reusita": 63.19875776397515, "cnt": 644}, "GEOGRAFIE": {"medie": 7.2401088929219615, "reusita": 77.8584392014519, "cnt": 551}, "PSIHOLOGIE": {"medie": 7.726, "reusita": 90.0, "cnt": 50}, "MATEMATICA ST-NAT": {"medie": 4.945070422535211, "reusita": 31.690140845070424, "cnt": 284}, "ANATOMIE SI FIZIOLOGIE UMANA, GENETICA SI ECOLOGIE UMANA": {"medie": 7.634397810218986, "reusita": 81.93430656934306, "cnt": 548}, "FIZICA TEO": {"medie": 7.513636363636362, "reusita": 81.81818181818183, "cnt": 77}, "FILOSOFIE": {"medie": 7.834999999999999, "reusita": 100.0, "cnt": 10}, "MATEMATICA TEHN": {"medie": 5.3, "reusita": 0.0, "cnt": 1}, "ECONOMIE": {"medie": 4.8, "reusita": 50.0, "cnt": 2}, "LOGICA, ARGUMENTARE SI COMUNICARE": {"medie": 6.0, "reusita": 50.0, "cnt": 2}, "SOCIOLOGIE": {"medie": 6.786666666666665, "reusita": 66.66666666666666, "cnt": 30}}, "nume": "LICEUL TEORETIC \"ION LUCA\" VATRA DORNEI\tSuceava"}