{"specializari": {"STIINTE ALE NATURII": 486, "MATEMATICA-INFORMATICA": 195, "FILOLOGIE": 231}, "limba_moderna": {"LIMBA ENGLEZA": 793, "LIMBA FRANCEZA": 119}, "limba_materna": {"LIMBA ROMANA": 912}, "promotie_anterioara": {"DA": 115, "NU": 797}, "materii": {"LIMBA ROMANA": {"medie": 7.173574561403509, "reusita": 75.5482456140351, "cnt": 912}, "MATEMATICA MATE-INFO": {"medie": 7.367435897435904, "reusita": 76.92307692307693, "cnt": 195}, "GENERAL": {"medie": 6.945486111111109, "reusita": 66.66666666666666, "cnt": 912}, "CHIMIE ORGANICA TEO NIVEL I/II": {"medie": 9.2, "reusita": 100.0, "cnt": 1}, "INFORMATICA MI C/C++": {"medie": 8.113333333333333, "reusita": 93.33333333333333, "cnt": 15}, "CHIMIE ANORGANICA TEO NIVEL I/II": {"medie": 6.925000000000001, "reusita": 50.0, "cnt": 4}, "ISTORIE": {"medie": 7.598268398268396, "reusita": 80.95238095238095, "cnt": 231}, "GEOGRAFIE": {"medie": 8.317056074766352, "reusita": 93.92523364485982, "cnt": 214}, "PSIHOLOGIE": {"medie": 8.0, "reusita": 100.0, "cnt": 3}, "MATEMATICA ST-NAT": {"medie": 4.71512345679012, "reusita": 30.45267489711934, "cnt": 486}, "ANATOMIE SI FIZIOLOGIE UMANA, GENETICA SI ECOLOGIE UMANA": {"medie": 7.370015948963322, "reusita": 78.30940988835727, "cnt": 627}, "FIZICA TEO": {"medie": 7.866666666666667, "reusita": 100.0, "cnt": 6}, "FILOSOFIE": {"medie": 8.083333333333334, "reusita": 100.0, "cnt": 9}, "LOGICA, ARGUMENTARE SI COMUNICARE": {"medie": 8.860000000000001, "reusita": 100.0, "cnt": 5}, "INFORMATICA MI PASCAL": {"medie": 8.194642857142858, "reusita": 92.85714285714286, "cnt": 28}}, "nume": "LICEUL TEORETIC \"ION AGARBICEANU\" JIBOU\tS\u0103laj"}