{"specializari": {"FILOLOGIE": 226, "STIINTE SOCIALE": 108, "MATEMATICA-INFORMATICA": 279, "STIINTE ALE NATURII": 396}, "limba_moderna": {"LIMBA ENGLEZA": 927, "LIMBA GERMANA MODERNA": 63, "LIMBA ITALIANA": 14, "LIMBA FRANCEZA": 5}, "limba_materna": {"LIMBA MAGHIARA": 1009}, "promotie_anterioara": {"NU": 939, "DA": 70}, "materii": {"LIMBA ROMANA": {"medie": 6.2354212091179395, "reusita": 58.37462834489594, "cnt": 1009}, "MATEMATICA MATE-INFO": {"medie": 7.922580645161291, "reusita": 84.58781362007169, "cnt": 279}, "BIOLOGIE VEGETALA SI ANIMALA": {"medie": 8.592000000000002, "reusita": 98.66666666666667, "cnt": 150}, "GENERAL": {"medie": 7.401035678889999, "reusita": 79.28642220019822, "cnt": 1009}, "CHIMIE ORGANICA TEO NIVEL I/II": {"medie": 7.600714285714285, "reusita": 85.71428571428571, "cnt": 70}, "INFORMATICA MI C/C++": {"medie": 7.535567010309276, "reusita": 77.31958762886599, "cnt": 97}, "CHIMIE ANORGANICA TEO NIVEL I/II": {"medie": 8.18125, "reusita": 75.0, "cnt": 8}, "ISTORIE": {"medie": 6.9736227544910205, "reusita": 66.46706586826348, "cnt": 334}, "GEOGRAFIE": {"medie": 7.958486238532112, "reusita": 94.95412844036697, "cnt": 218}, "PSIHOLOGIE": {"medie": 7.129268292682928, "reusita": 78.04878048780488, "cnt": 41}, "MATEMATICA ST-NAT": {"medie": 7.464772727272726, "reusita": 79.29292929292929, "cnt": 396}, "ANATOMIE SI FIZIOLOGIE UMANA, GENETICA SI ECOLOGIE UMANA": {"medie": 8.781071428571426, "reusita": 96.07142857142857, "cnt": 280}, "FIZICA TEO": {"medie": 8.183333333333332, "reusita": 93.65079365079364, "cnt": 63}, "FILOSOFIE": {"medie": 8.524999999999999, "reusita": 100.0, "cnt": 4}, "INFORMATICA SN C/C++": {"medie": 9.4, "reusita": 100.0, "cnt": 1}, "LOGICA, ARGUMENTARE SI COMUNICARE": {"medie": 8.5, "reusita": 100.0, "cnt": 1}, "SOCIOLOGIE": {"medie": 7.093571428571428, "reusita": 87.14285714285714, "cnt": 70}, "INFORMATICA MI PASCAL": {"medie": 8.583333333333334, "reusita": 100.0, "cnt": 6}, "LIMBA MAGHIARA (REAL)": {"medie": 7.979925925925934, "reusita": 94.37037037037037, "cnt": 675}, "LIMBA MAGHIARA (UMAN)": {"medie": 7.41961077844311, "reusita": 87.72455089820359, "cnt": 334}}, "nume": "LICEUL TEORETIC \"ADY ENDRE\" ORADEA\tBihor"}