{"specializari": {"TEHNICIAN MECANIC PENTRU INTRETINERE SI REPARATII": 6, "TEHNICIAN IN INDUSTRIA TEXTILA": 5, "TEHNICIAN ECOLOG SI PROTECTIA CALITATII MEDIULUI": 17, "TEHNICIAN IN PRELUCRAREA LEMNULUI": 4, "TEHNICIAN DESIGNER MOBILA SI AMENAJARI INTERIOARE": 14, "TEHNICIAN OPERATOR TEHNICA DE CALCUL": 18, "TEHNICIAN DESIGNER VESTIMENTAR": 27, "TEHNICIAN ENERGETICIAN": 1, "TEHNICIAN IN SILVICULTURA SI EXPLOATARI FORESTIERE": 23, "TEHNICIAN IN CONSTRUCTII SI LUCRARI PUBLICE": 1, "TEHNICIAN IN TURISM": 7, "ORGANIZATOR BANQUETING": 7, "TEHNICIAN IN CHIMIE INDUSTRIALA": 1}, "limba_moderna": {"LIMBA ENGLEZA": 115, "LIMBA FRANCEZA": 16}, "limba_materna": {"LIMBA ROMANA": 131}, "promotie_anterioara": {"DA": 59, "NU": 72}, "materii": {"LIMBA ROMANA": {"medie": 4.901526717557253, "reusita": 26.717557251908396, "cnt": 131}, "BIOLOGIE VEGETALA SI ANIMALA": {"medie": 3.840957446808512, "reusita": 25.53191489361702, "cnt": 94}, "GENERAL": {"medie": 4.226335877862596, "reusita": 12.977099236641221, "cnt": 131}, "GEOGRAFIE": {"medie": 4.0, "reusita": 21.428571428571427, "cnt": 14}, "ANATOMIE SI FIZIOLOGIE UMANA, GENETICA SI ECOLOGIE UMANA": {"medie": 6.335, "reusita": 70.0, "cnt": 10}, "MATEMATICA TEHN": {"medie": 3.760305343511449, "reusita": 17.557251908396946, "cnt": 131}, "FIZICA TEH": {"medie": 2.125, "reusita": 0.0, "cnt": 4}, "CHIMIE ANORGANICA TEH NIVEL I/II": {"medie": 4.1499999999999995, "reusita": 0.0, "cnt": 9}}, "nume": "LICEUL TEHNOLOGIC PUCIOASA\tD\u00e2mbovi\u021ba"}