{"specializari": {"STIINTE ALE NATURII": 49, "TEHNICIAN IN INDUSTRIA TEXTILA": 9, "TEHNICIAN IN ACTIVITATI DE COMERT": 61, "TEHNICIAN IN ACTIVITATI ECONOMICE": 96, "TEHNICIAN ELECTROMECANIC": 6, "TEHNICIAN ECOLOG SI PROTECTIA CALITATII MEDIULUI": 5, "TEHNICIAN IN HOTELARIE": 20, "TEHNICIAN VETERINAR": 7, "TEHNICIAN AGROMONTAN": 5}, "limba_moderna": {"LIMBA ENGLEZA": 219, "LIMBA FRANCEZA": 39}, "limba_materna": {"LIMBA ROMANA": 253, "LIMBA MAGHIARA": 5}, "promotie_anterioara": {"DA": 89, "NU": 169}, "materii": {"LIMBA ROMANA": {"medie": 5.361627906976745, "reusita": 36.04651162790697, "cnt": 258}, "BIOLOGIE VEGETALA SI ANIMALA": {"medie": 2.876315789473684, "reusita": 10.526315789473683, "cnt": 19}, "GENERAL": {"medie": 5.130604005167957, "reusita": 31.782945736434108, "cnt": 258}, "GEOGRAFIE": {"medie": 6.719345238095237, "reusita": 69.04761904761905, "cnt": 168}, "MATEMATICA ST-NAT": {"medie": 2.545918367346938, "reusita": 2.0408163265306123, "cnt": 49}, "ANATOMIE SI FIZIOLOGIE UMANA, GENETICA SI ECOLOGIE UMANA": {"medie": 4.323684210526317, "reusita": 26.31578947368421, "cnt": 57}, "MATEMATICA TEHN": {"medie": 4.488755980861244, "reusita": 29.1866028708134, "cnt": 209}, "ECONOMIE": {"medie": 7.3500000000000005, "reusita": 77.77777777777779, "cnt": 9}, "CHIMIE ANORGANICA TEH NIVEL I/II": {"medie": 5.824999999999999, "reusita": 0.0, "cnt": 4}, "LIMBA MAGHIARA (REAL)": {"medie": 6.3100000000000005, "reusita": 60.0, "cnt": 5}, "CHIMIE ORGANICA TEH NIVEL I/II": {"medie": 3.7, "reusita": 0.0, "cnt": 1}}, "nume": "LICEUL TEHNOLOGIC \"GEORGE BARITIU\" LIVADA\tSatu-Mare"}