{"specializari": {"TEHNICIAN IN ACTIVITATI DE COMERT": 34, "TEHNICIAN INSTALATOR PENTRU CONSTRUCTII": 9, "TEHNICIAN MECANIC PENTRU INTRETINERE SI REPARATII": 12}, "limba_moderna": {"LIMBA ENGLEZA": 49, "LIMBA FRANCEZA": 6}, "limba_materna": {"LIMBA ROMANA": 50, "LIMBA MAGHIARA": 5}, "promotie_anterioara": {"NU": 41, "DA": 14}, "materii": {"LIMBA ROMANA": {"medie": 2.7081818181818185, "reusita": 1.8181818181818181, "cnt": 55}, "BIOLOGIE VEGETALA SI ANIMALA": {"medie": 2.8812499999999996, "reusita": 0.0, "cnt": 8}, "GENERAL": {"medie": 2.9690151515151513, "reusita": 5.454545454545454, "cnt": 55}, "GEOGRAFIE": {"medie": 4.180882352941175, "reusita": 41.17647058823529, "cnt": 34}, "MATEMATICA TEHN": {"medie": 2.662727272727273, "reusita": 5.454545454545454, "cnt": 55}, "FIZICA TEH": {"medie": 1.6750000000000003, "reusita": 0.0, "cnt": 4}, "CHIMIE ANORGANICA TEH NIVEL I/II": {"medie": 2.0444444444444443, "reusita": 0.0, "cnt": 9}, "LIMBA MAGHIARA (REAL)": {"medie": 3.17, "reusita": 20.0, "cnt": 5}}, "nume": "LICEUL TEHNOLOGIC \"CONSTANTIN BRANCUSI\" TARNAVENI\tMure\u0219"}