{"specializari": {"FILOLOGIE": 46}, "limba_moderna": {"LIMBA ENGLEZA": 46}, "limba_materna": {"LIMBA ROMANA": 46}, "promotie_anterioara": {"NU": 37, "DA": 9}, "materii": {"LIMBA ROMANA": {"medie": 5.663043478260869, "reusita": 54.347826086956516, "cnt": 46}, "GENERAL": {"medie": 6.237681159420289, "reusita": 54.347826086956516, "cnt": 46}, "ISTORIE": {"medie": 6.764130434782607, "reusita": 67.3913043478261, "cnt": 46}, "GEOGRAFIE": {"medie": 6.230681818181818, "reusita": 61.36363636363637, "cnt": 44}, "PSIHOLOGIE": {"medie": 5.0, "reusita": 0.0, "cnt": 1}, "FILOSOFIE": {"medie": 10.0, "reusita": 100.0, "cnt": 1}}, "nume": "LICEUL SPECIAL PENTRU DEFICIENTI DE VEDERE MUNICIPIUL BUZAU\tBuz\u0103u"}