{"specializari": {"TEHNICIAN IN ACTIVITATI ECONOMICE": 259, "TEHNICIAN TRANSPORTURI": 37, "TEHNICIAN MECANIC PENTRU INTRETINERE SI REPARATII": 10, "TEHNICIAN IN INDUSTRIA TEXTILA": 26, "TEHNICIAN IN HOTELARIE": 36, "TEHNICIAN IN TURISM": 5, "TEHNICIAN MECATRONIST": 3, "TEHNICIAN OPERATOR TEHNICA DE CALCUL": 3}, "limba_moderna": {"LIMBA ENGLEZA": 379}, "limba_materna": {"LIMBA ROMANA": 379}, "promotie_anterioara": {"NU": 192, "DA": 187}, "materii": {"LIMBA ROMANA": {"medie": 4.744986807387863, "reusita": 25.857519788918204, "cnt": 379}, "BIOLOGIE VEGETALA SI ANIMALA": {"medie": 3.8614285714285708, "reusita": 25.71428571428571, "cnt": 35}, "GENERAL": {"medie": 4.662928759894464, "reusita": 17.41424802110818, "cnt": 379}, "GEOGRAFIE": {"medie": 5.849479166666665, "reusita": 56.59722222222222, "cnt": 288}, "MATEMATICA TEHN": {"medie": 3.8748021108179396, "reusita": 14.24802110817942, "cnt": 379}, "FIZICA TEH": {"medie": 3.034090909090909, "reusita": 4.545454545454546, "cnt": 44}, "ECONOMIE": {"medie": 6.795833333333333, "reusita": 91.66666666666666, "cnt": 12}}, "nume": "LICEUL TEHNOLOGIC \"LIVIU REBREANU\" MAIERU\tBistri\u021ba-N\u0103s\u0103ud"}