{"specializari": {"TEHNICIAN MECANIC PENTRU INTRETINERE SI REPARATII": 44}, "limba_moderna": {"LIMBA FRANCEZA": 5, "LIMBA ENGLEZA": 39}, "limba_materna": {"LIMBA ROMANA": 44}, "promotie_anterioara": {"NU": 36, "DA": 8}, "materii": {"LIMBA ROMANA": {"medie": 4.7897727272727275, "reusita": 34.090909090909086, "cnt": 44}, "BIOLOGIE VEGETALA SI ANIMALA": {"medie": 3.075, "reusita": 5.0, "cnt": 40}, "GENERAL": {"medie": 3.65, "reusita": 6.8181818181818175, "cnt": 44}, "MATEMATICA TEHN": {"medie": 3.162500000000001, "reusita": 15.909090909090908, "cnt": 44}, "FIZICA TEH": {"medie": 2.225, "reusita": 0.0, "cnt": 4}}, "nume": "LICEUL TEHNOLOGIC COMUNA RUSETU\tBuz\u0103u"}