{"specializari": {"MATEMATICA-INFORMATICA": 41, "STIINTE ALE NATURII": 385, "STIINTE SOCIALE": 67}, "limba_moderna": {"LIMBA ENGLEZA": 353, "LIMBA FRANCEZA": 136, "LIMBA GERMANA MODERNA": 4}, "limba_materna": {"LIMBA ROMANA": 493}, "promotie_anterioara": {"NU": 459, "DA": 34}, "materii": {"LIMBA ROMANA": {"medie": 7.971298174442192, "reusita": 92.69776876267748, "cnt": 493}, "MATEMATICA MATE-INFO": {"medie": 5.682926829268292, "reusita": 29.268292682926827, "cnt": 41}, "BIOLOGIE VEGETALA SI ANIMALA": {"medie": 7.5375000000000005, "reusita": 82.3170731707317, "cnt": 164}, "GENERAL": {"medie": 7.62694388100068, "reusita": 87.4239350912779, "cnt": 493}, "CHIMIE ORGANICA TEO NIVEL I/II": {"medie": 8.629166666666666, "reusita": 100.0, "cnt": 12}, "CHIMIE ANORGANICA TEO NIVEL I/II": {"medie": 7.133333333333334, "reusita": 77.77777777777779, "cnt": 9}, "ISTORIE": {"medie": 8.248507462686566, "reusita": 92.53731343283582, "cnt": 67}, "GEOGRAFIE": {"medie": 8.392647058823528, "reusita": 94.11764705882352, "cnt": 34}, "MATEMATICA ST-NAT": {"medie": 6.857142857142863, "reusita": 71.16883116883118, "cnt": 385}, "ANATOMIE SI FIZIOLOGIE UMANA, GENETICA SI ECOLOGIE UMANA": {"medie": 8.29909090909091, "reusita": 95.0, "cnt": 220}, "FIZICA TEO": {"medie": 6.608333333333333, "reusita": 66.66666666666666, "cnt": 6}, "INFORMATICA SN C/C++": {"medie": 7.67, "reusita": 80.0, "cnt": 5}, "LOGICA, ARGUMENTARE SI COMUNICARE": {"medie": 7.84, "reusita": 86.66666666666667, "cnt": 30}, "SOCIOLOGIE": {"medie": 8.35, "reusita": 100.0, "cnt": 3}, "INFORMATICA MI PASCAL": {"medie": 6.94375, "reusita": 75.0, "cnt": 8}, "INFORMATICA SN PASCAL": {"medie": 7.949999999999999, "reusita": 100.0, "cnt": 2}}, "nume": "LICEUL TEORETIC \"GHEORGHE MARINESCU\" TIRGU MURES\tMure\u0219"}