{"specializari": {"MATEMATICA-INFORMATICA": 16, "TEHNICIAN VETERINAR": 42, "TEHNICIAN IN ACTIVITATI ECONOMICE": 96, "TEHNICIAN MECANIC PENTRU INTRETINERE SI REPARATII": 19, "TEHNICIAN ECOLOG SI PROTECTIA CALITATII MEDIULUI": 6}, "limba_moderna": {"LIMBA ENGLEZA": 176, "LIMBA FRANCEZA": 3}, "limba_materna": {"LIMBA ROMANA": 179}, "promotie_anterioara": {"NU": 114, "DA": 65}, "materii": {"LIMBA ROMANA": {"medie": 5.099720670391064, "reusita": 35.754189944134076, "cnt": 179}, "MATEMATICA MATE-INFO": {"medie": 4.484375000000001, "reusita": 25.0, "cnt": 16}, "BIOLOGIE VEGETALA SI ANIMALA": {"medie": 2.75, "reusita": 7.4074074074074066, "cnt": 27}, "GENERAL": {"medie": 5.09804469273743, "reusita": 36.87150837988827, "cnt": 179}, "GEOGRAFIE": {"medie": 7.136516853932584, "reusita": 75.28089887640449, "cnt": 89}, "ANATOMIE SI FIZIOLOGIE UMANA, GENETICA SI ECOLOGIE UMANA": {"medie": 5.126851851851852, "reusita": 44.44444444444444, "cnt": 54}, "MATEMATICA TEHN": {"medie": 4.383435582822087, "reusita": 33.74233128834356, "cnt": 163}, "ECONOMIE": {"medie": 4.6499999999999995, "reusita": 25.0, "cnt": 4}, "LOGICA, ARGUMENTARE SI COMUNICARE": {"medie": 7.666666666666667, "reusita": 100.0, "cnt": 3}, "CHIMIE ANORGANICA TEH NIVEL I/II": {"medie": 5.35, "reusita": 0.0, "cnt": 2}}, "nume": "LICEUL TEHNOLOGIC \"JACQUES M. ELIAS\" SASCUT\tBac\u0103u"}