{"specializari": {"MATEMATICA-INFORMATICA": 59, "TEHNICIAN ECOLOG SI PROTECTIA CALITATII MEDIULUI": 134, "TEHNICIAN IN PRELUCRAREA LEMNULUI": 63, "FILOLOGIE": 216, "TEHNICIAN MECANIC PENTRU INTRETINERE SI REPARATII": 43, "TEHNICIAN IN CONSTRUCTII SI LUCRARI PUBLICE": 9, "STIINTE ALE NATURII": 1, "STIINTE SOCIALE": 42}, "limba_moderna": {"LIMBA FRANCEZA": 151, "LIMBA ENGLEZA": 416}, "limba_materna": {"LIMBA ROMANA": 567}, "promotie_anterioara": {"NU": 499, "DA": 68}, "materii": {"LIMBA ROMANA": {"medie": 4.96754850088184, "reusita": 38.2716049382716, "cnt": 567}, "MATEMATICA MATE-INFO": {"medie": 3.8720338983050855, "reusita": 23.728813559322035, "cnt": 59}, "BIOLOGIE VEGETALA SI ANIMALA": {"medie": 1.6900000000000004, "reusita": 3.3333333333333335, "cnt": 120}, "GENERAL": {"medie": 4.906319811875365, "reusita": 39.32980599647266, "cnt": 567}, "ISTORIE": {"medie": 6.561434108527129, "reusita": 56.58914728682171, "cnt": 258}, "GEOGRAFIE": {"medie": 6.677364864864865, "reusita": 66.8918918918919, "cnt": 148}, "PSIHOLOGIE": {"medie": 6.53125, "reusita": 68.75, "cnt": 16}, "MATEMATICA ST-NAT": {"medie": 1.1, "reusita": 0.0, "cnt": 1}, "ANATOMIE SI FIZIOLOGIE UMANA, GENETICA SI ECOLOGIE UMANA": {"medie": 5.031016042780749, "reusita": 38.50267379679144, "cnt": 187}, "FILOSOFIE": {"medie": 7.566666666666666, "reusita": 100.0, "cnt": 3}, "MATEMATICA TEHN": {"medie": 2.7793172690763046, "reusita": 16.46586345381526, "cnt": 249}, "FIZICA TEH": {"medie": 7.175, "reusita": 50.0, "cnt": 2}, "LOGICA, ARGUMENTARE SI COMUNICARE": {"medie": 7.104268292682928, "reusita": 75.60975609756098, "cnt": 82}, "SOCIOLOGIE": {"medie": 6.5166666666666675, "reusita": 55.55555555555556, "cnt": 9}}, "nume": "LICEUL \"GH. RUSET ROZNOVANU\", ORAS ROZNOV\tNeam\u021b"}