{"specializari": {"FILOLOGIE": 228, "MATEMATICA-INFORMATICA": 408, "STIINTE ALE NATURII": 263, "STIINTE SOCIALE": 227}, "limba_moderna": {"LIMBA ENGLEZA": 1070, "LIMBA FRANCEZA": 54, "LIMBA GERMANA MODERNA": 1, "LIMBA RUSA": 1}, "limba_materna": {"LIMBA ROMANA": 1126}, "promotie_anterioara": {"NU": 1114, "DA": 12}, "materii": {"LIMBA ROMANA": {"medie": 8.263632326820602, "reusita": 94.84902309058614, "cnt": 1126}, "MATEMATICA MATE-INFO": {"medie": 8.89877450980392, "reusita": 96.81372549019608, "cnt": 408}, "BIOLOGIE VEGETALA SI ANIMALA": {"medie": 8.248863636363636, "reusita": 90.9090909090909, "cnt": 44}, "GENERAL": {"medie": 8.466426879810545, "reusita": 96.80284191829485, "cnt": 1126}, "CHIMIE ORGANICA TEO NIVEL I/II": {"medie": 8.673109243697478, "reusita": 95.7983193277311, "cnt": 119}, "INFORMATICA MI C/C++": {"medie": 8.110687022900764, "reusita": 93.12977099236642, "cnt": 131}, "CHIMIE ANORGANICA TEO NIVEL I/II": {"medie": 8.328378378378378, "reusita": 97.2972972972973, "cnt": 37}, "ISTORIE": {"medie": 8.42747252747253, "reusita": 94.5054945054945, "cnt": 455}, "GEOGRAFIE": {"medie": 8.919620253164556, "reusita": 100.0, "cnt": 158}, "PSIHOLOGIE": {"medie": 8.76290322580645, "reusita": 100.0, "cnt": 31}, "MATEMATICA ST-NAT": {"medie": 8.274904942965778, "reusita": 93.15589353612167, "cnt": 263}, "ANATOMIE SI FIZIOLOGIE UMANA, GENETICA SI ECOLOGIE UMANA": {"medie": 8.747179487179489, "reusita": 97.94871794871794, "cnt": 195}, "FIZICA TEO": {"medie": 8.440223880597017, "reusita": 95.52238805970148, "cnt": 134}, "INFORMATICA SN C/C++": {"medie": 8.127272727272727, "reusita": 90.9090909090909, "cnt": 11}, "ECONOMIE": {"medie": 8.431914893617023, "reusita": 95.74468085106383, "cnt": 47}, "LOGICA, ARGUMENTARE SI COMUNICARE": {"medie": 8.894097222222221, "reusita": 96.52777777777779, "cnt": 144}, "SOCIOLOGIE": {"medie": 8.045999999999998, "reusita": 90.66666666666666, "cnt": 75}}, "nume": "LICEUL TEORETIC \"NICOLAE IORGA\"\tBucure\u0219ti"}