{"specializari": {"FILOLOGIE": 181}, "limba_moderna": {"LIMBA ENGLEZA": 152, "LIMBA GERMANA MODERNA": 15, "LIMBA FRANCEZA": 14}, "limba_materna": {"LIMBA ROMANA": 181}, "promotie_anterioara": {"NU": 175, "DA": 6}, "materii": {"LIMBA ROMANA": {"medie": 7.235359116022101, "reusita": 77.90055248618785, "cnt": 181}, "GENERAL": {"medie": 7.521639042357268, "reusita": 88.95027624309392, "cnt": 181}, "ISTORIE": {"medie": 7.2975138121546985, "reusita": 75.13812154696133, "cnt": 181}, "GEOGRAFIE": {"medie": 7.975, "reusita": 90.0, "cnt": 150}, "FILOSOFIE": {"medie": 8.15, "reusita": 100.0, "cnt": 2}, "LOGICA, ARGUMENTARE SI COMUNICARE": {"medie": 9.125, "reusita": 100.0, "cnt": 2}, "SOCIOLOGIE": {"medie": 8.25925925925926, "reusita": 96.29629629629629, "cnt": 27}}, "nume": "LICEUL TEORETIC WALDORF, IASI\tIa\u0219i"}