{"specializari": {"LICEU CU PROGRAM SPORTIV": 144}, "limba_moderna": {"LIMBA ENGLEZA": 89, "LIMBA FRANCEZA": 55}, "limba_materna": {"LIMBA ROMANA": 144}, "promotie_anterioara": {"NU": 115, "DA": 29}, "materii": {"LIMBA ROMANA": {"medie": 5.2517361111111125, "reusita": 29.166666666666668, "cnt": 144}, "GENERAL": {"medie": 6.005671296296297, "reusita": 56.25, "cnt": 144}, "ISTORIE": {"medie": 5.812152777777778, "reusita": 41.66666666666667, "cnt": 144}, "GEOGRAFIE": {"medie": 6.956071428571425, "reusita": 78.57142857142857, "cnt": 140}, "ECONOMIE": {"medie": 7.1, "reusita": 100.0, "cnt": 1}, "LOGICA, ARGUMENTARE SI COMUNICARE": {"medie": 6.766666666666667, "reusita": 66.66666666666666, "cnt": 3}}, "nume": "LICEUL CU PROGRAM SPORTIV\tArge\u0219"}