{"specializari": {"MATEMATICA-INFORMATICA": 170, "FILOLOGIE": 163, "STIINTE ALE NATURII": 136, "STIINTE SOCIALE": 10}, "limba_moderna": {"LIMBA ENGLEZA": 462, "LIMBA FRANCEZA": 17}, "limba_materna": {"LIMBA ROMANA": 479}, "promotie_anterioara": {"NU": 453, "DA": 26}, "materii": {"LIMBA ROMANA": {"medie": 7.781732776617942, "reusita": 83.50730688935282, "cnt": 479}, "MATEMATICA MATE-INFO": {"medie": 8.197058823529412, "reusita": 85.29411764705883, "cnt": 170}, "BIOLOGIE VEGETALA SI ANIMALA": {"medie": 7.042346938775511, "reusita": 71.42857142857143, "cnt": 98}, "GENERAL": {"medie": 7.659151009046627, "reusita": 84.13361169102296, "cnt": 479}, "CHIMIE ORGANICA TEO NIVEL I/II": {"medie": 8.872222222222224, "reusita": 100.0, "cnt": 18}, "INFORMATICA MI C/C++": {"medie": 8.058783783783783, "reusita": 90.54054054054053, "cnt": 74}, "CHIMIE ANORGANICA TEO NIVEL I/II": {"medie": 7.772916666666668, "reusita": 83.33333333333334, "cnt": 24}, "ISTORIE": {"medie": 7.128034682080924, "reusita": 71.67630057803468, "cnt": 173}, "GEOGRAFIE": {"medie": 7.640865384615386, "reusita": 84.61538461538461, "cnt": 104}, "PSIHOLOGIE": {"medie": 7.325, "reusita": 100.0, "cnt": 2}, "MATEMATICA ST-NAT": {"medie": 6.5874999999999995, "reusita": 63.970588235294116, "cnt": 136}, "ANATOMIE SI FIZIOLOGIE UMANA, GENETICA SI ECOLOGIE UMANA": {"medie": 8.487999999999998, "reusita": 92.0, "cnt": 25}, "FIZICA TEO": {"medie": 8.290000000000001, "reusita": 100.0, "cnt": 5}, "FILOSOFIE": {"medie": 6.73888888888889, "reusita": 66.66666666666666, "cnt": 9}, "LOGICA, ARGUMENTARE SI COMUNICARE": {"medie": 8.080701754385965, "reusita": 89.47368421052632, "cnt": 57}, "SOCIOLOGIE": {"medie": 5.0, "reusita": 0.0, "cnt": 1}, "INFORMATICA MI PASCAL": {"medie": 8.616935483870964, "reusita": 100.0, "cnt": 62}}, "nume": "LICEUL TEORETIC \"DAVID PRODAN\" CUGIR\tAlba"}