{"specializari": {"TEHNICIAN IN INDUSTRIA ALIMENTARA": 50, "TEHNICIAN IN AGRICULTURA": 21, "TEHNICIAN HORTICULTOR": 29, "TEHNICIAN IN MORARIT, PANIFICATIE SI PRODUSE FAINOASE": 14, "TEHNICIAN PENTRU ANIMALE DE COMPANIE": 28, "TEHNICIAN ECOLOG SI PROTECTIA CALITATII MEDIULUI": 38, "TEHNICIAN IN PRELUCRAREA PRODUSELOR DE ORIGINE ANIMALA": 22, "TEHNICIAN MECANIC PENTRU INTRETINERE SI REPARATII": 16, "TEHNICIAN ANALIZE PRODUSE ALIMENTARE": 12, "TEHNICIAN ZOOTEHNIST": 6, "TEHNICIAN IN AGRICULTURA ECOLOGICA": 11, "TEHNICIAN VETERINAR": 33, "TEHNICIAN IN IND. ALIM. FERMENTATIVA SI IN PREL. LEGUMELOR SI FRUCTELOR": 13, "TEHNICIAN IN GASTRONOMIE": 24, "TEHNICIAN IN ACTIVITATI ECONOMICE": 9, "TEHNICIAN IN AGROTURISM": 1}, "limba_moderna": {"LIMBA FRANCEZA": 26, "LIMBA ENGLEZA": 301}, "limba_materna": {"LIMBA ROMANA": 327}, "promotie_anterioara": {"DA": 128, "NU": 199}, "materii": {"LIMBA ROMANA": {"medie": 5.1773700305810415, "reusita": 35.16819571865443, "cnt": 327}, "BIOLOGIE VEGETALA SI ANIMALA": {"medie": 4.504826254826256, "reusita": 30.888030888030887, "cnt": 259}, "GENERAL": {"medie": 4.7358307849133565, "reusita": 24.464831804281346, "cnt": 327}, "ANATOMIE SI FIZIOLOGIE UMANA, GENETICA SI ECOLOGIE UMANA": {"medie": 5.281578947368422, "reusita": 36.84210526315789, "cnt": 19}, "MATEMATICA TEHN": {"medie": 4.261162079510702, "reusita": 22.018348623853214, "cnt": 327}, "FIZICA TEH": {"medie": 3.5, "reusita": 50.0, "cnt": 2}, "ECONOMIE": {"medie": 5.35, "reusita": 0.0, "cnt": 1}, "LOGICA, ARGUMENTARE SI COMUNICARE": {"medie": 6.039062500000001, "reusita": 68.75, "cnt": 32}, "CHIMIE ANORGANICA TEH NIVEL I/II": {"medie": 6.196428571428571, "reusita": 57.14285714285714, "cnt": 14}}, "nume": "LICEUL TEHNOLOGIC \"GHEORGHE IONESCU-SISESTI\", COMUNA VALEA CALUGAREASCA\tPrahova"}