{"specializari": {"ARTE PLASTICE SI DECORATIVE": 126, "MUZICA": 106}, "limba_moderna": {"LIMBA ENGLEZA": 231, "LIMBA ITALIANA": 1}, "limba_materna": {"LIMBA ROMANA": 232}, "promotie_anterioara": {"NU": 203, "DA": 29}, "materii": {"LIMBA ROMANA": {"medie": 7.24418103448276, "reusita": 75.0, "cnt": 232}, "GENERAL": {"medie": 7.201436781609194, "reusita": 76.72413793103449, "cnt": 232}, "ISTORIE": {"medie": 6.811206896551723, "reusita": 61.206896551724135, "cnt": 232}, "GEOGRAFIE": {"medie": 7.464545454545454, "reusita": 80.60606060606061, "cnt": 165}, "PSIHOLOGIE": {"medie": 7.591666666666666, "reusita": 83.33333333333334, "cnt": 6}, "FILOSOFIE": {"medie": 6.5, "reusita": 66.66666666666666, "cnt": 3}, "ECONOMIE": {"medie": 9.2, "reusita": 100.0, "cnt": 1}, "LOGICA, ARGUMENTARE SI COMUNICARE": {"medie": 7.814912280701755, "reusita": 78.94736842105263, "cnt": 57}}, "nume": "LICEUL DE ARTE \"I.ST.PAULIAN\"\tMehedin\u021bi"}