{"specializari": {"TEHNICIAN ECOLOG SI PROTECTIA CALITATII MEDIULUI": 186, "TEHNICIAN ANALIZE PRODUSE ALIMENTARE": 169, "TEHNICIAN CHIMIST DE LABORATOR": 88, "TEHNICIAN DESIGNER MOBILA SI AMENAJARI INTERIOARE": 64, "TEHNICIAN OPERATOR TEHNICA DE CALCUL": 19, "MATEMATICA-INFORMATICA": 42, "TEHNICIAN MECANIC PENTRU INTRETINERE SI REPARATII": 6, "TEHNICIAN IN AUTOMATIZARI": 23, "TEHNICIAN MECATRONIST": 6, "TEHNICIAN IN CHIMIE INDUSTRIALA": 28, "TEHNICIAN IN PRELUCRAREA LEMNULUI": 28, "TEHNICIAN PROIECTANT CAD": 3, "STIINTE ALE NATURII": 97, "TEHNICIAN IN INSTALATII ELECTRICE": 9, "TEHNICIAN IN TURISM": 24, "TEHNICIAN ELECTROTEHNIST": 1, "TEHNICIAN OPERATOR PROCESARE TEXT IMAGINE": 1, "FILOLOGIE": 1}, "limba_moderna": {"LIMBA ENGLEZA": 572, "LIMBA FRANCEZA": 196, "LIMBA RUSA": 27}, "limba_materna": {"LIMBA ROMANA": 795}, "promotie_anterioara": {"NU": 502, "DA": 293}, "materii": {"LIMBA ROMANA": {"medie": 5.361886792452834, "reusita": 39.62264150943396, "cnt": 795}, "MATEMATICA MATE-INFO": {"medie": 4.870238095238096, "reusita": 28.57142857142857, "cnt": 42}, "BIOLOGIE VEGETALA SI ANIMALA": {"medie": 3.8808467741935484, "reusita": 17.741935483870968, "cnt": 248}, "GENERAL": {"medie": 4.875618448637317, "reusita": 27.79874213836478, "cnt": 795}, "INFORMATICA MI C/C++": {"medie": 7.85, "reusita": 100.0, "cnt": 2}, "CHIMIE ANORGANICA TEO NIVEL I/II": {"medie": 6.876086956521742, "reusita": 78.26086956521739, "cnt": 46}, "ISTORIE": {"medie": 9.0, "reusita": 100.0, "cnt": 1}, "GEOGRAFIE": {"medie": 5.931999999999999, "reusita": 56.00000000000001, "cnt": 25}, "MATEMATICA ST-NAT": {"medie": 5.294329896907217, "reusita": 42.2680412371134, "cnt": 97}, "ANATOMIE SI FIZIOLOGIE UMANA, GENETICA SI ECOLOGIE UMANA": {"medie": 5.212999999999999, "reusita": 40.285714285714285, "cnt": 350}, "FIZICA TEO": {"medie": 5.95, "reusita": 50.0, "cnt": 6}, "MATEMATICA TEHN": {"medie": 4.224274809160303, "reusita": 26.259541984732827, "cnt": 655}, "FIZICA TEH": {"medie": 3.9918604651162797, "reusita": 23.25581395348837, "cnt": 43}, "INFORMATICA SN C/C++": {"medie": 5.0, "reusita": 0.0, "cnt": 1}, "CHIMIE ANORGANICA TEH NIVEL I/II": {"medie": 5.075, "reusita": 35.0, "cnt": 60}, "CHIMIE ORGANICA TEH NIVEL I/II": {"medie": 6.249999999999999, "reusita": 42.857142857142854, "cnt": 14}}, "nume": "LICEUL TEHNOLOGIC \"PETRU PONI\", IASI\tIa\u0219i"}