{"specializari": {"STIINTE ALE NATURII": 92, "TEHNICIAN IN TURISM": 165, "TEHNICIAN IN AGROTURISM": 105, "TEHNICIAN IN HOTELARIE": 21, "TEHNICIAN TRANSPORTURI": 76, "TEHNICIAN IN AGRICULTURA": 31, "TEHNICIAN IN ACTIVITATI ECONOMICE": 76, "TEHNICIAN ELECTRICIAN/ELECTRONIST AUTO": 91, "TEHNICIAN ECOLOG SI PROTECTIA CALITATII MEDIULUI": 9, "TEHNICIAN IN INSTALATII ELECTRICE": 8, "TEHNICIAN MECANIC PENTRU INTRETINERE SI REPARATII": 14, "LICEU CU PROGRAM SPORTIV": 12, "TEHNICIAN ELECTROTEHNIST": 2, "TEHNICIAN IN CONSTRUCTII SI LUCRARI PUBLICE": 4}, "limba_moderna": {"LIMBA FRANCEZA": 51, "LIMBA ENGLEZA": 655}, "limba_materna": {"LIMBA ROMANA": 706}, "promotie_anterioara": {"DA": 264, "NU": 442}, "materii": {"LIMBA ROMANA": {"medie": 3.970325779036827, "reusita": 13.59773371104816, "cnt": 706}, "BIOLOGIE VEGETALA SI ANIMALA": {"medie": 3.067668269230772, "reusita": 13.701923076923078, "cnt": 416}, "GENERAL": {"medie": 3.8800283286118957, "reusita": 13.739376770538245, "cnt": 706}, "ISTORIE": {"medie": 4.35, "reusita": 0.0, "cnt": 12}, "GEOGRAFIE": {"medie": 6.472810218978098, "reusita": 63.138686131386855, "cnt": 274}, "MATEMATICA ST-NAT": {"medie": 1.8385869565217399, "reusita": 2.1739130434782608, "cnt": 92}, "ANATOMIE SI FIZIOLOGIE UMANA, GENETICA SI ECOLOGIE UMANA": {"medie": 5.2, "reusita": 0.0, "cnt": 1}, "MATEMATICA TEHN": {"medie": 3.4624584717607982, "reusita": 18.272425249169437, "cnt": 602}, "FIZICA TEH": {"medie": 2.94, "reusita": 20.0, "cnt": 10}, "CHIMIE ANORGANICA TEH NIVEL I/II": {"medie": 2.95, "reusita": 0.0, "cnt": 1}, "CHIMIE ORGANICA TEH NIVEL I/II": {"medie": 5.4625, "reusita": 25.0, "cnt": 4}}, "nume": "LICEUL TEHNOLOGIC \"PAMFIL SEICARU\" CIOROGARLA\tIlfov"}