{"specializari": {"TEHNICIAN OPERATOR TEHNICA DE CALCUL": 211, "TEHNICIAN IN GASTRONOMIE": 205, "TEHNICIAN ECOLOG SI PROTECTIA CALITATII MEDIULUI": 178, "TEHNICIAN ELECTRICIAN/ELECTRONIST AUTO": 76, "TEHNICIAN CHIMIST DE LABORATOR": 33, "TEHNICIAN TRANSPORTURI": 121, "TEHNICIAN IN ACHIZITII SI CONTRACTARI": 76, "TEHNICIAN DESENATOR PENTRU CONSTRUCTII SI INSTALATII": 4, "TEHNICIAN IN ACTIVITATI ECONOMICE": 123, "TEHNICIAN MECANIC PENTRU INTRETINERE SI REPARATII": 10, "LICEU CU PROGRAM SPORTIV": 20, "TEHNICIAN IN CHIMIE INDUSTRIALA": 11}, "limba_moderna": {"LIMBA ENGLEZA": 884, "LIMBA FRANCEZA": 182, "LIMBA RUSA": 2}, "limba_materna": {"LIMBA ROMANA": 1068}, "promotie_anterioara": {"NU": 753, "DA": 315}, "materii": {"LIMBA ROMANA": {"medie": 4.599859550561792, "reusita": 21.910112359550563, "cnt": 1068}, "BIOLOGIE VEGETALA SI ANIMALA": {"medie": 3.3327152317880797, "reusita": 13.024282560706402, "cnt": 453}, "GENERAL": {"medie": 4.20696629213483, "reusita": 15.262172284644196, "cnt": 1068}, "ISTORIE": {"medie": 5.9475, "reusita": 55.00000000000001, "cnt": 20}, "GEOGRAFIE": {"medie": 6.008056872037915, "reusita": 57.58293838862559, "cnt": 422}, "ANATOMIE SI FIZIOLOGIE UMANA, GENETICA SI ECOLOGIE UMANA": {"medie": 5.148870056497175, "reusita": 38.4180790960452, "cnt": 177}, "MATEMATICA TEHN": {"medie": 3.268463740458014, "reusita": 11.83206106870229, "cnt": 1048}, "FIZICA TEH": {"medie": 3.4583333333333335, "reusita": 16.666666666666664, "cnt": 12}, "ECONOMIE": {"medie": 5.699999999999999, "reusita": 50.0, "cnt": 2}, "CHIMIE ANORGANICA TEH NIVEL I/II": {"medie": 6.4, "reusita": 50.0, "cnt": 2}}, "nume": "LICEUL TEHNOLOGIC \"GOGA IONESCU\" TITU\tD\u00e2mbovi\u021ba"}