{"specializari": {"TEHNICIAN IN GASTRONOMIE": 4}, "limba_moderna": {"LIMBA ENGLEZA": 4}, "limba_materna": {"LIMBA ROMANA": 4}, "promotie_anterioara": {"NU": 3, "DA": 1}, "materii": {"LIMBA ROMANA": {"medie": 5.112500000000001, "reusita": 25.0, "cnt": 4}, "GENERAL": {"medie": 5.566666666666666, "reusita": 50.0, "cnt": 4}, "GEOGRAFIE": {"medie": 7.012499999999999, "reusita": 75.0, "cnt": 4}, "MATEMATICA TEHN": {"medie": 4.574999999999999, "reusita": 50.0, "cnt": 4}}, "nume": "LICEUL TEHNOLOGIC SPECIAL NR.1 ORADEA\tBihor"}