{"specializari": {"TEHNICIAN DESIGNER VESTIMENTAR": 15, "TEHNICIAN MECATRONIST": 78, "TEHNICIAN IN INDUSTRIA TEXTILA": 14, "TEHNICIAN ELECTROMECANIC": 10, "TEHNICIAN IN INSTALATII ELECTRICE": 2, "TEHNICIAN MECANIC PENTRU INTRETINERE SI REPARATII": 13}, "limba_moderna": {"LIMBA FRANCEZA": 39, "LIMBA ENGLEZA": 93}, "limba_materna": {"LIMBA ROMANA": 132}, "promotie_anterioara": {"NU": 73, "DA": 59}, "materii": {"LIMBA ROMANA": {"medie": 5.3753787878787875, "reusita": 42.42424242424242, "cnt": 132}, "BIOLOGIE VEGETALA SI ANIMALA": {"medie": 5.099099099099099, "reusita": 41.44144144144144, "cnt": 111}, "GENERAL": {"medie": 4.949368686868691, "reusita": 26.515151515151516, "cnt": 132}, "MATEMATICA TEHN": {"medie": 4.6181818181818155, "reusita": 28.78787878787879, "cnt": 132}, "FIZICA TEH": {"medie": 3.5619047619047617, "reusita": 14.285714285714285, "cnt": 21}}, "nume": "LICEUL TEHNOLOGIC FELDRU\tBistri\u021ba-N\u0103s\u0103ud"}