{"specializari": {"MATEMATICA-INFORMATICA": 126, "TEOLOGIE ROMANO-CATOLICA": 157, "STIINTE ALE NATURII": 202, "FILOLOGIE": 129}, "limba_moderna": {"LIMBA ENGLEZA": 476, "LIMBA GERMANA MODERNA": 138}, "limba_materna": {"LIMBA MAGHIARA": 614}, "promotie_anterioara": {"NU": 561, "DA": 53}, "materii": {"LIMBA ROMANA": {"medie": 5.8075732899022805, "reusita": 51.79153094462541, "cnt": 614}, "MATEMATICA MATE-INFO": {"medie": 6.750396825396829, "reusita": 62.698412698412696, "cnt": 126}, "GENERAL": {"medie": 7.199206026058629, "reusita": 70.35830618892508, "cnt": 614}, "CHIMIE ORGANICA TEO NIVEL I/II": {"medie": 8.964285714285714, "reusita": 100.0, "cnt": 28}, "INFORMATICA MI C/C++": {"medie": 7.509259259259261, "reusita": 75.92592592592592, "cnt": 54}, "ISTORIE": {"medie": 6.762762237762239, "reusita": 63.98601398601399, "cnt": 286}, "GEOGRAFIE": {"medie": 6.71679104477612, "reusita": 66.4179104477612, "cnt": 268}, "PSIHOLOGIE": {"medie": 7.95, "reusita": 100.0, "cnt": 2}, "MATEMATICA ST-NAT": {"medie": 8.390841584158418, "reusita": 94.05940594059405, "cnt": 202}, "ANATOMIE SI FIZIOLOGIE UMANA, GENETICA SI ECOLOGIE UMANA": {"medie": 8.476801801801807, "reusita": 94.5945945945946, "cnt": 222}, "FIZICA TEO": {"medie": 7.962499999999999, "reusita": 95.83333333333334, "cnt": 24}, "FILOSOFIE": {"medie": 8.4, "reusita": 100.0, "cnt": 16}, "LIMBA MAGHIARA (REAL)": {"medie": 8.059896907216496, "reusita": 92.57731958762886, "cnt": 485}, "LIMBA MAGHIARA (UMAN)": {"medie": 8.115116279069767, "reusita": 95.34883720930233, "cnt": 129}}, "nume": "LICEUL TEORETIC \"NAGY MOZES\" TARGU SECUIESC\tCovasna"}