{"specializari": {"TEHNICIAN IN ACHIZITII SI CONTRACTARI": 29, "TEHNICIAN IN ACTIVITATI DE POSTA": 101, "TEHNICIAN IN TURISM": 254, "TEHNICIAN IN AUTOMATIZARI": 45, "TEHNICIAN IN ACTIVITATI DE COMERT": 85, "TEHNICIAN DESIGNER VESTIMENTAR": 107, "TEHNICIAN METROLOG": 13, "TEHNICIAN TRANSPORTURI": 6, "TEHNICIAN ELECTROTEHNIST": 5, "TEHNICIAN HORTICULTOR": 6, "TEHNICIAN IN HOTELARIE": 54, "ORGANIZATOR BANQUETING": 44, "TEHNICIAN ECOLOG SI PROTECTIA CALITATII MEDIULUI": 58, "TEHNICIAN IN GASTRONOMIE": 22, "TEHNICIAN MECATRONIST": 21, "TEHNICIAN MECANIC PENTRU INTRETINERE SI REPARATII": 1, "TEHNICIAN ELECTROMECANIC": 17, "TEHNICIAN IN ACTIVITATI ECONOMICE": 12, "TEHNICIAN IN INSTALATII ELECTRICE": 6}, "limba_moderna": {"LIMBA FRANCEZA": 225, "LIMBA ENGLEZA": 661}, "limba_materna": {"LIMBA ROMANA": 886}, "promotie_anterioara": {"NU": 643, "DA": 243}, "materii": {"LIMBA ROMANA": {"medie": 4.852426636568848, "reusita": 25.169300225733632, "cnt": 886}, "BIOLOGIE VEGETALA SI ANIMALA": {"medie": 3.980349344978167, "reusita": 21.83406113537118, "cnt": 229}, "GENERAL": {"medie": 4.515857787810387, "reusita": 21.783295711060948, "cnt": 886}, "GEOGRAFIE": {"medie": 5.539074074074073, "reusita": 47.96296296296296, "cnt": 540}, "PSIHOLOGIE": {"medie": 2.7, "reusita": 0.0, "cnt": 1}, "ANATOMIE SI FIZIOLOGIE UMANA, GENETICA SI ECOLOGIE UMANA": {"medie": 4.897826086956522, "reusita": 39.130434782608695, "cnt": 23}, "MATEMATICA TEHN": {"medie": 3.7529909706546323, "reusita": 17.945823927765236, "cnt": 886}, "FIZICA TEH": {"medie": 2.775925925925926, "reusita": 11.11111111111111, "cnt": 27}, "ECONOMIE": {"medie": 2.933333333333333, "reusita": 11.11111111111111, "cnt": 9}, "LOGICA, ARGUMENTARE SI COMUNICARE": {"medie": 4.719607843137255, "reusita": 37.254901960784316, "cnt": 51}, "CHIMIE ANORGANICA TEH NIVEL I/II": {"medie": 3.1833333333333336, "reusita": 0.0, "cnt": 3}, "CHIMIE ORGANICA TEH NIVEL I/II": {"medie": 3.0666666666666664, "reusita": 33.33333333333333, "cnt": 3}}, "nume": "LICEUL TEHNOLOGIC \"CONSTANTIN BRANCUSI\" CRAIOVA\tDolj"}