{"specializari": {"TEHNICIAN IN TURISM": 269, "ORGANIZATOR BANQUETING": 162, "TEHNICIAN IN ACTIVITATI ECONOMICE": 1131, "TEHNICIAN IN ACTIVITATI DE COMERT": 88, "TEHNICIAN IN ACHIZITII SI CONTRACTARI": 4, "MATEMATICA-INFORMATICA": 105, "TEHNICIAN ECOLOG SI PROTECTIA CALITATII MEDIULUI": 196, "TEHNICIAN IN ADMINISTRATIE": 2}, "limba_moderna": {"LIMBA ENGLEZA": 1819, "LIMBA FRANCEZA": 138}, "limba_materna": {"LIMBA ROMANA": 1957}, "promotie_anterioara": {"NU": 1541, "DA": 416}, "materii": {"LIMBA ROMANA": {"medie": 5.103142565150738, "reusita": 30.45477772100153, "cnt": 1957}, "MATEMATICA MATE-INFO": {"medie": 4.081904761904764, "reusita": 22.857142857142858, "cnt": 105}, "BIOLOGIE VEGETALA SI ANIMALA": {"medie": 1.9, "reusita": 0.0, "cnt": 1}, "GENERAL": {"medie": 5.0999114290580865, "reusita": 32.294328053142564, "cnt": 1957}, "CHIMIE ORGANICA TEO NIVEL I/II": {"medie": 8.55, "reusita": 100.0, "cnt": 1}, "INFORMATICA MI C/C++": {"medie": 4.291666666666667, "reusita": 50.0, "cnt": 6}, "GEOGRAFIE": {"medie": 6.127865372953307, "reusita": 59.005457853244394, "cnt": 1649}, "ANATOMIE SI FIZIOLOGIE UMANA, GENETICA SI ECOLOGIE UMANA": {"medie": 5.3027972027972, "reusita": 43.00699300699301, "cnt": 286}, "FIZICA TEO": {"medie": 6.32, "reusita": 40.0, "cnt": 5}, "MATEMATICA TEHN": {"medie": 4.2039308855291635, "reusita": 24.73002159827214, "cnt": 1852}, "FIZICA TEH": {"medie": 8.774999999999999, "reusita": 100.0, "cnt": 2}, "ECONOMIE": {"medie": 4.807142857142857, "reusita": 14.285714285714285, "cnt": 7}}, "nume": "LICEUL TEHNOLOGIC \"VIRGIL MADGEARU\" ROSIORI DE VEDE\tTeleorman"}