{"specializari": {"MATEMATICA-INFORMATICA": 193, "STIINTE ALE NATURII": 209, "FILOLOGIE": 223, "STIINTE SOCIALE": 194}, "limba_moderna": {"LIMBA ENGLEZA": 808, "LIMBA FRANCEZA": 11}, "limba_materna": {"LIMBA ROMANA": 819}, "promotie_anterioara": {"NU": 773, "DA": 46}, "materii": {"LIMBA ROMANA": {"medie": 7.2615384615384695, "reusita": 75.7020757020757, "cnt": 819}, "MATEMATICA MATE-INFO": {"medie": 8.153626943005186, "reusita": 87.56476683937824, "cnt": 193}, "GENERAL": {"medie": 7.460663410663415, "reusita": 80.58608058608058, "cnt": 819}, "CHIMIE ORGANICA TEO NIVEL I/II": {"medie": 8.419999999999998, "reusita": 100.0, "cnt": 5}, "INFORMATICA MI C/C++": {"medie": 9.075, "reusita": 100.0, "cnt": 2}, "CHIMIE ANORGANICA TEO NIVEL I/II": {"medie": 8.8, "reusita": 100.0, "cnt": 1}, "ISTORIE": {"medie": 6.860191846522776, "reusita": 66.90647482014388, "cnt": 417}, "GEOGRAFIE": {"medie": 7.32918287937743, "reusita": 81.32295719844358, "cnt": 257}, "PSIHOLOGIE": {"medie": 8.419230769230769, "reusita": 100.0, "cnt": 13}, "MATEMATICA ST-NAT": {"medie": 6.905023923444979, "reusita": 70.81339712918661, "cnt": 209}, "ANATOMIE SI FIZIOLOGIE UMANA, GENETICA SI ECOLOGIE UMANA": {"medie": 8.604098360655737, "reusita": 93.71584699453553, "cnt": 366}, "FIZICA TEO": {"medie": 9.425, "reusita": 100.0, "cnt": 2}, "FILOSOFIE": {"medie": 3.7750000000000004, "reusita": 0.0, "cnt": 2}, "SOCIOLOGIE": {"medie": 7.176206896551726, "reusita": 77.24137931034483, "cnt": 145}, "INFORMATICA MI PASCAL": {"medie": 8.76923076923077, "reusita": 100.0, "cnt": 26}}, "nume": "LICEUL TEORETIC \"O.C.TASLAUANU\" TOPLITA\tHarghita"}