{"specializari": {"INVATATOR - EDUCATOARE": 6, "MATEMATICA-INFORMATICA": 415, "FILOLOGIE": 216, "STIINTE ALE NATURII": 209, "STIINTE SOCIALE": 217}, "limba_moderna": {"LIMBA ENGLEZA": 1015, "LIMBA GERMANA MODERNA": 48}, "limba_materna": {"LIMBA MAGHIARA": 1063}, "promotie_anterioara": {"NU": 997, "DA": 66}, "materii": {"LIMBA ROMANA": {"medie": 6.336312323612421, "reusita": 60.77140169332079, "cnt": 1063}, "MATEMATICA MATE-INFO": {"medie": 7.119638554216866, "reusita": 71.08433734939759, "cnt": 415}, "BIOLOGIE VEGETALA SI ANIMALA": {"medie": 6.0, "reusita": 100.0, "cnt": 1}, "GENERAL": {"medie": 7.566168861712124, "reusita": 82.40827845719662, "cnt": 1063}, "CHIMIE ORGANICA TEO NIVEL I/II": {"medie": 7.597826086956523, "reusita": 86.95652173913044, "cnt": 23}, "INFORMATICA MI C/C++": {"medie": 7.814227642276424, "reusita": 88.6178861788618, "cnt": 123}, "ISTORIE": {"medie": 7.8637413394919164, "reusita": 87.52886836027713, "cnt": 433}, "GEOGRAFIE": {"medie": 8.37261904761905, "reusita": 96.82539682539682, "cnt": 378}, "PSIHOLOGIE": {"medie": 6.95, "reusita": 50.0, "cnt": 2}, "MATEMATICA ST-NAT": {"medie": 8.135406698564596, "reusita": 90.9090909090909, "cnt": 209}, "ANATOMIE SI FIZIOLOGIE UMANA, GENETICA SI ECOLOGIE UMANA": {"medie": 8.437440758293839, "reusita": 92.65402843601895, "cnt": 422}, "FIZICA TEO": {"medie": 7.210000000000001, "reusita": 50.0, "cnt": 10}, "FILOSOFIE": {"medie": 8.073076923076924, "reusita": 100.0, "cnt": 39}, "LOGICA, ARGUMENTARE SI COMUNICARE": {"medie": 7.5875, "reusita": 90.0, "cnt": 20}, "MATEMATICA PED": {"medie": 7.516666666666667, "reusita": 100.0, "cnt": 6}, "INFORMATICA MI PASCAL": {"medie": 8.43, "reusita": 95.55555555555556, "cnt": 45}, "LIMBA MAGHIARA (REAL)": {"medie": 8.228926282051281, "reusita": 96.7948717948718, "cnt": 624}, "LIMBA MAGHIARA (UMAN)": {"medie": 7.737243735763097, "reusita": 91.11617312072893, "cnt": 439}}, "nume": "LICEUL TEORETIC \"SALAMON ERNO\" GHEORGHENI\tHarghita"}