{"specializari": {"LICEU CU PROGRAM SPORTIV": 901}, "limba_moderna": {"LIMBA ENGLEZA": 612, "LIMBA FRANCEZA": 289}, "limba_materna": {"LIMBA ROMANA": 901}, "promotie_anterioara": {"NU": 705, "DA": 196}, "materii": {"LIMBA ROMANA": {"medie": 5.570810210876806, "reusita": 40.399556048834626, "cnt": 901}, "GENERAL": {"medie": 6.082796892341834, "reusita": 55.49389567147613, "cnt": 901}, "ISTORIE": {"medie": 5.808268590455046, "reusita": 41.84239733629301, "cnt": 901}, "GEOGRAFIE": {"medie": 6.850437062937071, "reusita": 75.87412587412588, "cnt": 572}, "PSIHOLOGIE": {"medie": 7.33125, "reusita": 75.0, "cnt": 8}, "ECONOMIE": {"medie": 8.4, "reusita": 100.0, "cnt": 1}, "LOGICA, ARGUMENTARE SI COMUNICARE": {"medie": 6.886718750000009, "reusita": 72.5, "cnt": 320}}, "nume": "LICEUL CU PROGRAM SPORTIV \"VIITORUL\" PITESTI\tArge\u0219"}