{"specializari": {"TEHNICIAN OPERATOR TEHNICA DE CALCUL": 78, "FILOLOGIE": 2, "LICEU CU PROGRAM SPORTIV": 1, "TEHNICIAN DESENATOR PENTRU CONSTRUCTII SI INSTALATII": 2}, "limba_moderna": {"LIMBA ENGLEZA": 83}, "limba_materna": {"LIMBA ROMANA": 83}, "promotie_anterioara": {"NU": 76, "DA": 7}, "materii": {"LIMBA ROMANA": {"medie": 5.5295180722891555, "reusita": 33.734939759036145, "cnt": 83}, "GENERAL": {"medie": 6.553212851405622, "reusita": 75.90361445783132, "cnt": 83}, "ISTORIE": {"medie": 5.8999999999999995, "reusita": 33.33333333333333, "cnt": 3}, "GEOGRAFIE": {"medie": 7.166666666666667, "reusita": 100.0, "cnt": 3}, "MATEMATICA TEHN": {"medie": 7.494375000000003, "reusita": 91.25, "cnt": 80}, "CHIMIE ANORGANICA TEH NIVEL I/II": {"medie": 6.675625000000001, "reusita": 82.5, "cnt": 80}}, "nume": "LICEUL TEHNOLOGIC SPECIAL BIVOLARIE\tSuceava"}