{"specializari": {"TEHNICIAN IN ACTIVITATI ECONOMICE": 165}, "limba_moderna": {"LIMBA FRANCEZA": 16, "LIMBA ENGLEZA": 149}, "limba_materna": {"LIMBA ROMANA": 165}, "promotie_anterioara": {"NU": 143, "DA": 22}, "materii": {"LIMBA ROMANA": {"medie": 6.2145454545454495, "reusita": 51.515151515151516, "cnt": 165}, "GENERAL": {"medie": 6.468181818181818, "reusita": 61.212121212121204, "cnt": 165}, "GEOGRAFIE": {"medie": 7.212424242424242, "reusita": 77.57575757575758, "cnt": 165}, "MATEMATICA TEHN": {"medie": 5.977575757575755, "reusita": 48.484848484848484, "cnt": 165}}, "nume": "LICEUL TEHNOLOGIC VINGA\tArad"}