{"specializari": {"TEHNICIAN OPERATOR TEHNICA DE CALCUL": 26, "TEHNICIAN DESIGNER VESTIMENTAR": 48, "TEHNICIAN IN INDUSTRIA TEXTILA": 28, "TEHNICIAN PROIECTANT CAD": 2, "TEHNICIAN MECANIC PENTRU INTRETINERE SI REPARATII": 14, "TEHNICIAN IN TURISM": 71, "COAFOR STILIST": 156, "STIINTE ALE NATURII": 19, "TEHNICIAN ELECTRICIAN/ELECTRONIST AUTO": 11, "TEHNICIAN IN ACTIVITATI ECONOMICE": 124, "STIINTE SOCIALE": 34}, "limba_moderna": {"LIMBA ENGLEZA": 477, "LIMBA FRANCEZA": 56}, "limba_materna": {"LIMBA ROMANA": 533}, "promotie_anterioara": {"DA": 208, "NU": 325}, "materii": {"LIMBA ROMANA": {"medie": 4.963789868667914, "reusita": 22.88930581613508, "cnt": 533}, "BIOLOGIE VEGETALA SI ANIMALA": {"medie": 3.6915254237288133, "reusita": 16.94915254237288, "cnt": 118}, "GENERAL": {"medie": 4.619762351469673, "reusita": 21.200750469043154, "cnt": 533}, "ISTORIE": {"medie": 4.438235294117646, "reusita": 11.76470588235294, "cnt": 34}, "GEOGRAFIE": {"medie": 6.018690095846645, "reusita": 57.18849840255591, "cnt": 313}, "PSIHOLOGIE": {"medie": 6.488235294117647, "reusita": 64.70588235294117, "cnt": 17}, "MATEMATICA ST-NAT": {"medie": 1.318421052631579, "reusita": 0.0, "cnt": 19}, "ANATOMIE SI FIZIOLOGIE UMANA, GENETICA SI ECOLOGIE UMANA": {"medie": 2.9375000000000004, "reusita": 12.5, "cnt": 8}, "FILOSOFIE": {"medie": 1.0, "reusita": 0.0, "cnt": 1}, "MATEMATICA TEHN": {"medie": 3.770208333333331, "reusita": 17.708333333333336, "cnt": 480}, "FIZICA TEH": {"medie": 2.3575, "reusita": 0.0, "cnt": 20}, "LOGICA, ARGUMENTARE SI COMUNICARE": {"medie": 4.587037037037037, "reusita": 35.18518518518518, "cnt": 54}, "CHIMIE ANORGANICA TEH NIVEL I/II": {"medie": 3.2750000000000004, "reusita": 0.0, "cnt": 2}}, "nume": "LICEUL TEHNOLOGIC \"IOAN N.ROMAN\" CONSTANTA\tConstan\u021ba"}