{"specializari": {"FILOLOGIE": 401, "MATEMATICA-INFORMATICA": 8}, "limba_moderna": {"LIMBA ENGLEZA": 409}, "limba_materna": {"LIMBA ROMANA": 409}, "promotie_anterioara": {"NU": 252, "DA": 157}, "materii": {"LIMBA ROMANA": {"medie": 4.954278728606356, "reusita": 27.383863080684595, "cnt": 409}, "MATEMATICA MATE-INFO": {"medie": 4.7250000000000005, "reusita": 37.5, "cnt": 8}, "BIOLOGIE VEGETALA SI ANIMALA": {"medie": 3.8299999999999996, "reusita": 40.0, "cnt": 5}, "GENERAL": {"medie": 5.6395517522412435, "reusita": 41.075794621026894, "cnt": 409}, "ISTORIE": {"medie": 5.505561097256858, "reusita": 30.174563591022448, "cnt": 401}, "GEOGRAFIE": {"medie": 6.5376750700280155, "reusita": 67.78711484593838, "cnt": 357}, "PSIHOLOGIE": {"medie": 6.745833333333333, "reusita": 75.0, "cnt": 12}, "FIZICA TEO": {"medie": 6.816666666666666, "reusita": 66.66666666666666, "cnt": 3}, "FILOSOFIE": {"medie": 6.6, "reusita": 100.0, "cnt": 1}, "ECONOMIE": {"medie": 5.7, "reusita": 0.0, "cnt": 1}, "LOGICA, ARGUMENTARE SI COMUNICARE": {"medie": 6.4624999999999995, "reusita": 75.0, "cnt": 8}, "SOCIOLOGIE": {"medie": 5.881818181818182, "reusita": 45.45454545454545, "cnt": 22}}, "nume": "LICEUL TEORETIC \"PHOENIX\"\tBucure\u0219ti"}