{"specializari": {"TEHNICIAN MECATRONIST": 89, "TEHNICIAN TRANSPORTURI": 32, "TEHNICIAN ELECTROMECANIC": 2}, "limba_moderna": {"LIMBA ENGLEZA": 113, "LIMBA FRANCEZA": 10}, "limba_materna": {"LIMBA ROMANA": 123}, "promotie_anterioara": {"NU": 109, "DA": 14}, "materii": {"LIMBA ROMANA": {"medie": 5.419105691056911, "reusita": 47.15447154471545, "cnt": 123}, "BIOLOGIE VEGETALA SI ANIMALA": {"medie": 3.9681818181818183, "reusita": 26.446280991735538, "cnt": 121}, "GENERAL": {"medie": 4.451626016260162, "reusita": 29.268292682926827, "cnt": 123}, "MATEMATICA TEHN": {"medie": 3.950406504065041, "reusita": 30.89430894308943, "cnt": 123}, "FIZICA TEH": {"medie": 2.0, "reusita": 0.0, "cnt": 1}, "CHIMIE ORGANICA TEH NIVEL I/II": {"medie": 8.05, "reusita": 100.0, "cnt": 1}}, "nume": "LICEUL TEHNOLOGIC PIATRA-OLT\tOlt"}