{"specializari": {"TEHNICIAN DE TELECOMUNICATII": 59, "TEHNICIAN ELECTRICIAN/ELECTRONIST AUTO": 121, "COAFOR STILIST": 197, "TEHNICIAN TRANSPORTURI": 43, "TEHNICIAN MECATRONIST": 3}, "limba_moderna": {"LIMBA ENGLEZA": 419, "LIMBA GERMANA MODERNA": 3, "LIMBA FRANCEZA": 1}, "limba_materna": {"LIMBA ROMANA": 226, "LIMBA MAGHIARA": 197}, "promotie_anterioara": {"NU": 296, "DA": 127}, "materii": {"LIMBA ROMANA": {"medie": 4.362293144208038, "reusita": 20.56737588652482, "cnt": 423}, "BIOLOGIE VEGETALA SI ANIMALA": {"medie": 3.51544117647059, "reusita": 15.196078431372548, "cnt": 204}, "GENERAL": {"medie": 4.316765169424743, "reusita": 15.839243498817968, "cnt": 423}, "GEOGRAFIE": {"medie": 5.330063291139241, "reusita": 39.24050632911392, "cnt": 158}, "PSIHOLOGIE": {"medie": 4.8734375, "reusita": 21.875, "cnt": 32}, "MATEMATICA TEHN": {"medie": 3.6122931442080355, "reusita": 20.803782505910164, "cnt": 423}, "FIZICA TEH": {"medie": 3.25, "reusita": 25.0, "cnt": 4}, "ECONOMIE": {"medie": 2.92, "reusita": 20.0, "cnt": 5}, "LOGICA, ARGUMENTARE SI COMUNICARE": {"medie": 2.7, "reusita": 0.0, "cnt": 2}, "CHIMIE ANORGANICA TEH NIVEL I/II": {"medie": 3.4583333333333335, "reusita": 0.0, "cnt": 12}, "LIMBA MAGHIARA (REAL)": {"medie": 5.75786802030457, "reusita": 50.25380710659898, "cnt": 197}, "CHIMIE ORGANICA TEH NIVEL I/II": {"medie": 2.9166666666666665, "reusita": 0.0, "cnt": 6}}, "nume": "LICEUL TEHNOLOGIC \"TRAIAN VUIA\" TIRGU MURES\tMure\u0219"}