{"specializari": {"TEHNICIAN IN TURISM": 172, "STIINTE ALE NATURII": 49, "TEHNICIAN AGROMONTAN": 81, "TEHNICIAN IN GASTRONOMIE": 101, "TEHNICIAN IN IND. ALIM. FERMENTATIVA SI IN PREL. LEGUMELOR SI FRUCTELOR": 73, "TEHNICIAN IN INDUSTRIA TEXTILA": 131, "TEHNICIAN IN INDUSTRIA ALIMENTARA": 14, "TEHNICIAN IN PRELUCRAREA LEMNULUI": 20, "TEHNICIAN INSTALATOR PENTRU CONSTRUCTII": 32, "TEHNICIAN IN AGRICULTURA": 19, "TEHNICIAN IN ACTIVITATI ECONOMICE": 88, "TEHNICIAN MECANIC PENTRU INTRETINERE SI REPARATII": 40, "TEHNICIAN DESIGNER MOBILA SI AMENAJARI INTERIOARE": 68, "TEHNICIAN IN AGROTURISM": 24, "TEHNICIAN IN ADMINISTRATIE": 121, "TEHNICIAN IN INDUSTRIA STICLEI SI CERAMICII": 1, "TEHNICIAN IN CONSTRUCTII SI LUCRARI PUBLICE": 2, "TEHNICIAN ELECTRONIST": 1, "TEHNICIAN DESIGNER VESTIMENTAR": 17}, "limba_moderna": {"LIMBA ENGLEZA": 816, "LIMBA FRANCEZA": 238}, "limba_materna": {"LIMBA ROMANA": 1054}, "promotie_anterioara": {"NU": 736, "DA": 318}, "materii": {"LIMBA ROMANA": {"medie": 5.97395635673624, "reusita": 50.664136622390885, "cnt": 1054}, "BIOLOGIE VEGETALA SI ANIMALA": {"medie": 4.995029239766076, "reusita": 34.69785575048733, "cnt": 513}, "GENERAL": {"medie": 5.806973434535103, "reusita": 46.96394686907021, "cnt": 1054}, "CHIMIE ANORGANICA TEO NIVEL I/II": {"medie": 3.6, "reusita": 0.0, "cnt": 1}, "GEOGRAFIE": {"medie": 7.467848970251715, "reusita": 88.32951945080092, "cnt": 437}, "PSIHOLOGIE": {"medie": 6.8571428571428585, "reusita": 78.57142857142857, "cnt": 14}, "MATEMATICA ST-NAT": {"medie": 5.875510204081632, "reusita": 53.06122448979592, "cnt": 49}, "ANATOMIE SI FIZIOLOGIE UMANA, GENETICA SI ECOLOGIE UMANA": {"medie": 3.704166666666667, "reusita": 33.33333333333333, "cnt": 12}, "FIZICA TEO": {"medie": 4.55, "reusita": 0.0, "cnt": 2}, "MATEMATICA TEHN": {"medie": 5.366368159203978, "reusita": 42.189054726368155, "cnt": 1005}, "FIZICA TEH": {"medie": 4.123333333333333, "reusita": 33.33333333333333, "cnt": 15}, "ECONOMIE": {"medie": 4.4333333333333345, "reusita": 16.666666666666664, "cnt": 6}, "LOGICA, ARGUMENTARE SI COMUNICARE": {"medie": 6.914, "reusita": 68.0, "cnt": 25}, "CHIMIE ANORGANICA TEH NIVEL I/II": {"medie": 5.075, "reusita": 0.0, "cnt": 14}, "CHIMIE ORGANICA TEH NIVEL I/II": {"medie": 4.84, "reusita": 20.0, "cnt": 15}}, "nume": "LICEUL TEHNOLOGIC AGROMONTAN \"ROMEO CONSTANTINESCU\", ORASUL VALENII DE MUNTE\tPrahova"}