{"specializari": {"TEHNICIAN OPERATOR TEHNICA DE CALCUL": 152, "TEHNICIAN MECATRONIST": 76, "TEHNICIAN MECANIC PENTRU INTRETINERE SI REPARATII": 3, "TEHNICIAN ELECTROMECANIC": 20, "TEHNICIAN INSTALATOR PENTRU CONSTRUCTII": 3}, "limba_moderna": {"LIMBA GERMANA MODERNA": 6, "LIMBA ENGLEZA": 237, "LIMBA FRANCEZA": 11}, "limba_materna": {"LIMBA ROMANA": 254}, "promotie_anterioara": {"NU": 178, "DA": 76}, "materii": {"LIMBA ROMANA": {"medie": 5.043897637795276, "reusita": 29.527559055118108, "cnt": 254}, "BIOLOGIE VEGETALA SI ANIMALA": {"medie": 4.382388663967611, "reusita": 31.17408906882591, "cnt": 247}, "GENERAL": {"medie": 4.414238845144358, "reusita": 22.83464566929134, "cnt": 254}, "MATEMATICA TEHN": {"medie": 3.835629921259842, "reusita": 20.866141732283463, "cnt": 254}, "FIZICA TEH": {"medie": 2.3125, "reusita": 0.0, "cnt": 4}, "CHIMIE ANORGANICA TEH NIVEL I/II": {"medie": 5.516666666666667, "reusita": 0.0, "cnt": 3}}, "nume": "LICEUL TEHNOLOGIC \"DECEBAL\" CARANSEBES\tCara\u0219-Severin"}