{"specializari": {"FILOLOGIE": 201, "TEHNICIAN ELECTROMECANIC": 34, "TEHNICIAN OPERATOR TEHNICA DE CALCUL": 51, "TEHNICIAN IN AUTOMATIZARI": 32, "MATEMATICA-INFORMATICA": 129, "STIINTE ALE NATURII": 126, "TEHNICIAN MECANIC PENTRU INTRETINERE SI REPARATII": 6, "TEHNICIAN IN INSTALATII ELECTRICE": 10, "TEHNICIAN MECATRONIST": 9, "TEHNICIAN ELECTRONIST": 2, "TEHNICIAN TRANSPORTURI": 1, "TEHNICIAN IN ACTIVITATI ECONOMICE": 1, "TEHNICIAN DE TELECOMUNICATII": 35, "TEHNICIAN IN CONSTRUCTII SI LUCRARI PUBLICE": 1, "TEHNICIAN OPERATOR PROCESARE TEXT IMAGINE": 29, "STIINTE SOCIALE": 59}, "limba_moderna": {"LIMBA ENGLEZA": 686, "LIMBA FRANCEZA": 40}, "limba_materna": {"LIMBA ROMANA": 726}, "promotie_anterioara": {"NU": 520, "DA": 206}, "materii": {"LIMBA ROMANA": {"medie": 5.7779614325068875, "reusita": 43.52617079889807, "cnt": 726}, "MATEMATICA MATE-INFO": {"medie": 3.7151162790697683, "reusita": 12.4031007751938, "cnt": 129}, "BIOLOGIE VEGETALA SI ANIMALA": {"medie": 4.948941176470589, "reusita": 39.294117647058826, "cnt": 425}, "GENERAL": {"medie": 5.5650137741046795, "reusita": 42.28650137741047, "cnt": 726}, "CHIMIE ORGANICA TEO NIVEL I/II": {"medie": 6.7, "reusita": 100.0, "cnt": 1}, "ISTORIE": {"medie": 6.966346153846158, "reusita": 67.3076923076923, "cnt": 260}, "GEOGRAFIE": {"medie": 7.7065656565656555, "reusita": 86.86868686868688, "cnt": 99}, "PSIHOLOGIE": {"medie": 7.050000000000001, "reusita": 66.66666666666666, "cnt": 6}, "MATEMATICA ST-NAT": {"medie": 3.8178571428571413, "reusita": 14.285714285714285, "cnt": 126}, "ANATOMIE SI FIZIOLOGIE UMANA, GENETICA SI ECOLOGIE UMANA": {"medie": 6.864285714285715, "reusita": 92.85714285714286, "cnt": 14}, "FIZICA TEO": {"medie": 7.1, "reusita": 100.0, "cnt": 1}, "MATEMATICA TEHN": {"medie": 4.198815165876776, "reusita": 21.80094786729858, "cnt": 211}, "FIZICA TEH": {"medie": 5.11, "reusita": 33.33333333333333, "cnt": 15}, "LOGICA, ARGUMENTARE SI COMUNICARE": {"medie": 7.475609756097563, "reusita": 85.36585365853658, "cnt": 41}, "SOCIOLOGIE": {"medie": 7.131739130434785, "reusita": 82.6086956521739, "cnt": 115}, "INFORMATICA MI PASCAL": {"medie": 5.4375, "reusita": 25.0, "cnt": 4}, "CHIMIE ANORGANICA TEH NIVEL I/II": {"medie": 4.96, "reusita": 0.0, "cnt": 5}}, "nume": "LICEUL \"DANUBIUS\" CALARASI\tC\u0103l\u0103ra\u0219i"}