{"specializari": {"TEHNICIAN IN ACTIVITATI ECONOMICE": 47, "TEHNICIAN IN GASTRONOMIE": 102, "COAFOR STILIST": 83, "TEHNICIAN ANALIZE PRODUSE ALIMENTARE": 29, "TEHNICIAN IN INDUSTRIA ALIMENTARA": 43, "TEHNICIAN IN TURISM": 32, "TEHNICIAN MECANIC PENTRU INTRETINERE SI REPARATII": 1, "TEHNICIAN IN INDUSTRIA TEXTILA": 3, "ORGANIZATOR BANQUETING": 36, "TEHNICIAN IN ADMINISTRATIE": 2, "TEHNICIAN DESIGNER VESTIMENTAR": 2, "TEHNICIAN OPERATOR TEHNICA DE CALCUL": 9, "TEHNICIAN IN HOTELARIE": 5, "TEHNICIAN ECOLOG SI PROTECTIA CALITATII MEDIULUI": 23, "TEHNICIAN IN CHIMIE INDUSTRIALA": 5, "TEHNICIAN CHIMIST DE LABORATOR": 4, "TEHNICIAN IN INSTALATII ELECTRICE": 1}, "limba_moderna": {"LIMBA FRANCEZA": 62, "LIMBA ENGLEZA": 365}, "limba_materna": {"LIMBA ROMANA": 427}, "promotie_anterioara": {"NU": 283, "DA": 144}, "materii": {"LIMBA ROMANA": {"medie": 5.4070257611241255, "reusita": 32.78688524590164, "cnt": 427}, "BIOLOGIE VEGETALA SI ANIMALA": {"medie": 3.88047619047619, "reusita": 13.333333333333334, "cnt": 105}, "GENERAL": {"medie": 4.918423106947697, "reusita": 26.229508196721312, "cnt": 427}, "GEOGRAFIE": {"medie": 5.857017543859648, "reusita": 50.43859649122807, "cnt": 228}, "PSIHOLOGIE": {"medie": 5.412499999999999, "reusita": 58.333333333333336, "cnt": 12}, "ANATOMIE SI FIZIOLOGIE UMANA, GENETICA SI ECOLOGIE UMANA": {"medie": 1.6, "reusita": 0.0, "cnt": 2}, "MATEMATICA TEHN": {"medie": 3.8822014051522222, "reusita": 19.906323185011708, "cnt": 427}, "FIZICA TEH": {"medie": 5.487500000000001, "reusita": 25.0, "cnt": 4}, "ECONOMIE": {"medie": 4.3, "reusita": 0.0, "cnt": 2}, "LOGICA, ARGUMENTARE SI COMUNICARE": {"medie": 7.026923076923078, "reusita": 67.6923076923077, "cnt": 65}, "CHIMIE ANORGANICA TEH NIVEL I/II": {"medie": 4.2375, "reusita": 12.5, "cnt": 8}, "CHIMIE ORGANICA TEH NIVEL I/II": {"medie": 1.8, "reusita": 0.0, "cnt": 1}}, "nume": "LICEUL TEHNOLOGIC DE MESERII SI SERVICII MUNICIPIUL BUZAU\tBuz\u0103u"}