{"specializari": {"MATEMATICA-INFORMATICA": 128, "TEHNICIAN IN ACTIVITATI ECONOMICE": 142, "FILOLOGIE": 265, "STIINTE SOCIALE": 713, "TEHNICIAN ECOLOG SI PROTECTIA CALITATII MEDIULUI": 92, "TEHNICIAN OPERATOR TEHNICA DE CALCUL": 110, "TEHNICIAN ELECTROTEHNIST": 31, "TEHNICIAN TRANSPORTURI": 57, "STIINTE ALE NATURII": 149, "TEHNICIAN MECANIC PENTRU INTRETINERE SI REPARATII": 72, "ORGANIZATOR BANQUETING": 1, "TEHNICIAN OPERATOR PROCESARE TEXT IMAGINE": 93, "TEHNICIAN IN INSTALATII ELECTRICE": 1, "TEHNICIAN DESENATOR PENTRU CONSTRUCTII SI INSTALATII": 1, "TEHNICIAN PROIECTANT CAD": 1}, "limba_moderna": {"LIMBA ENGLEZA": 1411, "LIMBA FRANCEZA": 424, "LIMBA RUSA": 21}, "limba_materna": {"LIMBA ROMANA": 1856}, "promotie_anterioara": {"NU": 1469, "DA": 387}, "materii": {"LIMBA ROMANA": {"medie": 5.379660560344829, "reusita": 43.31896551724138, "cnt": 1856}, "MATEMATICA MATE-INFO": {"medie": 8.369921875, "reusita": 84.375, "cnt": 128}, "BIOLOGIE VEGETALA SI ANIMALA": {"medie": 4.017529411764705, "reusita": 27.294117647058826, "cnt": 425}, "GENERAL": {"medie": 5.639658764367826, "reusita": 47.30603448275862, "cnt": 1856}, "CHIMIE ORGANICA TEO NIVEL I/II": {"medie": 9.219736842105263, "reusita": 100.0, "cnt": 38}, "INFORMATICA MI C/C++": {"medie": 7.882352941176472, "reusita": 82.35294117647058, "cnt": 17}, "CHIMIE ANORGANICA TEO NIVEL I/II": {"medie": 8.343478260869567, "reusita": 86.95652173913044, "cnt": 23}, "ISTORIE": {"medie": 6.085940695296527, "reusita": 50.0, "cnt": 978}, "GEOGRAFIE": {"medie": 4.898641304347831, "reusita": 42.391304347826086, "cnt": 368}, "PSIHOLOGIE": {"medie": 8.1, "reusita": 100.0, "cnt": 1}, "MATEMATICA ST-NAT": {"medie": 6.781543624161072, "reusita": 69.12751677852349, "cnt": 149}, "ANATOMIE SI FIZIOLOGIE UMANA, GENETICA SI ECOLOGIE UMANA": {"medie": 7.408098591549297, "reusita": 79.5774647887324, "cnt": 142}, "FIZICA TEO": {"medie": 7.996666666666667, "reusita": 86.66666666666667, "cnt": 15}, "FILOSOFIE": {"medie": 3.1, "reusita": 0.0, "cnt": 4}, "MATEMATICA TEHN": {"medie": 3.681281198003327, "reusita": 21.96339434276206, "cnt": 601}, "FIZICA TEH": {"medie": 1.7666666666666668, "reusita": 0.0, "cnt": 21}, "LOGICA, ARGUMENTARE SI COMUNICARE": {"medie": 7.379165545087483, "reusita": 79.00403768506057, "cnt": 743}, "SOCIOLOGIE": {"medie": 5.340000000000001, "reusita": 20.0, "cnt": 5}, "CHIMIE ANORGANICA TEH NIVEL I/II": {"medie": 5.2875, "reusita": 45.0, "cnt": 40}, "CHIMIE ORGANICA TEH NIVEL I/II": {"medie": 2.417857142857143, "reusita": 0.0, "cnt": 14}}, "nume": "LICEUL TEHNOLOGIC \"NICOLAE IORGA\", ORAS NEGRESTI\tVaslui"}