{"specializari": {"FILOLOGIE": 140, "MATEMATICA-INFORMATICA": 165}, "limba_moderna": {"LIMBA ENGLEZA": 304, "LIMBA ITALIANA": 1}, "limba_materna": {"LIMBA GERMANA": 305}, "promotie_anterioara": {"NU": 297, "DA": 8}, "materii": {"LIMBA ROMANA": {"medie": 7.9249180327868896, "reusita": 91.80327868852459, "cnt": 305}, "MATEMATICA MATE-INFO": {"medie": 8.252424242424242, "reusita": 91.51515151515152, "cnt": 165}, "GENERAL": {"medie": 7.89991803278688, "reusita": 94.75409836065573, "cnt": 305}, "CHIMIE ORGANICA TEO NIVEL I/II": {"medie": 8.266666666666666, "reusita": 95.23809523809523, "cnt": 21}, "INFORMATICA MI C/C++": {"medie": 7.525, "reusita": 100.0, "cnt": 2}, "ISTORIE": {"medie": 7.652499999999999, "reusita": 90.71428571428571, "cnt": 140}, "GEOGRAFIE": {"medie": 7.835401459854015, "reusita": 92.7007299270073, "cnt": 137}, "PSIHOLOGIE": {"medie": 7.7, "reusita": 100.0, "cnt": 1}, "ANATOMIE SI FIZIOLOGIE UMANA, GENETICA SI ECOLOGIE UMANA": {"medie": 7.630681818181819, "reusita": 81.81818181818183, "cnt": 44}, "FIZICA TEO": {"medie": 7.991304347826088, "reusita": 86.95652173913044, "cnt": 23}, "FILOSOFIE": {"medie": 9.7, "reusita": 100.0, "cnt": 1}, "LIMBA GERMANA": {"medie": 7.8709836065573775, "reusita": 92.1311475409836, "cnt": 305}, "ECONOMIE": {"medie": 6.6, "reusita": 100.0, "cnt": 1}, "INFORMATICA MI PASCAL": {"medie": 7.753333333333333, "reusita": 85.33333333333334, "cnt": 75}}, "nume": "LICEUL TEORETIC GERMAN \"JOHANN ETTINGER\" SATU MARE\tSatu-Mare"}