{"specializari": {"TEHNICIAN DESENATOR PENTRU CONSTRUCTII SI INSTALATII": 47, "TEHNICIAN ELECTROTEHNIST": 25, "TEHNICIAN OPERATOR TEHNICA DE CALCUL": 68, "TEHNICIAN IN AUTOMATIZARI": 64, "TEHNICIAN TRANSPORTURI": 68, "TEHNICIAN MECATRONIST": 50, "TEHNICIAN ELECTRICIAN/ELECTRONIST AUTO": 103, "TEHNICIAN PROIECTANT CAD": 22, "TEHNICIAN MECANIC PENTRU INTRETINERE SI REPARATII": 33, "TEHNICIAN IN INSTALATII ELECTRICE": 56, "TEHNICIAN DE TELECOMUNICATII": 33, "TEHNICIAN IN ACHIZITII SI CONTRACTARI": 21, "TEHNICIAN IN CONSTRUCTII SI LUCRARI PUBLICE": 23, "COAFOR STILIST": 23, "MATEMATICA-INFORMATICA": 2, "TEHNICIAN PRELUCRARI PE MASINI CU COMANDA NUMERICA": 8, "ARHITECTURA, ARTE AMBIENTALE SI DESIGN": 8, "TEHNICIAN INSTALATOR PENTRU CONSTRUCTII": 1}, "limba_moderna": {"LIMBA ENGLEZA": 609, "LIMBA FRANCEZA": 46}, "limba_materna": {"LIMBA ROMANA": 655}, "promotie_anterioara": {"NU": 438, "DA": 217}, "materii": {"LIMBA ROMANA": {"medie": 4.218091603053437, "reusita": 20.458015267175572, "cnt": 655}, "MATEMATICA MATE-INFO": {"medie": 6.85, "reusita": 100.0, "cnt": 2}, "BIOLOGIE VEGETALA SI ANIMALA": {"medie": 3.2304577464788706, "reusita": 14.43661971830986, "cnt": 568}, "GENERAL": {"medie": 3.469541984732823, "reusita": 10.229007633587786, "cnt": 655}, "ISTORIE": {"medie": 4.775, "reusita": 25.0, "cnt": 8}, "GEOGRAFIE": {"medie": 3.3931818181818176, "reusita": 18.181818181818183, "cnt": 44}, "PSIHOLOGIE": {"medie": 5.250000000000001, "reusita": 62.5, "cnt": 8}, "ANATOMIE SI FIZIOLOGIE UMANA, GENETICA SI ECOLOGIE UMANA": {"medie": 4.45, "reusita": 50.0, "cnt": 2}, "MATEMATICA TEHN": {"medie": 2.843178294573642, "reusita": 11.937984496124031, "cnt": 645}, "FIZICA TEH": {"medie": 3.9057692307692307, "reusita": 34.61538461538461, "cnt": 26}, "CHIMIE ANORGANICA TEH NIVEL I/II": {"medie": 4.8500000000000005, "reusita": 50.0, "cnt": 6}, "CHIMIE ORGANICA TEH NIVEL I/II": {"medie": 3.3, "reusita": 0.0, "cnt": 1}}, "nume": "LICEUL TEHNOLOGIC \"ALEXE MARIN\" SLATINA\tOlt"}