{"specializari": {"MATEMATICA-INFORMATICA": 9, "TEHNICIAN MECATRONIST": 69, "STIINTE ALE NATURII": 85}, "limba_moderna": {"LIMBA ENGLEZA": 155, "LIMBA ITALIANA": 8}, "limba_materna": {"LIMBA ROMANA": 163}, "promotie_anterioara": {"NU": 129, "DA": 34}, "materii": {"LIMBA ROMANA": {"medie": 7.138343558282208, "reusita": 76.07361963190185, "cnt": 163}, "MATEMATICA MATE-INFO": {"medie": 7.411111111111111, "reusita": 88.88888888888889, "cnt": 9}, "BIOLOGIE VEGETALA SI ANIMALA": {"medie": 6.180508474576272, "reusita": 54.23728813559322, "cnt": 59}, "GENERAL": {"medie": 7.030777096114512, "reusita": 72.39263803680981, "cnt": 163}, "CHIMIE ORGANICA TEO NIVEL I/II": {"medie": 7.65, "reusita": 75.0, "cnt": 4}, "INFORMATICA MI C/C++": {"medie": 5.05, "reusita": 0.0, "cnt": 2}, "CHIMIE ANORGANICA TEO NIVEL I/II": {"medie": 8.55, "reusita": 100.0, "cnt": 2}, "MATEMATICA ST-NAT": {"medie": 6.307647058823532, "reusita": 62.35294117647059, "cnt": 85}, "ANATOMIE SI FIZIOLOGIE UMANA, GENETICA SI ECOLOGIE UMANA": {"medie": 7.976219512195121, "reusita": 87.8048780487805, "cnt": 82}, "FIZICA TEO": {"medie": 1.0, "reusita": 0.0, "cnt": 1}, "MATEMATICA TEHN": {"medie": 7.1289855072463775, "reusita": 75.36231884057972, "cnt": 69}, "FIZICA TEH": {"medie": 7.477777777777778, "reusita": 77.77777777777779, "cnt": 9}, "INFORMATICA SN C/C++": {"medie": 8.9, "reusita": 100.0, "cnt": 3}, "CHIMIE ANORGANICA TEH NIVEL I/II": {"medie": 8.25, "reusita": 100.0, "cnt": 1}}, "nume": "LICEUL \"DON ORIONE\" ORADEA\tBihor"}