{"specializari": {"TEOLOGIE ROMANO-CATOLICA": 186, "INVATATOR - EDUCATOARE": 39}, "limba_moderna": {"LIMBA ENGLEZA": 196, "LIMBA FRANCEZA": 29}, "limba_materna": {"LIMBA ROMANA": 225}, "promotie_anterioara": {"NU": 205, "DA": 20}, "materii": {"LIMBA ROMANA": {"medie": 7.011111111111107, "reusita": 73.33333333333333, "cnt": 225}, "GENERAL": {"medie": 7.3948888888888815, "reusita": 83.11111111111111, "cnt": 225}, "ISTORIE": {"medie": 6.8236559139784925, "reusita": 67.74193548387096, "cnt": 186}, "GEOGRAFIE": {"medie": 8.16081081081081, "reusita": 91.8918918918919, "cnt": 222}, "PSIHOLOGIE": {"medie": 8.899999999999999, "reusita": 100.0, "cnt": 2}, "LOGICA, ARGUMENTARE SI COMUNICARE": {"medie": 7.85, "reusita": 100.0, "cnt": 1}, "MATEMATICA PED": {"medie": 7.884615384615386, "reusita": 94.87179487179486, "cnt": 39}}, "nume": "LICEUL TEOLOGIC ROMANO-CATOLIC \"SFANTUL FRANCISC DE ASSISI\", MUNICIPIUL ROMAN\tNeam\u021b"}