{"specializari": {"TEHNICIAN IN ACTIVITATI ECONOMICE": 229, "TEHNICIAN IN ACTIVITATI DE COMERT": 235, "TEHNICIAN IN TURISM": 254, "TEHNICIAN IN ADMINISTRATIE": 46, "ORGANIZATOR BANQUETING": 137, "MATEMATICA-INFORMATICA": 2, "STIINTE ALE NATURII": 3}, "limba_moderna": {"LIMBA ENGLEZA": 903, "LIMBA GERMANA MODERNA": 3}, "limba_materna": {"LIMBA MAGHIARA": 906}, "promotie_anterioara": {"NU": 729, "DA": 177}, "materii": {"LIMBA ROMANA": {"medie": 4.221026490066225, "reusita": 16.99779249448124, "cnt": 906}, "MATEMATICA MATE-INFO": {"medie": 5.0, "reusita": 0.0, "cnt": 2}, "BIOLOGIE VEGETALA SI ANIMALA": {"medie": 5.8, "reusita": 0.0, "cnt": 1}, "GENERAL": {"medie": 6.211796357615894, "reusita": 41.280353200883, "cnt": 906}, "GEOGRAFIE": {"medie": 7.862206047032472, "reusita": 90.81746920492722, "cnt": 893}, "PSIHOLOGIE": {"medie": 6.05, "reusita": 100.0, "cnt": 1}, "MATEMATICA ST-NAT": {"medie": 2.283333333333333, "reusita": 0.0, "cnt": 3}, "ANATOMIE SI FIZIOLOGIE UMANA, GENETICA SI ECOLOGIE UMANA": {"medie": 5.7, "reusita": 0.0, "cnt": 2}, "MATEMATICA TEHN": {"medie": 5.926970033296343, "reusita": 54.27302996670367, "cnt": 901}, "ECONOMIE": {"medie": 7.121428571428571, "reusita": 100.0, "cnt": 7}, "INFORMATICA MI PASCAL": {"medie": 8.95, "reusita": 100.0, "cnt": 2}, "LIMBA MAGHIARA (REAL)": {"medie": 6.863465783664473, "reusita": 79.24944812362031, "cnt": 906}}, "nume": "LICEUL TEHNOLOGIC \"KOS KAROLY\" ODORHEIU SECUIESC\tHarghita"}