{"specializari": {"STIINTE ALE NATURII": 194}, "limba_moderna": {"LIMBA FRANCEZA": 50, "LIMBA ENGLEZA": 144}, "limba_materna": {"LIMBA ROMANA": 194}, "promotie_anterioara": {"NU": 126, "DA": 68}, "materii": {"LIMBA ROMANA": {"medie": 5.681185567010308, "reusita": 40.72164948453608, "cnt": 194}, "GENERAL": {"medie": 5.008591065292096, "reusita": 22.164948453608247, "cnt": 194}, "MATEMATICA ST-NAT": {"medie": 3.5275773195876283, "reusita": 15.979381443298967, "cnt": 194}, "ANATOMIE SI FIZIOLOGIE UMANA, GENETICA SI ECOLOGIE UMANA": {"medie": 5.808031088082901, "reusita": 50.77720207253886, "cnt": 193}, "FIZICA TEO": {"medie": 7.55, "reusita": 100.0, "cnt": 1}}, "nume": "LICEUL TEORETIC CERMEI\tArad"}