{"specializari": {"FILOLOGIE": 138}, "limba_moderna": {"LIMBA ENGLEZA": 138}, "limba_materna": {"LIMBA SLOVACA": 138}, "promotie_anterioara": {"NU": 119, "DA": 19}, "materii": {"LIMBA ROMANA": {"medie": 3.8275362318840576, "reusita": 16.666666666666664, "cnt": 138}, "GENERAL": {"medie": 5.629347826086957, "reusita": 32.608695652173914, "cnt": 138}, "ISTORIE": {"medie": 5.926811594202901, "reusita": 58.69565217391305, "cnt": 138}, "GEOGRAFIE": {"medie": 7.35, "reusita": 80.0, "cnt": 5}, "FILOSOFIE": {"medie": 6.172180451127822, "reusita": 74.43609022556392, "cnt": 133}, "LIMBA SLOVACA": {"medie": 6.548188405797102, "reusita": 74.63768115942028, "cnt": 138}}, "nume": "LICEUL TEORETIC \"JOZEF KOZACEK\" BUDOI\tBihor"}