{"specializari": {"MATEMATICA-INFORMATICA": 79, "TEOLOGIE BAPTISTA": 200, "STIINTE ALE NATURII": 116}, "limba_moderna": {"LIMBA ENGLEZA": 395}, "limba_materna": {"LIMBA ROMANA": 395}, "promotie_anterioara": {"NU": 384, "DA": 11}, "materii": {"LIMBA ROMANA": {"medie": 8.0553164556962, "reusita": 91.13924050632912, "cnt": 395}, "MATEMATICA MATE-INFO": {"medie": 8.023417721518985, "reusita": 87.34177215189874, "cnt": 79}, "BIOLOGIE VEGETALA SI ANIMALA": {"medie": 9.266666666666667, "reusita": 100.0, "cnt": 3}, "GENERAL": {"medie": 8.276708860759497, "reusita": 96.9620253164557, "cnt": 395}, "CHIMIE ORGANICA TEO NIVEL I/II": {"medie": 8.78, "reusita": 100.0, "cnt": 10}, "INFORMATICA MI C/C++": {"medie": 8.95, "reusita": 100.0, "cnt": 4}, "ISTORIE": {"medie": 7.910750000000002, "reusita": 91.5, "cnt": 200}, "GEOGRAFIE": {"medie": 8.067515923566882, "reusita": 93.63057324840764, "cnt": 157}, "PSIHOLOGIE": {"medie": 8.4, "reusita": 100.0, "cnt": 14}, "MATEMATICA ST-NAT": {"medie": 8.601293103448276, "reusita": 99.13793103448276, "cnt": 116}, "ANATOMIE SI FIZIOLOGIE UMANA, GENETICA SI ECOLOGIE UMANA": {"medie": 9.161280487804875, "reusita": 100.0, "cnt": 164}, "FIZICA TEO": {"medie": 8.35, "reusita": 100.0, "cnt": 4}, "FILOSOFIE": {"medie": 8.0, "reusita": 100.0, "cnt": 1}, "INFORMATICA SN C/C++": {"medie": 8.41, "reusita": 100.0, "cnt": 10}, "LOGICA, ARGUMENTARE SI COMUNICARE": {"medie": 8.883928571428571, "reusita": 100.0, "cnt": 28}}, "nume": "LICEUL TEOLOGIC BAPTIST \"ALEXA POPOVICI\" ARAD\tArad"}