{"specializari": {"TEHNICIAN MECATRONIST": 43, "TEHNICIAN ECOLOG SI PROTECTIA CALITATII MEDIULUI": 11, "TEHNICIAN PRELUCRARI MECANICE": 2, "TEHNICIAN OPERATOR TEHNICA DE CALCUL": 28, "TEHNICIAN TRANSPORTURI": 27, "TEHNICIAN ELECTRONIST": 1, "TEHNICIAN MECANIC PENTRU INTRETINERE SI REPARATII": 16, "TEHNICIAN ELECTROTEHNIST": 1}, "limba_moderna": {"LIMBA ENGLEZA": 129}, "limba_materna": {"LIMBA ROMANA": 129}, "promotie_anterioara": {"NU": 71, "DA": 58}, "materii": {"LIMBA ROMANA": {"medie": 3.5081395348837208, "reusita": 14.728682170542637, "cnt": 129}, "BIOLOGIE VEGETALA SI ANIMALA": {"medie": 2.9583333333333335, "reusita": 17.77777777777778, "cnt": 90}, "GENERAL": {"medie": 3.070284237726097, "reusita": 10.077519379844961, "cnt": 129}, "ANATOMIE SI FIZIOLOGIE UMANA, GENETICA SI ECOLOGIE UMANA": {"medie": 4.15, "reusita": 0.0, "cnt": 2}, "MATEMATICA TEHN": {"medie": 2.8174418604651157, "reusita": 10.852713178294573, "cnt": 129}, "FIZICA TEH": {"medie": 3.03125, "reusita": 12.5, "cnt": 16}, "CHIMIE ANORGANICA TEH NIVEL I/II": {"medie": 2.3404761904761906, "reusita": 14.285714285714285, "cnt": 21}}, "nume": "LICEUL TEHNOLOGIC \"DINU BRATIANU\" STEFANESTI\tArge\u0219"}