{"specializari": {"TEHNICIAN OPERATOR TEHNICA DE CALCUL": 175, "TEHNICIAN IN GASTRONOMIE": 145, "LICEU CU PROGRAM SPORTIV": 212}, "limba_moderna": {"LIMBA ENGLEZA": 394, "LIMBA SPANIOLA": 138}, "limba_materna": {"LIMBA ROMANA": 532}, "promotie_anterioara": {"DA": 213, "NU": 319}, "materii": {"LIMBA ROMANA": {"medie": 4.178665413533837, "reusita": 13.533834586466165, "cnt": 532}, "BIOLOGIE VEGETALA SI ANIMALA": {"medie": 4.728571428571429, "reusita": 28.000000000000004, "cnt": 175}, "GENERAL": {"medie": 4.685902255639097, "reusita": 18.796992481203006, "cnt": 532}, "ISTORIE": {"medie": 4.750707547169809, "reusita": 15.566037735849056, "cnt": 212}, "GEOGRAFIE": {"medie": 5.858823529411764, "reusita": 61.06442577030813, "cnt": 357}, "MATEMATICA TEHN": {"medie": 4.154375000000002, "reusita": 22.5, "cnt": 320}}, "nume": "LICEUL TEHNOLOGIC \"DOAMNA CHIAJNA\" ROSU - CHIAJNA\tIlfov"}