{"specializari": {"TEHNICIAN ECOLOG SI PROTECTIA CALITATII MEDIULUI": 89, "LICEU CU PROGRAM SPORTIV": 282, "TEHNICIAN MECANIC PENTRU INTRETINERE SI REPARATII": 57, "TEHNICIAN ELECTROMECANIC": 45, "TEHNICIAN OPERATOR TEHNICA DE CALCUL": 47, "TEHNICIAN IN INSTALATII ELECTRICE": 5, "TEHNICIAN TRANSPORTURI": 16, "TEHNICIAN CHIMIST DE LABORATOR": 5, "STIINTE ALE NATURII": 1, "MATEMATICA-INFORMATICA": 1, "TEHNICIAN IN INDUSTRIA ALIMENTARA": 1}, "limba_moderna": {"LIMBA FRANCEZA": 44, "LIMBA ENGLEZA": 505}, "limba_materna": {"LIMBA ROMANA": 549}, "promotie_anterioara": {"NU": 404, "DA": 145}, "materii": {"LIMBA ROMANA": {"medie": 4.335245901639347, "reusita": 16.757741347905284, "cnt": 549}, "MATEMATICA MATE-INFO": {"medie": 1.2, "reusita": 0.0, "cnt": 1}, "BIOLOGIE VEGETALA SI ANIMALA": {"medie": 3.0699468085106374, "reusita": 10.106382978723403, "cnt": 188}, "GENERAL": {"medie": 4.299666059502125, "reusita": 21.311475409836063, "cnt": 549}, "ISTORIE": {"medie": 4.997695035460993, "reusita": 18.085106382978726, "cnt": 282}, "GEOGRAFIE": {"medie": 5.474721189591077, "reusita": 49.07063197026022, "cnt": 269}, "PSIHOLOGIE": {"medie": 5.6, "reusita": 0.0, "cnt": 1}, "MATEMATICA ST-NAT": {"medie": 1.0, "reusita": 0.0, "cnt": 1}, "ANATOMIE SI FIZIOLOGIE UMANA, GENETICA SI ECOLOGIE UMANA": {"medie": 4.747916666666667, "reusita": 37.5, "cnt": 24}, "FILOSOFIE": {"medie": 5.9, "reusita": 0.0, "cnt": 1}, "MATEMATICA TEHN": {"medie": 3.303396226415095, "reusita": 17.358490566037734, "cnt": 265}, "FIZICA TEH": {"medie": 2.3954545454545455, "reusita": 0.0, "cnt": 22}, "LOGICA, ARGUMENTARE SI COMUNICARE": {"medie": 4.304545454545455, "reusita": 27.27272727272727, "cnt": 11}, "CHIMIE ANORGANICA TEH NIVEL I/II": {"medie": 4.218181818181819, "reusita": 30.303030303030305, "cnt": 33}}, "nume": "LICEUL TEHNOLOGIC PETROL MORENI\tD\u00e2mbovi\u021ba"}