{"specializari": {"TEHNICIAN IN ACTIVITATI ECONOMICE": 100, "TEHNICIAN TRANSPORTURI": 17, "STIINTE ALE NATURII": 82, "TEHNICIAN IN PRELUCRAREA LEMNULUI": 10, "TEHNICIAN OPERATOR TEHNICA DE CALCUL": 29, "TEHNICIAN IN TURISM": 10}, "limba_moderna": {"LIMBA ENGLEZA": 192, "LIMBA GERMANA MODERNA": 56}, "limba_materna": {"LIMBA MAGHIARA": 248}, "promotie_anterioara": {"NU": 191, "DA": 57}, "materii": {"LIMBA ROMANA": {"medie": 2.831048387096773, "reusita": 5.241935483870968, "cnt": 248}, "BIOLOGIE VEGETALA SI ANIMALA": {"medie": 4.29198473282443, "reusita": 20.610687022900763, "cnt": 131}, "GENERAL": {"medie": 4.373235887096771, "reusita": 11.693548387096774, "cnt": 248}, "GEOGRAFIE": {"medie": 6.292727272727273, "reusita": 63.63636363636363, "cnt": 110}, "MATEMATICA ST-NAT": {"medie": 2.6737804878048785, "reusita": 8.536585365853659, "cnt": 82}, "ANATOMIE SI FIZIOLOGIE UMANA, GENETICA SI ECOLOGIE UMANA": {"medie": 2.65, "reusita": 0.0, "cnt": 1}, "FIZICA TEO": {"medie": 6.550000000000001, "reusita": 50.0, "cnt": 2}, "MATEMATICA TEHN": {"medie": 3.421385542168675, "reusita": 16.867469879518072, "cnt": 166}, "FIZICA TEH": {"medie": 5.45, "reusita": 66.66666666666666, "cnt": 3}, "CHIMIE ANORGANICA TEH NIVEL I/II": {"medie": 5.9, "reusita": 0.0, "cnt": 1}, "LIMBA MAGHIARA (REAL)": {"medie": 6.276209677419351, "reusita": 67.74193548387096, "cnt": 248}}, "nume": "LICEUL TEHNOLOGIC \"GABOR ARON\" VLAHITA\tHarghita"}