{"specializari": {"STIINTE SOCIALE": 891, "MATEMATICA-INFORMATICA": 162, "FILOLOGIE": 190}, "limba_moderna": {"LIMBA ENGLEZA": 1150, "LIMBA FRANCEZA": 93}, "limba_materna": {"LIMBA ROMANA": 1243}, "promotie_anterioara": {"NU": 770, "DA": 473}, "materii": {"LIMBA ROMANA": {"medie": 5.3475462590506835, "reusita": 39.74255832662912, "cnt": 1243}, "MATEMATICA MATE-INFO": {"medie": 4.224382716049383, "reusita": 23.456790123456788, "cnt": 162}, "BIOLOGIE VEGETALA SI ANIMALA": {"medie": 5.598913043478261, "reusita": 49.275362318840585, "cnt": 138}, "GENERAL": {"medie": 5.822097076964335, "reusita": 48.35076427996782, "cnt": 1243}, "INFORMATICA MI C/C++": {"medie": 5.8375, "reusita": 50.0, "cnt": 8}, "CHIMIE ANORGANICA TEO NIVEL I/II": {"medie": 5.0, "reusita": 0.0, "cnt": 1}, "ISTORIE": {"medie": 5.870490286771515, "reusita": 44.86586493987049, "cnt": 1081}, "GEOGRAFIE": {"medie": 6.393349753694586, "reusita": 68.59605911330048, "cnt": 812}, "PSIHOLOGIE": {"medie": 5.365517241379311, "reusita": 41.37931034482759, "cnt": 29}, "ANATOMIE SI FIZIOLOGIE UMANA, GENETICA SI ECOLOGIE UMANA": {"medie": 6.829166666666667, "reusita": 91.66666666666666, "cnt": 12}, "FIZICA TEO": {"medie": 5.933333333333334, "reusita": 66.66666666666666, "cnt": 3}, "FILOSOFIE": {"medie": 7.12, "reusita": 80.0, "cnt": 10}, "ECONOMIE": {"medie": 5.655555555555555, "reusita": 33.33333333333333, "cnt": 9}, "LOGICA, ARGUMENTARE SI COMUNICARE": {"medie": 7.6630769230769245, "reusita": 84.61538461538461, "cnt": 130}, "SOCIOLOGIE": {"medie": 7.075274725274724, "reusita": 79.12087912087912, "cnt": 91}}, "nume": "LICEUL TEORETIC \"DECEBAL\"\tBucure\u0219ti"}