{"specializari": {"STIINTE ALE NATURII": 195, "FILOLOGIE": 364, "STIINTE SOCIALE": 214, "MATEMATICA-INFORMATICA": 214}, "limba_moderna": {"LIMBA ENGLEZA": 914, "LIMBA FRANCEZA": 73}, "limba_materna": {"LIMBA ROMANA": 987}, "promotie_anterioara": {"NU": 914, "DA": 73}, "materii": {"LIMBA ROMANA": {"medie": 7.227102330293823, "reusita": 79.33130699088146, "cnt": 987}, "MATEMATICA MATE-INFO": {"medie": 6.067990654205607, "reusita": 52.80373831775701, "cnt": 214}, "BIOLOGIE VEGETALA SI ANIMALA": {"medie": 6.94, "reusita": 80.0, "cnt": 5}, "GENERAL": {"medie": 7.308095238095233, "reusita": 81.45896656534954, "cnt": 987}, "CHIMIE ORGANICA TEO NIVEL I/II": {"medie": 7.275, "reusita": 85.71428571428571, "cnt": 14}, "INFORMATICA MI C/C++": {"medie": 7.326315789473684, "reusita": 89.47368421052632, "cnt": 19}, "ISTORIE": {"medie": 7.568166089965392, "reusita": 84.42906574394463, "cnt": 578}, "GEOGRAFIE": {"medie": 8.094721407624638, "reusita": 94.13489736070382, "cnt": 341}, "PSIHOLOGIE": {"medie": 7.7, "reusita": 100.0, "cnt": 4}, "MATEMATICA ST-NAT": {"medie": 6.593846153846154, "reusita": 63.07692307692307, "cnt": 195}, "ANATOMIE SI FIZIOLOGIE UMANA, GENETICA SI ECOLOGIE UMANA": {"medie": 7.063455657492356, "reusita": 75.22935779816514, "cnt": 327}, "FIZICA TEO": {"medie": 7.283414634146339, "reusita": 70.73170731707317, "cnt": 41}, "FILOSOFIE": {"medie": 7.079166666666667, "reusita": 75.0, "cnt": 12}, "INFORMATICA SN C/C++": {"medie": 6.75, "reusita": 66.66666666666666, "cnt": 3}, "LOGICA, ARGUMENTARE SI COMUNICARE": {"medie": 8.029661016949158, "reusita": 88.13559322033898, "cnt": 177}, "SOCIOLOGIE": {"medie": 7.8568181818181815, "reusita": 88.63636363636364, "cnt": 44}}, "nume": "LICEUL TEORETIC \"TUDOR ARGHEZI\" CRAIOVA\tDolj"}