{"specializari": {"TEOLOGIE ORTODOXA": 157}, "limba_moderna": {"LIMBA FRANCEZA": 48, "LIMBA ENGLEZA": 109}, "limba_materna": {"LIMBA ROMANA": 157}, "promotie_anterioara": {"NU": 134, "DA": 23}, "materii": {"LIMBA ROMANA": {"medie": 6.780254777070066, "reusita": 69.42675159235668, "cnt": 157}, "GENERAL": {"medie": 6.72717622080679, "reusita": 67.51592356687898, "cnt": 157}, "ISTORIE": {"medie": 6.572929936305731, "reusita": 57.961783439490446, "cnt": 157}, "GEOGRAFIE": {"medie": 6.972272727272725, "reusita": 71.81818181818181, "cnt": 110}, "FILOSOFIE": {"medie": 6.491489361702129, "reusita": 61.702127659574465, "cnt": 47}}, "nume": "LICEUL ORTODOX \"SF. NICOLAE\" ZALAU\tS\u0103laj"}