{"specializari": {"TEHNICIAN IN ADMINISTRATIE": 25, "TEHNICIAN IN TURISM": 29, "FILOLOGIE": 543, "MATEMATICA-INFORMATICA": 50}, "limba_moderna": {"LIMBA ENGLEZA": 310, "LIMBA FRANCEZA": 151, "LIMBA PORTUGHEZA": 51, "LIMBA SPANIOLA": 107, "LIMBA ITALIANA": 28}, "limba_materna": {"LIMBA ROMANA": 647}, "promotie_anterioara": {"NU": 610, "DA": 37}, "materii": {"LIMBA ROMANA": {"medie": 7.143817619783621, "reusita": 76.50695517774344, "cnt": 647}, "MATEMATICA MATE-INFO": {"medie": 7.747000000000003, "reusita": 86.0, "cnt": 50}, "BIOLOGIE VEGETALA SI ANIMALA": {"medie": 8.138, "reusita": 88.0, "cnt": 25}, "GENERAL": {"medie": 7.457135497166416, "reusita": 86.24420401854714, "cnt": 647}, "INFORMATICA MI C/C++": {"medie": 8.3, "reusita": 75.0, "cnt": 4}, "CHIMIE ANORGANICA TEO NIVEL I/II": {"medie": 7.300000000000001, "reusita": 100.0, "cnt": 2}, "ISTORIE": {"medie": 7.157550644567215, "reusita": 74.40147329650092, "cnt": 543}, "GEOGRAFIE": {"medie": 7.867919075144505, "reusita": 90.17341040462428, "cnt": 173}, "PSIHOLOGIE": {"medie": 8.047619047619047, "reusita": 90.47619047619048, "cnt": 21}, "ANATOMIE SI FIZIOLOGIE UMANA, GENETICA SI ECOLOGIE UMANA": {"medie": 9.56, "reusita": 100.0, "cnt": 5}, "FIZICA TEO": {"medie": 7.109999999999999, "reusita": 100.0, "cnt": 5}, "FILOSOFIE": {"medie": 7.75, "reusita": 75.0, "cnt": 4}, "MATEMATICA TEHN": {"medie": 8.277777777777779, "reusita": 87.03703703703704, "cnt": 54}, "ECONOMIE": {"medie": 8.5, "reusita": 100.0, "cnt": 1}, "LOGICA, ARGUMENTARE SI COMUNICARE": {"medie": 7.989018087855299, "reusita": 88.88888888888889, "cnt": 387}, "SOCIOLOGIE": {"medie": 6.45, "reusita": 54.54545454545454, "cnt": 11}, "INFORMATICA MI PASCAL": {"medie": 7.155555555555556, "reusita": 66.66666666666666, "cnt": 9}}, "nume": "LICEUL TEORETIC \"MIHAI EMINESCU\" CLUJ-NAPOCA\tCluj"}