{"specializari": {"MATEMATICA-INFORMATICA": 158, "FILOLOGIE": 34, "STIINTE ALE NATURII": 38}, "limba_moderna": {"LIMBA ENGLEZA": 184, "LIMBA FRANCEZA": 46}, "limba_materna": {"LIMBA ROMANA": 230}, "promotie_anterioara": {"NU": 197, "DA": 33}, "materii": {"LIMBA ROMANA": {"medie": 6.665869565217392, "reusita": 72.60869565217392, "cnt": 230}, "MATEMATICA MATE-INFO": {"medie": 6.18892405063291, "reusita": 53.79746835443038, "cnt": 158}, "BIOLOGIE VEGETALA SI ANIMALA": {"medie": 6.823076923076924, "reusita": 76.92307692307693, "cnt": 13}, "GENERAL": {"medie": 6.705217391304348, "reusita": 70.43478260869566, "cnt": 230}, "CHIMIE ORGANICA TEO NIVEL I/II": {"medie": 4.85, "reusita": 0.0, "cnt": 2}, "INFORMATICA MI C/C++": {"medie": 6.597058823529412, "reusita": 70.58823529411765, "cnt": 17}, "ISTORIE": {"medie": 7.719117647058823, "reusita": 88.23529411764706, "cnt": 34}, "GEOGRAFIE": {"medie": 7.754545454545456, "reusita": 90.9090909090909, "cnt": 22}, "MATEMATICA ST-NAT": {"medie": 5.9223684210526315, "reusita": 57.89473684210527, "cnt": 38}, "ANATOMIE SI FIZIOLOGIE UMANA, GENETICA SI ECOLOGIE UMANA": {"medie": 7.372173913043476, "reusita": 86.95652173913044, "cnt": 115}, "FIZICA TEO": {"medie": 6.536538461538461, "reusita": 57.692307692307686, "cnt": 26}, "LOGICA, ARGUMENTARE SI COMUNICARE": {"medie": 9.5, "reusita": 100.0, "cnt": 1}, "SOCIOLOGIE": {"medie": 8.709090909090909, "reusita": 100.0, "cnt": 11}, "INFORMATICA MI PASCAL": {"medie": 5.38695652173913, "reusita": 30.434782608695656, "cnt": 23}}, "nume": "LICEUL TEORETIC \"ION BARBU\"\tArge\u0219"}