{"specializari": {"FILOLOGIE": 212, "STIINTE SOCIALE": 248, "MATEMATICA-INFORMATICA": 216, "STIINTE ALE NATURII": 198, "TEHNICIAN OPERATOR TEHNICA DE CALCUL": 229, "TEHNICIAN MECATRONIST": 419, "TEHNICIAN ELECTROTEHNIST": 179, "TEHNICIAN TRANSPORTURI": 18}, "limba_moderna": {"LIMBA ENGLEZA": 1357, "LIMBA FRANCEZA": 362}, "limba_materna": {"LIMBA ROMANA": 1719}, "promotie_anterioara": {"NU": 1320, "DA": 399}, "materii": {"LIMBA ROMANA": {"medie": 5.588336242001177, "reusita": 43.455497382198956, "cnt": 1719}, "MATEMATICA MATE-INFO": {"medie": 5.4752314814814795, "reusita": 39.351851851851855, "cnt": 216}, "BIOLOGIE VEGETALA SI ANIMALA": {"medie": 4.380047393364925, "reusita": 29.28909952606635, "cnt": 1055}, "GENERAL": {"medie": 5.468634865231723, "reusita": 44.44444444444444, "cnt": 1719}, "CHIMIE ORGANICA TEO NIVEL I/II": {"medie": 5.9107142857142865, "reusita": 57.14285714285714, "cnt": 14}, "INFORMATICA MI C/C++": {"medie": 6.295238095238096, "reusita": 47.61904761904761, "cnt": 21}, "CHIMIE ANORGANICA TEO NIVEL I/II": {"medie": 8.250000000000002, "reusita": 100.0, "cnt": 3}, "ISTORIE": {"medie": 7.004130434782602, "reusita": 71.73913043478261, "cnt": 460}, "GEOGRAFIE": {"medie": 8.166258741258742, "reusita": 93.35664335664336, "cnt": 286}, "PSIHOLOGIE": {"medie": 7.725, "reusita": 100.0, "cnt": 2}, "MATEMATICA ST-NAT": {"medie": 5.4088383838383844, "reusita": 39.8989898989899, "cnt": 198}, "ANATOMIE SI FIZIOLOGIE UMANA, GENETICA SI ECOLOGIE UMANA": {"medie": 6.876960784313726, "reusita": 72.54901960784314, "cnt": 102}, "FIZICA TEO": {"medie": 6.657894736842105, "reusita": 63.1578947368421, "cnt": 19}, "MATEMATICA TEHN": {"medie": 4.014911242603553, "reusita": 24.615384615384617, "cnt": 845}, "FIZICA TEH": {"medie": 3.6500000000000004, "reusita": 16.666666666666664, "cnt": 12}, "LOGICA, ARGUMENTARE SI COMUNICARE": {"medie": 8.394047619047623, "reusita": 95.23809523809523, "cnt": 168}, "SOCIOLOGIE": {"medie": 6.325, "reusita": 75.0, "cnt": 4}, "INFORMATICA MI PASCAL": {"medie": 6.649999999999999, "reusita": 72.0, "cnt": 25}, "CHIMIE ANORGANICA TEH NIVEL I/II": {"medie": 5.507142857142857, "reusita": 14.285714285714285, "cnt": 7}, "CHIMIE ORGANICA TEH NIVEL I/II": {"medie": 3.6, "reusita": 0.0, "cnt": 1}}, "nume": "LICEUL \"TRAIAN VUIA\" CRAIOVA\tDolj"}