{"specializari": {"TEHNICIAN DESIGNER VESTIMENTAR": 1, "TEHNICIAN OPERATOR TEHNICA DE CALCUL": 173, "TEHNICIAN MECANIC PENTRU INTRETINERE SI REPARATII": 33, "TEHNICIAN IN INDUSTRIA TEXTILA": 25}, "limba_moderna": {"LIMBA FRANCEZA": 44, "LIMBA ENGLEZA": 188}, "limba_materna": {"LIMBA ROMANA": 232}, "promotie_anterioara": {"NU": 184, "DA": 48}, "materii": {"LIMBA ROMANA": {"medie": 5.539439655172413, "reusita": 50.43103448275862, "cnt": 232}, "BIOLOGIE VEGETALA SI ANIMALA": {"medie": 4.618872549019605, "reusita": 31.862745098039213, "cnt": 204}, "GENERAL": {"medie": 4.91185344827586, "reusita": 30.17241379310345, "cnt": 232}, "MATEMATICA TEHN": {"medie": 4.532327586206897, "reusita": 30.603448275862068, "cnt": 232}, "FIZICA TEH": {"medie": 5.7861111111111105, "reusita": 61.111111111111114, "cnt": 18}, "CHIMIE ANORGANICA TEH NIVEL I/II": {"medie": 3.56, "reusita": 20.0, "cnt": 10}}, "nume": "LICEUL TEHNOLOGIC, VLADENI\tIa\u0219i"}