{"specializari": {"TEHNICIAN IN ACTIVITATI DE COMERT": 25, "TEHNICIAN IN AGRICULTURA": 8, "TEHNICIAN IN INDUSTRIA ALIMENTARA": 1, "TEHNICIAN VETERINAR": 69, "TEHNICIAN MECATRONIST": 2, "TEHNICIAN TRANSPORTURI": 2}, "limba_moderna": {"LIMBA ENGLEZA": 101, "LIMBA FRANCEZA": 6}, "limba_materna": {"LIMBA ROMANA": 107}, "promotie_anterioara": {"NU": 69, "DA": 38}, "materii": {"LIMBA ROMANA": {"medie": 5.367289719626168, "reusita": 33.64485981308411, "cnt": 107}, "BIOLOGIE VEGETALA SI ANIMALA": {"medie": 5.047014925373134, "reusita": 34.32835820895522, "cnt": 67}, "GENERAL": {"medie": 5.230062305295952, "reusita": 36.44859813084112, "cnt": 107}, "GEOGRAFIE": {"medie": 7.026, "reusita": 72.0, "cnt": 25}, "ANATOMIE SI FIZIOLOGIE UMANA, GENETICA SI ECOLOGIE UMANA": {"medie": 5.684615384615384, "reusita": 61.53846153846154, "cnt": 13}, "MATEMATICA TEHN": {"medie": 4.715420560747664, "reusita": 32.71028037383177, "cnt": 107}, "CHIMIE ANORGANICA TEH NIVEL I/II": {"medie": 6.15, "reusita": 50.0, "cnt": 2}}, "nume": "LICEUL TEHNOLOGIC AGRICOL \"ALEXANDRU BORZA\" CIUMBRUD\tAlba"}