{"specializari": {"MATEMATICA-INFORMATICA": 562, "STIINTE ALE NATURII": 274, "FILOLOGIE": 577, "STIINTE SOCIALE": 402}, "limba_moderna": {"LIMBA ENGLEZA": 1744, "LIMBA FRANCEZA": 71}, "limba_materna": {"LIMBA ROMANA": 1815}, "promotie_anterioara": {"NU": 1765, "DA": 50}, "materii": {"LIMBA ROMANA": {"medie": 7.922148760330573, "reusita": 88.31955922865014, "cnt": 1815}, "MATEMATICA MATE-INFO": {"medie": 8.613879003558734, "reusita": 92.88256227758008, "cnt": 562}, "BIOLOGIE VEGETALA SI ANIMALA": {"medie": 7.761111111111112, "reusita": 100.0, "cnt": 9}, "GENERAL": {"medie": 8.147078053259882, "reusita": 93.55371900826445, "cnt": 1815}, "CHIMIE ORGANICA TEO NIVEL I/II": {"medie": 8.612871287128712, "reusita": 97.02970297029702, "cnt": 101}, "INFORMATICA MI C/C++": {"medie": 8.784313725490197, "reusita": 96.07843137254902, "cnt": 51}, "CHIMIE ANORGANICA TEO NIVEL I/II": {"medie": 7.849999999999999, "reusita": 100.0, "cnt": 3}, "ISTORIE": {"medie": 7.656996935648622, "reusita": 81.40960163432074, "cnt": 979}, "GEOGRAFIE": {"medie": 8.754044943820212, "reusita": 97.97752808988764, "cnt": 890}, "PSIHOLOGIE": {"medie": 8.47272727272727, "reusita": 100.0, "cnt": 11}, "MATEMATICA ST-NAT": {"medie": 7.5598540145985424, "reusita": 84.30656934306569, "cnt": 274}, "ANATOMIE SI FIZIOLOGIE UMANA, GENETICA SI ECOLOGIE UMANA": {"medie": 8.038548387096776, "reusita": 86.55913978494624, "cnt": 372}, "FIZICA TEO": {"medie": 8.886666666666668, "reusita": 95.33333333333334, "cnt": 300}, "FILOSOFIE": {"medie": 6.875, "reusita": 50.0, "cnt": 2}, "ECONOMIE": {"medie": 7.108695652173914, "reusita": 78.26086956521739, "cnt": 23}, "LOGICA, ARGUMENTARE SI COMUNICARE": {"medie": 8.710294117647058, "reusita": 94.11764705882352, "cnt": 34}, "SOCIOLOGIE": {"medie": 7.800000000000001, "reusita": 84.21052631578947, "cnt": 19}}, "nume": "LICEUL TEORETIC \"MIHAI VITEAZUL\" CARACAL\tOlt"}