{"specializari": {"TEHNICIAN IN AUTOMATIZARI": 224, "TEHNICIAN IN INSTALATII ELECTRICE": 289, "TEHNICIAN MECANIC PENTRU INTRETINERE SI REPARATII": 244, "TEHNICIAN ELECTROTEHNIST": 38, "TEHNICIAN OPERATOR TEHNICA DE CALCUL": 158, "MATEMATICA-INFORMATICA": 1}, "limba_moderna": {"LIMBA ENGLEZA": 866, "LIMBA FRANCEZA": 88}, "limba_materna": {"LIMBA ROMANA": 954}, "promotie_anterioara": {"NU": 706, "DA": 248}, "materii": {"LIMBA ROMANA": {"medie": 4.74213836477988, "reusita": 25.052410901467503, "cnt": 954}, "MATEMATICA MATE-INFO": {"medie": 5.55, "reusita": 0.0, "cnt": 1}, "BIOLOGIE VEGETALA SI ANIMALA": {"medie": 3.8298342541436403, "reusita": 23.204419889502763, "cnt": 724}, "GENERAL": {"medie": 4.522187281621248, "reusita": 25.471698113207548, "cnt": 954}, "ANATOMIE SI FIZIOLOGIE UMANA, GENETICA SI ECOLOGIE UMANA": {"medie": 8.3, "reusita": 100.0, "cnt": 1}, "MATEMATICA TEHN": {"medie": 4.520933892969571, "reusita": 36.41133263378804, "cnt": 953}, "FIZICA TEH": {"medie": 5.782456140350875, "reusita": 46.05263157894737, "cnt": 228}, "CHIMIE ORGANICA TEH NIVEL I/II": {"medie": 5.0, "reusita": 0.0, "cnt": 1}}, "nume": "LICEUL TEHNOLOGIC \"AXIOPOLIS\" CERNAVODA\tConstan\u021ba"}