{"specializari": {"FILOLOGIE": 428, "LICEU CU PROGRAM SPORTIV": 5, "STIINTE ALE NATURII": 554, "MATEMATICA-INFORMATICA": 255, "TEHNICIAN IN ACTIVITATI ECONOMICE": 207, "ORGANIZATOR BANQUETING": 3}, "limba_moderna": {"LIMBA ENGLEZA": 1118, "LIMBA FRANCEZA": 275, "LIMBA GERMANA MODERNA": 59}, "limba_materna": {"LIMBA ROMANA": 1452}, "promotie_anterioara": {"NU": 1208, "DA": 244}, "materii": {"LIMBA ROMANA": {"medie": 6.932093663911852, "reusita": 73.20936639118457, "cnt": 1452}, "MATEMATICA MATE-INFO": {"medie": 5.685686274509804, "reusita": 44.70588235294118, "cnt": 255}, "BIOLOGIE VEGETALA SI ANIMALA": {"medie": 7.532500000000001, "reusita": 90.0, "cnt": 20}, "GENERAL": {"medie": 6.723553719008271, "reusita": 64.46280991735537, "cnt": 1452}, "CHIMIE ORGANICA TEO NIVEL I/II": {"medie": 7.622222222222222, "reusita": 88.88888888888889, "cnt": 9}, "INFORMATICA MI C/C++": {"medie": 6.084375, "reusita": 56.25, "cnt": 16}, "CHIMIE ANORGANICA TEO NIVEL I/II": {"medie": 7.425, "reusita": 50.0, "cnt": 4}, "ISTORIE": {"medie": 7.1981524249422595, "reusita": 75.51963048498845, "cnt": 433}, "GEOGRAFIE": {"medie": 7.590740740740743, "reusita": 87.22222222222223, "cnt": 540}, "PSIHOLOGIE": {"medie": 7.146666666666665, "reusita": 80.0, "cnt": 15}, "MATEMATICA ST-NAT": {"medie": 5.020306859205778, "reusita": 35.1985559566787, "cnt": 554}, "ANATOMIE SI FIZIOLOGIE UMANA, GENETICA SI ECOLOGIE UMANA": {"medie": 6.867651006711411, "reusita": 72.61744966442953, "cnt": 745}, "FIZICA TEO": {"medie": 7.12, "reusita": 73.33333333333333, "cnt": 15}, "FILOSOFIE": {"medie": 7.0062500000000005, "reusita": 87.5, "cnt": 8}, "MATEMATICA TEHN": {"medie": 6.813809523809523, "reusita": 68.0952380952381, "cnt": 210}, "ECONOMIE": {"medie": 8.42, "reusita": 100.0, "cnt": 5}, "LOGICA, ARGUMENTARE SI COMUNICARE": {"medie": 7.6, "reusita": 100.0, "cnt": 1}, "SOCIOLOGIE": {"medie": 7.59662162162162, "reusita": 86.48648648648648, "cnt": 74}}, "nume": "LICEUL TEORETIC \"BOGDAN VODA\" VISEU DE SUS\tMaramure\u0219"}