{"specializari": {"TEHNICIAN ECOLOG SI PROTECTIA CALITATII MEDIULUI": 7, "TEHNICIAN IN ACTIVITATI DE COMERT": 2, "TEHNICIAN IN ACTIVITATI ECONOMICE": 3, "TEHNICIAN IN ACHIZITII SI CONTRACTARI": 4, "TEHNICIAN VETERINAR": 30, "COAFOR STILIST": 16, "TEHNICIAN IN GASTRONOMIE": 11, "TEHNICIAN HORTICULTOR": 1, "TEHNICIAN AGRONOM": 3, "TEHNICIAN IN INDUSTRIA ALIMENTARA": 4, "TEHNICIAN IN AGRICULTURA": 2}, "limba_moderna": {"LIMBA ENGLEZA": 58, "LIMBA FRANCEZA": 25}, "limba_materna": {"LIMBA ROMANA": 83}, "promotie_anterioara": {"DA": 42, "NU": 41}, "materii": {"LIMBA ROMANA": {"medie": 4.595180722891566, "reusita": 33.734939759036145, "cnt": 83}, "BIOLOGIE VEGETALA SI ANIMALA": {"medie": 4.7184782608695635, "reusita": 43.47826086956522, "cnt": 46}, "GENERAL": {"medie": 4.384939759036144, "reusita": 22.89156626506024, "cnt": 83}, "GEOGRAFIE": {"medie": 4.929166666666667, "reusita": 47.22222222222222, "cnt": 36}, "ANATOMIE SI FIZIOLOGIE UMANA, GENETICA SI ECOLOGIE UMANA": {"medie": 2.1, "reusita": 0.0, "cnt": 1}, "MATEMATICA TEHN": {"medie": 3.78132530120482, "reusita": 24.096385542168676, "cnt": 83}}, "nume": "LICEUL TEHNOLOGIC \"GHEORGHE K.CONSTANTINESCU\"\tBr\u0103ila"}