{"specializari": {"TEHNICIAN ECOLOG SI PROTECTIA CALITATII MEDIULUI": 131, "TEHNICIAN IN PRELUCRAREA LEMNULUI": 19, "TEHNICIAN IN TURISM": 75, "TEHNICIAN OPERATOR PROCESARE TEXT IMAGINE": 8, "TEHNICIAN PROIECTANT PRODUSE FINITE DIN LEMN": 43, "MATEMATICA-INFORMATICA": 38, "STIINTE ALE NATURII": 3}, "limba_moderna": {"LIMBA FRANCEZA": 42, "LIMBA ENGLEZA": 275}, "limba_materna": {"LIMBA ROMANA": 317}, "promotie_anterioara": {"NU": 236, "DA": 81}, "materii": {"LIMBA ROMANA": {"medie": 5.594479495268136, "reusita": 42.586750788643535, "cnt": 317}, "MATEMATICA MATE-INFO": {"medie": 6.560526315789475, "reusita": 65.78947368421053, "cnt": 38}, "BIOLOGIE VEGETALA SI ANIMALA": {"medie": 4.853801169590645, "reusita": 32.748538011695906, "cnt": 171}, "GENERAL": {"medie": 5.512618296529969, "reusita": 42.27129337539432, "cnt": 317}, "INFORMATICA MI C/C++": {"medie": 8.0375, "reusita": 100.0, "cnt": 4}, "CHIMIE ANORGANICA TEO NIVEL I/II": {"medie": 8.108695652173912, "reusita": 91.30434782608695, "cnt": 23}, "GEOGRAFIE": {"medie": 6.10967741935484, "reusita": 54.83870967741935, "cnt": 31}, "MATEMATICA ST-NAT": {"medie": 4.75, "reusita": 33.33333333333333, "cnt": 3}, "ANATOMIE SI FIZIOLOGIE UMANA, GENETICA SI ECOLOGIE UMANA": {"medie": 5.599999999999999, "reusita": 0.0, "cnt": 3}, "MATEMATICA TEHN": {"medie": 5.066485507246376, "reusita": 38.405797101449274, "cnt": 276}, "FIZICA TEH": {"medie": 8.45, "reusita": 100.0, "cnt": 2}, "LOGICA, ARGUMENTARE SI COMUNICARE": {"medie": 6.967045454545456, "reusita": 72.72727272727273, "cnt": 44}, "CHIMIE ANORGANICA TEH NIVEL I/II": {"medie": 5.70142857142857, "reusita": 51.42857142857142, "cnt": 35}, "CHIMIE ORGANICA TEH NIVEL I/II": {"medie": 7.325, "reusita": 75.0, "cnt": 4}}, "nume": "LICEUL TEHNOLOGIC \"VICTOR SLAVESCU\" RUCAR\tArge\u0219"}