{"specializari": {"STIINTE ALE NATURII": 67, "MATEMATICA-INFORMATICA": 1, "FILOLOGIE": 176}, "limba_moderna": {"LIMBA ENGLEZA": 231, "LIMBA FRANCEZA": 13}, "limba_materna": {"LIMBA ROMANA": 244}, "promotie_anterioara": {"NU": 206, "DA": 38}, "materii": {"LIMBA ROMANA": {"medie": 6.773360655737699, "reusita": 69.67213114754098, "cnt": 244}, "MATEMATICA MATE-INFO": {"medie": 1.0, "reusita": 0.0, "cnt": 1}, "BIOLOGIE VEGETALA SI ANIMALA": {"medie": 6.599264705882355, "reusita": 69.11764705882352, "cnt": 68}, "GENERAL": {"medie": 6.560928961748637, "reusita": 58.606557377049185, "cnt": 244}, "ISTORIE": {"medie": 6.3343750000000005, "reusita": 48.86363636363637, "cnt": 176}, "GEOGRAFIE": {"medie": 7.046774193548386, "reusita": 73.11827956989248, "cnt": 93}, "PSIHOLOGIE": {"medie": 8.35, "reusita": 100.0, "cnt": 1}, "MATEMATICA ST-NAT": {"medie": 5.570149253731344, "reusita": 37.3134328358209, "cnt": 67}, "FILOSOFIE": {"medie": 6.133333333333333, "reusita": 66.66666666666666, "cnt": 3}, "LOGICA, ARGUMENTARE SI COMUNICARE": {"medie": 6.708860759493674, "reusita": 64.55696202531645, "cnt": 79}}, "nume": "LICEUL TEORETIC \"GHEORGHE LAZAR\" AVRIG\tSibiu"}