{"specializari": {"TEHNICIAN IN ACTIVITATI ECONOMICE": 184, "TEHNICIAN IN AGRICULTURA": 102, "TEHNICIAN MECANIC PENTRU INTRETINERE SI REPARATII": 13, "MATEMATICA-INFORMATICA": 5, "TEHNICIAN AGROMONTAN": 1, "TEHNICIAN IN PRELUCRAREA LEMNULUI": 18, "TEHNICIAN INSTALATOR PENTRU CONSTRUCTII": 1, "TEHNICIAN DESIGNER VESTIMENTAR": 1}, "limba_moderna": {"LIMBA ENGLEZA": 265, "LIMBA FRANCEZA": 60}, "limba_materna": {"LIMBA ROMANA": 325}, "promotie_anterioara": {"NU": 236, "DA": 89}, "materii": {"LIMBA ROMANA": {"medie": 4.8978461538461575, "reusita": 32.0, "cnt": 325}, "MATEMATICA MATE-INFO": {"medie": 5.75, "reusita": 60.0, "cnt": 5}, "BIOLOGIE VEGETALA SI ANIMALA": {"medie": 2.325, "reusita": 3.125, "cnt": 32}, "GENERAL": {"medie": 4.762051282051281, "reusita": 30.461538461538463, "cnt": 325}, "GEOGRAFIE": {"medie": 6.917119565217392, "reusita": 72.82608695652173, "cnt": 184}, "ANATOMIE SI FIZIOLOGIE UMANA, GENETICA SI ECOLOGIE UMANA": {"medie": 3.167129629629628, "reusita": 18.51851851851852, "cnt": 108}, "MATEMATICA TEHN": {"medie": 4.163281249999997, "reusita": 28.125, "cnt": 320}, "FIZICA TEH": {"medie": 1.0, "reusita": 0.0, "cnt": 1}}, "nume": "LICEUL TEHNOLOGIC VITOMIRESTI\tOlt"}