{"specializari": {"TEOLOGIE ADVENTISTA": 199, "MATEMATICA-INFORMATICA": 81}, "limba_moderna": {"LIMBA ENGLEZA": 251, "LIMBA FRANCEZA": 29}, "limba_materna": {"LIMBA ROMANA": 280}, "promotie_anterioara": {"NU": 257, "DA": 23}, "materii": {"LIMBA ROMANA": {"medie": 7.465714285714275, "reusita": 82.5, "cnt": 280}, "MATEMATICA MATE-INFO": {"medie": 6.84814814814815, "reusita": 69.1358024691358, "cnt": 81}, "GENERAL": {"medie": 7.612083333333331, "reusita": 87.14285714285714, "cnt": 280}, "CHIMIE ORGANICA TEO NIVEL I/II": {"medie": 8.45, "reusita": 100.0, "cnt": 1}, "INFORMATICA MI C/C++": {"medie": 7.042857142857143, "reusita": 71.42857142857143, "cnt": 7}, "ISTORIE": {"medie": 7.816331658291458, "reusita": 84.92462311557789, "cnt": 199}, "GEOGRAFIE": {"medie": 7.798177083333332, "reusita": 88.02083333333334, "cnt": 192}, "PSIHOLOGIE": {"medie": 8.0, "reusita": 100.0, "cnt": 3}, "ANATOMIE SI FIZIOLOGIE UMANA, GENETICA SI ECOLOGIE UMANA": {"medie": 8.080555555555556, "reusita": 88.88888888888889, "cnt": 72}, "FIZICA TEO": {"medie": 7.1, "reusita": 100.0, "cnt": 1}, "LOGICA, ARGUMENTARE SI COMUNICARE": {"medie": 6.425, "reusita": 75.0, "cnt": 4}}, "nume": "LICEUL TEOLOGIC ADVENTIST CRAIOVA\tDolj"}