{"specializari": {"TEHNICIAN ANALIZE PRODUSE ALIMENTARE": 253, "TEHNICIAN IN PRELUCRAREA PRODUSELOR DE ORIGINE ANIMALA": 146, "TEHNICIAN IN AGRICULTURA ECOLOGICA": 59, "TEHNICIAN IN INDUSTRIA ALIMENTARA": 13, "TEHNICIAN VETERINAR": 144, "TEHNICIAN IN AGRICULTURA": 3, "TEHNICIAN VETERINAR PENTRU ANIMALE DE COMPANIE": 7, "TEHNICIAN ECOLOG SI PROTECTIA CALITATII MEDIULUI": 26, "TEHNICIAN MECANIC PENTRU INTRETINERE SI REPARATII": 1, "STIINTE ALE NATURII": 28}, "limba_moderna": {"LIMBA ENGLEZA": 622, "LIMBA FRANCEZA": 58}, "limba_materna": {"LIMBA ROMANA": 680}, "promotie_anterioara": {"NU": 414, "DA": 266}, "materii": {"LIMBA ROMANA": {"medie": 5.512573529411765, "reusita": 38.6764705882353, "cnt": 680}, "BIOLOGIE VEGETALA SI ANIMALA": {"medie": 4.942432432432437, "reusita": 35.13513513513514, "cnt": 370}, "GENERAL": {"medie": 4.987450980392155, "reusita": 27.647058823529413, "cnt": 680}, "CHIMIE ORGANICA TEO NIVEL I/II": {"medie": 1.0, "reusita": 0.0, "cnt": 1}, "MATEMATICA ST-NAT": {"medie": 2.5037037037037035, "reusita": 11.11111111111111, "cnt": 27}, "ANATOMIE SI FIZIOLOGIE UMANA, GENETICA SI ECOLOGIE UMANA": {"medie": 5.184860557768922, "reusita": 38.645418326693225, "cnt": 251}, "MATEMATICA TEHN": {"medie": 4.4699846860643175, "reusita": 28.024502297090354, "cnt": 653}, "FIZICA TEH": {"medie": 2.0333333333333337, "reusita": 0.0, "cnt": 3}, "CHIMIE ANORGANICA TEH NIVEL I/II": {"medie": 5.08, "reusita": 40.0, "cnt": 5}, "CHIMIE ORGANICA TEH NIVEL I/II": {"medie": 5.535000000000001, "reusita": 36.0, "cnt": 50}}, "nume": "LICEUL TEHNOLOGIC DE INDUSTRIE ALIMENTARA ARAD\tArad"}