{"specializari": {"TEHNICIAN IN GASTRONOMIE": 136, "TEHNICIAN ANALIZE PRODUSE ALIMENTARE": 83, "TEHNICIAN IN ACTIVITATI ECONOMICE": 211, "MATEMATICA-INFORMATICA": 66, "TEHNICIAN CHIMIST DE LABORATOR": 65, "TEHNICIAN IN INDUSTRIA ALIMENTARA": 27, "STIINTE ALE NATURII": 3, "TEHNICIAN MECATRONIST": 17, "TEHNICIAN MECANIC PENTRU INTRETINERE SI REPARATII": 16, "TEHNICIAN IN ACTIVITATI DE COMERT": 1}, "limba_moderna": {"LIMBA ENGLEZA": 567, "LIMBA FRANCEZA": 58}, "limba_materna": {"LIMBA ROMANA": 625}, "promotie_anterioara": {"NU": 400, "DA": 225}, "materii": {"LIMBA ROMANA": {"medie": 5.505760000000003, "reusita": 36.16, "cnt": 625}, "MATEMATICA MATE-INFO": {"medie": 3.6901515151515154, "reusita": 6.0606060606060606, "cnt": 66}, "BIOLOGIE VEGETALA SI ANIMALA": {"medie": 3.9872727272727273, "reusita": 23.636363636363637, "cnt": 55}, "GENERAL": {"medie": 5.331519999999998, "reusita": 30.240000000000002, "cnt": 625}, "CHIMIE ORGANICA TEO NIVEL I/II": {"medie": 4.3875, "reusita": 0.0, "cnt": 4}, "GEOGRAFIE": {"medie": 7.136925287356323, "reusita": 81.03448275862068, "cnt": 348}, "MATEMATICA ST-NAT": {"medie": 3.966666666666667, "reusita": 0.0, "cnt": 3}, "ANATOMIE SI FIZIOLOGIE UMANA, GENETICA SI ECOLOGIE UMANA": {"medie": 5.780000000000001, "reusita": 49.375, "cnt": 160}, "FIZICA TEO": {"medie": 5.35, "reusita": 50.0, "cnt": 2}, "MATEMATICA TEHN": {"medie": 4.367446043165463, "reusita": 23.021582733812952, "cnt": 556}, "FIZICA TEH": {"medie": 3.5948717948717936, "reusita": 5.128205128205128, "cnt": 39}, "CHIMIE ANORGANICA TEH NIVEL I/II": {"medie": 4.503333333333333, "reusita": 33.33333333333333, "cnt": 15}, "CHIMIE ORGANICA TEH NIVEL I/II": {"medie": 4.0, "reusita": 0.0, "cnt": 2}}, "nume": "LICEUL TEHNOLOGIC DE INDUSTRIE ALIMENTARA FETESTI\tIalomi\u021ba"}