{"specializari": {"TEHNICIAN MECANIC PENTRU INTRETINERE SI REPARATII": 16, "TEHNICIAN INSTALATOR PENTRU CONSTRUCTII": 19, "TEHNICIAN DESENATOR PENTRU CONSTRUCTII SI INSTALATII": 6, "TEHNICIAN IN INSTALATII ELECTRICE": 3, "TEHNICIAN MECATRONIST": 13, "TEHNICIAN IN CONSTRUCTII SI LUCRARI PUBLICE": 10, "LICEU CU PROGRAM SPORTIV": 9}, "limba_moderna": {"LIMBA ENGLEZA": 68, "LIMBA FRANCEZA": 8}, "limba_materna": {"LIMBA ROMANA": 76}, "promotie_anterioara": {"NU": 38, "DA": 38}, "materii": {"LIMBA ROMANA": {"medie": 4.6519736842105255, "reusita": 19.736842105263158, "cnt": 76}, "BIOLOGIE VEGETALA SI ANIMALA": {"medie": 4.77258064516129, "reusita": 32.25806451612903, "cnt": 31}, "GENERAL": {"medie": 4.260964912280701, "reusita": 18.421052631578945, "cnt": 76}, "ISTORIE": {"medie": 6.322222222222223, "reusita": 66.66666666666666, "cnt": 9}, "GEOGRAFIE": {"medie": 6.455555555555556, "reusita": 66.66666666666666, "cnt": 9}, "MATEMATICA TEHN": {"medie": 3.9805970149253747, "reusita": 26.865671641791046, "cnt": 67}, "FIZICA TEH": {"medie": 2.4542857142857146, "reusita": 0.0, "cnt": 35}, "CHIMIE ORGANICA TEH NIVEL I/II": {"medie": 2.4, "reusita": 0.0, "cnt": 1}}, "nume": "LICEUL TEHNOLOGIC \"NICOLAE MIHAESCU\" TARGOVISTE\tD\u00e2mbovi\u021ba"}