{"specializari": {"STIINTE ALE NATURII": 222, "TEHNICIAN ECOLOG SI PROTECTIA CALITATII MEDIULUI": 175, "TEHNICIAN IN INDUSTRIA ALIMENTARA": 1, "TEHNICIAN IN MORARIT, PANIFICATIE SI PRODUSE FAINOASE": 16}, "limba_moderna": {"LIMBA ENGLEZA": 414}, "limba_materna": {"LIMBA ROMANA": 414}, "promotie_anterioara": {"NU": 311, "DA": 103}, "materii": {"LIMBA ROMANA": {"medie": 5.111352657004833, "reusita": 36.231884057971016, "cnt": 414}, "BIOLOGIE VEGETALA SI ANIMALA": {"medie": 3.954929577464789, "reusita": 22.535211267605636, "cnt": 71}, "GENERAL": {"medie": 4.438808373590986, "reusita": 20.77294685990338, "cnt": 414}, "MATEMATICA ST-NAT": {"medie": 3.7414414414414416, "reusita": 23.873873873873876, "cnt": 222}, "ANATOMIE SI FIZIOLOGIE UMANA, GENETICA SI ECOLOGIE UMANA": {"medie": 4.758309037900872, "reusita": 36.44314868804665, "cnt": 343}, "MATEMATICA TEHN": {"medie": 3.4031249999999975, "reusita": 18.75, "cnt": 192}}, "nume": "LICEUL TEHNOLOGIC COGEALAC\tConstan\u021ba"}