{"specializari": {"TEHNICIAN OPERATOR PROCESARE TEXT IMAGINE": 269, "TEHNICIAN PROIECTANT CAD": 197, "TEHNICIAN MECATRONIST": 245, "TEHNICIAN IN AUTOMATIZARI": 92, "TEHNICIAN DE TELECOMUNICATII": 84, "TEHNICIAN IN INSTALATII ELECTRICE": 210, "TEHNICIAN MECANIC PENTRU INTRETINERE SI REPARATII": 31, "TEHNICIAN ELECTROMECANIC": 240, "TEHNICIAN OPERATOR TEHNICA DE CALCUL": 217, "TEHNICIAN PRELUCRARI LA CALD": 24, "TEHNICIAN INSTALATOR PENTRU CONSTRUCTII": 73, "STIINTE ALE NATURII": 1}, "limba_moderna": {"LIMBA FRANCEZA": 771, "LIMBA ENGLEZA": 912}, "limba_materna": {"LIMBA ROMANA": 1683}, "promotie_anterioara": {"NU": 1091, "DA": 592}, "materii": {"LIMBA ROMANA": {"medie": 4.841592394533573, "reusita": 25.60903149138443, "cnt": 1683}, "BIOLOGIE VEGETALA SI ANIMALA": {"medie": 4.063806888068881, "reusita": 24.108241082410824, "cnt": 1626}, "GENERAL": {"medie": 4.301772628243218, "reusita": 17.231134878193703, "cnt": 1683}, "MATEMATICA ST-NAT": {"medie": 7.35, "reusita": 100.0, "cnt": 1}, "MATEMATICA TEHN": {"medie": 3.9959274673008385, "reusita": 24.37574316290131, "cnt": 1682}, "FIZICA TEH": {"medie": 4.349019607843138, "reusita": 17.647058823529413, "cnt": 51}, "CHIMIE ANORGANICA TEH NIVEL I/II": {"medie": 2.2, "reusita": 0.0, "cnt": 6}}, "nume": "LICEUL TEHNOLOGIC \"IORDACHE GOLESCU\" GAESTI\tD\u00e2mbovi\u021ba"}