{"specializari": {"TEHNICIAN OPERATOR TEHNICA DE CALCUL": 81, "TEHNICIAN MECANIC PENTRU INTRETINERE SI REPARATII": 155, "TEHNICIAN ELECTROMECANIC": 175, "TEHNICIAN PROIECTANT CAD": 100, "TEHNICIAN MECATRONIST": 78, "COAFOR STILIST": 57, "TEHNICIAN IN INSTALATII ELECTRICE": 2, "TEHNICIAN IN INDUSTRIA TEXTILA": 2, "TEHNICIAN DESIGNER VESTIMENTAR": 3, "LICEU CU PROGRAM SPORTIV": 16, "TEHNICIAN IN CONSTRUCTII SI LUCRARI PUBLICE": 1}, "limba_moderna": {"LIMBA ENGLEZA": 657, "LIMBA FRANCEZA": 13}, "limba_materna": {"LIMBA ROMANA": 670}, "promotie_anterioara": {"NU": 399, "DA": 271}, "materii": {"LIMBA ROMANA": {"medie": 4.595746268656715, "reusita": 20.44776119402985, "cnt": 670}, "BIOLOGIE VEGETALA SI ANIMALA": {"medie": 3.341647058823532, "reusita": 10.823529411764705, "cnt": 425}, "GENERAL": {"medie": 4.220970149253728, "reusita": 12.985074626865673, "cnt": 670}, "ISTORIE": {"medie": 4.8, "reusita": 12.5, "cnt": 16}, "GEOGRAFIE": {"medie": 5.024305555555555, "reusita": 41.66666666666667, "cnt": 72}, "ANATOMIE SI FIZIOLOGIE UMANA, GENETICA SI ECOLOGIE UMANA": {"medie": 2.9, "reusita": 0.0, "cnt": 1}, "MATEMATICA TEHN": {"medie": 4.24006116207951, "reusita": 28.593272171253826, "cnt": 654}, "FIZICA TEH": {"medie": 4.773076923076924, "reusita": 33.07692307692307, "cnt": 130}, "LOGICA, ARGUMENTARE SI COMUNICARE": {"medie": 8.4, "reusita": 100.0, "cnt": 1}, "CHIMIE ANORGANICA TEH NIVEL I/II": {"medie": 3.551315789473685, "reusita": 10.526315789473683, "cnt": 38}, "CHIMIE ORGANICA TEH NIVEL I/II": {"medie": 2.1666666666666665, "reusita": 0.0, "cnt": 3}}, "nume": "LICEUL TEHNOLOGIC \"ION BANESCU\" MANGALIA\tConstan\u021ba"}