{"specializari": {"TEHNICIAN ECOLOG SI PROTECTIA CALITATII MEDIULUI": 37, "TEHNICIAN OPERATOR TEHNICA DE CALCUL": 16}, "limba_moderna": {"LIMBA ENGLEZA": 53}, "limba_materna": {"LIMBA ROMANA": 53}, "promotie_anterioara": {"NU": 48, "DA": 5}, "materii": {"LIMBA ROMANA": {"medie": 3.84056603773585, "reusita": 20.754716981132077, "cnt": 53}, "BIOLOGIE VEGETALA SI ANIMALA": {"medie": 4.012820512820513, "reusita": 28.205128205128204, "cnt": 39}, "GENERAL": {"medie": 3.646226415094339, "reusita": 15.09433962264151, "cnt": 53}, "ANATOMIE SI FIZIOLOGIE UMANA, GENETICA SI ECOLOGIE UMANA": {"medie": 3.6607142857142856, "reusita": 21.428571428571427, "cnt": 14}, "MATEMATICA TEHN": {"medie": 3.1783018867924526, "reusita": 18.867924528301888, "cnt": 53}}, "nume": "LICEUL SPECIAL \"SFANTA MARIA\" ARAD\tArad"}