{"specializari": {"MUZICA": 154, "ARTE PLASTICE SI DECORATIVE": 152, "ARHITECTURA, ARTE AMBIENTALE SI DESIGN": 71}, "limba_moderna": {"LIMBA ENGLEZA": 356, "LIMBA GERMANA MODERNA": 21}, "limba_materna": {"LIMBA MAGHIARA": 377}, "promotie_anterioara": {"NU": 315, "DA": 62}, "materii": {"LIMBA ROMANA": {"medie": 4.7600795755968175, "reusita": 26.525198938992045, "cnt": 377}, "GENERAL": {"medie": 6.723076923076924, "reusita": 55.172413793103445, "cnt": 377}, "ISTORIE": {"medie": 6.764058355437669, "reusita": 64.9867374005305, "cnt": 377}, "GEOGRAFIE": {"medie": 8.170447284345043, "reusita": 95.84664536741214, "cnt": 313}, "PSIHOLOGIE": {"medie": 3.875, "reusita": 50.0, "cnt": 2}, "FILOSOFIE": {"medie": 6.771774193548387, "reusita": 69.35483870967742, "cnt": 62}, "LIMBA MAGHIARA (REAL)": {"medie": 7.450530503978785, "reusita": 87.0026525198939, "cnt": 377}}, "nume": "LICEUL DE ARTE \"DR.PALLO IMRE\" ODORHEIU SECUIESC\tHarghita"}