{"specializari": {"TEHNICIAN MECATRONIST": 12, "TEHNICIAN ELECTRONIST": 95, "TEHNICIAN IN AUTOMATIZARI": 7, "TEHNICIAN MECANIC PENTRU INTRETINERE SI REPARATII": 4, "TEHNICIAN PROIECTANT CAD": 41, "TEHNICIAN OPERATOR TEHNICA DE CALCUL": 2, "TEHNICIAN METROLOG": 1, "TEHNICIAN IN INSTALATII ELECTRICE": 2, "TEHNICIAN ELECTROTEHNIST": 3, "TEHNICIAN TRANSPORTURI": 4, "TEHNICIAN ELECTROMECANIC": 10, "TEHNICIAN CONSTRUCTII NAVALE": 8, "TEHNICIAN OPERATOR PROCESARE TEXT IMAGINE": 2}, "limba_moderna": {"LIMBA ENGLEZA": 178, "LIMBA FRANCEZA": 13}, "limba_materna": {"LIMBA ROMANA": 191}, "promotie_anterioara": {"NU": 136, "DA": 55}, "materii": {"LIMBA ROMANA": {"medie": 4.734293193717278, "reusita": 29.31937172774869, "cnt": 191}, "BIOLOGIE VEGETALA SI ANIMALA": {"medie": 3.926315789473684, "reusita": 21.052631578947366, "cnt": 171}, "GENERAL": {"medie": 4.311867364746943, "reusita": 18.848167539267017, "cnt": 191}, "MATEMATICA TEHN": {"medie": 4.245287958115183, "reusita": 28.272251308900525, "cnt": 191}, "FIZICA TEH": {"medie": 4.357894736842105, "reusita": 15.789473684210526, "cnt": 19}, "CHIMIE ANORGANICA TEH NIVEL I/II": {"medie": 1.4, "reusita": 0.0, "cnt": 1}}, "nume": "LICEUL TEHNOLOGIC \"ANGHEL SALIGNY\" TULCEA\tTulcea"}