{"specializari": {"MATEMATICA-INFORMATICA": 132, "TEHNICIAN OPERATOR TEHNICA DE CALCUL": 264, "TEHNICIAN IN TURISM": 4, "STIINTE ALE NATURII": 1, "TEHNICIAN OPERATORI ROBOTI INDUSTRIALI": 1}, "limba_moderna": {"LIMBA ENGLEZA": 387, "LIMBA FRANCEZA": 14, "LIMBA GERMANA MODERNA": 1}, "limba_materna": {"LIMBA ROMANA": 402}, "promotie_anterioara": {"NU": 310, "DA": 92}, "materii": {"LIMBA ROMANA": {"medie": 5.682835820895518, "reusita": 45.27363184079602, "cnt": 402}, "MATEMATICA MATE-INFO": {"medie": 4.690909090909091, "reusita": 28.030303030303028, "cnt": 132}, "BIOLOGIE VEGETALA SI ANIMALA": {"medie": 4.818126888217519, "reusita": 32.3262839879154, "cnt": 331}, "GENERAL": {"medie": 5.307089552238802, "reusita": 34.57711442786069, "cnt": 402}, "CHIMIE ORGANICA TEO NIVEL I/II": {"medie": 7.35, "reusita": 100.0, "cnt": 1}, "INFORMATICA MI C/C++": {"medie": 5.591836734693879, "reusita": 38.775510204081634, "cnt": 49}, "GEOGRAFIE": {"medie": 4.012499999999999, "reusita": 0.0, "cnt": 4}, "MATEMATICA ST-NAT": {"medie": 1.0, "reusita": 0.0, "cnt": 1}, "ANATOMIE SI FIZIOLOGIE UMANA, GENETICA SI ECOLOGIE UMANA": {"medie": 6.4, "reusita": 75.0, "cnt": 4}, "MATEMATICA TEHN": {"medie": 5.5697026022304845, "reusita": 50.55762081784386, "cnt": 269}, "FIZICA TEH": {"medie": 5.706249999999999, "reusita": 62.5, "cnt": 8}, "CHIMIE ANORGANICA TEH NIVEL I/II": {"medie": 8.775, "reusita": 100.0, "cnt": 2}, "CHIMIE ORGANICA TEH NIVEL I/II": {"medie": 5.466666666666668, "reusita": 66.66666666666666, "cnt": 3}}, "nume": "LICEUL TEHNOLOGIC \"IULIU MANIU\" ARAD\tArad"}