{"specializari": {"MATEMATICA-INFORMATICA": 75, "TEOLOGIE REFORMATA": 145, "TEHNICIAN ELECTROTEHNIST": 64}, "limba_moderna": {"LIMBA ENGLEZA": 251, "LIMBA GERMANA MODERNA": 33}, "limba_materna": {"LIMBA MAGHIARA": 284}, "promotie_anterioara": {"NU": 214, "DA": 70}, "materii": {"LIMBA ROMANA": {"medie": 4.692605633802818, "reusita": 21.12676056338028, "cnt": 284}, "MATEMATICA MATE-INFO": {"medie": 5.690000000000003, "reusita": 42.66666666666667, "cnt": 75}, "BIOLOGIE VEGETALA SI ANIMALA": {"medie": 5.383333333333333, "reusita": 38.88888888888889, "cnt": 18}, "GENERAL": {"medie": 5.856707746478875, "reusita": 42.25352112676056, "cnt": 284}, "CHIMIE ORGANICA TEO NIVEL I/II": {"medie": 5.400000000000001, "reusita": 33.33333333333333, "cnt": 3}, "INFORMATICA MI C/C++": {"medie": 7.9, "reusita": 100.0, "cnt": 2}, "CHIMIE ANORGANICA TEO NIVEL I/II": {"medie": 3.7428571428571433, "reusita": 14.285714285714285, "cnt": 7}, "ISTORIE": {"medie": 6.4935862068965475, "reusita": 57.931034482758626, "cnt": 145}, "GEOGRAFIE": {"medie": 7.151503759398501, "reusita": 80.45112781954887, "cnt": 133}, "PSIHOLOGIE": {"medie": 7.271428571428571, "reusita": 85.71428571428571, "cnt": 7}, "ANATOMIE SI FIZIOLOGIE UMANA, GENETICA SI ECOLOGIE UMANA": {"medie": 7.202631578947369, "reusita": 84.21052631578947, "cnt": 19}, "FIZICA TEO": {"medie": 5.599999999999999, "reusita": 0.0, "cnt": 3}, "FILOSOFIE": {"medie": 5.1, "reusita": 0.0, "cnt": 5}, "MATEMATICA TEHN": {"medie": 4.765625, "reusita": 32.8125, "cnt": 64}, "FIZICA TEH": {"medie": 4.610227272727273, "reusita": 22.727272727272727, "cnt": 44}, "INFORMATICA MI PASCAL": {"medie": 6.116666666666667, "reusita": 50.0, "cnt": 42}, "LIMBA MAGHIARA (REAL)": {"medie": 6.498591549295774, "reusita": 60.91549295774647, "cnt": 284}, "CHIMIE ORGANICA TEH NIVEL I/II": {"medie": 5.55, "reusita": 0.0, "cnt": 1}}, "nume": "LICEUL REFORMAT \"LORANTFFY ZSUZSANNA\" ORADEA\tBihor"}