{"specializari": {"TEHNICIAN ECOLOG SI PROTECTIA CALITATII MEDIULUI": 254, "TEHNICIAN DESENATOR PENTRU CONSTRUCTII SI INSTALATII": 190, "TEHNICIAN IN CONSTRUCTII SI LUCRARI PUBLICE": 55, "ARHITECTURA, ARTE AMBIENTALE SI DESIGN": 177}, "limba_moderna": {"LIMBA ENGLEZA": 606, "LIMBA GERMANA MODERNA": 70}, "limba_materna": {"LIMBA MAGHIARA": 676}, "promotie_anterioara": {"NU": 470, "DA": 206}, "materii": {"LIMBA ROMANA": {"medie": 3.6034023668639033, "reusita": 7.988165680473373, "cnt": 676}, "BIOLOGIE VEGETALA SI ANIMALA": {"medie": 5.86446315789473, "reusita": 55.78947368421052, "cnt": 475}, "GENERAL": {"medie": 5.23390162721894, "reusita": 20.857988165680474, "cnt": 676}, "ISTORIE": {"medie": 6.131638418079098, "reusita": 48.58757062146893, "cnt": 177}, "GEOGRAFIE": {"medie": 6.691221374045806, "reusita": 68.70229007633588, "cnt": 131}, "PSIHOLOGIE": {"medie": 5.9818181818181815, "reusita": 54.54545454545454, "cnt": 44}, "ANATOMIE SI FIZIOLOGIE UMANA, GENETICA SI ECOLOGIE UMANA": {"medie": 7.666666666666667, "reusita": 100.0, "cnt": 3}, "MATEMATICA TEHN": {"medie": 4.558216432865729, "reusita": 26.052104208416832, "cnt": 499}, "FIZICA TEH": {"medie": 3.05, "reusita": 25.0, "cnt": 4}, "LOGICA, ARGUMENTARE SI COMUNICARE": {"medie": 6.15, "reusita": 50.0, "cnt": 2}, "LIMBA MAGHIARA (REAL)": {"medie": 6.342751479289944, "reusita": 64.49704142011834, "cnt": 676}, "CHIMIE ORGANICA TEH NIVEL I/II": {"medie": 5.655882352941176, "reusita": 52.94117647058824, "cnt": 17}}, "nume": "LICEUL TEHNOLOGIC \"KOS KAROLY\" MIERCUREA CIUC\tHarghita"}