{"specializari": {"TEHNICIAN IN ACTIVITATI DE COMERT": 82, "MATEMATICA-INFORMATICA": 1}, "limba_moderna": {"LIMBA ENGLEZA": 76, "LIMBA FRANCEZA": 1, "LIMBA GERMANA MODERNA": 6}, "limba_materna": {"LIMBA ROMANA": 83}, "promotie_anterioara": {"NU": 52, "DA": 31}, "materii": {"LIMBA ROMANA": {"medie": 5.515060240963855, "reusita": 38.55421686746988, "cnt": 83}, "MATEMATICA MATE-INFO": {"medie": 1.0, "reusita": 0.0, "cnt": 1}, "GENERAL": {"medie": 5.494578313253015, "reusita": 30.120481927710845, "cnt": 83}, "GEOGRAFIE": {"medie": 6.399390243902437, "reusita": 65.85365853658537, "cnt": 82}, "ANATOMIE SI FIZIOLOGIE UMANA, GENETICA SI ECOLOGIE UMANA": {"medie": 2.6, "reusita": 0.0, "cnt": 1}, "MATEMATICA TEHN": {"medie": 4.659146341463416, "reusita": 23.170731707317074, "cnt": 82}}, "nume": "LICEUL TEHNOLOGIC \"ILIE MACELARIU\" MIERCUREA SIBIULUI\tSibiu"}