{"specializari": {"MATEMATICA-INFORMATICA": 286, "TEHNICIAN IN AUTOMATIZARI": 87, "TEHNICIAN DE TELECOMUNICATII": 139, "TEHNICIAN OPERATOR TEHNICA DE CALCUL": 79, "TEHNICIAN ELECTRONIST": 68, "TEHNICIAN MECATRONIST": 87, "TEHNICIAN PRELUCRARI LA CALD": 74, "TEHNICIAN IN INSTALATII ELECTRICE": 143, "TEHNICIAN MECANIC PENTRU INTRETINERE SI REPARATII": 24, "TEHNICIAN PROIECTANT CAD": 25, "TEHNICIAN OPERATOR TELEMATICA": 37}, "limba_moderna": {"LIMBA FRANCEZA": 155, "LIMBA ENGLEZA": 894}, "limba_materna": {"LIMBA ROMANA": 1049}, "promotie_anterioara": {"NU": 718, "DA": 331}, "materii": {"LIMBA ROMANA": {"medie": 4.451286939942805, "reusita": 21.830314585319353, "cnt": 1049}, "MATEMATICA MATE-INFO": {"medie": 2.9655594405594417, "reusita": 11.188811188811188, "cnt": 286}, "BIOLOGIE VEGETALA SI ANIMALA": {"medie": 2.9523012552301253, "reusita": 11.715481171548117, "cnt": 956}, "GENERAL": {"medie": 3.400714966634887, "reusita": 9.437559580552907, "cnt": 1049}, "INFORMATICA MI C/C++": {"medie": 5.119230769230769, "reusita": 46.15384615384615, "cnt": 13}, "ANATOMIE SI FIZIOLOGIE UMANA, GENETICA SI ECOLOGIE UMANA": {"medie": 4.51470588235294, "reusita": 47.05882352941176, "cnt": 17}, "FIZICA TEO": {"medie": 3.0153846153846158, "reusita": 23.076923076923077, "cnt": 13}, "MATEMATICA TEHN": {"medie": 2.7167758846657932, "reusita": 10.35386631716907, "cnt": 763}, "FIZICA TEH": {"medie": 2.0855555555555556, "reusita": 0.0, "cnt": 45}, "CHIMIE ANORGANICA TEH NIVEL I/II": {"medie": 2.983333333333333, "reusita": 0.0, "cnt": 3}, "CHIMIE ORGANICA TEH NIVEL I/II": {"medie": 1.95, "reusita": 0.0, "cnt": 2}}, "nume": "LICEUL TEHNOLOGIC \"DOMNUL TUDOR\"\tMehedin\u021bi"}