{"specializari": {"TEHNICIAN ECOLOG SI PROTECTIA CALITATII MEDIULUI": 59, "TEHNICIAN IN ACTIVITATI ECONOMICE": 150, "TEHNICIAN MECATRONIST": 42, "TEHNICIAN MECANIC PENTRU INTRETINERE SI REPARATII": 16}, "limba_moderna": {"LIMBA FRANCEZA": 131, "LIMBA ENGLEZA": 136}, "limba_materna": {"LIMBA ROMANA": 267}, "promotie_anterioara": {"NU": 213, "DA": 54}, "materii": {"LIMBA ROMANA": {"medie": 4.719101123595505, "reusita": 31.086142322097377, "cnt": 267}, "BIOLOGIE VEGETALA SI ANIMALA": {"medie": 3.3112903225806445, "reusita": 11.827956989247312, "cnt": 93}, "GENERAL": {"medie": 4.7958177278402, "reusita": 30.337078651685395, "cnt": 267}, "GEOGRAFIE": {"medie": 7.317449664429533, "reusita": 78.52348993288591, "cnt": 149}, "PSIHOLOGIE": {"medie": 7.3, "reusita": 100.0, "cnt": 1}, "ANATOMIE SI FIZIOLOGIE UMANA, GENETICA SI ECOLOGIE UMANA": {"medie": 4.386111111111111, "reusita": 22.22222222222222, "cnt": 18}, "MATEMATICA TEHN": {"medie": 4.078089887640451, "reusita": 28.46441947565543, "cnt": 267}, "FIZICA TEH": {"medie": 1.3499999999999999, "reusita": 0.0, "cnt": 6}}, "nume": "LICEUL TEHNOLOGIC \"LIVIU REBREANU\" MOZACENI\tArge\u0219"}