{"specializari": {"TEHNICIAN ECOLOG SI PROTECTIA CALITATII MEDIULUI": 259, "TEHNICIAN DESIGNER MOBILA SI AMENAJARI INTERIOARE": 166, "TEHNICIAN IN SILVICULTURA SI EXPLOATARI FORESTIERE": 211, "TEHNICIAN INSTALATOR PENTRU CONSTRUCTII": 64, "TEHNICIAN MECANIC PENTRU INTRETINERE SI REPARATII": 100, "TEHNICIAN IN PRELUCRAREA LEMNULUI": 30}, "limba_moderna": {"LIMBA ENGLEZA": 585, "LIMBA FRANCEZA": 222, "LIMBA GERMANA MODERNA": 23}, "limba_materna": {"LIMBA ROMANA": 830}, "promotie_anterioara": {"NU": 579, "DA": 251}, "materii": {"LIMBA ROMANA": {"medie": 4.956807228915665, "reusita": 34.33734939759036, "cnt": 830}, "BIOLOGIE VEGETALA SI ANIMALA": {"medie": 4.265197841726619, "reusita": 27.33812949640288, "cnt": 556}, "GENERAL": {"medie": 4.543714859437748, "reusita": 26.265060240963855, "cnt": 830}, "ANATOMIE SI FIZIOLOGIE UMANA, GENETICA SI ECOLOGIE UMANA": {"medie": 5.960222222222219, "reusita": 59.111111111111114, "cnt": 225}, "MATEMATICA TEHN": {"medie": 4.067289156626506, "reusita": 26.265060240963855, "cnt": 830}, "FIZICA TEH": {"medie": 2.65, "reusita": 14.285714285714285, "cnt": 14}, "CHIMIE ANORGANICA TEH NIVEL I/II": {"medie": 2.1214285714285714, "reusita": 8.571428571428571, "cnt": 35}}, "nume": "LICEUL TEHNOLOGIC \"DACIA\" CARANSEBES\tCara\u0219-Severin"}