{"specializari": {"TEHNICIAN DESIGNER MOBILA SI AMENAJARI INTERIOARE": 68, "TEHNICIAN ECOLOG SI PROTECTIA CALITATII MEDIULUI": 115, "TEHNICIAN PROIECTANT PRODUSE FINITE DIN LEMN": 89, "TEHNICIAN PROIECTANT CAD": 136, "TEHNICIAN DESENATOR PENTRU CONSTRUCTII SI INSTALATII": 18, "STIINTE ALE NATURII": 9, "TEHNICIAN OPERATOR TEHNICA DE CALCUL": 107, "TEHNICIAN IN PRELUCRAREA LEMNULUI": 36, "TEHNICIAN HIDRO-METEOROLOG": 97, "TEHNICIAN MECANIC PENTRU INTRETINERE SI REPARATII": 10}, "limba_moderna": {"LIMBA FRANCEZA": 240, "LIMBA ENGLEZA": 443, "LIMBA RUSA": 2}, "limba_materna": {"LIMBA ROMANA": 685}, "promotie_anterioara": {"NU": 457, "DA": 228}, "materii": {"LIMBA ROMANA": {"medie": 4.973430656934308, "reusita": 33.57664233576642, "cnt": 685}, "BIOLOGIE VEGETALA SI ANIMALA": {"medie": 4.3449356913183275, "reusita": 31.672025723472668, "cnt": 622}, "GENERAL": {"medie": 4.405717761557179, "reusita": 24.671532846715326, "cnt": 685}, "MATEMATICA ST-NAT": {"medie": 3.9777777777777774, "reusita": 22.22222222222222, "cnt": 9}, "ANATOMIE SI FIZIOLOGIE UMANA, GENETICA SI ECOLOGIE UMANA": {"medie": 5.109375000000001, "reusita": 50.0, "cnt": 16}, "MATEMATICA TEHN": {"medie": 3.9276627218934883, "reusita": 25.88757396449704, "cnt": 676}, "FIZICA TEH": {"medie": 3.737931034482759, "reusita": 10.344827586206897, "cnt": 29}, "CHIMIE ANORGANICA TEH NIVEL I/II": {"medie": 3.06875, "reusita": 12.5, "cnt": 8}, "CHIMIE ORGANICA TEH NIVEL I/II": {"medie": 3.88, "reusita": 10.0, "cnt": 10}}, "nume": "LICEUL TEHNOLOGIC \"CONSTANTIN BRANCUSI\" PITESTI\tArge\u0219"}