{"specializari": {"TEHNICIAN VETERINAR": 31, "TEHNICIAN AGRONOM": 40, "TEHNICIAN ECOLOG SI PROTECTIA CALITATII MEDIULUI": 25, "TEHNICIAN IN AGRICULTURA": 24, "TEHNICIAN IN INDUSTRIA ALIMENTARA": 18, "TEHNICIAN ELECTROTEHNIST": 7, "TEHNICIAN TRANSPORTURI": 41, "TEHNICIAN MECANIC PENTRU INTRETINERE SI REPARATII": 2, "TEHNICIAN ELECTROMECANIC": 1, "TEHNICIAN ANALIZE PRODUSE ALIMENTARE": 8, "TEHNICIAN ELECTRICIAN/ELECTRONIST AUTO": 26, "TEHNICIAN IN ACTIVITATI DE COMERT": 6, "LICEU CU PROGRAM SPORTIV": 1, "TEHNICIAN IN ACTIVITATI ECONOMICE": 19, "TEHNICIAN MECATRONIST": 1}, "limba_moderna": {"LIMBA ENGLEZA": 174, "LIMBA FRANCEZA": 76}, "limba_materna": {"LIMBA ROMANA": 250}, "promotie_anterioara": {"DA": 97, "NU": 153}, "materii": {"LIMBA ROMANA": {"medie": 4.203399999999996, "reusita": 22.0, "cnt": 250}, "BIOLOGIE VEGETALA SI ANIMALA": {"medie": 2.317164179104478, "reusita": 4.477611940298507, "cnt": 67}, "GENERAL": {"medie": 3.3665599999999967, "reusita": 7.199999999999999, "cnt": 250}, "ISTORIE": {"medie": 5.15, "reusita": 0.0, "cnt": 1}, "GEOGRAFIE": {"medie": 4.367307692307692, "reusita": 42.30769230769231, "cnt": 26}, "ANATOMIE SI FIZIOLOGIE UMANA, GENETICA SI ECOLOGIE UMANA": {"medie": 4.066141732283463, "reusita": 21.25984251968504, "cnt": 127}, "MATEMATICA TEHN": {"medie": 2.478714859437751, "reusita": 6.827309236947792, "cnt": 249}, "FIZICA TEH": {"medie": 2.259310344827586, "reusita": 3.4482758620689653, "cnt": 29}, "CHIMIE ANORGANICA TEH NIVEL I/II": {"medie": 1.0, "reusita": 0.0, "cnt": 1}}, "nume": "LICEUL TEHNOLOGIC \"DIMITRIE PETRESCU\" CARACAL\tOlt"}