{"specializari": {"MATEMATICA-INFORMATICA": 181, "TEHNICIAN ECOLOG SI PROTECTIA CALITATII MEDIULUI": 246, "TEHNICIAN IN PRELUCRAREA LEMNULUI": 122, "TEHNICIAN DESIGNER MOBILA SI AMENAJARI INTERIOARE": 129, "TEHNICIAN INSTALATOR PENTRU CONSTRUCTII": 101, "TEHNICIAN TRANSPORTURI": 2, "STIINTE ALE NATURII": 224, "TEHNICIAN IN CONSTRUCTII SI LUCRARI PUBLICE": 171, "TEHNICIAN DESENATOR PENTRU CONSTRUCTII SI INSTALATII": 266, "TEHNICIAN MECANIC PENTRU INTRETINERE SI REPARATII": 46, "STIINTE SOCIALE": 131, "TEHNICIAN METROLOG": 1, "FILOLOGIE": 1, "TEHNICIAN PROIECTANT PRODUSE FINITE DIN LEMN": 28, "TEHNICIAN HIDRO-METEOROLOG": 25}, "limba_moderna": {"LIMBA ENGLEZA": 1526, "LIMBA FRANCEZA": 148}, "limba_materna": {"LIMBA ROMANA": 1674}, "promotie_anterioara": {"NU": 1170, "DA": 504}, "materii": {"LIMBA ROMANA": {"medie": 5.524283154121859, "reusita": 41.158900836320186, "cnt": 1674}, "MATEMATICA MATE-INFO": {"medie": 5.487016574585635, "reusita": 37.01657458563536, "cnt": 181}, "BIOLOGIE VEGETALA SI ANIMALA": {"medie": 5.208602999210741, "reusita": 43.0939226519337, "cnt": 1267}, "GENERAL": {"medie": 5.193548387096774, "reusita": 35.78255675029869, "cnt": 1674}, "CHIMIE ORGANICA TEO NIVEL I/II": {"medie": 5.575, "reusita": 33.33333333333333, "cnt": 6}, "INFORMATICA MI C/C++": {"medie": 5.849999999999999, "reusita": 36.0, "cnt": 25}, "CHIMIE ANORGANICA TEO NIVEL I/II": {"medie": 5.8375, "reusita": 25.0, "cnt": 4}, "ISTORIE": {"medie": 5.53863636363636, "reusita": 42.42424242424242, "cnt": 132}, "GEOGRAFIE": {"medie": 7.541999999999999, "reusita": 92.0, "cnt": 25}, "PSIHOLOGIE": {"medie": 8.5, "reusita": 100.0, "cnt": 1}, "MATEMATICA ST-NAT": {"medie": 4.6149553571428585, "reusita": 32.142857142857146, "cnt": 224}, "ANATOMIE SI FIZIOLOGIE UMANA, GENETICA SI ECOLOGIE UMANA": {"medie": 6.620000000000002, "reusita": 70.66666666666667, "cnt": 75}, "FIZICA TEO": {"medie": 5.908333333333334, "reusita": 66.66666666666666, "cnt": 6}, "MATEMATICA TEHN": {"medie": 4.684696569920849, "reusita": 31.046613896218116, "cnt": 1137}, "FIZICA TEH": {"medie": 4.662068965517242, "reusita": 27.586206896551722, "cnt": 29}, "LOGICA, ARGUMENTARE SI COMUNICARE": {"medie": 5.287096774193549, "reusita": 47.31182795698925, "cnt": 93}, "SOCIOLOGIE": {"medie": 4.4192307692307695, "reusita": 23.076923076923077, "cnt": 13}, "INFORMATICA MI PASCAL": {"medie": 6.602941176470587, "reusita": 58.82352941176471, "cnt": 17}, "CHIMIE ANORGANICA TEH NIVEL I/II": {"medie": 3.4892045454545455, "reusita": 11.363636363636363, "cnt": 88}, "CHIMIE ORGANICA TEH NIVEL I/II": {"medie": 3.826190476190477, "reusita": 19.047619047619047, "cnt": 21}, "INFORMATICA SN PASCAL": {"medie": 8.625, "reusita": 100.0, "cnt": 4}}, "nume": "LICEUL TEHNOLOGIC \"TOMA SOCOLESCU\", MUNICIPIUL PLOIESTI\tPrahova"}