{"specializari": {"STIINTE ALE NATURII": 31, "TEHNICIAN IN SILVICULTURA SI EXPLOATARI FORESTIERE": 124, "TEHNICIAN OPERATOR TEHNICA DE CALCUL": 94, "TEHNICIAN DESIGNER MOBILA SI AMENAJARI INTERIOARE": 94, "TEHNICIAN IN INSTALATII ELECTRICE": 72, "TEHNICIAN IN TURISM": 178, "TEHNICIAN ELECTROTEHNIST": 1, "TEHNICIAN ECOLOG SI PROTECTIA CALITATII MEDIULUI": 132, "TEHNICIAN ELECTROMECANIC": 5, "TEHNICIAN IN PRELUCRAREA LEMNULUI": 47}, "limba_moderna": {"LIMBA ENGLEZA": 662, "LIMBA FRANCEZA": 116}, "limba_materna": {"LIMBA ROMANA": 778}, "promotie_anterioara": {"DA": 291, "NU": 487}, "materii": {"LIMBA ROMANA": {"medie": 5.035732647814908, "reusita": 29.562982005141386, "cnt": 778}, "BIOLOGIE VEGETALA SI ANIMALA": {"medie": 3.6136206896551726, "reusita": 15.862068965517242, "cnt": 290}, "GENERAL": {"medie": 4.654605826906598, "reusita": 19.92287917737789, "cnt": 778}, "CHIMIE ANORGANICA TEO NIVEL I/II": {"medie": 3.9, "reusita": 0.0, "cnt": 5}, "GEOGRAFIE": {"medie": 6.989044943820225, "reusita": 75.84269662921348, "cnt": 178}, "MATEMATICA ST-NAT": {"medie": 2.679032258064516, "reusita": 0.0, "cnt": 31}, "ANATOMIE SI FIZIOLOGIE UMANA, GENETICA SI ECOLOGIE UMANA": {"medie": 5.447849462365592, "reusita": 43.01075268817204, "cnt": 279}, "MATEMATICA TEHN": {"medie": 3.9599062918340056, "reusita": 16.46586345381526, "cnt": 747}, "FIZICA TEH": {"medie": 2.5250000000000004, "reusita": 0.0, "cnt": 18}, "CHIMIE ANORGANICA TEH NIVEL I/II": {"medie": 3.264285714285714, "reusita": 0.0, "cnt": 7}, "CHIMIE ORGANICA TEH NIVEL I/II": {"medie": 5.2, "reusita": 0.0, "cnt": 1}}, "nume": "LICEUL TEHNOLOGIC FORESTIER SIGHETU MARMATIEI\tMaramure\u0219"}