{"specializari": {"MATEMATICA-INFORMATICA": 110, "STIINTE ALE NATURII": 81, "FILOLOGIE": 169}, "limba_moderna": {"LIMBA ENGLEZA": 281, "LIMBA FRANCEZA": 79}, "limba_materna": {"LIMBA ROMANA": 360}, "promotie_anterioara": {"NU": 311, "DA": 49}, "materii": {"LIMBA ROMANA": {"medie": 6.923055555555556, "reusita": 68.88888888888889, "cnt": 360}, "MATEMATICA MATE-INFO": {"medie": 6.740454545454547, "reusita": 68.18181818181817, "cnt": 110}, "BIOLOGIE VEGETALA SI ANIMALA": {"medie": 7.175, "reusita": 100.0, "cnt": 2}, "GENERAL": {"medie": 7.138657407407403, "reusita": 77.22222222222223, "cnt": 360}, "CHIMIE ORGANICA TEO NIVEL I/II": {"medie": 5.7749999999999995, "reusita": 50.0, "cnt": 4}, "ISTORIE": {"medie": 7.82307692307692, "reusita": 86.3905325443787, "cnt": 169}, "GEOGRAFIE": {"medie": 7.928273809523814, "reusita": 92.85714285714286, "cnt": 168}, "PSIHOLOGIE": {"medie": 6.3, "reusita": 100.0, "cnt": 1}, "MATEMATICA ST-NAT": {"medie": 5.314814814814817, "reusita": 41.9753086419753, "cnt": 81}, "ANATOMIE SI FIZIOLOGIE UMANA, GENETICA SI ECOLOGIE UMANA": {"medie": 7.333121019108277, "reusita": 82.16560509554141, "cnt": 157}, "FIZICA TEO": {"medie": 7.014285714285715, "reusita": 71.42857142857143, "cnt": 28}}, "nume": "LICEUL TEORETIC \"CONSTANTIN ANGELESCU\"\tBr\u0103ila"}