{"specializari": {"MATEMATICA-INFORMATICA": 167, "STIINTE SOCIALE": 262, "FILOLOGIE": 250, "STIINTE ALE NATURII": 150, "TEHNICIAN TRANSPORTURI": 111, "TEHNICIAN MECANIC PENTRU INTRETINERE SI REPARATII": 142, "TEHNICIAN ELECTROMECANIC": 58, "TEHNICIAN IN AUTOMATIZARI": 176, "TEHNICIAN IN ACTIVITATI ECONOMICE": 378, "TEHNICIAN IN INDUSTRIA TEXTILA": 105, "TEHNICIAN DESENATOR PENTRU CONSTRUCTII SI INSTALATII": 77, "TEHNICIAN IN INSTALATII ELECTRICE": 45, "TEHNICIAN PRELUCRARI LA CALD": 23, "TEHNICIAN ELECTROTEHNIST": 1, "TEHNICIAN IN TURISM": 1, "TEHNICIAN MECATRONIST": 1}, "limba_moderna": {"LIMBA ENGLEZA": 1912, "LIMBA FRANCEZA": 34, "LIMBA RUSA": 1}, "limba_materna": {"LIMBA ROMANA": 1947}, "promotie_anterioara": {"DA": 465, "NU": 1482}, "materii": {"LIMBA ROMANA": {"medie": 5.117796610169491, "reusita": 34.10374935798664, "cnt": 1947}, "MATEMATICA MATE-INFO": {"medie": 4.455988023952093, "reusita": 23.353293413173652, "cnt": 167}, "BIOLOGIE VEGETALA SI ANIMALA": {"medie": 2.6499314128943756, "reusita": 6.995884773662551, "cnt": 729}, "GENERAL": {"medie": 4.737399417907899, "reusita": 31.22752953261428, "cnt": 1947}, "CHIMIE ORGANICA TEO NIVEL I/II": {"medie": 7.9375, "reusita": 100.0, "cnt": 4}, "INFORMATICA MI C/C++": {"medie": 7.15, "reusita": 100.0, "cnt": 2}, "ISTORIE": {"medie": 6.1436523437500075, "reusita": 49.4140625, "cnt": 512}, "GEOGRAFIE": {"medie": 6.686422136422141, "reusita": 69.75546975546976, "cnt": 777}, "PSIHOLOGIE": {"medie": 6.477272727272726, "reusita": 63.63636363636363, "cnt": 22}, "MATEMATICA ST-NAT": {"medie": 4.170333333333333, "reusita": 21.333333333333336, "cnt": 150}, "ANATOMIE SI FIZIOLOGIE UMANA, GENETICA SI ECOLOGIE UMANA": {"medie": 6.153460207612461, "reusita": 59.16955017301038, "cnt": 289}, "FIZICA TEO": {"medie": 5.254545454545455, "reusita": 54.54545454545454, "cnt": 11}, "FILOSOFIE": {"medie": 6.180000000000001, "reusita": 60.0, "cnt": 5}, "MATEMATICA TEHN": {"medie": 3.0060822898032202, "reusita": 13.148479427549194, "cnt": 1118}, "FIZICA TEH": {"medie": 2.5025, "reusita": 10.0, "cnt": 20}, "ECONOMIE": {"medie": 3.3, "reusita": 0.0, "cnt": 1}, "LOGICA, ARGUMENTARE SI COMUNICARE": {"medie": 7.269999999999999, "reusita": 80.0, "cnt": 5}, "SOCIOLOGIE": {"medie": 6.816049382716049, "reusita": 67.90123456790124, "cnt": 81}, "INFORMATICA MI PASCAL": {"medie": 6.2, "reusita": 100.0, "cnt": 1}}, "nume": "LICEUL TEHNOLOGIC \"NICOLAE BALCESCU\" OLTENITA\tC\u0103l\u0103ra\u0219i"}