{"specializari": {"TEHNICIAN CHIMIST DE LABORATOR": 272, "TEHNICIAN IN CHIMIE INDUSTRIALA": 208, "TEHNICIAN MECANIC PENTRU INTRETINERE SI REPARATII": 199, "TEHNICIAN IN INSTALATII ELECTRICE": 199, "TEHNICIAN IN CONSTRUCTII SI LUCRARI PUBLICE": 47, "MATEMATICA-INFORMATICA": 137, "FILOLOGIE": 238, "LICEU CU PROGRAM SPORTIV": 61, "TEHNICIAN ELECTROTEHNIST": 65, "STIINTE ALE NATURII": 182, "TEHNICIAN IN ADMINISTRATIE": 1, "STIINTE SOCIALE": 2, "TEHNICIAN IN TURISM": 29}, "limba_moderna": {"LIMBA ENGLEZA": 1570, "LIMBA FRANCEZA": 70}, "limba_materna": {"LIMBA ROMANA": 1640}, "promotie_anterioara": {"NU": 1201, "DA": 439}, "materii": {"LIMBA ROMANA": {"medie": 5.350853658536586, "reusita": 38.90243902439025, "cnt": 1640}, "MATEMATICA MATE-INFO": {"medie": 6.5729927007299205, "reusita": 62.77372262773723, "cnt": 137}, "BIOLOGIE VEGETALA SI ANIMALA": {"medie": 3.8359065155807373, "reusita": 21.388101983002834, "cnt": 706}, "GENERAL": {"medie": 5.080939024390248, "reusita": 34.69512195121951, "cnt": 1640}, "CHIMIE ORGANICA TEO NIVEL I/II": {"medie": 6.362499999999999, "reusita": 50.0, "cnt": 8}, "CHIMIE ANORGANICA TEO NIVEL I/II": {"medie": 6.276190476190477, "reusita": 47.61904761904761, "cnt": 21}, "ISTORIE": {"medie": 6.3094684385382065, "reusita": 52.823920265780735, "cnt": 301}, "GEOGRAFIE": {"medie": 6.905084745762712, "reusita": 75.42372881355932, "cnt": 118}, "PSIHOLOGIE": {"medie": 8.809999999999999, "reusita": 100.0, "cnt": 5}, "MATEMATICA ST-NAT": {"medie": 5.726648351648354, "reusita": 49.45054945054945, "cnt": 182}, "ANATOMIE SI FIZIOLOGIE UMANA, GENETICA SI ECOLOGIE UMANA": {"medie": 7.457875457875459, "reusita": 83.88278388278388, "cnt": 273}, "FIZICA TEO": {"medie": 6.163636363636365, "reusita": 63.63636363636363, "cnt": 11}, "FILOSOFIE": {"medie": 8.15, "reusita": 100.0, "cnt": 2}, "MATEMATICA TEHN": {"medie": 3.819411764705882, "reusita": 20.19607843137255, "cnt": 1020}, "FIZICA TEH": {"medie": 3.894342105263158, "reusita": 14.473684210526317, "cnt": 76}, "INFORMATICA SN C/C++": {"medie": 2.9, "reusita": 0.0, "cnt": 1}, "ECONOMIE": {"medie": 5.0, "reusita": 0.0, "cnt": 1}, "LOGICA, ARGUMENTARE SI COMUNICARE": {"medie": 6.0699999999999985, "reusita": 62.10526315789474, "cnt": 95}, "SOCIOLOGIE": {"medie": 6.947272727272725, "reusita": 74.54545454545455, "cnt": 110}, "CHIMIE ANORGANICA TEH NIVEL I/II": {"medie": 4.540395480225986, "reusita": 20.903954802259886, "cnt": 177}, "CHIMIE ORGANICA TEH NIVEL I/II": {"medie": 4.637499999999999, "reusita": 38.88888888888889, "cnt": 36}}, "nume": "LICEUL TEHNOLOGIC \"LAZAR EDELEANU\" NAVODARI\tConstan\u021ba"}