{"specializari": {"TEHNICIAN IN TURISM": 239}, "limba_moderna": {"LIMBA ENGLEZA": 234, "LIMBA FRANCEZA": 5}, "limba_materna": {"LIMBA ROMANA": 239}, "promotie_anterioara": {"NU": 188, "DA": 51}, "materii": {"LIMBA ROMANA": {"medie": 6.052719665271966, "reusita": 52.30125523012552, "cnt": 239}, "GENERAL": {"medie": 6.222524407252441, "reusita": 58.15899581589959, "cnt": 239}, "GEOGRAFIE": {"medie": 7.0115763546798, "reusita": 76.84729064039408, "cnt": 203}, "PSIHOLOGIE": {"medie": 6.434615384615384, "reusita": 53.84615384615385, "cnt": 13}, "MATEMATICA TEHN": {"medie": 5.632635983263595, "reusita": 50.2092050209205, "cnt": 239}, "ECONOMIE": {"medie": 5.619999999999999, "reusita": 30.0, "cnt": 10}, "LOGICA, ARGUMENTARE SI COMUNICARE": {"medie": 8.11923076923077, "reusita": 100.0, "cnt": 13}}, "nume": "LICEUL TEHNOLOGIC \"SF. ANTIM IVIREANU\"\tBucure\u0219ti"}