{"specializari": {"TEHNICIAN DESIGNER MOBILA SI AMENAJARI INTERIOARE": 52, "TEHNICIAN IN TURISM": 72, "TEHNICIAN DESIGNER VESTIMENTAR": 10}, "limba_moderna": {"LIMBA ENGLEZA": 134}, "limba_materna": {"LIMBA ROMANA": 62, "LIMBA GERMANA": 72}, "promotie_anterioara": {"DA": 42, "NU": 92}, "materii": {"LIMBA ROMANA": {"medie": 3.892164179104477, "reusita": 23.134328358208954, "cnt": 134}, "BIOLOGIE VEGETALA SI ANIMALA": {"medie": 3.829032258064515, "reusita": 17.741935483870968, "cnt": 62}, "GENERAL": {"medie": 3.3254664179104494, "reusita": 6.7164179104477615, "cnt": 134}, "GEOGRAFIE": {"medie": 3.238461538461539, "reusita": 19.230769230769234, "cnt": 52}, "PSIHOLOGIE": {"medie": 3.7300000000000004, "reusita": 10.0, "cnt": 10}, "MATEMATICA TEHN": {"medie": 2.8272388059701488, "reusita": 7.462686567164178, "cnt": 134}, "LIMBA GERMANA": {"medie": 2.4666666666666663, "reusita": 6.944444444444445, "cnt": 72}, "ECONOMIE": {"medie": 1.75, "reusita": 0.0, "cnt": 10}}, "nume": "LICEUL TEHNOLOGIC VISEU DE SUS\tMaramure\u0219"}