{"specializari": {"STIINTE SOCIALE": 95, "FILOLOGIE": 108}, "limba_moderna": {"LIMBA ENGLEZA": 178, "LIMBA FRANCEZA": 25}, "limba_materna": {"LIMBA ROMANA": 203}, "promotie_anterioara": {"NU": 79, "DA": 124}, "materii": {"LIMBA ROMANA": {"medie": 4.29458128078818, "reusita": 13.793103448275861, "cnt": 203}, "GENERAL": {"medie": 5.126847290640393, "reusita": 29.55665024630542, "cnt": 203}, "ISTORIE": {"medie": 5.059113300492613, "reusita": 24.137931034482758, "cnt": 203}, "GEOGRAFIE": {"medie": 6.236451612903226, "reusita": 64.51612903225806, "cnt": 155}, "PSIHOLOGIE": {"medie": 4.1, "reusita": 0.0, "cnt": 1}, "FILOSOFIE": {"medie": 3.725, "reusita": 25.0, "cnt": 4}, "LOGICA, ARGUMENTARE SI COMUNICARE": {"medie": 6.807142857142857, "reusita": 71.42857142857143, "cnt": 7}, "SOCIOLOGIE": {"medie": 5.281944444444445, "reusita": 44.44444444444444, "cnt": 36}}, "nume": "LICEUL TEORETIC \"GRIGORE TABACARU\" BACAU\tBac\u0103u"}