{"specializari": {"FILOLOGIE": 95, "STIINTE ALE NATURII": 313, "MATEMATICA-INFORMATICA": 387}, "limba_moderna": {"LIMBA ENGLEZA": 790, "LIMBA FRANCEZA": 4, "LIMBA GERMANA MODERNA": 1}, "limba_materna": {"LIMBA ROMANA": 795}, "promotie_anterioara": {"NU": 792, "DA": 3}, "materii": {"LIMBA ROMANA": {"medie": 8.800125786163523, "reusita": 98.9937106918239, "cnt": 795}, "MATEMATICA MATE-INFO": {"medie": 9.224547803617577, "reusita": 98.44961240310077, "cnt": 387}, "BIOLOGIE VEGETALA SI ANIMALA": {"medie": 8.742424242424244, "reusita": 96.96969696969697, "cnt": 33}, "GENERAL": {"medie": 9.023501048218025, "reusita": 99.74842767295597, "cnt": 795}, "CHIMIE ORGANICA TEO NIVEL I/II": {"medie": 9.241489361702124, "reusita": 100.0, "cnt": 94}, "INFORMATICA MI C/C++": {"medie": 9.110247349823318, "reusita": 98.93992932862191, "cnt": 283}, "CHIMIE ANORGANICA TEO NIVEL I/II": {"medie": 8.903125000000001, "reusita": 100.0, "cnt": 32}, "ISTORIE": {"medie": 8.699473684210528, "reusita": 96.84210526315789, "cnt": 95}, "GEOGRAFIE": {"medie": 8.768, "reusita": 100.0, "cnt": 25}, "PSIHOLOGIE": {"medie": 9.85, "reusita": 100.0, "cnt": 4}, "MATEMATICA ST-NAT": {"medie": 9.057507987220458, "reusita": 99.36102236421725, "cnt": 313}, "ANATOMIE SI FIZIOLOGIE UMANA, GENETICA SI ECOLOGIE UMANA": {"medie": 9.431730769230766, "reusita": 99.51923076923077, "cnt": 208}, "FIZICA TEO": {"medie": 9.077419354838709, "reusita": 100.0, "cnt": 31}, "FILOSOFIE": {"medie": 7.75, "reusita": 100.0, "cnt": 1}, "INFORMATICA SN C/C++": {"medie": 9.255263157894738, "reusita": 100.0, "cnt": 19}, "ECONOMIE": {"medie": 7.45, "reusita": 100.0, "cnt": 1}, "LOGICA, ARGUMENTARE SI COMUNICARE": {"medie": 9.220312499999999, "reusita": 100.0, "cnt": 32}, "SOCIOLOGIE": {"medie": 8.918750000000001, "reusita": 100.0, "cnt": 32}}, "nume": "LICEUL TEORETIC \"AVRAM IANCU\" CLUJ-NAPOCA\tCluj"}