{"specializari": {"TEHNICIAN ECOLOG SI PROTECTIA CALITATII MEDIULUI": 194, "TEHNICIAN PRELUCRARI LA CALD": 14, "TEHNICIAN ELECTROTEHNIST": 8, "TEHNICIAN IN INSTALATII ELECTRICE": 87, "TEHNICIAN IN CONSTRUCTII SI LUCRARI PUBLICE": 106, "TEHNICIAN INSTALATOR PENTRU CONSTRUCTII": 53, "TEHNICIAN DESENATOR PENTRU CONSTRUCTII SI INSTALATII": 151, "TEHNICIAN PROIECTANT CAD": 99, "TEHNICIAN MECANIC PENTRU INTRETINERE SI REPARATII": 22, "TEHNICIAN MECATRONIST": 77, "MATEMATICA-INFORMATICA": 10, "STIINTE ALE NATURII": 1}, "limba_moderna": {"LIMBA ENGLEZA": 625, "LIMBA FRANCEZA": 197}, "limba_materna": {"LIMBA ROMANA": 822}, "promotie_anterioara": {"DA": 356, "NU": 466}, "materii": {"LIMBA ROMANA": {"medie": 5.2731143552311455, "reusita": 36.009732360097324, "cnt": 822}, "MATEMATICA MATE-INFO": {"medie": 2.6399999999999997, "reusita": 30.0, "cnt": 10}, "BIOLOGIE VEGETALA SI ANIMALA": {"medie": 4.755423476968795, "reusita": 32.68945022288261, "cnt": 673}, "GENERAL": {"medie": 4.892802108678022, "reusita": 28.710462287104622, "cnt": 822}, "MATEMATICA ST-NAT": {"medie": 1.0, "reusita": 0.0, "cnt": 1}, "ANATOMIE SI FIZIOLOGIE UMANA, GENETICA SI ECOLOGIE UMANA": {"medie": 6.479268292682928, "reusita": 60.97560975609756, "cnt": 41}, "MATEMATICA TEHN": {"medie": 4.649938347718865, "reusita": 33.04562268803946, "cnt": 811}, "FIZICA TEH": {"medie": 3.9062500000000004, "reusita": 33.92857142857143, "cnt": 56}, "CHIMIE ANORGANICA TEH NIVEL I/II": {"medie": 4.745, "reusita": 28.000000000000004, "cnt": 50}, "CHIMIE ORGANICA TEH NIVEL I/II": {"medie": 5.3, "reusita": 50.0, "cnt": 2}}, "nume": "LICEUL TEHNOLOGIC \"DIMITRIE DIMA\" PITESTI\tArge\u0219"}