{"specializari": {"TEHNICIAN IN ACTIVITATI ECONOMICE": 79, "TEHNICIAN TRANSPORTURI": 24, "TEHNICIAN IN INSTALATII ELECTRICE": 46, "TEHNICIAN PROIECTANT CAD": 35, "MATEMATICA-INFORMATICA": 5, "TEHNICIAN ELECTROMECANIC": 20, "TEHNICIAN MECATRONIST": 5, "TEHNICIAN ELECTROTEHNIST": 7, "TEHNICIAN IN INDUSTRIA ALIMENTARA": 27, "STIINTE ALE NATURII": 1, "TEHNICIAN ECOLOG SI PROTECTIA CALITATII MEDIULUI": 11, "TEHNICIAN ANALIZE PRODUSE ALIMENTARE": 5, "TEHNICIAN OPERATOR TEHNICA DE CALCUL": 6, "TEHNICIAN ELECTRONIST": 1, "TEHNICIAN CHIMIST DE LABORATOR": 1, "TEHNICIAN IN AUTOMATIZARI": 6, "TEHNICIAN IN GASTRONOMIE": 22, "TEHNICIAN ELECTRICIAN/ELECTRONIST AUTO": 1, "TEHNICIAN MECANIC PENTRU INTRETINERE SI REPARATII": 3, "TEHNICIAN IN PRELUCRAREA LEMNULUI": 8}, "limba_moderna": {"LIMBA FRANCEZA": 61, "LIMBA ENGLEZA": 252}, "limba_materna": {"LIMBA ROMANA": 313}, "promotie_anterioara": {"NU": 140, "DA": 173}, "materii": {"LIMBA ROMANA": {"medie": 5.279488817891373, "reusita": 37.69968051118211, "cnt": 313}, "MATEMATICA MATE-INFO": {"medie": 4.9, "reusita": 20.0, "cnt": 5}, "BIOLOGIE VEGETALA SI ANIMALA": {"medie": 4.358108108108106, "reusita": 27.927927927927925, "cnt": 111}, "GENERAL": {"medie": 5.095931842385519, "reusita": 30.35143769968051, "cnt": 313}, "INFORMATICA MI C/C++": {"medie": 6.1, "reusita": 50.0, "cnt": 2}, "CHIMIE ANORGANICA TEO NIVEL I/II": {"medie": 6.45, "reusita": 50.0, "cnt": 2}, "GEOGRAFIE": {"medie": 6.960999999999999, "reusita": 73.0, "cnt": 100}, "MATEMATICA ST-NAT": {"medie": 2.25, "reusita": 0.0, "cnt": 1}, "ANATOMIE SI FIZIOLOGIE UMANA, GENETICA SI ECOLOGIE UMANA": {"medie": 4.667948717948717, "reusita": 33.33333333333333, "cnt": 39}, "MATEMATICA TEHN": {"medie": 4.832247557003256, "reusita": 32.89902280130293, "cnt": 307}, "FIZICA TEH": {"medie": 3.282352941176471, "reusita": 35.294117647058826, "cnt": 17}, "LOGICA, ARGUMENTARE SI COMUNICARE": {"medie": 7.9, "reusita": 100.0, "cnt": 1}, "CHIMIE ANORGANICA TEH NIVEL I/II": {"medie": 4.186585365853658, "reusita": 19.51219512195122, "cnt": 41}}, "nume": "LICEUL TEHNOLOGIC \"DUMITRU MANGERON\" BACAU\tBac\u0103u"}