{"specializari": {"MATEMATICA-INFORMATICA": 166, "STIINTE SOCIALE": 194, "FILOLOGIE": 163, "STIINTE ALE NATURII": 267, "TEHNICIAN IN ACTIVITATI ECONOMICE": 139, "TEHNICIAN ELECTROMECANIC": 70, "TEHNICIAN IN ACTIVITATI DE COMERT": 79, "COAFOR STILIST": 95, "TEHNICIAN OPERATOR TEHNICA DE CALCUL": 65, "TEHNICIAN IN ADMINISTRATIE": 7, "TEHNICIAN IN INSTALATII ELECTRICE": 5, "TEHNICIAN IN SILVICULTURA SI EXPLOATARI FORESTIERE": 1}, "limba_moderna": {"LIMBA ENGLEZA": 1094, "LIMBA FRANCEZA": 157}, "limba_materna": {"LIMBA ROMANA": 1251}, "promotie_anterioara": {"NU": 1126, "DA": 125}, "materii": {"LIMBA ROMANA": {"medie": 7.242605915267789, "reusita": 74.98001598721024, "cnt": 1251}, "MATEMATICA MATE-INFO": {"medie": 8.217771084337352, "reusita": 84.93975903614458, "cnt": 166}, "BIOLOGIE VEGETALA SI ANIMALA": {"medie": 4.211240310077521, "reusita": 23.25581395348837, "cnt": 129}, "GENERAL": {"medie": 7.2815214495070375, "reusita": 75.21982414068745, "cnt": 1251}, "CHIMIE ORGANICA TEO NIVEL I/II": {"medie": 9.270454545454546, "reusita": 100.0, "cnt": 22}, "INFORMATICA MI C/C++": {"medie": 8.53469387755102, "reusita": 93.87755102040816, "cnt": 49}, "CHIMIE ANORGANICA TEO NIVEL I/II": {"medie": 7.744642857142859, "reusita": 82.14285714285714, "cnt": 28}, "ISTORIE": {"medie": 7.535294117647062, "reusita": 79.55182072829132, "cnt": 357}, "GEOGRAFIE": {"medie": 7.886106032906764, "reusita": 90.6764168190128, "cnt": 547}, "PSIHOLOGIE": {"medie": 9.2, "reusita": 100.0, "cnt": 2}, "MATEMATICA ST-NAT": {"medie": 7.921910112359551, "reusita": 79.40074906367042, "cnt": 267}, "ANATOMIE SI FIZIOLOGIE UMANA, GENETICA SI ECOLOGIE UMANA": {"medie": 8.356851851851854, "reusita": 91.85185185185185, "cnt": 270}, "FIZICA TEO": {"medie": 9.032352941176471, "reusita": 98.0392156862745, "cnt": 51}, "FILOSOFIE": {"medie": 9.5, "reusita": 100.0, "cnt": 1}, "MATEMATICA TEHN": {"medie": 5.425704989154006, "reusita": 41.21475054229935, "cnt": 461}, "FIZICA TEH": {"medie": 4.66, "reusita": 40.0, "cnt": 10}, "INFORMATICA SN C/C++": {"medie": 8.375, "reusita": 100.0, "cnt": 4}, "ECONOMIE": {"medie": 2.9, "reusita": 0.0, "cnt": 1}, "LOGICA, ARGUMENTARE SI COMUNICARE": {"medie": 7.94851485148515, "reusita": 86.13861386138613, "cnt": 101}, "SOCIOLOGIE": {"medie": 7.652, "reusita": 88.0, "cnt": 25}, "CHIMIE ANORGANICA TEH NIVEL I/II": {"medie": 7.8187500000000005, "reusita": 100.0, "cnt": 8}, "CHIMIE ORGANICA TEH NIVEL I/II": {"medie": 5.3, "reusita": 33.33333333333333, "cnt": 3}}, "nume": "LICEUL \"REGINA MARIA\" DOROHOI\tBoto\u0219ani"}