{"specializari": {"TEHNICIAN IN GASTRONOMIE": 61, "TEHNICIAN MECATRONIST": 26, "TEHNICIAN IN ACTIVITATI ECONOMICE": 41, "TEHNICIAN ECOLOG SI PROTECTIA CALITATII MEDIULUI": 55, "TEHNICIAN IN INSTALATII ELECTRICE": 5, "MATEMATICA-INFORMATICA": 29, "TEHNICIAN MECANIC PENTRU INTRETINERE SI REPARATII": 8, "TEHNICIAN IN HOTELARIE": 27, "TEHNICIAN IN INDUSTRIA TEXTILA": 1, "TEHNICIAN ELECTRONIST": 1, "TEHNICIAN ELECTROTEHNIST": 1, "TEHNICIAN IN ADMINISTRATIE": 1}, "limba_moderna": {"LIMBA ENGLEZA": 221, "LIMBA FRANCEZA": 35}, "limba_materna": {"LIMBA ROMANA": 256}, "promotie_anterioara": {"NU": 118, "DA": 138}, "materii": {"LIMBA ROMANA": {"medie": 4.564453124999999, "reusita": 21.09375, "cnt": 256}, "MATEMATICA MATE-INFO": {"medie": 2.786206896551724, "reusita": 0.0, "cnt": 29}, "BIOLOGIE VEGETALA SI ANIMALA": {"medie": 4.262272727272728, "reusita": 20.0, "cnt": 110}, "GENERAL": {"medie": 4.3337239583333345, "reusita": 14.84375, "cnt": 256}, "GEOGRAFIE": {"medie": 5.612941176470587, "reusita": 54.11764705882353, "cnt": 85}, "ANATOMIE SI FIZIOLOGIE UMANA, GENETICA SI ECOLOGIE UMANA": {"medie": 6.25, "reusita": 60.0, "cnt": 5}, "MATEMATICA TEHN": {"medie": 3.4447136563876652, "reusita": 16.299559471365637, "cnt": 227}, "FIZICA TEH": {"medie": 4.475, "reusita": 30.0, "cnt": 10}, "ECONOMIE": {"medie": 7.0, "reusita": 100.0, "cnt": 1}, "LOGICA, ARGUMENTARE SI COMUNICARE": {"medie": 5.979545454545454, "reusita": 56.81818181818182, "cnt": 44}, "CHIMIE ANORGANICA TEH NIVEL I/II": {"medie": 5.0, "reusita": 0.0, "cnt": 1}}, "nume": "LICEUL TEHNOLOGIC \"GENERAL DAVID PRAPORGESCU\" TURNU MAGURELE\tTeleorman"}