{"specializari": {"TEHNICIAN IN GASTRONOMIE": 79, "TEHNICIAN IN TURISM": 35, "STIINTE ALE NATURII": 127, "ORGANIZATOR BANQUETING": 212, "TEHNICIAN IN ACTIVITATI ECONOMICE": 113, "TEHNICIAN ECOLOG SI PROTECTIA CALITATII MEDIULUI": 68, "TEHNICIAN ANALIZE PRODUSE ALIMENTARE": 32, "TEHNICIAN IN ACTIVITATI DE COMERT": 41, "TEHNICIAN IN INDUSTRIA TEXTILA": 11, "TEHNICIAN IN PRELUCRAREA LEMNULUI": 1, "TEHNICIAN MULTIMEDIA": 18, "TEHNICIAN MECANIC PENTRU INTRETINERE SI REPARATII": 1}, "limba_moderna": {"LIMBA ENGLEZA": 628, "LIMBA FRANCEZA": 110}, "limba_materna": {"LIMBA ROMANA": 707, "LIMBA MAGHIARA": 31}, "promotie_anterioara": {"NU": 509, "DA": 229}, "materii": {"LIMBA ROMANA": {"medie": 4.832655826558265, "reusita": 26.82926829268293, "cnt": 738}, "BIOLOGIE VEGETALA SI ANIMALA": {"medie": 4.515942028985507, "reusita": 25.36231884057971, "cnt": 138}, "GENERAL": {"medie": 4.324175700090337, "reusita": 14.498644986449866, "cnt": 738}, "CHIMIE ORGANICA TEO NIVEL I/II": {"medie": 7.0, "reusita": 100.0, "cnt": 1}, "GEOGRAFIE": {"medie": 5.236318407960201, "reusita": 43.03482587064676, "cnt": 402}, "PSIHOLOGIE": {"medie": 4.185714285714285, "reusita": 28.57142857142857, "cnt": 49}, "MATEMATICA ST-NAT": {"medie": 2.9232283464566926, "reusita": 7.086614173228346, "cnt": 127}, "ANATOMIE SI FIZIOLOGIE UMANA, GENETICA SI ECOLOGIE UMANA": {"medie": 4.328318584070797, "reusita": 22.123893805309734, "cnt": 113}, "FIZICA TEO": {"medie": 6.3, "reusita": 100.0, "cnt": 1}, "MATEMATICA TEHN": {"medie": 3.1044189852700477, "reusita": 10.965630114566286, "cnt": 611}, "FIZICA TEH": {"medie": 5.300000000000001, "reusita": 40.0, "cnt": 5}, "LOGICA, ARGUMENTARE SI COMUNICARE": {"medie": 7.872413793103449, "reusita": 86.20689655172413, "cnt": 29}, "LIMBA MAGHIARA (REAL)": {"medie": 5.666129032258064, "reusita": 45.16129032258064, "cnt": 31}}, "nume": "LICEUL TEHNOLOGIC \"VOIEVODUL GELU\" ZALAU\tS\u0103laj"}