{"specializari": {"TEHNICIAN PROIECTANT CAD": 64, "STIINTE ALE NATURII": 118, "TEHNICIAN IN INSTALATII ELECTRICE": 52, "TEHNICIAN IN AUTOMATIZARI": 102, "TEHNICIAN MECANIC PENTRU INTRETINERE SI REPARATII": 30, "TEHNICIAN PRELUCRARI LA CALD": 20, "TEHNICIAN MECATRONIST": 90, "MATEMATICA-INFORMATICA": 58, "TEHNICIAN ELECTRONIST": 37, "TEHNICIAN ELECTROTEHNIST": 54, "TEHNICIAN PRELUCRARI MECANICE": 9, "STIINTE SOCIALE": 77, "TEHNICIAN DESENATOR PENTRU CONSTRUCTII SI INSTALATII": 3}, "limba_moderna": {"LIMBA ENGLEZA": 621, "LIMBA FRANCEZA": 93}, "limba_materna": {"LIMBA ROMANA": 714}, "promotie_anterioara": {"NU": 370, "DA": 344}, "materii": {"LIMBA ROMANA": {"medie": 5.560854341736688, "reusita": 39.91596638655462, "cnt": 714}, "MATEMATICA MATE-INFO": {"medie": 4.998275862068964, "reusita": 13.793103448275861, "cnt": 58}, "BIOLOGIE VEGETALA SI ANIMALA": {"medie": 4.354770318021198, "reusita": 22.614840989399294, "cnt": 566}, "GENERAL": {"medie": 4.91486928104575, "reusita": 26.330532212885156, "cnt": 714}, "CHIMIE ANORGANICA TEO NIVEL I/II": {"medie": 5.1, "reusita": 0.0, "cnt": 1}, "ISTORIE": {"medie": 5.531818181818182, "reusita": 23.376623376623375, "cnt": 77}, "GEOGRAFIE": {"medie": 7.973076923076923, "reusita": 100.0, "cnt": 13}, "PSIHOLOGIE": {"medie": 6.9, "reusita": 100.0, "cnt": 5}, "MATEMATICA ST-NAT": {"medie": 3.95677966101695, "reusita": 14.40677966101695, "cnt": 118}, "ANATOMIE SI FIZIOLOGIE UMANA, GENETICA SI ECOLOGIE UMANA": {"medie": 4.4944444444444445, "reusita": 22.22222222222222, "cnt": 9}, "MATEMATICA TEHN": {"medie": 4.44880694143167, "reusita": 25.813449023861175, "cnt": 461}, "FIZICA TEH": {"medie": 4.5181818181818185, "reusita": 36.36363636363637, "cnt": 11}, "LOGICA, ARGUMENTARE SI COMUNICARE": {"medie": 6.529999999999999, "reusita": 67.27272727272727, "cnt": 55}, "SOCIOLOGIE": {"medie": 5.762500000000001, "reusita": 25.0, "cnt": 4}, "INFORMATICA MI PASCAL": {"medie": 4.94375, "reusita": 37.5, "cnt": 16}, "CHIMIE ANORGANICA TEH NIVEL I/II": {"medie": 4.813793103448275, "reusita": 31.03448275862069, "cnt": 29}, "CHIMIE ORGANICA TEH NIVEL I/II": {"medie": 4.89, "reusita": 20.0, "cnt": 5}}, "nume": "LICEUL TEHNOLOGIC \"1 MAI\", MUNICIPIUL PLOIESTI\tPrahova"}