{"specializari": {"TEHNICIAN TRANSPORTURI": 140, "TEHNICIAN OPERATOR TEHNICA DE CALCUL": 29, "TEHNICIAN PROIECTANT CAD": 55, "TEHNICIAN ELECTRICIAN/ELECTRONIST AUTO": 100, "TEHNICIAN MECATRONIST": 12, "TEHNICIAN ELECTROTEHNIST": 27, "TEHNICIAN DE TELECOMUNICATII": 12, "STIINTE ALE NATURII": 2, "TEHNICIAN IN INSTALATII ELECTRICE": 1, "MATEMATICA-INFORMATICA": 1, "TEHNICIAN ELECTROMECANIC": 1, "TEHNICIAN IN TURISM": 1}, "limba_moderna": {"LIMBA FRANCEZA": 60, "LIMBA ENGLEZA": 321}, "limba_materna": {"LIMBA ROMANA": 381}, "promotie_anterioara": {"NU": 231, "DA": 150}, "materii": {"LIMBA ROMANA": {"medie": 4.1370078740157465, "reusita": 16.79790026246719, "cnt": 381}, "MATEMATICA MATE-INFO": {"medie": 1.0, "reusita": 0.0, "cnt": 1}, "BIOLOGIE VEGETALA SI ANIMALA": {"medie": 3.382185628742516, "reusita": 14.67065868263473, "cnt": 334}, "GENERAL": {"medie": 3.697944006999127, "reusita": 11.548556430446194, "cnt": 381}, "GEOGRAFIE": {"medie": 1.0, "reusita": 0.0, "cnt": 1}, "MATEMATICA ST-NAT": {"medie": 4.375, "reusita": 50.0, "cnt": 2}, "ANATOMIE SI FIZIOLOGIE UMANA, GENETICA SI ECOLOGIE UMANA": {"medie": 1.75, "reusita": 0.0, "cnt": 2}, "MATEMATICA TEHN": {"medie": 3.4869047619047593, "reusita": 17.989417989417987, "cnt": 378}, "FIZICA TEH": {"medie": 3.8156250000000003, "reusita": 12.5, "cnt": 16}, "CHIMIE ANORGANICA TEH NIVEL I/II": {"medie": 4.555357142857144, "reusita": 28.57142857142857, "cnt": 28}}, "nume": "LICEUL TEHNOLOGIC DE TRANSPORTURI, MUNICIPIUL PLOIESTI\tPrahova"}