{"specializari": {"TEHNICIAN OPERATOR TEHNICA DE CALCUL": 13, "TEHNICIAN TRANSPORTURI": 22, "TEHNICIAN MECATRONIST": 3, "TEHNICIAN OPERATOR PROCESARE TEXT IMAGINE": 6, "TEHNICIAN MECANIC PENTRU INTRETINERE SI REPARATII": 1, "TEHNICIAN ELECTRICIAN/ELECTRONIST AUTO": 2, "MATEMATICA-INFORMATICA": 1}, "limba_moderna": {"LIMBA ENGLEZA": 46, "LIMBA FRANCEZA": 2}, "limba_materna": {"LIMBA ROMANA": 48}, "promotie_anterioara": {"NU": 37, "DA": 11}, "materii": {"LIMBA ROMANA": {"medie": 2.9614583333333333, "reusita": 4.166666666666666, "cnt": 48}, "MATEMATICA MATE-INFO": {"medie": 5.05, "reusita": 0.0, "cnt": 1}, "BIOLOGIE VEGETALA SI ANIMALA": {"medie": 2.4919354838709675, "reusita": 3.225806451612903, "cnt": 31}, "GENERAL": {"medie": 2.605208333333334, "reusita": 2.083333333333333, "cnt": 48}, "MATEMATICA TEHN": {"medie": 2.413829787234043, "reusita": 2.127659574468085, "cnt": 47}, "FIZICA TEH": {"medie": 1.9444444444444449, "reusita": 0.0, "cnt": 9}, "CHIMIE ANORGANICA TEH NIVEL I/II": {"medie": 2.46875, "reusita": 0.0, "cnt": 8}}, "nume": "LICEUL TEHNOLOGIC CONSTRUCTII DE MASINI \"UNIO\" SATU MARE\tSatu-Mare"}