{"specializari": {"MATEMATICA-INFORMATICA": 595, "STIINTE ALE NATURII": 209, "FILOLOGIE": 189, "STIINTE SOCIALE": 206}, "limba_moderna": {"LIMBA ENGLEZA": 1117, "LIMBA FRANCEZA": 65, "LIMBA RUSA": 17}, "limba_materna": {"LIMBA ROMANA": 1199}, "promotie_anterioara": {"NU": 1191, "DA": 8}, "materii": {"LIMBA ROMANA": {"medie": 8.613344453711424, "reusita": 97.66472060050042, "cnt": 1199}, "MATEMATICA MATE-INFO": {"medie": 8.521344537815125, "reusita": 93.27731092436974, "cnt": 595}, "BIOLOGIE VEGETALA SI ANIMALA": {"medie": 7.0200000000000005, "reusita": 60.0, "cnt": 5}, "GENERAL": {"medie": 8.653961634695593, "reusita": 98.1651376146789, "cnt": 1199}, "CHIMIE ORGANICA TEO NIVEL I/II": {"medie": 9.045679012345682, "reusita": 98.76543209876543, "cnt": 81}, "INFORMATICA MI C/C++": {"medie": 7.954878048780489, "reusita": 85.36585365853658, "cnt": 41}, "CHIMIE ANORGANICA TEO NIVEL I/II": {"medie": 8.55, "reusita": 100.0, "cnt": 1}, "ISTORIE": {"medie": 8.231265822784806, "reusita": 93.16455696202532, "cnt": 395}, "GEOGRAFIE": {"medie": 9.06991525423729, "reusita": 99.15254237288136, "cnt": 118}, "PSIHOLOGIE": {"medie": 8.584999999999997, "reusita": 100.0, "cnt": 10}, "MATEMATICA ST-NAT": {"medie": 8.861722488038279, "reusita": 96.17224880382776, "cnt": 209}, "ANATOMIE SI FIZIOLOGIE UMANA, GENETICA SI ECOLOGIE UMANA": {"medie": 9.10053418803419, "reusita": 99.57264957264957, "cnt": 468}, "FIZICA TEO": {"medie": 8.603864734299517, "reusita": 96.61835748792271, "cnt": 207}, "FILOSOFIE": {"medie": 9.262500000000001, "reusita": 100.0, "cnt": 4}, "ECONOMIE": {"medie": 8.72142857142857, "reusita": 100.0, "cnt": 21}, "LOGICA, ARGUMENTARE SI COMUNICARE": {"medie": 8.812295081967212, "reusita": 95.08196721311475, "cnt": 122}, "SOCIOLOGIE": {"medie": 8.550416666666665, "reusita": 96.66666666666667, "cnt": 120}, "INFORMATICA MI PASCAL": {"medie": 7.25, "reusita": 100.0, "cnt": 1}}, "nume": "LICEUL TEORETIC \"GRIGORE MOISIL\" TULCEA\tTulcea"}