{"specializari": {"MATEMATICA-INFORMATICA": 139, "TEHNICIAN IN GASTRONOMIE": 31, "FILOLOGIE": 70, "STIINTE ALE NATURII": 10}, "limba_moderna": {"LIMBA ENGLEZA": 246, "LIMBA FRANCEZA": 4}, "limba_materna": {"LIMBA ROMANA": 250}, "promotie_anterioara": {"DA": 63, "NU": 187}, "materii": {"LIMBA ROMANA": {"medie": 5.618999999999999, "reusita": 42.4, "cnt": 250}, "MATEMATICA MATE-INFO": {"medie": 5.652158273381294, "reusita": 43.884892086330936, "cnt": 139}, "BIOLOGIE VEGETALA SI ANIMALA": {"medie": 6.0677419354838715, "reusita": 52.68817204301075, "cnt": 93}, "GENERAL": {"medie": 5.660866666666663, "reusita": 44.800000000000004, "cnt": 250}, "CHIMIE ORGANICA TEO NIVEL I/II": {"medie": 6.55, "reusita": 100.0, "cnt": 1}, "INFORMATICA MI C/C++": {"medie": 9.35, "reusita": 100.0, "cnt": 1}, "CHIMIE ANORGANICA TEO NIVEL I/II": {"medie": 9.4, "reusita": 100.0, "cnt": 1}, "ISTORIE": {"medie": 5.348571428571429, "reusita": 27.142857142857142, "cnt": 70}, "GEOGRAFIE": {"medie": 5.768556701030926, "reusita": 49.48453608247423, "cnt": 97}, "PSIHOLOGIE": {"medie": 7.45, "reusita": 100.0, "cnt": 2}, "MATEMATICA ST-NAT": {"medie": 2.3850000000000002, "reusita": 20.0, "cnt": 10}, "ANATOMIE SI FIZIOLOGIE UMANA, GENETICA SI ECOLOGIE UMANA": {"medie": 6.339583333333333, "reusita": 58.333333333333336, "cnt": 48}, "FIZICA TEO": {"medie": 8.05, "reusita": 100.0, "cnt": 5}, "FILOSOFIE": {"medie": 7.275, "reusita": 50.0, "cnt": 2}, "MATEMATICA TEHN": {"medie": 4.31774193548387, "reusita": 22.58064516129032, "cnt": 31}}, "nume": "LICEUL TEORETIC \"JEAN BART\" SULINA\tTulcea"}