{"specializari": {"TEHNICIAN IN ACTIVITATI ECONOMICE": 174, "TEHNICIAN MECATRONIST": 88, "TEHNICIAN ELECTROMECANIC": 21, "TEHNICIAN MECANIC PENTRU INTRETINERE SI REPARATII": 30, "TEHNICIAN ELECTROTEHNIST": 1, "COAFOR STILIST": 80, "TEHNICIAN ELECTRICIAN/ELECTRONIST AUTO": 29, "TEHNICIAN PRELUCRARI MECANICE": 1}, "limba_moderna": {"LIMBA ENGLEZA": 418, "LIMBA FRANCEZA": 6}, "limba_materna": {"LIMBA ROMANA": 424}, "promotie_anterioara": {"NU": 231, "DA": 193}, "materii": {"LIMBA ROMANA": {"medie": 5.166627358490566, "reusita": 31.132075471698112, "cnt": 424}, "BIOLOGIE VEGETALA SI ANIMALA": {"medie": 4.000000000000001, "reusita": 23.57142857142857, "cnt": 140}, "GENERAL": {"medie": 4.9192216981132075, "reusita": 27.830188679245282, "cnt": 424}, "GEOGRAFIE": {"medie": 5.842324561403508, "reusita": 51.31578947368421, "cnt": 228}, "PSIHOLOGIE": {"medie": 3.75, "reusita": 50.0, "cnt": 2}, "MATEMATICA TEHN": {"medie": 4.5785377358490535, "reusita": 27.358490566037734, "cnt": 424}, "FIZICA TEH": {"medie": 2.8099999999999996, "reusita": 10.0, "cnt": 20}, "ECONOMIE": {"medie": 2.966666666666667, "reusita": 0.0, "cnt": 3}, "LOGICA, ARGUMENTARE SI COMUNICARE": {"medie": 5.877272727272728, "reusita": 50.0, "cnt": 22}, "CHIMIE ANORGANICA TEH NIVEL I/II": {"medie": 3.3, "reusita": 0.0, "cnt": 1}, "CHIMIE ORGANICA TEH NIVEL I/II": {"medie": 3.5062500000000005, "reusita": 12.5, "cnt": 8}}, "nume": "LICEUL TEHNOLOGIC \"DRAGOMIR HURMUZESCU\"\tBucure\u0219ti"}