{"specializari": {"TEHNICIAN VETERINAR": 72, "TEHNICIAN ECOLOG SI PROTECTIA CALITATII MEDIULUI": 117, "TEHNICIAN TRANSPORTURI": 67, "TEHNICIAN IN ACTIVITATI ECONOMICE": 112, "TEHNICIAN ANALIZE PRODUSE ALIMENTARE": 1, "TEHNICIAN AGROMONTAN": 50, "TEHNICIAN IN AGRICULTURA": 5, "TEHNICIAN PENTRU ANIMALE DE COMPANIE": 7, "TEHNICIAN MECANIC PENTRU INTRETINERE SI REPARATII": 16}, "limba_moderna": {"LIMBA FRANCEZA": 58, "LIMBA ENGLEZA": 389}, "limba_materna": {"LIMBA ROMANA": 447}, "promotie_anterioara": {"DA": 178, "NU": 269}, "materii": {"LIMBA ROMANA": {"medie": 4.665324384787472, "reusita": 24.384787472035793, "cnt": 447}, "BIOLOGIE VEGETALA SI ANIMALA": {"medie": 3.4153846153846152, "reusita": 17.94871794871795, "cnt": 39}, "GENERAL": {"medie": 4.684228187919462, "reusita": 17.449664429530202, "cnt": 447}, "GEOGRAFIE": {"medie": 6.258035714285714, "reusita": 66.07142857142857, "cnt": 112}, "ANATOMIE SI FIZIOLOGIE UMANA, GENETICA SI ECOLOGIE UMANA": {"medie": 5.552765957446811, "reusita": 42.97872340425532, "cnt": 235}, "MATEMATICA TEHN": {"medie": 4.310067114093961, "reusita": 25.503355704697988, "cnt": 447}, "FIZICA TEH": {"medie": 2.140163934426229, "reusita": 0.0, "cnt": 61}}, "nume": "LICEUL TEHNOLOGIC AGRICOL BECLEAN\tBistri\u021ba-N\u0103s\u0103ud"}