{"specializari": {"TEHNICIAN ELECTROMECANIC": 227, "TEHNICIAN IN INSTALATII ELECTRICE": 141, "TEHNICIAN IN AUTOMATIZARI": 273, "TEHNICIAN MECATRONIST": 103, "TEHNICIAN METROLOG": 98, "TEHNICIAN OPERATOR TELEMATICA": 163}, "limba_moderna": {"LIMBA ENGLEZA": 939, "LIMBA FRANCEZA": 66}, "limba_materna": {"LIMBA ROMANA": 1005}, "promotie_anterioara": {"NU": 718, "DA": 287}, "materii": {"LIMBA ROMANA": {"medie": 5.156169154228852, "reusita": 37.41293532338308, "cnt": 1005}, "BIOLOGIE VEGETALA SI ANIMALA": {"medie": 4.001764705882353, "reusita": 19.67914438502674, "cnt": 935}, "GENERAL": {"medie": 4.391393034825874, "reusita": 20.99502487562189, "cnt": 1005}, "MATEMATICA TEHN": {"medie": 3.903731343283584, "reusita": 24.577114427860696, "cnt": 1005}, "FIZICA TEH": {"medie": 5.600793650793651, "reusita": 50.79365079365079, "cnt": 63}, "CHIMIE ANORGANICA TEH NIVEL I/II": {"medie": 5.324999999999999, "reusita": 50.0, "cnt": 6}, "CHIMIE ORGANICA TEH NIVEL I/II": {"medie": 8.4, "reusita": 100.0, "cnt": 1}}, "nume": "LICEUL ENERGETIC TG-JIU\tGorj"}