{"specializari": {"TEHNICIAN PROIECTANT CAD": 96, "TEHNICIAN OPERATOR TEHNICA DE CALCUL": 90, "TEHNICIAN ANALIZE PRODUSE ALIMENTARE": 68, "TEHNICIAN DESIGNER VESTIMENTAR": 96, "TEHNICIAN IN TURISM": 130, "TEHNICIAN IN CONSTRUCTII SI LUCRARI PUBLICE": 27, "TEHNICIAN MECATRONIST": 34, "TEHNICIAN ELECTRONIST": 57, "MATEMATICA-INFORMATICA": 83, "TEHNICIAN IN ACTIVITATI ECONOMICE": 100, "TEHNICIAN MECANIC PENTRU INTRETINERE SI REPARATII": 36, "TEHNICIAN IN HOTELARIE": 103, "TEHNICIAN IN INDUSTRIA TEXTILA": 33, "TEHNICIAN OPERATORI ROBOTI INDUSTRIALI": 1, "FILOLOGIE": 2, "TEHNICIAN IN GASTRONOMIE": 1, "TEHNICIAN HIDRO-METEOROLOG": 2, "TEHNICIAN IN AUTOMATIZARI": 36, "TEHNICIAN VETERINAR": 1, "TEHNICIAN PRELUCRARI MECANICE": 2, "TEHNICIAN IN ACTIVITATI DE COMERT": 99, "TEHNICIAN PRELUCRARI PE MASINI CU COMANDA NUMERICA": 39, "TEHNICIAN ELECTROMECANIC": 1}, "limba_moderna": {"LIMBA ENGLEZA": 1052, "LIMBA FRANCEZA": 84, "LIMBA RUSA": 1}, "limba_materna": {"LIMBA ROMANA": 1137}, "promotie_anterioara": {"DA": 358, "NU": 779}, "materii": {"LIMBA ROMANA": {"medie": 5.320668425681632, "reusita": 32.365875109938436, "cnt": 1137}, "MATEMATICA MATE-INFO": {"medie": 2.993373493975904, "reusita": 15.66265060240964, "cnt": 83}, "BIOLOGIE VEGETALA SI ANIMALA": {"medie": 3.928985507246378, "reusita": 19.66873706004141, "cnt": 483}, "GENERAL": {"medie": 4.990369393139839, "reusita": 28.671943711521546, "cnt": 1137}, "INFORMATICA MI C/C++": {"medie": 2.75, "reusita": 0.0, "cnt": 1}, "CHIMIE ANORGANICA TEO NIVEL I/II": {"medie": 5.516666666666667, "reusita": 33.33333333333333, "cnt": 3}, "ISTORIE": {"medie": 6.2, "reusita": 100.0, "cnt": 2}, "GEOGRAFIE": {"medie": 7.11390186915888, "reusita": 77.57009345794393, "cnt": 428}, "PSIHOLOGIE": {"medie": 7.7, "reusita": 100.0, "cnt": 1}, "ANATOMIE SI FIZIOLOGIE UMANA, GENETICA SI ECOLOGIE UMANA": {"medie": 5.509090909090909, "reusita": 38.961038961038966, "cnt": 77}, "FIZICA TEO": {"medie": 2.25, "reusita": 0.0, "cnt": 3}, "MATEMATICA TEHN": {"medie": 4.460076045627382, "reusita": 25.475285171102662, "cnt": 1052}, "FIZICA TEH": {"medie": 4.035294117647059, "reusita": 18.627450980392158, "cnt": 102}, "ECONOMIE": {"medie": 4.75, "reusita": 50.0, "cnt": 2}, "LOGICA, ARGUMENTARE SI COMUNICARE": {"medie": 4.2875, "reusita": 25.0, "cnt": 4}, "CHIMIE ANORGANICA TEH NIVEL I/II": {"medie": 5.885000000000001, "reusita": 43.333333333333336, "cnt": 30}, "CHIMIE ORGANICA TEH NIVEL I/II": {"medie": 1.5, "reusita": 0.0, "cnt": 3}}, "nume": "LICEUL TEHNOLOGIC \"ALEXANDRU IOAN CUZA\", MUN. BARLAD\tVaslui"}