{"specializari": {"STIINTE ALE NATURII": 669, "MATEMATICA-INFORMATICA": 550, "FILOLOGIE": 243}, "limba_moderna": {"LIMBA ENGLEZA": 1436, "LIMBA FRANCEZA": 25, "LIMBA GERMANA MODERNA": 1}, "limba_materna": {"LIMBA ROMANA": 1462}, "promotie_anterioara": {"NU": 1380, "DA": 82}, "materii": {"LIMBA ROMANA": {"medie": 7.399487004103967, "reusita": 83.58413132694939, "cnt": 1462}, "MATEMATICA MATE-INFO": {"medie": 7.504454545454542, "reusita": 83.0909090909091, "cnt": 550}, "BIOLOGIE VEGETALA SI ANIMALA": {"medie": 7.479792746113986, "reusita": 81.86528497409327, "cnt": 193}, "GENERAL": {"medie": 7.5999088007295885, "reusita": 89.39808481532148, "cnt": 1462}, "CHIMIE ORGANICA TEO NIVEL I/II": {"medie": 7.748275862068966, "reusita": 91.37931034482759, "cnt": 58}, "INFORMATICA MI C/C++": {"medie": 7.355769230769231, "reusita": 85.57692307692307, "cnt": 104}, "CHIMIE ANORGANICA TEO NIVEL I/II": {"medie": 7.086, "reusita": 72.0, "cnt": 25}, "ISTORIE": {"medie": 7.730246913580252, "reusita": 86.41975308641975, "cnt": 243}, "GEOGRAFIE": {"medie": 8.520560747663552, "reusita": 97.19626168224299, "cnt": 107}, "PSIHOLOGIE": {"medie": 8.522727272727273, "reusita": 100.0, "cnt": 11}, "MATEMATICA ST-NAT": {"medie": 7.527503736920788, "reusita": 83.85650224215246, "cnt": 669}, "ANATOMIE SI FIZIOLOGIE UMANA, GENETICA SI ECOLOGIE UMANA": {"medie": 8.047159090909105, "reusita": 91.55844155844156, "cnt": 616}, "FIZICA TEO": {"medie": 7.5330143540669825, "reusita": 80.86124401913875, "cnt": 209}, "FILOSOFIE": {"medie": 7.5, "reusita": 100.0, "cnt": 1}, "INFORMATICA SN C/C++": {"medie": 7.632142857142855, "reusita": 78.57142857142857, "cnt": 14}, "ECONOMIE": {"medie": 7.4333333333333345, "reusita": 86.66666666666667, "cnt": 15}, "LOGICA, ARGUMENTARE SI COMUNICARE": {"medie": 8.255357142857141, "reusita": 89.28571428571429, "cnt": 28}, "SOCIOLOGIE": {"medie": 7.954320987654322, "reusita": 88.88888888888889, "cnt": 81}}, "nume": "LICEUL TEORETIC \"C.A. ROSETTI\"\tBucure\u0219ti"}