{"specializari": {"FILOLOGIE": 398, "STIINTE ALE NATURII": 235, "MATEMATICA-INFORMATICA": 198}, "limba_moderna": {"LIMBA ENGLEZA": 831}, "limba_materna": {"LIMBA ROMANA": 831}, "promotie_anterioara": {"NU": 702, "DA": 129}, "materii": {"LIMBA ROMANA": {"medie": 6.6730445246690815, "reusita": 64.50060168471721, "cnt": 831}, "MATEMATICA MATE-INFO": {"medie": 7.656565656565661, "reusita": 81.81818181818183, "cnt": 198}, "BIOLOGIE VEGETALA SI ANIMALA": {"medie": 5.85, "reusita": 0.0, "cnt": 2}, "GENERAL": {"medie": 6.779302045728027, "reusita": 67.02767749699157, "cnt": 831}, "CHIMIE ORGANICA TEO NIVEL I/II": {"medie": 8.575, "reusita": 100.0, "cnt": 2}, "INFORMATICA MI C/C++": {"medie": 7.629999999999999, "reusita": 80.0, "cnt": 15}, "ISTORIE": {"medie": 7.158417085427131, "reusita": 71.85929648241206, "cnt": 398}, "GEOGRAFIE": {"medie": 7.795618556701034, "reusita": 88.4020618556701, "cnt": 388}, "PSIHOLOGIE": {"medie": 6.025, "reusita": 75.0, "cnt": 4}, "MATEMATICA ST-NAT": {"medie": 4.1421276595744665, "reusita": 17.02127659574468, "cnt": 235}, "ANATOMIE SI FIZIOLOGIE UMANA, GENETICA SI ECOLOGIE UMANA": {"medie": 6.709223300970874, "reusita": 61.6504854368932, "cnt": 412}, "FIZICA TEO": {"medie": 7.125, "reusita": 50.0, "cnt": 2}, "LOGICA, ARGUMENTARE SI COMUNICARE": {"medie": 7.359999999999999, "reusita": 80.0, "cnt": 5}, "SOCIOLOGIE": {"medie": 9.7, "reusita": 100.0, "cnt": 1}}, "nume": "LICEUL TEORETIC \"MIHAI VELICIU\" CHISINEU-CRIS\tArad"}