{"specializari": {"FILOLOGIE": 253, "MATEMATICA-INFORMATICA": 430, "STIINTE ALE NATURII": 228}, "limba_moderna": {"LIMBA ENGLEZA": 843, "LIMBA FRANCEZA": 68}, "limba_materna": {"LIMBA ROMANA": 911}, "promotie_anterioara": {"NU": 868, "DA": 43}, "materii": {"LIMBA ROMANA": {"medie": 7.428210757409436, "reusita": 83.53457738748628, "cnt": 911}, "MATEMATICA MATE-INFO": {"medie": 7.967558139534882, "reusita": 85.34883720930233, "cnt": 430}, "BIOLOGIE VEGETALA SI ANIMALA": {"medie": 6.499649122807019, "reusita": 63.50877192982456, "cnt": 285}, "GENERAL": {"medie": 7.3970435418953535, "reusita": 80.79034028540066, "cnt": 911}, "CHIMIE ORGANICA TEO NIVEL I/II": {"medie": 9.267857142857142, "reusita": 100.0, "cnt": 14}, "INFORMATICA MI C/C++": {"medie": 8.600000000000001, "reusita": 75.0, "cnt": 4}, "CHIMIE ANORGANICA TEO NIVEL I/II": {"medie": 3.5, "reusita": 0.0, "cnt": 1}, "ISTORIE": {"medie": 7.547826086956516, "reusita": 82.6086956521739, "cnt": 253}, "GEOGRAFIE": {"medie": 7.923170731707316, "reusita": 91.869918699187, "cnt": 246}, "PSIHOLOGIE": {"medie": 5.5, "reusita": 0.0, "cnt": 1}, "MATEMATICA ST-NAT": {"medie": 5.547587719298244, "reusita": 42.10526315789473, "cnt": 228}, "ANATOMIE SI FIZIOLOGIE UMANA, GENETICA SI ECOLOGIE UMANA": {"medie": 7.536363636363635, "reusita": 90.9090909090909, "cnt": 11}, "FIZICA TEO": {"medie": 8.013469387755107, "reusita": 86.88046647230321, "cnt": 343}, "ECONOMIE": {"medie": 8.9, "reusita": 100.0, "cnt": 1}, "LOGICA, ARGUMENTARE SI COMUNICARE": {"medie": 8.466666666666667, "reusita": 100.0, "cnt": 3}, "SOCIOLOGIE": {"medie": 4.025, "reusita": 0.0, "cnt": 2}}, "nume": "LICEUL TEORETIC \"RADU VLADESCU\" ORAS PATARLAGELE\tBuz\u0103u"}