{"specializari": {"FILOLOGIE": 43, "MATEMATICA-INFORMATICA": 57, "STIINTE ALE NATURII": 23}, "limba_moderna": {"LIMBA ENGLEZA": 123}, "limba_materna": {"LIMBA ROMANA": 44, "LIMBA MAGHIARA": 79}, "promotie_anterioara": {"NU": 83, "DA": 40}, "materii": {"LIMBA ROMANA": {"medie": 5.446747967479675, "reusita": 43.08943089430895, "cnt": 123}, "MATEMATICA MATE-INFO": {"medie": 5.267543859649122, "reusita": 40.35087719298245, "cnt": 57}, "BIOLOGIE VEGETALA SI ANIMALA": {"medie": 6.123387096774192, "reusita": 50.0, "cnt": 62}, "GENERAL": {"medie": 5.635027100271002, "reusita": 39.83739837398374, "cnt": 123}, "CHIMIE ORGANICA TEO NIVEL I/II": {"medie": 6.0, "reusita": 100.0, "cnt": 1}, "INFORMATICA MI C/C++": {"medie": 8.916666666666666, "reusita": 100.0, "cnt": 3}, "ISTORIE": {"medie": 4.294186046511629, "reusita": 23.25581395348837, "cnt": 43}, "GEOGRAFIE": {"medie": 4.656666666666667, "reusita": 43.333333333333336, "cnt": 30}, "PSIHOLOGIE": {"medie": 4.4125, "reusita": 25.0, "cnt": 8}, "MATEMATICA ST-NAT": {"medie": 6.9543478260869565, "reusita": 69.56521739130434, "cnt": 23}, "ANATOMIE SI FIZIOLOGIE UMANA, GENETICA SI ECOLOGIE UMANA": {"medie": 7.2125, "reusita": 75.0, "cnt": 4}, "FIZICA TEO": {"medie": 8.385000000000002, "reusita": 90.0, "cnt": 10}, "ECONOMIE": {"medie": 2.0, "reusita": 0.0, "cnt": 1}, "SOCIOLOGIE": {"medie": 4.7, "reusita": 0.0, "cnt": 4}, "LIMBA MAGHIARA (REAL)": {"medie": 7.025316455696203, "reusita": 77.21518987341773, "cnt": 79}}, "nume": "LICEUL TEORETIC \"ADY ENDRE\"\tBucure\u0219ti"}