{"specializari": {"MATEMATICA-INFORMATICA": 1194}, "limba_moderna": {"LIMBA ENGLEZA": 1154, "LIMBA GERMANA MODERNA": 6, "LIMBA FRANCEZA": 31, "LIMBA RUSA": 3}, "limba_materna": {"LIMBA ROMANA": 1194}, "promotie_anterioara": {"NU": 1175, "DA": 19}, "materii": {"LIMBA ROMANA": {"medie": 8.294681742043553, "reusita": 96.56616415410384, "cnt": 1194}, "MATEMATICA MATE-INFO": {"medie": 8.668760469011715, "reusita": 95.22613065326632, "cnt": 1194}, "BIOLOGIE VEGETALA SI ANIMALA": {"medie": 8.075000000000001, "reusita": 75.0, "cnt": 4}, "GENERAL": {"medie": 8.533668341708527, "reusita": 97.15242881072027, "cnt": 1194}, "CHIMIE ORGANICA TEO NIVEL I/II": {"medie": 8.621428571428572, "reusita": 100.0, "cnt": 14}, "INFORMATICA MI C/C++": {"medie": 8.761934156378604, "reusita": 96.98216735253772, "cnt": 729}, "CHIMIE ANORGANICA TEO NIVEL I/II": {"medie": 7.597222222222222, "reusita": 83.33333333333334, "cnt": 18}, "ANATOMIE SI FIZIOLOGIE UMANA, GENETICA SI ECOLOGIE UMANA": {"medie": 8.467031630170315, "reusita": 92.94403892944038, "cnt": 411}, "FIZICA TEO": {"medie": 8.672222222222222, "reusita": 94.44444444444444, "cnt": 18}}, "nume": "LICEUL TEORETIC DE INFORMATICA \"GRIGORE MOISIL\", IASI\tIa\u0219i"}