{"specializari": {"TEHNICIAN IN MORARIT, PANIFICATIE SI PRODUSE FAINOASE": 47, "TEHNICIAN ANALIZE PRODUSE ALIMENTARE": 135, "TEHNICIAN IN PRELUCRAREA PRODUSELOR DE ORIGINE ANIMALA": 41, "TEHNICIAN IN INDUSTRIA ALIMENTARA": 80, "MATEMATICA-INFORMATICA": 2, "TEHNICIAN IN IND. ALIM. FERMENTATIVA SI IN PREL. LEGUMELOR SI FRUCTELOR": 7}, "limba_moderna": {"LIMBA ENGLEZA": 282, "LIMBA GERMANA MODERNA": 11, "LIMBA FRANCEZA": 19}, "limba_materna": {"LIMBA ROMANA": 312}, "promotie_anterioara": {"NU": 171, "DA": 141}, "materii": {"LIMBA ROMANA": {"medie": 5.293108974358971, "reusita": 33.01282051282051, "cnt": 312}, "MATEMATICA MATE-INFO": {"medie": 2.125, "reusita": 0.0, "cnt": 2}, "BIOLOGIE VEGETALA SI ANIMALA": {"medie": 4.915886287625416, "reusita": 30.434782608695656, "cnt": 299}, "GENERAL": {"medie": 4.690491452991452, "reusita": 20.192307692307693, "cnt": 312}, "ANATOMIE SI FIZIOLOGIE UMANA, GENETICA SI ECOLOGIE UMANA": {"medie": 3.877272727272727, "reusita": 18.181818181818183, "cnt": 11}, "MATEMATICA TEHN": {"medie": 3.9114516129032264, "reusita": 19.67741935483871, "cnt": 310}, "CHIMIE ANORGANICA TEH NIVEL I/II": {"medie": 4.775, "reusita": 0.0, "cnt": 2}}, "nume": "LICEUL TEHNOLOGIC DE INDUSTRIE ALIMENTARA \"TEREZIANUM\" SIBIU\tSibiu"}