{"specializari": {"FILOLOGIE": 738, "MATEMATICA-INFORMATICA": 416, "INVATATOR - EDUCATOARE": 382, "ARTE PLASTICE SI DECORATIVE": 173, "INSTRUCTOR PENTRU ACTIVITATI EXTRASCOLARE": 2, "MUZICA": 1, "LICEU CU PROGRAM SPORTIV": 1}, "limba_moderna": {"LIMBA ENGLEZA": 1380, "LIMBA FRANCEZA": 245, "LIMBA SPANIOLA": 88}, "limba_materna": {"LIMBA ROMANA": 1713}, "promotie_anterioara": {"NU": 1561, "DA": 152}, "materii": {"LIMBA ROMANA": {"medie": 6.926152948044368, "reusita": 71.62872154115587, "cnt": 1713}, "MATEMATICA MATE-INFO": {"medie": 5.527884615384617, "reusita": 43.50961538461539, "cnt": 416}, "BIOLOGIE VEGETALA SI ANIMALA": {"medie": 6.004109589041096, "reusita": 58.21917808219178, "cnt": 146}, "GENERAL": {"medie": 6.962000389180772, "reusita": 72.38762405137186, "cnt": 1713}, "CHIMIE ORGANICA TEO NIVEL I/II": {"medie": 6.625, "reusita": 50.0, "cnt": 2}, "INFORMATICA MI C/C++": {"medie": 7.248717948717947, "reusita": 71.7948717948718, "cnt": 39}, "ISTORIE": {"medie": 6.540928961748642, "reusita": 57.92349726775956, "cnt": 915}, "GEOGRAFIE": {"medie": 7.910259067357512, "reusita": 89.22279792746114, "cnt": 965}, "PSIHOLOGIE": {"medie": 7.788461538461537, "reusita": 69.23076923076923, "cnt": 13}, "ANATOMIE SI FIZIOLOGIE UMANA, GENETICA SI ECOLOGIE UMANA": {"medie": 7.078494623655914, "reusita": 75.26881720430107, "cnt": 93}, "FIZICA TEO": {"medie": 6.2144036697247715, "reusita": 55.96330275229357, "cnt": 109}, "FILOSOFIE": {"medie": 6.371874999999999, "reusita": 68.75, "cnt": 16}, "ECONOMIE": {"medie": 7.995, "reusita": 100.0, "cnt": 10}, "LOGICA, ARGUMENTARE SI COMUNICARE": {"medie": 7.643127962085311, "reusita": 81.04265402843602, "cnt": 211}, "MATEMATICA PED": {"medie": 7.474083769633509, "reusita": 79.31937172774869, "cnt": 382}, "SOCIOLOGIE": {"medie": 6.796341463414636, "reusita": 64.63414634146342, "cnt": 82}, "INFORMATICA MI PASCAL": {"medie": 6.622222222222224, "reusita": 70.37037037037037, "cnt": 27}}, "nume": "LICEUL TEORETIC \"NICOLAE TITULESCU\" SLATINA\tOlt"}