{"specializari": {"MATEMATICA-INFORMATICA": 158, "TEHNICIAN IN ACTIVITATI ECONOMICE": 458, "TEHNICIAN IN ACHIZITII SI CONTRACTARI": 142, "TEHNICIAN IN TURISM": 116, "TEHNICIAN IN ACTIVITATI DE COMERT": 3, "ORGANIZATOR BANQUETING": 4}, "limba_moderna": {"LIMBA ENGLEZA": 874, "LIMBA FRANCEZA": 7}, "limba_materna": {"LIMBA ROMANA": 881}, "promotie_anterioara": {"NU": 726, "DA": 155}, "materii": {"LIMBA ROMANA": {"medie": 5.9620317820658375, "reusita": 49.48921679909194, "cnt": 881}, "MATEMATICA MATE-INFO": {"medie": 4.518354430379747, "reusita": 23.417721518987342, "cnt": 158}, "GENERAL": {"medie": 5.686984487325006, "reusita": 43.01929625425653, "cnt": 881}, "GEOGRAFIE": {"medie": 6.424373259052926, "reusita": 65.73816155988858, "cnt": 718}, "PSIHOLOGIE": {"medie": 3.45, "reusita": 0.0, "cnt": 2}, "ANATOMIE SI FIZIOLOGIE UMANA, GENETICA SI ECOLOGIE UMANA": {"medie": 6.659235668789807, "reusita": 70.06369426751591, "cnt": 157}, "FIZICA TEO": {"medie": 5.0, "reusita": 0.0, "cnt": 1}, "MATEMATICA TEHN": {"medie": 4.665421853388658, "reusita": 29.460580912863072, "cnt": 723}, "ECONOMIE": {"medie": 7.016666666666667, "reusita": 66.66666666666666, "cnt": 3}}, "nume": "LICEUL ECONOMIC NASAUD\tBistri\u021ba-N\u0103s\u0103ud"}