{"specializari": {"TEHNICIAN IN ACTIVITATI ECONOMICE": 149, "TEHNICIAN IN AGRICULTURA ECOLOGICA": 101, "TEHNICIAN IN MORARIT, PANIFICATIE SI PRODUSE FAINOASE": 69, "TEHNICIAN MECANIC PENTRU INTRETINERE SI REPARATII": 93, "TEHNICIAN IN INSTALATII ELECTRICE": 2, "TEHNICIAN IN ACTIVITATI DE COMERT": 58, "TEHNICIAN ECOLOG SI PROTECTIA CALITATII MEDIULUI": 14, "TEHNICIAN IN AGRICULTURA": 15, "TEHNICIAN MECATRONIST": 1, "TEHNICIAN HORTICULTOR": 21}, "limba_moderna": {"LIMBA ENGLEZA": 438, "LIMBA FRANCEZA": 85}, "limba_materna": {"LIMBA ROMANA": 523}, "promotie_anterioara": {"NU": 378, "DA": 145}, "materii": {"LIMBA ROMANA": {"medie": 3.795697896749519, "reusita": 13.766730401529637, "cnt": 523}, "BIOLOGIE VEGETALA SI ANIMALA": {"medie": 1.9484848484848485, "reusita": 3.0303030303030303, "cnt": 66}, "GENERAL": {"medie": 3.2159974506054816, "reusita": 9.177820267686425, "cnt": 523}, "GEOGRAFIE": {"medie": 4.5978260869565215, "reusita": 32.850241545893724, "cnt": 207}, "ANATOMIE SI FIZIOLOGIE UMANA, GENETICA SI ECOLOGIE UMANA": {"medie": 3.2635321100917443, "reusita": 15.59633027522936, "cnt": 218}, "MATEMATICA TEHN": {"medie": 2.295697896749522, "reusita": 7.648183556405354, "cnt": 523}, "FIZICA TEH": {"medie": 2.134375, "reusita": 9.375, "cnt": 32}}, "nume": "LICEUL TEHNOLOGIC \"PETRE BANITA\" CALARASI\tDolj"}