{"specializari": {"STIINTE SOCIALE": 352, "INVATATOR - EDUCATOARE": 151, "STIINTE ALE NATURII": 197, "FILOLOGIE": 183, "LICEU CU PROGRAM SPORTIV": 199, "MATEMATICA-INFORMATICA": 5, "TEHNICIAN IN ACTIVITATI DE COMERT": 1}, "limba_moderna": {"LIMBA ENGLEZA": 1000, "LIMBA FRANCEZA": 70, "LIMBA RUSA": 18}, "limba_materna": {"LIMBA ROMANA": 1088}, "promotie_anterioara": {"NU": 921, "DA": 167}, "materii": {"LIMBA ROMANA": {"medie": 6.346231617647058, "reusita": 60.66176470588235, "cnt": 1088}, "MATEMATICA MATE-INFO": {"medie": 3.05, "reusita": 0.0, "cnt": 5}, "BIOLOGIE VEGETALA SI ANIMALA": {"medie": 5.733653846153848, "reusita": 46.15384615384615, "cnt": 52}, "GENERAL": {"medie": 6.679181985294113, "reusita": 66.81985294117648, "cnt": 1088}, "CHIMIE ORGANICA TEO NIVEL I/II": {"medie": 7.442857142857142, "reusita": 100.0, "cnt": 7}, "CHIMIE ANORGANICA TEO NIVEL I/II": {"medie": 7.521428571428572, "reusita": 71.42857142857143, "cnt": 7}, "ISTORIE": {"medie": 6.629019073569487, "reusita": 59.53678474114441, "cnt": 734}, "GEOGRAFIE": {"medie": 6.989473684210522, "reusita": 75.1361161524501, "cnt": 551}, "PSIHOLOGIE": {"medie": 7.65, "reusita": 75.0, "cnt": 4}, "MATEMATICA ST-NAT": {"medie": 6.428934010152287, "reusita": 57.868020304568525, "cnt": 197}, "ANATOMIE SI FIZIOLOGIE UMANA, GENETICA SI ECOLOGIE UMANA": {"medie": 7.032442748091605, "reusita": 75.57251908396947, "cnt": 131}, "FIZICA TEO": {"medie": 5.375, "reusita": 25.0, "cnt": 4}, "FILOSOFIE": {"medie": 8.6, "reusita": 100.0, "cnt": 1}, "MATEMATICA TEHN": {"medie": 1.0, "reusita": 0.0, "cnt": 1}, "INFORMATICA SN C/C++": {"medie": 6.75, "reusita": 100.0, "cnt": 1}, "LOGICA, ARGUMENTARE SI COMUNICARE": {"medie": 7.256116207951075, "reusita": 75.84097859327217, "cnt": 327}, "MATEMATICA PED": {"medie": 7.339072847682121, "reusita": 80.13245033112582, "cnt": 151}, "SOCIOLOGIE": {"medie": 7.983333333333333, "reusita": 100.0, "cnt": 3}}, "nume": "LICEUL TEORETIC \"ION CREANGA\" TULCEA\tTulcea"}