{"specializari": {"MATEMATICA-INFORMATICA": 55, "TEHNICIAN IN ACTIVITATI ECONOMICE": 59, "FILOLOGIE": 168, "STIINTE ALE NATURII": 58, "COAFOR STILIST": 1, "TEHNICIAN PRELUCRARI LA CALD": 3}, "limba_moderna": {"LIMBA ENGLEZA": 330, "LIMBA FRANCEZA": 14}, "limba_materna": {"LIMBA ROMANA": 344}, "promotie_anterioara": {"NU": 307, "DA": 37}, "materii": {"LIMBA ROMANA": {"medie": 7.159302325581391, "reusita": 69.47674418604652, "cnt": 344}, "MATEMATICA MATE-INFO": {"medie": 7.637272727272727, "reusita": 85.45454545454545, "cnt": 55}, "GENERAL": {"medie": 7.465988372093028, "reusita": 83.43023255813954, "cnt": 344}, "CHIMIE ORGANICA TEO NIVEL I/II": {"medie": 8.35, "reusita": 100.0, "cnt": 3}, "INFORMATICA MI C/C++": {"medie": 6.3, "reusita": 100.0, "cnt": 1}, "CHIMIE ANORGANICA TEO NIVEL I/II": {"medie": 8.5, "reusita": 100.0, "cnt": 3}, "ISTORIE": {"medie": 7.406250000000003, "reusita": 80.35714285714286, "cnt": 168}, "GEOGRAFIE": {"medie": 6.940357142857143, "reusita": 79.28571428571428, "cnt": 140}, "PSIHOLOGIE": {"medie": 9.7, "reusita": 100.0, "cnt": 1}, "MATEMATICA ST-NAT": {"medie": 7.882758620689655, "reusita": 89.65517241379311, "cnt": 58}, "ANATOMIE SI FIZIOLOGIE UMANA, GENETICA SI ECOLOGIE UMANA": {"medie": 8.48857142857143, "reusita": 92.38095238095238, "cnt": 105}, "MATEMATICA TEHN": {"medie": 6.493650793650794, "reusita": 65.07936507936508, "cnt": 63}, "FIZICA TEH": {"medie": 2.433333333333333, "reusita": 0.0, "cnt": 3}, "INFORMATICA SN C/C++": {"medie": 9.6, "reusita": 100.0, "cnt": 1}, "ECONOMIE": {"medie": 8.899999999999999, "reusita": 100.0, "cnt": 2}, "LOGICA, ARGUMENTARE SI COMUNICARE": {"medie": 8.791764705882356, "reusita": 96.47058823529412, "cnt": 85}}, "nume": "LICEUL TEORETIC \"RADU PETRESCU\" PRUNDU BARGAULUI\tBistri\u021ba-N\u0103s\u0103ud"}