{"specializari": {"TEHNICIAN IN TURISM": 104, "MATEMATICA-INFORMATICA": 192, "FILOLOGIE": 59, "TEHNICIAN IN ADMINISTRATIE": 1, "TEHNICIAN IN GASTRONOMIE": 109, "STIINTE ALE NATURII": 1, "TEHNICIAN IN INDUSTRIA TEXTILA": 1, "COAFOR STILIST": 3, "TEHNICIAN DESIGNER VESTIMENTAR": 1}, "limba_moderna": {"LIMBA ENGLEZA": 336, "LIMBA FRANCEZA": 135}, "limba_materna": {"LIMBA ROMANA": 471}, "promotie_anterioara": {"NU": 342, "DA": 129}, "materii": {"LIMBA ROMANA": {"medie": 5.806794055201704, "reusita": 49.25690021231423, "cnt": 471}, "MATEMATICA MATE-INFO": {"medie": 5.180208333333336, "reusita": 35.41666666666667, "cnt": 192}, "BIOLOGIE VEGETALA SI ANIMALA": {"medie": 3.9125, "reusita": 37.5, "cnt": 8}, "GENERAL": {"medie": 5.492781316348189, "reusita": 41.825902335456476, "cnt": 471}, "CHIMIE ORGANICA TEO NIVEL I/II": {"medie": 6.541666666666667, "reusita": 58.333333333333336, "cnt": 12}, "INFORMATICA MI C/C++": {"medie": 6.35, "reusita": 100.0, "cnt": 1}, "ISTORIE": {"medie": 5.770338983050844, "reusita": 32.20338983050847, "cnt": 59}, "GEOGRAFIE": {"medie": 5.765925925925924, "reusita": 54.074074074074076, "cnt": 270}, "MATEMATICA ST-NAT": {"medie": 1.85, "reusita": 0.0, "cnt": 1}, "ANATOMIE SI FIZIOLOGIE UMANA, GENETICA SI ECOLOGIE UMANA": {"medie": 6.675574712643677, "reusita": 64.36781609195403, "cnt": 174}, "MATEMATICA TEHN": {"medie": 3.6616438356164385, "reusita": 13.24200913242009, "cnt": 219}, "LOGICA, ARGUMENTARE SI COMUNICARE": {"medie": 8.833333333333334, "reusita": 100.0, "cnt": 6}}, "nume": "LICEUL \"HERCULES\" BAILE HERCULANE\tCara\u0219-Severin"}