{"specializari": {"MATEMATICA-INFORMATICA": 181, "FILOLOGIE": 145, "STIINTE SOCIALE": 2, "TEHNICIAN IN ACTIVITATI DE COMERT": 29, "STIINTE ALE NATURII": 55}, "limba_moderna": {"LIMBA ENGLEZA": 363, "LIMBA GERMANA MODERNA": 49}, "limba_materna": {"LIMBA MAGHIARA": 412}, "promotie_anterioara": {"NU": 365, "DA": 47}, "materii": {"LIMBA ROMANA": {"medie": 5.100728155339798, "reusita": 39.07766990291262, "cnt": 412}, "MATEMATICA MATE-INFO": {"medie": 6.287569060773476, "reusita": 56.9060773480663, "cnt": 181}, "BIOLOGIE VEGETALA SI ANIMALA": {"medie": 7.4, "reusita": 100.0, "cnt": 1}, "GENERAL": {"medie": 6.170418689320387, "reusita": 52.42718446601942, "cnt": 412}, "CHIMIE ORGANICA TEO NIVEL I/II": {"medie": 7.581250000000001, "reusita": 87.5, "cnt": 8}, "INFORMATICA MI C/C++": {"medie": 6.883333333333332, "reusita": 63.44086021505376, "cnt": 93}, "ISTORIE": {"medie": 6.027210884353743, "reusita": 48.29931972789115, "cnt": 147}, "GEOGRAFIE": {"medie": 6.0473154362416075, "reusita": 53.691275167785236, "cnt": 149}, "MATEMATICA ST-NAT": {"medie": 5.376363636363637, "reusita": 30.909090909090907, "cnt": 55}, "ANATOMIE SI FIZIOLOGIE UMANA, GENETICA SI ECOLOGIE UMANA": {"medie": 8.213725490196078, "reusita": 93.13725490196079, "cnt": 102}, "FIZICA TEO": {"medie": 5.802777777777779, "reusita": 38.88888888888889, "cnt": 18}, "FILOSOFIE": {"medie": 5.45, "reusita": 12.5, "cnt": 8}, "MATEMATICA TEHN": {"medie": 2.3017241379310347, "reusita": 10.344827586206897, "cnt": 29}, "INFORMATICA SN C/C++": {"medie": 6.3, "reusita": 33.33333333333333, "cnt": 3}, "ECONOMIE": {"medie": 2.6, "reusita": 0.0, "cnt": 1}, "LOGICA, ARGUMENTARE SI COMUNICARE": {"medie": 6.569444444444444, "reusita": 61.111111111111114, "cnt": 18}, "INFORMATICA MI PASCAL": {"medie": 8.568181818181818, "reusita": 100.0, "cnt": 11}, "LIMBA MAGHIARA (REAL)": {"medie": 7.2171698113207565, "reusita": 80.75471698113208, "cnt": 265}, "LIMBA MAGHIARA (UMAN)": {"medie": 6.389115646258502, "reusita": 61.904761904761905, "cnt": 147}}, "nume": "LICEUL TEORETIC \"ARANY JANOS\" SALONTA\tBihor"}