{"specializari": {"TEHNICIAN IN MORARIT, PANIFICATIE SI PRODUSE FAINOASE": 6, "TEHNICIAN DESIGNER VESTIMENTAR": 1, "TEHNICIAN OPERATOR TEHNICA DE CALCUL": 47, "TEHNICIAN IN INDUSTRIA TEXTILA": 12, "TEHNICIAN IN ACHIZITII SI CONTRACTARI": 5, "MATEMATICA-INFORMATICA": 1, "STIINTE SOCIALE": 10}, "limba_moderna": {"LIMBA ENGLEZA": 76, "LIMBA GERMANA MODERNA": 2, "LIMBA FRANCEZA": 4}, "limba_materna": {"LIMBA ROMANA": 82}, "promotie_anterioara": {"DA": 43, "NU": 39}, "materii": {"LIMBA ROMANA": {"medie": 5.464024390243903, "reusita": 39.02439024390244, "cnt": 82}, "MATEMATICA MATE-INFO": {"medie": 5.8, "reusita": 0.0, "cnt": 1}, "BIOLOGIE VEGETALA SI ANIMALA": {"medie": 4.345454545454546, "reusita": 21.818181818181817, "cnt": 55}, "GENERAL": {"medie": 5.20548780487805, "reusita": 30.48780487804878, "cnt": 82}, "ISTORIE": {"medie": 6.025, "reusita": 40.0, "cnt": 10}, "GEOGRAFIE": {"medie": 7.22, "reusita": 93.33333333333333, "cnt": 15}, "ANATOMIE SI FIZIOLOGIE UMANA, GENETICA SI ECOLOGIE UMANA": {"medie": 5.0, "reusita": 0.0, "cnt": 1}, "MATEMATICA TEHN": {"medie": 5.133098591549294, "reusita": 33.80281690140845, "cnt": 71}, "FIZICA TEH": {"medie": 4.1000000000000005, "reusita": 14.285714285714285, "cnt": 7}, "CHIMIE ANORGANICA TEH NIVEL I/II": {"medie": 5.25, "reusita": 75.0, "cnt": 4}}, "nume": "LICEUL TEHNOLOGIC CISNADIE\tSibiu"}