{"specializari": {"FILOLOGIE": 163, "STIINTE SOCIALE": 148, "MATEMATICA-INFORMATICA": 7, "LICEU CU PROGRAM SPORTIV": 171, "STIINTE ALE NATURII": 14}, "limba_moderna": {"LIMBA FRANCEZA": 82, "LIMBA ENGLEZA": 420, "LIMBA SPANIOLA": 1}, "limba_materna": {"LIMBA ROMANA": 503}, "promotie_anterioara": {"NU": 414, "DA": 89}, "materii": {"LIMBA ROMANA": {"medie": 5.883399602385686, "reusita": 46.52087475149106, "cnt": 503}, "MATEMATICA MATE-INFO": {"medie": 4.1499999999999995, "reusita": 14.285714285714285, "cnt": 7}, "BIOLOGIE VEGETALA SI ANIMALA": {"medie": 5.142857142857143, "reusita": 42.857142857142854, "cnt": 7}, "GENERAL": {"medie": 5.889595758780652, "reusita": 49.70178926441352, "cnt": 503}, "CHIMIE ORGANICA TEO NIVEL I/II": {"medie": 8.95, "reusita": 100.0, "cnt": 1}, "CHIMIE ANORGANICA TEO NIVEL I/II": {"medie": 5.375, "reusita": 0.0, "cnt": 2}, "ISTORIE": {"medie": 5.653319502074688, "reusita": 37.551867219917014, "cnt": 482}, "GEOGRAFIE": {"medie": 6.111111111111109, "reusita": 60.83333333333333, "cnt": 360}, "PSIHOLOGIE": {"medie": 7.104545454545454, "reusita": 90.9090909090909, "cnt": 11}, "MATEMATICA ST-NAT": {"medie": 4.389285714285714, "reusita": 14.285714285714285, "cnt": 14}, "ANATOMIE SI FIZIOLOGIE UMANA, GENETICA SI ECOLOGIE UMANA": {"medie": 5.795454545454546, "reusita": 36.36363636363637, "cnt": 11}, "FILOSOFIE": {"medie": 6.8, "reusita": 100.0, "cnt": 1}, "ECONOMIE": {"medie": 5.0, "reusita": 0.0, "cnt": 1}, "LOGICA, ARGUMENTARE SI COMUNICARE": {"medie": 7.35, "reusita": 100.0, "cnt": 1}, "SOCIOLOGIE": {"medie": 6.443518518518516, "reusita": 61.111111111111114, "cnt": 108}}, "nume": "LICEUL CU PROGRAM SPORTIV \"NADIA COMANECI\" ONESTI\tBac\u0103u"}