{"specializari": {"TEHNICIAN IN ACTIVITATI ECONOMICE": 178, "TEHNICIAN DESENATOR PENTRU CONSTRUCTII SI INSTALATII": 55, "TEHNICIAN MECATRONIST": 58, "TEHNICIAN MECANIC PENTRU INTRETINERE SI REPARATII": 7, "TEHNICIAN IN ACTIVITATI DE COMERT": 10, "TEHNICIAN ECOLOG SI PROTECTIA CALITATII MEDIULUI": 53, "TEHNICIAN ELECTROMECANIC": 2, "TEHNICIAN IN AGRICULTURA ECOLOGICA": 3}, "limba_moderna": {"LIMBA ENGLEZA": 366}, "limba_materna": {"LIMBA ROMANA": 366}, "promotie_anterioara": {"NU": 231, "DA": 135}, "materii": {"LIMBA ROMANA": {"medie": 5.241256830601087, "reusita": 33.87978142076503, "cnt": 366}, "BIOLOGIE VEGETALA SI ANIMALA": {"medie": 3.375396825396826, "reusita": 17.46031746031746, "cnt": 126}, "GENERAL": {"medie": 4.738952641165747, "reusita": 25.136612021857925, "cnt": 366}, "GEOGRAFIE": {"medie": 6.3817553191489385, "reusita": 68.08510638297872, "cnt": 188}, "ANATOMIE SI FIZIOLOGIE UMANA, GENETICA SI ECOLOGIE UMANA": {"medie": 5.23404255319149, "reusita": 40.42553191489361, "cnt": 47}, "MATEMATICA TEHN": {"medie": 3.8187158469945346, "reusita": 16.939890710382514, "cnt": 366}, "FIZICA TEH": {"medie": 3.2700000000000005, "reusita": 20.0, "cnt": 5}}, "nume": "LICEUL TEHNOLOGIC CHISINEU CRIS\tArad"}