{"specializari": {"TEHNICIAN IN ACTIVITATI ECONOMICE": 153, "TEHNICIAN IN TURISM": 42, "TEHNICIAN VETERINAR": 100, "TEHNICIAN IN AUTOMATIZARI": 37, "TEHNICIAN IN INDUSTRIA ALIMENTARA": 60, "TEHNICIAN DE TELECOMUNICATII": 3, "TEHNICIAN IN AGRICULTURA": 16, "TEHNICIAN IN GASTRONOMIE": 90, "TEHNICIAN AGRONOM": 9, "TEHNICIAN MECANIC PENTRU INTRETINERE SI REPARATII": 6, "TEHNICIAN IN CONSTRUCTII SI LUCRARI PUBLICE": 2, "TEHNICIAN ANALIZE PRODUSE ALIMENTARE": 29, "TEHNICIAN VETERINAR PENTRU ANIMALE DE COMPANIE": 3, "TEHNICIAN IN ADMINISTRATIE": 1, "TEHNICIAN OPERATOR TEHNICA DE CALCUL": 1, "TEHNICIAN ECOLOG SI PROTECTIA CALITATII MEDIULUI": 5, "MATEMATICA-INFORMATICA": 1, "TEHNICIAN DESIGNER VESTIMENTAR": 1}, "limba_moderna": {"LIMBA FRANCEZA": 33, "LIMBA ENGLEZA": 526}, "limba_materna": {"LIMBA ROMANA": 559}, "promotie_anterioara": {"NU": 396, "DA": 163}, "materii": {"LIMBA ROMANA": {"medie": 4.898747763864038, "reusita": 26.833631484794275, "cnt": 559}, "MATEMATICA MATE-INFO": {"medie": 1.0, "reusita": 0.0, "cnt": 1}, "BIOLOGIE VEGETALA SI ANIMALA": {"medie": 4.230999999999999, "reusita": 40.0, "cnt": 50}, "GENERAL": {"medie": 4.904561717352418, "reusita": 24.508050089445437, "cnt": 559}, "GEOGRAFIE": {"medie": 6.067957746478873, "reusita": 58.45070422535211, "cnt": 284}, "PSIHOLOGIE": {"medie": 4.675, "reusita": 50.0, "cnt": 2}, "ANATOMIE SI FIZIOLOGIE UMANA, GENETICA SI ECOLOGIE UMANA": {"medie": 5.257239819004523, "reusita": 40.27149321266968, "cnt": 221}, "MATEMATICA TEHN": {"medie": 4.244444444444443, "reusita": 29.03225806451613, "cnt": 558}, "FIZICA TEH": {"medie": 5.0, "reusita": 0.0, "cnt": 1}, "CHIMIE ORGANICA TEH NIVEL I/II": {"medie": 6.1, "reusita": 100.0, "cnt": 1}}, "nume": "LICEUL TEHNOLOGIC NR.1 SALONTA\tBihor"}