{"specializari": {"STIINTE SOCIALE": 280, "FILOLOGIE": 215, "STIINTE ALE NATURII": 251, "MATEMATICA-INFORMATICA": 304}, "limba_moderna": {"LIMBA FRANCEZA": 93, "LIMBA ENGLEZA": 952, "LIMBA RUSA": 4, "LIMBA ITALIANA": 1}, "limba_materna": {"LIMBA ROMANA": 1050}, "promotie_anterioara": {"NU": 1040, "DA": 10}, "materii": {"LIMBA ROMANA": {"medie": 8.135666666666678, "reusita": 95.33333333333334, "cnt": 1050}, "MATEMATICA MATE-INFO": {"medie": 8.48717105263158, "reusita": 94.4078947368421, "cnt": 304}, "BIOLOGIE VEGETALA SI ANIMALA": {"medie": 8.791666666666668, "reusita": 100.0, "cnt": 12}, "GENERAL": {"medie": 8.4444126984127, "reusita": 98.57142857142858, "cnt": 1050}, "CHIMIE ORGANICA TEO NIVEL I/II": {"medie": 9.012244897959185, "reusita": 97.95918367346938, "cnt": 49}, "INFORMATICA MI C/C++": {"medie": 8.843430656934308, "reusita": 97.8102189781022, "cnt": 137}, "ISTORIE": {"medie": 8.472121212121204, "reusita": 97.57575757575758, "cnt": 495}, "GEOGRAFIE": {"medie": 8.645866141732284, "reusita": 97.24409448818898, "cnt": 254}, "PSIHOLOGIE": {"medie": 8.540740740740741, "reusita": 100.0, "cnt": 27}, "MATEMATICA ST-NAT": {"medie": 8.326693227091639, "reusita": 95.61752988047809, "cnt": 251}, "ANATOMIE SI FIZIOLOGIE UMANA, GENETICA SI ECOLOGIE UMANA": {"medie": 8.78418674698795, "reusita": 97.89156626506023, "cnt": 332}, "FIZICA TEO": {"medie": 7.8681818181818155, "reusita": 95.45454545454545, "cnt": 22}, "FILOSOFIE": {"medie": 7.7, "reusita": 100.0, "cnt": 3}, "INFORMATICA SN C/C++": {"medie": 8.416666666666666, "reusita": 100.0, "cnt": 3}, "LOGICA, ARGUMENTARE SI COMUNICARE": {"medie": 8.934451219512194, "reusita": 98.78048780487805, "cnt": 164}, "SOCIOLOGIE": {"medie": 8.62340425531915, "reusita": 100.0, "cnt": 47}}, "nume": "LICEUL TEORETIC \"MIRON COSTIN\", IASI\tIa\u0219i"}