{"specializari": {"MATEMATICA-INFORMATICA": 434, "FILOLOGIE": 527, "STIINTE ALE NATURII": 159, "STIINTE SOCIALE": 2}, "limba_moderna": {"LIMBA ENGLEZA": 1043, "LIMBA FRANCEZA": 79}, "limba_materna": {"LIMBA ROMANA": 1122}, "promotie_anterioara": {"NU": 1057, "DA": 65}, "materii": {"LIMBA ROMANA": {"medie": 7.644474153297691, "reusita": 84.31372549019608, "cnt": 1122}, "MATEMATICA MATE-INFO": {"medie": 7.647811059907835, "reusita": 79.03225806451613, "cnt": 434}, "BIOLOGIE VEGETALA SI ANIMALA": {"medie": 7.239236111111116, "reusita": 78.47222222222221, "cnt": 288}, "GENERAL": {"medie": 7.688844325609048, "reusita": 87.96791443850267, "cnt": 1122}, "CHIMIE ORGANICA TEO NIVEL I/II": {"medie": 9.07033898305085, "reusita": 100.0, "cnt": 59}, "INFORMATICA MI C/C++": {"medie": 5.925000000000001, "reusita": 50.0, "cnt": 4}, "ISTORIE": {"medie": 7.759829867674856, "reusita": 86.57844990548205, "cnt": 529}, "GEOGRAFIE": {"medie": 8.403703703703707, "reusita": 92.5925925925926, "cnt": 135}, "PSIHOLOGIE": {"medie": 8.448076923076924, "reusita": 88.46153846153845, "cnt": 26}, "MATEMATICA ST-NAT": {"medie": 6.590251572327045, "reusita": 68.55345911949685, "cnt": 159}, "ANATOMIE SI FIZIOLOGIE UMANA, GENETICA SI ECOLOGIE UMANA": {"medie": 7.155952380952383, "reusita": 80.95238095238095, "cnt": 42}, "FIZICA TEO": {"medie": 7.896875000000001, "reusita": 86.60714285714286, "cnt": 112}, "ECONOMIE": {"medie": 7.957692307692307, "reusita": 80.76923076923077, "cnt": 26}, "LOGICA, ARGUMENTARE SI COMUNICARE": {"medie": 9.2, "reusita": 100.0, "cnt": 2}, "SOCIOLOGIE": {"medie": 7.972941176470587, "reusita": 89.70588235294117, "cnt": 340}, "INFORMATICA MI PASCAL": {"medie": 8.09772727272727, "reusita": 94.31818181818183, "cnt": 88}}, "nume": "LICEUL TEORETIC \"MIHAI EMINESCU\" CALARASI\tC\u0103l\u0103ra\u0219i"}