{"specializari": {"INVATATOR - EDUCATOARE": 347, "FILOLOGIE": 196, "INSTRUCTOR PENTRU ACTIVITATI EXTRASCOLARE": 108, "LICEU CU PROGRAM SPORTIV": 180, "MUZICA": 142, "ARTE PLASTICE SI DECORATIVE": 189}, "limba_moderna": {"LIMBA ENGLEZA": 1033, "LIMBA SPANIOLA": 43, "LIMBA FRANCEZA": 85, "LIMBA RUSA": 1}, "limba_materna": {"LIMBA ROMANA": 1162}, "promotie_anterioara": {"NU": 1005, "DA": 157}, "materii": {"LIMBA ROMANA": {"medie": 6.479604130808947, "reusita": 62.99483648881239, "cnt": 1162}, "GENERAL": {"medie": 6.507989099254157, "reusita": 62.822719449225474, "cnt": 1162}, "ISTORIE": {"medie": 5.902392638036811, "reusita": 39.50920245398773, "cnt": 815}, "GEOGRAFIE": {"medie": 6.600075757575759, "reusita": 68.18181818181817, "cnt": 660}, "PSIHOLOGIE": {"medie": 7.686749116607778, "reusita": 85.51236749116607, "cnt": 283}, "FILOSOFIE": {"medie": 7.605555555555554, "reusita": 77.77777777777779, "cnt": 9}, "LOGICA, ARGUMENTARE SI COMUNICARE": {"medie": 6.679761904761904, "reusita": 71.9047619047619, "cnt": 210}, "MATEMATICA PED": {"medie": 6.75648414985591, "reusita": 71.75792507204612, "cnt": 347}}, "nume": "LICEUL PEDAGOGIC \"IOAN POPESCU\", MUN. BARLAD\tVaslui"}