{"specializari": {"TEHNICIAN MECATRONIST": 73, "MATEMATICA-INFORMATICA": 68}, "limba_moderna": {"LIMBA ENGLEZA": 91, "LIMBA FRANCEZA": 50}, "limba_materna": {"LIMBA ROMANA": 141}, "promotie_anterioara": {"NU": 115, "DA": 26}, "materii": {"LIMBA ROMANA": {"medie": 4.797517730496456, "reusita": 40.42553191489361, "cnt": 141}, "MATEMATICA MATE-INFO": {"medie": 2.8572463768115943, "reusita": 10.144927536231885, "cnt": 69}, "BIOLOGIE VEGETALA SI ANIMALA": {"medie": 4.166964285714286, "reusita": 28.57142857142857, "cnt": 112}, "GENERAL": {"medie": 4.526832151300239, "reusita": 31.914893617021278, "cnt": 141}, "ANATOMIE SI FIZIOLOGIE UMANA, GENETICA SI ECOLOGIE UMANA": {"medie": 5.948148148148149, "reusita": 44.44444444444444, "cnt": 27}, "MATEMATICA TEHN": {"medie": 5.560416666666667, "reusita": 37.5, "cnt": 72}, "FIZICA TEH": {"medie": 6.8, "reusita": 50.0, "cnt": 2}}, "nume": "LICEUL TEHNOLOGIC \"LIVIU REBREANU\" HIDA\tS\u0103laj"}