{"specializari": {"MATEMATICA-INFORMATICA": 193, "STIINTE ALE NATURII": 132, "TEHNICIAN MECANIC PENTRU INTRETINERE SI REPARATII": 88, "FILOLOGIE": 258, "TEHNICIAN MECATRONIST": 6, "TEHNICIAN IN ACTIVITATI DE COMERT": 1}, "limba_moderna": {"LIMBA ENGLEZA": 624, "LIMBA FRANCEZA": 54}, "limba_materna": {"LIMBA ROMANA": 678}, "promotie_anterioara": {"NU": 549, "DA": 129}, "materii": {"LIMBA ROMANA": {"medie": 6.288053097345133, "reusita": 61.504424778761056, "cnt": 678}, "MATEMATICA MATE-INFO": {"medie": 7.493782383419689, "reusita": 75.12953367875647, "cnt": 193}, "BIOLOGIE VEGETALA SI ANIMALA": {"medie": 2.9250000000000007, "reusita": 14.444444444444443, "cnt": 90}, "GENERAL": {"medie": 6.42342674532939, "reusita": 60.47197640117994, "cnt": 678}, "CHIMIE ORGANICA TEO NIVEL I/II": {"medie": 8.7, "reusita": 100.0, "cnt": 1}, "INFORMATICA MI C/C++": {"medie": 8.822222222222221, "reusita": 100.0, "cnt": 18}, "CHIMIE ANORGANICA TEO NIVEL I/II": {"medie": 8.996428571428572, "reusita": 100.0, "cnt": 14}, "ISTORIE": {"medie": 6.880232558139531, "reusita": 62.4031007751938, "cnt": 258}, "GEOGRAFIE": {"medie": 7.451659751037347, "reusita": 86.30705394190872, "cnt": 241}, "MATEMATICA ST-NAT": {"medie": 4.903787878787877, "reusita": 27.27272727272727, "cnt": 132}, "ANATOMIE SI FIZIOLOGIE UMANA, GENETICA SI ECOLOGIE UMANA": {"medie": 7.376503759398494, "reusita": 80.07518796992481, "cnt": 266}, "FIZICA TEO": {"medie": 7.708333333333333, "reusita": 66.66666666666666, "cnt": 6}, "FILOSOFIE": {"medie": 5.933333333333333, "reusita": 66.66666666666666, "cnt": 3}, "MATEMATICA TEHN": {"medie": 3.096315789473684, "reusita": 22.105263157894736, "cnt": 95}, "FIZICA TEH": {"medie": 1.175, "reusita": 0.0, "cnt": 6}, "LOGICA, ARGUMENTARE SI COMUNICARE": {"medie": 7.942857142857144, "reusita": 100.0, "cnt": 7}, "SOCIOLOGIE": {"medie": 6.4750000000000005, "reusita": 75.0, "cnt": 8}, "INFORMATICA MI PASCAL": {"medie": 8.523529411764706, "reusita": 94.11764705882352, "cnt": 17}, "CHIMIE ANORGANICA TEH NIVEL I/II": {"medie": 1.0, "reusita": 0.0, "cnt": 1}}, "nume": "LICEUL \"DR. LAZAR CHIRILA\" BAIA DE ARIES\tAlba"}