{"specializari": {"TEHNICIAN VETERINAR": 17, "TEHNICIAN ECOLOG SI PROTECTIA CALITATII MEDIULUI": 9, "TEHNICIAN IN INDUSTRIA ALIMENTARA": 23, "TEHNICIAN MECANIC PENTRU INTRETINERE SI REPARATII": 10, "TEHNICIAN IN AGRICULTURA": 18, "TEHNICIAN PENTRU ANIMALE DE COMPANIE": 1, "TEHNICIAN ANALIZE PRODUSE ALIMENTARE": 1}, "limba_moderna": {"LIMBA ENGLEZA": 65, "LIMBA FRANCEZA": 14}, "limba_materna": {"LIMBA ROMANA": 79}, "promotie_anterioara": {"NU": 56, "DA": 23}, "materii": {"LIMBA ROMANA": {"medie": 4.5386075949367095, "reusita": 25.31645569620253, "cnt": 79}, "BIOLOGIE VEGETALA SI ANIMALA": {"medie": 3.519444444444444, "reusita": 5.555555555555555, "cnt": 18}, "GENERAL": {"medie": 4.544514767932488, "reusita": 17.72151898734177, "cnt": 79}, "ANATOMIE SI FIZIOLOGIE UMANA, GENETICA SI ECOLOGIE UMANA": {"medie": 5.215000000000001, "reusita": 43.333333333333336, "cnt": 60}, "MATEMATICA TEHN": {"medie": 4.2651898734177225, "reusita": 20.253164556962027, "cnt": 79}, "FIZICA TEH": {"medie": 5.3, "reusita": 0.0, "cnt": 1}}, "nume": "LICEUL TEHNOLOGIC \"TRAIAN SAVULESCU\" MUNICIPIUL RIMNICU SARAT\tBuz\u0103u"}