{"specializari": {"MATEMATICA-INFORMATICA": 367, "TEHNICIAN IN INDUSTRIA TEXTILA": 78, "TEHNICIAN IN PRELUCRAREA LEMNULUI": 121, "TEHNICIAN IN CONSTRUCTII SI LUCRARI PUBLICE": 84, "TEHNICIAN OPERATOR TEHNICA DE CALCUL": 175, "STIINTE ALE NATURII": 1, "FILOLOGIE": 39}, "limba_moderna": {"LIMBA ENGLEZA": 770, "LIMBA FRANCEZA": 95}, "limba_materna": {"LIMBA ROMANA": 440, "LIMBA MAGHIARA": 425}, "promotie_anterioara": {"NU": 718, "DA": 147}, "materii": {"LIMBA ROMANA": {"medie": 5.0674566473988465, "reusita": 38.49710982658959, "cnt": 865}, "MATEMATICA MATE-INFO": {"medie": 5.757901907356948, "reusita": 47.41144414168937, "cnt": 367}, "BIOLOGIE VEGETALA SI ANIMALA": {"medie": 4.177188081936684, "reusita": 25.69832402234637, "cnt": 537}, "GENERAL": {"medie": 5.195997109826587, "reusita": 35.60693641618497, "cnt": 865}, "INFORMATICA MI C/C++": {"medie": 7.964166666666665, "reusita": 90.0, "cnt": 60}, "ISTORIE": {"medie": 6.624358974358974, "reusita": 58.97435897435898, "cnt": 39}, "GEOGRAFIE": {"medie": 6.420588235294117, "reusita": 55.88235294117647, "cnt": 34}, "PSIHOLOGIE": {"medie": 7.633333333333333, "reusita": 100.0, "cnt": 3}, "MATEMATICA ST-NAT": {"medie": 5.0, "reusita": 0.0, "cnt": 1}, "ANATOMIE SI FIZIOLOGIE UMANA, GENETICA SI ECOLOGIE UMANA": {"medie": 7.840284360189571, "reusita": 88.15165876777252, "cnt": 211}, "FIZICA TEO": {"medie": 7.9625, "reusita": 100.0, "cnt": 4}, "MATEMATICA TEHN": {"medie": 3.3009825327510915, "reusita": 14.847161572052403, "cnt": 458}, "FIZICA TEH": {"medie": 3.9045454545454548, "reusita": 27.27272727272727, "cnt": 11}, "SOCIOLOGIE": {"medie": 8.0, "reusita": 100.0, "cnt": 2}, "CHIMIE ANORGANICA TEH NIVEL I/II": {"medie": 1.0, "reusita": 0.0, "cnt": 2}, "LIMBA MAGHIARA (REAL)": {"medie": 6.1577306733167125, "reusita": 60.099750623441395, "cnt": 401}, "CHIMIE ORGANICA TEH NIVEL I/II": {"medie": 8.55, "reusita": 100.0, "cnt": 1}, "LIMBA MAGHIARA (UMAN)": {"medie": 6.98125, "reusita": 87.5, "cnt": 24}}, "nume": "LICEUL TEHNOLOGIC \"GHEORGHE POP DE BASESTI\" CEHU SILVANIEI\tS\u0103laj"}