{"specializari": {"LICEU CU PROGRAM SPORTIV": 138, "COAFOR STILIST": 99, "TEHNICIAN DESENATOR PENTRU CONSTRUCTII SI INSTALATII": 13, "TEHNICIAN IN INSTALATII ELECTRICE": 18, "TEHNICIAN IN INDUSTRIA TEXTILA": 2, "TEHNICIAN DESIGNER VESTIMENTAR": 18, "TEHNICIAN OPERATOR TEHNICA DE CALCUL": 71, "TEHNICIAN IN PRELUCRAREA LEMNULUI": 7, "TEHNICIAN PRELUCRARI PE MASINI CU COMANDA NUMERICA": 17, "TEHNICIAN POLIGRAF": 13}, "limba_moderna": {"LIMBA ENGLEZA": 379, "LIMBA GERMANA MODERNA": 17}, "limba_materna": {"LIMBA MAGHIARA": 396}, "promotie_anterioara": {"NU": 322, "DA": 74}, "materii": {"LIMBA ROMANA": {"medie": 2.8093434343434356, "reusita": 4.797979797979798, "cnt": 396}, "BIOLOGIE VEGETALA SI ANIMALA": {"medie": 4.1148026315789465, "reusita": 25.657894736842106, "cnt": 152}, "GENERAL": {"medie": 4.3926452020202005, "reusita": 10.606060606060606, "cnt": 396}, "ISTORIE": {"medie": 5.722101449275364, "reusita": 36.95652173913043, "cnt": 138}, "GEOGRAFIE": {"medie": 5.346398305084746, "reusita": 41.10169491525424, "cnt": 236}, "PSIHOLOGIE": {"medie": 3.95, "reusita": 0.0, "cnt": 1}, "MATEMATICA TEHN": {"medie": 3.6073643410852694, "reusita": 13.565891472868216, "cnt": 258}, "FIZICA TEH": {"medie": 6.866666666666667, "reusita": 50.0, "cnt": 6}, "LIMBA MAGHIARA (REAL)": {"medie": 5.526893939393941, "reusita": 45.95959595959596, "cnt": 396}, "CHIMIE ORGANICA TEH NIVEL I/II": {"medie": 4.1, "reusita": 0.0, "cnt": 1}}, "nume": "LICEUL TEHNOLOGIC \"BANYAI JANOS\" ODORHEIU SECUIESC\tHarghita"}