{"specializari": {"TEHNICIAN IN TURISM": 158}, "limba_moderna": {"LIMBA ENGLEZA": 134, "LIMBA FRANCEZA": 24}, "limba_materna": {"LIMBA ROMANA": 158}, "promotie_anterioara": {"NU": 118, "DA": 40}, "materii": {"LIMBA ROMANA": {"medie": 5.512658227848099, "reusita": 37.34177215189873, "cnt": 158}, "GENERAL": {"medie": 5.495253164556961, "reusita": 36.708860759493675, "cnt": 158}, "GEOGRAFIE": {"medie": 6.6231012658227835, "reusita": 68.35443037974683, "cnt": 158}, "MATEMATICA TEHN": {"medie": 4.3500000000000005, "reusita": 29.11392405063291, "cnt": 158}}, "nume": "LICEUL TEHNOLOGIC \"MOGA VOIEVOD\" HALMAGIU\tArad"}