{"specializari": {"TEHNICIAN DESENATOR PENTRU CONSTRUCTII SI INSTALATII": 128, "TEHNICIAN MECANIC PENTRU INTRETINERE SI REPARATII": 54, "TEHNICIAN IN CONSTRUCTII SI LUCRARI PUBLICE": 56, "COAFOR STILIST": 31, "TEHNICIAN MECATRONIST": 8, "TEHNICIAN IN INSTALATII ELECTRICE": 1, "TEHNICIAN PROIECTANT CAD": 19, "TEHNICIAN IN GASTRONOMIE": 20, "STIINTE ALE NATURII": 3, "TEHNICIAN ELECTROMECANIC": 1, "FILOLOGIE": 126, "TEHNICIAN PRELUCRARI LA CALD": 1, "TEHNICIAN ELECTROTEHNIST": 1}, "limba_moderna": {"LIMBA FRANCEZA": 56, "LIMBA ENGLEZA": 392, "LIMBA RUSA": 1}, "limba_materna": {"LIMBA ROMANA": 449}, "promotie_anterioara": {"NU": 296, "DA": 153}, "materii": {"LIMBA ROMANA": {"medie": 4.3624944320712675, "reusita": 24.4988864142539, "cnt": 449}, "BIOLOGIE VEGETALA SI ANIMALA": {"medie": 3.5032751091703056, "reusita": 20.52401746724891, "cnt": 229}, "GENERAL": {"medie": 4.286755753526352, "reusita": 26.7260579064588, "cnt": 449}, "ISTORIE": {"medie": 5.874999999999998, "reusita": 46.82539682539682, "cnt": 126}, "GEOGRAFIE": {"medie": 4.730136986301371, "reusita": 43.83561643835616, "cnt": 73}, "PSIHOLOGIE": {"medie": 5.825, "reusita": 0.0, "cnt": 2}, "MATEMATICA ST-NAT": {"medie": 5.5, "reusita": 0.0, "cnt": 3}, "ANATOMIE SI FIZIOLOGIE UMANA, GENETICA SI ECOLOGIE UMANA": {"medie": 3.375, "reusita": 0.0, "cnt": 2}, "MATEMATICA TEHN": {"medie": 3.368437499999999, "reusita": 20.9375, "cnt": 320}, "FIZICA TEH": {"medie": 2.160869565217391, "reusita": 13.043478260869565, "cnt": 23}, "LOGICA, ARGUMENTARE SI COMUNICARE": {"medie": 7.0509803921568635, "reusita": 82.35294117647058, "cnt": 102}, "CHIMIE ANORGANICA TEH NIVEL I/II": {"medie": 2.4499999999999997, "reusita": 0.0, "cnt": 13}, "CHIMIE ORGANICA TEH NIVEL I/II": {"medie": 2.8299999999999996, "reusita": 20.0, "cnt": 5}}, "nume": "LICEUL TEHNOLOGIC \"ANGHEL SALIGNY\", LOCALITATEA GALATI\tGala\u021bi"}