{"specializari": {"TEHNICIAN ANALIZE PRODUSE ALIMENTARE": 194, "TEHNICIAN IN AUTOMATIZARI": 107, "TEHNICIAN PROIECTANT CAD": 169, "TEHNICIAN IN INSTALATII ELECTRICE": 145, "TEHNICIAN OPERATOR TEHNICA DE CALCUL": 14, "TEHNICIAN PRELUCRARI LA CALD": 45, "TEHNICIAN CHIMIST DE LABORATOR": 148, "TEHNICIAN ELECTROTEHNIST": 15, "TEHNICIAN MECANIC PENTRU INTRETINERE SI REPARATII": 18, "TEHNICIAN IN INDUSTRIA MATERIALELOR DE CONSTRUCTII": 12, "TEHNICIAN DE TELECOMUNICATII": 83, "TEHNICIAN MECATRONIST": 7, "MATEMATICA-INFORMATICA": 40, "STIINTE ALE NATURII": 1}, "limba_moderna": {"LIMBA ENGLEZA": 937, "LIMBA FRANCEZA": 61}, "limba_materna": {"LIMBA ROMANA": 998}, "promotie_anterioara": {"NU": 759, "DA": 239}, "materii": {"LIMBA ROMANA": {"medie": 5.55796593186373, "reusita": 42.78557114228457, "cnt": 998}, "MATEMATICA MATE-INFO": {"medie": 2.8524999999999996, "reusita": 12.5, "cnt": 40}, "BIOLOGIE VEGETALA SI ANIMALA": {"medie": 4.375174216027882, "reusita": 28.745644599303137, "cnt": 574}, "GENERAL": {"medie": 5.157782231128928, "reusita": 35.47094188376754, "cnt": 998}, "MATEMATICA ST-NAT": {"medie": 1.0, "reusita": 0.0, "cnt": 1}, "ANATOMIE SI FIZIOLOGIE UMANA, GENETICA SI ECOLOGIE UMANA": {"medie": 6.3102094240837685, "reusita": 57.59162303664922, "cnt": 191}, "FIZICA TEO": {"medie": 5.2, "reusita": 0.0, "cnt": 1}, "MATEMATICA TEHN": {"medie": 5.060919540229892, "reusita": 40.12539184952978, "cnt": 957}, "FIZICA TEH": {"medie": 5.047860962566844, "reusita": 40.64171122994652, "cnt": 187}, "INFORMATICA MI PASCAL": {"medie": 5.283333333333333, "reusita": 33.33333333333333, "cnt": 3}, "CHIMIE ANORGANICA TEH NIVEL I/II": {"medie": 5.25, "reusita": 50.0, "cnt": 4}, "CHIMIE ORGANICA TEH NIVEL I/II": {"medie": 6.172368421052632, "reusita": 57.89473684210527, "cnt": 38}}, "nume": "LICEUL TEHNOLOGIC \"DRAGOMIR HURMUZESCU\" MEDGIDIA\tConstan\u021ba"}