{"specializari": {"TEHNICIAN IN ACTIVITATI ECONOMICE": 150, "TEHNICIAN ECOLOG SI PROTECTIA CALITATII MEDIULUI": 29, "TEHNICIAN ELECTRICIAN/ELECTRONIST AUTO": 41, "TEHNICIAN MECATRONIST": 4, "TEHNICIAN ELECTROMECANIC": 4, "TEHNICIAN OPERATOR PROCESARE TEXT IMAGINE": 34, "TEHNICIAN IN AGRICULTURA": 22, "TEHNICIAN IN AUTOMATIZARI": 11, "TEHNICIAN IN ACHIZITII SI CONTRACTARI": 4, "TEHNICIAN MECANIC PENTRU INTRETINERE SI REPARATII": 14, "TEHNICIAN TRANSPORTURI": 52, "TEHNICIAN ELECTROTEHNIST": 5, "TEHNICIAN IN AGRICULTURA ECOLOGICA": 7, "TEHNICIAN PRELUCRARI MECANICE": 2, "TEHNICIAN ELECTRONIST": 1, "TEHNICIAN IN AGROTURISM": 29}, "limba_moderna": {"LIMBA ENGLEZA": 314, "LIMBA FRANCEZA": 95}, "limba_materna": {"LIMBA ROMANA": 409}, "promotie_anterioara": {"NU": 260, "DA": 149}, "materii": {"LIMBA ROMANA": {"medie": 5.922127139364305, "reusita": 49.38875305623472, "cnt": 409}, "BIOLOGIE VEGETALA SI ANIMALA": {"medie": 4.64253246753247, "reusita": 29.22077922077922, "cnt": 154}, "GENERAL": {"medie": 5.671515892420537, "reusita": 46.69926650366748, "cnt": 409}, "GEOGRAFIE": {"medie": 7.302298850574713, "reusita": 86.20689655172413, "cnt": 87}, "PSIHOLOGIE": {"medie": 7.7, "reusita": 100.0, "cnt": 1}, "ANATOMIE SI FIZIOLOGIE UMANA, GENETICA SI ECOLOGIE UMANA": {"medie": 5.182608695652174, "reusita": 43.47826086956522, "cnt": 23}, "MATEMATICA TEHN": {"medie": 5.473838630806847, "reusita": 44.49877750611247, "cnt": 409}, "FIZICA TEH": {"medie": 3.4812500000000006, "reusita": 20.833333333333336, "cnt": 24}, "ECONOMIE": {"medie": 5.014285714285713, "reusita": 57.14285714285714, "cnt": 7}, "LOGICA, ARGUMENTARE SI COMUNICARE": {"medie": 7.061016949152541, "reusita": 72.88135593220339, "cnt": 59}, "CHIMIE ANORGANICA TEH NIVEL I/II": {"medie": 5.150961538461539, "reusita": 38.46153846153847, "cnt": 52}, "CHIMIE ORGANICA TEH NIVEL I/II": {"medie": 8.875, "reusita": 100.0, "cnt": 2}}, "nume": "LICEUL TEHNOLOGIC \"ALEXANDRU BORZA\" CLUJ-NAPOCA\tCluj"}