{"specializari": {"TEHNICIAN ANALIZE PRODUSE ALIMENTARE": 150, "TEHNICIAN IN INDUSTRIA ALIMENTARA": 209, "TEHNICIAN ECOLOG SI PROTECTIA CALITATII MEDIULUI": 53, "TEHNICIAN IN AUTOMATIZARI": 52, "TEHNICIAN IN INSTALATII ELECTRICE": 1, "MATEMATICA-INFORMATICA": 1}, "limba_moderna": {"LIMBA ENGLEZA": 392, "LIMBA FRANCEZA": 74}, "limba_materna": {"LIMBA ROMANA": 346, "LIMBA MAGHIARA": 120}, "promotie_anterioara": {"NU": 320, "DA": 146}, "materii": {"LIMBA ROMANA": {"medie": 5.159012875536485, "reusita": 34.763948497854074, "cnt": 466}, "MATEMATICA MATE-INFO": {"medie": 7.9, "reusita": 100.0, "cnt": 1}, "BIOLOGIE VEGETALA SI ANIMALA": {"medie": 4.536909871244637, "reusita": 27.038626609442062, "cnt": 233}, "GENERAL": {"medie": 4.75011623748212, "reusita": 21.67381974248927, "cnt": 466}, "ANATOMIE SI FIZIOLOGIE UMANA, GENETICA SI ECOLOGIE UMANA": {"medie": 4.912080536912752, "reusita": 33.557046979865774, "cnt": 149}, "MATEMATICA TEHN": {"medie": 4.227741935483871, "reusita": 21.29032258064516, "cnt": 465}, "FIZICA TEH": {"medie": 3.9869047619047624, "reusita": 16.666666666666664, "cnt": 42}, "CHIMIE ANORGANICA TEH NIVEL I/II": {"medie": 4.801190476190476, "reusita": 19.047619047619047, "cnt": 42}, "LIMBA MAGHIARA (REAL)": {"medie": 5.589583333333333, "reusita": 47.5, "cnt": 120}}, "nume": "LICEUL TEHNOLOGIC DE INDUSTRIE ALIMENTARA \"GEORGE EMIL PALADE\" SATU MARE\tSatu-Mare"}