{"specializari": {"MATEMATICA-INFORMATICA": 207, "TEOLOGIE ADVENTISTA": 371, "FILOLOGIE": 59}, "limba_moderna": {"LIMBA ENGLEZA": 627, "LIMBA FRANCEZA": 10}, "limba_materna": {"LIMBA ROMANA": 637}, "promotie_anterioara": {"NU": 625, "DA": 12}, "materii": {"LIMBA ROMANA": {"medie": 7.830219780219772, "reusita": 89.48194662480377, "cnt": 637}, "MATEMATICA MATE-INFO": {"medie": 8.818840579710145, "reusita": 98.55072463768117, "cnt": 207}, "BIOLOGIE VEGETALA SI ANIMALA": {"medie": 9.121428571428572, "reusita": 100.0, "cnt": 21}, "GENERAL": {"medie": 8.09730507587651, "reusita": 95.91836734693877, "cnt": 637}, "CHIMIE ORGANICA TEO NIVEL I/II": {"medie": 8.925714285714287, "reusita": 100.0, "cnt": 35}, "INFORMATICA MI C/C++": {"medie": 8.867741935483872, "reusita": 100.0, "cnt": 31}, "CHIMIE ANORGANICA TEO NIVEL I/II": {"medie": 8.00625, "reusita": 87.5, "cnt": 16}, "ISTORIE": {"medie": 7.181279069767443, "reusita": 78.13953488372093, "cnt": 430}, "GEOGRAFIE": {"medie": 8.480538922155688, "reusita": 97.60479041916167, "cnt": 167}, "PSIHOLOGIE": {"medie": 8.05, "reusita": 100.0, "cnt": 2}, "ANATOMIE SI FIZIOLOGIE UMANA, GENETICA SI ECOLOGIE UMANA": {"medie": 8.800000000000002, "reusita": 98.11320754716981, "cnt": 53}, "FIZICA TEO": {"medie": 8.828431372549021, "reusita": 98.0392156862745, "cnt": 51}, "ECONOMIE": {"medie": 7.175, "reusita": 75.0, "cnt": 4}, "LOGICA, ARGUMENTARE SI COMUNICARE": {"medie": 8.902723735408557, "reusita": 97.66536964980544, "cnt": 257}}, "nume": "LICEUL TEOLOGIC ADVENTIST \"STEFAN DEMETRESCU\"\tBucure\u0219ti"}