{"specializari": {"MATEMATICA-INFORMATICA": 157, "INVATATOR - EDUCATOARE": 147, "TEHNICIAN IN ACTIVITATI ECONOMICE": 88, "TEHNICIAN MECANIC PENTRU INTRETINERE SI REPARATII": 63, "TEHNICIAN IN INDUSTRIA TEXTILA": 35, "TEHNICIAN IN AUTOMATIZARI": 43, "STIINTE ALE NATURII": 11, "TEHNICIAN ELECTROTEHNIST": 68, "FILOLOGIE": 113, "TEHNICIAN DESIGNER VESTIMENTAR": 6}, "limba_moderna": {"LIMBA ENGLEZA": 683, "LIMBA FRANCEZA": 48}, "limba_materna": {"LIMBA ROMANA": 731}, "promotie_anterioara": {"NU": 624, "DA": 107}, "materii": {"LIMBA ROMANA": {"medie": 6.496580027359786, "reusita": 63.88508891928865, "cnt": 731}, "MATEMATICA MATE-INFO": {"medie": 7.927388535031845, "reusita": 85.35031847133759, "cnt": 157}, "BIOLOGIE VEGETALA SI ANIMALA": {"medie": 3.8741784037558697, "reusita": 20.187793427230048, "cnt": 213}, "GENERAL": {"medie": 6.562129502963987, "reusita": 63.20109439124487, "cnt": 731}, "CHIMIE ORGANICA TEO NIVEL I/II": {"medie": 9.268749999999999, "reusita": 100.0, "cnt": 8}, "INFORMATICA MI C/C++": {"medie": 7.797916666666667, "reusita": 83.33333333333334, "cnt": 24}, "ISTORIE": {"medie": 7.0579646017699105, "reusita": 73.45132743362832, "cnt": 113}, "GEOGRAFIE": {"medie": 8.110830860534119, "reusita": 91.69139465875371, "cnt": 337}, "PSIHOLOGIE": {"medie": 5.6, "reusita": 50.0, "cnt": 2}, "MATEMATICA ST-NAT": {"medie": 3.995454545454545, "reusita": 0.0, "cnt": 11}, "ANATOMIE SI FIZIOLOGIE UMANA, GENETICA SI ECOLOGIE UMANA": {"medie": 8.06527777777778, "reusita": 91.66666666666666, "cnt": 36}, "FIZICA TEO": {"medie": 6.9, "reusita": 100.0, "cnt": 1}, "FILOSOFIE": {"medie": 7.2, "reusita": 66.66666666666666, "cnt": 3}, "MATEMATICA TEHN": {"medie": 4.986963696369636, "reusita": 39.93399339933993, "cnt": 303}, "FIZICA TEH": {"medie": 2.1875, "reusita": 0.0, "cnt": 4}, "ECONOMIE": {"medie": 5.0, "reusita": 0.0, "cnt": 1}, "LOGICA, ARGUMENTARE SI COMUNICARE": {"medie": 10.0, "reusita": 100.0, "cnt": 1}, "MATEMATICA PED": {"medie": 7.353061224489797, "reusita": 78.91156462585033, "cnt": 147}, "SOCIOLOGIE": {"medie": 5.550000000000001, "reusita": 25.0, "cnt": 4}, "INFORMATICA MI PASCAL": {"medie": 8.549418604651159, "reusita": 97.67441860465115, "cnt": 86}, "CHIMIE ANORGANICA TEH NIVEL I/II": {"medie": 2.72, "reusita": 10.0, "cnt": 10}, "CHIMIE ORGANICA TEH NIVEL I/II": {"medie": 5.4, "reusita": 0.0, "cnt": 1}}, "nume": "LICEUL \"HOREA, CLOSCA SI CRISAN\" ABRUD\tAlba"}