{"specializari": {"TEHNICIAN ECOLOG SI PROTECTIA CALITATII MEDIULUI": 82, "TEHNICIAN PROIECTANT CAD": 7, "TEHNICIAN MECATRONIST": 111, "TEHNICIAN ELECTROMECANIC": 4, "TEHNICIAN ANALIZE PRODUSE ALIMENTARE": 5, "TEHNICIAN IN AUTOMATIZARI": 5, "TEHNICIAN PRELUCRARI MECANICE": 1, "TEHNICIAN METROLOG": 47, "TEHNICIAN DE TELECOMUNICATII": 11, "TEHNICIAN MECANIC PENTRU INTRETINERE SI REPARATII": 3, "TEHNICIAN POLIGRAF": 1}, "limba_moderna": {"LIMBA ENGLEZA": 197, "LIMBA FRANCEZA": 80}, "limba_materna": {"LIMBA ROMANA": 277}, "promotie_anterioara": {"DA": 83, "NU": 194}, "materii": {"LIMBA ROMANA": {"medie": 4.501263537906138, "reusita": 36.462093862815884, "cnt": 277}, "BIOLOGIE VEGETALA SI ANIMALA": {"medie": 3.8901544401544403, "reusita": 25.096525096525095, "cnt": 259}, "GENERAL": {"medie": 4.010950661853188, "reusita": 20.938628158844764, "cnt": 277}, "ANATOMIE SI FIZIOLOGIE UMANA, GENETICA SI ECOLOGIE UMANA": {"medie": 5.65, "reusita": 0.0, "cnt": 1}, "MATEMATICA TEHN": {"medie": 3.5855595667870057, "reusita": 19.855595667870034, "cnt": 277}, "FIZICA TEH": {"medie": 4.699999999999999, "reusita": 40.0, "cnt": 10}, "CHIMIE ANORGANICA TEH NIVEL I/II": {"medie": 5.308333333333333, "reusita": 33.33333333333333, "cnt": 6}, "CHIMIE ORGANICA TEH NIVEL I/II": {"medie": 1.0, "reusita": 0.0, "cnt": 1}}, "nume": "LICEUL TEHNOLOGIC \"DIMITRIE FILIPESCU\" MUNICIPIUL BUZAU\tBuz\u0103u"}