{"specializari": {"STIINTE ALE NATURII": 210, "STIINTE SOCIALE": 192, "FILOLOGIE": 224, "MATEMATICA-INFORMATICA": 208, "TEHNICIAN MECANIC PENTRU INTRETINERE SI REPARATII": 2}, "limba_moderna": {"LIMBA ENGLEZA": 743, "LIMBA FRANCEZA": 93}, "limba_materna": {"LIMBA ROMANA": 836}, "promotie_anterioara": {"NU": 661, "DA": 175}, "materii": {"LIMBA ROMANA": {"medie": 6.208732057416277, "reusita": 51.794258373205736, "cnt": 836}, "MATEMATICA MATE-INFO": {"medie": 5.742307692307692, "reusita": 44.71153846153847, "cnt": 208}, "BIOLOGIE VEGETALA SI ANIMALA": {"medie": 8.700000000000001, "reusita": 100.0, "cnt": 4}, "GENERAL": {"medie": 6.539892344497599, "reusita": 61.24401913875598, "cnt": 836}, "CHIMIE ORGANICA TEO NIVEL I/II": {"medie": 9.25, "reusita": 100.0, "cnt": 1}, "INFORMATICA MI C/C++": {"medie": 7.364285714285714, "reusita": 85.71428571428571, "cnt": 7}, "ISTORIE": {"medie": 6.771995192307684, "reusita": 62.25961538461539, "cnt": 416}, "GEOGRAFIE": {"medie": 8.008000000000001, "reusita": 89.0, "cnt": 100}, "PSIHOLOGIE": {"medie": 8.35, "reusita": 100.0, "cnt": 15}, "MATEMATICA ST-NAT": {"medie": 4.091666666666667, "reusita": 22.857142857142858, "cnt": 210}, "ANATOMIE SI FIZIOLOGIE UMANA, GENETICA SI ECOLOGIE UMANA": {"medie": 7.157722513088999, "reusita": 75.39267015706807, "cnt": 382}, "FIZICA TEO": {"medie": 6.941304347826088, "reusita": 69.56521739130434, "cnt": 23}, "FILOSOFIE": {"medie": 9.9, "reusita": 100.0, "cnt": 1}, "MATEMATICA TEHN": {"medie": 3.55, "reusita": 50.0, "cnt": 2}, "ECONOMIE": {"medie": 10.0, "reusita": 100.0, "cnt": 1}, "LOGICA, ARGUMENTARE SI COMUNICARE": {"medie": 7.938419117647055, "reusita": 84.19117647058823, "cnt": 272}, "SOCIOLOGIE": {"medie": 7.97962962962963, "reusita": 88.88888888888889, "cnt": 27}, "INFORMATICA MI PASCAL": {"medie": 7.833333333333333, "reusita": 100.0, "cnt": 3}}, "nume": "LICEUL TEORETIC \"MIHAI VITEAZUL\" BAILESTI\tDolj"}