{"specializari": {"TEOLOGIE GRECO-CATOLICA": 138, "MATEMATICA-INFORMATICA": 114, "GHID TURISM RELIGIOS": 26}, "limba_moderna": {"LIMBA ENGLEZA": 269, "LIMBA FRANCEZA": 9}, "limba_materna": {"LIMBA ROMANA": 278}, "promotie_anterioara": {"DA": 61, "NU": 217}, "materii": {"LIMBA ROMANA": {"medie": 7.135611510791363, "reusita": 79.49640287769785, "cnt": 278}, "MATEMATICA MATE-INFO": {"medie": 6.228508771929827, "reusita": 50.0, "cnt": 114}, "BIOLOGIE VEGETALA SI ANIMALA": {"medie": 6.001923076923077, "reusita": 42.30769230769231, "cnt": 26}, "GENERAL": {"medie": 7.0124700239808115, "reusita": 73.38129496402878, "cnt": 278}, "CHIMIE ORGANICA TEO NIVEL I/II": {"medie": 7.6, "reusita": 100.0, "cnt": 1}, "INFORMATICA MI C/C++": {"medie": 6.865492957746478, "reusita": 70.4225352112676, "cnt": 71}, "ISTORIE": {"medie": 7.007621951219513, "reusita": 70.73170731707317, "cnt": 164}, "GEOGRAFIE": {"medie": 7.7023648648648635, "reusita": 88.51351351351352, "cnt": 148}, "PSIHOLOGIE": {"medie": 6.033333333333334, "reusita": 44.44444444444444, "cnt": 9}, "ANATOMIE SI FIZIOLOGIE UMANA, GENETICA SI ECOLOGIE UMANA": {"medie": 6.4423076923076925, "reusita": 53.84615384615385, "cnt": 13}, "FIZICA TEO": {"medie": 6.616666666666666, "reusita": 33.33333333333333, "cnt": 3}, "FILOSOFIE": {"medie": 7.433333333333334, "reusita": 100.0, "cnt": 3}, "ECONOMIE": {"medie": 7.800000000000001, "reusita": 100.0, "cnt": 2}, "LOGICA, ARGUMENTARE SI COMUNICARE": {"medie": 9.274999999999999, "reusita": 100.0, "cnt": 2}}, "nume": "LICEUL GRECO-CATOLIC \"TIMOTEI CIPARIU\"\tBucure\u0219ti"}