{"specializari": {"TEHNICIAN MECANIC PENTRU INTRETINERE SI REPARATII": 160, "TEHNICIAN MECATRONIST": 171, "TEHNICIAN PROIECTANT CAD": 39, "TEHNICIAN IN INSTALATII ELECTRICE": 74, "TEHNICIAN ELECTROMECANIC": 43, "TEHNICIAN IN AUTOMATIZARI": 32, "TEHNICIAN ELECTROTEHNIST": 35, "TEHNICIAN OPERATOR TEHNICA DE CALCUL": 48, "TEHNICIAN TRANSPORTURI": 31, "LICEU CU PROGRAM SPORTIV": 12, "TEHNICIAN PRELUCRARI MECANICE": 41, "TEHNICIAN ELECTRICIAN/ELECTRONIST AUTO": 48, "STIINTE ALE NATURII": 3}, "limba_moderna": {"LIMBA ENGLEZA": 636, "LIMBA FRANCEZA": 98, "LIMBA ITALIANA": 2, "LIMBA RUSA": 1}, "limba_materna": {"LIMBA ROMANA": 737}, "promotie_anterioara": {"DA": 276, "NU": 461}, "materii": {"LIMBA ROMANA": {"medie": 3.598846675712345, "reusita": 19.810040705563093, "cnt": 737}, "BIOLOGIE VEGETALA SI ANIMALA": {"medie": 3.1387755102040806, "reusita": 17.006802721088434, "cnt": 294}, "GENERAL": {"medie": 3.0543419267299843, "reusita": 9.090909090909092, "cnt": 737}, "ISTORIE": {"medie": 4.766666666666667, "reusita": 0.0, "cnt": 12}, "GEOGRAFIE": {"medie": 4.965000000000001, "reusita": 50.0, "cnt": 10}, "MATEMATICA ST-NAT": {"medie": 3.033333333333333, "reusita": 0.0, "cnt": 3}, "ANATOMIE SI FIZIOLOGIE UMANA, GENETICA SI ECOLOGIE UMANA": {"medie": 4.605, "reusita": 30.0, "cnt": 10}, "MATEMATICA TEHN": {"medie": 2.9112188365650975, "reusita": 16.06648199445983, "cnt": 722}, "FIZICA TEH": {"medie": 1.9563545150501662, "reusita": 5.016722408026756, "cnt": 299}, "LOGICA, ARGUMENTARE SI COMUNICARE": {"medie": 5.949999999999999, "reusita": 50.0, "cnt": 2}, "CHIMIE ANORGANICA TEH NIVEL I/II": {"medie": 2.540291262135922, "reusita": 4.854368932038835, "cnt": 103}, "CHIMIE ORGANICA TEH NIVEL I/II": {"medie": 2.9263157894736844, "reusita": 15.789473684210526, "cnt": 19}}, "nume": "LICEUL TEHNOLOGIC DE MECATRONICA SI AUTOMATIZARI, IASI\tIa\u0219i"}