{"specializari": {"STIINTE ALE NATURII": 167, "TEOLOGIE UNITARIANA": 188}, "limba_moderna": {"LIMBA ENGLEZA": 298, "LIMBA GERMANA MODERNA": 57}, "limba_materna": {"LIMBA MAGHIARA": 355}, "promotie_anterioara": {"NU": 262, "DA": 93}, "materii": {"LIMBA ROMANA": {"medie": 4.65943661971831, "reusita": 23.943661971830984, "cnt": 355}, "BIOLOGIE VEGETALA SI ANIMALA": {"medie": 6.859756097560975, "reusita": 73.17073170731707, "cnt": 41}, "GENERAL": {"medie": 6.251218309859159, "reusita": 44.7887323943662, "cnt": 355}, "CHIMIE ORGANICA TEO NIVEL I/II": {"medie": 7.422727272727273, "reusita": 72.72727272727273, "cnt": 11}, "ISTORIE": {"medie": 6.703457446808513, "reusita": 65.42553191489363, "cnt": 188}, "GEOGRAFIE": {"medie": 7.1055851063829785, "reusita": 78.72340425531915, "cnt": 188}, "MATEMATICA ST-NAT": {"medie": 5.0754491017964085, "reusita": 29.94011976047904, "cnt": 167}, "ANATOMIE SI FIZIOLOGIE UMANA, GENETICA SI ECOLOGIE UMANA": {"medie": 7.170909090909089, "reusita": 71.81818181818181, "cnt": 110}, "FIZICA TEO": {"medie": 4.21, "reusita": 0.0, "cnt": 5}, "LIMBA MAGHIARA (REAL)": {"medie": 7.341352112676053, "reusita": 83.94366197183099, "cnt": 355}}, "nume": "LICEUL TEOLOGIC UNITARIAN \"BERDE MOZES\" CRISTURU SECUIESC\tHarghita"}