{"specializari": {"INVATATOR - EDUCATOARE": 274, "FILOLOGIE": 806, "STIINTE SOCIALE": 261}, "limba_moderna": {"LIMBA ENGLEZA": 1141, "LIMBA FRANCEZA": 90, "LIMBA GERMANA MODERNA": 110}, "limba_materna": {"LIMBA ROMANA": 953, "LIMBA MAGHIARA": 365, "LIMBA GERMANA": 23}, "promotie_anterioara": {"NU": 1295, "DA": 46}, "materii": {"LIMBA ROMANA": {"medie": 7.137061894108873, "reusita": 75.54064131245339, "cnt": 1341}, "GENERAL": {"medie": 7.800394606015403, "reusita": 87.54660700969426, "cnt": 1341}, "ISTORIE": {"medie": 7.610590440487348, "reusita": 80.50609184629803, "cnt": 1067}, "GEOGRAFIE": {"medie": 8.642366946778717, "reusita": 97.3389355742297, "cnt": 714}, "PSIHOLOGIE": {"medie": 8.455454545454545, "reusita": 96.36363636363636, "cnt": 55}, "FILOSOFIE": {"medie": 7.6824324324324325, "reusita": 86.48648648648648, "cnt": 37}, "LIMBA GERMANA": {"medie": 6.936956521739131, "reusita": 78.26086956521739, "cnt": 23}, "ECONOMIE": {"medie": 9.3, "reusita": 100.0, "cnt": 1}, "LOGICA, ARGUMENTARE SI COMUNICARE": {"medie": 8.8, "reusita": 100.0, "cnt": 2}, "MATEMATICA PED": {"medie": 8.14233576642336, "reusita": 87.22627737226277, "cnt": 274}, "SOCIOLOGIE": {"medie": 8.096710526315785, "reusita": 93.98496240601504, "cnt": 532}, "LIMBA MAGHIARA (UMAN)": {"medie": 7.677260273972606, "reusita": 89.04109589041096, "cnt": 365}}, "nume": "LICEUL PEDAGOGIC \"GHEORGHE SINCAI\" ZALAU\tS\u0103laj"}