{"specializari": {"MATEMATICA-INFORMATICA": 544, "FILOLOGIE": 930, "STIINTE ALE NATURII": 1}, "limba_moderna": {"LIMBA ENGLEZA": 1233, "LIMBA FRANCEZA": 242}, "limba_materna": {"LIMBA ROMANA": 1475}, "promotie_anterioara": {"NU": 1051, "DA": 424}, "materii": {"LIMBA ROMANA": {"medie": 5.159932203389828, "reusita": 31.593220338983052, "cnt": 1475}, "MATEMATICA MATE-INFO": {"medie": 2.8648897058823524, "reusita": 5.88235294117647, "cnt": 544}, "BIOLOGIE VEGETALA SI ANIMALA": {"medie": 4.972360248447204, "reusita": 45.3416149068323, "cnt": 161}, "GENERAL": {"medie": 5.2375367231638466, "reusita": 34.03389830508475, "cnt": 1475}, "INFORMATICA MI C/C++": {"medie": 6.95, "reusita": 100.0, "cnt": 1}, "ISTORIE": {"medie": 5.531989247311832, "reusita": 31.827956989247312, "cnt": 930}, "GEOGRAFIE": {"medie": 6.626481257557441, "reusita": 68.07738814993954, "cnt": 827}, "PSIHOLOGIE": {"medie": 5.902083333333334, "reusita": 54.166666666666664, "cnt": 24}, "MATEMATICA ST-NAT": {"medie": 5.0, "reusita": 0.0, "cnt": 1}, "ANATOMIE SI FIZIOLOGIE UMANA, GENETICA SI ECOLOGIE UMANA": {"medie": 5.1718421052631545, "reusita": 39.73684210526316, "cnt": 380}, "FIZICA TEO": {"medie": 6.5, "reusita": 100.0, "cnt": 1}, "FILOSOFIE": {"medie": 4.949999999999999, "reusita": 38.46153846153847, "cnt": 13}, "SOCIOLOGIE": {"medie": 5.7227272727272736, "reusita": 43.93939393939394, "cnt": 66}, "INFORMATICA MI PASCAL": {"medie": 6.925, "reusita": 50.0, "cnt": 2}}, "nume": "LICEUL TEORETIC \"CONSTANTIN NOICA\" ALEXANDRIA\tTeleorman"}