{"specializari": {"MATEMATICA-INFORMATICA": 194, "TEHNICIAN IN HOTELARIE": 127, "TEHNICIAN IN ACTIVITATI DE COMERT": 522, "TEHNICIAN IN ACTIVITATI ECONOMICE": 314, "TEHNICIAN IN TURISM": 176, "TEHNICIAN IN ADMINISTRATIE": 209, "TEHNICIAN IN GASTRONOMIE": 88}, "limba_moderna": {"LIMBA ENGLEZA": 1490, "LIMBA FRANCEZA": 140}, "limba_materna": {"LIMBA ROMANA": 1630}, "promotie_anterioara": {"NU": 1512, "DA": 118}, "materii": {"LIMBA ROMANA": {"medie": 6.918190184049084, "reusita": 74.11042944785277, "cnt": 1630}, "MATEMATICA MATE-INFO": {"medie": 6.674484536082472, "reusita": 63.91752577319587, "cnt": 194}, "BIOLOGIE VEGETALA SI ANIMALA": {"medie": 7.309574468085106, "reusita": 85.1063829787234, "cnt": 47}, "GENERAL": {"medie": 7.282658486707559, "reusita": 84.41717791411043, "cnt": 1630}, "CHIMIE ORGANICA TEO NIVEL I/II": {"medie": 3.6, "reusita": 0.0, "cnt": 1}, "INFORMATICA MI C/C++": {"medie": 6.540625, "reusita": 62.5, "cnt": 16}, "CHIMIE ANORGANICA TEO NIVEL I/II": {"medie": 6.821428571428574, "reusita": 68.75, "cnt": 112}, "GEOGRAFIE": {"medie": 7.760752688172045, "reusita": 91.82795698924731, "cnt": 465}, "PSIHOLOGIE": {"medie": 6.853333333333334, "reusita": 73.33333333333333, "cnt": 15}, "ANATOMIE SI FIZIOLOGIE UMANA, GENETICA SI ECOLOGIE UMANA": {"medie": 6.966666666666666, "reusita": 66.66666666666666, "cnt": 3}, "FIZICA TEO": {"medie": 7.63, "reusita": 86.66666666666667, "cnt": 15}, "MATEMATICA TEHN": {"medie": 7.304700557103078, "reusita": 79.10863509749304, "cnt": 1436}, "ECONOMIE": {"medie": 7.048333333333332, "reusita": 73.33333333333333, "cnt": 60}, "LOGICA, ARGUMENTARE SI COMUNICARE": {"medie": 7.885658482142865, "reusita": 88.28125, "cnt": 896}}, "nume": "LICEUL TEHNOLOGIC ADMINISTRATIV SI DE SERVICII \"VICTOR SLAVESCU\", MUNICIPIUL PLOIESTI\tPrahova"}