{"specializari": {"TEHNICIAN AGRONOM": 2, "TEHNICIAN IN AGRICULTURA": 4}, "limba_moderna": {"LIMBA ENGLEZA": 6}, "limba_materna": {"LIMBA ROMANA": 6}, "promotie_anterioara": {"NU": 6}, "materii": {"LIMBA ROMANA": {"medie": 4.608333333333333, "reusita": 33.33333333333333, "cnt": 6}, "GENERAL": {"medie": 4.555555555555555, "reusita": 16.666666666666664, "cnt": 6}, "ANATOMIE SI FIZIOLOGIE UMANA, GENETICA SI ECOLOGIE UMANA": {"medie": 5.266666666666667, "reusita": 50.0, "cnt": 6}, "MATEMATICA TEHN": {"medie": 3.7916666666666665, "reusita": 0.0, "cnt": 6}}, "nume": "SCOALA PROFESIONALA, FOCURI\tIa\u0219i"}