{"specializari": {"TEOLOGIE ORTODOXA": 146, "PATRIMONIU CULTURAL": 71}, "limba_moderna": {"LIMBA FRANCEZA": 94, "LIMBA ENGLEZA": 123}, "limba_materna": {"LIMBA ROMANA": 217}, "promotie_anterioara": {"NU": 161, "DA": 56}, "materii": {"LIMBA ROMANA": {"medie": 5.9080645161290395, "reusita": 44.70046082949309, "cnt": 217}, "GENERAL": {"medie": 6.299155145929337, "reusita": 61.75115207373272, "cnt": 217}, "ISTORIE": {"medie": 5.788709677419353, "reusita": 36.405529953917046, "cnt": 217}, "GEOGRAFIE": {"medie": 7.085945945945948, "reusita": 78.37837837837837, "cnt": 185}, "PSIHOLOGIE": {"medie": 8.08076923076923, "reusita": 84.61538461538461, "cnt": 13}, "LOGICA, ARGUMENTARE SI COMUNICARE": {"medie": 7.715789473684212, "reusita": 89.47368421052632, "cnt": 19}}, "nume": "SEMINARUL TEOLOGIC ORTODOX \"NEAGOE VODA BASARAB\" CURTEA DE ARGES\tArge\u0219"}