{"specializari": {"FILOLOGIE": 2824, "MATEMATICA-INFORMATICA": 3544, "STIINTE ALE NATURII": 2375, "TEHNICIAN HORTICULTOR": 188, "COAFOR STILIST": 264, "TEHNICIAN IN INDUSTRIA MATERIALELOR DE CONSTRUCTII": 10, "TEHNICIAN DESIGNER VESTIMENTAR": 251, "TEHNICIAN MECANIC PENTRU INTRETINERE SI REPARATII": 230, "TEOLOGIE ORTODOXA": 140, "TEHNICIAN IN GASTRONOMIE": 309, "INVATATOR - EDUCATOARE": 483, "TEHNICIAN IN ACTIVITATI ECONOMICE": 1518, "TEHNICIAN IN TURISM": 399, "TEHNICIAN OPERATOR TEHNICA DE CALCUL": 417, "TEHNICIAN DESENATOR PENTRU CONSTRUCTII SI INSTALATII": 105, "STIINTE SOCIALE": 1055, "TEHNICIAN IN ACTIVITATI DE COMERT": 429, "TEHNICIAN IN AGRICULTURA": 27, "TEHNICIAN ELECTROMECANIC": 144, "TEHNICIAN MECATRONIST": 138, "TEHNICIAN IN SILVICULTURA SI EXPLOATARI FORESTIERE": 111, "TEHNICIAN IN INDUSTRIA STICLEI SI CERAMICII": 159, "TEHNICIAN DESIGNER MOBILA SI AMENAJARI INTERIOARE": 17, "TEHNICIAN IN PRELUCRAREA LEMNULUI": 75, "TEHNICIAN PRELUCRARI MECANICE": 28, "TEHNICIAN DE TELECOMUNICATII": 97, "TEHNICIAN IN MORARIT, PANIFICATIE SI PRODUSE FAINOASE": 27, "TEHNICIAN IN INDUSTRIA TEXTILA": 167, "TEHNICIAN IN AGROTURISM": 159, "TEHNICIAN CHIMIST DE LABORATOR": 193, "TEHNICIAN TRANSPORTURI": 121, "TEHNICIAN PROIECTANT CAD": 205, "TEHNICIAN IN INSTALATII ELECTRICE": 208, "TEHNICIAN IN AUTOMATIZARI": 145, "TEHNICIAN IN INDUSTRIA ALIMENTARA": 89, "TEHNICIAN ELECTROTEHNIST": 165, "TEHNICIAN VETERINAR": 69, "TEHNICIAN INSTALATOR PENTRU CONSTRUCTII": 3, "TEHNICIAN IN INDUSTRIA PIELARIEI": 58, "MUZICA": 194, "TEHNICIAN ECOLOG SI PROTECTIA CALITATII MEDIULUI": 147, "TEOLOGIE ROMANO-CATOLICA": 136, "ARHITECTURA, ARTE AMBIENTALE SI DESIGN": 113, "ARTE PLASTICE SI DECORATIVE": 169, "TEOLOGIE GRECO-CATOLICA": 133, "TEHNICIAN IN CONSTRUCTII SI LUCRARI PUBLICE": 19, "TEHNICIAN PROIECTANT PRODUSE FINITE DIN LEMN": 2, "TEHNICIAN IN CHIMIE INDUSTRIALA": 30, "LICEU CU PROGRAM SPORTIV": 528, "TEHNICIAN IN ACHIZITII SI CONTRACTARI": 119, "TEHNICIAN ELECTRONIST": 9, "TEOLOGIE REFORMATA": 1, "ORGANIZATOR BANQUETING": 232, "TEHNICIAN PRELUCRARI LA CALD": 19, "TEHNICIAN ANALIZE PRODUSE ALIMENTARE": 47, "TEHNICIAN PRELUCRARI PE MASINI CU COMANDA NUMERICA": 5, "TEHNICIAN IN ADMINISTRATIE": 22}, "limba_moderna": {"LIMBA ENGLEZA": 16942, "LIMBA FRANCEZA": 1738, "LIMBA GERMANA MODERNA": 188, "LIMBA ITALIANA": 3}, "limba_materna": {"LIMBA ROMANA": 18217, "LIMBA MAGHIARA": 645, "LIMBA GERMANA": 9}, "promotie_anterioara": {"NU": 16446, "DA": 2425}, "materii": {"LIMBA ROMANA": {"medie": 6.8543770865349956, "reusita": 67.91373006199989, "cnt": 18871}, "MATEMATICA MATE-INFO": {"medie": 8.481097629796857, "reusita": 89.9548532731377, "cnt": 3544}, "BIOLOGIE VEGETALA SI ANIMALA": {"medie": 5.42931088314007, "reusita": 45.42818911685995, "cnt": 4484}, "GENERAL": {"medie": 6.969204511331309, "reusita": 70.28774309787505, "cnt": 18871}, "CHIMIE ORGANICA TEO NIVEL I/II": {"medie": 8.85198412698413, "reusita": 97.22222222222221, "cnt": 252}, "INFORMATICA MI C/C++": {"medie": 8.564592933947766, "reusita": 95.39170506912443, "cnt": 651}, "CHIMIE ANORGANICA TEO NIVEL I/II": {"medie": 7.854797979797985, "reusita": 84.84848484848484, "cnt": 198}, "ISTORIE": {"medie": 7.377970904968816, "reusita": 76.11940298507463, "cnt": 5293}, "GEOGRAFIE": {"medie": 7.7543143174956155, "reusita": 86.6677260448117, "cnt": 6293}, "PSIHOLOGIE": {"medie": 7.495934959349594, "reusita": 83.73983739837398, "cnt": 123}, "MATEMATICA ST-NAT": {"medie": 7.357305263157891, "reusita": 76.0, "cnt": 2375}, "ANATOMIE SI FIZIOLOGIE UMANA, GENETICA SI ECOLOGIE UMANA": {"medie": 7.73282848956202, "reusita": 80.88415882112157, "cnt": 2443}, "FIZICA TEO": {"medie": 8.936162079510694, "reusita": 98.31804281345565, "cnt": 654}, "FILOSOFIE": {"medie": 7.089705882352941, "reusita": 70.58823529411765, "cnt": 68}, "MATEMATICA TEHN": {"medie": 5.25009754738015, "reusita": 42.68394648829432, "cnt": 7176}, "FIZICA TEH": {"medie": 2.9617486338797807, "reusita": 14.754098360655737, "cnt": 183}, "LIMBA GERMANA": {"medie": 7.183333333333334, "reusita": 88.88888888888889, "cnt": 9}, "INFORMATICA SN C/C++": {"medie": 8.500000000000002, "reusita": 88.88888888888889, "cnt": 9}, "ECONOMIE": {"medie": 6.580000000000001, "reusita": 60.0, "cnt": 20}, "LOGICA, ARGUMENTARE SI COMUNICARE": {"medie": 8.166201818969245, "reusita": 89.08618449545258, "cnt": 2309}, "MATEMATICA PED": {"medie": 7.126293995859215, "reusita": 74.94824016563147, "cnt": 483}, "SOCIOLOGIE": {"medie": 7.739803921568625, "reusita": 87.45098039215686, "cnt": 255}, "INFORMATICA MI PASCAL": {"medie": 8.648917748917741, "reusita": 96.3924963924964, "cnt": 693}, "CHIMIE ANORGANICA TEH NIVEL I/II": {"medie": 4.566243654822333, "reusita": 28.934010152284262, "cnt": 197}, "LIMBA MAGHIARA (REAL)": {"medie": 7.172151898734179, "reusita": 78.05907172995781, "cnt": 474}, "CHIMIE ORGANICA TEH NIVEL I/II": {"medie": 2.472972972972973, "reusita": 13.513513513513514, "cnt": 37}, "LIMBA MAGHIARA (UMAN)": {"medie": 7.766374269005848, "reusita": 89.47368421052632, "cnt": 171}, "INFORMATICA SN PASCAL": {"medie": 7.75, "reusita": 50.0, "cnt": 2}}, "nume": "Alba"}