{"specializari": {"MATEMATICA-INFORMATICA": 3528, "TEHNICIAN IN ACTIVITATI ECONOMICE": 2472, "STIINTE ALE NATURII": 2665, "ARTE PLASTICE SI DECORATIVE": 279, "FILOLOGIE": 3695, "MUZICA": 250, "TEHNICIAN ANALIZE PRODUSE ALIMENTARE": 255, "INVATATOR - EDUCATOARE": 211, "COAFOR STILIST": 224, "TEHNICIAN IN PRELUCRAREA PRODUSELOR DE ORIGINE ANIMALA": 146, "TEHNICIAN IN AGRICULTURA ECOLOGICA": 62, "TEHNICIAN IN INDUSTRIA ALIMENTARA": 15, "TEHNICIAN ELECTRICIAN/ELECTRONIST AUTO": 76, "TEOLOGIE ORTODOXA": 174, "TEHNICIAN IN ADMINISTRATIE": 448, "ARTA ACTORULUI": 210, "TEHNICIAN VETERINAR": 144, "TEOLOGIE BAPTISTA": 200, "TEHNICIAN IN TURISM": 736, "TEHNICIAN DE TELECOMUNICATII": 221, "TEHNICIAN DESIGNER VESTIMENTAR": 123, "TEHNICIAN ECOLOG SI PROTECTIA CALITATII MEDIULUI": 507, "TEHNICIAN IN INSTALATII ELECTRICE": 180, "TEHNICIAN DESENATOR PENTRU CONSTRUCTII SI INSTALATII": 169, "TEHNICIAN MECATRONIST": 337, "TEHNICIAN IN AUTOMATIZARI": 160, "ARHITECTURA, ARTE AMBIENTALE SI DESIGN": 143, "TEHNICIAN OPERATOR TEHNICA DE CALCUL": 638, "TEHNICIAN IN CONSTRUCTII SI LUCRARI PUBLICE": 31, "TEHNICIAN ELECTROTEHNIST": 67, "TEHNICIAN CHIMIST DE LABORATOR": 15, "TEOLOGIE PENTICOSTALA": 211, "STIINTE SOCIALE": 767, "TEHNICIAN HIDRO-METEOROLOG": 67, "TEHNICIAN DESIGNER MOBILA SI AMENAJARI INTERIOARE": 305, "TEHNICIAN IN ACTIVITATI DE COMERT": 324, "TEHNICIAN PROIECTANT CAD": 117, "TEHNICIAN TRANSPORTURI": 91, "TEHNICIAN PRELUCRARI MECANICE": 53, "TEHNICIAN MECANIC PENTRU INTRETINERE SI REPARATII": 126, "TEHNICIAN ZOOTEHNIST": 143, "TEHNICIAN IN SILVICULTURA SI EXPLOATARI FORESTIERE": 164, "TEHNICIAN IN AGRICULTURA": 72, "TEHNICIAN IN PRELUCRAREA LEMNULUI": 105, "TEHNICIAN IN GASTRONOMIE": 307, "TEHNICIAN VETERINAR PENTRU ANIMALE DE COMPANIE": 7, "LICEU CU PROGRAM SPORTIV": 441, "TEHNICIAN IN ACHIZITII SI CONTRACTARI": 231, "TEHNICIAN OPERATOR PROCESARE TEXT IMAGINE": 49, "TEHNICIAN IN INDUSTRIA TEXTILA": 37, "TEHNICIAN ELECTROMECANIC": 58, "TEHNICIAN ELECTRONIST": 74, "TEHNICIAN AGROMONTAN": 95, "TEHNICIAN OPERATORI ROBOTI INDUSTRIALI": 1, "TEHNICIAN IN AGROTURISM": 16, "TEHNICIAN INSTALATOR PENTRU CONSTRUCTII": 2}, "limba_moderna": {"LIMBA ENGLEZA": 21079, "LIMBA SPANIOLA": 106, "LIMBA FRANCEZA": 832, "LIMBA GERMANA MODERNA": 219, "LIMBA RUSA": 8}, "limba_materna": {"LIMBA ROMANA": 21452, "LIMBA MAGHIARA": 450, "LIMBA SLOVACA": 110, "LIMBA GERMANA": 232}, "promotie_anterioara": {"NU": 18251, "DA": 3993}, "materii": {"LIMBA ROMANA": {"medie": 6.22739525265249, "reusita": 55.36773961517712, "cnt": 22244}, "MATEMATICA MATE-INFO": {"medie": 6.815762471655315, "reusita": 65.87301587301587, "cnt": 3528}, "BIOLOGIE VEGETALA SI ANIMALA": {"medie": 4.288925464378087, "reusita": 27.604044204091227, "cnt": 4253}, "GENERAL": {"medie": 6.195299818677724, "reusita": 55.682431217406936, "cnt": 22244}, "CHIMIE ORGANICA TEO NIVEL I/II": {"medie": 8.4477052631579, "reusita": 94.3157894736842, "cnt": 475}, "INFORMATICA MI C/C++": {"medie": 7.93451676528601, "reusita": 86.29191321499013, "cnt": 1014}, "CHIMIE ANORGANICA TEO NIVEL I/II": {"medie": 7.783783783783784, "reusita": 81.08108108108108, "cnt": 111}, "ISTORIE": {"medie": 6.787709576138124, "reusita": 62.637362637362635, "cnt": 6370}, "GEOGRAFIE": {"medie": 6.934040041067755, "reusita": 74.26078028747433, "cnt": 9740}, "PSIHOLOGIE": {"medie": 7.414438502673798, "reusita": 81.28342245989305, "cnt": 374}, "MATEMATICA ST-NAT": {"medie": 6.595495495495478, "reusita": 62.91291291291291, "cnt": 2664}, "ANATOMIE SI FIZIOLOGIE UMANA, GENETICA SI ECOLOGIE UMANA": {"medie": 7.151995682417833, "reusita": 73.63876229311586, "cnt": 4169}, "FIZICA TEO": {"medie": 8.430616740088105, "reusita": 93.17180616740089, "cnt": 454}, "FILOSOFIE": {"medie": 6.995901639344263, "reusita": 72.1311475409836, "cnt": 61}, "MATEMATICA TEHN": {"medie": 4.294303663815855, "reusita": 29.078238834336396, "cnt": 9471}, "FIZICA TEH": {"medie": 3.1894736842105256, "reusita": 16.315789473684212, "cnt": 190}, "LIMBA GERMANA": {"medie": 7.395905172413792, "reusita": 78.87931034482759, "cnt": 232}, "INFORMATICA SN C/C++": {"medie": 8.668367346938775, "reusita": 91.83673469387756, "cnt": 49}, "ECONOMIE": {"medie": 7.2519230769230765, "reusita": 76.92307692307693, "cnt": 26}, "LOGICA, ARGUMENTARE SI COMUNICARE": {"medie": 8.669951140065148, "reusita": 94.62540716612378, "cnt": 614}, "MATEMATICA PED": {"medie": 8.569905213270141, "reusita": 95.260663507109, "cnt": 211}, "SOCIOLOGIE": {"medie": 8.156594488188976, "reusita": 90.15748031496062, "cnt": 508}, "CHIMIE ANORGANICA TEH NIVEL I/II": {"medie": 4.875384615384615, "reusita": 35.38461538461539, "cnt": 65}, "LIMBA MAGHIARA (REAL)": {"medie": 7.531468531468534, "reusita": 84.61538461538461, "cnt": 429}, "CHIMIE ORGANICA TEH NIVEL I/II": {"medie": 4.717021276595742, "reusita": 34.04255319148936, "cnt": 141}, "LIMBA MAGHIARA (UMAN)": {"medie": 5.473809523809524, "reusita": 52.38095238095239, "cnt": 21}, "LIMBA SLOVACA": {"medie": 7.790454545454546, "reusita": 83.63636363636363, "cnt": 110}}, "nume": "Arad"}