{"specializari": {"TEHNICIAN TRANSPORTURI": 819, "MATEMATICA-INFORMATICA": 6549, "TEHNICIAN ECOLOG SI PROTECTIA CALITATII MEDIULUI": 1763, "TEHNICIAN DESIGNER MOBILA SI AMENAJARI INTERIOARE": 334, "STIINTE SOCIALE": 2743, "INVATATOR - EDUCATOARE": 285, "TEHNICIAN IN ACTIVITATI ECONOMICE": 1233, "TEOLOGIE ORTODOXA": 336, "TEHNICIAN PROIECTANT PRODUSE FINITE DIN LEMN": 230, "LICEU CU PROGRAM SPORTIV": 1561, "FILOLOGIE": 3814, "TEHNICIAN PROIECTANT CAD": 491, "TEHNICIAN IN ACTIVITATI DE COMERT": 1066, "TEHNICIAN MECATRONIST": 701, "TEHNICIAN PRELUCRARI LA CALD": 23, "TEHNICIAN ELECTROTEHNIST": 258, "TEHNICIAN IN INDUSTRIA ALIMENTARA": 13, "TEHNICIAN PRELUCRARI MECANICE": 174, "TEHNICIAN IN INSTALATII ELECTRICE": 606, "TEHNICIAN IN CONSTRUCTII SI LUCRARI PUBLICE": 130, "TEHNICIAN INSTALATOR PENTRU CONSTRUCTII": 86, "TEHNICIAN VETERINAR": 105, "TEHNICIAN DESENATOR PENTRU CONSTRUCTII SI INSTALATII": 192, "STIINTE ALE NATURII": 3988, "TEHNICIAN ELECTROMECANIC": 563, "TEHNICIAN OPERATOR TEHNICA DE CALCUL": 776, "TEHNICIAN DESIGNER VESTIMENTAR": 348, "TEHNICIAN ELECTRICIAN/ELECTRONIST AUTO": 302, "TEHNICIAN IN PRELUCRAREA LEMNULUI": 91, "TEHNICIAN ANALIZE PRODUSE ALIMENTARE": 180, "TEHNICIAN IN INDUSTRIA TEXTILA": 30, "TEHNICIAN DE TELECOMUNICATII": 265, "TEHNICIAN HIDRO-METEOROLOG": 100, "TEHNICIAN CHIMIST DE LABORATOR": 517, "TEOLOGIE PENTICOSTALA": 176, "TEHNICIAN IN GASTRONOMIE": 406, "TEHNICIAN IN AGROTURISM": 51, "TEHNICIAN IN AUTOMATIZARI": 584, "ARTE PLASTICE SI DECORATIVE": 247, "TEHNICIAN MECANIC PENTRU INTRETINERE SI REPARATII": 584, "MUZICA": 186, "ARHITECTURA, ARTE AMBIENTALE SI DESIGN": 175, "TEHNICIAN IN ADMINISTRATIE": 340, "TEHNICIAN ELECTRONIST": 83, "TEHNICIAN IN TURISM": 337, "TEHNICIAN OPERATOR PROCESARE TEXT IMAGINE": 10, "TEHNICIAN IN AGRICULTURA ECOLOGICA": 37, "TEHNICIAN IN AGRICULTURA": 8, "TEHNICIAN IN SILVICULTURA SI EXPLOATARI FORESTIERE": 354, "COAFOR STILIST": 58, "PATRIMONIU CULTURAL": 71, "TEHNICIAN IN CHIMIE INDUSTRIALA": 44, "TEHNICIAN AGROMONTAN": 10, "TEHNICIAN IN IND. ALIM. FERMENTATIVA SI IN PREL. LEGUMELOR SI FRUCTELOR": 63, "TEHNICIAN PRELUCRARI PE MASINI CU COMANDA NUMERICA": 29}, "limba_moderna": {"LIMBA ENGLEZA": 28042, "LIMBA FRANCEZA": 5813, "LIMBA RUSA": 47, "LIMBA ITALIANA": 224, "LIMBA GERMANA MODERNA": 290, "LIMBA SPANIOLA": 109}, "limba_materna": {"LIMBA ROMANA": 34525}, "promotie_anterioara": {"NU": 28926, "DA": 5599}, "materii": {"LIMBA ROMANA": {"medie": 6.724083997103547, "reusita": 65.58435916002895, "cnt": 34525}, "MATEMATICA MATE-INFO": {"medie": 7.813811268896068, "reusita": 80.72988242479768, "cnt": 6549}, "BIOLOGIE VEGETALA SI ANIMALA": {"medie": 5.3370563007573475, "reusita": 43.79961675335341, "cnt": 10959}, "GENERAL": {"medie": 6.728258266956361, "reusita": 66.24764663287472, "cnt": 34525}, "CHIMIE ORGANICA TEO NIVEL I/II": {"medie": 8.784558303886932, "reusita": 95.28857479387514, "cnt": 849}, "INFORMATICA MI C/C++": {"medie": 8.298962916404781, "reusita": 91.2005028284098, "cnt": 1591}, "CHIMIE ANORGANICA TEO NIVEL I/II": {"medie": 7.589690721649485, "reusita": 82.4742268041237, "cnt": 97}, "ISTORIE": {"medie": 7.2710065527983945, "reusita": 71.89816306799871, "cnt": 9309}, "GEOGRAFIE": {"medie": 7.525427655024955, "reusita": 83.48182466143977, "cnt": 5612}, "PSIHOLOGIE": {"medie": 8.277060439560437, "reusita": 92.58241758241759, "cnt": 364}, "MATEMATICA ST-NAT": {"medie": 6.841725175526565, "reusita": 67.85356068204614, "cnt": 3988}, "ANATOMIE SI FIZIOLOGIE UMANA, GENETICA SI ECOLOGIE UMANA": {"medie": 7.726259278897135, "reusita": 81.28313891834571, "cnt": 3772}, "FIZICA TEO": {"medie": 8.201895850284798, "reusita": 88.7306753458096, "cnt": 2458}, "FILOSOFIE": {"medie": 6.448214285714286, "reusita": 57.14285714285714, "cnt": 28}, "MATEMATICA TEHN": {"medie": 5.2076712519105355, "reusita": 42.03834931221343, "cnt": 14394}, "FIZICA TEH": {"medie": 5.193719008264461, "reusita": 44.27390791027155, "cnt": 847}, "INFORMATICA SN C/C++": {"medie": 7.689999999999997, "reusita": 81.17647058823529, "cnt": 85}, "ECONOMIE": {"medie": 7.896292775665396, "reusita": 85.74144486692015, "cnt": 526}, "LOGICA, ARGUMENTARE SI COMUNICARE": {"medie": 8.258210545323218, "reusita": 89.16576381365114, "cnt": 5538}, "MATEMATICA PED": {"medie": 7.876140350877186, "reusita": 85.26315789473684, "cnt": 285}, "SOCIOLOGIE": {"medie": 7.840890269151144, "reusita": 85.30020703933747, "cnt": 966}, "INFORMATICA MI PASCAL": {"medie": 6.648333333333333, "reusita": 65.55555555555556, "cnt": 90}, "CHIMIE ANORGANICA TEH NIVEL I/II": {"medie": 4.894716369529978, "reusita": 31.766612641815232, "cnt": 617}, "CHIMIE ORGANICA TEH NIVEL I/II": {"medie": 5.003145161290323, "reusita": 33.064516129032256, "cnt": 124}, "INFORMATICA SN PASCAL": {"medie": 6.7, "reusita": 50.0, "cnt": 2}}, "nume": "Arge\u0219"}