{"specializari": {"MATEMATICA-INFORMATICA": 5743, "FILOLOGIE": 4121, "MUZICA": 207, "STIINTE ALE NATURII": 3405, "STIINTE SOCIALE": 4136, "TEHNICIAN OPERATOR TEHNICA DE CALCUL": 788, "INVATATOR - EDUCATOARE": 254, "TEHNICIAN DE TELECOMUNICATII": 88, "TEHNICIAN IN ACTIVITATI ECONOMICE": 2641, "TEHNICIAN MECANIC PENTRU INTRETINERE SI REPARATII": 251, "TEHNICIAN ECOLOG SI PROTECTIA CALITATII MEDIULUI": 813, "TEHNICIAN IN AUTOMATIZARI": 44, "TEHNICIAN IN TURISM": 787, "TEHNICIAN IN ACTIVITATI DE COMERT": 398, "TEHNICIAN DESENATOR PENTRU CONSTRUCTII SI INSTALATII": 129, "TEHNICIAN PROIECTANT CAD": 258, "TEHNICIAN IN INSTALATII ELECTRICE": 249, "TEHNICIAN TRANSPORTURI": 277, "TEHNICIAN IN ADMINISTRATIE": 180, "TEHNICIAN ANALIZE PRODUSE ALIMENTARE": 123, "TEHNICIAN CHIMIST DE LABORATOR": 8, "TEHNICIAN DESIGNER VESTIMENTAR": 200, "LICEU CU PROGRAM SPORTIV": 717, "TEHNICIAN ELECTROMECANIC": 32, "TEHNICIAN IN CONSTRUCTII SI LUCRARI PUBLICE": 88, "TEHNICIAN IN GASTRONOMIE": 492, "TEHNICIAN MECATRONIST": 121, "TEHNICIAN IN INDUSTRIA ALIMENTARA": 103, "ARTE PLASTICE SI DECORATIVE": 218, "ORGANIZATOR BANQUETING": 423, "TEHNICIAN INSTALATOR PENTRU CONSTRUCTII": 45, "TEHNICIAN VETERINAR": 46, "TEHNICIAN IN ACTIVITATI DE POSTA": 2, "TEHNICIAN ELECTROTEHNIST": 16, "TEHNICIAN IN INDUSTRIA TEXTILA": 109, "TEHNICIAN ELECTRONIST": 2, "TEHNICIAN AGRONOM": 60, "TEHNICIAN OPERATOR PROCESARE TEXT IMAGINE": 2, "COAFOR STILIST": 163, "TEHNICIAN IN PRELUCRAREA LEMNULUI": 53, "TEHNICIAN IN AGRICULTURA": 65, "ARHITECTURA, ARTE AMBIENTALE SI DESIGN": 180, "TEHNICIAN IN AGROTURISM": 108, "TEOLOGIE ROMANO-CATOLICA": 394, "TEHNICIAN ELECTRICIAN/ELECTRONIST AUTO": 150, "TEHNICIAN IN HOTELARIE": 30, "TEHNICIAN HIDRO-METEOROLOG": 10, "TEHNICIAN OPERATOR TELEMATICA": 1, "TEHNICIAN DESIGNER MOBILA SI AMENAJARI INTERIOARE": 15, "COREGRAFIE": 28}, "limba_moderna": {"LIMBA ENGLEZA": 26273, "LIMBA SPANIOLA": 58, "LIMBA FRANCEZA": 2322, "LIMBA GERMANA MODERNA": 43, "LIMBA ITALIANA": 76, "LIMBA RUSA": 1}, "limba_materna": {"LIMBA ROMANA": 28767, "LIMBA MAGHIARA": 6}, "promotie_anterioara": {"NU": 25102, "DA": 3671}, "materii": {"LIMBA ROMANA": {"medie": 7.098971605324455, "reusita": 72.83912000834115, "cnt": 28773}, "MATEMATICA MATE-INFO": {"medie": 7.896813512101674, "reusita": 83.56259794532474, "cnt": 5743}, "BIOLOGIE VEGETALA SI ANIMALA": {"medie": 5.186677631578947, "reusita": 41.0453216374269, "cnt": 2736}, "GENERAL": {"medie": 7.1446883652498885, "reusita": 74.5907621728704, "cnt": 28773}, "CHIMIE ORGANICA TEO NIVEL I/II": {"medie": 8.586419125127168, "reusita": 92.16683621566632, "cnt": 983}, "INFORMATICA MI C/C++": {"medie": 8.035292431192651, "reusita": 85.60779816513761, "cnt": 1744}, "CHIMIE ANORGANICA TEO NIVEL I/II": {"medie": 7.1870218579234955, "reusita": 76.50273224043715, "cnt": 366}, "ISTORIE": {"medie": 7.274312568743133, "reusita": 73.63263673632636, "cnt": 10001}, "GEOGRAFIE": {"medie": 7.499340356404429, "reusita": 83.72550950083686, "cnt": 10157}, "PSIHOLOGIE": {"medie": 8.226937984496127, "reusita": 91.08527131782945, "cnt": 258}, "MATEMATICA ST-NAT": {"medie": 7.424508076358304, "reusita": 78.09104258443466, "cnt": 3405}, "ANATOMIE SI FIZIOLOGIE UMANA, GENETICA SI ECOLOGIE UMANA": {"medie": 7.840410067259708, "reusita": 84.22651334345845, "cnt": 4609}, "FIZICA TEO": {"medie": 8.228566796368353, "reusita": 88.91050583657587, "cnt": 1542}, "FILOSOFIE": {"medie": 7.55, "reusita": 81.03448275862068, "cnt": 58}, "MATEMATICA TEHN": {"medie": 5.623303094983987, "reusita": 48.068303094983996, "cnt": 9370}, "FIZICA TEH": {"medie": 5.022409909909914, "reusita": 44.36936936936937, "cnt": 444}, "INFORMATICA SN C/C++": {"medie": 7.258450704225354, "reusita": 76.05633802816901, "cnt": 71}, "ECONOMIE": {"medie": 7.259722222222226, "reusita": 76.11111111111111, "cnt": 180}, "LOGICA, ARGUMENTARE SI COMUNICARE": {"medie": 8.34313589814556, "reusita": 89.95294768890119, "cnt": 3613}, "MATEMATICA PED": {"medie": 7.956299212598426, "reusita": 86.61417322834646, "cnt": 254}, "SOCIOLOGIE": {"medie": 7.6141628959276, "reusita": 84.34389140271493, "cnt": 1105}, "INFORMATICA MI PASCAL": {"medie": 9.2, "reusita": 100.0, "cnt": 1}, "CHIMIE ANORGANICA TEH NIVEL I/II": {"medie": 5.297203856749313, "reusita": 36.08815426997245, "cnt": 726}, "LIMBA MAGHIARA (REAL)": {"medie": 5.066666666666666, "reusita": 16.666666666666664, "cnt": 6}, "CHIMIE ORGANICA TEH NIVEL I/II": {"medie": 5.9305555555555545, "reusita": 51.66666666666667, "cnt": 180}}, "nume": "Bac\u0103u"}