{"specializari": {"ARHITECTURA, ARTE AMBIENTALE SI DESIGN": 111, "STIINTE ALE NATURII": 4828, "TEHNICIAN ELECTRONIST": 79, "MATEMATICA-INFORMATICA": 6308, "FILOLOGIE": 5885, "TEOLOGIE REFORMATA": 145, "TEHNICIAN IN INDUSTRIA TEXTILA": 58, "TEHNICIAN INSTALATOR PENTRU CONSTRUCTII": 15, "STIINTE SOCIALE": 1577, "TEHNICIAN IN ACTIVITATI ECONOMICE": 2548, "TEHNICIAN ELECTRICIAN/ELECTRONIST AUTO": 82, "ARTE PLASTICE SI DECORATIVE": 343, "TEHNICIAN IN GASTRONOMIE": 670, "TEHNICIAN IN TURISM": 853, "TEHNICIAN IN AUTOMATIZARI": 184, "TEOLOGIE ORTODOXA": 160, "TEHNICIAN IN ACTIVITATI DE POSTA": 38, "TEHNICIAN VETERINAR": 159, "TEHNICIAN MECATRONIST": 597, "MUZICA": 265, "TEHNICIAN IN INDUSTRIA ALIMENTARA": 271, "TEHNICIAN ELECTROTEHNIST": 562, "TEHNICIAN IN AGRICULTURA": 52, "TEHNICIAN TRANSPORTURI": 276, "TEHNICIAN VETERINAR PENTRU ANIMALE DE COMPANIE": 5, "TEHNICIAN OPERATOR TEHNICA DE CALCUL": 572, "TEHNICIAN DE TELECOMUNICATII": 53, "TEHNICIAN IN HOTELARIE": 132, "TEOLOGIE GRECO-CATOLICA": 190, "TEHNICIAN IN ACTIVITATI DE COMERT": 689, "TEHNICIAN DESIGNER MOBILA SI AMENAJARI INTERIOARE": 35, "TEOLOGIE PENTICOSTALA": 209, "TEHNICIAN PROIECTANT CAD": 264, "TEHNICIAN IN CONSTRUCTII SI LUCRARI PUBLICE": 56, "TEHNICIAN MECANIC PENTRU INTRETINERE SI REPARATII": 221, "TEHNICIAN IN ADMINISTRATIE": 236, "TEHNICIAN IN PRELUCRAREA LEMNULUI": 43, "TEHNICIAN IN SILVICULTURA SI EXPLOATARI FORESTIERE": 206, "TEHNICIAN DESENATOR PENTRU CONSTRUCTII SI INSTALATII": 93, "COAFOR STILIST": 239, "INVATATOR - EDUCATOARE": 560, "TEHNICIAN HORTICULTOR": 2, "ORGANIZATOR BANQUETING": 143, "TEHNICIAN ECOLOG SI PROTECTIA CALITATII MEDIULUI": 146, "TEHNICIAN AGRONOM": 127, "TEHNICIAN IN INSTALATII ELECTRICE": 190, "TEHNICIAN DESIGNER VESTIMENTAR": 160, "TEHNICIAN ANALIZE PRODUSE ALIMENTARE": 314, "TEOLOGIE ROMANO-CATOLICA": 146, "LICEU CU PROGRAM SPORTIV": 579, "TEHNICIAN ELECTROMECANIC": 69, "TEHNICIAN OPERATOR PROCESARE TEXT IMAGINE": 34, "TEHNICIAN IN AGRICULTURA ECOLOGICA": 35, "TEOLOGIE BAPTISTA": 217, "BIBLIOTECAR DOCUMENTARIST": 9, "TEHNICIAN IN CHIMIE INDUSTRIALA": 3}, "limba_moderna": {"LIMBA ENGLEZA": 29975, "LIMBA GERMANA MODERNA": 635, "LIMBA FRANCEZA": 1262, "LIMBA ITALIANA": 52, "LIMBA RUSA": 2, "LIMBA SPANIOLA": 117}, "limba_materna": {"LIMBA MAGHIARA": 4617, "LIMBA ROMANA": 27156, "LIMBA SLOVACA": 176, "LIMBA GERMANA": 94}, "promotie_anterioara": {"DA": 5626, "NU": 26417}, "materii": {"LIMBA ROMANA": {"medie": 6.316128015479232, "reusita": 56.94223387323284, "cnt": 32043}, "MATEMATICA MATE-INFO": {"medie": 6.8873117768267695, "reusita": 68.31510540497702, "cnt": 6309}, "BIOLOGIE VEGETALA SI ANIMALA": {"medie": 5.147947671627462, "reusita": 40.13442150744119, "cnt": 4166}, "GENERAL": {"medie": 6.567718638496156, "reusita": 61.042973504353526, "cnt": 32043}, "CHIMIE ORGANICA TEO NIVEL I/II": {"medie": 8.537348178137655, "reusita": 92.71255060728745, "cnt": 494}, "INFORMATICA MI C/C++": {"medie": 7.913912515188313, "reusita": 85.11543134872419, "cnt": 1646}, "CHIMIE ANORGANICA TEO NIVEL I/II": {"medie": 7.013372093023258, "reusita": 70.93023255813954, "cnt": 86}, "ISTORIE": {"medie": 7.0905866205774375, "reusita": 69.7946319642131, "cnt": 9836}, "GEOGRAFIE": {"medie": 7.237173075346421, "reusita": 78.66688529966385, "cnt": 12197}, "PSIHOLOGIE": {"medie": 7.648167006109976, "reusita": 85.13238289205702, "cnt": 491}, "MATEMATICA ST-NAT": {"medie": 6.236837199668593, "reusita": 59.03065451532725, "cnt": 4828}, "ANATOMIE SI FIZIOLOGIE UMANA, GENETICA SI ECOLOGIE UMANA": {"medie": 7.227425868235832, "reusita": 73.80869966539748, "cnt": 8667}, "FIZICA TEO": {"medie": 7.980332409972303, "reusita": 85.0415512465374, "cnt": 361}, "FILOSOFIE": {"medie": 7.098082595870206, "reusita": 80.23598820058997, "cnt": 339}, "MATEMATICA TEHN": {"medie": 4.899310180780199, "reusita": 37.431018078020934, "cnt": 10510}, "FIZICA TEH": {"medie": 4.243198992443324, "reusita": 25.440806045340054, "cnt": 397}, "LIMBA GERMANA": {"medie": 7.730851063829788, "reusita": 85.1063829787234, "cnt": 94}, "INFORMATICA SN C/C++": {"medie": 7.965217391304349, "reusita": 82.6086956521739, "cnt": 23}, "ECONOMIE": {"medie": 7.017605633802817, "reusita": 70.4225352112676, "cnt": 71}, "LOGICA, ARGUMENTARE SI COMUNICARE": {"medie": 8.555659999999978, "reusita": 93.2, "cnt": 2500}, "MATEMATICA PED": {"medie": 7.264464285714285, "reusita": 75.71428571428571, "cnt": 560}, "SOCIOLOGIE": {"medie": 7.776011560693643, "reusita": 88.4393063583815, "cnt": 346}, "INFORMATICA MI PASCAL": {"medie": 6.726153846153844, "reusita": 61.53846153846154, "cnt": 65}, "CHIMIE ANORGANICA TEH NIVEL I/II": {"medie": 4.753389830508475, "reusita": 33.89830508474576, "cnt": 59}, "LIMBA MAGHIARA (REAL)": {"medie": 7.043566286742635, "reusita": 78.19436112777444, "cnt": 3334}, "CHIMIE ORGANICA TEH NIVEL I/II": {"medie": 4.629259259259259, "reusita": 28.14814814814815, "cnt": 135}, "LIMBA MAGHIARA (UMAN)": {"medie": 6.94922057677319, "reusita": 76.9290724863601, "cnt": 1283}, "LIMBA SLOVACA": {"medie": 6.752272727272728, "reusita": 77.27272727272727, "cnt": 176}}, "nume": "Bihor"}