{"specializari": {"INVATATOR - EDUCATOARE": 291, "MATEMATICA-INFORMATICA": 1941, "STIINTE ALE NATURII": 2818, "LICEU CU PROGRAM SPORTIV": 827, "TEHNICIAN HORTICULTOR": 58, "FILOLOGIE": 1980, "TEHNICIAN ECOLOG SI PROTECTIA CALITATII MEDIULUI": 589, "TEHNICIAN MECATRONIST": 275, "TEHNICIAN IN ACTIVITATI ECONOMICE": 2546, "TEHNICIAN IN INDUSTRIA TEXTILA": 90, "ARHITECTURA, ARTE AMBIENTALE SI DESIGN": 200, "STIINTE SOCIALE": 801, "TEHNICIAN IN ACHIZITII SI CONTRACTARI": 182, "TEHNICIAN DESIGNER VESTIMENTAR": 15, "TEHNICIAN MECANIC PENTRU INTRETINERE SI REPARATII": 286, "TEHNICIAN IN INSTALATII ELECTRICE": 168, "TEHNICIAN IN CHIMIE INDUSTRIALA": 3, "TEHNICIAN IN PRELUCRAREA LEMNULUI": 72, "TEHNICIAN ELECTROMECANIC": 20, "TEHNICIAN IN ACTIVITATI DE COMERT": 44, "TEHNICIAN INSTALATOR PENTRU CONSTRUCTII": 45, "TEHNICIAN IN TURISM": 390, "TEHNICIAN DE TELECOMUNICATII": 186, "ARTE PLASTICE SI DECORATIVE": 213, "TEHNICIAN IN AUTOMATIZARI": 137, "TEHNICIAN TRANSPORTURI": 276, "TEHNICIAN VETERINAR": 134, "TEHNICIAN IN GASTRONOMIE": 103, "TEHNICIAN ANALIZE PRODUSE ALIMENTARE": 35, "TEHNICIAN AGROMONTAN": 51, "TEHNICIAN IN HOTELARIE": 39, "COAFOR STILIST": 94, "TEHNICIAN IN AGRICULTURA": 69, "TEHNICIAN PENTRU ANIMALE DE COMPANIE": 11, "TEHNICIAN ELECTROTEHNIST": 20, "TEHNICIAN IN SILVICULTURA SI EXPLOATARI FORESTIERE": 429, "TEHNICIAN ELECTRONIST": 2, "MUZICA": 191, "TEHNICIAN DESENATOR PENTRU CONSTRUCTII SI INSTALATII": 3, "ORGANIZATOR BANQUETING": 25, "TEHNICIAN OPERATOR TEHNICA DE CALCUL": 54, "TEHNICIAN PROIECTANT CAD": 40, "TEHNICIAN IN CONSTRUCTII SI LUCRARI PUBLICE": 4, "TEHNICIAN IN INDUSTRIA PIELARIEI": 3, "TEHNICIAN IN INDUSTRIA ALIMENTARA": 17, "TEHNICIAN CHIMIST DE LABORATOR": 2, "TEHNICIAN IN AGROTURISM": 4, "TEOLOGIE ORTODOXA": 1, "TEHNICIAN PRELUCRARI LA CALD": 8, "TEHNICIAN PRELUCRARI PE MASINI CU COMANDA NUMERICA": 93, "TEHNICIAN PRELUCRARI MECANICE": 7, "TEHNICIAN ZOOTEHNIST": 3, "TEHNICIAN IN AGRICULTURA ECOLOGICA": 18}, "limba_moderna": {"LIMBA ENGLEZA": 14421, "LIMBA FRANCEZA": 1259, "LIMBA ITALIANA": 125, "LIMBA GERMANA MODERNA": 108}, "limba_materna": {"LIMBA ROMANA": 15494, "LIMBA MAGHIARA": 285, "LIMBA GERMANA": 134}, "promotie_anterioara": {"NU": 13729, "DA": 2184}, "materii": {"LIMBA ROMANA": {"medie": 6.738953685665892, "reusita": 65.34908565323948, "cnt": 15913}, "MATEMATICA MATE-INFO": {"medie": 7.762931478619263, "reusita": 81.2982998454405, "cnt": 1941}, "BIOLOGIE VEGETALA SI ANIMALA": {"medie": 4.394588500563701, "reusita": 30.270574971815105, "cnt": 1774}, "GENERAL": {"medie": 6.7021912377719985, "reusita": 65.129139697103, "cnt": 15913}, "CHIMIE ORGANICA TEO NIVEL I/II": {"medie": 8.740882352941176, "reusita": 97.6470588235294, "cnt": 340}, "INFORMATICA MI C/C++": {"medie": 8.3790909090909, "reusita": 92.5974025974026, "cnt": 770}, "CHIMIE ANORGANICA TEO NIVEL I/II": {"medie": 8.05846153846154, "reusita": 95.38461538461539, "cnt": 65}, "ISTORIE": {"medie": 7.2619392356990335, "reusita": 73.53429859957275, "cnt": 4213}, "GEOGRAFIE": {"medie": 7.2368883792048795, "reusita": 79.23547400611622, "cnt": 6540}, "PSIHOLOGIE": {"medie": 8.072564102564108, "reusita": 90.25641025641026, "cnt": 195}, "MATEMATICA ST-NAT": {"medie": 7.035149041873669, "reusita": 72.35628105039035, "cnt": 2818}, "ANATOMIE SI FIZIOLOGIE UMANA, GENETICA SI ECOLOGIE UMANA": {"medie": 7.362284047565608, "reusita": 75.85820058335203, "cnt": 4457}, "FIZICA TEO": {"medie": 8.19814814814815, "reusita": 87.03703703703704, "cnt": 108}, "FILOSOFIE": {"medie": 7.752482269503545, "reusita": 87.94326241134752, "cnt": 141}, "MATEMATICA TEHN": {"medie": 4.8806992481202744, "reusita": 35.83458646616541, "cnt": 6650}, "FIZICA TEH": {"medie": 2.7515418502202635, "reusita": 7.488986784140969, "cnt": 227}, "LIMBA GERMANA": {"medie": 8.049999999999997, "reusita": 94.02985074626866, "cnt": 134}, "INFORMATICA SN C/C++": {"medie": 8.618181818181817, "reusita": 93.18181818181817, "cnt": 44}, "ECONOMIE": {"medie": 6.437499999999999, "reusita": 66.66666666666666, "cnt": 36}, "LOGICA, ARGUMENTARE SI COMUNICARE": {"medie": 8.888048090523348, "reusita": 94.90806223479491, "cnt": 707}, "MATEMATICA PED": {"medie": 7.710309278350513, "reusita": 83.8487972508591, "cnt": 291}, "SOCIOLOGIE": {"medie": 7.925811688311693, "reusita": 89.6103896103896, "cnt": 308}, "INFORMATICA MI PASCAL": {"medie": 6.3, "reusita": 100.0, "cnt": 1}, "CHIMIE ANORGANICA TEH NIVEL I/II": {"medie": 4.811111111111113, "reusita": 30.409356725146196, "cnt": 171}, "LIMBA MAGHIARA (REAL)": {"medie": 7.35173611111111, "reusita": 83.33333333333334, "cnt": 144}, "CHIMIE ORGANICA TEH NIVEL I/II": {"medie": 7.253448275862069, "reusita": 86.20689655172413, "cnt": 29}, "LIMBA MAGHIARA (UMAN)": {"medie": 6.819858156028371, "reusita": 76.59574468085107, "cnt": 141}}, "nume": "Bistri\u021ba-N\u0103s\u0103ud"}