{"specializari": {"STIINTE ALE NATURII": 4292, "MATEMATICA-INFORMATICA": 3460, "TEHNICIAN IN AGRICULTURA": 286, "LICEU CU PROGRAM SPORTIV": 738, "STIINTE SOCIALE": 2599, "TEHNICIAN IN INSTALATII ELECTRICE": 130, "TEHNICIAN MECANIC PENTRU INTRETINERE SI REPARATII": 475, "TEHNICIAN ELECTRONIST": 125, "TEHNICIAN PROIECTANT CAD": 129, "TEHNICIAN IN AUTOMATIZARI": 139, "TEHNICIAN MECATRONIST": 82, "TEHNICIAN OPERATOR TEHNICA DE CALCUL": 371, "TEHNICIAN IN ADMINISTRATIE": 203, "TEHNICIAN ECOLOG SI PROTECTIA CALITATII MEDIULUI": 557, "FILOLOGIE": 2274, "TEOLOGIE ORTODOXA": 301, "TEHNICIAN IN MORARIT, PANIFICATIE SI PRODUSE FAINOASE": 61, "TEHNICIAN VETERINAR": 53, "TEHNICIAN IN PRELUCRAREA LEMNULUI": 45, "TEHNICIAN IN ACTIVITATI ECONOMICE": 918, "TEHNICIAN IN GASTRONOMIE": 696, "TEHNICIAN IN TURISM": 201, "TEHNICIAN ELECTROMECANIC": 70, "TEHNICIAN DESIGNER VESTIMENTAR": 171, "TEHNICIAN IN INDUSTRIA ALIMENTARA": 252, "TEHNICIAN IN ACTIVITATI DE COMERT": 411, "COAFOR STILIST": 95, "TEHNICIAN HORTICULTOR": 108, "ARTE PLASTICE SI DECORATIVE": 214, "TEHNICIAN PENTRU ANIMALE DE COMPANIE": 5, "TEHNICIAN IN CONSTRUCTII SI LUCRARI PUBLICE": 28, "TEHNICIAN IN INDUSTRIA TEXTILA": 124, "TEHNICIAN INSTALATOR PENTRU CONSTRUCTII": 10, "PATRIMONIU CULTURAL": 222, "MUZICA": 213, "TEHNICIAN DESENATOR PENTRU CONSTRUCTII SI INSTALATII": 8, "TEHNICIAN TRANSPORTURI": 2, "INVATATOR - EDUCATOARE": 277, "ARHITECTURA, ARTE AMBIENTALE SI DESIGN": 78, "TEHNICIAN AGRONOM": 86, "ORGANIZATOR BANQUETING": 1, "TEHNICIAN IN SILVICULTURA SI EXPLOATARI FORESTIERE": 1, "ARTA ACTORULUI": 15}, "limba_moderna": {"LIMBA ENGLEZA": 17979, "LIMBA FRANCEZA": 2521, "LIMBA SPANIOLA": 22, "LIMBA GERMANA MODERNA": 4}, "limba_materna": {"LIMBA ROMANA": 20526}, "promotie_anterioara": {"DA": 2332, "NU": 18194}, "materii": {"LIMBA ROMANA": {"medie": 6.840442852967001, "reusita": 68.17207444217091, "cnt": 20526}, "MATEMATICA MATE-INFO": {"medie": 7.33968208092486, "reusita": 72.80346820809248, "cnt": 3460}, "BIOLOGIE VEGETALA SI ANIMALA": {"medie": 4.115761875385563, "reusita": 22.640345465761875, "cnt": 1621}, "GENERAL": {"medie": 6.820917697879069, "reusita": 67.30000974373965, "cnt": 20526}, "CHIMIE ORGANICA TEO NIVEL I/II": {"medie": 8.918037135278514, "reusita": 96.02122015915118, "cnt": 377}, "INFORMATICA MI C/C++": {"medie": 8.101251422070533, "reusita": 87.94084186575654, "cnt": 879}, "CHIMIE ANORGANICA TEO NIVEL I/II": {"medie": 7.333677685950415, "reusita": 77.68595041322314, "cnt": 242}, "ISTORIE": {"medie": 6.919897805831069, "reusita": 65.76495341148181, "cnt": 6654}, "GEOGRAFIE": {"medie": 7.478503245513553, "reusita": 82.53150057273768, "cnt": 5238}, "PSIHOLOGIE": {"medie": 7.258928571428571, "reusita": 72.85714285714285, "cnt": 140}, "MATEMATICA ST-NAT": {"medie": 6.601747437092246, "reusita": 61.50978564771668, "cnt": 4292}, "ANATOMIE SI FIZIOLOGIE UMANA, GENETICA SI ECOLOGIE UMANA": {"medie": 7.053093009651956, "reusita": 72.98917812225797, "cnt": 6838}, "FIZICA TEO": {"medie": 8.166748466257673, "reusita": 87.11656441717791, "cnt": 652}, "FILOSOFIE": {"medie": 7.5362745098039206, "reusita": 74.50980392156863, "cnt": 51}, "MATEMATICA TEHN": {"medie": 5.03079753551257, "reusita": 40.082149580694846, "cnt": 5843}, "FIZICA TEH": {"medie": 4.359137055837562, "reusita": 29.441624365482234, "cnt": 197}, "INFORMATICA SN C/C++": {"medie": 8.521875, "reusita": 100.0, "cnt": 16}, "ECONOMIE": {"medie": 7.507272727272725, "reusita": 78.18181818181819, "cnt": 55}, "LOGICA, ARGUMENTARE SI COMUNICARE": {"medie": 8.204009496175143, "reusita": 88.0506462674756, "cnt": 3791}, "MATEMATICA PED": {"medie": 8.259819494584839, "reusita": 89.89169675090253, "cnt": 277}, "SOCIOLOGIE": {"medie": 7.595580110497236, "reusita": 84.5303867403315, "cnt": 181}, "INFORMATICA MI PASCAL": {"medie": 7.31875, "reusita": 81.25, "cnt": 16}, "CHIMIE ANORGANICA TEH NIVEL I/II": {"medie": 4.77945205479452, "reusita": 33.789954337899545, "cnt": 219}, "CHIMIE ORGANICA TEH NIVEL I/II": {"medie": 3.7961538461538464, "reusita": 7.6923076923076925, "cnt": 13}}, "nume": "Boto\u0219ani"}