{"specializari": {"LICEU CU PROGRAM SPORTIV": 612, "STIINTE ALE NATURII": 2157, "MATEMATICA-INFORMATICA": 2723, "STIINTE SOCIALE": 1414, "FILOLOGIE": 1974, "TEHNICIAN MECANIC PENTRU INTRETINERE SI REPARATII": 135, "TEHNICIAN MECATRONIST": 149, "TEHNICIAN ELECTROTEHNIST": 40, "TEHNICIAN IN INDUSTRIA ALIMENTARA": 58, "TEHNICIAN ECOLOG SI PROTECTIA CALITATII MEDIULUI": 110, "TEHNICIAN IN ACTIVITATI DE COMERT": 365, "TEHNICIAN IN GASTRONOMIE": 325, "TEHNICIAN IN ACTIVITATI ECONOMICE": 582, "TEHNICIAN IN INSTALATII ELECTRICE": 26, "TEHNICIAN IN ACHIZITII SI CONTRACTARI": 7, "TEHNICIAN VETERINAR": 38, "TEHNICIAN IN MORARIT, PANIFICATIE SI PRODUSE FAINOASE": 51, "TEHNICIAN OPERATOR TEHNICA DE CALCUL": 119, "MUZICA": 148, "INVATATOR - EDUCATOARE": 346, "TEHNICIAN PROIECTANT CAD": 53, "TEHNICIAN CONSTRUCTII NAVALE": 1, "ARHITECTURA, ARTE AMBIENTALE SI DESIGN": 173, "TEHNICIAN IN TURISM": 198, "TEHNICIAN ELECTROMECANIC": 61, "TEHNICIAN DESIGNER VESTIMENTAR": 52, "TEHNICIAN PRELUCRARI LA CALD": 9, "ARTA ACTORULUI": 186, "ARTE PLASTICE SI DECORATIVE": 182, "TEHNICIAN IN INDUSTRIA TEXTILA": 44, "TEHNICIAN ANALIZE PRODUSE ALIMENTARE": 111, "TEHNICIAN DESENATOR PENTRU CONSTRUCTII SI INSTALATII": 22, "TEHNICIAN IN CONSTRUCTII SI LUCRARI PUBLICE": 12, "COAFOR STILIST": 17, "TEHNICIAN IN ADMINISTRATIE": 11, "TEHNICIAN IN INDUSTRIA PIELARIEI": 51, "TEHNICIAN IN AUTOMATIZARI": 5, "TEHNICIAN IN PRELUCRAREA LEMNULUI": 28, "TEHNICIAN DESIGNER MOBILA SI AMENAJARI INTERIOARE": 32, "TEHNICIAN ELECTRONIST": 5, "TEHNICIAN DE TELECOMUNICATII": 21, "TEHNICIAN TRANSPORTURI": 56, "TEHNICIAN ELECTRICIAN/ELECTRONIST AUTO": 67, "TEHNICIAN IN PRELUCRAREA PRODUSELOR DE ORIGINE ANIMALA": 22, "TEHNICIAN IN CHIMIE INDUSTRIALA": 1, "TEHNICIAN OPERATOR PROCESARE TEXT IMAGINE": 1, "TEHNICIAN HORTICULTOR": 1, "TEHNICIAN AGRONOM": 3, "TEHNICIAN METROLOG": 2, "TEHNICIAN IN AGRICULTURA": 4, "TEHNICIAN ZOOTEHNIST": 1}, "limba_moderna": {"LIMBA ENGLEZA": 11463, "LIMBA FRANCEZA": 1272, "LIMBA RUSA": 50, "LIMBA GERMANA MODERNA": 25, "LIMBA SPANIOLA": 1}, "limba_materna": {"LIMBA ROMANA": 12811}, "promotie_anterioara": {"NU": 10875, "DA": 1936}, "materii": {"LIMBA ROMANA": {"medie": 7.009752556396866, "reusita": 71.68839278744828, "cnt": 12811}, "MATEMATICA MATE-INFO": {"medie": 7.859181050312166, "reusita": 82.0051413881748, "cnt": 2723}, "BIOLOGIE VEGETALA SI ANIMALA": {"medie": 5.947589641434272, "reusita": 54.342629482071715, "cnt": 2510}, "GENERAL": {"medie": 7.102999765826272, "reusita": 74.3501678245258, "cnt": 12811}, "CHIMIE ORGANICA TEO NIVEL I/II": {"medie": 8.661709601873536, "reusita": 95.19906323185012, "cnt": 854}, "INFORMATICA MI C/C++": {"medie": 8.308177570093457, "reusita": 92.05607476635514, "cnt": 428}, "CHIMIE ANORGANICA TEO NIVEL I/II": {"medie": 7.559375, "reusita": 68.75, "cnt": 32}, "ISTORIE": {"medie": 7.274194924290893, "reusita": 73.51247600767753, "cnt": 4689}, "GEOGRAFIE": {"medie": 7.529443521594658, "reusita": 85.73504983388705, "cnt": 4816}, "PSIHOLOGIE": {"medie": 7.77181818181818, "reusita": 88.63636363636364, "cnt": 220}, "MATEMATICA ST-NAT": {"medie": 7.453384330088074, "reusita": 79.41585535465924, "cnt": 2157}, "ANATOMIE SI FIZIOLOGIE UMANA, GENETICA SI ECOLOGIE UMANA": {"medie": 7.600756938603868, "reusita": 83.34735071488646, "cnt": 1189}, "FIZICA TEO": {"medie": 8.529045643153518, "reusita": 92.73858921161826, "cnt": 964}, "FILOSOFIE": {"medie": 7.777777777777779, "reusita": 87.03703703703704, "cnt": 54}, "MATEMATICA TEHN": {"medie": 4.953314917127071, "reusita": 37.81077348066299, "cnt": 2896}, "FIZICA TEH": {"medie": 3.5082417582417587, "reusita": 15.934065934065933, "cnt": 182}, "INFORMATICA SN C/C++": {"medie": 8.360714285714286, "reusita": 92.85714285714286, "cnt": 28}, "ECONOMIE": {"medie": 7.32945945945946, "reusita": 78.37837837837837, "cnt": 185}, "LOGICA, ARGUMENTARE SI COMUNICARE": {"medie": 7.9545806451612835, "reusita": 88.51612903225806, "cnt": 775}, "MATEMATICA PED": {"medie": 8.134682080924842, "reusita": 93.35260115606935, "cnt": 346}, "SOCIOLOGIE": {"medie": 7.9176530612244855, "reusita": 88.57142857142857, "cnt": 490}, "CHIMIE ANORGANICA TEH NIVEL I/II": {"medie": 4.622340425531915, "reusita": 27.659574468085108, "cnt": 47}, "CHIMIE ORGANICA TEH NIVEL I/II": {"medie": 4.798648648648649, "reusita": 27.027027027027028, "cnt": 37}}, "nume": "Br\u0103ila"}