{"specializari": {"TEHNICIAN IN TURISM": 759, "TEHNICIAN IN ACTIVITATI ECONOMICE": 1236, "FILOLOGIE": 2877, "LICEU CU PROGRAM SPORTIV": 449, "TEHNICIAN ECOLOG SI PROTECTIA CALITATII MEDIULUI": 437, "MATEMATICA-INFORMATICA": 4300, "TEHNICIAN PROIECTANT CAD": 234, "STIINTE ALE NATURII": 4675, "STIINTE SOCIALE": 2066, "TEHNICIAN DE TELECOMUNICATII": 82, "TEHNICIAN OPERATOR TEHNICA DE CALCUL": 148, "TEHNICIAN IN GASTRONOMIE": 231, "TEHNICIAN MECANIC PENTRU INTRETINERE SI REPARATII": 148, "TEHNICIAN ANALIZE PRODUSE ALIMENTARE": 200, "TEHNICIAN TRANSPORTURI": 152, "TEHNICIAN MECATRONIST": 350, "TEHNICIAN IN INSTALATII ELECTRICE": 329, "TEHNICIAN IN CONSTRUCTII SI LUCRARI PUBLICE": 29, "ARHITECTURA, ARTE AMBIENTALE SI DESIGN": 291, "TEHNICIAN DESENATOR PENTRU CONSTRUCTII SI INSTALATII": 62, "TEHNICIAN VETERINAR": 88, "TEHNICIAN ELECTROTEHNIST": 49, "TEHNICIAN IN PRELUCRAREA LEMNULUI": 62, "TEHNICIAN INSTALATOR PENTRU CONSTRUCTII": 14, "TEHNICIAN IN ACTIVITATI DE COMERT": 219, "TEHNICIAN OPERATOR PROCESARE TEXT IMAGINE": 35, "TEHNICIAN IN AUTOMATIZARI": 277, "MUZICA": 179, "TEHNICIAN PRELUCRARI PE MASINI CU COMANDA NUMERICA": 25, "TEHNICIAN PRELUCRARI MECANICE": 136, "TEOLOGIE ORTODOXA": 282, "TEHNICIAN IN AGROTURISM": 74, "TEHNICIAN AGROMONTAN": 22, "TEHNICIAN ELECTRONIST": 9, "TEHNICIAN PENTRU ANIMALE DE COMPANIE": 6, "TEHNICIAN IN INDUSTRIA ALIMENTARA": 32, "ORGANIZATOR BANQUETING": 260, "TEHNICIAN IN ADMINISTRATIE": 167, "TEHNICIAN IN ACHIZITII SI CONTRACTARI": 217, "TEHNICIAN IN SILVICULTURA SI EXPLOATARI FORESTIERE": 474, "TEHNICIAN PROIECTANT PRODUSE FINITE DIN LEMN": 73, "ARTE PLASTICE SI DECORATIVE": 237, "TEHNICIAN DESIGNER VESTIMENTAR": 258, "TEHNICIAN IN INDUSTRIA TEXTILA": 32, "COAFOR STILIST": 181, "TEHNICIAN ELECTROMECANIC": 23, "TEHNICIAN IN CHIMIE INDUSTRIALA": 6, "TEHNICIAN IN INDUSTRIA PIELARIEI": 6, "TEHNICIAN PRELUCRARI LA CALD": 1, "TEHNICIAN CHIMIST DE LABORATOR": 16, "TEHNICIAN IN HOTELARIE": 85, "TEHNICIAN AVIATIE": 76, "PATRIMONIU CULTURAL": 2, "TEHNICIAN IN PRELUCRAREA PRODUSELOR DE ORIGINE ANIMALA": 1, "INVATATOR - EDUCATOARE": 223, "TEHNICIAN DESIGNER MOBILA SI AMENAJARI INTERIOARE": 22, "TEHNICIAN ELECTRICIAN/ELECTRONIST AUTO": 35, "TEHNICIAN IN INDUSTRIA MATERIALELOR DE CONSTRUCTII": 1, "TEOLOGIE ROMANO-CATOLICA": 1, "EDUCATOR-PUERICULTOR": 24, "TEHNICIAN ZOOTEHNIST": 6, "TEHNICIAN PRODUCTIE FILM SI TELEVIZIUNE": 37, "TEHNICIAN IN AGRICULTURA": 3}, "limba_moderna": {"LIMBA ENGLEZA": 20311, "LIMBA FRANCEZA": 1891, "LIMBA SPANIOLA": 328, "LIMBA GERMANA MODERNA": 500, "LIMBA RUSA": 1}, "limba_materna": {"LIMBA ROMANA": 21180, "LIMBA MAGHIARA": 992, "LIMBA GERMANA": 859}, "promotie_anterioara": {"NU": 19073, "DA": 3958}, "materii": {"LIMBA ROMANA": {"medie": 7.020635230775979, "reusita": 71.2561330380791, "cnt": 23031}, "MATEMATICA MATE-INFO": {"medie": 7.960290697674418, "reusita": 84.16279069767441, "cnt": 4300}, "BIOLOGIE VEGETALA SI ANIMALA": {"medie": 5.6709597238204665, "reusita": 48.3084004602992, "cnt": 4345}, "GENERAL": {"medie": 7.046250452288972, "reusita": 72.57175111805827, "cnt": 23031}, "CHIMIE ORGANICA TEO NIVEL I/II": {"medie": 8.65856250000001, "reusita": 94.75, "cnt": 800}, "INFORMATICA MI C/C++": {"medie": 8.47268329938901, "reusita": 93.83910386965377, "cnt": 1964}, "CHIMIE ANORGANICA TEO NIVEL I/II": {"medie": 7.942889561270801, "reusita": 89.10741301059002, "cnt": 661}, "ISTORIE": {"medie": 7.0831850811485575, "reusita": 68.97627965043695, "cnt": 6408}, "GEOGRAFIE": {"medie": 7.289127461706765, "reusita": 81.1816192560175, "cnt": 7312}, "PSIHOLOGIE": {"medie": 7.485425101214573, "reusita": 80.16194331983806, "cnt": 247}, "MATEMATICA ST-NAT": {"medie": 7.624802139037428, "reusita": 81.68983957219251, "cnt": 4675}, "ANATOMIE SI FIZIOLOGIE UMANA, GENETICA SI ECOLOGIE UMANA": {"medie": 7.873264713644751, "reusita": 84.32304038004752, "cnt": 3789}, "FIZICA TEO": {"medie": 8.06221052631579, "reusita": 86.52631578947368, "cnt": 475}, "FILOSOFIE": {"medie": 8.591666666666667, "reusita": 91.66666666666666, "cnt": 12}, "MATEMATICA TEHN": {"medie": 5.476665319865332, "reusita": 46.074074074074076, "cnt": 7425}, "FIZICA TEH": {"medie": 3.893017751479291, "reusita": 23.668639053254438, "cnt": 169}, "LIMBA GERMANA": {"medie": 7.761059371362049, "reusita": 89.87194412107101, "cnt": 859}, "INFORMATICA SN C/C++": {"medie": 8.655084745762707, "reusita": 96.61016949152543, "cnt": 118}, "ECONOMIE": {"medie": 7.098245614035088, "reusita": 73.24561403508771, "cnt": 228}, "LOGICA, ARGUMENTARE SI COMUNICARE": {"medie": 8.303019145802645, "reusita": 90.5252822778596, "cnt": 2037}, "MATEMATICA PED": {"medie": 7.7049327354260075, "reusita": 82.51121076233184, "cnt": 223}, "SOCIOLOGIE": {"medie": 7.975333333333336, "reusita": 89.33333333333333, "cnt": 150}, "INFORMATICA MI PASCAL": {"medie": 3.927777777777778, "reusita": 22.22222222222222, "cnt": 9}, "CHIMIE ANORGANICA TEH NIVEL I/II": {"medie": 5.058330893118597, "reusita": 35.13909224011713, "cnt": 683}, "LIMBA MAGHIARA (REAL)": {"medie": 7.11824242424243, "reusita": 75.27272727272727, "cnt": 825}, "CHIMIE ORGANICA TEH NIVEL I/II": {"medie": 3.6828125, "reusita": 18.75, "cnt": 32}, "LIMBA MAGHIARA (UMAN)": {"medie": 7.521556886227549, "reusita": 78.44311377245509, "cnt": 167}}, "nume": "Bra\u0219ov"}