{"specializari": {"FILOLOGIE": 19171, "TEHNICIAN IN ACTIVITATI ECONOMICE": 8821, "MATEMATICA-INFORMATICA": 30251, "TEHNICIAN IN HOTELARIE": 602, "TEHNICIAN CHIMIST DE LABORATOR": 536, "TEHNICIAN DE TELECOMUNICATII": 507, "LICEU CU PROGRAM SPORTIV": 4220, "TEHNICIAN ECOLOG SI PROTECTIA CALITATII MEDIULUI": 978, "TEHNICIAN MECATRONIST": 1580, "TEOLOGIE PENTICOSTALA": 209, "TEHNICIAN TRANSPORTURI": 1378, "ORGANIZATOR BANQUETING": 920, "TEHNICIAN IN GASTRONOMIE": 877, "TEHNICIAN ELECTROMECANIC": 393, "TEHNICIAN ELECTRONIST": 216, "TEHNICIAN IN AUTOMATIZARI": 713, "TEHNICIAN IN ACTIVITATI DE POSTA": 209, "TEHNICIAN MECANIC PENTRU INTRETINERE SI REPARATII": 1442, "TEHNICIAN ELECTROTEHNIST": 372, "STIINTE ALE NATURII": 10883, "TEHNICIAN IN INDUSTRIA TEXTILA": 228, "TEHNICIAN IN INSTALATII ELECTRICE": 1228, "STIINTE SOCIALE": 7952, "TEHNICIAN DESIGNER VESTIMENTAR": 320, "TEHNICIAN OPERATOR TEHNICA DE CALCUL": 581, "TEHNICIAN PRELUCRARI MECANICE": 422, "TEHNICIAN PROIECTANT CAD": 1007, "TEHNICIAN PENTRU ANIMALE DE COMPANIE": 67, "TEHNICIAN IN TURISM": 3380, "TEHNICIAN METROLOG": 350, "COREGRAFIE": 117, "TEHNICIAN IN CHIMIE INDUSTRIALA": 74, "TEOLOGIE GRECO-CATOLICA": 138, "ARHITECTURA, ARTE AMBIENTALE SI DESIGN": 546, "TEHNICIAN ELECTRICIAN/ELECTRONIST AUTO": 348, "TEHNICIAN IN AGRICULTURA": 38, "TEHNICIAN IN ADMINISTRATIE": 395, "INVATATOR - EDUCATOARE": 223, "TEHNICIAN DESENATOR PENTRU CONSTRUCTII SI INSTALATII": 635, "TEHNICIAN DESIGNER MOBILA SI AMENAJARI INTERIOARE": 95, "TEHNICIAN IN CONSTRUCTII SI LUCRARI PUBLICE": 189, "TEHNICIAN IN ACTIVITATI DE COMERT": 678, "TEHNICIAN VETERINAR": 161, "MUZICA": 851, "TEOLOGIE ORTODOXA": 327, "ARTE PLASTICE SI DECORATIVE": 1449, "TEHNICIAN IN PRELUCRAREA LEMNULUI": 133, "TEHNICIAN IN ACHIZITII SI CONTRACTARI": 391, "TEHNICIAN IN INDUSTRIA PIELARIEI": 56, "COAFOR STILIST": 393, "TEOLOGIE ADVENTISTA": 371, "TEHNICIAN IN INDUSTRIA STICLEI SI CERAMICII": 11, "PATRIMONIU CULTURAL": 56, "TEHNICIAN ANALIZE PRODUSE ALIMENTARE": 551, "INSTRUCTOR PENTRU ACTIVITATI EXTRASCOLARE": 1, "TEHNICIAN POLIGRAF": 458, "TEHNICIAN IN SILVICULTURA SI EXPLOATARI FORESTIERE": 2, "ARTA ACTORULUI": 226, "TEHNICIAN IN INDUSTRIA ALIMENTARA": 314, "TEHNICIAN HORTICULTOR": 82, "TEHNICIAN AVIATIE": 181, "TEHNICIAN INSTALATII DE BORD (AVION)": 164, "TEHNICIAN PRELUCRARI LA CALD": 66, "TEHNICIAN IN INDUSTRIA MATERIALELOR DE CONSTRUCTII": 5, "TEOLOGIE ROMANO-CATOLICA": 126, "TEHNICIAN INSTALATOR PENTRU CONSTRUCTII": 77, "TEOLOGIE BAPTISTA": 141, "TEHNICIAN PRODUCTIE FILM SI TELEVIZIUNE": 469, "TEHNICIAN OPERATOR PROCESARE TEXT IMAGINE": 233, "TEHNICIAN IN IND. ALIM. FERMENTATIVA SI IN PREL. LEGUMELOR SI FRUCTELOR": 1, "TEHNICIAN PRELUCRARI PE MASINI CU COMANDA NUMERICA": 4, "TEHNICIAN OPERATORI ROBOTI INDUSTRIALI": 2, "GHID TURISM RELIGIOS": 84, "TEHNICIAN MULTIMEDIA": 36, "TEHNICIAN PENTRU TEHNICI ARTISTICE - PATRIMONIU": 1, "TEHNICIAN ENERGETICIAN": 8}, "limba_moderna": {"LIMBA ENGLEZA": 103504, "LIMBA FRANCEZA": 5020, "LIMBA SPANIOLA": 838, "LIMBA GERMANA MODERNA": 592, "LIMBA JAPONEZA": 71, "LIMBA ITALIANA": 532, "LIMBA PORTUGHEZA": 95, "LIMBA EBRAICA": 16, "LIMBA RUSA": 25, "LIMBA TURCA MODERNA": 5, "LIMBA CHINEZA": 22}, "limba_materna": {"LIMBA ROMANA": 109984, "LIMBA GERMANA": 527, "LIMBA MAGHIARA": 79, "LIMBA ITALIANA": 130}, "promotie_anterioara": {"NU": 88294, "DA": 22426}, "materii": {"LIMBA ROMANA": {"medie": 6.775939938583658, "reusita": 65.38836705202313, "cnt": 110720}, "MATEMATICA MATE-INFO": {"medie": 7.597456450599908, "reusita": 76.9642680064787, "cnt": 30253}, "BIOLOGIE VEGETALA SI ANIMALA": {"medie": 4.856322064668122, "reusita": 35.410431284039056, "cnt": 20381}, "GENERAL": {"medie": 6.798950129455693, "reusita": 66.62843208092485, "cnt": 110720}, "CHIMIE ORGANICA TEO NIVEL I/II": {"medie": 8.792468908337206, "reusita": 95.16351911561493, "cnt": 4342}, "INFORMATICA MI C/C++": {"medie": 8.066643486323615, "reusita": 87.43625405656003, "cnt": 6471}, "CHIMIE ANORGANICA TEO NIVEL I/II": {"medie": 7.447119078104989, "reusita": 79.25736235595392, "cnt": 781}, "ISTORIE": {"medie": 7.118404379480948, "reusita": 69.53259600955928, "cnt": 35986}, "GEOGRAFIE": {"medie": 7.376258145139683, "reusita": 80.85631824808831, "cnt": 33609}, "PSIHOLOGIE": {"medie": 7.578799171842647, "reusita": 80.95238095238095, "cnt": 2415}, "MATEMATICA ST-NAT": {"medie": 6.509498207885328, "reusita": 62.30125907545262, "cnt": 10881}, "ANATOMIE SI FIZIOLOGIE UMANA, GENETICA SI ECOLOGIE UMANA": {"medie": 7.150884093533529, "reusita": 74.11951501154735, "cnt": 13856}, "FIZICA TEO": {"medie": 8.421216761633367, "reusita": 90.40835707502374, "cnt": 8424}, "FILOSOFIE": {"medie": 7.597549019607842, "reusita": 82.59803921568627, "cnt": 408}, "MATEMATICA TEHN": {"medie": 5.139644365880692, "reusita": 40.731641549570064, "cnt": 33377}, "FIZICA TEH": {"medie": 3.2532246561385643, "reusita": 12.124299541518084, "cnt": 1963}, "LIMBA GERMANA": {"medie": 8.293074003795057, "reusita": 96.20493358633776, "cnt": 527}, "INFORMATICA SN C/C++": {"medie": 7.559243697478993, "reusita": 76.47058823529412, "cnt": 119}, "ECONOMIE": {"medie": 7.670137825421138, "reusita": 81.81470137825421, "cnt": 2612}, "LOGICA, ARGUMENTARE SI COMUNICARE": {"medie": 8.08264126149803, "reusita": 87.39816031537451, "cnt": 7610}, "MATEMATICA PED": {"medie": 8.645291479820628, "reusita": 94.17040358744396, "cnt": 223}, "SOCIOLOGIE": {"medie": 7.610194408740322, "reusita": 82.4228791773779, "cnt": 6224}, "INFORMATICA MI PASCAL": {"medie": 7.493197278911562, "reusita": 81.97278911564626, "cnt": 294}, "CHIMIE ANORGANICA TEH NIVEL I/II": {"medie": 3.8988669438669454, "reusita": 15.592515592515593, "cnt": 962}, "LIMBA MAGHIARA (REAL)": {"medie": 7.025316455696203, "reusita": 77.21518987341773, "cnt": 79}, "CHIMIE ORGANICA TEH NIVEL I/II": {"medie": 4.132056451612902, "reusita": 22.58064516129032, "cnt": 248}, "INFORMATICA SN PASCAL": {"medie": 8.2, "reusita": 100.0, "cnt": 1}, "LIMBA ITALIANA": {"medie": 7.30576923076923, "reusita": 81.53846153846153, "cnt": 130}}, "nume": "Bucure\u0219ti"}