{"specializari": {"TEHNICIAN PROIECTANT CAD": 150, "TEHNICIAN ELECTROMECANIC": 61, "TEHNICIAN IN ACTIVITATI ECONOMICE": 1160, "MATEMATICA-INFORMATICA": 3619, "TEHNICIAN VETERINAR": 149, "TEHNICIAN IN GASTRONOMIE": 500, "TEHNICIAN ELECTRICIAN/ELECTRONIST AUTO": 17, "INVATATOR - EDUCATOARE": 407, "TEHNICIAN TRANSPORTURI": 185, "TEHNICIAN ECOLOG SI PROTECTIA CALITATII MEDIULUI": 766, "TEHNICIAN IN INDUSTRIA ALIMENTARA": 281, "STIINTE ALE NATURII": 2095, "STIINTE SOCIALE": 1648, "TEHNICIAN MECANIC PENTRU INTRETINERE SI REPARATII": 282, "FILOLOGIE": 4317, "TEHNICIAN IN AGRICULTURA": 67, "TEHNICIAN IN ADMINISTRATIE": 296, "TEHNICIAN IN INSTALATII ELECTRICE": 115, "TEHNICIAN IN ACTIVITATI DE COMERT": 630, "TEHNICIAN IN TURISM": 421, "COAFOR STILIST": 83, "TEHNICIAN MECATRONIST": 255, "TEHNICIAN DESENATOR PENTRU CONSTRUCTII SI INSTALATII": 83, "TEHNICIAN DESIGNER VESTIMENTAR": 41, "TEHNICIAN ANALIZE PRODUSE ALIMENTARE": 162, "TEHNICIAN OPERATOR PROCESARE TEXT IMAGINE": 186, "TEHNICIAN OPERATOR TEHNICA DE CALCUL": 355, "TEHNICIAN IN CHIMIE INDUSTRIALA": 47, "TEHNICIAN ELECTROTEHNIST": 96, "TEHNICIAN PRELUCRARI LA CALD": 4, "TEHNICIAN CHIMIST DE LABORATOR": 58, "TEHNICIAN IN AUTOMATIZARI": 58, "MUZICA": 152, "TEHNICIAN PENTRU ANIMALE DE COMPANIE": 6, "TEHNICIAN AGROMONTAN": 6, "LICEU CU PROGRAM SPORTIV": 1140, "TEHNICIAN ELECTRONIST": 57, "TEHNICIAN IN ACTIVITATI DE POSTA": 55, "TEHNICIAN PRELUCRARI MECANICE": 9, "TEHNICIAN IN AGRICULTURA ECOLOGICA": 48, "ARTE PLASTICE SI DECORATIVE": 172, "ARTA ACTORULUI": 181, "TEHNICIAN IN CONSTRUCTII SI LUCRARI PUBLICE": 11, "ARHITECTURA, ARTE AMBIENTALE SI DESIGN": 165, "TEHNICIAN IN PRELUCRAREA LEMNULUI": 8, "TEOLOGIE ORTODOXA": 237, "TEHNICIAN METROLOG": 47, "TEHNICIAN DE TELECOMUNICATII": 11, "INSTRUCTOR PENTRU ACTIVITATI EXTRASCOLARE": 55, "TEHNICIAN IN AGROTURISM": 12, "TEHNICIAN IN INDUSTRIA TEXTILA": 5, "ORGANIZATOR BANQUETING": 36, "TEHNICIAN OPERATOR TELEMATICA": 130, "EDUCATOR-PUERICULTOR": 30, "TEHNICIAN IN HOTELARIE": 5, "TEHNICIAN AUDIO-VIDEO": 1, "TEHNICIAN POLIGRAF": 1}, "limba_moderna": {"LIMBA ENGLEZA": 17782, "LIMBA FRANCEZA": 3137, "LIMBA SPANIOLA": 228, "LIMBA GERMANA MODERNA": 23, "LIMBA RUSA": 4}, "limba_materna": {"LIMBA ROMANA": 21174}, "promotie_anterioara": {"DA": 2626, "NU": 18548}, "materii": {"LIMBA ROMANA": {"medie": 6.800063757438396, "reusita": 68.17323132143194, "cnt": 21174}, "MATEMATICA MATE-INFO": {"medie": 7.738864327162185, "reusita": 79.60762641613705, "cnt": 3619}, "BIOLOGIE VEGETALA SI ANIMALA": {"medie": 5.084539325842698, "reusita": 39.59550561797753, "cnt": 4450}, "GENERAL": {"medie": 6.795279588174139, "reusita": 67.55927080381599, "cnt": 21174}, "CHIMIE ORGANICA TEO NIVEL I/II": {"medie": 8.830938586326775, "reusita": 96.75550405561994, "cnt": 863}, "INFORMATICA MI C/C++": {"medie": 8.488083538083544, "reusita": 94.1031941031941, "cnt": 407}, "CHIMIE ANORGANICA TEO NIVEL I/II": {"medie": 7.330434782608698, "reusita": 82.6086956521739, "cnt": 23}, "ISTORIE": {"medie": 7.193380264295392, "reusita": 70.17413856984068, "cnt": 8097}, "GEOGRAFIE": {"medie": 7.452891522988505, "reusita": 81.32183908045977, "cnt": 8352}, "PSIHOLOGIE": {"medie": 8.004909090909093, "reusita": 87.27272727272727, "cnt": 275}, "MATEMATICA ST-NAT": {"medie": 6.8500954653937995, "reusita": 67.25536992840095, "cnt": 2095}, "ANATOMIE SI FIZIOLOGIE UMANA, GENETICA SI ECOLOGIE UMANA": {"medie": 7.044424131627061, "reusita": 73.308957952468, "cnt": 1641}, "FIZICA TEO": {"medie": 8.154674127715596, "reusita": 86.9651086240948, "cnt": 1519}, "FILOSOFIE": {"medie": 7.8529411764705905, "reusita": 84.31372549019608, "cnt": 51}, "MATEMATICA TEHN": {"medie": 4.811069580218499, "reusita": 36.328349626221964, "cnt": 6956}, "FIZICA TEH": {"medie": 4.057561728395063, "reusita": 16.049382716049383, "cnt": 324}, "INFORMATICA SN C/C++": {"medie": 6.987500000000001, "reusita": 75.0, "cnt": 4}, "ECONOMIE": {"medie": 8.292276422764225, "reusita": 90.2439024390244, "cnt": 246}, "LOGICA, ARGUMENTARE SI COMUNICARE": {"medie": 8.314734693877542, "reusita": 89.55102040816327, "cnt": 2450}, "MATEMATICA PED": {"medie": 8.316953316953317, "reusita": 93.85749385749385, "cnt": 407}, "SOCIOLOGIE": {"medie": 8.203627760252372, "reusita": 90.85173501577287, "cnt": 317}, "INFORMATICA MI PASCAL": {"medie": 7.8500000000000005, "reusita": 100.0, "cnt": 3}, "CHIMIE ANORGANICA TEH NIVEL I/II": {"medie": 4.762553191489362, "reusita": 28.936170212765955, "cnt": 235}, "CHIMIE ORGANICA TEH NIVEL I/II": {"medie": 3.500000000000001, "reusita": 14.285714285714285, "cnt": 14}}, "nume": "Buz\u0103u"}