{"specializari": {"MATEMATICA-INFORMATICA": 2430, "FILOLOGIE": 2380, "TEHNICIAN IN ACTIVITATI ECONOMICE": 1611, "TEHNICIAN IN MORARIT, PANIFICATIE SI PRODUSE FAINOASE": 23, "TEHNICIAN ECOLOG SI PROTECTIA CALITATII MEDIULUI": 336, "TEHNICIAN IN AGRICULTURA": 136, "STIINTE ALE NATURII": 1104, "TEHNICIAN IN SILVICULTURA SI EXPLOATARI FORESTIERE": 64, "TEHNICIAN ELECTROMECANIC": 112, "TEHNICIAN OPERATOR TEHNICA DE CALCUL": 51, "TEHNICIAN IN AUTOMATIZARI": 208, "TEHNICIAN VETERINAR": 98, "TEHNICIAN TRANSPORTURI": 275, "TEHNICIAN ELECTRICIAN/ELECTRONIST AUTO": 51, "TEHNICIAN MECANIC PENTRU INTRETINERE SI REPARATII": 224, "STIINTE SOCIALE": 548, "TEHNICIAN IN INSTALATII ELECTRICE": 55, "LICEU CU PROGRAM SPORTIV": 124, "INVATATOR - EDUCATOARE": 278, "TEHNICIAN IN AGROTURISM": 42, "TEHNICIAN ZOOTEHNIST": 19, "TEHNICIAN IN PRELUCRAREA PRODUSELOR DE ORIGINE ANIMALA": 14, "TEHNICIAN ANALIZE PRODUSE ALIMENTARE": 7, "COAFOR STILIST": 158, "TEHNICIAN IN GASTRONOMIE": 264, "TEHNICIAN IN CONSTRUCTII SI LUCRARI PUBLICE": 10, "TEHNICIAN IN ACTIVITATI DE COMERT": 151, "TEHNICIAN DESENATOR PENTRU CONSTRUCTII SI INSTALATII": 79, "TEHNICIAN IN INDUSTRIA TEXTILA": 171, "TEHNICIAN IN ACHIZITII SI CONTRACTARI": 2, "TEHNICIAN MECATRONIST": 10, "TEHNICIAN ELECTRONIST": 2, "TEHNICIAN IN ACTIVITATI DE POSTA": 2, "TEHNICIAN IN TURISM": 186, "PEDAGOG SCOLAR": 1, "TEHNICIAN IN INDUSTRIA ALIMENTARA": 65, "TEHNICIAN IN PRELUCRAREA LEMNULUI": 1, "TEHNICIAN IN ADMINISTRATIE": 7, "TEHNICIAN HORTICULTOR": 24, "TEHNICIAN DESIGNER VESTIMENTAR": 1, "TEHNICIAN PRELUCRARI LA CALD": 23, "INSTRUCTOR ANIMATOR": 1, "TEHNICIAN INSTALATOR PENTRU CONSTRUCTII": 1, "TEHNICIAN ELECTROTEHNIST": 1, "TEHNICIAN DE TELECOMUNICATII": 35, "TEHNICIAN OPERATOR PROCESARE TEXT IMAGINE": 29}, "limba_moderna": {"LIMBA ENGLEZA": 10733, "LIMBA FRANCEZA": 679, "LIMBA RUSA": 2}, "limba_materna": {"LIMBA ROMANA": 11414}, "promotie_anterioara": {"NU": 9211, "DA": 2203}, "materii": {"LIMBA ROMANA": {"medie": 6.123869809006493, "reusita": 53.80234799369196, "cnt": 11414}, "MATEMATICA MATE-INFO": {"medie": 6.763065843621387, "reusita": 63.251028806584365, "cnt": 2430}, "BIOLOGIE VEGETALA SI ANIMALA": {"medie": 4.533024475524476, "reusita": 34.16083916083916, "cnt": 2860}, "GENERAL": {"medie": 5.979472577536362, "reusita": 52.31294900998773, "cnt": 11414}, "CHIMIE ORGANICA TEO NIVEL I/II": {"medie": 8.88427947598253, "reusita": 96.06986899563319, "cnt": 229}, "INFORMATICA MI C/C++": {"medie": 7.936574074074076, "reusita": 87.03703703703704, "cnt": 108}, "CHIMIE ANORGANICA TEO NIVEL I/II": {"medie": 8.7, "reusita": 100.0, "cnt": 4}, "ISTORIE": {"medie": 7.002095612311722, "reusita": 67.77996070726915, "cnt": 3054}, "GEOGRAFIE": {"medie": 6.888637951105931, "reusita": 72.64260768335274, "cnt": 4295}, "PSIHOLOGIE": {"medie": 6.311904761904762, "reusita": 58.26330532212886, "cnt": 357}, "MATEMATICA ST-NAT": {"medie": 5.212907608695652, "reusita": 43.84057971014493, "cnt": 1104}, "ANATOMIE SI FIZIOLOGIE UMANA, GENETICA SI ECOLOGIE UMANA": {"medie": 6.29786223277909, "reusita": 61.282660332541575, "cnt": 1684}, "FIZICA TEO": {"medie": 8.044363256784969, "reusita": 87.89144050104383, "cnt": 479}, "FILOSOFIE": {"medie": 6.568181818181819, "reusita": 72.72727272727273, "cnt": 11}, "MATEMATICA TEHN": {"medie": 3.891688654353555, "reusita": 23.328935795954266, "cnt": 4548}, "FIZICA TEH": {"medie": 2.6393103448275856, "reusita": 8.96551724137931, "cnt": 145}, "INFORMATICA SN C/C++": {"medie": 8.366666666666667, "reusita": 100.0, "cnt": 3}, "ECONOMIE": {"medie": 7.106896551724138, "reusita": 70.34482758620689, "cnt": 145}, "LOGICA, ARGUMENTARE SI COMUNICARE": {"medie": 7.296153846153847, "reusita": 83.33333333333334, "cnt": 78}, "MATEMATICA PED": {"medie": 5.674460431654673, "reusita": 46.402877697841724, "cnt": 278}, "SOCIOLOGIE": {"medie": 7.696372430471593, "reusita": 86.33615477629988, "cnt": 827}, "INFORMATICA MI PASCAL": {"medie": 7.624397590361445, "reusita": 83.13253012048193, "cnt": 166}, "CHIMIE ANORGANICA TEH NIVEL I/II": {"medie": 3.9558823529411766, "reusita": 0.0, "cnt": 17}, "CHIMIE ORGANICA TEH NIVEL I/II": {"medie": 5.566666666666666, "reusita": 66.66666666666666, "cnt": 6}}, "nume": "C\u0103l\u0103ra\u0219i"}