{"specializari": {"MATEMATICA-INFORMATICA": 2723, "TEHNICIAN IN TURISM": 181, "STIINTE ALE NATURII": 1986, "FILOLOGIE": 2495, "STIINTE SOCIALE": 431, "TEHNICIAN OPERATOR TEHNICA DE CALCUL": 300, "TEHNICIAN IN CONSTRUCTII SI LUCRARI PUBLICE": 101, "TEHNICIAN MECANIC PENTRU INTRETINERE SI REPARATII": 504, "TEHNICIAN INSTALATOR PENTRU CONSTRUCTII": 137, "LICEU CU PROGRAM SPORTIV": 222, "TEHNICIAN MECATRONIST": 251, "TEHNICIAN IN ADMINISTRATIE": 22, "TEHNICIAN DESIGNER VESTIMENTAR": 82, "TEHNICIAN ECOLOG SI PROTECTIA CALITATII MEDIULUI": 689, "TEHNICIAN IN INDUSTRIA TEXTILA": 26, "TEHNICIAN IN INSTALATII ELECTRICE": 106, "TEHNICIAN ELECTROMECANIC": 594, "INVATATOR - EDUCATOARE": 190, "TEHNICIAN ELECTROTEHNIST": 255, "TEHNICIAN DE TELECOMUNICATII": 25, "TEHNICIAN IN ACTIVITATI ECONOMICE": 460, "TEHNICIAN DESIGNER MOBILA SI AMENAJARI INTERIOARE": 173, "COAFOR STILIST": 55, "TEOLOGIE BAPTISTA": 165, "TEHNICIAN IN SILVICULTURA SI EXPLOATARI FORESTIERE": 281, "MUZICA BISERICEASCA": 41, "TEHNICIAN TRANSPORTURI": 130, "TEHNICIAN DESENATOR PENTRU CONSTRUCTII SI INSTALATII": 4, "TEHNICIAN ANALIZE PRODUSE ALIMENTARE": 30, "TEHNICIAN IN GASTRONOMIE": 300, "TEHNICIAN ELECTRONIST": 61, "TEHNICIAN IN ACTIVITATI DE COMERT": 83, "TEHNICIAN IN HOTELARIE": 144, "TEHNICIAN PRELUCRARI MECANICE": 19, "TEHNICIAN IN PRELUCRAREA LEMNULUI": 48, "TEHNICIAN IN AUTOMATIZARI": 2, "TEHNICIAN IN INDUSTRIA ALIMENTARA": 63, "TEHNICIAN IN ACHIZITII SI CONTRACTARI": 10, "ARTE PLASTICE SI DECORATIVE": 142, "MUZICA": 128, "TEHNICIAN ELECTRICIAN/ELECTRONIST AUTO": 56, "TEHNICIAN AGRONOM": 52, "TEHNICIAN IN AGRICULTURA": 25, "TEHNICIAN PROIECTANT PRODUSE FINITE DIN LEMN": 46, "TEOLOGIE ORTODOXA": 149, "ORGANIZATOR BANQUETING": 37, "TEHNICIAN PRELUCRARI LA CALD": 3, "BIBLIOTECAR DOCUMENTARIST": 1, "TEHNICIAN IN MORARIT, PANIFICATIE SI PRODUSE FAINOASE": 2, "TEHNICIAN VETERINAR": 2, "TEHNICIAN METROLOG": 2}, "limba_moderna": {"LIMBA ENGLEZA": 11828, "LIMBA GERMANA MODERNA": 601, "LIMBA FRANCEZA": 1601, "LIMBA SPANIOLA": 4}, "limba_materna": {"LIMBA ROMANA": 13873, "LIMBA GERMANA": 94, "LIMBA SARBA": 7, "LIMBA CROATA": 60}, "promotie_anterioara": {"NU": 11182, "DA": 2852}, "materii": {"LIMBA ROMANA": {"medie": 6.180955536554085, "reusita": 58.00199515462449, "cnt": 14034}, "MATEMATICA MATE-INFO": {"medie": 6.67741461623209, "reusita": 64.3040763863386, "cnt": 2723}, "BIOLOGIE VEGETALA SI ANIMALA": {"medie": 4.619128035320078, "reusita": 37.682119205298015, "cnt": 4530}, "GENERAL": {"medie": 5.98206836967367, "reusita": 54.524725666239135, "cnt": 14034}, "CHIMIE ORGANICA TEO NIVEL I/II": {"medie": 8.014044943820222, "reusita": 84.26966292134831, "cnt": 89}, "INFORMATICA MI C/C++": {"medie": 7.679478609625683, "reusita": 80.61497326203208, "cnt": 748}, "CHIMIE ANORGANICA TEO NIVEL I/II": {"medie": 4.93, "reusita": 40.0, "cnt": 5}, "ISTORIE": {"medie": 6.906928987811317, "reusita": 65.52729199788023, "cnt": 3774}, "GEOGRAFIE": {"medie": 6.897275722250397, "reusita": 73.87227572225038, "cnt": 3946}, "PSIHOLOGIE": {"medie": 7.372761194029848, "reusita": 79.1044776119403, "cnt": 134}, "MATEMATICA ST-NAT": {"medie": 5.767296072507549, "reusita": 49.546827794561935, "cnt": 1986}, "ANATOMIE SI FIZIOLOGIE UMANA, GENETICA SI ECOLOGIE UMANA": {"medie": 6.980252240292066, "reusita": 72.12080982409559, "cnt": 3013}, "FIZICA TEO": {"medie": 7.736475409836064, "reusita": 85.24590163934425, "cnt": 122}, "FILOSOFIE": {"medie": 7.2124999999999995, "reusita": 75.0, "cnt": 44}, "MATEMATICA TEHN": {"medie": 3.6659018839768667, "reusita": 22.756948330535348, "cnt": 5361}, "FIZICA TEH": {"medie": 3.00625, "reusita": 14.705882352941178, "cnt": 136}, "LIMBA GERMANA": {"medie": 6.860638297872342, "reusita": 70.2127659574468, "cnt": 94}, "INFORMATICA SN C/C++": {"medie": 7.130952380952384, "reusita": 71.42857142857143, "cnt": 21}, "ECONOMIE": {"medie": 4.727777777777778, "reusita": 22.22222222222222, "cnt": 9}, "LOGICA, ARGUMENTARE SI COMUNICARE": {"medie": 8.401213346814966, "reusita": 92.21435793731041, "cnt": 989}, "MATEMATICA PED": {"medie": 7.701315789473686, "reusita": 85.26315789473684, "cnt": 190}, "SOCIOLOGIE": {"medie": 7.136940298507466, "reusita": 74.6268656716418, "cnt": 134}, "INFORMATICA MI PASCAL": {"medie": 6.8999999999999995, "reusita": 73.91304347826086, "cnt": 23}, "CHIMIE ANORGANICA TEH NIVEL I/II": {"medie": 2.6556962025316455, "reusita": 7.59493670886076, "cnt": 79}, "CHIMIE ORGANICA TEH NIVEL I/II": {"medie": 2.9625, "reusita": 16.666666666666664, "cnt": 12}, "LIMBA SARBA": {"medie": 5.664285714285714, "reusita": 28.57142857142857, "cnt": 7}, "LIMBA CROATA": {"medie": 8.541666666666668, "reusita": 96.66666666666667, "cnt": 60}}, "nume": "Cara\u0219-Severin"}