{"specializari": {"FILOLOGIE": 3936, "MATEMATICA-INFORMATICA": 5297, "TEHNICIAN IN ACTIVITATI ECONOMICE": 1688, "COREGRAFIE": 180, "TEHNICIAN IN ADMINISTRATIE": 230, "STIINTE SOCIALE": 3267, "TEHNICIAN IN TURISM": 662, "STIINTE ALE NATURII": 5038, "TEHNICIAN OPERATOR TEHNICA DE CALCUL": 580, "ARHITECTURA, ARTE AMBIENTALE SI DESIGN": 210, "TEHNICIAN IN ACHIZITII SI CONTRACTARI": 222, "ORGANIZATOR BANQUETING": 143, "ARTE PLASTICE SI DECORATIVE": 421, "MUZICA": 449, "TEHNICIAN ECOLOG SI PROTECTIA CALITATII MEDIULUI": 348, "TEHNICIAN PROIECTANT CAD": 340, "TEHNICIAN DE TELECOMUNICATII": 322, "TEHNICIAN IN HOTELARIE": 85, "LICEU CU PROGRAM SPORTIV": 1265, "TEHNICIAN ELECTRICIAN/ELECTRONIST AUTO": 175, "TEHNICIAN IN GASTRONOMIE": 487, "TEHNICIAN IN ACTIVITATI DE POSTA": 178, "TEHNICIAN DESIGNER VESTIMENTAR": 135, "TEHNICIAN DESIGNER MOBILA SI AMENAJARI INTERIOARE": 21, "TEHNICIAN DESENATOR PENTRU CONSTRUCTII SI INSTALATII": 298, "TEHNICIAN IN INSTALATII ELECTRICE": 225, "TEHNICIAN TRANSPORTURI": 352, "ARTA ACTORULUI": 208, "TEHNICIAN ELECTRONIST": 118, "TEHNICIAN IN CONSTRUCTII SI LUCRARI PUBLICE": 127, "TEHNICIAN ANALIZE PRODUSE ALIMENTARE": 87, "TEHNICIAN MECATRONIST": 73, "TEHNICIAN ELECTROMECANIC": 63, "TEHNICIAN OPERATOR PROCESARE TEXT IMAGINE": 300, "TEHNICIAN IN AGRICULTURA": 22, "TEHNICIAN IN AUTOMATIZARI": 236, "TEHNICIAN MECANIC PENTRU INTRETINERE SI REPARATII": 212, "TEOLOGIE UNITARIANA": 186, "TEHNICIAN ENERGETICIAN": 45, "TEOLOGIE REFORMATA": 165, "TEHNICIAN IN ACTIVITATI DE COMERT": 204, "TEHNICIAN ELECTROTEHNIST": 222, "TEHNICIAN VETERINAR": 83, "TEOLOGIE ROMANO-CATOLICA": 70, "INVATATOR - EDUCATOARE": 395, "TEHNICIAN IN PRELUCRAREA LEMNULUI": 4, "TEOLOGIE ORTODOXA": 207, "TEHNICIAN IN INDUSTRIA TEXTILA": 39, "TEHNICIAN IN CHIMIE INDUSTRIALA": 89, "TEOLOGIE BAPTISTA": 175, "TEHNICIAN CHIMIST DE LABORATOR": 110, "TEHNICIAN IN INDUSTRIA ALIMENTARA": 101, "TEHNICIAN INSTALATOR PENTRU CONSTRUCTII": 32, "COAFOR STILIST": 174, "TEHNICIAN PRELUCRARI MECANICE": 11, "TEOLOGIE GRECO-CATOLICA": 188, "TEHNICIAN IN INDUSTRIA STICLEI SI CERAMICII": 3, "TEHNICIAN PRELUCRARI LA CALD": 1, "TEOLOGIE ADVENTISTA": 195, "TEHNICIAN IN SILVICULTURA SI EXPLOATARI FORESTIERE": 18, "TEHNICIAN IN AGRICULTURA ECOLOGICA": 7, "EDUCATOR-PUERICULTOR": 25, "TEHNICIAN PRELUCRARI PE MASINI CU COMANDA NUMERICA": 24, "TEHNICIAN IN AGROTURISM": 29, "TEHNICIAN IN INDUSTRIA PIELARIEI": 3, "TEHNICIAN OPERATORI ROBOTI INDUSTRIALI": 8}, "limba_moderna": {"LIMBA ENGLEZA": 28043, "LIMBA FRANCEZA": 1931, "LIMBA PORTUGHEZA": 51, "LIMBA SPANIOLA": 251, "LIMBA GERMANA MODERNA": 322, "LIMBA ITALIANA": 211, "LIMBA RUSA": 4}, "limba_materna": {"LIMBA ROMANA": 27153, "LIMBA MAGHIARA": 3277, "LIMBA GERMANA": 383}, "promotie_anterioara": {"NU": 27238, "DA": 3575}, "materii": {"LIMBA ROMANA": {"medie": 7.191785285431559, "reusita": 74.8060883393373, "cnt": 30813}, "MATEMATICA MATE-INFO": {"medie": 8.619879176892582, "reusita": 93.80781574476119, "cnt": 5297}, "BIOLOGIE VEGETALA SI ANIMALA": {"medie": 5.659199897750515, "reusita": 48.10838445807771, "cnt": 3912}, "GENERAL": {"medie": 7.416184646090931, "reusita": 79.12893908415279, "cnt": 30813}, "CHIMIE ORGANICA TEO NIVEL I/II": {"medie": 8.58436293436294, "reusita": 94.07979407979408, "cnt": 777}, "INFORMATICA MI C/C++": {"medie": 8.693282312925167, "reusita": 95.87585034013605, "cnt": 2352}, "CHIMIE ANORGANICA TEO NIVEL I/II": {"medie": 8.225996677740854, "reusita": 92.02657807308971, "cnt": 602}, "ISTORIE": {"medie": 7.4932968511707365, "reusita": 77.64420920427021, "cnt": 11147}, "GEOGRAFIE": {"medie": 7.564165296052624, "reusita": 84.74506578947368, "cnt": 9728}, "PSIHOLOGIE": {"medie": 7.753352490421453, "reusita": 84.86590038314176, "cnt": 522}, "MATEMATICA ST-NAT": {"medie": 8.015254069075054, "reusita": 87.31639539499801, "cnt": 5038}, "ANATOMIE SI FIZIOLOGIE UMANA, GENETICA SI ECOLOGIE UMANA": {"medie": 8.589582875960504, "reusita": 92.82107574094401, "cnt": 4555}, "FIZICA TEO": {"medie": 8.326086956521738, "reusita": 92.02898550724638, "cnt": 966}, "FILOSOFIE": {"medie": 7.705226480836241, "reusita": 79.79094076655052, "cnt": 287}, "MATEMATICA TEHN": {"medie": 6.0881322739480845, "reusita": 56.110116383169206, "cnt": 8936}, "FIZICA TEH": {"medie": 5.548858773181171, "reusita": 46.07703281027104, "cnt": 701}, "LIMBA GERMANA": {"medie": 8.507049608355095, "reusita": 97.38903394255874, "cnt": 383}, "INFORMATICA SN C/C++": {"medie": 8.752654867256638, "reusita": 94.69026548672566, "cnt": 113}, "ECONOMIE": {"medie": 6.442073170731706, "reusita": 65.85365853658537, "cnt": 82}, "LOGICA, ARGUMENTARE SI COMUNICARE": {"medie": 8.282289803220038, "reusita": 89.40071556350627, "cnt": 4472}, "MATEMATICA PED": {"medie": 8.238227848101268, "reusita": 94.43037974683544, "cnt": 395}, "SOCIOLOGIE": {"medie": 8.229293893129768, "reusita": 87.97709923664122, "cnt": 524}, "INFORMATICA MI PASCAL": {"medie": 8.849026763990278, "reusita": 97.08029197080292, "cnt": 411}, "CHIMIE ANORGANICA TEH NIVEL I/II": {"medie": 5.772157622739013, "reusita": 48.57881136950905, "cnt": 774}, "LIMBA MAGHIARA (REAL)": {"medie": 7.702373995617257, "reusita": 88.97005113221329, "cnt": 2738}, "CHIMIE ORGANICA TEH NIVEL I/II": {"medie": 4.935416666666666, "reusita": 33.33333333333333, "cnt": 24}, "LIMBA MAGHIARA (UMAN)": {"medie": 7.219573283858996, "reusita": 79.40630797773655, "cnt": 539}, "INFORMATICA SN PASCAL": {"medie": 8.72272727272727, "reusita": 81.81818181818183, "cnt": 11}}, "nume": "Cluj"}