{"specializari": {"STIINTE ALE NATURII": 7032, "MATEMATICA-INFORMATICA": 5067, "TEHNICIAN ANALIZE PRODUSE ALIMENTARE": 460, "TEHNICIAN ECOLOG SI PROTECTIA CALITATII MEDIULUI": 540, "TEHNICIAN HIDRO-METEOROLOG": 112, "TEHNICIAN IN ACTIVITATI ECONOMICE": 1789, "TEHNICIAN IN AGRICULTURA": 406, "TEHNICIAN PROIECTANT CAD": 693, "TEHNICIAN IN AUTOMATIZARI": 804, "TEHNICIAN IN CONSTRUCTII SI LUCRARI PUBLICE": 229, "TEHNICIAN DESENATOR PENTRU CONSTRUCTII SI INSTALATII": 89, "FILOLOGIE": 3491, "TEHNICIAN OPERATOR TEHNICA DE CALCUL": 681, "TEHNICIAN CHIMIST DE LABORATOR": 426, "TEHNICIAN PRELUCRARI MECANICE": 74, "TEHNICIAN IN ADMINISTRATIE": 304, "STIINTE SOCIALE": 2611, "TEHNICIAN DESIGNER VESTIMENTAR": 51, "TEHNICIAN IN CHIMIE INDUSTRIALA": 208, "TEHNICIAN MECATRONIST": 279, "TEHNICIAN IN INSTALATII ELECTRICE": 1499, "TEHNICIAN IN TURISM": 1710, "TEHNICIAN MECANIC PENTRU INTRETINERE SI REPARATII": 1166, "TEHNICIAN INSTALATOR PENTRU CONSTRUCTII": 66, "TEHNICIAN IN GASTRONOMIE": 1075, "TEHNICIAN IN ACTIVITATI DE COMERT": 1244, "TEHNICIAN ELECTROMECANIC": 326, "ORGANIZATOR BANQUETING": 364, "TEOLOGIE ORTODOXA": 298, "INVATATOR - EDUCATOARE": 423, "TEHNICIAN IN INDUSTRIA TEXTILA": 46, "TEHNICIAN TRANSPORTURI": 364, "TEHNICIAN ELECTROTEHNIST": 431, "LICEU CU PROGRAM SPORTIV": 1377, "TEHNICIAN ELECTRICIAN/ELECTRONIST AUTO": 119, "TEOLOGIE MUSULMANA": 42, "TEHNICIAN PENTRU ANIMALE DE COMPANIE": 25, "TEHNICIAN ZOOTEHNIST": 13, "ARHITECTURA, ARTE AMBIENTALE SI DESIGN": 212, "TEHNICIAN VETERINAR": 175, "COAFOR STILIST": 368, "ARTE PLASTICE SI DECORATIVE": 244, "TEHNICIAN IN HOTELARIE": 122, "TEHNICIAN DE TELECOMUNICATII": 288, "TEHNICIAN PRELUCRARI LA CALD": 68, "TEHNICIAN IN INDUSTRIA MATERIALELOR DE CONSTRUCTII": 12, "TEHNICIAN IN ACTIVITATI DE POSTA": 174, "MUZICA": 205, "COREGRAFIE": 107, "TEHNICIAN ELECTRONIST": 166, "TEHNICIAN IN INDUSTRIA ALIMENTARA": 230, "TEHNICIAN IN PRELUCRAREA PRODUSELOR DE ORIGINE ANIMALA": 222, "TEHNICIAN OPERATOR PROCESARE TEXT IMAGINE": 42, "TEHNICIAN IN PRELUCRAREA LEMNULUI": 7, "TEHNICIAN HORTICULTOR": 9, "TEHNICIAN AGRONOM": 42, "TEHNICIAN IN MORARIT, PANIFICATIE SI PRODUSE FAINOASE": 16, "TEHNICIAN IN SILVICULTURA SI EXPLOATARI FORESTIERE": 3, "TEHNICIAN METROLOG": 15, "TEHNICIAN OPERATOR TELEMATICA": 5, "ARTA ACTORULUI": 49, "TEHNICIAN DESIGNER MOBILA SI AMENAJARI INTERIOARE": 2, "TEHNICIAN PROIECTANT PRODUSE FINITE DIN LEMN": 3, "TEHNICIAN IN ACHIZITII SI CONTRACTARI": 18}, "limba_moderna": {"LIMBA ENGLEZA": 36134, "LIMBA FRANCEZA": 2137, "LIMBA GERMANA MODERNA": 246, "LIMBA SPANIOLA": 137, "LIMBA ITALIANA": 81, "LIMBA TURCA MODERNA": 3}, "limba_materna": {"LIMBA ROMANA": 38696, "LIMBA TURCA": 42}, "promotie_anterioara": {"NU": 31342, "DA": 7396}, "materii": {"LIMBA ROMANA": {"medie": 6.207873664102423, "reusita": 54.54592389901389, "cnt": 38738}, "MATEMATICA MATE-INFO": {"medie": 7.6911328202091855, "reusita": 79.59344779948687, "cnt": 5067}, "BIOLOGIE VEGETALA SI ANIMALA": {"medie": 4.279012645914399, "reusita": 27.626459143968873, "cnt": 8224}, "GENERAL": {"medie": 6.205592635138629, "reusita": 55.84439052093552, "cnt": 38738}, "CHIMIE ORGANICA TEO NIVEL I/II": {"medie": 8.619882179676, "reusita": 94.40353460972017, "cnt": 679}, "INFORMATICA MI C/C++": {"medie": 8.283847031963472, "reusita": 91.32420091324201, "cnt": 876}, "CHIMIE ANORGANICA TEO NIVEL I/II": {"medie": 7.781351351351349, "reusita": 84.32432432432432, "cnt": 185}, "ISTORIE": {"medie": 6.7641350162112195, "reusita": 61.440481704492825, "cnt": 8636}, "GEOGRAFIE": {"medie": 6.747722073013046, "reusita": 70.39689644882124, "cnt": 10053}, "PSIHOLOGIE": {"medie": 6.627759472817137, "reusita": 68.20428336079077, "cnt": 607}, "MATEMATICA ST-NAT": {"medie": 6.74824089874858, "reusita": 67.34926052332196, "cnt": 7032}, "ANATOMIE SI FIZIOLOGIE UMANA, GENETICA SI ECOLOGIE UMANA": {"medie": 7.288820244742801, "reusita": 75.52572175359393, "cnt": 8417}, "FIZICA TEO": {"medie": 8.257911458333323, "reusita": 88.85416666666667, "cnt": 1920}, "FILOSOFIE": {"medie": 6.089166666666668, "reusita": 55.00000000000001, "cnt": 60}, "MATEMATICA TEHN": {"medie": 4.646285551763421, "reusita": 34.658703071672356, "cnt": 17580}, "FIZICA TEH": {"medie": 4.713461789679956, "reusita": 33.18092749836708, "cnt": 1531}, "INFORMATICA SN C/C++": {"medie": 8.429220779220776, "reusita": 92.20779220779221, "cnt": 77}, "ECONOMIE": {"medie": 6.912893081761008, "reusita": 67.9245283018868, "cnt": 159}, "LOGICA, ARGUMENTARE SI COMUNICARE": {"medie": 7.657147264500216, "reusita": 81.69477581242288, "cnt": 4862}, "MATEMATICA PED": {"medie": 6.595744680851067, "reusita": 69.73995271867612, "cnt": 423}, "SOCIOLOGIE": {"medie": 6.933333333333338, "reusita": 70.37037037037037, "cnt": 486}, "INFORMATICA MI PASCAL": {"medie": 5.283333333333333, "reusita": 33.33333333333333, "cnt": 3}, "CHIMIE ANORGANICA TEH NIVEL I/II": {"medie": 4.202142857142857, "reusita": 19.387755102040817, "cnt": 490}, "CHIMIE ORGANICA TEH NIVEL I/II": {"medie": 4.870183486238532, "reusita": 39.44954128440367, "cnt": 109}, "LIMBA TURCA": {"medie": 5.939285714285715, "reusita": 57.14285714285714, "cnt": 42}}, "nume": "Constan\u021ba"}