{"specializari": {"STIINTE ALE NATURII": 1717, "STIINTE SOCIALE": 1116, "MATEMATICA-INFORMATICA": 1320, "FILOLOGIE": 1193, "TEOLOGIE ROMANO-CATOLICA": 214, "TEOLOGIE REFORMATA": 486, "INVATATOR - EDUCATOARE": 268, "TEHNICIAN IN ACTIVITATI ECONOMICE": 298, "TEHNICIAN IN GASTRONOMIE": 122, "TEHNICIAN IN ACTIVITATI DE COMERT": 112, "TEHNICIAN IN HOTELARIE": 14, "TEHNICIAN IN ACHIZITII SI CONTRACTARI": 97, "TEHNICIAN OPERATOR TEHNICA DE CALCUL": 360, "TEHNICIAN IN TURISM": 286, "TEHNICIAN ECOLOG SI PROTECTIA CALITATII MEDIULUI": 240, "TEHNICIAN MECATRONIST": 124, "TEHNICIAN VETERINAR": 119, "TEHNICIAN IN INDUSTRIA TEXTILA": 36, "TEHNICIAN IN AGRICULTURA": 20, "TEHNICIAN DESIGNER VESTIMENTAR": 60, "TEHNICIAN IN PRELUCRAREA LEMNULUI": 12, "TEHNICIAN PRELUCRARI MECANICE": 7, "TEHNICIAN ELECTRONIST": 8, "MUZICA": 170, "ARTA ACTORULUI": 50, "ARTE PLASTICE SI DECORATIVE": 170, "TEHNICIAN PROIECTANT CAD": 19, "TEHNICIAN IN ADMINISTRATIE": 45, "TEHNICIAN TRANSPORTURI": 111, "COAFOR STILIST": 58, "ORGANIZATOR BANQUETING": 91, "TEHNICIAN DESIGNER MOBILA SI AMENAJARI INTERIOARE": 16, "TEHNICIAN PRELUCRARI PE MASINI CU COMANDA NUMERICA": 78, "TEHNICIAN MECANIC PENTRU INTRETINERE SI REPARATII": 5, "TEHNICIAN ELECTRICIAN/ELECTRONIST AUTO": 49, "TEHNICIAN ELECTROTEHNIST": 23, "TEHNICIAN IN CONSTRUCTII SI LUCRARI PUBLICE": 43, "TEHNICIAN ANALIZE PRODUSE ALIMENTARE": 1, "TEHNICIAN DESENATOR PENTRU CONSTRUCTII SI INSTALATII": 6, "LICEU CU PROGRAM SPORTIV": 3, "TEHNICIAN IN INDUSTRIA ALIMENTARA": 26, "TEHNICIAN AGROMONTAN": 45, "EDUCATOR-PUERICULTOR": 44, "TEHNICIAN OPERATOR PROCESARE TEXT IMAGINE": 11, "TEHNICIAN IN INDUSTRIA PIELARIEI": 2, "TEHNICIAN IN SILVICULTURA SI EXPLOATARI FORESTIERE": 46, "TEHNICIAN OPERATOR TELEMATICA": 16}, "limba_moderna": {"LIMBA ENGLEZA": 8301, "LIMBA GERMANA MODERNA": 947, "LIMBA FRANCEZA": 109}, "limba_materna": {"LIMBA MAGHIARA": 6674, "LIMBA ROMANA": 2683}, "promotie_anterioara": {"NU": 7924, "DA": 1433}, "materii": {"LIMBA ROMANA": {"medie": 5.59158277225606, "reusita": 47.18392647215988, "cnt": 9357}, "MATEMATICA MATE-INFO": {"medie": 7.534280303030295, "reusita": 78.4090909090909, "cnt": 1320}, "BIOLOGIE VEGETALA SI ANIMALA": {"medie": 4.7412142857142845, "reusita": 33.64285714285714, "cnt": 1400}, "GENERAL": {"medie": 6.555053257810528, "reusita": 59.99786256278722, "cnt": 9357}, "CHIMIE ORGANICA TEO NIVEL I/II": {"medie": 8.373148148148147, "reusita": 93.82716049382715, "cnt": 162}, "INFORMATICA MI C/C++": {"medie": 8.091628959276017, "reusita": 87.78280542986425, "cnt": 221}, "CHIMIE ANORGANICA TEO NIVEL I/II": {"medie": 7.263142857142856, "reusita": 80.57142857142857, "cnt": 175}, "ISTORIE": {"medie": 6.925606500290185, "reusita": 68.04991294254208, "cnt": 3446}, "GEOGRAFIE": {"medie": 7.01060853345769, "reusita": 78.50314758685009, "cnt": 4289}, "PSIHOLOGIE": {"medie": 5.298015873015872, "reusita": 42.06349206349206, "cnt": 126}, "MATEMATICA ST-NAT": {"medie": 7.883313919627245, "reusita": 87.01223063482819, "cnt": 1717}, "ANATOMIE SI FIZIOLOGIE UMANA, GENETICA SI ECOLOGIE UMANA": {"medie": 8.276581605528978, "reusita": 92.61031366294525, "cnt": 1881}, "FIZICA TEO": {"medie": 8.4551330798479, "reusita": 93.5361216730038, "cnt": 263}, "FILOSOFIE": {"medie": 8.090625000000003, "reusita": 91.66666666666666, "cnt": 144}, "MATEMATICA TEHN": {"medie": 4.422129700690709, "reusita": 29.04834996162701, "cnt": 2606}, "FIZICA TEH": {"medie": 4.2046875, "reusita": 28.125, "cnt": 96}, "INFORMATICA SN C/C++": {"medie": 7.9799999999999995, "reusita": 86.66666666666667, "cnt": 15}, "ECONOMIE": {"medie": 7.79782608695652, "reusita": 86.95652173913044, "cnt": 23}, "LOGICA, ARGUMENTARE SI COMUNICARE": {"medie": 8.454935622317597, "reusita": 93.13304721030042, "cnt": 233}, "MATEMATICA PED": {"medie": 7.08619402985074, "reusita": 74.25373134328358, "cnt": 268}, "SOCIOLOGIE": {"medie": 7.738636363636363, "reusita": 95.45454545454545, "cnt": 22}, "INFORMATICA MI PASCAL": {"medie": 7.979710144927533, "reusita": 92.7536231884058, "cnt": 69}, "CHIMIE ANORGANICA TEH NIVEL I/II": {"medie": 5.50702247191011, "reusita": 42.13483146067416, "cnt": 178}, "LIMBA MAGHIARA (REAL)": {"medie": 7.198145549318345, "reusita": 78.9093825180433, "cnt": 4988}, "CHIMIE ORGANICA TEH NIVEL I/II": {"medie": 5.859090909090909, "reusita": 58.18181818181818, "cnt": 55}, "LIMBA MAGHIARA (UMAN)": {"medie": 7.524495848161349, "reusita": 86.8920521945433, "cnt": 1686}, "INFORMATICA SN PASCAL": {"medie": 7.640000000000001, "reusita": 80.0, "cnt": 5}}, "nume": "Covasna"}