{"specializari": {"FILOLOGIE": 4752, "TEOLOGIE ORTODOXA": 160, "TEHNICIAN IN ACTIVITATI ECONOMICE": 1320, "MATEMATICA-INFORMATICA": 5226, "STIINTE ALE NATURII": 2426, "TEHNICIAN IN GASTRONOMIE": 392, "TEHNICIAN IN ACTIVITATI DE COMERT": 244, "TEHNICIAN IN HOTELARIE": 86, "TEHNICIAN IN ACHIZITII SI CONTRACTARI": 484, "STIINTE SOCIALE": 2178, "TEHNICIAN OPERATOR PROCESARE TEXT IMAGINE": 281, "TEHNICIAN IN ADMINISTRATIE": 169, "TEHNICIAN OPERATOR TEHNICA DE CALCUL": 905, "TEHNICIAN MECANIC PENTRU INTRETINERE SI REPARATII": 473, "ORGANIZATOR BANQUETING": 126, "TEHNICIAN IN INDUSTRIA TEXTILA": 18, "INVATATOR - EDUCATOARE": 309, "TEHNICIAN ECOLOG SI PROTECTIA CALITATII MEDIULUI": 884, "TEHNICIAN PROIECTANT CAD": 219, "TEHNICIAN ELECTRICIAN/ELECTRONIST AUTO": 210, "TEHNICIAN CHIMIST DE LABORATOR": 42, "TEHNICIAN MECATRONIST": 478, "TEHNICIAN TRANSPORTURI": 305, "TEHNICIAN IN AUTOMATIZARI": 244, "TEHNICIAN DE TELECOMUNICATII": 84, "TEHNICIAN IN INSTALATII ELECTRICE": 356, "MUZICA": 173, "TEHNICIAN VETERINAR": 34, "TEHNICIAN DESIGNER VESTIMENTAR": 96, "ARTE PLASTICE SI DECORATIVE": 182, "TEHNICIAN IN CHIMIE INDUSTRIALA": 25, "TEHNICIAN ELECTROMECANIC": 457, "COAFOR STILIST": 118, "TEHNICIAN IN PRELUCRAREA LEMNULUI": 4, "TEHNICIAN DESIGNER MOBILA SI AMENAJARI INTERIOARE": 14, "TEHNICIAN INSTALATOR PENTRU CONSTRUCTII": 120, "LICEU CU PROGRAM SPORTIV": 959, "TEHNICIAN IN CONSTRUCTII SI LUCRARI PUBLICE": 15, "TEHNICIAN DESENATOR PENTRU CONSTRUCTII SI INSTALATII": 15, "TEHNICIAN IN INDUSTRIA MATERIALELOR DE CONSTRUCTII": 11, "TEHNICIAN PRELUCRARI LA CALD": 24, "TEHNICIAN AGRONOM": 38, "ARHITECTURA, ARTE AMBIENTALE SI DESIGN": 194, "TEHNICIAN ENERGETICIAN": 1, "TEHNICIAN IN SILVICULTURA SI EXPLOATARI FORESTIERE": 41, "TEHNICIAN ELECTRONIST": 10, "TEHNICIAN ELECTROTEHNIST": 34, "TEHNICIAN IN INDUSTRIA ALIMENTARA": 107, "TEHNICIAN ANALIZE PRODUSE ALIMENTARE": 90, "INSTRUCTOR PENTRU ACTIVITATI EXTRASCOLARE": 2, "TEHNICIAN METROLOG": 1, "TEHNICIAN HIDRO-METEOROLOG": 6, "TEHNICIAN PRELUCRARI MECANICE": 6, "TEHNICIAN ZOOTEHNIST": 14, "TEHNICIAN IN AGRICULTURA": 3, "TEHNICIAN AGROMONTAN": 23, "TEHNICIAN HORTICULTOR": 5, "TEHNICIAN IN TURISM": 92, "TEHNICIAN IN AGROTURISM": 12, "TEHNICIAN MULTIMEDIA": 14}, "limba_moderna": {"LIMBA SPANIOLA": 46, "LIMBA ENGLEZA": 21624, "LIMBA FRANCEZA": 3499, "LIMBA GERMANA MODERNA": 12, "LIMBA ITALIANA": 127, "LIMBA RUSA": 3}, "limba_materna": {"LIMBA ROMANA": 25311}, "promotie_anterioara": {"NU": 20588, "DA": 4723}, "materii": {"LIMBA ROMANA": {"medie": 6.32137568646041, "reusita": 56.49322428983445, "cnt": 25311}, "MATEMATICA MATE-INFO": {"medie": 6.774846919249897, "reusita": 63.52851128970533, "cnt": 5226}, "BIOLOGIE VEGETALA SI ANIMALA": {"medie": 4.295027901785716, "reusita": 29.24107142857143, "cnt": 5376}, "GENERAL": {"medie": 6.256611881527142, "reusita": 56.3746987475801, "cnt": 25311}, "CHIMIE ORGANICA TEO NIVEL I/II": {"medie": 8.481221719457007, "reusita": 92.76018099547511, "cnt": 442}, "INFORMATICA MI C/C++": {"medie": 7.489397089397091, "reusita": 76.50727650727652, "cnt": 481}, "CHIMIE ANORGANICA TEO NIVEL I/II": {"medie": 6.883937823834199, "reusita": 72.53886010362694, "cnt": 193}, "ISTORIE": {"medie": 6.844325581395349, "reusita": 63.058139534883715, "cnt": 8600}, "GEOGRAFIE": {"medie": 7.5838269974530865, "reusita": 82.36015470238657, "cnt": 10601}, "PSIHOLOGIE": {"medie": 7.2807291666666645, "reusita": 76.73611111111111, "cnt": 288}, "MATEMATICA ST-NAT": {"medie": 5.319497114591939, "reusita": 40.43693322341302, "cnt": 2426}, "ANATOMIE SI FIZIOLOGIE UMANA, GENETICA SI ECOLOGIE UMANA": {"medie": 6.4962104488594505, "reusita": 62.913907284768214, "cnt": 5436}, "FIZICA TEO": {"medie": 8.376114965312183, "reusita": 89.09811694747275, "cnt": 1009}, "FILOSOFIE": {"medie": 7.062499999999998, "reusita": 65.0, "cnt": 40}, "MATEMATICA TEHN": {"medie": 4.334874285714287, "reusita": 30.605714285714285, "cnt": 8750}, "FIZICA TEH": {"medie": 3.089678899082567, "reusita": 7.79816513761468, "cnt": 218}, "INFORMATICA SN C/C++": {"medie": 6.525, "reusita": 50.0, "cnt": 2}, "ECONOMIE": {"medie": 8.277192982456143, "reusita": 91.22807017543859, "cnt": 171}, "LOGICA, ARGUMENTARE SI COMUNICARE": {"medie": 7.742464539007092, "reusita": 87.7659574468085, "cnt": 564}, "MATEMATICA PED": {"medie": 8.31601941747573, "reusita": 93.20388349514563, "cnt": 309}, "SOCIOLOGIE": {"medie": 6.503260869565219, "reusita": 63.40579710144928, "cnt": 276}, "INFORMATICA MI PASCAL": {"medie": 7.625, "reusita": 77.27272727272727, "cnt": 22}, "CHIMIE ANORGANICA TEH NIVEL I/II": {"medie": 3.649668874172185, "reusita": 16.55629139072848, "cnt": 151}, "CHIMIE ORGANICA TEH NIVEL I/II": {"medie": 2.8987804878048777, "reusita": 7.317073170731707, "cnt": 41}}, "nume": "D\u00e2mbovi\u021ba"}