{"specializari": {"FILOLOGIE": 5796, "MATEMATICA-INFORMATICA": 6189, "STIINTE SOCIALE": 2043, "STIINTE ALE NATURII": 4644, "TEHNICIAN OPERATOR TEHNICA DE CALCUL": 920, "TEHNICIAN MECATRONIST": 824, "TEHNICIAN ELECTROTEHNIST": 301, "TEHNICIAN ECOLOG SI PROTECTIA CALITATII MEDIULUI": 563, "TEHNICIAN IN ACTIVITATI ECONOMICE": 1358, "TEHNICIAN PROIECTANT CAD": 386, "TEHNICIAN IN AGRICULTURA ECOLOGICA": 101, "TEHNICIAN IN ACHIZITII SI CONTRACTARI": 44, "TEHNICIAN IN ACTIVITATI DE POSTA": 101, "TEOLOGIE ORTODOXA": 190, "TEHNICIAN IN AGRICULTURA": 181, "TEHNICIAN TRANSPORTURI": 454, "TEHNICIAN IN TURISM": 894, "COAFOR STILIST": 166, "TEHNICIAN ELECTRICIAN/ELECTRONIST AUTO": 385, "TEHNICIAN IN AUTOMATIZARI": 283, "TEOLOGIE ADVENTISTA": 199, "TEHNICIAN IN ACTIVITATI DE COMERT": 837, "TEHNICIAN DESIGNER VESTIMENTAR": 151, "TEHNICIAN METROLOG": 40, "LICEU CU PROGRAM SPORTIV": 1319, "TEHNICIAN MECANIC PENTRU INTRETINERE SI REPARATII": 784, "TEHNICIAN IN ADMINISTRATIE": 360, "INVATATOR - EDUCATOARE": 376, "TEHNICIAN PRELUCRARI PE MASINI CU COMANDA NUMERICA": 68, "TEHNICIAN ANALIZE PRODUSE ALIMENTARE": 285, "TEHNICIAN IN MORARIT, PANIFICATIE SI PRODUSE FAINOASE": 92, "TEHNICIAN IN INSTALATII ELECTRICE": 540, "TEHNICIAN DE TELECOMUNICATII": 214, "TEHNICIAN VETERINAR": 178, "TEHNICIAN IN GASTRONOMIE": 629, "TEHNICIAN INSTALATOR PENTRU CONSTRUCTII": 28, "MUZICA": 235, "TEHNICIAN IN INDUSTRIA TEXTILA": 11, "ARHITECTURA, ARTE AMBIENTALE SI DESIGN": 207, "TEHNICIAN VETERINAR PENTRU ANIMALE DE COMPANIE": 25, "TEHNICIAN HORTICULTOR": 27, "TEHNICIAN IN CONSTRUCTII SI LUCRARI PUBLICE": 34, "TEHNICIAN DESENATOR PENTRU CONSTRUCTII SI INSTALATII": 236, "TEHNICIAN IN CHIMIE INDUSTRIALA": 10, "ORGANIZATOR BANQUETING": 300, "TEHNICIAN IN INDUSTRIA ALIMENTARA": 38, "ARTE PLASTICE SI DECORATIVE": 238, "TEHNICIAN AUDIO-VIDEO": 2, "TEHNICIAN ELECTROMECANIC": 103, "TEHNICIAN HIDRO-METEOROLOG": 7, "TEHNICIAN POLIGRAF": 7, "TEHNICIAN ELECTRONIST": 9, "TEHNICIAN OPERATORI ROBOTI INDUSTRIALI": 64, "TEHNICIAN PRELUCRARI MECANICE": 6, "TEHNICIAN IN HOTELARIE": 54, "TEHNICIAN OPERATOR TELEMATICA": 4, "TEHNICIAN IN IND. ALIM. FERMENTATIVA SI IN PREL. LEGUMELOR SI FRUCTELOR": 1, "TEHNICIAN AGRONOM": 42, "TEHNICIAN IN SILVICULTURA SI EXPLOATARI FORESTIERE": 4, "TEHNICIAN INSTALATII DE BORD (AVION)": 31, "TEHNICIAN IN PRELUCRAREA PRODUSELOR DE ORIGINE ANIMALA": 2}, "limba_moderna": {"LIMBA ENGLEZA": 28680, "LIMBA FRANCEZA": 4468, "LIMBA GERMANA MODERNA": 206, "LIMBA SPANIOLA": 264, "LIMBA RUSA": 2}, "limba_materna": {"LIMBA ROMANA": 33620}, "promotie_anterioara": {"NU": 27593, "DA": 6027}, "materii": {"LIMBA ROMANA": {"medie": 6.332875074360571, "reusita": 58.8488994646044, "cnt": 33620}, "MATEMATICA MATE-INFO": {"medie": 7.318088544191323, "reusita": 71.86944579091937, "cnt": 6189}, "BIOLOGIE VEGETALA SI ANIMALA": {"medie": 3.6580486950429223, "reusita": 20.24873007531967, "cnt": 5709}, "GENERAL": {"medie": 6.295435554233608, "reusita": 58.95300416418798, "cnt": 33620}, "CHIMIE ORGANICA TEO NIVEL I/II": {"medie": 8.548909657320873, "reusita": 92.5233644859813, "cnt": 321}, "INFORMATICA MI C/C++": {"medie": 8.31336077844312, "reusita": 90.11976047904191, "cnt": 1336}, "CHIMIE ANORGANICA TEO NIVEL I/II": {"medie": 7.118421052631579, "reusita": 78.94736842105263, "cnt": 19}, "ISTORIE": {"medie": 7.052141390437042, "reusita": 68.26048694631857, "cnt": 10227}, "GEOGRAFIE": {"medie": 6.97096686877438, "reusita": 73.59246427024686, "cnt": 9236}, "PSIHOLOGIE": {"medie": 8.112076271186437, "reusita": 87.28813559322035, "cnt": 236}, "MATEMATICA ST-NAT": {"medie": 6.613791989664096, "reusita": 64.85788113695091, "cnt": 4644}, "ANATOMIE SI FIZIOLOGIE UMANA, GENETICA SI ECOLOGIE UMANA": {"medie": 7.133457100422701, "reusita": 72.88929509882325, "cnt": 8753}, "FIZICA TEO": {"medie": 8.429184587813618, "reusita": 90.32258064516128, "cnt": 1116}, "FILOSOFIE": {"medie": 6.384042553191487, "reusita": 63.829787234042556, "cnt": 47}, "MATEMATICA TEHN": {"medie": 3.8556918910046085, "reusita": 24.162836506894287, "cnt": 12184}, "FIZICA TEH": {"medie": 2.770017482517483, "reusita": 12.587412587412588, "cnt": 572}, "INFORMATICA SN C/C++": {"medie": 7.9712499999999995, "reusita": 90.0, "cnt": 40}, "ECONOMIE": {"medie": 7.423165137614683, "reusita": 77.98165137614679, "cnt": 218}, "LOGICA, ARGUMENTARE SI COMUNICARE": {"medie": 8.107374687920126, "reusita": 86.537353562512, "cnt": 5207}, "MATEMATICA PED": {"medie": 8.659308510638294, "reusita": 96.01063829787235, "cnt": 376}, "SOCIOLOGIE": {"medie": 7.483830845771142, "reusita": 80.59701492537313, "cnt": 402}, "INFORMATICA MI PASCAL": {"medie": 6.443518518518518, "reusita": 62.96296296296296, "cnt": 54}, "CHIMIE ANORGANICA TEH NIVEL I/II": {"medie": 3.9086538461538467, "reusita": 14.423076923076922, "cnt": 104}, "CHIMIE ORGANICA TEH NIVEL I/II": {"medie": 3.4816, "reusita": 20.4, "cnt": 250}}, "nume": "Dolj"}