{"specializari": {"FILOLOGIE": 3633, "TEHNICIAN DESENATOR PENTRU CONSTRUCTII SI INSTALATII": 128, "STIINTE ALE NATURII": 3610, "ORGANIZATOR BANQUETING": 545, "TEHNICIAN IN ACTIVITATI ECONOMICE": 1639, "MUZICA": 159, "TEHNICIAN AGRONOM": 151, "TEOLOGIE ORTODOXA": 176, "TEHNICIAN IN INDUSTRIA TEXTILA": 251, "COAFOR STILIST": 88, "ARTE PLASTICE SI DECORATIVE": 239, "TEHNICIAN PROIECTANT CAD": 271, "TEHNICIAN MECANIC PENTRU INTRETINERE SI REPARATII": 333, "TEHNICIAN IN TURISM": 672, "TEHNICIAN TRANSPORTURI": 242, "TEHNICIAN VETERINAR": 225, "TEHNICIAN IN INSTALATII ELECTRICE": 209, "TEHNICIAN IN AUTOMATIZARI": 181, "MATEMATICA-INFORMATICA": 4893, "TEHNICIAN OPERATOR TEHNICA DE CALCUL": 348, "TEHNICIAN ECOLOG SI PROTECTIA CALITATII MEDIULUI": 652, "TEHNICIAN IN ADMINISTRATIE": 430, "TEHNICIAN IN INDUSTRIA ALIMENTARA": 268, "TEHNICIAN ELECTROTEHNIST": 154, "TEHNICIAN ELECTROMECANIC": 179, "STIINTE SOCIALE": 1440, "TEHNICIAN IN ACTIVITATI DE COMERT": 943, "TEHNICIAN HORTICULTOR": 192, "TEHNICIAN IN PRELUCRAREA LEMNULUI": 3, "TEHNICIAN ENERGETICIAN": 23, "INVATATOR - EDUCATOARE": 185, "PATRIMONIU CULTURAL": 142, "LICEU CU PROGRAM SPORTIV": 636, "TEHNICIAN MECATRONIST": 280, "TEHNICIAN IN CONSTRUCTII SI LUCRARI PUBLICE": 95, "TEHNICIAN IN IND. ALIM. FERMENTATIVA SI IN PREL. LEGUMELOR SI FRUCTELOR": 68, "TEHNICIAN IN MORARIT, PANIFICATIE SI PRODUSE FAINOASE": 130, "TEHNICIAN CONSTRUCTII NAVALE": 6, "TEHNICIAN IN GASTRONOMIE": 579, "TEHNICIAN DE TELECOMUNICATII": 5, "TEHNICIAN PENTRU ANIMALE DE COMPANIE": 22, "TEHNICIAN ANALIZE PRODUSE ALIMENTARE": 432, "TEHNICIAN DESIGNER VESTIMENTAR": 315, "TEHNICIAN IN AGRICULTURA": 26, "TEHNICIAN PRELUCRARI LA CALD": 6, "TEHNICIAN ELECTRICIAN/ELECTRONIST AUTO": 175, "ARTA ACTORULUI": 57, "TEHNICIAN IN HOTELARIE": 79, "TEHNICIAN IN PRELUCRAREA PRODUSELOR DE ORIGINE ANIMALA": 112, "TEHNICIAN IN AGRICULTURA ECOLOGICA": 113, "ARHITECTURA, ARTE AMBIENTALE SI DESIGN": 74, "TEHNICIAN METROLOG": 21, "TEHNICIAN MULTIMEDIA": 62, "TEHNICIAN PENTRU TEHNICI ARTISTICE - PATRIMONIU": 2, "TEHNICIAN PRELUCRARI PE MASINI CU COMANDA NUMERICA": 21, "TEHNICIAN OPERATORI ROBOTI INDUSTRIALI": 52, "TEHNICIAN CHIMIST DE LABORATOR": 6, "TEHNICIAN IN ACHIZITII SI CONTRACTARI": 51, "COREGRAFIE": 8, "TEHNICIAN PRELUCRARI MECANICE": 1, "TEHNICIAN DESIGNER MOBILA SI AMENAJARI INTERIOARE": 1}, "limba_moderna": {"LIMBA ENGLEZA": 23054, "LIMBA FRANCEZA": 2921, "LIMBA RUSA": 3, "LIMBA GERMANA MODERNA": 59, "LIMBA ITALIANA": 2}, "limba_materna": {"LIMBA ROMANA": 26039}, "promotie_anterioara": {"NU": 21809, "DA": 4230}, "materii": {"LIMBA ROMANA": {"medie": 6.8397415415339315, "reusita": 67.68309074849265, "cnt": 26039}, "MATEMATICA MATE-INFO": {"medie": 7.91256897608828, "reusita": 83.03699162068261, "cnt": 4893}, "BIOLOGIE VEGETALA SI ANIMALA": {"medie": 4.631363485201205, "reusita": 32.557366145660126, "cnt": 3007}, "GENERAL": {"medie": 6.973400412202205, "reusita": 70.98198855562809, "cnt": 26039}, "CHIMIE ORGANICA TEO NIVEL I/II": {"medie": 8.283001700680288, "reusita": 89.28571428571429, "cnt": 1176}, "INFORMATICA MI C/C++": {"medie": 8.501423728813563, "reusita": 93.22033898305084, "cnt": 1475}, "CHIMIE ANORGANICA TEO NIVEL I/II": {"medie": 7.376562500000001, "reusita": 82.8125, "cnt": 64}, "ISTORIE": {"medie": 7.392819067925671, "reusita": 75.98233323180018, "cnt": 6566}, "GEOGRAFIE": {"medie": 7.4689736798543205, "reusita": 83.28091375600066, "cnt": 6041}, "PSIHOLOGIE": {"medie": 8.356250000000001, "reusita": 90.7258064516129, "cnt": 248}, "MATEMATICA ST-NAT": {"medie": 7.49415512465373, "reusita": 80.38781163434902, "cnt": 3610}, "ANATOMIE SI FIZIOLOGIE UMANA, GENETICA SI ECOLOGIE UMANA": {"medie": 7.3559327461969595, "reusita": 76.30104083266613, "cnt": 6245}, "FIZICA TEO": {"medie": 8.552829391891896, "reusita": 93.49662162162163, "cnt": 1184}, "FILOSOFIE": {"medie": 8.058450704225354, "reusita": 87.32394366197182, "cnt": 71}, "MATEMATICA TEHN": {"medie": 5.626444135373215, "reusita": 48.743625405656005, "cnt": 10785}, "FIZICA TEH": {"medie": 4.492816901408449, "reusita": 29.014084507042252, "cnt": 355}, "INFORMATICA SN C/C++": {"medie": 8.29107142857143, "reusita": 92.85714285714286, "cnt": 28}, "ECONOMIE": {"medie": 7.182661290322581, "reusita": 76.61290322580645, "cnt": 248}, "LOGICA, ARGUMENTARE SI COMUNICARE": {"medie": 8.111478676763662, "reusita": 89.87644479872459, "cnt": 5018}, "MATEMATICA PED": {"medie": 9.079729729729733, "reusita": 99.45945945945947, "cnt": 185}, "SOCIOLOGIE": {"medie": 8.0, "reusita": 83.44370860927152, "cnt": 151}, "CHIMIE ANORGANICA TEH NIVEL I/II": {"medie": 5.613600000000003, "reusita": 48.8, "cnt": 250}, "CHIMIE ORGANICA TEH NIVEL I/II": {"medie": 5.308891213389119, "reusita": 39.12133891213389, "cnt": 478}}, "nume": "Gala\u021bi"}