{"specializari": {"TEHNICIAN IN ACTIVITATI ECONOMICE": 1829, "TEHNICIAN TRANSPORTURI": 97, "STIINTE ALE NATURII": 1328, "MATEMATICA-INFORMATICA": 1462, "TEHNICIAN OPERATOR TEHNICA DE CALCUL": 77, "TEHNICIAN MECANIC PENTRU INTRETINERE SI REPARATII": 411, "TEHNICIAN ECOLOG SI PROTECTIA CALITATII MEDIULUI": 217, "TEHNICIAN INSTALATOR PENTRU CONSTRUCTII": 21, "FILOLOGIE": 1906, "TEHNICIAN DE TELECOMUNICATII": 52, "STIINTE SOCIALE": 1216, "TEHNICIAN IN INSTALATII ELECTRICE": 519, "TEHNICIAN ELECTROTEHNIST": 15, "TEHNICIAN ELECTRICIAN/ELECTRONIST AUTO": 10, "TEHNICIAN IN CONSTRUCTII SI LUCRARI PUBLICE": 90, "TEHNICIAN ELECTROMECANIC": 55, "TEHNICIAN ANALIZE PRODUSE ALIMENTARE": 75, "TEHNICIAN IN AGRICULTURA": 100, "LICEU CU PROGRAM SPORTIV": 19, "TEHNICIAN PROIECTANT CAD": 18, "TEHNICIAN MECATRONIST": 341, "TEHNICIAN CHIMIST DE LABORATOR": 15, "TEHNICIAN IN IND. ALIM. FERMENTATIVA SI IN PREL. LEGUMELOR SI FRUCTELOR": 2, "TEHNICIAN IN INDUSTRIA ALIMENTARA": 22, "TEHNICIAN IN AUTOMATIZARI": 3, "TEHNICIAN IN HOTELARIE": 3, "TEHNICIAN IN ADMINISTRATIE": 236, "COAFOR STILIST": 2, "TEHNICIAN PENTRU ANIMALE DE COMPANIE": 21, "TEHNICIAN IN TURISM": 205, "TEHNICIAN AGRONOM": 92, "TEHNICIAN ZOOTEHNIST": 46, "TEHNICIAN VETERINAR": 3, "INVATATOR - EDUCATOARE": 217, "TEHNICIAN IN GASTRONOMIE": 103, "TEHNICIAN IN ACTIVITATI DE COMERT": 335, "MUZICA BISERICEASCA": 40, "TEHNICIAN IN INDUSTRIA TEXTILA": 192, "ORGANIZATOR BANQUETING": 3, "TEHNICIAN ELECTRONIST": 2, "TEHNICIAN PRELUCRARI MECANICE": 2, "TEHNICIAN DESIGNER VESTIMENTAR": 4, "TEHNICIAN IN PRELUCRAREA LEMNULUI": 2, "TEHNICIAN IN SILVICULTURA SI EXPLOATARI FORESTIERE": 89, "TEHNICIAN IN ACHIZITII SI CONTRACTARI": 10, "TEOLOGIE ORTODOXA": 109, "TEHNICIAN IN CHIMIE INDUSTRIALA": 2, "TEHNICIAN METROLOG": 2}, "limba_moderna": {"LIMBA ENGLEZA": 10546, "LIMBA FRANCEZA": 1006, "LIMBA GERMANA MODERNA": 58, "LIMBA RUSA": 4, "LIMBA SPANIOLA": 6}, "limba_materna": {"LIMBA ROMANA": 11620}, "promotie_anterioara": {"NU": 8750, "DA": 2870}, "materii": {"LIMBA ROMANA": {"medie": 5.544096385542145, "reusita": 42.96041308089501, "cnt": 11620}, "MATEMATICA MATE-INFO": {"medie": 5.914842681258548, "reusita": 53.76196990424077, "cnt": 1462}, "BIOLOGIE VEGETALA SI ANIMALA": {"medie": 3.6727002448408546, "reusita": 17.733473242392446, "cnt": 2859}, "GENERAL": {"medie": 5.393789156626506, "reusita": 40.258175559380376, "cnt": 11620}, "CHIMIE ORGANICA TEO NIVEL I/II": {"medie": 8.243627450980389, "reusita": 93.13725490196079, "cnt": 102}, "INFORMATICA MI C/C++": {"medie": 6.805468750000001, "reusita": 73.4375, "cnt": 64}, "CHIMIE ANORGANICA TEO NIVEL I/II": {"medie": 6.3439393939393955, "reusita": 54.54545454545454, "cnt": 33}, "ISTORIE": {"medie": 6.4994224924012265, "reusita": 55.2887537993921, "cnt": 3290}, "GEOGRAFIE": {"medie": 6.785947712418281, "reusita": 70.04998077662438, "cnt": 5202}, "PSIHOLOGIE": {"medie": 7.39787878787879, "reusita": 80.60606060606061, "cnt": 165}, "MATEMATICA ST-NAT": {"medie": 3.793147590361447, "reusita": 19.352409638554217, "cnt": 1328}, "ANATOMIE SI FIZIOLOGIE UMANA, GENETICA SI ECOLOGIE UMANA": {"medie": 5.078041666666676, "reusita": 41.31944444444444, "cnt": 1440}, "FIZICA TEO": {"medie": 7.716726296958846, "reusita": 79.78533094812164, "cnt": 559}, "FILOSOFIE": {"medie": 6.483333333333333, "reusita": 66.66666666666666, "cnt": 3}, "MATEMATICA TEHN": {"medie": 3.779881645688509, "reusita": 22.46853278226564, "cnt": 5323}, "FIZICA TEH": {"medie": 1.9118721461187214, "reusita": 3.1963470319634704, "cnt": 219}, "ECONOMIE": {"medie": 7.8370370370370335, "reusita": 80.55555555555556, "cnt": 108}, "LOGICA, ARGUMENTARE SI COMUNICARE": {"medie": 7.524000000000003, "reusita": 80.57142857142857, "cnt": 350}, "MATEMATICA PED": {"medie": 6.4059907834101395, "reusita": 61.75115207373272, "cnt": 217}, "SOCIOLOGIE": {"medie": 6.451975308641977, "reusita": 64.19753086419753, "cnt": 405}, "CHIMIE ANORGANICA TEH NIVEL I/II": {"medie": 3.0392857142857137, "reusita": 1.1904761904761905, "cnt": 84}, "CHIMIE ORGANICA TEH NIVEL I/II": {"medie": 3.974074074074074, "reusita": 11.11111111111111, "cnt": 27}}, "nume": "Giurgiu"}