{"specializari": {"FILOLOGIE": 3046, "STIINTE ALE NATURII": 2918, "MATEMATICA-INFORMATICA": 3993, "TEHNICIAN ELECTROMECANIC": 963, "TEHNICIAN ECOLOG SI PROTECTIA CALITATII MEDIULUI": 1311, "STIINTE SOCIALE": 776, "TEHNICIAN IN AUTOMATIZARI": 1145, "TEHNICIAN IN INDUSTRIA ALIMENTARA": 255, "TEOLOGIE ORTODOXA": 178, "TEHNICIAN OPERATOR TEHNICA DE CALCUL": 828, "TEHNICIAN IN ACTIVITATI ECONOMICE": 1324, "TEHNICIAN MECATRONIST": 1124, "TEHNICIAN MECANIC PENTRU INTRETINERE SI REPARATII": 1926, "TEHNICIAN IN INSTALATII ELECTRICE": 818, "TEHNICIAN IN ADMINISTRATIE": 341, "TEHNICIAN INSTALATOR PENTRU CONSTRUCTII": 187, "TEHNICIAN METROLOG": 100, "TEHNICIAN OPERATOR TELEMATICA": 163, "TEHNICIAN PROIECTANT CAD": 63, "INVATATOR - EDUCATOARE": 170, "TEHNICIAN IN TURISM": 813, "TEHNICIAN ELECTRONIST": 16, "TEHNICIAN IN SILVICULTURA SI EXPLOATARI FORESTIERE": 40, "LICEU CU PROGRAM SPORTIV": 935, "ORGANIZATOR BANQUETING": 185, "TEHNICIAN IN INDUSTRIA TEXTILA": 197, "TEHNICIAN DESENATOR PENTRU CONSTRUCTII SI INSTALATII": 313, "TEHNICIAN TRANSPORTURI": 498, "TEHNICIAN AGROMONTAN": 106, "TEHNICIAN IN AGRICULTURA": 63, "TEHNICIAN DESIGNER VESTIMENTAR": 34, "TEHNICIAN VETERINAR": 65, "ARTA ACTORULUI": 177, "TEHNICIAN IN CONSTRUCTII SI LUCRARI PUBLICE": 95, "MUZICA": 210, "TEHNICIAN ELECTRICIAN/ELECTRONIST AUTO": 10, "TEHNICIAN ELECTROTEHNIST": 167, "TEHNICIAN DE TELECOMUNICATII": 63, "TEHNICIAN OPERATORI ROBOTI INDUSTRIALI": 2, "ARHITECTURA, ARTE AMBIENTALE SI DESIGN": 99, "TEHNICIAN PRELUCRARI LA CALD": 1, "TEHNICIAN CHIMIST DE LABORATOR": 55, "ARTE PLASTICE SI DECORATIVE": 90, "TEHNICIAN IN HOTELARIE": 97, "COAFOR STILIST": 2, "TEHNICIAN IN ACTIVITATI DE COMERT": 292, "TEHNICIAN IN GASTRONOMIE": 81, "TEHNICIAN IN INDUSTRIA MATERIALELOR DE CONSTRUCTII": 21, "TEHNICIAN PRELUCRARI MECANICE": 5, "TEHNICIAN ANALIZE PRODUSE ALIMENTARE": 228, "TEHNICIAN IN CHIMIE INDUSTRIALA": 20, "PATRIMONIU CULTURAL": 248, "TEHNICIAN PENTRU ANIMALE DE COMPANIE": 1, "MUZICA BISERICEASCA": 27, "TEHNICIAN IN ACHIZITII SI CONTRACTARI": 1}, "limba_moderna": {"LIMBA ENGLEZA": 21928, "LIMBA FRANCEZA": 4858, "LIMBA SPANIOLA": 47, "LIMBA RUSA": 11, "LIMBA ITALIANA": 36, "LIMBA GERMANA MODERNA": 6}, "limba_materna": {"LIMBA ROMANA": 26886}, "promotie_anterioara": {"NU": 21526, "DA": 5360}, "materii": {"LIMBA ROMANA": {"medie": 6.29941456520128, "reusita": 58.651342706241174, "cnt": 26886}, "MATEMATICA MATE-INFO": {"medie": 7.483834209867269, "reusita": 76.15827698472326, "cnt": 3993}, "BIOLOGIE VEGETALA SI ANIMALA": {"medie": 4.289482021042888, "reusita": 26.719852006012257, "cnt": 8649}, "GENERAL": {"medie": 6.11736616330679, "reusita": 53.95001115822361, "cnt": 26886}, "CHIMIE ORGANICA TEO NIVEL I/II": {"medie": 8.781081081081078, "reusita": 97.05159705159704, "cnt": 407}, "INFORMATICA MI C/C++": {"medie": 8.722312138728318, "reusita": 96.06936416184972, "cnt": 865}, "CHIMIE ANORGANICA TEO NIVEL I/II": {"medie": 6.702173913043478, "reusita": 60.86956521739131, "cnt": 23}, "ISTORIE": {"medie": 6.807414448669206, "reusita": 63.567231247839615, "cnt": 5786}, "GEOGRAFIE": {"medie": 7.57570960423496, "reusita": 84.63574489538695, "cnt": 7934}, "PSIHOLOGIE": {"medie": 7.574725274725274, "reusita": 82.78388278388277, "cnt": 273}, "MATEMATICA ST-NAT": {"medie": 6.3989544052108265, "reusita": 61.50154268083647, "cnt": 2917}, "ANATOMIE SI FIZIOLOGIE UMANA, GENETICA SI ECOLOGIE UMANA": {"medie": 7.197897817988285, "reusita": 73.88681923008693, "cnt": 5637}, "FIZICA TEO": {"medie": 8.505372945638433, "reusita": 90.89759797724399, "cnt": 791}, "FILOSOFIE": {"medie": 6.886986301369861, "reusita": 61.64383561643836, "cnt": 73}, "MATEMATICA TEHN": {"medie": 4.565634807417979, "reusita": 32.860199714693294, "cnt": 14020}, "FIZICA TEH": {"medie": 3.4997532082921956, "reusita": 17.275419545903258, "cnt": 1013}, "INFORMATICA SN C/C++": {"medie": 7.911538461538461, "reusita": 84.61538461538461, "cnt": 13}, "ECONOMIE": {"medie": 8.446078431372543, "reusita": 88.23529411764706, "cnt": 153}, "LOGICA, ARGUMENTARE SI COMUNICARE": {"medie": 8.142605633802813, "reusita": 87.32394366197182, "cnt": 284}, "MATEMATICA PED": {"medie": 8.832058823529414, "reusita": 97.6470588235294, "cnt": 170}, "SOCIOLOGIE": {"medie": 8.121066666666659, "reusita": 92.0, "cnt": 375}, "INFORMATICA MI PASCAL": {"medie": 7.510185185185184, "reusita": 81.48148148148148, "cnt": 54}, "CHIMIE ANORGANICA TEH NIVEL I/II": {"medie": 3.8207253886010366, "reusita": 13.471502590673575, "cnt": 193}, "CHIMIE ORGANICA TEH NIVEL I/II": {"medie": 5.422818791946311, "reusita": 36.91275167785235, "cnt": 149}}, "nume": "Gorj"}