{"specializari": {"MATEMATICA-INFORMATICA": 2003, "INVATATOR - EDUCATOARE": 529, "TEHNICIAN IN ACTIVITATI DE COMERT": 380, "TEHNICIAN IN ACTIVITATI ECONOMICE": 1237, "LICEU CU PROGRAM SPORTIV": 146, "TEOLOGIE ROMANO-CATOLICA": 678, "TEHNICIAN IN HOTELARIE": 4, "STIINTE ALE NATURII": 2663, "TEHNICIAN IN ADMINISTRATIE": 190, "ORGANIZATOR BANQUETING": 164, "TEHNICIAN IN GASTRONOMIE": 141, "TEHNICIAN OPERATOR TEHNICA DE CALCUL": 332, "COAFOR STILIST": 124, "TEHNICIAN IN TURISM": 1052, "TEOLOGIE UNITARIANA": 188, "TEHNICIAN ECOLOG SI PROTECTIA CALITATII MEDIULUI": 368, "STIINTE SOCIALE": 1153, "FILOLOGIE": 1477, "MUZICA": 375, "TEHNICIAN DESENATOR PENTRU CONSTRUCTII SI INSTALATII": 203, "TEHNICIAN IN INDUSTRIA ALIMENTARA": 149, "TEHNICIAN IN INSTALATII ELECTRICE": 127, "TEHNICIAN DE TELECOMUNICATII": 3, "TEHNICIAN AGROMONTAN": 9, "TEHNICIAN ELECTRICIAN/ELECTRONIST AUTO": 248, "TEOLOGIE REFORMATA": 205, "TEHNICIAN IN SILVICULTURA SI EXPLOATARI FORESTIERE": 277, "TEHNICIAN CHIMIST DE LABORATOR": 69, "TEHNICIAN OPERATOR PROCESARE TEXT IMAGINE": 173, "TEHNICIAN TRANSPORTURI": 143, "TEHNICIAN VETERINAR": 146, "TEHNICIAN ANALIZE PRODUSE ALIMENTARE": 307, "ARTE PLASTICE SI DECORATIVE": 326, "TEHNICIAN IN CONSTRUCTII SI LUCRARI PUBLICE": 55, "TEHNICIAN INSTALATOR PENTRU CONSTRUCTII": 27, "TEHNICIAN DESIGNER MOBILA SI AMENAJARI INTERIOARE": 45, "TEHNICIAN IN ACHIZITII SI CONTRACTARI": 193, "ARHITECTURA, ARTE AMBIENTALE SI DESIGN": 310, "TEHNICIAN MECATRONIST": 73, "TEHNICIAN IN AUTOMATIZARI": 90, "TEHNICIAN IN INDUSTRIA TEXTILA": 25, "TEHNICIAN IN PRELUCRAREA LEMNULUI": 50, "TEHNICIAN DESIGNER VESTIMENTAR": 26, "TEHNICIAN MECANIC PENTRU INTRETINERE SI REPARATII": 212, "TEHNICIAN IN AGRICULTURA": 1, "TEHNICIAN IN AGROTURISM": 82, "INSTRUCTOR PENTRU ACTIVITATI EXTRASCOLARE": 35, "TEHNICIAN HIDRO-METEOROLOG": 22, "TEHNICIAN ELECTROMECANIC": 20, "TEHNICIAN HORTICULTOR": 2, "TEHNICIAN PRELUCRARI PE MASINI CU COMANDA NUMERICA": 17, "TEHNICIAN POLIGRAF": 13}, "limba_moderna": {"LIMBA ENGLEZA": 15465, "LIMBA GERMANA MODERNA": 1166, "LIMBA FRANCEZA": 255, "LIMBA ITALIANA": 1}, "limba_materna": {"LIMBA MAGHIARA": 13128, "LIMBA ROMANA": 3759}, "promotie_anterioara": {"NU": 14476, "DA": 2411}, "materii": {"LIMBA ROMANA": {"medie": 5.167214425297568, "reusita": 39.18398768283295, "cnt": 16887}, "MATEMATICA MATE-INFO": {"medie": 7.432426360459313, "reusita": 76.4353469795307, "cnt": 2003}, "BIOLOGIE VEGETALA SI ANIMALA": {"medie": 5.090073365231257, "reusita": 39.07496012759171, "cnt": 3135}, "GENERAL": {"medie": 6.320820305560477, "reusita": 54.219221886658374, "cnt": 16887}, "CHIMIE ORGANICA TEO NIVEL I/II": {"medie": 8.214516129032265, "reusita": 92.90322580645162, "cnt": 310}, "INFORMATICA MI C/C++": {"medie": 8.29379432624114, "reusita": 92.37588652482269, "cnt": 564}, "CHIMIE ANORGANICA TEO NIVEL I/II": {"medie": 7.5875, "reusita": 78.125, "cnt": 64}, "ISTORIE": {"medie": 7.00734723073779, "reusita": 70.85632536276313, "cnt": 4893}, "GEOGRAFIE": {"medie": 7.2874302738336985, "reusita": 80.38793103448276, "cnt": 7888}, "PSIHOLOGIE": {"medie": 7.142132867132866, "reusita": 77.97202797202797, "cnt": 286}, "MATEMATICA ST-NAT": {"medie": 7.015490048817125, "reusita": 72.02403304543748, "cnt": 2663}, "ANATOMIE SI FIZIOLOGIE UMANA, GENETICA SI ECOLOGIE UMANA": {"medie": 7.90848381601363, "reusita": 84.56558773424192, "cnt": 2935}, "FIZICA TEO": {"medie": 7.990582959641258, "reusita": 82.51121076233184, "cnt": 223}, "FILOSOFIE": {"medie": 7.309615384615383, "reusita": 82.3076923076923, "cnt": 130}, "MATEMATICA TEHN": {"medie": 4.8293013678482035, "reusita": 34.96102367995294, "cnt": 6799}, "FIZICA TEH": {"medie": 4.470161290322579, "reusita": 25.806451612903224, "cnt": 248}, "INFORMATICA SN C/C++": {"medie": 8.35, "reusita": 91.66666666666666, "cnt": 12}, "ECONOMIE": {"medie": 7.0030612244897945, "reusita": 79.59183673469387, "cnt": 49}, "LOGICA, ARGUMENTARE SI COMUNICARE": {"medie": 8.492693409742119, "reusita": 94.84240687679083, "cnt": 349}, "MATEMATICA PED": {"medie": 7.142060491493375, "reusita": 74.66918714555766, "cnt": 529}, "SOCIOLOGIE": {"medie": 7.023902439024391, "reusita": 74.14634146341463, "cnt": 205}, "INFORMATICA MI PASCAL": {"medie": 8.217328519855599, "reusita": 92.05776173285199, "cnt": 277}, "CHIMIE ANORGANICA TEH NIVEL I/II": {"medie": 3.4623529411764706, "reusita": 9.411764705882353, "cnt": 85}, "LIMBA MAGHIARA (REAL)": {"medie": 6.953073200774267, "reusita": 75.61147281365476, "cnt": 11366}, "CHIMIE ORGANICA TEH NIVEL I/II": {"medie": 5.020689655172414, "reusita": 35.63218390804598, "cnt": 87}, "LIMBA MAGHIARA (UMAN)": {"medie": 7.736379114642455, "reusita": 90.74914869466515, "cnt": 1762}, "INFORMATICA SN PASCAL": {"medie": 7.733749999999999, "reusita": 85.0, "cnt": 40}}, "nume": "Harghita"}