{"specializari": {"FILOLOGIE": 3355, "MATEMATICA-INFORMATICA": 4473, "TEHNICIAN IN AUTOMATIZARI": 226, "TEHNICIAN ELECTROMECANIC": 377, "TEHNICIAN IN ACTIVITATI DE COMERT": 298, "TEHNICIAN IN ACTIVITATI ECONOMICE": 1209, "STIINTE ALE NATURII": 3448, "TEHNICIAN IN ACHIZITII SI CONTRACTARI": 234, "TEHNICIAN IN GASTRONOMIE": 319, "TEHNICIAN IN INSTALATII ELECTRICE": 282, "TEHNICIAN TRANSPORTURI": 577, "TEHNICIAN PRELUCRARI LA CALD": 112, "TEHNICIAN OPERATOR TEHNICA DE CALCUL": 308, "TEHNICIAN MECATRONIST": 207, "TEHNICIAN MECANIC PENTRU INTRETINERE SI REPARATII": 364, "TEHNICIAN ELECTRICIAN/ELECTRONIST AUTO": 213, "INVATATOR - EDUCATOARE": 260, "STIINTE SOCIALE": 1377, "ORGANIZATOR BANQUETING": 197, "TEHNICIAN IN CONSTRUCTII SI LUCRARI PUBLICE": 56, "TEHNICIAN IN TURISM": 1425, "ARHITECTURA, ARTE AMBIENTALE SI DESIGN": 214, "ARTE PLASTICE SI DECORATIVE": 236, "MUZICA": 212, "LICEU CU PROGRAM SPORTIV": 762, "TEHNICIAN IN HOTELARIE": 88, "TEHNICIAN DE TELECOMUNICATII": 241, "TEHNICIAN PROIECTANT CAD": 434, "TEHNICIAN ELECTRONIST": 28, "TEHNICIAN ECOLOG SI PROTECTIA CALITATII MEDIULUI": 281, "TEHNICIAN IN PRELUCRAREA LEMNULUI": 10, "TEHNICIAN ELECTROTEHNIST": 72, "TEHNICIAN VETERINAR": 85, "TEHNICIAN IN SILVICULTURA SI EXPLOATARI FORESTIERE": 65, "TEHNICIAN CHIMIST DE LABORATOR": 28, "TEHNICIAN IN INDUSTRIA TEXTILA": 103, "TEHNICIAN IN CHIMIE INDUSTRIALA": 8, "COAFOR STILIST": 169, "TEHNICIAN DESIGNER VESTIMENTAR": 3, "TEHNICIAN IN INDUSTRIA ALIMENTARA": 66, "TEHNICIAN PRELUCRARI MECANICE": 73, "TEHNICIAN HORTICULTOR": 3, "TEOLOGIE ORTODOXA": 84, "TEHNICIAN DESENATOR PENTRU CONSTRUCTII SI INSTALATII": 141, "TEHNICIAN INSTALATOR PENTRU CONSTRUCTII": 8, "TEHNICIAN OPERATOR PROCESARE TEXT IMAGINE": 74, "TEHNICIAN IN ADMINISTRATIE": 17, "TEHNICIAN OPERATOR TELEMATICA": 31, "TEHNICIAN IN ACTIVITATI DE POSTA": 9, "TEHNICIAN ANALIZE PRODUSE ALIMENTARE": 2, "TEHNICIAN PROIECTANT PRODUSE FINITE DIN LEMN": 47, "TEHNICIAN METROLOG": 13, "TEHNICIAN IN AGROTURISM": 9, "MUZICA BISERICEASCA": 8, "TEHNICIAN IN INDUSTRIA PIELARIEI": 2, "TEHNICIAN IN AGRICULTURA": 3, "TEHNICIAN MULTIMEDIA": 12}, "limba_moderna": {"LIMBA ENGLEZA": 21385, "LIMBA FRANCEZA": 1206, "LIMBA GERMANA MODERNA": 80, "LIMBA ITALIANA": 264, "LIMBA RUSA": 1, "LIMBA SPANIOLA": 22}, "limba_materna": {"LIMBA ROMANA": 22644, "LIMBA GERMANA": 98, "LIMBA MAGHIARA": 216}, "promotie_anterioara": {"NU": 18853, "DA": 4105}, "materii": {"LIMBA ROMANA": {"medie": 6.592907483230329, "reusita": 63.63794755640735, "cnt": 22958}, "MATEMATICA MATE-INFO": {"medie": 7.17679409792085, "reusita": 71.92041135703107, "cnt": 4473}, "BIOLOGIE VEGETALA SI ANIMALA": {"medie": 4.4357376660341545, "reusita": 28.700189753320682, "cnt": 4216}, "GENERAL": {"medie": 6.496062665156697, "reusita": 61.429567035456046, "cnt": 22958}, "CHIMIE ORGANICA TEO NIVEL I/II": {"medie": 8.287725903614449, "reusita": 91.26506024096386, "cnt": 664}, "INFORMATICA MI C/C++": {"medie": 8.04821063394683, "reusita": 87.11656441717791, "cnt": 978}, "CHIMIE ANORGANICA TEO NIVEL I/II": {"medie": 7.174324324324323, "reusita": 71.47147147147147, "cnt": 333}, "ISTORIE": {"medie": 7.094094110115236, "reusita": 69.31818181818183, "cnt": 6248}, "GEOGRAFIE": {"medie": 7.235687637969063, "reusita": 78.44370860927152, "cnt": 9060}, "PSIHOLOGIE": {"medie": 7.611659192825115, "reusita": 84.30493273542601, "cnt": 223}, "MATEMATICA ST-NAT": {"medie": 6.971693735498847, "reusita": 69.3155452436195, "cnt": 3448}, "ANATOMIE SI FIZIOLOGIE UMANA, GENETICA SI ECOLOGIE UMANA": {"medie": 7.547434113430331, "reusita": 80.77166350411133, "cnt": 4743}, "FIZICA TEO": {"medie": 8.415755395683451, "reusita": 91.84652278177458, "cnt": 417}, "FILOSOFIE": {"medie": 7.565625000000001, "reusita": 75.0, "cnt": 48}, "MATEMATICA TEHN": {"medie": 4.41698909602533, "reusita": 29.651776292648613, "cnt": 8529}, "FIZICA TEH": {"medie": 3.7732360097323596, "reusita": 22.62773722627737, "cnt": 411}, "LIMBA GERMANA": {"medie": 7.7051020408163255, "reusita": 88.77551020408163, "cnt": 98}, "INFORMATICA SN C/C++": {"medie": 8.113333333333333, "reusita": 91.11111111111111, "cnt": 45}, "ECONOMIE": {"medie": 6.327307692307693, "reusita": 55.38461538461539, "cnt": 130}, "LOGICA, ARGUMENTARE SI COMUNICARE": {"medie": 8.02787610619469, "reusita": 90.4424778761062, "cnt": 565}, "MATEMATICA PED": {"medie": 8.260961538461542, "reusita": 92.6923076923077, "cnt": 260}, "SOCIOLOGIE": {"medie": 7.736577181208054, "reusita": 84.78747203579418, "cnt": 447}, "INFORMATICA MI PASCAL": {"medie": 8.094594594594591, "reusita": 86.93693693693693, "cnt": 222}, "CHIMIE ANORGANICA TEH NIVEL I/II": {"medie": 4.037100737100736, "reusita": 18.91891891891892, "cnt": 407}, "LIMBA MAGHIARA (REAL)": {"medie": 6.758894230769229, "reusita": 67.3076923076923, "cnt": 208}, "CHIMIE ORGANICA TEH NIVEL I/II": {"medie": 3.114893617021276, "reusita": 12.76595744680851, "cnt": 47}, "LIMBA MAGHIARA (UMAN)": {"medie": 7.062500000000001, "reusita": 100.0, "cnt": 8}, "INFORMATICA SN PASCAL": {"medie": 8.775, "reusita": 100.0, "cnt": 2}}, "nume": "Hunedoara"}