{"specializari": {"TEHNICIAN MECANIC PENTRU INTRETINERE SI REPARATII": 162, "MUZICA": 133, "MATEMATICA-INFORMATICA": 3247, "ARTE PLASTICE SI DECORATIVE": 124, "STIINTE SOCIALE": 885, "TEHNICIAN MECATRONIST": 438, "TEHNICIAN IN ACTIVITATI DE COMERT": 10, "TEHNICIAN IN GASTRONOMIE": 218, "FILOLOGIE": 1421, "TEHNICIAN ANALIZE PRODUSE ALIMENTARE": 83, "TEHNICIAN IN ACTIVITATI ECONOMICE": 1324, "TEHNICIAN INSTALATOR PENTRU CONSTRUCTII": 35, "STIINTE ALE NATURII": 1617, "TEHNICIAN CHIMIST DE LABORATOR": 70, "ARHITECTURA, ARTE AMBIENTALE SI DESIGN": 82, "TEOLOGIE ORTODOXA": 143, "COAFOR STILIST": 122, "TEHNICIAN IN INDUSTRIA ALIMENTARA": 142, "TEHNICIAN ELECTROTEHNIST": 16, "INVATATOR - EDUCATOARE": 288, "TEHNICIAN DESENATOR PENTRU CONSTRUCTII SI INSTALATII": 279, "TEHNICIAN IN AUTOMATIZARI": 43, "TEHNICIAN IN INSTALATII ELECTRICE": 217, "TEHNICIAN ECOLOG SI PROTECTIA CALITATII MEDIULUI": 313, "TEHNICIAN ELECTROMECANIC": 186, "LICEU CU PROGRAM SPORTIV": 85, "TEHNICIAN OPERATOR TEHNICA DE CALCUL": 344, "TEHNICIAN VETERINAR": 83, "TEHNICIAN DESIGNER VESTIMENTAR": 149, "TEHNICIAN AGRONOM": 21, "TEHNICIAN IN AGRICULTURA": 38, "TEHNICIAN IN INDUSTRIA TEXTILA": 38, "INSTRUCTOR PENTRU ACTIVITATI EXTRASCOLARE": 7, "TEHNICIAN PROIECTANT CAD": 3, "TEHNICIAN IN CONSTRUCTII SI LUCRARI PUBLICE": 5, "TEHNICIAN TRANSPORTURI": 61, "TEHNICIAN IN CHIMIE INDUSTRIALA": 9, "EDUCATOR-PUERICULTOR": 30, "TEHNICIAN IN TURISM": 159, "TEHNICIAN IN ACHIZITII SI CONTRACTARI": 108}, "limba_moderna": {"LIMBA ENGLEZA": 11301, "LIMBA FRANCEZA": 1437}, "limba_materna": {"LIMBA ROMANA": 12738}, "promotie_anterioara": {"NU": 10840, "DA": 1898}, "materii": {"LIMBA ROMANA": {"medie": 6.472417176950889, "reusita": 59.616894331920236, "cnt": 12738}, "MATEMATICA MATE-INFO": {"medie": 7.562765629812116, "reusita": 76.13181398213736, "cnt": 3247}, "BIOLOGIE VEGETALA SI ANIMALA": {"medie": 4.01975717439294, "reusita": 22.781456953642383, "cnt": 2265}, "GENERAL": {"medie": 6.473611765321584, "reusita": 61.26550478882085, "cnt": 12738}, "CHIMIE ORGANICA TEO NIVEL I/II": {"medie": 8.242934782608696, "reusita": 88.04347826086956, "cnt": 276}, "INFORMATICA MI C/C++": {"medie": 8.40186567164179, "reusita": 94.02985074626866, "cnt": 134}, "CHIMIE ANORGANICA TEO NIVEL I/II": {"medie": 6.0851851851851855, "reusita": 70.37037037037037, "cnt": 27}, "ISTORIE": {"medie": 7.324862542955315, "reusita": 75.56701030927834, "cnt": 2910}, "GEOGRAFIE": {"medie": 7.314561933534742, "reusita": 81.3595166163142, "cnt": 3310}, "PSIHOLOGIE": {"medie": 7.753906250000004, "reusita": 83.33333333333334, "cnt": 192}, "MATEMATICA ST-NAT": {"medie": 6.0054730983302385, "reusita": 52.999381570810144, "cnt": 1617}, "ANATOMIE SI FIZIOLOGIE UMANA, GENETICA SI ECOLOGIE UMANA": {"medie": 7.231381902283902, "reusita": 76.61173749638624, "cnt": 3459}, "FIZICA TEO": {"medie": 8.243955512572533, "reusita": 88.58800773694391, "cnt": 1034}, "FILOSOFIE": {"medie": 8.045454545454545, "reusita": 81.81818181818183, "cnt": 11}, "MATEMATICA TEHN": {"medie": 4.326336612489281, "reusita": 28.40034217279726, "cnt": 4676}, "FIZICA TEH": {"medie": 3.9313725490196076, "reusita": 15.686274509803921, "cnt": 153}, "INFORMATICA SN C/C++": {"medie": 7.95, "reusita": 100.0, "cnt": 1}, "ECONOMIE": {"medie": 7.574137931034482, "reusita": 77.01149425287356, "cnt": 87}, "LOGICA, ARGUMENTARE SI COMUNICARE": {"medie": 7.96971685082872, "reusita": 84.66850828729282, "cnt": 1448}, "MATEMATICA PED": {"medie": 8.109895833333331, "reusita": 92.01388888888889, "cnt": 288}, "SOCIOLOGIE": {"medie": 7.894505494505494, "reusita": 89.01098901098901, "cnt": 91}, "INFORMATICA MI PASCAL": {"medie": 6.539320388349512, "reusita": 64.07766990291263, "cnt": 103}, "CHIMIE ANORGANICA TEH NIVEL I/II": {"medie": 4.294444444444444, "reusita": 26.984126984126984, "cnt": 63}, "CHIMIE ORGANICA TEH NIVEL I/II": {"medie": 3.83095238095238, "reusita": 11.904761904761903, "cnt": 84}}, "nume": "Ialomi\u021ba"}