{"specializari": {"TEHNICIAN IN INSTALATII ELECTRICE": 407, "MATEMATICA-INFORMATICA": 6632, "FILOLOGIE": 5118, "INVATATOR - EDUCATOARE": 710, "TEHNICIAN OPERATOR TEHNICA DE CALCUL": 1140, "TEHNICIAN IN INDUSTRIA PIELARIEI": 10, "TEHNICIAN MECATRONIST": 410, "TEHNICIAN IN INDUSTRIA TEXTILA": 143, "TEHNICIAN IN TURISM": 553, "TEHNICIAN IN ACTIVITATI ECONOMICE": 3260, "TEHNICIAN MECANIC PENTRU INTRETINERE SI REPARATII": 385, "TEHNICIAN IN ACTIVITATI DE COMERT": 612, "TEHNICIAN IN ADMINISTRATIE": 525, "STIINTE ALE NATURII": 5124, "TEHNICIAN IN GASTRONOMIE": 697, "TEHNICIAN VETERINAR": 240, "TEHNICIAN ECOLOG SI PROTECTIA CALITATII MEDIULUI": 453, "TEHNICIAN IN AGRICULTURA ECOLOGICA": 105, "TEHNICIAN IN INDUSTRIA ALIMENTARA": 205, "ORGANIZATOR BANQUETING": 635, "TEHNICIAN PROIECTANT CAD": 414, "ARTA ACTORULUI": 171, "TEHNICIAN DE TELECOMUNICATII": 129, "TEHNICIAN TRANSPORTURI": 160, "TEHNICIAN HORTICULTOR": 15, "TEHNICIAN DESENATOR PENTRU CONSTRUCTII SI INSTALATII": 457, "TEHNICIAN ANALIZE PRODUSE ALIMENTARE": 337, "TEHNICIAN CHIMIST DE LABORATOR": 88, "STIINTE SOCIALE": 2219, "TEHNICIAN DESIGNER MOBILA SI AMENAJARI INTERIOARE": 180, "TEHNICIAN DESIGNER VESTIMENTAR": 322, "COAFOR STILIST": 342, "TEHNICIAN IN MORARIT, PANIFICATIE SI PRODUSE FAINOASE": 143, "TEHNICIAN AGRONOM": 41, "TEHNICIAN ELECTROTEHNIST": 97, "MUZICA": 347, "ARHITECTURA, ARTE AMBIENTALE SI DESIGN": 392, "TEHNICIAN IN AGRICULTURA": 97, "TEHNICIAN OPERATOR PROCESARE TEXT IMAGINE": 158, "TEHNICIAN IN AUTOMATIZARI": 124, "TEHNICIAN IN ACHIZITII SI CONTRACTARI": 702, "TEOLOGIE ROMANO-CATOLICA": 190, "TEHNICIAN ELECTRICIAN/ELECTRONIST AUTO": 367, "LICEU CU PROGRAM SPORTIV": 832, "TEHNICIAN IN CONSTRUCTII SI LUCRARI PUBLICE": 39, "PEDAGOG SCOLAR": 1, "TEHNICIAN ELECTROMECANIC": 150, "COREGRAFIE": 153, "ARTE PLASTICE SI DECORATIVE": 476, "TEHNICIAN PRELUCRARI MECANICE": 53, "PATRIMONIU CULTURAL": 208, "TEOLOGIE ORTODOXA": 339, "TEHNICIAN PENTRU ANIMALE DE COMPANIE": 3, "TEHNICIAN IN CHIMIE INDUSTRIALA": 28, "TEHNICIAN HIDRO-METEOROLOG": 48, "TEHNICIAN ELECTRONIST": 6, "TEHNICIAN IN PRELUCRAREA LEMNULUI": 29, "TEHNICIAN INSTALATOR PENTRU CONSTRUCTII": 31, "TEHNICIAN IN SILVICULTURA SI EXPLOATARI FORESTIERE": 2, "TEHNICIAN POLIGRAF": 26, "TEHNICIAN PRELUCRARI PE MASINI CU COMANDA NUMERICA": 35, "TEHNICIAN ZOOTEHNIST": 15, "TEHNICIAN IN HOTELARIE": 36}, "limba_moderna": {"LIMBA FRANCEZA": 4496, "LIMBA ENGLEZA": 32036, "LIMBA GERMANA MODERNA": 297, "LIMBA ITALIANA": 119, "LIMBA SPANIOLA": 133, "LIMBA RUSA": 285}, "limba_materna": {"LIMBA ROMANA": 37366}, "promotie_anterioara": {"DA": 4271, "NU": 33095}, "materii": {"LIMBA ROMANA": {"medie": 7.086712251779714, "reusita": 73.44644864315153, "cnt": 37366}, "MATEMATICA MATE-INFO": {"medie": 8.388507237635718, "reusita": 89.03799758745477, "cnt": 6632}, "BIOLOGIE VEGETALA SI ANIMALA": {"medie": 4.556059572532967, "reusita": 30.945884492951343, "cnt": 4398}, "GENERAL": {"medie": 7.123347160520278, "reusita": 73.41701011614838, "cnt": 37366}, "CHIMIE ORGANICA TEO NIVEL I/II": {"medie": 8.842067307692313, "reusita": 95.03205128205127, "cnt": 624}, "INFORMATICA MI C/C++": {"medie": 8.63459770114942, "reusita": 94.36781609195403, "cnt": 2610}, "CHIMIE ANORGANICA TEO NIVEL I/II": {"medie": 7.115338983050847, "reusita": 73.38983050847457, "cnt": 590}, "ISTORIE": {"medie": 7.4401110472908005, "reusita": 77.15872104154701, "cnt": 10446}, "GEOGRAFIE": {"medie": 7.826212398088312, "reusita": 87.95333145909474, "cnt": 14228}, "PSIHOLOGIE": {"medie": 7.6415873015872995, "reusita": 84.44444444444444, "cnt": 315}, "MATEMATICA ST-NAT": {"medie": 7.284611631537897, "reusita": 75.4488680718189, "cnt": 5124}, "ANATOMIE SI FIZIOLOGIE UMANA, GENETICA SI ECOLOGIE UMANA": {"medie": 7.85344827586206, "reusita": 82.32594729251343, "cnt": 7627}, "FIZICA TEO": {"medie": 8.250273348519364, "reusita": 88.04100227790433, "cnt": 878}, "FILOSOFIE": {"medie": 7.580769230769229, "reusita": 80.21978021978022, "cnt": 91}, "MATEMATICA TEHN": {"medie": 5.649768230247726, "reusita": 50.28365850283658, "cnt": 14454}, "FIZICA TEH": {"medie": 3.8751748251748266, "reusita": 23.976023976023978, "cnt": 1001}, "INFORMATICA SN C/C++": {"medie": 8.520491803278686, "reusita": 95.08196721311475, "cnt": 122}, "ECONOMIE": {"medie": 7.144219653179186, "reusita": 73.41040462427746, "cnt": 173}, "LOGICA, ARGUMENTARE SI COMUNICARE": {"medie": 8.253988813659081, "reusita": 90.90373859287607, "cnt": 3397}, "MATEMATICA PED": {"medie": 7.878380281690148, "reusita": 87.04225352112675, "cnt": 710}, "SOCIOLOGIE": {"medie": 8.521496815286625, "reusita": 96.4968152866242, "cnt": 314}, "INFORMATICA MI PASCAL": {"medie": 5.0, "reusita": 0.0, "cnt": 1}, "CHIMIE ANORGANICA TEH NIVEL I/II": {"medie": 5.048855054811204, "reusita": 36.17539585870889, "cnt": 821}, "CHIMIE ORGANICA TEH NIVEL I/II": {"medie": 4.990625000000001, "reusita": 36.93181818181818, "cnt": 176}}, "nume": "Ia\u0219i"}