{"specializari": {"MATEMATICA-INFORMATICA": 1052, "FILOLOGIE": 2031, "TEHNICIAN OPERATOR TEHNICA DE CALCUL": 243, "STIINTE ALE NATURII": 1674, "STIINTE SOCIALE": 176, "TEHNICIAN IN TURISM": 406, "TEHNICIAN IN AGROTURISM": 105, "TEHNICIAN IN HOTELARIE": 22, "TEHNICIAN IN ACTIVITATI ECONOMICE": 880, "TEHNICIAN IN GASTRONOMIE": 335, "TEHNICIAN MECATRONIST": 72, "TEHNICIAN TRANSPORTURI": 80, "TEHNICIAN IN SILVICULTURA SI EXPLOATARI FORESTIERE": 310, "LICEU CU PROGRAM SPORTIV": 968, "TEHNICIAN IN AGRICULTURA": 194, "TEHNICIAN ELECTRICIAN/ELECTRONIST AUTO": 92, "TEHNICIAN ECOLOG SI PROTECTIA CALITATII MEDIULUI": 53, "TEHNICIAN MECANIC PENTRU INTRETINERE SI REPARATII": 236, "TEHNICIAN DESENATOR PENTRU CONSTRUCTII SI INSTALATII": 163, "TEHNICIAN DE TELECOMUNICATII": 6, "TEHNICIAN VETERINAR": 168, "TEHNICIAN IN AUTOMATIZARI": 5, "COAFOR STILIST": 5, "TEHNICIAN IN INSTALATII ELECTRICE": 150, "TEHNICIAN ELECTROTEHNIST": 88, "TEHNICIAN IN ACTIVITATI DE POSTA": 6, "TEHNICIAN IN INDUSTRIA TEXTILA": 14, "TEHNICIAN ANALIZE PRODUSE ALIMENTARE": 5, "TEHNICIAN DESIGNER VESTIMENTAR": 4, "TEHNICIAN PROIECTANT CAD": 9, "TEHNICIAN IN AGRICULTURA ECOLOGICA": 83, "TEHNICIAN PENTRU TEHNICI ARTISTICE - PATRIMONIU": 157, "TEHNICIAN ELECTROMECANIC": 41, "TEHNICIAN IN CONSTRUCTII SI LUCRARI PUBLICE": 44, "TEHNICIAN IN INDUSTRIA ALIMENTARA": 32, "TEHNICIAN IN ACTIVITATI DE COMERT": 136, "TEHNICIAN INSTALATOR PENTRU CONSTRUCTII": 20, "TEHNICIAN IN ACHIZITII SI CONTRACTARI": 1, "TEHNICIAN PRELUCRARI LA CALD": 3, "TEHNICIAN POLIGRAF": 4, "TEHNICIAN AVIATIE": 2, "TEHNICIAN CHIMIST DE LABORATOR": 1, "TEHNICIAN METROLOG": 1, "ORGANIZATOR BANQUETING": 1, "TEHNICIAN ELECTRONIST": 1, "TEHNICIAN AGRONOM": 33, "TEHNICIAN PENTRU ANIMALE DE COMPANIE": 1, "TEHNICIAN IN MORARIT, PANIFICATIE SI PRODUSE FAINOASE": 1, "TEHNICIAN PRELUCRARI MECANICE": 2, "TEOLOGIE BAPTISTA": 2, "TEHNICIAN INSTALATII DE BORD (AVION)": 2, "INVATATOR - EDUCATOARE": 16}, "limba_moderna": {"LIMBA ENGLEZA": 9328, "LIMBA FRANCEZA": 625, "LIMBA SPANIOLA": 183}, "limba_materna": {"LIMBA ROMANA": 10136}, "promotie_anterioara": {"NU": 6816, "DA": 3320}, "materii": {"LIMBA ROMANA": {"medie": 5.117882794001579, "reusita": 33.69179163378058, "cnt": 10136}, "MATEMATICA MATE-INFO": {"medie": 5.494153992395447, "reusita": 42.68060836501901, "cnt": 1052}, "BIOLOGIE VEGETALA SI ANIMALA": {"medie": 4.192574931880109, "reusita": 27.547683923705723, "cnt": 3670}, "GENERAL": {"medie": 5.090788937121789, "reusita": 32.863062352012626, "cnt": 10136}, "CHIMIE ORGANICA TEO NIVEL I/II": {"medie": 7.696052631578947, "reusita": 89.47368421052632, "cnt": 38}, "INFORMATICA MI C/C++": {"medie": 6.179999999999999, "reusita": 60.0, "cnt": 40}, "CHIMIE ANORGANICA TEO NIVEL I/II": {"medie": 6.446313364055299, "reusita": 62.21198156682027, "cnt": 217}, "ISTORIE": {"medie": 5.754049190161959, "reusita": 38.60227954409118, "cnt": 3334}, "GEOGRAFIE": {"medie": 6.497435622317583, "reusita": 67.21030042918454, "cnt": 4660}, "PSIHOLOGIE": {"medie": 6.947058823529415, "reusita": 70.58823529411765, "cnt": 102}, "MATEMATICA ST-NAT": {"medie": 3.2074716078900223, "reusita": 15.540944411237298, "cnt": 1673}, "ANATOMIE SI FIZIOLOGIE UMANA, GENETICA SI ECOLOGIE UMANA": {"medie": 5.884437869822477, "reusita": 53.49112426035503, "cnt": 845}, "FIZICA TEO": {"medie": 7.0375, "reusita": 76.78571428571429, "cnt": 56}, "FILOSOFIE": {"medie": 6.957692307692308, "reusita": 69.23076923076923, "cnt": 13}, "MATEMATICA TEHN": {"medie": 3.946934252647138, "reusita": 22.285151440531887, "cnt": 4061}, "FIZICA TEH": {"medie": 3.373157894736843, "reusita": 11.578947368421053, "cnt": 95}, "ECONOMIE": {"medie": 5.410869565217392, "reusita": 52.17391304347826, "cnt": 23}, "LOGICA, ARGUMENTARE SI COMUNICARE": {"medie": 5.302702702702702, "reusita": 44.5945945945946, "cnt": 74}, "MATEMATICA PED": {"medie": 6.637499999999999, "reusita": 75.0, "cnt": 16}, "SOCIOLOGIE": {"medie": 6.43351851851852, "reusita": 59.62962962962963, "cnt": 270}, "INFORMATICA MI PASCAL": {"medie": 6.7, "reusita": 100.0, "cnt": 1}, "CHIMIE ANORGANICA TEH NIVEL I/II": {"medie": 3.368181818181819, "reusita": 9.090909090909092, "cnt": 22}, "CHIMIE ORGANICA TEH NIVEL I/II": {"medie": 3.725, "reusita": 10.0, "cnt": 10}}, "nume": "Ilfov"}