{"specializari": {"MATEMATICA-INFORMATICA": 4119, "STIINTE SOCIALE": 1603, "TEHNICIAN IN ACTIVITATI DE COMERT": 503, "TEHNICIAN MECANIC PENTRU INTRETINERE SI REPARATII": 176, "TEHNICIAN IN CONSTRUCTII SI LUCRARI PUBLICE": 19, "TEHNICIAN IN INDUSTRIA TEXTILA": 207, "FILOLOGIE": 4612, "ORGANIZATOR BANQUETING": 335, "TEHNICIAN MECATRONIST": 604, "TEHNICIAN IN ADMINISTRATIE": 337, "TEHNICIAN IN ACTIVITATI ECONOMICE": 1921, "TEHNICIAN ECOLOG SI PROTECTIA CALITATII MEDIULUI": 488, "TEHNICIAN ELECTROMECANIC": 119, "STIINTE ALE NATURII": 3338, "TEOLOGIE PENTICOSTALA": 154, "INVATATOR - EDUCATOARE": 620, "TEHNICIAN OPERATOR TEHNICA DE CALCUL": 703, "TEHNICIAN ANALIZE PRODUSE ALIMENTARE": 113, "TEHNICIAN IN INDUSTRIA ALIMENTARA": 5, "TEHNICIAN DESIGNER VESTIMENTAR": 440, "TEHNICIAN IN TURISM": 1322, "TEHNICIAN IN AUTOMATIZARI": 198, "TEHNICIAN DESENATOR PENTRU CONSTRUCTII SI INSTALATII": 205, "TEHNICIAN IN ACHIZITII SI CONTRACTARI": 75, "TEHNICIAN CHIMIST DE LABORATOR": 52, "LICEU CU PROGRAM SPORTIV": 898, "TEHNICIAN DESIGNER MOBILA SI AMENAJARI INTERIOARE": 147, "TEHNICIAN TRANSPORTURI": 393, "TEHNICIAN IN GASTRONOMIE": 180, "TEHNICIAN IN SILVICULTURA SI EXPLOATARI FORESTIERE": 216, "TEHNICIAN PROIECTANT CAD": 48, "TEHNICIAN ELECTROTEHNIST": 54, "TEHNICIAN ELECTRONIST": 130, "TEHNICIAN IN INSTALATII ELECTRICE": 199, "TEHNICIAN DE TELECOMUNICATII": 226, "TEHNICIAN IN HOTELARIE": 217, "TEHNICIAN METROLOG": 10, "TEOLOGIE ORTODOXA": 331, "COAFOR STILIST": 37, "TEHNICIAN AGRONOM": 50, "TEHNICIAN IN PRELUCRAREA LEMNULUI": 49, "TEHNICIAN PRELUCRARI MECANICE": 124, "TEHNICIAN IN CHIMIE INDUSTRIALA": 3, "TEHNICIAN IN AGRICULTURA": 6, "TEHNICIAN HORTICULTOR": 28, "ARHITECTURA, ARTE AMBIENTALE SI DESIGN": 203, "MUZICA": 199, "ARTE PLASTICE SI DECORATIVE": 200, "TEHNICIAN ELECTRICIAN/ELECTRONIST AUTO": 26, "INSTRUCTOR PENTRU ACTIVITATI EXTRASCOLARE": 28, "TEHNICIAN PROIECTANT PRODUSE FINITE DIN LEMN": 9, "EDUCATOR-PUERICULTOR": 132, "TEHNICIAN VETERINAR": 17, "TEHNICIAN PRELUCRARI PE MASINI CU COMANDA NUMERICA": 37, "TEOLOGIE GRECO-CATOLICA": 1, "TEHNICIAN POLIGRAF": 2, "TEHNICIAN AGROMONTAN": 1}, "limba_moderna": {"LIMBA ENGLEZA": 21538, "LIMBA FRANCEZA": 3995, "LIMBA SPANIOLA": 151, "LIMBA GERMANA MODERNA": 276, "LIMBA ITALIANA": 116, "LIMBA RUSA": 393}, "limba_materna": {"LIMBA MAGHIARA": 545, "LIMBA ROMANA": 25557, "LIMBA GERMANA": 72, "LIMBA UCRAINEANA": 295}, "promotie_anterioara": {"NU": 22217, "DA": 4252}, "materii": {"LIMBA ROMANA": {"medie": 6.462461747704953, "reusita": 61.67592277758887, "cnt": 26469}, "MATEMATICA MATE-INFO": {"medie": 7.6759164845836345, "reusita": 78.58703568827386, "cnt": 4119}, "BIOLOGIE VEGETALA SI ANIMALA": {"medie": 4.654469164715054, "reusita": 33.48946135831382, "cnt": 5124}, "GENERAL": {"medie": 6.480642229274511, "reusita": 61.075220068759684, "cnt": 26469}, "CHIMIE ORGANICA TEO NIVEL I/II": {"medie": 8.771031746031746, "reusita": 95.03968253968253, "cnt": 504}, "INFORMATICA MI C/C++": {"medie": 8.248797678275292, "reusita": 89.30348258706468, "cnt": 1206}, "CHIMIE ANORGANICA TEO NIVEL I/II": {"medie": 6.9614093959731544, "reusita": 67.78523489932886, "cnt": 149}, "ISTORIE": {"medie": 6.878315990910163, "reusita": 66.00885061595503, "cnt": 8361}, "GEOGRAFIE": {"medie": 7.02157790309105, "reusita": 76.00250626566417, "cnt": 9576}, "PSIHOLOGIE": {"medie": 7.209590792838873, "reusita": 77.49360613810742, "cnt": 391}, "MATEMATICA ST-NAT": {"medie": 6.038630916716582, "reusita": 55.03295386458957, "cnt": 3338}, "ANATOMIE SI FIZIOLOGIE UMANA, GENETICA SI ECOLOGIE UMANA": {"medie": 7.48080308030801, "reusita": 79.03190319031903, "cnt": 4545}, "FIZICA TEO": {"medie": 8.179613733905581, "reusita": 88.41201716738198, "cnt": 233}, "FILOSOFIE": {"medie": 6.907722007722009, "reusita": 65.63706563706563, "cnt": 259}, "MATEMATICA TEHN": {"medie": 4.882574020536364, "reusita": 37.27444920745688, "cnt": 10031}, "FIZICA TEH": {"medie": 3.955176470588234, "reusita": 25.176470588235293, "cnt": 425}, "LIMBA GERMANA": {"medie": 2.4666666666666663, "reusita": 6.944444444444445, "cnt": 72}, "INFORMATICA SN C/C++": {"medie": 6.515999999999999, "reusita": 60.0, "cnt": 25}, "ECONOMIE": {"medie": 6.596039603960392, "reusita": 73.26732673267327, "cnt": 101}, "LOGICA, ARGUMENTARE SI COMUNICARE": {"medie": 8.075818072650842, "reusita": 88.29180426298409, "cnt": 3331}, "MATEMATICA PED": {"medie": 6.045241935483876, "reusita": 58.70967741935483, "cnt": 620}, "SOCIOLOGIE": {"medie": 7.700803212851402, "reusita": 85.14056224899599, "cnt": 249}, "INFORMATICA MI PASCAL": {"medie": 8.114135021097042, "reusita": 89.0295358649789, "cnt": 237}, "CHIMIE ANORGANICA TEH NIVEL I/II": {"medie": 4.0902912621359215, "reusita": 12.62135922330097, "cnt": 103}, "LIMBA MAGHIARA (REAL)": {"medie": 7.313623188405796, "reusita": 79.13043478260869, "cnt": 345}, "CHIMIE ORGANICA TEH NIVEL I/II": {"medie": 4.0625, "reusita": 12.5, "cnt": 8}, "LIMBA MAGHIARA (UMAN)": {"medie": 6.737999999999997, "reusita": 66.5, "cnt": 200}, "INFORMATICA SN PASCAL": {"medie": 7.633333333333333, "reusita": 100.0, "cnt": 3}, "LIMBA UCRAINEANA": {"medie": 7.098881355932201, "reusita": 78.64406779661017, "cnt": 295}}, "nume": "Maramure\u0219"}