{"specializari": {"MATEMATICA-INFORMATICA": 3275, "TEHNICIAN MECANIC PENTRU INTRETINERE SI REPARATII": 909, "TEHNICIAN ECOLOG SI PROTECTIA CALITATII MEDIULUI": 310, "STIINTE ALE NATURII": 1456, "TEHNICIAN IN INDUSTRIA ALIMENTARA": 67, "TEHNICIAN IN INSTALATII ELECTRICE": 788, "ARTE PLASTICE SI DECORATIVE": 126, "MUZICA": 106, "LICEU CU PROGRAM SPORTIV": 427, "TEHNICIAN ELECTRICIAN/ELECTRONIST AUTO": 80, "FILOLOGIE": 1955, "TEHNICIAN MECATRONIST": 167, "INVATATOR - EDUCATOARE": 406, "TEHNICIAN OPERATOR TEHNICA DE CALCUL": 134, "TEHNICIAN IN AUTOMATIZARI": 90, "STIINTE SOCIALE": 1119, "TEHNICIAN TRANSPORTURI": 148, "TEHNICIAN IN ADMINISTRATIE": 182, "TEHNICIAN DE TELECOMUNICATII": 140, "TEHNICIAN ELECTRONIST": 68, "TEHNICIAN IN AGROTURISM": 108, "TEHNICIAN PRELUCRARI LA CALD": 74, "TEHNICIAN IN AGRICULTURA": 12, "TEHNICIAN IN GASTRONOMIE": 114, "TEHNICIAN VETERINAR": 39, "TEHNICIAN IN ACTIVITATI ECONOMICE": 671, "TEHNICIAN IN ACTIVITATI DE COMERT": 20, "TEHNICIAN IN ACHIZITII SI CONTRACTARI": 362, "TEHNICIAN IN TURISM": 629, "TEHNICIAN CHIMIST DE LABORATOR": 126, "TEHNICIAN DESIGNER MOBILA SI AMENAJARI INTERIOARE": 75, "TEHNICIAN DESENATOR PENTRU CONSTRUCTII SI INSTALATII": 53, "TEHNICIAN DESIGNER VESTIMENTAR": 2, "TEHNICIAN IN PRELUCRAREA LEMNULUI": 5, "TEHNICIAN PRELUCRARI MECANICE": 173, "TEHNICIAN IN CHIMIE INDUSTRIALA": 2, "TEHNICIAN IN HOTELARIE": 9, "BIBLIOTECAR DOCUMENTARIST": 5, "TEHNICIAN ANALIZE PRODUSE ALIMENTARE": 3, "COAFOR STILIST": 32, "TEHNICIAN IN CONSTRUCTII SI LUCRARI PUBLICE": 13, "TEHNICIAN PROIECTANT CAD": 27, "TEHNICIAN OPERATOR TELEMATICA": 37, "TEHNICIAN IN ACTIVITATI DE POSTA": 1, "TEHNICIAN IN SILVICULTURA SI EXPLOATARI FORESTIERE": 2, "TEHNICIAN ELECTROTEHNIST": 1, "TEHNICIAN AGROMONTAN": 1, "ORGANIZATOR BANQUETING": 1, "TEOLOGIE BAPTISTA": 2, "TEHNICIAN INSTALATOR PENTRU CONSTRUCTII": 1}, "limba_moderna": {"LIMBA FRANCEZA": 2153, "LIMBA ENGLEZA": 12327, "LIMBA SPANIOLA": 57, "LIMBA GERMANA MODERNA": 15, "LIMBA ITALIANA": 1}, "limba_materna": {"LIMBA ROMANA": 14553}, "promotie_anterioara": {"NU": 11698, "DA": 2855}, "materii": {"LIMBA ROMANA": {"medie": 5.98499622071055, "reusita": 52.79323850752422, "cnt": 14553}, "MATEMATICA MATE-INFO": {"medie": 6.149694563225397, "reusita": 57.57483200977398, "cnt": 3274}, "BIOLOGIE VEGETALA SI ANIMALA": {"medie": 3.2721729208924986, "reusita": 15.136916835699799, "cnt": 3944}, "GENERAL": {"medie": 5.751475068141716, "reusita": 48.98646327217756, "cnt": 14553}, "CHIMIE ORGANICA TEO NIVEL I/II": {"medie": 8.186329588014987, "reusita": 88.76404494382022, "cnt": 267}, "INFORMATICA MI C/C++": {"medie": 8.174999999999994, "reusita": 91.0377358490566, "cnt": 212}, "CHIMIE ANORGANICA TEO NIVEL I/II": {"medie": 8.077499999999997, "reusita": 92.5, "cnt": 80}, "ISTORIE": {"medie": 6.960026737967911, "reusita": 67.67379679144385, "cnt": 3740}, "GEOGRAFIE": {"medie": 7.097581986143177, "reusita": 76.76674364896073, "cnt": 4330}, "PSIHOLOGIE": {"medie": 7.255384615384616, "reusita": 80.0, "cnt": 65}, "MATEMATICA ST-NAT": {"medie": 4.756314344543584, "reusita": 36.513383665065206, "cnt": 1457}, "ANATOMIE SI FIZIOLOGIE UMANA, GENETICA SI ECOLOGIE UMANA": {"medie": 6.522457485828598, "reusita": 64.28809603201067, "cnt": 2999}, "FIZICA TEO": {"medie": 8.509130434782618, "reusita": 91.47826086956522, "cnt": 575}, "FILOSOFIE": {"medie": 6.628571428571428, "reusita": 57.14285714285714, "cnt": 7}, "MATEMATICA TEHN": {"medie": 3.439142001409442, "reusita": 18.375616631430585, "cnt": 5676}, "FIZICA TEH": {"medie": 2.9164473684210535, "reusita": 10.526315789473683, "cnt": 228}, "ECONOMIE": {"medie": 7.116406250000003, "reusita": 68.75, "cnt": 128}, "LOGICA, ARGUMENTARE SI COMUNICARE": {"medie": 8.058762886597945, "reusita": 86.73539518900344, "cnt": 1455}, "MATEMATICA PED": {"medie": 7.50874384236453, "reusita": 76.84729064039408, "cnt": 406}, "SOCIOLOGIE": {"medie": 7.594198895027621, "reusita": 83.97790055248619, "cnt": 181}, "INFORMATICA MI PASCAL": {"medie": 7.513333333333333, "reusita": 86.66666666666667, "cnt": 15}, "CHIMIE ANORGANICA TEH NIVEL I/II": {"medie": 5.775, "reusita": 36.95652173913043, "cnt": 46}, "CHIMIE ORGANICA TEH NIVEL I/II": {"medie": 5.307142857142857, "reusita": 42.857142857142854, "cnt": 21}}, "nume": "Mehedin\u021bi"}