{"specializari": {"MATEMATICA-INFORMATICA": 2978, "TEHNICIAN IN INDUSTRIA TEXTILA": 74, "TEHNICIAN IN ACTIVITATI ECONOMICE": 1082, "STIINTE ALE NATURII": 4724, "TEHNICIAN IN INSTALATII ELECTRICE": 655, "TEHNICIAN IN SILVICULTURA SI EXPLOATARI FORESTIERE": 392, "FILOLOGIE": 3381, "LICEU CU PROGRAM SPORTIV": 745, "TEHNICIAN IN ADMINISTRATIE": 798, "STIINTE SOCIALE": 2535, "TEHNICIAN DE TELECOMUNICATII": 71, "TEHNICIAN ELECTRICIAN/ELECTRONIST AUTO": 303, "TEHNICIAN IN GASTRONOMIE": 596, "TEHNICIAN IN AGROTURISM": 179, "TEHNICIAN ECOLOG SI PROTECTIA CALITATII MEDIULUI": 492, "TEHNICIAN MECANIC PENTRU INTRETINERE SI REPARATII": 357, "TEHNICIAN IN AUTOMATIZARI": 336, "COAFOR STILIST": 223, "TEHNICIAN MECATRONIST": 186, "TEHNICIAN IN ACTIVITATI DE COMERT": 547, "TEHNICIAN TRANSPORTURI": 597, "TEHNICIAN INSTALATOR PENTRU CONSTRUCTII": 11, "INVATATOR - EDUCATOARE": 542, "TEHNICIAN ELECTROMECANIC": 157, "TEHNICIAN ANALIZE PRODUSE ALIMENTARE": 238, "TEHNICIAN IN INDUSTRIA ALIMENTARA": 245, "ARTE PLASTICE SI DECORATIVE": 314, "TEHNICIAN IN TURISM": 965, "TEHNICIAN IN AGRICULTURA": 88, "TEOLOGIE REFORMATA": 225, "TEHNICIAN OPERATOR TEHNICA DE CALCUL": 425, "MUZICA": 257, "TEHNICIAN IN PRELUCRAREA LEMNULUI": 180, "TEHNICIAN PROIECTANT PRODUSE FINITE DIN LEMN": 109, "TEHNICIAN DESIGNER VESTIMENTAR": 94, "TEHNICIAN IN INDUSTRIA STICLEI SI CERAMICII": 21, "TEHNICIAN VETERINAR": 149, "TEHNICIAN DESIGNER MOBILA SI AMENAJARI INTERIOARE": 55, "TEHNICIAN IN CONSTRUCTII SI LUCRARI PUBLICE": 53, "TEHNICIAN IN CHIMIE INDUSTRIALA": 38, "TEOLOGIE ROMANO-CATOLICA": 146, "TEHNICIAN IN INDUSTRIA MATERIALELOR DE CONSTRUCTII": 5, "TEHNICIAN ELECTROTEHNIST": 28, "TEHNICIAN PROIECTANT CAD": 209, "TEHNICIAN OPERATOR PROCESARE TEXT IMAGINE": 35, "TEHNICIAN CHIMIST DE LABORATOR": 52, "TEHNICIAN IN HOTELARIE": 286, "TEHNICIAN AGROMONTAN": 8, "TEHNICIAN DESENATOR PENTRU CONSTRUCTII SI INSTALATII": 47, "TEOLOGIE ORTODOXA": 1, "ARHITECTURA, ARTE AMBIENTALE SI DESIGN": 40, "TEHNICIAN VETERINAR PENTRU ANIMALE DE COMPANIE": 1, "TEHNICIAN HIDRO-METEOROLOG": 38, "TEHNICIAN ZOOTEHNIST": 1, "INSTRUCTOR PENTRU ACTIVITATI EXTRASCOLARE": 84, "ARTA ACTORULUI": 52, "EDUCATOR-PUERICULTOR": 62, "ORGANIZATOR BANQUETING": 102}, "limba_moderna": {"LIMBA ENGLEZA": 24061, "LIMBA FRANCEZA": 1530, "LIMBA GERMANA MODERNA": 921, "LIMBA ITALIANA": 102}, "limba_materna": {"LIMBA ROMANA": 18160, "LIMBA MAGHIARA": 8095, "LIMBA GERMANA": 359}, "promotie_anterioara": {"NU": 22366, "DA": 4248}, "materii": {"LIMBA ROMANA": {"medie": 6.275467047418708, "reusita": 57.60877733523709, "cnt": 26614}, "MATEMATICA MATE-INFO": {"medie": 7.474429147078561, "reusita": 76.59503022162525, "cnt": 2978}, "BIOLOGIE VEGETALA SI ANIMALA": {"medie": 4.698066205740611, "reusita": 33.270479782107685, "cnt": 4773}, "GENERAL": {"medie": 6.577382298790146, "reusita": 61.230931088900576, "cnt": 26614}, "CHIMIE ORGANICA TEO NIVEL I/II": {"medie": 8.114751552795038, "reusita": 88.81987577639751, "cnt": 644}, "INFORMATICA MI C/C++": {"medie": 8.337431693989084, "reusita": 92.56830601092896, "cnt": 915}, "CHIMIE ANORGANICA TEO NIVEL I/II": {"medie": 7.725892857142855, "reusita": 83.92857142857143, "cnt": 56}, "ISTORIE": {"medie": 6.975709002805419, "reusita": 68.13312930374904, "cnt": 7842}, "GEOGRAFIE": {"medie": 7.474051055385208, "reusita": 84.1511816705755, "cnt": 11086}, "PSIHOLOGIE": {"medie": 6.818818681318683, "reusita": 68.4065934065934, "cnt": 364}, "MATEMATICA ST-NAT": {"medie": 7.263378492802728, "reusita": 74.32260795935647, "cnt": 4724}, "ANATOMIE SI FIZIOLOGIE UMANA, GENETICA SI ECOLOGIE UMANA": {"medie": 7.5016290909090975, "reusita": 77.61818181818182, "cnt": 5500}, "FIZICA TEO": {"medie": 8.546291866028707, "reusita": 91.86602870813397, "cnt": 418}, "FILOSOFIE": {"medie": 7.736428571428569, "reusita": 91.42857142857143, "cnt": 70}, "MATEMATICA TEHN": {"medie": 4.917026025835871, "reusita": 37.35752279635258, "cnt": 10528}, "FIZICA TEH": {"medie": 4.642784380305606, "reusita": 33.95585738539898, "cnt": 589}, "LIMBA GERMANA": {"medie": 7.998746518105854, "reusita": 91.08635097493037, "cnt": 359}, "INFORMATICA SN C/C++": {"medie": 7.745238095238096, "reusita": 87.3015873015873, "cnt": 63}, "ECONOMIE": {"medie": 7.232758620689654, "reusita": 74.13793103448276, "cnt": 58}, "LOGICA, ARGUMENTARE SI COMUNICARE": {"medie": 8.25892080069627, "reusita": 89.46910356832028, "cnt": 1149}, "MATEMATICA PED": {"medie": 7.344372693726939, "reusita": 76.93726937269373, "cnt": 542}, "SOCIOLOGIE": {"medie": 7.8833984374999995, "reusita": 87.109375, "cnt": 256}, "INFORMATICA MI PASCAL": {"medie": 8.339860139860132, "reusita": 93.00699300699301, "cnt": 286}, "CHIMIE ANORGANICA TEH NIVEL I/II": {"medie": 4.168844221105526, "reusita": 19.597989949748744, "cnt": 199}, "LIMBA MAGHIARA (REAL)": {"medie": 7.298717632552393, "reusita": 80.97586753567025, "cnt": 5677}, "CHIMIE ORGANICA TEH NIVEL I/II": {"medie": 5.274301675977653, "reusita": 40.22346368715084, "cnt": 179}, "LIMBA MAGHIARA (UMAN)": {"medie": 7.3589950372208435, "reusita": 82.96112489660877, "cnt": 2418}, "INFORMATICA SN PASCAL": {"medie": 7.838888888888889, "reusita": 77.77777777777779, "cnt": 9}}, "nume": "Mure\u0219"}