{"specializari": {"INVATATOR - EDUCATOARE": 488, "TEHNICIAN IN ACTIVITATI ECONOMICE": 2335, "TEHNICIAN IN ACHIZITII SI CONTRACTARI": 315, "TEHNICIAN IN TURISM": 1060, "MATEMATICA-INFORMATICA": 4310, "TEHNICIAN IN ACTIVITATI DE COMERT": 148, "COAFOR STILIST": 191, "TEHNICIAN IN GASTRONOMIE": 538, "ORGANIZATOR BANQUETING": 224, "TEHNICIAN IN HOTELARIE": 168, "LICEU CU PROGRAM SPORTIV": 1264, "STIINTE SOCIALE": 2112, "TEHNICIAN DESENATOR PENTRU CONSTRUCTII SI INSTALATII": 236, "TEOLOGIE ORTODOXA": 587, "TEOLOGIE ROMANO-CATOLICA": 186, "TEHNICIAN ECOLOG SI PROTECTIA CALITATII MEDIULUI": 1664, "TEHNICIAN OPERATOR TEHNICA DE CALCUL": 1191, "FILOLOGIE": 2464, "TEHNICIAN IN PRELUCRAREA LEMNULUI": 251, "TEHNICIAN MECANIC PENTRU INTRETINERE SI REPARATII": 491, "TEHNICIAN IN ADMINISTRATIE": 207, "TEHNICIAN ANALIZE PRODUSE ALIMENTARE": 528, "TEHNICIAN ELECTRICIAN/ELECTRONIST AUTO": 138, "TEHNICIAN IN AGRICULTURA": 46, "TEHNICIAN DESIGNER VESTIMENTAR": 239, "TEHNICIAN IN SILVICULTURA SI EXPLOATARI FORESTIERE": 585, "STIINTE ALE NATURII": 2058, "TEHNICIAN IN CONSTRUCTII SI LUCRARI PUBLICE": 102, "TEHNICIAN IN INDUSTRIA ALIMENTARA": 164, "TEHNICIAN AGROMONTAN": 87, "TEHNICIAN IN INSTALATII ELECTRICE": 682, "TEHNICIAN DE TELECOMUNICATII": 172, "TEHNICIAN IN INDUSTRIA TEXTILA": 299, "TEHNICIAN CHIMIST DE LABORATOR": 130, "TEHNICIAN MECATRONIST": 222, "TEHNICIAN IN AUTOMATIZARI": 140, "TEHNICIAN VETERINAR": 71, "TEHNICIAN TRANSPORTURI": 305, "TEHNICIAN PROIECTANT PRODUSE FINITE DIN LEMN": 29, "TEHNICIAN PRELUCRARI PE MASINI CU COMANDA NUMERICA": 28, "MUZICA BISERICEASCA": 8, "TEHNICIAN IN AGROTURISM": 93, "TEHNICIAN ELECTROTEHNIST": 25, "TEHNICIAN VETERINAR PENTRU ANIMALE DE COMPANIE": 7, "PATRIMONIU CULTURAL": 154, "TEHNICIAN DESIGNER MOBILA SI AMENAJARI INTERIOARE": 5, "INSTRUCTOR PENTRU ACTIVITATI EXTRASCOLARE": 4, "TEHNICIAN OPERATOR PROCESARE TEXT IMAGINE": 2, "TEHNICIAN PRELUCRARI MECANICE": 91, "TEHNICIAN IN INDUSTRIA MATERIALELOR DE CONSTRUCTII": 29, "TEHNICIAN IN CHIMIE INDUSTRIALA": 4, "ARTE PLASTICE SI DECORATIVE": 203, "MUZICA": 234, "TEHNICIAN ELECTRONIST": 4, "TEHNICIAN ELECTROMECANIC": 36, "GHID TURISM RELIGIOS": 154, "TEHNICIAN AGRONOM": 9, "TEHNICIAN INSTALATOR PENTRU CONSTRUCTII": 1, "PEDAGOG SCOLAR": 1, "TEOLOGIE ADVENTISTA": 1}, "limba_moderna": {"LIMBA ENGLEZA": 24716, "LIMBA FRANCEZA": 2763, "LIMBA GERMANA MODERNA": 40, "LIMBA SPANIOLA": 1}, "limba_materna": {"LIMBA ROMANA": 27520}, "promotie_anterioara": {"NU": 24461, "DA": 3059}, "materii": {"LIMBA ROMANA": {"medie": 6.5640490552325765, "reusita": 63.25218023255814, "cnt": 27520}, "MATEMATICA MATE-INFO": {"medie": 8.258294663573066, "reusita": 87.9582366589327, "cnt": 4310}, "BIOLOGIE VEGETALA SI ANIMALA": {"medie": 4.268266405484818, "reusita": 27.7179236043095, "cnt": 4084}, "GENERAL": {"medie": 6.676744549418563, "reusita": 65.39970930232558, "cnt": 27520}, "CHIMIE ORGANICA TEO NIVEL I/II": {"medie": 9.124856596558319, "reusita": 98.66156787762907, "cnt": 523}, "INFORMATICA MI C/C++": {"medie": 8.665064319566698, "reusita": 94.10968178740691, "cnt": 1477}, "CHIMIE ANORGANICA TEO NIVEL I/II": {"medie": 7.463461538461536, "reusita": 84.61538461538461, "cnt": 26}, "ISTORIE": {"medie": 7.236638632664136, "reusita": 70.49647314161693, "cnt": 7372}, "GEOGRAFIE": {"medie": 7.481489267537091, "reusita": 82.36335472449657, "cnt": 9038}, "PSIHOLOGIE": {"medie": 7.567331288343559, "reusita": 83.12883435582822, "cnt": 326}, "MATEMATICA ST-NAT": {"medie": 7.652065111758989, "reusita": 80.36929057337221, "cnt": 2058}, "ANATOMIE SI FIZIOLOGIE UMANA, GENETICA SI ECOLOGIE UMANA": {"medie": 7.067998454404942, "reusita": 70.86553323029366, "cnt": 6470}, "FIZICA TEO": {"medie": 8.306559571619815, "reusita": 90.76305220883533, "cnt": 747}, "FILOSOFIE": {"medie": 7.748850574712646, "reusita": 78.16091954022988, "cnt": 87}, "MATEMATICA TEHN": {"medie": 5.248412578994915, "reusita": 43.95877219380078, "cnt": 13292}, "FIZICA TEH": {"medie": 5.348517940717621, "reusita": 43.6817472698908, "cnt": 641}, "INFORMATICA SN C/C++": {"medie": 9.020370370370372, "reusita": 96.29629629629629, "cnt": 27}, "ECONOMIE": {"medie": 7.708571428571427, "reusita": 81.42857142857143, "cnt": 140}, "LOGICA, ARGUMENTARE SI COMUNICARE": {"medie": 7.904395604395591, "reusita": 85.54258241758241, "cnt": 2912}, "MATEMATICA PED": {"medie": 7.7286885245901695, "reusita": 86.68032786885246, "cnt": 488}, "SOCIOLOGIE": {"medie": 7.910589318600368, "reusita": 85.2670349907919, "cnt": 543}, "INFORMATICA MI PASCAL": {"medie": 8.533333333333333, "reusita": 100.0, "cnt": 3}, "CHIMIE ANORGANICA TEH NIVEL I/II": {"medie": 4.7717213114754085, "reusita": 32.51366120218579, "cnt": 366}, "CHIMIE ORGANICA TEH NIVEL I/II": {"medie": 5.817727272727271, "reusita": 58.18181818181818, "cnt": 110}}, "nume": "Neam\u021b"}