{"specializari": {"FILOLOGIE": 4578, "TEHNICIAN MECATRONIST": 424, "TEHNICIAN DESENATOR PENTRU CONSTRUCTII SI INSTALATII": 73, "TEHNICIAN IN INDUSTRIA ALIMENTARA": 381, "TEHNICIAN ELECTROTEHNIST": 205, "TEHNICIAN OPERATOR TEHNICA DE CALCUL": 234, "TEHNICIAN IN AUTOMATIZARI": 223, "TEHNICIAN TRANSPORTURI": 300, "TEHNICIAN ELECTRICIAN/ELECTRONIST AUTO": 293, "TEHNICIAN PROIECTANT CAD": 73, "MATEMATICA-INFORMATICA": 4015, "TEHNICIAN IN INSTALATII ELECTRICE": 356, "TEHNICIAN IN ACTIVITATI ECONOMICE": 1687, "TEHNICIAN AGRONOM": 115, "TEHNICIAN VETERINAR": 77, "TEHNICIAN ECOLOG SI PROTECTIA CALITATII MEDIULUI": 477, "TEHNICIAN IN AGRICULTURA": 452, "INVATATOR - EDUCATOARE": 382, "STIINTE ALE NATURII": 2566, "TEHNICIAN IN HOTELARIE": 277, "TEHNICIAN MECANIC PENTRU INTRETINERE SI REPARATII": 551, "ARTE PLASTICE SI DECORATIVE": 173, "TEHNICIAN IN ACTIVITATI DE COMERT": 558, "STIINTE SOCIALE": 2032, "TEHNICIAN ANALIZE PRODUSE ALIMENTARE": 14, "TEHNICIAN DESIGNER VESTIMENTAR": 283, "TEHNICIAN INSTALATOR PENTRU CONSTRUCTII": 83, "TEHNICIAN DE TELECOMUNICATII": 44, "TEHNICIAN IN AGRICULTURA ECOLOGICA": 183, "TEHNICIAN IN INDUSTRIA TEXTILA": 180, "COAFOR STILIST": 504, "TEHNICIAN IN SILVICULTURA SI EXPLOATARI FORESTIERE": 1, "TEHNICIAN IN CONSTRUCTII SI LUCRARI PUBLICE": 70, "LICEU CU PROGRAM SPORTIV": 484, "TEHNICIAN ZOOTEHNIST": 15, "TEHNICIAN ELECTROMECANIC": 4, "TEHNICIAN IN ACHIZITII SI CONTRACTARI": 31, "TEHNICIAN IN TURISM": 27, "TEHNICIAN IN ADMINISTRATIE": 28, "TEHNICIAN IN CHIMIE INDUSTRIALA": 19, "TEHNICIAN IN GASTRONOMIE": 318, "TEHNICIAN ELECTRONIST": 19, "TEHNICIAN METROLOG": 6, "TEHNICIAN PRELUCRARI LA CALD": 14, "INSTRUCTOR PENTRU ACTIVITATI EXTRASCOLARE": 2, "MUZICA": 1, "TEHNICIAN PRELUCRARI MECANICE": 29, "TEHNICIAN AGROMONTAN": 1, "TEHNICIAN IN PRELUCRAREA LEMNULUI": 18, "TEHNICIAN IN AGROTURISM": 6, "TEHNICIAN CHIMIST DE LABORATOR": 12, "TEHNICIAN PRELUCRARI PE MASINI CU COMANDA NUMERICA": 8, "ARHITECTURA, ARTE AMBIENTALE SI DESIGN": 8, "TEHNICIAN VETERINAR PENTRU ANIMALE DE COMPANIE": 1, "TEHNICIAN IN INDUSTRIA PIELARIEI": 11, "ORGANIZATOR BANQUETING": 3}, "limba_moderna": {"LIMBA ENGLEZA": 19972, "LIMBA FRANCEZA": 2817, "LIMBA SPANIOLA": 110, "LIMBA GERMANA MODERNA": 30}, "limba_materna": {"LIMBA ROMANA": 22929}, "promotie_anterioara": {"NU": 19005, "DA": 3924}, "materii": {"LIMBA ROMANA": {"medie": 6.34035762571421, "reusita": 59.557765275415406, "cnt": 22929}, "MATEMATICA MATE-INFO": {"medie": 7.199800747197999, "reusita": 71.5815691158157, "cnt": 4015}, "BIOLOGIE VEGETALA SI ANIMALA": {"medie": 3.724130489972064, "reusita": 22.01066260472201, "cnt": 3939}, "GENERAL": {"medie": 6.151774753950598, "reusita": 55.57590823847529, "cnt": 22929}, "CHIMIE ORGANICA TEO NIVEL I/II": {"medie": 8.707399999999998, "reusita": 96.39999999999999, "cnt": 250}, "INFORMATICA MI C/C++": {"medie": 8.311942675159237, "reusita": 90.12738853503186, "cnt": 314}, "CHIMIE ANORGANICA TEO NIVEL I/II": {"medie": 6.440384615384616, "reusita": 57.692307692307686, "cnt": 26}, "ISTORIE": {"medie": 6.893528441879608, "reusita": 64.48200054960154, "cnt": 7278}, "GEOGRAFIE": {"medie": 7.169692962281506, "reusita": 76.28794848206071, "cnt": 8696}, "PSIHOLOGIE": {"medie": 7.744736842105259, "reusita": 84.21052631578947, "cnt": 152}, "MATEMATICA ST-NAT": {"medie": 6.000097427903363, "reusita": 54.71551052221356, "cnt": 2566}, "ANATOMIE SI FIZIOLOGIE UMANA, GENETICA SI ECOLOGIE UMANA": {"medie": 6.532315261431592, "reusita": 63.843333976461516, "cnt": 5183}, "FIZICA TEO": {"medie": 8.268234113712378, "reusita": 87.49163879598663, "cnt": 1495}, "FILOSOFIE": {"medie": 6.117999999999999, "reusita": 64.0, "cnt": 25}, "MATEMATICA TEHN": {"medie": 3.575080570902388, "reusita": 20.15423572744015, "cnt": 8688}, "FIZICA TEH": {"medie": 2.8365242165242135, "reusita": 9.401709401709402, "cnt": 351}, "INFORMATICA SN C/C++": {"medie": 7.450000000000001, "reusita": 70.58823529411765, "cnt": 17}, "ECONOMIE": {"medie": 7.665405405405408, "reusita": 84.86486486486487, "cnt": 185}, "LOGICA, ARGUMENTARE SI COMUNICARE": {"medie": 7.8613462669018155, "reusita": 84.47971781305115, "cnt": 1701}, "MATEMATICA PED": {"medie": 7.474083769633509, "reusita": 79.31937172774869, "cnt": 382}, "SOCIOLOGIE": {"medie": 7.014520958083835, "reusita": 70.95808383233533, "cnt": 334}, "INFORMATICA MI PASCAL": {"medie": 7.143589743589742, "reusita": 83.07692307692308, "cnt": 195}, "CHIMIE ANORGANICA TEH NIVEL I/II": {"medie": 3.0735294117647065, "reusita": 15.686274509803921, "cnt": 51}, "CHIMIE ORGANICA TEH NIVEL I/II": {"medie": 4.640000000000001, "reusita": 40.0, "cnt": 15}}, "nume": "Olt"}