{"specializari": {"TEHNICIAN IN ACTIVITATI ECONOMICE": 2705, "TEHNICIAN IN ADMINISTRATIE": 497, "MATEMATICA-INFORMATICA": 9001, "STIINTE ALE NATURII": 3976, "TEHNICIAN TRANSPORTURI": 196, "FILOLOGIE": 5257, "STIINTE SOCIALE": 1868, "TEHNICIAN IN HOTELARIE": 178, "TEHNICIAN ECOLOG SI PROTECTIA CALITATII MEDIULUI": 907, "TEHNICIAN MECATRONIST": 987, "TEHNICIAN PROIECTANT CAD": 220, "TEHNICIAN MECANIC PENTRU INTRETINERE SI REPARATII": 992, "TEHNICIAN IN INSTALATII ELECTRICE": 480, "TEHNICIAN IN ACTIVITATI DE COMERT": 1077, "TEHNICIAN IN TURISM": 1697, "TEHNICIAN OPERATOR TEHNICA DE CALCUL": 31, "TEHNICIAN IN INDUSTRIA ALIMENTARA": 415, "TEHNICIAN ELECTRICIAN/ELECTRONIST AUTO": 100, "TEHNICIAN IN INDUSTRIA TEXTILA": 312, "TEHNICIAN IN AGRICULTURA": 51, "TEHNICIAN PRELUCRARI MECANICE": 49, "TEHNICIAN IN AUTOMATIZARI": 637, "TEHNICIAN IN PRELUCRAREA LEMNULUI": 188, "TEHNICIAN ELECTROTEHNIST": 684, "TEHNICIAN HORTICULTOR": 29, "TEHNICIAN AGROMONTAN": 82, "TEHNICIAN IN GASTRONOMIE": 604, "TEHNICIAN DESIGNER MOBILA SI AMENAJARI INTERIOARE": 403, "TEHNICIAN IN IND. ALIM. FERMENTATIVA SI IN PREL. LEGUMELOR SI FRUCTELOR": 86, "TEHNICIAN IN MORARIT, PANIFICATIE SI PRODUSE FAINOASE": 14, "TEHNICIAN PENTRU ANIMALE DE COMPANIE": 33, "TEHNICIAN IN PRELUCRAREA PRODUSELOR DE ORIGINE ANIMALA": 33, "LICEU CU PROGRAM SPORTIV": 346, "ORGANIZATOR BANQUETING": 333, "TEHNICIAN INSTALATOR PENTRU CONSTRUCTII": 316, "TEHNICIAN DE TELECOMUNICATII": 193, "TEHNICIAN PRELUCRARI LA CALD": 20, "TEHNICIAN ANALIZE PRODUSE ALIMENTARE": 321, "TEHNICIAN METROLOG": 2, "TEHNICIAN CHIMIST DE LABORATOR": 188, "COAFOR STILIST": 290, "TEHNICIAN ELECTROMECANIC": 190, "TEHNICIAN IN CHIMIE INDUSTRIALA": 133, "TEHNICIAN IN CONSTRUCTII SI LUCRARI PUBLICE": 300, "TEHNICIAN VETERINAR": 55, "TEHNICIAN ELECTRONIST": 284, "TEHNICIAN ZOOTEHNIST": 6, "TEHNICIAN IN AGROTURISM": 25, "TEHNICIAN IN SILVICULTURA SI EXPLOATARI FORESTIERE": 234, "TEHNICIAN AGRONOM": 3, "TEHNICIAN IN INDUSTRIA STICLEI SI CERAMICII": 1, "TEHNICIAN IN INDUSTRIA MATERIALELOR DE CONSTRUCTII": 49, "INVATATOR - EDUCATOARE": 319, "TEHNICIAN DESIGNER VESTIMENTAR": 123, "MUZICA": 178, "ARTE PLASTICE SI DECORATIVE": 199, "ARHITECTURA, ARTE AMBIENTALE SI DESIGN": 206, "TEHNICIAN DESENATOR PENTRU CONSTRUCTII SI INSTALATII": 271, "TEHNICIAN IN ACHIZITII SI CONTRACTARI": 454, "TEHNICIAN ENERGETICIAN": 234, "TEHNICIAN IN AGRICULTURA ECOLOGICA": 11, "TEHNICIAN MULTIMEDIA": 31, "TEHNICIAN IN INDUSTRIA PIELARIEI": 5, "TEHNICIAN PROIECTANT PRODUSE FINITE DIN LEMN": 28, "TEHNICIAN HIDRO-METEOROLOG": 25}, "limba_moderna": {"LIMBA ENGLEZA": 34255, "LIMBA FRANCEZA": 4645, "LIMBA GERMANA MODERNA": 109, "LIMBA SPANIOLA": 150, "LIMBA RUSA": 3}, "limba_materna": {"LIMBA ROMANA": 39162}, "promotie_anterioara": {"DA": 6001, "NU": 33161}, "materii": {"LIMBA ROMANA": {"medie": 6.930263520759935, "reusita": 68.90608242684235, "cnt": 39162}, "MATEMATICA MATE-INFO": {"medie": 7.945400511054329, "reusita": 82.3130763248528, "cnt": 9001}, "BIOLOGIE VEGETALA SI ANIMALA": {"medie": 5.372015849430392, "reusita": 43.14016840019812, "cnt": 12114}, "GENERAL": {"medie": 6.92655567471874, "reusita": 69.04652469230376, "cnt": 39162}, "CHIMIE ORGANICA TEO NIVEL I/II": {"medie": 8.697138934651273, "reusita": 95.33223503569467, "cnt": 1821}, "INFORMATICA MI C/C++": {"medie": 8.356631499623212, "reusita": 89.4498869630746, "cnt": 1327}, "CHIMIE ANORGANICA TEO NIVEL I/II": {"medie": 7.407581573896351, "reusita": 80.03838771593091, "cnt": 521}, "ISTORIE": {"medie": 7.617146759374238, "reusita": 80.14651105040973, "cnt": 8054}, "GEOGRAFIE": {"medie": 7.36985210466438, "reusita": 81.91126279863481, "cnt": 6153}, "PSIHOLOGIE": {"medie": 8.191733333333332, "reusita": 88.8, "cnt": 375}, "MATEMATICA ST-NAT": {"medie": 7.117743963782686, "reusita": 72.45975855130786, "cnt": 3976}, "ANATOMIE SI FIZIOLOGIE UMANA, GENETICA SI ECOLOGIE UMANA": {"medie": 7.771475346687204, "reusita": 83.43605546995377, "cnt": 2596}, "FIZICA TEO": {"medie": 8.496347430968207, "reusita": 93.60363509262496, "cnt": 2861}, "FILOSOFIE": {"medie": 8.194827586206896, "reusita": 89.65517241379311, "cnt": 29}, "MATEMATICA TEHN": {"medie": 5.611952616213833, "reusita": 47.65326746013923, "cnt": 17812}, "FIZICA TEH": {"medie": 4.843694493783303, "reusita": 34.4582593250444, "cnt": 563}, "INFORMATICA SN C/C++": {"medie": 8.250000000000002, "reusita": 94.44444444444444, "cnt": 36}, "ECONOMIE": {"medie": 7.6523305084745745, "reusita": 81.99152542372882, "cnt": 472}, "LOGICA, ARGUMENTARE SI COMUNICARE": {"medie": 8.365251358695726, "reusita": 90.44384057971014, "cnt": 8832}, "MATEMATICA PED": {"medie": 8.997805642633224, "reusita": 97.17868338557993, "cnt": 319}, "SOCIOLOGIE": {"medie": 7.395821325648421, "reusita": 78.09798270893373, "cnt": 347}, "INFORMATICA MI PASCAL": {"medie": 7.6923780487804905, "reusita": 82.01219512195121, "cnt": 328}, "CHIMIE ANORGANICA TEH NIVEL I/II": {"medie": 4.621837088388216, "reusita": 25.12998266897747, "cnt": 577}, "CHIMIE ORGANICA TEH NIVEL I/II": {"medie": 5.10519801980198, "reusita": 36.633663366336634, "cnt": 202}, "INFORMATICA SN PASCAL": {"medie": 8.4625, "reusita": 100.0, "cnt": 8}}, "nume": "Prahova"}