{"specializari": {"INVATATOR - EDUCATOARE": 274, "TEHNICIAN IN AUTOMATIZARI": 581, "MATEMATICA-INFORMATICA": 2958, "TEHNICIAN MECATRONIST": 290, "FILOLOGIE": 1761, "TEHNICIAN IN GASTRONOMIE": 79, "TEHNICIAN IN ACTIVITATI ECONOMICE": 1471, "STIINTE ALE NATURII": 1952, "TEHNICIAN IN TURISM": 35, "TEHNICIAN OPERATOR TEHNICA DE CALCUL": 225, "STIINTE SOCIALE": 262, "TEHNICIAN MECANIC PENTRU INTRETINERE SI REPARATII": 266, "TEOLOGIE ORTODOXA": 157, "TEHNICIAN IN ADMINISTRATIE": 143, "TEHNICIAN IN INDUSTRIA TEXTILA": 118, "TEHNICIAN IN PRELUCRAREA LEMNULUI": 161, "TEHNICIAN TRANSPORTURI": 279, "TEHNICIAN IN CONSTRUCTII SI LUCRARI PUBLICE": 108, "TEHNICIAN DESENATOR PENTRU CONSTRUCTII SI INSTALATII": 96, "ORGANIZATOR BANQUETING": 213, "TEHNICIAN IN INSTALATII ELECTRICE": 196, "LICEU CU PROGRAM SPORTIV": 211, "TEHNICIAN VETERINAR": 94, "TEHNICIAN DE TELECOMUNICATII": 139, "TEHNICIAN IN ACTIVITATI DE COMERT": 275, "MUZICA": 113, "TEHNICIAN ELECTROMECANIC": 252, "TEHNICIAN ECOLOG SI PROTECTIA CALITATII MEDIULUI": 92, "TEHNICIAN ANALIZE PRODUSE ALIMENTARE": 32, "TEHNICIAN ELECTROTEHNIST": 5, "ARTE PLASTICE SI DECORATIVE": 107, "TEHNICIAN PENTRU ANIMALE DE COMPANIE": 10, "TEHNICIAN IN AGRICULTURA": 5, "TEHNICIAN ZOOTEHNIST": 1, "TEOLOGIE REFORMATA": 214, "TEHNICIAN MULTIMEDIA": 18, "TEHNICIAN PRELUCRARI PE MASINI CU COMANDA NUMERICA": 60, "TEHNICIAN INSTALATOR PENTRU CONSTRUCTII": 1, "TEHNICIAN PROIECTANT CAD": 1}, "limba_moderna": {"LIMBA ENGLEZA": 11617, "LIMBA FRANCEZA": 1317, "LIMBA GERMANA MODERNA": 319, "LIMBA ITALIANA": 2}, "limba_materna": {"LIMBA ROMANA": 10714, "LIMBA MAGHIARA": 2518, "LIMBA GERMANA": 23}, "promotie_anterioara": {"NU": 11663, "DA": 1592}, "materii": {"LIMBA ROMANA": {"medie": 6.403038098830665, "reusita": 60.958129007921535, "cnt": 13255}, "MATEMATICA MATE-INFO": {"medie": 7.28509631632308, "reusita": 73.13281514025009, "cnt": 2959}, "BIOLOGIE VEGETALA SI ANIMALA": {"medie": 4.838904775521881, "reusita": 36.08807549327995, "cnt": 3497}, "GENERAL": {"medie": 6.465634163208826, "reusita": 59.99245567710298, "cnt": 13255}, "CHIMIE ORGANICA TEO NIVEL I/II": {"medie": 8.508974358974358, "reusita": 93.16239316239316, "cnt": 117}, "INFORMATICA MI C/C++": {"medie": 8.309891598915984, "reusita": 92.14092140921409, "cnt": 369}, "CHIMIE ANORGANICA TEO NIVEL I/II": {"medie": 7.5054687499999995, "reusita": 79.6875, "cnt": 64}, "ISTORIE": {"medie": 7.36657345132742, "reusita": 74.97345132743362, "cnt": 2825}, "GEOGRAFIE": {"medie": 7.593294573643424, "reusita": 82.60981912144703, "cnt": 3870}, "PSIHOLOGIE": {"medie": 6.350137362637371, "reusita": 62.08791208791209, "cnt": 364}, "MATEMATICA ST-NAT": {"medie": 5.555712090163939, "reusita": 47.38729508196721, "cnt": 1952}, "ANATOMIE SI FIZIOLOGIE UMANA, GENETICA SI ECOLOGIE UMANA": {"medie": 7.768548080577726, "reusita": 82.44013683010262, "cnt": 2631}, "FIZICA TEO": {"medie": 8.098475177304959, "reusita": 89.36170212765957, "cnt": 282}, "FILOSOFIE": {"medie": 6.777121771217709, "reusita": 65.68265682656826, "cnt": 271}, "MATEMATICA TEHN": {"medie": 4.662859866539534, "reusita": 34.146806482364155, "cnt": 5245}, "FIZICA TEH": {"medie": 4.579046563192908, "reusita": 33.03769401330377, "cnt": 451}, "LIMBA GERMANA": {"medie": 6.936956521739131, "reusita": 78.26086956521739, "cnt": 23}, "INFORMATICA SN C/C++": {"medie": 7.65, "reusita": 100.0, "cnt": 1}, "ECONOMIE": {"medie": 6.362499999999999, "reusita": 56.25, "cnt": 16}, "LOGICA, ARGUMENTARE SI COMUNICARE": {"medie": 8.363513513513512, "reusita": 87.83783783783784, "cnt": 74}, "MATEMATICA PED": {"medie": 8.14233576642336, "reusita": 87.22627737226277, "cnt": 274}, "SOCIOLOGIE": {"medie": 8.191875000000008, "reusita": 95.13888888888889, "cnt": 720}, "INFORMATICA MI PASCAL": {"medie": 7.819807280513918, "reusita": 79.65738758029978, "cnt": 467}, "CHIMIE ANORGANICA TEH NIVEL I/II": {"medie": 5.360000000000002, "reusita": 42.0, "cnt": 50}, "LIMBA MAGHIARA (REAL)": {"medie": 7.065408805031454, "reusita": 76.78197064989519, "cnt": 1908}, "CHIMIE ORGANICA TEH NIVEL I/II": {"medie": 3.1450000000000005, "reusita": 10.0, "cnt": 10}, "LIMBA MAGHIARA (UMAN)": {"medie": 7.661803278688521, "reusita": 89.18032786885246, "cnt": 610}, "INFORMATICA SN PASCAL": {"medie": 9.8, "reusita": 100.0, "cnt": 1}}, "nume": "S\u0103laj"}