{"specializari": {"TEHNICIAN ANALIZE PRODUSE ALIMENTARE": 157, "TEHNICIAN IN ACTIVITATI ECONOMICE": 1156, "TEHNICIAN DE TELECOMUNICATII": 154, "TEHNICIAN ELECTRONIST": 20, "MATEMATICA-INFORMATICA": 2461, "FILOLOGIE": 2634, "TEHNICIAN OPERATOR TEHNICA DE CALCUL": 293, "STIINTE ALE NATURII": 2639, "STIINTE SOCIALE": 1029, "TEHNICIAN IN INDUSTRIA TEXTILA": 48, "TEHNICIAN MECATRONIST": 258, "TEHNICIAN TRANSPORTURI": 88, "TEHNICIAN ECOLOG SI PROTECTIA CALITATII MEDIULUI": 274, "TEHNICIAN IN AUTOMATIZARI": 62, "TEOLOGIE ROMANO-CATOLICA": 321, "TEHNICIAN DESIGNER MOBILA SI AMENAJARI INTERIOARE": 53, "TEHNICIAN IN ACTIVITATI DE COMERT": 370, "TEHNICIAN IN TURISM": 300, "TEHNICIAN OPERATOR PROCESARE TEXT IMAGINE": 13, "TEOLOGIE GRECO-CATOLICA": 75, "TEOLOGIE REFORMATA": 143, "TEHNICIAN MECANIC PENTRU INTRETINERE SI REPARATII": 36, "MUZICA": 100, "TEHNICIAN IN INDUSTRIA ALIMENTARA": 209, "LICEU CU PROGRAM SPORTIV": 408, "ARTE PLASTICE SI DECORATIVE": 180, "TEHNICIAN IN SILVICULTURA SI EXPLOATARI FORESTIERE": 20, "TEHNICIAN AGRONOM": 53, "TEHNICIAN DESIGNER VESTIMENTAR": 159, "TEHNICIAN IN AGRICULTURA ECOLOGICA": 11, "TEHNICIAN IN PRELUCRAREA LEMNULUI": 82, "TEHNICIAN IN CONSTRUCTII SI LUCRARI PUBLICE": 3, "TEHNICIAN ELECTRICIAN/ELECTRONIST AUTO": 55, "TEHNICIAN PENTRU ANIMALE DE COMPANIE": 2, "COAFOR STILIST": 78, "TEHNICIAN ELECTROMECANIC": 7, "TEHNICIAN IN HOTELARIE": 24, "ARHITECTURA, ARTE AMBIENTALE SI DESIGN": 145, "TEHNICIAN IN INSTALATII ELECTRICE": 2, "TEOLOGIE ORTODOXA": 201, "TEHNICIAN IN GASTRONOMIE": 238, "TEHNICIAN DESENATOR PENTRU CONSTRUCTII SI INSTALATII": 7, "TEHNICIAN PROIECTANT CAD": 27, "INVATATOR - EDUCATOARE": 187, "TEHNICIAN PROIECTANT PRODUSE FINITE DIN LEMN": 6, "TEHNICIAN IN ADMINISTRATIE": 25, "ORGANIZATOR BANQUETING": 83, "TEHNICIAN IN ACHIZITII SI CONTRACTARI": 116, "TEHNICIAN VETERINAR": 7, "TEHNICIAN AGROMONTAN": 5, "EDUCATOR-PUERICULTOR": 41}, "limba_moderna": {"LIMBA ENGLEZA": 13459, "LIMBA FRANCEZA": 699, "LIMBA ITALIANA": 4, "LIMBA GERMANA MODERNA": 891, "LIMBA SPANIOLA": 12}, "limba_materna": {"LIMBA ROMANA": 11279, "LIMBA GERMANA": 305, "LIMBA MAGHIARA": 3481}, "promotie_anterioara": {"NU": 13123, "DA": 1942}, "materii": {"LIMBA ROMANA": {"medie": 6.482937935612402, "reusita": 61.845336873547964, "cnt": 15065}, "MATEMATICA MATE-INFO": {"medie": 7.660625761885396, "reusita": 80.00812677773263, "cnt": 2461}, "BIOLOGIE VEGETALA SI ANIMALA": {"medie": 5.212598231827126, "reusita": 41.40471512770137, "cnt": 2036}, "GENERAL": {"medie": 6.783278570638374, "reusita": 67.12910720212413, "cnt": 15065}, "CHIMIE ORGANICA TEO NIVEL I/II": {"medie": 8.493442622950818, "reusita": 95.08196721311475, "cnt": 427}, "INFORMATICA MI C/C++": {"medie": 8.29556603773585, "reusita": 90.56603773584906, "cnt": 530}, "CHIMIE ANORGANICA TEO NIVEL I/II": {"medie": 7.316120218579235, "reusita": 78.14207650273224, "cnt": 183}, "ISTORIE": {"medie": 6.975956035626317, "reusita": 69.37653970058746, "cnt": 5277}, "GEOGRAFIE": {"medie": 7.202612461581466, "reusita": 79.1561888795753, "cnt": 7158}, "PSIHOLOGIE": {"medie": 7.7638728323699455, "reusita": 93.64161849710982, "cnt": 173}, "MATEMATICA ST-NAT": {"medie": 7.311519514967781, "reusita": 77.18832891246684, "cnt": 2639}, "ANATOMIE SI FIZIOLOGIE UMANA, GENETICA SI ECOLOGIE UMANA": {"medie": 7.940432414027901, "reusita": 85.66564521620701, "cnt": 2937}, "FIZICA TEO": {"medie": 7.811290322580642, "reusita": 80.64516129032258, "cnt": 155}, "FILOSOFIE": {"medie": 7.357282913165264, "reusita": 83.4733893557423, "cnt": 357}, "MATEMATICA TEHN": {"medie": 5.009775605421003, "reusita": 36.63630304376805, "cnt": 4501}, "FIZICA TEH": {"medie": 3.566492146596857, "reusita": 16.75392670157068, "cnt": 191}, "LIMBA GERMANA": {"medie": 7.8709836065573775, "reusita": 92.1311475409836, "cnt": 305}, "INFORMATICA SN C/C++": {"medie": 8.67142857142857, "reusita": 97.14285714285714, "cnt": 35}, "ECONOMIE": {"medie": 6.461594202898552, "reusita": 59.42028985507246, "cnt": 69}, "LOGICA, ARGUMENTARE SI COMUNICARE": {"medie": 8.383333333333331, "reusita": 92.3076923076923, "cnt": 78}, "MATEMATICA PED": {"medie": 7.4203208556149765, "reusita": 79.14438502673798, "cnt": 187}, "SOCIOLOGIE": {"medie": 7.507894736842106, "reusita": 73.68421052631578, "cnt": 19}, "INFORMATICA MI PASCAL": {"medie": 8.316293103448283, "reusita": 91.89655172413794, "cnt": 580}, "CHIMIE ANORGANICA TEH NIVEL I/II": {"medie": 4.808, "reusita": 25.0, "cnt": 100}, "LIMBA MAGHIARA (REAL)": {"medie": 7.532678041543004, "reusita": 84.86646884272997, "cnt": 2696}, "CHIMIE ORGANICA TEH NIVEL I/II": {"medie": 6.95, "reusita": 60.0, "cnt": 5}, "LIMBA MAGHIARA (UMAN)": {"medie": 7.600764331210187, "reusita": 90.95541401273886, "cnt": 785}, "INFORMATICA SN PASCAL": {"medie": 8.426562500000001, "reusita": 87.5, "cnt": 32}}, "nume": "Satu-Mare"}