{"specializari": {"MATEMATICA-INFORMATICA": 1657, "FILOLOGIE": 2750, "STIINTE ALE NATURII": 3020, "TEHNICIAN OPERATOR TEHNICA DE CALCUL": 443, "TEHNICIAN IN AUTOMATIZARI": 401, "TEHNICIAN DESIGNER VESTIMENTAR": 316, "TEHNICIAN IN ACTIVITATI DE COMERT": 503, "TEHNICIAN IN MORARIT, PANIFICATIE SI PRODUSE FAINOASE": 53, "INVATATOR - EDUCATOARE": 544, "TEHNICIAN IN ACTIVITATI ECONOMICE": 1258, "TEHNICIAN ELECTROMECANIC": 170, "MUZICA": 120, "TEHNICIAN MECANIC PENTRU INTRETINERE SI REPARATII": 150, "TEHNICIAN IN TURISM": 694, "TEHNICIAN IN GASTRONOMIE": 339, "TEHNICIAN ANALIZE PRODUSE ALIMENTARE": 135, "TEHNICIAN PRELUCRARI MECANICE": 5, "TEHNICIAN IN PRELUCRAREA PRODUSELOR DE ORIGINE ANIMALA": 41, "TEHNICIAN MECATRONIST": 101, "TEHNICIAN DE TELECOMUNICATII": 108, "TEHNICIAN IN INSTALATII ELECTRICE": 167, "TEHNICIAN VETERINAR": 197, "TEHNICIAN TRANSPORTURI": 187, "COAFOR STILIST": 226, "TEHNICIAN DESENATOR PENTRU CONSTRUCTII SI INSTALATII": 113, "TEHNICIAN IN ACHIZITII SI CONTRACTARI": 147, "ARTE PLASTICE SI DECORATIVE": 192, "TEOLOGIE ORTODOXA": 106, "TEHNICIAN PROIECTANT CAD": 243, "STIINTE SOCIALE": 689, "TEHNICIAN IN ADMINISTRATIE": 161, "TEHNICIAN IN INDUSTRIA ALIMENTARA": 80, "TEHNICIAN IN AGROTURISM": 149, "TEHNICIAN INSTALATOR PENTRU CONSTRUCTII": 34, "TEHNICIAN IN CONSTRUCTII SI LUCRARI PUBLICE": 20, "TEHNICIAN IN INDUSTRIA TEXTILA": 177, "TEHNICIAN ECOLOG SI PROTECTIA CALITATII MEDIULUI": 235, "TEHNICIAN IN INDUSTRIA PIELARIEI": 20, "ARTA ACTORULUI": 48, "TEHNICIAN IN ACTIVITATI DE POSTA": 58, "TEHNICIAN ELECTRICIAN/ELECTRONIST AUTO": 88, "TEHNICIAN PRELUCRARI LA CALD": 22, "TEHNICIAN OPERATOR PROCESARE TEXT IMAGINE": 21, "TEHNICIAN ENERGETICIAN": 62, "TEOLOGIE BAPTISTA": 145, "TEHNICIAN AGROMONTAN": 137, "TEHNICIAN IN AGRICULTURA": 25, "TEHNICIAN ELECTROTEHNIST": 135, "TEHNICIAN ELECTRONIST": 119, "TEHNICIAN CHIMIST DE LABORATOR": 3, "TEHNICIAN DESIGNER MOBILA SI AMENAJARI INTERIOARE": 105, "TEHNICIAN IN PRELUCRAREA LEMNULUI": 46, "LICEU CU PROGRAM SPORTIV": 324, "ARHITECTURA, ARTE AMBIENTALE SI DESIGN": 16, "TEHNICIAN IN IND. ALIM. FERMENTATIVA SI IN PREL. LEGUMELOR SI FRUCTELOR": 7, "ORGANIZATOR BANQUETING": 5, "TEHNICIAN HORTICULTOR": 5, "TEHNICIAN IN SILVICULTURA SI EXPLOATARI FORESTIERE": 81, "TEHNICIAN POLIGRAF": 2}, "limba_moderna": {"LIMBA ENGLEZA": 16551, "LIMBA FRANCEZA": 448, "LIMBA SPANIOLA": 70, "LIMBA GERMANA MODERNA": 336}, "limba_materna": {"LIMBA ROMANA": 15628, "LIMBA GERMANA": 1725, "LIMBA MAGHIARA": 52}, "promotie_anterioara": {"NU": 15036, "DA": 2369}, "materii": {"LIMBA ROMANA": {"medie": 6.997162884228723, "reusita": 71.74949727089917, "cnt": 17405}, "MATEMATICA MATE-INFO": {"medie": 8.176222088111047, "reusita": 87.56789378394689, "cnt": 1657}, "BIOLOGIE VEGETALA SI ANIMALA": {"medie": 6.1229992449980974, "reusita": 55.05851264628162, "cnt": 5298}, "GENERAL": {"medie": 7.034295125921685, "reusita": 72.24360815857513, "cnt": 17405}, "CHIMIE ORGANICA TEO NIVEL I/II": {"medie": 8.685082872928174, "reusita": 95.02762430939227, "cnt": 181}, "INFORMATICA MI C/C++": {"medie": 8.60784632034633, "reusita": 95.995670995671, "cnt": 924}, "CHIMIE ANORGANICA TEO NIVEL I/II": {"medie": 7.002531645569621, "reusita": 73.41772151898735, "cnt": 79}, "ISTORIE": {"medie": 7.325375854214101, "reusita": 75.60364464692483, "cnt": 4390}, "GEOGRAFIE": {"medie": 7.634026845637588, "reusita": 84.69798657718121, "cnt": 5960}, "PSIHOLOGIE": {"medie": 7.3364238410596005, "reusita": 79.47019867549669, "cnt": 151}, "MATEMATICA ST-NAT": {"medie": 8.164221854304628, "reusita": 88.84105960264901, "cnt": 3020}, "ANATOMIE SI FIZIOLOGIE UMANA, GENETICA SI ECOLOGIE UMANA": {"medie": 8.701119999999989, "reusita": 92.47999999999999, "cnt": 1250}, "FIZICA TEO": {"medie": 8.491666666666662, "reusita": 93.28358208955224, "cnt": 402}, "FILOSOFIE": {"medie": 7.773076923076922, "reusita": 92.3076923076923, "cnt": 26}, "MATEMATICA TEHN": {"medie": 5.705600461893752, "reusita": 49.512445470875036, "cnt": 7794}, "FIZICA TEH": {"medie": 4.615366972477064, "reusita": 33.25688073394495, "cnt": 436}, "LIMBA GERMANA": {"medie": 7.87501449275363, "reusita": 88.17391304347825, "cnt": 1725}, "INFORMATICA SN C/C++": {"medie": 8.756857142857145, "reusita": 97.71428571428571, "cnt": 175}, "ECONOMIE": {"medie": 6.902877697841724, "reusita": 70.50359712230215, "cnt": 139}, "LOGICA, ARGUMENTARE SI COMUNICARE": {"medie": 8.505224634023229, "reusita": 92.62998485613326, "cnt": 1981}, "MATEMATICA PED": {"medie": 7.6419117647058705, "reusita": 86.02941176470588, "cnt": 544}, "SOCIOLOGIE": {"medie": 7.223529411764703, "reusita": 76.47058823529412, "cnt": 68}, "INFORMATICA MI PASCAL": {"medie": 3.45, "reusita": 0.0, "cnt": 2}, "CHIMIE ANORGANICA TEH NIVEL I/II": {"medie": 4.615798045602607, "reusita": 33.876221498371336, "cnt": 307}, "LIMBA MAGHIARA (REAL)": {"medie": 6.93076923076923, "reusita": 69.23076923076923, "cnt": 52}, "CHIMIE ORGANICA TEH NIVEL I/II": {"medie": 6.353846153846154, "reusita": 61.53846153846154, "cnt": 26}}, "nume": "Sibiu"}