{"specializari": {"TEHNICIAN IN ACTIVITATI ECONOMICE": 2757, "MATEMATICA-INFORMATICA": 8296, "TEHNICIAN IN TURISM": 2512, "TEHNICIAN OPERATOR TEHNICA DE CALCUL": 208, "TEHNICIAN IN SILVICULTURA SI EXPLOATARI FORESTIERE": 903, "ARTE PLASTICE SI DECORATIVE": 172, "TEHNICIAN ANALIZE PRODUSE ALIMENTARE": 601, "FILOLOGIE": 5951, "STIINTE ALE NATURII": 4784, "TEHNICIAN ECOLOG SI PROTECTIA CALITATII MEDIULUI": 807, "CONSERVARE - RESTAURARE": 81, "STIINTE SOCIALE": 5315, "ARHITECTURA, ARTE AMBIENTALE SI DESIGN": 193, "TEHNICIAN IN ACTIVITATI DE POSTA": 10, "MUZICA": 192, "TEHNICIAN TRANSPORTURI": 708, "TEHNICIAN INSTALATOR PENTRU CONSTRUCTII": 34, "TEHNICIAN IN INSTALATII ELECTRICE": 283, "TEHNICIAN IN ACTIVITATI DE COMERT": 282, "TEHNICIAN IN ADMINISTRATIE": 361, "TEHNICIAN IN AUTOMATIZARI": 426, "TEHNICIAN IN GASTRONOMIE": 595, "ORGANIZATOR BANQUETING": 186, "TEHNICIAN IN INDUSTRIA TEXTILA": 381, "TEHNICIAN IN PRELUCRAREA LEMNULUI": 141, "TEHNICIAN IN INDUSTRIA ALIMENTARA": 315, "TEHNICIAN DESIGNER VESTIMENTAR": 190, "TEHNICIAN IN CONSTRUCTII SI LUCRARI PUBLICE": 89, "TEHNICIAN ELECTROMECANIC": 98, "TEHNICIAN IN HOTELARIE": 362, "TEHNICIAN MECATRONIST": 353, "TEHNICIAN PROIECTANT CAD": 81, "TEHNICIAN PROIECTANT PRODUSE FINITE DIN LEMN": 11, "LICEU CU PROGRAM SPORTIV": 677, "TEHNICIAN VETERINAR": 148, "TEHNICIAN AGRONOM": 1, "TEHNICIAN MECANIC PENTRU INTRETINERE SI REPARATII": 319, "TEHNICIAN PRODUCTIE FILM SI TELEVIZIUNE": 1, "TEOLOGIE ORTODOXA": 211, "TEHNICIAN DESENATOR PENTRU CONSTRUCTII SI INSTALATII": 138, "TEHNICIAN ELECTRICIAN/ELECTRONIST AUTO": 108, "TEHNICIAN IN CHIMIE INDUSTRIALA": 1, "TEHNICIAN PRELUCRARI MECANICE": 3, "TEHNICIAN DESIGNER MOBILA SI AMENAJARI INTERIOARE": 5, "TEHNICIAN IN AGROTURISM": 109, "TEHNICIAN ELECTROTEHNIST": 9, "TEHNICIAN HORTICULTOR": 6, "INVATATOR - EDUCATOARE": 293, "TEHNICIAN IN AGRICULTURA": 4, "COAFOR STILIST": 125, "PATRIMONIU CULTURAL": 37, "TEHNICIAN IN INDUSTRIA PIELARIEI": 50, "TEHNICIAN AGROMONTAN": 1}, "limba_moderna": {"LIMBA ENGLEZA": 34161, "LIMBA FRANCEZA": 5285, "LIMBA SPANIOLA": 116, "LIMBA GERMANA MODERNA": 370, "LIMBA RUSA": 17}, "limba_materna": {"LIMBA ROMANA": 39783, "LIMBA UCRAINEANA": 166}, "promotie_anterioara": {"NU": 35533, "DA": 4416}, "materii": {"LIMBA ROMANA": {"medie": 6.6943052391799815, "reusita": 66.24446168865303, "cnt": 39949}, "MATEMATICA MATE-INFO": {"medie": 7.537885728061746, "reusita": 77.07328833172613, "cnt": 8296}, "BIOLOGIE VEGETALA SI ANIMALA": {"medie": 4.714933306788762, "reusita": 33.94385825204061, "cnt": 5023}, "GENERAL": {"medie": 6.718078717030861, "reusita": 66.30453828631505, "cnt": 39949}, "CHIMIE ORGANICA TEO NIVEL I/II": {"medie": 8.819321766561517, "reusita": 96.37223974763407, "cnt": 634}, "INFORMATICA MI C/C++": {"medie": 8.281300236406594, "reusita": 89.73995271867612, "cnt": 2115}, "CHIMIE ANORGANICA TEO NIVEL I/II": {"medie": 7.842659574468087, "reusita": 86.80851063829788, "cnt": 470}, "ISTORIE": {"medie": 6.821751983818296, "reusita": 65.28707017270888, "cnt": 12854}, "GEOGRAFIE": {"medie": 7.1305419984587965, "reusita": 77.72069526500557, "cnt": 11679}, "PSIHOLOGIE": {"medie": 7.768574766355138, "reusita": 83.17757009345794, "cnt": 428}, "MATEMATICA ST-NAT": {"medie": 6.787541806020079, "reusita": 67.09866220735786, "cnt": 4784}, "ANATOMIE SI FIZIOLOGIE UMANA, GENETICA SI ECOLOGIE UMANA": {"medie": 7.401232357278314, "reusita": 76.77480514008847, "cnt": 9494}, "FIZICA TEO": {"medie": 8.412821612349916, "reusita": 92.28130360205832, "cnt": 1166}, "FILOSOFIE": {"medie": 7.599707602339181, "reusita": 84.7953216374269, "cnt": 171}, "MATEMATICA TEHN": {"medie": 4.913264830199687, "reusita": 37.77874945343244, "cnt": 13722}, "FIZICA TEH": {"medie": 4.103155818540433, "reusita": 24.85207100591716, "cnt": 507}, "INFORMATICA SN C/C++": {"medie": 8.187500000000002, "reusita": 87.5, "cnt": 8}, "ECONOMIE": {"medie": 7.388516746411482, "reusita": 82.77511961722487, "cnt": 209}, "LOGICA, ARGUMENTARE SI COMUNICARE": {"medie": 7.89060830250721, "reusita": 86.40909713659404, "cnt": 7299}, "MATEMATICA PED": {"medie": 8.634300341296932, "reusita": 96.9283276450512, "cnt": 293}, "SOCIOLOGIE": {"medie": 7.456079854809439, "reusita": 80.94373865698729, "cnt": 551}, "CHIMIE ANORGANICA TEH NIVEL I/II": {"medie": 5.555555555555555, "reusita": 54.385964912280706, "cnt": 171}, "CHIMIE ORGANICA TEH NIVEL I/II": {"medie": 5.697916666666667, "reusita": 50.0, "cnt": 24}, "LIMBA UCRAINEANA": {"medie": 6.403614457831322, "reusita": 65.66265060240963, "cnt": 166}}, "nume": "Suceava"}