{"specializari": {"TEHNICIAN DE TELECOMUNICATII": 3, "TEHNICIAN IN TURISM": 270, "TEHNICIAN TRANSPORTURI": 229, "MATEMATICA-INFORMATICA": 5680, "FILOLOGIE": 4713, "STIINTE SOCIALE": 1234, "TEHNICIAN IN GASTRONOMIE": 260, "LICEU CU PROGRAM SPORTIV": 349, "TEHNICIAN IN INSTALATII ELECTRICE": 381, "TEHNICIAN IN AGRICULTURA": 221, "STIINTE ALE NATURII": 1050, "TEHNICIAN PRELUCRARI MECANICE": 162, "TEHNICIAN AGRONOM": 6, "TEHNICIAN MECANIC PENTRU INTRETINERE SI REPARATII": 483, "TEHNICIAN IN ACHIZITII SI CONTRACTARI": 17, "TEHNICIAN MECATRONIST": 253, "TEHNICIAN ECOLOG SI PROTECTIA CALITATII MEDIULUI": 548, "TEHNICIAN IN ACTIVITATI ECONOMICE": 1533, "ORGANIZATOR BANQUETING": 162, "TEHNICIAN IN AGRICULTURA ECOLOGICA": 7, "INVATATOR - EDUCATOARE": 445, "TEHNICIAN ELECTROTEHNIST": 54, "TEHNICIAN OPERATOR TEHNICA DE CALCUL": 44, "TEHNICIAN VETERINAR": 133, "TEHNICIAN IN ACTIVITATI DE COMERT": 225, "TEHNICIAN ANALIZE PRODUSE ALIMENTARE": 106, "TEHNICIAN IN INDUSTRIA ALIMENTARA": 100, "TEHNICIAN PROIECTANT CAD": 92, "TEHNICIAN IN AUTOMATIZARI": 55, "TEHNICIAN DESENATOR PENTRU CONSTRUCTII SI INSTALATII": 13, "TEHNICIAN INSTALATOR PENTRU CONSTRUCTII": 7, "TEHNICIAN ELECTRICIAN/ELECTRONIST AUTO": 33, "TEHNICIAN ELECTROMECANIC": 94, "TEHNICIAN IN CONSTRUCTII SI LUCRARI PUBLICE": 15, "TEOLOGIE ORTODOXA": 118, "TEHNICIAN IN HOTELARIE": 27, "TEHNICIAN VETERINAR PENTRU ANIMALE DE COMPANIE": 5, "TEHNICIAN IN INDUSTRIA TEXTILA": 33, "TEHNICIAN IN ADMINISTRATIE": 6, "INSTRUCTOR PENTRU ACTIVITATI EXTRASCOLARE": 7, "MUZICA BISERICEASCA": 2, "TEHNICIAN ELECTRONIST": 3, "TEHNICIAN DESIGNER VESTIMENTAR": 1, "MUZICA": 5}, "limba_moderna": {"LIMBA ENGLEZA": 17016, "LIMBA FRANCEZA": 2056, "LIMBA SPANIOLA": 112}, "limba_materna": {"LIMBA ROMANA": 19184}, "promotie_anterioara": {"NU": 15221, "DA": 3963}, "materii": {"LIMBA ROMANA": {"medie": 5.737510425354479, "reusita": 47.591743119266056, "cnt": 19184}, "MATEMATICA MATE-INFO": {"medie": 5.603665492957733, "reusita": 45.49295774647887, "cnt": 5680}, "BIOLOGIE VEGETALA SI ANIMALA": {"medie": 4.219543136854989, "reusita": 29.838874158678358, "cnt": 4903}, "GENERAL": {"medie": 5.647972094801202, "reusita": 46.658673894912425, "cnt": 19184}, "CHIMIE ORGANICA TEO NIVEL I/II": {"medie": 8.37659574468085, "reusita": 89.36170212765957, "cnt": 235}, "INFORMATICA MI C/C++": {"medie": 7.509863945578233, "reusita": 81.63265306122449, "cnt": 147}, "CHIMIE ANORGANICA TEO NIVEL I/II": {"medie": 7.597619047619046, "reusita": 76.19047619047619, "cnt": 21}, "ISTORIE": {"medie": 6.408019601742353, "reusita": 52.73802115743622, "cnt": 6428}, "GEOGRAFIE": {"medie": 6.870158978368514, "reusita": 71.17539744592129, "cnt": 7674}, "PSIHOLOGIE": {"medie": 7.7660804020100525, "reusita": 80.40201005025126, "cnt": 199}, "MATEMATICA ST-NAT": {"medie": 3.065714285714289, "reusita": 14.19047619047619, "cnt": 1050}, "ANATOMIE SI FIZIOLOGIE UMANA, GENETICA SI ECOLOGIE UMANA": {"medie": 6.2971674534851365, "reusita": 59.539016939738964, "cnt": 3601}, "FIZICA TEO": {"medie": 8.279721362229107, "reusita": 87.92569659442725, "cnt": 646}, "FILOSOFIE": {"medie": 6.841304347826085, "reusita": 73.91304347826086, "cnt": 46}, "MATEMATICA TEHN": {"medie": 2.9891829421250695, "reusita": 13.259272531804337, "cnt": 5581}, "FIZICA TEH": {"medie": 2.966935483870968, "reusita": 9.67741935483871, "cnt": 124}, "INFORMATICA SN C/C++": {"medie": 5.95, "reusita": 0.0, "cnt": 2}, "ECONOMIE": {"medie": 8.330970149253732, "reusita": 92.53731343283582, "cnt": 134}, "LOGICA, ARGUMENTARE SI COMUNICARE": {"medie": 7.7465791940018836, "reusita": 84.16119962511715, "cnt": 1067}, "MATEMATICA PED": {"medie": 7.485168539325846, "reusita": 77.30337078651685, "cnt": 445}, "SOCIOLOGIE": {"medie": 7.29387351778656, "reusita": 77.4703557312253, "cnt": 253}, "INFORMATICA MI PASCAL": {"medie": 7.865000000000001, "reusita": 76.66666666666667, "cnt": 30}, "CHIMIE ANORGANICA TEH NIVEL I/II": {"medie": 3.77457142857143, "reusita": 17.142857142857142, "cnt": 70}, "CHIMIE ORGANICA TEH NIVEL I/II": {"medie": 3.0421875000000003, "reusita": 6.25, "cnt": 32}}, "nume": "Teleorman"}