{"specializari": {"ORGANIZATOR BANQUETING": 390, "STIINTE ALE NATURII": 3797, "LICEU CU PROGRAM SPORTIV": 894, "MATEMATICA-INFORMATICA": 5875, "TEHNICIAN IN ACTIVITATI DE POSTA": 83, "TEHNICIAN IN ACTIVITATI ECONOMICE": 3175, "STIINTE SOCIALE": 1732, "TEHNICIAN AGRONOM": 30, "FILOLOGIE": 5222, "TEHNICIAN DESENATOR PENTRU CONSTRUCTII SI INSTALATII": 360, "TEHNICIAN MECATRONIST": 688, "TEHNICIAN VETERINAR": 115, "INVATATOR - EDUCATOARE": 204, "TEHNICIAN OPERATOR TEHNICA DE CALCUL": 718, "TEOLOGIE ROMANO-CATOLICA": 218, "TEHNICIAN TRANSPORTURI": 155, "TEHNICIAN INSTALATOR PENTRU CONSTRUCTII": 20, "TEHNICIAN IN INSTALATII ELECTRICE": 816, "TEHNICIAN ELECTROTEHNIST": 187, "TEHNICIAN ANALIZE PRODUSE ALIMENTARE": 565, "TEHNICIAN IN CONSTRUCTII SI LUCRARI PUBLICE": 50, "TEHNICIAN PROIECTANT CAD": 141, "TEHNICIAN MECANIC PENTRU INTRETINERE SI REPARATII": 315, "TEHNICIAN ELECTRICIAN/ELECTRONIST AUTO": 67, "TEHNICIAN ECOLOG SI PROTECTIA CALITATII MEDIULUI": 322, "TEHNICIAN IN PRELUCRAREA LEMNULUI": 89, "TEHNICIAN IN AUTOMATIZARI": 425, "TEHNICIAN PROIECTANT PRODUSE FINITE DIN LEMN": 25, "TEHNICIAN IN ACTIVITATI DE COMERT": 157, "TEHNICIAN IN INDUSTRIA ALIMENTARA": 26, "TEHNICIAN DESIGNER VESTIMENTAR": 134, "TEHNICIAN IN ADMINISTRATIE": 512, "TEHNICIAN IN SILVICULTURA SI EXPLOATARI FORESTIERE": 87, "TEHNICIAN ELECTROMECANIC": 182, "MUZICA": 368, "TEHNICIAN DE TELECOMUNICATII": 535, "TEHNICIAN IN TURISM": 711, "TEHNICIAN IN INDUSTRIA TEXTILA": 128, "TEHNICIAN IN GASTRONOMIE": 304, "TEOLOGIE BAPTISTA": 224, "TEHNICIAN IN INDUSTRIA PIELARIEI": 78, "ARTA ACTORULUI": 86, "COREGRAFIE": 67, "TEOLOGIE ORTODOXA": 138, "ARHITECTURA, ARTE AMBIENTALE SI DESIGN": 593, "TEHNICIAN DESIGNER MOBILA SI AMENAJARI INTERIOARE": 75, "COAFOR STILIST": 298, "ARTE PLASTICE SI DECORATIVE": 227, "TEHNICIAN ELECTRONIST": 13, "TEHNICIAN IN AGROTURISM": 5, "TEHNICIAN OPERATOR PROCESARE TEXT IMAGINE": 49, "TEHNICIAN CHIMIST DE LABORATOR": 52, "TEOLOGIE PENTICOSTALA": 151, "TEHNICIAN IN CHIMIE INDUSTRIALA": 31, "TEHNICIAN METROLOG": 2, "TEHNICIAN ENERGETICIAN": 35, "TEHNICIAN IN ACHIZITII SI CONTRACTARI": 23, "TEHNICIAN HORTICULTOR": 2, "TEHNICIAN IN AGRICULTURA": 36, "TEHNICIAN AVIATIE": 11, "TEHNICIAN IN HOTELARIE": 6, "TEHNICIAN IN AGRICULTURA ECOLOGICA": 3, "TEHNICIAN OPERATORI ROBOTI INDUSTRIALI": 16}, "limba_moderna": {"LIMBA ENGLEZA": 28961, "LIMBA FRANCEZA": 2061, "LIMBA GERMANA MODERNA": 465, "LIMBA RUSA": 20, "LIMBA ITALIANA": 295, "LIMBA SPANIOLA": 241}, "limba_materna": {"LIMBA ROMANA": 30835, "LIMBA GERMANA": 599, "LIMBA MAGHIARA": 354, "LIMBA UCRAINEANA": 82, "LIMBA SARBA": 173}, "promotie_anterioara": {"DA": 5465, "NU": 26578}, "materii": {"LIMBA ROMANA": {"medie": 6.419409543426034, "reusita": 59.36397965234217, "cnt": 32043}, "MATEMATICA MATE-INFO": {"medie": 7.4450978723404315, "reusita": 75.98297872340426, "cnt": 5875}, "BIOLOGIE VEGETALA SI ANIMALA": {"medie": 4.80076267954745, "reusita": 36.13829922460913, "cnt": 7867}, "GENERAL": {"medie": 6.356595070166118, "reusita": 59.71038916456012, "cnt": 32043}, "CHIMIE ORGANICA TEO NIVEL I/II": {"medie": 7.838855421686743, "reusita": 85.8433734939759, "cnt": 332}, "INFORMATICA MI C/C++": {"medie": 8.157814122533749, "reusita": 90.03115264797508, "cnt": 1926}, "CHIMIE ANORGANICA TEO NIVEL I/II": {"medie": 7.361320754716979, "reusita": 76.41509433962264, "cnt": 106}, "ISTORIE": {"medie": 6.665877016129, "reusita": 60.372983870967744, "cnt": 9920}, "GEOGRAFIE": {"medie": 7.04723148765842, "reusita": 76.184122748499, "cnt": 13491}, "PSIHOLOGIE": {"medie": 6.505721393034824, "reusita": 62.68656716417911, "cnt": 402}, "MATEMATICA ST-NAT": {"medie": 6.710850671582824, "reusita": 65.73610745325257, "cnt": 3797}, "ANATOMIE SI FIZIOLOGIE UMANA, GENETICA SI ECOLOGIE UMANA": {"medie": 7.64863135092554, "reusita": 78.69239858211895, "cnt": 5078}, "FIZICA TEO": {"medie": 7.9690140845070445, "reusita": 85.56338028169014, "cnt": 284}, "FILOSOFIE": {"medie": 7.490780141843975, "reusita": 82.26950354609929, "cnt": 141}, "MATEMATICA TEHN": {"medie": 4.491334204294932, "reusita": 32.7998693557606, "cnt": 12247}, "FIZICA TEH": {"medie": 3.149881235154395, "reusita": 14.726840855106888, "cnt": 421}, "LIMBA GERMANA": {"medie": 7.80283806343907, "reusita": 89.81636060100166, "cnt": 599}, "INFORMATICA SN C/C++": {"medie": 7.441304347826086, "reusita": 76.08695652173914, "cnt": 46}, "ECONOMIE": {"medie": 6.016814159292039, "reusita": 51.32743362831859, "cnt": 113}, "LOGICA, ARGUMENTARE SI COMUNICARE": {"medie": 7.842189892802461, "reusita": 82.54211332312404, "cnt": 653}, "MATEMATICA PED": {"medie": 8.626225490196077, "reusita": 95.09803921568627, "cnt": 204}, "SOCIOLOGIE": {"medie": 7.809104781281786, "reusita": 86.6734486266531, "cnt": 983}, "INFORMATICA MI PASCAL": {"medie": 8.341095890410957, "reusita": 97.26027397260275, "cnt": 73}, "CHIMIE ANORGANICA TEH NIVEL I/II": {"medie": 3.863297872340427, "reusita": 18.085106382978726, "cnt": 94}, "LIMBA MAGHIARA (REAL)": {"medie": 7.474999999999999, "reusita": 82.39999999999999, "cnt": 250}, "CHIMIE ORGANICA TEH NIVEL I/II": {"medie": 2.9575757575757584, "reusita": 9.090909090909092, "cnt": 33}, "LIMBA MAGHIARA (UMAN)": {"medie": 6.573076923076924, "reusita": 57.692307692307686, "cnt": 104}, "LIMBA UCRAINEANA": {"medie": 7.071951219512196, "reusita": 89.02439024390245, "cnt": 82}, "LIMBA SARBA": {"medie": 7.807225433526007, "reusita": 87.86127167630057, "cnt": 173}}, "nume": "Timi\u0219"}