{"specializari": {"MATEMATICA-INFORMATICA": 1517, "STIINTE SOCIALE": 1159, "INVATATOR - EDUCATOARE": 151, "STIINTE ALE NATURII": 924, "FILOLOGIE": 1078, "TEHNICIAN IN CONSTRUCTII SI LUCRARI PUBLICE": 72, "TEHNICIAN IN TURISM": 256, "TEHNICIAN IN ACTIVITATI ECONOMICE": 531, "LICEU CU PROGRAM SPORTIV": 219, "TEHNICIAN ECOLOG SI PROTECTIA CALITATII MEDIULUI": 433, "TEHNICIAN IN ADMINISTRATIE": 139, "TEHNICIAN ANALIZE PRODUSE ALIMENTARE": 225, "TEHNICIAN IN INDUSTRIA ALIMENTARA": 145, "TEHNICIAN IN GASTRONOMIE": 386, "TEHNICIAN ELECTROMECANIC": 186, "TEHNICIAN MECATRONIST": 67, "TEHNICIAN IN ACTIVITATI DE COMERT": 363, "TEHNICIAN ELECTRONIST": 95, "TEHNICIAN MECANIC PENTRU INTRETINERE SI REPARATII": 208, "TEHNICIAN IN AUTOMATIZARI": 110, "TEHNICIAN PRELUCRARI MECANICE": 2, "TEHNICIAN OPERATOR TEHNICA DE CALCUL": 27, "TEHNICIAN INSTALATOR PENTRU CONSTRUCTII": 70, "TEHNICIAN VETERINAR": 39, "TEHNICIAN IN INDUSTRIA TEXTILA": 133, "TEHNICIAN IN AGRICULTURA": 70, "ARHITECTURA, ARTE AMBIENTALE SI DESIGN": 65, "TEHNICIAN PROIECTANT CAD": 41, "TEHNICIAN ELECTROTEHNIST": 34, "TEHNICIAN METROLOG": 1, "TEHNICIAN IN INSTALATII ELECTRICE": 28, "MUZICA": 88, "TEHNICIAN IN AGROTURISM": 118, "TEOLOGIE ORTODOXA": 156, "TEHNICIAN HORTICULTOR": 1, "TEHNICIAN AGRONOM": 14, "TEHNICIAN IN INDUSTRIA PIELARIEI": 24, "ARTA ACTORULUI": 50, "TEHNICIAN PENTRU ANIMALE DE COMPANIE": 2, "ARTE PLASTICE SI DECORATIVE": 104, "TEHNICIAN TRANSPORTURI": 4, "TEHNICIAN IN PRELUCRAREA LEMNULUI": 3, "TEHNICIAN CONSTRUCTII NAVALE": 8, "TEHNICIAN DE TELECOMUNICATII": 30, "TEHNICIAN OPERATOR PROCESARE TEXT IMAGINE": 2, "TEHNICIAN DESENATOR PENTRU CONSTRUCTII SI INSTALATII": 1}, "limba_moderna": {"LIMBA ENGLEZA": 8598, "LIMBA FRANCEZA": 711, "LIMBA RUSA": 70}, "limba_materna": {"LIMBA ROMANA": 9379}, "promotie_anterioara": {"NU": 7860, "DA": 1519}, "materii": {"LIMBA ROMANA": {"medie": 6.438191704872555, "reusita": 61.083271137647934, "cnt": 9379}, "MATEMATICA MATE-INFO": {"medie": 7.103427818061962, "reusita": 70.00659195781147, "cnt": 1517}, "BIOLOGIE VEGETALA SI ANIMALA": {"medie": 4.4043464858199775, "reusita": 31.2577065351418, "cnt": 1622}, "GENERAL": {"medie": 6.372919287770562, "reusita": 60.3369229128905, "cnt": 9379}, "CHIMIE ORGANICA TEO NIVEL I/II": {"medie": 8.642241379310347, "reusita": 95.97701149425288, "cnt": 174}, "INFORMATICA MI C/C++": {"medie": 7.822580645161293, "reusita": 87.09677419354838, "cnt": 93}, "CHIMIE ANORGANICA TEO NIVEL I/II": {"medie": 6.893043478260865, "reusita": 68.69565217391305, "cnt": 115}, "ISTORIE": {"medie": 6.81685508735868, "reusita": 63.891743747858854, "cnt": 2919}, "GEOGRAFIE": {"medie": 6.97732142857143, "reusita": 75.74404761904762, "cnt": 3360}, "PSIHOLOGIE": {"medie": 7.567857142857142, "reusita": 87.5, "cnt": 56}, "MATEMATICA ST-NAT": {"medie": 7.394426406926405, "reusita": 76.19047619047619, "cnt": 924}, "ANATOMIE SI FIZIOLOGIE UMANA, GENETICA SI ECOLOGIE UMANA": {"medie": 7.1153250620347475, "reusita": 73.64764267990076, "cnt": 2015}, "FIZICA TEO": {"medie": 8.336327077747988, "reusita": 93.02949061662198, "cnt": 373}, "FILOSOFIE": {"medie": 8.507692307692308, "reusita": 84.61538461538461, "cnt": 13}, "MATEMATICA TEHN": {"medie": 4.514025336090996, "reusita": 33.91933815925543, "cnt": 3868}, "FIZICA TEH": {"medie": 3.387228260869566, "reusita": 17.391304347826086, "cnt": 184}, "INFORMATICA SN C/C++": {"medie": 6.75, "reusita": 100.0, "cnt": 1}, "ECONOMIE": {"medie": 7.501239669421486, "reusita": 80.99173553719008, "cnt": 121}, "LOGICA, ARGUMENTARE SI COMUNICARE": {"medie": 7.852303262955853, "reusita": 85.70057581573897, "cnt": 1042}, "MATEMATICA PED": {"medie": 7.339072847682121, "reusita": 80.13245033112582, "cnt": 151}, "SOCIOLOGIE": {"medie": 8.496732026143784, "reusita": 96.73202614379085, "cnt": 153}, "INFORMATICA MI PASCAL": {"medie": 6.096153846153846, "reusita": 53.84615384615385, "cnt": 13}, "CHIMIE ANORGANICA TEH NIVEL I/II": {"medie": 3.425000000000001, "reusita": 3.3333333333333335, "cnt": 30}, "CHIMIE ORGANICA TEH NIVEL I/II": {"medie": 4.375, "reusita": 35.714285714285715, "cnt": 14}}, "nume": "Tulcea"}