{"specializari": {"STIINTE ALE NATURII": 4498, "TEHNICIAN IN INDUSTRIA ALIMENTARA": 299, "MATEMATICA-INFORMATICA": 2847, "TEHNICIAN IN ACTIVITATI ECONOMICE": 1211, "TEHNICIAN ANALIZE PRODUSE ALIMENTARE": 379, "FILOLOGIE": 2413, "TEHNICIAN IN TURISM": 622, "TEHNICIAN IN ADMINISTRATIE": 324, "ARTE PLASTICE SI DECORATIVE": 193, "MUZICA": 219, "TEHNICIAN IN AGROTURISM": 4, "TEHNICIAN HIDRO-METEOROLOG": 119, "TEHNICIAN IN AUTOMATIZARI": 297, "TEHNICIAN ELECTRICIAN/ELECTRONIST AUTO": 43, "TEHNICIAN DE TELECOMUNICATII": 62, "TEHNICIAN ECOLOG SI PROTECTIA CALITATII MEDIULUI": 820, "TEHNICIAN ELECTRONIST": 1, "TEHNICIAN TRANSPORTURI": 487, "TEHNICIAN MECATRONIST": 533, "TEHNICIAN OPERATOR TEHNICA DE CALCUL": 471, "TEHNICIAN IN INSTALATII ELECTRICE": 730, "TEHNICIAN ELECTROTEHNIST": 246, "TEHNICIAN IN GASTRONOMIE": 293, "TEHNICIAN ELECTROMECANIC": 55, "TEHNICIAN IN CHIMIE INDUSTRIALA": 30, "TEHNICIAN CHIMIST DE LABORATOR": 63, "LICEU CU PROGRAM SPORTIV": 504, "TEHNICIAN MECANIC PENTRU INTRETINERE SI REPARATII": 607, "TEHNICIAN PROIECTANT CAD": 259, "TEHNICIAN IN INDUSTRIA TEXTILA": 199, "TEHNICIAN IN SILVICULTURA SI EXPLOATARI FORESTIERE": 195, "TEHNICIAN IN ACTIVITATI DE COMERT": 222, "STIINTE SOCIALE": 1589, "INVATATOR - EDUCATOARE": 205, "TEOLOGIE ORTODOXA": 159, "TEHNICIAN PRELUCRARI LA CALD": 12, "TEHNICIAN IN AGRICULTURA": 18, "TEHNICIAN IN CONSTRUCTII SI LUCRARI PUBLICE": 75, "TEHNICIAN DESIGNER MOBILA SI AMENAJARI INTERIOARE": 75, "TEHNICIAN AGROMONTAN": 99, "TEHNICIAN VETERINAR": 120, "TEHNICIAN DESENATOR PENTRU CONSTRUCTII SI INSTALATII": 19, "TEHNICIAN IN PRELUCRAREA LEMNULUI": 13, "TEHNICIAN IN HOTELARIE": 45, "ORGANIZATOR BANQUETING": 86, "TEHNICIAN DESIGNER VESTIMENTAR": 13, "TEHNICIAN INSTALATOR PENTRU CONSTRUCTII": 10, "TEHNICIAN PENTRU ANIMALE DE COMPANIE": 1, "COAFOR STILIST": 35, "TEHNICIAN VETERINAR PENTRU ANIMALE DE COMPANIE": 1, "TEHNICIAN OPERATOR PROCESARE TEXT IMAGINE": 3}, "limba_moderna": {"LIMBA ENGLEZA": 18560, "LIMBA FRANCEZA": 3223, "LIMBA GERMANA MODERNA": 40}, "limba_materna": {"LIMBA ROMANA": 21823}, "promotie_anterioara": {"NU": 18601, "DA": 3222}, "materii": {"LIMBA ROMANA": {"medie": 6.637770242404888, "reusita": 64.54199697566787, "cnt": 21823}, "MATEMATICA MATE-INFO": {"medie": 8.012627327010872, "reusita": 84.36951176677205, "cnt": 2847}, "BIOLOGIE VEGETALA SI ANIMALA": {"medie": 4.240669474617606, "reusita": 27.55486588339614, "cnt": 4511}, "GENERAL": {"medie": 6.517779712535677, "reusita": 62.50286395087752, "cnt": 21823}, "CHIMIE ORGANICA TEO NIVEL I/II": {"medie": 8.95240240240241, "reusita": 95.1951951951952, "cnt": 333}, "INFORMATICA MI C/C++": {"medie": 8.704575707154737, "reusita": 96.00665557404326, "cnt": 601}, "CHIMIE ANORGANICA TEO NIVEL I/II": {"medie": 7.537999999999999, "reusita": 88.0, "cnt": 25}, "ISTORIE": {"medie": 7.192436478235151, "reusita": 73.66555052196179, "cnt": 5077}, "GEOGRAFIE": {"medie": 7.620085205267223, "reusita": 84.61657629744384, "cnt": 6455}, "PSIHOLOGIE": {"medie": 7.972037037037036, "reusita": 87.4074074074074, "cnt": 270}, "MATEMATICA ST-NAT": {"medie": 6.318041351711892, "reusita": 60.515784793241444, "cnt": 4498}, "ANATOMIE SI FIZIOLOGIE UMANA, GENETICA SI ECOLOGIE UMANA": {"medie": 6.9823520345252765, "reusita": 71.00801479654747, "cnt": 6488}, "FIZICA TEO": {"medie": 8.659760273972598, "reusita": 94.6917808219178, "cnt": 1168}, "FILOSOFIE": {"medie": 8.081818181818184, "reusita": 100.0, "cnt": 22}, "MATEMATICA TEHN": {"medie": 4.716088516746414, "reusita": 35.308829926054806, "cnt": 9196}, "FIZICA TEH": {"medie": 6.049173553719014, "reusita": 56.74931129476584, "cnt": 363}, "INFORMATICA SN C/C++": {"medie": 8.09047619047619, "reusita": 80.95238095238095, "cnt": 21}, "ECONOMIE": {"medie": 7.765765765765764, "reusita": 85.13513513513513, "cnt": 222}, "LOGICA, ARGUMENTARE SI COMUNICARE": {"medie": 8.249716981132082, "reusita": 88.11320754716981, "cnt": 530}, "MATEMATICA PED": {"medie": 9.099024390243903, "reusita": 99.51219512195122, "cnt": 205}, "SOCIOLOGIE": {"medie": 7.704991948470208, "reusita": 86.47342995169082, "cnt": 621}, "INFORMATICA MI PASCAL": {"medie": 8.049206349206349, "reusita": 82.53968253968253, "cnt": 63}, "CHIMIE ANORGANICA TEH NIVEL I/II": {"medie": 5.001898734177218, "reusita": 34.177215189873415, "cnt": 79}, "CHIMIE ORGANICA TEH NIVEL I/II": {"medie": 4.670731707317072, "reusita": 34.146341463414636, "cnt": 41}, "INFORMATICA SN PASCAL": {"medie": 7.015000000000001, "reusita": 70.0, "cnt": 10}}, "nume": "V\u00e2lcea"}