{"specializari": {"MATEMATICA-INFORMATICA": 2147, "TEHNICIAN IN INDUSTRIA TEXTILA": 166, "INVATATOR - EDUCATOARE": 347, "TEHNICIAN ANALIZE PRODUSE ALIMENTARE": 350, "TEHNICIAN IN ACTIVITATI ECONOMICE": 1625, "FILOLOGIE": 3213, "INSTRUCTOR PENTRU ACTIVITATI EXTRASCOLARE": 108, "LICEU CU PROGRAM SPORTIV": 750, "TEHNICIAN IN TURISM": 778, "STIINTE ALE NATURII": 2824, "MUZICA": 142, "STIINTE SOCIALE": 3582, "TEHNICIAN PROIECTANT CAD": 321, "ARTE PLASTICE SI DECORATIVE": 189, "TEHNICIAN OPERATOR TEHNICA DE CALCUL": 267, "TEHNICIAN DESIGNER VESTIMENTAR": 174, "TEHNICIAN ECOLOG SI PROTECTIA CALITATII MEDIULUI": 342, "TEHNICIAN IN CONSTRUCTII SI LUCRARI PUBLICE": 56, "TEHNICIAN MECATRONIST": 140, "TEHNICIAN ELECTRONIST": 57, "TEHNICIAN HORTICULTOR": 218, "TEHNICIAN MECANIC PENTRU INTRETINERE SI REPARATII": 357, "TEHNICIAN ELECTROTEHNIST": 49, "TEHNICIAN ELECTRICIAN/ELECTRONIST AUTO": 53, "TEHNICIAN IN INSTALATII ELECTRICE": 73, "TEHNICIAN IN ACTIVITATI DE COMERT": 260, "TEHNICIAN TRANSPORTURI": 126, "TEHNICIAN IN INDUSTRIA ALIMENTARA": 116, "TEHNICIAN IN HOTELARIE": 158, "TEHNICIAN DE TELECOMUNICATII": 84, "ORGANIZATOR BANQUETING": 172, "TEOLOGIE ORTODOXA": 94, "TEHNICIAN IN GASTRONOMIE": 204, "TEHNICIAN IN ADMINISTRATIE": 110, "TEHNICIAN IN AGRICULTURA": 109, "COAFOR STILIST": 150, "TEHNICIAN OPERATORI ROBOTI INDUSTRIALI": 24, "TEHNICIAN VETERINAR": 127, "TEHNICIAN AGRONOM": 72, "TEHNICIAN DESIGNER MOBILA SI AMENAJARI INTERIOARE": 3, "TEHNICIAN ZOOTEHNIST": 37, "TEHNICIAN DESENATOR PENTRU CONSTRUCTII SI INSTALATII": 32, "TEHNICIAN VETERINAR PENTRU ANIMALE DE COMPANIE": 2, "TEHNICIAN OPERATOR PROCESARE TEXT IMAGINE": 93, "TEHNICIAN HIDRO-METEOROLOG": 2, "TEHNICIAN IN AUTOMATIZARI": 36, "TEHNICIAN IN INDUSTRIA PIELARIEI": 2, "TEHNICIAN PRELUCRARI MECANICE": 9, "TEHNICIAN PRELUCRARI PE MASINI CU COMANDA NUMERICA": 39, "TEHNICIAN ELECTROMECANIC": 1, "TEHNICIAN IN MORARIT, PANIFICATIE SI PRODUSE FAINOASE": 2}, "limba_moderna": {"LIMBA ENGLEZA": 17181, "LIMBA FRANCEZA": 2668, "LIMBA SPANIOLA": 401, "LIMBA RUSA": 26, "LIMBA ITALIANA": 93, "LIMBA GERMANA MODERNA": 23}, "limba_materna": {"LIMBA ROMANA": 20392}, "promotie_anterioara": {"NU": 17703, "DA": 2689}, "materii": {"LIMBA ROMANA": {"medie": 6.491450078462229, "reusita": 62.01451549627305, "cnt": 20392}, "MATEMATICA MATE-INFO": {"medie": 7.549580810433168, "reusita": 75.78015836050302, "cnt": 2147}, "BIOLOGIE VEGETALA SI ANIMALA": {"medie": 4.343940016433856, "reusita": 28.348397699260474, "cnt": 2434}, "GENERAL": {"medie": 6.657553942722656, "reusita": 64.99117300902316, "cnt": 20392}, "CHIMIE ORGANICA TEO NIVEL I/II": {"medie": 8.656000000000008, "reusita": 96.5, "cnt": 400}, "INFORMATICA MI C/C++": {"medie": 8.46206171107995, "reusita": 90.18232819074333, "cnt": 713}, "CHIMIE ANORGANICA TEO NIVEL I/II": {"medie": 7.252, "reusita": 78.66666666666666, "cnt": 75}, "ISTORIE": {"medie": 7.06760118826586, "reusita": 68.15199900977844, "cnt": 8079}, "GEOGRAFIE": {"medie": 7.037160674981648, "reusita": 75.42186353631695, "cnt": 5452}, "PSIHOLOGIE": {"medie": 7.7265171503957815, "reusita": 86.2796833773087, "cnt": 379}, "MATEMATICA ST-NAT": {"medie": 7.303169263456091, "reusita": 73.90226628895185, "cnt": 2824}, "ANATOMIE SI FIZIOLOGIE UMANA, GENETICA SI ECOLOGIE UMANA": {"medie": 7.19847207586932, "reusita": 73.8145416227608, "cnt": 3796}, "FIZICA TEO": {"medie": 8.237313131313133, "reusita": 89.4949494949495, "cnt": 495}, "FILOSOFIE": {"medie": 8.065116279069768, "reusita": 81.3953488372093, "cnt": 43}, "MATEMATICA TEHN": {"medie": 4.840929235167963, "reusita": 36.32594710507505, "cnt": 6995}, "FIZICA TEH": {"medie": 3.8925531914893607, "reusita": 19.680851063829788, "cnt": 188}, "INFORMATICA SN C/C++": {"medie": 8.024698795180722, "reusita": 80.72289156626506, "cnt": 83}, "ECONOMIE": {"medie": 8.855555555555563, "reusita": 94.87179487179486, "cnt": 117}, "LOGICA, ARGUMENTARE SI COMUNICARE": {"medie": 7.993177943990237, "reusita": 86.5541833362324, "cnt": 5749}, "MATEMATICA PED": {"medie": 6.75648414985591, "reusita": 71.75792507204612, "cnt": 347}, "SOCIOLOGIE": {"medie": 8.161267605633803, "reusita": 90.14084507042254, "cnt": 142}, "INFORMATICA MI PASCAL": {"medie": 6.8928571428571415, "reusita": 78.57142857142857, "cnt": 14}, "CHIMIE ANORGANICA TEH NIVEL I/II": {"medie": 4.898058608058607, "reusita": 30.76923076923077, "cnt": 273}, "CHIMIE ORGANICA TEH NIVEL I/II": {"medie": 3.4102564102564097, "reusita": 12.82051282051282, "cnt": 39}}, "nume": "Vaslui"}