{"specializari": {"TEHNICIAN IN ACTIVITATI ECONOMICE": 1147, "MATEMATICA-INFORMATICA": 2243, "TEHNICIAN OPERATOR TEHNICA DE CALCUL": 316, "STIINTE SOCIALE": 1586, "TEHNICIAN IN AUTOMATIZARI": 173, "TEHNICIAN ECOLOG SI PROTECTIA CALITATII MEDIULUI": 581, "STIINTE ALE NATURII": 1373, "TEHNICIAN DE TELECOMUNICATII": 247, "TEHNICIAN IN SILVICULTURA SI EXPLOATARI FORESTIERE": 13, "TEHNICIAN ELECTROMECANIC": 248, "TEHNICIAN ELECTRONIST": 121, "TEHNICIAN IN INDUSTRIA ALIMENTARA": 254, "TEHNICIAN IN INSTALATII ELECTRICE": 153, "TEHNICIAN IN TURISM": 562, "TEHNICIAN PRELUCRARI MECANICE": 45, "TEHNICIAN PROIECTANT CAD": 139, "TEHNICIAN MECATRONIST": 235, "TEHNICIAN TRANSPORTURI": 586, "TEHNICIAN PROIECTANT PRODUSE FINITE DIN LEMN": 13, "TEHNICIAN DESENATOR PENTRU CONSTRUCTII SI INSTALATII": 82, "TEHNICIAN MECANIC PENTRU INTRETINERE SI REPARATII": 79, "TEHNICIAN IN GASTRONOMIE": 617, "FILOLOGIE": 2610, "TEHNICIAN ANALIZE PRODUSE ALIMENTARE": 151, "ORGANIZATOR BANQUETING": 353, "TEHNICIAN VETERINAR": 112, "INVATATOR - EDUCATOARE": 269, "TEHNICIAN AGROMONTAN": 35, "TEHNICIAN DESIGNER VESTIMENTAR": 121, "TEHNICIAN IN ACTIVITATI DE COMERT": 44, "TEHNICIAN IN INDUSTRIA TEXTILA": 51, "TEHNICIAN ELECTRICIAN/ELECTRONIST AUTO": 196, "ARTE PLASTICE SI DECORATIVE": 221, "TEHNICIAN HORTICULTOR": 26, "MUZICA": 158, "TEHNICIAN IN ACHIZITII SI CONTRACTARI": 369, "LICEU CU PROGRAM SPORTIV": 549, "TEHNICIAN IN ADMINISTRATIE": 202, "ARHITECTURA, ARTE AMBIENTALE SI DESIGN": 209, "TEHNICIAN DESIGNER MOBILA SI AMENAJARI INTERIOARE": 60, "TEHNICIAN IN HOTELARIE": 25, "TEHNICIAN HIDRO-METEOROLOG": 16, "TEHNICIAN OPERATOR PROCESARE TEXT IMAGINE": 10, "TEHNICIAN ELECTROTEHNIST": 1, "TEHNICIAN IN AGROTURISM": 8, "COAFOR STILIST": 59, "TEHNICIAN IN CONSTRUCTII SI LUCRARI PUBLICE": 1, "TEHNICIAN CHIMIST DE LABORATOR": 1, "TEOLOGIE ORTODOXA": 1}, "limba_moderna": {"LIMBA ENGLEZA": 14426, "LIMBA FRANCEZA": 2016, "LIMBA GERMANA MODERNA": 13, "LIMBA SPANIOLA": 184, "LIMBA ITALIANA": 32}, "limba_materna": {"LIMBA ROMANA": 16671}, "promotie_anterioara": {"NU": 13676, "DA": 2995}, "materii": {"LIMBA ROMANA": {"medie": 6.603500689820689, "reusita": 63.38551976486113, "cnt": 16671}, "MATEMATICA MATE-INFO": {"medie": 7.996879179670095, "reusita": 81.85465893892109, "cnt": 2243}, "BIOLOGIE VEGETALA SI ANIMALA": {"medie": 4.950018153526976, "reusita": 35.37344398340249, "cnt": 3856}, "GENERAL": {"medie": 6.662997820566625, "reusita": 63.40351508607762, "cnt": 16671}, "CHIMIE ORGANICA TEO NIVEL I/II": {"medie": 9.172512437810951, "reusita": 98.00995024875621, "cnt": 402}, "INFORMATICA MI C/C++": {"medie": 8.409148264984223, "reusita": 92.42902208201893, "cnt": 317}, "CHIMIE ANORGANICA TEO NIVEL I/II": {"medie": 7.528444444444439, "reusita": 80.0, "cnt": 225}, "ISTORIE": {"medie": 7.161173603299577, "reusita": 70.17247844019498, "cnt": 5334}, "GEOGRAFIE": {"medie": 7.653799894263821, "reusita": 83.54480570975417, "cnt": 7566}, "PSIHOLOGIE": {"medie": 7.649999999999998, "reusita": 83.17307692307693, "cnt": 208}, "MATEMATICA ST-NAT": {"medie": 6.683940276766206, "reusita": 64.45739257101238, "cnt": 1373}, "ANATOMIE SI FIZIOLOGIE UMANA, GENETICA SI ECOLOGIE UMANA": {"medie": 7.172126188418326, "reusita": 71.82368193604148, "cnt": 1157}, "FIZICA TEO": {"medie": 8.72067003792667, "reusita": 93.93173198482933, "cnt": 791}, "FILOSOFIE": {"medie": 6.925694444444444, "reusita": 69.44444444444444, "cnt": 72}, "MATEMATICA TEHN": {"medie": 5.291596886741815, "reusita": 42.860976918947934, "cnt": 7452}, "FIZICA TEH": {"medie": 5.048920086393091, "reusita": 38.66090712742981, "cnt": 463}, "INFORMATICA SN C/C++": {"medie": 8.033333333333333, "reusita": 88.88888888888889, "cnt": 9}, "ECONOMIE": {"medie": 8.154418604651163, "reusita": 89.76744186046511, "cnt": 215}, "LOGICA, ARGUMENTARE SI COMUNICARE": {"medie": 8.066365280289325, "reusita": 87.88426763110307, "cnt": 553}, "MATEMATICA PED": {"medie": 7.5189591078066895, "reusita": 82.15613382899627, "cnt": 269}, "SOCIOLOGIE": {"medie": 8.104768392370572, "reusita": 90.19073569482289, "cnt": 367}, "INFORMATICA MI PASCAL": {"medie": 8.093055555555557, "reusita": 91.66666666666666, "cnt": 36}, "CHIMIE ANORGANICA TEH NIVEL I/II": {"medie": 5.039900249376554, "reusita": 33.416458852867834, "cnt": 401}, "CHIMIE ORGANICA TEH NIVEL I/II": {"medie": 3.7464285714285706, "reusita": 21.428571428571427, "cnt": 28}, "INFORMATICA SN PASCAL": {"medie": 7.55, "reusita": 80.0, "cnt": 5}}, "nume": "Vrancea"}