{"specializari": {"MATEMATICA-INFORMATICA": 31468, "FILOLOGIE": 20884, "TEOLOGIE ORTODOXA": 981, "STIINTE ALE NATURII": 17460, "LICEU CU PROGRAM SPORTIV": 4066, "TEHNICIAN OPERATOR TEHNICA DE CALCUL": 3629, "TEHNICIAN IN ACTIVITATI ECONOMICE": 11510, "TEHNICIAN IN AUTOMATIZARI": 1812, "INVATATOR - EDUCATOARE": 1879, "TEHNICIAN IN ACHIZITII SI CONTRACTARI": 712, "TEHNICIAN IN TURISM": 4757, "TEHNICIAN IN ACTIVITATI DE COMERT": 2614, "COAFOR STILIST": 702, "TEHNICIAN IN GASTRONOMIE": 2498, "ORGANIZATOR BANQUETING": 1131, "TEHNICIAN IN HOTELARIE": 618, "STIINTE SOCIALE": 9418, "TEHNICIAN OPERATOR PROCESARE TEXT IMAGINE": 271, "TEHNICIAN IN ADMINISTRATIE": 1660, "TEHNICIAN IN INSTALATII ELECTRICE": 2864, "TEHNICIAN IN CONSTRUCTII SI LUCRARI PUBLICE": 784, "TEHNICIAN DESENATOR PENTRU CONSTRUCTII SI INSTALATII": 1337, "TEHNICIAN PROIECTANT CAD": 1658, "TEHNICIAN ELECTROMECANIC": 1138, "TEHNICIAN DESIGNER VESTIMENTAR": 1143, "TEHNICIAN MECANIC PENTRU INTRETINERE SI REPARATII": 3947, "TEHNICIAN ECOLOG SI PROTECTIA CALITATII MEDIULUI": 4197, "TEHNICIAN IN INDUSTRIA PIELARIEI": 51, "TEHNICIAN MECATRONIST": 3476, "TEHNICIAN IN INDUSTRIA TEXTILA": 1101, "TEHNICIAN VETERINAR": 605, "ARHITECTURA, ARTE AMBIENTALE SI DESIGN": 841, "TEHNICIAN HORTICULTOR": 150, "TEOLOGIE ROMANO-CATOLICA": 462, "TEHNICIAN ELECTRICIAN/ELECTRONIST AUTO": 874, "TEHNICIAN IN INDUSTRIA ALIMENTARA": 1163, "TEHNICIAN ANALIZE PRODUSE ALIMENTARE": 1399, "TEHNICIAN ELECTROTEHNIST": 1285, "TEHNICIAN TRANSPORTURI": 2877, "TEHNICIAN CHIMIST DE LABORATOR": 590, "TEHNICIAN IN PRELUCRAREA LEMNULUI": 476, "TEHNICIAN DE TELECOMUNICATII": 1035, "TEHNICIAN IN SILVICULTURA SI EXPLOATARI FORESTIERE": 884, "TEHNICIAN IN MORARIT, PANIFICATIE SI PRODUSE FAINOASE": 105, "TEOLOGIE PENTICOSTALA": 168, "TEHNICIAN IN AGRICULTURA": 818, "TEHNICIAN IN AGRICULTURA ECOLOGICA": 128, "ARTA ACTORULUI": 261, "TEHNICIAN ELECTRONIST": 448, "TEHNICIAN IN ACTIVITATI DE POSTA": 178, "MUZICA": 1139, "TEHNICIAN DESIGNER MOBILA SI AMENAJARI INTERIOARE": 497, "TEHNICIAN IN INDUSTRIA MATERIALELOR DE CONSTRUCTII": 29, "TEHNICIAN HIDRO-METEOROLOG": 84, "TEHNICIAN PRELUCRARI MECANICE": 335, "INSTRUCTOR PENTRU ACTIVITATI EXTRASCOLARE": 38, "ARTE PLASTICE SI DECORATIVE": 1281, "TEHNICIAN PENTRU ANIMALE DE COMPANIE": 59, "TEHNICIAN AGROMONTAN": 134, "TEHNICIAN AGRONOM": 236, "CONSERVARE - RESTAURARE": 14, "TEHNICIAN METROLOG": 136, "COREGRAFIE": 106, "TEHNICIAN IN CHIMIE INDUSTRIALA": 186, "TEOLOGIE GRECO-CATOLICA": 123, "TEHNICIAN INSTALATOR PENTRU CONSTRUCTII": 392, "TEHNICIAN IN AGROTURISM": 236, "TEHNICIAN PROIECTANT PRODUSE FINITE DIN LEMN": 163, "TEHNICIAN IN PRELUCRAREA PRODUSELOR DE ORIGINE ANIMALA": 82, "TEOLOGIE REFORMATA": 222, "TEHNICIAN PRELUCRARI LA CALD": 153, "TEOLOGIE BAPTISTA": 212, "TEOLOGIE UNITARIANA": 53, "TEOLOGIE ADVENTISTA": 133, "TEHNICIAN IN INDUSTRIA STICLEI SI CERAMICII": 33, "TEOLOGIE MUSULMANA": 10, "TEHNICIAN ENERGETICIAN": 46, "TEHNICIAN CONSTRUCTII NAVALE": 2, "TEHNICIAN OPERATOR TELEMATICA": 28, "TEHNICIAN ZOOTEHNIST": 68, "TEHNICIAN PRELUCRARI PE MASINI CU COMANDA NUMERICA": 58, "MUZICA BISERICEASCA": 57, "TEHNICIAN IN IND. ALIM. FERMENTATIVA SI IN PREL. LEGUMELOR SI FRUCTELOR": 22, "TEHNICIAN VETERINAR PENTRU ANIMALE DE COMPANIE": 23, "PATRIMONIU CULTURAL": 136, "PEDAGOG SCOLAR": 2, "TEHNICIAN POLIGRAF": 99, "TEHNICIAN OPERATORI ROBOTI INDUSTRIALI": 16, "TEHNICIAN PENTRU TEHNICI ARTISTICE - PATRIMONIU": 28, "TEHNICIAN PRODUCTIE FILM SI TELEVIZIUNE": 67, "TEHNICIAN AUDIO-VIDEO": 1, "TEHNICIAN AVIATIE": 32, "TEHNICIAN INSTALATII DE BORD (AVION)": 14, "BIBLIOTECAR DOCUMENTARIST": 3}, "limba_moderna": {"LIMBA ENGLEZA": 138224, "LIMBA SPANIOLA": 983, "LIMBA FRANCEZA": 19880, "LIMBA GERMANA MODERNA": 1510, "LIMBA RUSA": 199, "LIMBA ITALIANA": 474, "LIMBA JAPONEZA": 9, "LIMBA PORTUGHEZA": 20, "LIMBA TURCA MODERNA": 2}, "limba_materna": {"LIMBA ROMANA": 153426, "LIMBA GERMANA": 729, "LIMBA MAGHIARA": 6982, "LIMBA SLOVACA": 49, "LIMBA TURCA": 10, "LIMBA UCRAINEANA": 66, "LIMBA SARBA": 26, "LIMBA CROATA": 13}, "promotie_anterioara": {"NU": 129570, "DA": 31731}, "materii": {"LIMBA ROMANA": {"medie": 6.234596444202506, "reusita": 78.61761551385298, "cnt": 161301}, "MATEMATICA MATE-INFO": {"medie": 7.4027467216547915, "reusita": 87.29543360132193, "cnt": 31469}, "BIOLOGIE VEGETALA SI ANIMALA": {"medie": 5.057697335210873, "reusita": 51.578035099545005, "cnt": 41539}, "GENERAL": {"medie": 6.538737109868341, "reusita": 56.85457622705377, "cnt": 161301}, "CHIMIE ORGANICA TEO NIVEL I/II": {"medie": 8.5695325630252, "reusita": 98.42726081258192, "cnt": 3815}, "INFORMATICA MI C/C++": {"medie": 8.234901396877552, "reusita": 97.39860712822613, "cnt": 4882}, "CHIMIE ANORGANICA TEO NIVEL I/II": {"medie": 7.307833935018055, "reusita": 94.53630481667865, "cnt": 1391}, "ISTORIE": {"medie": 6.942762105368742, "reusita": 92.10856566352518, "cnt": 40639}, "GEOGRAFIE": {"medie": 7.5242496750451915, "reusita": 92.26589964844999, "cnt": 56322}, "PSIHOLOGIE": {"medie": 7.565274949083512, "reusita": 91.95171026156942, "cnt": 1491}, "MATEMATICA ST-NAT": {"medie": 6.358933914477597, "reusita": 78.82346202314126, "cnt": 17458}, "ANATOMIE SI FIZIOLOGIE UMANA, GENETICA SI ECOLOGIE UMANA": {"medie": 7.1958239758383264, "reusita": 83.61325635450251, "cnt": 26674}, "FIZICA TEO": {"medie": 7.598464524477025, "reusita": 94.69045571797076, "cnt": 4652}, "FILOSOFIE": {"medie": 7.747509829619933, "reusita": 92.82970550576184, "cnt": 781}, "MATEMATICA TEHN": {"medie": 5.538743217526611, "reusita": 61.83863948694457, "cnt": 69856}, "FIZICA TEH": {"medie": 3.970625345877162, "reusita": 32.398619499568596, "cnt": 4636}, "LIMBA GERMANA": {"medie": 7.930674002751036, "reusita": 98.49108367626886, "cnt": 729}, "INFORMATICA SN C/C++": {"medie": 7.844000000000001, "reusita": 94.66666666666667, "cnt": 75}, "ECONOMIE": {"medie": 7.164084507042257, "reusita": 88.11400848999394, "cnt": 1649}, "LOGICA, ARGUMENTARE SI COMUNICARE": {"medie": 8.637420294823427, "reusita": 96.44194756554307, "cnt": 5874}, "MATEMATICA PED": {"medie": 7.714031999999997, "reusita": 90.36721660457691, "cnt": 1879}, "SOCIOLOGIE": {"medie": 7.801141718013778, "reusita": 95.14563106796116, "cnt": 2781}, "INFORMATICA MI PASCAL": {"medie": 7.89488906497622, "reusita": 97.07278481012658, "cnt": 1264}, "CHIMIE ANORGANICA TEH NIVEL I/II": {"medie": 5.084503282275716, "reusita": 52.512466436517066, "cnt": 2607}, "LIMBA MAGHIARA (REAL)": {"medie": 7.115962004097593, "reusita": 90.89759797724399, "cnt": 5537}, "CHIMIE ORGANICA TEH NIVEL I/II": {"medie": 5.242219321148825, "reusita": 57.30858468677494, "cnt": 862}, "LIMBA MAGHIARA (UMAN)": {"medie": 7.468509447165863, "reusita": 97.57785467128028, "cnt": 1445}, "LIMBA SLOVACA": {"medie": 7.767073170731709, "reusita": 83.6734693877551, "cnt": 49}, "LIMBA TURCA": {"medie": 7.1850000000000005, "reusita": 100.0, "cnt": 10}, "INFORMATICA SN PASCAL": {"medie": 7.349999999999999, "reusita": 100.0, "cnt": 6}, "LIMBA UCRAINEANA": {"medie": 8.185714285714287, "reusita": 95.45454545454545, "cnt": 66}, "LIMBA SARBA": {"medie": 7.021153846153846, "reusita": 100.0, "cnt": 26}, "LIMBA CROATA": {"medie": 8.092307692307692, "reusita": 100.0, "cnt": 13}}, "nume": "Rom\u00e2nia"}